{"type":"Topology","arcs":[[[83058,159098],[3,-134],[-72,-131],[-11,0],[-54,3],[17,-75],[-35,-41],[13,-41],[-26,-78],[17,-16],[29,-15],[54,-29],[4,-23],[-4,-24],[-25,-59],[42,-131],[7,-47],[2,-114],[1,-47],[-18,-137],[-96,-102],[-61,-13],[-31,76],[-6,51],[-5,54],[-83,39],[-65,-3],[-11,-1],[-15,9],[-127,74],[-119,-113],[-61,-95],[0,-45],[0,-63],[-90,7],[-70,-37],[-43,14],[-59,19],[-99,-26],[-82,19],[-43,-63],[-109,-34],[50,-165],[1,-4],[4,-109],[-21,-29],[-26,-34],[4,-51],[2,-26],[-17,-35],[-27,-54],[-2,-59],[-1,-44],[18,-27],[-13,-55],[-50,-42],[-62,-3],[-39,20],[-106,52],[-91,-70],[-139,-18],[-2,-3],[-43,-39],[-110,22]],[[81057,156953],[2,94],[-52,38],[-3,2],[-61,116],[-5,63],[-5,62],[-54,92],[-141,107],[-94,3],[-33,-50],[-40,-60],[-36,-6],[-96,-17],[-67,-105],[-62,-30],[-37,-75],[-5,-10],[-24,-15],[-40,-24],[-86,-134],[-8,-92],[-6,-65],[-31,48],[-7,11],[-107,70],[-118,11],[-78,-27],[-15,-24],[-29,-44],[-51,16],[-44,13],[2,-58],[2,-40],[-19,-68],[-23,-50],[-60,-128],[2,-99],[1,-35],[-40,-141],[12,-91],[-52,-52],[-202,5],[-41,77],[-20,38],[-75,-42],[-24,-37],[-25,-37],[-59,-16],[-55,-15],[-39,-44],[-44,-50],[-16,4],[-5,5],[-13,14],[-13,-31],[-12,-26],[-43,-25],[-108,16],[-22,9],[-5,2],[-46,17],[-111,-13],[-12,-6],[-56,-47],[-43,-37],[-156,49],[-90,-34],[-83,34],[-6,35],[-10,17],[-27,48],[-124,6],[-106,-71],[-13,-113],[-31,-266],[-51,-14],[-121,30],[-168,43],[-86,-30],[-34,-12],[-26,15],[-42,23],[-19,-23],[-10,-100],[-2,-28],[-70,-186],[-32,23],[-64,48],[-108,-25],[-47,-38],[-41,-34],[-163,37],[-9,16],[-45,85],[-160,30],[-52,-5],[-105,-9],[-83,38],[-45,60],[-66,38],[-165,95],[-240,-155],[-42,-96],[-9,-72],[-2,-19],[-6,-5],[-53,-46],[-5,-19],[-23,-98],[-82,-188],[4,-108],[1,-55],[-246,-91],[-48,19],[-69,28],[-81,-14],[-48,-8],[-27,34],[-98,125],[-106,-12],[-37,-5],[-6,38],[-14,91],[-93,5],[-20,1],[-26,40],[-48,75],[-157,109],[-20,14],[-26,19],[-25,111],[-54,115],[16,40],[16,44],[0,56],[-55,54],[-12,50],[-84,24],[-39,-65],[-12,-20],[-46,-4],[-92,-39],[-68,45],[-132,88],[-40,-4],[-52,-7],[-48,55],[-37,42],[-20,-61],[-40,-41],[2,-80],[-21,-86],[5,-26],[17,-89],[-41,-66],[-29,-9],[-72,-21],[-9,-9],[-30,-33],[-96,-27],[-46,65],[-40,57],[-31,2],[-42,3],[-20,49],[-12,28],[-115,74],[-32,-34],[-26,-27],[-82,14],[-49,8],[-67,-243],[1,-32],[0,-1],[1,-19],[4,-63],[-44,28],[-16,10],[-46,6],[-90,13],[-65,83],[-87,109],[-28,-24],[-50,-43],[-171,50],[-14,40],[-27,79],[-94,59],[-68,92],[-31,-59],[-65,-124],[-67,-8],[-24,-2],[-40,-32],[19,-59],[12,-39],[-20,-97],[-49,-12],[-27,-7],[-20,-4],[1,-58],[2,-113],[-80,-97],[-78,20],[-9,3],[-4,-5],[-78,-81],[-64,19],[-37,36],[-25,24],[-32,-4],[-7,-75],[28,-71],[1,-83],[89,-12],[140,-21],[-20,-98],[-14,-64],[10,-17],[38,-70],[-52,-2],[-20,-19],[-15,-6],[-11,-10],[-70,-12],[-111,-19],[-39,-40],[-20,-50],[-12,-33],[-59,36],[-57,35],[-13,-4],[-48,-17],[-91,-41],[-20,-37],[-29,-54],[-160,20],[-31,17],[-39,20],[-36,-5],[-114,-15],[-30,45],[-22,32],[-41,-19],[-44,-20],[-49,39],[-18,14],[-309,-32],[-52,-27],[-81,-42],[-20,4],[-37,6],[-99,-130],[-65,-87],[-55,-120],[-99,5],[22,72],[7,23],[-33,70],[-308,153]],[[68988,154269],[-70,13],[-37,120],[15,46],[12,34],[15,67],[-12,153],[-162,243],[-101,83],[-77,-16],[-8,-2],[-100,24],[-173,207],[-12,49],[-19,80],[-15,65],[-35,38],[-28,-10],[-34,-73],[5,-82],[1,-18],[13,-192],[-45,-31],[-82,88],[-43,108],[-22,27],[-26,33],[-1,72],[42,38],[10,9],[17,43],[14,35],[23,-32],[25,-36],[45,32],[18,150],[-7,48],[-9,65],[32,11],[22,8],[5,40],[1,3],[2,2],[28,15],[1,36],[1,28],[26,18],[29,21],[12,36],[12,37],[26,-45],[70,-13],[12,-17],[31,-48],[46,60],[51,65],[29,38],[37,4],[99,12],[52,99],[137,135],[79,86],[29,191],[-55,103],[-22,40],[-6,33],[-13,60],[-41,19],[-31,15],[-77,118],[-28,4],[-3,33],[-5,44],[-28,-27],[-26,-133],[-2,-8],[-5,-7],[-41,-58],[2,-31],[5,-49],[-48,-18],[-51,-18],[-35,-45],[-13,-16],[-69,-76],[-51,-7],[-40,-6],[-15,-34],[-17,-38],[-103,39],[-17,67],[-6,25],[-12,9],[-60,42],[-41,157],[29,107],[39,69],[22,40],[-4,67],[-34,94],[-41,-4],[-46,-5],[-44,59],[-51,-3],[-28,75],[-26,68],[-35,-9],[-5,-10],[-25,-60],[-75,127],[-71,35],[-113,166],[-47,227],[42,304],[1,3],[27,55],[-68,9],[-23,-27],[-24,-28],[-48,-5],[-76,24],[-42,95],[-56,128],[-7,17],[-46,28],[-42,25],[-8,158],[5,21],[14,59],[-11,76],[16,88],[-37,59],[-35,55],[-86,-58],[-28,-19],[-13,21],[-12,20],[-19,10],[-59,31],[-31,131],[35,44],[33,41],[-25,65],[-10,27],[34,165],[160,0],[12,-7],[83,-49],[145,21],[10,23],[-9,21],[-6,16],[15,4],[24,7],[-3,43],[-3,30],[23,20],[24,20],[3,44],[3,46],[60,80],[111,117],[10,-4],[26,-8],[54,62],[-2,39],[-2,47],[25,96],[-9,160],[60,166],[21,58],[4,103]],[[67725,160626],[60,49],[-10,27],[-14,37],[29,35],[64,-21],[84,-28],[237,83],[53,56],[9,24],[15,41],[32,-24],[31,-23],[24,17],[29,21],[55,-12],[16,-19],[32,-38],[45,30],[7,5],[58,-8],[6,-5],[78,-56],[55,42],[2,2],[27,-1],[50,-4],[4,-5],[22,-32],[71,22],[36,11],[71,-40],[15,-26],[30,-48],[46,6],[8,1],[21,2],[102,2],[21,25],[0,43],[1,13],[95,37],[18,-30],[17,-29],[32,14],[42,17],[87,-22],[33,-43],[22,-29],[26,20],[60,44],[62,7],[39,-15],[1,-1],[69,-27],[110,67],[10,6],[226,51],[33,-52],[22,-35],[37,-13],[7,4],[36,24],[4,-51],[2,-20],[42,-35],[40,12],[82,24],[90,-15],[43,-36],[61,14],[28,-46],[16,-25],[38,20],[32,16],[27,-10],[38,-15],[15,7],[40,18],[33,14],[20,-9],[30,-14],[37,21],[22,13],[20,-9],[27,-11],[-1,56],[0,52],[27,86],[52,-13],[14,-33],[2,-4],[17,-7],[62,-26],[49,-42],[52,-46],[43,7],[8,9],[31,35],[158,6],[103,-30],[22,-33],[2,-3],[93,-8],[55,29],[24,23],[42,39],[75,13],[103,19],[45,47],[15,16],[27,3],[32,3],[36,27],[63,48],[44,0],[29,0],[60,67],[6,34],[11,66],[40,-27],[57,-38],[22,-35],[30,-48],[25,6],[41,9],[30,-63],[8,-18],[10,4],[26,9],[22,52],[17,-7],[-7,-99],[-1,-14],[30,-40],[35,17],[70,33],[91,-9],[103,-34],[32,-51],[2,-4],[7,2],[39,9],[8,-19],[10,-24],[80,10],[28,29],[4,3],[3,-1],[50,-16],[56,48],[17,15],[34,1],[0,0],[72,13],[69,53],[94,68],[5,21],[8,34],[41,24],[57,8],[29,-53],[89,-25],[12,-24],[10,-20],[33,24],[36,25],[88,0],[75,1],[66,50],[21,41],[25,48],[16,-4],[32,-8],[17,-32],[-4,32],[-37,16],[-17,8],[-33,10],[-4,26],[63,27],[48,-10],[6,-2],[68,76],[6,37],[10,59],[-6,12],[-15,29],[12,33],[49,-1],[2,0],[0,0],[28,31],[51,-15],[60,-17],[106,115],[30,9],[12,40],[-3,28],[-3,31],[-7,60],[56,68],[52,-8],[53,-115],[17,-36],[12,-28],[19,0],[8,11],[11,17],[10,15],[15,-15],[20,-20],[23,13],[5,-21],[5,-30],[7,-36],[40,15],[29,10],[15,-30],[12,-25],[33,-7],[31,-6],[-2,-56],[-27,-52],[-20,-40],[39,-27],[15,-11],[73,-49],[-8,-50],[26,-30],[27,-33],[21,-60],[12,-38],[53,-8],[8,-1],[3,-4],[66,-92],[138,-47],[25,30],[2,0],[60,4],[-5,-55],[-7,-78],[26,-80],[34,11],[1,0],[0,-2],[-18,-68],[11,-24],[120,-7],[47,44],[6,6],[5,-3],[73,-46],[72,77],[71,6],[33,32],[17,17],[20,-18],[47,-44],[98,-21],[260,21],[110,-36],[40,29],[45,31],[49,-29],[62,6],[25,-25],[19,-19],[41,20],[101,48],[177,-6],[48,-1],[54,17],[74,24],[66,-36],[6,-53],[4,-31],[88,-82],[31,16],[37,18],[19,-13],[15,-11],[57,-41],[69,25],[99,-10],[106,-3],[12,2],[82,19],[177,-164],[1,-49],[0,-77],[110,-66],[44,-74],[71,-56],[31,-24],[4,-18],[9,-42],[49,-60],[111,30],[33,9],[19,-1],[120,-12],[127,16],[99,42],[51,22],[21,-31],[30,-42],[101,-11],[86,-9],[36,-41],[42,-47],[34,16],[21,10],[36,-33],[27,-25],[88,-22],[341,-14],[30,15],[16,9],[74,-10],[143,-17],[28,16],[30,17],[6,-21],[5,-16],[77,-51],[193,-72],[58,-50],[130,1],[11,11],[35,38],[36,-65],[17,-31],[129,-24],[128,-24],[150,-30],[84,-47],[53,-55],[44,-45],[54,9],[35,5],[53,-38],[26,-19],[60,-3],[141,-7],[39,-20],[91,-47],[183,-48],[266,14],[7,0],[1,-2],[22,-46],[94,-37],[31,61],[3,7],[44,-9],[25,33],[50,2],[151,-74]],[[81275,159561],[-10,-24],[-32,4],[17,47],[25,-27]],[[73814,161066],[-13,-8],[-22,9],[30,51],[10,-33],[-5,-19]],[[99530,128851],[86,-7],[17,-46],[64,-13],[60,-84],[21,-42],[140,-286],[19,-14],[99,-77],[9,-7],[139,-202],[0,-42],[-42,-26],[-51,17],[-39,13],[-56,-156],[24,-167],[43,-76],[37,24],[18,139],[6,14],[34,86],[64,46],[149,-132],[47,-106],[41,-60],[90,-134],[146,-170],[50,-58],[84,-73],[87,-153],[34,-59],[194,-241],[55,22],[36,59],[18,29],[71,17],[130,-107],[93,-76],[109,61],[105,58],[-20,-321],[1,-77],[-40,-124]],[[101702,126300],[-47,-107],[20,-70],[65,-97],[145,-104],[55,-39],[13,-27],[-42,-47],[-28,-31],[23,-52],[11,-25],[5,-34],[4,-25],[18,-34],[51,-99],[14,-38],[5,-35],[8,-23],[13,-25],[3,-20],[19,-36],[29,-76],[16,-31],[7,-73],[4,-46],[12,-55],[15,-52],[76,-44],[33,2],[91,30],[37,13],[182,-62],[132,-23],[64,-42],[49,-36],[36,-28],[82,-23],[251,64],[94,-3],[78,64],[30,24],[54,-1]],[[103429,124934],[11,-104],[97,-113],[30,-169]],[[103567,124548],[-73,-81],[-105,-51],[-185,-92],[-30,-46],[-6,-170],[42,-56],[4,-15],[23,-78],[-13,-174],[-8,-97],[1,-50],[0,-63],[14,-25],[-16,-32],[-5,-136],[-15,-45],[-20,-60],[-25,-79],[1,-50],[-13,-101],[-20,-154],[-105,-243],[-41,-51],[-55,-67],[-78,-160],[-79,-192],[23,-73],[0,-161],[36,-99],[20,-55],[-61,-130],[-46,-82],[-75,-54],[-97,-17],[-30,-4],[-37,15],[-42,12],[-29,24],[-74,61],[-95,43],[-62,39],[-100,-110],[-83,-99],[-33,-30],[-85,-112],[-113,-264],[-27,-98],[-29,-79],[-24,-108],[-20,-91],[-20,-61],[-17,-38],[-18,-52],[-49,-48],[-41,-27],[-41,0],[-4,-2],[-73,-27],[-50,-24],[15,-48],[3,-7],[-3,-11],[-10,-45],[-105,-41],[105,-28],[-10,-58],[18,-55],[1,-5],[-2,-10],[-20,-129],[18,-63],[-27,-47],[26,-54],[16,-34],[-6,-58],[-15,-27],[-11,6],[-30,17],[0,-36],[19,-24],[7,-10],[-16,-22],[-17,-23],[8,-10],[30,-40],[-40,-59],[-13,-143],[-47,-10],[-27,-6],[-11,-48],[39,-27],[11,-8],[-7,-20],[-15,-37],[42,-52],[-24,-36],[6,-32],[30,-18],[23,49],[32,-46],[24,-6],[23,-4],[-15,-36],[-30,-76]],[[101359,118952],[-65,-15],[-30,-22],[-56,-34],[-28,-31],[-128,-57],[-29,-30],[-62,-62],[-91,-88],[-166,-160],[-18,-21],[-56,-45],[-55,-34],[-25,-18],[-56,-32],[-34,-14],[-21,-5],[-21,-9],[-51,-37],[-35,-14],[-134,-81],[-125,-127],[-107,-30],[-31,-8],[-97,-127],[-48,-72],[-6,-20],[-16,-61],[-7,-37],[-1,-9],[-12,-85],[-54,16],[-46,14],[-125,19],[-34,10],[-28,-1],[-83,6],[-50,-4],[-38,-3],[-22,17],[-33,15],[-82,46],[-21,11],[-34,35],[-9,11],[-53,55],[-38,-4],[-12,-1],[-88,-8],[-166,3],[-115,-33],[-66,-7],[-14,-5],[-38,-16],[-33,-16],[-56,-27],[-12,59],[-3,17],[-17,87],[-70,67],[-17,17],[-2,3],[-56,71],[-33,75],[-2,3],[-1,3],[-14,12],[-11,34],[23,64],[29,75],[-62,29],[-84,46],[-62,-28],[-61,-8],[-13,-2],[-46,8],[-2,2],[-11,9],[-29,13],[-92,3],[47,-106],[7,-15],[0,-19],[2,-63],[16,-24],[32,-47],[32,-117],[-13,-85],[-6,-42],[23,-40],[24,-42],[12,-23],[5,-88],[39,-37],[15,-74],[-1,-54],[42,-55],[-27,-10],[-114,2],[-128,38],[-105,26],[-29,10],[-9,5],[-18,9],[-37,1],[-54,2],[-95,9],[-52,27],[-49,26],[-14,-7],[-17,-4],[-29,-17],[-13,-31],[-7,-18],[0,-42],[-35,-5],[-52,-14],[-19,-3],[-41,-7],[-7,-29],[-5,-19],[-23,-1],[-44,-1],[-100,-104],[-61,-63],[-203,-144],[-12,1],[-48,-42],[-80,239],[0,88],[-1,42],[-107,159],[-10,49],[-64,13],[-107,-71],[-38,-111],[-24,-72],[-14,-128],[-76,-146],[-49,83],[-13,20],[-15,16],[-151,145],[-182,251],[-14,19],[-19,14],[-33,36],[-17,26],[-7,17],[-55,99],[-6,12],[-10,9],[-2,2],[-21,11],[-18,17],[-35,40],[-16,15],[-19,29],[-33,69],[0,1],[-16,27],[-36,48],[-33,60],[-32,39],[-31,-41],[-15,-22],[-18,-29],[-46,-52],[-18,11],[-95,-53],[-27,0],[-16,11],[-80,28],[-17,10],[-12,15],[-18,14],[-62,50],[-24,5],[-23,17],[-41,10],[-121,-3],[-47,-59],[-43,-54],[-166,-59],[-71,0],[-65,0],[-11,-8],[-41,-26],[-39,19],[-32,15],[-162,-12],[-71,-28]],[[93826,117949],[-79,180],[-41,199],[-4,23],[-10,22],[-43,100],[-7,57],[-19,171],[-9,27],[-54,15],[-25,8],[-13,-6],[2,-44],[-11,-13],[-12,-3],[-12,-1],[-9,-11],[-30,-84],[-54,-67],[-12,-24],[-70,-130],[-40,-6],[-78,-104],[-68,-9],[-26,43],[-21,35],[-40,-23],[-62,-34],[-65,87],[-18,81],[62,171],[29,3],[57,7],[-5,82],[-80,127],[-29,153],[-45,25],[-7,22],[-11,34],[-41,12],[-52,180],[-68,42],[-30,18],[9,89],[5,52],[-13,40]],[[92677,119495],[-19,107],[-5,119],[8,111],[-12,65],[22,57],[7,18],[-8,25],[-14,46],[18,21],[19,22],[10,199],[17,62],[21,44],[2,218],[-5,37],[-23,166],[14,6],[12,19],[23,41],[6,12],[17,42],[-14,34],[-1,3],[-3,33],[-7,25],[14,22],[4,67],[16,53],[1,5],[23,47],[-44,32],[-30,23],[-165,273],[-2,5],[-42,110],[-41,17],[-45,19],[-44,65],[-11,69],[-1,6],[-31,42],[-93,129],[-24,88],[-39,150],[-40,204],[-1,3],[-32,64],[-31,41],[-28,40],[-52,73],[1,59],[-78,209],[-15,80],[-27,148],[-103,194],[-133,144],[-92,57],[-49,1],[-41,1],[13,33],[18,80],[23,34],[34,51],[-3,52],[39,37],[-1,101],[41,100],[18,113],[-4,182],[20,37],[-20,197],[-1,10],[2,13],[8,93],[-150,-6],[-127,-6],[-19,91],[-35,166],[-48,105],[-41,88],[-22,182],[47,167]],[[91279,125487],[21,-4],[11,3],[41,12],[30,-16],[23,-12],[138,-18],[139,72],[201,210],[56,101],[-25,137],[-15,12],[-14,12],[-28,57],[-69,140],[-36,30],[-77,65],[8,47],[3,18],[-1,4],[-11,36],[48,82],[26,1],[30,-36],[21,-25],[50,13]],[[91849,126428],[25,103],[129,-65],[101,-51],[30,-10],[12,-11],[15,-22],[23,203],[-33,70],[-13,26],[3,112],[67,61],[20,90],[45,10],[107,-154],[127,-114],[59,-93],[28,-45],[159,-97],[85,-12],[108,66],[77,90],[31,116],[41,152],[86,8],[140,13],[22,34],[18,147],[39,82],[43,238],[18,105],[-11,56],[-7,36],[2,47],[5,115],[-25,243],[2,157],[-15,12],[0,0],[-6,35],[-17,3],[16,73],[5,24],[-7,14],[-30,55],[3,156],[14,42],[12,34],[2,53],[4,83],[15,31],[9,18],[-4,16],[-5,31],[16,33],[7,16],[-2,14],[-8,41],[23,53],[26,60],[0,6],[3,69],[46,33],[20,14],[-3,20],[-4,22],[13,26],[60,121],[96,-58],[-22,-88],[-26,-105],[58,-96],[142,-122],[67,-26],[27,36],[-6,25],[-15,60],[38,-18],[26,28],[0,68],[47,-21],[37,-74],[53,-107],[63,55],[-92,126],[-38,54],[3,82],[63,3],[48,2],[37,65],[-15,25],[-28,46],[56,48],[23,-5],[16,-42],[22,-57],[84,29],[46,63],[13,19],[17,-12],[29,-22],[34,29],[15,11],[47,-12],[45,-12],[77,-24],[38,34],[30,26],[88,-72],[98,-80],[54,-5],[6,-50],[26,-36],[59,12],[78,-36],[57,58],[33,191],[-35,95],[-33,26],[-22,43],[-13,19],[-31,30],[-31,19],[-57,36],[-18,0],[52,182],[2,5],[37,52],[-44,65],[-20,29],[-38,115],[56,168],[60,87],[55,-189],[27,-91],[108,-78],[200,142],[93,23],[61,76],[15,19],[63,51],[35,-62],[45,-79],[194,182],[-8,41],[-75,158],[-64,80],[-68,86],[-6,87],[2,52],[22,87],[16,33],[19,29],[14,9],[21,34],[13,12],[14,-17],[20,-5],[35,-23],[15,3],[25,-24],[27,5],[11,-7],[12,1],[33,-59],[37,-31],[25,-30],[16,-25],[3,-33],[-8,-14],[-11,-24],[-17,-51],[42,-55],[116,-79],[14,6],[142,58],[3,1],[4,0],[57,-10],[69,190],[-20,87],[-29,130],[2,113],[25,57],[70,56],[24,93],[87,-91],[30,-30],[137,-90],[43,-45],[72,-2],[55,41],[92,71],[29,-14],[9,1],[80,9],[48,169],[34,122],[29,-10],[31,2],[21,-8],[60,-12],[47,-22],[15,-14],[14,-12],[11,-5],[22,-1],[28,-2],[7,10],[115,-51],[-4,-27],[0,-4],[52,-86],[75,-63],[2,0],[11,6],[32,-16],[37,-34],[0,-52],[0,-7],[23,-22],[9,-12],[16,-37],[13,-21],[19,-24],[52,-53],[28,-22],[20,-6],[27,2],[18,-12],[10,-9],[29,-12],[39,-36],[13,-8],[22,2],[6,0],[21,-10],[6,-3],[25,-9],[42,-40],[73,44],[34,12],[18,40],[-8,59],[-11,79],[36,24],[35,-67],[18,-36],[48,-5],[15,-2],[114,-79],[45,-102],[12,-132],[20,-79],[37,-147],[-15,-49],[42,-12],[18,-60],[43,-41],[13,-12],[3,-21],[8,-14],[33,-84],[-10,-51],[-5,-26],[-18,-33],[-9,-11],[48,-127],[43,-213],[33,-49],[33,-49],[-7,-81],[-4,-45],[57,-242],[56,-68],[30,25],[30,24],[102,-169],[2,-4],[82,-90]],[[112564,139045],[-89,-132],[85,-95],[12,-14],[142,-136],[81,-205],[-43,-73],[-45,-24],[-4,-8],[-58,-103],[12,-40],[35,-25],[69,-47],[8,-66],[-14,-47],[-10,-30],[121,-256]],[[112866,137744],[-38,-95],[-9,-143],[-24,-78],[7,-17],[39,-93],[-75,12],[-24,3],[-1,-18],[-6,-76],[-20,-26],[-89,33],[-29,11],[-25,-15],[-31,-47],[-8,-11],[-6,3],[-45,18],[-35,-173],[-25,-121],[-10,-29],[-28,-72],[-16,-111],[-12,-85],[10,-24],[-178,-151],[-84,5],[-45,3],[10,-46],[5,-20],[-38,-136],[-67,-2],[-14,7],[-80,36],[-18,-22],[-110,-58],[20,-49],[21,-51],[-31,-106],[-17,-56],[8,-154],[39,-7],[60,-10],[1,-83],[15,-39]],[[111863,135651],[-139,-31],[-50,7],[-129,18],[-76,-43],[-61,-35],[-111,87],[-71,55],[-235,30],[-115,-48],[-12,-53],[-34,-155],[-85,-82],[-77,186],[-158,273],[-37,104],[-14,91],[-14,90],[-78,73],[-23,6],[-55,13],[-70,72],[-12,12],[-24,13],[-90,47],[-28,34],[-30,36],[-40,-3],[-96,-7],[-126,74],[-52,53],[-115,117],[-182,140],[-150,42],[-65,-11],[-7,-4],[-1,0],[-35,-14],[-17,11],[-34,45],[-8,15],[-14,34],[-10,24],[-43,82],[-20,22],[-46,14],[-6,1],[-83,14],[-68,130],[-158,210],[-54,72],[-55,-15],[-9,-52],[-7,-36],[-118,-43],[-13,39],[-7,20],[-178,186],[-21,-8],[-12,6],[-13,2],[-34,22],[-13,6],[-28,13],[-17,13],[-163,222],[6,56],[9,102],[27,34],[-65,7],[-45,5],[-28,3],[-47,24],[-39,20],[-3,-4],[-10,-13],[-64,23],[-27,59],[-15,53],[-1,41],[-1,12],[-8,83],[-7,32],[-79,52],[-105,25],[-81,-49],[-6,-3],[-158,-23],[-29,41],[-25,35],[-51,2],[-86,-58],[-2,-236],[23,-93],[73,-116],[86,-21],[31,-7],[114,-123],[112,-302],[19,-123],[-17,-88],[-27,-37],[-106,-69],[-18,39],[-13,45],[-16,35],[-3,21],[-15,54],[-24,105],[-5,32],[0,6],[-2,39],[-7,27],[-161,277],[-53,83],[-70,115],[-62,86],[-138,-110],[-15,-36],[-7,-95],[9,-77],[18,-153],[-8,-173],[18,-114],[-9,-12],[-64,-53],[-32,-34],[-50,-5],[-32,4],[-12,3],[-30,8],[-15,-5],[-22,-21],[76,-82],[101,-111],[101,-177],[74,-54],[-4,-49],[-65,-74],[-119,-137],[-141,-242],[-44,-123],[-37,-104],[-93,-105],[-121,116],[-19,42],[-66,151],[-166,249],[-38,22],[-20,-83],[-9,-34],[-39,-51],[-49,-63],[0,-24],[2,-58],[-23,-38],[-3,-5],[0,-8],[2,-152],[-37,-65],[3,-44],[-134,-71],[-107,-39],[-194,123],[-131,210],[-11,76],[-6,35],[14,80],[-48,-41],[-2,-114],[-2,-91],[-15,-15],[-32,-33],[-20,-83],[-76,-64],[4,-88],[2,-39],[-134,-88],[-56,-82],[-71,6],[-78,85],[-56,62],[-20,1],[-43,2],[-33,14],[-22,27],[-12,197],[30,45],[22,50],[5,43],[7,13],[21,38],[15,57],[61,126],[-40,-62],[-92,-84],[-32,-28],[-111,27],[-42,10],[-26,-11],[-53,-22],[-14,31],[-3,6],[-15,25],[-31,34],[-40,37],[-22,31],[-119,95],[-11,9],[-2,2],[-29,27],[-34,-8],[-19,-5],[-29,19],[-32,21],[-22,-22],[-52,-92],[-3,-47],[10,-31],[17,-51],[-49,-39],[-2,-40],[-145,-41],[-67,-19],[2,-1],[8,-12],[-112,-33],[-19,30],[-5,7],[-9,-1],[-85,-10],[-45,39],[-29,37],[-5,7],[-12,9],[-15,27],[-32,-13],[-49,-50],[-23,-23],[-70,-32],[-5,-3],[-31,-2],[-30,-10],[-32,-31],[-58,-118],[-17,-54],[-27,-23],[4,-22],[24,-36],[5,-12],[13,-28],[32,-46],[11,-23],[21,-95],[-64,-160],[-43,-67],[-61,11],[-3,0],[-7,-14],[-30,-57],[-84,32],[-103,-21],[-50,47],[-52,-24],[-41,54],[-72,2],[-24,80],[7,35],[-21,55],[14,27],[25,49],[-15,64],[-30,-6],[-50,-69],[-54,-76],[-97,-67],[-31,-3],[-38,-3],[-25,-83],[10,-39],[10,-36],[-31,-37],[-28,-32],[10,-29],[13,-44],[-18,-42],[-45,-53],[-70,-15],[-9,1],[-29,4],[-57,-47],[-18,-14],[-34,-18],[-35,-11],[-78,-24],[29,-45],[18,-3],[29,-5],[33,-44],[67,-179],[4,-111],[-102,-128],[-38,-48],[-6,-36],[-13,-69],[-114,90],[-83,65],[-16,-35],[-8,-11],[-34,-46],[-256,-154],[-151,11],[-47,-47],[-170,76]],[[100676,134362],[-67,50],[-22,20],[-17,20],[-43,72],[-57,74],[-17,19],[-18,5],[-11,36],[-1,3],[-5,31],[-7,20],[-33,34],[-44,20],[-7,3],[-6,13],[-21,41],[-35,31],[-16,13],[-26,19],[-50,68],[-53,54],[-36,44],[-26,40],[-34,53],[-32,28],[-39,62],[-16,11],[-22,15],[-26,17],[-6,25],[-12,48],[-17,22],[-38,48],[3,35],[3,31],[-20,18],[-5,16],[-14,22],[-1,1],[-34,54],[-37,30],[-8,6],[-17,9],[-21,20],[-16,9],[-23,26],[-29,28],[-19,45],[-15,30],[-5,7],[-13,31],[-13,7],[-40,11],[-15,13],[-18,21],[-47,2],[-8,1],[-262,130],[-24,65],[-27,75],[-57,73],[-20,37],[-52,23],[-49,-4],[-88,-6],[-66,43],[-22,61],[-19,27],[4,24],[0,4],[-4,24],[-39,63],[-7,12],[-5,12],[-1,4],[-4,54],[-14,21],[-20,9],[-31,27],[-19,-11],[-25,-18],[-21,-5],[-80,-41],[-24,-31],[-6,-8],[-26,-12],[-100,-36],[-9,1],[-35,4],[-84,-6],[-54,-12],[-56,-25],[-25,-59]],[[98033,136413],[-156,165],[-8,39],[-8,40],[-70,19],[-93,24],[-240,93],[-9,179],[-8,168],[-5,20],[-5,47],[-14,83],[-12,68],[-5,97],[-4,87],[-9,38],[-5,25],[-1,8],[-28,177],[-33,27],[-29,23],[4,78],[17,38],[7,15],[1,28],[5,27],[-3,13],[-3,8],[5,13],[6,18],[-2,20],[0,4],[-8,25],[-10,23],[9,38],[24,42],[47,82],[-21,141],[-10,60],[53,13],[27,6],[147,142],[48,114],[-16,61],[-5,20],[7,3],[1,0],[-1,4],[-4,33],[8,21],[5,10],[12,117],[-1,75],[0,100],[34,95],[42,40],[3,3],[1,5],[10,57],[331,-115],[70,-94],[6,-191],[-24,-49],[-28,-60],[7,-54],[48,-37],[11,4],[2,1],[5,-9],[12,-18],[25,-4],[93,24],[50,71],[0,2],[11,4],[73,26],[6,8],[33,47],[68,-2],[7,-1],[14,10],[85,59],[40,-4],[51,-5],[-7,89],[-1,7],[1,2],[15,28],[-49,21],[-55,23],[16,47],[13,36],[-22,274],[-107,220],[-21,20],[-40,35],[28,290],[-16,112],[46,139],[20,57],[-19,26],[11,26],[-17,45],[-13,23],[-20,-6],[-3,4],[-7,9],[-21,34],[3,12],[4,15],[-15,29],[-14,13],[-2,4],[-19,36],[-29,43],[-8,47],[19,87],[-6,49],[-3,50],[54,70],[29,-23],[16,-13],[46,6],[63,8],[80,-24],[140,-42],[50,124],[42,106],[23,25],[20,23],[10,36],[8,30],[45,36],[20,15],[54,13],[31,7],[44,104],[47,114],[137,-3],[138,-2],[14,21],[28,16],[-11,129],[-6,78],[-22,14],[62,100],[42,19],[45,21],[8,75],[10,95],[20,27],[40,54],[-82,86],[-35,-4],[-26,-3],[-55,37],[12,71],[14,83],[-80,110],[-27,37],[-2,6],[-23,69],[-4,52],[-109,82],[-48,37],[47,152],[60,100],[34,24],[9,7],[46,104],[2,285],[-23,69],[-25,-3],[-31,-2],[-17,32],[-30,88],[0,23],[1,71],[2,48],[-27,54],[-42,84],[-38,76],[0,80],[3,485]],[[99221,144690],[-46,107],[115,103],[-32,101],[20,109]],[[99278,145110],[79,-123],[54,-2],[30,6],[59,13],[33,-22],[40,-28],[50,-25],[97,34],[48,17],[39,-65],[125,-206],[73,-67],[78,-45],[65,-14],[109,-24],[30,64],[32,67],[91,-51],[18,-10],[6,13],[19,37],[68,-65],[174,-90],[48,-104],[54,-113],[106,-76],[48,-26],[78,-43],[220,-43],[107,69],[5,17],[1,2],[18,57],[40,1],[21,-1],[2,0],[29,-2],[25,6],[30,3],[28,-5],[44,-25],[32,-32],[5,-4],[16,-15],[23,-12],[14,3],[34,-4],[11,3],[17,5],[15,-5],[11,-13],[1,-2],[13,-2],[12,-2],[64,-10],[24,8],[12,31],[14,15],[25,27],[8,25],[38,124],[83,55],[29,20],[20,72],[-2,5],[-34,62],[37,26],[35,36],[59,219],[160,344],[62,74],[142,169],[-11,24],[-4,11],[6,20],[12,44],[-41,110],[-6,17],[0,15],[2,49],[-122,8],[-120,7],[-82,203],[-9,76],[-7,61],[-79,83],[-111,119],[22,146],[11,79],[-9,33],[-17,56],[20,157],[12,86],[-24,92],[-25,27],[-79,85],[-10,33],[-4,32],[-8,16],[-3,21],[3,70],[4,28],[41,97],[22,54],[11,26],[23,59],[6,108],[0,4],[10,35],[44,163],[-19,72],[-25,95],[57,75],[29,37],[12,28],[40,93],[99,180],[40,60],[41,23],[14,8],[86,130],[-43,160],[-39,0],[-57,-1],[-40,56],[8,48],[49,157],[37,118],[5,81],[4,73],[157,249],[60,34],[86,47],[59,82],[52,170],[-12,130],[-33,25],[-32,26],[-7,55],[-4,31],[-18,16],[-15,14],[175,455],[133,-80],[91,-55],[51,53],[8,8],[15,5],[90,33],[-11,80],[-8,56],[18,114],[126,118],[106,100],[-51,49],[-24,23],[-26,35],[23,63],[46,5],[31,-28],[33,-29],[10,120],[22,254],[299,-15],[60,-9],[212,-33],[112,61],[21,37],[-8,14],[-4,24],[-4,24],[1,21],[-2,44],[17,48],[26,67],[-16,37],[-10,24],[-7,58],[-8,43],[35,13],[3,2],[24,18],[-1,3],[-5,14],[21,36],[49,18],[108,-18],[37,8],[147,32],[36,35],[40,39],[18,3],[40,6],[32,86],[49,129],[33,28],[22,18],[9,29],[10,30],[134,-13]],[[105036,152529],[14,-72],[-37,-83],[-4,-9],[0,-17],[0,-111],[-22,-39],[-43,-74],[66,-9],[14,-2],[139,-76],[-46,-251],[-38,-64],[-60,-59],[-62,-3],[-83,-4],[52,-123],[48,-111],[36,-184],[-3,-41],[-23,-36],[-31,-50],[40,-18],[17,-8],[-17,-105],[-61,-13],[-39,-9],[-53,-129],[16,-40],[50,2],[28,-146],[49,14],[61,17],[26,-117],[-19,-82],[-50,-8],[-35,-5],[-36,-33],[-53,-116],[-38,-178],[100,-23],[35,30],[55,47],[56,-13],[10,-189],[0,-13],[-30,-98],[63,-73],[47,-54],[1,-56],[-24,-51],[-52,17],[-28,9],[-52,-67],[-8,-37],[37,-47],[9,-10],[-7,-11],[-43,-62],[139,-161],[127,-67],[108,-57],[26,-65],[23,-57],[45,-14],[7,4],[38,22],[37,-24],[-50,-108],[-56,-18],[-17,6],[-48,16],[2,-82],[2,-84],[-42,-88],[-32,-179],[-28,-45],[-119,-193],[-58,-157],[-22,-79],[10,-60],[3,-17],[-26,-44],[-113,-183],[-31,-93],[112,-59],[23,-74],[33,-14],[17,36],[-17,49],[9,38],[4,20],[-13,78],[43,120],[51,67],[68,-39],[34,-19],[19,14],[71,51],[68,-65],[116,-112],[50,84],[106,341],[39,109],[7,44],[28,118],[21,134],[-4,57],[4,32],[0,72],[-7,17],[-4,2],[-20,10],[-6,38],[-8,23],[-4,32],[-6,20],[16,19],[2,50],[-17,26],[31,39],[175,-122],[59,-82],[-34,-67],[-8,-16],[11,-19],[39,-66],[-15,-87],[-8,-13],[-24,-42],[31,-205],[25,-93],[33,-119],[-15,-71],[-79,-109],[-21,-29],[-25,-136],[-45,0],[9,-42],[-8,-25],[7,-60],[-10,-28],[-6,-88],[-2,-26],[-1,-23],[-4,-34],[9,-204],[36,-78],[18,-39],[-12,-145],[-1,-2],[-30,-65],[33,-45],[9,-12],[-8,-5],[-29,-19],[1,-44],[31,-51],[25,-42],[-27,-29],[-14,-16],[-6,-38],[-14,-26],[17,-84],[3,-14],[15,-25],[-5,-27],[-20,-7],[-17,-6],[13,-24],[21,-37],[-21,-88],[14,-58],[-40,-94],[40,-89],[-55,-33],[-23,-14],[17,-42],[14,-36],[-19,-134],[-73,-97],[-62,-28],[-49,45],[-45,144],[-3,116],[-4,130],[-137,-136],[-105,-230],[-66,-71],[-6,-50],[27,-46],[17,-29],[-11,-146],[-61,-68],[-146,-162],[122,-50],[123,-140],[179,-109],[117,-113],[111,-53],[138,-22],[105,-17],[30,28],[46,40],[149,-38],[228,20],[34,-11],[35,-103],[26,-65],[90,-227],[20,-50],[83,-60],[120,-88],[1,-42],[-16,-55],[-15,-52],[58,-29],[44,-50],[99,-30],[73,-21],[64,-91],[111,-108],[64,-150],[7,-80],[-7,-120],[36,-106],[10,-150],[-15,-72],[26,-48],[37,-196],[-20,-141],[-5,-10],[-83,-160],[107,11],[76,8],[44,-63],[87,-36],[14,-42],[7,-22],[28,0],[90,-105],[77,6],[5,0],[15,1],[115,-47],[145,-123],[4,-3],[2,0],[59,0],[52,-85],[22,-263],[14,-168],[33,-41],[75,-19],[44,-11],[55,-59],[107,-20],[44,-135],[3,-10],[170,-176],[57,-21],[6,-3],[9,-11],[96,-128],[33,-15],[87,146],[49,57],[75,88],[139,-35],[164,-84],[-19,-47],[-32,-38],[-9,-11],[18,-45],[34,-85],[-6,-98],[-4,-72],[16,-156],[13,-9],[22,-21],[15,-9],[26,-36],[5,-6],[52,-49],[9,-15],[20,-64],[57,-122],[30,-55],[28,-36],[38,-81],[7,-53],[25,-79],[-1,-20],[41,-166],[28,-148],[16,-44],[9,-36],[-4,-43],[5,-51],[1,-44],[0,-24],[9,-44],[14,-42],[8,-23],[5,-35],[1,-13],[3,-7],[21,-54],[1,-44],[-1,-2],[-2,-32],[13,-46],[-3,-44],[161,-167],[172,-70],[-29,125],[-26,112],[19,199],[127,-97],[42,-130],[44,-137],[153,-55],[262,-8],[54,-41],[111,3],[66,119],[19,113],[12,66],[55,86],[71,42],[80,46],[12,17],[50,70],[36,-25],[6,-16],[21,-57],[33,-17],[108,86],[111,7],[50,101],[54,108],[61,41],[400,-105],[152,-110]],[[103646,149540],[428,-124],[44,58],[-15,87],[-61,52],[-34,122],[-102,83],[10,92],[-66,25],[-38,-31],[-141,-272],[-25,-92]],[[103548,149440],[3,51],[-49,-9],[-55,-77],[-36,-27],[-84,-64],[-6,-4],[1,-5],[10,-62],[-14,-70],[-16,-83],[145,69],[11,5],[4,2],[32,54],[6,71],[7,70],[22,42],[19,37]],[[81685,155339],[-57,-30],[-34,-19],[-21,-11],[-59,-116],[-7,-15],[-14,-7],[-64,-34],[-78,-96],[-21,-146],[-62,-72],[12,-155],[4,-56],[-69,-223],[-34,-29],[-38,-33],[-59,-104],[-5,-63],[-4,-47],[-20,0],[-38,0],[-50,-61],[-36,-184],[-22,-106],[-59,25],[-28,12],[-114,-24],[-15,-96],[28,-50],[40,-70],[-14,-96],[-31,-114],[-30,-111],[26,-96],[9,-34],[-4,-123],[-67,-49],[-76,-216],[-19,-5],[-73,-17],[13,-32],[-18,-89],[49,-77],[48,-21],[12,-6],[8,-44],[11,-63],[-3,-31],[29,-18],[36,24],[48,33],[36,-10],[53,-111],[67,-45],[-78,-108],[-44,-62],[-53,-221],[1,-25],[24,-79],[1,-6],[0,-27],[-3,-40],[-4,-79],[2,-41],[10,-163],[-28,-106],[-29,-113],[8,-35],[13,-54],[-3,-114],[-54,-143],[-24,-64],[-6,-113],[31,-85],[79,-32],[51,-21],[-12,-205],[19,-74],[-28,-228],[-5,-95],[-4,-29],[-17,-50],[5,-33],[-15,-58],[0,-27],[-6,-30],[-4,-38],[-38,-19],[-8,-13],[-40,-70],[-30,-27],[-11,-6],[59,-37],[4,-3],[30,-92],[-32,-66],[-20,-43],[22,-196],[3,-19],[36,-59],[-44,-48],[-122,30],[-34,-14],[-35,-14],[-6,-14],[-17,-38],[-34,4],[-91,10],[-29,-40],[-36,-252],[-39,-113],[13,-2],[133,51],[97,37],[19,-83],[-7,-84],[-24,-59],[-13,-134],[-46,-146],[-110,-70],[-47,28],[-30,17],[-94,-47]],[[80077,147949],[-221,80],[-13,-40],[16,-63],[2,-11],[-29,-192],[-24,-52],[-52,-42],[-75,42],[11,65],[15,88],[-67,28],[-6,2],[-3,19],[-21,98],[-30,15],[-13,6],[-23,75],[-23,75],[-98,36],[-15,0],[-57,-60],[-96,-170],[-43,-76],[-19,-10],[-42,-23],[-17,-25],[-24,-36],[-42,-8],[-71,-13],[-14,-43],[-5,-17],[-89,-31],[-91,120],[-37,48],[-18,-41],[-43,-104],[-15,11],[-3,68],[-2,37],[-79,-112],[-11,-136],[-41,-101],[8,-34],[71,-57],[13,-3],[63,-12],[3,-40],[-42,-70],[-46,-41],[-140,-39],[-75,63],[-16,28],[-54,91],[-72,-62],[-1,-64],[-1,-23],[-60,-143],[-28,29],[-35,38],[-19,6],[-48,15],[-14,34],[-16,40],[-54,36],[-27,2],[-18,1],[-26,25],[-22,20],[-77,-19],[-46,21],[-47,-68],[2,-116],[22,-42],[23,-44],[-32,-85],[-3,-11],[-10,-143],[20,-45],[29,-67],[-3,-92],[-1,-34],[20,-74],[33,-130],[-7,-26],[-9,-31],[3,-23],[5,-44],[-23,-54],[-2,0],[-13,-1],[-4,-56],[3,-17],[3,-17],[15,-7],[5,-37],[-32,-31],[-15,-30],[-31,-57],[47,-104],[43,-95],[8,-41],[12,-128],[-10,-15],[-5,-16],[-11,-15],[-1,-1],[0,-2],[7,-34],[-11,-17]],[[77800,145448],[-13,2],[-14,-6],[-23,10],[-20,-9],[-12,-9],[-8,-12],[-15,-10],[-8,-11],[-18,-24],[-87,-42],[-50,-13],[-8,15]],[[77524,145339],[-31,47],[-29,-10],[-55,-19],[-233,191],[1,23],[2,30],[-125,272],[-134,137]],[[76920,146010],[-37,72],[-100,-49],[9,-13],[-15,-57],[1,-34],[1,-29],[-44,-195],[-58,-111],[-35,29],[-67,55],[-15,-37],[-40,-98],[-10,40],[18,96],[2,10],[-23,104],[-74,44],[-71,12],[-149,26],[68,88],[14,18],[21,110],[-153,273],[-64,24],[-51,20],[-2,16],[-5,30],[-99,-2],[-33,-27],[28,-43],[15,-23],[19,-115],[-76,-2],[-15,0],[-37,6],[-38,-17],[-18,-16],[-9,-5],[-14,-8],[-41,-12],[-33,-3],[-70,-2],[-17,-8],[-14,1],[-11,-4],[-11,0],[-26,26],[-28,54],[3,17],[3,13],[-11,38],[-14,64],[0,23],[-26,-23],[-27,6],[-20,6],[-17,4],[-21,-8],[-20,6],[-21,-5],[-41,-19],[-23,-46],[-4,-7],[-85,-36],[-1,1],[-13,48],[-180,-110],[-24,-40],[-23,-39],[-33,24],[-36,19],[-13,10],[-39,35],[-12,7],[-15,21],[-57,108],[-38,56],[4,17],[12,53],[-93,108],[-54,-96],[-32,-56],[-92,2],[-127,3],[-29,-73],[-2,-34],[-5,-73],[-19,4],[-26,31],[-12,8],[-29,5],[-41,18],[-41,50],[-4,5],[-9,25],[-40,53],[-163,93],[-27,12],[-47,38],[-86,14],[-14,3],[-7,1],[-18,5],[-41,-2],[-8,0],[-27,2],[-35,4],[-49,17],[-6,-15],[-6,-14],[-50,18],[-23,8],[-27,-5],[-13,-2],[-26,5],[-31,6],[-10,-4],[-54,-20],[-53,-8],[-23,24],[-15,3],[-14,12],[-24,20],[-5,-16],[-2,-2],[-8,-16],[-23,-25],[-65,25],[-19,23],[-18,22],[-29,-36],[-33,-41],[-60,-26],[-45,-16],[-151,-60],[-21,11],[-17,18],[-7,19],[-4,24],[-2,7],[-10,29],[-20,32],[-27,13],[-9,12],[-35,16],[-18,9],[-11,8],[-17,-1],[-5,-1],[-11,-6],[-40,2],[10,43],[4,18],[-20,5],[-138,54],[-44,-4],[-53,-5],[-36,109],[-48,140],[-30,39],[-39,-23],[-63,-38],[-56,30],[-17,9],[-13,-11],[-32,-26],[-152,5],[-32,6],[-41,7],[-51,-13],[-10,-3],[-17,-31],[-67,-19],[-86,40],[-30,14],[-37,-31],[-52,-43],[-30,9],[-67,19],[-56,-43],[-21,-37],[-31,-53],[-125,-11],[-53,31],[-2,37],[-3,48],[-30,31],[-14,16],[-74,43],[-178,34],[-198,13],[-51,-31],[-11,-7],[-91,-6],[-26,40],[-25,38],[-109,62],[-42,-16],[-72,-26],[-103,9],[-83,8],[-29,-19],[-51,-31],[-114,63],[-18,10],[-8,54],[-51,29],[-4,70],[-1,17],[-27,33],[-27,26],[-23,-1],[-76,-1],[-49,68],[-103,76]],[[69231,147590],[102,40],[6,58],[12,93],[102,196],[34,63],[0,22],[0,39],[14,39],[36,100],[-28,87],[-10,30],[19,167],[14,126],[-141,84],[-21,-4],[-28,-6],[-15,39],[-34,91],[-175,69],[-4,1],[-103,7],[-25,59],[-55,39],[-54,86],[21,38],[47,15],[8,2],[3,20],[6,43],[39,51],[-9,42],[24,10],[22,10],[-25,44],[-6,11],[-7,190],[35,51],[31,44],[12,81],[-72,131],[-18,33],[0,14],[2,41],[-59,20],[-22,15],[-26,-47],[-2,-3],[-72,-18],[-60,45],[-21,15],[-81,59],[-47,24],[-129,64],[-35,-1],[-39,69],[-27,45],[-55,-1],[-158,-24],[-31,-56],[-18,-69],[-28,-105],[-47,-1],[-60,36],[-35,21],[-25,62],[-21,-18],[-92,-24],[-7,-4],[-49,-33],[-17,46],[-7,19],[-79,35],[-38,9],[-25,-8],[-23,-13],[-16,5],[-34,-2],[-35,-2],[-20,13]],[[67450,150159],[37,33],[65,179],[-8,76],[-8,3],[-41,19],[42,147],[35,56],[8,75],[71,95],[53,71],[6,49],[-45,21],[-6,2],[-39,79],[17,66],[-9,216],[20,89],[137,94],[7,-1],[101,-7],[-36,66],[-40,19],[-22,10],[14,20],[26,36],[-17,65],[-49,64],[-41,52],[-24,94],[-53,96],[188,277],[140,46],[13,-27],[26,-53],[66,64],[23,44],[-12,55],[-5,25],[30,43],[3,73],[38,53],[33,-2],[26,-64],[22,-53],[56,-13],[173,158],[30,30],[24,54],[24,54],[25,57],[76,61],[76,61],[17,62],[-5,26],[-11,63],[22,22],[40,40],[16,16],[16,62],[3,15],[4,3],[55,51],[-11,48],[12,40],[-11,5],[-16,1],[-12,4],[-3,1],[-18,40],[-12,14],[-7,35],[-32,63],[-24,88],[-47,168],[47,14],[34,11],[147,58],[-22,-36],[14,-32],[12,-27],[67,-41],[33,19],[-59,85],[-13,121],[-20,49],[-45,109],[91,86]],[[81057,156953],[-59,-76],[39,-37],[25,-25],[29,-103],[-19,-87],[-10,-12],[-19,-22],[0,-108],[0,-7],[-1,-2],[-41,-73],[37,-47],[43,-58],[7,-52],[2,-15],[15,-65],[29,-18],[44,-26],[12,-20],[18,-32],[119,-63],[2,-1],[22,-12],[158,-110],[6,-109],[4,-79],[54,-4],[75,-5],[57,-82],[-27,-107],[-21,-84],[28,-73]],[[78010,147511],[2,-89],[1,-16],[3,-24],[22,-22],[11,38],[7,24],[57,25],[44,19],[7,35],[11,54],[45,7],[15,2],[4,42],[12,115],[2,27],[-28,23],[-55,-26],[-27,-12],[-30,29],[-27,27],[-20,-13],[-27,-18],[-47,-31],[-5,-107],[-3,-37],[26,-72]],[[100676,134362],[56,-170],[-26,-136],[-44,-86],[-34,-67],[31,-190],[106,-202],[56,-62],[8,-35],[128,-186],[36,-11],[52,-15],[20,-50],[1,-4],[21,-29],[32,-45],[14,-50],[19,-188],[-21,-214],[0,-5],[0,-1],[15,-70],[-9,-42],[-33,-40],[-50,-57],[-41,-105],[9,-16],[0,-17],[2,-20],[9,-154],[17,-28],[11,-9],[10,-67],[50,-115],[36,-83],[-4,-315],[-25,-49],[-51,-100],[-24,-137],[-1,-11],[-8,-20],[-48,-121],[46,-61],[12,-15],[3,-24],[11,-25],[46,-72],[-25,-21],[-37,-72],[-67,-64],[-99,-103],[-26,-1],[-70,-74],[-22,25],[-44,31],[-123,85],[-27,38],[-55,4],[-64,18],[-29,0],[-8,0],[-40,1],[-14,30],[-34,72],[-23,-12],[-39,-93],[-8,-19],[-7,-3],[-39,-20],[9,-56],[9,-63],[-50,-199],[-18,-72],[19,-143],[18,-136],[2,-175],[0,-3],[0,-1],[16,-69],[-48,-37],[-54,-16],[-3,-2],[-27,-15],[-70,-52],[-57,-27],[-23,-26],[-56,-63],[-62,-123],[-45,-86],[-70,-135],[-50,-149],[-26,14],[-24,14],[-40,-33],[-34,-161]],[[91849,126428],[-56,86],[-47,200],[-2,66],[-1,49],[0,0],[-17,25],[21,30],[27,36],[1,195],[-22,49],[-31,65],[3,34],[5,63],[-50,100],[-17,35],[1,21],[7,85],[-75,145],[-19,2],[-87,-63],[-100,-125],[-58,-30],[-100,-192],[-7,-30],[-18,-78],[-56,84],[-72,56],[-1,39],[0,3],[-1,29],[-14,25],[28,25],[2,2],[44,93],[-10,90],[33,117],[6,123],[-6,13],[-3,9],[10,92],[51,64],[115,143],[-7,67],[-3,22],[34,37],[39,45],[-6,74],[-29,23],[-3,2],[-22,63],[13,63],[16,7],[48,20],[-14,86],[-4,24],[17,18],[25,26],[31,143],[-47,54],[-24,27],[-42,138],[-39,127],[-53,-12],[-54,-12],[-155,53],[-7,230],[4,24],[22,113],[-36,204],[14,60],[-6,98],[-138,119],[-59,136],[-6,-65],[-100,102],[-79,-38],[-165,-79],[-38,61],[33,54],[40,66],[-20,89],[19,48],[-17,91],[-89,56],[-71,45],[-91,129],[-15,59],[7,48],[17,21],[32,40],[-33,51],[-49,78],[49,42],[16,14],[12,107],[47,92],[-10,55],[-48,-127],[-51,-31],[-45,-27],[-32,12],[-12,42],[-102,48],[-8,39],[6,19],[6,20],[-65,240],[-56,49],[-5,3],[-10,5],[-7,19],[-15,16],[-3,5],[-21,44],[-23,-9],[-17,-1],[-13,-74],[-24,-137],[-55,19],[-3,6],[-50,87],[-21,-75],[-4,-11],[-79,18],[-73,100],[-17,24],[-4,2],[-75,26],[33,39],[23,93],[90,139],[44,67],[14,77],[-21,40],[-9,15],[-12,12],[-15,-17],[0,0],[-11,-18],[-15,-13],[-10,20],[-6,32],[18,51],[23,65],[2,96],[-16,44],[-17,74],[-67,112],[-49,15],[-179,55],[-27,-7],[-55,4],[14,21],[31,-13],[10,21],[1,22],[-6,20],[7,21],[26,5],[33,6],[11,94],[44,66],[41,137],[-4,38],[-6,57],[21,28],[26,33],[-13,38],[-13,37],[21,8],[8,3],[20,48],[-15,26],[-13,23],[3,33],[119,95],[16,13],[45,5],[2,44],[-17,59],[18,42],[-11,29],[-63,38],[-39,24],[4,79],[17,0],[62,-4],[-2,32],[-31,28],[24,113],[61,97],[11,122],[85,218],[26,73],[1,82],[0,51],[42,38],[96,89],[-16,44],[-2,22],[-21,23],[-8,17],[-22,26],[-11,25],[-13,11],[-21,16],[-78,132],[-12,45],[-11,42],[-8,15],[-15,3],[-33,7],[24,76],[51,162],[8,80],[-17,84],[-26,17],[-50,-13],[-56,-14],[-111,101],[-43,38],[-19,-7],[-29,-10],[-38,22],[-17,99],[-13,80],[-94,228],[-47,17],[-57,20],[-34,60],[-6,11],[-21,13],[-26,16],[15,43],[6,15],[5,53],[-18,45]],[[88978,136597],[68,10],[36,-16],[32,-16],[64,65],[2,2],[39,85],[157,53],[32,11],[59,83],[23,69],[10,29],[68,132],[124,-8],[120,-8],[-7,83],[-12,125],[42,86],[-8,113],[-64,61],[-24,60],[-6,55],[2,18],[29,-113],[80,-43],[175,23],[65,-22],[129,-43],[48,48],[26,27],[143,-22],[56,-9],[22,63],[6,17],[69,93],[6,-49],[10,-96],[113,-19],[95,200],[-1,45],[-1,30],[15,38],[57,74],[41,9],[29,7],[53,56]],[[91000,138003],[22,-11],[4,2],[20,11],[46,-18],[22,13],[61,-42],[49,-26],[34,-19],[43,-17],[38,-9],[19,-8],[27,1],[17,1],[21,-13],[47,-28],[11,10],[20,18],[23,-14],[76,-16],[22,-32],[30,-47],[14,-2],[28,25],[13,11],[58,-33],[120,-68],[14,28],[4,2],[201,100],[43,21],[67,-34],[11,-6],[11,7],[36,15],[5,2],[1,-1],[15,-1],[30,8],[7,8],[4,6],[72,26],[40,9],[14,-4],[8,14],[22,-7],[8,-2],[47,-4],[20,7],[47,82],[6,60],[7,65],[174,84],[31,62],[23,-17],[30,-11],[58,4],[35,-35],[51,-14],[45,-74],[-18,-72],[-16,-63],[50,-129],[0,0],[0,-1],[-16,-125],[48,-16],[23,-24],[84,-44],[13,-1],[33,-21],[22,-13],[5,-5],[46,-38],[-2,-18],[16,7],[54,-16],[43,8],[39,-12],[19,-10],[45,-4],[25,-2],[28,-17],[15,-20],[1,82],[0,5],[88,155],[184,-22],[80,30],[28,-131],[18,-88],[89,-76],[161,-81],[86,16],[45,9],[70,-81],[-1,-54],[-2,-29],[43,-87],[20,53],[13,33],[32,-34],[10,-10],[21,10],[32,13],[54,13],[43,15],[17,1],[7,-14],[8,-63],[-2,-30],[-13,-45],[-2,-23],[-20,-63],[-45,-60],[-17,-11],[-17,-3],[-5,1],[-79,15],[-13,-72],[16,-49],[88,42],[16,8],[140,-89],[-18,-143],[-19,-31],[-61,-99],[93,-118],[222,98],[3,10],[43,103],[117,-153],[-1,-89],[32,-68],[7,-39],[15,-78],[67,-8],[74,-10],[29,-41],[64,-239],[0,-5],[2,-113],[80,-8],[80,-8],[22,-48],[53,0],[10,-53],[2,-8],[60,-81],[18,17],[10,16],[25,-4],[49,11],[26,26],[11,5],[71,85],[8,10],[11,29],[22,12],[31,10],[74,49],[31,25],[19,-55],[18,-37],[61,-59],[24,-31],[9,-11],[5,-2],[9,-3],[5,-10],[44,-95],[29,34],[19,18],[26,8],[1,1],[54,29],[25,33],[18,10],[10,16],[15,-4],[35,-48],[8,-11],[25,5],[22,-1],[60,28],[18,-7],[122,186],[68,105],[204,-73],[135,-48],[46,86],[15,27],[45,24],[92,50],[17,45],[30,82],[27,17],[93,-136],[36,-52],[159,-111],[20,-15],[1,-4],[49,-122],[101,-39],[51,88],[-57,64],[-16,44],[-1,3],[-33,65],[12,78],[15,12],[5,5],[-2,15],[-12,65],[22,67],[9,12],[43,50],[0,35],[-7,176]],[[90034,131202],[-34,-51],[-63,47],[11,24],[39,24],[5,31],[33,-2],[19,-2],[1,-8],[2,-37],[0,-7],[-13,-19]],[[91279,125487],[-6,160],[-12,22],[-11,21],[-5,8],[0,45],[-66,12],[-12,-24],[8,-20],[4,-10],[-23,-13],[-41,-23],[-9,-39],[-9,-33],[-121,-140],[-179,-77],[-34,14],[-46,19],[-18,-39],[-9,-17],[-10,12],[-29,34],[-51,-59],[-21,-25],[-59,45],[-32,-2],[-66,17],[-41,100],[-18,42],[-87,105],[-113,18],[-195,-59],[-11,-78],[12,-73],[10,-60],[-39,-22],[-64,-37],[-6,-61],[-7,-60],[-61,-3],[-25,39],[-15,24],[-79,46],[-22,-39],[-16,-29],[-95,-14],[-6,48],[-7,50],[-40,18],[-22,-21],[-59,-55],[-33,3],[-9,34],[-79,-35],[-20,33],[-13,22],[-78,-10],[-34,-34],[-23,2],[-12,-69],[-29,-105],[2,-8],[12,-43],[-188,-35],[0,0],[-236,-49],[-11,-34],[-25,-74],[-125,-82],[-91,-39],[-37,-17],[20,-104],[18,-95],[-61,-15],[-155,-37],[-67,-29],[-40,-44],[-80,-88],[-49,34],[-41,29],[-189,-131],[-9,-29],[-27,-83],[-54,-89],[-127,-101],[-161,-230],[2,-34],[-46,10],[-19,0],[-37,45],[-82,97],[-119,25],[-49,10],[-81,75],[31,52],[12,19],[-14,39],[-23,62],[43,43],[161,94],[15,-42],[15,-42],[19,-6],[18,55],[22,65],[27,25],[94,66],[31,-42],[20,-26],[78,-9],[4,45],[6,53],[116,101],[27,-70],[-29,-34],[-25,-30],[36,-35],[62,58],[-10,71],[-6,50],[39,-22],[38,-21],[78,23],[21,59],[-51,-1],[-19,-1],[-40,95],[24,16],[12,-8],[23,-17],[15,69],[65,20],[-5,91],[-1,10],[43,62],[37,88],[59,71],[69,23],[26,-30],[21,-24],[48,70],[32,48],[20,78],[33,9],[19,-15],[30,-24],[24,80],[63,25],[-13,39],[-2,8],[9,32],[59,36],[43,26],[-12,45],[-2,6],[1,3],[32,67],[-39,54],[-24,35],[47,24],[64,33],[31,99],[-24,0],[-28,-1],[-14,28],[29,80],[20,52],[-55,32],[-54,32],[-215,140],[-25,92],[-14,51],[-53,-52],[-59,-57],[-166,93],[-4,5],[-28,42],[-12,8],[-13,6],[-46,-39],[-35,-48],[-5,-7],[-20,-33],[-15,-11],[-41,-13],[-137,70],[-37,75],[-11,57],[-11,64],[-114,164],[-38,18],[-3,0],[-21,-62],[-5,-13],[-19,3],[-27,4],[-32,-29],[-59,-56],[-45,6],[-67,68],[-5,56],[-5,45],[-139,120],[-32,-19],[-10,-6],[-175,16],[-39,48],[-47,58],[-77,24],[-34,-68],[-31,-63],[-8,51],[-2,12],[-1,1],[-30,21],[9,69],[11,74],[-85,-9],[-153,-14],[-104,101],[-99,154],[-6,79],[3,11],[12,43],[-12,6],[-38,0],[-59,1],[-62,19],[-30,24],[-34,38],[-22,38],[-12,12],[-29,28],[-15,-2],[-31,17],[-31,-107],[-1,-3],[-8,-18],[-50,-66],[-30,-15],[-2,-1],[-2,-3],[-9,-24],[-12,-16],[-42,24],[-16,-5],[-42,-1],[-17,18],[-6,6],[-18,0],[-30,24],[-35,-19],[-34,-17],[-37,43],[17,93],[12,65],[-41,24],[-84,49],[-20,80],[-22,83],[-121,84],[-69,-102],[-4,-64],[-6,-105],[-32,-8],[-28,20],[-19,14],[-24,-11],[-24,-12],[-6,13],[-26,55],[-108,-44],[-78,-224],[-51,-145],[-95,-81],[-51,-81],[-73,30],[-3,17],[-13,93],[-61,-46],[-18,-13],[-33,45],[-48,66],[-38,12],[-17,-12],[-25,-20],[8,85],[7,80],[-23,71],[-50,157],[8,253],[2,80],[-144,98],[5,-34],[-41,-132],[13,-34],[0,-10],[-6,-87],[-48,-34],[-39,-28],[-74,-103],[-102,-144],[-18,4],[-25,6],[1,-62],[0,-96],[-18,-58],[-72,-47],[-40,-6],[-109,-18],[-141,-93],[-1,-1],[-56,-29],[-50,-25],[-6,-44],[-8,-58],[-25,-40],[-94,-25],[-86,20],[-138,51],[-1,53],[0,13],[-33,40]],[[82652,127025],[79,15],[32,59],[5,94],[-25,42],[-17,30],[-16,165],[40,44],[42,45],[1,32],[3,77],[100,108],[53,57],[-37,204],[-26,138],[-23,31],[-11,118],[27,-9],[17,-5],[24,11],[9,7],[24,19],[18,7],[2,-47],[1,-20],[126,-222],[42,-2],[40,30],[24,18],[95,-5],[4,0],[96,-4],[14,133],[-23,40],[-20,35],[50,42],[77,64],[-7,149],[-9,206],[128,203],[125,47],[177,-32],[28,-5],[17,11],[47,31],[83,-14],[70,-13],[65,16],[-28,44],[10,37],[-6,46],[-44,12],[-5,1],[-36,45],[-1,33],[-1,65],[61,98],[14,10],[40,30],[-12,35],[-18,47],[33,-9],[8,25],[10,31],[-14,53],[-30,112],[6,216],[-22,64],[22,64],[7,20],[7,134],[-23,24],[-15,15],[19,136],[87,96],[63,35],[61,35],[62,383],[-21,22],[-43,41],[-6,197],[50,30],[61,-20],[36,-139],[22,-88],[111,-39],[185,31],[323,180],[-39,43],[-26,29],[17,129],[7,46],[-18,147],[-14,124],[15,66],[62,87]],[[85200,131798],[89,55],[38,147],[15,58],[59,86],[11,4],[11,67],[70,113],[62,36],[32,18],[2,49],[7,129],[83,111],[31,120],[40,58],[64,-16],[37,-17],[40,-5],[9,-13],[13,-32],[7,-19],[16,3],[20,-6],[24,-20],[67,-4],[38,19],[4,4],[12,9],[29,36],[29,8],[69,-28],[11,-4],[34,4],[28,-14],[9,29],[-4,64],[-4,53],[37,74],[51,101],[8,119],[0,6],[-8,93],[90,223],[19,46],[28,226],[-35,45],[-19,25],[29,72],[10,24],[47,136],[-2,50],[-3,55],[28,-1],[22,-1],[15,6],[34,24],[11,80],[68,133],[27,55],[8,3],[4,1],[23,19],[14,47],[7,21],[29,33],[21,24],[21,0],[16,16],[4,17],[54,-20],[13,-5],[19,21],[42,46],[89,38],[32,16],[25,2],[36,26],[21,-5],[33,-7],[169,93],[73,69],[57,108],[7,14],[17,23],[2,30],[6,19],[42,63],[22,9],[13,38],[31,50],[51,128],[-2,19],[-2,25],[61,78],[30,11],[25,26],[33,66],[60,53],[31,33],[34,26],[48,23],[21,0],[12,-3],[16,-4],[21,24],[147,212],[25,81],[17,57],[28,19],[37,25],[4,44],[4,49],[67,70],[12,14],[16,23],[23,36],[79,55],[50,4],[53,59],[85,-10],[92,53],[91,1]],[[91039,125439],[-24,-19],[-21,32],[31,21],[14,-34]],[[84232,131372],[-23,98],[52,100],[161,135],[86,-36]],[[84508,131669],[118,-153],[-12,-99],[-184,6],[-198,-51]],[[81781,136438],[11,-39],[4,-45],[-2,-61],[20,-23],[-19,-20],[-20,-22],[-7,-49],[43,-137],[9,-28],[29,-84],[-20,-91],[43,-12],[-38,-67],[-1,-6],[-15,-97],[20,-95],[42,-75],[26,-26],[80,-11],[50,-7],[125,-94],[0,-11],[45,-61],[1,-1],[2,-2],[78,-43],[76,-146],[18,-85],[14,-7],[24,-26],[-5,-35],[-1,-27],[29,-93],[7,-17],[1,-35],[0,-3],[20,-93],[13,-28],[66,-51],[117,-68],[60,-36],[0,-59],[0,-42],[30,-50],[6,-1],[16,-3],[-5,-211],[-1,-27],[2,-5],[33,-90],[-24,-142],[-13,-73],[44,-42],[94,-89],[20,-89],[0,-71],[-75,-33],[-25,-11],[-47,-113],[52,-137],[153,-17],[85,41],[70,32],[28,-9],[32,-96],[8,-38],[13,-54],[32,-60],[42,-81],[-15,-19],[-10,-13],[-16,-16],[-6,-16],[-3,-21],[7,-48],[41,-45],[1,-1],[0,-13],[3,-71],[83,-157],[76,-56],[48,-35],[45,-76],[22,-119],[-13,-48],[-31,-114],[69,-360],[11,-53],[4,-129],[10,-272],[189,15],[125,22],[20,4],[14,5],[18,2],[27,-8],[10,-3],[41,0],[30,-3],[55,3],[-7,30],[0,0],[34,64],[54,12]],[[84508,131669],[17,53],[110,65],[149,5],[269,81],[147,-75]],[[82652,127025],[-230,-173],[-50,10],[-29,6],[-15,-10],[-50,-31],[-79,6],[-115,106],[-10,9],[0,-1],[-36,-24],[-38,47],[-18,162],[2,15],[7,65],[-21,37],[-9,16],[5,15],[28,72],[-43,46],[-47,49],[0,40],[31,30],[10,9],[-18,156],[-84,-17],[-11,-45],[-84,-26],[-14,-18],[-7,-8],[-6,3],[-66,34],[-53,-84],[-12,-18],[-53,-32],[-79,53],[-77,52],[-100,34],[-40,-154],[-1,-5],[-3,-3],[-35,-46],[26,-96],[27,-93],[-37,-28],[-25,-20],[-17,-61],[-10,-35],[-74,-91],[-61,-25],[-24,-10],[-63,-56],[-26,8],[-49,-41],[-28,-67],[-12,-27],[-51,-28],[-59,-31],[-25,-29],[-11,-21],[-10,-9],[-58,-57],[-30,-20],[-1,-1],[-36,-15],[10,-24],[-4,-27],[14,-40],[20,-58],[0,-26],[-18,-55],[-8,-57],[-19,-34],[0,-22],[-52,-14],[-16,-8],[-34,-3],[-22,-9],[-9,2],[-8,2],[-58,-20],[10,-43],[12,-58],[-218,-57],[-88,-53],[-51,9],[18,61],[14,46],[4,89],[-56,161],[-14,118],[-64,-3],[-30,-25],[-47,-38],[-91,-24],[-31,2],[-40,3],[-23,-50],[-36,-80],[-39,-21],[-16,-89],[-55,8],[-22,3],[-30,-67],[-11,-25],[-122,-152],[-22,-16],[-51,-37],[-11,-29],[-10,-27],[-50,1],[-29,1],[-71,-44],[-1,0],[-35,-28],[-28,13],[-27,13],[-40,-16],[-78,-29],[-58,89],[-4,43],[-8,101],[-223,24],[-268,9],[-89,-17],[-47,-9],[-26,9],[-20,22],[-24,18],[-9,13],[-4,6],[-40,21]],[[78045,126002],[-10,79],[-32,39],[-12,14],[-68,211],[-7,21],[-2,4],[-61,111],[7,70],[9,91],[-14,191],[14,46],[-19,101],[-9,44],[26,42],[36,60],[98,373],[-71,-4],[-25,-24],[-34,-33],[-87,-5],[-98,-71],[-91,39],[-14,7],[-107,-28],[-3,-34],[-19,-36],[-3,-5],[-2,-21],[-11,-39],[-23,-53],[-65,-59],[-11,-7],[-10,-5],[-7,-3],[-79,-22],[-7,-23],[-4,-63],[1,-29],[-1,-6],[-6,-44],[-26,-4],[-22,-4],[-26,-13],[-21,-7],[-10,-3],[-20,-15],[-34,-33],[-51,15],[-16,4],[-21,-16],[-44,-35],[-14,-7],[-61,-14],[-99,28],[-128,80],[-183,115],[-38,-7],[-33,-7],[-47,73],[11,59],[9,47],[-51,128],[-98,30],[-70,21],[-52,78],[4,70],[2,50],[-211,218],[-38,-24],[-6,-3],[-229,47]],[[75601,127802],[48,94],[4,29],[8,54],[79,133],[50,44],[100,87],[23,57],[2,4],[13,14],[10,10],[39,15],[17,9],[-54,53],[-23,23],[-8,183],[17,46],[29,80],[-38,113],[-3,20],[-31,224],[40,21],[5,3],[159,125],[103,148],[4,19],[22,43],[14,29],[25,14],[22,9],[23,31],[79,23],[64,-1],[3,0],[54,-7],[24,28],[21,19],[28,25],[17,20],[14,0],[19,11],[27,1],[26,-5],[-15,-43],[20,-61],[-7,-47],[-44,-51],[-13,-15],[-16,-76],[-1,-38],[55,-45],[31,-25],[37,-60],[51,-84],[173,6],[32,44],[3,131],[-29,44],[-22,33],[67,143],[44,-33],[4,-3],[108,-18],[102,85],[29,93],[-2,31],[-4,70],[-6,22],[5,39],[45,34],[19,14],[17,136],[14,113],[23,40],[57,98],[14,133],[7,46],[26,47],[-18,80],[-16,27],[-469,-186],[-42,-34],[-59,-47],[-23,121],[26,50],[38,74],[6,100],[2,24],[-4,37],[0,20],[7,25],[18,14],[19,36],[57,43],[10,-69],[8,-62],[45,11],[9,3],[25,-8],[141,-46],[74,19],[30,58],[17,33],[102,92],[21,83],[44,39],[35,-8],[70,51],[2,2],[84,74],[16,63],[-8,26],[-1,3],[7,10],[40,66],[-6,25],[-12,50],[37,18],[31,14],[-65,76],[-41,47],[-20,66],[53,94],[57,42],[131,55],[51,21],[35,63],[-9,26],[-8,23],[48,55],[27,-8],[31,-10],[65,26],[84,45],[31,39],[79,102],[111,111],[13,-6],[9,-4],[-2,12],[-5,41],[188,145],[51,40],[-12,92],[-8,61],[104,77],[79,59],[65,101],[1,21],[3,68],[66,61],[21,19],[28,72],[5,28],[-28,71],[-35,88],[28,143],[1,126],[-2,30],[69,63],[6,5],[4,9],[109,219],[45,38],[30,4],[31,4],[20,150],[-29,129],[-17,10],[-27,169],[-1,0],[-23,9],[3,56],[47,7],[28,4],[56,55],[49,167],[-1,52],[-2,72],[25,35],[22,32],[-8,97],[-62,128],[-26,112],[-120,60],[-62,32],[-26,-13],[-35,64],[-36,209],[1,178],[35,124],[64,68],[42,45],[6,108],[1,21],[8,76],[10,64]],[[79329,136264],[14,34],[43,13],[40,12],[24,41],[30,52],[81,-38],[20,-5],[2,-2],[9,-8],[22,-13],[13,-12],[31,-4],[18,-6],[32,-1],[17,3],[47,24],[15,14],[35,22],[20,17],[67,41],[17,15],[14,5],[17,13],[-3,38],[-1,4],[52,66],[40,-31],[22,-17],[41,6],[44,7],[24,-47],[20,-40],[34,-4],[63,-6],[13,-55],[12,-49],[27,-19],[24,7],[7,4],[13,6],[43,-51],[30,-37],[164,-123],[14,-8],[3,-2],[204,-152],[24,-33],[48,-65],[24,32],[26,36],[14,-10],[41,7],[40,-4],[6,-3],[9,-4],[17,-1],[13,4],[28,-5],[79,43],[-20,61],[-1,3],[9,42],[24,101],[-1,13],[-2,42],[51,60],[56,11],[6,1],[14,17],[50,58],[41,9],[35,-11],[32,-10],[36,23],[72,46],[116,11],[47,-14]],[[85680,152720],[-23,11],[-18,-72],[-12,-51],[-122,-164],[-77,22],[11,87],[1,3],[-39,67],[-86,10],[-105,-54],[-42,-48],[-44,-49],[-37,-10],[-35,-9],[-36,-61],[-3,-4],[-69,-118],[-46,-28],[-29,-17],[-10,-32],[-16,-54],[-115,-73],[-8,0],[-52,-3],[-6,-31],[-3,-11],[-41,-43],[-68,60],[-4,34],[-9,64],[-138,-140],[26,-46],[-5,-83],[57,-39],[19,-12],[21,-155],[-3,-21],[-20,-140],[40,-78],[7,-15],[-3,-34],[-4,-53],[7,-18],[12,-32],[-101,-84],[-57,-48],[-5,-34],[44,-116],[16,-43],[-4,-21],[-4,-19],[7,-1],[79,-14],[-102,-62],[-97,-60],[23,-65],[6,-15],[-12,-18],[-13,-19],[8,-38],[97,-63],[48,-31],[-8,-19],[1,-3],[4,-25],[4,-46],[-13,-16],[13,-41],[7,-6],[6,-5],[19,-88],[-13,-31],[-20,-44],[37,-11],[62,-18],[87,-151],[6,-24],[-14,-67],[-10,-48],[18,-82],[1,-7],[-1,-1],[-36,-35],[37,-32],[5,-22],[13,-67],[-148,-29],[-241,5],[-25,21],[-31,26],[-37,-143],[-71,-149],[10,-124],[11,-10],[64,-58],[-46,-56],[-5,-6],[-6,-135],[53,-117],[85,33],[174,67],[42,-91],[-8,-45],[-21,-5],[-20,-4],[13,-60],[9,-45],[-9,-12],[-9,-12],[18,-23],[14,-18],[53,-64],[-23,-96],[-3,-13],[30,-95],[14,-44],[0,-10],[-9,-144],[11,-7],[2,-21],[38,2],[23,1],[12,-129],[-1,-6],[-11,-61],[33,-122],[30,-85],[-8,-106],[56,-28],[13,-7],[13,-127],[-9,-13],[-38,-53],[41,-50],[21,-25],[-19,-76],[-8,-34],[-1,-103],[36,-6],[62,-10],[54,-99],[4,-47],[79,-98],[23,-65],[-19,-138],[-47,-53],[-30,-34],[15,-34],[4,-9],[-2,-20],[-16,-126],[25,-33],[68,-51],[15,-6],[52,44],[16,-40],[81,25],[65,19],[46,-27],[4,-18],[17,-68],[82,24],[13,19],[23,33],[38,-27],[41,-84],[33,-67],[107,-61],[35,7],[24,5],[119,-41],[-27,-92],[-60,-71],[-46,-17],[-50,12],[-97,22],[-12,-251],[120,-229],[33,-14],[94,56],[95,-41],[9,82],[3,37],[42,20],[52,-30],[16,2],[56,7],[47,6],[97,-59],[76,47],[70,-171],[-44,-96],[-38,-21],[-9,-5],[-11,-26],[-52,-132],[-53,-38],[-56,-41],[-90,-213],[-21,-217],[44,-7],[34,40],[177,19],[97,61],[15,20],[90,119],[51,3],[147,85],[55,32],[10,15],[24,36],[111,-16],[12,-77],[-21,-151],[7,-154],[-112,-12],[-42,21],[-34,18],[-74,-30],[-60,-131],[-40,-84],[-90,-32],[-92,-31],[-15,-70],[3,-44],[3,-52],[3,-10],[3,-13],[-1,-60],[4,-27],[6,-18],[-12,-8],[-32,-34],[-50,-33],[-13,-8],[-6,-8],[-48,-65],[-34,-28],[-28,-29],[-13,-10],[-48,-19],[-5,-2],[-22,-14],[-21,-13],[-14,-10],[-24,12],[-13,-7],[-4,4],[-7,5],[-12,-4],[-115,28],[-130,-62],[16,-38],[24,-58],[9,-105],[-44,-62],[-13,-18],[-6,-104],[178,-260],[40,-26],[34,-22],[61,-130],[-2,-163],[-4,-22],[-8,-22]],[[85927,142690],[-109,60],[-22,-22],[-18,-16],[-35,3],[-52,44],[-46,40],[-34,-16],[-44,-22],[-50,103],[-8,41],[-9,48],[-42,59],[-32,71],[-25,-13],[-43,-23],[-8,-5],[-115,-65],[-58,40],[-121,15],[-12,1],[-57,11],[-64,-19],[-56,-16],[-102,77],[-7,5],[-19,59],[-68,-102],[-79,8],[-116,-173],[-2,-4],[-42,-123],[-93,7],[-30,3],[-62,-79],[0,-2],[-4,-45],[-74,53],[-293,127],[0,1],[-33,56],[-126,-38],[-28,-47],[-11,-12],[-10,-12],[-57,-81],[-46,-33],[-30,-31],[-50,-31],[-29,-5],[-19,2],[-26,8],[-84,42],[-76,45],[-25,18],[-43,1],[-32,5],[-25,12],[36,57],[12,18],[10,107],[28,301],[24,2],[133,10],[-10,13],[-72,47],[-22,23],[17,17],[13,18],[6,87],[-23,24],[-24,-42],[-62,-5],[-86,-66],[-3,-11],[-13,-41],[-41,-33],[-85,28],[-125,41],[12,-55],[-6,-27],[-8,-30],[-31,-25],[-67,10],[-8,-52],[-99,104],[-28,72],[-24,61],[-41,17],[-45,19],[-80,118],[-82,115],[-18,122],[-18,129],[-97,51],[-7,3],[-1,3],[-22,37],[-62,34],[-60,-3],[-44,-83],[-97,-50],[-162,-181],[-20,-35],[-5,-36],[14,-33],[2,-5],[20,-35],[-102,-113],[-17,-16],[-13,-12],[-20,-33],[-24,-49],[-5,-13],[-5,-17],[-9,-37],[-26,5],[-27,-1],[-13,-4],[-5,-27],[-38,-20],[-47,-17],[-32,-15],[-142,433],[-93,127],[-50,199],[-12,45],[-108,182],[-18,-5],[-2,0],[-3,8],[-6,15],[-7,5],[-8,4],[-28,-7],[-12,72],[-10,67],[-112,14],[-69,-56],[-41,-66],[-15,-23],[-11,-18],[-107,-3],[-4,21],[-7,38],[-7,40],[-103,78],[-106,-97],[-14,-19],[-29,-40],[-59,-85],[-18,85],[-11,50],[-92,135],[7,65],[-16,41],[70,152],[12,8],[51,36],[43,78],[20,90],[4,57],[-8,20],[-12,27],[65,134],[77,49],[7,4],[91,59],[-13,20],[-7,38],[-27,136],[-11,52],[-25,88],[13,33],[49,71],[45,75],[27,48],[6,5],[60,44],[77,0],[-36,52],[-31,48],[-16,26],[12,22],[1,2],[-2,3],[-26,42],[-46,199],[12,46],[-3,25],[-20,185],[13,76],[-107,23],[-110,-20],[-28,45],[-70,-40],[-11,-38],[-1,-4],[-58,-23],[-107,46],[-51,74],[-62,-26],[1,109],[-31,90],[64,50],[10,8],[37,93],[4,61],[-34,108],[-39,121],[2,26],[28,28],[25,30],[8,6],[26,19],[1,90],[7,53],[-16,33],[-16,20],[-8,9],[-20,55],[14,52],[20,10],[28,15],[-7,52],[15,73],[7,15],[-1,27],[-1,5],[4,27],[23,81]],[[81685,155339],[101,-27],[31,24],[65,50],[119,6],[82,-49],[123,-5],[20,-12],[29,-17],[19,-12],[13,12],[90,80],[108,96],[52,-49],[48,-46],[86,5],[14,1],[12,-9],[77,-56],[140,165],[89,106],[89,-52],[63,-36],[119,7],[31,107],[5,17],[54,99],[36,-39],[65,-1],[30,-41],[57,-75],[71,-33],[93,-44],[40,-39],[37,-91],[29,-72],[8,-19],[52,-82],[21,-118],[64,-115],[105,-129],[393,-54],[103,-14],[157,-113],[-2,-83],[2,-67],[8,-208],[54,-58],[29,-30],[-19,-34],[-20,-36],[-5,-65],[39,-169],[-3,-220],[38,-79],[53,-51],[63,-1],[57,68],[53,63],[51,7],[26,4],[34,37],[79,86],[25,-80],[1,-5],[40,-23],[73,-43],[-5,-103],[-49,-63],[-39,-101],[-34,2],[-31,38],[-26,31],[-50,-83],[-79,-27],[81,-52],[7,-4],[15,-49],[-35,-16],[-35,-17],[-56,58],[1,-60],[180,-206],[165,19],[27,4],[15,-4],[107,-27],[36,-144],[42,-44],[20,-20],[22,-90]],[[84569,152403],[75,-36],[40,88],[-91,35],[-24,-87]],[[86178,152794],[-18,-5],[-3,-52],[-38,24],[-36,-15],[-20,-3],[-35,10],[-37,15],[-26,-6],[-33,13],[-5,2],[-32,-4]],[[85895,152773],[-22,76],[6,74],[43,77],[4,-1],[46,-18],[22,20],[-14,105],[-1,7],[9,8],[88,74],[-13,72],[-7,44],[49,93],[37,17],[26,-34],[3,-99],[2,-79],[3,-12],[18,-75],[5,-162],[-21,-166]],[[86028,145848],[-47,-25],[23,103],[-4,11],[-22,51],[-32,77],[26,44],[29,-96],[19,-60],[1,-16],[6,-64],[1,-25]],[[85767,146655],[-21,-37],[-18,-31],[46,-107],[31,-74],[-7,-48],[-44,41],[-8,8],[-104,52],[-58,-28],[-34,-16],[-44,60],[-7,33],[-4,118],[0,4],[6,3],[9,4],[1,-2],[9,-10],[40,7],[42,-10],[28,28],[37,24],[1,2],[43,48],[56,-69]],[[85592,153067],[-34,-22],[-32,60],[-16,34],[22,54],[-22,49],[-3,4],[-20,26],[6,22],[-2,39],[20,28],[12,27],[26,-23],[43,-24],[25,-21],[18,-25],[0,-54],[-3,-41],[10,-36],[-7,-25],[-4,-28],[-12,-23],[-13,-10],[-14,-11]],[[84624,148287],[-23,-21],[-15,39],[27,20],[11,-38]],[[78332,136768],[-17,47],[21,85],[111,36],[115,5],[133,-93],[65,-225],[-1,-3],[-16,-47],[19,-31],[30,33],[28,30],[74,-24],[26,-9],[19,12],[54,31],[257,-224],[79,-127]],[[75601,127802],[-42,-53],[-125,-81],[-71,16],[-100,44],[-51,108],[32,23],[19,14],[64,133],[-91,394],[-131,-36],[-130,-166],[-41,-53],[-17,19],[-17,18],[17,66],[-159,-117],[-50,-1],[-48,-65],[-6,-52],[-10,-74],[-117,-219],[-19,-83],[-23,32],[-103,2],[-23,33],[-74,32],[-68,40],[-21,-20],[-75,81],[-137,70],[-80,122],[-5,26],[-14,35],[7,94],[1,16],[11,33],[2,36],[-64,5],[-161,13],[-321,148],[84,48],[54,31],[-8,114],[-1,13],[8,10],[53,71],[-22,31],[-18,27],[35,26],[48,36],[-47,64],[-42,0],[-118,109],[-74,12],[-26,5],[-6,17],[-7,18],[-13,6],[-38,19],[33,87],[42,113],[-84,-38],[-34,-15],[-63,0],[-31,60],[-23,45],[-3,81],[-120,64],[-45,24],[-65,118],[-34,63],[-238,46],[-80,-117],[-24,-36],[-13,0],[-48,0],[-22,-33],[-10,-42],[-6,-25],[-26,-24],[-24,-4],[-48,-8],[-21,-21],[-33,-33],[-118,-26],[-124,-28],[-48,-39],[-21,-61],[-6,-18],[-56,-67],[-50,-60],[2,-45],[4,-5],[19,-21],[-3,-84],[-71,-60],[-118,-20],[-43,15],[-37,13],[-41,-16],[-35,-15],[-127,-179],[4,-41],[3,-43],[-12,1],[-28,-15],[-13,-4],[-19,-1],[-4,0],[-27,2],[-48,17],[-27,-5],[-23,-17],[-20,-5],[-19,-17],[-49,-52],[-14,-2],[-32,-11],[-140,-78],[-10,-12],[-32,-11],[-21,-11],[-23,-15],[-22,-18],[-13,-4],[-14,-20],[-30,-31],[-28,-38],[-30,-34],[-45,-61],[1,-28],[-2,-11],[-4,-18],[-10,-44],[-1,-23],[-10,-22],[26,-49],[22,-39],[-13,-99],[17,-53],[-13,-6],[-37,-46],[-25,-26],[-16,-37],[-22,-18],[-29,-13],[-7,-5],[-15,-11],[-10,-17],[-14,-24],[-33,1],[-26,7],[-4,2],[-4,-3],[-53,-32],[-49,-22],[-63,5],[-46,-18],[-11,-1],[-10,19],[-7,7],[-16,17],[-19,-11],[-175,-46],[-10,-18],[-26,-35],[0,-37],[0,-34],[-30,-23],[-30,-18],[-5,-3],[-3,-8],[-5,-11],[-2,-21],[-75,81],[-23,62],[-36,98],[-38,22],[-14,-14],[-192,-181],[-9,-45],[-12,-61],[-61,30],[-76,37],[-21,36],[-114,5],[-3,-45],[-1,-23],[-25,-11],[-88,27],[-25,29],[-5,6],[-34,0],[-29,1],[-17,33],[-18,36],[-11,-1],[-27,-3],[-101,149],[-10,14]],[[68739,127565],[24,293],[127,147],[124,97],[81,15],[36,7],[59,80],[-6,96],[-8,121],[43,64],[26,39],[-113,135],[-13,14],[-38,42],[-7,28],[-7,26],[-30,31],[-44,44],[-73,122],[-59,272],[-19,193],[90,216],[24,29],[12,9],[29,33],[6,24],[11,20],[36,139],[61,59],[49,46],[-10,105],[-23,48],[-10,23],[-12,104],[1,4],[19,93],[-25,46],[-86,46],[-150,81],[6,39],[13,41],[3,17],[19,34],[5,32],[2,27],[-6,38],[10,66],[89,143],[4,6],[47,118],[10,33],[21,40],[12,39],[10,49],[32,164],[31,72],[-30,29],[-29,27],[-6,58],[6,55],[3,36],[-58,253],[3,120],[-51,80],[-20,33],[-33,107],[-9,122],[13,60],[2,8],[1,12],[16,230],[23,75],[11,37],[16,109],[-15,85],[-17,94],[-11,209],[86,9],[49,5],[1,160],[-33,158],[-16,54],[-30,-3],[-28,-2],[-113,82],[-70,137],[0,86],[1,123],[-48,187],[-4,7],[-20,71],[-13,20],[-44,67],[-69,92],[-26,34],[-16,33],[-119,240],[-57,41],[-19,14],[-58,135],[5,124],[94,93],[52,-24],[174,-80],[83,-7],[63,-6],[123,21],[30,20],[34,8],[47,34],[13,7],[25,6],[2,45],[1,37],[42,48],[55,64],[105,184],[25,117],[97,173],[-39,94],[-53,126],[12,92],[64,54],[49,41],[48,79],[73,121],[53,47],[31,28],[34,29],[65,101],[15,63],[-4,21],[-3,13],[12,15],[39,45],[-1,67],[-5,35],[64,98],[105,117],[60,65],[12,43],[19,66],[42,-16],[66,-26],[128,63],[1,0],[1,0],[58,-44],[30,61],[19,37],[25,-26],[6,-51],[3,-32],[26,-44],[30,-7],[31,3],[24,36],[87,31],[25,73],[18,52],[164,173],[29,-65],[18,-40],[62,3],[126,95],[1,30],[-23,30],[-42,55],[68,85]],[[71084,137903],[37,-67],[50,-7],[44,23],[23,12],[40,-36],[38,-34],[73,-9],[74,-10],[14,-24],[14,-25],[78,19],[51,5],[15,16],[45,47],[50,9],[54,-35],[57,-36],[47,-67],[20,-6],[58,-4],[10,-5],[14,-18],[52,5],[27,2],[17,-24],[29,-45],[133,-86],[69,13],[23,4],[39,-26],[18,-18],[6,-16],[1,-2],[50,-49],[11,-24],[11,-13],[34,-12],[30,-4],[10,-1],[18,-7],[9,-10],[8,-15],[0,-1],[48,-88],[196,-131],[10,-11],[110,-46],[66,-28],[109,-105],[61,-60],[63,116],[4,7],[87,102],[46,-3],[159,-9],[51,60],[31,37],[13,-30],[14,-35],[61,-51],[148,-57],[88,-35],[-14,-59],[-42,-53],[-17,-21],[-41,-112],[-2,-95],[31,-100],[65,-43],[50,5],[34,60],[81,137],[43,13],[35,-46],[6,-75],[1,-13],[53,-144],[67,-62],[30,34],[6,58],[63,24],[-10,50],[32,24],[-1,56],[0,19],[30,54],[10,27],[18,13],[11,-4],[29,-11],[4,29],[11,12],[-22,179],[-25,216],[50,131],[91,82],[19,-11],[27,-16],[29,3],[53,4],[35,-31],[59,-51],[105,-63],[64,-16],[109,29],[29,8],[48,-31],[76,-49],[133,-4],[28,29],[47,49],[30,21],[15,0],[33,15],[26,-1],[25,4],[210,67],[15,-2],[111,-17],[47,77],[26,44],[71,5],[132,-131],[28,-121],[11,-47],[51,-7],[47,-6],[33,-40],[19,-23],[94,-53],[71,98],[31,42],[101,-30],[243,-227],[1,-5],[12,-55],[38,-45],[73,-17],[40,-10],[-1,-119],[-1,-110],[22,-85],[67,68],[17,49],[-11,42],[-17,60],[0,100],[293,92],[118,-18],[63,-215],[-11,-90],[-10,-85],[103,-128],[124,50],[39,16],[39,-67],[57,-97],[38,-6],[18,-3],[15,-32],[13,-29],[180,83],[9,35],[8,46],[22,178],[-12,33],[-27,76],[48,128],[7,18],[0,52]],[[93282,153033],[38,-72],[93,59],[147,11],[46,3],[199,-1],[37,5],[52,7],[41,-31],[87,-67],[55,-2],[5,0],[6,-5],[51,-43],[36,1],[35,1],[40,-37],[25,-23],[31,-4],[53,-5],[41,-40],[32,-31],[106,22],[144,30],[3,-40],[1,-9],[26,-36],[29,-38],[3,-13],[15,-62],[84,38],[28,29],[47,50],[27,-6],[2,-53],[-29,-98],[0,-78],[-61,-150],[-96,-127],[-49,16],[-18,5],[-43,-76],[-5,-98],[60,-51],[28,-23],[73,-120],[12,-19],[21,-72],[165,8],[39,94],[35,84],[85,-31],[1,-184],[30,-107],[2,-76],[-125,-89],[-69,-1],[2,38],[2,32],[-31,38],[-36,-22],[-32,-19],[-46,24],[-70,35],[-111,-25],[-61,-14],[-38,14],[-118,11],[-78,113],[-5,22],[-15,64],[-26,25],[-29,-28],[-21,-20],[-50,18],[-160,56],[-74,-46],[-7,-20],[-17,-53],[-124,4],[-18,11],[-35,9],[-15,9],[-27,-6],[-26,6],[-18,-3],[-45,4],[-30,44],[10,67],[-7,17],[-72,193],[-15,2],[-27,2],[-34,3],[-68,60],[-26,23],[-23,7],[-51,16],[-11,33],[-22,64],[-53,29],[-24,14],[-64,38],[-6,20],[8,9],[21,22],[-34,45],[-86,40],[42,58],[45,19],[11,115],[0,59],[1,46],[33,69],[15,9],[24,13],[16,87],[16,92],[19,-37]],[[91399,156755],[-50,-8],[-75,-72],[-22,-57],[11,-35],[7,-24],[-47,-95],[-64,-130],[62,-91],[105,-55],[7,4],[68,42],[45,-125],[-63,-105],[-16,-27],[-61,-101],[41,-32],[56,-42],[-33,-319],[0,-2],[0,-2],[19,-62],[-68,-1],[-87,0],[-55,-67],[40,-40],[9,-19],[147,-89],[53,2],[67,2],[224,-62]],[[91719,155143],[78,63],[85,-44],[20,-62],[98,-133],[33,-17]],[[92033,154950],[-32,-114],[103,-86],[20,-16],[5,-5],[0,0],[5,-40],[56,-39],[30,-2],[66,-2],[89,-126],[-23,-36],[-16,-9],[-24,-2],[-2,0],[-4,-9],[-29,-66],[-18,0],[-6,0],[-18,0],[-55,-78],[-7,-43],[-10,-53],[-59,-27],[-44,-20],[-158,-40],[-59,10],[-9,2],[-35,-12],[-82,-30],[-22,26],[-70,87],[-40,-39],[-39,-4],[-50,-5],[-36,55],[-13,19],[-26,15],[-61,35],[-1,48],[-2,94],[-16,45],[-179,80],[-169,10],[-24,1],[-15,8],[-51,28],[-66,-54],[-11,-85],[-58,-111],[-16,-78],[-9,-41],[-72,-47],[-88,-58],[-4,-67],[-3,-75],[-19,-9],[-41,-18],[26,-97],[82,-115],[94,-114],[103,-151],[55,-59],[11,-19],[54,-37],[70,9],[-54,64],[-39,48],[64,58],[118,244],[45,-45],[61,-61],[57,-10],[79,42],[75,103],[2,11],[11,56],[75,134],[47,-16],[15,-44],[11,-31],[8,-7],[31,-25],[-52,-195],[-54,-101],[-4,0],[-24,-1],[-23,-105],[0,-2],[0,0],[-57,-42],[-42,-129],[-8,-73],[-2,-22],[-19,-26],[-39,-55],[167,-144],[10,-2],[41,-8],[-49,-122],[-70,-174],[71,-24],[94,22],[15,10],[86,61],[61,-57],[30,-27],[7,29],[14,54],[73,-52],[11,-7],[37,9],[3,1],[17,10],[59,12],[-4,-72],[-3,-58],[51,-128],[47,-13],[43,14],[7,2],[46,15],[6,-29],[7,-38],[39,-11],[14,-4],[-5,-10],[-16,-34],[14,-39],[74,-34],[34,-16],[10,-50],[11,-52],[31,-44],[40,29],[11,8],[157,15],[96,-19],[9,-38],[8,-35],[91,-43],[49,-24],[19,-97],[44,-51],[-9,-25],[-12,-80],[-5,-27],[25,-125],[150,-144],[71,-9],[6,-3]],[[93126,151476],[-40,-50],[-79,-38],[-30,-49],[2,-42],[-64,9],[6,45],[-9,6],[-13,7],[-51,-14],[-2,-30],[-3,-29],[-26,4],[-13,-8],[-14,3],[-17,-5],[-28,9],[-22,13],[-37,81],[-19,43],[-71,47],[-151,22],[-23,-20],[-26,-23],[-37,-5],[-19,28],[-21,31],[-86,24],[-59,-48],[-2,-8],[-20,-66],[-26,17],[-22,26],[-55,22],[-36,14],[-60,2],[-47,-5],[-40,0],[-26,-10],[-51,7],[-40,13],[13,-93],[-11,-34],[35,-45],[4,-2],[43,-32],[57,-183],[-23,-75],[31,-56],[-52,-6],[-1,0],[-108,-65],[14,-61],[5,-20],[-32,-71],[-73,-65],[-38,-74],[-74,-50],[-95,-64],[50,-83],[104,-44],[25,26],[30,33],[65,23],[31,-23],[8,-32],[61,-39],[-19,-82],[10,-79],[-24,-112],[-46,-58],[-48,-60],[20,-118],[47,-20],[40,-1],[20,0],[53,-49],[19,-91],[35,-62],[31,-43],[26,-65],[-36,-72],[-65,-128],[29,-95],[-34,-135],[28,-132],[34,-162],[-27,-34],[-16,7],[-10,13],[-15,13],[-66,174],[-45,69],[15,51],[1,2],[6,33],[5,99],[-74,67],[-62,-65],[15,-76],[10,-48],[-14,-55],[-35,-129],[58,-4],[63,-5],[84,-152],[42,-71],[-8,-65],[-117,-19],[-140,-23],[-13,-57],[-1,-79],[28,-44],[51,-78],[-39,-63],[-5,-9],[-13,-65],[38,-159],[21,-88],[5,-92],[36,-62],[-35,-83],[-8,-20],[15,-59],[28,-107],[-51,-95],[-10,-18],[-17,-30],[3,-14],[14,-64],[-11,-74],[-72,-77],[-92,-97],[12,-54],[58,-61],[8,-9],[1,-14],[3,-76],[44,-41],[30,-28],[75,-125],[2,-115],[1,-11],[38,-137],[43,16],[18,8],[46,-26],[43,-62],[40,-85],[20,-60],[23,-70],[67,-201],[52,22],[18,8],[110,-52],[76,32],[3,2],[11,-4],[81,-28],[45,8],[65,11],[121,34],[40,-23],[101,-479],[12,-168]],[[92787,145260],[-110,-54],[-114,-239],[-95,-298],[-5,-68],[20,-39],[16,-32],[-23,-137],[-37,-78],[-64,-8],[-43,17],[-61,24],[-66,-143],[-11,-32],[-1,-19],[7,-24],[4,-6],[11,-16],[-33,-64],[-3,-2],[-8,-7],[-10,-32],[4,-9],[5,-13],[-10,-94],[-56,11],[-37,8],[-13,3],[-2,-3],[-22,-31],[-29,9],[-11,7],[-3,18],[-1,4],[-61,17],[-20,1],[-8,-30],[-6,-22],[-16,-28],[-15,3],[-23,-11],[-35,6],[-84,-69],[-24,24],[-24,24],[-24,-61],[12,-50],[12,-50],[-6,-50],[-32,-36],[-51,-57],[-133,-300],[-9,-52],[-6,-42],[-214,-191],[-113,110],[-46,129],[3,60],[4,73],[-162,97],[-13,2],[-57,10],[-31,52],[-19,14],[-25,92],[9,34],[12,44],[-20,17],[-59,43],[-12,-1],[-59,-8],[-16,58],[-15,58],[-65,33],[-15,-39],[-21,-36],[32,-52],[28,-44],[-23,-169],[-5,-37],[-27,-63],[2,-106],[36,-63],[4,-7],[-3,-14],[-15,-69],[11,-35],[-13,-27],[-9,-32],[29,37],[21,26],[19,-118],[-6,-57],[-30,-38],[-23,-29],[12,-89],[14,-36],[25,-60],[-44,-71],[-52,-8],[-81,-13],[-23,-64],[-11,-32],[-46,-11],[-17,-4],[-2,-10],[-14,-70],[-107,-20],[-55,-10],[-26,-46],[17,-46],[-24,-41],[-26,-36],[4,-28],[1,-52],[-12,-33],[8,-60],[-3,-50],[6,-16],[8,-20],[1,-25],[-69,-9],[-136,-18],[-86,-148],[-70,-200],[1,-6],[6,-79],[-15,-38],[-15,20],[-14,0],[-36,2],[-17,-31],[-3,-35],[-13,-4],[-28,-106],[11,-45],[8,-30],[-135,-308],[-41,-17],[-57,69],[-203,10],[-61,85],[-34,46],[-50,8],[-57,-27],[3,-79],[1,-12],[-10,-8],[-34,-24],[25,-35],[40,-58],[-25,-93]],[[88966,140763],[-58,30],[-104,-17],[-33,-56],[2,-32],[4,-48],[-68,20],[-93,27],[-21,-16],[-30,-23],[-15,28],[-42,83],[-18,-17],[-39,-55],[-41,10],[-75,11],[-83,-63],[-13,2],[-48,-51],[-4,-4],[-2,0],[-11,-2],[-8,-19],[-15,-42],[-32,-21],[-4,-3],[-3,-6],[-45,-109],[-14,-62],[-62,-18],[-42,-75],[-70,-45],[-50,-32],[15,-77],[2,-15],[-3,-16],[-13,-59],[1,-151],[7,-25],[13,-46],[-29,-64],[-15,-35],[2,-14],[15,-104],[-63,-69],[-14,45],[-2,4],[-12,54],[-18,-5],[-18,0],[-47,10],[-3,-1],[-33,-13],[-37,0],[-3,50],[-6,26],[-3,40],[10,76],[1,6],[0,8],[-2,19],[2,29],[13,203],[-11,102],[-9,72],[9,46],[21,109],[-86,-47],[-35,-65],[-62,-44],[-18,-9],[-28,30],[23,-64],[-19,-45],[29,-89],[4,-11],[-2,-8],[-11,-50],[10,-63],[11,-5],[13,-5],[22,-32],[18,-19],[-46,-14],[-30,14],[-98,-22],[-46,-26],[-19,71],[-8,32],[-14,38],[-22,46],[-10,1],[-28,7],[-11,2],[-24,49],[-125,261],[-54,32],[-14,-5],[-48,-17],[-2,24],[-5,18],[-33,106],[-14,47],[-121,119],[-38,30],[-23,13],[-40,15],[-13,2],[0,0],[-55,-2],[-24,20],[-42,23],[-45,46],[-13,36],[-2,13],[-5,33],[-103,-27]],[[86293,140822],[-28,138],[-26,22],[-13,10],[-7,48],[-4,31],[-64,18],[-23,7],[3,5],[25,50],[-87,39],[-36,-30],[-32,-25],[-21,28],[-17,65],[26,78],[3,7],[8,125],[10,128],[8,25],[7,21],[4,53],[2,45],[-3,42],[-12,166],[-78,149],[-92,132],[-85,64],[-21,0],[-29,0],[4,80],[33,58],[41,5],[47,4],[6,45],[3,57],[2,12],[8,76],[19,88],[14,-6],[17,-2],[22,10]],[[85680,152720],[58,-9],[57,17],[49,10],[51,35]],[[86178,152794],[16,-6],[3,1],[12,1],[24,24],[16,-4],[26,-22],[13,-1],[3,-25],[4,-40],[9,-38],[81,5],[49,33],[6,4],[20,-5],[5,-2],[36,4],[-2,36],[-1,29],[93,54],[24,-20],[26,-22],[76,-3],[5,70],[8,100],[52,44],[0,0],[0,1],[37,131],[88,-80],[98,-88],[61,11],[148,111],[35,10],[45,135],[-14,109],[-4,29],[7,64],[3,29],[-20,37],[-81,145],[25,68],[29,77],[-80,106],[-142,83],[-61,-116],[3,-55],[5,-116],[-24,-53],[-49,-7],[-181,102],[45,83],[29,54],[33,126],[-20,87],[-18,84],[65,-25],[23,-9],[146,-6],[21,47],[46,104],[46,5],[30,4],[38,40],[2,85],[-51,105],[-56,54],[-101,83],[-27,-39],[-9,-13],[-34,-12],[-21,3],[-36,6],[3,-28],[-14,-92],[-16,-112],[-38,-7],[-74,-16],[-78,-87],[-14,-64],[-7,-33],[-40,-47],[-24,48],[1,1],[19,58],[-71,-18],[-99,13],[-70,9],[-87,146],[-14,74],[39,127],[13,61],[6,20],[13,65],[24,79],[8,20],[2,20],[5,24],[12,19],[20,73],[34,88],[29,56],[67,86],[145,66],[69,31],[9,19],[37,80],[69,145],[78,23],[100,2],[15,-8],[50,-29],[8,59],[5,31],[20,23],[56,62],[15,50],[-31,48],[-65,100],[17,84],[75,-21],[58,-17],[30,20],[56,36],[54,-33],[74,-45],[179,51],[16,34],[-5,39],[-2,20],[19,64],[48,33],[62,22],[113,40],[28,46],[3,6],[37,21],[19,12],[7,35],[7,31],[34,39],[72,82],[20,79],[30,115],[48,29],[54,112],[26,18],[9,7],[-1,8],[-5,50],[54,24],[204,-96],[37,-72],[9,-43],[17,-77],[36,13],[64,23],[72,-11],[189,-53],[186,-105],[25,-13],[115,-23],[47,7],[125,17],[55,-23],[46,-18],[167,12]],[[89720,156474],[182,77],[115,101],[112,33],[35,75],[21,48],[48,-3],[6,0],[133,63],[47,57],[38,46],[108,74],[4,45],[120,10],[14,1],[2,3],[15,31],[81,-113],[27,-55],[15,-31],[60,-64],[43,12],[11,3],[36,43],[52,-66],[4,-6],[75,-18],[20,24],[28,33],[21,2],[9,19],[16,-1],[21,13],[20,-8],[11,-8],[12,10],[18,1],[11,-8],[12,-3],[23,-25],[13,-4],[37,-74],[3,-56]],[[92658,151032],[-8,-3],[-31,24],[-12,37],[-12,37],[50,75],[14,19],[30,-20],[1,-29],[0,-21],[40,-52],[3,-3],[-31,-47],[-30,-12],[-14,-5]],[[92296,151127],[-31,-30],[10,37],[25,102],[52,-5],[14,-34],[-70,-70]],[[86723,154035],[31,-57],[-22,-7],[-40,36],[-24,-20],[-26,22],[25,23],[22,-23],[34,26]],[[88966,140763],[-10,-60],[36,-122],[0,-1],[0,-1],[5,-88],[211,-215],[139,-78],[85,62],[7,16],[35,76],[58,-75],[51,-65],[35,-30],[76,-63],[-11,-72],[-16,-104],[14,-138],[65,-66],[50,-4],[9,0],[17,-13],[127,-96],[39,11],[53,15],[82,-83],[14,-14],[9,2],[105,26],[-39,-56],[-16,-29],[-5,-24],[-2,-8],[-1,-22],[1,-3],[3,-22],[-6,-22],[-14,-56],[-16,-78],[15,-21],[4,-11],[9,-26],[-8,-43],[6,-20],[-14,-27],[-25,-46],[-7,-151],[50,-41],[65,-135],[139,-88],[37,-58],[37,-14],[40,-16],[49,-75],[49,-6],[20,-74],[10,-38],[115,-103],[6,-1],[63,-7],[8,-69],[5,-49],[107,-73],[48,-32],[16,-36]],[[81781,136438],[-2,21],[7,57],[33,48],[40,50],[2,2],[13,25],[9,10],[5,11],[13,31],[58,27],[3,3],[48,32],[2,8],[7,30],[15,13],[41,-28],[48,-26],[66,-63],[3,-5],[11,-15],[36,-24],[19,-17],[14,-2],[44,3],[39,26],[-4,60],[-22,61],[1,21],[-16,24],[-11,34],[-12,-7],[-13,38],[-14,4],[-16,33],[-3,2],[-29,26],[16,65],[6,23],[-5,30],[-13,92],[13,33],[32,17],[16,5],[3,2],[13,8],[26,22],[12,22],[12,12],[31,15],[43,61],[11,10],[16,28],[45,102],[47,107],[72,52],[71,53],[-22,103],[-95,109],[-2,2],[-46,62],[-19,101],[44,81],[64,-41],[54,-70],[20,-26],[82,-43],[66,66],[105,104],[38,9],[124,-95],[1,-3],[35,-100],[58,2],[116,-96],[10,24],[13,20],[-12,173],[-25,93],[-35,14],[-84,33],[-53,168],[2,48],[25,10],[-12,72],[21,63],[40,16],[34,14],[0,12],[-96,138],[-94,137],[-4,74],[10,46],[-14,26],[12,11],[91,33],[44,-19],[36,-15],[107,41],[18,31],[197,116],[10,33],[3,13],[146,92],[69,-22],[28,-9],[20,6],[66,20],[38,-27],[38,-27],[7,69],[8,72],[59,-5],[85,-8],[51,-31],[54,29],[17,34],[9,19],[101,41],[51,-25],[136,51],[35,-47],[11,-16],[20,19],[54,52],[43,-2],[11,-17],[28,-17],[8,-5],[12,-13],[22,27],[12,15],[195,116],[168,50],[60,58],[47,-55],[48,-58],[43,61],[51,26],[27,8],[86,30],[52,36],[28,24],[4,4],[81,50],[18,8],[25,-4],[21,-1],[35,-1],[54,59],[12,16],[42,58],[37,14],[32,12],[45,53],[16,20],[54,-6],[106,-11],[34,149],[4,1],[0,28],[4,33],[-4,25],[0,9],[-1,146],[53,136],[23,62],[4,91]],[[92677,119495],[-137,-161],[-8,-27],[-14,-51],[-122,-26],[-15,8],[-94,47],[-25,-25],[2,-44],[1,-22],[-57,19],[-37,16],[-33,74],[-4,10],[-10,37],[-20,-8],[-47,-18],[-98,-38],[-32,6],[-42,-14],[-47,4],[-18,35],[-3,7],[-16,36],[-44,59],[-23,22],[-64,78],[-18,16],[-28,-3],[-15,7],[-17,3],[-72,62],[-82,90],[-49,45],[-30,4],[-55,2],[-81,-36],[-82,-45],[-3,-56],[-3,-77],[-93,3],[-1,0],[-29,9],[-16,1],[-120,-26],[-1,-1],[-167,-29],[-75,5],[-3,1],[-4,-1],[-63,-15],[-44,4],[-48,5],[-20,-113],[-109,-248],[-1,-104],[15,-53],[24,-86],[-4,-112],[-56,27],[-65,31],[-59,21],[-22,6],[-40,2],[-123,-11],[-193,-31],[-53,4],[-8,-19],[-5,-14],[-19,-6],[-13,-7],[-14,-7],[-25,-23],[-5,-8],[-13,-19],[-22,-11],[-11,-5],[-39,-19],[-55,-39],[-50,-58],[-88,-92],[-15,-150],[-1,-4],[-2,-45],[-21,-94],[-33,-15],[-17,-7],[-242,-264],[-25,-59],[-22,-49],[-95,-21],[-48,-30],[-42,8],[-25,-6],[-39,28],[-74,52],[-158,-39],[-279,-41],[-124,-24],[-33,-56],[-50,-87],[-176,-125],[-115,58],[-33,68],[-11,8],[-115,95],[-167,-8],[-108,-51],[-34,-80],[-8,-18],[-63,-80],[-54,-30],[-33,-65],[-92,-15],[-114,37],[-87,96],[-81,89],[-118,30],[-41,11],[-217,136],[17,49],[22,61],[-40,77],[-12,73],[12,66],[-48,215],[-72,1],[-108,0],[-108,49],[-35,16],[-29,-1],[-50,-3],[-120,42],[-82,28],[-45,-46],[-18,-49],[-22,-62],[-80,-67],[-26,-7],[-29,59],[-29,9],[-18,72],[-11,42],[-54,50],[-47,-3],[-77,-5],[44,159],[35,130],[3,64],[0,17],[5,11],[29,62],[-5,62],[0,0],[1,5],[12,48],[17,100],[51,286],[61,17],[41,-35],[8,-7],[113,-29],[83,82],[37,115],[-13,41],[-31,96],[-4,168],[47,188],[115,9],[67,5],[-2,33],[-19,83],[-4,47],[-10,62],[-3,48],[-15,45],[1,39],[-8,19],[6,16],[6,49],[-11,21],[1,62],[-14,15],[-347,-74],[-173,-36],[-64,16],[-48,41],[-79,67],[-50,-115],[-114,-489],[-51,-221],[-81,-78],[-182,-83],[-509,49],[-47,22],[-209,98],[-51,1],[-10,1],[-295,115],[-27,49],[-38,68],[-63,37],[-63,-64],[-21,-101],[-35,-177],[2,-104],[-122,88],[-37,138],[-123,229],[47,118],[16,2],[75,11],[12,23],[-102,66],[-41,27],[-82,77],[-2,6],[-21,49],[-38,-59],[5,-75],[2,-29],[-36,-100],[-32,25],[-6,4],[-15,51],[-103,-101],[5,-116],[2,-39],[24,-77],[-82,-125],[-51,5],[-85,7],[-164,-143],[27,6],[1,-34],[-2,-65],[-3,-96],[19,-59],[-40,-58],[-136,-46],[-76,27],[-41,15],[-166,-43]],[[81995,119276],[-27,9],[-100,-114],[-28,-32],[-262,-206]],[[81578,118933],[-2,95],[-39,-2],[-24,-2],[-9,62],[93,172],[19,22],[46,53],[-23,65],[-22,63],[10,65],[21,151],[-116,247],[-148,116],[-34,11],[-112,38],[-118,117],[-104,101],[-93,44],[-55,-123],[-46,-57],[-56,-119],[-17,-75],[-26,-38],[-13,-28],[-7,-59],[-1,-5],[-4,-5],[-18,-21],[-32,-101],[-12,-52],[-9,-61],[2,-16],[2,-18],[-7,-20],[-5,-39],[-36,-145],[-6,-26],[-6,-35],[-17,-96],[-8,-23],[-1,-3],[-8,-36],[0,-5],[-1,-25],[-10,-28],[-21,-60],[-59,-233],[-4,-31],[8,-43]],[[80450,118725],[-71,-1]],[[80379,118724],[-19,27],[-10,21],[-25,26],[-19,25],[-34,29],[-14,12],[-12,19],[-24,40],[-42,48],[-15,11],[-12,8],[-13,19],[-22,15],[-17,19],[-15,34],[-2,3],[-7,8],[-40,39],[-9,16],[-6,14],[-11,25],[-32,54],[-3,3],[-13,14],[-23,35],[-9,19],[-3,17],[-1,5],[-11,19],[-9,24],[-12,14],[-6,23],[-33,56],[-6,20],[-116,185],[-59,-12],[-30,-6],[-67,43],[-59,88],[-60,89],[-84,92],[-37,41],[-20,41],[-117,236],[-253,320],[-88,111],[-20,70],[105,152],[35,51],[59,165],[57,63],[8,46],[1,56],[0,27],[19,19],[31,31],[29,89],[-16,23],[-25,38],[15,162],[36,144],[35,65],[22,41],[-14,50],[-8,20],[-23,47],[-60,94],[-9,31],[-37,16],[-3,4],[-14,14],[-32,45],[-19,41],[-4,43],[15,4],[32,2],[14,1],[13,17],[23,21],[-28,147],[-17,82],[-1,42],[-5,135],[-7,1],[-10,-9],[-14,-7],[-11,0],[-29,8],[-16,-4],[-152,-10],[-10,-13],[-9,-25],[-1,-4],[-10,-19],[-13,-10],[-9,-8],[-169,-222],[-7,-26],[-11,-45],[-54,-85],[-77,2],[-111,55],[-48,23],[-37,2],[-58,2],[-42,101],[5,37],[16,120],[-12,15],[-6,8],[28,422],[115,193],[42,72],[4,73],[-21,-3],[-11,10],[-34,100],[-65,43],[-20,13],[-7,15],[-38,84],[-145,8],[-79,-16],[-46,4],[-49,-9],[-59,-37],[-27,-16],[-11,-3],[-53,-39],[-21,-1],[-57,-14],[31,81],[41,342],[143,524],[35,125],[2,24],[-3,15],[-2,13],[-1,38],[2,20],[7,77],[11,97],[-10,143],[-2,43],[-6,61],[-39,180],[-11,51],[14,90],[21,130],[-4,109],[-3,83],[24,45],[34,39],[143,75]],[[91329,158695],[12,-61],[-16,-92],[24,-195],[-5,-68],[-4,-49],[-44,-59],[-126,-20],[-83,-13],[-83,-109],[-3,-4],[-14,-35],[-22,17],[-9,7],[-23,11],[-51,-4],[-7,0],[-7,3],[-215,83],[-102,-30],[-49,-14],[-14,25],[-37,64],[-100,-41],[-47,-19],[-36,33],[-31,30],[-63,-56],[12,-74],[5,-25],[10,-64],[-126,-57],[-31,7],[-34,7],[-78,-41],[-35,-56],[-34,-110],[-19,-61],[-39,5],[-34,4],[-13,-26],[-24,-46],[-142,-34],[-70,-16],[35,-143],[21,-49],[43,-103],[-9,-90],[1,-14],[14,-266],[60,-175],[6,-19],[27,-179]],[[83058,159098],[110,40],[46,-37],[66,9],[9,-14],[19,-28],[69,27],[101,38],[74,-34],[12,34],[86,13],[199,-57],[42,-11],[98,74],[95,72],[27,-16],[6,-56],[2,-22],[29,-43],[80,-27],[149,27],[19,3],[0,0],[70,-53],[102,68],[61,20],[135,45],[24,-20],[35,-28],[67,43],[12,9],[19,-4],[36,-7],[48,20],[68,29],[25,-15],[20,-12],[116,75],[41,27],[6,2],[89,17],[210,128],[24,45],[7,15],[57,43],[16,-19],[32,-36],[118,26],[46,44],[6,26],[6,28],[20,-18],[1,-2],[7,-49],[41,-14],[20,45],[63,57],[27,24],[29,-24],[69,-56],[70,42],[18,12],[10,-14],[18,-26],[141,133],[43,71],[45,73],[44,1],[26,1],[26,15],[75,42],[133,23],[3,-3],[27,-24],[48,7],[37,31],[79,-6],[97,48],[61,1],[66,67],[11,10],[76,37],[158,-53],[8,-83],[3,-32],[13,-21],[37,-64],[-72,-36],[-75,-39],[-96,-108],[-58,-21],[-33,-68],[0,-65],[-4,-31],[33,-8],[36,-9],[78,-63],[-48,-58],[-44,-55],[46,-108],[18,51],[32,92],[49,-15],[45,28],[64,40],[-31,53],[-24,41],[37,19],[25,13],[24,62],[30,78],[86,-9],[4,-50],[-15,-35],[-21,-47],[35,-34],[46,9],[34,8],[-37,54],[5,121],[-10,24],[-22,49],[46,17],[86,32],[67,108],[19,30],[77,33],[5,-1],[111,-10],[185,152],[11,9],[61,48],[40,1],[145,4],[54,94],[0,1],[59,52],[69,-7],[5,-13],[22,-48],[125,13],[57,6],[42,-63],[-2,-41],[-3,-49],[72,-22],[34,12],[50,18],[17,-20],[1,-45],[1,-65],[26,-38],[80,-56],[127,-30],[22,-4],[224,-43],[52,-91],[-2,-115],[-64,-61],[-132,16],[-10,15],[-26,39],[-3,-91],[-107,-34],[-51,-92],[56,78],[123,6],[-4,-280],[15,-4],[28,219],[7,49],[22,52],[64,-98],[71,-109],[57,-9],[16,17],[25,27],[34,-24],[132,-3],[19,0],[1,0],[56,12],[15,-12],[43,-34],[93,34],[16,6],[24,-6],[32,-8],[10,2],[40,4],[9,-48],[8,-42],[37,-31],[33,9],[7,15],[17,33],[45,2],[96,-52],[184,-11],[99,-43],[104,-49],[-5,-25],[-9,-49],[53,-7],[17,-86],[78,-38],[19,-9],[10,-29],[16,-46],[19,0],[29,0],[18,-38],[12,-27],[57,-7],[51,-60],[59,13]],[[90560,157144],[-32,-25],[-71,98],[8,39],[13,64],[-24,77],[23,160],[-49,83],[-19,33],[-1,66],[127,30],[27,6],[8,6],[65,41],[110,-72],[-26,-154],[-66,-92],[-33,-46],[7,-38],[7,-39],[-8,-24],[-11,-33],[9,-47],[15,-71],[-46,-36],[-33,-26]],[[87832,159885],[-12,-20],[-13,12],[3,40],[16,24],[10,-22],[-4,-34]],[[92787,145260],[137,-59],[5,-21],[10,-44],[62,8],[102,88],[22,55],[14,34],[68,56],[123,60],[37,-18],[32,-16],[21,36],[30,49],[9,3],[32,11],[15,193],[-20,67],[-22,74],[26,54],[41,83],[0,85],[-1,69],[30,40],[88,117],[39,4],[32,-23],[52,-38],[31,41],[7,9],[45,12],[57,-21],[131,-174],[-11,-64],[-4,-24],[4,-29],[7,-55],[-156,-284],[-30,-106],[-70,-105],[-45,-69],[56,-213],[23,-23],[80,40],[45,22],[117,-9],[47,-54],[64,-74],[79,-38],[29,26],[55,48],[22,1],[16,-5],[22,-12],[27,4],[18,-3],[68,15],[29,12],[7,-9],[6,-7],[21,-1],[2,0],[34,9],[29,-26],[4,-3],[14,-5],[31,-4],[3,-1],[32,0],[15,-13],[5,-4],[39,-17],[42,-23],[32,108],[59,84],[80,242],[9,60],[9,60],[45,20],[56,25],[106,134],[-4,64],[-8,17],[-31,69],[23,72],[21,240],[38,9],[75,-42],[77,-41],[76,68],[76,21],[72,134],[39,72],[237,31],[0,0],[25,-26],[38,35],[19,17],[339,39],[105,-21],[192,-126],[21,-80],[-1,-37],[-3,-117],[67,-199],[67,-5],[45,49],[85,91],[74,-29],[12,-5],[39,26],[50,31],[79,-16],[121,22],[167,-3],[120,-72],[7,-155],[-46,-68],[-30,-17],[-127,-71],[14,-109],[53,-131],[125,-162],[21,-15],[47,-36],[13,-69],[7,-36],[9,-20],[34,-66],[-4,-17],[-12,-28],[-12,-13],[-40,-15],[-27,-10],[49,-288],[3,-36],[35,-48],[67,-15],[103,-22],[22,-24],[7,-8],[7,3],[57,25],[88,-28],[33,-14],[35,-63],[22,-39],[10,46],[5,26],[43,57],[47,-61],[39,-49],[24,-10],[40,-17],[12,-32],[24,-65],[87,-98],[111,7],[25,31],[33,38],[45,-6],[40,-5],[77,54],[35,25],[14,-4],[27,-9],[12,38],[11,36],[33,36],[-4,24],[92,22],[5,1],[21,12],[59,35],[66,68],[62,73]],[[95022,156016],[22,-94],[-16,-66],[74,-148],[29,-56],[10,-32],[13,-35],[-38,-34],[-15,-13],[-24,-65],[-42,-112],[-73,-31],[-49,-21],[-20,-19],[-15,-14],[-68,-61],[-33,-2],[-62,-5],[-19,-74],[15,-48],[28,-90],[-34,-27],[-25,-21],[35,-63],[104,-117],[123,-42],[51,-17],[4,-10],[14,-45],[26,-25],[17,20],[5,76],[3,55],[28,79],[112,-78],[85,-58],[82,34],[38,16],[26,10],[37,-20],[127,-70],[43,11],[135,-20],[17,5],[77,22],[116,-67],[21,-11],[132,-40],[20,12],[30,18],[11,-14],[7,-15],[1,-17],[0,-6],[5,-23],[72,-63],[46,-23],[52,-26],[45,-27],[83,-51],[33,-86],[48,-123],[230,-75]],[[96821,154074],[-5,-34],[14,-17],[47,-56],[9,-205],[26,-140],[19,-72],[-19,-94],[-35,-44],[-69,-96],[-6,-5],[-14,-14],[-70,-54],[-16,-45],[1,-63],[5,-37],[3,-18],[1,-26],[-19,-26],[-12,-10],[-7,-10],[-37,-51],[14,-16],[4,-17],[17,-29],[-2,-27],[12,-56],[2,-22],[15,-47],[46,-141],[-62,-82],[-73,7],[-127,-68],[-26,15],[-38,21],[0,-36],[-10,-26],[1,-31],[-8,-14],[-24,-80],[29,-29],[7,-7],[27,-88],[3,-195],[-6,-21],[-12,-45],[40,-103],[41,40],[1,1],[53,0],[30,-191],[-29,-69],[-79,13],[-10,2],[-93,-45],[-50,-21],[-24,-30],[-72,-88],[-114,30],[-97,-28],[54,83],[-44,49],[5,18],[7,29],[-99,87],[-138,7],[-66,-27],[-11,-44],[-20,-4],[-45,-32],[-12,-3],[-9,-10],[-37,-22],[-9,-22],[-9,-33],[-11,-22],[1,-29],[1,-19],[-60,-76],[-26,-1],[-14,0],[-9,-25],[-1,-2],[-5,-4],[-5,-5],[-1,-2],[-22,-47],[-5,-29],[-14,-15],[-11,-23],[-34,17],[-13,7],[-57,19],[5,-49],[53,-265],[41,31],[9,7],[115,-17],[35,-114],[27,-91],[61,86],[79,197],[40,100],[31,21],[10,-30],[30,-39],[34,-18],[32,-2],[11,-5],[16,13],[-4,-37],[-6,-10],[-5,-9],[-1,-25],[-4,-20],[11,-30],[1,-9],[48,-341],[-37,-52],[-24,-32],[29,-171],[15,-86],[-111,-38],[-66,-23],[-6,-133],[14,-93]],[[95787,149970],[-100,2],[-5,4],[-77,66],[-125,-39],[-10,-16],[-28,-44],[-236,49],[-10,72],[20,38],[56,105],[-20,61],[-31,-8],[-40,-108],[-99,-121],[-3,-53],[1,-1],[37,-49],[-40,-20],[-50,7],[-19,1],[-44,11],[-7,8],[-72,77],[-55,-98],[-73,-11],[-8,-1],[20,-78],[-46,-19],[-35,54],[3,63],[19,39],[25,48],[-72,85],[-20,-28],[-21,-28],[-96,-8],[-10,-19],[-26,-50],[-65,-50],[-26,19],[-30,106],[-2,6],[-17,70],[-70,66],[-43,6],[-14,2],[0,14],[-8,130],[-69,-46],[-28,-19],[-29,-16],[-35,-2],[38,106],[3,13],[45,144],[59,532],[-24,-5],[-18,13],[-45,14],[-26,8],[-24,13],[-13,1],[-57,52],[-35,31],[-57,89],[-95,66],[-63,-40],[-55,8],[-43,-130],[5,-113],[1,-9],[-43,-138],[-47,-32],[-66,-46],[-37,-94],[-28,32],[-35,2],[-13,1],[-1,-12],[-10,-95],[-44,-25],[-14,73],[-59,86],[-17,98],[52,51],[68,65],[10,64],[-31,33],[10,21],[16,56],[4,36],[-7,18],[-27,-17],[-12,-3],[-11,-6],[-16,-11],[-22,-16],[-17,-5],[-28,-1],[-31,94],[14,69],[9,42],[-91,96]],[[92033,154950],[71,-2],[110,-2],[44,71],[158,2],[25,13],[58,30],[17,9],[15,42],[1,3],[-58,18],[-79,-54],[-40,-27],[-35,73],[-2,4],[2,4],[32,71],[-10,39],[-124,38],[-28,8],[-60,19],[-26,8],[-31,9],[-5,34],[30,52],[6,12],[46,81],[-46,-3],[-13,-1],[-11,88],[-129,-2],[-70,-108],[-5,-32],[-12,-82],[-59,-56],[0,0],[-20,-19],[-67,-64],[1,-83]],[[91399,156755],[23,6],[20,-38],[6,-12],[29,-14],[29,-14],[8,-13],[39,-68],[46,-28],[53,41],[44,34],[56,-22],[55,-21],[28,43],[30,48],[75,21],[155,43],[1,90],[8,18],[41,96],[-9,97],[14,32],[-12,84],[0,0],[-34,14],[-15,7],[-61,53],[23,52],[53,-17],[23,-8],[72,-127],[21,-38],[38,13],[116,40],[37,-111],[15,-48],[79,-111],[17,-11],[60,-41],[-20,-63],[-14,-43],[49,-83],[33,-56],[6,-6],[9,-101],[-110,-201],[-61,-113],[-61,-51],[15,-40],[85,-47],[34,-37],[138,-148],[77,-126],[168,-141],[7,27],[7,5],[11,6],[37,17],[25,1],[11,-2],[24,0],[36,7],[56,-34],[43,-39],[72,-28],[32,-23],[56,-39],[62,4],[20,-2],[9,-1],[13,-5],[25,-10],[10,0],[60,3],[14,-2],[33,-4],[40,-28],[2,-9],[3,-13],[136,-18],[5,8],[26,49],[37,5],[48,-60],[21,-27],[36,23],[50,33],[44,-2],[62,-40],[66,-43],[36,24],[15,12],[13,10],[61,42],[116,-63],[82,-44],[14,81],[-19,167],[-83,109],[-80,106],[14,92],[152,115],[54,-9],[6,-1],[210,-40],[221,55],[36,9],[5,3]],[[99650,158668],[84,-78],[10,2],[52,10],[9,2],[40,-40],[22,-71],[1,-3],[7,-4],[60,-32],[-6,-99],[-3,-40],[13,-36],[59,-161]],[[99998,158118],[-11,-19],[-44,0],[-6,-1],[-16,0],[-42,-22],[-97,-51],[-23,8],[-30,12],[-62,-21],[-3,-24],[0,0],[-4,-5],[-55,-85],[-7,-206],[-3,-83],[-78,-72],[-19,-5],[-55,-15],[-24,-61],[-11,-29],[-94,-44],[-3,1],[-58,18],[-12,-59],[-7,-33],[-45,-40],[-24,49],[-4,35],[-9,76],[-31,-10],[-18,29],[-19,-41],[14,-54],[4,-17],[-21,-28],[23,-33],[-22,-24],[-15,-57],[-20,23],[0,45],[-39,-34],[-52,16],[-17,34],[-43,88],[-6,43],[-23,-45],[17,-181],[1,-12],[-3,-8],[-57,-168],[4,-138],[10,-21],[15,-13],[-9,-96],[-8,-96],[39,-37],[63,-58],[-2,-53],[-80,-79],[-32,-87],[-10,-27],[-91,-80],[-10,-14],[-45,-63],[0,-3],[-2,-31],[-53,-20],[-104,-40],[9,-35],[1,-7],[-9,-28],[-34,-30],[-30,-12],[-29,-21],[-8,11],[-4,-2],[-118,-59],[-16,-4],[-19,-57],[-3,-11],[-6,-1],[-35,-10],[14,-57],[11,-45],[-9,-73],[-75,-160],[-17,-7],[-37,-17],[5,-82],[12,-36],[7,-19],[21,-63],[11,-32],[-1,-64],[0,-3],[1,0],[23,-13],[-63,-175],[-84,-52],[-130,-4],[-56,-1],[-74,-35],[-20,-83],[-36,-151],[-79,-71],[-97,-12],[-34,4],[-76,9],[-59,-31],[-78,-40],[-37,5],[-28,48],[-51,85],[-105,10],[-4,-46],[-32,-34],[0,-14],[0,-11],[4,-26],[-29,-38],[-11,5],[-20,-4],[-7,-2],[-34,-13],[-14,-36],[-7,-16],[-14,-52],[7,-49],[-2,-55],[-4,-153],[-14,-8],[-49,21],[-2,1],[-15,-17]],[[95022,156016],[21,36],[52,18],[46,16],[80,-43],[73,44],[-18,36],[17,172],[35,78],[-41,154],[10,128],[-12,25],[-9,21],[-25,43],[7,50],[65,31],[74,36],[-39,78],[-7,15],[9,62],[20,133],[-25,36],[-28,39],[-16,45],[29,128],[142,-10],[46,-3],[21,27],[140,175],[-8,49],[-5,36],[61,55],[23,20],[43,84],[-93,169],[-1,1],[-18,16],[-19,35],[15,90],[146,225],[2,4]],[[95835,158370],[34,14],[84,-38],[88,-101],[126,-50],[16,-42],[43,-2],[29,33],[75,-37],[39,-19],[244,-24],[134,52],[9,10],[21,25],[26,-9],[39,-13],[11,13],[40,30],[59,45],[126,-46],[36,23],[9,-58],[46,-39],[6,-14],[19,-45],[33,13],[7,3],[14,-16],[37,-42],[38,9],[165,42],[42,-32],[27,-21],[37,39],[84,90],[165,74],[431,154],[17,-15],[54,-47],[45,-4],[29,34],[-8,52],[86,18],[4,9],[28,57],[46,33],[82,-37],[70,19],[7,-3],[33,-17],[35,-9],[1,36],[22,13],[209,117],[43,55],[22,58],[33,84],[85,71],[36,6],[42,6],[39,33],[56,45],[89,24],[57,15],[33,28],[44,38],[16,-44],[-29,-54],[-19,-36],[-2,-44],[48,-114],[2,-2],[46,-47],[-32,-52],[-13,-22],[20,-27]],[[91329,158695],[60,-19],[53,13],[41,11],[22,-13],[41,-25],[13,39],[24,77],[36,31],[67,-16],[58,-61],[93,-100],[129,-77],[6,1],[70,6],[7,-61],[26,-25],[29,-27],[24,-22],[27,-37],[39,129],[-16,115],[-40,53],[-6,8],[1,7],[3,47],[-32,47],[-6,9],[-62,89],[40,55],[28,11],[19,7],[101,40],[127,115],[69,96],[2,5],[25,77],[56,16],[19,-7],[47,-19],[24,5],[-33,61],[-2,18],[-9,81],[48,64],[138,26],[86,9],[47,-46],[134,19],[81,-30],[67,-24],[59,18],[42,5],[89,10],[53,-11],[51,-12],[38,46],[78,97],[13,16],[9,-16],[120,39],[5,2],[4,4],[61,61],[26,-40],[6,-76],[1,-11],[64,-152],[37,-13],[44,-15],[16,-39],[13,-30],[24,-10],[12,-4],[60,-16],[24,-59],[18,-46],[42,-6],[47,50],[23,24],[52,-10],[46,-9],[35,24],[1,1],[50,29],[47,-24],[5,-46],[6,-46],[36,-53],[73,-65],[45,-4],[24,8],[34,11],[41,-23],[85,-48],[79,23],[42,12],[32,-77],[36,-87],[92,13],[132,18],[33,-14],[38,-91],[12,-29],[10,4],[15,6],[48,-16],[28,-63],[77,-74],[28,-75],[13,-36],[90,-41],[39,-18],[29,11],[86,-38],[21,-62],[46,-30]],[[94207,159397],[-16,-3],[-25,36],[37,16],[4,-49]],[[92066,158617],[-19,-38],[-31,14],[28,34],[22,-10]],[[63661,162551],[24,-168],[-23,-42],[-31,-56],[2,-57],[7,-141],[-49,-29],[-28,-16],[61,-130],[80,-171],[-51,-95],[-25,-4],[-53,-8],[-7,-19],[-36,-114],[-69,-104],[6,-47],[26,-22],[13,-11],[-10,-15],[-6,-10],[10,-20],[8,-17],[-4,-12],[-17,-43],[26,-30],[12,-15],[12,-143],[-95,-17],[-54,-9],[-3,-78],[-1,-20],[-35,-136],[-9,-5],[-18,-11],[-9,-72],[29,-55],[12,-22],[-8,-31],[-13,-46],[17,-13],[38,-31],[-28,-99],[19,-72],[-16,-32],[-13,1],[-36,4],[-21,-27],[8,-84],[-53,-95],[-20,-158],[-36,-119],[-46,-152],[-48,-8],[-23,-3],[-67,-79],[-18,-75],[5,-12],[13,-35],[-49,-115],[-53,-124],[-141,-11],[-110,63],[-19,11],[-19,-2],[-59,-5],[-101,-163],[-2,-44],[43,-25],[8,-25],[22,-63],[21,-218],[-35,-176],[-74,-117],[-81,-128],[-1,-1],[-1,-1],[-130,-136],[-21,-60],[-3,-8],[-26,-30],[-24,-27],[39,-71],[35,-21],[7,-1],[27,-2],[21,-15],[16,-27],[9,-30],[-17,-59],[-47,-215],[-16,-43],[-65,-199],[-89,-269],[12,-88],[20,-28],[28,-41],[0,-124],[18,-125],[31,-221],[31,-184],[14,-25],[14,-25],[27,-66],[28,-34],[35,-44],[8,-40],[-8,-15],[-23,-45],[-43,-55],[-22,-21],[-16,-14],[-45,-63],[21,-81],[22,-48],[2,-4],[25,-54],[-1,-43],[-1,-18],[13,-70],[10,0],[7,0],[-1,-24],[-1,-12],[39,-143],[5,-19],[19,-72],[63,-229],[-3,-99],[-11,-112],[-2,-24],[1,-51],[1,-68],[-20,-58],[-21,-95],[-8,-38],[-11,-14],[-60,-39],[-43,-28],[-22,-14],[-29,-56],[20,-57],[28,-84],[-113,-143],[-13,-49],[-52,-46],[-53,-16],[-27,-9],[-133,-288]],[[61835,153601],[-153,-24],[-76,-83],[-59,-64],[-40,14],[-15,34],[-42,2],[-8,23],[14,33],[3,7],[-69,91],[-64,21],[-76,-43],[-138,-79],[-14,53],[-7,27],[-53,-38],[-40,-29],[-29,35],[-3,4],[-35,10],[-81,24],[-11,11],[-72,66],[-65,4],[-69,-88],[-49,-62],[-22,9],[-37,16],[-33,-35],[42,-57],[40,-54],[-11,-72],[-99,10],[-37,36],[-26,26],[-28,-16],[-34,-19],[-6,26],[-7,29],[-45,23],[-125,-141],[1,-20],[2,-71],[-20,-15],[-123,79],[17,71],[7,29],[-38,6],[-54,9],[-18,72],[-17,70],[-26,-58],[-31,-71],[-26,77],[-4,12],[-63,-11],[-32,-71],[23,-39],[19,0],[31,1],[16,-32],[-16,-78],[18,-71],[-11,-94],[-2,-60],[-53,-41],[-30,-23],[-2,-13],[-7,-44],[-34,-41],[-26,9],[-25,22],[-15,15],[-57,1],[-40,1],[-5,9],[-20,36],[-49,1],[3,-56],[2,-45],[-22,0],[-26,1],[-88,-145],[20,-63],[14,-44],[-56,-3],[-34,-2],[-7,-10],[-50,-65],[-85,16],[-148,-38],[-88,75],[-55,46],[-81,0],[0,-1],[-66,-46],[-67,41],[-45,-33],[-52,17],[-16,39],[-11,28],[-31,1],[-27,-38],[9,-43],[11,-54],[-89,-44],[-61,-2],[-115,-4],[-44,-144],[0,-41],[1,-90],[-64,29],[-2,1],[-1,0],[-48,-16],[-43,32],[-45,34],[-69,51],[-14,-36],[-14,-37],[-55,-12],[-25,-9],[-19,-3],[-41,-67],[-71,-18],[-115,-32],[-58,-17],[-31,-55],[-6,-89],[-1,-17],[-10,-11]],[[57410,151979],[-26,-33],[3,-18],[3,-25],[8,-52],[-33,-44],[-61,-84],[-29,-115],[-49,-38],[-40,25],[-34,21],[-38,-64],[-24,-40],[-101,-47],[-149,86],[18,100],[14,73],[-84,47],[-75,190],[-8,-200],[-1,-20],[-9,-2],[-44,-12],[-47,-172],[18,-45],[41,-17],[20,-9],[40,-64],[-19,-32],[-46,-14],[-39,-11],[-6,-98],[-6,-94],[-27,-8],[-134,93],[9,74],[13,16],[36,43],[-22,67],[-125,50],[-41,-97],[-154,-204],[-30,-38],[2,-42],[29,-59],[7,-4],[55,-24],[5,-74],[-111,-42],[-13,-5],[-60,18],[-39,-40],[-32,-85],[-11,-29],[-35,-7],[-68,-13],[-50,-44],[-5,-67],[21,-63],[17,-48],[-23,-75],[-206,-205],[-63,24],[-54,-16],[4,161],[26,47],[24,45],[7,62],[-66,169],[-101,103],[-48,-21],[-28,-12],[-41,-54],[-76,60],[4,32],[46,21],[15,28],[11,20],[-1,8],[-2,120],[57,21],[23,9],[32,119],[-1,13],[-5,49],[14,11],[28,37],[41,53],[47,122],[10,89],[-13,34],[-13,35],[4,135],[57,78],[5,6],[2,28],[14,218],[39,73],[42,18],[28,13],[8,50],[15,93],[50,20],[12,5],[14,41],[31,89],[75,23],[18,-8],[30,-13],[73,54],[28,53],[4,45],[2,17],[47,67],[17,23],[8,69],[41,33],[30,67],[93,73],[65,-51],[65,-52],[-5,75],[-39,32],[-3,1],[3,8],[14,35],[-7,33],[-13,54],[18,83],[5,23],[55,-15],[48,36],[18,114],[-22,-25],[-12,-73],[-32,-17],[-75,102],[-37,-89],[-16,-105],[-10,-62],[-72,-43],[-27,28],[-50,50],[-60,-56],[-24,-82],[-21,-75],[-42,-32],[-40,-13],[-10,50],[-5,25],[-45,31],[-25,-54],[-27,-56],[-185,50],[-8,32],[-6,23],[18,64],[-39,42],[-61,-24],[-71,-97],[-107,-18],[-30,2],[-10,-20],[40,-79],[33,-39],[23,-27],[-28,-54],[-28,-54],[-82,-22],[-28,-8],[-11,-25],[-9,-18],[15,-116],[-54,-24],[-74,144],[-9,18],[-9,0],[-80,1],[4,65],[-27,39],[-43,65],[-3,55],[-55,138],[-93,95],[12,32],[122,47],[93,36],[42,122],[-3,101],[-23,73],[-64,65],[-29,-13],[-25,-12],[-50,62],[-73,215],[19,108],[34,22],[6,4],[-3,31],[-8,63],[12,13],[88,98],[-74,50],[-36,6],[-103,16],[-59,170],[0,3],[-26,139],[-54,24],[-36,81],[-11,-28],[-7,-52],[40,-129],[6,-19],[3,-151],[-149,12],[0,74],[0,25],[-35,25],[-10,40],[-30,91],[-68,-36],[-12,-78],[-7,-37],[-55,-18],[-47,-14],[-61,-60],[-1,-84],[-1,-143],[-40,-134],[-31,-5],[-41,102],[21,150],[4,30],[-28,62],[-8,18],[-62,25],[-21,42],[44,157],[36,48],[5,100],[32,39],[50,59],[50,111],[-11,63],[13,181],[18,25],[-43,85],[-49,9],[-31,5],[-6,38],[-3,19],[-37,216],[-18,48],[-57,43],[-4,74],[33,15],[37,-95],[1,-1],[53,-30],[34,5],[23,52],[35,-10],[78,227],[-9,49],[-18,102],[-7,39],[45,15],[20,-54],[0,0],[12,0],[48,44],[77,-22],[-3,96],[0,1],[15,44],[-12,67],[17,30],[42,-102],[26,1],[55,3],[12,-38],[24,-78],[42,-3],[21,24],[1,89],[0,2],[2,1],[93,31],[53,221],[-45,57],[-15,115],[-50,-95],[-50,-95],[-50,-5],[-62,66],[-13,102],[-18,42],[-23,55],[2,67],[21,-7],[42,-13],[8,7],[82,62],[25,74],[54,162],[89,-15],[8,-2],[42,53],[14,16],[71,6],[47,40],[69,-26],[32,-42],[14,-18],[88,13],[92,-76],[17,6],[16,43],[52,-8],[43,-2],[114,94],[32,65],[6,84],[3,39],[37,11],[43,13],[60,95],[-1,16],[-6,62],[49,-27],[7,-62],[6,-55],[48,-16],[21,27],[6,9],[49,81],[64,-40],[37,39],[67,14],[24,-10],[42,-19],[24,16],[7,47],[-29,77],[-50,61],[-13,170],[-91,-3],[-54,-2],[-68,122],[29,66],[117,54],[46,62],[118,-42],[5,-5],[50,-52],[7,74],[2,14],[15,3],[97,17],[-9,79],[20,45],[-13,35],[-20,59],[11,50],[150,-7],[11,-13],[46,-54],[27,69],[6,15],[17,-11],[43,-25],[78,25],[1,44],[1,46],[2,85],[59,71],[45,-41],[13,-91],[2,-12],[56,-42],[21,-16],[13,0],[34,0],[28,-73],[20,-54],[130,-107],[102,-6],[104,-71],[82,18],[115,-60],[130,54],[322,129],[27,23],[4,4],[51,45],[78,3],[5,1],[1,2],[24,54],[26,-27],[62,26],[10,-37],[2,-8],[23,-9],[29,14],[9,5],[14,-6],[124,-55],[72,8],[73,41],[73,86],[22,26],[61,10],[39,91],[26,81],[17,55],[-19,46],[25,37],[37,-1],[-3,-44],[2,-2],[16,-12],[53,3],[43,42],[61,34],[10,71],[1,6],[58,47],[48,80],[102,-38],[6,-3],[30,-56],[55,-17],[22,44],[-26,41],[-9,14],[0,40],[21,37],[61,9],[24,-26],[-14,-54],[37,-112],[-38,-9],[-23,-5],[-25,-57],[91,-81],[24,-73],[0,-37],[0,-39],[134,25],[75,49],[16,138],[51,170],[-25,47],[-6,1],[-40,5],[21,140],[109,61],[142,7],[46,-59],[3,-53],[3,-54],[58,-32],[40,13],[36,11],[55,-26],[45,-136],[51,-51],[-8,-75],[-7,-61],[25,-31],[29,5],[20,-49],[65,-16],[26,-50],[14,-36],[83,-62],[7,43],[-29,55],[2,23],[10,9],[42,-32],[12,0],[-52,120],[-32,30],[-13,12],[14,21],[46,72],[-42,47],[-14,15],[17,80],[2,10],[-1,5],[-29,68],[2,68],[77,158],[49,26],[57,31],[91,-3],[-4,67],[-63,49],[-62,21],[-104,-64],[-73,72],[-74,21],[-27,-29],[-1,-26],[0,-40],[-28,-9],[-67,27],[-59,65],[-77,85],[-34,0],[-62,1],[-103,75],[34,40],[-21,57],[26,9],[158,52],[49,39],[24,-69],[63,70],[21,23],[24,-26],[12,-15],[167,-28],[95,9],[13,12],[177,156],[18,38],[16,35],[4,26],[19,116],[71,165],[1,1],[-16,-1],[-53,-3],[-28,-2],[5,-33],[2,-14],[-42,-117],[-81,-55],[-66,-45],[17,-31],[12,-24],[-60,-39],[-15,11],[-48,38],[-44,-55],[-71,28],[-52,-16],[-25,-8],[-16,50],[1,4],[18,69],[-22,19],[-41,-36],[-17,-16],[-48,-175],[-55,-29],[-79,-43],[-49,-9],[-117,79],[-45,-30],[-92,-61],[-41,30],[26,99],[42,52],[42,52],[39,115],[1,68],[-31,39],[-23,28],[10,108],[68,76],[18,-1],[54,-2],[40,84],[-39,108],[-34,13],[-14,6],[-23,59],[-47,34],[14,84],[69,31],[56,-67],[36,-43],[157,-10],[66,33],[208,185],[38,51],[7,76],[144,142],[-7,54],[-1,13],[53,95],[53,-43],[23,-19],[120,31],[44,76],[53,93],[87,76],[29,1],[27,1],[66,69],[21,46],[45,98],[23,-22],[22,-77],[18,-67],[88,-23],[-17,59],[92,-2],[15,36],[-25,61],[-69,8],[-37,4],[16,156],[-18,59],[45,19],[7,60],[3,22],[13,119],[88,91],[97,12],[43,-34],[50,18],[27,-21],[66,-49],[254,186],[81,114],[3,45],[1,17],[19,0],[77,-1],[40,27],[65,129],[52,104],[94,-23],[112,36],[31,10],[28,-92],[-28,-155],[-20,-115],[54,-75],[32,-46],[19,-83],[-57,-14],[-37,25],[-22,15],[-16,10],[8,-93],[-33,-108],[-18,-61],[-4,-3],[-14,-7],[-27,-14],[-12,-46],[61,-20],[27,-8],[10,-60],[-28,5],[-57,11],[-58,-47],[2,-26],[133,-55],[26,10],[147,57],[2,55],[-43,64],[-34,51],[-3,23],[-15,114],[67,32],[67,-52],[45,-35],[86,1],[-30,81],[-25,68],[18,37],[72,21],[12,89],[64,-4],[4,0],[2,3],[52,98],[82,3],[169,111],[92,23],[60,14],[15,49],[3,9],[19,11],[16,10],[0,5],[2,74],[168,116],[12,133],[57,-30],[85,-101],[-20,-47],[-52,-21],[-5,-2],[-3,-36],[-4,-44],[-25,-17],[-33,-23],[-30,-81],[5,-19],[12,-47],[-53,-40],[-13,-9],[-5,-30]],[[62856,162282],[-24,-19],[-29,29],[32,17],[21,-27]],[[60426,159933],[-15,-27],[-30,15],[9,11],[17,20],[26,-7],[-7,-12]],[[56785,158727],[6,-14],[-22,0],[-78,1],[-25,31],[-17,21],[55,7],[62,8],[19,-54]],[[55983,152839],[-21,-13],[-24,37],[33,14],[12,-38]],[[55683,149718],[-11,-7],[-2,2],[0,0],[-29,38],[-5,21],[-14,50],[7,39],[7,42],[31,15],[4,-9],[29,-59],[45,-91],[-8,-5],[-54,-36]],[[55730,150079],[5,-48],[-22,6],[-14,49],[31,-7]],[[55469,150190],[-20,-49],[-23,29],[26,30],[17,-10]],[[78332,136768],[-46,-4],[0,1],[-38,31],[-121,-43],[-54,-19],[13,43],[1,3],[-11,17],[-57,94],[123,150],[28,34],[14,35],[38,92],[26,12],[35,15],[6,133],[-7,49],[-27,174],[13,12],[15,24],[4,4],[27,24],[-26,14],[-3,1],[5,61],[5,59],[-14,99],[-39,80],[2,82],[-19,32],[18,45],[-12,22],[-53,21],[-7,3],[-42,58],[-69,388],[3,170],[82,205],[18,29],[55,94],[-66,66],[-53,24],[-67,32],[35,176],[8,12],[16,24],[-9,20],[-6,15],[11,15],[26,33],[-35,31],[-46,42],[-34,169],[34,-20],[27,-15],[138,146],[47,61],[30,40],[128,56],[43,-8],[49,-8],[50,55],[74,93],[52,-1],[21,88],[-109,194],[-76,22],[-75,22],[-4,77],[-121,158],[104,112],[49,53],[-20,51],[4,54],[-122,73],[-89,13],[-86,13],[-58,50],[20,116],[9,50],[28,45],[-27,62],[2,63],[-3,13],[-4,234],[-23,80],[-56,60],[-5,6],[-1,7],[-12,104],[-32,25],[-17,-2],[-53,-7],[4,110],[2,56],[-35,115],[-35,-5],[-6,-11],[-38,-72],[-7,101],[-79,209],[-8,71],[12,54],[115,147],[99,28],[25,7],[4,8],[38,66],[55,12],[27,-4],[17,9],[10,-8],[12,-9],[14,22],[24,6],[15,29],[201,192],[25,101],[-58,42],[-97,-6],[-44,-3],[-122,51],[69,135],[63,121],[-2,27],[-2,44],[4,8],[16,28],[-17,46],[-3,12],[-8,30],[-10,69],[9,113],[30,69],[28,64],[41,130],[-152,167],[-10,1],[-90,9],[38,59],[50,36],[83,60],[120,194],[69,65],[77,31],[53,-12],[0,14],[-43,25],[-131,-38],[-54,53],[-52,52],[-50,109],[-44,37],[-27,83],[-17,54],[-42,12],[-110,30],[-11,7],[-111,99],[-48,81]],[[77524,145339],[-65,-71],[-78,-85],[-17,-46],[55,-7],[3,-3],[40,-63],[-40,-364],[-275,172],[-30,112],[28,18],[21,13],[12,59],[24,16],[17,2],[-12,80],[-36,63],[-19,33],[-53,91],[8,27],[13,43],[-85,127],[-35,54],[9,28],[23,69],[-72,135],[-19,37],[-21,131]],[[67450,150159],[3,-110],[-122,-260],[-18,-38],[-1,-21],[-4,-60],[-44,-17],[-36,-13],[-46,-48],[-35,-56],[-28,-46],[-44,-26],[-65,-40],[-14,-70],[5,-14],[17,-56],[-72,-109],[-29,-43],[-10,-73],[-9,-66],[-25,-134],[-33,-30],[-8,3],[-5,2],[-14,-5],[-24,-50],[13,-37],[8,-21],[-16,-5],[-34,-11],[-32,-116],[0,-22],[6,-32],[5,-26],[-2,-21],[-23,-97],[-28,-73],[-85,103],[-82,226],[9,195],[30,33],[35,39],[-73,47],[-24,16],[-85,-5],[-49,96],[-21,38],[-57,102],[-73,2],[-51,1],[-59,88],[-43,61],[-74,-20],[-5,-1],[-3,0],[-151,25],[-116,-59],[-41,-21],[-45,48],[-64,70],[-66,18],[-24,-32],[-4,-7],[-53,-50],[-32,-21],[-45,-45],[-65,-33],[-74,-93],[-9,1],[-72,0],[-25,0],[-119,-100],[-102,-86],[-236,-46],[-65,39],[-43,59],[-60,83],[-51,23],[-103,-84],[-40,-33],[-105,-86],[-65,111],[-10,46],[-15,67],[-152,93],[-35,75],[-69,-11],[-16,5],[-65,22],[-83,74],[-13,51],[-18,74],[-40,69],[-112,27],[-2,6],[-52,17],[-59,-29],[-32,-15],[-212,179],[5,33],[44,0],[8,6],[17,13],[37,28],[25,-4],[68,-10],[34,25],[-19,77],[-79,78],[-60,-4],[-56,-70],[-5,-6],[-90,-56],[-34,13],[-32,43],[-40,52],[-74,20],[-9,-3],[-62,-23],[-12,64],[0,0],[-100,67],[-17,-1],[-46,-3],[-38,-2],[-3,54],[-1,31],[-65,-5],[-23,-18],[-32,-27],[-95,21],[26,41],[32,51],[-32,53],[-21,35],[40,41],[87,91],[7,70],[-30,54],[-58,37],[-50,32],[-108,204]],[[62255,150872],[97,109],[13,104],[46,108],[74,203],[30,308],[-15,105],[-9,62],[27,83],[17,8],[61,30],[2,84],[21,7],[25,7],[27,60],[-24,156],[-28,2],[-22,2],[-165,122],[-116,18],[-3,0],[-86,49],[-18,40],[-22,49],[-33,31],[-34,33],[-64,101],[-87,138],[-23,87],[7,241],[62,175],[34,47],[50,68],[-45,26],[-35,65],[-63,-41],[-26,-17],[-95,59]],[[63661,162551],[84,-48],[64,44],[3,47],[2,35],[20,43],[119,-33],[26,70],[61,15],[37,-46],[2,-44],[-14,-31],[-7,-15],[22,-43],[22,-141],[83,-49],[0,0],[39,12],[-22,-79],[-12,-45],[16,-51],[8,11],[12,17],[14,-17],[-11,-64],[-6,-9],[-26,-43],[-11,-16],[0,-75],[25,-59],[56,-11],[32,30],[4,91],[71,40],[18,48],[-8,42],[-23,111],[71,22],[43,-4],[29,-3],[53,63],[-1,53],[0,78],[56,21],[61,-19],[52,52],[58,-89],[14,-22],[68,-6],[38,19],[29,15],[124,-33],[1,-43],[-25,-39],[-29,-43],[43,-64],[86,-37],[96,-41],[33,35],[5,-61],[49,-8],[113,-47],[87,-89],[116,-53],[50,4],[60,-52],[11,-70],[13,-78],[65,-135],[16,-27],[28,-27],[19,-83],[57,-26],[30,-36],[48,-60],[17,-58],[1,-5],[9,-32],[22,-22],[28,-29],[21,-55],[3,-7],[-10,-27],[78,-26],[5,-2],[213,-153],[-39,-74],[-49,-94],[48,-27],[-48,-55],[42,-28],[65,44],[1,78],[2,57],[51,24],[150,-49],[48,-15],[15,0],[135,3],[28,-42],[6,-10],[53,-20],[260,-5],[8,14],[33,60],[122,-56],[23,-10],[28,11],[14,6],[9,-5],[44,-24],[66,27],[37,14],[91,-32],[67,-105]],[[64953,162496],[-25,-13],[-17,51],[36,-9],[6,-29]],[[64098,162796],[-23,-29],[-25,28],[35,24],[13,-23]],[[106110,154321],[-101,-12],[-71,52],[-181,-27],[-119,-139],[-93,-61],[-21,-83],[35,-59],[-1,-110],[-32,-91],[-63,-23],[-103,-170],[-52,-23],[9,-230],[17,-154],[-48,-83],[58,-81],[13,-58],[-58,-153],[-31,-22],[-17,-57],[-47,-41],[-113,33],[-44,-18],[-11,-182]],[[99278,145110],[-56,-44],[-52,105],[-49,-1],[-87,136],[-55,-3],[-32,33],[-16,235],[-31,55],[73,206],[65,93],[267,381],[15,65],[25,105],[77,88],[166,-92],[81,-45],[43,41],[74,73],[151,-9],[77,-69],[6,-15],[32,-72],[96,75],[141,109],[-46,46],[-37,37],[-35,127],[29,85],[28,22],[73,54],[-15,41],[-55,0],[-77,-1],[-6,36],[-9,58],[-10,67],[-112,60],[-38,-6],[-42,-7],[-21,-3],[-101,58],[-38,21],[-6,-8],[-32,-50],[-48,73],[-15,23],[-47,-5],[-60,-6],[-107,65],[-18,75],[0,26],[0,2],[10,64],[-22,25],[-34,-26],[-15,-12],[-43,46],[-39,40],[-43,53],[-24,-57],[-12,-28],[-99,28],[-16,67],[30,61],[14,29],[5,81],[-27,125],[-47,-11],[-12,-3],[-60,24],[-133,104],[20,51],[12,31],[-52,63],[-12,15],[0,15],[-1,96],[-44,-22],[-37,-18],[-31,55],[-35,61],[-81,2],[-56,1],[-17,30],[6,26],[7,29],[-26,44],[-3,45],[-47,-11],[-27,53],[-75,67],[-57,-11],[-11,-3],[-4,7],[-36,60],[-41,4],[-58,-59],[-23,1],[-33,-21],[-17,-8],[-28,-9],[-16,-34],[-17,-37],[-114,-89],[-123,39],[7,106],[21,40],[35,64],[-44,44],[-36,37],[4,17],[18,67],[-104,79],[-13,10],[-38,63],[17,53],[35,106],[-31,47],[-133,16],[-84,-42],[-43,6],[-29,-62],[-7,-15],[-44,-19],[-60,9],[-15,23],[-43,71],[-66,8],[-57,-30],[-26,-13],[-26,14],[4,46],[2,16],[-20,6],[-94,31],[-16,35],[-14,80],[-5,30],[-117,75],[-55,-7],[-50,-6],[-21,70],[-6,20],[-15,20],[-29,37],[-2,22],[-5,41],[-44,-5],[0,-26],[0,-37],[-24,-21],[-146,69],[-51,24],[-24,-36],[7,-42],[11,-58],[-71,-27],[-19,45],[-41,101],[-54,-30],[-15,-8],[-32,22],[-12,31],[-18,45],[-43,0],[-105,2],[-71,131],[-24,44],[-32,-2]],[[99998,158118],[93,49],[59,79],[55,29],[74,-19],[93,47],[89,-48],[46,-24],[15,3],[44,8],[57,-19],[23,-55],[-37,-130],[-6,-23],[24,-154],[43,-118],[61,-63],[73,15],[7,2],[3,-1],[122,-39],[36,63],[69,222],[-16,47],[-17,55],[166,55],[38,-14],[87,11],[55,-7],[89,-121],[47,12],[64,-64],[27,-26],[139,-43],[112,-21],[50,36],[37,26],[123,-118],[50,-82],[38,-185],[-2,-65],[-21,-49],[-9,-22],[5,-29],[8,-38],[-26,-214],[20,-51],[-42,-38],[-72,-66],[-9,-200],[-1,-17],[-6,-4],[-21,-13],[-46,-64],[24,-63],[0,-1],[-26,-144],[-70,-78],[-13,-44],[-45,-28],[-34,-20],[-3,-31],[-2,-14],[-20,-16],[-114,-87],[-44,-69],[1,-90],[96,-183],[55,-102],[50,-72],[444,-153],[35,-12],[10,-5],[29,-11],[62,260],[-4,179],[21,90],[-7,28],[-22,90],[81,158],[83,51],[295,56],[-145,-207],[-21,-30],[-66,-238],[140,-103],[88,-64],[23,-54],[20,-52],[96,-13],[62,66],[52,57],[101,-38],[15,-26],[11,-21],[157,-137],[39,29],[15,11],[169,-126],[11,-75],[2,-11],[14,-86],[44,15],[49,59],[11,12],[59,69],[72,-69],[28,-27],[89,-28],[-7,-49],[-4,-28],[76,-43],[167,-31],[215,-41],[24,-51],[48,-104],[100,-60],[6,-4],[12,-16],[49,-67],[218,-89],[74,26],[35,44],[33,42],[53,-31],[34,-20],[0,-31],[119,-7],[94,-44],[157,33],[153,-25],[48,37],[120,93],[103,41],[81,-13],[60,-142],[19,-46],[17,-11],[34,-23],[1,-66],[0,-1],[-2,-99],[48,-88]],[[69231,147590],[-20,6],[-24,-21],[-17,-26],[-4,-52],[-46,-75],[31,-87],[44,-127],[-36,-54],[-25,46],[-20,37],[-153,72],[-165,9],[-47,-33],[-144,-97],[-28,-58],[7,-34],[6,-35],[-68,-113],[-32,-6],[-58,-12],[-171,-165],[17,-34],[-3,-50],[-1,-18],[-23,-166],[5,-30],[-71,-130],[-125,-46],[-67,-25],[-6,-70],[-11,-146],[-49,-28],[-17,-10],[-5,-54],[-6,-69],[-45,-13],[-65,-18],[-77,-106],[22,-79],[118,-115],[101,-8],[47,14],[73,22],[4,-74],[5,-75],[44,-80],[30,-53],[-17,-36],[-119,-258],[-43,-93],[28,-176]],[[68005,144741],[-79,-90],[-22,-46],[-38,-80],[-131,8],[-25,1],[-59,37],[-50,-45],[-12,-10],[-128,22],[-32,90],[-46,135],[-166,101],[-161,67],[-55,-40],[-17,-37],[-24,-54],[-78,17],[-35,8],[-52,-74],[-6,-141],[18,-66],[-19,-113],[27,-85],[35,-111],[-2,-30],[-37,-52],[-3,-12],[-21,-162],[-58,-139],[-30,-25],[-59,-2],[-75,-67],[-57,-51],[-49,-3],[-71,-5],[-153,-109],[-55,-39],[-28,-3],[-61,-6],[-52,-51],[-27,-27],[-77,4],[-191,-22],[-24,66],[-15,42],[-154,-110],[-30,-98],[-13,-43],[-132,-166],[-57,-40],[-7,43],[13,33],[7,17],[-26,65],[22,50],[-6,49],[-74,58],[-40,31],[-19,95],[8,33],[6,24],[-40,84],[-72,-13],[-115,-20],[-34,61],[-17,30],[-65,-16],[-59,-67],[21,-71],[15,-52],[-89,-86],[-124,-49],[-193,-65],[-160,20],[-75,-32],[-19,41],[17,121],[67,154],[0,63],[10,11],[34,33],[56,57],[-9,40],[-81,-8],[-19,-2],[-26,-3],[-7,5],[-56,44],[-49,-35],[-11,-9],[-73,-1],[-97,20],[-45,58],[-41,52],[-33,8],[-25,6],[-33,41],[-59,73],[-63,22],[-4,-2],[-54,-32],[-8,-6],[-45,-31],[-22,-22],[-111,-49],[-44,33],[-19,15],[-54,4],[-44,-55],[-27,-34],[-167,-80],[-62,-3],[-136,-6],[-53,-2],[4,-75],[2,-43],[-17,-49],[-63,-22],[-39,-14],[-16,-21],[-59,-82],[-102,83],[15,78],[28,148],[-15,227],[-1,24],[3,33],[10,90],[5,39],[-28,46],[-104,6],[-20,-63],[-1,-28],[-6,-127],[0,-1],[-73,-265],[-147,-83],[-100,27],[-53,14],[-57,-30],[-43,-45],[-13,-80],[-61,-98],[-44,-112],[-37,-92],[-49,0],[-92,0],[-52,-61],[-41,-35],[-39,-38],[-227,-75],[-69,29],[-135,-32],[-143,85],[-76,8],[19,405],[-27,54],[-5,27],[-7,40],[-12,69],[-113,-13],[-51,-6],[-15,3],[6,49],[-31,108],[-60,96],[-17,122],[19,57],[19,53],[79,168],[51,60],[76,92],[6,53],[36,38],[27,78],[9,59],[8,48],[58,28],[69,33],[21,40],[69,128],[73,-2],[64,41],[59,37],[37,22],[19,46],[3,41],[9,126],[-23,174],[-59,177],[-48,37],[-16,18],[-69,58],[-39,4],[-66,-50],[-12,-9],[-13,4],[-69,21],[-50,-43],[-94,-79],[-55,24],[-15,45],[1,177],[0,63],[-22,181],[-19,109],[20,109],[-57,174]],[[60622,146588],[102,34],[37,92],[15,37],[7,4],[38,18],[31,60],[-2,23],[-40,25],[-39,24],[-5,97],[-5,87],[-26,47],[-22,9],[-29,12],[34,58],[63,39],[51,31],[3,33],[-19,37],[-27,53],[35,51],[24,35],[-9,12],[-10,7],[-20,2],[-15,-8],[-44,-4],[-34,-16],[-118,7],[-50,-72],[0,0],[-11,-14],[-61,-24],[-53,5],[-25,33],[-23,46],[-15,29],[-21,6],[-37,11],[-77,77],[-52,290],[20,34],[13,21],[34,277],[-50,10],[-83,15],[-103,171],[-39,64],[-42,17],[-56,22],[-14,46],[35,56],[8,13],[-6,21],[-22,75],[-10,34],[40,56],[5,6],[15,57],[-15,19],[0,5],[-9,57],[-71,320],[-48,129],[-6,80],[6,19],[14,48],[-22,49],[-17,127],[-37,55],[-109,166],[88,-61],[31,19],[26,16],[6,21],[17,53],[155,31],[30,-16],[44,-24],[54,48],[38,91],[62,37],[21,84],[7,26],[49,62],[169,134],[87,-29],[31,-10],[51,89],[37,64],[24,17],[72,51],[-3,41],[-3,33],[75,70],[40,-42],[31,-71],[10,-24],[83,-82],[44,27],[24,15],[148,21],[45,-8],[46,-9],[50,20],[14,6],[50,-25],[115,-55],[21,16],[50,38],[76,-39],[33,-46],[9,-12],[67,-15],[83,153],[10,38],[13,50],[65,55],[18,-10],[49,-28],[2,-2],[28,-19],[51,2],[22,6],[23,22],[50,15],[13,9],[16,22],[58,32],[26,15]],[[71084,137903],[61,62],[53,-13],[32,-8],[99,62],[19,98],[8,42],[14,12],[76,68],[-26,57],[-10,20],[38,98],[43,51],[80,24],[77,22],[57,82],[-52,26],[-7,3],[-34,60],[10,137],[108,68],[41,23],[17,-51],[17,-47],[57,-46],[142,77],[12,7],[1,0],[50,-7],[11,46],[-16,81],[-33,29],[-41,36],[-12,43],[32,58],[50,19],[57,21],[82,141],[0,55],[-36,63],[-19,33],[42,68],[76,121],[4,67],[3,47],[99,84],[18,1],[23,0],[-10,36],[-16,54],[39,20],[50,25],[-13,89],[-6,44],[36,30],[52,46],[131,209],[15,82],[6,37],[41,92],[79,86],[41,45],[-82,208],[-143,84],[-53,31],[-37,83],[-84,189],[-206,228],[-87,64],[-38,13],[-37,13],[-1,0],[-25,14],[-18,1],[-215,102],[-96,-31],[-28,4],[-168,63],[-43,-4],[-40,-3],[-39,-4],[-39,22],[-46,25],[-70,-26],[-28,-96],[-15,-49],[-53,-9],[-14,-3],[-13,-9],[-103,-76],[-71,-2],[-73,38],[-17,33],[-20,23],[-5,21],[-41,41],[-11,21],[-43,15],[-14,13],[-30,27],[-39,52],[-31,80],[1,75],[43,-11],[4,0],[15,23],[-36,102],[-30,85],[3,7],[18,37],[-31,13],[-11,38],[3,74],[-35,36],[-34,34],[20,65],[21,23],[33,35],[7,112],[62,165],[-5,54],[-3,47],[51,192],[27,43],[22,33],[-4,58],[-7,95],[41,156],[8,31],[-1,15],[-6,51],[17,31],[24,45],[4,52],[-196,62],[-133,42],[41,90],[23,51],[23,139],[24,71],[42,124],[1,53],[-20,87],[-21,17],[-23,25],[-30,40],[-76,81],[-23,10],[0,0],[-15,17],[-19,20],[-32,24],[-19,-54],[-44,-130],[-78,-24],[-44,-61],[-51,3],[-63,5],[-240,-56],[-121,-28],[-57,17],[-88,28],[-178,56],[-98,294],[-6,42],[-10,71],[-74,42],[-98,19],[-34,7],[-19,3],[-36,17],[3,-77],[5,-149],[-8,-28],[-58,-204],[-60,-31],[-88,-15],[-63,14],[-47,10],[-51,11],[-24,-16],[-58,-42],[-273,55],[-21,4],[-12,-2],[-48,-11],[-58,157],[-31,85],[-116,48],[-52,-22]],[[104866,112551],[-128,-78],[-69,-13],[95,-377],[42,-94],[59,-131],[15,-88],[45,-73],[21,-33],[-60,-113],[-28,-53],[-13,-20],[-15,-15],[-30,-39],[-122,-133],[-16,-21],[-47,-12],[-130,-7],[-49,15],[-57,17],[-11,-17],[-25,7],[-73,-18]],[[104270,111255],[-106,68],[-199,228],[-127,146],[-18,21],[-61,65],[-29,37],[-4,35],[-1,71],[-2,106],[-17,54],[-119,56],[-110,47],[-114,45],[-5,2],[-3,2],[-39,23],[-408,-178],[-79,-86],[-11,-18],[-112,-197],[-175,-129],[-95,-102],[-6,-26],[-84,-49],[-40,75],[-63,117],[-16,29],[-25,48],[-229,-148],[-38,-46],[-65,-78],[-161,-278],[15,-72],[12,-55],[-27,-216],[-26,-344],[-84,-54],[-9,-6],[-124,-124],[-20,-75],[-9,-46],[-29,-134],[-9,-60],[39,-110],[23,-65],[8,-98],[22,-118],[12,-41],[10,-96],[0,-131],[6,-30],[15,-169],[-1,-109],[-6,-152],[17,-124],[-4,-107],[-15,-130],[-4,-92],[-40,-25],[-18,-11],[-33,-40],[-78,-94],[-73,-56],[-124,-95],[-40,-68],[-70,-118],[-199,-164],[-3,16],[-1,7],[-71,14],[-67,-18],[-103,-27],[-183,20],[-61,7],[-21,79],[-7,26],[-15,12],[-40,34],[-49,117],[2,81],[33,18],[18,10],[-9,38],[-2,9],[4,22],[8,39],[-115,141],[-67,-27],[-4,-11],[-21,-65],[-22,45],[-83,28],[-15,45],[-2,6],[-13,12],[-37,31],[-33,-11],[-14,-31],[-13,-27],[-23,14],[-66,41],[-7,-69],[-7,-72],[-101,30],[-41,12],[-4,-47],[24,-34],[23,-33],[-3,-25],[-44,-14],[-89,-29],[-60,-117],[-18,-36],[-34,-9],[-142,-40],[-95,-127],[-42,-42],[-113,-111],[-92,-52],[-453,-166],[-107,28],[-39,47],[-92,112],[-66,-2],[-99,59],[-97,-96],[-67,-135],[-23,-82],[-28,-97],[-180,-270],[-248,-92],[-97,-35],[-260,-241],[-38,-140],[-64,-241],[-77,-156],[-42,-85],[-10,-61],[-12,-76],[-80,-179],[-173,-222],[-62,-44],[-44,-31],[-101,-126],[-17,-62],[-65,-242],[-9,-69],[15,-45]],[[96271,104897],[-101,-31],[-101,9],[-126,77],[-166,26],[-62,92],[-183,79],[-52,49],[-64,-4],[-139,128],[-104,21],[-106,59],[-74,83]],[[94993,105485],[185,245],[41,138],[15,49],[26,19],[57,43],[68,140],[73,98],[35,91],[1,24],[3,49],[34,14],[12,4],[85,109],[6,193],[-24,40],[-19,31],[-4,68],[21,40],[52,100],[-11,194],[0,7],[2,5],[37,86],[3,96],[-40,158],[-58,23],[-176,73],[-21,59],[5,145],[15,75],[8,41],[7,200],[-25,48],[-19,38],[-32,161],[26,91],[36,125],[-17,46],[-46,12],[-31,9],[-23,-5],[-45,13],[-24,-4],[-66,47],[-75,13],[-79,-16],[-30,-6],[-25,39],[-24,39],[-30,14],[-32,16],[-34,108],[6,91],[25,37],[9,68],[19,139],[-17,62],[-37,141],[16,77],[24,25],[18,19],[-70,114],[-83,84],[-76,28],[-241,-58],[-31,-18],[-147,-86],[-148,34],[-186,118],[-72,106],[-78,39],[-57,66]],[[93710,110016],[21,27],[66,109],[-45,106],[-11,26],[-52,147],[22,46],[26,51],[43,307],[-15,26],[-65,116],[112,-58],[97,-50],[35,11],[45,65],[92,11],[84,96],[23,54],[18,44],[37,27],[33,24],[82,215],[2,41],[3,54],[12,40],[8,31],[15,52],[2,32],[-3,15],[-2,8],[-1,24],[10,67],[8,81],[11,18],[6,8],[13,31],[24,137],[-14,71],[-20,47],[-32,25],[-59,32],[-28,15],[-14,39],[-5,15],[-13,9],[-43,29],[-78,127],[-45,73],[-99,32],[-53,-15],[-10,-3],[-23,-9],[-19,-2],[-20,-9],[-4,31],[2,20],[1,9],[-2,33],[-11,43],[-55,81],[-11,10],[-16,13],[-13,16],[-8,52],[-7,25],[-1,51],[3,34],[5,24],[13,60],[-4,37],[-1,64],[-6,26],[0,43],[-6,35],[-16,62],[-3,9],[-4,36],[-2,19],[-1,35],[-16,9],[-11,6],[-6,48],[-10,71],[-30,20],[-111,74],[-21,14],[-16,98],[-6,39],[-47,26],[-76,-5],[-134,-9],[-47,75],[-84,134],[-45,16],[-31,-15],[-38,-18],[-36,141],[8,116],[21,53],[29,38],[12,48],[79,114],[81,114],[45,220],[25,129],[53,12],[85,20],[18,185],[-14,106],[21,258],[-57,136],[-28,-5],[-16,-2],[-58,146],[-9,134],[-42,160],[114,191],[85,224],[121,155],[8,10],[31,41],[35,89],[14,35],[79,204],[136,192],[41,58],[47,105],[-6,163],[-23,52],[-47,103],[-41,222]],[[101359,118952],[41,-15],[45,29],[34,22],[-5,-53],[-10,-120],[26,-23],[33,36],[19,20],[23,-11],[18,-34],[-27,-45],[-11,-19],[15,-53],[29,0],[23,43],[20,39],[40,-12],[-9,-62],[-10,-63],[-52,-25],[18,-32],[70,-30],[8,-4],[1,-44],[0,-48],[-30,-66],[60,14],[14,38],[18,50],[41,13],[4,40],[23,-34],[-8,-58],[-3,-26],[38,-1],[11,38],[-4,35],[-9,80],[16,16],[59,-23],[17,-45],[9,-23],[8,7],[31,28],[24,-12],[-11,-45],[-10,-3],[-42,-11],[9,-30],[75,2],[61,1],[8,-66],[0,-3],[-17,-52],[64,12],[33,6],[44,-67],[17,-28],[38,-60],[33,-6],[30,-5],[3,-3],[40,-48],[24,15],[-12,27],[10,11],[6,5],[18,-4],[36,-8],[22,13],[35,20],[44,-33],[31,-22],[9,-63],[47,28],[51,-46],[29,28],[15,14],[100,-66],[46,-30],[6,7],[22,25],[23,-45],[1,-3],[120,-56],[48,27],[19,25],[30,39],[24,-43],[34,-62],[68,-5],[56,-4],[82,-54],[7,-41],[-15,-53],[-29,-104],[-25,-93],[-12,-146],[-3,-76],[-2,-115],[3,-35],[4,-48],[-4,-82],[-9,-54],[-17,-128],[-11,-28],[-14,-36],[-6,-18],[-13,-17],[-9,-17],[-30,-155],[-17,-88],[-35,-66],[-21,-34],[-25,-46],[-58,-62],[-43,-45],[-12,-80],[-2,-11],[-7,-44],[-11,-47],[-41,-164],[-9,-37],[-47,-39],[-45,-38],[-1,-105],[0,-118],[-16,-23],[-44,-64],[12,-72],[-13,-137],[4,-23],[-10,-14],[40,-89],[167,-154],[52,-48],[39,-82],[97,-207],[82,-129],[164,-259],[48,-139],[42,-122],[51,-18],[56,19],[36,-1],[105,-8],[48,13],[42,16],[94,14],[31,10],[4,1],[61,8],[30,-2],[5,0],[2,1],[69,22],[22,-15],[16,-10],[13,2],[47,12],[64,25],[15,10],[26,39],[3,7],[10,24],[21,22],[26,12],[46,-22],[24,4],[29,-22],[35,-28],[35,1],[22,5],[52,13],[11,-116],[-1,-10],[-5,-40],[16,-50],[-3,-31],[18,-7],[10,-33],[8,-48],[24,-31],[35,-88],[44,-37],[10,-9],[45,-34],[-18,-69],[-7,-13],[-20,-40],[2,-84],[-6,-35],[4,-15],[7,-28],[-14,-38],[-16,-40],[9,-69],[1,-6],[11,-69],[7,-120],[38,-65],[-18,-77],[-21,-31],[-9,-14],[-6,-174],[28,-70],[1,-3],[0,-30]],[[106110,154321],[-66,-76],[25,-157],[47,-73],[156,-104],[57,20],[60,21],[71,-95],[26,-35],[8,-63],[36,-58],[108,-50],[10,-5],[21,-32],[82,-124],[52,-34],[46,-30],[25,-168],[-1,-18],[-4,-102],[41,-6],[45,23],[59,32],[49,-26],[15,-69],[-12,-40],[-17,-56],[15,-83],[49,11],[53,-42],[31,103],[14,46],[46,-2],[36,-1],[43,67],[-3,38],[-7,91],[89,136],[54,29],[29,-83],[0,-2],[20,-10],[54,-28],[4,-7],[31,-54],[156,-60],[51,-68],[30,1],[50,29],[24,15],[100,58],[67,-49],[36,-27],[55,13],[28,79],[87,67],[29,57],[79,155],[75,12],[12,-5],[57,-20],[70,144],[51,-82],[128,-42],[31,-10],[5,-15],[23,-63],[109,-83],[53,3],[8,10],[15,21],[30,-57],[2,-20],[7,-83],[143,-108],[23,-3],[63,-8],[38,-42],[37,-42],[58,-23],[52,56],[59,64],[28,-45],[2,-63],[1,-43],[43,-84],[-11,-39],[63,-37],[4,-3],[88,-141],[43,-138],[41,-41],[-2,-44],[-3,-36],[23,-47],[131,-27],[106,-22],[23,-59],[7,-69],[10,-97],[311,-100],[72,12],[64,69],[12,33],[19,53],[50,8],[42,-19],[88,-39],[69,17],[71,56],[33,66],[23,47],[71,18],[26,-16],[68,-44],[50,3],[107,44],[9,22],[21,51],[68,5],[77,6],[20,54],[4,4],[76,72],[178,-71],[29,-27],[88,-86],[149,-16],[61,-7],[48,-156],[-8,-31],[-9,-42],[183,-201],[73,67],[41,38],[23,7],[25,8],[15,114],[10,79],[70,50],[9,4],[42,18],[37,55],[51,75],[90,-96],[2,-2],[2,-1],[59,-28],[47,15],[15,-84],[11,-59],[161,-86],[77,-9],[97,42],[62,-4],[93,67],[111,-77],[119,-9],[38,64],[27,47],[21,-1],[181,-46],[117,-29],[62,9],[14,39],[17,44],[18,13],[46,-33],[87,-63],[252,-50]],[[114537,152007],[11,-47],[48,-56],[20,-22],[13,-34],[32,-83],[41,-43],[47,-50],[11,-86],[0,-1],[0,-1],[33,-76],[-5,-26],[-17,-96],[57,-82],[125,-60],[63,-11],[175,-31],[-43,-207],[-18,-202],[-72,-198],[-20,-55],[3,-20],[10,-63],[-40,3],[-26,3],[-69,-136],[-5,-107],[39,-21],[16,-9],[34,-56],[-127,-163],[-31,17],[-55,29],[-20,-59],[-40,-31],[20,-88],[57,-112],[18,-35],[-1,-25],[-2,-99],[28,-132],[50,-75],[15,-10],[28,-17],[50,-102],[0,-70],[-18,-17],[-27,-25],[52,-62],[12,-16],[46,-124],[-13,-54],[-47,-37],[-11,-39],[-1,-5],[-56,-27],[0,-34],[135,-87],[7,0],[80,0],[44,-50],[-5,-33],[-23,-11],[-35,-6],[-9,-1],[-90,-110],[17,-92],[44,-8],[48,-9],[26,-31],[-41,-81],[-3,-6],[-2,-11],[-4,-41],[-9,-11],[-52,-69],[-13,-150],[-27,-44],[3,-94],[1,-19],[-24,-186],[-46,-69],[-12,-19],[-4,-36],[-2,-18],[-3,-25],[-7,-16],[-48,-99],[-13,-144],[0,-1],[-1,0],[-26,-40],[-5,-19],[4,-48],[1,-11],[-9,-23],[-27,-66],[-25,-167],[24,-28],[61,-69],[-67,-81],[-34,-40],[14,-247],[7,-16],[17,-47],[-18,-143],[-41,-70],[-49,-82],[-23,-135],[-4,-22],[-18,-42],[-42,-102],[0,-25],[1,-126],[-60,-53],[-20,-16],[-2,-80],[-25,-71],[23,-85],[4,-4],[30,-36],[-31,-103],[-42,-43],[-20,-21],[-8,-35],[-22,-100],[2,39],[-12,46],[-11,40],[-20,-18],[-36,1],[-34,-11],[-19,-26],[-23,-20],[2,-25],[1,-13],[-76,-227],[-53,47],[-35,30],[-84,-137],[-57,-95],[-29,-131],[138,-61],[108,-48],[9,-30],[-12,-5],[-38,-16],[-4,-2],[4,-11],[29,-71],[-18,-98],[-3,-15],[-5,-27],[-4,-19],[-17,-82],[32,-24],[53,-38],[1,-56],[-22,-33],[-70,-33],[-68,-32],[-1,-27],[-5,-98],[-91,16],[-47,8],[-29,-43],[-4,-83],[-4,-83],[-16,-38],[-39,-88],[-37,11],[-18,1],[-13,1],[-36,12],[-35,-17],[-24,15],[-30,-18],[-21,-28],[-30,-34],[-12,-38],[-6,-28],[-2,-9],[-22,-26],[-22,4],[-16,3],[-22,-31],[-13,-6],[-9,-38],[-26,-61],[-22,-45],[-8,-86],[-4,-51],[-14,-81],[-32,-23],[-51,9],[-45,4],[-4,0],[-239,-56],[-62,-40],[-6,-79],[-14,-156],[-43,49],[-4,6],[-17,30],[-17,-45],[-55,-120],[-22,7],[-2,-61],[-1,-44],[-30,-29],[-23,-22],[-13,-17],[-40,-50],[-57,-61],[-6,-29],[-23,-31],[-17,-25],[-34,-61],[-11,-39],[-6,-36],[-2,-28],[3,-97],[37,-24],[4,-3],[12,-34],[8,-21],[6,-15],[39,-86],[35,-80],[12,-13],[25,-6],[16,-26],[-30,-45],[-40,-60],[19,-221],[317,-64],[80,44],[77,42],[36,-88],[13,-54],[2,-27],[-30,-59],[-2,-3],[4,-142],[55,-132],[35,-83],[-64,-87],[-14,-29],[-33,-81],[-6,-15],[-36,-39],[-20,-17],[-19,-53],[-14,-29],[-10,-11],[-15,-53],[-32,-56],[-23,-44],[-11,-19],[-17,-9],[-75,-40],[-93,2],[-15,1],[-83,9],[-13,3],[-13,9],[-40,-62],[19,-182],[37,-72],[31,-59],[-38,-109],[-2,-137],[-64,-177],[-8,-17]],[[60622,146588],[-32,-98],[-125,-115],[-68,35],[-46,24],[-79,-50],[0,-19],[1,-51],[-8,-43],[-50,-18],[-45,12],[-10,2],[-85,-96],[-8,-9],[-69,-70],[-4,0],[-99,-17],[-41,-78],[-18,-62],[-11,-38],[-55,-14],[-48,29],[-47,28],[-93,-12],[-39,-70],[-23,-40],[-25,-10],[-27,-11],[-10,12],[-8,9],[-75,21],[-86,-59],[-21,-15],[-41,-6],[-12,3],[-11,10],[-5,20],[-7,13],[-2,6],[-18,17],[-20,29],[-81,9],[-260,-31],[-181,-24],[-2,-65],[-2,-75],[-122,-92],[-50,-16],[-140,-3],[-1,0],[-75,23],[-22,3],[-24,-4],[-33,-7],[-15,-5],[-160,-48],[-34,-51],[-42,-63],[-16,-17],[-26,-21],[-28,-23],[-9,-79],[-1,-7],[-1,-12],[-24,-184],[-120,-136],[-222,-127],[-71,-41],[-82,-79],[-23,-59],[-2,-115],[0,-46],[-43,-84],[-15,-21],[-17,-15],[-15,-9],[-31,-19],[-36,-33],[-83,-84],[-91,-56],[-30,-17],[-26,-15],[-44,-24],[-44,-31],[-29,-28],[-20,-45],[-52,-118],[-127,-126],[-64,-6],[-48,98],[9,129],[0,0],[28,60],[-25,33],[8,70],[-22,57],[-11,27],[-14,234],[5,130],[3,69],[-10,99],[-6,70],[21,170],[10,21],[25,49],[-23,55],[-30,74],[9,92],[5,53],[9,94],[-19,38],[-5,10],[2,28],[4,43],[-9,29],[-45,143],[16,179],[-17,142],[-23,48],[16,85],[85,3],[27,1],[48,44],[55,51],[48,12],[15,42],[22,-16],[2,-46],[0,-17],[79,-59],[40,12],[16,45],[-10,34],[43,91],[-9,95],[-58,68],[-38,5],[-63,9],[-18,47],[12,29],[46,11],[24,-18],[27,-23],[34,10],[32,37],[16,71],[32,158],[-3,10],[-11,45],[12,35],[42,17],[37,14],[114,101],[28,82],[-1,53],[-1,27],[33,51],[113,18],[76,12],[33,51],[0,12],[2,38],[45,53],[39,1],[60,2],[33,99],[24,74],[35,-10],[35,-11],[82,69],[47,120],[13,32],[113,97],[36,-12],[62,-21],[98,15],[2,139],[-8,25],[-20,67],[29,165],[7,34],[17,159],[-33,38],[-50,-32],[-21,41],[-21,-5],[-60,-107],[12,-54],[15,-62],[-73,-53],[-28,-20],[-31,-55],[-3,-56],[8,-25],[31,-91],[-32,-66],[-35,-3],[-69,-6],[-38,-46],[-50,-62],[-51,13],[-10,3],[-22,-17],[-46,-36],[-19,61],[-18,56],[-79,-14],[-29,-78],[-22,-60],[-119,-106],[-44,-24],[-23,6],[-74,20],[-42,-84],[-27,-55],[-66,30],[-7,9],[-47,54],[-70,-43],[-25,-15],[-23,20],[-40,35],[-85,29],[-31,-19],[-11,-29],[-26,-73],[-50,30],[48,161],[44,397],[22,-9],[31,-88],[13,-35],[134,-173],[29,25],[-15,194],[18,45],[-1,104],[-43,114],[-7,85],[-13,8],[-26,16],[-18,36],[7,23],[56,2],[40,-33],[116,8],[13,-66],[0,-1],[55,-46],[98,42],[125,124],[37,174],[10,50],[41,74],[24,15],[24,15],[16,42],[15,40],[61,69],[42,48],[68,-21],[28,52],[14,32],[147,180],[59,41],[14,78],[-36,-70],[-125,-39],[-1,1],[-22,30],[-2,9],[-34,148],[-78,-67],[-23,-48],[-3,-5],[-36,-57],[-34,-3],[-10,-1],[-123,-88],[-35,-63],[-20,-36],[-31,-9],[-18,-6],[-4,-15],[-11,-40],[-57,-26],[-29,-52],[-39,57],[-5,9],[-112,51],[-81,2],[-52,-31],[-19,-58],[-13,-37],[-33,5],[-38,-36],[-64,117],[-53,18],[-22,86],[-1,7],[-53,63],[-7,3],[-50,16],[25,105],[5,19],[16,111],[-42,121],[-55,64],[-142,44],[-18,-18],[-73,-74],[-42,22],[-45,89],[21,65],[-3,59],[20,21],[81,-3],[93,-4],[120,96],[5,30],[-3,3],[-25,28],[10,25],[85,43],[13,-28],[44,3],[22,-29],[15,-19],[8,-186],[-86,-123],[19,-136],[65,36],[36,49],[25,35],[24,-26],[12,-14],[68,27],[47,-56],[18,0],[4,58],[-18,90],[-20,13],[-21,14],[13,58],[-21,83],[37,91],[31,-6],[30,-7],[65,81],[-13,16],[-52,8],[-13,1],[-8,75],[4,26],[17,119],[-34,-15],[-43,-20],[2,100],[-3,102],[-62,123],[41,90],[2,4],[0,7],[2,117],[33,34],[99,-13],[1,0],[4,6],[40,51],[7,-3],[18,-7],[48,75],[34,55],[22,3],[55,8],[24,73],[-37,76],[-8,15],[-18,31],[19,60],[86,155],[48,47],[29,29],[34,61],[14,94],[2,7],[1,4],[82,176],[-13,71],[13,33],[-7,6]],[[57543,149184],[-19,-37],[-35,38],[29,33],[25,-34]],[[57104,151295],[-59,-73],[-38,30],[73,65],[24,-22]],[[56768,149992],[-10,-33],[-34,11],[25,40],[19,-18]],[[56660,149907],[-9,-1],[-10,51],[12,32],[33,85],[20,4],[6,-59],[-26,-108],[-26,-4]],[[56680,149727],[-29,-29],[-11,41],[21,19],[19,-31]],[[56646,146494],[-30,-8],[-14,51],[32,-13],[12,-30]],[[56611,149743],[18,-51],[-21,2],[-9,13],[-18,28],[29,8],[1,0]],[[56495,150815],[41,-81],[48,4],[34,2],[-6,-27],[-17,-91],[0,-2],[11,-67],[-33,-52],[-10,-17],[-2,-49],[-3,-93],[-29,-5],[-45,58],[11,11],[24,23],[-21,45],[-11,24],[16,66],[30,126],[-50,-10],[-16,-3],[-48,73],[10,10],[40,39],[23,23],[3,-7]],[[56586,146484],[-26,0],[-14,45],[34,-7],[6,-38]],[[56400,147017],[14,-42],[-58,1],[-49,1],[-24,114],[-3,13],[23,8],[27,-26],[49,-48],[21,-21]],[[56374,150520],[-18,-54],[-28,11],[24,39],[22,4]],[[56355,147224],[-83,-53],[-14,32],[41,44],[8,86],[9,89],[-58,95],[0,18],[1,16],[71,-53],[2,-5],[25,-71],[0,-4],[12,-85],[-21,-44],[7,-65]],[[56286,150525],[-16,-15],[-32,30],[26,22],[22,-37]],[[56128,148638],[-45,-16],[-24,49],[47,100],[-21,83],[14,54],[39,47],[4,12],[23,74],[50,-11],[-51,-229],[-36,-163]],[[56149,148506],[-20,-9],[-16,48],[2,0],[29,10],[13,-45],[-8,-4]],[[93710,110016],[-65,-46],[9,-64],[1,-5],[-9,-11],[-40,-49],[1,-26],[1,-22],[-11,-14],[-13,15],[-24,27],[-3,-29],[-33,-31],[-2,-22],[-1,-25],[-21,4],[-21,5],[-8,-32],[-29,17],[-13,-51],[-140,-111],[-1,-21],[-1,-61],[-26,36],[-13,18],[-19,-48],[-1,0],[0,0],[-62,8],[-10,-46],[-20,-7],[-136,-112],[-4,-51],[-27,-14],[2,-6],[12,-35],[-51,57],[-103,115],[-44,-11],[-150,56],[-82,-42],[-18,-8],[-9,2],[-44,13],[-30,-62],[-42,-84],[-62,-45],[-52,-37],[3,-72],[6,-138],[-58,-192],[-29,82],[-4,11],[-110,191],[-241,416],[-221,-204],[-109,-100],[-64,-88],[-49,-2],[-71,15],[-32,14],[-14,9],[-137,76],[-69,3],[-20,9],[-36,4],[-55,13],[-60,2],[-77,18],[-213,45],[-76,16],[-39,60],[-8,13],[-14,8],[-50,29],[-23,39],[-22,38],[-11,7],[-20,5],[-18,-9],[-17,1],[-25,2],[-9,5],[-29,18],[-54,-17],[-242,-53],[-32,-249],[4,-24],[13,-86],[-76,-75],[-79,-77],[-46,-17],[-61,-109],[-28,-48],[-40,0],[-11,0],[-40,-25],[-79,-48],[-115,-18],[-76,53],[-260,56],[-39,81],[3,87],[2,73],[-21,74],[-43,54],[-149,61],[-91,-15],[-19,-155],[0,-97],[0,-184],[-75,-87],[-145,-42],[-46,28],[-134,80],[-154,43],[-141,39],[-118,72],[-56,33],[-39,-56],[-28,-40],[-52,34],[-100,67],[-109,11],[-254,-89],[-35,-35],[-6,-86],[-9,-47],[4,-26],[8,-42],[-20,-27],[-26,-45],[-44,-41],[-27,-37],[-27,-30],[-34,-18],[-36,15],[-46,21],[-216,-69],[-27,-8],[-312,-31],[-165,37],[-84,-17],[-124,65],[-46,11],[-81,18],[-134,21],[-51,-14],[-48,-13],[-76,26],[-74,24],[-56,-12],[-52,-11],[-30,19],[-77,50],[-62,-36],[-15,-9],[-75,28],[-320,125],[-203,43],[-58,-25],[-66,-92],[-11,-119],[34,-136],[5,-17],[16,-158]],[[84539,108142],[-39,20],[-33,-26],[-37,-30],[-25,25],[-36,37],[-65,25],[-81,96],[-67,1],[-29,45],[-326,200],[-60,-13],[-39,-9],[-30,50],[-33,52],[-76,25],[-36,58],[-63,-12],[-23,-5],[-76,103],[-25,65],[-32,85],[-96,117],[-30,36],[-39,28],[-32,71],[-23,60],[-22,58],[-34,8],[-58,16],[-53,57],[-13,31],[-29,73],[-40,-15],[-52,-21],[-46,103],[-14,29],[-13,-7],[-18,-8],[-14,20],[-18,24],[-34,2],[-20,-22],[-38,-44],[-92,79],[-67,137],[-15,84],[-11,63],[-39,17],[-25,12],[-125,136],[-83,90],[-41,-5],[-32,-4],[-124,42],[-29,37],[12,49],[5,18],[-33,100],[-58,12],[-103,22],[-14,10],[-17,18],[-15,2],[-132,87],[-159,105],[-51,-1],[-139,-2],[-99,117],[-142,66],[-45,158],[15,96],[-20,87],[3,79],[2,37],[-21,152],[10,63],[-37,38],[-13,14],[-203,5],[-62,-19],[-7,-12],[-3,-7],[-9,-9],[-58,-6],[-46,2],[-87,19],[-37,13],[-50,18],[-87,40],[-20,9],[-45,17],[-29,11],[-14,9],[-19,1],[21,27],[0,38],[1,19],[-45,119],[-101,107],[-134,33]],[[79804,111999],[59,42],[20,4],[117,18],[70,-18],[69,53],[115,227],[29,148],[42,131],[25,220],[22,194],[29,102],[26,71],[5,39],[2,34],[54,106],[40,51],[23,70],[12,16],[21,22],[23,69],[192,-3],[103,-2],[79,-41],[26,-8],[15,25],[32,337],[59,184],[-17,35],[-50,11],[-1,44],[-100,17],[-114,19],[-74,43],[-23,71],[-59,29],[-88,-58],[-65,118],[-19,41],[-10,28],[-19,98],[5,50],[-6,66],[-44,101],[-6,20],[-14,76],[-6,60],[-8,45],[-11,48],[-53,167],[-9,44],[-4,65],[18,-11],[31,0],[35,-14],[44,2],[171,-88],[100,-82],[72,-60],[144,-13],[84,135],[84,5],[49,164],[-72,90],[-65,32],[-64,32],[-93,219],[23,131],[40,59],[44,67],[-4,76],[-1,24],[24,169],[53,98],[46,24],[29,15],[1,31],[5,80],[58,49],[93,175],[200,-86],[205,42],[159,-67],[13,-10],[207,-162],[175,-54],[0,58],[-78,79],[-9,58],[-114,91],[-47,107],[-52,31],[-41,26],[-12,7],[6,48],[-9,51],[-42,241],[-38,28],[-67,52],[2,34],[-56,269],[-118,389],[150,62],[26,4],[140,18],[-6,203],[0,13],[30,142],[54,93],[11,86],[33,46],[6,9],[0,16],[0,40],[20,41],[64,130],[21,131],[-90,177],[-2,4],[-13,92]],[[81578,118933],[-116,-182],[-100,-2],[-96,-3],[-96,-45],[-37,-35],[-99,-92],[-43,-3],[-47,-2],[-39,-56],[-35,-49],[-178,59],[-121,119],[-65,15],[-11,40],[-1,4],[-13,27],[-31,-3]],[[111863,135651],[-16,-49],[7,-50],[18,-11],[36,-22],[11,-36],[-39,-39],[-29,-28],[-4,-34],[19,-28],[27,33],[13,16],[33,-4],[-10,-46],[-7,-32],[24,-44],[45,6],[4,8],[24,50],[81,-127],[78,-30],[44,-54],[-84,-6],[-18,-1],[-19,-37],[12,-36],[27,-19],[45,-33],[-17,-50],[-9,-29],[51,-91],[20,-37],[1,-23],[0,-91],[39,-24],[30,-18],[-43,-58],[-24,-121],[-39,-61],[-15,-24],[10,-81],[-40,-69],[-41,-20],[-5,-3],[-39,-79],[1,-30],[0,-34],[-12,-16],[-16,-22],[8,-19],[10,-26],[-17,-95],[-27,-81],[-8,-8],[-24,-25],[38,-44],[48,-57],[-2,-43],[-3,-45],[-7,-98],[53,-178],[65,-104],[5,-8],[39,-57],[-33,-28],[-63,-88],[-31,-100],[-48,-17],[-35,-68],[-41,-31],[-23,-18],[-5,-76],[1,-2],[6,-27],[-39,-101],[-44,2],[-46,3],[-58,-67],[-79,-92],[-47,14],[-35,11],[-8,-94],[-2,-32],[-6,1],[-44,7],[22,-93]],[[111557,132233],[-50,-101],[-127,-47],[-107,26],[-17,17],[-27,26],[-9,27],[-258,-136],[-90,-114],[-95,-121],[-33,24],[-1,1],[-8,2],[-53,11],[-13,101],[9,40],[12,51],[-56,66],[-6,7],[-2,14],[-6,49],[-209,38],[-39,-36],[-46,-43],[-72,30],[-61,17],[-72,0],[-222,150],[-183,148],[-85,165],[5,61],[4,58],[-112,28],[-208,-38],[9,-19],[1,-3],[-74,-127],[-11,-19],[-1,-4],[-19,-87],[-46,-41],[-27,-24],[-44,-239],[-44,-108],[26,-73],[8,-23],[-24,-107],[2,-65],[-40,-5],[-40,-4],[-64,-56],[-98,-44],[-68,-76],[-33,8],[-53,-95],[-28,-51],[-62,48],[-31,110],[-5,21],[-43,27],[-157,-26],[-80,-49],[-7,-18],[-9,-26],[-13,-6],[-32,-14],[-15,-46],[33,-63],[28,-53],[-33,-172],[-13,-67],[8,-67],[44,-57],[29,4],[38,6],[81,-35],[13,-37],[5,-15],[19,2],[35,4],[56,-29],[15,-7],[9,12],[49,58],[85,24],[36,-18],[-4,-175],[-2,-99],[-31,-80],[24,-99],[-5,-17],[25,-102],[6,-23],[-1,-82],[-16,-54],[-21,-73],[-27,-139],[20,-105],[44,10],[22,5],[37,-44],[34,-88],[-14,-66],[-9,-43],[15,-20],[35,-45],[-11,-41],[-105,-36],[-27,-48],[-79,-7],[-104,-54],[-53,-28],[-17,-40],[-40,-99],[-10,-1],[-13,-2],[95,-190],[38,-34],[66,-60],[61,-130],[22,-47],[47,-57],[25,-30],[33,-69],[19,-134],[-93,-52],[-115,-66],[-53,-92],[0,0],[-12,-11],[-87,-79],[-13,-87],[-5,-35],[-16,0],[-24,1],[-2,-43],[0,-21],[-32,-65],[-31,7],[-23,4],[-12,-30],[-28,-67],[-43,17],[-22,9],[-57,-29],[-4,-39],[-1,-19],[-17,-15],[-33,-31],[65,-121],[31,-58],[-6,-126],[-24,-37],[-263,-178],[-124,-83],[-65,-8],[-7,5],[-45,32],[-113,-71],[-30,-18],[-17,14],[-26,22],[-11,-3],[-44,-11],[-104,68],[-24,30],[-69,90],[-30,-62],[-59,-319],[-9,-26],[3,-35],[5,-59],[-19,-35],[-2,-28],[-15,-60],[-8,-11],[-43,-61],[-9,-106],[9,-48],[14,-79],[-52,-112],[-4,-9],[-2,-17],[-5,-76],[-33,-47],[-49,2],[-4,0],[-91,-72],[-113,-218],[-5,-20],[24,-74],[13,-56],[8,-15],[0,0],[14,-44],[33,-139],[-48,-10],[-9,30],[-10,34],[-30,-4],[-100,-82],[-25,-35],[-87,-120],[-94,-55],[-80,4],[-61,3],[-18,-11],[-47,-26],[-16,-24],[-94,17],[-94,-34],[-23,41],[-16,28],[-23,-20],[-31,-22],[-11,-107],[-23,-208],[-58,-109],[-71,-87],[-58,-2],[-23,0],[-45,-43],[-34,-33],[-38,-14],[-83,-30],[-31,-95],[12,-47],[11,-51],[-25,-30],[-21,-25],[-8,-62],[25,-74],[28,-81],[-9,-46],[-6,-30],[49,-164],[89,-91],[56,-57],[60,-110],[-1,-22]],[[105665,123631],[-187,-102],[-170,-185],[-48,-52],[-142,50],[-45,44],[-85,105],[-18,56],[20,101],[6,27],[40,70],[-39,58],[-5,7],[-30,204],[28,75],[19,7],[11,5],[4,36],[-17,108],[-89,227],[-21,-23],[-47,-52],[-109,100],[-163,90],[-12,8],[-77,50],[-83,-3],[-7,-3],[-122,-59],[-181,46],[-30,7],[-143,-36],[-6,-18],[-16,-46],[-33,-17],[-36,30],[-29,26],[-35,-41],[-30,22],[-41,-59],[-27,-39],[-24,48],[-12,26],[-67,19]],[[103429,124934],[118,64],[74,-3],[298,207],[77,172],[-4,63],[-61,115],[-143,172],[-31,39],[-89,39],[-42,19],[-13,44],[-5,18],[-86,108],[-81,-10],[-233,-30],[-265,54],[-35,69],[26,46],[-13,77],[13,53],[13,56],[-15,6],[-19,-12],[-19,-14],[-140,183],[-4,25],[-3,27],[-24,28],[-19,23],[-20,106],[-51,148],[5,32],[9,64],[-28,48],[-13,-48],[-98,-73],[-40,-150],[4,-126],[14,-45],[16,-54],[-12,-157],[-81,-42],[-19,-9],[-56,-58],[-65,-66],[-40,11],[-10,42],[-8,35],[-120,-2],[-6,-6],[-11,-9],[-9,-14],[-12,-9],[-14,-1],[-22,9],[-21,13],[-24,26],[-44,17],[0,0],[-65,15],[-3,-1],[-29,-15],[-13,-14],[-12,-1],[-29,13],[-26,21],[-29,10],[-20,18]],[[129855,124362],[23,-10],[3,1],[21,8],[170,67],[-8,-54],[-57,-100],[-105,-50],[-17,-8],[-152,-142],[-68,-34],[-6,9],[-26,39],[-48,-2],[-37,-88],[-50,-38],[-44,-33],[-10,-64],[-54,38],[-14,10],[-78,-7],[-34,-75],[-8,-88],[49,-213],[71,-101],[59,-24],[123,85],[13,9],[10,-1],[83,-12],[92,70],[146,111],[55,84],[57,-39],[-86,-79],[-24,-102],[-1,-2],[0,-1],[19,-79],[49,-8],[-13,-55],[-56,-94],[-32,-54],[-47,-41],[-163,-34],[-1,1],[-57,60],[-49,-11],[-47,-89],[-18,-152],[52,-219],[119,-203],[201,-179],[42,-29],[315,-212],[95,-23],[47,49],[48,-4],[104,62],[127,126],[16,15],[31,13],[84,33],[47,98],[-2,18],[-7,57],[12,72],[59,51],[147,-133],[9,-13],[44,-73],[98,-23],[57,-13],[36,-50],[48,-66],[21,0],[39,-8],[43,-61],[56,-3],[81,-5],[25,-47],[-38,-82],[-12,-26],[6,-64],[52,-14],[83,-22],[-1,-66],[-64,-20],[-15,-4],[-34,-49],[-15,-150],[11,-21],[2,-3],[-19,-124],[14,-38],[-2,-142],[-18,-25],[-54,3],[-18,1],[-10,-79],[-17,-134],[-50,-19],[-59,24],[-55,23],[-36,-19],[-63,-157],[-7,-31],[-39,-168],[10,-120],[17,-10],[71,-45],[7,-29],[-36,-37],[-60,-5],[-55,-5],[-29,-83],[2,-18],[1,-12],[5,-44],[-43,-83],[-91,-62],[-57,-39],[-36,-37],[-4,-44],[-65,-64],[-151,-235],[-39,-113],[-99,-388],[-9,-152],[0,-3],[-11,-138],[-7,-88],[-20,-14],[-16,54],[-12,39],[-24,3],[-14,-81],[29,-10],[14,-4],[-71,-144],[-59,-219],[-38,-23],[0,-48],[-39,-30],[6,-44],[-33,-61],[-69,-4],[-7,9],[-16,20],[-4,-41],[-2,-28],[-35,-12],[-93,-33],[-16,-85],[-11,-55],[-13,-12],[-86,-83],[-66,-4],[-108,-6],[-24,-76],[-2,-8],[-29,-12],[-91,-38],[-39,-62],[-43,-69],[-194,-309],[-64,-38],[-70,3],[-42,73],[-10,61],[-79,58],[1,51],[0,2],[-1,0],[-29,-10],[-34,63],[0,19],[0,27],[0,43],[-40,71],[-64,64],[-11,-9],[-30,-23],[-49,24],[-15,68],[23,25],[2,24],[7,100],[-88,142],[-106,103],[-38,-15],[-127,35],[-84,-43],[-2,-2],[-11,-28],[-18,-40],[-92,69],[-79,60],[-60,-25],[-58,8],[-120,16],[-62,-54],[-44,-38],[-62,26],[-63,75],[-99,-39],[-32,52],[-93,164],[-48,45],[-65,60],[-63,140],[-9,80],[17,86],[1,5],[26,137],[-26,116],[-52,110],[-5,10],[-62,130],[60,79],[2,2],[10,13],[18,80],[82,117],[-37,110],[-73,112],[-8,13],[-67,71],[-61,0],[-147,195],[-223,119],[-52,25],[-63,-15],[-9,-10],[-16,-82],[-22,-113],[-78,42],[-33,18],[-47,-36],[-29,-58],[-39,-78],[-115,-30],[-35,-9],[-126,-101],[3,-99],[-33,-73],[-9,-148],[-67,-149],[-4,-19],[-26,-121],[-84,17],[-75,83],[-65,19],[-29,159],[-1,7],[-1,1],[-60,46],[-37,88],[10,83],[22,24],[5,5],[37,39],[-37,59],[-66,105],[-55,16],[-87,-64],[-66,-48],[-11,69],[-3,18],[-27,33],[-37,-32],[-95,-80],[-65,77],[-67,19],[33,99],[2,7],[-10,13],[-146,194],[-24,244],[48,131],[49,70],[127,68],[13,7],[75,40],[125,125],[103,104],[99,59],[53,32],[32,47],[0,1],[93,138],[33,8],[63,127],[112,71],[67,98],[81,-3],[92,-3],[190,175],[39,75],[42,81],[93,107],[117,208],[27,-20],[12,-9],[127,109],[32,132],[18,76],[63,53],[11,-16],[18,-27],[54,-19],[5,41],[-30,9],[28,64],[27,62],[37,3],[51,74],[85,65],[31,32],[49,40],[20,-4],[43,-8],[67,40],[27,76],[42,13],[6,46],[5,48],[26,35],[81,9],[27,-17],[23,-14],[9,27],[18,55],[63,-22],[26,-9],[101,60],[2,2],[1,-1],[38,-12],[22,37],[47,79],[59,23],[44,13],[15,5],[15,17],[118,148],[100,19],[15,2],[60,36],[64,43],[29,47],[57,93],[85,-62],[25,-19],[101,-6],[47,58],[65,82],[162,104],[69,-38],[109,21],[-4,-35],[-7,-58],[31,-19],[110,41],[35,34],[67,66],[27,-49],[22,4],[105,20],[51,81],[30,47],[130,120],[117,37],[15,-21],[-5,-47],[-1,-6]],[[128856,117793],[-4,-10],[-31,30],[14,16],[9,11],[21,-25],[-9,-22]],[[128653,116414],[-26,-7],[-19,36],[31,12],[14,-41]],[[128625,116706],[-38,-5],[9,39],[28,4],[1,-38]],[[128614,116317],[-22,-67],[-35,-22],[-30,-18],[0,-24],[-1,-27],[-4,-48],[-51,-97],[-22,7],[-95,31],[-101,134],[28,80],[11,32],[21,-28],[51,-67],[6,75],[2,21],[38,-15],[51,-21],[1,54],[0,42],[20,34],[24,-7],[6,-1],[60,-16],[26,-32],[5,-6],[11,-14]],[[128563,116508],[0,-1],[-26,7],[-14,23],[-20,38],[50,79],[56,-29],[-46,-117]],[[128331,116039],[-18,-21],[-34,23],[32,25],[20,-27]],[[124649,120572],[-115,-35],[43,67],[61,97],[46,26],[60,34],[-8,-39],[-1,-3],[-7,-33],[-14,-20],[-45,-64],[-20,-30]],[[135435,125456],[58,-155],[23,6],[25,62],[5,12],[63,13],[29,58],[28,-1],[-35,-142],[-29,-115],[34,-89],[79,96],[10,119],[-12,66],[-13,84],[8,36],[95,4],[88,-64],[-25,-72],[-3,-34],[-11,-139],[48,-21],[-3,-72],[70,-43],[15,28],[32,62],[28,-4],[6,-69],[37,-64],[-1,-31],[-5,-132],[39,-90],[-16,109],[24,43],[89,-96],[80,6],[76,6],[87,-33],[-25,-61],[20,-110],[-2,-18],[-16,-136],[115,-175],[-1,-143],[68,-205],[103,-175],[6,-11],[42,-125],[44,-54],[-59,-29],[-8,-4],[-1,62],[-40,4],[-24,29],[-52,64],[-56,12],[-38,8],[2,-29],[1,-6],[2,-34],[18,12],[6,3],[83,-44],[3,-5],[76,-143],[6,-92],[1,-11],[4,-73],[-34,-70],[-7,-13],[-6,-10],[0,-3],[13,-64],[-48,-117],[-44,-67],[-86,-61],[-117,47],[-40,16],[-12,5],[-50,-7],[-102,113],[-47,19],[-31,-20],[-29,73],[-45,-7],[-236,224],[-353,239],[-72,71],[-24,41],[-41,72],[-127,104],[-97,72],[-104,69],[-48,-4],[-18,-2],[-101,51],[0,1],[-38,53],[-37,-18],[-117,32],[-35,62],[-60,-46],[-62,24],[-32,-41],[-104,-28],[-15,-25],[-12,-19],[-72,-25],[-12,17],[-18,27],[-37,-36],[-2,-2],[-71,-12],[-123,-4],[-71,32],[-106,-16],[-18,9],[-14,50],[12,89],[20,155],[43,82],[-19,95],[17,78],[-27,149],[-14,16],[-12,13],[-88,14],[-73,11],[-33,153],[-5,24],[6,26],[1,5],[14,11],[90,74],[-6,20],[-10,28],[40,33],[52,145],[24,22],[62,-11],[35,9],[14,3],[138,35],[58,-24],[53,45],[75,9],[38,-47],[35,-44],[59,-28],[16,24],[-3,53],[-1,17],[78,54],[55,-44],[102,30],[44,-44],[17,-17],[86,-20],[50,44],[19,18],[79,7],[24,-19],[19,-15],[18,17],[73,70],[67,-63],[52,-49],[49,45],[84,14],[99,181],[1,2],[-10,94],[33,11],[21,-53],[-7,-139],[-3,-69]],[[136663,122818],[-28,-20],[-31,31],[41,16],[18,-27]],[[136580,124412],[-32,-23],[-19,69],[-5,15],[27,19],[32,-78],[-3,-2]],[[136160,125034],[-19,-27],[-27,27],[22,27],[24,-27]],[[135339,125752],[-20,-10],[-24,23],[29,31],[15,-44]],[[100600,98326],[-84,-35],[-19,-54],[-38,-111],[-41,15],[-22,8],[-6,2],[-55,-26],[-107,-202],[-66,-209],[-26,-83],[-67,-93],[-132,-183],[-122,-169],[-31,-75],[-65,-155],[-81,-63],[-50,-40],[-48,-106],[-72,-306],[-46,-192],[1,-180],[0,-7],[-49,-274],[-33,-67],[-49,-101],[-30,-161],[0,-106],[-1,-122],[-16,-38],[-52,-119],[-7,-47],[-5,-30],[-18,-41],[-4,-3],[-6,-5],[-57,-74],[-6,-116],[-4,-81],[-48,-65],[-7,-9],[-2,-16],[-11,-85],[-36,-48],[-27,-36],[4,-104],[11,-273],[-46,-140],[-68,-23],[-47,29],[-6,4],[-47,4],[-70,-47],[-53,-95],[-57,-161],[-30,-88],[-42,6],[-54,7],[-51,-106],[-19,-42],[-4,-3],[-41,-37],[0,-42],[1,-84],[-4,-21],[-14,-73],[12,-25],[37,-82],[-21,-41],[-2,-60],[-45,-52],[-38,0],[-60,0],[-112,-158],[-101,-91],[-20,-74],[-4,-154],[-4,-114],[-137,-120],[-74,-15],[-45,-9],[-14,-66],[-10,-46],[-20,-15],[-48,-36],[4,-54],[0,-1],[27,-27],[-52,-54],[-72,-30],[-83,9],[-21,3],[-11,-10],[-7,-6],[-71,-62],[-61,10],[-37,-25],[-56,7],[-46,70],[-9,14],[-82,151],[-267,491],[-197,259],[-170,143],[-71,19],[-216,58],[-231,-161],[-80,-91],[-46,-53],[-26,-1],[-34,45],[-59,68],[-54,63],[-113,79],[-85,-54],[-99,-63],[-74,-2],[-61,-1],[-33,-33],[-20,-21],[-57,-8],[-64,-9],[-51,-14],[-40,-51],[-183,-352],[-11,-57],[-34,-176],[-86,-264],[-159,-246],[-66,-50],[-86,-24],[-183,-125],[-50,8],[-80,14],[-99,-21],[-113,-24],[-88,10],[-87,103],[-2,2],[-76,90],[-69,40],[-129,-8],[-31,-30],[-59,-56],[-69,38],[-71,117],[-95,160],[-134,164],[-83,75],[-66,3],[-100,-23],[-100,-59],[-71,-42],[-36,19],[-62,33],[-118,-3],[-87,26],[-46,13],[-180,-10],[-55,-3],[-344,50]],[[91479,92021],[-48,155],[10,149],[-32,69],[117,91],[170,132],[41,53],[75,97],[62,24],[127,48],[33,36],[51,91],[-7,26],[-11,141],[-16,18],[-7,9],[-19,57],[-10,31],[-17,43],[0,25],[-25,30],[-18,15],[-17,3],[-3,1],[-18,11],[-19,54],[-6,18],[-22,39],[-32,56],[2,133],[-16,46],[39,-60],[31,-8],[11,-3],[143,114],[30,98],[-1,49],[-1,50],[28,76],[28,31],[119,33],[66,19],[27,44],[2,39],[0,12],[20,31],[35,54],[-8,162],[-29,129],[-54,46],[-39,34],[-4,33],[-6,46],[-19,19],[-12,10],[-3,52],[-5,65],[-31,88],[-6,20],[-21,65],[-5,99],[-3,60],[-9,39],[-31,133],[5,78],[4,52],[-17,58],[-4,14],[-22,78],[28,19],[60,-19],[21,-46],[27,-63],[23,-54],[42,-14],[75,-27],[214,35],[1,39],[0,36],[20,46],[14,34],[-2,16],[-11,77],[37,111],[29,41],[18,25],[10,91],[10,87],[137,78],[61,35],[35,113],[14,42],[15,21],[29,40],[3,116],[1,36],[9,37],[30,122],[-4,62],[-3,53],[43,118],[-12,29],[50,41],[7,6],[3,19],[27,171],[27,70],[42,33],[82,9],[63,-23],[28,-61],[82,-53],[44,-28],[29,-5],[20,-3],[43,-8],[10,-71],[15,-97],[100,-190],[105,16],[28,42],[26,37],[19,-22],[20,-23],[40,8],[17,3],[12,-17],[46,-68],[93,-62],[65,-12],[74,-5],[57,-46],[16,171],[-27,51],[-23,44],[-8,116],[25,141],[4,24],[-6,74],[-11,126],[17,84],[6,16],[59,154],[-16,79],[19,71],[-11,50],[-3,15],[6,89],[42,18],[49,22],[9,197],[-5,13],[-12,33],[-21,55],[8,125],[44,83],[72,74],[29,30],[54,55],[20,30],[38,59],[34,25],[92,67],[18,60],[23,78],[39,57],[162,124],[20,15],[64,83],[61,77],[66,53],[83,2],[91,3],[84,56],[18,26],[-12,48],[-6,21],[12,46],[-1,41],[19,19],[43,4],[87,7],[103,53],[24,50],[21,42],[36,-51],[38,-54],[44,35],[60,49],[48,-6],[73,-10],[16,30],[-5,103],[-2,33],[12,46],[14,52],[-57,55],[-49,49],[18,40],[15,35],[-4,69],[-12,28],[-19,45],[18,32],[2,4],[10,108],[-43,178],[-30,31],[-46,47],[-19,142],[99,-34],[19,-20],[56,-56],[55,40],[41,30],[38,-42],[10,-10],[45,-2],[91,-4],[44,119],[-32,72],[-29,66],[-3,104],[-22,70],[-13,111],[19,196],[50,139],[10,4],[32,12],[5,104],[1,36],[68,222],[22,26],[32,37],[54,221],[-56,100],[-35,64],[-57,190],[30,92],[42,131],[-24,177],[-13,99],[12,178],[41,76],[84,-19],[49,-12],[53,84],[17,28],[31,52],[250,185]],[[97083,103790],[128,-115],[39,-69],[47,-84],[96,28],[21,22],[28,29],[145,23],[90,-103],[4,-23],[11,-56],[51,-39],[46,5],[224,20],[53,-55],[93,-39],[53,-22],[44,46],[56,57],[22,-19],[11,-10],[23,20],[12,10],[125,-109],[-20,-77],[-63,-78],[-6,-6],[-39,-115],[-22,-170],[4,-26],[6,-42],[-53,-328],[-15,-90],[49,-323],[23,-157],[-22,-33],[-44,-67],[-27,-176],[4,-280],[112,-306],[9,0],[32,-3],[47,-198],[7,-31],[76,-151],[1,-1],[51,-46],[13,-85],[7,-50],[222,-429],[34,-70],[118,-232],[144,-285],[51,-65],[57,-167],[9,-28],[20,-62],[221,-216],[-11,112],[-6,71],[94,7],[46,-25],[54,-28],[158,-27],[91,-15],[11,-2],[150,-167],[45,-51],[28,-24],[186,-162],[24,-18],[37,-45],[116,-141],[66,-73]],[[92064,83817],[-21,-24],[-25,32],[31,21],[15,-29]],[[79223,94576],[170,-162],[14,-85],[6,-33],[41,-29],[44,-32],[-7,-41],[-39,-37],[-32,-30],[24,-50],[5,-10],[9,-54],[28,-166],[18,-43],[27,-64],[-2,-48],[-2,-43],[12,-32],[15,-43],[-42,-28],[-54,-36],[4,-59],[-42,-43],[-17,-138],[-47,-137],[-66,-196],[-231,-175],[-104,44],[-57,56],[-44,43],[-51,20],[-54,20],[-10,37],[-32,122],[-167,120],[-55,39],[-17,48],[-20,57],[-112,-106],[-7,-7],[-9,-4],[-66,-30],[-16,-68],[-12,-48],[-19,-10],[-33,-19],[-102,-161],[-56,-201],[67,-117],[18,-32],[22,-86],[23,-94],[52,-36],[108,-75],[3,-47],[-16,-70],[-70,-132],[-5,-9],[-2,-11],[-32,-153],[-45,-66],[-25,-36],[-17,-259],[8,-12],[41,-65],[-50,-90],[-12,-22],[10,-19],[24,-44],[-38,-17],[-28,-13],[-35,-67],[-21,-41],[-219,-276],[-113,-35],[-84,-72],[-161,-71],[-67,31],[-37,18],[-6,-104],[-7,-113],[-17,-83],[-87,-144],[-18,-13],[-71,-52],[-39,-112],[-35,-99],[-148,-184],[-62,-21],[-32,79],[-8,19],[-88,30],[-50,16],[-13,16],[-35,41],[-135,29],[-51,-21],[-42,-68],[27,-176],[-6,-89],[6,-40],[49,-33],[25,13],[65,36],[65,-8],[64,-71],[17,-19],[85,-3],[67,-3],[34,-19],[36,-22],[44,28],[22,98],[40,76],[96,179],[104,-1],[12,-19],[30,-50],[21,46],[11,24],[30,14],[145,-39],[25,-51],[25,-51],[25,-15],[42,-24],[8,-81],[15,-151],[51,-111],[6,-13],[7,-40],[21,-115],[31,-40],[100,-131],[67,-116],[43,-76],[-4,-80],[-1,-18],[21,-22],[31,-33],[22,-64],[53,-180],[5,-154],[3,-93],[30,-92],[42,-128],[40,-58],[-33,-86],[-7,-18],[14,-72],[134,80],[81,48],[40,-13],[65,-124],[48,-18],[34,-74],[10,-38]],[[78554,87582],[-92,-107],[-20,-53],[-1,-38],[-18,-15],[-11,-68],[-31,-65],[-16,-58],[-19,-65],[-61,-191],[-70,-63],[-16,-14],[-42,-106],[-69,-305],[-61,-447],[-2,-13],[-29,6],[-46,-1],[1,8],[-45,99],[-72,62],[-30,2],[-32,2],[2,31],[2,27],[-34,45],[-171,1],[-104,-74],[-81,-173],[-11,-148],[16,-62],[24,-1],[6,0],[-3,-14],[-9,-57],[24,-9],[18,-6],[-21,-34],[-20,-33],[15,-41],[28,-77],[-38,-63],[-7,-11],[-10,-103],[40,-36],[43,-40],[6,-73],[-169,-214],[-66,-35],[-63,17],[-51,13],[-61,-36],[-31,-29],[-105,-99],[-125,-58],[-212,-161],[-210,-77],[-129,242],[-48,91],[-103,122],[-72,31],[-26,11],[-65,51],[-59,46],[-81,-52],[-44,-28],[-77,14],[-166,109],[-114,116],[-48,49],[-35,-2],[-24,-40],[-20,-33],[-43,-17],[-145,233],[-26,13],[-66,155],[-37,86],[-230,350],[-216,234],[-90,18],[-26,-34],[-74,29],[-159,-72],[-32,-14],[-58,19],[-204,69],[-34,-20],[-43,-25],[-128,241],[-150,380],[-23,78],[-2,20],[-8,33],[-3,11],[-21,77],[-82,185],[-66,94],[-95,24],[-89,22],[-54,113],[-62,220],[-11,46],[-31,134],[-76,199],[-130,145],[-51,56],[-41,54],[-3,49],[-3,49],[-39,156],[-59,193],[-29,43],[-17,25],[-26,46],[-21,37],[-36,174],[39,-18],[84,-39],[57,30],[81,34],[2,37],[5,70],[60,36],[50,31],[9,67],[7,50],[69,93],[21,14],[24,17],[2,65],[-14,43],[-54,31],[-90,16],[2,-30],[1,-18],[-61,-116],[-70,-6],[-50,-35],[-5,-4],[-21,-14],[-88,60],[-17,38],[5,11],[7,19],[-22,21],[-33,34],[10,63],[53,-11],[70,-15],[6,30],[56,321],[-15,145],[-26,52],[-39,-12],[11,42],[-31,20],[-81,-47],[-26,-15],[-46,14],[-22,64],[-39,114],[-70,125],[-71,71],[-33,-6],[-37,-7],[-14,22],[-23,39],[-69,21],[-34,-22],[-8,-5],[-15,12],[-35,29],[-68,-37],[-10,-24],[-18,-40],[-176,132],[-40,57],[2,63],[2,37],[-34,144],[-37,48],[-46,128],[-51,140],[-8,15],[-38,106],[-63,179],[-17,178],[74,102],[11,-6],[33,-21],[47,63],[12,32],[12,34],[11,30],[23,6],[52,15],[319,308],[-7,58]],[[71901,92505],[10,12],[9,32],[0,22],[-7,73],[-8,35],[-18,39],[-24,55],[-7,40],[-2,56],[-4,36],[2,132],[4,60],[25,165],[18,144],[15,39],[21,34],[11,10],[43,26]],[[71989,93515],[181,58],[0,1],[14,18],[25,-6],[5,-1],[16,8],[18,9],[62,35],[64,-79],[64,-79],[65,-12],[10,4],[85,37],[132,-45],[134,-5],[181,-74],[71,-73],[145,-149],[107,-66],[55,-10],[59,-18],[31,7],[8,0],[172,-19],[62,-21],[109,-36],[298,-30],[33,24],[74,53],[92,-4],[97,12],[68,-30],[74,-42],[67,-38],[13,11],[-9,11],[9,24],[-20,58],[-3,8],[90,382],[13,30],[31,-3],[6,-1],[60,89],[80,117],[60,10],[30,6],[59,34],[98,58],[96,9],[173,-2],[99,-27],[8,-2],[48,-45],[59,30],[67,-10],[69,51],[52,119],[4,79],[7,123],[159,185],[43,-78],[72,-132],[86,-36],[20,9],[33,15],[29,-71],[20,-51],[52,13],[9,25],[19,50],[52,-40],[9,-7],[22,8],[19,8],[19,-186],[14,-134],[298,-220],[-31,106],[-3,31],[-18,38],[-15,38],[-15,40],[-22,47],[35,67],[33,4],[22,3],[27,53],[42,24],[32,83],[41,106],[53,18],[4,1],[7,14],[52,106],[38,13],[40,14],[65,109],[-9,89],[-122,165],[-19,26],[-98,221],[40,28],[26,27],[20,6],[12,0],[21,-1],[16,3],[63,18],[32,13],[36,-12],[15,-10],[13,5],[22,11],[58,69],[10,10],[10,-4],[8,-2],[18,-1],[13,14],[2,1],[24,13],[13,1],[13,-20],[3,-22],[12,-20],[6,-17],[6,-43],[-1,-29],[16,-52],[9,-43],[9,-36],[4,-78],[4,-32],[-6,-24],[-78,-187],[-89,-91],[-68,-70],[33,-150],[41,-47],[12,-102],[41,-119],[153,45],[-8,30],[-7,27],[22,89],[129,198],[21,14],[156,108],[22,68],[81,55],[35,65],[25,81],[4,12],[199,239],[7,-141],[5,-89],[44,-69],[111,-170],[41,-99],[70,-172],[136,-229],[54,15],[60,100],[61,101],[72,31],[110,95],[72,61],[18,47],[14,33],[30,38],[33,41],[19,31],[15,37]],[[76403,84485],[-22,-48],[-28,29],[28,35],[22,-16]],[[72421,89450],[-33,-96],[-154,378],[-92,52],[-25,43],[34,43],[95,24],[-9,-66],[65,-45],[64,-187],[48,-70],[7,-76]],[[72358,89813],[-24,-10],[-22,40],[27,11],[19,-41]],[[71143,91886],[7,-45],[-29,13],[-15,37],[37,-5]],[[84539,108142],[85,-60],[36,-7],[70,-13],[-5,-62],[-3,-29],[9,-13],[18,-23],[-11,-22],[-12,-24],[11,-70],[20,-28],[35,-46],[1,-10],[7,-58],[38,-20],[13,19],[14,22],[26,-23],[-13,-172],[-6,-80],[5,-63],[0,-4],[25,-42],[-26,-102],[-17,-68],[17,-28],[30,-2],[31,-2],[41,-75],[12,-66],[-12,-36],[-27,-86],[10,-66],[37,-42],[10,-13],[14,-55],[16,-61],[57,-75],[49,-65],[18,-90],[-6,-60],[-1,-14],[4,-9],[18,-43],[-4,-74],[-2,-25],[7,-21],[9,-30],[-78,-136],[-82,-38],[-33,-15],[-18,-53],[-39,-116],[-55,-12],[-34,-7],[-7,-53],[7,-24],[24,-86],[-54,-14],[-14,-4],[5,-27],[5,-31],[-16,-5],[-29,-10],[6,-49],[-22,-70],[-19,-62],[-26,13],[-32,16],[-26,-32],[-2,-142],[27,3],[31,3],[4,-27],[-59,-87],[-48,-6],[-48,-6],[19,-74],[23,-93],[-32,5],[-66,10],[-42,-27],[-3,-71],[-9,-104],[37,-34],[14,-39],[21,-59],[77,-334],[3,-32],[-2,-38],[10,-116],[-5,-46],[-20,-184],[-24,-56],[-17,-10],[-19,-12],[-45,-307],[2,-62],[6,-214],[-33,-277],[-6,-52],[-16,-195],[48,-52],[289,-80],[123,-34],[14,-16],[15,-23],[-7,-17],[-3,-73],[-35,-31],[-73,-64],[-63,-222],[-19,-125],[15,-66],[244,-101],[81,-34],[118,-250],[-132,-108],[-4,-4],[-240,-305],[14,-84],[32,-51],[-11,-57],[58,-54],[17,-50],[31,32],[37,-20],[26,17],[34,25],[84,-66],[57,-112],[-15,-56],[-13,-46],[30,-13],[13,-5],[3,-50],[5,-73],[32,-3],[23,-2],[24,-50],[36,-73],[72,-45],[13,-8],[28,-18],[3,-22],[4,-34],[15,-11],[27,-20],[33,-119],[64,-51],[2,-106],[1,-51],[19,-40],[40,21],[17,9],[158,-75],[-83,-98],[-85,-99],[109,-131],[81,-41],[49,-25],[112,-246],[12,-39],[56,-181],[108,-184]],[[86171,98598],[-105,-3],[-5,2],[-12,6],[-80,35],[-110,-34],[-204,7],[-19,-8],[-58,-25],[-32,-92],[-10,-29],[-23,-17],[-112,-84],[-61,-90],[-45,-67],[-48,-130],[-20,-53],[-37,-26],[-48,44],[-25,23],[-207,40],[-87,-111],[-20,-25],[-21,-12],[-46,-28],[-16,-75],[19,-132],[3,-21],[-7,-149],[-70,-282],[-50,-57],[-36,-41],[16,-61],[6,-26],[15,-218],[-54,-39],[-117,-191],[-70,-76],[-111,-63],[-46,-25],[-39,-69]],[[84179,96396],[-22,89],[13,44],[22,75],[-121,94],[-34,0],[-104,1],[-36,47],[-64,193],[43,48],[0,0],[0,4],[-8,62],[6,29],[8,42],[-10,30],[-11,33],[5,45],[5,55],[-31,51],[-37,-30],[-110,3],[-59,68],[-83,-63],[-79,13],[-23,-50],[-51,-110],[-52,-27],[-10,-47],[-31,-17],[-23,35],[-8,11],[-43,-34],[-6,-27],[13,-15],[23,-28],[-14,-65],[-45,-6],[-16,-2],[5,-31],[6,-45],[-52,-79],[-9,21],[-12,31],[-51,-69],[-24,-16],[-121,-80],[-30,-1],[-27,40],[-6,10],[-107,20],[-47,-25],[-13,-30],[-17,-36],[-171,-7],[-5,72],[22,28],[20,24],[-39,143],[-27,29],[-38,39],[-2,47],[-3,67],[-18,26],[-108,-57],[-60,-31],[-53,84]],[[82199,97121],[-8,155],[-32,94],[-34,53],[-28,17],[-45,29],[13,92],[16,-6],[45,-15],[23,74],[-44,46],[-30,4],[-29,4],[-22,42],[19,67],[26,-2],[23,-2],[18,32],[-62,61],[35,25],[-4,29],[-36,9],[-23,-34],[-11,-18],[-5,43],[-5,52],[-105,82],[-106,91],[-22,-41],[9,-55],[1,-9],[-18,-12],[-35,-24],[9,-9],[23,-22],[-23,-49],[-105,-40],[-50,24],[-75,36],[-72,-30],[-2,-11],[-13,-48],[-102,154],[-111,110],[-31,48],[-7,69],[21,30],[2,3],[26,35],[1,38],[-41,19],[-18,9],[-49,133],[-59,72],[-11,28],[-32,81],[30,32],[16,16],[28,80],[-19,117],[-18,23],[-148,5],[-102,3],[23,68],[20,56],[-69,83],[-93,109],[-27,97],[11,78],[-39,-8],[-9,33],[24,60],[18,46],[-46,11],[-63,14],[-57,167],[-1,2],[-2,1],[-56,31],[30,145],[13,31],[25,59],[4,179],[-18,74],[25,60],[-13,76],[15,76],[-16,97],[-2,78],[14,65],[3,24],[-49,31],[-65,-56],[-55,-47],[-23,13],[32,121],[4,62],[16,240],[-102,184],[-30,29],[-43,41],[-17,66],[-22,89],[-61,120],[-96,49],[-195,76],[-139,-99],[-26,-69],[-80,-60],[8,-72],[-23,-107],[22,-40],[14,-24],[42,-22],[24,-86],[-43,2],[-96,92],[13,58],[-11,36],[-37,121],[-38,88],[-38,19],[-61,-19],[-30,-14],[87,-83],[4,-21],[14,-86],[14,-159],[-119,31],[-33,9],[-2,-1],[-84,-63],[-66,95],[-10,14],[-91,80],[-219,-178],[-205,-217],[0,0],[-44,-54],[-51,-44],[-35,-24],[-36,-39],[-18,-9],[-24,-1],[-29,-6],[-17,-2],[-56,-4],[-15,-4],[-27,-13],[-13,-3],[-16,-11],[-15,-5],[-9,-11],[-19,-11],[-44,-33],[2,-28],[-107,-159],[-11,-17],[-32,-90],[-55,3],[-11,115],[-7,76],[-95,52],[-31,17],[-60,82],[-6,29],[-4,17],[-10,10],[-33,36],[-19,71],[-1,6],[-5,7],[-60,88],[38,21],[49,26],[26,58],[-19,57],[-56,-21],[-2,2],[-26,35],[-15,118],[11,88],[43,87],[101,49],[26,-39],[1,-52],[2,-68],[46,-30],[39,93],[40,93],[118,88],[41,-6],[10,-33],[19,-58],[32,-32],[49,82],[60,-10],[10,28],[-18,68],[32,128],[-17,151],[-12,64],[-13,73],[-33,69],[28,70],[14,37],[-1,53],[-83,40],[-21,10],[-11,38],[0,1],[-1,1],[-120,135],[12,168],[5,18],[24,83],[-8,60],[23,45],[-33,67],[-135,107],[-18,6],[-69,21],[-56,71],[-105,68],[-35,61],[-39,183],[30,108],[7,28],[-30,216],[-2,2],[-29,31],[23,28],[8,11],[15,110],[-125,153],[-40,29],[-146,106],[-80,164],[-62,70],[-14,53],[17,180],[3,33],[4,107],[-37,101],[-61,90],[-108,157],[-10,44],[-9,38],[-36,38],[-35,38],[-2,25],[-6,100],[-104,131],[-38,21],[-104,60],[-7,117],[-21,49]],[[76531,105966],[0,90],[50,84],[29,2],[80,5],[47,93],[8,16],[17,3],[48,10],[13,64],[-19,30],[-6,43],[-12,87],[18,38],[13,28],[0,54],[0,44],[41,29],[61,43],[-15,100],[-4,28],[0,25],[1,255],[-24,60],[-9,23],[5,30],[9,52],[-31,49],[-25,39],[-6,41],[-2,16],[-6,5],[-28,24],[-6,64],[-6,63],[-38,83],[2,74],[-22,68],[-82,92],[-39,43],[40,207],[3,104],[18,27],[24,37],[-17,10],[-12,6],[-2,35],[-1,41],[-29,21],[-63,45],[-23,47],[6,142],[67,226],[21,83],[101,137],[180,140],[4,4],[9,7],[40,35],[24,-25],[34,-34],[53,17],[16,33],[16,30],[12,-5],[22,-9],[23,118],[15,77],[44,22],[41,21],[16,32],[37,76],[36,-3],[29,58],[48,9],[17,3],[12,25],[32,63],[33,-3],[18,-2],[8,27],[11,35],[13,5],[19,8],[-6,21],[-19,69],[63,63],[-3,83],[47,19],[12,-10],[67,-59],[-1,48],[-41,69],[-4,7],[17,22],[29,37],[-6,15],[-18,45],[57,43],[22,16],[36,104],[0,9],[-1,40],[74,11],[85,-41],[54,-27],[156,-4],[14,48],[-7,40],[-12,61],[102,163],[22,11],[70,37],[58,79],[69,36],[24,65],[42,21],[2,43],[0,0],[0,0],[43,3],[88,107],[14,43],[2,6],[2,-2],[42,-29],[28,103],[14,52],[23,-32],[27,-40],[15,44],[7,21],[26,-18],[38,-28],[26,45],[-12,26],[-13,26],[5,32],[55,21],[45,17],[-17,75],[-22,90],[-61,263],[71,-24],[10,-12],[29,-36],[55,24],[28,12],[77,-23],[129,19],[86,-55],[37,-24],[189,105],[26,43],[11,18],[89,48]],[[80292,100706],[-37,-108],[-20,2],[44,117],[13,7],[0,-18]],[[79922,100667],[5,-103],[-16,18],[-22,102],[33,-17]],[[79903,100716],[-108,-44],[39,168],[-17,80],[84,87],[19,-51],[-29,-125],[12,-115]],[[79795,100975],[5,-56],[-90,46],[-101,53],[-44,23],[19,40],[74,-25],[105,-35],[2,-1],[2,-3],[3,-4],[25,-38]],[[96271,104897],[59,-64],[52,-56],[29,-17],[37,-21],[17,-14],[35,-46],[20,-8],[11,-14],[-2,-46],[0,-4],[16,-97],[100,-245],[45,-50],[80,-88],[31,-80],[9,-25],[80,-96],[193,-136]],[[91479,92021],[-104,-56],[-134,1],[-14,10],[-31,21],[-151,16],[-14,-8],[-61,-36],[-96,52],[-32,-8],[-61,29],[-35,17],[-76,-33],[-67,-29],[-197,-107],[-86,37],[-1,0],[-117,-32],[-72,-90],[-59,-97],[-31,-53],[-42,-10],[-90,-22],[-52,-51],[-97,-34],[-21,-31],[-38,-55],[-267,1],[-98,29],[-101,114],[-19,22],[-82,99],[-71,33],[-74,-25],[-19,-16],[-57,-50],[-101,41],[-86,54],[-76,118],[-50,79],[-67,-5],[-151,-11],[-71,19],[-64,16],[-62,-87],[-49,-68],[-104,-13],[-38,28],[-16,12],[-86,-7],[-45,-36],[-20,-47],[-19,-45],[-24,21],[-4,30],[-6,47],[-65,75],[-51,6],[-33,-45],[-28,-38],[-66,87]],[[87530,91890],[-24,269],[21,57],[69,194],[-22,71],[1,7],[1,28],[2,34],[-54,49],[-40,37],[-26,69],[-8,21],[-7,3],[-16,7],[-3,23],[-9,73],[-87,82],[-28,26],[0,18],[0,33],[-79,89],[-84,20],[-84,-49],[-17,-10],[-72,-3],[-70,67],[-4,8],[-42,76],[-69,9],[-106,13],[-25,51],[-12,46],[-2,8],[-36,38],[-236,88],[-30,0],[-101,0],[-57,-11],[-109,92],[-60,27],[-45,20],[-10,-2],[-40,-8],[-33,29],[-12,37],[-17,53],[-12,-1],[-33,50],[-27,8],[-47,53],[-33,23],[-17,18],[-13,1],[-17,0],[-21,21],[-52,105],[-3,37],[-4,66],[-27,-8],[-19,-11],[-25,-12],[-55,8],[-42,9],[-12,3],[-55,5],[-14,3],[-151,47],[-47,65],[-121,171],[-83,70],[-48,42],[-18,69],[-36,141],[-48,46],[-30,9],[-32,24],[-22,7],[-41,21],[-20,-4],[-7,-24],[0,0],[-25,-29],[-74,-24],[11,83],[4,39],[-10,31],[-4,100],[-2,18],[-10,22],[-2,5],[-28,79],[-9,36],[-4,54],[-7,54],[-2,50],[-22,374],[-7,124],[-109,272],[-20,51],[-8,25],[-76,237],[-33,54]],[[86171,98598],[117,-141],[52,-5],[130,-88],[170,-2],[76,1],[102,49],[77,38],[147,4],[30,-6],[63,-11],[51,119],[45,47],[6,108],[95,255],[43,137],[-8,14],[-25,45],[59,53],[39,35],[28,107],[-11,18],[-10,16],[23,77],[25,30],[34,-12],[13,-70],[9,-48],[269,104],[130,152],[66,76],[84,62],[42,5],[30,4],[273,104],[51,58],[109,122],[54,37],[55,39],[137,119],[25,56],[11,25],[58,43],[54,41],[-2,80],[-2,63],[184,212],[84,-85],[69,-69],[75,-24],[45,-14],[60,-98],[91,-147],[229,-97],[118,3],[83,38],[31,42],[24,32],[51,-1],[19,0],[35,23],[55,37],[125,39],[82,26],[35,68],[18,84],[7,32],[100,178],[43,75],[3,15],[16,64],[86,-4],[80,-5],[84,45],[26,13],[189,4],[78,-23],[42,-48],[100,-115],[30,-45],[161,-135],[88,-27],[7,-2],[5,-8],[51,-79],[27,-5],[86,72],[91,39],[30,66],[21,46],[25,-12],[11,-5],[20,7],[27,11],[62,-43],[3,-2],[84,-58],[21,-1],[74,-45],[109,-8],[5,39],[-15,35],[-15,35],[35,70],[8,16],[-1,19],[-6,105],[70,49],[363,254],[102,123],[27,49],[-48,16],[-27,10],[-26,37],[-21,200],[10,81],[7,64],[-8,18],[-25,54],[22,102],[0,128],[79,99],[29,-8],[30,-7],[19,134],[27,190],[100,179],[0,0],[89,106],[15,76],[112,229],[9,158],[5,98],[27,22],[53,43],[61,201],[8,19],[45,103],[15,34],[60,80],[34,-32],[13,-13],[28,14],[109,132],[36,71],[101,201],[41,9],[0,0],[59,58],[42,39],[42,-2],[10,10],[35,-34],[85,-84],[87,48],[33,46],[14,24],[46,80],[92,53],[28,16],[71,74],[59,104],[-1,353],[17,110],[-15,42],[-20,59],[164,124],[59,78],[89,21]],[[76531,105966],[-294,61],[-77,-110],[-125,-176],[-13,-40],[-15,-46],[-128,-159],[-113,-41],[-10,12],[-13,5],[-11,4],[-22,19],[-36,11],[-45,14],[-12,-13],[1,127],[2,120],[-14,67],[-21,96],[31,77],[37,22],[52,-7],[33,-4],[104,128],[7,45],[-27,70],[-17,42],[17,44],[39,9],[4,-8],[60,-113],[-25,129],[1,104],[-26,2],[-30,2],[7,37],[4,15],[-42,5],[-61,6],[-46,50],[-47,51],[-82,-32],[-28,-42],[-21,-24],[-50,-57],[-34,11],[-102,31],[-74,-67],[-40,-36],[-34,21],[-2,2],[-2,-2],[-34,-27],[-22,15],[-13,11],[-14,-16],[-42,-51],[-61,30],[-15,8],[-83,-26],[-14,-41],[-21,-61],[-68,-31],[-46,-21],[-10,-98],[-15,-135],[-34,-12],[-55,-19],[-48,-37],[-56,-43],[-86,-183],[-10,-163],[30,-31],[66,-67],[20,-110],[-69,-174],[-41,-5],[-9,-1],[-38,-41],[-12,-54],[5,-27],[13,-60],[-19,-75],[-13,-33],[-92,-261],[-31,32],[-8,9],[-197,-4],[-67,-58],[-14,-12],[-74,-4],[-24,18],[-57,43],[-40,-20],[-9,-5],[-48,12],[-17,4],[-32,-23],[-132,-95],[-197,-30],[-35,-6],[-128,-95],[-75,-72],[-28,-65],[-84,-33],[-81,-144]],[[72907,104041],[-90,83],[-1,32],[-1,31],[-41,56],[-96,-16],[-94,-16],[-56,32],[-4,5],[-56,95],[-251,61],[-53,13],[-14,23],[-28,46],[-115,124],[-62,30],[-51,25],[-76,139],[1,46],[-6,65],[-9,97],[-46,118],[-60,-2],[-65,-2],[-111,75],[-31,21],[-185,12],[-49,-36],[12,-34],[23,-65],[-75,-71],[-44,-41],[-51,-137],[10,-43],[1,-5],[36,-41],[-79,-43],[-72,15],[-14,40],[-20,55],[-135,22],[-171,67],[-116,-12],[-11,-17],[-14,-23],[-74,-15],[-33,57],[23,166],[13,98],[-251,446],[-90,-9],[-34,-2],[-7,-10],[-28,-43],[-20,43],[-4,9],[-18,-9],[-40,-21],[-63,20],[-59,19],[-41,21],[-32,-37],[-105,-3],[-23,-2],[-33,51],[-53,-12],[-10,-40],[-11,-39],[-154,30],[-56,58],[6,32],[5,23],[-19,-2],[-23,-3],[2,33],[4,43],[-42,-9],[-71,-15],[-63,43],[-45,-20],[-50,83],[20,68],[23,79],[34,61],[21,39],[4,61],[3,39],[21,70],[13,43],[-12,130],[-70,-19],[-97,-26],[-162,35],[-60,44],[-27,20],[-236,174],[-56,-2],[-65,-1],[-16,45],[-41,31]],[[68335,106740],[-36,0],[-1,54],[-1,60],[-29,-36],[-28,-36],[-6,24],[-6,24],[-44,-8],[-28,-42],[-63,-90],[-43,41],[-8,12],[-12,19],[-53,-41],[-34,-26],[-40,2],[-47,1],[0,-49],[-1,-20],[-19,-6],[-12,-4],[-9,-25],[-12,-35],[-57,-73],[-36,18],[-34,17],[-35,-16],[-5,-10],[-19,-37],[-54,-16],[7,44],[3,18],[-50,13],[-12,-47],[-7,-31],[-101,-83],[-25,66],[-4,9],[-9,4],[-41,16],[-62,84],[-64,264],[-59,107],[-83,151],[-14,142],[-9,88],[-82,171],[-5,1],[-53,5],[1,45],[-89,124],[-68,186],[-54,147],[-166,251],[-184,298],[-47,77],[-36,131],[-41,146],[-33,45],[-43,41],[-23,-11],[-11,-5],[-34,41],[-81,97],[-29,-11],[-79,-29],[31,79],[42,28],[47,31],[12,78],[5,31],[21,18],[44,34],[29,81],[9,58],[-23,35],[-41,-9],[-23,-32],[-25,-35],[-43,30],[64,385],[15,30],[38,80],[-3,113],[-1,52],[37,70],[6,13],[40,76],[7,37],[18,109],[34,19],[36,20],[74,180],[7,20],[1,69],[1,1],[5,22],[25,52],[64,133],[-30,38],[-37,1],[-51,1],[-30,84],[20,482],[7,158],[33,87],[34,88],[2,24],[5,82],[75,74],[32,8],[57,13],[137,135],[69,171],[100,64],[42,26],[63,78],[17,65],[8,33],[153,194],[95,36],[38,-3],[72,-8],[31,27],[87,230],[48,128],[81,52],[83,54],[42,131],[-7,47],[-11,11],[-15,15],[-5,64],[-4,52],[-15,25],[-46,74],[38,48],[106,134],[52,184],[204,367],[129,340],[69,112],[-23,42],[-61,111],[6,39],[2,27],[20,81],[9,37],[-131,319],[-87,109],[-203,171],[-136,18],[-281,-124],[-17,-24],[-30,-39],[-232,100],[-25,99],[-4,35],[17,53],[52,160],[-12,71],[31,89],[5,83],[-25,43],[-205,87],[-150,48],[-72,22],[-89,64],[-55,94],[-61,55],[2,43],[2,58],[-8,28],[-18,66],[10,72],[7,58],[-15,55],[-17,65],[38,120],[59,140]],[[66510,117546],[15,-7],[21,-15],[19,-22],[15,-14],[50,-24],[48,-46],[43,91],[43,90],[22,29],[82,108],[19,77],[4,14],[10,11],[66,73],[20,61],[-23,92],[-24,-3],[-25,-41],[-25,-40],[-51,90],[6,81],[50,98],[24,48],[9,34],[15,57],[115,131],[51,10],[73,72],[107,29],[65,-53],[112,0],[62,-85],[-91,-197],[-71,39],[-40,21],[-32,-50],[10,-76],[31,-29],[74,-70],[1,-131],[0,-26],[39,-106],[32,20],[30,29],[27,10],[35,32],[39,25],[21,24],[17,29],[-15,19],[-9,11],[3,36],[56,100],[51,90],[-3,50],[-6,103],[55,42],[5,4],[4,23],[15,82],[23,29],[19,24],[-51,52],[-76,30],[-54,22],[-147,159],[99,232],[323,-123],[79,-56],[31,-56],[11,-7],[246,-160],[16,-5],[56,-17],[21,-19],[112,-31],[47,-12],[32,-28],[35,-30],[75,0],[33,23],[13,8],[38,26],[275,30],[60,-19],[63,-214],[-9,-84],[-17,-157],[146,-152],[53,-14],[76,-19],[23,-45],[-89,-459],[-38,-72],[-21,-14],[-42,-26],[-35,-114],[-102,-162],[40,-240],[67,-139],[96,-120],[37,1],[20,15],[8,7],[9,19],[12,13],[16,2],[39,-18],[20,-19],[17,-8],[17,-2],[16,4],[16,-9],[45,-10],[13,-7],[19,-8],[12,-2],[43,-12],[42,-22],[25,-15],[8,-6],[9,-8],[28,-14],[18,-3],[25,-10],[12,-1],[83,136],[46,76],[52,-25],[35,-18],[41,14],[34,11],[318,-172],[-8,-38],[-9,-36],[38,-32],[16,-13],[1,-25],[3,-68],[211,-26],[19,71],[4,102],[3,74],[143,-66],[120,-55],[77,22],[132,36],[20,6],[16,-1],[22,-6],[18,-5],[20,12],[20,13],[16,-5],[18,-7],[22,-14],[4,-5],[27,-33],[11,-9],[59,-23],[37,-14],[19,-2],[10,-4],[23,8],[133,-23],[45,19],[36,55],[47,72],[79,61],[85,31],[54,-25],[-7,-102],[-2,-31],[39,-90],[26,-59],[15,-99],[-16,-92],[-9,-49],[3,-209],[98,-134],[313,-70],[80,-18],[33,-47],[30,-94],[1,-1],[29,-70],[55,-91],[11,-10],[11,-16],[112,0],[28,5],[1,0],[13,0],[19,2],[37,11],[91,-66],[35,-105],[34,-104],[61,72],[31,83],[11,30],[52,69],[66,88],[110,188],[55,95],[82,71],[18,16],[4,5],[99,115],[185,154],[-6,-235],[-2,-64],[40,-462],[127,145],[44,18],[112,206],[26,48],[116,136],[72,-36],[17,-67],[-12,-59],[-15,-21],[-49,-68],[79,-6],[40,28],[132,93],[153,92],[177,55],[66,20],[83,84],[-4,72],[-2,38],[51,138],[317,-113],[171,-197],[22,-18],[158,-213],[49,-65],[128,-57],[76,116],[69,105],[137,-9],[97,-7],[29,15],[25,52],[3,7],[8,3],[38,18],[44,91],[-67,76],[-27,30],[-4,43],[44,35],[86,67],[12,89],[-60,89],[-104,151],[-46,124],[123,125],[83,27],[81,69],[91,30],[90,-133],[38,-55],[38,61],[48,77],[29,-63],[52,-118],[120,-106],[18,-15],[30,-47],[88,-134],[89,12],[92,12],[41,-20],[53,-25],[185,170],[48,128],[10,45],[37,183],[3,17],[65,99],[20,30],[21,71],[19,159],[-34,100],[-11,32],[4,122],[9,144],[27,164],[5,52],[7,45],[16,74],[1,24],[22,120],[112,-30],[79,-78],[32,-33],[35,0],[88,-1],[123,-101],[93,-77],[66,25],[17,11],[28,16],[70,26],[101,31],[83,25],[12,9],[43,3],[18,7],[25,-15],[36,18],[101,45],[189,211],[38,174],[0,66],[-2,211],[133,28],[50,-61],[173,-211],[206,52],[15,39],[7,13],[5,11],[44,34],[30,-22],[52,-40],[56,1],[33,65],[59,54],[-18,55],[-12,37],[31,24],[107,-1]],[[72907,104041],[-19,-134],[79,-174],[19,-6],[20,62],[4,11],[110,22],[34,-76],[9,-19],[19,-17],[60,-50],[-64,-79],[-3,-3],[-2,-7],[-29,-86],[-58,-89],[0,0],[-49,-43],[-30,-121],[36,-69],[63,7],[29,4],[30,-122],[19,-78],[9,-12],[19,-24],[44,-159],[-21,-51],[-2,-133],[-47,-23],[-16,-8],[7,-27],[11,-43],[-52,7],[-39,49],[-7,8],[-5,-3],[-44,-28],[-54,25],[-62,57],[-4,7],[-57,97],[-89,-43],[-82,-139],[28,-131],[29,-130],[-41,-55],[-40,-55],[3,-32],[5,-77],[-35,-46],[-69,-2],[-1,26],[-1,18],[-26,-11],[-30,-13],[-55,32],[2,25],[40,13],[4,1],[-10,91],[-28,50],[-54,-13],[-101,-24],[-159,46],[-54,15],[-469,-172],[-140,-94],[-59,-39],[-92,-86],[-66,-62],[-66,22],[-82,28],[-62,-39],[20,-45],[19,-40],[-51,-149],[-26,-7],[-11,-25],[-26,-56],[-31,-9],[8,-57],[-11,-68],[-13,-80],[-39,-12],[-95,-30],[-67,-128],[4,-101],[5,-9],[23,-40],[-26,-53],[-20,-43],[16,-56],[55,-41],[28,28],[45,45],[74,-18],[17,-24],[10,-16],[45,17],[28,-33],[59,35],[16,9],[280,0],[32,0],[59,-37],[108,-68],[-1,-74],[-15,-21],[-13,-18],[8,-87],[13,-20],[16,-25],[-13,-19],[-38,-53],[48,-207],[29,-66],[62,-48],[24,-18],[47,-95],[-5,-53],[-3,-39],[68,-286],[23,-29],[87,-110],[33,-150],[14,-65],[60,-100],[5,-9],[50,-72],[39,-106],[0,-78],[-39,-87],[-27,0],[-32,0],[-47,-38],[-1,-1],[-1,0],[-162,-52],[-20,-77],[17,-50],[16,-48],[-24,-104],[-16,-70],[41,-41],[24,-24],[11,-12],[21,-24],[-19,-33],[-57,-53],[-2,-1],[-19,-13],[-20,-29],[-19,-35],[-34,-7],[-26,-27],[-26,-53],[-10,-14],[-2,-20],[101,-105],[154,-162],[52,-123],[-49,-184],[30,-59],[-61,-84],[-19,-26],[-21,-76],[7,-61],[2,-19],[-12,-33],[-29,-76],[45,-110],[34,-85],[-17,-81],[-25,-120],[15,-171],[43,-60],[44,-60],[-75,-161],[-64,-140],[45,-60],[48,-65],[2,-51],[-41,-24],[-55,-31],[6,-44],[3,-21],[-84,-104],[-43,-51],[-42,-130],[-3,-102],[51,-310],[83,-270],[34,-112],[24,-151],[-24,-102],[-16,-69],[2,-50],[3,-80],[-23,-127],[-39,-51],[-52,-66],[55,-89],[34,-35],[10,-8],[23,-12],[12,-14],[41,-64],[27,-53],[20,-17],[25,-12],[11,-5],[11,-9],[11,-16],[11,-29]],[[71901,92505],[-160,-33],[-130,88],[-35,68],[-78,264],[-7,26],[-59,199],[-122,388],[-90,206],[-324,511],[-505,529],[-773,649],[-56,46],[-401,315],[-257,149],[-155,91],[-17,10],[-109,99],[-52,47],[-44,-24],[-13,-8],[-52,-33],[-38,37],[-27,27],[-77,38],[-39,19],[-22,-13],[-43,59],[0,0],[-431,311],[-182,72],[-16,-14],[-7,-6],[-93,1],[-507,8],[-466,-36],[-328,-32],[-259,-78],[-33,-33],[-6,-16],[-13,-36],[-174,-126],[-98,-2],[-36,21],[-45,28],[-49,-18],[-30,72],[-7,28],[-9,109],[-18,122],[-6,28],[1,87],[0,44],[-32,128],[-34,48],[-54,77],[9,111],[24,70],[30,84],[-30,68],[-38,85],[-50,256],[9,119],[1,15],[-1,6],[-19,158],[24,99],[9,39],[5,120],[-9,93],[-14,124],[-54,110],[-42,45],[-26,29],[43,47],[41,46],[-24,46],[-36,72],[-1,171],[0,37],[-10,26],[-58,157],[12,147],[4,60],[-38,30],[-77,60],[-42,172],[-16,63],[-41,4],[-34,4],[-36,32],[-2,22],[2,96],[-4,19],[-9,23],[-16,24],[-4,7],[-11,22],[-19,62],[31,61],[7,-1],[56,-10],[-2,71],[-25,10],[-12,5],[-5,31],[56,59],[25,26],[-3,27],[0,3],[4,24],[5,22],[20,76],[-16,51],[-18,59],[30,2],[55,4],[46,135],[0,48],[0,10],[6,1],[54,13],[7,98],[35,64],[0,1],[-11,72],[46,-6],[26,-3],[12,104],[-5,9],[-16,29],[25,14],[33,17],[-15,65],[-16,68],[43,102],[-13,106],[45,25],[8,122],[65,195],[-5,86],[28,23],[23,18],[-3,71],[-4,64],[25,11],[17,8],[18,28],[21,34],[10,-2],[59,-11],[198,278],[47,65],[122,109],[73,66],[17,55],[5,17],[6,7],[17,20],[13,23],[14,49],[14,31],[11,12],[15,10],[13,8],[17,35],[14,92],[7,44],[38,55],[26,37],[37,116],[-5,121],[-3,81],[22,14],[22,14],[79,235],[36,10],[-9,82],[47,234],[-9,93],[-26,52],[-45,92],[95,116],[38,15],[45,-13],[46,-14],[107,80],[21,35],[12,23],[96,3],[20,-45],[3,-7],[63,-39],[105,6],[21,28],[35,47],[64,-9],[25,-4],[54,46],[-33,59],[0,22],[0,55],[-20,24],[32,30],[-4,58],[59,19],[1,1],[1,2],[57,85],[55,27],[32,-25],[152,-83],[37,-97],[16,-44],[92,-28],[63,44],[59,41],[54,-9],[61,-11],[31,113],[0,53],[0,83],[41,81],[22,43],[1,121],[0,209],[5,26],[-4,20],[6,17],[8,59],[18,3],[37,5],[40,61],[27,163],[2,16],[7,40],[15,9],[28,18],[-6,34],[-4,25],[3,18],[11,65],[29,37],[-56,33],[-17,10],[-18,84],[68,172],[61,80],[61,81],[34,101]],[[66510,117546],[-211,226],[-31,101],[-3,9],[-123,166],[-12,11],[-90,85],[3,55],[9,127],[-31,135],[-39,73],[-28,52],[50,115],[11,67],[16,9],[12,7],[37,144],[-10,40],[-28,114],[19,147],[25,47],[34,64],[-58,79],[-110,114],[-123,42],[-29,81],[-66,-34],[-17,-9],[-110,101],[1,44],[-58,58],[3,146],[1,36],[-16,88],[-53,34],[-57,-8],[-42,-6],[-80,27],[-91,131],[-39,111],[-12,33],[-81,134],[-118,90],[-16,11],[-63,41],[-7,54],[-6,40],[-40,81],[-30,135],[-49,71],[-43,63],[3,42],[3,43],[-27,148],[-33,53],[-42,13],[-13,8],[14,20],[19,14],[22,9],[29,1],[15,-6],[47,-2],[31,-4],[24,-2],[358,-34],[84,-57],[83,-56],[152,-49],[24,7],[128,36],[210,-82],[45,-17],[53,33],[44,28],[162,104],[8,19],[18,17],[70,22],[20,0],[22,10],[27,13],[44,1],[68,10],[112,-41],[62,-22],[58,0],[93,0],[21,-4],[10,-8],[18,-2],[33,-10],[15,-5],[36,-13],[16,-6],[30,-3],[9,-1],[3,-1],[51,-22],[13,-3],[23,0],[64,52],[72,58],[206,-4],[89,-32],[68,-24],[301,150],[43,125],[29,149],[25,127],[33,77],[30,67],[-7,34],[-10,48],[20,184],[24,131],[24,42],[20,35],[-19,60],[-50,155],[39,232],[84,78],[57,-9],[6,-1],[50,30],[14,29],[15,32],[30,23],[22,17],[0,21],[0,30],[20,67],[43,74],[44,12],[15,5],[73,137],[6,136],[-17,60],[32,88],[-1,103],[-26,59],[-14,31],[36,108],[31,22],[17,12],[50,89],[-4,57],[-10,145],[43,98],[-24,85],[65,158],[-3,106],[23,12],[26,13],[4,50],[-33,23],[-28,20],[-17,109],[-20,128],[-45,56],[-38,47],[7,41],[7,38],[-77,36],[-61,28],[-9,59],[-17,119],[-76,160],[-14,34],[-30,13],[-16,7],[0,30],[1,49],[-67,8],[-7,-5],[-36,-26],[-21,40],[-13,5],[-121,39],[-4,-5],[-38,-48],[-7,51],[-100,84],[7,38],[0,4],[-8,12],[-9,13],[-15,86],[-24,34],[21,41],[10,21],[-2,80],[-32,88],[18,99],[-47,53],[-26,28],[14,65],[22,31],[18,25],[34,199],[16,93],[82,88],[102,46],[30,2],[10,-11],[21,-23],[41,14],[54,104],[24,90],[170,6],[77,-31],[107,50],[75,-6],[63,42],[32,72]],[[87530,91890],[-92,81],[-262,77],[-161,-20],[-57,-48],[-59,-50],[-75,1],[-105,2],[-202,-112],[-81,-45],[-54,27],[-212,107],[-248,43],[-109,35],[-112,-2],[-109,-143],[-44,-57],[-147,-40],[-315,-87],[-323,-26],[-110,-22],[-210,38],[-182,-12],[-156,0],[-158,48],[-151,46],[-81,-28],[-12,-13],[-42,-43],[-5,14],[-7,22],[-103,-145],[-19,-54],[-117,-331],[-116,-172],[-18,-27],[-92,-212],[-109,-251],[-13,-44],[-69,-33],[-10,-5],[-41,-49],[-56,-66],[-36,0],[-79,-2],[-185,-84],[-128,-169],[-76,-242],[-36,-116],[-62,-121],[-67,-12],[-154,-26],[-40,-45],[-72,-80],[-230,-46],[-161,-4],[-525,184],[-91,31],[-308,-18],[-166,-73],[-53,-63],[-58,-71],[-75,-46],[-62,-39],[-99,-104],[-67,-68],[-43,4],[-119,12],[-107,-72],[-56,-37],[-95,-2],[-45,-1],[-40,-37],[-56,-52],[-129,-118],[-120,-29],[-136,-126],[-62,2],[-30,1],[-161,-255],[-22,-34],[-7,-10],[-84,-116],[-26,-103],[-129,-509],[-35,-16]],[[79223,94576],[61,88],[24,62],[34,91],[26,-28],[47,-50],[44,51],[59,28],[64,32],[88,-2],[97,-2],[12,28],[28,65],[71,80],[39,-16],[17,-6],[-1,22],[-1,42],[73,25],[29,10],[127,93],[106,143],[99,133],[133,84],[55,35],[94,117],[25,240],[-141,113],[-93,75],[23,174],[43,-17],[38,-16],[29,32],[73,5],[5,14],[15,40],[54,-133],[-1,-7],[-16,-72],[11,-29],[51,-9],[33,40],[19,24],[8,-5],[34,-22],[96,134],[10,76],[-7,37],[-8,49],[35,96],[71,20],[117,-15],[14,-71],[-10,-13],[-30,-40],[24,-63],[51,-16],[43,-72],[25,2],[17,2],[0,-29],[-3,-85],[29,-56],[20,-1],[14,40],[2,-2],[15,-15],[13,-13],[13,36],[26,66],[100,51],[25,63],[122,62],[39,20],[54,50],[58,51],[30,22],[-25,39],[2,49],[-56,38],[-33,24],[-28,142],[20,36],[48,91],[-44,27],[-40,25],[5,57],[10,13],[11,22],[63,63],[30,-52],[5,-9],[29,10],[57,18],[21,-15],[40,-29],[44,32],[30,21],[27,-19],[13,-10],[22,11],[44,20],[41,-17]],[[127429,141482],[-100,-30],[-86,-27],[-90,-60],[-31,-21],[-152,-105],[-196,-100],[-190,-101],[-269,-144],[-141,-73],[-244,-134],[-59,-42],[-83,-56],[-130,-93],[-121,-58],[-113,-107],[-4,-6],[-37,-49],[-109,-103],[-131,-131],[-163,-121],[-178,-94],[-27,-11],[-279,-116],[-159,-116],[-102,-123],[-75,-173],[-25,-57],[-61,-134],[-158,-232],[-64,-145],[-30,26],[-4,3],[-23,-13],[-14,-60],[-24,-100],[-93,-116],[-46,-58],[-5,-61],[9,-3],[24,-9],[-37,-152],[-69,-147],[-117,-145],[-277,-155],[-31,-9],[-22,-12],[-14,-2],[-106,-43],[-88,-30],[-70,-18],[-65,-9],[-41,-3],[-110,-6],[-16,1],[-138,3],[-92,-8],[-136,-39],[-74,-53],[-62,-43],[-63,-28],[-116,-50],[-51,-45],[-38,-33],[-131,3],[-122,3],[-91,-43],[0,-1],[-76,-73],[-182,-46],[-30,-8],[-330,-111],[-86,-59],[-66,-35],[-166,-27]],[[120533,136906],[-23,68],[-1,76],[13,0],[32,2],[-25,108],[4,85],[-27,62],[-32,-53],[-34,-56],[-52,-9],[-37,36],[-73,70],[-36,-1],[-24,-1],[-81,52],[-33,165],[-29,53],[134,-24],[2,-1],[90,-72],[84,54],[30,128],[-12,68],[-3,15],[15,58],[37,138],[-68,-20],[-34,-45],[-29,-37],[-113,59],[-14,56],[18,52],[20,57],[-65,38],[-65,38],[-26,112],[-21,95],[-6,16],[-14,17],[-27,33],[47,64],[33,46],[14,7],[26,14],[-12,56],[-34,9],[-16,49],[-11,11],[-23,10],[-18,-2],[-50,-6],[-48,88],[-42,78],[-83,26],[-20,6],[-33,28],[-29,24],[-87,-44],[-25,-28],[-41,-46],[-71,-17],[42,76],[14,95],[16,18],[28,30],[-39,135],[-3,10],[0,3],[1,52],[-16,13],[-16,14],[-5,58],[5,2],[112,54],[-112,2],[-19,29],[-29,44],[31,58],[56,103],[17,72],[-6,57],[-44,50],[-23,26],[3,9],[6,23],[-14,37],[-22,-8],[-23,-9],[-37,33],[-49,-5],[-47,79],[-1,2],[-5,2],[-222,101],[-70,74],[12,64],[28,98],[38,52],[38,-7],[61,-11],[56,52],[14,13],[14,-3],[61,-14],[4,84],[-10,42],[-6,29],[-45,-14],[-19,-5],[-27,45],[47,76],[24,19],[59,45],[-35,48],[-174,89],[-30,-34],[-27,-31],[-103,-8]],[[118994,140739],[-1,36],[21,64],[5,1],[38,12],[19,21],[11,23],[-6,26],[5,40],[-2,31],[-72,-5],[-11,-1],[-51,33],[-53,41],[-22,50],[-72,3],[46,51],[8,41],[60,35],[40,11],[6,54],[41,34],[109,7],[20,-10],[92,-46],[15,44],[98,25],[11,32],[0,66],[-53,8],[-17,21],[-51,61],[-13,14],[-18,51],[-10,77],[-53,54],[22,17],[1,0],[16,81],[-57,10],[-51,8],[-7,69],[-33,41],[2,70],[-64,39],[139,173],[42,53],[45,24],[-36,59],[-40,30],[-56,42],[44,178],[4,106],[20,28],[33,123],[-9,68],[48,57],[211,-32],[66,27],[3,-174],[1,-4],[-27,-46],[-41,-19],[51,-52],[80,11],[31,69],[-3,13],[-24,107],[132,-30],[15,-77],[15,-81],[126,-88],[6,-4],[0,-3],[-14,-40],[10,-66],[30,44],[52,12],[18,69],[12,49],[65,8],[9,1],[1,6],[7,56],[26,15],[48,28],[18,-26],[22,-32],[68,27],[39,104],[-28,84],[-27,82],[22,72],[59,33],[46,25],[25,112],[-11,72],[-1,12],[7,6],[93,75],[-1,136],[-21,105],[-45,118],[-75,27],[-39,-1],[-58,-52],[-42,-38],[-88,55],[26,55],[19,58],[40,18],[6,-36],[4,0],[14,-1],[24,43],[7,13],[25,42],[24,43],[26,-7],[13,-3],[49,34],[49,93],[9,16],[18,22],[67,79],[14,2],[68,11],[-35,100],[-12,34],[24,31],[12,16],[-3,31],[-2,12],[3,69],[-25,72],[9,81],[100,118],[63,-10],[-13,-83],[-6,-36],[67,-19],[208,145],[4,162],[-112,134],[-35,-71],[18,-59],[16,-54],[-11,-73],[-56,56],[-16,17],[-21,-4],[-99,-18],[-30,92],[-33,-60],[-27,50],[52,201],[35,-2],[0,-95],[0,-46],[16,-11],[49,132],[0,1],[5,5],[67,67],[84,39],[-26,53],[12,24],[-26,81],[-54,42],[-5,-13],[-26,-72],[-32,1],[-15,44],[20,82],[5,62],[88,150],[-10,65],[19,57],[78,-23],[22,-7],[52,23],[32,66],[-1,85],[-48,27],[-56,31],[10,18],[20,20],[7,28],[8,36],[-7,41],[-21,26],[-41,52],[-7,71],[69,175],[24,18],[26,-16],[10,-6],[57,49],[26,22],[20,45],[-6,204],[10,59],[-99,63],[-49,-28],[-42,-24],[-96,82],[-24,71],[-38,17],[21,137],[-16,35],[71,41],[37,20],[27,69],[-14,24],[-30,49],[-74,122],[5,20],[0,20],[26,19],[18,8],[15,7],[-30,134],[-4,2],[-117,45],[38,39],[227,19],[8,-8],[25,-27],[11,-5],[13,0],[22,5],[16,-6],[30,6],[49,64],[122,31],[103,-21],[109,35],[35,56],[10,16],[39,-3],[119,-12],[71,61]],[[121732,148124],[52,39],[139,32],[39,-1],[78,75],[62,20],[99,-54],[86,6],[35,-24],[17,-49],[8,-24],[9,18],[23,44],[41,-25],[95,-77],[71,-57],[84,51],[60,37],[87,22],[296,-189],[-9,-65],[-66,-42],[-7,-4],[-61,-79],[-36,-117],[-68,-90],[0,-87],[-15,-36],[-40,-100],[63,-141],[58,48],[3,2],[80,-12],[-20,-54],[10,-86],[10,-100],[56,-36],[-10,-127],[-29,-46],[-121,22],[-12,2],[-7,-13],[-58,-113],[-103,-23],[-2,0],[-33,55],[-22,35],[34,84],[10,25],[-36,90],[56,24],[-127,8],[-135,45],[8,-195],[127,16],[17,2],[2,-32],[3,-68],[69,-149],[30,-65],[74,9],[66,8],[17,-33],[28,-50],[79,-7],[68,-79],[67,64],[3,0],[120,18],[48,-41],[-9,-61],[-3,-20],[18,-71],[149,-119],[12,25],[58,60],[6,20],[9,31],[23,51],[121,41],[106,3],[34,-13],[9,-27],[-7,-20],[-4,-10],[16,-41],[21,-3],[63,9],[10,57],[51,-15],[-27,32],[-9,11],[20,64],[152,42],[54,-53],[78,4],[81,50],[30,-34],[39,2],[-22,-33],[12,-29],[72,-41],[53,14],[9,-87],[-7,-34],[-5,-26],[19,-52],[-46,-63],[1,-33],[127,86],[9,19],[12,27],[149,53],[124,-5],[54,-43],[17,-63],[15,-56],[26,-4],[97,-15],[-26,-84],[0,-3],[-1,-73],[100,-173],[91,-75],[22,22],[68,57],[99,83],[61,-43],[69,15],[34,-75],[43,-8],[24,-58],[8,-25],[-43,-47],[-38,-41],[59,-120],[31,-28],[46,-41],[-18,-75],[-25,-23],[-20,-19],[4,-72],[11,-10],[28,-25],[-26,-76],[-64,-31],[-31,-15],[-26,36],[-37,-63],[49,-55],[31,-36],[-28,-63],[-43,-42],[0,-58],[-16,-12],[-109,-14],[-5,8],[-15,22],[-74,32],[-54,-52],[56,-52],[19,-18],[6,-56],[-3,-9],[-21,-59],[28,-60],[49,3],[55,2],[22,-44],[58,-18],[41,-80],[-1,-109],[-81,-147],[-107,-93],[-31,-65],[-67,21],[-15,28],[-8,16],[-8,15],[-30,-15],[-15,-8],[-38,8],[-34,0],[-21,-60],[-8,-20],[-42,-20],[-39,-62],[-51,-59],[-33,18],[-17,44],[-24,60],[-20,-36],[-58,4],[-114,76],[-84,-141],[47,-119],[-12,-68],[-26,-8],[49,-120],[20,-22],[54,-61],[-4,-71],[-2,-21],[1,-9],[3,-62],[60,-123],[100,-31],[68,44],[28,-35],[110,-35],[39,13],[41,14],[120,-28],[27,-36],[4,-50],[4,-41],[73,-51],[52,25],[1,0],[47,30],[-7,-70],[-5,-48],[72,-74],[60,-56],[22,-6],[124,-34],[12,-44],[-11,-77],[0,0],[35,-42],[59,-72],[0,-1],[-6,-71],[39,-83],[73,-27],[137,66],[35,-14],[132,34],[132,34],[92,15],[19,68],[7,24],[43,18],[47,-9],[48,40],[42,-18],[35,-22],[37,-25],[13,16],[20,24],[42,-25],[189,22],[50,-39],[58,-45],[14,-11],[48,0],[56,0],[85,0],[7,-42],[-66,-62],[47,-238],[-18,-108],[-24,-33],[-31,-43],[-25,-35],[25,-75],[20,-59],[33,-51],[10,-19],[25,-63],[1,-3],[11,-39]],[[122710,146224],[38,-115],[10,6],[10,5],[26,15],[17,49],[18,55],[25,11],[16,7],[9,30],[2,6],[2,6],[-38,35],[-8,9],[-8,7],[-5,-11],[-14,-28],[-105,-15],[2,-26],[3,-46]],[[120904,143912],[78,-58],[2,5],[28,80],[-21,26],[-25,0],[-1,0],[-32,-11],[-24,-35],[-4,-5],[-1,-2]],[[120448,138073],[15,-14],[51,23],[2,9],[-11,-4],[-45,9],[-12,-23]],[[120825,146134],[-12,-47],[-73,-2],[-31,-1],[-10,0],[-11,4],[-27,0],[-31,10],[-52,33],[-11,12],[-23,6],[-16,6],[23,23],[135,8],[13,1],[64,-11],[48,-8],[14,-34]],[[129836,149424],[-3,-16],[-63,-51],[34,-45],[2,-41],[2,-26],[1,-21],[-5,-6],[-71,-82],[42,-67],[-62,-70],[53,-28],[20,-10],[-28,-46],[-28,-46],[14,-58],[43,-49],[-10,-90],[65,-61],[23,-13],[37,-22],[17,-10],[-5,-45],[-3,-23],[61,-79],[41,20],[5,63],[2,25],[160,47],[42,-23],[8,-43],[15,-78],[48,-57],[28,36],[48,3],[5,13],[19,42],[78,-44],[17,-41],[155,-56],[17,-42],[68,-2],[4,-37],[-113,-90],[-25,-49],[-17,5],[-34,8],[12,-57],[-26,-77],[16,0],[36,-1],[-1,-86],[-41,-10],[-11,10],[-43,40],[-23,-15],[13,-94],[30,-52],[19,-34],[-40,-147],[-92,-21],[-24,-6],[-41,17],[7,-68],[3,-2],[49,-33],[-2,-39],[-76,18],[-24,31],[-37,49],[-53,7],[-28,-86],[-6,-18],[-54,-52],[-105,97],[-20,19],[-9,1],[-67,10],[-15,47],[-20,61],[-45,57],[-57,4],[-75,-48],[-69,-78],[-64,-115],[-22,-40],[-47,-136],[-28,-167],[-6,-17],[3,-311],[18,-166],[12,-108],[52,-180],[69,-29],[13,-96],[64,28],[16,6],[143,-82],[-11,-28],[-27,0],[24,-47],[61,-8],[8,-22],[85,-220],[4,-11],[4,-6],[61,-90],[7,-130],[-37,-17],[-24,-11],[-21,-66],[-16,-173],[11,-208],[47,-205],[15,-65],[27,-80],[58,2],[3,0],[55,-62],[9,-178],[-22,-23],[-59,-61],[-14,-43],[17,-33],[-7,-68],[-10,-60],[-5,-29],[-4,-4],[-37,-30],[3,-94],[1,-30],[-17,-43],[-16,-42],[-8,-20],[-13,1],[-35,3],[-27,-44],[-35,-12],[-36,-125],[-5,-46],[-4,-27],[-63,-59],[-9,-1],[-76,-3],[-51,-42],[-2,-72],[0,-1],[-3,-2],[-56,-28],[-12,-26],[-13,-28],[-16,24],[-15,23],[-46,17],[-110,-54],[-88,-143],[-26,-43],[-58,-60],[-43,-188],[-1,-3],[-43,-103],[-19,9],[-2,1],[-42,-18],[-1,-16],[-1,-46],[-22,-34],[-63,12],[-17,-75],[-103,-8],[-6,0],[-14,-15],[-85,-84],[-50,-15],[-26,-8],[-71,-70],[-38,-74],[-70,-137],[-95,-103],[-15,-17],[-2,-8],[-8,-39],[-117,-68],[-12,-6],[-34,8],[-24,6],[-19,-24],[-20,-25],[-186,-63],[-6,1],[-6,0],[-63,8],[-226,-132],[-34,-49],[-54,-77],[-32,-10],[-33,-11],[-81,-234]],[[121732,148124],[-43,138],[16,254],[3,35],[-6,17],[-17,47],[33,1],[25,1],[11,40],[12,50],[44,55],[-25,38],[-39,14],[-11,-6],[-11,-4],[-5,-2],[-42,21],[-2,7],[-5,23],[-17,15],[-36,-31],[-41,-37],[-56,-30],[-40,68],[35,124],[6,21],[-5,73],[-6,85],[7,21],[14,42],[-13,47],[-85,129],[-86,8],[-24,-11],[-38,-17],[-148,50],[-67,59],[-38,136],[-2,105],[32,98],[-13,42],[-31,91],[36,61]],[[121054,150002],[89,26],[71,-51],[35,-25],[169,-18],[19,9],[66,30],[60,-50],[10,-8],[11,5],[30,14],[60,-28],[64,-58],[15,-47],[13,-42],[44,-44],[41,7],[36,5],[78,-60],[16,-49],[13,-43],[48,-23],[42,20],[21,-13],[16,0],[17,-14],[68,3],[26,24],[56,50],[56,-105],[-4,-49],[-6,-88],[66,-47],[36,-26],[-8,-64],[-8,-57],[32,-84],[-1,-105],[28,-106],[127,-205],[156,-96],[22,-53],[34,57],[16,28],[115,16],[94,14],[60,39],[39,25],[14,-7],[50,-26],[12,36],[2,31],[2,16],[9,12],[4,27],[47,26],[109,63],[-1,81],[0,39],[37,30],[24,109],[50,62],[145,90],[72,7],[68,-52],[2,-1],[130,-19],[112,70],[31,20],[10,0],[39,0],[80,37],[20,29],[46,63],[83,-61],[127,-93],[40,21],[62,33],[63,-37],[7,-38],[25,-26],[17,-18],[31,-3],[75,-7],[5,-27],[7,-41],[71,-55],[168,-33],[119,-74],[99,2],[65,1],[17,-40],[0,-51],[2,-85],[55,-56],[53,-13],[5,-1],[4,-12],[16,-46],[28,-16],[23,-12],[24,-53],[33,-73],[49,-78],[66,14],[44,9],[85,-52],[70,-42],[97,5],[64,104],[4,28],[8,61],[44,41],[155,-2],[63,-42],[96,-65],[285,-40],[73,-11],[18,29],[-1,118],[-36,44],[-45,55],[-9,81],[-6,62],[-25,61],[31,9],[24,6],[32,9],[12,71],[15,95],[68,15],[49,10],[63,54],[124,105],[21,0],[35,6],[116,23],[43,-51],[73,-86],[133,60],[36,13],[30,102],[4,12],[81,93],[4,0],[55,4],[27,93],[16,52],[29,40],[31,-6],[26,-7],[72,-17],[14,52],[9,31],[41,27],[42,-29],[52,-35],[203,-33],[24,21],[28,82],[27,76],[87,73],[73,-95],[47,-62],[83,14],[4,5],[40,55],[78,-11],[32,-23],[43,-31],[74,47],[46,30],[46,-13],[16,-60],[17,-62],[69,-145],[177,-215],[102,7],[37,71],[6,11],[67,36],[15,-14],[17,-15],[113,-18],[178,17]],[[130154,145515],[-17,-31],[-31,30],[34,21],[14,-20]],[[122578,149551],[-3,0],[-47,21],[-80,36],[-7,24],[-10,31],[19,116],[5,34],[6,35],[5,5],[82,83],[5,15],[20,75],[55,-13],[53,-86],[-34,-17],[-4,-12],[-33,-91],[39,-109],[57,-39],[3,-2],[61,-52],[1,-33],[-23,-18],[-170,-3]],[[104270,111255],[20,-150],[9,-14],[38,-58],[25,-281],[59,-323],[-85,-368],[-30,-77],[-26,-67],[34,-128],[36,-134],[-129,-227],[-144,-185],[-134,-144],[-13,-6],[-69,-35],[52,-41],[29,-22],[-27,-43],[-6,-90],[-9,-150],[-1,-359],[21,-221],[58,-3],[99,-4],[192,-76],[232,-176],[29,-136],[81,-193],[19,-129],[-5,-174],[-58,-213],[-64,-371],[-99,-283],[-24,-53],[-117,-204],[-53,-91],[19,-109],[12,-72],[7,-40],[0,-43],[2,-137],[46,-216],[75,-172],[71,-82],[59,-115],[140,-276],[24,-79],[18,-59],[8,-19],[138,-275],[4,-9],[0,-2],[74,-226],[7,-23],[128,-213],[261,-383],[18,-9],[18,-26],[23,-42],[37,-54],[79,-83],[38,-13],[108,-36],[87,-96],[35,-39],[79,-16],[56,29]],[[105881,103091],[34,-225],[-5,-98],[51,-244],[-14,-12],[-28,21],[-13,14],[-23,14],[-4,61],[-46,105],[-35,79],[-41,4],[-45,-53],[-39,-39],[-39,-114],[6,-120],[2,-58],[-99,-162],[-65,-98],[-39,-15],[-26,-10],[-37,-48],[-42,-178],[-48,-92],[23,-92],[94,-152],[108,-242],[108,-142],[156,-107],[34,-5],[4,-1],[106,-63],[7,-7],[87,-84],[53,4],[39,40],[6,63],[11,112],[-12,37],[-4,14],[-48,44],[2,44],[-15,92],[-32,200],[4,18],[63,-235],[18,-67],[14,-34],[112,-271],[51,-71],[-143,-251],[-110,-39],[-259,-90],[-167,-131],[-64,-50],[-126,13],[-12,3],[2,28],[1,13],[1,34],[-58,18],[-17,-41],[-9,-22],[-41,-8],[-23,-4],[-16,-19],[-15,-17],[-10,2],[-25,5],[-12,-27],[-18,-41],[-136,-62],[-94,-80],[-207,35],[-31,33],[23,34],[32,49],[-91,42],[-57,26],[-20,57],[5,28],[15,93],[-97,29],[1,-67],[2,-76],[-86,11],[-13,1],[-12,-20],[-51,-86],[-101,35],[-112,38],[-85,-16],[0,0],[-1,0],[-54,25],[-119,-111],[-101,-42],[-61,-65],[-35,-96],[35,-52],[52,-80],[-1,-30],[-22,-8],[-67,38],[-17,9],[-43,6],[-177,24],[-43,67],[5,58],[3,42],[-50,65],[-128,73],[-152,16],[-126,11],[-62,-81],[-1,-5],[-11,-74],[-42,-2],[-16,-49],[-21,9],[3,42],[-99,-25],[-54,21],[-77,30],[-114,-9],[-165,-114],[-112,-171],[-98,-81],[-46,-76],[-20,-50],[-20,-49],[-43,-7],[-35,-5],[-214,-139],[-89,-129],[-19,-63],[-83,-282],[-6,-94],[2,-3],[27,-48],[-19,-47],[-74,-42],[-37,51],[-24,33],[-86,2],[-45,-48],[-119,-126],[-1,-64],[-28,5],[2,36],[-42,-1],[-37,-62],[-30,8],[-34,9],[-47,-58],[-78,-8],[-223,-256]],[[106230,101891],[-12,-33],[-25,15],[12,46],[25,-28]],[[106103,102079],[-16,-15],[-11,11],[-7,6],[17,49],[2,8],[2,-8],[1,-1],[12,-50]],[[106043,101996],[-4,-17],[-11,13],[-26,28],[15,49],[-12,29],[-13,34],[26,10],[15,-17],[28,-33],[-18,-96]],[[106053,101214],[-15,-36],[-30,37],[32,18],[13,-19]],[[105989,102409],[-1,-134],[-68,90],[-20,68],[-8,29],[27,-15],[70,-38]],[[105862,101526],[-36,-20],[-37,63],[35,68],[37,-60],[1,-51]],[[105680,101610],[-23,-20],[-30,23],[34,25],[19,-28]],[[77968,83505],[74,-123],[40,27],[25,16],[65,-97],[63,29],[15,7],[10,27],[17,46],[39,30],[25,20],[47,-56],[-2,-53],[-157,-101],[-83,13],[-52,-70],[-55,-19],[-12,-4],[-32,-60],[-36,33],[-34,-8],[-97,93],[-36,231],[-27,70],[24,38],[72,6],[37,-33],[70,-62]],[[77553,83548],[-17,-10],[-11,18],[9,33],[21,11],[-2,-52]],[[95754,76193],[-8,-39],[-26,11],[-7,35],[41,-7]],[[95678,76138],[-9,-12],[-24,18],[17,46],[8,0],[8,-52]],[[92726,77288],[-28,-26],[-19,32],[27,19],[20,-25]],[[92690,77084],[-120,-55],[-111,167],[5,34],[3,19],[-9,16],[-13,21],[18,110],[41,127],[47,47],[39,-56],[4,-69],[80,-141],[-22,-22],[-4,-51],[-3,-32],[45,-115]],[[1538,2064],[74,-111],[15,-93],[54,-106],[-7,-103],[-112,-175],[-60,-139],[8,-59],[-80,-211],[-20,-124],[-32,-34],[-88,2],[-54,-86],[-21,-283],[-32,-54],[-37,-145],[1,-246],[-39,-71],[-68,-26],[-62,79],[-73,47],[-115,288],[-125,133],[-437,118],[-141,-3],[-77,89],[-10,124],[45,71],[5,143],[-15,61],[19,73],[126,114],[48,-16],[26,-67],[66,-49],[162,-45],[72,3],[191,88],[106,126],[47,95],[90,74],[45,70],[19,118],[-37,121],[120,52],[93,139],[67,-1],[68,72],[82,10],[93,-63]],[[26424,11098],[-3,-6],[-15,9],[-48,28],[-21,60],[-19,52],[105,111],[10,10],[23,-2],[4,-44],[4,-37],[1,-9],[-14,-117],[-27,-55]],[[25997,11283],[91,-103],[42,-14],[9,-61],[8,-55],[95,-59],[29,-18],[66,-293],[0,-23],[-2,-245],[53,-738],[2,-28],[-10,-53],[-24,-123],[3,-73],[1,-45],[16,-110],[-44,-85],[-26,-50],[10,-100],[4,-42],[-13,-41],[-33,-99],[0,-6],[-5,-74],[-46,-36],[-52,-40],[-45,-161],[30,-106],[31,-111],[-1,-143],[0,-1],[-29,-64],[0,-57],[55,-102],[14,-27],[10,-98],[-6,-37],[-1,-7],[-20,-128],[-18,-5],[-17,-3],[-103,-404],[-2,-8],[-18,-132],[-44,-131],[-18,-9],[-29,-15],[1,-82],[0,-10],[-13,-33],[-37,-94],[16,-70],[11,-52],[-3,-69],[-23,-75],[-17,-10],[-29,-16],[-19,-91],[-13,-63],[-47,-105],[-79,-130],[-74,-61],[-59,0],[-168,-2],[-77,-101],[-74,-96],[-22,7],[-40,13],[-118,-72],[-18,-11],[-14,-2],[-176,-17],[-227,-118],[-48,23],[-51,-26],[-94,-62],[-55,-3],[-39,-55],[-39,-16],[-17,-8],[-3,0],[-185,-10],[-64,-74],[-77,-27],[-90,-188],[-229,-475],[-172,-253],[-120,-234],[-61,-53],[-219,93],[-67,-14],[-186,65],[-206,116],[-55,31],[-148,43],[-87,-31],[-55,-19],[-56,-56],[31,82],[16,45],[52,53],[-3,109],[-13,25],[-16,32],[42,85],[31,-42],[31,-44],[38,29],[75,-21],[22,15],[17,12],[17,-16],[18,-18],[48,0],[425,160],[367,292],[38,57],[43,64],[55,62],[260,298],[37,80],[100,120],[61,152],[7,142],[3,46],[16,78],[9,43],[-4,51],[-18,247],[30,137],[-7,102],[37,167],[37,42],[109,128],[23,66],[24,96],[53,95],[0,76],[1,111],[27,43],[8,14],[6,66],[3,37],[-17,56],[47,114],[-2,78],[29,87],[114,158],[158,217],[68,193],[25,90],[99,365],[29,41],[-4,83],[36,39],[18,88],[67,120],[6,9],[62,182],[-10,118],[-9,105],[44,149],[124,420],[-12,57],[-36,170],[14,184],[22,-10],[29,-14],[44,82],[13,23],[24,11],[37,17],[53,66],[1,2],[11,3],[118,35],[29,27],[55,53],[29,-17],[7,-4],[8,10],[58,76],[75,-20],[34,-9],[95,64],[31,20]],[[16622,4954],[53,-113],[31,-68],[20,-108],[-22,-203],[-21,-188],[8,-24],[21,-67],[0,-3],[-4,-58],[72,-89],[45,-56],[46,-55],[111,-331],[-51,-150],[-23,-68],[5,-71],[2,-23],[9,-134],[50,-75],[67,-102],[-20,-18],[-59,35],[-4,2],[-54,-49],[-7,-81],[-17,-193],[-28,-89],[-13,-46],[19,-81],[7,-8],[42,-51],[-25,-65],[0,-110],[-66,-24],[-4,-2],[-5,-8],[-37,-61],[-23,-7],[-8,-2],[-30,-25],[-42,-133],[0,-18],[1,-150],[-42,-101],[-81,-52],[-81,-21],[-213,-56],[-80,-82],[-30,-31],[-54,-9],[-30,-4],[-15,-18],[-62,-74],[-128,-80],[-43,-26],[-25,-57],[-3,-27],[-15,-130],[-56,-45],[-130,7],[-56,61],[-63,69],[-64,-27],[-164,109],[-64,-11],[-16,-26],[-18,-29],[-40,59],[-19,45],[-46,108],[-48,6],[-8,1],[-22,35],[-62,101],[-24,5],[-21,4],[-23,48],[-28,62],[-39,21],[-25,13],[-41,67],[-46,76],[-33,21],[-76,47],[-98,148],[-43,150],[-25,85],[-111,336],[-44,95],[-53,113],[12,131],[19,202],[-31,224],[-5,34],[17,54],[62,202],[19,84],[-6,28],[-14,60],[64,17],[84,23],[90,66],[59,81],[5,17],[37,117],[81,37],[39,17],[47,45],[26,80],[74,70],[51,103],[35,126],[-18,79],[-8,37],[19,29],[13,19],[11,87],[-4,8],[-16,30],[35,86],[15,36],[-12,66],[-6,31],[4,10],[31,70],[-36,47],[-22,30],[-11,64],[68,-10],[81,61],[25,-76],[44,-22],[33,-16],[21,18],[54,43],[40,-2],[0,0],[0,0],[71,62],[40,-33],[34,-65],[70,-133],[77,-30],[41,13],[30,9],[8,-4],[61,-28],[108,28],[93,5],[57,42],[45,33],[53,-59],[9,-10],[15,-6],[136,-50],[47,-69],[1,-2],[2,0],[35,6],[38,-53],[30,-44],[134,56],[81,144],[-8,105],[-8,12],[-37,55],[10,56],[108,117],[97,-55],[1,-116],[-37,-125],[-35,-38],[-8,-2],[-53,-12],[-5,-85],[0,-3],[-5,-80]],[[5534,5721],[50,-31],[16,7],[31,14],[16,-23],[0,-2],[5,0],[123,-1],[25,-29],[2,-4],[4,2],[32,16],[38,-24],[18,-35],[36,-69],[8,-59],[45,-36],[54,16],[2,0],[0,-3],[22,-66],[47,-9],[0,-32],[50,-62],[59,-26],[56,-47],[46,-38],[61,-95],[-2,-60],[-1,-32],[24,-25],[26,-27],[0,-136],[0,-103],[10,-28],[17,-52],[-76,-99],[-59,-140],[-44,-7],[-57,-60],[-34,-52],[-9,-61],[-50,-19],[-88,-122],[-7,-50],[-35,15],[-17,8],[-28,-43],[-27,-41],[-35,-8],[-14,-3],[-17,-21],[-21,-26],[-26,10],[-54,19],[-93,-7],[-65,-37],[-34,-20],[-34,33],[-23,22],[-45,2],[-53,2],[-9,37],[-14,60],[-66,22],[-23,8],[-5,21],[-11,46],[-27,19],[-63,40],[-25,15],[-49,70],[-3,37],[-10,125],[-58,63],[-37,32],[-14,11],[-53,128],[-2,6],[0,10],[3,182],[8,27],[27,101],[-17,110],[-7,53],[23,74],[8,18],[33,74],[-5,47],[0,0],[3,65],[36,76],[46,98],[1,13],[4,53],[28,57],[41,-3],[19,-2],[150,80],[12,18],[25,39],[79,6],[50,-86],[27,-46]],[[1558,12217],[61,-63],[50,5],[23,-34],[63,-25],[87,-35],[56,20],[87,27],[153,49],[51,2],[70,2],[61,-41],[50,-203],[60,-134],[16,-171],[28,-61],[19,-103],[47,-106],[47,-47],[34,-128],[29,-37],[-60,-221],[-108,-141],[-38,-80],[-12,-107],[-60,-107],[24,-117],[53,-139],[26,-201],[18,-100],[-31,-91],[3,-196],[-33,-113],[-3,-116],[-159,-276],[-59,-246],[-22,-41],[-105,-197],[-60,-234],[-35,-137],[-53,-44],[-83,60],[-75,128],[-10,122],[-13,53],[-33,128],[9,134],[0,1],[-29,236],[-56,132],[-66,195],[-33,33],[-31,114],[-47,65],[-14,14],[-24,23],[-1,46],[-1,143],[-130,365],[-22,18],[-2,4],[-78,147],[-13,166],[-1,8],[-59,269],[-30,63],[-10,96],[-65,129],[-2,4],[-81,157],[-4,200],[21,104],[53,96],[38,7],[25,36],[26,36],[6,38],[6,38],[13,6],[4,2],[13,37],[39,112],[14,10],[47,33],[21,35],[34,56],[47,25],[59,30],[27,56],[24,49],[49,21],[46,-30],[12,-57],[2,-6]],[[115743,153368],[33,-61],[83,-55],[27,-8],[21,-6],[48,-54],[93,-104],[114,-78],[35,6],[44,68],[12,9],[108,80],[98,-99],[16,-32],[27,-54],[68,-1],[22,11],[47,25],[69,-32],[13,-7],[108,-1],[14,-1],[1,0],[47,-56],[153,18],[18,23],[23,31],[30,-54],[26,-47],[56,-34],[65,-39],[10,-35],[6,-18],[28,-15],[22,-12],[60,-86],[19,-39],[-6,-107],[20,-45],[0,-23],[0,-52],[224,-204],[82,63],[17,13],[44,13],[134,37],[38,34],[41,37],[109,-55],[19,-32],[24,-41],[50,15],[52,16],[20,-13],[31,-20],[46,22],[46,23],[98,-13],[92,62],[58,1],[23,-52],[111,4],[-20,-68],[-8,-27],[-3,-82],[99,-62],[113,-72],[12,-38],[-7,-101],[-4,-61],[40,-10],[24,-6],[21,-45],[18,-40],[38,-27],[16,-11],[29,-186],[17,-113],[40,-49],[12,-15],[3,-13],[31,-123],[48,-20],[-12,-84],[-27,-38],[-56,-80],[27,-73],[33,-24],[35,-24],[8,-41],[-42,-40],[-80,-75],[-61,-209],[116,58],[34,17],[62,-25],[113,-291],[-137,-157],[-63,-19],[-50,-15],[-38,-88],[49,-15],[31,-10],[41,-55],[4,-70],[2,-47],[15,-20],[18,-25],[-8,-16],[-20,-42],[28,-81],[-11,-41],[32,-40],[410,-93],[212,45],[13,109],[0,2],[2,2],[29,44],[-3,14],[-8,44],[26,36],[32,0],[47,-47],[39,-38],[18,60],[16,52],[64,50],[48,-4],[143,-13],[174,46],[27,52],[5,106],[3,88],[41,98],[41,-49],[25,-31],[144,-48],[47,26],[86,117],[31,-121]],[[118994,140739],[63,-157],[-68,-35],[-42,2],[-15,25],[-17,27],[-56,39],[-148,25],[-108,-6],[-8,-1],[-44,14],[-94,29],[-18,-13],[-45,-33],[-86,29],[-52,18],[-39,-21],[-37,-19],[-17,18],[-17,17],[-204,-13],[-43,-117],[-4,-37],[-7,-59],[-79,-50],[-35,-9],[-14,4],[-19,5],[-35,-4],[-59,-28],[-19,-2],[-12,-32],[47,-21],[7,-3],[-34,-159],[-2,-12],[-22,-1],[-2,-92],[28,-36],[32,-40],[30,-128],[-154,-75],[-49,-12],[-79,-20],[-18,-28],[-6,-8],[-131,-72],[-13,54],[-4,17],[-33,22],[-32,7],[-46,10],[-128,105],[-140,115],[-34,-9],[47,-86],[16,-29],[-25,-30],[-38,-46],[114,-132],[35,-21],[83,-50],[-27,-51],[-23,-4],[-13,-3],[-59,-123],[-55,-14],[-35,-144],[-7,-29],[-17,-12],[-26,-19],[-16,-55],[-16,-53],[-73,-57],[-7,1],[-64,4],[-37,-85],[-22,-52],[-37,4],[-35,4],[-47,-102],[-5,-30],[-9,-53],[-35,-39],[-19,-22],[0,-18],[-1,-49],[21,-22],[-90,-68],[-108,-16],[-176,-28],[-152,-53],[-100,-35],[-79,132],[-17,27],[-17,78],[-90,-48],[-36,-161],[-25,-113],[-46,-34],[-145,37],[-126,32],[-38,-4],[-54,-59],[-4,-51],[-5,-48],[-167,-50],[-105,-9],[-31,8],[-35,9],[-33,-11],[-19,-11],[-40,-24],[-43,2],[-20,2],[-25,-25],[-47,-47],[-238,-113],[-135,29],[-66,133],[-25,37],[-3,33],[-6,58],[-32,-12],[-7,-2],[-39,24],[-17,11],[-18,18],[-30,19],[-18,9],[-53,-45],[-27,-123],[-66,-105],[-13,-47],[-10,-36],[-143,-15],[-26,85],[-12,40],[-96,156],[-13,56],[-106,120],[-161,-154],[-15,-85],[6,-52],[12,-94],[-25,-216],[-52,-12],[-228,43]],[[114537,152007],[99,0],[-8,58],[-4,27],[13,27],[31,61],[-27,58],[-19,40],[6,9],[31,46],[-61,79],[-17,72],[-24,116],[-68,22],[-59,19],[57,122],[40,42],[45,46],[-57,38],[-70,47],[37,41],[7,7],[8,18],[41,88],[18,11],[42,26],[-22,93],[-10,41],[5,12],[22,53],[-11,44],[-25,47],[-25,47],[18,57],[45,35],[49,38],[1,34],[0,37],[83,4],[8,0],[8,5],[87,52],[148,-68],[7,-24],[10,-34],[267,-127],[19,6],[115,37],[168,-105],[17,-11],[161,-32]],[[120533,136906],[-173,-50],[-232,-37],[-70,-11],[-242,-52],[-194,-76],[-220,-100],[-116,-81],[-200,-146],[-26,-32],[-33,-43],[-48,-8],[-76,4],[-24,1],[-15,-6],[-177,-66],[-132,32],[-20,4],[-108,-18],[-29,-23],[-155,-127],[-47,9],[-69,-49],[-166,-33],[-30,-6],[-122,-124],[-88,-168],[-4,-19],[-18,-83],[4,-32],[-50,-71],[-48,-3],[-23,52],[-12,26],[-58,25],[-38,64],[-152,17],[-30,-15],[-176,-85],[-77,20],[-44,-6],[-85,-14],[-87,-65],[-75,-55],[-118,-85],[-31,-9],[-65,-18],[-139,-137],[-131,-190],[-25,-37],[-48,-136],[-98,-53],[-9,-4],[-98,-114],[-77,-123],[-57,-91],[-35,-29],[-42,-35],[-15,-55],[-20,-69],[-119,-173],[-61,-88],[-28,-67],[-39,-92],[-57,-75],[-42,-55],[-19,-52],[-28,-74],[-38,-29],[-104,-79],[-31,-54],[-16,-44],[-62,-13],[-43,-86],[-11,-64],[-10,-65],[-30,-8],[-33,-55],[-49,-28],[-92,-54],[-45,-70],[48,-153],[72,-99],[55,-80],[70,-46],[176,-25],[70,50],[7,33],[-58,68],[-55,29],[-143,74],[18,29],[72,12],[93,-24],[67,-73],[182,-307],[96,-162],[223,-154],[34,61],[30,55],[75,-137],[-58,-173],[-50,-88],[-224,-223],[-204,-93],[-46,-21],[0,-18],[0,-5],[-42,-31],[-100,-75],[-34,-39],[-72,-86],[-46,-63],[0,36],[21,38],[-26,8],[-88,28],[-116,-34],[-34,19],[-112,-25],[-126,-92],[-2,-1],[-213,-47],[-5,0],[-147,1],[-139,-183],[-254,-369],[-38,-136],[-58,-114],[-47,-198]],[[113655,130113],[-233,96],[-237,147],[-23,180],[25,75],[19,57],[-50,29],[-54,31],[-25,16],[-16,24],[-68,63],[-13,43],[-8,29],[-64,30],[-230,33],[-106,16],[-45,21],[-114,59],[-45,45],[-36,36],[-15,-5],[-23,-7],[-46,32],[-78,118],[-27,62],[10,152],[104,180],[32,55],[-1,52],[-172,174],[-49,-14],[-89,-26],[-74,147],[-8,77],[-10,89],[-43,-21],[-115,-57],[-45,55],[-51,-19],[-75,46]],[[118115,135997],[-20,-46],[-29,7],[29,44],[20,-5]],[[114837,130775],[-94,-166],[-156,-106],[-88,-58],[-14,-3],[-74,-14],[-24,-5],[-96,17],[-20,3],[-66,58],[-18,16],[-9,23],[-38,85],[96,44],[6,8],[41,55],[72,-8],[39,-4],[163,86],[55,1],[245,3],[-20,-35]],[[28581,15034],[7,-123],[56,-117],[25,-51],[5,-89],[-21,-84],[-42,-135],[-40,-125],[2,-28],[5,-67],[-8,-24],[-10,-30],[-10,-67],[15,-54],[12,-45],[-13,-66],[-48,-34],[-6,-5],[-2,-11],[-11,-77],[-58,-68],[-4,-54],[-49,-9],[0,0],[-122,-112],[-15,-40],[-4,-11],[-15,-11],[-104,-69],[-15,-62],[-7,-29],[-95,-28],[-161,-47],[-81,-34],[-45,-61],[-2,-3],[-58,-98],[-102,-54],[-8,-3],[-17,-20],[-44,-49],[-99,6],[-107,7],[-148,-35],[-115,-61],[-120,-81],[-44,-199],[-19,-83],[-22,-29],[-25,-33],[-81,-128],[-7,-20],[-23,-73],[-68,-79],[-16,68],[-12,47],[-57,74],[-48,-21],[-13,-5],[-9,6],[-88,61],[-73,-54],[-4,-4],[-6,4],[-75,46],[-77,-40],[-40,-21],[-28,54],[10,85],[-1,5],[-32,176],[46,65],[86,32],[64,170],[110,148],[-10,198],[-11,202],[19,73],[4,16],[-3,23],[-16,125],[25,165],[1,1],[2,17],[81,231],[15,16],[32,33],[23,33],[134,192],[18,27],[18,8],[78,39],[35,71],[20,42],[189,63],[49,-19],[47,-19],[24,59],[11,26],[17,8],[74,32],[39,97],[133,103],[-19,41],[-5,10],[14,41],[47,6],[54,10],[11,-28],[13,-35],[36,-8],[39,53],[40,57],[99,78],[42,5],[78,-26],[97,-116],[32,-39],[38,-14],[96,68],[65,127],[39,107],[3,40],[13,181],[54,136],[44,197],[24,43],[23,39],[7,49],[5,36],[148,184],[47,-91],[66,-21],[156,-163],[14,-38],[4,-10],[27,-74],[-6,-132],[-49,-271],[-44,-44],[-62,-62],[-107,-192]],[[28419,16213],[-93,-186],[-50,2],[-50,-63],[-44,7],[-33,-30],[-60,39],[-23,49],[23,66],[105,103],[6,78],[28,70],[-2,116],[65,217],[36,-7],[67,-96],[77,-14],[46,-73],[5,-75],[-72,-63],[-31,-140]],[[28267,17632],[-43,-11],[-42,29],[-2,11],[-8,36],[0,54],[0,26],[48,118],[20,11],[59,32],[20,11],[61,-39],[23,-44],[20,-37],[-17,-50],[-14,-42],[-17,-15],[-27,-25],[-28,-51],[-53,-14]],[[28162,16690],[-51,-23],[9,152],[54,16],[-12,-145]],[[12369,9419],[42,-149],[-36,-92],[-4,-12],[-10,-84],[-1,-9],[14,-42],[-30,7],[-20,5],[-18,-34],[-46,-88],[-57,8],[0,0],[-72,-40],[-51,-55],[-23,-26],[-15,-4],[-28,-7],[-16,-28],[-50,-80],[-184,-101],[-57,-31],[-52,-116],[-15,-102],[-12,-83],[-38,-26],[-78,-51],[-54,-107],[-18,-35],[-63,-72],[-104,-175],[-80,-82],[-40,-3],[-27,-3],[-34,-49],[-135,-175],[-59,-271],[18,-126],[1,-8],[20,-88],[18,-117],[-16,-140],[-34,-54],[-49,-80],[-42,-67],[-28,-193],[-3,-19],[-40,-103],[-77,-199],[-7,-40],[-8,-51],[-50,-115],[-36,-82],[3,-88],[1,-31],[-5,-17],[-24,-77],[6,-119],[1,-33],[-6,-20],[-30,-93],[17,-49],[16,-47],[-43,-42],[-42,-40],[-58,-124],[-70,-80],[-4,-50],[-2,-22],[-24,-22],[-22,-20],[-43,-90],[-17,-35],[-15,-20],[-39,-49],[-6,-27],[-15,-76],[-43,-23],[-20,-11],[-14,-47],[-14,-43],[-36,-41],[-40,-45],[-16,-51],[-6,-16],[-10,-11],[-91,-94],[0,-59],[1,-48],[-26,-45],[-27,-10],[-24,24],[-31,31],[-238,-34],[-165,-98],[-35,-61],[-11,-19],[-24,-7],[-14,-5],[-9,-13],[-26,-37],[-33,12],[-84,33],[-83,-77],[-28,-26],[-129,73],[-26,53],[6,120],[2,52],[-40,188],[-69,40],[-76,44],[10,62],[8,54],[-31,214],[-57,68],[-62,72],[-13,39],[-15,46],[-32,24],[-34,26],[-174,423],[-11,36],[-10,35],[3,65],[-46,91],[-35,24],[-10,8],[-47,135],[-20,55],[-19,40],[-14,29],[-23,193],[-30,125],[28,128],[12,54],[-16,60],[-23,22],[-28,26],[-19,52],[-42,24],[-14,86],[-6,39],[-55,109],[-38,35],[-10,8],[-1,12],[-12,91],[-71,85],[-28,105],[-78,66],[-59,49],[-17,89],[51,94],[69,35],[50,-7],[10,-1],[196,122],[18,35],[13,16],[46,60],[117,52],[81,-102],[37,-47],[29,0],[48,0],[15,-15],[13,-13],[124,1],[57,0],[16,-7],[59,-26],[36,43],[39,45],[36,11],[9,-13],[22,-32],[33,61],[22,40],[33,-12],[57,-20],[47,39],[8,40],[5,23],[21,-9],[39,-18],[39,19],[12,45],[7,26],[86,0],[15,-13],[34,-32],[50,23],[3,1],[3,-2],[44,-30],[71,12],[129,-14],[6,9],[28,41],[22,-4],[35,-6],[106,97],[58,56],[46,46],[64,-3],[121,-5],[122,76],[12,37],[33,103],[50,-13],[25,18],[53,38],[21,51],[-1,9],[-11,52],[48,48],[27,3],[19,1],[9,44],[5,22],[1,32],[27,40],[47,72],[57,52],[20,19],[18,86],[44,220],[58,99],[160,187],[33,1],[18,1],[67,2],[123,97],[3,2],[2,1],[53,10],[8,60],[11,86],[38,57],[37,3],[18,-33],[14,-27],[45,16],[50,-35],[52,7],[12,17],[23,35],[63,-34],[21,39],[87,-57],[84,7],[76,-37],[40,-19],[189,83],[76,63],[49,41],[88,39],[130,-58],[13,-58],[5,-20],[4,-4],[32,-30]],[[12186,9654],[-5,-50],[-31,25],[17,34],[19,-9]],[[8522,7492],[-9,-38],[-30,22],[20,39],[19,-23]],[[110291,113587],[48,-62],[89,-82],[177,-81],[43,8],[91,-50],[44,3],[19,12],[25,18],[22,0],[147,-67],[92,-21],[33,-37],[20,-23],[27,-12],[12,-6],[3,-5],[44,-84],[40,-37],[40,-19],[28,22],[19,-7],[62,-25],[22,-32],[22,-7],[24,-40],[17,-28],[34,-31],[29,-24],[141,-118],[-42,-51],[-20,-26],[7,-125],[122,-205],[59,-16],[39,-10],[19,-124],[43,-95],[-21,-65],[-70,-30],[-52,7],[-35,5],[-142,-143],[-72,-67],[-50,-110],[-10,-13],[-12,1],[-5,-59],[-5,-59],[-7,-16],[-19,-44],[-17,44],[-2,5],[-5,12],[-65,6],[-53,-23],[-17,-7],[-47,-85],[-6,-10],[-12,0],[-29,0],[-70,-34],[-72,-119],[-56,-145],[1,-24],[1,-79],[-66,33],[-56,29],[-105,-44],[-38,-49],[-29,-38],[-38,17],[-69,30],[-27,-34],[-53,13],[-76,-41],[-85,-88],[-159,-270],[-52,-143],[7,-57],[42,-46],[36,-40],[-45,-42],[-18,-18],[-15,-31],[-33,-67],[-40,-79],[-136,-149],[-56,26],[-16,31],[-16,32],[-184,30],[-76,-30],[-42,-74],[-15,-28],[-12,-2],[-12,-1],[-15,-27],[-25,-44],[-45,-6],[-104,-15],[-132,-54],[-78,-68],[-30,-26],[-125,-41],[-59,-20],[-201,-115],[-144,-150],[-115,-118],[-3,-3],[-179,-126],[-45,-66],[-45,-83],[-6,-37],[-13,-87],[-30,-26],[-30,-26],[-41,-286],[-3,-223],[5,-15],[23,-58],[-153,6],[-12,22],[-11,18],[-17,29],[-58,19],[-239,-207],[-5,-18],[-14,-55],[-30,15],[-19,9],[-52,-34],[-72,-228],[-20,-139],[2,-224],[17,-160],[38,-351],[15,-149],[-16,-79],[-44,-71],[-118,-60],[-55,8],[-102,16],[-195,-33],[-106,-126],[-34,-86],[-10,-26],[-39,-98],[-28,-60],[-22,-62],[-17,-66],[-9,-76],[-71,-733],[1,-266],[-13,-178],[11,-45],[15,-55],[-20,-30],[-11,-18],[-9,-59],[-8,-57],[-64,-89],[-75,-32],[-14,4],[-39,13],[-49,-48],[-47,-142],[-3,-51],[-8,-106],[-24,-1],[-14,-1],[-43,-60],[-23,-132],[5,-53],[5,-43],[-34,5],[-25,3],[-67,-52],[-56,-104],[-11,-94],[-12,-124],[-4,-49],[-7,-16],[-33,-78],[-6,-150]],[[104866,112551],[77,-24],[8,-71],[4,-29],[50,-40],[50,14],[96,26],[134,-22],[92,-182],[51,-99],[-5,-51],[33,-39],[62,37],[25,15],[18,-1],[84,-5],[45,21],[20,32],[32,52],[135,20],[119,62],[-1,30],[70,-24],[-12,-19],[-12,-8],[4,-5],[12,-14],[13,4],[29,1],[0,0],[26,15],[19,-27],[11,-5],[41,-100],[26,-62],[30,18],[73,42],[51,-76],[20,-30],[78,3],[63,2],[59,-26],[22,-184],[13,-105],[66,-122],[62,-5],[31,54],[94,73],[17,17],[79,86],[134,59],[46,20],[26,40],[74,113],[80,49],[94,58],[0,74],[-2,50],[-48,-1],[-34,15],[-11,12],[-15,24],[-4,37],[-23,32],[-12,2],[-54,-40],[-118,-88],[-30,8],[-128,153],[-58,248],[214,91],[35,8],[37,8],[42,25],[37,22],[59,2],[9,-10],[20,-5],[5,-4],[26,-18],[28,-1],[193,-22],[107,31],[2,20],[1,8],[5,45],[43,24],[37,24],[19,9],[73,59],[5,2],[33,15],[134,51],[11,67],[64,-25],[58,-22],[164,148],[10,27],[14,39],[4,33],[36,22],[119,20],[2,0],[11,16],[63,98],[11,66],[23,-2],[48,4],[13,-26],[19,-26],[30,-40],[40,-29],[55,-58],[80,-41],[88,-13],[1,1],[22,18],[16,-29],[1,-1],[53,-41],[56,14],[152,46],[-4,67],[14,21],[20,30],[70,74],[71,22],[17,5],[5,12],[23,51],[7,-39],[36,-118],[0,0],[-6,-46],[-2,-69],[43,-20],[129,77],[142,84],[15,-2],[47,-9],[34,51],[8,12],[94,54],[36,-79],[15,-34],[99,-96],[25,-78],[80,42],[19,114],[-41,59],[-22,31],[-8,56]],[[111929,112244],[-29,-10],[6,51],[23,6],[0,-47]],[[109749,109707],[-15,-19],[-35,14],[24,35],[26,-30]],[[107680,106287],[-27,-15],[-30,24],[34,20],[23,-29]],[[107612,106309],[-19,-24],[-27,33],[35,20],[11,-29]],[[114725,123833],[-11,-35],[-36,8],[18,34],[29,-7]],[[113655,130113],[-64,-200],[-122,-273],[-114,-172],[-76,-166],[-22,-35],[-24,-36],[-14,-44],[-46,-141],[-81,-127],[-33,-52],[-72,-297],[-7,-68],[0,-8],[18,-53],[-34,-3],[-10,-1],[-41,-53],[-40,-104],[-5,-13],[-21,-26],[-93,-117],[-77,-141],[0,-3],[-33,-137],[-72,-54],[-32,-108],[-59,-79],[-66,-60],[-45,-83],[-60,-39],[-16,-11],[-80,-121],[-35,-138],[-50,-199],[-53,-66],[-44,-17],[-112,-41],[-176,-170],[-93,-161],[-152,-413],[-56,-200],[-26,-96],[-1,-46],[-1,-67],[-32,-13],[-34,-15],[-43,-92],[-32,-70],[-112,-79],[-94,-10],[-10,0],[-38,-1],[-185,-185],[-77,-222],[-15,-55],[-97,-344],[-55,-83],[-19,-30],[-15,-90],[-22,-130],[-49,-259],[-27,-63],[-358,-463],[-27,-21],[-37,-30],[-103,-187],[-165,-330],[-175,-391],[-33,-63],[-9,-25],[-29,-61],[-10,-14],[-6,-17],[-21,-34],[-14,-29],[-99,-243]],[[109373,122025],[-43,24],[-229,150],[-106,29],[-56,15],[-69,70],[-16,46],[6,53],[0,3],[-23,100],[-35,45],[-68,70],[-24,33],[-68,119],[-45,28],[-75,17],[-61,-13],[-1,0],[-1,0],[-69,8],[-45,-12],[-125,1],[-65,-103],[-20,-99],[15,-14],[22,-21],[1,-35],[-8,-38],[-12,-5],[-113,-218],[-31,-7],[-44,-10],[-71,-59],[-38,-31],[-10,-64],[-6,-18],[-29,-95],[-86,-37],[-70,113],[-14,27],[-12,23],[-12,8],[-33,22],[-96,136],[-34,89],[-13,34],[-21,121],[-30,72],[-101,172],[-107,-5],[-61,-52],[-113,-175],[-1,-53],[-11,-53],[-14,-61],[-42,-151],[-59,14],[-130,18],[-71,15],[-69,38],[-61,39],[9,83],[11,87],[8,172],[18,37],[-12,66],[-18,98],[-8,42],[-8,110],[-11,51],[-12,81],[-38,30],[-34,14],[-4,1],[-5,5],[-73,68],[-37,23],[-22,26],[-97,-182],[-22,-116],[-12,-62],[-61,-31],[-72,53],[-20,96],[-4,16],[-8,6],[-29,21],[-78,151],[-68,152],[-29,65],[-115,113],[-34,7]],[[109373,122025],[-21,-83],[-16,-53],[-13,-57],[-29,-177],[0,-2],[-13,-135],[-43,-167],[-34,-12],[-3,-2],[-2,-7],[-22,-70],[-64,-66],[-48,-50],[-121,-200],[-55,-168],[-8,-35],[-68,-289],[-36,-63],[-19,-33],[-37,-73],[-23,-44],[-13,-25],[-40,-78],[-16,-45],[-10,-26],[-10,-29],[-25,-76],[-6,-30],[-12,-66],[-10,-109],[-5,-127],[6,-127],[5,-115],[-22,-1],[-31,-2],[24,-55],[3,-8],[2,-69],[-20,-25],[-22,-29],[-15,-64],[13,-54],[-7,-51],[45,-328],[140,-611],[179,-538],[180,-540],[66,-161],[14,-34],[83,-204],[-14,-46],[-69,-21],[-28,-9],[-30,-131],[20,-219],[3,-36],[61,-230],[32,-118],[137,-477],[111,-280],[128,-260],[44,-90],[11,-37],[26,-91],[66,-126],[11,-13],[8,-15],[32,-55],[36,-60],[9,-11],[8,-17],[68,-106],[236,-343],[191,-234]],[[120554,115078],[-39,-8],[-40,54],[57,13],[22,-59]],[[119890,115899],[5,-69],[2,-21],[100,-122],[58,13],[54,13],[27,7],[78,-17],[42,-41],[11,-35],[-10,-65],[29,-46],[-27,-27],[-37,0],[-10,0],[-19,-55],[-7,-59],[19,-71],[58,-78],[37,-49],[1,-34],[2,-11],[7,-37],[9,0],[56,0],[-8,-97],[-48,18],[-24,9],[-66,-68],[-8,-61],[-51,-13],[-40,-146],[0,-29],[-1,-72],[-46,13],[-28,8],[-22,6],[-68,-13],[-44,-76],[-34,12],[-40,-40],[-9,-149],[-7,-107],[-28,-24],[-12,-10],[7,-7],[18,-19],[-1,-41],[-42,1],[-59,1],[-25,-84],[-12,-40],[-73,-43],[-10,-7],[-10,-13],[-98,-141],[-45,0],[-4,0],[-23,38],[-40,-8],[-17,-61],[-88,43],[-13,-32],[16,-28],[3,-6],[-7,-51],[-56,6],[-35,3],[-77,-134],[-39,-139],[10,-43],[9,-43],[-26,-207],[18,-156],[-55,43],[-65,50],[-25,-48],[-13,-24],[-49,-20],[-14,100],[-13,86],[-48,110],[-84,82],[-59,-18],[-30,-9],[-40,-58],[-66,61],[-61,-55],[-21,19],[25,45],[-27,46],[-12,23],[-95,16],[-17,12],[-27,-4],[-12,13],[-39,-21],[-42,-101],[-35,-83],[-30,-25],[-35,90],[-15,39],[-31,13],[-54,23],[-15,44],[3,100],[0,15],[-11,11],[-19,19],[-35,109],[38,96],[13,100],[20,30],[37,57],[24,86],[-65,110],[-14,10],[-23,16],[-19,62],[8,9],[44,48],[20,47],[15,37],[23,-33],[1,-2],[4,3],[42,31],[-1,-27],[0,-11],[18,-16],[101,30],[23,-21],[79,41],[32,17],[30,-11],[88,-31],[29,48],[-2,34],[-61,25],[-10,57],[-17,21],[-39,47],[-11,52],[33,48],[49,73],[-18,27],[-7,67],[-9,93],[98,125],[83,58],[13,9],[3,11],[16,46],[25,4],[64,10],[19,91],[2,11],[10,3],[35,11],[4,7],[40,79],[21,-5],[14,-63],[4,-20],[31,-16],[53,23],[13,28],[44,97],[44,9],[54,-31],[3,-2],[51,16],[7,19],[35,95],[24,22],[59,-54],[33,-30],[59,67],[5,15],[15,48],[95,44],[35,40],[52,-18],[39,71],[22,-46],[19,-42],[41,1],[29,33],[2,57],[2,30],[29,-14],[10,-5],[6,14],[16,39],[89,19],[42,-25]],[[119468,111944],[47,-126],[0,0],[9,-96],[88,-116],[56,-55],[47,-46],[106,-62],[48,41],[78,67],[40,34],[68,24],[80,-123],[15,-128],[-61,-117],[-34,-24],[-232,14],[-95,105],[-31,34],[-177,141],[-88,39],[-49,1],[-46,0],[-62,-43],[-31,-80],[-22,-54],[-69,-64],[-79,-124],[-66,-64],[-41,-7],[-23,52],[13,179],[1,23],[-6,44],[-19,138],[-5,34],[11,26],[34,77],[-49,210],[37,54],[54,80],[32,-44],[37,-51],[57,3],[-3,51],[-4,52],[45,27],[24,14],[27,83],[29,89],[22,-69],[49,-152],[70,-83],[33,-4],[35,-4]],[[119522,112648],[0,-1],[-1,0],[-12,3],[-34,72],[26,15],[24,-19],[-3,-70]],[[119392,113754],[-7,-8],[-24,26],[7,9],[19,22],[18,-37],[-13,-12]],[[119259,112405],[-16,-25],[-20,32],[23,32],[7,-17],[8,-18],[-2,-4]],[[119188,112667],[44,-160],[-71,16],[-24,42],[7,47],[8,50],[32,17],[4,-12]],[[119114,112906],[4,-50],[-22,0],[-12,43],[30,7]],[[117944,114412],[-16,-20],[-21,19],[-2,2],[9,43],[28,-41],[2,-3]],[[117928,114511],[-30,-20],[-51,74],[24,80],[29,25],[-3,-89],[31,-70]],[[117899,113403],[-12,-24],[-13,6],[-23,11],[20,26],[6,7],[22,-26]],[[117851,113402],[-32,-45],[-58,25],[49,47],[41,-27]],[[117832,114307],[-24,-17],[-29,23],[31,23],[22,-29]],[[117637,114450],[-15,-20],[-29,17],[8,39],[36,-36]]],"transform":{"scale":[0.00016431468667282633,9.902487651034039e-05],"translate":[-18.160019171016827,27.638498635459968]},"objects":{"NUTS_RG_01M_2024_4326":{"type":"GeometryCollection","geometries":[{"arcs":[[[0,1,2,3]],[[4]],[[5]]],"type":"MultiPolygon","properties":{"harmonised_name":"Asturias","harmonised_code":"I_33"}},{"arcs":[[6,7,8,9,10,11,12,13,14]],"type":"Polygon","properties":{"harmonised_name":"Cuenca","harmonised_code":"I_16"}},{"arcs":[[15,16,17,18,19,20,21,22],[23],[24]],"type":"Polygon","properties":{"harmonised_name":"Zaragoza","harmonised_code":"I_50"}},{"arcs":[[25,26,27,28,29,30,31,-2,32],[33]],"type":"Polygon","properties":{"harmonised_name":"Leon","harmonised_code":"I_24"}},{"arcs":[[[-19,34,-15,35,36,37]],[[38]]],"type":"MultiPolygon","properties":{"harmonised_name":"Guadalajara","harmonised_code":"I_19"}},{"arcs":[[[-14,39,40,41,-36],[-39]],[[42]],[[43,44]]],"type":"MultiPolygon","properties":{"harmonised_name":"Madrid","harmonised_code":"I_28"}},{"arcs":[[45,-45,46,-41,47,48,49,50]],"type":"Polygon","properties":{"harmonised_name":"Avila","harmonised_code":"I_05"}},{"arcs":[[[51,52,-26,53],[54]],[[55,56]],[[57]],[[58]],[[59]],[[60]]],"type":"MultiPolygon","properties":{"harmonised_name":"Palencia","harmonised_code":"I_34"}},{"arcs":[[61,-50,62,63,64]],"type":"Polygon","properties":{"harmonised_name":"Salamanca","harmonised_code":"I_37"}},{"arcs":[[[65]],[[66,67,68,69,70,71,72,-52,73,-56,74,75],[-58],[-59],[-61]],[[76]],[[77]],[[78]],[[-55]]],"type":"MultiPolygon","properties":{"harmonised_name":"Burgos","harmonised_code":"I_09"}},{"arcs":[[79,-37,-42,-47,-44,-46,80,-72]],"type":"Polygon","properties":{"harmonised_name":"Segovia","harmonised_code":"I_40"}},{"arcs":[[-13,81,82,83,84,85,-48,-40],[-43]],"type":"Polygon","properties":{"harmonised_name":"Toledo","harmonised_code":"I_45"}},{"arcs":[[[86,-75,-57,-74,-54,-33,-1,87],[-79],[-60]],[[88]],[[89]]],"type":"MultiPolygon","properties":{"harmonised_name":"Cantabria","harmonised_code":"I_39"}},{"arcs":[[-20,-38,-80,-71,90]],"type":"Polygon","properties":{"harmonised_name":"Soria","harmonised_code":"I_42"}},{"arcs":[[91,92,93,-69,94,-67,95],[-66]],"type":"Polygon","properties":{"harmonised_name":"Alava","harmonised_code":"I_01"}},{"arcs":[[96,97,-92,98,99]],"type":"Polygon","properties":{"harmonised_name":"Gipuzkoa","harmonised_code":"I_20"}},{"arcs":[[[-99,-96,-76,-87,100],[-89]],[[101]],[[-68,-95]],[[102]]],"type":"MultiPolygon","properties":{"harmonised_name":"Bizkaia","harmonised_code":"I_48"}},{"arcs":[[[103,104,105]],[[106]],[[107]],[[108]],[[109]],[[110]],[[111]],[[112]]],"type":"MultiPolygon","properties":{"harmonised_name":"A Coruna","harmonised_code":"I_15"}},{"arcs":[[[-53,-73,-81,-51,-62,113,-27]],[[-34]],[[114,-29]]],"type":"MultiPolygon","properties":{"harmonised_name":"Valladolid","harmonised_code":"I_47"}},{"arcs":[[[-3,-32,115,116,-104,117]],[[118]],[[119]]],"type":"MultiPolygon","properties":{"harmonised_name":"Lugo","harmonised_code":"I_27"}},{"arcs":[[[120,-22,121,-93,-98,122]],[[-24]],[[-25]]],"type":"MultiPolygon","properties":{"harmonised_name":"Navarra","harmonised_code":"I_31"}},{"arcs":[[-94,-122,-21,-91,-70],[-77],[-78]],"type":"Polygon","properties":{"harmonised_name":"La Rioja","harmonised_code":"I_26"}},{"arcs":[[-116,-31,123,124,125]],"type":"Polygon","properties":{"harmonised_name":"Ourense","harmonised_code":"I_32"}},{"arcs":[[-115,-28,-114,-65,126,-124,-30]],"type":"Polygon","properties":{"harmonised_name":"Zamora","harmonised_code":"I_49"}},{"arcs":[[127,128,129,130,131,-11,132]],"type":"Polygon","properties":{"harmonised_name":"Albacete","harmonised_code":"I_02"}},{"arcs":[[133,134,-23,-121]],"type":"Polygon","properties":{"harmonised_name":"Huesca","harmonised_code":"I_22"}},{"arcs":[[[-117,-126,135,-105]],[[136]],[[137]],[[138]],[[139]],[[140]],[[141]],[[142]],[[143]],[[144]],[[145]],[[146]],[[147]],[[148]],[[149]],[[150]]],"type":"MultiPolygon","properties":{"harmonised_name":"Pontevedra","harmonised_code":"I_36"}},{"arcs":[[[-12,-132,151,152,153,-82]],[[154,-84]]],"type":"MultiPolygon","properties":{"harmonised_name":"Ciudad Real","harmonised_code":"I_13"}},{"arcs":[[155,156,157,-9,158,-7,-35,-18]],"type":"Polygon","properties":{"harmonised_name":"Teruel","harmonised_code":"I_44"}},{"arcs":[[[159]],[[160]],[[161]],[[162]],[[163]],[[164]],[[165]],[[166]]],"type":"MultiPolygon","properties":{"harmonised_name":"Illes Balears","harmonised_code":"I_07"}},{"arcs":[[[167]],[[168]],[[169]],[[170]],[[171]]],"type":"MultiPolygon","properties":{"harmonised_name":"Illes Balears","harmonised_code":"I_07"}},{"arcs":[[[172,173,174]],[[175]]],"type":"MultiPolygon","properties":{"harmonised_name":"Almeria","harmonised_code":"I_04"}},{"arcs":[[[176,177,178,179]],[[180]],[[181]],[[182]],[[183]]],"type":"MultiPolygon","properties":{"harmonised_name":"Cadiz","harmonised_code":"I_11"}},{"arcs":[[[184,185,186,187,188,-153]],[[189]],[[190]],[[191]],[[192]]],"type":"MultiPolygon","properties":{"harmonised_name":"Cordoba","harmonised_code":"I_14"}},{"arcs":[[193,-174,194,195,-186,196,-130]],"type":"Polygon","properties":{"harmonised_name":"Granada","harmonised_code":"I_18"}},{"arcs":[[-189,197,198,199,200,-85,-155,-83,-154]],"type":"Polygon","properties":{"harmonised_name":"Badajoz","harmonised_code":"I_06"}},{"arcs":[[201,-179,202,-199]],"type":"Polygon","properties":{"harmonised_name":"Huelva","harmonised_code":"I_21"}},{"arcs":[[-197,-185,-152,-131]],"type":"Polygon","properties":{"harmonised_name":"Jaen","harmonised_code":"I_23"}},{"arcs":[[-49,-86,-201,203,-63]],"type":"Polygon","properties":{"harmonised_name":"Caceres","harmonised_code":"I_10"}},{"arcs":[[-196,204,-177,205,-187]],"type":"Polygon","properties":{"harmonised_name":"Malaga","harmonised_code":"I_29"}},{"arcs":[[[206,207,208,209],[210],[211],[212]],[[213]]],"type":"MultiPolygon","properties":{"harmonised_name":"Barcelona","harmonised_code":"I_08"}},{"arcs":[[[214,-210,215,216]],[[217]],[[-211]],[[218]]],"type":"MultiPolygon","properties":{"harmonised_name":"Girona","harmonised_code":"I_17"}},{"arcs":[[-188,-206,-180,-202,-198],[-190],[-191],[-192],[-193]],"type":"Polygon","properties":{"harmonised_name":"Sevilla","harmonised_code":"I_41"}},{"arcs":[[[219,220,-175,-194,-129]],[[221]],[[222]],[[223]],[[224]],[[225]],[[226]],[[227]]],"type":"MultiPolygon","properties":{"harmonised_name":"Murcia","harmonised_code":"I_30"}},{"arcs":[[[228]],[[229]]],"type":"MultiPolygon","properties":{"harmonised_name":"Ceuta","harmonised_code":"I_51"}},{"arcs":[[[230]],[[231]],[[232]],[[233]]],"type":"MultiPolygon","properties":{"harmonised_name":"Melilla","harmonised_code":"I_52"}},{"arcs":[[234]],"type":"Polygon","properties":{"harmonised_name":"Canarias","harmonised_code":"I_38"}},{"arcs":[[[235]],[[236]]],"type":"MultiPolygon","properties":{"harmonised_name":"Las Palmas","harmonised_code":"I_35"}},{"arcs":[[237]],"type":"Polygon","properties":{"harmonised_name":"Las Palmas","harmonised_code":"I_35"}},{"arcs":[[238]],"type":"Polygon","properties":{"harmonised_name":"Canarias","harmonised_code":"I_38"}},{"arcs":[[239]],"type":"Polygon","properties":{"harmonised_name":"Canarias","harmonised_code":"I_38"}},{"arcs":[[[240,-216,-209,241,-16,-135,242],[-214]],[[-212]]],"type":"MultiPolygon","properties":{"harmonised_name":"Lleida","harmonised_code":"I_25"}},{"arcs":[[[243,244,-156,-17,-242,-208]],[[-213]],[[245]],[[246]]],"type":"MultiPolygon","properties":{"harmonised_name":"Tarragona","harmonised_code":"I_43"}},{"arcs":[[[247]],[[248]],[[249]],[[250]]],"type":"MultiPolygon","properties":{"harmonised_name":"Canarias","harmonised_code":"I_38"}},{"arcs":[[[251]],[[252]],[[253]]],"type":"MultiPolygon","properties":{"harmonised_name":"Canarias","harmonised_code":"I_38"}},{"arcs":[[[254,-220,-128,255]],[[256]],[[257]],[[258]],[[259]]],"type":"MultiPolygon","properties":{"harmonised_name":"Alicante","harmonised_code":"I_03"}},{"arcs":[[[260]],[[-245,261,262,-157]]],"type":"MultiPolygon","properties":{"harmonised_name":"Castellon","harmonised_code":"I_12"}},{"arcs":[[[-263,263,-256,-133,-10,-158]],[[-8,-159]]],"type":"MultiPolygon","properties":{"harmonised_name":"Valencia","harmonised_code":"I_46"}},{"arcs":[[[264]],[[265]],[[266]],[[267]],[[268]],[[269]],[[270]],[[271]],[[272]],[[273]],[[274]],[[275]],[[276]],[[277]]],"type":"MultiPolygon","properties":{"harmonised_name":"Illes Balears","harmonised_code":"I_07"}}]}}}