{
"type": "FeatureCollection",
"name": "nuts3_poland",
"crs": { "type": "name", "properties": { "name": "urn:ogc:def:crs:OGC:1.3:CRS84" } },
"features": [
{ "type": "Feature", "properties": { "NUTS_ID": "PL811", "LEVL_CODE": 3, "CNTR_CODE": "PL", "NAME_LATN": "Bialski", "NUTS_NAME": "Bialski", "MOUNT_TYPE": null, "URBN_TYPE": 3.0, "COAST_TYPE": null }, "geometry": { "type": "Polygon", "coordinates": [ [ [ 23.178411193654583, 52.283179675027988 ], [ 23.201408145449605, 52.272707687887383 ], [ 23.197781882377267, 52.240091914623534 ], [ 23.207238937353637, 52.227502842064652 ], [ 23.318506957219356, 52.212999510621202 ], [ 23.358891355237262, 52.207735568393907 ], [ 23.427639859405406, 52.17526316526569 ], [ 23.450167648268284, 52.182295903067761 ], [ 23.49016178505935, 52.179200164011171 ], [ 23.493793804018352, 52.151725039971829 ], [ 23.551307354631856, 52.114171334711891 ], [ 23.606320458612377, 52.112156923178944 ], [ 23.640220285201341, 52.081777122611584 ], [ 23.649818081249602, 52.073175922099409 ], [ 23.661696720304658, 52.018906562404005 ], [ 23.683523051848905, 51.991968175319101 ], [ 23.664415033549822, 51.967364198031632 ], [ 23.637673437106336, 51.953208768265348 ], [ 23.640435945082992, 51.934050740918678 ], [ 23.617297130304081, 51.916888604613703 ], [ 23.631308020468019, 51.892693068453987 ], [ 23.624779001480348, 51.877309937133411 ], [ 23.610710878026826, 51.872242807887652 ], [ 23.606593145918296, 51.837458875577617 ], [ 23.637503212204685, 51.799688953627189 ], [ 23.624071598486395, 51.778492986198891 ], [ 23.582189588829255, 51.759565023368197 ], [ 23.557133190515472, 51.757848957882295 ], [ 23.529707538248065, 51.734999660995278 ], [ 23.547869896922577, 51.721603166450997 ], [ 23.556150991700324, 51.697992637792716 ], [ 23.554336472227202, 51.66639123958619 ], [ 23.540101762929879, 51.648768741369736 ], [ 23.544048331931617, 51.602003925496746 ], [ 23.573347831502051, 51.559330772922728 ], [ 23.565977658873273, 51.538174573392915 ], [ 23.609623062754345, 51.528361184508363 ], [ 23.620123249374657, 51.517629998387797 ], [ 23.6174427785087, 51.509536857605774 ], [ 23.631293080920326, 51.490758892365569 ], [ 23.669206955309484, 51.480838491226358 ], [ 23.671460843504125, 51.473070921484435 ], [ 23.650360969586384, 51.451589286318494 ], [ 23.681174046431693, 51.441304490495924 ], [ 23.681524885097399, 51.427266612294275 ], [ 23.697953568446348, 51.411609387280734 ], [ 23.681257293130951, 51.371432818867156 ], [ 23.661920880477439, 51.360712130285314 ], [ 23.640985924851329, 51.330518047225922 ], [ 23.640543101388527, 51.312445478862458 ], [ 23.653507379682601, 51.290812047264687 ], [ 23.682581270072543, 51.289717437147189 ], [ 23.709220921396842, 51.277648603845677 ], [ 23.609504416951811, 51.266893245797 ], [ 23.59410820406351, 51.27447965412054 ], [ 23.58050780232746, 51.296716333180093 ], [ 23.55777263981307, 51.298487103038596 ], [ 23.554418125838964, 51.316293641242638 ], [ 23.507744153389499, 51.328761858602775 ], [ 23.50641941537291, 51.357521789172615 ], [ 23.479302941648811, 51.372180641069853 ], [ 23.455529988517892, 51.350396219566782 ], [ 23.429325269012899, 51.36172430667785 ], [ 23.350047879617509, 51.352205245033261 ], [ 23.3185069572298, 51.356779740589523 ], [ 23.289138453296776, 51.361039161170289 ], [ 23.269203559027797, 51.329803048231774 ], [ 23.235706679232791, 51.32985263128441 ], [ 23.211953617223056, 51.350304807039443 ], [ 23.176909378691647, 51.357382784127033 ], [ 23.1635458761418, 51.36911961108634 ], [ 23.148952737669127, 51.368208649517307 ], [ 23.098508041618963, 51.365059688848604 ], [ 23.080234713313953, 51.39281163986935 ], [ 23.063667878460716, 51.399922008535654 ], [ 23.066240044051565, 51.417922112369816 ], [ 23.049351717082473, 51.413498379073083 ], [ 23.022593673258516, 51.431132881793125 ], [ 23.003146692309937, 51.420167838988739 ], [ 22.985426573, 51.423704202309395 ], [ 22.975164888549738, 51.465744059448141 ], [ 23.013836363379404, 51.473699260511673 ], [ 23.003393543910494, 51.487833714903431 ], [ 23.013757546860049, 51.503534409422194 ], [ 23.000383637683587, 51.522806026680016 ], [ 22.960215791794781, 51.529129072137444 ], [ 22.952339391648891, 51.532498410166774 ], [ 22.887087263484393, 51.560411730908044 ], [ 22.87657626783923, 51.530668669311105 ], [ 22.857833830690456, 51.529644400070907 ], [ 22.849672207310739, 51.529198369584996 ], [ 22.834710085340308, 51.517816002273818 ], [ 22.792323236190683, 51.520557674458544 ], [ 22.781999817469618, 51.559933575172685 ], [ 22.718277126007418, 51.576140232835513 ], [ 22.659827337629089, 51.594804936616264 ], [ 22.566108009684154, 51.65756918047817 ], [ 22.525420808965634, 51.664369694587968 ], [ 22.474771547161026, 51.695711573585598 ], [ 22.39840697958288, 51.713810647082823 ], [ 22.432391010380865, 51.746633339349266 ], [ 22.394252332543388, 51.798763226341009 ], [ 22.357768902476998, 51.812263766288588 ], [ 22.370476125294505, 51.834535182420673 ], [ 22.360962499711018, 51.843369401612598 ], [ 22.36274086343909, 51.863833231066849 ], [ 22.398824995961945, 51.856893655984344 ], [ 22.42399709067978, 51.861513888179118 ], [ 22.460312881893191, 51.844891456751782 ], [ 22.479136933159271, 51.856418296505311 ], [ 22.492585372885411, 51.882384279948312 ], [ 22.51608672363389, 51.875949245170148 ], [ 22.55297862829558, 51.887569705384507 ], [ 22.574685935556854, 51.881601905957922 ], [ 22.557886132898851, 51.937039170763619 ], [ 22.580414957917377, 51.968128925975236 ], [ 22.631088927413703, 51.972221656120503 ], [ 22.622901384684234, 52.018744640559369 ], [ 22.660548056595601, 52.040763603682585 ], [ 22.663328617331185, 52.081777122669827 ], [ 22.648291928263529, 52.09086100598509 ], [ 22.670333573284722, 52.105809303142856 ], [ 22.699432114277514, 52.11776956170997 ], [ 22.700343709555078, 52.107868467752823 ], [ 22.71827712545268, 52.100766164258481 ], [ 22.752856640747407, 52.093373942429047 ], [ 22.768972843421775, 52.081777122789362 ], [ 22.783595559302498, 52.071254978195704 ], [ 22.827805350608973, 52.080571936587397 ], [ 22.851507462180468, 52.068510175494282 ], [ 22.857833831211515, 52.068241951354487 ], [ 22.900050556170207, 52.066452053718081 ], [ 22.904008951199756, 52.074706281155713 ], [ 22.899484979681446, 52.081777122516911 ], [ 22.892431100469857, 52.092802139725961 ], [ 22.899852801802673, 52.105369670633628 ], [ 22.952339391369847, 52.108819068416324 ], [ 22.959178626606679, 52.109268539245448 ], [ 22.963198985286429, 52.116316880147529 ], [ 22.952339390296359, 52.12575917126491 ], [ 22.937798727546408, 52.138402110309514 ], [ 22.95233939146102, 52.145110914303096 ], [ 22.979199308378824, 52.157503603203352 ], [ 22.983498134593948, 52.172144809298793 ], [ 23.052269693717314, 52.176226878381158 ], [ 23.034527051515088, 52.195506388068154 ], [ 23.034029860081858, 52.216879854777147 ], [ 23.08033772864156, 52.239280186661226 ], [ 23.128408849754603, 52.287841486576802 ], [ 23.148952736619066, 52.281495744445316 ], [ 23.178411193654583, 52.283179675027988 ] ] ] } },
{ "type": "Feature", "properties": { "NUTS_ID": "PL812", "LEVL_CODE": 3, "CNTR_CODE": "PL", "NAME_LATN": "Chełmsko-zamojski", "NUTS_NAME": "Chełmsko-zamojski", "MOUNT_TYPE": null, "URBN_TYPE": 3.0, "COAST_TYPE": null }, "geometry": { "type": "Polygon", "coordinates": [ [ [ 23.709220921396842, 51.277648603845677 ], [ 23.743481293342544, 51.214212852420907 ], [ 23.806680140003749, 51.183618588861847 ], [ 23.823502329369646, 51.164705908769257 ], [ 23.864210166496385, 51.15150074089366 ], [ 23.868329272606971, 51.135803837862767 ], [ 23.854177231206695, 51.123028685328883 ], [ 23.856376933584709, 51.114819658637487 ], [ 23.876592129545411, 51.081956658336956 ], [ 23.908258509480429, 51.072485113488007 ], [ 23.924374714901337, 51.036981272082734 ], [ 23.920252628275318, 51.007874218976617 ], [ 23.958998224020299, 50.986938909397168 ], [ 23.972770774521599, 50.952055204164154 ], [ 24.054017185371762, 50.893391700766095 ], [ 24.142317807017552, 50.866512702462963 ], [ 24.132597323575943, 50.850693913022631 ], [ 24.097886286824789, 50.836671539106291 ], [ 23.995206523344393, 50.837976205833925 ], [ 23.97186691514635, 50.819316808319684 ], [ 23.962393738815024, 50.798712486273168 ], [ 23.976963952141684, 50.773208225215107 ], [ 24.0179642925347, 50.766342852375473 ], [ 24.023393318343221, 50.724245019768048 ], [ 24.070201054764869, 50.713879004890629 ], [ 24.066278007699456, 50.680818681824753 ], [ 24.084948603524023, 50.6663401703875 ], [ 24.085367671605582, 50.642679182253694 ], [ 24.098188497684099, 50.637390112151948 ], [ 24.089797656480489, 50.560079064790855 ], [ 24.069833304429871, 50.50438842830301 ], [ 24.036142810599138, 50.449383136370571 ], [ 24.007437563807041, 50.433623647723103 ], [ 23.996142821323172, 50.415171053382657 ], [ 23.803935551646532, 50.404406243083422 ], [ 23.725242110923304, 50.386467868593087 ], [ 23.701523619518778, 50.371412286603423 ], [ 23.682866318603381, 50.332442868602691 ], [ 23.676666982382567, 50.3305605626716 ], [ 23.642526004599038, 50.320194326950059 ], [ 23.58068970469882, 50.267206625238686 ], [ 23.547642005631669, 50.251601870754016 ], [ 23.51223636962952, 50.264240085268554 ], [ 23.50659542605575, 50.283584175910953 ], [ 23.512497310638089, 50.296269889196957 ], [ 23.414324473377441, 50.30780938555985 ], [ 23.432618849473613, 50.344079693399472 ], [ 23.380161217088254, 50.371633625544014 ], [ 23.369539230873983, 50.392742737642955 ], [ 23.384195427902775, 50.404067109850146 ], [ 23.364930955323114, 50.409060749010067 ], [ 23.318506956610776, 50.390105317269615 ], [ 23.255387364463491, 50.364332886734175 ], [ 23.212340226963299, 50.38883764685712 ], [ 23.181586873675077, 50.393111644407888 ], [ 23.148952736364794, 50.371844663110032 ], [ 23.021391692504363, 50.288715811582648 ], [ 22.95233939129238, 50.294924002268381 ], [ 22.890251492460099, 50.300506053214022 ], [ 22.857833831133902, 50.301035758631691 ], [ 22.754962663831506, 50.30271667996972 ], [ 22.718277126610374, 50.295658557020758 ], [ 22.706917861381392, 50.291680508838802 ], [ 22.669138068380384, 50.301553700588535 ], [ 22.655861434379279, 50.301497797805588 ], [ 22.64473793309724, 50.305339020120918 ], [ 22.638222213582804, 50.303077349013222 ], [ 22.617399902286692, 50.31207983883769 ], [ 22.615643172480894, 50.324414222650688 ], [ 22.668497156440626, 50.341598437292234 ], [ 22.675352898640522, 50.352747222982721 ], [ 22.563973301626881, 50.356796273248044 ], [ 22.505572024649329, 50.349445233263282 ], [ 22.465668245683204, 50.364897320643983 ], [ 22.438420731342468, 50.392551696770987 ], [ 22.412542025881173, 50.402282489934549 ], [ 22.417772064351258, 50.417731916877621 ], [ 22.449244410848614, 50.432077491962339 ], [ 22.459054989577293, 50.460014117821046 ], [ 22.537043312396865, 50.454242423243173 ], [ 22.563364447385087, 50.469508120983072 ], [ 22.545083948162802, 50.485107293690817 ], [ 22.564051895027816, 50.502263609945814 ], [ 22.536063509419606, 50.516557004379685 ], [ 22.524137021325352, 50.535831193906056 ], [ 22.531834574395432, 50.563250753053062 ], [ 22.519738001670085, 50.583233544313174 ], [ 22.592586997057346, 50.592567785461377 ], [ 22.678512977295821, 50.643540950614728 ], [ 22.655060195436249, 50.66241613338827 ], [ 22.641961739482792, 50.695254934478498 ], [ 22.617337977748168, 50.711261844763193 ], [ 22.650682263065399, 50.728957246883546 ], [ 22.647550063200818, 50.741871653073751 ], [ 22.668850561576086, 50.774406517086071 ], [ 22.628615531003526, 50.80500859183298 ], [ 22.608859122497815, 50.833111744256271 ], [ 22.578085610103326, 50.838380414043499 ], [ 22.648964478871878, 50.856161358718175 ], [ 22.680841206918906, 50.851163196967171 ], [ 22.718277125397471, 50.880256714738586 ], [ 22.768570203202589, 50.879528127023832 ], [ 22.763551794369736, 50.907644693882574 ], [ 22.794656275604265, 50.927959757755026 ], [ 22.784128820846924, 50.938359945954566 ], [ 22.791269062935935, 50.964062863937869 ], [ 22.836578513762586, 50.976533289400201 ], [ 22.857833831682772, 50.972690909318601 ], [ 22.886393566520745, 50.96752809244105 ], [ 22.911673206450153, 50.975594600137136 ], [ 22.924180193263314, 50.993805201806239 ], [ 22.949205458200311, 51.005142988408856 ], [ 22.949010116053511, 51.019943941167092 ], [ 22.904584652512742, 51.02599404226703 ], [ 22.879160921180279, 51.058044913825697 ], [ 22.924986522617893, 51.118256884105563 ], [ 22.952339391634411, 51.117505570356414 ], [ 22.963227246098814, 51.117206506774721 ], [ 23.024534929988988, 51.08969804797443 ], [ 23.053803610480713, 51.094860011444801 ], [ 23.063938233026757, 51.123863572976511 ], [ 23.048580940994029, 51.132067265480359 ], [ 23.060540897392396, 51.149356785435032 ], [ 23.042658054461082, 51.156187962449138 ], [ 23.038939186396892, 51.193399627964432 ], [ 23.065771133439839, 51.217021400215991 ], [ 23.059450404194486, 51.233707441437375 ], [ 23.089298183644743, 51.242002046302936 ], [ 23.140876062711527, 51.238518265655763 ], [ 23.148952737101414, 51.245031982945697 ], [ 23.16623209366217, 51.258967529648409 ], [ 23.225957035033275, 51.260699060230458 ], [ 23.232637586712393, 51.269497680520992 ], [ 23.218795239298107, 51.278929477019268 ], [ 23.218883743493247, 51.291216631026614 ], [ 23.236794197635231, 51.312080554379179 ], [ 23.269203559027797, 51.329803048231774 ], [ 23.289138453296776, 51.361039161170289 ], [ 23.3185069572298, 51.356779740589523 ], [ 23.350047879617509, 51.352205245033261 ], [ 23.429325269012899, 51.36172430667785 ], [ 23.455529988517892, 51.350396219566782 ], [ 23.479302941648811, 51.372180641069853 ], [ 23.50641941537291, 51.357521789172615 ], [ 23.507744153389499, 51.328761858602775 ], [ 23.554418125838964, 51.316293641242638 ], [ 23.55777263981307, 51.298487103038596 ], [ 23.58050780232746, 51.296716333180093 ], [ 23.59410820406351, 51.27447965412054 ], [ 23.609504416951811, 51.266893245797 ], [ 23.709220921396842, 51.277648603845677 ] ] ] } },
{ "type": "Feature", "properties": { "NUTS_ID": "PL814", "LEVL_CODE": 3, "CNTR_CODE": "PL", "NAME_LATN": "Lubelski", "NUTS_NAME": "Lubelski", "MOUNT_TYPE": null, "URBN_TYPE": 2.0, "COAST_TYPE": null }, "geometry": { "type": "Polygon", "coordinates": [ [ [ 23.269203559027797, 51.329803048231774 ], [ 23.236794197635231, 51.312080554379179 ], [ 23.218883743493247, 51.291216631026614 ], [ 23.218795239298107, 51.278929477019268 ], [ 23.232637586712393, 51.269497680520992 ], [ 23.225957035033275, 51.260699060230458 ], [ 23.16623209366217, 51.258967529648409 ], [ 23.148952737101414, 51.245031982945697 ], [ 23.140876062711527, 51.238518265655763 ], [ 23.089298183644743, 51.242002046302936 ], [ 23.059450404194486, 51.233707441437375 ], [ 23.065771133439839, 51.217021400215991 ], [ 23.038939186396892, 51.193399627964432 ], [ 23.042658054461082, 51.156187962449138 ], [ 23.060540897392396, 51.149356785435032 ], [ 23.048580940994029, 51.132067265480359 ], [ 23.063938233026757, 51.123863572976511 ], [ 23.053803610480713, 51.094860011444801 ], [ 23.024534929988988, 51.08969804797443 ], [ 22.963227246098814, 51.117206506774721 ], [ 22.952339391634411, 51.117505570356414 ], [ 22.924986522617893, 51.118256884105563 ], [ 22.879160921180279, 51.058044913825697 ], [ 22.904584652512742, 51.02599404226703 ], [ 22.949010116053511, 51.019943941167092 ], [ 22.949205458200311, 51.005142988408856 ], [ 22.924180193263314, 50.993805201806239 ], [ 22.911673206450153, 50.975594600137136 ], [ 22.886393566520745, 50.96752809244105 ], [ 22.857833831682772, 50.972690909318601 ], [ 22.836578513762586, 50.976533289400201 ], [ 22.791269062935935, 50.964062863937869 ], [ 22.784128820846924, 50.938359945954566 ], [ 22.794656275604265, 50.927959757755026 ], [ 22.763551794369736, 50.907644693882574 ], [ 22.768570203202589, 50.879528127023832 ], [ 22.718277125397471, 50.880256714738586 ], [ 22.680841206918906, 50.851163196967171 ], [ 22.648964478871878, 50.856161358718175 ], [ 22.578085610103326, 50.838380414043499 ], [ 22.543581830631812, 50.852839705186341 ], [ 22.526483898837984, 50.903264383529006 ], [ 22.467352930421185, 50.918585796657297 ], [ 22.465487526605351, 50.963785260434193 ], [ 22.439403451941036, 50.985099999113586 ], [ 22.393043091714567, 51.003445919177658 ], [ 22.361218447420722, 51.041295796894154 ], [ 22.326555967742959, 51.046884097570732 ], [ 22.265356140526691, 51.033909474166784 ], [ 22.209637486351454, 51.039979278087991 ], [ 22.226238672365017, 51.079460241204771 ], [ 22.223636844431191, 51.119480161664342 ], [ 22.132836412750933, 51.16171298537656 ], [ 22.158602318130317, 51.193870294849354 ], [ 22.159953510521188, 51.210648751878445 ], [ 22.147439981732951, 51.227675064924711 ], [ 22.166260423618908, 51.252082724494066 ], [ 22.25029617742463, 51.26560501199075 ], [ 22.291621118644269, 51.282863574530651 ], [ 22.264710213241713, 51.330119008847177 ], [ 22.278632716834871, 51.349929434464883 ], [ 22.27691632675975, 51.375622449920179 ], [ 22.288441669205447, 51.417095910887419 ], [ 22.246297582802626, 51.434391484818399 ], [ 22.198696169907574, 51.483996026035143 ], [ 22.214549398892963, 51.506204703825368 ], [ 22.246889373636836, 51.513699726030104 ], [ 22.255801234652701, 51.524281509572219 ], [ 22.242231297412335, 51.554084588341205 ], [ 22.198155819499203, 51.588301778494333 ], [ 22.202107639429503, 51.599317007955683 ], [ 22.226263945512645, 51.612437079635903 ], [ 22.20807619230002, 51.643656042439332 ], [ 22.275844516853812, 51.642986336426823 ], [ 22.313276517808209, 51.664674990534969 ], [ 22.351684432433522, 51.657470455318219 ], [ 22.370880858482248, 51.669750331381422 ], [ 22.39840697958288, 51.713810647082823 ], [ 22.474771547161026, 51.695711573585598 ], [ 22.525420808965634, 51.664369694587968 ], [ 22.566108009684154, 51.65756918047817 ], [ 22.659827337629089, 51.594804936616264 ], [ 22.718277126007418, 51.576140232835513 ], [ 22.781999817469618, 51.559933575172685 ], [ 22.792323236190683, 51.520557674458544 ], [ 22.834710085340308, 51.517816002273818 ], [ 22.849672207310739, 51.529198369584996 ], [ 22.857833830690456, 51.529644400070907 ], [ 22.87657626783923, 51.530668669311105 ], [ 22.887087263484393, 51.560411730908044 ], [ 22.952339391648891, 51.532498410166774 ], [ 22.960215791794781, 51.529129072137444 ], [ 23.000383637683587, 51.522806026680016 ], [ 23.013757546860049, 51.503534409422194 ], [ 23.003393543910494, 51.487833714903431 ], [ 23.013836363379404, 51.473699260511673 ], [ 22.975164888549738, 51.465744059448141 ], [ 22.985426573, 51.423704202309395 ], [ 23.003146692309937, 51.420167838988739 ], [ 23.022593673258516, 51.431132881793125 ], [ 23.049351717082473, 51.413498379073083 ], [ 23.066240044051565, 51.417922112369816 ], [ 23.063667878460716, 51.399922008535654 ], [ 23.080234713313953, 51.39281163986935 ], [ 23.098508041618963, 51.365059688848604 ], [ 23.148952737669127, 51.368208649517307 ], [ 23.1635458761418, 51.36911961108634 ], [ 23.176909378691647, 51.357382784127033 ], [ 23.211953617223056, 51.350304807039443 ], [ 23.235706679232791, 51.32985263128441 ], [ 23.269203559027797, 51.329803048231774 ] ] ] } },
{ "type": "Feature", "properties": { "NUTS_ID": "PL815", "LEVL_CODE": 3, "CNTR_CODE": "PL", "NAME_LATN": "Puławski", "NUTS_NAME": "Puławski", "MOUNT_TYPE": null, "URBN_TYPE": 3.0, "COAST_TYPE": null }, "geometry": { "type": "Polygon", "coordinates": [ [ [ 22.39840697958288, 51.713810647082823 ], [ 22.370880858482248, 51.669750331381422 ], [ 22.351684432433522, 51.657470455318219 ], [ 22.313276517808209, 51.664674990534969 ], [ 22.275844516853812, 51.642986336426823 ], [ 22.20807619230002, 51.643656042439332 ], [ 22.226263945512645, 51.612437079635903 ], [ 22.202107639429503, 51.599317007955683 ], [ 22.198155819499203, 51.588301778494333 ], [ 22.242231297412335, 51.554084588341205 ], [ 22.255801234652701, 51.524281509572219 ], [ 22.246889373636836, 51.513699726030104 ], [ 22.214549398892963, 51.506204703825368 ], [ 22.198696169907574, 51.483996026035143 ], [ 22.246297582802626, 51.434391484818399 ], [ 22.288441669205447, 51.417095910887419 ], [ 22.27691632675975, 51.375622449920179 ], [ 22.278632716834871, 51.349929434464883 ], [ 22.264710213241713, 51.330119008847177 ], [ 22.291621118644269, 51.282863574530651 ], [ 22.25029617742463, 51.26560501199075 ], [ 22.166260423618908, 51.252082724494066 ], [ 22.147439981732951, 51.227675064924711 ], [ 22.159953510521188, 51.210648751878445 ], [ 22.158602318130317, 51.193870294849354 ], [ 22.132836412750933, 51.16171298537656 ], [ 22.223636844431191, 51.119480161664342 ], [ 22.226238672365017, 51.079460241204771 ], [ 22.209637486351454, 51.039979278087991 ], [ 22.265356140526691, 51.033909474166784 ], [ 22.326555967742959, 51.046884097570732 ], [ 22.361218447420722, 51.041295796894154 ], [ 22.393043091714567, 51.003445919177658 ], [ 22.439403451941036, 50.985099999113586 ], [ 22.465487526605351, 50.963785260434193 ], [ 22.467352930421185, 50.918585796657297 ], [ 22.526483898837984, 50.903264383529006 ], [ 22.543581830631812, 50.852839705186341 ], [ 22.578085610103326, 50.838380414043499 ], [ 22.608859122497815, 50.833111744256271 ], [ 22.628615531003526, 50.80500859183298 ], [ 22.668850561576086, 50.774406517086071 ], [ 22.647550063200818, 50.741871653073751 ], [ 22.650682263065399, 50.728957246883546 ], [ 22.617337977748168, 50.711261844763193 ], [ 22.641961739482792, 50.695254934478498 ], [ 22.655060195436249, 50.66241613338827 ], [ 22.678512977295821, 50.643540950614728 ], [ 22.592586997057346, 50.592567785461377 ], [ 22.519738001670085, 50.583233544313174 ], [ 22.459044338778284, 50.589772888660747 ], [ 22.419430243644875, 50.582466187938039 ], [ 22.348215903336495, 50.613094378922874 ], [ 22.254229070515972, 50.622127550959618 ], [ 22.211272907299822, 50.663600539018276 ], [ 22.146776339591508, 50.669749922791667 ], [ 22.170754181509476, 50.694448669598565 ], [ 22.201116759972141, 50.753098797122185 ], [ 22.157091508084488, 50.772736663915204 ], [ 22.156955301581501, 50.797787625398655 ], [ 22.052448337437891, 50.818007195822716 ], [ 21.999510617239544, 50.786846123385942 ], [ 21.943765384667394, 50.773521166304128 ], [ 21.880653715813342, 50.78068913223543 ], [ 21.864303560505945, 50.802706542876514 ], [ 21.868124852449338, 50.818330666071411 ], [ 21.842872430313232, 50.840024384142943 ], [ 21.847439484062114, 50.860497331998324 ], [ 21.835813490354951, 50.878304514006807 ], [ 21.829701294339042, 50.892798895467642 ], [ 21.83010727565998, 50.906015913168098 ], [ 21.814496380877653, 50.932130652424256 ], [ 21.812050261614242, 50.948747549987338 ], [ 21.819335713666977, 50.965153639010403 ], [ 21.817204845991647, 50.974017086240572 ], [ 21.821198450663502, 50.987029732352042 ], [ 21.820136859408208, 51.006547255191521 ], [ 21.804325350589973, 51.021222636847099 ], [ 21.803050889405633, 51.02662616869965 ], [ 21.806261865027938, 51.032574073258623 ], [ 21.822660883521305, 51.040855992891899 ], [ 21.825955618588136, 51.047181668142223 ], [ 21.820817084865531, 51.059006475378425 ], [ 21.802997768077383, 51.072078888227196 ], [ 21.787120959393835, 51.188910885287015 ], [ 21.810533939313171, 51.228577142223628 ], [ 21.813650433634095, 51.253482655846334 ], [ 21.846074356662186, 51.275979657579917 ], [ 21.799192650507784, 51.292907286237472 ], [ 21.821307183965327, 51.308022356007065 ], [ 21.847102290194901, 51.358576077413119 ], [ 21.835993139252594, 51.374764971014429 ], [ 21.809002660510934, 51.377819350337425 ], [ 21.76631433823724, 51.402453461936744 ], [ 21.80555287251082, 51.425209471990584 ], [ 21.841062864585588, 51.424427046342949 ], [ 21.866769594991567, 51.470324103465785 ], [ 21.85243029161844, 51.485805611578634 ], [ 21.849711113612997, 51.514583878985398 ], [ 21.820885349487494, 51.559054037211233 ], [ 21.682687304333246, 51.574432636086897 ], [ 21.615542354248838, 51.617561963024954 ], [ 21.637340032601589, 51.627922106600444 ], [ 21.639038010142496, 51.651970732649509 ], [ 21.648662085346626, 51.658395791943157 ], [ 21.718656955860336, 51.635012382196059 ], [ 21.730386536689569, 51.618684523108051 ], [ 21.74601441054967, 51.614914676111219 ], [ 21.762603009611233, 51.639027809258032 ], [ 21.831981976398257, 51.650444302703512 ], [ 21.846636872679674, 51.669744281955289 ], [ 21.875196914510628, 51.679371116480759 ], [ 21.897436186971206, 51.701951904294667 ], [ 21.875449297083222, 51.715860360517603 ], [ 21.867780225557162, 51.731297280648405 ], [ 21.841305145270727, 51.742325740408916 ], [ 21.84091598772973, 51.750941207729817 ], [ 21.953485787753397, 51.795782379533357 ], [ 21.940227659984576, 51.824646729360104 ], [ 21.922563689878707, 51.835893807751134 ], [ 21.86261384692915, 51.832454429030271 ], [ 21.848219706925708, 51.844463241420684 ], [ 21.884370165940496, 51.857941734233542 ], [ 21.908246870665582, 51.887769576466773 ], [ 21.868741912561571, 51.944516037259817 ], [ 21.8915151493261, 51.975419490384517 ], [ 21.937117712206739, 51.991647591501462 ], [ 21.970067044429086, 51.9919828665045 ], [ 22.034266131462367, 52.020760689707579 ], [ 22.110720058528564, 52.002344283499575 ], [ 22.136453883350931, 52.008024590376714 ], [ 22.156763763061228, 52.026124122546143 ], [ 22.25460505370804, 52.006469232665495 ], [ 22.306260449848381, 52.036686405211157 ], [ 22.321291720181677, 52.032998960665815 ], [ 22.323409000291932, 52.008483668433549 ], [ 22.346337699702623, 51.998082627355338 ], [ 22.38227166505466, 52.015269299558064 ], [ 22.43292440250055, 52.018824907331165 ], [ 22.494547318644994, 52.067687318673208 ], [ 22.51191320806365, 52.067136574801346 ], [ 22.557804467586838, 52.042129651706077 ], [ 22.603245288140275, 52.035929368157618 ], [ 22.622901384684234, 52.018744640559369 ], [ 22.631088927413703, 51.972221656120503 ], [ 22.580414957917377, 51.968128925975236 ], [ 22.557886132898851, 51.937039170763619 ], [ 22.574685935556854, 51.881601905957922 ], [ 22.55297862829558, 51.887569705384507 ], [ 22.51608672363389, 51.875949245170148 ], [ 22.492585372885411, 51.882384279948312 ], [ 22.479136933159271, 51.856418296505311 ], [ 22.460312881893191, 51.844891456751782 ], [ 22.42399709067978, 51.861513888179118 ], [ 22.398824995961945, 51.856893655984344 ], [ 22.36274086343909, 51.863833231066849 ], [ 22.360962499711018, 51.843369401612598 ], [ 22.370476125294505, 51.834535182420673 ], [ 22.357768902476998, 51.812263766288588 ], [ 22.394252332543388, 51.798763226341009 ], [ 22.432391010380865, 51.746633339349266 ], [ 22.39840697958288, 51.713810647082823 ] ] ] } },
{ "type": "Feature", "properties": { "NUTS_ID": "PL821", "LEVL_CODE": 3, "CNTR_CODE": "PL", "NAME_LATN": "Krośnieński", "NUTS_NAME": "Krośnieński", "MOUNT_TYPE": 1.0, "URBN_TYPE": 3.0, "COAST_TYPE": null }, "geometry": { "type": "Polygon", "coordinates": [ [ [ 22.814058377249957, 49.025409438344013 ], [ 22.808317304724802, 49.034513371778118 ], [ 22.768277491719303, 49.052841763948216 ], [ 22.762790478378115, 49.052144492035978 ], [ 22.753818128549593, 49.04312621469915 ], [ 22.718277126253327, 49.052254630045162 ], [ 22.680979950950309, 49.041848254863496 ], [ 22.649597508775351, 49.053163441410916 ], [ 22.626876463044457, 49.077239795802363 ], [ 22.594855944154421, 49.093892692420425 ], [ 22.566840213020271, 49.088377401384136 ], [ 22.495945325622035, 49.087981757612148 ], [ 22.455985936431102, 49.1019177706007 ], [ 22.422666524142606, 49.100591561640485 ], [ 22.364329380609142, 49.145272470624768 ], [ 22.311976443163285, 49.137032033816936 ], [ 22.231859655476345, 49.15348251786974 ], [ 22.231519812876535, 49.174533419808576 ], [ 22.22190448134462, 49.183110127750609 ], [ 22.188951601723076, 49.17667497757887 ], [ 22.136350464429281, 49.200203752477293 ], [ 22.057191088444601, 49.213950259884214 ], [ 22.032776299326169, 49.228564710819242 ], [ 22.038304921600645, 49.254167263086089 ], [ 22.031502840480499, 49.278610199674063 ], [ 21.986513157506995, 49.309220188036349 ], [ 21.963795670626261, 49.344873362322424 ], [ 21.901511948879111, 49.353348228773349 ], [ 21.882474317780151, 49.370002351839702 ], [ 21.856036242305979, 49.372140548987858 ], [ 21.83934764473025, 49.389701095522682 ], [ 21.799812729991107, 49.378322815915006 ], [ 21.782960599462793, 49.356766340526761 ], [ 21.759565671729753, 49.383693361146165 ], [ 21.715343009460305, 49.413241463851293 ], [ 21.666449255418467, 49.41547744722584 ], [ 21.628459287526134, 49.445147888152924 ], [ 21.597801346440548, 49.435747321584437 ], [ 21.531309294364632, 49.433068811417485 ], [ 21.514066881293111, 49.421004359055907 ], [ 21.491937108022999, 49.426895646471102 ], [ 21.444151549910387, 49.413104401585791 ], [ 21.397712480363833, 49.433794034909702 ], [ 21.395094184307037, 49.454128154486774 ], [ 21.407676595575811, 49.469594506359904 ], [ 21.393206332473653, 49.48554871699087 ], [ 21.416313357372136, 49.497075429591668 ], [ 21.363269843080225, 49.545139656645276 ], [ 21.375319000937591, 49.57032055160888 ], [ 21.332098292620074, 49.591103149955906 ], [ 21.360054397449858, 49.633746090082994 ], [ 21.344242482249836, 49.661418472461349 ], [ 21.344916781990431, 49.690188162568603 ], [ 21.324816993642198, 49.70016287241058 ], [ 21.327316998510224, 49.718989280509646 ], [ 21.31273586606012, 49.74430155223088 ], [ 21.259398866342618, 49.75461236708373 ], [ 21.24177224644751, 49.776104359478161 ], [ 21.278337570320826, 49.802164798753502 ], [ 21.311872404869373, 49.797958924540701 ], [ 21.341679532630224, 49.814916684672014 ], [ 21.335967544127431, 49.82525523954137 ], [ 21.297149682618553, 49.842863902797795 ], [ 21.302175277358, 49.8554094963959 ], [ 21.313533469760401, 49.839953425560665 ], [ 21.345819141627771, 49.838853912682225 ], [ 21.34880296010774, 49.867776088672443 ], [ 21.358081957919264, 49.871660449740951 ], [ 21.379374842608016, 49.864475418147627 ], [ 21.410683036363263, 49.831154141997018 ], [ 21.477367708540992, 49.840546145288002 ], [ 21.547698927045179, 49.82755277699183 ], [ 21.566236454102107, 49.786225807401991 ], [ 21.62973532735505, 49.801243531040996 ], [ 21.6372339793996, 49.809610664966065 ], [ 21.63443686088263, 49.825084050881365 ], [ 21.661581288773959, 49.841435463527709 ], [ 21.74239328579608, 49.794162178864596 ], [ 21.771045967417454, 49.798999616109747 ], [ 21.810483919151864, 49.783781529535318 ], [ 21.851663211787734, 49.79144854627323 ], [ 21.896981144717678, 49.781880493747487 ], [ 21.92795055040591, 49.789124679241141 ], [ 21.962228969056625, 49.820229825030928 ], [ 22.010976205654561, 49.811041114190196 ], [ 22.020458494902002, 49.83412401009398 ], [ 22.054025233639614, 49.826101402215194 ], [ 22.093683355774903, 49.8338784341692 ], [ 22.152329179271042, 49.785349961650219 ], [ 22.227819181322868, 49.790229669498714 ], [ 22.226015017156989, 49.771479678841871 ], [ 22.294474458759925, 49.74458003588952 ], [ 22.263122167499187, 49.713695161326889 ], [ 22.324560325188902, 49.6982503122072 ], [ 22.331262661830419, 49.665933477259408 ], [ 22.379733519248354, 49.641036584597948 ], [ 22.386988495020734, 49.614483322226988 ], [ 22.425428832518957, 49.594652242808493 ], [ 22.463313100462177, 49.592313576568316 ], [ 22.476732232645368, 49.607251639629936 ], [ 22.530203076500747, 49.631981127389729 ], [ 22.534332020846357, 49.663235912243664 ], [ 22.577641282346448, 49.669679687837601 ], [ 22.60039145249273, 49.610324841522598 ], [ 22.628537736838858, 49.591563468046054 ], [ 22.668582399128681, 49.589623466683598 ], [ 22.686149499637288, 49.573165595725804 ], [ 22.67115580908883, 49.54678654812539 ], [ 22.644727823294932, 49.524495288673386 ], [ 22.658077179097067, 49.504884138510164 ], [ 22.698749001487467, 49.488602827502895 ], [ 22.74411163750851, 49.368166917717588 ], [ 22.748924542474111, 49.317660182736567 ], [ 22.739092949340773, 49.252934387693138 ], [ 22.719902937498272, 49.23252921253021 ], [ 22.735588023431511, 49.211908514813942 ], [ 22.71196697655601, 49.174330125636864 ], [ 22.719321315877593, 49.168988760067009 ], [ 22.746628800510447, 49.179725745867941 ], [ 22.74871074408447, 49.158785101800504 ], [ 22.784421299642659, 49.15398807470811 ], [ 22.82801933544755, 49.116574461531101 ], [ 22.857833830431424, 49.105210575394239 ], [ 22.882116042610246, 49.09595533695871 ], [ 22.869286707266177, 49.056462067779449 ], [ 22.887746363738202, 49.014881767702867 ], [ 22.867805413998749, 49.002845563488641 ], [ 22.857833831094531, 49.003099157769668 ], [ 22.846438473834922, 49.003388961647289 ], [ 22.839564718823429, 49.018915958649018 ], [ 22.833841205476805, 49.025024664389619 ], [ 22.823676889359472, 49.023346240938103 ], [ 22.814058377249957, 49.025409438344013 ] ] ] } },
{ "type": "Feature", "properties": { "NUTS_ID": "PL822", "LEVL_CODE": 3, "CNTR_CODE": "PL", "NAME_LATN": "Przemyski", "NUTS_NAME": "Przemyski", "MOUNT_TYPE": null, "URBN_TYPE": 3.0, "COAST_TYPE": null }, "geometry": { "type": "Polygon", "coordinates": [ [ [ 23.547642005631669, 50.251601870754016 ], [ 23.469757086367895, 50.216499847880648 ], [ 23.447705063837372, 50.20256238685311 ], [ 23.318506957284285, 50.120905770948646 ], [ 23.283089544232407, 50.098521030607223 ], [ 23.148952737158172, 49.979534536436901 ], [ 23.000685768208555, 49.848013838262261 ], [ 22.970603409295219, 49.836092889611017 ], [ 22.957142124770716, 49.80356106561355 ], [ 22.952339391470911, 49.80056751744857 ], [ 22.908125023107502, 49.773008669068012 ], [ 22.857833831486484, 49.722800490747865 ], [ 22.850088871616308, 49.715068315750592 ], [ 22.842186650631373, 49.70717913892053 ], [ 22.799540381267303, 49.687192611184408 ], [ 22.778305872574787, 49.653782545807545 ], [ 22.718277125592625, 49.60264740140849 ], [ 22.686149499637288, 49.573165595725804 ], [ 22.668582399128681, 49.589623466683598 ], [ 22.628537736838858, 49.591563468046054 ], [ 22.60039145249273, 49.610324841522598 ], [ 22.577641282346448, 49.669679687837601 ], [ 22.534332020846357, 49.663235912243664 ], [ 22.530203076500747, 49.631981127389729 ], [ 22.476732232645368, 49.607251639629936 ], [ 22.463313100462177, 49.592313576568316 ], [ 22.425428832518957, 49.594652242808493 ], [ 22.386988495020734, 49.614483322226988 ], [ 22.379733519248354, 49.641036584597948 ], [ 22.331262661830419, 49.665933477259408 ], [ 22.324560325188902, 49.6982503122072 ], [ 22.263122167499187, 49.713695161326889 ], [ 22.294474458759925, 49.74458003588952 ], [ 22.32702000160009, 49.752625182268389 ], [ 22.332959391473686, 49.763545381921347 ], [ 22.298811138828075, 49.797539886785842 ], [ 22.317399342598858, 49.813474294194023 ], [ 22.306435539576679, 49.82632660912784 ], [ 22.306572911376591, 49.867529898741338 ], [ 22.268606617561836, 49.87504217061187 ], [ 22.247861296727798, 49.89181581258017 ], [ 22.234641977449701, 49.927142280231415 ], [ 22.277562098819686, 49.929841229925188 ], [ 22.292939238531734, 49.934276776570933 ], [ 22.297457545585196, 49.946821242576696 ], [ 22.315089988911332, 49.94713348162027 ], [ 22.307631588910262, 49.983995159957189 ], [ 22.314527818718215, 49.99512104918535 ], [ 22.349132762069907, 50.010157493931587 ], [ 22.346097076536996, 50.04532216164251 ], [ 22.376319201391507, 50.058005983653125 ], [ 22.380521973374822, 50.090048637083633 ], [ 22.410632106893363, 50.091855382583738 ], [ 22.422576252453734, 50.106250487737597 ], [ 22.446112666581737, 50.110137862600958 ], [ 22.447906004994614, 50.123075457896569 ], [ 22.523204188857655, 50.133564843974838 ], [ 22.52782913399821, 50.161568128301155 ], [ 22.543342271109292, 50.178602214044268 ], [ 22.541302907452078, 50.195332951000907 ], [ 22.560267856296402, 50.221523346101549 ], [ 22.593817341399124, 50.229131700601798 ], [ 22.579851258449331, 50.25000852150513 ], [ 22.583563043189514, 50.264151984840133 ], [ 22.623203761427646, 50.274300362456103 ], [ 22.638222213582804, 50.303077349013222 ], [ 22.64473793309724, 50.305339020120918 ], [ 22.655861434379279, 50.301497797805588 ], [ 22.669138068380384, 50.301553700588535 ], [ 22.706917861381392, 50.291680508838802 ], [ 22.718277126610374, 50.295658557020758 ], [ 22.754962663831506, 50.30271667996972 ], [ 22.857833831133902, 50.301035758631691 ], [ 22.890251492460099, 50.300506053214022 ], [ 22.95233939129238, 50.294924002268381 ], [ 23.021391692504363, 50.288715811582648 ], [ 23.148952736364794, 50.371844663110032 ], [ 23.181586873675077, 50.393111644407888 ], [ 23.212340226963299, 50.38883764685712 ], [ 23.255387364463491, 50.364332886734175 ], [ 23.318506956610776, 50.390105317269615 ], [ 23.364930955323114, 50.409060749010067 ], [ 23.384195427902775, 50.404067109850146 ], [ 23.369539230873983, 50.392742737642955 ], [ 23.380161217088254, 50.371633625544014 ], [ 23.432618849473613, 50.344079693399472 ], [ 23.414324473377441, 50.30780938555985 ], [ 23.512497310638089, 50.296269889196957 ], [ 23.50659542605575, 50.283584175910953 ], [ 23.51223636962952, 50.264240085268554 ], [ 23.547642005631669, 50.251601870754016 ] ] ] } },
{ "type": "Feature", "properties": { "NUTS_ID": "PL823", "LEVL_CODE": 3, "CNTR_CODE": "PL", "NAME_LATN": "Rzeszowski", "NUTS_NAME": "Rzeszowski", "MOUNT_TYPE": null, "URBN_TYPE": 2.0, "COAST_TYPE": null }, "geometry": { "type": "Polygon", "coordinates": [ [ [ 22.294474458759925, 49.74458003588952 ], [ 22.226015017156989, 49.771479678841871 ], [ 22.227819181322868, 49.790229669498714 ], [ 22.152329179271042, 49.785349961650219 ], [ 22.093683355774903, 49.8338784341692 ], [ 22.054025233639614, 49.826101402215194 ], [ 22.020458494902002, 49.83412401009398 ], [ 22.010976205654561, 49.811041114190196 ], [ 21.962228969056625, 49.820229825030928 ], [ 21.92795055040591, 49.789124679241141 ], [ 21.896981144717678, 49.781880493747487 ], [ 21.851663211787734, 49.79144854627323 ], [ 21.810483919151864, 49.783781529535318 ], [ 21.771045967417454, 49.798999616109747 ], [ 21.74239328579608, 49.794162178864596 ], [ 21.661581288773959, 49.841435463527709 ], [ 21.63443686088263, 49.825084050881365 ], [ 21.6372339793996, 49.809610664966065 ], [ 21.62973532735505, 49.801243531040996 ], [ 21.566236454102107, 49.786225807401991 ], [ 21.547698927045179, 49.82755277699183 ], [ 21.477367708540992, 49.840546145288002 ], [ 21.488110021237869, 49.870777323018928 ], [ 21.516292631781692, 49.899288430228857 ], [ 21.499092174416795, 49.939791372348054 ], [ 21.473699837451232, 49.96693429769546 ], [ 21.470207440343501, 49.988784569642227 ], [ 21.485178306472555, 50.004909492694715 ], [ 21.513535708185042, 50.01682119631193 ], [ 21.517787008718535, 50.032681426717168 ], [ 21.503143190927375, 50.066103464648045 ], [ 21.533388799035631, 50.084965294981863 ], [ 21.559261749738344, 50.119742763298099 ], [ 21.526427212139819, 50.159435801880448 ], [ 21.589611699460601, 50.175991052716213 ], [ 21.602684577605423, 50.190377049912527 ], [ 21.58448378053906, 50.225013907452826 ], [ 21.599991658117162, 50.248982454212879 ], [ 21.548903985649179, 50.275868163095417 ], [ 21.539526412575011, 50.289156825128742 ], [ 21.567503707671289, 50.30228636185263 ], [ 21.579750595429406, 50.333361518646242 ], [ 21.621538206713929, 50.347772536337573 ], [ 21.6091205554795, 50.384107024256515 ], [ 21.631680888158321, 50.394056764051598 ], [ 21.672591628478312, 50.436529730015231 ], [ 21.765179055239322, 50.394325736671377 ], [ 21.790643273842392, 50.410717795941878 ], [ 21.791339830655417, 50.451540664025018 ], [ 21.863171054396314, 50.472076888865665 ], [ 21.860091376857461, 50.44832082611488 ], [ 21.878724833597612, 50.404121256883222 ], [ 21.891861911113054, 50.398666018410054 ], [ 21.923412702705043, 50.407821901234783 ], [ 21.965526572778188, 50.385416502387216 ], [ 21.986581885534925, 50.3448565105112 ], [ 21.97653600544044, 50.32050494364232 ], [ 21.98999194453495, 50.310415849422292 ], [ 22.014581955524214, 50.324529021015138 ], [ 22.075639730296274, 50.338083691872697 ], [ 22.098903068468982, 50.363935934853224 ], [ 22.187434906594326, 50.346531201440698 ], [ 22.204698610220191, 50.27971602825432 ], [ 22.235906291046916, 50.262647725330268 ], [ 22.254427313927856, 50.229462224025404 ], [ 22.356200094776696, 50.173851913270887 ], [ 22.404187734488072, 50.133666429754285 ], [ 22.447906004994614, 50.123075457896569 ], [ 22.446112666581737, 50.110137862600958 ], [ 22.422576252453734, 50.106250487737597 ], [ 22.410632106893363, 50.091855382583738 ], [ 22.380521973374822, 50.090048637083633 ], [ 22.376319201391507, 50.058005983653125 ], [ 22.346097076536996, 50.04532216164251 ], [ 22.349132762069907, 50.010157493931587 ], [ 22.314527818718215, 49.99512104918535 ], [ 22.307631588910262, 49.983995159957189 ], [ 22.315089988911332, 49.94713348162027 ], [ 22.297457545585196, 49.946821242576696 ], [ 22.292939238531734, 49.934276776570933 ], [ 22.277562098819686, 49.929841229925188 ], [ 22.234641977449701, 49.927142280231415 ], [ 22.247861296727798, 49.89181581258017 ], [ 22.268606617561836, 49.87504217061187 ], [ 22.306572911376591, 49.867529898741338 ], [ 22.306435539576679, 49.82632660912784 ], [ 22.317399342598858, 49.813474294194023 ], [ 22.298811138828075, 49.797539886785842 ], [ 22.332959391473686, 49.763545381921347 ], [ 22.32702000160009, 49.752625182268389 ], [ 22.294474458759925, 49.74458003588952 ] ] ] } },
{ "type": "Feature", "properties": { "NUTS_ID": "PL824", "LEVL_CODE": 3, "CNTR_CODE": "PL", "NAME_LATN": "Tarnobrzeski", "NUTS_NAME": "Tarnobrzeski", "MOUNT_TYPE": null, "URBN_TYPE": 3.0, "COAST_TYPE": null }, "geometry": { "type": "Polygon", "coordinates": [ [ [ 22.638222213582804, 50.303077349013222 ], [ 22.623203761427646, 50.274300362456103 ], [ 22.583563043189514, 50.264151984840133 ], [ 22.579851258449331, 50.25000852150513 ], [ 22.593817341399124, 50.229131700601798 ], [ 22.560267856296402, 50.221523346101549 ], [ 22.541302907452078, 50.195332951000907 ], [ 22.543342271109292, 50.178602214044268 ], [ 22.52782913399821, 50.161568128301155 ], [ 22.523204188857655, 50.133564843974838 ], [ 22.447906004994614, 50.123075457896569 ], [ 22.404187734488072, 50.133666429754285 ], [ 22.356200094776696, 50.173851913270887 ], [ 22.254427313927856, 50.229462224025404 ], [ 22.235906291046916, 50.262647725330268 ], [ 22.204698610220191, 50.27971602825432 ], [ 22.187434906594326, 50.346531201440698 ], [ 22.098903068468982, 50.363935934853224 ], [ 22.075639730296274, 50.338083691872697 ], [ 22.014581955524214, 50.324529021015138 ], [ 21.98999194453495, 50.310415849422292 ], [ 21.97653600544044, 50.32050494364232 ], [ 21.986581885534925, 50.3448565105112 ], [ 21.965526572778188, 50.385416502387216 ], [ 21.923412702705043, 50.407821901234783 ], [ 21.891861911113054, 50.398666018410054 ], [ 21.878724833597612, 50.404121256883222 ], [ 21.860091376857461, 50.44832082611488 ], [ 21.863171054396314, 50.472076888865665 ], [ 21.791339830655417, 50.451540664025018 ], [ 21.790643273842392, 50.410717795941878 ], [ 21.765179055239322, 50.394325736671377 ], [ 21.672591628478312, 50.436529730015231 ], [ 21.631680888158321, 50.394056764051598 ], [ 21.6091205554795, 50.384107024256515 ], [ 21.621538206713929, 50.347772536337573 ], [ 21.579750595429406, 50.333361518646242 ], [ 21.567503707671289, 50.30228636185263 ], [ 21.539526412575011, 50.289156825128742 ], [ 21.548903985649179, 50.275868163095417 ], [ 21.599991658117162, 50.248982454212879 ], [ 21.58448378053906, 50.225013907452826 ], [ 21.602684577605423, 50.190377049912527 ], [ 21.589611699460601, 50.175991052716213 ], [ 21.526427212139819, 50.159435801880448 ], [ 21.559261749738344, 50.119742763298099 ], [ 21.533388799035631, 50.084965294981863 ], [ 21.503143190927375, 50.066103464648045 ], [ 21.517787008718535, 50.032681426717168 ], [ 21.513535708185042, 50.01682119631193 ], [ 21.485178306472555, 50.004909492694715 ], [ 21.470207440343501, 49.988784569642227 ], [ 21.473699837451232, 49.96693429769546 ], [ 21.499092174416795, 49.939791372348054 ], [ 21.516292631781692, 49.899288430228857 ], [ 21.488110021237869, 49.870777323018928 ], [ 21.477367708540992, 49.840546145288002 ], [ 21.410683036363263, 49.831154141997018 ], [ 21.379374842608016, 49.864475418147627 ], [ 21.358081957919264, 49.871660449740951 ], [ 21.34880296010774, 49.867776088672443 ], [ 21.345819141627771, 49.838853912682225 ], [ 21.313533469760401, 49.839953425560665 ], [ 21.302175277358, 49.8554094963959 ], [ 21.297149682618553, 49.842863902797795 ], [ 21.252520823914967, 49.842493461690985 ], [ 21.226920472198767, 49.855910940054017 ], [ 21.230026995842945, 49.884005388273515 ], [ 21.280707729610754, 49.896261687000688 ], [ 21.286231146761889, 49.910387665666782 ], [ 21.280733065387857, 49.924079124629301 ], [ 21.180238428191281, 49.930953519176008 ], [ 21.150708143457315, 49.982729861564358 ], [ 21.154580272655199, 50.00057384128025 ], [ 21.189593894673084, 50.027726573984815 ], [ 21.149376531635749, 50.050552858873793 ], [ 21.173236985691066, 50.074655766704112 ], [ 21.167908715705387, 50.088954261257904 ], [ 21.187011168531001, 50.098991857556086 ], [ 21.179333330779585, 50.12046923509466 ], [ 21.15157051022431, 50.13127061523884 ], [ 21.165205767199339, 50.140541706237464 ], [ 21.155262966383528, 50.150398915564537 ], [ 21.168733832380127, 50.200032387031762 ], [ 21.152254097372786, 50.233753352675123 ], [ 21.168609451380874, 50.24272466373435 ], [ 21.149402429190637, 50.257861621741313 ], [ 21.189705423695052, 50.300284954738885 ], [ 21.219354216867274, 50.311817658990712 ], [ 21.208831663638716, 50.354897412343249 ], [ 21.27577873285118, 50.392990956179602 ], [ 21.28979378621974, 50.411197518654824 ], [ 21.361891000363688, 50.438668624734582 ], [ 21.400795573563872, 50.440217399355433 ], [ 21.442067020465629, 50.457278689189742 ], [ 21.451211126110437, 50.491427992772778 ], [ 21.550904999561343, 50.51920110401376 ], [ 21.602966974948068, 50.522533768393473 ], [ 21.651218986626589, 50.567337797825488 ], [ 21.676208482487663, 50.609419725598912 ], [ 21.748230054084015, 50.652236311635043 ], [ 21.777384066033893, 50.647692964701612 ], [ 21.789823399023675, 50.67936540688472 ], [ 21.824783566730353, 50.700812337397927 ], [ 21.864303560505945, 50.802706542876514 ], [ 21.880653715813342, 50.78068913223543 ], [ 21.943765384667394, 50.773521166304128 ], [ 21.999510617239544, 50.786846123385942 ], [ 22.052448337437891, 50.818007195822716 ], [ 22.156955301581501, 50.797787625398655 ], [ 22.157091508084488, 50.772736663915204 ], [ 22.201116759972141, 50.753098797122185 ], [ 22.170754181509476, 50.694448669598565 ], [ 22.146776339591508, 50.669749922791667 ], [ 22.211272907299822, 50.663600539018276 ], [ 22.254229070515972, 50.622127550959618 ], [ 22.348215903336495, 50.613094378922874 ], [ 22.419430243644875, 50.582466187938039 ], [ 22.459044338778284, 50.589772888660747 ], [ 22.519738001670085, 50.583233544313174 ], [ 22.531834574395432, 50.563250753053062 ], [ 22.524137021325352, 50.535831193906056 ], [ 22.536063509419606, 50.516557004379685 ], [ 22.564051895027816, 50.502263609945814 ], [ 22.545083948162802, 50.485107293690817 ], [ 22.563364447385087, 50.469508120983072 ], [ 22.537043312396865, 50.454242423243173 ], [ 22.459054989577293, 50.460014117821046 ], [ 22.449244410848614, 50.432077491962339 ], [ 22.417772064351258, 50.417731916877621 ], [ 22.412542025881173, 50.402282489934549 ], [ 22.438420731342468, 50.392551696770987 ], [ 22.465668245683204, 50.364897320643983 ], [ 22.505572024649329, 50.349445233263282 ], [ 22.563973301626881, 50.356796273248044 ], [ 22.675352898640522, 50.352747222982721 ], [ 22.668497156440626, 50.341598437292234 ], [ 22.615643172480894, 50.324414222650688 ], [ 22.617399902286692, 50.31207983883769 ], [ 22.638222213582804, 50.303077349013222 ] ] ] } },
{ "type": "Feature", "properties": { "NUTS_ID": "PL841", "LEVL_CODE": 3, "CNTR_CODE": "PL", "NAME_LATN": "Białostocki", "NUTS_NAME": "Białostocki", "MOUNT_TYPE": null, "URBN_TYPE": 2.0, "COAST_TYPE": null }, "geometry": { "type": "Polygon", "coordinates": [ [ [ 23.588701990368111, 53.695928564992279 ], [ 23.634620956338264, 53.583343897806124 ], [ 23.657882304417925, 53.526311444690457 ], [ 23.812190812638192, 53.254832654496482 ], [ 23.854978101723173, 53.229409102204151 ], [ 23.864714091508979, 53.197739783903572 ], [ 23.91300758871736, 53.161071212964544 ], [ 23.91383401003149, 53.144757045323985 ], [ 23.891113596557126, 53.121036834464888 ], [ 23.875604063621967, 53.082193131847767 ], [ 23.922021821969125, 53.024802748221532 ], [ 23.941062765951663, 52.959577619504117 ], [ 23.918198083925837, 52.936320085563032 ], [ 23.91675186069606, 52.912901522825059 ], [ 23.916248700936173, 52.904753916663928 ], [ 23.830442856396328, 52.9124087146863 ], [ 23.785981381604248, 52.934861940358324 ], [ 23.736467663810053, 52.943098109440427 ], [ 23.632990080969101, 52.935886582361405 ], [ 23.615439747595619, 52.962759054360589 ], [ 23.58427844053276, 52.961703325339464 ], [ 23.487294679553298, 52.98518641086666 ], [ 23.422917336946167, 52.962265920154593 ], [ 23.37992017801152, 52.957893834969674 ], [ 23.374560040537339, 52.933527044574994 ], [ 23.38062063935784, 52.908431429495799 ], [ 23.353727802477625, 52.894494472265748 ], [ 23.162427435893473, 52.911171549561182 ], [ 23.051312583583147, 52.904878981257511 ], [ 22.952339391056466, 52.920855121427614 ], [ 22.915519060212787, 52.88039409311218 ], [ 22.857833830598061, 52.868033222026796 ], [ 22.844918580832267, 52.861580333493947 ], [ 22.771759122727861, 52.85605217568564 ], [ 22.713712025502833, 52.912901522263546 ], [ 22.710533680681316, 52.92406502749747 ], [ 22.718091079415029, 52.931110189840041 ], [ 22.747463199042144, 52.927356883543382 ], [ 22.766532271470524, 52.934504556243589 ], [ 22.782390472116173, 52.965179822175038 ], [ 22.771344808493303, 52.985381737648915 ], [ 22.770158495295632, 53.011931993327764 ], [ 22.785584423229523, 53.025972207512659 ], [ 22.853495248947997, 53.053776667267563 ], [ 22.857833831332542, 53.064356232339598 ], [ 22.857833830607031, 53.072745424680917 ], [ 22.819848566386273, 53.08014282813906 ], [ 22.803424567815842, 53.117970484292975 ], [ 22.749083537989257, 53.116234592766226 ], [ 22.66481031561629, 53.140828918827786 ], [ 22.625290019568912, 53.133874148612122 ], [ 22.593709776187485, 53.099716963554776 ], [ 22.563467919860326, 53.10641612552682 ], [ 22.498131081602228, 53.152095641060519 ], [ 22.474941550367316, 53.192158644354471 ], [ 22.47971735236754, 53.213432611010056 ], [ 22.542300970329006, 53.218658516312338 ], [ 22.613806986858723, 53.206071668496591 ], [ 22.622027603635519, 53.237205127083179 ], [ 22.666474148782729, 53.248636221973484 ], [ 22.70886145439659, 53.273248488948234 ], [ 22.73527802452173, 53.264722767542587 ], [ 22.782210329248354, 53.219162473345698 ], [ 22.865692946735003, 53.225786343848988 ], [ 22.943591792851084, 53.2645427697923 ], [ 22.931618677376264, 53.283698805581217 ], [ 22.936160817612521, 53.292234840990773 ], [ 22.952339390922578, 53.28269076756856 ], [ 23.015890602537546, 53.283361658806037 ], [ 23.034298204521626, 53.297594452011204 ], [ 23.071770610623275, 53.308006862604643 ], [ 23.084291754125992, 53.322741452394716 ], [ 23.117083727066895, 53.326505450266744 ], [ 23.09731221559451, 53.353392814851617 ], [ 23.102312079579686, 53.39462068871169 ], [ 23.062815489799863, 53.408849847290782 ], [ 23.070549123354358, 53.495410847572558 ], [ 23.056410757031234, 53.527592231787658 ], [ 23.002951662419573, 53.546137077920214 ], [ 22.985384456181627, 53.579377032346265 ], [ 22.959312207382819, 53.58334389787516 ], [ 22.952339390350076, 53.584404804844084 ], [ 22.935627934374558, 53.586947435288543 ], [ 22.937005910263689, 53.604378141566521 ], [ 22.952339391423262, 53.605542364764609 ], [ 22.991949507694684, 53.608549834266945 ], [ 23.015562901178342, 53.6264922340143 ], [ 23.059462542020523, 53.640896394750939 ], [ 23.085583923453459, 53.66670059812099 ], [ 23.148952737032282, 53.689811053799694 ], [ 23.213770165262794, 53.713449815738933 ], [ 23.318506957582599, 53.714195293201222 ], [ 23.343442148246542, 53.720037769220006 ], [ 23.417120172056666, 53.700899037452544 ], [ 23.452208522500577, 53.704051300571074 ], [ 23.502311811447484, 53.693973720250717 ], [ 23.541970305337887, 53.709359276841361 ], [ 23.588701990368111, 53.695928564992279 ] ] ] } },
{ "type": "Feature", "properties": { "NUTS_ID": "PL842", "LEVL_CODE": 3, "CNTR_CODE": "PL", "NAME_LATN": "Łomżyński", "NUTS_NAME": "Łomżyński", "MOUNT_TYPE": null, "URBN_TYPE": 3.0, "COAST_TYPE": null }, "geometry": { "type": "Polygon", "coordinates": [ [ [ 22.47971735236754, 53.213432611010056 ], [ 22.474941550367316, 53.192158644354471 ], [ 22.498131081602228, 53.152095641060519 ], [ 22.563467919860326, 53.10641612552682 ], [ 22.593709776187485, 53.099716963554776 ], [ 22.625290019568912, 53.133874148612122 ], [ 22.66481031561629, 53.140828918827786 ], [ 22.749083537989257, 53.116234592766226 ], [ 22.803424567815842, 53.117970484292975 ], [ 22.819848566386273, 53.08014282813906 ], [ 22.857833830607031, 53.072745424680917 ], [ 22.857833831332542, 53.064356232339598 ], [ 22.853495248947997, 53.053776667267563 ], [ 22.785584423229523, 53.025972207512659 ], [ 22.770158495295632, 53.011931993327764 ], [ 22.771344808493303, 52.985381737648915 ], [ 22.782390472116173, 52.965179822175038 ], [ 22.766532271470524, 52.934504556243589 ], [ 22.747463199042144, 52.927356883543382 ], [ 22.718091079415029, 52.931110189840041 ], [ 22.710533680681316, 52.92406502749747 ], [ 22.713712025502833, 52.912901522263546 ], [ 22.771759122727861, 52.85605217568564 ], [ 22.844918580832267, 52.861580333493947 ], [ 22.857833830598061, 52.868033222026796 ], [ 22.915519060212787, 52.88039409311218 ], [ 22.952339391056466, 52.920855121427614 ], [ 23.051312583583147, 52.904878981257511 ], [ 23.162427435893473, 52.911171549561182 ], [ 23.353727802477625, 52.894494472265748 ], [ 23.38062063935784, 52.908431429495799 ], [ 23.374560040537339, 52.933527044574994 ], [ 23.37992017801152, 52.957893834969674 ], [ 23.422917336946167, 52.962265920154593 ], [ 23.487294679553298, 52.98518641086666 ], [ 23.58427844053276, 52.961703325339464 ], [ 23.615439747595619, 52.962759054360589 ], [ 23.632990080969101, 52.935886582361405 ], [ 23.736467663810053, 52.943098109440427 ], [ 23.785981381604248, 52.934861940358324 ], [ 23.830442856396328, 52.9124087146863 ], [ 23.916248700936173, 52.904753916663928 ], [ 23.924931479165586, 52.892567474642604 ], [ 23.925175697708852, 52.83725146861503 ], [ 23.938310906954893, 52.810906411725014 ], [ 23.938636229666365, 52.796252162244286 ], [ 23.93904135636236, 52.77800314535132 ], [ 23.933960948484984, 52.712249831015825 ], [ 23.891058179170535, 52.681526536936332 ], [ 23.859055688740625, 52.66544223610628 ], [ 23.769943687168851, 52.620654965646466 ], [ 23.736073609812351, 52.609879583297236 ], [ 23.644327696327853, 52.607435685822757 ], [ 23.545294086045946, 52.581529373917249 ], [ 23.475463758517719, 52.553153551147673 ], [ 23.412933491293458, 52.514272543477176 ], [ 23.318506956395627, 52.428530973317933 ], [ 23.26584716227126, 52.380714608992669 ], [ 23.178411193654583, 52.283179675027988 ], [ 23.148952736619066, 52.281495744445316 ], [ 23.128408849754603, 52.287841486576802 ], [ 23.110558941396604, 52.297675291424405 ], [ 23.074813473325626, 52.283577609589528 ], [ 23.056009592482539, 52.285448378712843 ], [ 23.055438325812336, 52.306485169266708 ], [ 23.042661044998198, 52.324631256026926 ], [ 22.995930712102769, 52.335194191256925 ], [ 22.962535381466761, 52.363977510057609 ], [ 22.952339391237924, 52.367025584238469 ], [ 22.937109350340425, 52.371578578385261 ], [ 22.857833830849724, 52.361688172414794 ], [ 22.84657439249488, 52.360283445356103 ], [ 22.755822160633784, 52.381291697498561 ], [ 22.727518203062342, 52.369922041177695 ], [ 22.718277125531802, 52.384887288401586 ], [ 22.698025379155371, 52.3922679797017 ], [ 22.61710114614349, 52.390484808222219 ], [ 22.56575046959447, 52.406503214159528 ], [ 22.544256868803309, 52.427288667342374 ], [ 22.549639118127633, 52.463906489902641 ], [ 22.530372451383386, 52.465448463265268 ], [ 22.513144015634023, 52.483275465070065 ], [ 22.520496316971983, 52.525419139599826 ], [ 22.456090392274405, 52.584077058617773 ], [ 22.40858906829629, 52.609689886179652 ], [ 22.439952666452974, 52.623767091535775 ], [ 22.454502724090847, 52.642711952445644 ], [ 22.448589855312679, 52.665442236358736 ], [ 22.440774700020828, 52.695485310687012 ], [ 22.453794730314396, 52.762092666186767 ], [ 22.446803389551189, 52.782226175304707 ], [ 22.389446080379656, 52.789125383651538 ], [ 22.351826821457067, 52.772721563112434 ], [ 22.330858084314208, 52.751944093611336 ], [ 22.312840211114693, 52.752718520578746 ], [ 22.279159470569709, 52.796252162731356 ], [ 22.259828709511158, 52.821237910496599 ], [ 22.265077225292881, 52.83534203355255 ], [ 22.295423393784034, 52.848843031576422 ], [ 22.283119202898806, 52.872967258584886 ], [ 22.26829675821654, 52.881448213235593 ], [ 22.223928073972893, 52.880387489945903 ], [ 22.196399417327843, 52.856998554520544 ], [ 22.154281894770794, 52.849190541592776 ], [ 22.052918658718365, 52.851897069132889 ], [ 22.005820675483285, 52.894753443597232 ], [ 22.003116082679931, 52.91339356143871 ], [ 22.013150328563569, 52.938497350470648 ], [ 21.998595713257274, 52.962054336436019 ], [ 21.893535800452323, 53.012004218934685 ], [ 21.898594338694192, 53.032103672700501 ], [ 21.923413360483835, 53.050501652997106 ], [ 21.923479848738872, 53.066627063033501 ], [ 21.870383771573433, 53.067047985432453 ], [ 21.812341811421486, 53.105397750905965 ], [ 21.741620241755889, 53.11466930566997 ], [ 21.708862049305544, 53.13555683434889 ], [ 21.676208476276525, 53.214852187945823 ], [ 21.645940226274977, 53.260189987426386 ], [ 21.663785890082277, 53.303622027720486 ], [ 21.699437774591882, 53.319900857858222 ], [ 21.672034569510714, 53.341751758019306 ], [ 21.664730314327407, 53.375334763273869 ], [ 21.614276600840963, 53.438120035523689 ], [ 21.612952755460078, 53.480833471540301 ], [ 21.697264621776231, 53.491690847381044 ], [ 21.86914338863668, 53.460380013373509 ], [ 21.890196908635243, 53.468500538932553 ], [ 21.906061669304894, 53.494795442470505 ], [ 21.930404990858925, 53.508967563697652 ], [ 21.991055282593599, 53.51985474193642 ], [ 22.02581784482101, 53.49841601131839 ], [ 22.063505509328944, 53.530090687736674 ], [ 22.135727870555183, 53.544540089190498 ], [ 22.171695432552184, 53.531506419945352 ], [ 22.191626951755136, 53.514231005532018 ], [ 22.214407655934796, 53.532138291969055 ], [ 22.239840565731608, 53.532342828788153 ], [ 22.26171208466107, 53.507147574721046 ], [ 22.246049178558412, 53.486513999307448 ], [ 22.255074829775285, 53.473924495426736 ], [ 22.236680538576714, 53.446280368138609 ], [ 22.276060160758409, 53.435586151981084 ], [ 22.301368088227544, 53.405387158314866 ], [ 22.321609587321557, 53.403983315964432 ], [ 22.335683038860687, 53.393041743065538 ], [ 22.358617263593402, 53.395381548489553 ], [ 22.363273860252505, 53.375599228847236 ], [ 22.411001200473926, 53.35352691804691 ], [ 22.485451604876612, 53.345889711938213 ], [ 22.47079064370703, 53.323635416611189 ], [ 22.4662164223286, 53.281433291896072 ], [ 22.436809589037619, 53.223730379358578 ], [ 22.47971735236754, 53.213432611010056 ] ] ] } },
{ "type": "Feature", "properties": { "NUTS_ID": "PL843", "LEVL_CODE": 3, "CNTR_CODE": "PL", "NAME_LATN": "Suwalski", "NUTS_NAME": "Suwalski", "MOUNT_TYPE": null, "URBN_TYPE": 3.0, "COAST_TYPE": null }, "geometry": { "type": "Polygon", "coordinates": [ [ [ 22.792011657932463, 54.363377298835339 ], [ 22.812394060351313, 54.373920180114915 ], [ 22.83679663359143, 54.404144015512223 ], [ 22.857833830175206, 54.409885466552915 ], [ 22.885499420913085, 54.409286827194741 ], [ 22.889295270270573, 54.400251640491931 ], [ 22.952339391667124, 54.392235493038889 ], [ 22.961969383477033, 54.391011025348405 ], [ 22.981632901251793, 54.389647782866057 ], [ 22.986638241987755, 54.384637409224766 ], [ 23.002049964526037, 54.38368048293141 ], [ 23.004632456009087, 54.359883430075506 ], [ 23.054427549548517, 54.342040695269219 ], [ 23.047718622209374, 54.32179558876625 ], [ 23.055139505624151, 54.31223715218551 ], [ 23.094460223541049, 54.301200489653176 ], [ 23.148952737656284, 54.310913851898697 ], [ 23.158626899040609, 54.296776698579748 ], [ 23.201087113343906, 54.28722491194673 ], [ 23.238524468622369, 54.260418541078344 ], [ 23.321498450982052, 54.253325926027728 ], [ 23.38473449053398, 54.224953795238171 ], [ 23.425779476757626, 54.180149639826055 ], [ 23.455958932227741, 54.174121586694859 ], [ 23.487393278282752, 54.147944118798499 ], [ 23.496023803553147, 54.129393065451545 ], [ 23.52712189197749, 54.06254865471319 ], [ 23.523683628443717, 54.035407846450582 ], [ 23.486164442499071, 53.994459811788907 ], [ 23.492147512700086, 53.977015154547672 ], [ 23.514649981027137, 53.956560135641361 ], [ 23.512435188054326, 53.915451560386281 ], [ 23.523094966370799, 53.877277270609248 ], [ 23.525828673363893, 53.867487455712791 ], [ 23.544699787743063, 53.854711214831752 ], [ 23.550302157920662, 53.835926148679739 ], [ 23.548824583140743, 53.773639466245982 ], [ 23.552829073396847, 53.769668397845756 ], [ 23.580773529345745, 53.741957165964017 ], [ 23.588701990368111, 53.695928564992279 ], [ 23.541970305337887, 53.709359276841361 ], [ 23.502311811447484, 53.693973720250717 ], [ 23.452208522500577, 53.704051300571074 ], [ 23.417120172056666, 53.700899037452544 ], [ 23.343442148246542, 53.720037769220006 ], [ 23.318506957582599, 53.714195293201222 ], [ 23.213770165262794, 53.713449815738933 ], [ 23.148952737032282, 53.689811053799694 ], [ 23.085583923453459, 53.66670059812099 ], [ 23.059462542020523, 53.640896394750939 ], [ 23.015562901178342, 53.6264922340143 ], [ 22.991949507694684, 53.608549834266945 ], [ 22.952339391423262, 53.605542364764609 ], [ 22.937005910263689, 53.604378141566521 ], [ 22.935627934374558, 53.586947435288543 ], [ 22.952339390350076, 53.584404804844084 ], [ 22.959312207382819, 53.58334389787516 ], [ 22.985384456181627, 53.579377032346265 ], [ 23.002951662419573, 53.546137077920214 ], [ 23.056410757031234, 53.527592231787658 ], [ 23.070549123354358, 53.495410847572558 ], [ 23.062815489799863, 53.408849847290782 ], [ 23.102312079579686, 53.39462068871169 ], [ 23.09731221559451, 53.353392814851617 ], [ 23.117083727066895, 53.326505450266744 ], [ 23.084291754125992, 53.322741452394716 ], [ 23.071770610623275, 53.308006862604643 ], [ 23.034298204521626, 53.297594452011204 ], [ 23.015890602537546, 53.283361658806037 ], [ 22.952339390922578, 53.28269076756856 ], [ 22.936160817612521, 53.292234840990773 ], [ 22.931618677376264, 53.283698805581217 ], [ 22.943591792851084, 53.2645427697923 ], [ 22.865692946735003, 53.225786343848988 ], [ 22.782210329248354, 53.219162473345698 ], [ 22.73527802452173, 53.264722767542587 ], [ 22.70886145439659, 53.273248488948234 ], [ 22.666474148782729, 53.248636221973484 ], [ 22.622027603635519, 53.237205127083179 ], [ 22.613806986858723, 53.206071668496591 ], [ 22.542300970329006, 53.218658516312338 ], [ 22.47971735236754, 53.213432611010056 ], [ 22.436809589037619, 53.223730379358578 ], [ 22.4662164223286, 53.281433291896072 ], [ 22.47079064370703, 53.323635416611189 ], [ 22.485451604876612, 53.345889711938213 ], [ 22.411001200473926, 53.35352691804691 ], [ 22.363273860252505, 53.375599228847236 ], [ 22.358617263593402, 53.395381548489553 ], [ 22.335683038860687, 53.393041743065538 ], [ 22.321609587321557, 53.403983315964432 ], [ 22.301368088227544, 53.405387158314866 ], [ 22.276060160758409, 53.435586151981084 ], [ 22.236680538576714, 53.446280368138609 ], [ 22.255074829775285, 53.473924495426736 ], [ 22.246049178558412, 53.486513999307448 ], [ 22.26171208466107, 53.507147574721046 ], [ 22.239840565731608, 53.532342828788153 ], [ 22.214407655934796, 53.532138291969055 ], [ 22.191626951755136, 53.514231005532018 ], [ 22.171695432552184, 53.531506419945352 ], [ 22.135727870555183, 53.544540089190498 ], [ 22.192785186996947, 53.566197877959468 ], [ 22.221228639758692, 53.583343897805044 ], [ 22.283876130353651, 53.621108480600782 ], [ 22.326980718655349, 53.632656402523388 ], [ 22.418514945888834, 53.677996367373431 ], [ 22.46298341758914, 53.664521292077168 ], [ 22.476616003824773, 53.697597681488318 ], [ 22.513091247302516, 53.69881095781205 ], [ 22.580554768545881, 53.7303750043733 ], [ 22.607105513407692, 53.719820491932737 ], [ 22.628024069675238, 53.752555264510676 ], [ 22.692203073210067, 53.760522050007211 ], [ 22.699703127477374, 53.769668397466198 ], [ 22.718277125417945, 53.79231947062874 ], [ 22.725831143873709, 53.803129041316367 ], [ 22.726835420291927, 53.83246501438456 ], [ 22.746094818617593, 53.842271554332989 ], [ 22.779563116362283, 53.867585227120955 ], [ 22.78281581635645, 53.877277270718473 ], [ 22.784595402352256, 53.882579895890828 ], [ 22.776100917773373, 53.895586609583198 ], [ 22.779545236994302, 53.900508440789984 ], [ 22.776176405582081, 53.906573523018615 ], [ 22.782184260567551, 53.916164389095599 ], [ 22.778323699101758, 53.922849927754029 ], [ 22.766501445378857, 53.930792050711119 ], [ 22.761815238211948, 53.933940219100506 ], [ 22.748142044080836, 53.944547059708277 ], [ 22.723744367179119, 53.952568897268307 ], [ 22.718277125528139, 53.955373760569138 ], [ 22.696874945584828, 53.976206562910782 ], [ 22.667596593348541, 54.029540859496279 ], [ 22.652913427367942, 54.03540784699539 ], [ 22.600154367995437, 54.056488910782207 ], [ 22.603307437602449, 54.077427400451434 ], [ 22.631401064576728, 54.093261300549884 ], [ 22.63254703383609, 54.107135828076345 ], [ 22.608554381229848, 54.129393065540164 ], [ 22.590029253282225, 54.146578252751794 ], [ 22.548299448605508, 54.141638815656854 ], [ 22.515942193819882, 54.168012996411733 ], [ 22.50269054163682, 54.190333246221421 ], [ 22.482987843847663, 54.200737128803141 ], [ 22.514846552318666, 54.219706459534997 ], [ 22.53377764353387, 54.246501505696614 ], [ 22.559667652196698, 54.249897591790727 ], [ 22.579316318446594, 54.263165689822081 ], [ 22.612259302013737, 54.262488188621816 ], [ 22.646608917488241, 54.285646163693229 ], [ 22.691815312609954, 54.276963394853681 ], [ 22.718277126462905, 54.282266216528683 ], [ 22.78458639319415, 54.298595508921942 ], [ 22.787136678298126, 54.332768439121352 ], [ 22.802746735413113, 54.346754738684943 ], [ 22.792011657932463, 54.363377298835339 ] ] ] } },
{ "type": "Feature", "properties": { "NUTS_ID": "PL911", "LEVL_CODE": 3, "CNTR_CODE": "PL", "NAME_LATN": "Miasto Warszawa", "NUTS_NAME": "Miasto Warszawa", "MOUNT_TYPE": null, "URBN_TYPE": 1.0, "COAST_TYPE": null }, "geometry": { "type": "Polygon", "coordinates": [ [ [ 21.164952839297033, 52.144728392297083 ], [ 21.085792231391473, 52.10064484864116 ], [ 21.045748779792195, 52.110907388672935 ], [ 20.994569937543584, 52.104574275220038 ], [ 20.977717079655516, 52.141670657289083 ], [ 20.928373722491639, 52.165259931306437 ], [ 20.91032181941414, 52.183596340226686 ], [ 20.873042644441806, 52.182920633246901 ], [ 20.85923898239832, 52.190465085536914 ], [ 20.857043664317946, 52.203813197509902 ], [ 20.888919919870233, 52.238038011833531 ], [ 20.868566419463704, 52.251700197959899 ], [ 20.878879452608594, 52.270423690585929 ], [ 20.87898632509178, 52.307835030491319 ], [ 20.921791122546814, 52.328163688140855 ], [ 20.915135814380747, 52.354019996127498 ], [ 20.955558652335892, 52.366423216727263 ], [ 21.016407853546792, 52.358482925443923 ], [ 21.070689855422977, 52.36418722643495 ], [ 21.082164008668606, 52.348412039617017 ], [ 21.084738568222793, 52.303835706150949 ], [ 21.104656531348198, 52.277387646816209 ], [ 21.166400659356128, 52.287664178619032 ], [ 21.188929469810081, 52.257970961993017 ], [ 21.24880704939244, 52.260314288993641 ], [ 21.251439310011946, 52.24944010528624 ], [ 21.241192376557454, 52.240550703813192 ], [ 21.25161453775074, 52.235235441813735 ], [ 21.256285623323468, 52.212520528038304 ], [ 21.244689784079299, 52.197109855032593 ], [ 21.264460671550772, 52.17330414676799 ], [ 21.257589159844482, 52.151224545991511 ], [ 21.232326449422448, 52.15683238213429 ], [ 21.164952839297033, 52.144728392297083 ] ] ] } },
{ "type": "Feature", "properties": { "NUTS_ID": "PL912", "LEVL_CODE": 3, "CNTR_CODE": "PL", "NAME_LATN": "Warszawski wschodni", "NUTS_NAME": "Warszawski wschodni", "MOUNT_TYPE": null, "URBN_TYPE": 2.0, "COAST_TYPE": null }, "geometry": { "type": "Polygon", "coordinates": [ [ [ 21.121797205544951, 52.553587974553864 ], [ 21.118493951206602, 52.548972936616366 ], [ 21.119967035904047, 52.532534440308503 ], [ 21.140287127994807, 52.531691002305408 ], [ 21.147827094427072, 52.528630168408981 ], [ 21.14276920134041, 52.519043853613589 ], [ 21.150312756770823, 52.518325130344721 ], [ 21.156585777520338, 52.511793278578473 ], [ 21.163179572159869, 52.509872944360033 ], [ 21.17057978798459, 52.514162439734953 ], [ 21.173523679534977, 52.52447323137627 ], [ 21.177892516272728, 52.527703540428035 ], [ 21.195665532096481, 52.526783787706002 ], [ 21.22540525972213, 52.533411414804405 ], [ 21.283033378326657, 52.529916603354522 ], [ 21.305862418560235, 52.533004091415783 ], [ 21.314069414636677, 52.519254859703373 ], [ 21.313979450771829, 52.503057912041157 ], [ 21.350305477717452, 52.502950978664302 ], [ 21.357699222019459, 52.487010287525194 ], [ 21.383153682493187, 52.481372528133697 ], [ 21.381200180032277, 52.471267807527404 ], [ 21.40475558761953, 52.467718444475842 ], [ 21.426234547280096, 52.463503852137549 ], [ 21.442904723717646, 52.472957815264095 ], [ 21.465065497396417, 52.477185000179354 ], [ 21.477589263452618, 52.476846438900267 ], [ 21.477759352365364, 52.467549263500537 ], [ 21.485512506779894, 52.472730539300848 ], [ 21.507118366530417, 52.476769951335569 ], [ 21.508761518207475, 52.482908816148473 ], [ 21.528066896602006, 52.48328103849866 ], [ 21.528527870056394, 52.493231915028836 ], [ 21.540415472930189, 52.511504863038283 ], [ 21.57680522068258, 52.511614578739646 ], [ 21.578220950478041, 52.517486173847381 ], [ 21.563996979610632, 52.517215673406248 ], [ 21.556913776072307, 52.52123736674784 ], [ 21.554016806637563, 52.539591145749597 ], [ 21.559784901500215, 52.553678950601466 ], [ 21.572036558429811, 52.555720379668692 ], [ 21.578729197543346, 52.553027577840076 ], [ 21.596747917389305, 52.553333499209039 ], [ 21.637099688568316, 52.51645485441351 ], [ 21.697078556744277, 52.510466742489939 ], [ 21.723539819689744, 52.490094294741617 ], [ 21.72610442476747, 52.461601655596105 ], [ 21.691250122444732, 52.452840098711725 ], [ 21.71308714790673, 52.39546889643227 ], [ 21.780937205384259, 52.347312319559393 ], [ 21.741444546728303, 52.323141061548078 ], [ 21.774740033495984, 52.306220048794614 ], [ 21.802069681487705, 52.265431379768458 ], [ 21.853159576318852, 52.246810535611992 ], [ 21.868265863459545, 52.221083939500666 ], [ 21.923632791914205, 52.224601553445886 ], [ 21.93265520076142, 52.209746360762914 ], [ 21.913109680641067, 52.183638396150023 ], [ 21.910316056686849, 52.165449589803949 ], [ 21.93255721646338, 52.143928943001107 ], [ 21.965186203934252, 52.089482616843092 ], [ 21.879937392523317, 52.040192311512818 ], [ 21.875593602671959, 51.99282660878206 ], [ 21.774291870253141, 51.977630720135565 ], [ 21.666443506696595, 52.021225371383366 ], [ 21.631720822584363, 52.010009367782743 ], [ 21.573378489731287, 52.033444851785262 ], [ 21.537030853587463, 52.019062733885349 ], [ 21.508054526017212, 51.987798422755446 ], [ 21.47826449543777, 51.974946669325995 ], [ 21.477056040437375, 51.952860255215718 ], [ 21.459982421509832, 51.934323976218721 ], [ 21.472522652477167, 51.910387956258361 ], [ 21.403834216859828, 51.896937646338628 ], [ 21.319800144298949, 51.90107424031838 ], [ 21.297829473942116, 51.879586379243996 ], [ 21.275804604418582, 51.876792025590781 ], [ 21.239110228813477, 51.901631148359456 ], [ 21.236450441739667, 51.90858331971075 ], [ 21.239956140124214, 51.917238581027675 ], [ 21.26864717647695, 51.938534368333009 ], [ 21.279970636918957, 51.953753832969859 ], [ 21.279104588928927, 51.963214500235651 ], [ 21.263825031801243, 51.976264913673539 ], [ 21.233438264252985, 51.990862870092144 ], [ 21.224637355179496, 51.999647899153615 ], [ 21.222153262737312, 52.005360685641961 ], [ 21.226261854760175, 52.020549209094192 ], [ 21.225685759668892, 52.036562314548242 ], [ 21.222393146175513, 52.044096899096523 ], [ 21.213566356584117, 52.051185504133628 ], [ 21.205370536556646, 52.063742253637521 ], [ 21.207297769300908, 52.071745308380628 ], [ 21.21507415939805, 52.081777122190921 ], [ 21.205627030443654, 52.10438080656219 ], [ 21.164952839297033, 52.144728392297083 ], [ 21.232326449422448, 52.15683238213429 ], [ 21.257589159844482, 52.151224545991511 ], [ 21.264460671550772, 52.17330414676799 ], [ 21.244689784079299, 52.197109855032593 ], [ 21.256285623323468, 52.212520528038304 ], [ 21.25161453775074, 52.235235441813735 ], [ 21.241192376557454, 52.240550703813192 ], [ 21.251439310011946, 52.24944010528624 ], [ 21.24880704939244, 52.260314288993641 ], [ 21.188929469810081, 52.257970961993017 ], [ 21.166400659356128, 52.287664178619032 ], [ 21.104656531348198, 52.277387646816209 ], [ 21.084738568222793, 52.303835706150949 ], [ 21.082164008668606, 52.348412039617017 ], [ 21.070689855422977, 52.36418722643495 ], [ 21.016407853546792, 52.358482925443923 ], [ 20.955558652335892, 52.366423216727263 ], [ 20.915135814380747, 52.354019996127498 ], [ 20.891646675087987, 52.375564407820754 ], [ 20.824153139823284, 52.378873917036415 ], [ 20.739789045165999, 52.409181988678512 ], [ 20.760800629608287, 52.424223763868042 ], [ 20.769973923273216, 52.470932869442237 ], [ 20.822307177941511, 52.484684960374764 ], [ 20.890498550355915, 52.48716701616857 ], [ 20.90030190432601, 52.51616092154606 ], [ 20.919748530315314, 52.532590595725893 ], [ 20.930469630552189, 52.558940122700932 ], [ 20.967661792600328, 52.556502970479976 ], [ 20.982760457373782, 52.539715956562212 ], [ 21.04226158875359, 52.535241708346554 ], [ 21.10460135980653, 52.559752408380014 ], [ 21.12403652436204, 52.562151924110239 ], [ 21.121797205544951, 52.553587974553864 ] ] ] } },
{ "type": "Feature", "properties": { "NUTS_ID": "PL913", "LEVL_CODE": 3, "CNTR_CODE": "PL", "NAME_LATN": "Warszawski zachodni", "NUTS_NAME": "Warszawski zachodni", "MOUNT_TYPE": null, "URBN_TYPE": 2.0, "COAST_TYPE": null }, "geometry": { "type": "MultiPolygon", "coordinates": [ [ [ [ 20.783904018293384, 52.645127990452529 ], [ 20.825809045033143, 52.631617702379927 ], [ 20.857711152637215, 52.635051930232947 ], [ 20.862991535176928, 52.610270364188487 ], [ 20.89794473749766, 52.59503065935796 ], [ 20.910557682411167, 52.571907530968602 ], [ 20.930469630552189, 52.558940122700932 ], [ 20.919748530315314, 52.532590595725893 ], [ 20.90030190432601, 52.51616092154606 ], [ 20.890498550355915, 52.48716701616857 ], [ 20.822307177941511, 52.484684960374764 ], [ 20.769973923273216, 52.470932869442237 ], [ 20.760800629608287, 52.424223763868042 ], [ 20.739789045165999, 52.409181988678512 ], [ 20.824153139823284, 52.378873917036415 ], [ 20.891646675087987, 52.375564407820754 ], [ 20.915135814380747, 52.354019996127498 ], [ 20.921791122546814, 52.328163688140855 ], [ 20.87898632509178, 52.307835030491319 ], [ 20.878879452608594, 52.270423690585929 ], [ 20.868566419463704, 52.251700197959899 ], [ 20.888919919870233, 52.238038011833531 ], [ 20.857043664317946, 52.203813197509902 ], [ 20.85923898239832, 52.190465085536914 ], [ 20.873042644441806, 52.182920633246901 ], [ 20.91032181941414, 52.183596340226686 ], [ 20.928373722491639, 52.165259931306437 ], [ 20.977717079655516, 52.141670657289083 ], [ 20.994569937543584, 52.104574275220038 ], [ 21.045748779792195, 52.110907388672935 ], [ 21.085792231391473, 52.10064484864116 ], [ 21.164952839297033, 52.144728392297083 ], [ 21.205627030443654, 52.10438080656219 ], [ 21.21507415939805, 52.081777122190921 ], [ 21.207297769300908, 52.071745308380628 ], [ 21.205370536556646, 52.063742253637521 ], [ 21.213566356584117, 52.051185504133628 ], [ 21.222393146175513, 52.044096899096523 ], [ 21.225685759668892, 52.036562314548242 ], [ 21.226261854760175, 52.020549209094192 ], [ 21.222153262737312, 52.005360685641961 ], [ 21.224637355179496, 51.999647899153615 ], [ 21.233438264252985, 51.990862870092144 ], [ 21.263825031801243, 51.976264913673539 ], [ 21.279104588928927, 51.963214500235651 ], [ 21.279970636918957, 51.953753832969859 ], [ 21.26864717647695, 51.938534368333009 ], [ 21.239956140124214, 51.917238581027675 ], [ 21.236450441739667, 51.90858331971075 ], [ 21.239110228813477, 51.901631148359456 ], [ 21.227094534295961, 51.894524520376585 ], [ 21.206342516807588, 51.89710013750738 ], [ 21.202016041386177, 51.910237690725836 ], [ 21.179533783571493, 51.926571952467462 ], [ 21.088565699961315, 51.938798318170228 ], [ 21.028365452918631, 51.933456391537419 ], [ 20.965159989794994, 51.909653029010734 ], [ 20.924409196352617, 51.935010249083959 ], [ 20.900236430830706, 51.928250329736628 ], [ 20.841738018504778, 51.931970508798109 ], [ 20.798720365254358, 51.956134410749186 ], [ 20.723899961268685, 51.944307001093449 ], [ 20.687800960574847, 51.951658539307495 ], [ 20.636475344585676, 51.934882441359612 ], [ 20.597914439632639, 51.970330203581753 ], [ 20.610032781794239, 51.983848077639578 ], [ 20.610381214890758, 52.028665942689727 ], [ 20.619007621772145, 52.047034679845183 ], [ 20.526602866154917, 52.049584721161366 ], [ 20.497878358671969, 52.03485643667689 ], [ 20.47030925514979, 52.038862035055359 ], [ 20.471384034494477, 52.058466470554357 ], [ 20.450183260736765, 52.081777122473923 ], [ 20.445409850314675, 52.101694092164998 ], [ 20.414761400034688, 52.133695254761975 ], [ 20.401084979175085, 52.171151775650664 ], [ 20.417198623434142, 52.188123513637784 ], [ 20.480469870655938, 52.181836502051908 ], [ 20.488527622689734, 52.201748547271279 ], [ 20.485682412480607, 52.231107734317369 ], [ 20.444635633717034, 52.238182800092559 ], [ 20.419286351362995, 52.223660671521053 ], [ 20.405221558054418, 52.240927547003466 ], [ 20.375164349921139, 52.234808683620408 ], [ 20.347489319031638, 52.241190086147292 ], [ 20.331705615691192, 52.283228332565074 ], [ 20.397061269508942, 52.303562481227296 ], [ 20.389094509701035, 52.316892402844431 ], [ 20.421376125450845, 52.342024119775644 ], [ 20.404814244622656, 52.384342392303012 ], [ 20.486895915751454, 52.418764107860859 ], [ 20.489075173286452, 52.444165169102355 ], [ 20.539796203353614, 52.465001215396931 ], [ 20.57192097843344, 52.46810105733752 ], [ 20.585519250462291, 52.507642083163411 ], [ 20.617726763341867, 52.530061957511172 ], [ 20.61046766468732, 52.566566673373984 ], [ 20.656363124348545, 52.58276249743929 ], [ 20.662066442624983, 52.593626062509841 ], [ 20.709465694448706, 52.59172013557631 ], [ 20.719346379429759, 52.617676423768486 ], [ 20.75950147963092, 52.642818603632058 ], [ 20.783904018293384, 52.645127990452529 ] ] ], [ [ [ 20.676119576175001, 51.928189534581072 ], [ 20.663835472537802, 51.921465272783507 ], [ 20.648879252815213, 51.927944297940265 ], [ 20.66335827651114, 51.934791827005306 ], [ 20.676119576175001, 51.928189534581072 ] ] ] ] } },
{ "type": "Feature", "properties": { "NUTS_ID": "PL921", "LEVL_CODE": 3, "CNTR_CODE": "PL", "NAME_LATN": "Radomski", "NUTS_NAME": "Radomski", "MOUNT_TYPE": null, "URBN_TYPE": 3.0, "COAST_TYPE": null }, "geometry": { "type": "Polygon", "coordinates": [ [ [ 21.286408721448506, 51.861673521182325 ], [ 21.310554295876969, 51.843305701132252 ], [ 21.38581292729333, 51.819819214294611 ], [ 21.429422964551382, 51.788769643546708 ], [ 21.433910872249527, 51.77583507599482 ], [ 21.412738401603701, 51.745042982651952 ], [ 21.443010073815191, 51.720256270903121 ], [ 21.473333759362347, 51.667679337225948 ], [ 21.542643893739548, 51.662906941685243 ], [ 21.580029080475562, 51.628792726898681 ], [ 21.615542354248838, 51.617561963024954 ], [ 21.682687304333246, 51.574432636086897 ], [ 21.820885349487494, 51.559054037211233 ], [ 21.849711113612997, 51.514583878985398 ], [ 21.85243029161844, 51.485805611578634 ], [ 21.866769594991567, 51.470324103465785 ], [ 21.841062864585588, 51.424427046342949 ], [ 21.80555287251082, 51.425209471990584 ], [ 21.76631433823724, 51.402453461936744 ], [ 21.809002660510934, 51.377819350337425 ], [ 21.835993139252594, 51.374764971014429 ], [ 21.847102290194901, 51.358576077413119 ], [ 21.821307183965327, 51.308022356007065 ], [ 21.799192650507784, 51.292907286237472 ], [ 21.846074356662186, 51.275979657579917 ], [ 21.813650433634095, 51.253482655846334 ], [ 21.810533939313171, 51.228577142223628 ], [ 21.787120959393835, 51.188910885287015 ], [ 21.802997768077383, 51.072078888227196 ], [ 21.787278226995404, 51.066364655025247 ], [ 21.772402419885911, 51.044710655472421 ], [ 21.754755512494963, 51.03942629389509 ], [ 21.70812638056751, 51.043881438124345 ], [ 21.676348364411822, 51.075294063380291 ], [ 21.63312928174112, 51.074113667743894 ], [ 21.630228993646671, 51.063409882892664 ], [ 21.551456240614613, 51.05120153622893 ], [ 21.517276165425443, 51.057721187415432 ], [ 21.490969704227428, 51.024124269228587 ], [ 21.463145747415791, 51.01453586172692 ], [ 21.386182330381814, 51.04069205243178 ], [ 21.380390443470684, 51.056901811303504 ], [ 21.358308258063396, 51.067688993936329 ], [ 21.347787332357715, 51.084053841317555 ], [ 21.16018348547092, 51.081281808113864 ], [ 21.153823847281476, 51.124710230819915 ], [ 21.095565096134521, 51.156897291948688 ], [ 21.114464157708461, 51.182445777955962 ], [ 21.111402985450241, 51.195896816878346 ], [ 21.078204692566885, 51.208905349751248 ], [ 21.071354652736797, 51.206589486185798 ], [ 21.070211781096237, 51.179427339048566 ], [ 21.059040396765855, 51.161845701399074 ], [ 21.00545437242906, 51.146687490194694 ], [ 20.993521412554834, 51.161735560010591 ], [ 20.923839072134079, 51.193170721370848 ], [ 20.879355651044989, 51.156945267390334 ], [ 20.82572613865133, 51.17661872691292 ], [ 20.81302996675495, 51.165895733297582 ], [ 20.818542737128848, 51.155954086353191 ], [ 20.811588222111872, 51.147946884597118 ], [ 20.776016822528472, 51.148185864955536 ], [ 20.723178949972315, 51.171009746811094 ], [ 20.691617700318307, 51.151323825352037 ], [ 20.685596973412718, 51.165274980892484 ], [ 20.699794637342738, 51.184201293152697 ], [ 20.694487489930541, 51.198215831603491 ], [ 20.60229477695756, 51.245493251259575 ], [ 20.545981198752429, 51.233151419329261 ], [ 20.530428890774999, 51.274643031610097 ], [ 20.497806096779556, 51.300128768037766 ], [ 20.51290072849525, 51.31518169855925 ], [ 20.508015004655419, 51.328080032605207 ], [ 20.432814862923976, 51.339405016898091 ], [ 20.424097186118491, 51.363609344846012 ], [ 20.447050800239417, 51.407433254483983 ], [ 20.483760150271877, 51.414428242819064 ], [ 20.490428294987016, 51.441465907491178 ], [ 20.523027719511191, 51.457601445372191 ], [ 20.527695811426561, 51.469508928217081 ], [ 20.516800541625155, 51.506870685925087 ], [ 20.484295694764711, 51.501043608572843 ], [ 20.453019621984488, 51.506821346421333 ], [ 20.465130870990809, 51.562305780537976 ], [ 20.457731027030235, 51.572064087438349 ], [ 20.437743594948479, 51.575522033287015 ], [ 20.420252326659064, 51.604577794624205 ], [ 20.424890742362486, 51.611619628971162 ], [ 20.541328120560035, 51.608091552394761 ], [ 20.543290086269085, 51.59966203062973 ], [ 20.500904366554913, 51.581890174165011 ], [ 20.502279523335524, 51.5613977352752 ], [ 20.56543101722805, 51.558646080064115 ], [ 20.582323365653263, 51.577219527117876 ], [ 20.63274857665877, 51.570675054542981 ], [ 20.655110255789346, 51.605303219126071 ], [ 20.810672660112616, 51.638957007526074 ], [ 20.810261973353867, 51.665254652152299 ], [ 20.771734059396692, 51.689766643361409 ], [ 20.832999555853849, 51.710582535989985 ], [ 20.875786549606023, 51.706824441073074 ], [ 20.891388187236441, 51.736321520734379 ], [ 20.908995271245267, 51.749772115723736 ], [ 20.968759672129494, 51.744494041166533 ], [ 21.008707966254082, 51.717263421453445 ], [ 21.014907290903437, 51.696698663634862 ], [ 21.042527360613349, 51.682520234982 ], [ 21.101122298485926, 51.726092915724777 ], [ 21.124865532151308, 51.730346435610521 ], [ 21.123130801127605, 51.742689576051589 ], [ 21.158230400327568, 51.765981397952878 ], [ 21.184870578201142, 51.763455477974269 ], [ 21.209014191088148, 51.784488020459705 ], [ 21.231874941330656, 51.787328655075235 ], [ 21.281025583303613, 51.815935611423669 ], [ 21.283652183608236, 51.825819690393288 ], [ 21.259361440644948, 51.846334067339953 ], [ 21.286408721448506, 51.861673521182325 ] ], [ [ 20.687421311442399, 51.596622975595395 ], [ 20.70442550818899, 51.593812053557059 ], [ 20.710705757084554, 51.603357308874578 ], [ 20.694026997230512, 51.606400268710161 ], [ 20.687421311442399, 51.596622975595395 ] ] ] } },
{ "type": "Feature", "properties": { "NUTS_ID": "PL922", "LEVL_CODE": 3, "CNTR_CODE": "PL", "NAME_LATN": "Ciechanowski", "NUTS_NAME": "Ciechanowski", "MOUNT_TYPE": null, "URBN_TYPE": 3.0, "COAST_TYPE": null }, "geometry": { "type": "Polygon", "coordinates": [ [ [ 20.411137156308072, 53.214165057643335 ], [ 20.455794955434296, 53.243093367162238 ], [ 20.519335115744965, 53.225473589672333 ], [ 20.555394874266881, 53.226313945435017 ], [ 20.574123610593215, 53.237122510418807 ], [ 20.602897993380935, 53.23768423816103 ], [ 20.615942436383641, 53.251490792772437 ], [ 20.654247717720896, 53.253009846797497 ], [ 20.675953871530119, 53.269529485849652 ], [ 20.702001195030164, 53.22727032357659 ], [ 20.698813663848448, 53.209650113800947 ], [ 20.714185651792306, 53.187758902538107 ], [ 20.695424133359577, 53.134327304777095 ], [ 20.719513950592304, 53.110726773442501 ], [ 20.672285444317556, 53.085384155257366 ], [ 20.680994780139535, 53.060196273641715 ], [ 20.674906013986075, 53.021560345156139 ], [ 20.699639188866559, 52.992819507324562 ], [ 20.7958553820494, 52.9759124762871 ], [ 20.785874163535809, 52.947640300136833 ], [ 20.821448447516172, 52.92288195770049 ], [ 20.882501131998342, 52.833167902237385 ], [ 20.921294273557663, 52.822184415319349 ], [ 21.0038471660338, 52.772858062518161 ], [ 21.060477481772857, 52.787579464488601 ], [ 21.089491323624411, 52.783794813822652 ], [ 21.127820164437395, 52.801096220622966 ], [ 21.176622745594639, 52.784735164151762 ], [ 21.200049326325853, 52.7603964586675 ], [ 21.287108812015592, 52.777868218153543 ], [ 21.325748209761972, 52.765598672830883 ], [ 21.343028191442432, 52.72258469785141 ], [ 21.329903956405374, 52.70197145527861 ], [ 21.290229813890797, 52.676328893857146 ], [ 21.295028225451215, 52.665442236698922 ], [ 21.297820593379218, 52.659106901663222 ], [ 21.286878456412854, 52.642251684602954 ], [ 21.253716510191325, 52.633357051315357 ], [ 21.261323132027307, 52.594352483677142 ], [ 21.22610958961204, 52.571095288908019 ], [ 21.18363213479158, 52.571982509888493 ], [ 21.161747938663737, 52.559297569469358 ], [ 21.121797205544951, 52.553587974553864 ], [ 21.12403652436204, 52.562151924110239 ], [ 21.10460135980653, 52.559752408380014 ], [ 21.04226158875359, 52.535241708346554 ], [ 20.982760457373782, 52.539715956562212 ], [ 20.967661792600328, 52.556502970479976 ], [ 20.930469630552189, 52.558940122700932 ], [ 20.910557682411167, 52.571907530968602 ], [ 20.89794473749766, 52.59503065935796 ], [ 20.862991535176928, 52.610270364188487 ], [ 20.857711152637215, 52.635051930232947 ], [ 20.825809045033143, 52.631617702379927 ], [ 20.783904018293384, 52.645127990452529 ], [ 20.75950147963092, 52.642818603632058 ], [ 20.719346379429759, 52.617676423768486 ], [ 20.709465694448706, 52.59172013557631 ], [ 20.662066442624983, 52.593626062509841 ], [ 20.656363124348545, 52.58276249743929 ], [ 20.61046766468732, 52.566566673373984 ], [ 20.617726763341867, 52.530061957511172 ], [ 20.585519250462291, 52.507642083163411 ], [ 20.57192097843344, 52.46810105733752 ], [ 20.539796203353614, 52.465001215396931 ], [ 20.489075173286452, 52.444165169102355 ], [ 20.486895915751454, 52.418764107860859 ], [ 20.404814244622656, 52.384342392303012 ], [ 20.305765192456768, 52.390895269614632 ], [ 20.251022102396497, 52.388086878539703 ], [ 20.227117051841262, 52.44919754249387 ], [ 20.244461663060303, 52.463068189461382 ], [ 20.235346429397719, 52.50268650654489 ], [ 20.1964888054783, 52.51724800543581 ], [ 20.197468609720989, 52.549302780301709 ], [ 20.167521615002681, 52.56985040936074 ], [ 20.168932809351869, 52.581922687826797 ], [ 20.150275854557229, 52.609071003034295 ], [ 20.163017219475318, 52.645548244740795 ], [ 20.152722197652096, 52.656389993442318 ], [ 20.155504732533995, 52.665442236819715 ], [ 20.157876788087815, 52.673159099408274 ], [ 20.130705366306774, 52.681366407156851 ], [ 20.097193284862261, 52.671875254595228 ], [ 20.080020991168226, 52.691108384386034 ], [ 20.053614191407604, 52.700991502853206 ], [ 20.047834304985098, 52.726065794127237 ], [ 20.058425663881433, 52.74368807584824 ], [ 20.056200662985745, 52.758444515536063 ], [ 19.97091470580208, 52.780169791465845 ], [ 19.97218962564526, 52.803947103387394 ], [ 19.996091898909416, 52.817473887342494 ], [ 19.964869692724413, 52.833426844460689 ], [ 19.954065375877523, 52.88870830469034 ], [ 19.924894046901716, 52.901491068251126 ], [ 19.869581897759229, 52.905839025667952 ], [ 19.832097798188318, 52.917988122597741 ], [ 19.759495779952047, 52.96076480629393 ], [ 19.70650557220657, 52.969682882320058 ], [ 19.684806173410813, 52.963038915223123 ], [ 19.669213519861938, 52.988239993502695 ], [ 19.680582792532032, 53.02480274834069 ], [ 19.654173819661835, 53.044295206916942 ], [ 19.64756079238613, 53.059180388295303 ], [ 19.655186298582557, 53.071227612246354 ], [ 19.638005282318257, 53.109126132895774 ], [ 19.669359659304337, 53.108404384930019 ], [ 19.70728665236452, 53.123637154613704 ], [ 19.723926213345369, 53.140333918244394 ], [ 19.761595613781168, 53.151796424871179 ], [ 19.83579514574587, 53.144516815623916 ], [ 19.832760015317511, 53.179158902519134 ], [ 19.899854421927241, 53.211691701337593 ], [ 19.915592830565526, 53.20492145758918 ], [ 19.913401526329736, 53.176604244219341 ], [ 19.976691466439167, 53.145861748934443 ], [ 20.028612503461034, 53.14850534320653 ], [ 20.080020991190842, 53.162238838937363 ], [ 20.098188402258064, 53.16709216263142 ], [ 20.138173872476468, 53.143162699495399 ], [ 20.17279709129178, 53.154331150966669 ], [ 20.305765192470574, 53.14142615849179 ], [ 20.349265946324131, 53.149860555488537 ], [ 20.34219348528821, 53.164708886886402 ], [ 20.37503850535742, 53.179323435329493 ], [ 20.411137156308072, 53.214165057643335 ] ] ] } },
{ "type": "Feature", "properties": { "NUTS_ID": "PL923", "LEVL_CODE": 3, "CNTR_CODE": "PL", "NAME_LATN": "Płocki", "NUTS_NAME": "Płocki", "MOUNT_TYPE": null, "URBN_TYPE": 3.0, "COAST_TYPE": null }, "geometry": { "type": "Polygon", "coordinates": [ [ [ 20.251022102396497, 52.388086878539703 ], [ 20.188545767020219, 52.37968595052682 ], [ 20.08002099157585, 52.381784566806935 ], [ 20.027507894455887, 52.382800046019049 ], [ 19.970364135635965, 52.416909970478649 ], [ 19.966080614487716, 52.409478403578333 ], [ 19.981052662265594, 52.393429534237221 ], [ 19.976817167664418, 52.378537385666817 ], [ 19.996987350316171, 52.369518190827243 ], [ 19.998938179686483, 52.359927571245052 ], [ 19.982218972271841, 52.33496981439712 ], [ 19.936101041439287, 52.299733508668673 ], [ 19.887862102191708, 52.307104759395394 ], [ 19.870416799659527, 52.297152650475816 ], [ 19.868979726619827, 52.283926841447197 ], [ 19.848761766363122, 52.274457407332527 ], [ 19.802826982079921, 52.280818759037047 ], [ 19.741630978204746, 52.259737902971501 ], [ 19.701270791235906, 52.275788726120219 ], [ 19.681122863577635, 52.258709880270629 ], [ 19.644446755058262, 52.255444082752923 ], [ 19.630275834958898, 52.260908009290794 ], [ 19.628894146693209, 52.274505163679109 ], [ 19.61174190997076, 52.287628793872074 ], [ 19.567348065300827, 52.296391537531264 ], [ 19.520149171231282, 52.305707960681545 ], [ 19.496941463235562, 52.319610798818836 ], [ 19.497728092629799, 52.333368395770897 ], [ 19.453660558653329, 52.348112344400796 ], [ 19.417277470329875, 52.339440987409894 ], [ 19.326992304478757, 52.34892743343466 ], [ 19.321069566571673, 52.365887096434264 ], [ 19.298999334466572, 52.373046756507208 ], [ 19.302947967345798, 52.387448290664807 ], [ 19.289184554838098, 52.392712483576396 ], [ 19.29172470891616, 52.422388214708619 ], [ 19.272523873174528, 52.442488076798391 ], [ 19.318739925178328, 52.45274701111606 ], [ 19.381490407417932, 52.510736099439868 ], [ 19.348443202178345, 52.52817704023996 ], [ 19.346583695213056, 52.562801586479338 ], [ 19.386051431352765, 52.574627046521073 ], [ 19.418885052609347, 52.605309490611674 ], [ 19.376503054591865, 52.633072999668904 ], [ 19.420568266470099, 52.665442236918032 ], [ 19.437490324290618, 52.677872769338308 ], [ 19.448589353583152, 52.719991091374922 ], [ 19.510913532923862, 52.712988966929238 ], [ 19.50518738109858, 52.728718117690974 ], [ 19.514085496844086, 52.747336226124901 ], [ 19.466566284232641, 52.796252162759679 ], [ 19.460961691298266, 52.802021489730294 ], [ 19.428680982389732, 52.820267659202408 ], [ 19.434248144657744, 52.837545920818783 ], [ 19.498681324724636, 52.868903707529881 ], [ 19.464796297411098, 52.912901522154598 ], [ 19.444663806000641, 52.939042437726521 ], [ 19.446185006256798, 52.946614420470667 ], [ 19.458079585363798, 52.942152422350354 ], [ 19.483010279540487, 52.943695539987189 ], [ 19.487977043374048, 52.940995170871467 ], [ 19.527202657572619, 52.937243120335708 ], [ 19.541717629494652, 52.948101770859942 ], [ 19.567348065989734, 52.954286739591588 ], [ 19.57543974193074, 52.956239369484969 ], [ 19.582378773508665, 52.958560151563454 ], [ 19.583638049483525, 52.965189091546712 ], [ 19.567348065455803, 52.975100070289734 ], [ 19.560980892897899, 52.978973918642886 ], [ 19.557112536848486, 52.989042297423168 ], [ 19.567348065780333, 52.987124277435889 ], [ 19.593806037550952, 52.982166357182216 ], [ 19.623829627403811, 52.976540282614671 ], [ 19.634994874026333, 52.970997032130505 ], [ 19.647770978136947, 52.968995251131744 ], [ 19.659758090174194, 52.959590994534686 ], [ 19.681071857888103, 52.956472547468678 ], [ 19.684806173410813, 52.963038915223123 ], [ 19.70650557220657, 52.969682882320058 ], [ 19.759495779952047, 52.96076480629393 ], [ 19.832097798188318, 52.917988122597741 ], [ 19.869581897759229, 52.905839025667952 ], [ 19.924894046901716, 52.901491068251126 ], [ 19.954065375877523, 52.88870830469034 ], [ 19.964869692724413, 52.833426844460689 ], [ 19.996091898909416, 52.817473887342494 ], [ 19.97218962564526, 52.803947103387394 ], [ 19.97091470580208, 52.780169791465845 ], [ 20.056200662985745, 52.758444515536063 ], [ 20.058425663881433, 52.74368807584824 ], [ 20.047834304985098, 52.726065794127237 ], [ 20.053614191407604, 52.700991502853206 ], [ 20.080020991168226, 52.691108384386034 ], [ 20.097193284862261, 52.671875254595228 ], [ 20.130705366306774, 52.681366407156851 ], [ 20.157876788087815, 52.673159099408274 ], [ 20.155504732533995, 52.665442236819715 ], [ 20.152722197652096, 52.656389993442318 ], [ 20.163017219475318, 52.645548244740795 ], [ 20.150275854557229, 52.609071003034295 ], [ 20.168932809351869, 52.581922687826797 ], [ 20.167521615002681, 52.56985040936074 ], [ 20.197468609720989, 52.549302780301709 ], [ 20.1964888054783, 52.51724800543581 ], [ 20.235346429397719, 52.50268650654489 ], [ 20.244461663060303, 52.463068189461382 ], [ 20.227117051841262, 52.44919754249387 ], [ 20.251022102396497, 52.388086878539703 ] ] ] } },
{ "type": "Feature", "properties": { "NUTS_ID": "PL924", "LEVL_CODE": 3, "CNTR_CODE": "PL", "NAME_LATN": "Ostrołęcki", "NUTS_NAME": "Ostrołęcki", "MOUNT_TYPE": null, "URBN_TYPE": 3.0, "COAST_TYPE": null }, "geometry": { "type": "Polygon", "coordinates": [ [ [ 21.612952755460078, 53.480833471540301 ], [ 21.614276600840963, 53.438120035523689 ], [ 21.664730314327407, 53.375334763273869 ], [ 21.672034569510714, 53.341751758019306 ], [ 21.699437774591882, 53.319900857858222 ], [ 21.663785890082277, 53.303622027720486 ], [ 21.645940226274977, 53.260189987426386 ], [ 21.676208476276525, 53.214852187945823 ], [ 21.708862049305544, 53.13555683434889 ], [ 21.741620241755889, 53.11466930566997 ], [ 21.812341811421486, 53.105397750905965 ], [ 21.870383771573433, 53.067047985432453 ], [ 21.923479848738872, 53.066627063033501 ], [ 21.923413360483835, 53.050501652997106 ], [ 21.898594338694192, 53.032103672700501 ], [ 21.893535800452323, 53.012004218934685 ], [ 21.998595713257274, 52.962054336436019 ], [ 22.013150328563569, 52.938497350470648 ], [ 22.003116082679931, 52.91339356143871 ], [ 22.005820675483285, 52.894753443597232 ], [ 22.052918658718365, 52.851897069132889 ], [ 22.154281894770794, 52.849190541592776 ], [ 22.196399417327843, 52.856998554520544 ], [ 22.223928073972893, 52.880387489945903 ], [ 22.26829675821654, 52.881448213235593 ], [ 22.283119202898806, 52.872967258584886 ], [ 22.295423393784034, 52.848843031576422 ], [ 22.265077225292881, 52.83534203355255 ], [ 22.259828709511158, 52.821237910496599 ], [ 22.279159470569709, 52.796252162731356 ], [ 22.312840211114693, 52.752718520578746 ], [ 22.330858084314208, 52.751944093611336 ], [ 22.351826821457067, 52.772721563112434 ], [ 22.389446080379656, 52.789125383651538 ], [ 22.446803389551189, 52.782226175304707 ], [ 22.453794730314396, 52.762092666186767 ], [ 22.440774700020828, 52.695485310687012 ], [ 22.448589855312679, 52.665442236358736 ], [ 22.454502724090847, 52.642711952445644 ], [ 22.439952666452974, 52.623767091535775 ], [ 22.40858906829629, 52.609689886179652 ], [ 22.376069907117976, 52.624453916310621 ], [ 22.339946651747976, 52.659015076703163 ], [ 22.305474797350318, 52.66544223651686 ], [ 22.278642963409251, 52.670444941062726 ], [ 22.214016846785878, 52.6960908139297 ], [ 22.153403561641547, 52.69997264819947 ], [ 22.04881932194483, 52.675919334910922 ], [ 22.047676302477065, 52.665442236321788 ], [ 22.042082904977221, 52.631656999643582 ], [ 22.017238368765728, 52.622524459611327 ], [ 22.004784060331232, 52.62553703033246 ], [ 21.98994809855618, 52.645417545518079 ], [ 21.933592577378935, 52.647959405418646 ], [ 21.917355306547023, 52.665442236555812 ], [ 21.919750463988269, 52.686431172295976 ], [ 21.894740778449105, 52.700099532824552 ], [ 21.844884311428409, 52.693690558999101 ], [ 21.808185368981839, 52.673717100681486 ], [ 21.774148508220861, 52.665442236264447 ], [ 21.736254808444169, 52.656229718243495 ], [ 21.721905818283563, 52.640295619549072 ], [ 21.682567471739723, 52.632229631429126 ], [ 21.65914775591181, 52.606795932549367 ], [ 21.630497733432573, 52.612820362820912 ], [ 21.613475320205524, 52.602006688701501 ], [ 21.572278134279646, 52.601287507522052 ], [ 21.596747917389305, 52.553333499209039 ], [ 21.578729197543346, 52.553027577840076 ], [ 21.572036558429811, 52.555720379668692 ], [ 21.559784901500215, 52.553678950601466 ], [ 21.554016806637563, 52.539591145749597 ], [ 21.556913776072307, 52.52123736674784 ], [ 21.563996979610632, 52.517215673406248 ], [ 21.578220950478041, 52.517486173847381 ], [ 21.57680522068258, 52.511614578739646 ], [ 21.540415472930189, 52.511504863038283 ], [ 21.528527870056394, 52.493231915028836 ], [ 21.528066896602006, 52.48328103849866 ], [ 21.508761518207475, 52.482908816148473 ], [ 21.507118366530417, 52.476769951335569 ], [ 21.485512506779894, 52.472730539300848 ], [ 21.477759352365364, 52.467549263500537 ], [ 21.477589263452618, 52.476846438900267 ], [ 21.465065497396417, 52.477185000179354 ], [ 21.442904723717646, 52.472957815264095 ], [ 21.426234547280096, 52.463503852137549 ], [ 21.40475558761953, 52.467718444475842 ], [ 21.381200180032277, 52.471267807527404 ], [ 21.383153682493187, 52.481372528133697 ], [ 21.357699222019459, 52.487010287525194 ], [ 21.350305477717452, 52.502950978664302 ], [ 21.313979450771829, 52.503057912041157 ], [ 21.314069414636677, 52.519254859703373 ], [ 21.305862418560235, 52.533004091415783 ], [ 21.283033378326657, 52.529916603354522 ], [ 21.22540525972213, 52.533411414804405 ], [ 21.195665532096481, 52.526783787706002 ], [ 21.177892516272728, 52.527703540428035 ], [ 21.173523679534977, 52.52447323137627 ], [ 21.17057978798459, 52.514162439734953 ], [ 21.163179572159869, 52.509872944360033 ], [ 21.156585777520338, 52.511793278578473 ], [ 21.150312756770823, 52.518325130344721 ], [ 21.14276920134041, 52.519043853613589 ], [ 21.147827094427072, 52.528630168408981 ], [ 21.140287127994807, 52.531691002305408 ], [ 21.119967035904047, 52.532534440308503 ], [ 21.118493951206602, 52.548972936616366 ], [ 21.121797205544951, 52.553587974553864 ], [ 21.161747938663737, 52.559297569469358 ], [ 21.18363213479158, 52.571982509888493 ], [ 21.22610958961204, 52.571095288908019 ], [ 21.261323132027307, 52.594352483677142 ], [ 21.253716510191325, 52.633357051315357 ], [ 21.286878456412854, 52.642251684602954 ], [ 21.297820593379218, 52.659106901663222 ], [ 21.295028225451215, 52.665442236698922 ], [ 21.290229813890797, 52.676328893857146 ], [ 21.329903956405374, 52.70197145527861 ], [ 21.343028191442432, 52.72258469785141 ], [ 21.325748209761972, 52.765598672830883 ], [ 21.287108812015592, 52.777868218153543 ], [ 21.200049326325853, 52.7603964586675 ], [ 21.176622745594639, 52.784735164151762 ], [ 21.127820164437395, 52.801096220622966 ], [ 21.089491323624411, 52.783794813822652 ], [ 21.060477481772857, 52.787579464488601 ], [ 21.0038471660338, 52.772858062518161 ], [ 20.921294273557663, 52.822184415319349 ], [ 20.882501131998342, 52.833167902237385 ], [ 20.821448447516172, 52.92288195770049 ], [ 20.785874163535809, 52.947640300136833 ], [ 20.7958553820494, 52.9759124762871 ], [ 20.699639188866559, 52.992819507324562 ], [ 20.674906013986075, 53.021560345156139 ], [ 20.680994780139535, 53.060196273641715 ], [ 20.672285444317556, 53.085384155257366 ], [ 20.719513950592304, 53.110726773442501 ], [ 20.695424133359577, 53.134327304777095 ], [ 20.714185651792306, 53.187758902538107 ], [ 20.698813663848448, 53.209650113800947 ], [ 20.702001195030164, 53.22727032357659 ], [ 20.675953871530119, 53.269529485849652 ], [ 20.694941755453282, 53.298361290807456 ], [ 20.719997182642842, 53.308599149231945 ], [ 20.752790341164125, 53.315123094723454 ], [ 20.847695738661542, 53.296360475396995 ], [ 20.875851101387532, 53.317667332535542 ], [ 20.90037789448542, 53.313358549532211 ], [ 20.921622381423472, 53.320430386065183 ], [ 20.915404834161826, 53.344029773954738 ], [ 20.938426068676822, 53.357190945438305 ], [ 21.000734674583622, 53.358615873494713 ], [ 21.060701866372806, 53.336612059277719 ], [ 21.248233855056629, 53.4183739047483 ], [ 21.276067290034955, 53.424295347922119 ], [ 21.292006623747238, 53.414704310339111 ], [ 21.309331731009163, 53.421562565393494 ], [ 21.349927375258524, 53.416836151329342 ], [ 21.41724671986675, 53.429518603535882 ], [ 21.436615594090455, 53.438834416192556 ], [ 21.440464638447814, 53.463345543979123 ], [ 21.551689914488367, 53.478127857852826 ], [ 21.612952755460078, 53.480833471540301 ] ] ] } },
{ "type": "Feature", "properties": { "NUTS_ID": "PL925", "LEVL_CODE": 3, "CNTR_CODE": "PL", "NAME_LATN": "Siedlecki", "NUTS_NAME": "Siedlecki", "MOUNT_TYPE": null, "URBN_TYPE": 3.0, "COAST_TYPE": null }, "geometry": { "type": "Polygon", "coordinates": [ [ [ 23.128408849754603, 52.287841486576802 ], [ 23.08033772864156, 52.239280186661226 ], [ 23.034029860081858, 52.216879854777147 ], [ 23.034527051515088, 52.195506388068154 ], [ 23.052269693717314, 52.176226878381158 ], [ 22.983498134593948, 52.172144809298793 ], [ 22.979199308378824, 52.157503603203352 ], [ 22.95233939146102, 52.145110914303096 ], [ 22.937798727546408, 52.138402110309514 ], [ 22.952339390296359, 52.12575917126491 ], [ 22.963198985286429, 52.116316880147529 ], [ 22.959178626606679, 52.109268539245448 ], [ 22.952339391369847, 52.108819068416324 ], [ 22.899852801802673, 52.105369670633628 ], [ 22.892431100469857, 52.092802139725961 ], [ 22.899484979681446, 52.081777122516911 ], [ 22.904008951199756, 52.074706281155713 ], [ 22.900050556170207, 52.066452053718081 ], [ 22.857833831211515, 52.068241951354487 ], [ 22.851507462180468, 52.068510175494282 ], [ 22.827805350608973, 52.080571936587397 ], [ 22.783595559302498, 52.071254978195704 ], [ 22.768972843421775, 52.081777122789362 ], [ 22.752856640747407, 52.093373942429047 ], [ 22.71827712545268, 52.100766164258481 ], [ 22.700343709555078, 52.107868467752823 ], [ 22.699432114277514, 52.11776956170997 ], [ 22.670333573284722, 52.105809303142856 ], [ 22.648291928263529, 52.09086100598509 ], [ 22.663328617331185, 52.081777122669827 ], [ 22.660548056595601, 52.040763603682585 ], [ 22.622901384684234, 52.018744640559369 ], [ 22.603245288140275, 52.035929368157618 ], [ 22.557804467586838, 52.042129651706077 ], [ 22.51191320806365, 52.067136574801346 ], [ 22.494547318644994, 52.067687318673208 ], [ 22.43292440250055, 52.018824907331165 ], [ 22.38227166505466, 52.015269299558064 ], [ 22.346337699702623, 51.998082627355338 ], [ 22.323409000291932, 52.008483668433549 ], [ 22.321291720181677, 52.032998960665815 ], [ 22.306260449848381, 52.036686405211157 ], [ 22.25460505370804, 52.006469232665495 ], [ 22.156763763061228, 52.026124122546143 ], [ 22.136453883350931, 52.008024590376714 ], [ 22.110720058528564, 52.002344283499575 ], [ 22.034266131462367, 52.020760689707579 ], [ 21.970067044429086, 51.9919828665045 ], [ 21.937117712206739, 51.991647591501462 ], [ 21.8915151493261, 51.975419490384517 ], [ 21.868741912561571, 51.944516037259817 ], [ 21.908246870665582, 51.887769576466773 ], [ 21.884370165940496, 51.857941734233542 ], [ 21.848219706925708, 51.844463241420684 ], [ 21.86261384692915, 51.832454429030271 ], [ 21.922563689878707, 51.835893807751134 ], [ 21.940227659984576, 51.824646729360104 ], [ 21.953485787753397, 51.795782379533357 ], [ 21.84091598772973, 51.750941207729817 ], [ 21.841305145270727, 51.742325740408916 ], [ 21.867780225557162, 51.731297280648405 ], [ 21.875449297083222, 51.715860360517603 ], [ 21.897436186971206, 51.701951904294667 ], [ 21.875196914510628, 51.679371116480759 ], [ 21.846636872679674, 51.669744281955289 ], [ 21.831981976398257, 51.650444302703512 ], [ 21.762603009611233, 51.639027809258032 ], [ 21.74601441054967, 51.614914676111219 ], [ 21.730386536689569, 51.618684523108051 ], [ 21.718656955860336, 51.635012382196059 ], [ 21.648662085346626, 51.658395791943157 ], [ 21.639038010142496, 51.651970732649509 ], [ 21.637340032601589, 51.627922106600444 ], [ 21.615542354248838, 51.617561963024954 ], [ 21.580029080475562, 51.628792726898681 ], [ 21.542643893739548, 51.662906941685243 ], [ 21.473333759362347, 51.667679337225948 ], [ 21.443010073815191, 51.720256270903121 ], [ 21.412738401603701, 51.745042982651952 ], [ 21.433910872249527, 51.77583507599482 ], [ 21.429422964551382, 51.788769643546708 ], [ 21.38581292729333, 51.819819214294611 ], [ 21.310554295876969, 51.843305701132252 ], [ 21.286408721448506, 51.861673521182325 ], [ 21.275804604418582, 51.876792025590781 ], [ 21.297829473942116, 51.879586379243996 ], [ 21.319800144298949, 51.90107424031838 ], [ 21.403834216859828, 51.896937646338628 ], [ 21.472522652477167, 51.910387956258361 ], [ 21.459982421509832, 51.934323976218721 ], [ 21.477056040437375, 51.952860255215718 ], [ 21.47826449543777, 51.974946669325995 ], [ 21.508054526017212, 51.987798422755446 ], [ 21.537030853587463, 52.019062733885349 ], [ 21.573378489731287, 52.033444851785262 ], [ 21.631720822584363, 52.010009367782743 ], [ 21.666443506696595, 52.021225371383366 ], [ 21.774291870253141, 51.977630720135565 ], [ 21.875593602671959, 51.99282660878206 ], [ 21.879937392523317, 52.040192311512818 ], [ 21.965186203934252, 52.089482616843092 ], [ 21.93255721646338, 52.143928943001107 ], [ 21.910316056686849, 52.165449589803949 ], [ 21.913109680641067, 52.183638396150023 ], [ 21.93265520076142, 52.209746360762914 ], [ 21.923632791914205, 52.224601553445886 ], [ 21.868265863459545, 52.221083939500666 ], [ 21.853159576318852, 52.246810535611992 ], [ 21.802069681487705, 52.265431379768458 ], [ 21.774740033495984, 52.306220048794614 ], [ 21.741444546728303, 52.323141061548078 ], [ 21.780937205384259, 52.347312319559393 ], [ 21.71308714790673, 52.39546889643227 ], [ 21.691250122444732, 52.452840098711725 ], [ 21.72610442476747, 52.461601655596105 ], [ 21.723539819689744, 52.490094294741617 ], [ 21.697078556744277, 52.510466742489939 ], [ 21.637099688568316, 52.51645485441351 ], [ 21.596747917389305, 52.553333499209039 ], [ 21.572278134279646, 52.601287507522052 ], [ 21.613475320205524, 52.602006688701501 ], [ 21.630497733432573, 52.612820362820912 ], [ 21.65914775591181, 52.606795932549367 ], [ 21.682567471739723, 52.632229631429126 ], [ 21.721905818283563, 52.640295619549072 ], [ 21.736254808444169, 52.656229718243495 ], [ 21.774148508220861, 52.665442236264447 ], [ 21.808185368981839, 52.673717100681486 ], [ 21.844884311428409, 52.693690558999101 ], [ 21.894740778449105, 52.700099532824552 ], [ 21.919750463988269, 52.686431172295976 ], [ 21.917355306547023, 52.665442236555812 ], [ 21.933592577378935, 52.647959405418646 ], [ 21.98994809855618, 52.645417545518079 ], [ 22.004784060331232, 52.62553703033246 ], [ 22.017238368765728, 52.622524459611327 ], [ 22.042082904977221, 52.631656999643582 ], [ 22.047676302477065, 52.665442236321788 ], [ 22.04881932194483, 52.675919334910922 ], [ 22.153403561641547, 52.69997264819947 ], [ 22.214016846785878, 52.6960908139297 ], [ 22.278642963409251, 52.670444941062726 ], [ 22.305474797350318, 52.66544223651686 ], [ 22.339946651747976, 52.659015076703163 ], [ 22.376069907117976, 52.624453916310621 ], [ 22.40858906829629, 52.609689886179652 ], [ 22.456090392274405, 52.584077058617773 ], [ 22.520496316971983, 52.525419139599826 ], [ 22.513144015634023, 52.483275465070065 ], [ 22.530372451383386, 52.465448463265268 ], [ 22.549639118127633, 52.463906489902641 ], [ 22.544256868803309, 52.427288667342374 ], [ 22.56575046959447, 52.406503214159528 ], [ 22.61710114614349, 52.390484808222219 ], [ 22.698025379155371, 52.3922679797017 ], [ 22.718277125531802, 52.384887288401586 ], [ 22.727518203062342, 52.369922041177695 ], [ 22.755822160633784, 52.381291697498561 ], [ 22.84657439249488, 52.360283445356103 ], [ 22.857833830849724, 52.361688172414794 ], [ 22.937109350340425, 52.371578578385261 ], [ 22.952339391237924, 52.367025584238469 ], [ 22.962535381466761, 52.363977510057609 ], [ 22.995930712102769, 52.335194191256925 ], [ 23.042661044998198, 52.324631256026926 ], [ 23.055438325812336, 52.306485169266708 ], [ 23.056009592482539, 52.285448378712843 ], [ 23.074813473325626, 52.283577609589528 ], [ 23.110558941396604, 52.297675291424405 ], [ 23.128408849754603, 52.287841486576802 ] ] ] } },
{ "type": "Feature", "properties": { "NUTS_ID": "PL926", "LEVL_CODE": 3, "CNTR_CODE": "PL", "NAME_LATN": "Żyrardowski", "NUTS_NAME": "Żyrardowski", "MOUNT_TYPE": null, "URBN_TYPE": 3.0, "COAST_TYPE": null }, "geometry": { "type": "MultiPolygon", "coordinates": [ [ [ [ 20.08002099157585, 52.381784566806935 ], [ 20.188545767020219, 52.37968595052682 ], [ 20.251022102396497, 52.388086878539703 ], [ 20.305765192456768, 52.390895269614632 ], [ 20.404814244622656, 52.384342392303012 ], [ 20.421376125450845, 52.342024119775644 ], [ 20.389094509701035, 52.316892402844431 ], [ 20.397061269508942, 52.303562481227296 ], [ 20.331705615691192, 52.283228332565074 ], [ 20.347489319031638, 52.241190086147292 ], [ 20.375164349921139, 52.234808683620408 ], [ 20.405221558054418, 52.240927547003466 ], [ 20.419286351362995, 52.223660671521053 ], [ 20.444635633717034, 52.238182800092559 ], [ 20.485682412480607, 52.231107734317369 ], [ 20.488527622689734, 52.201748547271279 ], [ 20.480469870655938, 52.181836502051908 ], [ 20.417198623434142, 52.188123513637784 ], [ 20.401084979175085, 52.171151775650664 ], [ 20.414761400034688, 52.133695254761975 ], [ 20.445409850314675, 52.101694092164998 ], [ 20.450183260736765, 52.081777122473923 ], [ 20.471384034494477, 52.058466470554357 ], [ 20.47030925514979, 52.038862035055359 ], [ 20.497878358671969, 52.03485643667689 ], [ 20.526602866154917, 52.049584721161366 ], [ 20.619007621772145, 52.047034679845183 ], [ 20.610381214890758, 52.028665942689727 ], [ 20.610032781794239, 51.983848077639578 ], [ 20.597914439632639, 51.970330203581753 ], [ 20.636475344585676, 51.934882441359612 ], [ 20.687800960574847, 51.951658539307495 ], [ 20.723899961268685, 51.944307001093449 ], [ 20.798720365254358, 51.956134410749186 ], [ 20.841738018504778, 51.931970508798109 ], [ 20.900236430830706, 51.928250329736628 ], [ 20.924409196352617, 51.935010249083959 ], [ 20.965159989794994, 51.909653029010734 ], [ 21.028365452918631, 51.933456391537419 ], [ 21.088565699961315, 51.938798318170228 ], [ 21.179533783571493, 51.926571952467462 ], [ 21.202016041386177, 51.910237690725836 ], [ 21.206342516807588, 51.89710013750738 ], [ 21.227094534295961, 51.894524520376585 ], [ 21.239110228813477, 51.901631148359456 ], [ 21.275804604418582, 51.876792025590781 ], [ 21.286408721448506, 51.861673521182325 ], [ 21.259361440644948, 51.846334067339953 ], [ 21.283652183608236, 51.825819690393288 ], [ 21.281025583303613, 51.815935611423669 ], [ 21.231874941330656, 51.787328655075235 ], [ 21.209014191088148, 51.784488020459705 ], [ 21.184870578201142, 51.763455477974269 ], [ 21.158230400327568, 51.765981397952878 ], [ 21.123130801127605, 51.742689576051589 ], [ 21.124865532151308, 51.730346435610521 ], [ 21.101122298485926, 51.726092915724777 ], [ 21.042527360613349, 51.682520234982 ], [ 21.014907290903437, 51.696698663634862 ], [ 21.008707966254082, 51.717263421453445 ], [ 20.968759672129494, 51.744494041166533 ], [ 20.908995271245267, 51.749772115723736 ], [ 20.891388187236441, 51.736321520734379 ], [ 20.875786549606023, 51.706824441073074 ], [ 20.832999555853849, 51.710582535989985 ], [ 20.771734059396692, 51.689766643361409 ], [ 20.810261973353867, 51.665254652152299 ], [ 20.810672660112616, 51.638957007526074 ], [ 20.655110255789346, 51.605303219126071 ], [ 20.63274857665877, 51.570675054542981 ], [ 20.582323365653263, 51.577219527117876 ], [ 20.56543101722805, 51.558646080064115 ], [ 20.502279523335524, 51.5613977352752 ], [ 20.500904366554913, 51.581890174165011 ], [ 20.543290086269085, 51.59966203062973 ], [ 20.541328120560035, 51.608091552394761 ], [ 20.424890742362486, 51.611619628971162 ], [ 20.419295466135498, 51.620385694423554 ], [ 20.418196430019346, 51.629333525524132 ], [ 20.413585096116719, 51.63374025203489 ], [ 20.39247313056687, 51.635986885437553 ], [ 20.385016930735993, 51.641663095754076 ], [ 20.402340067062468, 51.670179727336716 ], [ 20.462205940474021, 51.692744600995454 ], [ 20.507578994974622, 51.683742319502592 ], [ 20.533972645335769, 51.667296588134114 ], [ 20.617476266089174, 51.660035756195505 ], [ 20.650549919739085, 51.682526642729428 ], [ 20.653380554644031, 51.720533895931844 ], [ 20.632219947425305, 51.737491865654867 ], [ 20.589713912019572, 51.751101364052182 ], [ 20.575540388504127, 51.813918041611736 ], [ 20.607159654561752, 51.82470203816581 ], [ 20.597168207508876, 51.852375672957216 ], [ 20.56252548643252, 51.885506563155687 ], [ 20.49260163351229, 51.895920924539986 ], [ 20.481714030483651, 51.918876637964857 ], [ 20.444235671434079, 51.938319625381034 ], [ 20.383688569522196, 51.937481546089536 ], [ 20.318035905243025, 51.915442356256655 ], [ 20.30576519277707, 51.927848071571262 ], [ 20.298373927083748, 51.935320655182366 ], [ 20.249166946624239, 51.937059208459168 ], [ 20.25061945702657, 51.951196294150606 ], [ 20.274726195732686, 51.974192329666579 ], [ 20.256353525944014, 51.997467408809555 ], [ 20.208471170793509, 52.023834941757165 ], [ 20.244585754456239, 52.05159991439222 ], [ 20.250659590472971, 52.072358744450369 ], [ 20.267502235622654, 52.081777122341741 ], [ 20.264592934105799, 52.101894716821967 ], [ 20.247335762856792, 52.116805513530636 ], [ 20.198369018042293, 52.117947853766431 ], [ 20.157594722359608, 52.148952201144823 ], [ 20.119888607067622, 52.145100938556652 ], [ 20.094513514169037, 52.152677067725506 ], [ 20.080020991494681, 52.171639362465221 ], [ 20.064032406024523, 52.19255913398684 ], [ 20.075073525241731, 52.234829264158201 ], [ 20.044335029488479, 52.245899417508298 ], [ 20.033001932911983, 52.258741656449438 ], [ 19.969828501640531, 52.267561091764996 ], [ 19.936101041439287, 52.299733508668673 ], [ 19.982218972271841, 52.33496981439712 ], [ 19.998938179686483, 52.359927571245052 ], [ 19.996987350316171, 52.369518190827243 ], [ 19.976817167664418, 52.378537385666817 ], [ 19.981052662265594, 52.393429534237221 ], [ 19.966080614487716, 52.409478403578333 ], [ 19.970364135635965, 52.416909970478649 ], [ 20.027507894455887, 52.382800046019049 ], [ 20.08002099157585, 52.381784566806935 ] ], [ [ 20.648879252815213, 51.927944297940265 ], [ 20.663835472537802, 51.921465272783507 ], [ 20.676119576175001, 51.928189534581072 ], [ 20.66335827651114, 51.934791827005306 ], [ 20.648879252815213, 51.927944297940265 ] ] ], [ [ [ 20.710705757084554, 51.603357308874578 ], [ 20.70442550818899, 51.593812053557059 ], [ 20.687421311442399, 51.596622975595395 ], [ 20.694026997230512, 51.606400268710161 ], [ 20.710705757084554, 51.603357308874578 ] ] ] ] } },
{ "type": "Feature", "properties": { "NUTS_ID": "PL213", "LEVL_CODE": 3, "CNTR_CODE": "PL", "NAME_LATN": "Miasto Kraków", "NUTS_NAME": "Miasto Kraków", "MOUNT_TYPE": null, "URBN_TYPE": 1.0, "COAST_TYPE": null }, "geometry": { "type": "Polygon", "coordinates": [ [ [ 20.080020991253594, 50.11483005106836 ], [ 20.10099470330929, 50.118150254729152 ], [ 20.135649882319324, 50.10772002913825 ], [ 20.163482366156629, 50.120334896237111 ], [ 20.206600786044401, 50.115907470166775 ], [ 20.191798331434576, 50.084754156589362 ], [ 20.214446286648688, 50.056654622718476 ], [ 20.21044574609423, 50.047715336486 ], [ 20.085692653448536, 50.04062707915952 ], [ 20.080020990809288, 50.033332347867237 ], [ 20.057683104378501, 50.004601994562748 ], [ 20.008977450307629, 49.999264662189383 ], [ 20.014149273627552, 49.983585835151793 ], [ 20.002786518666976, 49.975200217991848 ], [ 19.973115590301592, 49.978247384996799 ], [ 19.956486616239953, 49.968977391627952 ], [ 19.902969883597549, 49.980101995924073 ], [ 19.871787504927134, 49.973478863078554 ], [ 19.842422596655517, 49.993790625676887 ], [ 19.799348222921605, 49.994600588580589 ], [ 19.792181577235091, 50.012129194322362 ], [ 19.823891814353615, 50.026361104906073 ], [ 19.813314045373247, 50.040459379912171 ], [ 19.816556637987965, 50.057001562722874 ], [ 19.803793919580578, 50.066281623123807 ], [ 19.807376523430399, 50.076257827755782 ], [ 19.857861706175658, 50.094811461137972 ], [ 19.890274980551091, 50.123883858055578 ], [ 19.919453323480063, 50.103761632644911 ], [ 19.940271996496538, 50.117676687256925 ], [ 19.973059357562455, 50.107147259786451 ], [ 20.021388730547418, 50.10554838096499 ], [ 20.080020991253594, 50.11483005106836 ] ] ] } },
{ "type": "Feature", "properties": { "NUTS_ID": "PL214", "LEVL_CODE": 3, "CNTR_CODE": "PL", "NAME_LATN": "Krakowski", "NUTS_NAME": "Krakowski", "MOUNT_TYPE": null, "URBN_TYPE": 3.0, "COAST_TYPE": null }, "geometry": { "type": "Polygon", "coordinates": [ [ [ 20.681539112493141, 50.205875413679038 ], [ 20.586741414507518, 50.143317048906745 ], [ 20.533407335445894, 50.144671576258105 ], [ 20.504522230890029, 50.131392993717895 ], [ 20.510778373114064, 50.105394314034228 ], [ 20.525599848884998, 50.09786312453322 ], [ 20.531979331222274, 50.081405269735789 ], [ 20.611664330005478, 50.068814184253398 ], [ 20.628569917001411, 50.056828676145066 ], [ 20.597908547127016, 50.040239089472706 ], [ 20.577587838698484, 50.002990865477045 ], [ 20.554582302090285, 49.99008333611846 ], [ 20.546235905989239, 49.959093494691011 ], [ 20.52752486184745, 49.946394749732598 ], [ 20.530195042193526, 49.933490321184237 ], [ 20.565185574063797, 49.912361549807862 ], [ 20.556809782557828, 49.878020780876142 ], [ 20.576916595610527, 49.84219363710254 ], [ 20.523055618623449, 49.832601796904989 ], [ 20.530537061349758, 49.813665914850901 ], [ 20.518081802412336, 49.798243978436957 ], [ 20.477173489511305, 49.79952154684667 ], [ 20.463946723597658, 49.781802396570725 ], [ 20.370100901363081, 49.7796135440082 ], [ 20.332332703794755, 49.817805746434125 ], [ 20.31787668673854, 49.820244732481839 ], [ 20.305765191709707, 49.814336041816034 ], [ 20.292560223020772, 49.807893891659631 ], [ 20.258046649882345, 49.828908543715684 ], [ 20.239250382307247, 49.827780711855979 ], [ 20.205397484414206, 49.80753970525398 ], [ 20.153658659967608, 49.802142786099168 ], [ 20.139701944511764, 49.753062308878754 ], [ 20.131025928873491, 49.746324466614666 ], [ 20.088864337391762, 49.731689301449755 ], [ 20.080020990590189, 49.733277057800557 ], [ 20.034619976488287, 49.741428466002453 ], [ 20.005850150122765, 49.705109064790797 ], [ 20.009863753386004, 49.672663725997261 ], [ 19.991879528464839, 49.65354313144752 ], [ 19.952692132756699, 49.6582814453919 ], [ 19.947326595145324, 49.622789709935077 ], [ 19.921213596896866, 49.623480773782454 ], [ 19.897737643872908, 49.636462798681478 ], [ 19.904350360371534, 49.654172566777859 ], [ 19.889601771539322, 49.681128391176024 ], [ 19.908490890210864, 49.711847631823225 ], [ 19.798867650508743, 49.707676666685259 ], [ 19.775857623578897, 49.751989045012571 ], [ 19.801755969572721, 49.7681815503895 ], [ 19.800519136549557, 49.783846709876265 ], [ 19.791226838052989, 49.790822832743167 ], [ 19.749247271483281, 49.79027083842589 ], [ 19.757629057712265, 49.83010358167617 ], [ 19.797830197280096, 49.886257124539128 ], [ 19.737296039210861, 49.918619799112285 ], [ 19.713165319334426, 49.954408982902976 ], [ 19.668205906868668, 49.953777210576199 ], [ 19.651238812805676, 49.983774997619953 ], [ 19.609821208341401, 49.984465610493181 ], [ 19.567348066266405, 50.006671405996187 ], [ 19.567348066511673, 50.01321416546299 ], [ 19.568275189696777, 50.019276398980516 ], [ 19.620222910583241, 50.039656313661176 ], [ 19.580915190128731, 50.086465541024729 ], [ 19.567348066559578, 50.095885443272543 ], [ 19.541903414851909, 50.113552128879654 ], [ 19.537187969941769, 50.135148293698187 ], [ 19.551085471145129, 50.173086858525096 ], [ 19.535431111782412, 50.191228390338551 ], [ 19.567348066146657, 50.198587761599839 ], [ 19.609884100477981, 50.192340465114562 ], [ 19.641937042229522, 50.201383642358891 ], [ 19.677951051324211, 50.250086213911352 ], [ 19.686957303513697, 50.29310273565558 ], [ 19.808327360270571, 50.274143308797129 ], [ 19.839574715612606, 50.258769932984585 ], [ 19.896688525387301, 50.276601858046391 ], [ 19.906940360205553, 50.299770452146412 ], [ 19.85179709745087, 50.317401034796113 ], [ 19.833369532898082, 50.331954122410572 ], [ 19.848747583376188, 50.371674545626405 ], [ 19.844537657611493, 50.434195421319778 ], [ 19.858420558672321, 50.447108862895519 ], [ 19.895618026532759, 50.453949306394136 ], [ 19.903486705284301, 50.472003887012065 ], [ 19.96721271821027, 50.477053629197194 ], [ 19.949966502224587, 50.504782489703359 ], [ 19.978991667776778, 50.519192033459007 ], [ 20.034547912273005, 50.50264444866098 ], [ 20.068832906540166, 50.510025500917806 ], [ 20.080020991046304, 50.502977125211196 ], [ 20.105687181742958, 50.486807692222875 ], [ 20.204319389464445, 50.494114640557243 ], [ 20.269836107426791, 50.467955512098541 ], [ 20.266092719090096, 50.430294854220271 ], [ 20.28757166592408, 50.417393759425011 ], [ 20.305765191348087, 50.395072960769106 ], [ 20.334867784468148, 50.359368334207211 ], [ 20.305765192475096, 50.351392655767988 ], [ 20.297461558419922, 50.349117012725301 ], [ 20.30180643508551, 50.335625197395444 ], [ 20.295403843447811, 50.323797936542874 ], [ 20.305765191550421, 50.32163080561039 ], [ 20.324284253175222, 50.317757447209829 ], [ 20.341421664081736, 50.302732889093498 ], [ 20.343269239584085, 50.290709219652406 ], [ 20.357881489478277, 50.283144578056046 ], [ 20.335999818599962, 50.267510673537757 ], [ 20.387267800685589, 50.241340139088464 ], [ 20.378854420987359, 50.216268462948484 ], [ 20.406567095548752, 50.208122109752878 ], [ 20.417517714269163, 50.195663753801654 ], [ 20.478530998591332, 50.19688578589659 ], [ 20.516093377972194, 50.187451168328948 ], [ 20.552716083046853, 50.199495692272556 ], [ 20.575335759475379, 50.18994192521243 ], [ 20.63746469316505, 50.209904079639408 ], [ 20.681539112493141, 50.205875413679038 ] ], [ [ 20.080020991253594, 50.11483005106836 ], [ 20.021388730547418, 50.10554838096499 ], [ 19.973059357562455, 50.107147259786451 ], [ 19.940271996496538, 50.117676687256925 ], [ 19.919453323480063, 50.103761632644911 ], [ 19.890274980551091, 50.123883858055578 ], [ 19.857861706175658, 50.094811461137972 ], [ 19.807376523430399, 50.076257827755782 ], [ 19.803793919580578, 50.066281623123807 ], [ 19.816556637987965, 50.057001562722874 ], [ 19.813314045373247, 50.040459379912171 ], [ 19.823891814353615, 50.026361104906073 ], [ 19.792181577235091, 50.012129194322362 ], [ 19.799348222921605, 49.994600588580589 ], [ 19.842422596655517, 49.993790625676887 ], [ 19.871787504927134, 49.973478863078554 ], [ 19.902969883597549, 49.980101995924073 ], [ 19.956486616239953, 49.968977391627952 ], [ 19.973115590301592, 49.978247384996799 ], [ 20.002786518666976, 49.975200217991848 ], [ 20.014149273627552, 49.983585835151793 ], [ 20.008977450307629, 49.999264662189383 ], [ 20.057683104378501, 50.004601994562748 ], [ 20.080020990809288, 50.033332347867237 ], [ 20.085692653448536, 50.04062707915952 ], [ 20.21044574609423, 50.047715336486 ], [ 20.214446286648688, 50.056654622718476 ], [ 20.191798331434576, 50.084754156589362 ], [ 20.206600786044401, 50.115907470166775 ], [ 20.163482366156629, 50.120334896237111 ], [ 20.135649882319324, 50.10772002913825 ], [ 20.10099470330929, 50.118150254729152 ], [ 20.080020991253594, 50.11483005106836 ] ] ] } },
{ "type": "Feature", "properties": { "NUTS_ID": "PL217", "LEVL_CODE": 3, "CNTR_CODE": "PL", "NAME_LATN": "Tarnowski", "NUTS_NAME": "Tarnowski", "MOUNT_TYPE": null, "URBN_TYPE": 3.0, "COAST_TYPE": null }, "geometry": { "type": "Polygon", "coordinates": [ [ [ 21.208831663638716, 50.354897412343249 ], [ 21.219354216867274, 50.311817658990712 ], [ 21.189705423695052, 50.300284954738885 ], [ 21.149402429190637, 50.257861621741313 ], [ 21.168609451380874, 50.24272466373435 ], [ 21.152254097372786, 50.233753352675123 ], [ 21.168733832380127, 50.200032387031762 ], [ 21.155262966383528, 50.150398915564537 ], [ 21.165205767199339, 50.140541706237464 ], [ 21.15157051022431, 50.13127061523884 ], [ 21.179333330779585, 50.12046923509466 ], [ 21.187011168531001, 50.098991857556086 ], [ 21.167908715705387, 50.088954261257904 ], [ 21.173236985691066, 50.074655766704112 ], [ 21.149376531635749, 50.050552858873793 ], [ 21.189593894673084, 50.027726573984815 ], [ 21.154580272655199, 50.00057384128025 ], [ 21.150708143457315, 49.982729861564358 ], [ 21.180238428191281, 49.930953519176008 ], [ 21.280733065387857, 49.924079124629301 ], [ 21.286231146761889, 49.910387665666782 ], [ 21.280707729610754, 49.896261687000688 ], [ 21.230026995842945, 49.884005388273515 ], [ 21.226920472198767, 49.855910940054017 ], [ 21.252520823914967, 49.842493461690985 ], [ 21.297149682618553, 49.842863902797795 ], [ 21.335967544127431, 49.82525523954137 ], [ 21.341679532630224, 49.814916684672014 ], [ 21.311872404869373, 49.797958924540701 ], [ 21.278337570320826, 49.802164798753502 ], [ 21.24177224644751, 49.776104359478161 ], [ 21.15973420243467, 49.780622149064293 ], [ 21.104266711290435, 49.76916603639377 ], [ 21.065912309261371, 49.749758116488103 ], [ 21.035336259196704, 49.767305752671959 ], [ 21.006039793646835, 49.759919056000129 ], [ 21.000163412604174, 49.746628727046406 ], [ 20.957186972520255, 49.744873989438737 ], [ 20.932240441702945, 49.729973235298388 ], [ 20.877123010430275, 49.73390772017823 ], [ 20.84267089644009, 49.76259020965842 ], [ 20.744894036984185, 49.788440959616757 ], [ 20.715703640084623, 49.805566974954196 ], [ 20.657509281704186, 49.803001183184612 ], [ 20.586752799295517, 49.764259199263591 ], [ 20.518081802412336, 49.798243978436957 ], [ 20.530537061349758, 49.813665914850901 ], [ 20.523055618623449, 49.832601796904989 ], [ 20.576916595610527, 49.84219363710254 ], [ 20.556809782557828, 49.878020780876142 ], [ 20.565185574063797, 49.912361549807862 ], [ 20.530195042193526, 49.933490321184237 ], [ 20.52752486184745, 49.946394749732598 ], [ 20.546235905989239, 49.959093494691011 ], [ 20.554582302090285, 49.99008333611846 ], [ 20.577587838698484, 50.002990865477045 ], [ 20.597908547127016, 50.040239089472706 ], [ 20.628569917001411, 50.056828676145066 ], [ 20.611664330005478, 50.068814184253398 ], [ 20.531979331222274, 50.081405269735789 ], [ 20.525599848884998, 50.09786312453322 ], [ 20.510778373114064, 50.105394314034228 ], [ 20.504522230890029, 50.131392993717895 ], [ 20.533407335445894, 50.144671576258105 ], [ 20.586741414507518, 50.143317048906745 ], [ 20.681539112493141, 50.205875413679038 ], [ 20.686213347821241, 50.215388313971189 ], [ 20.726770085390424, 50.232783606516243 ], [ 20.735990643571867, 50.254782811768777 ], [ 20.790807496405296, 50.288109208348438 ], [ 20.836215198034314, 50.275657018639343 ], [ 20.856186065186659, 50.29366697868457 ], [ 20.89371264780371, 50.304149039313927 ], [ 20.930093945300495, 50.299354871061624 ], [ 20.954025632631105, 50.313846477885185 ], [ 21.052822038775354, 50.316992573720441 ], [ 21.134688054139641, 50.352669253069443 ], [ 21.151693124642343, 50.350493654344888 ], [ 21.177316192124067, 50.332131869770443 ], [ 21.192173187069237, 50.350391725769235 ], [ 21.208831663638716, 50.354897412343249 ] ] ] } },
{ "type": "Feature", "properties": { "NUTS_ID": "PL218", "LEVL_CODE": 3, "CNTR_CODE": "PL", "NAME_LATN": "Nowosądecki", "NUTS_NAME": "Nowosądecki", "MOUNT_TYPE": 1.0, "URBN_TYPE": 3.0, "COAST_TYPE": null }, "geometry": { "type": "Polygon", "coordinates": [ [ [ 21.24177224644751, 49.776104359478161 ], [ 21.259398866342618, 49.75461236708373 ], [ 21.31273586606012, 49.74430155223088 ], [ 21.327316998510224, 49.718989280509646 ], [ 21.324816993642198, 49.70016287241058 ], [ 21.344916781990431, 49.690188162568603 ], [ 21.344242482249836, 49.661418472461349 ], [ 21.360054397449858, 49.633746090082994 ], [ 21.332098292620074, 49.591103149955906 ], [ 21.375319000937591, 49.57032055160888 ], [ 21.363269843080225, 49.545139656645276 ], [ 21.416313357372136, 49.497075429591668 ], [ 21.393206332473653, 49.48554871699087 ], [ 21.407676595575811, 49.469594506359904 ], [ 21.395094184307037, 49.454128154486774 ], [ 21.397712480363833, 49.433794034909702 ], [ 21.276154706121517, 49.458826179995981 ], [ 21.231389764283847, 49.432494889102252 ], [ 21.204312238497334, 49.40294907706533 ], [ 21.183757642895774, 49.403227346855864 ], [ 21.12708973355527, 49.433459992904403 ], [ 21.060196412190081, 49.422040160383617 ], [ 21.052507015466499, 49.409476071455117 ], [ 21.099174835891368, 49.378414092827569 ], [ 21.09713906013658, 49.369460490161103 ], [ 21.040373295321437, 49.362585981869607 ], [ 20.993796198665773, 49.328631150759676 ], [ 20.988257865623087, 49.309633800435421 ], [ 20.932515355440813, 49.298574415612855 ], [ 20.900362607903013, 49.321954806579896 ], [ 20.88032054308399, 49.323744089879924 ], [ 20.863734295873599, 49.345182410001861 ], [ 20.832266633938534, 49.335016337853915 ], [ 20.800641424492529, 49.347333157572209 ], [ 20.78148815554772, 49.37251468042988 ], [ 20.763721127360359, 49.374833625452631 ], [ 20.752639175469977, 49.399897768073245 ], [ 20.734616881345922, 49.415800698834062 ], [ 20.694107976012589, 49.418858617948416 ], [ 20.648611189897867, 49.401981355036391 ], [ 20.614939251411741, 49.417833082530009 ], [ 20.60580135028945, 49.445820427466472 ], [ 20.574502066318942, 49.463701628287609 ], [ 20.533390655456632, 49.472525191444973 ], [ 20.476339530838224, 49.467869243149607 ], [ 20.446812899592473, 49.494744730053661 ], [ 20.440244207137876, 49.512758237827221 ], [ 20.33807584873955, 49.540633947608143 ], [ 20.305765192349273, 49.565727593900498 ], [ 20.300283531661453, 49.569984852728957 ], [ 20.143958118333217, 49.543232243924898 ], [ 20.080020991092759, 49.554355995038733 ], [ 20.043027092780754, 49.560792174416406 ], [ 20.002101566660318, 49.611215900782256 ], [ 20.001799331163696, 49.637098302090109 ], [ 19.991879528464839, 49.65354313144752 ], [ 20.009863753386004, 49.672663725997261 ], [ 20.005850150122765, 49.705109064790797 ], [ 20.034619976488287, 49.741428466002453 ], [ 20.080020990590189, 49.733277057800557 ], [ 20.088864337391762, 49.731689301449755 ], [ 20.131025928873491, 49.746324466614666 ], [ 20.139701944511764, 49.753062308878754 ], [ 20.153658659967608, 49.802142786099168 ], [ 20.205397484414206, 49.80753970525398 ], [ 20.239250382307247, 49.827780711855979 ], [ 20.258046649882345, 49.828908543715684 ], [ 20.292560223020772, 49.807893891659631 ], [ 20.305765191709707, 49.814336041816034 ], [ 20.31787668673854, 49.820244732481839 ], [ 20.332332703794755, 49.817805746434125 ], [ 20.370100901363081, 49.7796135440082 ], [ 20.463946723597658, 49.781802396570725 ], [ 20.477173489511305, 49.79952154684667 ], [ 20.518081802412336, 49.798243978436957 ], [ 20.586752799295517, 49.764259199263591 ], [ 20.657509281704186, 49.803001183184612 ], [ 20.715703640084623, 49.805566974954196 ], [ 20.744894036984185, 49.788440959616757 ], [ 20.84267089644009, 49.76259020965842 ], [ 20.877123010430275, 49.73390772017823 ], [ 20.932240441702945, 49.729973235298388 ], [ 20.957186972520255, 49.744873989438737 ], [ 21.000163412604174, 49.746628727046406 ], [ 21.006039793646835, 49.759919056000129 ], [ 21.035336259196704, 49.767305752671959 ], [ 21.065912309261371, 49.749758116488103 ], [ 21.104266711290435, 49.76916603639377 ], [ 21.15973420243467, 49.780622149064293 ], [ 21.24177224644751, 49.776104359478161 ] ] ] } },
{ "type": "Feature", "properties": { "NUTS_ID": "PL219", "LEVL_CODE": 3, "CNTR_CODE": "PL", "NAME_LATN": "Nowotarski", "NUTS_NAME": "Nowotarski", "MOUNT_TYPE": 1.0, "URBN_TYPE": 3.0, "COAST_TYPE": null }, "geometry": { "type": "Polygon", "coordinates": [ [ [ 19.991879528464839, 49.65354313144752 ], [ 20.001799331163696, 49.637098302090109 ], [ 20.002101566660318, 49.611215900782256 ], [ 20.043027092780754, 49.560792174416406 ], [ 20.080020991092759, 49.554355995038733 ], [ 20.143958118333217, 49.543232243924898 ], [ 20.300283531661453, 49.569984852728957 ], [ 20.305765192349273, 49.565727593900498 ], [ 20.33807584873955, 49.540633947608143 ], [ 20.440244207137876, 49.512758237827221 ], [ 20.446812899592473, 49.494744730053661 ], [ 20.476339530838224, 49.467869243149607 ], [ 20.533390655456632, 49.472525191444973 ], [ 20.574502066318942, 49.463701628287609 ], [ 20.60580135028945, 49.445820427466472 ], [ 20.614939251411741, 49.417833082530009 ], [ 20.597072287391565, 49.389275034922903 ], [ 20.571158629678607, 49.379190071488786 ], [ 20.462740865337611, 49.414892726793369 ], [ 20.438485206537568, 49.414769419141365 ], [ 20.428890534701292, 49.400292832120286 ], [ 20.401721522439885, 49.393764709358301 ], [ 20.370532668984556, 49.40346204750643 ], [ 20.330437994099558, 49.399820709163855 ], [ 20.314067778808603, 49.349126231499717 ], [ 20.221666183034809, 49.348281060367711 ], [ 20.164071763748677, 49.310611695515988 ], [ 20.144628096649988, 49.310756599101538 ], [ 20.102754286540758, 49.248046324839834 ], [ 20.080020990474782, 49.181581320694313 ], [ 20.021531238462774, 49.202515584640516 ], [ 20.004382577609316, 49.220931204602856 ], [ 19.980032305021489, 49.23049375176015 ], [ 19.912930513818814, 49.232317548893043 ], [ 19.883929510417865, 49.204177065445457 ], [ 19.846363920445256, 49.19479255294825 ], [ 19.764474578364997, 49.208863606561643 ], [ 19.769222427535308, 49.236515896525674 ], [ 19.795411334930073, 49.26730169608097 ], [ 19.818842412511309, 49.280816285742432 ], [ 19.796564164457223, 49.300468193918448 ], [ 19.802075794524914, 49.362753976574993 ], [ 19.788426314771609, 49.407696692396534 ], [ 19.757390503500179, 49.410167743984573 ], [ 19.72014345256434, 49.389414580342731 ], [ 19.637953049152028, 49.41146162971765 ], [ 19.644456887737643, 49.432071277669984 ], [ 19.639676309564983, 49.454369556822229 ], [ 19.614469947405095, 49.449237000220222 ], [ 19.577065353541887, 49.461201084732245 ], [ 19.56734806654811, 49.477266462365861 ], [ 19.533219071677298, 49.533691182700913 ], [ 19.527687357537754, 49.570639427990777 ], [ 19.477420596037767, 49.590119589693941 ], [ 19.4673863400889, 49.613766865889431 ], [ 19.478474156729586, 49.627955402518992 ], [ 19.470307698077839, 49.666732367890873 ], [ 19.448937927019983, 49.67834881463029 ], [ 19.394479815622223, 49.678703012933752 ], [ 19.379853150399654, 49.692954409504885 ], [ 19.423554646330413, 49.716951325825399 ], [ 19.443619891554206, 49.737757688428026 ], [ 19.414951605684649, 49.775265139156481 ], [ 19.455447845924237, 49.797219105451269 ], [ 19.493918943506067, 49.787519780816496 ], [ 19.541346325115153, 49.800125933510124 ], [ 19.567348065474071, 49.799470211603513 ], [ 19.636765402363881, 49.797719617770333 ], [ 19.66864021670731, 49.813046125207038 ], [ 19.715295060105852, 49.805738709733426 ], [ 19.741020203066959, 49.82750485752311 ], [ 19.757629057712265, 49.83010358167617 ], [ 19.749247271483281, 49.79027083842589 ], [ 19.791226838052989, 49.790822832743167 ], [ 19.800519136549557, 49.783846709876265 ], [ 19.801755969572721, 49.7681815503895 ], [ 19.775857623578897, 49.751989045012571 ], [ 19.798867650508743, 49.707676666685259 ], [ 19.908490890210864, 49.711847631823225 ], [ 19.889601771539322, 49.681128391176024 ], [ 19.904350360371534, 49.654172566777859 ], [ 19.897737643872908, 49.636462798681478 ], [ 19.921213596896866, 49.623480773782454 ], [ 19.947326595145324, 49.622789709935077 ], [ 19.952692132756699, 49.6582814453919 ], [ 19.991879528464839, 49.65354313144752 ] ] ] } },
{ "type": "Feature", "properties": { "NUTS_ID": "PL21A", "LEVL_CODE": 3, "CNTR_CODE": "PL", "NAME_LATN": "Oświęcimski", "NUTS_NAME": "Oświęcimski", "MOUNT_TYPE": null, "URBN_TYPE": 2.0, "COAST_TYPE": null }, "geometry": { "type": "Polygon", "coordinates": [ [ [ 19.757629057712265, 49.83010358167617 ], [ 19.741020203066959, 49.82750485752311 ], [ 19.715295060105852, 49.805738709733426 ], [ 19.66864021670731, 49.813046125207038 ], [ 19.636765402363881, 49.797719617770333 ], [ 19.567348065474071, 49.799470211603513 ], [ 19.541346325115153, 49.800125933510124 ], [ 19.493918943506067, 49.787519780816496 ], [ 19.455447845924237, 49.797219105451269 ], [ 19.414951605684649, 49.775265139156481 ], [ 19.401297482318341, 49.763876238625642 ], [ 19.319405825506838, 49.778652392572148 ], [ 19.28840052646899, 49.818934758607206 ], [ 19.290633606451646, 49.848093472550225 ], [ 19.266884226659386, 49.860892586893947 ], [ 19.205882779416871, 49.870351901222939 ], [ 19.186625808242894, 49.857791999186503 ], [ 19.166870958687944, 49.857584357072966 ], [ 19.161778430108189, 49.868728873266484 ], [ 19.194102323499656, 49.891753831729744 ], [ 19.183548201863875, 49.946737777664389 ], [ 19.12273412482828, 49.939214792295182 ], [ 19.093208475620692, 49.956651889726956 ], [ 19.118348889776225, 49.964588133030603 ], [ 19.116111730366505, 50.000981172788428 ], [ 19.149223201566024, 50.044748276589026 ], [ 19.169982165614844, 50.057862619269386 ], [ 19.219141276150189, 50.064069062115557 ], [ 19.216077077763519, 50.080131393228008 ], [ 19.253810698714918, 50.134192868708823 ], [ 19.265951228460022, 50.120399691774359 ], [ 19.279851126932392, 50.141401959074912 ], [ 19.341047842548249, 50.150679473598224 ], [ 19.344344447933704, 50.187502994703351 ], [ 19.423055252460365, 50.214419586787329 ], [ 19.415457370725367, 50.229223794196351 ], [ 19.351770921652172, 50.246779173740414 ], [ 19.34182510725849, 50.258381413038414 ], [ 19.379424969331026, 50.274967365641153 ], [ 19.417656675392529, 50.325752491247854 ], [ 19.478279622171236, 50.326531089803865 ], [ 19.48297719963443, 50.347120211842721 ], [ 19.470392549287748, 50.365541265085277 ], [ 19.486354922982382, 50.371211217548634 ], [ 19.492712848624095, 50.394859616077483 ], [ 19.516476226742256, 50.412814795933151 ], [ 19.56734806558298, 50.411731533482687 ], [ 19.637083727714359, 50.410246584464424 ], [ 19.708564491765049, 50.445211161943718 ], [ 19.844537657611493, 50.434195421319778 ], [ 19.848747583376188, 50.371674545626405 ], [ 19.833369532898082, 50.331954122410572 ], [ 19.85179709745087, 50.317401034796113 ], [ 19.906940360205553, 50.299770452146412 ], [ 19.896688525387301, 50.276601858046391 ], [ 19.839574715612606, 50.258769932984585 ], [ 19.808327360270571, 50.274143308797129 ], [ 19.686957303513697, 50.29310273565558 ], [ 19.677951051324211, 50.250086213911352 ], [ 19.641937042229522, 50.201383642358891 ], [ 19.609884100477981, 50.192340465114562 ], [ 19.567348066146657, 50.198587761599839 ], [ 19.535431111782412, 50.191228390338551 ], [ 19.551085471145129, 50.173086858525096 ], [ 19.537187969941769, 50.135148293698187 ], [ 19.541903414851909, 50.113552128879654 ], [ 19.567348066559578, 50.095885443272543 ], [ 19.580915190128731, 50.086465541024729 ], [ 19.620222910583241, 50.039656313661176 ], [ 19.568275189696777, 50.019276398980516 ], [ 19.567348066511673, 50.01321416546299 ], [ 19.567348066266405, 50.006671405996187 ], [ 19.609821208341401, 49.984465610493181 ], [ 19.651238812805676, 49.983774997619953 ], [ 19.668205906868668, 49.953777210576199 ], [ 19.713165319334426, 49.954408982902976 ], [ 19.737296039210861, 49.918619799112285 ], [ 19.797830197280096, 49.886257124539128 ], [ 19.757629057712265, 49.83010358167617 ] ], [ [ 19.348096911431156, 50.175721452242449 ], [ 19.353877592419259, 50.170548441935267 ], [ 19.365865325406823, 50.169471928661949 ], [ 19.371691617432312, 50.178997647259813 ], [ 19.356053193700017, 50.181135584849997 ], [ 19.348096911431156, 50.175721452242449 ] ] ] } },
{ "type": "Feature", "properties": { "NUTS_ID": "PL224", "LEVL_CODE": 3, "CNTR_CODE": "PL", "NAME_LATN": "Częstochowski", "NUTS_NAME": "Częstochowski", "MOUNT_TYPE": null, "URBN_TYPE": 2.0, "COAST_TYPE": null }, "geometry": { "type": "Polygon", "coordinates": [ [ [ 19.747059902620762, 50.865969890466552 ], [ 19.807934273352895, 50.842724681080689 ], [ 19.824038105495958, 50.821045905860565 ], [ 19.814641381356445, 50.808063924968259 ], [ 19.784431549615885, 50.803382691454331 ], [ 19.78430085816214, 50.783306536794321 ], [ 19.775757439452381, 50.776366133427381 ], [ 19.750528383987412, 50.763245748092743 ], [ 19.715903002816379, 50.760200162441073 ], [ 19.712949632398853, 50.729156090494833 ], [ 19.725596407415303, 50.70419398570526 ], [ 19.77817070448182, 50.674834659877796 ], [ 19.780384526853346, 50.664212096524423 ], [ 19.732838559495768, 50.639067555340532 ], [ 19.714272151716351, 50.639788500373484 ], [ 19.702938357438406, 50.656396574731573 ], [ 19.713025854460948, 50.68105917607933 ], [ 19.696714650795453, 50.69159143202782 ], [ 19.670640299339166, 50.658387664450061 ], [ 19.626595000517256, 50.656418486289425 ], [ 19.626064031649111, 50.639534560499364 ], [ 19.61156316243401, 50.621876906976262 ], [ 19.567348065819278, 50.618635662723456 ], [ 19.520153193610376, 50.615175982171017 ], [ 19.490556720739416, 50.602184805489735 ], [ 19.473072250869055, 50.584217066705413 ], [ 19.421433097189691, 50.593505523012972 ], [ 19.388900842522414, 50.587733636689407 ], [ 19.374983192235689, 50.560822791894196 ], [ 19.384906144692614, 50.548866207293536 ], [ 19.387398931878668, 50.524761187861934 ], [ 19.352558663329276, 50.508648190833256 ], [ 19.269544855218648, 50.534834578250212 ], [ 19.238122482031638, 50.523062729901838 ], [ 19.179225888842051, 50.532607522937468 ], [ 19.133613905418187, 50.522545045513631 ], [ 19.095209279497706, 50.510711655263925 ], [ 19.082053642541549, 50.537157530328209 ], [ 19.080745662671127, 50.554994638309729 ], [ 19.105482489207915, 50.58122262760952 ], [ 19.077636189400994, 50.612374847136842 ], [ 19.103010745377556, 50.621528479882201 ], [ 19.096514224272351, 50.639628839937977 ], [ 19.059448645016957, 50.637680570182518 ], [ 19.054019836581677, 50.660643990744347 ], [ 18.987750886595524, 50.665007825157453 ], [ 18.981730410067698, 50.68818151611466 ], [ 18.944923095437296, 50.703852341129817 ], [ 18.918532786558135, 50.730908746948302 ], [ 18.913825936737013, 50.762774368499777 ], [ 18.816019186879579, 50.769138432457325 ], [ 18.79919300761334, 50.795599737943398 ], [ 18.725573874475693, 50.791533600875134 ], [ 18.685977460856812, 50.814017647554614 ], [ 18.633346510529243, 50.829377744278396 ], [ 18.615877645018983, 50.853587544833815 ], [ 18.652663897916042, 50.917726723046918 ], [ 18.64689806602928, 50.928988440159578 ], [ 18.625960457774546, 50.937579162273856 ], [ 18.617030152581677, 50.957264643795362 ], [ 18.660712713649691, 50.972289623244507 ], [ 18.661207769231059, 51.004152397806138 ], [ 18.692192928871648, 51.016246228786244 ], [ 18.67295467763029, 51.056902604976678 ], [ 18.855543475201255, 51.073487671861308 ], [ 18.888380476593781, 51.060752117194291 ], [ 18.923912998457102, 51.095868026195888 ], [ 19.001314576613108, 51.071357387022111 ], [ 19.019817735579267, 51.05192384233429 ], [ 19.050665643349472, 51.040217442339468 ], [ 19.053140054678796, 51.027093296519659 ], [ 19.089741159436233, 51.032339563283024 ], [ 19.123607686507022, 51.001593931863702 ], [ 19.142114941704349, 51.009263490407797 ], [ 19.207180177335804, 50.984090428043352 ], [ 19.237533285476573, 50.990839348103805 ], [ 19.252609493507286, 51.004383820354342 ], [ 19.243013311518464, 51.036797567486587 ], [ 19.324170993526451, 51.043306255559649 ], [ 19.327632228696544, 51.015396912431342 ], [ 19.353736147917154, 51.007287823841601 ], [ 19.361553145157576, 50.994095262823677 ], [ 19.394430398906898, 50.997650904322619 ], [ 19.408161654334272, 50.976080340974541 ], [ 19.428889379016788, 50.965162742513954 ], [ 19.440883020284954, 50.942116386707198 ], [ 19.464383426938408, 50.924214400069559 ], [ 19.465515623387152, 50.899712162745885 ], [ 19.481140966523689, 50.882785905790435 ], [ 19.509752280262202, 50.883184674914773 ], [ 19.567348065950476, 50.904800427234427 ], [ 19.573224901662591, 50.907006009300503 ], [ 19.615062079065261, 50.879758448194245 ], [ 19.654838624856819, 50.875401398828245 ], [ 19.664416885400907, 50.854518277610318 ], [ 19.685169077838029, 50.845692635407687 ], [ 19.723892228612701, 50.844773254389921 ], [ 19.747059902620762, 50.865969890466552 ] ] ] } },
{ "type": "Feature", "properties": { "NUTS_ID": "PL225", "LEVL_CODE": 3, "CNTR_CODE": "PL", "NAME_LATN": "Bielski", "NUTS_NAME": "Bielski", "MOUNT_TYPE": 1.0, "URBN_TYPE": 2.0, "COAST_TYPE": null }, "geometry": { "type": "Polygon", "coordinates": [ [ [ 18.62958378451313, 49.899873889265052 ], [ 18.657614360608136, 49.882429112825925 ], [ 18.714411501902674, 49.896028302994146 ], [ 18.723404820803673, 49.905229847019996 ], [ 18.714810209772445, 49.932058177852866 ], [ 18.749905534270873, 49.933841531566543 ], [ 18.78467618331721, 49.911601056467227 ], [ 18.845821082614169, 49.918898950521047 ], [ 18.866937555803251, 49.904626957691228 ], [ 18.894482059360094, 49.919647272827426 ], [ 18.972099269015768, 49.923313731142912 ], [ 19.040472299515322, 49.954587564053277 ], [ 19.093208475620692, 49.956651889726956 ], [ 19.12273412482828, 49.939214792295182 ], [ 19.183548201863875, 49.946737777664389 ], [ 19.194102323499656, 49.891753831729744 ], [ 19.161778430108189, 49.868728873266484 ], [ 19.166870958687944, 49.857584357072966 ], [ 19.186625808242894, 49.857791999186503 ], [ 19.205882779416871, 49.870351901222939 ], [ 19.266884226659386, 49.860892586893947 ], [ 19.290633606451646, 49.848093472550225 ], [ 19.28840052646899, 49.818934758607206 ], [ 19.319405825506838, 49.778652392572148 ], [ 19.401297482318341, 49.763876238625642 ], [ 19.414951605684649, 49.775265139156481 ], [ 19.443619891554206, 49.737757688428026 ], [ 19.423554646330413, 49.716951325825399 ], [ 19.379853150399654, 49.692954409504885 ], [ 19.394479815622223, 49.678703012933752 ], [ 19.448937927019983, 49.67834881463029 ], [ 19.470307698077839, 49.666732367890873 ], [ 19.478474156729586, 49.627955402518992 ], [ 19.4673863400889, 49.613766865889431 ], [ 19.449305276659747, 49.611625037671949 ], [ 19.37535285447856, 49.567233116149637 ], [ 19.360964201025109, 49.538111867975026 ], [ 19.261395127299632, 49.52937989790329 ], [ 19.237121760609284, 49.510635310961405 ], [ 19.220953028571806, 49.454739888054547 ], [ 19.190180944606453, 49.437884993884211 ], [ 19.192704627784735, 49.414480926690025 ], [ 19.156040774385623, 49.406011502658252 ], [ 19.113543359369707, 49.403840469085146 ], [ 19.077732552409408, 49.416885947484758 ], [ 19.030323552479082, 49.395873185113523 ], [ 18.97956659731615, 49.397379316495218 ], [ 18.972183133584906, 49.411685066972133 ], [ 18.98606359177359, 49.430002766090375 ], [ 18.964186011876691, 49.457641787087098 ], [ 18.967926001672645, 49.503793690102462 ], [ 18.936887828742499, 49.518461502172102 ], [ 18.851551020597427, 49.517188935475723 ], [ 18.841352745975382, 49.526461691036673 ], [ 18.856634839810738, 49.547928478456171 ], [ 18.836820335478606, 49.568102729824808 ], [ 18.835720426029301, 49.593962228568138 ], [ 18.80970955444381, 49.646111018668378 ], [ 18.804211907961317, 49.677078559676737 ], [ 18.775417711148769, 49.683988379871053 ], [ 18.741200969557461, 49.678782013688576 ], [ 18.71853288715031, 49.685290065874284 ], [ 18.702833046333872, 49.704184481346502 ], [ 18.653003781556279, 49.709925421220888 ], [ 18.629119879511133, 49.723267562878 ], [ 18.626331033334083, 49.745715132812393 ], [ 18.57196292709531, 49.82879244148679 ], [ 18.600027197917392, 49.859351507829267 ], [ 18.56985908721386, 49.879399611917698 ], [ 18.575724146611829, 49.910422957243448 ], [ 18.604146396747289, 49.900523325012635 ], [ 18.624055187374491, 49.897142654585153 ], [ 18.62958378451313, 49.899873889265052 ] ] ] } },
{ "type": "Feature", "properties": { "NUTS_ID": "PL227", "LEVL_CODE": 3, "CNTR_CODE": "PL", "NAME_LATN": "Rybnicki", "NUTS_NAME": "Rybnicki", "MOUNT_TYPE": null, "URBN_TYPE": 1.0, "COAST_TYPE": null }, "geometry": { "type": "Polygon", "coordinates": [ [ [ 18.42586659436996, 50.248965556882162 ], [ 18.451396562585714, 50.24256007029603 ], [ 18.464622638390672, 50.21224707711864 ], [ 18.498037766285282, 50.191852196107227 ], [ 18.504878844584319, 50.177143774322381 ], [ 18.547535418664101, 50.183433751879811 ], [ 18.625612245249993, 50.175215956357214 ], [ 18.646925613544276, 50.184295556571747 ], [ 18.68951617615393, 50.175954558902049 ], [ 18.70716262561141, 50.182310318051883 ], [ 18.708895643610617, 50.198073027790493 ], [ 18.719745736429797, 50.200115482931537 ], [ 18.748580216770343, 50.163304300956362 ], [ 18.73148204310904, 50.143298074878793 ], [ 18.749480623270895, 50.104334908580583 ], [ 18.727530446596305, 50.084191830989404 ], [ 18.727404472127414, 50.067763193298923 ], [ 18.751422472489622, 50.053017409949987 ], [ 18.752520686359858, 50.027731110136116 ], [ 18.772264337814505, 50.017445420357902 ], [ 18.773123215237948, 50.007181244991827 ], [ 18.755601674376432, 49.998482446455178 ], [ 18.728380576738484, 49.998581512084236 ], [ 18.724568627437133, 50.009304765508304 ], [ 18.710484097598972, 50.012288717209181 ], [ 18.668090016408076, 50.00369368955598 ], [ 18.649698124909545, 49.962411661242875 ], [ 18.680748255869347, 49.955313676467419 ], [ 18.676427574202982, 49.928074945548062 ], [ 18.667053760152598, 49.917847501993322 ], [ 18.630020619958422, 49.916964499101603 ], [ 18.623465216163414, 49.908509549468803 ], [ 18.62958378451313, 49.899873889265052 ], [ 18.624055187374491, 49.897142654585153 ], [ 18.604146396747289, 49.900523325012635 ], [ 18.575724146611829, 49.910422957243448 ], [ 18.570132973661082, 49.918909470879285 ], [ 18.549146095986114, 49.921077733281606 ], [ 18.53350471273588, 49.901748222779595 ], [ 18.496421948605501, 49.904225617248692 ], [ 18.425721770558408, 49.9368526912207 ], [ 18.37791088607328, 49.935829165638431 ], [ 18.33928987028758, 49.94721514281165 ], [ 18.345683378571124, 49.931537974771743 ], [ 18.314994742547157, 49.918950590959355 ], [ 18.285329897720228, 49.934369780885199 ], [ 18.274467859429766, 49.962749805303389 ], [ 18.219732143555426, 49.970624086951823 ], [ 18.205142192524853, 49.994946563534533 ], [ 18.176825527673365, 49.999002535578917 ], [ 18.156321417301978, 49.984770441977531 ], [ 18.110414099734626, 49.998540647116165 ], [ 18.084670067735161, 50.043739441949363 ], [ 18.03506107939371, 50.065772019856837 ], [ 18.067946073596403, 50.107315246622868 ], [ 18.054693878466999, 50.140397003865452 ], [ 18.059833714875772, 50.17462010104623 ], [ 18.111106107886528, 50.170533367035368 ], [ 18.159867346220956, 50.186498629691108 ], [ 18.235317889598402, 50.191798678272832 ], [ 18.247377233097179, 50.219246724700639 ], [ 18.301930491476512, 50.230758809407469 ], [ 18.36193395939986, 50.256054715612507 ], [ 18.42586659436996, 50.248965556882162 ] ] ] } },
{ "type": "Feature", "properties": { "NUTS_ID": "PL228", "LEVL_CODE": 3, "CNTR_CODE": "PL", "NAME_LATN": "Bytomski", "NUTS_NAME": "Bytomski", "MOUNT_TYPE": null, "URBN_TYPE": 2.0, "COAST_TYPE": null }, "geometry": { "type": "Polygon", "coordinates": [ [ [ 19.133613905418187, 50.522545045513631 ], [ 19.13138084326253, 50.505623418749884 ], [ 19.118823841626686, 50.499438793711917 ], [ 19.116824301686894, 50.48598035846323 ], [ 19.102819238027607, 50.479643191237734 ], [ 19.094651160509031, 50.461754164684663 ], [ 19.062803090439449, 50.446225266986964 ], [ 19.026180967382675, 50.453918576361602 ], [ 19.013352827540348, 50.433817585121439 ], [ 18.991491806893322, 50.42893101965803 ], [ 18.973675542703159, 50.411512931757805 ], [ 18.976843152108007, 50.390167449051525 ], [ 18.962473613249159, 50.377540978898573 ], [ 19.041529406377169, 50.348710708972625 ], [ 19.032450282673011, 50.336385667137236 ], [ 19.012058975328252, 50.33203859913975 ], [ 18.964626690466268, 50.336175859662596 ], [ 18.941197532370211, 50.317935071676487 ], [ 18.862339929037315, 50.328098996219396 ], [ 18.820517749340873, 50.351821754655269 ], [ 18.808706120406256, 50.380675364886443 ], [ 18.751525913189685, 50.36658896071588 ], [ 18.750418490576347, 50.343704425962684 ], [ 18.723262824166351, 50.330644907384269 ], [ 18.650397046388306, 50.352954800814985 ], [ 18.663117400844797, 50.366401826154352 ], [ 18.653529354127517, 50.408140235881973 ], [ 18.617462817879364, 50.438718722296414 ], [ 18.62753129623535, 50.455671942924916 ], [ 18.650548441803714, 50.467849275763179 ], [ 18.625260578585483, 50.483359844267113 ], [ 18.647878418270025, 50.49692831766437 ], [ 18.643241718282198, 50.523892036033665 ], [ 18.659700384357158, 50.535931050001118 ], [ 18.645327505430416, 50.545411100153757 ], [ 18.607473563095365, 50.550011136135815 ], [ 18.609985291523049, 50.565274590259257 ], [ 18.595759769036384, 50.580346325943736 ], [ 18.595074523005508, 50.604334681251878 ], [ 18.520902796532916, 50.628797486027835 ], [ 18.492092156280233, 50.680626189225968 ], [ 18.491480527333998, 50.703067869388782 ], [ 18.512956691297919, 50.723401445802217 ], [ 18.544482698295326, 50.734116075945913 ], [ 18.562205740850615, 50.75447372712047 ], [ 18.540334520647139, 50.769888061073758 ], [ 18.5192210187023, 50.800802597440565 ], [ 18.554348442572316, 50.809912884735709 ], [ 18.570002581516992, 50.838727496419928 ], [ 18.615877645018983, 50.853587544833815 ], [ 18.633346510529243, 50.829377744278396 ], [ 18.685977460856812, 50.814017647554614 ], [ 18.725573874475693, 50.791533600875134 ], [ 18.79919300761334, 50.795599737943398 ], [ 18.816019186879579, 50.769138432457325 ], [ 18.913825936737013, 50.762774368499777 ], [ 18.918532786558135, 50.730908746948302 ], [ 18.944923095437296, 50.703852341129817 ], [ 18.981730410067698, 50.68818151611466 ], [ 18.987750886595524, 50.665007825157453 ], [ 19.054019836581677, 50.660643990744347 ], [ 19.059448645016957, 50.637680570182518 ], [ 19.096514224272351, 50.639628839937977 ], [ 19.103010745377556, 50.621528479882201 ], [ 19.077636189400994, 50.612374847136842 ], [ 19.105482489207915, 50.58122262760952 ], [ 19.080745662671127, 50.554994638309729 ], [ 19.082053642541549, 50.537157530328209 ], [ 19.095209279497706, 50.510711655263925 ], [ 19.133613905418187, 50.522545045513631 ] ] ] } },
{ "type": "Feature", "properties": { "NUTS_ID": "PL229", "LEVL_CODE": 3, "CNTR_CODE": "PL", "NAME_LATN": "Gliwicki", "NUTS_NAME": "Gliwicki", "MOUNT_TYPE": null, "URBN_TYPE": 1.0, "COAST_TYPE": null }, "geometry": { "type": "Polygon", "coordinates": [ [ [ 18.607473563095365, 50.550011136135815 ], [ 18.645327505430416, 50.545411100153757 ], [ 18.659700384357158, 50.535931050001118 ], [ 18.643241718282198, 50.523892036033665 ], [ 18.647878418270025, 50.49692831766437 ], [ 18.625260578585483, 50.483359844267113 ], [ 18.650548441803714, 50.467849275763179 ], [ 18.62753129623535, 50.455671942924916 ], [ 18.617462817879364, 50.438718722296414 ], [ 18.653529354127517, 50.408140235881973 ], [ 18.663117400844797, 50.366401826154352 ], [ 18.650397046388306, 50.352954800814985 ], [ 18.723262824166351, 50.330644907384269 ], [ 18.750418490576347, 50.343704425962684 ], [ 18.751525913189685, 50.36658896071588 ], [ 18.808706120406256, 50.380675364886443 ], [ 18.820517749340873, 50.351821754655269 ], [ 18.862339929037315, 50.328098996219396 ], [ 18.834516242989491, 50.318914620405856 ], [ 18.840456779477378, 50.2969127575941 ], [ 18.800730134521025, 50.270418676694639 ], [ 18.796863809073248, 50.24626490122597 ], [ 18.795808960672467, 50.238645978615914 ], [ 18.803171924904042, 50.226040115313999 ], [ 18.791169293143849, 50.21513068318297 ], [ 18.796599203316742, 50.20689342262942 ], [ 18.775629607167389, 50.193428577511916 ], [ 18.769863737506718, 50.198266452117444 ], [ 18.754096322445285, 50.201502262223094 ], [ 18.747644864576262, 50.205527417903745 ], [ 18.727718334400219, 50.205960393577804 ], [ 18.719745736429797, 50.200115482931537 ], [ 18.708895643610617, 50.198073027790493 ], [ 18.70716262561141, 50.182310318051883 ], [ 18.68951617615393, 50.175954558902049 ], [ 18.646925613544276, 50.184295556571747 ], [ 18.625612245249993, 50.175215956357214 ], [ 18.547535418664101, 50.183433751879811 ], [ 18.504878844584319, 50.177143774322381 ], [ 18.498037766285282, 50.191852196107227 ], [ 18.464622638390672, 50.21224707711864 ], [ 18.451396562585714, 50.24256007029603 ], [ 18.42586659436996, 50.248965556882162 ], [ 18.421942195645542, 50.270393355668411 ], [ 18.399159880368771, 50.27853445930522 ], [ 18.404083418629458, 50.290286395077146 ], [ 18.394683766896495, 50.310258172954562 ], [ 18.403426701490197, 50.324038078186682 ], [ 18.361550124413839, 50.355921998396084 ], [ 18.389785015866803, 50.389185232751444 ], [ 18.369171751311573, 50.421794865068037 ], [ 18.386951495802577, 50.436970434947675 ], [ 18.382749406161221, 50.479221096994408 ], [ 18.441758167995605, 50.479363445431048 ], [ 18.455780445362731, 50.463814493406261 ], [ 18.477186376426548, 50.460543291366022 ], [ 18.481640271914141, 50.470460327467066 ], [ 18.464395383029494, 50.49647019392372 ], [ 18.447987031882843, 50.502565437360857 ], [ 18.433877640328962, 50.531155031731537 ], [ 18.439716644253455, 50.544683797816752 ], [ 18.482970657058868, 50.551516330955351 ], [ 18.553785936362694, 50.541164021116927 ], [ 18.607473563095365, 50.550011136135815 ] ] ] } },
{ "type": "Feature", "properties": { "NUTS_ID": "PL22A", "LEVL_CODE": 3, "CNTR_CODE": "PL", "NAME_LATN": "Katowicki", "NUTS_NAME": "Katowicki", "MOUNT_TYPE": null, "URBN_TYPE": 1.0, "COAST_TYPE": null }, "geometry": { "type": "Polygon", "coordinates": [ [ [ 19.241773689058622, 50.1612665600925 ], [ 19.19311578292778, 50.167878206884417 ], [ 19.172484124055025, 50.157077733494205 ], [ 19.107648395490241, 50.16076045284634 ], [ 19.101388324580853, 50.146896597373129 ], [ 19.070407879476182, 50.133900117917364 ], [ 19.042766759704023, 50.144030261125451 ], [ 19.035790737452729, 50.163710756405862 ], [ 19.020175398354588, 50.173820848676151 ], [ 18.945049522374742, 50.158333071870935 ], [ 18.91424241882472, 50.218286765540952 ], [ 18.870747167632029, 50.210601799392407 ], [ 18.796863809073248, 50.24626490122597 ], [ 18.800730134521025, 50.270418676694639 ], [ 18.840456779477378, 50.2969127575941 ], [ 18.834516242989491, 50.318914620405856 ], [ 18.862339929037315, 50.328098996219396 ], [ 18.941197532370211, 50.317935071676487 ], [ 18.964626690466268, 50.336175859662596 ], [ 19.012058975328252, 50.33203859913975 ], [ 19.032450282673011, 50.336385667137236 ], [ 19.041529406377169, 50.348710708972625 ], [ 19.057771709271162, 50.343500531614644 ], [ 19.049290674361192, 50.302446730230542 ], [ 19.131812630583561, 50.261580622948735 ], [ 19.168355007845101, 50.213057648017845 ], [ 19.241773689058622, 50.1612665600925 ] ] ] } },
{ "type": "Feature", "properties": { "NUTS_ID": "PL22B", "LEVL_CODE": 3, "CNTR_CODE": "PL", "NAME_LATN": "Sosnowiecki", "NUTS_NAME": "Sosnowiecki", "MOUNT_TYPE": null, "URBN_TYPE": 1.0, "COAST_TYPE": null }, "geometry": { "type": "MultiPolygon", "coordinates": [ [ [ [ 19.840680717404357, 50.654222982161357 ], [ 19.911065627323065, 50.631067102183756 ], [ 19.895706282238912, 50.618807795782473 ], [ 19.857764698837499, 50.61502352574967 ], [ 19.798372266011139, 50.55912604563531 ], [ 19.893565485440565, 50.53929251477593 ], [ 19.917332776399775, 50.512189064228032 ], [ 19.949966502224587, 50.504782489703359 ], [ 19.96721271821027, 50.477053629197194 ], [ 19.903486705284301, 50.472003887012065 ], [ 19.895618026532759, 50.453949306394136 ], [ 19.858420558672321, 50.447108862895519 ], [ 19.844537657611493, 50.434195421319778 ], [ 19.708564491765049, 50.445211161943718 ], [ 19.637083727714359, 50.410246584464424 ], [ 19.56734806558298, 50.411731533482687 ], [ 19.516476226742256, 50.412814795933151 ], [ 19.492712848624095, 50.394859616077483 ], [ 19.486354922982382, 50.371211217548634 ], [ 19.470392549287748, 50.365541265085277 ], [ 19.48297719963443, 50.347120211842721 ], [ 19.478279622171236, 50.326531089803865 ], [ 19.417656675392529, 50.325752491247854 ], [ 19.379424969331026, 50.274967365641153 ], [ 19.34182510725849, 50.258381413038414 ], [ 19.351770921652172, 50.246779173740414 ], [ 19.415457370725367, 50.229223794196351 ], [ 19.423055252460365, 50.214419586787329 ], [ 19.344344447933704, 50.187502994703351 ], [ 19.341047842548249, 50.150679473598224 ], [ 19.279851126932392, 50.141401959074912 ], [ 19.265951228460022, 50.120399691774359 ], [ 19.253810698714918, 50.134192868708823 ], [ 19.241773689058622, 50.1612665600925 ], [ 19.168355007845101, 50.213057648017845 ], [ 19.131812630583561, 50.261580622948735 ], [ 19.049290674361192, 50.302446730230542 ], [ 19.057771709271162, 50.343500531614644 ], [ 19.041529406377169, 50.348710708972625 ], [ 18.962473613249159, 50.377540978898573 ], [ 18.976843152108007, 50.390167449051525 ], [ 18.973675542703159, 50.411512931757805 ], [ 18.991491806893322, 50.42893101965803 ], [ 19.013352827540348, 50.433817585121439 ], [ 19.026180967382675, 50.453918576361602 ], [ 19.062803090439449, 50.446225266986964 ], [ 19.094651160509031, 50.461754164684663 ], [ 19.102819238027607, 50.479643191237734 ], [ 19.116824301686894, 50.48598035846323 ], [ 19.118823841626686, 50.499438793711917 ], [ 19.13138084326253, 50.505623418749884 ], [ 19.133613905418187, 50.522545045513631 ], [ 19.179225888842051, 50.532607522937468 ], [ 19.238122482031638, 50.523062729901838 ], [ 19.269544855218648, 50.534834578250212 ], [ 19.352558663329276, 50.508648190833256 ], [ 19.387398931878668, 50.524761187861934 ], [ 19.384906144692614, 50.548866207293536 ], [ 19.374983192235689, 50.560822791894196 ], [ 19.388900842522414, 50.587733636689407 ], [ 19.421433097189691, 50.593505523012972 ], [ 19.473072250869055, 50.584217066705413 ], [ 19.490556720739416, 50.602184805489735 ], [ 19.520153193610376, 50.615175982171017 ], [ 19.567348065819278, 50.618635662723456 ], [ 19.61156316243401, 50.621876906976262 ], [ 19.626064031649111, 50.639534560499364 ], [ 19.626595000517256, 50.656418486289425 ], [ 19.670640299339166, 50.658387664450061 ], [ 19.696714650795453, 50.69159143202782 ], [ 19.713025854460948, 50.68105917607933 ], [ 19.702938357438406, 50.656396574731573 ], [ 19.714272151716351, 50.639788500373484 ], [ 19.732838559495768, 50.639067555340532 ], [ 19.780384526853346, 50.664212096524423 ], [ 19.77817070448182, 50.674834659877796 ], [ 19.725596407415303, 50.70419398570526 ], [ 19.712949632398853, 50.729156090494833 ], [ 19.757496203579521, 50.717796083303597 ], [ 19.801853529635192, 50.71778871974989 ], [ 19.865791533350066, 50.690303241171122 ], [ 19.861530800944415, 50.673305338500661 ], [ 19.841470157284384, 50.664625109776992 ], [ 19.840680717404357, 50.654222982161357 ] ] ], [ [ [ 19.371691617432312, 50.178997647259813 ], [ 19.365865325406823, 50.169471928661949 ], [ 19.353877592419259, 50.170548441935267 ], [ 19.348096911431156, 50.175721452242449 ], [ 19.356053193700017, 50.181135584849997 ], [ 19.371691617432312, 50.178997647259813 ] ] ] ] } },
{ "type": "Feature", "properties": { "NUTS_ID": "PL22C", "LEVL_CODE": 3, "CNTR_CODE": "PL", "NAME_LATN": "Tyski", "NUTS_NAME": "Tyski", "MOUNT_TYPE": null, "URBN_TYPE": 1.0, "COAST_TYPE": null }, "geometry": { "type": "Polygon", "coordinates": [ [ [ 19.253810698714918, 50.134192868708823 ], [ 19.216077077763519, 50.080131393228008 ], [ 19.219141276150189, 50.064069062115557 ], [ 19.169982165614844, 50.057862619269386 ], [ 19.149223201566024, 50.044748276589026 ], [ 19.116111730366505, 50.000981172788428 ], [ 19.118348889776225, 49.964588133030603 ], [ 19.093208475620692, 49.956651889726956 ], [ 19.040472299515322, 49.954587564053277 ], [ 18.972099269015768, 49.923313731142912 ], [ 18.894482059360094, 49.919647272827426 ], [ 18.866937555803251, 49.904626957691228 ], [ 18.845821082614169, 49.918898950521047 ], [ 18.78467618331721, 49.911601056467227 ], [ 18.749905534270873, 49.933841531566543 ], [ 18.714810209772445, 49.932058177852866 ], [ 18.723404820803673, 49.905229847019996 ], [ 18.714411501902674, 49.896028302994146 ], [ 18.657614360608136, 49.882429112825925 ], [ 18.62958378451313, 49.899873889265052 ], [ 18.623465216163414, 49.908509549468803 ], [ 18.630020619958422, 49.916964499101603 ], [ 18.667053760152598, 49.917847501993322 ], [ 18.676427574202982, 49.928074945548062 ], [ 18.680748255869347, 49.955313676467419 ], [ 18.649698124909545, 49.962411661242875 ], [ 18.668090016408076, 50.00369368955598 ], [ 18.710484097598972, 50.012288717209181 ], [ 18.724568627437133, 50.009304765508304 ], [ 18.728380576738484, 49.998581512084236 ], [ 18.755601674376432, 49.998482446455178 ], [ 18.773123215237948, 50.007181244991827 ], [ 18.772264337814505, 50.017445420357902 ], [ 18.752520686359858, 50.027731110136116 ], [ 18.751422472489622, 50.053017409949987 ], [ 18.727404472127414, 50.067763193298923 ], [ 18.727530446596305, 50.084191830989404 ], [ 18.749480623270895, 50.104334908580583 ], [ 18.73148204310904, 50.143298074878793 ], [ 18.748580216770343, 50.163304300956362 ], [ 18.719745736429797, 50.200115482931537 ], [ 18.727718334400219, 50.205960393577804 ], [ 18.747644864576262, 50.205527417903745 ], [ 18.754096322445285, 50.201502262223094 ], [ 18.769863737506718, 50.198266452117444 ], [ 18.775629607167389, 50.193428577511916 ], [ 18.796599203316742, 50.20689342262942 ], [ 18.791169293143849, 50.21513068318297 ], [ 18.803171924904042, 50.226040115313999 ], [ 18.795808960672467, 50.238645978615914 ], [ 18.796863809073248, 50.24626490122597 ], [ 18.870747167632029, 50.210601799392407 ], [ 18.91424241882472, 50.218286765540952 ], [ 18.945049522374742, 50.158333071870935 ], [ 19.020175398354588, 50.173820848676151 ], [ 19.035790737452729, 50.163710756405862 ], [ 19.042766759704023, 50.144030261125451 ], [ 19.070407879476182, 50.133900117917364 ], [ 19.101388324580853, 50.146896597373129 ], [ 19.107648395490241, 50.16076045284634 ], [ 19.172484124055025, 50.157077733494205 ], [ 19.19311578292778, 50.167878206884417 ], [ 19.241773689058622, 50.1612665600925 ], [ 19.253810698714918, 50.134192868708823 ] ] ] } },
{ "type": "Feature", "properties": { "NUTS_ID": "PL411", "LEVL_CODE": 3, "CNTR_CODE": "PL", "NAME_LATN": "Pilski", "NUTS_NAME": "Pilski", "MOUNT_TYPE": null, "URBN_TYPE": 3.0, "COAST_TYPE": null }, "geometry": { "type": "Polygon", "coordinates": [ [ [ 16.892247854750558, 53.655868854950086 ], [ 16.902552205632688, 53.61804681140292 ], [ 16.93479166048067, 53.583343897404141 ], [ 16.953110510528383, 53.547154846257023 ], [ 16.983036316657792, 53.554564110512729 ], [ 16.998914262561136, 53.549285488863724 ], [ 16.996609534657463, 53.528211966536922 ], [ 17.003934093315038, 53.519627026648926 ], [ 17.052903213355151, 53.519883388966107 ], [ 17.093184087387915, 53.541042144993973 ], [ 17.1597281874784, 53.529191508484281 ], [ 17.270699045188035, 53.535743286955928 ], [ 17.34291864574956, 53.497220228519453 ], [ 17.390652781502336, 53.490963946396995 ], [ 17.380015415565527, 53.469141312593621 ], [ 17.297862553415094, 53.421164831298874 ], [ 17.289147356348277, 53.398939421836033 ], [ 17.250723699262021, 53.376200366971325 ], [ 17.263289273657605, 53.362023741722183 ], [ 17.336159328453792, 53.346137517345504 ], [ 17.396356098299155, 53.289079702348403 ], [ 17.438793328731549, 53.26751446938286 ], [ 17.408243400102258, 53.231176692702284 ], [ 17.336930578200274, 53.210813065449884 ], [ 17.346546436624461, 53.159893265340301 ], [ 17.374095627746655, 53.13912242578553 ], [ 17.359373114730982, 53.124609092459856 ], [ 17.351869103890643, 53.090582054299951 ], [ 17.329928644017826, 53.071992558701488 ], [ 17.330758572432032, 53.028564019399418 ], [ 17.310753070696428, 52.997740761560607 ], [ 17.3256773296131, 52.97835108134489 ], [ 17.403908326618513, 52.976090179833605 ], [ 17.479579619512119, 52.947883578253204 ], [ 17.506885555909562, 52.927923958888329 ], [ 17.522907464534832, 52.870371641898465 ], [ 17.505165810382252, 52.796252162645587 ], [ 17.478078028671668, 52.788025598783179 ], [ 17.447006743546357, 52.791817943871287 ], [ 17.412408704980482, 52.77601736529752 ], [ 17.418202620990744, 52.755936457850765 ], [ 17.458523217403332, 52.7389479956245 ], [ 17.434419954693315, 52.718021805563254 ], [ 17.434282197596374, 52.690909635672831 ], [ 17.405292799608436, 52.687165852865803 ], [ 17.383993577730852, 52.673631464884586 ], [ 17.343616099150999, 52.681134968799 ], [ 17.338500253162632, 52.66544223621689 ], [ 17.332299850781688, 52.646422658626797 ], [ 17.267005662328277, 52.632012338160926 ], [ 17.211510999842407, 52.583248489198539 ], [ 17.151438373827716, 52.573971895437928 ], [ 17.135579668238037, 52.572519594401456 ], [ 17.125391215534915, 52.583412766922514 ], [ 17.122630875090554, 52.623284420134439 ], [ 17.050254643695183, 52.637101398608763 ], [ 17.057810889251353, 52.661504882567591 ], [ 17.0535993586617, 52.665442236647692 ], [ 17.038328867345982, 52.679718599769707 ], [ 17.047916639366175, 52.686244122852173 ], [ 17.118201052420435, 52.683290696449667 ], [ 17.109906293278787, 52.710340473830776 ], [ 17.127121757374635, 52.738471397753997 ], [ 17.110048047593647, 52.779771396827627 ], [ 17.024326087498793, 52.778659713766707 ], [ 17.008643837410336, 52.788633419644768 ], [ 17.006693838576098, 52.796252162957941 ], [ 16.998777363226466, 52.827182229282009 ], [ 16.928118044333278, 52.82052039915645 ], [ 16.855602091252209, 52.851354861955294 ], [ 16.806474389461034, 52.85913403350753 ], [ 16.782518654489746, 52.882436180164994 ], [ 16.76211019713697, 52.869940515345917 ], [ 16.734201976660248, 52.869978977221677 ], [ 16.708780112611699, 52.858697053141398 ], [ 16.784200822809989, 52.796252162273547 ], [ 16.791157600393152, 52.790492268373605 ], [ 16.772879920652134, 52.77237663386552 ], [ 16.725869270464543, 52.752525225185977 ], [ 16.726143681770083, 52.745127283774899 ], [ 16.740926753958547, 52.740773282084469 ], [ 16.729322262057273, 52.72954578321847 ], [ 16.708804040436505, 52.729271648360942 ], [ 16.687604409835906, 52.74881403829859 ], [ 16.562831610635104, 52.740916860625802 ], [ 16.515881604726864, 52.756769773831955 ], [ 16.449600214069068, 52.741980015394489 ], [ 16.430458554526759, 52.762221138944483 ], [ 16.394548401514783, 52.762062425476913 ], [ 16.375052455774217, 52.772709981229376 ], [ 16.344960425348308, 52.753542982173983 ], [ 16.320731798405877, 52.772981298739673 ], [ 16.287824827353422, 52.769751316441202 ], [ 16.242969902183638, 52.790891464775939 ], [ 16.198295181516638, 52.793383322665207 ], [ 16.133274018442066, 52.781720290303348 ], [ 16.081078376447202, 52.757886601273263 ], [ 16.055898198011832, 52.731742878904953 ], [ 16.013770384033567, 52.734728010310683 ], [ 15.980472208391063, 52.750536859888051 ], [ 15.946788203227397, 52.754834214849311 ], [ 15.930259095547312, 52.777514934730426 ], [ 15.93333607492821, 52.796252162730035 ], [ 15.900530714684631, 52.819794742588847 ], [ 15.908615897858011, 52.833560402959314 ], [ 15.963611070598747, 52.853761753439336 ], [ 15.973939990642565, 52.873390898991268 ], [ 15.974850355979228, 52.936204686778083 ], [ 15.953756773851465, 52.982555162240644 ], [ 15.954567008118806, 53.029070754376001 ], [ 15.9624973464585, 53.04138102327169 ], [ 16.117702881190024, 53.012492978739004 ], [ 16.25677528045318, 53.045986188313009 ], [ 16.311322594500723, 53.040490484186456 ], [ 16.355625190545165, 53.075234481793245 ], [ 16.352914514017957, 53.110101257314092 ], [ 16.387752012755346, 53.132942588291129 ], [ 16.400093318549281, 53.157593409799901 ], [ 16.4241744456235, 53.153204416514718 ], [ 16.498057927137584, 53.168456585975292 ], [ 16.528185970414228, 53.195954253661604 ], [ 16.53769408266038, 53.215888920323771 ], [ 16.559003941515421, 53.227842453407433 ], [ 16.626456776983311, 53.21623558965819 ], [ 16.628620786736722, 53.242334366747393 ], [ 16.641726077390569, 53.263294744287428 ], [ 16.698736570514953, 53.301102230831681 ], [ 16.622944208452616, 53.345211566890988 ], [ 16.561305133592317, 53.35553219908428 ], [ 16.538471161910753, 53.371459107973578 ], [ 16.482567448823676, 53.388267753956335 ], [ 16.449946913202318, 53.442771998882442 ], [ 16.463430406710344, 53.457609682927909 ], [ 16.444215527965266, 53.463870337520703 ], [ 16.44560705500631, 53.473134485069643 ], [ 16.457584777648368, 53.483764657023976 ], [ 16.499691301589348, 53.472589211375833 ], [ 16.649467989190761, 53.488126459867388 ], [ 16.718690658453255, 53.524686759650002 ], [ 16.739487383386582, 53.583343897288351 ], [ 16.744528554452902, 53.597562519713605 ], [ 16.762924592036587, 53.621109705408038 ], [ 16.820948223257343, 53.638846843676788 ], [ 16.84661873548205, 53.632481789346159 ], [ 16.892247854750558, 53.655868854950086 ] ] ] } },
{ "type": "Feature", "properties": { "NUTS_ID": "PL414", "LEVL_CODE": 3, "CNTR_CODE": "PL", "NAME_LATN": "Koniński", "NUTS_NAME": "Koniński", "MOUNT_TYPE": null, "URBN_TYPE": 3.0, "COAST_TYPE": null }, "geometry": { "type": "Polygon", "coordinates": [ [ [ 17.458523217403332, 52.7389479956245 ], [ 17.481705451989768, 52.725969765865592 ], [ 17.486524971612418, 52.707794362361192 ], [ 17.47510976337799, 52.685659609336476 ], [ 17.511063801114542, 52.675922389709939 ], [ 17.586036199839096, 52.702720284082204 ], [ 17.631499695003946, 52.701573984492867 ], [ 17.640582495398153, 52.690465511622989 ], [ 17.637310791246641, 52.665442236343289 ], [ 17.635941988018704, 52.654973095446636 ], [ 17.675328261542862, 52.645930575580167 ], [ 17.685777206294194, 52.606146641469209 ], [ 17.738030232665189, 52.628486208495588 ], [ 17.741274221785105, 52.635450736438685 ], [ 17.731786063797937, 52.641885497800246 ], [ 17.740698654080457, 52.649555320680463 ], [ 17.759030780595168, 52.651812644796038 ], [ 17.773205003617075, 52.640035083559013 ], [ 17.800324503649183, 52.646730935201418 ], [ 17.880731932305498, 52.627089539655252 ], [ 17.905145724192163, 52.609713905622321 ], [ 17.91571577256796, 52.58025025209011 ], [ 17.979582940026475, 52.566366799442953 ], [ 17.993117789609478, 52.548028371217228 ], [ 18.091307203979039, 52.550348979390058 ], [ 18.100140568754224, 52.542237906332126 ], [ 18.100029041888945, 52.51914811026699 ], [ 18.191371111672929, 52.503418253338666 ], [ 18.214344851706905, 52.484620043790194 ], [ 18.265818957538308, 52.486034819143285 ], [ 18.332434095328608, 52.51703706249215 ], [ 18.350296141215761, 52.538775449330295 ], [ 18.377150691039763, 52.537463516293904 ], [ 18.384605106328976, 52.523776617589903 ], [ 18.378813582436877, 52.501202332513877 ], [ 18.390558684924493, 52.472645320656746 ], [ 18.459329531929193, 52.47874415165353 ], [ 18.490640408072863, 52.502542281751509 ], [ 18.527246000022348, 52.49765775425152 ], [ 18.556109202592523, 52.482333257290939 ], [ 18.565839561685131, 52.464299485119916 ], [ 18.59503637819525, 52.46621467264557 ], [ 18.646283162472479, 52.449225765799405 ], [ 18.656724386783072, 52.427148373872804 ], [ 18.67746191159031, 52.420637872424294 ], [ 18.684582132730785, 52.40230517252953 ], [ 18.712558401785728, 52.397697929016992 ], [ 18.750617394191927, 52.361075441091401 ], [ 18.759257745425099, 52.334038901389675 ], [ 18.901231821317221, 52.363917846043741 ], [ 18.923249385427553, 52.379980569225893 ], [ 18.925380885055695, 52.396427671375868 ], [ 18.972812754982638, 52.373835867022827 ], [ 18.973350249706623, 52.356646771533406 ], [ 19.000409219242727, 52.3515329324741 ], [ 19.020618656649802, 52.335514369734646 ], [ 19.047119841558949, 52.332803967902045 ], [ 19.036723768500831, 52.313966825555212 ], [ 19.04204685049876, 52.292828182124822 ], [ 19.034910884128223, 52.272953963198042 ], [ 19.090376633577403, 52.270441620772353 ], [ 19.101135158538369, 52.258989543663098 ], [ 19.101202853673747, 52.243795173298047 ], [ 19.075621190066396, 52.230809292337618 ], [ 19.084993671365243, 52.206421907318749 ], [ 18.99292212340151, 52.212859811457292 ], [ 18.927019305243036, 52.195107343449983 ], [ 18.910531058415565, 52.143841156670071 ], [ 18.917984326656654, 52.12936214054433 ], [ 18.944765171010165, 52.123034000230227 ], [ 18.943510341752695, 52.107095965595185 ], [ 18.922975753417116, 52.081777122605011 ], [ 18.914055734482101, 52.081777122003061 ], [ 18.862643704462318, 52.085304917609093 ], [ 18.856824238217218, 52.081777122708012 ], [ 18.827809127432797, 52.064187990534876 ], [ 18.785594646478412, 52.062002117435405 ], [ 18.749108228473219, 52.073548843242094 ], [ 18.720416000904603, 52.063133553377888 ], [ 18.718094986131966, 52.03595713512 ], [ 18.730524756517568, 52.004242348315429 ], [ 18.722160135036191, 51.992746903145907 ], [ 18.730463871389254, 51.974852019699853 ], [ 18.719479479224105, 51.966130505458608 ], [ 18.738247965156162, 51.957475668128197 ], [ 18.745537657838394, 51.93822255449674 ], [ 18.763589037529442, 51.925087150338484 ], [ 18.725223021072967, 51.879899160229456 ], [ 18.700514341429184, 51.864827541080381 ], [ 18.683866074385715, 51.823167441124475 ], [ 18.619967680138856, 51.833398165375478 ], [ 18.591899260709237, 51.846921196455355 ], [ 18.522531307332351, 51.835358838891992 ], [ 18.504740498447003, 51.851792783069712 ], [ 18.4719654298123, 51.851005635397179 ], [ 18.477892424358664, 51.858170989521945 ], [ 18.471275177606682, 51.867999345567469 ], [ 18.423653883955328, 51.877155257996399 ], [ 18.407679160191844, 51.909277927425848 ], [ 18.361939467896825, 51.904239350624316 ], [ 18.332209657568757, 51.924012938519922 ], [ 18.299656891202766, 51.976969965577922 ], [ 18.256046232680205, 52.005865384386595 ], [ 18.266973822410151, 52.032478514429414 ], [ 18.251639082472757, 52.043726487162658 ], [ 18.232092595607895, 52.039891906963938 ], [ 18.214943606325242, 52.017539811049311 ], [ 18.169806983616095, 52.004884467492452 ], [ 18.162980311460288, 51.986315812246886 ], [ 18.099792556052442, 51.977105900692088 ], [ 18.060650526187807, 51.980429833123885 ], [ 17.945042634562675, 52.002380115193318 ], [ 17.977307867602075, 52.052408016745794 ], [ 17.964547742545246, 52.073034091590799 ], [ 17.947139608178382, 52.081777122019965 ], [ 17.932544403616888, 52.089107391039313 ], [ 17.888647999377113, 52.081777122211335 ], [ 17.84977051550328, 52.075284962929089 ], [ 17.832706718116015, 52.081777122201721 ], [ 17.820320040530685, 52.086489805034191 ], [ 17.766094025565103, 52.081777121985574 ], [ 17.748399310970395, 52.080239306802468 ], [ 17.699613248300906, 52.065938986982367 ], [ 17.683249073412988, 52.081777122173193 ], [ 17.662206433290009, 52.102143329689945 ], [ 17.666178710369284, 52.133685355161617 ], [ 17.650565205147895, 52.143666621266235 ], [ 17.580173177696036, 52.13583605977098 ], [ 17.543826094622325, 52.142812779415273 ], [ 17.514385111773574, 52.124136631826048 ], [ 17.46285604563581, 52.11519665301401 ], [ 17.465327740631121, 52.137900198823296 ], [ 17.428566659993642, 52.17010984014609 ], [ 17.43186350196293, 52.192105760794156 ], [ 17.465867322628572, 52.203577467552975 ], [ 17.466816565127758, 52.213109688410654 ], [ 17.45187299949119, 52.227396162328056 ], [ 17.455079596772478, 52.242714176749246 ], [ 17.485129982092669, 52.267526424791804 ], [ 17.473081320407985, 52.275584331475365 ], [ 17.436985950544074, 52.27245375556403 ], [ 17.412174883713501, 52.28445424938527 ], [ 17.40184351308281, 52.308219881788709 ], [ 17.413786024219888, 52.327922110663749 ], [ 17.401833530218454, 52.337081336816716 ], [ 17.380319697796601, 52.337150782057847 ], [ 17.367510106450027, 52.350605152185587 ], [ 17.362590294575096, 52.36775155725865 ], [ 17.370414013752153, 52.381129552320772 ], [ 17.351595863468713, 52.403627569603707 ], [ 17.387009242375658, 52.422230675096266 ], [ 17.395234864795281, 52.43779804303702 ], [ 17.367556691413263, 52.464124959605357 ], [ 17.343547200763666, 52.474517598695975 ], [ 17.354951191566553, 52.493818964073888 ], [ 17.327149512417165, 52.505210284217625 ], [ 17.352533309372472, 52.529908423721103 ], [ 17.314599980971046, 52.544729554635339 ], [ 17.286325066089397, 52.538856254403491 ], [ 17.255206121849941, 52.549057126111592 ], [ 17.215674969043693, 52.543303406263519 ], [ 17.19072849978215, 52.552128631908452 ], [ 17.181397322725875, 52.564169911189559 ], [ 17.161246196996355, 52.56298725689453 ], [ 17.151438373827716, 52.573971895437928 ], [ 17.211510999842407, 52.583248489198539 ], [ 17.267005662328277, 52.632012338160926 ], [ 17.332299850781688, 52.646422658626797 ], [ 17.338500253162632, 52.66544223621689 ], [ 17.343616099150999, 52.681134968799 ], [ 17.383993577730852, 52.673631464884586 ], [ 17.405292799608436, 52.687165852865803 ], [ 17.434282197596374, 52.690909635672831 ], [ 17.434419954693315, 52.718021805563254 ], [ 17.458523217403332, 52.7389479956245 ] ] ] } },
{ "type": "Feature", "properties": { "NUTS_ID": "PL415", "LEVL_CODE": 3, "CNTR_CODE": "PL", "NAME_LATN": "Miasto Poznań", "NUTS_NAME": "Miasto Poznań", "MOUNT_TYPE": null, "URBN_TYPE": 1.0, "COAST_TYPE": null }, "geometry": { "type": "Polygon", "coordinates": [ [ [ 16.755208646130274, 52.466440207818401 ], [ 16.789992687706736, 52.478774120894833 ], [ 16.877755713551849, 52.47215744900145 ], [ 16.907510269026709, 52.495657172748956 ], [ 16.956753337639121, 52.499673907355941 ], [ 16.984815095492465, 52.451973646618676 ], [ 17.052448862581105, 52.417665759363025 ], [ 17.050587316185954, 52.352413233360032 ], [ 17.035743613802804, 52.335348758453087 ], [ 17.004612020274788, 52.323134971828068 ], [ 16.991881579192047, 52.303276145976625 ], [ 16.966796616925496, 52.304474531568367 ], [ 16.894031736511987, 52.347739943444878 ], [ 16.829640520259161, 52.360157608436225 ], [ 16.805161012380019, 52.386104120695975 ], [ 16.785647044699406, 52.445648998332302 ], [ 16.755208646130274, 52.466440207818401 ] ] ] } },
{ "type": "Feature", "properties": { "NUTS_ID": "PL416", "LEVL_CODE": 3, "CNTR_CODE": "PL", "NAME_LATN": "Kaliski", "NUTS_NAME": "Kaliski", "MOUNT_TYPE": null, "URBN_TYPE": 3.0, "COAST_TYPE": null }, "geometry": { "type": "Polygon", "coordinates": [ [ [ 18.4719654298123, 51.851005635397179 ], [ 18.466831220591491, 51.824020309845764 ], [ 18.444635736717615, 51.824789299037739 ], [ 18.440466888636642, 51.798828987499157 ], [ 18.41632309952594, 51.78902389313528 ], [ 18.428543639286076, 51.764138432306154 ], [ 18.417553669409131, 51.749103476054607 ], [ 18.420352153288693, 51.731241611011235 ], [ 18.405698347306327, 51.722272392367827 ], [ 18.409825068279901, 51.703776911957455 ], [ 18.358811417532667, 51.669487072176778 ], [ 18.377995443432102, 51.649520626328837 ], [ 18.353325854525174, 51.628563876447942 ], [ 18.364722210731909, 51.618358579422306 ], [ 18.353823723679703, 51.602613684643522 ], [ 18.373642410453929, 51.59504769991414 ], [ 18.370407710758425, 51.548534758164351 ], [ 18.362461520849539, 51.536366868604901 ], [ 18.379520730665359, 51.512681357362062 ], [ 18.379574724699424, 51.477270097719732 ], [ 18.360263285433167, 51.467224290244168 ], [ 18.325221693853354, 51.42155490309959 ], [ 18.215451416433805, 51.45188987965809 ], [ 18.199080149111925, 51.44142767259472 ], [ 18.208162428208091, 51.422560629362934 ], [ 18.194010343969897, 51.390883285355613 ], [ 18.150038678591553, 51.388879359255043 ], [ 18.130060418680415, 51.360778821519112 ], [ 18.09751945051762, 51.360347041141594 ], [ 18.079667049306714, 51.350314325060943 ], [ 18.110766171623343, 51.308509241254832 ], [ 18.10796926508154, 51.265677615788235 ], [ 18.167908900723422, 51.267832901574764 ], [ 18.177130787519019, 51.225219231377388 ], [ 18.16523731573767, 51.206361966370977 ], [ 18.170945583321647, 51.187774672057664 ], [ 18.163681430443393, 51.172517113331736 ], [ 18.130330643161653, 51.169060657544726 ], [ 18.103947694155394, 51.156011177281464 ], [ 18.078833983743742, 51.163279438601229 ], [ 18.070053490599435, 51.145465903429276 ], [ 18.041757353958889, 51.132568336486791 ], [ 17.939456225716924, 51.108864919358005 ], [ 17.889483205516267, 51.105278294436012 ], [ 17.826087381358978, 51.119381896411312 ], [ 17.81632438910211, 51.134658056305696 ], [ 17.834968921210212, 51.145305346394665 ], [ 17.847061373990368, 51.179829909555558 ], [ 17.831389574835804, 51.191839681644893 ], [ 17.795269318782029, 51.1941461052932 ], [ 17.765000611354498, 51.207695376083002 ], [ 17.74450795147553, 51.246627175161329 ], [ 17.744025908105971, 51.276225338984069 ], [ 17.761091508635605, 51.299867407515293 ], [ 17.75981095638604, 51.318816245315766 ], [ 17.708135945596862, 51.366219380031929 ], [ 17.73366814892724, 51.394609966597038 ], [ 17.751360766538316, 51.401555446412686 ], [ 17.749313711322191, 51.409530173071389 ], [ 17.723065214663389, 51.420599820031256 ], [ 17.715645026461985, 51.404944893206647 ], [ 17.701758966949356, 51.401392589622247 ], [ 17.635786434957925, 51.421759901436268 ], [ 17.569336426677388, 51.406603813124647 ], [ 17.54565663048977, 51.419514343319918 ], [ 17.548793360437045, 51.437849142086748 ], [ 17.525097596629379, 51.461502735504965 ], [ 17.516388923633521, 51.506776988254643 ], [ 17.572402439818529, 51.533236481185469 ], [ 17.572244591008054, 51.560608045451701 ], [ 17.554226228766417, 51.583099090324893 ], [ 17.448957716303596, 51.630428781709092 ], [ 17.32872029398197, 51.647249164610741 ], [ 17.257433084442241, 51.642843151593951 ], [ 17.241189838739956, 51.64784763808423 ], [ 17.220509970753074, 51.675712482514527 ], [ 17.149509390250039, 51.69306571068168 ], [ 17.133029899540674, 51.709448715947929 ], [ 17.175922305436305, 51.721828487723293 ], [ 17.177196217320233, 51.735462284012442 ], [ 17.160290181078231, 51.752091946607074 ], [ 17.1859361047131, 51.787622425084294 ], [ 17.234928066391323, 51.774117540096675 ], [ 17.263818567482208, 51.775898555545623 ], [ 17.280149638730105, 51.754486363575403 ], [ 17.318500694409444, 51.762136228730704 ], [ 17.325652795387388, 51.779228627263208 ], [ 17.320272567514404, 51.807990156208177 ], [ 17.332215382326954, 51.833590073142993 ], [ 17.304534804283918, 51.852643902671275 ], [ 17.325574644618076, 51.860767309502528 ], [ 17.326952297116179, 51.883857177566135 ], [ 17.30425145131057, 51.917333973034289 ], [ 17.265036715347815, 51.948870474547149 ], [ 17.222246825931926, 51.966331168174612 ], [ 17.188679737079539, 51.96743691223471 ], [ 17.21763899542869, 51.98595329402432 ], [ 17.318718895465572, 51.988922551099051 ], [ 17.328313407936207, 52.010354964106185 ], [ 17.34242316468891, 52.019603250652487 ], [ 17.415111366793212, 52.015267449601723 ], [ 17.456712644349256, 52.033198635742721 ], [ 17.486113081556322, 52.049671676060122 ], [ 17.473154931042217, 52.072701105465065 ], [ 17.489351291575069, 52.08177712226037 ], [ 17.513784476433365, 52.095468841359569 ], [ 17.514385111773574, 52.124136631826048 ], [ 17.543826094622325, 52.142812779415273 ], [ 17.580173177696036, 52.13583605977098 ], [ 17.650565205147895, 52.143666621266235 ], [ 17.666178710369284, 52.133685355161617 ], [ 17.662206433290009, 52.102143329689945 ], [ 17.683249073412988, 52.081777122173193 ], [ 17.699613248300906, 52.065938986982367 ], [ 17.748399310970395, 52.080239306802468 ], [ 17.766094025565103, 52.081777121985574 ], [ 17.820320040530685, 52.086489805034191 ], [ 17.832706718116015, 52.081777122201721 ], [ 17.84977051550328, 52.075284962929089 ], [ 17.888647999377113, 52.081777122211335 ], [ 17.932544403616888, 52.089107391039313 ], [ 17.947139608178382, 52.081777122019965 ], [ 17.964547742545246, 52.073034091590799 ], [ 17.977307867602075, 52.052408016745794 ], [ 17.945042634562675, 52.002380115193318 ], [ 18.060650526187807, 51.980429833123885 ], [ 18.099792556052442, 51.977105900692088 ], [ 18.162980311460288, 51.986315812246886 ], [ 18.169806983616095, 52.004884467492452 ], [ 18.214943606325242, 52.017539811049311 ], [ 18.232092595607895, 52.039891906963938 ], [ 18.251639082472757, 52.043726487162658 ], [ 18.266973822410151, 52.032478514429414 ], [ 18.256046232680205, 52.005865384386595 ], [ 18.299656891202766, 51.976969965577922 ], [ 18.332209657568757, 51.924012938519922 ], [ 18.361939467896825, 51.904239350624316 ], [ 18.407679160191844, 51.909277927425848 ], [ 18.423653883955328, 51.877155257996399 ], [ 18.471275177606682, 51.867999345567469 ], [ 18.477892424358664, 51.858170989521945 ], [ 18.4719654298123, 51.851005635397179 ] ] ] } },
{ "type": "Feature", "properties": { "NUTS_ID": "PL417", "LEVL_CODE": 3, "CNTR_CODE": "PL", "NAME_LATN": "Leszczyński", "NUTS_NAME": "Leszczyński", "MOUNT_TYPE": null, "URBN_TYPE": 3.0, "COAST_TYPE": null }, "geometry": { "type": "Polygon", "coordinates": [ [ [ 16.013770384033567, 52.734728010310683 ], [ 16.119159954482846, 52.691769836562017 ], [ 16.242556453440134, 52.665442236945843 ], [ 16.251856708573261, 52.652239929317751 ], [ 16.295587668279776, 52.640344481093841 ], [ 16.318360480679669, 52.646306339149419 ], [ 16.33273060331533, 52.618240867325461 ], [ 16.268591844717164, 52.61466921632023 ], [ 16.263697391395922, 52.601365001648887 ], [ 16.286200996407285, 52.577315948872602 ], [ 16.262520806320548, 52.567954034287609 ], [ 16.251213719347611, 52.551268716957821 ], [ 16.232622496454219, 52.547830235620751 ], [ 16.233070423615885, 52.520721946512019 ], [ 16.191883339341697, 52.507584444026193 ], [ 16.190221801389644, 52.495866024052987 ], [ 16.246949915438574, 52.475430126413912 ], [ 16.281792871335266, 52.473106030282814 ], [ 16.291273795480066, 52.460302302726113 ], [ 16.359624983304428, 52.426622806574883 ], [ 16.388135052462719, 52.421968176080654 ], [ 16.408386826017214, 52.406190500325799 ], [ 16.437688277144321, 52.404934816632903 ], [ 16.461621313768074, 52.35834562270837 ], [ 16.503835940363974, 52.336988777356183 ], [ 16.496465280482138, 52.317666858593071 ], [ 16.478952739598569, 52.304490895843358 ], [ 16.501969156140284, 52.29700139346663 ], [ 16.506039026020545, 52.274986802428813 ], [ 16.576282190896439, 52.28322158938721 ], [ 16.600478453173405, 52.271027464041637 ], [ 16.603292768352599, 52.253732618381683 ], [ 16.578303280833016, 52.228433953166636 ], [ 16.59305113322683, 52.212789329989015 ], [ 16.598884017200938, 52.17532449539604 ], [ 16.619509134920044, 52.176805467383026 ], [ 16.667435285173951, 52.208093344788956 ], [ 16.708230769707349, 52.196846170186177 ], [ 16.739084573751086, 52.213627291175406 ], [ 16.771468295674268, 52.205757181013624 ], [ 16.780044233267581, 52.199276346063805 ], [ 16.78006904535701, 52.184014159542322 ], [ 16.800318061550378, 52.171554389243255 ], [ 16.796918549295093, 52.139646360198874 ], [ 16.826927275347842, 52.118744937756155 ], [ 16.860723105401274, 52.116549373409455 ], [ 16.864282674579588, 52.105418703156062 ], [ 16.883382070691585, 52.09939127449536 ], [ 16.875953428503063, 52.08756271616793 ], [ 16.877015603693486, 52.081777122737236 ], [ 16.879364286746988, 52.06898402651688 ], [ 16.921656643731421, 52.063344371521552 ], [ 16.893809059363655, 52.02613814081586 ], [ 16.897368584990794, 52.019145505964275 ], [ 16.940236878844267, 52.014790174484993 ], [ 16.981677106755761, 51.9996015753295 ], [ 17.005345078401703, 51.981039292942704 ], [ 17.041438776460158, 51.968873889973089 ], [ 17.034218275688929, 51.950610956290156 ], [ 17.039044581480706, 51.941937277034249 ], [ 17.08356888549228, 51.929920558949057 ], [ 17.121737911669467, 51.927969954049729 ], [ 17.132332192722558, 51.948710804776624 ], [ 17.162458052481149, 51.964602777757989 ], [ 17.188679737079539, 51.96743691223471 ], [ 17.222246825931926, 51.966331168174612 ], [ 17.265036715347815, 51.948870474547149 ], [ 17.30425145131057, 51.917333973034289 ], [ 17.326952297116179, 51.883857177566135 ], [ 17.325574644618076, 51.860767309502528 ], [ 17.304534804283918, 51.852643902671275 ], [ 17.332215382326954, 51.833590073142993 ], [ 17.320272567514404, 51.807990156208177 ], [ 17.325652795387388, 51.779228627263208 ], [ 17.318500694409444, 51.762136228730704 ], [ 17.280149638730105, 51.754486363575403 ], [ 17.263818567482208, 51.775898555545623 ], [ 17.234928066391323, 51.774117540096675 ], [ 17.1859361047131, 51.787622425084294 ], [ 17.160290181078231, 51.752091946607074 ], [ 17.177196217320233, 51.735462284012442 ], [ 17.175922305436305, 51.721828487723293 ], [ 17.133029899540674, 51.709448715947929 ], [ 17.149509390250039, 51.69306571068168 ], [ 17.220509970753074, 51.675712482514527 ], [ 17.241189838739956, 51.64784763808423 ], [ 17.257433084442241, 51.642843151593951 ], [ 17.215513074359986, 51.624947797456393 ], [ 17.212476640304057, 51.576711752687871 ], [ 17.20561294285519, 51.569923464026942 ], [ 17.186332276241657, 51.574575913911765 ], [ 17.130148004145273, 51.566423117508464 ], [ 17.104169756481326, 51.574641146686737 ], [ 17.071619380996108, 51.567179465113057 ], [ 17.05796886150771, 51.548947231872845 ], [ 17.033764397013464, 51.555131553368987 ], [ 16.966829860085777, 51.54690998699207 ], [ 16.923876358281838, 51.555750082692917 ], [ 16.887475176010113, 51.579713880409187 ], [ 16.828371942538919, 51.572188126299714 ], [ 16.772217043603973, 51.616989114346914 ], [ 16.778159627691807, 51.641616097498634 ], [ 16.687734022964776, 51.647557528928225 ], [ 16.646430759270785, 51.662063846909632 ], [ 16.643597273883252, 51.680726063701279 ], [ 16.678346211992217, 51.704933070734945 ], [ 16.646122928716178, 51.723502055581115 ], [ 16.640030537190317, 51.746094439713914 ], [ 16.591407290928849, 51.749020671934645 ], [ 16.575391124775045, 51.76638482568066 ], [ 16.545601559411629, 51.767845437614426 ], [ 16.53389383686611, 51.780938860624751 ], [ 16.416190882736018, 51.784865003909637 ], [ 16.394931641404167, 51.793831160444832 ], [ 16.393404774566573, 51.83360140374085 ], [ 16.349343296070632, 51.863578541453606 ], [ 16.334295327090228, 51.883704348051069 ], [ 16.259357044584931, 51.89844418169335 ], [ 16.206107979440798, 51.873193975464581 ], [ 16.15596711857382, 51.891590745746093 ], [ 16.112612919407841, 51.896299007409411 ], [ 16.132200119598021, 51.92535690365456 ], [ 16.13233116160065, 51.966001022155638 ], [ 16.121267380276429, 51.987587664157196 ], [ 16.104189997345816, 51.992974232562354 ], [ 16.054596207331528, 51.97877706077302 ], [ 16.005836760502117, 51.986839308746866 ], [ 15.968347737251872, 52.016018480057667 ], [ 15.96941111148417, 52.028805144752702 ], [ 15.98991459459261, 52.038879705276152 ], [ 15.99696980089238, 52.055880544661107 ], [ 15.956328948466229, 52.081777121986363 ], [ 15.940502347364733, 52.08721776412699 ], [ 15.932867484160949, 52.081777122784715 ], [ 15.917894070767515, 52.071106991488179 ], [ 15.882464758643655, 52.08177712207894 ], [ 15.861080646681371, 52.088217305341601 ], [ 15.842568904244391, 52.101729148054311 ], [ 15.839027522534936, 52.109766959417605 ], [ 15.873294826694259, 52.132260658754326 ], [ 15.881213018255009, 52.151407769118904 ], [ 15.860578604403246, 52.17243839076874 ], [ 15.85205539566306, 52.212963348587607 ], [ 15.858811082403127, 52.231115899778757 ], [ 15.855534208399755, 52.262000586339212 ], [ 15.880810394823778, 52.290429650107988 ], [ 15.895609343593243, 52.386446970159028 ], [ 15.844376205799936, 52.40583418304282 ], [ 15.810944494831618, 52.439513378232256 ], [ 15.823115907266464, 52.446120122095159 ], [ 15.844943737313509, 52.435041088384594 ], [ 15.876308767502168, 52.440274619728669 ], [ 15.891701643971203, 52.450404664576808 ], [ 15.8900515631028, 52.472195413474502 ], [ 15.872291244354866, 52.506968452317459 ], [ 15.844107218820438, 52.525859097312789 ], [ 15.850849189312207, 52.547146089287097 ], [ 15.830815304353955, 52.567676067447657 ], [ 15.824442129323296, 52.587179420506139 ], [ 15.794282822220834, 52.61327358617595 ], [ 15.780873698123322, 52.645300417765725 ], [ 15.790851631779827, 52.665442236608506 ], [ 15.811593027466669, 52.671956065143682 ], [ 15.797664886338948, 52.706634681608179 ], [ 15.904277889324776, 52.715830380204686 ], [ 15.941897332685418, 52.730493830133881 ], [ 15.946788203227397, 52.754834214849311 ], [ 15.980472208391063, 52.750536859888051 ], [ 16.013770384033567, 52.734728010310683 ] ] ] } },
{ "type": "Feature", "properties": { "NUTS_ID": "PL418", "LEVL_CODE": 3, "CNTR_CODE": "PL", "NAME_LATN": "Poznański", "NUTS_NAME": "Poznański", "MOUNT_TYPE": null, "URBN_TYPE": 2.0, "COAST_TYPE": null }, "geometry": { "type": "Polygon", "coordinates": [ [ [ 17.151438373827716, 52.573971895437928 ], [ 17.161246196996355, 52.56298725689453 ], [ 17.181397322725875, 52.564169911189559 ], [ 17.19072849978215, 52.552128631908452 ], [ 17.215674969043693, 52.543303406263519 ], [ 17.255206121849941, 52.549057126111592 ], [ 17.286325066089397, 52.538856254403491 ], [ 17.314599980971046, 52.544729554635339 ], [ 17.352533309372472, 52.529908423721103 ], [ 17.327149512417165, 52.505210284217625 ], [ 17.354951191566553, 52.493818964073888 ], [ 17.343547200763666, 52.474517598695975 ], [ 17.367556691413263, 52.464124959605357 ], [ 17.395234864795281, 52.43779804303702 ], [ 17.387009242375658, 52.422230675096266 ], [ 17.351595863468713, 52.403627569603707 ], [ 17.370414013752153, 52.381129552320772 ], [ 17.362590294575096, 52.36775155725865 ], [ 17.367510106450027, 52.350605152185587 ], [ 17.380319697796601, 52.337150782057847 ], [ 17.401833530218454, 52.337081336816716 ], [ 17.413786024219888, 52.327922110663749 ], [ 17.40184351308281, 52.308219881788709 ], [ 17.412174883713501, 52.28445424938527 ], [ 17.436985950544074, 52.27245375556403 ], [ 17.473081320407985, 52.275584331475365 ], [ 17.485129982092669, 52.267526424791804 ], [ 17.455079596772478, 52.242714176749246 ], [ 17.45187299949119, 52.227396162328056 ], [ 17.466816565127758, 52.213109688410654 ], [ 17.465867322628572, 52.203577467552975 ], [ 17.43186350196293, 52.192105760794156 ], [ 17.428566659993642, 52.17010984014609 ], [ 17.465327740631121, 52.137900198823296 ], [ 17.46285604563581, 52.11519665301401 ], [ 17.514385111773574, 52.124136631826048 ], [ 17.513784476433365, 52.095468841359569 ], [ 17.489351291575069, 52.08177712226037 ], [ 17.473154931042217, 52.072701105465065 ], [ 17.486113081556322, 52.049671676060122 ], [ 17.456712644349256, 52.033198635742721 ], [ 17.415111366793212, 52.015267449601723 ], [ 17.34242316468891, 52.019603250652487 ], [ 17.328313407936207, 52.010354964106185 ], [ 17.318718895465572, 51.988922551099051 ], [ 17.21763899542869, 51.98595329402432 ], [ 17.188679737079539, 51.96743691223471 ], [ 17.162458052481149, 51.964602777757989 ], [ 17.132332192722558, 51.948710804776624 ], [ 17.121737911669467, 51.927969954049729 ], [ 17.08356888549228, 51.929920558949057 ], [ 17.039044581480706, 51.941937277034249 ], [ 17.034218275688929, 51.950610956290156 ], [ 17.041438776460158, 51.968873889973089 ], [ 17.005345078401703, 51.981039292942704 ], [ 16.981677106755761, 51.9996015753295 ], [ 16.940236878844267, 52.014790174484993 ], [ 16.897368584990794, 52.019145505964275 ], [ 16.893809059363655, 52.02613814081586 ], [ 16.921656643731421, 52.063344371521552 ], [ 16.879364286746988, 52.06898402651688 ], [ 16.877015603693486, 52.081777122737236 ], [ 16.875953428503063, 52.08756271616793 ], [ 16.883382070691585, 52.09939127449536 ], [ 16.864282674579588, 52.105418703156062 ], [ 16.860723105401274, 52.116549373409455 ], [ 16.826927275347842, 52.118744937756155 ], [ 16.796918549295093, 52.139646360198874 ], [ 16.800318061550378, 52.171554389243255 ], [ 16.78006904535701, 52.184014159542322 ], [ 16.780044233267581, 52.199276346063805 ], [ 16.771468295674268, 52.205757181013624 ], [ 16.739084573751086, 52.213627291175406 ], [ 16.708230769707349, 52.196846170186177 ], [ 16.667435285173951, 52.208093344788956 ], [ 16.619509134920044, 52.176805467383026 ], [ 16.598884017200938, 52.17532449539604 ], [ 16.59305113322683, 52.212789329989015 ], [ 16.578303280833016, 52.228433953166636 ], [ 16.603292768352599, 52.253732618381683 ], [ 16.600478453173405, 52.271027464041637 ], [ 16.576282190896439, 52.28322158938721 ], [ 16.506039026020545, 52.274986802428813 ], [ 16.501969156140284, 52.29700139346663 ], [ 16.478952739598569, 52.304490895843358 ], [ 16.496465280482138, 52.317666858593071 ], [ 16.503835940363974, 52.336988777356183 ], [ 16.461621313768074, 52.35834562270837 ], [ 16.437688277144321, 52.404934816632903 ], [ 16.408386826017214, 52.406190500325799 ], [ 16.388135052462719, 52.421968176080654 ], [ 16.359624983304428, 52.426622806574883 ], [ 16.291273795480066, 52.460302302726113 ], [ 16.281792871335266, 52.473106030282814 ], [ 16.246949915438574, 52.475430126413912 ], [ 16.190221801389644, 52.495866024052987 ], [ 16.191883339341697, 52.507584444026193 ], [ 16.233070423615885, 52.520721946512019 ], [ 16.232622496454219, 52.547830235620751 ], [ 16.251213719347611, 52.551268716957821 ], [ 16.262520806320548, 52.567954034287609 ], [ 16.286200996407285, 52.577315948872602 ], [ 16.263697391395922, 52.601365001648887 ], [ 16.268591844717164, 52.61466921632023 ], [ 16.33273060331533, 52.618240867325461 ], [ 16.318360480679669, 52.646306339149419 ], [ 16.295587668279776, 52.640344481093841 ], [ 16.251856708573261, 52.652239929317751 ], [ 16.242556453440134, 52.665442236945843 ], [ 16.119159954482846, 52.691769836562017 ], [ 16.013770384033567, 52.734728010310683 ], [ 16.055898198011832, 52.731742878904953 ], [ 16.081078376447202, 52.757886601273263 ], [ 16.133274018442066, 52.781720290303348 ], [ 16.198295181516638, 52.793383322665207 ], [ 16.242969902183638, 52.790891464775939 ], [ 16.287824827353422, 52.769751316441202 ], [ 16.320731798405877, 52.772981298739673 ], [ 16.344960425348308, 52.753542982173983 ], [ 16.375052455774217, 52.772709981229376 ], [ 16.394548401514783, 52.762062425476913 ], [ 16.430458554526759, 52.762221138944483 ], [ 16.449600214069068, 52.741980015394489 ], [ 16.515881604726864, 52.756769773831955 ], [ 16.562831610635104, 52.740916860625802 ], [ 16.687604409835906, 52.74881403829859 ], [ 16.708804040436505, 52.729271648360942 ], [ 16.729322262057273, 52.72954578321847 ], [ 16.740926753958547, 52.740773282084469 ], [ 16.726143681770083, 52.745127283774899 ], [ 16.725869270464543, 52.752525225185977 ], [ 16.772879920652134, 52.77237663386552 ], [ 16.791157600393152, 52.790492268373605 ], [ 16.784200822809989, 52.796252162273547 ], [ 16.708780112611699, 52.858697053141398 ], [ 16.734201976660248, 52.869978977221677 ], [ 16.76211019713697, 52.869940515345917 ], [ 16.782518654489746, 52.882436180164994 ], [ 16.806474389461034, 52.85913403350753 ], [ 16.855602091252209, 52.851354861955294 ], [ 16.928118044333278, 52.82052039915645 ], [ 16.998777363226466, 52.827182229282009 ], [ 17.006693838576098, 52.796252162957941 ], [ 17.008643837410336, 52.788633419644768 ], [ 17.024326087498793, 52.778659713766707 ], [ 17.110048047593647, 52.779771396827627 ], [ 17.127121757374635, 52.738471397753997 ], [ 17.109906293278787, 52.710340473830776 ], [ 17.118201052420435, 52.683290696449667 ], [ 17.047916639366175, 52.686244122852173 ], [ 17.038328867345982, 52.679718599769707 ], [ 17.0535993586617, 52.665442236647692 ], [ 17.057810889251353, 52.661504882567591 ], [ 17.050254643695183, 52.637101398608763 ], [ 17.122630875090554, 52.623284420134439 ], [ 17.125391215534915, 52.583412766922514 ], [ 17.135579668238037, 52.572519594401456 ], [ 17.151438373827716, 52.573971895437928 ] ], [ [ 16.755208646130274, 52.466440207818401 ], [ 16.785647044699406, 52.445648998332302 ], [ 16.805161012380019, 52.386104120695975 ], [ 16.829640520259161, 52.360157608436225 ], [ 16.894031736511987, 52.347739943444878 ], [ 16.966796616925496, 52.304474531568367 ], [ 16.991881579192047, 52.303276145976625 ], [ 17.004612020274788, 52.323134971828068 ], [ 17.035743613802804, 52.335348758453087 ], [ 17.050587316185954, 52.352413233360032 ], [ 17.052448862581105, 52.417665759363025 ], [ 16.984815095492465, 52.451973646618676 ], [ 16.956753337639121, 52.499673907355941 ], [ 16.907510269026709, 52.495657172748956 ], [ 16.877755713551849, 52.47215744900145 ], [ 16.789992687706736, 52.478774120894833 ], [ 16.755208646130274, 52.466440207818401 ] ] ] } },
{ "type": "Feature", "properties": { "NUTS_ID": "PL424", "LEVL_CODE": 3, "CNTR_CODE": "PL", "NAME_LATN": "Miasto Szczecin", "NUTS_NAME": "Miasto Szczecin", "MOUNT_TYPE": null, "URBN_TYPE": 2.0, "COAST_TYPE": 1.0 }, "geometry": { "type": "Polygon", "coordinates": [ [ [ 14.552363222109728, 53.332087244867068 ], [ 14.548279114554445, 53.341295192500681 ], [ 14.567159345739844, 53.368137813649454 ], [ 14.482840387190604, 53.40010726032417 ], [ 14.444446508879439, 53.495199556546289 ], [ 14.567375071111917, 53.502787417077215 ], [ 14.574495256588593, 53.513364344563158 ], [ 14.564737819321255, 53.52809449785903 ], [ 14.572265543659437, 53.533324834685381 ], [ 14.673503066017304, 53.529743867376034 ], [ 14.695584547004257, 53.501079984519826 ], [ 14.708166546595507, 53.439132934003084 ], [ 14.746107426234811, 53.435960922269182 ], [ 14.734609267321122, 53.410721437658403 ], [ 14.775769274151012, 53.39601555426168 ], [ 14.749762446799302, 53.370063301978881 ], [ 14.781125699992844, 53.339012263339683 ], [ 14.747754783457514, 53.334370084768544 ], [ 14.704825846906786, 53.358441313271541 ], [ 14.644268193590767, 53.362664682464498 ], [ 14.60719280598147, 53.350798897195425 ], [ 14.577693978816704, 53.328749666490765 ], [ 14.552363222109728, 53.332087244867068 ] ] ] } },
{ "type": "Feature", "properties": { "NUTS_ID": "PL426", "LEVL_CODE": 3, "CNTR_CODE": "PL", "NAME_LATN": "Koszaliński", "NUTS_NAME": "Koszaliński", "MOUNT_TYPE": null, "URBN_TYPE": 2.0, "COAST_TYPE": 1.0 }, "geometry": { "type": "Polygon", "coordinates": [ [ [ 16.699084836183442, 54.569246890438038 ], [ 16.74297907708387, 54.53329215169822 ], [ 16.743253932458686, 54.512504122204099 ], [ 16.759136781886376, 54.491515854918255 ], [ 16.801125101911246, 54.483971180682175 ], [ 16.82372931366324, 54.464508810723871 ], [ 16.838510683726479, 54.436104687107495 ], [ 16.828071859869024, 54.414758742065139 ], [ 16.85387305754022, 54.382352209040413 ], [ 16.812399197571814, 54.365919944722151 ], [ 16.826351318945964, 54.343637988026423 ], [ 16.818342071589534, 54.320577124936484 ], [ 16.854698067246531, 54.303838165459652 ], [ 16.861039494561037, 54.261110978889853 ], [ 16.831161411120757, 54.246816697823817 ], [ 16.734833530489656, 54.230738266904133 ], [ 16.715807780445761, 54.213850098183165 ], [ 16.732297407590227, 54.198491242026712 ], [ 16.734331629301227, 54.179535031976982 ], [ 16.773923380363588, 54.150183948569669 ], [ 16.780299478747018, 54.129393065806049 ], [ 16.782468352452106, 54.122320899445548 ], [ 16.800453422331522, 54.115241111585085 ], [ 16.794735848227521, 54.082894972167217 ], [ 16.809301595393258, 54.065954786929481 ], [ 16.793269018866191, 54.035407846355035 ], [ 16.787028106717738, 54.023517010081591 ], [ 16.797100803606103, 54.002235785641723 ], [ 16.792764348631611, 53.985550600138779 ], [ 16.765627997547227, 53.986872213692436 ], [ 16.750156041488676, 53.965089021579814 ], [ 16.706813620557437, 53.94845098444074 ], [ 16.728009585384839, 53.897685923635649 ], [ 16.72285528656645, 53.891187861384452 ], [ 16.689291759383593, 53.891116035102044 ], [ 16.652336476526131, 53.90599683810639 ], [ 16.604033362084195, 53.903706567745125 ], [ 16.565173363571947, 53.889036332797723 ], [ 16.496504601699304, 53.906742028782631 ], [ 16.432248985157425, 53.902402336003767 ], [ 16.368959757465966, 53.912863440512503 ], [ 16.327701062570355, 53.880758004359116 ], [ 16.273793852807323, 53.871101719124376 ], [ 16.250888497720727, 53.845373426458877 ], [ 16.209510797473193, 53.835391463491661 ], [ 16.174288996465872, 53.812981868610713 ], [ 16.151003007785292, 53.825358372962299 ], [ 16.139880934832764, 53.874233617175975 ], [ 16.087536564546991, 53.896033502281796 ], [ 16.068595402681645, 53.897457071559359 ], [ 16.042742940746663, 53.880124431760095 ], [ 15.976390664345873, 53.911417991411206 ], [ 15.903418735043312, 53.919942372600296 ], [ 15.869064912106603, 53.912489086747293 ], [ 15.856708866440769, 53.892734446049111 ], [ 15.813367019351798, 53.903610257990735 ], [ 15.792395371417898, 53.895601344286789 ], [ 15.785923011649464, 53.908124223674129 ], [ 15.794552222646274, 53.93194298083376 ], [ 15.766479481375738, 53.939431449074739 ], [ 15.74674763947122, 53.956938006108039 ], [ 15.676037876762468, 53.966056204435326 ], [ 15.648013628233688, 53.962212811644001 ], [ 15.585450254038429, 53.929580552572205 ], [ 15.557425490581153, 53.908143101966658 ], [ 15.554379035686463, 53.888802368403624 ], [ 15.516604357811786, 53.874852329609404 ], [ 15.479201486360918, 53.877115015830398 ], [ 15.448541096109428, 53.90876789784911 ], [ 15.452561163606148, 53.940852069159313 ], [ 15.425136086490125, 53.971477802414036 ], [ 15.4261502084591, 54.01410818518471 ], [ 15.440170499719837, 54.059882279103576 ], [ 15.419647964379902, 54.075183055858169 ], [ 15.370760421292973, 54.086534396700763 ], [ 15.364631436594113, 54.130389024062524 ], [ 15.38803754045616, 54.158960617528024 ], [ 15.489848447301744, 54.167531511915683 ], [ 15.553393312798294, 54.186138473528153 ], [ 15.674354577356137, 54.200972222762658 ], [ 15.858414645411909, 54.24220017770979 ], [ 16.082804513419489, 54.269832338576627 ], [ 16.181095378661734, 54.303976578720579 ], [ 16.252469588807536, 54.343637988116754 ], [ 16.476212243283662, 54.514031876611718 ], [ 16.541599906434453, 54.543461511571252 ], [ 16.699084836183442, 54.569246890438038 ] ] ] } },
{ "type": "Feature", "properties": { "NUTS_ID": "PL427", "LEVL_CODE": 3, "CNTR_CODE": "PL", "NAME_LATN": "Szczecinecko-pyrzycki", "NUTS_NAME": "Szczecinecko-pyrzycki", "MOUNT_TYPE": null, "URBN_TYPE": 3.0, "COAST_TYPE": null }, "geometry": { "type": "Polygon", "coordinates": [ [ [ 15.479201486360918, 53.877115015830398 ], [ 15.516604357811786, 53.874852329609404 ], [ 15.554379035686463, 53.888802368403624 ], [ 15.557425490581153, 53.908143101966658 ], [ 15.585450254038429, 53.929580552572205 ], [ 15.648013628233688, 53.962212811644001 ], [ 15.676037876762468, 53.966056204435326 ], [ 15.74674763947122, 53.956938006108039 ], [ 15.766479481375738, 53.939431449074739 ], [ 15.794552222646274, 53.93194298083376 ], [ 15.785923011649464, 53.908124223674129 ], [ 15.792395371417898, 53.895601344286789 ], [ 15.813367019351798, 53.903610257990735 ], [ 15.856708866440769, 53.892734446049111 ], [ 15.869064912106603, 53.912489086747293 ], [ 15.903418735043312, 53.919942372600296 ], [ 15.976390664345873, 53.911417991411206 ], [ 16.042742940746663, 53.880124431760095 ], [ 16.068595402681645, 53.897457071559359 ], [ 16.087536564546991, 53.896033502281796 ], [ 16.139880934832764, 53.874233617175975 ], [ 16.151003007785292, 53.825358372962299 ], [ 16.174288996465872, 53.812981868610713 ], [ 16.209510797473193, 53.835391463491661 ], [ 16.250888497720727, 53.845373426458877 ], [ 16.273793852807323, 53.871101719124376 ], [ 16.327701062570355, 53.880758004359116 ], [ 16.368959757465966, 53.912863440512503 ], [ 16.432248985157425, 53.902402336003767 ], [ 16.496504601699304, 53.906742028782631 ], [ 16.565173363571947, 53.889036332797723 ], [ 16.604033362084195, 53.903706567745125 ], [ 16.652336476526131, 53.90599683810639 ], [ 16.689291759383593, 53.891116035102044 ], [ 16.72285528656645, 53.891187861384452 ], [ 16.728009585384839, 53.897685923635649 ], [ 16.706813620557437, 53.94845098444074 ], [ 16.750156041488676, 53.965089021579814 ], [ 16.765627997547227, 53.986872213692436 ], [ 16.792764348631611, 53.985550600138779 ], [ 16.805513143672066, 53.980590039397129 ], [ 16.806305828029693, 53.992533418354142 ], [ 16.818271337527015, 54.000927485629134 ], [ 16.840424778999804, 53.994776325925159 ], [ 16.874229233923593, 53.972336933883142 ], [ 16.871782395412382, 53.945679146969539 ], [ 16.901264843405464, 53.929208618654741 ], [ 16.908242494819305, 53.925781940656044 ], [ 16.922042366496864, 53.924645172621034 ], [ 16.925385810523984, 53.919813543288114 ], [ 16.93686197877031, 53.913611245815332 ], [ 16.94896682742003, 53.912054565587269 ], [ 16.954219990582402, 53.907590137401371 ], [ 16.965972933602956, 53.904868570480652 ], [ 16.982053707732586, 53.904909637813297 ], [ 16.971725246093051, 53.880938986108255 ], [ 16.927103303571773, 53.877277270541597 ], [ 16.901264844260428, 53.875156945730488 ], [ 16.875759387515, 53.86770058645557 ], [ 16.867552712036655, 53.854184020465119 ], [ 16.874640936328557, 53.831784040856434 ], [ 16.901264844147612, 53.823191845278046 ], [ 16.915029235809726, 53.80199028474938 ], [ 16.94398785141049, 53.801256155819402 ], [ 16.931198070448286, 53.780003786661709 ], [ 16.913769713504571, 53.769668398041617 ], [ 16.901264843840295, 53.762252743148203 ], [ 16.860809641509888, 53.745698526038204 ], [ 16.892247854750558, 53.655868854950086 ], [ 16.84661873548205, 53.632481789346159 ], [ 16.820948223257343, 53.638846843676788 ], [ 16.762924592036587, 53.621109705408038 ], [ 16.744528554452902, 53.597562519713605 ], [ 16.739487383386582, 53.583343897288351 ], [ 16.718690658453255, 53.524686759650002 ], [ 16.649467989190761, 53.488126459867388 ], [ 16.499691301589348, 53.472589211375833 ], [ 16.457584777648368, 53.483764657023976 ], [ 16.44560705500631, 53.473134485069643 ], [ 16.444215527965266, 53.463870337520703 ], [ 16.463430406710344, 53.457609682927909 ], [ 16.449946913202318, 53.442771998882442 ], [ 16.482567448823676, 53.388267753956335 ], [ 16.538471161910753, 53.371459107973578 ], [ 16.561305133592317, 53.35553219908428 ], [ 16.622944208452616, 53.345211566890988 ], [ 16.698736570514953, 53.301102230831681 ], [ 16.641726077390569, 53.263294744287428 ], [ 16.628620786736722, 53.242334366747393 ], [ 16.626456776983311, 53.21623558965819 ], [ 16.559003941515421, 53.227842453407433 ], [ 16.53769408266038, 53.215888920323771 ], [ 16.528185970414228, 53.195954253661604 ], [ 16.498057927137584, 53.168456585975292 ], [ 16.4241744456235, 53.153204416514718 ], [ 16.400093318549281, 53.157593409799901 ], [ 16.387752012755346, 53.132942588291129 ], [ 16.352914514017957, 53.110101257314092 ], [ 16.355625190545165, 53.075234481793245 ], [ 16.311322594500723, 53.040490484186456 ], [ 16.25677528045318, 53.045986188313009 ], [ 16.117702881190024, 53.012492978739004 ], [ 15.9624973464585, 53.04138102327169 ], [ 15.984638695929446, 53.058276556269355 ], [ 15.995174284557244, 53.07962485325146 ], [ 15.976589132624937, 53.108225809733298 ], [ 15.907891723163809, 53.122300010968843 ], [ 15.872672744908426, 53.119729931562212 ], [ 15.851636388173295, 53.114506414011899 ], [ 15.851761869470861, 53.095129596173635 ], [ 15.820168521213224, 53.083819398715242 ], [ 15.813764285745995, 53.066776753938015 ], [ 15.79524141359088, 53.058890093673988 ], [ 15.797216405277762, 53.045861355762284 ], [ 15.768341200062574, 53.024802748478351 ], [ 15.766106010574497, 53.002219816903796 ], [ 15.727627128766665, 52.989933433331338 ], [ 15.685591959433934, 52.995266099958712 ], [ 15.636490798916755, 52.979591585689064 ], [ 15.590961376587146, 52.982965189321433 ], [ 15.546612814481582, 53.012222215788391 ], [ 15.421044453392046, 52.983198822687342 ], [ 15.357927658083875, 52.944236925851449 ], [ 15.290472693124588, 52.955354406495566 ], [ 15.287795886144615, 52.939944913536905 ], [ 15.317272208453824, 52.91290152268374 ], [ 15.328413224896702, 52.902680070535339 ], [ 15.324336826350352, 52.895911226806142 ], [ 15.079577631385822, 52.832752982458828 ], [ 15.032906906576219, 52.858886783303134 ], [ 14.990178863833499, 52.845522192220074 ], [ 14.973452970654771, 52.866920876191152 ], [ 14.911548983601163, 52.885504450160269 ], [ 14.893061666498657, 52.861210786567248 ], [ 14.91360303908602, 52.842356272261689 ], [ 14.899142258630443, 52.836356990564752 ], [ 14.869496737296489, 52.845012423487674 ], [ 14.868784450499177, 52.834589005066682 ], [ 14.85437634358223, 52.825351253598086 ], [ 14.861239013567069, 52.796252162703738 ], [ 14.797996041936711, 52.755977903312541 ], [ 14.788134541516854, 52.697772567717067 ], [ 14.759233958016841, 52.665442236840789 ], [ 14.738386629738967, 52.6421208726901 ], [ 14.699373881975495, 52.633806030166518 ], [ 14.632318200264585, 52.657096219287865 ], [ 14.565062982428884, 52.624496888479101 ], [ 14.498477106387639, 52.6473505626535 ], [ 14.467858356534061, 52.660006286467741 ], [ 14.463213604712143, 52.665442236070106 ], [ 14.453773866758299, 52.676489962352939 ], [ 14.436438136474445, 52.679900359746931 ], [ 14.462690506164513, 52.702891158075609 ], [ 14.512281372705068, 52.722973008334343 ], [ 14.52880369025743, 52.742478248675063 ], [ 14.585621321969029, 52.762359094865573 ], [ 14.60710002494905, 52.796252162735911 ], [ 14.615956520247199, 52.810227578344005 ], [ 14.658648344579101, 52.834124272218453 ], [ 14.652006580209873, 52.855771103700299 ], [ 14.67659839245691, 52.870525335220762 ], [ 14.673357258443128, 52.885757322534808 ], [ 14.690220123054873, 52.898878373941891 ], [ 14.695947284296119, 52.912901522418807 ], [ 14.699138062824538, 52.920714252354522 ], [ 14.752505546741318, 52.93306918357613 ], [ 14.71610014637486, 52.962348468927104 ], [ 14.700702125837973, 53.001359328979575 ], [ 14.750319772415573, 53.064882101551298 ], [ 14.741546292553398, 53.117877002373966 ], [ 14.724047109539274, 53.154900365766565 ], [ 14.684151441710174, 53.164778536856019 ], [ 14.706403180736819, 53.21379768784049 ], [ 14.696747485710477, 53.24297301335163 ], [ 14.71718142310637, 53.268549627290362 ], [ 14.820486529524699, 53.240338864760041 ], [ 14.944639277397219, 53.250662400863568 ], [ 15.001869560568585, 53.275140895019071 ], [ 15.045811690662006, 53.25464878513948 ], [ 15.063481434775047, 53.237547615701736 ], [ 15.066083170794212, 53.219456218277784 ], [ 15.044959137637349, 53.201139433801629 ], [ 15.047961637426372, 53.192883927924811 ], [ 15.107862602355043, 53.175779872743675 ], [ 15.164417210619616, 53.174214607641638 ], [ 15.163666366098065, 53.157228149585968 ], [ 15.202438391082223, 53.136382654274485 ], [ 15.202342948522135, 53.088665486282459 ], [ 15.255135077322272, 53.094819219981211 ], [ 15.322768416275181, 53.136277412330841 ], [ 15.336852754651556, 53.159549422901407 ], [ 15.360234598753157, 53.171194202839331 ], [ 15.338204569176186, 53.200238289605359 ], [ 15.263917676445347, 53.211141049549504 ], [ 15.260968546570956, 53.224305571671643 ], [ 15.278841615773052, 53.245858835940673 ], [ 15.381255611806585, 53.249750408855618 ], [ 15.464284906503355, 53.235330915824733 ], [ 15.489804369432639, 53.240356913564895 ], [ 15.492300535995138, 53.248219909251148 ], [ 15.478162823044705, 53.258979321544459 ], [ 15.479498737625834, 53.309671362947377 ], [ 15.584097267618638, 53.347377930661104 ], [ 15.597569929399032, 53.377557500853428 ], [ 15.602669741379859, 53.425543357935538 ], [ 15.642321854247761, 53.438904016082788 ], [ 15.703694534977529, 53.481375850709505 ], [ 15.702481640662553, 53.490898531954294 ], [ 15.637055658492931, 53.483089619805824 ], [ 15.616642624588906, 53.50152686667505 ], [ 15.598044312582424, 53.504554253831962 ], [ 15.495909431010142, 53.474345878326702 ], [ 15.460144414346569, 53.484196406543823 ], [ 15.39012121373599, 53.544047832862113 ], [ 15.29848420243443, 53.507619479296494 ], [ 15.261955228410326, 53.530476357049238 ], [ 15.152466619535353, 53.56053786873111 ], [ 15.169524984479786, 53.583343898036233 ], [ 15.17577458149632, 53.591699242752895 ], [ 15.206713621681107, 53.600115018720203 ], [ 15.214890592613301, 53.623365073229976 ], [ 15.251394684449709, 53.616462543287241 ], [ 15.314594914894753, 53.627969562421036 ], [ 15.299959941735345, 53.654494987938094 ], [ 15.27847765735879, 53.664285048965802 ], [ 15.255852893185791, 53.700005570697172 ], [ 15.232301487469591, 53.714825735737229 ], [ 15.23118482558831, 53.728080358685169 ], [ 15.275274720842612, 53.750989021408543 ], [ 15.320683583196354, 53.760597683760565 ], [ 15.334400276994121, 53.769668397467562 ], [ 15.348972860613445, 53.779305104435387 ], [ 15.359430222051227, 53.797668319595182 ], [ 15.345917629711186, 53.809175923649356 ], [ 15.375868693081625, 53.843079823466681 ], [ 15.406472480432777, 53.856994603660695 ], [ 15.453594657387384, 53.852499301465251 ], [ 15.479201486360918, 53.877115015830398 ] ] ] } },
{ "type": "Feature", "properties": { "NUTS_ID": "PL428", "LEVL_CODE": 3, "CNTR_CODE": "PL", "NAME_LATN": "Szczeciński", "NUTS_NAME": "Szczeciński", "MOUNT_TYPE": null, "URBN_TYPE": 2.0, "COAST_TYPE": 1.0 }, "geometry": { "type": "MultiPolygon", "coordinates": [ [ [ [ 15.448541096109428, 53.90876789784911 ], [ 15.479201486360918, 53.877115015830398 ], [ 15.453594657387384, 53.852499301465251 ], [ 15.406472480432777, 53.856994603660695 ], [ 15.375868693081625, 53.843079823466681 ], [ 15.345917629711186, 53.809175923649356 ], [ 15.359430222051227, 53.797668319595182 ], [ 15.348972860613445, 53.779305104435387 ], [ 15.334400276994121, 53.769668397467562 ], [ 15.320683583196354, 53.760597683760565 ], [ 15.275274720842612, 53.750989021408543 ], [ 15.23118482558831, 53.728080358685169 ], [ 15.232301487469591, 53.714825735737229 ], [ 15.255852893185791, 53.700005570697172 ], [ 15.27847765735879, 53.664285048965802 ], [ 15.299959941735345, 53.654494987938094 ], [ 15.314594914894753, 53.627969562421036 ], [ 15.251394684449709, 53.616462543287241 ], [ 15.214890592613301, 53.623365073229976 ], [ 15.206713621681107, 53.600115018720203 ], [ 15.17577458149632, 53.591699242752895 ], [ 15.169524984479786, 53.583343898036233 ], [ 15.152466619535353, 53.56053786873111 ], [ 15.261955228410326, 53.530476357049238 ], [ 15.29848420243443, 53.507619479296494 ], [ 15.39012121373599, 53.544047832862113 ], [ 15.460144414346569, 53.484196406543823 ], [ 15.495909431010142, 53.474345878326702 ], [ 15.598044312582424, 53.504554253831962 ], [ 15.616642624588906, 53.50152686667505 ], [ 15.637055658492931, 53.483089619805824 ], [ 15.702481640662553, 53.490898531954294 ], [ 15.703694534977529, 53.481375850709505 ], [ 15.642321854247761, 53.438904016082788 ], [ 15.602669741379859, 53.425543357935538 ], [ 15.597569929399032, 53.377557500853428 ], [ 15.584097267618638, 53.347377930661104 ], [ 15.479498737625834, 53.309671362947377 ], [ 15.478162823044705, 53.258979321544459 ], [ 15.492300535995138, 53.248219909251148 ], [ 15.489804369432639, 53.240356913564895 ], [ 15.464284906503355, 53.235330915824733 ], [ 15.381255611806585, 53.249750408855618 ], [ 15.278841615773052, 53.245858835940673 ], [ 15.260968546570956, 53.224305571671643 ], [ 15.263917676445347, 53.211141049549504 ], [ 15.338204569176186, 53.200238289605359 ], [ 15.360234598753157, 53.171194202839331 ], [ 15.336852754651556, 53.159549422901407 ], [ 15.322768416275181, 53.136277412330841 ], [ 15.255135077322272, 53.094819219981211 ], [ 15.202342948522135, 53.088665486282459 ], [ 15.202438391082223, 53.136382654274485 ], [ 15.163666366098065, 53.157228149585968 ], [ 15.164417210619616, 53.174214607641638 ], [ 15.107862602355043, 53.175779872743675 ], [ 15.047961637426372, 53.192883927924811 ], [ 15.044959137637349, 53.201139433801629 ], [ 15.066083170794212, 53.219456218277784 ], [ 15.063481434775047, 53.237547615701736 ], [ 15.045811690662006, 53.25464878513948 ], [ 15.001869560568585, 53.275140895019071 ], [ 14.944639277397219, 53.250662400863568 ], [ 14.820486529524699, 53.240338864760041 ], [ 14.71718142310637, 53.268549627290362 ], [ 14.696747485710477, 53.24297301335163 ], [ 14.706403180736819, 53.21379768784049 ], [ 14.684151441710174, 53.164778536856019 ], [ 14.724047109539274, 53.154900365766565 ], [ 14.741546292553398, 53.117877002373966 ], [ 14.750319772415573, 53.064882101551298 ], [ 14.700702125837973, 53.001359328979575 ], [ 14.71610014637486, 52.962348468927104 ], [ 14.752505546741318, 52.93306918357613 ], [ 14.699138062824538, 52.920714252354522 ], [ 14.695947284296119, 52.912901522418807 ], [ 14.690220123054873, 52.898878373941891 ], [ 14.673357258443128, 52.885757322534808 ], [ 14.67659839245691, 52.870525335220762 ], [ 14.652006580209873, 52.855771103700299 ], [ 14.658648344579101, 52.834124272218453 ], [ 14.615956520247199, 52.810227578344005 ], [ 14.60710002494905, 52.796252162735911 ], [ 14.585621321969029, 52.762359094865573 ], [ 14.52880369025743, 52.742478248675063 ], [ 14.512281372705068, 52.722973008334343 ], [ 14.462690506164513, 52.702891158075609 ], [ 14.436438136474445, 52.679900359746931 ], [ 14.347163758323134, 52.752329561929884 ], [ 14.279221457687761, 52.775072761073304 ], [ 14.246369385324831, 52.796252162512232 ], [ 14.21616850745257, 52.815722365822772 ], [ 14.129635265589155, 52.832158588338338 ], [ 14.126962585805716, 52.846203568504755 ], [ 14.156440931976489, 52.876261302933699 ], [ 14.156692153419463, 52.895590996540953 ], [ 14.15085353736894, 52.912901522529864 ], [ 14.142048465990539, 52.939007101954097 ], [ 14.143657760567709, 52.961368386374147 ], [ 14.162468620830895, 52.965817528434144 ], [ 14.174673067672822, 52.975932993688282 ], [ 14.207113747614072, 52.987421957629749 ], [ 14.218356044534616, 52.988727096258074 ], [ 14.229554528352979, 52.991981394976577 ], [ 14.240390950615527, 52.995130475927731 ], [ 14.291204111690146, 53.01994681224749 ], [ 14.297977795719769, 53.024802748873803 ], [ 14.342657537272219, 53.050955922706265 ], [ 14.360904592505795, 53.072853709404853 ], [ 14.384386503667454, 53.136758378381607 ], [ 14.368645165732147, 53.16971369418021 ], [ 14.375530018456377, 53.194865072546946 ], [ 14.402669513756544, 53.210824404442768 ], [ 14.447123255515633, 53.259623600669237 ], [ 14.444040175178394, 53.272396053568329 ], [ 14.421188118406302, 53.28205991490001 ], [ 14.410134958443336, 53.308982713516784 ], [ 14.412156848565401, 53.329636080550713 ], [ 14.39232935322754, 53.355760417377844 ], [ 14.392514357795372, 53.379163286935835 ], [ 14.373829182501103, 53.411349420566474 ], [ 14.369663248615176, 53.45132857387194 ], [ 14.357116643976676, 53.463990578788618 ], [ 14.350467406515351, 53.491306513417094 ], [ 14.325744558022819, 53.508103096658488 ], [ 14.306200737474645, 53.547648471630112 ], [ 14.310801654310229, 53.583343898072997 ], [ 14.314824324933257, 53.614553094377172 ], [ 14.285835593630448, 53.637040103771682 ], [ 14.275372233405458, 53.668129860371288 ], [ 14.280060057916804, 53.683279899437778 ], [ 14.267504724143411, 53.697880475941496 ], [ 14.298233755533063, 53.703192641550167 ], [ 14.294530801220153, 53.72851917854107 ], [ 14.31477451499044, 53.736666503497624 ], [ 14.403444987581528, 53.682753735619336 ], [ 14.519464686559568, 53.66036441358527 ], [ 14.570646073700631, 53.606679082423227 ], [ 14.587574683835571, 53.601110095300832 ], [ 14.611381874864787, 53.641739919663372 ], [ 14.553772759354446, 53.67405603335893 ], [ 14.542704715360264, 53.7063894153437 ], [ 14.561990267122257, 53.755784358998966 ], [ 14.606812705271748, 53.769668397296265 ], [ 14.611023817401847, 53.776862620718759 ], [ 14.606047376641635, 53.822074923483527 ], [ 14.596100919615333, 53.82343126397857 ], [ 14.581350727272113, 53.809734709022983 ], [ 14.57164413313175, 53.84819731191763 ], [ 14.538377588538768, 53.858719420599506 ], [ 14.429900326799508, 53.86565699640817 ], [ 14.430215152477302, 53.877277270883077 ], [ 14.430682146165006, 53.894514131683735 ], [ 14.380465975681746, 53.886912125722183 ], [ 14.371853778466784, 53.877277271146312 ], [ 14.374734986389628, 53.861514574325618 ], [ 14.398723031320953, 53.85971064470592 ], [ 14.403111158888196, 53.849565669074238 ], [ 14.331444481683114, 53.82131090958439 ], [ 14.278502300680106, 53.828780918867494 ], [ 14.237841747567506, 53.854084619325022 ], [ 14.222266347521952, 53.863777434333457 ], [ 14.213077566133476, 53.866479428798776 ], [ 14.212992706064881, 53.877277270486495 ], [ 14.212868824813095, 53.893040250743127 ], [ 14.202133250560673, 53.911996328755464 ], [ 14.226302139564433, 53.928652851752304 ], [ 14.237841746521037, 53.925961831156535 ], [ 14.287962289689876, 53.915313311676357 ], [ 14.377602137165796, 53.919135835513416 ], [ 14.526028871310977, 53.967732365699405 ], [ 14.706441244061136, 53.998560673915023 ], [ 14.655527520435665, 53.911692124026075 ], [ 14.656858075783958, 53.896237688555665 ], [ 14.727305617468456, 53.93323857461769 ], [ 14.737763562182609, 53.969329083906196 ], [ 14.835447584415334, 54.038759227744919 ], [ 15.249557440948974, 54.137569571519037 ], [ 15.38803754045616, 54.158960617528024 ], [ 15.364631436594113, 54.130389024062524 ], [ 15.370760421292973, 54.086534396700763 ], [ 15.419647964379902, 54.075183055858169 ], [ 15.440170499719837, 54.059882279103576 ], [ 15.4261502084591, 54.01410818518471 ], [ 15.425136086490125, 53.971477802414036 ], [ 15.452561163606148, 53.940852069159313 ], [ 15.448541096109428, 53.90876789784911 ] ], [ [ 14.552363222109728, 53.332087244867068 ], [ 14.577693978816704, 53.328749666490765 ], [ 14.60719280598147, 53.350798897195425 ], [ 14.644268193590767, 53.362664682464498 ], [ 14.704825846906786, 53.358441313271541 ], [ 14.747754783457514, 53.334370084768544 ], [ 14.781125699992844, 53.339012263339683 ], [ 14.749762446799302, 53.370063301978881 ], [ 14.775769274151012, 53.39601555426168 ], [ 14.734609267321122, 53.410721437658403 ], [ 14.746107426234811, 53.435960922269182 ], [ 14.708166546595507, 53.439132934003084 ], [ 14.695584547004257, 53.501079984519826 ], [ 14.673503066017304, 53.529743867376034 ], [ 14.572265543659437, 53.533324834685381 ], [ 14.564737819321255, 53.52809449785903 ], [ 14.574495256588593, 53.513364344563158 ], [ 14.567375071111917, 53.502787417077215 ], [ 14.444446508879439, 53.495199556546289 ], [ 14.482840387190604, 53.40010726032417 ], [ 14.567159345739844, 53.368137813649454 ], [ 14.548279114554445, 53.341295192500681 ], [ 14.552363222109728, 53.332087244867068 ] ] ], [ [ [ 14.54415974706118, 53.674384681452004 ], [ 14.532022711026839, 53.666257829771766 ], [ 14.520703669421998, 53.672667193392734 ], [ 14.53147221883995, 53.681699080504082 ], [ 14.54415974706118, 53.674384681452004 ] ] ] ] } },
{ "type": "Feature", "properties": { "NUTS_ID": "PL431", "LEVL_CODE": 3, "CNTR_CODE": "PL", "NAME_LATN": "Gorzowski", "NUTS_NAME": "Gorzowski", "MOUNT_TYPE": null, "URBN_TYPE": 2.0, "COAST_TYPE": null }, "geometry": { "type": "Polygon", "coordinates": [ [ [ 15.9624973464585, 53.04138102327169 ], [ 15.954567008118806, 53.029070754376001 ], [ 15.953756773851465, 52.982555162240644 ], [ 15.974850355979228, 52.936204686778083 ], [ 15.973939990642565, 52.873390898991268 ], [ 15.963611070598747, 52.853761753439336 ], [ 15.908615897858011, 52.833560402959314 ], [ 15.900530714684631, 52.819794742588847 ], [ 15.93333607492821, 52.796252162730035 ], [ 15.930259095547312, 52.777514934730426 ], [ 15.946788203227397, 52.754834214849311 ], [ 15.941897332685418, 52.730493830133881 ], [ 15.904277889324776, 52.715830380204686 ], [ 15.797664886338948, 52.706634681608179 ], [ 15.811593027466669, 52.671956065143682 ], [ 15.790851631779827, 52.665442236608506 ], [ 15.780873698123322, 52.645300417765725 ], [ 15.794282822220834, 52.61327358617595 ], [ 15.824442129323296, 52.587179420506139 ], [ 15.830815304353955, 52.567676067447657 ], [ 15.850849189312207, 52.547146089287097 ], [ 15.844107218820438, 52.525859097312789 ], [ 15.872291244354866, 52.506968452317459 ], [ 15.8900515631028, 52.472195413474502 ], [ 15.891701643971203, 52.450404664576808 ], [ 15.876308767502168, 52.440274619728669 ], [ 15.844943737313509, 52.435041088384594 ], [ 15.823115907266464, 52.446120122095159 ], [ 15.810944494831618, 52.439513378232256 ], [ 15.844376205799936, 52.40583418304282 ], [ 15.895609343593243, 52.386446970159028 ], [ 15.880810394823778, 52.290429650107988 ], [ 15.840104497317069, 52.285914575049382 ], [ 15.848283869071272, 52.30569852079617 ], [ 15.821119642792695, 52.31941930240869 ], [ 15.705486759564186, 52.291010445625609 ], [ 15.628390298542863, 52.322909073312928 ], [ 15.617149734258824, 52.342187152211672 ], [ 15.48982400066847, 52.364445470720632 ], [ 15.460268446372579, 52.362218327530819 ], [ 15.433349602254379, 52.374186952331115 ], [ 15.265649867379073, 52.371776059096 ], [ 15.230999357614209, 52.339906693279787 ], [ 15.239285880390389, 52.31440440982184 ], [ 15.202917862901774, 52.304617904555123 ], [ 15.221460148539483, 52.283022324769895 ], [ 15.182140431303639, 52.257965349198948 ], [ 15.153791378985773, 52.257748422321498 ], [ 15.148262392377369, 52.235677748729913 ], [ 15.072823353811534, 52.232461647360907 ], [ 15.019114029074355, 52.217690813391236 ], [ 14.894497026418719, 52.205864610834666 ], [ 14.876856211330422, 52.156456687490071 ], [ 14.879349607747171, 52.138548589214381 ], [ 14.843762653337713, 52.147340717576455 ], [ 14.818561277936347, 52.140141224749463 ], [ 14.800094700100511, 52.106129343358255 ], [ 14.798598725916454, 52.081777122119782 ], [ 14.79813722518762, 52.07426457768431 ], [ 14.773712794387412, 52.078161624018556 ], [ 14.755105497678588, 52.070084554396168 ], [ 14.745173119748095, 52.081777122436151 ], [ 14.699748370324478, 52.099644003187542 ], [ 14.68376676845268, 52.117041671743721 ], [ 14.681614005724917, 52.142472127780906 ], [ 14.703187262571729, 52.170464819584204 ], [ 14.689245190874988, 52.194291841839892 ], [ 14.709658359211646, 52.216437990661063 ], [ 14.711599621589682, 52.23722624611711 ], [ 14.68879602648231, 52.25589870387541 ], [ 14.600891329490961, 52.272052004073387 ], [ 14.578839834887715, 52.288866161084627 ], [ 14.58077557680463, 52.311593029302387 ], [ 14.563750412577159, 52.329809846984105 ], [ 14.549741085550107, 52.375294312391446 ], [ 14.5343618896098, 52.39500803676858 ], [ 14.550381454812307, 52.432462227136 ], [ 14.601575994745264, 52.458720174871921 ], [ 14.632651545473756, 52.494433852478465 ], [ 14.613289014808425, 52.513016262066117 ], [ 14.606600242801559, 52.532605950539313 ], [ 14.635700488762104, 52.573437656100005 ], [ 14.59774193987219, 52.608332058756211 ], [ 14.565062982428884, 52.624496888479101 ], [ 14.632318200264585, 52.657096219287865 ], [ 14.699373881975495, 52.633806030166518 ], [ 14.738386629738967, 52.6421208726901 ], [ 14.759233958016841, 52.665442236840789 ], [ 14.788134541516854, 52.697772567717067 ], [ 14.797996041936711, 52.755977903312541 ], [ 14.861239013567069, 52.796252162703738 ], [ 14.85437634358223, 52.825351253598086 ], [ 14.868784450499177, 52.834589005066682 ], [ 14.869496737296489, 52.845012423487674 ], [ 14.899142258630443, 52.836356990564752 ], [ 14.91360303908602, 52.842356272261689 ], [ 14.893061666498657, 52.861210786567248 ], [ 14.911548983601163, 52.885504450160269 ], [ 14.973452970654771, 52.866920876191152 ], [ 14.990178863833499, 52.845522192220074 ], [ 15.032906906576219, 52.858886783303134 ], [ 15.079577631385822, 52.832752982458828 ], [ 15.324336826350352, 52.895911226806142 ], [ 15.328413224896702, 52.902680070535339 ], [ 15.317272208453824, 52.91290152268374 ], [ 15.287795886144615, 52.939944913536905 ], [ 15.290472693124588, 52.955354406495566 ], [ 15.357927658083875, 52.944236925851449 ], [ 15.421044453392046, 52.983198822687342 ], [ 15.546612814481582, 53.012222215788391 ], [ 15.590961376587146, 52.982965189321433 ], [ 15.636490798916755, 52.979591585689064 ], [ 15.685591959433934, 52.995266099958712 ], [ 15.727627128766665, 52.989933433331338 ], [ 15.766106010574497, 53.002219816903796 ], [ 15.768341200062574, 53.024802748478351 ], [ 15.797216405277762, 53.045861355762284 ], [ 15.79524141359088, 53.058890093673988 ], [ 15.813764285745995, 53.066776753938015 ], [ 15.820168521213224, 53.083819398715242 ], [ 15.851761869470861, 53.095129596173635 ], [ 15.851636388173295, 53.114506414011899 ], [ 15.872672744908426, 53.119729931562212 ], [ 15.907891723163809, 53.122300010968843 ], [ 15.976589132624937, 53.108225809733298 ], [ 15.995174284557244, 53.07962485325146 ], [ 15.984638695929446, 53.058276556269355 ], [ 15.9624973464585, 53.04138102327169 ] ] ] } },
{ "type": "Feature", "properties": { "NUTS_ID": "PL432", "LEVL_CODE": 3, "CNTR_CODE": "PL", "NAME_LATN": "Zielonogórski", "NUTS_NAME": "Zielonogórski", "MOUNT_TYPE": null, "URBN_TYPE": 2.0, "COAST_TYPE": null }, "geometry": { "type": "Polygon", "coordinates": [ [ [ 15.880810394823778, 52.290429650107988 ], [ 15.855534208399755, 52.262000586339212 ], [ 15.858811082403127, 52.231115899778757 ], [ 15.85205539566306, 52.212963348587607 ], [ 15.860578604403246, 52.17243839076874 ], [ 15.881213018255009, 52.151407769118904 ], [ 15.873294826694259, 52.132260658754326 ], [ 15.839027522534936, 52.109766959417605 ], [ 15.842568904244391, 52.101729148054311 ], [ 15.861080646681371, 52.088217305341601 ], [ 15.882464758643655, 52.08177712207894 ], [ 15.917894070767515, 52.071106991488179 ], [ 15.932867484160949, 52.081777122784715 ], [ 15.940502347364733, 52.08721776412699 ], [ 15.956328948466229, 52.081777121986363 ], [ 15.99696980089238, 52.055880544661107 ], [ 15.98991459459261, 52.038879705276152 ], [ 15.96941111148417, 52.028805144752702 ], [ 15.968347737251872, 52.016018480057667 ], [ 16.005836760502117, 51.986839308746866 ], [ 16.054596207331528, 51.97877706077302 ], [ 16.104189997345816, 51.992974232562354 ], [ 16.121267380276429, 51.987587664157196 ], [ 16.13233116160065, 51.966001022155638 ], [ 16.132200119598021, 51.92535690365456 ], [ 16.112612919407841, 51.896299007409411 ], [ 16.15596711857382, 51.891590745746093 ], [ 16.206107979440798, 51.873193975464581 ], [ 16.259357044584931, 51.89844418169335 ], [ 16.334295327090228, 51.883704348051069 ], [ 16.349343296070632, 51.863578541453606 ], [ 16.393404774566573, 51.83360140374085 ], [ 16.394931641404167, 51.793831160444832 ], [ 16.416190882736018, 51.784865003909637 ], [ 16.380982840821947, 51.763814937438518 ], [ 16.350222145496147, 51.714156049575458 ], [ 16.282140300410887, 51.687661267243271 ], [ 16.267318225878398, 51.67013807865176 ], [ 16.213152070294758, 51.711916785000149 ], [ 16.167235230721236, 51.714239422549142 ], [ 16.168913165632596, 51.760534323428253 ], [ 16.098584440536584, 51.767785922594975 ], [ 16.042692798214389, 51.783548793877721 ], [ 16.020289140844454, 51.801026719620303 ], [ 15.98513390446003, 51.800303110360787 ], [ 15.975042130323517, 51.787621214430139 ], [ 15.989435978998937, 51.774590525589289 ], [ 15.975429697390874, 51.76647297663704 ], [ 15.963635811321613, 51.740124992703784 ], [ 15.873841974057738, 51.716124668657464 ], [ 15.864709007213241, 51.693737784714493 ], [ 15.847091280382681, 51.678822590338882 ], [ 15.850159646092877, 51.654705309476412 ], [ 15.822791945277245, 51.610473557270716 ], [ 15.817863691573882, 51.575471912449665 ], [ 15.710782832250887, 51.554689183563433 ], [ 15.714032307010548, 51.517397108290432 ], [ 15.679152152316957, 51.509492056573322 ], [ 15.657164605624013, 51.476845257825502 ], [ 15.631906364628861, 51.47529530932389 ], [ 15.59759463927892, 51.448796056972661 ], [ 15.585589732475107, 51.45405540699452 ], [ 15.586734362678737, 51.473796333703305 ], [ 15.495381028245582, 51.522883589051887 ], [ 15.477497707428608, 51.514845021901316 ], [ 15.442984977078551, 51.525874044847058 ], [ 15.410049763547383, 51.521851819837309 ], [ 15.392502715899992, 51.528133713893766 ], [ 15.369619112470739, 51.499257188099875 ], [ 15.378243218269581, 51.473247215862479 ], [ 15.3383840466312, 51.467010843022571 ], [ 15.327549375046903, 51.410103580534482 ], [ 15.254625880018043, 51.446421930657678 ], [ 15.207447128453579, 51.446055716392294 ], [ 15.190085183086788, 51.462556826495373 ], [ 15.08935492004894, 51.424646914161045 ], [ 15.071890167650958, 51.399485135677715 ], [ 15.021368079452257, 51.392028025224974 ], [ 15.007338884763954, 51.365156251016252 ], [ 14.974182973158559, 51.363949975517315 ], [ 14.979215342554538, 51.372835169571779 ], [ 14.965012648889742, 51.389430785272992 ], [ 14.962761070054322, 51.410049272811122 ], [ 14.971211163318292, 51.440936152076063 ], [ 14.951203076079956, 51.466984632544573 ], [ 14.737093205622061, 51.528089768119891 ], [ 14.715482067937868, 51.561998658963439 ], [ 14.729861788905849, 51.581777111834718 ], [ 14.760925642558567, 51.60786891501597 ], [ 14.752865906507763, 51.665741566619502 ], [ 14.734164325578938, 51.686666559497525 ], [ 14.66728084432069, 51.728761552140419 ], [ 14.645111851039806, 51.79252612507301 ], [ 14.60480569509336, 51.806972606001437 ], [ 14.591059916600479, 51.825751110542868 ], [ 14.614358096461268, 51.855625069148743 ], [ 14.691395396544561, 51.903442751620766 ], [ 14.718669246454136, 51.946849642285734 ], [ 14.707360508477123, 51.971889232762656 ], [ 14.716716021503121, 52.001188018555361 ], [ 14.745428734513117, 52.032403159298198 ], [ 14.755105497678588, 52.070084554396168 ], [ 14.773712794387412, 52.078161624018556 ], [ 14.79813722518762, 52.07426457768431 ], [ 14.798598725916454, 52.081777122119782 ], [ 14.800094700100511, 52.106129343358255 ], [ 14.818561277936347, 52.140141224749463 ], [ 14.843762653337713, 52.147340717576455 ], [ 14.879349607747171, 52.138548589214381 ], [ 14.876856211330422, 52.156456687490071 ], [ 14.894497026418719, 52.205864610834666 ], [ 15.019114029074355, 52.217690813391236 ], [ 15.072823353811534, 52.232461647360907 ], [ 15.148262392377369, 52.235677748729913 ], [ 15.153791378985773, 52.257748422321498 ], [ 15.182140431303639, 52.257965349198948 ], [ 15.221460148539483, 52.283022324769895 ], [ 15.202917862901774, 52.304617904555123 ], [ 15.239285880390389, 52.31440440982184 ], [ 15.230999357614209, 52.339906693279787 ], [ 15.265649867379073, 52.371776059096 ], [ 15.433349602254379, 52.374186952331115 ], [ 15.460268446372579, 52.362218327530819 ], [ 15.48982400066847, 52.364445470720632 ], [ 15.617149734258824, 52.342187152211672 ], [ 15.628390298542863, 52.322909073312928 ], [ 15.705486759564186, 52.291010445625609 ], [ 15.821119642792695, 52.31941930240869 ], [ 15.848283869071272, 52.30569852079617 ], [ 15.840104497317069, 52.285914575049382 ], [ 15.880810394823778, 52.290429650107988 ] ] ] } },
{ "type": "Feature", "properties": { "NUTS_ID": "PL514", "LEVL_CODE": 3, "CNTR_CODE": "PL", "NAME_LATN": "Miasto Wrocław", "NUTS_NAME": "Miasto Wrocław", "MOUNT_TYPE": null, "URBN_TYPE": 1.0, "COAST_TYPE": null }, "geometry": { "type": "Polygon", "coordinates": [ [ [ 16.808393278584255, 51.140262911019668 ], [ 16.824930668996, 51.156424090219147 ], [ 16.830919761124488, 51.181642146302622 ], [ 16.872494115421141, 51.181666213556937 ], [ 16.899944315925712, 51.207673677938544 ], [ 16.92650262537212, 51.198703713744955 ], [ 16.960251718980711, 51.208022872014851 ], [ 16.992877929665831, 51.200815689332664 ], [ 17.003435988541558, 51.184642279314936 ], [ 17.067088196969888, 51.165497243605024 ], [ 17.089215773547171, 51.175622169882864 ], [ 17.152677193629735, 51.177327474086866 ], [ 17.141754888529341, 51.12860950100066 ], [ 17.173386226515326, 51.104845173890709 ], [ 17.152082418921086, 51.083691531926 ], [ 17.111514318800729, 51.076662376425972 ], [ 17.100560516968383, 51.046786347253544 ], [ 17.069463785774218, 51.055645084997671 ], [ 17.057622792577085, 51.047047954931344 ], [ 17.022953232435967, 51.044184304333271 ], [ 16.987413514697153, 51.055350878736824 ], [ 16.962773424967985, 51.052975208059287 ], [ 16.949414683411987, 51.072205987232387 ], [ 16.922335294396103, 51.083618821503663 ], [ 16.917615241488072, 51.096234637253914 ], [ 16.864130322871823, 51.099510122496909 ], [ 16.838608194635686, 51.113117993873928 ], [ 16.808393278584255, 51.140262911019668 ] ] ] } },
{ "type": "Feature", "properties": { "NUTS_ID": "PL515", "LEVL_CODE": 3, "CNTR_CODE": "PL", "NAME_LATN": "Jeleniogórski", "NUTS_NAME": "Jeleniogórski", "MOUNT_TYPE": null, "URBN_TYPE": 3.0, "COAST_TYPE": null }, "geometry": { "type": "Polygon", "coordinates": [ [ [ 15.714032307010548, 51.517397108290432 ], [ 15.801680413074468, 51.500905927868047 ], [ 15.850061473578783, 51.457448384675722 ], [ 15.820089930474889, 51.442002404073492 ], [ 15.818943345130512, 51.411070942442116 ], [ 15.845596368625703, 51.389082768814781 ], [ 15.824861506286304, 51.355486535847731 ], [ 15.774205078343757, 51.31703106265153 ], [ 15.782303171597539, 51.287361401911326 ], [ 15.745859647525318, 51.255338370153169 ], [ 15.755427838493631, 51.221478643196392 ], [ 15.795639488047712, 51.241080124383394 ], [ 15.812948217829453, 51.260793959216265 ], [ 15.90378672553763, 51.245405214958701 ], [ 15.922549425371484, 51.233821699298431 ], [ 15.92345704070979, 51.222730465849267 ], [ 15.959409422189017, 51.204868109617671 ], [ 15.989572885658374, 51.206502368374963 ], [ 15.992057805984048, 51.220893982108691 ], [ 16.048887361391145, 51.223279995579539 ], [ 16.056298053957942, 51.219089289439594 ], [ 16.057750011158966, 51.194873905881785 ], [ 16.035321115766521, 51.17715004560025 ], [ 16.025021997623806, 51.153643641130344 ], [ 16.043964000673096, 51.118986581187855 ], [ 16.065480498621991, 51.118221101176481 ], [ 16.088907975877472, 51.101818320750276 ], [ 16.127730964539907, 51.110407488321798 ], [ 16.154772161339398, 51.135081489420209 ], [ 16.189848007480208, 51.122903048238534 ], [ 16.198665800304003, 51.10665488230218 ], [ 16.220030624513118, 51.112052385495126 ], [ 16.23599960598078, 51.102624368296915 ], [ 16.294478490339191, 51.112238202967255 ], [ 16.325773935136016, 51.142623856867537 ], [ 16.34784221065356, 51.14809526880898 ], [ 16.395272142759691, 51.127356592928628 ], [ 16.441791191840384, 51.126128420115123 ], [ 16.460671531355057, 51.111045119157886 ], [ 16.474941039261488, 51.105982650827833 ], [ 16.472035554824881, 51.096502287240781 ], [ 16.478700563057775, 51.08599110140667 ], [ 16.459828183222299, 51.080721550112422 ], [ 16.450156629951351, 51.081430789470815 ], [ 16.437683109846049, 51.07645202818793 ], [ 16.426973927412838, 51.079653595270607 ], [ 16.418097984294178, 51.071410438185083 ], [ 16.40621981284772, 51.070338192140248 ], [ 16.403206024463465, 51.0631247963682 ], [ 16.393548123780537, 51.058752853958453 ], [ 16.375514254726014, 51.063939935892236 ], [ 16.372200045544094, 51.072743965886744 ], [ 16.354542954036258, 51.070274270880105 ], [ 16.344679027821513, 51.064828465190928 ], [ 16.343286831594249, 51.057318955615052 ], [ 16.333461057538745, 51.053208968410559 ], [ 16.334663582528844, 51.044641288440403 ], [ 16.341926731857402, 51.035357198858804 ], [ 16.337212396554772, 51.029032360516482 ], [ 16.315636730397941, 51.015742276848883 ], [ 16.286408233679751, 51.017261938067037 ], [ 16.261610192455255, 51.004624714174746 ], [ 16.201475860351387, 51.014654237077998 ], [ 16.200168344717103, 50.974227868458762 ], [ 16.162532145795875, 50.952002077695866 ], [ 16.196757799430436, 50.911743087603888 ], [ 16.198171710245823, 50.875090472037535 ], [ 16.180231979282151, 50.865274928039852 ], [ 16.081518975638808, 50.852269497454678 ], [ 16.071533107441855, 50.830667881272632 ], [ 16.082816106456495, 50.821470112331582 ], [ 16.070595879689495, 50.799475480842666 ], [ 16.076205853410723, 50.782995928143464 ], [ 16.103175109595657, 50.763239112780894 ], [ 16.105100980948716, 50.745082260308756 ], [ 16.123808101164148, 50.718174357775162 ], [ 16.168938962002471, 50.708250577132141 ], [ 16.176187738940985, 50.698401118951139 ], [ 16.166240892739523, 50.685977314931982 ], [ 16.113463835279056, 50.676223773955698 ], [ 16.107318043110627, 50.662073016856034 ], [ 16.101756788374516, 50.662300169209509 ], [ 16.096236929049724, 50.654501162136697 ], [ 16.0856837892591, 50.647807130183629 ], [ 16.06769969652489, 50.638838259166356 ], [ 16.061396908796237, 50.629025042830612 ], [ 16.056095948781504, 50.609704909971775 ], [ 16.042194913167663, 50.613463076142928 ], [ 16.023922955189853, 50.599263242788467 ], [ 16.014268314176526, 50.606013322438962 ], [ 15.991940848602178, 50.610030094233053 ], [ 15.986371090345894, 50.614746912389137 ], [ 16.016303306602303, 50.630217710670365 ], [ 16.002914105985507, 50.64404540701539 ], [ 16.003116823336924, 50.659296110097209 ], [ 15.998023972531842, 50.671774739085464 ], [ 15.991532728319106, 50.676441988188508 ], [ 15.988160579540777, 50.684340288480179 ], [ 15.966701652361921, 50.691504892551819 ], [ 15.946126194509166, 50.6886870334273 ], [ 15.93259686490228, 50.686073660768137 ], [ 15.926991165410961, 50.681678583868951 ], [ 15.919235296868093, 50.683789301200918 ], [ 15.887697986942158, 50.675576766474535 ], [ 15.882573958522366, 50.671514880943583 ], [ 15.860921185884408, 50.674912853044255 ], [ 15.862551707876792, 50.681632994988682 ], [ 15.856717545657775, 50.696982839177608 ], [ 15.849804460171548, 50.708171507276361 ], [ 15.834572216604883, 50.720316004491394 ], [ 15.830510804245471, 50.725481300836861 ], [ 15.83195415063242, 50.742743046885423 ], [ 15.815767275974626, 50.754679831828959 ], [ 15.80833462141322, 50.754374994219916 ], [ 15.792148649113958, 50.75212102144306 ], [ 15.787739013835681, 50.746511239837893 ], [ 15.779731703408251, 50.742714325245103 ], [ 15.759084420934602, 50.743208763219428 ], [ 15.74012905968374, 50.736135924262186 ], [ 15.725911621595156, 50.739429778172166 ], [ 15.699497096729464, 50.738802084760756 ], [ 15.689773886605446, 50.742737379807586 ], [ 15.680282132363407, 50.754739937167002 ], [ 15.642221993467079, 50.760716629159504 ], [ 15.620027161324868, 50.767774900057773 ], [ 15.615335611552725, 50.772491150810602 ], [ 15.603405996397125, 50.776271364714013 ], [ 15.577998762622137, 50.778767127781578 ], [ 15.563292360620457, 50.776343068997932 ], [ 15.547163366467954, 50.780131514327472 ], [ 15.535267653333049, 50.779375994673657 ], [ 15.439841292928293, 50.807856837017958 ], [ 15.395742820375505, 50.77894734623748 ], [ 15.374842651514216, 50.781348079090506 ], [ 15.365920049225132, 50.837456867966125 ], [ 15.346550971159971, 50.852800156737104 ], [ 15.308995905307878, 50.863231665082047 ], [ 15.278368431390508, 50.892667685019617 ], [ 15.269191325401644, 50.926360464258124 ], [ 15.288746649842421, 50.951542658555034 ], [ 15.272405514698224, 50.976204527017551 ], [ 15.246903039074802, 50.98187810600124 ], [ 15.232149310839215, 50.996667921212591 ], [ 15.182456789576753, 50.984480380172563 ], [ 15.168098578135396, 51.017979653767092 ], [ 15.146959160329882, 51.011749583889042 ], [ 15.126051868644504, 50.992628055757358 ], [ 15.107015801329645, 50.993389865192114 ], [ 15.100274958480425, 51.010632698251037 ], [ 15.062591756717323, 51.019674295108068 ], [ 15.044584170531328, 51.013121298923082 ], [ 15.020330809418587, 51.021493503203473 ], [ 14.983703292594825, 51.007841658900951 ], [ 14.973866994553639, 50.988350100131726 ], [ 15.005956654093167, 50.982698362418887 ], [ 15.016938151615809, 50.969277296703716 ], [ 15.012267013042283, 50.940487081246253 ], [ 14.993534601746125, 50.92194991440828 ], [ 14.995642602754446, 50.87073819685132 ], [ 14.961135253433685, 50.862993052322153 ], [ 14.908861737618222, 50.873957752044248 ], [ 14.823362000421845, 50.870550369710379 ], [ 14.823899615012659, 50.887709150703891 ], [ 14.89275182453661, 50.940316507774149 ], [ 14.977958862949563, 51.079727664566597 ], [ 15.011096675983522, 51.206931237393569 ], [ 15.032357288647603, 51.243439946070183 ], [ 15.027996811195734, 51.251529337179292 ], [ 15.038958082700752, 51.271033101374101 ], [ 15.032452947077589, 51.289408199374918 ], [ 14.982778038549537, 51.337168152596469 ], [ 14.974182973158559, 51.363949975517315 ], [ 15.007338884763954, 51.365156251016252 ], [ 15.021368079452257, 51.392028025224974 ], [ 15.071890167650958, 51.399485135677715 ], [ 15.08935492004894, 51.424646914161045 ], [ 15.190085183086788, 51.462556826495373 ], [ 15.207447128453579, 51.446055716392294 ], [ 15.254625880018043, 51.446421930657678 ], [ 15.327549375046903, 51.410103580534482 ], [ 15.3383840466312, 51.467010843022571 ], [ 15.378243218269581, 51.473247215862479 ], [ 15.369619112470739, 51.499257188099875 ], [ 15.392502715899992, 51.528133713893766 ], [ 15.410049763547383, 51.521851819837309 ], [ 15.442984977078551, 51.525874044847058 ], [ 15.477497707428608, 51.514845021901316 ], [ 15.495381028245582, 51.522883589051887 ], [ 15.586734362678737, 51.473796333703305 ], [ 15.585589732475107, 51.45405540699452 ], [ 15.59759463927892, 51.448796056972661 ], [ 15.631906364628861, 51.47529530932389 ], [ 15.657164605624013, 51.476845257825502 ], [ 15.679152152316957, 51.509492056573322 ], [ 15.714032307010548, 51.517397108290432 ] ] ] } },
{ "type": "Feature", "properties": { "NUTS_ID": "PL516", "LEVL_CODE": 3, "CNTR_CODE": "PL", "NAME_LATN": "Legnicko-głogowski", "NUTS_NAME": "Legnicko-głogowski", "MOUNT_TYPE": null, "URBN_TYPE": 2.0, "COAST_TYPE": null }, "geometry": { "type": "Polygon", "coordinates": [ [ [ 16.828371942538919, 51.572188126299714 ], [ 16.798852942529781, 51.534642191933671 ], [ 16.808089407427747, 51.514240328115513 ], [ 16.771935799467052, 51.507205878986348 ], [ 16.76201637934836, 51.487952831287629 ], [ 16.655931488360615, 51.49356811348359 ], [ 16.643341186125202, 51.511781329307126 ], [ 16.621196057965566, 51.516117321307398 ], [ 16.458828958566528, 51.491935946001284 ], [ 16.442367245638859, 51.428928554147653 ], [ 16.471023673427272, 51.365534223097299 ], [ 16.454084726575591, 51.323696927163077 ], [ 16.422784102006535, 51.294953872480001 ], [ 16.456976961859805, 51.269213362447566 ], [ 16.469013236270566, 51.246344286451212 ], [ 16.45451913043161, 51.218694732412061 ], [ 16.461763318324955, 51.201054944211727 ], [ 16.452466020540225, 51.171838053889871 ], [ 16.461375862226745, 51.150937080010188 ], [ 16.441791191840384, 51.126128420115123 ], [ 16.395272142759691, 51.127356592928628 ], [ 16.34784221065356, 51.14809526880898 ], [ 16.325773935136016, 51.142623856867537 ], [ 16.294478490339191, 51.112238202967255 ], [ 16.23599960598078, 51.102624368296915 ], [ 16.220030624513118, 51.112052385495126 ], [ 16.198665800304003, 51.10665488230218 ], [ 16.189848007480208, 51.122903048238534 ], [ 16.154772161339398, 51.135081489420209 ], [ 16.127730964539907, 51.110407488321798 ], [ 16.088907975877472, 51.101818320750276 ], [ 16.065480498621991, 51.118221101176481 ], [ 16.043964000673096, 51.118986581187855 ], [ 16.025021997623806, 51.153643641130344 ], [ 16.035321115766521, 51.17715004560025 ], [ 16.057750011158966, 51.194873905881785 ], [ 16.056298053957942, 51.219089289439594 ], [ 16.048887361391145, 51.223279995579539 ], [ 15.992057805984048, 51.220893982108691 ], [ 15.989572885658374, 51.206502368374963 ], [ 15.959409422189017, 51.204868109617671 ], [ 15.92345704070979, 51.222730465849267 ], [ 15.922549425371484, 51.233821699298431 ], [ 15.90378672553763, 51.245405214958701 ], [ 15.812948217829453, 51.260793959216265 ], [ 15.795639488047712, 51.241080124383394 ], [ 15.755427838493631, 51.221478643196392 ], [ 15.745859647525318, 51.255338370153169 ], [ 15.782303171597539, 51.287361401911326 ], [ 15.774205078343757, 51.31703106265153 ], [ 15.824861506286304, 51.355486535847731 ], [ 15.845596368625703, 51.389082768814781 ], [ 15.818943345130512, 51.411070942442116 ], [ 15.820089930474889, 51.442002404073492 ], [ 15.850061473578783, 51.457448384675722 ], [ 15.801680413074468, 51.500905927868047 ], [ 15.714032307010548, 51.517397108290432 ], [ 15.710782832250887, 51.554689183563433 ], [ 15.817863691573882, 51.575471912449665 ], [ 15.822791945277245, 51.610473557270716 ], [ 15.850159646092877, 51.654705309476412 ], [ 15.847091280382681, 51.678822590338882 ], [ 15.864709007213241, 51.693737784714493 ], [ 15.873841974057738, 51.716124668657464 ], [ 15.963635811321613, 51.740124992703784 ], [ 15.975429697390874, 51.76647297663704 ], [ 15.989435978998937, 51.774590525589289 ], [ 15.975042130323517, 51.787621214430139 ], [ 15.98513390446003, 51.800303110360787 ], [ 16.020289140844454, 51.801026719620303 ], [ 16.042692798214389, 51.783548793877721 ], [ 16.098584440536584, 51.767785922594975 ], [ 16.168913165632596, 51.760534323428253 ], [ 16.167235230721236, 51.714239422549142 ], [ 16.213152070294758, 51.711916785000149 ], [ 16.267318225878398, 51.67013807865176 ], [ 16.282140300410887, 51.687661267243271 ], [ 16.350222145496147, 51.714156049575458 ], [ 16.380982840821947, 51.763814937438518 ], [ 16.416190882736018, 51.784865003909637 ], [ 16.53389383686611, 51.780938860624751 ], [ 16.545601559411629, 51.767845437614426 ], [ 16.575391124775045, 51.76638482568066 ], [ 16.591407290928849, 51.749020671934645 ], [ 16.640030537190317, 51.746094439713914 ], [ 16.646122928716178, 51.723502055581115 ], [ 16.678346211992217, 51.704933070734945 ], [ 16.643597273883252, 51.680726063701279 ], [ 16.646430759270785, 51.662063846909632 ], [ 16.687734022964776, 51.647557528928225 ], [ 16.778159627691807, 51.641616097498634 ], [ 16.772217043603973, 51.616989114346914 ], [ 16.828371942538919, 51.572188126299714 ] ] ] } },
{ "type": "Feature", "properties": { "NUTS_ID": "PL517", "LEVL_CODE": 3, "CNTR_CODE": "PL", "NAME_LATN": "Wałbrzyski", "NUTS_NAME": "Wałbrzyski", "MOUNT_TYPE": 1.0, "URBN_TYPE": 2.0, "COAST_TYPE": null }, "geometry": { "type": "Polygon", "coordinates": [ [ [ 17.164895792157974, 50.613463089375237 ], [ 17.123976277688477, 50.605713444366856 ], [ 17.068592773997459, 50.546694138831917 ], [ 17.063977398372185, 50.534549139799502 ], [ 17.072219034076394, 50.518822622894113 ], [ 17.059961205552291, 50.504301288049646 ], [ 17.061337114485365, 50.480142493047452 ], [ 17.048029332125601, 50.466383505944862 ], [ 17.023296415339015, 50.46656948796781 ], [ 17.01709575063963, 50.477877969402634 ], [ 16.985025887947476, 50.475497346912555 ], [ 16.96309522725041, 50.486662486386699 ], [ 16.936095208272963, 50.460675813891839 ], [ 16.907924285709935, 50.449454076315298 ], [ 16.88166555165029, 50.43992614840738 ], [ 16.8643753947078, 50.408424596076969 ], [ 16.910988340439811, 50.385471895132056 ], [ 16.943085595133862, 50.32013973668775 ], [ 17.004659481006104, 50.297171754812133 ], [ 17.017389310393433, 50.276793322849493 ], [ 17.006272672470253, 50.251413428232929 ], [ 17.024893581756618, 50.229631006418508 ], [ 16.999744830642715, 50.218441894166808 ], [ 16.971680103861459, 50.241479183729112 ], [ 16.955751733468347, 50.224536399928795 ], [ 16.904706530355991, 50.222958084552893 ], [ 16.880084724603513, 50.201620505353624 ], [ 16.863269830285379, 50.19812309777074 ], [ 16.844007962214647, 50.204713412062794 ], [ 16.809878883082952, 50.187296786345797 ], [ 16.780308268675405, 50.146151793868889 ], [ 16.745115480429003, 50.132033449197735 ], [ 16.706129179792857, 50.098128782355104 ], [ 16.634789254533349, 50.112864285720946 ], [ 16.606243875829161, 50.134855524108168 ], [ 16.580289973043303, 50.142788096592589 ], [ 16.580468412479807, 50.152980396073247 ], [ 16.560998727555504, 50.168116566255499 ], [ 16.553816447863845, 50.222063087071206 ], [ 16.487862228660489, 50.267695424283346 ], [ 16.435693761530242, 50.320382870555392 ], [ 16.387912043774694, 50.326499380984281 ], [ 16.365051674139679, 50.34974484066376 ], [ 16.357421667347996, 50.378164662200398 ], [ 16.308145318874541, 50.381350998620604 ], [ 16.281764937528077, 50.369924998296028 ], [ 16.247169668982941, 50.407699906254251 ], [ 16.215965668323175, 50.410218447117181 ], [ 16.199537860484018, 50.433310541906614 ], [ 16.207712808804544, 50.447640330126553 ], [ 16.22875434532606, 50.445749781174946 ], [ 16.228079790433696, 50.459421120743166 ], [ 16.25522182425971, 50.476912189005418 ], [ 16.295410897388749, 50.482469345407814 ], [ 16.316187414555873, 50.505466685014156 ], [ 16.360142448635443, 50.502799699071979 ], [ 16.395798641286529, 50.52742673938355 ], [ 16.391261485828526, 50.541931444782243 ], [ 16.407880075716374, 50.550583823680832 ], [ 16.407077248361105, 50.566671011400217 ], [ 16.440445981561297, 50.578446916365586 ], [ 16.437856713569268, 50.591328007415825 ], [ 16.330367927399461, 50.664032808689683 ], [ 16.23676689712055, 50.669091593480765 ], [ 16.214937633572724, 50.634330427136618 ], [ 16.187913612598699, 50.628494445290002 ], [ 16.162678964091928, 50.647702164385883 ], [ 16.107318043110627, 50.662073016856034 ], [ 16.113463835279056, 50.676223773955698 ], [ 16.166240892739523, 50.685977314931982 ], [ 16.176187738940985, 50.698401118951139 ], [ 16.168938962002471, 50.708250577132141 ], [ 16.123808101164148, 50.718174357775162 ], [ 16.105100980948716, 50.745082260308756 ], [ 16.103175109595657, 50.763239112780894 ], [ 16.076205853410723, 50.782995928143464 ], [ 16.070595879689495, 50.799475480842666 ], [ 16.082816106456495, 50.821470112331582 ], [ 16.071533107441855, 50.830667881272632 ], [ 16.081518975638808, 50.852269497454678 ], [ 16.180231979282151, 50.865274928039852 ], [ 16.198171710245823, 50.875090472037535 ], [ 16.196757799430436, 50.911743087603888 ], [ 16.162532145795875, 50.952002077695866 ], [ 16.200168344717103, 50.974227868458762 ], [ 16.201475860351387, 51.014654237077998 ], [ 16.261610192455255, 51.004624714174746 ], [ 16.286408233679751, 51.017261938067037 ], [ 16.315636730397941, 51.015742276848883 ], [ 16.337212396554772, 51.029032360516482 ], [ 16.405921904016527, 51.00816430114611 ], [ 16.444566468709578, 51.010674589504156 ], [ 16.517838704128632, 50.993175762543238 ], [ 16.609990190672015, 50.99459316925995 ], [ 16.618895105090026, 50.983377659151408 ], [ 16.588222320531685, 50.972250053717353 ], [ 16.573459396264429, 50.945237953438912 ], [ 16.57814373096522, 50.925709707214487 ], [ 16.597801439355415, 50.918431373415785 ], [ 16.687701166443407, 50.931194945321181 ], [ 16.691186658758578, 50.893313841313393 ], [ 16.676804665416892, 50.871533211373688 ], [ 16.686986769479542, 50.84700025505802 ], [ 16.733988750158169, 50.838901959270572 ], [ 16.771018015419749, 50.842383988130635 ], [ 16.812575837445994, 50.8231945825246 ], [ 16.838019469650952, 50.83206672180993 ], [ 16.872900028254737, 50.828872331679356 ], [ 16.896574139488067, 50.78349938234782 ], [ 16.866684141670714, 50.72442571810587 ], [ 16.884790009583906, 50.720460638889605 ], [ 16.891426308508183, 50.710274004954286 ], [ 16.920642522015697, 50.711320790719775 ], [ 16.975671543890762, 50.690284137778221 ], [ 17.057100812373761, 50.694397946140391 ], [ 17.079999765647582, 50.678336772664508 ], [ 17.135708998461418, 50.661878987776497 ], [ 17.129140078366124, 50.643086820350263 ], [ 17.164895792157974, 50.613463089375237 ] ] ] } },
{ "type": "Feature", "properties": { "NUTS_ID": "PL518", "LEVL_CODE": 3, "CNTR_CODE": "PL", "NAME_LATN": "Wrocławski", "NUTS_NAME": "Wrocławski", "MOUNT_TYPE": null, "URBN_TYPE": 2.0, "COAST_TYPE": null }, "geometry": { "type": "Polygon", "coordinates": [ [ [ 17.257433084442241, 51.642843151593951 ], [ 17.32872029398197, 51.647249164610741 ], [ 17.448957716303596, 51.630428781709092 ], [ 17.554226228766417, 51.583099090324893 ], [ 17.572244591008054, 51.560608045451701 ], [ 17.572402439818529, 51.533236481185469 ], [ 17.516388923633521, 51.506776988254643 ], [ 17.525097596629379, 51.461502735504965 ], [ 17.548793360437045, 51.437849142086748 ], [ 17.54565663048977, 51.419514343319918 ], [ 17.569336426677388, 51.406603813124647 ], [ 17.635786434957925, 51.421759901436268 ], [ 17.701758966949356, 51.401392589622247 ], [ 17.715645026461985, 51.404944893206647 ], [ 17.723065214663389, 51.420599820031256 ], [ 17.749313711322191, 51.409530173071389 ], [ 17.751360766538316, 51.401555446412686 ], [ 17.73366814892724, 51.394609966597038 ], [ 17.708135945596862, 51.366219380031929 ], [ 17.75981095638604, 51.318816245315766 ], [ 17.761091508635605, 51.299867407515293 ], [ 17.744025908105971, 51.276225338984069 ], [ 17.74450795147553, 51.246627175161329 ], [ 17.765000611354498, 51.207695376083002 ], [ 17.795269318782029, 51.1941461052932 ], [ 17.671478691571291, 51.164089598952181 ], [ 17.610596023378594, 51.185023798874504 ], [ 17.551897640677005, 51.152973158130216 ], [ 17.551758791004751, 51.144080180934075 ], [ 17.571087056596838, 51.128014460214125 ], [ 17.56798259548728, 51.097347512804653 ], [ 17.574893637784413, 51.082919714920294 ], [ 17.52439336263885, 51.057783119967574 ], [ 17.520008339359045, 51.014003061905008 ], [ 17.531484626943573, 50.995376828258287 ], [ 17.509177380410605, 50.989274699153803 ], [ 17.504849544587092, 50.974188862310633 ], [ 17.461024071030547, 50.975329514798247 ], [ 17.439870555464918, 50.967547620441728 ], [ 17.423263353435566, 50.914259726196143 ], [ 17.368342471235554, 50.917257403404683 ], [ 17.360605658629837, 50.902650336713535 ], [ 17.387361305021948, 50.890063678027225 ], [ 17.391237350502191, 50.88063496179354 ], [ 17.376350714714423, 50.862217800754252 ], [ 17.336033502873331, 50.848057969905177 ], [ 17.331560818804036, 50.819830214039364 ], [ 17.34752131048516, 50.804180969476633 ], [ 17.347417530521792, 50.792630361158309 ], [ 17.275918042636707, 50.785590969744128 ], [ 17.26725768649505, 50.772219401625712 ], [ 17.291608947636576, 50.743439880840292 ], [ 17.269635038595684, 50.738740330386022 ], [ 17.225025088540942, 50.709159786824657 ], [ 17.250301348415874, 50.689583504351894 ], [ 17.236129513857012, 50.667888004641348 ], [ 17.238081201101522, 50.620864130305662 ], [ 17.164895792157974, 50.613463089375237 ], [ 17.129140078366124, 50.643086820350263 ], [ 17.135708998461418, 50.661878987776497 ], [ 17.079999765647582, 50.678336772664508 ], [ 17.057100812373761, 50.694397946140391 ], [ 16.975671543890762, 50.690284137778221 ], [ 16.920642522015697, 50.711320790719775 ], [ 16.891426308508183, 50.710274004954286 ], [ 16.884790009583906, 50.720460638889605 ], [ 16.866684141670714, 50.72442571810587 ], [ 16.896574139488067, 50.78349938234782 ], [ 16.872900028254737, 50.828872331679356 ], [ 16.838019469650952, 50.83206672180993 ], [ 16.812575837445994, 50.8231945825246 ], [ 16.771018015419749, 50.842383988130635 ], [ 16.733988750158169, 50.838901959270572 ], [ 16.686986769479542, 50.84700025505802 ], [ 16.676804665416892, 50.871533211373688 ], [ 16.691186658758578, 50.893313841313393 ], [ 16.687701166443407, 50.931194945321181 ], [ 16.597801439355415, 50.918431373415785 ], [ 16.57814373096522, 50.925709707214487 ], [ 16.573459396264429, 50.945237953438912 ], [ 16.588222320531685, 50.972250053717353 ], [ 16.618895105090026, 50.983377659151408 ], [ 16.609990190672015, 50.99459316925995 ], [ 16.517838704128632, 50.993175762543238 ], [ 16.444566468709578, 51.010674589504156 ], [ 16.405921904016527, 51.00816430114611 ], [ 16.337212396554772, 51.029032360516482 ], [ 16.341926731857402, 51.035357198858804 ], [ 16.334663582528844, 51.044641288440403 ], [ 16.333461057538745, 51.053208968410559 ], [ 16.343286831594249, 51.057318955615052 ], [ 16.344679027821513, 51.064828465190928 ], [ 16.354542954036258, 51.070274270880105 ], [ 16.372200045544094, 51.072743965886744 ], [ 16.375514254726014, 51.063939935892236 ], [ 16.393548123780537, 51.058752853958453 ], [ 16.403206024463465, 51.0631247963682 ], [ 16.40621981284772, 51.070338192140248 ], [ 16.418097984294178, 51.071410438185083 ], [ 16.426973927412838, 51.079653595270607 ], [ 16.437683109846049, 51.07645202818793 ], [ 16.450156629951351, 51.081430789470815 ], [ 16.459828183222299, 51.080721550112422 ], [ 16.478700563057775, 51.08599110140667 ], [ 16.472035554824881, 51.096502287240781 ], [ 16.474941039261488, 51.105982650827833 ], [ 16.460671531355057, 51.111045119157886 ], [ 16.441791191840384, 51.126128420115123 ], [ 16.461375862226745, 51.150937080010188 ], [ 16.452466020540225, 51.171838053889871 ], [ 16.461763318324955, 51.201054944211727 ], [ 16.45451913043161, 51.218694732412061 ], [ 16.469013236270566, 51.246344286451212 ], [ 16.456976961859805, 51.269213362447566 ], [ 16.422784102006535, 51.294953872480001 ], [ 16.454084726575591, 51.323696927163077 ], [ 16.471023673427272, 51.365534223097299 ], [ 16.442367245638859, 51.428928554147653 ], [ 16.458828958566528, 51.491935946001284 ], [ 16.621196057965566, 51.516117321307398 ], [ 16.643341186125202, 51.511781329307126 ], [ 16.655931488360615, 51.49356811348359 ], [ 16.76201637934836, 51.487952831287629 ], [ 16.771935799467052, 51.507205878986348 ], [ 16.808089407427747, 51.514240328115513 ], [ 16.798852942529781, 51.534642191933671 ], [ 16.828371942538919, 51.572188126299714 ], [ 16.887475176010113, 51.579713880409187 ], [ 16.923876358281838, 51.555750082692917 ], [ 16.966829860085777, 51.54690998699207 ], [ 17.033764397013464, 51.555131553368987 ], [ 17.05796886150771, 51.548947231872845 ], [ 17.071619380996108, 51.567179465113057 ], [ 17.104169756481326, 51.574641146686737 ], [ 17.130148004145273, 51.566423117508464 ], [ 17.186332276241657, 51.574575913911765 ], [ 17.20561294285519, 51.569923464026942 ], [ 17.212476640304057, 51.576711752687871 ], [ 17.215513074359986, 51.624947797456393 ], [ 17.257433084442241, 51.642843151593951 ] ], [ [ 16.808393278584255, 51.140262911019668 ], [ 16.838608194635686, 51.113117993873928 ], [ 16.864130322871823, 51.099510122496909 ], [ 16.917615241488072, 51.096234637253914 ], [ 16.922335294396103, 51.083618821503663 ], [ 16.949414683411987, 51.072205987232387 ], [ 16.962773424967985, 51.052975208059287 ], [ 16.987413514697153, 51.055350878736824 ], [ 17.022953232435967, 51.044184304333271 ], [ 17.057622792577085, 51.047047954931344 ], [ 17.069463785774218, 51.055645084997671 ], [ 17.100560516968383, 51.046786347253544 ], [ 17.111514318800729, 51.076662376425972 ], [ 17.152082418921086, 51.083691531926 ], [ 17.173386226515326, 51.104845173890709 ], [ 17.141754888529341, 51.12860950100066 ], [ 17.152677193629735, 51.177327474086866 ], [ 17.089215773547171, 51.175622169882864 ], [ 17.067088196969888, 51.165497243605024 ], [ 17.003435988541558, 51.184642279314936 ], [ 16.992877929665831, 51.200815689332664 ], [ 16.960251718980711, 51.208022872014851 ], [ 16.92650262537212, 51.198703713744955 ], [ 16.899944315925712, 51.207673677938544 ], [ 16.872494115421141, 51.181666213556937 ], [ 16.830919761124488, 51.181642146302622 ], [ 16.824930668996, 51.156424090219147 ], [ 16.808393278584255, 51.140262911019668 ] ] ] } },
{ "type": "Feature", "properties": { "NUTS_ID": "PL523", "LEVL_CODE": 3, "CNTR_CODE": "PL", "NAME_LATN": "Nyski", "NUTS_NAME": "Nyski", "MOUNT_TYPE": null, "URBN_TYPE": 3.0, "COAST_TYPE": null }, "geometry": { "type": "Polygon", "coordinates": [ [ [ 17.939456225716924, 51.108864919358005 ], [ 17.93762797641325, 51.091669761570486 ], [ 17.951047722666654, 51.059649420438582 ], [ 17.933828997913174, 51.041635508857745 ], [ 17.927566116197003, 51.013944849280144 ], [ 17.93699678132112, 50.985100241978188 ], [ 17.989015870475214, 50.983125118097028 ], [ 17.999508992176509, 50.975569693481134 ], [ 17.996541135298695, 50.966269714474883 ], [ 17.971179691040746, 50.962864865204473 ], [ 17.947645681304245, 50.908586108420678 ], [ 17.904449645927919, 50.904206685499659 ], [ 17.888716479440909, 50.872398016791266 ], [ 17.903320913875866, 50.856862706741971 ], [ 17.902614585648617, 50.841720793074131 ], [ 17.874802515471913, 50.839617106010017 ], [ 17.848055041291467, 50.861154233333053 ], [ 17.809065812788951, 50.870006204689737 ], [ 17.803377008659055, 50.892556861333226 ], [ 17.777268835525405, 50.905896088887438 ], [ 17.689680000104932, 50.915688352074802 ], [ 17.687108676797308, 50.901118191725175 ], [ 17.655183804886946, 50.893187901763717 ], [ 17.638760898711269, 50.863466203260259 ], [ 17.612558029823838, 50.864957422424446 ], [ 17.596409803956853, 50.854133360520201 ], [ 17.612859286772039, 50.825981607162284 ], [ 17.654218590476596, 50.818527588195266 ], [ 17.691421380745311, 50.798089482124027 ], [ 17.755687450644434, 50.779835187061025 ], [ 17.737182341556696, 50.756408351891544 ], [ 17.738568082514117, 50.725013449866459 ], [ 17.701932184627836, 50.717069058006864 ], [ 17.674533173269324, 50.723555499130519 ], [ 17.661926818100941, 50.704096924254046 ], [ 17.666250354003125, 50.688490475994634 ], [ 17.644699099932232, 50.684501152257333 ], [ 17.608764976054935, 50.717552908263855 ], [ 17.575052293281328, 50.714083318007788 ], [ 17.533951567382594, 50.729820280614234 ], [ 17.517416527349408, 50.727444543612933 ], [ 17.467454482564204, 50.606748450909443 ], [ 17.532130983551738, 50.584119306670992 ], [ 17.575182931956014, 50.593328238610958 ], [ 17.611629636018986, 50.559362458252536 ], [ 17.635065138855062, 50.564444672821196 ], [ 17.661350148785097, 50.552059883054753 ], [ 17.723155965297359, 50.572438305212735 ], [ 17.807911448070207, 50.532621267468087 ], [ 17.760965206413463, 50.486168360204402 ], [ 17.757691409541785, 50.418011511785203 ], [ 17.765573974426463, 50.412397326212002 ], [ 17.781578801577165, 50.420608958710723 ], [ 17.803726696107386, 50.410142004743406 ], [ 17.831802046560501, 50.423382067739297 ], [ 17.841219017348411, 50.417296147833511 ], [ 17.836303958564319, 50.402188362310966 ], [ 17.857775867456184, 50.409713202969471 ], [ 17.879106978879374, 50.405137732304297 ], [ 17.877648177452627, 50.394321146192148 ], [ 17.890472193861822, 50.382590264422383 ], [ 17.920300197431846, 50.372052667886848 ], [ 17.921554526353432, 50.356297511244804 ], [ 18.025646807462518, 50.351934560135952 ], [ 18.026105419888708, 50.324421669814768 ], [ 17.953079378318076, 50.321995640999191 ], [ 17.916981994642352, 50.304166107277943 ], [ 17.932513227590505, 50.284710755169357 ], [ 17.920354802664868, 50.268475627703083 ], [ 17.921345975068569, 50.223971405720462 ], [ 17.929028116726126, 50.212648999185262 ], [ 17.96527596834537, 50.213002584144114 ], [ 17.979591366378457, 50.185540093249763 ], [ 18.059833714875772, 50.17462010104623 ], [ 18.054693878466999, 50.140397003865452 ], [ 18.067946073596403, 50.107315246622868 ], [ 18.03506107939371, 50.065772019856837 ], [ 18.009643026677185, 50.053635609138588 ], [ 18.006084804640359, 50.041731816684681 ], [ 18.013114767195102, 50.033145010861716 ], [ 18.043088774179296, 50.034185010159263 ], [ 18.041519152652473, 50.008769270261503 ], [ 17.998234318745716, 50.015420650210508 ], [ 17.955410455479306, 50.004112537691626 ], [ 17.920957236336367, 49.97933182298479 ], [ 17.869075469413399, 49.97511201918141 ], [ 17.831007848897766, 49.993761727466158 ], [ 17.828374302652385, 50.008900892167588 ], [ 17.779333126190636, 50.02159944484017 ], [ 17.749650754764815, 50.075110297666519 ], [ 17.714973851229182, 50.107781955633733 ], [ 17.690060241559429, 50.115440303548844 ], [ 17.673232845542593, 50.105927602296092 ], [ 17.660006980735218, 50.108525058143542 ], [ 17.610980588251643, 50.142179209577854 ], [ 17.596963224033853, 50.159035399649817 ], [ 17.60473043863022, 50.168876809750387 ], [ 17.697629220668233, 50.18453874515783 ], [ 17.719112908325751, 50.203212805667413 ], [ 17.755922764649501, 50.209348836534254 ], [ 17.761064673842892, 50.235764267588621 ], [ 17.726646448188895, 50.263001430930188 ], [ 17.748148943122853, 50.298175043024578 ], [ 17.711882322066611, 50.322094160129474 ], [ 17.690837480794475, 50.325124162616206 ], [ 17.683891549439011, 50.299073331821042 ], [ 17.62161503573358, 50.268628299144908 ], [ 17.58926983883936, 50.276661643104283 ], [ 17.554670996541098, 50.270329493360364 ], [ 17.499301540380173, 50.274339381105726 ], [ 17.429605127301027, 50.254512985168375 ], [ 17.421114246324695, 50.273611391091471 ], [ 17.388153592923626, 50.281793336307182 ], [ 17.369106084155916, 50.280906685213246 ], [ 17.360124612717808, 50.26731646565397 ], [ 17.35068342721349, 50.266953948530656 ], [ 17.341141229735896, 50.280060700271896 ], [ 17.349604525477883, 50.305761064179187 ], [ 17.340234913758966, 50.324467091955647 ], [ 17.289989915978921, 50.318505826725165 ], [ 17.250976273734768, 50.331313908638236 ], [ 17.20658364833599, 50.361259424245411 ], [ 17.197041453410389, 50.386207373592768 ], [ 17.145516293535731, 50.381297090677052 ], [ 17.106077929601852, 50.404396691094469 ], [ 17.057344064318077, 50.406371758407253 ], [ 16.999956569550086, 50.425196413693442 ], [ 16.973205762940523, 50.420510018080257 ], [ 16.907924285709935, 50.449454076315298 ], [ 16.936095208272963, 50.460675813891839 ], [ 16.96309522725041, 50.486662486386699 ], [ 16.985025887947476, 50.475497346912555 ], [ 17.01709575063963, 50.477877969402634 ], [ 17.023296415339015, 50.46656948796781 ], [ 17.048029332125601, 50.466383505944862 ], [ 17.061337114485365, 50.480142493047452 ], [ 17.059961205552291, 50.504301288049646 ], [ 17.072219034076394, 50.518822622894113 ], [ 17.063977398372185, 50.534549139799502 ], [ 17.068592773997459, 50.546694138831917 ], [ 17.123976277688477, 50.605713444366856 ], [ 17.164895792157974, 50.613463089375237 ], [ 17.238081201101522, 50.620864130305662 ], [ 17.236129513857012, 50.667888004641348 ], [ 17.250301348415874, 50.689583504351894 ], [ 17.225025088540942, 50.709159786824657 ], [ 17.269635038595684, 50.738740330386022 ], [ 17.291608947636576, 50.743439880840292 ], [ 17.26725768649505, 50.772219401625712 ], [ 17.275918042636707, 50.785590969744128 ], [ 17.347417530521792, 50.792630361158309 ], [ 17.34752131048516, 50.804180969476633 ], [ 17.331560818804036, 50.819830214039364 ], [ 17.336033502873331, 50.848057969905177 ], [ 17.376350714714423, 50.862217800754252 ], [ 17.391237350502191, 50.88063496179354 ], [ 17.387361305021948, 50.890063678027225 ], [ 17.360605658629837, 50.902650336713535 ], [ 17.368342471235554, 50.917257403404683 ], [ 17.423263353435566, 50.914259726196143 ], [ 17.439870555464918, 50.967547620441728 ], [ 17.461024071030547, 50.975329514798247 ], [ 17.504849544587092, 50.974188862310633 ], [ 17.509177380410605, 50.989274699153803 ], [ 17.531484626943573, 50.995376828258287 ], [ 17.520008339359045, 51.014003061905008 ], [ 17.52439336263885, 51.057783119967574 ], [ 17.574893637784413, 51.082919714920294 ], [ 17.56798259548728, 51.097347512804653 ], [ 17.571087056596838, 51.128014460214125 ], [ 17.551758791004751, 51.144080180934075 ], [ 17.551897640677005, 51.152973158130216 ], [ 17.610596023378594, 51.185023798874504 ], [ 17.671478691571291, 51.164089598952181 ], [ 17.795269318782029, 51.1941461052932 ], [ 17.831389574835804, 51.191839681644893 ], [ 17.847061373990368, 51.179829909555558 ], [ 17.834968921210212, 51.145305346394665 ], [ 17.81632438910211, 51.134658056305696 ], [ 17.826087381358978, 51.119381896411312 ], [ 17.889483205516267, 51.105278294436012 ], [ 17.939456225716924, 51.108864919358005 ] ] ] } },
{ "type": "Feature", "properties": { "NUTS_ID": "PL524", "LEVL_CODE": 3, "CNTR_CODE": "PL", "NAME_LATN": "Opolski", "NUTS_NAME": "Opolski", "MOUNT_TYPE": null, "URBN_TYPE": 2.0, "COAST_TYPE": null }, "geometry": { "type": "Polygon", "coordinates": [ [ [ 18.67295467763029, 51.056902604976678 ], [ 18.692192928871648, 51.016246228786244 ], [ 18.661207769231059, 51.004152397806138 ], [ 18.660712713649691, 50.972289623244507 ], [ 18.617030152581677, 50.957264643795362 ], [ 18.625960457774546, 50.937579162273856 ], [ 18.64689806602928, 50.928988440159578 ], [ 18.652663897916042, 50.917726723046918 ], [ 18.615877645018983, 50.853587544833815 ], [ 18.570002581516992, 50.838727496419928 ], [ 18.554348442572316, 50.809912884735709 ], [ 18.5192210187023, 50.800802597440565 ], [ 18.540334520647139, 50.769888061073758 ], [ 18.562205740850615, 50.75447372712047 ], [ 18.544482698295326, 50.734116075945913 ], [ 18.512956691297919, 50.723401445802217 ], [ 18.491480527333998, 50.703067869388782 ], [ 18.492092156280233, 50.680626189225968 ], [ 18.520902796532916, 50.628797486027835 ], [ 18.595074523005508, 50.604334681251878 ], [ 18.595759769036384, 50.580346325943736 ], [ 18.609985291523049, 50.565274590259257 ], [ 18.607473563095365, 50.550011136135815 ], [ 18.553785936362694, 50.541164021116927 ], [ 18.482970657058868, 50.551516330955351 ], [ 18.439716644253455, 50.544683797816752 ], [ 18.433877640328962, 50.531155031731537 ], [ 18.447987031882843, 50.502565437360857 ], [ 18.464395383029494, 50.49647019392372 ], [ 18.481640271914141, 50.470460327467066 ], [ 18.477186376426548, 50.460543291366022 ], [ 18.455780445362731, 50.463814493406261 ], [ 18.441758167995605, 50.479363445431048 ], [ 18.382749406161221, 50.479221096994408 ], [ 18.386951495802577, 50.436970434947675 ], [ 18.369171751311573, 50.421794865068037 ], [ 18.389785015866803, 50.389185232751444 ], [ 18.361550124413839, 50.355921998396084 ], [ 18.403426701490197, 50.324038078186682 ], [ 18.394683766896495, 50.310258172954562 ], [ 18.404083418629458, 50.290286395077146 ], [ 18.399159880368771, 50.27853445930522 ], [ 18.421942195645542, 50.270393355668411 ], [ 18.42586659436996, 50.248965556882162 ], [ 18.36193395939986, 50.256054715612507 ], [ 18.301930491476512, 50.230758809407469 ], [ 18.247377233097179, 50.219246724700639 ], [ 18.235317889598402, 50.191798678272832 ], [ 18.159867346220956, 50.186498629691108 ], [ 18.111106107886528, 50.170533367035368 ], [ 18.059833714875772, 50.17462010104623 ], [ 17.979591366378457, 50.185540093249763 ], [ 17.96527596834537, 50.213002584144114 ], [ 17.929028116726126, 50.212648999185262 ], [ 17.921345975068569, 50.223971405720462 ], [ 17.920354802664868, 50.268475627703083 ], [ 17.932513227590505, 50.284710755169357 ], [ 17.916981994642352, 50.304166107277943 ], [ 17.953079378318076, 50.321995640999191 ], [ 18.026105419888708, 50.324421669814768 ], [ 18.025646807462518, 50.351934560135952 ], [ 17.921554526353432, 50.356297511244804 ], [ 17.920300197431846, 50.372052667886848 ], [ 17.890472193861822, 50.382590264422383 ], [ 17.877648177452627, 50.394321146192148 ], [ 17.879106978879374, 50.405137732304297 ], [ 17.857775867456184, 50.409713202969471 ], [ 17.836303958564319, 50.402188362310966 ], [ 17.841219017348411, 50.417296147833511 ], [ 17.831802046560501, 50.423382067739297 ], [ 17.803726696107386, 50.410142004743406 ], [ 17.781578801577165, 50.420608958710723 ], [ 17.765573974426463, 50.412397326212002 ], [ 17.757691409541785, 50.418011511785203 ], [ 17.760965206413463, 50.486168360204402 ], [ 17.807911448070207, 50.532621267468087 ], [ 17.723155965297359, 50.572438305212735 ], [ 17.661350148785097, 50.552059883054753 ], [ 17.635065138855062, 50.564444672821196 ], [ 17.611629636018986, 50.559362458252536 ], [ 17.575182931956014, 50.593328238610958 ], [ 17.532130983551738, 50.584119306670992 ], [ 17.467454482564204, 50.606748450909443 ], [ 17.517416527349408, 50.727444543612933 ], [ 17.533951567382594, 50.729820280614234 ], [ 17.575052293281328, 50.714083318007788 ], [ 17.608764976054935, 50.717552908263855 ], [ 17.644699099932232, 50.684501152257333 ], [ 17.666250354003125, 50.688490475994634 ], [ 17.661926818100941, 50.704096924254046 ], [ 17.674533173269324, 50.723555499130519 ], [ 17.701932184627836, 50.717069058006864 ], [ 17.738568082514117, 50.725013449866459 ], [ 17.737182341556696, 50.756408351891544 ], [ 17.755687450644434, 50.779835187061025 ], [ 17.691421380745311, 50.798089482124027 ], [ 17.654218590476596, 50.818527588195266 ], [ 17.612859286772039, 50.825981607162284 ], [ 17.596409803956853, 50.854133360520201 ], [ 17.612558029823838, 50.864957422424446 ], [ 17.638760898711269, 50.863466203260259 ], [ 17.655183804886946, 50.893187901763717 ], [ 17.687108676797308, 50.901118191725175 ], [ 17.689680000104932, 50.915688352074802 ], [ 17.777268835525405, 50.905896088887438 ], [ 17.803377008659055, 50.892556861333226 ], [ 17.809065812788951, 50.870006204689737 ], [ 17.848055041291467, 50.861154233333053 ], [ 17.874802515471913, 50.839617106010017 ], [ 17.902614585648617, 50.841720793074131 ], [ 17.903320913875866, 50.856862706741971 ], [ 17.888716479440909, 50.872398016791266 ], [ 17.904449645927919, 50.904206685499659 ], [ 17.947645681304245, 50.908586108420678 ], [ 17.971179691040746, 50.962864865204473 ], [ 17.996541135298695, 50.966269714474883 ], [ 17.999508992176509, 50.975569693481134 ], [ 17.989015870475214, 50.983125118097028 ], [ 17.93699678132112, 50.985100241978188 ], [ 17.927566116197003, 51.013944849280144 ], [ 17.933828997913174, 51.041635508857745 ], [ 17.951047722666654, 51.059649420438582 ], [ 17.93762797641325, 51.091669761570486 ], [ 17.939456225716924, 51.108864919358005 ], [ 18.041757353958889, 51.132568336486791 ], [ 18.070053490599435, 51.145465903429276 ], [ 18.078833983743742, 51.163279438601229 ], [ 18.103947694155394, 51.156011177281464 ], [ 18.130330643161653, 51.169060657544726 ], [ 18.163681430443393, 51.172517113331736 ], [ 18.183571558835357, 51.159214578752653 ], [ 18.258145283634807, 51.156615021910532 ], [ 18.310418338139602, 51.135426460071315 ], [ 18.361448837876527, 51.137522325467103 ], [ 18.431500898476997, 51.115928729280057 ], [ 18.460771214582376, 51.117461756371242 ], [ 18.485882120043595, 51.092610276145507 ], [ 18.515542355836011, 51.107931472598324 ], [ 18.521120897319779, 51.137140219992922 ], [ 18.55022118914297, 51.137346728396878 ], [ 18.581174645683348, 51.083250517988191 ], [ 18.61351821405496, 51.079659398769913 ], [ 18.647149345582022, 51.060107126582373 ], [ 18.67295467763029, 51.056902604976678 ] ] ] } },
{ "type": "Feature", "properties": { "NUTS_ID": "PL613", "LEVL_CODE": 3, "CNTR_CODE": "PL", "NAME_LATN": "Bydgosko-toruński", "NUTS_NAME": "Bydgosko-toruński", "MOUNT_TYPE": null, "URBN_TYPE": 2.0, "COAST_TYPE": null }, "geometry": { "type": "Polygon", "coordinates": [ [ [ 19.094164618615554, 52.968963615474813 ], [ 19.015519784788907, 52.962694486790568 ], [ 19.019989797545058, 52.936672712488402 ], [ 19.030768710319425, 52.918538177658419 ], [ 19.044260261356222, 52.912901522920848 ], [ 19.058623554562363, 52.883433680807606 ], [ 19.03423983473596, 52.854161811328716 ], [ 18.958963077391026, 52.849924105181515 ], [ 18.939953286299104, 52.833441876649623 ], [ 18.910540403112115, 52.838515100092366 ], [ 18.887916360413097, 52.858019071267954 ], [ 18.845033827242268, 52.875880433414572 ], [ 18.813047296351634, 52.903794765475347 ], [ 18.761248043442325, 52.912901522775371 ], [ 18.72420405344349, 52.931047412612706 ], [ 18.696186466172833, 52.920098554244255 ], [ 18.69295185735594, 52.912901522747759 ], [ 18.686592245604338, 52.898751332128242 ], [ 18.629590457019926, 52.887475094177439 ], [ 18.597824441600402, 52.86124674629761 ], [ 18.564748446481833, 52.878982131321614 ], [ 18.518915044853465, 52.903198788259495 ], [ 18.512283645376822, 52.91290152296672 ], [ 18.49056516610554, 52.944678923692912 ], [ 18.377041551765398, 52.951226180862669 ], [ 18.391308788478888, 52.98734873166844 ], [ 18.322905384295719, 52.975934970946831 ], [ 18.301091901639261, 52.986396690804895 ], [ 18.242199292079952, 52.982972143861289 ], [ 18.236125606330784, 52.978836597767312 ], [ 18.247742690613624, 52.96250715925931 ], [ 18.243036305722271, 52.955194377539414 ], [ 18.122000616430906, 52.942456890139553 ], [ 18.050709926499202, 52.969219293219659 ], [ 18.00902851846611, 52.96738534011385 ], [ 17.979713470841062, 52.992874381768033 ], [ 17.974196956067495, 53.015297320479213 ], [ 17.955141651356204, 53.033372642651379 ], [ 17.888774021591328, 53.038544661719264 ], [ 17.852277799106826, 53.064173058750256 ], [ 17.832362233188039, 53.092836752169752 ], [ 17.785471351212578, 53.101909466786779 ], [ 17.781874550106483, 53.135071793268473 ], [ 17.75148665872732, 53.145357050463979 ], [ 17.746299101350449, 53.175000536584221 ], [ 17.678631932871593, 53.222241678239349 ], [ 17.702421374328146, 53.285882376563272 ], [ 17.726689011435255, 53.311100936536711 ], [ 17.731060363639244, 53.327119621514633 ], [ 17.693221456014573, 53.335421057240616 ], [ 17.692016154298198, 53.345567329959188 ], [ 17.71604377946964, 53.379623412755024 ], [ 17.767370369667312, 53.40382196537302 ], [ 17.772068818739495, 53.430589561534639 ], [ 17.819855211748607, 53.429655375463589 ], [ 17.850699888176472, 53.418186269595296 ], [ 17.91595503544502, 53.438139999249493 ], [ 17.972610027393845, 53.385672016623374 ], [ 18.034597166776884, 53.392196367823843 ], [ 18.059235238824591, 53.383553793606652 ], [ 18.062337583304558, 53.372596376346586 ], [ 18.050741085485988, 53.360138538645174 ], [ 18.055376445359094, 53.339612764386381 ], [ 18.102637045289981, 53.343002968246338 ], [ 18.13283205917439, 53.318648189480022 ], [ 18.159402857481187, 53.310931144452759 ], [ 18.191670090016014, 53.27916290959589 ], [ 18.264684117523633, 53.271421100878435 ], [ 18.2796684421244, 53.253077410009872 ], [ 18.279796237321381, 53.246035495217768 ], [ 18.307369767684296, 53.241517669387243 ], [ 18.346331076507639, 53.209177515250587 ], [ 18.348704369373706, 53.175302662905914 ], [ 18.356711726642498, 53.170755941423579 ], [ 18.38415384196453, 53.179654970950452 ], [ 18.427661780393198, 53.179456121406616 ], [ 18.463357732585887, 53.198484891308048 ], [ 18.480185515693364, 53.196765500300558 ], [ 18.516909745707039, 53.222366150552403 ], [ 18.578633243645161, 53.22363531622883 ], [ 18.606406295650615, 53.240829391048919 ], [ 18.648328968414543, 53.226568324588008 ], [ 18.68277166752296, 53.253075431731055 ], [ 18.708550816390144, 53.249422167963388 ], [ 18.727262729448061, 53.260672719345393 ], [ 18.783227450652042, 53.246926521708929 ], [ 18.779753208853471, 53.230216282944383 ], [ 18.78814407080241, 53.217879516595545 ], [ 18.753315909739566, 53.189501722546552 ], [ 18.755818467154324, 53.163866424358162 ], [ 18.737395582608499, 53.153299602562143 ], [ 18.800384022867107, 53.128958514910231 ], [ 18.811493137129013, 53.115832420012246 ], [ 18.816269650690014, 53.084603288245113 ], [ 18.827637480914817, 53.074281116521576 ], [ 18.859439518673128, 53.06585455430767 ], [ 18.872984318747026, 53.041083415648238 ], [ 18.923644337562173, 53.024802748343404 ], [ 18.949903778091397, 53.015184609664381 ], [ 18.946081336709081, 53.001512720297548 ], [ 18.93586992543494, 52.993357907255806 ], [ 18.956423741679398, 52.986986045818426 ], [ 18.960132757052556, 52.979379171124052 ], [ 18.958127078206704, 52.973794581283109 ], [ 18.978600653062959, 52.97729377235629 ], [ 18.985772831709031, 52.987784086388984 ], [ 19.008210298761924, 52.98677488693248 ], [ 19.014798797308263, 52.992044352620312 ], [ 19.02254022823416, 52.990484203599195 ], [ 19.021885123263115, 53.002216018581954 ], [ 19.038183080566093, 53.005352650178708 ], [ 19.051393701196432, 52.991558488183621 ], [ 19.062493175891323, 52.989448597503191 ], [ 19.077731333855422, 52.992099641992731 ], [ 19.093118489904121, 52.980842073387528 ], [ 19.094164618615554, 52.968963615474813 ] ] ] } },
{ "type": "Feature", "properties": { "NUTS_ID": "PL616", "LEVL_CODE": 3, "CNTR_CODE": "PL", "NAME_LATN": "Grudziądzki", "NUTS_NAME": "Grudziądzki", "MOUNT_TYPE": null, "URBN_TYPE": 3.0, "COAST_TYPE": null }, "geometry": { "type": "Polygon", "coordinates": [ [ [ 19.761595613781168, 53.151796424871179 ], [ 19.723926213345369, 53.140333918244394 ], [ 19.70728665236452, 53.123637154613704 ], [ 19.669359659304337, 53.108404384930019 ], [ 19.638005282318257, 53.109126132895774 ], [ 19.655186298582557, 53.071227612246354 ], [ 19.64756079238613, 53.059180388295303 ], [ 19.654173819661835, 53.044295206916942 ], [ 19.680582792532032, 53.02480274834069 ], [ 19.669213519861938, 52.988239993502695 ], [ 19.684806173410813, 52.963038915223123 ], [ 19.681071857888103, 52.956472547468678 ], [ 19.659758090174194, 52.959590994534686 ], [ 19.647770978136947, 52.968995251131744 ], [ 19.634994874026333, 52.970997032130505 ], [ 19.623829627403811, 52.976540282614671 ], [ 19.593806037550952, 52.982166357182216 ], [ 19.567348065780333, 52.987124277435889 ], [ 19.557112536848486, 52.989042297423168 ], [ 19.560980892897899, 52.978973918642886 ], [ 19.567348065455803, 52.975100070289734 ], [ 19.583638049483525, 52.965189091546712 ], [ 19.582378773508665, 52.958560151563454 ], [ 19.57543974193074, 52.956239369484969 ], [ 19.567348065989734, 52.954286739591588 ], [ 19.541717629494652, 52.948101770859942 ], [ 19.527202657572619, 52.937243120335708 ], [ 19.487977043374048, 52.940995170871467 ], [ 19.483010279540487, 52.943695539987189 ], [ 19.458079585363798, 52.942152422350354 ], [ 19.446185006256798, 52.946614420470667 ], [ 19.444663806000641, 52.939042437726521 ], [ 19.39523047739474, 52.931085277255441 ], [ 19.335967624160165, 52.950650582841547 ], [ 19.307389038760206, 52.947691371014251 ], [ 19.292212791920758, 52.971365157986121 ], [ 19.262097631315161, 52.98469120337051 ], [ 19.260988650507862, 53.000766068712679 ], [ 19.185436570578407, 52.990246953617458 ], [ 19.180700166044442, 52.970390611347241 ], [ 19.159604578640021, 52.974365833742617 ], [ 19.142799861560057, 52.962781741632227 ], [ 19.094164618615554, 52.968963615474813 ], [ 19.093118489904121, 52.980842073387528 ], [ 19.077731333855422, 52.992099641992731 ], [ 19.062493175891323, 52.989448597503191 ], [ 19.051393701196432, 52.991558488183621 ], [ 19.038183080566093, 53.005352650178708 ], [ 19.021885123263115, 53.002216018581954 ], [ 19.02254022823416, 52.990484203599195 ], [ 19.014798797308263, 52.992044352620312 ], [ 19.008210298761924, 52.98677488693248 ], [ 18.985772831709031, 52.987784086388984 ], [ 18.978600653062959, 52.97729377235629 ], [ 18.958127078206704, 52.973794581283109 ], [ 18.960132757052556, 52.979379171124052 ], [ 18.956423741679398, 52.986986045818426 ], [ 18.93586992543494, 52.993357907255806 ], [ 18.946081336709081, 53.001512720297548 ], [ 18.949903778091397, 53.015184609664381 ], [ 18.923644337562173, 53.024802748343404 ], [ 18.872984318747026, 53.041083415648238 ], [ 18.859439518673128, 53.06585455430767 ], [ 18.827637480914817, 53.074281116521576 ], [ 18.816269650690014, 53.084603288245113 ], [ 18.811493137129013, 53.115832420012246 ], [ 18.800384022867107, 53.128958514910231 ], [ 18.737395582608499, 53.153299602562143 ], [ 18.755818467154324, 53.163866424358162 ], [ 18.753315909739566, 53.189501722546552 ], [ 18.78814407080241, 53.217879516595545 ], [ 18.779753208853471, 53.230216282944383 ], [ 18.783227450652042, 53.246926521708929 ], [ 18.727262729448061, 53.260672719345393 ], [ 18.708550816390144, 53.249422167963388 ], [ 18.68277166752296, 53.253075431731055 ], [ 18.648328968414543, 53.226568324588008 ], [ 18.606406295650615, 53.240829391048919 ], [ 18.578633243645161, 53.22363531622883 ], [ 18.516909745707039, 53.222366150552403 ], [ 18.480185515693364, 53.196765500300558 ], [ 18.463357732585887, 53.198484891308048 ], [ 18.427661780393198, 53.179456121406616 ], [ 18.38415384196453, 53.179654970950452 ], [ 18.356711726642498, 53.170755941423579 ], [ 18.348704369373706, 53.175302662905914 ], [ 18.346331076507639, 53.209177515250587 ], [ 18.307369767684296, 53.241517669387243 ], [ 18.279796237321381, 53.246035495217768 ], [ 18.2796684421244, 53.253077410009872 ], [ 18.31009302112717, 53.272200308004258 ], [ 18.331347577796826, 53.317134538213658 ], [ 18.355318762489478, 53.338272453391063 ], [ 18.423300268270168, 53.377515716259431 ], [ 18.451543263281735, 53.381183751694557 ], [ 18.483997759962079, 53.412532538364914 ], [ 18.633734778721895, 53.428326033484169 ], [ 18.706676696552169, 53.454041230818774 ], [ 18.736532803108901, 53.479483955589075 ], [ 18.756017171570338, 53.523664699289938 ], [ 18.763561826971571, 53.551175189362468 ], [ 18.762373193695556, 53.583343897452991 ], [ 18.76157735568987, 53.604882135285571 ], [ 18.883581119352396, 53.599382871775774 ], [ 18.91291513123533, 53.583023580338221 ], [ 19.052233058184882, 53.59648267025333 ], [ 19.129276267078168, 53.588260541413717 ], [ 19.14748694536334, 53.583343897525786 ], [ 19.194805498224017, 53.570568511831873 ], [ 19.192929675422707, 53.549959955718023 ], [ 19.207655588581918, 53.543655462477858 ], [ 19.21605211142202, 53.527879944370632 ], [ 19.194543762218746, 53.510964541827299 ], [ 19.222694924903696, 53.487489482353695 ], [ 19.232327815860724, 53.46913750777064 ], [ 19.228149697279132, 53.457629374297042 ], [ 19.240852441763494, 53.452432885954622 ], [ 19.249799911211696, 53.431716526499656 ], [ 19.238508726825167, 53.416887153217061 ], [ 19.263659244397232, 53.396309389291851 ], [ 19.288805597690665, 53.389181393396484 ], [ 19.311418935489925, 53.409014663647817 ], [ 19.373822871815548, 53.41140516299339 ], [ 19.391821058007899, 53.394973831702416 ], [ 19.438591273165272, 53.374976209977341 ], [ 19.434207997374735, 53.360880864198535 ], [ 19.515411925126411, 53.368789984661674 ], [ 19.525300267375471, 53.331077434479631 ], [ 19.56734806666676, 53.33550809001116 ], [ 19.641826002724056, 53.343355967970943 ], [ 19.686297414712371, 53.334582236860385 ], [ 19.689314516007162, 53.308268307733805 ], [ 19.714890799522479, 53.300879665289777 ], [ 19.720688196539882, 53.277432121736474 ], [ 19.689113921136425, 53.258399216713983 ], [ 19.690986470405182, 53.240733189008246 ], [ 19.744752538179885, 53.223162734803971 ], [ 19.748793345811563, 53.213389281489206 ], [ 19.741143857835326, 53.200627546418993 ], [ 19.761595613781168, 53.151796424871179 ] ] ] } },
{ "type": "Feature", "properties": { "NUTS_ID": "PL617", "LEVL_CODE": 3, "CNTR_CODE": "PL", "NAME_LATN": "Inowrocławski", "NUTS_NAME": "Inowrocławski", "MOUNT_TYPE": null, "URBN_TYPE": 3.0, "COAST_TYPE": null }, "geometry": { "type": "Polygon", "coordinates": [ [ [ 17.438793328731549, 53.26751446938286 ], [ 17.460783904918742, 53.283039996194141 ], [ 17.528150358627272, 53.279716990531114 ], [ 17.554761891633031, 53.291355764960187 ], [ 17.614296805642155, 53.275759364063823 ], [ 17.63908169995803, 53.285810989451221 ], [ 17.702421374328146, 53.285882376563272 ], [ 17.678631932871593, 53.222241678239349 ], [ 17.746299101350449, 53.175000536584221 ], [ 17.75148665872732, 53.145357050463979 ], [ 17.781874550106483, 53.135071793268473 ], [ 17.785471351212578, 53.101909466786779 ], [ 17.832362233188039, 53.092836752169752 ], [ 17.852277799106826, 53.064173058750256 ], [ 17.888774021591328, 53.038544661719264 ], [ 17.955141651356204, 53.033372642651379 ], [ 17.974196956067495, 53.015297320479213 ], [ 17.979713470841062, 52.992874381768033 ], [ 18.00902851846611, 52.96738534011385 ], [ 18.050709926499202, 52.969219293219659 ], [ 18.122000616430906, 52.942456890139553 ], [ 18.243036305722271, 52.955194377539414 ], [ 18.247742690613624, 52.96250715925931 ], [ 18.236125606330784, 52.978836597767312 ], [ 18.242199292079952, 52.982972143861289 ], [ 18.301091901639261, 52.986396690804895 ], [ 18.322905384295719, 52.975934970946831 ], [ 18.391308788478888, 52.98734873166844 ], [ 18.377041551765398, 52.951226180862669 ], [ 18.49056516610554, 52.944678923692912 ], [ 18.512283645376822, 52.91290152296672 ], [ 18.518915044853465, 52.903198788259495 ], [ 18.564748446481833, 52.878982131321614 ], [ 18.541079276682904, 52.845353699510191 ], [ 18.538311799724823, 52.822336770377028 ], [ 18.610765381234412, 52.796252162514726 ], [ 18.621635133235888, 52.7798017161833 ], [ 18.59881502762013, 52.754123694263747 ], [ 18.503836395124981, 52.745219040570277 ], [ 18.503530492831356, 52.702610416677956 ], [ 18.472750613557846, 52.686779994773438 ], [ 18.471147639572138, 52.665442236857693 ], [ 18.470679599261302, 52.659211974931878 ], [ 18.459702679303991, 52.647627236499162 ], [ 18.478748685756486, 52.61998742364684 ], [ 18.474470559392866, 52.58249350255015 ], [ 18.447608324851394, 52.576103327151714 ], [ 18.436099409615526, 52.557412155447551 ], [ 18.377150691039763, 52.537463516293904 ], [ 18.350296141215761, 52.538775449330295 ], [ 18.332434095328608, 52.51703706249215 ], [ 18.265818957538308, 52.486034819143285 ], [ 18.214344851706905, 52.484620043790194 ], [ 18.191371111672929, 52.503418253338666 ], [ 18.100029041888945, 52.51914811026699 ], [ 18.100140568754224, 52.542237906332126 ], [ 18.091307203979039, 52.550348979390058 ], [ 17.993117789609478, 52.548028371217228 ], [ 17.979582940026475, 52.566366799442953 ], [ 17.91571577256796, 52.58025025209011 ], [ 17.905145724192163, 52.609713905622321 ], [ 17.880731932305498, 52.627089539655252 ], [ 17.800324503649183, 52.646730935201418 ], [ 17.773205003617075, 52.640035083559013 ], [ 17.759030780595168, 52.651812644796038 ], [ 17.740698654080457, 52.649555320680463 ], [ 17.731786063797937, 52.641885497800246 ], [ 17.741274221785105, 52.635450736438685 ], [ 17.738030232665189, 52.628486208495588 ], [ 17.685777206294194, 52.606146641469209 ], [ 17.675328261542862, 52.645930575580167 ], [ 17.635941988018704, 52.654973095446636 ], [ 17.637310791246641, 52.665442236343289 ], [ 17.640582495398153, 52.690465511622989 ], [ 17.631499695003946, 52.701573984492867 ], [ 17.586036199839096, 52.702720284082204 ], [ 17.511063801114542, 52.675922389709939 ], [ 17.47510976337799, 52.685659609336476 ], [ 17.486524971612418, 52.707794362361192 ], [ 17.481705451989768, 52.725969765865592 ], [ 17.458523217403332, 52.7389479956245 ], [ 17.418202620990744, 52.755936457850765 ], [ 17.412408704980482, 52.77601736529752 ], [ 17.447006743546357, 52.791817943871287 ], [ 17.478078028671668, 52.788025598783179 ], [ 17.505165810382252, 52.796252162645587 ], [ 17.522907464534832, 52.870371641898465 ], [ 17.506885555909562, 52.927923958888329 ], [ 17.479579619512119, 52.947883578253204 ], [ 17.403908326618513, 52.976090179833605 ], [ 17.3256773296131, 52.97835108134489 ], [ 17.310753070696428, 52.997740761560607 ], [ 17.330758572432032, 53.028564019399418 ], [ 17.329928644017826, 53.071992558701488 ], [ 17.351869103890643, 53.090582054299951 ], [ 17.359373114730982, 53.124609092459856 ], [ 17.374095627746655, 53.13912242578553 ], [ 17.346546436624461, 53.159893265340301 ], [ 17.336930578200274, 53.210813065449884 ], [ 17.408243400102258, 53.231176692702284 ], [ 17.438793328731549, 53.26751446938286 ] ] ] } },
{ "type": "Feature", "properties": { "NUTS_ID": "PL618", "LEVL_CODE": 3, "CNTR_CODE": "PL", "NAME_LATN": "Świecki", "NUTS_NAME": "Świecki", "MOUNT_TYPE": null, "URBN_TYPE": 3.0, "COAST_TYPE": null }, "geometry": { "type": "Polygon", "coordinates": [ [ [ 18.2796684421244, 53.253077410009872 ], [ 18.264684117523633, 53.271421100878435 ], [ 18.191670090016014, 53.27916290959589 ], [ 18.159402857481187, 53.310931144452759 ], [ 18.13283205917439, 53.318648189480022 ], [ 18.102637045289981, 53.343002968246338 ], [ 18.055376445359094, 53.339612764386381 ], [ 18.050741085485988, 53.360138538645174 ], [ 18.062337583304558, 53.372596376346586 ], [ 18.059235238824591, 53.383553793606652 ], [ 18.034597166776884, 53.392196367823843 ], [ 17.972610027393845, 53.385672016623374 ], [ 17.91595503544502, 53.438139999249493 ], [ 17.850699888176472, 53.418186269595296 ], [ 17.819855211748607, 53.429655375463589 ], [ 17.772068818739495, 53.430589561534639 ], [ 17.767370369667312, 53.40382196537302 ], [ 17.71604377946964, 53.379623412755024 ], [ 17.692016154298198, 53.345567329959188 ], [ 17.693221456014573, 53.335421057240616 ], [ 17.731060363639244, 53.327119621514633 ], [ 17.726689011435255, 53.311100936536711 ], [ 17.702421374328146, 53.285882376563272 ], [ 17.63908169995803, 53.285810989451221 ], [ 17.614296805642155, 53.275759364063823 ], [ 17.554761891633031, 53.291355764960187 ], [ 17.528150358627272, 53.279716990531114 ], [ 17.460783904918742, 53.283039996194141 ], [ 17.438793328731549, 53.26751446938286 ], [ 17.396356098299155, 53.289079702348403 ], [ 17.336159328453792, 53.346137517345504 ], [ 17.263289273657605, 53.362023741722183 ], [ 17.250723699262021, 53.376200366971325 ], [ 17.289147356348277, 53.398939421836033 ], [ 17.297862553415094, 53.421164831298874 ], [ 17.380015415565527, 53.469141312593621 ], [ 17.390652781502336, 53.490963946396995 ], [ 17.417717453341044, 53.537455600064689 ], [ 17.426296084443397, 53.579113000862741 ], [ 17.43115975179423, 53.583343897721505 ], [ 17.448562753891217, 53.598482742854813 ], [ 17.505932778302917, 53.61036183469654 ], [ 17.551681957250604, 53.58334389758744 ], [ 17.563123590561784, 53.583343897880475 ], [ 17.609383364118298, 53.591465145545627 ], [ 17.639876650520751, 53.583343897677601 ], [ 17.661527790922982, 53.577577570726334 ], [ 17.665143035553623, 53.583343897528593 ], [ 17.673000966491436, 53.595877328458698 ], [ 17.725476581142086, 53.602139731424352 ], [ 17.720699993855078, 53.638915178251665 ], [ 17.762683242511802, 53.689166026506264 ], [ 17.813809951703483, 53.683839017606012 ], [ 17.857681146301335, 53.6928932439479 ], [ 17.885801473178347, 53.708333722358816 ], [ 17.893854877553824, 53.722534616990842 ], [ 17.883052953473644, 53.75048604580855 ], [ 18.021345609383715, 53.727267050841931 ], [ 18.045986610563066, 53.740324259333157 ], [ 18.064744896506603, 53.769668398151438 ], [ 18.072036638350315, 53.78107508383237 ], [ 18.098789023413914, 53.769668398110355 ], [ 18.111509000032601, 53.764244852528641 ], [ 18.146686670421207, 53.763671719134422 ], [ 18.172782496286334, 53.749463993808121 ], [ 18.254435739197955, 53.740900207263962 ], [ 18.266741135749562, 53.727596790902638 ], [ 18.265702037325077, 53.707329759412254 ], [ 18.278634575660693, 53.700170141560918 ], [ 18.380201563697252, 53.688350866431911 ], [ 18.450217222419877, 53.689301956473493 ], [ 18.503066593146208, 53.700219468291479 ], [ 18.558325917491192, 53.660009411813071 ], [ 18.583656474040112, 53.673574331521543 ], [ 18.624066221027213, 53.675956545803359 ], [ 18.668527397657403, 53.694170739257608 ], [ 18.726255203654897, 53.687547359073058 ], [ 18.765945533814481, 53.693700954687912 ], [ 18.744474065654686, 53.64378663935176 ], [ 18.76157735568987, 53.604882135285571 ], [ 18.762373193695556, 53.583343897452991 ], [ 18.763561826971571, 53.551175189362468 ], [ 18.756017171570338, 53.523664699289938 ], [ 18.736532803108901, 53.479483955589075 ], [ 18.706676696552169, 53.454041230818774 ], [ 18.633734778721895, 53.428326033484169 ], [ 18.483997759962079, 53.412532538364914 ], [ 18.451543263281735, 53.381183751694557 ], [ 18.423300268270168, 53.377515716259431 ], [ 18.355318762489478, 53.338272453391063 ], [ 18.331347577796826, 53.317134538213658 ], [ 18.31009302112717, 53.272200308004258 ], [ 18.2796684421244, 53.253077410009872 ] ] ] } },
{ "type": "Feature", "properties": { "NUTS_ID": "PL619", "LEVL_CODE": 3, "CNTR_CODE": "PL", "NAME_LATN": "Włocławski", "NUTS_NAME": "Włocławski", "MOUNT_TYPE": null, "URBN_TYPE": 3.0, "COAST_TYPE": null }, "geometry": { "type": "Polygon", "coordinates": [ [ [ 19.444663806000641, 52.939042437726521 ], [ 19.464796297411098, 52.912901522154598 ], [ 19.498681324724636, 52.868903707529881 ], [ 19.434248144657744, 52.837545920818783 ], [ 19.428680982389732, 52.820267659202408 ], [ 19.460961691298266, 52.802021489730294 ], [ 19.466566284232641, 52.796252162759679 ], [ 19.514085496844086, 52.747336226124901 ], [ 19.50518738109858, 52.728718117690974 ], [ 19.510913532923862, 52.712988966929238 ], [ 19.448589353583152, 52.719991091374922 ], [ 19.437490324290618, 52.677872769338308 ], [ 19.420568266470099, 52.665442236918032 ], [ 19.376503054591865, 52.633072999668904 ], [ 19.418885052609347, 52.605309490611674 ], [ 19.386051431352765, 52.574627046521073 ], [ 19.346583695213056, 52.562801586479338 ], [ 19.348443202178345, 52.52817704023996 ], [ 19.381490407417932, 52.510736099439868 ], [ 19.318739925178328, 52.45274701111606 ], [ 19.272523873174528, 52.442488076798391 ], [ 19.29172470891616, 52.422388214708619 ], [ 19.289184554838098, 52.392712483576396 ], [ 19.219700081560376, 52.364171055594618 ], [ 19.212471084101043, 52.349393594142938 ], [ 19.099217696405617, 52.345750470044422 ], [ 19.047119841558949, 52.332803967902045 ], [ 19.020618656649802, 52.335514369734646 ], [ 19.000409219242727, 52.3515329324741 ], [ 18.973350249706623, 52.356646771533406 ], [ 18.972812754982638, 52.373835867022827 ], [ 18.925380885055695, 52.396427671375868 ], [ 18.923249385427553, 52.379980569225893 ], [ 18.901231821317221, 52.363917846043741 ], [ 18.759257745425099, 52.334038901389675 ], [ 18.750617394191927, 52.361075441091401 ], [ 18.712558401785728, 52.397697929016992 ], [ 18.684582132730785, 52.40230517252953 ], [ 18.67746191159031, 52.420637872424294 ], [ 18.656724386783072, 52.427148373872804 ], [ 18.646283162472479, 52.449225765799405 ], [ 18.59503637819525, 52.46621467264557 ], [ 18.565839561685131, 52.464299485119916 ], [ 18.556109202592523, 52.482333257290939 ], [ 18.527246000022348, 52.49765775425152 ], [ 18.490640408072863, 52.502542281751509 ], [ 18.459329531929193, 52.47874415165353 ], [ 18.390558684924493, 52.472645320656746 ], [ 18.378813582436877, 52.501202332513877 ], [ 18.384605106328976, 52.523776617589903 ], [ 18.377150691039763, 52.537463516293904 ], [ 18.436099409615526, 52.557412155447551 ], [ 18.447608324851394, 52.576103327151714 ], [ 18.474470559392866, 52.58249350255015 ], [ 18.478748685756486, 52.61998742364684 ], [ 18.459702679303991, 52.647627236499162 ], [ 18.470679599261302, 52.659211974931878 ], [ 18.471147639572138, 52.665442236857693 ], [ 18.472750613557846, 52.686779994773438 ], [ 18.503530492831356, 52.702610416677956 ], [ 18.503836395124981, 52.745219040570277 ], [ 18.59881502762013, 52.754123694263747 ], [ 18.621635133235888, 52.7798017161833 ], [ 18.610765381234412, 52.796252162514726 ], [ 18.538311799724823, 52.822336770377028 ], [ 18.541079276682904, 52.845353699510191 ], [ 18.564748446481833, 52.878982131321614 ], [ 18.597824441600402, 52.86124674629761 ], [ 18.629590457019926, 52.887475094177439 ], [ 18.686592245604338, 52.898751332128242 ], [ 18.69295185735594, 52.912901522747759 ], [ 18.696186466172833, 52.920098554244255 ], [ 18.72420405344349, 52.931047412612706 ], [ 18.761248043442325, 52.912901522775371 ], [ 18.813047296351634, 52.903794765475347 ], [ 18.845033827242268, 52.875880433414572 ], [ 18.887916360413097, 52.858019071267954 ], [ 18.910540403112115, 52.838515100092366 ], [ 18.939953286299104, 52.833441876649623 ], [ 18.958963077391026, 52.849924105181515 ], [ 19.03423983473596, 52.854161811328716 ], [ 19.058623554562363, 52.883433680807606 ], [ 19.044260261356222, 52.912901522920848 ], [ 19.030768710319425, 52.918538177658419 ], [ 19.019989797545058, 52.936672712488402 ], [ 19.015519784788907, 52.962694486790568 ], [ 19.094164618615554, 52.968963615474813 ], [ 19.142799861560057, 52.962781741632227 ], [ 19.159604578640021, 52.974365833742617 ], [ 19.180700166044442, 52.970390611347241 ], [ 19.185436570578407, 52.990246953617458 ], [ 19.260988650507862, 53.000766068712679 ], [ 19.262097631315161, 52.98469120337051 ], [ 19.292212791920758, 52.971365157986121 ], [ 19.307389038760206, 52.947691371014251 ], [ 19.335967624160165, 52.950650582841547 ], [ 19.39523047739474, 52.931085277255441 ], [ 19.444663806000641, 52.939042437726521 ] ] ] } },
{ "type": "Feature", "properties": { "NUTS_ID": "PL621", "LEVL_CODE": 3, "CNTR_CODE": "PL", "NAME_LATN": "Elbląski", "NUTS_NAME": "Elbląski", "MOUNT_TYPE": null, "URBN_TYPE": 2.0, "COAST_TYPE": 1.0 }, "geometry": { "type": "Polygon", "coordinates": [ [ [ 19.803880327582956, 54.44226411789478 ], [ 19.998002106015566, 54.425732789670697 ], [ 20.080020991767825, 54.420494205031737 ], [ 20.109881781715593, 54.418586981971217 ], [ 20.305765192444078, 54.402774366489759 ], [ 20.313968419795685, 54.402112164882368 ], [ 20.321805779651264, 54.372382139112602 ], [ 20.281275341610851, 54.336772977271401 ], [ 20.270488343479332, 54.28410241416735 ], [ 20.354009484525001, 54.252925785178306 ], [ 20.376527877808378, 54.238784775178146 ], [ 20.379741307284768, 54.227301584100303 ], [ 20.340145413622583, 54.221225705221507 ], [ 20.328957458908068, 54.197022010192839 ], [ 20.309477281309618, 54.186303701944873 ], [ 20.168353078871014, 54.198272556241768 ], [ 20.133340175665595, 54.191739257933655 ], [ 20.107652734176334, 54.171961365203998 ], [ 20.080020990911304, 54.179580654921956 ], [ 20.038472893462576, 54.177476308828716 ], [ 20.00892739924284, 54.19128495563681 ], [ 19.964576264403952, 54.17368307899951 ], [ 19.954872490917836, 54.159912631573832 ], [ 19.955700280680031, 54.148703631251848 ], [ 19.991947464178207, 54.119842596725384 ], [ 20.027122839799084, 54.107882050407348 ], [ 20.052362637804205, 54.083375777363536 ], [ 20.080020990838538, 54.074831605343228 ], [ 20.0964294807433, 54.06976272135357 ], [ 20.146837164442768, 54.035407846584349 ], [ 20.151006682264274, 54.002555593834835 ], [ 20.188843208568617, 53.965299338701868 ], [ 20.137262306605109, 53.955261092955759 ], [ 20.110888304244451, 53.914825261518139 ], [ 20.119591484974876, 53.897316648762043 ], [ 20.167278085428695, 53.877277270454925 ], [ 20.173443063291344, 53.874686556474636 ], [ 20.12828423219025, 53.841224444457886 ], [ 20.144887916463134, 53.803242671764373 ], [ 20.167230678225245, 53.782304049399762 ], [ 20.14010355141059, 53.769668397619071 ], [ 20.120409308504509, 53.760494938908217 ], [ 20.130377851468818, 53.74501168798826 ], [ 20.156144394716321, 53.733637578293688 ], [ 20.121749100305355, 53.711022800361874 ], [ 20.138302773553281, 53.697306340928044 ], [ 20.137116600387596, 53.670161154617531 ], [ 20.146493458791905, 53.648761253278408 ], [ 20.120641709868114, 53.615583860520118 ], [ 20.146509843904266, 53.583343897527364 ], [ 20.1761285124227, 53.546429571482847 ], [ 20.208473819562144, 53.524140315052378 ], [ 20.227770047594131, 53.521855293435621 ], [ 20.235963658570306, 53.507633783057848 ], [ 20.261749225240113, 53.49477006271983 ], [ 20.246382793622001, 53.479256450248045 ], [ 20.191862000381619, 53.456026532646163 ], [ 20.194821582057759, 53.435251889093578 ], [ 20.219884964341137, 53.41447930598116 ], [ 20.199602563642856, 53.388025888546068 ], [ 20.187064998418553, 53.331983026463334 ], [ 20.249970971546801, 53.287308319380202 ], [ 20.246125780070809, 53.25635292885066 ], [ 20.256234711826384, 53.239558793070586 ], [ 20.305765192144857, 53.2299006213482 ], [ 20.341643541358454, 53.222904540475461 ], [ 20.385333016645042, 53.233968280826893 ], [ 20.411137156308072, 53.214165057643335 ], [ 20.37503850535742, 53.179323435329493 ], [ 20.34219348528821, 53.164708886886402 ], [ 20.349265946324131, 53.149860555488537 ], [ 20.305765192470574, 53.14142615849179 ], [ 20.17279709129178, 53.154331150966669 ], [ 20.138173872476468, 53.143162699495399 ], [ 20.098188402258064, 53.16709216263142 ], [ 20.080020991190842, 53.162238838937363 ], [ 20.028612503461034, 53.14850534320653 ], [ 19.976691466439167, 53.145861748934443 ], [ 19.913401526329736, 53.176604244219341 ], [ 19.915592830565526, 53.20492145758918 ], [ 19.899854421927241, 53.211691701337593 ], [ 19.832760015317511, 53.179158902519134 ], [ 19.83579514574587, 53.144516815623916 ], [ 19.761595613781168, 53.151796424871179 ], [ 19.741143857835326, 53.200627546418993 ], [ 19.748793345811563, 53.213389281489206 ], [ 19.744752538179885, 53.223162734803971 ], [ 19.690986470405182, 53.240733189008246 ], [ 19.689113921136425, 53.258399216713983 ], [ 19.720688196539882, 53.277432121736474 ], [ 19.714890799522479, 53.300879665289777 ], [ 19.689314516007162, 53.308268307733805 ], [ 19.686297414712371, 53.334582236860385 ], [ 19.641826002724056, 53.343355967970943 ], [ 19.56734806666676, 53.33550809001116 ], [ 19.525300267375471, 53.331077434479631 ], [ 19.515411925126411, 53.368789984661674 ], [ 19.434207997374735, 53.360880864198535 ], [ 19.438591273165272, 53.374976209977341 ], [ 19.391821058007899, 53.394973831702416 ], [ 19.373822871815548, 53.41140516299339 ], [ 19.311418935489925, 53.409014663647817 ], [ 19.288805597690665, 53.389181393396484 ], [ 19.263659244397232, 53.396309389291851 ], [ 19.238508726825167, 53.416887153217061 ], [ 19.249799911211696, 53.431716526499656 ], [ 19.240852441763494, 53.452432885954622 ], [ 19.228149697279132, 53.457629374297042 ], [ 19.232327815860724, 53.46913750777064 ], [ 19.222694924903696, 53.487489482353695 ], [ 19.194543762218746, 53.510964541827299 ], [ 19.21605211142202, 53.527879944370632 ], [ 19.207655588581918, 53.543655462477858 ], [ 19.192929675422707, 53.549959955718023 ], [ 19.194805498224017, 53.570568511831873 ], [ 19.14748694536334, 53.583343897525786 ], [ 19.129276267078168, 53.588260541413717 ], [ 19.14320112188344, 53.614634700516973 ], [ 19.209157512226895, 53.645896197342672 ], [ 19.220705693708641, 53.695623337717862 ], [ 19.293362455726729, 53.746374765424001 ], [ 19.303098146569376, 53.76966839782952 ], [ 19.318783612688421, 53.80719748388276 ], [ 19.381781658641074, 53.811595192026111 ], [ 19.474172204118485, 53.78671549434322 ], [ 19.49235346835875, 53.803999866035404 ], [ 19.490559498414576, 53.825670344764724 ], [ 19.53187760054314, 53.87727727046169 ], [ 19.578181708301852, 53.935111790628277 ], [ 19.572547402269247, 53.944496173349535 ], [ 19.551724708772525, 53.946500755946829 ], [ 19.465666901475863, 53.941741538139027 ], [ 19.420969002993406, 53.929355840723005 ], [ 19.382495205859513, 53.93605448119586 ], [ 19.371007264386378, 53.963819503532612 ], [ 19.38901163337292, 53.998945590171409 ], [ 19.319124390589675, 54.023267913910054 ], [ 19.275569187400944, 54.021012910987842 ], [ 19.264264739330901, 54.03540784708251 ], [ 19.278382220046272, 54.046317752785264 ], [ 19.226063160160574, 54.068843199627423 ], [ 19.250824399559082, 54.088166146372721 ], [ 19.21768868219236, 54.116121398041841 ], [ 19.233778741387781, 54.129393065478332 ], [ 19.251916254531693, 54.144353549018632 ], [ 19.250519094054219, 54.164015684438233 ], [ 19.258864477332317, 54.173704405889154 ], [ 19.323530485786371, 54.199542244458023 ], [ 19.298693173550472, 54.245524418456988 ], [ 19.258962910676694, 54.268225425116803 ], [ 19.256953176573528, 54.278460452863854 ], [ 19.384904071972262, 54.264655066241154 ], [ 19.365830993657561, 54.228030550512351 ], [ 19.373278098284768, 54.222895693006883 ], [ 19.407793837322636, 54.268833842733549 ], [ 19.497008236213183, 54.318379007529238 ], [ 19.561873003467984, 54.337366274131398 ], [ 19.567348065665492, 54.33803443620684 ], [ 19.65385359979819, 54.348591343536242 ], [ 19.709011314794282, 54.384391140503574 ], [ 19.750889907405764, 54.430237219491296 ], [ 19.803880327582956, 54.44226411789478 ] ] ] } },
{ "type": "Feature", "properties": { "NUTS_ID": "PL622", "LEVL_CODE": 3, "CNTR_CODE": "PL", "NAME_LATN": "Olsztyński", "NUTS_NAME": "Olsztyński", "MOUNT_TYPE": null, "URBN_TYPE": 2.0, "COAST_TYPE": null }, "geometry": { "type": "Polygon", "coordinates": [ [ [ 21.559321860377061, 54.322504110546511 ], [ 21.55968601048064, 54.282293358352327 ], [ 21.540584631441902, 54.248396881590153 ], [ 21.596796184822153, 54.209909279787205 ], [ 21.589755603109538, 54.197151554021694 ], [ 21.56197841348644, 54.184980917853387 ], [ 21.570976722592871, 54.153772413646948 ], [ 21.551964244085035, 54.142108169113897 ], [ 21.547454635859282, 54.129393065968152 ], [ 21.533188225507505, 54.122287806431778 ], [ 21.54115280163526, 54.096149741850688 ], [ 21.561960943068271, 54.074653294998363 ], [ 21.544515253085077, 54.05475265358335 ], [ 21.5463207875672, 54.035407846891069 ], [ 21.549477691488192, 54.001584233858225 ], [ 21.537391235290862, 53.987846353655343 ], [ 21.498051379249279, 53.979984792490455 ], [ 21.44109219226177, 53.951146912648795 ], [ 21.433889061303407, 53.937575923905008 ], [ 21.474008321346513, 53.906507015050984 ], [ 21.493845762645677, 53.877277270770819 ], [ 21.499059424671714, 53.869595131060819 ], [ 21.526224258680706, 53.857636272089337 ], [ 21.562214747360713, 53.870025882657259 ], [ 21.602449001680021, 53.867767140437785 ], [ 21.619408912479976, 53.877277271051398 ], [ 21.625994724355383, 53.880970210611586 ], [ 21.665742761278718, 53.8800279551469 ], [ 21.692186626718691, 53.892387772100321 ], [ 21.735532238356022, 53.888622232702936 ], [ 21.726166923645476, 53.877277270934727 ], [ 21.715489443366408, 53.864342777652141 ], [ 21.730466549766799, 53.845732614449311 ], [ 21.7299504147365, 53.828653787391346 ], [ 21.697726182505232, 53.814754691990132 ], [ 21.693594367380484, 53.798698891924609 ], [ 21.71656638960236, 53.791388725473674 ], [ 21.704824251439884, 53.76966839740858 ], [ 21.68137590110582, 53.726294200536863 ], [ 21.651239565428138, 53.732188113326153 ], [ 21.618797317240841, 53.762114131539249 ], [ 21.567173177689014, 53.737512231817654 ], [ 21.516546637878669, 53.745074731593547 ], [ 21.516353964535298, 53.726285205276469 ], [ 21.461963948035034, 53.714630186972329 ], [ 21.465878005230291, 53.656703028942374 ], [ 21.477879843583452, 53.650062820719654 ], [ 21.475423633863805, 53.636817007381673 ], [ 21.426887655448613, 53.637195141418125 ], [ 21.419118912763146, 53.630864501979921 ], [ 21.413308724783388, 53.609962109303723 ], [ 21.425231949491454, 53.583343897213098 ], [ 21.457228019956393, 53.511913704056816 ], [ 21.485077488322791, 53.49428300872934 ], [ 21.538339468042938, 53.489793638530465 ], [ 21.551689914488367, 53.478127857852826 ], [ 21.440464638447814, 53.463345543979123 ], [ 21.436615594090455, 53.438834416192556 ], [ 21.41724671986675, 53.429518603535882 ], [ 21.349927375258524, 53.416836151329342 ], [ 21.309331731009163, 53.421562565393494 ], [ 21.292006623747238, 53.414704310339111 ], [ 21.276067290034955, 53.424295347922119 ], [ 21.248233855056629, 53.4183739047483 ], [ 21.060701866372806, 53.336612059277719 ], [ 21.000734674583622, 53.358615873494713 ], [ 20.938426068676822, 53.357190945438305 ], [ 20.915404834161826, 53.344029773954738 ], [ 20.921622381423472, 53.320430386065183 ], [ 20.90037789448542, 53.313358549532211 ], [ 20.875851101387532, 53.317667332535542 ], [ 20.847695738661542, 53.296360475396995 ], [ 20.752790341164125, 53.315123094723454 ], [ 20.719997182642842, 53.308599149231945 ], [ 20.694941755453282, 53.298361290807456 ], [ 20.675953871530119, 53.269529485849652 ], [ 20.654247717720896, 53.253009846797497 ], [ 20.615942436383641, 53.251490792772437 ], [ 20.602897993380935, 53.23768423816103 ], [ 20.574123610593215, 53.237122510418807 ], [ 20.555394874266881, 53.226313945435017 ], [ 20.519335115744965, 53.225473589672333 ], [ 20.455794955434296, 53.243093367162238 ], [ 20.411137156308072, 53.214165057643335 ], [ 20.385333016645042, 53.233968280826893 ], [ 20.341643541358454, 53.222904540475461 ], [ 20.305765192144857, 53.2299006213482 ], [ 20.256234711826384, 53.239558793070586 ], [ 20.246125780070809, 53.25635292885066 ], [ 20.249970971546801, 53.287308319380202 ], [ 20.187064998418553, 53.331983026463334 ], [ 20.199602563642856, 53.388025888546068 ], [ 20.219884964341137, 53.41447930598116 ], [ 20.194821582057759, 53.435251889093578 ], [ 20.191862000381619, 53.456026532646163 ], [ 20.246382793622001, 53.479256450248045 ], [ 20.261749225240113, 53.49477006271983 ], [ 20.235963658570306, 53.507633783057848 ], [ 20.227770047594131, 53.521855293435621 ], [ 20.208473819562144, 53.524140315052378 ], [ 20.1761285124227, 53.546429571482847 ], [ 20.146509843904266, 53.583343897527364 ], [ 20.120641709868114, 53.615583860520118 ], [ 20.146493458791905, 53.648761253278408 ], [ 20.137116600387596, 53.670161154617531 ], [ 20.138302773553281, 53.697306340928044 ], [ 20.121749100305355, 53.711022800361874 ], [ 20.156144394716321, 53.733637578293688 ], [ 20.130377851468818, 53.74501168798826 ], [ 20.120409308504509, 53.760494938908217 ], [ 20.14010355141059, 53.769668397619071 ], [ 20.167230678225245, 53.782304049399762 ], [ 20.144887916463134, 53.803242671764373 ], [ 20.12828423219025, 53.841224444457886 ], [ 20.173443063291344, 53.874686556474636 ], [ 20.167278085428695, 53.877277270454925 ], [ 20.119591484974876, 53.897316648762043 ], [ 20.110888304244451, 53.914825261518139 ], [ 20.137262306605109, 53.955261092955759 ], [ 20.188843208568617, 53.965299338701868 ], [ 20.151006682264274, 54.002555593834835 ], [ 20.146837164442768, 54.035407846584349 ], [ 20.0964294807433, 54.06976272135357 ], [ 20.080020990838538, 54.074831605343228 ], [ 20.052362637804205, 54.083375777363536 ], [ 20.027122839799084, 54.107882050407348 ], [ 19.991947464178207, 54.119842596725384 ], [ 19.955700280680031, 54.148703631251848 ], [ 19.954872490917836, 54.159912631573832 ], [ 19.964576264403952, 54.17368307899951 ], [ 20.00892739924284, 54.19128495563681 ], [ 20.038472893462576, 54.177476308828716 ], [ 20.080020990911304, 54.179580654921956 ], [ 20.107652734176334, 54.171961365203998 ], [ 20.133340175665595, 54.191739257933655 ], [ 20.168353078871014, 54.198272556241768 ], [ 20.309477281309618, 54.186303701944873 ], [ 20.328957458908068, 54.197022010192839 ], [ 20.340145413622583, 54.221225705221507 ], [ 20.379741307284768, 54.227301584100303 ], [ 20.376527877808378, 54.238784775178146 ], [ 20.354009484525001, 54.252925785178306 ], [ 20.270488343479332, 54.28410241416735 ], [ 20.281275341610851, 54.336772977271401 ], [ 20.321805779651264, 54.372382139112602 ], [ 20.313968419795685, 54.402112164882368 ], [ 20.346025259290123, 54.398601543470775 ], [ 20.515388184353355, 54.38074005428701 ], [ 20.583549995973588, 54.377971671824689 ], [ 20.620663835767619, 54.37127323437727 ], [ 20.631476535388199, 54.366805678021429 ], [ 20.650011945499351, 54.371274382174626 ], [ 20.692595401463059, 54.371997416604415 ], [ 20.810629478607716, 54.361143026042491 ], [ 20.886635886340649, 54.358414203141287 ], [ 20.938292548903114, 54.357261503712834 ], [ 20.950131855483534, 54.356997313628185 ], [ 21.077398794861306, 54.346775437387912 ], [ 21.141181066674331, 54.342689401593084 ], [ 21.163882264685721, 54.337488113865874 ], [ 21.220546534333277, 54.334816035688334 ], [ 21.272412875341232, 54.328546059549332 ], [ 21.30182892949972, 54.333357961461431 ], [ 21.324170015858186, 54.329559592110094 ], [ 21.378431300951092, 54.330990070986608 ], [ 21.410973948651765, 54.326491688662685 ], [ 21.434268063608695, 54.326630205344749 ], [ 21.446112737636586, 54.318215595005825 ], [ 21.528344851565738, 54.325311757543602 ], [ 21.559321860377061, 54.322504110546511 ] ] ] } },
{ "type": "Feature", "properties": { "NUTS_ID": "PL623", "LEVL_CODE": 3, "CNTR_CODE": "PL", "NAME_LATN": "Ełcki", "NUTS_NAME": "Ełcki", "MOUNT_TYPE": null, "URBN_TYPE": 2.0, "COAST_TYPE": null }, "geometry": { "type": "Polygon", "coordinates": [ [ [ 22.792011657932463, 54.363377298835339 ], [ 22.802746735413113, 54.346754738684943 ], [ 22.787136678298126, 54.332768439121352 ], [ 22.78458639319415, 54.298595508921942 ], [ 22.718277126462905, 54.282266216528683 ], [ 22.691815312609954, 54.276963394853681 ], [ 22.646608917488241, 54.285646163693229 ], [ 22.612259302013737, 54.262488188621816 ], [ 22.579316318446594, 54.263165689822081 ], [ 22.559667652196698, 54.249897591790727 ], [ 22.53377764353387, 54.246501505696614 ], [ 22.514846552318666, 54.219706459534997 ], [ 22.482987843847663, 54.200737128803141 ], [ 22.50269054163682, 54.190333246221421 ], [ 22.515942193819882, 54.168012996411733 ], [ 22.548299448605508, 54.141638815656854 ], [ 22.590029253282225, 54.146578252751794 ], [ 22.608554381229848, 54.129393065540164 ], [ 22.63254703383609, 54.107135828076345 ], [ 22.631401064576728, 54.093261300549884 ], [ 22.603307437602449, 54.077427400451434 ], [ 22.600154367995437, 54.056488910782207 ], [ 22.652913427367942, 54.03540784699539 ], [ 22.667596593348541, 54.029540859496279 ], [ 22.696874945584828, 53.976206562910782 ], [ 22.718277125528139, 53.955373760569138 ], [ 22.723744367179119, 53.952568897268307 ], [ 22.748142044080836, 53.944547059708277 ], [ 22.761815238211948, 53.933940219100506 ], [ 22.766501445378857, 53.930792050711119 ], [ 22.778323699101758, 53.922849927754029 ], [ 22.782184260567551, 53.916164389095599 ], [ 22.776176405582081, 53.906573523018615 ], [ 22.779545236994302, 53.900508440789984 ], [ 22.776100917773373, 53.895586609583198 ], [ 22.784595402352256, 53.882579895890828 ], [ 22.78281581635645, 53.877277270718473 ], [ 22.779563116362283, 53.867585227120955 ], [ 22.746094818617593, 53.842271554332989 ], [ 22.726835420291927, 53.83246501438456 ], [ 22.725831143873709, 53.803129041316367 ], [ 22.718277125417945, 53.79231947062874 ], [ 22.699703127477374, 53.769668397466198 ], [ 22.692203073210067, 53.760522050007211 ], [ 22.628024069675238, 53.752555264510676 ], [ 22.607105513407692, 53.719820491932737 ], [ 22.580554768545881, 53.7303750043733 ], [ 22.513091247302516, 53.69881095781205 ], [ 22.476616003824773, 53.697597681488318 ], [ 22.46298341758914, 53.664521292077168 ], [ 22.418514945888834, 53.677996367373431 ], [ 22.326980718655349, 53.632656402523388 ], [ 22.283876130353651, 53.621108480600782 ], [ 22.221228639758692, 53.583343897805044 ], [ 22.192785186996947, 53.566197877959468 ], [ 22.135727870555183, 53.544540089190498 ], [ 22.063505509328944, 53.530090687736674 ], [ 22.02581784482101, 53.49841601131839 ], [ 21.991055282593599, 53.51985474193642 ], [ 21.930404990858925, 53.508967563697652 ], [ 21.906061669304894, 53.494795442470505 ], [ 21.890196908635243, 53.468500538932553 ], [ 21.86914338863668, 53.460380013373509 ], [ 21.697264621776231, 53.491690847381044 ], [ 21.612952755460078, 53.480833471540301 ], [ 21.551689914488367, 53.478127857852826 ], [ 21.538339468042938, 53.489793638530465 ], [ 21.485077488322791, 53.49428300872934 ], [ 21.457228019956393, 53.511913704056816 ], [ 21.425231949491454, 53.583343897213098 ], [ 21.413308724783388, 53.609962109303723 ], [ 21.419118912763146, 53.630864501979921 ], [ 21.426887655448613, 53.637195141418125 ], [ 21.475423633863805, 53.636817007381673 ], [ 21.477879843583452, 53.650062820719654 ], [ 21.465878005230291, 53.656703028942374 ], [ 21.461963948035034, 53.714630186972329 ], [ 21.516353964535298, 53.726285205276469 ], [ 21.516546637878669, 53.745074731593547 ], [ 21.567173177689014, 53.737512231817654 ], [ 21.618797317240841, 53.762114131539249 ], [ 21.651239565428138, 53.732188113326153 ], [ 21.68137590110582, 53.726294200536863 ], [ 21.704824251439884, 53.76966839740858 ], [ 21.71656638960236, 53.791388725473674 ], [ 21.693594367380484, 53.798698891924609 ], [ 21.697726182505232, 53.814754691990132 ], [ 21.7299504147365, 53.828653787391346 ], [ 21.730466549766799, 53.845732614449311 ], [ 21.715489443366408, 53.864342777652141 ], [ 21.726166923645476, 53.877277270934727 ], [ 21.735532238356022, 53.888622232702936 ], [ 21.692186626718691, 53.892387772100321 ], [ 21.665742761278718, 53.8800279551469 ], [ 21.625994724355383, 53.880970210611586 ], [ 21.619408912479976, 53.877277271051398 ], [ 21.602449001680021, 53.867767140437785 ], [ 21.562214747360713, 53.870025882657259 ], [ 21.526224258680706, 53.857636272089337 ], [ 21.499059424671714, 53.869595131060819 ], [ 21.493845762645677, 53.877277270770819 ], [ 21.474008321346513, 53.906507015050984 ], [ 21.433889061303407, 53.937575923905008 ], [ 21.44109219226177, 53.951146912648795 ], [ 21.498051379249279, 53.979984792490455 ], [ 21.537391235290862, 53.987846353655343 ], [ 21.549477691488192, 54.001584233858225 ], [ 21.5463207875672, 54.035407846891069 ], [ 21.544515253085077, 54.05475265358335 ], [ 21.561960943068271, 54.074653294998363 ], [ 21.54115280163526, 54.096149741850688 ], [ 21.533188225507505, 54.122287806431778 ], [ 21.547454635859282, 54.129393065968152 ], [ 21.551964244085035, 54.142108169113897 ], [ 21.570976722592871, 54.153772413646948 ], [ 21.56197841348644, 54.184980917853387 ], [ 21.589755603109538, 54.197151554021694 ], [ 21.596796184822153, 54.209909279787205 ], [ 21.540584631441902, 54.248396881590153 ], [ 21.55968601048064, 54.282293358352327 ], [ 21.559321860377061, 54.322504110546511 ], [ 21.577697036965947, 54.32547499311972 ], [ 21.739232232780662, 54.329702872810216 ], [ 21.93800496279643, 54.33332303866537 ], [ 22.138872345223991, 54.336465926656558 ], [ 22.222787761970036, 54.34334936024473 ], [ 22.233246845299835, 54.340936428206199 ], [ 22.31408960043527, 54.340837018106406 ], [ 22.33036620813024, 54.344213378513118 ], [ 22.490775959593496, 54.349492388595593 ], [ 22.527299747263775, 54.349270411400553 ], [ 22.61663291445862, 54.35552257892337 ], [ 22.645894684567384, 54.353975565870549 ], [ 22.682942045661761, 54.360351663455873 ], [ 22.718277125609582, 54.361331872579314 ], [ 22.792011657932463, 54.363377298835339 ] ] ] } },
{ "type": "Feature", "properties": { "NUTS_ID": "PL633", "LEVL_CODE": 3, "CNTR_CODE": "PL", "NAME_LATN": "Trójmiejski", "NUTS_NAME": "Trójmiejski", "MOUNT_TYPE": null, "URBN_TYPE": 1.0, "COAST_TYPE": 1.0 }, "geometry": { "type": "Polygon", "coordinates": [ [ [ 18.950029652203053, 54.358310411466583 ], [ 18.932158985355134, 54.289892055136299 ], [ 18.907453929645573, 54.309981034469061 ], [ 18.870844206677138, 54.314236773679731 ], [ 18.80600041988707, 54.343736610587911 ], [ 18.729169944531229, 54.337400426683125 ], [ 18.684097647915877, 54.302594695902108 ], [ 18.627730991486231, 54.277594609742195 ], [ 18.611311034290754, 54.280896460419569 ], [ 18.594206622247487, 54.302174538068627 ], [ 18.54282569424241, 54.317256271417044 ], [ 18.523400423666615, 54.333391047408426 ], [ 18.487006919241754, 54.322313698216071 ], [ 18.472727063761386, 54.327204556992939 ], [ 18.439144045951998, 54.377079731593753 ], [ 18.456551757627786, 54.403725934874146 ], [ 18.440433537325717, 54.454864698128127 ], [ 18.396266103536558, 54.487762099138628 ], [ 18.365475064268345, 54.497659607781806 ], [ 18.41186216054983, 54.553814232469826 ], [ 18.510711774481312, 54.564086804877554 ], [ 18.541726747519117, 54.584479945115035 ], [ 18.561254725242879, 54.541091117136723 ], [ 18.553888290455692, 54.511999746279869 ], [ 18.565990048835058, 54.488159485871726 ], [ 18.56523282754511, 54.4578393274804 ], [ 18.591895594254844, 54.430298184538174 ], [ 18.636210808355091, 54.410951598697622 ], [ 18.672809469703022, 54.408512968793467 ], [ 18.7319393407634, 54.376312119870683 ], [ 18.88347122775475, 54.348132335804976 ], [ 18.922827690766475, 54.348171773021491 ], [ 18.950029652203053, 54.358310411466583 ] ] ] } },
{ "type": "Feature", "properties": { "NUTS_ID": "PL634", "LEVL_CODE": 3, "CNTR_CODE": "PL", "NAME_LATN": "Gdański", "NUTS_NAME": "Gdański", "MOUNT_TYPE": null, "URBN_TYPE": 2.0, "COAST_TYPE": 1.0 }, "geometry": { "type": "MultiPolygon", "coordinates": [ [ [ [ 18.472727063761386, 54.327204556992939 ], [ 18.487006919241754, 54.322313698216071 ], [ 18.523400423666615, 54.333391047408426 ], [ 18.54282569424241, 54.317256271417044 ], [ 18.594206622247487, 54.302174538068627 ], [ 18.611311034290754, 54.280896460419569 ], [ 18.627730991486231, 54.277594609742195 ], [ 18.684097647915877, 54.302594695902108 ], [ 18.729169944531229, 54.337400426683125 ], [ 18.80600041988707, 54.343736610587911 ], [ 18.870844206677138, 54.314236773679731 ], [ 18.907453929645573, 54.309981034469061 ], [ 18.932158985355134, 54.289892055136299 ], [ 18.950029652203053, 54.358310411466583 ], [ 19.002598090769133, 54.345463312061533 ], [ 19.14368852422529, 54.349218338624624 ], [ 19.327914538307045, 54.366565318547671 ], [ 19.484394445962124, 54.399373641512476 ], [ 19.63911257447657, 54.458243258822172 ], [ 19.648470622363618, 54.45323654206728 ], [ 19.567348066050258, 54.417202495638712 ], [ 19.547638303254228, 54.408447563804067 ], [ 19.408294573069867, 54.367035237503615 ], [ 19.23727557341207, 54.340012987195884 ], [ 19.231393614199067, 54.332109067069368 ], [ 19.246216052053576, 54.326743113048764 ], [ 19.259870207292728, 54.307248895985566 ], [ 19.250387051476689, 54.29271996336702 ], [ 19.256953176573528, 54.278460452863854 ], [ 19.258962910676694, 54.268225425116803 ], [ 19.298693173550472, 54.245524418456988 ], [ 19.323530485786371, 54.199542244458023 ], [ 19.258864477332317, 54.173704405889154 ], [ 19.250519094054219, 54.164015684438233 ], [ 19.251916254531693, 54.144353549018632 ], [ 19.233778741387781, 54.129393065478332 ], [ 19.21768868219236, 54.116121398041841 ], [ 19.217847470667646, 54.129393065903933 ], [ 19.203081063520496, 54.142399243463217 ], [ 19.143688524077607, 54.145110023619196 ], [ 19.067385488271636, 54.148592628571279 ], [ 19.040065847271311, 54.172454100719634 ], [ 19.007346334545872, 54.180028850570295 ], [ 18.978825352462774, 54.17153118668152 ], [ 18.949294499500564, 54.174760026731548 ], [ 18.823035855818109, 54.144690602409902 ], [ 18.789231808485322, 54.153077897590215 ], [ 18.695918518546826, 54.149518974382381 ], [ 18.632742534347152, 54.139210709588696 ], [ 18.615920205580437, 54.129393066215485 ], [ 18.580752669063315, 54.104934834407572 ], [ 18.537570612280295, 54.109680489155082 ], [ 18.526852747025956, 54.124795014605048 ], [ 18.396991635505959, 54.122129981805884 ], [ 18.381347989636506, 54.129393065721167 ], [ 18.358765715428277, 54.139877641523725 ], [ 18.327238629208338, 54.141085534676975 ], [ 18.233090085545037, 54.167969993128388 ], [ 18.218330680643366, 54.188684670493586 ], [ 18.169709559356566, 54.196396624239462 ], [ 18.142829796076406, 54.187951255623936 ], [ 18.095992239289021, 54.201126028567991 ], [ 18.059476278151941, 54.180938446845246 ], [ 18.013045128447402, 54.177932022863729 ], [ 18.000412796691666, 54.178765738488799 ], [ 17.986064867462936, 54.196171160461382 ], [ 17.916260386254848, 54.176154779920047 ], [ 17.87037963179154, 54.190622028074365 ], [ 17.800193800514631, 54.178172362429457 ], [ 17.761214995004561, 54.182120782073575 ], [ 17.739325641477258, 54.200636087981586 ], [ 17.715198934544706, 54.198513238923297 ], [ 17.718278502761077, 54.217654507139763 ], [ 17.704900100168462, 54.240939534956226 ], [ 17.720313825251939, 54.27009928379011 ], [ 17.714054958711078, 54.310471557982872 ], [ 17.738290593398908, 54.32852157060298 ], [ 17.751212523524167, 54.352271250089849 ], [ 17.78926180674253, 54.370213238141538 ], [ 17.805160120764889, 54.409156666483092 ], [ 17.87368490941871, 54.411538264731973 ], [ 17.850991668428605, 54.458369103658988 ], [ 17.87874015575985, 54.484757074035223 ], [ 17.857829747323862, 54.509618748111571 ], [ 17.831322734553407, 54.517103375721945 ], [ 17.838160924586674, 54.559011958175716 ], [ 17.812313289802695, 54.570058172102314 ], [ 17.784401641465678, 54.601469183923001 ], [ 17.787736532307484, 54.61004513019693 ], [ 17.814652604366316, 54.616018539594236 ], [ 17.822678136299754, 54.662495693530687 ], [ 17.796690874404451, 54.672928823054974 ], [ 17.757285312389758, 54.716314013233145 ], [ 17.762191442117327, 54.740530793624707 ], [ 17.734717774810356, 54.751879183258836 ], [ 17.714905210950974, 54.773308053053867 ], [ 17.681901774613163, 54.774260620123393 ], [ 17.666607013256041, 54.783231550864038 ], [ 17.964489789188335, 54.830463740567872 ], [ 18.328850402099157, 54.831950125905529 ], [ 18.424963439704793, 54.790985494181108 ], [ 18.399657579690416, 54.748920055480902 ], [ 18.399037025657705, 54.729496991893797 ], [ 18.465915011421846, 54.696050281080701 ], [ 18.473376354509313, 54.634256745613982 ], [ 18.510390240585306, 54.631942803706679 ], [ 18.517199504577899, 54.607419900678394 ], [ 18.541726747519117, 54.584479945115035 ], [ 18.510711774481312, 54.564086804877554 ], [ 18.41186216054983, 54.553814232469826 ], [ 18.365475064268345, 54.497659607781806 ], [ 18.396266103536558, 54.487762099138628 ], [ 18.440433537325717, 54.454864698128127 ], [ 18.456551757627786, 54.403725934874146 ], [ 18.439144045951998, 54.377079731593753 ], [ 18.472727063761386, 54.327204556992939 ] ] ], [ [ [ 18.840555701419763, 54.616010435799758 ], [ 18.844147426615589, 54.595148706368683 ], [ 18.801223962766088, 54.5992508637149 ], [ 18.736320702231826, 54.662279948023709 ], [ 18.766565503360297, 54.665348068234223 ], [ 18.810418835513378, 54.644014559503432 ], [ 18.840555701419763, 54.616010435799758 ] ] ], [ [ [ 18.481265328687297, 54.768212687065677 ], [ 18.470180058249287, 54.766634371786729 ], [ 18.456235755925672, 54.777507085860051 ], [ 18.470278650370791, 54.781106065598827 ], [ 18.481265328687297, 54.768212687065677 ] ] ] ] } },
{ "type": "Feature", "properties": { "NUTS_ID": "PL636", "LEVL_CODE": 3, "CNTR_CODE": "PL", "NAME_LATN": "Słupski", "NUTS_NAME": "Słupski", "MOUNT_TYPE": null, "URBN_TYPE": 2.0, "COAST_TYPE": 1.0 }, "geometry": { "type": "Polygon", "coordinates": [ [ [ 17.666607013256041, 54.783231550864038 ], [ 17.681901774613163, 54.774260620123393 ], [ 17.714905210950974, 54.773308053053867 ], [ 17.734717774810356, 54.751879183258836 ], [ 17.762191442117327, 54.740530793624707 ], [ 17.757285312389758, 54.716314013233145 ], [ 17.796690874404451, 54.672928823054974 ], [ 17.822678136299754, 54.662495693530687 ], [ 17.814652604366316, 54.616018539594236 ], [ 17.787736532307484, 54.61004513019693 ], [ 17.784401641465678, 54.601469183923001 ], [ 17.812313289802695, 54.570058172102314 ], [ 17.838160924586674, 54.559011958175716 ], [ 17.831322734553407, 54.517103375721945 ], [ 17.857829747323862, 54.509618748111571 ], [ 17.87874015575985, 54.484757074035223 ], [ 17.850991668428605, 54.458369103658988 ], [ 17.87368490941871, 54.411538264731973 ], [ 17.805160120764889, 54.409156666483092 ], [ 17.78926180674253, 54.370213238141538 ], [ 17.751212523524167, 54.352271250089849 ], [ 17.738290593398908, 54.32852157060298 ], [ 17.714054958711078, 54.310471557982872 ], [ 17.720313825251939, 54.27009928379011 ], [ 17.704900100168462, 54.240939534956226 ], [ 17.718278502761077, 54.217654507139763 ], [ 17.715198934544706, 54.198513238923297 ], [ 17.739325641477258, 54.200636087981586 ], [ 17.761214995004561, 54.182120782073575 ], [ 17.800193800514631, 54.178172362429457 ], [ 17.775494654408032, 54.144158794410352 ], [ 17.742828608976698, 54.153537809388858 ], [ 17.726043474664255, 54.137500903663451 ], [ 17.726782394271154, 54.129393065863027 ], [ 17.729592177783651, 54.098562528930856 ], [ 17.693996534111783, 54.088155728658727 ], [ 17.670202090932811, 54.099748808355784 ], [ 17.663733367861596, 54.051684646973811 ], [ 17.653331413907246, 54.03540784706567 ], [ 17.58809839552103, 54.027207022980434 ], [ 17.571381244368236, 53.993420356643746 ], [ 17.521356485670434, 53.972888280973386 ], [ 17.490157893331606, 53.924334081525117 ], [ 17.437873936425998, 53.929377303375759 ], [ 17.40680130516958, 53.923361250566195 ], [ 17.360400728557639, 53.934249895354 ], [ 17.333964343305343, 53.919869278006743 ], [ 17.291956434687183, 53.877548979869609 ], [ 17.271064380553078, 53.889336136757095 ], [ 17.267986668820335, 53.911945401827623 ], [ 17.233472552224004, 53.950184996695064 ], [ 17.22604139371543, 53.978002049806989 ], [ 17.186839078572984, 53.991415681474329 ], [ 17.167280449222702, 54.007981044157702 ], [ 17.118021437383245, 54.006926383119499 ], [ 17.105452469276212, 53.99528162841132 ], [ 17.099326640343037, 53.972369395167412 ], [ 17.020687578774751, 53.964527766341831 ], [ 17.012054765935442, 53.938126440863385 ], [ 16.988458331978766, 53.921075912082792 ], [ 16.982053707732586, 53.904909637813297 ], [ 16.965972933602956, 53.904868570480652 ], [ 16.954219990582402, 53.907590137401371 ], [ 16.94896682742003, 53.912054565587269 ], [ 16.93686197877031, 53.913611245815332 ], [ 16.925385810523984, 53.919813543288114 ], [ 16.922042366496864, 53.924645172621034 ], [ 16.908242494819305, 53.925781940656044 ], [ 16.901264843405464, 53.929208618654741 ], [ 16.871782395412382, 53.945679146969539 ], [ 16.874229233923593, 53.972336933883142 ], [ 16.840424778999804, 53.994776325925159 ], [ 16.818271337527015, 54.000927485629134 ], [ 16.806305828029693, 53.992533418354142 ], [ 16.805513143672066, 53.980590039397129 ], [ 16.792764348631611, 53.985550600138779 ], [ 16.797100803606103, 54.002235785641723 ], [ 16.787028106717738, 54.023517010081591 ], [ 16.793269018866191, 54.035407846355035 ], [ 16.809301595393258, 54.065954786929481 ], [ 16.794735848227521, 54.082894972167217 ], [ 16.800453422331522, 54.115241111585085 ], [ 16.782468352452106, 54.122320899445548 ], [ 16.780299478747018, 54.129393065806049 ], [ 16.773923380363588, 54.150183948569669 ], [ 16.734331629301227, 54.179535031976982 ], [ 16.732297407590227, 54.198491242026712 ], [ 16.715807780445761, 54.213850098183165 ], [ 16.734833530489656, 54.230738266904133 ], [ 16.831161411120757, 54.246816697823817 ], [ 16.861039494561037, 54.261110978889853 ], [ 16.854698067246531, 54.303838165459652 ], [ 16.818342071589534, 54.320577124936484 ], [ 16.826351318945964, 54.343637988026423 ], [ 16.812399197571814, 54.365919944722151 ], [ 16.85387305754022, 54.382352209040413 ], [ 16.828071859869024, 54.414758742065139 ], [ 16.838510683726479, 54.436104687107495 ], [ 16.82372931366324, 54.464508810723871 ], [ 16.801125101911246, 54.483971180682175 ], [ 16.759136781886376, 54.491515854918255 ], [ 16.743253932458686, 54.512504122204099 ], [ 16.74297907708387, 54.53329215169822 ], [ 16.699084836183442, 54.569246890438038 ], [ 16.7640130283358, 54.570173702244496 ], [ 16.901264843999186, 54.59641667101171 ], [ 16.957662308605602, 54.615601663949249 ], [ 17.049467654474796, 54.66814927522033 ], [ 17.24468189531386, 54.729779929624755 ], [ 17.255876191252771, 54.731785359515875 ], [ 17.350615127309052, 54.748757603160982 ], [ 17.666607013256041, 54.783231550864038 ] ] ] } },
{ "type": "Feature", "properties": { "NUTS_ID": "PL637", "LEVL_CODE": 3, "CNTR_CODE": "PL", "NAME_LATN": "Chojnicki", "NUTS_NAME": "Chojnicki", "MOUNT_TYPE": null, "URBN_TYPE": 3.0, "COAST_TYPE": null }, "geometry": { "type": "Polygon", "coordinates": [ [ [ 18.327238629208338, 54.141085534676975 ], [ 18.32655049096071, 54.12025249796195 ], [ 18.342757852457108, 54.104850368358257 ], [ 18.338477514767551, 54.082774705156098 ], [ 18.348693902551371, 54.060628908760016 ], [ 18.303090575020963, 54.034864813620047 ], [ 18.29021543542498, 54.005624295038892 ], [ 18.323595560741182, 53.995952637685519 ], [ 18.331240212012769, 53.977860570397837 ], [ 18.225524415050831, 53.947426741850258 ], [ 18.171002710756131, 53.955561091966885 ], [ 18.148733644795822, 53.949864526136345 ], [ 18.118267863950635, 53.926223180992615 ], [ 18.117217460512485, 53.896144724161779 ], [ 18.084093793042832, 53.877277270846371 ], [ 18.075912843903655, 53.860614520046887 ], [ 18.078749015830834, 53.844757002489807 ], [ 18.109544285607623, 53.824087868115896 ], [ 18.072036638350315, 53.78107508383237 ], [ 18.064744896506603, 53.769668398151438 ], [ 18.045986610563066, 53.740324259333157 ], [ 18.021345609383715, 53.727267050841931 ], [ 17.883052953473644, 53.75048604580855 ], [ 17.893854877553824, 53.722534616990842 ], [ 17.885801473178347, 53.708333722358816 ], [ 17.857681146301335, 53.6928932439479 ], [ 17.813809951703483, 53.683839017606012 ], [ 17.762683242511802, 53.689166026506264 ], [ 17.720699993855078, 53.638915178251665 ], [ 17.725476581142086, 53.602139731424352 ], [ 17.673000966491436, 53.595877328458698 ], [ 17.665143035553623, 53.583343897528593 ], [ 17.661527790922982, 53.577577570726334 ], [ 17.639876650520751, 53.583343897677601 ], [ 17.609383364118298, 53.591465145545627 ], [ 17.563123590561784, 53.583343897880475 ], [ 17.551681957250604, 53.58334389758744 ], [ 17.505932778302917, 53.61036183469654 ], [ 17.448562753891217, 53.598482742854813 ], [ 17.43115975179423, 53.583343897721505 ], [ 17.426296084443397, 53.579113000862741 ], [ 17.417717453341044, 53.537455600064689 ], [ 17.390652781502336, 53.490963946396995 ], [ 17.34291864574956, 53.497220228519453 ], [ 17.270699045188035, 53.535743286955928 ], [ 17.1597281874784, 53.529191508484281 ], [ 17.093184087387915, 53.541042144993973 ], [ 17.052903213355151, 53.519883388966107 ], [ 17.003934093315038, 53.519627026648926 ], [ 16.996609534657463, 53.528211966536922 ], [ 16.998914262561136, 53.549285488863724 ], [ 16.983036316657792, 53.554564110512729 ], [ 16.953110510528383, 53.547154846257023 ], [ 16.93479166048067, 53.583343897404141 ], [ 16.902552205632688, 53.61804681140292 ], [ 16.892247854750558, 53.655868854950086 ], [ 16.860809641509888, 53.745698526038204 ], [ 16.901264843840295, 53.762252743148203 ], [ 16.913769713504571, 53.769668398041617 ], [ 16.931198070448286, 53.780003786661709 ], [ 16.94398785141049, 53.801256155819402 ], [ 16.915029235809726, 53.80199028474938 ], [ 16.901264844147612, 53.823191845278046 ], [ 16.874640936328557, 53.831784040856434 ], [ 16.867552712036655, 53.854184020465119 ], [ 16.875759387515, 53.86770058645557 ], [ 16.901264844260428, 53.875156945730488 ], [ 16.927103303571773, 53.877277270541597 ], [ 16.971725246093051, 53.880938986108255 ], [ 16.982053707732586, 53.904909637813297 ], [ 16.988458331978766, 53.921075912082792 ], [ 17.012054765935442, 53.938126440863385 ], [ 17.020687578774751, 53.964527766341831 ], [ 17.099326640343037, 53.972369395167412 ], [ 17.105452469276212, 53.99528162841132 ], [ 17.118021437383245, 54.006926383119499 ], [ 17.167280449222702, 54.007981044157702 ], [ 17.186839078572984, 53.991415681474329 ], [ 17.22604139371543, 53.978002049806989 ], [ 17.233472552224004, 53.950184996695064 ], [ 17.267986668820335, 53.911945401827623 ], [ 17.271064380553078, 53.889336136757095 ], [ 17.291956434687183, 53.877548979869609 ], [ 17.333964343305343, 53.919869278006743 ], [ 17.360400728557639, 53.934249895354 ], [ 17.40680130516958, 53.923361250566195 ], [ 17.437873936425998, 53.929377303375759 ], [ 17.490157893331606, 53.924334081525117 ], [ 17.521356485670434, 53.972888280973386 ], [ 17.571381244368236, 53.993420356643746 ], [ 17.58809839552103, 54.027207022980434 ], [ 17.653331413907246, 54.03540784706567 ], [ 17.663733367861596, 54.051684646973811 ], [ 17.670202090932811, 54.099748808355784 ], [ 17.693996534111783, 54.088155728658727 ], [ 17.729592177783651, 54.098562528930856 ], [ 17.726782394271154, 54.129393065863027 ], [ 17.726043474664255, 54.137500903663451 ], [ 17.742828608976698, 54.153537809388858 ], [ 17.775494654408032, 54.144158794410352 ], [ 17.800193800514631, 54.178172362429457 ], [ 17.87037963179154, 54.190622028074365 ], [ 17.916260386254848, 54.176154779920047 ], [ 17.986064867462936, 54.196171160461382 ], [ 18.000412796691666, 54.178765738488799 ], [ 18.013045128447402, 54.177932022863729 ], [ 18.059476278151941, 54.180938446845246 ], [ 18.095992239289021, 54.201126028567991 ], [ 18.142829796076406, 54.187951255623936 ], [ 18.169709559356566, 54.196396624239462 ], [ 18.218330680643366, 54.188684670493586 ], [ 18.233090085545037, 54.167969993128388 ], [ 18.327238629208338, 54.141085534676975 ] ] ] } },
{ "type": "Feature", "properties": { "NUTS_ID": "PL638", "LEVL_CODE": 3, "CNTR_CODE": "PL", "NAME_LATN": "Starogardzki", "NUTS_NAME": "Starogardzki", "MOUNT_TYPE": null, "URBN_TYPE": 2.0, "COAST_TYPE": 1.0 }, "geometry": { "type": "Polygon", "coordinates": [ [ [ 19.129276267078168, 53.588260541413717 ], [ 19.052233058184882, 53.59648267025333 ], [ 18.91291513123533, 53.583023580338221 ], [ 18.883581119352396, 53.599382871775774 ], [ 18.76157735568987, 53.604882135285571 ], [ 18.744474065654686, 53.64378663935176 ], [ 18.765945533814481, 53.693700954687912 ], [ 18.726255203654897, 53.687547359073058 ], [ 18.668527397657403, 53.694170739257608 ], [ 18.624066221027213, 53.675956545803359 ], [ 18.583656474040112, 53.673574331521543 ], [ 18.558325917491192, 53.660009411813071 ], [ 18.503066593146208, 53.700219468291479 ], [ 18.450217222419877, 53.689301956473493 ], [ 18.380201563697252, 53.688350866431911 ], [ 18.278634575660693, 53.700170141560918 ], [ 18.265702037325077, 53.707329759412254 ], [ 18.266741135749562, 53.727596790902638 ], [ 18.254435739197955, 53.740900207263962 ], [ 18.172782496286334, 53.749463993808121 ], [ 18.146686670421207, 53.763671719134422 ], [ 18.111509000032601, 53.764244852528641 ], [ 18.098789023413914, 53.769668398110355 ], [ 18.072036638350315, 53.78107508383237 ], [ 18.109544285607623, 53.824087868115896 ], [ 18.078749015830834, 53.844757002489807 ], [ 18.075912843903655, 53.860614520046887 ], [ 18.084093793042832, 53.877277270846371 ], [ 18.117217460512485, 53.896144724161779 ], [ 18.118267863950635, 53.926223180992615 ], [ 18.148733644795822, 53.949864526136345 ], [ 18.171002710756131, 53.955561091966885 ], [ 18.225524415050831, 53.947426741850258 ], [ 18.331240212012769, 53.977860570397837 ], [ 18.323595560741182, 53.995952637685519 ], [ 18.29021543542498, 54.005624295038892 ], [ 18.303090575020963, 54.034864813620047 ], [ 18.348693902551371, 54.060628908760016 ], [ 18.338477514767551, 54.082774705156098 ], [ 18.342757852457108, 54.104850368358257 ], [ 18.32655049096071, 54.12025249796195 ], [ 18.327238629208338, 54.141085534676975 ], [ 18.358765715428277, 54.139877641523725 ], [ 18.381347989636506, 54.129393065721167 ], [ 18.396991635505959, 54.122129981805884 ], [ 18.526852747025956, 54.124795014605048 ], [ 18.537570612280295, 54.109680489155082 ], [ 18.580752669063315, 54.104934834407572 ], [ 18.615920205580437, 54.129393066215485 ], [ 18.632742534347152, 54.139210709588696 ], [ 18.695918518546826, 54.149518974382381 ], [ 18.789231808485322, 54.153077897590215 ], [ 18.823035855818109, 54.144690602409902 ], [ 18.949294499500564, 54.174760026731548 ], [ 18.978825352462774, 54.17153118668152 ], [ 19.007346334545872, 54.180028850570295 ], [ 19.040065847271311, 54.172454100719634 ], [ 19.067385488271636, 54.148592628571279 ], [ 19.143688524077607, 54.145110023619196 ], [ 19.203081063520496, 54.142399243463217 ], [ 19.217847470667646, 54.129393065903933 ], [ 19.21768868219236, 54.116121398041841 ], [ 19.250824399559082, 54.088166146372721 ], [ 19.226063160160574, 54.068843199627423 ], [ 19.278382220046272, 54.046317752785264 ], [ 19.264264739330901, 54.03540784708251 ], [ 19.275569187400944, 54.021012910987842 ], [ 19.319124390589675, 54.023267913910054 ], [ 19.38901163337292, 53.998945590171409 ], [ 19.371007264386378, 53.963819503532612 ], [ 19.382495205859513, 53.93605448119586 ], [ 19.420969002993406, 53.929355840723005 ], [ 19.465666901475863, 53.941741538139027 ], [ 19.551724708772525, 53.946500755946829 ], [ 19.572547402269247, 53.944496173349535 ], [ 19.578181708301852, 53.935111790628277 ], [ 19.53187760054314, 53.87727727046169 ], [ 19.490559498414576, 53.825670344764724 ], [ 19.49235346835875, 53.803999866035404 ], [ 19.474172204118485, 53.78671549434322 ], [ 19.381781658641074, 53.811595192026111 ], [ 19.318783612688421, 53.80719748388276 ], [ 19.303098146569376, 53.76966839782952 ], [ 19.293362455726729, 53.746374765424001 ], [ 19.220705693708641, 53.695623337717862 ], [ 19.209157512226895, 53.645896197342672 ], [ 19.14320112188344, 53.614634700516973 ], [ 19.129276267078168, 53.588260541413717 ] ] ] } },
{ "type": "Feature", "properties": { "NUTS_ID": "PL711", "LEVL_CODE": 3, "CNTR_CODE": "PL", "NAME_LATN": "Miasto Łódź", "NUTS_NAME": "Miasto Łódź", "MOUNT_TYPE": null, "URBN_TYPE": 1.0, "COAST_TYPE": null }, "geometry": { "type": "Polygon", "coordinates": [ [ [ 19.323825497290684, 51.806788847063629 ], [ 19.35267214832853, 51.836470276286583 ], [ 19.377829026494563, 51.835792930986997 ], [ 19.386069995450956, 51.825733112381045 ], [ 19.418525795386305, 51.829995409980619 ], [ 19.497937481263769, 51.859476067069615 ], [ 19.558219003766951, 51.84530945127527 ], [ 19.564923635174871, 51.838937489258271 ], [ 19.550518560221267, 51.826889403618551 ], [ 19.555196822126533, 51.813590663022744 ], [ 19.56734806565392, 51.812764193907562 ], [ 19.614756414204187, 51.809539705336519 ], [ 19.614246813619758, 51.777770472296282 ], [ 19.63071464139119, 51.752218944047208 ], [ 19.62902886125207, 51.724860524639503 ], [ 19.605268058663015, 51.698847607630242 ], [ 19.580548740842552, 51.705278609255828 ], [ 19.567348065832718, 51.701922749656298 ], [ 19.52554298257575, 51.691295112645882 ], [ 19.488724939755834, 51.697485654089242 ], [ 19.431301580535511, 51.687303062334408 ], [ 19.364440383476964, 51.698365518588233 ], [ 19.337332993915027, 51.732369443352489 ], [ 19.367561806432576, 51.743415010745544 ], [ 19.370895707891513, 51.752346289640599 ], [ 19.341940693165281, 51.76668700050552 ], [ 19.339590839706108, 51.781944033502377 ], [ 19.350604249888182, 51.793012378924857 ], [ 19.323825497290684, 51.806788847063629 ] ] ] } },
{ "type": "Feature", "properties": { "NUTS_ID": "PL712", "LEVL_CODE": 3, "CNTR_CODE": "PL", "NAME_LATN": "Łódzki", "NUTS_NAME": "Łódzki", "MOUNT_TYPE": null, "URBN_TYPE": 1.0, "COAST_TYPE": null }, "geometry": { "type": "Polygon", "coordinates": [ [ [ 19.273313842504546, 51.555078958822925 ], [ 19.238230808265225, 51.576393782143384 ], [ 19.197329895630656, 51.578161081143172 ], [ 19.211119437383836, 51.615850740062861 ], [ 19.156656756828387, 51.630168191490291 ], [ 19.163131742073876, 51.643135997178739 ], [ 19.201780003611766, 51.669981595461465 ], [ 19.195617424926407, 51.696891130112405 ], [ 19.201068183327575, 51.707722259505871 ], [ 19.183078041878094, 51.715107241599213 ], [ 19.144096864097047, 51.756614196683508 ], [ 19.052483937706871, 51.780974989963866 ], [ 19.005737511378541, 51.813566729426277 ], [ 19.035431181270273, 51.82946620212622 ], [ 19.129817409945684, 51.825139477030945 ], [ 19.156059851794467, 51.864064364127749 ], [ 19.178289150501861, 51.880693542599005 ], [ 19.183438107233165, 51.912000952521751 ], [ 19.140118459343729, 51.91611965299488 ], [ 19.146722369305103, 51.961605951892906 ], [ 19.127329777208239, 52.000666673650578 ], [ 19.129889819382111, 52.01124088350609 ], [ 19.213438987485777, 52.015172696231033 ], [ 19.282303721642023, 52.034686746510928 ], [ 19.313018242686869, 52.01860577516814 ], [ 19.354328008201968, 52.031075883744002 ], [ 19.381206314707121, 52.004185152131953 ], [ 19.434316851536373, 52.011073403721412 ], [ 19.460052691065904, 51.998738586426974 ], [ 19.48531392025361, 52.001957070264872 ], [ 19.491462294291264, 52.015543469189893 ], [ 19.52569163213127, 52.005046097503495 ], [ 19.567348065236665, 52.033228362180928 ], [ 19.634555960979167, 52.021603485239616 ], [ 19.728303636724505, 52.025710619454863 ], [ 19.726084959218181, 52.010082373696875 ], [ 19.736585899381442, 51.997586484697905 ], [ 19.828070578593103, 51.973569144872748 ], [ 19.871270157068157, 51.906733620775505 ], [ 19.886472323388912, 51.867687965321529 ], [ 20.005777727654937, 51.828777569126991 ], [ 19.993098370713582, 51.78535666256839 ], [ 20.016240227350369, 51.773468130257832 ], [ 19.994711638025361, 51.761265752310521 ], [ 19.980283056576067, 51.729628582464379 ], [ 19.955046624762787, 51.715983942724094 ], [ 19.90975887131637, 51.664718881481889 ], [ 19.881197532557977, 51.66235041014194 ], [ 19.859533241484385, 51.691208187397997 ], [ 19.790253479081027, 51.707076001240821 ], [ 19.774581670577927, 51.698567180233347 ], [ 19.753733472434277, 51.707712596150714 ], [ 19.739521678452707, 51.697242689474265 ], [ 19.741442973642808, 51.686191802298929 ], [ 19.716411195689972, 51.631017200207495 ], [ 19.694883444097236, 51.629763093226231 ], [ 19.688107476060321, 51.64614979986996 ], [ 19.678087019650871, 51.648969435695889 ], [ 19.639336471424411, 51.627727393409387 ], [ 19.608246406358276, 51.630402501903227 ], [ 19.602812821461502, 51.62236974786331 ], [ 19.628667763821557, 51.606490753348879 ], [ 19.598265937225833, 51.582316769565061 ], [ 19.615276454562061, 51.551973640897813 ], [ 19.594322264723004, 51.509270476507908 ], [ 19.567348065721063, 51.511415260835449 ], [ 19.547046780718027, 51.51302946640039 ], [ 19.474370533617606, 51.542563375074351 ], [ 19.436626085421643, 51.526068250558239 ], [ 19.421330624153647, 51.534024887659193 ], [ 19.410179593968895, 51.52685812613327 ], [ 19.323265916252563, 51.524192124028637 ], [ 19.292587367064264, 51.532253421121574 ], [ 19.273313842504546, 51.555078958822925 ] ], [ [ 19.323825497290684, 51.806788847063629 ], [ 19.350604249888182, 51.793012378924857 ], [ 19.339590839706108, 51.781944033502377 ], [ 19.341940693165281, 51.76668700050552 ], [ 19.370895707891513, 51.752346289640599 ], [ 19.367561806432576, 51.743415010745544 ], [ 19.337332993915027, 51.732369443352489 ], [ 19.364440383476964, 51.698365518588233 ], [ 19.431301580535511, 51.687303062334408 ], [ 19.488724939755834, 51.697485654089242 ], [ 19.52554298257575, 51.691295112645882 ], [ 19.567348065832718, 51.701922749656298 ], [ 19.580548740842552, 51.705278609255828 ], [ 19.605268058663015, 51.698847607630242 ], [ 19.62902886125207, 51.724860524639503 ], [ 19.63071464139119, 51.752218944047208 ], [ 19.614246813619758, 51.777770472296282 ], [ 19.614756414204187, 51.809539705336519 ], [ 19.56734806565392, 51.812764193907562 ], [ 19.555196822126533, 51.813590663022744 ], [ 19.550518560221267, 51.826889403618551 ], [ 19.564923635174871, 51.838937489258271 ], [ 19.558219003766951, 51.84530945127527 ], [ 19.497937481263769, 51.859476067069615 ], [ 19.418525795386305, 51.829995409980619 ], [ 19.386069995450956, 51.825733112381045 ], [ 19.377829026494563, 51.835792930986997 ], [ 19.35267214832853, 51.836470276286583 ], [ 19.323825497290684, 51.806788847063629 ] ] ] } },
{ "type": "Feature", "properties": { "NUTS_ID": "PL713", "LEVL_CODE": 3, "CNTR_CODE": "PL", "NAME_LATN": "Piotrkowski", "NUTS_NAME": "Piotrkowski", "MOUNT_TYPE": null, "URBN_TYPE": 3.0, "COAST_TYPE": null }, "geometry": { "type": "Polygon", "coordinates": [ [ [ 20.424890742362486, 51.611619628971162 ], [ 20.420252326659064, 51.604577794624205 ], [ 20.437743594948479, 51.575522033287015 ], [ 20.457731027030235, 51.572064087438349 ], [ 20.465130870990809, 51.562305780537976 ], [ 20.453019621984488, 51.506821346421333 ], [ 20.484295694764711, 51.501043608572843 ], [ 20.516800541625155, 51.506870685925087 ], [ 20.527695811426561, 51.469508928217081 ], [ 20.523027719511191, 51.457601445372191 ], [ 20.490428294987016, 51.441465907491178 ], [ 20.483760150271877, 51.414428242819064 ], [ 20.447050800239417, 51.407433254483983 ], [ 20.424097186118491, 51.363609344846012 ], [ 20.432814862923976, 51.339405016898091 ], [ 20.407929152481334, 51.320390675180427 ], [ 20.369026334599699, 51.309137665223872 ], [ 20.387249976756848, 51.272362435961085 ], [ 20.371709619428167, 51.240255515198022 ], [ 20.336971267418019, 51.254726968583022 ], [ 20.305765192093041, 51.245728208550204 ], [ 20.299301855593576, 51.243864403314184 ], [ 20.250584354695555, 51.256630805279705 ], [ 20.242665420661542, 51.248989678261914 ], [ 20.260005981964554, 51.216279331963896 ], [ 20.228632954468885, 51.201310436879979 ], [ 20.186850242471067, 51.205783475157993 ], [ 20.173213164522497, 51.197136932813166 ], [ 20.117960657521603, 51.190998031524273 ], [ 20.080020991495243, 51.195953268105292 ], [ 20.042830226582797, 51.200810691792157 ], [ 19.999751547101489, 51.186968840087133 ], [ 20.021220304319616, 51.160768152408075 ], [ 19.99037837042426, 51.136753065807824 ], [ 19.986168283072221, 51.077193827848618 ], [ 20.051153051626027, 51.059908916804162 ], [ 20.039470692011083, 50.990206411560791 ], [ 20.036275483827119, 50.974322863564851 ], [ 20.026932312610075, 50.971772371417813 ], [ 20.017690700510887, 50.962207531511005 ], [ 19.958073589445615, 50.990543428138075 ], [ 19.957294280395917, 51.003990113988593 ], [ 19.94846371493847, 51.012331268190451 ], [ 19.937062001419672, 51.010807918943449 ], [ 19.935695045531116, 51.024244356260937 ], [ 19.898315551234226, 51.028574162085 ], [ 19.884543042637162, 51.047565632032736 ], [ 19.876724788769707, 51.047585225996166 ], [ 19.872779757071559, 51.040007207026797 ], [ 19.864761504248371, 51.030211019743135 ], [ 19.867450582940606, 51.023114857824083 ], [ 19.860977843132172, 51.016061192097268 ], [ 19.862464951479989, 51.004645588021134 ], [ 19.847525886486252, 50.994131645854317 ], [ 19.829086587411052, 50.96887178935652 ], [ 19.834613779827748, 50.949314411233303 ], [ 19.843598232968787, 50.94492360083435 ], [ 19.8482878249166, 50.935443123263717 ], [ 19.845536039486777, 50.930204548756485 ], [ 19.833650655161271, 50.916883131955764 ], [ 19.808447757439218, 50.90718758892838 ], [ 19.794742828346898, 50.90704090178378 ], [ 19.785649908498229, 50.887003781098002 ], [ 19.777180928400647, 50.884299216084081 ], [ 19.774032892724829, 50.878009074196456 ], [ 19.760136920479209, 50.872224820925013 ], [ 19.747059902620762, 50.865969890466552 ], [ 19.723892228612701, 50.844773254389921 ], [ 19.685169077838029, 50.845692635407687 ], [ 19.664416885400907, 50.854518277610318 ], [ 19.654838624856819, 50.875401398828245 ], [ 19.615062079065261, 50.879758448194245 ], [ 19.573224901662591, 50.907006009300503 ], [ 19.567348065950476, 50.904800427234427 ], [ 19.509752280262202, 50.883184674914773 ], [ 19.481140966523689, 50.882785905790435 ], [ 19.465515623387152, 50.899712162745885 ], [ 19.464383426938408, 50.924214400069559 ], [ 19.440883020284954, 50.942116386707198 ], [ 19.428889379016788, 50.965162742513954 ], [ 19.408161654334272, 50.976080340974541 ], [ 19.394430398906898, 50.997650904322619 ], [ 19.361553145157576, 50.994095262823677 ], [ 19.353736147917154, 51.007287823841601 ], [ 19.327632228696544, 51.015396912431342 ], [ 19.324170993526451, 51.043306255559649 ], [ 19.243013311518464, 51.036797567486587 ], [ 19.212658147283651, 51.041857746122368 ], [ 19.208505170793615, 51.057097792189111 ], [ 19.246954333572315, 51.100013262525636 ], [ 19.279463891425273, 51.113561106873981 ], [ 19.273015990446265, 51.133870807903136 ], [ 19.237705621056591, 51.151231102317475 ], [ 19.239895788351127, 51.167865574042665 ], [ 19.297105786752635, 51.168681777945146 ], [ 19.307696914312565, 51.184851659063284 ], [ 19.26956466460922, 51.203213357876422 ], [ 19.253686277924043, 51.197965898749629 ], [ 19.246086650054824, 51.210149560275624 ], [ 19.200839160956065, 51.228678649344644 ], [ 19.167900413189969, 51.256799985980734 ], [ 19.147191923273187, 51.239847360281374 ], [ 19.100051586742861, 51.239985828036943 ], [ 19.09780793670312, 51.249981205401703 ], [ 19.106787650909713, 51.259069477579736 ], [ 19.084646521422375, 51.297006601914823 ], [ 19.02926992613834, 51.277172263346728 ], [ 18.949170600769005, 51.289155837469288 ], [ 18.872443764815383, 51.280908925402464 ], [ 18.860578916665666, 51.290255806249718 ], [ 18.884642500503087, 51.30686649180042 ], [ 18.86739663433379, 51.330128533929859 ], [ 18.883678999262482, 51.351753054972946 ], [ 18.906011559375802, 51.362882828156522 ], [ 18.930092591721905, 51.350250197451842 ], [ 18.968398451842695, 51.360216076293959 ], [ 19.01108485430602, 51.345553587893995 ], [ 19.023829385897113, 51.355206171792766 ], [ 19.045272823877873, 51.355860809115129 ], [ 19.064857257716028, 51.39034475534784 ], [ 19.060502962427165, 51.411608659236101 ], [ 19.078334812593603, 51.430277326642283 ], [ 19.080676044356778, 51.465482567070005 ], [ 19.157629960217417, 51.480732656810325 ], [ 19.19062581017393, 51.477023662689625 ], [ 19.235083701280427, 51.494022004805458 ], [ 19.256671652556772, 51.515377692945094 ], [ 19.273313842504546, 51.555078958822925 ], [ 19.292587367064264, 51.532253421121574 ], [ 19.323265916252563, 51.524192124028637 ], [ 19.410179593968895, 51.52685812613327 ], [ 19.421330624153647, 51.534024887659193 ], [ 19.436626085421643, 51.526068250558239 ], [ 19.474370533617606, 51.542563375074351 ], [ 19.547046780718027, 51.51302946640039 ], [ 19.567348065721063, 51.511415260835449 ], [ 19.594322264723004, 51.509270476507908 ], [ 19.615276454562061, 51.551973640897813 ], [ 19.598265937225833, 51.582316769565061 ], [ 19.628667763821557, 51.606490753348879 ], [ 19.602812821461502, 51.62236974786331 ], [ 19.608246406358276, 51.630402501903227 ], [ 19.639336471424411, 51.627727393409387 ], [ 19.678087019650871, 51.648969435695889 ], [ 19.688107476060321, 51.64614979986996 ], [ 19.694883444097236, 51.629763093226231 ], [ 19.716411195689972, 51.631017200207495 ], [ 19.741442973642808, 51.686191802298929 ], [ 19.739521678452707, 51.697242689474265 ], [ 19.753733472434277, 51.707712596150714 ], [ 19.774581670577927, 51.698567180233347 ], [ 19.790253479081027, 51.707076001240821 ], [ 19.859533241484385, 51.691208187397997 ], [ 19.881197532557977, 51.66235041014194 ], [ 19.90975887131637, 51.664718881481889 ], [ 19.955046624762787, 51.715983942724094 ], [ 19.980283056576067, 51.729628582464379 ], [ 19.994711638025361, 51.761265752310521 ], [ 20.016240227350369, 51.773468130257832 ], [ 20.080020990639053, 51.750454002323629 ], [ 20.113905551543411, 51.73822737590833 ], [ 20.144806438709782, 51.721666116251271 ], [ 20.155669338643388, 51.704475757578066 ], [ 20.216945187350099, 51.721562165938707 ], [ 20.261332964383751, 51.708815492876376 ], [ 20.282615165788105, 51.691981436518141 ], [ 20.2878881176328, 51.657231028149496 ], [ 20.305765191945685, 51.654314244155586 ], [ 20.354252429928227, 51.646403174011418 ], [ 20.369516284910119, 51.635628669118915 ], [ 20.385016930735993, 51.641663095754076 ], [ 20.39247313056687, 51.635986885437553 ], [ 20.413585096116719, 51.63374025203489 ], [ 20.418196430019346, 51.629333525524132 ], [ 20.419295466135498, 51.620385694423554 ], [ 20.424890742362486, 51.611619628971162 ] ] ] } },
{ "type": "Feature", "properties": { "NUTS_ID": "PL714", "LEVL_CODE": 3, "CNTR_CODE": "PL", "NAME_LATN": "Sieradzki", "NUTS_NAME": "Sieradzki", "MOUNT_TYPE": null, "URBN_TYPE": 3.0, "COAST_TYPE": null }, "geometry": { "type": "Polygon", "coordinates": [ [ [ 18.827809127432797, 52.064187990534876 ], [ 18.849672044109955, 52.042225187530548 ], [ 18.881613358220264, 52.038146397009712 ], [ 18.882096073597474, 52.023669500526879 ], [ 18.866918214482759, 52.01542454933147 ], [ 18.876274042778608, 52.003748960708783 ], [ 18.910765003915362, 52.002891948197536 ], [ 18.920583221380259, 52.01505332848361 ], [ 18.963901294126394, 52.02294288136406 ], [ 18.996633389461721, 52.011216090139712 ], [ 19.025130193343852, 52.017750930196783 ], [ 19.038184533065269, 52.007816601152463 ], [ 19.096102138199964, 52.011036528578472 ], [ 19.127329777208239, 52.000666673650578 ], [ 19.146722369305103, 51.961605951892906 ], [ 19.140118459343729, 51.91611965299488 ], [ 19.183438107233165, 51.912000952521751 ], [ 19.178289150501861, 51.880693542599005 ], [ 19.156059851794467, 51.864064364127749 ], [ 19.129817409945684, 51.825139477030945 ], [ 19.035431181270273, 51.82946620212622 ], [ 19.005737511378541, 51.813566729426277 ], [ 19.052483937706871, 51.780974989963866 ], [ 19.144096864097047, 51.756614196683508 ], [ 19.183078041878094, 51.715107241599213 ], [ 19.201068183327575, 51.707722259505871 ], [ 19.195617424926407, 51.696891130112405 ], [ 19.201780003611766, 51.669981595461465 ], [ 19.163131742073876, 51.643135997178739 ], [ 19.156656756828387, 51.630168191490291 ], [ 19.211119437383836, 51.615850740062861 ], [ 19.197329895630656, 51.578161081143172 ], [ 19.238230808265225, 51.576393782143384 ], [ 19.273313842504546, 51.555078958822925 ], [ 19.256671652556772, 51.515377692945094 ], [ 19.235083701280427, 51.494022004805458 ], [ 19.19062581017393, 51.477023662689625 ], [ 19.157629960217417, 51.480732656810325 ], [ 19.080676044356778, 51.465482567070005 ], [ 19.078334812593603, 51.430277326642283 ], [ 19.060502962427165, 51.411608659236101 ], [ 19.064857257716028, 51.39034475534784 ], [ 19.045272823877873, 51.355860809115129 ], [ 19.023829385897113, 51.355206171792766 ], [ 19.01108485430602, 51.345553587893995 ], [ 18.968398451842695, 51.360216076293959 ], [ 18.930092591721905, 51.350250197451842 ], [ 18.906011559375802, 51.362882828156522 ], [ 18.883678999262482, 51.351753054972946 ], [ 18.86739663433379, 51.330128533929859 ], [ 18.884642500503087, 51.30686649180042 ], [ 18.860578916665666, 51.290255806249718 ], [ 18.872443764815383, 51.280908925402464 ], [ 18.949170600769005, 51.289155837469288 ], [ 19.02926992613834, 51.277172263346728 ], [ 19.084646521422375, 51.297006601914823 ], [ 19.106787650909713, 51.259069477579736 ], [ 19.09780793670312, 51.249981205401703 ], [ 19.100051586742861, 51.239985828036943 ], [ 19.147191923273187, 51.239847360281374 ], [ 19.167900413189969, 51.256799985980734 ], [ 19.200839160956065, 51.228678649344644 ], [ 19.246086650054824, 51.210149560275624 ], [ 19.253686277924043, 51.197965898749629 ], [ 19.26956466460922, 51.203213357876422 ], [ 19.307696914312565, 51.184851659063284 ], [ 19.297105786752635, 51.168681777945146 ], [ 19.239895788351127, 51.167865574042665 ], [ 19.237705621056591, 51.151231102317475 ], [ 19.273015990446265, 51.133870807903136 ], [ 19.279463891425273, 51.113561106873981 ], [ 19.246954333572315, 51.100013262525636 ], [ 19.208505170793615, 51.057097792189111 ], [ 19.212658147283651, 51.041857746122368 ], [ 19.243013311518464, 51.036797567486587 ], [ 19.252609493507286, 51.004383820354342 ], [ 19.237533285476573, 50.990839348103805 ], [ 19.207180177335804, 50.984090428043352 ], [ 19.142114941704349, 51.009263490407797 ], [ 19.123607686507022, 51.001593931863702 ], [ 19.089741159436233, 51.032339563283024 ], [ 19.053140054678796, 51.027093296519659 ], [ 19.050665643349472, 51.040217442339468 ], [ 19.019817735579267, 51.05192384233429 ], [ 19.001314576613108, 51.071357387022111 ], [ 18.923912998457102, 51.095868026195888 ], [ 18.888380476593781, 51.060752117194291 ], [ 18.855543475201255, 51.073487671861308 ], [ 18.67295467763029, 51.056902604976678 ], [ 18.647149345582022, 51.060107126582373 ], [ 18.61351821405496, 51.079659398769913 ], [ 18.581174645683348, 51.083250517988191 ], [ 18.55022118914297, 51.137346728396878 ], [ 18.521120897319779, 51.137140219992922 ], [ 18.515542355836011, 51.107931472598324 ], [ 18.485882120043595, 51.092610276145507 ], [ 18.460771214582376, 51.117461756371242 ], [ 18.431500898476997, 51.115928729280057 ], [ 18.361448837876527, 51.137522325467103 ], [ 18.310418338139602, 51.135426460071315 ], [ 18.258145283634807, 51.156615021910532 ], [ 18.183571558835357, 51.159214578752653 ], [ 18.163681430443393, 51.172517113331736 ], [ 18.170945583321647, 51.187774672057664 ], [ 18.16523731573767, 51.206361966370977 ], [ 18.177130787519019, 51.225219231377388 ], [ 18.167908900723422, 51.267832901574764 ], [ 18.10796926508154, 51.265677615788235 ], [ 18.110766171623343, 51.308509241254832 ], [ 18.079667049306714, 51.350314325060943 ], [ 18.09751945051762, 51.360347041141594 ], [ 18.130060418680415, 51.360778821519112 ], [ 18.150038678591553, 51.388879359255043 ], [ 18.194010343969897, 51.390883285355613 ], [ 18.208162428208091, 51.422560629362934 ], [ 18.199080149111925, 51.44142767259472 ], [ 18.215451416433805, 51.45188987965809 ], [ 18.325221693853354, 51.42155490309959 ], [ 18.360263285433167, 51.467224290244168 ], [ 18.379574724699424, 51.477270097719732 ], [ 18.379520730665359, 51.512681357362062 ], [ 18.362461520849539, 51.536366868604901 ], [ 18.370407710758425, 51.548534758164351 ], [ 18.373642410453929, 51.59504769991414 ], [ 18.353823723679703, 51.602613684643522 ], [ 18.364722210731909, 51.618358579422306 ], [ 18.353325854525174, 51.628563876447942 ], [ 18.377995443432102, 51.649520626328837 ], [ 18.358811417532667, 51.669487072176778 ], [ 18.409825068279901, 51.703776911957455 ], [ 18.405698347306327, 51.722272392367827 ], [ 18.420352153288693, 51.731241611011235 ], [ 18.417553669409131, 51.749103476054607 ], [ 18.428543639286076, 51.764138432306154 ], [ 18.41632309952594, 51.78902389313528 ], [ 18.440466888636642, 51.798828987499157 ], [ 18.444635736717615, 51.824789299037739 ], [ 18.466831220591491, 51.824020309845764 ], [ 18.4719654298123, 51.851005635397179 ], [ 18.504740498447003, 51.851792783069712 ], [ 18.522531307332351, 51.835358838891992 ], [ 18.591899260709237, 51.846921196455355 ], [ 18.619967680138856, 51.833398165375478 ], [ 18.683866074385715, 51.823167441124475 ], [ 18.700514341429184, 51.864827541080381 ], [ 18.725223021072967, 51.879899160229456 ], [ 18.763589037529442, 51.925087150338484 ], [ 18.745537657838394, 51.93822255449674 ], [ 18.738247965156162, 51.957475668128197 ], [ 18.719479479224105, 51.966130505458608 ], [ 18.730463871389254, 51.974852019699853 ], [ 18.722160135036191, 51.992746903145907 ], [ 18.730524756517568, 52.004242348315429 ], [ 18.718094986131966, 52.03595713512 ], [ 18.720416000904603, 52.063133553377888 ], [ 18.749108228473219, 52.073548843242094 ], [ 18.785594646478412, 52.062002117435405 ], [ 18.827809127432797, 52.064187990534876 ] ] ] } },
{ "type": "Feature", "properties": { "NUTS_ID": "PL715", "LEVL_CODE": 3, "CNTR_CODE": "PL", "NAME_LATN": "Skierniewicki", "NUTS_NAME": "Skierniewicki", "MOUNT_TYPE": null, "URBN_TYPE": 3.0, "COAST_TYPE": null }, "geometry": { "type": "Polygon", "coordinates": [ [ [ 20.385016930735993, 51.641663095754076 ], [ 20.369516284910119, 51.635628669118915 ], [ 20.354252429928227, 51.646403174011418 ], [ 20.305765191945685, 51.654314244155586 ], [ 20.2878881176328, 51.657231028149496 ], [ 20.282615165788105, 51.691981436518141 ], [ 20.261332964383751, 51.708815492876376 ], [ 20.216945187350099, 51.721562165938707 ], [ 20.155669338643388, 51.704475757578066 ], [ 20.144806438709782, 51.721666116251271 ], [ 20.113905551543411, 51.73822737590833 ], [ 20.080020990639053, 51.750454002323629 ], [ 20.016240227350369, 51.773468130257832 ], [ 19.993098370713582, 51.78535666256839 ], [ 20.005777727654937, 51.828777569126991 ], [ 19.886472323388912, 51.867687965321529 ], [ 19.871270157068157, 51.906733620775505 ], [ 19.828070578593103, 51.973569144872748 ], [ 19.736585899381442, 51.997586484697905 ], [ 19.726084959218181, 52.010082373696875 ], [ 19.728303636724505, 52.025710619454863 ], [ 19.634555960979167, 52.021603485239616 ], [ 19.567348065236665, 52.033228362180928 ], [ 19.52569163213127, 52.005046097503495 ], [ 19.491462294291264, 52.015543469189893 ], [ 19.48531392025361, 52.001957070264872 ], [ 19.460052691065904, 51.998738586426974 ], [ 19.434316851536373, 52.011073403721412 ], [ 19.381206314707121, 52.004185152131953 ], [ 19.354328008201968, 52.031075883744002 ], [ 19.313018242686869, 52.01860577516814 ], [ 19.282303721642023, 52.034686746510928 ], [ 19.213438987485777, 52.015172696231033 ], [ 19.129889819382111, 52.01124088350609 ], [ 19.127329777208239, 52.000666673650578 ], [ 19.096102138199964, 52.011036528578472 ], [ 19.038184533065269, 52.007816601152463 ], [ 19.025130193343852, 52.017750930196783 ], [ 18.996633389461721, 52.011216090139712 ], [ 18.963901294126394, 52.02294288136406 ], [ 18.920583221380259, 52.01505332848361 ], [ 18.910765003915362, 52.002891948197536 ], [ 18.876274042778608, 52.003748960708783 ], [ 18.866918214482759, 52.01542454933147 ], [ 18.882096073597474, 52.023669500526879 ], [ 18.881613358220264, 52.038146397009712 ], [ 18.849672044109955, 52.042225187530548 ], [ 18.827809127432797, 52.064187990534876 ], [ 18.856824238217218, 52.081777122708012 ], [ 18.862643704462318, 52.085304917609093 ], [ 18.914055734482101, 52.081777122003061 ], [ 18.922975753417116, 52.081777122605011 ], [ 18.943510341752695, 52.107095965595185 ], [ 18.944765171010165, 52.123034000230227 ], [ 18.917984326656654, 52.12936214054433 ], [ 18.910531058415565, 52.143841156670071 ], [ 18.927019305243036, 52.195107343449983 ], [ 18.99292212340151, 52.212859811457292 ], [ 19.084993671365243, 52.206421907318749 ], [ 19.075621190066396, 52.230809292337618 ], [ 19.101202853673747, 52.243795173298047 ], [ 19.101135158538369, 52.258989543663098 ], [ 19.090376633577403, 52.270441620772353 ], [ 19.034910884128223, 52.272953963198042 ], [ 19.04204685049876, 52.292828182124822 ], [ 19.036723768500831, 52.313966825555212 ], [ 19.047119841558949, 52.332803967902045 ], [ 19.099217696405617, 52.345750470044422 ], [ 19.212471084101043, 52.349393594142938 ], [ 19.219700081560376, 52.364171055594618 ], [ 19.289184554838098, 52.392712483576396 ], [ 19.302947967345798, 52.387448290664807 ], [ 19.298999334466572, 52.373046756507208 ], [ 19.321069566571673, 52.365887096434264 ], [ 19.326992304478757, 52.34892743343466 ], [ 19.417277470329875, 52.339440987409894 ], [ 19.453660558653329, 52.348112344400796 ], [ 19.497728092629799, 52.333368395770897 ], [ 19.496941463235562, 52.319610798818836 ], [ 19.520149171231282, 52.305707960681545 ], [ 19.567348065300827, 52.296391537531264 ], [ 19.61174190997076, 52.287628793872074 ], [ 19.628894146693209, 52.274505163679109 ], [ 19.630275834958898, 52.260908009290794 ], [ 19.644446755058262, 52.255444082752923 ], [ 19.681122863577635, 52.258709880270629 ], [ 19.701270791235906, 52.275788726120219 ], [ 19.741630978204746, 52.259737902971501 ], [ 19.802826982079921, 52.280818759037047 ], [ 19.848761766363122, 52.274457407332527 ], [ 19.868979726619827, 52.283926841447197 ], [ 19.870416799659527, 52.297152650475816 ], [ 19.887862102191708, 52.307104759395394 ], [ 19.936101041439287, 52.299733508668673 ], [ 19.969828501640531, 52.267561091764996 ], [ 20.033001932911983, 52.258741656449438 ], [ 20.044335029488479, 52.245899417508298 ], [ 20.075073525241731, 52.234829264158201 ], [ 20.064032406024523, 52.19255913398684 ], [ 20.080020991494681, 52.171639362465221 ], [ 20.094513514169037, 52.152677067725506 ], [ 20.119888607067622, 52.145100938556652 ], [ 20.157594722359608, 52.148952201144823 ], [ 20.198369018042293, 52.117947853766431 ], [ 20.247335762856792, 52.116805513530636 ], [ 20.264592934105799, 52.101894716821967 ], [ 20.267502235622654, 52.081777122341741 ], [ 20.250659590472971, 52.072358744450369 ], [ 20.244585754456239, 52.05159991439222 ], [ 20.208471170793509, 52.023834941757165 ], [ 20.256353525944014, 51.997467408809555 ], [ 20.274726195732686, 51.974192329666579 ], [ 20.25061945702657, 51.951196294150606 ], [ 20.249166946624239, 51.937059208459168 ], [ 20.298373927083748, 51.935320655182366 ], [ 20.30576519277707, 51.927848071571262 ], [ 20.318035905243025, 51.915442356256655 ], [ 20.383688569522196, 51.937481546089536 ], [ 20.444235671434079, 51.938319625381034 ], [ 20.481714030483651, 51.918876637964857 ], [ 20.49260163351229, 51.895920924539986 ], [ 20.56252548643252, 51.885506563155687 ], [ 20.597168207508876, 51.852375672957216 ], [ 20.607159654561752, 51.82470203816581 ], [ 20.575540388504127, 51.813918041611736 ], [ 20.589713912019572, 51.751101364052182 ], [ 20.632219947425305, 51.737491865654867 ], [ 20.653380554644031, 51.720533895931844 ], [ 20.650549919739085, 51.682526642729428 ], [ 20.617476266089174, 51.660035756195505 ], [ 20.533972645335769, 51.667296588134114 ], [ 20.507578994974622, 51.683742319502592 ], [ 20.462205940474021, 51.692744600995454 ], [ 20.402340067062468, 51.670179727336716 ], [ 20.385016930735993, 51.641663095754076 ] ] ] } },
{ "type": "Feature", "properties": { "NUTS_ID": "PL721", "LEVL_CODE": 3, "CNTR_CODE": "PL", "NAME_LATN": "Kielecki", "NUTS_NAME": "Kielecki", "MOUNT_TYPE": null, "URBN_TYPE": 2.0, "COAST_TYPE": null }, "geometry": { "type": "Polygon", "coordinates": [ [ [ 21.630228993646671, 51.063409882892664 ], [ 21.682313405441963, 51.014169704387491 ], [ 21.667971759305878, 50.98806807115885 ], [ 21.639431924947065, 50.990453868042856 ], [ 21.601274786125249, 50.967614759859174 ], [ 21.594532490378889, 50.953272905061645 ], [ 21.6117849270987, 50.92641939450899 ], [ 21.601220517674594, 50.910043771813292 ], [ 21.573318392007934, 50.894564465136085 ], [ 21.568492114689629, 50.855611691386777 ], [ 21.549990640990995, 50.854639187319705 ], [ 21.497858084635993, 50.828831371729144 ], [ 21.464244921980949, 50.845808791825242 ], [ 21.468562495946909, 50.860566491461562 ], [ 21.452187712520303, 50.876004078268579 ], [ 21.417746013223883, 50.883390847470636 ], [ 21.399323655013653, 50.874347634530814 ], [ 21.391972887243416, 50.884432768945196 ], [ 21.278437691396295, 50.858004176461833 ], [ 21.252646106555375, 50.830509055849852 ], [ 21.231484537506194, 50.820754235304321 ], [ 21.13701479693087, 50.820880223294161 ], [ 21.142757966392992, 50.807617466838153 ], [ 21.1368668234709, 50.76949396212769 ], [ 21.165895969109251, 50.747918612908144 ], [ 21.162006612656214, 50.717617570714687 ], [ 21.140495610642624, 50.717447510864673 ], [ 21.134343990454369, 50.710165583208635 ], [ 21.153400015752656, 50.69215386543457 ], [ 21.145720893813447, 50.676762808960262 ], [ 21.15707405799251, 50.665899007241784 ], [ 21.151712178272287, 50.64457802371107 ], [ 21.070597238496902, 50.63180042103032 ], [ 21.039975784786488, 50.643397902368619 ], [ 21.019456949587912, 50.622553310056965 ], [ 20.999069081027013, 50.635310900831016 ], [ 20.996687956952037, 50.664433543764517 ], [ 20.980716522981556, 50.67201362994598 ], [ 20.959835793757467, 50.672255306035005 ], [ 20.930154336950043, 50.655627931838836 ], [ 20.881691196602883, 50.659633544519131 ], [ 20.871074787769722, 50.636500918373791 ], [ 20.826813508575125, 50.630597497421313 ], [ 20.814588059569651, 50.594905684287795 ], [ 20.802104754657293, 50.583323522439514 ], [ 20.802682449036212, 50.56362062160057 ], [ 20.771730096323264, 50.538431732349281 ], [ 20.754283842816918, 50.543667111835632 ], [ 20.741159541301123, 50.565548511281698 ], [ 20.683215946829254, 50.547827464928972 ], [ 20.647594552114874, 50.556025590787321 ], [ 20.627978412547783, 50.575456835241816 ], [ 20.660468590187385, 50.59611705018979 ], [ 20.662783713864386, 50.61208844293207 ], [ 20.655018708079378, 50.635088406033667 ], [ 20.639850428961282, 50.645689203927176 ], [ 20.637873342385216, 50.662816096153875 ], [ 20.586678364318846, 50.669261574484793 ], [ 20.554401556454476, 50.699157839458316 ], [ 20.52255303082875, 50.705065049348448 ], [ 20.508972143383048, 50.724069929628705 ], [ 20.456666188425459, 50.742131309745453 ], [ 20.415006329207213, 50.745987911711943 ], [ 20.415097491359763, 50.762185314834788 ], [ 20.326627477895101, 50.799887676827147 ], [ 20.305765191651044, 50.845114369104024 ], [ 20.287366855472925, 50.858277918905877 ], [ 20.210229569277125, 50.868227013889886 ], [ 20.222240511621944, 50.895646912265256 ], [ 20.20433852378974, 50.918219228754459 ], [ 20.168629111288805, 50.934520406330932 ], [ 20.134228179909407, 50.938273218924579 ], [ 20.103368270228518, 50.961980743744135 ], [ 20.10280556121316, 50.980896144751135 ], [ 20.080020990475852, 50.984245491541003 ], [ 20.039470692011083, 50.990206411560791 ], [ 20.051153051626027, 51.059908916804162 ], [ 19.986168283072221, 51.077193827848618 ], [ 19.99037837042426, 51.136753065807824 ], [ 20.021220304319616, 51.160768152408075 ], [ 19.999751547101489, 51.186968840087133 ], [ 20.042830226582797, 51.200810691792157 ], [ 20.080020991495243, 51.195953268105292 ], [ 20.117960657521603, 51.190998031524273 ], [ 20.173213164522497, 51.197136932813166 ], [ 20.186850242471067, 51.205783475157993 ], [ 20.228632954468885, 51.201310436879979 ], [ 20.260005981964554, 51.216279331963896 ], [ 20.242665420661542, 51.248989678261914 ], [ 20.250584354695555, 51.256630805279705 ], [ 20.299301855593576, 51.243864403314184 ], [ 20.305765192093041, 51.245728208550204 ], [ 20.336971267418019, 51.254726968583022 ], [ 20.371709619428167, 51.240255515198022 ], [ 20.387249976756848, 51.272362435961085 ], [ 20.369026334599699, 51.309137665223872 ], [ 20.407929152481334, 51.320390675180427 ], [ 20.432814862923976, 51.339405016898091 ], [ 20.508015004655419, 51.328080032605207 ], [ 20.51290072849525, 51.31518169855925 ], [ 20.497806096779556, 51.300128768037766 ], [ 20.530428890774999, 51.274643031610097 ], [ 20.545981198752429, 51.233151419329261 ], [ 20.60229477695756, 51.245493251259575 ], [ 20.694487489930541, 51.198215831603491 ], [ 20.699794637342738, 51.184201293152697 ], [ 20.685596973412718, 51.165274980892484 ], [ 20.691617700318307, 51.151323825352037 ], [ 20.723178949972315, 51.171009746811094 ], [ 20.776016822528472, 51.148185864955536 ], [ 20.811588222111872, 51.147946884597118 ], [ 20.818542737128848, 51.155954086353191 ], [ 20.81302996675495, 51.165895733297582 ], [ 20.82572613865133, 51.17661872691292 ], [ 20.879355651044989, 51.156945267390334 ], [ 20.923839072134079, 51.193170721370848 ], [ 20.993521412554834, 51.161735560010591 ], [ 21.00545437242906, 51.146687490194694 ], [ 21.059040396765855, 51.161845701399074 ], [ 21.070211781096237, 51.179427339048566 ], [ 21.071354652736797, 51.206589486185798 ], [ 21.078204692566885, 51.208905349751248 ], [ 21.111402985450241, 51.195896816878346 ], [ 21.114464157708461, 51.182445777955962 ], [ 21.095565096134521, 51.156897291948688 ], [ 21.153823847281476, 51.124710230819915 ], [ 21.16018348547092, 51.081281808113864 ], [ 21.347787332357715, 51.084053841317555 ], [ 21.358308258063396, 51.067688993936329 ], [ 21.380390443470684, 51.056901811303504 ], [ 21.386182330381814, 51.04069205243178 ], [ 21.463145747415791, 51.01453586172692 ], [ 21.490969704227428, 51.024124269228587 ], [ 21.517276165425443, 51.057721187415432 ], [ 21.551456240614613, 51.05120153622893 ], [ 21.630228993646671, 51.063409882892664 ] ] ] } },
{ "type": "Feature", "properties": { "NUTS_ID": "PL722", "LEVL_CODE": 3, "CNTR_CODE": "PL", "NAME_LATN": "Sandomiersko-jędrzejowski", "NUTS_NAME": "Sandomiersko-jędrzejowski", "MOUNT_TYPE": null, "URBN_TYPE": 3.0, "COAST_TYPE": null }, "geometry": { "type": "Polygon", "coordinates": [ [ [ 21.802997768077383, 51.072078888227196 ], [ 21.820817084865531, 51.059006475378425 ], [ 21.825955618588136, 51.047181668142223 ], [ 21.822660883521305, 51.040855992891899 ], [ 21.806261865027938, 51.032574073258623 ], [ 21.803050889405633, 51.02662616869965 ], [ 21.804325350589973, 51.021222636847099 ], [ 21.820136859408208, 51.006547255191521 ], [ 21.821198450663502, 50.987029732352042 ], [ 21.817204845991647, 50.974017086240572 ], [ 21.819335713666977, 50.965153639010403 ], [ 21.812050261614242, 50.948747549987338 ], [ 21.814496380877653, 50.932130652424256 ], [ 21.83010727565998, 50.906015913168098 ], [ 21.829701294339042, 50.892798895467642 ], [ 21.835813490354951, 50.878304514006807 ], [ 21.847439484062114, 50.860497331998324 ], [ 21.842872430313232, 50.840024384142943 ], [ 21.868124852449338, 50.818330666071411 ], [ 21.864303560505945, 50.802706542876514 ], [ 21.824783566730353, 50.700812337397927 ], [ 21.789823399023675, 50.67936540688472 ], [ 21.777384066033893, 50.647692964701612 ], [ 21.748230054084015, 50.652236311635043 ], [ 21.676208482487663, 50.609419725598912 ], [ 21.651218986626589, 50.567337797825488 ], [ 21.602966974948068, 50.522533768393473 ], [ 21.550904999561343, 50.51920110401376 ], [ 21.451211126110437, 50.491427992772778 ], [ 21.442067020465629, 50.457278689189742 ], [ 21.400795573563872, 50.440217399355433 ], [ 21.361891000363688, 50.438668624734582 ], [ 21.28979378621974, 50.411197518654824 ], [ 21.27577873285118, 50.392990956179602 ], [ 21.208831663638716, 50.354897412343249 ], [ 21.192173187069237, 50.350391725769235 ], [ 21.177316192124067, 50.332131869770443 ], [ 21.151693124642343, 50.350493654344888 ], [ 21.134688054139641, 50.352669253069443 ], [ 21.052822038775354, 50.316992573720441 ], [ 20.954025632631105, 50.313846477885185 ], [ 20.930093945300495, 50.299354871061624 ], [ 20.89371264780371, 50.304149039313927 ], [ 20.856186065186659, 50.29366697868457 ], [ 20.836215198034314, 50.275657018639343 ], [ 20.790807496405296, 50.288109208348438 ], [ 20.735990643571867, 50.254782811768777 ], [ 20.726770085390424, 50.232783606516243 ], [ 20.686213347821241, 50.215388313971189 ], [ 20.681539112493141, 50.205875413679038 ], [ 20.63746469316505, 50.209904079639408 ], [ 20.575335759475379, 50.18994192521243 ], [ 20.552716083046853, 50.199495692272556 ], [ 20.516093377972194, 50.187451168328948 ], [ 20.478530998591332, 50.19688578589659 ], [ 20.417517714269163, 50.195663753801654 ], [ 20.406567095548752, 50.208122109752878 ], [ 20.378854420987359, 50.216268462948484 ], [ 20.387267800685589, 50.241340139088464 ], [ 20.335999818599962, 50.267510673537757 ], [ 20.357881489478277, 50.283144578056046 ], [ 20.343269239584085, 50.290709219652406 ], [ 20.341421664081736, 50.302732889093498 ], [ 20.324284253175222, 50.317757447209829 ], [ 20.305765191550421, 50.32163080561039 ], [ 20.295403843447811, 50.323797936542874 ], [ 20.30180643508551, 50.335625197395444 ], [ 20.297461558419922, 50.349117012725301 ], [ 20.305765192475096, 50.351392655767988 ], [ 20.334867784468148, 50.359368334207211 ], [ 20.305765191348087, 50.395072960769106 ], [ 20.28757166592408, 50.417393759425011 ], [ 20.266092719090096, 50.430294854220271 ], [ 20.269836107426791, 50.467955512098541 ], [ 20.204319389464445, 50.494114640557243 ], [ 20.105687181742958, 50.486807692222875 ], [ 20.080020991046304, 50.502977125211196 ], [ 20.068832906540166, 50.510025500917806 ], [ 20.034547912273005, 50.50264444866098 ], [ 19.978991667776778, 50.519192033459007 ], [ 19.949966502224587, 50.504782489703359 ], [ 19.917332776399775, 50.512189064228032 ], [ 19.893565485440565, 50.53929251477593 ], [ 19.798372266011139, 50.55912604563531 ], [ 19.857764698837499, 50.61502352574967 ], [ 19.895706282238912, 50.618807795782473 ], [ 19.911065627323065, 50.631067102183756 ], [ 19.840680717404357, 50.654222982161357 ], [ 19.841470157284384, 50.664625109776992 ], [ 19.861530800944415, 50.673305338500661 ], [ 19.865791533350066, 50.690303241171122 ], [ 19.801853529635192, 50.71778871974989 ], [ 19.757496203579521, 50.717796083303597 ], [ 19.712949632398853, 50.729156090494833 ], [ 19.715903002816379, 50.760200162441073 ], [ 19.750528383987412, 50.763245748092743 ], [ 19.775757439452381, 50.776366133427381 ], [ 19.78430085816214, 50.783306536794321 ], [ 19.784431549615885, 50.803382691454331 ], [ 19.814641381356445, 50.808063924968259 ], [ 19.824038105495958, 50.821045905860565 ], [ 19.807934273352895, 50.842724681080689 ], [ 19.747059902620762, 50.865969890466552 ], [ 19.760136920479209, 50.872224820925013 ], [ 19.774032892724829, 50.878009074196456 ], [ 19.777180928400647, 50.884299216084081 ], [ 19.785649908498229, 50.887003781098002 ], [ 19.794742828346898, 50.90704090178378 ], [ 19.808447757439218, 50.90718758892838 ], [ 19.833650655161271, 50.916883131955764 ], [ 19.845536039486777, 50.930204548756485 ], [ 19.8482878249166, 50.935443123263717 ], [ 19.843598232968787, 50.94492360083435 ], [ 19.834613779827748, 50.949314411233303 ], [ 19.829086587411052, 50.96887178935652 ], [ 19.847525886486252, 50.994131645854317 ], [ 19.862464951479989, 51.004645588021134 ], [ 19.860977843132172, 51.016061192097268 ], [ 19.867450582940606, 51.023114857824083 ], [ 19.864761504248371, 51.030211019743135 ], [ 19.872779757071559, 51.040007207026797 ], [ 19.876724788769707, 51.047585225996166 ], [ 19.884543042637162, 51.047565632032736 ], [ 19.898315551234226, 51.028574162085 ], [ 19.935695045531116, 51.024244356260937 ], [ 19.937062001419672, 51.010807918943449 ], [ 19.94846371493847, 51.012331268190451 ], [ 19.957294280395917, 51.003990113988593 ], [ 19.958073589445615, 50.990543428138075 ], [ 20.017690700510887, 50.962207531511005 ], [ 20.026932312610075, 50.971772371417813 ], [ 20.036275483827119, 50.974322863564851 ], [ 20.039470692011083, 50.990206411560791 ], [ 20.080020990475852, 50.984245491541003 ], [ 20.10280556121316, 50.980896144751135 ], [ 20.103368270228518, 50.961980743744135 ], [ 20.134228179909407, 50.938273218924579 ], [ 20.168629111288805, 50.934520406330932 ], [ 20.20433852378974, 50.918219228754459 ], [ 20.222240511621944, 50.895646912265256 ], [ 20.210229569277125, 50.868227013889886 ], [ 20.287366855472925, 50.858277918905877 ], [ 20.305765191651044, 50.845114369104024 ], [ 20.326627477895101, 50.799887676827147 ], [ 20.415097491359763, 50.762185314834788 ], [ 20.415006329207213, 50.745987911711943 ], [ 20.456666188425459, 50.742131309745453 ], [ 20.508972143383048, 50.724069929628705 ], [ 20.52255303082875, 50.705065049348448 ], [ 20.554401556454476, 50.699157839458316 ], [ 20.586678364318846, 50.669261574484793 ], [ 20.637873342385216, 50.662816096153875 ], [ 20.639850428961282, 50.645689203927176 ], [ 20.655018708079378, 50.635088406033667 ], [ 20.662783713864386, 50.61208844293207 ], [ 20.660468590187385, 50.59611705018979 ], [ 20.627978412547783, 50.575456835241816 ], [ 20.647594552114874, 50.556025590787321 ], [ 20.683215946829254, 50.547827464928972 ], [ 20.741159541301123, 50.565548511281698 ], [ 20.754283842816918, 50.543667111835632 ], [ 20.771730096323264, 50.538431732349281 ], [ 20.802682449036212, 50.56362062160057 ], [ 20.802104754657293, 50.583323522439514 ], [ 20.814588059569651, 50.594905684287795 ], [ 20.826813508575125, 50.630597497421313 ], [ 20.871074787769722, 50.636500918373791 ], [ 20.881691196602883, 50.659633544519131 ], [ 20.930154336950043, 50.655627931838836 ], [ 20.959835793757467, 50.672255306035005 ], [ 20.980716522981556, 50.67201362994598 ], [ 20.996687956952037, 50.664433543764517 ], [ 20.999069081027013, 50.635310900831016 ], [ 21.019456949587912, 50.622553310056965 ], [ 21.039975784786488, 50.643397902368619 ], [ 21.070597238496902, 50.63180042103032 ], [ 21.151712178272287, 50.64457802371107 ], [ 21.15707405799251, 50.665899007241784 ], [ 21.145720893813447, 50.676762808960262 ], [ 21.153400015752656, 50.69215386543457 ], [ 21.134343990454369, 50.710165583208635 ], [ 21.140495610642624, 50.717447510864673 ], [ 21.162006612656214, 50.717617570714687 ], [ 21.165895969109251, 50.747918612908144 ], [ 21.1368668234709, 50.76949396212769 ], [ 21.142757966392992, 50.807617466838153 ], [ 21.13701479693087, 50.820880223294161 ], [ 21.231484537506194, 50.820754235304321 ], [ 21.252646106555375, 50.830509055849852 ], [ 21.278437691396295, 50.858004176461833 ], [ 21.391972887243416, 50.884432768945196 ], [ 21.399323655013653, 50.874347634530814 ], [ 21.417746013223883, 50.883390847470636 ], [ 21.452187712520303, 50.876004078268579 ], [ 21.468562495946909, 50.860566491461562 ], [ 21.464244921980949, 50.845808791825242 ], [ 21.497858084635993, 50.828831371729144 ], [ 21.549990640990995, 50.854639187319705 ], [ 21.568492114689629, 50.855611691386777 ], [ 21.573318392007934, 50.894564465136085 ], [ 21.601220517674594, 50.910043771813292 ], [ 21.6117849270987, 50.92641939450899 ], [ 21.594532490378889, 50.953272905061645 ], [ 21.601274786125249, 50.967614759859174 ], [ 21.639431924947065, 50.990453868042856 ], [ 21.667971759305878, 50.98806807115885 ], [ 21.682313405441963, 51.014169704387491 ], [ 21.630228993646671, 51.063409882892664 ], [ 21.63312928174112, 51.074113667743894 ], [ 21.676348364411822, 51.075294063380291 ], [ 21.70812638056751, 51.043881438124345 ], [ 21.754755512494963, 51.03942629389509 ], [ 21.772402419885911, 51.044710655472421 ], [ 21.787278226995404, 51.066364655025247 ], [ 21.802997768077383, 51.072078888227196 ] ] ] } }
]
}
