id|name                     |tid|tname                    |registe|added  |c      |d      |issued |f      |g      |h      |i      |szazal|keszult         |
01|Budapest                 |001|Budapest I.ker.          |0021433|0000111|0021544|0000004|0012125|0012120|-000005|0000088|0012032|100.00|2009.06.11.23.22|
01|Budapest                 |002|Budapest II.ker.         |0068096|0000348|0068444|0000015|0040410|0040377|-000033|0000228|0040149|100.00|2009.06.11.23.22|
01|Budapest                 |003|Budapest III.ker.        |0100127|0000361|0100488|0000047|0047410|0047389|-000021|0000363|0047026|100.00|2009.06.11.23.22|
01|Budapest                 |004|Budapest IV.ker.         |0080030|0000263|0080293|0000017|0031515|0031506|-000009|0000205|0031301|100.00|2009.06.11.23.22|
01|Budapest                 |005|Budapest V.ker.          |0021411|0000193|0021604|0000001|0011484|0011476|-000008|0000081|0011395|100.00|2009.06.11.23.22|
01|Budapest                 |006|Budapest VI.ker.         |0029509|0000187|0029696|0000023|0013052|0013045|-000007|0000113|0012932|100.00|2009.06.11.23.22|
01|Budapest                 |007|Budapest VII.ker.        |0044781|0000250|0045031|0000023|0017817|0017806|-000011|0000152|0017654|100.00|2009.06.11.23.22|
01|Budapest                 |008|Budapest VIII.ker.       |0055103|0000309|0055412|0000025|0019972|0019963|-000009|0000179|0019784|100.00|2009.06.11.23.22|
01|Budapest                 |009|Budapest IX.ker.         |0044542|0000391|0044933|0000004|0018493|0018488|-000005|0000119|0018369|100.00|2009.06.11.23.22|
01|Budapest                 |010|Budapest X.ker.          |0059340|0000167|0059507|0000019|0022605|0022586|-000019|0000180|0022406|100.00|2009.06.11.23.22|
01|Budapest                 |011|Budapest XI.ker.         |0106157|0000635|0106792|0000029|0056159|0056140|-000019|0000339|0055801|100.00|2009.06.11.23.22|
01|Budapest                 |012|Budapest XII.ker.        |0047020|0000283|0047303|0000003|0028210|0028193|-000017|0000182|0028011|100.00|2009.06.11.23.22|
01|Budapest                 |013|Budapest XIII.ker.       |0087018|0000415|0087433|0000020|0038002|0037987|-000015|0000291|0037696|100.00|2009.06.11.23.22|
01|Budapest                 |014|Budapest XIV.ker.        |0091833|0000451|0092284|0000021|0043647|0043621|-000026|0000266|0043355|100.00|2009.06.11.23.22|
01|Budapest                 |015|Budapest XV.ker.         |0065654|0000141|0065795|0000022|0027239|0027224|-000015|0000222|0027002|100.00|2009.06.11.23.22|
01|Budapest                 |016|Budapest XVI.ker.        |0056765|0000158|0056923|0000027|0027796|0027777|-000019|0000201|0027576|100.00|2009.06.11.23.22|
01|Budapest                 |017|Budapest XVII.ker.       |0067974|0000116|0068090|0000017|0028685|0028673|-000012|0000148|0028525|100.00|2009.06.11.23.22|
01|Budapest                 |018|Budapest XVIII.ker.      |0078791|0000146|0078937|0000014|0034109|0034088|-000021|0000264|0033824|100.00|2009.06.11.23.22|
01|Budapest                 |019|Budapest XIX.ker.        |0048330|0000149|0048479|0000031|0020211|0020206|-000005|0000130|0020076|100.00|2009.06.11.23.22|
01|Budapest                 |020|Budapest XX.ker.         |0052177|0000116|0052293|0000006|0019742|0019736|-000006|0000168|0019568|100.00|2009.06.11.23.22|
01|Budapest                 |021|Budapest XXI.ker.        |0062209|0000120|0062329|0000025|0022118|0022103|-000015|0000162|0021941|100.00|2009.06.11.23.22|
01|Budapest                 |022|Budapest XXII.ker.       |0041713|0000124|0041837|0000006|0019817|0019812|-000005|0000118|0019694|100.00|2009.06.11.23.22|
01|Budapest                 |023|Budapest XXIII.ker.      |0017087|0000028|0017115|0000000|0006816|0006812|-000004|0000057|0006755|100.00|2009.06.11.23.22|
02|Baranya                  |001|Abaliget                 |0000522|0000002|0000524|0000000|0000119|0000119|+000000|0000005|0000114|100.00|2009.06.11.23.22|
02|Baranya                  |002|Adorjás                  |0000145|0000000|0000145|0000000|0000045|0000045|+000000|0000000|0000045|100.00|2009.06.11.23.22|
02|Baranya                  |003|Almamellék               |0000336|0000000|0000336|0000000|0000104|0000104|+000000|0000001|0000103|100.00|2009.06.11.23.22|
02|Baranya                  |004|Almáskeresztúr           |0000068|0000000|0000068|0000000|0000028|0000028|+000000|0000000|0000028|100.00|2009.06.11.23.22|
02|Baranya                  |005|Alsómocsolád             |0000305|0000011|0000316|0000000|0000073|0000073|+000000|0000000|0000073|100.00|2009.06.11.23.22|
02|Baranya                  |006|Alsószentmárton          |0000736|0000000|0000736|0000000|0000303|0000303|+000000|0000000|0000303|100.00|2009.06.11.23.22|
02|Baranya                  |007|Apátvarasd               |0000102|0000000|0000102|0000000|0000026|0000026|+000000|0000000|0000026|100.00|2009.06.11.23.22|
02|Baranya                  |008|Aranyosgadány            |0000269|0000001|0000270|0000002|0000070|0000070|+000000|0000001|0000069|100.00|2009.06.11.23.22|
02|Baranya                  |009|Ág                       |0000141|0000000|0000141|0000000|0000038|0000038|+000000|0000003|0000035|100.00|2009.06.11.23.22|
02|Baranya                  |010|Áta                      |0000167|0000000|0000167|0000000|0000056|0000056|+000000|0000000|0000056|100.00|2009.06.11.23.22|
02|Baranya                  |011|Babarc                   |0000649|0000000|0000649|0000000|0000209|0000209|+000000|0000001|0000208|100.00|2009.06.11.23.22|
02|Baranya                  |012|Babarcszõlõs             |0000091|0000000|0000091|0000000|0000038|0000038|+000000|0000000|0000038|100.00|2009.06.11.23.22|
02|Baranya                  |013|Bakonya                  |0000295|0000000|0000295|0000002|0000070|0000070|+000000|0000002|0000068|100.00|2009.06.11.23.22|
02|Baranya                  |014|Bakóca                   |0000271|0000000|0000271|0000000|0000076|0000076|+000000|0000002|0000074|100.00|2009.06.11.23.22|
02|Baranya                  |015|Baksa                    |0000647|0000000|0000647|0000000|0000108|0000108|+000000|0000000|0000108|100.00|2009.06.11.23.22|
02|Baranya                  |016|Baranyahídvég            |0000169|0000000|0000169|0000000|0000046|0000046|+000000|0000002|0000044|100.00|2009.06.11.23.22|
02|Baranya                  |017|Baranyajenõ              |0000385|0000000|0000385|0000000|0000089|0000089|+000000|0000002|0000087|100.00|2009.06.11.23.22|
02|Baranya                  |018|Baranyaszentgyörgy       |0000136|0000000|0000136|0000000|0000063|0000063|+000000|0000001|0000062|100.00|2009.06.11.23.22|
02|Baranya                  |019|Basal                    |0000150|0000000|0000150|0000000|0000052|0000052|+000000|0000000|0000052|100.00|2009.06.11.23.22|
02|Baranya                  |020|Bánfa                    |0000152|0000000|0000152|0000000|0000046|0000046|+000000|0000000|0000046|100.00|2009.06.11.23.22|
02|Baranya                  |021|Bár                      |0000479|0000001|0000480|0000000|0000217|0000217|+000000|0000000|0000217|100.00|2009.06.11.23.22|
02|Baranya                  |022|Belvárdgyula             |0000347|0000000|0000347|0000000|0000097|0000097|+000000|0000004|0000093|100.00|2009.06.11.23.22|
02|Baranya                  |023|Beremend                 |0002202|0000001|0002203|0000000|0000560|0000560|+000000|0000000|0000560|100.00|2009.06.11.23.22|
02|Baranya                  |024|Berkesd                  |0000722|0000000|0000722|0000000|0000188|0000188|+000000|0000004|0000184|100.00|2009.06.11.23.22|
02|Baranya                  |025|Besence                  |0000100|0000000|0000100|0000000|0000046|0000046|+000000|0000000|0000046|100.00|2009.06.11.23.22|
02|Baranya                  |026|Bezedek                  |0000230|0000000|0000230|0000000|0000098|0000098|+000000|0000000|0000098|100.00|2009.06.11.23.22|
02|Baranya                  |027|Bicsérd                  |0000826|0000000|0000826|0000000|0000221|0000221|+000000|0000001|0000220|100.00|2009.06.11.23.22|
02|Baranya                  |028|Bikal                    |0000676|0000001|0000677|0000000|0000178|0000178|+000000|0000001|0000177|100.00|2009.06.11.23.22|
02|Baranya                  |029|Birján                   |0000419|0000000|0000419|0000000|0000120|0000120|+000000|0000000|0000120|100.00|2009.06.11.23.22|
02|Baranya                  |030|Bisse                    |0000206|0000000|0000206|0000000|0000051|0000051|+000000|0000000|0000051|100.00|2009.06.11.23.22|
02|Baranya                  |031|Boda                     |0000369|0000000|0000369|0000001|0000098|0000098|+000000|0000000|0000098|100.00|2009.06.11.23.22|
02|Baranya                  |032|Bodolyabér               |0000215|0000000|0000215|0000001|0000067|0000067|+000000|0000002|0000065|100.00|2009.06.11.23.22|
02|Baranya                  |033|Bogád                    |0000799|0000000|0000799|0000000|0000215|0000215|+000000|0000003|0000212|100.00|2009.06.11.23.22|
02|Baranya                  |034|Bogádmindszent           |0000347|0000000|0000347|0000000|0000092|0000092|+000000|0000002|0000090|100.00|2009.06.11.23.22|
02|Baranya                  |035|Bogdása                  |0000252|0000000|0000252|0000000|0000070|0000070|+000000|0000002|0000068|100.00|2009.06.11.23.22|
02|Baranya                  |036|Boldogasszonyfa          |0000355|0000000|0000355|0000000|0000143|0000143|+000000|0000001|0000142|100.00|2009.06.11.23.22|
02|Baranya                  |037|Borjád                   |0000365|0000000|0000365|0000000|0000127|0000127|+000000|0000001|0000126|100.00|2009.06.11.23.22|
02|Baranya                  |038|Bosta                    |0000106|0000000|0000106|0000000|0000024|0000024|+000000|0000000|0000024|100.00|2009.06.11.23.22|
02|Baranya                  |039|Botykapeterd             |0000266|0000000|0000266|0000001|0000063|0000063|+000000|0000001|0000062|100.00|2009.06.11.23.22|
02|Baranya                  |040|Bóly                     |0002999|0000007|0003006|0000000|0001135|0001135|+000000|0000005|0001130|100.00|2009.06.11.23.22|
02|Baranya                  |041|Bükkösd                  |0000962|0000000|0000962|0000000|0000200|0000200|+000000|0000001|0000199|100.00|2009.06.11.23.22|
02|Baranya                  |042|Bürüs                    |0000075|0000000|0000075|0000000|0000022|0000022|+000000|0000001|0000021|100.00|2009.06.11.23.22|
02|Baranya                  |043|Csarnóta                 |0000116|0000000|0000116|0000000|0000040|0000040|+000000|0000001|0000039|100.00|2009.06.11.23.22|
02|Baranya                  |044|Csányoszró               |0000606|0000000|0000606|0000002|0000134|0000134|+000000|0000002|0000132|100.00|2009.06.11.23.22|
02|Baranya                  |045|Csebény                  |0000078|0000000|0000078|0000000|0000027|0000027|+000000|0000000|0000027|100.00|2009.06.11.23.22|
02|Baranya                  |046|Cserdi                   |0000279|0000000|0000279|0000000|0000050|0000050|+000000|0000000|0000050|100.00|2009.06.11.23.22|
02|Baranya                  |047|Cserkút                  |0000421|0000000|0000421|0000000|0000115|0000115|+000000|0000000|0000115|100.00|2009.06.11.23.22|
02|Baranya                  |048|Csertõ                   |0000324|0000000|0000324|0000000|0000076|0000076|+000000|0000000|0000076|100.00|2009.06.11.23.22|
02|Baranya                  |049|Csonkamindszent          |0000139|0000000|0000139|0000000|0000052|0000052|+000000|0000003|0000049|100.00|2009.06.11.23.22|
02|Baranya                  |050|Cún                      |0000184|0000000|0000184|0000000|0000060|0000060|+000000|0000001|0000059|100.00|2009.06.11.23.22|
02|Baranya                  |051|Dencsháza                |0000488|0000000|0000488|0000000|0000056|0000056|+000000|0000000|0000056|100.00|2009.06.11.23.22|
02|Baranya                  |052|Dinnyeberki              |0000066|0000000|0000066|0000000|0000032|0000032|+000000|0000000|0000032|100.00|2009.06.11.23.22|
02|Baranya                  |053|Diósviszló               |0000570|0000001|0000571|0000000|0000179|0000179|+000000|0000002|0000177|100.00|2009.06.11.23.22|
02|Baranya                  |054|Drávacsehi               |0000166|0000000|0000166|0000000|0000042|0000042|+000000|0000001|0000041|100.00|2009.06.11.23.22|
02|Baranya                  |055|Drávacsepely             |0000186|0000000|0000186|0000001|0000073|0000073|+000000|0000000|0000073|100.00|2009.06.11.23.22|
02|Baranya                  |056|Drávafok                 |0000429|0000000|0000429|0000000|0000114|0000114|+000000|0000004|0000110|100.00|2009.06.11.23.22|
02|Baranya                  |057|Drávaiványi              |0000146|0000000|0000146|0000000|0000036|0000036|+000000|0000002|0000034|100.00|2009.06.11.23.22|
02|Baranya                  |058|Drávakeresztúr           |0000111|0000000|0000111|0000000|0000031|0000031|+000000|0000000|0000031|100.00|2009.06.11.23.22|
02|Baranya                  |059|Drávapalkonya            |0000214|0000000|0000214|0000000|0000056|0000056|+000000|0000001|0000055|100.00|2009.06.11.23.22|
02|Baranya                  |060|Drávapiski               |0000100|0000000|0000100|0000000|0000037|0000037|+000000|0000000|0000037|100.00|2009.06.11.23.22|
02|Baranya                  |061|Drávaszabolcs            |0000547|0000000|0000547|0000000|0000135|0000135|+000000|0000000|0000135|100.00|2009.06.11.23.22|
02|Baranya                  |062|Drávaszerdahely          |0000167|0000000|0000167|0000000|0000065|0000065|+000000|0000000|0000065|100.00|2009.06.11.23.22|
02|Baranya                  |063|Drávasztára              |0000395|0000000|0000395|0000000|0000071|0000071|+000000|0000002|0000069|100.00|2009.06.11.23.22|
02|Baranya                  |064|Dunaszekcsõ              |0001717|0000003|0001720|0000000|0000597|0000597|+000000|0000007|0000590|100.00|2009.06.11.23.22|
02|Baranya                  |065|Egerág                   |0000842|0000000|0000842|0000001|0000220|0000220|+000000|0000000|0000220|100.00|2009.06.11.23.22|
02|Baranya                  |066|Egyházasharaszti         |0000239|0000000|0000239|0000002|0000062|0000062|+000000|0000003|0000059|100.00|2009.06.11.23.22|
02|Baranya                  |067|Egyházaskozár            |0000684|0000000|0000684|0000000|0000182|0000182|+000000|0000001|0000181|100.00|2009.06.11.23.22|
02|Baranya                  |068|Ellend                   |0000200|0000001|0000201|0000000|0000067|0000067|+000000|0000001|0000066|100.00|2009.06.11.23.22|
02|Baranya                  |069|Endrõc                   |0000335|0000000|0000335|0000000|0000094|0000094|+000000|0000006|0000088|100.00|2009.06.11.23.22|
02|Baranya                  |070|Erdõsmárok               |0000074|0000000|0000074|0000000|0000038|0000038|+000000|0000003|0000035|100.00|2009.06.11.23.22|
02|Baranya                  |071|Erdõsmecske              |0000326|0000000|0000326|0000000|0000075|0000075|+000000|0000000|0000075|100.00|2009.06.11.23.22|
02|Baranya                  |072|Erzsébet                 |0000264|0000000|0000264|0000000|0000072|0000072|+000000|0000000|0000072|100.00|2009.06.11.23.22|
02|Baranya                  |073|Fazekasboda              |0000171|0000000|0000171|0000000|0000047|0000047|+000000|0000000|0000047|100.00|2009.06.11.23.22|
02|Baranya                  |074|Feked                    |0000180|0000002|0000182|0000000|0000081|0000081|+000000|0000000|0000081|100.00|2009.06.11.23.22|
02|Baranya                  |075|Felsõegerszeg            |0000123|0000000|0000123|0000000|0000027|0000027|+000000|0000002|0000025|100.00|2009.06.11.23.22|
02|Baranya                  |076|Felsõszentmárton         |0000878|0000002|0000880|0000000|0000232|0000231|-000001|0000001|0000230|100.00|2009.06.11.23.22|
02|Baranya                  |077|Garé                     |0000252|0000001|0000253|0000000|0000047|0000047|+000000|0000000|0000047|100.00|2009.06.11.23.22|
02|Baranya                  |078|Gerde                    |0000434|0000002|0000436|0000000|0000100|0000100|+000000|0000004|0000096|100.00|2009.06.11.23.22|
02|Baranya                  |079|Geresdlak                |0000720|0000000|0000720|0000000|0000264|0000264|+000000|0000001|0000263|100.00|2009.06.11.23.22|
02|Baranya                  |080|Gerényes                 |0000186|0000001|0000187|0000000|0000042|0000042|+000000|0000002|0000040|100.00|2009.06.11.23.22|
02|Baranya                  |081|Gilvánfa                 |0000238|0000000|0000238|0000000|0000045|0000046|+000001|0000003|0000043|100.00|2009.06.11.23.22|
02|Baranya                  |082|Gordisa                  |0000206|0000000|0000206|0000000|0000040|0000040|+000000|0000002|0000038|100.00|2009.06.11.23.22|
02|Baranya                  |083|Gödre                    |0000769|0000001|0000770|0000000|0000187|0000187|+000000|0000001|0000186|100.00|2009.06.11.23.22|
02|Baranya                  |084|Görcsöny                 |0001389|0000001|0001390|0000000|0000307|0000307|+000000|0000004|0000303|100.00|2009.06.11.23.22|
02|Baranya                  |085|Görcsönydoboka           |0000352|0000000|0000352|0000000|0000094|0000094|+000000|0000000|0000094|100.00|2009.06.11.23.22|
02|Baranya                  |086|Gyód                     |0000548|0000001|0000549|0000000|0000178|0000178|+000000|0000002|0000176|100.00|2009.06.11.23.22|
02|Baranya                  |087|Gyöngyfa                 |0000091|0000000|0000091|0000000|0000032|0000032|+000000|0000000|0000032|100.00|2009.06.11.23.22|
02|Baranya                  |088|Gyöngyösmellék           |0000225|0000000|0000225|0000000|0000078|0000078|+000000|0000009|0000069|100.00|2009.06.11.23.22|
02|Baranya                  |089|Harkány                  |0003191|0000076|0003267|0000000|0001413|0001413|+000000|0000012|0001401|100.00|2009.06.11.23.22|
02|Baranya                  |090|Hásságy                  |0000258|0000001|0000259|0000000|0000124|0000124|+000000|0000001|0000123|100.00|2009.06.11.23.22|
02|Baranya                  |091|Hegyhátmaróc             |0000152|0000000|0000152|0000000|0000036|0000036|+000000|0000000|0000036|100.00|2009.06.11.23.22|
02|Baranya                  |092|Hegyszentmárton          |0000358|0000000|0000358|0000000|0000092|0000092|+000000|0000001|0000091|100.00|2009.06.11.23.22|
02|Baranya                  |093|Helesfa                  |0000300|0000000|0000300|0000000|0000074|0000074|+000000|0000000|0000074|100.00|2009.06.11.23.22|
02|Baranya                  |094|Hetvehely                |0000400|0000009|0000409|0000000|0000125|0000125|+000000|0000001|0000124|100.00|2009.06.11.23.22|
02|Baranya                  |095|Hidas                    |0001802|0000002|0001804|0000000|0000635|0000635|+000000|0000005|0000630|100.00|2009.06.11.23.22|
02|Baranya                  |096|Himesháza                |0000971|0000000|0000971|0000000|0000323|0000323|+000000|0000002|0000321|100.00|2009.06.11.23.22|
02|Baranya                  |097|Hirics                   |0000163|0000000|0000163|0000000|0000032|0000032|+000000|0000000|0000032|100.00|2009.06.11.23.22|
02|Baranya                  |098|Hobol                    |0000784|0000000|0000784|0000000|0000158|0000158|+000000|0000002|0000156|100.00|2009.06.11.23.22|
02|Baranya                  |099|Homorúd                  |0000548|0000000|0000548|0000000|0000224|0000224|+000000|0000004|0000220|100.00|2009.06.11.23.22|
02|Baranya                  |100|Horváthertelend          |0000058|0000000|0000058|0000000|0000021|0000021|+000000|0000002|0000019|100.00|2009.06.11.23.22|
02|Baranya                  |101|Hosszúhetény             |0002677|0000013|0002690|0000000|0000817|0000817|+000000|0000007|0000810|100.00|2009.06.11.23.22|
02|Baranya                  |102|Husztót                  |0000058|0000001|0000059|0000000|0000032|0000032|+000000|0000004|0000028|100.00|2009.06.11.23.22|
02|Baranya                  |103|Ibafa                    |0000175|0000000|0000175|0000000|0000052|0000052|+000000|0000000|0000052|100.00|2009.06.11.23.22|
02|Baranya                  |104|Illocska                 |0000196|0000000|0000196|0000000|0000038|0000038|+000000|0000001|0000037|100.00|2009.06.11.23.22|
02|Baranya                  |105|Ipacsfa                  |0000183|0000000|0000183|0000000|0000075|0000075|+000000|0000000|0000075|100.00|2009.06.11.23.22|
02|Baranya                  |106|Ivánbattyán              |0000121|0000000|0000121|0000000|0000037|0000037|+000000|0000001|0000036|100.00|2009.06.11.23.22|
02|Baranya                  |107|Ivándárda                |0000206|0000000|0000206|0000000|0000068|0000068|+000000|0000003|0000065|100.00|2009.06.11.23.22|
02|Baranya                  |108|Kacsóta                  |0000219|0000000|0000219|0000000|0000056|0000056|+000000|0000001|0000055|100.00|2009.06.11.23.22|
02|Baranya                  |109|Katádfa                  |0000132|0000000|0000132|0000000|0000048|0000048|+000000|0000000|0000048|100.00|2009.06.11.23.22|
02|Baranya                  |110|Kákics                   |0000179|0000000|0000179|0000001|0000060|0000059|-000001|0000000|0000059|100.00|2009.06.11.23.22|
02|Baranya                  |111|Kárász                   |0000297|0000003|0000300|0000000|0000127|0000127|+000000|0000001|0000126|100.00|2009.06.11.23.22|
02|Baranya                  |112|Kásád                    |0000286|0000000|0000286|0000000|0000067|0000067|+000000|0000001|0000066|100.00|2009.06.11.23.22|
02|Baranya                  |113|Kátoly                   |0000289|0000000|0000289|0000000|0000089|0000089|+000000|0000001|0000088|100.00|2009.06.11.23.22|
02|Baranya                  |114|Kemse                    |0000057|0000000|0000057|0000000|0000035|0000035|+000000|0000000|0000035|100.00|2009.06.11.23.22|
02|Baranya                  |115|Keszü                    |0000962|0000001|0000963|0000000|0000365|0000365|+000000|0000003|0000362|100.00|2009.06.11.23.22|
02|Baranya                  |116|Kékesd                   |0000155|0000005|0000160|0000000|0000071|0000071|+000000|0000003|0000068|100.00|2009.06.11.23.22|
02|Baranya                  |117|Kémes                    |0000419|0000001|0000420|0000000|0000149|0000149|+000000|0000002|0000147|100.00|2009.06.11.23.22|
02|Baranya                  |118|Kétújfalu                |0000542|0000000|0000542|0000002|0000175|0000175|+000000|0000002|0000173|100.00|2009.06.11.23.22|
02|Baranya                  |119|Királyegyháza            |0000805|0000000|0000805|0000000|0000202|0000202|+000000|0000006|0000196|100.00|2009.06.11.23.22|
02|Baranya                  |120|Kisasszonyfa             |0000156|0000000|0000156|0000000|0000058|0000058|+000000|0000000|0000058|100.00|2009.06.11.23.22|
02|Baranya                  |121|Kisbeszterce             |0000073|0000000|0000073|0000000|0000035|0000035|+000000|0000000|0000035|100.00|2009.06.11.23.22|
02|Baranya                  |122|Kisbudmér                |0000087|0000000|0000087|0000000|0000029|0000029|+000000|0000000|0000029|100.00|2009.06.11.23.22|
02|Baranya                  |123|Kisdér                   |0000092|0000000|0000092|0000000|0000022|0000022|+000000|0000000|0000022|100.00|2009.06.11.23.22|
02|Baranya                  |124|Kisdobsza                |0000200|0000000|0000200|0000000|0000060|0000060|+000000|0000000|0000060|100.00|2009.06.11.23.22|
02|Baranya                  |125|Kishajmás                |0000179|0000000|0000179|0000000|0000041|0000041|+000000|0000002|0000039|100.00|2009.06.11.23.22|
02|Baranya                  |126|Kisharsány               |0000429|0000000|0000429|0000000|0000127|0000127|+000000|0000001|0000126|100.00|2009.06.11.23.22|
02|Baranya                  |127|Kisherend                |0000168|0000000|0000168|0000000|0000055|0000055|+000000|0000000|0000055|100.00|2009.06.11.23.22|
02|Baranya                  |128|Kisjakabfalva            |0000139|0000000|0000139|0000000|0000051|0000051|+000000|0000001|0000050|100.00|2009.06.11.23.22|
02|Baranya                  |129|Kiskassa                 |0000221|0000000|0000221|0000000|0000057|0000057|+000000|0000001|0000056|100.00|2009.06.11.23.22|
02|Baranya                  |130|Kislippó                 |0000238|0000000|0000238|0000000|0000052|0000052|+000000|0000001|0000051|100.00|2009.06.11.23.22|
02|Baranya                  |131|Kisnyárád                |0000180|0000000|0000180|0000000|0000081|0000081|+000000|0000003|0000078|100.00|2009.06.11.23.22|
02|Baranya                  |132|Kisszentmárton           |0000198|0000001|0000199|0000000|0000112|0000112|+000000|0000003|0000109|100.00|2009.06.11.23.22|
02|Baranya                  |133|Kistamási                |0000100|0000000|0000100|0000000|0000039|0000039|+000000|0000001|0000038|100.00|2009.06.11.23.22|
02|Baranya                  |134|Kistapolca               |0000166|0000000|0000166|0000000|0000047|0000047|+000000|0000000|0000047|100.00|2009.06.11.23.22|
02|Baranya                  |135|Kistótfalu               |0000285|0000000|0000285|0000000|0000082|0000082|+000000|0000003|0000079|100.00|2009.06.11.23.22|
02|Baranya                  |136|Kisvaszar                |0000234|0000000|0000234|0000000|0000042|0000042|+000000|0000000|0000042|100.00|2009.06.11.23.22|
02|Baranya                  |137|Komló                    |0021910|0000016|0021926|0000000|0006355|0006353|-000002|0000086|0006267|100.00|2009.06.11.23.22|
02|Baranya                  |138|Kovácshida               |0000210|0000000|0000210|0000001|0000069|0000069|+000000|0000000|0000069|100.00|2009.06.11.23.22|
02|Baranya                  |139|Kovácsszénája            |0000055|0000001|0000056|0000000|0000031|0000031|+000000|0000000|0000031|100.00|2009.06.11.23.22|
02|Baranya                  |140|Kozármisleny             |0004437|0000010|0004447|0000000|0001442|0001442|+000000|0000010|0001432|100.00|2009.06.11.23.22|
02|Baranya                  |141|Kórós                    |0000171|0000000|0000171|0000000|0000073|0000073|+000000|0000003|0000070|100.00|2009.06.11.23.22|
02|Baranya                  |142|Köblény                  |0000219|0000000|0000219|0000000|0000051|0000051|+000000|0000000|0000051|100.00|2009.06.11.23.22|
02|Baranya                  |143|Kökény                   |0000530|0000001|0000531|0000000|0000148|0000148|+000000|0000003|0000145|100.00|2009.06.11.23.22|
02|Baranya                  |144|Kölked                   |0000875|0000000|0000875|0000000|0000250|0000250|+000000|0000003|0000247|100.00|2009.06.11.23.22|
02|Baranya                  |145|Kõvágószõlõs             |0001056|0000002|0001058|0000002|0000306|0000306|+000000|0000005|0000301|100.00|2009.06.11.23.22|
02|Baranya                  |146|Kõvágótöttös             |0000283|0000000|0000283|0000000|0000065|0000065|+000000|0000000|0000065|100.00|2009.06.11.23.22|
02|Baranya                  |147|Lapáncsa                 |0000168|0000000|0000168|0000000|0000065|0000065|+000000|0000000|0000065|100.00|2009.06.11.23.22|
02|Baranya                  |148|Lánycsók                 |0002177|0000002|0002179|0000000|0000730|0000730|+000000|0000008|0000722|100.00|2009.06.11.23.22|
02|Baranya                  |149|Liget                    |0000331|0000000|0000331|0000000|0000056|0000056|+000000|0000000|0000056|100.00|2009.06.11.23.22|
02|Baranya                  |150|Lippó                    |0000464|0000000|0000464|0000000|0000120|0000120|+000000|0000001|0000119|100.00|2009.06.11.23.22|
02|Baranya                  |151|Liptód                   |0000194|0000000|0000194|0000000|0000043|0000043|+000000|0000001|0000042|100.00|2009.06.11.23.22|
02|Baranya                  |152|Lothárd                  |0000229|0000000|0000229|0000000|0000074|0000074|+000000|0000001|0000073|100.00|2009.06.11.23.22|
02|Baranya                  |153|Lovászhetény             |0000227|0000000|0000227|0000000|0000042|0000042|+000000|0000000|0000042|100.00|2009.06.11.23.22|
02|Baranya                  |154|Lúzsok                   |0000174|0000000|0000174|0000000|0000061|0000061|+000000|0000000|0000061|100.00|2009.06.11.23.22|
02|Baranya                  |155|Magyarbóly               |0000840|0000001|0000841|0000003|0000264|0000264|+000000|0000004|0000260|100.00|2009.06.11.23.22|
02|Baranya                  |156|Magyaregregy             |0000675|0000000|0000675|0000000|0000489|0000489|+000000|0000019|0000470|100.00|2009.06.11.23.22|
02|Baranya                  |157|Magyarhertelend          |0000572|0000002|0000574|0000000|0000190|0000190|+000000|0000001|0000189|100.00|2009.06.11.23.22|
02|Baranya                  |158|Magyarlukafa             |0000068|0000000|0000068|0000000|0000024|0000024|+000000|0000001|0000023|100.00|2009.06.11.23.22|
02|Baranya                  |159|Magyarmecske             |0000240|0000000|0000240|0000000|0000054|0000054|+000000|0000000|0000054|100.00|2009.06.11.23.22|
02|Baranya                  |160|Magyarsarlós             |0000266|0000001|0000267|0000000|0000073|0000073|+000000|0000002|0000071|100.00|2009.06.11.23.22|
02|Baranya                  |161|Magyarszék               |0000929|0000002|0000931|0000000|0000284|0000284|+000000|0000002|0000282|100.00|2009.06.11.23.22|
02|Baranya                  |162|Magyartelek              |0000179|0000000|0000179|0000000|0000045|0000045|+000000|0000000|0000045|100.00|2009.06.11.23.22|
02|Baranya                  |163|Majs                     |0000844|0000000|0000844|0000000|0000217|0000217|+000000|0000004|0000213|100.00|2009.06.11.23.22|
02|Baranya                  |164|Maráza                   |0000158|0000000|0000158|0000000|0000058|0000058|+000000|0000000|0000058|100.00|2009.06.11.23.22|
02|Baranya                  |165|Markóc                   |0000050|0000000|0000050|0000000|0000017|0000017|+000000|0000001|0000016|100.00|2009.06.11.23.22|
02|Baranya                  |166|Marócsa                  |0000087|0000000|0000087|0000000|0000047|0000047|+000000|0000003|0000044|100.00|2009.06.11.23.22|
02|Baranya                  |167|Martonfa                 |0000174|0000000|0000174|0000000|0000064|0000064|+000000|0000001|0000063|100.00|2009.06.11.23.22|
02|Baranya                  |168|Matty                    |0000297|0000004|0000301|0000000|0000098|0000098|+000000|0000001|0000097|100.00|2009.06.11.23.22|
02|Baranya                  |169|Mágocs                   |0002032|0000002|0002034|0000000|0000570|0000570|+000000|0000010|0000560|100.00|2009.06.11.23.22|
02|Baranya                  |170|Mánfa                    |0000685|0000001|0000686|0000000|0000197|0000197|+000000|0000001|0000196|100.00|2009.06.11.23.22|
02|Baranya                  |171|Márfa                    |0000180|0000000|0000180|0000000|0000066|0000066|+000000|0000000|0000066|100.00|2009.06.11.23.22|
02|Baranya                  |172|Máriakéménd              |0000419|0000004|0000423|0000000|0000115|0000115|+000000|0000001|0000114|100.00|2009.06.11.23.22|
02|Baranya                  |173|Márok                    |0000400|0000000|0000400|0000000|0000180|0000180|+000000|0000002|0000178|100.00|2009.06.11.23.22|
02|Baranya                  |174|Máza                     |0001057|0000003|0001060|0000000|0000316|0000316|+000000|0000006|0000310|100.00|2009.06.11.23.22|
02|Baranya                  |175|Mecseknádasd             |0001410|0000003|0001413|0000000|0000429|0000429|+000000|0000002|0000427|100.00|2009.06.11.23.22|
02|Baranya                  |176|Mecsekpölöske            |0000358|0000001|0000359|0000000|0000113|0000113|+000000|0000002|0000111|100.00|2009.06.11.23.22|
02|Baranya                  |177|Mekényes                 |0000257|0000000|0000257|0000000|0000059|0000059|+000000|0000000|0000059|100.00|2009.06.11.23.22|
02|Baranya                  |178|Merenye                  |0000239|0000000|0000239|0000000|0000075|0000075|+000000|0000002|0000073|100.00|2009.06.11.23.22|
02|Baranya                  |179|Mezõd                    |0000112|0000002|0000114|0000000|0000036|0000036|+000000|0000000|0000036|100.00|2009.06.11.23.22|
02|Baranya                  |180|Mindszentgodisa          |0000715|0000000|0000715|0000000|0000204|0000204|+000000|0000006|0000198|100.00|2009.06.11.23.22|
02|Baranya                  |181|Mohács                   |0016003|0000023|0016026|0000002|0005658|0005656|-000002|0000027|0005629|100.00|2009.06.11.23.22|
02|Baranya                  |182|Molvány                  |0000170|0000000|0000170|0000000|0000045|0000045|+000000|0000001|0000044|100.00|2009.06.11.23.22|
02|Baranya                  |183|Monyoród                 |0000135|0000000|0000135|0000000|0000049|0000049|+000000|0000000|0000049|100.00|2009.06.11.23.22|
02|Baranya                  |184|Mozsgó                   |0000676|0000005|0000681|0000000|0000155|0000154|-000001|0000001|0000153|100.00|2009.06.11.23.22|
02|Baranya                  |185|Nagybudmér               |0000174|0000000|0000174|0000000|0000064|0000064|+000000|0000000|0000064|100.00|2009.06.11.23.22|
02|Baranya                  |186|Nagycsány                |0000133|0000000|0000133|0000000|0000021|0000021|+000000|0000000|0000021|100.00|2009.06.11.23.22|
02|Baranya                  |187|Nagydobsza               |0000522|0000000|0000522|0000000|0000132|0000132|+000000|0000007|0000125|100.00|2009.06.11.23.22|
02|Baranya                  |188|Nagyhajmás               |0000294|0000000|0000294|0000000|0000086|0000086|+000000|0000000|0000086|100.00|2009.06.11.23.22|
02|Baranya                  |189|Nagyharsány              |0001260|0000000|0001260|0000000|0000403|0000403|+000000|0000009|0000394|100.00|2009.06.11.23.22|
02|Baranya                  |190|Nagykozár                |0001374|0000000|0001374|0000000|0000433|0000433|+000000|0000003|0000430|100.00|2009.06.11.23.22|
02|Baranya                  |191|Nagynyárád               |0000624|0000002|0000626|0000000|0000329|0000329|+000000|0000001|0000328|100.00|2009.06.11.23.22|
02|Baranya                  |192|Nagypall                 |0000353|0000000|0000353|0000000|0000125|0000125|+000000|0000000|0000125|100.00|2009.06.11.23.22|
02|Baranya                  |193|Nagypeterd               |0000544|0000000|0000544|0000000|0000142|0000142|+000000|0000001|0000141|100.00|2009.06.11.23.22|
02|Baranya                  |194|Nagytótfalu              |0000305|0000000|0000305|0000000|0000114|0000114|+000000|0000000|0000114|100.00|2009.06.11.23.22|
02|Baranya                  |195|Nagyváty                 |0000285|0000000|0000285|0000000|0000091|0000091|+000000|0000000|0000091|100.00|2009.06.11.23.22|
02|Baranya                  |196|Nemeske                  |0000218|0000000|0000218|0000000|0000066|0000066|+000000|0000003|0000063|100.00|2009.06.11.23.22|
02|Baranya                  |197|Nyugotszenterzsébet      |0000176|0000000|0000176|0000000|0000032|0000032|+000000|0000000|0000032|100.00|2009.06.11.23.22|
02|Baranya                  |198|Okorág                   |0000137|0000000|0000137|0000000|0000043|0000043|+000000|0000000|0000043|100.00|2009.06.11.23.22|
02|Baranya                  |199|Okorvölgy                |0000069|0000000|0000069|0000000|0000020|0000020|+000000|0000000|0000020|100.00|2009.06.11.23.22|
02|Baranya                  |200|Olasz                    |0000514|0000000|0000514|0000000|0000164|0000164|+000000|0000001|0000163|100.00|2009.06.11.23.22|
02|Baranya                  |201|Old                      |0000256|0000000|0000256|0000000|0000084|0000084|+000000|0000003|0000081|100.00|2009.06.11.23.22|
02|Baranya                  |202|Orfû                     |0000774|0000016|0000790|0000000|0000271|0000271|+000000|0000004|0000267|100.00|2009.06.11.23.22|
02|Baranya                  |203|Oroszló                  |0000264|0000001|0000265|0000000|0000077|0000077|+000000|0000000|0000077|100.00|2009.06.11.23.22|
02|Baranya                  |204|Óbánya                   |0000124|0000002|0000126|0000000|0000052|0000052|+000000|0000000|0000052|100.00|2009.06.11.23.22|
02|Baranya                  |205|Ócsárd                   |0000362|0000000|0000362|0000000|0000075|0000075|+000000|0000000|0000075|100.00|2009.06.11.23.22|
02|Baranya                  |206|Ófalu                    |0000298|0000000|0000298|0000000|0000125|0000125|+000000|0000002|0000123|100.00|2009.06.11.23.22|
02|Baranya                  |207|Ózdfalu                  |0000143|0000000|0000143|0000000|0000044|0000044|+000000|0000002|0000042|100.00|2009.06.11.23.22|
02|Baranya                  |208|Palé                     |0000090|0000003|0000093|0000000|0000037|0000037|+000000|0000000|0000037|100.00|2009.06.11.23.22|
02|Baranya                  |209|Palkonya                 |0000252|0000000|0000252|0000000|0000101|0000101|+000000|0000001|0000100|100.00|2009.06.11.23.22|
02|Baranya                  |210|Palotabozsok             |0000839|0000001|0000840|0000000|0000353|0000353|+000000|0000005|0000348|100.00|2009.06.11.23.22|
02|Baranya                  |211|Patapoklosi              |0000284|0000000|0000284|0000000|0000056|0000056|+000000|0000000|0000056|100.00|2009.06.11.23.22|
02|Baranya                  |212|Páprád                   |0000155|0000000|0000155|0000000|0000061|0000061|+000000|0000000|0000061|100.00|2009.06.11.23.22|
02|Baranya                  |213|Pellérd                  |0001737|0000000|0001737|0000004|0000534|0000534|+000000|0000000|0000534|100.00|2009.06.11.23.22|
02|Baranya                  |214|Pereked                  |0000135|0000000|0000135|0000000|0000054|0000054|+000000|0000000|0000054|100.00|2009.06.11.23.22|
02|Baranya                  |215|Peterd                   |0000155|0000000|0000155|0000000|0000043|0000043|+000000|0000001|0000042|100.00|2009.06.11.23.22|
02|Baranya                  |216|Pettend                  |0000103|0000000|0000103|0000000|0000037|0000037|+000000|0000000|0000037|100.00|2009.06.11.23.22|
02|Baranya                  |217|Pécs                     |0124639|0000410|0125049|0000058|0043565|0043548|-000017|0000190|0043358|100.00|2009.06.11.23.22|
02|Baranya                  |218|Pécsbagota               |0000086|0000000|0000086|0000000|0000029|0000029|+000000|0000000|0000029|100.00|2009.06.11.23.22|
02|Baranya                  |219|Pécsdevecser             |0000102|0000000|0000102|0000000|0000045|0000045|+000000|0000000|0000045|100.00|2009.06.11.23.22|
02|Baranya                  |220|Pécsudvard               |0000601|0000004|0000605|0000000|0000200|0000200|+000000|0000001|0000199|100.00|2009.06.11.23.22|
02|Baranya                  |221|Pécsvárad                |0003280|0000008|0003288|0000000|0001194|0001193|-000001|0000004|0001189|100.00|2009.06.11.23.22|
02|Baranya                  |222|Piskó                    |0000185|0000000|0000185|0000000|0000070|0000070|+000000|0000001|0000069|100.00|2009.06.11.23.22|
02|Baranya                  |223|Pogány                   |0000934|0000000|0000934|0000000|0000312|0000311|-000001|0000000|0000311|100.00|2009.06.11.23.22|
02|Baranya                  |224|Pócsa                    |0000147|0000000|0000147|0000000|0000068|0000068|+000000|0000001|0000067|100.00|2009.06.11.23.22|
02|Baranya                  |225|Rádfalva                 |0000176|0000000|0000176|0000000|0000066|0000066|+000000|0000005|0000061|100.00|2009.06.11.23.22|
02|Baranya                  |226|Regenye                  |0000131|0000001|0000132|0000000|0000032|0000032|+000000|0000000|0000032|100.00|2009.06.11.23.22|
02|Baranya                  |227|Romonya                  |0000373|0000001|0000374|0000000|0000126|0000126|+000000|0000000|0000126|100.00|2009.06.11.23.22|
02|Baranya                  |228|Rózsafa                  |0000328|0000000|0000328|0000000|0000055|0000055|+000000|0000002|0000053|100.00|2009.06.11.23.22|
02|Baranya                  |229|Sámod                    |0000173|0000000|0000173|0000000|0000076|0000076|+000000|0000000|0000076|100.00|2009.06.11.23.22|
02|Baranya                  |230|Sárok                    |0000112|0000000|0000112|0000000|0000023|0000023|+000000|0000000|0000023|100.00|2009.06.11.23.22|
02|Baranya                  |231|Sásd                     |0002830|0000002|0002832|0000000|0000810|0000810|+000000|0000004|0000806|100.00|2009.06.11.23.22|
02|Baranya                  |232|Sátorhely                |0000547|0000000|0000547|0000000|0000213|0000212|-000001|0000003|0000209|100.00|2009.06.11.23.22|
02|Baranya                  |233|Sellye                   |0002470|0000003|0002473|0000000|0000604|0000604|+000000|0000010|0000594|100.00|2009.06.11.23.22|
02|Baranya                  |234|Siklós                   |0008197|0000006|0008203|0000004|0002807|0002807|+000000|0000018|0002789|100.00|2009.06.11.23.22|
02|Baranya                  |235|Siklósbodony             |0000098|0000000|0000098|0000000|0000039|0000039|+000000|0000000|0000039|100.00|2009.06.11.23.22|
02|Baranya                  |236|Siklósnagyfalu           |0000294|0000000|0000294|0000000|0000053|0000053|+000000|0000000|0000053|100.00|2009.06.11.23.22|
02|Baranya                  |237|Somberek                 |0001369|0000001|0001370|0000000|0000456|0000456|+000000|0000006|0000450|100.00|2009.06.11.23.22|
02|Baranya                  |238|Somogyapáti              |0000404|0000001|0000405|0000000|0000107|0000107|+000000|0000001|0000106|100.00|2009.06.11.23.22|
02|Baranya                  |239|Somogyhatvan             |0000283|0000000|0000283|0000000|0000039|0000039|+000000|0000000|0000039|100.00|2009.06.11.23.22|
02|Baranya                  |240|Somogyhárságy            |0000359|0000000|0000359|0000001|0000076|0000076|+000000|0000000|0000076|100.00|2009.06.11.23.22|
02|Baranya                  |241|Somogyviszló             |0000195|0000000|0000195|0000000|0000040|0000040|+000000|0000001|0000039|100.00|2009.06.11.23.22|
02|Baranya                  |242|Sósvertike               |0000138|0000000|0000138|0000000|0000086|0000086|+000000|0000000|0000086|100.00|2009.06.11.23.22|
02|Baranya                  |243|Sumony                   |0000360|0000001|0000361|0000000|0000246|0000247|+000001|0000010|0000237|100.00|2009.06.11.23.22|
02|Baranya                  |244|Szabadszentkirály        |0000682|0000002|0000684|0000000|0000220|0000220|+000000|0000002|0000218|100.00|2009.06.11.23.22|
02|Baranya                  |245|Szajk                    |0000689|0000000|0000689|0000000|0000293|0000293|+000000|0000002|0000291|100.00|2009.06.11.23.22|
02|Baranya                  |246|Szalatnak                |0000314|0000000|0000314|0000000|0000084|0000084|+000000|0000001|0000083|100.00|2009.06.11.23.22|
02|Baranya                  |247|Szalánta                 |0000994|0000002|0000996|0000000|0000281|0000281|+000000|0000001|0000280|100.00|2009.06.11.23.22|
02|Baranya                  |248|Szaporca                 |0000192|0000000|0000192|0000000|0000079|0000079|+000000|0000000|0000079|100.00|2009.06.11.23.22|
02|Baranya                  |249|Szava                    |0000262|0000000|0000262|0000000|0000083|0000083|+000000|0000003|0000080|100.00|2009.06.11.23.22|
02|Baranya                  |250|Szágy                    |0000135|0000001|0000136|0000002|0000083|0000083|+000000|0000004|0000079|100.00|2009.06.11.23.22|
02|Baranya                  |251|Szárász                  |0000046|0000000|0000046|0000000|0000014|0000014|+000000|0000001|0000013|100.00|2009.06.11.23.22|
02|Baranya                  |252|Szászvár                 |0002148|0000002|0002150|0000000|0000538|0000538|+000000|0000001|0000537|100.00|2009.06.11.23.22|
02|Baranya                  |253|Szebény                  |0000360|0000000|0000360|0000000|0000145|0000145|+000000|0000002|0000143|100.00|2009.06.11.23.22|
02|Baranya                  |254|Szederkény               |0001523|0000000|0001523|0000000|0000530|0000529|-000001|0000002|0000527|100.00|2009.06.11.23.22|
02|Baranya                  |255|Szellõ                   |0000132|0000000|0000132|0000000|0000054|0000054|+000000|0000001|0000053|100.00|2009.06.11.23.22|
02|Baranya                  |256|Szemely                  |0000378|0000000|0000378|0000000|0000100|0000100|+000000|0000000|0000100|100.00|2009.06.11.23.22|
02|Baranya                  |257|Szentdénes               |0000268|0000000|0000268|0000000|0000050|0000050|+000000|0000001|0000049|100.00|2009.06.11.23.22|
02|Baranya                  |258|Szentegát                |0000324|0000000|0000324|0000000|0000064|0000064|+000000|0000003|0000061|100.00|2009.06.11.23.22|
02|Baranya                  |259|Szentkatalin             |0000091|0000000|0000091|0000000|0000042|0000042|+000000|0000000|0000042|100.00|2009.06.11.23.22|
02|Baranya                  |260|Szentlászló              |0000685|0000000|0000685|0000000|0000161|0000161|+000000|0000000|0000161|100.00|2009.06.11.23.22|
02|Baranya                  |261|Szentlõrinc              |0005628|0000004|0005632|0000000|0001530|0001531|+000001|0000014|0001517|100.00|2009.06.11.23.22|
02|Baranya                  |262|Székelyszabar            |0000550|0000002|0000552|0000000|0000191|0000191|+000000|0000001|0000190|100.00|2009.06.11.23.22|
02|Baranya                  |263|Szigetvár                |0009047|0000009|0009056|0000003|0002597|0002597|+000000|0000013|0002584|100.00|2009.06.11.23.22|
02|Baranya                  |264|Szilágy                  |0000248|0000000|0000248|0000000|0000075|0000075|+000000|0000000|0000075|100.00|2009.06.11.23.22|
02|Baranya                  |265|Szilvás                  |0000130|0000000|0000130|0000000|0000055|0000055|+000000|0000000|0000055|100.00|2009.06.11.23.22|
02|Baranya                  |266|Szörény                  |0000052|0000000|0000052|0000000|0000023|0000023|+000000|0000000|0000023|100.00|2009.06.11.23.22|
02|Baranya                  |267|Szõke                    |0000113|0000001|0000114|0000000|0000030|0000030|+000000|0000000|0000030|100.00|2009.06.11.23.22|
02|Baranya                  |268|Szõkéd                   |0000321|0000000|0000321|0000000|0000109|0000109|+000000|0000000|0000109|100.00|2009.06.11.23.22|
02|Baranya                  |269|Szulimán                 |0000200|0000001|0000201|0000000|0000046|0000046|+000000|0000001|0000045|100.00|2009.06.11.23.22|
02|Baranya                  |270|Szûr                     |0000256|0000000|0000256|0000000|0000090|0000090|+000000|0000001|0000089|100.00|2009.06.11.23.22|
02|Baranya                  |271|Tarrós                   |0000099|0000001|0000100|0000000|0000040|0000040|+000000|0000003|0000037|100.00|2009.06.11.23.22|
02|Baranya                  |272|Teklafalu                |0000292|0000000|0000292|0000000|0000062|0000062|+000000|0000000|0000062|100.00|2009.06.11.23.22|
02|Baranya                  |273|Tengeri                  |0000061|0000000|0000061|0000000|0000019|0000019|+000000|0000000|0000019|100.00|2009.06.11.23.22|
02|Baranya                  |274|Tékes                    |0000222|0000000|0000222|0000000|0000032|0000032|+000000|0000000|0000032|100.00|2009.06.11.23.22|
02|Baranya                  |275|Tésenfa                  |0000171|0000000|0000171|0000000|0000072|0000072|+000000|0000001|0000071|100.00|2009.06.11.23.22|
02|Baranya                  |276|Téseny                   |0000239|0000000|0000239|0000000|0000049|0000049|+000000|0000002|0000047|100.00|2009.06.11.23.22|
02|Baranya                  |277|Tormás                   |0000252|0000001|0000253|0000001|0000072|0000072|+000000|0000001|0000071|100.00|2009.06.11.23.22|
02|Baranya                  |278|Tófû                     |0000117|0000001|0000118|0000000|0000061|0000061|+000000|0000000|0000061|100.00|2009.06.11.23.22|
02|Baranya                  |279|Tótszentgyörgy           |0000141|0000000|0000141|0000000|0000084|0000084|+000000|0000001|0000083|100.00|2009.06.11.23.22|
02|Baranya                  |280|Töttös                   |0000455|0000000|0000455|0000000|0000115|0000115|+000000|0000001|0000114|100.00|2009.06.11.23.22|
02|Baranya                  |281|Túrony                   |0000225|0000000|0000225|0000000|0000105|0000105|+000000|0000000|0000105|100.00|2009.06.11.23.22|
02|Baranya                  |282|Udvar                    |0000141|0000000|0000141|0000000|0000081|0000081|+000000|0000000|0000081|100.00|2009.06.11.23.22|
02|Baranya                  |283|Újpetre                  |0000886|0000000|0000886|0000000|0000183|0000182|-000001|0000003|0000179|100.00|2009.06.11.23.22|
02|Baranya                  |284|Vajszló                  |0001548|0000000|0001548|0000000|0000416|0000416|+000000|0000002|0000414|100.00|2009.06.11.23.22|
02|Baranya                  |285|Varga                    |0000089|0000000|0000089|0000000|0000036|0000036|+000000|0000000|0000036|100.00|2009.06.11.23.22|
02|Baranya                  |286|Várad                    |0000093|0000000|0000093|0000000|0000026|0000026|+000000|0000000|0000026|100.00|2009.06.11.23.22|
02|Baranya                  |287|Vásárosbéc               |0000132|0000000|0000132|0000000|0000032|0000032|+000000|0000001|0000031|100.00|2009.06.11.23.22|
02|Baranya                  |288|Vásárosdombó             |0000937|0000001|0000938|0000000|0000220|0000220|+000000|0000002|0000218|100.00|2009.06.11.23.22|
02|Baranya                  |289|Vázsnok                  |0000116|0000000|0000116|0000000|0000036|0000036|+000000|0000001|0000035|100.00|2009.06.11.23.22|
02|Baranya                  |290|Vejti                    |0000136|0000000|0000136|0000000|0000044|0000044|+000000|0000001|0000043|100.00|2009.06.11.23.22|
02|Baranya                  |291|Velény                   |0000119|0000000|0000119|0000000|0000042|0000042|+000000|0000000|0000042|100.00|2009.06.11.23.22|
02|Baranya                  |292|Versend                  |0000667|0000001|0000668|0000000|0000161|0000161|+000000|0000008|0000153|100.00|2009.06.11.23.22|
02|Baranya                  |293|Vékény                   |0000122|0000000|0000122|0000000|0000039|0000039|+000000|0000001|0000038|100.00|2009.06.11.23.22|
02|Baranya                  |294|Véménd                   |0001258|0000000|0001258|0000000|0000477|0000477|+000000|0000006|0000471|100.00|2009.06.11.23.22|
02|Baranya                  |295|Villány                  |0002101|0000000|0002101|0000002|0000862|0000862|+000000|0000007|0000855|100.00|2009.06.11.23.22|
02|Baranya                  |296|Villánykövesd            |0000255|0000000|0000255|0000000|0000077|0000077|+000000|0000001|0000076|100.00|2009.06.11.23.22|
02|Baranya                  |297|Vokány                   |0000737|0000001|0000738|0000000|0000207|0000207|+000000|0000002|0000205|100.00|2009.06.11.23.22|
02|Baranya                  |298|Zaláta                   |0000236|0000000|0000236|0000000|0000092|0000092|+000000|0000001|0000091|100.00|2009.06.11.23.22|
02|Baranya                  |299|Zádor                    |0000298|0000000|0000298|0000000|0000115|0000115|+000000|0000008|0000107|100.00|2009.06.11.23.22|
02|Baranya                  |300|Zengõvárkony             |0000360|0000001|0000361|0000000|0000146|0000146|+000000|0000001|0000145|100.00|2009.06.11.23.22|
02|Baranya                  |301|Zók                      |0000240|0000000|0000240|0000000|0000081|0000081|+000000|0000000|0000081|100.00|2009.06.11.23.22|
03|Bács-Kiskun              |001|Akasztó                  |0002845|0000009|0002854|0000000|0000999|0000999|+000000|0000005|0000994|100.00|2009.06.11.23.22|
03|Bács-Kiskun              |002|Apostag                  |0001705|0000006|0001711|0000000|0000463|0000463|+000000|0000003|0000460|100.00|2009.06.11.23.22|
03|Bács-Kiskun              |003|Ágasegyháza              |0001538|0000002|0001540|0000000|0000467|0000467|+000000|0000008|0000459|100.00|2009.06.11.23.22|
03|Bács-Kiskun              |004|Baja                     |0030578|0000051|0030629|0000006|0011437|0011436|-000001|0000052|0011384|100.00|2009.06.11.23.22|
03|Bács-Kiskun              |005|Ballószög                |0002531|0000001|0002532|0000001|0000833|0000833|+000000|0000005|0000828|100.00|2009.06.11.23.22|
03|Bács-Kiskun              |006|Balotaszállás            |0001269|0000002|0001271|0000000|0000284|0000284|+000000|0000002|0000282|100.00|2009.06.11.23.22|
03|Bács-Kiskun              |007|Bácsalmás                |0005937|0000005|0005942|0000000|0001494|0001494|+000000|0000017|0001477|100.00|2009.06.11.23.22|
03|Bács-Kiskun              |008|Bácsbokod                |0002391|0000003|0002394|0000001|0000662|0000662|+000000|0000010|0000652|100.00|2009.06.11.23.22|
03|Bács-Kiskun              |009|Bácsborsód               |0001026|0000000|0001026|0000000|0000272|0000272|+000000|0000003|0000269|100.00|2009.06.11.23.22|
03|Bács-Kiskun              |010|Bácsszentgyörgy          |0000152|0000000|0000152|0000000|0000086|0000086|+000000|0000002|0000084|100.00|2009.06.11.23.22|
03|Bács-Kiskun              |011|Bácsszõlõs               |0000310|0000000|0000310|0000000|0000083|0000083|+000000|0000003|0000080|100.00|2009.06.11.23.22|
03|Bács-Kiskun              |012|Bátmonostor              |0001360|0000001|0001361|0000003|0000458|0000457|-000001|0000010|0000447|100.00|2009.06.11.23.22|
03|Bács-Kiskun              |013|Bátya                    |0001787|0000001|0001788|0000000|0000615|0000615|+000000|0000007|0000608|100.00|2009.06.11.23.22|
03|Bács-Kiskun              |014|Borota                   |0001173|0000000|0001173|0000000|0000347|0000347|+000000|0000008|0000339|100.00|2009.06.11.23.22|
03|Bács-Kiskun              |015|Bócsa                    |0001450|0000000|0001450|0000000|0000429|0000429|+000000|0000002|0000427|100.00|2009.06.11.23.22|
03|Bács-Kiskun              |016|Bugac                    |0002325|0000000|0002325|0000000|0000596|0000596|+000000|0000007|0000589|100.00|2009.06.11.23.22|
03|Bács-Kiskun              |017|Bugacpusztaháza          |0000246|0000000|0000246|0000000|0000053|0000053|+000000|0000001|0000052|100.00|2009.06.11.23.22|
03|Bács-Kiskun              |018|Császártöltés            |0002172|0000002|0002174|0000000|0000787|0000787|+000000|0000004|0000783|100.00|2009.06.11.23.22|
03|Bács-Kiskun              |019|Csátalja                 |0001312|0000000|0001312|0000000|0000441|0000441|+000000|0000006|0000435|100.00|2009.06.11.23.22|
03|Bács-Kiskun              |020|Csávoly                  |0001628|0000002|0001630|0000000|0000431|0000431|+000000|0000005|0000426|100.00|2009.06.11.23.22|
03|Bács-Kiskun              |021|Csengõd                  |0001836|0000003|0001839|0000000|0000739|0000739|+000000|0000003|0000736|100.00|2009.06.11.23.22|
03|Bács-Kiskun              |022|Csikéria                 |0000743|0000000|0000743|0000000|0000188|0000188|+000000|0000001|0000187|100.00|2009.06.11.23.22|
03|Bács-Kiskun              |023|Csólyospálos             |0001390|0000002|0001392|0000000|0000319|0000319|+000000|0000000|0000319|100.00|2009.06.11.23.22|
03|Bács-Kiskun              |024|Dávod                    |0001770|0000006|0001776|0000000|0000496|0000496|+000000|0000006|0000490|100.00|2009.06.11.23.22|
03|Bács-Kiskun              |025|Drágszél                 |0000308|0000000|0000308|0000000|0000132|0000132|+000000|0000002|0000130|100.00|2009.06.11.23.22|
03|Bács-Kiskun              |026|Dunaegyháza              |0001232|0000003|0001235|0000000|0000273|0000273|+000000|0000003|0000270|100.00|2009.06.11.23.22|
03|Bács-Kiskun              |027|Dunafalva                |0000819|0000003|0000822|0000000|0000294|0000294|+000000|0000002|0000292|100.00|2009.06.11.23.22|
03|Bács-Kiskun              |028|Dunapataj                |0002858|0000019|0002877|0000000|0000822|0000821|-000001|0000007|0000814|100.00|2009.06.11.23.22|
03|Bács-Kiskun              |029|Dunaszentbenedek         |0000725|0000000|0000725|0000000|0000186|0000186|+000000|0000002|0000184|100.00|2009.06.11.23.22|
03|Bács-Kiskun              |030|Dunatetétlen             |0000503|0000000|0000503|0000000|0000124|0000124|+000000|0000001|0000123|100.00|2009.06.11.23.22|
03|Bács-Kiskun              |031|Dunavecse                |0003165|0000004|0003169|0000000|0000968|0000968|+000000|0000009|0000959|100.00|2009.06.11.23.22|
03|Bács-Kiskun              |032|Dusnok                   |0002612|0000006|0002618|0000000|0001178|0001177|-000001|0000007|0001170|100.00|2009.06.11.23.22|
03|Bács-Kiskun              |033|Érsekcsanád              |0002246|0000005|0002251|0000000|0000785|0000785|+000000|0000004|0000781|100.00|2009.06.11.23.22|
03|Bács-Kiskun              |034|Érsekhalma               |0000536|0000000|0000536|0000000|0000148|0000148|+000000|0000003|0000145|100.00|2009.06.11.23.22|
03|Bács-Kiskun              |035|Fajsz                    |0001530|0000004|0001534|0000000|0000518|0000518|+000000|0000002|0000516|100.00|2009.06.11.23.22|
03|Bács-Kiskun              |036|Felsõlajos               |0000773|0000003|0000776|0000000|0000269|0000269|+000000|0000001|0000268|100.00|2009.06.11.23.22|
03|Bács-Kiskun              |037|Felsõszentiván           |0001599|0000001|0001600|0000000|0000399|0000399|+000000|0000005|0000394|100.00|2009.06.11.23.22|
03|Bács-Kiskun              |038|Foktõ                    |0001365|0000002|0001367|0000000|0000486|0000486|+000000|0000006|0000480|100.00|2009.06.11.23.22|
03|Bács-Kiskun              |039|Fülöpháza                |0000710|0000000|0000710|0000000|0000248|0000248|+000000|0000002|0000246|100.00|2009.06.11.23.22|
03|Bács-Kiskun              |040|Fülöpjakab               |0000888|0000000|0000888|0000000|0000300|0000300|+000000|0000003|0000297|100.00|2009.06.11.23.22|
03|Bács-Kiskun              |041|Fülöpszállás             |0001941|0000002|0001943|0000000|0000568|0000568|+000000|0000003|0000565|100.00|2009.06.11.23.22|
03|Bács-Kiskun              |042|Gara                     |0001820|0000000|0001820|0000000|0000539|0000539|+000000|0000008|0000531|100.00|2009.06.11.23.22|
03|Bács-Kiskun              |043|Gátér                    |0000828|0000000|0000828|0000000|0000254|0000254|+000000|0000001|0000253|100.00|2009.06.11.23.22|
03|Bács-Kiskun              |044|Géderlak                 |0000890|0000000|0000890|0000000|0000311|0000311|+000000|0000004|0000307|100.00|2009.06.11.23.22|
03|Bács-Kiskun              |045|Hajós                    |0002696|0000000|0002696|0000000|0000910|0000910|+000000|0000003|0000907|100.00|2009.06.11.23.22|
03|Bács-Kiskun              |046|Harkakötöny              |0000727|0000001|0000728|0000000|0000230|0000230|+000000|0000005|0000225|100.00|2009.06.11.23.22|
03|Bács-Kiskun              |047|Harta                    |0003086|0000048|0003134|0000000|0001076|0001076|+000000|0000007|0001069|100.00|2009.06.11.23.22|
03|Bács-Kiskun              |048|Helvécia                 |0003325|0000002|0003327|0000000|0000900|0000900|+000000|0000010|0000890|100.00|2009.06.11.23.22|
03|Bács-Kiskun              |049|Hercegszántó             |0001708|0000001|0001709|0000000|0000446|0000446|+000000|0000003|0000443|100.00|2009.06.11.23.22|
03|Bács-Kiskun              |050|Homokmégy                |0001249|0000001|0001250|0000000|0000487|0000487|+000000|0000001|0000486|100.00|2009.06.11.23.22|
03|Bács-Kiskun              |051|Imrehegy                 |0000590|0000000|0000590|0000000|0000202|0000202|+000000|0000004|0000198|100.00|2009.06.11.23.22|
03|Bács-Kiskun              |052|Izsák                    |0004930|0000005|0004935|0000000|0001750|0001750|+000000|0000023|0001727|100.00|2009.06.11.23.22|
03|Bács-Kiskun              |053|Jakabszállás             |0002142|0000000|0002142|0000000|0000621|0000621|+000000|0000013|0000608|100.00|2009.06.11.23.22|
03|Bács-Kiskun              |054|Jánoshalma               |0007599|0000018|0007617|0000002|0002609|0002609|+000000|0000021|0002588|100.00|2009.06.11.23.22|
03|Bács-Kiskun              |055|Jászszentlászló          |0002109|0000002|0002111|0000000|0000759|0000759|+000000|0000006|0000753|100.00|2009.06.11.23.22|
03|Bács-Kiskun              |056|Kalocsa                  |0014438|0000039|0014477|0000000|0004997|0004997|+000000|0000045|0004952|100.00|2009.06.11.23.22|
03|Bács-Kiskun              |057|Kaskantyú                |0000853|0000001|0000854|0000000|0000254|0000254|+000000|0000000|0000254|100.00|2009.06.11.23.22|
03|Bács-Kiskun              |058|Katymár                  |0001703|0000001|0001704|0000000|0000442|0000442|+000000|0000007|0000435|100.00|2009.06.11.23.22|
03|Bács-Kiskun              |059|Kecel                    |0007078|0000020|0007098|0000000|0002265|0002265|+000000|0000013|0002252|100.00|2009.06.11.23.22|
03|Bács-Kiskun              |060|Kecskemét                |0087651|0000143|0087794|0000020|0033356|0033348|-000008|0000199|0033149|100.00|2009.06.11.23.22|
03|Bács-Kiskun              |061|Kelebia                  |0002198|0000003|0002201|0000000|0000554|0000554|+000000|0000005|0000549|100.00|2009.06.11.23.22|
03|Bács-Kiskun              |062|Kerekegyháza             |0004866|0000004|0004870|0000000|0001651|0001651|+000000|0000015|0001636|100.00|2009.06.11.23.22|
03|Bács-Kiskun              |063|Kéleshalom               |0000372|0000000|0000372|0000000|0000091|0000091|+000000|0000001|0000090|100.00|2009.06.11.23.22|
03|Bács-Kiskun              |064|Kiskõrös                 |0012047|0000017|0012064|0000000|0004944|0004944|+000000|0000038|0004906|100.00|2009.06.11.23.22|
03|Bács-Kiskun              |065|Kiskunfélegyháza         |0025370|0000028|0025398|0000008|0008600|0008599|-000001|0000085|0008514|100.00|2009.06.11.23.22|
03|Bács-Kiskun              |066|Kiskunhalas              |0023456|0000027|0023483|0000003|0007465|0007465|+000000|0000074|0007391|100.00|2009.06.11.23.22|
03|Bács-Kiskun              |067|Kiskunmajsa              |0009262|0000011|0009273|0000001|0002773|0002771|-000002|0000045|0002726|100.00|2009.06.11.23.22|
03|Bács-Kiskun              |068|Kisszállás               |0002209|0000002|0002211|0000000|0000507|0000507|+000000|0000001|0000506|100.00|2009.06.11.23.22|
03|Bács-Kiskun              |069|Kömpöc                   |0000586|0000001|0000587|0000000|0000166|0000166|+000000|0000001|0000165|100.00|2009.06.11.23.22|
03|Bács-Kiskun              |070|Kunadacs                 |0001306|0000004|0001310|0000000|0000367|0000367|+000000|0000007|0000360|100.00|2009.06.11.23.22|
03|Bács-Kiskun              |071|Kunbaja                  |0001361|0000003|0001364|0000002|0000368|0000368|+000000|0000005|0000363|100.00|2009.06.11.23.22|
03|Bács-Kiskun              |072|Kunbaracs                |0000524|0000000|0000524|0000000|0000174|0000174|+000000|0000004|0000170|100.00|2009.06.11.23.22|
03|Bács-Kiskun              |073|Kunfehértó               |0001811|0000005|0001816|0000000|0000527|0000527|+000000|0000002|0000525|100.00|2009.06.11.23.22|
03|Bács-Kiskun              |074|Kunpeszér                |0000546|0000003|0000549|0000000|0000190|0000190|+000000|0000004|0000186|100.00|2009.06.11.23.22|
03|Bács-Kiskun              |075|Kunszállás               |0001348|0000000|0001348|0000000|0000451|0000451|+000000|0000005|0000446|100.00|2009.06.11.23.22|
03|Bács-Kiskun              |076|Kunszentmiklós           |0006900|0000017|0006917|0000001|0002216|0002214|-000002|0000014|0002200|100.00|2009.06.11.23.22|
03|Bács-Kiskun              |077|Ladánybene               |0001357|0000003|0001360|0000000|0000415|0000415|+000000|0000009|0000406|100.00|2009.06.11.23.22|
03|Bács-Kiskun              |078|Lajosmizse               |0008968|0000017|0008985|0000000|0003008|0003006|-000002|0000020|0002986|100.00|2009.06.11.23.22|
03|Bács-Kiskun              |079|Lakitelek                |0003634|0000013|0003647|0000000|0001097|0001096|-000001|0000007|0001089|100.00|2009.06.11.23.22|
03|Bács-Kiskun              |080|Madaras                  |0002485|0000000|0002485|0000000|0000626|0000626|+000000|0000009|0000617|100.00|2009.06.11.23.22|
03|Bács-Kiskun              |081|Mátételke                |0000459|0000000|0000459|0000000|0000154|0000154|+000000|0000003|0000151|100.00|2009.06.11.23.22|
03|Bács-Kiskun              |082|Mélykút                  |0004466|0000006|0004472|0000001|0001397|0001397|+000000|0000017|0001380|100.00|2009.06.11.23.22|
03|Bács-Kiskun              |083|Miske                    |0001501|0000000|0001501|0000000|0000565|0000565|+000000|0000005|0000560|100.00|2009.06.11.23.22|
03|Bács-Kiskun              |084|Móricgát                 |0000416|0000003|0000419|0000000|0000148|0000148|+000000|0000001|0000147|100.00|2009.06.11.23.22|
03|Bács-Kiskun              |085|Nagybaracska             |0001939|0000003|0001942|0000000|0000555|0000555|+000000|0000004|0000551|100.00|2009.06.11.23.22|
03|Bács-Kiskun              |086|Nemesnádudvar            |0001620|0000003|0001623|0000000|0000454|0000453|-000001|0000005|0000448|100.00|2009.06.11.23.22|
03|Bács-Kiskun              |087|Nyárlõrinc               |0001900|0000003|0001903|0000000|0000602|0000602|+000000|0000007|0000595|100.00|2009.06.11.23.22|
03|Bács-Kiskun              |088|Ordas                    |0000400|0000000|0000400|0000000|0000163|0000163|+000000|0000001|0000162|100.00|2009.06.11.23.22|
03|Bács-Kiskun              |089|Orgovány                 |0002667|0000005|0002672|0000000|0000690|0000690|+000000|0000005|0000685|100.00|2009.06.11.23.22|
03|Bács-Kiskun              |090|Öregcsertõ               |0000768|0000000|0000768|0000000|0000249|0000249|+000000|0000000|0000249|100.00|2009.06.11.23.22|
03|Bács-Kiskun              |091|Páhi                     |0001001|0000003|0001004|0000000|0000253|0000253|+000000|0000008|0000245|100.00|2009.06.11.23.22|
03|Bács-Kiskun              |092|Pálmonostora             |0001521|0000001|0001522|0000000|0000361|0000361|+000000|0000006|0000355|100.00|2009.06.11.23.22|
03|Bács-Kiskun              |093|Petõfiszállás            |0001244|0000002|0001246|0000000|0000362|0000362|+000000|0000002|0000360|100.00|2009.06.11.23.22|
03|Bács-Kiskun              |094|Pirtó                    |0000798|0000002|0000800|0000000|0000283|0000283|+000000|0000002|0000281|100.00|2009.06.11.23.22|
03|Bács-Kiskun              |095|Rém                      |0001052|0000002|0001054|0000000|0000257|0000257|+000000|0000001|0000256|100.00|2009.06.11.23.22|
03|Bács-Kiskun              |096|Solt                     |0005522|0000004|0005526|0000000|0001955|0001955|+000000|0000011|0001944|100.00|2009.06.11.23.22|
03|Bács-Kiskun              |097|Soltszentimre            |0001075|0000001|0001076|0000000|0000367|0000367|+000000|0000006|0000361|100.00|2009.06.11.23.22|
03|Bács-Kiskun              |098|Soltvadkert              |0006020|0000013|0006033|0000001|0002348|0002348|+000000|0000012|0002336|100.00|2009.06.11.23.22|
03|Bács-Kiskun              |099|Sükösd                   |0003165|0000004|0003169|0000000|0001013|0001013|+000000|0000013|0001000|100.00|2009.06.11.23.22|
03|Bács-Kiskun              |100|Szabadszállás            |0005195|0000008|0005203|0000000|0001504|0001504|+000000|0000010|0001494|100.00|2009.06.11.23.22|
03|Bács-Kiskun              |101|Szakmár                  |0001092|0000001|0001093|0000000|0000349|0000349|+000000|0000006|0000343|100.00|2009.06.11.23.22|
03|Bács-Kiskun              |102|Szalkszentmárton         |0002364|0000006|0002370|0000000|0000729|0000729|+000000|0000005|0000724|100.00|2009.06.11.23.22|
03|Bács-Kiskun              |103|Szank                    |0001983|0000004|0001987|0000000|0000806|0000806|+000000|0000006|0000800|100.00|2009.06.11.23.22|
03|Bács-Kiskun              |104|Szentkirály              |0001526|0000003|0001529|0000000|0000584|0000584|+000000|0000005|0000579|100.00|2009.06.11.23.22|
03|Bács-Kiskun              |105|Szeremle                 |0001235|0000000|0001235|0000002|0000434|0000434|+000000|0000001|0000433|100.00|2009.06.11.23.22|
03|Bács-Kiskun              |106|Tabdi                    |0000970|0000002|0000972|0000000|0000348|0000348|+000000|0000004|0000344|100.00|2009.06.11.23.22|
03|Bács-Kiskun              |107|Tass                     |0002340|0000007|0002347|0000001|0000702|0000701|-000001|0000005|0000696|100.00|2009.06.11.23.22|
03|Bács-Kiskun              |108|Tataháza                 |0001093|0000001|0001094|0000000|0000308|0000308|+000000|0000000|0000308|100.00|2009.06.11.23.22|
03|Bács-Kiskun              |109|Tázlár                   |0001414|0000003|0001417|0000000|0000478|0000478|+000000|0000007|0000471|100.00|2009.06.11.23.22|
03|Bács-Kiskun              |110|Tiszaalpár               |0004072|0000010|0004082|0000000|0001056|0001056|+000000|0000017|0001039|100.00|2009.06.11.23.22|
03|Bács-Kiskun              |111|Tiszakécske              |0009366|0000029|0009395|0000000|0003099|0003099|+000000|0000015|0003084|100.00|2009.06.11.23.22|
03|Bács-Kiskun              |112|Tiszaug                  |0000709|0000006|0000715|0000000|0000181|0000181|+000000|0000002|0000179|100.00|2009.06.11.23.22|
03|Bács-Kiskun              |113|Tompa                    |0003601|0000004|0003605|0000000|0000843|0000843|+000000|0000004|0000839|100.00|2009.06.11.23.22|
03|Bács-Kiskun              |114|Uszód                    |0000885|0000000|0000885|0000000|0000301|0000301|+000000|0000006|0000295|100.00|2009.06.11.23.22|
03|Bács-Kiskun              |115|Újsolt                   |0000160|0000001|0000161|0000000|0000092|0000092|+000000|0000001|0000091|100.00|2009.06.11.23.22|
03|Bács-Kiskun              |116|Újtelek                  |0000382|0000000|0000382|0000000|0000150|0000150|+000000|0000004|0000146|100.00|2009.06.11.23.22|
03|Bács-Kiskun              |117|Vaskút                   |0002928|0000009|0002937|0000000|0001017|0001017|+000000|0000007|0001010|100.00|2009.06.11.23.22|
03|Bács-Kiskun              |118|Városföld                |0001803|0000000|0001803|0000000|0000567|0000567|+000000|0000006|0000561|100.00|2009.06.11.23.22|
03|Bács-Kiskun              |119|Zsana                    |0000690|0000000|0000690|0000001|0000199|0000199|+000000|0000000|0000199|100.00|2009.06.11.23.22|
04|Békés                    |001|Almáskamarás             |0000807|0000000|0000807|0000000|0000206|0000206|+000000|0000002|0000204|100.00|2009.06.11.23.22|
04|Békés                    |002|Battonya                 |0004748|0000003|0004751|0000006|0001077|0001077|+000000|0000016|0001061|100.00|2009.06.11.23.22|
04|Békés                    |003|Békés                    |0016798|0000017|0016815|0000005|0005631|0005628|-000003|0000042|0005586|100.00|2009.06.11.23.22|
04|Békés                    |004|Békéscsaba               |0051845|0000058|0051903|0000022|0019428|0019418|-000010|0000135|0019283|100.00|2009.06.11.23.22|
04|Békés                    |005|Békéssámson              |0001962|0000002|0001964|0000003|0000525|0000525|+000000|0000003|0000522|100.00|2009.06.11.23.22|
04|Békés                    |006|Békésszentandrás         |0003196|0000036|0003232|0000000|0001446|0001446|+000000|0000014|0001432|100.00|2009.06.11.23.22|
04|Békés                    |007|Bélmegyer                |0000921|0000000|0000921|0000000|0000287|0000287|+000000|0000011|0000276|100.00|2009.06.11.23.22|
04|Békés                    |008|Biharugra                |0000860|0000002|0000862|0000000|0000327|0000327|+000000|0000005|0000322|100.00|2009.06.11.23.22|
04|Békés                    |009|Bucsa                    |0001928|0000000|0001928|0000003|0000481|0000481|+000000|0000007|0000474|100.00|2009.06.11.23.22|
04|Békés                    |010|Csabacsûd                |0001654|0000000|0001654|0000000|0000630|0000629|-000001|0000006|0000623|100.00|2009.06.11.23.22|
04|Békés                    |011|Csabaszabadi             |0000303|0000000|0000303|0000000|0000114|0000114|+000000|0000000|0000114|100.00|2009.06.11.23.22|
04|Békés                    |012|Csanádapáca              |0002284|0000000|0002284|0000000|0000915|0000915|+000000|0000010|0000905|100.00|2009.06.11.23.22|
04|Békés                    |013|Csárdaszállás            |0000393|0000000|0000393|0000000|0000150|0000150|+000000|0000003|0000147|100.00|2009.06.11.23.22|
04|Békés                    |014|Csorvás                  |0004500|0000005|0004505|0000000|0001246|0001246|+000000|0000011|0001235|100.00|2009.06.11.23.22|
04|Békés                    |015|Dévaványa                |0006654|0000006|0006660|0000000|0001878|0001878|+000000|0000022|0001856|100.00|2009.06.11.23.22|
04|Békés                    |016|Doboz                    |0003579|0000000|0003579|0000000|0000950|0000950|+000000|0000008|0000942|100.00|2009.06.11.23.22|
04|Békés                    |017|Dombegyház               |0001761|0000000|0001761|0000000|0000440|0000440|+000000|0000006|0000434|100.00|2009.06.11.23.22|
04|Békés                    |018|Dombiratos               |0000530|0000000|0000530|0000000|0000253|0000253|+000000|0000002|0000251|100.00|2009.06.11.23.22|
04|Békés                    |019|Ecsegfalva               |0001134|0000000|0001134|0000000|0000246|0000246|+000000|0000003|0000243|100.00|2009.06.11.23.22|
04|Békés                    |020|Elek                     |0004054|0000001|0004055|0000000|0001180|0001179|-000001|0000020|0001159|100.00|2009.06.11.23.22|
04|Békés                    |021|Füzesgyarmat             |0004870|0000006|0004876|0000000|0001294|0001294|+000000|0000017|0001277|100.00|2009.06.11.23.22|
04|Békés                    |022|Gádoros                  |0003309|0000001|0003310|0000004|0000924|0000924|+000000|0000010|0000914|100.00|2009.06.11.23.22|
04|Békés                    |023|Gerendás                 |0001205|0000001|0001206|0000000|0000620|0000620|+000000|0000002|0000618|100.00|2009.06.11.23.22|
04|Békés                    |024|Geszt                    |0000595|0000001|0000596|0000000|0000144|0000143|-000001|0000001|0000142|100.00|2009.06.11.23.22|
04|Békés                    |025|Gyomaendrõd              |0011968|0000033|0012001|0000002|0003465|0003466|+000001|0000044|0003422|100.00|2009.06.11.23.22|
04|Békés                    |026|Gyula                    |0026305|0000194|0026499|0000008|0009156|0009152|-000004|0000073|0009079|100.00|2009.06.11.23.22|
04|Békés                    |027|Hunya                    |0000620|0000001|0000621|0000000|0000228|0000228|+000000|0000004|0000224|100.00|2009.06.11.23.22|
04|Békés                    |028|Kamut                    |0000926|0000001|0000927|0000000|0000349|0000349|+000000|0000006|0000343|100.00|2009.06.11.23.22|
04|Békés                    |029|Kardos                   |0000608|0000000|0000608|0000000|0000210|0000210|+000000|0000002|0000208|100.00|2009.06.11.23.22|
04|Békés                    |030|Kardoskút                |0000762|0000001|0000763|0000000|0000233|0000233|+000000|0000001|0000232|100.00|2009.06.11.23.22|
04|Békés                    |031|Kaszaper                 |0001614|0000000|0001614|0000000|0000568|0000568|+000000|0000005|0000563|100.00|2009.06.11.23.22|
04|Békés                    |032|Kertészsziget            |0000344|0000000|0000344|0000000|0000094|0000094|+000000|0000001|0000093|100.00|2009.06.11.23.22|
04|Békés                    |033|Kevermes                 |0001713|0000000|0001713|0000000|0000535|0000535|+000000|0000009|0000526|100.00|2009.06.11.23.22|
04|Békés                    |034|Kétegyháza               |0003208|0000005|0003213|0000000|0000787|0000787|+000000|0000009|0000778|100.00|2009.06.11.23.22|
04|Békés                    |035|Kétsoprony               |0001189|0000000|0001189|0000000|0000494|0000494|+000000|0000010|0000484|100.00|2009.06.11.23.22|
04|Békés                    |036|Kisdombegyház            |0000432|0000000|0000432|0000000|0000126|0000126|+000000|0000001|0000125|100.00|2009.06.11.23.22|
04|Békés                    |037|Kondoros                 |0004597|0000004|0004601|0000000|0001279|0001279|+000000|0000014|0001265|100.00|2009.06.11.23.22|
04|Békés                    |038|Körösladány              |0003855|0000000|0003855|0000000|0001206|0001206|+000000|0000015|0001191|100.00|2009.06.11.23.22|
04|Békés                    |039|Körösnagyharsány         |0000527|0000002|0000529|0000000|0000234|0000234|+000000|0000002|0000232|100.00|2009.06.11.23.22|
04|Békés                    |040|Köröstarcsa              |0002214|0000004|0002218|0000001|0000693|0000693|+000000|0000003|0000690|100.00|2009.06.11.23.22|
04|Békés                    |041|Körösújfalu              |0000467|0000000|0000467|0000001|0000100|0000100|+000000|0000004|0000096|100.00|2009.06.11.23.22|
04|Békés                    |042|Kötegyán                 |0001209|0000001|0001210|0000000|0000340|0000340|+000000|0000001|0000339|100.00|2009.06.11.23.22|
04|Békés                    |043|Kunágota                 |0002298|0000002|0002300|0000000|0000644|0000644|+000000|0000006|0000638|100.00|2009.06.11.23.22|
04|Békés                    |044|Lõkösháza                |0001554|0000002|0001556|0000002|0000514|0000514|+000000|0000004|0000510|100.00|2009.06.11.23.22|
04|Békés                    |045|Magyarbánhegyes          |0001887|0000001|0001888|0000002|0000455|0000455|+000000|0000009|0000446|100.00|2009.06.11.23.22|
04|Békés                    |046|Magyardombegyház         |0000212|0000000|0000212|0000010|0000091|0000091|+000000|0000000|0000091|100.00|2009.06.11.23.22|
04|Békés                    |047|Medgyesbodzás            |0000957|0000001|0000958|0000000|0000293|0000293|+000000|0000004|0000289|100.00|2009.06.11.23.22|
04|Békés                    |048|Medgyesegyháza           |0003167|0000002|0003169|0000000|0001084|0001084|+000000|0000007|0001077|100.00|2009.06.11.23.22|
04|Békés                    |049|Mezõberény               |0008783|0000007|0008790|0000000|0002588|0002586|-000002|0000035|0002551|100.00|2009.06.11.23.22|
04|Békés                    |050|Mezõgyán                 |0000949|0000001|0000950|0000000|0000225|0000224|-000001|0000001|0000223|100.00|2009.06.11.23.22|
04|Békés                    |051|Mezõhegyes               |0004849|0000004|0004853|0000000|0001124|0001124|+000000|0000008|0001116|100.00|2009.06.11.23.22|
04|Békés                    |052|Mezõkovácsháza           |0005277|0000002|0005279|0000000|0001584|0001584|+000000|0000008|0001576|100.00|2009.06.11.23.22|
04|Békés                    |053|Méhkerék                 |0001675|0000000|0001675|0000000|0000274|0000274|+000000|0000003|0000271|100.00|2009.06.11.23.22|
04|Békés                    |054|Murony                   |0001099|0000000|0001099|0000006|0000311|0000311|+000000|0000002|0000309|100.00|2009.06.11.23.22|
04|Békés                    |055|Nagybánhegyes            |0001184|0000001|0001185|0000005|0000354|0000355|+000001|0000009|0000346|100.00|2009.06.11.23.22|
04|Békés                    |056|Nagykamarás              |0001280|0000001|0001281|0000003|0000316|0000316|+000000|0000005|0000311|100.00|2009.06.11.23.22|
04|Békés                    |057|Nagyszénás               |0004506|0000002|0004508|0000004|0001394|0001394|+000000|0000011|0001383|100.00|2009.06.11.23.22|
04|Békés                    |058|Okány                    |0002071|0000002|0002073|0000000|0000583|0000583|+000000|0000004|0000579|100.00|2009.06.11.23.22|
04|Békés                    |059|Orosháza                 |0025206|0000038|0025244|0000015|0009069|0009066|-000003|0000077|0008989|100.00|2009.06.11.23.22|
04|Békés                    |060|Örménykút                |0000375|0000001|0000376|0000000|0000134|0000134|+000000|0000000|0000134|100.00|2009.06.11.23.22|
04|Békés                    |061|Pusztaföldvár            |0001501|0000001|0001502|0000000|0000432|0000432|+000000|0000005|0000427|100.00|2009.06.11.23.22|
04|Békés                    |062|Pusztaottlaka            |0000334|0000000|0000334|0000000|0000126|0000126|+000000|0000002|0000124|100.00|2009.06.11.23.22|
04|Békés                    |063|Sarkad                   |0008259|0000010|0008269|0000004|0002508|0002508|+000000|0000021|0002487|100.00|2009.06.11.23.22|
04|Békés                    |064|Sarkadkeresztúr          |0001465|0000000|0001465|0000000|0000344|0000344|+000000|0000008|0000336|100.00|2009.06.11.23.22|
04|Békés                    |065|Szabadkígyós             |0002290|0000001|0002291|0000000|0000704|0000704|+000000|0000005|0000699|100.00|2009.06.11.23.22|
04|Békés                    |066|Szarvas                  |0014203|0000045|0014248|0000003|0005643|0005641|-000002|0000046|0005595|100.00|2009.06.11.23.22|
04|Békés                    |067|Szeghalom                |0007828|0000008|0007836|0000000|0002326|0002326|+000000|0000016|0002310|100.00|2009.06.11.23.22|
04|Békés                    |068|Tarhos                   |0000744|0000000|0000744|0000001|0000214|0000214|+000000|0000003|0000211|100.00|2009.06.11.23.22|
04|Békés                    |069|Telekgerendás            |0001368|0000001|0001369|0000002|0000524|0000524|+000000|0000009|0000515|100.00|2009.06.11.23.22|
04|Békés                    |070|Tótkomlós                |0005183|0000000|0005183|0000000|0001710|0001710|+000000|0000012|0001698|100.00|2009.06.11.23.22|
04|Békés                    |071|Újkígyós                 |0004579|0000001|0004580|0000001|0001467|0001468|+000001|0000017|0001451|100.00|2009.06.11.23.22|
04|Békés                    |072|Újszalonta               |0000092|0000002|0000094|0000001|0000046|0000046|+000000|0000002|0000044|100.00|2009.06.11.23.22|
04|Békés                    |073|Végegyháza               |0001224|0000000|0001224|0000000|0000380|0000380|+000000|0000003|0000377|100.00|2009.06.11.23.22|
04|Békés                    |074|Vésztõ                   |0005795|0000005|0005800|0000003|0001639|0001639|+000000|0000024|0001615|100.00|2009.06.11.23.22|
04|Békés                    |075|Zsadány                  |0001375|0000001|0001376|0000000|0000395|0000394|-000001|0000001|0000393|100.00|2009.06.11.23.22|
05|Borsod-Abaúj-Zemplén     |001|Abaújalpár               |0000071|0000000|0000071|0000000|0000037|0000037|+000000|0000000|0000037|100.00|2009.06.11.23.22|
05|Borsod-Abaúj-Zemplén     |002|Abaújkér                 |0000501|0000000|0000501|0000000|0000213|0000213|+000000|0000003|0000210|100.00|2009.06.11.23.22|
05|Borsod-Abaúj-Zemplén     |003|Abaújlak                 |0000089|0000000|0000089|0000000|0000035|0000035|+000000|0000000|0000035|100.00|2009.06.11.23.22|
05|Borsod-Abaúj-Zemplén     |004|Abaújszántó              |0002485|0000003|0002488|0000000|0000692|0000692|+000000|0000006|0000686|100.00|2009.06.11.23.22|
05|Borsod-Abaúj-Zemplén     |005|Abaújszolnok             |0000109|0000000|0000109|0000000|0000039|0000039|+000000|0000003|0000036|100.00|2009.06.11.23.22|
05|Borsod-Abaúj-Zemplén     |006|Abaújvár                 |0000171|0000000|0000171|0000000|0000073|0000073|+000000|0000001|0000072|100.00|2009.06.11.23.22|
05|Borsod-Abaúj-Zemplén     |007|Abod                     |0000193|0000000|0000193|0000000|0000116|0000116|+000000|0000003|0000113|100.00|2009.06.11.23.22|
05|Borsod-Abaúj-Zemplén     |008|Aggtelek                 |0000479|0000005|0000484|0000000|0000212|0000211|-000001|0000004|0000207|100.00|2009.06.11.23.22|
05|Borsod-Abaúj-Zemplén     |009|Alacska                  |0000667|0000000|0000667|0000000|0000134|0000134|+000000|0000001|0000133|100.00|2009.06.11.23.22|
05|Borsod-Abaúj-Zemplén     |010|Alsóberecki              |0000651|0000000|0000651|0000000|0000156|0000156|+000000|0000002|0000154|100.00|2009.06.11.23.22|
05|Borsod-Abaúj-Zemplén     |011|Alsódobsza               |0000270|0000000|0000270|0000001|0000115|0000115|+000000|0000002|0000113|100.00|2009.06.11.23.22|
05|Borsod-Abaúj-Zemplén     |012|Alsógagy                 |0000092|0000000|0000092|0000000|0000044|0000044|+000000|0000001|0000043|100.00|2009.06.11.23.22|
05|Borsod-Abaúj-Zemplén     |013|Alsóregmec               |0000183|0000000|0000183|0000000|0000098|0000098|+000000|0000006|0000092|100.00|2009.06.11.23.22|
05|Borsod-Abaúj-Zemplén     |014|Alsószuha                |0000360|0000000|0000360|0000000|0000136|0000136|+000000|0000000|0000136|100.00|2009.06.11.23.22|
05|Borsod-Abaúj-Zemplén     |015|Alsótelekes              |0000127|0000002|0000129|0000000|0000050|0000050|+000000|0000001|0000049|100.00|2009.06.11.23.22|
05|Borsod-Abaúj-Zemplén     |016|Alsóvadász               |0001118|0000000|0001118|0000000|0000327|0000325|-000002|0000003|0000322|100.00|2009.06.11.23.22|
05|Borsod-Abaúj-Zemplén     |017|Alsózsolca               |0004353|0000005|0004358|0000000|0001267|0001267|+000000|0000020|0001247|100.00|2009.06.11.23.22|
05|Borsod-Abaúj-Zemplén     |018|Arka                     |0000085|0000003|0000088|0000000|0000056|0000056|+000000|0000002|0000054|100.00|2009.06.11.23.22|
05|Borsod-Abaúj-Zemplén     |019|Arló                     |0002716|0000005|0002721|0000001|0000582|0000582|+000000|0000023|0000559|100.00|2009.06.11.23.22|
05|Borsod-Abaúj-Zemplén     |020|Arnót                    |0002022|0000000|0002022|0000000|0000726|0000726|+000000|0000002|0000724|100.00|2009.06.11.23.22|
05|Borsod-Abaúj-Zemplén     |021|Aszaló                   |0001438|0000000|0001438|0000000|0000362|0000362|+000000|0000004|0000358|100.00|2009.06.11.23.22|
05|Borsod-Abaúj-Zemplén     |022|Ároktõ                   |0000889|0000000|0000889|0000000|0000250|0000250|+000000|0000007|0000243|100.00|2009.06.11.23.22|
05|Borsod-Abaúj-Zemplén     |023|Baktakék                 |0000567|0000001|0000568|0000000|0000168|0000168|+000000|0000001|0000167|100.00|2009.06.11.23.22|
05|Borsod-Abaúj-Zemplén     |024|Balajt                   |0000310|0000000|0000310|0000000|0000123|0000123|+000000|0000008|0000115|100.00|2009.06.11.23.22|
05|Borsod-Abaúj-Zemplén     |025|Baskó                    |0000171|0000000|0000171|0000000|0000085|0000085|+000000|0000001|0000084|100.00|2009.06.11.23.22|
05|Borsod-Abaúj-Zemplén     |026|Bánhorváti               |0001230|0000000|0001230|0000000|0000359|0000359|+000000|0000010|0000349|100.00|2009.06.11.23.22|
05|Borsod-Abaúj-Zemplén     |027|Bánréve                  |0001125|0000000|0001125|0000000|0000372|0000372|+000000|0000001|0000371|100.00|2009.06.11.23.22|
05|Borsod-Abaúj-Zemplén     |028|Becskeháza               |0000039|0000000|0000039|0000000|0000027|0000027|+000000|0000002|0000025|100.00|2009.06.11.23.22|
05|Borsod-Abaúj-Zemplén     |029|Bekecs                   |0002083|0000001|0002084|0000000|0000672|0000672|+000000|0000010|0000662|100.00|2009.06.11.23.22|
05|Borsod-Abaúj-Zemplén     |030|Berente                  |0000885|0000000|0000885|0000000|0000239|0000238|-000001|0000003|0000235|100.00|2009.06.11.23.22|
05|Borsod-Abaúj-Zemplén     |031|Beret                    |0000203|0000000|0000203|0000000|0000085|0000085|+000000|0000006|0000079|100.00|2009.06.11.23.22|
05|Borsod-Abaúj-Zemplén     |032|Berzék                   |0000722|0000003|0000725|0000000|0000223|0000223|+000000|0000006|0000217|100.00|2009.06.11.23.22|
05|Borsod-Abaúj-Zemplén     |033|Bodroghalom              |0001134|0000000|0001134|0000001|0000226|0000226|+000000|0000002|0000224|100.00|2009.06.11.23.22|
05|Borsod-Abaúj-Zemplén     |034|Bodrogkeresztúr          |0001029|0000003|0001032|0000001|0000377|0000377|+000000|0000007|0000370|100.00|2009.06.11.23.22|
05|Borsod-Abaúj-Zemplén     |035|Bodrogkisfalud           |0000766|0000000|0000766|0000000|0000292|0000292|+000000|0000001|0000291|100.00|2009.06.11.23.22|
05|Borsod-Abaúj-Zemplén     |036|Bodrogolaszi             |0000768|0000000|0000768|0000000|0000268|0000268|+000000|0000003|0000265|100.00|2009.06.11.23.22|
05|Borsod-Abaúj-Zemplén     |037|Bogács                   |0001579|0000031|0001610|0000000|0000490|0000489|-000001|0000008|0000481|100.00|2009.06.11.23.22|
05|Borsod-Abaúj-Zemplén     |038|Boldogkõújfalu           |0000358|0000001|0000359|0000000|0000097|0000097|+000000|0000001|0000096|100.00|2009.06.11.23.22|
05|Borsod-Abaúj-Zemplén     |039|Boldogkõváralja          |0000790|0000007|0000797|0000000|0000255|0000255|+000000|0000007|0000248|100.00|2009.06.11.23.22|
05|Borsod-Abaúj-Zemplén     |040|Boldva                   |0001824|0000000|0001824|0000001|0000481|0000482|+000001|0000015|0000467|100.00|2009.06.11.23.22|
05|Borsod-Abaúj-Zemplén     |041|Borsodbóta               |0000730|0000000|0000730|0000000|0000178|0000178|+000000|0000004|0000174|100.00|2009.06.11.23.22|
05|Borsod-Abaúj-Zemplén     |042|Borsodgeszt              |0000236|0000000|0000236|0000000|0000085|0000085|+000000|0000001|0000084|100.00|2009.06.11.23.22|
05|Borsod-Abaúj-Zemplén     |043|Borsodivánka             |0000427|0000002|0000429|0000000|0000154|0000154|+000000|0000003|0000151|100.00|2009.06.11.23.22|
05|Borsod-Abaúj-Zemplén     |044|Borsodnádasd             |0002678|0000000|0002678|0000000|0000732|0000732|+000000|0000010|0000722|100.00|2009.06.11.23.22|
05|Borsod-Abaúj-Zemplén     |045|Borsodszentgyörgy        |0001041|0000001|0001042|0000000|0000338|0000338|+000000|0000003|0000335|100.00|2009.06.11.23.22|
05|Borsod-Abaúj-Zemplén     |046|Borsodszirák             |0000931|0000000|0000931|0000000|0000272|0000272|+000000|0000003|0000269|100.00|2009.06.11.23.22|
05|Borsod-Abaúj-Zemplén     |047|Bódvalenke               |0000125|0000000|0000125|0000000|0000062|0000062|+000000|0000001|0000061|100.00|2009.06.11.23.22|
05|Borsod-Abaúj-Zemplén     |048|Bódvarákó                |0000093|0000001|0000094|0000000|0000041|0000041|+000000|0000001|0000040|100.00|2009.06.11.23.22|
05|Borsod-Abaúj-Zemplén     |049|Bódvaszilas              |0000910|0000007|0000917|0000000|0000353|0000353|+000000|0000005|0000348|100.00|2009.06.11.23.22|
05|Borsod-Abaúj-Zemplén     |050|Bózsva                   |0000160|0000006|0000166|0000000|0000073|0000073|+000000|0000001|0000072|100.00|2009.06.11.23.22|
05|Borsod-Abaúj-Zemplén     |051|Bõcs                     |0002144|0000002|0002146|0000003|0000677|0000676|-000001|0000006|0000670|100.00|2009.06.11.23.22|
05|Borsod-Abaúj-Zemplén     |052|Bükkaranyos              |0001140|0000000|0001140|0000000|0000278|0000278|+000000|0000002|0000276|100.00|2009.06.11.23.22|
05|Borsod-Abaúj-Zemplén     |053|Bükkábrány               |0001409|0000001|0001410|0000000|0000503|0000503|+000000|0000000|0000503|100.00|2009.06.11.23.22|
05|Borsod-Abaúj-Zemplén     |054|Bükkmogyorósd            |0000130|0000000|0000130|0000000|0000038|0000038|+000000|0000000|0000038|100.00|2009.06.11.23.22|
05|Borsod-Abaúj-Zemplén     |055|Bükkszentkereszt         |0001039|0000010|0001049|0000000|0000344|0000343|-000001|0000002|0000341|100.00|2009.06.11.23.22|
05|Borsod-Abaúj-Zemplén     |056|Bükkzsérc                |0000871|0000001|0000872|0000000|0000327|0000327|+000000|0000001|0000326|100.00|2009.06.11.23.22|
05|Borsod-Abaúj-Zemplén     |057|Büttös                   |0000185|0000000|0000185|0000000|0000061|0000061|+000000|0000001|0000060|100.00|2009.06.11.23.22|
05|Borsod-Abaúj-Zemplén     |058|Cigánd                   |0002356|0000001|0002357|0000000|0000314|0000314|+000000|0000004|0000310|100.00|2009.06.11.23.22|
05|Borsod-Abaúj-Zemplén     |059|Csenyéte                 |0000249|0000000|0000249|0000000|0000047|0000047|+000000|0000006|0000041|100.00|2009.06.11.23.22|
05|Borsod-Abaúj-Zemplén     |060|Cserépfalu               |0000872|0000004|0000876|0000001|0000292|0000292|+000000|0000003|0000289|100.00|2009.06.11.23.22|
05|Borsod-Abaúj-Zemplén     |061|Cserépváralja            |0000408|0000002|0000410|0000000|0000222|0000222|+000000|0000002|0000220|100.00|2009.06.11.23.22|
05|Borsod-Abaúj-Zemplén     |062|Csernely                 |0000656|0000000|0000656|0000000|0000140|0000140|+000000|0000001|0000139|100.00|2009.06.11.23.22|
05|Borsod-Abaúj-Zemplén     |063|Csincse                  |0000464|0000000|0000464|0000000|0000133|0000133|+000000|0000001|0000132|100.00|2009.06.11.23.22|
05|Borsod-Abaúj-Zemplén     |064|Csobaj                   |0000586|0000001|0000587|0000000|0000128|0000128|+000000|0000003|0000125|100.00|2009.06.11.23.22|
05|Borsod-Abaúj-Zemplén     |065|Csobád                   |0000544|0000000|0000544|0000000|0000249|0000249|+000000|0000002|0000247|100.00|2009.06.11.23.22|
05|Borsod-Abaúj-Zemplén     |066|Csokvaomány              |0000757|0000000|0000757|0000000|0000230|0000230|+000000|0000001|0000229|100.00|2009.06.11.23.22|
05|Borsod-Abaúj-Zemplén     |067|Damak                    |0000218|0000000|0000218|0000000|0000102|0000102|+000000|0000002|0000100|100.00|2009.06.11.23.22|
05|Borsod-Abaúj-Zemplén     |068|Dámóc                    |0000314|0000000|0000314|0000000|0000087|0000087|+000000|0000008|0000079|100.00|2009.06.11.23.22|
05|Borsod-Abaúj-Zemplén     |069|Debréte                  |0000019|0000000|0000019|0000000|0000011|0000011|+000000|0000000|0000011|100.00|2009.06.11.23.22|
05|Borsod-Abaúj-Zemplén     |070|Detek                    |0000226|0000000|0000226|0000000|0000080|0000080|+000000|0000001|0000079|100.00|2009.06.11.23.22|
05|Borsod-Abaúj-Zemplén     |071|Dédestapolcsány          |0001307|0000000|0001307|0000000|0000384|0000384|+000000|0000005|0000379|100.00|2009.06.11.23.22|
05|Borsod-Abaúj-Zemplén     |072|Domaháza                 |0000669|0000000|0000669|0000001|0000175|0000175|+000000|0000006|0000169|100.00|2009.06.11.23.22|
05|Borsod-Abaúj-Zemplén     |073|Dövény                   |0000239|0000000|0000239|0000000|0000096|0000096|+000000|0000001|0000095|100.00|2009.06.11.23.22|
05|Borsod-Abaúj-Zemplén     |074|Dubicsány                |0000261|0000000|0000261|0000000|0000102|0000102|+000000|0000001|0000101|100.00|2009.06.11.23.22|
05|Borsod-Abaúj-Zemplén     |075|Edelény                  |0008265|0000008|0008273|0000010|0003543|0003543|+000000|0000034|0003509|100.00|2009.06.11.23.22|
05|Borsod-Abaúj-Zemplén     |076|Egerlövõ                 |0000483|0000001|0000484|0000000|0000299|0000299|+000000|0000003|0000296|100.00|2009.06.11.23.22|
05|Borsod-Abaúj-Zemplén     |077|Emõd                     |0004284|0000002|0004286|0000000|0001175|0001175|+000000|0000014|0001161|100.00|2009.06.11.23.22|
05|Borsod-Abaúj-Zemplén     |078|Encs                     |0005046|0000011|0005057|0000000|0001838|0001838|+000000|0000018|0001820|100.00|2009.06.11.23.22|
05|Borsod-Abaúj-Zemplén     |079|Erdõbénye                |0001082|0000011|0001093|0000000|0000414|0000414|+000000|0000006|0000408|100.00|2009.06.11.23.22|
05|Borsod-Abaúj-Zemplén     |080|Erdõhorváti              |0000500|0000000|0000500|0000000|0000185|0000185|+000000|0000001|0000184|100.00|2009.06.11.23.22|
05|Borsod-Abaúj-Zemplén     |081|Égerszög                 |0000057|0000001|0000058|0000000|0000043|0000043|+000000|0000000|0000043|100.00|2009.06.11.23.22|
05|Borsod-Abaúj-Zemplén     |082|Fancsal                  |0000288|0000000|0000288|0000000|0000102|0000102|+000000|0000000|0000102|100.00|2009.06.11.23.22|
05|Borsod-Abaúj-Zemplén     |083|Farkaslyuk               |0001324|0000000|0001324|0000000|0000256|0000256|+000000|0000002|0000254|100.00|2009.06.11.23.22|
05|Borsod-Abaúj-Zemplén     |084|Fáj                      |0000197|0000000|0000197|0000000|0000101|0000101|+000000|0000003|0000098|100.00|2009.06.11.23.22|
05|Borsod-Abaúj-Zemplén     |085|Felsõberecki             |0000224|0000000|0000224|0000000|0000096|0000096|+000000|0000003|0000093|100.00|2009.06.11.23.22|
05|Borsod-Abaúj-Zemplén     |086|Felsõdobsza              |0000690|0000001|0000691|0000000|0000178|0000178|+000000|0000001|0000177|100.00|2009.06.11.23.22|
05|Borsod-Abaúj-Zemplén     |087|Felsõgagy                |0000124|0000000|0000124|0000000|0000059|0000059|+000000|0000000|0000059|100.00|2009.06.11.23.22|
05|Borsod-Abaúj-Zemplén     |088|Felsõkelecsény           |0000337|0000000|0000337|0000000|0000103|0000103|+000000|0000001|0000102|100.00|2009.06.11.23.22|
05|Borsod-Abaúj-Zemplén     |089|Felsõnyárád              |0000853|0000001|0000854|0000000|0000224|0000224|+000000|0000003|0000221|100.00|2009.06.11.23.22|
05|Borsod-Abaúj-Zemplén     |090|Felsõregmec              |0000188|0000000|0000188|0000000|0000077|0000077|+000000|0000002|0000075|100.00|2009.06.11.23.22|
05|Borsod-Abaúj-Zemplén     |091|Felsõtelekes             |0000644|0000000|0000644|0000002|0000176|0000176|+000000|0000004|0000172|100.00|2009.06.11.23.22|
05|Borsod-Abaúj-Zemplén     |092|Felsõvadász              |0000367|0000000|0000367|0000000|0000107|0000107|+000000|0000001|0000106|100.00|2009.06.11.23.22|
05|Borsod-Abaúj-Zemplén     |093|Felsõzsolca              |0005657|0000006|0005663|0000000|0001886|0001886|+000000|0000015|0001871|100.00|2009.06.11.23.22|
05|Borsod-Abaúj-Zemplén     |094|Filkeháza                |0000092|0000000|0000092|0000000|0000062|0000062|+000000|0000001|0000061|100.00|2009.06.11.23.22|
05|Borsod-Abaúj-Zemplén     |095|Fony                     |0000278|0000001|0000279|0000000|0000102|0000102|+000000|0000004|0000098|100.00|2009.06.11.23.22|
05|Borsod-Abaúj-Zemplén     |096|Forró                    |0001916|0000000|0001916|0000000|0000947|0000947|+000000|0000022|0000925|100.00|2009.06.11.23.22|
05|Borsod-Abaúj-Zemplén     |097|Fulókércs                |0000249|0000001|0000250|0000001|0000057|0000057|+000000|0000001|0000056|100.00|2009.06.11.23.22|
05|Borsod-Abaúj-Zemplén     |098|Füzér                    |0000371|0000002|0000373|0000002|0000182|0000182|+000000|0000001|0000181|100.00|2009.06.11.23.22|
05|Borsod-Abaúj-Zemplén     |099|Füzérkajata              |0000109|0000002|0000111|0000000|0000037|0000037|+000000|0000001|0000036|100.00|2009.06.11.23.22|
05|Borsod-Abaúj-Zemplén     |100|Füzérkomlós              |0000294|0000000|0000294|0000000|0000110|0000110|+000000|0000002|0000108|100.00|2009.06.11.23.22|
05|Borsod-Abaúj-Zemplén     |101|Füzérradvány             |0000271|0000001|0000272|0000000|0000092|0000092|+000000|0000001|0000091|100.00|2009.06.11.23.22|
05|Borsod-Abaúj-Zemplén     |102|Gadna                    |0000160|0000000|0000160|0000000|0000076|0000076|+000000|0000001|0000075|100.00|2009.06.11.23.22|
05|Borsod-Abaúj-Zemplén     |103|Gagyapáti                |0000029|0000000|0000029|0000000|0000016|0000016|+000000|0000000|0000016|100.00|2009.06.11.23.22|
05|Borsod-Abaúj-Zemplén     |104|Gagybátor                |0000152|0000000|0000152|0000000|0000060|0000060|+000000|0000001|0000059|100.00|2009.06.11.23.22|
05|Borsod-Abaúj-Zemplén     |105|Gagyvendégi              |0000178|0000000|0000178|0000000|0000045|0000045|+000000|0000001|0000044|100.00|2009.06.11.23.22|
05|Borsod-Abaúj-Zemplén     |106|Galvács                  |0000093|0000000|0000093|0000000|0000055|0000055|+000000|0000001|0000054|100.00|2009.06.11.23.22|
05|Borsod-Abaúj-Zemplén     |107|Garadna                  |0000351|0000000|0000351|0000000|0000209|0000209|+000000|0000006|0000203|100.00|2009.06.11.23.22|
05|Borsod-Abaúj-Zemplén     |108|Gelej                    |0000514|0000001|0000515|0000000|0000186|0000186|+000000|0000001|0000185|100.00|2009.06.11.23.22|
05|Borsod-Abaúj-Zemplén     |109|Gesztely                 |0002219|0000002|0002221|0000000|0000643|0000643|+000000|0000007|0000636|100.00|2009.06.11.23.22|
05|Borsod-Abaúj-Zemplén     |110|Girincs                  |0000570|0000000|0000570|0000000|0000140|0000140|+000000|0000003|0000137|100.00|2009.06.11.23.22|
05|Borsod-Abaúj-Zemplén     |111|Golop                    |0000500|0000000|0000500|0000002|0000222|0000222|+000000|0000002|0000220|100.00|2009.06.11.23.22|
05|Borsod-Abaúj-Zemplén     |112|Gömörszõlõs              |0000077|0000000|0000077|0000000|0000039|0000039|+000000|0000000|0000039|100.00|2009.06.11.23.22|
05|Borsod-Abaúj-Zemplén     |113|Gönc                     |0001734|0000006|0001740|0000000|0000613|0000613|+000000|0000010|0000603|100.00|2009.06.11.23.22|
05|Borsod-Abaúj-Zemplén     |114|Göncruszka               |0000508|0000001|0000509|0000000|0000149|0000149|+000000|0000000|0000149|100.00|2009.06.11.23.22|
05|Borsod-Abaúj-Zemplén     |115|Györgytarló              |0000466|0000000|0000466|0000000|0000132|0000132|+000000|0000003|0000129|100.00|2009.06.11.23.22|
05|Borsod-Abaúj-Zemplén     |116|Halmaj                   |0001407|0000001|0001408|0000000|0000353|0000353|+000000|0000009|0000344|100.00|2009.06.11.23.22|
05|Borsod-Abaúj-Zemplén     |117|Hangács                  |0000504|0000001|0000505|0000006|0000190|0000190|+000000|0000002|0000188|100.00|2009.06.11.23.22|
05|Borsod-Abaúj-Zemplén     |118|Hangony                  |0001287|0000000|0001287|0000000|0000404|0000404|+000000|0000010|0000394|100.00|2009.06.11.23.22|
05|Borsod-Abaúj-Zemplén     |119|Harsány                  |0001660|0000008|0001668|0000000|0000500|0000500|+000000|0000003|0000497|100.00|2009.06.11.23.22|
05|Borsod-Abaúj-Zemplén     |120|Háromhuta                |0000122|0000002|0000124|0000000|0000064|0000064|+000000|0000000|0000064|100.00|2009.06.11.23.22|
05|Borsod-Abaúj-Zemplén     |121|Hegymeg                  |0000106|0000000|0000106|0000000|0000047|0000047|+000000|0000002|0000045|100.00|2009.06.11.23.22|
05|Borsod-Abaúj-Zemplén     |122|Hejce                    |0000217|0000000|0000217|0000000|0000087|0000087|+000000|0000001|0000086|100.00|2009.06.11.23.22|
05|Borsod-Abaúj-Zemplén     |123|Hejõbába                 |0001193|0000000|0001193|0000000|0000277|0000277|+000000|0000002|0000275|100.00|2009.06.11.23.22|
05|Borsod-Abaúj-Zemplén     |124|Hejõkeresztúr            |0000882|0000003|0000885|0000000|0000293|0000292|-000001|0000002|0000290|100.00|2009.06.11.23.22|
05|Borsod-Abaúj-Zemplén     |125|Hejõkürt                 |0000252|0000000|0000252|0000000|0000081|0000081|+000000|0000000|0000081|100.00|2009.06.11.23.22|
05|Borsod-Abaúj-Zemplén     |126|Hejõpapi                 |0000921|0000000|0000921|0000003|0000188|0000188|+000000|0000008|0000180|100.00|2009.06.11.23.22|
05|Borsod-Abaúj-Zemplén     |127|Hejõszalonta             |0000543|0000001|0000544|0000000|0000165|0000165|+000000|0000007|0000158|100.00|2009.06.11.23.22|
05|Borsod-Abaúj-Zemplén     |128|Hercegkút                |0000567|0000000|0000567|0000000|0000336|0000336|+000000|0000002|0000334|100.00|2009.06.11.23.22|
05|Borsod-Abaúj-Zemplén     |129|Hernádbûd                |0000122|0000000|0000122|0000000|0000047|0000047|+000000|0000000|0000047|100.00|2009.06.11.23.22|
05|Borsod-Abaúj-Zemplén     |130|Hernádcéce               |0000154|0000001|0000155|0000000|0000049|0000049|+000000|0000000|0000049|100.00|2009.06.11.23.22|
05|Borsod-Abaúj-Zemplén     |131|Hernádkak                |0001208|0000000|0001208|0000000|0000378|0000378|+000000|0000002|0000376|100.00|2009.06.11.23.22|
05|Borsod-Abaúj-Zemplén     |132|Hernádkércs              |0000256|0000000|0000256|0000000|0000109|0000109|+000000|0000003|0000106|100.00|2009.06.11.23.22|
05|Borsod-Abaúj-Zemplén     |133|Hernádnémeti             |0002728|0000001|0002729|0000000|0000738|0000738|+000000|0000010|0000728|100.00|2009.06.11.23.22|
05|Borsod-Abaúj-Zemplén     |134|Hernádpetri              |0000154|0000000|0000154|0000000|0000051|0000051|+000000|0000001|0000050|100.00|2009.06.11.23.22|
05|Borsod-Abaúj-Zemplén     |135|Hernádszentandrás        |0000318|0000000|0000318|0000000|0000113|0000113|+000000|0000002|0000111|100.00|2009.06.11.23.22|
05|Borsod-Abaúj-Zemplén     |136|Hernádszurdok            |0000169|0000000|0000169|0000000|0000092|0000092|+000000|0000003|0000089|100.00|2009.06.11.23.22|
05|Borsod-Abaúj-Zemplén     |137|Hernádvécse              |0000603|0000003|0000606|0000000|0000192|0000192|+000000|0000003|0000189|100.00|2009.06.11.23.22|
05|Borsod-Abaúj-Zemplén     |138|Hét                      |0000444|0000002|0000446|0000000|0000121|0000121|+000000|0000001|0000120|100.00|2009.06.11.23.22|
05|Borsod-Abaúj-Zemplén     |139|Hidasnémeti              |0000859|0000003|0000862|0000001|0000305|0000305|+000000|0000009|0000296|100.00|2009.06.11.23.22|
05|Borsod-Abaúj-Zemplén     |140|Hidvégardó               |0000546|0000001|0000547|0000000|0000229|0000229|+000000|0000003|0000226|100.00|2009.06.11.23.22|
05|Borsod-Abaúj-Zemplén     |141|Hollóháza                |0000863|0000000|0000863|0000000|0000305|0000305|+000000|0000005|0000300|100.00|2009.06.11.23.22|
05|Borsod-Abaúj-Zemplén     |142|Homrogd                  |0000747|0000000|0000747|0000005|0000223|0000223|+000000|0000001|0000222|100.00|2009.06.11.23.22|
05|Borsod-Abaúj-Zemplén     |143|Igrici                   |0000974|0000000|0000974|0000000|0000158|0000158|+000000|0000004|0000154|100.00|2009.06.11.23.22|
05|Borsod-Abaúj-Zemplén     |144|Imola                    |0000086|0000001|0000087|0000000|0000050|0000050|+000000|0000000|0000050|100.00|2009.06.11.23.22|
05|Borsod-Abaúj-Zemplén     |145|Ináncs                   |0000966|0000000|0000966|0000000|0000324|0000324|+000000|0000000|0000324|100.00|2009.06.11.23.22|
05|Borsod-Abaúj-Zemplén     |146|Irota                    |0000084|0000000|0000084|0000000|0000049|0000049|+000000|0000001|0000048|100.00|2009.06.11.23.22|
05|Borsod-Abaúj-Zemplén     |147|Izsófalva                |0001365|0000002|0001367|0000000|0000406|0000406|+000000|0000009|0000397|100.00|2009.06.11.23.22|
05|Borsod-Abaúj-Zemplén     |148|Jákfalva                 |0000380|0000000|0000380|0000000|0000150|0000150|+000000|0000001|0000149|100.00|2009.06.11.23.22|
05|Borsod-Abaúj-Zemplén     |149|Járdánháza               |0001415|0000000|0001415|0000000|0000476|0000476|+000000|0000007|0000469|100.00|2009.06.11.23.22|
05|Borsod-Abaúj-Zemplén     |150|Jósvafõ                  |0000262|0000005|0000267|0000000|0000127|0000127|+000000|0000001|0000126|100.00|2009.06.11.23.22|
05|Borsod-Abaúj-Zemplén     |151|Karcsa                   |0001553|0000001|0001554|0000000|0000287|0000287|+000000|0000006|0000281|100.00|2009.06.11.23.22|
05|Borsod-Abaúj-Zemplén     |152|Karos                    |0000389|0000004|0000393|0000000|0000126|0000126|+000000|0000002|0000124|100.00|2009.06.11.23.22|
05|Borsod-Abaúj-Zemplén     |153|Kazincbarcika            |0025316|0000020|0025336|0000000|0007198|0007199|+000001|0000043|0007156|100.00|2009.06.11.23.22|
05|Borsod-Abaúj-Zemplén     |154|Kács                     |0000485|0000014|0000499|0000000|0000229|0000229|+000000|0000000|0000229|100.00|2009.06.11.23.22|
05|Borsod-Abaúj-Zemplén     |155|Kánó                     |0000140|0000000|0000140|0000000|0000070|0000070|+000000|0000001|0000069|100.00|2009.06.11.23.22|
05|Borsod-Abaúj-Zemplén     |156|Kány                     |0000057|0000000|0000057|0000000|0000032|0000032|+000000|0000000|0000032|100.00|2009.06.11.23.22|
05|Borsod-Abaúj-Zemplén     |157|Kázsmárk                 |0000676|0000001|0000677|0000000|0000164|0000163|-000001|0000001|0000162|100.00|2009.06.11.23.22|
05|Borsod-Abaúj-Zemplén     |158|Kelemér                  |0000372|0000000|0000372|0000000|0000088|0000088|+000000|0000000|0000088|100.00|2009.06.11.23.22|
05|Borsod-Abaúj-Zemplén     |159|Kenézlõ                  |0001023|0000003|0001026|0000000|0000197|0000197|+000000|0000008|0000189|100.00|2009.06.11.23.22|
05|Borsod-Abaúj-Zemplén     |160|Keresztéte               |0000032|0000001|0000033|0000000|0000018|0000018|+000000|0000000|0000018|100.00|2009.06.11.23.22|
05|Borsod-Abaúj-Zemplén     |161|Kesznyéten               |0001304|0000002|0001306|0000000|0000364|0000364|+000000|0000006|0000358|100.00|2009.06.11.23.22|
05|Borsod-Abaúj-Zemplén     |162|Kéked                    |0000174|0000000|0000174|0000000|0000070|0000070|+000000|0000001|0000069|100.00|2009.06.11.23.22|
05|Borsod-Abaúj-Zemplén     |163|Királd                   |0000753|0000000|0000753|0000000|0000167|0000167|+000000|0000000|0000167|100.00|2009.06.11.23.22|
05|Borsod-Abaúj-Zemplén     |164|Kiscsécs                 |0000123|0000000|0000123|0000000|0000043|0000043|+000000|0000002|0000041|100.00|2009.06.11.23.22|
05|Borsod-Abaúj-Zemplén     |165|Kisgyõr                  |0001290|0000000|0001290|0000000|0000348|0000348|+000000|0000000|0000348|100.00|2009.06.11.23.22|
05|Borsod-Abaúj-Zemplén     |166|Kishuta                  |0000288|0000001|0000289|0000000|0000101|0000101|+000000|0000000|0000101|100.00|2009.06.11.23.22|
05|Borsod-Abaúj-Zemplén     |167|Kiskinizs                |0000262|0000000|0000262|0000000|0000111|0000111|+000000|0000002|0000109|100.00|2009.06.11.23.22|
05|Borsod-Abaúj-Zemplén     |168|Kisrozvágy               |0000157|0000000|0000157|0000000|0000043|0000043|+000000|0000002|0000041|100.00|2009.06.11.23.22|
05|Borsod-Abaúj-Zemplén     |169|Kissikátor               |0000291|0000000|0000291|0000000|0000149|0000149|+000000|0000001|0000148|100.00|2009.06.11.23.22|
05|Borsod-Abaúj-Zemplén     |170|Kistokaj                 |0001633|0000000|0001633|0000001|0000504|0000504|+000000|0000002|0000502|100.00|2009.06.11.23.22|
05|Borsod-Abaúj-Zemplén     |171|Komjáti                  |0000250|0000000|0000250|0000000|0000123|0000123|+000000|0000000|0000123|100.00|2009.06.11.23.22|
05|Borsod-Abaúj-Zemplén     |172|Komlóska                 |0000272|0000003|0000275|0000000|0000136|0000136|+000000|0000000|0000136|100.00|2009.06.11.23.22|
05|Borsod-Abaúj-Zemplén     |173|Kondó                    |0000503|0000000|0000503|0000000|0000164|0000164|+000000|0000005|0000159|100.00|2009.06.11.23.22|
05|Borsod-Abaúj-Zemplén     |174|Korlát                   |0000245|0000000|0000245|0000000|0000110|0000110|+000000|0000003|0000107|100.00|2009.06.11.23.22|
05|Borsod-Abaúj-Zemplén     |175|Kovácsvágás              |0000445|0000000|0000445|0000000|0000075|0000075|+000000|0000001|0000074|100.00|2009.06.11.23.22|
05|Borsod-Abaúj-Zemplén     |176|Köröm                    |0000790|0000000|0000790|0000000|0000210|0000210|+000000|0000010|0000200|100.00|2009.06.11.23.22|
05|Borsod-Abaúj-Zemplén     |177|Krasznokvajda            |0000404|0000000|0000404|0000000|0000120|0000120|+000000|0000003|0000117|100.00|2009.06.11.23.22|
05|Borsod-Abaúj-Zemplén     |178|Kupa                     |0000135|0000000|0000135|0000000|0000061|0000061|+000000|0000003|0000058|100.00|2009.06.11.23.22|
05|Borsod-Abaúj-Zemplén     |179|Kurityán                 |0001356|0000000|0001356|0000000|0000309|0000309|+000000|0000005|0000304|100.00|2009.06.11.23.22|
05|Borsod-Abaúj-Zemplén     |180|Lak                      |0000412|0000000|0000412|0000000|0000128|0000128|+000000|0000001|0000127|100.00|2009.06.11.23.22|
05|Borsod-Abaúj-Zemplén     |181|Lácacséke                |0000241|0000001|0000242|0000000|0000080|0000080|+000000|0000000|0000080|100.00|2009.06.11.23.22|
05|Borsod-Abaúj-Zemplén     |182|Ládbesenyõ               |0000246|0000001|0000247|0000000|0000131|0000131|+000000|0000002|0000129|100.00|2009.06.11.23.22|
05|Borsod-Abaúj-Zemplén     |183|Legyesbénye              |0001274|0000002|0001276|0000000|0000409|0000409|+000000|0000002|0000407|100.00|2009.06.11.23.22|
05|Borsod-Abaúj-Zemplén     |184|Léh                      |0000360|0000000|0000360|0000000|0000118|0000118|+000000|0000003|0000115|100.00|2009.06.11.23.22|
05|Borsod-Abaúj-Zemplén     |185|Lénárddaróc              |0000266|0000000|0000266|0000000|0000090|0000090|+000000|0000000|0000090|100.00|2009.06.11.23.22|
05|Borsod-Abaúj-Zemplén     |186|Litka                    |0000045|0000000|0000045|0000000|0000031|0000031|+000000|0000000|0000031|100.00|2009.06.11.23.22|
05|Borsod-Abaúj-Zemplén     |187|Makkoshotyka             |0000727|0000000|0000727|0000000|0000230|0000230|+000000|0000000|0000230|100.00|2009.06.11.23.22|
05|Borsod-Abaúj-Zemplén     |188|Martonyi                 |0000336|0000000|0000336|0000000|0000156|0000156|+000000|0000000|0000156|100.00|2009.06.11.23.22|
05|Borsod-Abaúj-Zemplén     |189|Mád                      |0001993|0000004|0001997|0000000|0000735|0000735|+000000|0000007|0000728|100.00|2009.06.11.23.22|
05|Borsod-Abaúj-Zemplén     |190|Mályi                    |0003617|0000003|0003620|0000000|0001306|0001306|+000000|0000007|0001299|100.00|2009.06.11.23.22|
05|Borsod-Abaúj-Zemplén     |191|Mályinka                 |0000445|0000000|0000445|0000000|0000148|0000148|+000000|0000000|0000148|100.00|2009.06.11.23.22|
05|Borsod-Abaúj-Zemplén     |192|Megyaszó                 |0001974|0000001|0001975|0000002|0000446|0000446|+000000|0000007|0000439|100.00|2009.06.11.23.22|
05|Borsod-Abaúj-Zemplén     |193|Meszes                   |0000176|0000000|0000176|0000002|0000112|0000112|+000000|0000000|0000112|100.00|2009.06.11.23.22|
05|Borsod-Abaúj-Zemplén     |194|Mezõcsát                 |0004933|0000005|0004938|0000001|0001291|0001290|-000001|0000011|0001279|100.00|2009.06.11.23.22|
05|Borsod-Abaúj-Zemplén     |195|Mezõkeresztes            |0003253|0000004|0003257|0000000|0001068|0001068|+000000|0000013|0001055|100.00|2009.06.11.23.22|
05|Borsod-Abaúj-Zemplén     |196|Mezõkövesd               |0014013|0000036|0014049|0000001|0006169|0006169|+000000|0000039|0006130|100.00|2009.06.11.23.22|
05|Borsod-Abaúj-Zemplén     |197|Mezõnagymihály           |0000871|0000002|0000873|0000000|0000216|0000216|+000000|0000002|0000214|100.00|2009.06.11.23.22|
05|Borsod-Abaúj-Zemplén     |198|Mezõnyárád               |0001383|0000001|0001384|0000000|0000464|0000464|+000000|0000002|0000462|100.00|2009.06.11.23.22|
05|Borsod-Abaúj-Zemplén     |199|Mezõzombor               |0001871|0000002|0001873|0000000|0000431|0000431|+000000|0000001|0000430|100.00|2009.06.11.23.22|
05|Borsod-Abaúj-Zemplén     |200|Méra                     |0001276|0000000|0001276|0000002|0000389|0000389|+000000|0000011|0000378|100.00|2009.06.11.23.22|
05|Borsod-Abaúj-Zemplén     |201|Mikóháza                 |0000425|0000001|0000426|0000001|0000157|0000156|-000001|0000000|0000156|100.00|2009.06.11.23.22|
05|Borsod-Abaúj-Zemplén     |202|Miskolc                  |0138601|0000200|0138801|0000020|0050347|0050336|-000011|0000265|0050071|100.00|2009.06.11.23.22|
05|Borsod-Abaúj-Zemplén     |203|Mogyoróska               |0000068|0000008|0000076|0000000|0000058|0000058|+000000|0000001|0000057|100.00|2009.06.11.23.22|
05|Borsod-Abaúj-Zemplén     |204|Monaj                    |0000200|0000000|0000200|0000001|0000059|0000059|+000000|0000001|0000058|100.00|2009.06.11.23.22|
05|Borsod-Abaúj-Zemplén     |205|Monok                    |0001317|0000000|0001317|0000000|0000406|0000406|+000000|0000011|0000395|100.00|2009.06.11.23.22|
05|Borsod-Abaúj-Zemplén     |206|Muhi                     |0000451|0000001|0000452|0000000|0000210|0000210|+000000|0000003|0000207|100.00|2009.06.11.23.22|
05|Borsod-Abaúj-Zemplén     |207|Múcsony                  |0002673|0000001|0002674|0000000|0000819|0000819|+000000|0000005|0000814|100.00|2009.06.11.23.22|
05|Borsod-Abaúj-Zemplén     |208|Nagybarca                |0000733|0000000|0000733|0000000|0000174|0000174|+000000|0000001|0000173|100.00|2009.06.11.23.22|
05|Borsod-Abaúj-Zemplén     |209|Nagycsécs                |0000651|0000001|0000652|0000000|0000203|0000203|+000000|0000004|0000199|100.00|2009.06.11.23.22|
05|Borsod-Abaúj-Zemplén     |210|Nagyhuta                 |0000061|0000000|0000061|0000000|0000037|0000037|+000000|0000000|0000037|100.00|2009.06.11.23.22|
05|Borsod-Abaúj-Zemplén     |211|Nagykinizs               |0000267|0000000|0000267|0000000|0000082|0000082|+000000|0000002|0000080|100.00|2009.06.11.23.22|
05|Borsod-Abaúj-Zemplén     |212|Nagyrozvágy              |0000586|0000001|0000587|0000000|0000137|0000137|+000000|0000001|0000136|100.00|2009.06.11.23.22|
05|Borsod-Abaúj-Zemplén     |213|Nekézseny                |0000676|0000000|0000676|0000000|0000179|0000179|+000000|0000000|0000179|100.00|2009.06.11.23.22|
05|Borsod-Abaúj-Zemplén     |214|Nemesbikk                |0000772|0000000|0000772|0000000|0000207|0000207|+000000|0000000|0000207|100.00|2009.06.11.23.22|
05|Borsod-Abaúj-Zemplén     |215|Négyes                   |0000251|0000003|0000254|0000000|0000105|0000105|+000000|0000002|0000103|100.00|2009.06.11.23.22|
05|Borsod-Abaúj-Zemplén     |216|Novajidrány              |0001080|0000000|0001080|0000000|0000242|0000242|+000000|0000002|0000240|100.00|2009.06.11.23.22|
05|Borsod-Abaúj-Zemplén     |217|Nyékládháza              |0004177|0000003|0004180|0000001|0001409|0001409|+000000|0000008|0001401|100.00|2009.06.11.23.22|
05|Borsod-Abaúj-Zemplén     |218|Nyésta                   |0000044|0000000|0000044|0000000|0000011|0000011|+000000|0000000|0000011|100.00|2009.06.11.23.22|
05|Borsod-Abaúj-Zemplén     |219|Nyíri                    |0000353|0000000|0000353|0000001|0000163|0000163|+000000|0000007|0000156|100.00|2009.06.11.23.22|
05|Borsod-Abaúj-Zemplén     |220|Nyomár                   |0000272|0000000|0000272|0000000|0000095|0000095|+000000|0000001|0000094|100.00|2009.06.11.23.22|
05|Borsod-Abaúj-Zemplén     |221|Olaszliszka              |0001272|0000004|0001276|0000000|0000452|0000452|+000000|0000013|0000439|100.00|2009.06.11.23.22|
05|Borsod-Abaúj-Zemplén     |222|Onga                     |0003711|0000000|0003711|0000000|0001178|0001178|+000000|0000017|0001161|100.00|2009.06.11.23.22|
05|Borsod-Abaúj-Zemplén     |223|Ormosbánya               |0001359|0000000|0001359|0000000|0000254|0000254|+000000|0000002|0000252|100.00|2009.06.11.23.22|
05|Borsod-Abaúj-Zemplén     |224|Oszlár                   |0000322|0000000|0000322|0000000|0000109|0000109|+000000|0000001|0000108|100.00|2009.06.11.23.22|
05|Borsod-Abaúj-Zemplén     |225|Ónod                     |0001887|0000004|0001891|0000001|0000362|0000361|-000001|0000003|0000358|100.00|2009.06.11.23.22|
05|Borsod-Abaúj-Zemplén     |226|Ózd                      |0029659|0000012|0029671|0000002|0007964|0007960|-000004|0000051|0007909|100.00|2009.06.11.23.22|
05|Borsod-Abaúj-Zemplén     |227|Pamlény                  |0000043|0000000|0000043|0000000|0000016|0000016|+000000|0000001|0000015|100.00|2009.06.11.23.22|
05|Borsod-Abaúj-Zemplén     |228|Parasznya                |0001019|0000000|0001019|0000000|0000258|0000258|+000000|0000002|0000256|100.00|2009.06.11.23.22|
05|Borsod-Abaúj-Zemplén     |229|Pácin                    |0001163|0000003|0001166|0000000|0000304|0000304|+000000|0000006|0000298|100.00|2009.06.11.23.22|
05|Borsod-Abaúj-Zemplén     |230|Pálháza                  |0000945|0000003|0000948|0000000|0000348|0000348|+000000|0000004|0000344|100.00|2009.06.11.23.22|
05|Borsod-Abaúj-Zemplén     |231|Pányok                   |0000074|0000000|0000074|0000000|0000034|0000034|+000000|0000000|0000034|100.00|2009.06.11.23.22|
05|Borsod-Abaúj-Zemplén     |232|Pere                     |0000270|0000001|0000271|0000000|0000070|0000070|+000000|0000001|0000069|100.00|2009.06.11.23.22|
05|Borsod-Abaúj-Zemplén     |233|Perecse                  |0000025|0000001|0000026|0000000|0000020|0000020|+000000|0000000|0000020|100.00|2009.06.11.23.22|
05|Borsod-Abaúj-Zemplén     |234|Perkupa                  |0000698|0000000|0000698|0000001|0000280|0000280|+000000|0000003|0000277|100.00|2009.06.11.23.22|
05|Borsod-Abaúj-Zemplén     |235|Prügy                    |0001833|0000000|0001833|0000000|0000444|0000444|+000000|0000006|0000438|100.00|2009.06.11.23.22|
05|Borsod-Abaúj-Zemplén     |236|Pusztafalu               |0000197|0000002|0000199|0000001|0000088|0000088|+000000|0000000|0000088|100.00|2009.06.11.23.22|
05|Borsod-Abaúj-Zemplén     |237|Pusztaradvány            |0000154|0000000|0000154|0000000|0000058|0000058|+000000|0000006|0000052|100.00|2009.06.11.23.22|
05|Borsod-Abaúj-Zemplén     |238|Putnok                   |0005364|0000002|0005366|0000000|0001770|0001770|+000000|0000019|0001751|100.00|2009.06.11.23.22|
05|Borsod-Abaúj-Zemplén     |239|Radostyán                |0000508|0000000|0000508|0000000|0000159|0000159|+000000|0000003|0000156|100.00|2009.06.11.23.22|
05|Borsod-Abaúj-Zemplén     |240|Ragály                   |0000560|0000002|0000562|0000000|0000145|0000145|+000000|0000006|0000139|100.00|2009.06.11.23.22|
05|Borsod-Abaúj-Zemplén     |241|Rakaca                   |0000556|0000000|0000556|0000000|0000064|0000064|+000000|0000000|0000064|100.00|2009.06.11.23.22|
05|Borsod-Abaúj-Zemplén     |242|Rakacaszend              |0000276|0000001|0000277|0000000|0000095|0000095|+000000|0000001|0000094|100.00|2009.06.11.23.22|
05|Borsod-Abaúj-Zemplén     |243|Rásonysápberencs         |0000435|0000000|0000435|0000000|0000100|0000100|+000000|0000003|0000097|100.00|2009.06.11.23.22|
05|Borsod-Abaúj-Zemplén     |244|Rátka                    |0000842|0000000|0000842|0000000|0000311|0000311|+000000|0000004|0000307|100.00|2009.06.11.23.22|
05|Borsod-Abaúj-Zemplén     |245|Regéc                    |0000088|0000002|0000090|0000000|0000055|0000055|+000000|0000001|0000054|100.00|2009.06.11.23.22|
05|Borsod-Abaúj-Zemplén     |246|Répáshuta                |0000419|0000008|0000427|0000000|0000164|0000164|+000000|0000000|0000164|100.00|2009.06.11.23.22|
05|Borsod-Abaúj-Zemplén     |247|Révleányvár              |0000445|0000000|0000445|0000000|0000103|0000103|+000000|0000002|0000101|100.00|2009.06.11.23.22|
05|Borsod-Abaúj-Zemplén     |248|Ricse                    |0001273|0000004|0001277|0000002|0000336|0000336|+000000|0000007|0000329|100.00|2009.06.11.23.22|
05|Borsod-Abaúj-Zemplén     |249|Rudabánya                |0002213|0000005|0002218|0000000|0000698|0000697|-000001|0000004|0000693|100.00|2009.06.11.23.22|
05|Borsod-Abaúj-Zemplén     |250|Rudolftelep              |0000591|0000000|0000591|0000000|0000133|0000133|+000000|0000004|0000129|100.00|2009.06.11.23.22|
05|Borsod-Abaúj-Zemplén     |251|Sajóbábony               |0002318|0000000|0002318|0000000|0000799|0000799|+000000|0000012|0000787|100.00|2009.06.11.23.22|
05|Borsod-Abaúj-Zemplén     |252|Sajóecseg                |0000906|0000001|0000907|0000000|0000298|0000298|+000000|0000004|0000294|100.00|2009.06.11.23.22|
05|Borsod-Abaúj-Zemplén     |253|Sajógalgóc               |0000285|0000000|0000285|0000000|0000102|0000102|+000000|0000000|0000102|100.00|2009.06.11.23.22|
05|Borsod-Abaúj-Zemplén     |254|Sajóhídvég               |0000753|0000000|0000753|0000000|0000255|0000255|+000000|0000004|0000251|100.00|2009.06.11.23.22|
05|Borsod-Abaúj-Zemplén     |255|Sajóivánka               |0000488|0000000|0000488|0000000|0000163|0000163|+000000|0000004|0000159|100.00|2009.06.11.23.22|
05|Borsod-Abaúj-Zemplén     |256|Sajókaza                 |0002307|0000000|0002307|0000000|0000559|0000559|+000000|0000007|0000552|100.00|2009.06.11.23.22|
05|Borsod-Abaúj-Zemplén     |257|Sajókápolna              |0000327|0000000|0000327|0000001|0000105|0000105|+000000|0000000|0000105|100.00|2009.06.11.23.22|
05|Borsod-Abaúj-Zemplén     |258|Sajókeresztúr            |0001283|0000000|0001283|0000000|0000400|0000400|+000000|0000005|0000395|100.00|2009.06.11.23.22|
05|Borsod-Abaúj-Zemplén     |259|Sajólád                  |0002313|0000001|0002314|0000000|0000694|0000694|+000000|0000003|0000691|100.00|2009.06.11.23.22|
05|Borsod-Abaúj-Zemplén     |260|Sajólászlófalva          |0000355|0000000|0000355|0000001|0000105|0000104|-000001|0000001|0000103|100.00|2009.06.11.23.22|
05|Borsod-Abaúj-Zemplén     |261|Sajómercse               |0000203|0000000|0000203|0000000|0000082|0000082|+000000|0000002|0000080|100.00|2009.06.11.23.22|
05|Borsod-Abaúj-Zemplén     |262|Sajónémeti               |0000422|0000001|0000423|0000000|0000135|0000135|+000000|0000007|0000128|100.00|2009.06.11.23.22|
05|Borsod-Abaúj-Zemplén     |263|Sajóörös                 |0001003|0000001|0001004|0000000|0000377|0000377|+000000|0000002|0000375|100.00|2009.06.11.23.22|
05|Borsod-Abaúj-Zemplén     |264|Sajópálfala              |0000670|0000002|0000672|0000000|0000278|0000278|+000000|0000005|0000273|100.00|2009.06.11.23.22|
05|Borsod-Abaúj-Zemplén     |265|Sajópetri                |0001131|0000000|0001131|0000000|0000276|0000276|+000000|0000001|0000275|100.00|2009.06.11.23.22|
05|Borsod-Abaúj-Zemplén     |266|Sajópüspöki              |0000416|0000000|0000416|0000000|0000096|0000096|+000000|0000000|0000096|100.00|2009.06.11.23.22|
05|Borsod-Abaúj-Zemplén     |267|Sajósenye                |0000331|0000000|0000331|0000000|0000158|0000158|+000000|0000001|0000157|100.00|2009.06.11.23.22|
05|Borsod-Abaúj-Zemplén     |268|Sajószentpéter           |0010176|0000006|0010182|0000001|0002769|0002768|-000001|0000017|0002751|100.00|2009.06.11.23.22|
05|Borsod-Abaúj-Zemplén     |269|Sajószöged               |0001939|0000004|0001943|0000000|0000680|0000680|+000000|0000008|0000672|100.00|2009.06.11.23.22|
05|Borsod-Abaúj-Zemplén     |270|Sajóvámos                |0001830|0000000|0001830|0000000|0000506|0000506|+000000|0000008|0000498|100.00|2009.06.11.23.22|
05|Borsod-Abaúj-Zemplén     |271|Sajóvelezd               |0000667|0000000|0000667|0000000|0000179|0000179|+000000|0000003|0000176|100.00|2009.06.11.23.22|
05|Borsod-Abaúj-Zemplén     |272|Sály                     |0001376|0000000|0001376|0000000|0000405|0000405|+000000|0000006|0000399|100.00|2009.06.11.23.22|
05|Borsod-Abaúj-Zemplén     |273|Sárazsadány              |0000218|0000001|0000219|0000000|0000111|0000111|+000000|0000000|0000111|100.00|2009.06.11.23.22|
05|Borsod-Abaúj-Zemplén     |274|Sárospatak               |0010859|0000034|0010893|0000000|0003964|0003963|-000001|0000031|0003932|100.00|2009.06.11.23.22|
05|Borsod-Abaúj-Zemplén     |275|Sáta                     |0001020|0000000|0001020|0000000|0000204|0000204|+000000|0000003|0000201|100.00|2009.06.11.23.22|
05|Borsod-Abaúj-Zemplén     |276|Sátoraljaújhely          |0013141|0000013|0013154|0000020|0004946|0004946|+000000|0000039|0004907|100.00|2009.06.11.23.22|
05|Borsod-Abaúj-Zemplén     |277|Selyeb                   |0000355|0000001|0000356|0000001|0000138|0000138|+000000|0000003|0000135|100.00|2009.06.11.23.22|
05|Borsod-Abaúj-Zemplén     |278|Semjén                   |0000365|0000002|0000367|0000000|0000066|0000066|+000000|0000002|0000064|100.00|2009.06.11.23.22|
05|Borsod-Abaúj-Zemplén     |279|Serényfalva              |0000804|0000000|0000804|0000001|0000175|0000175|+000000|0000003|0000172|100.00|2009.06.11.23.22|
05|Borsod-Abaúj-Zemplén     |280|Sima                     |0000019|0000000|0000019|0000000|0000010|0000010|+000000|0000000|0000010|100.00|2009.06.11.23.22|
05|Borsod-Abaúj-Zemplén     |281|Sóstófalva               |0000203|0000000|0000203|0000000|0000113|0000113|+000000|0000000|0000113|100.00|2009.06.11.23.22|
05|Borsod-Abaúj-Zemplén     |282|Szakácsi                 |0000092|0000000|0000092|0000000|0000056|0000056|+000000|0000003|0000053|100.00|2009.06.11.23.22|
05|Borsod-Abaúj-Zemplén     |283|Szakáld                  |0000415|0000000|0000415|0000000|0000147|0000147|+000000|0000001|0000146|100.00|2009.06.11.23.22|
05|Borsod-Abaúj-Zemplén     |284|Szalaszend               |0000815|0000000|0000815|0000001|0000120|0000120|+000000|0000002|0000118|100.00|2009.06.11.23.22|
05|Borsod-Abaúj-Zemplén     |285|Szalonna                 |0000785|0000000|0000785|0000002|0000141|0000141|+000000|0000003|0000138|100.00|2009.06.11.23.22|
05|Borsod-Abaúj-Zemplén     |286|Szászfa                  |0000130|0000000|0000130|0000000|0000055|0000055|+000000|0000001|0000054|100.00|2009.06.11.23.22|
05|Borsod-Abaúj-Zemplén     |287|Szegi                    |0000258|0000001|0000259|0000000|0000113|0000112|-000001|0000001|0000111|100.00|2009.06.11.23.22|
05|Borsod-Abaúj-Zemplén     |288|Szegilong                |0000213|0000000|0000213|0000000|0000090|0000090|+000000|0000000|0000090|100.00|2009.06.11.23.22|
05|Borsod-Abaúj-Zemplén     |289|Szemere                  |0000276|0000000|0000276|0000000|0000059|0000059|+000000|0000000|0000059|100.00|2009.06.11.23.22|
05|Borsod-Abaúj-Zemplén     |290|Szendrõ                  |0003103|0000004|0003107|0000001|0000902|0000902|+000000|0000000|0000902|100.00|2009.06.11.23.22|
05|Borsod-Abaúj-Zemplén     |291|Szendrõlád               |0001095|0000000|0001095|0000000|0000276|0000276|+000000|0000008|0000268|100.00|2009.06.11.23.22|
05|Borsod-Abaúj-Zemplén     |292|Szentistván              |0002182|0000003|0002185|0000000|0000840|0000840|+000000|0000014|0000826|100.00|2009.06.11.23.22|
05|Borsod-Abaúj-Zemplén     |293|Szentistvánbaksa         |0000233|0000000|0000233|0000000|0000095|0000094|-000001|0000001|0000093|100.00|2009.06.11.23.22|
05|Borsod-Abaúj-Zemplén     |294|Szerencs                 |0008087|0000018|0008105|0000002|0003182|0003182|+000000|0000030|0003152|100.00|2009.06.11.23.22|
05|Borsod-Abaúj-Zemplén     |295|Szikszó                  |0004683|0000007|0004690|0000004|0001816|0001816|+000000|0000021|0001795|100.00|2009.06.11.23.22|
05|Borsod-Abaúj-Zemplén     |296|Szin                     |0000506|0000001|0000507|0000003|0000159|0000159|+000000|0000003|0000156|100.00|2009.06.11.23.22|
05|Borsod-Abaúj-Zemplén     |297|Szinpetri                |0000206|0000000|0000206|0000000|0000051|0000051|+000000|0000000|0000051|100.00|2009.06.11.23.22|
05|Borsod-Abaúj-Zemplén     |298|Szirmabesenyõ            |0003860|0000004|0003864|0000000|0001187|0001187|+000000|0000008|0001179|100.00|2009.06.11.23.22|
05|Borsod-Abaúj-Zemplén     |299|Szomolya                 |0001309|0000000|0001309|0000000|0000534|0000534|+000000|0000004|0000530|100.00|2009.06.11.23.22|
05|Borsod-Abaúj-Zemplén     |300|Szögliget                |0000636|0000000|0000636|0000000|0000200|0000200|+000000|0000006|0000194|100.00|2009.06.11.23.22|
05|Borsod-Abaúj-Zemplén     |301|Szõlõsardó               |0000128|0000000|0000128|0000000|0000054|0000054|+000000|0000000|0000054|100.00|2009.06.11.23.22|
05|Borsod-Abaúj-Zemplén     |302|Szuhafõ                  |0000146|0000001|0000147|0000000|0000068|0000068|+000000|0000002|0000066|100.00|2009.06.11.23.22|
05|Borsod-Abaúj-Zemplén     |303|Szuhakálló               |0000850|0000001|0000851|0000000|0000255|0000254|-000001|0000005|0000249|100.00|2009.06.11.23.22|
05|Borsod-Abaúj-Zemplén     |304|Szuhogy                  |0000957|0000000|0000957|0000001|0000333|0000333|+000000|0000003|0000330|100.00|2009.06.11.23.22|
05|Borsod-Abaúj-Zemplén     |305|Taktabáj                 |0000430|0000000|0000430|0000001|0000139|0000139|+000000|0000018|0000121|100.00|2009.06.11.23.22|
05|Borsod-Abaúj-Zemplén     |306|Taktaharkány             |0002955|0000001|0002956|0000000|0000845|0000845|+000000|0000007|0000838|100.00|2009.06.11.23.22|
05|Borsod-Abaúj-Zemplén     |307|Taktakenéz               |0000877|0000000|0000877|0000003|0000242|0000242|+000000|0000003|0000239|100.00|2009.06.11.23.22|
05|Borsod-Abaúj-Zemplén     |308|Taktaszada               |0001476|0000000|0001476|0000000|0000247|0000247|+000000|0000008|0000239|100.00|2009.06.11.23.22|
05|Borsod-Abaúj-Zemplén     |309|Tarcal                   |0002412|0000002|0002414|0000000|0000727|0000727|+000000|0000007|0000720|100.00|2009.06.11.23.22|
05|Borsod-Abaúj-Zemplén     |310|Tard                     |0001175|0000000|0001175|0000000|0000481|0000481|+000000|0000006|0000475|100.00|2009.06.11.23.22|
05|Borsod-Abaúj-Zemplén     |311|Tardona                  |0000930|0000000|0000930|0000000|0000223|0000223|+000000|0000004|0000219|100.00|2009.06.11.23.22|
05|Borsod-Abaúj-Zemplén     |312|Tállya                   |0001693|0000005|0001698|0000000|0000454|0000454|+000000|0000006|0000448|100.00|2009.06.11.23.22|
05|Borsod-Abaúj-Zemplén     |313|Telkibánya               |0000539|0000011|0000550|0000004|0000213|0000213|+000000|0000006|0000207|100.00|2009.06.11.23.22|
05|Borsod-Abaúj-Zemplén     |314|Teresztenye              |0000033|0000000|0000033|0000000|0000025|0000025|+000000|0000000|0000025|100.00|2009.06.11.23.22|
05|Borsod-Abaúj-Zemplén     |315|Tibolddaróc              |0001199|0000001|0001200|0000001|0000307|0000307|+000000|0000003|0000304|100.00|2009.06.11.23.22|
05|Borsod-Abaúj-Zemplén     |316|Tiszabábolna             |0000363|0000006|0000369|0000000|0000189|0000189|+000000|0000003|0000186|100.00|2009.06.11.23.22|
05|Borsod-Abaúj-Zemplén     |317|Tiszacsermely            |0000451|0000000|0000451|0000000|0000080|0000080|+000000|0000001|0000079|100.00|2009.06.11.23.22|
05|Borsod-Abaúj-Zemplén     |318|Tiszadorogma             |0000373|0000003|0000376|0000000|0000103|0000103|+000000|0000004|0000099|100.00|2009.06.11.23.22|
05|Borsod-Abaúj-Zemplén     |319|Tiszakarád               |0001850|0000000|0001850|0000000|0000340|0000340|+000000|0000003|0000337|100.00|2009.06.11.23.22|
05|Borsod-Abaúj-Zemplén     |320|Tiszakeszi               |0002056|0000001|0002057|0000001|0000420|0000420|+000000|0000007|0000413|100.00|2009.06.11.23.22|
05|Borsod-Abaúj-Zemplén     |321|Tiszaladány              |0000551|0000001|0000552|0000002|0000204|0000204|+000000|0000003|0000201|100.00|2009.06.11.23.22|
05|Borsod-Abaúj-Zemplén     |322|Tiszalúc                 |0004099|0000000|0004099|0000001|0000896|0000896|+000000|0000012|0000884|100.00|2009.06.11.23.22|
05|Borsod-Abaúj-Zemplén     |323|Tiszapalkonya            |0001183|0000001|0001184|0000000|0000290|0000290|+000000|0000004|0000286|100.00|2009.06.11.23.22|
05|Borsod-Abaúj-Zemplén     |324|Tiszatardos              |0000207|0000003|0000210|0000000|0000088|0000088|+000000|0000002|0000086|100.00|2009.06.11.23.22|
05|Borsod-Abaúj-Zemplén     |325|Tiszatarján              |0001015|0000000|0001015|0000000|0000154|0000154|+000000|0000003|0000151|100.00|2009.06.11.23.22|
05|Borsod-Abaúj-Zemplén     |326|Tiszaújváros             |0014367|0000007|0014374|0000000|0005039|0005039|+000000|0000024|0005015|100.00|2009.06.11.23.22|
05|Borsod-Abaúj-Zemplén     |327|Tiszavalk                |0000307|0000002|0000309|0000000|0000124|0000124|+000000|0000005|0000119|100.00|2009.06.11.23.22|
05|Borsod-Abaúj-Zemplén     |328|Tokaj                    |0003400|0000011|0003411|0000000|0001315|0001313|-000002|0000013|0001300|100.00|2009.06.11.23.22|
05|Borsod-Abaúj-Zemplén     |329|Tolcsva                  |0001519|0000003|0001522|0000000|0000553|0000553|+000000|0000006|0000547|100.00|2009.06.11.23.22|
05|Borsod-Abaúj-Zemplén     |330|Tomor                    |0000209|0000000|0000209|0000000|0000076|0000076|+000000|0000003|0000073|100.00|2009.06.11.23.22|
05|Borsod-Abaúj-Zemplén     |331|Tornabarakony            |0000017|0000000|0000017|0000000|0000015|0000015|+000000|0000000|0000015|100.00|2009.06.11.23.22|
05|Borsod-Abaúj-Zemplén     |332|Tornakápolna             |0000024|0000000|0000024|0000000|0000020|0000020|+000000|0000000|0000020|100.00|2009.06.11.23.22|
05|Borsod-Abaúj-Zemplén     |333|Tornanádaska             |0000313|0000000|0000313|0000000|0000061|0000061|+000000|0000001|0000060|100.00|2009.06.11.23.22|
05|Borsod-Abaúj-Zemplén     |334|Tornaszentandrás         |0000217|0000000|0000217|0000000|0000080|0000080|+000000|0000000|0000080|100.00|2009.06.11.23.22|
05|Borsod-Abaúj-Zemplén     |335|Tornaszentjakab          |0000200|0000000|0000200|0000000|0000073|0000073|+000000|0000001|0000072|100.00|2009.06.11.23.22|
05|Borsod-Abaúj-Zemplén     |336|Tornyosnémeti            |0000417|0000002|0000419|0000004|0000134|0000134|+000000|0000005|0000129|100.00|2009.06.11.23.22|
05|Borsod-Abaúj-Zemplén     |337|Trizs                    |0000204|0000000|0000204|0000001|0000113|0000113|+000000|0000002|0000111|100.00|2009.06.11.23.22|
05|Borsod-Abaúj-Zemplén     |338|Uppony                   |0000302|0000002|0000304|0000000|0000098|0000098|+000000|0000000|0000098|100.00|2009.06.11.23.22|
05|Borsod-Abaúj-Zemplén     |339|Újcsanálos               |0000648|0000000|0000648|0000001|0000178|0000178|+000000|0000000|0000178|100.00|2009.06.11.23.22|
05|Borsod-Abaúj-Zemplén     |340|Vadna                    |0000504|0000000|0000504|0000001|0000171|0000171|+000000|0000003|0000168|100.00|2009.06.11.23.22|
05|Borsod-Abaúj-Zemplén     |341|Vajdácska                |0000980|0000000|0000980|0000000|0000237|0000237|+000000|0000002|0000235|100.00|2009.06.11.23.22|
05|Borsod-Abaúj-Zemplén     |342|Varbó                    |0000943|0000002|0000945|0000000|0000285|0000285|+000000|0000003|0000282|100.00|2009.06.11.23.22|
05|Borsod-Abaúj-Zemplén     |343|Varbóc                   |0000059|0000000|0000059|0000000|0000033|0000033|+000000|0000000|0000033|100.00|2009.06.11.23.22|
05|Borsod-Abaúj-Zemplén     |344|Vatta                    |0000772|0000000|0000772|0000000|0000232|0000232|+000000|0000000|0000232|100.00|2009.06.11.23.22|
05|Borsod-Abaúj-Zemplén     |345|Vágáshuta                |0000078|0000003|0000081|0000000|0000052|0000052|+000000|0000000|0000052|100.00|2009.06.11.23.22|
05|Borsod-Abaúj-Zemplén     |346|Vámosújfalu              |0000672|0000000|0000672|0000000|0000301|0000301|+000000|0000004|0000297|100.00|2009.06.11.23.22|
05|Borsod-Abaúj-Zemplén     |347|Vilmány                  |0000937|0000000|0000937|0000000|0000245|0000245|+000000|0000004|0000241|100.00|2009.06.11.23.22|
05|Borsod-Abaúj-Zemplén     |348|Vilyvitány               |0000227|0000002|0000229|0000000|0000118|0000118|+000000|0000002|0000116|100.00|2009.06.11.23.22|
05|Borsod-Abaúj-Zemplén     |349|Viss                     |0000536|0000003|0000539|0000000|0000129|0000129|+000000|0000003|0000126|100.00|2009.06.11.23.22|
05|Borsod-Abaúj-Zemplén     |350|Viszló                   |0000072|0000000|0000072|0000000|0000060|0000060|+000000|0000000|0000060|100.00|2009.06.11.23.22|
05|Borsod-Abaúj-Zemplén     |351|Vizsoly                  |0000669|0000003|0000672|0000000|0000175|0000175|+000000|0000002|0000173|100.00|2009.06.11.23.22|
05|Borsod-Abaúj-Zemplén     |352|Zalkod                   |0000237|0000000|0000237|0000000|0000147|0000147|+000000|0000001|0000146|100.00|2009.06.11.23.22|
05|Borsod-Abaúj-Zemplén     |353|Zádorfalva               |0000337|0000000|0000337|0000000|0000081|0000081|+000000|0000005|0000076|100.00|2009.06.11.23.22|
05|Borsod-Abaúj-Zemplén     |354|Zemplénagárd             |0000637|0000001|0000638|0000006|0000439|0000438|-000001|0000011|0000427|100.00|2009.06.11.23.22|
05|Borsod-Abaúj-Zemplén     |355|Ziliz                    |0000290|0000000|0000290|0000000|0000107|0000107|+000000|0000002|0000105|100.00|2009.06.11.23.22|
05|Borsod-Abaúj-Zemplén     |356|Zsujta                   |0000152|0000000|0000152|0000000|0000064|0000064|+000000|0000001|0000063|100.00|2009.06.11.23.22|
05|Borsod-Abaúj-Zemplén     |357|Zubogy                   |0000499|0000000|0000499|0000000|0000163|0000163|+000000|0000000|0000163|100.00|2009.06.11.23.22|
05|Borsod-Abaúj-Zemplén     |358|Gibárt                   |0000297|0000000|0000297|0000000|0000114|0000114|+000000|0000000|0000114|100.00|2009.06.11.23.22|
06|Csongrád                 |001|Algyõ                    |0004274|0000005|0004279|0000000|0001127|0001127|+000000|0000009|0001118|100.00|2009.06.11.23.22|
06|Csongrád                 |002|Ambrózfalva              |0000406|0000001|0000407|0000000|0000108|0000108|+000000|0000001|0000107|100.00|2009.06.11.23.22|
06|Csongrád                 |003|Apátfalva                |0002587|0000001|0002588|0000000|0000661|0000661|+000000|0000007|0000654|100.00|2009.06.11.23.22|
06|Csongrád                 |004|Árpádhalom               |0000457|0000000|0000457|0000000|0000150|0000150|+000000|0000002|0000148|100.00|2009.06.11.23.22|
06|Csongrád                 |005|Ásotthalom               |0003259|0000004|0003263|0000006|0000972|0000972|+000000|0000008|0000964|100.00|2009.06.11.23.22|
06|Csongrád                 |006|Baks                     |0001684|0000000|0001684|0000000|0000235|0000235|+000000|0000005|0000230|100.00|2009.06.11.23.22|
06|Csongrád                 |007|Balástya                 |0002773|0000005|0002778|0000000|0000721|0000721|+000000|0000000|0000721|100.00|2009.06.11.23.22|
06|Csongrád                 |008|Bordány                  |0002525|0000002|0002527|0000000|0000633|0000633|+000000|0000007|0000626|100.00|2009.06.11.23.22|
06|Csongrád                 |009|Csanádalberti            |0000380|0000002|0000382|0000000|0000143|0000143|+000000|0000000|0000143|100.00|2009.06.11.23.22|
06|Csongrád                 |010|Csanádpalota             |0002503|0000002|0002505|0000000|0000720|0000720|+000000|0000020|0000700|100.00|2009.06.11.23.22|
06|Csongrád                 |011|Csanytelek               |0002350|0000000|0002350|0000000|0000407|0000407|+000000|0000002|0000405|100.00|2009.06.11.23.22|
06|Csongrád                 |012|Csengele                 |0001563|0000000|0001563|0000000|0000435|0000435|+000000|0000004|0000431|100.00|2009.06.11.23.22|
06|Csongrád                 |013|Csongrád                 |0014553|0000030|0014583|0000001|0005435|0005433|-000002|0000046|0005387|100.00|2009.06.11.23.22|
06|Csongrád                 |014|Derekegyház              |0001323|0000001|0001324|0000000|0000368|0000367|-000001|0000002|0000365|100.00|2009.06.11.23.22|
06|Csongrád                 |015|Deszk                    |0002777|0000010|0002787|0000005|0000886|0000886|+000000|0000005|0000881|100.00|2009.06.11.23.22|
06|Csongrád                 |016|Domaszék                 |0003614|0000004|0003618|0000000|0001082|0001082|+000000|0000012|0001070|100.00|2009.06.11.23.22|
06|Csongrád                 |017|Dóc                      |0000607|0000000|0000607|0000000|0000135|0000135|+000000|0000002|0000133|100.00|2009.06.11.23.22|
06|Csongrád                 |018|Eperjes                  |0000503|0000000|0000503|0000000|0000148|0000148|+000000|0000002|0000146|100.00|2009.06.11.23.22|
06|Csongrád                 |019|Fábiánsebestyén          |0001817|0000002|0001819|0000002|0000402|0000402|+000000|0000004|0000398|100.00|2009.06.11.23.22|
06|Csongrád                 |020|Felgyõ                   |0001057|0000000|0001057|0000000|0000318|0000318|+000000|0000000|0000318|100.00|2009.06.11.23.22|
06|Csongrád                 |021|Ferencszállás            |0000548|0000000|0000548|0000000|0000143|0000143|+000000|0000000|0000143|100.00|2009.06.11.23.22|
06|Csongrád                 |022|Forráskút                |0001707|0000005|0001712|0000000|0000543|0000543|+000000|0000005|0000538|100.00|2009.06.11.23.22|
06|Csongrád                 |023|Földeák                  |0002661|0000000|0002661|0000000|0000665|0000665|+000000|0000008|0000657|100.00|2009.06.11.23.22|
06|Csongrád                 |024|Hódmezõvásárhely         |0037986|0000019|0038005|0000021|0015139|0015132|-000007|0000183|0014949|100.00|2009.06.11.23.22|
06|Csongrád                 |025|Királyhegyes             |0000513|0000000|0000513|0000000|0000163|0000163|+000000|0000002|0000161|100.00|2009.06.11.23.22|
06|Csongrád                 |026|Kistelek                 |0006061|0000006|0006067|0000001|0001703|0001703|+000000|0000016|0001687|100.00|2009.06.11.23.22|
06|Csongrád                 |027|Kiszombor                |0003342|0000000|0003342|0000000|0000730|0000730|+000000|0000006|0000724|100.00|2009.06.11.23.22|
06|Csongrád                 |028|Klárafalva               |0000411|0000000|0000411|0000000|0000103|0000103|+000000|0000001|0000102|100.00|2009.06.11.23.22|
06|Csongrád                 |029|Kövegy                   |0000352|0000000|0000352|0000000|0000089|0000089|+000000|0000000|0000089|100.00|2009.06.11.23.22|
06|Csongrád                 |030|Kübekháza                |0001240|0000002|0001242|0000003|0000295|0000297|+000002|0000017|0000280|100.00|2009.06.11.23.22|
06|Csongrád                 |031|Magyarcsanád             |0001167|0000000|0001167|0000000|0000275|0000275|+000000|0000003|0000272|100.00|2009.06.11.23.22|
06|Csongrád                 |032|Makó                     |0020035|0000018|0020053|0000008|0006215|0006216|+000001|0000058|0006158|100.00|2009.06.11.23.22|
06|Csongrád                 |033|Maroslele                |0001700|0000001|0001701|0000000|0000448|0000448|+000000|0000009|0000439|100.00|2009.06.11.23.22|
06|Csongrád                 |034|Mártély                  |0001037|0000006|0001043|0000002|0000397|0000397|+000000|0000003|0000394|100.00|2009.06.11.23.22|
06|Csongrád                 |035|Mindszent                |0005880|0000007|0005887|0000000|0001952|0001952|+000000|0000021|0001931|100.00|2009.06.11.23.22|
06|Csongrád                 |036|Mórahalom                |0004731|0000017|0004748|0000005|0002039|0002039|+000000|0000025|0002014|100.00|2009.06.11.23.22|
06|Csongrád                 |037|Nagyér                   |0000435|0000000|0000435|0000000|0000125|0000125|+000000|0000001|0000124|100.00|2009.06.11.23.22|
06|Csongrád                 |038|Nagylak                  |0000453|0000000|0000453|0000000|0000142|0000142|+000000|0000000|0000142|100.00|2009.06.11.23.22|
06|Csongrád                 |039|Nagymágocs               |0002543|0000002|0002545|0000000|0000655|0000655|+000000|0000010|0000645|100.00|2009.06.11.23.22|
06|Csongrád                 |040|Nagytõke                 |0000379|0000000|0000379|0000000|0000084|0000084|+000000|0000003|0000081|100.00|2009.06.11.23.22|
06|Csongrád                 |041|Óföldeák                 |0000423|0000000|0000423|0000002|0000116|0000116|+000000|0000001|0000115|100.00|2009.06.11.23.22|
06|Csongrád                 |042|Ópusztaszer              |0001526|0000005|0001531|0000000|0000323|0000323|+000000|0000003|0000320|100.00|2009.06.11.23.22|
06|Csongrád                 |043|Öttömös                  |0000607|0000000|0000607|0000002|0000271|0000269|-000002|0000011|0000258|100.00|2009.06.11.23.22|
06|Csongrád                 |044|Pitvaros                 |0001256|0000001|0001257|0000000|0000401|0000401|+000000|0000002|0000399|100.00|2009.06.11.23.22|
06|Csongrád                 |045|Pusztamérges             |0000989|0000000|0000989|0000004|0000286|0000286|+000000|0000000|0000286|100.00|2009.06.11.23.22|
06|Csongrád                 |046|Pusztaszer               |0001229|0000001|0001230|0000000|0000382|0000381|-000001|0000004|0000377|100.00|2009.06.11.23.22|
06|Csongrád                 |047|Röszke                   |0002595|0000001|0002596|0000000|0000699|0000699|+000000|0000009|0000690|100.00|2009.06.11.23.22|
06|Csongrád                 |048|Ruzsa                    |0002148|0000000|0002148|0000002|0000717|0000717|+000000|0000010|0000707|100.00|2009.06.11.23.22|
06|Csongrád                 |049|Sándorfalva              |0006527|0000006|0006533|0000001|0001639|0001639|+000000|0000026|0001613|100.00|2009.06.11.23.22|
06|Csongrád                 |050|Szatymaz                 |0003691|0000005|0003696|0000000|0000945|0000945|+000000|0000004|0000941|100.00|2009.06.11.23.22|
06|Csongrád                 |051|Szeged                   |0130784|0000439|0131223|0000052|0046586|0046571|-000015|0000384|0046187|100.00|2009.06.11.23.22|
06|Csongrád                 |052|Szegvár                  |0003924|0000002|0003926|0000003|0001294|0001294|+000000|0000009|0001285|100.00|2009.06.11.23.22|
06|Csongrád                 |053|Szentes                  |0023950|0000048|0023998|0000006|0008179|0008178|-000001|0000061|0008117|100.00|2009.06.11.23.22|
06|Csongrád                 |054|Székkutas                |0001993|0000003|0001996|0000000|0000784|0000782|-000002|0000008|0000774|100.00|2009.06.11.23.22|
06|Csongrád                 |055|Tiszasziget              |0001382|0000000|0001382|0000000|0000526|0000526|+000000|0000003|0000523|100.00|2009.06.11.23.22|
06|Csongrád                 |056|Tömörkény                |0001579|0000003|0001582|0000000|0000392|0000392|+000000|0000008|0000384|100.00|2009.06.11.23.22|
06|Csongrád                 |057|Újszentiván              |0001277|0000001|0001278|0000001|0000472|0000472|+000000|0000006|0000466|100.00|2009.06.11.23.22|
06|Csongrád                 |058|Üllés                    |0002599|0000000|0002599|0000000|0000694|0000694|+000000|0000003|0000691|100.00|2009.06.11.23.22|
06|Csongrád                 |059|Zákányszék               |0002260|0000007|0002267|0000000|0000730|0000730|+000000|0000010|0000720|100.00|2009.06.11.23.22|
06|Csongrád                 |060|Zsombó                   |0002642|0000000|0002642|0000000|0000804|0000804|+000000|0000005|0000799|100.00|2009.06.11.23.22|
07|Fejér                    |001|Aba                      |0003538|0000004|0003542|0000000|0000908|0000907|-000001|0000004|0000903|100.00|2009.06.11.23.22|
07|Fejér                    |002|Adony                    |0003048|0000010|0003058|0000000|0000881|0000880|-000001|0000007|0000873|100.00|2009.06.11.23.22|
07|Fejér                    |003|Alap                     |0001588|0000001|0001589|0000000|0000429|0000429|+000000|0000002|0000427|100.00|2009.06.11.23.22|
07|Fejér                    |004|Alcsútdoboz              |0001152|0000000|0001152|0000000|0000520|0000520|+000000|0000001|0000519|100.00|2009.06.11.23.22|
07|Fejér                    |005|Alsószentiván            |0000518|0000000|0000518|0000000|0000144|0000144|+000000|0000003|0000141|100.00|2009.06.11.23.22|
07|Fejér                    |006|Bakonycsernye            |0002529|0000002|0002531|0000003|0000826|0000825|-000001|0000006|0000819|100.00|2009.06.11.23.22|
07|Fejér                    |007|Bakonykúti               |0000109|0000002|0000111|0000000|0000065|0000065|+000000|0000003|0000062|100.00|2009.06.11.23.22|
07|Fejér                    |008|Balinka                  |0000778|0000000|0000778|0000000|0000312|0000312|+000000|0000006|0000306|100.00|2009.06.11.23.22|
07|Fejér                    |009|Baracs                   |0002865|0000000|0002865|0000000|0000736|0000736|+000000|0000009|0000727|100.00|2009.06.11.23.22|
07|Fejér                    |010|Baracska                 |0002193|0000002|0002195|0000002|0000749|0000749|+000000|0000005|0000744|100.00|2009.06.11.23.22|
07|Fejér                    |011|Beloiannisz              |0000910|0000000|0000910|0000000|0000234|0000233|-000001|0000005|0000228|100.00|2009.06.11.23.22|
07|Fejér                    |012|Besnyõ                   |0001424|0000005|0001429|0000000|0000305|0000305|+000000|0000000|0000305|100.00|2009.06.11.23.22|
07|Fejér                    |013|Bicske                   |0008771|0000020|0008791|0000000|0003323|0003322|-000001|0000025|0003297|100.00|2009.06.11.23.22|
07|Fejér                    |014|Bodajk                   |0003336|0000006|0003342|0000000|0001341|0001341|+000000|0000020|0001321|100.00|2009.06.11.23.22|
07|Fejér                    |015|Bodmér                   |0000186|0000000|0000186|0000000|0000097|0000097|+000000|0000001|0000096|100.00|2009.06.11.23.22|
07|Fejér                    |016|Cece                     |0002136|0000002|0002138|0000000|0000724|0000724|+000000|0000008|0000716|100.00|2009.06.11.23.22|
07|Fejér                    |017|Csabdi                   |0000959|0000003|0000962|0000003|0000386|0000386|+000000|0000005|0000381|100.00|2009.06.11.23.22|
07|Fejér                    |018|Csákberény               |0000983|0000003|0000986|0000000|0000437|0000437|+000000|0000004|0000433|100.00|2009.06.11.23.22|
07|Fejér                    |019|Csákvár                  |0004264|0000004|0004268|0000002|0001677|0001677|+000000|0000014|0001663|100.00|2009.06.11.23.22|
07|Fejér                    |020|Csókakõ                  |0001112|0000007|0001119|0000000|0000529|0000529|+000000|0000005|0000524|100.00|2009.06.11.23.22|
07|Fejér                    |021|Csór                     |0001432|0000000|0001432|0000002|0000517|0000517|+000000|0000006|0000511|100.00|2009.06.11.23.22|
07|Fejér                    |022|Csõsz                    |0000806|0000000|0000806|0000000|0000179|0000179|+000000|0000003|0000176|100.00|2009.06.11.23.22|
07|Fejér                    |023|Dég                      |0001806|0000004|0001810|0000000|0000355|0000355|+000000|0000005|0000350|100.00|2009.06.11.23.22|
07|Fejér                    |024|Dunaújváros              |0040994|0000047|0041041|0000011|0013967|0013964|-000003|0000150|0013814|100.00|2009.06.11.23.22|
07|Fejér                    |025|Elõszállás               |0001976|0000003|0001979|0000000|0000550|0000551|+000001|0000016|0000535|100.00|2009.06.11.23.22|
07|Fejér                    |026|Enying                   |0005769|0000003|0005772|0000001|0001515|0001514|-000001|0000015|0001499|100.00|2009.06.11.23.22|
07|Fejér                    |027|Ercsi                    |0006705|0000014|0006719|0000001|0001905|0001905|+000000|0000028|0001877|100.00|2009.06.11.23.22|
07|Fejér                    |028|Etyek                    |0003131|0000011|0003142|0000000|0001161|0001161|+000000|0000010|0001151|100.00|2009.06.11.23.22|
07|Fejér                    |029|Fehérvárcsurgó           |0001552|0000009|0001561|0000000|0000632|0000631|-000001|0000005|0000626|100.00|2009.06.11.23.22|
07|Fejér                    |030|Felcsút                  |0001388|0000013|0001401|0000001|0000760|0000760|+000000|0000004|0000756|100.00|2009.06.11.23.22|
07|Fejér                    |031|Füle                     |0000739|0000006|0000745|0000000|0000260|0000260|+000000|0000000|0000260|100.00|2009.06.11.23.22|
07|Fejér                    |032|Gánt                     |0000474|0000003|0000477|0000000|0000223|0000223|+000000|0000003|0000220|100.00|2009.06.11.23.22|
07|Fejér                    |033|Gárdony                  |0007864|0000131|0007995|0000005|0003078|0003074|-000004|0000020|0003054|100.00|2009.06.11.23.22|
07|Fejér                    |034|Gyúró                    |0000965|0000001|0000966|0000000|0000387|0000387|+000000|0000005|0000382|100.00|2009.06.11.23.22|
07|Fejér                    |035|Hantos                   |0000809|0000001|0000810|0000000|0000214|0000214|+000000|0000001|0000213|100.00|2009.06.11.23.22|
07|Fejér                    |036|Igar                     |0000837|0000000|0000837|0000000|0000224|0000223|-000001|0000004|0000219|100.00|2009.06.11.23.22|
07|Fejér                    |037|Iszkaszentgyörgy         |0001571|0000002|0001573|0000000|0000499|0000499|+000000|0000003|0000496|100.00|2009.06.11.23.22|
07|Fejér                    |038|Isztimér                 |0000754|0000000|0000754|0000000|0000260|0000260|+000000|0000001|0000259|100.00|2009.06.11.23.22|
07|Fejér                    |039|Iváncsa                  |0002283|0000003|0002286|0000000|0000532|0000532|+000000|0000008|0000524|100.00|2009.06.11.23.22|
07|Fejér                    |040|Jenõ                     |0001030|0000003|0001033|0000000|0000256|0000256|+000000|0000003|0000253|100.00|2009.06.11.23.22|
07|Fejér                    |041|Kajászó                  |0000838|0000006|0000844|0000000|0000343|0000343|+000000|0000000|0000343|100.00|2009.06.11.23.22|
07|Fejér                    |042|Káloz                    |0001947|0000000|0001947|0000003|0000507|0000507|+000000|0000005|0000502|100.00|2009.06.11.23.22|
07|Fejér                    |043|Kápolnásnyék             |0002835|0000010|0002845|0000000|0001076|0001076|+000000|0000011|0001065|100.00|2009.06.11.23.22|
07|Fejér                    |044|Kincsesbánya             |0001233|0000000|0001233|0000001|0000415|0000415|+000000|0000008|0000407|100.00|2009.06.11.23.22|
07|Fejér                    |045|Kisapostag               |0001206|0000000|0001206|0000000|0000487|0000487|+000000|0000004|0000483|100.00|2009.06.11.23.22|
07|Fejér                    |046|Kisláng                  |0002047|0000000|0002047|0000005|0000398|0000398|+000000|0000005|0000393|100.00|2009.06.11.23.22|
07|Fejér                    |047|Kõszárhegy               |0001243|0000001|0001244|0000000|0000379|0000379|+000000|0000002|0000377|100.00|2009.06.11.23.22|
07|Fejér                    |048|Kulcs                    |0002077|0000020|0002097|0000000|0000676|0000676|+000000|0000004|0000672|100.00|2009.06.11.23.22|
07|Fejér                    |049|Lajoskomárom             |0001900|0000002|0001902|0000000|0000502|0000502|+000000|0000005|0000497|100.00|2009.06.11.23.22|
07|Fejér                    |050|Lepsény                  |0002538|0000003|0002541|0000000|0000589|0000589|+000000|0000006|0000583|100.00|2009.06.11.23.22|
07|Fejér                    |051|Lovasberény              |0002205|0000010|0002215|0000001|0000751|0000751|+000000|0000001|0000750|100.00|2009.06.11.23.22|
07|Fejér                    |052|Magyaralmás              |0001282|0000000|0001282|0000000|0000567|0000567|+000000|0000007|0000560|100.00|2009.06.11.23.22|
07|Fejér                    |053|Martonvásár              |0004427|0000018|0004445|0000000|0001733|0001733|+000000|0000004|0001729|100.00|2009.06.11.23.22|
07|Fejér                    |054|Mány                     |0001794|0000003|0001797|0000000|0000556|0000556|+000000|0000003|0000553|100.00|2009.06.11.23.22|
07|Fejér                    |055|Mátyásdomb               |0000600|0000000|0000600|0000000|0000116|0000116|+000000|0000006|0000110|100.00|2009.06.11.23.22|
07|Fejér                    |056|Mezõfalva                |0003946|0000004|0003950|0000000|0000933|0000933|+000000|0000010|0000923|100.00|2009.06.11.23.22|
07|Fejér                    |057|Mezõkomárom              |0000798|0000000|0000798|0000000|0000218|0000218|+000000|0000000|0000218|100.00|2009.06.11.23.22|
07|Fejér                    |058|Mezõszentgyörgy          |0001018|0000000|0001018|0000001|0000227|0000227|+000000|0000002|0000225|100.00|2009.06.11.23.22|
07|Fejér                    |059|Mezõszilas               |0001827|0000001|0001828|0000000|0000370|0000370|+000000|0000000|0000370|100.00|2009.06.11.23.22|
07|Fejér                    |060|Moha                     |0000406|0000001|0000407|0000000|0000168|0000168|+000000|0000001|0000167|100.00|2009.06.11.23.22|
07|Fejér                    |061|Mór                      |0011784|0000004|0011788|0000002|0004710|0004710|+000000|0000025|0004685|100.00|2009.06.11.23.22|
07|Fejér                    |062|Nadap                    |0000413|0000001|0000414|0000000|0000168|0000168|+000000|0000000|0000168|100.00|2009.06.11.23.22|
07|Fejér                    |063|Nagykarácsony            |0001162|0000000|0001162|0000000|0000273|0000273|+000000|0000001|0000272|100.00|2009.06.11.23.22|
07|Fejér                    |064|Nagylók                  |0000906|0000001|0000907|0000000|0000209|0000209|+000000|0000000|0000209|100.00|2009.06.11.23.22|
07|Fejér                    |065|Nagyveleg                |0000533|0000000|0000533|0000000|0000231|0000231|+000000|0000002|0000229|100.00|2009.06.11.23.22|
07|Fejér                    |066|Nagyvenyim               |0003450|0000009|0003459|0000000|0001042|0001042|+000000|0000003|0001039|100.00|2009.06.11.23.22|
07|Fejér                    |067|Nádasdladány             |0001468|0000000|0001468|0000000|0000346|0000346|+000000|0000003|0000343|100.00|2009.06.11.23.22|
07|Fejér                    |068|Óbarok                   |0000619|0000000|0000619|0000000|0000178|0000178|+000000|0000002|0000176|100.00|2009.06.11.23.22|
07|Fejér                    |069|Pákozd                   |0002387|0000002|0002389|0000000|0000958|0000958|+000000|0000009|0000949|100.00|2009.06.11.23.22|
07|Fejér                    |070|Pátka                    |0001323|0000001|0001324|0000000|0000459|0000459|+000000|0000006|0000453|100.00|2009.06.11.23.22|
07|Fejér                    |071|Pázmánd                  |0001647|0000008|0001655|0000000|0000566|0000566|+000000|0000009|0000557|100.00|2009.06.11.23.22|
07|Fejér                    |072|Perkáta                  |0003219|0000000|0003219|0000001|0000667|0000667|+000000|0000008|0000659|100.00|2009.06.11.23.22|
07|Fejér                    |073|Polgárdi                 |0005051|0000005|0005056|0000000|0001230|0001229|-000001|0000015|0001214|100.00|2009.06.11.23.22|
07|Fejér                    |074|Pusztaszabolcs           |0004976|0000004|0004980|0000013|0001189|0001189|+000000|0000013|0001176|100.00|2009.06.11.23.22|
07|Fejér                    |075|Pusztavám                |0001931|0000001|0001932|0000000|0000930|0000930|+000000|0000003|0000927|100.00|2009.06.11.23.22|
07|Fejér                    |076|Rácalmás                 |0003551|0000003|0003554|0000000|0001153|0001153|+000000|0000005|0001148|100.00|2009.06.11.23.22|
07|Fejér                    |077|Ráckeresztúr             |0002568|0000006|0002574|0000000|0000682|0000682|+000000|0000009|0000673|100.00|2009.06.11.23.22|
07|Fejér                    |078|Sárbogárd                |0010357|0000007|0010364|0000002|0003177|0003178|+000001|0000024|0003154|100.00|2009.06.11.23.22|
07|Fejér                    |079|Sáregres                 |0000609|0000002|0000611|0000000|0000222|0000222|+000000|0000003|0000219|100.00|2009.06.11.23.22|
07|Fejér                    |080|Sárkeresztes             |0001274|0000000|0001274|0000000|0000535|0000535|+000000|0000004|0000531|100.00|2009.06.11.23.22|
07|Fejér                    |081|Sárkeresztúr             |0001733|0000001|0001734|0000000|0000254|0000254|+000000|0000000|0000254|100.00|2009.06.11.23.22|
07|Fejér                    |082|Sárkeszi                 |0000467|0000000|0000467|0000000|0000119|0000119|+000000|0000004|0000115|100.00|2009.06.11.23.22|
07|Fejér                    |083|Sárosd                   |0002687|0000002|0002689|0000000|0000535|0000535|+000000|0000008|0000527|100.00|2009.06.11.23.22|
07|Fejér                    |084|Sárszentágota            |0001138|0000001|0001139|0000000|0000363|0000363|+000000|0000006|0000357|100.00|2009.06.11.23.22|
07|Fejér                    |085|Sárszentmihály           |0002461|0000000|0002461|0000000|0000646|0000645|-000001|0000005|0000640|100.00|2009.06.11.23.22|
07|Fejér                    |086|Seregélyes               |0003644|0000001|0003645|0000009|0000917|0000916|-000001|0000007|0000909|100.00|2009.06.11.23.22|
07|Fejér                    |087|Soponya                  |0001546|0000002|0001548|0000000|0000419|0000419|+000000|0000008|0000411|100.00|2009.06.11.23.22|
07|Fejér                    |088|Söréd                    |0000384|0000000|0000384|0000000|0000187|0000187|+000000|0000002|0000185|100.00|2009.06.11.23.22|
07|Fejér                    |089|Sukoró                   |0001015|0000061|0001076|0000000|0000523|0000522|-000001|0000001|0000521|100.00|2009.06.11.23.22|
07|Fejér                    |090|Szabadbattyán            |0003774|0000006|0003780|0000000|0001309|0001309|+000000|0000012|0001297|100.00|2009.06.11.23.22|
07|Fejér                    |091|Szabadegyháza            |0001791|0000000|0001791|0000000|0000429|0000429|+000000|0000005|0000424|100.00|2009.06.11.23.22|
07|Fejér                    |092|Szabadhídvég             |0000699|0000000|0000699|0000000|0000175|0000175|+000000|0000004|0000171|100.00|2009.06.11.23.22|
07|Fejér                    |093|Szár                     |0001330|0000002|0001332|0000000|0000534|0000534|+000000|0000005|0000529|100.00|2009.06.11.23.22|
07|Fejér                    |094|Székesfehérvár           |0082839|0000134|0082973|0000024|0034467|0034441|-000026|0000223|0034218|100.00|2009.06.11.23.22|
07|Fejér                    |095|Tabajd                   |0000756|0000003|0000759|0000000|0000332|0000332|+000000|0000003|0000329|100.00|2009.06.11.23.22|
07|Fejér                    |096|Tác                      |0001357|0000003|0001360|0000001|0000420|0000420|+000000|0000002|0000418|100.00|2009.06.11.23.22|
07|Fejér                    |097|Tordas                   |0001316|0000016|0001332|0000002|0000578|0000578|+000000|0000002|0000576|100.00|2009.06.11.23.22|
07|Fejér                    |098|Újbarok                  |0000318|0000002|0000320|0000000|0000145|0000145|+000000|0000004|0000141|100.00|2009.06.11.23.22|
07|Fejér                    |099|Úrhida                   |0001720|0000006|0001726|0000000|0000597|0000597|+000000|0000004|0000593|100.00|2009.06.11.23.22|
07|Fejér                    |100|Vajta                    |0000709|0000002|0000711|0000000|0000203|0000203|+000000|0000007|0000196|100.00|2009.06.11.23.22|
07|Fejér                    |101|Vál                      |0001881|0000006|0001887|0000000|0000762|0000762|+000000|0000007|0000755|100.00|2009.06.11.23.22|
07|Fejér                    |102|Velence                  |0004396|0000080|0004476|0000000|0001854|0001853|-000001|0000009|0001844|100.00|2009.06.11.23.22|
07|Fejér                    |103|Vereb                    |0000652|0000001|0000653|0000000|0000177|0000177|+000000|0000002|0000175|100.00|2009.06.11.23.22|
07|Fejér                    |104|Vértesacsa               |0001396|0000004|0001400|0000002|0000541|0000541|+000000|0000005|0000536|100.00|2009.06.11.23.22|
07|Fejér                    |105|Vértesboglár             |0000760|0000002|0000762|0000000|0000341|0000341|+000000|0000003|0000338|100.00|2009.06.11.23.22|
07|Fejér                    |106|Zámoly                   |0001846|0000002|0001848|0000000|0000527|0000527|+000000|0000001|0000526|100.00|2009.06.11.23.22|
07|Fejér                    |107|Zichyújfalu              |0000786|0000000|0000786|0000000|0000206|0000206|+000000|0000005|0000201|100.00|2009.06.11.23.22|
07|Fejér                    |108|Daruszentmiklós          |0001034|0000002|0001036|0000000|0000363|0000363|+000000|0000015|0000348|100.00|2009.06.11.23.22|
08|Gyõr-Moson-Sopron        |001|Abda                     |0002499|0000005|0002504|0000000|0000839|0000839|+000000|0000005|0000834|100.00|2009.06.11.23.22|
08|Gyõr-Moson-Sopron        |002|Acsalag                  |0000404|0000000|0000404|0000000|0000217|0000217|+000000|0000003|0000214|100.00|2009.06.11.23.22|
08|Gyõr-Moson-Sopron        |003|Agyagosszergény          |0000718|0000001|0000719|0000000|0000306|0000306|+000000|0000001|0000305|100.00|2009.06.11.23.22|
08|Gyõr-Moson-Sopron        |004|Ágfalva                  |0001603|0000005|0001608|0000000|0000475|0000475|+000000|0000003|0000472|100.00|2009.06.11.23.22|
08|Gyõr-Moson-Sopron        |005|Árpás                    |0000224|0000002|0000226|0000000|0000106|0000106|+000000|0000002|0000104|100.00|2009.06.11.23.22|
08|Gyõr-Moson-Sopron        |006|Ásványráró               |0001614|0000000|0001614|0000000|0000609|0000609|+000000|0000006|0000603|100.00|2009.06.11.23.22|
08|Gyõr-Moson-Sopron        |007|Babót                    |0000985|0000000|0000985|0000000|0000375|0000375|+000000|0000005|0000370|100.00|2009.06.11.23.22|
08|Gyõr-Moson-Sopron        |008|Bakonygyirót             |0000131|0000001|0000132|0000000|0000057|0000057|+000000|0000001|0000056|100.00|2009.06.11.23.22|
08|Gyõr-Moson-Sopron        |009|Bakonypéterd             |0000222|0000000|0000222|0000000|0000102|0000102|+000000|0000000|0000102|100.00|2009.06.11.23.22|
08|Gyõr-Moson-Sopron        |010|Bakonyszentlászló        |0001516|0000000|0001516|0000000|0000509|0000509|+000000|0000005|0000504|100.00|2009.06.11.23.22|
08|Gyõr-Moson-Sopron        |011|Barbacs                  |0000604|0000000|0000604|0000000|0000181|0000181|+000000|0000003|0000178|100.00|2009.06.11.23.22|
08|Gyõr-Moson-Sopron        |012|Bágyogszovát             |0001090|0000000|0001090|0000000|0000444|0000444|+000000|0000005|0000439|100.00|2009.06.11.23.22|
08|Gyõr-Moson-Sopron        |013|Beled                    |0002321|0000001|0002322|0000000|0000839|0000839|+000000|0000003|0000836|100.00|2009.06.11.23.22|
08|Gyõr-Moson-Sopron        |014|Bezenye                  |0001153|0000001|0001154|0000001|0000461|0000461|+000000|0000004|0000457|100.00|2009.06.11.23.22|
08|Gyõr-Moson-Sopron        |015|Bezi                     |0000409|0000001|0000410|0000000|0000109|0000109|+000000|0000003|0000106|100.00|2009.06.11.23.22|
08|Gyõr-Moson-Sopron        |016|Bodonhely                |0000276|0000000|0000276|0000000|0000112|0000112|+000000|0000002|0000110|100.00|2009.06.11.23.22|
08|Gyõr-Moson-Sopron        |017|Bogyoszló                |0000548|0000001|0000549|0000000|0000243|0000243|+000000|0000002|0000241|100.00|2009.06.11.23.22|
08|Gyõr-Moson-Sopron        |018|Börcs                    |0000974|0000000|0000974|0000000|0000252|0000252|+000000|0000002|0000250|100.00|2009.06.11.23.22|
08|Gyõr-Moson-Sopron        |019|Bõny                     |0001763|0000000|0001763|0000000|0000428|0000428|+000000|0000009|0000419|100.00|2009.06.11.23.22|
08|Gyõr-Moson-Sopron        |020|Bõsárkány                |0001731|0000012|0001743|0000003|0000587|0000587|+000000|0000006|0000581|100.00|2009.06.11.23.22|
08|Gyõr-Moson-Sopron        |021|Cakóháza                 |0000046|0000000|0000046|0000000|0000027|0000027|+000000|0000001|0000026|100.00|2009.06.11.23.22|
08|Gyõr-Moson-Sopron        |022|Cirák                    |0000491|0000000|0000491|0000000|0000195|0000195|+000000|0000004|0000191|100.00|2009.06.11.23.22|
08|Gyõr-Moson-Sopron        |023|Csapod                   |0000462|0000000|0000462|0000000|0000216|0000216|+000000|0000001|0000215|100.00|2009.06.11.23.22|
08|Gyõr-Moson-Sopron        |024|Csáfordjánosfa           |0000196|0000000|0000196|0000000|0000109|0000109|+000000|0000003|0000106|100.00|2009.06.11.23.22|
08|Gyõr-Moson-Sopron        |025|Csér                     |0000029|0000000|0000029|0000000|0000019|0000019|+000000|0000003|0000016|100.00|2009.06.11.23.22|
08|Gyõr-Moson-Sopron        |026|Csikvánd                 |0000434|0000001|0000435|0000000|0000216|0000216|+000000|0000004|0000212|100.00|2009.06.11.23.22|
08|Gyõr-Moson-Sopron        |027|Csorna                   |0008704|0000020|0008724|0000001|0004155|0004154|-000001|0000032|0004122|100.00|2009.06.11.23.22|
08|Gyõr-Moson-Sopron        |028|Darnózseli               |0001261|0000001|0001262|0000000|0000437|0000437|+000000|0000005|0000432|100.00|2009.06.11.23.22|
08|Gyõr-Moson-Sopron        |029|Dénesfa                  |0000319|0000000|0000319|0000000|0000120|0000120|+000000|0000000|0000120|100.00|2009.06.11.23.22|
08|Gyõr-Moson-Sopron        |030|Dör                      |0000486|0000000|0000486|0000000|0000219|0000219|+000000|0000002|0000217|100.00|2009.06.11.23.22|
08|Gyõr-Moson-Sopron        |031|Dunakiliti               |0001438|0000010|0001448|0000000|0000462|0000462|+000000|0000000|0000462|100.00|2009.06.11.23.22|
08|Gyõr-Moson-Sopron        |032|Dunaremete               |0000208|0000001|0000209|0000000|0000103|0000103|+000000|0000003|0000100|100.00|2009.06.11.23.22|
08|Gyõr-Moson-Sopron        |033|Dunaszeg                 |0001555|0000001|0001556|0000000|0000513|0000513|+000000|0000002|0000511|100.00|2009.06.11.23.22|
08|Gyõr-Moson-Sopron        |034|Dunaszentpál             |0000557|0000002|0000559|0000000|0000173|0000173|+000000|0000007|0000166|100.00|2009.06.11.23.22|
08|Gyõr-Moson-Sopron        |035|Dunasziget               |0001161|0000009|0001170|0000000|0000389|0000389|+000000|0000005|0000384|100.00|2009.06.11.23.22|
08|Gyõr-Moson-Sopron        |036|Ebergõc                  |0000111|0000000|0000111|0000000|0000099|0000099|+000000|0000005|0000094|100.00|2009.06.11.23.22|
08|Gyõr-Moson-Sopron        |037|Edve                     |0000114|0000000|0000114|0000000|0000070|0000070|+000000|0000001|0000069|100.00|2009.06.11.23.22|
08|Gyõr-Moson-Sopron        |038|Egyed                    |0000459|0000001|0000460|0000000|0000132|0000132|+000000|0000001|0000131|100.00|2009.06.11.23.22|
08|Gyõr-Moson-Sopron        |039|Egyházasfalu             |0000708|0000001|0000709|0000000|0000337|0000337|+000000|0000004|0000333|100.00|2009.06.11.23.22|
08|Gyõr-Moson-Sopron        |040|Enese                    |0001413|0000000|0001413|0000000|0000487|0000487|+000000|0000005|0000482|100.00|2009.06.11.23.22|
08|Gyõr-Moson-Sopron        |041|Écs                      |0001509|0000001|0001510|0000000|0000601|0000601|+000000|0000005|0000596|100.00|2009.06.11.23.22|
08|Gyõr-Moson-Sopron        |042|Farád                    |0001625|0000001|0001626|0000000|0000769|0000769|+000000|0000006|0000763|100.00|2009.06.11.23.22|
08|Gyõr-Moson-Sopron        |043|Fehértó                  |0000416|0000000|0000416|0000000|0000161|0000161|+000000|0000001|0000160|100.00|2009.06.11.23.22|
08|Gyõr-Moson-Sopron        |044|Feketeerdõ               |0000380|0000001|0000381|0000001|0000157|0000157|+000000|0000002|0000155|100.00|2009.06.11.23.22|
08|Gyõr-Moson-Sopron        |045|Felpéc                   |0000694|0000001|0000695|0000000|0000219|0000219|+000000|0000002|0000217|100.00|2009.06.11.23.22|
08|Gyõr-Moson-Sopron        |046|Fenyõfõ                  |0000115|0000003|0000118|0000000|0000063|0000063|+000000|0000001|0000062|100.00|2009.06.11.23.22|
08|Gyõr-Moson-Sopron        |047|Fertõboz                 |0000214|0000000|0000214|0000000|0000077|0000077|+000000|0000000|0000077|100.00|2009.06.11.23.22|
08|Gyõr-Moson-Sopron        |048|Fertõd                   |0002755|0000012|0002767|0000000|0001158|0001157|-000001|0000007|0001150|100.00|2009.06.11.23.22|
08|Gyõr-Moson-Sopron        |049|Fertõendréd              |0000506|0000000|0000506|0000000|0000253|0000253|+000000|0000002|0000251|100.00|2009.06.11.23.22|
08|Gyõr-Moson-Sopron        |050|Fertõhomok               |0000458|0000006|0000464|0000000|0000240|0000240|+000000|0000002|0000238|100.00|2009.06.11.23.22|
08|Gyõr-Moson-Sopron        |051|Fertõrákos               |0001826|0000003|0001829|0000000|0000541|0000541|+000000|0000003|0000538|100.00|2009.06.11.23.22|
08|Gyõr-Moson-Sopron        |052|Fertõszentmiklós         |0003059|0000001|0003060|0000000|0001484|0001484|+000000|0000009|0001475|100.00|2009.06.11.23.22|
08|Gyõr-Moson-Sopron        |053|Fertõszéplak             |0000976|0000002|0000978|0000000|0000380|0000380|+000000|0000004|0000376|100.00|2009.06.11.23.22|
08|Gyõr-Moson-Sopron        |054|Gönyû                    |0002453|0000001|0002454|0000000|0000706|0000706|+000000|0000003|0000703|100.00|2009.06.11.23.22|
08|Gyõr-Moson-Sopron        |055|Gyalóka                  |0000068|0000000|0000068|0000000|0000035|0000035|+000000|0000001|0000034|100.00|2009.06.11.23.22|
08|Gyõr-Moson-Sopron        |056|Gyarmat                  |0001086|0000000|0001086|0000000|0000418|0000418|+000000|0000007|0000411|100.00|2009.06.11.23.22|
08|Gyõr-Moson-Sopron        |057|Gyóró                    |0000319|0000000|0000319|0000000|0000134|0000134|+000000|0000002|0000132|100.00|2009.06.11.23.22|
08|Gyõr-Moson-Sopron        |058|Gyömöre                  |0001037|0000000|0001037|0000000|0000369|0000369|+000000|0000006|0000363|100.00|2009.06.11.23.22|
08|Gyõr-Moson-Sopron        |059|Gyõr                     |0102349|0000278|0102627|0000037|0041643|0041628|-000015|0000237|0041391|100.00|2009.06.11.23.22|
08|Gyõr-Moson-Sopron        |060|Gyõrasszonyfa            |0000436|0000000|0000436|0000000|0000163|0000162|-000001|0000001|0000161|100.00|2009.06.11.23.22|
08|Gyõr-Moson-Sopron        |061|Gyõrladamér              |0001158|0000000|0001158|0000000|0000398|0000398|+000000|0000003|0000395|100.00|2009.06.11.23.22|
08|Gyõr-Moson-Sopron        |062|Gyõrság                  |0001162|0000003|0001165|0000000|0000520|0000520|+000000|0000005|0000515|100.00|2009.06.11.23.22|
08|Gyõr-Moson-Sopron        |063|Gyõrsövényház            |0000689|0000001|0000690|0000000|0000210|0000210|+000000|0000002|0000208|100.00|2009.06.11.23.22|
08|Gyõr-Moson-Sopron        |064|Gyõrszemere              |0002450|0000000|0002450|0000000|0000674|0000674|+000000|0000005|0000669|100.00|2009.06.11.23.22|
08|Gyõr-Moson-Sopron        |065|Gyõrújbarát              |0004353|0000004|0004357|0000012|0001905|0001905|+000000|0000019|0001886|100.00|2009.06.11.23.22|
08|Gyõr-Moson-Sopron        |066|Gyõrújfalu               |0001059|0000003|0001062|0000000|0000520|0000520|+000000|0000002|0000518|100.00|2009.06.11.23.22|
08|Gyõr-Moson-Sopron        |067|Gyõrzámoly               |0001706|0000002|0001708|0000000|0000657|0000657|+000000|0000002|0000655|100.00|2009.06.11.23.22|
08|Gyõr-Moson-Sopron        |068|Halászi                  |0002401|0000004|0002405|0000000|0000855|0000855|+000000|0000007|0000848|100.00|2009.06.11.23.22|
08|Gyõr-Moson-Sopron        |069|Harka                    |0001268|0000002|0001270|0000000|0000402|0000402|+000000|0000001|0000401|100.00|2009.06.11.23.22|
08|Gyõr-Moson-Sopron        |070|Hegyeshalom              |0002751|0000031|0002782|0000000|0000860|0000860|+000000|0000008|0000852|100.00|2009.06.11.23.22|
08|Gyõr-Moson-Sopron        |071|Hegykõ                   |0001093|0000014|0001107|0000000|0000590|0000590|+000000|0000001|0000589|100.00|2009.06.11.23.22|
08|Gyõr-Moson-Sopron        |072|Hédervár                 |0000898|0000000|0000898|0000000|0000286|0000286|+000000|0000002|0000284|100.00|2009.06.11.23.22|
08|Gyõr-Moson-Sopron        |073|Hidegség                 |0000279|0000001|0000280|0000000|0000128|0000128|+000000|0000000|0000128|100.00|2009.06.11.23.22|
08|Gyõr-Moson-Sopron        |074|Himod                    |0000568|0000000|0000568|0000000|0000248|0000248|+000000|0000003|0000245|100.00|2009.06.11.23.22|
08|Gyõr-Moson-Sopron        |075|Hövej                    |0000261|0000000|0000261|0000000|0000144|0000144|+000000|0000001|0000143|100.00|2009.06.11.23.22|
08|Gyõr-Moson-Sopron        |076|Ikrény                   |0001405|0000004|0001409|0000000|0000359|0000359|+000000|0000005|0000354|100.00|2009.06.11.23.22|
08|Gyõr-Moson-Sopron        |077|Iván                     |0001046|0000001|0001047|0000000|0000376|0000375|-000001|0000003|0000372|100.00|2009.06.11.23.22|
08|Gyõr-Moson-Sopron        |078|Jánossomorja             |0004777|0000004|0004781|0000000|0001481|0001479|-000002|0000013|0001466|100.00|2009.06.11.23.22|
08|Gyõr-Moson-Sopron        |079|Jobaháza                 |0000458|0000000|0000458|0000000|0000157|0000157|+000000|0000003|0000154|100.00|2009.06.11.23.22|
08|Gyõr-Moson-Sopron        |080|Kajárpéc                 |0001117|0000003|0001120|0000000|0000446|0000446|+000000|0000000|0000446|100.00|2009.06.11.23.22|
08|Gyõr-Moson-Sopron        |081|Kapuvár                  |0008753|0000020|0008773|0000002|0003619|0003618|-000001|0000020|0003598|100.00|2009.06.11.23.22|
08|Gyõr-Moson-Sopron        |082|Kimle                    |0001816|0000000|0001816|0000002|0000440|0000440|+000000|0000007|0000433|100.00|2009.06.11.23.22|
08|Gyõr-Moson-Sopron        |083|Kisbabot                 |0000185|0000001|0000186|0000000|0000079|0000079|+000000|0000001|0000078|100.00|2009.06.11.23.22|
08|Gyõr-Moson-Sopron        |084|Kisbajcs                 |0000646|0000003|0000649|0000001|0000273|0000273|+000000|0000000|0000273|100.00|2009.06.11.23.22|
08|Gyõr-Moson-Sopron        |085|Kisbodak                 |0000295|0000000|0000295|0000000|0000138|0000138|+000000|0000001|0000137|100.00|2009.06.11.23.22|
08|Gyõr-Moson-Sopron        |086|Kisfalud                 |0000660|0000002|0000662|0000000|0000336|0000336|+000000|0000002|0000334|100.00|2009.06.11.23.22|
08|Gyõr-Moson-Sopron        |087|Koroncó                  |0001556|0000000|0001556|0000001|0000463|0000463|+000000|0000004|0000459|100.00|2009.06.11.23.22|
08|Gyõr-Moson-Sopron        |088|Kóny                     |0002185|0000003|0002188|0000000|0000762|0000762|+000000|0000006|0000756|100.00|2009.06.11.23.22|
08|Gyõr-Moson-Sopron        |089|Kópháza                  |0001623|0000003|0001626|0000000|0000678|0000678|+000000|0000012|0000666|100.00|2009.06.11.23.22|
08|Gyõr-Moson-Sopron        |090|Kunsziget                |0000939|0000003|0000942|0000000|0000373|0000373|+000000|0000003|0000370|100.00|2009.06.11.23.22|
08|Gyõr-Moson-Sopron        |091|Lázi                     |0000454|0000000|0000454|0000001|0000107|0000107|+000000|0000002|0000105|100.00|2009.06.11.23.22|
08|Gyõr-Moson-Sopron        |092|Levél                    |0001360|0000000|0001360|0000000|0000395|0000395|+000000|0000008|0000387|100.00|2009.06.11.23.22|
08|Gyõr-Moson-Sopron        |093|Lébény                   |0002527|0000010|0002537|0000000|0000866|0000866|+000000|0000013|0000853|100.00|2009.06.11.23.22|
08|Gyõr-Moson-Sopron        |094|Lipót                    |0000566|0000002|0000568|0000000|0000248|0000248|+000000|0000001|0000247|100.00|2009.06.11.23.22|
08|Gyõr-Moson-Sopron        |095|Lövõ                     |0001168|0000001|0001169|0000000|0000457|0000457|+000000|0000003|0000454|100.00|2009.06.11.23.22|
08|Gyõr-Moson-Sopron        |096|Maglóca                  |0000079|0000000|0000079|0000000|0000040|0000040|+000000|0000000|0000040|100.00|2009.06.11.23.22|
08|Gyõr-Moson-Sopron        |097|Magyarkeresztúr          |0000378|0000000|0000378|0000000|0000104|0000104|+000000|0000000|0000104|100.00|2009.06.11.23.22|
08|Gyõr-Moson-Sopron        |098|Markotabödöge            |0000404|0000000|0000404|0000000|0000113|0000113|+000000|0000001|0000112|100.00|2009.06.11.23.22|
08|Gyõr-Moson-Sopron        |099|Máriakálnok              |0001313|0000000|0001313|0000000|0000381|0000381|+000000|0000005|0000376|100.00|2009.06.11.23.22|
08|Gyõr-Moson-Sopron        |100|Mecsér                   |0000498|0000004|0000502|0000000|0000207|0000207|+000000|0000003|0000204|100.00|2009.06.11.23.22|
08|Gyõr-Moson-Sopron        |101|Mezõörs                  |0000808|0000000|0000808|0000000|0000258|0000258|+000000|0000002|0000256|100.00|2009.06.11.23.22|
08|Gyõr-Moson-Sopron        |102|Mérges                   |0000082|0000000|0000082|0000000|0000039|0000039|+000000|0000000|0000039|100.00|2009.06.11.23.22|
08|Gyõr-Moson-Sopron        |103|Mihályi                  |0000944|0000003|0000947|0000000|0000451|0000451|+000000|0000007|0000444|100.00|2009.06.11.23.22|
08|Gyõr-Moson-Sopron        |104|Mosonmagyaróvár          |0025421|0000049|0025470|0000001|0008810|0008809|-000001|0000052|0008757|100.00|2009.06.11.23.22|
08|Gyõr-Moson-Sopron        |105|Mosonszentmiklós         |0001976|0000003|0001979|0000000|0000634|0000634|+000000|0000003|0000631|100.00|2009.06.11.23.22|
08|Gyõr-Moson-Sopron        |106|Mosonszolnok             |0001294|0000002|0001296|0000001|0000362|0000362|+000000|0000002|0000360|100.00|2009.06.11.23.22|
08|Gyõr-Moson-Sopron        |107|Mórichida                |0000694|0000000|0000694|0000000|0000206|0000206|+000000|0000003|0000203|100.00|2009.06.11.23.22|
08|Gyõr-Moson-Sopron        |108|Nagybajcs                |0000757|0000000|0000757|0000000|0000303|0000303|+000000|0000004|0000299|100.00|2009.06.11.23.22|
08|Gyõr-Moson-Sopron        |109|Nagycenk                 |0001488|0000003|0001491|0000002|0000548|0000548|+000000|0000007|0000541|100.00|2009.06.11.23.22|
08|Gyõr-Moson-Sopron        |110|Nagylózs                 |0000769|0000000|0000769|0000000|0000278|0000278|+000000|0000004|0000274|100.00|2009.06.11.23.22|
08|Gyõr-Moson-Sopron        |111|Nagyszentjános           |0001483|0000001|0001484|0000000|0000305|0000305|+000000|0000003|0000302|100.00|2009.06.11.23.22|
08|Gyõr-Moson-Sopron        |112|Nemeskér                 |0000192|0000000|0000192|0000000|0000080|0000080|+000000|0000000|0000080|100.00|2009.06.11.23.22|
08|Gyõr-Moson-Sopron        |113|Nyalka                   |0000371|0000000|0000371|0000000|0000161|0000161|+000000|0000000|0000161|100.00|2009.06.11.23.22|
08|Gyõr-Moson-Sopron        |114|Nyúl                     |0003214|0000004|0003218|0000003|0001137|0001137|+000000|0000012|0001125|100.00|2009.06.11.23.22|
08|Gyõr-Moson-Sopron        |115|Osli                     |0000756|0000000|0000756|0000000|0000307|0000307|+000000|0000003|0000304|100.00|2009.06.11.23.22|
08|Gyõr-Moson-Sopron        |116|Öttevény                 |0002315|0000006|0002321|0000000|0000808|0000807|-000001|0000006|0000801|100.00|2009.06.11.23.22|
08|Gyõr-Moson-Sopron        |117|Pannonhalma              |0002830|0000037|0002867|0000000|0000976|0000976|+000000|0000009|0000967|100.00|2009.06.11.23.22|
08|Gyõr-Moson-Sopron        |118|Páli                     |0000346|0000000|0000346|0000000|0000158|0000158|+000000|0000003|0000155|100.00|2009.06.11.23.22|
08|Gyõr-Moson-Sopron        |119|Pásztori                 |0000242|0000001|0000243|0000000|0000093|0000093|+000000|0000001|0000092|100.00|2009.06.11.23.22|
08|Gyõr-Moson-Sopron        |120|Pázmándfalu              |0000751|0000000|0000751|0000000|0000223|0000223|+000000|0000002|0000221|100.00|2009.06.11.23.22|
08|Gyõr-Moson-Sopron        |121|Pereszteg                |0001101|0000000|0001101|0000000|0000501|0000501|+000000|0000002|0000499|100.00|2009.06.11.23.22|
08|Gyõr-Moson-Sopron        |122|Petõháza                 |0000832|0000005|0000837|0000001|0000367|0000367|+000000|0000003|0000364|100.00|2009.06.11.23.22|
08|Gyõr-Moson-Sopron        |123|Pér                      |0001956|0000001|0001957|0000000|0000696|0000696|+000000|0000012|0000684|100.00|2009.06.11.23.22|
08|Gyõr-Moson-Sopron        |124|Pinnye                   |0000287|0000000|0000287|0000000|0000180|0000180|+000000|0000005|0000175|100.00|2009.06.11.23.22|
08|Gyõr-Moson-Sopron        |125|Potyond                  |0000090|0000000|0000090|0000000|0000032|0000032|+000000|0000000|0000032|100.00|2009.06.11.23.22|
08|Gyõr-Moson-Sopron        |126|Pusztacsalád             |0000219|0000000|0000219|0000000|0000120|0000120|+000000|0000001|0000119|100.00|2009.06.11.23.22|
08|Gyõr-Moson-Sopron        |127|Püski                    |0000534|0000000|0000534|0000000|0000215|0000215|+000000|0000001|0000214|100.00|2009.06.11.23.22|
08|Gyõr-Moson-Sopron        |128|Rajka                    |0001839|0000011|0001850|0000000|0000668|0000668|+000000|0000007|0000661|100.00|2009.06.11.23.22|
08|Gyõr-Moson-Sopron        |129|Ravazd                   |0000989|0000000|0000989|0000000|0000342|0000342|+000000|0000001|0000341|100.00|2009.06.11.23.22|
08|Gyõr-Moson-Sopron        |130|Rábacsanak               |0000450|0000000|0000450|0000000|0000163|0000163|+000000|0000000|0000163|100.00|2009.06.11.23.22|
08|Gyõr-Moson-Sopron        |131|Rábacsécsény             |0000515|0000002|0000517|0000000|0000185|0000185|+000000|0000002|0000183|100.00|2009.06.11.23.22|
08|Gyõr-Moson-Sopron        |132|Rábakecöl                |0000685|0000000|0000685|0000000|0000273|0000273|+000000|0000009|0000264|100.00|2009.06.11.23.22|
08|Gyõr-Moson-Sopron        |133|Rábapatona               |0002014|0000003|0002017|0000000|0000545|0000545|+000000|0000001|0000544|100.00|2009.06.11.23.22|
08|Gyõr-Moson-Sopron        |134|Rábapordány              |0000903|0000000|0000903|0000000|0000289|0000289|+000000|0000005|0000284|100.00|2009.06.11.23.22|
08|Gyõr-Moson-Sopron        |135|Rábasebes                |0000089|0000000|0000089|0000001|0000048|0000048|+000000|0000002|0000046|100.00|2009.06.11.23.22|
08|Gyõr-Moson-Sopron        |136|Rábaszentandrás          |0000409|0000002|0000411|0000000|0000200|0000200|+000000|0000004|0000196|100.00|2009.06.11.23.22|
08|Gyõr-Moson-Sopron        |137|Rábaszentmihály          |0000432|0000001|0000433|0000000|0000175|0000175|+000000|0000001|0000174|100.00|2009.06.11.23.22|
08|Gyõr-Moson-Sopron        |138|Rábaszentmiklós          |0000113|0000001|0000114|0000000|0000076|0000076|+000000|0000000|0000076|100.00|2009.06.11.23.22|
08|Gyõr-Moson-Sopron        |139|Rábatamási               |0000840|0000000|0000840|0000000|0000358|0000358|+000000|0000007|0000351|100.00|2009.06.11.23.22|
08|Gyõr-Moson-Sopron        |140|Rábcakapi                |0000150|0000001|0000151|0000000|0000082|0000082|+000000|0000000|0000082|100.00|2009.06.11.23.22|
08|Gyõr-Moson-Sopron        |141|Répceszemere             |0000246|0000001|0000247|0000000|0000083|0000083|+000000|0000000|0000083|100.00|2009.06.11.23.22|
08|Gyõr-Moson-Sopron        |142|Répcevis                 |0000311|0000000|0000311|0000000|0000161|0000161|+000000|0000003|0000158|100.00|2009.06.11.23.22|
08|Gyõr-Moson-Sopron        |143|Rétalap                  |0000439|0000000|0000439|0000001|0000130|0000130|+000000|0000001|0000129|100.00|2009.06.11.23.22|
08|Gyõr-Moson-Sopron        |144|Románd                   |0000268|0000000|0000268|0000000|0000110|0000110|+000000|0000001|0000109|100.00|2009.06.11.23.22|
08|Gyõr-Moson-Sopron        |145|Röjtökmuzsaj             |0000358|0000001|0000359|0000000|0000163|0000163|+000000|0000001|0000162|100.00|2009.06.11.23.22|
08|Gyõr-Moson-Sopron        |146|Sarród                   |0000830|0000000|0000830|0000003|0000390|0000390|+000000|0000001|0000389|100.00|2009.06.11.23.22|
08|Gyõr-Moson-Sopron        |147|Sikátor                  |0000261|0000001|0000262|0000002|0000119|0000119|+000000|0000001|0000118|100.00|2009.06.11.23.22|
08|Gyõr-Moson-Sopron        |148|Sobor                    |0000256|0000000|0000256|0000000|0000099|0000099|+000000|0000000|0000099|100.00|2009.06.11.23.22|
08|Gyõr-Moson-Sopron        |149|Sokorópátka              |0000896|0000003|0000899|0000000|0000366|0000366|+000000|0000006|0000360|100.00|2009.06.11.23.22|
08|Gyõr-Moson-Sopron        |150|Sopron                   |0046361|0000310|0046671|0000000|0018799|0018800|+000001|0000159|0018641|100.00|2009.06.11.23.22|
08|Gyõr-Moson-Sopron        |151|Sopronhorpács            |0000636|0000000|0000636|0000001|0000317|0000317|+000000|0000001|0000316|100.00|2009.06.11.23.22|
08|Gyõr-Moson-Sopron        |152|Sopronkövesd             |0000997|0000004|0001001|0000000|0000364|0000364|+000000|0000002|0000362|100.00|2009.06.11.23.22|
08|Gyõr-Moson-Sopron        |153|Sopronnémeti             |0000234|0000000|0000234|0000000|0000106|0000106|+000000|0000003|0000103|100.00|2009.06.11.23.22|
08|Gyõr-Moson-Sopron        |154|Szakony                  |0000373|0000000|0000373|0000000|0000132|0000132|+000000|0000001|0000131|100.00|2009.06.11.23.22|
08|Gyõr-Moson-Sopron        |155|Szany                    |0001845|0000001|0001846|0000000|0000746|0000746|+000000|0000005|0000741|100.00|2009.06.11.23.22|
08|Gyõr-Moson-Sopron        |156|Szárföld                 |0000756|0000000|0000756|0000000|0000307|0000307|+000000|0000004|0000303|100.00|2009.06.11.23.22|
08|Gyõr-Moson-Sopron        |157|Szerecseny               |0000690|0000001|0000691|0000001|0000222|0000222|+000000|0000004|0000218|100.00|2009.06.11.23.22|
08|Gyõr-Moson-Sopron        |158|Szil                     |0001096|0000000|0001096|0000000|0000352|0000352|+000000|0000003|0000349|100.00|2009.06.11.23.22|
08|Gyõr-Moson-Sopron        |159|Szilsárkány              |0000579|0000001|0000580|0000000|0000245|0000245|+000000|0000001|0000244|100.00|2009.06.11.23.22|
08|Gyõr-Moson-Sopron        |160|Tarjánpuszta             |0000323|0000000|0000323|0000000|0000071|0000071|+000000|0000000|0000071|100.00|2009.06.11.23.22|
08|Gyõr-Moson-Sopron        |161|Táp                      |0000593|0000000|0000593|0000000|0000245|0000245|+000000|0000004|0000241|100.00|2009.06.11.23.22|
08|Gyõr-Moson-Sopron        |162|Tápszentmiklós           |0000738|0000000|0000738|0000000|0000202|0000202|+000000|0000003|0000199|100.00|2009.06.11.23.22|
08|Gyõr-Moson-Sopron        |163|Tárnokréti               |0000176|0000000|0000176|0000000|0000079|0000079|+000000|0000001|0000078|100.00|2009.06.11.23.22|
08|Gyõr-Moson-Sopron        |164|Tényõ                    |0001221|0000003|0001224|0000000|0000416|0000416|+000000|0000000|0000416|100.00|2009.06.11.23.22|
08|Gyõr-Moson-Sopron        |165|Tét                      |0003292|0000006|0003298|0000000|0000934|0000934|+000000|0000002|0000932|100.00|2009.06.11.23.22|
08|Gyõr-Moson-Sopron        |166|Töltéstava               |0001382|0000000|0001382|0000000|0000459|0000459|+000000|0000005|0000454|100.00|2009.06.11.23.22|
08|Gyõr-Moson-Sopron        |167|Und                      |0000305|0000000|0000305|0000000|0000107|0000107|+000000|0000002|0000105|100.00|2009.06.11.23.22|
08|Gyõr-Moson-Sopron        |168|Újkér                    |0000822|0000001|0000823|0000000|0000273|0000273|+000000|0000000|0000273|100.00|2009.06.11.23.22|
08|Gyõr-Moson-Sopron        |169|Újrónafõ                 |0000643|0000000|0000643|0000000|0000202|0000202|+000000|0000002|0000200|100.00|2009.06.11.23.22|
08|Gyõr-Moson-Sopron        |170|Vadosfa                  |0000062|0000000|0000062|0000000|0000050|0000050|+000000|0000003|0000047|100.00|2009.06.11.23.22|
08|Gyõr-Moson-Sopron        |171|Vág                      |0000463|0000002|0000465|0000000|0000204|0000204|+000000|0000002|0000202|100.00|2009.06.11.23.22|
08|Gyõr-Moson-Sopron        |172|Vámosszabadi             |0001124|0000000|0001124|0000000|0000480|0000480|+000000|0000001|0000479|100.00|2009.06.11.23.22|
08|Gyõr-Moson-Sopron        |173|Várbalog                 |0000354|0000002|0000356|0000000|0000156|0000156|+000000|0000000|0000156|100.00|2009.06.11.23.22|
08|Gyõr-Moson-Sopron        |174|Vásárosfalu              |0000146|0000000|0000146|0000000|0000083|0000083|+000000|0000002|0000081|100.00|2009.06.11.23.22|
08|Gyõr-Moson-Sopron        |175|Veszkény                 |0000771|0000001|0000772|0000004|0000361|0000361|+000000|0000003|0000358|100.00|2009.06.11.23.22|
08|Gyõr-Moson-Sopron        |176|Veszprémvarsány          |0000820|0000006|0000826|0000000|0000293|0000293|+000000|0000000|0000293|100.00|2009.06.11.23.22|
08|Gyõr-Moson-Sopron        |177|Vének                    |0000153|0000001|0000154|0000000|0000084|0000084|+000000|0000000|0000084|100.00|2009.06.11.23.22|
08|Gyõr-Moson-Sopron        |178|Vitnyéd                  |0001047|0000002|0001049|0000000|0000405|0000405|+000000|0000005|0000400|100.00|2009.06.11.23.22|
08|Gyõr-Moson-Sopron        |179|Völcsej                  |0000319|0000000|0000319|0000000|0000152|0000152|+000000|0000000|0000152|100.00|2009.06.11.23.22|
08|Gyõr-Moson-Sopron        |180|Zsebeháza                |0000121|0000000|0000121|0000000|0000051|0000051|+000000|0000000|0000051|100.00|2009.06.11.23.22|
08|Gyõr-Moson-Sopron        |181|Zsira                    |0000524|0000001|0000525|0000000|0000201|0000201|+000000|0000003|0000198|100.00|2009.06.11.23.22|
08|Gyõr-Moson-Sopron        |182|Károlyháza               |0000442|0000000|0000442|0000000|0000072|0000072|+000000|0000000|0000072|100.00|2009.06.11.23.22|
09|Hajdú-Bihar              |001|Álmosd                   |0001329|0000000|0001329|0000000|0000298|0000298|+000000|0000004|0000294|100.00|2009.06.11.23.22|
09|Hajdú-Bihar              |002|Ártánd                   |0000390|0000002|0000392|0000000|0000147|0000147|+000000|0000002|0000145|100.00|2009.06.11.23.22|
09|Hajdú-Bihar              |003|Bagamér                  |0001865|0000000|0001865|0000000|0000414|0000414|+000000|0000020|0000394|100.00|2009.06.11.23.22|
09|Hajdú-Bihar              |004|Bakonszeg                |0001003|0000002|0001005|0000001|0000287|0000287|+000000|0000001|0000286|100.00|2009.06.11.23.22|
09|Hajdú-Bihar              |005|Balmazújváros            |0014207|0000012|0014219|0000003|0005056|0005055|-000001|0000036|0005019|100.00|2009.06.11.23.22|
09|Hajdú-Bihar              |006|Báránd                   |0002218|0000000|0002218|0000000|0000645|0000644|-000001|0000005|0000639|100.00|2009.06.11.23.22|
09|Hajdú-Bihar              |007|Bedõ                     |0000222|0000000|0000222|0000000|0000141|0000141|+000000|0000001|0000140|100.00|2009.06.11.23.22|
09|Hajdú-Bihar              |008|Berekböszörmény          |0001439|0000000|0001439|0000000|0000339|0000339|+000000|0000003|0000336|100.00|2009.06.11.23.22|
09|Hajdú-Bihar              |009|Berettyóújfalu           |0012669|0000029|0012698|0000024|0004101|0004099|-000002|0000042|0004057|100.00|2009.06.11.23.22|
09|Hajdú-Bihar              |010|Bihardancsháza           |0000174|0000000|0000174|0000000|0000063|0000063|+000000|0000000|0000063|100.00|2009.06.11.23.22|
09|Hajdú-Bihar              |011|Biharkeresztes           |0003174|0000012|0003186|0000000|0001048|0001048|+000000|0000014|0001034|100.00|2009.06.11.23.22|
09|Hajdú-Bihar              |012|Biharnagybajom           |0002136|0000003|0002139|0000001|0000473|0000473|+000000|0000003|0000470|100.00|2009.06.11.23.22|
09|Hajdú-Bihar              |013|Bihartorda               |0000765|0000000|0000765|0000000|0000193|0000193|+000000|0000002|0000191|100.00|2009.06.11.23.22|
09|Hajdú-Bihar              |014|Bocskaikert              |0002250|0000001|0002251|0000001|0000880|0000880|+000000|0000003|0000877|100.00|2009.06.11.23.22|
09|Hajdú-Bihar              |015|Bojt                     |0000377|0000002|0000379|0000000|0000124|0000124|+000000|0000000|0000124|100.00|2009.06.11.23.22|
09|Hajdú-Bihar              |016|Csökmõ                   |0001567|0000004|0001571|0000000|0000336|0000336|+000000|0000003|0000333|100.00|2009.06.11.23.22|
09|Hajdú-Bihar              |017|Darvas                   |0000521|0000001|0000522|0000000|0000147|0000147|+000000|0000002|0000145|100.00|2009.06.11.23.22|
09|Hajdú-Bihar              |018|Debrecen                 |0164270|0000342|0164612|0000020|0063155|0063138|-000017|0000321|0062817|100.00|2009.06.11.23.22|
09|Hajdú-Bihar              |019|Derecske                 |0007143|0000001|0007144|0000004|0002190|0002189|-000001|0000022|0002167|100.00|2009.06.11.23.22|
09|Hajdú-Bihar              |020|Ebes                     |0003658|0000001|0003659|0000002|0001070|0001070|+000000|0000011|0001059|100.00|2009.06.11.23.22|
09|Hajdú-Bihar              |021|Egyek                    |0004244|0000002|0004246|0000001|0000977|0000977|+000000|0000014|0000963|100.00|2009.06.11.23.22|
09|Hajdú-Bihar              |022|Esztár                   |0001073|0000001|0001074|0000000|0000264|0000264|+000000|0000002|0000262|100.00|2009.06.11.23.22|
09|Hajdú-Bihar              |023|Folyás                   |0000287|0000002|0000289|0000002|0000077|0000077|+000000|0000000|0000077|100.00|2009.06.11.23.22|
09|Hajdú-Bihar              |024|Földes                   |0003432|0000003|0003435|0000000|0001104|0001104|+000000|0000019|0001085|100.00|2009.06.11.23.22|
09|Hajdú-Bihar              |025|Furta                    |0000988|0000001|0000989|0000003|0000248|0000248|+000000|0000001|0000247|100.00|2009.06.11.23.22|
09|Hajdú-Bihar              |026|Fülöp                    |0001433|0000002|0001435|0000001|0000616|0000616|+000000|0000011|0000605|100.00|2009.06.11.23.22|
09|Hajdú-Bihar              |027|Gáborján                 |0000682|0000000|0000682|0000000|0000130|0000130|+000000|0000005|0000125|100.00|2009.06.11.23.22|
09|Hajdú-Bihar              |028|Görbeháza                |0002073|0000002|0002075|0000000|0000559|0000559|+000000|0000009|0000550|100.00|2009.06.11.23.22|
09|Hajdú-Bihar              |029|Hajdúbagos               |0001599|0000000|0001599|0000002|0000411|0000411|+000000|0000009|0000402|100.00|2009.06.11.23.22|
09|Hajdú-Bihar              |030|Hajdúböszörmény          |0024823|0000023|0024846|0000021|0007871|0007868|-000003|0000096|0007772|100.00|2009.06.11.23.22|
09|Hajdú-Bihar              |031|Hajdúdorog               |0007114|0000003|0007117|0000005|0002015|0002015|+000000|0000024|0001991|100.00|2009.06.11.23.22|
09|Hajdú-Bihar              |032|Hajdúhadház              |0009190|0000006|0009196|0000000|0002458|0002458|+000000|0000029|0002429|100.00|2009.06.11.23.22|
09|Hajdú-Bihar              |033|Hajdúnánás               |0014347|0000004|0014351|0000007|0004175|0004175|+000000|0000032|0004143|100.00|2009.06.11.23.22|
09|Hajdú-Bihar              |034|Hajdúsámson              |0009452|0000010|0009462|0000001|0002562|0002561|-000001|0000026|0002535|100.00|2009.06.11.23.22|
09|Hajdú-Bihar              |035|Hajdúszoboszló           |0019121|0000261|0019382|0000005|0006928|0006925|-000003|0000040|0006885|100.00|2009.06.11.23.22|
09|Hajdú-Bihar              |036|Hajdúszovát              |0002426|0000002|0002428|0000000|0000635|0000635|+000000|0000011|0000624|100.00|2009.06.11.23.22|
09|Hajdú-Bihar              |037|Hencida                  |0000827|0000000|0000827|0000006|0000206|0000206|+000000|0000004|0000202|100.00|2009.06.11.23.22|
09|Hajdú-Bihar              |038|Hortobágy                |0001305|0000021|0001326|0000000|0000429|0000429|+000000|0000007|0000422|100.00|2009.06.11.23.22|
09|Hajdú-Bihar              |039|Hosszúpályi              |0004350|0000006|0004356|0000000|0001195|0001195|+000000|0000024|0001171|100.00|2009.06.11.23.22|
09|Hajdú-Bihar              |040|Kaba                     |0005053|0000001|0005054|0000000|0001666|0001666|+000000|0000015|0001651|100.00|2009.06.11.23.22|
09|Hajdú-Bihar              |041|Kismarja                 |0000970|0000000|0000970|0000000|0000327|0000327|+000000|0000007|0000320|100.00|2009.06.11.23.22|
09|Hajdú-Bihar              |042|Kokad                    |0000474|0000000|0000474|0000006|0000155|0000155|+000000|0000003|0000152|100.00|2009.06.11.23.22|
09|Hajdú-Bihar              |043|Komádi                   |0004540|0000001|0004541|0000000|0001203|0001203|+000000|0000015|0001188|100.00|2009.06.11.23.22|
09|Hajdú-Bihar              |044|Konyár                   |0001641|0000001|0001642|0000002|0000495|0000494|-000001|0000007|0000487|100.00|2009.06.11.23.22|
09|Hajdú-Bihar              |045|Körösszakál              |0000665|0000002|0000667|0000000|0000348|0000348|+000000|0000010|0000338|100.00|2009.06.11.23.22|
09|Hajdú-Bihar              |046|Körösszegapáti           |0000791|0000000|0000791|0000000|0000368|0000368|+000000|0000008|0000360|100.00|2009.06.11.23.22|
09|Hajdú-Bihar              |047|Létavértes               |0005386|0000007|0005393|0000000|0000984|0000982|-000002|0000010|0000972|100.00|2009.06.11.23.22|
09|Hajdú-Bihar              |048|Magyarhomorog            |0000788|0000003|0000791|0000000|0000228|0000228|+000000|0000002|0000226|100.00|2009.06.11.23.22|
09|Hajdú-Bihar              |049|Mezõpeterd               |0000444|0000000|0000444|0000002|0000119|0000119|+000000|0000002|0000117|100.00|2009.06.11.23.22|
09|Hajdú-Bihar              |050|Mezõsas                  |0000563|0000000|0000563|0000003|0000115|0000115|+000000|0000002|0000113|100.00|2009.06.11.23.22|
09|Hajdú-Bihar              |051|Mikepércs                |0003311|0000001|0003312|0000007|0001133|0001132|-000001|0000008|0001124|100.00|2009.06.11.23.22|
09|Hajdú-Bihar              |052|Monostorpályi            |0001782|0000004|0001786|0000000|0000414|0000414|+000000|0000003|0000411|100.00|2009.06.11.23.22|
09|Hajdú-Bihar              |053|Nagyhegyes               |0002223|0000000|0002223|0000000|0000740|0000740|+000000|0000014|0000726|100.00|2009.06.11.23.22|
09|Hajdú-Bihar              |054|Nagykereki               |0000918|0000000|0000918|0000001|0000254|0000253|-000001|0000012|0000241|100.00|2009.06.11.23.22|
09|Hajdú-Bihar              |055|Nagyrábé                 |0001826|0000000|0001826|0000000|0000311|0000311|+000000|0000002|0000309|100.00|2009.06.11.23.22|
09|Hajdú-Bihar              |056|Nádudvar                 |0007201|0000002|0007203|0000000|0001790|0001790|+000000|0000021|0001769|100.00|2009.06.11.23.22|
09|Hajdú-Bihar              |057|Nyíracsád                |0003106|0000001|0003107|0000000|0000830|0000830|+000000|0000017|0000813|100.00|2009.06.11.23.22|
09|Hajdú-Bihar              |058|Nyíradony                |0005852|0000003|0005855|0000000|0002641|0002641|+000000|0000039|0002602|100.00|2009.06.11.23.22|
09|Hajdú-Bihar              |059|Nyírábrány               |0002985|0000001|0002986|0000006|0000956|0000957|+000001|0000023|0000934|100.00|2009.06.11.23.22|
09|Hajdú-Bihar              |060|Nyírmártonfalva          |0001583|0000003|0001586|0000001|0000496|0000496|+000000|0000003|0000493|100.00|2009.06.11.23.22|
09|Hajdú-Bihar              |061|Pocsaj                   |0001902|0000002|0001904|0000000|0000657|0000657|+000000|0000012|0000645|100.00|2009.06.11.23.22|
09|Hajdú-Bihar              |062|Polgár                   |0006616|0000008|0006624|0000003|0002130|0002128|-000002|0000025|0002103|100.00|2009.06.11.23.22|
09|Hajdú-Bihar              |063|Püspökladány             |0012450|0000009|0012459|0000001|0004825|0004825|+000000|0000038|0004787|100.00|2009.06.11.23.22|
09|Hajdú-Bihar              |064|Sáp                      |0000733|0000001|0000734|0000000|0000267|0000267|+000000|0000005|0000262|100.00|2009.06.11.23.22|
09|Hajdú-Bihar              |065|Sáránd                   |0001833|0000001|0001834|0000000|0000632|0000632|+000000|0000010|0000622|100.00|2009.06.11.23.22|
09|Hajdú-Bihar              |066|Sárrétudvari             |0002360|0000001|0002361|0000000|0000579|0000579|+000000|0000009|0000570|100.00|2009.06.11.23.22|
09|Hajdú-Bihar              |067|Szentpéterszeg           |0000896|0000000|0000896|0000000|0000252|0000252|+000000|0000001|0000251|100.00|2009.06.11.23.22|
09|Hajdú-Bihar              |068|Szerep                   |0001048|0000000|0001048|0000001|0000285|0000284|-000001|0000003|0000281|100.00|2009.06.11.23.22|
09|Hajdú-Bihar              |069|Tetétlen                 |0001107|0000000|0001107|0000000|0000367|0000367|+000000|0000006|0000361|100.00|2009.06.11.23.22|
09|Hajdú-Bihar              |070|Téglás                   |0005009|0000004|0005013|0000001|0001257|0001256|-000001|0000019|0001237|100.00|2009.06.11.23.22|
09|Hajdú-Bihar              |071|Tépe                     |0000832|0000000|0000832|0000000|0000279|0000279|+000000|0000001|0000278|100.00|2009.06.11.23.22|
09|Hajdú-Bihar              |072|Tiszacsege               |0003868|0000006|0003874|0000001|0000800|0000801|+000001|0000022|0000779|100.00|2009.06.11.23.22|
09|Hajdú-Bihar              |073|Tiszagyulaháza           |0000655|0000000|0000655|0000000|0000207|0000207|+000000|0000002|0000205|100.00|2009.06.11.23.22|
09|Hajdú-Bihar              |074|Told                     |0000225|0000001|0000226|0000000|0000060|0000060|+000000|0000002|0000058|100.00|2009.06.11.23.22|
09|Hajdú-Bihar              |075|Újiráz                   |0000512|0000000|0000512|0000000|0000168|0000168|+000000|0000003|0000165|100.00|2009.06.11.23.22|
09|Hajdú-Bihar              |076|Újléta                   |0000756|0000002|0000758|0000000|0000216|0000216|+000000|0000003|0000213|100.00|2009.06.11.23.22|
09|Hajdú-Bihar              |077|Újszentmargita           |0001248|0000002|0001250|0000000|0000294|0000294|+000000|0000004|0000290|100.00|2009.06.11.23.22|
09|Hajdú-Bihar              |078|Újtikos                  |0000770|0000000|0000770|0000000|0000255|0000255|+000000|0000002|0000253|100.00|2009.06.11.23.22|
09|Hajdú-Bihar              |079|Vámospércs               |0004201|0000000|0004201|0000002|0001446|0001446|+000000|0000028|0001418|100.00|2009.06.11.23.22|
09|Hajdú-Bihar              |080|Váncsod                  |0000954|0000000|0000954|0000000|0000279|0000279|+000000|0000005|0000274|100.00|2009.06.11.23.22|
09|Hajdú-Bihar              |081|Vekerd                   |0000130|0000000|0000130|0000000|0000034|0000034|+000000|0000000|0000034|100.00|2009.06.11.23.22|
09|Hajdú-Bihar              |082|Zsáka                    |0001328|0000000|0001328|0000001|0000359|0000359|+000000|0000003|0000356|100.00|2009.06.11.23.22|
10|Heves                    |001|Abasár                   |0002167|0000002|0002169|0000000|0000724|0000724|+000000|0000010|0000714|100.00|2009.06.11.23.22|
10|Heves                    |002|Adács                    |0002233|0000006|0002239|0000000|0000612|0000612|+000000|0000005|0000607|100.00|2009.06.11.23.22|
10|Heves                    |003|Aldebrõ                  |0000598|0000001|0000599|0000001|0000232|0000232|+000000|0000002|0000230|100.00|2009.06.11.23.22|
10|Heves                    |004|Andornaktálya            |0002262|0000001|0002263|0000000|0000840|0000839|-000001|0000004|0000835|100.00|2009.06.11.23.22|
10|Heves                    |005|Apc                      |0002141|0000002|0002143|0000000|0000612|0000612|+000000|0000015|0000597|100.00|2009.06.11.23.22|
10|Heves                    |006|Atkár                    |0001445|0000001|0001446|0000000|0000415|0000415|+000000|0000009|0000406|100.00|2009.06.11.23.22|
10|Heves                    |007|Átány                    |0001095|0000000|0001095|0000001|0000271|0000271|+000000|0000011|0000260|100.00|2009.06.11.23.22|
10|Heves                    |008|Balaton                  |0000981|0000002|0000983|0000000|0000354|0000354|+000000|0000010|0000344|100.00|2009.06.11.23.22|
10|Heves                    |009|Bátor                    |0000349|0000000|0000349|0000000|0000116|0000116|+000000|0000003|0000113|100.00|2009.06.11.23.22|
10|Heves                    |010|Bekölce                  |0000623|0000000|0000623|0000000|0000217|0000217|+000000|0000003|0000214|100.00|2009.06.11.23.22|
10|Heves                    |011|Besenyõtelek             |0002170|0000002|0002172|0000000|0000491|0000491|+000000|0000008|0000483|100.00|2009.06.11.23.22|
10|Heves                    |012|Bélapátfalva             |0002471|0000000|0002471|0000002|0000811|0000811|+000000|0000013|0000798|100.00|2009.06.11.23.22|
10|Heves                    |013|Boconád                  |0001141|0000000|0001141|0000006|0000299|0000299|+000000|0000003|0000296|100.00|2009.06.11.23.22|
10|Heves                    |014|Bodony                   |0000658|0000005|0000663|0000001|0000219|0000219|+000000|0000005|0000214|100.00|2009.06.11.23.22|
10|Heves                    |015|Boldog                   |0002458|0000002|0002460|0000000|0000788|0000788|+000000|0000006|0000782|100.00|2009.06.11.23.22|
10|Heves                    |016|Bükkszenterzsébet        |0000925|0000004|0000929|0000000|0000254|0000254|+000000|0000003|0000251|100.00|2009.06.11.23.22|
10|Heves                    |017|Bükkszentmárton          |0000281|0000000|0000281|0000000|0000109|0000109|+000000|0000005|0000104|100.00|2009.06.11.23.22|
10|Heves                    |018|Bükkszék                 |0000695|0000010|0000705|0000000|0000340|0000340|+000000|0000003|0000337|100.00|2009.06.11.23.22|
10|Heves                    |019|Csány                    |0001821|0000002|0001823|0000000|0000353|0000353|+000000|0000006|0000347|100.00|2009.06.11.23.22|
10|Heves                    |020|Demjén                   |0000523|0000000|0000523|0000000|0000271|0000271|+000000|0000003|0000268|100.00|2009.06.11.23.22|
10|Heves                    |021|Detk                     |0000937|0000000|0000937|0000001|0000292|0000292|+000000|0000005|0000287|100.00|2009.06.11.23.22|
10|Heves                    |022|Domoszló                 |0001701|0000004|0001705|0000000|0000540|0000538|-000002|0000004|0000534|100.00|2009.06.11.23.22|
10|Heves                    |023|Dormánd                  |0000792|0000000|0000792|0000000|0000169|0000169|+000000|0000006|0000163|100.00|2009.06.11.23.22|
10|Heves                    |024|Ecséd                    |0002731|0000002|0002733|0000000|0000667|0000667|+000000|0000008|0000659|100.00|2009.06.11.23.22|
10|Heves                    |025|Eger                     |0045219|0000155|0045374|0000012|0019402|0019391|-000011|0000092|0019299|100.00|2009.06.11.23.22|
10|Heves                    |026|Egerbakta                |0001197|0000000|0001197|0000000|0000442|0000442|+000000|0000001|0000441|100.00|2009.06.11.23.22|
10|Heves                    |027|Egerbocs                 |0000487|0000000|0000487|0000000|0000252|0000252|+000000|0000004|0000248|100.00|2009.06.11.23.22|
10|Heves                    |028|Egercsehi                |0001204|0000000|0001204|0000000|0000399|0000399|+000000|0000008|0000391|100.00|2009.06.11.23.22|
10|Heves                    |029|Egerfarmos               |0000571|0000001|0000572|0000000|0000206|0000206|+000000|0000002|0000204|100.00|2009.06.11.23.22|
10|Heves                    |030|Egerszalók               |0001486|0000005|0001491|0000006|0000665|0000665|+000000|0000006|0000659|100.00|2009.06.11.23.22|
10|Heves                    |031|Egerszólát               |0000923|0000000|0000923|0000000|0000361|0000361|+000000|0000000|0000361|100.00|2009.06.11.23.22|
10|Heves                    |032|Erdõkövesd               |0000528|0000000|0000528|0000000|0000264|0000264|+000000|0000006|0000258|100.00|2009.06.11.23.22|
10|Heves                    |033|Erdõtelek                |0002699|0000000|0002699|0000000|0000530|0000530|+000000|0000004|0000526|100.00|2009.06.11.23.22|
10|Heves                    |034|Erk                      |0000667|0000000|0000667|0000000|0000145|0000145|+000000|0000003|0000142|100.00|2009.06.11.23.22|
10|Heves                    |035|Fedémes                  |0000292|0000000|0000292|0000000|0000151|0000151|+000000|0000002|0000149|100.00|2009.06.11.23.22|
10|Heves                    |036|Feldebrõ                 |0000943|0000002|0000945|0000000|0000297|0000297|+000000|0000000|0000297|100.00|2009.06.11.23.22|
10|Heves                    |037|Felsõtárkány             |0002850|0000004|0002854|0000000|0001128|0001127|-000001|0000013|0001114|100.00|2009.06.11.23.22|
10|Heves                    |038|Füzesabony               |0006246|0000004|0006250|0000000|0002019|0002019|+000000|0000026|0001993|100.00|2009.06.11.23.22|
10|Heves                    |039|Gyöngyös                 |0025987|0000070|0026057|0000063|0010194|0010195|+000001|0000080|0010115|100.00|2009.06.11.23.22|
10|Heves                    |040|Gyöngyöshalász           |0002134|0000001|0002135|0000000|0000758|0000758|+000000|0000008|0000750|100.00|2009.06.11.23.22|
10|Heves                    |041|Gyöngyösoroszi           |0001117|0000000|0001117|0000000|0000256|0000256|+000000|0000006|0000250|100.00|2009.06.11.23.22|
10|Heves                    |042|Gyöngyöspata             |0002127|0000002|0002129|0000001|0000681|0000681|+000000|0000007|0000674|100.00|2009.06.11.23.22|
10|Heves                    |043|Gyöngyössolymos          |0002590|0000003|0002593|0000000|0000942|0000942|+000000|0000002|0000940|100.00|2009.06.11.23.22|
10|Heves                    |044|Gyöngyöstarján           |0002017|0000005|0002022|0000000|0000667|0000667|+000000|0000004|0000663|100.00|2009.06.11.23.22|
10|Heves                    |045|Halmajugra               |0000931|0000002|0000933|0000000|0000176|0000176|+000000|0000006|0000170|100.00|2009.06.11.23.22|
10|Heves                    |046|Hatvan                   |0017713|0000030|0017743|0000009|0006173|0006170|-000003|0000059|0006111|100.00|2009.06.11.23.22|
10|Heves                    |047|Heréd                    |0001652|0000003|0001655|0000000|0000489|0000489|+000000|0000006|0000483|100.00|2009.06.11.23.22|
10|Heves                    |048|Heves                    |0008915|0000010|0008925|0000000|0002736|0002736|+000000|0000013|0002723|100.00|2009.06.11.23.22|
10|Heves                    |049|Hevesaranyos             |0000523|0000000|0000523|0000000|0000261|0000261|+000000|0000003|0000258|100.00|2009.06.11.23.22|
10|Heves                    |050|Hevesvezekény            |0000586|0000001|0000587|0000000|0000153|0000153|+000000|0000005|0000148|100.00|2009.06.11.23.22|
10|Heves                    |051|Hort                     |0003175|0000003|0003178|0000000|0000861|0000861|+000000|0000007|0000854|100.00|2009.06.11.23.22|
10|Heves                    |052|Istenmezeje              |0001493|0000000|0001493|0000000|0000303|0000303|+000000|0000004|0000299|100.00|2009.06.11.23.22|
10|Heves                    |053|Ivád                     |0000329|0000002|0000331|0000000|0000163|0000163|+000000|0000000|0000163|100.00|2009.06.11.23.22|
10|Heves                    |054|Karácsond                |0002547|0000004|0002551|0000000|0000681|0000681|+000000|0000008|0000673|100.00|2009.06.11.23.22|
10|Heves                    |055|Kál                      |0002796|0000000|0002796|0000000|0000711|0000711|+000000|0000010|0000701|100.00|2009.06.11.23.22|
10|Heves                    |056|Kápolna                  |0001203|0000001|0001204|0000000|0000316|0000316|+000000|0000006|0000310|100.00|2009.06.11.23.22|
10|Heves                    |057|Kerecsend                |0001636|0000002|0001638|0000000|0000509|0000509|+000000|0000008|0000501|100.00|2009.06.11.23.22|
10|Heves                    |058|Kisfüzes                 |0000137|0000001|0000138|0000001|0000077|0000077|+000000|0000000|0000077|100.00|2009.06.11.23.22|
10|Heves                    |059|Kisköre                  |0002354|0000002|0002356|0000008|0000575|0000575|+000000|0000010|0000565|100.00|2009.06.11.23.22|
10|Heves                    |060|Kisnána                  |0000877|0000001|0000878|0000000|0000271|0000271|+000000|0000003|0000268|100.00|2009.06.11.23.22|
10|Heves                    |061|Kompolt                  |0001597|0000001|0001598|0000000|0000477|0000477|+000000|0000007|0000470|100.00|2009.06.11.23.22|
10|Heves                    |062|Kömlõ                    |0001350|0000005|0001355|0000002|0000258|0000258|+000000|0000006|0000252|100.00|2009.06.11.23.22|
10|Heves                    |063|Lõrinci                  |0004776|0000004|0004780|0000000|0001493|0001493|+000000|0000012|0001481|100.00|2009.06.11.23.22|
10|Heves                    |064|Ludas                    |0000679|0000001|0000680|0000000|0000181|0000181|+000000|0000000|0000181|100.00|2009.06.11.23.22|
10|Heves                    |065|Maklár                   |0002009|0000007|0002016|0000000|0000718|0000718|+000000|0000002|0000716|100.00|2009.06.11.23.22|
10|Heves                    |066|Markaz                   |0001479|0000009|0001488|0000000|0000664|0000664|+000000|0000004|0000660|100.00|2009.06.11.23.22|
10|Heves                    |067|Mátraballa               |0000705|0000000|0000705|0000000|0000216|0000216|+000000|0000005|0000211|100.00|2009.06.11.23.22|
10|Heves                    |068|Mátraderecske            |0001739|0000010|0001749|0000005|0000506|0000506|+000000|0000008|0000498|100.00|2009.06.11.23.22|
10|Heves                    |069|Mátraszentimre           |0000434|0000033|0000467|0000001|0000224|0000224|+000000|0000001|0000223|100.00|2009.06.11.23.22|
10|Heves                    |070|Mezõszemere              |0001018|0000003|0001021|0000000|0000253|0000253|+000000|0000004|0000249|100.00|2009.06.11.23.22|
10|Heves                    |071|Mezõtárkány              |0001269|0000000|0001269|0000000|0000295|0000295|+000000|0000003|0000292|100.00|2009.06.11.23.22|
10|Heves                    |072|Mikófalva                |0000632|0000000|0000632|0000000|0000240|0000240|+000000|0000004|0000236|100.00|2009.06.11.23.22|
10|Heves                    |073|Mónosbél                 |0000303|0000000|0000303|0000000|0000103|0000103|+000000|0000000|0000103|100.00|2009.06.11.23.22|
10|Heves                    |074|Nagyfüged                |0001425|0000002|0001427|0000000|0000301|0000301|+000000|0000004|0000297|100.00|2009.06.11.23.22|
10|Heves                    |075|Nagykökényes             |0000509|0000001|0000510|0000001|0000197|0000197|+000000|0000003|0000194|100.00|2009.06.11.23.22|
10|Heves                    |076|Nagyréde                 |0002714|0000010|0002724|0000000|0000868|0000868|+000000|0000004|0000864|100.00|2009.06.11.23.22|
10|Heves                    |077|Nagytálya                |0000719|0000001|0000720|0000000|0000284|0000284|+000000|0000000|0000284|100.00|2009.06.11.23.22|
10|Heves                    |078|Nagyút                   |0000634|0000000|0000634|0000002|0000181|0000181|+000000|0000003|0000178|100.00|2009.06.11.23.22|
10|Heves                    |079|Nagyvisnyó               |0000858|0000000|0000858|0000000|0000236|0000236|+000000|0000001|0000235|100.00|2009.06.11.23.22|
10|Heves                    |080|Noszvaj                  |0001430|0000015|0001445|0000000|0000597|0000597|+000000|0000004|0000593|100.00|2009.06.11.23.22|
10|Heves                    |081|Novaj                    |0001164|0000001|0001165|0000000|0000453|0000453|+000000|0000005|0000448|100.00|2009.06.11.23.22|
10|Heves                    |082|Ostoros                  |0002151|0000002|0002153|0000002|0000766|0000765|-000001|0000007|0000758|100.00|2009.06.11.23.22|
10|Heves                    |083|Parád                    |0001787|0000020|0001807|0000005|0000719|0000718|-000001|0000002|0000716|100.00|2009.06.11.23.22|
10|Heves                    |084|Parádsasvár              |0000425|0000009|0000434|0000000|0000201|0000201|+000000|0000003|0000198|100.00|2009.06.11.23.22|
10|Heves                    |085|Petõfibánya              |0002380|0000000|0002380|0000000|0000697|0000697|+000000|0000011|0000686|100.00|2009.06.11.23.22|
10|Heves                    |086|Pély                     |0001183|0000000|0001183|0000002|0000288|0000288|+000000|0000005|0000283|100.00|2009.06.11.23.22|
10|Heves                    |087|Pétervására              |0001899|0000002|0001901|0000002|0000800|0000800|+000000|0000004|0000796|100.00|2009.06.11.23.22|
10|Heves                    |088|Poroszló                 |0002380|0000001|0002381|0000000|0000552|0000552|+000000|0000006|0000546|100.00|2009.06.11.23.22|
10|Heves                    |089|Recsk                    |0002433|0000003|0002436|0000002|0000821|0000821|+000000|0000005|0000816|100.00|2009.06.11.23.22|
10|Heves                    |090|Rózsaszentmárton         |0001698|0000002|0001700|0000000|0000527|0000527|+000000|0000008|0000519|100.00|2009.06.11.23.22|
10|Heves                    |091|Sarud                    |0000949|0000009|0000958|0000000|0000296|0000296|+000000|0000002|0000294|100.00|2009.06.11.23.22|
10|Heves                    |092|Sirok                    |0001685|0000005|0001690|0000001|0000614|0000614|+000000|0000004|0000610|100.00|2009.06.11.23.22|
10|Heves                    |093|Szajla                   |0000494|0000002|0000496|0000000|0000206|0000206|+000000|0000003|0000203|100.00|2009.06.11.23.22|
10|Heves                    |094|Szentdomonkos            |0000397|0000000|0000397|0000000|0000149|0000149|+000000|0000001|0000148|100.00|2009.06.11.23.22|
10|Heves                    |095|Szihalom                 |0001711|0000004|0001715|0000000|0000660|0000660|+000000|0000006|0000654|100.00|2009.06.11.23.22|
10|Heves                    |096|Szilvásvárad             |0001449|0000010|0001459|0000000|0000585|0000585|+000000|0000002|0000583|100.00|2009.06.11.23.22|
10|Heves                    |097|Szúcs                    |0000318|0000001|0000319|0000000|0000144|0000144|+000000|0000004|0000140|100.00|2009.06.11.23.22|
10|Heves                    |098|Szûcsi                   |0001351|0000001|0001352|0000000|0000313|0000313|+000000|0000002|0000311|100.00|2009.06.11.23.22|
10|Heves                    |099|Tarnabod                 |0000466|0000001|0000467|0000000|0000134|0000134|+000000|0000008|0000126|100.00|2009.06.11.23.22|
10|Heves                    |100|Tarnalelesz              |0001383|0000000|0001383|0000000|0000367|0000367|+000000|0000005|0000362|100.00|2009.06.11.23.22|
10|Heves                    |101|Tarnaméra                |0001419|0000001|0001420|0000000|0000414|0000414|+000000|0000003|0000411|100.00|2009.06.11.23.22|
10|Heves                    |102|Tarnaörs                 |0001379|0000000|0001379|0000000|0000219|0000219|+000000|0000000|0000219|100.00|2009.06.11.23.22|
10|Heves                    |103|Tarnaszentmária          |0000213|0000000|0000213|0000000|0000116|0000116|+000000|0000003|0000113|100.00|2009.06.11.23.22|
10|Heves                    |104|Tarnaszentmiklós         |0000703|0000000|0000703|0000000|0000136|0000136|+000000|0000002|0000134|100.00|2009.06.11.23.22|
10|Heves                    |105|Tarnazsadány             |0000939|0000000|0000939|0000000|0000279|0000279|+000000|0000006|0000273|100.00|2009.06.11.23.22|
10|Heves                    |106|Tenk                     |0000981|0000000|0000981|0000000|0000261|0000261|+000000|0000005|0000256|100.00|2009.06.11.23.22|
10|Heves                    |107|Terpes                   |0000155|0000001|0000156|0000000|0000069|0000069|+000000|0000001|0000068|100.00|2009.06.11.23.22|
10|Heves                    |108|Tiszanána                |0001892|0000015|0001907|0000000|0000503|0000503|+000000|0000004|0000499|100.00|2009.06.11.23.22|
10|Heves                    |109|Tófalu                   |0000491|0000000|0000491|0000000|0000167|0000167|+000000|0000002|0000165|100.00|2009.06.11.23.22|
10|Heves                    |110|Újlõrincfalva            |0000194|0000002|0000196|0000000|0000070|0000070|+000000|0000001|0000069|100.00|2009.06.11.23.22|
10|Heves                    |111|Vámosgyörk               |0001672|0000001|0001673|0000000|0000585|0000585|+000000|0000008|0000577|100.00|2009.06.11.23.22|
10|Heves                    |112|Váraszó                  |0000451|0000002|0000453|0000000|0000237|0000237|+000000|0000001|0000236|100.00|2009.06.11.23.22|
10|Heves                    |113|Verpelét                 |0003103|0000002|0003105|0000000|0001060|0001060|+000000|0000012|0001048|100.00|2009.06.11.23.22|
10|Heves                    |114|Vécs                     |0000577|0000000|0000577|0000000|0000183|0000183|+000000|0000001|0000182|100.00|2009.06.11.23.22|
10|Heves                    |115|Visonta                  |0000904|0000001|0000905|0000000|0000303|0000305|+000002|0000004|0000301|100.00|2009.06.11.23.22|
10|Heves                    |116|Visznek                  |0000974|0000000|0000974|0000000|0000217|0000217|+000000|0000001|0000216|100.00|2009.06.11.23.22|
10|Heves                    |117|Zagyvaszántó             |0001663|0000001|0001664|0000000|0000628|0000628|+000000|0000004|0000624|100.00|2009.06.11.23.22|
10|Heves                    |118|Zaránk                   |0000402|0000001|0000403|0000000|0000153|0000153|+000000|0000007|0000146|100.00|2009.06.11.23.22|
10|Heves                    |119|Szarvaskõ                |0000301|0000004|0000305|0000000|0000160|0000160|+000000|0000001|0000159|100.00|2009.06.11.23.22|
10|Heves                    |120|Pálosvörösmart           |0000558|0000001|0000559|0000000|0000233|0000233|+000000|0000004|0000229|100.00|2009.06.11.23.22|
10|Heves                    |121|Kerekharaszt             |0000776|0000000|0000776|0000000|0000287|0000287|+000000|0000002|0000285|100.00|2009.06.11.23.22|
11|Jász-Nagykun-Szolnok     |001|Abádszalók               |0003652|0000009|0003661|0000000|0000756|0000756|+000000|0000010|0000746|100.00|2009.06.11.23.22|
11|Jász-Nagykun-Szolnok     |002|Alattyán                 |0001627|0000000|0001627|0000000|0000442|0000442|+000000|0000010|0000432|100.00|2009.06.11.23.22|
11|Jász-Nagykun-Szolnok     |003|Berekfürdõ               |0000925|0000057|0000982|0000000|0000462|0000462|+000000|0000005|0000457|100.00|2009.06.11.23.22|
11|Jász-Nagykun-Szolnok     |004|Besenyszög               |0002830|0000001|0002831|0000000|0000886|0000886|+000000|0000007|0000879|100.00|2009.06.11.23.22|
11|Jász-Nagykun-Szolnok     |005|Cibakháza                |0003417|0000010|0003427|0000000|0000861|0000861|+000000|0000011|0000850|100.00|2009.06.11.23.22|
11|Jász-Nagykun-Szolnok     |006|Csataszög                |0000254|0000000|0000254|0000000|0000095|0000095|+000000|0000001|0000094|100.00|2009.06.11.23.22|
11|Jász-Nagykun-Szolnok     |007|Cserkeszõlõ              |0001867|0000069|0001936|0000000|0000496|0000496|+000000|0000008|0000488|100.00|2009.06.11.23.22|
11|Jász-Nagykun-Szolnok     |008|Csépa                    |0001435|0000002|0001437|0000001|0000374|0000374|+000000|0000002|0000372|100.00|2009.06.11.23.22|
11|Jász-Nagykun-Szolnok     |009|Fegyvernek               |0005497|0000001|0005498|0000000|0001314|0001313|-000001|0000013|0001300|100.00|2009.06.11.23.22|
11|Jász-Nagykun-Szolnok     |010|Hunyadfalva              |0000158|0000001|0000159|0000000|0000060|0000060|+000000|0000000|0000060|100.00|2009.06.11.23.22|
11|Jász-Nagykun-Szolnok     |011|Jánoshida                |0002113|0000002|0002115|0000000|0000704|0000704|+000000|0000010|0000694|100.00|2009.06.11.23.22|
11|Jász-Nagykun-Szolnok     |012|Jászalsószentgyörgy      |0003069|0000007|0003076|0000000|0000998|0000998|+000000|0000011|0000987|100.00|2009.06.11.23.22|
11|Jász-Nagykun-Szolnok     |013|Jászapáti                |0007078|0000010|0007088|0000009|0002306|0002303|-000003|0000033|0002270|100.00|2009.06.11.23.22|
11|Jász-Nagykun-Szolnok     |014|Jászágó                  |0000604|0000003|0000607|0000000|0000143|0000143|+000000|0000002|0000141|100.00|2009.06.11.23.22|
11|Jász-Nagykun-Szolnok     |015|Jászárokszállás          |0006689|0000018|0006707|0000000|0001775|0001775|+000000|0000022|0001753|100.00|2009.06.11.23.22|
11|Jász-Nagykun-Szolnok     |016|Jászberény               |0022544|0000063|0022607|0000001|0007658|0007651|-000007|0000045|0007606|100.00|2009.06.11.23.22|
11|Jász-Nagykun-Szolnok     |017|Jászboldogháza           |0001436|0000003|0001439|0000000|0000595|0000595|+000000|0000009|0000586|100.00|2009.06.11.23.22|
11|Jász-Nagykun-Szolnok     |018|Jászdózsa                |0001804|0000005|0001809|0000001|0000475|0000475|+000000|0000005|0000470|100.00|2009.06.11.23.22|
11|Jász-Nagykun-Szolnok     |019|Jászfelsõszentgyörgy     |0001399|0000000|0001399|0000000|0000273|0000272|-000001|0000012|0000260|100.00|2009.06.11.23.22|
11|Jász-Nagykun-Szolnok     |020|Jászfényszaru            |0004702|0000007|0004709|0000000|0001022|0001022|+000000|0000007|0001015|100.00|2009.06.11.23.22|
11|Jász-Nagykun-Szolnok     |021|Jászivány                |0000350|0000000|0000350|0000000|0000123|0000123|+000000|0000000|0000123|100.00|2009.06.11.23.22|
11|Jász-Nagykun-Szolnok     |022|Jászjákóhalma            |0002454|0000004|0002458|0000000|0000714|0000714|+000000|0000008|0000706|100.00|2009.06.11.23.22|
11|Jász-Nagykun-Szolnok     |023|Jászkisér                |0004398|0000003|0004401|0000000|0001156|0001155|-000001|0000011|0001144|100.00|2009.06.11.23.22|
11|Jász-Nagykun-Szolnok     |024|Jászladány               |0004486|0000003|0004489|0000000|0001016|0001016|+000000|0000014|0001002|100.00|2009.06.11.23.22|
11|Jász-Nagykun-Szolnok     |025|Jászszentandrás          |0002168|0000004|0002172|0000001|0000772|0000772|+000000|0000015|0000757|100.00|2009.06.11.23.22|
11|Jász-Nagykun-Szolnok     |026|Jásztelek                |0001265|0000000|0001265|0000000|0000374|0000374|+000000|0000004|0000370|100.00|2009.06.11.23.22|
11|Jász-Nagykun-Szolnok     |027|Karcag                   |0016699|0000022|0016721|0000009|0006525|0006523|-000002|0000080|0006443|100.00|2009.06.11.23.22|
11|Jász-Nagykun-Szolnok     |028|Kenderes                 |0003875|0000000|0003875|0000000|0001248|0001249|+000001|0000028|0001221|100.00|2009.06.11.23.22|
11|Jász-Nagykun-Szolnok     |029|Kengyel                  |0003015|0000001|0003016|0000000|0000792|0000792|+000000|0000012|0000780|100.00|2009.06.11.23.22|
11|Jász-Nagykun-Szolnok     |030|Kétpó                    |0000603|0000001|0000604|0000000|0000216|0000216|+000000|0000004|0000212|100.00|2009.06.11.23.22|
11|Jász-Nagykun-Szolnok     |031|Kisújszállás             |0009650|0000022|0009672|0000002|0002832|0002831|-000001|0000022|0002809|100.00|2009.06.11.23.22|
11|Jász-Nagykun-Szolnok     |032|Kõtelek                  |0001360|0000000|0001360|0000000|0000383|0000383|+000000|0000009|0000374|100.00|2009.06.11.23.22|
11|Jász-Nagykun-Szolnok     |033|Kuncsorba                |0000564|0000001|0000565|0000000|0000200|0000200|+000000|0000004|0000196|100.00|2009.06.11.23.22|
11|Jász-Nagykun-Szolnok     |034|Kunhegyes                |0006715|0000011|0006726|0000001|0002004|0002004|+000000|0000043|0001961|100.00|2009.06.11.23.22|
11|Jász-Nagykun-Szolnok     |035|Kunmadaras               |0004270|0000006|0004276|0000000|0001019|0001019|+000000|0000020|0000999|100.00|2009.06.11.23.22|
11|Jász-Nagykun-Szolnok     |036|Kunszentmárton           |0007601|0000009|0007610|0000003|0002153|0002153|+000000|0000039|0002114|100.00|2009.06.11.23.22|
11|Jász-Nagykun-Szolnok     |037|Martfû                   |0005821|0000006|0005827|0000000|0001810|0001809|-000001|0000019|0001790|100.00|2009.06.11.23.22|
11|Jász-Nagykun-Szolnok     |038|Mesterszállás            |0000654|0000001|0000655|0000000|0000289|0000289|+000000|0000003|0000286|100.00|2009.06.11.23.22|
11|Jász-Nagykun-Szolnok     |039|Mezõhék                  |0000304|0000000|0000304|0000000|0000089|0000088|-000001|0000002|0000086|100.00|2009.06.11.23.22|
11|Jász-Nagykun-Szolnok     |040|Mezõtúr                  |0014918|0000009|0014927|0000000|0005031|0005030|-000001|0000056|0004974|100.00|2009.06.11.23.22|
11|Jász-Nagykun-Szolnok     |041|Nagyiván                 |0000965|0000000|0000965|0000000|0000393|0000393|+000000|0000005|0000388|100.00|2009.06.11.23.22|
11|Jász-Nagykun-Szolnok     |042|Nagykörû                 |0001364|0000019|0001383|0000000|0000380|0000380|+000000|0000002|0000378|100.00|2009.06.11.23.22|
11|Jász-Nagykun-Szolnok     |043|Nagyrév                  |0000589|0000001|0000590|0000001|0000191|0000191|+000000|0000004|0000187|100.00|2009.06.11.23.22|
11|Jász-Nagykun-Szolnok     |044|Öcsöd                    |0002906|0000005|0002911|0000002|0000612|0000612|+000000|0000010|0000602|100.00|2009.06.11.23.22|
11|Jász-Nagykun-Szolnok     |045|Örményes                 |0000945|0000000|0000945|0000000|0000189|0000189|+000000|0000000|0000189|100.00|2009.06.11.23.22|
11|Jász-Nagykun-Szolnok     |046|Pusztamonostor           |0001357|0000000|0001357|0000000|0000334|0000334|+000000|0000006|0000328|100.00|2009.06.11.23.22|
11|Jász-Nagykun-Szolnok     |047|Rákóczifalva             |0004563|0000003|0004566|0000000|0001307|0001307|+000000|0000017|0001290|100.00|2009.06.11.23.22|
11|Jász-Nagykun-Szolnok     |048|Rákócziújfalu            |0001581|0000000|0001581|0000000|0000316|0000316|+000000|0000000|0000316|100.00|2009.06.11.23.22|
11|Jász-Nagykun-Szolnok     |049|Szajol                   |0003241|0000002|0003243|0000000|0000994|0000994|+000000|0000014|0000980|100.00|2009.06.11.23.22|
11|Jász-Nagykun-Szolnok     |050|Szászberek               |0000826|0000000|0000826|0000000|0000288|0000288|+000000|0000004|0000284|100.00|2009.06.11.23.22|
11|Jász-Nagykun-Szolnok     |051|Szelevény                |0000896|0000000|0000896|0000000|0000245|0000245|+000000|0000008|0000237|100.00|2009.06.11.23.22|
11|Jász-Nagykun-Szolnok     |052|Szolnok                  |0060438|0000077|0060515|0000002|0022449|0022442|-000007|0000143|0022299|100.00|2009.06.11.23.22|
11|Jász-Nagykun-Szolnok     |053|Tiszabõ                  |0001122|0000001|0001123|0000004|0000153|0000153|+000000|0000002|0000151|100.00|2009.06.11.23.22|
11|Jász-Nagykun-Szolnok     |054|Tiszabura                |0001851|0000002|0001853|0000000|0000587|0000587|+000000|0000005|0000582|100.00|2009.06.11.23.22|
11|Jász-Nagykun-Szolnok     |055|Tiszaderzs               |0000950|0000002|0000952|0000000|0000215|0000215|+000000|0000004|0000211|100.00|2009.06.11.23.22|
11|Jász-Nagykun-Szolnok     |056|Tiszaföldvár             |0009306|0000010|0009316|0000000|0002293|0002292|-000001|0000021|0002271|100.00|2009.06.11.23.22|
11|Jász-Nagykun-Szolnok     |057|Tiszafüred               |0009947|0000034|0009981|0000000|0002838|0002838|+000000|0000021|0002817|100.00|2009.06.11.23.22|
11|Jász-Nagykun-Szolnok     |058|Tiszagyenda              |0000885|0000000|0000885|0000000|0000143|0000143|+000000|0000001|0000142|100.00|2009.06.11.23.22|
11|Jász-Nagykun-Szolnok     |059|Tiszaigar                |0000669|0000001|0000670|0000000|0000177|0000177|+000000|0000003|0000174|100.00|2009.06.11.23.22|
11|Jász-Nagykun-Szolnok     |060|Tiszainoka               |0000330|0000001|0000331|0000000|0000107|0000107|+000000|0000004|0000103|100.00|2009.06.11.23.22|
11|Jász-Nagykun-Szolnok     |061|Tiszajenõ                |0001343|0000002|0001345|0000000|0000428|0000428|+000000|0000001|0000427|100.00|2009.06.11.23.22|
11|Jász-Nagykun-Szolnok     |062|Tiszakürt                |0001234|0000003|0001237|0000000|0000272|0000272|+000000|0000005|0000267|100.00|2009.06.11.23.22|
11|Jász-Nagykun-Szolnok     |063|Tiszaörs                 |0001106|0000002|0001108|0000004|0000350|0000350|+000000|0000003|0000347|100.00|2009.06.11.23.22|
11|Jász-Nagykun-Szolnok     |064|Tiszapüspöki             |0001610|0000004|0001614|0000001|0000338|0000338|+000000|0000006|0000332|100.00|2009.06.11.23.22|
11|Jász-Nagykun-Szolnok     |065|Tiszaroff                |0001477|0000003|0001480|0000000|0000373|0000373|+000000|0000007|0000366|100.00|2009.06.11.23.22|
11|Jász-Nagykun-Szolnok     |066|Tiszasas                 |0000928|0000001|0000929|0000000|0000265|0000265|+000000|0000001|0000264|100.00|2009.06.11.23.22|
11|Jász-Nagykun-Szolnok     |067|Tiszasüly                |0001351|0000001|0001352|0000000|0000353|0000353|+000000|0000008|0000345|100.00|2009.06.11.23.22|
11|Jász-Nagykun-Szolnok     |068|Tiszaszentimre           |0001827|0000000|0001827|0000000|0000452|0000452|+000000|0000007|0000445|100.00|2009.06.11.23.22|
11|Jász-Nagykun-Szolnok     |069|Tiszatenyõ               |0001439|0000001|0001440|0000000|0000354|0000354|+000000|0000005|0000349|100.00|2009.06.11.23.22|
11|Jász-Nagykun-Szolnok     |070|Tiszavárkony             |0001303|0000000|0001303|0000000|0000376|0000376|+000000|0000003|0000373|100.00|2009.06.11.23.22|
11|Jász-Nagykun-Szolnok     |071|Tomajmonostora           |0000588|0000003|0000591|0000000|0000186|0000186|+000000|0000004|0000182|100.00|2009.06.11.23.22|
11|Jász-Nagykun-Szolnok     |072|Tószeg                   |0003795|0000005|0003800|0000000|0001108|0001108|+000000|0000007|0001101|100.00|2009.06.11.23.22|
11|Jász-Nagykun-Szolnok     |073|Törökszentmiklós         |0017712|0000013|0017725|0000009|0005512|0005513|+000001|0000049|0005464|100.00|2009.06.11.23.22|
11|Jász-Nagykun-Szolnok     |074|Túrkeve                  |0007832|0000009|0007841|0000000|0001945|0001945|+000000|0000018|0001927|100.00|2009.06.11.23.22|
11|Jász-Nagykun-Szolnok     |075|Újszász                  |0005183|0000002|0005185|0000002|0001592|0001592|+000000|0000029|0001563|100.00|2009.06.11.23.22|
11|Jász-Nagykun-Szolnok     |076|Vezseny                  |0000562|0000000|0000562|0000000|0000233|0000233|+000000|0000002|0000231|100.00|2009.06.11.23.22|
11|Jász-Nagykun-Szolnok     |077|Zagyvarékas              |0002946|0000001|0002947|0000000|0000782|0000781|-000001|0000012|0000769|100.00|2009.06.11.23.22|
11|Jász-Nagykun-Szolnok     |078|Tiszaszõlõs              |0001267|0000001|0001268|0000000|0000386|0000386|+000000|0000005|0000381|100.00|2009.06.11.23.22|
12|Komárom-Esztergom        |001|Aka                      |0000209|0000002|0000211|0000000|0000060|0000060|+000000|0000001|0000059|100.00|2009.06.11.23.22|
12|Komárom-Esztergom        |002|Almásfüzitõ              |0001798|0000004|0001802|0000000|0000780|0000780|+000000|0000003|0000777|100.00|2009.06.11.23.22|
12|Komárom-Esztergom        |003|Annavölgy                |0000742|0000000|0000742|0000000|0000203|0000203|+000000|0000003|0000200|100.00|2009.06.11.23.22|
12|Komárom-Esztergom        |004|Ács                      |0005643|0000003|0005646|0000001|0001605|0001605|+000000|0000017|0001588|100.00|2009.06.11.23.22|
12|Komárom-Esztergom        |005|Ácsteszér                |0000588|0000000|0000588|0000000|0000165|0000165|+000000|0000001|0000164|100.00|2009.06.11.23.22|
12|Komárom-Esztergom        |006|Baj                      |0002160|0000000|0002160|0000000|0000802|0000802|+000000|0000004|0000798|100.00|2009.06.11.23.22|
12|Komárom-Esztergom        |007|Bajna                    |0001617|0000004|0001621|0000003|0000607|0000607|+000000|0000000|0000607|100.00|2009.06.11.23.22|
12|Komárom-Esztergom        |008|Bajót                    |0001227|0000001|0001228|0000000|0000393|0000393|+000000|0000010|0000383|100.00|2009.06.11.23.22|
12|Komárom-Esztergom        |009|Bakonybánk               |0000405|0000001|0000406|0000000|0000096|0000096|+000000|0000001|0000095|100.00|2009.06.11.23.22|
12|Komárom-Esztergom        |010|Bakonysárkány            |0000750|0000003|0000753|0000000|0000183|0000183|+000000|0000000|0000183|100.00|2009.06.11.23.22|
12|Komárom-Esztergom        |011|Bakonyszombathely        |0001158|0000001|0001159|0000001|0000297|0000297|+000000|0000005|0000292|100.00|2009.06.11.23.22|
12|Komárom-Esztergom        |012|Bana                     |0001343|0000000|0001343|0000000|0000347|0000347|+000000|0000002|0000345|100.00|2009.06.11.23.22|
12|Komárom-Esztergom        |013|Bábolna                  |0003001|0000005|0003006|0000000|0000867|0000867|+000000|0000018|0000849|100.00|2009.06.11.23.22|
12|Komárom-Esztergom        |014|Bársonyos                |0000650|0000003|0000653|0000000|0000228|0000228|+000000|0000003|0000225|100.00|2009.06.11.23.22|
12|Komárom-Esztergom        |015|Bokod                    |0001779|0000001|0001780|0000000|0000586|0000586|+000000|0000004|0000582|100.00|2009.06.11.23.22|
12|Komárom-Esztergom        |016|Csatka                   |0000240|0000000|0000240|0000000|0000089|0000089|+000000|0000000|0000089|100.00|2009.06.11.23.22|
12|Komárom-Esztergom        |017|Császár                  |0001509|0000003|0001512|0000000|0000512|0000512|+000000|0000007|0000505|100.00|2009.06.11.23.22|
12|Komárom-Esztergom        |018|Csém                     |0000391|0000000|0000391|0000000|0000105|0000105|+000000|0000005|0000100|100.00|2009.06.11.23.22|
12|Komárom-Esztergom        |019|Csép                     |0000324|0000000|0000324|0000000|0000057|0000057|+000000|0000000|0000057|100.00|2009.06.11.23.22|
12|Komárom-Esztergom        |020|Csolnok                  |0002781|0000002|0002783|0000000|0000891|0000891|+000000|0000004|0000887|100.00|2009.06.11.23.22|
12|Komárom-Esztergom        |021|Dad                      |0000820|0000000|0000820|0000000|0000266|0000266|+000000|0000001|0000265|100.00|2009.06.11.23.22|
12|Komárom-Esztergom        |022|Dág                      |0000770|0000003|0000773|0000000|0000371|0000371|+000000|0000002|0000369|100.00|2009.06.11.23.22|
12|Komárom-Esztergom        |023|Dorog                    |0010150|0000010|0010160|0000000|0003252|0003250|-000002|0000016|0003234|100.00|2009.06.11.23.22|
12|Komárom-Esztergom        |024|Dömös                    |0000936|0000005|0000941|0000000|0000387|0000387|+000000|0000003|0000384|100.00|2009.06.11.23.22|
12|Komárom-Esztergom        |025|Dunaalmás                |0001243|0000004|0001247|0000000|0000496|0000496|+000000|0000002|0000494|100.00|2009.06.11.23.22|
12|Komárom-Esztergom        |026|Dunaszentmiklós          |0000346|0000001|0000347|0000000|0000152|0000152|+000000|0000001|0000151|100.00|2009.06.11.23.22|
12|Komárom-Esztergom        |027|Epöl                     |0000528|0000000|0000528|0000000|0000283|0000283|+000000|0000000|0000283|100.00|2009.06.11.23.22|
12|Komárom-Esztergom        |028|Esztergom                |0023573|0000099|0023672|0000004|0010416|0010412|-000004|0000081|0010331|100.00|2009.06.11.23.22|
12|Komárom-Esztergom        |029|Ete                      |0000503|0000001|0000504|0000000|0000186|0000186|+000000|0000000|0000186|100.00|2009.06.11.23.22|
12|Komárom-Esztergom        |030|Gyermely                 |0001124|0000003|0001127|0000000|0000464|0000464|+000000|0000003|0000461|100.00|2009.06.11.23.22|
12|Komárom-Esztergom        |031|Héreg                    |0000836|0000002|0000838|0000000|0000267|0000267|+000000|0000001|0000266|100.00|2009.06.11.23.22|
12|Komárom-Esztergom        |032|Kecskéd                  |0001632|0000001|0001633|0000000|0000603|0000603|+000000|0000003|0000600|100.00|2009.06.11.23.22|
12|Komárom-Esztergom        |033|Kerékteleki              |0000553|0000000|0000553|0000000|0000106|0000106|+000000|0000001|0000105|100.00|2009.06.11.23.22|
12|Komárom-Esztergom        |034|Kesztölc                 |0002091|0000004|0002095|0000000|0000722|0000722|+000000|0000009|0000713|100.00|2009.06.11.23.22|
12|Komárom-Esztergom        |035|Kisbér                   |0004621|0000001|0004622|0000000|0001493|0001493|+000000|0000014|0001479|100.00|2009.06.11.23.22|
12|Komárom-Esztergom        |036|Kisigmánd                |0000414|0000000|0000414|0000000|0000108|0000108|+000000|0000001|0000107|100.00|2009.06.11.23.22|
12|Komárom-Esztergom        |037|Kocs                     |0002184|0000003|0002187|0000000|0000792|0000792|+000000|0000008|0000784|100.00|2009.06.11.23.22|
12|Komárom-Esztergom        |038|Komárom                  |0015766|0000053|0015819|0000004|0006366|0006362|-000004|0000036|0006326|100.00|2009.06.11.23.22|
12|Komárom-Esztergom        |039|Kömlõd                   |0000870|0000000|0000870|0000000|0000246|0000246|+000000|0000004|0000242|100.00|2009.06.11.23.22|
12|Komárom-Esztergom        |040|Környe                   |0003721|0000002|0003723|0000000|0001174|0001174|+000000|0000012|0001162|100.00|2009.06.11.23.22|
12|Komárom-Esztergom        |041|Lábatlan                 |0004241|0000002|0004243|0000000|0001302|0001302|+000000|0000021|0001281|100.00|2009.06.11.23.22|
12|Komárom-Esztergom        |042|Leányvár                 |0001380|0000001|0001381|0000000|0000483|0000483|+000000|0000002|0000481|100.00|2009.06.11.23.22|
12|Komárom-Esztergom        |043|Máriahalom               |0000520|0000002|0000522|0000000|0000184|0000184|+000000|0000002|0000182|100.00|2009.06.11.23.22|
12|Komárom-Esztergom        |044|Mocsa                    |0001817|0000001|0001818|0000000|0000698|0000698|+000000|0000006|0000692|100.00|2009.06.11.23.22|
12|Komárom-Esztergom        |045|Mogyorósbánya            |0000683|0000001|0000684|0000000|0000229|0000229|+000000|0000001|0000228|100.00|2009.06.11.23.22|
12|Komárom-Esztergom        |046|Nagyigmánd               |0002416|0000001|0002417|0000000|0000725|0000725|+000000|0000006|0000719|100.00|2009.06.11.23.22|
12|Komárom-Esztergom        |047|Nagysáp                  |0001215|0000000|0001215|0000001|0000396|0000396|+000000|0000002|0000394|100.00|2009.06.11.23.22|
12|Komárom-Esztergom        |048|Naszály                  |0001923|0000002|0001925|0000000|0000516|0000516|+000000|0000008|0000508|100.00|2009.06.11.23.22|
12|Komárom-Esztergom        |049|Neszmély                 |0001135|0000001|0001136|0000000|0000424|0000424|+000000|0000004|0000420|100.00|2009.06.11.23.22|
12|Komárom-Esztergom        |050|Nyergesújfalu            |0006266|0000000|0006266|0000000|0002147|0002147|+000000|0000016|0002131|100.00|2009.06.11.23.22|
12|Komárom-Esztergom        |051|Oroszlány                |0015592|0000014|0015606|0000000|0004257|0004255|-000002|0000031|0004224|100.00|2009.06.11.23.22|
12|Komárom-Esztergom        |052|Piliscsév                |0001906|0000002|0001908|0000000|0000697|0000697|+000000|0000006|0000691|100.00|2009.06.11.23.22|
12|Komárom-Esztergom        |053|Pilismarót               |0001592|0000016|0001608|0000000|0000635|0000635|+000000|0000004|0000631|100.00|2009.06.11.23.22|
12|Komárom-Esztergom        |054|Réde                     |0001160|0000003|0001163|0000000|0000355|0000355|+000000|0000005|0000350|100.00|2009.06.11.23.22|
12|Komárom-Esztergom        |055|Sárisáp                  |0002328|0000003|0002331|0000002|0000686|0000686|+000000|0000006|0000680|100.00|2009.06.11.23.22|
12|Komárom-Esztergom        |056|Súr                      |0000997|0000001|0000998|0000000|0000211|0000211|+000000|0000005|0000206|100.00|2009.06.11.23.22|
12|Komárom-Esztergom        |057|Süttõ                    |0001723|0000007|0001730|0000000|0000518|0000518|+000000|0000007|0000511|100.00|2009.06.11.23.22|
12|Komárom-Esztergom        |058|Szákszend                |0001237|0000000|0001237|0000000|0000332|0000332|+000000|0000000|0000332|100.00|2009.06.11.23.22|
12|Komárom-Esztergom        |059|Szárliget                |0001806|0000002|0001808|0000000|0000609|0000609|+000000|0000009|0000600|100.00|2009.06.11.23.22|
12|Komárom-Esztergom        |060|Szomor                   |0000886|0000001|0000887|0000000|0000315|0000315|+000000|0000004|0000311|100.00|2009.06.11.23.22|
12|Komárom-Esztergom        |061|Szomód                   |0001692|0000000|0001692|0000000|0000573|0000573|+000000|0000003|0000570|100.00|2009.06.11.23.22|
12|Komárom-Esztergom        |062|Tardos                   |0001326|0000002|0001328|0000000|0000333|0000333|+000000|0000002|0000331|100.00|2009.06.11.23.22|
12|Komárom-Esztergom        |063|Tarján                   |0002148|0000006|0002154|0000000|0000788|0000788|+000000|0000007|0000781|100.00|2009.06.11.23.22|
12|Komárom-Esztergom        |064|Tata                     |0019314|0000067|0019381|0000007|0007535|0007534|-000001|0000055|0007479|100.00|2009.06.11.23.22|
12|Komárom-Esztergom        |065|Tatabánya                |0056491|0000062|0056553|0000009|0017491|0017485|-000006|0000145|0017340|100.00|2009.06.11.23.22|
12|Komárom-Esztergom        |066|Tárkány                  |0001236|0000000|0001236|0000000|0000274|0000274|+000000|0000007|0000267|100.00|2009.06.11.23.22|
12|Komárom-Esztergom        |067|Tát                      |0004462|0000002|0004464|0000000|0001540|0001540|+000000|0000012|0001528|100.00|2009.06.11.23.22|
12|Komárom-Esztergom        |068|Tokod                    |0003482|0000009|0003491|0000000|0001049|0001049|+000000|0000011|0001038|100.00|2009.06.11.23.22|
12|Komárom-Esztergom        |069|Tokodaltáró              |0002398|0000004|0002402|0000000|0000605|0000605|+000000|0000005|0000600|100.00|2009.06.11.23.22|
12|Komárom-Esztergom        |070|Úny                      |0000567|0000001|0000568|0000000|0000176|0000176|+000000|0000001|0000175|100.00|2009.06.11.23.22|
12|Komárom-Esztergom        |071|Várgesztes               |0000476|0000004|0000480|0000003|0000197|0000197|+000000|0000000|0000197|100.00|2009.06.11.23.22|
12|Komárom-Esztergom        |072|Vérteskethely            |0000471|0000001|0000472|0000000|0000181|0000181|+000000|0000002|0000179|100.00|2009.06.11.23.22|
12|Komárom-Esztergom        |073|Vértessomló              |0001130|0000002|0001132|0000000|0000380|0000380|+000000|0000000|0000380|100.00|2009.06.11.23.22|
12|Komárom-Esztergom        |074|Vértesszõlõs             |0002463|0000006|0002469|0000001|0000855|0000855|+000000|0000009|0000846|100.00|2009.06.11.23.22|
12|Komárom-Esztergom        |075|Vértestolna              |0000437|0000000|0000437|0000000|0000147|0000147|+000000|0000000|0000147|100.00|2009.06.11.23.22|
12|Komárom-Esztergom        |076|Ászár                    |0001388|0000002|0001390|0000000|0000387|0000387|+000000|0000004|0000383|100.00|2009.06.11.23.22|
13|Nógrád                   |001|Alsópetény               |0000533|0000001|0000534|0000000|0000207|0000207|+000000|0000004|0000203|100.00|2009.06.11.23.22|
13|Nógrád                   |002|Alsótold                 |0000223|0000000|0000223|0000002|0000099|0000099|+000000|0000002|0000097|100.00|2009.06.11.23.22|
13|Nógrád                   |003|Balassagyarmat           |0013463|0000019|0013482|0000007|0005376|0005375|-000001|0000022|0005353|100.00|2009.06.11.23.22|
13|Nógrád                   |004|Bánk                     |0000607|0000012|0000619|0000001|0000304|0000304|+000000|0000003|0000301|100.00|2009.06.11.23.22|
13|Nógrád                   |005|Bárna                    |0000892|0000000|0000892|0000002|0000219|0000219|+000000|0000000|0000219|100.00|2009.06.11.23.22|
13|Nógrád                   |006|Bátonyterenye            |0011022|0000004|0011026|0000005|0003308|0003309|+000001|0000045|0003264|100.00|2009.06.11.23.22|
13|Nógrád                   |007|Becske                   |0000500|0000003|0000503|0000004|0000210|0000210|+000000|0000005|0000205|100.00|2009.06.11.23.22|
13|Nógrád                   |008|Bercel                   |0001562|0000006|0001568|0000002|0000604|0000604|+000000|0000005|0000599|100.00|2009.06.11.23.22|
13|Nógrád                   |009|Berkenye                 |0000520|0000003|0000523|0000000|0000284|0000284|+000000|0000003|0000281|100.00|2009.06.11.23.22|
13|Nógrád                   |010|Bér                      |0000320|0000004|0000324|0000000|0000142|0000142|+000000|0000000|0000142|100.00|2009.06.11.23.22|
13|Nógrád                   |011|Bokor                    |0000118|0000001|0000119|0000000|0000077|0000077|+000000|0000001|0000076|100.00|2009.06.11.23.22|
13|Nógrád                   |012|Borsosberény             |0000790|0000000|0000790|0000000|0000232|0000232|+000000|0000002|0000230|100.00|2009.06.11.23.22|
13|Nógrád                   |013|Buják                    |0001763|0000010|0001773|0000002|0000501|0000501|+000000|0000003|0000498|100.00|2009.06.11.23.22|
13|Nógrád                   |014|Cered                    |0001018|0000002|0001020|0000001|0000255|0000255|+000000|0000005|0000250|100.00|2009.06.11.23.22|
13|Nógrád                   |015|Cserháthaláp             |0000310|0000001|0000311|0000000|0000152|0000152|+000000|0000001|0000151|100.00|2009.06.11.23.22|
13|Nógrád                   |016|Cserhátsurány            |0000698|0000001|0000699|0000000|0000333|0000333|+000000|0000003|0000330|100.00|2009.06.11.23.22|
13|Nógrád                   |017|Cserhátszentiván         |0000138|0000002|0000140|0000000|0000077|0000077|+000000|0000001|0000076|100.00|2009.06.11.23.22|
13|Nógrád                   |018|Csesztve                 |0000280|0000000|0000280|0000000|0000117|0000117|+000000|0000001|0000116|100.00|2009.06.11.23.22|
13|Nógrád                   |019|Csécse                   |0000784|0000001|0000785|0000000|0000211|0000211|+000000|0000001|0000210|100.00|2009.06.11.23.22|
13|Nógrád                   |020|Csitár                   |0000370|0000001|0000371|0000000|0000173|0000173|+000000|0000002|0000171|100.00|2009.06.11.23.22|
13|Nógrád                   |021|Debercsény               |0000071|0000001|0000072|0000000|0000045|0000045|+000000|0000001|0000044|100.00|2009.06.11.23.22|
13|Nógrád                   |022|Dejtár                   |0001142|0000002|0001144|0000002|0000505|0000505|+000000|0000004|0000501|100.00|2009.06.11.23.22|
13|Nógrád                   |023|Diósjenõ                 |0002354|0000011|0002365|0000000|0000912|0000912|+000000|0000004|0000908|100.00|2009.06.11.23.22|
13|Nógrád                   |024|Dorogháza                |0000977|0000001|0000978|0000002|0000346|0000346|+000000|0000004|0000342|100.00|2009.06.11.23.22|
13|Nógrád                   |025|Drégelypalánk            |0001207|0000005|0001212|0000000|0000555|0000555|+000000|0000000|0000555|100.00|2009.06.11.23.22|
13|Nógrád                   |026|Ecseg                    |0000950|0000000|0000950|0000002|0000196|0000196|+000000|0000001|0000195|100.00|2009.06.11.23.22|
13|Nógrád                   |027|Egyházasdengeleg         |0000425|0000000|0000425|0000001|0000147|0000147|+000000|0000001|0000146|100.00|2009.06.11.23.22|
13|Nógrád                   |028|Egyházasgerge            |0000611|0000000|0000611|0000002|0000208|0000208|+000000|0000001|0000207|100.00|2009.06.11.23.22|
13|Nógrád                   |029|Endrefalva               |0000936|0000001|0000937|0000000|0000187|0000187|+000000|0000002|0000185|100.00|2009.06.11.23.22|
13|Nógrád                   |030|Erdõkürt                 |0000451|0000004|0000455|0000002|0000210|0000210|+000000|0000002|0000208|100.00|2009.06.11.23.22|
13|Nógrád                   |031|Erdõtarcsa               |0000478|0000000|0000478|0000000|0000130|0000130|+000000|0000003|0000127|100.00|2009.06.11.23.22|
13|Nógrád                   |032|Etes                     |0001140|0000000|0001140|0000003|0000292|0000292|+000000|0000003|0000289|100.00|2009.06.11.23.22|
13|Nógrád                   |033|Érsekvadkert             |0003017|0000001|0003018|0000000|0001259|0001258|-000001|0000007|0001251|100.00|2009.06.11.23.22|
13|Nógrád                   |034|Felsõpetény              |0000538|0000002|0000540|0000000|0000272|0000272|+000000|0000003|0000269|100.00|2009.06.11.23.22|
13|Nógrád                   |035|Felsõtold                |0000140|0000000|0000140|0000000|0000080|0000080|+000000|0000000|0000080|100.00|2009.06.11.23.22|
13|Nógrád                   |036|Galgaguta                |0000591|0000000|0000591|0000002|0000174|0000174|+000000|0000002|0000172|100.00|2009.06.11.23.22|
13|Nógrád                   |037|Garáb                    |0000053|0000001|0000054|0000000|0000041|0000041|+000000|0000000|0000041|100.00|2009.06.11.23.22|
13|Nógrád                   |038|Herencsény               |0000553|0000001|0000554|0000000|0000211|0000211|+000000|0000000|0000211|100.00|2009.06.11.23.22|
13|Nógrád                   |039|Héhalom                  |0000840|0000000|0000840|0000008|0000233|0000233|+000000|0000003|0000230|100.00|2009.06.11.23.22|
13|Nógrád                   |040|Hollókõ                  |0000317|0000025|0000342|0000000|0000201|0000201|+000000|0000005|0000196|100.00|2009.06.11.23.22|
13|Nógrád                   |041|Hont                     |0000440|0000001|0000441|0000000|0000169|0000169|+000000|0000002|0000167|100.00|2009.06.11.23.22|
13|Nógrád                   |042|Horpács                  |0000148|0000001|0000149|0000000|0000090|0000090|+000000|0000001|0000089|100.00|2009.06.11.23.22|
13|Nógrád                   |043|Hugyag                   |0000663|0000001|0000664|0000003|0000179|0000179|+000000|0000004|0000175|100.00|2009.06.11.23.22|
13|Nógrád                   |044|Iliny                    |0000159|0000000|0000159|0000000|0000093|0000093|+000000|0000001|0000092|100.00|2009.06.11.23.22|
13|Nógrád                   |045|Ipolytarnóc              |0000386|0000000|0000386|0000000|0000118|0000118|+000000|0000001|0000117|100.00|2009.06.11.23.22|
13|Nógrád                   |046|Ipolyvece                |0000701|0000001|0000702|0000000|0000281|0000281|+000000|0000006|0000275|100.00|2009.06.11.23.22|
13|Nógrád                   |047|Jobbágyi                 |0001702|0000000|0001702|0000000|0000552|0000552|+000000|0000007|0000545|100.00|2009.06.11.23.22|
13|Nógrád                   |048|Karancsalja              |0001290|0000000|0001290|0000000|0000422|0000422|+000000|0000007|0000415|100.00|2009.06.11.23.22|
13|Nógrád                   |049|Karancsberény            |0000758|0000001|0000759|0000000|0000258|0000258|+000000|0000000|0000258|100.00|2009.06.11.23.22|
13|Nógrád                   |050|Karancskeszi             |0001528|0000003|0001531|0000000|0000439|0000439|+000000|0000003|0000436|100.00|2009.06.11.23.22|
13|Nógrád                   |051|Karancslapujtõ           |0002239|0000002|0002241|0000000|0000718|0000718|+000000|0000009|0000709|100.00|2009.06.11.23.22|
13|Nógrád                   |052|Karancsság               |0000888|0000000|0000888|0000000|0000204|0000204|+000000|0000002|0000202|100.00|2009.06.11.23.22|
13|Nógrád                   |053|Kazár                    |0001641|0000000|0001641|0000002|0000468|0000468|+000000|0000006|0000462|100.00|2009.06.11.23.22|
13|Nógrád                   |054|Kálló                    |0001105|0000002|0001107|0000002|0000276|0000276|+000000|0000016|0000260|100.00|2009.06.11.23.22|
13|Nógrád                   |055|Keszeg                   |0000573|0000000|0000573|0000004|0000230|0000230|+000000|0000002|0000228|100.00|2009.06.11.23.22|
13|Nógrád                   |056|Kétbodony                |0000409|0000006|0000415|0000000|0000200|0000200|+000000|0000002|0000198|100.00|2009.06.11.23.22|
13|Nógrád                   |057|Kisbágyon                |0000365|0000006|0000371|0000001|0000106|0000106|+000000|0000000|0000106|100.00|2009.06.11.23.22|
13|Nógrád                   |058|Kisbárkány               |0000185|0000001|0000186|0000000|0000109|0000109|+000000|0000002|0000107|100.00|2009.06.11.23.22|
13|Nógrád                   |059|Kisecset                 |0000171|0000001|0000172|0000000|0000078|0000078|+000000|0000002|0000076|100.00|2009.06.11.23.22|
13|Nógrád                   |060|Kishartyán               |0000489|0000000|0000489|0000001|0000197|0000197|+000000|0000002|0000195|100.00|2009.06.11.23.22|
13|Nógrád                   |061|Kozárd                   |0000156|0000005|0000161|0000000|0000094|0000093|-000001|0000000|0000093|100.00|2009.06.11.23.22|
13|Nógrád                   |062|Kutasó                   |0000093|0000000|0000093|0000000|0000056|0000056|+000000|0000000|0000056|100.00|2009.06.11.23.22|
13|Nógrád                   |063|Legénd                   |0000403|0000001|0000404|0000003|0000129|0000129|+000000|0000003|0000126|100.00|2009.06.11.23.22|
13|Nógrád                   |064|Litke                    |0000669|0000000|0000669|0000000|0000197|0000197|+000000|0000004|0000193|100.00|2009.06.11.23.22|
13|Nógrád                   |065|Lucfalva                 |0000484|0000000|0000484|0000002|0000169|0000169|+000000|0000004|0000165|100.00|2009.06.11.23.22|
13|Nógrád                   |066|Ludányhalászi            |0001029|0000000|0001029|0000002|0000279|0000279|+000000|0000005|0000274|100.00|2009.06.11.23.22|
13|Nógrád                   |067|Magyargéc                |0000636|0000000|0000636|0000000|0000243|0000243|+000000|0000004|0000239|100.00|2009.06.11.23.22|
13|Nógrád                   |068|Magyarnándor             |0000965|0000000|0000965|0000003|0000292|0000292|+000000|0000003|0000289|100.00|2009.06.11.23.22|
13|Nógrád                   |069|Márkháza                 |0000196|0000000|0000196|0000000|0000077|0000077|+000000|0000000|0000077|100.00|2009.06.11.23.22|
13|Nógrád                   |070|Mátramindszent           |0000727|0000000|0000727|0000000|0000268|0000268|+000000|0000004|0000264|100.00|2009.06.11.23.22|
13|Nógrád                   |071|Mátranovák               |0001592|0000002|0001594|0000001|0000408|0000408|+000000|0000003|0000405|100.00|2009.06.11.23.22|
13|Nógrád                   |072|Mátraszele               |0000838|0000001|0000839|0000001|0000231|0000231|+000000|0000005|0000226|100.00|2009.06.11.23.22|
13|Nógrád                   |073|Mátraszõlõs              |0001287|0000001|0001288|0000001|0000384|0000384|+000000|0000005|0000379|100.00|2009.06.11.23.22|
13|Nógrád                   |074|Mátraterenye             |0001586|0000000|0001586|0000001|0000505|0000505|+000000|0000006|0000499|100.00|2009.06.11.23.22|
13|Nógrád                   |075|Mátraverebély            |0001616|0000000|0001616|0000000|0000485|0000485|+000000|0000009|0000476|100.00|2009.06.11.23.22|
13|Nógrád                   |076|Mihálygerge              |0000552|0000002|0000554|0000000|0000230|0000230|+000000|0000000|0000230|100.00|2009.06.11.23.22|
13|Nógrád                   |077|Mohora                   |0000761|0000000|0000761|0000001|0000177|0000177|+000000|0000003|0000174|100.00|2009.06.11.23.22|
13|Nógrád                   |078|Nagybárkány              |0000501|0000000|0000501|0000003|0000143|0000143|+000000|0000002|0000141|100.00|2009.06.11.23.22|
13|Nógrád                   |079|Nagykeresztúr            |0000232|0000000|0000232|0000000|0000100|0000100|+000000|0000000|0000100|100.00|2009.06.11.23.22|
13|Nógrád                   |080|Nagylóc                  |0001292|0000002|0001294|0000002|0000417|0000417|+000000|0000007|0000410|100.00|2009.06.11.23.22|
13|Nógrád                   |081|Nagyoroszi               |0001680|0000001|0001681|0000000|0000565|0000564|-000001|0000003|0000561|100.00|2009.06.11.23.22|
13|Nógrád                   |082|Nemti                    |0000638|0000002|0000640|0000001|0000257|0000257|+000000|0000005|0000252|100.00|2009.06.11.23.22|
13|Nógrád                   |083|Nézsa                    |0000905|0000003|0000908|0000002|0000360|0000360|+000000|0000004|0000356|100.00|2009.06.11.23.22|
13|Nógrád                   |084|Nógrád                   |0001241|0000014|0001255|0000000|0000578|0000578|+000000|0000006|0000572|100.00|2009.06.11.23.22|
13|Nógrád                   |085|Nógrádkövesd             |0000586|0000001|0000587|0000000|0000179|0000179|+000000|0000001|0000178|100.00|2009.06.11.23.22|
13|Nógrád                   |086|Nógrádmarcal             |0000458|0000000|0000458|0000001|0000147|0000147|+000000|0000002|0000145|100.00|2009.06.11.23.22|
13|Nógrád                   |087|Nógrádmegyer             |0001236|0000000|0001236|0000003|0000351|0000351|+000000|0000003|0000348|100.00|2009.06.11.23.22|
13|Nógrád                   |088|Nógrádsáp                |0000755|0000004|0000759|0000002|0000401|0000401|+000000|0000004|0000397|100.00|2009.06.11.23.22|
13|Nógrád                   |089|Nógrádsipek              |0000605|0000003|0000608|0000002|0000247|0000247|+000000|0000000|0000247|100.00|2009.06.11.23.22|
13|Nógrád                   |090|Nógrádszakál             |0000462|0000000|0000462|0000003|0000144|0000144|+000000|0000003|0000141|100.00|2009.06.11.23.22|
13|Nógrád                   |091|Nõtincs                  |0000914|0000006|0000920|0000000|0000392|0000392|+000000|0000004|0000388|100.00|2009.06.11.23.22|
13|Nógrád                   |092|Õrhalom                  |0000923|0000000|0000923|0000003|0000410|0000410|+000000|0000004|0000406|100.00|2009.06.11.23.22|
13|Nógrád                   |093|Õsagárd                  |0000279|0000002|0000281|0000000|0000158|0000158|+000000|0000003|0000155|100.00|2009.06.11.23.22|
13|Nógrád                   |094|Palotás                  |0001386|0000004|0001390|0000008|0000415|0000415|+000000|0000005|0000410|100.00|2009.06.11.23.22|
13|Nógrád                   |095|Patak                    |0000786|0000007|0000793|0000000|0000438|0000438|+000000|0000003|0000435|100.00|2009.06.11.23.22|
13|Nógrád                   |096|Patvarc                  |0000566|0000001|0000567|0000001|0000228|0000228|+000000|0000004|0000224|100.00|2009.06.11.23.22|
13|Nógrád                   |097|Pásztó                   |0007991|0000012|0008003|0000017|0003023|0003023|+000000|0000036|0002987|100.00|2009.06.11.23.22|
13|Nógrád                   |098|Piliny                   |0000504|0000000|0000504|0000000|0000162|0000162|+000000|0000000|0000162|100.00|2009.06.11.23.22|
13|Nógrád                   |099|Pusztaberki              |0000109|0000002|0000111|0000000|0000069|0000069|+000000|0000000|0000069|100.00|2009.06.11.23.22|
13|Nógrád                   |100|Rétság                   |0002351|0000002|0002353|0000001|0000977|0000977|+000000|0000005|0000972|100.00|2009.06.11.23.22|
13|Nógrád                   |101|Rimóc                    |0001417|0000001|0001418|0000002|0000451|0000451|+000000|0000004|0000447|100.00|2009.06.11.23.22|
13|Nógrád                   |102|Romhány                  |0001839|0000004|0001843|0000002|0000676|0000676|+000000|0000008|0000668|100.00|2009.06.11.23.22|
13|Nógrád                   |103|Salgótarján              |0032355|0000042|0032397|0000026|0011463|0011463|+000000|0000102|0011361|100.00|2009.06.11.23.22|
13|Nógrád                   |104|Ságújfalu                |0000806|0000000|0000806|0000000|0000140|0000140|+000000|0000002|0000138|100.00|2009.06.11.23.22|
13|Nógrád                   |105|Sámsonháza               |0000215|0000001|0000216|0000000|0000127|0000127|+000000|0000000|0000127|100.00|2009.06.11.23.22|
13|Nógrád                   |106|Sóshartyán               |0000627|0000000|0000627|0000000|0000165|0000165|+000000|0000009|0000156|100.00|2009.06.11.23.22|
13|Nógrád                   |107|Szalmatercs              |0000387|0000000|0000387|0000000|0000144|0000144|+000000|0000002|0000142|100.00|2009.06.11.23.22|
13|Nógrád                   |108|Szanda                   |0000567|0000003|0000570|0000002|0000219|0000219|+000000|0000003|0000216|100.00|2009.06.11.23.22|
13|Nógrád                   |109|Szarvasgede              |0000366|0000004|0000370|0000000|0000133|0000133|+000000|0000001|0000132|100.00|2009.06.11.23.22|
13|Nógrád                   |110|Szátok                   |0000392|0000001|0000393|0000000|0000127|0000127|+000000|0000003|0000124|100.00|2009.06.11.23.22|
13|Nógrád                   |111|Szendehely               |0001242|0000004|0001246|0000000|0000541|0000540|-000001|0000013|0000527|100.00|2009.06.11.23.22|
13|Nógrád                   |112|Szente                   |0000307|0000000|0000307|0000000|0000152|0000152|+000000|0000001|0000151|100.00|2009.06.11.23.22|
13|Nógrád                   |113|Szécsénke                |0000197|0000001|0000198|0000000|0000129|0000129|+000000|0000001|0000128|100.00|2009.06.11.23.22|
13|Nógrád                   |114|Szécsény                 |0005087|0000021|0005108|0000002|0001959|0001959|+000000|0000010|0001949|100.00|2009.06.11.23.22|
13|Nógrád                   |115|Szécsényfelfalu          |0000365|0000000|0000365|0000000|0000124|0000124|+000000|0000002|0000122|100.00|2009.06.11.23.22|
13|Nógrád                   |116|Szilaspogony             |0000253|0000001|0000254|0000000|0000100|0000100|+000000|0000004|0000096|100.00|2009.06.11.23.22|
13|Nógrád                   |117|Szirák                   |0000855|0000003|0000858|0000000|0000176|0000176|+000000|0000001|0000175|100.00|2009.06.11.23.22|
13|Nógrád                   |118|Szuha                    |0000539|0000006|0000545|0000001|0000228|0000228|+000000|0000001|0000227|100.00|2009.06.11.23.22|
13|Nógrád                   |119|Szurdokpüspöki           |0001682|0000003|0001685|0000003|0000547|0000547|+000000|0000010|0000537|100.00|2009.06.11.23.22|
13|Nógrád                   |120|Szügy                    |0001179|0000002|0001181|0000002|0000415|0000415|+000000|0000002|0000413|100.00|2009.06.11.23.22|
13|Nógrád                   |121|Tar                      |0001629|0000002|0001631|0000000|0000489|0000489|+000000|0000007|0000482|100.00|2009.06.11.23.22|
13|Nógrád                   |122|Tereske                  |0000571|0000002|0000573|0000000|0000178|0000178|+000000|0000002|0000176|100.00|2009.06.11.23.22|
13|Nógrád                   |123|Terény                   |0000324|0000004|0000328|0000000|0000135|0000135|+000000|0000001|0000134|100.00|2009.06.11.23.22|
13|Nógrád                   |124|Tolmács                  |0000623|0000000|0000623|0000003|0000296|0000296|+000000|0000003|0000293|100.00|2009.06.11.23.22|
13|Nógrád                   |125|Vanyarc                  |0001063|0000004|0001067|0000004|0000295|0000295|+000000|0000004|0000291|100.00|2009.06.11.23.22|
13|Nógrád                   |126|Varsány                  |0001356|0000001|0001357|0000001|0000523|0000523|+000000|0000003|0000520|100.00|2009.06.11.23.22|
13|Nógrád                   |127|Vizslás                  |0001147|0000000|0001147|0000000|0000305|0000303|-000002|0000000|0000303|100.00|2009.06.11.23.22|
13|Nógrád                   |128|Zabar                    |0000428|0000000|0000428|0000000|0000089|0000089|+000000|0000001|0000088|100.00|2009.06.11.23.22|
13|Nógrád                   |129|Rákóczibánya             |0000535|0000000|0000535|0000000|0000171|0000171|+000000|0000001|0000170|100.00|2009.06.11.23.22|
13|Nógrád                   |130|Ipolyszög                |0000510|0000001|0000511|0000002|0000204|0000204|+000000|0000003|0000201|100.00|2009.06.11.23.22|
13|Nógrád                   |131|Somoskõújfalu            |0002003|0000001|0002004|0000005|0000762|0000762|+000000|0000009|0000753|100.00|2009.06.11.23.22|
14|Pest                     |001|Abony                    |0011963|0000012|0011975|0000004|0003719|0003719|+000000|0000031|0003688|100.00|2009.06.11.23.22|
14|Pest                     |002|Acsa                     |0001144|0000001|0001145|0000000|0000317|0000317|+000000|0000001|0000316|100.00|2009.06.11.23.22|
14|Pest                     |003|Albertirsa               |0009820|0000016|0009836|0000015|0003116|0003116|+000000|0000038|0003078|100.00|2009.06.11.23.22|
14|Pest                     |004|Alsónémedi               |0003859|0000003|0003862|0000000|0001370|0001370|+000000|0000014|0001356|100.00|2009.06.11.23.22|
14|Pest                     |005|Apaj                     |0000945|0000002|0000947|0000000|0000201|0000201|+000000|0000005|0000196|100.00|2009.06.11.23.22|
14|Pest                     |006|Aszód                    |0004822|0000009|0004831|0000013|0001731|0001731|+000000|0000013|0001718|100.00|2009.06.11.23.22|
14|Pest                     |007|Áporka                   |0000924|0000010|0000934|0000000|0000327|0000327|+000000|0000001|0000326|100.00|2009.06.11.23.22|
14|Pest                     |008|Bag                      |0003067|0000002|0003069|0000000|0001338|0001338|+000000|0000017|0001321|100.00|2009.06.11.23.22|
14|Pest                     |009|Bernecebaráti            |0000730|0000002|0000732|0000000|0000332|0000332|+000000|0000002|0000330|100.00|2009.06.11.23.22|
14|Pest                     |010|Bénye                    |0000981|0000004|0000985|0000000|0000356|0000356|+000000|0000009|0000347|100.00|2009.06.11.23.22|
14|Pest                     |011|Biatorbágy               |0008657|0000044|0008701|0000007|0003885|0003881|-000004|0000023|0003858|100.00|2009.06.11.23.22|
14|Pest                     |012|Budajenõ                 |0001248|0000008|0001256|0000000|0000629|0000629|+000000|0000003|0000626|100.00|2009.06.11.23.22|
14|Pest                     |013|Budakalász               |0008063|0000028|0008091|0000004|0003860|0003858|-000002|0000030|0003828|100.00|2009.06.11.23.22|
14|Pest                     |014|Budakeszi                |0010645|0000048|0010693|0000003|0005578|0005578|+000000|0000035|0005543|100.00|2009.06.11.23.22|
14|Pest                     |015|Budaörs                  |0020956|0000060|0021016|0000025|0009870|0009871|+000001|0000081|0009790|100.00|2009.06.11.23.22|
14|Pest                     |016|Bugyi                    |0004091|0000003|0004094|0000000|0001244|0001244|+000000|0000010|0001234|100.00|2009.06.11.23.22|
14|Pest                     |017|Cegléd                   |0029988|0000022|0030010|0000003|0011199|0011200|+000001|0000108|0011092|100.00|2009.06.11.23.22|
14|Pest                     |018|Ceglédbercel             |0003656|0000003|0003659|0000011|0001265|0001265|+000000|0000010|0001255|100.00|2009.06.11.23.22|
14|Pest                     |019|Csemõ                    |0003196|0000003|0003199|0000001|0000956|0000956|+000000|0000011|0000945|100.00|2009.06.11.23.22|
14|Pest                     |020|Csévharaszt              |0001487|0000002|0001489|0000000|0000439|0000439|+000000|0000004|0000435|100.00|2009.06.11.23.22|
14|Pest                     |021|Csobánka                 |0002343|0000016|0002359|0000000|0000985|0000984|-000001|0000011|0000973|100.00|2009.06.11.23.22|
14|Pest                     |022|Csomád                   |0001027|0000001|0001028|0000000|0000349|0000349|+000000|0000001|0000348|100.00|2009.06.11.23.22|
14|Pest                     |023|Csömör                   |0006548|0000019|0006567|0000000|0002955|0002955|+000000|0000030|0002925|100.00|2009.06.11.23.22|
14|Pest                     |024|Csõvár                   |0000533|0000001|0000534|0000000|0000179|0000179|+000000|0000002|0000177|100.00|2009.06.11.23.22|
14|Pest                     |025|Dabas                    |0013129|0000010|0013139|0000000|0004395|0004396|+000001|0000021|0004375|100.00|2009.06.11.23.22|
14|Pest                     |026|Dánszentmiklós           |0002177|0000002|0002179|0000000|0000595|0000595|+000000|0000008|0000587|100.00|2009.06.11.23.22|
14|Pest                     |027|Dány                     |0003480|0000005|0003485|0000000|0001417|0001417|+000000|0000023|0001394|100.00|2009.06.11.23.22|
14|Pest                     |028|Délegyháza               |0002440|0000009|0002449|0000015|0000737|0000737|+000000|0000008|0000729|100.00|2009.06.11.23.22|
14|Pest                     |029|Diósd                    |0006163|0000026|0006189|0000000|0002917|0002917|+000000|0000014|0002903|100.00|2009.06.11.23.22|
14|Pest                     |030|Domony                   |0001614|0000004|0001618|0000000|0000629|0000629|+000000|0000007|0000622|100.00|2009.06.11.23.22|
14|Pest                     |031|Dömsöd                   |0004677|0000040|0004717|0000001|0001582|0001581|-000001|0000017|0001564|100.00|2009.06.11.23.22|
14|Pest                     |032|Dunabogdány              |0002521|0000018|0002539|0000000|0001184|0001184|+000000|0000012|0001172|100.00|2009.06.11.23.22|
14|Pest                     |033|Dunaharaszti             |0015308|0000018|0015326|0000000|0005776|0005773|-000003|0000034|0005739|100.00|2009.06.11.23.22|
14|Pest                     |034|Dunakeszi                |0029461|0000081|0029542|0000010|0012136|0012135|-000001|0000063|0012072|100.00|2009.06.11.23.22|
14|Pest                     |035|Dunavarsány              |0005571|0000014|0005585|0000002|0001704|0001704|+000000|0000013|0001691|100.00|2009.06.11.23.22|
14|Pest                     |036|Ecser                    |0002912|0000006|0002918|0000004|0001220|0001220|+000000|0000014|0001206|100.00|2009.06.11.23.22|
14|Pest                     |037|Erdõkertes               |0005660|0000005|0005665|0000001|0001733|0001732|-000001|0000016|0001716|100.00|2009.06.11.23.22|
14|Pest                     |038|Érd                      |0049418|0000106|0049524|0000008|0019782|0019772|-000010|0000130|0019642|100.00|2009.06.11.23.22|
14|Pest                     |039|Farmos                   |0002969|0000004|0002973|0000003|0000847|0000847|+000000|0000015|0000832|100.00|2009.06.11.23.22|
14|Pest                     |040|Felsõpakony              |0002509|0000006|0002515|0000001|0000805|0000805|+000000|0000003|0000802|100.00|2009.06.11.23.22|
14|Pest                     |041|Fót                      |0014524|0000022|0014546|0000009|0005372|0005372|+000000|0000023|0005349|100.00|2009.06.11.23.22|
14|Pest                     |042|Galgagyörk               |0000826|0000003|0000829|0000000|0000299|0000299|+000000|0000002|0000297|100.00|2009.06.11.23.22|
14|Pest                     |043|Galgahévíz               |0002048|0000002|0002050|0000000|0000703|0000703|+000000|0000013|0000690|100.00|2009.06.11.23.22|
14|Pest                     |044|Galgamácsa               |0001534|0000007|0001541|0000000|0000539|0000539|+000000|0000005|0000534|100.00|2009.06.11.23.22|
14|Pest                     |045|Gomba                    |0002308|0000002|0002310|0000000|0000679|0000679|+000000|0000007|0000672|100.00|2009.06.11.23.22|
14|Pest                     |046|Göd                      |0013511|0000052|0013563|0000013|0006256|0006255|-000001|0000031|0006224|100.00|2009.06.11.23.22|
14|Pest                     |047|Gödöllõ                  |0024556|0000097|0024653|0000006|0010713|0010712|-000001|0000048|0010664|100.00|2009.06.11.23.22|
14|Pest                     |048|Gyál                     |0017809|0000026|0017835|0000008|0005500|0005497|-000003|0000033|0005464|100.00|2009.06.11.23.22|
14|Pest                     |049|Gyömrõ                   |0012191|0000013|0012204|0000011|0004333|0004331|-000002|0000040|0004291|100.00|2009.06.11.23.22|
14|Pest                     |050|Halásztelek              |0006843|0000023|0006866|0000001|0002406|0002406|+000000|0000020|0002386|100.00|2009.06.11.23.22|
14|Pest                     |051|Herceghalom              |0001374|0000003|0001377|0000002|0000573|0000573|+000000|0000007|0000566|100.00|2009.06.11.23.22|
14|Pest                     |052|Hernád                   |0003183|0000000|0003183|0000001|0000763|0000762|-000001|0000008|0000754|100.00|2009.06.11.23.22|
14|Pest                     |053|Hévízgyörk               |0002488|0000003|0002491|0000000|0001040|0001040|+000000|0000007|0001033|100.00|2009.06.11.23.22|
14|Pest                     |054|Iklad                    |0001741|0000003|0001744|0000000|0000553|0000553|+000000|0000001|0000552|100.00|2009.06.11.23.22|
14|Pest                     |055|Inárcs                   |0003470|0000007|0003477|0000000|0001218|0001218|+000000|0000011|0001207|100.00|2009.06.11.23.22|
14|Pest                     |056|Ipolydamásd              |0000298|0000002|0000300|0000000|0000140|0000140|+000000|0000002|0000138|100.00|2009.06.11.23.22|
14|Pest                     |057|Ipolytölgyes             |0000221|0000002|0000223|0000000|0000091|0000091|+000000|0000001|0000090|100.00|2009.06.11.23.22|
14|Pest                     |058|Isaszeg                  |0008649|0000010|0008659|0000000|0002957|0002957|+000000|0000028|0002929|100.00|2009.06.11.23.22|
14|Pest                     |059|Jászkarajenõ             |0002222|0000001|0002223|0000000|0000537|0000537|+000000|0000020|0000517|100.00|2009.06.11.23.22|
14|Pest                     |060|Kakucs                   |0002190|0000002|0002192|0000000|0000707|0000706|-000001|0000004|0000702|100.00|2009.06.11.23.22|
14|Pest                     |061|Kartal                   |0004655|0000007|0004662|0000000|0001359|0001359|+000000|0000019|0001340|100.00|2009.06.11.23.22|
14|Pest                     |062|Káva                     |0000514|0000000|0000514|0000000|0000203|0000203|+000000|0000000|0000203|100.00|2009.06.11.23.22|
14|Pest                     |063|Kemence                  |0000854|0000004|0000858|0000000|0000392|0000391|-000001|0000009|0000382|100.00|2009.06.11.23.22|
14|Pest                     |064|Kerepes                  |0007662|0000025|0007687|0000003|0002957|0002957|+000000|0000018|0002939|100.00|2009.06.11.23.22|
14|Pest                     |065|Kiskunlacháza            |0007119|0000020|0007139|0000000|0002495|0002495|+000000|0000023|0002472|100.00|2009.06.11.23.22|
14|Pest                     |066|Kismaros                 |0001668|0000022|0001690|0000000|0000885|0000885|+000000|0000005|0000880|100.00|2009.06.11.23.22|
14|Pest                     |067|Kisnémedi                |0000563|0000003|0000566|0000000|0000193|0000193|+000000|0000003|0000190|100.00|2009.06.11.23.22|
14|Pest                     |068|Kisoroszi                |0000746|0000012|0000758|0000001|0000422|0000422|+000000|0000001|0000421|100.00|2009.06.11.23.22|
14|Pest                     |069|Kistarcsa                |0008746|0000017|0008763|0000000|0003498|0003498|+000000|0000029|0003469|100.00|2009.06.11.23.22|
14|Pest                     |070|Kocsér                   |0001549|0000004|0001553|0000000|0000538|0000538|+000000|0000006|0000532|100.00|2009.06.11.23.22|
14|Pest                     |071|Kosd                     |0001914|0000005|0001919|0000002|0000775|0000775|+000000|0000008|0000767|100.00|2009.06.11.23.22|
14|Pest                     |072|Kóka                     |0003507|0000006|0003513|0000000|0001062|0001062|+000000|0000007|0001055|100.00|2009.06.11.23.22|
14|Pest                     |073|Kóspallag                |0000562|0000004|0000566|0000000|0000219|0000219|+000000|0000002|0000217|100.00|2009.06.11.23.22|
14|Pest                     |074|Kõröstetétlen            |0000691|0000000|0000691|0000002|0000264|0000264|+000000|0000001|0000263|100.00|2009.06.11.23.22|
14|Pest                     |075|Leányfalu                |0002610|0000047|0002657|0000010|0001356|0001356|+000000|0000005|0001351|100.00|2009.06.11.23.22|
14|Pest                     |076|Letkés                   |0000884|0000001|0000885|0000000|0000347|0000346|-000001|0000008|0000338|100.00|2009.06.11.23.22|
14|Pest                     |077|Lórév                    |0000251|0000001|0000252|0000000|0000067|0000067|+000000|0000002|0000065|100.00|2009.06.11.23.22|
14|Pest                     |078|Maglód                   |0008624|0000010|0008634|0000000|0003089|0003087|-000002|0000036|0003051|100.00|2009.06.11.23.22|
14|Pest                     |079|Majosháza                |0001128|0000009|0001137|0000001|0000437|0000437|+000000|0000001|0000436|100.00|2009.06.11.23.22|
14|Pest                     |080|Makád                    |0001011|0000001|0001012|0000000|0000281|0000281|+000000|0000000|0000281|100.00|2009.06.11.23.22|
14|Pest                     |081|Márianosztra             |0000709|0000000|0000709|0000000|0000208|0000207|-000001|0000001|0000206|100.00|2009.06.11.23.22|
14|Pest                     |082|Mende                    |0003399|0000011|0003410|0000000|0001074|0001074|+000000|0000011|0001063|100.00|2009.06.11.23.22|
14|Pest                     |083|Mikebuda                 |0000590|0000006|0000596|0000000|0000148|0000148|+000000|0000003|0000145|100.00|2009.06.11.23.22|
14|Pest                     |084|Mogyoród                 |0004663|0000008|0004671|0000000|0002093|0002092|-000001|0000011|0002081|100.00|2009.06.11.23.22|
14|Pest                     |085|Monor                    |0014037|0000018|0014055|0000002|0005580|0005579|-000001|0000057|0005522|100.00|2009.06.11.23.22|
14|Pest                     |086|Nagybörzsöny             |0000604|0000005|0000609|0000000|0000216|0000216|+000000|0000007|0000209|100.00|2009.06.11.23.22|
14|Pest                     |087|Nagykáta                 |0010130|0000012|0010142|0000001|0003872|0003872|+000000|0000030|0003842|100.00|2009.06.11.23.22|
14|Pest                     |088|Nagykovácsi              |0004735|0000033|0004768|0000005|0002359|0002359|+000000|0000018|0002341|100.00|2009.06.11.23.22|
14|Pest                     |089|Nagykõrös                |0019504|0000018|0019522|0000002|0005863|0005862|-000001|0000051|0005811|100.00|2009.06.11.23.22|
14|Pest                     |090|Nagymaros                |0003798|0000038|0003836|0000000|0001821|0001820|-000001|0000012|0001808|100.00|2009.06.11.23.22|
14|Pest                     |091|Nagytarcsa               |0002700|0000008|0002708|0000003|0001134|0001133|-000001|0000006|0001127|100.00|2009.06.11.23.22|
14|Pest                     |092|Nyáregyháza              |0002983|0000004|0002987|0000003|0000807|0000807|+000000|0000010|0000797|100.00|2009.06.11.23.22|
14|Pest                     |093|Nyársapát                |0001434|0000000|0001434|0000000|0000329|0000329|+000000|0000003|0000326|100.00|2009.06.11.23.22|
14|Pest                     |094|Ócsa                     |0007088|0000005|0007093|0000004|0002409|0002407|-000002|0000017|0002390|100.00|2009.06.11.23.22|
14|Pest                     |095|Örkény                   |0003675|0000005|0003680|0000000|0001065|0001064|-000001|0000014|0001050|100.00|2009.06.11.23.22|
14|Pest                     |096|Õrbottyán                |0005177|0000018|0005195|0000003|0001875|0001875|+000000|0000010|0001865|100.00|2009.06.11.23.22|
14|Pest                     |097|Pánd                     |0001466|0000002|0001468|0000000|0000363|0000363|+000000|0000003|0000360|100.00|2009.06.11.23.22|
14|Pest                     |098|Páty                     |0004996|0000012|0005008|0000001|0002111|0002110|-000001|0000015|0002095|100.00|2009.06.11.23.22|
14|Pest                     |099|Penc                     |0001161|0000002|0001163|0000000|0000382|0000382|+000000|0000008|0000374|100.00|2009.06.11.23.22|
14|Pest                     |100|Perbál                   |0001623|0000004|0001627|0000002|0000613|0000613|+000000|0000002|0000611|100.00|2009.06.11.23.22|
14|Pest                     |101|Perõcsény                |0000310|0000001|0000311|0000000|0000155|0000155|+000000|0000000|0000155|100.00|2009.06.11.23.22|
14|Pest                     |102|Pécel                    |0011249|0000021|0011270|0000008|0004280|0004279|-000001|0000027|0004252|100.00|2009.06.11.23.22|
14|Pest                     |103|Péteri                   |0001634|0000006|0001640|0000000|0000539|0000539|+000000|0000003|0000536|100.00|2009.06.11.23.22|
14|Pest                     |104|Pilis                    |0008877|0000010|0008887|0000003|0002294|0002294|+000000|0000015|0002279|100.00|2009.06.11.23.22|
14|Pest                     |105|Pilisborosjenõ           |0002687|0000009|0002696|0000000|0001359|0001359|+000000|0000007|0001352|100.00|2009.06.11.23.22|
14|Pest                     |106|Piliscsaba               |0005395|0000057|0005452|0000006|0002326|0002324|-000002|0000007|0002317|100.00|2009.06.11.23.22|
14|Pest                     |107|Pilisjászfalu            |0001026|0000000|0001026|0000000|0000319|0000319|+000000|0000000|0000319|100.00|2009.06.11.23.22|
14|Pest                     |108|Pilisszántó              |0001932|0000013|0001945|0000000|0000786|0000786|+000000|0000004|0000782|100.00|2009.06.11.23.22|
14|Pest                     |109|Pilisszentiván           |0003390|0000005|0003395|0000001|0001651|0001651|+000000|0000011|0001640|100.00|2009.06.11.23.22|
14|Pest                     |110|Pilisszentkereszt        |0001744|0000018|0001762|0000004|0000792|0000792|+000000|0000009|0000783|100.00|2009.06.11.23.22|
14|Pest                     |111|Pilisszentlászló         |0000843|0000003|0000846|0000000|0000354|0000354|+000000|0000006|0000348|100.00|2009.06.11.23.22|
14|Pest                     |112|Pilisvörösvár            |0010801|0000028|0010829|0000001|0004541|0004541|+000000|0000028|0004513|100.00|2009.06.11.23.22|
14|Pest                     |113|Pomáz                    |0012781|0000030|0012811|0000008|0005605|0005602|-000003|0000039|0005563|100.00|2009.06.11.23.22|
14|Pest                     |114|Pócsmegyer               |0001422|0000027|0001449|0000000|0000696|0000696|+000000|0000006|0000690|100.00|2009.06.11.23.22|
14|Pest                     |115|Pusztavacs               |0001160|0000002|0001162|0000000|0000336|0000336|+000000|0000001|0000335|100.00|2009.06.11.23.22|
14|Pest                     |116|Pusztazámor              |0000841|0000005|0000846|0000000|0000328|0000328|+000000|0000003|0000325|100.00|2009.06.11.23.22|
14|Pest                     |117|Püspökhatvan             |0001175|0000001|0001176|0000000|0000462|0000462|+000000|0000002|0000460|100.00|2009.06.11.23.22|
14|Pest                     |118|Püspökszilágy            |0000616|0000004|0000620|0000000|0000247|0000247|+000000|0000002|0000245|100.00|2009.06.11.23.22|
14|Pest                     |119|Ráckeve                  |0007650|0000049|0007699|0000002|0002768|0002766|-000002|0000026|0002740|100.00|2009.06.11.23.22|
14|Pest                     |120|Rád                      |0001431|0000001|0001432|0000000|0000576|0000576|+000000|0000003|0000573|100.00|2009.06.11.23.22|
14|Pest                     |121|Solymár                  |0007692|0000026|0007718|0000000|0004286|0004286|+000000|0000016|0004270|100.00|2009.06.11.23.22|
14|Pest                     |122|Sóskút                   |0002390|0000011|0002401|0000004|0000921|0000921|+000000|0000008|0000913|100.00|2009.06.11.23.22|
14|Pest                     |123|Sülysáp                  |0006411|0000006|0006417|0000000|0002250|0002249|-000001|0000015|0002234|100.00|2009.06.11.23.22|
14|Pest                     |124|Szada                    |0003194|0000015|0003209|0000000|0001259|0001258|-000001|0000010|0001248|100.00|2009.06.11.23.22|
14|Pest                     |125|Százhalombatta           |0014354|0000019|0014373|0000002|0005202|0005202|+000000|0000028|0005174|100.00|2009.06.11.23.22|
14|Pest                     |126|Szentendre               |0019655|0000090|0019745|0000027|0009228|0009224|-000004|0000062|0009162|100.00|2009.06.11.23.22|
14|Pest                     |127|Szentlõrinckáta          |0001555|0000000|0001555|0000000|0000403|0000403|+000000|0000002|0000401|100.00|2009.06.11.23.22|
14|Pest                     |128|Szentmártonkáta          |0003943|0000006|0003949|0000000|0001072|0001071|-000001|0000011|0001060|100.00|2009.06.11.23.22|
14|Pest                     |129|Szigetbecse              |0001089|0000004|0001093|0000000|0000440|0000440|+000000|0000003|0000437|100.00|2009.06.11.23.22|
14|Pest                     |130|Szigetcsép               |0001933|0000006|0001939|0000000|0000665|0000664|-000001|0000003|0000661|100.00|2009.06.11.23.22|
14|Pest                     |131|Szigethalom              |0013017|0000020|0013037|0000002|0003837|0003836|-000001|0000030|0003806|100.00|2009.06.11.23.22|
14|Pest                     |132|Szigetmonostor           |0001794|0000036|0001830|0000000|0000813|0000812|-000001|0000001|0000811|100.00|2009.06.11.23.22|
14|Pest                     |133|Szigetszentmárton        |0001754|0000007|0001761|0000000|0000645|0000645|+000000|0000006|0000639|100.00|2009.06.11.23.22|
14|Pest                     |134|Szigetszentmiklós        |0025133|0000047|0025180|0000010|0008788|0008786|-000002|0000060|0008726|100.00|2009.06.11.23.22|
14|Pest                     |135|Szigetújfalu             |0001787|0000003|0001790|0000000|0000580|0000580|+000000|0000015|0000565|100.00|2009.06.11.23.22|
14|Pest                     |136|Szob                     |0002267|0000005|0002272|0000000|0000840|0000839|-000001|0000001|0000838|100.00|2009.06.11.23.22|
14|Pest                     |137|Szokolya                 |0001411|0000003|0001414|0000000|0000459|0000459|+000000|0000000|0000459|100.00|2009.06.11.23.22|
14|Pest                     |138|Szõd                     |0002706|0000007|0002713|0000000|0001062|0001062|+000000|0000003|0001059|100.00|2009.06.11.23.22|
14|Pest                     |139|Szõdliget                |0003492|0000021|0003513|0000000|0001580|0001579|-000001|0000014|0001565|100.00|2009.06.11.23.22|
14|Pest                     |140|Tahitótfalu              |0004243|0000028|0004271|0000000|0001822|0001822|+000000|0000009|0001813|100.00|2009.06.11.23.22|
14|Pest                     |141|Taksony                  |0004965|0000015|0004980|0000002|0001677|0001675|-000002|0000014|0001661|100.00|2009.06.11.23.22|
14|Pest                     |142|Tatárszentgyörgy         |0001415|0000000|0001415|0000002|0000402|0000402|+000000|0000001|0000401|100.00|2009.06.11.23.22|
14|Pest                     |143|Táborfalva               |0002695|0000005|0002700|0000001|0000700|0000701|+000001|0000014|0000687|100.00|2009.06.11.23.22|
14|Pest                     |144|Tápióbicske              |0002736|0000005|0002741|0000000|0000879|0000879|+000000|0000007|0000872|100.00|2009.06.11.23.22|
14|Pest                     |145|Tápiógyörgye             |0002797|0000001|0002798|0000000|0000863|0000863|+000000|0000016|0000847|100.00|2009.06.11.23.22|
14|Pest                     |146|Tápióság                 |0002168|0000003|0002171|0000002|0000750|0000750|+000000|0000009|0000741|100.00|2009.06.11.23.22|
14|Pest                     |147|Tápiószecsõ              |0004999|0000010|0005009|0000000|0001641|0001640|-000001|0000009|0001631|100.00|2009.06.11.23.22|
14|Pest                     |148|Tápiószele               |0004716|0000011|0004727|0000000|0001134|0001135|+000001|0000020|0001115|100.00|2009.06.11.23.22|
14|Pest                     |149|Tápiószentmárton         |0004451|0000015|0004466|0000001|0001685|0001685|+000000|0000015|0001670|100.00|2009.06.11.23.22|
14|Pest                     |150|Tápiószõlõs              |0002464|0000010|0002474|0000001|0000706|0000706|+000000|0000005|0000701|100.00|2009.06.11.23.22|
14|Pest                     |151|Tárnok                   |0006854|0000021|0006875|0000000|0002728|0002728|+000000|0000019|0002709|100.00|2009.06.11.23.22|
14|Pest                     |152|Telki                    |0002235|0000012|0002247|0000000|0001324|0001324|+000000|0000004|0001320|100.00|2009.06.11.23.22|
14|Pest                     |153|Tésa                     |0000086|0000000|0000086|0000000|0000038|0000038|+000000|0000001|0000037|100.00|2009.06.11.23.22|
14|Pest                     |154|Tinnye                   |0001155|0000001|0001156|0000002|0000377|0000377|+000000|0000004|0000373|100.00|2009.06.11.23.22|
14|Pest                     |155|Tóalmás                  |0002709|0000005|0002714|0000001|0000815|0000815|+000000|0000009|0000806|100.00|2009.06.11.23.22|
14|Pest                     |156|Tök                      |0001071|0000006|0001077|0000000|0000459|0000459|+000000|0000003|0000456|100.00|2009.06.11.23.22|
14|Pest                     |157|Tököl                    |0007741|0000009|0007750|0000002|0002435|0002435|+000000|0000022|0002413|100.00|2009.06.11.23.22|
14|Pest                     |158|Törökbálint              |0009871|0000034|0009905|0000013|0004430|0004428|-000002|0000028|0004400|100.00|2009.06.11.23.22|
14|Pest                     |159|Törtel                   |0003459|0000001|0003460|0000000|0000972|0000972|+000000|0000008|0000964|100.00|2009.06.11.23.22|
14|Pest                     |160|Tura                     |0006372|0000005|0006377|0000003|0001883|0001883|+000000|0000016|0001867|100.00|2009.06.11.23.22|
14|Pest                     |161|Újhartyán                |0002230|0000003|0002233|0000002|0001009|0001009|+000000|0000008|0001001|100.00|2009.06.11.23.22|
14|Pest                     |162|Újlengyel                |0001428|0000005|0001433|0000000|0000634|0000634|+000000|0000004|0000630|100.00|2009.06.11.23.22|
14|Pest                     |163|Újszilvás                |0002138|0000002|0002140|0000000|0000608|0000608|+000000|0000011|0000597|100.00|2009.06.11.23.22|
14|Pest                     |164|Úri                      |0002086|0000002|0002088|0000000|0000840|0000840|+000000|0000005|0000835|100.00|2009.06.11.23.22|
14|Pest                     |165|Üllõ                     |0008582|0000011|0008593|0000000|0002650|0002650|+000000|0000019|0002631|100.00|2009.06.11.23.22|
14|Pest                     |166|Üröm                     |0005040|0000015|0005055|0000001|0002360|0002357|-000003|0000018|0002339|100.00|2009.06.11.23.22|
14|Pest                     |167|Valkó                    |0001883|0000004|0001887|0000000|0000463|0000463|+000000|0000012|0000451|100.00|2009.06.11.23.22|
14|Pest                     |168|Vasad                    |0001381|0000001|0001382|0000000|0000462|0000462|+000000|0000009|0000453|100.00|2009.06.11.23.22|
14|Pest                     |169|Vác                      |0027183|0000068|0027251|0000000|0011896|0011895|-000001|0000058|0011837|100.00|2009.06.11.23.22|
14|Pest                     |170|Vácduka                  |0000924|0000001|0000925|0000000|0000411|0000411|+000000|0000002|0000409|100.00|2009.06.11.23.22|
14|Pest                     |171|Vácegres                 |0000646|0000000|0000646|0000002|0000227|0000227|+000000|0000002|0000225|100.00|2009.06.11.23.22|
14|Pest                     |172|Váchartyán               |0001437|0000001|0001438|0000000|0000584|0000584|+000000|0000010|0000574|100.00|2009.06.11.23.22|
14|Pest                     |173|Váckisújfalu             |0000392|0000003|0000395|0000000|0000151|0000151|+000000|0000001|0000150|100.00|2009.06.11.23.22|
14|Pest                     |174|Vácrátót                 |0001379|0000006|0001385|0000000|0000498|0000498|+000000|0000009|0000489|100.00|2009.06.11.23.22|
14|Pest                     |175|Vácszentlászló           |0001646|0000005|0001651|0000000|0000503|0000502|-000001|0000008|0000494|100.00|2009.06.11.23.22|
14|Pest                     |176|Vámosmikola              |0001267|0000003|0001270|0000001|0000443|0000443|+000000|0000010|0000433|100.00|2009.06.11.23.22|
14|Pest                     |177|Vecsés                   |0015932|0000027|0015959|0000007|0005964|0005964|+000000|0000051|0005913|100.00|2009.06.11.23.22|
14|Pest                     |178|Veresegyház              |0011198|0000043|0011241|0000008|0004492|0004492|+000000|0000036|0004456|100.00|2009.06.11.23.22|
14|Pest                     |179|Verõce                   |0002719|0000028|0002747|0000000|0001324|0001324|+000000|0000012|0001312|100.00|2009.06.11.23.22|
14|Pest                     |180|Verseg                   |0001133|0000001|0001134|0000005|0000313|0000312|-000001|0000008|0000304|100.00|2009.06.11.23.22|
14|Pest                     |181|Visegrád                 |0001373|0000058|0001431|0000001|0000743|0000743|+000000|0000009|0000734|100.00|2009.06.11.23.22|
14|Pest                     |182|Zebegény                 |0001031|0000029|0001060|0000001|0000545|0000545|+000000|0000002|0000543|100.00|2009.06.11.23.22|
14|Pest                     |183|Zsámbék                  |0003826|0000014|0003840|0000010|0001714|0001713|-000001|0000014|0001699|100.00|2009.06.11.23.22|
14|Pest                     |184|Zsámbok                  |0001944|0000003|0001947|0000003|0000598|0000598|+000000|0000010|0000588|100.00|2009.06.11.23.22|
14|Pest                     |185|Csörög                   |0001445|0000003|0001448|0000000|0000407|0000407|+000000|0000000|0000407|100.00|2009.06.11.23.22|
14|Pest                     |186|Remeteszõlõs             |0000473|0000005|0000478|0000000|0000270|0000270|+000000|0000001|0000269|100.00|2009.06.11.23.22|
14|Pest                     |187|Monorierdõ               |0003254|0000004|0003258|0000000|0000931|0000930|-000001|0000015|0000915|100.00|2009.06.11.23.22|
15|Somogy                   |001|Alsóbogát                |0000216|0000001|0000217|0000000|0000086|0000086|+000000|0000000|0000086|100.00|2009.06.11.23.22|
15|Somogy                   |002|Andocs                   |0000861|0000002|0000863|0000000|0000199|0000199|+000000|0000006|0000193|100.00|2009.06.11.23.22|
15|Somogy                   |003|Ádánd                    |0001798|0000008|0001806|0000000|0000401|0000401|+000000|0000001|0000400|100.00|2009.06.11.23.22|
15|Somogy                   |004|Babócsa                  |0001335|0000001|0001336|0000000|0000274|0000274|+000000|0000003|0000271|100.00|2009.06.11.23.22|
15|Somogy                   |005|Bakháza                  |0000155|0000000|0000155|0000000|0000040|0000040|+000000|0000000|0000040|100.00|2009.06.11.23.22|
15|Somogy                   |006|Balatonberény            |0000950|0000020|0000970|0000001|0000345|0000345|+000000|0000003|0000342|100.00|2009.06.11.23.22|
15|Somogy                   |007|Balatonboglár            |0005048|0000081|0005129|0000008|0002032|0002032|+000000|0000010|0002022|100.00|2009.06.11.23.22|
15|Somogy                   |008|Balatonendréd            |0001128|0000004|0001132|0000004|0000372|0000372|+000000|0000007|0000365|100.00|2009.06.11.23.22|
15|Somogy                   |009|Balatonfenyves           |0001822|0000161|0001983|0000000|0000825|0000825|+000000|0000005|0000820|100.00|2009.06.11.23.22|
15|Somogy                   |010|Balatonföldvár           |0001997|0000108|0002105|0000000|0000954|0000954|+000000|0000007|0000947|100.00|2009.06.11.23.22|
15|Somogy                   |011|Balatonkeresztúr         |0001410|0000036|0001446|0000000|0000528|0000528|+000000|0000004|0000524|100.00|2009.06.11.23.22|
15|Somogy                   |012|Balatonlelle             |0004275|0000160|0004435|0000000|0001891|0001891|+000000|0000005|0001886|100.00|2009.06.11.23.22|
15|Somogy                   |013|Balatonmáriafürdõ        |0000596|0000040|0000636|0000000|0000277|0000277|+000000|0000000|0000277|100.00|2009.06.11.23.22|
15|Somogy                   |014|Balatonõszöd             |0000442|0000014|0000456|0000000|0000220|0000220|+000000|0000003|0000217|100.00|2009.06.11.23.22|
15|Somogy                   |015|Balatonszabadi           |0002415|0000022|0002437|0000000|0000752|0000752|+000000|0000004|0000748|100.00|2009.06.11.23.22|
15|Somogy                   |016|Balatonszárszó           |0001823|0000076|0001899|0000000|0000896|0000896|+000000|0000005|0000891|100.00|2009.06.11.23.22|
15|Somogy                   |017|Balatonszemes            |0001509|0000104|0001613|0000001|0000749|0000749|+000000|0000002|0000747|100.00|2009.06.11.23.22|
15|Somogy                   |018|Balatonszentgyörgy       |0001332|0000002|0001334|0000001|0000497|0000495|-000002|0000005|0000490|100.00|2009.06.11.23.22|
15|Somogy                   |019|Balatonújlak             |0000440|0000001|0000441|0000000|0000152|0000152|+000000|0000002|0000150|100.00|2009.06.11.23.22|
15|Somogy                   |020|Barcs                    |0009356|0000011|0009367|0000000|0002853|0002853|+000000|0000016|0002837|100.00|2009.06.11.23.22|
15|Somogy                   |021|Baté                     |0000678|0000000|0000678|0000000|0000207|0000207|+000000|0000002|0000205|100.00|2009.06.11.23.22|
15|Somogy                   |022|Bábonymegyer             |0000669|0000000|0000669|0000000|0000116|0000116|+000000|0000001|0000115|100.00|2009.06.11.23.22|
15|Somogy                   |023|Bálványos                |0000462|0000004|0000466|0000000|0000087|0000087|+000000|0000000|0000087|100.00|2009.06.11.23.22|
15|Somogy                   |024|Bárdudvarnok             |0000944|0000004|0000948|0000001|0000324|0000324|+000000|0000006|0000318|100.00|2009.06.11.23.22|
15|Somogy                   |025|Bedegkér                 |0000368|0000000|0000368|0000000|0000075|0000075|+000000|0000003|0000072|100.00|2009.06.11.23.22|
15|Somogy                   |026|Beleg                    |0000476|0000000|0000476|0000001|0000110|0000110|+000000|0000000|0000110|100.00|2009.06.11.23.22|
15|Somogy                   |027|Berzence                 |0002007|0000002|0002009|0000000|0000601|0000601|+000000|0000005|0000596|100.00|2009.06.11.23.22|
15|Somogy                   |028|Bélavár                  |0000332|0000000|0000332|0000000|0000097|0000097|+000000|0000001|0000096|100.00|2009.06.11.23.22|
15|Somogy                   |029|Bodrog                   |0000356|0000000|0000356|0000000|0000108|0000108|+000000|0000000|0000108|100.00|2009.06.11.23.22|
15|Somogy                   |030|Bolhás                   |0000386|0000001|0000387|0000000|0000102|0000102|+000000|0000004|0000098|100.00|2009.06.11.23.22|
15|Somogy                   |031|Bolhó                    |0000618|0000000|0000618|0000001|0000162|0000162|+000000|0000002|0000160|100.00|2009.06.11.23.22|
15|Somogy                   |032|Bonnya                   |0000230|0000001|0000231|0000000|0000070|0000070|+000000|0000000|0000070|100.00|2009.06.11.23.22|
15|Somogy                   |033|Böhönye                  |0001891|0000001|0001892|0000004|0000384|0000384|+000000|0000003|0000381|100.00|2009.06.11.23.22|
15|Somogy                   |034|Bõszénfa                 |0000436|0000000|0000436|0000000|0000129|0000129|+000000|0000001|0000128|100.00|2009.06.11.23.22|
15|Somogy                   |035|Buzsák                   |0001153|0000005|0001158|0000000|0000287|0000287|+000000|0000001|0000286|100.00|2009.06.11.23.22|
15|Somogy                   |036|Büssü                    |0000248|0000001|0000249|0000000|0000068|0000068|+000000|0000000|0000068|100.00|2009.06.11.23.22|
15|Somogy                   |037|Csákány                  |0000205|0000000|0000205|0000000|0000050|0000050|+000000|0000001|0000049|100.00|2009.06.11.23.22|
15|Somogy                   |038|Cserénfa                 |0000189|0000000|0000189|0000000|0000094|0000094|+000000|0000001|0000093|100.00|2009.06.11.23.22|
15|Somogy                   |039|Csokonyavisonta          |0001262|0000001|0001263|0000000|0000360|0000360|+000000|0000010|0000350|100.00|2009.06.11.23.22|
15|Somogy                   |040|Csoma                    |0000404|0000000|0000404|0000000|0000138|0000138|+000000|0000002|0000136|100.00|2009.06.11.23.22|
15|Somogy                   |041|Csombárd                 |0000226|0000001|0000227|0000000|0000101|0000101|+000000|0000001|0000100|100.00|2009.06.11.23.22|
15|Somogy                   |042|Csököly                  |0000799|0000000|0000799|0000002|0000340|0000340|+000000|0000006|0000334|100.00|2009.06.11.23.22|
15|Somogy                   |043|Csömend                  |0000257|0000000|0000257|0000000|0000077|0000077|+000000|0000002|0000075|100.00|2009.06.11.23.22|
15|Somogy                   |044|Csurgó                   |0004413|0000010|0004423|0000004|0001370|0001370|+000000|0000004|0001366|100.00|2009.06.11.23.22|
15|Somogy                   |045|Csurgónagymarton         |0000141|0000000|0000141|0000000|0000059|0000059|+000000|0000000|0000059|100.00|2009.06.11.23.22|
15|Somogy                   |046|Darány                   |0000738|0000000|0000738|0000000|0000186|0000186|+000000|0000004|0000182|100.00|2009.06.11.23.22|
15|Somogy                   |047|Drávagárdony             |0000115|0000001|0000116|0000000|0000042|0000042|+000000|0000001|0000041|100.00|2009.06.11.23.22|
15|Somogy                   |048|Drávatamási              |0000206|0000000|0000206|0000000|0000075|0000075|+000000|0000001|0000074|100.00|2009.06.11.23.22|
15|Somogy                   |049|Ecseny                   |0000187|0000001|0000188|0000002|0000059|0000060|+000001|0000006|0000054|100.00|2009.06.11.23.22|
15|Somogy                   |050|Edde                     |0000161|0000000|0000161|0000000|0000052|0000052|+000000|0000001|0000051|100.00|2009.06.11.23.22|
15|Somogy                   |051|Felsõmocsolád            |0000395|0000001|0000396|0000000|0000112|0000112|+000000|0000001|0000111|100.00|2009.06.11.23.22|
15|Somogy                   |052|Fiad                     |0000133|0000000|0000133|0000000|0000029|0000029|+000000|0000000|0000029|100.00|2009.06.11.23.22|
15|Somogy                   |053|Fonó                     |0000265|0000000|0000265|0000000|0000082|0000082|+000000|0000003|0000079|100.00|2009.06.11.23.22|
15|Somogy                   |054|Fonyód                   |0004373|0000148|0004521|0000000|0001752|0001752|+000000|0000010|0001742|100.00|2009.06.11.23.22|
15|Somogy                   |055|Fõnyed                   |0000073|0000000|0000073|0000000|0000025|0000025|+000000|0000000|0000025|100.00|2009.06.11.23.22|
15|Somogy                   |056|Gadács                   |0000095|0000000|0000095|0000001|0000036|0000036|+000000|0000000|0000036|100.00|2009.06.11.23.22|
15|Somogy                   |057|Gadány                   |0000295|0000003|0000298|0000000|0000094|0000094|+000000|0000002|0000092|100.00|2009.06.11.23.22|
15|Somogy                   |058|Gamás                    |0000635|0000000|0000635|0000000|0000144|0000143|-000001|0000001|0000142|100.00|2009.06.11.23.22|
15|Somogy                   |059|Gálosfa                  |0000277|0000000|0000277|0000000|0000067|0000067|+000000|0000002|0000065|100.00|2009.06.11.23.22|
15|Somogy                   |060|Gige                     |0000262|0000000|0000262|0000000|0000071|0000071|+000000|0000000|0000071|100.00|2009.06.11.23.22|
15|Somogy                   |061|Gölle                    |0000831|0000000|0000831|0000000|0000271|0000271|+000000|0000004|0000267|100.00|2009.06.11.23.22|
15|Somogy                   |062|Görgeteg                 |0000907|0000001|0000908|0000000|0000283|0000283|+000000|0000000|0000283|100.00|2009.06.11.23.22|
15|Somogy                   |063|Gyékényes                |0000853|0000002|0000855|0000001|0000262|0000262|+000000|0000000|0000262|100.00|2009.06.11.23.22|
15|Somogy                   |064|Gyugy                    |0000209|0000001|0000210|0000000|0000065|0000065|+000000|0000000|0000065|100.00|2009.06.11.23.22|
15|Somogy                   |065|Hajmás                   |0000177|0000000|0000177|0000000|0000067|0000067|+000000|0000000|0000067|100.00|2009.06.11.23.22|
15|Somogy                   |066|Hács                     |0000312|0000000|0000312|0000000|0000095|0000095|+000000|0000002|0000093|100.00|2009.06.11.23.22|
15|Somogy                   |067|Háromfa                  |0000629|0000000|0000629|0000000|0000157|0000157|+000000|0000000|0000157|100.00|2009.06.11.23.22|
15|Somogy                   |068|Hedrehely                |0000365|0000000|0000365|0000000|0000088|0000088|+000000|0000004|0000084|100.00|2009.06.11.23.22|
15|Somogy                   |069|Hencse                   |0000300|0000000|0000300|0000000|0000082|0000082|+000000|0000000|0000082|100.00|2009.06.11.23.22|
15|Somogy                   |070|Heresznye                |0000219|0000000|0000219|0000000|0000073|0000073|+000000|0000002|0000071|100.00|2009.06.11.23.22|
15|Somogy                   |071|Hetes                    |0000955|0000000|0000955|0000000|0000287|0000287|+000000|0000004|0000283|100.00|2009.06.11.23.22|
15|Somogy                   |072|Hollád                   |0000215|0000000|0000215|0000000|0000067|0000067|+000000|0000001|0000066|100.00|2009.06.11.23.22|
15|Somogy                   |073|Homokszentgyörgy         |0000898|0000000|0000898|0000000|0000168|0000168|+000000|0000000|0000168|100.00|2009.06.11.23.22|
15|Somogy                   |074|Hosszúviz                |0000042|0000000|0000042|0000000|0000017|0000017|+000000|0000000|0000017|100.00|2009.06.11.23.22|
15|Somogy                   |075|Igal                     |0001014|0000015|0001029|0000000|0000351|0000351|+000000|0000003|0000348|100.00|2009.06.11.23.22|
15|Somogy                   |076|Iharos                   |0000400|0000001|0000401|0000000|0000071|0000071|+000000|0000000|0000071|100.00|2009.06.11.23.22|
15|Somogy                   |077|Iharosberény             |0001028|0000001|0001029|0000000|0000206|0000206|+000000|0000004|0000202|100.00|2009.06.11.23.22|
15|Somogy                   |078|Inke                     |0000938|0000000|0000938|0000000|0000181|0000181|+000000|0000002|0000179|100.00|2009.06.11.23.22|
15|Somogy                   |079|Istvándi                 |0000401|0000001|0000402|0000000|0000072|0000072|+000000|0000000|0000072|100.00|2009.06.11.23.22|
15|Somogy                   |080|Jákó                     |0000525|0000002|0000527|0000005|0000096|0000096|+000000|0000001|0000095|100.00|2009.06.11.23.22|
15|Somogy                   |081|Juta                     |0001010|0000001|0001011|0000000|0000393|0000393|+000000|0000002|0000391|100.00|2009.06.11.23.22|
15|Somogy                   |082|Kadarkút                 |0002102|0000001|0002103|0000002|0000540|0000540|+000000|0000003|0000537|100.00|2009.06.11.23.22|
15|Somogy                   |083|Kapoly                   |0000561|0000003|0000564|0000000|0000111|0000111|+000000|0000000|0000111|100.00|2009.06.11.23.22|
15|Somogy                   |084|Kaposfõ                  |0001401|0000001|0001402|0000000|0000470|0000470|+000000|0000001|0000469|100.00|2009.06.11.23.22|
15|Somogy                   |085|Kaposgyarmat             |0000098|0000000|0000098|0000000|0000048|0000048|+000000|0000001|0000047|100.00|2009.06.11.23.22|
15|Somogy                   |086|Kaposhomok               |0000379|0000002|0000381|0000000|0000119|0000119|+000000|0000002|0000117|100.00|2009.06.11.23.22|
15|Somogy                   |087|Kaposkeresztúr           |0000244|0000000|0000244|0000000|0000072|0000072|+000000|0000002|0000070|100.00|2009.06.11.23.22|
15|Somogy                   |088|Kaposmérõ                |0002065|0000000|0002065|0000000|0000735|0000735|+000000|0000007|0000728|100.00|2009.06.11.23.22|
15|Somogy                   |089|Kaposszerdahely          |0000823|0000000|0000823|0000000|0000303|0000303|+000000|0000001|0000302|100.00|2009.06.11.23.22|
15|Somogy                   |090|Kaposújlak               |0000599|0000000|0000599|0000000|0000202|0000202|+000000|0000001|0000201|100.00|2009.06.11.23.22|
15|Somogy                   |091|Kaposvár                 |0054341|0000111|0054452|0000047|0020499|0020492|-000007|0000139|0020353|100.00|2009.06.11.23.22|
15|Somogy                   |092|Karád                    |0001303|0000002|0001305|0000003|0000381|0000381|+000000|0000004|0000377|100.00|2009.06.11.23.22|
15|Somogy                   |093|Kastélyosdombó           |0000194|0000000|0000194|0000000|0000059|0000059|+000000|0000000|0000059|100.00|2009.06.11.23.22|
15|Somogy                   |094|Kaszó                    |0000110|0000000|0000110|0000000|0000042|0000042|+000000|0000001|0000041|100.00|2009.06.11.23.22|
15|Somogy                   |095|Kazsok                   |0000248|0000001|0000249|0000000|0000038|0000038|+000000|0000001|0000037|100.00|2009.06.11.23.22|
15|Somogy                   |096|Kálmáncsa                |0000530|0000001|0000531|0000000|0000098|0000098|+000000|0000003|0000095|100.00|2009.06.11.23.22|
15|Somogy                   |097|Kánya                    |0000383|0000002|0000385|0000001|0000087|0000087|+000000|0000000|0000087|100.00|2009.06.11.23.22|
15|Somogy                   |098|Kára                     |0000053|0000000|0000053|0000000|0000030|0000030|+000000|0000001|0000029|100.00|2009.06.11.23.22|
15|Somogy                   |099|Keleviz                  |0000263|0000000|0000263|0000000|0000061|0000061|+000000|0000002|0000059|100.00|2009.06.11.23.22|
15|Somogy                   |100|Kercseliget              |0000336|0000000|0000336|0000000|0000079|0000079|+000000|0000001|0000078|100.00|2009.06.11.23.22|
15|Somogy                   |101|Kereki                   |0000472|0000005|0000477|0000000|0000150|0000150|+000000|0000004|0000146|100.00|2009.06.11.23.22|
15|Somogy                   |102|Kéthely                  |0001835|0000001|0001836|0000003|0000604|0000603|-000001|0000005|0000598|100.00|2009.06.11.23.22|
15|Somogy                   |103|Kisasszond               |0000134|0000000|0000134|0000000|0000039|0000039|+000000|0000000|0000039|100.00|2009.06.11.23.22|
15|Somogy                   |104|Kisbajom                 |0000302|0000001|0000303|0000000|0000092|0000092|+000000|0000000|0000092|100.00|2009.06.11.23.22|
15|Somogy                   |105|Kisbárapáti              |0000388|0000001|0000389|0000000|0000093|0000093|+000000|0000001|0000092|100.00|2009.06.11.23.22|
15|Somogy                   |106|Kisberény                |0000117|0000000|0000117|0000000|0000040|0000040|+000000|0000000|0000040|100.00|2009.06.11.23.22|
15|Somogy                   |107|Kisgyalán                |0000169|0000000|0000169|0000000|0000049|0000049|+000000|0000001|0000048|100.00|2009.06.11.23.22|
15|Somogy                   |108|Kiskorpád                |0000712|0000003|0000715|0000000|0000245|0000245|+000000|0000001|0000244|100.00|2009.06.11.23.22|
15|Somogy                   |109|Komlósd                  |0000166|0000000|0000166|0000000|0000072|0000072|+000000|0000001|0000071|100.00|2009.06.11.23.22|
15|Somogy                   |110|Kötcse                   |0000432|0000004|0000436|0000000|0000153|0000153|+000000|0000000|0000153|100.00|2009.06.11.23.22|
15|Somogy                   |111|Kõkút                    |0000445|0000000|0000445|0000000|0000100|0000100|+000000|0000004|0000096|100.00|2009.06.11.23.22|
15|Somogy                   |112|Kõröshegy                |0001190|0000008|0001198|0000001|0000422|0000422|+000000|0000001|0000421|100.00|2009.06.11.23.22|
15|Somogy                   |113|Kutas                    |0001196|0000000|0001196|0000000|0000292|0000292|+000000|0000004|0000288|100.00|2009.06.11.23.22|
15|Somogy                   |114|Lad                      |0000513|0000000|0000513|0000000|0000134|0000134|+000000|0000001|0000133|100.00|2009.06.11.23.22|
15|Somogy                   |115|Lakócsa                  |0000453|0000000|0000453|0000000|0000056|0000056|+000000|0000000|0000056|100.00|2009.06.11.23.22|
15|Somogy                   |116|Lábod                    |0001703|0000002|0001705|0000000|0000441|0000441|+000000|0000006|0000435|100.00|2009.06.11.23.22|
15|Somogy                   |117|Látrány                  |0001103|0000000|0001103|0000000|0000319|0000319|+000000|0000003|0000316|100.00|2009.06.11.23.22|
15|Somogy                   |118|Lengyeltóti              |0002537|0000002|0002539|0000000|0000744|0000744|+000000|0000002|0000742|100.00|2009.06.11.23.22|
15|Somogy                   |119|Libickozma               |0000033|0000000|0000033|0000000|0000018|0000018|+000000|0000000|0000018|100.00|2009.06.11.23.22|
15|Somogy                   |120|Lulla                    |0000180|0000004|0000184|0000000|0000082|0000082|+000000|0000004|0000078|100.00|2009.06.11.23.22|
15|Somogy                   |121|Magyaratád               |0000741|0000001|0000742|0000000|0000235|0000235|+000000|0000002|0000233|100.00|2009.06.11.23.22|
15|Somogy                   |122|Magyaregres              |0000499|0000000|0000499|0000000|0000142|0000142|+000000|0000002|0000140|100.00|2009.06.11.23.22|
15|Somogy                   |123|Marcali                  |0009924|0000004|0009928|0000005|0003127|0003127|+000000|0000019|0003108|100.00|2009.06.11.23.22|
15|Somogy                   |124|Mernye                   |0001244|0000000|0001244|0000004|0000388|0000388|+000000|0000003|0000385|100.00|2009.06.11.23.22|
15|Somogy                   |125|Mesztegnyõ               |0001107|0000001|0001108|0000000|0000306|0000306|+000000|0000002|0000304|100.00|2009.06.11.23.22|
15|Somogy                   |126|Mezõcsokonya             |0000975|0000001|0000976|0000001|0000202|0000202|+000000|0000003|0000199|100.00|2009.06.11.23.22|
15|Somogy                   |127|Mike                     |0000500|0000000|0000500|0000000|0000124|0000124|+000000|0000000|0000124|100.00|2009.06.11.23.22|
15|Somogy                   |128|Miklósi                  |0000194|0000001|0000195|0000000|0000095|0000095|+000000|0000001|0000094|100.00|2009.06.11.23.22|
15|Somogy                   |129|Mosdós                   |0000807|0000000|0000807|0000002|0000309|0000309|+000000|0000006|0000303|100.00|2009.06.11.23.22|
15|Somogy                   |130|Nagyatád                 |0009627|0000014|0009641|0000022|0002992|0002991|-000001|0000019|0002972|100.00|2009.06.11.23.22|
15|Somogy                   |131|Nagybajom                |0002559|0000001|0002560|0000000|0000516|0000514|-000002|0000005|0000509|100.00|2009.06.11.23.22|
15|Somogy                   |132|Nagyberény               |0001099|0000000|0001099|0000000|0000227|0000227|+000000|0000001|0000226|100.00|2009.06.11.23.22|
15|Somogy                   |133|Nagyberki                |0001175|0000001|0001176|0000000|0000303|0000303|+000000|0000000|0000303|100.00|2009.06.11.23.22|
15|Somogy                   |134|Nagycsepely              |0000308|0000002|0000310|0000000|0000092|0000092|+000000|0000000|0000092|100.00|2009.06.11.23.22|
15|Somogy                   |135|Nagykorpád               |0000461|0000000|0000461|0000000|0000130|0000130|+000000|0000007|0000123|100.00|2009.06.11.23.22|
15|Somogy                   |136|Nagyszakácsi             |0000363|0000000|0000363|0000003|0000104|0000104|+000000|0000002|0000102|100.00|2009.06.11.23.22|
15|Somogy                   |137|Nágocs                   |0000504|0000006|0000510|0000002|0000127|0000127|+000000|0000000|0000127|100.00|2009.06.11.23.22|
15|Somogy                   |138|Nemesdéd                 |0000533|0000001|0000534|0000000|0000133|0000133|+000000|0000004|0000129|100.00|2009.06.11.23.22|
15|Somogy                   |139|Nemeskisfalud            |0000086|0000000|0000086|0000000|0000036|0000036|+000000|0000000|0000036|100.00|2009.06.11.23.22|
15|Somogy                   |140|Nemesvid                 |0000584|0000000|0000584|0000000|0000152|0000152|+000000|0000002|0000150|100.00|2009.06.11.23.22|
15|Somogy                   |141|Nikla                    |0000526|0000001|0000527|0000000|0000193|0000193|+000000|0000001|0000192|100.00|2009.06.11.23.22|
15|Somogy                   |142|Nyim                     |0000251|0000001|0000252|0000000|0000060|0000060|+000000|0000001|0000059|100.00|2009.06.11.23.22|
15|Somogy                   |143|Orci                     |0000458|0000000|0000458|0000000|0000146|0000146|+000000|0000002|0000144|100.00|2009.06.11.23.22|
15|Somogy                   |144|Ordacsehi                |0000676|0000002|0000678|0000001|0000215|0000214|-000001|0000001|0000213|100.00|2009.06.11.23.22|
15|Somogy                   |145|Osztopán                 |0000643|0000000|0000643|0000000|0000235|0000235|+000000|0000001|0000234|100.00|2009.06.11.23.22|
15|Somogy                   |146|Öreglak                  |0001217|0000000|0001217|0000000|0000269|0000269|+000000|0000002|0000267|100.00|2009.06.11.23.22|
15|Somogy                   |147|Ötvöskónyi               |0000674|0000000|0000674|0000000|0000139|0000139|+000000|0000004|0000135|100.00|2009.06.11.23.22|
15|Somogy                   |148|Õrtilos                  |0000451|0000000|0000451|0000003|0000149|0000149|+000000|0000004|0000145|100.00|2009.06.11.23.22|
15|Somogy                   |149|Pamuk                    |0000184|0000000|0000184|0000000|0000079|0000079|+000000|0000000|0000079|100.00|2009.06.11.23.22|
15|Somogy                   |150|Patalom                  |0000275|0000000|0000275|0000000|0000155|0000155|+000000|0000004|0000151|100.00|2009.06.11.23.22|
15|Somogy                   |151|Patca                    |0000049|0000000|0000049|0000000|0000018|0000018|+000000|0000000|0000018|100.00|2009.06.11.23.22|
15|Somogy                   |152|Patosfa                  |0000212|0000000|0000212|0000000|0000068|0000068|+000000|0000001|0000067|100.00|2009.06.11.23.22|
15|Somogy                   |153|Pálmajor                 |0000197|0000000|0000197|0000000|0000062|0000062|+000000|0000000|0000062|100.00|2009.06.11.23.22|
15|Somogy                   |154|Péterhida                |0000136|0000000|0000136|0000000|0000056|0000056|+000000|0000000|0000056|100.00|2009.06.11.23.22|
15|Somogy                   |155|Pogányszentpéter         |0000375|0000000|0000375|0000000|0000071|0000071|+000000|0000000|0000071|100.00|2009.06.11.23.22|
15|Somogy                   |156|Polány                   |0000177|0000000|0000177|0000000|0000053|0000053|+000000|0000000|0000053|100.00|2009.06.11.23.22|
15|Somogy                   |157|Porrog                   |0000201|0000000|0000201|0000000|0000073|0000073|+000000|0000001|0000072|100.00|2009.06.11.23.22|
15|Somogy                   |158|Porrogszentkirály        |0000254|0000000|0000254|0000000|0000077|0000077|+000000|0000000|0000077|100.00|2009.06.11.23.22|
15|Somogy                   |159|Porrogszentpál           |0000076|0000000|0000076|0000000|0000035|0000035|+000000|0000000|0000035|100.00|2009.06.11.23.22|
15|Somogy                   |160|Potony                   |0000208|0000000|0000208|0000000|0000046|0000046|+000000|0000001|0000045|100.00|2009.06.11.23.22|
15|Somogy                   |161|Pusztakovácsi            |0000628|0000000|0000628|0000000|0000167|0000167|+000000|0000001|0000166|100.00|2009.06.11.23.22|
15|Somogy                   |162|Pusztaszemes             |0000323|0000000|0000323|0000000|0000119|0000119|+000000|0000001|0000118|100.00|2009.06.11.23.22|
15|Somogy                   |163|Ráksi                    |0000385|0000000|0000385|0000000|0000085|0000085|+000000|0000000|0000085|100.00|2009.06.11.23.22|
15|Somogy                   |164|Rinyabesenyõ             |0000125|0000001|0000126|0000000|0000034|0000034|+000000|0000001|0000033|100.00|2009.06.11.23.22|
15|Somogy                   |165|Rinyakovácsi             |0000108|0000000|0000108|0000000|0000045|0000045|+000000|0000001|0000044|100.00|2009.06.11.23.22|
15|Somogy                   |166|Rinyaszentkirály         |0000309|0000000|0000309|0000000|0000072|0000072|+000000|0000000|0000072|100.00|2009.06.11.23.22|
15|Somogy                   |167|Rinyaújlak               |0000231|0000000|0000231|0000000|0000072|0000072|+000000|0000001|0000071|100.00|2009.06.11.23.22|
15|Somogy                   |168|Rinyaújnép               |0000049|0000000|0000049|0000000|0000020|0000020|+000000|0000000|0000020|100.00|2009.06.11.23.22|
15|Somogy                   |169|Ságvár                   |0001497|0000003|0001500|0000002|0000359|0000359|+000000|0000000|0000359|100.00|2009.06.11.23.22|
15|Somogy                   |170|Sántos                   |0000475|0000001|0000476|0000000|0000176|0000176|+000000|0000001|0000175|100.00|2009.06.11.23.22|
15|Somogy                   |171|Sávoly                   |0000411|0000000|0000411|0000000|0000106|0000106|+000000|0000001|0000105|100.00|2009.06.11.23.22|
15|Somogy                   |172|Segesd                   |0001982|0000001|0001983|0000000|0000377|0000377|+000000|0000016|0000361|100.00|2009.06.11.23.22|
15|Somogy                   |173|Sérsekszõlõs             |0000134|0000000|0000134|0000000|0000059|0000059|+000000|0000000|0000059|100.00|2009.06.11.23.22|
15|Somogy                   |174|Simonfa                  |0000297|0000002|0000299|0000000|0000103|0000103|+000000|0000001|0000102|100.00|2009.06.11.23.22|
15|Somogy                   |175|Siófok                   |0020290|0000315|0020605|0000004|0007885|0007884|-000001|0000032|0007852|100.00|2009.06.11.23.22|
15|Somogy                   |176|Siójut                   |0000481|0000002|0000483|0000000|0000144|0000144|+000000|0000002|0000142|100.00|2009.06.11.23.22|
15|Somogy                   |177|Som                      |0000543|0000000|0000543|0000001|0000175|0000175|+000000|0000000|0000175|100.00|2009.06.11.23.22|
15|Somogy                   |178|Somodor                  |0000355|0000000|0000355|0000004|0000149|0000149|+000000|0000003|0000146|100.00|2009.06.11.23.22|
15|Somogy                   |179|Somogyacsa               |0000164|0000001|0000165|0000000|0000058|0000058|+000000|0000000|0000058|100.00|2009.06.11.23.22|
15|Somogy                   |180|Somogyaracs              |0000139|0000000|0000139|0000000|0000048|0000048|+000000|0000000|0000048|100.00|2009.06.11.23.22|
15|Somogy                   |181|Somogyaszaló             |0000623|0000000|0000623|0000000|0000238|0000238|+000000|0000002|0000236|100.00|2009.06.11.23.22|
15|Somogy                   |182|Somogybabod              |0000455|0000006|0000461|0000000|0000148|0000148|+000000|0000000|0000148|100.00|2009.06.11.23.22|
15|Somogy                   |183|Somogybükkösd            |0000081|0000000|0000081|0000000|0000037|0000037|+000000|0000000|0000037|100.00|2009.06.11.23.22|
15|Somogy                   |184|Somogycsicsó             |0000141|0000000|0000141|0000000|0000048|0000048|+000000|0000000|0000048|100.00|2009.06.11.23.22|
15|Somogy                   |185|Somogydöröcske           |0000138|0000001|0000139|0000000|0000046|0000046|+000000|0000000|0000046|100.00|2009.06.11.23.22|
15|Somogy                   |186|Somogyegres              |0000177|0000000|0000177|0000000|0000032|0000032|+000000|0000000|0000032|100.00|2009.06.11.23.22|
15|Somogy                   |187|Somogyfajsz              |0000379|0000000|0000379|0000002|0000119|0000119|+000000|0000005|0000114|100.00|2009.06.11.23.22|
15|Somogy                   |188|Somogygeszti             |0000378|0000000|0000378|0000000|0000091|0000091|+000000|0000004|0000087|100.00|2009.06.11.23.22|
15|Somogy                   |189|Somogyjád                |0001300|0000000|0001300|0000000|0000401|0000401|+000000|0000010|0000391|100.00|2009.06.11.23.22|
15|Somogy                   |190|Somogymeggyes            |0000439|0000001|0000440|0000001|0000102|0000102|+000000|0000000|0000102|100.00|2009.06.11.23.22|
15|Somogy                   |191|Somogysámson             |0000535|0000000|0000535|0000000|0000129|0000129|+000000|0000000|0000129|100.00|2009.06.11.23.22|
15|Somogy                   |192|Somogysárd               |0001060|0000000|0001060|0000001|0000235|0000235|+000000|0000000|0000235|100.00|2009.06.11.23.22|
15|Somogy                   |193|Somogysimonyi            |0000068|0000000|0000068|0000000|0000044|0000044|+000000|0000000|0000044|100.00|2009.06.11.23.22|
15|Somogy                   |194|Somogyszentpál           |0000556|0000000|0000556|0000000|0000112|0000112|+000000|0000000|0000112|100.00|2009.06.11.23.22|
15|Somogy                   |195|Somogyszil               |0000600|0000002|0000602|0000001|0000182|0000182|+000000|0000001|0000181|100.00|2009.06.11.23.22|
15|Somogy                   |196|Somogyszob               |0001394|0000005|0001399|0000001|0000426|0000426|+000000|0000004|0000422|100.00|2009.06.11.23.22|
15|Somogy                   |197|Somogytúr                |0000357|0000000|0000357|0000000|0000150|0000150|+000000|0000000|0000150|100.00|2009.06.11.23.22|
15|Somogy                   |198|Somogyudvarhely          |0000938|0000000|0000938|0000000|0000368|0000368|+000000|0000002|0000366|100.00|2009.06.11.23.22|
15|Somogy                   |199|Somogyvámos              |0000588|0000000|0000588|0000000|0000139|0000139|+000000|0000000|0000139|100.00|2009.06.11.23.22|
15|Somogy                   |200|Somogyvár                |0001413|0000002|0001415|0000001|0000546|0000546|+000000|0000009|0000537|100.00|2009.06.11.23.22|
15|Somogy                   |201|Somogyzsitfa             |0000442|0000000|0000442|0000000|0000127|0000126|-000001|0000003|0000123|100.00|2009.06.11.23.22|
15|Somogy                   |202|Szabadi                  |0000258|0000000|0000258|0000000|0000093|0000093|+000000|0000004|0000089|100.00|2009.06.11.23.22|
15|Somogy                   |203|Szabás                   |0000457|0000000|0000457|0000000|0000122|0000122|+000000|0000004|0000118|100.00|2009.06.11.23.22|
15|Somogy                   |204|Szántód                  |0000505|0000050|0000555|0000000|0000265|0000265|+000000|0000001|0000264|100.00|2009.06.11.23.22|
15|Somogy                   |205|Szegerdõ                 |0000163|0000000|0000163|0000000|0000051|0000051|+000000|0000001|0000050|100.00|2009.06.11.23.22|
15|Somogy                   |206|Szenna                   |0000584|0000000|0000584|0000000|0000259|0000259|+000000|0000003|0000256|100.00|2009.06.11.23.22|
15|Somogy                   |207|Szenta                   |0000347|0000000|0000347|0000000|0000110|0000110|+000000|0000000|0000110|100.00|2009.06.11.23.22|
15|Somogy                   |208|Szentbalázs              |0000281|0000001|0000282|0000001|0000135|0000135|+000000|0000004|0000131|100.00|2009.06.11.23.22|
15|Somogy                   |209|Szentborbás              |0000118|0000000|0000118|0000000|0000059|0000059|+000000|0000003|0000056|100.00|2009.06.11.23.22|
15|Somogy                   |210|Szentgáloskér            |0000427|0000000|0000427|0000001|0000103|0000103|+000000|0000004|0000099|100.00|2009.06.11.23.22|
15|Somogy                   |211|Szenyér                  |0000224|0000000|0000224|0000000|0000043|0000043|+000000|0000000|0000043|100.00|2009.06.11.23.22|
15|Somogy                   |212|Szilvásszentmárton       |0000153|0000000|0000153|0000000|0000070|0000070|+000000|0000000|0000070|100.00|2009.06.11.23.22|
15|Somogy                   |213|Szorosad                 |0000098|0000000|0000098|0000000|0000043|0000043|+000000|0000000|0000043|100.00|2009.06.11.23.22|
15|Somogy                   |214|Szólád                   |0000502|0000005|0000507|0000000|0000220|0000220|+000000|0000000|0000220|100.00|2009.06.11.23.22|
15|Somogy                   |215|Szõkedencs               |0000248|0000000|0000248|0000000|0000094|0000094|+000000|0000002|0000092|100.00|2009.06.11.23.22|
15|Somogy                   |216|Szõlõsgyörök             |0000984|0000001|0000985|0000000|0000300|0000300|+000000|0000004|0000296|100.00|2009.06.11.23.22|
15|Somogy                   |217|Szulok                   |0000537|0000001|0000538|0000000|0000234|0000234|+000000|0000003|0000231|100.00|2009.06.11.23.22|
15|Somogy                   |218|Tab                      |0003851|0000007|0003858|0000001|0001043|0001044|+000001|0000024|0001020|100.00|2009.06.11.23.22|
15|Somogy                   |219|Tapsony                  |0000626|0000000|0000626|0000001|0000129|0000129|+000000|0000001|0000128|100.00|2009.06.11.23.22|
15|Somogy                   |220|Tarany                   |0000945|0000001|0000946|0000009|0000179|0000179|+000000|0000002|0000177|100.00|2009.06.11.23.22|
15|Somogy                   |221|Taszár                   |0001620|0000001|0001621|0000000|0000490|0000490|+000000|0000005|0000485|100.00|2009.06.11.23.22|
15|Somogy                   |222|Táska                    |0000330|0000000|0000330|0000000|0000137|0000137|+000000|0000002|0000135|100.00|2009.06.11.23.22|
15|Somogy                   |223|Teleki                   |0000157|0000003|0000160|0000000|0000050|0000051|+000001|0000007|0000044|100.00|2009.06.11.23.22|
15|Somogy                   |224|Tengõd                   |0000388|0000001|0000389|0000000|0000053|0000053|+000000|0000000|0000053|100.00|2009.06.11.23.22|
15|Somogy                   |225|Tikos                    |0000102|0000002|0000104|0000000|0000044|0000044|+000000|0000000|0000044|100.00|2009.06.11.23.22|
15|Somogy                   |226|Torvaj                   |0000246|0000000|0000246|0000000|0000075|0000075|+000000|0000002|0000073|100.00|2009.06.11.23.22|
15|Somogy                   |227|Tótújfalu                |0000193|0000002|0000195|0000000|0000073|0000073|+000000|0000000|0000073|100.00|2009.06.11.23.22|
15|Somogy                   |228|Törökkoppány             |0000379|0000003|0000382|0000000|0000118|0000118|+000000|0000002|0000116|100.00|2009.06.11.23.22|
15|Somogy                   |229|Újvárfalva               |0000232|0000000|0000232|0000001|0000069|0000069|+000000|0000000|0000069|100.00|2009.06.11.23.22|
15|Somogy                   |230|Varászló                 |0000122|0000002|0000124|0000000|0000057|0000057|+000000|0000000|0000057|100.00|2009.06.11.23.22|
15|Somogy                   |231|Várda                    |0000436|0000000|0000436|0000000|0000195|0000195|+000000|0000004|0000191|100.00|2009.06.11.23.22|
15|Somogy                   |232|Vése                     |0000649|0000000|0000649|0000000|0000113|0000113|+000000|0000000|0000113|100.00|2009.06.11.23.22|
15|Somogy                   |233|Visnye                   |0000167|0000001|0000168|0000000|0000057|0000057|+000000|0000002|0000055|100.00|2009.06.11.23.22|
15|Somogy                   |234|Visz                     |0000181|0000001|0000182|0000000|0000063|0000063|+000000|0000000|0000063|100.00|2009.06.11.23.22|
15|Somogy                   |235|Vízvár                   |0000511|0000002|0000513|0000000|0000139|0000139|+000000|0000002|0000137|100.00|2009.06.11.23.22|
15|Somogy                   |236|Vörs                     |0000351|0000000|0000351|0000000|0000167|0000168|+000001|0000005|0000163|100.00|2009.06.11.23.22|
15|Somogy                   |237|Zala                     |0000219|0000004|0000223|0000000|0000069|0000069|+000000|0000001|0000068|100.00|2009.06.11.23.22|
15|Somogy                   |238|Zamárdi                  |0002197|0000163|0002360|0000000|0001146|0001146|+000000|0000010|0001136|100.00|2009.06.11.23.22|
15|Somogy                   |239|Zákány                   |0000983|0000003|0000986|0000001|0000354|0000354|+000000|0000008|0000346|100.00|2009.06.11.23.22|
15|Somogy                   |240|Zics                     |0000319|0000003|0000322|0000000|0000081|0000081|+000000|0000002|0000079|100.00|2009.06.11.23.22|
15|Somogy                   |241|Zimány                   |0000487|0000001|0000488|0000000|0000166|0000166|+000000|0000002|0000164|100.00|2009.06.11.23.22|
15|Somogy                   |242|Zselickisfalud           |0000213|0000002|0000215|0000000|0000078|0000078|+000000|0000001|0000077|100.00|2009.06.11.23.22|
15|Somogy                   |243|Zselickislak             |0000270|0000001|0000271|0000000|0000109|0000109|+000000|0000002|0000107|100.00|2009.06.11.23.22|
15|Somogy                   |244|Zselicszentpál           |0000350|0000000|0000350|0000000|0000111|0000111|+000000|0000000|0000111|100.00|2009.06.11.23.22|
15|Somogy                   |245|Zákányfalu               |0000473|0000000|0000473|0000000|0000133|0000133|+000000|0000002|0000131|100.00|2009.06.11.23.22|
16|Szabolcs-Szatmár-Bereg   |001|Ajak                     |0003120|0000002|0003122|0000000|0000938|0000938|+000000|0000010|0000928|100.00|2009.06.11.23.22|
16|Szabolcs-Szatmár-Bereg   |002|Anarcs                   |0001556|0000000|0001556|0000000|0000393|0000393|+000000|0000005|0000388|100.00|2009.06.11.23.22|
16|Szabolcs-Szatmár-Bereg   |003|Apagy                    |0001857|0000001|0001858|0000000|0000477|0000477|+000000|0000004|0000473|100.00|2009.06.11.23.22|
16|Szabolcs-Szatmár-Bereg   |004|Aranyosapáti             |0001383|0000000|0001383|0000000|0000353|0000353|+000000|0000003|0000350|100.00|2009.06.11.23.22|
16|Szabolcs-Szatmár-Bereg   |005|Baktalórántháza          |0002714|0000003|0002717|0000004|0001752|0001753|+000001|0000026|0001727|100.00|2009.06.11.23.22|
16|Szabolcs-Szatmár-Bereg   |006|Balkány                  |0005102|0000001|0005103|0000000|0001247|0001247|+000000|0000020|0001227|100.00|2009.06.11.23.22|
16|Szabolcs-Szatmár-Bereg   |007|Balsa                    |0000702|0000000|0000702|0000000|0000229|0000229|+000000|0000004|0000225|100.00|2009.06.11.23.22|
16|Szabolcs-Szatmár-Bereg   |008|Barabás                  |0000630|0000004|0000634|0000000|0000247|0000247|+000000|0000005|0000242|100.00|2009.06.11.23.22|
16|Szabolcs-Szatmár-Bereg   |009|Bátorliget               |0000565|0000001|0000566|0000000|0000201|0000201|+000000|0000006|0000195|100.00|2009.06.11.23.22|
16|Szabolcs-Szatmár-Bereg   |010|Benk                     |0000357|0000002|0000359|0000000|0000112|0000112|+000000|0000000|0000112|100.00|2009.06.11.23.22|
16|Szabolcs-Szatmár-Bereg   |011|Beregdaróc               |0000613|0000001|0000614|0000000|0000303|0000303|+000000|0000006|0000297|100.00|2009.06.11.23.22|
16|Szabolcs-Szatmár-Bereg   |012|Beregsurány              |0000419|0000006|0000425|0000000|0000173|0000173|+000000|0000006|0000167|100.00|2009.06.11.23.22|
16|Szabolcs-Szatmár-Bereg   |013|Berkesz                  |0000649|0000001|0000650|0000000|0000182|0000182|+000000|0000003|0000179|100.00|2009.06.11.23.22|
16|Szabolcs-Szatmár-Bereg   |014|Besenyõd                 |0000443|0000000|0000443|0000000|0000074|0000074|+000000|0000002|0000072|100.00|2009.06.11.23.22|
16|Szabolcs-Szatmár-Bereg   |015|Beszterec                |0000797|0000000|0000797|0000001|0000160|0000160|+000000|0000005|0000155|100.00|2009.06.11.23.22|
16|Szabolcs-Szatmár-Bereg   |016|Biri                     |0001118|0000000|0001118|0000000|0000328|0000328|+000000|0000002|0000326|100.00|2009.06.11.23.22|
16|Szabolcs-Szatmár-Bereg   |017|Botpalád                 |0000429|0000000|0000429|0000000|0000180|0000180|+000000|0000001|0000179|100.00|2009.06.11.23.22|
16|Szabolcs-Szatmár-Bereg   |018|Bököny                   |0002479|0000001|0002480|0000000|0000488|0000488|+000000|0000009|0000479|100.00|2009.06.11.23.22|
16|Szabolcs-Szatmár-Bereg   |019|Buj                      |0001854|0000001|0001855|0000000|0000568|0000568|+000000|0000009|0000559|100.00|2009.06.11.23.22|
16|Szabolcs-Szatmár-Bereg   |020|Cégénydányád             |0000554|0000001|0000555|0000000|0000176|0000176|+000000|0000003|0000173|100.00|2009.06.11.23.22|
16|Szabolcs-Szatmár-Bereg   |021|Csaholc                  |0000376|0000003|0000379|0000000|0000088|0000088|+000000|0000003|0000085|100.00|2009.06.11.23.22|
16|Szabolcs-Szatmár-Bereg   |022|Csaroda                  |0000477|0000000|0000477|0000000|0000169|0000169|+000000|0000001|0000168|100.00|2009.06.11.23.22|
16|Szabolcs-Szatmár-Bereg   |023|Császló                  |0000291|0000000|0000291|0000000|0000105|0000105|+000000|0000001|0000104|100.00|2009.06.11.23.22|
16|Szabolcs-Szatmár-Bereg   |024|Csegöld                  |0000525|0000000|0000525|0000000|0000197|0000197|+000000|0000002|0000195|100.00|2009.06.11.23.22|
16|Szabolcs-Szatmár-Bereg   |025|Csenger                  |0003988|0000005|0003993|0000000|0001123|0001124|+000001|0000018|0001106|100.00|2009.06.11.23.22|
16|Szabolcs-Szatmár-Bereg   |026|Csengersima              |0000530|0000002|0000532|0000000|0000185|0000185|+000000|0000003|0000182|100.00|2009.06.11.23.22|
16|Szabolcs-Szatmár-Bereg   |027|Csengerújfalu            |0000635|0000001|0000636|0000000|0000203|0000203|+000000|0000007|0000196|100.00|2009.06.11.23.22|
16|Szabolcs-Szatmár-Bereg   |028|Darnó                    |0000126|0000000|0000126|0000000|0000044|0000044|+000000|0000000|0000044|100.00|2009.06.11.23.22|
16|Szabolcs-Szatmár-Bereg   |029|Demecser                 |0003318|0000000|0003318|0000002|0001046|0001046|+000000|0000033|0001013|100.00|2009.06.11.23.22|
16|Szabolcs-Szatmár-Bereg   |030|Dombrád                  |0002966|0000000|0002966|0000000|0000665|0000665|+000000|0000003|0000662|100.00|2009.06.11.23.22|
16|Szabolcs-Szatmár-Bereg   |031|Döge                     |0001631|0000000|0001631|0000000|0000336|0000336|+000000|0000005|0000331|100.00|2009.06.11.23.22|
16|Szabolcs-Szatmár-Bereg   |032|Encsencs                 |0001397|0000000|0001397|0000000|0000499|0000499|+000000|0000020|0000479|100.00|2009.06.11.23.22|
16|Szabolcs-Szatmár-Bereg   |033|Eperjeske                |0000881|0000000|0000881|0000000|0000139|0000139|+000000|0000002|0000137|100.00|2009.06.11.23.22|
16|Szabolcs-Szatmár-Bereg   |034|Érpatak                  |0001293|0000000|0001293|0000000|0000259|0000259|+000000|0000006|0000253|100.00|2009.06.11.23.22|
16|Szabolcs-Szatmár-Bereg   |035|Fábiánháza               |0001470|0000003|0001473|0000000|0000420|0000420|+000000|0000008|0000412|100.00|2009.06.11.23.22|
16|Szabolcs-Szatmár-Bereg   |036|Fehérgyarmat             |0006662|0000007|0006669|0000000|0002599|0002599|+000000|0000013|0002586|100.00|2009.06.11.23.22|
16|Szabolcs-Szatmár-Bereg   |037|Fényeslitke              |0001886|0000003|0001889|0000000|0000711|0000710|-000001|0000006|0000704|100.00|2009.06.11.23.22|
16|Szabolcs-Szatmár-Bereg   |038|Fülesd                   |0000374|0000003|0000377|0000000|0000150|0000150|+000000|0000001|0000149|100.00|2009.06.11.23.22|
16|Szabolcs-Szatmár-Bereg   |039|Fülpösdaróc              |0000261|0000000|0000261|0000000|0000113|0000114|+000001|0000008|0000106|100.00|2009.06.11.23.22|
16|Szabolcs-Szatmár-Bereg   |040|Gacsály                  |0000576|0000001|0000577|0000000|0000164|0000164|+000000|0000001|0000163|100.00|2009.06.11.23.22|
16|Szabolcs-Szatmár-Bereg   |041|Garbolc                  |0000101|0000000|0000101|0000002|0000059|0000059|+000000|0000001|0000058|100.00|2009.06.11.23.22|
16|Szabolcs-Szatmár-Bereg   |042|Gávavencsellõ            |0002942|0000005|0002947|0000000|0001178|0001178|+000000|0000018|0001160|100.00|2009.06.11.23.22|
16|Szabolcs-Szatmár-Bereg   |043|Gelénes                  |0000476|0000001|0000477|0000001|0000225|0000225|+000000|0000003|0000222|100.00|2009.06.11.23.22|
16|Szabolcs-Szatmár-Bereg   |044|Gemzse                   |0000594|0000000|0000594|0000000|0000145|0000145|+000000|0000001|0000144|100.00|2009.06.11.23.22|
16|Szabolcs-Szatmár-Bereg   |045|Geszteréd                |0001489|0000000|0001489|0000000|0000414|0000414|+000000|0000003|0000411|100.00|2009.06.11.23.22|
16|Szabolcs-Szatmár-Bereg   |046|Géberjén                 |0000434|0000001|0000435|0000000|0000246|0000246|+000000|0000003|0000243|100.00|2009.06.11.23.22|
16|Szabolcs-Szatmár-Bereg   |047|Gégény                   |0001525|0000000|0001525|0000000|0000334|0000334|+000000|0000005|0000329|100.00|2009.06.11.23.22|
16|Szabolcs-Szatmár-Bereg   |048|Gulács                   |0000697|0000000|0000697|0000000|0000244|0000244|+000000|0000011|0000233|100.00|2009.06.11.23.22|
16|Szabolcs-Szatmár-Bereg   |049|Gyõröcske                |0000099|0000000|0000099|0000000|0000031|0000031|+000000|0000000|0000031|100.00|2009.06.11.23.22|
16|Szabolcs-Szatmár-Bereg   |050|Gyõrtelek                |0001209|0000002|0001211|0000002|0000286|0000286|+000000|0000004|0000282|100.00|2009.06.11.23.22|
16|Szabolcs-Szatmár-Bereg   |051|Gyulaháza                |0001549|0000000|0001549|0000000|0000337|0000337|+000000|0000003|0000334|100.00|2009.06.11.23.22|
16|Szabolcs-Szatmár-Bereg   |052|Gyügye                   |0000223|0000001|0000224|0000000|0000079|0000079|+000000|0000000|0000079|100.00|2009.06.11.23.22|
16|Szabolcs-Szatmár-Bereg   |053|Gyüre                    |0000926|0000000|0000926|0000000|0000244|0000244|+000000|0000000|0000244|100.00|2009.06.11.23.22|
16|Szabolcs-Szatmár-Bereg   |054|Hermánszeg               |0000224|0000000|0000224|0000000|0000095|0000095|+000000|0000003|0000092|100.00|2009.06.11.23.22|
16|Szabolcs-Szatmár-Bereg   |055|Hetefejércse             |0000228|0000000|0000228|0000000|0000071|0000071|+000000|0000000|0000071|100.00|2009.06.11.23.22|
16|Szabolcs-Szatmár-Bereg   |056|Hodász                   |0002376|0000000|0002376|0000000|0000593|0000593|+000000|0000033|0000560|100.00|2009.06.11.23.22|
16|Szabolcs-Szatmár-Bereg   |057|Ibrány                   |0005231|0000005|0005236|0000000|0001796|0001795|-000001|0000032|0001763|100.00|2009.06.11.23.22|
16|Szabolcs-Szatmár-Bereg   |058|Ilk                      |0000935|0000000|0000935|0000000|0000244|0000244|+000000|0000000|0000244|100.00|2009.06.11.23.22|
16|Szabolcs-Szatmár-Bereg   |059|Jánd                     |0000622|0000002|0000624|0000000|0000223|0000223|+000000|0000002|0000221|100.00|2009.06.11.23.22|
16|Szabolcs-Szatmár-Bereg   |060|Jánkmajtis               |0001313|0000000|0001313|0000000|0000395|0000395|+000000|0000005|0000390|100.00|2009.06.11.23.22|
16|Szabolcs-Szatmár-Bereg   |061|Jármi                    |0001047|0000000|0001047|0000000|0000322|0000322|+000000|0000004|0000318|100.00|2009.06.11.23.22|
16|Szabolcs-Szatmár-Bereg   |062|Jéke                     |0000585|0000001|0000586|0000000|0000120|0000120|+000000|0000001|0000119|100.00|2009.06.11.23.22|
16|Szabolcs-Szatmár-Bereg   |063|Kállósemjén              |0003109|0000001|0003110|0000005|0000837|0000837|+000000|0000012|0000825|100.00|2009.06.11.23.22|
16|Szabolcs-Szatmár-Bereg   |064|Kálmánháza               |0001555|0000000|0001555|0000000|0000484|0000484|+000000|0000003|0000481|100.00|2009.06.11.23.22|
16|Szabolcs-Szatmár-Bereg   |065|Kántorjánosi             |0001586|0000000|0001586|0000000|0000415|0000415|+000000|0000012|0000403|100.00|2009.06.11.23.22|
16|Szabolcs-Szatmár-Bereg   |066|Kemecse                  |0003726|0000001|0003727|0000015|0001364|0001364|+000000|0000031|0001333|100.00|2009.06.11.23.22|
16|Szabolcs-Szatmár-Bereg   |067|Kék                      |0001504|0000000|0001504|0000002|0000395|0000395|+000000|0000009|0000386|100.00|2009.06.11.23.22|
16|Szabolcs-Szatmár-Bereg   |068|Kékcse                   |0001170|0000003|0001173|0000000|0000272|0000272|+000000|0000005|0000267|100.00|2009.06.11.23.22|
16|Szabolcs-Szatmár-Bereg   |069|Kérsemjén                |0000243|0000000|0000243|0000000|0000094|0000094|+000000|0000001|0000093|100.00|2009.06.11.23.22|
16|Szabolcs-Szatmár-Bereg   |070|Kisar                    |0000795|0000001|0000796|0000000|0000241|0000241|+000000|0000004|0000237|100.00|2009.06.11.23.22|
16|Szabolcs-Szatmár-Bereg   |071|Kishódos                 |0000064|0000001|0000065|0000002|0000022|0000022|+000000|0000000|0000022|100.00|2009.06.11.23.22|
16|Szabolcs-Szatmár-Bereg   |072|Kisléta                  |0001221|0000000|0001221|0000000|0000395|0000395|+000000|0000008|0000387|100.00|2009.06.11.23.22|
16|Szabolcs-Szatmár-Bereg   |073|Kisnamény                |0000249|0000000|0000249|0000000|0000098|0000098|+000000|0000002|0000096|100.00|2009.06.11.23.22|
16|Szabolcs-Szatmár-Bereg   |074|Kispalád                 |0000383|0000000|0000383|0000000|0000118|0000118|+000000|0000001|0000117|100.00|2009.06.11.23.22|
16|Szabolcs-Szatmár-Bereg   |075|Kisszekeres              |0000450|0000000|0000450|0000000|0000122|0000122|+000000|0000002|0000120|100.00|2009.06.11.23.22|
16|Szabolcs-Szatmár-Bereg   |076|Kisvarsány               |0000810|0000000|0000810|0000000|0000359|0000359|+000000|0000002|0000357|100.00|2009.06.11.23.22|
16|Szabolcs-Szatmár-Bereg   |077|Kisvárda                 |0013907|0000011|0013918|0000002|0004238|0004237|-000001|0000021|0004216|100.00|2009.06.11.23.22|
16|Szabolcs-Szatmár-Bereg   |078|Kocsord                  |0002354|0000000|0002354|0000000|0000866|0000866|+000000|0000005|0000861|100.00|2009.06.11.23.22|
16|Szabolcs-Szatmár-Bereg   |079|Komlódtótfalu            |0000085|0000000|0000085|0000000|0000050|0000050|+000000|0000002|0000048|100.00|2009.06.11.23.22|
16|Szabolcs-Szatmár-Bereg   |080|Komoró                   |0001093|0000000|0001093|0000000|0000264|0000264|+000000|0000001|0000263|100.00|2009.06.11.23.22|
16|Szabolcs-Szatmár-Bereg   |081|Kótaj                    |0003447|0000000|0003447|0000000|0001148|0001147|-000001|0000015|0001132|100.00|2009.06.11.23.22|
16|Szabolcs-Szatmár-Bereg   |082|Kölcse                   |0001007|0000005|0001012|0000000|0000350|0000350|+000000|0000004|0000346|100.00|2009.06.11.23.22|
16|Szabolcs-Szatmár-Bereg   |083|Kömörõ                   |0000439|0000000|0000439|0000000|0000148|0000148|+000000|0000008|0000140|100.00|2009.06.11.23.22|
16|Szabolcs-Szatmár-Bereg   |084|Laskod                   |0000830|0000000|0000830|0000000|0000202|0000202|+000000|0000000|0000202|100.00|2009.06.11.23.22|
16|Szabolcs-Szatmár-Bereg   |085|Levelek                  |0002194|0000000|0002194|0000003|0000430|0000430|+000000|0000005|0000425|100.00|2009.06.11.23.22|
16|Szabolcs-Szatmár-Bereg   |086|Lónya                    |0000612|0000001|0000613|0000000|0000237|0000237|+000000|0000011|0000226|100.00|2009.06.11.23.22|
16|Szabolcs-Szatmár-Bereg   |087|Lövõpetri                |0000419|0000002|0000421|0000000|0000122|0000122|+000000|0000000|0000122|100.00|2009.06.11.23.22|
16|Szabolcs-Szatmár-Bereg   |088|Magosliget               |0000180|0000000|0000180|0000000|0000104|0000104|+000000|0000001|0000103|100.00|2009.06.11.23.22|
16|Szabolcs-Szatmár-Bereg   |089|Magy                     |0000768|0000000|0000768|0000000|0000214|0000214|+000000|0000001|0000213|100.00|2009.06.11.23.22|
16|Szabolcs-Szatmár-Bereg   |090|Mánd                     |0000201|0000000|0000201|0000000|0000045|0000045|+000000|0000000|0000045|100.00|2009.06.11.23.22|
16|Szabolcs-Szatmár-Bereg   |091|Mándok                   |0003350|0000002|0003352|0000002|0000784|0000784|+000000|0000015|0000769|100.00|2009.06.11.23.22|
16|Szabolcs-Szatmár-Bereg   |092|Máriapócs                |0001689|0000000|0001689|0000000|0000546|0000546|+000000|0000006|0000540|100.00|2009.06.11.23.22|
16|Szabolcs-Szatmár-Bereg   |093|Márokpapi                |0000336|0000000|0000336|0000000|0000153|0000153|+000000|0000001|0000152|100.00|2009.06.11.23.22|
16|Szabolcs-Szatmár-Bereg   |094|Mátészalka               |0014194|0000015|0014209|0000004|0004844|0004845|+000001|0000037|0004808|100.00|2009.06.11.23.22|
16|Szabolcs-Szatmár-Bereg   |095|Mátyus                   |0000261|0000000|0000261|0000000|0000067|0000067|+000000|0000001|0000066|100.00|2009.06.11.23.22|
16|Szabolcs-Szatmár-Bereg   |096|Mezõladány               |0000775|0000001|0000776|0000000|0000290|0000290|+000000|0000002|0000288|100.00|2009.06.11.23.22|
16|Szabolcs-Szatmár-Bereg   |097|Méhtelek                 |0000568|0000000|0000568|0000000|0000142|0000142|+000000|0000002|0000140|100.00|2009.06.11.23.22|
16|Szabolcs-Szatmár-Bereg   |098|Mérk                     |0001703|0000000|0001703|0000000|0000429|0000429|+000000|0000017|0000412|100.00|2009.06.11.23.22|
16|Szabolcs-Szatmár-Bereg   |099|Milota                   |0000702|0000000|0000702|0000000|0000277|0000277|+000000|0000009|0000268|100.00|2009.06.11.23.22|
16|Szabolcs-Szatmár-Bereg   |100|Nagyar                   |0000536|0000000|0000536|0000000|0000148|0000148|+000000|0000003|0000145|100.00|2009.06.11.23.22|
16|Szabolcs-Szatmár-Bereg   |101|Nagycserkesz             |0001362|0000003|0001365|0000001|0000328|0000328|+000000|0000005|0000323|100.00|2009.06.11.23.22|
16|Szabolcs-Szatmár-Bereg   |102|Nagydobos                |0001592|0000006|0001598|0000000|0000463|0000463|+000000|0000008|0000455|100.00|2009.06.11.23.22|
16|Szabolcs-Szatmár-Bereg   |103|Nagyecsed                |0005183|0000000|0005183|0000003|0001289|0001287|-000002|0000013|0001274|100.00|2009.06.11.23.22|
16|Szabolcs-Szatmár-Bereg   |104|Nagyhalász               |0004574|0000003|0004577|0000004|0001288|0001288|+000000|0000034|0001254|100.00|2009.06.11.23.22|
16|Szabolcs-Szatmár-Bereg   |105|Nagyhódos                |0000113|0000000|0000113|0000000|0000063|0000063|+000000|0000001|0000062|100.00|2009.06.11.23.22|
16|Szabolcs-Szatmár-Bereg   |106|Nagykálló                |0007885|0000012|0007897|0000002|0002415|0002416|+000001|0000042|0002374|100.00|2009.06.11.23.22|
16|Szabolcs-Szatmár-Bereg   |107|Nagyszekeres             |0000426|0000000|0000426|0000000|0000115|0000115|+000000|0000002|0000113|100.00|2009.06.11.23.22|
16|Szabolcs-Szatmár-Bereg   |108|Nagyvarsány              |0001206|0000002|0001208|0000000|0000434|0000434|+000000|0000008|0000426|100.00|2009.06.11.23.22|
16|Szabolcs-Szatmár-Bereg   |109|Napkor                   |0002974|0000004|0002978|0000000|0000788|0000788|+000000|0000009|0000779|100.00|2009.06.11.23.22|
16|Szabolcs-Szatmár-Bereg   |110|Nábrád                   |0000780|0000000|0000780|0000000|0000225|0000225|+000000|0000004|0000221|100.00|2009.06.11.23.22|
16|Szabolcs-Szatmár-Bereg   |111|Nemesborzova             |0000084|0000000|0000084|0000000|0000050|0000050|+000000|0000000|0000050|100.00|2009.06.11.23.22|
16|Szabolcs-Szatmár-Bereg   |112|Nyírbátor                |0009927|0000003|0009930|0000002|0003738|0003738|+000000|0000025|0003713|100.00|2009.06.11.23.22|
16|Szabolcs-Szatmár-Bereg   |113|Nyírbéltek               |0002129|0000000|0002129|0000008|0000555|0000554|-000001|0000016|0000538|100.00|2009.06.11.23.22|
16|Szabolcs-Szatmár-Bereg   |114|Nyírbogát                |0002528|0000000|0002528|0000001|0001254|0001252|-000002|0000034|0001218|100.00|2009.06.11.23.22|
16|Szabolcs-Szatmár-Bereg   |115|Nyírbogdány              |0002322|0000000|0002322|0000000|0000572|0000572|+000000|0000006|0000566|100.00|2009.06.11.23.22|
16|Szabolcs-Szatmár-Bereg   |116|Nyírcsaholy              |0001740|0000000|0001740|0000000|0000529|0000529|+000000|0000007|0000522|100.00|2009.06.11.23.22|
16|Szabolcs-Szatmár-Bereg   |117|Nyírcsászári             |0000949|0000002|0000951|0000000|0000309|0000310|+000001|0000014|0000296|100.00|2009.06.11.23.22|
16|Szabolcs-Szatmár-Bereg   |118|Nyírderzs                |0000489|0000000|0000489|0000000|0000203|0000203|+000000|0000003|0000200|100.00|2009.06.11.23.22|
16|Szabolcs-Szatmár-Bereg   |119|Nyíregyháza              |0093806|0000093|0093899|0000009|0034768|0034759|-000009|0000260|0034499|100.00|2009.06.11.23.22|
16|Szabolcs-Szatmár-Bereg   |120|Nyírgelse                |0000898|0000002|0000900|0000000|0000291|0000291|+000000|0000007|0000284|100.00|2009.06.11.23.22|
16|Szabolcs-Szatmár-Bereg   |121|Nyírgyulaj               |0001516|0000002|0001518|0000001|0000451|0000451|+000000|0000010|0000441|100.00|2009.06.11.23.22|
16|Szabolcs-Szatmár-Bereg   |122|Nyíribrony               |0000875|0000002|0000877|0000000|0000356|0000356|+000000|0000005|0000351|100.00|2009.06.11.23.22|
16|Szabolcs-Szatmár-Bereg   |123|Nyírjákó                 |0000717|0000001|0000718|0000000|0000328|0000328|+000000|0000003|0000325|100.00|2009.06.11.23.22|
16|Szabolcs-Szatmár-Bereg   |124|Nyírkarász               |0001808|0000004|0001812|0000000|0000489|0000489|+000000|0000007|0000482|100.00|2009.06.11.23.22|
16|Szabolcs-Szatmár-Bereg   |125|Nyírkáta                 |0001265|0000001|0001266|0000000|0000589|0000589|+000000|0000014|0000575|100.00|2009.06.11.23.22|
16|Szabolcs-Szatmár-Bereg   |126|Nyírkércs                |0000648|0000000|0000648|0000000|0000308|0000308|+000000|0000007|0000301|100.00|2009.06.11.23.22|
16|Szabolcs-Szatmár-Bereg   |127|Nyírlövõ                 |0000563|0000001|0000564|0000000|0000167|0000167|+000000|0000001|0000166|100.00|2009.06.11.23.22|
16|Szabolcs-Szatmár-Bereg   |128|Nyírlugos                |0002271|0000000|0002271|0000000|0000745|0000745|+000000|0000012|0000733|100.00|2009.06.11.23.22|
16|Szabolcs-Szatmár-Bereg   |129|Nyírmada                 |0003534|0000001|0003535|0000000|0000760|0000760|+000000|0000008|0000752|100.00|2009.06.11.23.22|
16|Szabolcs-Szatmár-Bereg   |130|Nyírmeggyes              |0002192|0000000|0002192|0000000|0000607|0000607|+000000|0000007|0000600|100.00|2009.06.11.23.22|
16|Szabolcs-Szatmár-Bereg   |131|Nyírmihálydi             |0001334|0000000|0001334|0000005|0000360|0000360|+000000|0000010|0000350|100.00|2009.06.11.23.22|
16|Szabolcs-Szatmár-Bereg   |132|Nyírparasznya            |0000694|0000000|0000694|0000000|0000334|0000334|+000000|0000003|0000331|100.00|2009.06.11.23.22|
16|Szabolcs-Szatmár-Bereg   |133|Nyírpazony               |0002706|0000003|0002709|0000000|0000830|0000829|-000001|0000003|0000826|100.00|2009.06.11.23.22|
16|Szabolcs-Szatmár-Bereg   |134|Nyírpilis                |0000484|0000000|0000484|0000000|0000232|0000232|+000000|0000014|0000218|100.00|2009.06.11.23.22|
16|Szabolcs-Szatmár-Bereg   |135|Nyírtass                 |0001619|0000005|0001624|0000000|0000417|0000417|+000000|0000008|0000409|100.00|2009.06.11.23.22|
16|Szabolcs-Szatmár-Bereg   |136|Nyírtelek                |0005635|0000005|0005640|0000001|0001265|0001265|+000000|0000011|0001254|100.00|2009.06.11.23.22|
16|Szabolcs-Szatmár-Bereg   |137|Nyírtét                  |0000885|0000000|0000885|0000000|0000177|0000177|+000000|0000005|0000172|100.00|2009.06.11.23.22|
16|Szabolcs-Szatmár-Bereg   |138|Nyírtura                 |0001498|0000001|0001499|0000000|0000317|0000317|+000000|0000004|0000313|100.00|2009.06.11.23.22|
16|Szabolcs-Szatmár-Bereg   |139|Nyírvasvári              |0001494|0000001|0001495|0000008|0000387|0000387|+000000|0000000|0000387|100.00|2009.06.11.23.22|
16|Szabolcs-Szatmár-Bereg   |140|Olcsva                   |0000532|0000000|0000532|0000003|0000175|0000175|+000000|0000003|0000172|100.00|2009.06.11.23.22|
16|Szabolcs-Szatmár-Bereg   |141|Olcsvaapáti              |0000266|0000000|0000266|0000000|0000144|0000144|+000000|0000001|0000143|100.00|2009.06.11.23.22|
16|Szabolcs-Szatmár-Bereg   |142|Ófehértó                 |0001985|0000005|0001990|0000000|0000390|0000390|+000000|0000005|0000385|100.00|2009.06.11.23.22|
16|Szabolcs-Szatmár-Bereg   |143|Ópályi                   |0002181|0000000|0002181|0000001|0000556|0000556|+000000|0000014|0000542|100.00|2009.06.11.23.22|
16|Szabolcs-Szatmár-Bereg   |144|Ököritófülpös            |0001412|0000000|0001412|0000002|0000312|0000312|+000000|0000007|0000305|100.00|2009.06.11.23.22|
16|Szabolcs-Szatmár-Bereg   |145|Ömböly                   |0000338|0000001|0000339|0000000|0000099|0000099|+000000|0000001|0000098|100.00|2009.06.11.23.22|
16|Szabolcs-Szatmár-Bereg   |146|Õr                       |0001140|0000000|0001140|0000005|0000419|0000417|-000002|0000007|0000410|100.00|2009.06.11.23.22|
16|Szabolcs-Szatmár-Bereg   |147|Panyola                  |0000520|0000000|0000520|0000000|0000159|0000159|+000000|0000001|0000158|100.00|2009.06.11.23.22|
16|Szabolcs-Szatmár-Bereg   |148|Pap                      |0001459|0000000|0001459|0000000|0000285|0000285|+000000|0000005|0000280|100.00|2009.06.11.23.22|
16|Szabolcs-Szatmár-Bereg   |149|Papos                    |0000629|0000000|0000629|0000002|0000176|0000176|+000000|0000004|0000172|100.00|2009.06.11.23.22|
16|Szabolcs-Szatmár-Bereg   |150|Paszab                   |0000937|0000000|0000937|0000000|0000260|0000260|+000000|0000014|0000246|100.00|2009.06.11.23.22|
16|Szabolcs-Szatmár-Bereg   |151|Pátroha                  |0002156|0000000|0002156|0000000|0000814|0000814|+000000|0000014|0000800|100.00|2009.06.11.23.22|
16|Szabolcs-Szatmár-Bereg   |152|Pátyod                   |0000513|0000000|0000513|0000000|0000191|0000191|+000000|0000004|0000187|100.00|2009.06.11.23.22|
16|Szabolcs-Szatmár-Bereg   |153|Penészlek                |0000776|0000000|0000776|0000000|0000255|0000255|+000000|0000007|0000248|100.00|2009.06.11.23.22|
16|Szabolcs-Szatmár-Bereg   |154|Penyige                  |0000619|0000001|0000620|0000006|0000261|0000261|+000000|0000005|0000256|100.00|2009.06.11.23.22|
16|Szabolcs-Szatmár-Bereg   |155|Petneháza                |0001427|0000000|0001427|0000005|0000420|0000420|+000000|0000000|0000420|100.00|2009.06.11.23.22|
16|Szabolcs-Szatmár-Bereg   |156|Piricse                  |0001268|0000000|0001268|0000000|0000339|0000339|+000000|0000014|0000325|100.00|2009.06.11.23.22|
16|Szabolcs-Szatmár-Bereg   |157|Porcsalma                |0001962|0000001|0001963|0000006|0000593|0000593|+000000|0000004|0000589|100.00|2009.06.11.23.22|
16|Szabolcs-Szatmár-Bereg   |158|Pócspetri                |0001363|0000000|0001363|0000000|0000468|0000468|+000000|0000013|0000455|100.00|2009.06.11.23.22|
16|Szabolcs-Szatmár-Bereg   |159|Pusztadobos              |0001010|0000001|0001011|0000000|0000229|0000229|+000000|0000004|0000225|100.00|2009.06.11.23.22|
16|Szabolcs-Szatmár-Bereg   |160|Rakamaz                  |0003996|0000003|0003999|0000000|0001326|0001326|+000000|0000016|0001310|100.00|2009.06.11.23.22|
16|Szabolcs-Szatmár-Bereg   |161|Ramocsaháza              |0001187|0000000|0001187|0000000|0000370|0000370|+000000|0000002|0000368|100.00|2009.06.11.23.22|
16|Szabolcs-Szatmár-Bereg   |162|Rápolt                   |0000110|0000000|0000110|0000000|0000038|0000038|+000000|0000000|0000038|100.00|2009.06.11.23.22|
16|Szabolcs-Szatmár-Bereg   |163|Rétközberencs            |0000790|0000000|0000790|0000000|0000113|0000113|+000000|0000001|0000112|100.00|2009.06.11.23.22|
16|Szabolcs-Szatmár-Bereg   |164|Rohod                    |0000983|0000000|0000983|0000000|0000505|0000505|+000000|0000009|0000496|100.00|2009.06.11.23.22|
16|Szabolcs-Szatmár-Bereg   |165|Rozsály                  |0000520|0000001|0000521|0000000|0000181|0000181|+000000|0000004|0000177|100.00|2009.06.11.23.22|
16|Szabolcs-Szatmár-Bereg   |166|Sényõ                    |0001153|0000000|0001153|0000000|0000214|0000214|+000000|0000000|0000214|100.00|2009.06.11.23.22|
16|Szabolcs-Szatmár-Bereg   |167|Sonkád                   |0000547|0000000|0000547|0000000|0000265|0000265|+000000|0000001|0000264|100.00|2009.06.11.23.22|
16|Szabolcs-Szatmár-Bereg   |168|Szabolcs                 |0000318|0000002|0000320|0000000|0000128|0000128|+000000|0000002|0000126|100.00|2009.06.11.23.22|
16|Szabolcs-Szatmár-Bereg   |169|Szabolcsbáka             |0000982|0000000|0000982|0000000|0000276|0000276|+000000|0000003|0000273|100.00|2009.06.11.23.22|
16|Szabolcs-Szatmár-Bereg   |170|Szabolcsveresmart        |0001226|0000000|0001226|0000000|0000233|0000233|+000000|0000004|0000229|100.00|2009.06.11.23.22|
16|Szabolcs-Szatmár-Bereg   |171|Szakoly                  |0002230|0000001|0002231|0000003|0000615|0000615|+000000|0000013|0000602|100.00|2009.06.11.23.22|
16|Szabolcs-Szatmár-Bereg   |172|Szamosangyalos           |0000403|0000000|0000403|0000002|0000120|0000120|+000000|0000002|0000118|100.00|2009.06.11.23.22|
16|Szabolcs-Szatmár-Bereg   |173|Szamosbecs               |0000289|0000000|0000289|0000000|0000087|0000087|+000000|0000000|0000087|100.00|2009.06.11.23.22|
16|Szabolcs-Szatmár-Bereg   |174|Szamoskér                |0000346|0000000|0000346|0000000|0000112|0000112|+000000|0000000|0000112|100.00|2009.06.11.23.22|
16|Szabolcs-Szatmár-Bereg   |175|Szamossályi              |0000588|0000001|0000589|0000000|0000262|0000262|+000000|0000007|0000255|100.00|2009.06.11.23.22|
16|Szabolcs-Szatmár-Bereg   |176|Szamosszeg               |0001552|0000000|0001552|0000000|0000400|0000400|+000000|0000008|0000392|100.00|2009.06.11.23.22|
16|Szabolcs-Szatmár-Bereg   |177|Szamostatárfalva         |0000230|0000002|0000232|0000000|0000134|0000134|+000000|0000000|0000134|100.00|2009.06.11.23.22|
16|Szabolcs-Szatmár-Bereg   |178|Szamosújlak              |0000356|0000000|0000356|0000000|0000136|0000136|+000000|0000002|0000134|100.00|2009.06.11.23.22|
16|Szabolcs-Szatmár-Bereg   |179|Szatmárcseke             |0001123|0000004|0001127|0000001|0000408|0000408|+000000|0000001|0000407|100.00|2009.06.11.23.22|
16|Szabolcs-Szatmár-Bereg   |180|Székely                  |0000789|0000000|0000789|0000005|0000200|0000200|+000000|0000005|0000195|100.00|2009.06.11.23.22|
16|Szabolcs-Szatmár-Bereg   |181|Tarpa                    |0001610|0000002|0001612|0000006|0000416|0000416|+000000|0000007|0000409|100.00|2009.06.11.23.22|
16|Szabolcs-Szatmár-Bereg   |182|Tákos                    |0000302|0000000|0000302|0000000|0000185|0000185|+000000|0000001|0000184|100.00|2009.06.11.23.22|
16|Szabolcs-Szatmár-Bereg   |183|Terem                    |0000523|0000000|0000523|0000000|0000171|0000171|+000000|0000004|0000167|100.00|2009.06.11.23.22|
16|Szabolcs-Szatmár-Bereg   |184|Tiborszállás             |0000870|0000001|0000871|0000000|0000328|0000328|+000000|0000003|0000325|100.00|2009.06.11.23.22|
16|Szabolcs-Szatmár-Bereg   |185|Timár                    |0001025|0000002|0001027|0000000|0000288|0000288|+000000|0000004|0000284|100.00|2009.06.11.23.22|
16|Szabolcs-Szatmár-Bereg   |186|Tiszaadony               |0000474|0000000|0000474|0000000|0000183|0000183|+000000|0000002|0000181|100.00|2009.06.11.23.22|
16|Szabolcs-Szatmár-Bereg   |187|Tiszabecs                |0000812|0000009|0000821|0000000|0000394|0000394|+000000|0000001|0000393|100.00|2009.06.11.23.22|
16|Szabolcs-Szatmár-Bereg   |188|Tiszabercel              |0001476|0000004|0001480|0000003|0000433|0000433|+000000|0000006|0000427|100.00|2009.06.11.23.22|
16|Szabolcs-Szatmár-Bereg   |189|Tiszabezdéd              |0001438|0000003|0001441|0000001|0000287|0000287|+000000|0000004|0000283|100.00|2009.06.11.23.22|
16|Szabolcs-Szatmár-Bereg   |190|Tiszacsécse              |0000199|0000000|0000199|0000000|0000125|0000125|+000000|0000001|0000124|100.00|2009.06.11.23.22|
16|Szabolcs-Szatmár-Bereg   |191|Tiszadada                |0001811|0000004|0001815|0000000|0000506|0000506|+000000|0000023|0000483|100.00|2009.06.11.23.22|
16|Szabolcs-Szatmár-Bereg   |192|Tiszadob                 |0002222|0000003|0002225|0000005|0000594|0000593|-000001|0000013|0000580|100.00|2009.06.11.23.22|
16|Szabolcs-Szatmár-Bereg   |193|Tiszaeszlár              |0001987|0000006|0001993|0000000|0000836|0000835|-000001|0000022|0000813|100.00|2009.06.11.23.22|
16|Szabolcs-Szatmár-Bereg   |194|Tiszakanyár              |0001220|0000002|0001222|0000000|0000225|0000225|+000000|0000002|0000223|100.00|2009.06.11.23.22|
16|Szabolcs-Szatmár-Bereg   |195|Tiszakerecseny           |0000717|0000001|0000718|0000002|0000175|0000175|+000000|0000004|0000171|100.00|2009.06.11.23.22|
16|Szabolcs-Szatmár-Bereg   |196|Tiszakóród               |0000597|0000001|0000598|0000005|0000249|0000249|+000000|0000004|0000245|100.00|2009.06.11.23.22|
16|Szabolcs-Szatmár-Bereg   |197|Tiszalök                 |0004551|0000004|0004555|0000000|0001618|0001618|+000000|0000014|0001604|100.00|2009.06.11.23.22|
16|Szabolcs-Szatmár-Bereg   |198|Tiszamogyorós            |0000532|0000000|0000532|0000000|0000159|0000159|+000000|0000003|0000156|100.00|2009.06.11.23.22|
16|Szabolcs-Szatmár-Bereg   |199|Tiszanagyfalu            |0001511|0000002|0001513|0000000|0000385|0000385|+000000|0000004|0000381|100.00|2009.06.11.23.22|
16|Szabolcs-Szatmár-Bereg   |200|Tiszarád                 |0000398|0000000|0000398|0000002|0000104|0000104|+000000|0000001|0000103|100.00|2009.06.11.23.22|
16|Szabolcs-Szatmár-Bereg   |201|Tiszaszalka              |0000791|0000002|0000793|0000000|0000269|0000269|+000000|0000003|0000266|100.00|2009.06.11.23.22|
16|Szabolcs-Szatmár-Bereg   |202|Tiszaszentmárton         |0000928|0000000|0000928|0000000|0000235|0000235|+000000|0000004|0000231|100.00|2009.06.11.23.22|
16|Szabolcs-Szatmár-Bereg   |203|Tiszatelek               |0001185|0000000|0001185|0000001|0000257|0000256|-000001|0000003|0000253|100.00|2009.06.11.23.22|
16|Szabolcs-Szatmár-Bereg   |204|Tiszavasvári             |0009976|0000009|0009985|0000008|0003119|0003116|-000003|0000037|0003079|100.00|2009.06.11.23.22|
16|Szabolcs-Szatmár-Bereg   |205|Tiszavid                 |0000359|0000000|0000359|0000000|0000110|0000110|+000000|0000004|0000106|100.00|2009.06.11.23.22|
16|Szabolcs-Szatmár-Bereg   |206|Tisztaberek              |0000457|0000000|0000457|0000000|0000186|0000186|+000000|0000001|0000185|100.00|2009.06.11.23.22|
16|Szabolcs-Szatmár-Bereg   |207|Tivadar                  |0000168|0000002|0000170|0000000|0000103|0000103|+000000|0000000|0000103|100.00|2009.06.11.23.22|
16|Szabolcs-Szatmár-Bereg   |208|Tornyospálca             |0001982|0000001|0001983|0000000|0000624|0000624|+000000|0000012|0000612|100.00|2009.06.11.23.22|
16|Szabolcs-Szatmár-Bereg   |209|Tunyogmatolcs            |0001947|0000004|0001951|0000001|0000764|0000764|+000000|0000010|0000754|100.00|2009.06.11.23.22|
16|Szabolcs-Szatmár-Bereg   |210|Tuzsér                   |0002347|0000002|0002349|0000000|0000738|0000738|+000000|0000007|0000731|100.00|2009.06.11.23.22|
16|Szabolcs-Szatmár-Bereg   |211|Túristvándi              |0000545|0000004|0000549|0000000|0000245|0000245|+000000|0000006|0000239|100.00|2009.06.11.23.22|
16|Szabolcs-Szatmár-Bereg   |212|Túrricse                 |0000484|0000000|0000484|0000001|0000179|0000178|-000001|0000003|0000175|100.00|2009.06.11.23.22|
16|Szabolcs-Szatmár-Bereg   |213|Tyukod                   |0001619|0000000|0001619|0000000|0000413|0000413|+000000|0000006|0000407|100.00|2009.06.11.23.22|
16|Szabolcs-Szatmár-Bereg   |214|Ura                      |0000536|0000000|0000536|0000000|0000229|0000229|+000000|0000002|0000227|100.00|2009.06.11.23.22|
16|Szabolcs-Szatmár-Bereg   |215|Uszka                    |0000221|0000000|0000221|0000000|0000145|0000145|+000000|0000002|0000143|100.00|2009.06.11.23.22|
16|Szabolcs-Szatmár-Bereg   |216|Újdombrád                |0000536|0000000|0000536|0000000|0000107|0000107|+000000|0000002|0000105|100.00|2009.06.11.23.22|
16|Szabolcs-Szatmár-Bereg   |217|Újfehértó                |0010311|0000002|0010313|0000000|0002509|0002510|+000001|0000023|0002487|100.00|2009.06.11.23.22|
16|Szabolcs-Szatmár-Bereg   |218|Újkenéz                  |0000774|0000000|0000774|0000003|0000380|0000377|-000003|0000008|0000369|100.00|2009.06.11.23.22|
16|Szabolcs-Szatmár-Bereg   |219|Vaja                     |0002742|0000001|0002743|0000003|0000937|0000937|+000000|0000009|0000928|100.00|2009.06.11.23.22|
16|Szabolcs-Szatmár-Bereg   |220|Vasmegyer                |0001252|0000000|0001252|0000001|0000376|0000376|+000000|0000006|0000370|100.00|2009.06.11.23.22|
16|Szabolcs-Szatmár-Bereg   |221|Vállaj                   |0000738|0000001|0000739|0000000|0000279|0000279|+000000|0000004|0000275|100.00|2009.06.11.23.22|
16|Szabolcs-Szatmár-Bereg   |222|Vámosatya                |0000478|0000000|0000478|0000000|0000153|0000153|+000000|0000002|0000151|100.00|2009.06.11.23.22|
16|Szabolcs-Szatmár-Bereg   |223|Vámosoroszi              |0000418|0000000|0000418|0000001|0000182|0000182|+000000|0000003|0000179|100.00|2009.06.11.23.22|
16|Szabolcs-Szatmár-Bereg   |224|Vásárosnamény            |0007040|0000011|0007051|0000000|0002513|0002513|+000000|0000021|0002492|100.00|2009.06.11.23.22|
16|Szabolcs-Szatmár-Bereg   |225|Zajta                    |0000313|0000000|0000313|0000000|0000149|0000148|-000001|0000006|0000142|100.00|2009.06.11.23.22|
16|Szabolcs-Szatmár-Bereg   |226|Záhony                   |0003586|0000002|0003588|0000000|0000996|0000996|+000000|0000013|0000983|100.00|2009.06.11.23.22|
16|Szabolcs-Szatmár-Bereg   |227|Zsarolyán                |0000338|0000000|0000338|0000000|0000181|0000181|+000000|0000004|0000177|100.00|2009.06.11.23.22|
16|Szabolcs-Szatmár-Bereg   |228|Zsurk                    |0000593|0000000|0000593|0000000|0000139|0000139|+000000|0000002|0000137|100.00|2009.06.11.23.22|
16|Szabolcs-Szatmár-Bereg   |229|Szorgalmatos             |0000741|0000000|0000741|0000000|0000224|0000224|+000000|0000003|0000221|100.00|2009.06.11.23.22|
17|Tolna                    |001|Alsónána                 |0000600|0000001|0000601|0000000|0000179|0000179|+000000|0000003|0000176|100.00|2009.06.11.23.22|
17|Tolna                    |002|Alsónyék                 |0000608|0000000|0000608|0000000|0000170|0000170|+000000|0000002|0000168|100.00|2009.06.11.23.22|
17|Tolna                    |003|Aparhant                 |0000904|0000000|0000904|0000000|0000408|0000408|+000000|0000003|0000405|100.00|2009.06.11.23.22|
17|Tolna                    |004|Attala                   |0000691|0000001|0000692|0000000|0000227|0000227|+000000|0000003|0000224|100.00|2009.06.11.23.22|
17|Tolna                    |005|Báta                     |0001456|0000000|0001456|0000003|0000525|0000525|+000000|0000011|0000514|100.00|2009.06.11.23.22|
17|Tolna                    |006|Bátaapáti                |0000323|0000000|0000323|0000000|0000096|0000096|+000000|0000001|0000095|100.00|2009.06.11.23.22|
17|Tolna                    |007|Bátaszék                 |0005586|0000011|0005597|0000000|0001788|0001788|+000000|0000016|0001772|100.00|2009.06.11.23.22|
17|Tolna                    |008|Belecska                 |0000256|0000002|0000258|0000000|0000078|0000078|+000000|0000000|0000078|100.00|2009.06.11.23.22|
17|Tolna                    |009|Bikács                   |0000363|0000008|0000371|0000001|0000125|0000125|+000000|0000001|0000124|100.00|2009.06.11.23.22|
17|Tolna                    |010|Bogyiszló                |0001837|0000001|0001838|0000000|0000484|0000484|+000000|0000011|0000473|100.00|2009.06.11.23.22|
17|Tolna                    |011|Bonyhád                  |0011487|0000016|0011503|0000007|0004656|0004656|+000000|0000036|0004620|100.00|2009.06.11.23.22|
17|Tolna                    |012|Bonyhádvarasd            |0000399|0000000|0000399|0000000|0000174|0000174|+000000|0000002|0000172|100.00|2009.06.11.23.22|
17|Tolna                    |013|Bölcske                  |0002261|0000002|0002263|0000003|0000771|0000771|+000000|0000005|0000766|100.00|2009.06.11.23.22|
17|Tolna                    |014|Cikó                     |0000801|0000000|0000801|0000000|0000272|0000272|+000000|0000003|0000269|100.00|2009.06.11.23.22|
17|Tolna                    |015|Csibrák                  |0000284|0000000|0000284|0000000|0000103|0000103|+000000|0000000|0000103|100.00|2009.06.11.23.22|
17|Tolna                    |016|Csikóstõttõs             |0000704|0000000|0000704|0000000|0000200|0000200|+000000|0000001|0000199|100.00|2009.06.11.23.22|
17|Tolna                    |017|Dalmand                  |0001128|0000000|0001128|0000000|0000252|0000252|+000000|0000002|0000250|100.00|2009.06.11.23.22|
17|Tolna                    |018|Decs                     |0003398|0000003|0003401|0000000|0000879|0000878|-000001|0000010|0000868|100.00|2009.06.11.23.22|
17|Tolna                    |019|Diósberény               |0000315|0000000|0000315|0000000|0000105|0000105|+000000|0000001|0000104|100.00|2009.06.11.23.22|
17|Tolna                    |020|Dombóvár                 |0016373|0000027|0016400|0000005|0005630|0005626|-000004|0000028|0005598|100.00|2009.06.11.23.22|
17|Tolna                    |021|Döbrököz                 |0001665|0000001|0001666|0000000|0000502|0000502|+000000|0000002|0000500|100.00|2009.06.11.23.22|
17|Tolna                    |022|Dunaföldvár              |0007245|0000010|0007255|0000004|0002332|0002333|+000001|0000031|0002302|100.00|2009.06.11.23.22|
17|Tolna                    |023|Dunaszentgyörgy          |0002138|0000004|0002142|0000000|0000788|0000788|+000000|0000009|0000779|100.00|2009.06.11.23.22|
17|Tolna                    |024|Dúzs                     |0000211|0000000|0000211|0000000|0000081|0000081|+000000|0000000|0000081|100.00|2009.06.11.23.22|
17|Tolna                    |025|Értény                   |0000533|0000000|0000533|0000000|0000226|0000226|+000000|0000007|0000219|100.00|2009.06.11.23.22|
17|Tolna                    |026|Fadd                     |0003507|0000024|0003531|0000001|0001048|0001048|+000000|0000004|0001044|100.00|2009.06.11.23.22|
17|Tolna                    |027|Fácánkert                |0000598|0000000|0000598|0000000|0000146|0000146|+000000|0000001|0000145|100.00|2009.06.11.23.22|
17|Tolna                    |028|Felsõnána                |0000523|0000001|0000524|0000002|0000136|0000136|+000000|0000000|0000136|100.00|2009.06.11.23.22|
17|Tolna                    |029|Felsõnyék                |0000864|0000001|0000865|0000000|0000251|0000251|+000000|0000002|0000249|100.00|2009.06.11.23.22|
17|Tolna                    |030|Fürged                   |0000543|0000000|0000543|0000000|0000099|0000099|+000000|0000006|0000093|100.00|2009.06.11.23.22|
17|Tolna                    |031|Gerjen                   |0001052|0000000|0001052|0000000|0000285|0000285|+000000|0000004|0000281|100.00|2009.06.11.23.22|
17|Tolna                    |032|Grábóc                   |0000154|0000002|0000156|0000000|0000068|0000068|+000000|0000000|0000068|100.00|2009.06.11.23.22|
17|Tolna                    |033|Gyönk                    |0001692|0000002|0001694|0000001|0000596|0000596|+000000|0000009|0000587|100.00|2009.06.11.23.22|
17|Tolna                    |034|Györe                    |0000548|0000000|0000548|0000000|0000209|0000209|+000000|0000002|0000207|100.00|2009.06.11.23.22|
17|Tolna                    |035|Györköny                 |0000810|0000003|0000813|0000000|0000242|0000242|+000000|0000000|0000242|100.00|2009.06.11.23.22|
17|Tolna                    |036|Gyulaj                   |0000691|0000000|0000691|0000008|0000141|0000141|+000000|0000002|0000139|100.00|2009.06.11.23.22|
17|Tolna                    |037|Harc                     |0000745|0000000|0000745|0000004|0000214|0000214|+000000|0000000|0000214|100.00|2009.06.11.23.22|
17|Tolna                    |038|Hõgyész                  |0002442|0000001|0002443|0000000|0000889|0000889|+000000|0000021|0000868|100.00|2009.06.11.23.22|
17|Tolna                    |039|Iregszemcse              |0002219|0000003|0002222|0000000|0000699|0000699|+000000|0000008|0000691|100.00|2009.06.11.23.22|
17|Tolna                    |040|Izmény                   |0000413|0000001|0000414|0000000|0000153|0000153|+000000|0000001|0000152|100.00|2009.06.11.23.22|
17|Tolna                    |041|Jágónak                  |0000205|0000000|0000205|0000000|0000071|0000071|+000000|0000000|0000071|100.00|2009.06.11.23.22|
17|Tolna                    |042|Kajdacs                  |0001037|0000000|0001037|0000001|0000259|0000259|+000000|0000000|0000259|100.00|2009.06.11.23.22|
17|Tolna                    |043|Kakasd                   |0001430|0000001|0001431|0000000|0000648|0000648|+000000|0000007|0000641|100.00|2009.06.11.23.22|
17|Tolna                    |044|Kalaznó                  |0000148|0000000|0000148|0000000|0000084|0000083|-000001|0000001|0000082|100.00|2009.06.11.23.22|
17|Tolna                    |045|Kapospula                |0000738|0000000|0000738|0000000|0000285|0000285|+000000|0000001|0000284|100.00|2009.06.11.23.22|
17|Tolna                    |046|Kaposszekcsõ             |0001221|0000001|0001222|0000004|0000397|0000397|+000000|0000004|0000393|100.00|2009.06.11.23.22|
17|Tolna                    |047|Keszõhidegkút            |0000195|0000000|0000195|0000000|0000077|0000077|+000000|0000000|0000077|100.00|2009.06.11.23.22|
17|Tolna                    |048|Kéty                     |0000609|0000001|0000610|0000009|0000181|0000181|+000000|0000000|0000181|100.00|2009.06.11.23.22|
17|Tolna                    |049|Kisdorog                 |0000658|0000000|0000658|0000000|0000269|0000269|+000000|0000001|0000268|100.00|2009.06.11.23.22|
17|Tolna                    |050|Kismányok                |0000300|0000001|0000301|0000000|0000106|0000106|+000000|0000000|0000106|100.00|2009.06.11.23.22|
17|Tolna                    |051|Kisszékely               |0000299|0000003|0000302|0000000|0000124|0000124|+000000|0000002|0000122|100.00|2009.06.11.23.22|
17|Tolna                    |052|Kistormás                |0000292|0000000|0000292|0000000|0000068|0000068|+000000|0000000|0000068|100.00|2009.06.11.23.22|
17|Tolna                    |053|Kisvejke                 |0000312|0000000|0000312|0000000|0000087|0000087|+000000|0000001|0000086|100.00|2009.06.11.23.22|
17|Tolna                    |054|Kocsola                  |0001005|0000000|0001005|0000000|0000164|0000164|+000000|0000001|0000163|100.00|2009.06.11.23.22|
17|Tolna                    |055|Koppányszántó            |0000294|0000001|0000295|0000000|0000107|0000107|+000000|0000000|0000107|100.00|2009.06.11.23.22|
17|Tolna                    |056|Kölesd                   |0001229|0000002|0001231|0000002|0000312|0000312|+000000|0000006|0000306|100.00|2009.06.11.23.22|
17|Tolna                    |057|Kurd                     |0001002|0000000|0001002|0000000|0000247|0000247|+000000|0000004|0000243|100.00|2009.06.11.23.22|
17|Tolna                    |058|Lápafõ                   |0000138|0000000|0000138|0000000|0000052|0000052|+000000|0000000|0000052|100.00|2009.06.11.23.22|
17|Tolna                    |059|Lengyel                  |0000488|0000000|0000488|0000000|0000166|0000166|+000000|0000004|0000162|100.00|2009.06.11.23.22|
17|Tolna                    |060|Madocsa                  |0001628|0000002|0001630|0000001|0000687|0000687|+000000|0000003|0000684|100.00|2009.06.11.23.22|
17|Tolna                    |061|Magyarkeszi              |0000983|0000000|0000983|0000000|0000160|0000160|+000000|0000002|0000158|100.00|2009.06.11.23.22|
17|Tolna                    |062|Medina                   |0000663|0000001|0000664|0000000|0000224|0000224|+000000|0000002|0000222|100.00|2009.06.11.23.22|
17|Tolna                    |063|Miszla                   |0000265|0000001|0000266|0000000|0000129|0000129|+000000|0000002|0000127|100.00|2009.06.11.23.22|
17|Tolna                    |064|Mórágy                   |0000627|0000001|0000628|0000000|0000226|0000226|+000000|0000000|0000226|100.00|2009.06.11.23.22|
17|Tolna                    |065|Mõcsény                  |0000301|0000002|0000303|0000000|0000128|0000128|+000000|0000000|0000128|100.00|2009.06.11.23.22|
17|Tolna                    |066|Mucsfa                   |0000315|0000000|0000315|0000000|0000145|0000145|+000000|0000000|0000145|100.00|2009.06.11.23.22|
17|Tolna                    |067|Mucsi                    |0000368|0000000|0000368|0000000|0000127|0000127|+000000|0000002|0000125|100.00|2009.06.11.23.22|
17|Tolna                    |068|Murga                    |0000076|0000000|0000076|0000000|0000034|0000034|+000000|0000000|0000034|100.00|2009.06.11.23.22|
17|Tolna                    |069|Nagydorog                |0002264|0000001|0002265|0000000|0000696|0000696|+000000|0000003|0000693|100.00|2009.06.11.23.22|
17|Tolna                    |070|Nagykónyi                |0000936|0000000|0000936|0000000|0000289|0000289|+000000|0000008|0000281|100.00|2009.06.11.23.22|
17|Tolna                    |071|Nagymányok               |0002020|0000001|0002021|0000001|0000757|0000757|+000000|0000014|0000743|100.00|2009.06.11.23.22|
17|Tolna                    |072|Nagyszékely              |0000347|0000004|0000351|0000000|0000146|0000146|+000000|0000004|0000142|100.00|2009.06.11.23.22|
17|Tolna                    |073|Nagyszokoly              |0000710|0000000|0000710|0000000|0000123|0000123|+000000|0000002|0000121|100.00|2009.06.11.23.22|
17|Tolna                    |074|Nagyvejke                |0000156|0000000|0000156|0000000|0000068|0000068|+000000|0000002|0000066|100.00|2009.06.11.23.22|
17|Tolna                    |075|Nak                      |0000492|0000000|0000492|0000000|0000194|0000194|+000000|0000004|0000190|100.00|2009.06.11.23.22|
17|Tolna                    |076|Németkér                 |0001459|0000001|0001460|0000000|0000417|0000417|+000000|0000002|0000415|100.00|2009.06.11.23.22|
17|Tolna                    |077|Ozora                    |0001380|0000004|0001384|0000000|0000426|0000426|+000000|0000010|0000416|100.00|2009.06.11.23.22|
17|Tolna                    |078|Õcsény                   |0002060|0000001|0002061|0000000|0000609|0000608|-000001|0000004|0000604|100.00|2009.06.11.23.22|
17|Tolna                    |079|Paks                     |0016169|0000043|0016212|0000001|0006391|0006391|+000000|0000033|0006358|100.00|2009.06.11.23.22|
17|Tolna                    |080|Pálfa                    |0001235|0000001|0001236|0000000|0000353|0000353|+000000|0000005|0000348|100.00|2009.06.11.23.22|
17|Tolna                    |081|Pincehely                |0001992|0000003|0001995|0000001|0000640|0000640|+000000|0000012|0000628|100.00|2009.06.11.23.22|
17|Tolna                    |082|Pörböly                  |0000468|0000003|0000471|0000000|0000129|0000129|+000000|0000001|0000128|100.00|2009.06.11.23.22|
17|Tolna                    |083|Pusztahencse             |0000804|0000000|0000804|0000000|0000227|0000227|+000000|0000001|0000226|100.00|2009.06.11.23.22|
17|Tolna                    |084|Regöly                   |0000988|0000002|0000990|0000000|0000393|0000393|+000000|0000006|0000387|100.00|2009.06.11.23.22|
17|Tolna                    |085|Sárpilis                 |0000526|0000000|0000526|0000000|0000136|0000136|+000000|0000000|0000136|100.00|2009.06.11.23.22|
17|Tolna                    |086|Sárszentlõrinc           |0000825|0000003|0000828|0000000|0000276|0000276|+000000|0000002|0000274|100.00|2009.06.11.23.22|
17|Tolna                    |087|Simontornya              |0003659|0000002|0003661|0000000|0000937|0000937|+000000|0000004|0000933|100.00|2009.06.11.23.22|
17|Tolna                    |088|Sióagárd                 |0001083|0000003|0001086|0000000|0000469|0000468|-000001|0000000|0000468|100.00|2009.06.11.23.22|
17|Tolna                    |089|Szakadát                 |0000242|0000000|0000242|0000000|0000110|0000110|+000000|0000000|0000110|100.00|2009.06.11.23.22|
17|Tolna                    |090|Szakály                  |0001165|0000000|0001165|0000000|0000342|0000341|-000001|0000007|0000334|100.00|2009.06.11.23.22|
17|Tolna                    |091|Szakcs                   |0000785|0000000|0000785|0000000|0000189|0000189|+000000|0000002|0000187|100.00|2009.06.11.23.22|
17|Tolna                    |092|Szálka                   |0000498|0000004|0000502|0000000|0000210|0000210|+000000|0000002|0000208|100.00|2009.06.11.23.22|
17|Tolna                    |093|Szárazd                  |0000190|0000000|0000190|0000000|0000099|0000099|+000000|0000001|0000098|100.00|2009.06.11.23.22|
17|Tolna                    |094|Szedres                  |0001927|0000000|0001927|0000000|0000500|0000499|-000001|0000006|0000493|100.00|2009.06.11.23.22|
17|Tolna                    |095|Szekszárd                |0028208|0000067|0028275|0000016|0011139|0011137|-000002|0000054|0011083|100.00|2009.06.11.23.22|
17|Tolna                    |096|Tamási                   |0007168|0000005|0007173|0000002|0002202|0002205|+000003|0000039|0002166|100.00|2009.06.11.23.22|
17|Tolna                    |097|Tengelic                 |0001978|0000003|0001981|0000000|0000544|0000544|+000000|0000011|0000533|100.00|2009.06.11.23.22|
17|Tolna                    |098|Tevel                    |0001252|0000001|0001253|0000000|0000387|0000387|+000000|0000002|0000385|100.00|2009.06.11.23.22|
17|Tolna                    |099|Tolna                    |0009779|0000008|0009787|0000000|0003027|0003027|+000000|0000017|0003010|100.00|2009.06.11.23.22|
17|Tolna                    |100|Tolnanémedi              |0000964|0000003|0000967|0000000|0000290|0000290|+000000|0000004|0000286|100.00|2009.06.11.23.22|
17|Tolna                    |101|Udvari                   |0000395|0000000|0000395|0000000|0000158|0000158|+000000|0000002|0000156|100.00|2009.06.11.23.22|
17|Tolna                    |102|Újireg                   |0000247|0000000|0000247|0000000|0000073|0000073|+000000|0000003|0000070|100.00|2009.06.11.23.22|
17|Tolna                    |103|Varsád                   |0000312|0000001|0000313|0000000|0000137|0000137|+000000|0000002|0000135|100.00|2009.06.11.23.22|
17|Tolna                    |104|Váralja                  |0000727|0000004|0000731|0000000|0000219|0000219|+000000|0000001|0000218|100.00|2009.06.11.23.22|
17|Tolna                    |105|Várdomb                  |0001029|0000003|0001032|0000000|0000349|0000349|+000000|0000003|0000346|100.00|2009.06.11.23.22|
17|Tolna                    |106|Várong                   |0000141|0000000|0000141|0000000|0000065|0000065|+000000|0000001|0000064|100.00|2009.06.11.23.22|
17|Tolna                    |107|Závod                    |0000264|0000001|0000265|0000001|0000140|0000140|+000000|0000001|0000139|100.00|2009.06.11.23.22|
17|Tolna                    |108|Zomba                    |0001834|0000000|0001834|0000015|0000704|0000704|+000000|0000013|0000691|100.00|2009.06.11.23.22|
17|Tolna                    |109|Pári                     |0000527|0000000|0000527|0000000|0000209|0000209|+000000|0000004|0000205|100.00|2009.06.11.23.22|
18|Vas                      |001|Acsád                    |0000584|0000000|0000584|0000000|0000178|0000178|+000000|0000003|0000175|100.00|2009.06.11.23.22|
18|Vas                      |002|Alsószölnök              |0000319|0000000|0000319|0000000|0000132|0000132|+000000|0000001|0000131|100.00|2009.06.11.23.22|
18|Vas                      |003|Alsóújlak                |0000517|0000000|0000517|0000000|0000230|0000230|+000000|0000004|0000226|100.00|2009.06.11.23.22|
18|Vas                      |004|Andrásfa                 |0000226|0000000|0000226|0000000|0000063|0000063|+000000|0000000|0000063|100.00|2009.06.11.23.22|
18|Vas                      |005|Apátistvánfalva          |0000319|0000000|0000319|0000000|0000121|0000121|+000000|0000000|0000121|100.00|2009.06.11.23.22|
18|Vas                      |006|Bajánsenye               |0000442|0000001|0000443|0000000|0000237|0000237|+000000|0000002|0000235|100.00|2009.06.11.23.22|
18|Vas                      |007|Balogunyom               |0001006|0000003|0001009|0000000|0000378|0000378|+000000|0000005|0000373|100.00|2009.06.11.23.22|
18|Vas                      |008|Bejcgyertyános           |0000406|0000001|0000407|0000000|0000158|0000158|+000000|0000001|0000157|100.00|2009.06.11.23.22|
18|Vas                      |009|Bérbaltavár              |0000420|0000000|0000420|0000000|0000077|0000077|+000000|0000001|0000076|100.00|2009.06.11.23.22|
18|Vas                      |010|Boba                     |0000681|0000003|0000684|0000000|0000290|0000290|+000000|0000006|0000284|100.00|2009.06.11.23.22|
18|Vas                      |011|Borgáta                  |0000136|0000002|0000138|0000000|0000060|0000060|+000000|0000000|0000060|100.00|2009.06.11.23.22|
18|Vas                      |012|Bozsok                   |0000309|0000001|0000310|0000000|0000172|0000172|+000000|0000004|0000168|100.00|2009.06.11.23.22|
18|Vas                      |013|Bozzai                   |0000270|0000000|0000270|0000000|0000100|0000100|+000000|0000000|0000100|100.00|2009.06.11.23.22|
18|Vas                      |014|Bögöt                    |0000314|0000000|0000314|0000000|0000159|0000159|+000000|0000001|0000158|100.00|2009.06.11.23.22|
18|Vas                      |015|Bögöte                   |0000267|0000000|0000267|0000000|0000095|0000095|+000000|0000002|0000093|100.00|2009.06.11.23.22|
18|Vas                      |016|Bõ                       |0000520|0000001|0000521|0000000|0000264|0000264|+000000|0000001|0000263|100.00|2009.06.11.23.22|
18|Vas                      |017|Bucsu                    |0000489|0000001|0000490|0000000|0000241|0000241|+000000|0000003|0000238|100.00|2009.06.11.23.22|
18|Vas                      |018|Bük                      |0002600|0000100|0002700|0000000|0001011|0001011|+000000|0000003|0001008|100.00|2009.06.11.23.22|
18|Vas                      |019|Cák                      |0000218|0000002|0000220|0000000|0000109|0000109|+000000|0000003|0000106|100.00|2009.06.11.23.22|
18|Vas                      |020|Celldömölk               |0009413|0000017|0009430|0000001|0003461|0003459|-000002|0000025|0003434|100.00|2009.06.11.23.22|
18|Vas                      |021|Chernelházadamonya       |0000162|0000000|0000162|0000000|0000084|0000084|+000000|0000001|0000083|100.00|2009.06.11.23.22|
18|Vas                      |022|Csákánydoroszló          |0001274|0000001|0001275|0000000|0000389|0000389|+000000|0000006|0000383|100.00|2009.06.11.23.22|
18|Vas                      |023|Csánig                   |0000325|0000002|0000327|0000000|0000175|0000175|+000000|0000002|0000173|100.00|2009.06.11.23.22|
18|Vas                      |024|Csehi                    |0000210|0000000|0000210|0000000|0000113|0000113|+000000|0000005|0000108|100.00|2009.06.11.23.22|
18|Vas                      |025|Csehimindszent           |0000307|0000000|0000307|0000000|0000090|0000090|+000000|0000000|0000090|100.00|2009.06.11.23.22|
18|Vas                      |026|Csempeszkopács           |0000257|0000003|0000260|0000000|0000115|0000115|+000000|0000002|0000113|100.00|2009.06.11.23.22|
18|Vas                      |027|Csepreg                  |0002626|0000004|0002630|0000000|0000948|0000948|+000000|0000010|0000938|100.00|2009.06.11.23.22|
18|Vas                      |028|Csénye                   |0000512|0000001|0000513|0000000|0000153|0000153|+000000|0000000|0000153|100.00|2009.06.11.23.22|
18|Vas                      |029|Csipkerek                |0000332|0000000|0000332|0000000|0000125|0000125|+000000|0000002|0000123|100.00|2009.06.11.23.22|
18|Vas                      |030|Csönge                   |0000333|0000000|0000333|0000000|0000099|0000099|+000000|0000000|0000099|100.00|2009.06.11.23.22|
18|Vas                      |031|Csörötnek                |0000724|0000002|0000726|0000001|0000270|0000269|-000001|0000000|0000269|100.00|2009.06.11.23.22|
18|Vas                      |032|Daraboshegy              |0000081|0000001|0000082|0000000|0000046|0000046|+000000|0000000|0000046|100.00|2009.06.11.23.22|
18|Vas                      |033|Dozmat                   |0000167|0000000|0000167|0000000|0000086|0000086|+000000|0000000|0000086|100.00|2009.06.11.23.22|
18|Vas                      |034|Döbörhegy                |0000145|0000002|0000147|0000000|0000080|0000080|+000000|0000003|0000077|100.00|2009.06.11.23.22|
18|Vas                      |035|Döröske                  |0000081|0000000|0000081|0000000|0000051|0000051|+000000|0000002|0000049|100.00|2009.06.11.23.22|
18|Vas                      |036|Duka                     |0000225|0000001|0000226|0000000|0000074|0000074|+000000|0000001|0000073|100.00|2009.06.11.23.22|
18|Vas                      |037|Egervölgy                |0000317|0000001|0000318|0000000|0000108|0000108|+000000|0000001|0000107|100.00|2009.06.11.23.22|
18|Vas                      |038|Egyházashetye            |0000305|0000002|0000307|0000000|0000111|0000111|+000000|0000001|0000110|100.00|2009.06.11.23.22|
18|Vas                      |039|Egyházashollós           |0000471|0000000|0000471|0000000|0000167|0000167|+000000|0000004|0000163|100.00|2009.06.11.23.22|
18|Vas                      |040|Egyházasrádóc            |0001069|0000003|0001072|0000000|0000494|0000493|-000001|0000004|0000489|100.00|2009.06.11.23.22|
18|Vas                      |041|Felsõcsatár              |0000379|0000000|0000379|0000000|0000173|0000173|+000000|0000001|0000172|100.00|2009.06.11.23.22|
18|Vas                      |042|Felsõjánosfa             |0000174|0000000|0000174|0000000|0000086|0000086|+000000|0000000|0000086|100.00|2009.06.11.23.22|
18|Vas                      |043|Felsõmarác               |0000223|0000000|0000223|0000000|0000119|0000119|+000000|0000000|0000119|100.00|2009.06.11.23.22|
18|Vas                      |044|Felsõszölnök             |0000494|0000001|0000495|0000000|0000168|0000168|+000000|0000004|0000164|100.00|2009.06.11.23.22|
18|Vas                      |045|Gasztony                 |0000392|0000001|0000393|0000000|0000197|0000197|+000000|0000000|0000197|100.00|2009.06.11.23.22|
18|Vas                      |046|Gencsapáti               |0002120|0000005|0002125|0000000|0000974|0000974|+000000|0000010|0000964|100.00|2009.06.11.23.22|
18|Vas                      |047|Gersekarát               |0000568|0000001|0000569|0000001|0000184|0000184|+000000|0000003|0000181|100.00|2009.06.11.23.22|
18|Vas                      |048|Gérce                    |0000934|0000002|0000936|0000000|0000271|0000271|+000000|0000006|0000265|100.00|2009.06.11.23.22|
18|Vas                      |049|Gór                      |0000239|0000000|0000239|0000000|0000106|0000106|+000000|0000000|0000106|100.00|2009.06.11.23.22|
18|Vas                      |050|Gyanógeregye             |0000134|0000000|0000134|0000000|0000051|0000051|+000000|0000002|0000049|100.00|2009.06.11.23.22|
18|Vas                      |051|Gyöngyösfalu             |0000891|0000001|0000892|0000000|0000333|0000333|+000000|0000007|0000326|100.00|2009.06.11.23.22|
18|Vas                      |052|Gyõrvár                  |0000536|0000000|0000536|0000000|0000152|0000152|+000000|0000001|0000151|100.00|2009.06.11.23.22|
18|Vas                      |053|Halastó                  |0000090|0000000|0000090|0000000|0000047|0000047|+000000|0000000|0000047|100.00|2009.06.11.23.22|
18|Vas                      |054|Halogy                   |0000239|0000000|0000239|0000000|0000133|0000133|+000000|0000004|0000129|100.00|2009.06.11.23.22|
18|Vas                      |055|Harasztifalu             |0000145|0000001|0000146|0000000|0000083|0000083|+000000|0000000|0000083|100.00|2009.06.11.23.22|
18|Vas                      |056|Hegyfalu                 |0000616|0000001|0000617|0000000|0000229|0000228|-000001|0000001|0000227|100.00|2009.06.11.23.22|
18|Vas                      |057|Hegyháthodász            |0000151|0000000|0000151|0000000|0000073|0000073|+000000|0000000|0000073|100.00|2009.06.11.23.22|
18|Vas                      |058|Hegyhátsál               |0000134|0000000|0000134|0000000|0000071|0000071|+000000|0000003|0000068|100.00|2009.06.11.23.22|
18|Vas                      |059|Hegyhátszentjakab        |0000256|0000000|0000256|0000000|0000121|0000121|+000000|0000000|0000121|100.00|2009.06.11.23.22|
18|Vas                      |060|Hegyhátszentmárton       |0000051|0000001|0000052|0000000|0000028|0000028|+000000|0000000|0000028|100.00|2009.06.11.23.22|
18|Vas                      |061|Hegyhátszentpéter        |0000133|0000000|0000133|0000000|0000072|0000072|+000000|0000003|0000069|100.00|2009.06.11.23.22|
18|Vas                      |062|Horvátlövõ               |0000168|0000000|0000168|0000000|0000096|0000096|+000000|0000002|0000094|100.00|2009.06.11.23.22|
18|Vas                      |063|Horvátzsidány            |0000681|0000000|0000681|0000000|0000261|0000261|+000000|0000004|0000257|100.00|2009.06.11.23.22|
18|Vas                      |064|Hosszúpereszteg          |0000629|0000008|0000637|0000000|0000186|0000186|+000000|0000000|0000186|100.00|2009.06.11.23.22|
18|Vas                      |065|Ikervár                  |0001470|0000003|0001473|0000000|0000444|0000444|+000000|0000003|0000441|100.00|2009.06.11.23.22|
18|Vas                      |066|Iklanberény              |0000028|0000000|0000028|0000000|0000018|0000018|+000000|0000000|0000018|100.00|2009.06.11.23.22|
18|Vas                      |067|Ispánk                   |0000094|0000000|0000094|0000000|0000058|0000058|+000000|0000000|0000058|100.00|2009.06.11.23.22|
18|Vas                      |068|Ivánc                    |0000446|0000000|0000446|0000000|0000176|0000176|+000000|0000005|0000171|100.00|2009.06.11.23.22|
18|Vas                      |069|Ják                      |0001965|0000003|0001968|0000000|0000565|0000565|+000000|0000008|0000557|100.00|2009.06.11.23.22|
18|Vas                      |070|Jákfa                    |0000443|0000000|0000443|0000000|0000173|0000173|+000000|0000003|0000170|100.00|2009.06.11.23.22|
18|Vas                      |071|Jánosháza                |0002170|0000004|0002174|0000000|0000642|0000642|+000000|0000008|0000634|100.00|2009.06.11.23.22|
18|Vas                      |072|Karakó                   |0000177|0000000|0000177|0000000|0000059|0000059|+000000|0000000|0000059|100.00|2009.06.11.23.22|
18|Vas                      |073|Katafa                   |0000306|0000000|0000306|0000000|0000149|0000149|+000000|0000003|0000146|100.00|2009.06.11.23.22|
18|Vas                      |074|Káld                     |0000952|0000000|0000952|0000003|0000276|0000276|+000000|0000003|0000273|100.00|2009.06.11.23.22|
18|Vas                      |075|Kám                      |0000346|0000001|0000347|0000000|0000139|0000139|+000000|0000001|0000138|100.00|2009.06.11.23.22|
18|Vas                      |076|Keléd                    |0000072|0000000|0000072|0000000|0000021|0000021|+000000|0000000|0000021|100.00|2009.06.11.23.22|
18|Vas                      |077|Kemeneskápolna           |0000081|0000000|0000081|0000000|0000037|0000037|+000000|0000000|0000037|100.00|2009.06.11.23.22|
18|Vas                      |078|Kemenesmagasi            |0000775|0000002|0000777|0000000|0000244|0000244|+000000|0000001|0000243|100.00|2009.06.11.23.22|
18|Vas                      |079|Kemenesmihályfa          |0000463|0000000|0000463|0000000|0000136|0000136|+000000|0000001|0000135|100.00|2009.06.11.23.22|
18|Vas                      |080|Kemenespálfa             |0000346|0000000|0000346|0000000|0000123|0000123|+000000|0000003|0000120|100.00|2009.06.11.23.22|
18|Vas                      |081|Kemenessömjén            |0000515|0000000|0000515|0000000|0000155|0000155|+000000|0000000|0000155|100.00|2009.06.11.23.22|
18|Vas                      |082|Kemenesszentmárton       |0000184|0000000|0000184|0000000|0000065|0000065|+000000|0000001|0000064|100.00|2009.06.11.23.22|
18|Vas                      |083|Kemestaródfa             |0000195|0000002|0000197|0000000|0000118|0000118|+000000|0000000|0000118|100.00|2009.06.11.23.22|
18|Vas                      |084|Kenéz                    |0000233|0000000|0000233|0000000|0000093|0000093|+000000|0000001|0000092|100.00|2009.06.11.23.22|
18|Vas                      |085|Kenyeri                  |0000783|0000004|0000787|0000000|0000319|0000318|-000001|0000003|0000315|100.00|2009.06.11.23.22|
18|Vas                      |086|Kercaszomor              |0000204|0000000|0000204|0000000|0000106|0000106|+000000|0000001|0000105|100.00|2009.06.11.23.22|
18|Vas                      |087|Kerkáskápolna            |0000072|0000002|0000074|0000000|0000039|0000039|+000000|0000000|0000039|100.00|2009.06.11.23.22|
18|Vas                      |088|Kétvölgy                 |0000119|0000000|0000119|0000000|0000076|0000076|+000000|0000000|0000076|100.00|2009.06.11.23.22|
18|Vas                      |089|Kisrákos                 |0000195|0000002|0000197|0000000|0000080|0000080|+000000|0000002|0000078|100.00|2009.06.11.23.22|
18|Vas                      |090|Kissomlyó                |0000204|0000001|0000205|0000000|0000065|0000065|+000000|0000001|0000064|100.00|2009.06.11.23.22|
18|Vas                      |091|Kisunyom                 |0000360|0000000|0000360|0000000|0000177|0000177|+000000|0000000|0000177|100.00|2009.06.11.23.22|
18|Vas                      |092|Kiszsidány               |0000081|0000000|0000081|0000000|0000044|0000044|+000000|0000001|0000043|100.00|2009.06.11.23.22|
18|Vas                      |093|Kondorfa                 |0000495|0000002|0000497|0000000|0000187|0000187|+000000|0000004|0000183|100.00|2009.06.11.23.22|
18|Vas                      |094|Köcsk                    |0000235|0000000|0000235|0000000|0000074|0000074|+000000|0000000|0000074|100.00|2009.06.11.23.22|
18|Vas                      |095|Körmend                  |0009709|0000018|0009727|0000001|0004135|0004135|+000000|0000028|0004107|100.00|2009.06.11.23.22|
18|Vas                      |096|Kõszeg                   |0009133|0000038|0009171|0000000|0003765|0003765|+000000|0000030|0003735|100.00|2009.06.11.23.22|
18|Vas                      |097|Kõszegdoroszló           |0000206|0000000|0000206|0000000|0000101|0000101|+000000|0000002|0000099|100.00|2009.06.11.23.22|
18|Vas                      |098|Kõszegpaty               |0000166|0000000|0000166|0000000|0000082|0000082|+000000|0000001|0000081|100.00|2009.06.11.23.22|
18|Vas                      |099|Kõszegszerdahely         |0000386|0000000|0000386|0000000|0000165|0000165|+000000|0000001|0000164|100.00|2009.06.11.23.22|
18|Vas                      |100|Lócs                     |0000105|0000000|0000105|0000000|0000055|0000055|+000000|0000000|0000055|100.00|2009.06.11.23.22|
18|Vas                      |101|Lukácsháza               |0000875|0000001|0000876|0000000|0000352|0000352|+000000|0000002|0000350|100.00|2009.06.11.23.22|
18|Vas                      |102|Magyarlak                |0000644|0000000|0000644|0000000|0000278|0000278|+000000|0000002|0000276|100.00|2009.06.11.23.22|
18|Vas                      |103|Magyarnádalja            |0000173|0000000|0000173|0000000|0000110|0000110|+000000|0000000|0000110|100.00|2009.06.11.23.22|
18|Vas                      |104|Magyarszecsõd            |0000383|0000000|0000383|0000000|0000142|0000142|+000000|0000002|0000140|100.00|2009.06.11.23.22|
18|Vas                      |105|Magyarszombatfa          |0000235|0000005|0000240|0000000|0000121|0000121|+000000|0000001|0000120|100.00|2009.06.11.23.22|
18|Vas                      |106|Meggyeskovácsi           |0000585|0000001|0000586|0000000|0000151|0000151|+000000|0000004|0000147|100.00|2009.06.11.23.22|
18|Vas                      |107|Megyehíd                 |0000269|0000001|0000270|0000000|0000104|0000104|+000000|0000000|0000104|100.00|2009.06.11.23.22|
18|Vas                      |108|Mersevát                 |0000489|0000000|0000489|0000000|0000177|0000177|+000000|0000002|0000175|100.00|2009.06.11.23.22|
18|Vas                      |109|Mesterháza               |0000135|0000000|0000135|0000000|0000064|0000064|+000000|0000000|0000064|100.00|2009.06.11.23.22|
18|Vas                      |110|Mesteri                  |0000209|0000020|0000229|0000000|0000090|0000090|+000000|0000002|0000088|100.00|2009.06.11.23.22|
18|Vas                      |111|Meszlen                  |0000193|0000000|0000193|0000000|0000124|0000124|+000000|0000000|0000124|100.00|2009.06.11.23.22|
18|Vas                      |112|Mikosszéplak             |0000285|0000000|0000285|0000000|0000061|0000061|+000000|0000000|0000061|100.00|2009.06.11.23.22|
18|Vas                      |113|Molnaszecsõd             |0000356|0000002|0000358|0000000|0000168|0000168|+000000|0000000|0000168|100.00|2009.06.11.23.22|
18|Vas                      |114|Nagygeresd               |0000257|0000000|0000257|0000000|0000078|0000078|+000000|0000002|0000076|100.00|2009.06.11.23.22|
18|Vas                      |115|Nagykölked               |0000108|0000000|0000108|0000000|0000047|0000047|+000000|0000002|0000045|100.00|2009.06.11.23.22|
18|Vas                      |116|Nagymizdó                |0000109|0000000|0000109|0000000|0000085|0000085|+000000|0000000|0000085|100.00|2009.06.11.23.22|
18|Vas                      |117|Nagyrákos                |0000249|0000000|0000249|0000000|0000092|0000092|+000000|0000000|0000092|100.00|2009.06.11.23.22|
18|Vas                      |118|Nagysimonyi              |0000806|0000000|0000806|0000000|0000279|0000279|+000000|0000004|0000275|100.00|2009.06.11.23.22|
18|Vas                      |119|Nagytilaj                |0000118|0000000|0000118|0000000|0000040|0000040|+000000|0000004|0000036|100.00|2009.06.11.23.22|
18|Vas                      |120|Narda                    |0000443|0000000|0000443|0000000|0000216|0000216|+000000|0000002|0000214|100.00|2009.06.11.23.22|
18|Vas                      |121|Nádasd                   |0001071|0000000|0001071|0000000|0000429|0000429|+000000|0000005|0000424|100.00|2009.06.11.23.22|
18|Vas                      |122|Nárai                    |0000975|0000001|0000976|0000000|0000347|0000347|+000000|0000001|0000346|100.00|2009.06.11.23.22|
18|Vas                      |123|Nemesbõd                 |0000542|0000003|0000545|0000000|0000215|0000215|+000000|0000001|0000214|100.00|2009.06.11.23.22|
18|Vas                      |124|Nemescsó                 |0000255|0000001|0000256|0000000|0000114|0000114|+000000|0000002|0000112|100.00|2009.06.11.23.22|
18|Vas                      |125|Nemeskeresztúr           |0000259|0000002|0000261|0000000|0000101|0000101|+000000|0000002|0000099|100.00|2009.06.11.23.22|
18|Vas                      |126|Nemeskocs                |0000276|0000002|0000278|0000000|0000129|0000129|+000000|0000003|0000126|100.00|2009.06.11.23.22|
18|Vas                      |127|Nemeskolta               |0000301|0000000|0000301|0000000|0000100|0000100|+000000|0000003|0000097|100.00|2009.06.11.23.22|
18|Vas                      |128|Nemesládony              |0000110|0000001|0000111|0000000|0000047|0000047|+000000|0000002|0000045|100.00|2009.06.11.23.22|
18|Vas                      |129|Nemesmedves              |0000017|0000000|0000017|0000000|0000004|0000004|+000000|0000000|0000004|100.00|2009.06.11.23.22|
18|Vas                      |130|Nemesrempehollós         |0000241|0000000|0000241|0000000|0000066|0000066|+000000|0000004|0000062|100.00|2009.06.11.23.22|
18|Vas                      |131|Nick                     |0000458|0000001|0000459|0000000|0000206|0000206|+000000|0000001|0000205|100.00|2009.06.11.23.22|
18|Vas                      |132|Nyõgér                   |0000270|0000001|0000271|0000000|0000141|0000141|+000000|0000002|0000139|100.00|2009.06.11.23.22|
18|Vas                      |133|Olaszfa                  |0000389|0000000|0000389|0000000|0000108|0000108|+000000|0000003|0000105|100.00|2009.06.11.23.22|
18|Vas                      |134|Orfalu                   |0000053|0000000|0000053|0000000|0000027|0000027|+000000|0000001|0000026|100.00|2009.06.11.23.22|
18|Vas                      |135|Ostffyasszonyfa          |0000698|0000000|0000698|0000000|0000211|0000211|+000000|0000001|0000210|100.00|2009.06.11.23.22|
18|Vas                      |136|Oszkó                    |0000549|0000001|0000550|0000000|0000182|0000182|+000000|0000002|0000180|100.00|2009.06.11.23.22|
18|Vas                      |137|Ólmod                    |0000088|0000000|0000088|0000000|0000043|0000043|+000000|0000002|0000041|100.00|2009.06.11.23.22|
18|Vas                      |138|Ölbõ                     |0000629|0000000|0000629|0000000|0000173|0000173|+000000|0000000|0000173|100.00|2009.06.11.23.22|
18|Vas                      |139|Õrimagyarósd             |0000200|0000004|0000204|0000000|0000108|0000108|+000000|0000003|0000105|100.00|2009.06.11.23.22|
18|Vas                      |140|Õriszentpéter            |0001003|0000013|0001016|0000000|0000392|0000392|+000000|0000003|0000389|100.00|2009.06.11.23.22|
18|Vas                      |141|Pankasz                  |0000380|0000002|0000382|0000000|0000143|0000143|+000000|0000001|0000142|100.00|2009.06.11.23.22|
18|Vas                      |142|Pácsony                  |0000233|0000000|0000233|0000000|0000096|0000096|+000000|0000003|0000093|100.00|2009.06.11.23.22|
18|Vas                      |143|Pápoc                    |0000308|0000000|0000308|0000000|0000160|0000160|+000000|0000000|0000160|100.00|2009.06.11.23.22|
18|Vas                      |144|Pecöl                    |0000676|0000000|0000676|0000000|0000166|0000166|+000000|0000005|0000161|100.00|2009.06.11.23.22|
18|Vas                      |145|Perenye                  |0000570|0000000|0000570|0000000|0000259|0000259|+000000|0000004|0000255|100.00|2009.06.11.23.22|
18|Vas                      |146|Peresznye                |0000444|0000000|0000444|0000000|0000229|0000229|+000000|0000002|0000227|100.00|2009.06.11.23.22|
18|Vas                      |147|Petõmihályfa             |0000198|0000000|0000198|0000000|0000097|0000097|+000000|0000000|0000097|100.00|2009.06.11.23.22|
18|Vas                      |148|Pinkamindszent           |0000129|0000000|0000129|0000000|0000061|0000061|+000000|0000000|0000061|100.00|2009.06.11.23.22|
18|Vas                      |149|Pornóapáti               |0000319|0000001|0000320|0000000|0000175|0000175|+000000|0000000|0000175|100.00|2009.06.11.23.22|
18|Vas                      |150|Porpác                   |0000143|0000001|0000144|0000000|0000040|0000040|+000000|0000002|0000038|100.00|2009.06.11.23.22|
18|Vas                      |151|Pósfa                    |0000249|0000000|0000249|0000000|0000112|0000112|+000000|0000002|0000110|100.00|2009.06.11.23.22|
18|Vas                      |152|Pusztacsó                |0000136|0000000|0000136|0000000|0000064|0000064|+000000|0000001|0000063|100.00|2009.06.11.23.22|
18|Vas                      |153|Püspökmolnári            |0000750|0000000|0000750|0000000|0000301|0000301|+000000|0000001|0000300|100.00|2009.06.11.23.22|
18|Vas                      |154|Rábagyarmat              |0000670|0000001|0000671|0000000|0000278|0000278|+000000|0000003|0000275|100.00|2009.06.11.23.22|
18|Vas                      |155|Rábahídvég               |0000844|0000003|0000847|0000000|0000250|0000250|+000000|0000001|0000249|100.00|2009.06.11.23.22|
18|Vas                      |156|Rábapaty                 |0001383|0000000|0001383|0000000|0000421|0000417|-000004|0000003|0000414|100.00|2009.06.11.23.22|
18|Vas                      |157|Rábatöttös               |0000195|0000003|0000198|0000000|0000092|0000092|+000000|0000000|0000092|100.00|2009.06.11.23.22|
18|Vas                      |158|Rádóckölked              |0000230|0000000|0000230|0000000|0000077|0000077|+000000|0000001|0000076|100.00|2009.06.11.23.22|
18|Vas                      |159|Rátót                    |0000214|0000000|0000214|0000000|0000094|0000094|+000000|0000001|0000093|100.00|2009.06.11.23.22|
18|Vas                      |160|Répcelak                 |0002319|0000001|0002320|0000000|0000983|0000982|-000001|0000007|0000975|100.00|2009.06.11.23.22|
18|Vas                      |161|Répceszentgyörgy         |0000093|0000000|0000093|0000000|0000056|0000056|+000000|0000000|0000056|100.00|2009.06.11.23.22|
18|Vas                      |162|Rönök                    |0000352|0000000|0000352|0000001|0000104|0000104|+000000|0000001|0000103|100.00|2009.06.11.23.22|
18|Vas                      |163|Rum                      |0000916|0000004|0000920|0000001|0000254|0000254|+000000|0000002|0000252|100.00|2009.06.11.23.22|
18|Vas                      |164|Sajtoskál                |0000225|0000000|0000225|0000000|0000128|0000128|+000000|0000000|0000128|100.00|2009.06.11.23.22|
18|Vas                      |165|Salköveskút              |0000393|0000000|0000393|0000000|0000186|0000186|+000000|0000000|0000186|100.00|2009.06.11.23.22|
18|Vas                      |166|Sárfimizdó               |0000086|0000002|0000088|0000000|0000044|0000044|+000000|0000000|0000044|100.00|2009.06.11.23.22|
18|Vas                      |167|Sárvár                   |0012559|0000043|0012602|0000000|0004514|0004513|-000001|0000036|0004477|100.00|2009.06.11.23.22|
18|Vas                      |168|Sé                       |0001061|0000001|0001062|0000000|0000389|0000389|+000000|0000002|0000387|100.00|2009.06.11.23.22|
18|Vas                      |169|Simaság                  |0000483|0000001|0000484|0000000|0000221|0000221|+000000|0000000|0000221|100.00|2009.06.11.23.22|
18|Vas                      |170|Sitke                    |0000561|0000004|0000565|0000000|0000213|0000213|+000000|0000003|0000210|100.00|2009.06.11.23.22|
18|Vas                      |171|Sorkifalud               |0000529|0000000|0000529|0000000|0000170|0000170|+000000|0000002|0000168|100.00|2009.06.11.23.22|
18|Vas                      |172|Sorkikápolna             |0000218|0000001|0000219|0000000|0000089|0000089|+000000|0000001|0000088|100.00|2009.06.11.23.22|
18|Vas                      |173|Sorokpolány              |0000683|0000000|0000683|0000000|0000200|0000200|+000000|0000005|0000195|100.00|2009.06.11.23.22|
18|Vas                      |174|Sótony                   |0000547|0000003|0000550|0000000|0000192|0000192|+000000|0000002|0000190|100.00|2009.06.11.23.22|
18|Vas                      |175|Söpte                    |0000690|0000000|0000690|0000000|0000245|0000245|+000000|0000000|0000245|100.00|2009.06.11.23.22|
18|Vas                      |176|Szaknyér                 |0000049|0000001|0000050|0000000|0000034|0000034|+000000|0000000|0000034|100.00|2009.06.11.23.22|
18|Vas                      |177|Szakonyfalu              |0000293|0000000|0000293|0000000|0000105|0000105|+000000|0000000|0000105|100.00|2009.06.11.23.22|
18|Vas                      |178|Szalafõ                  |0000189|0000006|0000195|0000000|0000110|0000110|+000000|0000001|0000109|100.00|2009.06.11.23.22|
18|Vas                      |179|Szarvaskend              |0000187|0000001|0000188|0000000|0000114|0000114|+000000|0000000|0000114|100.00|2009.06.11.23.22|
18|Vas                      |180|Szatta                   |0000076|0000000|0000076|0000000|0000057|0000057|+000000|0000000|0000057|100.00|2009.06.11.23.22|
18|Vas                      |181|Szeleste                 |0000565|0000000|0000565|0000000|0000230|0000230|+000000|0000002|0000228|100.00|2009.06.11.23.22|
18|Vas                      |182|Szemenye                 |0000263|0000000|0000263|0000000|0000076|0000076|+000000|0000000|0000076|100.00|2009.06.11.23.22|
18|Vas                      |183|Szentgotthárd            |0006784|0000050|0006834|0000000|0002617|0002617|+000000|0000029|0002588|100.00|2009.06.11.23.22|
18|Vas                      |184|Szentpéterfa             |0000843|0000003|0000846|0000000|0000482|0000482|+000000|0000002|0000480|100.00|2009.06.11.23.22|
18|Vas                      |185|Szergény                 |0000318|0000001|0000319|0000000|0000128|0000128|+000000|0000001|0000127|100.00|2009.06.11.23.22|
18|Vas                      |186|Szombathely              |0064368|0000127|0064495|0000031|0026089|0026085|-000004|0000206|0025879|100.00|2009.06.11.23.22|
18|Vas                      |187|Szõce                    |0000314|0000002|0000316|0000000|0000175|0000175|+000000|0000000|0000175|100.00|2009.06.11.23.22|
18|Vas                      |188|Tanakajd                 |0000593|0000000|0000593|0000000|0000227|0000227|+000000|0000003|0000224|100.00|2009.06.11.23.22|
18|Vas                      |189|Táplánszentkereszt       |0002063|0000003|0002066|0000000|0000779|0000779|+000000|0000007|0000772|100.00|2009.06.11.23.22|
18|Vas                      |190|Telekes                  |0000406|0000001|0000407|0000000|0000101|0000101|+000000|0000001|0000100|100.00|2009.06.11.23.22|
18|Vas                      |191|Tokorcs                  |0000270|0000004|0000274|0000000|0000121|0000121|+000000|0000002|0000119|100.00|2009.06.11.23.22|
18|Vas                      |192|Tompaládony              |0000284|0000000|0000284|0000000|0000120|0000120|+000000|0000002|0000118|100.00|2009.06.11.23.22|
18|Vas                      |193|Tormásliget              |0000276|0000000|0000276|0000000|0000067|0000067|+000000|0000001|0000066|100.00|2009.06.11.23.22|
18|Vas                      |194|Torony                   |0001481|0000000|0001481|0000000|0000437|0000437|+000000|0000004|0000433|100.00|2009.06.11.23.22|
18|Vas                      |195|Tömörd                   |0000214|0000000|0000214|0000000|0000099|0000099|+000000|0000001|0000098|100.00|2009.06.11.23.22|
18|Vas                      |196|Uraiújfalu               |0000745|0000000|0000745|0000000|0000229|0000229|+000000|0000002|0000227|100.00|2009.06.11.23.22|
18|Vas                      |197|Vasalja                  |0000279|0000000|0000279|0000000|0000125|0000125|+000000|0000002|0000123|100.00|2009.06.11.23.22|
18|Vas                      |198|Vasasszonyfa             |0000311|0000000|0000311|0000000|0000152|0000152|+000000|0000002|0000150|100.00|2009.06.11.23.22|
18|Vas                      |199|Vasegerszeg              |0000342|0000000|0000342|0000000|0000146|0000146|+000000|0000003|0000143|100.00|2009.06.11.23.22|
18|Vas                      |200|Vashosszúfalu            |0000346|0000000|0000346|0000000|0000172|0000172|+000000|0000002|0000170|100.00|2009.06.11.23.22|
18|Vas                      |201|Vaskeresztes             |0000291|0000004|0000295|0000000|0000133|0000133|+000000|0000000|0000133|100.00|2009.06.11.23.22|
18|Vas                      |202|Vassurány                |0000706|0000000|0000706|0000000|0000237|0000237|+000000|0000003|0000234|100.00|2009.06.11.23.22|
18|Vas                      |203|Vasszentmihály           |0000303|0000000|0000303|0000000|0000131|0000131|+000000|0000000|0000131|100.00|2009.06.11.23.22|
18|Vas                      |204|Vasszécseny              |0001119|0000002|0001121|0000000|0000331|0000331|+000000|0000007|0000324|100.00|2009.06.11.23.22|
18|Vas                      |205|Vasszilvágy              |0000339|0000000|0000339|0000000|0000121|0000121|+000000|0000000|0000121|100.00|2009.06.11.23.22|
18|Vas                      |206|Vasvár                   |0003761|0000006|0003767|0000000|0001427|0001426|-000001|0000006|0001420|100.00|2009.06.11.23.22|
18|Vas                      |207|Vámoscsalád              |0000301|0000000|0000301|0000000|0000115|0000115|+000000|0000000|0000115|100.00|2009.06.11.23.22|
18|Vas                      |208|Vásárosmiske             |0000293|0000000|0000293|0000000|0000125|0000125|+000000|0000003|0000122|100.00|2009.06.11.23.22|
18|Vas                      |209|Vát                      |0000593|0000000|0000593|0000000|0000150|0000150|+000000|0000002|0000148|100.00|2009.06.11.23.22|
18|Vas                      |210|Velem                    |0000299|0000017|0000316|0000000|0000170|0000170|+000000|0000001|0000169|100.00|2009.06.11.23.22|
18|Vas                      |211|Velemér                  |0000066|0000007|0000073|0000000|0000056|0000056|+000000|0000000|0000056|100.00|2009.06.11.23.22|
18|Vas                      |212|Vép                      |0002802|0000000|0002802|0000000|0000844|0000844|+000000|0000004|0000840|100.00|2009.06.11.23.22|
18|Vas                      |213|Viszák                   |0000232|0000000|0000232|0000000|0000097|0000097|+000000|0000001|0000096|100.00|2009.06.11.23.22|
18|Vas                      |214|Vönöck                   |0000650|0000000|0000650|0000000|0000224|0000224|+000000|0000003|0000221|100.00|2009.06.11.23.22|
18|Vas                      |215|Zsennye                  |0000083|0000000|0000083|0000000|0000047|0000047|+000000|0000000|0000047|100.00|2009.06.11.23.22|
18|Vas                      |216|Zsédeny                  |0000174|0000002|0000176|0000000|0000071|0000071|+000000|0000000|0000071|100.00|2009.06.11.23.22|
19|Veszprém                 |001|Adásztevel               |0000689|0000000|0000689|0000000|0000205|0000205|+000000|0000005|0000200|100.00|2009.06.11.23.22|
19|Veszprém                 |002|Adorjánháza              |0000334|0000001|0000335|0000000|0000087|0000087|+000000|0000003|0000084|100.00|2009.06.11.23.22|
19|Veszprém                 |003|Ajka                     |0025596|0000043|0025639|0000007|0008074|0008073|-000001|0000059|0008014|100.00|2009.06.11.23.22|
19|Veszprém                 |004|Alsóörs                  |0001297|0000073|0001370|0000000|0000730|0000730|+000000|0000004|0000726|100.00|2009.06.11.23.22|
19|Veszprém                 |005|Apácatorna               |0000158|0000000|0000158|0000000|0000045|0000045|+000000|0000001|0000044|100.00|2009.06.11.23.22|
19|Veszprém                 |006|Aszófõ                   |0000343|0000012|0000355|0000000|0000196|0000196|+000000|0000002|0000194|100.00|2009.06.11.23.22|
19|Veszprém                 |007|Ábrahámhegy              |0000496|0000055|0000551|0000000|0000273|0000273|+000000|0000002|0000271|100.00|2009.06.11.23.22|
19|Veszprém                 |008|Badacsonytomaj           |0002028|0000067|0002095|0000001|0000737|0000737|+000000|0000001|0000736|100.00|2009.06.11.23.22|
19|Veszprém                 |009|Badacsonytördemic        |0000785|0000015|0000800|0000001|0000315|0000315|+000000|0000000|0000315|100.00|2009.06.11.23.22|
19|Veszprém                 |010|Bakonybél                |0001112|0000008|0001120|0000000|0000342|0000342|+000000|0000001|0000341|100.00|2009.06.11.23.22|
19|Veszprém                 |011|Bakonyjákó               |0000554|0000000|0000554|0000000|0000216|0000216|+000000|0000000|0000216|100.00|2009.06.11.23.22|
19|Veszprém                 |012|Bakonykoppány            |0000184|0000000|0000184|0000000|0000082|0000082|+000000|0000004|0000078|100.00|2009.06.11.23.22|
19|Veszprém                 |013|Bakonynána               |0000787|0000000|0000787|0000000|0000235|0000235|+000000|0000002|0000233|100.00|2009.06.11.23.22|
19|Veszprém                 |014|Bakonyoszlop             |0000385|0000001|0000386|0000000|0000117|0000117|+000000|0000001|0000116|100.00|2009.06.11.23.22|
19|Veszprém                 |015|Bakonypölöske            |0000336|0000001|0000337|0000000|0000073|0000073|+000000|0000000|0000073|100.00|2009.06.11.23.22|
19|Veszprém                 |016|Bakonyság                |0000068|0000000|0000068|0000000|0000040|0000040|+000000|0000000|0000040|100.00|2009.06.11.23.22|
19|Veszprém                 |017|Bakonyszentiván          |0000185|0000000|0000185|0000000|0000074|0000074|+000000|0000000|0000074|100.00|2009.06.11.23.22|
19|Veszprém                 |018|Bakonyszentkirály        |0000768|0000002|0000770|0000000|0000244|0000244|+000000|0000001|0000243|100.00|2009.06.11.23.22|
19|Veszprém                 |019|Bakonyszücs              |0000296|0000006|0000302|0000000|0000153|0000153|+000000|0000000|0000153|100.00|2009.06.11.23.22|
19|Veszprém                 |020|Bakonytamási             |0000580|0000000|0000580|0000000|0000191|0000191|+000000|0000003|0000188|100.00|2009.06.11.23.22|
19|Veszprém                 |021|Balatonakali             |0000585|0000029|0000614|0000002|0000262|0000262|+000000|0000002|0000260|100.00|2009.06.11.23.22|
19|Veszprém                 |022|Balatonalmádi            |0007529|0000237|0007766|0000002|0003632|0003628|-000004|0000015|0003613|100.00|2009.06.11.23.22|
19|Veszprém                 |023|Balatoncsicsó            |0000170|0000001|0000171|0000000|0000095|0000095|+000000|0000000|0000095|100.00|2009.06.11.23.22|
19|Veszprém                 |024|Balatonederics           |0000916|0000025|0000941|0000000|0000355|0000354|-000001|0000002|0000352|100.00|2009.06.11.23.22|
19|Veszprém                 |025|Balatonfõkajár           |0001100|0000005|0001105|0000000|0000313|0000313|+000000|0000003|0000310|100.00|2009.06.11.23.22|
19|Veszprém                 |026|Balatonfüred             |0011200|0000329|0011529|0000001|0004842|0004840|-000002|0000012|0004828|100.00|2009.06.11.23.22|
19|Veszprém                 |027|Balatonfûzfõ             |0003779|0000027|0003806|0000000|0001786|0001786|+000000|0000031|0001755|100.00|2009.06.11.23.22|
19|Veszprém                 |028|Balatonhenye             |0000107|0000002|0000109|0000000|0000049|0000049|+000000|0000000|0000049|100.00|2009.06.11.23.22|
19|Veszprém                 |029|Balatonkenese            |0002959|0000250|0003209|0000000|0001382|0001381|-000001|0000007|0001374|100.00|2009.06.11.23.22|
19|Veszprém                 |030|Balatonrendes            |0000129|0000015|0000144|0000000|0000081|0000081|+000000|0000000|0000081|100.00|2009.06.11.23.22|
19|Veszprém                 |031|Balatonszepezd           |0000366|0000068|0000434|0000000|0000227|0000226|-000001|0000000|0000226|100.00|2009.06.11.23.22|
19|Veszprém                 |032|Balatonszõlõs            |0000473|0000004|0000477|0000000|0000150|0000150|+000000|0000003|0000147|100.00|2009.06.11.23.22|
19|Veszprém                 |033|Balatonudvari            |0000295|0000056|0000351|0000000|0000202|0000202|+000000|0000000|0000202|100.00|2009.06.11.23.22|
19|Veszprém                 |034|Balatonvilágos           |0001159|0000053|0001212|0000000|0000471|0000471|+000000|0000002|0000469|100.00|2009.06.11.23.22|
19|Veszprém                 |035|Barnag                   |0000122|0000000|0000122|0000000|0000061|0000061|+000000|0000002|0000059|100.00|2009.06.11.23.22|
19|Veszprém                 |036|Bazsi                    |0000340|0000000|0000340|0000000|0000120|0000120|+000000|0000001|0000119|100.00|2009.06.11.23.22|
19|Veszprém                 |037|Bánd                     |0000547|0000002|0000549|0000000|0000289|0000289|+000000|0000002|0000287|100.00|2009.06.11.23.22|
19|Veszprém                 |038|Berhida                  |0004655|0000008|0004663|0000001|0001178|0001178|+000000|0000011|0001167|100.00|2009.06.11.23.22|
19|Veszprém                 |039|Béb                      |0000199|0000000|0000199|0000000|0000087|0000087|+000000|0000002|0000085|100.00|2009.06.11.23.22|
19|Veszprém                 |040|Békás                    |0000172|0000000|0000172|0000000|0000076|0000076|+000000|0000001|0000075|100.00|2009.06.11.23.22|
19|Veszprém                 |041|Bodorfa                  |0000091|0000000|0000091|0000000|0000031|0000031|+000000|0000000|0000031|100.00|2009.06.11.23.22|
19|Veszprém                 |042|Borszörcsök              |0000312|0000001|0000313|0000000|0000105|0000105|+000000|0000002|0000103|100.00|2009.06.11.23.22|
19|Veszprém                 |043|Borzavár                 |0000608|0000000|0000608|0000000|0000220|0000220|+000000|0000004|0000216|100.00|2009.06.11.23.22|
19|Veszprém                 |044|Csabrendek               |0002493|0000007|0002500|0000000|0000634|0000634|+000000|0000006|0000628|100.00|2009.06.11.23.22|
19|Veszprém                 |045|Csajág                   |0000704|0000001|0000705|0000000|0000140|0000140|+000000|0000002|0000138|100.00|2009.06.11.23.22|
19|Veszprém                 |046|Csehbánya                |0000235|0000000|0000235|0000000|0000078|0000078|+000000|0000001|0000077|100.00|2009.06.11.23.22|
19|Veszprém                 |047|Csesznek                 |0000441|0000000|0000441|0000000|0000155|0000155|+000000|0000002|0000153|100.00|2009.06.11.23.22|
19|Veszprém                 |048|Csetény                  |0001532|0000001|0001533|0000000|0000407|0000407|+000000|0000003|0000404|100.00|2009.06.11.23.22|
19|Veszprém                 |049|Csopak                   |0001637|0000069|0001706|0000005|0000843|0000843|+000000|0000002|0000841|100.00|2009.06.11.23.22|
19|Veszprém                 |050|Csót                     |0000860|0000000|0000860|0000000|0000270|0000270|+000000|0000005|0000265|100.00|2009.06.11.23.22|
19|Veszprém                 |051|Csögle                   |0000567|0000000|0000567|0000000|0000149|0000149|+000000|0000001|0000148|100.00|2009.06.11.23.22|
19|Veszprém                 |052|Dabronc                  |0000401|0000000|0000401|0000000|0000120|0000119|-000001|0000000|0000119|100.00|2009.06.11.23.22|
19|Veszprém                 |053|Dabrony                  |0000314|0000000|0000314|0000000|0000090|0000090|+000000|0000001|0000089|100.00|2009.06.11.23.22|
19|Veszprém                 |054|Dáka                     |0000340|0000000|0000340|0000000|0000116|0000116|+000000|0000000|0000116|100.00|2009.06.11.23.22|
19|Veszprém                 |055|Devecser                 |0003987|0000006|0003993|0000001|0000889|0000889|+000000|0000011|0000878|100.00|2009.06.11.23.22|
19|Veszprém                 |056|Doba                     |0000425|0000002|0000427|0000001|0000182|0000182|+000000|0000000|0000182|100.00|2009.06.11.23.22|
19|Veszprém                 |057|Döbrönte                 |0000207|0000002|0000209|0000000|0000101|0000101|+000000|0000001|0000100|100.00|2009.06.11.23.22|
19|Veszprém                 |058|Dörgicse                 |0000242|0000012|0000254|0000000|0000116|0000116|+000000|0000004|0000112|100.00|2009.06.11.23.22|
19|Veszprém                 |059|Dudar                    |0001429|0000001|0001430|0000000|0000487|0000487|+000000|0000005|0000482|100.00|2009.06.11.23.22|
19|Veszprém                 |060|Egeralja                 |0000204|0000000|0000204|0000000|0000086|0000086|+000000|0000001|0000085|100.00|2009.06.11.23.22|
19|Veszprém                 |061|Egyházaskeszõ            |0000409|0000001|0000410|0000000|0000117|0000117|+000000|0000001|0000116|100.00|2009.06.11.23.22|
19|Veszprém                 |062|Eplény                   |0000422|0000002|0000424|0000000|0000175|0000175|+000000|0000002|0000173|100.00|2009.06.11.23.22|
19|Veszprém                 |063|Farkasgyepû              |0000326|0000000|0000326|0000000|0000124|0000124|+000000|0000003|0000121|100.00|2009.06.11.23.22|
19|Veszprém                 |064|Felsõörs                 |0001217|0000011|0001228|0000000|0000496|0000496|+000000|0000004|0000492|100.00|2009.06.11.23.22|
19|Veszprém                 |065|Ganna                    |0000247|0000000|0000247|0000000|0000118|0000118|+000000|0000000|0000118|100.00|2009.06.11.23.22|
19|Veszprém                 |066|Gecse                    |0000374|0000000|0000374|0000000|0000096|0000096|+000000|0000000|0000096|100.00|2009.06.11.23.22|
19|Veszprém                 |067|Gic                      |0000300|0000000|0000300|0000000|0000075|0000075|+000000|0000001|0000074|100.00|2009.06.11.23.22|
19|Veszprém                 |068|Gógánfa                  |0000611|0000001|0000612|0000000|0000175|0000175|+000000|0000002|0000173|100.00|2009.06.11.23.22|
19|Veszprém                 |069|Gyepükaján               |0000311|0000000|0000311|0000001|0000103|0000103|+000000|0000001|0000102|100.00|2009.06.11.23.22|
19|Veszprém                 |070|Gyulakeszi               |0000558|0000003|0000561|0000000|0000130|0000130|+000000|0000000|0000130|100.00|2009.06.11.23.22|
19|Veszprém                 |071|Hajmáskér                |0002308|0000006|0002314|0000002|0000610|0000609|-000001|0000007|0000602|100.00|2009.06.11.23.22|
19|Veszprém                 |072|Halimba                  |0000943|0000000|0000943|0000000|0000263|0000263|+000000|0000002|0000261|100.00|2009.06.11.23.22|
19|Veszprém                 |073|Hárskút                  |0000554|0000001|0000555|0000000|0000187|0000187|+000000|0000001|0000186|100.00|2009.06.11.23.22|
19|Veszprém                 |074|Hegyesd                  |0000142|0000002|0000144|0000002|0000070|0000070|+000000|0000000|0000070|100.00|2009.06.11.23.22|
19|Veszprém                 |075|Hegymagas                |0000217|0000016|0000233|0000000|0000109|0000109|+000000|0000000|0000109|100.00|2009.06.11.23.22|
19|Veszprém                 |076|Herend                   |0002825|0000004|0002829|0000002|0001006|0001006|+000000|0000010|0000996|100.00|2009.06.11.23.22|
19|Veszprém                 |077|Hetyefõ                  |0000078|0000000|0000078|0000000|0000047|0000047|+000000|0000001|0000046|100.00|2009.06.11.23.22|
19|Veszprém                 |078|Hidegkút                 |0000352|0000000|0000352|0000000|0000108|0000108|+000000|0000002|0000106|100.00|2009.06.11.23.22|
19|Veszprém                 |079|Homokbödöge              |0000610|0000000|0000610|0000000|0000208|0000208|+000000|0000003|0000205|100.00|2009.06.11.23.22|
19|Veszprém                 |080|Hosztót                  |0000076|0000000|0000076|0000000|0000042|0000042|+000000|0000000|0000042|100.00|2009.06.11.23.22|
19|Veszprém                 |081|Iszkáz                   |0000321|0000001|0000322|0000000|0000100|0000100|+000000|0000000|0000100|100.00|2009.06.11.23.22|
19|Veszprém                 |082|Jásd                     |0000637|0000004|0000641|0000000|0000244|0000244|+000000|0000000|0000244|100.00|2009.06.11.23.22|
19|Veszprém                 |083|Kamond                   |0000286|0000000|0000286|0000000|0000107|0000107|+000000|0000000|0000107|100.00|2009.06.11.23.22|
19|Veszprém                 |084|Kapolcs                  |0000320|0000002|0000322|0000000|0000087|0000087|+000000|0000000|0000087|100.00|2009.06.11.23.22|
19|Veszprém                 |085|Karakószörcsök           |0000253|0000003|0000256|0000000|0000081|0000081|+000000|0000001|0000080|100.00|2009.06.11.23.22|
19|Veszprém                 |086|Káptalanfa               |0000701|0000000|0000701|0000000|0000201|0000201|+000000|0000000|0000201|100.00|2009.06.11.23.22|
19|Veszprém                 |087|Káptalantóti             |0000393|0000002|0000395|0000000|0000147|0000147|+000000|0000001|0000146|100.00|2009.06.11.23.22|
19|Veszprém                 |088|Kemeneshõgyész           |0000432|0000001|0000433|0000000|0000105|0000105|+000000|0000000|0000105|100.00|2009.06.11.23.22|
19|Veszprém                 |089|Kemenesszentpéter        |0000584|0000000|0000584|0000000|0000153|0000153|+000000|0000002|0000151|100.00|2009.06.11.23.22|
19|Veszprém                 |090|Kerta                    |0000529|0000001|0000530|0000000|0000171|0000171|+000000|0000001|0000170|100.00|2009.06.11.23.22|
19|Veszprém                 |091|Kékkút                   |0000085|0000004|0000089|0000000|0000049|0000049|+000000|0000004|0000045|100.00|2009.06.11.23.22|
19|Veszprém                 |092|Királyszentistván        |0000385|0000001|0000386|0000000|0000141|0000141|+000000|0000001|0000140|100.00|2009.06.11.23.22|
19|Veszprém                 |093|Kisapáti                 |0000307|0000003|0000310|0000000|0000108|0000108|+000000|0000000|0000108|100.00|2009.06.11.23.22|
19|Veszprém                 |094|Kisberzseny              |0000083|0000001|0000084|0000000|0000034|0000034|+000000|0000000|0000034|100.00|2009.06.11.23.22|
19|Veszprém                 |095|Kiscsõsz                 |0000113|0000001|0000114|0000000|0000038|0000038|+000000|0000001|0000037|100.00|2009.06.11.23.22|
19|Veszprém                 |096|Kislõd                   |0001027|0000005|0001032|0000000|0000277|0000277|+000000|0000000|0000277|100.00|2009.06.11.23.22|
19|Veszprém                 |097|Kispirit                 |0000082|0000000|0000082|0000000|0000044|0000044|+000000|0000005|0000039|100.00|2009.06.11.23.22|
19|Veszprém                 |098|Kisszõlõs                |0000100|0000000|0000100|0000000|0000031|0000031|+000000|0000000|0000031|100.00|2009.06.11.23.22|
19|Veszprém                 |099|Kolontár                 |0000640|0000003|0000643|0000000|0000154|0000154|+000000|0000001|0000153|100.00|2009.06.11.23.22|
19|Veszprém                 |100|Köveskál                 |0000348|0000008|0000356|0000000|0000137|0000137|+000000|0000000|0000137|100.00|2009.06.11.23.22|
19|Veszprém                 |101|Kõvágóörs                |0000745|0000021|0000766|0000000|0000236|0000236|+000000|0000001|0000235|100.00|2009.06.11.23.22|
19|Veszprém                 |102|Kup                      |0000380|0000001|0000381|0000000|0000119|0000119|+000000|0000000|0000119|100.00|2009.06.11.23.22|
19|Veszprém                 |103|Külsõvat                 |0000635|0000000|0000635|0000003|0000144|0000144|+000000|0000005|0000139|100.00|2009.06.11.23.22|
19|Veszprém                 |104|Küngös                   |0000448|0000000|0000448|0000000|0000123|0000123|+000000|0000002|0000121|100.00|2009.06.11.23.22|
19|Veszprém                 |105|Lesencefalu              |0000266|0000000|0000266|0000000|0000093|0000093|+000000|0000001|0000092|100.00|2009.06.11.23.22|
19|Veszprém                 |106|Lesenceistvánd           |0000785|0000003|0000788|0000002|0000233|0000233|+000000|0000004|0000229|100.00|2009.06.11.23.22|
19|Veszprém                 |107|Lesencetomaj             |0000786|0000003|0000789|0000000|0000185|0000185|+000000|0000002|0000183|100.00|2009.06.11.23.22|
19|Veszprém                 |108|Litér                    |0001683|0000003|0001686|0000000|0000555|0000555|+000000|0000007|0000548|100.00|2009.06.11.23.22|
19|Veszprém                 |109|Lovas                    |0000376|0000012|0000388|0000001|0000170|0000170|+000000|0000001|0000169|100.00|2009.06.11.23.22|
19|Veszprém                 |110|Lovászpatona             |0000978|0000000|0000978|0000000|0000255|0000255|+000000|0000005|0000250|100.00|2009.06.11.23.22|
19|Veszprém                 |111|Lókút                    |0000392|0000000|0000392|0000000|0000096|0000096|+000000|0000000|0000096|100.00|2009.06.11.23.22|
19|Veszprém                 |112|Magyargencs              |0000478|0000000|0000478|0000000|0000098|0000098|+000000|0000000|0000098|100.00|2009.06.11.23.22|
19|Veszprém                 |113|Magyarpolány             |0001048|0000004|0001052|0000000|0000341|0000341|+000000|0000002|0000339|100.00|2009.06.11.23.22|
19|Veszprém                 |114|Malomsok                 |0000462|0000000|0000462|0000000|0000158|0000158|+000000|0000003|0000155|100.00|2009.06.11.23.22|
19|Veszprém                 |115|Marcalgergelyi           |0000338|0000001|0000339|0000000|0000080|0000080|+000000|0000001|0000079|100.00|2009.06.11.23.22|
19|Veszprém                 |116|Marcaltõ                 |0000671|0000002|0000673|0000000|0000212|0000212|+000000|0000000|0000212|100.00|2009.06.11.23.22|
19|Veszprém                 |117|Márkó                    |0000924|0000000|0000924|0000000|0000314|0000314|+000000|0000001|0000313|100.00|2009.06.11.23.22|
19|Veszprém                 |118|Megyer                   |0000043|0000000|0000043|0000000|0000016|0000016|+000000|0000000|0000016|100.00|2009.06.11.23.22|
19|Veszprém                 |119|Mencshely                |0000225|0000003|0000228|0000000|0000096|0000096|+000000|0000001|0000095|100.00|2009.06.11.23.22|
19|Veszprém                 |120|Mezõlak                  |0000828|0000000|0000828|0000000|0000276|0000276|+000000|0000002|0000274|100.00|2009.06.11.23.22|
19|Veszprém                 |121|Mihályháza               |0000641|0000000|0000641|0000000|0000172|0000172|+000000|0000000|0000172|100.00|2009.06.11.23.22|
19|Veszprém                 |122|Mindszentkálla           |0000252|0000016|0000268|0000000|0000128|0000128|+000000|0000003|0000125|100.00|2009.06.11.23.22|
19|Veszprém                 |123|Monostorapáti            |0000920|0000003|0000923|0000000|0000245|0000245|+000000|0000000|0000245|100.00|2009.06.11.23.22|
19|Veszprém                 |124|Monoszló                 |0000110|0000006|0000116|0000000|0000063|0000063|+000000|0000001|0000062|100.00|2009.06.11.23.22|
19|Veszprém                 |125|Nagyacsád                |0000536|0000004|0000540|0000000|0000136|0000136|+000000|0000001|0000135|100.00|2009.06.11.23.22|
19|Veszprém                 |126|Nagyalásony              |0000411|0000002|0000413|0000000|0000165|0000164|-000001|0000003|0000161|100.00|2009.06.11.23.22|
19|Veszprém                 |127|Nagydém                  |0000310|0000002|0000312|0000000|0000090|0000090|+000000|0000001|0000089|100.00|2009.06.11.23.22|
19|Veszprém                 |128|Nagyesztergár            |0001004|0000001|0001005|0000000|0000311|0000311|+000000|0000003|0000308|100.00|2009.06.11.23.22|
19|Veszprém                 |129|Nagygyimót               |0000481|0000001|0000482|0000000|0000206|0000206|+000000|0000000|0000206|100.00|2009.06.11.23.22|
19|Veszprém                 |130|Nagypirit                |0000251|0000001|0000252|0000000|0000111|0000111|+000000|0000000|0000111|100.00|2009.06.11.23.22|
19|Veszprém                 |131|Nagytevel                |0000438|0000000|0000438|0000000|0000177|0000177|+000000|0000000|0000177|100.00|2009.06.11.23.22|
19|Veszprém                 |132|Nagyvázsony              |0001458|0000003|0001461|0000000|0000427|0000427|+000000|0000001|0000426|100.00|2009.06.11.23.22|
19|Veszprém                 |133|Nemesgörzsöny            |0000567|0000000|0000567|0000000|0000223|0000223|+000000|0000003|0000220|100.00|2009.06.11.23.22|
19|Veszprém                 |134|Nemesgulács              |0000830|0000003|0000833|0000000|0000205|0000205|+000000|0000001|0000204|100.00|2009.06.11.23.22|
19|Veszprém                 |135|Nemeshany                |0000329|0000000|0000329|0000001|0000133|0000133|+000000|0000000|0000133|100.00|2009.06.11.23.22|
19|Veszprém                 |136|Nemesszalók              |0000775|0000002|0000777|0000000|0000221|0000221|+000000|0000002|0000219|100.00|2009.06.11.23.22|
19|Veszprém                 |137|Nemesvámos               |0002108|0000000|0002108|0000000|0000867|0000867|+000000|0000002|0000865|100.00|2009.06.11.23.22|
19|Veszprém                 |138|Nemesvita                |0000306|0000004|0000310|0000000|0000113|0000113|+000000|0000000|0000113|100.00|2009.06.11.23.22|
19|Veszprém                 |139|Németbánya               |0000078|0000001|0000079|0000000|0000046|0000046|+000000|0000000|0000046|100.00|2009.06.11.23.22|
19|Veszprém                 |140|Noszlop                  |0000868|0000002|0000870|0000000|0000186|0000186|+000000|0000003|0000183|100.00|2009.06.11.23.22|
19|Veszprém                 |141|Nóráp                    |0000174|0000000|0000174|0000000|0000103|0000103|+000000|0000000|0000103|100.00|2009.06.11.23.22|
19|Veszprém                 |142|Nyárád                   |0000740|0000002|0000742|0000000|0000251|0000251|+000000|0000000|0000251|100.00|2009.06.11.23.22|
19|Veszprém                 |143|Nyirád                   |0001524|0000005|0001529|0000000|0000445|0000445|+000000|0000008|0000437|100.00|2009.06.11.23.22|
19|Veszprém                 |144|Olaszfalu                |0000911|0000001|0000912|0000000|0000336|0000336|+000000|0000006|0000330|100.00|2009.06.11.23.22|
19|Veszprém                 |145|Oroszi                   |0000118|0000000|0000118|0000000|0000037|0000037|+000000|0000000|0000037|100.00|2009.06.11.23.22|
19|Veszprém                 |146|Óbudavár                 |0000037|0000000|0000037|0000000|0000027|0000026|-000001|0000001|0000025|100.00|2009.06.11.23.22|
19|Veszprém                 |147|Öcs                      |0000186|0000000|0000186|0000000|0000055|0000055|+000000|0000002|0000053|100.00|2009.06.11.23.22|
19|Veszprém                 |148|Örvényes                 |0000143|0000012|0000155|0000000|0000087|0000087|+000000|0000001|0000086|100.00|2009.06.11.23.22|
19|Veszprém                 |149|Öskü                     |0001888|0000002|0001890|0000001|0000520|0000520|+000000|0000006|0000514|100.00|2009.06.11.23.22|
19|Veszprém                 |150|Õsi                      |0001733|0000004|0001737|0000002|0000472|0000472|+000000|0000010|0000462|100.00|2009.06.11.23.22|
19|Veszprém                 |151|Paloznak                 |0000395|0000019|0000414|0000000|0000219|0000219|+000000|0000001|0000218|100.00|2009.06.11.23.22|
19|Veszprém                 |152|Papkeszi                 |0001260|0000006|0001266|0000003|0000331|0000331|+000000|0000017|0000314|100.00|2009.06.11.23.22|
19|Veszprém                 |153|Pápa                     |0025870|0000040|0025910|0000002|0009882|0009871|-000011|0000056|0009815|100.00|2009.06.11.23.22|
19|Veszprém                 |154|Pápadereske              |0000212|0000000|0000212|0000000|0000058|0000058|+000000|0000000|0000058|100.00|2009.06.11.23.22|
19|Veszprém                 |155|Pápakovácsi              |0000497|0000000|0000497|0000000|0000168|0000168|+000000|0000000|0000168|100.00|2009.06.11.23.22|
19|Veszprém                 |156|Pápasalamon              |0000286|0000000|0000286|0000000|0000062|0000062|+000000|0000000|0000062|100.00|2009.06.11.23.22|
19|Veszprém                 |157|Pápateszér               |0000949|0000000|0000949|0000000|0000283|0000283|+000000|0000001|0000282|100.00|2009.06.11.23.22|
19|Veszprém                 |158|Pécsely                  |0000458|0000015|0000473|0000000|0000191|0000191|+000000|0000002|0000189|100.00|2009.06.11.23.22|
19|Veszprém                 |159|Pénzesgyõr               |0000280|0000002|0000282|0000000|0000109|0000109|+000000|0000000|0000109|100.00|2009.06.11.23.22|
19|Veszprém                 |160|Pétfürdõ                 |0003961|0000001|0003962|0000002|0001155|0001155|+000000|0000015|0001140|100.00|2009.06.11.23.22|
19|Veszprém                 |161|Porva                    |0000360|0000001|0000361|0000000|0000162|0000163|+000001|0000007|0000156|100.00|2009.06.11.23.22|
19|Veszprém                 |162|Pula                     |0000179|0000005|0000184|0000000|0000083|0000083|+000000|0000001|0000082|100.00|2009.06.11.23.22|
19|Veszprém                 |163|Pusztamiske              |0000309|0000000|0000309|0000000|0000060|0000060|+000000|0000001|0000059|100.00|2009.06.11.23.22|
19|Veszprém                 |164|Raposka                  |0000198|0000000|0000198|0000000|0000097|0000097|+000000|0000001|0000096|100.00|2009.06.11.23.22|
19|Veszprém                 |165|Révfülöp                 |0001016|0000087|0001103|0000000|0000550|0000550|+000000|0000006|0000544|100.00|2009.06.11.23.22|
19|Veszprém                 |166|Rigács                   |0000150|0000000|0000150|0000000|0000046|0000046|+000000|0000000|0000046|100.00|2009.06.11.23.22|
19|Veszprém                 |167|Salföld                  |0000055|0000007|0000062|0000000|0000038|0000038|+000000|0000000|0000038|100.00|2009.06.11.23.22|
19|Veszprém                 |168|Sáska                    |0000226|0000004|0000230|0000000|0000078|0000078|+000000|0000000|0000078|100.00|2009.06.11.23.22|
19|Veszprém                 |169|Somlójenõ                |0000239|0000000|0000239|0000000|0000056|0000056|+000000|0000000|0000056|100.00|2009.06.11.23.22|
19|Veszprém                 |170|Somlószõlõs              |0000552|0000004|0000556|0000000|0000127|0000127|+000000|0000004|0000123|100.00|2009.06.11.23.22|
19|Veszprém                 |171|Somlóvásárhely           |0000926|0000004|0000930|0000000|0000226|0000226|+000000|0000003|0000223|100.00|2009.06.11.23.22|
19|Veszprém                 |172|Somlóvecse               |0000088|0000002|0000090|0000000|0000041|0000041|+000000|0000001|0000040|100.00|2009.06.11.23.22|
19|Veszprém                 |173|Sóly                     |0000358|0000002|0000360|0000002|0000156|0000156|+000000|0000003|0000153|100.00|2009.06.11.23.22|
19|Veszprém                 |174|Sümeg                    |0005305|0000017|0005322|0000000|0001847|0001846|-000001|0000010|0001836|100.00|2009.06.11.23.22|
19|Veszprém                 |175|Sümegprága               |0000520|0000000|0000520|0000000|0000177|0000177|+000000|0000001|0000176|100.00|2009.06.11.23.22|
19|Veszprém                 |176|Szápár                   |0000420|0000000|0000420|0000000|0000143|0000143|+000000|0000005|0000138|100.00|2009.06.11.23.22|
19|Veszprém                 |177|Szentantalfa             |0000303|0000003|0000306|0000000|0000110|0000110|+000000|0000002|0000108|100.00|2009.06.11.23.22|
19|Veszprém                 |178|Szentbékkálla            |0000179|0000008|0000187|0000000|0000113|0000113|+000000|0000001|0000112|100.00|2009.06.11.23.22|
19|Veszprém                 |179|Szentgál                 |0002207|0000000|0002207|0000000|0000624|0000624|+000000|0000005|0000619|100.00|2009.06.11.23.22|
19|Veszprém                 |180|Szentimrefalva           |0000180|0000000|0000180|0000000|0000057|0000057|+000000|0000002|0000055|100.00|2009.06.11.23.22|
19|Veszprém                 |181|Szentjakabfa             |0000090|0000000|0000090|0000000|0000060|0000060|+000000|0000000|0000060|100.00|2009.06.11.23.22|
19|Veszprém                 |182|Szentkirályszabadja      |0001646|0000004|0001650|0000000|0000503|0000503|+000000|0000004|0000499|100.00|2009.06.11.23.22|
19|Veszprém                 |183|Szigliget                |0000824|0000068|0000892|0000000|0000393|0000393|+000000|0000002|0000391|100.00|2009.06.11.23.22|
19|Veszprém                 |184|Szõc                     |0000360|0000000|0000360|0000000|0000115|0000115|+000000|0000004|0000111|100.00|2009.06.11.23.22|
19|Veszprém                 |185|Tagyon                   |0000083|0000000|0000083|0000000|0000048|0000048|+000000|0000000|0000048|100.00|2009.06.11.23.22|
19|Veszprém                 |186|Takácsi                  |0000765|0000001|0000766|0000000|0000237|0000237|+000000|0000000|0000237|100.00|2009.06.11.23.22|
19|Veszprém                 |187|Taliándörögd             |0000562|0000004|0000566|0000000|0000130|0000130|+000000|0000001|0000129|100.00|2009.06.11.23.22|
19|Veszprém                 |188|Tapolca                  |0013857|0000030|0013887|0000000|0004662|0004661|-000001|0000020|0004641|100.00|2009.06.11.23.22|
19|Veszprém                 |189|Tés                      |0000750|0000002|0000752|0000000|0000253|0000253|+000000|0000002|0000251|100.00|2009.06.11.23.22|
19|Veszprém                 |190|Tihany                   |0001132|0000073|0001205|0000004|0000576|0000572|-000004|0000006|0000566|100.00|2009.06.11.23.22|
19|Veszprém                 |191|Tótvázsony               |0001008|0000003|0001011|0000000|0000347|0000347|+000000|0000001|0000346|100.00|2009.06.11.23.22|
19|Veszprém                 |192|Tüskevár                 |0000468|0000001|0000469|0000000|0000137|0000137|+000000|0000001|0000136|100.00|2009.06.11.23.22|
19|Veszprém                 |193|Ugod                     |0001191|0000001|0001192|0000000|0000372|0000372|+000000|0000001|0000371|100.00|2009.06.11.23.22|
19|Veszprém                 |194|Ukk                      |0000287|0000000|0000287|0000000|0000083|0000083|+000000|0000001|0000082|100.00|2009.06.11.23.22|
19|Veszprém                 |195|Uzsa                     |0000307|0000001|0000308|0000000|0000108|0000108|+000000|0000001|0000107|100.00|2009.06.11.23.22|
19|Veszprém                 |196|Úrkút                    |0001753|0000001|0001754|0000002|0000424|0000423|-000001|0000003|0000420|100.00|2009.06.11.23.22|
19|Veszprém                 |197|Vanyola                  |0000457|0000002|0000459|0000000|0000170|0000170|+000000|0000001|0000169|100.00|2009.06.11.23.22|
19|Veszprém                 |198|Vaszar                   |0001318|0000002|0001320|0000000|0000430|0000430|+000000|0000005|0000425|100.00|2009.06.11.23.22|
19|Veszprém                 |199|Várkeszõ                 |0000165|0000002|0000167|0000000|0000057|0000057|+000000|0000000|0000057|100.00|2009.06.11.23.22|
19|Veszprém                 |200|Városlõd                 |0001160|0000000|0001160|0000000|0000323|0000323|+000000|0000001|0000322|100.00|2009.06.11.23.22|
19|Veszprém                 |201|Várpalota                |0017273|0000020|0017293|0000014|0005320|0005318|-000002|0000055|0005263|100.00|2009.06.11.23.22|
19|Veszprém                 |202|Vászoly                  |0000194|0000003|0000197|0000000|0000107|0000107|+000000|0000002|0000105|100.00|2009.06.11.23.22|
19|Veszprém                 |203|Veszprém                 |0047459|0000199|0047658|0000020|0019950|0019946|-000004|0000136|0019810|100.00|2009.06.11.23.22|
19|Veszprém                 |204|Veszprémfajsz            |0000216|0000000|0000216|0000000|0000120|0000120|+000000|0000002|0000118|100.00|2009.06.11.23.22|
19|Veszprém                 |205|Veszprémgalsa            |0000223|0000001|0000224|0000000|0000095|0000095|+000000|0000001|0000094|100.00|2009.06.11.23.22|
19|Veszprém                 |206|Vid                      |0000108|0000000|0000108|0000000|0000027|0000027|+000000|0000002|0000025|100.00|2009.06.11.23.22|
19|Veszprém                 |207|Vigántpetend             |0000169|0000003|0000172|0000000|0000067|0000067|+000000|0000000|0000067|100.00|2009.06.11.23.22|
19|Veszprém                 |208|Vilonya                  |0000515|0000000|0000515|0000000|0000104|0000104|+000000|0000001|0000103|100.00|2009.06.11.23.22|
19|Veszprém                 |209|Vinár                    |0000197|0000000|0000197|0000000|0000085|0000085|+000000|0000000|0000085|100.00|2009.06.11.23.22|
19|Veszprém                 |210|Vöröstó                  |0000084|0000002|0000086|0000000|0000035|0000035|+000000|0000000|0000035|100.00|2009.06.11.23.22|
19|Veszprém                 |211|Zalaerdõd                |0000268|0000001|0000269|0000000|0000067|0000067|+000000|0000001|0000066|100.00|2009.06.11.23.22|
19|Veszprém                 |212|Zalagyömörõ              |0000387|0000000|0000387|0000000|0000125|0000125|+000000|0000003|0000122|100.00|2009.06.11.23.22|
19|Veszprém                 |213|Zalahaláp                |0001004|0000000|0001004|0000000|0000274|0000274|+000000|0000002|0000272|100.00|2009.06.11.23.22|
19|Veszprém                 |214|Zalameggyes              |0000038|0000000|0000038|0000000|0000023|0000023|+000000|0000001|0000022|100.00|2009.06.11.23.22|
19|Veszprém                 |215|Zalaszegvár              |0000118|0000000|0000118|0000000|0000058|0000058|+000000|0000002|0000056|100.00|2009.06.11.23.22|
19|Veszprém                 |216|Zánka                    |0000770|0000057|0000827|0000000|0000390|0000390|+000000|0000002|0000388|100.00|2009.06.11.23.22|
19|Veszprém                 |217|Zirc                     |0005836|0000017|0005853|0000000|0002130|0002130|+000000|0000011|0002119|100.00|2009.06.11.23.22|
20|Zala                     |001|Alibánfa                 |0000373|0000001|0000374|0000002|0000100|0000100|+000000|0000002|0000098|100.00|2009.06.11.23.22|
20|Zala                     |002|Almásháza                |0000049|0000000|0000049|0000000|0000034|0000034|+000000|0000000|0000034|100.00|2009.06.11.23.22|
20|Zala                     |003|Alsónemesapáti           |0000609|0000000|0000609|0000001|0000207|0000207|+000000|0000002|0000205|100.00|2009.06.11.23.22|
20|Zala                     |004|Alsópáhok                |0001095|0000012|0001107|0000000|0000446|0000446|+000000|0000002|0000444|100.00|2009.06.11.23.22|
20|Zala                     |005|Alsórajk                 |0000322|0000000|0000322|0000000|0000086|0000087|+000001|0000006|0000081|100.00|2009.06.11.23.22|
20|Zala                     |006|Alsószenterzsébet        |0000068|0000000|0000068|0000000|0000039|0000039|+000000|0000000|0000039|100.00|2009.06.11.23.22|
20|Zala                     |007|Babosdöbréte             |0000429|0000000|0000429|0000000|0000139|0000139|+000000|0000002|0000137|100.00|2009.06.11.23.22|
20|Zala                     |008|Baglad                   |0000052|0000000|0000052|0000000|0000019|0000019|+000000|0000000|0000019|100.00|2009.06.11.23.22|
20|Zala                     |009|Bagod                    |0001064|0000000|0001064|0000000|0000330|0000330|+000000|0000002|0000328|100.00|2009.06.11.23.22|
20|Zala                     |010|Bak                      |0001393|0000001|0001394|0000000|0000476|0000476|+000000|0000004|0000472|100.00|2009.06.11.23.22|
20|Zala                     |011|Baktüttös                |0000292|0000000|0000292|0000000|0000064|0000064|+000000|0000000|0000064|100.00|2009.06.11.23.22|
20|Zala                     |012|Balatongyörök            |0000848|0000075|0000923|0000000|0000460|0000460|+000000|0000001|0000459|100.00|2009.06.11.23.22|
20|Zala                     |013|Balatonmagyaród          |0000436|0000002|0000438|0000001|0000108|0000108|+000000|0000004|0000104|100.00|2009.06.11.23.22|
20|Zala                     |014|Barlahida                |0000137|0000000|0000137|0000000|0000062|0000062|+000000|0000001|0000061|100.00|2009.06.11.23.22|
20|Zala                     |015|Batyk                    |0000313|0000000|0000313|0000000|0000098|0000098|+000000|0000001|0000097|100.00|2009.06.11.23.22|
20|Zala                     |016|Bánokszentgyörgy         |0000527|0000000|0000527|0000000|0000120|0000120|+000000|0000002|0000118|100.00|2009.06.11.23.22|
20|Zala                     |017|Bázakerettye             |0000650|0000002|0000652|0000000|0000229|0000229|+000000|0000002|0000227|100.00|2009.06.11.23.22|
20|Zala                     |018|Becsehely                |0001821|0000003|0001824|0000000|0000442|0000442|+000000|0000004|0000438|100.00|2009.06.11.23.22|
20|Zala                     |019|Becsvölgye               |0000670|0000000|0000670|0000000|0000185|0000185|+000000|0000001|0000184|100.00|2009.06.11.23.22|
20|Zala                     |020|Belezna                  |0000688|0000000|0000688|0000002|0000134|0000134|+000000|0000003|0000131|100.00|2009.06.11.23.22|
20|Zala                     |021|Belsõsárd                |0000098|0000000|0000098|0000000|0000043|0000043|+000000|0000001|0000042|100.00|2009.06.11.23.22|
20|Zala                     |022|Bezeréd                  |0000134|0000000|0000134|0000000|0000050|0000050|+000000|0000001|0000049|100.00|2009.06.11.23.22|
20|Zala                     |023|Bocfölde                 |0000922|0000002|0000924|0000000|0000300|0000300|+000000|0000001|0000299|100.00|2009.06.11.23.22|
20|Zala                     |024|Bocska                   |0000294|0000000|0000294|0000000|0000052|0000052|+000000|0000000|0000052|100.00|2009.06.11.23.22|
20|Zala                     |025|Boncodfölde              |0000247|0000000|0000247|0000000|0000104|0000104|+000000|0000000|0000104|100.00|2009.06.11.23.22|
20|Zala                     |026|Borsfa                   |0000611|0000000|0000611|0000002|0000153|0000153|+000000|0000001|0000152|100.00|2009.06.11.23.22|
20|Zala                     |027|Bókaháza                 |0000247|0000000|0000247|0000000|0000085|0000085|+000000|0000000|0000085|100.00|2009.06.11.23.22|
20|Zala                     |028|Böde                     |0000254|0000000|0000254|0000000|0000070|0000070|+000000|0000001|0000069|100.00|2009.06.11.23.22|
20|Zala                     |029|Bödeháza                 |0000057|0000000|0000057|0000000|0000035|0000035|+000000|0000000|0000035|100.00|2009.06.11.23.22|
20|Zala                     |030|Börzönce                 |0000055|0000000|0000055|0000000|0000020|0000020|+000000|0000000|0000020|100.00|2009.06.11.23.22|
20|Zala                     |031|Búcsúszentlászló         |0000608|0000001|0000609|0000000|0000255|0000254|-000001|0000002|0000252|100.00|2009.06.11.23.22|
20|Zala                     |032|Bucsuta                  |0000183|0000000|0000183|0000000|0000063|0000063|+000000|0000000|0000063|100.00|2009.06.11.23.22|
20|Zala                     |033|Csapi                    |0000134|0000002|0000136|0000000|0000056|0000055|-000001|0000000|0000055|100.00|2009.06.11.23.22|
20|Zala                     |034|Csatár                   |0000441|0000000|0000441|0000000|0000157|0000157|+000000|0000002|0000155|100.00|2009.06.11.23.22|
20|Zala                     |035|Cserszegtomaj            |0001934|0000020|0001954|0000000|0000754|0000754|+000000|0000001|0000753|100.00|2009.06.11.23.22|
20|Zala                     |036|Csertalakos              |0000023|0000000|0000023|0000000|0000014|0000014|+000000|0000000|0000014|100.00|2009.06.11.23.22|
20|Zala                     |037|Csesztreg                |0000720|0000002|0000722|0000000|0000283|0000282|-000001|0000000|0000282|100.00|2009.06.11.23.22|
20|Zala                     |038|Csonkahegyhát            |0000288|0000000|0000288|0000000|0000107|0000107|+000000|0000000|0000107|100.00|2009.06.11.23.22|
20|Zala                     |039|Csöde                    |0000071|0000003|0000074|0000000|0000042|0000042|+000000|0000000|0000042|100.00|2009.06.11.23.22|
20|Zala                     |040|Csömödér                 |0000534|0000001|0000535|0000000|0000137|0000137|+000000|0000003|0000134|100.00|2009.06.11.23.22|
20|Zala                     |041|Csörnyeföld              |0000351|0000000|0000351|0000001|0000112|0000112|+000000|0000001|0000111|100.00|2009.06.11.23.22|
20|Zala                     |042|Dióskál                  |0000414|0000001|0000415|0000000|0000093|0000093|+000000|0000000|0000093|100.00|2009.06.11.23.22|
20|Zala                     |043|Dobri                    |0000163|0000000|0000163|0000000|0000059|0000059|+000000|0000003|0000056|100.00|2009.06.11.23.22|
20|Zala                     |044|Dobronhegy               |0000137|0000000|0000137|0000000|0000060|0000060|+000000|0000001|0000059|100.00|2009.06.11.23.22|
20|Zala                     |045|Döbröce                  |0000058|0000000|0000058|0000000|0000032|0000032|+000000|0000000|0000032|100.00|2009.06.11.23.22|
20|Zala                     |046|Dötk                     |0000022|0000000|0000022|0000001|0000009|0000009|+000000|0000000|0000009|100.00|2009.06.11.23.22|
20|Zala                     |047|Egeraracsa               |0000273|0000000|0000273|0000000|0000070|0000070|+000000|0000002|0000068|100.00|2009.06.11.23.22|
20|Zala                     |048|Egervár                  |0000844|0000002|0000846|0000000|0000280|0000280|+000000|0000000|0000280|100.00|2009.06.11.23.22|
20|Zala                     |049|Eszteregnye              |0000606|0000005|0000611|0000000|0000147|0000147|+000000|0000002|0000145|100.00|2009.06.11.23.22|
20|Zala                     |050|Esztergályhorváti        |0000366|0000000|0000366|0000000|0000095|0000095|+000000|0000001|0000094|100.00|2009.06.11.23.22|
20|Zala                     |051|Felsõpáhok               |0000479|0000000|0000479|0000000|0000181|0000181|+000000|0000003|0000178|100.00|2009.06.11.23.22|
20|Zala                     |052|Felsõrajk                |0000611|0000003|0000614|0000000|0000230|0000230|+000000|0000000|0000230|100.00|2009.06.11.23.22|
20|Zala                     |053|Felsõszenterzsébet       |0000016|0000001|0000017|0000000|0000009|0000009|+000000|0000000|0000009|100.00|2009.06.11.23.22|
20|Zala                     |054|Fityeház                 |0000582|0000002|0000584|0000000|0000162|0000162|+000000|0000003|0000159|100.00|2009.06.11.23.22|
20|Zala                     |055|Fûzvölgy                 |0000119|0000000|0000119|0000000|0000045|0000045|+000000|0000001|0000044|100.00|2009.06.11.23.22|
20|Zala                     |056|Galambok                 |0000926|0000007|0000933|0000000|0000299|0000299|+000000|0000004|0000295|100.00|2009.06.11.23.22|
20|Zala                     |057|Garabonc                 |0000550|0000000|0000550|0000000|0000169|0000169|+000000|0000001|0000168|100.00|2009.06.11.23.22|
20|Zala                     |058|Gáborjánháza             |0000068|0000000|0000068|0000000|0000023|0000023|+000000|0000000|0000023|100.00|2009.06.11.23.22|
20|Zala                     |059|Gellénháza               |0001392|0000001|0001393|0000000|0000502|0000502|+000000|0000010|0000492|100.00|2009.06.11.23.22|
20|Zala                     |060|Gelse                    |0000942|0000001|0000943|0000000|0000192|0000192|+000000|0000000|0000192|100.00|2009.06.11.23.22|
20|Zala                     |061|Gelsesziget              |0000225|0000001|0000226|0000000|0000069|0000069|+000000|0000000|0000069|100.00|2009.06.11.23.22|
20|Zala                     |062|Gétye                    |0000087|0000001|0000088|0000000|0000022|0000022|+000000|0000000|0000022|100.00|2009.06.11.23.22|
20|Zala                     |063|Gombosszeg               |0000032|0000000|0000032|0000000|0000018|0000018|+000000|0000000|0000018|100.00|2009.06.11.23.22|
20|Zala                     |064|Gosztola                 |0000034|0000000|0000034|0000000|0000025|0000025|+000000|0000000|0000025|100.00|2009.06.11.23.22|
20|Zala                     |065|Gõsfa                    |0000257|0000000|0000257|0000000|0000124|0000124|+000000|0000001|0000123|100.00|2009.06.11.23.22|
20|Zala                     |066|Gutorfölde               |0000965|0000001|0000966|0000000|0000258|0000258|+000000|0000002|0000256|100.00|2009.06.11.23.22|
20|Zala                     |067|Gyenesdiás               |0002728|0000022|0002750|0000000|0001208|0001208|+000000|0000009|0001199|100.00|2009.06.11.23.22|
20|Zala                     |068|Gyûrûs                   |0000069|0000001|0000070|0000000|0000026|0000026|+000000|0000001|0000025|100.00|2009.06.11.23.22|
20|Zala                     |069|Hagyárosbörönd           |0000247|0000000|0000247|0000000|0000102|0000102|+000000|0000002|0000100|100.00|2009.06.11.23.22|
20|Zala                     |070|Hahót                    |0000945|0000002|0000947|0000003|0000283|0000283|+000000|0000005|0000278|100.00|2009.06.11.23.22|
20|Zala                     |071|Hernyék                  |0000081|0000000|0000081|0000000|0000043|0000043|+000000|0000003|0000040|100.00|2009.06.11.23.22|
20|Zala                     |072|Hévíz                    |0004115|0000346|0004461|0000000|0002287|0002287|+000000|0000019|0002268|100.00|2009.06.11.23.22|
20|Zala                     |073|Homokkomárom             |0000169|0000002|0000171|0000000|0000055|0000055|+000000|0000001|0000054|100.00|2009.06.11.23.22|
20|Zala                     |074|Hosszúvölgy              |0000154|0000000|0000154|0000000|0000044|0000044|+000000|0000001|0000043|100.00|2009.06.11.23.22|
20|Zala                     |075|Hottó                    |0000277|0000000|0000277|0000000|0000090|0000090|+000000|0000001|0000089|100.00|2009.06.11.23.22|
20|Zala                     |076|Iborfia                  |0000012|0000000|0000012|0000000|0000010|0000010|+000000|0000000|0000010|100.00|2009.06.11.23.22|
20|Zala                     |077|Iklódbördõce             |0000257|0000000|0000257|0000000|0000091|0000091|+000000|0000001|0000090|100.00|2009.06.11.23.22|
20|Zala                     |078|Kacorlak                 |0000188|0000000|0000188|0000000|0000068|0000068|+000000|0000001|0000067|100.00|2009.06.11.23.22|
20|Zala                     |079|Kallósd                  |0000082|0000001|0000083|0000000|0000033|0000033|+000000|0000000|0000033|100.00|2009.06.11.23.22|
20|Zala                     |080|Karmacs                  |0000621|0000003|0000624|0000004|0000207|0000207|+000000|0000005|0000202|100.00|2009.06.11.23.22|
20|Zala                     |081|Kálócfa                  |0000136|0000000|0000136|0000000|0000084|0000084|+000000|0000000|0000084|100.00|2009.06.11.23.22|
20|Zala                     |082|Kányavár                 |0000123|0000001|0000124|0000000|0000053|0000053|+000000|0000001|0000052|100.00|2009.06.11.23.22|
20|Zala                     |083|Kávás                    |0000209|0000000|0000209|0000000|0000069|0000069|+000000|0000001|0000068|100.00|2009.06.11.23.22|
20|Zala                     |084|Kehidakustány            |0000838|0000009|0000847|0000000|0000248|0000248|+000000|0000007|0000241|100.00|2009.06.11.23.22|
20|Zala                     |085|Kemendollár              |0000436|0000000|0000436|0000000|0000144|0000144|+000000|0000001|0000143|100.00|2009.06.11.23.22|
20|Zala                     |086|Keménfa                  |0000083|0000000|0000083|0000000|0000027|0000027|+000000|0000003|0000024|100.00|2009.06.11.23.22|
20|Zala                     |087|Kerecseny                |0000191|0000000|0000191|0000000|0000026|0000026|+000000|0000001|0000025|100.00|2009.06.11.23.22|
20|Zala                     |088|Kerkabarabás             |0000238|0000000|0000238|0000000|0000066|0000066|+000000|0000001|0000065|100.00|2009.06.11.23.22|
20|Zala                     |089|Kerkafalva               |0000094|0000000|0000094|0000000|0000062|0000062|+000000|0000001|0000061|100.00|2009.06.11.23.22|
20|Zala                     |090|Kerkakutas               |0000116|0000000|0000116|0000000|0000050|0000050|+000000|0000000|0000050|100.00|2009.06.11.23.22|
20|Zala                     |091|Kerkaszentkirály         |0000214|0000000|0000214|0000000|0000061|0000061|+000000|0000002|0000059|100.00|2009.06.11.23.22|
20|Zala                     |092|Kerkateskánd             |0000137|0000000|0000137|0000000|0000056|0000056|+000000|0000000|0000056|100.00|2009.06.11.23.22|
20|Zala                     |093|Keszthely                |0016841|0000166|0017007|0000001|0007060|0007059|-000001|0000027|0007032|100.00|2009.06.11.23.22|
20|Zala                     |094|Kilimán                  |0000212|0000001|0000213|0000000|0000041|0000041|+000000|0000000|0000041|100.00|2009.06.11.23.22|
20|Zala                     |095|Kisbucsa                 |0000366|0000000|0000366|0000000|0000126|0000125|-000001|0000001|0000124|100.00|2009.06.11.23.22|
20|Zala                     |096|Kiscsehi                 |0000157|0000000|0000157|0000000|0000066|0000066|+000000|0000000|0000066|100.00|2009.06.11.23.22|
20|Zala                     |097|Kisgörbõ                 |0000145|0000000|0000145|0000000|0000046|0000046|+000000|0000002|0000044|100.00|2009.06.11.23.22|
20|Zala                     |098|Kiskutas                 |0000160|0000000|0000160|0000001|0000089|0000089|+000000|0000005|0000084|100.00|2009.06.11.23.22|
20|Zala                     |099|Kispáli                  |0000224|0000000|0000224|0000000|0000087|0000087|+000000|0000000|0000087|100.00|2009.06.11.23.22|
20|Zala                     |100|Kisrécse                 |0000154|0000001|0000155|0000000|0000057|0000057|+000000|0000001|0000056|100.00|2009.06.11.23.22|
20|Zala                     |101|Kissziget                |0000144|0000000|0000144|0000000|0000050|0000050|+000000|0000000|0000050|100.00|2009.06.11.23.22|
20|Zala                     |102|Kistolmács               |0000142|0000000|0000142|0000000|0000045|0000045|+000000|0000001|0000044|100.00|2009.06.11.23.22|
20|Zala                     |103|Kisvásárhely             |0000049|0000003|0000052|0000000|0000036|0000036|+000000|0000000|0000036|100.00|2009.06.11.23.22|
20|Zala                     |104|Kozmadombja              |0000044|0000000|0000044|0000000|0000035|0000035|+000000|0000001|0000034|100.00|2009.06.11.23.22|
20|Zala                     |105|Kustánszeg               |0000450|0000000|0000450|0000000|0000120|0000119|-000001|0000000|0000119|100.00|2009.06.11.23.22|
20|Zala                     |106|Külsõsárd                |0000078|0000000|0000078|0000000|0000030|0000030|+000000|0000000|0000030|100.00|2009.06.11.23.22|
20|Zala                     |107|Lakhegy                  |0000399|0000002|0000401|0000000|0000138|0000138|+000000|0000004|0000134|100.00|2009.06.11.23.22|
20|Zala                     |108|Lasztonya                |0000074|0000000|0000074|0000000|0000027|0000027|+000000|0000000|0000027|100.00|2009.06.11.23.22|
20|Zala                     |109|Lendvadedes              |0000034|0000000|0000034|0000000|0000017|0000017|+000000|0000000|0000017|100.00|2009.06.11.23.22|
20|Zala                     |110|Lendvajakabfa            |0000029|0000002|0000031|0000000|0000017|0000017|+000000|0000001|0000016|100.00|2009.06.11.23.22|
20|Zala                     |111|Lenti                    |0007066|0000035|0007101|0000004|0002687|0002687|+000000|0000038|0002649|100.00|2009.06.11.23.22|
20|Zala                     |112|Letenye                  |0003611|0000011|0003622|0000000|0000982|0000982|+000000|0000004|0000978|100.00|2009.06.11.23.22|
20|Zala                     |113|Lickóvadamos             |0000175|0000000|0000175|0000000|0000056|0000056|+000000|0000000|0000056|100.00|2009.06.11.23.22|
20|Zala                     |114|Ligetfalva               |0000053|0000001|0000054|0000000|0000030|0000030|+000000|0000000|0000030|100.00|2009.06.11.23.22|
20|Zala                     |115|Lispeszentadorján        |0000260|0000000|0000260|0000000|0000092|0000092|+000000|0000003|0000089|100.00|2009.06.11.23.22|
20|Zala                     |116|Liszó                    |0000348|0000000|0000348|0000000|0000089|0000089|+000000|0000002|0000087|100.00|2009.06.11.23.22|
20|Zala                     |117|Lovászi                  |0001015|0000003|0001018|0000002|0000263|0000263|+000000|0000004|0000259|100.00|2009.06.11.23.22|
20|Zala                     |118|Magyarföld               |0000030|0000002|0000032|0000000|0000022|0000022|+000000|0000000|0000022|100.00|2009.06.11.23.22|
20|Zala                     |119|Magyarszentmiklós        |0000245|0000000|0000245|0000000|0000077|0000077|+000000|0000002|0000075|100.00|2009.06.11.23.22|
20|Zala                     |120|Magyarszerdahely         |0000383|0000000|0000383|0000000|0000139|0000139|+000000|0000000|0000139|100.00|2009.06.11.23.22|
20|Zala                     |121|Maróc                    |0000076|0000000|0000076|0000000|0000035|0000035|+000000|0000001|0000034|100.00|2009.06.11.23.22|
20|Zala                     |122|Márokföld                |0000037|0000000|0000037|0000000|0000021|0000021|+000000|0000000|0000021|100.00|2009.06.11.23.22|
20|Zala                     |123|Miháld                   |0000673|0000001|0000674|0000000|0000164|0000164|+000000|0000000|0000164|100.00|2009.06.11.23.22|
20|Zala                     |124|Mihályfa                 |0000331|0000001|0000332|0000000|0000177|0000177|+000000|0000003|0000174|100.00|2009.06.11.23.22|
20|Zala                     |125|Mikekarácsonyfa          |0000226|0000000|0000226|0000000|0000064|0000064|+000000|0000001|0000063|100.00|2009.06.11.23.22|
20|Zala                     |126|Milejszeg                |0000270|0000000|0000270|0000000|0000083|0000083|+000000|0000002|0000081|100.00|2009.06.11.23.22|
20|Zala                     |127|Misefa                   |0000244|0000001|0000245|0000000|0000080|0000080|+000000|0000000|0000080|100.00|2009.06.11.23.22|
20|Zala                     |128|Molnári                  |0000631|0000000|0000631|0000000|0000238|0000238|+000000|0000000|0000238|100.00|2009.06.11.23.22|
20|Zala                     |129|Murakeresztúr            |0001548|0000002|0001550|0000004|0000373|0000373|+000000|0000007|0000366|100.00|2009.06.11.23.22|
20|Zala                     |130|Murarátka                |0000220|0000000|0000220|0000000|0000087|0000087|+000000|0000002|0000085|100.00|2009.06.11.23.22|
20|Zala                     |131|Muraszemenye             |0000443|0000001|0000444|0000000|0000129|0000129|+000000|0000004|0000125|100.00|2009.06.11.23.22|
20|Zala                     |132|Nagybakónak              |0000375|0000000|0000375|0000000|0000079|0000079|+000000|0000001|0000078|100.00|2009.06.11.23.22|
20|Zala                     |133|Nagygörbõ                |0000156|0000000|0000156|0000000|0000064|0000064|+000000|0000000|0000064|100.00|2009.06.11.23.22|
20|Zala                     |134|Nagykanizsa              |0042022|0000079|0042101|0000024|0013720|0013716|-000004|0000099|0013617|100.00|2009.06.11.23.22|
20|Zala                     |135|Nagykapornak             |0000767|0000000|0000767|0000000|0000214|0000214|+000000|0000002|0000212|100.00|2009.06.11.23.22|
20|Zala                     |136|Nagykutas                |0000388|0000001|0000389|0000000|0000174|0000174|+000000|0000000|0000174|100.00|2009.06.11.23.22|
20|Zala                     |137|Nagylengyel              |0000425|0000000|0000425|0000000|0000121|0000121|+000000|0000000|0000121|100.00|2009.06.11.23.22|
20|Zala                     |138|Nagypáli                 |0000334|0000000|0000334|0000000|0000121|0000121|+000000|0000005|0000116|100.00|2009.06.11.23.22|
20|Zala                     |139|Nagyrada                 |0000419|0000000|0000419|0000000|0000160|0000160|+000000|0000002|0000158|100.00|2009.06.11.23.22|
20|Zala                     |140|Nagyrécse                |0000873|0000002|0000875|0000000|0000271|0000271|+000000|0000000|0000271|100.00|2009.06.11.23.22|
20|Zala                     |141|Nemesapáti               |0000399|0000008|0000407|0000000|0000129|0000129|+000000|0000004|0000125|100.00|2009.06.11.23.22|
20|Zala                     |142|Nemesbük                 |0000504|0000001|0000505|0000001|0000191|0000191|+000000|0000001|0000190|100.00|2009.06.11.23.22|
20|Zala                     |143|Nemeshetés               |0000242|0000002|0000244|0000000|0000102|0000102|+000000|0000000|0000102|100.00|2009.06.11.23.22|
20|Zala                     |144|Nemesnép                 |0000112|0000014|0000126|0000000|0000059|0000059|+000000|0000000|0000059|100.00|2009.06.11.23.22|
20|Zala                     |145|Nemespátró               |0000252|0000000|0000252|0000001|0000090|0000090|+000000|0000001|0000089|100.00|2009.06.11.23.22|
20|Zala                     |146|Nemesrádó                |0000249|0000001|0000250|0000000|0000082|0000082|+000000|0000001|0000081|100.00|2009.06.11.23.22|
20|Zala                     |147|Nemessándorháza          |0000277|0000000|0000277|0000000|0000127|0000127|+000000|0000000|0000127|100.00|2009.06.11.23.22|
20|Zala                     |148|Nemesszentandrás         |0000227|0000001|0000228|0000000|0000110|0000110|+000000|0000000|0000110|100.00|2009.06.11.23.22|
20|Zala                     |149|Németfalu                |0000168|0000000|0000168|0000000|0000081|0000081|+000000|0000000|0000081|100.00|2009.06.11.23.22|
20|Zala                     |150|Nova                     |0000690|0000002|0000692|0000000|0000182|0000182|+000000|0000000|0000182|100.00|2009.06.11.23.22|
20|Zala                     |151|Oltárc                   |0000205|0000000|0000205|0000000|0000036|0000036|+000000|0000001|0000035|100.00|2009.06.11.23.22|
20|Zala                     |152|Orbányosfa               |0000107|0000000|0000107|0000000|0000060|0000060|+000000|0000000|0000060|100.00|2009.06.11.23.22|
20|Zala                     |153|Ormándlak                |0000110|0000000|0000110|0000000|0000033|0000033|+000000|0000000|0000033|100.00|2009.06.11.23.22|
20|Zala                     |154|Orosztony                |0000370|0000002|0000372|0000000|0000070|0000070|+000000|0000001|0000069|100.00|2009.06.11.23.22|
20|Zala                     |155|Ortaháza                 |0000098|0000000|0000098|0000000|0000034|0000034|+000000|0000000|0000034|100.00|2009.06.11.23.22|
20|Zala                     |156|Ozmánbük                 |0000158|0000000|0000158|0000000|0000088|0000088|+000000|0000000|0000088|100.00|2009.06.11.23.22|
20|Zala                     |157|Óhíd                     |0000483|0000002|0000485|0000000|0000116|0000116|+000000|0000001|0000115|100.00|2009.06.11.23.22|
20|Zala                     |158|Pacsa                    |0001442|0000003|0001445|0000000|0000449|0000449|+000000|0000007|0000442|100.00|2009.06.11.23.22|
20|Zala                     |159|Padár                    |0000122|0000001|0000123|0000001|0000042|0000042|+000000|0000000|0000042|100.00|2009.06.11.23.22|
20|Zala                     |160|Pakod                    |0000763|0000003|0000766|0000000|0000135|0000135|+000000|0000002|0000133|100.00|2009.06.11.23.22|
20|Zala                     |161|Pat                      |0000187|0000000|0000187|0000000|0000067|0000067|+000000|0000001|0000066|100.00|2009.06.11.23.22|
20|Zala                     |162|Páka                     |0001024|0000002|0001026|0000000|0000351|0000351|+000000|0000000|0000351|100.00|2009.06.11.23.22|
20|Zala                     |163|Pálfiszeg                |0000143|0000000|0000143|0000000|0000047|0000047|+000000|0000000|0000047|100.00|2009.06.11.23.22|
20|Zala                     |164|Pethõhenye               |0000352|0000000|0000352|0000000|0000094|0000094|+000000|0000000|0000094|100.00|2009.06.11.23.22|
20|Zala                     |165|Petrikeresztúr           |0000333|0000000|0000333|0000000|0000081|0000081|+000000|0000005|0000076|100.00|2009.06.11.23.22|
20|Zala                     |166|Petrivente               |0000341|0000000|0000341|0000000|0000081|0000081|+000000|0000004|0000077|100.00|2009.06.11.23.22|
20|Zala                     |167|Pókaszepetk              |0000784|0000001|0000785|0000000|0000225|0000225|+000000|0000002|0000223|100.00|2009.06.11.23.22|
20|Zala                     |168|Pórszombat               |0000286|0000000|0000286|0000000|0000113|0000113|+000000|0000001|0000112|100.00|2009.06.11.23.22|
20|Zala                     |169|Pölöske                  |0000696|0000000|0000696|0000003|0000141|0000141|+000000|0000000|0000141|100.00|2009.06.11.23.22|
20|Zala                     |170|Pölöskefõ                |0000308|0000000|0000308|0000000|0000084|0000084|+000000|0000001|0000083|100.00|2009.06.11.23.22|
20|Zala                     |171|Pördefölde               |0000045|0000000|0000045|0000000|0000024|0000024|+000000|0000000|0000024|100.00|2009.06.11.23.22|
20|Zala                     |172|Pötréte                  |0000240|0000002|0000242|0000000|0000090|0000090|+000000|0000000|0000090|100.00|2009.06.11.23.22|
20|Zala                     |173|Pusztaapáti              |0000032|0000000|0000032|0000000|0000020|0000020|+000000|0000000|0000020|100.00|2009.06.11.23.22|
20|Zala                     |174|Pusztaederics            |0000149|0000000|0000149|0000000|0000074|0000074|+000000|0000000|0000074|100.00|2009.06.11.23.22|
20|Zala                     |175|Pusztamagyaród           |0000477|0000000|0000477|0000000|0000164|0000164|+000000|0000000|0000164|100.00|2009.06.11.23.22|
20|Zala                     |176|Pusztaszentlászló        |0000546|0000001|0000547|0000000|0000217|0000217|+000000|0000001|0000216|100.00|2009.06.11.23.22|
20|Zala                     |177|Ramocsa                  |0000031|0000000|0000031|0000000|0000017|0000017|+000000|0000001|0000016|100.00|2009.06.11.23.22|
20|Zala                     |178|Resznek                  |0000264|0000000|0000264|0000000|0000060|0000060|+000000|0000002|0000058|100.00|2009.06.11.23.22|
20|Zala                     |179|Rezi                     |0000953|0000005|0000958|0000000|0000353|0000353|+000000|0000005|0000348|100.00|2009.06.11.23.22|
20|Zala                     |180|Rédics                   |0000811|0000001|0000812|0000000|0000266|0000266|+000000|0000002|0000264|100.00|2009.06.11.23.22|
20|Zala                     |181|Rigyác                   |0000339|0000002|0000341|0000000|0000114|0000114|+000000|0000000|0000114|100.00|2009.06.11.23.22|
20|Zala                     |182|Salomvár                 |0000496|0000001|0000497|0000000|0000169|0000169|+000000|0000007|0000162|100.00|2009.06.11.23.22|
20|Zala                     |183|Sand                     |0000373|0000000|0000373|0000000|0000111|0000111|+000000|0000001|0000110|100.00|2009.06.11.23.22|
20|Zala                     |184|Sárhida                  |0000628|0000000|0000628|0000000|0000270|0000270|+000000|0000004|0000266|100.00|2009.06.11.23.22|
20|Zala                     |185|Sármellék                |0001481|0000000|0001481|0000000|0000397|0000397|+000000|0000007|0000390|100.00|2009.06.11.23.22|
20|Zala                     |186|Semjénháza               |0000546|0000002|0000548|0000000|0000157|0000157|+000000|0000004|0000153|100.00|2009.06.11.23.22|
20|Zala                     |187|Sénye                    |0000031|0000001|0000032|0000000|0000022|0000022|+000000|0000000|0000022|100.00|2009.06.11.23.22|
20|Zala                     |188|Sormás                   |0000774|0000000|0000774|0000002|0000214|0000214|+000000|0000001|0000213|100.00|2009.06.11.23.22|
20|Zala                     |189|Söjtör                   |0001282|0000000|0001282|0000000|0000362|0000362|+000000|0000006|0000356|100.00|2009.06.11.23.22|
20|Zala                     |190|Surd                     |0000514|0000001|0000515|0000000|0000151|0000151|+000000|0000002|0000149|100.00|2009.06.11.23.22|
20|Zala                     |191|Sümegcsehi               |0000505|0000001|0000506|0000000|0000263|0000263|+000000|0000001|0000262|100.00|2009.06.11.23.22|
20|Zala                     |192|Szalapa                  |0000193|0000000|0000193|0000000|0000050|0000050|+000000|0000000|0000050|100.00|2009.06.11.23.22|
20|Zala                     |193|Szentgyörgyvár           |0000254|0000000|0000254|0000000|0000116|0000116|+000000|0000002|0000114|100.00|2009.06.11.23.22|
20|Zala                     |194|Szentgyörgyvölgy         |0000370|0000001|0000371|0000000|0000103|0000103|+000000|0000000|0000103|100.00|2009.06.11.23.22|
20|Zala                     |195|Szentkozmadombja         |0000059|0000002|0000061|0000000|0000023|0000023|+000000|0000000|0000023|100.00|2009.06.11.23.22|
20|Zala                     |196|Szentliszló              |0000264|0000002|0000266|0000000|0000074|0000074|+000000|0000001|0000073|100.00|2009.06.11.23.22|
20|Zala                     |197|Szentmargitfalva         |0000076|0000000|0000076|0000000|0000024|0000024|+000000|0000000|0000024|100.00|2009.06.11.23.22|
20|Zala                     |198|Szentpéterfölde          |0000133|0000001|0000134|0000000|0000034|0000034|+000000|0000000|0000034|100.00|2009.06.11.23.22|
20|Zala                     |199|Szentpéterúr             |0000722|0000001|0000723|0000000|0000117|0000117|+000000|0000001|0000116|100.00|2009.06.11.23.22|
20|Zala                     |200|Szepetnek                |0001365|0000005|0001370|0000000|0000255|0000255|+000000|0000004|0000251|100.00|2009.06.11.23.22|
20|Zala                     |201|Szécsisziget             |0000194|0000001|0000195|0000000|0000065|0000065|+000000|0000001|0000064|100.00|2009.06.11.23.22|
20|Zala                     |202|Szijártóháza             |0000025|0000000|0000025|0000000|0000016|0000016|+000000|0000000|0000016|100.00|2009.06.11.23.22|
20|Zala                     |203|Szilvágy                 |0000172|0000000|0000172|0000000|0000079|0000079|+000000|0000000|0000079|100.00|2009.06.11.23.22|
20|Zala                     |204|Teskánd                  |0000908|0000001|0000909|0000000|0000357|0000357|+000000|0000000|0000357|100.00|2009.06.11.23.22|
20|Zala                     |205|Tilaj                    |0000162|0000000|0000162|0000000|0000088|0000088|+000000|0000001|0000087|100.00|2009.06.11.23.22|
20|Zala                     |206|Tormafölde               |0000321|0000000|0000321|0000000|0000110|0000110|+000000|0000004|0000106|100.00|2009.06.11.23.22|
20|Zala                     |207|Tornyiszentmiklós        |0000516|0000000|0000516|0000000|0000148|0000148|+000000|0000000|0000148|100.00|2009.06.11.23.22|
20|Zala                     |208|Tófej                    |0000579|0000000|0000579|0000000|0000182|0000182|+000000|0000003|0000179|100.00|2009.06.11.23.22|
20|Zala                     |209|Tótszentmárton           |0000790|0000000|0000790|0000000|0000205|0000205|+000000|0000000|0000205|100.00|2009.06.11.23.22|
20|Zala                     |210|Tótszerdahely            |0000985|0000000|0000985|0000000|0000330|0000330|+000000|0000006|0000324|100.00|2009.06.11.23.22|
20|Zala                     |211|Türje                    |0001411|0000001|0001412|0000000|0000274|0000274|+000000|0000001|0000273|100.00|2009.06.11.23.22|
20|Zala                     |212|Újudvar                  |0000805|0000000|0000805|0000000|0000241|0000241|+000000|0000004|0000237|100.00|2009.06.11.23.22|
20|Zala                     |213|Valkonya                 |0000055|0000002|0000057|0000000|0000024|0000024|+000000|0000001|0000023|100.00|2009.06.11.23.22|
20|Zala                     |214|Vasboldogasszony         |0000480|0000000|0000480|0000000|0000172|0000172|+000000|0000001|0000171|100.00|2009.06.11.23.22|
20|Zala                     |215|Vaspör                   |0000331|0000000|0000331|0000000|0000209|0000209|+000000|0000001|0000208|100.00|2009.06.11.23.22|
20|Zala                     |216|Vállus                   |0000120|0000000|0000120|0000000|0000044|0000044|+000000|0000000|0000044|100.00|2009.06.11.23.22|
20|Zala                     |217|Várfölde                 |0000165|0000000|0000165|0000000|0000033|0000033|+000000|0000001|0000032|100.00|2009.06.11.23.22|
20|Zala                     |218|Várvölgy                 |0000873|0000005|0000878|0000000|0000294|0000294|+000000|0000001|0000293|100.00|2009.06.11.23.22|
20|Zala                     |219|Vindornyafok             |0000110|0000000|0000110|0000000|0000056|0000056|+000000|0000000|0000056|100.00|2009.06.11.23.22|
20|Zala                     |220|Vindornyalak             |0000071|0000001|0000072|0000000|0000028|0000028|+000000|0000000|0000028|100.00|2009.06.11.23.22|
20|Zala                     |221|Vindornyaszõlõs          |0000288|0000000|0000288|0000000|0000097|0000097|+000000|0000000|0000097|100.00|2009.06.11.23.22|
20|Zala                     |222|Vonyarcvashegy           |0001762|0000067|0001829|0000000|0000814|0000814|+000000|0000004|0000810|100.00|2009.06.11.23.22|
20|Zala                     |223|Vöckönd                  |0000077|0000000|0000077|0000000|0000034|0000034|+000000|0000001|0000033|100.00|2009.06.11.23.22|
20|Zala                     |224|Zajk                     |0000184|0000000|0000184|0000000|0000047|0000047|+000000|0000000|0000047|100.00|2009.06.11.23.22|
20|Zala                     |225|Zalaapáti                |0001195|0000001|0001196|0000000|0000407|0000407|+000000|0000002|0000405|100.00|2009.06.11.23.22|
20|Zala                     |226|Zalabaksa                |0000586|0000000|0000586|0000000|0000221|0000221|+000000|0000006|0000215|100.00|2009.06.11.23.22|
20|Zala                     |227|Zalabér                  |0000572|0000003|0000575|0000000|0000192|0000192|+000000|0000003|0000189|100.00|2009.06.11.23.22|
20|Zala                     |228|Zalaboldogfa             |0000286|0000000|0000286|0000000|0000101|0000100|-000001|0000004|0000096|100.00|2009.06.11.23.22|
20|Zala                     |229|Zalacsány                |0000775|0000007|0000782|0000000|0000226|0000226|+000000|0000004|0000222|100.00|2009.06.11.23.22|
20|Zala                     |230|Zalacséb                 |0000473|0000000|0000473|0000000|0000194|0000194|+000000|0000003|0000191|100.00|2009.06.11.23.22|
20|Zala                     |231|Zalaegerszeg             |0049155|0000118|0049273|0000010|0019308|0019301|-000007|0000139|0019162|100.00|2009.06.11.23.22|
20|Zala                     |232|Zalaháshágy              |0000335|0000000|0000335|0000000|0000116|0000116|+000000|0000001|0000115|100.00|2009.06.11.23.22|
20|Zala                     |233|Zalaigrice               |0000101|0000000|0000101|0000000|0000030|0000030|+000000|0000000|0000030|100.00|2009.06.11.23.22|
20|Zala                     |234|Zalaistvánd              |0000321|0000001|0000322|0000000|0000126|0000126|+000000|0000001|0000125|100.00|2009.06.11.23.22|
20|Zala                     |235|Zalakaros                |0001621|0000092|0001713|0000000|0000675|0000675|+000000|0000005|0000670|100.00|2009.06.11.23.22|
20|Zala                     |236|Zalakomár                |0002257|0000000|0002257|0000005|0000449|0000449|+000000|0000013|0000436|100.00|2009.06.11.23.22|
20|Zala                     |237|Zalaköveskút             |0000025|0000001|0000026|0000000|0000010|0000010|+000000|0000000|0000010|100.00|2009.06.11.23.22|
20|Zala                     |238|Zalalövõ                 |0002475|0000004|0002479|0000000|0000974|0000974|+000000|0000007|0000967|100.00|2009.06.11.23.22|
20|Zala                     |239|Zalamerenye              |0000150|0000001|0000151|0000000|0000066|0000066|+000000|0000001|0000065|100.00|2009.06.11.23.22|
20|Zala                     |240|Zalasárszeg              |0000105|0000000|0000105|0000000|0000049|0000049|+000000|0000000|0000049|100.00|2009.06.11.23.22|
20|Zala                     |241|Zalaszabar               |0000491|0000001|0000492|0000000|0000169|0000169|+000000|0000001|0000168|100.00|2009.06.11.23.22|
20|Zala                     |242|Zalaszántó               |0000772|0000001|0000773|0000000|0000291|0000291|+000000|0000002|0000289|100.00|2009.06.11.23.22|
20|Zala                     |243|Zalaszentbalázs          |0000714|0000000|0000714|0000000|0000189|0000189|+000000|0000001|0000188|100.00|2009.06.11.23.22|
20|Zala                     |244|Zalaszentgrót            |0006065|0000014|0006079|0000001|0001814|0001814|+000000|0000028|0001786|100.00|2009.06.11.23.22|
20|Zala                     |245|Zalaszentgyörgy          |0000335|0000000|0000335|0000000|0000152|0000152|+000000|0000003|0000149|100.00|2009.06.11.23.22|
20|Zala                     |246|Zalaszentiván            |0000892|0000001|0000893|0000003|0000318|0000318|+000000|0000003|0000315|100.00|2009.06.11.23.22|
20|Zala                     |247|Zalaszentjakab           |0000272|0000000|0000272|0000000|0000070|0000070|+000000|0000000|0000070|100.00|2009.06.11.23.22|
20|Zala                     |248|Zalaszentlászló          |0000679|0000000|0000679|0000000|0000230|0000230|+000000|0000004|0000226|100.00|2009.06.11.23.22|
20|Zala                     |249|Zalaszentlõrinc          |0000234|0000000|0000234|0000000|0000086|0000086|+000000|0000000|0000086|100.00|2009.06.11.23.22|
20|Zala                     |250|Zalaszentmárton          |0000067|0000000|0000067|0000000|0000022|0000022|+000000|0000000|0000022|100.00|2009.06.11.23.22|
20|Zala                     |251|Zalaszentmihály          |0000879|0000004|0000883|0000000|0000252|0000252|+000000|0000005|0000247|100.00|2009.06.11.23.22|
20|Zala                     |252|Zalaszombatfa            |0000047|0000000|0000047|0000000|0000022|0000022|+000000|0000000|0000022|100.00|2009.06.11.23.22|
20|Zala                     |253|Zalatárnok               |0000568|0000001|0000569|0000000|0000113|0000113|+000000|0000002|0000111|100.00|2009.06.11.23.22|
20|Zala                     |254|Zalaújlak                |0000095|0000000|0000095|0000000|0000036|0000036|+000000|0000000|0000036|100.00|2009.06.11.23.22|
20|Zala                     |255|Zalavár                  |0000786|0000000|0000786|0000000|0000180|0000180|+000000|0000003|0000177|100.00|2009.06.11.23.22|
20|Zala                     |256|Zalavég                  |0000350|0000001|0000351|0000000|0000085|0000085|+000000|0000000|0000085|100.00|2009.06.11.23.22|
20|Zala                     |257|Zebecke                  |0000067|0000000|0000067|0000000|0000033|0000033|+000000|0000000|0000033|100.00|2009.06.11.23.22|
99|KÜLKÉPVISELETEK          |999|OVI székhelye            |0003841|0000000|0003841|0000033|0003373|0003349|-000024|0000037|0003312|100.00|2009.06.11.23.22|
