"Település-azonosító törzsszám","Név","Területi jelzőszám","Jogállás 2005","Statisztikai nagyrégió kódja","Régió 2016","NUTS'16","Járás kód","Járás központ kódja","Agglomeráció kódja","Borrégió'19","Borvidék'19","Turisztikai
régió","Világörökségi helyszínek","Világörökségi helyszínek védőövezete","Kedvezményezett települések kódja","Kedvezményezett járások kódja","Szabad vállalkozási zónák","Területfejlesztési szempontból kiemelt térség","Gazdaságfejlesztési zóna"
"00019","Budapest kerületre nem bontható adatai","0199 9 9","90","1","11","HU110","999","9","9999","9","9999","99","99","99","9","9","9","9","9"
"00028","Baranya vármegye területre nem bontható adatai","0299 9 9","90","2","40","HU231","999","9","9999","9","9993","99","99","99","9","9","9","9","9"
"00037","Bács-Kiskun vármegye területre nem bontható adatai","0399 9 9","90","3","70","HU331","999","9","9999","9","9992","99","99","99","9","9","9","9","9"
"00046","Békés vármegye területre nem bontható adatai","0499 9 9","90","3","70","HU332","999","9","9999","9","9992","99","99","99","9","9","9","9","9"
"00055","Borsod-Abaúj-Zemplén vármegye területre nem bontható adatai","0599 9 9","90","3","50","HU311","999","9","9999","9","9991","99","99","99","9","9","9","9","9"
"00064","Csongrád-Csanád vármegye területre nem bontható adatai","0699 9 9","90","3","70","HU333","999","9","9999","9","9992","99","99","99","9","9","9","9","9"
"00073","Fejér vármegye területre nem bontható adatai","0799 9 9","90","2","20","HU211","999","9","9999","9","9993","99","99","99","9","9","9","9","9"
"00082","Győr-Moson-Sopron vármegye területre nem bontható adatai","0899 9 9","90","2","30","HU221","999","9","9999","9","9993","99","99","99","9","9","9","9","9"
"00091","Hajdú-Bihar vármegye területre nem bontható adatai","0999 9 9","90","3","60","HU321","999","9","9999","9","9992","99","99","99","9","9","9","9","9"
"00107","Heves vármegye területre nem bontható adatai","1099 9 9","90","3","50","HU312","999","9","9999","9","9991","99","99","99","9","9","9","9","9"
"00116","Komárom-Esztergom vármegye területre nem bontható adatai","1199 9 9","90","2","20","HU212","999","9","9999","9","9993","99","99","99","9","9","9","9","9"
"00125","Nógrád vármegye területre nem bontható adatai","1299 9 9","90","3","50","HU313","999","9","9999","9","9991","99","99","99","9","9","9","9","9"
"00134","Pest vármegye területre nem bontható adatai","1399 9 9","90","1","12","HU120","999","9","9999","9","9999","99","99","99","9","9","9","9","9"
"00143","Somogy vármegye területre nem bontható adatai","1499 9 9","90","2","40","HU232","999","9","9999","9","9993","99","99","99","9","9","9","9","9"
"00152","Szabolcs-Szatmár-Bereg vármegye területre nem bontható adatai","1599 9 9","90","3","60","HU323","999","9","9999","9","9992","99","99","99","9","9","9","9","9"
"00161","Jász-Nagykun-Szolnok vármegye területre nem bontható adatai","1699 9 9","90","3","60","HU322","999","9","9999","9","9992","99","99","99","9","9","9","9","9"
"00170","Tolna vármegye területre nem bontható adatai","1799 9 9","90","2","40","HU233","999","9","9999","9","9993","99","99","99","9","9","9","9","9"
"00189","Vas vármegye területre nem bontható adatai","1899 9 9","90","2","30","HU222","999","9","9999","9","9993","99","99","99","9","9","9","9","9"
"00198","Veszprém vármegye területre nem bontható adatai","1999 9 9","90","2","20","HU213","999","9","9999","9","9993","99","99","99","9","9","9","9","9"
"00204","Zala vármegye területre nem bontható adatai","2099 9 9","90","2","30","HU223","999","9","9999","9","9993","99","99","99","9","9","9","9","9"
"00213","Országhatáron kívül","2199 9 9","90","9","90","HUZZZ","999","9","9999","9","9999","99","99","99","9","9","9","9","9"
"00222","Az ország területre nem bontható adatai","2299 9 9","90","8","80","HUZZZ","999","9","9999","9","9999","99","99","99","9","9","9","9","9"
"01508","Ipolyszög","1200 4 2","42","3","50","HU313","116","0","9999","9","9991","02","99","99","1","1","9","9","1"
"01526","Somoskőújfalu","1200 4 2","42","3","50","HU313","120","0","3063","9","9991","02","99","99","9","1","1","9","1"
"02015","Ráckeresztúr","0700 4 2","42","2","20","HU211","081","0","9999","9","9993","06","99","99","9","9","9","9","2"
"02024","Martonyi","0500 4 2","42","3","50","HU311","055","0","9999","9","9991","02","03","03","1","3","1","9","1"
"02033","Kakasd","1700 4 2","42","2","40","HU233","170","0","3093","1","2800","08","99","99","9","9","9","9","4"
"02042","Narda","1800 4 2","42","2","30","HU222","181","0","2033","9","9993","09","99","99","9","9","9","9","2"
"02051","Sávoly","1400 4 2","42","2","40","HU232","144","0","9999","9","9993","07","99","99","2","1","9","1","4"
"02060","Gönyű","0800 4 2","42","2","30","HU221","087","0","1013","9","9993","09","99","99","9","9","9","9","2"
"02079","Dunaremete","0800 4 2","42","2","30","HU221","089","0","9999","9","9993","09","99","99","9","9","9","9","2"
"02088","Mánd","1500 4 2","42","3","60","HU323","150","0","9999","9","9992","03","99","99","3","3","1","9","1"
"02097","Gutorfölde","2000 4 2","42","2","30","HU223","197","0","9999","9","9993","09","99","99","9","9","9","9","2"
"02103","Maróc","2000 4 2","42","2","30","HU223","195","0","9999","9","9993","09","99","99","3","1","9","9","2"
"02112","Budapest 17. ker.","0117 9 9","90","1","11","HU110","017","1","0001","4","3200","01","99","99","9","9","9","4","9"
"02121","Csanádalberti","0600 4 2","42","3","70","HU333","073","0","9999","9","9992","05","99","99","1","1","9","9","3"
"02130","Mihályfa","2000 4 2","42","2","30","HU223","198","0","9999","9","9993","09","99","99","9","1","9","9","2"
"02149","Foktő","0300 4 2","42","3","70","HU331","037","0","9999","9","9992","05","99","99","9","1","9","3","3"
"02158","Muhi","0500 4 2","42","3","50","HU311","068","0","9999","9","9991","02","99","99","9","9","9","9","1"
"02167","Komádi","0900 3 2","30","3","60","HU321","094","0","9999","9","9992","03","99","99","1","3","1","9","1"
"02185","Csopak","1900 4 2","42","2","20","HU213","185","0","2013","2","1900","07","99","99","9","9","9","1","2"
"02194","Nemesvámos","1900 4 2","42","2","20","HU213","191","0","3133","9","9993","06","99","99","9","9","9","9","2"
"02200","Isztimér","0700 4 2","42","2","20","HU211","082","0","3103","9","9993","06","99","99","9","9","9","9","2"
"02219","Balatonfűzfő","1900 3 2","30","2","20","HU213","184","0","2013","9","9993","07","99","99","9","9","9","1","2"
"02228","Martonfa","0200 4 2","42","2","40","HU231","029","0","1033","9","9993","08","99","99","9","1","9","9","4"
"02237","Vág","0800 4 2","42","2","30","HU221","086","0","9999","9","9993","09","99","99","9","4","9","9","2"
"02246","Vát","1800 4 2","42","2","30","HU222","181","0","2033","9","9993","09","99","99","9","9","9","9","2"
"02264","Vásárosdombó","0200 4 2","42","2","40","HU231","025","0","9999","9","9993","08","99","99","3","3","1","9","4"
"02273","Abaújvár","0500 4 2","42","3","50","HU311","057","0","9999","9","9991","02","99","99","1","3","1","9","1"
"02282","Hejőkürt","0500 4 2","42","3","50","HU311","068","0","9999","9","9991","04","99","99","2","9","9","9","1"
"02291","Tiszabábolna","0500 4 2","42","3","50","HU311","060","0","9999","9","9991","04","05","99","9","1","1","9","1"
"02307","Kaba","0900 3 2","30","3","60","HU321","102","0","9999","9","9992","03","99","99","2","3","1","9","1"
"02316","Etyek","0700 4 2","41","2","20","HU211","077","0","9999","5","2100","06","99","99","9","9","9","9","2"
"02325","Baktalórántháza","1500 3 2","30","3","60","HU323","148","1","9999","9","9992","03","99","99","2","3","1","9","1"
"02343","Kincsesbánya","0700 4 2","42","2","20","HU211","082","0","3103","9","9993","06","99","99","9","9","9","9","2"
"02352","Újkígyós","0400 3 2","30","3","70","HU332","046","0","3013","9","9992","05","99","99","9","9","9","9","3"
"02361","Nagybajcs","0800 4 2","42","2","30","HU221","087","0","1013","9","9993","09","99","99","9","9","9","9","2"
"02370","Rád","1300 4 2","42","1","12","HU120","138","0","9999","9","9991","01","99","99","9","9","9","9","9"
"02389","Bercel","1200 4 2","42","3","50","HU313","116","0","9999","9","9991","02","99","99","9","1","9","9","1"
"02404","Surd","2000 4 2","42","2","30","HU223","196","0","9999","9","9993","09","99","99","9","4","9","9","2"
"02413","Kisbabot","0800 4 2","42","2","30","HU221","092","0","1013","9","9993","09","99","99","9","1","9","9","2"
"02422","Hegyesd","1900 4 2","42","2","20","HU213","189","0","9999","2","2000","07","99","99","9","9","9","1","2"
"02431","Bük","1800 3 2","30","2","30","HU222","178","0","9999","9","9993","09","99","99","9","9","9","9","2"
"02440","Szatta","1800 4 2","42","2","30","HU222","177","0","9999","9","9993","09","99","99","9","4","9","9","2"
"02459","Vajta","0700 4 2","42","2","20","HU211","084","0","9999","9","9993","06","99","99","3","3","1","3","2"
"02468","Hegymeg","0500 4 2","42","3","50","HU311","055","0","9999","9","9991","02","99","99","2","3","1","9","1"
"02477","Csombárd","1400 4 2","42","2","40","HU232","143","0","3033","9","9993","08","99","99","9","1","9","9","4"
"02486","Zalacséb","2000 4 2","42","2","30","HU223","197","0","2043","9","9993","09","99","99","9","9","9","9","2"
"02495","Nagycenk","0800 4 2","41","2","30","HU221","091","0","3073","5","2500","09","07","07","9","9","9","9","2"
"02501","Kisunyom","1800 4 2","42","2","30","HU222","181","0","2033","9","9993","09","99","99","9","9","9","9","2"
"02510","Kocs","1100 4 2","42","2","20","HU212","114","0","9999","5","1700","06","99","99","9","9","9","9","2"
"02529","Várfölde","2000 4 2","42","2","30","HU223","195","0","9999","9","9993","09","99","99","3","1","9","9","2"
"02547","Sumony","0200 4 2","42","2","40","HU231","032","0","9999","9","9993","08","99","99","3","1","9","9","4"
"02556","Mórichida","0800 4 2","42","2","30","HU221","092","0","1013","9","9993","09","99","99","9","1","9","9","2"
"02565","Döbrököz","1700 4 2","42","2","40","HU233","171","0","9999","9","9993","08","99","99","3","1","9","9","4"
"02574","Kenéz","1800 4 2","42","2","30","HU222","179","0","2033","9","9993","09","99","99","9","9","9","9","2"
"02583","Csesztreg","2000 4 2","42","2","30","HU223","194","0","9999","9","9993","09","99","99","9","1","9","9","2"
"02608","Zalaszentiván","2000 4 2","42","2","30","HU223","197","0","2043","9","9993","09","99","99","9","9","9","9","2"
"02617","Sopronnémeti","0800 4 2","42","2","30","HU221","086","0","9999","9","9993","09","99","99","9","4","9","9","2"
"02626","Martfű","1600 3 2","30","3","60","HU322","167","0","9999","9","9992","03","99","99","9","9","9","9","1"
"02635","Öttevény","0800 4 2","42","2","30","HU221","087","0","1013","9","9993","09","99","99","9","9","9","9","2"
"02644","Alibánfa","2000 4 2","42","2","30","HU223","197","0","2043","9","9993","09","99","99","9","9","9","9","2"
"02653","Nagyharsány","0200 4 2","42","2","40","HU231","031","0","9999","1","2900","08","99","99","3","1","9","9","4"
"02662","Milejszeg","2000 4 2","42","2","30","HU223","197","0","2043","9","9993","09","99","99","3","9","9","9","2"
"02671","Kántorjánosi","1500 4 2","42","3","60","HU323","154","0","9999","9","9992","03","99","99","3","3","1","9","1"
"02680","Békésszentandrás","0400 4 2","41","3","70","HU332","052","0","9999","9","9992","05","99","99","9","1","9","9","3"
"02699","Sárkeszi","0700 4 2","42","2","20","HU211","085","0","3103","9","9993","06","99","99","9","9","9","9","2"
"02705","Pálmonostora","0300 4 2","42","3","70","HU331","040","0","9999","3","1600","05","99","99","1","1","9","9","3"
"02714","Tótvázsony","1900 4 2","42","2","20","HU213","191","0","3133","9","9993","07","99","99","9","9","9","1","2"
"02723","Sáregres","0700 4 2","42","2","20","HU211","084","0","9999","9","9993","06","99","99","1","3","1","3","2"
"02741","Fáj","0500 4 2","42","3","50","HU311","056","0","9999","9","9991","02","99","99","1","3","1","9","1"
"02750","Vértesacsa","0700 4 2","42","2","20","HU211","077","0","9999","9","9993","06","99","99","9","9","9","9","2"
"02769","Tápiószőlős","1300 4 2","42","1","12","HU120","124","0","9999","9","9992","01","99","99","9","1","9","9","9"
"02778","Ludányhalászi","1200 4 2","42","3","50","HU313","121","0","9999","9","9991","02","99","99","1","3","1","9","1"
"02787","Nemesgulács","1900 4 2","42","2","20","HU213","189","0","9999","2","1800","07","99","99","9","9","9","1","2"
"02796","Nak","1700 4 2","42","2","40","HU233","171","0","9999","9","9993","08","99","99","3","1","9","9","4"
"02802","Enying","0700 3 2","30","2","20","HU211","079","1","9999","9","9993","06","99","99","2","2","1","9","2"
"02811","Miszla","1700 4 2","42","2","40","HU233","174","0","9999","9","9993","08","99","99","1","3","1","3","4"
"02820","Abaújlak","0500 4 2","42","3","50","HU311","067","0","9999","9","9991","02","99","99","1","3","1","9","1"
"02839","Nemeskocs","1800 4 2","42","2","30","HU222","176","0","9999","9","9993","09","99","99","9","1","9","9","2"
"02848","Felsőzsolca","0500 3 2","30","3","50","HU311","061","0","1023","9","9991","02","99","99","9","9","1","9","1"
"02857","Geresdlak","0200 4 2","42","2","40","HU231","029","0","9999","9","9993","08","99","99","9","1","9","9","4"
"02866","Oszlár","0500 4 2","42","3","50","HU311","068","0","9999","9","9991","04","99","99","9","9","9","9","1"
"02875","Sáta","0500 4 2","42","3","50","HU311","062","0","9999","9","9991","02","99","99","3","3","1","9","1"
"02884","Vasalja","1800 4 2","42","2","30","HU222","177","0","9999","9","9993","09","99","99","9","4","9","9","2"
"02893","Söréd","0700 4 2","42","2","20","HU211","082","0","3103","5","2200","06","99","99","9","9","9","9","2"
"02909","Magyarszentmiklós","2000 4 2","42","2","30","HU223","196","0","3153","9","9993","09","99","99","9","4","9","9","2"
"02918","Balmazújváros","0900 3 2","30","3","60","HU321","093","1","9999","9","9992","03","05","99","9","1","1","9","1"
"02927","Duka","1800 4 2","42","2","30","HU222","176","0","9999","9","9993","09","99","99","1","1","9","9","2"
"02936","Dudar","1900 4 2","42","2","20","HU213","192","0","9999","9","9993","06","99","99","9","9","9","9","2"
"02945","Biri","1500 4 2","42","3","60","HU323","155","0","9999","9","9992","03","99","99","9","2","1","9","1"
"02954","Felsőszentiván","0300 4 2","42","3","70","HU331","035","0","9999","9","9992","05","99","99","1","1","9","9","3"
"02963","Bükkszék","1000 4 2","42","3","50","HU312","109","0","9999","9","9991","02","99","99","9","2","1","9","1"
"02972","Zalasárszeg","2000 4 2","42","2","30","HU223","196","0","3153","9","9993","09","99","99","9","4","9","9","2"
"02981","Egerfarmos","1000 4 2","42","3","50","HU312","105","0","9999","9","9991","02","99","99","1","2","1","9","1"
"02990","Bátorliget","1500 4 2","42","3","60","HU323","156","0","9999","9","9992","03","99","99","1","3","1","9","1"
"03009","Szombathely","1800 2 1","20","2","30","HU222","181","1","2031","9","9993","09","99","99","9","9","9","9","2"
"03018","Szebény","0200 4 2","42","2","40","HU231","027","0","9999","9","9993","08","99","99","3","1","9","9","4"
"03036","Döröske","1800 4 2","42","2","30","HU222","177","0","9999","9","9993","09","99","99","9","4","9","9","2"
"03045","Hajdúböszörmény","0900 3 2","30","3","60","HU321","097","1","9999","9","9992","03","05","99","9","1","9","9","1"
"03054","Lickóvadamos","2000 4 2","42","2","30","HU223","197","0","2043","9","9993","09","99","99","9","9","9","9","2"
"03063","Zádorfalva","0500 4 2","42","3","50","HU311","063","0","9999","9","9991","02","99","03","1","3","1","9","1"
"03072","Balatoncsicsó","1900 4 2","42","2","20","HU213","185","0","9999","2","1900","07","99","99","9","9","9","1","2"
"03081","Sajóhídvég","0500 4 2","42","3","50","HU311","061","0","9999","9","9991","02","99","99","9","9","9","9","1"
"03090","Borgáta","1800 4 2","42","2","30","HU222","176","0","9999","2","2400","09","99","99","1","1","9","9","2"
"03106","Kétsoprony","0400 4 2","42","3","70","HU332","046","0","3013","9","9992","05","99","99","9","9","9","9","3"
"03115","Dunaújváros","0700 2 2","20","2","20","HU211","078","1","3141","9","9993","06","99","99","9","9","9","9","2"
"03124","Szentkozmadombja","2000 4 2","42","2","30","HU223","197","0","2043","9","9993","09","99","99","2","9","9","9","2"
"03133","Taktaszada","0500 4 2","42","3","50","HU311","066","0","9999","9","9991","02","99","99","3","2","1","9","1"
"03142","Vönöck","1800 4 2","42","2","30","HU222","176","0","9999","9","9993","09","99","99","9","1","9","9","2"
"03151","Kistapolca","0200 4 2","42","2","40","HU231","031","0","9999","9","9993","08","99","99","2","1","9","9","4"
"03160","Szuhafő","0500 4 2","42","3","50","HU311","063","0","9999","9","9991","02","03","03","9","3","1","9","1"
"03179","Budapest 02. ker.","0102 9 9","90","1","11","HU110","002","1","0001","9","9993","01","01","01","9","9","9","4","9"
"03188","Iborfia","2000 4 2","42","2","30","HU223","197","0","9999","9","9993","09","99","99","3","9","9","9","2"
"03197","Rábahídvég","1800 4 2","42","2","30","HU222","182","0","2033","9","9993","09","99","99","9","2","1","9","2"
"03203","Nyim","1400 4 2","42","2","40","HU232","146","0","9999","9","9993","07","99","99","2","9","9","1","4"
"03212","Sajóivánka","0500 4 2","42","3","50","HU311","058","0","9999","9","9991","02","99","99","9","1","9","9","1"
"03221","Magyarlak","1800 4 2","42","2","30","HU222","180","0","9999","9","9993","09","99","99","9","9","9","9","2"
"03230","Fajsz","0300 4 2","42","3","70","HU331","037","0","9999","9","9992","05","99","99","9","1","9","3","3"
"03249","Őrhalom","1200 4 2","42","3","50","HU313","116","0","9999","9","9991","02","99","99","9","1","9","9","1"
"03258","Földes","0900 4 2","41","3","60","HU321","102","0","9999","9","9992","03","99","99","9","3","1","9","1"
"03267","Badacsonytördemic","1900 4 2","42","2","20","HU213","189","0","2013","2","1800","07","99","99","9","9","9","1","2"
"03276","Füzesabony","1000 3 2","30","3","50","HU312","105","1","9999","9","9991","04","99","99","9","2","1","9","1"
"03285","Hirics","0200 4 2","42","2","40","HU231","030","0","9999","9","9993","08","99","99","1","3","1","9","4"
"03294","Molnaszecsőd","1800 4 2","42","2","30","HU222","177","0","9999","9","9993","09","99","99","9","4","9","9","2"
"03300","Iklad","1300 4 2","42","1","12","HU120","122","0","9999","9","9991","01","99","99","9","4","9","9","9"
"03319","Ártánd","0900 4 2","42","3","60","HU321","094","0","9999","9","9992","03","99","99","9","3","1","9","1"
"03328","Ipolytarnóc","1200 4 2","42","3","50","HU313","120","0","9999","9","9991","02","99","99","1","1","1","9","1"
"03337","Ivánbattyán","0200 4 2","42","2","40","HU231","031","0","9999","1","2700","08","99","99","9","1","9","9","4"
"03346","Ivándárda","0200 4 2","42","2","40","HU231","027","0","9999","9","9993","08","99","99","9","1","9","9","4"
"03355","Nova","2000 4 2","42","2","30","HU223","194","0","9999","9","9993","09","99","99","9","1","9","9","2"
"03364","Szilsárkány","0800 4 2","42","2","30","HU221","086","0","9999","9","9993","09","99","99","9","4","9","9","2"
"03373","Tiszapüspöki","1600 4 2","42","3","60","HU322","169","0","9999","9","9992","03","99","99","1","2","1","9","1"
"03382","Szarvaskő","1000 4 2","42","3","50","HU312","104","0","2023","9","9991","02","99","99","9","9","9","9","1"
"03391","Piricse","1500 4 2","42","3","60","HU323","156","0","9999","9","9992","03","99","99","3","3","1","9","1"
"03407","Budajenő","1300 4 2","42","1","12","HU120","123","0","0053","5","2100","01","99","99","9","9","9","4","9"
"03416","Somogyszil","1400 4 2","42","2","40","HU232","143","0","9999","9","9993","08","99","99","3","1","9","9","4"
"03425","Bogyiszló","1700 4 2","42","2","40","HU233","175","0","9999","9","9993","08","99","99","9","9","9","3","4"
"03434","Lasztonya","2000 4 2","42","2","30","HU223","195","0","9999","9","9993","09","99","99","3","1","9","9","2"
"03443","Mezőzombor","0500 4 2","42","3","50","HU311","066","0","9999","6","3300","02","08","08","1","2","1","2","1"
"03452","Boldog","1000 4 2","42","3","50","HU312","107","0","9999","9","9991","02","99","99","9","9","9","9","1"
"03461","Kétegyháza","0400 4 2","41","3","70","HU332","048","0","9999","9","9992","05","99","99","9","9","9","9","3"
"03470","Meződ","0200 4 2","42","2","40","HU231","025","0","9999","9","9993","08","99","99","1","3","1","9","4"
"03489","Edde","1400 4 2","42","2","40","HU232","143","0","9999","9","9993","08","99","99","3","1","9","9","4"
"03498","Vereb","0700 4 2","42","2","20","HU211","080","0","9999","9","9993","06","99","99","9","9","9","9","2"
"03504","Sajóbábony","0500 3 2","30","3","50","HU311","061","0","1023","9","9991","02","99","99","2","9","9","9","1"
"03513","Visznek","1000 4 2","42","3","50","HU312","106","0","9999","9","9991","02","99","99","9","9","9","9","1"
"03522","Baja","0300 2 2","20","3","70","HU331","035","1","3161","3","1500","05","99","99","9","1","9","9","3"
"03531","Léh","0500 4 2","42","3","50","HU311","067","0","9999","9","9991","02","99","99","3","3","1","9","1"
"03540","Kökény","0200 4 2","42","2","40","HU231","028","0","1033","9","9993","08","99","99","9","9","9","9","4"
"03559","Balatonvilágos","1400 4 2","42","2","40","HU232","146","0","2013","2","1900","07","99","99","9","9","9","1","4"
"03568","Szentantalfa","1900 4 2","42","2","20","HU213","185","0","9999","2","1900","07","99","99","9","9","9","1","2"
"03577","Géderlak","0300 4 2","42","3","70","HU331","037","0","9999","9","9992","05","99","99","3","1","9","3","3"
"03586","Szabolcsveresmart","1500 4 2","42","3","60","HU323","153","0","9999","9","9992","03","99","99","3","1","1","9","1"
"03595","Abaújszántó","0500 3 2","30","3","50","HU311","057","0","9999","6","3300","02","99","08","9","3","1","2","1"
"03601","Sóly","1900 4 2","42","2","20","HU213","191","0","3133","9","9993","06","99","99","9","9","9","9","2"
"03610","Malomsok","1900 4 2","42","2","20","HU213","187","0","9999","9","9993","06","99","99","9","1","9","9","2"
"03629","Géberjén","1500 4 2","42","3","60","HU323","154","0","9999","9","9992","03","99","99","9","3","1","9","1"
"03638","Balatonhenye","1900 4 2","42","2","20","HU213","189","0","9999","2","2000","07","99","99","9","9","9","1","2"
"03647","Döge","1500 4 2","42","3","60","HU323","153","0","9999","9","9992","03","99","99","2","1","1","9","1"
"03656","Bátmonostor","0300 4 2","42","3","70","HU331","035","0","3163","3","1500","05","99","99","9","1","9","9","3"
"03665","Cered","1200 4 2","42","3","50","HU313","120","0","3063","9","9991","02","99","99","3","1","1","9","1"
"03674","Nemeskeresztúr","1800 4 2","42","2","30","HU222","176","0","9999","9","9993","09","99","99","1","1","9","9","2"
"03683","Magyarhomorog","0900 4 2","42","3","60","HU321","094","0","9999","9","9992","03","99","99","1","3","1","9","1"
"03692","Mende","1300 4 2","42","1","12","HU120","131","0","9999","9","9992","01","99","99","9","1","9","9","9"
"03708","Taktabáj","0500 4 2","42","3","50","HU311","069","0","9999","9","9991","02","99","99","3","2","1","9","1"
"03717","Tiszadorogma","0500 4 2","42","3","50","HU311","059","0","9999","9","9991","04","99","99","9","3","1","9","1"
"03726","Zebecke","2000 4 2","42","2","30","HU223","194","0","9999","9","9993","09","99","99","3","1","9","9","2"
"03735","Bárdudvarnok","1400 4 2","42","2","40","HU232","143","0","3033","9","9993","08","99","99","9","1","1","9","4"
"03744","Gagyvendégi","0500 4 2","42","3","50","HU311","067","0","9999","9","9991","02","99","99","3","3","1","9","1"
"03753","Rábcakapi","0800 4 2","42","2","30","HU221","086","0","9999","9","9993","09","99","99","9","4","9","9","2"
"03762","Kiskinizs","0500 4 2","42","3","50","HU311","067","0","9999","9","9991","02","99","99","9","3","1","9","1"
"03771","Arnót","0500 4 2","42","3","50","HU311","061","0","1023","9","9991","02","99","99","9","9","9","9","1"
"03780","Ócsárd","0200 4 2","42","2","40","HU231","028","0","9999","9","9993","08","99","99","9","9","9","9","4"
"03799","Csákány","1400 4 2","42","2","40","HU232","144","0","9999","9","9993","08","99","99","3","1","9","9","4"
"03805","Szakáld","0500 4 2","42","3","50","HU311","068","0","9999","9","9991","04","99","99","9","9","9","9","1"
"03814","Hévíz","2000 3 2","30","2","30","HU223","193","0","2013","2","2000","07","99","99","9","9","9","1","2"
"03823","Ároktő","0500 4 2","42","3","50","HU311","059","0","9999","9","9991","04","05","99","1","3","1","9","1"
"03832","Keszü","0200 4 2","42","2","40","HU231","028","0","1033","1","2700","08","99","99","9","9","9","9","4"
"03841","Bokor","1200 4 2","42","3","50","HU313","118","0","9999","9","9991","02","99","99","3","1","1","9","1"
"03850","Tiszabercel","1500 4 2","42","3","60","HU323","151","0","9999","9","9992","03","99","99","3","3","1","9","1"
"03869","Kistormás","1700 4 2","42","2","40","HU233","173","0","9999","9","9993","08","99","99","9","9","9","3","4"
"03878","Nyírpilis","1500 4 2","42","3","60","HU323","156","0","9999","9","9992","03","99","99","3","3","1","9","1"
"03887","Szerecseny","0800 4 2","42","2","30","HU221","092","0","1013","9","9993","09","99","99","9","1","9","9","2"
"03896","Cserkút","0200 4 2","42","2","40","HU231","028","0","1033","1","2700","08","99","99","9","9","9","9","4"
"03902","Mád","0500 4 2","42","3","50","HU311","066","0","9999","6","3300","02","08","08","9","2","1","2","1"
"03911","Csákánydoroszló","1800 4 2","42","2","30","HU222","177","0","9999","9","9993","09","99","99","9","4","9","9","2"
"03939","Cigánd","0500 3 2","30","3","50","HU311","054","1","9999","9","9991","02","99","99","3","3","1","9","1"
"03948","Raposka","1900 4 2","42","2","20","HU213","189","0","9999","2","1800","07","99","99","9","9","9","1","2"
"03957","Viszló","0500 4 2","42","3","50","HU311","055","0","9999","9","9991","02","99","99","3","3","1","9","1"
"03966","Ruzsa","0600 4 2","42","3","70","HU333","074","0","9999","3","1400","05","99","99","1","1","1","9","3"
"03975","Baksa","0200 4 2","42","2","40","HU231","030","0","1033","9","9993","08","99","99","9","3","1","9","4"
"03984","Nagybudmér","0200 4 2","42","2","40","HU231","024","0","9999","9","9993","08","99","99","3","1","9","9","4"
"03993","Héhalom","1200 4 2","42","3","50","HU313","118","0","9999","9","9991","02","99","99","9","1","1","9","1"
"04002","Zalacsány","2000 4 2","42","2","30","HU223","193","0","9999","9","9993","07","99","99","9","9","9","1","2"
"04011","Budapest 19. ker.","0119 9 9","90","1","11","HU110","019","1","0001","9","9992","01","99","99","9","9","9","4","9"
"04020","Himod","0800 4 2","42","2","30","HU221","088","0","9999","9","9993","09","99","99","9","4","9","9","2"
"04039","Csorna","0800 3 2","30","2","30","HU221","086","1","9999","9","9993","09","99","99","9","4","9","9","2"
"04048","Tófű","0200 4 2","42","2","40","HU231","026","0","9999","9","9993","08","99","99","1","9","1","9","4"
"04057","Pécel","1300 3 2","30","1","12","HU120","128","0","0022","9","9991","01","99","99","9","9","9","4","9"
"04066","Küngös","1900 4 2","42","2","20","HU213","184","0","9999","9","9993","07","99","99","9","9","9","1","2"
"04075","Ócsa","1300 3 2","30","1","12","HU120","129","0","0033","3","1600","01","99","99","9","9","9","4","9"
"04084","Hevesvezekény","1000 4 2","42","3","50","HU312","108","0","9999","9","9991","04","99","99","9","3","1","9","1"
"04093","Helvécia","0300 4 2","41","3","70","HU331","038","0","3043","3","1600","05","99","99","9","9","9","9","3"
"04109","Dusnok","0300 4 2","42","3","70","HU331","037","0","9999","3","1500","05","99","99","9","1","9","3","3"
"04118","Hortobágy","0900 4 2","42","3","60","HU321","093","0","9999","9","9992","03","05","99","9","1","1","9","1"
"04127","Som","1400 4 2","42","2","40","HU232","146","0","9999","9","9993","07","99","99","9","9","9","1","4"
"04136","Töttös","0200 4 2","42","2","40","HU231","024","0","9999","9","9993","08","99","99","9","1","9","9","4"
"04145","Hort","1000 4 2","41","3","50","HU312","107","0","9999","9","9991","02","99","99","9","9","9","9","1"
"04154","Tárnok","1300 4 2","41","1","12","HU120","127","0","0043","9","9993","01","99","99","9","9","9","4","9"
"04163","Bödeháza","2000 4 2","42","2","30","HU223","194","0","9999","9","9993","09","99","99","9","1","9","9","2"
"04172","Tárnokréti","0800 4 2","42","2","30","HU221","086","0","9999","9","9993","09","99","99","9","4","9","9","2"
"04181","Perőcsény","1300 4 2","42","1","12","HU120","137","0","9999","9","9991","01","99","99","9","1","9","9","9"
"04190","Köcsk","1800 4 2","42","2","30","HU222","176","0","9999","9","9993","09","99","99","9","1","9","9","2"
"04206","Mezőgyán","0400 4 2","42","3","70","HU332","051","0","9999","9","9992","05","99","99","3","3","1","9","3"
"04215","Nyomár","0500 4 2","42","3","50","HU311","055","0","9999","9","9991","02","99","99","9","3","1","9","1"
"04224","Csörötnek","1800 4 2","42","2","30","HU222","180","0","9999","9","9993","09","99","99","9","9","9","9","2"
"04233","Aszaló","0500 4 2","42","3","50","HU311","067","0","9999","4","3000","02","99","99","3","3","1","9","1"
"04242","Nagykamarás","0400 4 2","42","3","70","HU332","049","0","9999","9","9992","05","99","99","3","3","1","9","3"
"04251","Ecseg","1200 4 2","42","3","50","HU313","118","0","9999","9","9991","02","99","99","1","1","1","9","1"
"04260","Mezőtúr","1600 3 2","30","3","60","HU322","166","1","9999","9","9992","03","99","99","9","1","1","9","1"
"04279","Kamut","0400 4 2","42","3","70","HU332","045","0","9999","9","9992","05","99","99","9","1","1","9","3"
"04288","Kispirit","1900 4 2","42","2","20","HU213","186","0","9999","9","9993","06","99","99","3","3","1","9","2"
"04297","Kacsóta","0200 4 2","42","2","40","HU231","032","0","9999","9","9993","08","99","99","9","1","9","9","4"
"04303","Püspökszilágy","1300 4 2","42","1","12","HU120","138","0","9999","9","9991","01","99","99","9","9","9","9","9"
"04312","Tarpa","1500 4 2","41","3","60","HU323","159","0","9999","9","9992","03","99","99","3","3","1","9","1"
"04321","Bodorfa","1900 4 2","42","2","20","HU213","188","0","9999","9","9993","06","99","99","1","1","9","9","2"
"04330","Mátraszőlős","1200 4 2","42","3","50","HU313","118","0","9999","9","9991","02","99","99","9","1","1","9","1"
"04349","Mórahalom","0600 3 2","30","3","70","HU333","074","1","9999","3","1400","05","99","99","9","1","1","9","3"
"04358","Nógrád","1200 4 2","42","3","50","HU313","119","0","9999","9","9991","01","99","99","9","1","9","9","1"
"04367","Bogyoszló","0800 4 2","42","2","30","HU221","086","0","9999","9","9993","09","99","99","9","4","9","9","2"
"04376","Lázi","0800 4 2","42","2","30","HU221","090","0","1013","5","2300","09","99","99","9","4","9","9","2"
"04385","Magyartelek","0200 4 2","42","2","40","HU231","030","0","9999","9","9993","08","99","99","3","3","1","9","4"
"04394","Makád","1300 4 2","42","1","12","HU120","134","0","9999","9","9992","01","99","99","9","4","9","9","9"
"04400","Bekölce","1000 4 2","42","3","50","HU312","103","0","9999","9","9991","02","99","99","9","1","1","9","1"
"04419","Nyésta","0500 4 2","42","3","50","HU311","067","0","9999","9","9991","02","99","99","3","3","1","9","1"
"04428","Ács","1100 3 2","30","2","20","HU212","112","0","9999","9","9993","06","99","99","9","9","9","9","2"
"04437","Udvar","0200 4 2","42","2","40","HU231","027","0","9999","9","9993","08","99","99","9","1","9","9","4"
"04446","Tiszakerecseny","1500 4 2","42","3","60","HU323","159","0","9999","9","9992","03","99","99","3","3","1","9","1"
"04455","Nagylengyel","2000 4 2","42","2","30","HU223","197","0","2043","9","9993","09","99","99","9","9","9","9","2"
"04464","Szakály","1700 4 2","42","2","40","HU233","174","0","9999","9","9993","08","99","99","9","3","1","3","4"
"04473","Kányavár","2000 4 2","42","2","30","HU223","194","0","9999","9","9993","09","99","99","1","1","9","9","2"
"04482","Oroszló","0200 4 2","42","2","40","HU231","026","0","9999","9","9993","08","99","99","1","9","1","9","4"
"04491","Sényő","1500 4 2","42","3","60","HU323","157","0","3053","9","9992","03","99","99","2","9","9","9","1"
"04507","Szendehely","1200 4 2","42","3","50","HU313","119","0","9999","4","3200","01","99","99","9","1","9","9","1"
"04516","Rózsafa","0200 4 2","42","2","40","HU231","033","0","9999","9","9993","08","99","99","3","2","1","9","4"
"04525","Kecskéd","1100 4 2","42","2","20","HU212","113","0","3123","9","9993","06","99","99","9","9","9","9","2"
"04534","Mindszentkálla","1900 4 2","42","2","20","HU213","189","0","9999","2","2000","07","99","99","2","9","9","1","2"
"04543","Feked","0200 4 2","42","2","40","HU231","027","0","9999","9","9993","08","99","99","9","1","9","9","4"
"04552","Litér","1900 4 2","42","2","20","HU213","184","0","3133","9","9993","07","99","99","9","9","9","1","2"
"04561","Ábrahámhegy","1900 4 2","42","2","20","HU213","189","0","2013","2","1800","07","99","99","9","9","9","1","2"
"04570","Márianosztra","1300 4 2","42","1","12","HU120","137","0","9999","9","9991","01","99","99","9","1","9","9","9"
"04589","Veszkény","0800 4 2","42","2","30","HU221","088","0","9999","9","9993","09","99","99","9","4","9","9","2"
"04598","Kereki","1400 4 2","42","2","40","HU232","146","0","9999","9","9993","07","99","99","9","9","9","1","4"
"04604","Hejőkeresztúr","0500 4 2","42","3","50","HU311","068","0","1023","9","9991","02","99","99","9","9","9","9","1"
"04613","Gelénes","1500 4 2","42","3","60","HU323","159","0","9999","9","9992","03","99","99","1","3","1","9","1"
"04622","Zsira","0800 4 2","42","2","30","HU221","091","0","9999","9","9993","09","99","99","9","9","9","9","2"
"04631","Tüskevár","1900 4 2","42","2","20","HU213","186","0","9999","9","9993","06","99","99","9","3","1","9","2"
"04640","Kám","1800 4 2","42","2","30","HU222","182","0","2033","9","9993","09","99","99","9","2","1","9","2"
"04659","Martonvásár","0700 3 2","30","2","20","HU211","081","1","9999","5","2100","06","99","99","9","9","9","9","2"
"04668","Mihályháza","1900 4 2","42","2","20","HU213","187","0","9999","9","9993","06","99","99","9","1","9","9","2"
"04677","Emőd","0500 3 2","30","3","50","HU311","061","0","1023","4","3000","02","99","99","9","9","9","9","1"
"04686","Dédestapolcsány","0500 4 2","42","3","50","HU311","058","0","9999","9","9991","02","99","99","9","1","9","9","1"
"04695","Vasvár","1800 3 2","30","2","30","HU222","182","1","9999","9","9993","09","99","99","9","2","1","9","2"
"04701","Iregszemcse","1700 4 2","42","2","40","HU233","174","0","9999","1","3500","08","99","99","9","3","1","3","4"
"04710","Nagyar","1500 4 2","42","3","60","HU323","150","0","9999","9","9992","03","99","99","3","3","1","9","1"
"04729","Sály","0500 4 2","42","3","50","HU311","060","0","9999","4","3000","02","99","99","3","1","9","9","1"
"04738","Bak","2000 4 2","42","2","30","HU223","197","0","2043","2","3400","09","99","99","9","9","9","9","2"
"04747","Sárpilis","1700 4 2","42","2","40","HU233","173","0","9999","9","9993","08","99","99","3","9","9","9","4"
"04756","Misefa","2000 4 2","42","2","30","HU223","197","0","2043","9","9993","09","99","99","9","9","9","9","2"
"04765","Borszörcsök","1900 4 2","42","2","20","HU213","186","0","9999","2","2400","06","99","99","3","3","1","9","2"
"04774","Szakoly","1500 4 2","42","3","60","HU323","155","0","9999","9","9992","03","99","99","9","2","1","9","1"
"04783","Mosonmagyaróvár","0800 3 2","30","2","30","HU221","089","1","9999","9","9993","09","99","99","9","9","9","9","2"
"04792","Rábacsanak","0800 4 2","42","2","30","HU221","086","0","9999","9","9993","09","99","99","9","4","9","9","2"
"04808","Domony","1300 4 2","42","1","12","HU120","122","0","9999","9","9991","01","99","99","9","4","9","9","9"
"04817","Zsáka","0900 4 2","41","3","60","HU321","094","0","9999","9","9992","03","99","99","3","3","1","9","1"
"04826","Kisgyalán","1400 4 2","42","2","40","HU232","143","0","9999","9","9993","08","99","99","9","1","9","9","4"
"04835","Somogyzsitfa","1400 4 2","42","2","40","HU232","144","0","9999","2","2600","08","99","99","3","1","9","9","4"
"04844","Terény","1200 4 2","42","3","50","HU313","116","0","9999","9","9991","02","99","99","1","1","9","9","1"
"04853","Somogyudvarhely","1400 4 2","42","2","40","HU232","141","0","9999","9","9993","08","99","99","9","3","1","9","4"
"04862","Paks","1700 3 2","30","2","40","HU233","172","1","9999","1","3500","08","99","99","9","9","9","3","4"
"04871","Litke","1200 4 2","42","3","50","HU313","120","0","9999","9","9991","02","99","99","3","1","1","9","1"
"04880","Ágfalva","0800 4 2","42","2","30","HU221","091","0","3073","5","2500","09","99","99","9","9","9","9","2"
"04899","Bikal","0200 4 2","42","2","40","HU231","026","0","9999","9","9993","08","99","99","9","9","1","9","4"
"04905","Pócsmegyer","1300 4 2","42","1","12","HU120","135","0","0063","9","9993","01","99","99","9","9","9","4","9"
"04914","Trizs","0500 4 2","42","3","50","HU311","063","0","9999","9","9991","02","03","03","9","3","1","9","1"
"04923","Karcag","1600 3 2","30","3","60","HU322","163","1","9999","9","9992","04","05","99","2","2","1","9","1"
"04932","Taszár","1400 4 2","42","2","40","HU232","143","0","3033","9","9993","08","99","99","9","1","9","9","4"
"04950","Ortaháza","2000 4 2","42","2","30","HU223","194","0","9999","9","9993","09","99","99","9","1","9","9","2"
"04969","Tormafölde","2000 4 2","42","2","30","HU223","194","0","9999","2","3400","09","99","99","9","1","9","9","2"
"04978","Ipolytölgyes","1300 4 2","42","1","12","HU120","137","0","9999","9","9991","01","99","99","9","1","9","9","9"
"04987","Megyer","1900 4 2","42","2","20","HU213","188","0","9999","9","9993","06","99","99","3","1","9","9","2"
"04996","Garbolc","1500 4 2","42","3","60","HU323","150","0","9999","9","9992","03","99","99","3","3","1","9","1"
"05005","Irota","0500 4 2","42","3","50","HU311","055","0","9999","9","9991","02","99","99","9","3","1","9","1"
"05014","Vének","0800 4 2","42","2","30","HU221","087","0","1013","9","9993","09","99","99","9","9","9","9","2"
"05023","Bozsok","1800 4 2","42","2","30","HU222","178","0","2033","9","9993","09","99","99","9","9","9","9","2"
"05032","Gyula","0400 3 2","30","3","70","HU332","048","1","3012","9","9992","05","99","99","9","9","9","9","3"
"05041","Nyírderzs","1500 4 2","42","3","60","HU323","156","0","9999","9","9992","03","99","99","3","3","1","9","1"
"05050","Csitár","1200 4 2","42","3","50","HU313","116","0","9999","9","9991","02","99","99","3","1","9","9","1"
"05069","Györgytarló","0500 4 2","42","3","50","HU311","064","0","9999","9","9991","02","99","99","3","1","1","9","1"
"05078","Rinyabesenyő","1400 4 2","42","2","40","HU232","145","0","9999","9","9993","08","99","99","3","2","1","9","4"
"05087","Lovászpatona","1900 4 2","42","2","20","HU213","187","0","9999","9","9993","06","99","99","9","1","9","9","2"
"05096","Viss","0500 4 2","42","3","50","HU311","064","0","9999","9","9991","02","99","99","3","1","1","9","1"
"05102","Balogunyom","1800 4 2","42","2","30","HU222","181","0","2033","9","9993","09","99","99","9","9","9","9","2"
"05111","Csongrád","0600 3 2","30","3","70","HU333","070","1","9999","3","1400","05","99","99","9","1","9","9","3"
"05120","Sátoraljaújhely","0500 3 2","30","3","50","HU311","065","1","9999","6","3300","02","08","08","9","1","1","2","1"
"05139","Birján","0200 4 2","42","2","40","HU231","028","0","1033","9","9993","08","99","99","9","9","9","9","4"
"05148","Balatonkenese","1900 3 2","30","2","20","HU213","184","0","2013","2","1900","07","99","99","9","9","9","1","2"
"05157","Somlójenő","1900 4 2","42","2","20","HU213","186","0","9999","2","2400","06","99","99","3","3","1","9","2"
"05166","Tömörd","1800 4 2","42","2","30","HU222","178","0","2033","9","9993","09","99","99","9","9","9","9","2"
"05175","Hajdúszoboszló","0900 3 2","30","3","60","HU321","100","1","9999","9","9992","03","05","99","9","1","9","9","1"
"05184","Csemő","1300 4 2","42","1","12","HU120","124","0","9999","3","1600","01","99","99","9","1","9","9","9"
"05193","Szorosad","1400 4 2","42","2","40","HU232","147","0","9999","9","9993","08","99","99","9","2","1","9","4"
"05209","Villánykövesd","0200 4 2","42","2","40","HU231","031","0","9999","1","2900","08","99","99","9","1","9","9","4"
"05218","Nagygörbő","2000 4 2","42","2","30","HU223","198","0","9999","9","9993","09","99","99","3","1","9","9","2"
"05227","Kisnémedi","1300 4 2","42","1","12","HU120","138","0","9999","4","3200","01","99","99","9","9","9","9","9"
"05236","Gyöngyös","1000 3 2","30","3","50","HU312","106","1","9999","4","3200","02","99","99","9","9","9","9","1"
"05245","Nemesbikk","0500 4 2","42","3","50","HU311","068","0","9999","9","9991","04","99","99","3","9","9","9","1"
"05254","Kuncsorba","1600 4 2","42","3","60","HU322","169","0","9999","9","9992","03","99","99","1","2","1","9","1"
"05263","Karád","1400 4 2","42","2","40","HU232","142","0","9999","2","2600","07","99","99","3","1","9","1","4"
"05272","Kánya","1400 4 2","42","2","40","HU232","147","0","9999","9","9993","08","99","99","9","2","1","9","4"
"05281","Örkény","1300 3 2","30","1","12","HU120","125","0","9999","3","1600","01","99","99","9","4","9","9","9"
"05290","Pilisszántó","1300 4 2","42","1","12","HU120","133","0","0063","9","9993","01","99","99","9","9","9","4","9"
"05306","Bőcs","0500 4 2","42","3","50","HU311","061","0","9999","9","9991","02","99","99","9","9","9","9","1"
"05315","Borsodnádasd","0500 3 2","30","3","50","HU311","062","0","9999","9","9991","02","99","99","3","3","1","9","1"
"05324","Herencsény","1200 4 2","42","3","50","HU313","116","0","9999","9","9991","02","99","99","1","1","9","9","1"
"05333","Csobád","0500 4 2","42","3","50","HU311","056","0","9999","9","9991","02","99","99","9","3","1","9","1"
"05342","Tófej","2000 4 2","42","2","30","HU223","197","0","2043","9","9993","09","99","99","9","9","9","9","2"
"05351","Kára","1400 4 2","42","2","40","HU232","147","0","9999","9","9993","08","99","99","9","2","1","9","4"
"05360","Csákberény","0700 4 2","42","2","20","HU211","082","0","3103","5","2200","06","99","99","9","9","9","9","2"
"05379","Csanádpalota","0600 3 2","30","3","70","HU333","073","0","9999","9","9992","05","99","99","9","1","9","9","3"
"05388","Sümegprága","1900 4 2","42","2","20","HU213","188","0","9999","2","2000","06","99","99","9","1","9","9","2"
"05397","Pusztaföldvár","0400 4 2","42","3","70","HU332","050","0","9999","9","9992","05","99","99","1","1","9","9","3"
"05403","Babarc","0200 4 2","42","2","40","HU231","024","0","9999","1","2700","08","99","99","9","1","9","9","4"
"05412","Magyarmecske","0200 4 2","42","2","40","HU231","030","0","9999","9","9993","08","99","99","9","3","1","9","4"
"05421","Királyszentistván","1900 4 2","42","2","20","HU213","184","0","3133","9","9993","06","99","99","9","9","9","9","2"
"05430","Magyarhertelend","0200 4 2","42","2","40","HU231","026","0","9999","9","9993","08","99","99","9","9","1","9","4"
"05449","Komárom","1100 3 2","30","2","20","HU212","112","1","9999","9","9993","06","99","99","9","9","9","9","2"
"05458","Kenézlő","0500 4 2","42","3","50","HU311","064","0","9999","9","9991","02","99","99","3","1","1","9","1"
"05467","Budapest 04. ker.","0104 9 9","90","1","11","HU110","004","1","0001","9","9991","01","99","99","9","9","9","4","9"
"05476","Bő","1800 4 2","42","2","30","HU222","179","0","9999","9","9993","09","99","99","9","9","9","9","2"
"05485","Baranyaszentgyörgy","0200 4 2","42","2","40","HU231","025","0","9999","9","9993","08","99","99","3","3","1","9","4"
"05494","Gadna","0500 4 2","42","3","50","HU311","067","0","9999","9","9991","02","99","99","3","3","1","9","1"
"05500","Somogyaracs","1400 4 2","42","2","40","HU232","140","0","9999","9","9993","08","99","99","3","3","1","9","4"
"05519","Siklós","0200 3 2","30","2","40","HU231","031","1","9999","1","2900","08","99","99","9","1","9","9","4"
"05528","Szörény","0200 4 2","42","2","40","HU231","033","0","9999","9","9993","08","99","99","1","2","1","9","4"
"05537","Kallósd","2000 4 2","42","2","30","HU223","198","0","9999","9","9993","09","99","99","1","1","9","9","2"
"05546","Zákányszék","0600 4 2","42","3","70","HU333","074","0","9999","3","1400","05","99","99","9","1","1","9","3"
"05555","Nemeshany","1900 4 2","42","2","20","HU213","188","0","9999","9","9993","06","99","99","9","1","9","9","2"
"05564","Lovas","1900 4 2","42","2","20","HU213","185","0","2013","2","1900","07","99","99","9","9","9","1","2"
"05573","Derecske","0900 3 2","30","3","60","HU321","096","1","9999","9","9992","03","99","99","2","3","1","9","1"
"05582","Nagycsécs","0500 4 2","42","3","50","HU311","068","0","9999","9","9991","04","99","99","9","9","9","9","1"
"05591","Izsófalva","0500 4 2","41","3","50","HU311","058","0","9999","9","9991","02","99","99","2","1","9","9","1"
"05607","Szederkény","0200 4 2","42","2","40","HU231","024","0","9999","1","2700","08","99","99","9","1","9","9","4"
"05616","Hetefejércse","1500 4 2","42","3","60","HU323","159","0","9999","9","9992","03","99","99","3","3","1","9","1"
"05625","Révfülöp","1900 4 2","41","2","20","HU213","189","0","2013","2","1800","07","99","99","9","9","9","1","2"
"05634","Káptalantóti","1900 4 2","42","2","20","HU213","189","0","9999","2","1800","07","99","99","9","9","9","1","2"
"05643","Szilvásvárad","1000 4 2","42","3","50","HU312","103","0","9999","9","9991","02","99","99","9","1","1","9","1"
"05652","Nemesgörzsöny","1900 4 2","42","2","20","HU213","187","0","9999","9","9993","06","99","99","9","1","9","9","2"
"05661","Ozora","1700 4 2","42","2","40","HU233","174","0","9999","1","3500","08","99","99","1","3","1","3","4"
"05670","Gégény","1500 4 2","42","3","60","HU323","152","0","9999","9","9992","03","99","99","2","3","1","9","1"
"05689","Mezőkomárom","0700 4 2","42","2","20","HU211","079","0","9999","1","3500","06","99","99","9","2","1","9","2"
"05698","Váckisújfalu","1300 4 2","42","1","12","HU120","138","0","9999","9","9991","01","99","99","9","9","9","9","9"
"05704","Pethőhenye","2000 4 2","42","2","30","HU223","197","0","2043","9","9993","09","99","99","9","9","9","9","2"
"05713","Harasztifalu","1800 4 2","42","2","30","HU222","177","0","2033","9","9993","09","99","99","9","4","9","9","2"
"05722","Kisbeszterce","0200 4 2","42","2","40","HU231","025","0","9999","9","9993","08","99","99","3","3","1","9","4"
"05731","Gerjen","1700 4 2","42","2","40","HU233","172","0","9999","9","9993","08","99","99","9","9","9","3","4"
"05740","Kőszegdoroszló","1800 4 2","42","2","30","HU222","178","0","9999","5","2500","09","99","99","9","9","9","9","2"
"05759","Vécs","1000 4 2","42","3","50","HU312","106","0","9999","4","3200","02","99","99","3","9","9","9","1"
"05768","Létavértes","0900 3 2","30","3","60","HU321","096","0","9999","9","9992","03","99","99","2","3","1","9","1"
"05777","Szászberek","1600 4 2","42","3","60","HU322","167","0","3113","9","9992","03","99","99","9","9","9","9","1"
"05786","Ladánybene","0300 4 2","42","3","70","HU331","038","0","9999","3","1600","05","99","99","9","9","9","9","3"
"05795","Cserkeszőlő","1600 4 2","42","3","60","HU322","165","0","9999","3","1600","03","99","99","9","2","1","9","1"
"05801","Gávavencsellő","1500 4 2","41","3","60","HU323","151","0","9999","9","9992","03","99","99","2","3","1","9","1"
"05810","Szőkedencs","1400 4 2","42","2","40","HU232","144","0","9999","9","9993","08","99","99","3","1","9","9","4"
"05829","Vál","0700 4 2","42","2","20","HU211","081","0","9999","5","2100","06","99","99","9","9","9","9","2"
"05838","Balatonalmádi","1900 3 2","30","2","20","HU213","184","1","2012","2","1900","07","99","99","9","9","9","1","2"
"05847","Harsány","0500 4 2","42","3","50","HU311","061","0","1023","4","3000","02","99","99","9","9","9","9","1"
"05856","Kunadacs","0300 4 2","42","3","70","HU331","043","0","9999","9","9992","05","99","99","9","2","1","9","3"
"05865","Egerlövő","0500 4 2","42","3","50","HU311","060","0","9999","9","9991","04","99","99","9","1","9","9","1"
"05874","Szajol","1600 4 2","42","3","60","HU322","167","0","3113","9","9992","03","99","99","9","9","9","9","1"
"05883","Palotás","1200 4 2","42","3","50","HU313","118","0","9999","9","9991","02","99","99","9","1","1","9","1"
"05892","Vokány","0200 4 2","42","2","40","HU231","031","0","9999","1","2900","08","99","99","9","1","9","9","4"
"05917","Vácduka","1300 4 2","42","1","12","HU120","138","0","9999","9","9991","01","99","99","9","9","9","9","9"
"05926","Bódvaszilas","0500 4 2","42","3","50","HU311","055","0","9999","9","9991","02","03","03","9","3","1","9","1"
"05935","Karácsond","1000 4 2","42","3","50","HU312","106","0","9999","4","3200","02","99","99","9","9","9","9","1"
"05944","Bakonyszentlászló","0800 4 2","42","2","30","HU221","090","0","1013","9","9993","09","99","99","9","4","9","9","2"
"05953","Kissomlyó","1800 4 2","42","2","30","HU222","176","0","9999","2","2400","09","99","99","1","1","9","9","2"
"05962","Magyarcsanád","0600 4 2","42","3","70","HU333","073","0","9999","9","9992","05","99","99","3","1","9","9","3"
"05971","Csokonyavisonta","1400 4 2","42","2","40","HU232","140","0","9999","9","9993","08","99","99","3","3","1","9","4"
"05980","Egyházasgerge","1200 4 2","42","3","50","HU313","120","0","9999","9","9991","02","99","99","3","1","1","9","1"
"05999","Kárász","0200 4 2","42","2","40","HU231","026","0","9999","9","9993","08","99","99","9","9","1","9","4"
"06008","Zamárdi","1400 3 2","30","2","40","HU232","146","0","2013","2","2600","07","99","99","9","9","9","1","4"
"06017","Magyarkeszi","1700 4 2","42","2","40","HU233","174","0","9999","1","3500","08","99","99","3","3","1","3","4"
"06026","Budapest 20. ker.","0120 9 9","90","1","11","HU110","020","1","0001","9","9992","01","99","99","9","9","9","4","9"
"06035","Felsőpakony","1300 4 2","41","1","12","HU120","129","0","0033","9","9992","01","99","99","9","9","9","4","9"
"06044","Kunbaja","0300 4 2","42","3","70","HU331","034","0","9999","3","1600","05","99","99","1","3","1","9","3"
"06053","Ragály","0500 4 2","42","3","50","HU311","063","0","9999","9","9991","02","99","99","3","3","1","9","1"
"06062","Újpetre","0200 4 2","42","2","40","HU231","031","0","9999","9","9993","08","99","99","2","1","9","9","4"
"06071","Keménfa","2000 4 2","42","2","30","HU223","197","0","9999","9","9993","09","99","99","9","9","9","9","2"
"06080","Ádánd","1400 4 2","42","2","40","HU232","146","0","9999","9","9993","07","99","99","9","9","9","1","4"
"06099","Ellend","0200 4 2","42","2","40","HU231","028","0","1033","9","9993","08","99","99","9","9","9","9","4"
"06105","Kálmáncsa","1400 4 2","42","2","40","HU232","140","0","9999","9","9993","08","99","99","3","3","1","9","4"
"06114","Füle","0700 4 2","42","2","20","HU211","085","0","3103","9","9993","06","99","99","9","9","9","9","2"
"06123","Dövény","0500 4 2","42","3","50","HU311","063","0","9999","9","9991","02","99","99","3","3","1","9","1"
"06132","Csapi","2000 4 2","42","2","30","HU223","196","0","3153","9","9993","07","99","99","2","4","9","1","2"
"06141","Patalom","1400 4 2","42","2","40","HU232","143","0","9999","9","9993","08","99","99","9","1","9","9","4"
"06169","Nemesapáti","2000 4 2","42","2","30","HU223","197","0","2043","9","9993","09","99","99","9","9","9","9","2"
"06178","Eszteregnye","2000 4 2","42","2","30","HU223","196","0","3153","2","3400","09","99","99","9","4","9","9","2"
"06187","Nyíradony","0900 3 2","30","3","60","HU321","101","1","9999","9","9992","03","99","99","2","3","1","9","1"
"06196","Barbacs","0800 4 2","42","2","30","HU221","086","0","1013","9","9993","09","99","99","9","4","9","9","2"
"06202","Lakitelek","0300 4 2","41","3","70","HU331","044","0","3043","3","1600","05","99","99","9","1","9","9","3"
"06211","Hollád","1400 4 2","42","2","40","HU232","144","0","9999","2","2600","07","99","99","3","1","9","1","4"
"06220","Bodonhely","0800 4 2","42","2","30","HU221","086","0","1013","9","9993","09","99","99","9","4","9","9","2"
"06239","Vadosfa","0800 4 2","42","2","30","HU221","088","0","9999","9","9993","09","99","99","9","4","9","9","2"
"06248","Pinkamindszent","1800 4 2","42","2","30","HU222","177","0","9999","9","9993","09","99","99","9","4","9","9","2"
"06257","Zsadány","0400 4 2","42","3","70","HU332","051","0","9999","9","9992","05","99","99","3","3","1","9","3"
"06266","Hosszúpályi","0900 4 2","41","3","60","HU321","096","0","3023","9","9992","03","99","99","3","3","1","9","1"
"06275","Zajta","1500 4 2","42","3","60","HU323","150","0","9999","9","9992","03","99","99","1","3","1","9","1"
"06284","Pitvaros","0600 4 2","42","3","70","HU333","073","0","9999","9","9992","05","99","99","9","1","9","9","3"
"06293","Újhartyán","1300 3 2","30","1","12","HU120","125","0","9999","9","9992","01","99","99","9","4","9","9","9"
"06309","Nagyrábé","0900 4 2","41","3","60","HU321","102","0","9999","9","9992","03","99","99","1","3","1","9","1"
"06318","Nagyrév","1600 4 2","42","3","60","HU322","165","0","9999","3","1600","03","99","99","3","2","1","9","1"
"06327","Bakonypölöske","1900 4 2","42","2","20","HU213","187","0","9999","9","9993","06","99","99","9","1","9","9","2"
"06336","Kozármisleny","0200 3 2","30","2","40","HU231","028","0","1033","9","9993","08","99","99","9","9","9","9","4"
"06345","Aldebrő","1000 4 2","42","3","50","HU312","105","0","9999","4","3100","02","99","99","9","2","1","9","1"
"06354","Pusztamérges","0600 4 2","42","3","70","HU333","074","0","9999","3","1400","05","99","99","1","1","1","9","3"
"06363","Dörgicse","1900 4 2","42","2","20","HU213","185","0","9999","2","1900","07","99","99","9","9","9","1","2"
"06372","Pomáz","1300 3 2","30","1","12","HU120","135","0","0063","9","9993","01","99","99","9","9","9","4","9"
"06381","Tolmács","1200 4 2","42","3","50","HU313","119","0","9999","9","9991","01","99","99","9","1","9","9","1"
"06390","Bozzai","1800 4 2","42","2","30","HU222","181","0","2033","9","9993","09","99","99","9","9","9","9","2"
"06406","Jákfa","1800 4 2","42","2","30","HU222","179","0","9999","9","9993","09","99","99","9","9","9","9","2"
"06415","Kákics","0200 4 2","42","2","40","HU231","030","0","9999","9","9993","08","99","99","3","3","1","9","4"
"06424","Kaposszerdahely","1400 4 2","42","2","40","HU232","143","0","3033","9","9993","08","99","99","9","1","1","9","4"
"06433","Tiszadada","1500 4 2","42","3","60","HU323","158","0","9999","9","9992","03","99","99","3","2","1","9","1"
"06442","Kalocsa","0300 3 2","30","3","70","HU331","037","1","9999","9","9992","05","99","99","9","1","9","3","3"
"06451","Gamás","1400 4 2","42","2","40","HU232","142","0","9999","9","9993","07","99","99","3","1","9","1","4"
"06460","Füzérkajata","0500 4 2","42","3","50","HU311","065","0","9999","9","9991","02","99","99","1","1","1","9","1"
"06479","Lapáncsa","0200 4 2","42","2","40","HU231","031","0","9999","9","9993","08","99","99","3","1","9","9","4"
"06488","Nagyecsed","1500 3 2","30","3","60","HU323","154","0","9999","9","9992","03","99","99","3","3","1","9","1"
"06497","Bonyhád","1700 3 2","30","2","40","HU233","170","1","9999","1","3500","08","99","99","9","9","9","9","4"
"06503","Átány","1000 4 2","42","3","50","HU312","108","0","9999","9","9991","04","99","99","3","3","1","9","1"
"06512","Kismányok","1700 4 2","42","2","40","HU233","170","0","9999","1","3500","08","99","99","9","9","9","9","4"
"06521","Gyermely","1100 4 2","42","2","20","HU212","115","0","9999","9","9993","06","99","99","9","9","9","9","2"
"06530","Pusztamagyaród","2000 4 2","42","2","30","HU223","195","0","9999","9","9993","09","99","99","1","1","9","9","2"
"06549","Vindornyalak","2000 4 2","42","2","30","HU223","193","0","9999","2","3400","07","99","99","2","9","9","1","2"
"06558","Bölcske","1700 4 2","42","2","40","HU233","172","0","9999","1","3500","08","99","99","9","9","9","3","4"
"06567","Sormás","2000 4 2","42","2","30","HU223","196","0","3153","9","9993","09","99","99","9","4","9","9","2"
"06576","Mezőszentgyörgy","0700 4 2","42","2","20","HU211","079","0","9999","9","9993","06","99","99","9","2","1","9","2"
"06585","Gálosfa","1400 4 2","42","2","40","HU232","143","0","9999","9","9993","08","99","99","3","1","9","9","4"
"06594","Dömös","1100 4 2","42","2","20","HU212","110","0","9999","9","9993","01","99","99","9","9","9","9","2"
"06600","Somogyszentpál","1400 4 2","42","2","40","HU232","144","0","9999","9","9993","07","99","99","3","1","9","1","4"
"06619","Börcs","0800 4 2","42","2","30","HU221","087","0","1013","9","9993","09","99","99","9","9","9","9","2"
"06628","Szécsény","1200 3 2","30","3","50","HU313","121","1","9999","9","9991","02","99","99","9","3","1","9","1"
"06637","Varsád","1700 4 2","42","2","40","HU233","174","0","9999","9","9993","08","99","99","1","3","1","3","4"
"06646","Jobaháza","0800 4 2","42","2","30","HU221","086","0","9999","9","9993","09","99","99","9","4","9","9","2"
"06655","Hejőbába","0500 4 2","42","3","50","HU311","068","0","9999","9","9991","04","99","99","1","9","9","9","1"
"06664","Ete","1100 4 2","42","2","20","HU212","111","0","9999","5","1700","06","99","99","9","1","9","9","2"
"06673","Ajka","1900 3 2","30","2","20","HU213","183","1","9999","9","9993","06","99","99","9","9","9","9","2"
"06682","Aka","1100 4 2","42","2","20","HU212","111","0","9999","9","9993","06","99","99","9","1","9","9","2"
"06691","Kazincbarcika","0500 3 2","30","3","50","HU311","058","1","9999","9","9991","02","99","99","9","1","9","9","1"
"06707","Borsodivánka","0500 4 2","42","3","50","HU311","060","0","9999","9","9991","04","99","99","9","1","9","9","1"
"06716","Nádasd","1800 4 2","42","2","30","HU222","177","0","9999","9","9993","09","99","99","9","4","9","9","2"
"06725","Borjád","0200 4 2","42","2","40","HU231","024","0","9999","9","9993","08","99","99","9","1","9","9","4"
"06734","Csősz","0700 4 2","42","2","20","HU211","085","0","3103","9","9993","06","99","99","9","9","9","9","2"
"06743","Diósjenő","1200 4 2","42","3","50","HU313","119","0","9999","9","9991","01","99","99","9","1","9","9","1"
"06761","Nagyszékely","1700 4 2","42","2","40","HU233","174","0","9999","1","3500","08","99","99","3","3","1","3","4"
"06770","Markotabödöge","0800 4 2","42","2","30","HU221","086","0","1013","9","9993","09","99","99","9","4","9","9","2"
"06789","Kemse","0200 4 2","42","2","40","HU231","030","0","9999","9","9993","08","99","99","3","3","1","9","4"
"06798","Hidas","0200 4 2","42","2","40","HU231","029","0","9999","1","3500","08","99","99","9","1","9","9","4"
"06804","Kötegyán","0400 4 2","42","3","70","HU332","051","0","9999","9","9992","05","99","99","1","3","1","9","3"
"06813","Mágocs","0200 3 2","30","2","40","HU231","025","0","9999","9","9993","08","99","99","9","3","1","9","4"
"06822","Csobánka","1300 4 2","42","1","12","HU120","135","0","0063","9","9993","01","99","99","9","9","9","4","9"
"06831","Kishajmás","0200 4 2","42","2","40","HU231","025","0","9999","9","9993","08","99","99","3","3","1","9","4"
"06840","Sóskút","1300 4 2","42","1","12","HU120","127","0","0043","9","9993","01","99","99","9","9","9","4","9"
"06859","Törökbálint","1300 3 2","30","1","12","HU120","127","0","0053","9","9993","01","99","99","9","9","9","4","9"
"06868","Adorjás","0200 4 2","42","2","40","HU231","030","0","9999","9","9993","08","99","99","1","3","1","9","4"
"06877","Visz","1400 4 2","42","2","40","HU232","142","0","9999","2","2600","07","99","99","3","1","9","1","4"
"06886","Aranyosgadány","0200 4 2","42","2","40","HU231","028","0","1033","9","9993","08","99","99","9","9","9","9","4"
"06895","Kópháza","0800 4 2","42","2","30","HU221","091","0","3073","5","2500","09","99","99","9","9","9","9","2"
"06901","Tengelic","1700 4 2","42","2","40","HU233","172","0","9999","1","3500","08","99","99","9","9","9","3","4"
"06910","Bélavár","1400 4 2","42","2","40","HU232","140","0","9999","9","9993","08","99","99","3","3","1","9","4"
"06929","Bekecs","0500 4 2","42","3","50","HU311","066","0","9999","6","3300","02","99","08","9","2","1","2","1"
"06938","Vállaj","1500 4 2","42","3","60","HU323","154","0","9999","9","9992","03","99","99","9","3","1","9","1"
"06947","Szokolya","1300 4 2","42","1","12","HU120","137","0","9999","9","9991","01","99","99","9","1","9","9","9"
"06956","Fehértó","0800 4 2","42","2","30","HU221","087","0","1013","9","9993","09","99","99","9","9","9","9","2"
"06965","Katádfa","0200 4 2","42","2","40","HU231","033","0","9999","9","9993","08","99","99","1","2","1","9","4"
"06974","Cserépfalu","0500 4 2","42","3","50","HU311","060","0","9999","4","3000","02","99","99","9","1","9","9","1"
"06992","Kővágótöttös","0200 4 2","42","2","40","HU231","028","0","1033","1","2700","08","99","99","2","9","9","9","4"
"07001","Nagykarácsony","0700 4 2","42","2","20","HU211","078","0","3143","9","9993","06","99","99","9","9","9","3","2"
"07010","Páprád","0200 4 2","42","2","40","HU231","030","0","9999","9","9993","08","99","99","1","3","1","9","4"
"07029","Mucsi","1700 4 2","42","2","40","HU233","174","0","9999","1","3500","08","99","99","3","3","1","3","4"
"07038","Lénárddaróc","0500 4 2","42","3","50","HU311","062","0","9999","9","9991","02","99","99","3","3","1","9","1"
"07047","Baracs","0700 4 2","42","2","20","HU211","078","0","3143","9","9993","06","99","99","9","9","9","9","2"
"07056","Öreglak","1400 4 2","42","2","40","HU232","142","0","9999","9","9993","07","99","99","3","1","1","1","4"
"07065","Városlőd","1900 4 2","42","2","20","HU213","183","0","9999","9","9993","06","99","99","9","9","9","9","2"
"07074","Vázsnok","0200 4 2","42","2","40","HU231","025","0","9999","9","9993","08","99","99","1","3","1","9","4"
"07083","Tiszanána","1000 4 2","42","3","50","HU312","108","0","9999","9","9991","04","99","99","3","3","1","9","1"
"07092","Szentbékkálla","1900 4 2","42","2","20","HU213","189","0","9999","2","2000","07","99","99","9","9","9","1","2"
"07108","Tinnye","1300 4 2","42","1","12","HU120","133","0","0053","9","9993","01","99","99","9","9","9","4","9"
"07117","Balatonföldvár","1400 3 2","30","2","40","HU232","146","0","2012","9","9993","07","99","99","9","9","9","1","4"
"07126","Hetvehely","0200 4 2","42","2","40","HU231","032","0","9999","9","9993","08","99","99","9","1","9","9","4"
"07135","Cserszegtomaj","2000 4 2","42","2","30","HU223","193","0","2013","2","2000","07","99","99","9","9","9","1","2"
"07144","Piliscsaba","1300 3 2","30","1","12","HU120","133","0","0062","9","9993","01","99","99","9","9","9","4","9"
"07153","Palkonya","0200 4 2","42","2","40","HU231","031","0","9999","1","2900","08","99","99","9","1","9","9","4"
"07162","Pácsony","1800 4 2","42","2","30","HU222","182","0","9999","9","9993","09","99","99","9","2","1","9","2"
"07171","Sorkifalud","1800 4 2","42","2","30","HU222","181","0","2033","9","9993","09","99","99","9","9","9","9","2"
"07180","Sarud","1000 4 2","42","3","50","HU312","105","0","9999","9","9991","04","99","99","9","2","1","9","1"
"07199","Patak","1200 4 2","42","3","50","HU313","116","0","9999","9","9991","02","99","99","9","1","9","9","1"
"07205","Újvárfalva","1400 4 2","42","2","40","HU232","143","0","9999","9","9993","08","99","99","3","1","9","9","4"
"07214","Acsád","1800 4 2","42","2","30","HU222","181","0","2033","9","9993","09","99","99","9","9","9","9","2"
"07223","Vadna","0500 4 2","42","3","50","HU311","058","0","9999","9","9991","02","99","99","9","1","9","9","1"
"07232","Zalaszentlászló","2000 4 2","42","2","30","HU223","198","0","9999","9","9993","09","99","99","9","1","9","9","2"
"07241","Apc","1000 4 2","42","3","50","HU312","107","0","9999","4","3200","02","99","99","9","9","9","9","1"
"07250","Hosztót","1900 4 2","42","2","20","HU213","188","0","9999","9","9993","06","99","99","9","1","9","9","2"
"07269","Lepsény","0700 4 2","41","2","20","HU211","079","0","3103","9","9993","06","99","99","9","2","1","9","2"
"07278","Püspökmolnári","1800 4 2","42","2","30","HU222","182","0","2033","9","9993","09","99","99","9","2","1","9","2"
"07287","Bakonykoppány","1900 4 2","42","2","20","HU213","187","0","9999","9","9993","06","99","99","9","1","9","9","2"
"07296","Bögöte","1800 4 2","42","2","30","HU222","179","0","9999","9","9993","09","99","99","9","9","9","9","2"
"07302","Adásztevel","1900 4 2","42","2","20","HU213","187","0","9999","9","9993","06","99","99","9","1","9","9","2"
"07311","Bokod","1100 4 2","42","2","20","HU212","113","0","9999","5","1700","06","99","99","9","9","9","9","2"
"07320","Debercsény","1200 4 2","42","3","50","HU313","116","0","9999","9","9991","02","99","99","3","1","9","9","1"
"07339","Aszófő","1900 4 2","42","2","20","HU213","185","0","2013","2","1900","07","99","99","9","9","9","1","2"
"07348","Papkeszi","1900 4 2","42","2","20","HU213","184","0","9999","9","9993","06","99","99","9","9","9","9","2"
"07357","Makó","0600 3 2","30","3","70","HU333","073","1","9999","9","9992","05","99","99","9","1","9","9","3"
"07366","Szárász","0200 4 2","42","2","40","HU231","026","0","9999","9","9993","08","99","99","3","9","1","9","4"
"07375","Balatonkeresztúr","1400 4 2","42","2","40","HU232","144","0","2013","2","2600","07","99","99","9","1","9","1","4"
"07384","Solymár","1300 4 2","41","1","12","HU120","133","0","0063","9","9993","01","99","99","9","9","9","4","9"
"07393","Gerendás","0400 4 2","42","3","70","HU332","046","0","9999","9","9992","05","99","99","9","9","9","9","3"
"07409","Pásztó","1200 3 2","30","3","50","HU313","118","1","9999","4","3200","02","99","99","9","1","1","9","1"
"07418","Kengyel","1600 4 2","42","3","60","HU322","169","0","9999","9","9992","03","99","99","9","2","1","9","1"
"07427","Bazsi","1900 4 2","42","2","20","HU213","188","0","9999","9","9993","06","99","99","9","1","9","9","2"
"07436","Parád","1000 4 2","41","3","50","HU312","109","0","9999","9","9991","02","99","99","9","2","1","9","1"
"07445","Kocsord","1500 4 2","42","3","60","HU323","154","0","9999","9","9992","03","99","99","2","3","1","9","1"
"07463","Mérk","1500 4 2","41","3","60","HU323","154","0","9999","9","9992","03","99","99","3","3","1","9","1"
"07472","Berkesz","1500 4 2","42","3","60","HU323","152","0","9999","9","9992","03","99","99","9","3","1","9","1"
"07481","Győrújbarát","0800 4 2","42","2","30","HU221","087","0","1013","5","2300","09","99","99","9","9","9","9","2"
"07490","Tószeg","1600 4 2","42","3","60","HU322","167","0","3113","9","9992","03","99","99","9","9","9","9","1"
"07506","Lajoskomárom","0700 4 2","41","2","20","HU211","079","0","9999","1","3500","06","99","99","9","2","1","9","2"
"07515","Domoszló","1000 4 2","42","3","50","HU312","106","0","9999","4","3200","02","99","99","9","9","9","9","1"
"07524","Drágszél","0300 4 2","42","3","70","HU331","037","0","9999","9","9992","05","99","99","3","1","9","3","3"
"07533","Bürüs","0200 4 2","42","2","40","HU231","033","0","9999","9","9993","08","99","99","3","2","1","9","4"
"07542","Szentlőrinckáta","1300 4 2","42","1","12","HU120","131","0","9999","9","9992","01","99","99","9","1","9","9","9"
"07551","Rádóckölked","1800 4 2","42","2","30","HU222","177","0","2033","9","9993","09","99","99","9","4","9","9","2"
"07560","Garé","0200 4 2","42","2","40","HU231","031","0","9999","9","9993","08","99","99","1","1","9","9","4"
"07579","Zalabaksa","2000 4 2","42","2","30","HU223","194","0","9999","9","9993","09","99","99","9","1","9","9","2"
"07588","Felsőregmec","0500 4 2","42","3","50","HU311","065","0","9999","9","9991","02","99","99","1","1","1","9","1"
"07597","Tiszavasvári","1500 3 2","30","3","60","HU323","158","1","9999","9","9992","03","99","99","9","2","1","9","1"
"07603","Bánfa","0200 4 2","42","2","40","HU231","033","0","9999","9","9993","08","99","99","1","2","1","9","4"
"07612","Dunavecse","0300 3 2","30","3","70","HU331","043","0","9999","3","1600","05","99","99","9","2","1","9","3"
"07621","Alsótold","1200 4 2","42","3","50","HU313","118","0","9999","9","9991","02","99","99","9","1","1","9","1"
"07630","Kömlőd","1100 4 2","42","2","20","HU212","113","0","3123","9","9993","06","99","99","9","9","9","9","2"
"07649","Harka","0800 4 2","42","2","30","HU221","091","0","3073","5","2500","09","99","99","9","9","9","9","2"
"07658","Nemeshetés","2000 4 2","42","2","30","HU223","197","0","9999","9","9993","09","99","99","2","9","9","9","2"
"07667","Oszkó","1800 4 2","42","2","30","HU222","182","0","9999","9","9993","09","99","99","9","2","1","9","2"
"07676","Gyulaháza","1500 4 2","42","3","60","HU323","153","0","9999","9","9992","03","99","99","3","1","1","9","1"
"07685","Dombóvár","1700 3 2","30","2","40","HU233","171","1","9999","9","9993","08","99","99","9","1","9","9","4"
"07694","Szőkéd","0200 4 2","42","2","40","HU231","028","0","1033","9","9993","08","99","99","9","9","9","9","4"
"07700","Szepetnek","2000 4 2","42","2","30","HU223","196","0","3153","9","9993","09","99","99","9","4","9","9","2"
"07719","Dámóc","0500 4 2","42","3","50","HU311","054","0","9999","9","9991","02","99","99","3","3","1","9","1"
"07728","Kunbaracs","0300 4 2","42","3","70","HU331","038","0","9999","3","1600","05","99","99","1","9","9","9","3"
"07737","Merenye","0200 4 2","42","2","40","HU231","033","0","9999","9","9993","08","99","99","1","2","1","9","4"
"07746","Répcevis","0800 4 2","42","2","30","HU221","091","0","9999","9","9993","09","99","99","9","9","9","9","2"
"07755","Óföldeák","0600 4 2","42","3","70","HU333","073","0","9999","9","9992","05","99","99","1","1","9","9","3"
"07764","Kánó","0500 4 2","42","3","50","HU311","063","0","9999","9","9991","02","99","03","1","3","1","9","1"
"07773","Dencsháza","0200 4 2","42","2","40","HU231","033","0","9999","9","9993","08","99","99","1","2","1","9","4"
"07782","Döbröce","2000 4 2","42","2","30","HU223","198","0","9999","9","9993","09","99","99","9","1","9","9","2"
"07807","Isaszeg","1300 3 2","30","1","12","HU120","128","0","0023","9","9991","01","99","99","9","9","9","4","9"
"07816","Kisbodak","0800 4 2","42","2","30","HU221","089","0","9999","9","9993","09","99","99","9","9","9","9","2"
"07825","Monok","0500 4 2","42","3","50","HU311","066","0","9999","6","3300","02","99","08","1","2","1","2","1"
"07834","Derekegyház","0600 4 2","42","3","70","HU333","076","0","9999","9","9992","05","99","99","9","1","9","9","3"
"07843","Jánkmajtis","1500 4 2","42","3","60","HU323","150","0","9999","9","9992","03","99","99","3","3","1","9","1"
"07852","Tiszaszőlős","1600 4 2","42","3","60","HU322","168","0","9999","9","9992","04","05","99","9","1","1","9","1"
"07861","Dunapataj","0300 4 2","41","3","70","HU331","037","0","9999","3","1600","05","99","99","9","1","9","3","3"
"07870","Szigetcsép","1300 4 2","42","1","12","HU120","134","0","9999","3","1600","01","99","99","9","4","9","9","9"
"07889","Szőlősardó","0500 4 2","42","3","50","HU311","055","0","9999","9","9991","02","99","03","9","3","1","9","1"
"07898","Halimba","1900 4 2","42","2","20","HU213","183","0","9999","9","9993","06","99","99","9","9","9","9","2"
"07904","Nyírcsaholy","1500 4 2","42","3","60","HU323","154","0","9999","9","9992","03","99","99","3","3","1","9","1"
"07913","Nemesdéd","1400 4 2","42","2","40","HU232","144","0","9999","9","9993","08","99","99","3","1","9","9","4"
"07922","Szentgál","1900 4 2","42","2","20","HU213","191","0","3133","9","9993","06","99","99","9","9","9","9","2"
"07931","Kisapáti","1900 4 2","42","2","20","HU213","189","0","9999","2","1800","07","99","99","9","9","9","1","2"
"07940","Viszák","1800 4 2","42","2","30","HU222","177","0","9999","9","9993","09","99","99","9","4","9","9","2"
"07959","Szilaspogony","1200 4 2","42","3","50","HU313","120","0","9999","9","9991","02","99","99","3","1","1","9","1"
"07968","Murarátka","2000 4 2","42","2","30","HU223","195","0","9999","2","3400","09","99","99","9","1","9","9","2"
"07977","Ispánk","1800 4 2","42","2","30","HU222","177","0","9999","9","9993","09","99","99","9","4","9","9","2"
"07986","Bucsuta","2000 4 2","42","2","30","HU223","195","0","9999","9","9993","09","99","99","2","1","9","9","2"
"07995","Lövőpetri","1500 4 2","42","3","60","HU323","153","0","9999","9","9992","03","99","99","1","1","1","9","1"
"08004","Hét","0500 4 2","42","3","50","HU311","063","0","9999","9","9991","02","99","99","1","3","1","9","1"
"08013","Felsőjánosfa","1800 4 2","42","2","30","HU222","177","0","9999","9","9993","09","99","99","9","4","9","9","2"
"08022","Bükkszentkereszt","0500 4 2","42","3","50","HU311","061","0","1023","9","9991","02","99","99","9","9","9","9","1"
"08040","Csoma","1400 4 2","42","2","40","HU232","143","0","9999","2","2600","08","99","99","9","1","9","9","4"
"08059","Nemesszentandrás","2000 4 2","42","2","30","HU223","197","0","2043","9","9993","09","99","99","2","9","9","9","2"
"08068","Gellénháza","2000 4 2","42","2","30","HU223","197","0","2043","9","9993","09","99","99","9","9","9","9","2"
"08077","Szendrő","0500 3 2","30","3","50","HU311","055","0","9999","9","9991","02","03","03","9","3","1","9","1"
"08086","Ináncs","0500 4 2","42","3","50","HU311","056","0","9999","9","9991","02","99","99","9","3","1","9","1"
"08095","Imrehegy","0300 4 2","42","3","70","HU331","039","0","9999","3","1600","05","99","99","1","1","9","9","3"
"08101","Sárhida","2000 4 2","42","2","30","HU223","197","0","2043","9","9993","09","99","99","9","9","9","9","2"
"08110","Kórós","0200 4 2","42","2","40","HU231","030","0","9999","9","9993","08","99","99","1","3","1","9","4"
"08129","Sajóörös","0500 4 2","42","3","50","HU311","068","0","9999","9","9991","02","99","99","9","9","9","9","1"
"08138","Várad","0200 4 2","42","2","40","HU231","033","0","9999","9","9993","08","99","99","3","2","1","9","4"
"08147","Szászfa","0500 4 2","42","3","50","HU311","067","0","9999","9","9991","02","99","99","3","3","1","9","1"
"08156","Drégelypalánk","1200 4 2","42","3","50","HU313","116","0","9999","9","9991","01","99","99","9","1","9","9","1"
"08165","Tard","0500 4 2","42","3","50","HU311","060","0","9999","4","3000","02","99","99","9","1","9","9","1"
"08174","Felsőberecki","0500 4 2","42","3","50","HU311","065","0","9999","9","9991","02","99","99","1","1","1","9","1"
"08183","Vése","1400 4 2","42","2","40","HU232","144","0","9999","9","9993","08","99","99","3","1","9","9","4"
"08192","Bordány","0600 4 2","41","3","70","HU333","074","0","3083","3","1400","05","99","99","9","1","1","9","3"
"08208","Budapest 16. ker.","0116 9 9","90","1","11","HU110","016","1","0001","9","9991","01","99","99","9","9","9","4","9"
"08217","Alsótelekes","0500 4 2","42","3","50","HU311","058","0","9999","9","9991","02","99","03","1","1","9","9","1"
"08226","Hegyhátszentpéter","1800 4 2","42","2","30","HU222","182","0","9999","9","9993","09","99","99","1","2","1","9","2"
"08244","Nagyszénás","0400 4 2","41","3","70","HU332","050","0","9999","9","9992","05","99","99","9","1","9","9","3"
"08253","Klárafalva","0600 4 2","42","3","70","HU333","075","0","3083","9","9992","05","99","99","9","9","9","9","3"
"08262","Nagygyimót","1900 4 2","42","2","20","HU213","187","0","9999","9","9993","06","99","99","9","1","9","9","2"
"08271","Cák","1800 4 2","42","2","30","HU222","178","0","9999","5","2500","09","99","99","9","9","9","9","2"
"08280","Telki","1300 4 2","42","1","12","HU120","123","0","0053","5","2100","01","99","99","9","9","9","4","9"
"08299","Bakonya","0200 4 2","42","2","40","HU231","028","0","1033","9","9993","08","99","99","9","9","9","9","4"
"08305","Bócsa","0300 4 2","42","3","70","HU331","039","0","9999","3","1600","05","99","99","9","1","9","9","3"
"08314","Hódmezővásárhely","0600 2 2","20","3","70","HU333","071","1","9999","3","1400","05","99","99","9","1","9","9","3"
"08323","Gyöngyöspata","1000 3 2","30","3","50","HU312","106","0","9999","4","3200","02","99","99","9","9","9","9","1"
"08332","Táborfalva","1300 4 2","41","1","12","HU120","125","0","9999","9","9992","01","99","99","9","4","9","9","9"
"08341","Okorvölgy","0200 4 2","42","2","40","HU231","032","0","9999","9","9993","08","99","99","1","1","9","9","4"
"08350","Harkakötöny","0300 4 2","42","3","70","HU331","041","0","9999","3","1600","05","99","99","9","1","9","9","3"
"08369","Vöckönd","2000 4 2","42","2","30","HU223","197","0","2043","9","9993","09","99","99","9","9","9","9","2"
"08378","Jászszentlászló","0300 4 2","42","3","70","HU331","042","0","9999","3","1600","05","99","99","9","2","1","9","3"
"08387","Nógrádsáp","1200 4 2","42","3","50","HU313","119","0","9999","9","9991","02","99","99","9","1","9","9","1"
"08396","Boldva","0500 4 2","42","3","50","HU311","055","0","1023","9","9991","02","99","99","2","3","1","9","1"
"08402","Regéc","0500 4 2","42","3","50","HU311","057","0","9999","9","9991","02","99","99","9","3","1","9","1"
"08411","Kastélyosdombó","1400 4 2","42","2","40","HU232","140","0","9999","9","9993","08","99","99","3","3","1","9","4"
"08420","Napkor","1500 4 2","41","3","60","HU323","157","0","3053","9","9992","03","99","99","9","9","9","9","1"
"08439","Bánokszentgyörgy","2000 4 2","42","2","30","HU223","195","0","9999","9","9993","09","99","99","9","1","9","9","2"
"08448","Értény","1700 4 2","42","2","40","HU233","174","0","9999","9","9993","08","99","99","3","3","1","3","4"
"08457","Pilisszentlászló","1300 4 2","42","1","12","HU120","135","0","0063","9","9993","01","99","99","9","9","9","4","9"
"08466","Beloiannisz","0700 4 2","42","2","20","HU211","078","0","9999","9","9993","06","99","99","9","9","9","9","2"
"08475","Szajk","0200 4 2","42","2","40","HU231","024","0","9999","1","2700","08","99","99","9","1","9","9","4"
"08484","Szentistvánbaksa","0500 4 2","42","3","50","HU311","067","0","9999","9","9991","02","99","99","1","3","1","9","1"
"08493","Csenyéte","0500 4 2","42","3","50","HU311","056","0","9999","9","9991","02","99","99","3","3","1","9","1"
"08509","Kishódos","1500 4 2","42","3","60","HU323","150","0","9999","9","9992","03","99","99","3","3","1","9","1"
"08518","Sopron","0800 2 2","20","2","30","HU221","091","1","3071","5","2500","09","07","99","9","9","9","9","2"
"08527","Sirok","1000 4 2","42","3","50","HU312","109","0","9999","9","9991","02","99","99","9","2","1","9","1"
"08536","Szany","0800 4 2","41","2","30","HU221","086","0","9999","9","9993","09","99","99","9","4","9","9","2"
"08545","Őrbottyán","1300 3 2","30","1","12","HU120","138","0","0013","4","3200","01","99","99","9","9","9","4","9"
"08554","Tiszakanyár","1500 4 2","42","3","60","HU323","153","0","9999","9","9992","03","99","99","3","1","1","9","1"
"08563","Csapod","0800 4 2","42","2","30","HU221","091","0","9999","9","9993","09","99","99","9","9","9","9","2"
"08572","Kétújfalu","0200 4 2","42","2","40","HU231","033","0","9999","9","9993","08","99","99","9","2","1","9","4"
"08581","Baracska","0700 4 2","42","2","20","HU211","081","0","9999","9","9993","06","99","99","9","9","9","9","2"
"08590","Tab","1400 3 2","30","2","40","HU232","147","1","9999","9","9993","07","99","99","9","2","1","1","4"
"08606","Sikátor","0800 4 2","42","2","30","HU221","090","0","1013","9","9993","09","99","99","9","4","9","9","2"
"08615","Szentliszló","2000 4 2","42","2","30","HU223","195","0","9999","9","9993","09","99","99","9","1","9","9","2"
"08624","Bársonyos","1100 4 2","42","2","20","HU212","111","0","1013","5","1700","06","99","99","9","1","9","9","2"
"08633","Tiszapalkonya","0500 4 2","42","3","50","HU311","068","0","9999","9","9991","04","99","99","2","9","9","9","1"
"08642","Kálló","1200 4 2","42","3","50","HU313","118","0","9999","9","9991","02","99","99","3","1","1","9","1"
"08651","Kisszentmárton","0200 4 2","42","2","40","HU231","030","0","9999","9","9993","08","99","99","1","3","1","9","4"
"08660","Demjén","1000 4 2","42","3","50","HU312","104","0","2023","4","3100","02","99","99","9","9","9","9","1"
"08679","Öregcsertő","0300 4 2","42","3","70","HU331","037","0","9999","9","9992","05","99","99","3","1","9","3","3"
"08688","Süttő","1100 4 2","42","2","20","HU212","110","0","9999","5","1700","06","99","99","9","9","9","9","2"
"08697","Bácsszentgyörgy","0300 4 2","42","3","70","HU331","035","0","9999","3","1500","05","99","99","1","1","9","9","3"
"08703","Büssü","1400 4 2","42","2","40","HU232","143","0","9999","9","9993","08","99","99","3","1","9","9","4"
"08712","Jobbágyi","1200 4 2","42","3","50","HU313","118","0","9999","9","9991","02","99","99","9","1","1","9","1"
"08721","Győrasszonyfa","0800 4 2","42","2","30","HU221","090","0","1013","9","9993","09","99","99","9","4","9","9","2"
"08730","Bakonycsernye","0700 4 2","41","2","20","HU211","082","0","9999","9","9993","06","99","99","9","9","9","9","2"
"08749","Karakószörcsök","1900 4 2","42","2","20","HU213","186","0","9999","9","9993","06","99","99","1","3","1","9","2"
"08758","Tát","1100 3 2","30","2","20","HU212","110","0","9999","5","1700","06","99","99","9","9","9","9","2"
"08767","Alsószenterzsébet","2000 4 2","42","2","30","HU223","194","0","9999","9","9993","09","99","99","9","1","9","9","2"
"08776","Ajak","1500 3 2","30","3","60","HU323","153","0","9999","9","9992","03","99","99","9","1","1","9","1"
"08785","Újsolt","0300 4 2","42","3","70","HU331","037","0","9999","9","9992","05","99","99","3","1","9","3","3"
"08794","Tiszakóród","1500 4 2","42","3","60","HU323","150","0","9999","9","9992","03","99","99","3","3","1","9","1"
"08800","Siklósnagyfalu","0200 4 2","42","2","40","HU231","031","0","9999","9","9993","08","99","99","1","1","9","9","4"
"08819","Felsőszentmárton","0200 4 2","42","2","40","HU231","030","0","9999","9","9993","08","99","99","1","3","1","9","4"
"08828","Teskánd","2000 4 2","42","2","30","HU223","197","0","2043","9","9993","09","99","99","9","9","9","9","2"
"08837","Háromfa","1400 4 2","42","2","40","HU232","145","0","9999","9","9993","08","99","99","3","2","1","9","4"
"08846","Baskó","0500 4 2","42","3","50","HU311","057","0","9999","9","9991","02","99","99","3","3","1","9","1"
"08855","Karancskeszi","1200 4 2","42","3","50","HU313","120","0","9999","9","9991","02","99","99","3","1","1","9","1"
"08864","Bátaszék","1700 3 2","30","2","40","HU233","173","0","9999","1","2800","08","99","99","9","9","9","9","4"
"08873","Apátistvánfalva","1800 4 2","42","2","30","HU222","180","0","9999","9","9993","09","99","99","9","9","9","9","2"
"08882","Peresznye","1800 4 2","42","2","30","HU222","178","0","9999","9","9993","09","99","99","9","9","9","9","2"
"08891","Biatorbágy","1300 3 2","30","1","12","HU120","123","0","0053","5","2100","01","99","99","9","9","9","4","9"
"08907","Nagykereki","0900 4 2","42","3","60","HU321","094","0","9999","9","9992","03","99","99","3","3","1","9","1"
"08916","Magyarföld","2000 4 2","42","2","30","HU223","194","0","9999","9","9993","09","99","99","2","1","9","9","2"
"08925","Adony","0700 3 2","30","2","20","HU211","078","0","9999","9","9993","06","99","99","9","9","9","9","2"
"08934","Vámosoroszi","1500 4 2","42","3","60","HU323","150","0","9999","9","9992","03","99","99","9","3","1","9","1"
"08943","Körösszegapáti","0900 4 2","42","3","60","HU321","094","0","9999","9","9992","03","99","99","1","3","1","9","1"
"08952","Tiborszállás","1500 4 2","42","3","60","HU323","154","0","9999","9","9992","03","99","99","1","3","1","9","1"
"08961","Őcsény","1700 4 2","42","2","40","HU233","173","0","3093","1","2800","08","99","99","9","9","9","3","4"
"08970","Sajósenye","0500 4 2","42","3","50","HU311","061","0","1023","9","9991","02","99","99","9","9","9","9","1"
"08989","Vámospércs","0900 3 2","30","3","60","HU321","101","0","3023","9","9992","03","99","99","2","3","1","9","1"
"08998","Túrricse","1500 4 2","42","3","60","HU323","150","0","9999","9","9992","03","99","99","3","3","1","9","1"
"09007","Szalatnak","0200 4 2","42","2","40","HU231","026","0","9999","9","9993","08","99","99","9","9","1","9","4"
"09016","Monaj","0500 4 2","42","3","50","HU311","067","0","9999","9","9991","02","99","99","3","3","1","9","1"
"09025","Őr","1500 4 2","42","3","60","HU323","154","0","9999","9","9992","03","99","99","3","3","1","9","1"
"09034","Berkenye","1200 4 2","42","3","50","HU313","119","0","9999","9","9991","01","99","99","9","1","9","9","1"
"09043","Szente","1200 4 2","42","3","50","HU313","119","0","9999","9","9991","02","99","99","9","1","9","9","1"
"09052","Tarnaszentmária","1000 4 2","42","3","50","HU312","104","0","9999","4","3100","02","99","99","9","9","9","9","1"
"09061","Rápolt","1500 4 2","42","3","60","HU323","154","0","9999","9","9992","03","99","99","3","3","1","9","1"
"09070","Csénye","1800 4 2","42","2","30","HU222","179","0","9999","9","9993","09","99","99","9","9","9","9","2"
"09089","Gelsesziget","2000 4 2","42","2","30","HU223","196","0","3153","9","9993","09","99","99","9","4","9","9","2"
"09098","Kaposfő","1400 4 2","42","2","40","HU232","143","0","3033","9","9993","08","99","99","9","1","1","9","4"
"09104","Vácszentlászló","1300 4 2","42","1","12","HU120","128","0","9999","9","9991","01","99","99","9","9","9","9","9"
"09113","Tiszaeszlár","1500 4 2","42","3","60","HU323","158","0","9999","9","9992","03","99","99","3","2","1","9","1"
"09122","Farmos","1300 4 2","42","1","12","HU120","131","0","9999","9","9992","01","99","99","9","1","9","9","9"
"09131","Bag","1300 4 2","41","1","12","HU120","122","0","9999","9","9991","01","99","99","9","4","9","9","9"
"09140","Lórév","1300 4 2","42","1","12","HU120","134","0","9999","9","9992","01","99","99","9","4","9","9","9"
"09159","Drávakeresztúr","0200 4 2","42","2","40","HU231","030","0","9999","9","9993","08","99","99","1","3","1","9","4"
"09168","Belezna","2000 4 2","42","2","30","HU223","196","0","9999","9","9993","09","99","99","3","4","9","9","2"
"09177","Gige","1400 4 2","42","2","40","HU232","143","0","9999","9","9993","08","99","99","3","1","1","9","4"
"09186","Dunaszekcső","0200 4 2","42","2","40","HU231","027","0","9999","1","2700","08","99","99","9","1","9","9","4"
"09195","Vásárosmiske","1800 4 2","42","2","30","HU222","179","0","9999","9","9993","09","99","99","9","9","9","9","2"
"09201","Detk","1000 4 2","42","3","50","HU312","106","0","9999","4","3200","02","99","99","9","9","9","9","1"
"09210","Földeák","0600 4 2","42","3","70","HU333","073","0","9999","9","9992","05","99","99","9","1","9","9","3"
"09229","Tokorcs","1800 4 2","42","2","30","HU222","176","0","9999","9","9993","09","99","99","9","1","9","9","2"
"09238","Nyírgyulaj","1500 4 2","42","3","60","HU323","156","0","9999","9","9992","03","99","99","3","3","1","9","1"
"09247","Dabas","1300 3 2","30","1","12","HU120","125","1","9999","9","9992","01","99","99","9","4","9","9","9"
"09256","Nyírtét","1500 4 2","42","3","60","HU323","152","0","9999","9","9992","03","99","99","3","3","1","9","1"
"09265","Kisvárda","1500 3 2","30","3","60","HU323","153","1","9999","9","9992","03","99","99","9","1","1","9","1"
"09274","Varászló","1400 4 2","42","2","40","HU232","144","0","9999","9","9993","08","99","99","1","1","9","9","4"
"09283","Nagygeresd","1800 4 2","42","2","30","HU222","179","0","9999","9","9993","09","99","99","9","9","9","9","2"
"09292","Gecse","1900 4 2","42","2","20","HU213","187","0","1013","9","9993","06","99","99","9","1","9","9","2"
"09308","Szemely","0200 4 2","42","2","40","HU231","028","0","1033","1","2700","08","99","99","9","9","9","9","4"
"09317","Révleányvár","0500 4 2","42","3","50","HU311","054","0","9999","9","9991","02","99","99","1","3","1","9","1"
"09326","Jágónak","1700 4 2","42","2","40","HU233","171","0","9999","9","9993","08","99","99","3","1","9","9","4"
"09344","Kiskőrös","0300 3 2","30","3","70","HU331","039","1","9999","3","1600","05","99","99","9","1","9","3","3"
"09353","Aranyosapáti","1500 4 2","42","3","60","HU323","159","0","9999","9","9992","03","99","99","3","3","1","9","1"
"09362","Aggtelek","0500 4 2","42","3","50","HU311","063","0","9999","9","9991","02","03","99","9","3","1","9","1"
"09371","Pálfa","1700 4 2","42","2","40","HU233","172","0","9999","1","3500","08","99","99","1","9","9","3","4"
"09380","Zalaújlak","2000 4 2","42","2","30","HU223","196","0","3153","9","9993","07","99","99","3","4","9","1","2"
"09399","Hernádcéce","0500 4 2","42","3","50","HU311","057","0","9999","9","9991","02","99","99","3","3","1","9","1"
"09405","Tápióság","1300 4 2","42","1","12","HU120","131","0","9999","9","9992","01","99","99","9","1","9","9","9"
"09414","Várdomb","1700 4 2","42","2","40","HU233","173","0","3093","1","2800","08","99","99","9","9","9","9","4"
"09423","Tiszaadony","1500 4 2","42","3","60","HU323","159","0","9999","9","9992","03","99","99","1","3","1","9","1"
"09432","Ecsegfalva","0400 4 2","42","3","70","HU332","047","0","9999","9","9992","05","99","99","1","1","1","9","3"
"09441","Gomba","1300 4 2","42","1","12","HU120","130","0","9999","3","1600","01","99","99","9","9","9","9","9"
"09450","Márfa","0200 4 2","42","2","40","HU231","031","0","9999","1","2900","08","99","99","2","1","9","9","4"
"09469","Jánoshalma","0300 3 2","30","3","70","HU331","036","1","9999","3","1600","05","99","99","3","3","1","9","3"
"09478","Nagyhegyes","0900 4 2","42","3","60","HU321","100","0","9999","9","9992","03","05","99","9","1","9","9","1"
"09487","Fertőendréd","0800 4 2","42","2","30","HU221","091","0","9999","5","2500","09","99","99","9","9","9","9","2"
"09496","Szirmabesenyő","0500 4 2","41","3","50","HU311","061","0","1023","9","9991","02","99","99","9","9","9","9","1"
"09502","Vid","1900 4 2","42","2","20","HU213","186","0","9999","9","9993","06","99","99","1","3","1","9","2"
"09511","Gádoros","0400 4 2","41","3","70","HU332","050","0","9999","9","9992","05","99","99","9","1","9","9","3"
"09520","Gyulakeszi","1900 4 2","42","2","20","HU213","189","0","9999","2","1800","07","99","99","9","9","9","1","2"
"09539","Dunaszentgyörgy","1700 4 2","42","2","40","HU233","172","0","9999","1","3500","08","99","99","9","9","9","3","4"
"09548","Kisvaszar","0200 4 2","42","2","40","HU231","025","0","9999","9","9993","08","99","99","1","3","1","9","4"
"09557","Tomajmonostora","1600 4 2","42","3","60","HU322","164","0","9999","9","9992","04","99","99","1","3","1","9","1"
"09566","Budapest 01. ker.","0101 9 9","90","1","11","HU110","001","1","0001","9","9993","01","01","99","9","9","9","4","9"
"09575","Kerkaszentkirály","2000 4 2","42","2","30","HU223","195","0","9999","9","9993","09","99","99","9","1","9","9","2"
"09584","Dunaharaszti","1300 3 2","30","1","12","HU120","136","0","0042","9","9992","01","99","99","9","9","9","4","9"
"09593","Tura","1300 3 2","30","1","12","HU120","122","0","9999","9","9991","01","99","99","9","4","9","9","9"
"09609","Recsk","1000 4 2","41","3","50","HU312","109","0","9999","9","9991","02","99","99","9","2","1","9","1"
"09618","Pári","1700 4 2","42","2","40","HU233","174","0","9999","1","3500","08","99","99","1","3","1","3","4"
"09627","Tiszatenyő","1600 4 2","42","3","60","HU322","169","0","3113","9","9992","03","99","99","9","2","1","9","1"
"09636","Görcsönydoboka","0200 4 2","42","2","40","HU231","027","0","9999","9","9993","08","99","99","9","1","9","9","4"
"09645","Vörs","1400 4 2","42","2","40","HU232","144","0","9999","9","9993","07","99","99","2","1","9","1","4"
"09654","Ilk","1500 4 2","42","3","60","HU323","159","0","9999","9","9992","03","99","99","3","3","1","9","1"
"09663","Babarcszőlős","0200 4 2","42","2","40","HU231","031","0","9999","9","9993","08","99","99","3","1","9","9","4"
"09672","Nemesrempehollós","1800 4 2","42","2","30","HU222","177","0","2033","9","9993","09","99","99","9","4","9","9","2"
"09681","Cégénydányád","1500 4 2","42","3","60","HU323","150","0","9999","9","9992","03","99","99","1","3","1","9","1"
"09690","Halásztelek","1300 3 2","30","1","12","HU120","136","0","0043","9","9992","01","99","99","9","9","9","4","9"
"09706","Gömörszőlős","0500 4 2","42","3","50","HU311","063","0","9999","9","9991","02","99","99","9","3","1","9","1"
"09715","Császló","1500 4 2","42","3","60","HU323","150","0","9999","9","9992","03","99","99","3","3","1","9","1"
"09724","Győrvár","1800 4 2","42","2","30","HU222","182","0","9999","9","9993","09","99","99","1","2","1","9","2"
"09733","Vigántpetend","1900 4 2","42","2","20","HU213","189","0","9999","9","9993","07","99","99","2","9","9","1","2"
"09742","Felsődobsza","0500 4 2","42","3","50","HU311","057","0","9999","9","9991","02","99","99","3","3","1","9","1"
"09751","Kisszekeres","1500 4 2","42","3","60","HU323","150","0","9999","9","9992","03","99","99","3","3","1","9","1"
"09760","Békés","0400 3 2","30","3","70","HU332","045","1","3012","9","9992","05","99","99","9","1","1","9","3"
"09779","Csór","0700 4 2","42","2","20","HU211","085","0","3103","9","9993","06","99","99","9","9","9","9","2"
"09788","Sárfimizdó","1800 4 2","42","2","30","HU222","182","0","9999","9","9993","09","99","99","9","2","1","9","2"
"09797","Nézsa","1200 4 2","42","3","50","HU313","119","0","9999","9","9991","02","99","99","9","1","9","9","1"
"09803","Szentkatalin","0200 4 2","42","2","40","HU231","032","0","9999","9","9993","08","99","99","3","1","9","9","4"
"09812","Kisgörbő","2000 4 2","42","2","30","HU223","198","0","9999","9","9993","09","99","99","3","1","9","9","2"
"09821","Pilis","1300 3 2","30","1","12","HU120","130","0","9999","3","1600","01","99","99","9","9","9","9","9"
"09830","Szemere","0500 4 2","42","3","50","HU311","056","0","9999","9","9991","02","99","99","1","3","1","9","1"
"09849","Hernád","1300 4 2","41","1","12","HU120","125","0","9999","3","1600","01","99","99","9","4","9","9","9"
"09858","Komlósd","1400 4 2","42","2","40","HU232","140","0","9999","9","9993","08","99","99","3","3","1","9","4"
"09867","Pölöske","2000 4 2","42","2","30","HU223","197","0","9999","9","9993","09","99","99","9","9","9","9","2"
"09876","Chernelházadamonya","1800 4 2","42","2","30","HU222","179","0","9999","9","9993","09","99","99","9","9","9","9","2"
"09885","Fertőd","0800 3 2","30","2","30","HU221","091","0","9999","9","9993","09","07","99","9","9","9","9","2"
"09894","Borsosberény","1200 4 2","42","3","50","HU313","119","0","9999","9","9991","01","99","99","9","1","9","9","1"
"09900","Rácalmás","0700 3 2","30","2","20","HU211","078","0","3143","9","9993","06","99","99","9","9","9","9","2"
"09919","Tuzsér","1500 4 2","41","3","60","HU323","160","0","9999","9","9992","03","99","99","3","3","1","9","1"
"09928","Hetes","1400 4 2","42","2","40","HU232","143","0","3033","9","9993","08","99","99","9","1","9","9","4"
"09937","Kenyeri","1800 4 2","42","2","30","HU222","176","0","9999","9","9993","09","99","99","9","1","9","9","2"
"09946","Hencse","1400 4 2","42","2","40","HU232","143","0","9999","9","9993","08","99","99","3","1","1","9","4"
"09955","Kövegy","0600 4 2","42","3","70","HU333","073","0","9999","9","9992","05","99","99","1","1","9","9","3"
"09964","Tófalu","1000 4 2","42","3","50","HU312","105","0","9999","4","3100","02","99","99","3","2","1","9","1"
"09973","Délegyháza","1300 4 2","42","1","12","HU120","136","0","0043","9","9992","01","99","99","9","9","9","4","9"
"09982","Szűcsi","1000 4 2","42","3","50","HU312","107","0","9999","4","3200","02","99","99","9","9","9","9","1"
"09991","Nagykovácsi","1300 4 2","41","1","12","HU120","123","0","0063","9","9993","01","99","99","9","9","9","4","9"
"10001","Nagydém","1900 4 2","42","2","20","HU213","187","0","9999","9","9993","06","99","99","3","1","9","9","2"
"10010","Lulla","1400 4 2","42","2","40","HU232","147","0","9999","9","9993","07","99","99","3","2","1","1","4"
"10029","Hövej","0800 4 2","42","2","30","HU221","088","0","9999","9","9993","09","99","99","9","4","9","9","2"
"10038","Liptód","0200 4 2","42","2","40","HU231","024","0","9999","9","9993","08","99","99","3","1","9","9","4"
"10047","Csáfordjánosfa","0800 4 2","42","2","30","HU221","091","0","9999","9","9993","09","99","99","9","9","9","9","2"
"10056","Borsfa","2000 4 2","42","2","30","HU223","195","0","9999","9","9993","09","99","99","9","1","9","9","2"
"10065","Szentimrefalva","1900 4 2","42","2","20","HU213","188","0","9999","9","9993","06","99","99","1","1","9","9","2"
"10074","Istenmezeje","1000 4 2","42","3","50","HU312","109","0","9999","9","9991","02","99","99","9","2","1","9","1"
"10083","Szakcs","1700 4 2","42","2","40","HU233","171","0","9999","9","9993","08","99","99","1","1","9","9","4"
"10092","Örvényes","1900 4 2","42","2","20","HU213","185","0","2013","2","1900","07","99","99","9","9","9","1","2"
"10108","Áporka","1300 4 2","42","1","12","HU120","134","0","9999","9","9992","01","99","99","9","4","9","9","9"
"10117","Újkenéz","1500 4 2","42","3","60","HU323","153","0","9999","9","9992","03","99","99","3","1","1","9","1"
"10126","Győrtelek","1500 4 2","42","3","60","HU323","154","0","9999","9","9992","03","99","99","3","3","1","9","1"
"10135","Palotabozsok","0200 4 2","42","2","40","HU231","027","0","9999","9","9993","08","99","99","9","1","9","9","4"
"10144","Varbóc","0500 4 2","42","3","50","HU311","055","0","9999","9","9991","02","03","03","9","3","1","9","1"
"10153","Torvaj","1400 4 2","42","2","40","HU232","147","0","9999","9","9993","07","99","99","1","2","1","1","4"
"10162","Püspökladány","0900 3 2","30","3","60","HU321","102","1","9999","9","9992","03","05","99","9","3","1","9","1"
"10171","Sajógalgóc","0500 4 2","42","3","50","HU311","058","0","9999","9","9991","02","99","99","2","1","9","9","1"
"10180","Bácsbokod","0300 4 2","41","3","70","HU331","034","0","9999","9","9992","05","99","99","9","3","1","9","3"
"10199","Szarvasgede","1200 4 2","42","3","50","HU313","118","0","9999","9","9991","02","99","99","9","1","1","9","1"
"10205","Tiszarád","1500 4 2","42","3","60","HU323","152","0","9999","9","9992","03","99","99","3","3","1","9","1"
"10214","Budapest 22. ker.","0122 9 9","90","1","11","HU110","022","1","0001","5","2100","01","99","99","9","9","9","4","9"
"10223","Szalafő","1800 4 2","42","2","30","HU222","177","0","9999","9","9993","09","99","99","9","4","9","9","2"
"10232","Egyházashetye","1800 4 2","42","2","30","HU222","176","0","9999","9","9993","09","99","99","9","1","9","9","2"
"10241","Hevesaranyos","1000 4 2","42","3","50","HU312","104","0","2023","9","9991","02","99","99","3","9","1","9","1"
"10250","Farkasgyepű","1900 4 2","42","2","20","HU213","183","0","9999","9","9993","06","99","99","9","9","9","9","2"
"10269","Hahót","2000 4 2","42","2","30","HU223","196","0","9999","9","9993","09","99","99","2","4","9","9","2"
"10278","Sé","1800 4 2","42","2","30","HU222","181","0","2033","9","9993","09","99","99","9","9","9","9","2"
"10287","Kondoros","0400 3 2","30","3","70","HU332","052","0","9999","9","9992","05","99","99","9","1","9","9","3"
"10296","Gárdony","0700 3 2","30","2","20","HU211","080","1","9999","5","2100","06","99","99","9","9","9","9","2"
"10302","Vasboldogasszony","2000 4 2","42","2","30","HU223","197","0","2043","9","9993","09","99","99","9","9","9","9","2"
"10311","Pusztacsó","1800 4 2","42","2","30","HU222","178","0","9999","9","9993","09","99","99","9","9","9","9","2"
"10320","Vizslás","1200 4 2","42","3","50","HU313","120","0","3063","9","9991","02","99","99","9","1","1","9","1"
"10339","Ásotthalom","0600 4 2","41","3","70","HU333","074","0","9999","3","1400","05","99","99","9","1","1","9","3"
"10348","Zalakomár","2000 4 2","41","2","30","HU223","196","0","9999","9","9993","07","99","99","3","4","9","1","2"
"10357","Abod","0500 4 2","42","3","50","HU311","055","0","9999","9","9991","02","99","99","1","3","1","9","1"
"10366","Füzérradvány","0500 4 2","42","3","50","HU311","065","0","9999","9","9991","02","99","99","1","1","1","9","1"
"10375","Tornakápolna","0500 4 2","42","3","50","HU311","055","0","9999","9","9991","02","03","03","3","3","1","9","1"
"10384","Bejcgyertyános","1800 4 2","42","2","30","HU222","179","0","9999","9","9993","09","99","99","9","9","9","9","2"
"10393","Hajdúhadház","0900 3 2","30","3","60","HU321","098","1","3023","9","9992","03","99","99","3","1","1","9","1"
"10409","Németbánya","1900 4 2","42","2","20","HU213","187","0","9999","9","9993","06","99","99","9","1","9","9","2"
"10418","Nagyút","1000 4 2","42","3","50","HU312","105","0","9999","9","9991","02","99","99","9","2","1","9","1"
"10427","Magyaratád","1400 4 2","42","2","40","HU232","143","0","3033","9","9993","08","99","99","9","1","9","9","4"
"10436","Szamossályi","1500 4 2","42","3","60","HU323","150","0","9999","9","9992","03","99","99","3","3","1","9","1"
"10445","Egyházaskesző","1900 4 2","42","2","20","HU213","187","0","9999","9","9993","06","99","99","9","1","9","9","2"
"10454","Dunasziget","0800 4 2","42","2","30","HU221","089","0","9999","9","9993","09","99","99","9","9","9","9","2"
"10463","Kölesd","1700 4 2","42","2","40","HU233","173","0","9999","1","3500","08","99","99","9","9","9","3","4"
"10472","Császártöltés","0300 4 2","42","3","70","HU331","039","0","9999","3","1500","05","99","99","9","1","9","3","3"
"10481","Bicske","0700 3 2","30","2","20","HU211","077","1","9999","5","2100","06","99","99","9","9","9","9","2"
"10490","Dorog","1100 3 2","30","2","20","HU212","110","0","9999","9","9993","01","99","99","9","9","9","9","2"
"10506","Bodrog","1400 4 2","42","2","40","HU232","143","0","9999","9","9993","08","99","99","9","1","9","9","4"
"10515","Maroslele","0600 4 2","42","3","70","HU333","073","0","9999","9","9992","05","99","99","9","1","9","9","3"
"10524","Detek","0500 4 2","42","3","50","HU311","056","0","9999","9","9991","02","99","99","3","3","1","9","1"
"10533","Dávod","0300 4 2","42","3","70","HU331","035","0","9999","3","1500","05","99","99","3","1","9","9","3"
"10542","Kémes","0200 4 2","42","2","40","HU231","031","0","9999","9","9993","08","99","99","9","1","1","9","4"
"10551","Monor","1300 3 2","30","1","12","HU120","130","1","9999","3","1600","01","99","99","9","9","9","9","9"
"10560","Bezi","0800 4 2","42","2","30","HU221","087","0","1013","9","9993","09","99","99","9","9","9","9","2"
"10579","Sajtoskál","1800 4 2","42","2","30","HU222","179","0","9999","9","9993","09","99","99","9","9","9","9","2"
"10588","Beled","0800 3 2","30","2","30","HU221","088","0","9999","9","9993","09","99","99","9","4","9","9","2"
"10597","Rum","1800 4 2","42","2","30","HU222","181","0","2033","9","9993","09","99","99","9","9","9","9","2"
"10603","Csurgónagymarton","1400 4 2","42","2","40","HU232","141","0","9999","9","9993","08","99","99","3","3","1","9","4"
"10612","Komjáti","0500 4 2","42","3","50","HU311","055","0","9999","9","9991","02","03","03","3","3","1","9","1"
"10621","Bükkszenterzsébet","1000 4 2","42","3","50","HU312","109","0","9999","9","9991","02","99","99","9","2","1","9","1"
"10630","Őriszentpéter","1800 3 2","30","2","30","HU222","177","0","9999","9","9993","09","99","99","9","4","9","9","2"
"10649","Csertalakos","2000 4 2","42","2","30","HU223","197","0","9999","9","9993","09","99","99","3","9","9","9","2"
"10658","Fertőhomok","0800 4 2","42","2","30","HU221","091","0","3073","9","9993","09","07","07","9","9","9","9","2"
"10667","Városföld","0300 4 2","42","3","70","HU331","038","0","3043","9","9992","05","99","99","9","9","9","9","3"
"10676","Halogy","1800 4 2","42","2","30","HU222","177","0","9999","9","9993","09","99","99","1","4","9","9","2"
"10685","Vállus","2000 4 2","42","2","30","HU223","193","0","9999","9","9993","07","99","99","9","9","9","1","2"
"10694","Bogdása","0200 4 2","42","2","40","HU231","030","0","9999","9","9993","08","99","99","3","3","1","9","4"
"10700","Budapest 10. ker.","0110 9 9","90","1","11","HU110","010","1","0001","9","9991","01","99","99","9","9","9","4","9"
"10719","Bácsalmás","0300 3 2","30","3","70","HU331","034","1","9999","3","1600","05","99","99","9","3","1","9","3"
"10728","Edelény","0500 3 2","30","3","50","HU311","055","1","9999","4","3000","02","99","99","9","3","1","9","1"
"10737","Vámosmikola","1300 4 2","42","1","12","HU120","137","0","9999","9","9991","01","99","99","9","1","9","9","9"
"10746","Kistótfalu","0200 4 2","42","2","40","HU231","031","0","1033","1","2900","08","99","99","2","1","9","9","4"
"10755","Majosháza","1300 4 2","42","1","12","HU120","136","0","0043","9","9992","01","99","99","9","9","9","4","9"
"10764","Körösnagyharsány","0400 4 2","42","3","70","HU332","051","0","9999","9","9992","05","99","99","3","3","1","9","3"
"10773","Tiszabő","1600 4 2","42","3","60","HU322","164","0","9999","9","9992","04","99","99","1","3","1","9","1"
"10782","Boncodfölde","2000 4 2","42","2","30","HU223","197","0","2043","9","9993","09","99","99","9","9","9","9","2"
"10791","Fülesd","1500 4 2","42","3","60","HU323","150","0","9999","9","9992","03","99","99","1","3","1","9","1"
"10807","Nyírparasznya","1500 4 2","42","3","60","HU323","154","0","9999","9","9992","03","99","99","3","3","1","9","1"
"10816","Kiskunlacháza","1300 3 2","30","1","12","HU120","134","0","9999","9","9992","01","99","99","9","4","9","9","9"
"10825","Pécsvárad","0200 3 2","30","2","40","HU231","029","1","1033","1","2700","08","99","99","9","1","9","9","4"
"10834","Olcsvaapáti","1500 4 2","42","3","60","HU323","150","0","9999","9","9992","03","99","99","3","3","1","9","1"
"10843","Nick","1800 4 2","42","2","30","HU222","179","0","9999","9","9993","09","99","99","9","9","9","9","2"
"10852","Érpatak","1500 4 2","42","3","60","HU323","155","0","9999","9","9992","03","99","99","3","2","1","9","1"
"10861","Ecseny","1400 4 2","42","2","40","HU232","143","0","9999","9","9993","08","99","99","3","1","9","9","4"
"10870","Doba","1900 4 2","42","2","20","HU213","186","0","9999","2","2400","06","99","99","9","3","1","9","2"
"10889","Lispeszentadorján","2000 4 2","42","2","30","HU223","195","0","9999","9","9993","09","99","99","3","1","9","9","2"
"10904","Garadna","0500 4 2","42","3","50","HU311","056","0","9999","9","9991","02","99","99","9","3","1","9","1"
"10913","Karakó","1800 4 2","42","2","30","HU222","176","0","9999","9","9993","09","99","99","9","1","9","9","2"
"10922","Maglód","1300 3 2","30","1","12","HU120","139","0","0033","9","9992","01","99","99","9","9","9","4","9"
"10931","Hagyárosbörönd","2000 4 2","42","2","30","HU223","197","0","2043","9","9993","09","99","99","9","9","9","9","2"
"10940","Nagykozár","0200 4 2","42","2","40","HU231","028","0","1033","9","9993","08","99","99","9","9","9","9","4"
"10959","Nikla","1400 4 2","42","2","40","HU232","144","0","9999","9","9993","07","99","99","3","1","9","1","4"
"10968","Mogyoróska","0500 4 2","42","3","50","HU311","057","0","9999","9","9991","02","99","99","9","3","1","9","1"
"10977","Tiszavalk","0500 4 2","42","3","50","HU311","060","0","9999","9","9991","04","05","99","9","1","1","9","1"
"10986","Szulok","1400 4 2","42","2","40","HU232","140","0","9999","9","9993","08","99","99","2","3","1","9","4"
"10995","Kerékteleki","1100 4 2","42","2","20","HU212","111","0","9999","5","1700","06","99","99","9","1","9","9","2"
"11004","Jászkarajenő","1300 4 2","42","1","12","HU120","124","0","9999","9","9992","01","99","99","1","1","9","9","9"
"11013","Szihalom","1000 4 2","42","3","50","HU312","105","0","9999","9","9991","02","99","99","9","2","1","9","1"
"11022","Zsujta","0500 4 2","42","3","50","HU311","057","0","9999","9","9991","02","99","99","3","3","1","9","1"
"11031","Tolnanémedi","1700 4 2","42","2","40","HU233","174","0","9999","1","3500","08","99","99","1","3","1","3","4"
"11040","Lakócsa","1400 4 2","42","2","40","HU232","140","0","9999","9","9993","08","99","99","3","3","1","9","4"
"11059","Baglad","2000 4 2","42","2","30","HU223","194","0","9999","9","9993","09","99","99","3","1","9","9","2"
"11068","Röjtökmuzsaj","0800 4 2","42","2","30","HU221","091","0","3073","9","9993","09","99","99","9","9","9","9","2"
"11086","Cún","0200 4 2","42","2","40","HU231","031","0","9999","9","9993","08","99","99","3","1","1","9","4"
"11095","Nyírlövő","1500 4 2","42","3","60","HU323","153","0","9999","9","9992","03","99","99","3","1","1","9","1"
"11101","Szőlősgyörök","1400 4 2","42","2","40","HU232","142","0","9999","2","2600","07","99","99","9","1","1","1","4"
"11110","Szuhakálló","0500 4 2","42","3","50","HU311","058","0","9999","9","9991","02","99","99","2","1","9","9","1"
"11129","Olcsva","1500 4 2","42","3","60","HU323","159","0","9999","9","9992","03","99","99","3","3","1","9","1"
"11138","Vekerd","0900 4 2","42","3","60","HU321","094","0","9999","9","9992","03","99","99","1","3","1","9","1"
"11147","Kisrákos","1800 4 2","42","2","30","HU222","177","0","9999","9","9993","09","99","99","9","4","9","9","2"
"11156","Gór","1800 4 2","42","2","30","HU222","179","0","9999","9","9993","09","99","99","9","9","9","9","2"
"11165","Szentpéterúr","2000 4 2","42","2","30","HU223","197","0","9999","9","9993","09","99","99","3","9","9","9","2"
"11174","Kéthely","1400 4 2","42","2","40","HU232","144","0","9999","2","2600","07","99","99","9","1","9","1","4"
"11183","Kisdér","0200 4 2","42","2","40","HU231","031","0","9999","9","9993","08","99","99","1","1","9","9","4"
"11192","Igal","1400 3 2","30","2","40","HU232","143","0","9999","9","9993","08","99","99","9","1","9","9","4"
"11208","Hosszúvölgy","2000 4 2","42","2","30","HU223","196","0","3153","9","9993","09","99","99","2","4","9","9","2"
"11217","Szűr","0200 4 2","42","2","40","HU231","027","0","9999","9","9993","08","99","99","2","1","9","9","4"
"11226","Hangács","0500 4 2","42","3","50","HU311","055","0","9999","9","9991","02","99","99","3","3","1","9","1"
"11235","Kőtelek","1600 4 2","42","3","60","HU322","167","0","9999","9","9992","04","99","99","9","9","9","9","1"
"11244","Pócspetri","1500 4 2","42","3","60","HU323","156","0","9999","9","9992","03","99","99","2","3","1","9","1"
"11253","Fertőboz","0800 4 2","42","2","30","HU221","091","0","3073","5","2500","09","07","99","9","9","9","9","2"
"11262","Kóny","0800 4 2","42","2","30","HU221","086","0","1013","9","9993","09","99","99","9","4","9","9","2"
"11271","Nyírlugos","1500 3 2","30","3","60","HU323","156","0","9999","9","9992","03","99","99","9","3","1","9","1"
"11280","Katymár","0300 4 2","42","3","70","HU331","034","0","9999","9","9992","05","99","99","1","3","1","9","3"
"11299","Bököny","1500 4 2","42","3","60","HU323","155","0","9999","9","9992","03","99","99","3","2","1","9","1"
"11305","Besenyszög","1600 3 2","30","3","60","HU322","167","0","3113","9","9992","03","99","99","9","9","9","9","1"
"11314","Budapest 15. ker.","0115 9 9","90","1","11","HU110","015","1","0001","9","9991","01","99","99","9","9","9","4","9"
"11323","Mezőkeresztes","0500 3 2","30","3","50","HU311","060","0","9999","9","9991","02","99","99","9","1","9","9","1"
"11332","Sajónémeti","0500 4 2","42","3","50","HU311","063","0","9999","9","9991","02","99","99","3","3","1","9","1"
"11341","Cegléd","1300 3 2","30","1","12","HU120","124","1","9999","3","1600","01","99","99","9","1","9","9","9"
"11350","Damak","0500 4 2","42","3","50","HU311","055","0","9999","9","9991","02","99","99","9","3","1","9","1"
"11369","Szakony","0800 4 2","42","2","30","HU221","091","0","9999","9","9993","09","99","99","9","9","9","9","2"
"11378","Füzérkomlós","0500 4 2","42","3","50","HU311","065","0","9999","9","9991","02","99","99","9","1","1","9","1"
"11387","Ikervár","1800 4 2","42","2","30","HU222","179","0","9999","9","9993","09","99","99","9","9","9","9","2"
"11396","Pilisszentiván","1300 4 2","42","1","12","HU120","133","0","0063","9","9993","01","99","99","9","9","9","4","9"
"11402","Mecsekpölöske","0200 4 2","42","2","40","HU231","026","0","9999","9","9993","08","99","99","9","9","1","9","4"
"11411","Halmajugra","1000 4 2","42","3","50","HU312","106","0","9999","4","3200","02","99","99","3","9","9","9","1"
"11420","Pula","1900 4 2","42","2","20","HU213","191","0","9999","9","9993","07","99","99","9","9","9","1","2"
"11439","Várpalota","1900 3 2","30","2","20","HU213","190","1","9999","9","9993","06","99","99","9","9","9","9","2"
"11448","Kisrozvágy","0500 4 2","42","3","50","HU311","054","0","9999","9","9991","02","99","99","1","3","1","9","1"
"11457","Tényő","0800 4 2","42","2","30","HU221","087","0","1013","5","2300","09","99","99","9","9","9","9","2"
"11466","Zala","1400 4 2","42","2","40","HU232","147","0","9999","9","9993","07","99","99","2","2","1","1","4"
"11475","Lendvajakabfa","2000 4 2","42","2","30","HU223","194","0","9999","9","9993","09","99","99","1","1","9","9","2"
"11484","Somogycsicsó","1400 4 2","42","2","40","HU232","141","0","9999","9","9993","08","99","99","3","3","1","9","4"
"11493","Szinpetri","0500 4 2","42","3","50","HU311","055","0","9999","9","9991","02","03","03","3","3","1","9","1"
"11509","Szenta","1400 4 2","42","2","40","HU232","141","0","9999","9","9993","08","99","99","3","3","1","9","4"
"11518","Rádfalva","0200 4 2","42","2","40","HU231","031","0","9999","9","9993","08","99","99","3","1","9","9","4"
"11527","Balaton","1000 4 2","42","3","50","HU312","103","0","9999","9","9991","02","99","99","9","1","1","9","1"
"11536","Magyardombegyház","0400 4 2","42","3","70","HU332","049","0","9999","9","9992","05","99","99","1","3","1","9","3"
"11545","Szentjakabfa","1900 4 2","42","2","20","HU213","185","0","9999","2","1900","07","99","99","2","9","9","1","2"
"11554","Szécsisziget","2000 4 2","42","2","30","HU223","194","0","9999","2","3400","09","99","99","9","1","9","9","2"
"11563","Alsónyék","1700 4 2","42","2","40","HU233","173","0","9999","1","2800","08","99","99","9","9","9","9","4"
"11572","Petőmihályfa","1800 4 2","42","2","30","HU222","182","0","9999","9","9993","09","99","99","1","2","1","9","2"
"11581","Vilmány","0500 4 2","42","3","50","HU311","057","0","9999","9","9991","02","99","99","3","3","1","9","1"
"11590","Piliny","1200 4 2","42","3","50","HU313","121","0","9999","9","9991","02","99","99","1","3","1","9","1"
"11606","Dunaszentbenedek","0300 4 2","42","3","70","HU331","037","0","9999","9","9992","05","99","99","3","1","9","3","3"
"11615","Körösladány","0400 3 2","30","3","70","HU332","053","0","9999","9","9992","05","99","99","9","2","1","9","3"
"11624","Bodmér","0700 4 2","42","2","20","HU211","077","0","9999","9","9993","06","99","99","9","9","9","9","2"
"11633","Vasszentmihály","1800 4 2","42","2","30","HU222","180","0","9999","9","9993","09","99","99","9","9","9","9","2"
"11642","Felsőpáhok","2000 4 2","42","2","30","HU223","193","0","2013","9","9993","07","99","99","9","9","9","1","2"
"11651","Bögöt","1800 4 2","42","2","30","HU222","179","0","2033","9","9993","09","99","99","9","9","9","9","2"
"11660","Legyesbénye","0500 4 2","42","3","50","HU311","066","0","9999","6","3300","02","99","08","3","2","1","2","1"
"11679","Jánosháza","1800 3 2","30","2","30","HU222","176","0","9999","9","9993","09","99","99","9","1","9","9","2"
"11688","Diósberény","1700 4 2","42","2","40","HU233","174","0","9999","9","9993","08","99","99","1","3","1","3","4"
"11697","Hidasnémeti","0500 4 2","42","3","50","HU311","057","0","9999","9","9991","02","99","99","9","3","1","9","1"
"11703","Vöröstó","1900 4 2","42","2","20","HU213","191","0","9999","9","9993","07","99","99","9","9","9","1","2"
"11712","Báta","1700 4 2","42","2","40","HU233","173","0","9999","1","2800","08","99","99","2","9","9","9","4"
"11730","Orfű","0200 4 2","42","2","40","HU231","028","0","1033","9","9993","08","99","99","9","9","9","9","4"
"11749","Mezőnyárád","0500 4 2","42","3","50","HU311","060","0","9999","9","9991","02","99","99","9","1","9","9","1"
"11758","Meszes","0500 4 2","42","3","50","HU311","055","0","9999","9","9991","02","99","99","1","3","1","9","1"
"11767","Veszprém","1900 2 1","20","2","20","HU213","191","1","3131","9","9993","06","99","99","9","9","9","9","2"
"11776","Sárszentmihály","0700 4 2","42","2","20","HU211","085","0","3103","9","9993","06","99","99","9","9","9","9","2"
"11785","Zalakaros","2000 3 2","30","2","30","HU223","196","0","9999","2","3400","07","99","99","9","4","9","1","2"
"11794","Szank","0300 4 2","42","3","70","HU331","042","0","9999","3","1600","05","99","99","9","2","1","9","3"
"11800","Vindornyaszőlős","2000 4 2","42","2","30","HU223","193","0","9999","2","3400","07","99","99","9","9","9","1","2"
"11819","Kurityán","0500 4 2","42","3","50","HU311","058","0","9999","9","9991","02","99","99","2","1","9","9","1"
"11828","Porrog","1400 4 2","42","2","40","HU232","141","0","9999","9","9993","08","99","99","3","3","1","9","4"
"11837","Pocsaj","0900 4 2","41","3","60","HU321","096","0","9999","9","9992","03","99","99","3","3","1","9","1"
"11846","Kétbodony","1200 4 2","42","3","50","HU313","119","0","9999","9","9991","02","99","99","9","1","9","9","1"
"11855","Pápakovácsi","1900 4 2","42","2","20","HU213","187","0","9999","9","9993","06","99","99","9","1","9","9","2"
"11864","Érsekcsanád","0300 4 2","42","3","70","HU331","035","0","9999","3","1500","05","99","99","9","1","9","9","3"
"11873","Mezőhegyes","0400 3 2","30","3","70","HU332","049","0","9999","9","9992","05","99","99","9","3","1","9","3"
"11882","Abda","0800 4 2","42","2","30","HU221","087","0","1013","9","9993","09","99","99","9","9","9","9","2"
"11891","Héreg","1100 4 2","42","2","20","HU212","115","0","3123","9","9993","06","99","99","9","9","9","9","2"
"11907","Tiszamogyorós","1500 4 2","42","3","60","HU323","160","0","9999","9","9992","03","99","99","3","3","1","9","1"
"11916","Balatonőszöd","1400 4 2","42","2","40","HU232","146","0","2013","2","2600","07","99","99","9","9","9","1","4"
"11925","Újtikos","0900 4 2","42","3","60","HU321","099","0","9999","9","9992","03","99","99","9","1","9","9","1"
"11934","Üröm","1300 4 2","42","1","12","HU120","133","0","0063","5","2100","01","99","99","9","9","9","4","9"
"11943","Gyöngyösfalu","1800 4 2","42","2","30","HU222","178","0","2033","9","9993","09","99","99","9","9","9","9","2"
"11952","Dinnyeberki","0200 4 2","42","2","40","HU231","032","0","9999","9","9993","08","99","99","3","1","9","9","4"
"11961","Bátya","0300 4 2","42","3","70","HU331","037","0","9999","9","9992","05","99","99","2","1","9","3","3"
"11970","Bikács","1700 4 2","42","2","40","HU233","172","0","9999","1","3500","08","99","99","3","9","9","3","4"
"11989","Murony","0400 4 2","42","3","70","HU332","045","0","3013","9","9992","05","99","99","9","1","1","9","3"
"11998","Csibrák","1700 4 2","42","2","40","HU233","171","0","9999","9","9993","08","99","99","3","1","9","9","4"
"12007","Szatymaz","0600 4 2","42","3","70","HU333","075","0","3083","3","1400","05","99","99","9","9","9","9","3"
"12016","Becske","1200 4 2","42","3","50","HU313","116","0","9999","9","9991","02","99","99","9","1","9","9","1"
"12025","Csólyospálos","0300 4 2","42","3","70","HU331","042","0","9999","3","1600","05","99","99","9","2","1","9","3"
"12034","Kelemér","0500 4 2","42","3","50","HU311","063","0","9999","9","9991","02","99","99","3","3","1","9","1"
"12043","Ölbő","1800 4 2","42","2","30","HU222","179","0","2033","9","9993","09","99","99","9","9","9","9","2"
"12052","Budakeszi","1300 3 2","30","1","12","HU120","123","1","0052","5","2100","01","99","99","9","9","9","4","9"
"12061","Hermánszeg","1500 4 2","42","3","60","HU323","150","0","9999","9","9992","03","99","99","1","3","1","9","1"
"12070","Pétervására","1000 3 2","30","3","50","HU312","109","1","9999","9","9991","02","99","99","9","2","1","9","1"
"12089","Gelse","2000 4 2","42","2","30","HU223","196","0","3153","9","9993","09","99","99","9","4","9","9","2"
"12098","Nyírtura","1500 4 2","42","3","60","HU323","157","0","3053","9","9992","03","99","99","9","9","9","9","1"
"12104","Vasszilvágy","1800 4 2","42","2","30","HU222","181","0","2033","9","9993","09","99","99","9","9","9","9","2"
"12113","Kajárpéc","0800 4 2","42","2","30","HU221","087","0","1013","5","2300","09","99","99","9","9","9","9","2"
"12122","Letenye","2000 3 2","30","2","30","HU223","195","1","9999","2","3400","09","99","99","9","1","9","9","2"
"12131","Nógrádmegyer","1200 4 2","42","3","50","HU313","121","0","9999","9","9991","02","99","99","3","3","1","9","1"
"12140","Csepreg","1800 3 2","30","2","30","HU222","178","0","9999","5","2500","09","99","99","9","9","9","9","2"
"12159","Hejőszalonta","0500 4 2","42","3","50","HU311","068","0","9999","9","9991","04","99","99","3","9","9","9","1"
"12168","Patca","1400 4 2","42","2","40","HU232","143","0","3033","9","9993","08","99","99","1","1","1","9","4"
"12177","Kardoskút","0400 4 2","42","3","70","HU332","050","0","9999","9","9992","05","99","99","9","1","9","9","3"
"12186","Pátroha","1500 4 2","42","3","60","HU323","153","0","9999","9","9992","03","99","99","3","1","1","9","1"
"12195","Romhány","1200 4 2","42","3","50","HU313","119","0","9999","9","9991","02","99","99","9","1","9","9","1"
"12201","Zók","0200 4 2","42","2","40","HU231","032","0","1033","9","9993","08","99","99","9","1","9","9","4"
"12210","Tállya","0500 4 2","42","3","50","HU311","066","0","9999","6","3300","02","08","08","9","2","1","2","1"
"12229","Terpes","1000 4 2","42","3","50","HU312","109","0","9999","9","9991","02","99","99","3","2","1","9","1"
"12238","Balatonederics","1900 4 2","42","2","20","HU213","189","0","2013","2","2000","07","99","99","9","9","9","1","2"
"12247","Kemenesmagasi","1800 4 2","42","2","30","HU222","176","0","9999","9","9993","09","99","99","9","1","9","9","2"
"12256","Füzesgyarmat","0400 3 2","30","3","70","HU332","053","0","9999","9","9992","05","99","99","9","2","1","9","3"
"12265","Székkutas","0600 4 2","42","3","70","HU333","071","0","9999","9","9992","05","99","99","9","1","9","9","3"
"12274","Nyírmada","1500 3 2","30","3","60","HU323","159","0","9999","9","9992","03","99","99","3","3","1","9","1"
"12283","Máriakálnok","0800 4 2","42","2","30","HU221","089","0","9999","9","9993","09","99","99","9","9","9","9","2"
"12292","Zsennye","1800 4 2","42","2","30","HU222","181","0","2033","9","9993","09","99","99","9","9","9","9","2"
"12308","Hédervár","0800 4 2","42","2","30","HU221","089","0","9999","9","9993","09","99","99","9","9","9","9","2"
"12317","Andrásfa","1800 4 2","42","2","30","HU222","182","0","9999","9","9993","09","99","99","3","2","1","9","2"
"12326","Györköny","1700 4 2","42","2","40","HU233","172","0","9999","1","3500","08","99","99","9","9","9","3","4"
"12335","Tompaládony","1800 4 2","42","2","30","HU222","179","0","9999","9","9993","09","99","99","9","9","9","9","2"
"12344","Csengőd","0300 4 2","42","3","70","HU331","039","0","9999","3","1600","05","99","99","9","1","9","9","3"
"12353","Kistamási","0200 4 2","42","2","40","HU231","033","0","9999","9","9993","08","99","99","1","2","1","9","4"
"12362","Pálháza","0500 3 2","30","3","50","HU311","065","0","9999","9","9991","02","99","99","9","1","1","9","1"
"12371","Pamlény","0500 4 2","42","3","50","HU311","067","0","9999","9","9991","02","99","99","3","3","1","9","1"
"12380","Drávapiski","0200 4 2","42","2","40","HU231","031","0","9999","9","9993","08","99","99","3","1","1","9","4"
"12399","Kistokaj","0500 4 2","42","3","50","HU311","061","0","1023","4","3000","02","99","99","9","9","9","9","1"
"12405","Vámosszabadi","0800 4 2","42","2","30","HU221","087","0","1013","9","9993","09","99","99","9","9","9","9","2"
"12414","Fertőrákos","0800 4 2","42","2","30","HU221","091","0","3073","5","2500","09","07","99","9","9","9","9","2"
"12423","Rákócziújfalu","1600 4 2","42","3","60","HU322","167","0","3113","9","9992","03","99","99","9","9","9","9","1"
"12432","Fedémes","1000 4 2","42","3","50","HU312","109","0","9999","9","9991","02","99","99","1","2","1","9","1"
"12441","Abádszalók","1600 3 2","30","3","60","HU322","164","0","9999","9","9992","04","99","99","9","3","1","9","1"
"12450","Csökmő","0900 4 2","41","3","60","HU321","094","0","9999","9","9992","03","99","99","3","3","1","9","1"
"12469","Rátka","0500 4 2","42","3","50","HU311","066","0","9999","6","3300","02","08","08","9","2","1","2","1"
"12478","Kemenesszentpéter","1900 4 2","42","2","20","HU213","187","0","9999","9","9993","06","99","99","9","1","9","9","2"
"12487","Újcsanálos","0500 4 2","42","3","50","HU311","061","0","1023","9","9991","02","99","99","3","9","1","9","1"
"12496","Zalaistvánd","2000 4 2","42","2","30","HU223","197","0","2043","9","9993","09","99","99","9","9","9","9","2"
"12502","Kisnána","1000 4 2","42","3","50","HU312","106","0","9999","4","3200","02","99","99","9","9","9","9","1"
"12511","Dejtár","1200 4 2","42","3","50","HU313","116","0","9999","9","9991","02","99","99","9","1","9","9","1"
"12520","Ságújfalu","1200 4 2","42","3","50","HU313","120","0","9999","9","9991","02","99","99","1","1","1","9","1"
"12539","Gyűrűs","2000 4 2","42","2","30","HU223","197","0","9999","9","9993","09","99","99","3","9","9","9","2"
"12548","Abaliget","0200 4 2","42","2","40","HU231","028","0","1033","9","9993","08","99","99","9","9","9","9","4"
"12557","Fancsal","0500 4 2","42","3","50","HU311","056","0","9999","9","9991","02","99","99","9","3","1","9","1"
"12566","Dunafalva","0300 4 2","42","3","70","HU331","035","0","9999","9","9992","05","99","99","1","1","9","9","3"
"12575","Lenti","2000 3 2","30","2","30","HU223","194","1","9999","2","3400","09","99","99","9","1","9","9","2"
"12593","Tiszadob","1500 4 2","41","3","60","HU323","158","0","9999","9","9992","03","99","99","3","2","1","9","1"
"12609","Türje","2000 4 2","42","2","30","HU223","198","0","9999","9","9993","09","99","99","9","1","9","9","2"
"12618","Kertészsziget","0400 4 2","42","3","70","HU332","053","0","9999","9","9992","05","99","99","3","2","1","9","3"
"12627","Sokorópátka","0800 4 2","42","2","30","HU221","087","0","1013","9","9993","09","99","99","9","9","9","9","2"
"12636","Kisapostag","0700 4 2","42","2","20","HU211","078","0","3143","9","9993","06","99","99","9","9","9","9","2"
"12645","Óbánya","0200 4 2","42","2","40","HU231","029","0","9999","9","9993","08","99","99","9","1","9","9","4"
"12654","Zalahaláp","1900 4 2","42","2","20","HU213","189","0","9999","2","2000","06","99","99","9","9","9","9","2"
"12663","Kaposkeresztúr","1400 4 2","42","2","40","HU232","143","0","9999","2","2600","08","99","99","3","1","9","9","4"
"12672","Kisvarsány","1500 4 2","42","3","60","HU323","159","0","9999","9","9992","03","99","99","2","3","1","9","1"
"12681","Telekgerendás","0400 4 2","42","3","70","HU332","046","0","3013","9","9992","05","99","99","9","9","9","9","3"
"12690","Sződ","1300 4 2","42","1","12","HU120","138","0","0013","9","9991","01","99","99","9","9","9","4","9"
"12706","Háromhuta","0500 4 2","42","3","50","HU311","064","0","9999","9","9991","02","99","99","9","1","1","9","1"
"12715","Pázmándfalu","0800 4 2","42","2","30","HU221","090","0","1013","5","2300","09","99","99","9","4","9","9","2"
"12724","Csehimindszent","1800 4 2","42","2","30","HU222","182","0","9999","9","9993","09","99","99","9","2","1","9","2"
"12733","Horvátlövő","1800 4 2","42","2","30","HU222","181","0","2033","9","9993","09","99","99","9","9","9","9","2"
"12742","Ganna","1900 4 2","42","2","20","HU213","187","0","9999","9","9993","06","99","99","9","1","9","9","2"
"12751","Gerde","0200 4 2","42","2","40","HU231","032","0","9999","9","9993","08","99","99","1","1","9","9","4"
"12760","Nagybakónak","2000 4 2","42","2","30","HU223","196","0","9999","9","9993","09","99","99","3","4","9","9","2"
"12779","Nagylak","0600 4 2","42","3","70","HU333","073","0","9999","9","9992","05","99","99","9","1","9","9","3"
"12788","Berettyóújfalu","0900 3 2","30","3","60","HU321","094","1","9999","9","9992","03","99","99","9","3","1","9","1"
"12797","Ópusztaszer","0600 4 2","42","3","70","HU333","072","0","9999","9","9992","05","99","99","1","2","1","9","3"
"12803","Hajdúdorog","0900 3 2","30","3","60","HU321","097","0","9999","9","9992","03","99","99","9","1","9","9","1"
"12812","Mezőörs","0800 4 2","42","2","30","HU221","087","0","1013","9","9993","09","99","99","9","9","9","9","2"
"12821","Egerbakta","1000 4 2","42","3","50","HU312","104","0","2023","4","3100","02","99","99","3","9","9","9","1"
"12830","Bezeréd","2000 4 2","42","2","30","HU223","197","0","9999","9","9993","09","99","99","1","9","9","9","2"
"12849","Kisjakabfalva","0200 4 2","42","2","40","HU231","031","0","9999","1","2700","08","99","99","3","1","9","9","4"
"12858","Nagyhajmás","0200 4 2","42","2","40","HU231","025","0","9999","9","9993","08","99","99","3","3","1","9","4"
"12867","Pereked","0200 4 2","42","2","40","HU231","028","0","1033","9","9993","08","99","99","1","9","9","9","4"
"12876","Somogymeggyes","1400 4 2","42","2","40","HU232","147","0","9999","9","9993","07","99","99","3","2","1","1","4"
"12885","Nyékládháza","0500 3 2","30","3","50","HU311","061","0","1023","4","3000","02","99","99","9","9","9","9","1"
"12894","Üllő","1300 3 2","30","1","12","HU120","139","0","0033","9","9992","01","99","99","9","9","9","4","9"
"12900","Köröstarcsa","0400 4 2","42","3","70","HU332","045","0","9999","9","9992","05","99","99","9","1","1","9","3"
"12919","Vonyarcvashegy","2000 4 2","41","2","30","HU223","193","0","2013","2","2000","07","99","99","9","9","9","1","2"
"12928","Csaholc","1500 4 2","42","3","60","HU323","150","0","9999","9","9992","03","99","99","3","3","1","9","1"
"12937","Hercegszántó","0300 4 2","42","3","70","HU331","035","0","9999","9","9992","05","99","99","1","1","9","9","3"
"12946","Garabonc","2000 4 2","42","2","30","HU223","196","0","9999","2","3400","07","99","99","2","4","9","1","2"
"12955","Nyúl","0800 4 2","42","2","30","HU221","087","0","1013","5","2300","09","99","99","9","9","9","9","2"
"12964","Püski","0800 4 2","42","2","30","HU221","089","0","9999","9","9993","09","99","99","9","9","9","9","2"
"12973","Szentgáloskér","1400 4 2","42","2","40","HU232","143","0","9999","9","9993","08","99","99","1","1","9","9","4"
"12982","Vilyvitány","0500 4 2","42","3","50","HU311","065","0","9999","9","9991","02","99","99","1","1","1","9","1"
"12991","Galambok","2000 4 2","42","2","30","HU223","196","0","9999","2","3400","07","99","99","9","4","9","1","2"
"13000","Gemzse","1500 4 2","42","3","60","HU323","159","0","9999","9","9992","03","99","99","3","3","1","9","1"
"13019","Hodász","1500 4 2","41","3","60","HU323","154","0","9999","9","9992","03","99","99","3","3","1","9","1"
"13028","Kondorfa","1800 4 2","42","2","30","HU222","180","0","9999","9","9993","09","99","99","9","9","9","9","2"
"13037","Zsurk","1500 4 2","42","3","60","HU323","160","0","9999","9","9992","03","99","99","3","3","1","9","1"
"13046","Szamosszeg","1500 4 2","42","3","60","HU323","154","0","9999","9","9992","03","99","99","3","3","1","9","1"
"13055","Kissziget","2000 4 2","42","2","30","HU223","194","0","9999","9","9993","09","99","99","3","1","9","9","2"
"13064","Magyarszerdahely","2000 4 2","42","2","30","HU223","196","0","3153","2","3400","09","99","99","9","4","9","9","2"
"13082","Kozmadombja","2000 4 2","42","2","30","HU223","194","0","9999","9","9993","09","99","99","3","1","9","9","2"
"13091","Zalaszentmárton","2000 4 2","42","2","30","HU223","193","0","9999","9","9993","07","99","99","9","9","9","1","2"
"13116","Boldogasszonyfa","0200 4 2","42","2","40","HU231","033","0","9999","9","9993","08","99","99","3","2","1","9","4"
"13125","Takácsi","1900 4 2","42","2","20","HU213","187","0","9999","9","9993","06","99","99","9","1","9","9","2"
"13134","Golop","0500 4 2","42","3","50","HU311","066","0","9999","6","3300","02","99","08","9","2","1","2","1"
"13143","Jéke","1500 4 2","42","3","60","HU323","153","0","9999","9","9992","03","99","99","9","1","1","9","1"
"13152","Cece","0700 4 2","41","2","20","HU211","084","0","9999","9","9993","06","99","99","9","3","1","3","2"
"13161","Röszke","0600 4 2","42","3","70","HU333","075","0","3083","9","9992","05","99","99","9","9","9","9","3"
"13170","Csépa","1600 4 2","42","3","60","HU322","165","0","9999","3","1600","03","99","99","3","2","1","9","1"
"13189","Budapest 21. ker.","0121 9 9","90","1","11","HU110","021","1","0001","9","9992","01","99","99","9","9","9","4","9"
"13198","Győrladamér","0800 4 2","42","2","30","HU221","087","0","1013","9","9993","09","99","99","9","9","9","9","2"
"13204","Hont","1200 4 2","42","3","50","HU313","116","0","9999","9","9991","01","99","99","1","1","9","9","1"
"13213","Tunyogmatolcs","1500 4 2","42","3","60","HU323","150","0","9999","9","9992","03","99","99","3","3","1","9","1"
"13222","Mihálygerge","1200 4 2","42","3","50","HU313","120","0","9999","9","9991","02","99","99","2","1","1","9","1"
"13231","Szentdomonkos","1000 4 2","42","3","50","HU312","109","0","9999","9","9991","02","99","99","3","2","1","9","1"
"13240","Tarnalelesz","1000 4 2","42","3","50","HU312","109","0","9999","9","9991","02","99","99","1","2","1","9","1"
"13259","Szabadegyháza","0700 4 2","42","2","20","HU211","080","0","3103","9","9993","06","99","99","9","9","9","9","2"
"13268","Sóstófalva","0500 4 2","42","3","50","HU311","061","0","1023","9","9991","02","99","99","3","9","1","9","1"
"13277","Szigethalom","1300 3 2","30","1","12","HU120","136","0","0043","9","9992","01","99","99","9","9","9","4","9"
"13286","Felsőegerszeg","0200 4 2","42","2","40","HU231","025","0","9999","9","9993","08","99","99","3","3","1","9","4"
"13295","Galgagyörk","1300 4 2","42","1","12","HU120","138","0","9999","9","9991","01","99","99","9","9","9","9","9"
"13301","Zalaszentlőrinc","2000 4 2","42","2","30","HU223","197","0","2043","9","9993","09","99","99","9","9","9","9","2"
"13310","Bicsérd","0200 4 2","42","2","40","HU231","032","0","1033","9","9993","08","99","99","9","1","9","9","4"
"13329","Almamellék","0200 4 2","42","2","40","HU231","033","0","9999","9","9993","08","99","99","3","2","1","9","4"
"13338","Gyöngyösoroszi","1000 4 2","42","3","50","HU312","106","0","9999","4","3200","02","99","99","3","9","9","9","1"
"13347","Gerényes","0200 4 2","42","2","40","HU231","025","0","9999","9","9993","08","99","99","3","3","1","9","4"
"13356","Égerszög","0500 4 2","42","3","50","HU311","055","0","9999","9","9991","02","03","03","3","3","1","9","1"
"13365","Botykapeterd","0200 4 2","42","2","40","HU231","033","0","9999","9","9993","08","99","99","3","2","1","9","4"
"13374","Kázsmárk","0500 4 2","42","3","50","HU311","067","0","9999","9","9991","02","99","99","3","3","1","9","1"
"13383","Domaszék","0600 4 2","42","3","70","HU333","075","0","3083","3","1400","05","99","99","9","9","9","9","3"
"13392","Budapest 05. ker.","0105 9 9","90","1","11","HU110","005","1","0001","9","9991","01","01","01","9","9","9","4","9"
"13408","Ballószög","0300 4 2","42","3","70","HU331","038","0","3043","3","1600","05","99","99","9","9","9","9","3"
"13426","Kemenesmihályfa","1800 4 2","42","2","30","HU222","176","0","9999","9","9993","09","99","99","9","1","9","9","2"
"13435","Nagykáta","1300 3 2","30","1","12","HU120","131","1","9999","3","1600","01","99","99","9","1","9","9","9"
"13444","Mecseknádasd","0200 4 2","42","2","40","HU231","029","0","9999","1","2700","08","99","99","9","1","9","9","4"
"13453","Őrimagyarósd","1800 4 2","42","2","30","HU222","177","0","9999","9","9993","09","99","99","9","4","9","9","2"
"13462","Iváncsa","0700 4 2","42","2","20","HU211","078","0","9999","9","9993","06","99","99","9","9","9","9","2"
"13471","Bucsa","0400 4 2","42","3","70","HU332","053","0","9999","9","9992","05","99","99","1","2","1","9","3"
"13480","Erdőkertes","1300 4 2","42","1","12","HU120","128","0","0023","9","9991","01","99","99","9","9","9","4","9"
"13499","Erzsébet","0200 4 2","42","2","40","HU231","029","0","1033","9","9993","08","99","99","9","1","9","9","4"
"13505","Csikvánd","0800 4 2","42","2","30","HU221","092","0","1013","9","9993","09","99","99","9","1","9","9","2"
"13514","Jászszentandrás","1600 4 2","42","3","60","HU322","161","0","9999","3","1600","03","99","99","9","3","1","9","1"
"13523","Szúcs","1000 4 2","42","3","50","HU312","104","0","9999","9","9991","02","99","99","3","9","1","9","1"
"13532","Körmend","1800 3 2","30","2","30","HU222","177","1","9999","9","9993","09","99","99","9","4","9","9","2"
"13541","Tiszaszalka","1500 4 2","42","3","60","HU323","159","0","9999","9","9992","03","99","99","9","3","1","9","1"
"13550","Nyírtelek","1500 3 2","30","3","60","HU323","157","0","3053","9","9992","03","99","99","9","9","9","9","1"
"13569","Gosztola","2000 4 2","42","2","30","HU223","194","0","9999","9","9993","09","99","99","9","1","9","9","2"
"13578","Budapest","0100 1 1","10","1","11","HU110","999","9","0001","9","9999","01","99","99","9","9","9","4","9"
"13587","Felsőcsatár","1800 4 2","42","2","30","HU222","181","0","2033","5","2500","09","99","99","9","9","9","9","2"
"13596","Bükkábrány","0500 4 2","42","3","50","HU311","060","0","9999","9","9991","02","99","99","9","1","9","9","1"
"13602","Túristvándi","1500 4 2","42","3","60","HU323","150","0","9999","9","9992","03","99","99","1","3","1","9","1"
"13611","Drávagárdony","1400 4 2","42","2","40","HU232","140","0","9999","9","9993","08","99","99","3","3","1","9","4"
"13620","Mucsfa","1700 4 2","42","2","40","HU233","170","0","9999","1","3500","08","99","99","9","9","9","9","4"
"13639","Besenyőd","1500 4 2","42","3","60","HU323","148","0","9999","9","9992","03","99","99","3","3","1","9","1"
"13648","Egerszólát","1000 4 2","42","3","50","HU312","104","0","2023","4","3100","02","99","99","9","9","9","9","1"
"13657","Balassagyarmat","1200 3 2","30","3","50","HU313","116","1","9999","9","9991","02","99","99","9","1","9","9","1"
"13666","Királyhegyes","0600 4 2","42","3","70","HU333","073","0","9999","9","9992","05","99","99","1","1","9","9","3"
"13675","Tengeri","0200 4 2","42","2","40","HU231","030","0","9999","9","9993","08","99","99","3","3","1","9","4"
"13684","Perenye","1800 4 2","42","2","30","HU222","181","0","2033","9","9993","09","99","99","9","9","9","9","2"
"13693","Táska","1400 4 2","42","2","40","HU232","144","0","9999","2","2600","07","99","99","1","1","9","1","4"
"13709","Nagyszokoly","1700 4 2","42","2","40","HU233","174","0","9999","1","3500","08","99","99","3","3","1","3","4"
"13718","Horpács","1200 4 2","42","3","50","HU313","119","0","9999","9","9991","02","99","99","9","1","9","9","1"
"13727","Gacsály","1500 4 2","42","3","60","HU323","150","0","9999","9","9992","03","99","99","3","3","1","9","1"
"13736","Zalavár","2000 4 2","42","2","30","HU223","193","0","9999","9","9993","07","99","99","9","9","9","1","2"
"13745","Kőkút","1400 4 2","42","2","40","HU232","143","0","9999","9","9993","08","99","99","3","1","1","9","4"
"13754","Szanda","1200 4 2","42","3","50","HU313","116","0","9999","9","9991","02","99","99","9","1","9","9","1"
"13763","Telkibánya","0500 4 2","42","3","50","HU311","057","0","9999","9","9991","02","99","99","2","3","1","9","1"
"13772","Sáska","1900 4 2","42","2","20","HU213","189","0","9999","2","2000","06","99","99","9","9","9","9","2"
"13781","Kiskorpád","1400 4 2","42","2","40","HU232","143","0","9999","9","9993","08","99","99","9","1","1","9","4"
"13790","Polány","1400 4 2","42","2","40","HU232","143","0","9999","9","9993","08","99","99","3","1","9","9","4"
"13806","Kömpöc","0300 4 2","42","3","70","HU331","042","0","9999","3","1600","05","99","99","3","2","1","9","3"
"13815","Tiszaföldvár","1600 3 2","30","3","60","HU322","165","0","9999","3","1600","03","99","99","2","2","1","9","1"
"13824","Somodor","1400 4 2","42","2","40","HU232","143","0","9999","9","9993","08","99","99","3","1","9","9","4"
"13833","Mezőcsát","0500 3 2","30","3","50","HU311","059","1","9999","9","9991","04","99","99","9","3","1","9","1"
"13842","Kozárd","1200 4 2","42","3","50","HU313","118","0","9999","9","9991","02","99","99","9","1","1","9","1"
"13851","Csertő","0200 4 2","42","2","40","HU231","033","0","9999","9","9993","08","99","99","9","2","1","9","4"
"13860","Pusztadobos","1500 4 2","42","3","60","HU323","159","0","9999","9","9992","03","99","99","9","3","1","9","1"
"13879","Ivád","1000 4 2","42","3","50","HU312","109","0","9999","9","9991","02","99","99","1","2","1","9","1"
"13888","Tiszakeszi","0500 4 2","42","3","50","HU311","059","0","9999","9","9991","04","99","99","9","3","1","9","1"
"13897","Vértesboglár","0700 4 2","42","2","20","HU211","077","0","9999","9","9993","06","99","99","9","9","9","9","2"
"13903","Nádasdladány","0700 4 2","42","2","20","HU211","085","0","3103","9","9993","06","99","99","9","9","9","9","2"
"13912","Magyarkeresztúr","0800 4 2","42","2","30","HU221","086","0","9999","9","9993","09","99","99","9","4","9","9","2"
"13921","Iklódbördőce","2000 4 2","42","2","30","HU223","194","0","9999","9","9993","09","99","99","9","1","9","9","2"
"13930","Porrogszentkirály","1400 4 2","42","2","40","HU232","141","0","9999","9","9993","08","99","99","3","3","1","9","4"
"13949","Hévízgyörk","1300 4 2","42","1","12","HU120","122","0","9999","9","9991","01","99","99","9","4","9","9","9"
"13958","Ják","1800 4 2","42","2","30","HU222","181","0","2033","9","9993","09","99","99","9","9","9","9","2"
"13976","Tiszakarád","0500 4 2","42","3","50","HU311","054","0","9999","9","9991","02","99","99","3","3","1","9","1"
"13985","Felsőmocsolád","1400 4 2","42","2","40","HU232","143","0","9999","9","9993","08","99","99","3","1","9","9","4"
"13994","Bolhás","1400 4 2","42","2","40","HU232","145","0","9999","9","9993","08","99","99","3","2","1","9","4"
"14003","Nyíracsád","0900 4 2","42","3","60","HU321","101","0","9999","9","9992","03","99","99","2","3","1","9","1"
"14012","Őrtilos","1400 4 2","42","2","40","HU232","141","0","9999","9","9993","08","99","99","3","3","1","9","4"
"14021","Lukácsháza","1800 4 2","42","2","30","HU222","178","0","2033","5","2500","09","99","99","9","9","9","9","2"
"14030","Nagymányok","1700 3 2","30","2","40","HU233","170","0","9999","1","3500","08","99","99","9","9","9","9","4"
"14058","Fülöpszállás","0300 4 2","42","3","70","HU331","039","0","9999","3","1600","05","99","99","9","1","9","9","3"
"14067","Pápoc","1800 4 2","42","2","30","HU222","176","0","9999","9","9993","09","99","99","1","1","9","9","2"
"14076","Tenk","1000 4 2","42","3","50","HU312","108","0","9999","9","9991","04","99","99","9","3","1","9","1"
"14085","Sénye","2000 4 2","42","2","30","HU223","198","0","9999","9","9993","09","99","99","2","1","9","9","2"
"14094","Tiszaug","0300 4 2","42","3","70","HU331","044","0","9999","3","1600","05","99","99","9","1","9","9","3"
"14100","Kajdacs","1700 4 2","42","2","40","HU233","172","0","9999","9","9993","08","99","99","9","9","9","3","4"
"14119","Bezedek","0200 4 2","42","2","40","HU231","027","0","9999","9","9993","08","99","99","9","1","9","9","4"
"14128","Tarnaörs","1000 4 2","42","3","50","HU312","108","0","9999","9","9991","02","99","99","3","3","1","9","1"
"14137","Bojt","0900 4 2","42","3","60","HU321","094","0","9999","9","9992","03","99","99","3","3","1","9","1"
"14146","Tápiószele","1300 3 2","30","1","12","HU120","131","0","9999","3","1600","01","99","99","9","1","9","9","9"
"14155","Tokod","1100 4 2","41","2","20","HU212","110","0","9999","5","1700","06","99","99","9","9","9","9","2"
"14164","Harc","1700 4 2","42","2","40","HU233","173","0","3093","1","2800","08","99","99","9","9","9","3","4"
"14173","Bánd","1900 4 2","42","2","20","HU213","191","0","3133","9","9993","06","99","99","9","9","9","9","2"
"14182","Várvölgy","2000 4 2","42","2","30","HU223","193","0","9999","2","2000","07","99","99","9","9","9","1","2"
"14191","Nagyváty","0200 4 2","42","2","40","HU231","033","0","9999","9","9993","08","99","99","9","2","1","9","4"
"14207","Rákóczifalva","1600 3 2","30","3","60","HU322","167","0","3113","9","9992","03","99","99","9","9","9","9","1"
"14216","Budapest 11. ker.","0111 9 9","90","1","11","HU110","011","1","0001","9","9993","01","01","01","9","9","9","4","9"
"14225","Szentmargitfalva","2000 4 2","42","2","30","HU223","195","0","9999","9","9993","09","99","99","3","1","9","9","2"
"14234","Buják","1200 4 2","42","3","50","HU313","118","0","9999","9","9991","02","99","99","9","1","1","9","1"
"14243","Somlóvecse","1900 4 2","42","2","20","HU213","186","0","9999","9","9993","06","99","99","9","3","1","9","2"
"14252","Apátfalva","0600 4 2","42","3","70","HU333","073","0","9999","9","9992","05","99","99","1","1","9","9","3"
"14261","Táp","0800 4 2","42","2","30","HU221","090","0","1013","9","9993","09","99","99","9","4","9","9","2"
"14270","Káptalanfa","1900 4 2","42","2","20","HU213","188","0","9999","9","9993","06","99","99","9","1","9","9","2"
"14289","Csokvaomány","0500 4 2","42","3","50","HU311","062","0","9999","9","9991","02","99","99","3","3","1","9","1"
"14298","Ramocsa","2000 4 2","42","2","30","HU223","194","0","9999","9","9993","09","99","99","3","1","9","9","2"
"14304","Závod","1700 4 2","42","2","40","HU233","170","0","9999","1","3500","08","99","99","9","9","9","9","4"
"14313","Sajókaza","0500 4 2","42","3","50","HU311","058","0","9999","9","9991","02","99","99","3","1","9","9","1"
"14322","Vaspör","2000 4 2","42","2","30","HU223","197","0","2043","9","9993","09","99","99","3","9","9","9","2"
"14331","Arló","0500 4 2","41","3","50","HU311","062","0","9999","9","9991","02","99","99","3","3","1","9","1"
"14340","Pilisvörösvár","1300 3 2","30","1","12","HU120","133","1","0062","9","9993","01","99","99","9","9","9","4","9"
"14359","Kékcse","1500 4 2","42","3","60","HU323","153","0","9999","9","9992","03","99","99","3","1","1","9","1"
"14368","Bosta","0200 4 2","42","2","40","HU231","028","0","9999","9","9993","08","99","99","3","9","9","9","4"
"14377","Fülpösdaróc","1500 4 2","42","3","60","HU323","154","0","9999","9","9992","03","99","99","1","3","1","9","1"
"14386","Kercseliget","1400 4 2","42","2","40","HU232","143","0","9999","2","2600","08","99","99","3","1","9","9","4"
"14395","Bakháza","1400 4 2","42","2","40","HU232","145","0","9999","9","9993","08","99","99","3","2","1","9","4"
"14401","Bodrogolaszi","0500 4 2","42","3","50","HU311","064","0","9999","6","3300","02","99","08","9","1","1","2","1"
"14410","Kübekháza","0600 4 2","42","3","70","HU333","075","0","3083","9","9992","05","99","99","9","9","9","9","3"
"14429","Alsógagy","0500 4 2","42","3","50","HU311","056","0","9999","9","9991","02","99","99","3","3","1","9","1"
"14438","Répceszemere","0800 4 2","42","2","30","HU221","088","0","9999","9","9993","09","99","99","9","4","9","9","2"
"14447","Tiszatelek","1500 4 2","42","3","60","HU323","151","0","3053","9","9992","03","99","99","3","3","1","9","1"
"14456","Szentes","0600 3 2","30","3","70","HU333","076","1","9999","9","9992","05","99","99","9","1","9","9","3"
"14465","Tabajd","0700 4 2","42","2","20","HU211","077","0","9999","5","2100","06","99","99","9","9","9","9","2"
"14474","Boldogkőváralja","0500 4 2","42","3","50","HU311","057","0","9999","9","9991","02","99","99","1","3","1","9","1"
"14483","Máriakéménd","0200 4 2","42","2","40","HU231","024","0","9999","1","2700","08","99","99","9","1","9","9","4"
"14492","Ózd","0500 3 2","30","3","50","HU311","062","1","9999","9","9991","02","99","99","3","3","1","9","1"
"14508","Dombrád","1500 3 2","30","3","60","HU323","153","0","9999","9","9992","03","99","99","3","1","1","9","1"
"14517","Kovácsszénája","0200 4 2","42","2","40","HU231","028","0","9999","9","9993","08","99","99","1","9","9","9","4"
"14526","Heves","1000 3 2","30","3","50","HU312","108","1","9999","4","3200","04","99","99","9","3","1","9","1"
"14535","Kömlő","1000 4 2","42","3","50","HU312","108","0","9999","9","9991","04","99","99","3","3","1","9","1"
"14544","Tataháza","0300 4 2","42","3","70","HU331","034","0","9999","9","9992","05","99","99","1","3","1","9","3"
"14553","Kapolcs","1900 4 2","42","2","20","HU213","189","0","9999","9","9993","07","99","99","9","9","9","1","2"
"14562","Balatonmáriafürdő","1400 4 2","42","2","40","HU232","144","0","2013","9","9993","07","99","99","9","1","9","1","4"
"14571","Tápiószentmárton","1300 4 2","41","1","12","HU120","131","0","9999","3","1600","01","99","99","9","1","9","9","9"
"14580","Vámosgyörk","1000 4 2","42","3","50","HU312","106","0","9999","9","9991","02","99","99","9","9","9","9","1"
"14599","Görgeteg","1400 4 2","42","2","40","HU232","145","0","9999","9","9993","08","99","99","3","2","1","9","4"
"14605","Lápafő","1700 4 2","42","2","40","HU233","171","0","9999","9","9993","08","99","99","1","1","9","9","4"
"14614","Ebes","0900 4 2","42","3","60","HU321","100","0","3023","9","9992","03","99","99","9","1","9","9","1"
"14623","Zákány","1400 4 2","42","2","40","HU232","141","0","9999","9","9993","08","99","99","9","3","1","9","4"
"14632","Fonyód","1400 3 2","30","2","40","HU232","142","1","2012","9","9993","07","99","99","9","1","9","1","4"
"14641","Márkháza","1200 4 2","42","3","50","HU313","120","0","9999","9","9991","02","99","99","1","1","1","9","1"
"14650","Nagynyárád","0200 4 2","42","2","40","HU231","027","0","9999","1","2700","08","99","99","9","1","9","9","4"
"14669","Pilismarót","1100 4 2","42","2","20","HU212","110","0","3173","9","9993","01","99","99","9","9","9","9","2"
"14678","Darvas","0900 4 2","42","3","60","HU321","094","0","9999","9","9992","03","99","99","1","3","1","9","1"
"14687","Pinnye","0800 4 2","42","2","30","HU221","091","0","3073","9","9993","09","99","99","9","9","9","9","2"
"14696","Nyíribrony","1500 4 2","42","3","60","HU323","148","0","9999","9","9992","03","99","99","3","3","1","9","1"
"14702","Kissikátor","0500 4 2","42","3","50","HU311","062","0","9999","9","9991","02","99","99","9","3","1","9","1"
"14711","Szálka","1700 4 2","42","2","40","HU233","173","0","3093","1","2800","08","99","99","9","9","9","9","4"
"14720","Pálfiszeg","2000 4 2","42","2","30","HU223","197","0","2043","9","9993","09","99","99","3","9","9","9","2"
"14739","Rakamaz","1500 3 2","30","3","60","HU323","157","0","9999","9","9992","03","99","99","9","9","1","9","1"
"14748","Kimle","0800 4 2","42","2","30","HU221","089","0","9999","9","9993","09","99","99","9","9","9","9","2"
"14757","Noszlop","1900 4 2","42","2","20","HU213","186","0","9999","9","9993","06","99","99","9","3","1","9","2"
"14766","Dunatetétlen","0300 4 2","42","3","70","HU331","037","0","9999","9","9992","05","99","99","2","1","9","3","3"
"14775","Nagybörzsöny","1300 4 2","42","1","12","HU120","137","0","9999","9","9991","01","99","99","1","1","9","9","9"
"14784","Tardona","0500 4 2","42","3","50","HU311","058","0","9999","9","9991","02","99","99","9","1","9","9","1"
"14793","Rábakecöl","0800 4 2","42","2","30","HU221","088","0","9999","9","9993","09","99","99","9","4","9","9","2"
"14809","Mersevát","1800 4 2","42","2","30","HU222","176","0","9999","9","9993","09","99","99","9","1","9","9","2"
"14818","Bonyhádvarasd","1700 4 2","42","2","40","HU233","170","0","9999","1","3500","08","99","99","9","9","9","9","4"
"14827","Székesfehérvár","0700 2 1","20","2","20","HU211","085","1","3101","9","9993","06","99","99","9","9","9","9","2"
"14836","Zagyvarékas","1600 4 2","42","3","60","HU322","167","0","3113","9","9992","03","99","99","9","9","9","9","1"
"14845","Nyírbátor","1500 3 2","30","3","60","HU323","156","1","9999","9","9992","03","99","99","2","3","1","9","1"
"14854","Szabadi","1400 4 2","42","2","40","HU232","143","0","9999","2","2600","08","99","99","9","1","9","9","4"
"14863","Látrány","1400 4 2","42","2","40","HU232","142","0","9999","2","2600","07","99","99","2","1","9","1","4"
"14872","Mátraderecske","1000 4 2","42","3","50","HU312","109","0","9999","9","9991","02","99","99","9","2","1","9","1"
"14881","Sóshartyán","1200 4 2","42","3","50","HU313","120","0","9999","9","9991","02","99","99","3","1","1","9","1"
"14890","Tomor","0500 4 2","42","3","50","HU311","055","0","9999","9","9991","02","99","99","1","3","1","9","1"
"14906","Sármellék","2000 4 2","42","2","30","HU223","193","0","9999","2","3400","07","99","99","9","9","9","1","2"
"14915","Mályinka","0500 4 2","42","3","50","HU311","058","0","9999","9","9991","02","99","99","2","1","9","9","1"
"14924","Újszentiván","0600 4 2","42","3","70","HU333","075","0","3083","9","9992","05","99","99","9","9","9","9","3"
"14933","Bodony","1000 4 2","42","3","50","HU312","109","0","9999","9","9991","02","99","99","9","2","1","9","1"
"14942","Ságvár","1400 4 2","42","2","40","HU232","146","0","9999","9","9993","07","99","99","9","9","9","1","4"
"14951","Sukoró","0700 4 2","42","2","20","HU211","080","0","3103","5","2100","06","99","99","9","9","9","9","2"
"14960","Zebegény","1300 4 2","42","1","12","HU120","137","0","9999","9","9991","01","99","99","9","1","9","9","9"
"14979","Nagyrécse","2000 4 2","42","2","30","HU223","196","0","3153","9","9993","09","99","99","9","4","9","9","2"
"14988","Pecöl","1800 4 2","42","2","30","HU222","179","0","2033","9","9993","09","99","99","9","9","9","9","2"
"14997","Hegyháthodász","1800 4 2","42","2","30","HU222","177","0","9999","9","9993","09","99","99","1","4","9","9","2"
"15006","Németkér","1700 4 2","42","2","40","HU233","172","0","9999","1","3500","08","99","99","9","9","9","3","4"
"15015","Tápióbicske","1300 4 2","42","1","12","HU120","131","0","9999","9","9992","01","99","99","9","1","9","9","9"
"15024","Páty","1300 4 2","42","1","12","HU120","123","0","0053","5","2100","01","99","99","9","9","9","4","9"
"15033","Enese","0800 4 2","42","2","30","HU221","087","0","1013","9","9993","09","99","99","9","9","9","9","2"
"15042","Babót","0800 4 2","42","2","30","HU221","088","0","9999","9","9993","09","99","99","9","4","9","9","2"
"15051","Matty","0200 4 2","42","2","40","HU231","031","0","9999","9","9993","08","99","99","3","1","9","9","4"
"15060","Nagymizdó","1800 4 2","42","2","30","HU222","177","0","9999","9","9993","09","99","99","9","4","9","9","2"
"15079","Szabadszentkirály","0200 4 2","42","2","40","HU231","032","0","1033","9","9993","08","99","99","9","1","9","9","4"
"15088","Hetyefő","1900 4 2","42","2","20","HU213","188","0","9999","9","9993","06","99","99","1","1","9","9","2"
"15097","Baktüttös","2000 4 2","42","2","30","HU223","197","0","2043","9","9993","09","99","99","2","9","9","9","2"
"15103","Szenna","1400 4 2","42","2","40","HU232","143","0","3033","9","9993","08","99","99","9","1","1","9","4"
"15112","Kerkafalva","2000 4 2","42","2","30","HU223","194","0","9999","9","9993","09","99","99","9","1","9","9","2"
"15121","Osli","0800 4 2","42","2","30","HU221","088","0","9999","9","9993","09","99","99","9","4","9","9","2"
"15130","Debrecen","0900 2 1","20","3","60","HU321","095","1","3021","9","9992","03","99","99","9","9","9","9","1"
"15149","Vámosújfalu","0500 4 2","42","3","50","HU311","064","0","9999","6","3300","02","99","08","9","1","1","2","1"
"15158","Zsana","0300 4 2","42","3","70","HU331","041","0","9999","3","1600","05","99","99","9","1","9","9","3"
"15167","Bakonszeg","0900 4 2","42","3","60","HU321","094","0","9999","9","9992","03","99","99","9","3","1","9","1"
"15176","Alcsútdoboz","0700 4 2","42","2","20","HU211","077","0","9999","5","2100","06","99","99","9","9","9","9","2"
"15185","Szigetszentmárton","1300 4 2","42","1","12","HU120","134","0","9999","3","1600","01","99","99","9","4","9","9","9"
"15194","Szólád","1400 4 2","42","2","40","HU232","146","0","9999","2","2600","07","99","99","9","9","9","1","4"
"15200","Békéscsaba","0400 2 1","20","3","70","HU332","046","1","3011","9","9992","05","99","99","9","9","9","9","3"
"15219","Marócsa","0200 4 2","42","2","40","HU231","030","0","9999","9","9993","08","99","99","3","3","1","9","4"
"15228","Győrzámoly","0800 4 2","42","2","30","HU221","087","0","1013","9","9993","09","99","99","9","9","9","9","2"
"15237","Egyházasfalu","0800 4 2","42","2","30","HU221","091","0","9999","9","9993","09","99","99","9","9","9","9","2"
"15246","Pusztamonostor","1600 4 2","42","3","60","HU322","162","0","9999","9","9992","03","99","99","9","1","9","9","1"
"15255","Lábatlan","1100 3 2","30","2","20","HU212","110","0","9999","5","1700","06","99","99","9","9","9","9","2"
"15264","Kéked","0500 4 2","42","3","50","HU311","057","0","9999","9","9991","02","99","99","3","3","1","9","1"
"15273","Rábaszentandrás","0800 4 2","42","2","30","HU221","086","0","9999","9","9993","09","99","99","9","4","9","9","2"
"15282","Vértessomló","1100 4 2","42","2","20","HU212","115","0","3123","9","9993","06","99","99","9","9","9","9","2"
"15291","Újszász","1600 3 2","30","3","60","HU322","167","0","3113","9","9992","03","99","99","9","9","9","9","1"
"15307","Kápolna","1000 4 2","42","3","50","HU312","105","0","9999","9","9991","02","99","99","9","2","1","9","1"
"15316","Szakadát","1700 4 2","42","2","40","HU233","174","0","9999","9","9993","08","99","99","9","3","1","3","4"
"15325","Szátok","1200 4 2","42","3","50","HU313","119","0","9999","9","9991","02","99","99","3","1","9","9","1"
"15334","Vasegerszeg","1800 4 2","42","2","30","HU222","179","0","9999","9","9993","09","99","99","9","9","9","9","2"
"15343","Fertőszentmiklós","0800 3 2","30","2","30","HU221","091","0","9999","5","2500","09","07","99","9","9","9","9","2"
"15352","Nyergesújfalu","1100 3 2","30","2","20","HU212","110","0","9999","5","1700","06","99","99","9","9","9","9","2"
"15361","Hajmáskér","1900 4 2","42","2","20","HU213","191","0","3133","9","9993","06","99","99","9","9","9","9","2"
"15370","Etes","1200 4 2","42","3","50","HU313","120","0","3063","9","9991","02","99","99","3","1","1","9","1"
"15389","Pécsdevecser","0200 4 2","42","2","40","HU231","031","0","9999","9","9993","08","99","99","1","1","9","9","4"
"15398","Pirtó","0300 4 2","42","3","70","HU331","041","0","9999","3","1600","05","99","99","9","1","9","9","3"
"15404","Szulimán","0200 4 2","42","2","40","HU231","033","0","9999","9","9993","08","99","99","1","2","1","9","4"
"15413","Pusztaradvány","0500 4 2","42","3","50","HU311","056","0","9999","9","9991","02","99","99","1","3","1","9","1"
"15422","Rábatamási","0800 4 2","42","2","30","HU221","086","0","9999","9","9993","09","99","99","9","4","9","9","2"
"15431","Petőfiszállás","0300 4 2","42","3","70","HU331","040","0","9999","3","1600","05","99","99","9","1","9","9","3"
"15440","Szentendre","1300 3 2","30","1","12","HU120","135","1","0062","9","9993","01","99","99","9","9","9","4","9"
"15459","Regöly","1700 4 2","42","2","40","HU233","174","0","9999","1","3500","08","99","99","9","3","1","3","4"
"15468","Nagyhuta","0500 4 2","42","3","50","HU311","065","0","9999","9","9991","02","99","99","9","1","1","9","1"
"15477","Kismarja","0900 4 2","42","3","60","HU321","096","0","9999","9","9992","03","99","99","1","3","1","9","1"
"15486","Kiszsidány","1800 4 2","42","2","30","HU222","178","0","9999","9","9993","09","99","99","9","9","9","9","2"
"15495","Basal","0200 4 2","42","2","40","HU231","033","0","9999","9","9993","08","99","99","3","2","1","9","4"
"15501","Bősárkány","0800 4 2","41","2","30","HU221","086","0","9999","9","9993","09","99","99","9","4","9","9","2"
"15510","Kőröshegy","1400 4 2","42","2","40","HU232","146","0","2013","2","2600","07","99","99","9","9","9","1","4"
"15529","Pér","0800 4 2","42","2","30","HU221","087","0","1013","9","9993","09","99","99","9","9","9","9","2"
"15538","Kővágószőlős","0200 4 2","42","2","40","HU231","028","0","1033","1","2700","08","99","99","9","9","9","9","4"
"15547","Pénzesgyőr","1900 4 2","42","2","20","HU213","192","0","3133","9","9993","06","99","99","9","9","9","9","2"
"15556","Sand","2000 4 2","42","2","30","HU223","196","0","9999","9","9993","09","99","99","9","4","9","9","2"
"15565","Balatonudvari","1900 4 2","42","2","20","HU213","185","0","2013","2","1900","07","99","99","9","9","9","1","2"
"15574","Nagykörű","1600 4 2","42","3","60","HU322","167","0","9999","9","9992","04","99","99","9","9","9","9","1"
"15583","Pusztazámor","1300 4 2","42","1","12","HU120","127","0","0043","9","9993","01","99","99","9","9","9","4","9"
"15592","Patosfa","1400 4 2","42","2","40","HU232","140","0","9999","9","9993","08","99","99","3","3","1","9","4"
"15608","Gesztely","0500 4 2","42","3","50","HU311","061","0","1023","9","9991","02","99","99","2","9","9","9","1"
"15617","Zalkod","0500 4 2","42","3","50","HU311","064","0","9999","9","9991","02","99","99","3","1","1","9","1"
"15626","Somogysámson","1400 4 2","42","2","40","HU232","144","0","9999","2","2600","07","99","99","3","1","9","1","4"
"15635","Tarrós","0200 4 2","42","2","40","HU231","025","0","9999","9","9993","08","99","99","1","3","1","9","4"
"15644","Tiszacsege","0900 3 2","30","3","60","HU321","093","0","9999","9","9992","04","05","99","3","1","1","9","1"
"15653","Győrszemere","0800 4 2","42","2","30","HU221","092","0","1013","5","2300","09","99","99","9","1","9","9","2"
"15662","Abaújalpár","0500 4 2","42","3","50","HU311","057","0","9999","9","9991","02","99","99","3","3","1","9","1"
"15671","Pósfa","1800 4 2","42","2","30","HU222","179","0","2033","9","9993","09","99","99","9","9","9","9","2"
"15680","Jósvafő","0500 4 2","42","3","50","HU311","063","0","9999","9","9991","02","03","99","9","3","1","9","1"
"15699","Csikéria","0300 4 2","42","3","70","HU331","034","0","9999","3","1600","05","99","99","3","3","1","9","3"
"15705","Vilonya","1900 4 2","42","2","20","HU213","190","0","3133","9","9993","06","99","99","9","9","9","9","2"
"15714","Szárföld","0800 4 2","42","2","30","HU221","088","0","9999","9","9993","09","99","99","9","4","9","9","2"
"15723","Mesteri","1800 4 2","42","2","30","HU222","176","0","9999","2","2400","09","99","99","9","1","9","9","2"
"15732","Kaposújlak","1400 4 2","42","2","40","HU232","143","0","3033","9","9993","08","99","99","9","1","1","9","4"
"15741","Egyek","0900 4 2","41","3","60","HU321","093","0","9999","9","9992","04","05","99","1","1","1","9","1"
"15750","Gánt","0700 4 2","42","2","20","HU211","077","0","3103","9","9993","06","99","99","9","9","9","9","2"
"15769","Esztergályhorváti","2000 4 2","42","2","30","HU223","193","0","9999","9","9993","07","99","99","3","9","9","1","2"
"15778","Barnag","1900 4 2","42","2","20","HU213","191","0","9999","9","9993","07","99","99","2","9","9","1","2"
"15787","Tiszaörs","1600 4 2","42","3","60","HU322","168","0","9999","9","9992","04","99","99","1","1","1","9","1"
"15796","Ludas","1000 4 2","42","3","50","HU312","106","0","9999","9","9991","02","99","99","9","9","9","9","1"
"15802","Nyírbéltek","1500 4 2","41","3","60","HU323","156","0","9999","9","9992","03","99","99","3","3","1","9","1"
"15811","Jászboldogháza","1600 4 2","42","3","60","HU322","162","0","9999","9","9992","03","99","99","9","1","9","9","1"
"15820","Felsőnána","1700 4 2","42","2","40","HU233","170","0","9999","9","9993","08","99","99","9","9","9","3","4"
"15839","Hernádbűd","0500 4 2","42","3","50","HU311","057","0","9999","9","9991","02","99","99","1","3","1","9","1"
"15848","Zengővárkony","0200 4 2","42","2","40","HU231","029","0","9999","9","9993","08","99","99","9","1","9","9","4"
"15857","Lak","0500 4 2","42","3","50","HU311","055","0","9999","9","9991","02","99","99","1","3","1","9","1"
"15866","Szentlőrinc","0200 3 2","30","2","40","HU231","032","1","1033","9","9993","08","99","99","9","1","9","9","4"
"15875","Dunaszentpál","0800 4 2","42","2","30","HU221","087","0","1013","9","9993","09","99","99","9","9","9","9","2"
"15884","Drávatamási","1400 4 2","42","2","40","HU232","140","0","9999","9","9993","08","99","99","9","3","1","9","4"
"15893","Pácin","0500 4 2","42","3","50","HU311","054","0","9999","9","9991","02","99","99","3","3","1","9","1"
"15909","Nágocs","1400 4 2","42","2","40","HU232","147","0","9999","9","9993","08","99","99","2","2","1","9","4"
"15918","Gyúró","0700 4 2","42","2","20","HU211","081","0","9999","5","2100","06","99","99","9","9","9","9","2"
"15927","Jákó","1400 4 2","42","2","40","HU232","143","0","9999","9","9993","08","99","99","3","1","1","9","4"
"15936","Gönc","0500 3 2","30","3","50","HU311","057","1","9999","9","9991","02","99","99","1","3","1","9","1"
"15945","Sajómercse","0500 4 2","42","3","50","HU311","063","0","9999","9","9991","02","99","99","3","3","1","9","1"
"15954","Cirák","0800 4 2","42","2","30","HU221","088","0","9999","9","9993","09","99","99","9","4","9","9","2"
"15963","Balsa","1500 4 2","42","3","60","HU323","151","0","9999","9","9992","03","99","99","2","3","1","9","1"
"15972","Jenő","0700 4 2","42","2","20","HU211","085","0","3103","9","9993","06","99","99","9","9","9","9","2"
"15981","Somogydöröcske","1400 4 2","42","2","40","HU232","147","0","9999","9","9993","08","99","99","1","2","1","9","4"
"15990","Daraboshegy","1800 4 2","42","2","30","HU222","177","0","9999","9","9993","09","99","99","9","4","9","9","2"
"16009","Dötk","2000 4 2","42","2","30","HU223","198","0","9999","9","9993","09","99","99","9","1","9","9","2"
"16018","Mélykút","0300 3 2","30","3","70","HU331","036","0","9999","3","1600","05","99","99","3","3","1","9","3"
"16027","Monyoród","0200 4 2","42","2","40","HU231","024","0","9999","1","2700","08","99","99","3","1","9","9","4"
"16036","Kisnamény","1500 4 2","42","3","60","HU323","150","0","9999","9","9992","03","99","99","3","3","1","9","1"
"16045","Kunágota","0400 4 2","42","3","70","HU332","049","0","9999","9","9992","05","99","99","3","3","1","9","3"
"16054","Sajószentpéter","0500 3 2","30","3","50","HU311","058","0","1023","9","9991","02","99","99","2","1","9","9","1"
"16063","Szajla","1000 4 2","42","3","50","HU312","109","0","9999","9","9991","02","99","99","1","2","1","9","1"
"16072","Csajág","1900 4 2","42","2","20","HU213","184","0","9999","9","9993","07","99","99","9","9","9","1","2"
"16081","Kispáli","2000 4 2","42","2","30","HU223","197","0","2043","9","9993","09","99","99","9","9","9","9","2"
"16090","Atkár","1000 4 2","42","3","50","HU312","106","0","9999","4","3200","02","99","99","9","9","9","9","1"
"16106","Mesztegnyő","1400 4 2","42","2","40","HU232","144","0","9999","9","9993","08","99","99","9","1","9","9","4"
"16115","Pellérd","0200 4 2","42","2","40","HU231","028","0","1033","9","9993","08","99","99","9","9","9","9","4"
"16124","Borsodgeszt","0500 4 2","42","3","50","HU311","060","0","9999","4","3000","02","99","99","3","1","9","9","1"
"16133","Rakacaszend","0500 4 2","42","3","50","HU311","055","0","9999","9","9991","02","99","99","1","3","1","9","1"
"16142","Külsővat","1900 4 2","42","2","20","HU213","187","0","9999","9","9993","06","99","99","9","1","9","9","2"
"16151","Dozmat","1800 4 2","42","2","30","HU222","181","0","2033","9","9993","09","99","99","9","9","9","9","2"
"16160","Tarnaszentmiklós","1000 4 2","42","3","50","HU312","108","0","9999","9","9991","04","99","99","3","3","1","9","1"
"16179","Szögliget","0500 4 2","42","3","50","HU311","055","0","9999","9","9991","02","03","03","9","3","1","9","1"
"16188","Aszód","1300 3 2","30","1","12","HU120","122","1","9999","9","9991","01","99","99","9","4","9","9","9"
"16197","Ambrózfalva","0600 4 2","42","3","70","HU333","073","0","9999","9","9992","05","99","99","1","1","9","9","3"
"16203","Záhony","1500 3 2","30","3","60","HU323","160","1","9999","9","9992","03","99","99","9","3","1","9","1"
"16212","Tanakajd","1800 4 2","42","2","30","HU222","181","0","2033","9","9993","09","99","99","9","9","9","9","2"
"16221","Lipót","0800 4 2","42","2","30","HU221","089","0","9999","9","9993","09","99","99","9","9","9","9","2"
"16230","Tiszaderzs","1600 4 2","42","3","60","HU322","168","0","9999","9","9992","04","99","99","1","1","1","9","1"
"16249","Kiscsehi","2000 4 2","42","2","30","HU223","195","0","9999","9","9993","09","99","99","9","1","9","9","2"
"16258","Lad","1400 4 2","42","2","40","HU232","140","0","9999","9","9993","08","99","99","3","3","1","9","4"
"16267","Szentkirályszabadja","1900 4 2","42","2","20","HU213","191","0","3133","9","9993","07","99","99","9","9","9","1","2"
"16276","Ordas","0300 4 2","42","3","70","HU331","037","0","9999","9","9992","05","99","99","3","1","9","3","3"
"16285","Mindszentgodisa","0200 4 2","42","2","40","HU231","025","0","9999","9","9993","08","99","99","3","3","1","9","4"
"16294","Uszód","0300 4 2","42","3","70","HU331","037","0","9999","9","9992","05","99","99","3","1","9","3","3"
"16300","Szamoskér","1500 4 2","42","3","60","HU323","154","0","9999","9","9992","03","99","99","1","3","1","9","1"
"16319","Völcsej","0800 4 2","42","2","30","HU221","091","0","9999","9","9993","09","99","99","9","9","9","9","2"
"16328","Felsőtárkány","1000 4 2","42","3","50","HU312","104","0","2023","4","3100","02","99","99","9","9","9","9","1"
"16337","Budapest 14. ker.","0114 9 9","90","1","11","HU110","014","1","0001","9","9991","01","01","01","9","9","9","4","9"
"16346","Besnyő","0700 4 2","42","2","20","HU211","078","0","9999","9","9993","06","99","99","9","9","9","9","2"
"16355","Szentlászló","0200 4 2","42","2","40","HU231","033","0","9999","9","9993","08","99","99","2","2","1","9","4"
"16364","Kisvásárhely","2000 4 2","42","2","30","HU223","198","0","9999","9","9993","09","99","99","3","1","9","9","2"
"16373","Csávoly","0300 4 2","42","3","70","HU331","035","0","9999","3","1500","05","99","99","9","1","9","9","3"
"16382","Tótszentmárton","2000 4 2","42","2","30","HU223","195","0","9999","9","9993","09","99","99","9","1","9","9","2"
"16391","Nagybárkány","1200 4 2","42","3","50","HU313","120","0","9999","9","9991","02","99","99","3","1","1","9","1"
"16407","Tótújfalu","1400 4 2","42","2","40","HU232","140","0","9999","9","9993","08","99","99","3","3","1","9","4"
"16416","Császár","1100 4 2","42","2","20","HU212","111","0","9999","5","1700","06","99","99","9","1","9","9","2"
"16425","Alsópetény","1200 4 2","42","3","50","HU313","119","0","9999","9","9991","02","99","99","9","1","9","9","1"
"16434","Tótkomlós","0400 3 2","30","3","70","HU332","050","0","9999","9","9992","05","99","99","9","1","9","9","3"
"16443","Markóc","0200 4 2","42","2","40","HU231","030","0","9999","9","9993","08","99","99","9","3","1","9","4"
"16452","Nagyvejke","1700 4 2","42","2","40","HU233","170","0","9999","9","9993","08","99","99","9","9","9","9","4"
"16461","Berkesd","0200 4 2","42","2","40","HU231","028","0","1033","9","9993","08","99","99","9","9","9","9","4"
"16470","Balatonújlak","1400 4 2","42","2","40","HU232","144","0","9999","2","2600","07","99","99","9","1","9","1","4"
"16489","Szápár","1900 4 2","42","2","20","HU213","192","0","9999","9","9993","06","99","99","9","9","9","9","2"
"16498","Egyházasharaszti","0200 4 2","42","2","40","HU231","031","0","9999","9","9993","08","99","99","1","1","9","9","4"
"16504","Szaknyér","1800 4 2","42","2","30","HU222","177","0","9999","9","9993","09","99","99","9","4","9","9","2"
"16513","Nagyrada","2000 4 2","42","2","30","HU223","196","0","9999","2","3400","07","99","99","2","4","9","1","2"
"16522","Nyírvasvári","1500 4 2","42","3","60","HU323","156","0","9999","9","9992","03","99","99","3","3","1","9","1"
"16531","Fűzvölgy","2000 4 2","42","2","30","HU223","196","0","3153","9","9993","09","99","99","2","4","9","9","2"
"16540","Markaz","1000 4 2","42","3","50","HU312","106","0","9999","4","3200","02","99","99","9","9","9","9","1"
"16559","Komlóska","0500 4 2","42","3","50","HU311","064","0","9999","9","9991","02","99","99","9","1","1","9","1"
"16568","Görbeháza","0900 4 2","42","3","60","HU321","099","0","9999","9","9992","03","05","99","9","1","9","9","1"
"16577","Imola","0500 4 2","42","3","50","HU311","063","0","9999","9","9991","02","03","03","3","3","1","9","1"
"16586","Budapest 06. ker.","0106 9 9","90","1","11","HU110","006","1","0001","9","9991","01","01","01","9","9","9","4","9"
"16595","Oroszi","1900 4 2","42","2","20","HU213","186","0","9999","9","9993","06","99","99","1","3","1","9","2"
"16601","Balatonszabadi","1400 4 2","42","2","40","HU232","146","0","2013","2","2600","07","99","99","9","9","9","1","4"
"16610","Egercsehi","1000 4 2","42","3","50","HU312","104","0","9999","9","9991","02","99","99","2","9","1","9","1"
"16629","Magy","1500 4 2","42","3","60","HU323","148","0","9999","9","9992","03","99","99","3","3","1","9","1"
"16638","Sajópetri","0500 4 2","42","3","50","HU311","061","0","1023","9","9991","02","99","99","2","9","9","9","1"
"16647","Fegyvernek","1600 3 2","30","3","60","HU322","169","0","9999","9","9992","04","99","99","9","2","1","9","1"
"16656","Vászoly","1900 4 2","42","2","20","HU213","185","0","9999","2","1900","07","99","99","9","9","9","1","2"
"16665","Kölcse","1500 4 2","41","3","60","HU323","150","0","9999","9","9992","03","99","99","1","3","1","9","1"
"16674","Töltéstava","0800 4 2","42","2","30","HU221","087","0","1013","9","9993","09","99","99","9","9","9","9","2"
"16683","Káloz","0700 4 2","42","2","20","HU211","085","0","3103","9","9993","06","99","99","9","9","9","9","2"
"16692","Szőc","1900 4 2","42","2","20","HU213","183","0","9999","9","9993","06","99","99","9","9","9","9","2"
"16708","Écs","0800 4 2","42","2","30","HU221","090","0","1013","5","2300","09","99","99","9","4","9","9","2"
"16717","Gic","1900 4 2","42","2","20","HU213","187","0","1013","9","9993","06","99","99","9","1","9","9","2"
"16726","Hedrehely","1400 4 2","42","2","40","HU232","143","0","9999","9","9993","08","99","99","3","1","1","9","4"
"16735","Tarany","1400 4 2","42","2","40","HU232","145","0","9999","9","9993","08","99","99","3","2","1","9","4"
"16744","Bajna","1100 4 2","42","2","20","HU212","110","0","9999","9","9993","06","99","99","9","9","9","9","2"
"16753","Szalonna","0500 4 2","42","3","50","HU311","055","0","9999","9","9991","02","03","03","3","3","1","9","1"
"16762","Váncsod","0900 4 2","42","3","60","HU321","094","0","9999","9","9992","03","99","99","1","3","1","9","1"
"16771","Székelyszabar","0200 4 2","42","2","40","HU231","027","0","9999","9","9993","08","99","99","9","1","9","9","4"
"16780","Hejőpapi","0500 4 2","42","3","50","HU311","059","0","9999","9","9991","04","99","99","3","3","1","9","1"
"16799","Borsodszirák","0500 4 2","42","3","50","HU311","055","0","9999","9","9991","02","99","99","2","3","1","9","1"
"16805","Kékesd","0200 4 2","42","2","40","HU231","029","0","9999","9","9993","08","99","99","3","1","9","9","4"
"16814","Szedres","1700 4 2","42","2","40","HU233","173","0","9999","9","9993","08","99","99","9","9","9","3","4"
"16823","Ordacsehi","1400 4 2","42","2","40","HU232","142","0","9999","2","2600","07","99","99","9","1","9","1","4"
"16832","Kőszeg","1800 3 2","30","2","30","HU222","178","1","9999","5","2500","09","99","99","9","9","9","9","2"
"16841","Csány","1000 4 2","42","3","50","HU312","107","0","9999","9","9991","02","99","99","3","9","9","9","1"
"16850","Pórszombat","2000 4 2","42","2","30","HU223","194","0","9999","9","9993","09","99","99","9","1","9","9","2"
"16869","Zsebeháza","0800 4 2","42","2","30","HU221","086","0","9999","9","9993","09","99","99","9","4","9","9","2"
"16878","Hugyag","1200 4 2","42","3","50","HU313","116","0","9999","9","9991","02","99","99","3","1","9","9","1"
"16887","Horvátzsidány","1800 4 2","42","2","30","HU222","178","0","9999","9","9993","09","99","99","9","9","9","9","2"
"16896","Zalaigrice","2000 4 2","42","2","30","HU223","197","0","9999","9","9993","09","99","99","1","9","9","9","2"
"16902","Tornabarakony","0500 4 2","42","3","50","HU311","055","0","9999","9","9991","02","99","99","1","3","1","9","1"
"16911","Kemeneskápolna","1800 4 2","42","2","30","HU222","176","0","9999","2","2400","09","99","99","1","1","9","9","2"
"16920","Pusztaapáti","2000 4 2","42","2","30","HU223","194","0","9999","9","9993","09","99","99","1","1","9","9","2"
"16939","Orgovány","0300 4 2","41","3","70","HU331","038","0","9999","3","1600","05","99","99","9","9","9","9","3"
"16948","Mátyásdomb","0700 4 2","42","2","20","HU211","079","0","9999","9","9993","06","99","99","2","2","1","9","2"
"16957","Tornyospálca","1500 4 2","42","3","60","HU323","153","0","9999","9","9992","03","99","99","1","1","1","9","1"
"16966","Tiszasziget","0600 4 2","42","3","70","HU333","075","0","3083","9","9992","05","99","99","9","9","9","9","3"
"16975","Kisherend","0200 4 2","42","2","40","HU231","028","0","1033","9","9993","08","99","99","9","9","9","9","4"
"16984","Szellő","0200 4 2","42","2","40","HU231","029","0","9999","9","9993","08","99","99","1","1","9","9","4"
"16993","Furta","0900 4 2","42","3","60","HU321","094","0","9999","9","9992","03","99","99","3","3","1","9","1"
"17002","Balatongyörök","2000 4 2","42","2","30","HU223","193","0","2013","2","2000","07","99","99","9","9","9","1","2"
"17011","Paloznak","1900 4 2","42","2","20","HU213","185","0","2013","2","1900","07","99","99","9","9","9","1","2"
"17020","Bajánsenye","1800 4 2","42","2","30","HU222","177","0","9999","9","9993","09","99","99","9","4","9","9","2"
"17039","Tagyon","1900 4 2","42","2","20","HU213","185","0","9999","2","1900","07","99","99","2","9","9","1","2"
"17048","Pusztafalu","0500 4 2","42","3","50","HU311","065","0","9999","9","9991","02","99","99","2","1","1","9","1"
"17057","Zalavég","2000 4 2","42","2","30","HU223","198","0","9999","9","9993","09","99","99","9","1","9","9","2"
"17066","Keresztéte","0500 4 2","42","3","50","HU311","056","0","9999","9","9991","02","99","99","9","3","1","9","1"
"17075","Jánd","1500 4 2","42","3","60","HU323","159","0","9999","9","9992","03","99","99","3","3","1","9","1"
"17084","Penészlek","1500 4 2","42","3","60","HU323","156","0","9999","9","9992","03","99","99","3","3","1","9","1"
"17093","Orfalu","1800 4 2","42","2","30","HU222","180","0","9999","9","9993","09","99","99","9","9","9","9","2"
"17109","Füzér","0500 4 2","42","3","50","HU311","065","0","9999","9","9991","02","99","99","9","1","1","9","1"
"17118","Resznek","2000 4 2","42","2","30","HU223","194","0","9999","9","9993","09","99","99","9","1","9","9","2"
"17127","Beleg","1400 4 2","42","2","40","HU232","145","0","9999","9","9993","08","99","99","3","2","1","9","4"
"17136","Hernádszentandrás","0500 4 2","42","3","50","HU311","056","0","9999","9","9991","02","99","99","1","3","1","9","1"
"17145","Kenderes","1600 3 2","30","3","60","HU322","163","0","9999","9","9992","03","99","99","9","2","1","9","1"
"17154","Balatonszepezd","1900 4 2","42","2","20","HU213","185","0","2013","2","1800","07","99","99","9","9","9","1","2"
"17163","Tarnazsadány","1000 4 2","42","3","50","HU312","108","0","9999","9","9991","02","99","99","3","3","1","9","1"
"17172","Dabronc","1900 4 2","42","2","20","HU213","188","0","9999","9","9993","06","99","99","1","1","9","9","2"
"17181","Ecséd","1000 4 2","42","3","50","HU312","107","0","9999","4","3200","02","99","99","9","9","9","9","1"
"17190","Helesfa","0200 4 2","42","2","40","HU231","032","0","9999","1","2700","08","99","99","1","1","9","9","4"
"17206","Nyíregyháza","1500 2 1","20","3","60","HU323","157","1","3051","9","9992","03","99","99","9","9","9","9","1"
"17215","Porcsalma","1500 4 2","41","3","60","HU323","149","0","9999","9","9992","03","99","99","3","3","1","9","1"
"17224","Petneháza","1500 4 2","42","3","60","HU323","148","0","9999","9","9992","03","99","99","3","3","1","9","1"
"17233","Nagymágocs","0600 4 2","41","3","70","HU333","076","0","9999","9","9992","05","99","99","9","1","9","9","3"
"17242","Pogány","0200 4 2","42","2","40","HU231","028","0","1033","9","9993","08","99","99","9","9","9","9","4"
"17251","Várgesztes","1100 4 2","42","2","20","HU212","115","0","3123","9","9993","06","99","99","9","9","9","9","2"
"17260","Ráckeve","1300 3 2","30","1","12","HU120","134","1","9999","3","1600","01","99","99","9","4","9","9","9"
"17279","Juta","1400 4 2","42","2","40","HU232","143","0","3033","9","9993","08","99","99","9","1","9","9","4"
"17288","Magyarszecsőd","1800 4 2","42","2","30","HU222","177","0","9999","9","9993","09","99","99","9","4","9","9","2"
"17297","Rábaszentmiklós","0800 4 2","42","2","30","HU221","092","0","1013","9","9993","09","99","99","9","1","9","9","2"
"17303","Tápiógyörgye","1300 4 2","42","1","12","HU120","131","0","9999","9","9992","01","99","99","9","1","9","9","9"
"17312","Százhalombatta","1300 3 2","30","1","12","HU120","127","0","0042","9","9993","01","99","99","9","9","9","4","9"
"17321","Taliándörögd","1900 4 2","42","2","20","HU213","189","0","9999","9","9993","07","99","99","9","9","9","1","2"
"17330","Kisbér","1100 3 2","30","2","20","HU212","111","1","9999","5","1700","06","99","99","9","1","9","9","2"
"17349","Kiscsécs","0500 4 2","42","3","50","HU311","068","0","9999","9","9991","02","99","99","3","9","9","9","1"
"17358","Buzsák","1400 4 2","42","2","40","HU232","142","0","9999","9","9993","07","99","99","9","1","1","1","4"
"17367","Nárai","1800 4 2","42","2","30","HU222","181","0","2033","9","9993","09","99","99","9","9","9","9","2"
"17376","Aba","0700 3 2","30","2","20","HU211","085","0","3103","5","2100","06","99","99","9","9","9","9","2"
"17385","Alsómocsolád","0200 4 2","42","2","40","HU231","025","0","9999","9","9993","08","99","99","9","3","1","9","4"
"17394","Geszt","0400 4 2","42","3","70","HU332","051","0","9999","9","9992","05","99","99","3","3","1","9","3"
"17400","Zalaapáti","2000 4 2","42","2","30","HU223","193","0","9999","9","9993","07","99","99","9","9","9","1","2"
"17419","Drávafok","0200 4 2","42","2","40","HU231","030","0","9999","9","9993","08","99","99","1","3","1","9","4"
"17428","Rozsály","1500 4 2","42","3","60","HU323","150","0","9999","9","9992","03","99","99","3","3","1","9","1"
"17437","Jásd","1900 4 2","42","2","20","HU213","190","0","9999","9","9993","06","99","99","9","9","9","9","2"
"17446","Kelevíz","1400 4 2","42","2","40","HU232","144","0","9999","9","9993","08","99","99","3","1","9","9","4"
"17455","Kokad","0900 4 2","42","3","60","HU321","096","0","9999","9","9992","03","99","99","3","3","1","9","1"
"17464","Kásád","0200 4 2","42","2","40","HU231","031","0","9999","9","9993","08","99","99","1","1","9","9","4"
"17473","Hajdúszovát","0900 4 2","42","3","60","HU321","100","0","9999","9","9992","03","99","99","3","1","9","9","1"
"17482","Újbarok","0700 4 2","42","2","20","HU211","077","0","9999","9","9993","06","99","99","9","9","9","9","2"
"17491","Zselicszentpál","1400 4 2","42","2","40","HU232","143","0","3033","9","9993","08","99","99","9","1","9","9","4"
"17507","Románd","0800 4 2","42","2","30","HU221","090","0","1013","5","2300","09","99","99","9","4","9","9","2"
"17516","Gáborjánháza","2000 4 2","42","2","30","HU223","194","0","9999","9","9993","09","99","99","1","1","9","9","2"
"17525","Polgárdi","0700 3 2","30","2","20","HU211","085","0","3103","9","9993","06","99","99","9","9","9","9","2"
"17534","Gyöngyöshalász","1000 4 2","42","3","50","HU312","106","0","9999","4","3200","02","99","99","9","9","9","9","1"
"17543","Bocfölde","2000 4 2","42","2","30","HU223","197","0","2043","9","9993","09","99","99","9","9","9","9","2"
"17552","Mezőfalva","0700 4 2","41","2","20","HU211","078","0","3143","9","9993","06","99","99","9","9","9","9","2"
"17561","Nemesvid","1400 4 2","42","2","40","HU232","144","0","9999","9","9993","08","99","99","3","1","9","9","4"
"17570","Lesencefalu","1900 4 2","42","2","20","HU213","189","0","9999","2","2000","07","99","99","2","9","9","1","2"
"17589","Jármi","1500 4 2","42","3","60","HU323","154","0","9999","9","9992","03","99","99","9","3","1","9","1"
"17598","Valkó","1300 4 2","41","1","12","HU120","128","0","9999","9","9991","01","99","99","9","9","9","9","9"
"17604","Liget","0200 4 2","42","2","40","HU231","026","0","9999","9","9993","08","99","99","9","9","1","9","4"
"17613","Gombosszeg","2000 4 2","42","2","30","HU223","197","0","2043","9","9993","09","99","99","9","9","9","9","2"
"17622","Úrhida","0700 4 2","42","2","20","HU211","085","0","3103","9","9993","06","99","99","9","9","9","9","2"
"17631","Siófok","1400 3 2","30","2","40","HU232","146","1","2012","9","9993","07","99","99","9","9","9","1","4"
"17640","Keszőhidegkút","1700 4 2","42","2","40","HU233","174","0","9999","9","9993","08","99","99","1","3","1","3","4"
"17659","Egyházasdengeleg","1200 4 2","42","3","50","HU313","118","0","9999","9","9991","02","99","99","9","1","1","9","1"
"17668","Vácrátót","1300 4 2","42","1","12","HU120","138","0","0013","4","3200","01","99","99","9","9","9","4","9"
"17677","Lajosmizse","0300 3 2","30","3","70","HU331","038","0","9999","3","1600","05","99","99","9","9","9","9","3"
"17686","Ágasegyháza","0300 4 2","42","3","70","HU331","038","0","3043","3","1600","05","99","99","9","9","9","9","3"
"17695","Tiszasüly","1600 4 2","42","3","60","HU322","167","0","9999","9","9992","04","99","99","9","9","9","9","1"
"17710","Kisdorog","1700 4 2","42","2","40","HU233","170","0","9999","1","3500","08","99","99","9","9","9","9","4"
"17729","Szarvaskend","1800 4 2","42","2","30","HU222","177","0","9999","9","9993","09","99","99","9","4","9","9","2"
"17738","Igar","0700 4 2","42","2","20","HU211","084","0","9999","1","3500","06","99","99","3","3","1","9","2"
"17747","Zádor","0200 4 2","42","2","40","HU231","033","0","9999","9","9993","08","99","99","3","2","1","9","4"
"17756","Demecser","1500 3 2","30","3","60","HU323","152","0","9999","9","9992","03","99","99","9","3","1","9","1"
"17765","Zsombó","0600 4 2","41","3","70","HU333","074","0","3083","3","1400","05","99","99","9","1","9","9","3"
"17774","Pusztavám","0700 4 2","42","2","20","HU211","082","0","9999","5","2200","06","99","99","9","9","9","9","2"
"17783","Mogyoród","1300 4 2","41","1","12","HU120","128","0","0023","4","3200","01","99","99","9","9","9","4","9"
"17792","Patapoklosi","0200 4 2","42","2","40","HU231","033","0","9999","9","9993","08","99","99","3","2","1","9","4"
"17808","Újszilvás","1300 4 2","42","1","12","HU120","124","0","9999","3","1600","01","99","99","9","1","9","9","9"
"17817","Tiszabecs","1500 4 2","41","3","60","HU323","150","0","9999","9","9992","03","99","99","3","3","1","9","1"
"17826","Mándok","1500 3 2","30","3","60","HU323","160","0","9999","9","9992","03","99","99","3","3","1","9","1"
"17835","Fazekasboda","0200 4 2","42","2","40","HU231","029","0","9999","9","9993","08","99","99","3","1","9","9","4"
"17844","Tikos","1400 4 2","42","2","40","HU232","144","0","9999","9","9993","07","99","99","3","1","9","1","4"
"17853","Szilvágy","2000 4 2","42","2","30","HU223","194","0","2043","9","9993","09","99","99","9","1","9","9","2"
"17862","Pusztaberki","1200 4 2","42","3","50","HU313","119","0","9999","9","9991","02","99","99","9","1","9","9","1"
"17871","Lesencetomaj","1900 4 2","42","2","20","HU213","189","0","9999","2","2000","07","99","99","9","9","9","1","2"
"17880","Vásárosfalu","0800 4 2","42","2","30","HU221","088","0","9999","9","9993","09","99","99","9","4","9","9","2"
"17899","Kölked","0200 4 2","42","2","40","HU231","027","0","9999","9","9993","08","99","99","3","1","9","9","4"
"17905","Hegyeshalom","0800 4 2","41","2","30","HU221","089","0","9999","9","9993","09","99","99","9","9","9","9","2"
"17914","Felsőnyék","1700 4 2","42","2","40","HU233","174","0","9999","1","3500","08","99","99","1","3","1","3","4"
"17923","Jakabszállás","0300 4 2","42","3","70","HU331","038","0","3043","3","1600","05","99","99","9","9","9","9","3"
"17932","Fony","0500 4 2","42","3","50","HU311","057","0","9999","9","9991","02","99","99","1","3","1","9","1"
"17941","Nagyatád","1400 3 2","30","2","40","HU232","145","1","9999","9","9993","08","99","99","9","2","1","9","4"
"17950","Fürged","1700 4 2","42","2","40","HU233","174","0","9999","1","3500","08","99","99","1","3","1","3","4"
"17969","Gyalóka","0800 4 2","42","2","30","HU221","091","0","9999","9","9993","09","99","99","9","9","9","9","2"
"17978","Jászdózsa","1600 4 2","42","3","60","HU322","161","0","9999","9","9992","03","99","99","9","3","1","9","1"
"17987","Andornaktálya","1000 4 2","42","3","50","HU312","104","0","2023","4","3100","02","99","99","9","9","9","9","1"
"17996","Rábatöttös","1800 4 2","42","2","30","HU222","181","0","2033","9","9993","09","99","99","9","9","9","9","2"
"18005","Szamosangyalos","1500 4 2","42","3","60","HU323","149","0","9999","9","9992","03","99","99","3","3","1","9","1"
"18023","Nemesrádó","2000 4 2","42","2","30","HU223","197","0","9999","9","9993","09","99","99","3","9","9","9","2"
"18032","Hegyhátszentjakab","1800 4 2","42","2","30","HU222","177","0","9999","9","9993","09","99","99","9","4","9","9","2"
"18041","Karmacs","2000 4 2","42","2","30","HU223","193","0","9999","9","9993","07","99","99","2","9","9","1","2"
"18050","Sámod","0200 4 2","42","2","40","HU231","030","0","9999","9","9993","08","99","99","1","3","1","9","4"
"18069","Budapest 03. ker.","0103 9 9","90","1","11","HU110","003","1","0001","9","9993","01","99","99","9","9","9","4","9"
"18078","Somogyfajsz","1400 4 2","42","2","40","HU232","143","0","9999","9","9993","08","99","99","3","1","9","9","4"
"18096","Zalaszentjakab","2000 4 2","42","2","30","HU223","196","0","9999","9","9993","09","99","99","3","4","9","9","2"
"18102","Battonya","0400 3 2","30","3","70","HU332","049","0","9999","9","9992","05","99","99","3","3","1","9","3"
"18111","Nagycsány","0200 4 2","42","2","40","HU231","030","0","9999","9","9993","08","99","99","1","3","1","9","4"
"18120","Bolhó","1400 4 2","42","2","40","HU232","140","0","9999","9","9993","08","99","99","3","3","1","9","4"
"18139","Ácsteszér","1100 4 2","42","2","20","HU212","111","0","9999","9","9993","06","99","99","9","1","9","9","2"
"18148","Kötcse","1400 4 2","42","2","40","HU232","146","0","9999","2","2600","07","99","99","2","9","9","1","4"
"18157","Tatabánya","1100 2 1","20","2","20","HU212","115","1","3121","9","9993","06","99","99","9","9","9","9","2"
"18166","Kéleshalom","0300 4 2","42","3","70","HU331","036","0","9999","3","1600","05","99","99","1","3","1","9","3"
"18175","Gáborján","0900 4 2","42","3","60","HU321","094","0","9999","9","9992","03","99","99","3","3","1","9","1"
"18184","Baktakék","0500 4 2","42","3","50","HU311","056","0","9999","9","9991","02","99","99","1","3","1","9","1"
"18193","Gógánfa","1900 4 2","42","2","20","HU213","188","0","9999","9","9993","06","99","99","1","1","9","9","2"
"18209","Jászberény","1600 3 2","30","3","60","HU322","162","1","9999","3","1600","03","99","99","9","1","9","9","1"
"18218","Soltszentimre","0300 4 2","42","3","70","HU331","039","0","9999","3","1600","05","99","99","9","1","9","9","3"
"18227","Kaposmérő","1400 4 2","42","2","40","HU232","143","0","3033","9","9993","08","99","99","9","1","1","9","4"
"18236","Nemeske","0200 4 2","42","2","40","HU231","033","0","9999","9","9993","08","99","99","3","2","1","9","4"
"18245","Taktaharkány","0500 4 2","41","3","50","HU311","066","0","9999","9","9991","02","99","99","3","2","1","9","1"
"18254","Bodajk","0700 3 2","30","2","20","HU211","082","0","3103","9","9993","06","99","99","9","9","9","9","2"
"18263","Szárazd","1700 4 2","42","2","40","HU233","174","0","9999","9","9993","08","99","99","1","3","1","3","4"
"18272","Csép","1100 4 2","42","2","20","HU212","111","0","9999","5","1700","06","99","99","1","1","9","9","2"
"18281","Kisköre","1000 3 2","30","3","50","HU312","108","0","9999","9","9991","04","99","99","2","3","1","9","1"
"18290","Nyírkarász","1500 4 2","42","3","60","HU323","153","0","9999","9","9992","03","99","99","3","1","1","9","1"
"18306","Tokaj","0500 3 2","30","3","50","HU311","069","1","9999","6","3300","02","08","08","9","2","1","2","1"
"18315","Gyód","0200 4 2","42","2","40","HU231","028","0","1033","9","9993","08","99","99","9","9","9","9","4"
"18324","Vásárosnamény","1500 3 2","30","3","60","HU323","159","1","9999","9","9992","03","99","99","2","3","1","9","1"
"18333","Gilvánfa","0200 4 2","42","2","40","HU231","030","0","9999","9","9993","08","99","99","3","3","1","9","4"
"18342","Veresegyház","1300 3 2","30","1","12","HU120","128","0","0023","4","3200","01","99","99","9","9","9","4","9"
"18351","Uppony","0500 4 2","42","3","50","HU311","062","0","9999","9","9991","02","99","99","3","3","1","9","1"
"18360","Becsvölgye","2000 4 2","42","2","30","HU223","197","0","2043","9","9993","09","99","99","9","9","9","9","2"
"18379","Mezőnagymihály","0500 4 2","42","3","50","HU311","060","0","9999","9","9991","04","99","99","9","1","9","9","1"
"18388","Nagydorog","1700 4 2","41","2","40","HU233","172","0","9999","1","3500","08","99","99","9","9","9","3","4"
"18397","Dány","1300 4 2","42","1","12","HU120","128","0","9999","3","1600","01","99","99","9","9","9","9","9"
"18403","Hegykő","0800 4 2","42","2","30","HU221","091","0","3073","9","9993","09","07","07","9","9","9","9","2"
"18412","Várbalog","0800 4 2","42","2","30","HU221","089","0","9999","9","9993","09","99","99","9","9","9","9","2"
"18421","Keszthely","2000 3 2","30","2","30","HU223","193","1","2012","9","9993","07","99","99","9","9","9","1","2"
"18430","Velemér","1800 4 2","42","2","30","HU222","177","0","9999","9","9993","09","99","99","9","4","9","9","2"
"18449","Zalaszentmihály","2000 4 2","42","2","30","HU223","197","0","2043","9","9993","09","99","99","9","9","9","9","2"
"18458","Harta","0300 4 2","41","3","70","HU331","037","0","9999","3","1600","05","99","99","9","1","9","3","3"
"18467","Berekböszörmény","0900 4 2","42","3","60","HU321","094","0","9999","9","9992","03","99","99","3","3","1","9","1"
"18476","Csévharaszt","1300 4 2","42","1","12","HU120","130","0","9999","9","9992","01","99","99","9","9","9","9","9"
"18485","Mór","0700 3 2","30","2","20","HU211","082","1","9999","5","2200","06","99","99","9","9","9","9","2"
"18494","Garáb","1200 4 2","42","3","50","HU313","118","0","9999","9","9991","02","99","99","2","1","1","9","1"
"18500","Marcali","1400 3 2","30","2","40","HU232","144","1","9999","2","2600","07","99","99","9","1","9","1","4"
"18519","Vejti","0200 4 2","42","2","40","HU231","030","0","9999","9","9993","08","99","99","3","3","1","9","4"
"18528","Eperjeske","1500 4 2","42","3","60","HU323","160","0","9999","9","9992","03","99","99","3","3","1","9","1"
"18537","Sajópálfala","0500 4 2","42","3","50","HU311","061","0","1023","9","9991","02","99","99","9","9","9","9","1"
"18546","Somogyszob","1400 4 2","42","2","40","HU232","145","0","9999","9","9993","08","99","99","9","2","1","9","4"
"18555","Olasz","0200 4 2","42","2","40","HU231","024","0","1033","1","2700","08","99","99","9","1","9","9","4"
"18564","Zalaszentbalázs","2000 4 2","42","2","30","HU223","196","0","3153","9","9993","09","99","99","2","4","9","9","2"
"18573","Acsa","1300 4 2","42","1","12","HU120","138","0","9999","9","9991","01","99","99","9","9","9","9","9"
"18582","Túrony","0200 4 2","42","2","40","HU231","031","0","1033","1","2900","08","99","99","9","1","9","9","4"
"18591","Vaja","1500 3 2","30","3","60","HU323","154","0","9999","9","9992","03","99","99","2","3","1","9","1"
"18607","Szegerdő","1400 4 2","42","2","40","HU232","144","0","9999","9","9993","07","99","99","3","1","9","1","4"
"18616","Dunakeszi","1300 3 2","30","1","12","HU120","126","1","0012","9","9991","01","99","99","9","9","9","4","9"
"18625","Karancsalja","1200 4 2","42","3","50","HU313","120","0","3063","9","9991","02","99","99","9","1","1","9","1"
"18634","Hács","1400 4 2","42","2","40","HU232","142","0","9999","9","9993","07","99","99","3","1","1","1","4"
"18643","Göncruszka","0500 4 2","42","3","50","HU311","057","0","9999","9","9991","02","99","99","3","3","1","9","1"
"18652","Szentgyörgyvölgy","2000 4 2","42","2","30","HU223","194","0","9999","9","9993","09","99","99","9","1","9","9","2"
"18661","Ózdfalu","0200 4 2","42","2","40","HU231","030","0","9999","9","9993","08","99","99","3","3","1","9","4"
"18670","Páhi","0300 4 2","42","3","70","HU331","039","0","9999","3","1600","05","99","99","9","1","9","9","3"
"18689","Penc","1300 4 2","42","1","12","HU120","138","0","9999","9","9991","01","99","99","9","9","9","9","9"
"18698","Bázakerettye","2000 4 2","42","2","30","HU223","195","0","9999","9","9993","09","99","99","9","1","9","9","2"
"18704","Erdősmecske","0200 4 2","42","2","40","HU231","029","0","9999","9","9993","08","99","99","1","1","9","9","4"
"18722","Kupa","0500 4 2","42","3","50","HU311","067","0","9999","9","9991","02","99","99","3","3","1","9","1"
"18731","Pilisszentkereszt","1300 4 2","42","1","12","HU120","135","0","0063","9","9993","01","99","99","9","9","9","4","9"
"18740","Szabadhídvég","0700 4 2","42","2","20","HU211","079","0","9999","1","3500","06","99","99","9","2","1","9","2"
"18759","Hajós","0300 3 2","30","3","70","HU331","037","0","9999","3","1500","05","99","99","9","1","9","3","3"
"18768","Zalaköveskút","2000 4 2","42","2","30","HU223","193","0","9999","9","9993","09","99","99","3","9","9","9","2"
"18777","Bernecebaráti","1300 4 2","42","1","12","HU120","137","0","9999","9","9991","01","99","99","9","1","9","9","9"
"18786","Szügy","1200 4 2","42","3","50","HU313","116","0","9999","9","9991","02","99","99","9","1","9","9","1"
"18795","Darnó","1500 4 2","42","3","60","HU323","150","0","9999","9","9992","03","99","99","3","3","1","9","1"
"18801","Tornanádaska","0500 4 2","42","3","50","HU311","055","0","9999","9","9991","02","03","03","1","3","1","9","1"
"18810","Noszvaj","1000 4 2","42","3","50","HU312","104","0","2023","4","3100","02","99","99","9","9","9","9","1"
"18829","Alsórajk","2000 4 2","42","2","30","HU223","196","0","9999","9","9993","09","99","99","9","4","9","9","2"
"18838","Kisdombegyház","0400 4 2","42","3","70","HU332","049","0","9999","9","9992","05","99","99","1","3","1","9","3"
"18847","Mezősas","0900 4 2","42","3","60","HU321","094","0","9999","9","9992","03","99","99","1","3","1","9","1"
"18856","Lókút","1900 4 2","42","2","20","HU213","192","0","3133","9","9993","06","99","99","2","9","9","9","2"
"18865","Lúzsok","0200 4 2","42","2","40","HU231","030","0","9999","9","9993","08","99","99","3","3","1","9","4"
"18874","Mátészalka","1500 3 2","30","3","60","HU323","154","1","9999","9","9992","03","99","99","9","3","1","9","1"
"18883","Salköveskút","1800 4 2","42","2","30","HU222","181","0","2033","9","9993","09","99","99","9","9","9","9","2"
"18892","Szomolya","0500 4 2","42","3","50","HU311","060","0","9999","4","3100","02","99","99","9","1","9","9","1"
"18908","Kisasszonyfa","0200 4 2","42","2","40","HU231","030","0","9999","9","9993","08","99","99","1","3","1","9","4"
"18917","Murga","1700 4 2","42","2","40","HU233","170","0","9999","9","9993","08","99","99","3","9","9","9","4"
"18926","Csolnok","1100 4 2","42","2","20","HU212","110","0","9999","9","9993","06","99","99","9","9","9","9","2"
"18935","Tarján","1100 4 2","42","2","20","HU212","115","0","3123","9","9993","06","99","99","9","9","9","9","2"
"18944","Boldogkőújfalu","0500 4 2","42","3","50","HU311","057","0","9999","9","9991","02","99","99","3","3","1","9","1"
"18953","Ozmánbük","2000 4 2","42","2","30","HU223","197","0","2043","9","9993","09","99","99","9","9","9","9","2"
"18962","Kaposszekcső","1700 4 2","42","2","40","HU233","171","0","9999","9","9993","08","99","99","9","1","9","9","4"
"18971","Fehérgyarmat","1500 3 2","30","3","60","HU323","150","1","9999","9","9992","03","99","99","9","3","1","9","1"
"18980","Fadd","1700 4 2","41","2","40","HU233","175","0","9999","9","9993","08","99","99","9","9","9","3","4"
"18999","Ferencszállás","0600 4 2","42","3","70","HU333","075","0","3083","9","9992","05","99","99","9","9","9","9","3"
"19008","Belvárdgyula","0200 4 2","42","2","40","HU231","024","0","9999","9","9993","08","99","99","9","1","9","9","4"
"19017","Visnye","1400 4 2","42","2","40","HU232","143","0","9999","9","9993","08","99","99","3","1","1","9","4"
"19026","Pusztakovácsi","1400 4 2","42","2","40","HU232","144","0","9999","9","9993","08","99","99","3","1","9","9","4"
"19035","Tét","0800 3 2","30","2","30","HU221","092","1","1013","9","9993","09","99","99","9","1","9","9","2"
"19044","Szurdokpüspöki","1200 4 2","42","3","50","HU313","118","0","9999","9","9991","02","99","99","9","1","1","9","1"
"19053","Kisasszond","1400 4 2","42","2","40","HU232","143","0","9999","9","9993","08","99","99","1","1","1","9","4"
"19062","Árpádhalom","0600 4 2","42","3","70","HU333","076","0","9999","9","9992","05","99","99","1","1","9","9","3"
"19080","Söjtör","2000 4 2","42","2","30","HU223","197","0","2043","2","3400","09","99","99","2","9","9","9","2"
"19099","Szentpéterszeg","0900 4 2","42","3","60","HU321","094","0","9999","9","9992","03","99","99","9","3","1","9","1"
"19105","Zubogy","0500 4 2","42","3","50","HU311","063","0","9999","9","9991","02","99","99","9","3","1","9","1"
"19114","Lovasberény","0700 4 2","42","2","20","HU211","085","0","3103","9","9993","06","99","99","9","9","9","9","2"
"19123","Gyöngyössolymos","1000 4 2","42","3","50","HU312","106","0","9999","4","3200","02","99","99","9","9","9","9","1"
"19132","Kátoly","0200 4 2","42","2","40","HU231","029","0","9999","9","9993","08","99","99","9","1","9","9","4"
"19141","Kamond","1900 4 2","42","2","20","HU213","186","0","9999","9","9993","06","99","99","1","3","1","9","2"
"19150","Homokszentgyörgy","1400 4 2","42","2","40","HU232","140","0","9999","9","9993","08","99","99","3","3","1","9","4"
"19169","Szabolcs","1500 4 2","42","3","60","HU323","157","0","9999","9","9992","03","99","99","9","9","1","9","1"
"19178","Petrikeresztúr","2000 4 2","42","2","30","HU223","197","0","2043","9","9993","09","99","99","9","9","9","9","2"
"19187","Fityeház","2000 4 2","42","2","30","HU223","196","0","3153","9","9993","09","99","99","9","4","9","9","2"
"19196","Nagyvázsony","1900 4 2","42","2","20","HU213","191","0","9999","9","9993","07","99","99","9","9","9","1","2"
"19202","Dúzs","1700 4 2","42","2","40","HU233","174","0","9999","1","3500","08","99","99","3","3","1","3","4"
"19211","Nábrád","1500 4 2","42","3","60","HU323","150","0","9999","9","9992","03","99","99","9","3","1","9","1"
"19220","Ricse","0500 4 2","41","3","50","HU311","054","0","9999","9","9991","02","99","99","3","3","1","9","1"
"19239","Levél","0800 4 2","42","2","30","HU221","089","0","9999","9","9993","09","99","99","9","9","9","9","2"
"19248","Tésa","1300 4 2","42","1","12","HU120","137","0","9999","9","9991","01","99","99","9","1","9","9","9"
"19257","Okány","0400 4 2","42","3","70","HU332","051","0","9999","9","9992","05","99","99","1","3","1","9","3"
"19266","Szil","0800 4 2","42","2","30","HU221","086","0","9999","9","9993","09","99","99","9","4","9","9","2"
"19275","Ziliz","0500 4 2","42","3","50","HU311","055","0","9999","9","9991","02","99","99","3","3","1","9","1"
"19284","Cikó","1700 4 2","42","2","40","HU233","170","0","9999","1","3500","08","99","99","9","9","9","9","4"
"19293","Galvács","0500 4 2","42","3","50","HU311","055","0","9999","9","9991","02","99","99","1","3","1","9","1"
"19309","Győrsövényház","0800 4 2","42","2","30","HU221","087","0","1013","9","9993","09","99","99","9","9","9","9","2"
"19318","Ősagárd","1200 4 2","42","3","50","HU313","119","0","9999","9","9991","01","99","99","9","1","9","9","1"
"19327","Borota","0300 4 2","42","3","70","HU331","036","0","9999","3","1500","05","99","99","1","3","1","9","3"
"19336","Veszprémgalsa","1900 4 2","42","2","20","HU213","188","0","9999","9","9993","06","99","99","1","1","9","9","2"
"19345","Kétvölgy","1800 4 2","42","2","30","HU222","180","0","9999","9","9993","09","99","99","9","9","9","9","2"
"19354","Perkáta","0700 4 2","41","2","20","HU211","078","0","9999","9","9993","06","99","99","9","9","9","9","2"
"19363","Bábolna","1100 3 2","30","2","20","HU212","112","0","9999","9","9993","06","99","99","9","9","9","9","2"
"19372","Mátranovák","1200 4 2","42","3","50","HU313","117","0","9999","9","9991","02","99","99","9","1","1","9","1"
"19381","Tiszaladány","0500 4 2","42","3","50","HU311","069","0","9999","9","9991","02","99","99","3","2","1","9","1"
"19390","Bélmegyer","0400 4 2","42","3","70","HU332","045","0","9999","9","9992","05","99","99","1","1","1","9","3"
"19406","Bükkmogyorósd","0500 4 2","42","3","50","HU311","062","0","9999","9","9991","02","99","99","3","3","1","9","1"
"19415","Pécs","0200 2 1","20","2","40","HU231","028","1","1031","1","2700","08","06","99","9","9","9","9","4"
"19424","Kisar","1500 4 2","42","3","60","HU323","150","0","9999","9","9992","03","99","99","1","3","1","9","1"
"19433","Mezőkövesd","0500 3 2","30","3","50","HU311","060","1","9999","4","3000","02","99","99","9","1","9","9","1"
"19442","Somogyvár","1400 4 2","42","2","40","HU232","142","0","9999","9","9993","07","99","99","2","1","1","1","4"
"19451","Kutasó","1200 4 2","42","3","50","HU313","118","0","9999","9","9991","02","99","99","9","1","1","9","1"
"19460","Balatonendréd","1400 4 2","42","2","40","HU232","146","0","9999","2","2600","07","99","99","9","9","9","1","4"
"19479","Kustánszeg","2000 4 2","42","2","30","HU223","197","0","9999","9","9993","09","99","99","9","9","9","9","2"
"19488","Csehi","1800 4 2","42","2","30","HU222","182","0","9999","9","9993","09","99","99","1","2","1","9","2"
"19497","Nógrádsipek","1200 4 2","42","3","50","HU313","121","0","9999","9","9991","02","99","99","9","3","1","9","1"
"19503","Galgahévíz","1300 4 2","42","1","12","HU120","122","0","9999","9","9991","01","99","99","9","4","9","9","9"
"19512","Alsónemesapáti","2000 4 2","42","2","30","HU223","197","0","2043","9","9993","09","99","99","9","9","9","9","2"
"19521","Szőce","1800 4 2","42","2","30","HU222","177","0","9999","9","9993","09","99","99","9","4","9","9","2"
"19530","Szakmár","0300 4 2","42","3","70","HU331","037","0","9999","9","9992","05","99","99","9","1","9","3","3"
"19549","Szár","0700 4 2","42","2","20","HU211","077","0","9999","9","9993","06","99","99","9","9","9","9","2"
"19558","Gyügye","1500 4 2","42","3","60","HU323","150","0","9999","9","9992","03","99","99","1","3","1","9","1"
"19567","Pély","1000 4 2","42","3","50","HU312","108","0","9999","9","9991","04","99","99","3","3","1","9","1"
"19576","Krasznokvajda","0500 4 2","42","3","50","HU311","056","0","9999","9","9991","02","99","99","3","3","1","9","1"
"19585","Pincehely","1700 4 2","41","2","40","HU233","174","0","9999","1","3500","08","99","99","9","3","1","3","4"
"19594","Pusztaottlaka","0400 4 2","42","3","70","HU332","049","0","9999","9","9992","05","99","99","1","3","1","9","3"
"19600","Makkoshotyka","0500 4 2","42","3","50","HU311","064","0","9999","6","3300","02","99","08","3","1","1","2","1"
"19619","Iharos","1400 4 2","42","2","40","HU232","141","0","9999","9","9993","08","99","99","3","3","1","9","4"
"19628","Mezőberény","0400 3 2","30","3","70","HU332","045","0","9999","9","9992","05","99","99","9","1","1","9","3"
"19637","Páli","0800 4 2","42","2","30","HU221","086","0","9999","9","9993","09","99","99","9","4","9","9","2"
"19646","Ófalu","0200 4 2","42","2","40","HU231","029","0","9999","9","9993","08","99","99","9","1","9","9","4"
"19655","Máriapócs","1500 3 2","30","3","60","HU323","156","0","9999","9","9992","03","99","99","2","3","1","9","1"
"19664","Alsódobsza","0500 4 2","42","3","50","HU311","066","0","1023","9","9991","02","99","99","9","2","1","9","1"
"19673","Újkér","0800 4 2","42","2","30","HU221","091","0","9999","9","9993","09","99","99","9","9","9","9","2"
"19682","Újlengyel","1300 4 2","42","1","12","HU120","125","0","9999","3","1600","01","99","99","9","4","9","9","9"
"19691","Tetétlen","0900 4 2","42","3","60","HU321","102","0","9999","9","9992","03","99","99","1","3","1","9","1"
"19707","Buj","1500 4 2","42","3","60","HU323","151","0","9999","9","9992","03","99","99","2","3","1","9","1"
"19716","Nagykőrös","1300 3 2","30","1","12","HU120","132","1","9999","3","1600","01","99","99","9","1","9","9","9"
"19725","Versend","0200 4 2","42","2","40","HU231","024","0","9999","1","2700","08","99","99","3","1","9","9","4"
"19734","Kemeneshőgyész","1900 4 2","42","2","20","HU213","187","0","9999","9","9993","06","99","99","9","1","9","9","2"
"19743","Olaszfa","1800 4 2","42","2","30","HU222","182","0","9999","9","9993","09","99","99","1","2","1","9","2"
"19752","Nyalka","0800 4 2","42","2","30","HU221","090","0","1013","5","2300","09","99","99","9","4","9","9","2"
"19761","Kerkáskápolna","1800 4 2","42","2","30","HU222","177","0","9999","9","9993","09","99","99","9","4","9","9","2"
"19770","Osztopán","1400 4 2","42","2","40","HU232","143","0","9999","9","9993","08","99","99","3","1","9","9","4"
"19789","Kecel","0300 3 2","30","3","70","HU331","039","0","9999","3","1600","05","99","99","9","1","9","3","3"
"19798","Szalmatercs","1200 4 2","42","3","50","HU313","121","0","9999","9","9991","02","99","99","3","3","1","9","1"
"19813","Kétpó","1600 4 2","42","3","60","HU322","166","0","9999","9","9992","03","99","99","1","1","1","9","1"
"19831","Szilágy","0200 4 2","42","2","40","HU231","028","0","1033","9","9993","08","99","99","1","9","9","9","4"
"19840","Hernádvécse","0500 4 2","42","3","50","HU311","056","0","9999","9","9991","02","99","99","3","3","1","9","1"
"19859","Nemespátró","2000 4 2","42","2","30","HU223","196","0","9999","9","9993","09","99","99","1","4","9","9","2"
"19868","Pápadereske","1900 4 2","42","2","20","HU213","187","0","9999","9","9993","06","99","99","9","1","9","9","2"
"19877","Nagypall","0200 4 2","42","2","40","HU231","029","0","9999","9","9993","08","99","99","9","1","9","9","4"
"19886","Váchartyán","1300 4 2","42","1","12","HU120","138","0","9999","9","9991","01","99","99","9","9","9","9","9"
"19895","Hernyék","2000 4 2","42","2","30","HU223","194","0","9999","9","9993","09","99","99","3","1","9","9","2"
"19901","Csányoszró","0200 4 2","42","2","40","HU231","030","0","9999","9","9993","08","99","99","1","3","1","9","4"
"19910","Kiskassa","0200 4 2","42","2","40","HU231","031","0","9999","1","2700","08","99","99","2","1","9","9","4"
"19929","Bókaháza","2000 4 2","42","2","30","HU223","193","0","9999","9","9993","07","99","99","2","9","9","1","2"
"19938","Pusztahencse","1700 4 2","42","2","40","HU233","172","0","9999","9","9993","08","99","99","9","9","9","3","4"
"19947","Szalkszentmárton","0300 4 2","42","3","70","HU331","043","0","9999","9","9992","05","99","99","9","2","1","9","3"
"19956","Biharkeresztes","0900 3 2","30","3","60","HU321","094","0","9999","9","9992","03","99","99","9","3","1","9","1"
"19965","Mátraballa","1000 4 2","42","3","50","HU312","109","0","9999","9","9991","02","99","99","9","2","1","9","1"
"19974","Fábiánsebestyén","0600 4 2","42","3","70","HU333","076","0","9999","9","9992","05","99","99","9","1","9","9","3"
"19983","Soltvadkert","0300 3 2","30","3","70","HU331","039","0","9999","3","1600","05","99","99","9","1","9","3","3"
"19992","Kemecse","1500 3 2","30","3","60","HU323","152","1","3053","9","9992","03","99","99","2","3","1","9","1"
"20002","Csákvár","0700 3 2","30","2","20","HU211","077","0","9999","9","9993","06","99","99","9","9","9","9","2"
"20011","Bagamér","0900 4 2","41","3","60","HU321","101","0","9999","9","9992","03","99","99","3","3","1","9","1"
"20039","Gétye","2000 4 2","42","2","30","HU223","193","0","9999","9","9993","07","99","99","3","9","9","1","2"
"20048","Bárna","1200 4 2","42","3","50","HU313","120","0","9999","9","9991","02","99","99","1","1","1","9","1"
"20057","Somogyegres","1400 4 2","42","2","40","HU232","147","0","9999","9","9993","08","99","99","3","2","1","9","4"
"20066","Nyársapát","1300 4 2","42","1","12","HU120","132","0","9999","3","1600","01","99","99","9","1","9","9","9"
"20075","Mátramindszent","1200 4 2","42","3","50","HU313","117","0","9999","9","9991","02","99","99","9","1","1","9","1"
"20084","Kemenesszentmárton","1800 4 2","42","2","30","HU222","176","0","9999","9","9993","09","99","99","9","1","9","9","2"
"20093","Törökkoppány","1400 4 2","42","2","40","HU232","147","0","9999","9","9993","08","99","99","9","2","1","9","4"
"20109","Kőszegszerdahely","1800 4 2","42","2","30","HU222","178","0","9999","9","9993","09","99","99","9","9","9","9","2"
"20118","Erk","1000 4 2","42","3","50","HU312","108","0","9999","9","9991","02","99","99","1","3","1","9","1"
"20127","Tata","1100 3 2","30","2","20","HU212","114","1","9999","5","1700","06","99","99","9","9","9","9","2"
"20136","Rábasebes","0800 4 2","42","2","30","HU221","086","0","9999","9","9993","09","99","99","9","4","9","9","2"
"20145","Csesztve","1200 4 2","42","3","50","HU313","116","0","9999","9","9991","02","99","99","3","1","9","9","1"
"20154","Dáka","1900 4 2","42","2","20","HU213","187","0","9999","9","9993","06","99","99","9","1","9","9","2"
"20163","Naszály","1100 4 2","42","2","20","HU212","114","0","9999","9","9993","06","99","99","9","9","9","9","2"
"20172","Tiszabezdéd","1500 4 2","42","3","60","HU323","160","0","9999","9","9992","03","99","99","3","3","1","9","1"
"20181","Tiszaroff","1600 4 2","42","3","60","HU322","164","0","9999","9","9992","04","99","99","3","3","1","9","1"
"20190","Lucfalva","1200 4 2","42","3","50","HU313","120","0","9999","9","9991","02","99","99","3","1","1","9","1"
"20206","Seregélyes","0700 4 2","41","2","20","HU211","085","0","3103","5","2100","06","99","99","9","9","9","9","2"
"20215","Parádsasvár","1000 4 2","42","3","50","HU312","109","0","9999","9","9991","02","99","99","9","2","1","9","1"
"20233","Jákfalva","0500 4 2","42","3","50","HU311","063","0","9999","9","9991","02","99","99","3","3","1","9","1"
"20242","Heréd","1000 4 2","42","3","50","HU312","107","0","9999","9","9991","02","99","99","9","9","9","9","1"
"20251","Csehbánya","1900 4 2","42","2","20","HU213","183","0","3133","9","9993","06","99","99","9","9","9","9","2"
"20260","Tivadar","1500 4 2","42","3","60","HU323","150","0","9999","9","9992","03","99","99","2","3","1","9","1"
"20279","Véménd","0200 4 2","42","2","40","HU231","027","0","9999","9","9993","08","99","99","9","1","9","9","4"
"20288","Egyed","0800 4 2","42","2","30","HU221","086","0","9999","9","9993","09","99","99","9","4","9","9","2"
"20297","Kiskunfélegyháza","0300 3 2","30","3","70","HU331","040","1","9999","3","1600","05","99","99","9","1","9","9","3"
"20303","Apagy","1500 4 2","42","3","60","HU323","157","0","3053","9","9992","03","99","99","9","9","1","9","1"
"20312","Kiskutas","2000 4 2","42","2","30","HU223","197","0","2043","9","9993","09","99","99","2","9","9","9","2"
"20321","Rinyaújnép","1400 4 2","42","2","40","HU232","140","0","9999","9","9993","08","99","99","3","3","1","9","4"
"20330","Somogygeszti","1400 4 2","42","2","40","HU232","143","0","9999","9","9993","08","99","99","3","1","9","9","4"
"20349","Vashosszúfalu","1800 4 2","42","2","30","HU222","179","0","9999","9","9993","09","99","99","9","9","9","9","2"
"20358","Előszállás","0700 4 2","41","2","20","HU211","078","0","3143","9","9993","06","99","99","9","9","9","3","2"
"20367","Pornóapáti","1800 4 2","42","2","30","HU222","181","0","2033","9","9993","09","99","99","9","9","9","9","2"
"20376","Almáskeresztúr","0200 4 2","42","2","40","HU231","033","0","9999","9","9993","08","99","99","1","2","1","9","4"
"20385","Mérges","0800 4 2","42","2","30","HU221","092","0","1013","9","9993","09","99","99","9","1","9","9","2"
"20394","Vasasszonyfa","1800 4 2","42","2","30","HU222","181","0","2033","9","9993","09","99","99","9","9","9","9","2"
"20400","Gyömöre","0800 4 2","42","2","30","HU221","092","0","1013","9","9993","09","99","99","9","1","9","9","2"
"20419","Újléta","0900 4 2","42","3","60","HU321","101","0","9999","9","9992","03","99","99","3","3","1","9","1"
"20428","Szelevény","1600 4 2","42","3","60","HU322","165","0","9999","3","1600","03","99","99","3","2","1","9","1"
"20437","Magyarpolány","1900 4 2","42","2","20","HU213","183","0","9999","9","9993","06","99","99","9","9","9","9","2"
"20446","Tiszainoka","1600 4 2","42","3","60","HU322","165","0","9999","3","1600","03","99","99","1","2","1","9","1"
"20455","Csanádapáca","0400 4 2","42","3","70","HU332","050","0","9999","9","9992","05","99","99","9","1","9","9","3"
"20464","Baranyahídvég","0200 4 2","42","2","40","HU231","030","0","9999","9","9993","08","99","99","1","3","1","9","4"
"20473","Kaposvár","1400 2 1","20","2","40","HU232","143","1","3031","9","9993","08","99","99","9","1","9","9","4"
"20482","Alsóberecki","0500 4 2","42","3","50","HU311","065","0","9999","9","9991","02","99","99","9","1","1","9","1"
"20491","Eger","1000 2 1","20","3","50","HU312","104","1","2021","4","3100","02","99","99","9","9","9","9","1"
"20507","Kurd","1700 4 2","42","2","40","HU233","171","0","9999","9","9993","08","99","99","9","1","9","9","4"
"20516","Sárazsadány","0500 4 2","42","3","50","HU311","064","0","9999","6","3300","02","99","08","1","1","1","9","1"
"20525","Tass","0300 4 2","42","3","70","HU331","043","0","9999","9","9992","05","99","99","2","2","1","9","3"
"20534","Dunavarsány","1300 3 2","30","1","12","HU120","136","0","0043","9","9992","01","99","99","9","9","9","4","9"
"20543","Szalapa","2000 4 2","42","2","30","HU223","198","0","9999","9","9993","09","99","99","1","1","9","9","2"
"20552","Királyegyháza","0200 4 2","42","2","40","HU231","032","0","9999","9","9993","08","99","99","9","1","9","9","4"
"20561","Újireg","1700 4 2","42","2","40","HU233","174","0","9999","9","9993","08","99","99","9","3","1","3","4"
"20570","Tés","1900 4 2","42","2","20","HU213","190","0","9999","9","9993","06","99","99","9","9","9","9","2"
"20589","Nagykapornak","2000 4 2","42","2","30","HU223","197","0","2043","9","9993","09","99","99","9","9","9","9","2"
"20598","Nagycsepely","1400 4 2","42","2","40","HU232","146","0","9999","9","9993","07","99","99","3","9","9","1","4"
"20604","Ikrény","0800 4 2","42","2","30","HU221","087","0","1013","9","9993","09","99","99","9","9","9","9","2"
"20613","Búcsúszentlászló","2000 4 2","42","2","30","HU223","197","0","2043","9","9993","09","99","99","9","9","9","9","2"
"20622","Rinyaújlak","1400 4 2","42","2","40","HU232","140","0","9999","9","9993","08","99","99","9","3","1","9","4"
"20640","Ceglédbercel","1300 4 2","42","1","12","HU120","124","0","9999","3","1600","01","99","99","9","1","9","9","9"
"20659","Márok","0200 4 2","42","2","40","HU231","031","0","9999","9","9993","08","99","99","2","1","9","9","4"
"20668","Mátyus","1500 4 2","42","3","60","HU323","159","0","9999","9","9992","03","99","99","3","3","1","9","1"
"20677","Beregsurány","1500 4 2","42","3","60","HU323","159","0","9999","9","9992","03","99","99","9","3","1","9","1"
"20686","Okorág","0200 4 2","42","2","40","HU231","030","0","9999","9","9993","08","99","99","1","3","1","9","4"
"20695","Döbörhegy","1800 4 2","42","2","30","HU222","177","0","9999","9","9993","09","99","99","1","4","9","9","2"
"20701","Mórágy","1700 4 2","42","2","40","HU233","170","0","9999","1","3500","08","99","99","9","9","9","9","4"
"20710","Bedegkér","1400 4 2","42","2","40","HU232","147","0","9999","9","9993","08","99","99","3","2","1","9","4"
"20729","Balatonfenyves","1400 4 2","42","2","40","HU232","142","0","2013","9","9993","07","99","99","9","1","9","1","4"
"20738","Sajóvámos","0500 4 2","42","3","50","HU311","061","0","1023","9","9991","02","99","99","9","9","9","9","1"
"20747","Feldebrő","1000 4 2","42","3","50","HU312","104","0","9999","4","3100","02","99","99","9","9","9","9","1"
"20756","Hidegkút","1900 4 2","42","2","20","HU213","191","0","3133","9","9993","07","99","99","9","9","9","1","2"
"20765","Medgyesbodzás","0400 4 2","42","3","70","HU332","049","0","9999","9","9992","05","99","99","1","3","1","9","3"
"20774","Csobaj","0500 4 2","42","3","50","HU311","069","0","9999","9","9991","02","99","99","3","2","1","9","1"
"20783","Simontornya","1700 3 2","30","2","40","HU233","174","0","9999","1","3500","08","99","99","9","3","1","3","4"
"20792","Und","0800 4 2","42","2","30","HU221","091","0","9999","9","9993","09","99","99","9","9","9","9","2"
"20817","Sárszentlőrinc","1700 4 2","42","2","40","HU233","172","0","9999","1","3500","08","99","99","3","9","9","3","4"
"20826","Zánka","1900 4 2","42","2","20","HU213","185","0","2013","2","1900","07","99","99","9","9","9","1","2"
"20835","Orbányosfa","2000 4 2","42","2","30","HU223","197","0","9999","9","9993","09","99","99","9","9","9","9","2"
"20844","Lácacséke","0500 4 2","42","3","50","HU311","054","0","9999","9","9991","02","99","99","3","3","1","9","1"
"20853","Úrkút","1900 4 2","42","2","20","HU213","183","0","3133","9","9993","06","99","99","9","9","9","9","2"
"20862","Sárok","0200 4 2","42","2","40","HU231","027","0","9999","9","9993","08","99","99","3","1","9","9","4"
"20871","Szin","0500 4 2","42","3","50","HU311","055","0","9999","9","9991","02","03","03","3","3","1","9","1"
"20880","Hosszúpereszteg","1800 4 2","42","2","30","HU222","179","0","9999","9","9993","09","99","99","9","9","9","9","2"
"20899","Boda","0200 4 2","42","2","40","HU231","032","0","1033","1","2700","08","99","99","9","1","9","9","4"
"20905","Mike","1400 4 2","42","2","40","HU232","143","0","9999","9","9993","08","99","99","3","1","1","9","4"
"20914","Nagyér","0600 4 2","42","3","70","HU333","073","0","9999","9","9992","05","99","99","1","1","9","9","3"
"20923","Kisigmánd","1100 4 2","42","2","20","HU212","112","0","9999","9","9993","06","99","99","9","9","9","9","2"
"20932","Szakonyfalu","1800 4 2","42","2","30","HU222","180","0","9999","9","9993","09","99","99","9","9","9","9","2"
"20941","Kistolmács","2000 4 2","42","2","30","HU223","195","0","9999","9","9993","09","99","99","3","1","9","9","2"
"20950","Belsősárd","2000 4 2","42","2","30","HU223","194","0","9999","9","9993","09","99","99","9","1","9","9","2"
"20969","Gibárt","0500 4 2","42","3","50","HU311","057","0","9999","9","9991","02","99","99","9","3","1","9","1"
"20978","Téseny","0200 4 2","42","2","40","HU231","030","0","9999","9","9993","08","99","99","3","3","1","9","4"
"20987","Tárkány","1100 4 2","42","2","20","HU212","111","0","9999","9","9993","06","99","99","9","1","9","9","2"
"20996","Kemenespálfa","1800 4 2","42","2","30","HU222","176","0","9999","9","9993","09","99","99","1","1","9","9","2"
"21005","Tordas","0700 4 2","42","2","20","HU211","081","0","9999","5","2100","06","99","99","9","9","9","9","2"
"21014","Molnári","2000 4 2","42","2","30","HU223","195","0","3153","9","9993","09","99","99","9","1","9","9","2"
"21023","Hegyszentmárton","0200 4 2","42","2","40","HU231","030","0","9999","1","2900","08","99","99","1","3","1","9","4"
"21032","Alsózsolca","0500 3 2","30","3","50","HU311","061","0","1023","9","9991","02","99","99","2","9","1","9","1"
"21041","Karancslapujtő","1200 4 2","42","3","50","HU313","120","0","3063","9","9991","02","99","99","9","1","1","9","1"
"21050","Pókaszepetk","2000 4 2","42","2","30","HU223","197","0","2043","9","9993","09","99","99","9","9","9","9","2"
"21069","Dunaegyháza","0300 4 2","42","3","70","HU331","043","0","9999","9","9992","05","99","99","9","2","1","3","3"
"21078","Dunaszeg","0800 4 2","42","2","30","HU221","087","0","1013","9","9993","09","99","99","9","9","9","9","2"
"21087","Vizsoly","0500 4 2","42","3","50","HU311","057","0","9999","9","9991","02","99","99","3","3","1","9","1"
"21096","Pécsudvard","0200 4 2","42","2","40","HU231","028","0","1033","9","9993","08","99","99","9","9","9","9","4"
"21102","Nagylóc","1200 4 2","42","3","50","HU313","121","0","9999","9","9991","02","99","99","3","3","1","9","1"
"21111","Jászladány","1600 4 2","41","3","60","HU322","161","0","9999","9","9992","03","99","99","1","3","1","9","1"
"21120","Szentkirály","0300 4 2","42","3","70","HU331","044","0","3043","3","1600","05","99","99","9","1","9","9","3"
"21139","Börzönce","2000 4 2","42","2","30","HU223","196","0","9999","9","9993","09","99","99","3","4","9","9","2"
"21148","Apostag","0300 4 2","42","3","70","HU331","043","0","9999","3","1600","05","99","99","9","2","1","9","3"
"21157","Vezseny","1600 4 2","42","3","60","HU322","167","0","3113","9","9992","03","99","99","9","9","9","9","1"
"21175","Balatonfüred","1900 3 2","30","2","20","HU213","185","1","2012","2","1900","07","99","99","9","9","9","1","2"
"21184","Koppányszántó","1700 4 2","42","2","40","HU233","174","0","9999","9","9993","08","99","99","1","3","1","3","4"
"21193","Radostyán","0500 4 2","42","3","50","HU311","061","0","1023","9","9991","02","99","99","9","9","9","9","1"
"21209","Lőkösháza","0400 4 2","42","3","70","HU332","048","0","9999","9","9992","05","99","99","9","9","9","9","3"
"21218","Karcsa","0500 4 2","42","3","50","HU311","054","0","9999","9","9991","02","99","99","1","3","1","9","1"
"21227","Beszterec","1500 4 2","42","3","60","HU323","152","0","9999","9","9992","03","99","99","3","3","1","9","1"
"21236","Homrogd","0500 4 2","42","3","50","HU311","067","0","9999","9","9991","02","99","99","1","3","1","9","1"
"21245","Sükösd","0300 4 2","41","3","70","HU331","035","0","9999","3","1500","05","99","99","2","1","9","3","3"
"21254","Szentpéterfa","1800 4 2","42","2","30","HU222","181","0","2033","9","9993","09","99","99","9","9","9","9","2"
"21263","Babosdöbréte","2000 4 2","42","2","30","HU223","197","0","2043","9","9993","09","99","99","9","9","9","9","2"
"21272","Prügy","0500 4 2","42","3","50","HU311","066","0","9999","9","9991","02","99","99","3","2","1","9","1"
"21281","Somogyviszló","0200 4 2","42","2","40","HU231","033","0","9999","9","9993","08","99","99","3","2","1","9","4"
"21290","Laskod","1500 4 2","42","3","60","HU323","148","0","9999","9","9992","03","99","99","3","3","1","9","1"
"21306","Sárvár","1800 3 2","30","2","30","HU222","179","1","9999","9","9993","09","99","99","9","9","9","9","2"
"21315","Csurgó","1400 3 2","30","2","40","HU232","141","1","9999","2","2600","08","99","99","9","3","1","9","4"
"21324","Balatonszentgyörgy","1400 4 2","42","2","40","HU232","144","0","2013","9","9993","07","99","99","9","1","9","1","4"
"21333","Istvándi","1400 4 2","42","2","40","HU232","140","0","9999","9","9993","08","99","99","3","3","1","9","4"
"21342","Kajászó","0700 4 2","42","2","20","HU211","081","0","9999","5","2100","06","99","99","9","9","9","9","2"
"21351","Szikszó","0500 3 2","30","3","50","HU311","067","1","1023","4","3000","02","99","99","9","3","1","9","1"
"21360","Udvari","1700 4 2","42","2","40","HU233","174","0","9999","9","9993","08","99","99","1","3","1","3","4"
"21379","Kisbucsa","2000 4 2","42","2","30","HU223","197","0","2043","9","9993","09","99","99","9","9","9","9","2"
"21388","Püspökhatvan","1300 4 2","42","1","12","HU120","138","0","9999","9","9991","01","99","99","9","9","9","9","9"
"21397","Sümegcsehi","2000 4 2","42","2","30","HU223","198","0","9999","9","9993","09","99","99","9","1","9","9","2"
"21403","Nagypirit","1900 4 2","42","2","20","HU213","186","0","9999","9","9993","06","99","99","1","3","1","9","2"
"21412","Üllés","0600 4 2","41","3","70","HU333","074","0","3083","3","1400","05","99","99","9","1","1","9","3"
"21421","Szomor","1100 4 2","42","2","20","HU212","115","0","9999","9","9993","06","99","99","9","9","9","9","2"
"21430","Veszprémfajsz","1900 4 2","42","2","20","HU213","191","0","3133","9","9993","07","99","99","9","9","9","1","2"
"21449","Nagyberki","1400 4 2","42","2","40","HU232","143","0","9999","2","2600","08","99","99","9","1","9","9","4"
"21458","Szada","1300 4 2","41","1","12","HU120","128","0","0023","4","3200","01","99","99","9","9","9","4","9"
"21467","Tóalmás","1300 4 2","42","1","12","HU120","131","0","9999","3","1600","01","99","99","9","1","9","9","9"
"21476","Felsőrajk","2000 4 2","42","2","30","HU223","196","0","9999","9","9993","09","99","99","9","4","9","9","2"
"21485","Nagydobos","1500 4 2","42","3","60","HU323","154","0","9999","9","9992","03","99","99","3","3","1","9","1"
"21494","Tiszasas","1600 4 2","42","3","60","HU322","165","0","9999","3","1600","03","99","99","2","2","1","9","1"
"21500","Kálócfa","2000 4 2","42","2","30","HU223","194","0","9999","9","9993","09","99","99","9","1","9","9","2"
"21519","Pécsbagota","0200 4 2","42","2","40","HU231","032","0","1033","9","9993","08","99","99","1","1","9","9","4"
"21528","Harkány","0200 3 2","30","2","40","HU231","031","0","9999","1","2900","08","99","99","9","1","9","9","4"
"21537","Uraiújfalu","1800 4 2","42","2","30","HU222","179","0","9999","9","9993","09","99","99","9","9","9","9","2"
"21546","Múcsony","0500 4 2","41","3","50","HU311","058","0","9999","9","9991","02","99","99","9","1","9","9","1"
"21555","Mindszent","0600 3 2","30","3","70","HU333","071","0","9999","9","9992","05","99","99","9","1","9","9","3"
"21564","Girincs","0500 4 2","42","3","50","HU311","068","0","9999","9","9991","02","99","99","1","9","9","9","1"
"21573","Rétközberencs","1500 4 2","42","3","60","HU323","153","0","9999","9","9992","03","99","99","3","1","1","9","1"
"21582","Érsekvadkert","1200 4 2","42","3","50","HU313","116","0","9999","9","9991","02","99","99","9","1","9","9","1"
"21591","Csebény","0200 4 2","42","2","40","HU231","033","0","9999","9","9993","08","99","99","3","2","1","9","4"
"21607","Pápasalamon","1900 4 2","42","2","20","HU213","187","0","9999","9","9993","06","99","99","3","1","9","9","2"
"21616","Kislippó","0200 4 2","42","2","40","HU231","031","0","9999","9","9993","08","99","99","1","1","9","9","4"
"21625","Zomba","1700 4 2","42","2","40","HU233","170","0","3093","1","2800","08","99","99","9","9","9","3","4"
"21634","Szirák","1200 4 2","42","3","50","HU313","118","0","9999","9","9991","02","99","99","1","1","1","9","1"
"21643","Zsédeny","1800 4 2","42","2","30","HU222","179","0","9999","9","9993","09","99","99","9","9","9","9","2"
"21652","Nagybajom","1400 3 2","30","2","40","HU232","143","0","9999","9","9993","08","99","99","3","1","1","9","4"
"21661","Zabar","1200 4 2","42","3","50","HU313","120","0","9999","9","9991","02","99","99","3","1","1","9","1"
"21670","Sajókápolna","0500 4 2","42","3","50","HU311","061","0","1023","9","9991","02","99","99","2","9","9","9","1"
"21689","Nagyiván","1600 4 2","42","3","60","HU322","168","0","9999","9","9992","04","05","99","1","1","1","9","1"
"21698","Drávasztára","0200 4 2","42","2","40","HU231","030","0","9999","9","9993","08","99","99","1","3","1","9","4"
"21704","Old","0200 4 2","42","2","40","HU231","031","0","9999","9","9993","08","99","99","3","1","9","9","4"
"21713","Sülysáp","1300 3 2","30","1","12","HU120","131","0","9999","9","9992","01","99","99","9","1","9","9","9"
"21722","Zagyvaszántó","1000 4 2","42","3","50","HU312","107","0","9999","9","9991","02","99","99","9","9","9","9","1"
"21731","Kéty","1700 4 2","42","2","40","HU233","170","0","3093","1","2800","08","99","99","9","9","9","3","4"
"21740","Tarcal","0500 4 2","42","3","50","HU311","069","0","9999","6","3300","02","08","08","2","2","1","2","1"
"21759","Nemesszalók","1900 4 2","42","2","20","HU213","187","0","9999","9","9993","06","99","99","9","1","9","9","2"
"21768","Megyaszó","0500 4 2","42","3","50","HU311","066","0","9999","4","3000","02","99","99","3","2","1","9","1"
"21777","Vanyola","1900 4 2","42","2","20","HU213","187","0","9999","9","9993","06","99","99","3","1","9","9","2"
"21786","Pázmánd","0700 4 2","42","2","20","HU211","080","0","9999","5","2100","06","99","99","9","9","9","9","2"
"21795","Erdőtarcsa","1200 4 2","42","3","50","HU313","118","0","9999","9","9991","02","99","99","3","1","1","9","1"
"21801","Ravazd","0800 4 2","42","2","30","HU221","090","0","1013","5","2300","09","99","99","9","4","9","9","2"
"21810","Varbó","0500 4 2","42","3","50","HU311","061","0","1023","9","9991","02","99","99","9","9","9","9","1"
"21829","Hernádkércs","0500 4 2","42","3","50","HU311","067","0","9999","9","9991","02","99","99","9","3","1","9","1"
"21838","Hegyhátszentmárton","1800 4 2","42","2","30","HU222","177","0","9999","9","9993","09","99","99","9","4","9","9","2"
"21847","Péteri","1300 4 2","42","1","12","HU120","130","0","9999","9","9992","01","99","99","9","9","9","9","9"
"21856","Somogyvámos","1400 4 2","42","2","40","HU232","142","0","9999","9","9993","08","99","99","3","1","1","9","4"
"21865","Darnózseli","0800 4 2","42","2","30","HU221","089","0","9999","9","9993","09","99","99","9","9","9","9","2"
"21874","Piliscsév","1100 4 2","42","2","20","HU212","110","0","9999","9","9993","01","99","99","9","9","9","9","2"
"21883","Szeghalom","0400 3 2","30","3","70","HU332","053","1","9999","9","9992","05","99","99","9","2","1","9","3"
"21892","Bogádmindszent","0200 4 2","42","2","40","HU231","030","0","9999","9","9993","08","99","99","1","3","1","9","4"
"21908","Csókakő","0700 4 2","42","2","20","HU211","082","0","9999","5","2200","06","99","99","9","9","9","9","2"
"21917","Dör","0800 4 2","42","2","30","HU221","086","0","9999","9","9993","09","99","99","9","4","9","9","2"
"21926","Kápolnásnyék","0700 4 2","42","2","20","HU211","080","0","9999","5","2100","06","99","99","9","9","9","9","2"
"21935","Cserháthaláp","1200 4 2","42","3","50","HU313","116","0","9999","9","9991","02","99","99","9","1","9","9","1"
"21944","Akasztó","0300 4 2","42","3","70","HU331","039","0","9999","3","1600","05","99","99","9","1","9","3","3"
"21953","Bánréve","0500 4 2","42","3","50","HU311","063","0","9999","9","9991","02","99","99","9","3","1","9","1"
"21962","Lesenceistvánd","1900 4 2","42","2","20","HU213","189","0","9999","2","2000","07","99","99","9","9","9","1","2"
"21971","Tápszentmiklós","0800 4 2","42","2","30","HU221","090","0","1013","9","9993","09","99","99","9","4","9","9","2"
"21980","Mihályi","0800 4 2","42","2","30","HU221","088","0","9999","9","9993","09","99","99","9","4","9","9","2"
"21999","Izsák","0300 3 2","30","3","70","HU331","039","0","9999","3","1600","05","99","99","9","1","9","9","3"
"22008","Törtel","1300 4 2","42","1","12","HU120","124","0","9999","9","9992","01","99","99","9","1","9","9","9"
"22017","Szamosbecs","1500 4 2","42","3","60","HU323","149","0","9999","9","9992","03","99","99","9","3","1","9","1"
"22026","Fonó","1400 4 2","42","2","40","HU232","143","0","9999","9","9993","08","99","99","3","1","9","9","4"
"22035","Zsámbok","1300 4 2","42","1","12","HU120","128","0","9999","9","9991","01","99","99","9","9","9","9","9"
"22044","Ólmod","1800 4 2","42","2","30","HU222","178","0","9999","9","9993","09","99","99","9","9","9","9","2"
"22053","Szabolcsbáka","1500 4 2","42","3","60","HU323","153","0","9999","9","9992","03","99","99","3","1","1","9","1"
"22062","Bakonypéterd","0800 4 2","42","2","30","HU221","090","0","1013","5","2300","09","99","99","9","4","9","9","2"
"22071","Velény","0200 4 2","42","2","40","HU231","032","0","9999","9","9993","08","99","99","3","1","9","9","4"
"22080","Kerkakutas","2000 4 2","42","2","30","HU223","194","0","9999","9","9993","09","99","99","9","1","9","9","2"
"22099","Bükkszentmárton","1000 4 2","42","3","50","HU312","103","0","9999","9","9991","02","99","99","3","1","1","9","1"
"22105","Jászárokszállás","1600 3 2","30","3","60","HU322","162","0","9999","9","9992","03","99","99","9","1","9","9","1"
"22114","Szigetújfalu","1300 4 2","42","1","12","HU120","134","0","9999","3","1600","01","99","99","9","4","9","9","9"
"22123","Fulókércs","0500 4 2","42","3","50","HU311","056","0","9999","9","9991","02","99","99","1","3","1","9","1"
"22132","Dombiratos","0400 4 2","42","3","70","HU332","049","0","9999","9","9992","05","99","99","1","3","1","9","3"
"22141","Mikekarácsonyfa","2000 4 2","42","2","30","HU223","194","0","9999","9","9993","09","99","99","3","1","9","9","2"
"22150","Fülöp","0900 4 2","42","3","60","HU321","101","0","9999","9","9992","03","99","99","3","3","1","9","1"
"22169","Szentistván","0500 4 2","41","3","50","HU311","060","0","9999","9","9991","04","99","99","2","1","9","9","1"
"22178","Nagykutas","2000 4 2","42","2","30","HU223","197","0","2043","9","9993","09","99","99","9","9","9","9","2"
"22187","Hejce","0500 4 2","42","3","50","HU311","057","0","9999","9","9991","02","99","99","9","3","1","9","1"
"22196","Poroszló","1000 4 2","42","3","50","HU312","105","0","9999","9","9991","04","05","99","9","2","1","9","1"
"22202","Jászapáti","1600 3 2","30","3","60","HU322","161","1","9999","9","9992","03","99","99","9","3","1","9","1"
"22211","Szőke","0200 4 2","42","2","40","HU231","028","0","9999","9","9993","08","99","99","3","9","9","9","4"
"22220","Marcaltő","1900 4 2","42","2","20","HU213","187","0","9999","9","9993","06","99","99","9","1","9","9","2"
"22239","Botpalád","1500 4 2","42","3","60","HU323","150","0","9999","9","9992","03","99","99","3","3","1","9","1"
"22248","Pánd","1300 4 2","42","1","12","HU120","130","0","9999","9","9992","01","99","99","9","9","9","9","9"
"22257","Szalánta","0200 4 2","42","2","40","HU231","028","0","1033","9","9993","08","99","99","9","9","9","9","4"
"22266","Pócsa","0200 4 2","42","2","40","HU231","024","0","9999","9","9993","08","99","99","2","1","9","9","4"
"22275","Bakóca","0200 4 2","42","2","40","HU231","025","0","9999","9","9993","08","99","99","3","3","1","9","4"
"22284","Ófehértó","1500 4 2","42","3","60","HU323","148","0","9999","9","9992","03","99","99","3","3","1","9","1"
"22293","Csanytelek","0600 4 2","42","3","70","HU333","070","0","9999","9","9992","05","99","99","1","1","9","9","3"
"22309","Hatvan","1000 3 2","30","3","50","HU312","107","1","9999","4","3200","02","99","99","9","9","9","9","1"
"22318","Nyőgér","1800 4 2","42","2","30","HU222","179","0","9999","9","9993","09","99","99","9","9","9","9","2"
"22327","Badacsonytomaj","1900 3 2","30","2","20","HU213","189","0","2013","2","1800","07","99","99","9","9","9","1","2"
"22336","Komlódtótfalu","1500 4 2","42","3","60","HU323","149","0","9999","9","9992","03","99","99","1","3","1","9","1"
"22345","Kemence","1300 4 2","42","1","12","HU120","137","0","9999","9","9991","01","99","99","9","1","9","9","9"
"22354","Boconád","1000 4 2","42","3","50","HU312","108","0","9999","9","9991","02","99","99","9","3","1","9","1"
"22372","Nagyigmánd","1100 4 2","41","2","20","HU212","112","0","9999","5","1700","06","99","99","9","9","9","9","2"
"22381","Bakonyszombathely","1100 4 2","42","2","20","HU212","111","0","9999","9","9993","06","99","99","9","1","9","9","2"
"22390","Csönge","1800 4 2","42","2","30","HU222","176","0","9999","9","9993","09","99","99","9","1","9","9","2"
"22406","Hajdúnánás","0900 3 2","30","3","60","HU321","099","1","9999","9","9992","03","99","99","9","1","9","9","1"
"22415","Fényeslitke","1500 4 2","42","3","60","HU323","153","0","9999","9","9992","03","99","99","9","1","1","9","1"
"22424","Tormás","0200 4 2","42","2","40","HU231","025","0","9999","9","9993","08","99","99","3","3","1","9","4"
"22433","Kocsola","1700 4 2","42","2","40","HU233","171","0","9999","9","9993","08","99","99","3","1","9","9","4"
"22442","Edve","0800 4 2","42","2","30","HU221","088","0","9999","9","9993","09","99","99","9","4","9","9","2"
"22451","Pécsely","1900 4 2","42","2","20","HU213","185","0","9999","2","1900","07","99","99","9","9","9","1","2"
"22460","Kisfüzes","1000 4 2","42","3","50","HU312","109","0","9999","9","9991","02","99","99","1","2","1","9","1"
"22479","Sajólászlófalva","0500 4 2","42","3","50","HU311","061","0","1023","9","9991","02","99","99","9","9","9","9","1"
"22488","Verseg","1300 4 2","42","1","12","HU120","122","0","9999","9","9991","01","99","99","9","4","9","9","9"
"22497","Ormándlak","2000 4 2","42","2","30","HU223","197","0","2043","9","9993","09","99","99","1","9","9","9","2"
"22503","Erdőhorváti","0500 4 2","42","3","50","HU311","064","0","9999","6","3300","02","99","08","9","1","1","2","1"
"22512","Monoszló","1900 4 2","42","2","20","HU213","185","0","9999","2","1900","07","99","99","9","9","9","1","2"
"22521","Balajt","0500 4 2","42","3","50","HU311","055","0","9999","9","9991","02","99","99","3","3","1","9","1"
"22530","Kerekegyháza","0300 3 2","30","3","70","HU331","038","0","3043","3","1600","05","99","99","9","9","9","9","3"
"22549","Alsószölnök","1800 4 2","42","2","30","HU222","180","0","9999","9","9993","09","99","99","9","9","9","9","2"
"22558","Onga","0500 3 2","30","3","50","HU311","061","0","1023","9","9991","02","99","99","2","9","9","9","1"
"22567","Kunhegyes","1600 3 2","30","3","60","HU322","164","1","9999","9","9992","04","99","99","2","3","1","9","1"
"22576","Csonkamindszent","0200 4 2","42","2","40","HU231","032","0","9999","9","9993","08","99","99","9","1","9","9","4"
"22585","Vasad","1300 4 2","42","1","12","HU120","130","0","9999","9","9992","01","99","99","9","9","9","9","9"
"22594","Cserhátsurány","1200 4 2","42","3","50","HU313","116","0","9999","9","9991","02","99","99","9","1","9","9","1"
"22600","Magyarszék","0200 4 2","42","2","40","HU231","026","0","9999","1","2700","08","99","99","9","9","1","9","4"
"22619","Szomód","1100 4 2","42","2","20","HU212","114","0","9999","5","1700","06","99","99","9","9","9","9","2"
"22628","Ónod","0500 4 2","42","3","50","HU311","061","0","9999","9","9991","02","99","99","2","9","9","9","1"
"22637","Máriahalom","1100 4 2","42","2","20","HU212","110","0","9999","9","9993","06","99","99","9","9","9","9","2"
"22646","Felgyő","0600 4 2","42","3","70","HU333","070","0","9999","9","9992","05","99","99","9","1","9","9","3"
"22655","Erdőkürt","1200 4 2","42","3","50","HU313","118","0","9999","9","9991","02","99","99","9","1","1","9","1"
"22664","Gyöngyösmellék","0200 4 2","42","2","40","HU231","033","0","9999","9","9993","08","99","99","1","2","1","9","4"
"22673","Bonnya","1400 4 2","42","2","40","HU232","147","0","9999","9","9993","08","99","99","3","2","1","9","4"
"22682","Letkés","1300 4 2","42","1","12","HU120","137","0","9999","9","9991","01","99","99","9","1","9","9","9"
"22691","Veszprémvarsány","0800 4 2","42","2","30","HU221","090","0","1013","9","9993","09","99","99","9","4","9","9","2"
"22707","Főnyed","1400 4 2","42","2","40","HU232","144","0","9999","9","9993","07","99","99","3","1","9","1","4"
"22716","Kemestaródfa","1800 4 2","42","2","30","HU222","177","0","9999","9","9993","09","99","99","9","4","9","9","2"
"22725","Alsóújlak","1800 4 2","42","2","30","HU222","182","0","9999","9","9993","09","99","99","9","2","1","9","2"
"22734","Drávapalkonya","0200 4 2","42","2","40","HU231","031","0","9999","9","9993","08","99","99","3","1","1","9","4"
"22743","Nagycserkesz","1500 4 2","42","3","60","HU323","157","0","9999","9","9992","03","99","99","3","9","9","9","1"
"22752","Kaszaper","0400 4 2","42","3","70","HU332","049","0","9999","9","9992","05","99","99","9","3","1","9","3"
"22761","Szekszárd","1700 2 1","20","2","40","HU233","173","1","3091","1","2800","08","99","99","9","9","9","3","4"
"22770","Tiszabura","1600 4 2","42","3","60","HU322","164","0","9999","9","9992","04","99","99","3","3","1","9","1"
"22789","Tiszaszentimre","1600 4 2","42","3","60","HU322","168","0","9999","9","9992","04","99","99","9","1","1","9","1"
"22798","Jászkisér","1600 3 2","30","3","60","HU322","161","0","9999","9","9992","03","99","99","9","3","1","9","1"
"22804","Csömör","1300 4 2","41","1","12","HU120","128","0","0023","9","9991","01","99","99","9","9","9","4","9"
"22813","Bakonyszentkirály","1900 4 2","42","2","20","HU213","192","0","9999","9","9993","06","99","99","9","9","9","9","2"
"22822","Balatonszemes","1400 4 2","42","2","40","HU232","146","0","2013","2","2600","07","99","99","9","9","9","1","4"
"22831","Petőháza","0800 4 2","42","2","30","HU221","091","0","9999","9","9993","09","99","99","9","9","9","9","2"
"22840","Kisgyőr","0500 4 2","42","3","50","HU311","061","0","1023","4","3000","02","99","99","2","9","9","9","1"
"22859","Jánoshida","1600 4 2","42","3","60","HU322","161","0","9999","9","9992","03","99","99","9","3","1","9","1"
"22868","Kisbudmér","0200 4 2","42","2","40","HU231","024","0","9999","9","9993","08","99","99","3","1","9","9","4"
"22877","Böde","2000 4 2","42","2","30","HU223","197","0","2043","9","9993","09","99","99","9","9","9","9","2"
"22886","Kisbajcs","0800 4 2","42","2","30","HU221","087","0","1013","9","9993","09","99","99","9","9","9","9","2"
"22901","Béb","1900 4 2","42","2","20","HU213","187","0","9999","9","9993","06","99","99","9","1","9","9","2"
"22910","Dág","1100 4 2","42","2","20","HU212","110","0","9999","9","9993","06","99","99","9","9","9","9","2"
"22929","Jászágó","1600 4 2","42","3","60","HU322","162","0","9999","9","9992","03","99","99","1","1","9","9","1"
"22938","Cibakháza","1600 4 2","41","3","60","HU322","165","0","9999","3","1600","03","99","99","3","2","1","9","1"
"22947","Zalaszabar","2000 4 2","42","2","30","HU223","196","0","9999","2","3400","07","99","99","2","4","9","1","2"
"22956","Korlát","0500 4 2","42","3","50","HU311","057","0","9999","9","9991","02","99","99","3","3","1","9","1"
"22965","Kacorlak","2000 4 2","42","2","30","HU223","196","0","3153","9","9993","09","99","99","9","4","9","9","2"
"22974","Lippó","0200 4 2","42","2","40","HU231","027","0","9999","9","9993","08","99","99","9","1","9","9","4"
"22983","Sótony","1800 4 2","42","2","30","HU222","179","0","9999","9","9993","09","99","99","9","9","9","9","2"
"22992","Eperjes","0600 4 2","42","3","70","HU333","076","0","9999","9","9992","05","99","99","1","1","9","9","3"
"23001","Kisszőlős","1900 4 2","42","2","20","HU213","186","0","9999","9","9993","06","99","99","3","3","1","9","2"
"23010","Ukk","1900 4 2","42","2","20","HU213","188","0","9999","9","9993","06","99","99","9","1","9","9","2"
"23029","Rudabánya","0500 3 2","30","3","50","HU311","058","0","9999","9","9991","02","99","99","3","1","9","9","1"
"23038","Nyáregyháza","1300 4 2","41","1","12","HU120","130","0","9999","9","9992","01","99","99","9","9","9","9","9"
"23047","Szécsénke","1200 4 2","42","3","50","HU313","116","0","9999","9","9991","02","99","99","9","1","9","9","1"
"23056","Nyárlőrinc","0300 4 2","42","3","70","HU331","038","0","3043","3","1600","05","99","99","9","9","9","9","3"
"23065","Orosháza","0400 3 2","30","3","70","HU332","050","1","9999","9","9992","05","99","99","9","1","9","9","3"
"23074","Horváthertelend","0200 4 2","42","2","40","HU231","033","0","9999","9","9993","08","99","99","3","2","1","9","4"
"23083","Pusztavacs","1300 4 2","42","1","12","HU120","125","0","9999","9","9992","01","99","99","9","4","9","9","9"
"23092","Siójut","1400 4 2","42","2","40","HU232","146","0","9999","2","2600","07","99","99","9","9","9","1","4"
"23108","Pankasz","1800 4 2","42","2","30","HU222","177","0","9999","9","9993","09","99","99","2","4","9","9","2"
"23117","Polgár","0900 3 2","30","3","60","HU321","099","0","9999","9","9992","04","99","99","2","1","9","9","1"
"23126","Szentgyörgyvár","2000 4 2","42","2","30","HU223","193","0","9999","2","3400","07","99","99","9","9","9","1","2"
"23135","Jásztelek","1600 4 2","42","3","60","HU322","162","0","9999","9","9992","03","99","99","9","1","9","9","1"
"23144","Becsehely","2000 4 2","42","2","30","HU223","195","0","9999","2","3400","09","99","99","9","1","9","9","2"
"23153","Bakonykúti","0700 4 2","42","2","20","HU211","085","0","3103","9","9993","06","99","99","9","9","9","9","2"
"23162","Bükkösd","0200 4 2","42","2","40","HU231","032","0","9999","9","9993","08","99","99","9","1","9","9","4"
"23171","Kunmadaras","1600 4 2","41","3","60","HU322","163","0","9999","9","9992","04","05","99","3","2","1","9","1"
"23180","Nagyesztergár","1900 4 2","42","2","20","HU213","192","0","3133","9","9993","06","99","99","9","9","9","9","2"
"23199","Alsónémedi","1300 4 2","41","1","12","HU120","129","0","0033","9","9992","01","99","99","9","9","9","4","9"
"23205","Siklósbodony","0200 4 2","42","2","40","HU231","031","0","9999","9","9993","08","99","99","3","1","9","9","4"
"23214","Téglás","0900 3 2","30","3","60","HU321","098","0","3023","9","9992","03","99","99","2","1","1","9","1"
"23223","Alsóregmec","0500 4 2","42","3","50","HU311","065","0","9999","9","9991","02","99","99","9","1","1","9","1"
"23241","Adács","1000 4 2","42","3","50","HU312","106","0","9999","9","9991","02","99","99","9","9","9","9","1"
"23250","Fábiánháza","1500 4 2","42","3","60","HU323","154","0","9999","9","9992","03","99","99","3","3","1","9","1"
"23269","Nyírmeggyes","1500 4 2","42","3","60","HU323","154","0","9999","9","9992","03","99","99","9","3","1","9","1"
"23278","Budaörs","1300 3 2","30","1","12","HU120","123","0","0052","9","9993","01","99","99","9","9","9","4","9"
"23287","Felsőszölnök","1800 4 2","42","2","30","HU222","180","0","9999","9","9993","09","99","99","1","9","9","9","2"
"23296","Kapospula","1700 4 2","42","2","40","HU233","171","0","9999","9","9993","08","99","99","9","1","9","9","4"
"23302","Gyenesdiás","2000 4 2","41","2","30","HU223","193","0","2013","2","2000","07","99","99","9","9","9","1","2"
"23311","Pusztaszemes","1400 4 2","42","2","40","HU232","146","0","9999","9","9993","07","99","99","9","9","9","1","4"
"23320","Nemescsó","1800 4 2","42","2","30","HU222","178","0","9999","9","9993","09","99","99","9","9","9","9","2"
"23339","Jászfényszaru","1600 3 2","30","3","60","HU322","162","0","9999","9","9992","03","99","99","9","1","9","9","1"
"23348","Tarnaméra","1000 4 2","42","3","50","HU312","108","0","9999","9","9991","02","99","99","9","3","1","9","1"
"23357","Madaras","0300 4 2","42","3","70","HU331","034","0","9999","9","9992","05","99","99","3","3","1","9","3"
"23375","Hidegség","0800 4 2","42","2","30","HU221","091","0","3073","5","2500","09","07","07","9","9","9","9","2"
"23384","Almásháza","2000 4 2","42","2","30","HU223","197","0","2043","9","9993","09","99","99","2","9","9","9","2"
"23393","Újiráz","0900 4 2","42","3","60","HU321","094","0","9999","9","9992","03","99","99","1","3","1","9","1"
"23409","Nagytarcsa","1300 4 2","42","1","12","HU120","128","0","0023","9","9991","01","99","99","9","9","9","4","9"
"23418","Sima","0500 4 2","42","3","50","HU311","057","0","9999","9","9991","02","99","99","9","3","1","9","1"
"23427","Hantos","0700 4 2","42","2","20","HU211","084","0","3103","9","9993","06","99","99","9","3","1","9","2"
"23436","Csatár","2000 4 2","42","2","30","HU223","197","0","2043","9","9993","09","99","99","9","9","9","9","2"
"23445","Zaránk","1000 4 2","42","3","50","HU312","108","0","9999","9","9991","02","99","99","9","3","1","9","1"
"23454","Kővágóörs","1900 4 2","42","2","20","HU213","189","0","2013","2","1800","07","99","99","9","9","9","1","2"
"23463","Budakalász","1300 3 2","30","1","12","HU120","135","0","0063","9","9993","01","99","99","9","9","9","4","9"
"23472","Somberek","0200 4 2","42","2","40","HU231","027","0","9999","1","2700","08","99","99","9","1","9","9","4"
"23481","Pásztori","0800 4 2","42","2","30","HU221","086","0","9999","9","9993","09","99","99","9","4","9","9","2"
"23490","Mány","0700 4 2","42","2","20","HU211","077","0","9999","9","9993","06","99","99","9","9","9","9","2"
"23506","Piskó","0200 4 2","42","2","40","HU231","030","0","9999","9","9993","08","99","99","3","3","1","9","4"
"23515","Porva","1900 4 2","42","2","20","HU213","192","0","3133","9","9993","06","99","99","9","9","9","9","2"
"23524","Tiszalök","1500 3 2","30","3","60","HU323","158","0","9999","9","9992","03","99","99","2","2","1","9","1"
"23533","Felsővadász","0500 4 2","42","3","50","HU311","067","0","9999","9","9991","02","99","99","3","3","1","9","1"
"23542","Magyarlukafa","0200 4 2","42","2","40","HU231","033","0","9999","9","9993","08","99","99","3","2","1","9","4"
"23551","Nagyacsád","1900 4 2","42","2","20","HU213","187","0","9999","9","9993","06","99","99","9","1","9","9","2"
"23560","Mezőlak","1900 4 2","42","2","20","HU213","187","0","9999","9","9993","06","99","99","9","1","9","9","2"
"23579","Jászfelsőszentgyörgy","1600 4 2","42","3","60","HU322","162","0","9999","9","9992","03","99","99","9","1","9","9","1"
"23588","Nagyveleg","0700 4 2","42","2","20","HU211","082","0","9999","9","9993","06","99","99","9","9","9","9","2"
"23597","Zalaszegvár","1900 4 2","42","2","20","HU213","188","0","9999","9","9993","06","99","99","1","1","9","9","2"
"23603","Ercsi","0700 3 2","30","2","20","HU211","081","0","9999","9","9993","06","99","99","9","9","9","9","2"
"23612","Kömörő","1500 4 2","42","3","60","HU323","150","0","9999","9","9992","03","99","99","3","3","1","9","1"
"23630","Mernye","1400 4 2","42","2","40","HU232","143","0","3033","9","9993","08","99","99","9","1","9","9","4"
"23649","Göd","1300 3 2","30","1","12","HU120","126","0","0013","9","9991","01","99","99","9","9","9","4","9"
"23658","Herend","1900 3 2","30","2","20","HU213","191","0","3133","9","9993","06","99","99","9","9","9","9","2"
"23676","Balástya","0600 4 2","42","3","70","HU333","072","0","9999","3","1400","05","99","99","9","2","1","9","3"
"23685","Pátyod","1500 4 2","42","3","60","HU323","149","0","9999","9","9992","03","99","99","1","3","1","9","1"
"23694","Sárbogárd","0700 3 2","30","2","20","HU211","084","1","9999","9","9993","06","99","99","9","3","1","9","2"
"23700","Kiscsősz","1900 4 2","42","2","20","HU213","186","0","9999","9","9993","06","99","99","1","3","1","9","2"
"23719","Gelej","0500 4 2","42","3","50","HU311","059","0","9999","9","9991","04","99","99","9","3","1","9","1"
"23728","Kótaj","1500 4 2","42","3","60","HU323","157","0","3053","9","9992","03","99","99","2","9","9","9","1"
"23737","Bodroghalom","0500 4 2","42","3","50","HU311","054","0","9999","9","9991","02","99","99","1","3","1","9","1"
"23746","Bakonybél","1900 4 2","42","2","20","HU213","192","0","9999","9","9993","06","99","99","9","9","9","9","2"
"23755","Semjén","0500 4 2","42","3","50","HU311","054","0","9999","9","9991","02","99","99","3","3","1","9","1"
"23764","Palé","0200 4 2","42","2","40","HU231","025","0","9999","9","9993","08","99","99","3","3","1","9","4"
"23773","Pereszteg","0800 4 2","42","2","30","HU221","091","0","3073","9","9993","09","99","99","9","9","9","9","2"
"23782","Sajópüspöki","0500 4 2","42","3","50","HU311","063","0","9999","9","9991","02","99","99","1","3","1","9","1"
"23791","Kalaznó","1700 4 2","42","2","40","HU233","174","0","9999","9","9993","08","99","99","1","3","1","3","4"
"23807","Somogyapáti","0200 4 2","42","2","40","HU231","033","0","9999","9","9993","08","99","99","3","2","1","9","4"
"23816","Csempeszkopács","1800 4 2","42","2","30","HU222","181","0","2033","9","9993","09","99","99","9","9","9","9","2"
"23825","Rétság","1200 3 2","30","3","50","HU313","119","1","9999","9","9991","01","99","99","9","1","9","9","1"
"23834","Zalaháshágy","2000 4 2","42","2","30","HU223","197","0","2043","9","9993","09","99","99","9","9","9","9","2"
"23843","Gyóró","0800 4 2","42","2","30","HU221","088","0","9999","9","9993","09","99","99","9","4","9","9","2"
"23852","Ászár","1100 4 2","42","2","20","HU212","111","0","9999","5","1700","06","99","99","9","1","9","9","2"
"23861","Rátót","1800 4 2","42","2","30","HU222","180","0","9999","9","9993","09","99","99","9","9","9","9","2"
"23870","Szarvas","0400 3 2","30","3","70","HU332","052","1","9999","9","9992","05","99","99","9","1","9","9","3"
"23889","Sonkád","1500 4 2","42","3","60","HU323","150","0","9999","9","9992","03","99","99","9","3","1","9","1"
"23898","Rezi","2000 4 2","42","2","30","HU223","193","0","2013","2","2000","07","99","99","9","9","9","1","2"
"23904","Gyugy","1400 4 2","42","2","40","HU232","142","0","9999","2","2600","07","99","99","1","1","1","1","4"
"23913","Óbudavár","1900 4 2","42","2","20","HU213","185","0","9999","2","1900","07","99","99","9","9","9","1","2"
"23922","Bakonyszentiván","1900 4 2","42","2","20","HU213","187","0","9999","9","9993","06","99","99","3","1","9","9","2"
"23931","Méhkerék","0400 4 2","42","3","70","HU332","051","0","9999","9","9992","05","99","99","1","3","1","9","3"
"23940","Sárrétudvari","0900 4 2","41","3","60","HU321","102","0","9999","9","9992","03","99","99","3","3","1","9","1"
"23959","Mohács","0200 3 2","30","2","40","HU231","027","1","9999","1","2700","08","99","99","9","1","9","9","4"
"23968","Teleki","1400 4 2","42","2","40","HU232","146","0","9999","2","2600","07","99","99","3","9","9","1","4"
"23977","Büttös","0500 4 2","42","3","50","HU311","056","0","9999","9","9991","02","99","99","3","3","1","9","1"
"23986","Nagyoroszi","1200 4 2","42","3","50","HU313","119","0","9999","9","9991","01","99","99","9","1","9","9","1"
"23995","Kompolt","1000 4 2","42","3","50","HU312","105","0","9999","9","9991","02","99","99","2","2","1","9","1"
"24004","Nyirád","1900 4 2","42","2","20","HU213","183","0","9999","9","9993","06","99","99","9","9","9","9","2"
"24013","Diósd","1300 3 2","30","1","12","HU120","127","0","0043","9","9993","01","99","99","9","9","9","4","9"
"24022","Bátor","1000 4 2","42","3","50","HU312","104","0","2023","9","9991","02","99","99","9","9","1","9","1"
"24031","Dombegyház","0400 4 2","41","3","70","HU332","049","0","9999","9","9992","05","99","99","1","3","1","9","3"
"24040","Monostorapáti","1900 4 2","42","2","20","HU213","189","0","9999","2","2000","07","99","99","9","9","9","1","2"
"24059","Nemeskolta","1800 4 2","42","2","30","HU222","181","0","2033","9","9993","09","99","99","9","9","9","9","2"
"24068","Ősi","1900 4 2","42","2","20","HU213","190","0","9999","9","9993","06","99","99","9","9","9","9","2"
"24077","Deszk","0600 4 2","42","3","70","HU333","075","0","3083","9","9992","05","99","99","9","9","9","9","3"
"24086","Jászivány","1600 4 2","42","3","60","HU322","161","0","9999","9","9992","03","99","99","3","3","1","9","1"
"24095","Csengersima","1500 4 2","42","3","60","HU323","149","0","9999","9","9992","03","99","99","9","3","1","9","1"
"24101","Dunaszentmiklós","1100 4 2","42","2","20","HU212","114","0","9999","5","1700","06","99","99","9","9","9","9","2"
"24110","Zselickislak","1400 4 2","42","2","40","HU232","143","0","3033","9","9993","08","99","99","9","1","9","9","4"
"24129","Bakonytamási","1900 4 2","42","2","20","HU213","187","0","1013","9","9993","06","99","99","1","1","9","9","2"
"24138","Rigyác","2000 4 2","42","2","30","HU223","196","0","3153","2","3400","09","99","99","2","4","9","9","2"
"24147","Verpelét","1000 3 2","30","3","50","HU312","104","0","9999","4","3100","02","99","99","2","9","9","9","1"
"24156","Négyes","0500 4 2","42","3","50","HU311","060","0","9999","9","9991","04","05","99","9","1","9","9","1"
"24165","Hernádkak","0500 4 2","42","3","50","HU311","061","0","1023","9","9991","02","99","99","9","9","9","9","1"
"24174","Tereske","1200 4 2","42","3","50","HU313","119","0","9999","9","9991","02","99","99","1","1","9","9","1"
"24183","Gencsapáti","1800 4 2","42","2","30","HU222","181","0","2033","9","9993","09","99","99","9","9","9","9","2"
"24192","Fácánkert","1700 4 2","42","2","40","HU233","175","0","9999","1","3500","08","99","99","9","9","9","3","4"
"24208","Sobor","0800 4 2","42","2","30","HU221","086","0","9999","9","9993","09","99","99","9","4","9","9","2"
"24217","Mikepércs","0900 4 2","42","3","60","HU321","096","0","3023","9","9992","03","99","99","9","3","1","9","1"
"24226","Kovácshida","0200 4 2","42","2","40","HU231","031","0","9999","9","9993","08","99","99","3","1","9","9","4"
"24235","Erdőtelek","1000 4 2","42","3","50","HU312","108","0","9999","9","9991","04","99","99","3","3","1","9","1"
"24244","Bakonybánk","1100 4 2","42","2","20","HU212","111","0","9999","9","9993","06","99","99","9","1","9","9","2"
"24253","Mikóháza","0500 4 2","42","3","50","HU311","065","0","9999","9","9991","02","99","99","9","1","1","9","1"
"24262","Egeraracsa","2000 4 2","42","2","30","HU223","193","0","9999","2","3400","07","99","99","3","9","9","1","2"
"24271","Pakod","2000 4 2","42","2","30","HU223","198","0","2043","2","3400","09","99","99","9","1","9","9","2"
"24280","Zalabér","2000 4 2","42","2","30","HU223","198","0","2043","2","3400","09","99","99","9","1","9","9","2"
"24299","Budapest 13. ker.","0113 9 9","90","1","11","HU110","013","1","0001","9","9991","01","01","01","9","9","9","4","9"
"24305","Pannonhalma","0800 3 2","30","2","30","HU221","090","1","1013","5","2300","09","04","99","9","4","9","9","2"
"24314","Csököly","1400 4 2","42","2","40","HU232","143","0","9999","9","9993","08","99","99","3","1","1","9","4"
"24323","Felsőpetény","1200 4 2","42","3","50","HU313","119","0","9999","9","9991","02","99","99","9","1","9","9","1"
"24332","Mátraszele","1200 4 2","42","3","50","HU313","120","0","3063","9","9991","02","99","99","3","1","1","9","1"
"24341","Bánk","1200 4 2","42","3","50","HU313","119","0","9999","9","9991","01","99","99","9","1","9","9","1"
"24350","Újszalonta","0400 4 2","42","3","70","HU332","051","0","9999","9","9992","05","99","99","3","3","1","9","3"
"24369","Felsőörs","1900 4 2","42","2","20","HU213","184","0","2013","2","1900","07","99","99","9","9","9","1","2"
"24378","Bár","0200 4 2","42","2","40","HU231","027","0","9999","1","2700","08","99","99","9","1","9","9","4"
"24387","Kisbajom","1400 4 2","42","2","40","HU232","145","0","9999","9","9993","08","99","99","1","2","1","9","4"
"24396","Kiskunmajsa","0300 3 2","30","3","70","HU331","042","1","9999","3","1600","05","99","99","9","2","1","9","3"
"24402","Vékény","0200 4 2","42","2","40","HU231","026","0","9999","9","9993","08","99","99","9","9","1","9","4"
"24411","Lengyel","1700 4 2","42","2","40","HU233","170","0","9999","1","3500","08","99","99","9","9","9","9","4"
"24420","Pere","0500 4 2","42","3","50","HU311","057","0","9999","9","9991","02","99","99","1","3","1","9","1"
"24439","Dorogháza","1200 4 2","42","3","50","HU313","117","0","9999","9","9991","02","99","99","9","1","1","9","1"
"24448","Tiszacsécse","1500 4 2","42","3","60","HU323","150","0","9999","9","9992","03","99","99","1","3","1","9","1"
"24457","Bálványos","1400 4 2","42","2","40","HU232","146","0","9999","9","9993","07","99","99","2","9","9","1","4"
"24466","Mikebuda","1300 4 2","42","1","12","HU120","124","0","9999","9","9992","01","99","99","9","1","9","9","9"
"24475","Timár","1500 4 2","42","3","60","HU323","157","0","9999","9","9992","03","99","99","3","9","1","9","1"
"24484","Kemenessömjén","1800 4 2","42","2","30","HU222","176","0","9999","9","9993","09","99","99","9","1","9","9","2"
"24493","Kisbárapáti","1400 4 2","42","2","40","HU232","147","0","9999","9","9993","08","99","99","3","2","1","9","4"
"24509","Nemesbőd","1800 4 2","42","2","30","HU222","181","0","2033","9","9993","09","99","99","9","9","9","9","2"
"24518","Ecser","1300 4 2","41","1","12","HU120","139","0","0033","9","9992","01","99","99","9","9","9","4","9"
"24527","Tök","1300 4 2","42","1","12","HU120","123","0","0053","5","2100","01","99","99","9","9","9","4","9"
"24536","Orci","1400 4 2","42","2","40","HU232","143","0","3033","9","9993","08","99","99","9","1","9","9","4"
"24545","Tiszaalpár","0300 4 2","41","3","70","HU331","044","0","9999","3","1600","05","99","99","9","1","9","9","3"
"24554","Abasár","1000 4 2","42","3","50","HU312","106","0","9999","4","3200","02","99","99","9","9","9","9","1"
"24563","Tamási","1700 3 2","30","2","40","HU233","174","1","9999","1","3500","08","99","99","9","3","1","3","4"
"24572","Sámsonháza","1200 4 2","42","3","50","HU313","120","0","9999","9","9991","02","99","99","3","1","1","9","1"
"24581","Rohod","1500 4 2","42","3","60","HU323","148","0","9999","9","9992","03","99","99","3","3","1","9","1"
"24590","Zajk","2000 4 2","42","2","30","HU223","195","0","9999","2","3400","09","99","99","3","1","9","9","2"
"24606","Szuhogy","0500 4 2","42","3","50","HU311","055","0","9999","9","9991","02","99","99","2","3","1","9","1"
"24615","Tapsony","1400 4 2","42","2","40","HU232","144","0","9999","2","2600","08","99","99","1","1","9","9","4"
"24624","Lovászhetény","0200 4 2","42","2","40","HU231","029","0","9999","9","9993","08","99","99","9","1","9","9","4"
"24633","Koroncó","0800 4 2","42","2","30","HU221","087","0","1013","9","9993","09","99","99","9","9","9","9","2"
"24642","Csesznek","1900 4 2","42","2","20","HU213","192","0","9999","9","9993","06","99","99","9","9","9","9","2"
"24651","Vinár","1900 4 2","42","2","20","HU213","187","0","9999","9","9993","06","99","99","9","1","9","9","2"
"24660","Pötréte","2000 4 2","42","2","30","HU223","196","0","9999","9","9993","09","99","99","9","4","9","9","2"
"24679","Kóspallag","1300 4 2","42","1","12","HU120","137","0","9999","9","9991","01","99","99","9","1","9","9","9"
"24697","Budapest 12. ker.","0112 9 9","90","1","11","HU110","012","1","0001","5","2100","01","99","99","9","9","9","4","9"
"24703","Tekenye","2000 4 2","42","2","30","HU223","198","0","9999","2","3400","09","99","99","1","1","9","9","2"
"24712","Szilvás","0200 4 2","42","2","40","HU231","028","0","9999","9","9993","08","99","99","9","9","9","9","4"
"24721","Rábapordány","0800 4 2","42","2","30","HU221","086","0","9999","9","9993","09","99","99","9","4","9","9","2"
"24730","Pányok","0500 4 2","42","3","50","HU311","057","0","9999","9","9991","02","99","99","1","3","1","9","1"
"24749","Baranyajenő","0200 4 2","42","2","40","HU231","025","0","9999","9","9993","08","99","99","3","3","1","9","4"
"24758","Egerszalók","1000 4 2","42","3","50","HU312","104","0","2023","4","3100","02","99","99","9","9","9","9","1"
"24767","Ugod","1900 4 2","42","2","20","HU213","187","0","9999","9","9993","06","99","99","9","1","9","9","2"
"24776","Padár","2000 4 2","42","2","30","HU223","197","0","9999","9","9993","09","99","99","1","9","9","9","2"
"24785","Nagykálló","1500 3 2","30","3","60","HU323","155","1","9999","9","9992","03","99","99","2","2","1","9","1"
"24794","Kardos","0400 4 2","42","3","70","HU332","052","0","9999","9","9992","05","99","99","1","1","9","9","3"
"24800","Söpte","1800 4 2","42","2","30","HU222","181","0","2033","9","9993","09","99","99","9","9","9","9","2"
"24819","Dévaványa","0400 3 2","30","3","70","HU332","047","0","9999","9","9992","05","99","99","9","1","1","9","3"
"24828","Biharnagybajom","0900 4 2","42","3","60","HU321","102","0","9999","9","9992","03","99","99","3","3","1","9","1"
"24837","Nagytilaj","1800 4 2","42","2","30","HU222","182","0","9999","9","9993","09","99","99","1","2","1","9","2"
"24846","Heresznye","1400 4 2","42","2","40","HU232","140","0","9999","9","9993","08","99","99","3","3","1","9","4"
"24855","Romonya","0200 4 2","42","2","40","HU231","028","0","1033","9","9993","08","99","99","9","9","9","9","4"
"24864","Batyk","2000 4 2","42","2","30","HU223","198","0","9999","9","9993","09","99","99","9","1","9","9","2"
"24873","Homokkomárom","2000 4 2","42","2","30","HU223","196","0","3153","2","3400","09","99","99","1","4","9","9","2"
"24882","Hernádpetri","0500 4 2","42","3","50","HU311","056","0","9999","9","9991","02","99","99","3","3","1","9","1"
"24891","Szigliget","1900 4 2","42","2","20","HU213","189","0","2013","2","1800","07","99","99","9","9","9","1","2"
"24907","Balatonszárszó","1400 4 2","41","2","40","HU232","146","0","2013","2","2600","07","99","99","9","9","9","1","4"
"24916","Szob","1300 3 2","30","1","12","HU120","137","1","9999","9","9991","01","99","99","9","1","9","9","9"
"24925","Bisse","0200 4 2","42","2","40","HU231","031","0","1033","1","2900","08","99","99","9","1","9","9","4"
"24934","Vác","1300 3 2","30","1","12","HU120","138","1","0012","4","3200","01","99","99","9","9","9","4","9"
"24943","Nagykökényes","1000 4 2","42","3","50","HU312","107","0","9999","9","9991","02","99","99","9","9","9","9","1"
"24952","Vásárosbéc","0200 4 2","42","2","40","HU231","033","0","9999","9","9993","08","99","99","1","2","1","9","4"
"24970","Hernádszurdok","0500 4 2","42","3","50","HU311","057","0","9999","9","9991","02","99","99","3","3","1","9","1"
"24989","Decs","1700 4 2","41","2","40","HU233","173","0","3093","1","2800","08","99","99","9","9","9","9","4"
"24998","Tázlár","0300 4 2","42","3","70","HU331","039","0","9999","3","1600","05","99","99","1","1","9","9","3"
"25007","Sáránd","0900 4 2","42","3","60","HU321","096","0","3023","9","9992","03","99","99","2","3","1","9","1"
"25016","Velence","0700 3 2","30","2","20","HU211","080","0","9999","5","2100","06","99","99","9","9","9","9","2"
"25025","Liszó","2000 4 2","42","2","30","HU223","196","0","3153","9","9993","09","99","99","2","4","9","9","2"
"25034","Zsámbék","1300 3 2","30","1","12","HU120","123","0","0053","9","9993","01","99","99","9","9","9","4","9"
"25043","Somogybükkösd","1400 4 2","42","2","40","HU232","141","0","9999","9","9993","08","99","99","3","3","1","9","4"
"25052","Orosztony","2000 4 2","42","2","30","HU223","196","0","9999","2","3400","09","99","99","3","4","9","9","2"
"25061","Szabadszállás","0300 3 2","30","3","70","HU331","043","0","9999","3","1600","05","99","99","9","2","1","9","3"
"25070","Somogyhatvan","0200 4 2","42","2","40","HU231","033","0","9999","9","9993","08","99","99","1","2","1","9","4"
"25089","Mezőszemere","1000 4 2","42","3","50","HU312","105","0","9999","9","9991","02","99","99","1","2","1","9","1"
"25098","Bénye","1300 4 2","42","1","12","HU120","130","0","9999","3","1600","01","99","99","9","9","9","9","9"
"25104","Hangony","0500 4 2","42","3","50","HU311","062","0","9999","9","9991","02","99","99","3","3","1","9","1"
"25113","Tótszerdahely","2000 4 2","42","2","30","HU223","195","0","9999","9","9993","09","99","99","9","1","9","9","2"
"25122","Zaláta","0200 4 2","42","2","40","HU231","030","0","9999","9","9993","08","99","99","3","3","1","9","4"
"25131","Esztergom","1100 2 2","20","2","20","HU212","110","1","3171","5","1700","01","99","99","9","9","9","9","2"
"25140","Sárosd","0700 4 2","41","2","20","HU211","085","0","3103","9","9993","06","99","99","9","9","9","9","2"
"25159","Bánhorváti","0500 4 2","42","3","50","HU311","058","0","9999","9","9991","02","99","99","2","1","9","9","1"
"25168","Sarkadkeresztúr","0400 4 2","42","3","70","HU332","051","0","9999","9","9992","05","99","99","1","3","1","9","3"
"25177","Magyarbóly","0200 4 2","42","2","40","HU231","031","0","9999","9","9993","08","99","99","9","1","9","9","4"
"25186","Jászjákóhalma","1600 4 2","42","3","60","HU322","162","0","9999","9","9992","03","99","99","9","1","9","9","1"
"25195","Bogács","0500 4 2","42","3","50","HU311","060","0","9999","4","3000","02","99","99","9","1","9","9","1"
"25201","Nagytevel","1900 4 2","42","2","20","HU213","187","0","9999","9","9993","06","99","99","9","1","9","9","2"
"25210","Murakeresztúr","2000 4 2","42","2","30","HU223","196","0","3153","9","9993","09","99","99","9","4","9","9","2"
"25229","Bakonysárkány","1100 4 2","42","2","20","HU212","111","0","9999","9","9993","06","99","99","9","1","9","9","2"
"25238","Filkeháza","0500 4 2","42","3","50","HU311","065","0","9999","9","9991","02","99","99","3","1","1","9","1"
"25247","Köblény","0200 4 2","42","2","40","HU231","026","0","9999","9","9993","08","99","99","3","9","1","9","4"
"25256","Bihardancsháza","0900 4 2","42","3","60","HU321","102","0","9999","9","9992","03","99","99","3","3","1","9","1"
"25265","Alattyán","1600 4 2","42","3","60","HU322","161","0","9999","9","9992","03","99","99","9","3","1","9","1"
"25274","Tolna","1700 3 2","30","2","40","HU233","175","1","9999","1","3500","08","99","99","9","9","9","3","4"
"25283","Alsószentiván","0700 4 2","42","2","20","HU211","084","0","9999","9","9993","06","99","99","9","3","1","3","2"
"25292","Regenye","0200 4 2","42","2","40","HU231","028","0","9999","9","9993","08","99","99","3","9","9","9","4"
"25308","Balatonakali","1900 4 2","42","2","20","HU213","185","0","2013","2","1900","07","99","99","9","9","9","1","2"
"25326","Erdőbénye","0500 4 2","42","3","50","HU311","069","0","9999","6","3300","02","99","08","3","2","1","2","1"
"25335","Rábapatona","0800 4 2","42","2","30","HU221","087","0","1013","9","9993","09","99","99","9","9","9","9","2"
"25344","Sárkeresztúr","0700 4 2","42","2","20","HU211","084","0","3103","9","9993","06","99","99","3","3","1","9","2"
"25353","Kemendollár","2000 4 2","42","2","30","HU223","197","0","2043","9","9993","09","99","99","9","9","9","9","2"
"25362","Dunabogdány","1300 4 2","42","1","12","HU120","135","0","0063","9","9993","01","99","99","9","9","9","4","9"
"25371","Magyaregres","1400 4 2","42","2","40","HU232","143","0","3033","9","9993","08","99","99","2","1","9","9","4"
"25380","Selyeb","0500 4 2","42","3","50","HU311","067","0","9999","9","9991","02","99","99","3","3","1","9","1"
"25399","Igrici","0500 4 2","42","3","50","HU311","059","0","9999","9","9991","04","99","99","9","3","1","9","1"
"25405","Budapest 08. ker.","0108 9 9","90","1","11","HU110","008","1","0001","9","9991","01","99","99","9","9","9","4","9"
"25414","Németfalu","2000 4 2","42","2","30","HU223","197","0","2043","9","9993","09","99","99","9","9","9","9","2"
"25423","Magyarszombatfa","1800 4 2","42","2","30","HU222","177","0","9999","9","9993","09","99","99","9","4","9","9","2"
"25432","Tabdi","0300 4 2","42","3","70","HU331","039","0","9999","3","1600","05","99","99","9","1","9","9","3"
"25441","Benk","1500 4 2","42","3","60","HU323","160","0","9999","9","9992","03","99","99","3","3","1","9","1"
"25450","Öskü","1900 4 2","42","2","20","HU213","190","0","3133","9","9993","06","99","99","9","9","9","9","2"
"25469","Esztár","0900 4 2","42","3","60","HU321","096","0","9999","9","9992","03","99","99","1","3","1","9","1"
"25478","Oltárc","2000 4 2","42","2","30","HU223","195","0","9999","9","9993","09","99","99","3","1","9","9","2"
"25487","Leányvár","1100 4 2","42","2","20","HU212","110","0","9999","9","9993","01","99","99","9","9","9","9","2"
"25496","Endrefalva","1200 4 2","42","3","50","HU313","121","0","9999","9","9991","02","99","99","3","3","1","9","1"
"25502","Csárdaszállás","0400 4 2","42","3","70","HU332","047","0","9999","9","9992","05","99","99","1","1","1","9","3"
"25511","Nemeskisfalud","1400 4 2","42","2","40","HU232","144","0","9999","9","9993","08","99","99","1","1","9","9","4"
"25520","Nagyszakácsi","1400 4 2","42","2","40","HU232","144","0","9999","2","2600","08","99","99","3","1","9","9","4"
"25539","Györe","1700 4 2","42","2","40","HU233","170","0","9999","1","3500","08","99","99","9","9","9","9","4"
"25548","Karancsberény","1200 4 2","42","3","50","HU313","120","0","3063","9","9991","02","99","99","2","1","1","9","1"
"25566","Hárskút","1900 4 2","42","2","20","HU213","191","0","3133","9","9993","06","99","99","9","9","9","9","2"
"25575","Cserépváralja","0500 4 2","42","3","50","HU311","060","0","9999","4","3000","02","99","99","9","1","9","9","1"
"25584","Győr","0800 2 1","20","2","30","HU221","087","1","1011","5","2300","09","99","99","9","9","9","9","2"
"25593","Sümeg","1900 3 2","30","2","20","HU213","188","1","9999","2","2000","06","99","99","9","1","9","9","2"
"25609","Nemessándorháza","2000 4 2","42","2","30","HU223","197","0","2043","9","9993","09","99","99","9","9","9","9","2"
"25618","Méra","0500 4 2","42","3","50","HU311","056","0","9999","9","9991","02","99","99","9","3","1","9","1"
"25627","Gyál","1300 3 2","30","1","12","HU120","129","1","0032","9","9992","01","99","99","9","9","9","4","9"
"25636","Ibrány","1500 3 2","30","3","60","HU323","151","1","9999","9","9992","03","99","99","2","3","1","9","1"
"25645","Sióagárd","1700 4 2","42","2","40","HU233","173","0","3093","1","2800","08","99","99","9","9","9","3","4"
"25654","Kerta","1900 4 2","42","2","20","HU213","186","0","9999","9","9993","06","99","99","9","3","1","9","2"
"25663","Galgaguta","1200 4 2","42","3","50","HU313","116","0","9999","9","9991","02","99","99","9","1","9","9","1"
"25672","Hidvégardó","0500 4 2","42","3","50","HU311","055","0","9999","9","9991","02","03","03","1","3","1","9","1"
"25681","Cserénfa","1400 4 2","42","2","40","HU232","143","0","3033","9","9993","08","99","99","1","1","9","9","4"
"25690","Domaháza","0500 4 2","42","3","50","HU311","062","0","9999","9","9991","02","99","99","3","3","1","9","1"
"25706","Szentbalázs","1400 4 2","42","2","40","HU232","143","0","3033","9","9993","08","99","99","9","1","9","9","4"
"25715","Moha","0700 4 2","42","2","20","HU211","085","0","3103","9","9993","06","99","99","9","9","9","9","2"
"25724","Sopronkövesd","0800 4 2","42","2","30","HU221","091","0","9999","9","9993","09","99","99","9","9","9","9","2"
"25733","Mártély","0600 4 2","42","3","70","HU333","071","0","9999","9","9992","05","99","99","9","1","9","9","3"
"25742","Kány","0500 4 2","42","3","50","HU311","056","0","9999","9","9991","02","99","99","1","3","1","9","1"
"25751","Pákozd","0700 4 2","41","2","20","HU211","080","0","3103","5","2100","06","99","99","9","9","9","9","2"
"25760","Meggyeskovácsi","1800 4 2","42","2","30","HU222","179","0","2033","9","9993","09","99","99","9","9","9","9","2"
"25779","Somlószőlős","1900 4 2","42","2","20","HU213","186","0","9999","2","2400","06","99","99","1","3","1","9","2"
"25788","Salgótarján","1200 2 1","20","3","50","HU313","120","1","3061","9","9991","02","99","99","9","1","1","9","1"
"25797","Vitnyéd","0800 4 2","42","2","30","HU221","088","0","9999","9","9993","09","99","99","9","4","9","9","2"
"25803","Hegymagas","1900 4 2","42","2","20","HU213","189","0","9999","2","1800","07","99","99","9","9","9","1","2"
"25812","Ág","0200 4 2","42","2","40","HU231","025","0","9999","9","9993","08","99","99","3","3","1","9","4"
"25821","Erdősmárok","0200 4 2","42","2","40","HU231","027","0","9999","9","9993","08","99","99","2","1","9","9","4"
"25830","Hajmás","1400 4 2","42","2","40","HU232","143","0","9999","9","9993","08","99","99","3","1","9","9","4"
"25849","Rigács","1900 4 2","42","2","20","HU213","188","0","9999","9","9993","06","99","99","3","1","9","9","2"
"25858","Köveskál","1900 4 2","42","2","20","HU213","189","0","9999","2","2000","07","99","99","2","9","9","1","2"
"25867","Kaposhomok","1400 4 2","42","2","40","HU232","143","0","9999","2","2600","08","99","99","3","1","9","9","4"
"25876","Told","0900 4 2","42","3","60","HU321","094","0","9999","9","9992","03","99","99","3","3","1","9","1"
"25885","Dobri","2000 4 2","42","2","30","HU223","194","0","9999","2","3400","09","99","99","3","1","9","9","2"
"25894","Monostorpályi","0900 4 2","42","3","60","HU321","096","0","3023","9","9992","03","99","99","9","3","1","9","1"
"25900","Tömörkény","0600 4 2","42","3","70","HU333","070","0","9999","9","9992","05","99","99","1","1","9","9","3"
"25919","Kisújszállás","1600 3 2","30","3","60","HU322","163","0","9999","9","9992","03","99","99","9","2","1","9","1"
"25928","Nyírkércs","1500 4 2","42","3","60","HU323","148","0","9999","9","9992","03","99","99","9","3","1","9","1"
"25937","Balotaszállás","0300 4 2","42","3","70","HU331","041","0","9999","3","1600","05","99","99","1","1","9","9","3"
"25946","Egyházasrádóc","1800 4 2","42","2","30","HU222","177","0","2033","9","9993","09","99","99","9","4","9","9","2"
"25955","Nagybaracska","0300 4 2","42","3","70","HU331","035","0","9999","3","1500","05","99","99","1","1","9","9","3"
"25964","Konyár","0900 4 2","42","3","60","HU321","096","0","9999","9","9992","03","99","99","3","3","1","9","1"
"25973","Nyírcsászári","1500 4 2","42","3","60","HU323","156","0","9999","9","9992","03","99","99","3","3","1","9","1"
"25982","Vassurány","1800 4 2","42","2","30","HU222","181","0","2033","9","9993","09","99","99","9","9","9","9","2"
"25991","Bakonynána","1900 4 2","42","2","20","HU213","192","0","9999","9","9993","06","99","99","9","9","9","9","2"
"26000","Velem","1800 4 2","42","2","30","HU222","178","0","9999","9","9993","09","99","99","9","9","9","9","2"
"26019","Egerbocs","1000 4 2","42","3","50","HU312","104","0","2023","9","9991","02","99","99","9","9","1","9","1"
"26028","Nagybánhegyes","0400 4 2","42","3","70","HU332","049","0","9999","9","9992","05","99","99","9","3","1","9","3"
"26037","Kékkút","1900 4 2","42","2","20","HU213","189","0","9999","9","9993","07","99","99","9","9","9","1","2"
"26046","Kőszegpaty","1800 4 2","42","2","30","HU222","178","0","2033","9","9993","09","99","99","9","9","9","9","2"
"26055","Hőgyész","1700 4 2","41","2","40","HU233","174","0","9999","1","3500","08","99","99","9","3","1","3","4"
"26064","Csipkerek","1800 4 2","42","2","30","HU222","182","0","2033","9","9993","09","99","99","1","2","1","9","2"
"26073","Rábapaty","1800 4 2","42","2","30","HU222","179","0","9999","9","9993","09","99","99","9","9","9","9","2"
"26082","Cserdi","0200 4 2","42","2","40","HU231","032","0","9999","9","9993","08","99","99","1","1","9","9","4"
"26091","Lónya","1500 4 2","42","3","60","HU323","159","0","9999","9","9992","03","99","99","3","3","1","9","1"
"26107","Csegöld","1500 4 2","42","3","60","HU323","150","0","9999","9","9992","03","99","99","3","3","1","9","1"
"26116","Sáp","0900 4 2","42","3","60","HU321","102","0","9999","9","9992","03","99","99","3","3","1","9","1"
"26125","Aparhant","1700 4 2","42","2","40","HU233","170","0","9999","1","3500","08","99","99","9","9","9","9","4"
"26134","Nagyvenyim","0700 4 2","41","2","20","HU211","078","0","3143","9","9993","06","99","99","9","9","9","9","2"
"26143","Nagysimonyi","1800 4 2","42","2","30","HU222","176","0","9999","9","9993","09","99","99","9","1","9","9","2"
"26152","Gérce","1800 4 2","42","2","30","HU222","179","0","9999","9","9993","09","99","99","9","9","9","9","2"
"26161","Szijártóháza","2000 4 2","42","2","30","HU223","194","0","9999","9","9993","09","99","99","9","1","9","9","2"
"26170","Hajdúbagos","0900 4 2","42","3","60","HU321","096","0","3023","9","9992","03","99","99","1","3","1","9","1"
"26189","Békéssámson","0400 4 2","42","3","70","HU332","050","0","9999","9","9992","05","99","99","9","1","9","9","3"
"26198","Arka","0500 4 2","42","3","50","HU311","057","0","9999","9","9991","02","99","99","9","3","1","9","1"
"26204","Várkesző","1900 4 2","42","2","20","HU213","187","0","9999","9","9993","06","99","99","9","1","9","9","2"
"26213","Szigetmonostor","1300 4 2","42","1","12","HU120","135","0","0063","9","9993","01","99","99","9","9","9","4","9"
"26222","Gadány","1400 4 2","42","2","40","HU232","144","0","9999","9","9993","08","99","99","1","1","9","9","4"
"26231","Ládbesenyő","0500 4 2","42","3","50","HU311","055","0","9999","9","9991","02","99","99","3","3","1","9","1"
"26240","Nemesládony","1800 4 2","42","2","30","HU222","179","0","9999","9","9993","09","99","99","9","9","9","9","2"
"26259","Szigetbecse","1300 4 2","42","1","12","HU120","134","0","9999","9","9992","01","99","99","9","4","9","9","9"
"26268","Valkonya","2000 4 2","42","2","30","HU223","195","0","9999","2","3400","09","99","99","9","1","9","9","2"
"26277","Bőszénfa","1400 4 2","42","2","40","HU232","143","0","9999","9","9993","08","99","99","9","1","9","9","4"
"26286","Mezőhék","1600 4 2","42","3","60","HU322","166","0","9999","9","9992","03","99","99","9","1","1","9","1"
"26295","Kisbárkány","1200 4 2","42","3","50","HU313","120","0","9999","9","9991","02","99","99","9","1","1","9","1"
"26301","Inke","1400 4 2","42","2","40","HU232","141","0","9999","9","9993","08","99","99","3","3","1","9","4"
"26310","Rém","0300 4 2","42","3","70","HU331","036","0","9999","3","1500","05","99","99","3","3","1","9","3"
"26329","Nyugotszenterzsébet","0200 4 2","42","2","40","HU231","033","0","9999","1","2700","08","99","99","3","2","1","9","4"
"26338","Abaújszolnok","0500 4 2","42","3","50","HU311","067","0","9999","9","9991","02","99","99","1","3","1","9","1"
"26347","Ebergőc","0800 4 2","42","2","30","HU221","091","0","3073","9","9993","09","99","99","9","9","9","9","2"
"26356","Berzék","0500 4 2","42","3","50","HU311","061","0","9999","9","9991","02","99","99","9","9","9","9","1"
"26365","Nyírmihálydi","1500 4 2","42","3","60","HU323","156","0","9999","9","9992","03","99","99","3","3","1","9","1"
"26374","Magyargencs","1900 4 2","42","2","20","HU213","187","0","9999","9","9993","06","99","99","9","1","9","9","2"
"26383","Gátér","0300 4 2","42","3","70","HU331","040","0","9999","9","9992","05","99","99","9","1","9","9","3"
"26392","Pamuk","1400 4 2","42","2","40","HU232","142","0","9999","9","9993","08","99","99","3","1","1","9","4"
"26408","Komló","0200 3 2","30","2","40","HU231","026","1","9999","9","9993","08","99","99","9","9","1","9","4"
"26417","Bakonyszücs","1900 4 2","42","2","20","HU213","187","0","9999","9","9993","06","99","99","9","1","9","9","2"
"26426","Vép","1800 3 2","30","2","30","HU222","181","0","2033","9","9993","09","99","99","9","9","9","9","2"
"26435","Nyíri","0500 4 2","42","3","50","HU311","065","0","9999","9","9991","02","99","99","3","1","1","9","1"
"26444","Maglóca","0800 4 2","42","2","30","HU221","086","0","9999","9","9993","09","99","99","9","4","9","9","2"
"26453","Kadarkút","1400 3 2","30","2","40","HU232","143","0","9999","9","9993","08","99","99","3","1","1","9","4"
"26462","Balatonmagyaród","2000 4 2","42","2","30","HU223","196","0","9999","9","9993","07","99","99","9","4","9","1","2"
"26471","Csátalja","0300 4 2","42","3","70","HU331","035","0","9999","3","1500","05","99","99","1","1","9","9","3"
"26480","Barabás","1500 4 2","42","3","60","HU323","159","0","9999","4","3000","03","99","99","3","3","1","9","1"
"26499","Zirc","1900 3 2","30","2","20","HU213","192","1","3133","9","9993","06","99","99","9","9","9","9","2"
"26505","Nagykinizs","0500 4 2","42","3","50","HU311","067","0","9999","9","9991","02","99","99","1","3","1","9","1"
"26514","Olaszfalu","1900 4 2","42","2","20","HU213","192","0","3133","9","9993","06","99","99","9","9","9","9","2"
"26523","Nóráp","1900 4 2","42","2","20","HU213","187","0","9999","9","9993","06","99","99","9","1","9","9","2"
"26532","Böhönye","1400 4 2","42","2","40","HU232","144","0","9999","2","2600","08","99","99","2","1","9","9","4"
"26541","Kup","1900 4 2","42","2","20","HU213","187","0","9999","9","9993","06","99","99","9","1","9","9","2"
"26550","Ömböly","1500 4 2","42","3","60","HU323","156","0","9999","9","9992","03","99","99","3","3","1","9","1"
"26569","Somlóvásárhely","1900 4 2","42","2","20","HU213","186","0","9999","2","2400","06","99","99","9","3","1","9","2"
"26578","Szigetvár","0200 3 2","30","2","40","HU231","033","1","9999","1","2700","08","99","99","9","2","1","9","4"
"26587","Rajka","0800 4 2","42","2","30","HU221","089","0","9999","9","9993","09","99","99","9","9","9","9","2"
"26596","Kercaszomor","1800 4 2","42","2","30","HU222","177","0","9999","9","9993","09","99","99","9","4","9","9","2"
"26602","Köröm","0500 4 2","42","3","50","HU311","061","0","9999","9","9991","02","99","99","3","9","9","9","1"
"26611","Újfehértó","1500 3 2","30","3","60","HU323","157","0","9999","9","9992","03","99","99","9","9","9","9","1"
"26620","Katafa","1800 4 2","42","2","30","HU222","177","0","9999","9","9993","09","99","99","9","4","9","9","2"
"26639","Pusztaszentlászló","2000 4 2","42","2","30","HU223","197","0","2043","9","9993","09","99","99","9","9","9","9","2"
"26648","Vaszar","1900 4 2","42","2","20","HU213","187","0","9999","9","9993","06","99","99","9","1","9","9","2"
"26657","Járdánháza","0500 4 2","42","3","50","HU311","062","0","9999","9","9991","02","99","99","3","3","1","9","1"
"26666","Kiszombor","0600 4 2","41","3","70","HU333","073","0","9999","9","9992","05","99","99","9","1","9","9","3"
"26675","Lengyeltóti","1400 3 2","30","2","40","HU232","142","0","9999","2","2600","07","99","99","9","1","1","1","4"
"26684","Kecskemét","0300 2 1","20","3","70","HU331","038","1","3041","3","1600","05","99","99","9","9","9","9","3"
"26693","Báránd","0900 4 2","42","3","60","HU321","102","0","9999","9","9992","03","99","99","1","3","1","9","1"
"26709","Csorvás","0400 3 2","30","3","70","HU332","046","0","9999","9","9992","05","99","99","9","9","9","9","3"
"26718","Abaújkér","0500 4 2","42","3","50","HU311","057","0","9999","9","9991","02","99","99","9","3","1","9","1"
"26727","Grábóc","1700 4 2","42","2","40","HU233","170","0","9999","1","3500","08","99","99","1","9","9","9","4"
"26736","Rábagyarmat","1800 4 2","42","2","30","HU222","180","0","9999","9","9993","09","99","99","9","9","9","9","2"
"26745","Parasznya","0500 4 2","42","3","50","HU311","061","0","1023","9","9991","02","99","99","9","9","9","9","1"
"26754","Rinyaszentkirály","1400 4 2","42","2","40","HU232","145","0","9999","9","9993","08","99","99","3","2","1","9","4"
"26763","Simaság","1800 4 2","42","2","30","HU222","179","0","9999","9","9993","09","99","99","9","9","9","9","2"
"26772","Csánig","1800 4 2","42","2","30","HU222","179","0","9999","9","9993","09","99","99","9","9","9","9","2"
"26781","Várda","1400 4 2","42","2","40","HU232","143","0","3033","9","9993","08","99","99","9","1","9","9","4"
"26790","Halászi","0800 4 2","42","2","30","HU221","089","0","9999","9","9993","09","99","99","9","9","9","9","2"
"26806","Rönök","1800 4 2","42","2","30","HU222","180","0","9999","9","9993","09","99","99","2","9","9","9","2"
"26815","Vecsés","1300 3 2","30","1","12","HU120","139","1","0033","9","9992","01","99","99","9","9","9","4","9"
"26824","Alap","0700 4 2","42","2","20","HU211","084","0","9999","9","9993","06","99","99","9","3","1","3","2"
"26833","Iliny","1200 4 2","42","3","50","HU313","116","0","9999","9","9991","02","99","99","3","1","9","9","1"
"26842","Zselickisfalud","1400 4 2","42","2","40","HU232","143","0","3033","9","9993","08","99","99","3","1","1","9","4"
"26851","Csengerújfalu","1500 4 2","42","3","60","HU323","149","0","9999","9","9992","03","99","99","3","3","1","9","1"
"26860","Gyarmat","0800 4 2","42","2","30","HU221","092","0","1013","9","9993","09","99","99","9","1","9","9","2"
"26879","Nagyfüged","1000 4 2","42","3","50","HU312","106","0","9999","9","9991","02","99","99","1","9","9","9","1"
"26888","Kazsok","1400 4 2","42","2","40","HU232","143","0","9999","9","9993","08","99","99","3","1","9","9","4"
"26897","Karancsság","1200 4 2","42","3","50","HU313","120","0","9999","9","9991","02","99","99","3","1","1","9","1"
"26903","Sárisáp","1100 4 2","42","2","20","HU212","110","0","9999","9","9993","06","99","99","9","9","9","9","2"
"26921","Ásványráró","0800 4 2","42","2","30","HU221","089","0","1013","9","9993","09","99","99","9","9","9","9","2"
"26930","Mocsa","1100 4 2","42","2","20","HU212","112","0","9999","5","1700","06","99","99","9","9","9","9","2"
"26949","Sajókeresztúr","0500 4 2","42","3","50","HU311","061","0","1023","9","9991","02","99","99","9","9","9","9","1"
"26958","Balkány","1500 3 2","30","3","60","HU323","155","0","9999","9","9992","03","99","99","3","2","1","9","1"
"26967","Magyargéc","1200 4 2","42","3","50","HU313","121","0","9999","9","9991","02","99","99","3","3","1","9","1"
"26976","Nagyhódos","1500 4 2","42","3","60","HU323","150","0","9999","9","9992","03","99","99","1","3","1","9","1"
"26985","Csővár","1300 4 2","42","1","12","HU120","138","0","9999","9","9991","01","99","99","9","9","9","9","9"
"26994","Tótszentgyörgy","0200 4 2","42","2","40","HU231","033","0","9999","9","9993","08","99","99","3","2","1","9","4"
"27012","Váraszó","1000 4 2","42","3","50","HU312","109","0","9999","9","9991","02","99","99","9","2","1","9","1"
"27021","Kisharsány","0200 4 2","42","2","40","HU231","031","0","9999","1","2900","08","99","99","2","1","9","9","4"
"27030","Gyanógeregye","1800 4 2","42","2","30","HU222","181","0","2033","9","9993","09","99","99","9","9","9","9","2"
"27049","Becskeháza","0500 4 2","42","3","50","HU311","055","0","9999","9","9991","02","99","99","3","3","1","9","1"
"27058","Békás","1900 4 2","42","2","20","HU213","187","0","9999","9","9993","06","99","99","9","1","9","9","2"
"27067","Magyarsarlós","0200 4 2","42","2","40","HU231","028","0","1033","9","9993","08","99","99","9","9","9","9","4"
"27076","Nagysáp","1100 4 2","42","2","20","HU212","110","0","9999","9","9993","06","99","99","9","9","9","9","2"
"27085","Cakóháza","0800 4 2","42","2","30","HU221","086","0","9999","9","9993","09","99","99","1","4","9","9","2"
"27094","Celldömölk","1800 3 2","30","2","30","HU222","176","1","9999","2","2400","09","99","99","9","1","9","9","2"
"27100","Vasmegyer","1500 4 2","42","3","60","HU323","152","0","3053","9","9992","03","99","99","3","3","1","9","1"
"27119","Nemesborzova","1500 4 2","42","3","60","HU323","150","0","9999","9","9992","03","99","99","3","3","1","9","1"
"27128","Galgamácsa","1300 4 2","42","1","12","HU120","122","0","9999","9","9991","01","99","99","9","4","9","9","9"
"27137","Mencshely","1900 4 2","42","2","20","HU213","191","0","9999","2","1900","07","99","99","9","9","9","1","2"
"27146","Komoró","1500 4 2","42","3","60","HU323","160","0","9999","9","9992","03","99","99","3","3","1","9","1"
"27155","Nagyhalász","1500 3 2","30","3","60","HU323","151","0","9999","9","9992","03","99","99","2","3","1","9","1"
"27164","Nagypeterd","0200 4 2","42","2","40","HU231","033","0","9999","1","2700","08","99","99","9","2","1","9","4"
"27173","Sajólád","0500 4 2","42","3","50","HU311","061","0","1023","9","9991","02","99","99","9","9","9","9","1"
"27182","Nagykónyi","1700 4 2","42","2","40","HU233","174","0","9999","9","9993","08","99","99","3","3","1","3","4"
"27191","Novajidrány","0500 4 2","42","3","50","HU311","056","0","9999","9","9991","02","99","99","3","3","1","9","1"
"27207","Zalagyömörő","1900 4 2","42","2","20","HU213","188","0","9999","9","9993","06","99","99","9","1","9","9","2"
"27216","Ostoros","1000 4 2","42","3","50","HU312","104","0","2023","4","3100","02","99","99","9","9","9","9","1"
"27225","Kálmánháza","1500 4 2","42","3","60","HU323","157","0","9999","9","9992","03","99","99","9","9","9","9","1"
"27234","Bácsborsód","0300 4 2","42","3","70","HU331","034","0","9999","9","9992","05","99","99","9","3","1","9","3"
"27243","Kisbágyon","1200 4 2","42","3","50","HU313","118","0","9999","9","9991","02","99","99","9","1","1","9","1"
"27252","Tiszanagyfalu","1500 4 2","42","3","60","HU323","157","0","9999","9","9992","03","99","99","2","9","1","9","1"
"27261","Tisztaberek","1500 4 2","42","3","60","HU323","150","0","9999","9","9992","03","99","99","3","3","1","9","1"
"27270","Csömend","1400 4 2","42","2","40","HU232","144","0","9999","9","9993","07","99","99","3","1","9","1","4"
"27289","Magyarnádalja","1800 4 2","42","2","30","HU222","177","0","9999","9","9993","09","99","99","9","4","9","9","2"
"27298","Apátvarasd","0200 4 2","42","2","40","HU231","029","0","9999","9","9993","08","99","99","1","1","9","9","4"
"27304","Potyond","0800 4 2","42","2","30","HU221","086","0","9999","9","9993","09","99","99","9","4","9","9","2"
"27313","Törökszentmiklós","1600 3 2","30","3","60","HU322","169","1","9999","9","9992","03","99","99","9","2","1","9","1"
"27322","Vámosatya","1500 4 2","42","3","60","HU323","159","0","9999","9","9992","03","99","99","3","3","1","9","1"
"27331","Sajóecseg","0500 4 2","42","3","50","HU311","061","0","1023","9","9991","02","99","99","9","9","9","9","1"
"27340","Nógrádszakál","1200 4 2","42","3","50","HU313","121","0","9999","9","9991","02","99","99","3","3","1","9","1"
"27359","Mecsér","0800 4 2","42","2","30","HU221","089","0","1013","9","9993","09","99","99","9","9","9","9","2"
"27368","Segesd","1400 4 2","42","2","40","HU232","145","0","9999","9","9993","08","99","99","3","2","1","9","4"
"27377","Balatonberény","1400 4 2","42","2","40","HU232","144","0","2013","2","2600","07","99","99","2","1","9","1","4"
"27386","Tatárszentgyörgy","1300 4 2","42","1","12","HU120","125","0","9999","9","9992","01","99","99","3","4","9","9","9"
"27395","Mályi","0500 4 2","42","3","50","HU311","061","0","1023","4","3000","02","99","99","9","9","9","9","1"
"27401","Egyházaskozár","0200 4 2","42","2","40","HU231","026","0","9999","9","9993","08","99","99","9","9","1","9","4"
"27410","Putnok","0500 3 2","30","3","50","HU311","063","1","9999","9","9991","02","99","99","9","3","1","9","1"
"27429","Bódvalenke","0500 4 2","42","3","50","HU311","055","0","9999","9","9991","02","99","99","3","3","1","9","1"
"27438","Örménykút","0400 4 2","42","3","70","HU332","052","0","9999","9","9992","05","99","99","1","1","9","9","3"
"27447","Barlahida","2000 4 2","42","2","30","HU223","194","0","9999","9","9993","09","99","99","2","1","9","9","2"
"27456","Szendrőlád","0500 4 2","42","3","50","HU311","055","0","9999","9","9991","02","99","99","3","3","1","9","1"
"27465","Pusztaederics","2000 4 2","42","2","30","HU223","197","0","2043","9","9993","09","99","99","9","9","9","9","2"
"27474","Sárospatak","0500 3 2","30","3","50","HU311","064","1","9999","6","3300","02","08","08","9","1","1","2","1"
"27483","Lendvadedes","2000 4 2","42","2","30","HU223","194","0","9999","9","9993","09","99","99","1","1","9","9","2"
"27492","Csöde","2000 4 2","42","2","30","HU223","197","0","9999","9","9993","09","99","99","9","9","9","9","2"
"27508","Szágy","0200 4 2","42","2","40","HU231","025","0","9999","9","9993","08","99","99","3","3","1","9","4"
"27517","Besenyőtelek","1000 4 2","42","3","50","HU312","105","0","9999","9","9991","04","99","99","9","2","1","9","1"
"27526","Miháld","2000 4 2","42","2","30","HU223","196","0","9999","2","3400","09","99","99","3","4","9","9","2"
"27535","Somogysimonyi","1400 4 2","42","2","40","HU232","144","0","9999","9","9993","08","99","99","9","1","9","9","4"
"27544","Tiszaszentmárton","1500 4 2","42","3","60","HU323","160","0","9999","9","9992","03","99","99","3","3","1","9","1"
"27553","Pogányszentpéter","1400 4 2","42","2","40","HU232","141","0","9999","9","9993","08","99","99","2","3","1","9","4"
"27562","Zalaszombatfa","2000 4 2","42","2","30","HU223","194","0","9999","9","9993","09","99","99","9","1","9","9","2"
"27571","Kelebia","0300 4 2","42","3","70","HU331","041","0","9999","3","1600","05","99","99","9","1","1","9","3"
"27580","Nemti","1200 4 2","42","3","50","HU313","117","0","9999","9","9991","02","99","99","9","1","1","9","1"
"27599","Nadap","0700 4 2","42","2","20","HU211","080","0","9999","5","2100","06","99","99","9","9","9","9","2"
"27605","Nagytálya","1000 4 2","42","3","50","HU312","104","0","2023","4","3100","02","99","99","9","9","9","9","1"
"27614","Zimány","1400 4 2","42","2","40","HU232","143","0","3033","9","9993","08","99","99","9","1","9","9","4"
"27623","Újlőrincfalva","1000 4 2","42","3","50","HU312","105","0","9999","9","9991","04","05","99","1","2","1","9","1"
"27632","Úny","1100 4 2","42","2","20","HU212","110","0","9999","9","9993","06","99","99","9","9","9","9","2"
"27641","Álmosd","0900 4 2","42","3","60","HU321","101","0","9999","9","9992","03","99","99","3","3","1","9","1"
"27650","Rózsaszentmárton","1000 4 2","42","3","50","HU312","107","0","9999","4","3200","02","99","99","9","9","9","9","1"
"27669","Dubicsány","0500 4 2","42","3","50","HU311","063","0","9999","9","9991","02","99","99","9","3","1","9","1"
"27678","Magyaralmás","0700 4 2","42","2","20","HU211","082","0","3103","9","9993","06","99","99","9","9","9","9","2"
"27687","Kosd","1300 4 2","42","1","12","HU120","138","0","9999","9","9991","01","99","99","9","9","9","9","9"
"27696","Maklár","1000 4 2","42","3","50","HU312","104","0","2023","4","3100","02","99","99","9","9","9","9","1"
"27702","Tékes","0200 4 2","42","2","40","HU231","025","0","9999","9","9993","08","99","99","3","3","1","9","4"
"27711","Izmény","1700 4 2","42","2","40","HU233","170","0","9999","1","3500","08","99","99","9","9","9","9","4"
"27720","Salomvár","2000 4 2","42","2","30","HU223","197","0","2043","9","9993","09","99","99","9","9","9","9","2"
"27739","Dunakiliti","0800 4 2","42","2","30","HU221","089","0","9999","9","9993","09","99","99","9","9","9","9","2"
"27748","Pap","1500 4 2","42","3","60","HU323","153","0","9999","9","9992","03","99","99","9","1","1","9","1"
"27757","Sajóvelezd","0500 4 2","42","3","50","HU311","063","0","9999","9","9991","02","99","99","9","3","1","9","1"
"27766","Kisszékely","1700 4 2","42","2","40","HU233","174","0","9999","1","3500","08","99","99","9","3","1","3","4"
"27775","Óhíd","2000 4 2","42","2","30","HU223","198","0","9999","9","9993","09","99","99","2","1","9","9","2"
"27784","Iharosberény","1400 4 2","42","2","40","HU232","141","0","9999","9","9993","08","99","99","3","3","1","9","4"
"27793","Szergény","1800 4 2","42","2","30","HU222","176","0","9999","9","9993","09","99","99","1","1","9","9","2"
"27809","Mátételke","0300 4 2","42","3","70","HU331","034","0","9999","9","9992","05","99","99","1","3","1","9","3"
"27818","Homokbödöge","1900 4 2","42","2","20","HU213","187","0","9999","9","9993","06","99","99","9","1","9","9","2"
"27827","Káva","1300 4 2","42","1","12","HU120","130","0","9999","9","9992","01","99","99","9","9","9","9","9"
"27836","Tornaszentandrás","0500 4 2","42","3","50","HU311","055","0","9999","9","9991","02","03","03","3","3","1","9","1"
"27845","Homokmégy","0300 4 2","42","3","70","HU331","037","0","9999","9","9992","05","99","99","9","1","9","3","3"
"27854","Szolnok","1600 2 1","20","3","60","HU322","167","1","3111","9","9992","03","99","99","9","9","9","9","1"
"27863","Majs","0200 4 2","42","2","40","HU231","027","0","9999","9","9993","08","99","99","9","1","9","9","4"
"27872","Abony","1300 3 2","30","1","12","HU120","124","0","9999","3","1600","01","99","99","9","1","9","9","9"
"27881","Hásságy","0200 4 2","42","2","40","HU231","024","0","1033","1","2700","08","99","99","9","1","9","9","4"
"27890","Bükkaranyos","0500 4 2","42","3","50","HU311","061","0","1023","4","3000","02","99","99","2","9","9","9","1"
"27906","Magyarbánhegyes","0400 4 2","42","3","70","HU332","049","0","9999","9","9992","05","99","99","1","3","1","9","3"
"27915","Mohora","1200 4 2","42","3","50","HU313","116","0","9999","9","9991","02","99","99","3","1","9","9","1"
"27924","Ópályi","1500 4 2","42","3","60","HU323","154","0","9999","9","9992","03","99","99","3","3","1","9","1"
"27933","Himesháza","0200 4 2","42","2","40","HU231","027","0","9999","9","9993","08","99","99","9","1","9","9","4"
"27942","Halmaj","0500 4 2","42","3","50","HU311","067","0","9999","9","9991","02","99","99","9","3","1","9","1"
"27951","Tilaj","2000 4 2","42","2","30","HU223","197","0","9999","9","9993","09","99","99","3","9","9","9","2"
"27960","Sorkikápolna","1800 4 2","42","2","30","HU222","181","0","2033","9","9993","09","99","99","9","9","9","9","2"
"27979","Nagyalásony","1900 4 2","42","2","20","HU213","186","0","9999","9","9993","06","99","99","9","3","1","9","2"
"27988","Nagyszekeres","1500 4 2","42","3","60","HU323","150","0","9999","9","9992","03","99","99","3","3","1","9","1"
"27997","Szemenye","1800 4 2","42","2","30","HU222","182","0","2033","9","9993","09","99","99","1","2","1","9","2"
"28006","Öcsöd","1600 4 2","41","3","60","HU322","165","0","9999","9","9992","03","99","99","1","2","1","9","1"
"28015","Iszkáz","1900 4 2","42","2","20","HU213","186","0","9999","9","9993","06","99","99","1","3","1","9","2"
"28024","Villány","0200 3 2","30","2","40","HU231","031","0","9999","1","2900","08","99","99","9","1","9","9","4"
"28033","Nekézseny","0500 4 2","42","3","50","HU311","062","0","9999","9","9991","02","99","99","2","3","1","9","1"
"28051","Tolcsva","0500 4 2","42","3","50","HU311","064","0","9999","6","3300","02","08","08","9","1","1","2","1"
"28060","Nyírtass","1500 4 2","42","3","60","HU323","153","0","9999","9","9992","03","99","99","9","1","1","9","1"
"28079","Kerecsend","1000 4 2","42","3","50","HU312","104","0","9999","4","3100","02","99","99","2","9","9","9","1"
"28088","Gyöngyöstarján","1000 4 2","42","3","50","HU312","106","0","9999","4","3200","02","99","99","9","9","9","9","1"
"28097","Ipolydamásd","1300 4 2","42","1","12","HU120","137","0","9999","9","9991","01","99","99","9","1","9","9","9"
"28103","Nádudvar","0900 3 2","30","3","60","HU321","100","0","9999","9","9992","03","05","99","9","1","1","9","1"
"28112","Öcs","1900 4 2","42","2","20","HU213","183","0","9999","9","9993","07","99","99","9","9","9","1","2"
"28121","Drávacsepely","0200 4 2","42","2","40","HU231","031","0","9999","9","9993","08","99","99","1","1","1","9","4"
"28130","Kunszentmiklós","0300 3 2","30","3","70","HU331","043","1","9999","3","1600","05","99","99","9","2","1","9","3"
"28149","Mosonszolnok","0800 4 2","42","2","30","HU221","089","0","9999","9","9993","09","99","99","9","9","9","9","2"
"28158","Kisszállás","0300 4 2","42","3","70","HU331","041","0","9999","3","1600","05","99","99","1","1","1","9","3"
"28167","Lovászi","2000 4 2","42","2","30","HU223","194","0","9999","9","9993","09","99","99","9","1","9","9","2"
"28185","Perbál","1300 4 2","42","1","12","HU120","123","0","0053","5","2100","01","99","99","9","9","9","4","9"
"28194","Szuha","1200 4 2","42","3","50","HU313","117","0","9999","9","9991","02","99","99","9","1","1","9","1"
"28200","Ligetfalva","2000 4 2","42","2","30","HU223","193","0","9999","9","9993","09","99","99","9","9","9","9","2"
"28219","Litka","0500 4 2","42","3","50","HU311","056","0","9999","9","9991","02","99","99","1","3","1","9","1"
"28228","Túrkeve","1600 3 2","30","3","60","HU322","166","0","9999","9","9992","03","99","99","9","1","1","9","1"
"28237","Dabrony","1900 4 2","42","2","20","HU213","186","0","9999","9","9993","06","99","99","9","3","1","9","2"
"28246","Beregdaróc","1500 4 2","42","3","60","HU323","159","0","9999","9","9992","03","99","99","3","3","1","9","1"
"28255","Mogyorósbánya","1100 4 2","42","2","20","HU212","110","0","9999","5","1700","06","99","99","9","9","9","9","2"
"28264","Gadács","1400 4 2","42","2","40","HU232","143","0","9999","9","9993","08","99","99","1","1","9","9","4"
"28273","Endrőc","0200 4 2","42","2","40","HU231","033","0","9999","9","9993","08","99","99","3","2","1","9","4"
"28282","Nagyvisnyó","1000 4 2","42","3","50","HU312","103","0","9999","9","9991","02","99","99","9","1","1","9","1"
"28291","Lábod","1400 4 2","42","2","40","HU232","145","0","9999","9","9993","08","99","99","3","2","1","9","4"
"28307","Gagybátor","0500 4 2","42","3","50","HU311","067","0","9999","9","9991","02","99","99","1","3","1","9","1"
"28316","Bábonymegyer","1400 4 2","42","2","40","HU232","147","0","9999","9","9993","07","99","99","3","2","1","1","4"
"28325","Hottó","2000 4 2","42","2","30","HU223","197","0","2043","9","9993","09","99","99","9","9","9","9","2"
"28334","Kapuvár","0800 3 2","30","2","30","HU221","088","1","9999","9","9993","09","99","99","9","4","9","9","2"
"28343","Vaskút","0300 4 2","41","3","70","HU331","035","0","3163","3","1500","05","99","99","9","1","9","9","3"
"28352","Tiszaújváros","0500 3 2","30","3","50","HU311","068","1","9999","9","9991","04","99","99","9","9","9","9","1"
"28361","Potony","1400 4 2","42","2","40","HU232","140","0","9999","9","9993","08","99","99","3","3","1","9","4"
"28370","Apácatorna","1900 4 2","42","2","20","HU213","186","0","9999","9","9993","06","99","99","1","3","1","9","2"
"28389","Kazár","1200 4 2","42","3","50","HU313","120","0","3063","9","9991","02","99","99","3","1","1","9","1"
"28398","Tiszalúc","0500 4 2","41","3","50","HU311","066","0","9999","9","9991","02","99","99","9","2","1","9","1"
"28404","Gyöngyfa","0200 4 2","42","2","40","HU231","032","0","9999","9","9993","08","99","99","3","1","9","9","4"
"28413","Visegrád","1300 3 2","30","1","12","HU120","135","0","0063","9","9993","01","99","99","9","9","9","4","9"
"28422","Nemesvita","1900 4 2","42","2","20","HU213","189","0","9999","2","2000","07","99","99","9","9","9","1","2"
"28431","Kék","1500 4 2","42","3","60","HU323","152","0","9999","9","9992","03","99","99","2","3","1","9","1"
"28440","Nyírgelse","1500 4 2","42","3","60","HU323","156","0","9999","9","9992","03","99","99","9","3","1","9","1"
"28459","Csernely","0500 4 2","42","3","50","HU311","062","0","9999","9","9991","02","99","99","3","3","1","9","1"
"28468","Nagypáli","2000 4 2","42","2","30","HU223","197","0","2043","9","9993","09","99","99","9","9","9","9","2"
"28477","Kisléta","1500 4 2","42","3","60","HU323","156","0","9999","9","9992","03","99","99","3","3","1","9","1"
"28486","Tompa","0300 3 2","30","3","70","HU331","041","0","9999","3","1600","05","99","99","9","1","1","9","3"
"28495","Zalaboldogfa","2000 4 2","42","2","30","HU223","197","0","2043","9","9993","09","99","99","2","9","9","9","2"
"28501","Balatonszőlős","1900 4 2","42","2","20","HU213","185","0","9999","2","1900","07","99","99","9","9","9","1","2"
"28510","Porrogszentpál","1400 4 2","42","2","40","HU232","141","0","9999","9","9993","08","99","99","9","3","1","9","4"
"28529","Varga","0200 4 2","42","2","40","HU231","025","0","9999","9","9993","08","99","99","3","3","1","9","4"
"28538","Vajszló","0200 4 2","41","2","40","HU231","030","0","9999","9","9993","08","99","99","9","3","1","9","4"
"28547","Kovácsvágás","0500 4 2","42","3","50","HU311","065","0","9999","9","9991","02","99","99","1","1","1","9","1"
"28556","Erdőkövesd","1000 4 2","42","3","50","HU312","109","0","9999","9","9991","02","99","99","3","2","1","9","1"
"28565","Sarkad","0400 3 2","30","3","70","HU332","051","1","3013","9","9992","05","99","99","2","3","1","9","3"
"28574","Szabás","1400 4 2","42","2","40","HU232","145","0","9999","9","9993","08","99","99","3","2","1","9","4"
"28583","Áta","0200 4 2","42","2","40","HU231","028","0","1033","9","9993","08","99","99","1","9","9","9","4"
"28592","Pusztaszer","0600 4 2","42","3","70","HU333","072","0","9999","3","1400","05","99","99","1","2","1","9","3"
"28608","Drávaszabolcs","0200 4 2","42","2","40","HU231","031","0","9999","9","9993","08","99","99","2","1","9","9","4"
"28617","Drávacsehi","0200 4 2","42","2","40","HU231","031","0","9999","9","9993","08","99","99","1","1","1","9","4"
"28626","Répceszentgyörgy","1800 4 2","42","2","30","HU222","179","0","9999","9","9993","09","99","99","9","9","9","9","2"
"28635","Teresztenye","0500 4 2","42","3","50","HU311","055","0","9999","9","9991","02","03","03","9","3","1","9","1"
"28644","Úri","1300 4 2","42","1","12","HU120","131","0","9999","9","9992","01","99","99","9","1","9","9","9"
"28653","Szentmártonkáta","1300 4 2","41","1","12","HU120","131","0","9999","9","9992","01","99","99","9","1","9","9","9"
"28662","Belecska","1700 4 2","42","2","40","HU233","174","0","9999","9","9993","08","99","99","1","3","1","3","4"
"28671","Gyepükaján","1900 4 2","42","2","20","HU213","188","0","9999","9","9993","06","99","99","1","1","9","9","2"
"28699","Tiszaigar","1600 4 2","42","3","60","HU322","168","0","9999","9","9992","04","99","99","1","1","1","9","1"
"28705","Szabadbattyán","0700 4 2","41","2","20","HU211","085","0","3103","9","9993","06","99","99","9","9","9","9","2"
"28714","Andocs","1400 4 2","42","2","40","HU232","147","0","9999","2","2600","07","99","99","9","2","1","1","4"
"28723","Somogysárd","1400 4 2","42","2","40","HU232","143","0","9999","9","9993","08","99","99","2","1","9","9","4"
"28732","Gagyapáti","0500 4 2","42","3","50","HU311","056","0","9999","9","9991","02","99","99","3","3","1","9","1"
"28741","Sellye","0200 3 2","30","2","40","HU231","030","1","9999","9","9993","08","99","99","9","3","1","9","4"
"28750","Zsarolyán","1500 4 2","42","3","60","HU323","150","0","9999","9","9992","03","99","99","3","3","1","9","1"
"28769","Bágyogszovát","0800 4 2","42","2","30","HU221","086","0","1013","9","9993","09","99","99","9","4","9","9","2"
"28778","Dióskál","2000 4 2","42","2","30","HU223","193","0","9999","2","3400","07","99","99","3","9","9","1","2"
"28787","Taktakenéz","0500 4 2","42","3","50","HU311","066","0","9999","9","9991","02","99","99","3","2","1","9","1"
"28796","Egervölgy","1800 4 2","42","2","30","HU222","182","0","9999","9","9993","09","99","99","1","2","1","9","2"
"28802","Nyírbogdány","1500 4 2","42","3","60","HU323","152","0","9999","9","9992","03","99","99","9","3","1","9","1"
"28811","Kaposgyarmat","1400 4 2","42","2","40","HU232","143","0","3033","9","9993","08","99","99","9","1","9","9","4"
"28820","Szeremle","0300 4 2","42","3","70","HU331","035","0","9999","9","9992","05","99","99","2","1","9","9","3"
"28839","Alsószuha","0500 4 2","42","3","50","HU311","063","0","9999","9","9991","02","99","99","9","3","1","9","1"
"28848","Pátka","0700 4 2","42","2","20","HU211","085","0","3103","9","9993","06","99","99","9","9","9","9","2"
"28857","Kutas","1400 4 2","42","2","40","HU232","145","0","9999","9","9993","08","99","99","3","2","1","9","4"
"28866","Sződliget","1300 4 2","41","1","12","HU120","138","0","0013","9","9991","01","99","99","9","9","9","4","9"
"28875","Kishuta","0500 4 2","42","3","50","HU311","065","0","9999","9","9991","02","99","99","2","1","1","9","1"
"28884","Rimóc","1200 4 2","42","3","50","HU313","121","0","9999","9","9991","02","99","99","1","3","1","9","1"
"28893","Geszteréd","1500 4 2","42","3","60","HU323","155","0","9999","9","9992","03","99","99","2","2","1","9","1"
"28909","Bátaapáti","1700 4 2","42","2","40","HU233","170","0","9999","1","3500","08","99","99","9","9","9","9","4"
"28918","Egerág","0200 4 2","42","2","40","HU231","028","0","1033","9","9993","08","99","99","9","9","9","9","4"
"28927","Nagytótfalu","0200 4 2","42","2","40","HU231","031","0","9999","1","2900","08","99","99","3","1","9","9","4"
"28936","Bakonygyirót","0800 4 2","42","2","30","HU221","090","0","1013","9","9993","09","99","99","9","4","9","9","2"
"28945","Győröcske","1500 4 2","42","3","60","HU323","160","0","9999","9","9992","03","99","99","1","3","1","9","1"
"28954","Szigetszentmiklós","1300 3 2","30","1","12","HU120","136","1","0042","9","9992","01","99","99","9","9","9","4","9"
"28963","Somogyjád","1400 4 2","42","2","40","HU232","143","0","9999","9","9993","08","99","99","9","1","9","9","4"
"28972","Pusztamiske","1900 4 2","42","2","20","HU213","186","0","9999","9","9993","06","99","99","3","3","1","9","2"
"28981","Ura","1500 4 2","42","3","60","HU323","149","0","9999","9","9992","03","99","99","3","3","1","9","1"
"28990","Kisláng","0700 4 2","42","2","20","HU211","079","0","3103","9","9993","06","99","99","9","2","1","9","2"
"29009","Nyárád","1900 4 2","42","2","20","HU213","187","0","9999","9","9993","06","99","99","9","1","9","9","2"
"29018","Pusztaszabolcs","0700 3 2","30","2","20","HU211","078","0","9999","9","9993","06","99","99","9","9","9","9","2"
"29027","Kunfehértó","0300 4 2","42","3","70","HU331","041","0","9999","3","1600","05","99","99","9","1","1","9","3"
"29036","Mezőszilas","0700 4 2","42","2","20","HU211","084","0","9999","9","9993","06","99","99","9","3","1","9","2"
"29045","Mátraszentimre","1000 4 2","42","3","50","HU312","106","0","9999","9","9991","02","99","99","9","9","9","9","1"
"29054","Tornyosnémeti","0500 4 2","42","3","50","HU311","057","0","9999","9","9991","02","99","99","1","3","1","9","1"
"29063","Nagyberény","1400 4 2","42","2","40","HU232","146","0","9999","9","9993","07","99","99","9","9","9","1","4"
"29072","Kisberzseny","1900 4 2","42","2","20","HU213","186","0","9999","9","9993","06","99","99","1","3","1","9","2"
"29081","Lócs","1800 4 2","42","2","30","HU222","178","0","9999","9","9993","09","99","99","9","9","9","9","2"
"29090","Sopronhorpács","0800 4 2","42","2","30","HU221","091","0","9999","9","9993","09","99","99","9","9","9","9","2"
"29106","Baks","0600 4 2","42","3","70","HU333","072","0","9999","9","9992","05","99","99","1","2","1","9","3"
"29115","Solt","0300 3 2","30","3","70","HU331","037","0","9999","3","1600","05","99","99","9","1","9","3","3"
"29124","Várong","1700 4 2","42","2","40","HU233","171","0","9999","9","9993","08","99","99","3","1","9","9","4"
"29133","Tiszacsermely","0500 4 2","42","3","50","HU311","054","0","9999","9","9991","02","99","99","3","3","1","9","1"
"29142","Somogyhárságy","0200 4 2","42","2","40","HU231","033","0","9999","9","9993","08","99","99","1","2","1","9","4"
"29151","Vágáshuta","0500 4 2","42","3","50","HU311","065","0","9999","9","9991","02","99","99","1","1","1","9","1"
"29160","Páka","2000 4 2","42","2","30","HU223","194","0","9999","9","9993","09","99","99","9","1","9","9","2"
"29179","Nagytőke","0600 4 2","42","3","70","HU333","076","0","9999","9","9992","05","99","99","1","1","9","9","3"
"29188","Nagybarca","0500 4 2","42","3","50","HU311","058","0","9999","9","9991","02","99","99","3","1","9","9","1"
"29197","Péterhida","1400 4 2","42","2","40","HU232","140","0","9999","9","9993","08","99","99","3","3","1","9","4"
"29203","Boba","1800 4 2","42","2","30","HU222","176","0","9999","9","9993","09","99","99","9","1","9","9","2"
"29212","Baj","1100 4 2","42","2","20","HU212","114","0","9999","5","1700","06","99","99","9","9","9","9","2"
"29221","Jánossomorja","0800 3 2","30","2","30","HU221","089","0","9999","9","9993","09","99","99","9","9","9","9","2"
"29230","Dalmand","1700 4 2","42","2","40","HU233","171","0","9999","9","9993","08","99","99","3","1","9","9","4"
"29249","Kesznyéten","0500 4 2","42","3","50","HU311","068","0","9999","9","9991","02","99","99","3","9","9","9","1"
"29267","Tác","0700 4 2","42","2","20","HU211","085","0","3103","9","9993","06","99","99","9","9","9","9","2"
"29276","Novaj","1000 4 2","42","3","50","HU312","104","0","2023","4","3100","02","99","99","9","9","9","9","1"
"29285","Budapest 18. ker.","0118 9 9","90","1","11","HU110","018","1","0001","9","9992","01","99","99","9","9","9","4","9"
"29294","Marcalgergelyi","1900 4 2","42","2","20","HU213","187","0","9999","9","9993","06","99","99","9","1","9","9","2"
"29300","Kispalád","1500 4 2","42","3","60","HU323","150","0","9999","9","9992","03","99","99","3","3","1","9","1"
"29319","Ipolyvece","1200 4 2","42","3","50","HU313","116","0","9999","9","9991","02","99","99","9","1","9","9","1"
"29328","Nemeskér","0800 4 2","42","2","30","HU221","091","0","9999","9","9993","09","99","99","9","9","9","9","2"
"29337","Madocsa","1700 4 2","42","2","40","HU233","172","0","9999","1","3500","08","99","99","9","9","9","3","4"
"29346","Tiszajenő","1600 4 2","42","3","60","HU322","167","0","3113","3","1600","03","99","99","9","9","9","9","1"
"29355","Bajót","1100 4 2","42","2","20","HU212","110","0","9999","5","1700","06","99","99","9","9","9","9","2"
"29364","Csömödér","2000 4 2","42","2","30","HU223","194","0","9999","9","9993","09","99","99","9","1","9","9","2"
"29373","Vasszécseny","1800 4 2","42","2","30","HU222","181","0","2033","9","9993","09","99","99","9","9","9","9","2"
"29382","Örményes","1600 4 2","42","3","60","HU322","169","0","9999","9","9992","03","99","99","9","2","1","9","1"
"29391","Hencida","0900 4 2","42","3","60","HU321","094","0","9999","9","9992","03","99","99","3","3","1","9","1"
"29407","Agyagosszergény","0800 4 2","42","2","30","HU221","088","0","9999","9","9993","09","99","99","9","4","9","9","2"
"29416","Csaroda","1500 4 2","42","3","60","HU323","159","0","9999","9","9992","03","99","99","9","3","1","9","1"
"29425","Nőtincs","1200 4 2","42","3","50","HU313","119","0","9999","9","9991","01","99","99","9","1","9","9","1"
"29434","Tapolca","1900 3 2","30","2","20","HU213","189","1","9999","2","1800","07","99","99","9","9","9","1","2"
"29443","Gulács","1500 4 2","42","3","60","HU323","159","0","9999","9","9992","03","99","99","3","3","1","9","1"
"29452","Halastó","1800 4 2","42","2","30","HU222","177","0","9999","9","9993","09","99","99","1","4","9","9","2"
"29461","Balatonfőkajár","1900 4 2","42","2","20","HU213","184","0","2013","2","1900","07","99","99","9","9","9","1","2"
"29470","Döbrönte","1900 4 2","42","2","20","HU213","187","0","9999","9","9993","06","99","99","9","1","9","9","2"
"29489","Kerkabarabás","2000 4 2","42","2","30","HU223","194","0","9999","9","9993","09","99","99","9","1","9","9","2"
"29498","Varsány","1200 4 2","42","3","50","HU313","121","0","9999","9","9991","02","99","99","9","3","1","9","1"
"29504","Iklanberény","1800 4 2","42","2","30","HU222","178","0","9999","9","9993","09","99","99","9","9","9","9","2"
"29513","Bakonyjákó","1900 4 2","42","2","20","HU213","187","0","9999","9","9993","06","99","99","9","1","9","9","2"
"29522","Molvány","0200 4 2","42","2","40","HU231","033","0","9999","9","9993","08","99","99","1","2","1","9","4"
"29531","Vésztő","0400 3 2","30","3","70","HU332","053","0","9999","9","9992","05","99","99","9","2","1","9","3"
"29540","Mozsgó","0200 4 2","42","2","40","HU231","033","0","9999","1","2700","08","99","99","9","2","1","9","4"
"29559","Panyola","1500 4 2","42","3","60","HU323","150","0","9999","9","9992","03","99","99","9","3","1","9","1"
"29568","Telekes","1800 4 2","42","2","30","HU222","182","0","9999","9","9993","09","99","99","1","2","1","9","2"
"29577","Kesztölc","1100 4 2","42","2","20","HU212","110","0","9999","5","1700","01","99","99","9","9","9","9","2"
"29586","Budapest 09. ker.","0109 9 9","90","1","11","HU110","009","1","0001","9","9992","01","01","01","9","9","9","4","9"
"29595","Almáskamarás","0400 4 2","42","3","70","HU332","049","0","9999","9","9992","05","99","99","3","3","1","9","3"
"29601","Pilisborosjenő","1300 4 2","42","1","12","HU120","133","0","0063","5","2100","01","99","99","9","9","9","4","9"
"29610","Biharugra","0400 4 2","42","3","70","HU332","051","0","9999","9","9992","05","99","99","3","3","1","9","3"
"29629","Vértestolna","1100 4 2","42","2","20","HU212","114","0","3123","9","9993","06","99","99","9","9","9","9","2"
"29638","Epöl","1100 4 2","42","2","20","HU212","110","0","9999","9","9993","06","99","99","9","9","9","9","2"
"29647","Dömsöd","1300 4 2","41","1","12","HU120","134","0","9999","3","1600","01","99","99","9","4","9","9","9"
"29656","Pat","2000 4 2","42","2","30","HU223","196","0","9999","9","9993","09","99","99","3","4","9","9","2"
"29665","Alsónána","1700 4 2","42","2","40","HU233","173","0","9999","1","2800","08","99","99","9","9","9","9","4"
"29674","Beret","0500 4 2","42","3","50","HU311","056","0","9999","9","9991","02","99","99","3","3","1","9","1"
"29683","Zalatárnok","2000 4 2","42","2","30","HU223","197","0","9999","9","9993","09","99","99","9","9","9","9","2"
"29692","Sorokpolány","1800 4 2","42","2","30","HU222","181","0","2033","9","9993","09","99","99","9","9","9","9","2"
"29708","Felsőgagy","0500 4 2","42","3","50","HU311","056","0","9999","9","9991","02","99","99","1","3","1","9","1"
"29717","Rakaca","0500 4 2","42","3","50","HU311","055","0","9999","9","9991","02","99","99","3","3","1","9","1"
"29726","Tiszafüred","1600 3 2","30","3","60","HU322","168","1","9999","9","9992","04","05","99","9","1","1","9","1"
"29735","Gyömrő","1300 3 2","30","1","12","HU120","130","0","0032","9","9992","01","99","99","9","9","9","4","9"
"29744","Budapest 07. ker.","0107 9 9","90","1","11","HU110","007","1","0001","9","9991","01","99","01","9","9","9","4","9"
"29753","Magyaregregy","0200 4 2","42","2","40","HU231","026","0","9999","9","9993","08","99","99","9","9","1","9","4"
"29762","Pettend","0200 4 2","42","2","40","HU231","033","0","9999","9","9993","08","99","99","1","2","1","9","4"
"29771","Gősfa","2000 4 2","42","2","30","HU223","197","0","2043","9","9993","09","99","99","9","9","9","9","2"
"29780","Vízvár","1400 4 2","42","2","40","HU232","140","0","9999","9","9993","08","99","99","3","3","1","9","4"
"29799","Méhtelek","1500 4 2","42","3","60","HU323","150","0","9999","9","9992","03","99","99","1","3","1","9","1"
"29805","Bezenye","0800 4 2","42","2","30","HU221","089","0","9999","9","9993","09","99","99","9","9","9","9","2"
"29814","Alsóvadász","0500 4 2","42","3","50","HU311","067","0","9999","9","9991","02","99","99","3","3","1","9","1"
"29823","Tököl","1300 3 2","30","1","12","HU120","136","0","0043","3","1600","01","99","99","9","9","9","4","9"
"29832","Nógrádmarcal","1200 4 2","42","3","50","HU313","116","0","9999","9","9991","02","99","99","1","1","9","9","1"
"29841","Felsőmarác","1800 4 2","42","2","30","HU222","177","0","9999","9","9993","09","99","99","9","4","9","9","2"
"29850","Kisoroszi","1300 4 2","42","1","12","HU120","135","0","0063","9","9993","01","99","99","9","9","9","4","9"
"29869","Nagyrákos","1800 4 2","42","2","30","HU222","177","0","9999","9","9993","09","99","99","9","4","9","9","2"
"29878","Torony","1800 4 2","42","2","30","HU222","181","0","2033","9","9993","09","99","99","9","9","9","9","2"
"29887","Bihartorda","0900 4 2","42","3","60","HU321","102","0","9999","9","9992","03","99","99","3","3","1","9","1"
"29896","Porpác","1800 4 2","42","2","30","HU222","179","0","9999","9","9993","09","99","99","1","9","9","9","2"
"29902","Bakonyság","1900 4 2","42","2","20","HU213","187","0","9999","9","9993","06","99","99","1","1","9","9","2"
"29911","Tákos","1500 4 2","42","3","60","HU323","159","0","9999","9","9992","03","99","99","9","3","1","9","1"
"29920","Maráza","0200 4 2","42","2","40","HU231","027","0","9999","9","9993","08","99","99","1","1","9","9","4"
"29939","Felcsút","0700 4 2","42","2","20","HU211","077","0","9999","5","2100","06","99","99","9","9","9","9","2"
"29948","Ipacsfa","0200 4 2","42","2","40","HU231","031","0","9999","9","9993","08","99","99","1","1","9","9","4"
"29957","Káld","1800 4 2","42","2","30","HU222","179","0","9999","9","9993","09","99","99","9","9","9","9","2"
"29966","Homorúd","0200 4 2","42","2","40","HU231","027","0","9999","9","9993","08","99","99","3","1","9","9","4"
"29975","Anarcs","1500 4 2","42","3","60","HU323","153","0","9999","9","9992","03","99","99","2","1","1","9","1"
"29984","Magosliget","1500 4 2","42","3","60","HU323","150","0","9999","9","9992","03","99","99","1","3","1","9","1"
"29993","Zalaerdőd","1900 4 2","42","2","20","HU213","188","0","9999","9","9993","06","99","99","1","1","9","9","2"
"30003","Vajdácska","0500 4 2","42","3","50","HU311","064","0","9999","9","9991","02","99","99","3","1","1","9","1"
"30012","Réde","1100 4 2","42","2","20","HU212","111","0","9999","9","9993","06","99","99","9","1","9","9","2"
"30021","Sarród","0800 4 2","42","2","30","HU221","091","0","9999","9","9993","09","07","99","9","9","9","9","2"
"30030","Drávaszerdahely","0200 4 2","42","2","40","HU231","031","0","9999","9","9993","08","99","99","3","1","9","9","4"
"30049","Besence","0200 4 2","42","2","40","HU231","030","0","9999","9","9993","08","99","99","1","3","1","9","4"
"30067","Szentpéterfölde","2000 4 2","42","2","30","HU223","197","0","9999","9","9993","09","99","99","3","9","9","9","2"
"30076","Vatta","0500 4 2","42","3","50","HU311","060","0","1023","4","3000","02","99","99","2","1","9","9","1"
"30085","Szamostatárfalva","1500 4 2","42","3","60","HU323","149","0","9999","9","9992","03","99","99","3","3","1","9","1"
"30094","Csikóstőttős","1700 4 2","42","2","40","HU233","171","0","9999","9","9993","08","99","99","9","1","9","9","4"
"30100","Mátraverebély","1200 4 2","42","3","50","HU313","117","0","9999","9","9991","02","99","99","3","1","1","9","1"
"30119","Berzence","1400 4 2","41","2","40","HU232","141","0","9999","9","9993","08","99","99","2","3","1","9","4"
"30128","Medgyesegyháza","0400 3 2","30","3","70","HU332","049","0","9999","9","9992","05","99","99","9","3","1","9","3"
"30137","Hercegkút","0500 4 2","42","3","50","HU311","064","0","9999","6","3300","02","08","08","9","1","1","2","1"
"30146","Szenyér","1400 4 2","42","2","40","HU232","144","0","9999","9","9993","08","99","99","3","1","9","9","4"
"30155","Bácsszőlős","0300 4 2","42","3","70","HU331","034","0","9999","3","1600","05","99","99","3","3","1","9","3"
"30164","Körösújfalu","0400 4 2","42","3","70","HU332","053","0","9999","9","9992","05","99","99","1","2","1","9","3"
"30173","Kislőd","1900 4 2","42","2","20","HU213","183","0","9999","9","9993","06","99","99","9","9","9","9","2"
"30182","Kolontár","1900 4 2","42","2","20","HU213","186","0","9999","9","9993","06","99","99","9","3","1","9","2"
"30191","Csér","0800 4 2","42","2","30","HU221","091","0","9999","9","9993","09","99","99","9","9","9","9","2"
"30207","Borsodszentgyörgy","0500 4 2","42","3","50","HU311","062","0","9999","9","9991","02","99","99","1","3","1","9","1"
"30216","Hegyhátsál","1800 4 2","42","2","30","HU222","177","0","9999","9","9993","09","99","99","9","4","9","9","2"
"30225","Tardos","1100 4 2","42","2","20","HU212","114","0","9999","9","9993","06","99","99","9","9","9","9","2"
"30234","Mesterszállás","1600 4 2","42","3","60","HU322","166","0","9999","9","9992","03","99","99","3","1","1","9","1"
"30243","Zámoly","0700 4 2","42","2","20","HU211","085","0","3103","5","2200","06","99","99","9","9","9","9","2"
"30252","Borzavár","1900 4 2","42","2","20","HU213","192","0","3133","9","9993","06","99","99","9","9","9","9","2"
"30261","Dormánd","1000 4 2","42","3","50","HU312","105","0","9999","9","9991","04","99","99","2","2","1","9","1"
"30270","Csécse","1200 4 2","42","3","50","HU313","118","0","9999","9","9991","02","99","99","1","1","1","9","1"
"30289","Gyönk","1700 3 2","30","2","40","HU233","174","0","9999","1","3500","08","99","99","9","3","1","3","4"
"30298","Tiszatardos","0500 4 2","42","3","50","HU311","069","0","9999","9","9991","02","99","99","1","2","1","9","1"
"30304","Tiszagyenda","1600 4 2","42","3","60","HU322","164","0","9999","9","9992","04","99","99","1","3","1","9","1"
"30313","Zalalövő","2000 3 2","30","2","30","HU223","197","0","9999","9","9993","09","99","99","9","9","9","9","2"
"30322","Mezőkovácsháza","0400 3 2","30","3","70","HU332","049","1","9999","9","9992","05","99","99","9","3","1","9","3"
"30331","Vácegres","1300 4 2","42","1","12","HU120","122","0","9999","4","3200","01","99","99","9","4","9","9","9"
"30340","Sajószöged","0500 4 2","42","3","50","HU311","068","0","9999","9","9991","04","99","99","9","9","9","9","1"
"30359","Gyulaj","1700 4 2","42","2","40","HU233","171","0","9999","9","9993","08","99","99","3","1","9","9","4"
"30368","Bagod","2000 4 2","42","2","30","HU223","197","0","2043","9","9993","09","99","99","9","9","9","9","2"
"30377","Tiszatarján","0500 4 2","42","3","50","HU311","059","0","9999","9","9991","04","99","99","2","3","1","9","1"
"30386","Tiszakürt","1600 4 2","42","3","60","HU322","165","0","9999","3","1600","03","99","99","1","2","1","9","1"
"30395","Legénd","1200 4 2","42","3","50","HU313","119","0","9999","9","9991","02","99","99","1","1","9","9","1"
"30401","Lőrinci","1000 3 2","30","3","50","HU312","107","0","9999","9","9991","02","99","99","9","9","9","9","1"
"30410","Bakonyoszlop","1900 4 2","42","2","20","HU213","192","0","9999","9","9993","06","99","99","9","9","9","9","2"
"30429","Egyházashollós","1800 4 2","42","2","30","HU222","177","0","9999","9","9993","09","99","99","9","4","9","9","2"
"30438","Görcsöny","0200 4 2","42","2","40","HU231","028","0","1033","9","9993","08","99","99","9","9","9","9","4"
"30447","Tibolddaróc","0500 4 2","42","3","50","HU311","060","0","9999","4","3000","02","99","99","9","1","9","9","1"
"30456","Miskolc","0500 2 1","20","3","50","HU311","061","1","1021","4","3000","02","99","99","9","9","9","9","1"
"30465","Tihany","1900 4 2","42","2","20","HU213","185","0","2013","2","1900","07","99","99","9","9","9","1","2"
"30474","Babócsa","1400 4 2","42","2","40","HU232","140","0","9999","9","9993","08","99","99","3","3","1","9","4"
"30483","Forró","0500 4 2","42","3","50","HU311","056","0","9999","9","9991","02","99","99","3","3","1","9","1"
"30492","Mekényes","0200 4 2","42","2","40","HU231","025","0","9999","9","9993","08","99","99","1","3","1","9","4"
"30508","Karos","0500 4 2","42","3","50","HU311","054","0","9999","9","9991","02","99","99","1","3","1","9","1"
"30517","Tornaszentjakab","0500 4 2","42","3","50","HU311","055","0","9999","9","9991","02","99","99","3","3","1","9","1"
"30526","Alsóörs","1900 4 2","42","2","20","HU213","185","0","2013","2","1900","07","99","99","9","9","9","1","2"
"30535","Dóc","0600 4 2","42","3","70","HU333","075","0","3083","9","9992","05","99","99","1","9","9","9","3"
"30544","Csabdi","0700 4 2","42","2","20","HU211","077","0","9999","5","2100","06","99","99","9","9","9","9","2"
"30553","Környe","1100 4 2","42","2","20","HU212","115","0","3123","9","9993","06","99","99","9","9","9","9","2"
"30562","Medina","1700 4 2","42","2","40","HU233","173","0","9999","1","2800","08","99","99","2","9","9","3","4"
"30571","Gölle","1400 4 2","42","2","40","HU232","143","0","9999","9","9993","08","99","99","1","1","9","9","4"
"30580","Somogyacsa","1400 4 2","42","2","40","HU232","147","0","9999","9","9993","08","99","99","3","2","1","9","4"
"30599","Mikosszéplak","1800 4 2","42","2","30","HU222","182","0","9999","9","9993","09","99","99","3","2","1","9","2"
"30605","Kaskantyú","0300 4 2","42","3","70","HU331","039","0","9999","3","1600","05","99","99","9","1","9","9","3"
"30614","Csarnóta","0200 4 2","42","2","40","HU231","031","0","9999","1","2900","08","99","99","2","1","9","9","4"
"30623","Tiszakécske","0300 3 2","30","3","70","HU331","044","1","9999","3","1600","05","99","99","9","1","9","9","3"
"30632","Miske","0300 4 2","42","3","70","HU331","037","0","9999","9","9992","05","99","99","3","1","9","3","3"
"30641","Csenger","1500 3 2","30","3","60","HU323","149","1","9999","9","9992","03","99","99","9","3","1","9","1"
"30650","Kőszárhegy","0700 4 2","42","2","20","HU211","085","0","3103","9","9993","06","99","99","9","9","9","9","2"
"30669","Borsodbóta","0500 4 2","42","3","50","HU311","062","0","9999","9","9991","02","99","99","3","3","1","9","1"
"30678","Fenyőfő","0800 4 2","42","2","30","HU221","090","0","9999","9","9993","09","99","99","9","4","9","9","2"
"30696","Kartal","1300 4 2","41","1","12","HU120","122","0","9999","9","9991","01","99","99","9","4","9","9","9"
"30702","Vaskeresztes","1800 4 2","42","2","30","HU222","181","0","2033","5","2500","09","99","99","9","9","9","9","2"
"30711","Jászalsószentgyörgy","1600 4 2","42","3","60","HU322","161","0","9999","9","9992","03","99","99","9","3","1","9","1"
"30720","Taksony","1300 4 2","41","1","12","HU120","136","0","0043","9","9992","01","99","99","9","9","9","4","9"
"30739","Szerencs","0500 3 2","30","3","50","HU311","066","1","9999","6","3300","02","99","08","9","2","1","2","1"
"30748","Sitke","1800 4 2","42","2","30","HU222","179","0","9999","9","9993","09","99","99","9","9","9","9","2"
"30757","Petrivente","2000 4 2","42","2","30","HU223","195","0","3153","9","9993","09","99","99","9","1","9","9","2"
"30766","Oroszlány","1100 3 2","30","2","20","HU212","113","1","9999","9","9993","06","99","99","9","9","9","9","2"
"30775","Hosszúvíz","1400 4 2","42","2","40","HU232","144","0","9999","9","9993","08","99","99","9","1","9","9","4"
"30784","Bodrogkeresztúr","0500 4 2","42","3","50","HU311","069","0","9999","6","3300","02","08","08","9","2","1","2","1"
"30793","Salföld","1900 4 2","42","2","20","HU213","189","0","9999","2","1800","07","99","99","9","9","9","1","2"
"30809","Leányfalu","1300 4 2","41","1","12","HU120","135","0","0063","9","9993","01","99","99","9","9","9","4","9"
"30827","Kisberény","1400 4 2","42","2","40","HU232","142","0","9999","9","9993","07","99","99","1","1","1","1","4"
"30836","Hosszúhetény","0200 4 2","42","2","40","HU231","028","0","1033","1","2700","08","99","99","9","9","1","9","4"
"30845","Tiszagyulaháza","0900 4 2","42","3","60","HU321","099","0","9999","9","9992","03","99","99","9","1","9","9","1"
"30854","Mezőcsokonya","1400 4 2","42","2","40","HU232","143","0","9999","9","9993","08","99","99","2","1","9","9","4"
"30863","Ráksi","1400 4 2","42","2","40","HU232","143","0","3033","9","9993","08","99","99","9","1","9","9","4"
"30872","Megyehíd","1800 4 2","42","2","30","HU222","179","0","2033","9","9993","09","99","99","9","9","9","9","2"
"30881","Répcelak","1800 3 2","30","2","30","HU222","179","0","9999","9","9993","09","99","99","9","9","9","9","2"
"30890","Felsőszenterzsébet","2000 4 2","42","2","30","HU223","194","0","9999","9","9993","09","99","99","9","1","9","9","2"
"30906","Gasztony","1800 4 2","42","2","30","HU222","180","0","9999","9","9993","09","99","99","9","9","9","9","2"
"30915","Vanyarc","1200 4 2","42","3","50","HU313","118","0","9999","9","9991","02","99","99","9","1","1","9","1"
"30924","Csabrendek","1900 4 2","41","2","20","HU213","188","0","9999","2","2000","06","99","99","9","1","9","9","2"
"30933","Nagykanizsa","2000 2 2","20","2","30","HU223","196","1","3151","2","3400","09","99","99","9","4","9","9","2"
"30942","Gersekarát","1800 4 2","42","2","30","HU222","182","0","9999","9","9993","09","99","99","9","2","1","9","2"
"30951","Hegyhátmaróc","0200 4 2","42","2","40","HU231","026","0","9999","9","9993","08","99","99","9","9","1","9","4"
"30960","Gyékényes","1400 4 2","42","2","40","HU232","141","0","9999","9","9993","08","99","99","9","3","1","9","4"
"30979","Levelek","1500 4 2","41","3","60","HU323","148","0","9999","9","9992","03","99","99","2","3","1","9","1"
"30988","Érd","1300 2 2","20","1","12","HU120","127","1","0042","9","9993","01","99","99","9","9","9","4","9"
"30997","Semjénháza","2000 4 2","42","2","30","HU223","195","0","3153","9","9993","09","99","99","9","1","9","9","2"
"31006","Bózsva","0500 4 2","42","3","50","HU311","065","0","9999","9","9991","02","99","99","9","1","1","9","1"
"31015","Szalaszend","0500 4 2","42","3","50","HU311","056","0","9999","9","9991","02","99","99","3","3","1","9","1"
"31024","Kistelek","0600 3 2","30","3","70","HU333","072","1","9999","3","1400","05","99","99","9","2","1","9","3"
"31033","Mezőpeterd","0900 4 2","42","3","60","HU321","094","0","9999","9","9992","03","99","99","3","3","1","9","1"
"31042","Tépe","0900 4 2","42","3","60","HU321","096","0","9999","9","9992","03","99","99","9","3","1","9","1"
"31051","Vámoscsalád","1800 4 2","42","2","30","HU222","179","0","9999","9","9993","09","99","99","9","9","9","9","2"
"31060","Szava","0200 4 2","42","2","40","HU231","031","0","9999","1","2900","08","99","99","1","1","9","9","4"
"31079","Öttömös","0600 4 2","42","3","70","HU333","074","0","9999","3","1400","05","99","99","1","1","1","9","3"
"31088","Székely","1500 4 2","42","3","60","HU323","152","0","9999","9","9992","03","99","99","3","3","1","9","1"
"31097","Hajdúsámson","0900 3 2","30","3","60","HU321","095","0","3023","9","9992","03","99","99","2","9","1","9","1"
"31103","Balinka","0700 4 2","42","2","20","HU211","082","0","9999","9","9993","06","99","99","9","9","9","9","2"
"31112","Pölöskefő","2000 4 2","42","2","30","HU223","196","0","9999","9","9993","09","99","99","9","4","9","9","2"
"31121","Sántos","1400 4 2","42","2","40","HU232","143","0","3033","9","9993","08","99","99","9","1","9","9","4"
"31130","Körösszakál","0900 4 2","42","3","60","HU321","094","0","9999","9","9992","03","99","99","3","3","1","9","1"
"31149","Csonkahegyhát","2000 4 2","42","2","30","HU223","197","0","2043","9","9993","09","99","99","9","9","9","9","2"
"31158","Nyírbogát","1500 3 2","30","3","60","HU323","156","0","9999","9","9992","03","99","99","9","3","1","9","1"
"31167","Hollóháza","0500 4 2","42","3","50","HU311","065","0","9999","9","9991","02","99","99","2","1","1","9","1"
"31185","Kisvejke","1700 4 2","42","2","40","HU233","170","0","9999","1","3500","08","99","99","1","9","9","9","4"
"31194","Lövő","0800 4 2","42","2","30","HU221","091","0","9999","9","9993","09","99","99","9","9","9","9","2"
"31200","Hernádnémeti","0500 4 2","41","3","50","HU311","061","0","1023","9","9991","02","99","99","2","9","9","9","1"
"31219","Somogyaszaló","1400 4 2","42","2","40","HU232","143","0","3033","9","9993","08","99","99","9","1","9","9","4"
"31228","Végegyháza","0400 4 2","42","3","70","HU332","049","0","9999","9","9992","05","99","99","3","3","1","9","3"
"31237","Szatmárcseke","1500 4 2","42","3","60","HU323","150","0","9999","9","9992","03","99","99","3","3","1","9","1"
"31246","Visonta","1000 4 2","42","3","50","HU312","106","0","9999","4","3200","02","99","99","9","9","9","9","1"
"31255","Pápateszér","1900 4 2","42","2","20","HU213","187","0","9999","9","9993","06","99","99","1","1","9","9","2"
"31264","Vértesszőlős","1100 4 2","42","2","20","HU212","115","0","3123","5","1700","06","99","99","9","9","9","9","2"
"31273","Szamosújlak","1500 4 2","42","3","60","HU323","150","0","9999","9","9992","03","99","99","1","3","1","9","1"
"31282","Mikófalva","1000 4 2","42","3","50","HU312","103","0","2023","9","9991","02","99","99","9","1","1","9","1"
"31291","Bocska","2000 4 2","42","2","30","HU223","196","0","3153","9","9993","09","99","99","3","4","9","9","2"
"31307","Adorjánháza","1900 4 2","42","2","20","HU213","186","0","9999","9","9993","06","99","99","3","3","1","9","2"
"31316","Győrság","0800 4 2","42","2","30","HU221","087","0","1013","5","2300","09","99","99","9","9","9","9","2"
"31325","Szabadkígyós","0400 4 2","42","3","70","HU332","046","0","3013","9","9992","05","99","99","9","9","9","9","3"
"31334","Csabacsűd","0400 4 2","41","3","70","HU332","052","0","9999","9","9992","05","99","99","9","1","9","9","3"
"31343","Mosdós","1400 4 2","42","2","40","HU232","143","0","9999","2","2600","08","99","99","9","1","9","9","4"
"31352","Darány","1400 4 2","42","2","40","HU232","140","0","9999","9","9993","08","99","99","9","3","1","9","4"
"31361","Kóka","1300 4 2","42","1","12","HU120","131","0","9999","3","1600","01","99","99","9","1","9","9","9"
"31370","Pusztacsalád","0800 4 2","42","2","30","HU221","091","0","9999","9","9993","09","99","99","9","9","9","9","2"
"31389","Lothárd","0200 4 2","42","2","40","HU231","028","0","1033","9","9993","08","99","99","9","9","9","9","4"
"31398","Tyukod","1500 4 2","41","3","60","HU323","149","0","9999","9","9992","03","99","99","3","3","1","9","1"
"31404","Kállósemjén","1500 4 2","41","3","60","HU323","155","0","9999","9","9992","03","99","99","2","2","1","9","1"
"31413","Keszeg","1200 4 2","42","3","50","HU313","119","0","9999","9","9991","02","99","99","9","1","9","9","1"
"31422","Bana","1100 4 2","42","2","20","HU212","112","0","1013","5","1700","06","99","99","9","9","9","9","2"
"31431","Husztót","0200 4 2","42","2","40","HU231","028","0","9999","9","9993","08","99","99","1","9","9","9","4"
"31440","Fertőszéplak","0800 4 2","42","2","30","HU221","091","0","9999","5","2500","09","07","07","9","9","9","9","2"
"31459","Tevel","1700 4 2","42","2","40","HU233","170","0","9999","1","3500","08","99","99","9","9","9","9","4"
"31468","Fülöpháza","0300 4 2","42","3","70","HU331","038","0","3043","3","1600","05","99","99","9","9","9","9","3"
"31477","Nyírjákó","1500 4 2","42","3","60","HU323","148","0","9999","9","9992","03","99","99","9","3","1","9","1"
"31486","Nagyréde","1000 4 2","41","3","50","HU312","106","0","9999","4","3200","02","99","99","9","9","9","9","1"
"31501","Dunaföldvár","1700 3 2","30","2","40","HU233","172","0","9999","1","3500","08","99","99","9","9","9","3","4"
"31510","Szegilong","0500 4 2","42","3","50","HU311","069","0","9999","6","3300","02","99","08","1","2","1","2","1"
"31529","Kerecseny","2000 4 2","42","2","30","HU223","196","0","9999","9","9993","09","99","99","3","4","9","9","2"
"31538","Sárszentágota","0700 4 2","42","2","20","HU211","084","0","3103","9","9993","06","99","99","9","3","1","9","2"
"31556","Nemesmedves","1800 4 2","42","2","30","HU222","180","0","9999","9","9993","09","99","99","2","9","9","9","2"
"31565","Mónosbél","1000 4 2","42","3","50","HU312","103","0","2023","9","9991","02","99","99","9","1","1","9","1"
"31574","Kevermes","0400 4 2","41","3","70","HU332","049","0","9999","9","9992","05","99","99","3","3","1","9","3"
"31583","Szentgotthárd","1800 3 2","30","2","30","HU222","180","1","9999","9","9993","09","99","99","9","9","9","9","2"
"31592","Rédics","2000 4 2","42","2","30","HU223","194","0","9999","9","9993","09","99","99","9","1","9","9","2"
"31608","Zemplénagárd","0500 4 2","42","3","50","HU311","054","0","9999","9","9991","02","99","99","1","3","1","9","1"
"31617","Zalamerenye","2000 4 2","42","2","30","HU223","196","0","9999","9","9993","07","99","99","9","4","9","1","2"
"31626","Kunsziget","0800 4 2","42","2","30","HU221","087","0","1013","9","9993","09","99","99","9","9","9","9","2"
"31635","Iván","0800 4 2","42","2","30","HU221","091","0","9999","9","9993","09","99","99","9","9","9","9","2"
"31644","Fiad","1400 4 2","42","2","40","HU232","147","0","9999","9","9993","08","99","99","1","2","1","9","4"
"31653","Albertirsa","1300 3 2","30","1","12","HU120","124","0","9999","3","1600","01","99","99","9","1","9","9","9"
"31662","Mezőtárkány","1000 4 2","42","3","50","HU312","105","0","9999","9","9991","04","99","99","3","2","1","9","1"
"31671","Felsőtelekes","0500 4 2","42","3","50","HU311","058","0","9999","9","9991","02","99","99","3","1","9","9","1"
"31680","Ivánc","1800 4 2","42","2","30","HU222","177","0","9999","9","9993","09","99","99","9","4","9","9","2"
"31699","Csetény","1900 4 2","42","2","20","HU213","192","0","9999","9","9993","06","99","99","9","9","9","9","2"
"31705","Sándorfalva","0600 3 2","30","3","70","HU333","075","0","3083","9","9992","05","99","99","9","9","9","9","3"
"31714","Sósvertike","0200 4 2","42","2","40","HU231","030","0","9999","9","9993","08","99","99","1","3","1","9","4"
"31723","Felsőkelecsény","0500 4 2","42","3","50","HU311","063","0","9999","9","9991","02","99","99","1","3","1","9","1"
"31732","Nagymaros","1300 3 2","30","1","12","HU120","137","0","9999","9","9991","01","99","99","9","1","9","9","9"
"31741","Pacsa","2000 3 2","30","2","30","HU223","197","0","9999","9","9993","09","99","99","2","9","9","9","2"
"31750","Milota","1500 4 2","42","3","60","HU323","150","0","9999","9","9992","03","99","99","3","3","1","9","1"
"31769","Ököritófülpös","1500 4 2","41","3","60","HU323","154","0","9999","9","9992","03","99","99","3","3","1","9","1"
"31778","Olaszliszka","0500 4 2","42","3","50","HU311","064","0","9999","6","3300","02","99","08","9","1","1","2","1"
"31787","Győrújfalu","0800 4 2","42","2","30","HU221","087","0","1013","9","9993","09","99","99","9","9","9","9","2"
"31796","Tápiószecső","1300 4 2","41","1","12","HU120","131","0","9999","9","9992","01","99","99","9","1","9","9","9"
"31802","Sárkeresztes","0700 4 2","42","2","20","HU211","085","0","3103","9","9993","06","99","99","9","9","9","9","2"
"31811","Dánszentmiklós","1300 4 2","42","1","12","HU120","124","0","9999","9","9992","01","99","99","9","1","9","9","9"
"31820","Uszka","1500 4 2","42","3","60","HU323","150","0","9999","9","9992","03","99","99","1","3","1","9","1"
"31839","Újrónafő","0800 4 2","42","2","30","HU221","089","0","9999","9","9993","09","99","99","9","9","9","9","2"
"31848","Gara","0300 4 2","42","3","70","HU331","035","0","9999","9","9992","05","99","99","1","1","9","9","3"
"31857","Ramocsaháza","1500 4 2","42","3","60","HU323","148","0","9999","9","9992","03","99","99","3","3","1","9","1"
"31866","Tiszavárkony","1600 4 2","42","3","60","HU322","167","0","3113","9","9992","03","99","99","9","9","9","9","1"
"31875","Mesterháza","1800 4 2","42","2","30","HU222","179","0","9999","9","9993","09","99","99","9","9","9","9","2"
"31884","Répáshuta","0500 4 2","42","3","50","HU311","061","0","1023","9","9991","02","99","99","9","9","9","9","1"
"31893","Kunszállás","0300 4 2","42","3","70","HU331","038","0","3043","3","1600","05","99","99","9","9","9","9","3"
"31909","Rásonysápberencs","0500 4 2","42","3","50","HU311","067","0","9999","9","9991","02","99","99","3","3","1","9","1"
"31918","Kunpeszér","0300 4 2","42","3","70","HU331","043","0","9999","9","9992","05","99","99","9","2","1","9","3"
"31927","Beremend","0200 4 2","41","2","40","HU231","031","0","9999","9","9993","08","99","99","9","1","9","9","4"
"31936","Illocska","0200 4 2","42","2","40","HU231","031","0","9999","9","9993","08","99","99","3","1","9","9","4"
"31945","Pápa","1900 3 2","30","2","20","HU213","187","1","9999","9","9993","06","99","99","9","1","9","9","2"
"31954","Debréte","0500 4 2","42","3","50","HU311","055","0","9999","9","9991","02","99","99","9","3","1","9","1"
"31963","Tahitótfalu","1300 4 2","42","1","12","HU120","135","0","0063","9","9993","01","99","99","9","9","9","4","9"
"31972","Paszab","1500 4 2","42","3","60","HU323","151","0","9999","9","9992","03","99","99","3","3","1","9","1"
"31981","Márokföld","2000 4 2","42","2","30","HU223","194","0","9999","9","9993","09","99","99","9","1","9","9","2"
"31990","Súr","1100 4 2","42","2","20","HU212","111","0","9999","9","9993","06","99","99","9","1","9","9","2"
"32009","Szentdénes","0200 4 2","42","2","40","HU231","032","0","9999","9","9993","08","99","99","3","1","1","9","4"
"32018","Iszkaszentgyörgy","0700 4 2","42","2","20","HU211","085","0","3103","9","9993","06","99","99","9","9","9","9","2"
"32027","Bugyi","1300 4 2","41","1","12","HU120","125","0","9999","9","9992","01","99","99","9","4","9","9","9"
"32036","Keléd","1800 4 2","42","2","30","HU222","176","0","9999","9","9993","09","99","99","1","1","9","9","2"
"32045","Táplánszentkereszt","1800 4 2","42","2","30","HU222","181","0","2033","9","9993","09","99","99","9","9","9","9","2"
"32054","Zalaegerszeg","2000 2 1","20","2","30","HU223","197","1","2041","9","9993","09","99","99","9","9","9","9","2"
"32063","Kávás","2000 4 2","42","2","30","HU223","197","0","2043","9","9993","09","99","99","9","9","9","9","2"
"32072","Teklafalu","0200 4 2","42","2","40","HU231","033","0","9999","9","9993","08","99","99","1","2","1","9","4"
"32081","Alsópáhok","2000 4 2","42","2","30","HU223","193","0","2013","9","9993","07","99","99","9","9","9","1","2"
"32090","Királd","0500 4 2","42","3","50","HU311","063","0","9999","9","9991","02","99","99","9","3","1","9","1"
"32106","Inárcs","1300 4 2","41","1","12","HU120","125","0","9999","3","1600","01","99","99","9","4","9","9","9"
"32115","Ötvöskónyi","1400 4 2","42","2","40","HU232","145","0","9999","9","9993","08","99","99","3","2","1","9","4"
"32124","Bérbaltavár","1800 4 2","42","2","30","HU222","182","0","9999","2","3400","09","99","99","1","2","1","9","2"
"32133","Sérsekszőlős","1400 4 2","42","2","40","HU232","147","0","9999","9","9993","07","99","99","9","2","1","1","4"
"32142","Vindornyafok","2000 4 2","42","2","30","HU223","193","0","9999","9","9993","07","99","99","9","9","9","1","2"
"32151","Bogád","0200 4 2","42","2","40","HU231","028","0","1033","9","9993","08","99","99","9","9","9","9","4"
"32160","Sásd","0200 3 2","30","2","40","HU231","025","1","9999","9","9993","08","99","99","9","3","1","9","4"
"32179","Kál","1000 4 2","41","3","50","HU312","105","0","9999","9","9991","02","99","99","9","2","1","9","1"
"32188","Hegyfalu","1800 4 2","42","2","30","HU222","179","0","9999","9","9993","09","99","99","9","9","9","9","2"
"32197","Újudvar","2000 4 2","42","2","30","HU223","196","0","3153","9","9993","09","99","99","9","4","9","9","2"
"32203","Fehérvárcsurgó","0700 4 2","42","2","20","HU211","082","0","3103","9","9993","06","99","99","9","9","9","9","2"
"32212","Márkó","1900 4 2","42","2","20","HU213","191","0","3133","9","9993","06","99","99","9","9","9","9","2"
"32221","Külsősárd","2000 4 2","42","2","30","HU223","194","0","9999","9","9993","09","99","99","9","1","9","9","2"
"32230","Kakucs","1300 4 2","42","1","12","HU120","125","0","9999","3","1600","01","99","99","9","4","9","9","9"
"32249","Árpás","0800 4 2","42","2","30","HU221","092","0","1013","9","9993","09","99","99","9","1","9","9","2"
"32258","Szakácsi","0500 4 2","42","3","50","HU311","055","0","9999","9","9991","02","99","99","3","3","1","9","1"
"32267","Kilimán","2000 4 2","42","2","30","HU223","196","0","9999","9","9993","09","99","99","1","4","9","9","2"
"32276","Devecser","1900 3 2","30","2","20","HU213","186","1","9999","9","9993","06","99","99","9","3","1","9","2"
"32285","Csengele","0600 4 2","42","3","70","HU333","072","0","9999","3","1400","05","99","99","9","2","1","9","3"
"32294","Nyírábrány","0900 4 2","41","3","60","HU321","101","0","9999","9","9992","03","99","99","3","3","1","9","1"
"32300","Nógrádkövesd","1200 4 2","42","3","50","HU313","116","0","9999","9","9991","02","99","99","9","1","9","9","1"
"32319","Cserhátszentiván","1200 4 2","42","3","50","HU313","118","0","9999","9","9991","02","99","99","1","1","1","9","1"
"32328","Encsencs","1500 4 2","42","3","60","HU323","156","0","9999","9","9992","03","99","99","3","3","1","9","1"
"32337","Baté","1400 4 2","42","2","40","HU232","143","0","3033","9","9993","08","99","99","2","1","9","9","4"
"32346","Almásfüzitő","1100 4 2","42","2","20","HU212","112","0","9999","9","9993","06","99","99","9","9","9","9","2"
"32355","Libickozma","1400 4 2","42","2","40","HU232","144","0","9999","9","9993","08","99","99","1","1","9","9","4"
"32364","Nagylók","0700 4 2","42","2","20","HU211","084","0","3103","9","9993","06","99","99","9","3","1","9","2"
"32373","Diósviszló","0200 4 2","42","2","40","HU231","031","0","9999","1","2900","08","99","99","3","1","9","9","4"
"32382","Nyírmártonfalva","0900 4 2","42","3","60","HU321","101","0","3023","9","9992","03","99","99","3","3","1","9","1"
"32391","Drávaiványi","0200 4 2","42","2","40","HU231","030","0","9999","9","9993","08","99","99","1","3","1","9","4"
"32407","Magyarnándor","1200 4 2","42","3","50","HU313","116","0","9999","9","9991","02","99","99","9","1","9","9","1"
"32416","Tengőd","1400 4 2","42","2","40","HU232","147","0","9999","9","9993","08","99","99","3","2","1","9","4"
"32425","Peterd","0200 4 2","42","2","40","HU231","031","0","9999","9","9993","08","99","99","1","1","9","9","4"
"32434","Kiskunhalas","0300 3 2","30","3","70","HU331","041","1","9999","3","1600","05","99","99","9","1","9","9","3"
"32452","Nyírkáta","1500 4 2","42","3","60","HU323","154","0","9999","9","9992","03","99","99","3","3","1","9","1"
"32461","Szilvásszentmárton","1400 4 2","42","2","40","HU232","143","0","3033","9","9993","08","99","99","3","1","1","9","4"
"32470","Somogybabod","1400 4 2","42","2","40","HU232","142","0","9999","9","9993","07","99","99","2","1","9","1","4"
"32489","Szegvár","0600 4 2","41","3","70","HU333","076","0","9999","9","9992","05","99","99","9","1","9","9","3"
"32498","Kondó","0500 4 2","42","3","50","HU311","061","0","1023","9","9991","02","99","99","9","9","9","9","1"
"32504","Kunszentmárton","1600 3 2","30","3","60","HU322","165","1","9999","9","9992","03","99","99","2","2","1","9","1"
"32513","Pördefölde","2000 4 2","42","2","30","HU223","194","0","9999","9","9993","09","99","99","3","1","9","9","2"
"32522","Zalaszentgrót","2000 3 2","30","2","30","HU223","198","1","9999","2","3400","09","99","99","9","1","9","9","2"
"32531","Serényfalva","0500 4 2","42","3","50","HU311","063","0","9999","9","9991","02","99","99","1","3","1","9","1"
"32540","Nemesnádudvar","0300 4 2","42","3","70","HU331","035","0","9999","3","1500","05","99","99","9","1","9","3","3"
"32559","Gödöllő","1300 3 2","30","1","12","HU120","128","1","0022","9","9991","01","99","99","9","9","9","4","9"
"32568","Újszentmargita","0900 4 2","42","3","60","HU321","093","0","9999","9","9992","04","05","99","9","1","9","9","1"
"32577","Papos","1500 4 2","42","3","60","HU323","154","0","9999","9","9992","03","99","99","3","3","1","9","1"
"32586","Vérteskethely","1100 4 2","42","2","20","HU212","111","0","9999","5","1700","06","99","99","9","1","9","9","2"
"32595","Dénesfa","0800 4 2","42","2","30","HU221","088","0","9999","9","9993","09","99","99","9","4","9","9","2"
"32601","Somogytúr","1400 4 2","42","2","40","HU232","142","0","9999","2","2600","07","99","99","2","1","9","1","4"
"32610","Fót","1300 3 2","30","1","12","HU120","126","0","0012","9","9991","01","99","99","9","9","9","4","9"
"32629","Ostffyasszonyfa","1800 4 2","42","2","30","HU222","176","0","9999","9","9993","09","99","99","9","1","9","9","2"
"32638","Tornyiszentmiklós","2000 4 2","42","2","30","HU223","194","0","9999","9","9993","09","99","99","9","1","9","9","2"
"32647","Kerkateskánd","2000 4 2","42","2","30","HU223","194","0","9999","2","3400","09","99","99","9","1","9","9","2"
"32656","Mezőladány","1500 4 2","42","3","60","HU323","153","0","9999","9","9992","03","99","99","3","1","1","9","1"
"32665","Nemesnép","2000 4 2","42","2","30","HU223","194","0","9999","9","9993","09","99","99","9","1","9","9","2"
"32674","Rinyakovácsi","1400 4 2","42","2","40","HU232","143","0","9999","9","9993","08","99","99","3","1","1","9","4"
"32683","Perecse","0500 4 2","42","3","50","HU311","056","0","9999","9","9991","02","99","99","3","3","1","9","1"
"32692","Penyige","1500 4 2","42","3","60","HU323","150","0","9999","9","9992","03","99","99","3","3","1","9","1"
"32708","Dobronhegy","2000 4 2","42","2","30","HU223","197","0","2043","9","9993","09","99","99","9","9","9","9","2"
"32717","Feketeerdő","0800 4 2","42","2","30","HU221","089","0","9999","9","9993","09","99","99","9","9","9","9","2"
"32726","Kisrécse","2000 4 2","42","2","30","HU223","196","0","3153","9","9993","09","99","99","3","4","9","9","2"
"32735","Attala","1700 4 2","42","2","40","HU233","171","0","9999","9","9993","08","99","99","3","1","9","9","4"
"32744","Tésenfa","0200 4 2","42","2","40","HU231","031","0","9999","9","9993","08","99","99","3","1","1","9","4"
"32753","Dég","0700 4 2","42","2","20","HU211","079","0","9999","9","9993","06","99","99","9","2","1","9","2"
"32762","Felsőnyárád","0500 4 2","42","3","50","HU311","063","0","9999","9","9991","02","99","99","9","3","1","9","1"
"32771","Kocsér","1300 4 2","42","1","12","HU120","132","0","9999","3","1600","01","99","99","9","1","9","9","9"
"32780","Simonfa","1400 4 2","42","2","40","HU232","143","0","3033","9","9993","08","99","99","2","1","9","9","4"
"32799","Barcs","1400 3 2","30","2","40","HU232","140","1","9999","9","9993","08","99","99","9","3","1","9","4"
"32805","Nagykorpád","1400 4 2","42","2","40","HU232","145","0","9999","9","9993","08","99","99","3","2","1","9","4"
"32814","Csögle","1900 4 2","42","2","20","HU213","186","0","9999","9","9993","06","99","99","1","3","1","9","2"
"32823","Bugac","0300 4 2","41","3","70","HU331","040","0","9999","3","1600","05","99","99","9","1","9","9","3"
"32832","Meszlen","1800 4 2","42","2","30","HU222","181","0","2033","9","9993","09","99","99","9","9","9","9","2"
"32841","Szentborbás","1400 4 2","42","2","40","HU232","140","0","9999","9","9993","08","99","99","3","3","1","9","4"
"32850","Váralja","1700 4 2","42","2","40","HU233","170","0","9999","1","3500","08","99","99","9","9","9","9","4"
"32869","Kérsemjén","1500 4 2","42","3","60","HU323","150","0","9999","9","9992","03","99","99","1","3","1","9","1"
"32878","Csót","1900 4 2","42","2","20","HU213","187","0","9999","9","9993","06","99","99","9","1","9","9","2"
"32887","Bükkzsérc","0500 4 2","42","3","50","HU311","060","0","9999","4","3000","02","99","99","9","1","9","9","1"
"32896","Tar","1200 4 2","42","3","50","HU313","118","0","9999","9","9991","02","99","99","2","1","1","9","1"
"32902","Kehidakustány","2000 4 2","42","2","30","HU223","198","0","9999","9","9993","09","99","99","9","1","9","9","2"
"32911","Bér","1200 4 2","42","3","50","HU313","118","0","9999","9","9991","02","99","99","1","1","1","9","1"
"32920","Nagykölked","1800 4 2","42","2","30","HU222","177","0","2033","9","9993","09","99","99","9","4","9","9","2"
"32939","Nagylózs","0800 4 2","42","2","30","HU221","091","0","3073","9","9993","09","99","99","9","9","9","9","2"
"32948","Nemesbük","2000 4 2","42","2","30","HU223","193","0","9999","9","9993","07","99","99","9","9","9","1","2"
"32957","Elek","0400 3 2","30","3","70","HU332","048","0","9999","9","9992","05","99","99","9","9","9","9","3"
"32966","Tarnabod","1000 4 2","42","3","50","HU312","108","0","9999","9","9991","02","99","99","3","3","1","9","1"
"32975","Kőröstetétlen","1300 4 2","42","1","12","HU120","124","0","9999","9","9992","01","99","99","9","1","9","9","9"
"32984","Bucsu","1800 4 2","42","2","30","HU222","181","0","2033","9","9993","09","99","99","9","9","9","9","2"
"32993","Kács","0500 4 2","42","3","50","HU311","060","0","9999","4","3000","02","99","99","9","1","9","9","1"
"33002","Bodolyabér","0200 4 2","42","2","40","HU231","026","0","9999","9","9993","08","99","99","9","9","1","9","4"
"33011","Szécsényfelfalu","1200 4 2","42","3","50","HU313","121","0","9999","9","9991","02","99","99","9","3","1","9","1"
"33020","Forráskút","0600 4 2","42","3","70","HU333","074","0","9999","3","1400","05","99","99","9","1","1","9","3"
"33039","Zalameggyes","1900 4 2","42","2","20","HU213","188","0","9999","9","9993","06","99","99","1","1","9","9","2"
"33048","Encs","0500 3 2","30","3","50","HU311","056","1","9999","9","9991","02","99","99","2","3","1","9","1"
"33057","Zics","1400 4 2","42","2","40","HU232","147","0","9999","9","9993","08","99","99","1","2","1","9","4"
"33066","Ibafa","0200 4 2","42","2","40","HU231","033","0","9999","9","9993","08","99","99","3","2","1","9","4"
"33075","Tarhos","0400 4 2","42","3","70","HU332","045","0","9999","9","9992","05","99","99","9","1","1","9","3"
"33084","Gordisa","0200 4 2","42","2","40","HU231","031","0","9999","9","9993","08","99","99","3","1","9","9","4"
"33093","Alacska","0500 4 2","42","3","50","HU311","058","0","1023","9","9991","02","99","99","2","1","9","9","1"
"33109","Csatka","1100 4 2","42","2","20","HU212","111","0","9999","9","9993","06","99","99","9","1","9","9","2"
"33118","Csomád","1300 4 2","42","1","12","HU120","126","0","0013","9","9991","01","99","99","9","9","9","4","9"
"33127","Berhida","1900 3 2","30","2","20","HU213","190","0","9999","9","9993","06","99","99","9","9","9","9","2"
"33136","Zalaszentgyörgy","2000 4 2","42","2","30","HU223","197","0","2043","9","9993","09","99","99","9","9","9","9","2"
"33145","Nyírpazony","1500 4 2","41","3","60","HU323","157","0","3053","9","9992","03","99","99","9","9","9","9","1"
"33154","Bóly","0200 3 2","30","2","40","HU231","024","1","9999","1","2700","08","99","99","9","1","9","9","4"
"33163","Dad","1100 4 2","42","2","20","HU212","113","0","9999","9","9993","06","99","99","9","9","9","9","2"
"33172","Szeleste","1800 4 2","42","2","30","HU222","179","0","2033","9","9993","09","99","99","9","9","9","9","2"
"33181","Nagyrozvágy","0500 4 2","42","3","50","HU311","054","0","9999","9","9991","02","99","99","1","3","1","9","1"
"33190","Doboz","0400 4 2","41","3","70","HU332","046","0","3013","9","9992","05","99","99","9","9","1","9","3"
"33206","Kisecset","1200 4 2","42","3","50","HU313","119","0","9999","9","9991","02","99","99","1","1","9","9","1"
"33215","Kisnyárád","0200 4 2","42","2","40","HU231","027","0","9999","9","9993","08","99","99","3","1","9","9","4"
"33224","Márokpapi","1500 4 2","42","3","60","HU323","159","0","9999","9","9992","03","99","99","1","3","1","9","1"
"33233","Gödre","0200 4 2","42","2","40","HU231","025","0","9999","9","9993","08","99","99","1","3","1","9","4"
"33242","Hollókő","1200 4 2","42","3","50","HU313","121","0","9999","9","9991","02","02","99","9","3","1","9","1"
"33251","Felpéc","0800 4 2","42","2","30","HU221","092","0","1013","5","2300","09","99","99","9","1","9","9","2"
"33260","Bélapátfalva","1000 3 2","30","3","50","HU312","103","1","2023","9","9991","02","99","99","9","1","1","9","1"
"33279","Alsószentmárton","0200 4 2","42","2","40","HU231","031","0","9999","9","9993","08","99","99","3","1","9","9","4"
"33288","Zalaszántó","2000 4 2","42","2","30","HU223","193","0","9999","2","3400","07","99","99","9","9","9","1","2"
"33297","Hunya","0400 4 2","42","3","70","HU332","047","0","9999","9","9992","05","99","99","9","1","9","9","3"
"33303","Bódvarákó","0500 4 2","42","3","50","HU311","055","0","9999","9","9991","02","03","03","1","3","1","9","1"
"33312","Felsőtold","1200 4 2","42","3","50","HU313","118","0","9999","9","9991","02","99","99","1","1","1","9","1"
"33321","Soponya","0700 4 2","41","2","20","HU211","085","0","3103","9","9993","06","99","99","9","9","9","9","2"
"33330","Lánycsók","0200 4 2","42","2","40","HU231","027","0","9999","1","2700","08","99","99","9","1","9","9","4"
"33349","Mőcsény","1700 4 2","42","2","40","HU233","170","0","9999","1","3500","08","99","99","9","9","9","9","4"
"33358","Terem","1500 4 2","42","3","60","HU323","156","0","9999","9","9992","03","99","99","3","3","1","9","1"
"33367","Szeged","0600 2 1","20","3","70","HU333","075","1","3081","3","1400","05","99","99","9","9","9","9","3"
"33376","Miklósi","1400 4 2","42","2","40","HU232","147","0","9999","9","9993","08","99","99","9","2","1","9","4"
"33385","Acsalag","0800 4 2","42","2","30","HU221","086","0","9999","9","9993","09","99","99","9","4","9","9","2"
"33394","Kapoly","1400 4 2","42","2","40","HU232","147","0","9999","9","9993","07","99","99","2","2","1","1","4"
"33400","Kishartyán","1200 4 2","42","3","50","HU313","120","0","3063","9","9991","02","99","99","2","1","1","9","1"
"33419","Perkupa","0500 4 2","42","3","50","HU311","055","0","9999","9","9991","02","03","03","9","3","1","9","1"
"33428","Egervár","2000 4 2","42","2","30","HU223","197","0","2043","9","9993","09","99","99","9","9","9","9","2"
"33437","Szerep","0900 4 2","42","3","60","HU321","102","0","9999","9","9992","03","99","99","3","3","1","9","1"
"33446","Bedő","0900 4 2","42","3","60","HU321","094","0","9999","9","9992","03","99","99","1","3","1","9","1"
"33455","Gyomaendrőd","0400 3 2","30","3","70","HU332","047","1","9999","9","9992","05","99","99","9","1","9","9","3"
"33482","Sátorhely","0200 4 2","42","2","40","HU231","027","0","9999","9","9993","08","99","99","9","1","9","9","4"
"33491","Szárliget","1100 4 2","42","2","20","HU212","115","0","3123","9","9993","06","99","99","9","9","9","9","2"
"33516","Szákszend","1100 4 2","42","2","20","HU212","113","0","9999","9","9993","06","99","99","9","9","9","9","2"
"33525","Mátraterenye","1200 4 2","42","3","50","HU313","117","0","9999","9","9991","02","99","99","9","1","1","9","1"
"33534","Bátonyterenye","1200 3 2","30","3","50","HU313","117","1","9999","9","9991","02","99","99","9","1","1","9","1"
"33543","Nagyszentjános","0800 4 2","42","2","30","HU221","087","0","1013","9","9993","09","99","99","9","9","9","9","2"
"33552","Herceghalom","1300 4 2","42","1","12","HU120","123","0","0053","9","9993","01","99","99","9","9","9","4","9"
"33561","Apaj","1300 4 2","42","1","12","HU120","134","0","9999","9","9992","01","99","99","9","4","9","9","9"
"33570","Pörböly","1700 4 2","42","2","40","HU233","173","0","9999","9","9993","08","99","99","9","9","9","9","4"
"33589","Érsekhalma","0300 4 2","42","3","70","HU331","035","0","9999","3","1500","05","99","99","9","1","9","9","3"
"33598","Felsőlajos","0300 4 2","42","3","70","HU331","038","0","9999","3","1600","05","99","99","9","9","9","9","3"
"33604","Újtelek","0300 4 2","42","3","70","HU331","037","0","9999","9","9992","05","99","99","3","1","9","3","3"
"33613","Szentegát","0200 4 2","42","2","40","HU231","033","0","9999","9","9993","08","99","99","9","2","1","9","4"
"33622","Fülöpjakab","0300 4 2","42","3","70","HU331","038","0","3043","3","1600","05","99","99","9","9","9","9","3"
"33631","Bugacpusztaháza","0300 4 2","42","3","70","HU331","040","0","9999","9","9992","05","99","99","9","1","9","9","3"
"33640","Csém","1100 4 2","42","2","20","HU212","112","0","9999","9","9993","06","99","99","9","9","9","9","2"
"33659","Újdombrád","1500 4 2","42","3","60","HU323","153","0","9999","9","9992","03","99","99","9","1","1","9","1"
"33668","Lébény","0800 3 2","30","2","30","HU221","089","0","1013","9","9993","09","99","99","9","9","9","9","2"
"33677","Mosonszentmiklós","0800 4 2","42","2","30","HU221","087","0","1013","9","9993","09","99","99","9","9","9","9","2"
"33686","Petőfibánya","1000 4 2","42","3","50","HU312","107","0","9999","9","9991","02","99","99","9","9","9","9","1"
"33695","Kisfalud","0800 4 2","42","2","30","HU221","088","0","9999","9","9993","09","99","99","9","4","9","9","2"
"33701","Rábacsécsény","0800 4 2","42","2","30","HU221","092","0","1013","9","9993","09","99","99","9","1","9","9","2"
"33710","Rábaszentmihály","0800 4 2","42","2","30","HU221","092","0","1013","9","9993","09","99","99","9","1","9","9","2"
"33729","Verőce","1300 4 2","42","1","12","HU120","137","0","9999","9","9991","01","99","99","9","1","9","9","9"
"33738","Kismaros","1300 4 2","42","1","12","HU120","137","0","9999","9","9991","01","99","99","9","1","9","9","9"
"33747","Tiszavid","1500 4 2","42","3","60","HU323","159","0","9999","9","9992","03","99","99","3","3","1","9","1"
"33756","Máza","0200 4 2","42","2","40","HU231","026","0","9999","9","9993","08","99","99","9","9","1","9","4"
"33765","Szászvár","0200 4 2","41","2","40","HU231","026","0","9999","9","9993","08","99","99","9","9","1","9","4"
"33774","Gyüre","1500 4 2","42","3","60","HU323","159","0","9999","9","9992","03","99","99","3","3","1","9","1"
"33783","Nagyvarsány","1500 4 2","42","3","60","HU323","159","0","9999","9","9992","03","99","99","2","3","1","9","1"
"33792","Lakhegy","2000 4 2","42","2","30","HU223","197","0","2043","9","9993","09","99","99","9","9","9","9","2"
"33808","Bodrogkisfalud","0500 4 2","42","3","50","HU311","069","0","9999","6","3300","02","08","08","2","2","1","2","1"
"33817","Szegi","0500 4 2","42","3","50","HU311","069","0","9999","6","3300","02","08","08","3","2","1","2","1"
"33826","Neszmély","1100 4 2","42","2","20","HU212","114","0","9999","5","1700","06","99","99","9","9","9","9","2"
"33835","Dunaalmás","1100 4 2","42","2","20","HU212","114","0","9999","5","1700","06","99","99","9","9","9","9","2"
"33844","Balatonrendes","1900 4 2","42","2","20","HU213","189","0","2013","2","1800","07","99","99","2","9","9","1","2"
"33853","Balatonboglár","1400 3 2","30","2","40","HU232","142","0","2012","2","2600","07","99","99","9","1","9","1","4"
"33862","Balatonlelle","1400 3 2","30","2","40","HU232","142","0","2012","2","2600","07","99","99","9","1","9","1","4"
"33871","Egeralja","1900 4 2","42","2","20","HU213","186","0","9999","9","9993","06","99","99","9","3","1","9","2"
"33880","Patvarc","1200 4 2","42","3","50","HU313","116","0","9999","9","9991","02","99","99","9","1","9","9","1"
"33899","Nagydobsza","0200 4 2","42","2","40","HU231","033","0","9999","9","9993","08","99","99","9","2","1","9","4"
"33905","Kisdobsza","0200 4 2","42","2","40","HU231","033","0","9999","9","9993","08","99","99","9","2","1","9","4"
"33914","Tarjánpuszta","0800 4 2","42","2","30","HU221","090","0","1013","9","9993","09","99","99","9","4","9","9","2"
"33923","Mánfa","0200 4 2","42","2","40","HU231","026","0","1033","9","9993","08","99","99","9","9","1","9","4"
"33932","Hobol","0200 4 2","42","2","40","HU231","033","0","9999","9","9993","08","99","99","9","2","1","9","4"
"33941","Eplény","1900 4 2","42","2","20","HU213","191","0","3133","9","9993","06","99","99","9","9","9","9","2"
"33950","Bőny","0800 4 2","42","2","30","HU221","087","0","1013","9","9993","09","99","99","9","9","9","9","2"
"33969","Rétalap","0800 4 2","42","2","30","HU221","087","0","1013","9","9993","09","99","99","9","9","9","9","2"
"33978","Csörnyeföld","2000 4 2","42","2","30","HU223","195","0","9999","2","3400","09","99","99","1","1","9","9","2"
"33987","Muraszemenye","2000 4 2","42","2","30","HU223","195","0","9999","2","3400","09","99","99","2","1","9","9","2"
"33996","Farád","0800 4 2","42","2","30","HU221","086","0","9999","9","9993","09","99","99","9","4","9","9","2"
"34005","Berekfürdő","1600 4 2","42","3","60","HU322","163","0","9999","9","9992","04","05","99","9","2","1","9","1"
"34014","Folyás","0900 4 2","42","3","60","HU321","099","0","9999","9","9992","04","99","99","1","1","9","9","1"
"34023","Tokodaltáró","1100 4 2","42","2","20","HU212","110","0","9999","9","9993","06","99","99","9","9","9","9","2"
"34032","Szaporca","0200 4 2","42","2","40","HU231","031","0","9999","9","9993","08","99","99","3","1","1","9","4"
"34041","Pálmajor","1400 4 2","42","2","40","HU232","143","0","9999","9","9993","08","99","99","3","1","1","9","4"
"34050","Hunyadfalva","1600 4 2","42","3","60","HU322","167","0","9999","9","9992","03","99","99","3","9","9","9","1"
"34069","Ormosbánya","0500 4 2","42","3","50","HU311","058","0","9999","9","9991","02","99","99","3","1","9","9","1"
"34078","Csabaszabadi","0400 4 2","42","3","70","HU332","046","0","3013","9","9992","05","99","99","1","9","9","9","3"
"34087","Tormásliget","1800 4 2","42","2","30","HU222","178","0","9999","9","9993","09","99","99","9","9","9","9","2"
"34096","Móricgát","0300 4 2","42","3","70","HU331","042","0","9999","3","1600","05","99","99","9","2","1","9","3"
"34102","Bocskaikert","0900 4 2","42","3","60","HU321","098","0","3023","9","9992","03","99","99","9","1","1","9","1"
"34111","Csincse","0500 4 2","42","3","50","HU311","060","0","9999","9","9991","02","99","99","2","1","9","9","1"
"34120","Rudolftelep","0500 4 2","42","3","50","HU311","058","0","9999","9","9991","02","99","99","3","1","9","9","1"
"34139","Budapest 23. ker.","0123 9 9","90","1","11","HU110","023","1","0001","9","9992","01","99","99","9","9","9","4","9"
"34148","Pilisjászfalu","1300 4 2","42","1","12","HU120","133","0","0063","9","9993","01","99","99","9","9","9","4","9"
"34157","Kistarcsa","1300 3 2","30","1","12","HU120","128","0","0022","9","9991","01","99","99","9","9","9","4","9"
"34166","Kerepes","1300 3 2","30","1","12","HU120","128","0","0023","4","3200","01","99","99","9","9","9","4","9"
"34175","Csataszög","1600 4 2","42","3","60","HU322","167","0","9999","9","9992","03","99","99","9","9","9","9","1"
"34184","Alsóbogát","1400 4 2","42","2","40","HU232","143","0","9999","9","9993","08","99","99","3","1","9","9","4"
"34193","Kaszó","1400 4 2","42","2","40","HU232","145","0","9999","9","9993","08","99","99","2","2","1","9","4"
"34209","Kulcs","0700 4 2","42","2","20","HU211","078","0","3143","9","9993","06","99","99","9","9","9","9","2"
"34218","Uzsa","1900 4 2","42","2","20","HU213","189","0","9999","2","2000","07","99","99","9","9","9","1","2"
"34227","Annavölgy","1100 4 2","42","2","20","HU212","110","0","9999","9","9993","06","99","99","9","9","9","9","2"
"34236","Szántód","1400 4 2","42","2","40","HU232","146","0","2013","9","9993","07","99","99","9","9","9","1","4"
"34245","Algyő","0600 4 2","41","3","70","HU333","075","0","3083","9","9992","05","99","99","9","9","9","9","3"
"34254","Pétfürdő","1900 4 2","41","2","20","HU213","190","0","9999","9","9993","06","99","99","9","9","9","9","2"
"34263","Zichyújfalu","0700 4 2","42","2","20","HU211","080","0","3103","9","9993","06","99","99","9","9","9","9","2"
"34272","Farkaslyuk","0500 4 2","42","3","50","HU311","062","0","9999","9","9991","02","99","99","3","3","1","9","1"
"34281","Nagykeresztúr","1200 4 2","42","3","50","HU313","120","0","3063","9","9991","02","99","99","9","1","1","9","1"
"34290","Berente","0500 4 2","42","3","50","HU311","058","0","9999","9","9991","02","99","99","9","1","9","9","1"
"34306","Óbarok","0700 4 2","42","2","20","HU211","077","0","9999","9","9993","06","99","99","9","9","9","9","2"
"34315","Remeteszőlős","1300 4 2","42","1","12","HU120","123","0","0063","9","9993","01","99","99","9","9","9","4","9"
"34324","Pálosvörösmart","1000 4 2","42","3","50","HU312","106","0","9999","4","3200","02","99","99","9","9","9","9","1"
"34333","Csörög","1300 4 2","42","1","12","HU120","138","0","0013","9","9991","01","99","99","9","9","9","4","9"
"34342","Daruszentmiklós","0700 4 2","42","2","20","HU211","078","0","9999","9","9993","06","99","99","9","9","9","3","2"
"34351","Károlyháza","0800 4 2","42","2","30","HU221","089","0","9999","9","9993","09","99","99","9","9","9","9","2"
"34360","Rákóczibánya","1200 4 2","42","3","50","HU313","120","0","9999","9","9991","02","99","99","9","1","1","9","1"
"34379","Kerekharaszt","1000 4 2","42","3","50","HU312","107","0","9999","9","9991","02","99","99","9","9","9","9","1"
"34388","Szorgalmatos","1500 4 2","42","3","60","HU323","158","0","9999","9","9992","03","99","99","9","2","1","9","1"
"34397","Monorierdő","1300 4 2","42","1","12","HU120","130","0","9999","3","1600","01","99","99","9","9","9","9","9"
"34403","Zákányfalu","1400 4 2","42","2","40","HU232","141","0","9999","9","9993","08","99","99","3","3","1","9","4"
"34412","Mosonudvar","0800 4 2","42","2","30","HU221","089","0","9999","9","9993","09","99","99","9","9","9","9","2"
"34421","Balatonakarattya","1900 4 2","42","2","20","HU213","184","0","2013","9","9993","07","99","99","9","9","9","1","2"
