,election_date,election_type,nuts_1_code,nuts_1_name,type,name,votes
0,1999-06-13,european,FR1,Ile-de-France,0,eligible_voters,5951623
1,1999-06-13,european,FR1,Ile-de-France,1,issued_ballots,2840509
2,1999-06-13,european,FR1,Ile-de-France,2,COM,206390
3,1999-06-13,european,FR1,Ile-de-France,2,CPNT,56019
4,1999-06-13,european,FR1,Ile-de-France,2,DIV,100220
5,1999-06-13,european,FR1,Ile-de-France,2,DTE,382579
6,1999-06-13,european,FR1,Ile-de-France,2,DVD,363385
7,1999-06-13,european,FR1,Ile-de-France,2,ECO,41575
8,1999-06-13,european,FR1,Ile-de-France,2,EXG,148895
9,1999-06-13,european,FR1,Ile-de-France,2,FRN,156693
10,1999-06-13,european,FR1,Ile-de-France,2,GAU,562997
11,1999-06-13,european,FR1,Ile-de-France,2,MNA,101311
12,1999-06-13,european,FR1,Ile-de-France,2,REG,269
13,1999-06-13,european,FR1,Ile-de-France,2,UDF,261424
14,1999-06-13,european,FR1,Ile-de-France,2,VEC,349885
15,1999-06-13,european,FRB,Centre — Val de Loire,0,eligible_voters,1695298
16,1999-06-13,european,FRB,Centre — Val de Loire,1,issued_ballots,824901
17,1999-06-13,european,FRB,Centre — Val de Loire,2,COM,52384
18,1999-06-13,european,FRB,Centre — Val de Loire,2,CPNT,69339
19,1999-06-13,european,FRB,Centre — Val de Loire,2,DIV,31606
20,1999-06-13,european,FRB,Centre — Val de Loire,2,DTE,97483
21,1999-06-13,european,FRB,Centre — Val de Loire,2,DVD,107148
22,1999-06-13,european,FRB,Centre — Val de Loire,2,ECO,10410
23,1999-06-13,european,FRB,Centre — Val de Loire,2,EXG,37288
24,1999-06-13,european,FRB,Centre — Val de Loire,2,FRN,45088
25,1999-06-13,european,FRB,Centre — Val de Loire,2,GAU,162983
26,1999-06-13,european,FRB,Centre — Val de Loire,2,MNA,23486
27,1999-06-13,european,FRB,Centre — Val de Loire,2,REG,135
28,1999-06-13,european,FRB,Centre — Val de Loire,2,UDF,67535
29,1999-06-13,european,FRB,Centre — Val de Loire,2,VEC,64290
30,1999-06-13,european,FRC,Bourgogne-Franche-Comté,0,eligible_voters,1894075
31,1999-06-13,european,FRC,Bourgogne-Franche-Comté,1,issued_ballots,899197
32,1999-06-13,european,FRC,Bourgogne-Franche-Comté,2,COM,48929
33,1999-06-13,european,FRC,Bourgogne-Franche-Comté,2,CPNT,56613
34,1999-06-13,european,FRC,Bourgogne-Franche-Comté,2,DIV,32498
35,1999-06-13,european,FRC,Bourgogne-Franche-Comté,2,DTE,116450
36,1999-06-13,european,FRC,Bourgogne-Franche-Comté,2,DVD,109910
37,1999-06-13,european,FRC,Bourgogne-Franche-Comté,2,ECO,12378
38,1999-06-13,european,FRC,Bourgogne-Franche-Comté,2,EXG,41703
39,1999-06-13,european,FRC,Bourgogne-Franche-Comté,2,FRN,47188
40,1999-06-13,european,FRC,Bourgogne-Franche-Comté,2,GAU,193396
41,1999-06-13,european,FRC,Bourgogne-Franche-Comté,2,MNA,27430
42,1999-06-13,european,FRC,Bourgogne-Franche-Comté,2,REG,80
43,1999-06-13,european,FRC,Bourgogne-Franche-Comté,2,UDF,70916
44,1999-06-13,european,FRC,Bourgogne-Franche-Comté,2,VEC,77157
45,1999-06-13,european,FRD,Normandie,0,eligible_voters,2204667
46,1999-06-13,european,FRD,Normandie,1,issued_ballots,1071833
47,1999-06-13,european,FRD,Normandie,2,COM,63323
48,1999-06-13,european,FRD,Normandie,2,CPNT,100304
49,1999-06-13,european,FRD,Normandie,2,DIV,42751
50,1999-06-13,european,FRD,Normandie,2,DTE,126052
51,1999-06-13,european,FRD,Normandie,2,DVD,126490
52,1999-06-13,european,FRD,Normandie,2,ECO,15416
53,1999-06-13,european,FRD,Normandie,2,EXG,58086
54,1999-06-13,european,FRD,Normandie,2,FRN,58795
55,1999-06-13,european,FRD,Normandie,2,GAU,209489
56,1999-06-13,european,FRD,Normandie,2,MNA,27190
57,1999-06-13,european,FRD,Normandie,2,REG,94
58,1999-06-13,european,FRD,Normandie,2,UDF,89474
59,1999-06-13,european,FRD,Normandie,2,VEC,89666
60,1999-06-13,european,FRE,Hauts-de-France,0,eligible_voters,3987578
61,1999-06-13,european,FRE,Hauts-de-France,1,issued_ballots,1950050
62,1999-06-13,european,FRE,Hauts-de-France,2,COM,158708
63,1999-06-13,european,FRE,Hauts-de-France,2,CPNT,191922
64,1999-06-13,european,FRE,Hauts-de-France,2,DIV,80738
65,1999-06-13,european,FRE,Hauts-de-France,2,DTE,187893
66,1999-06-13,european,FRE,Hauts-de-France,2,DVD,205275
67,1999-06-13,european,FRE,Hauts-de-France,2,ECO,29765
68,1999-06-13,european,FRE,Hauts-de-France,2,EXG,121225
69,1999-06-13,european,FRE,Hauts-de-France,2,FRN,139916
70,1999-06-13,european,FRE,Hauts-de-France,2,GAU,384815
71,1999-06-13,european,FRE,Hauts-de-France,2,MNA,53324
72,1999-06-13,european,FRE,Hauts-de-France,2,REG,456
73,1999-06-13,european,FRE,Hauts-de-France,2,UDF,130710
74,1999-06-13,european,FRE,Hauts-de-France,2,VEC,135907
75,1999-06-13,european,FRF,Grand Est,0,eligible_voters,3623034
76,1999-06-13,european,FRF,Grand Est,1,issued_ballots,1552221
77,1999-06-13,european,FRF,Grand Est,2,COM,62556
78,1999-06-13,european,FRF,Grand Est,2,CPNT,55084
79,1999-06-13,european,FRF,Grand Est,2,DIV,64682
80,1999-06-13,european,FRF,Grand Est,2,DTE,197741
81,1999-06-13,european,FRF,Grand Est,2,DVD,178526
82,1999-06-13,european,FRF,Grand Est,2,ECO,36604
83,1999-06-13,european,FRF,Grand Est,2,EXG,79103
84,1999-06-13,european,FRF,Grand Est,2,FRN,114576
85,1999-06-13,european,FRF,Grand Est,2,GAU,288776
86,1999-06-13,european,FRF,Grand Est,2,MNA,58509
87,1999-06-13,european,FRF,Grand Est,2,REG,365
88,1999-06-13,european,FRF,Grand Est,2,UDF,164130
89,1999-06-13,european,FRF,Grand Est,2,VEC,145761
90,1999-06-13,european,FRG,Pays de la Loire,0,eligible_voters,2286955
91,1999-06-13,european,FRG,Pays de la Loire,1,issued_ballots,1091233
92,1999-06-13,european,FRG,Pays de la Loire,2,COM,45322
93,1999-06-13,european,FRG,Pays de la Loire,2,CPNT,71174
94,1999-06-13,european,FRG,Pays de la Loire,2,DIV,40859
95,1999-06-13,european,FRG,Pays de la Loire,2,DTE,126287
96,1999-06-13,european,FRG,Pays de la Loire,2,DVD,172080
97,1999-06-13,european,FRG,Pays de la Loire,2,ECO,14454
98,1999-06-13,european,FRG,Pays de la Loire,2,EXG,47028
99,1999-06-13,european,FRG,Pays de la Loire,2,FRN,35484
100,1999-06-13,european,FRG,Pays de la Loire,2,GAU,229528
101,1999-06-13,european,FRG,Pays de la Loire,2,MNA,15851
102,1999-06-13,european,FRG,Pays de la Loire,2,REG,143
103,1999-06-13,european,FRG,Pays de la Loire,2,UDF,116060
104,1999-06-13,european,FRG,Pays de la Loire,2,VEC,102162
105,1999-06-13,european,FRH,Bretagne,0,eligible_voters,2135958
106,1999-06-13,european,FRH,Bretagne,1,issued_ballots,1048784
107,1999-06-13,european,FRH,Bretagne,2,COM,56873
108,1999-06-13,european,FRH,Bretagne,2,CPNT,58920
109,1999-06-13,european,FRH,Bretagne,2,DIV,39003
110,1999-06-13,european,FRH,Bretagne,2,DTE,154996
111,1999-06-13,european,FRH,Bretagne,2,DVD,101125
112,1999-06-13,european,FRH,Bretagne,2,ECO,14529
113,1999-06-13,european,FRH,Bretagne,2,EXG,51573
114,1999-06-13,european,FRH,Bretagne,2,FRN,36031
115,1999-06-13,european,FRH,Bretagne,2,GAU,240934
116,1999-06-13,european,FRH,Bretagne,2,MNA,14190
117,1999-06-13,european,FRH,Bretagne,2,REG,247
118,1999-06-13,european,FRH,Bretagne,2,UDF,110575
119,1999-06-13,european,FRH,Bretagne,2,VEC,112718
120,1999-06-13,european,FRI,Nouvelle-Aquitaine,0,eligible_voters,3809822
121,1999-06-13,european,FRI,Nouvelle-Aquitaine,1,issued_ballots,1946976
122,1999-06-13,european,FRI,Nouvelle-Aquitaine,2,COM,131208
123,1999-06-13,european,FRI,Nouvelle-Aquitaine,2,CPNT,203377
124,1999-06-13,european,FRI,Nouvelle-Aquitaine,2,DIV,68347
125,1999-06-13,european,FRI,Nouvelle-Aquitaine,2,DTE,215186
126,1999-06-13,european,FRI,Nouvelle-Aquitaine,2,DVD,214197
127,1999-06-13,european,FRI,Nouvelle-Aquitaine,2,ECO,21000
128,1999-06-13,european,FRI,Nouvelle-Aquitaine,2,EXG,86058
129,1999-06-13,european,FRI,Nouvelle-Aquitaine,2,FRN,69084
130,1999-06-13,european,FRI,Nouvelle-Aquitaine,2,GAU,445455
131,1999-06-13,european,FRI,Nouvelle-Aquitaine,2,MNA,37367
132,1999-06-13,european,FRI,Nouvelle-Aquitaine,2,REG,158
133,1999-06-13,european,FRI,Nouvelle-Aquitaine,2,UDF,170947
134,1999-06-13,european,FRI,Nouvelle-Aquitaine,2,VEC,150579
135,1999-06-13,european,FRJ,Occitanie,0,eligible_voters,3416455
136,1999-06-13,european,FRJ,Occitanie,1,issued_ballots,1765957
137,1999-06-13,european,FRJ,Occitanie,2,COM,124160
138,1999-06-13,european,FRJ,Occitanie,2,CPNT,149988
139,1999-06-13,european,FRJ,Occitanie,2,DIV,58121
140,1999-06-13,european,FRJ,Occitanie,2,DTE,164160
141,1999-06-13,european,FRJ,Occitanie,2,DVD,217256
142,1999-06-13,european,FRJ,Occitanie,2,ECO,21328
143,1999-06-13,european,FRJ,Occitanie,2,EXG,83915
144,1999-06-13,european,FRJ,Occitanie,2,FRN,86108
145,1999-06-13,european,FRJ,Occitanie,2,GAU,409752
146,1999-06-13,european,FRJ,Occitanie,2,MNA,57109
147,1999-06-13,european,FRJ,Occitanie,2,REG,116
148,1999-06-13,european,FRJ,Occitanie,2,UDF,132901
149,1999-06-13,european,FRJ,Occitanie,2,VEC,148382
150,1999-06-13,european,FRK,Auvergne-Rhône-Alpes,0,eligible_voters,4519328
151,1999-06-13,european,FRK,Auvergne-Rhône-Alpes,1,issued_ballots,2049004
152,1999-06-13,european,FRK,Auvergne-Rhône-Alpes,2,COM,131667
153,1999-06-13,european,FRK,Auvergne-Rhône-Alpes,2,CPNT,94149
154,1999-06-13,european,FRK,Auvergne-Rhône-Alpes,2,DIV,72812
155,1999-06-13,european,FRK,Auvergne-Rhône-Alpes,2,DTE,244496
156,1999-06-13,european,FRK,Auvergne-Rhône-Alpes,2,DVD,268969
157,1999-06-13,european,FRK,Auvergne-Rhône-Alpes,2,ECO,30555
158,1999-06-13,european,FRK,Auvergne-Rhône-Alpes,2,EXG,96548
159,1999-06-13,european,FRK,Auvergne-Rhône-Alpes,2,FRN,105212
160,1999-06-13,european,FRK,Auvergne-Rhône-Alpes,2,GAU,421125
161,1999-06-13,european,FRK,Auvergne-Rhône-Alpes,2,MNA,68900
162,1999-06-13,european,FRK,Auvergne-Rhône-Alpes,2,REG,382
163,1999-06-13,european,FRK,Auvergne-Rhône-Alpes,2,UDF,196190
164,1999-06-13,european,FRK,Auvergne-Rhône-Alpes,2,VEC,198548
165,1999-06-13,european,FRL,Provence-Alpes-Côte d’Azur,0,eligible_voters,2903220
166,1999-06-13,european,FRL,Provence-Alpes-Côte d’Azur,1,issued_ballots,1328855
167,1999-06-13,european,FRL,Provence-Alpes-Côte d’Azur,2,COM,97803
168,1999-06-13,european,FRL,Provence-Alpes-Côte d’Azur,2,CPNT,82615
169,1999-06-13,european,FRL,Provence-Alpes-Côte d’Azur,2,DIV,40808
170,1999-06-13,european,FRL,Provence-Alpes-Côte d’Azur,2,DTE,145843
171,1999-06-13,european,FRL,Provence-Alpes-Côte d’Azur,2,DVD,207635
172,1999-06-13,european,FRL,Provence-Alpes-Côte d’Azur,2,ECO,19520
173,1999-06-13,european,FRL,Provence-Alpes-Côte d’Azur,2,EXG,53888
174,1999-06-13,european,FRL,Provence-Alpes-Côte d’Azur,2,FRN,99665
175,1999-06-13,european,FRL,Provence-Alpes-Côte d’Azur,2,GAU,231301
176,1999-06-13,european,FRL,Provence-Alpes-Côte d’Azur,2,MNA,86822
177,1999-06-13,european,FRL,Provence-Alpes-Côte d’Azur,2,REG,100
178,1999-06-13,european,FRL,Provence-Alpes-Côte d’Azur,2,UDF,89418
179,1999-06-13,european,FRL,Provence-Alpes-Côte d’Azur,2,VEC,113088
180,1999-06-13,european,FRM,Corse,0,eligible_voters,182291
181,1999-06-13,european,FRM,Corse,1,issued_ballots,57767
182,1999-06-13,european,FRM,Corse,2,COM,5613
183,1999-06-13,european,FRM,Corse,2,CPNT,5503
184,1999-06-13,european,FRM,Corse,2,DIV,995
185,1999-06-13,european,FRM,Corse,2,DTE,14160
186,1999-06-13,european,FRM,Corse,2,DVD,7308
187,1999-06-13,european,FRM,Corse,2,ECO,835
188,1999-06-13,european,FRM,Corse,2,EXG,1717
189,1999-06-13,european,FRM,Corse,2,FRN,1780
190,1999-06-13,european,FRM,Corse,2,GAU,11229
191,1999-06-13,european,FRM,Corse,2,MNA,1245
192,1999-06-13,european,FRM,Corse,2,REG,1
193,1999-06-13,european,FRM,Corse,2,UDF,2379
194,1999-06-13,european,FRM,Corse,2,VEC,3350
195,1999-06-13,european,FRY,RUP FR — Régions Ultrapériphériques Françaises,0,eligible_voters,960899
196,1999-06-13,european,FRY,RUP FR — Régions Ultrapériphériques Françaises,1,issued_ballots,194313
197,1999-06-13,european,FRY,RUP FR — Régions Ultrapériphériques Françaises,2,COM,8727
198,1999-06-13,european,FRY,RUP FR — Régions Ultrapériphériques Françaises,2,CPNT,765
199,1999-06-13,european,FRY,RUP FR — Régions Ultrapériphériques Françaises,2,DIV,13820
200,1999-06-13,european,FRY,RUP FR — Régions Ultrapériphériques Françaises,2,DTE,38073
201,1999-06-13,european,FRY,RUP FR — Régions Ultrapériphériques Françaises,2,DVD,14060
202,1999-06-13,european,FRY,RUP FR — Régions Ultrapériphériques Françaises,2,ECO,12
203,1999-06-13,european,FRY,RUP FR — Régions Ultrapériphériques Françaises,2,EXG,4867
204,1999-06-13,european,FRY,RUP FR — Régions Ultrapériphériques Françaises,2,FRN,3533
205,1999-06-13,european,FRY,RUP FR — Régions Ultrapériphériques Françaises,2,GAU,56048
206,1999-06-13,european,FRY,RUP FR — Régions Ultrapériphériques Françaises,2,MNA,2513
207,1999-06-13,european,FRY,RUP FR — Régions Ultrapériphériques Françaises,2,REG,1732
208,1999-06-13,european,FRY,RUP FR — Régions Ultrapériphériques Françaises,2,UDF,21746
209,1999-06-13,european,FRY,RUP FR — Régions Ultrapériphériques Françaises,2,VEC,9969
210,2002-04-21,president_a,FR1,Ile-de-France,0,eligible_voters,6038067
211,2002-04-21,president_a,FR1,Ile-de-France,1,issued_ballots,4100293
212,2002-04-21,president_a,FR1,Ile-de-France,2,Bayrou,298996
213,2002-04-21,president_a,FR1,Ile-de-France,2,Besancenot,138984
214,2002-04-21,president_a,FR1,Ile-de-France,2,Boutin,50225
215,2002-04-21,president_a,FR1,Ile-de-France,2,Chevenement,265658
216,2002-04-21,president_a,FR1,Ile-de-France,2,Chirac,838289
217,2002-04-21,president_a,FR1,Ile-de-France,2,Gluckstein,16170
218,2002-04-21,president_a,FR1,Ile-de-France,2,Hue,141989
219,2002-04-21,president_a,FR1,Ile-de-France,2,Jospin,680008
220,2002-04-21,president_a,FR1,Ile-de-France,2,Laguiller,183088
221,2002-04-21,president_a,FR1,Ile-de-France,2,LePen,583643
222,2002-04-21,president_a,FR1,Ile-de-France,2,Lepage,90237
223,2002-04-21,president_a,FR1,Ile-de-France,2,Madelin,200262
224,2002-04-21,president_a,FR1,Ile-de-France,2,Mamere,246605
225,2002-04-21,president_a,FR1,Ile-de-France,2,Megret,79336
226,2002-04-21,president_a,FR1,Ile-de-France,2,Saint-Josse,46974
227,2002-04-21,president_a,FR1,Ile-de-France,2,Taubira,144345
228,2002-04-21,president_a,FRB,Centre — Val de Loire,0,eligible_voters,1706006
229,2002-04-21,president_a,FRB,Centre — Val de Loire,1,issued_ballots,1268347
230,2002-04-21,president_a,FRB,Centre — Val de Loire,2,Bayrou,82415
231,2002-04-21,president_a,FRB,Centre — Val de Loire,2,Besancenot,50595
232,2002-04-21,president_a,FRB,Centre — Val de Loire,2,Boutin,15201
233,2002-04-21,president_a,FRB,Centre — Val de Loire,2,Chevenement,62483
234,2002-04-21,president_a,FRB,Centre — Val de Loire,2,Chirac,244240
235,2002-04-21,president_a,FRB,Centre — Val de Loire,2,Gluckstein,6512
236,2002-04-21,president_a,FRB,Centre — Val de Loire,2,Hue,42797
237,2002-04-21,president_a,FRB,Centre — Val de Loire,2,Jospin,184174
238,2002-04-21,president_a,FRB,Centre — Val de Loire,2,Laguiller,74434
239,2002-04-21,president_a,FRB,Centre — Val de Loire,2,LePen,210385
240,2002-04-21,president_a,FRB,Centre — Val de Loire,2,Lepage,23355
241,2002-04-21,president_a,FRB,Centre — Val de Loire,2,Madelin,49237
242,2002-04-21,president_a,FRB,Centre — Val de Loire,2,Mamere,55098
243,2002-04-21,president_a,FRB,Centre — Val de Loire,2,Megret,30124
244,2002-04-21,president_a,FRB,Centre — Val de Loire,2,Saint-Josse,67135
245,2002-04-21,president_a,FRB,Centre — Val de Loire,2,Taubira,23542
246,2002-04-21,president_a,FRC,Bourgogne-Franche-Comté,0,eligible_voters,1915424
247,2002-04-21,president_a,FRC,Bourgogne-Franche-Comté,1,issued_ballots,1432483
248,2002-04-21,president_a,FRC,Bourgogne-Franche-Comté,2,Bayrou,87840
249,2002-04-21,president_a,FRC,Bourgogne-Franche-Comté,2,Besancenot,63318
250,2002-04-21,president_a,FRC,Bourgogne-Franche-Comté,2,Boutin,17022
251,2002-04-21,president_a,FRC,Bourgogne-Franche-Comté,2,Chevenement,101963
252,2002-04-21,president_a,FRC,Bourgogne-Franche-Comté,2,Chirac,254522
253,2002-04-21,president_a,FRC,Bourgogne-Franche-Comté,2,Gluckstein,7459
254,2002-04-21,president_a,FRC,Bourgogne-Franche-Comté,2,Hue,39176
255,2002-04-21,president_a,FRC,Bourgogne-Franche-Comté,2,Jospin,207869
256,2002-04-21,president_a,FRC,Bourgogne-Franche-Comté,2,Laguiller,79105
257,2002-04-21,president_a,FRC,Bourgogne-Franche-Comté,2,LePen,261422
258,2002-04-21,president_a,FRC,Bourgogne-Franche-Comté,2,Lepage,24414
259,2002-04-21,president_a,FRC,Bourgogne-Franche-Comté,2,Madelin,53792
260,2002-04-21,president_a,FRC,Bourgogne-Franche-Comté,2,Mamere,63466
261,2002-04-21,president_a,FRC,Bourgogne-Franche-Comté,2,Megret,40887
262,2002-04-21,president_a,FRC,Bourgogne-Franche-Comté,2,Saint-Josse,52325
263,2002-04-21,president_a,FRC,Bourgogne-Franche-Comté,2,Taubira,23127
264,2002-04-21,president_a,FRD,Normandie,0,eligible_voters,2247386
265,2002-04-21,president_a,FRD,Normandie,1,issued_ballots,1658196
266,2002-04-21,president_a,FRD,Normandie,2,Bayrou,103982
267,2002-04-21,president_a,FRD,Normandie,2,Besancenot,77778
268,2002-04-21,president_a,FRD,Normandie,2,Boutin,17135
269,2002-04-21,president_a,FRD,Normandie,2,Chevenement,74018
270,2002-04-21,president_a,FRD,Normandie,2,Chirac,330577
271,2002-04-21,president_a,FRD,Normandie,2,Gluckstein,8772
272,2002-04-21,president_a,FRD,Normandie,2,Hue,50742
273,2002-04-21,president_a,FRD,Normandie,2,Jospin,244600
274,2002-04-21,president_a,FRD,Normandie,2,Laguiller,116628
275,2002-04-21,president_a,FRD,Normandie,2,LePen,258194
276,2002-04-21,president_a,FRD,Normandie,2,Lepage,30649
277,2002-04-21,president_a,FRD,Normandie,2,Madelin,57967
278,2002-04-21,president_a,FRD,Normandie,2,Mamere,75358
279,2002-04-21,president_a,FRD,Normandie,2,Megret,38144
280,2002-04-21,president_a,FRD,Normandie,2,Saint-Josse,87809
281,2002-04-21,president_a,FRD,Normandie,2,Taubira,30254
282,2002-04-21,president_a,FRE,Hauts-de-France,0,eligible_voters,4042694
283,2002-04-21,president_a,FRE,Hauts-de-France,1,issued_ballots,2938215
284,2002-04-21,president_a,FRE,Hauts-de-France,2,Bayrou,168515
285,2002-04-21,president_a,FRE,Hauts-de-France,2,Besancenot,124417
286,2002-04-21,president_a,FRE,Hauts-de-France,2,Boutin,27660
287,2002-04-21,president_a,FRE,Hauts-de-France,2,Chevenement,137005
288,2002-04-21,president_a,FRE,Hauts-de-France,2,Chirac,499050
289,2002-04-21,president_a,FRE,Hauts-de-France,2,Gluckstein,15084
290,2002-04-21,president_a,FRE,Hauts-de-France,2,Hue,132616
291,2002-04-21,president_a,FRE,Hauts-de-France,2,Jospin,457991
292,2002-04-21,president_a,FRE,Hauts-de-France,2,Laguiller,216983
293,2002-04-21,president_a,FRE,Hauts-de-France,2,LePen,551225
294,2002-04-21,president_a,FRE,Hauts-de-France,2,Lepage,39434
295,2002-04-21,president_a,FRE,Hauts-de-France,2,Madelin,90883
296,2002-04-21,president_a,FRE,Hauts-de-France,2,Mamere,120631
297,2002-04-21,president_a,FRE,Hauts-de-France,2,Megret,71470
298,2002-04-21,president_a,FRE,Hauts-de-France,2,Saint-Josse,146829
299,2002-04-21,president_a,FRE,Hauts-de-France,2,Taubira,36821
300,2002-04-21,president_a,FRF,Grand Est,0,eligible_voters,3659115
301,2002-04-21,president_a,FRF,Grand Est,1,issued_ballots,2633185
302,2002-04-21,president_a,FRF,Grand Est,2,Bayrou,201141
303,2002-04-21,president_a,FRF,Grand Est,2,Besancenot,104594
304,2002-04-21,president_a,FRF,Grand Est,2,Boutin,33064
305,2002-04-21,president_a,FRF,Grand Est,2,Chevenement,127289
306,2002-04-21,president_a,FRF,Grand Est,2,Chirac,482802
307,2002-04-21,president_a,FRF,Grand Est,2,Gluckstein,13018
308,2002-04-21,president_a,FRF,Grand Est,2,Hue,54758
309,2002-04-21,president_a,FRF,Grand Est,2,Jospin,342419
310,2002-04-21,president_a,FRF,Grand Est,2,Laguiller,159262
311,2002-04-21,president_a,FRF,Grand Est,2,LePen,557020
312,2002-04-21,president_a,FRF,Grand Est,2,Lepage,48365
313,2002-04-21,president_a,FRF,Grand Est,2,Madelin,98602
314,2002-04-21,president_a,FRF,Grand Est,2,Mamere,131462
315,2002-04-21,president_a,FRF,Grand Est,2,Megret,87609
316,2002-04-21,president_a,FRF,Grand Est,2,Saint-Josse,58324
317,2002-04-21,president_a,FRF,Grand Est,2,Taubira,41523
318,2002-04-21,president_a,FRG,Pays de la Loire,0,eligible_voters,2351843
319,2002-04-21,president_a,FRG,Pays de la Loire,1,issued_ballots,1750014
320,2002-04-21,president_a,FRG,Pays de la Loire,2,Bayrou,137473
321,2002-04-21,president_a,FRG,Pays de la Loire,2,Besancenot,84483
322,2002-04-21,president_a,FRG,Pays de la Loire,2,Boutin,32670
323,2002-04-21,president_a,FRG,Pays de la Loire,2,Chevenement,75757
324,2002-04-21,president_a,FRG,Pays de la Loire,2,Chirac,362643
325,2002-04-21,president_a,FRG,Pays de la Loire,2,Gluckstein,9278
326,2002-04-21,president_a,FRG,Pays de la Loire,2,Hue,38182
327,2002-04-21,president_a,FRG,Pays de la Loire,2,Jospin,270948
328,2002-04-21,president_a,FRG,Pays de la Loire,2,Laguiller,103968
329,2002-04-21,president_a,FRG,Pays de la Loire,2,LePen,203944
330,2002-04-21,president_a,FRG,Pays de la Loire,2,Lepage,38685
331,2002-04-21,president_a,FRG,Pays de la Loire,2,Madelin,72320
332,2002-04-21,president_a,FRG,Pays de la Loire,2,Mamere,102449
333,2002-04-21,president_a,FRG,Pays de la Loire,2,Megret,28266
334,2002-04-21,president_a,FRG,Pays de la Loire,2,Saint-Josse,78235
335,2002-04-21,president_a,FRG,Pays de la Loire,2,Taubira,33760
336,2002-04-21,president_a,FRH,Bretagne,0,eligible_voters,2181719
337,2002-04-21,president_a,FRH,Bretagne,1,issued_ballots,1638507
338,2002-04-21,president_a,FRH,Bretagne,2,Bayrou,113920
339,2002-04-21,president_a,FRH,Bretagne,2,Besancenot,87916
340,2002-04-21,president_a,FRH,Bretagne,2,Boutin,21511
341,2002-04-21,president_a,FRH,Bretagne,2,Chevenement,71378
342,2002-04-21,president_a,FRH,Bretagne,2,Chirac,342538
343,2002-04-21,president_a,FRH,Bretagne,2,Gluckstein,7500
344,2002-04-21,president_a,FRH,Bretagne,2,Hue,47972
345,2002-04-21,president_a,FRH,Bretagne,2,Jospin,286515
346,2002-04-21,president_a,FRH,Bretagne,2,Laguiller,101500
347,2002-04-21,president_a,FRH,Bretagne,2,LePen,187323
348,2002-04-21,president_a,FRH,Bretagne,2,Lepage,34702
349,2002-04-21,president_a,FRH,Bretagne,2,Madelin,70297
350,2002-04-21,president_a,FRH,Bretagne,2,Mamere,102128
351,2002-04-21,president_a,FRH,Bretagne,2,Megret,16913
352,2002-04-21,president_a,FRH,Bretagne,2,Saint-Josse,58386
353,2002-04-21,president_a,FRH,Bretagne,2,Taubira,35246
354,2002-04-21,president_a,FRI,Nouvelle-Aquitaine,0,eligible_voters,3877226
355,2002-04-21,president_a,FRI,Nouvelle-Aquitaine,1,issued_ballots,2874791
356,2002-04-21,president_a,FRI,Nouvelle-Aquitaine,2,Bayrou,191250
357,2002-04-21,president_a,FRI,Nouvelle-Aquitaine,2,Besancenot,133233
358,2002-04-21,president_a,FRI,Nouvelle-Aquitaine,2,Boutin,27039
359,2002-04-21,president_a,FRI,Nouvelle-Aquitaine,2,Chevenement,122204
360,2002-04-21,president_a,FRI,Nouvelle-Aquitaine,2,Chirac,574770
361,2002-04-21,president_a,FRI,Nouvelle-Aquitaine,2,Gluckstein,12730
362,2002-04-21,president_a,FRI,Nouvelle-Aquitaine,2,Hue,109036
363,2002-04-21,president_a,FRI,Nouvelle-Aquitaine,2,Jospin,492891
364,2002-04-21,president_a,FRI,Nouvelle-Aquitaine,2,Laguiller,165324
365,2002-04-21,president_a,FRI,Nouvelle-Aquitaine,2,LePen,342313
366,2002-04-21,president_a,FRI,Nouvelle-Aquitaine,2,Lepage,45862
367,2002-04-21,president_a,FRI,Nouvelle-Aquitaine,2,Madelin,82414
368,2002-04-21,president_a,FRI,Nouvelle-Aquitaine,2,Mamere,143771
369,2002-04-21,president_a,FRI,Nouvelle-Aquitaine,2,Megret,43845
370,2002-04-21,president_a,FRI,Nouvelle-Aquitaine,2,Saint-Josse,223818
371,2002-04-21,president_a,FRI,Nouvelle-Aquitaine,2,Taubira,50682
372,2002-04-21,president_a,FRJ,Occitanie,0,eligible_voters,3541666
373,2002-04-21,president_a,FRJ,Occitanie,1,issued_ballots,2680012
374,2002-04-21,president_a,FRJ,Occitanie,2,Bayrou,155156
375,2002-04-21,president_a,FRJ,Occitanie,2,Besancenot,115818
376,2002-04-21,president_a,FRJ,Occitanie,2,Boutin,25520
377,2002-04-21,president_a,FRJ,Occitanie,2,Chevenement,133797
378,2002-04-21,president_a,FRJ,Occitanie,2,Chirac,425299
379,2002-04-21,president_a,FRJ,Occitanie,2,Gluckstein,10879
380,2002-04-21,president_a,FRJ,Occitanie,2,Hue,104509
381,2002-04-21,president_a,FRJ,Occitanie,2,Jospin,464596
382,2002-04-21,president_a,FRJ,Occitanie,2,Laguiller,136275
383,2002-04-21,president_a,FRJ,Occitanie,2,LePen,479197
384,2002-04-21,president_a,FRJ,Occitanie,2,Lepage,42025
385,2002-04-21,president_a,FRJ,Occitanie,2,Madelin,80934
386,2002-04-21,president_a,FRJ,Occitanie,2,Mamere,134907
387,2002-04-21,president_a,FRJ,Occitanie,2,Megret,56497
388,2002-04-21,president_a,FRJ,Occitanie,2,Saint-Josse,164787
389,2002-04-21,president_a,FRJ,Occitanie,2,Taubira,52170
390,2002-04-21,president_a,FRK,Auvergne-Rhône-Alpes,0,eligible_voters,4650604
391,2002-04-21,president_a,FRK,Auvergne-Rhône-Alpes,1,issued_ballots,3441895
392,2002-04-21,president_a,FRK,Auvergne-Rhône-Alpes,2,Bayrou,253051
393,2002-04-21,president_a,FRK,Auvergne-Rhône-Alpes,2,Besancenot,145502
394,2002-04-21,president_a,FRK,Auvergne-Rhône-Alpes,2,Boutin,45892
395,2002-04-21,president_a,FRK,Auvergne-Rhône-Alpes,2,Chevenement,204365
396,2002-04-21,president_a,FRK,Auvergne-Rhône-Alpes,2,Chirac,597258
397,2002-04-21,president_a,FRK,Auvergne-Rhône-Alpes,2,Gluckstein,15937
398,2002-04-21,president_a,FRK,Auvergne-Rhône-Alpes,2,Hue,107306
399,2002-04-21,president_a,FRK,Auvergne-Rhône-Alpes,2,Jospin,472029
400,2002-04-21,president_a,FRK,Auvergne-Rhône-Alpes,2,Laguiller,178352
401,2002-04-21,president_a,FRK,Auvergne-Rhône-Alpes,2,LePen,620297
402,2002-04-21,president_a,FRK,Auvergne-Rhône-Alpes,2,Lepage,72719
403,2002-04-21,president_a,FRK,Auvergne-Rhône-Alpes,2,Madelin,150878
404,2002-04-21,president_a,FRK,Auvergne-Rhône-Alpes,2,Mamere,191041
405,2002-04-21,president_a,FRK,Auvergne-Rhône-Alpes,2,Megret,85802
406,2002-04-21,president_a,FRK,Auvergne-Rhône-Alpes,2,Saint-Josse,114881
407,2002-04-21,president_a,FRK,Auvergne-Rhône-Alpes,2,Taubira,66666
408,2002-04-21,president_a,FRL,Provence-Alpes-Côte d’Azur,0,eligible_voters,3027557
409,2002-04-21,president_a,FRL,Provence-Alpes-Côte d’Azur,1,issued_ballots,2194494
410,2002-04-21,president_a,FRL,Provence-Alpes-Côte d’Azur,2,Bayrou,130530
411,2002-04-21,president_a,FRL,Provence-Alpes-Côte d’Azur,2,Besancenot,69576
412,2002-04-21,president_a,FRL,Provence-Alpes-Côte d’Azur,2,Boutin,18643
413,2002-04-21,president_a,FRL,Provence-Alpes-Côte d’Azur,2,Chevenement,112380
414,2002-04-21,president_a,FRL,Provence-Alpes-Côte d’Azur,2,Chirac,403768
415,2002-04-21,president_a,FRL,Provence-Alpes-Côte d’Azur,2,Gluckstein,7765
416,2002-04-21,president_a,FRL,Provence-Alpes-Côte d’Azur,2,Hue,80364
417,2002-04-21,president_a,FRL,Provence-Alpes-Côte d’Azur,2,Jospin,277333
418,2002-04-21,president_a,FRL,Provence-Alpes-Côte d’Azur,2,Laguiller,97107
419,2002-04-21,president_a,FRL,Provence-Alpes-Côte d’Azur,2,LePen,498421
420,2002-04-21,president_a,FRL,Provence-Alpes-Côte d’Azur,2,Lepage,36291
421,2002-04-21,president_a,FRL,Provence-Alpes-Côte d’Azur,2,Madelin,88411
422,2002-04-21,president_a,FRL,Provence-Alpes-Côte d’Azur,2,Mamere,104647
423,2002-04-21,president_a,FRL,Provence-Alpes-Côte d’Azur,2,Megret,80834
424,2002-04-21,president_a,FRL,Provence-Alpes-Côte d’Azur,2,Saint-Josse,92692
425,2002-04-21,president_a,FRL,Provence-Alpes-Côte d’Azur,2,Taubira,35684
426,2002-04-21,president_a,FRM,Corse,0,eligible_voters,191393
427,2002-04-21,president_a,FRM,Corse,1,issued_ballots,112138
428,2002-04-21,president_a,FRM,Corse,2,Bayrou,3660
429,2002-04-21,president_a,FRM,Corse,2,Besancenot,3000
430,2002-04-21,president_a,FRM,Corse,2,Boutin,469
431,2002-04-21,president_a,FRM,Corse,2,Chevenement,7700
432,2002-04-21,president_a,FRM,Corse,2,Chirac,30180
433,2002-04-21,president_a,FRM,Corse,2,Gluckstein,284
434,2002-04-21,president_a,FRM,Corse,2,Hue,5501
435,2002-04-21,president_a,FRM,Corse,2,Jospin,16836
436,2002-04-21,president_a,FRM,Corse,2,Laguiller,3629
437,2002-04-21,president_a,FRM,Corse,2,LePen,17166
438,2002-04-21,president_a,FRM,Corse,2,Lepage,920
439,2002-04-21,president_a,FRM,Corse,2,Madelin,2203
440,2002-04-21,president_a,FRM,Corse,2,Mamere,3265
441,2002-04-21,president_a,FRM,Corse,2,Megret,1679
442,2002-04-21,president_a,FRM,Corse,2,Saint-Josse,9008
443,2002-04-21,president_a,FRM,Corse,2,Taubira,3962
444,2002-04-21,president_a,FRY,RUP FR — Régions Ultrapériphériques Françaises,0,eligible_voters,1037155
445,2002-04-21,president_a,FRY,RUP FR — Régions Ultrapériphériques Françaises,1,issued_ballots,460606
446,2002-04-21,president_a,FRY,RUP FR — Régions Ultrapériphériques Françaises,2,Bayrou,7816
447,2002-04-21,president_a,FRY,RUP FR — Régions Ultrapériphériques Françaises,2,Besancenot,5732
448,2002-04-21,president_a,FRY,RUP FR — Régions Ultrapériphériques Françaises,2,Boutin,3515
449,2002-04-21,president_a,FRY,RUP FR — Régions Ultrapériphériques Françaises,2,Chevenement,11215
450,2002-04-21,president_a,FRY,RUP FR — Régions Ultrapériphériques Françaises,2,Chirac,147307
451,2002-04-21,president_a,FRY,RUP FR — Régions Ultrapériphériques Françaises,2,Gluckstein,710
452,2002-04-21,president_a,FRY,RUP FR — Régions Ultrapériphériques Françaises,2,Hue,3877
453,2002-04-21,president_a,FRY,RUP FR — Régions Ultrapériphériques Françaises,2,Jospin,140994
454,2002-04-21,president_a,FRY,RUP FR — Régions Ultrapériphériques Françaises,2,Laguiller,8147
455,2002-04-21,president_a,FRY,RUP FR — Régions Ultrapériphériques Françaises,2,LePen,14360
456,2002-04-21,president_a,FRY,RUP FR — Régions Ultrapériphériques Françaises,2,Lepage,2935
457,2002-04-21,president_a,FRY,RUP FR — Régions Ultrapériphériques Françaises,2,Madelin,3880
458,2002-04-21,president_a,FRY,RUP FR — Régions Ultrapériphériques Françaises,2,Mamere,7314
459,2002-04-21,president_a,FRY,RUP FR — Régions Ultrapériphériques Françaises,2,Megret,2656
460,2002-04-21,president_a,FRY,RUP FR — Régions Ultrapériphériques Françaises,2,Saint-Josse,1795
461,2002-04-21,president_a,FRY,RUP FR — Régions Ultrapériphériques Françaises,2,Taubira,76467
462,2002-05-05,president_b,FR1,Ile-de-France,0,eligible_voters,6038396
463,2002-05-05,president_b,FR1,Ile-de-France,1,issued_ballots,4870367
464,2002-05-05,president_b,FR1,Ile-de-France,2,Chirac,4010588
465,2002-05-05,president_b,FR1,Ile-de-France,2,LePen,676452
466,2002-05-05,president_b,FRB,Centre — Val de Loire,0,eligible_voters,1705695
467,2002-05-05,president_b,FRB,Centre — Val de Loire,1,issued_ballots,1385878
468,2002-05-05,president_b,FRB,Centre — Val de Loire,2,Chirac,1074401
469,2002-05-05,president_b,FRB,Centre — Val de Loire,2,LePen,233827
470,2002-05-05,president_b,FRC,Bourgogne-Franche-Comté,0,eligible_voters,1914447
471,2002-05-05,president_b,FRC,Bourgogne-Franche-Comté,1,issued_ballots,1554597
472,2002-05-05,president_b,FRC,Bourgogne-Franche-Comté,2,Chirac,1167989
473,2002-05-05,president_b,FRC,Bourgogne-Franche-Comté,2,LePen,283695
474,2002-05-05,president_b,FRD,Normandie,0,eligible_voters,2246942
475,2002-05-05,president_b,FRD,Normandie,1,issued_ballots,1817389
476,2002-05-05,president_b,FRD,Normandie,2,Chirac,1421607
477,2002-05-05,president_b,FRD,Normandie,2,LePen,302706
478,2002-05-05,president_b,FRE,Hauts-de-France,0,eligible_voters,4042484
479,2002-05-05,president_b,FRE,Hauts-de-France,1,issued_ballots,3191165
480,2002-05-05,president_b,FRE,Hauts-de-France,2,Chirac,2321407
481,2002-05-05,president_b,FRE,Hauts-de-France,2,LePen,675096
482,2002-05-05,president_b,FRF,Grand Est,0,eligible_voters,3658965
483,2002-05-05,president_b,FRF,Grand Est,1,issued_ballots,2896079
484,2002-05-05,president_b,FRF,Grand Est,2,Chirac,2150589
485,2002-05-05,president_b,FRF,Grand Est,2,LePen,581434
486,2002-05-05,president_b,FRG,Pays de la Loire,0,eligible_voters,2351753
487,2002-05-05,president_b,FRG,Pays de la Loire,1,issued_ballots,1929378
488,2002-05-05,president_b,FRG,Pays de la Loire,2,Chirac,1607900
489,2002-05-05,president_b,FRG,Pays de la Loire,2,LePen,225101
490,2002-05-05,president_b,FRH,Bretagne,0,eligible_voters,2181473
491,2002-05-05,president_b,FRH,Bretagne,1,issued_ballots,1811287
492,2002-05-05,president_b,FRH,Bretagne,2,Chirac,1523388
493,2002-05-05,president_b,FRH,Bretagne,2,LePen,196712
494,2002-05-05,president_b,FRI,Nouvelle-Aquitaine,0,eligible_voters,3877300
495,2002-05-05,president_b,FRI,Nouvelle-Aquitaine,1,issued_ballots,3209907
496,2002-05-05,president_b,FRI,Nouvelle-Aquitaine,2,Chirac,2587231
497,2002-05-05,president_b,FRI,Nouvelle-Aquitaine,2,LePen,427083
498,2002-05-05,president_b,FRJ,Occitanie,0,eligible_voters,3540859
499,2002-05-05,president_b,FRJ,Occitanie,1,issued_ballots,2927219
500,2002-05-05,president_b,FRJ,Occitanie,2,Chirac,2192853
501,2002-05-05,president_b,FRJ,Occitanie,2,LePen,537353
502,2002-05-05,president_b,FRK,Auvergne-Rhône-Alpes,0,eligible_voters,4650125
503,2002-05-05,president_b,FRK,Auvergne-Rhône-Alpes,1,issued_ballots,3777679
504,2002-05-05,president_b,FRK,Auvergne-Rhône-Alpes,2,Chirac,2929585
505,2002-05-05,president_b,FRK,Auvergne-Rhône-Alpes,2,LePen,648074
506,2002-05-05,president_b,FRL,Provence-Alpes-Côte d’Azur,0,eligible_voters,3027261
507,2002-05-05,president_b,FRL,Provence-Alpes-Côte d’Azur,1,issued_ballots,2413755
508,2002-05-05,president_b,FRL,Provence-Alpes-Côte d’Azur,2,Chirac,1655830
509,2002-05-05,president_b,FRL,Provence-Alpes-Côte d’Azur,2,LePen,634180
510,2002-05-05,president_b,FRM,Corse,0,eligible_voters,191272
511,2002-05-05,president_b,FRM,Corse,1,issued_ballots,129637
512,2002-05-05,president_b,FRM,Corse,2,Chirac,95705
513,2002-05-05,president_b,FRM,Corse,2,LePen,24281
514,2002-05-05,president_b,FRY,RUP FR — Régions Ultrapériphériques Françaises,0,eligible_voters,1036579
515,2002-05-05,president_b,FRY,RUP FR — Régions Ultrapériphériques Françaises,1,issued_ballots,569541
516,2002-05-05,president_b,FRY,RUP FR — Régions Ultrapériphériques Françaises,2,Chirac,499210
517,2002-05-05,president_b,FRY,RUP FR — Régions Ultrapériphériques Françaises,2,LePen,40151
518,2004-06-13,european,FR1,Ile-de-France,0,eligible_voters,6206637
519,2004-06-13,european,FR1,Ile-de-France,1,issued_ballots,2797399
520,2004-06-13,european,FR1,Ile-de-France,2,LDD,248855
521,2004-06-13,european,FR1,Ile-de-France,2,LDG,42240
522,2004-06-13,european,FR1,Ile-de-France,2,LDV,119826
523,2004-06-13,european,FR1,Ile-de-France,2,LEC,104922
524,2004-06-13,european,FR1,Ile-de-France,2,LFN,234893
525,2004-06-13,european,FR1,Ile-de-France,2,LPC,165311
526,2004-06-13,european,FR1,Ile-de-France,2,LPS,685193
527,2004-06-13,european,FR1,Ile-de-France,2,LUDF,345700
528,2004-06-13,european,FR1,Ile-de-France,2,LUMP,487186
529,2004-06-13,european,FR1,Ile-de-France,2,LVE,205480
530,2004-06-13,european,FR1,Ile-de-France,2,LXD,7705
531,2004-06-13,european,FR1,Ile-de-France,2,LXG,90198
532,2004-06-13,european,FRB,Centre — Val de Loire,0,eligible_voters,1711108
533,2004-06-13,european,FRB,Centre — Val de Loire,1,issued_ballots,759434
534,2004-06-13,european,FRB,Centre — Val de Loire,2,LCP,18455
535,2004-06-13,european,FRB,Centre — Val de Loire,2,LDD,59746
536,2004-06-13,european,FRB,Centre — Val de Loire,2,LDV,25575
537,2004-06-13,european,FRB,Centre — Val de Loire,2,LFN,86157
538,2004-06-13,european,FRB,Centre — Val de Loire,2,LPC,36791
539,2004-06-13,european,FRB,Centre — Val de Loire,2,LPS,210101
540,2004-06-13,european,FRB,Centre — Val de Loire,2,LUDF,80611
541,2004-06-13,european,FRB,Centre — Val de Loire,2,LUMP,138596
542,2004-06-13,european,FRB,Centre — Val de Loire,2,LVE,46769
543,2004-06-13,european,FRB,Centre — Val de Loire,2,LXD,3025
544,2004-06-13,european,FRB,Centre — Val de Loire,2,LXG,26213
545,2004-06-13,european,FRC,Bourgogne-Franche-Comté,0,eligible_voters,1927302
546,2004-06-13,european,FRC,Bourgogne-Franche-Comté,1,issued_ballots,849193
547,2004-06-13,european,FRC,Bourgogne-Franche-Comté,2,LDD,71363
548,2004-06-13,european,FRC,Bourgogne-Franche-Comté,2,LDV,42408
549,2004-06-13,european,FRC,Bourgogne-Franche-Comté,2,LEC,17061
550,2004-06-13,european,FRC,Bourgogne-Franche-Comté,2,LFN,91843
551,2004-06-13,european,FRC,Bourgogne-Franche-Comté,2,LPC,29267
552,2004-06-13,european,FRC,Bourgogne-Franche-Comté,2,LPS,260710
553,2004-06-13,european,FRC,Bourgogne-Franche-Comté,2,LUDF,85455
554,2004-06-13,european,FRC,Bourgogne-Franche-Comté,2,LUMP,140611
555,2004-06-13,european,FRC,Bourgogne-Franche-Comté,2,LVE,48314
556,2004-06-13,european,FRC,Bourgogne-Franche-Comté,2,LXD,4186
557,2004-06-13,european,FRC,Bourgogne-Franche-Comté,2,LXG,26920
558,2004-06-13,european,FRD,Normandie,0,eligible_voters,2257262
559,2004-06-13,european,FRD,Normandie,1,issued_ballots,966135
560,2004-06-13,european,FRD,Normandie,2,LCP,30627
561,2004-06-13,european,FRD,Normandie,2,LDD,82933
562,2004-06-13,european,FRD,Normandie,2,LDG,9110
563,2004-06-13,european,FRD,Normandie,2,LDV,29230
564,2004-06-13,european,FRD,Normandie,2,LFN,100524
565,2004-06-13,european,FRD,Normandie,2,LPC,40533
566,2004-06-13,european,FRD,Normandie,2,LPS,280745
567,2004-06-13,european,FRD,Normandie,2,LUDF,119436
568,2004-06-13,european,FRD,Normandie,2,LUMP,135358
569,2004-06-13,european,FRD,Normandie,2,LVE,68078
570,2004-06-13,european,FRD,Normandie,2,LXG,36923
571,2004-06-13,european,FRE,Hauts-de-France,0,eligible_voters,4082954
572,2004-06-13,european,FRE,Hauts-de-France,1,issued_ballots,1704231
573,2004-06-13,european,FRE,Hauts-de-France,2,LCP,45367
574,2004-06-13,european,FRE,Hauts-de-France,2,LDD,119998
575,2004-06-13,european,FRE,Hauts-de-France,2,LDG,14333
576,2004-06-13,european,FRE,Hauts-de-France,2,LDV,49465
577,2004-06-13,european,FRE,Hauts-de-France,2,LFN,230818
578,2004-06-13,european,FRE,Hauts-de-France,2,LPC,134562
579,2004-06-13,european,FRE,Hauts-de-France,2,LPS,491572
580,2004-06-13,european,FRE,Hauts-de-France,2,LUDF,172784
581,2004-06-13,european,FRE,Hauts-de-France,2,LUMP,207996
582,2004-06-13,european,FRE,Hauts-de-France,2,LVE,107924
583,2004-06-13,european,FRE,Hauts-de-France,2,LXG,68027
584,2004-06-13,european,FRF,Grand Est,0,eligible_voters,3712381
585,2004-06-13,european,FRF,Grand Est,1,issued_ballots,1456019
586,2004-06-13,european,FRF,Grand Est,2,LDD,103818
587,2004-06-13,european,FRF,Grand Est,2,LDV,81396
588,2004-06-13,european,FRF,Grand Est,2,LEC,44396
589,2004-06-13,european,FRF,Grand Est,2,LFN,179002
590,2004-06-13,european,FRF,Grand Est,2,LPC,35536
591,2004-06-13,european,FRF,Grand Est,2,LPS,371280
592,2004-06-13,european,FRF,Grand Est,2,LUDF,190465
593,2004-06-13,european,FRF,Grand Est,2,LUMP,251319
594,2004-06-13,european,FRF,Grand Est,2,LVE,93882
595,2004-06-13,european,FRF,Grand Est,2,LXD,9704
596,2004-06-13,european,FRF,Grand Est,2,LXG,45940
597,2004-06-13,european,FRG,Pays de la Loire,0,eligible_voters,2401468
598,2004-06-13,european,FRG,Pays de la Loire,1,issued_ballots,1066081
599,2004-06-13,european,FRG,Pays de la Loire,2,LCP,20258
600,2004-06-13,european,FRG,Pays de la Loire,2,LDD,218033
601,2004-06-13,european,FRG,Pays de la Loire,2,LDG,16314
602,2004-06-13,european,FRG,Pays de la Loire,2,LDV,24918
603,2004-06-13,european,FRG,Pays de la Loire,2,LFN,54896
604,2004-06-13,european,FRG,Pays de la Loire,2,LPC,36173
605,2004-06-13,european,FRG,Pays de la Loire,2,LPS,293943
606,2004-06-13,european,FRG,Pays de la Loire,2,LUDF,114480
607,2004-06-13,european,FRG,Pays de la Loire,2,LUMP,141580
608,2004-06-13,european,FRG,Pays de la Loire,2,LVE,78929
609,2004-06-13,european,FRG,Pays de la Loire,2,LXG,30316
610,2004-06-13,european,FRH,Bretagne,0,eligible_voters,2209247
611,2004-06-13,european,FRH,Bretagne,1,issued_ballots,1022455
612,2004-06-13,european,FRH,Bretagne,2,LCP,13373
613,2004-06-13,european,FRH,Bretagne,2,LDD,110005
614,2004-06-13,european,FRH,Bretagne,2,LDG,32243
615,2004-06-13,european,FRH,Bretagne,2,LDV,24075
616,2004-06-13,european,FRH,Bretagne,2,LFN,52588
617,2004-06-13,european,FRH,Bretagne,2,LPC,44460
618,2004-06-13,european,FRH,Bretagne,2,LPS,325696
619,2004-06-13,european,FRH,Bretagne,2,LUDF,137277
620,2004-06-13,european,FRH,Bretagne,2,LUMP,142534
621,2004-06-13,european,FRH,Bretagne,2,LVE,82015
622,2004-06-13,european,FRH,Bretagne,2,LXG,30065
623,2004-06-13,european,FRI,Nouvelle-Aquitaine,0,eligible_voters,3928297
624,2004-06-13,european,FRI,Nouvelle-Aquitaine,1,issued_ballots,1801113
625,2004-06-13,european,FRI,Nouvelle-Aquitaine,2,LCP,62975
626,2004-06-13,european,FRI,Nouvelle-Aquitaine,2,LDD,138669
627,2004-06-13,european,FRI,Nouvelle-Aquitaine,2,LDG,7333
628,2004-06-13,european,FRI,Nouvelle-Aquitaine,2,LDV,47347
629,2004-06-13,european,FRI,Nouvelle-Aquitaine,2,LFN,123507
630,2004-06-13,european,FRI,Nouvelle-Aquitaine,2,LPC,101240
631,2004-06-13,european,FRI,Nouvelle-Aquitaine,2,LPS,555836
632,2004-06-13,european,FRI,Nouvelle-Aquitaine,2,LRG,7858
633,2004-06-13,european,FRI,Nouvelle-Aquitaine,2,LUDF,201236
634,2004-06-13,european,FRI,Nouvelle-Aquitaine,2,LUMP,299504
635,2004-06-13,european,FRI,Nouvelle-Aquitaine,2,LVE,123694
636,2004-06-13,european,FRI,Nouvelle-Aquitaine,2,LXD,3304
637,2004-06-13,european,FRI,Nouvelle-Aquitaine,2,LXG,56388
638,2004-06-13,european,FRJ,Occitanie,0,eligible_voters,3627255
639,2004-06-13,european,FRJ,Occitanie,1,issued_ballots,1650628
640,2004-06-13,european,FRJ,Occitanie,2,LCP,48024
641,2004-06-13,european,FRJ,Occitanie,2,LDD,108878
642,2004-06-13,european,FRJ,Occitanie,2,LDV,44576
643,2004-06-13,european,FRJ,Occitanie,2,LFN,150671
644,2004-06-13,european,FRJ,Occitanie,2,LPC,106654
645,2004-06-13,european,FRJ,Occitanie,2,LPS,487488
646,2004-06-13,european,FRJ,Occitanie,2,LRG,6550
647,2004-06-13,european,FRJ,Occitanie,2,LUDF,197421
648,2004-06-13,european,FRJ,Occitanie,2,LUMP,230101
649,2004-06-13,european,FRJ,Occitanie,2,LVE,135478
650,2004-06-13,european,FRJ,Occitanie,2,LXD,5500
651,2004-06-13,european,FRJ,Occitanie,2,LXG,55996
652,2004-06-13,european,FRK,Auvergne-Rhône-Alpes,0,eligible_voters,4737083
653,2004-06-13,european,FRK,Auvergne-Rhône-Alpes,1,issued_ballots,1999835
654,2004-06-13,european,FRK,Auvergne-Rhône-Alpes,2,LCP,32497
655,2004-06-13,european,FRK,Auvergne-Rhône-Alpes,2,LDD,141600
656,2004-06-13,european,FRK,Auvergne-Rhône-Alpes,2,LDV,59247
657,2004-06-13,european,FRK,Auvergne-Rhône-Alpes,2,LFN,188626
658,2004-06-13,european,FRK,Auvergne-Rhône-Alpes,2,LPC,94386
659,2004-06-13,european,FRK,Auvergne-Rhône-Alpes,2,LPS,583452
660,2004-06-13,european,FRK,Auvergne-Rhône-Alpes,2,LRG,1137
661,2004-06-13,european,FRK,Auvergne-Rhône-Alpes,2,LUDF,244947
662,2004-06-13,european,FRK,Auvergne-Rhône-Alpes,2,LUMP,360058
663,2004-06-13,european,FRK,Auvergne-Rhône-Alpes,2,LVE,165083
664,2004-06-13,european,FRK,Auvergne-Rhône-Alpes,2,LXD,6988
665,2004-06-13,european,FRK,Auvergne-Rhône-Alpes,2,LXG,62614
666,2004-06-13,european,FRL,Provence-Alpes-Côte d’Azur,0,eligible_voters,3085534
667,2004-06-13,european,FRL,Provence-Alpes-Côte d’Azur,1,issued_ballots,1227121
668,2004-06-13,european,FRL,Provence-Alpes-Côte d’Azur,2,LCP,24713
669,2004-06-13,european,FRL,Provence-Alpes-Côte d’Azur,2,LDD,104885
670,2004-06-13,european,FRL,Provence-Alpes-Côte d’Azur,2,LDV,31050
671,2004-06-13,european,FRL,Provence-Alpes-Côte d’Azur,2,LFN,176115
672,2004-06-13,european,FRL,Provence-Alpes-Côte d’Azur,2,LPC,69414
673,2004-06-13,european,FRL,Provence-Alpes-Côte d’Azur,2,LPS,328160
674,2004-06-13,european,FRL,Provence-Alpes-Côte d’Azur,2,LRG,18
675,2004-06-13,european,FRL,Provence-Alpes-Côte d’Azur,2,LUDF,121020
676,2004-06-13,european,FRL,Provence-Alpes-Côte d’Azur,2,LUMP,211658
677,2004-06-13,european,FRL,Provence-Alpes-Côte d’Azur,2,LVE,79443
678,2004-06-13,european,FRL,Provence-Alpes-Côte d’Azur,2,LXD,13040
679,2004-06-13,european,FRL,Provence-Alpes-Côte d’Azur,2,LXG,33531
680,2004-06-13,european,FRM,Corse,0,eligible_voters,196089
681,2004-06-13,european,FRM,Corse,1,issued_ballots,54245
682,2004-06-13,european,FRM,Corse,2,LCP,984
683,2004-06-13,european,FRM,Corse,2,LDD,4867
684,2004-06-13,european,FRM,Corse,2,LDV,839
685,2004-06-13,european,FRM,Corse,2,LFN,4526
686,2004-06-13,european,FRM,Corse,2,LPC,6119
687,2004-06-13,european,FRM,Corse,2,LPS,14290
688,2004-06-13,european,FRM,Corse,2,LRG,0
689,2004-06-13,european,FRM,Corse,2,LUDF,2980
690,2004-06-13,european,FRM,Corse,2,LUMP,13806
691,2004-06-13,european,FRM,Corse,2,LVE,3545
692,2004-06-13,european,FRM,Corse,2,LXD,154
693,2004-06-13,european,FRM,Corse,2,LXG,1016
694,2004-06-13,european,FRY,RUP FR — Régions Ultrapériphériques Françaises,0,eligible_voters,1135737
695,2004-06-13,european,FRY,RUP FR — Régions Ultrapériphériques Françaises,1,issued_ballots,298950
696,2004-06-13,european,FRY,RUP FR — Régions Ultrapériphériques Françaises,2,LDD,1544
697,2004-06-13,european,FRY,RUP FR — Régions Ultrapériphériques Françaises,2,LDG,93038
698,2004-06-13,european,FRY,RUP FR — Régions Ultrapériphériques Françaises,2,LDV,6226
699,2004-06-13,european,FRY,RUP FR — Régions Ultrapériphériques Françaises,2,LFN,5033
700,2004-06-13,european,FRY,RUP FR — Régions Ultrapériphériques Françaises,2,LPS,54610
701,2004-06-13,european,FRY,RUP FR — Régions Ultrapériphériques Françaises,2,LUDF,29487
702,2004-06-13,european,FRY,RUP FR — Régions Ultrapériphériques Françaises,2,LUMP,56944
703,2004-06-13,european,FRY,RUP FR — Régions Ultrapériphériques Françaises,2,LVE,28013
704,2004-06-13,european,FRY,RUP FR — Régions Ultrapériphériques Françaises,2,LXG,6562
705,2007-04-22,president_a,FR1,Ile-de-France,0,eligible_voters,6695344
706,2007-04-22,president_a,FR1,Ile-de-France,1,issued_ballots,5773657
707,2007-04-22,president_a,FR1,Ile-de-France,2,Bayrou,1143075
708,2007-04-22,president_a,FR1,Ile-de-France,2,Besancenot,181247
709,2007-04-22,president_a,FR1,Ile-de-France,2,Bové,57443
710,2007-04-22,president_a,FR1,Ile-de-France,2,Buffet,110970
711,2007-04-22,president_a,FR1,Ile-de-France,2,DeVilliers,89478
712,2007-04-22,president_a,FR1,Ile-de-France,2,Laguiller,52962
713,2007-04-22,president_a,FR1,Ile-de-France,2,LePen,430562
714,2007-04-22,president_a,FR1,Ile-de-France,2,Nihous,19849
715,2007-04-22,president_a,FR1,Ile-de-France,2,Royal,1593001
716,2007-04-22,president_a,FR1,Ile-de-France,2,Sarkozy,1931425
717,2007-04-22,president_a,FR1,Ile-de-France,2,Schivardi,12388
718,2007-04-22,president_a,FR1,Ile-de-France,2,Voynet,89887
719,2007-04-22,president_a,FRB,Centre — Val de Loire,0,eligible_voters,1781364
720,2007-04-22,president_a,FRB,Centre — Val de Loire,1,issued_ballots,1505597
721,2007-04-22,president_a,FRB,Centre — Val de Loire,2,Bayrou,278177
722,2007-04-22,president_a,FRB,Centre — Val de Loire,2,Besancenot,65347
723,2007-04-22,president_a,FRB,Centre — Val de Loire,2,Bové,17395
724,2007-04-22,president_a,FRB,Centre — Val de Loire,2,Buffet,30003
725,2007-04-22,president_a,FRB,Centre — Val de Loire,2,DeVilliers,45720
726,2007-04-22,president_a,FRB,Centre — Val de Loire,2,Laguiller,22279
727,2007-04-22,president_a,FRB,Centre — Val de Loire,2,LePen,168912
728,2007-04-22,president_a,FRB,Centre — Val de Loire,2,Nihous,20567
729,2007-04-22,president_a,FRB,Centre — Val de Loire,2,Royal,345354
730,2007-04-22,president_a,FRB,Centre — Val de Loire,2,Sarkozy,460429
731,2007-04-22,president_a,FRB,Centre — Val de Loire,2,Schivardi,5696
732,2007-04-22,president_a,FRB,Centre — Val de Loire,2,Voynet,22655
733,2007-04-22,president_a,FRC,Bourgogne-Franche-Comté,0,eligible_voters,1986837
734,2007-04-22,president_a,FRC,Bourgogne-Franche-Comté,1,issued_ballots,1686259
735,2007-04-22,president_a,FRC,Bourgogne-Franche-Comté,2,Bayrou,289298
736,2007-04-22,president_a,FRC,Bourgogne-Franche-Comté,2,Besancenot,72911
737,2007-04-22,president_a,FRC,Bourgogne-Franche-Comté,2,Bové,22656
738,2007-04-22,president_a,FRC,Bourgogne-Franche-Comté,2,Buffet,27355
739,2007-04-22,president_a,FRC,Bourgogne-Franche-Comté,2,DeVilliers,41322
740,2007-04-22,president_a,FRC,Bourgogne-Franche-Comté,2,Laguiller,25319
741,2007-04-22,president_a,FRC,Bourgogne-Franche-Comté,2,LePen,213213
742,2007-04-22,president_a,FRC,Bourgogne-Franche-Comté,2,Nihous,19891
743,2007-04-22,president_a,FRC,Bourgogne-Franche-Comté,2,Royal,406295
744,2007-04-22,president_a,FRC,Bourgogne-Franche-Comté,2,Sarkozy,509794
745,2007-04-22,president_a,FRC,Bourgogne-Franche-Comté,2,Schivardi,6051
746,2007-04-22,president_a,FRC,Bourgogne-Franche-Comté,2,Voynet,26567
747,2007-04-22,president_a,FRD,Normandie,0,eligible_voters,2348713
748,2007-04-22,president_a,FRD,Normandie,1,issued_ballots,1993527
749,2007-04-22,president_a,FRD,Normandie,2,Bayrou,368542
750,2007-04-22,president_a,FRD,Normandie,2,Besancenot,102208
751,2007-04-22,president_a,FRD,Normandie,2,Bové,25716
752,2007-04-22,president_a,FRD,Normandie,2,Buffet,37573
753,2007-04-22,president_a,FRD,Normandie,2,DeVilliers,51332
754,2007-04-22,president_a,FRD,Normandie,2,Laguiller,34668
755,2007-04-22,president_a,FRD,Normandie,2,LePen,215181
756,2007-04-22,president_a,FRD,Normandie,2,Nihous,35124
757,2007-04-22,president_a,FRD,Normandie,2,Royal,466664
758,2007-04-22,president_a,FRD,Normandie,2,Sarkozy,590321
759,2007-04-22,president_a,FRD,Normandie,2,Schivardi,6685
760,2007-04-22,president_a,FRD,Normandie,2,Voynet,30067
761,2007-04-22,president_a,FRE,Hauts-de-France,0,eligible_voters,4179028
762,2007-04-22,president_a,FRE,Hauts-de-France,1,issued_ballots,3435666
763,2007-04-22,president_a,FRE,Hauts-de-France,2,Bayrou,501947
764,2007-04-22,president_a,FRE,Hauts-de-France,2,Besancenot,185613
765,2007-04-22,president_a,FRE,Hauts-de-France,2,Bové,36212
766,2007-04-22,president_a,FRE,Hauts-de-France,2,Buffet,96324
767,2007-04-22,president_a,FRE,Hauts-de-France,2,DeVilliers,67411
768,2007-04-22,president_a,FRE,Hauts-de-France,2,Laguiller,76606
769,2007-04-22,president_a,FRE,Hauts-de-France,2,LePen,504598
770,2007-04-22,president_a,FRE,Hauts-de-France,2,Nihous,64015
771,2007-04-22,president_a,FRE,Hauts-de-France,2,Royal,824939
772,2007-04-22,president_a,FRE,Hauts-de-France,2,Sarkozy,970443
773,2007-04-22,president_a,FRE,Hauts-de-France,2,Schivardi,10447
774,2007-04-22,president_a,FRE,Hauts-de-France,2,Voynet,45607
775,2007-04-22,president_a,FRF,Grand Est,0,eligible_voters,3811785
776,2007-04-22,president_a,FRF,Grand Est,1,issued_ballots,3163593
777,2007-04-22,president_a,FRF,Grand Est,2,Bayrou,587179
778,2007-04-22,president_a,FRF,Grand Est,2,Besancenot,137663
779,2007-04-22,president_a,FRF,Grand Est,2,Bové,37265
780,2007-04-22,president_a,FRF,Grand Est,2,Buffet,37806
781,2007-04-22,president_a,FRF,Grand Est,2,DeVilliers,72125
782,2007-04-22,president_a,FRF,Grand Est,2,Laguiller,52955
783,2007-04-22,president_a,FRF,Grand Est,2,LePen,446952
784,2007-04-22,president_a,FRF,Grand Est,2,Nihous,24537
785,2007-04-22,president_a,FRF,Grand Est,2,Royal,647153
786,2007-04-22,president_a,FRF,Grand Est,2,Sarkozy,1012983
787,2007-04-22,president_a,FRF,Grand Est,2,Schivardi,8993
788,2007-04-22,president_a,FRF,Grand Est,2,Voynet,52670
789,2007-04-22,president_a,FRG,Pays de la Loire,0,eligible_voters,2517517
790,2007-04-22,president_a,FRG,Pays de la Loire,1,issued_ballots,2194733
791,2007-04-22,president_a,FRG,Pays de la Loire,2,Bayrou,457569
792,2007-04-22,president_a,FRG,Pays de la Loire,2,Besancenot,93687
793,2007-04-22,president_a,FRG,Pays de la Loire,2,Bové,25811
794,2007-04-22,president_a,FRG,Pays de la Loire,2,Buffet,26737
795,2007-04-22,president_a,FRG,Pays de la Loire,2,DeVilliers,107895
796,2007-04-22,president_a,FRG,Pays de la Loire,2,Laguiller,28481
797,2007-04-22,president_a,FRG,Pays de la Loire,2,LePen,158843
798,2007-04-22,president_a,FRG,Pays de la Loire,2,Nihous,26674
799,2007-04-22,president_a,FRG,Pays de la Loire,2,Royal,552274
800,2007-04-22,president_a,FRG,Pays de la Loire,2,Sarkozy,636937
801,2007-04-22,president_a,FRG,Pays de la Loire,2,Schivardi,6481
802,2007-04-22,president_a,FRG,Pays de la Loire,2,Voynet,38951
803,2007-04-22,president_a,FRH,Bretagne,0,eligible_voters,2313627
804,2007-04-22,president_a,FRH,Bretagne,1,issued_ballots,2028845
805,2007-04-22,president_a,FRH,Bretagne,2,Bayrou,451883
806,2007-04-22,president_a,FRH,Bretagne,2,Besancenot,94190
807,2007-04-22,president_a,FRH,Bretagne,2,Bové,28482
808,2007-04-22,president_a,FRH,Bretagne,2,Buffet,31860
809,2007-04-22,president_a,FRH,Bretagne,2,DeVilliers,41200
810,2007-04-22,president_a,FRH,Bretagne,2,Laguiller,25656
811,2007-04-22,president_a,FRH,Bretagne,2,LePen,143899
812,2007-04-22,president_a,FRH,Bretagne,2,Nihous,21201
813,2007-04-22,president_a,FRH,Bretagne,2,Royal,564030
814,2007-04-22,president_a,FRH,Bretagne,2,Sarkozy,557318
815,2007-04-22,president_a,FRH,Bretagne,2,Schivardi,5166
816,2007-04-22,president_a,FRH,Bretagne,2,Voynet,39017
817,2007-04-22,president_a,FRI,Nouvelle-Aquitaine,0,eligible_voters,4093883
818,2007-04-22,president_a,FRI,Nouvelle-Aquitaine,1,issued_ballots,3549547
819,2007-04-22,president_a,FRI,Nouvelle-Aquitaine,2,Bayrou,693876
820,2007-04-22,president_a,FRI,Nouvelle-Aquitaine,2,Besancenot,147869
821,2007-04-22,president_a,FRI,Nouvelle-Aquitaine,2,Bové,48506
822,2007-04-22,president_a,FRI,Nouvelle-Aquitaine,2,Buffet,73383
823,2007-04-22,president_a,FRI,Nouvelle-Aquitaine,2,DeVilliers,83450
824,2007-04-22,president_a,FRI,Nouvelle-Aquitaine,2,Laguiller,42525
825,2007-04-22,president_a,FRI,Nouvelle-Aquitaine,2,LePen,295264
826,2007-04-22,president_a,FRI,Nouvelle-Aquitaine,2,Nihous,64880
827,2007-04-22,president_a,FRI,Nouvelle-Aquitaine,2,Royal,1021471
828,2007-04-22,president_a,FRI,Nouvelle-Aquitaine,2,Sarkozy,960115
829,2007-04-22,president_a,FRI,Nouvelle-Aquitaine,2,Schivardi,13690
830,2007-04-22,president_a,FRI,Nouvelle-Aquitaine,2,Voynet,50739
831,2007-04-22,president_a,FRJ,Occitanie,0,eligible_voters,3830464
832,2007-04-22,president_a,FRJ,Occitanie,1,issued_ballots,3330114
833,2007-04-22,president_a,FRJ,Occitanie,2,Bayrou,576384
834,2007-04-22,president_a,FRJ,Occitanie,2,Besancenot,131775
835,2007-04-22,president_a,FRJ,Occitanie,2,Bové,61089
836,2007-04-22,president_a,FRJ,Occitanie,2,Buffet,72666
837,2007-04-22,president_a,FRJ,Occitanie,2,DeVilliers,59016
838,2007-04-22,president_a,FRJ,Occitanie,2,Laguiller,35788
839,2007-04-22,president_a,FRJ,Occitanie,2,LePen,369235
840,2007-04-22,president_a,FRJ,Occitanie,2,Nihous,46636
841,2007-04-22,president_a,FRJ,Occitanie,2,Royal,937549
842,2007-04-22,president_a,FRJ,Occitanie,2,Sarkozy,928111
843,2007-04-22,president_a,FRJ,Occitanie,2,Schivardi,20214
844,2007-04-22,president_a,FRJ,Occitanie,2,Voynet,46054
845,2007-04-22,president_a,FRK,Auvergne-Rhône-Alpes,0,eligible_voters,5034453
846,2007-04-22,president_a,FRK,Auvergne-Rhône-Alpes,1,issued_ballots,4338700
847,2007-04-22,president_a,FRK,Auvergne-Rhône-Alpes,2,Bayrou,859066
848,2007-04-22,president_a,FRK,Auvergne-Rhône-Alpes,2,Besancenot,165233
849,2007-04-22,president_a,FRK,Auvergne-Rhône-Alpes,2,Bové,64952
850,2007-04-22,president_a,FRK,Auvergne-Rhône-Alpes,2,Buffet,79544
851,2007-04-22,president_a,FRK,Auvergne-Rhône-Alpes,2,DeVilliers,94634
852,2007-04-22,president_a,FRK,Auvergne-Rhône-Alpes,2,Laguiller,51031
853,2007-04-22,president_a,FRK,Auvergne-Rhône-Alpes,2,LePen,439101
854,2007-04-22,president_a,FRK,Auvergne-Rhône-Alpes,2,Nihous,45089
855,2007-04-22,president_a,FRK,Auvergne-Rhône-Alpes,2,Royal,1032158
856,2007-04-22,president_a,FRK,Auvergne-Rhône-Alpes,2,Sarkozy,1359083
857,2007-04-22,president_a,FRK,Auvergne-Rhône-Alpes,2,Schivardi,15169
858,2007-04-22,president_a,FRK,Auvergne-Rhône-Alpes,2,Voynet,75087
859,2007-04-22,president_a,FRL,Provence-Alpes-Côte d’Azur,0,eligible_voters,3291943
860,2007-04-22,president_a,FRL,Provence-Alpes-Côte d’Azur,1,issued_ballots,2762072
861,2007-04-22,president_a,FRL,Provence-Alpes-Côte d’Azur,2,Bayrou,419162
862,2007-04-22,president_a,FRL,Provence-Alpes-Côte d’Azur,2,Besancenot,88331
863,2007-04-22,president_a,FRL,Provence-Alpes-Côte d’Azur,2,Bové,36963
864,2007-04-22,president_a,FRL,Provence-Alpes-Côte d’Azur,2,Buffet,61968
865,2007-04-22,president_a,FRL,Provence-Alpes-Côte d’Azur,2,DeVilliers,54851
866,2007-04-22,president_a,FRL,Provence-Alpes-Côte d’Azur,2,Laguiller,26407
867,2007-04-22,president_a,FRL,Provence-Alpes-Côte d’Azur,2,LePen,377830
868,2007-04-22,president_a,FRL,Provence-Alpes-Côte d’Azur,2,Nihous,26534
869,2007-04-22,president_a,FRL,Provence-Alpes-Côte d’Azur,2,Royal,579036
870,2007-04-22,president_a,FRL,Provence-Alpes-Côte d’Azur,2,Sarkozy,1010235
871,2007-04-22,president_a,FRL,Provence-Alpes-Côte d’Azur,2,Schivardi,9935
872,2007-04-22,president_a,FRL,Provence-Alpes-Côte d’Azur,2,Voynet,38339
873,2007-04-22,president_a,FRM,Corse,0,eligible_voters,206394
874,2007-04-22,president_a,FRM,Corse,1,issued_ballots,155833
875,2007-04-22,president_a,FRM,Corse,2,Bayrou,18979
876,2007-04-22,president_a,FRM,Corse,2,Besancenot,5941
877,2007-04-22,president_a,FRM,Corse,2,Bové,1659
878,2007-04-22,president_a,FRM,Corse,2,Buffet,5164
879,2007-04-22,president_a,FRM,Corse,2,DeVilliers,1908
880,2007-04-22,president_a,FRM,Corse,2,Laguiller,1346
881,2007-04-22,president_a,FRM,Corse,2,LePen,23433
882,2007-04-22,president_a,FRM,Corse,2,Nihous,2259
883,2007-04-22,president_a,FRM,Corse,2,Royal,33493
884,2007-04-22,president_a,FRM,Corse,2,Sarkozy,56819
885,2007-04-22,president_a,FRM,Corse,2,Schivardi,450
886,2007-04-22,president_a,FRM,Corse,2,Voynet,2120
887,2007-04-22,president_a,FRY,RUP FR — Régions Ultrapériphériques Françaises,0,eligible_voters,1228300
888,2007-04-22,president_a,FRY,RUP FR — Régions Ultrapériphériques Françaises,1,issued_ballots,786223
889,2007-04-22,president_a,FRY,RUP FR — Régions Ultrapériphériques Françaises,2,Bayrou,86391
890,2007-04-22,president_a,FRY,RUP FR — Régions Ultrapériphériques Françaises,2,Besancenot,19438
891,2007-04-22,president_a,FRY,RUP FR — Régions Ultrapériphériques Françaises,2,Bové,8731
892,2007-04-22,president_a,FRY,RUP FR — Régions Ultrapériphériques Françaises,2,Buffet,13373
893,2007-04-22,president_a,FRY,RUP FR — Régions Ultrapériphériques Françaises,2,DeVilliers,4031
894,2007-04-22,president_a,FRY,RUP FR — Régions Ultrapériphériques Françaises,2,Laguiller,8982
895,2007-04-22,president_a,FRY,RUP FR — Régions Ultrapériphériques Françaises,2,LePen,29173
896,2007-04-22,president_a,FRY,RUP FR — Régions Ultrapériphériques Françaises,2,Nihous,2081
897,2007-04-22,president_a,FRY,RUP FR — Régions Ultrapériphériques Françaises,2,Royal,325460
898,2007-04-22,president_a,FRY,RUP FR — Régions Ultrapériphériques Françaises,2,Sarkozy,237417
899,2007-04-22,president_a,FRY,RUP FR — Régions Ultrapériphériques Françaises,2,Schivardi,1404
900,2007-04-22,president_a,FRY,RUP FR — Régions Ultrapériphériques Françaises,2,Voynet,9030
901,2007-05-06,president_b,FR1,Ile-de-France,0,eligible_voters,6695542
902,2007-05-06,president_b,FR1,Ile-de-France,1,issued_ballots,5708854
903,2007-05-06,president_b,FR1,Ile-de-France,2,Royal,2612107
904,2007-05-06,president_b,FR1,Ile-de-France,2,Sarkozy,2885762
905,2007-05-06,president_b,FRB,Centre — Val de Loire,0,eligible_voters,1781322
906,2007-05-06,president_b,FRB,Centre — Val de Loire,1,issued_ballots,1517511
907,2007-05-06,president_b,FRB,Centre — Val de Loire,2,Royal,650777
908,2007-05-06,president_b,FRB,Centre — Val de Loire,2,Sarkozy,795959
909,2007-05-06,president_b,FRC,Bourgogne-Franche-Comté,0,eligible_voters,1986726
910,2007-05-06,president_b,FRC,Bourgogne-Franche-Comté,1,issued_ballots,1700263
911,2007-05-06,president_b,FRC,Bourgogne-Franche-Comté,2,Royal,731970
912,2007-05-06,president_b,FRC,Bourgogne-Franche-Comté,2,Sarkozy,886983
913,2007-05-06,president_b,FRD,Normandie,0,eligible_voters,2348118
914,2007-05-06,president_b,FRD,Normandie,1,issued_ballots,1999158
915,2007-05-06,president_b,FRD,Normandie,2,Royal,894303
916,2007-05-06,president_b,FRD,Normandie,2,Sarkozy,1019659
917,2007-05-06,president_b,FRE,Hauts-de-France,0,eligible_voters,4179306
918,2007-05-06,president_b,FRE,Hauts-de-France,1,issued_ballots,3473307
919,2007-05-06,president_b,FRE,Hauts-de-France,2,Royal,1605460
920,2007-05-06,president_b,FRE,Hauts-de-France,2,Sarkozy,1714619
921,2007-05-06,president_b,FRF,Grand Est,0,eligible_voters,3811881
922,2007-05-06,president_b,FRF,Grand Est,1,issued_ballots,3166763
923,2007-05-06,president_b,FRF,Grand Est,2,Royal,1235791
924,2007-05-06,president_b,FRF,Grand Est,2,Sarkozy,1786279
925,2007-05-06,president_b,FRG,Pays de la Loire,0,eligible_voters,2517783
926,2007-05-06,president_b,FRG,Pays de la Loire,1,issued_ballots,2175490
927,2007-05-06,president_b,FRG,Pays de la Loire,2,Royal,1003684
928,2007-05-06,president_b,FRG,Pays de la Loire,2,Sarkozy,1075685
929,2007-05-06,president_b,FRH,Bretagne,0,eligible_voters,2313195
930,2007-05-06,president_b,FRH,Bretagne,1,issued_ballots,2024759
931,2007-05-06,president_b,FRH,Bretagne,2,Royal,1022954
932,2007-05-06,president_b,FRH,Bretagne,2,Sarkozy,920939
933,2007-05-06,president_b,FRI,Nouvelle-Aquitaine,0,eligible_voters,4093981
934,2007-05-06,president_b,FRI,Nouvelle-Aquitaine,1,issued_ballots,3555748
935,2007-05-06,president_b,FRI,Nouvelle-Aquitaine,2,Royal,1764159
936,2007-05-06,president_b,FRI,Nouvelle-Aquitaine,2,Sarkozy,1633698
937,2007-05-06,president_b,FRJ,Occitanie,0,eligible_voters,3830243
938,2007-05-06,president_b,FRJ,Occitanie,1,issued_ballots,3324381
939,2007-05-06,president_b,FRJ,Occitanie,2,Royal,1585352
940,2007-05-06,president_b,FRJ,Occitanie,2,Sarkozy,1597219
941,2007-05-06,president_b,FRK,Auvergne-Rhône-Alpes,0,eligible_voters,5034947
942,2007-05-06,president_b,FRK,Auvergne-Rhône-Alpes,1,issued_ballots,4304225
943,2007-05-06,president_b,FRK,Auvergne-Rhône-Alpes,2,Royal,1855874
944,2007-05-06,president_b,FRK,Auvergne-Rhône-Alpes,2,Sarkozy,2261782
945,2007-05-06,president_b,FRL,Provence-Alpes-Côte d’Azur,0,eligible_voters,3292205
946,2007-05-06,president_b,FRL,Provence-Alpes-Côte d’Azur,1,issued_ballots,2793895
947,2007-05-06,president_b,FRL,Provence-Alpes-Côte d’Azur,2,Royal,1025774
948,2007-05-06,president_b,FRL,Provence-Alpes-Côte d’Azur,2,Sarkozy,1662131
949,2007-05-06,president_b,FRM,Corse,0,eligible_voters,206429
950,2007-05-06,president_b,FRM,Corse,1,issued_ballots,162221
951,2007-05-06,president_b,FRM,Corse,2,Royal,62209
952,2007-05-06,president_b,FRM,Corse,2,Sarkozy,93771
953,2007-05-06,president_b,FRY,RUP FR — Régions Ultrapériphériques Françaises,0,eligible_voters,1228976
954,2007-05-06,president_b,FRY,RUP FR — Régions Ultrapériphériques Françaises,1,issued_ballots,852617
955,2007-05-06,president_b,FRY,RUP FR — Régions Ultrapériphériques Françaises,2,Royal,481992
956,2007-05-06,president_b,FRY,RUP FR — Régions Ultrapériphériques Françaises,2,Sarkozy,334130
957,2009-06-07,european,FR1,Ile-de-France,0,eligible_voters,6822291
958,2009-06-07,european,FR1,Ile-de-France,1,issued_ballots,2869809
959,2009-06-07,european,FR1,Ile-de-France,2,LAUT,172428
960,2009-06-07,european,FR1,Ile-de-France,2,LCMD,238326
961,2009-06-07,european,FR1,Ile-de-France,2,LCOP,176813
962,2009-06-07,european,FR1,Ile-de-France,2,LDVD,174630
963,2009-06-07,european,FR1,Ile-de-France,2,LDVG,1597
964,2009-06-07,european,FR1,Ile-de-France,2,LEXG,119232
965,2009-06-07,european,FR1,Ile-de-France,2,LFN,123170
966,2009-06-07,european,FR1,Ile-de-France,2,LMAJ,828137
967,2009-06-07,european,FR1,Ile-de-France,2,LSOC,379857
968,2009-06-07,european,FR1,Ile-de-France,2,LVEC,583668
969,2009-06-07,european,FRB,Centre — Val de Loire,0,eligible_voters,1787090
970,2009-06-07,european,FRB,Centre — Val de Loire,1,issued_ballots,741694
971,2009-06-07,european,FRB,Centre — Val de Loire,2,LAUT,27857
972,2009-06-07,european,FRB,Centre — Val de Loire,2,LCMD,56154
973,2009-06-07,european,FRB,Centre — Val de Loire,2,LCOP,50116
974,2009-06-07,european,FRB,Centre — Val de Loire,2,LDVD,52805
975,2009-06-07,european,FRB,Centre — Val de Loire,2,LDVG,80
976,2009-06-07,european,FRB,Centre — Val de Loire,2,LEXD,15598
977,2009-06-07,european,FRB,Centre — Val de Loire,2,LEXG,43166
978,2009-06-07,european,FRB,Centre — Val de Loire,2,LFN,41401
979,2009-06-07,european,FRB,Centre — Val de Loire,2,LMAJ,207206
980,2009-06-07,european,FRB,Centre — Val de Loire,2,LSOC,111158
981,2009-06-07,european,FRB,Centre — Val de Loire,2,LVEC,99251
982,2009-06-07,european,FRC,Bourgogne-Franche-Comté,0,eligible_voters,1993703
983,2009-06-07,european,FRC,Bourgogne-Franche-Comté,1,issued_ballots,835643
984,2009-06-07,european,FRC,Bourgogne-Franche-Comté,2,LAUT,31114
985,2009-06-07,european,FRC,Bourgogne-Franche-Comté,2,LCMD,69035
986,2009-06-07,european,FRC,Bourgogne-Franche-Comté,2,LCOP,37918
987,2009-06-07,european,FRC,Bourgogne-Franche-Comté,2,LDVD,56101
988,2009-06-07,european,FRC,Bourgogne-Franche-Comté,2,LDVG,434
989,2009-06-07,european,FRC,Bourgogne-Franche-Comté,2,LEXG,59068
990,2009-06-07,european,FRC,Bourgogne-Franche-Comté,2,LFN,53114
991,2009-06-07,european,FRC,Bourgogne-Franche-Comté,2,LMAJ,228733
992,2009-06-07,european,FRC,Bourgogne-Franche-Comté,2,LSOC,146286
993,2009-06-07,european,FRC,Bourgogne-Franche-Comté,2,LVEC,111208
994,2009-06-07,european,FRD,Normandie,0,eligible_voters,2359023
995,2009-06-07,european,FRD,Normandie,1,issued_ballots,968161
996,2009-06-07,european,FRD,Normandie,2,LAUT,34950
997,2009-06-07,european,FRD,Normandie,2,LCMD,87717
998,2009-06-07,european,FRD,Normandie,2,LCOP,50724
999,2009-06-07,european,FRD,Normandie,2,LDVD,68261
1000,2009-06-07,european,FRD,Normandie,2,LDVG,326
1001,2009-06-07,european,FRD,Normandie,2,LEXD,16077
1002,2009-06-07,european,FRD,Normandie,2,LEXG,71137
1003,2009-06-07,european,FRD,Normandie,2,LFN,74035
1004,2009-06-07,european,FRD,Normandie,2,LMAJ,236887
1005,2009-06-07,european,FRD,Normandie,2,LSOC,151759
1006,2009-06-07,european,FRD,Normandie,2,LVEC,128107
1007,2009-06-07,european,FRE,Hauts-de-France,0,eligible_voters,4209913
1008,2009-06-07,european,FRE,Hauts-de-France,1,issued_ballots,1645786
1009,2009-06-07,european,FRE,Hauts-de-France,2,LAUT,58863
1010,2009-06-07,european,FRE,Hauts-de-France,2,LCMD,127765
1011,2009-06-07,european,FRE,Hauts-de-France,2,LCOP,119089
1012,2009-06-07,european,FRE,Hauts-de-France,2,LDVD,97472
1013,2009-06-07,european,FRE,Hauts-de-France,2,LDVG,266
1014,2009-06-07,european,FRE,Hauts-de-France,2,LEXD,21612
1015,2009-06-07,european,FRE,Hauts-de-France,2,LEXG,125204
1016,2009-06-07,european,FRE,Hauts-de-France,2,LFN,178974
1017,2009-06-07,european,FRE,Hauts-de-France,2,LMAJ,364669
1018,2009-06-07,european,FRE,Hauts-de-France,2,LSOC,297774
1019,2009-06-07,european,FRE,Hauts-de-France,2,LVEC,172472
1020,2009-06-07,european,FRF,Grand Est,0,eligible_voters,3860854
1021,2009-06-07,european,FRF,Grand Est,1,issued_ballots,1453578
1022,2009-06-07,european,FRF,Grand Est,2,LAUT,67238
1023,2009-06-07,european,FRF,Grand Est,2,LCMD,136221
1024,2009-06-07,european,FRF,Grand Est,2,LCOP,46714
1025,2009-06-07,european,FRF,Grand Est,2,LDVD,89445
1026,2009-06-07,european,FRF,Grand Est,2,LDVG,589
1027,2009-06-07,european,FRF,Grand Est,2,LEXG,95745
1028,2009-06-07,european,FRF,Grand Est,2,LFN,111558
1029,2009-06-07,european,FRF,Grand Est,2,LMAJ,406283
1030,2009-06-07,european,FRF,Grand Est,2,LSOC,228685
1031,2009-06-07,european,FRF,Grand Est,2,LVEC,199412
1032,2009-06-07,european,FRG,Pays de la Loire,0,eligible_voters,2550709
1033,2009-06-07,european,FRG,Pays de la Loire,1,issued_ballots,1075385
1034,2009-06-07,european,FRG,Pays de la Loire,2,LAUT,41090
1035,2009-06-07,european,FRG,Pays de la Loire,2,LCMD,81825
1036,2009-06-07,european,FRG,Pays de la Loire,2,LCOP,41116
1037,2009-06-07,european,FRG,Pays de la Loire,2,LDVD,150800
1038,2009-06-07,european,FRG,Pays de la Loire,2,LDVG,605
1039,2009-06-07,european,FRG,Pays de la Loire,2,LEXG,62210
1040,2009-06-07,european,FRG,Pays de la Loire,2,LFN,28467
1041,2009-06-07,european,FRG,Pays de la Loire,2,LMAJ,284920
1042,2009-06-07,european,FRG,Pays de la Loire,2,LREG,5840
1043,2009-06-07,european,FRG,Pays de la Loire,2,LSOC,162744
1044,2009-06-07,european,FRG,Pays de la Loire,2,LVEC,169468
1045,2009-06-07,european,FRH,Bretagne,0,eligible_voters,2335313
1046,2009-06-07,european,FRH,Bretagne,1,issued_ballots,996143
1047,2009-06-07,european,FRH,Bretagne,2,LAUT,36392
1048,2009-06-07,european,FRH,Bretagne,2,LCMD,92942
1049,2009-06-07,european,FRH,Bretagne,2,LCOP,48054
1050,2009-06-07,european,FRH,Bretagne,2,LDVD,61974
1051,2009-06-07,european,FRH,Bretagne,2,LDVG,609
1052,2009-06-07,european,FRH,Bretagne,2,LEXG,64078
1053,2009-06-07,european,FRH,Bretagne,2,LFN,29132
1054,2009-06-07,european,FRH,Bretagne,2,LMAJ,255649
1055,2009-06-07,european,FRH,Bretagne,2,LREG,26954
1056,2009-06-07,european,FRH,Bretagne,2,LSOC,169422
1057,2009-06-07,european,FRH,Bretagne,2,LVEC,171796
1058,2009-06-07,european,FRI,Nouvelle-Aquitaine,0,eligible_voters,4136710
1059,2009-06-07,european,FRI,Nouvelle-Aquitaine,1,issued_ballots,1816856
1060,2009-06-07,european,FRI,Nouvelle-Aquitaine,2,LAUT,71927
1061,2009-06-07,european,FRI,Nouvelle-Aquitaine,2,LCMD,150732
1062,2009-06-07,european,FRI,Nouvelle-Aquitaine,2,LCOP,121988
1063,2009-06-07,european,FRI,Nouvelle-Aquitaine,2,LDVD,122746
1064,2009-06-07,european,FRI,Nouvelle-Aquitaine,2,LDVG,453
1065,2009-06-07,european,FRI,Nouvelle-Aquitaine,2,LEXD,12790
1066,2009-06-07,european,FRI,Nouvelle-Aquitaine,2,LEXG,115800
1067,2009-06-07,european,FRI,Nouvelle-Aquitaine,2,LFN,74860
1068,2009-06-07,european,FRI,Nouvelle-Aquitaine,2,LMAJ,461140
1069,2009-06-07,european,FRI,Nouvelle-Aquitaine,2,LREG,9845
1070,2009-06-07,european,FRI,Nouvelle-Aquitaine,2,LSOC,328983
1071,2009-06-07,european,FRI,Nouvelle-Aquitaine,2,LVEC,254399
1072,2009-06-07,european,FRJ,Occitanie,0,eligible_voters,3907746
1073,2009-06-07,european,FRJ,Occitanie,1,issued_ballots,1745945
1074,2009-06-07,european,FRJ,Occitanie,2,LAUT,74571
1075,2009-06-07,european,FRJ,Occitanie,2,LCMD,131533
1076,2009-06-07,european,FRJ,Occitanie,2,LCOP,141900
1077,2009-06-07,european,FRJ,Occitanie,2,LDVD,69553
1078,2009-06-07,european,FRJ,Occitanie,2,LDVG,640
1079,2009-06-07,european,FRJ,Occitanie,2,LEXD,15015
1080,2009-06-07,european,FRJ,Occitanie,2,LEXG,112239
1081,2009-06-07,european,FRJ,Occitanie,2,LFN,109671
1082,2009-06-07,european,FRJ,Occitanie,2,LMAJ,448021
1083,2009-06-07,european,FRJ,Occitanie,2,LREG,138
1084,2009-06-07,european,FRJ,Occitanie,2,LSOC,290403
1085,2009-06-07,european,FRJ,Occitanie,2,LVEC,266956
1086,2009-06-07,european,FRK,Auvergne-Rhône-Alpes,0,eligible_voters,5110727
1087,2009-06-07,european,FRK,Auvergne-Rhône-Alpes,1,issued_ballots,2091696
1088,2009-06-07,european,FRK,Auvergne-Rhône-Alpes,2,LAUT,85643
1089,2009-06-07,european,FRK,Auvergne-Rhône-Alpes,2,LCMD,168224
1090,2009-06-07,european,FRK,Auvergne-Rhône-Alpes,2,LCOP,118358
1091,2009-06-07,european,FRK,Auvergne-Rhône-Alpes,2,LDD,5
1092,2009-06-07,european,FRK,Auvergne-Rhône-Alpes,2,LDV,0
1093,2009-06-07,european,FRK,Auvergne-Rhône-Alpes,2,LDVD,122457
1094,2009-06-07,european,FRK,Auvergne-Rhône-Alpes,2,LDVG,841
1095,2009-06-07,european,FRK,Auvergne-Rhône-Alpes,2,LEXD,5961
1096,2009-06-07,european,FRK,Auvergne-Rhône-Alpes,2,LEXG,114741
1097,2009-06-07,european,FRK,Auvergne-Rhône-Alpes,2,LFN,127435
1098,2009-06-07,european,FRK,Auvergne-Rhône-Alpes,2,LMAJ,573388
1099,2009-06-07,european,FRK,Auvergne-Rhône-Alpes,2,LPC,6
1100,2009-06-07,european,FRK,Auvergne-Rhône-Alpes,2,LSOC,322038
1101,2009-06-07,european,FRK,Auvergne-Rhône-Alpes,2,LVEC,369307
1102,2009-06-07,european,FRL,Provence-Alpes-Côte d’Azur,0,eligible_voters,3359016
1103,2009-06-07,european,FRL,Provence-Alpes-Côte d’Azur,1,issued_ballots,1310648
1104,2009-06-07,european,FRL,Provence-Alpes-Côte d’Azur,2,LAUT,60705
1105,2009-06-07,european,FRL,Provence-Alpes-Côte d’Azur,2,LCMD,80383
1106,2009-06-07,european,FRL,Provence-Alpes-Côte d’Azur,2,LCOP,83052
1107,2009-06-07,european,FRL,Provence-Alpes-Côte d’Azur,2,LDVD,81680
1108,2009-06-07,european,FRL,Provence-Alpes-Côte d’Azur,2,LDVG,411
1109,2009-06-07,european,FRL,Provence-Alpes-Côte d’Azur,2,LEXG,62266
1110,2009-06-07,european,FRL,Provence-Alpes-Côte d’Azur,2,LFN,135687
1111,2009-06-07,european,FRL,Provence-Alpes-Côte d’Azur,2,LMAJ,384178
1112,2009-06-07,european,FRL,Provence-Alpes-Côte d’Azur,2,LSOC,170232
1113,2009-06-07,european,FRL,Provence-Alpes-Côte d’Azur,2,LVEC,205937
1114,2009-06-07,european,FRM,Corse,0,eligible_voters,213718
1115,2009-06-07,european,FRM,Corse,1,issued_ballots,65153
1116,2009-06-07,european,FRM,Corse,2,LAUT,2223
1117,2009-06-07,european,FRM,Corse,2,LCMD,2647
1118,2009-06-07,european,FRM,Corse,2,LCOP,6020
1119,2009-06-07,european,FRM,Corse,2,LDVD,2463
1120,2009-06-07,european,FRM,Corse,2,LDVG,7
1121,2009-06-07,european,FRM,Corse,2,LEXG,5110
1122,2009-06-07,european,FRM,Corse,2,LFN,4183
1123,2009-06-07,european,FRM,Corse,2,LMAJ,17415
1124,2009-06-07,european,FRM,Corse,2,LSOC,8254
1125,2009-06-07,european,FRM,Corse,2,LVEC,15254
1126,2009-06-07,european,FRY,RUP FR — Régions Ultrapériphériques Françaises,0,eligible_voters,1267757
1127,2009-06-07,european,FRY,RUP FR — Régions Ultrapériphériques Françaises,1,issued_ballots,293937
1128,2009-06-07,european,FRY,RUP FR — Régions Ultrapériphériques Françaises,2,LAUT,1426
1129,2009-06-07,european,FRY,RUP FR — Régions Ultrapériphériques Françaises,2,LCMD,21743
1130,2009-06-07,european,FRY,RUP FR — Régions Ultrapériphériques Françaises,2,LDVD,7552
1131,2009-06-07,european,FRY,RUP FR — Régions Ultrapériphériques Françaises,2,LDVG,67195
1132,2009-06-07,european,FRY,RUP FR — Régions Ultrapériphériques Françaises,2,LMAJ,68520
1133,2009-06-07,european,FRY,RUP FR — Régions Ultrapériphériques Françaises,2,LSOC,53653
1134,2009-06-07,european,FRY,RUP FR — Régions Ultrapériphériques Françaises,2,LVEC,48812
1135,2012-04-22,president_a,FR1,Ile-de-France,0,eligible_voters,6942361
1136,2012-04-22,president_a,FR1,Ile-de-France,1,issued_ballots,5426477
1137,2012-04-22,president_a,FR1,Ile-de-France,2,Arthaud,20133
1138,2012-04-22,president_a,FR1,Ile-de-France,2,Bayrou,492070
1139,2012-04-22,president_a,FR1,Ile-de-France,2,Cheminade,13411
1140,2012-04-22,president_a,FR1,Ile-de-France,2,Dupont-Aignan,92453
1141,2012-04-22,president_a,FR1,Ile-de-France,2,Hollande,1695372
1142,2012-04-22,president_a,FR1,Ile-de-France,2,Joly,144346
1143,2012-04-22,president_a,FR1,Ile-de-France,2,LePen,655926
1144,2012-04-22,president_a,FR1,Ile-de-France,2,Melenchon,632208
1145,2012-04-22,president_a,FR1,Ile-de-France,2,Poutou,44561
1146,2012-04-22,president_a,FR1,Ile-de-France,2,Sarkozy,1550000
1147,2012-04-22,president_a,FRB,Centre — Val de Loire,0,eligible_voters,1801366
1148,2012-04-22,president_a,FRB,Centre — Val de Loire,1,issued_ballots,1474806
1149,2012-04-22,president_a,FRB,Centre — Val de Loire,2,Arthaud,9827
1150,2012-04-22,president_a,FRB,Centre — Val de Loire,2,Bayrou,137172
1151,2012-04-22,president_a,FRB,Centre — Val de Loire,2,Cheminade,3752
1152,2012-04-22,president_a,FRB,Centre — Val de Loire,2,Dupont-Aignan,30609
1153,2012-04-22,president_a,FRB,Centre — Val de Loire,2,Hollande,385169
1154,2012-04-22,president_a,FRB,Centre — Val de Loire,2,Joly,26314
1155,2012-04-22,president_a,FRB,Centre — Val de Loire,2,LePen,280096
1156,2012-04-22,president_a,FRB,Centre — Val de Loire,2,Melenchon,151971
1157,2012-04-22,president_a,FRB,Centre — Val de Loire,2,Poutou,17609
1158,2012-04-22,president_a,FRB,Centre — Val de Loire,2,Sarkozy,403460
1159,2012-04-22,president_a,FRC,Bourgogne-Franche-Comté,0,eligible_voters,1997925
1160,2012-04-22,president_a,FRC,Bourgogne-Franche-Comté,1,issued_ballots,1639604
1161,2012-04-22,president_a,FRC,Bourgogne-Franche-Comté,2,Arthaud,10552
1162,2012-04-22,president_a,FRC,Bourgogne-Franche-Comté,2,Bayrou,140222
1163,2012-04-22,president_a,FRC,Bourgogne-Franche-Comté,2,Cheminade,4115
1164,2012-04-22,president_a,FRC,Bourgogne-Franche-Comté,2,Dupont-Aignan,32322
1165,2012-04-22,president_a,FRC,Bourgogne-Franche-Comté,2,Hollande,435464
1166,2012-04-22,president_a,FRC,Bourgogne-Franche-Comté,2,Joly,31446
1167,2012-04-22,president_a,FRC,Bourgogne-Franche-Comté,2,LePen,333120
1168,2012-04-22,president_a,FRC,Bourgogne-Franche-Comté,2,Melenchon,171131
1169,2012-04-22,president_a,FRC,Bourgogne-Franche-Comté,2,Poutou,19653
1170,2012-04-22,president_a,FRC,Bourgogne-Franche-Comté,2,Sarkozy,427908
1171,2012-04-22,president_a,FRD,Normandie,0,eligible_voters,2372779
1172,2012-04-22,president_a,FRD,Normandie,1,issued_ballots,1946704
1173,2012-04-22,president_a,FRD,Normandie,2,Arthaud,13248
1174,2012-04-22,president_a,FRD,Normandie,2,Bayrou,175750
1175,2012-04-22,president_a,FRD,Normandie,2,Cheminade,4873
1176,2012-04-22,president_a,FRD,Normandie,2,Dupont-Aignan,38855
1177,2012-04-22,president_a,FRD,Normandie,2,Hollande,529617
1178,2012-04-22,president_a,FRD,Normandie,2,Joly,34179
1179,2012-04-22,president_a,FRD,Normandie,2,LePen,358330
1180,2012-04-22,president_a,FRD,Normandie,2,Melenchon,214395
1181,2012-04-22,president_a,FRD,Normandie,2,Poutou,25533
1182,2012-04-22,president_a,FRD,Normandie,2,Sarkozy,516411
1183,2012-04-22,president_a,FRE,Hauts-de-France,0,eligible_voters,4210444
1184,2012-04-22,president_a,FRE,Hauts-de-France,1,issued_ballots,3343889
1185,2012-04-22,president_a,FRE,Hauts-de-France,2,Arthaud,25589
1186,2012-04-22,president_a,FRE,Hauts-de-France,2,Bayrou,233986
1187,2012-04-22,president_a,FRE,Hauts-de-France,2,Cheminade,7554
1188,2012-04-22,president_a,FRE,Hauts-de-France,2,Dupont-Aignan,56293
1189,2012-04-22,president_a,FRE,Hauts-de-France,2,Hollande,916146
1190,2012-04-22,president_a,FRE,Hauts-de-France,2,Joly,48375
1191,2012-04-22,president_a,FRE,Hauts-de-France,2,LePen,783156
1192,2012-04-22,president_a,FRE,Hauts-de-France,2,Melenchon,381641
1193,2012-04-22,president_a,FRE,Hauts-de-France,2,Poutou,39506
1194,2012-04-22,president_a,FRE,Hauts-de-France,2,Sarkozy,791042
1195,2012-04-22,president_a,FRF,Grand Est,0,eligible_voters,3857089
1196,2012-04-22,president_a,FRF,Grand Est,1,issued_ballots,3073741
1197,2012-04-22,president_a,FRF,Grand Est,2,Arthaud,20808
1198,2012-04-22,president_a,FRF,Grand Est,2,Bayrou,297086
1199,2012-04-22,president_a,FRF,Grand Est,2,Cheminade,8346
1200,2012-04-22,president_a,FRF,Grand Est,2,Dupont-Aignan,59480
1201,2012-04-22,president_a,FRF,Grand Est,2,Hollande,702093
1202,2012-04-22,president_a,FRF,Grand Est,2,Joly,60071
1203,2012-04-22,president_a,FRF,Grand Est,2,LePen,700276
1204,2012-04-22,president_a,FRF,Grand Est,2,Melenchon,268120
1205,2012-04-22,president_a,FRF,Grand Est,2,Poutou,37592
1206,2012-04-22,president_a,FRF,Grand Est,2,Sarkozy,862918
1207,2012-04-22,president_a,FRG,Pays de la Loire,0,eligible_voters,2605467
1208,2012-04-22,president_a,FRG,Pays de la Loire,1,issued_ballots,2192929
1209,2012-04-22,president_a,FRG,Pays de la Loire,2,Arthaud,14335
1210,2012-04-22,president_a,FRG,Pays de la Loire,2,Bayrou,249971
1211,2012-04-22,president_a,FRG,Pays de la Loire,2,Cheminade,5092
1212,2012-04-22,president_a,FRG,Pays de la Loire,2,Dupont-Aignan,44720
1213,2012-04-22,president_a,FRG,Pays de la Loire,2,Hollande,609189
1214,2012-04-22,president_a,FRG,Pays de la Loire,2,Joly,52816
1215,2012-04-22,president_a,FRG,Pays de la Loire,2,LePen,308806
1216,2012-04-22,president_a,FRG,Pays de la Loire,2,Melenchon,217491
1217,2012-04-22,president_a,FRG,Pays de la Loire,2,Poutou,28637
1218,2012-04-22,president_a,FRG,Pays de la Loire,2,Sarkozy,614195
1219,2012-04-22,president_a,FRH,Bretagne,0,eligible_voters,2380594
1220,2012-04-22,president_a,FRH,Bretagne,1,issued_ballots,2015870
1221,2012-04-22,president_a,FRH,Bretagne,2,Arthaud,12593
1222,2012-04-22,president_a,FRH,Bretagne,2,Bayrou,224902
1223,2012-04-22,president_a,FRH,Bretagne,2,Cheminade,5085
1224,2012-04-22,president_a,FRH,Bretagne,2,Dupont-Aignan,35587
1225,2012-04-22,president_a,FRH,Bretagne,2,Hollande,628441
1226,2012-04-22,president_a,FRH,Bretagne,2,Joly,58396
1227,2012-04-22,president_a,FRH,Bretagne,2,LePen,262095
1228,2012-04-22,president_a,FRH,Bretagne,2,Melenchon,217929
1229,2012-04-22,president_a,FRH,Bretagne,2,Poutou,26693
1230,2012-04-22,president_a,FRH,Bretagne,2,Sarkozy,508072
1231,2012-04-22,president_a,FRI,Nouvelle-Aquitaine,0,eligible_voters,4201774
1232,2012-04-22,president_a,FRI,Nouvelle-Aquitaine,1,issued_ballots,3490757
1233,2012-04-22,president_a,FRI,Nouvelle-Aquitaine,2,Arthaud,18737
1234,2012-04-22,president_a,FRI,Nouvelle-Aquitaine,2,Bayrou,339978
1235,2012-04-22,president_a,FRI,Nouvelle-Aquitaine,2,Cheminade,7883
1236,2012-04-22,president_a,FRI,Nouvelle-Aquitaine,2,Dupont-Aignan,61068
1237,2012-04-22,president_a,FRI,Nouvelle-Aquitaine,2,Hollande,1094450
1238,2012-04-22,president_a,FRI,Nouvelle-Aquitaine,2,Joly,74536
1239,2012-04-22,president_a,FRI,Nouvelle-Aquitaine,2,LePen,539002
1240,2012-04-22,president_a,FRI,Nouvelle-Aquitaine,2,Melenchon,402526
1241,2012-04-22,president_a,FRI,Nouvelle-Aquitaine,2,Poutou,51000
1242,2012-04-22,president_a,FRI,Nouvelle-Aquitaine,2,Sarkozy,829948
1243,2012-04-22,president_a,FRJ,Occitanie,0,eligible_voters,4008516
1244,2012-04-22,president_a,FRJ,Occitanie,1,issued_ballots,3347602
1245,2012-04-22,president_a,FRJ,Occitanie,2,Arthaud,15322
1246,2012-04-22,president_a,FRJ,Occitanie,2,Bayrou,271016
1247,2012-04-22,president_a,FRJ,Occitanie,2,Cheminade,7655
1248,2012-04-22,president_a,FRJ,Occitanie,2,Dupont-Aignan,50563
1249,2012-04-22,president_a,FRJ,Occitanie,2,Hollande,961597
1250,2012-04-22,president_a,FRJ,Occitanie,2,Joly,80218
1251,2012-04-22,president_a,FRJ,Occitanie,2,LePen,644965
1252,2012-04-22,president_a,FRJ,Occitanie,2,Melenchon,433452
1253,2012-04-22,president_a,FRJ,Occitanie,2,Poutou,38391
1254,2012-04-22,president_a,FRJ,Occitanie,2,Sarkozy,781691
1255,2012-04-22,president_a,FRK,Auvergne-Rhône-Alpes,0,eligible_voters,5227873
1256,2012-04-22,president_a,FRK,Auvergne-Rhône-Alpes,1,issued_ballots,4318589
1257,2012-04-22,president_a,FRK,Auvergne-Rhône-Alpes,2,Arthaud,23795
1258,2012-04-22,president_a,FRK,Auvergne-Rhône-Alpes,2,Bayrou,421850
1259,2012-04-22,president_a,FRK,Auvergne-Rhône-Alpes,2,Cheminade,10982
1260,2012-04-22,president_a,FRK,Auvergne-Rhône-Alpes,2,Dupont-Aignan,82981
1261,2012-04-22,president_a,FRK,Auvergne-Rhône-Alpes,2,Hollande,1121830
1262,2012-04-22,president_a,FRK,Auvergne-Rhône-Alpes,2,Joly,113157
1263,2012-04-22,president_a,FRK,Auvergne-Rhône-Alpes,2,LePen,768100
1264,2012-04-22,president_a,FRK,Auvergne-Rhône-Alpes,2,Melenchon,487361
1265,2012-04-22,president_a,FRK,Auvergne-Rhône-Alpes,2,Poutou,45714
1266,2012-04-22,president_a,FRK,Auvergne-Rhône-Alpes,2,Sarkozy,1161002
1267,2012-04-22,president_a,FRL,Provence-Alpes-Côte d’Azur,0,eligible_voters,3436084
1268,2012-04-22,president_a,FRL,Provence-Alpes-Côte d’Azur,1,issued_ballots,2769355
1269,2012-04-22,president_a,FRL,Provence-Alpes-Côte d’Azur,2,Arthaud,9493
1270,2012-04-22,president_a,FRL,Provence-Alpes-Côte d’Azur,2,Bayrou,182178
1271,2012-04-22,president_a,FRL,Provence-Alpes-Côte d’Azur,2,Cheminade,5886
1272,2012-04-22,president_a,FRL,Provence-Alpes-Côte d’Azur,2,Dupont-Aignan,41443
1273,2012-04-22,president_a,FRL,Provence-Alpes-Côte d’Azur,2,Hollande,600742
1274,2012-04-22,president_a,FRL,Provence-Alpes-Côte d’Azur,2,Joly,59009
1275,2012-04-22,president_a,FRL,Provence-Alpes-Côte d’Azur,2,LePen,650336
1276,2012-04-22,president_a,FRL,Provence-Alpes-Côte d’Azur,2,Melenchon,306088
1277,2012-04-22,president_a,FRL,Provence-Alpes-Côte d’Azur,2,Poutou,23107
1278,2012-04-22,president_a,FRL,Provence-Alpes-Côte d’Azur,2,Sarkozy,846367
1279,2012-04-22,president_a,FRM,Corse,0,eligible_voters,220349
1280,2012-04-22,president_a,FRM,Corse,1,issued_ballots,163653
1281,2012-04-22,president_a,FRM,Corse,2,Arthaud,502
1282,2012-04-22,president_a,FRM,Corse,2,Bayrou,8050
1283,2012-04-22,president_a,FRM,Corse,2,Cheminade,337
1284,2012-04-22,president_a,FRM,Corse,2,Dupont-Aignan,1727
1285,2012-04-22,president_a,FRM,Corse,2,Hollande,39029
1286,2012-04-22,president_a,FRM,Corse,2,Joly,3678
1287,2012-04-22,president_a,FRM,Corse,2,LePen,39209
1288,2012-04-22,president_a,FRM,Corse,2,Melenchon,15834
1289,2012-04-22,president_a,FRM,Corse,2,Poutou,1874
1290,2012-04-22,president_a,FRM,Corse,2,Sarkozy,50492
1291,2012-04-22,president_a,FRY,RUP FR — Régions Ultrapériphériques Françaises,0,eligible_voters,1356392
1292,2012-04-22,president_a,FRY,RUP FR — Régions Ultrapériphériques Françaises,1,issued_ballots,779815
1293,2012-04-22,president_a,FRY,RUP FR — Régions Ultrapériphériques Françaises,2,Arthaud,5411
1294,2012-04-22,president_a,FRY,RUP FR — Régions Ultrapériphériques Françaises,2,Bayrou,44702
1295,2012-04-22,president_a,FRY,RUP FR — Régions Ultrapériphériques Françaises,2,Cheminade,2418
1296,2012-04-22,president_a,FRY,RUP FR — Régions Ultrapériphériques Françaises,2,Dupont-Aignan,7334
1297,2012-04-22,president_a,FRY,RUP FR — Régions Ultrapériphériques Françaises,2,Hollande,384024
1298,2012-04-22,president_a,FRY,RUP FR — Régions Ultrapériphériques Françaises,2,Joly,13986
1299,2012-04-22,president_a,FRY,RUP FR — Régions Ultrapériphériques Françaises,2,LePen,57886
1300,2012-04-22,president_a,FRY,RUP FR — Régions Ultrapériphériques Françaises,2,Melenchon,45278
1301,2012-04-22,president_a,FRY,RUP FR — Régions Ultrapériphériques Françaises,2,Poutou,6896
1302,2012-04-22,president_a,FRY,RUP FR — Régions Ultrapériphériques Françaises,2,Sarkozy,169007
1303,2012-05-06,president_b,FR1,Ile-de-France,0,eligible_voters,6945073
1304,2012-05-06,president_b,FR1,Ile-de-France,1,issued_ballots,5636585
1305,2012-05-06,president_b,FR1,Ile-de-France,2,Hollande,2872034
1306,2012-05-06,president_b,FR1,Ile-de-France,2,Sarkozy,2514008
1307,2012-05-06,president_b,FRB,Centre — Val de Loire,0,eligible_voters,1801573
1308,2012-05-06,president_b,FRB,Centre — Val de Loire,1,issued_ballots,1476356
1309,2012-05-06,president_b,FRB,Centre — Val de Loire,2,Hollande,682913
1310,2012-05-06,president_b,FRB,Centre — Val de Loire,2,Sarkozy,698374
1311,2012-05-06,president_b,FRC,Bourgogne-Franche-Comté,0,eligible_voters,1997663
1312,2012-05-06,president_b,FRC,Bourgogne-Franche-Comté,1,issued_ballots,1645595
1313,2012-05-06,president_b,FRC,Bourgogne-Franche-Comté,2,Hollande,767139
1314,2012-05-06,president_b,FRC,Bourgogne-Franche-Comté,2,Sarkozy,766408
1315,2012-05-06,president_b,FRD,Normandie,0,eligible_voters,2372895
1316,2012-05-06,president_b,FRD,Normandie,1,issued_ballots,1949727
1317,2012-05-06,president_b,FRD,Normandie,2,Hollande,948072
1318,2012-05-06,president_b,FRD,Normandie,2,Sarkozy,883688
1319,2012-05-06,president_b,FRE,Hauts-de-France,0,eligible_voters,4210812
1320,2012-05-06,president_b,FRE,Hauts-de-France,1,issued_ballots,3340518
1321,2012-05-06,president_b,FRE,Hauts-de-France,2,Hollande,1655866
1322,2012-05-06,president_b,FRE,Hauts-de-France,2,Sarkozy,1462283
1323,2012-05-06,president_b,FRF,Grand Est,0,eligible_voters,3855538
1324,2012-05-06,president_b,FRF,Grand Est,1,issued_ballots,3075194
1325,2012-05-06,president_b,FRF,Grand Est,2,Hollande,1268056
1326,2012-05-06,president_b,FRF,Grand Est,2,Sarkozy,1607725
1327,2012-05-06,president_b,FRG,Pays de la Loire,0,eligible_voters,2605897
1328,2012-05-06,president_b,FRG,Pays de la Loire,1,issued_ballots,2183661
1329,2012-05-06,president_b,FRG,Pays de la Loire,2,Hollande,1051678
1330,2012-05-06,president_b,FRG,Pays de la Loire,2,Sarkozy,1005122
1331,2012-05-06,president_b,FRH,Bretagne,0,eligible_voters,2380266
1332,2012-05-06,president_b,FRH,Bretagne,1,issued_ballots,2019910
1333,2012-05-06,president_b,FRH,Bretagne,2,Hollande,1077551
1334,2012-05-06,president_b,FRH,Bretagne,2,Sarkozy,834532
1335,2012-05-06,president_b,FRI,Nouvelle-Aquitaine,0,eligible_voters,4201325
1336,2012-05-06,president_b,FRI,Nouvelle-Aquitaine,1,issued_ballots,3520731
1337,2012-05-06,president_b,FRI,Nouvelle-Aquitaine,2,Hollande,1889447
1338,2012-05-06,president_b,FRI,Nouvelle-Aquitaine,2,Sarkozy,1413974
1339,2012-05-06,president_b,FRJ,Occitanie,0,eligible_voters,4008714
1340,2012-05-06,president_b,FRJ,Occitanie,1,issued_ballots,3348299
1341,2012-05-06,president_b,FRJ,Occitanie,2,Hollande,1717208
1342,2012-05-06,president_b,FRJ,Occitanie,2,Sarkozy,1419673
1343,2012-05-06,president_b,FRK,Auvergne-Rhône-Alpes,0,eligible_voters,5228484
1344,2012-05-06,president_b,FRK,Auvergne-Rhône-Alpes,1,issued_ballots,4301985
1345,2012-05-06,president_b,FRK,Auvergne-Rhône-Alpes,2,Hollande,2012238
1346,2012-05-06,president_b,FRK,Auvergne-Rhône-Alpes,2,Sarkozy,2035575
1347,2012-05-06,president_b,FRL,Provence-Alpes-Côte d’Azur,0,eligible_voters,3436386
1348,2012-05-06,president_b,FRL,Provence-Alpes-Côte d’Azur,1,issued_ballots,2791154
1349,2012-05-06,president_b,FRL,Provence-Alpes-Côte d’Azur,2,Hollande,1117419
1350,2012-05-06,president_b,FRL,Provence-Alpes-Côte d’Azur,2,Sarkozy,1519320
1351,2012-05-06,president_b,FRM,Corse,0,eligible_voters,220315
1352,2012-05-06,president_b,FRM,Corse,1,issued_ballots,168169
1353,2012-05-06,president_b,FRM,Corse,2,Hollande,70148
1354,2012-05-06,president_b,FRM,Corse,2,Sarkozy,88800
1355,2012-05-06,president_b,FRY,RUP FR — Régions Ultrapériphériques Françaises,0,eligible_voters,1356555
1356,2012-05-06,president_b,FRY,RUP FR — Régions Ultrapériphériques Françaises,1,issued_ballots,881934
1357,2012-05-06,president_b,FRY,RUP FR — Régions Ultrapériphériques Françaises,2,Hollande,573050
1358,2012-05-06,president_b,FRY,RUP FR — Régions Ultrapériphériques Françaises,2,Sarkozy,256367
1359,2014-05-24,european,FR1,Ile-de-France,0,eligible_voters,7023429
1360,2014-05-24,european,FR1,Ile-de-France,1,issued_ballots,3034844
1361,2014-05-24,european,FR1,Ile-de-France,2,LDIV,201781
1362,2014-05-24,european,FR1,Ile-de-France,2,LDVD,210782
1363,2014-05-24,european,FR1,Ile-de-France,2,LDVG,90536
1364,2014-05-24,european,FR1,Ile-de-France,2,LEXG,50429
1365,2014-05-24,european,FR1,Ile-de-France,2,LFG,193249
1366,2014-05-24,european,FR1,Ile-de-France,2,LFN,510805
1367,2014-05-24,european,FR1,Ile-de-France,2,LUC,349529
1368,2014-05-24,european,FR1,Ile-de-France,2,LUG,422542
1369,2014-05-24,european,FR1,Ile-de-France,2,LUMP,641523
1370,2014-05-24,european,FR1,Ile-de-France,2,LVEC,279808
1371,2014-05-24,european,FRB,Centre — Val de Loire,0,eligible_voters,1815109
1372,2014-05-24,european,FRB,Centre — Val de Loire,1,issued_ballots,814709
1373,2014-05-24,european,FRB,Centre — Val de Loire,2,LDIV,38854
1374,2014-05-24,european,FRB,Centre — Val de Loire,2,LDVD,48079
1375,2014-05-24,european,FRB,Centre — Val de Loire,2,LDVG,21709
1376,2014-05-24,european,FRB,Centre — Val de Loire,2,LEXG,11464
1377,2014-05-24,european,FRB,Centre — Val de Loire,2,LFG,49306
1378,2014-05-24,european,FRB,Centre — Val de Loire,2,LFN,205935
1379,2014-05-24,european,FRB,Centre — Val de Loire,2,LUC,83319
1380,2014-05-24,european,FRB,Centre — Val de Loire,2,LUG,99548
1381,2014-05-24,european,FRB,Centre — Val de Loire,2,LUMP,164197
1382,2014-05-24,european,FRB,Centre — Val de Loire,2,LVEC,54237
1383,2014-05-24,european,FRC,Bourgogne-Franche-Comté,0,eligible_voters,2003249
1384,2014-05-24,european,FRC,Bourgogne-Franche-Comté,1,issued_ballots,912412
1385,2014-05-24,european,FRC,Bourgogne-Franche-Comté,2,LDIV,34884
1386,2014-05-24,european,FRC,Bourgogne-Franche-Comté,2,LDVD,53110
1387,2014-05-24,european,FRC,Bourgogne-Franche-Comté,2,LDVG,24285
1388,2014-05-24,european,FRC,Bourgogne-Franche-Comté,2,LEXG,15607
1389,2014-05-24,european,FRC,Bourgogne-Franche-Comté,2,LFG,54422
1390,2014-05-24,european,FRC,Bourgogne-Franche-Comté,2,LFN,241684
1391,2014-05-24,european,FRC,Bourgogne-Franche-Comté,2,LUC,68437
1392,2014-05-24,european,FRC,Bourgogne-Franche-Comté,2,LUG,123195
1393,2014-05-24,european,FRC,Bourgogne-Franche-Comté,2,LUMP,198479
1394,2014-05-24,european,FRC,Bourgogne-Franche-Comté,2,LVEC,54508
1395,2014-05-24,european,FRD,Normandie,0,eligible_voters,2381052
1396,2014-05-24,european,FRD,Normandie,1,issued_ballots,1058248
1397,2014-05-24,european,FRD,Normandie,2,LDIV,24399
1398,2014-05-24,european,FRD,Normandie,2,LDVD,63865
1399,2014-05-24,european,FRD,Normandie,2,LDVG,30194
1400,2014-05-24,european,FRD,Normandie,2,LEXG,21643
1401,2014-05-24,european,FRD,Normandie,2,LFG,59396
1402,2014-05-24,european,FRD,Normandie,2,LFN,295824
1403,2014-05-24,european,FRD,Normandie,2,LUC,94093
1404,2014-05-24,european,FRD,Normandie,2,LUG,129160
1405,2014-05-24,european,FRD,Normandie,2,LUMP,212445
1406,2014-05-24,european,FRD,Normandie,2,LVEC,81939
1407,2014-05-24,european,FRE,Hauts-de-France,0,eligible_voters,4221218
1408,2014-05-24,european,FRE,Hauts-de-France,1,issued_ballots,1779421
1409,2014-05-24,european,FRE,Hauts-de-France,2,LDIV,36165
1410,2014-05-24,european,FRE,Hauts-de-France,2,LDVD,101932
1411,2014-05-24,european,FRE,Hauts-de-France,2,LDVG,35448
1412,2014-05-24,european,FRE,Hauts-de-France,2,LEXG,37850
1413,2014-05-24,european,FRE,Hauts-de-France,2,LFG,114135
1414,2014-05-24,european,FRE,Hauts-de-France,2,LFN,618398
1415,2014-05-24,european,FRE,Hauts-de-France,2,LUC,161015
1416,2014-05-24,european,FRE,Hauts-de-France,2,LUG,191090
1417,2014-05-24,european,FRE,Hauts-de-France,2,LUMP,297494
1418,2014-05-24,european,FRE,Hauts-de-France,2,LVEC,112656
1419,2014-05-24,european,FRF,Grand Est,0,eligible_voters,3879147
1420,2014-05-24,european,FRF,Grand Est,1,issued_ballots,1625927
1421,2014-05-24,european,FRF,Grand Est,2,LDIV,63436
1422,2014-05-24,european,FRF,Grand Est,2,LDVD,92880
1423,2014-05-24,european,FRF,Grand Est,2,LDVG,35055
1424,2014-05-24,european,FRF,Grand Est,2,LEXG,25719
1425,2014-05-24,european,FRF,Grand Est,2,LFG,72847
1426,2014-05-24,european,FRF,Grand Est,2,LFN,462125
1427,2014-05-24,european,FRF,Grand Est,2,LUC,154843
1428,2014-05-24,european,FRF,Grand Est,2,LUG,198368
1429,2014-05-24,european,FRF,Grand Est,2,LUMP,353330
1430,2014-05-24,european,FRF,Grand Est,2,LVEC,101186
1431,2014-05-24,european,FRG,Pays de la Loire,0,eligible_voters,2635090
1432,2014-05-24,european,FRG,Pays de la Loire,1,issued_ballots,1179676
1433,2014-05-24,european,FRG,Pays de la Loire,2,LDIV,35566
1434,2014-05-24,european,FRG,Pays de la Loire,2,LDVD,81525
1435,2014-05-24,european,FRG,Pays de la Loire,2,LDVG,40829
1436,2014-05-24,european,FRG,Pays de la Loire,2,LEXG,19453
1437,2014-05-24,european,FRG,Pays de la Loire,2,LFG,53786
1438,2014-05-24,european,FRG,Pays de la Loire,2,LFN,218821
1439,2014-05-24,european,FRG,Pays de la Loire,2,LUC,160134
1440,2014-05-24,european,FRG,Pays de la Loire,2,LUG,167904
1441,2014-05-24,european,FRG,Pays de la Loire,2,LUMP,224437
1442,2014-05-24,european,FRG,Pays de la Loire,2,LVEC,120122
1443,2014-05-24,european,FRH,Bretagne,0,eligible_voters,2401603
1444,2014-05-24,european,FRH,Bretagne,1,issued_ballots,1098848
1445,2014-05-24,european,FRH,Bretagne,2,LDIV,116766
1446,2014-05-24,european,FRH,Bretagne,2,LDVD,57062
1447,2014-05-24,european,FRH,Bretagne,2,LDVG,36072
1448,2014-05-24,european,FRH,Bretagne,2,LEXG,17117
1449,2014-05-24,european,FRH,Bretagne,2,LFG,53023
1450,2014-05-24,european,FRH,Bretagne,2,LFN,180438
1451,2014-05-24,european,FRH,Bretagne,2,LUC,122401
1452,2014-05-24,european,FRH,Bretagne,2,LUG,169560
1453,2014-05-24,european,FRH,Bretagne,2,LUMP,194382
1454,2014-05-24,european,FRH,Bretagne,2,LVEC,108802
1455,2014-05-24,european,FRI,Nouvelle-Aquitaine,0,eligible_voters,4252861
1456,2014-05-24,european,FRI,Nouvelle-Aquitaine,1,issued_ballots,1968469
1457,2014-05-24,european,FRI,Nouvelle-Aquitaine,2,LDIV,57034
1458,2014-05-24,european,FRI,Nouvelle-Aquitaine,2,LDVD,102077
1459,2014-05-24,european,FRI,Nouvelle-Aquitaine,2,LDVG,62042
1460,2014-05-24,european,FRI,Nouvelle-Aquitaine,2,LEXD,404
1461,2014-05-24,european,FRI,Nouvelle-Aquitaine,2,LEXG,29679
1462,2014-05-24,european,FRI,Nouvelle-Aquitaine,2,LFG,143144
1463,2014-05-24,european,FRI,Nouvelle-Aquitaine,2,LFN,407780
1464,2014-05-24,european,FRI,Nouvelle-Aquitaine,2,LUC,183117
1465,2014-05-24,european,FRI,Nouvelle-Aquitaine,2,LUG,323670
1466,2014-05-24,european,FRI,Nouvelle-Aquitaine,2,LUMP,376689
1467,2014-05-24,european,FRI,Nouvelle-Aquitaine,2,LVEC,184107
1468,2014-05-24,european,FRJ,Occitanie,0,eligible_voters,4096657
1469,2014-05-24,european,FRJ,Occitanie,1,issued_ballots,1964246
1470,2014-05-24,european,FRJ,Occitanie,2,LDIV,53168
1471,2014-05-24,european,FRJ,Occitanie,2,LDVD,88567
1472,2014-05-24,european,FRJ,Occitanie,2,LDVG,53374
1473,2014-05-24,european,FRJ,Occitanie,2,LEXD,933
1474,2014-05-24,european,FRJ,Occitanie,2,LEXG,24880
1475,2014-05-24,european,FRJ,Occitanie,2,LFG,167401
1476,2014-05-24,european,FRJ,Occitanie,2,LFN,500318
1477,2014-05-24,european,FRJ,Occitanie,2,LUC,141672
1478,2014-05-24,european,FRJ,Occitanie,2,LUG,291132
1479,2014-05-24,european,FRJ,Occitanie,2,LUMP,334923
1480,2014-05-24,european,FRJ,Occitanie,2,LVEC,222632
1481,2014-05-24,european,FRK,Auvergne-Rhône-Alpes,0,eligible_voters,5271679
1482,2014-05-24,european,FRK,Auvergne-Rhône-Alpes,1,issued_ballots,2300144
1483,2014-05-24,european,FRK,Auvergne-Rhône-Alpes,2,LDIV,78216
1484,2014-05-24,european,FRK,Auvergne-Rhône-Alpes,2,LDVD,140049
1485,2014-05-24,european,FRK,Auvergne-Rhône-Alpes,2,LDVG,79403
1486,2014-05-24,european,FRK,Auvergne-Rhône-Alpes,2,LEXG,24351
1487,2014-05-24,european,FRK,Auvergne-Rhône-Alpes,2,LFG,135917
1488,2014-05-24,european,FRK,Auvergne-Rhône-Alpes,2,LFN,526663
1489,2014-05-24,european,FRK,Auvergne-Rhône-Alpes,2,LUC,219570
1490,2014-05-24,european,FRK,Auvergne-Rhône-Alpes,2,LUG,302017
1491,2014-05-24,european,FRK,Auvergne-Rhône-Alpes,2,LUMP,481775
1492,2014-05-24,european,FRK,Auvergne-Rhône-Alpes,2,LVEC,223476
1493,2014-05-24,european,FRL,Provence-Alpes-Côte d’Azur,0,eligible_voters,3487396
1494,2014-05-24,european,FRL,Provence-Alpes-Côte d’Azur,1,issued_ballots,1508812
1495,2014-05-24,european,FRL,Provence-Alpes-Côte d’Azur,2,LDIV,48603
1496,2014-05-24,european,FRL,Provence-Alpes-Côte d’Azur,2,LDVD,75250
1497,2014-05-24,european,FRL,Provence-Alpes-Côte d’Azur,2,LDVG,36929
1498,2014-05-24,european,FRL,Provence-Alpes-Côte d’Azur,2,LEXG,11951
1499,2014-05-24,european,FRL,Provence-Alpes-Côte d’Azur,2,LFG,94010
1500,2014-05-24,european,FRL,Provence-Alpes-Côte d’Azur,2,LFN,485510
1501,2014-05-24,european,FRL,Provence-Alpes-Côte d’Azur,2,LUC,101583
1502,2014-05-24,european,FRL,Provence-Alpes-Côte d’Azur,2,LUG,154293
1503,2014-05-24,european,FRL,Provence-Alpes-Côte d’Azur,2,LUMP,340465
1504,2014-05-24,european,FRL,Provence-Alpes-Côte d’Azur,2,LVEC,113343
1505,2014-05-24,european,FRM,Corse,0,eligible_voters,229843
1506,2014-05-24,european,FRM,Corse,1,issued_ballots,81631
1507,2014-05-24,european,FRM,Corse,2,LDIV,17567
1508,2014-05-24,european,FRM,Corse,2,LDVD,2785
1509,2014-05-24,european,FRM,Corse,2,LDVG,1026
1510,2014-05-24,european,FRM,Corse,2,LEXG,299
1511,2014-05-24,european,FRM,Corse,2,LFG,4792
1512,2014-05-24,european,FRM,Corse,2,LFN,18631
1513,2014-05-24,european,FRM,Corse,2,LUC,2809
1514,2014-05-24,european,FRM,Corse,2,LUG,7528
1515,2014-05-24,european,FRM,Corse,2,LUMP,21044
1516,2014-05-24,european,FRM,Corse,2,LVEC,3501
1517,2014-05-24,european,FRY,RUP FR — Régions Ultrapériphériques Françaises,0,eligible_voters,1395632
1518,2014-05-24,european,FRY,RUP FR — Régions Ultrapériphériques Françaises,1,issued_ballots,221504
1519,2014-05-24,european,FRY,RUP FR — Régions Ultrapériphériques Françaises,2,LDIV,11247
1520,2014-05-24,european,FRY,RUP FR — Régions Ultrapériphériques Françaises,2,LDVD,5244
1521,2014-05-24,european,FRY,RUP FR — Régions Ultrapériphériques Françaises,2,LDVG,44456
1522,2014-05-24,european,FRY,RUP FR — Régions Ultrapériphériques Françaises,2,LEXG,8708
1523,2014-05-24,european,FRY,RUP FR — Régions Ultrapériphériques Françaises,2,LFN,21548
1524,2014-05-24,european,FRY,RUP FR — Régions Ultrapériphériques Françaises,2,LUC,14796
1525,2014-05-24,european,FRY,RUP FR — Régions Ultrapériphériques Françaises,2,LUG,34575
1526,2014-05-24,european,FRY,RUP FR — Régions Ultrapériphériques Françaises,2,LUMP,48297
1527,2014-05-24,european,FRY,RUP FR — Régions Ultrapériphériques Françaises,2,LVEC,17350
1528,2017-04-23,president_a,FR1,Ile-de-France,0,eligible_voters,7199231
1529,2017-04-23,president_a,FR1,Ile-de-France,1,issued_ballots,5751509
1530,2017-04-23,president_a,FR1,Ile-de-France,2,Arthaud,23582
1531,2017-04-23,president_a,FR1,Ile-de-France,2,Asselineau,64391
1532,2017-04-23,president_a,FR1,Ile-de-France,2,Cheminade,9795
1533,2017-04-23,president_a,FR1,Ile-de-France,2,Dupont-Aignan,226203
1534,2017-04-23,president_a,FR1,Ile-de-France,2,Fillon,1249586
1535,2017-04-23,president_a,FR1,Ile-de-France,2,Hamon,430324
1536,2017-04-23,president_a,FR1,Ile-de-France,2,Lassalle,36350
1537,2017-04-23,president_a,FR1,Ile-de-France,2,LePen,708026
1538,2017-04-23,president_a,FR1,Ile-de-France,2,Macron,1612516
1539,2017-04-23,president_a,FR1,Ile-de-France,2,Mélenchon,1224978
1540,2017-04-23,president_a,FR1,Ile-de-France,2,Poutou,45705
1541,2017-04-23,president_a,FRB,Centre — Val de Loire,0,eligible_voters,1827657
1542,2017-04-23,president_a,FRB,Centre — Val de Loire,1,issued_ballots,1466892
1543,2017-04-23,president_a,FRB,Centre — Val de Loire,2,Arthaud,11365
1544,2017-04-23,president_a,FRB,Centre — Val de Loire,2,Asselineau,12075
1545,2017-04-23,president_a,FRB,Centre — Val de Loire,2,Cheminade,2882
1546,2017-04-23,president_a,FRB,Centre — Val de Loire,2,Dupont-Aignan,82060
1547,2017-04-23,president_a,FRB,Centre — Val de Loire,2,Fillon,300325
1548,2017-04-23,president_a,FRB,Centre — Val de Loire,2,Hamon,83552
1549,2017-04-23,president_a,FRB,Centre — Val de Loire,2,Lassalle,13570
1550,2017-04-23,president_a,FRB,Centre — Val de Loire,2,LePen,329470
1551,2017-04-23,president_a,FRB,Centre — Val de Loire,2,Macron,323725
1552,2017-04-23,president_a,FRB,Centre — Val de Loire,2,Mélenchon,252308
1553,2017-04-23,president_a,FRB,Centre — Val de Loire,2,Poutou,16282
1554,2017-04-23,president_a,FRC,Bourgogne-Franche-Comté,0,eligible_voters,2001656
1555,2017-04-23,president_a,FRC,Bourgogne-Franche-Comté,1,issued_ballots,1588659
1556,2017-04-23,president_a,FRC,Bourgogne-Franche-Comté,2,Arthaud,11496
1557,2017-04-23,president_a,FRC,Bourgogne-Franche-Comté,2,Asselineau,14332
1558,2017-04-23,president_a,FRC,Bourgogne-Franche-Comté,2,Cheminade,2843
1559,2017-04-23,president_a,FRC,Bourgogne-Franche-Comté,2,Dupont-Aignan,87267
1560,2017-04-23,president_a,FRC,Bourgogne-Franche-Comté,2,Fillon,304391
1561,2017-04-23,president_a,FRC,Bourgogne-Franche-Comté,2,Hamon,87386
1562,2017-04-23,president_a,FRC,Bourgogne-Franche-Comté,2,Lassalle,15847
1563,2017-04-23,president_a,FRC,Bourgogne-Franche-Comté,2,LePen,387662
1564,2017-04-23,president_a,FRC,Bourgogne-Franche-Comté,2,Macron,338191
1565,2017-04-23,president_a,FRC,Bourgogne-Franche-Comté,2,Mélenchon,276958
1566,2017-04-23,president_a,FRC,Bourgogne-Franche-Comté,2,Poutou,18533
1567,2017-04-23,president_a,FRD,Normandie,0,eligible_voters,2398182
1568,2017-04-23,president_a,FRD,Normandie,1,issued_ballots,1939818
1569,2017-04-23,president_a,FRD,Normandie,2,Arthaud,15194
1570,2017-04-23,president_a,FRD,Normandie,2,Asselineau,14301
1571,2017-04-23,president_a,FRD,Normandie,2,Cheminade,3544
1572,2017-04-23,president_a,FRD,Normandie,2,Dupont-Aignan,98907
1573,2017-04-23,president_a,FRD,Normandie,2,Fillon,370105
1574,2017-04-23,president_a,FRD,Normandie,2,Hamon,113705
1575,2017-04-23,president_a,FRD,Normandie,2,Lassalle,13896
1576,2017-04-23,president_a,FRD,Normandie,2,LePen,452586
1577,2017-04-23,president_a,FRD,Normandie,2,Macron,422960
1578,2017-04-23,president_a,FRD,Normandie,2,Mélenchon,362426
1579,2017-04-23,president_a,FRD,Normandie,2,Poutou,23804
1580,2017-04-23,president_a,FRE,Hauts-de-France,0,eligible_voters,4241887
1581,2017-04-23,president_a,FRE,Hauts-de-France,1,issued_ballots,3316694
1582,2017-04-23,president_a,FRE,Hauts-de-France,2,Arthaud,29193
1583,2017-04-23,president_a,FRE,Hauts-de-France,2,Asselineau,26043
1584,2017-04-23,president_a,FRE,Hauts-de-France,2,Cheminade,5688
1585,2017-04-23,president_a,FRE,Hauts-de-France,2,Dupont-Aignan,160721
1586,2017-04-23,president_a,FRE,Hauts-de-France,2,Fillon,521373
1587,2017-04-23,president_a,FRE,Hauts-de-France,2,Hamon,166630
1588,2017-04-23,president_a,FRE,Hauts-de-France,2,Lassalle,22410
1589,2017-04-23,president_a,FRE,Hauts-de-France,2,LePen,1003216
1590,2017-04-23,president_a,FRE,Hauts-de-France,2,Macron,630285
1591,2017-04-23,president_a,FRE,Hauts-de-France,2,Mélenchon,633313
1592,2017-04-23,president_a,FRE,Hauts-de-France,2,Poutou,33652
1593,2017-04-23,president_a,FRF,Grand Est,0,eligible_voters,3873402
1594,2017-04-23,president_a,FRF,Grand Est,1,issued_ballots,3047571
1595,2017-04-23,president_a,FRF,Grand Est,2,Arthaud,24272
1596,2017-04-23,president_a,FRF,Grand Est,2,Asselineau,30223
1597,2017-04-23,president_a,FRF,Grand Est,2,Cheminade,6078
1598,2017-04-23,president_a,FRF,Grand Est,2,Dupont-Aignan,182200
1599,2017-04-23,president_a,FRF,Grand Est,2,Fillon,586390
1600,2017-04-23,president_a,FRF,Grand Est,2,Hamon,151296
1601,2017-04-23,president_a,FRF,Grand Est,2,Lassalle,30508
1602,2017-04-23,president_a,FRF,Grand Est,2,LePen,825604
1603,2017-04-23,president_a,FRF,Grand Est,2,Macron,615776
1604,2017-04-23,president_a,FRF,Grand Est,2,Mélenchon,484810
1605,2017-04-23,president_a,FRF,Grand Est,2,Poutou,34468
1606,2017-04-23,president_a,FRG,Pays de la Loire,0,eligible_voters,2705170
1607,2017-04-23,president_a,FRG,Pays de la Loire,1,issued_ballots,2252699
1608,2017-04-23,president_a,FRG,Pays de la Loire,2,Arthaud,16018
1609,2017-04-23,president_a,FRG,Pays de la Loire,2,Asselineau,15529
1610,2017-04-23,president_a,FRG,Pays de la Loire,2,Cheminade,3731
1611,2017-04-23,president_a,FRG,Pays de la Loire,2,Dupont-Aignan,109842
1612,2017-04-23,president_a,FRG,Pays de la Loire,2,Fillon,516428
1613,2017-04-23,president_a,FRG,Pays de la Loire,2,Hamon,143491
1614,2017-04-23,president_a,FRG,Pays de la Loire,2,Lassalle,16988
1615,2017-04-23,president_a,FRG,Pays de la Loire,2,LePen,364267
1616,2017-04-23,president_a,FRG,Pays de la Loire,2,Macron,575832
1617,2017-04-23,president_a,FRG,Pays de la Loire,2,Mélenchon,403455
1618,2017-04-23,president_a,FRG,Pays de la Loire,2,Poutou,26340
1619,2017-04-23,president_a,FRH,Bretagne,0,eligible_voters,2453683
1620,2017-04-23,president_a,FRH,Bretagne,1,issued_ballots,2048612
1621,2017-04-23,president_a,FRH,Bretagne,2,Arthaud,14296
1622,2017-04-23,president_a,FRH,Bretagne,2,Asselineau,13419
1623,2017-04-23,president_a,FRH,Bretagne,2,Cheminade,3400
1624,2017-04-23,president_a,FRH,Bretagne,2,Dupont-Aignan,87928
1625,2017-04-23,president_a,FRH,Bretagne,2,Fillon,380815
1626,2017-04-23,president_a,FRH,Bretagne,2,Hamon,180827
1627,2017-04-23,president_a,FRH,Bretagne,2,Lassalle,19097
1628,2017-04-23,president_a,FRH,Bretagne,2,LePen,306644
1629,2017-04-23,president_a,FRH,Bretagne,2,Macron,581076
1630,2017-04-23,president_a,FRH,Bretagne,2,Mélenchon,385736
1631,2017-04-23,president_a,FRH,Bretagne,2,Poutou,27092
1632,2017-04-23,president_a,FRI,Nouvelle-Aquitaine,0,eligible_voters,4329942
1633,2017-04-23,president_a,FRI,Nouvelle-Aquitaine,1,issued_ballots,3483794
1634,2017-04-23,president_a,FRI,Nouvelle-Aquitaine,2,Arthaud,21439
1635,2017-04-23,president_a,FRI,Nouvelle-Aquitaine,2,Asselineau,26664
1636,2017-04-23,president_a,FRI,Nouvelle-Aquitaine,2,Cheminade,6262
1637,2017-04-23,president_a,FRI,Nouvelle-Aquitaine,2,Dupont-Aignan,155581
1638,2017-04-23,president_a,FRI,Nouvelle-Aquitaine,2,Fillon,602830
1639,2017-04-23,president_a,FRI,Nouvelle-Aquitaine,2,Hamon,240157
1640,2017-04-23,president_a,FRI,Nouvelle-Aquitaine,2,Lassalle,91904
1641,2017-04-23,president_a,FRI,Nouvelle-Aquitaine,2,LePen,640148
1642,2017-04-23,president_a,FRI,Nouvelle-Aquitaine,2,Macron,851304
1643,2017-04-23,president_a,FRI,Nouvelle-Aquitaine,2,Mélenchon,703439
1644,2017-04-23,president_a,FRI,Nouvelle-Aquitaine,2,Poutou,49646
1645,2017-04-23,president_a,FRJ,Occitanie,0,eligible_voters,4194294
1646,2017-04-23,president_a,FRJ,Occitanie,1,issued_ballots,3399827
1647,2017-04-23,president_a,FRJ,Occitanie,2,Arthaud,16776
1648,2017-04-23,president_a,FRJ,Occitanie,2,Asselineau,28603
1649,2017-04-23,president_a,FRJ,Occitanie,2,Cheminade,5524
1650,2017-04-23,president_a,FRJ,Occitanie,2,Dupont-Aignan,135403
1651,2017-04-23,president_a,FRJ,Occitanie,2,Fillon,566036
1652,2017-04-23,president_a,FRJ,Occitanie,2,Hamon,216349
1653,2017-04-23,president_a,FRJ,Occitanie,2,Lassalle,75482
1654,2017-04-23,president_a,FRJ,Occitanie,2,LePen,762087
1655,2017-04-23,president_a,FRJ,Occitanie,2,Macron,740031
1656,2017-04-23,president_a,FRJ,Occitanie,2,Mélenchon,734193
1657,2017-04-23,president_a,FRJ,Occitanie,2,Poutou,35216
1658,2017-04-23,president_a,FRK,Auvergne-Rhône-Alpes,0,eligible_voters,5416712
1659,2017-04-23,president_a,FRK,Auvergne-Rhône-Alpes,1,issued_ballots,4297161
1660,2017-04-23,president_a,FRK,Auvergne-Rhône-Alpes,2,Arthaud,24656
1661,2017-04-23,president_a,FRK,Auvergne-Rhône-Alpes,2,Asselineau,41336
1662,2017-04-23,president_a,FRK,Auvergne-Rhône-Alpes,2,Cheminade,7597
1663,2017-04-23,president_a,FRK,Auvergne-Rhône-Alpes,2,Dupont-Aignan,215883
1664,2017-04-23,president_a,FRK,Auvergne-Rhône-Alpes,2,Fillon,845905
1665,2017-04-23,president_a,FRK,Auvergne-Rhône-Alpes,2,Hamon,256532
1666,2017-04-23,president_a,FRK,Auvergne-Rhône-Alpes,2,Lassalle,53247
1667,2017-04-23,president_a,FRK,Auvergne-Rhône-Alpes,2,LePen,867591
1668,2017-04-23,president_a,FRK,Auvergne-Rhône-Alpes,2,Macron,1025872
1669,2017-04-23,president_a,FRK,Auvergne-Rhône-Alpes,2,Mélenchon,805588
1670,2017-04-23,president_a,FRK,Auvergne-Rhône-Alpes,2,Poutou,43509
1671,2017-04-23,president_a,FRL,Provence-Alpes-Côte d’Azur,0,eligible_voters,3567740
1672,2017-04-23,president_a,FRL,Provence-Alpes-Côte d’Azur,1,issued_ballots,2810838
1673,2017-04-23,president_a,FRL,Provence-Alpes-Côte d’Azur,2,Arthaud,10437
1674,2017-04-23,president_a,FRL,Provence-Alpes-Côte d’Azur,2,Asselineau,25950
1675,2017-04-23,president_a,FRL,Provence-Alpes-Côte d’Azur,2,Cheminade,4569
1676,2017-04-23,president_a,FRL,Provence-Alpes-Côte d’Azur,2,Dupont-Aignan,119050
1677,2017-04-23,president_a,FRL,Provence-Alpes-Côte d’Azur,2,Fillon,615524
1678,2017-04-23,president_a,FRL,Provence-Alpes-Côte d’Azur,2,Hamon,113365
1679,2017-04-23,president_a,FRL,Provence-Alpes-Côte d’Azur,2,Lassalle,29554
1680,2017-04-23,president_a,FRL,Provence-Alpes-Côte d’Azur,2,LePen,774781
1681,2017-04-23,president_a,FRL,Provence-Alpes-Côte d’Azur,2,Macron,520978
1682,2017-04-23,president_a,FRL,Provence-Alpes-Côte d’Azur,2,Mélenchon,515415
1683,2017-04-23,president_a,FRL,Provence-Alpes-Côte d’Azur,2,Poutou,21314
1684,2017-04-23,president_a,FRM,Corse,0,eligible_voters,233656
1685,2017-04-23,president_a,FRM,Corse,1,issued_ballots,158991
1686,2017-04-23,president_a,FRM,Corse,2,Arthaud,495
1687,2017-04-23,president_a,FRM,Corse,2,Asselineau,965
1688,2017-04-23,president_a,FRM,Corse,2,Cheminade,253
1689,2017-04-23,president_a,FRM,Corse,2,Dupont-Aignan,4462
1690,2017-04-23,president_a,FRM,Corse,2,Fillon,39453
1691,2017-04-23,president_a,FRM,Corse,2,Hamon,5780
1692,2017-04-23,president_a,FRM,Corse,2,Lassalle,8711
1693,2017-04-23,president_a,FRM,Corse,2,LePen,43041
1694,2017-04-23,president_a,FRM,Corse,2,Macron,28528
1695,2017-04-23,president_a,FRM,Corse,2,Mélenchon,21314
1696,2017-04-23,president_a,FRM,Corse,2,Poutou,1374
1697,2017-04-23,president_a,FRY,RUP FR — Régions Ultrapériphériques Françaises,0,eligible_voters,1468005
1698,2017-04-23,president_a,FRY,RUP FR — Régions Ultrapériphériques Françaises,1,issued_ballots,702155
1699,2017-04-23,president_a,FRY,RUP FR — Régions Ultrapériphériques Françaises,2,Arthaud,10246
1700,2017-04-23,president_a,FRY,RUP FR — Régions Ultrapériphériques Françaises,2,Asselineau,9748
1701,2017-04-23,president_a,FRY,RUP FR — Régions Ultrapériphériques Françaises,2,Cheminade,1922
1702,2017-04-23,president_a,FRY,RUP FR — Régions Ultrapériphériques Françaises,2,Dupont-Aignan,16210
1703,2017-04-23,president_a,FRY,RUP FR — Régions Ultrapériphériques Françaises,2,Fillon,112474
1704,2017-04-23,president_a,FRY,RUP FR — Régions Ultrapériphériques Françaises,2,Hamon,51908
1705,2017-04-23,president_a,FRY,RUP FR — Régions Ultrapériphériques Françaises,2,Lassalle,3982
1706,2017-04-23,president_a,FRY,RUP FR — Régions Ultrapériphériques Françaises,2,LePen,126690
1707,2017-04-23,president_a,FRY,RUP FR — Régions Ultrapériphériques Françaises,2,Macron,141082
1708,2017-04-23,president_a,FRY,RUP FR — Régions Ultrapériphériques Françaises,2,Mélenchon,153546
1709,2017-04-23,president_a,FRY,RUP FR — Régions Ultrapériphériques Françaises,2,Poutou,12012
1710,2017-05-07,president_b,FR1,Ile-de-France,0,eligible_voters,7194953
1711,2017-05-07,president_b,FR1,Ile-de-France,1,issued_ballots,5374712
1712,2017-05-07,president_b,FR1,Ile-de-France,2,LePen,1033686
1713,2017-05-07,president_b,FR1,Ile-de-France,2,Macron,3825279
1714,2017-05-07,president_b,FRB,Centre — Val de Loire,0,eligible_voters,1827599
1715,2017-05-07,president_b,FRB,Centre — Val de Loire,1,issued_ballots,1401729
1716,2017-05-07,president_b,FRB,Centre — Val de Loire,2,LePen,450750
1717,2017-05-07,president_b,FRB,Centre — Val de Loire,2,Macron,777973
1718,2017-05-07,president_b,FRC,Bourgogne-Franche-Comté,0,eligible_voters,2001305
1719,2017-05-07,president_b,FRC,Bourgogne-Franche-Comté,1,issued_ballots,1548103
1720,2017-05-07,president_b,FRC,Bourgogne-Franche-Comté,2,LePen,532935
1721,2017-05-07,president_b,FRC,Bourgogne-Franche-Comté,2,Macron,815709
1722,2017-05-07,president_b,FRD,Normandie,0,eligible_voters,2397069
1723,2017-05-07,president_b,FRD,Normandie,1,issued_ballots,1850300
1724,2017-05-07,president_b,FRD,Normandie,2,LePen,621472
1725,2017-05-07,president_b,FRD,Normandie,2,Macron,1012062
1726,2017-05-07,president_b,FRE,Hauts-de-France,0,eligible_voters,4241543
1727,2017-05-07,president_b,FRE,Hauts-de-France,1,issued_ballots,3181359
1728,2017-05-07,president_b,FRE,Hauts-de-France,2,LePen,1331169
1729,2017-05-07,president_b,FRE,Hauts-de-France,2,Macron,1497401
1730,2017-05-07,president_b,FRF,Grand Est,0,eligible_voters,3873152
1731,2017-05-07,president_b,FRF,Grand Est,1,issued_ballots,2916968
1732,2017-05-07,president_b,FRF,Grand Est,2,LePen,1089356
1733,2017-05-07,president_b,FRF,Grand Est,2,Macron,1500652
1734,2017-05-07,president_b,FRG,Pays de la Loire,0,eligible_voters,2705034
1735,2017-05-07,president_b,FRG,Pays de la Loire,1,issued_ballots,2124844
1736,2017-05-07,president_b,FRG,Pays de la Loire,2,LePen,514273
1737,2017-05-07,president_b,FRG,Pays de la Loire,2,Macron,1350276
1738,2017-05-07,president_b,FRH,Bretagne,0,eligible_voters,2453233
1739,2017-05-07,president_b,FRH,Bretagne,1,issued_ballots,1954928
1740,2017-05-07,president_b,FRH,Bretagne,2,LePen,425462
1741,2017-05-07,president_b,FRH,Bretagne,2,Macron,1301226
1742,2017-05-07,president_b,FRI,Nouvelle-Aquitaine,0,eligible_voters,4329082
1743,2017-05-07,president_b,FRI,Nouvelle-Aquitaine,1,issued_ballots,3370241
1744,2017-05-07,president_b,FRI,Nouvelle-Aquitaine,2,LePen,918237
1745,2017-05-07,president_b,FRI,Nouvelle-Aquitaine,2,Macron,2011068
1746,2017-05-07,president_b,FRJ,Occitanie,0,eligible_voters,4193817
1747,2017-05-07,president_b,FRJ,Occitanie,1,issued_ballots,3216862
1748,2017-05-07,president_b,FRJ,Occitanie,2,LePen,1033853
1749,2017-05-07,president_b,FRJ,Occitanie,2,Macron,1759816
1750,2017-05-07,president_b,FRK,Auvergne-Rhône-Alpes,0,eligible_voters,5414461
1751,2017-05-07,president_b,FRK,Auvergne-Rhône-Alpes,1,issued_ballots,4141707
1752,2017-05-07,president_b,FRK,Auvergne-Rhône-Alpes,2,LePen,1200726
1753,2017-05-07,president_b,FRK,Auvergne-Rhône-Alpes,2,Macron,2452191
1754,2017-05-07,president_b,FRL,Provence-Alpes-Côte d’Azur,0,eligible_voters,3565160
1755,2017-05-07,president_b,FRL,Provence-Alpes-Côte d’Azur,1,issued_ballots,2652228
1756,2017-05-07,president_b,FRL,Provence-Alpes-Côte d’Azur,2,LePen,1049116
1757,2017-05-07,president_b,FRL,Provence-Alpes-Côte d’Azur,2,Macron,1306636
1758,2017-05-07,president_b,FRM,Corse,0,eligible_voters,233633
1759,2017-05-07,president_b,FRM,Corse,1,issued_ballots,149482
1760,2017-05-07,president_b,FRM,Corse,2,LePen,62982
1761,2017-05-07,president_b,FRM,Corse,2,Macron,66819
1762,2017-05-07,president_b,FRY,RUP FR — Régions Ultrapériphériques Françaises,0,eligible_voters,1466654
1763,2017-05-07,president_b,FRY,RUP FR — Régions Ultrapériphériques Françaises,1,issued_ballots,799395
1764,2017-05-07,president_b,FRY,RUP FR — Régions Ultrapériphériques Françaises,2,LePen,232413
1765,2017-05-07,president_b,FRY,RUP FR — Régions Ultrapériphériques Françaises,2,Macron,463214
1766,2019-05-26,european,FR1,Ile-de-France,0,eligible_voters,7186574
1767,2019-05-26,european,FR1,Ile-de-France,1,issued_ballots,3636414
1768,2019-05-26,european,FR1,Ile-de-France,2,LCEN,97008
1769,2019-05-26,european,FR1,Ile-de-France,2,LDIV,395955
1770,2019-05-26,european,FR1,Ile-de-France,2,LDLF,101347
1771,2019-05-26,european,FR1,Ile-de-France,2,LFI,218578
1772,2019-05-26,european,FR1,Ile-de-France,2,LGENS,137930
1773,2019-05-26,european,FR1,Ile-de-France,2,LLR,328238
1774,2019-05-26,european,FR1,Ile-de-France,2,LREM,964060
1775,2019-05-26,european,FR1,Ile-de-France,2,LRN,499589
1776,2019-05-26,european,FR1,Ile-de-France,2,LUG,231640
1777,2019-05-26,european,FR1,Ile-de-France,2,LVEC,561968
1778,2019-05-26,european,FRB,Centre — Val de Loire,0,eligible_voters,1809683
1779,2019-05-26,european,FRB,Centre — Val de Loire,1,issued_ballots,953165
1780,2019-05-26,european,FRB,Centre — Val de Loire,2,LCEN,27337
1781,2019-05-26,european,FRB,Centre — Val de Loire,2,LDIV,94963
1782,2019-05-26,european,FRB,Centre — Val de Loire,2,LDLF,40069
1783,2019-05-26,european,FRB,Centre — Val de Loire,2,LFI,50911
1784,2019-05-26,european,FRB,Centre — Val de Loire,2,LGENS,26921
1785,2019-05-26,european,FRB,Centre — Val de Loire,2,LLR,82432
1786,2019-05-26,european,FRB,Centre — Val de Loire,2,LREM,194604
1787,2019-05-26,european,FRB,Centre — Val de Loire,2,LRN,229559
1788,2019-05-26,european,FRB,Centre — Val de Loire,2,LUG,52056
1789,2019-05-26,european,FRB,Centre — Val de Loire,2,LVEC,103640
1790,2019-05-26,european,FRC,Bourgogne-Franche-Comté,0,eligible_voters,1971053
1791,2019-05-26,european,FRC,Bourgogne-Franche-Comté,1,issued_ballots,1045359
1792,2019-05-26,european,FRC,Bourgogne-Franche-Comté,2,LCEN,24772
1793,2019-05-26,european,FRC,Bourgogne-Franche-Comté,2,LDIV,103983
1794,2019-05-26,european,FRC,Bourgogne-Franche-Comté,2,LDLF,42420
1795,2019-05-26,european,FRC,Bourgogne-Franche-Comté,2,LFI,62237
1796,2019-05-26,european,FRC,Bourgogne-Franche-Comté,2,LGENS,29127
1797,2019-05-26,european,FRC,Bourgogne-Franche-Comté,2,LLR,96006
1798,2019-05-26,european,FRC,Bourgogne-Franche-Comté,2,LREM,202576
1799,2019-05-26,european,FRC,Bourgogne-Franche-Comté,2,LRN,260629
1800,2019-05-26,european,FRC,Bourgogne-Franche-Comté,2,LUG,55428
1801,2019-05-26,european,FRC,Bourgogne-Franche-Comté,2,LVEC,115310
1802,2019-05-26,european,FRD,Normandie,0,eligible_voters,2370347
1803,2019-05-26,european,FRD,Normandie,1,issued_ballots,1272560
1804,2019-05-26,european,FRD,Normandie,2,LCEN,31689
1805,2019-05-26,european,FRD,Normandie,2,LDIV,133439
1806,2019-05-26,european,FRD,Normandie,2,LDLF,49948
1807,2019-05-26,european,FRD,Normandie,2,LFI,75665
1808,2019-05-26,european,FRD,Normandie,2,LGENS,40231
1809,2019-05-26,european,FRD,Normandie,2,LLR,95280
1810,2019-05-26,european,FRD,Normandie,2,LREM,253703
1811,2019-05-26,european,FRD,Normandie,2,LRN,322381
1812,2019-05-26,european,FRD,Normandie,2,LUG,71759
1813,2019-05-26,european,FRD,Normandie,2,LVEC,137325
1814,2019-05-26,european,FRE,Hauts-de-France,0,eligible_voters,4209604
1815,2019-05-26,european,FRE,Hauts-de-France,1,issued_ballots,2167637
1816,2019-05-26,european,FRE,Hauts-de-France,2,LCEN,50555
1817,2019-05-26,european,FRE,Hauts-de-France,2,LDIV,228725
1818,2019-05-26,european,FRE,Hauts-de-France,2,LDLF,77627
1819,2019-05-26,european,FRE,Hauts-de-France,2,LFI,145260
1820,2019-05-26,european,FRE,Hauts-de-France,2,LGENS,54404
1821,2019-05-26,european,FRE,Hauts-de-France,2,LLR,134498
1822,2019-05-26,european,FRE,Hauts-de-France,2,LREM,369830
1823,2019-05-26,european,FRE,Hauts-de-France,2,LRN,691371
1824,2019-05-26,european,FRE,Hauts-de-France,2,LUG,96001
1825,2019-05-26,european,FRE,Hauts-de-France,2,LVEC,212491
1826,2019-05-26,european,FRF,Grand Est,0,eligible_voters,3853079
1827,2019-05-26,european,FRF,Grand Est,1,issued_ballots,1949206
1828,2019-05-26,european,FRF,Grand Est,2,LCEN,49596
1829,2019-05-26,european,FRF,Grand Est,2,LDIV,196490
1830,2019-05-26,european,FRF,Grand Est,2,LDLF,88141
1831,2019-05-26,european,FRF,Grand Est,2,LFI,95065
1832,2019-05-26,european,FRF,Grand Est,2,LGENS,46922
1833,2019-05-26,european,FRF,Grand Est,2,LLR,159641
1834,2019-05-26,european,FRF,Grand Est,2,LREM,382886
1835,2019-05-26,european,FRF,Grand Est,2,LRN,524547
1836,2019-05-26,european,FRF,Grand Est,2,LUG,91853
1837,2019-05-26,european,FRF,Grand Est,2,LVEC,222093
1838,2019-05-26,european,FRG,Pays de la Loire,0,eligible_voters,2723185
1839,2019-05-26,european,FRG,Pays de la Loire,1,issued_ballots,1424756
1840,2019-05-26,european,FRG,Pays de la Loire,2,LCEN,43294
1841,2019-05-26,european,FRG,Pays de la Loire,2,LDIV,121338
1842,2019-05-26,european,FRG,Pays de la Loire,2,LDLF,49632
1843,2019-05-26,european,FRG,Pays de la Loire,2,LFI,71373
1844,2019-05-26,european,FRG,Pays de la Loire,2,LGENS,46670
1845,2019-05-26,european,FRG,Pays de la Loire,2,LLR,117138
1846,2019-05-26,european,FRG,Pays de la Loire,2,LREM,337679
1847,2019-05-26,european,FRG,Pays de la Loire,2,LRN,252548
1848,2019-05-26,european,FRG,Pays de la Loire,2,LUG,93308
1849,2019-05-26,european,FRG,Pays de la Loire,2,LVEC,209027
1850,2019-05-26,european,FRH,Bretagne,0,eligible_voters,2455819
1851,2019-05-26,european,FRH,Bretagne,1,issued_ballots,1349854
1852,2019-05-26,european,FRH,Bretagne,2,LCEN,33074
1853,2019-05-26,european,FRH,Bretagne,2,LDIV,119004
1854,2019-05-26,european,FRH,Bretagne,2,LDLF,38751
1855,2019-05-26,european,FRH,Bretagne,2,LFI,71550
1856,2019-05-26,european,FRH,Bretagne,2,LGENS,64930
1857,2019-05-26,european,FRH,Bretagne,2,LLR,100839
1858,2019-05-26,european,FRH,Bretagne,2,LREM,329956
1859,2019-05-26,european,FRH,Bretagne,2,LRN,222914
1860,2019-05-26,european,FRH,Bretagne,2,LUG,97318
1861,2019-05-26,european,FRH,Bretagne,2,LVEC,208545
1862,2019-05-26,european,FRI,Nouvelle-Aquitaine,0,eligible_voters,4325091
1863,2019-05-26,european,FRI,Nouvelle-Aquitaine,1,issued_ballots,2352223
1864,2019-05-26,european,FRI,Nouvelle-Aquitaine,2,LCEN,50761
1865,2019-05-26,european,FRI,Nouvelle-Aquitaine,2,LDIV,235265
1866,2019-05-26,european,FRI,Nouvelle-Aquitaine,2,LDLF,72639
1867,2019-05-26,european,FRI,Nouvelle-Aquitaine,2,LFI,156342
1868,2019-05-26,european,FRI,Nouvelle-Aquitaine,2,LGENS,80801
1869,2019-05-26,european,FRI,Nouvelle-Aquitaine,2,LLR,166505
1870,2019-05-26,european,FRI,Nouvelle-Aquitaine,2,LREM,495592
1871,2019-05-26,european,FRI,Nouvelle-Aquitaine,2,LRN,496762
1872,2019-05-26,european,FRI,Nouvelle-Aquitaine,2,LUG,172774
1873,2019-05-26,european,FRI,Nouvelle-Aquitaine,2,LVEC,295549
1874,2019-05-26,european,FRJ,Occitanie,0,eligible_voters,4182246
1875,2019-05-26,european,FRJ,Occitanie,1,issued_ballots,2298066
1876,2019-05-26,european,FRJ,Occitanie,2,LCEN,40767
1877,2019-05-26,european,FRJ,Occitanie,2,LDIV,230252
1878,2019-05-26,european,FRJ,Occitanie,2,LDLF,69726
1879,2019-05-26,european,FRJ,Occitanie,2,LFI,162093
1880,2019-05-26,european,FRJ,Occitanie,2,LGENS,72757
1881,2019-05-26,european,FRJ,Occitanie,2,LLR,153909
1882,2019-05-26,european,FRJ,Occitanie,2,LREM,439620
1883,2019-05-26,european,FRJ,Occitanie,2,LRN,562721
1884,2019-05-26,european,FRJ,Occitanie,2,LUG,165841
1885,2019-05-26,european,FRJ,Occitanie,2,LVEC,288703
1886,2019-05-26,european,FRK,Auvergne-Rhône-Alpes,0,eligible_voters,5361999
1887,2019-05-26,european,FRK,Auvergne-Rhône-Alpes,1,issued_ballots,2777783
1888,2019-05-26,european,FRK,Auvergne-Rhône-Alpes,2,LCEN,69784
1889,2019-05-26,european,FRK,Auvergne-Rhône-Alpes,2,LDIV,269641
1890,2019-05-26,european,FRK,Auvergne-Rhône-Alpes,2,LDLF,89953
1891,2019-05-26,european,FRK,Auvergne-Rhône-Alpes,2,LFI,153648
1892,2019-05-26,european,FRK,Auvergne-Rhône-Alpes,2,LGENS,82998
1893,2019-05-26,european,FRK,Auvergne-Rhône-Alpes,2,LLR,276400
1894,2019-05-26,european,FRK,Auvergne-Rhône-Alpes,2,LREM,603210
1895,2019-05-26,european,FRK,Auvergne-Rhône-Alpes,2,LRN,559042
1896,2019-05-26,european,FRK,Auvergne-Rhône-Alpes,2,LUG,159678
1897,2019-05-26,european,FRK,Auvergne-Rhône-Alpes,2,LVEC,398677
1898,2019-05-26,european,FRL,Provence-Alpes-Côte d’Azur,0,eligible_voters,3548599
1899,2019-05-26,european,FRL,Provence-Alpes-Côte d’Azur,1,issued_ballots,1771939
1900,2019-05-26,european,FRL,Provence-Alpes-Côte d’Azur,2,LCEN,31332
1901,2019-05-26,european,FRL,Provence-Alpes-Côte d’Azur,2,LDIV,183558
1902,2019-05-26,european,FRL,Provence-Alpes-Côte d’Azur,2,LDLF,60628
1903,2019-05-26,european,FRL,Provence-Alpes-Côte d’Azur,2,LFI,100001
1904,2019-05-26,european,FRL,Provence-Alpes-Côte d’Azur,2,LGENS,36770
1905,2019-05-26,european,FRL,Provence-Alpes-Côte d’Azur,2,LLR,150738
1906,2019-05-26,european,FRL,Provence-Alpes-Côte d’Azur,2,LREM,348437
1907,2019-05-26,european,FRL,Provence-Alpes-Côte d’Azur,2,LRN,521969
1908,2019-05-26,european,FRL,Provence-Alpes-Côte d’Azur,2,LUG,76667
1909,2019-05-26,european,FRL,Provence-Alpes-Côte d’Azur,2,LVEC,200341
1910,2019-05-26,european,FRM,Corse,0,eligible_voters,233336
1911,2019-05-26,european,FRM,Corse,1,issued_ballots,88688
1912,2019-05-26,european,FRM,Corse,2,LCEN,751
1913,2019-05-26,european,FRM,Corse,2,LDIV,10035
1914,2019-05-26,european,FRM,Corse,2,LDLF,1836
1915,2019-05-26,european,FRM,Corse,2,LFI,2707
1916,2019-05-26,european,FRM,Corse,2,LGENS,1188
1917,2019-05-26,european,FRM,Corse,2,LLR,10451
1918,2019-05-26,european,FRM,Corse,2,LREM,12921
1919,2019-05-26,european,FRM,Corse,2,LRN,24063
1920,2019-05-26,european,FRM,Corse,2,LUG,3004
1921,2019-05-26,european,FRM,Corse,2,LVEC,18944
1922,2019-05-26,european,FRY,RUP FR — Régions Ultrapériphériques Françaises,0,eligible_voters,1448436
1923,2019-05-26,european,FRY,RUP FR — Régions Ultrapériphériques Françaises,1,issued_ballots,326012
1924,2019-05-26,european,FRY,RUP FR — Régions Ultrapériphériques Françaises,2,LCEN,5986
1925,2019-05-26,european,FRY,RUP FR — Régions Ultrapériphériques Françaises,2,LDIV,32628
1926,2019-05-26,european,FRY,RUP FR — Régions Ultrapériphériques Françaises,2,LDLF,7115
1927,2019-05-26,european,FRY,RUP FR — Régions Ultrapériphériques Françaises,2,LFI,47934
1928,2019-05-26,european,FRY,RUP FR — Régions Ultrapériphériques Françaises,2,LGENS,11001
1929,2019-05-26,european,FRY,RUP FR — Régions Ultrapériphériques Françaises,2,LLR,20133
1930,2019-05-26,european,FRY,RUP FR — Régions Ultrapériphériques Françaises,2,LREM,37377
1931,2019-05-26,european,FRY,RUP FR — Régions Ultrapériphériques Françaises,2,LRN,85404
1932,2019-05-26,european,FRY,RUP FR — Régions Ultrapériphériques Françaises,2,LUG,18202
1933,2019-05-26,european,FRY,RUP FR — Régions Ultrapériphériques Françaises,2,LVEC,27281
1934,2022-04-10,president_a,FR1,Ile-de-France,0,eligible_voters,7349284
1935,2022-04-10,president_a,FR1,Ile-de-France,1,issued_ballots,5588557
1936,2022-04-10,president_a,FR1,Ile-de-France,2,Arthaud,21894
1937,2022-04-10,president_a,FR1,Ile-de-France,2,Dupont-Aignan,87331
1938,2022-04-10,president_a,FR1,Ile-de-France,2,Hidalgo,78522
1939,2022-04-10,president_a,FR1,Ile-de-France,2,Jadot,296087
1940,2022-04-10,president_a,FR1,Ile-de-France,2,Lassalle,87343
1941,2022-04-10,president_a,FR1,Ile-de-France,2,LePen,711462
1942,2022-04-10,president_a,FR1,Ile-de-France,2,Macron,1655780
1943,2022-04-10,president_a,FR1,Ile-de-France,2,Mélenchon,1658601
1944,2022-04-10,president_a,FR1,Ile-de-France,2,Poutou,33050
1945,2022-04-10,president_a,FR1,Ile-de-France,2,Pécresse,339371
1946,2022-04-10,president_a,FR1,Ile-de-France,2,Roussel,105137
1947,2022-04-10,president_a,FR1,Ile-de-France,2,Zemmour,409396
1948,2022-04-10,president_a,FRB,Centre — Val de Loire,0,eligible_voters,1837328
1949,2022-04-10,president_a,FRB,Centre — Val de Loire,1,issued_ballots,1377800
1950,2022-04-10,president_a,FRB,Centre — Val de Loire,2,Arthaud,9256
1951,2022-04-10,president_a,FRB,Centre — Val de Loire,2,Dupont-Aignan,31759
1952,2022-04-10,president_a,FRB,Centre — Val de Loire,2,Hidalgo,23162
1953,2022-04-10,president_a,FRB,Centre — Val de Loire,2,Jadot,54401
1954,2022-04-10,president_a,FRB,Centre — Val de Loire,2,Lassalle,38659
1955,2022-04-10,president_a,FRB,Centre — Val de Loire,2,LePen,347845
1956,2022-04-10,president_a,FRB,Centre — Val de Loire,2,Macron,383851
1957,2022-04-10,president_a,FRB,Centre — Val de Loire,2,Mélenchon,251259
1958,2022-04-10,president_a,FRB,Centre — Val de Loire,2,Poutou,11226
1959,2022-04-10,president_a,FRB,Centre — Val de Loire,2,Pécresse,71690
1960,2022-04-10,president_a,FRB,Centre — Val de Loire,2,Roussel,33590
1961,2022-04-10,president_a,FRB,Centre — Val de Loire,2,Zemmour,88575
1962,2022-04-10,president_a,FRC,Bourgogne-Franche-Comté,0,eligible_voters,1992409
1963,2022-04-10,president_a,FRC,Bourgogne-Franche-Comté,1,issued_ballots,1535727
1964,2022-04-10,president_a,FRC,Bourgogne-Franche-Comté,2,Arthaud,10643
1965,2022-04-10,president_a,FRC,Bourgogne-Franche-Comté,2,Dupont-Aignan,38691
1966,2022-04-10,president_a,FRC,Bourgogne-Franche-Comté,2,Hidalgo,26543
1967,2022-04-10,president_a,FRC,Bourgogne-Franche-Comté,2,Jadot,60235
1968,2022-04-10,president_a,FRC,Bourgogne-Franche-Comté,2,Lassalle,49557
1969,2022-04-10,president_a,FRC,Bourgogne-Franche-Comté,2,LePen,409643
1970,2022-04-10,president_a,FRC,Bourgogne-Franche-Comté,2,Macron,394119
1971,2022-04-10,president_a,FRC,Bourgogne-Franche-Comté,2,Mélenchon,277901
1972,2022-04-10,president_a,FRC,Bourgogne-Franche-Comté,2,Poutou,12738
1973,2022-04-10,president_a,FRC,Bourgogne-Franche-Comté,2,Pécresse,76655
1974,2022-04-10,president_a,FRC,Bourgogne-Franche-Comté,2,Roussel,33932
1975,2022-04-10,president_a,FRC,Bourgogne-Franche-Comté,2,Zemmour,107057
1976,2022-04-10,president_a,FRD,Normandie,0,eligible_voters,2413749
1977,2022-04-10,president_a,FRD,Normandie,1,issued_ballots,1822945
1978,2022-04-10,president_a,FRD,Normandie,2,Arthaud,12839
1979,2022-04-10,president_a,FRD,Normandie,2,Dupont-Aignan,38560
1980,2022-04-10,president_a,FRD,Normandie,2,Hidalgo,30235
1981,2022-04-10,president_a,FRD,Normandie,2,Jadot,73269
1982,2022-04-10,president_a,FRD,Normandie,2,Lassalle,45488
1983,2022-04-10,president_a,FRD,Normandie,2,LePen,484106
1984,2022-04-10,president_a,FRD,Normandie,2,Macron,521769
1985,2022-04-10,president_a,FRD,Normandie,2,Mélenchon,335590
1986,2022-04-10,president_a,FRD,Normandie,2,Poutou,16005
1987,2022-04-10,president_a,FRD,Normandie,2,Pécresse,79800
1988,2022-04-10,president_a,FRD,Normandie,2,Roussel,46358
1989,2022-04-10,president_a,FRD,Normandie,2,Zemmour,99446
1990,2022-04-10,president_a,FRE,Hauts-de-France,0,eligible_voters,4255350
1991,2022-04-10,president_a,FRE,Hauts-de-France,1,issued_ballots,3109141
1992,2022-04-10,president_a,FRE,Hauts-de-France,2,Arthaud,20943
1993,2022-04-10,president_a,FRE,Hauts-de-France,2,Dupont-Aignan,55386
1994,2022-04-10,president_a,FRE,Hauts-de-France,2,Hidalgo,40814
1995,2022-04-10,president_a,FRE,Hauts-de-France,2,Jadot,95164
1996,2022-04-10,president_a,FRE,Hauts-de-France,2,Lassalle,62487
1997,2022-04-10,president_a,FRE,Hauts-de-France,2,LePen,1014182
1998,2022-04-10,president_a,FRE,Hauts-de-France,2,Macron,772619
1999,2022-04-10,president_a,FRE,Hauts-de-France,2,Mélenchon,577487
2000,2022-04-10,president_a,FRE,Hauts-de-France,2,Poutou,21125
2001,2022-04-10,president_a,FRE,Hauts-de-France,2,Pécresse,107527
2002,2022-04-10,president_a,FRE,Hauts-de-France,2,Roussel,94776
2003,2022-04-10,president_a,FRE,Hauts-de-France,2,Zemmour,179416
2004,2022-04-10,president_a,FRF,Grand Est,0,eligible_voters,3862920
2005,2022-04-10,president_a,FRF,Grand Est,1,issued_ballots,2854576
2006,2022-04-10,president_a,FRF,Grand Est,2,Arthaud,18655
2007,2022-04-10,president_a,FRF,Grand Est,2,Dupont-Aignan,74916
2008,2022-04-10,president_a,FRF,Grand Est,2,Hidalgo,40030
2009,2022-04-10,president_a,FRF,Grand Est,2,Jadot,111953
2010,2022-04-10,president_a,FRF,Grand Est,2,Lassalle,77439
2011,2022-04-10,president_a,FRF,Grand Est,2,LePen,825196
2012,2022-04-10,president_a,FRF,Grand Est,2,Macron,762241
2013,2022-04-10,president_a,FRF,Grand Est,2,Mélenchon,492408
2014,2022-04-10,president_a,FRF,Grand Est,2,Poutou,22241
2015,2022-04-10,president_a,FRF,Grand Est,2,Pécresse,120917
2016,2022-04-10,president_a,FRF,Grand Est,2,Roussel,47422
2017,2022-04-10,president_a,FRF,Grand Est,2,Zemmour,200256
2018,2022-04-10,president_a,FRG,Pays de la Loire,0,eligible_voters,2832949
2019,2022-04-10,president_a,FRG,Pays de la Loire,1,issued_ballots,2180931
2020,2022-04-10,president_a,FRG,Pays de la Loire,2,Arthaud,13853
2021,2022-04-10,president_a,FRG,Pays de la Loire,2,Dupont-Aignan,44215
2022,2022-04-10,president_a,FRG,Pays de la Loire,2,Hidalgo,43291
2023,2022-04-10,president_a,FRG,Pays de la Loire,2,Jadot,127935
2024,2022-04-10,president_a,FRG,Pays de la Loire,2,Lassalle,54592
2025,2022-04-10,president_a,FRG,Pays de la Loire,2,LePen,442025
2026,2022-04-10,president_a,FRG,Pays de la Loire,2,Macron,707890
2027,2022-04-10,president_a,FRG,Pays de la Loire,2,Mélenchon,408969
2028,2022-04-10,president_a,FRG,Pays de la Loire,2,Poutou,18441
2029,2022-04-10,president_a,FRG,Pays de la Loire,2,Pécresse,106786
2030,2022-04-10,president_a,FRG,Pays de la Loire,2,Roussel,45058
2031,2022-04-10,president_a,FRG,Pays de la Loire,2,Zemmour,114388
2032,2022-04-10,president_a,FRH,Bretagne,0,eligible_voters,2562061
2033,2022-04-10,president_a,FRH,Bretagne,1,issued_ballots,2018647
2034,2022-04-10,president_a,FRH,Bretagne,2,Arthaud,12965
2035,2022-04-10,president_a,FRH,Bretagne,2,Dupont-Aignan,35116
2036,2022-04-10,president_a,FRH,Bretagne,2,Hidalgo,43596
2037,2022-04-10,president_a,FRH,Bretagne,2,Jadot,122198
2038,2022-04-10,president_a,FRH,Bretagne,2,Lassalle,58653
2039,2022-04-10,president_a,FRH,Bretagne,2,LePen,385393
2040,2022-04-10,president_a,FRH,Bretagne,2,Macron,647172
2041,2022-04-10,president_a,FRH,Bretagne,2,Mélenchon,407527
2042,2022-04-10,president_a,FRH,Bretagne,2,Poutou,19913
2043,2022-04-10,president_a,FRH,Bretagne,2,Pécresse,92808
2044,2022-04-10,president_a,FRH,Bretagne,2,Roussel,51193
2045,2022-04-10,president_a,FRH,Bretagne,2,Zemmour,96984
2046,2022-04-10,president_a,FRI,Nouvelle-Aquitaine,0,eligible_voters,4463041
2047,2022-04-10,president_a,FRI,Nouvelle-Aquitaine,1,issued_ballots,3500542
2048,2022-04-10,president_a,FRI,Nouvelle-Aquitaine,2,Arthaud,18494
2049,2022-04-10,president_a,FRI,Nouvelle-Aquitaine,2,Dupont-Aignan,67645
2050,2022-04-10,president_a,FRI,Nouvelle-Aquitaine,2,Hidalgo,77306
2051,2022-04-10,president_a,FRI,Nouvelle-Aquitaine,2,Jadot,151714
2052,2022-04-10,president_a,FRI,Nouvelle-Aquitaine,2,Lassalle,201726
2053,2022-04-10,president_a,FRI,Nouvelle-Aquitaine,2,LePen,779699
2054,2022-04-10,president_a,FRI,Nouvelle-Aquitaine,2,Macron,945122
2055,2022-04-10,president_a,FRI,Nouvelle-Aquitaine,2,Mélenchon,681218
2056,2022-04-10,president_a,FRI,Nouvelle-Aquitaine,2,Poutou,32597
2057,2022-04-10,president_a,FRI,Nouvelle-Aquitaine,2,Pécresse,157205
2058,2022-04-10,president_a,FRI,Nouvelle-Aquitaine,2,Roussel,96771
2059,2022-04-10,president_a,FRI,Nouvelle-Aquitaine,2,Zemmour,210476
2060,2022-04-10,president_a,FRJ,Occitanie,0,eligible_voters,4323929
2061,2022-04-10,president_a,FRJ,Occitanie,1,issued_ballots,3383388
2062,2022-04-10,president_a,FRJ,Occitanie,2,Arthaud,14875
2063,2022-04-10,president_a,FRJ,Occitanie,2,Dupont-Aignan,63243
2064,2022-04-10,president_a,FRJ,Occitanie,2,Hidalgo,77124
2065,2022-04-10,president_a,FRJ,Occitanie,2,Jadot,139122
2066,2022-04-10,president_a,FRJ,Occitanie,2,Lassalle,184956
2067,2022-04-10,president_a,FRJ,Occitanie,2,LePen,815338
2068,2022-04-10,president_a,FRJ,Occitanie,2,Macron,777444
2069,2022-04-10,president_a,FRJ,Occitanie,2,Mélenchon,741948
2070,2022-04-10,president_a,FRJ,Occitanie,2,Poutou,23891
2071,2022-04-10,president_a,FRJ,Occitanie,2,Pécresse,129101
2072,2022-04-10,president_a,FRJ,Occitanie,2,Roussel,83452
2073,2022-04-10,president_a,FRJ,Occitanie,2,Zemmour,260127
2074,2022-04-10,president_a,FRK,Auvergne-Rhône-Alpes,0,eligible_voters,5557535
2075,2022-04-10,president_a,FRK,Auvergne-Rhône-Alpes,1,issued_ballots,4329045
2076,2022-04-10,president_a,FRK,Auvergne-Rhône-Alpes,2,Arthaud,23136
2077,2022-04-10,president_a,FRK,Auvergne-Rhône-Alpes,2,Dupont-Aignan,98446
2078,2022-04-10,president_a,FRK,Auvergne-Rhône-Alpes,2,Hidalgo,77566
2079,2022-04-10,president_a,FRK,Auvergne-Rhône-Alpes,2,Jadot,224710
2080,2022-04-10,president_a,FRK,Auvergne-Rhône-Alpes,2,Lassalle,136414
2081,2022-04-10,president_a,FRK,Auvergne-Rhône-Alpes,2,LePen,943122
2082,2022-04-10,president_a,FRK,Auvergne-Rhône-Alpes,2,Macron,1174972
2083,2022-04-10,president_a,FRK,Auvergne-Rhône-Alpes,2,Mélenchon,897349
2084,2022-04-10,president_a,FRK,Auvergne-Rhône-Alpes,2,Poutou,30586
2085,2022-04-10,president_a,FRK,Auvergne-Rhône-Alpes,2,Pécresse,217881
2086,2022-04-10,president_a,FRK,Auvergne-Rhône-Alpes,2,Roussel,96403
2087,2022-04-10,president_a,FRK,Auvergne-Rhône-Alpes,2,Zemmour,312881
2088,2022-04-10,president_a,FRL,Provence-Alpes-Côte d’Azur,0,eligible_voters,3663871
2089,2022-04-10,president_a,FRL,Provence-Alpes-Côte d’Azur,1,issued_ballots,2704296
2090,2022-04-10,president_a,FRL,Provence-Alpes-Côte d’Azur,2,Arthaud,9457
2091,2022-04-10,president_a,FRL,Provence-Alpes-Côte d’Azur,2,Dupont-Aignan,60186
2092,2022-04-10,president_a,FRL,Provence-Alpes-Côte d’Azur,2,Hidalgo,29501
2093,2022-04-10,president_a,FRL,Provence-Alpes-Côte d’Azur,2,Jadot,107625
2094,2022-04-10,president_a,FRL,Provence-Alpes-Côte d’Azur,2,Lassalle,72830
2095,2022-04-10,president_a,FRL,Provence-Alpes-Côte d’Azur,2,LePen,732078
2096,2022-04-10,president_a,FRL,Provence-Alpes-Côte d’Azur,2,Macron,619272
2097,2022-04-10,president_a,FRL,Provence-Alpes-Côte d’Azur,2,Mélenchon,524211
2098,2022-04-10,president_a,FRL,Provence-Alpes-Côte d’Azur,2,Poutou,16219
2099,2022-04-10,president_a,FRL,Provence-Alpes-Côte d’Azur,2,Pécresse,116094
2100,2022-04-10,president_a,FRL,Provence-Alpes-Côte d’Azur,2,Roussel,54718
2101,2022-04-10,president_a,FRL,Provence-Alpes-Côte d’Azur,2,Zemmour,310717
2102,2022-04-10,president_a,FRM,Corse,0,eligible_voters,243032
2103,2022-04-10,president_a,FRM,Corse,1,issued_ballots,152403
2104,2022-04-10,president_a,FRM,Corse,2,Arthaud,454
2105,2022-04-10,president_a,FRM,Corse,2,Dupont-Aignan,2589
2106,2022-04-10,president_a,FRM,Corse,2,Hidalgo,1583
2107,2022-04-10,president_a,FRM,Corse,2,Jadot,4786
2108,2022-04-10,president_a,FRM,Corse,2,Lassalle,15330
2109,2022-04-10,president_a,FRM,Corse,2,LePen,42137
2110,2022-04-10,president_a,FRM,Corse,2,Macron,26705
2111,2022-04-10,president_a,FRM,Corse,2,Mélenchon,19698
2112,2022-04-10,president_a,FRM,Corse,2,Poutou,1370
2113,2022-04-10,president_a,FRM,Corse,2,Pécresse,9327
2114,2022-04-10,president_a,FRM,Corse,2,Roussel,4537
2115,2022-04-10,president_a,FRM,Corse,2,Zemmour,18856
2116,2022-04-10,president_a,FRY,RUP FR — Régions Ultrapériphériques Françaises,0,eligible_voters,1515750
2117,2022-04-10,president_a,FRY,RUP FR — Régions Ultrapériphériques Françaises,1,issued_ballots,716821
2118,2022-04-10,president_a,FRY,RUP FR — Régions Ultrapériphériques Françaises,2,Arthaud,6837
2119,2022-04-10,president_a,FRY,RUP FR — Régions Ultrapériphériques Françaises,2,Dupont-Aignan,15027
2120,2022-04-10,president_a,FRY,RUP FR — Régions Ultrapériphériques Françaises,2,Hidalgo,12695
2121,2022-04-10,president_a,FRY,RUP FR — Régions Ultrapériphériques Françaises,2,Jadot,13381
2122,2022-04-10,president_a,FRY,RUP FR — Régions Ultrapériphériques Françaises,2,Lassalle,8122
2123,2022-04-10,president_a,FRY,RUP FR — Régions Ultrapériphériques Françaises,2,LePen,149206
2124,2022-04-10,president_a,FRY,RUP FR — Régions Ultrapériphériques Françaises,2,Macron,113829
2125,2022-04-10,president_a,FRY,RUP FR — Régions Ultrapériphériques Françaises,2,Mélenchon,309653
2126,2022-04-10,president_a,FRY,RUP FR — Régions Ultrapériphériques Françaises,2,Poutou,5248
2127,2022-04-10,president_a,FRY,RUP FR — Régions Ultrapériphériques Françaises,2,Pécresse,22609
2128,2022-04-10,president_a,FRY,RUP FR — Régions Ultrapériphériques Françaises,2,Roussel,4989
2129,2022-04-10,president_a,FRY,RUP FR — Régions Ultrapériphériques Françaises,2,Zemmour,22483
2130,2022-04-24,president_b,FR1,Ile-de-France,0,eligible_voters,7353133
2131,2022-04-24,president_b,FR1,Ile-de-France,1,issued_ballots,5192986
2132,2022-04-24,president_b,FR1,Ile-de-France,2,LePen,1291334
2133,2022-04-24,president_b,FR1,Ile-de-France,2,Macron,3494501
2134,2022-04-24,president_b,FRB,Centre — Val de Loire,0,eligible_voters,1837674
2135,2022-04-24,president_b,FRB,Centre — Val de Loire,1,issued_ballots,1373416
2136,2022-04-24,president_b,FRB,Centre — Val de Loire,2,LePen,544558
2137,2022-04-24,president_b,FRB,Centre — Val de Loire,2,Macron,705704
2138,2022-04-24,president_b,FRC,Bourgogne-Franche-Comté,0,eligible_voters,1992557
2139,2022-04-24,president_b,FRC,Bourgogne-Franche-Comté,1,issued_ballots,1491021
2140,2022-04-24,president_b,FRC,Bourgogne-Franche-Comté,2,LePen,636161
2141,2022-04-24,president_b,FRC,Bourgogne-Franche-Comté,2,Macron,713977
2142,2022-04-24,president_b,FRD,Normandie,0,eligible_voters,2414345
2143,2022-04-24,president_b,FRD,Normandie,1,issued_ballots,1830658
2144,2022-04-24,president_b,FRD,Normandie,2,LePen,740590
2145,2022-04-24,president_b,FRD,Normandie,2,Macron,936566
2146,2022-04-24,president_b,FRE,Hauts-de-France,0,eligible_voters,4256336
2147,2022-04-24,president_b,FRE,Hauts-de-France,1,issued_ballots,3119882
2148,2022-04-24,president_b,FRE,Hauts-de-France,2,LePen,1506910
2149,2022-04-24,president_b,FRE,Hauts-de-France,2,Macron,1383212
2150,2022-04-24,president_b,FRF,Grand Est,0,eligible_voters,3864055
2151,2022-04-24,president_b,FRF,Grand Est,1,issued_ballots,2847382
2152,2022-04-24,president_b,FRF,Grand Est,2,LePen,1262558
2153,2022-04-24,president_b,FRF,Grand Est,2,Macron,1371637
2154,2022-04-24,president_b,FRG,Pays de la Loire,0,eligible_voters,2833848
2155,2022-04-24,president_b,FRG,Pays de la Loire,1,issued_ballots,2164728
2156,2022-04-24,president_b,FRG,Pays de la Loire,2,LePen,692631
2157,2022-04-24,president_b,FRG,Pays de la Loire,2,Macron,1281658
2158,2022-04-24,president_b,FRH,Bretagne,0,eligible_voters,2562764
2159,2022-04-24,president_b,FRH,Bretagne,1,issued_ballots,1996495
2160,2022-04-24,president_b,FRH,Bretagne,2,LePen,603409
2161,2022-04-24,president_b,FRH,Bretagne,2,Macron,1202202
2162,2022-04-24,president_b,FRI,Nouvelle-Aquitaine,0,eligible_voters,4462866
2163,2022-04-24,president_b,FRI,Nouvelle-Aquitaine,1,issued_ballots,3383501
2164,2022-04-24,president_b,FRI,Nouvelle-Aquitaine,2,LePen,1262321
2165,2022-04-24,president_b,FRI,Nouvelle-Aquitaine,2,Macron,1766960
2166,2022-04-24,president_b,FRJ,Occitanie,0,eligible_voters,4324603
2167,2022-04-24,president_b,FRJ,Occitanie,1,issued_ballots,3251774
2168,2022-04-24,president_b,FRJ,Occitanie,2,LePen,1341138
2169,2022-04-24,president_b,FRJ,Occitanie,2,Macron,1572080
2170,2022-04-24,president_b,FRK,Auvergne-Rhône-Alpes,0,eligible_voters,5558964
2171,2022-04-24,president_b,FRK,Auvergne-Rhône-Alpes,1,issued_ballots,4136309
2172,2022-04-24,president_b,FRK,Auvergne-Rhône-Alpes,2,LePen,1515717
2173,2022-04-24,president_b,FRK,Auvergne-Rhône-Alpes,2,Macron,2251392
2174,2022-04-24,president_b,FRL,Provence-Alpes-Côte d’Azur,0,eligible_voters,3664768
2175,2022-04-24,president_b,FRL,Provence-Alpes-Côte d’Azur,1,issued_ballots,2656700
2176,2022-04-24,president_b,FRL,Provence-Alpes-Côte d’Azur,2,LePen,1237817
2177,2022-04-24,president_b,FRL,Provence-Alpes-Côte d’Azur,2,Macron,1214186
2178,2022-04-24,president_b,FRM,Corse,0,eligible_voters,243000
2179,2022-04-24,president_b,FRM,Corse,1,issued_ballots,147902
2180,2022-04-24,president_b,FRM,Corse,2,LePen,77721
2181,2022-04-24,president_b,FRM,Corse,2,Macron,56095
2182,2022-04-24,president_b,FRY,RUP FR — Régions Ultrapériphériques Françaises,0,eligible_voters,1516605
2183,2022-04-24,president_b,FRY,RUP FR — Régions Ultrapériphériques Françaises,1,issued_ballots,780478
2184,2022-04-24,president_b,FRY,RUP FR — Régions Ultrapériphériques Françaises,2,LePen,430991
2185,2022-04-24,president_b,FRY,RUP FR — Régions Ultrapériphériques Françaises,2,Macron,267836
2186,2024-06-09,european,FR1,Ile-de-France,0,eligible_voters,7511355
2187,2024-06-09,european,FR1,Ile-de-France,1,issued_ballots,3983305
2188,2024-06-09,european,FR1,Ile-de-France,2,LCOM,77009
2189,2024-06-09,european,FR1,Ile-de-France,2,LDIV,136050
2190,2024-06-09,european,FR1,Ile-de-France,2,LDVD,30101
2191,2024-06-09,european,FR1,Ile-de-France,2,LDVG,12201
2192,2024-06-09,european,FR1,Ile-de-France,2,LECO,75145
2193,2024-06-09,european,FR1,Ile-de-France,2,LENS,606343
2194,2024-06-09,european,FR1,Ile-de-France,2,LEXD,32294
2195,2024-06-09,european,FR1,Ile-de-France,2,LEXG,23308
2196,2024-06-09,european,FR1,Ile-de-France,2,LFI,726713
2197,2024-06-09,european,FR1,Ile-de-France,2,LLR,346133
2198,2024-06-09,european,FR1,Ile-de-France,2,LREC,222736
2199,2024-06-09,european,FR1,Ile-de-France,2,LRN,735376
2200,2024-06-09,european,FR1,Ile-de-France,2,LUG,617492
2201,2024-06-09,european,FR1,Ile-de-France,2,LVEC,272988
2202,2024-06-09,european,FRB,Centre — Val de Loire,0,eligible_voters,1847939
2203,2024-06-09,european,FRB,Centre — Val de Loire,1,issued_ballots,978080
2204,2024-06-09,european,FRB,Centre — Val de Loire,2,LCOM,24107
2205,2024-06-09,european,FRB,Centre — Val de Loire,2,LDIV,33010
2206,2024-06-09,european,FRB,Centre — Val de Loire,2,LDVD,24523
2207,2024-06-09,european,FRB,Centre — Val de Loire,2,LDVG,2354
2208,2024-06-09,european,FRB,Centre — Val de Loire,2,LECO,19062
2209,2024-06-09,european,FRB,Centre — Val de Loire,2,LENS,142723
2210,2024-06-09,european,FRB,Centre — Val de Loire,2,LEXD,8854
2211,2024-06-09,european,FRB,Centre — Val de Loire,2,LEXG,7498
2212,2024-06-09,european,FRB,Centre — Val de Loire,2,LFI,70142
2213,2024-06-09,european,FRB,Centre — Val de Loire,2,LLR,70718
2214,2024-06-09,european,FRB,Centre — Val de Loire,2,LREC,51336
2215,2024-06-09,european,FRB,Centre — Val de Loire,2,LRN,330184
2216,2024-06-09,european,FRB,Centre — Val de Loire,2,LUG,118598
2217,2024-06-09,european,FRB,Centre — Val de Loire,2,LVEC,41919
2218,2024-06-09,european,FRC,Bourgogne-Franche-Comté,0,eligible_voters,1997439
2219,2024-06-09,european,FRC,Bourgogne-Franche-Comté,1,issued_ballots,1115567
2220,2024-06-09,european,FRC,Bourgogne-Franche-Comté,2,LCOM,24285
2221,2024-06-09,european,FRC,Bourgogne-Franche-Comté,2,LDIV,39044
2222,2024-06-09,european,FRC,Bourgogne-Franche-Comté,2,LDVD,31024
2223,2024-06-09,european,FRC,Bourgogne-Franche-Comté,2,LDVG,2938
2224,2024-06-09,european,FRC,Bourgogne-Franche-Comté,2,LECO,20195
2225,2024-06-09,european,FRC,Bourgogne-Franche-Comté,2,LENS,148516
2226,2024-06-09,european,FRC,Bourgogne-Franche-Comté,2,LEXD,10914
2227,2024-06-09,european,FRC,Bourgogne-Franche-Comté,2,LEXG,8552
2228,2024-06-09,european,FRC,Bourgogne-Franche-Comté,2,LFI,75576
2229,2024-06-09,european,FRC,Bourgogne-Franche-Comté,2,LLR,80886
2230,2024-06-09,european,FRC,Bourgogne-Franche-Comté,2,LREC,57147
2231,2024-06-09,european,FRC,Bourgogne-Franche-Comté,2,LRN,400043
2232,2024-06-09,european,FRC,Bourgogne-Franche-Comté,2,LUG,131629
2233,2024-06-09,european,FRC,Bourgogne-Franche-Comté,2,LVEC,47833
2234,2024-06-09,european,FRD,Normandie,0,eligible_voters,2420256
2235,2024-06-09,european,FRD,Normandie,1,issued_ballots,1294693
2236,2024-06-09,european,FRD,Normandie,2,LCOM,35445
2237,2024-06-09,european,FRD,Normandie,2,LDIV,44247
2238,2024-06-09,european,FRD,Normandie,2,LDVD,33945
2239,2024-06-09,european,FRD,Normandie,2,LDVG,3229
2240,2024-06-09,european,FRD,Normandie,2,LECO,23296
2241,2024-06-09,european,FRD,Normandie,2,LENS,196993
2242,2024-06-09,european,FRD,Normandie,2,LEXD,10675
2243,2024-06-09,european,FRD,Normandie,2,LEXG,9626
2244,2024-06-09,european,FRD,Normandie,2,LFI,86738
2245,2024-06-09,european,FRD,Normandie,2,LLR,86679
2246,2024-06-09,european,FRD,Normandie,2,LREC,58302
2247,2024-06-09,european,FRD,Normandie,2,LRN,443721
2248,2024-06-09,european,FRD,Normandie,2,LUG,167106
2249,2024-06-09,european,FRD,Normandie,2,LVEC,55687
2250,2024-06-09,european,FRE,Hauts-de-France,0,eligible_voters,4281428
2251,2024-06-09,european,FRE,Hauts-de-France,1,issued_ballots,2181828
2252,2024-06-09,european,FRE,Hauts-de-France,2,LCOM,65098
2253,2024-06-09,european,FRE,Hauts-de-France,2,LDIV,79100
2254,2024-06-09,european,FRE,Hauts-de-France,2,LDVD,51938
2255,2024-06-09,european,FRE,Hauts-de-France,2,LDVG,4683
2256,2024-06-09,european,FRE,Hauts-de-France,2,LECO,38235
2257,2024-06-09,european,FRE,Hauts-de-France,2,LENS,273286
2258,2024-06-09,european,FRE,Hauts-de-France,2,LEXD,17459
2259,2024-06-09,european,FRE,Hauts-de-France,2,LEXG,17643
2260,2024-06-09,european,FRE,Hauts-de-France,2,LFI,178727
2261,2024-06-09,european,FRE,Hauts-de-France,2,LLR,128978
2262,2024-06-09,european,FRE,Hauts-de-France,2,LREC,97385
2263,2024-06-09,european,FRE,Hauts-de-France,2,LRN,897961
2264,2024-06-09,european,FRE,Hauts-de-France,2,LUG,191318
2265,2024-06-09,european,FRE,Hauts-de-France,2,LVEC,75690
2266,2024-06-09,european,FRF,Grand Est,0,eligible_voters,3895241
2267,2024-06-09,european,FRF,Grand Est,1,issued_ballots,2022271
2268,2024-06-09,european,FRF,Grand Est,2,LCOM,31610
2269,2024-06-09,european,FRF,Grand Est,2,LDIV,78089
2270,2024-06-09,european,FRF,Grand Est,2,LDVD,36728
2271,2024-06-09,european,FRF,Grand Est,2,LDVG,5208
2272,2024-06-09,european,FRF,Grand Est,2,LECO,40943
2273,2024-06-09,european,FRF,Grand Est,2,LENS,283234
2274,2024-06-09,european,FRF,Grand Est,2,LEXD,22256
2275,2024-06-09,european,FRF,Grand Est,2,LEXG,13601
2276,2024-06-09,european,FRF,Grand Est,2,LFI,148897
2277,2024-06-09,european,FRF,Grand Est,2,LLR,148689
2278,2024-06-09,european,FRF,Grand Est,2,LREC,108760
2279,2024-06-09,european,FRF,Grand Est,2,LRN,752624
2280,2024-06-09,european,FRF,Grand Est,2,LUG,211653
2281,2024-06-09,european,FRF,Grand Est,2,LVEC,80997
2282,2024-06-09,european,FRG,Pays de la Loire,0,eligible_voters,2871755
2283,2024-06-09,european,FRG,Pays de la Loire,1,issued_ballots,1527698
2284,2024-06-09,european,FRG,Pays de la Loire,2,LCOM,31598
2285,2024-06-09,european,FRG,Pays de la Loire,2,LDIV,42735
2286,2024-06-09,european,FRG,Pays de la Loire,2,LDVD,30454
2287,2024-06-09,european,FRG,Pays de la Loire,2,LDVG,5340
2288,2024-06-09,european,FRG,Pays de la Loire,2,LECO,35143
2289,2024-06-09,european,FRG,Pays de la Loire,2,LENS,264523
2290,2024-06-09,european,FRG,Pays de la Loire,2,LEXD,12872
2291,2024-06-09,european,FRG,Pays de la Loire,2,LEXG,12026
2292,2024-06-09,european,FRG,Pays de la Loire,2,LFI,104035
2293,2024-06-09,european,FRG,Pays de la Loire,2,LLR,116716
2294,2024-06-09,european,FRG,Pays de la Loire,2,LREC,69532
2295,2024-06-09,european,FRG,Pays de la Loire,2,LRN,407778
2296,2024-06-09,european,FRG,Pays de la Loire,2,LUG,238029
2297,2024-06-09,european,FRG,Pays de la Loire,2,LVEC,104849
2298,2024-06-09,european,FRH,Bretagne,0,eligible_voters,2591501
2299,2024-06-09,european,FRH,Bretagne,1,issued_ballots,1479248
2300,2024-06-09,european,FRH,Bretagne,2,LCOM,36692
2301,2024-06-09,european,FRH,Bretagne,2,LDIV,45295
2302,2024-06-09,european,FRH,Bretagne,2,LDVD,33398
2303,2024-06-09,european,FRH,Bretagne,2,LDVG,6913
2304,2024-06-09,european,FRH,Bretagne,2,LECO,32288
2305,2024-06-09,european,FRH,Bretagne,2,LENS,249867
2306,2024-06-09,european,FRH,Bretagne,2,LEXD,11780
2307,2024-06-09,european,FRH,Bretagne,2,LEXG,12306
2308,2024-06-09,european,FRH,Bretagne,2,LFI,101604
2309,2024-06-09,european,FRH,Bretagne,2,LLR,108068
2310,2024-06-09,european,FRH,Bretagne,2,LREC,60722
2311,2024-06-09,european,FRH,Bretagne,2,LRN,367102
2312,2024-06-09,european,FRH,Bretagne,2,LUG,264599
2313,2024-06-09,european,FRH,Bretagne,2,LVEC,104517
2314,2024-06-09,european,FRI,Nouvelle-Aquitaine,0,eligible_voters,4525397
2315,2024-06-09,european,FRI,Nouvelle-Aquitaine,1,issued_ballots,2517128
2316,2024-06-09,european,FRI,Nouvelle-Aquitaine,2,LCOM,70598
2317,2024-06-09,european,FRI,Nouvelle-Aquitaine,2,LDIV,78632
2318,2024-06-09,european,FRI,Nouvelle-Aquitaine,2,LDVD,112883
2319,2024-06-09,european,FRI,Nouvelle-Aquitaine,2,LDVG,8046
2320,2024-06-09,european,FRI,Nouvelle-Aquitaine,2,LECO,47854
2321,2024-06-09,european,FRI,Nouvelle-Aquitaine,2,LENS,358511
2322,2024-06-09,european,FRI,Nouvelle-Aquitaine,2,LEXD,22582
2323,2024-06-09,european,FRI,Nouvelle-Aquitaine,2,LEXG,17134
2324,2024-06-09,european,FRI,Nouvelle-Aquitaine,2,LFI,165017
2325,2024-06-09,european,FRI,Nouvelle-Aquitaine,2,LLR,157461
2326,2024-06-09,european,FRI,Nouvelle-Aquitaine,2,LREC,121621
2327,2024-06-09,european,FRI,Nouvelle-Aquitaine,2,LRN,751054
2328,2024-06-09,european,FRI,Nouvelle-Aquitaine,2,LUG,387328
2329,2024-06-09,european,FRI,Nouvelle-Aquitaine,2,LVEC,128806
2330,2024-06-09,european,FRJ,Occitanie,0,eligible_voters,4403457
2331,2024-06-09,european,FRJ,Occitanie,1,issued_ballots,2490048
2332,2024-06-09,european,FRJ,Occitanie,2,LCOM,64477
2333,2024-06-09,european,FRJ,Occitanie,2,LDIV,77322
2334,2024-06-09,european,FRJ,Occitanie,2,LDVD,92815
2335,2024-06-09,european,FRJ,Occitanie,2,LDVG,7467
2336,2024-06-09,european,FRJ,Occitanie,2,LECO,45136
2337,2024-06-09,european,FRJ,Occitanie,2,LENS,293917
2338,2024-06-09,european,FRJ,Occitanie,2,LEXD,24957
2339,2024-06-09,european,FRJ,Occitanie,2,LEXG,14637
2340,2024-06-09,european,FRJ,Occitanie,2,LFI,216535
2341,2024-06-09,european,FRJ,Occitanie,2,LLR,132569
2342,2024-06-09,european,FRJ,Occitanie,2,LREC,133848
2343,2024-06-09,european,FRJ,Occitanie,2,LRN,814265
2344,2024-06-09,european,FRJ,Occitanie,2,LUG,374941
2345,2024-06-09,european,FRJ,Occitanie,2,LVEC,124245
2346,2024-06-09,european,FRK,Auvergne-Rhône-Alpes,0,eligible_voters,5636942
2347,2024-06-09,european,FRK,Auvergne-Rhône-Alpes,1,issued_ballots,3163228
2348,2024-06-09,european,FRK,Auvergne-Rhône-Alpes,2,LCOM,71339
2349,2024-06-09,european,FRK,Auvergne-Rhône-Alpes,2,LDIV,103843
2350,2024-06-09,european,FRK,Auvergne-Rhône-Alpes,2,LDVD,64037
2351,2024-06-09,european,FRK,Auvergne-Rhône-Alpes,2,LDVG,10526
2352,2024-06-09,european,FRK,Auvergne-Rhône-Alpes,2,LECO,65943
2353,2024-06-09,european,FRK,Auvergne-Rhône-Alpes,2,LENS,437205
2354,2024-06-09,european,FRK,Auvergne-Rhône-Alpes,2,LEXD,28172
2355,2024-06-09,european,FRK,Auvergne-Rhône-Alpes,2,LEXG,19094
2356,2024-06-09,european,FRK,Auvergne-Rhône-Alpes,2,LFI,292518
2357,2024-06-09,european,FRK,Auvergne-Rhône-Alpes,2,LLR,245483
2358,2024-06-09,european,FRK,Auvergne-Rhône-Alpes,2,LREC,172274
2359,2024-06-09,european,FRK,Auvergne-Rhône-Alpes,2,LRN,952167
2360,2024-06-09,european,FRK,Auvergne-Rhône-Alpes,2,LUG,426383
2361,2024-06-09,european,FRK,Auvergne-Rhône-Alpes,2,LVEC,191073
2362,2024-06-09,european,FRL,Provence-Alpes-Côte d’Azur,0,eligible_voters,3721877
2363,2024-06-09,european,FRL,Provence-Alpes-Côte d’Azur,1,issued_ballots,1988706
2364,2024-06-09,european,FRL,Provence-Alpes-Côte d’Azur,2,LCOM,41387
2365,2024-06-09,european,FRL,Provence-Alpes-Côte d’Azur,2,LDIV,65328
2366,2024-06-09,european,FRL,Provence-Alpes-Côte d’Azur,2,LDVD,29725
2367,2024-06-09,european,FRL,Provence-Alpes-Côte d’Azur,2,LDVG,4036
2368,2024-06-09,european,FRL,Provence-Alpes-Côte d’Azur,2,LECO,35265
2369,2024-06-09,european,FRL,Provence-Alpes-Côte d’Azur,2,LENS,238313
2370,2024-06-09,european,FRL,Provence-Alpes-Côte d’Azur,2,LEXD,21463
2371,2024-06-09,european,FRL,Provence-Alpes-Côte d’Azur,2,LEXG,8780
2372,2024-06-09,european,FRL,Provence-Alpes-Côte d’Azur,2,LFI,188289
2373,2024-06-09,european,FRL,Provence-Alpes-Côte d’Azur,2,LLR,123861
2374,2024-06-09,european,FRL,Provence-Alpes-Côte d’Azur,2,LREC,150248
2375,2024-06-09,european,FRL,Provence-Alpes-Côte d’Azur,2,LRN,751466
2376,2024-06-09,european,FRL,Provence-Alpes-Côte d’Azur,2,LUG,204048
2377,2024-06-09,european,FRL,Provence-Alpes-Côte d’Azur,2,LVEC,82316
2378,2024-06-09,european,FRM,Corse,0,eligible_voters,248762
2379,2024-06-09,european,FRM,Corse,1,issued_ballots,107583
2380,2024-06-09,european,FRM,Corse,2,LCOM,2564
2381,2024-06-09,european,FRM,Corse,2,LDIV,3475
2382,2024-06-09,european,FRM,Corse,2,LDVD,6091
2383,2024-06-09,european,FRM,Corse,2,LDVG,1004
2384,2024-06-09,european,FRM,Corse,2,LECO,1224
2385,2024-06-09,european,FRM,Corse,2,LENS,13990
2386,2024-06-09,european,FRM,Corse,2,LEXD,1098
2387,2024-06-09,european,FRM,Corse,2,LEXG,277
2388,2024-06-09,european,FRM,Corse,2,LFI,4264
2389,2024-06-09,european,FRM,Corse,2,LLR,7474
2390,2024-06-09,european,FRM,Corse,2,LREC,8819
2391,2024-06-09,european,FRM,Corse,2,LRN,42938
2392,2024-06-09,european,FRM,Corse,2,LUG,9508
2393,2024-06-09,european,FRM,Corse,2,LVEC,2626
2394,2024-06-09,european,FRY,RUP FR — Régions Ultrapériphériques Françaises,0,eligible_voters,1553176
2395,2024-06-09,european,FRY,RUP FR — Régions Ultrapériphériques Françaises,1,issued_ballots,297623
2396,2024-06-09,european,FRY,RUP FR — Régions Ultrapériphériques Françaises,2,LCOM,5257
2397,2024-06-09,european,FRY,RUP FR — Régions Ultrapériphériques Françaises,2,LDIV,12111
2398,2024-06-09,european,FRY,RUP FR — Régions Ultrapériphériques Françaises,2,LDVD,3098
2399,2024-06-09,european,FRY,RUP FR — Régions Ultrapériphériques Françaises,2,LDVG,928
2400,2024-06-09,european,FRY,RUP FR — Régions Ultrapériphériques Françaises,2,LECO,5938
2401,2024-06-09,european,FRY,RUP FR — Régions Ultrapériphériques Françaises,2,LENS,29910
2402,2024-06-09,european,FRY,RUP FR — Régions Ultrapériphériques Françaises,2,LEXD,4826
2403,2024-06-09,european,FRY,RUP FR — Régions Ultrapériphériques Françaises,2,LEXG,5360
2404,2024-06-09,european,FRY,RUP FR — Régions Ultrapériphériques Françaises,2,LFI,50801
2405,2024-06-09,european,FRY,RUP FR — Régions Ultrapériphériques Françaises,2,LLR,14319
2406,2024-06-09,european,FRY,RUP FR — Régions Ultrapériphériques Françaises,2,LREC,14369
2407,2024-06-09,european,FRY,RUP FR — Régions Ultrapériphériques Françaises,2,LRN,85232
2408,2024-06-09,european,FRY,RUP FR — Régions Ultrapériphériques Françaises,2,LUG,30177
2409,2024-06-09,european,FRY,RUP FR — Régions Ultrapériphériques Françaises,2,LVEC,13839
