,election_date,election_type,nuts_2_code,nuts_2_name,type,name,votes
0,1999-06-13,european,FR10,Ile-de-France,0,eligible_voters,47612984
1,1999-06-13,european,FR10,Ile-de-France,1,issued_ballots,22724072
2,1999-06-13,european,FR10,Ile-de-France,2,COM,1651120
3,1999-06-13,european,FR10,Ile-de-France,2,CPNT,448152
4,1999-06-13,european,FR10,Ile-de-France,2,DIV,801760
5,1999-06-13,european,FR10,Ile-de-France,2,DTE,3060632
6,1999-06-13,european,FR10,Ile-de-France,2,DVD,2907080
7,1999-06-13,european,FR10,Ile-de-France,2,ECO,332600
8,1999-06-13,european,FR10,Ile-de-France,2,EXG,1191160
9,1999-06-13,european,FR10,Ile-de-France,2,FRN,1253544
10,1999-06-13,european,FR10,Ile-de-France,2,GAU,4503976
11,1999-06-13,european,FR10,Ile-de-France,2,MNA,810488
12,1999-06-13,european,FR10,Ile-de-France,2,REG,2152
13,1999-06-13,european,FR10,Ile-de-France,2,UDF,2091392
14,1999-06-13,european,FR10,Ile-de-France,2,VEC,2799080
15,1999-06-13,european,FRB0,Centre — Val de Loire,0,eligible_voters,10171788
16,1999-06-13,european,FRB0,Centre — Val de Loire,1,issued_ballots,4949406
17,1999-06-13,european,FRB0,Centre — Val de Loire,2,COM,314304
18,1999-06-13,european,FRB0,Centre — Val de Loire,2,CPNT,416034
19,1999-06-13,european,FRB0,Centre — Val de Loire,2,DIV,189636
20,1999-06-13,european,FRB0,Centre — Val de Loire,2,DTE,584898
21,1999-06-13,european,FRB0,Centre — Val de Loire,2,DVD,642888
22,1999-06-13,european,FRB0,Centre — Val de Loire,2,ECO,62460
23,1999-06-13,european,FRB0,Centre — Val de Loire,2,EXG,223728
24,1999-06-13,european,FRB0,Centre — Val de Loire,2,FRN,270528
25,1999-06-13,european,FRB0,Centre — Val de Loire,2,GAU,977898
26,1999-06-13,european,FRB0,Centre — Val de Loire,2,MNA,140916
27,1999-06-13,european,FRB0,Centre — Val de Loire,2,REG,810
28,1999-06-13,european,FRB0,Centre — Val de Loire,2,UDF,405210
29,1999-06-13,european,FRB0,Centre — Val de Loire,2,VEC,385740
30,1999-06-13,european,FRC1,Bourgogne,0,eligible_voters,4511440
31,1999-06-13,european,FRC1,Bourgogne,1,issued_ballots,2076256
32,1999-06-13,european,FRC1,Bourgogne,2,COM,130464
33,1999-06-13,european,FRC1,Bourgogne,2,CPNT,139504
34,1999-06-13,european,FRC1,Bourgogne,2,DIV,75748
35,1999-06-13,european,FRC1,Bourgogne,2,DTE,255560
36,1999-06-13,european,FRC1,Bourgogne,2,DVD,261160
37,1999-06-13,european,FRC1,Bourgogne,2,ECO,26988
38,1999-06-13,european,FRC1,Bourgogne,2,EXG,92444
39,1999-06-13,european,FRC1,Bourgogne,2,FRN,105160
40,1999-06-13,european,FRC1,Bourgogne,2,GAU,449800
41,1999-06-13,european,FRC1,Bourgogne,2,MNA,61620
42,1999-06-13,european,FRC1,Bourgogne,2,REG,72
43,1999-06-13,european,FRC1,Bourgogne,2,UDF,166368
44,1999-06-13,european,FRC1,Bourgogne,2,VEC,164720
45,1999-06-13,european,FRC2,Franche-Comté,0,eligible_voters,3064860
46,1999-06-13,european,FRC2,Franche-Comté,1,issued_ballots,1520532
47,1999-06-13,european,FRC2,Franche-Comté,2,COM,65252
48,1999-06-13,european,FRC2,Franche-Comté,2,CPNT,86948
49,1999-06-13,european,FRC2,Franche-Comté,2,DIV,54244
50,1999-06-13,european,FRC2,Franche-Comté,2,DTE,210240
51,1999-06-13,european,FRC2,Franche-Comté,2,DVD,178480
52,1999-06-13,european,FRC2,Franche-Comté,2,ECO,22524
53,1999-06-13,european,FRC2,Franche-Comté,2,EXG,74368
54,1999-06-13,european,FRC2,Franche-Comté,2,FRN,83592
55,1999-06-13,european,FRC2,Franche-Comté,2,GAU,323784
56,1999-06-13,european,FRC2,Franche-Comté,2,MNA,48100
57,1999-06-13,european,FRC2,Franche-Comté,2,REG,248
58,1999-06-13,european,FRC2,Franche-Comté,2,UDF,117296
59,1999-06-13,european,FRC2,Franche-Comté,2,VEC,143908
60,1999-06-13,european,FRD1,Basse-Normandie ,0,eligible_voters,3039705
61,1999-06-13,european,FRD1,Basse-Normandie ,1,issued_ballots,1502259
62,1999-06-13,european,FRD1,Basse-Normandie ,2,COM,59568
63,1999-06-13,european,FRD1,Basse-Normandie ,2,CPNT,192393
64,1999-06-13,european,FRD1,Basse-Normandie ,2,DIV,62160
65,1999-06-13,european,FRD1,Basse-Normandie ,2,DTE,190389
66,1999-06-13,european,FRD1,Basse-Normandie ,2,DVD,179760
67,1999-06-13,european,FRD1,Basse-Normandie ,2,ECO,20478
68,1999-06-13,european,FRD1,Basse-Normandie ,2,EXG,70812
69,1999-06-13,european,FRD1,Basse-Normandie ,2,FRN,70788
70,1999-06-13,european,FRD1,Basse-Normandie ,2,GAU,277575
71,1999-06-13,european,FRD1,Basse-Normandie ,2,MNA,26469
72,1999-06-13,european,FRD1,Basse-Normandie ,2,REG,171
73,1999-06-13,european,FRD1,Basse-Normandie ,2,UDF,139896
74,1999-06-13,european,FRD1,Basse-Normandie ,2,VEC,122865
75,1999-06-13,european,FRD2,Haute-Normandie ,0,eligible_voters,2382864
76,1999-06-13,european,FRD2,Haute-Normandie ,1,issued_ballots,1142160
77,1999-06-13,european,FRD2,Haute-Normandie ,2,COM,86934
78,1999-06-13,european,FRD2,Haute-Normandie ,2,CPNT,72346
79,1999-06-13,european,FRD2,Haute-Normandie ,2,DIV,44062
80,1999-06-13,european,FRD2,Haute-Normandie ,2,DTE,125178
81,1999-06-13,european,FRD2,Haute-Normandie ,2,DVD,133140
82,1999-06-13,european,FRD2,Haute-Normandie ,2,ECO,17180
83,1999-06-13,european,FRD2,Haute-Normandie ,2,EXG,68964
84,1999-06-13,european,FRD2,Haute-Normandie ,2,FRN,70398
85,1999-06-13,european,FRD2,Haute-Normandie ,2,GAU,233928
86,1999-06-13,european,FRD2,Haute-Normandie ,2,MNA,36734
87,1999-06-13,european,FRD2,Haute-Normandie ,2,REG,74
88,1999-06-13,european,FRD2,Haute-Normandie ,2,UDF,85684
89,1999-06-13,european,FRD2,Haute-Normandie ,2,VEC,97422
90,1999-06-13,european,FRE1,Nord-Pas de Calais,0,eligible_voters,5458582
91,1999-06-13,european,FRE1,Nord-Pas de Calais,1,issued_ballots,2620840
92,1999-06-13,european,FRE1,Nord-Pas de Calais,2,COM,227486
93,1999-06-13,european,FRE1,Nord-Pas de Calais,2,CPNT,214270
94,1999-06-13,european,FRE1,Nord-Pas de Calais,2,DIV,112688
95,1999-06-13,european,FRE1,Nord-Pas de Calais,2,DTE,249650
96,1999-06-13,european,FRE1,Nord-Pas de Calais,2,DVD,270748
97,1999-06-13,european,FRE1,Nord-Pas de Calais,2,ECO,41612
98,1999-06-13,european,FRE1,Nord-Pas de Calais,2,EXG,166666
99,1999-06-13,european,FRE1,Nord-Pas de Calais,2,FRN,184366
100,1999-06-13,european,FRE1,Nord-Pas de Calais,2,GAU,540726
101,1999-06-13,european,FRE1,Nord-Pas de Calais,2,MNA,67704
102,1999-06-13,european,FRE1,Nord-Pas de Calais,2,REG,708
103,1999-06-13,european,FRE1,Nord-Pas de Calais,2,UDF,177858
104,1999-06-13,european,FRE1,Nord-Pas de Calais,2,VEC,186674
105,1999-06-13,european,FRE2,Picardie,0,eligible_voters,3774861
106,1999-06-13,european,FRE2,Picardie,1,issued_ballots,1918890
107,1999-06-13,european,FRE2,Picardie,2,COM,134895
108,1999-06-13,european,FRE2,Picardie,2,CPNT,254361
109,1999-06-13,european,FRE2,Picardie,2,DIV,73182
110,1999-06-13,european,FRE2,Picardie,2,DTE,189204
111,1999-06-13,european,FRE2,Picardie,2,DVD,209703
112,1999-06-13,european,FRE2,Picardie,2,ECO,26877
113,1999-06-13,european,FRE2,Picardie,2,EXG,113676
114,1999-06-13,european,FRE2,Picardie,2,FRN,143199
115,1999-06-13,european,FRE2,Picardie,2,GAU,343356
116,1999-06-13,european,FRE2,Picardie,2,MNA,58416
117,1999-06-13,european,FRE2,Picardie,2,REG,306
118,1999-06-13,european,FRE2,Picardie,2,UDF,125343
119,1999-06-13,european,FRE2,Picardie,2,VEC,127710
120,1999-06-13,european,FRF1,Alsace,0,eligible_voters,2265180
121,1999-06-13,european,FRF1,Alsace,1,issued_ballots,967232
122,1999-06-13,european,FRF1,Alsace,2,COM,19724
123,1999-06-13,european,FRF1,Alsace,2,CPNT,13924
124,1999-06-13,european,FRF1,Alsace,2,DIV,42172
125,1999-06-13,european,FRF1,Alsace,2,DTE,131142
126,1999-06-13,european,FRF1,Alsace,2,DVD,93606
127,1999-06-13,european,FRF1,Alsace,2,ECO,36316
128,1999-06-13,european,FRF1,Alsace,2,EXG,43362
129,1999-06-13,european,FRF1,Alsace,2,FRN,76574
130,1999-06-13,european,FRF1,Alsace,2,GAU,156326
131,1999-06-13,european,FRF1,Alsace,2,MNA,41052
132,1999-06-13,european,FRF1,Alsace,2,REG,136
133,1999-06-13,european,FRF1,Alsace,2,UDF,136784
134,1999-06-13,european,FRF1,Alsace,2,VEC,109236
135,1999-06-13,european,FRF2,Champagne-Ardenne,0,eligible_voters,3586332
136,1999-06-13,european,FRF2,Champagne-Ardenne,1,issued_ballots,1587884
137,1999-06-13,european,FRF2,Champagne-Ardenne,2,COM,85632
138,1999-06-13,european,FRF2,Champagne-Ardenne,2,CPNT,99356
139,1999-06-13,european,FRF2,Champagne-Ardenne,2,DIV,62244
140,1999-06-13,european,FRF2,Champagne-Ardenne,2,DTE,213540
141,1999-06-13,european,FRF2,Champagne-Ardenne,2,DVD,201604
142,1999-06-13,european,FRF2,Champagne-Ardenne,2,ECO,23928
143,1999-06-13,european,FRF2,Champagne-Ardenne,2,EXG,78256
144,1999-06-13,european,FRF2,Champagne-Ardenne,2,FRN,111724
145,1999-06-13,european,FRF2,Champagne-Ardenne,2,GAU,296980
146,1999-06-13,european,FRF2,Champagne-Ardenne,2,MNA,55492
147,1999-06-13,european,FRF2,Champagne-Ardenne,2,REG,732
148,1999-06-13,european,FRF2,Champagne-Ardenne,2,UDF,135128
149,1999-06-13,european,FRF2,Champagne-Ardenne,2,VEC,122952
150,1999-06-13,european,FRF3,Lorraine,0,eligible_voters,6375444
151,1999-06-13,european,FRF3,Lorraine,1,issued_ballots,2686536
152,1999-06-13,european,FRF3,Lorraine,2,COM,125144
153,1999-06-13,european,FRF3,Lorraine,2,CPNT,93132
154,1999-06-13,european,FRF3,Lorraine,2,DIV,112140
155,1999-06-13,european,FRF3,Lorraine,2,DTE,315140
156,1999-06-13,european,FRF3,Lorraine,2,DVD,325288
157,1999-06-13,european,FRF3,Lorraine,2,ECO,49856
158,1999-06-13,european,FRF3,Lorraine,2,EXG,151432
159,1999-06-13,european,FRF3,Lorraine,2,FRN,193432
160,1999-06-13,european,FRF3,Lorraine,2,GAU,545472
161,1999-06-13,european,FRF3,Lorraine,2,MNA,96440
162,1999-06-13,european,FRF3,Lorraine,2,REG,456
163,1999-06-13,european,FRF3,Lorraine,2,UDF,247824
164,1999-06-13,european,FRF3,Lorraine,2,VEC,241620
165,1999-06-13,european,FRG0,Pays de la Loire,0,eligible_voters,11434775
166,1999-06-13,european,FRG0,Pays de la Loire,1,issued_ballots,5456165
167,1999-06-13,european,FRG0,Pays de la Loire,2,COM,226610
168,1999-06-13,european,FRG0,Pays de la Loire,2,CPNT,355870
169,1999-06-13,european,FRG0,Pays de la Loire,2,DIV,204295
170,1999-06-13,european,FRG0,Pays de la Loire,2,DTE,631435
171,1999-06-13,european,FRG0,Pays de la Loire,2,DVD,860400
172,1999-06-13,european,FRG0,Pays de la Loire,2,ECO,72270
173,1999-06-13,european,FRG0,Pays de la Loire,2,EXG,235140
174,1999-06-13,european,FRG0,Pays de la Loire,2,FRN,177420
175,1999-06-13,european,FRG0,Pays de la Loire,2,GAU,1147640
176,1999-06-13,european,FRG0,Pays de la Loire,2,MNA,79255
177,1999-06-13,european,FRG0,Pays de la Loire,2,REG,715
178,1999-06-13,european,FRG0,Pays de la Loire,2,UDF,580300
179,1999-06-13,european,FRG0,Pays de la Loire,2,VEC,510810
180,1999-06-13,european,FRH0,Bretagne,0,eligible_voters,8543832
181,1999-06-13,european,FRH0,Bretagne,1,issued_ballots,4195136
182,1999-06-13,european,FRH0,Bretagne,2,COM,227492
183,1999-06-13,european,FRH0,Bretagne,2,CPNT,235680
184,1999-06-13,european,FRH0,Bretagne,2,DIV,156012
185,1999-06-13,european,FRH0,Bretagne,2,DTE,619984
186,1999-06-13,european,FRH0,Bretagne,2,DVD,404500
187,1999-06-13,european,FRH0,Bretagne,2,ECO,58116
188,1999-06-13,european,FRH0,Bretagne,2,EXG,206292
189,1999-06-13,european,FRH0,Bretagne,2,FRN,144124
190,1999-06-13,european,FRH0,Bretagne,2,GAU,963736
191,1999-06-13,european,FRH0,Bretagne,2,MNA,56760
192,1999-06-13,european,FRH0,Bretagne,2,REG,988
193,1999-06-13,european,FRH0,Bretagne,2,UDF,442300
194,1999-06-13,european,FRH0,Bretagne,2,VEC,450872
195,1999-06-13,european,FRI1,Aquitaine,0,eligible_voters,10282500
196,1999-06-13,european,FRI1,Aquitaine,1,issued_ballots,5337160
197,1999-06-13,european,FRI1,Aquitaine,2,COM,356010
198,1999-06-13,european,FRI1,Aquitaine,2,CPNT,588770
199,1999-06-13,european,FRI1,Aquitaine,2,DIV,187590
200,1999-06-13,european,FRI1,Aquitaine,2,DTE,548940
201,1999-06-13,european,FRI1,Aquitaine,2,DVD,555495
202,1999-06-13,european,FRI1,Aquitaine,2,ECO,58205
203,1999-06-13,european,FRI1,Aquitaine,2,EXG,235680
204,1999-06-13,european,FRI1,Aquitaine,2,FRN,206430
205,1999-06-13,european,FRI1,Aquitaine,2,GAU,1203425
206,1999-06-13,european,FRI1,Aquitaine,2,MNA,114005
207,1999-06-13,european,FRI1,Aquitaine,2,REG,345
208,1999-06-13,european,FRI1,Aquitaine,2,UDF,536530
209,1999-06-13,european,FRI1,Aquitaine,2,VEC,412845
210,1999-06-13,european,FRI2,Limousin,0,eligible_voters,1646100
211,1999-06-13,european,FRI2,Limousin,1,issued_ballots,881199
212,1999-06-13,european,FRI2,Limousin,2,COM,84309
213,1999-06-13,european,FRI2,Limousin,2,CPNT,61461
214,1999-06-13,european,FRI2,Limousin,2,DIV,26979
215,1999-06-13,european,FRI2,Limousin,2,DTE,120939
216,1999-06-13,european,FRI2,Limousin,2,DVD,95118
217,1999-06-13,european,FRI2,Limousin,2,ECO,7266
218,1999-06-13,european,FRI2,Limousin,2,EXG,40809
219,1999-06-13,european,FRI2,Limousin,2,FRN,24012
220,1999-06-13,european,FRI2,Limousin,2,GAU,228876
221,1999-06-13,european,FRI2,Limousin,2,MNA,12939
222,1999-06-13,european,FRI2,Limousin,2,REG,33
223,1999-06-13,european,FRI2,Limousin,2,UDF,42591
224,1999-06-13,european,FRI2,Limousin,2,VEC,55269
225,1999-06-13,european,FRI3,Poitou-Charentes,0,eligible_voters,4818488
226,1999-06-13,european,FRI3,Poitou-Charentes,1,issued_ballots,2343244
227,1999-06-13,european,FRI3,Poitou-Charentes,2,COM,127612
228,1999-06-13,european,FRI3,Poitou-Charentes,2,CPNT,260544
229,1999-06-13,european,FRI3,Poitou-Charentes,2,DIV,87344
230,1999-06-13,european,FRI3,Poitou-Charentes,2,DTE,260340
231,1999-06-13,european,FRI3,Poitou-Charentes,2,DVD,285568
232,1999-06-13,european,FRI3,Poitou-Charentes,2,ECO,27748
233,1999-06-13,european,FRI3,Poitou-Charentes,2,EXG,101276
234,1999-06-13,european,FRI3,Poitou-Charentes,2,FRN,79176
235,1999-06-13,european,FRI3,Poitou-Charentes,2,GAU,513912
236,1999-06-13,european,FRI3,Poitou-Charentes,2,MNA,41012
237,1999-06-13,european,FRI3,Poitou-Charentes,2,REG,312
238,1999-06-13,european,FRI3,Poitou-Charentes,2,UDF,197776
239,1999-06-13,european,FRI3,Poitou-Charentes,2,VEC,198348
240,1999-06-13,european,FRJ1,Languedoc-Roussillon,0,eligible_voters,7913575
241,1999-06-13,european,FRJ1,Languedoc-Roussillon,1,issued_ballots,3964555
242,1999-06-13,european,FRJ1,Languedoc-Roussillon,2,COM,321890
243,1999-06-13,european,FRJ1,Languedoc-Roussillon,2,CPNT,367880
244,1999-06-13,european,FRJ1,Languedoc-Roussillon,2,DIV,126725
245,1999-06-13,european,FRJ1,Languedoc-Roussillon,2,DTE,360900
246,1999-06-13,european,FRJ1,Languedoc-Roussillon,2,DVD,524535
247,1999-06-13,european,FRJ1,Languedoc-Roussillon,2,ECO,46860
248,1999-06-13,european,FRJ1,Languedoc-Roussillon,2,EXG,176760
249,1999-06-13,european,FRJ1,Languedoc-Roussillon,2,FRN,238025
250,1999-06-13,european,FRJ1,Languedoc-Roussillon,2,GAU,824740
251,1999-06-13,european,FRJ1,Languedoc-Roussillon,2,MNA,172285
252,1999-06-13,european,FRJ1,Languedoc-Roussillon,2,REG,175
253,1999-06-13,european,FRJ1,Languedoc-Roussillon,2,UDF,251770
254,1999-06-13,european,FRJ1,Languedoc-Roussillon,2,VEC,330810
255,1999-06-13,european,FRJ2,Midi-Pyrénées,0,eligible_voters,14669920
256,1999-06-13,european,FRJ2,Midi-Pyrénées,1,issued_ballots,7784368
257,1999-06-13,european,FRJ2,Midi-Pyrénées,2,COM,478256
258,1999-06-13,european,FRJ2,Midi-Pyrénées,2,CPNT,611296
259,1999-06-13,european,FRJ2,Midi-Pyrénées,2,DIV,262208
260,1999-06-13,european,FRJ2,Midi-Pyrénées,2,DTE,735840
261,1999-06-13,european,FRJ2,Midi-Pyrénées,2,DVD,898792
262,1999-06-13,european,FRJ2,Midi-Pyrénées,2,ECO,95648
263,1999-06-13,european,FRJ2,Midi-Pyrénées,2,EXG,388504
264,1999-06-13,european,FRJ2,Midi-Pyrénées,2,FRN,308024
265,1999-06-13,european,FRJ2,Midi-Pyrénées,2,GAU,1958432
266,1999-06-13,european,FRJ2,Midi-Pyrénées,2,MNA,181216
267,1999-06-13,european,FRJ2,Midi-Pyrénées,2,REG,648
268,1999-06-13,european,FRJ2,Midi-Pyrénées,2,UDF,660376
269,1999-06-13,european,FRJ2,Midi-Pyrénées,2,VEC,657760
270,1999-06-13,european,FRK1,Auvergne,0,eligible_voters,3846880
271,1999-06-13,european,FRK1,Auvergne,1,issued_ballots,1836880
272,1999-06-13,european,FRK1,Auvergne,2,COM,147224
273,1999-06-13,european,FRK1,Auvergne,2,CPNT,85248
274,1999-06-13,european,FRK1,Auvergne,2,DIV,61672
275,1999-06-13,european,FRK1,Auvergne,2,DTE,230480
276,1999-06-13,european,FRK1,Auvergne,2,DVD,229384
277,1999-06-13,european,FRK1,Auvergne,2,ECO,24128
278,1999-06-13,european,FRK1,Auvergne,2,EXG,91352
279,1999-06-13,european,FRK1,Auvergne,2,FRN,66252
280,1999-06-13,european,FRK1,Auvergne,2,GAU,409516
281,1999-06-13,european,FRK1,Auvergne,2,MNA,38372
282,1999-06-13,european,FRK1,Auvergne,2,REG,316
283,1999-06-13,european,FRK1,Auvergne,2,UDF,176260
284,1999-06-13,european,FRK1,Auvergne,2,VEC,136048
285,1999-06-13,european,FRK2,Rhône-Alpes,0,eligible_voters,28460864
286,1999-06-13,european,FRK2,Rhône-Alpes,1,issued_ballots,12718272
287,1999-06-13,european,FRK2,Rhône-Alpes,2,COM,758888
288,1999-06-13,european,FRK2,Rhône-Alpes,2,CPNT,582696
289,1999-06-13,european,FRK2,Rhône-Alpes,2,DIV,459152
290,1999-06-13,european,FRK2,Rhône-Alpes,2,DTE,1495008
291,1999-06-13,european,FRK2,Rhône-Alpes,2,DVD,1692984
292,1999-06-13,european,FRK2,Rhône-Alpes,2,ECO,196184
293,1999-06-13,european,FRK2,Rhône-Alpes,2,EXG,589680
294,1999-06-13,european,FRK2,Rhône-Alpes,2,FRN,709192
295,1999-06-13,european,FRK2,Rhône-Alpes,2,GAU,2549968
296,1999-06-13,european,FRK2,Rhône-Alpes,2,MNA,474456
297,1999-06-13,european,FRK2,Rhône-Alpes,2,REG,2424
298,1999-06-13,european,FRK2,Rhône-Alpes,2,UDF,1217000
299,1999-06-13,european,FRK2,Rhône-Alpes,2,VEC,1316288
300,1999-06-13,european,FRL0,Provence-Alpes-Côte d’Azur,0,eligible_voters,17419320
301,1999-06-13,european,FRL0,Provence-Alpes-Côte d’Azur,1,issued_ballots,7973130
302,1999-06-13,european,FRL0,Provence-Alpes-Côte d’Azur,2,COM,586818
303,1999-06-13,european,FRL0,Provence-Alpes-Côte d’Azur,2,CPNT,495690
304,1999-06-13,european,FRL0,Provence-Alpes-Côte d’Azur,2,DIV,244848
305,1999-06-13,european,FRL0,Provence-Alpes-Côte d’Azur,2,DTE,875058
306,1999-06-13,european,FRL0,Provence-Alpes-Côte d’Azur,2,DVD,1245810
307,1999-06-13,european,FRL0,Provence-Alpes-Côte d’Azur,2,ECO,117120
308,1999-06-13,european,FRL0,Provence-Alpes-Côte d’Azur,2,EXG,323328
309,1999-06-13,european,FRL0,Provence-Alpes-Côte d’Azur,2,FRN,597990
310,1999-06-13,european,FRL0,Provence-Alpes-Côte d’Azur,2,GAU,1387806
311,1999-06-13,european,FRL0,Provence-Alpes-Côte d’Azur,2,MNA,520932
312,1999-06-13,european,FRL0,Provence-Alpes-Côte d’Azur,2,REG,600
313,1999-06-13,european,FRL0,Provence-Alpes-Côte d’Azur,2,UDF,536508
314,1999-06-13,european,FRL0,Provence-Alpes-Côte d’Azur,2,VEC,678528
315,1999-06-13,european,FRM0,Corse,0,eligible_voters,364582
316,1999-06-13,european,FRM0,Corse,1,issued_ballots,115534
317,1999-06-13,european,FRM0,Corse,2,COM,11226
318,1999-06-13,european,FRM0,Corse,2,CPNT,11006
319,1999-06-13,european,FRM0,Corse,2,DIV,1990
320,1999-06-13,european,FRM0,Corse,2,DTE,28320
321,1999-06-13,european,FRM0,Corse,2,DVD,14616
322,1999-06-13,european,FRM0,Corse,2,ECO,1670
323,1999-06-13,european,FRM0,Corse,2,EXG,3434
324,1999-06-13,european,FRM0,Corse,2,FRN,3560
325,1999-06-13,european,FRM0,Corse,2,GAU,22458
326,1999-06-13,european,FRM0,Corse,2,MNA,2490
327,1999-06-13,european,FRM0,Corse,2,REG,2
328,1999-06-13,european,FRM0,Corse,2,UDF,4758
329,1999-06-13,european,FRM0,Corse,2,VEC,6700
330,1999-06-13,european,FRY1,Guadeloupe,0,eligible_voters,262036
331,1999-06-13,european,FRY1,Guadeloupe,1,issued_ballots,30774
332,1999-06-13,european,FRY1,Guadeloupe,2,COM,703
333,1999-06-13,european,FRY1,Guadeloupe,2,CPNT,64
334,1999-06-13,european,FRY1,Guadeloupe,2,DIV,2472
335,1999-06-13,european,FRY1,Guadeloupe,2,DTE,6960
336,1999-06-13,european,FRY1,Guadeloupe,2,DVD,5845
337,1999-06-13,european,FRY1,Guadeloupe,2,ECO,2
338,1999-06-13,european,FRY1,Guadeloupe,2,EXG,657
339,1999-06-13,european,FRY1,Guadeloupe,2,FRN,430
340,1999-06-13,european,FRY1,Guadeloupe,2,GAU,7124
341,1999-06-13,european,FRY1,Guadeloupe,2,MNA,189
342,1999-06-13,european,FRY1,Guadeloupe,2,REG,5
343,1999-06-13,european,FRY1,Guadeloupe,2,UDF,695
344,1999-06-13,european,FRY1,Guadeloupe,2,VEC,1337
345,1999-06-13,european,FRY2,Martinique ,0,eligible_voters,268436
346,1999-06-13,european,FRY2,Martinique ,1,issued_ballots,29127
347,1999-06-13,european,FRY2,Martinique ,2,COM,1155
348,1999-06-13,european,FRY2,Martinique ,2,CPNT,0
349,1999-06-13,european,FRY2,Martinique ,2,DIV,1338
350,1999-06-13,european,FRY2,Martinique ,2,DTE,7463
351,1999-06-13,european,FRY2,Martinique ,2,DVD,1900
352,1999-06-13,european,FRY2,Martinique ,2,ECO,10
353,1999-06-13,european,FRY2,Martinique ,2,EXG,775
354,1999-06-13,european,FRY2,Martinique ,2,FRN,255
355,1999-06-13,european,FRY2,Martinique ,2,GAU,7303
356,1999-06-13,european,FRY2,Martinique ,2,MNA,187
357,1999-06-13,european,FRY2,Martinique ,2,REG,1707
358,1999-06-13,european,FRY2,Martinique ,2,UDF,2377
359,1999-06-13,european,FRY2,Martinique ,2,VEC,1066
360,1999-06-13,european,FRY3,Guyane,0,eligible_voters,43731
361,1999-06-13,european,FRY3,Guyane,1,issued_ballots,6321
362,1999-06-13,european,FRY3,Guyane,2,COM,206
363,1999-06-13,european,FRY3,Guyane,2,CPNT,1
364,1999-06-13,european,FRY3,Guyane,2,DIV,239
365,1999-06-13,european,FRY3,Guyane,2,DTE,1254
366,1999-06-13,european,FRY3,Guyane,2,DVD,662
367,1999-06-13,european,FRY3,Guyane,2,ECO,0
368,1999-06-13,european,FRY3,Guyane,2,EXG,334
369,1999-06-13,european,FRY3,Guyane,2,FRN,265
370,1999-06-13,european,FRY3,Guyane,2,GAU,1535
371,1999-06-13,european,FRY3,Guyane,2,MNA,166
372,1999-06-13,european,FRY3,Guyane,2,REG,0
373,1999-06-13,european,FRY3,Guyane,2,UDF,500
374,1999-06-13,european,FRY3,Guyane,2,VEC,626
375,1999-06-13,european,FRY4,La Réunion ,0,eligible_voters,386696
376,1999-06-13,european,FRY4,La Réunion ,1,issued_ballots,128091
377,1999-06-13,european,FRY4,La Réunion ,2,COM,6663
378,1999-06-13,european,FRY4,La Réunion ,2,CPNT,700
379,1999-06-13,european,FRY4,La Réunion ,2,DIV,9771
380,1999-06-13,european,FRY4,La Réunion ,2,DTE,22396
381,1999-06-13,european,FRY4,La Réunion ,2,DVD,5653
382,1999-06-13,european,FRY4,La Réunion ,2,ECO,0
383,1999-06-13,european,FRY4,La Réunion ,2,EXG,3101
384,1999-06-13,european,FRY4,La Réunion ,2,FRN,2583
385,1999-06-13,european,FRY4,La Réunion ,2,GAU,40086
386,1999-06-13,european,FRY4,La Réunion ,2,MNA,1971
387,1999-06-13,european,FRY4,La Réunion ,2,REG,20
388,1999-06-13,european,FRY4,La Réunion ,2,UDF,18174
389,1999-06-13,european,FRY4,La Réunion ,2,VEC,6940
390,2002-04-21,president_a,FR10,Ile-de-France,0,eligible_voters,48304536
391,2002-04-21,president_a,FR10,Ile-de-France,1,issued_ballots,32802344
392,2002-04-21,president_a,FR10,Ile-de-France,2,Bayrou,2391968
393,2002-04-21,president_a,FR10,Ile-de-France,2,Besancenot,1111872
394,2002-04-21,president_a,FR10,Ile-de-France,2,Boutin,401800
395,2002-04-21,president_a,FR10,Ile-de-France,2,Chevenement,2125264
396,2002-04-21,president_a,FR10,Ile-de-France,2,Chirac,6706312
397,2002-04-21,president_a,FR10,Ile-de-France,2,Gluckstein,129360
398,2002-04-21,president_a,FR10,Ile-de-France,2,Hue,1135912
399,2002-04-21,president_a,FR10,Ile-de-France,2,Jospin,5440064
400,2002-04-21,president_a,FR10,Ile-de-France,2,Laguiller,1464704
401,2002-04-21,president_a,FR10,Ile-de-France,2,LePen,4669144
402,2002-04-21,president_a,FR10,Ile-de-France,2,Lepage,721896
403,2002-04-21,president_a,FR10,Ile-de-France,2,Madelin,1602096
404,2002-04-21,president_a,FR10,Ile-de-France,2,Mamere,1972840
405,2002-04-21,president_a,FR10,Ile-de-France,2,Megret,634688
406,2002-04-21,president_a,FR10,Ile-de-France,2,Saint-Josse,375792
407,2002-04-21,president_a,FR10,Ile-de-France,2,Taubira,1154760
408,2002-04-21,president_a,FRB0,Centre — Val de Loire,0,eligible_voters,10236036
409,2002-04-21,president_a,FRB0,Centre — Val de Loire,1,issued_ballots,7610082
410,2002-04-21,president_a,FRB0,Centre — Val de Loire,2,Bayrou,494490
411,2002-04-21,president_a,FRB0,Centre — Val de Loire,2,Besancenot,303570
412,2002-04-21,president_a,FRB0,Centre — Val de Loire,2,Boutin,91206
413,2002-04-21,president_a,FRB0,Centre — Val de Loire,2,Chevenement,374898
414,2002-04-21,president_a,FRB0,Centre — Val de Loire,2,Chirac,1465440
415,2002-04-21,president_a,FRB0,Centre — Val de Loire,2,Gluckstein,39072
416,2002-04-21,president_a,FRB0,Centre — Val de Loire,2,Hue,256782
417,2002-04-21,president_a,FRB0,Centre — Val de Loire,2,Jospin,1105044
418,2002-04-21,president_a,FRB0,Centre — Val de Loire,2,Laguiller,446604
419,2002-04-21,president_a,FRB0,Centre — Val de Loire,2,LePen,1262310
420,2002-04-21,president_a,FRB0,Centre — Val de Loire,2,Lepage,140130
421,2002-04-21,president_a,FRB0,Centre — Val de Loire,2,Madelin,295422
422,2002-04-21,president_a,FRB0,Centre — Val de Loire,2,Mamere,330588
423,2002-04-21,president_a,FRB0,Centre — Val de Loire,2,Megret,180744
424,2002-04-21,president_a,FRB0,Centre — Val de Loire,2,Saint-Josse,402810
425,2002-04-21,president_a,FRB0,Centre — Val de Loire,2,Taubira,141252
426,2002-04-21,president_a,FRC1,Bourgogne,0,eligible_voters,4540876
427,2002-04-21,president_a,FRC1,Bourgogne,1,issued_ballots,3347620
428,2002-04-21,president_a,FRC1,Bourgogne,2,Bayrou,211420
429,2002-04-21,president_a,FRC1,Bourgogne,2,Besancenot,146056
430,2002-04-21,president_a,FRC1,Bourgogne,2,Boutin,37568
431,2002-04-21,president_a,FRC1,Bourgogne,2,Chevenement,184212
432,2002-04-21,president_a,FRC1,Bourgogne,2,Chirac,612776
433,2002-04-21,president_a,FRC1,Bourgogne,2,Gluckstein,17908
434,2002-04-21,president_a,FRC1,Bourgogne,2,Hue,108376
435,2002-04-21,president_a,FRC1,Bourgogne,2,Jospin,521924
436,2002-04-21,president_a,FRC1,Bourgogne,2,Laguiller,188476
437,2002-04-21,president_a,FRC1,Bourgogne,2,LePen,588184
438,2002-04-21,president_a,FRC1,Bourgogne,2,Lepage,56248
439,2002-04-21,president_a,FRC1,Bourgogne,2,Madelin,132552
440,2002-04-21,president_a,FRC1,Bourgogne,2,Mamere,142052
441,2002-04-21,president_a,FRC1,Bourgogne,2,Megret,88428
442,2002-04-21,president_a,FRC1,Bourgogne,2,Saint-Josse,129904
443,2002-04-21,president_a,FRC1,Bourgogne,2,Taubira,55348
444,2002-04-21,president_a,FRC2,Franche-Comté,0,eligible_voters,3120820
445,2002-04-21,president_a,FRC2,Franche-Comté,1,issued_ballots,2382312
446,2002-04-21,president_a,FRC2,Franche-Comté,2,Bayrou,139940
447,2002-04-21,president_a,FRC2,Franche-Comté,2,Besancenot,107216
448,2002-04-21,president_a,FRC2,Franche-Comté,2,Boutin,30520
449,2002-04-21,president_a,FRC2,Franche-Comté,2,Chevenement,223640
450,2002-04-21,president_a,FRC2,Franche-Comté,2,Chirac,405312
451,2002-04-21,president_a,FRC2,Franche-Comté,2,Gluckstein,11928
452,2002-04-21,president_a,FRC2,Franche-Comté,2,Hue,48328
453,2002-04-21,president_a,FRC2,Franche-Comté,2,Jospin,309552
454,2002-04-21,president_a,FRC2,Franche-Comté,2,Laguiller,127944
455,2002-04-21,president_a,FRC2,Franche-Comté,2,LePen,457504
456,2002-04-21,president_a,FRC2,Franche-Comté,2,Lepage,41408
457,2002-04-21,president_a,FRC2,Franche-Comté,2,Madelin,82616
458,2002-04-21,president_a,FRC2,Franche-Comté,2,Mamere,111812
459,2002-04-21,president_a,FRC2,Franche-Comté,2,Megret,75120
460,2002-04-21,president_a,FRC2,Franche-Comté,2,Saint-Josse,79396
461,2002-04-21,president_a,FRC2,Franche-Comté,2,Taubira,37160
462,2002-04-21,president_a,FRD1,Basse-Normandie ,0,eligible_voters,3094197
463,2002-04-21,president_a,FRD1,Basse-Normandie ,1,issued_ballots,2283795
464,2002-04-21,president_a,FRD1,Basse-Normandie ,2,Bayrou,151335
465,2002-04-21,president_a,FRD1,Basse-Normandie ,2,Besancenot,104187
466,2002-04-21,president_a,FRD1,Basse-Normandie ,2,Boutin,27306
467,2002-04-21,president_a,FRD1,Basse-Normandie ,2,Chevenement,100422
468,2002-04-21,president_a,FRD1,Basse-Normandie ,2,Chirac,493470
469,2002-04-21,president_a,FRD1,Basse-Normandie ,2,Gluckstein,11799
470,2002-04-21,president_a,FRD1,Basse-Normandie ,2,Hue,46695
471,2002-04-21,president_a,FRD1,Basse-Normandie ,2,Jospin,320559
472,2002-04-21,president_a,FRD1,Basse-Normandie ,2,Laguiller,153066
473,2002-04-21,president_a,FRD1,Basse-Normandie ,2,LePen,325209
474,2002-04-21,president_a,FRD1,Basse-Normandie ,2,Lepage,45756
475,2002-04-21,president_a,FRD1,Basse-Normandie ,2,Madelin,85578
476,2002-04-21,president_a,FRD1,Basse-Normandie ,2,Mamere,102477
477,2002-04-21,president_a,FRD1,Basse-Normandie ,2,Megret,42879
478,2002-04-21,president_a,FRD1,Basse-Normandie ,2,Saint-Josse,154155
479,2002-04-21,president_a,FRD1,Basse-Normandie ,2,Taubira,41343
480,2002-04-21,president_a,FRD2,Haute-Normandie ,0,eligible_voters,2431974
481,2002-04-21,president_a,FRD2,Haute-Normandie ,1,issued_ballots,1793862
482,2002-04-21,president_a,FRD2,Haute-Normandie ,2,Bayrou,107074
483,2002-04-21,president_a,FRD2,Haute-Normandie ,2,Besancenot,86098
484,2002-04-21,president_a,FRD2,Haute-Normandie ,2,Boutin,16066
485,2002-04-21,president_a,FRD2,Haute-Normandie ,2,Chevenement,81088
486,2002-04-21,president_a,FRD2,Haute-Normandie ,2,Chirac,332174
487,2002-04-21,president_a,FRD2,Haute-Normandie ,2,Gluckstein,9678
488,2002-04-21,president_a,FRD2,Haute-Normandie ,2,Hue,70354
489,2002-04-21,president_a,FRD2,Haute-Normandie ,2,Jospin,275494
490,2002-04-21,president_a,FRD2,Haute-Normandie ,2,Laguiller,131212
491,2002-04-21,president_a,FRD2,Haute-Normandie ,2,LePen,299582
492,2002-04-21,president_a,FRD2,Haute-Normandie ,2,Lepage,30794
493,2002-04-21,president_a,FRD2,Haute-Normandie ,2,Madelin,58882
494,2002-04-21,president_a,FRD2,Haute-Normandie ,2,Mamere,82398
495,2002-04-21,president_a,FRD2,Haute-Normandie ,2,Megret,47702
496,2002-04-21,president_a,FRD2,Haute-Normandie ,2,Saint-Josse,72848
497,2002-04-21,president_a,FRD2,Haute-Normandie ,2,Taubira,32946
498,2002-04-21,president_a,FRE1,Nord-Pas de Calais,0,eligible_voters,5538760
499,2002-04-21,president_a,FRE1,Nord-Pas de Calais,1,issued_ballots,3981572
500,2002-04-21,president_a,FRE1,Nord-Pas de Calais,2,Bayrou,228434
501,2002-04-21,president_a,FRE1,Nord-Pas de Calais,2,Besancenot,168844
502,2002-04-21,president_a,FRE1,Nord-Pas de Calais,2,Boutin,37624
503,2002-04-21,president_a,FRE1,Nord-Pas de Calais,2,Chevenement,187598
504,2002-04-21,president_a,FRE1,Nord-Pas de Calais,2,Chirac,663840
505,2002-04-21,president_a,FRE1,Nord-Pas de Calais,2,Gluckstein,19210
506,2002-04-21,president_a,FRE1,Nord-Pas de Calais,2,Hue,194384
507,2002-04-21,president_a,FRE1,Nord-Pas de Calais,2,Jospin,654942
508,2002-04-21,president_a,FRE1,Nord-Pas de Calais,2,Laguiller,294150
509,2002-04-21,president_a,FRE1,Nord-Pas de Calais,2,LePen,730690
510,2002-04-21,president_a,FRE1,Nord-Pas de Calais,2,Lepage,49102
511,2002-04-21,president_a,FRE1,Nord-Pas de Calais,2,Madelin,123862
512,2002-04-21,president_a,FRE1,Nord-Pas de Calais,2,Mamere,168812
513,2002-04-21,president_a,FRE1,Nord-Pas de Calais,2,Megret,93268
514,2002-04-21,president_a,FRE1,Nord-Pas de Calais,2,Saint-Josse,177988
515,2002-04-21,president_a,FRE1,Nord-Pas de Calais,2,Taubira,45912
516,2002-04-21,president_a,FRE2,Picardie,0,eligible_voters,3819942
517,2002-04-21,president_a,FRE2,Picardie,1,issued_ballots,2842287
518,2002-04-21,president_a,FRE2,Picardie,2,Bayrou,162894
519,2002-04-21,president_a,FRE2,Picardie,2,Besancenot,119985
520,2002-04-21,president_a,FRE2,Picardie,2,Boutin,26544
521,2002-04-21,president_a,FRE2,Picardie,2,Chevenement,129618
522,2002-04-21,president_a,FRE2,Picardie,2,Chirac,501390
523,2002-04-21,president_a,FRE2,Picardie,2,Gluckstein,16437
524,2002-04-21,president_a,FRE2,Picardie,2,Hue,106272
525,2002-04-21,president_a,FRE2,Picardie,2,Jospin,391560
526,2002-04-21,president_a,FRE2,Picardie,2,Laguiller,209724
527,2002-04-21,president_a,FRE2,Picardie,2,LePen,557640
528,2002-04-21,president_a,FRE2,Picardie,2,Lepage,44649
529,2002-04-21,president_a,FRE2,Picardie,2,Madelin,86856
530,2002-04-21,president_a,FRE2,Picardie,2,Mamere,108675
531,2002-04-21,president_a,FRE2,Picardie,2,Megret,74508
532,2002-04-21,president_a,FRE2,Picardie,2,Saint-Josse,173505
533,2002-04-21,president_a,FRE2,Picardie,2,Taubira,41595
534,2002-04-21,president_a,FRF1,Alsace,0,eligible_voters,2306750
535,2002-04-21,president_a,FRF1,Alsace,1,issued_ballots,1703432
536,2002-04-21,president_a,FRF1,Alsace,2,Bayrou,177058
537,2002-04-21,president_a,FRF1,Alsace,2,Besancenot,56886
538,2002-04-21,president_a,FRF1,Alsace,2,Boutin,26992
539,2002-04-21,president_a,FRF1,Alsace,2,Chevenement,86338
540,2002-04-21,president_a,FRF1,Alsace,2,Chirac,301636
541,2002-04-21,president_a,FRF1,Alsace,2,Gluckstein,7476
542,2002-04-21,president_a,FRF1,Alsace,2,Hue,16058
543,2002-04-21,president_a,FRF1,Alsace,2,Jospin,180988
544,2002-04-21,president_a,FRF1,Alsace,2,Laguiller,80338
545,2002-04-21,president_a,FRF1,Alsace,2,LePen,385168
546,2002-04-21,president_a,FRF1,Alsace,2,Lepage,35630
547,2002-04-21,president_a,FRF1,Alsace,2,Madelin,72528
548,2002-04-21,president_a,FRF1,Alsace,2,Mamere,98822
549,2002-04-21,president_a,FRF1,Alsace,2,Megret,71322
550,2002-04-21,president_a,FRF1,Alsace,2,Saint-Josse,16806
551,2002-04-21,president_a,FRF1,Alsace,2,Taubira,29000
552,2002-04-21,president_a,FRF2,Champagne-Ardenne,0,eligible_voters,3607652
553,2002-04-21,president_a,FRF2,Champagne-Ardenne,1,issued_ballots,2592864
554,2002-04-21,president_a,FRF2,Champagne-Ardenne,2,Bayrou,165876
555,2002-04-21,president_a,FRF2,Champagne-Ardenne,2,Besancenot,102704
556,2002-04-21,president_a,FRF2,Champagne-Ardenne,2,Boutin,25968
557,2002-04-21,president_a,FRF2,Champagne-Ardenne,2,Chevenement,114832
558,2002-04-21,president_a,FRF2,Champagne-Ardenne,2,Chirac,501300
559,2002-04-21,president_a,FRF2,Champagne-Ardenne,2,Gluckstein,12508
560,2002-04-21,president_a,FRF2,Champagne-Ardenne,2,Hue,73208
561,2002-04-21,president_a,FRF2,Champagne-Ardenne,2,Jospin,355972
562,2002-04-21,president_a,FRF2,Champagne-Ardenne,2,Laguiller,165628
563,2002-04-21,president_a,FRF2,Champagne-Ardenne,2,LePen,530156
564,2002-04-21,president_a,FRF2,Champagne-Ardenne,2,Lepage,43688
565,2002-04-21,president_a,FRF2,Champagne-Ardenne,2,Madelin,96960
566,2002-04-21,president_a,FRF2,Champagne-Ardenne,2,Mamere,106288
567,2002-04-21,president_a,FRF2,Champagne-Ardenne,2,Megret,74948
568,2002-04-21,president_a,FRF2,Champagne-Ardenne,2,Saint-Josse,104620
569,2002-04-21,president_a,FRF2,Champagne-Ardenne,2,Taubira,35304
570,2002-04-21,president_a,FRF3,Lorraine,0,eligible_voters,6415308
571,2002-04-21,president_a,FRF3,Lorraine,1,issued_ballots,4533012
572,2002-04-21,president_a,FRF3,Lorraine,2,Bayrou,284572
573,2002-04-21,president_a,FRF3,Lorraine,2,Besancenot,201900
574,2002-04-21,president_a,FRF3,Lorraine,2,Boutin,52304
575,2002-04-21,president_a,FRF3,Lorraine,2,Chevenement,221648
576,2002-04-21,president_a,FRF3,Lorraine,2,Chirac,826636
577,2002-04-21,president_a,FRF3,Lorraine,2,Gluckstein,24612
578,2002-04-21,president_a,FRF3,Lorraine,2,Hue,113708
579,2002-04-21,president_a,FRF3,Lorraine,2,Jospin,651728
580,2002-04-21,president_a,FRF3,Lorraine,2,Laguiller,310744
581,2002-04-21,president_a,FRF3,Lorraine,2,LePen,927588
582,2002-04-21,president_a,FRF3,Lorraine,2,Lepage,78512
583,2002-04-21,president_a,FRF3,Lorraine,2,Madelin,152392
584,2002-04-21,president_a,FRF3,Lorraine,2,Mamere,221916
585,2002-04-21,president_a,FRF3,Lorraine,2,Megret,132844
586,2002-04-21,president_a,FRF3,Lorraine,2,Saint-Josse,95064
587,2002-04-21,president_a,FRF3,Lorraine,2,Taubira,72788
588,2002-04-21,president_a,FRG0,Pays de la Loire,0,eligible_voters,11759215
589,2002-04-21,president_a,FRG0,Pays de la Loire,1,issued_ballots,8750070
590,2002-04-21,president_a,FRG0,Pays de la Loire,2,Bayrou,687365
591,2002-04-21,president_a,FRG0,Pays de la Loire,2,Besancenot,422415
592,2002-04-21,president_a,FRG0,Pays de la Loire,2,Boutin,163350
593,2002-04-21,president_a,FRG0,Pays de la Loire,2,Chevenement,378785
594,2002-04-21,president_a,FRG0,Pays de la Loire,2,Chirac,1813215
595,2002-04-21,president_a,FRG0,Pays de la Loire,2,Gluckstein,46390
596,2002-04-21,president_a,FRG0,Pays de la Loire,2,Hue,190910
597,2002-04-21,president_a,FRG0,Pays de la Loire,2,Jospin,1354740
598,2002-04-21,president_a,FRG0,Pays de la Loire,2,Laguiller,519840
599,2002-04-21,president_a,FRG0,Pays de la Loire,2,LePen,1019720
600,2002-04-21,president_a,FRG0,Pays de la Loire,2,Lepage,193425
601,2002-04-21,president_a,FRG0,Pays de la Loire,2,Madelin,361600
602,2002-04-21,president_a,FRG0,Pays de la Loire,2,Mamere,512245
603,2002-04-21,president_a,FRG0,Pays de la Loire,2,Megret,141330
604,2002-04-21,president_a,FRG0,Pays de la Loire,2,Saint-Josse,391175
605,2002-04-21,president_a,FRG0,Pays de la Loire,2,Taubira,168800
606,2002-04-21,president_a,FRH0,Bretagne,0,eligible_voters,8726876
607,2002-04-21,president_a,FRH0,Bretagne,1,issued_ballots,6554028
608,2002-04-21,president_a,FRH0,Bretagne,2,Bayrou,455680
609,2002-04-21,president_a,FRH0,Bretagne,2,Besancenot,351664
610,2002-04-21,president_a,FRH0,Bretagne,2,Boutin,86044
611,2002-04-21,president_a,FRH0,Bretagne,2,Chevenement,285512
612,2002-04-21,president_a,FRH0,Bretagne,2,Chirac,1370152
613,2002-04-21,president_a,FRH0,Bretagne,2,Gluckstein,30000
614,2002-04-21,president_a,FRH0,Bretagne,2,Hue,191888
615,2002-04-21,president_a,FRH0,Bretagne,2,Jospin,1146060
616,2002-04-21,president_a,FRH0,Bretagne,2,Laguiller,406000
617,2002-04-21,president_a,FRH0,Bretagne,2,LePen,749292
618,2002-04-21,president_a,FRH0,Bretagne,2,Lepage,138808
619,2002-04-21,president_a,FRH0,Bretagne,2,Madelin,281188
620,2002-04-21,president_a,FRH0,Bretagne,2,Mamere,408512
621,2002-04-21,president_a,FRH0,Bretagne,2,Megret,67652
622,2002-04-21,president_a,FRH0,Bretagne,2,Saint-Josse,233544
623,2002-04-21,president_a,FRH0,Bretagne,2,Taubira,140984
624,2002-04-21,president_a,FRI1,Aquitaine,0,eligible_voters,10545575
625,2002-04-21,president_a,FRI1,Aquitaine,1,issued_ballots,7733730
626,2002-04-21,president_a,FRI1,Aquitaine,2,Bayrou,586730
627,2002-04-21,president_a,FRI1,Aquitaine,2,Besancenot,346115
628,2002-04-21,president_a,FRI1,Aquitaine,2,Boutin,67530
629,2002-04-21,president_a,FRI1,Aquitaine,2,Chevenement,324790
630,2002-04-21,president_a,FRI1,Aquitaine,2,Chirac,1425265
631,2002-04-21,president_a,FRI1,Aquitaine,2,Gluckstein,30210
632,2002-04-21,president_a,FRI1,Aquitaine,2,Hue,291710
633,2002-04-21,president_a,FRI1,Aquitaine,2,Jospin,1351240
634,2002-04-21,president_a,FRI1,Aquitaine,2,Laguiller,406675
635,2002-04-21,president_a,FRI1,Aquitaine,2,LePen,980645
636,2002-04-21,president_a,FRI1,Aquitaine,2,Lepage,118975
637,2002-04-21,president_a,FRI1,Aquitaine,2,Madelin,208735
638,2002-04-21,president_a,FRI1,Aquitaine,2,Mamere,405950
639,2002-04-21,president_a,FRI1,Aquitaine,2,Megret,116360
640,2002-04-21,president_a,FRI1,Aquitaine,2,Saint-Josse,660755
641,2002-04-21,president_a,FRI1,Aquitaine,2,Taubira,132625
642,2002-04-21,president_a,FRI2,Limousin,0,eligible_voters,1642023
643,2002-04-21,president_a,FRI2,Limousin,1,issued_ballots,1265604
644,2002-04-21,president_a,FRI2,Limousin,2,Bayrou,49632
645,2002-04-21,president_a,FRI2,Limousin,2,Besancenot,60393
646,2002-04-21,president_a,FRI2,Limousin,2,Boutin,9723
647,2002-04-21,president_a,FRI2,Limousin,2,Chevenement,56505
648,2002-04-21,president_a,FRI2,Limousin,2,Chirac,324669
649,2002-04-21,president_a,FRI2,Limousin,2,Gluckstein,5661
650,2002-04-21,president_a,FRI2,Limousin,2,Hue,72828
651,2002-04-21,president_a,FRI2,Limousin,2,Jospin,220548
652,2002-04-21,president_a,FRI2,Limousin,2,Laguiller,78828
653,2002-04-21,president_a,FRI2,Limousin,2,LePen,125061
654,2002-04-21,president_a,FRI2,Limousin,2,Lepage,17901
655,2002-04-21,president_a,FRI2,Limousin,2,Madelin,28971
656,2002-04-21,president_a,FRI2,Limousin,2,Mamere,46242
657,2002-04-21,president_a,FRI2,Limousin,2,Megret,18486
658,2002-04-21,president_a,FRI2,Limousin,2,Saint-Josse,71094
659,2002-04-21,president_a,FRI2,Limousin,2,Taubira,18996
660,2002-04-21,president_a,FRI3,Poitou-Charentes,0,eligible_voters,4883080
661,2002-04-21,president_a,FRI3,Poitou-Charentes,1,issued_ballots,3624708
662,2002-04-21,president_a,FRI3,Poitou-Charentes,2,Bayrou,229440
663,2002-04-21,president_a,FRI3,Poitou-Charentes,2,Besancenot,175516
664,2002-04-21,president_a,FRI3,Poitou-Charentes,2,Boutin,41168
665,2002-04-21,president_a,FRI3,Poitou-Charentes,2,Chevenement,153644
666,2002-04-21,president_a,FRI3,Poitou-Charentes,2,Chirac,725976
667,2002-04-21,president_a,FRI3,Poitou-Charentes,2,Gluckstein,19204
668,2002-04-21,president_a,FRI3,Poitou-Charentes,2,Hue,105672
669,2002-04-21,president_a,FRI3,Poitou-Charentes,2,Jospin,596508
670,2002-04-21,president_a,FRI3,Poitou-Charentes,2,Laguiller,230852
671,2002-04-21,president_a,FRI3,Poitou-Charentes,2,LePen,417988
672,2002-04-21,president_a,FRI3,Poitou-Charentes,2,Lepage,64400
673,2002-04-21,president_a,FRI3,Poitou-Charentes,2,Madelin,124040
674,2002-04-21,president_a,FRI3,Poitou-Charentes,2,Mamere,188668
675,2002-04-21,president_a,FRI3,Poitou-Charentes,2,Megret,57644
676,2002-04-21,president_a,FRI3,Poitou-Charentes,2,Saint-Josse,271876
677,2002-04-21,president_a,FRI3,Poitou-Charentes,2,Taubira,71300
678,2002-04-21,president_a,FRJ1,Languedoc-Roussillon,0,eligible_voters,8298405
679,2002-04-21,president_a,FRJ1,Languedoc-Roussillon,1,issued_ballots,6175775
680,2002-04-21,president_a,FRJ1,Languedoc-Roussillon,2,Bayrou,340910
681,2002-04-21,president_a,FRJ1,Languedoc-Roussillon,2,Besancenot,246195
682,2002-04-21,president_a,FRJ1,Languedoc-Roussillon,2,Boutin,52205
683,2002-04-21,president_a,FRJ1,Languedoc-Roussillon,2,Chevenement,310645
684,2002-04-21,president_a,FRJ1,Languedoc-Roussillon,2,Chirac,939510
685,2002-04-21,president_a,FRJ1,Languedoc-Roussillon,2,Gluckstein,25625
686,2002-04-21,president_a,FRJ1,Languedoc-Roussillon,2,Hue,275335
687,2002-04-21,president_a,FRJ1,Languedoc-Roussillon,2,Jospin,968845
688,2002-04-21,president_a,FRJ1,Languedoc-Roussillon,2,Laguiller,304150
689,2002-04-21,president_a,FRJ1,Languedoc-Roussillon,2,LePen,1335475
690,2002-04-21,president_a,FRJ1,Languedoc-Roussillon,2,Lepage,85780
691,2002-04-21,president_a,FRJ1,Languedoc-Roussillon,2,Madelin,194270
692,2002-04-21,president_a,FRJ1,Languedoc-Roussillon,2,Mamere,284570
693,2002-04-21,president_a,FRJ1,Languedoc-Roussillon,2,Megret,155035
694,2002-04-21,president_a,FRJ1,Languedoc-Roussillon,2,Saint-Josse,354450
695,2002-04-21,president_a,FRJ1,Languedoc-Roussillon,2,Taubira,106440
696,2002-04-21,president_a,FRJ2,Midi-Pyrénées,0,eligible_voters,15055880
697,2002-04-21,president_a,FRJ2,Midi-Pyrénées,1,issued_ballots,11558856
698,2002-04-21,president_a,FRJ2,Midi-Pyrénées,2,Bayrou,695792
699,2002-04-21,president_a,FRJ2,Midi-Pyrénées,2,Besancenot,532632
700,2002-04-21,president_a,FRJ2,Midi-Pyrénées,2,Boutin,120632
701,2002-04-21,president_a,FRJ2,Midi-Pyrénées,2,Chevenement,573344
702,2002-04-21,president_a,FRJ2,Midi-Pyrénées,2,Chirac,1899176
703,2002-04-21,president_a,FRJ2,Midi-Pyrénées,2,Gluckstein,46032
704,2002-04-21,president_a,FRJ2,Midi-Pyrénées,2,Hue,395536
705,2002-04-21,president_a,FRJ2,Midi-Pyrénées,2,Jospin,2166616
706,2002-04-21,president_a,FRJ2,Midi-Pyrénées,2,Laguiller,603560
707,2002-04-21,president_a,FRJ2,Midi-Pyrénées,2,LePen,1696816
708,2002-04-21,president_a,FRJ2,Midi-Pyrénées,2,Lepage,198952
709,2002-04-21,president_a,FRJ2,Midi-Pyrénées,2,Madelin,336640
710,2002-04-21,president_a,FRJ2,Midi-Pyrénées,2,Mamere,623944
711,2002-04-21,president_a,FRJ2,Midi-Pyrénées,2,Megret,203920
712,2002-04-21,president_a,FRJ2,Midi-Pyrénées,2,Saint-Josse,751176
713,2002-04-21,president_a,FRJ2,Midi-Pyrénées,2,Taubira,247056
714,2002-04-21,president_a,FRK1,Auvergne,0,eligible_voters,3887156
715,2002-04-21,president_a,FRK1,Auvergne,1,issued_ballots,2902556
716,2002-04-21,president_a,FRK1,Auvergne,2,Bayrou,193756
717,2002-04-21,president_a,FRK1,Auvergne,2,Besancenot,145040
718,2002-04-21,president_a,FRK1,Auvergne,2,Boutin,33860
719,2002-04-21,president_a,FRK1,Auvergne,2,Chevenement,155888
720,2002-04-21,president_a,FRK1,Auvergne,2,Chirac,588264
721,2002-04-21,president_a,FRK1,Auvergne,2,Gluckstein,15388
722,2002-04-21,president_a,FRK1,Auvergne,2,Hue,124388
723,2002-04-21,president_a,FRK1,Auvergne,2,Jospin,434228
724,2002-04-21,president_a,FRK1,Auvergne,2,Laguiller,184168
725,2002-04-21,president_a,FRK1,Auvergne,2,LePen,394852
726,2002-04-21,president_a,FRK1,Auvergne,2,Lepage,46272
727,2002-04-21,president_a,FRK1,Auvergne,2,Madelin,92480
728,2002-04-21,president_a,FRK1,Auvergne,2,Mamere,123080
729,2002-04-21,president_a,FRK1,Auvergne,2,Megret,55872
730,2002-04-21,president_a,FRK1,Auvergne,2,Saint-Josse,134236
731,2002-04-21,president_a,FRK1,Auvergne,2,Taubira,47528
732,2002-04-21,president_a,FRK2,Rhône-Alpes,0,eligible_voters,29430520
733,2002-04-21,president_a,FRK2,Rhône-Alpes,1,issued_ballots,21730048
734,2002-04-21,president_a,FRK2,Rhône-Alpes,2,Bayrou,1636896
735,2002-04-21,president_a,FRK2,Rhône-Alpes,2,Besancenot,873936
736,2002-04-21,president_a,FRK2,Rhône-Alpes,2,Boutin,299416
737,2002-04-21,president_a,FRK2,Rhône-Alpes,2,Chevenement,1323144
738,2002-04-21,president_a,FRK2,Rhône-Alpes,2,Chirac,3601536
739,2002-04-21,president_a,FRK2,Rhône-Alpes,2,Gluckstein,96720
740,2002-04-21,president_a,FRK2,Rhône-Alpes,2,Hue,609672
741,2002-04-21,president_a,FRK2,Rhône-Alpes,2,Jospin,2907776
742,2002-04-21,president_a,FRK2,Rhône-Alpes,2,Laguiller,1058480
743,2002-04-21,president_a,FRK2,Rhône-Alpes,2,LePen,4172672
744,2002-04-21,president_a,FRK2,Rhône-Alpes,2,Lepage,489208
745,2002-04-21,president_a,FRK2,Rhône-Alpes,2,Madelin,1022064
746,2002-04-21,president_a,FRK2,Rhône-Alpes,2,Mamere,1282168
747,2002-04-21,president_a,FRK2,Rhône-Alpes,2,Megret,574672
748,2002-04-21,president_a,FRK2,Rhône-Alpes,2,Saint-Josse,650576
749,2002-04-21,president_a,FRK2,Rhône-Alpes,2,Taubira,438272
750,2002-04-21,president_a,FRL0,Provence-Alpes-Côte d’Azur,0,eligible_voters,18165342
751,2002-04-21,president_a,FRL0,Provence-Alpes-Côte d’Azur,1,issued_ballots,13166964
752,2002-04-21,president_a,FRL0,Provence-Alpes-Côte d’Azur,2,Bayrou,783180
753,2002-04-21,president_a,FRL0,Provence-Alpes-Côte d’Azur,2,Besancenot,417456
754,2002-04-21,president_a,FRL0,Provence-Alpes-Côte d’Azur,2,Boutin,111858
755,2002-04-21,president_a,FRL0,Provence-Alpes-Côte d’Azur,2,Chevenement,674280
756,2002-04-21,president_a,FRL0,Provence-Alpes-Côte d’Azur,2,Chirac,2422608
757,2002-04-21,president_a,FRL0,Provence-Alpes-Côte d’Azur,2,Gluckstein,46590
758,2002-04-21,president_a,FRL0,Provence-Alpes-Côte d’Azur,2,Hue,482184
759,2002-04-21,president_a,FRL0,Provence-Alpes-Côte d’Azur,2,Jospin,1663998
760,2002-04-21,president_a,FRL0,Provence-Alpes-Côte d’Azur,2,Laguiller,582642
761,2002-04-21,president_a,FRL0,Provence-Alpes-Côte d’Azur,2,LePen,2990526
762,2002-04-21,president_a,FRL0,Provence-Alpes-Côte d’Azur,2,Lepage,217746
763,2002-04-21,president_a,FRL0,Provence-Alpes-Côte d’Azur,2,Madelin,530466
764,2002-04-21,president_a,FRL0,Provence-Alpes-Côte d’Azur,2,Mamere,627882
765,2002-04-21,president_a,FRL0,Provence-Alpes-Côte d’Azur,2,Megret,485004
766,2002-04-21,president_a,FRL0,Provence-Alpes-Côte d’Azur,2,Saint-Josse,556152
767,2002-04-21,president_a,FRL0,Provence-Alpes-Côte d’Azur,2,Taubira,214104
768,2002-04-21,president_a,FRM0,Corse,0,eligible_voters,382786
769,2002-04-21,president_a,FRM0,Corse,1,issued_ballots,224276
770,2002-04-21,president_a,FRM0,Corse,2,Bayrou,7320
771,2002-04-21,president_a,FRM0,Corse,2,Besancenot,6000
772,2002-04-21,president_a,FRM0,Corse,2,Boutin,938
773,2002-04-21,president_a,FRM0,Corse,2,Chevenement,15400
774,2002-04-21,president_a,FRM0,Corse,2,Chirac,60360
775,2002-04-21,president_a,FRM0,Corse,2,Gluckstein,568
776,2002-04-21,president_a,FRM0,Corse,2,Hue,11002
777,2002-04-21,president_a,FRM0,Corse,2,Jospin,33672
778,2002-04-21,president_a,FRM0,Corse,2,Laguiller,7258
779,2002-04-21,president_a,FRM0,Corse,2,LePen,34332
780,2002-04-21,president_a,FRM0,Corse,2,Lepage,1840
781,2002-04-21,president_a,FRM0,Corse,2,Madelin,4406
782,2002-04-21,president_a,FRM0,Corse,2,Mamere,6530
783,2002-04-21,president_a,FRM0,Corse,2,Megret,3358
784,2002-04-21,president_a,FRM0,Corse,2,Saint-Josse,18016
785,2002-04-21,president_a,FRM0,Corse,2,Taubira,7924
786,2002-04-21,president_a,FRY1,Guadeloupe,0,eligible_voters,281550
787,2002-04-21,president_a,FRY1,Guadeloupe,1,issued_ballots,96086
788,2002-04-21,president_a,FRY1,Guadeloupe,2,Bayrou,808
789,2002-04-21,president_a,FRY1,Guadeloupe,2,Besancenot,509
790,2002-04-21,president_a,FRY1,Guadeloupe,2,Boutin,485
791,2002-04-21,president_a,FRY1,Guadeloupe,2,Chevenement,1302
792,2002-04-21,president_a,FRY1,Guadeloupe,2,Chirac,26557
793,2002-04-21,president_a,FRY1,Guadeloupe,2,Gluckstein,77
794,2002-04-21,president_a,FRY1,Guadeloupe,2,Hue,605
795,2002-04-21,president_a,FRY1,Guadeloupe,2,Jospin,21253
796,2002-04-21,president_a,FRY1,Guadeloupe,2,Laguiller,816
797,2002-04-21,president_a,FRY1,Guadeloupe,2,LePen,2702
798,2002-04-21,president_a,FRY1,Guadeloupe,2,Lepage,328
799,2002-04-21,president_a,FRY1,Guadeloupe,2,Madelin,695
800,2002-04-21,president_a,FRY1,Guadeloupe,2,Mamere,976
801,2002-04-21,president_a,FRY1,Guadeloupe,2,Megret,302
802,2002-04-21,president_a,FRY1,Guadeloupe,2,Saint-Josse,282
803,2002-04-21,president_a,FRY1,Guadeloupe,2,Taubira,34210
804,2002-04-21,president_a,FRY2,Martinique ,0,eligible_voters,266629
805,2002-04-21,president_a,FRY2,Martinique ,1,issued_ballots,94250
806,2002-04-21,president_a,FRY2,Martinique ,2,Bayrou,769
807,2002-04-21,president_a,FRY2,Martinique ,2,Besancenot,421
808,2002-04-21,president_a,FRY2,Martinique ,2,Boutin,742
809,2002-04-21,president_a,FRY2,Martinique ,2,Chevenement,2022
810,2002-04-21,president_a,FRY2,Martinique ,2,Chirac,29424
811,2002-04-21,president_a,FRY2,Martinique ,2,Gluckstein,84
812,2002-04-21,president_a,FRY2,Martinique ,2,Hue,429
813,2002-04-21,president_a,FRY2,Martinique ,2,Jospin,26059
814,2002-04-21,president_a,FRY2,Martinique ,2,Laguiller,1055
815,2002-04-21,president_a,FRY2,Martinique ,2,LePen,1563
816,2002-04-21,president_a,FRY2,Martinique ,2,Lepage,232
817,2002-04-21,president_a,FRY2,Martinique ,2,Madelin,484
818,2002-04-21,president_a,FRY2,Martinique ,2,Mamere,882
819,2002-04-21,president_a,FRY2,Martinique ,2,Megret,177
820,2002-04-21,president_a,FRY2,Martinique ,2,Saint-Josse,221
821,2002-04-21,president_a,FRY2,Martinique ,2,Taubira,24864
822,2002-04-21,president_a,FRY3,Guyane,0,eligible_voters,51787
823,2002-04-21,president_a,FRY3,Guyane,1,issued_ballots,24216
824,2002-04-21,president_a,FRY3,Guyane,2,Bayrou,401
825,2002-04-21,president_a,FRY3,Guyane,2,Besancenot,290
826,2002-04-21,president_a,FRY3,Guyane,2,Boutin,159
827,2002-04-21,president_a,FRY3,Guyane,2,Chevenement,586
828,2002-04-21,president_a,FRY3,Guyane,2,Chirac,4496
829,2002-04-21,president_a,FRY3,Guyane,2,Gluckstein,37
830,2002-04-21,president_a,FRY3,Guyane,2,Hue,88
831,2002-04-21,president_a,FRY3,Guyane,2,Jospin,2506
832,2002-04-21,president_a,FRY3,Guyane,2,Laguiller,310
833,2002-04-21,president_a,FRY3,Guyane,2,LePen,1180
834,2002-04-21,president_a,FRY3,Guyane,2,Lepage,143
835,2002-04-21,president_a,FRY3,Guyane,2,Madelin,241
836,2002-04-21,president_a,FRY3,Guyane,2,Mamere,455
837,2002-04-21,president_a,FRY3,Guyane,2,Megret,150
838,2002-04-21,president_a,FRY3,Guyane,2,Saint-Josse,143
839,2002-04-21,president_a,FRY3,Guyane,2,Taubira,12479
840,2002-04-21,president_a,FRY4,La Réunion ,0,eligible_voters,437189
841,2002-04-21,president_a,FRY4,La Réunion ,1,issued_ballots,246054
842,2002-04-21,president_a,FRY4,La Réunion ,2,Bayrou,5838
843,2002-04-21,president_a,FRY4,La Réunion ,2,Besancenot,4512
844,2002-04-21,president_a,FRY4,La Réunion ,2,Boutin,2129
845,2002-04-21,president_a,FRY4,La Réunion ,2,Chevenement,7305
846,2002-04-21,president_a,FRY4,La Réunion ,2,Chirac,86830
847,2002-04-21,president_a,FRY4,La Réunion ,2,Gluckstein,512
848,2002-04-21,president_a,FRY4,La Réunion ,2,Hue,2755
849,2002-04-21,president_a,FRY4,La Réunion ,2,Jospin,91176
850,2002-04-21,president_a,FRY4,La Réunion ,2,Laguiller,5966
851,2002-04-21,president_a,FRY4,La Réunion ,2,LePen,8915
852,2002-04-21,president_a,FRY4,La Réunion ,2,Lepage,2232
853,2002-04-21,president_a,FRY4,La Réunion ,2,Madelin,2460
854,2002-04-21,president_a,FRY4,La Réunion ,2,Mamere,5001
855,2002-04-21,president_a,FRY4,La Réunion ,2,Megret,2027
856,2002-04-21,president_a,FRY4,La Réunion ,2,Saint-Josse,1149
857,2002-04-21,president_a,FRY4,La Réunion ,2,Taubira,4914
858,2002-05-05,president_b,FR10,Ile-de-France,0,eligible_voters,48307168
859,2002-05-05,president_b,FR10,Ile-de-France,1,issued_ballots,38962936
860,2002-05-05,president_b,FR10,Ile-de-France,2,Chirac,32084704
861,2002-05-05,president_b,FR10,Ile-de-France,2,LePen,5411616
862,2002-05-05,president_b,FRB0,Centre — Val de Loire,0,eligible_voters,10234170
863,2002-05-05,president_b,FRB0,Centre — Val de Loire,1,issued_ballots,8315268
864,2002-05-05,president_b,FRB0,Centre — Val de Loire,2,Chirac,6446406
865,2002-05-05,president_b,FRB0,Centre — Val de Loire,2,LePen,1402962
866,2002-05-05,president_b,FRC1,Bourgogne,0,eligible_voters,4538340
867,2002-05-05,president_b,FRC1,Bourgogne,1,issued_ballots,3647780
868,2002-05-05,president_b,FRC1,Bourgogne,2,Chirac,2761812
869,2002-05-05,president_b,FRC1,Bourgogne,2,LePen,654004
870,2002-05-05,president_b,FRC2,Franche-Comté,0,eligible_voters,3119448
871,2002-05-05,president_b,FRC2,Franche-Comté,1,issued_ballots,2570608
872,2002-05-05,president_b,FRC2,Franche-Comté,2,Chirac,1910144
873,2002-05-05,president_b,FRC2,Franche-Comté,2,LePen,480776
874,2002-05-05,president_b,FRD1,Basse-Normandie ,0,eligible_voters,3093441
875,2002-05-05,president_b,FRD1,Basse-Normandie ,1,issued_ballots,2517000
876,2002-05-05,president_b,FRD1,Basse-Normandie ,2,Chirac,2006634
877,2002-05-05,president_b,FRD1,Basse-Normandie ,2,LePen,385980
878,2002-05-05,president_b,FRD2,Haute-Normandie ,0,eligible_voters,2431590
879,2002-05-05,president_b,FRD2,Haute-Normandie ,1,issued_ballots,1956778
880,2002-05-05,president_b,FRD2,Haute-Normandie ,2,Chirac,1505458
881,2002-05-05,president_b,FRD2,Haute-Normandie ,2,LePen,348092
882,2002-05-05,president_b,FRE1,Nord-Pas de Calais,0,eligible_voters,5538378
883,2002-05-05,president_b,FRE1,Nord-Pas de Calais,1,issued_ballots,4328226
884,2002-05-05,president_b,FRE1,Nord-Pas de Calais,2,Chirac,3178180
885,2002-05-05,president_b,FRE1,Nord-Pas de Calais,2,LePen,890714
886,2002-05-05,president_b,FRE2,Picardie,0,eligible_voters,3819885
887,2002-05-05,president_b,FRE2,Picardie,1,issued_ballots,3081156
888,2002-05-05,president_b,FRE2,Picardie,2,Chirac,2196951
889,2002-05-05,president_b,FRE2,Picardie,2,LePen,689217
890,2002-05-05,president_b,FRF1,Alsace,0,eligible_voters,2306958
891,2002-05-05,president_b,FRF1,Alsace,1,issued_ballots,1843980
892,2002-05-05,president_b,FRF1,Alsace,2,Chirac,1371214
893,2002-05-05,president_b,FRF1,Alsace,2,LePen,372710
894,2002-05-05,president_b,FRF2,Champagne-Ardenne,0,eligible_voters,3607204
895,2002-05-05,president_b,FRF2,Champagne-Ardenne,1,issued_ballots,2836024
896,2002-05-05,president_b,FRF2,Champagne-Ardenne,2,Chirac,2074156
897,2002-05-05,president_b,FRF2,Champagne-Ardenne,2,LePen,592648
898,2002-05-05,president_b,FRF3,Lorraine,0,eligible_voters,6414740
899,2002-05-05,president_b,FRF3,Lorraine,1,issued_ballots,5060332
900,2002-05-05,president_b,FRF3,Lorraine,2,Chirac,3785772
901,2002-05-05,president_b,FRF3,Lorraine,2,LePen,987668
902,2002-05-05,president_b,FRG0,Pays de la Loire,0,eligible_voters,11758765
903,2002-05-05,president_b,FRG0,Pays de la Loire,1,issued_ballots,9646890
904,2002-05-05,president_b,FRG0,Pays de la Loire,2,Chirac,8039500
905,2002-05-05,president_b,FRG0,Pays de la Loire,2,LePen,1125505
906,2002-05-05,president_b,FRH0,Bretagne,0,eligible_voters,8725892
907,2002-05-05,president_b,FRH0,Bretagne,1,issued_ballots,7245148
908,2002-05-05,president_b,FRH0,Bretagne,2,Chirac,6093552
909,2002-05-05,president_b,FRH0,Bretagne,2,LePen,786848
910,2002-05-05,president_b,FRI1,Aquitaine,0,eligible_voters,10548215
911,2002-05-05,president_b,FRI1,Aquitaine,1,issued_ballots,8735525
912,2002-05-05,president_b,FRI1,Aquitaine,2,Chirac,6918635
913,2002-05-05,president_b,FRI1,Aquitaine,2,LePen,1257340
914,2002-05-05,president_b,FRI2,Limousin,0,eligible_voters,1640649
915,2002-05-05,president_b,FRI2,Limousin,1,issued_ballots,1379376
916,2002-05-05,president_b,FRI2,Limousin,2,Chirac,1157208
917,2002-05-05,president_b,FRI2,Limousin,2,LePen,135717
918,2002-05-05,president_b,FRI3,Poitou-Charentes,0,eligible_voters,4883096
919,2002-05-05,president_b,FRI3,Poitou-Charentes,1,issued_ballots,4012040
920,2002-05-05,president_b,FRI3,Poitou-Charentes,2,Chirac,3271072
921,2002-05-05,president_b,FRI3,Poitou-Charentes,2,LePen,521504
922,2002-05-05,president_b,FRJ1,Languedoc-Roussillon,0,eligible_voters,8296860
923,2002-05-05,president_b,FRJ1,Languedoc-Roussillon,1,issued_ballots,6767190
924,2002-05-05,president_b,FRJ1,Languedoc-Roussillon,2,Chirac,4759660
925,2002-05-05,president_b,FRJ1,Languedoc-Roussillon,2,LePen,1541285
926,2002-05-05,president_b,FRJ2,Midi-Pyrénées,0,eligible_voters,15051896
927,2002-05-05,president_b,FRJ2,Midi-Pyrénées,1,issued_ballots,12590248
928,2002-05-05,president_b,FRJ2,Midi-Pyrénées,2,Chirac,9927368
929,2002-05-05,president_b,FRJ2,Midi-Pyrénées,2,LePen,1832768
930,2002-05-05,president_b,FRK1,Auvergne,0,eligible_voters,3886280
931,2002-05-05,president_b,FRK1,Auvergne,1,issued_ballots,3192968
932,2002-05-05,president_b,FRK1,Auvergne,2,Chirac,2570928
933,2002-05-05,president_b,FRK1,Auvergne,2,LePen,423228
934,2002-05-05,president_b,FRK2,Rhône-Alpes,0,eligible_voters,29428440
935,2002-05-05,president_b,FRK2,Rhône-Alpes,1,issued_ballots,23835496
936,2002-05-05,president_b,FRK2,Rhône-Alpes,2,Chirac,18294824
937,2002-05-05,president_b,FRK2,Rhône-Alpes,2,LePen,4338136
938,2002-05-05,president_b,FRL0,Provence-Alpes-Côte d’Azur,0,eligible_voters,18163566
939,2002-05-05,president_b,FRL0,Provence-Alpes-Côte d’Azur,1,issued_ballots,14482530
940,2002-05-05,president_b,FRL0,Provence-Alpes-Côte d’Azur,2,Chirac,9934980
941,2002-05-05,president_b,FRL0,Provence-Alpes-Côte d’Azur,2,LePen,3805080
942,2002-05-05,president_b,FRM0,Corse,0,eligible_voters,382544
943,2002-05-05,president_b,FRM0,Corse,1,issued_ballots,259274
944,2002-05-05,president_b,FRM0,Corse,2,Chirac,191410
945,2002-05-05,president_b,FRM0,Corse,2,LePen,48562
946,2002-05-05,president_b,FRY1,Guadeloupe,0,eligible_voters,281556
947,2002-05-05,president_b,FRY1,Guadeloupe,1,issued_ballots,109436
948,2002-05-05,president_b,FRY1,Guadeloupe,2,Chirac,93038
949,2002-05-05,president_b,FRY1,Guadeloupe,2,LePen,8889
950,2002-05-05,president_b,FRY2,Martinique ,0,eligible_voters,266527
951,2002-05-05,president_b,FRY2,Martinique ,1,issued_ballots,120235
952,2002-05-05,president_b,FRY2,Martinique ,2,Chirac,108449
953,2002-05-05,president_b,FRY2,Martinique ,2,LePen,4339
954,2002-05-05,president_b,FRY3,Guyane,0,eligible_voters,51790
955,2002-05-05,president_b,FRY3,Guyane,1,issued_ballots,23339
956,2002-05-05,president_b,FRY3,Guyane,2,Chirac,19726
957,2002-05-05,president_b,FRY3,Guyane,2,LePen,2416
958,2002-05-05,president_b,FRY4,La Réunion ,0,eligible_voters,436706
959,2002-05-05,president_b,FRY4,La Réunion ,1,issued_ballots,316531
960,2002-05-05,president_b,FRY4,La Réunion ,2,Chirac,277997
961,2002-05-05,president_b,FRY4,La Réunion ,2,LePen,24507
962,2004-06-13,european,FR10,Ile-de-France,0,eligible_voters,49653096
963,2004-06-13,european,FR10,Ile-de-France,1,issued_ballots,22379192
964,2004-06-13,european,FR10,Ile-de-France,2,LDD,1990840
965,2004-06-13,european,FR10,Ile-de-France,2,LDG,337920
966,2004-06-13,european,FR10,Ile-de-France,2,LDV,958608
967,2004-06-13,european,FR10,Ile-de-France,2,LEC,839376
968,2004-06-13,european,FR10,Ile-de-France,2,LFN,1879144
969,2004-06-13,european,FR10,Ile-de-France,2,LPC,1322488
970,2004-06-13,european,FR10,Ile-de-France,2,LPS,5481544
971,2004-06-13,european,FR10,Ile-de-France,2,LUDF,2765600
972,2004-06-13,european,FR10,Ile-de-France,2,LUMP,3897488
973,2004-06-13,european,FR10,Ile-de-France,2,LVE,1643840
974,2004-06-13,european,FR10,Ile-de-France,2,LXD,61640
975,2004-06-13,european,FR10,Ile-de-France,2,LXG,721584
976,2004-06-13,european,FRB0,Centre — Val de Loire,0,eligible_voters,10266648
977,2004-06-13,european,FRB0,Centre — Val de Loire,1,issued_ballots,4556604
978,2004-06-13,european,FRB0,Centre — Val de Loire,2,LCP,110730
979,2004-06-13,european,FRB0,Centre — Val de Loire,2,LDD,358476
980,2004-06-13,european,FRB0,Centre — Val de Loire,2,LDV,153450
981,2004-06-13,european,FRB0,Centre — Val de Loire,2,LFN,516942
982,2004-06-13,european,FRB0,Centre — Val de Loire,2,LPC,220746
983,2004-06-13,european,FRB0,Centre — Val de Loire,2,LPS,1260606
984,2004-06-13,european,FRB0,Centre — Val de Loire,2,LUDF,483666
985,2004-06-13,european,FRB0,Centre — Val de Loire,2,LUMP,831576
986,2004-06-13,european,FRB0,Centre — Val de Loire,2,LVE,280614
987,2004-06-13,european,FRB0,Centre — Val de Loire,2,LXD,18150
988,2004-06-13,european,FRB0,Centre — Val de Loire,2,LXG,157278
989,2004-06-13,european,FRC1,Bourgogne,0,eligible_voters,4562620
990,2004-06-13,european,FRC1,Bourgogne,1,issued_ballots,1957036
991,2004-06-13,european,FRC1,Bourgogne,2,LDD,165060
992,2004-06-13,european,FRC1,Bourgogne,2,LDV,97844
993,2004-06-13,european,FRC1,Bourgogne,2,LEC,34464
994,2004-06-13,european,FRC1,Bourgogne,2,LFN,204276
995,2004-06-13,european,FRC1,Bourgogne,2,LPC,79300
996,2004-06-13,european,FRC1,Bourgogne,2,LPS,610948
997,2004-06-13,european,FRC1,Bourgogne,2,LUDF,206108
998,2004-06-13,european,FRC1,Bourgogne,2,LUMP,311956
999,2004-06-13,european,FRC1,Bourgogne,2,LVE,105524
1000,2004-06-13,european,FRC1,Bourgogne,2,LXD,9968
1001,2004-06-13,european,FRC1,Bourgogne,2,LXG,61256
1002,2004-06-13,european,FRC2,Franche-Comté,0,eligible_voters,3146588
1003,2004-06-13,european,FRC2,Franche-Comté,1,issued_ballots,1439736
1004,2004-06-13,european,FRC2,Franche-Comté,2,LDD,120392
1005,2004-06-13,european,FRC2,Franche-Comté,2,LDV,71788
1006,2004-06-13,european,FRC2,Franche-Comté,2,LEC,33780
1007,2004-06-13,european,FRC2,Franche-Comté,2,LFN,163096
1008,2004-06-13,european,FRC2,Franche-Comté,2,LPC,37768
1009,2004-06-13,european,FRC2,Franche-Comté,2,LPS,431892
1010,2004-06-13,european,FRC2,Franche-Comté,2,LUDF,135712
1011,2004-06-13,european,FRC2,Franche-Comté,2,LUMP,250488
1012,2004-06-13,european,FRC2,Franche-Comté,2,LVE,87732
1013,2004-06-13,european,FRC2,Franche-Comté,2,LXD,6776
1014,2004-06-13,european,FRC2,Franche-Comté,2,LXG,46424
1015,2004-06-13,european,FRD1,Basse-Normandie ,0,eligible_voters,3099843
1016,2004-06-13,european,FRD1,Basse-Normandie ,1,issued_ballots,1324590
1017,2004-06-13,european,FRD1,Basse-Normandie ,2,LCP,55656
1018,2004-06-13,european,FRD1,Basse-Normandie ,2,LDD,128883
1019,2004-06-13,european,FRD1,Basse-Normandie ,2,LDG,12279
1020,2004-06-13,european,FRD1,Basse-Normandie ,2,LDV,41406
1021,2004-06-13,european,FRD1,Basse-Normandie ,2,LFN,124245
1022,2004-06-13,european,FRD1,Basse-Normandie ,2,LPC,33582
1023,2004-06-13,european,FRD1,Basse-Normandie ,2,LPS,365370
1024,2004-06-13,european,FRD1,Basse-Normandie ,2,LUDF,168171
1025,2004-06-13,european,FRD1,Basse-Normandie ,2,LUMP,209418
1026,2004-06-13,european,FRD1,Basse-Normandie ,2,LVE,93993
1027,2004-06-13,european,FRD1,Basse-Normandie ,2,LXG,47073
1028,2004-06-13,european,FRD2,Haute-Normandie ,0,eligible_voters,2447962
1029,2004-06-13,european,FRD2,Haute-Normandie ,1,issued_ballots,1049210
1030,2004-06-13,european,FRD2,Haute-Normandie ,2,LCP,24150
1031,2004-06-13,european,FRD2,Haute-Normandie ,2,LDD,79944
1032,2004-06-13,european,FRD2,Haute-Normandie ,2,LDG,10034
1033,2004-06-13,european,FRD2,Haute-Normandie ,2,LDV,30856
1034,2004-06-13,european,FRD2,Haute-Normandie ,2,LFN,118218
1035,2004-06-13,european,FRD2,Haute-Normandie ,2,LPC,58678
1036,2004-06-13,european,FRD2,Haute-Normandie ,2,LPS,317910
1037,2004-06-13,european,FRD2,Haute-Normandie ,2,LUDF,126758
1038,2004-06-13,european,FRD2,Haute-Normandie ,2,LUMP,131104
1039,2004-06-13,european,FRD2,Haute-Normandie ,2,LVE,73494
1040,2004-06-13,european,FRD2,Haute-Normandie ,2,LXG,42464
1041,2004-06-13,european,FRE1,Nord-Pas de Calais,0,eligible_voters,5598300
1042,2004-06-13,european,FRE1,Nord-Pas de Calais,1,issued_ballots,2312624
1043,2004-06-13,european,FRE1,Nord-Pas de Calais,2,LCP,58470
1044,2004-06-13,european,FRE1,Nord-Pas de Calais,2,LDD,143324
1045,2004-06-13,european,FRE1,Nord-Pas de Calais,2,LDG,18904
1046,2004-06-13,european,FRE1,Nord-Pas de Calais,2,LDV,64568
1047,2004-06-13,european,FRE1,Nord-Pas de Calais,2,LFN,308758
1048,2004-06-13,european,FRE1,Nord-Pas de Calais,2,LPC,204342
1049,2004-06-13,european,FRE1,Nord-Pas de Calais,2,LPS,688306
1050,2004-06-13,european,FRE1,Nord-Pas de Calais,2,LUDF,214758
1051,2004-06-13,european,FRE1,Nord-Pas de Calais,2,LUMP,285118
1052,2004-06-13,european,FRE1,Nord-Pas de Calais,2,LVE,152588
1053,2004-06-13,european,FRE1,Nord-Pas de Calais,2,LXG,89728
1054,2004-06-13,european,FRE2,Picardie,0,eligible_voters,3851412
1055,2004-06-13,european,FRE2,Picardie,1,issued_ballots,1643757
1056,2004-06-13,european,FRE2,Picardie,2,LCP,48396
1057,2004-06-13,european,FRE2,Picardie,2,LDD,145008
1058,2004-06-13,european,FRE2,Picardie,2,LDG,14643
1059,2004-06-13,european,FRE2,Picardie,2,LDV,51543
1060,2004-06-13,european,FRE2,Picardie,2,LFN,229317
1061,2004-06-13,european,FRE2,Picardie,2,LPC,97173
1062,2004-06-13,european,FRE2,Picardie,2,LPS,442257
1063,2004-06-13,european,FRE2,Picardie,2,LUDF,196215
1064,2004-06-13,european,FRE2,Picardie,2,LUMP,196311
1065,2004-06-13,european,FRE2,Picardie,2,LVE,94890
1066,2004-06-13,european,FRE2,Picardie,2,LXG,69489
1067,2004-06-13,european,FRF1,Alsace,0,eligible_voters,2361846
1068,2004-06-13,european,FRF1,Alsace,1,issued_ballots,914726
1069,2004-06-13,european,FRF1,Alsace,2,LDD,56692
1070,2004-06-13,european,FRF1,Alsace,2,LDV,45726
1071,2004-06-13,european,FRF1,Alsace,2,LEC,44820
1072,2004-06-13,european,FRF1,Alsace,2,LFN,117316
1073,2004-06-13,european,FRF1,Alsace,2,LPC,10096
1074,2004-06-13,european,FRF1,Alsace,2,LPS,188054
1075,2004-06-13,european,FRF1,Alsace,2,LUDF,132330
1076,2004-06-13,european,FRF1,Alsace,2,LUMP,187858
1077,2004-06-13,european,FRF1,Alsace,2,LVE,74346
1078,2004-06-13,european,FRF1,Alsace,2,LXD,6372
1079,2004-06-13,european,FRF1,Alsace,2,LXG,22048
1080,2004-06-13,european,FRF2,Champagne-Ardenne,0,eligible_voters,3623356
1081,2004-06-13,european,FRF2,Champagne-Ardenne,1,issued_ballots,1475240
1082,2004-06-13,european,FRF2,Champagne-Ardenne,2,LDD,118140
1083,2004-06-13,european,FRF2,Champagne-Ardenne,2,LDV,86932
1084,2004-06-13,european,FRF2,Champagne-Ardenne,2,LEC,29236
1085,2004-06-13,european,FRF2,Champagne-Ardenne,2,LFN,186240
1086,2004-06-13,european,FRF2,Champagne-Ardenne,2,LPC,49700
1087,2004-06-13,european,FRF2,Champagne-Ardenne,2,LPS,395784
1088,2004-06-13,european,FRF2,Champagne-Ardenne,2,LUDF,168412
1089,2004-06-13,european,FRF2,Champagne-Ardenne,2,LUMP,267868
1090,2004-06-13,european,FRF2,Champagne-Ardenne,2,LVE,70096
1091,2004-06-13,european,FRF2,Champagne-Ardenne,2,LXD,8024
1092,2004-06-13,european,FRF2,Champagne-Ardenne,2,LXG,47148
1093,2004-06-13,european,FRF3,Lorraine,0,eligible_voters,6502476
1094,2004-06-13,european,FRF3,Lorraine,1,issued_ballots,2519384
1095,2004-06-13,european,FRF3,Lorraine,2,LDD,183748
1096,2004-06-13,european,FRF3,Lorraine,2,LDV,147200
1097,2004-06-13,european,FRF3,Lorraine,2,LEC,58708
1098,2004-06-13,european,FRF3,Lorraine,2,LFN,295136
1099,2004-06-13,european,FRF3,Lorraine,2,LPC,72252
1100,2004-06-13,european,FRF3,Lorraine,2,LPS,713228
1101,2004-06-13,european,FRF3,Lorraine,2,LUDF,328788
1102,2004-06-13,european,FRF3,Lorraine,2,LUMP,361692
1103,2004-06-13,european,FRF3,Lorraine,2,LVE,156740
1104,2004-06-13,european,FRF3,Lorraine,2,LXD,18048
1105,2004-06-13,european,FRF3,Lorraine,2,LXG,92516
1106,2004-06-13,european,FRG0,Pays de la Loire,0,eligible_voters,12007340
1107,2004-06-13,european,FRG0,Pays de la Loire,1,issued_ballots,5330405
1108,2004-06-13,european,FRG0,Pays de la Loire,2,LCP,101290
1109,2004-06-13,european,FRG0,Pays de la Loire,2,LDD,1090165
1110,2004-06-13,european,FRG0,Pays de la Loire,2,LDG,81570
1111,2004-06-13,european,FRG0,Pays de la Loire,2,LDV,124590
1112,2004-06-13,european,FRG0,Pays de la Loire,2,LFN,274480
1113,2004-06-13,european,FRG0,Pays de la Loire,2,LPC,180865
1114,2004-06-13,european,FRG0,Pays de la Loire,2,LPS,1469715
1115,2004-06-13,european,FRG0,Pays de la Loire,2,LUDF,572400
1116,2004-06-13,european,FRG0,Pays de la Loire,2,LUMP,707900
1117,2004-06-13,european,FRG0,Pays de la Loire,2,LVE,394645
1118,2004-06-13,european,FRG0,Pays de la Loire,2,LXG,151580
1119,2004-06-13,european,FRH0,Bretagne,0,eligible_voters,8836988
1120,2004-06-13,european,FRH0,Bretagne,1,issued_ballots,4089820
1121,2004-06-13,european,FRH0,Bretagne,2,LCP,53492
1122,2004-06-13,european,FRH0,Bretagne,2,LDD,440020
1123,2004-06-13,european,FRH0,Bretagne,2,LDG,128972
1124,2004-06-13,european,FRH0,Bretagne,2,LDV,96300
1125,2004-06-13,european,FRH0,Bretagne,2,LFN,210352
1126,2004-06-13,european,FRH0,Bretagne,2,LPC,177840
1127,2004-06-13,european,FRH0,Bretagne,2,LPS,1302784
1128,2004-06-13,european,FRH0,Bretagne,2,LUDF,549108
1129,2004-06-13,european,FRH0,Bretagne,2,LUMP,570136
1130,2004-06-13,european,FRH0,Bretagne,2,LVE,328060
1131,2004-06-13,european,FRH0,Bretagne,2,LXG,120260
1132,2004-06-13,european,FRI1,Aquitaine,0,eligible_voters,10741425
1133,2004-06-13,european,FRI1,Aquitaine,1,issued_ballots,4914175
1134,2004-06-13,european,FRI1,Aquitaine,2,LCP,192820
1135,2004-06-13,european,FRI1,Aquitaine,2,LDD,295690
1136,2004-06-13,european,FRI1,Aquitaine,2,LDV,130690
1137,2004-06-13,european,FRI1,Aquitaine,2,LFN,350465
1138,2004-06-13,european,FRI1,Aquitaine,2,LPC,281000
1139,2004-06-13,european,FRI1,Aquitaine,2,LPS,1450950
1140,2004-06-13,european,FRI1,Aquitaine,2,LRG,39290
1141,2004-06-13,european,FRI1,Aquitaine,2,LUDF,682035
1142,2004-06-13,european,FRI1,Aquitaine,2,LUMP,763090
1143,2004-06-13,european,FRI1,Aquitaine,2,LVE,370715
1144,2004-06-13,european,FRI1,Aquitaine,2,LXD,13155
1145,2004-06-13,european,FRI1,Aquitaine,2,LXG,149190
1146,2004-06-13,european,FRI2,Limousin,0,eligible_voters,1638789
1147,2004-06-13,european,FRI2,Limousin,1,issued_ballots,810195
1148,2004-06-13,european,FRI2,Limousin,2,LCP,21651
1149,2004-06-13,european,FRI2,Limousin,2,LDD,37479
1150,2004-06-13,european,FRI2,Limousin,2,LDV,20958
1151,2004-06-13,european,FRI2,Limousin,2,LFN,52212
1152,2004-06-13,european,FRI2,Limousin,2,LPC,63123
1153,2004-06-13,european,FRI2,Limousin,2,LPS,288351
1154,2004-06-13,european,FRI2,Limousin,2,LUDF,53145
1155,2004-06-13,european,FRI2,Limousin,2,LUMP,159048
1156,2004-06-13,european,FRI2,Limousin,2,LVE,44847
1157,2004-06-13,european,FRI2,Limousin,2,LXD,2019
1158,2004-06-13,european,FRI2,Limousin,2,LXG,29310
1159,2004-06-13,european,FRI3,Poitou-Charentes,0,eligible_voters,4934996
1160,2004-06-13,european,FRI3,Poitou-Charentes,1,issued_ballots,2192852
1161,2004-06-13,european,FRI3,Poitou-Charentes,2,LCP,68776
1162,2004-06-13,european,FRI3,Poitou-Charentes,2,LDD,268152
1163,2004-06-13,european,FRI3,Poitou-Charentes,2,LDG,29332
1164,2004-06-13,european,FRI3,Poitou-Charentes,2,LDV,56892
1165,2004-06-13,european,FRI3,Poitou-Charentes,2,LFN,144040
1166,2004-06-13,european,FRI3,Poitou-Charentes,2,LPC,95996
1167,2004-06-13,european,FRI3,Poitou-Charentes,2,LPS,678116
1168,2004-06-13,european,FRI3,Poitou-Charentes,2,LUDF,188456
1169,2004-06-13,european,FRI3,Poitou-Charentes,2,LUMP,375480
1170,2004-06-13,european,FRI3,Poitou-Charentes,2,LVE,138408
1171,2004-06-13,european,FRI3,Poitou-Charentes,2,LXG,67120
1172,2004-06-13,european,FRJ1,Languedoc-Roussillon,0,eligible_voters,8541995
1173,2004-06-13,european,FRJ1,Languedoc-Roussillon,1,issued_ballots,3694700
1174,2004-06-13,european,FRJ1,Languedoc-Roussillon,2,LCP,106175
1175,2004-06-13,european,FRJ1,Languedoc-Roussillon,2,LDD,267410
1176,2004-06-13,european,FRJ1,Languedoc-Roussillon,2,LDV,99395
1177,2004-06-13,european,FRJ1,Languedoc-Roussillon,2,LFN,427855
1178,2004-06-13,european,FRJ1,Languedoc-Roussillon,2,LPC,290575
1179,2004-06-13,european,FRJ1,Languedoc-Roussillon,2,LPS,973880
1180,2004-06-13,european,FRJ1,Languedoc-Roussillon,2,LRG,16575
1181,2004-06-13,european,FRJ1,Languedoc-Roussillon,2,LUDF,399140
1182,2004-06-13,european,FRJ1,Languedoc-Roussillon,2,LUMP,525860
1183,2004-06-13,european,FRJ1,Languedoc-Roussillon,2,LVE,286020
1184,2004-06-13,european,FRJ1,Languedoc-Roussillon,2,LXD,14550
1185,2004-06-13,european,FRJ1,Languedoc-Roussillon,2,LXG,131675
1186,2004-06-13,european,FRJ2,Midi-Pyrénées,0,eligible_voters,15350848
1187,2004-06-13,european,FRJ2,Midi-Pyrénées,1,issued_ballots,7293504
1188,2004-06-13,european,FRJ2,Midi-Pyrénées,2,LCP,214312
1189,2004-06-13,european,FRJ2,Midi-Pyrénées,2,LDD,443168
1190,2004-06-13,european,FRJ2,Midi-Pyrénées,2,LDV,197576
1191,2004-06-13,european,FRJ2,Midi-Pyrénées,2,LFN,520800
1192,2004-06-13,european,FRJ2,Midi-Pyrénées,2,LPC,388312
1193,2004-06-13,european,FRJ2,Midi-Pyrénées,2,LPS,2341696
1194,2004-06-13,european,FRJ2,Midi-Pyrénées,2,LRG,25880
1195,2004-06-13,european,FRJ2,Midi-Pyrénées,2,LUDF,940744
1196,2004-06-13,european,FRJ2,Midi-Pyrénées,2,LUMP,999432
1197,2004-06-13,european,FRJ2,Midi-Pyrénées,2,LVE,626192
1198,2004-06-13,european,FRJ2,Midi-Pyrénées,2,LXD,20720
1199,2004-06-13,european,FRJ2,Midi-Pyrénées,2,LXG,237288
1200,2004-06-13,european,FRK1,Auvergne,0,eligible_voters,3914288
1201,2004-06-13,european,FRK1,Auvergne,1,issued_ballots,1755288
1202,2004-06-13,european,FRK1,Auvergne,2,LCP,33292
1203,2004-06-13,european,FRK1,Auvergne,2,LDD,84476
1204,2004-06-13,european,FRK1,Auvergne,2,LDV,54936
1205,2004-06-13,european,FRK1,Auvergne,2,LFN,129472
1206,2004-06-13,european,FRK1,Auvergne,2,LPC,119288
1207,2004-06-13,european,FRK1,Auvergne,2,LPS,536124
1208,2004-06-13,european,FRK1,Auvergne,2,LUDF,168604
1209,2004-06-13,european,FRK1,Auvergne,2,LUMP,381892
1210,2004-06-13,european,FRK1,Auvergne,2,LVE,106956
1211,2004-06-13,european,FRK1,Auvergne,2,LXD,6980
1212,2004-06-13,european,FRK1,Auvergne,2,LXG,59584
1213,2004-06-13,european,FRK2,Rhône-Alpes,0,eligible_voters,30068088
1214,2004-06-13,european,FRK2,Rhône-Alpes,1,issued_ballots,12488104
1215,2004-06-13,european,FRK2,Rhône-Alpes,2,LCP,193392
1216,2004-06-13,european,FRK2,Rhône-Alpes,2,LDD,963848
1217,2004-06-13,european,FRK2,Rhône-Alpes,2,LDV,364104
1218,2004-06-13,european,FRK2,Rhône-Alpes,2,LFN,1250064
1219,2004-06-13,european,FRK2,Rhône-Alpes,2,LPC,516512
1220,2004-06-13,european,FRK2,Rhône-Alpes,2,LPS,3595368
1221,2004-06-13,european,FRK2,Rhône-Alpes,2,LRG,9096
1222,2004-06-13,european,FRK2,Rhône-Alpes,2,LUDF,1622368
1223,2004-06-13,european,FRK2,Rhône-Alpes,2,LUMP,2116680
1224,2004-06-13,european,FRK2,Rhône-Alpes,2,LVE,1106752
1225,2004-06-13,european,FRK2,Rhône-Alpes,2,LXD,41944
1226,2004-06-13,european,FRK2,Rhône-Alpes,2,LXG,381744
1227,2004-06-13,european,FRL0,Provence-Alpes-Côte d’Azur,0,eligible_voters,18513204
1228,2004-06-13,european,FRL0,Provence-Alpes-Côte d’Azur,1,issued_ballots,7362726
1229,2004-06-13,european,FRL0,Provence-Alpes-Côte d’Azur,2,LCP,148278
1230,2004-06-13,european,FRL0,Provence-Alpes-Côte d’Azur,2,LDD,629310
1231,2004-06-13,european,FRL0,Provence-Alpes-Côte d’Azur,2,LDV,186300
1232,2004-06-13,european,FRL0,Provence-Alpes-Côte d’Azur,2,LFN,1056690
1233,2004-06-13,european,FRL0,Provence-Alpes-Côte d’Azur,2,LPC,416484
1234,2004-06-13,european,FRL0,Provence-Alpes-Côte d’Azur,2,LPS,1968960
1235,2004-06-13,european,FRL0,Provence-Alpes-Côte d’Azur,2,LRG,108
1236,2004-06-13,european,FRL0,Provence-Alpes-Côte d’Azur,2,LUDF,726120
1237,2004-06-13,european,FRL0,Provence-Alpes-Côte d’Azur,2,LUMP,1269948
1238,2004-06-13,european,FRL0,Provence-Alpes-Côte d’Azur,2,LVE,476658
1239,2004-06-13,european,FRL0,Provence-Alpes-Côte d’Azur,2,LXD,78240
1240,2004-06-13,european,FRL0,Provence-Alpes-Côte d’Azur,2,LXG,201186
1241,2004-06-13,european,FRM0,Corse,0,eligible_voters,392178
1242,2004-06-13,european,FRM0,Corse,1,issued_ballots,108490
1243,2004-06-13,european,FRM0,Corse,2,LCP,1968
1244,2004-06-13,european,FRM0,Corse,2,LDD,9734
1245,2004-06-13,european,FRM0,Corse,2,LDV,1678
1246,2004-06-13,european,FRM0,Corse,2,LFN,9052
1247,2004-06-13,european,FRM0,Corse,2,LPC,12238
1248,2004-06-13,european,FRM0,Corse,2,LPS,28580
1249,2004-06-13,european,FRM0,Corse,2,LRG,0
1250,2004-06-13,european,FRM0,Corse,2,LUDF,5960
1251,2004-06-13,european,FRM0,Corse,2,LUMP,27612
1252,2004-06-13,european,FRM0,Corse,2,LVE,7090
1253,2004-06-13,european,FRM0,Corse,2,LXD,308
1254,2004-06-13,european,FRM0,Corse,2,LXG,2032
1255,2004-06-13,european,FRY1,Guadeloupe,0,eligible_voters,289573
1256,2004-06-13,european,FRY1,Guadeloupe,1,issued_ballots,44857
1257,2004-06-13,european,FRY1,Guadeloupe,2,LDD,730
1258,2004-06-13,european,FRY1,Guadeloupe,2,LDG,7582
1259,2004-06-13,european,FRY1,Guadeloupe,2,LDV,511
1260,2004-06-13,european,FRY1,Guadeloupe,2,LFN,716
1261,2004-06-13,european,FRY1,Guadeloupe,2,LPS,2654
1262,2004-06-13,european,FRY1,Guadeloupe,2,LUDF,2300
1263,2004-06-13,european,FRY1,Guadeloupe,2,LUMP,6173
1264,2004-06-13,european,FRY1,Guadeloupe,2,LVE,19430
1265,2004-06-13,european,FRY1,Guadeloupe,2,LXG,834
1266,2004-06-13,european,FRY2,Martinique ,0,eligible_voters,272021
1267,2004-06-13,european,FRY2,Martinique ,1,issued_ballots,48819
1268,2004-06-13,european,FRY2,Martinique ,2,LDD,622
1269,2004-06-13,european,FRY2,Martinique ,2,LDG,14963
1270,2004-06-13,european,FRY2,Martinique ,2,LDV,438
1271,2004-06-13,european,FRY2,Martinique ,2,LFN,541
1272,2004-06-13,european,FRY2,Martinique ,2,LPS,3443
1273,2004-06-13,european,FRY2,Martinique ,2,LUDF,16963
1274,2004-06-13,european,FRY2,Martinique ,2,LUMP,3502
1275,2004-06-13,european,FRY2,Martinique ,2,LVE,1267
1276,2004-06-13,european,FRY2,Martinique ,2,LXG,3196
1277,2004-06-13,european,FRY3,Guyane,0,eligible_voters,54095
1278,2004-06-13,european,FRY3,Guyane,1,issued_ballots,7743
1279,2004-06-13,european,FRY3,Guyane,2,LDD,185
1280,2004-06-13,european,FRY3,Guyane,2,LDG,848
1281,2004-06-13,european,FRY3,Guyane,2,LDV,129
1282,2004-06-13,european,FRY3,Guyane,2,LFN,362
1283,2004-06-13,european,FRY3,Guyane,2,LPS,934
1284,2004-06-13,european,FRY3,Guyane,2,LUDF,407
1285,2004-06-13,european,FRY3,Guyane,2,LUMP,1935
1286,2004-06-13,european,FRY3,Guyane,2,LVE,2298
1287,2004-06-13,european,FRY3,Guyane,2,LXG,166
1288,2004-06-13,european,FRY4,La Réunion ,0,eligible_voters,464595
1289,2004-06-13,european,FRY4,La Réunion ,1,issued_ballots,182832
1290,2004-06-13,european,FRY4,La Réunion ,2,LDD,0
1291,2004-06-13,european,FRY4,La Réunion ,2,LDG,66581
1292,2004-06-13,european,FRY4,La Réunion ,2,LDV,4553
1293,2004-06-13,european,FRY4,La Réunion ,2,LFN,2860
1294,2004-06-13,european,FRY4,La Réunion ,2,LPS,45316
1295,2004-06-13,european,FRY4,La Réunion ,2,LUDF,7389
1296,2004-06-13,european,FRY4,La Réunion ,2,LUMP,40801
1297,2004-06-13,european,FRY4,La Réunion ,2,LVE,4555
1298,2004-06-13,european,FRY4,La Réunion ,2,LXG,2106
1299,2004-06-13,european,FRY5,Mayotte,0,eligible_voters,55453
1300,2004-06-13,european,FRY5,Mayotte,1,issued_ballots,14699
1301,2004-06-13,european,FRY5,Mayotte,2,LDD,7
1302,2004-06-13,european,FRY5,Mayotte,2,LDG,3064
1303,2004-06-13,european,FRY5,Mayotte,2,LDV,595
1304,2004-06-13,european,FRY5,Mayotte,2,LFN,554
1305,2004-06-13,european,FRY5,Mayotte,2,LPS,2263
1306,2004-06-13,european,FRY5,Mayotte,2,LUDF,2428
1307,2004-06-13,european,FRY5,Mayotte,2,LUMP,4533
1308,2004-06-13,european,FRY5,Mayotte,2,LVE,463
1309,2004-06-13,european,FRY5,Mayotte,2,LXG,260
1310,2007-04-22,president_a,FR10,Ile-de-France,0,eligible_voters,53562752
1311,2007-04-22,president_a,FR10,Ile-de-France,1,issued_ballots,46189256
1312,2007-04-22,president_a,FR10,Ile-de-France,2,Bayrou,9144600
1313,2007-04-22,president_a,FR10,Ile-de-France,2,Besancenot,1449976
1314,2007-04-22,president_a,FR10,Ile-de-France,2,Bové,459544
1315,2007-04-22,president_a,FR10,Ile-de-France,2,Buffet,887760
1316,2007-04-22,president_a,FR10,Ile-de-France,2,DeVilliers,715824
1317,2007-04-22,president_a,FR10,Ile-de-France,2,Laguiller,423696
1318,2007-04-22,president_a,FR10,Ile-de-France,2,LePen,3444496
1319,2007-04-22,president_a,FR10,Ile-de-France,2,Nihous,158792
1320,2007-04-22,president_a,FR10,Ile-de-France,2,Royal,12744008
1321,2007-04-22,president_a,FR10,Ile-de-France,2,Sarkozy,15451400
1322,2007-04-22,president_a,FR10,Ile-de-France,2,Schivardi,99104
1323,2007-04-22,president_a,FR10,Ile-de-France,2,Voynet,719096
1324,2007-04-22,president_a,FRB0,Centre — Val de Loire,0,eligible_voters,10688184
1325,2007-04-22,president_a,FRB0,Centre — Val de Loire,1,issued_ballots,9033582
1326,2007-04-22,president_a,FRB0,Centre — Val de Loire,2,Bayrou,1669062
1327,2007-04-22,president_a,FRB0,Centre — Val de Loire,2,Besancenot,392082
1328,2007-04-22,president_a,FRB0,Centre — Val de Loire,2,Bové,104370
1329,2007-04-22,president_a,FRB0,Centre — Val de Loire,2,Buffet,180018
1330,2007-04-22,president_a,FRB0,Centre — Val de Loire,2,DeVilliers,274320
1331,2007-04-22,president_a,FRB0,Centre — Val de Loire,2,Laguiller,133674
1332,2007-04-22,president_a,FRB0,Centre — Val de Loire,2,LePen,1013472
1333,2007-04-22,president_a,FRB0,Centre — Val de Loire,2,Nihous,123402
1334,2007-04-22,president_a,FRB0,Centre — Val de Loire,2,Royal,2072124
1335,2007-04-22,president_a,FRB0,Centre — Val de Loire,2,Sarkozy,2762574
1336,2007-04-22,president_a,FRB0,Centre — Val de Loire,2,Schivardi,34176
1337,2007-04-22,president_a,FRB0,Centre — Val de Loire,2,Voynet,135930
1338,2007-04-22,president_a,FRC1,Bourgogne,0,eligible_voters,4693348
1339,2007-04-22,president_a,FRC1,Bourgogne,1,issued_ballots,3955920
1340,2007-04-22,president_a,FRC1,Bourgogne,2,Bayrou,700852
1341,2007-04-22,president_a,FRC1,Bourgogne,2,Besancenot,168984
1342,2007-04-22,president_a,FRC1,Bourgogne,2,Bové,49184
1343,2007-04-22,president_a,FRC1,Bourgogne,2,Buffet,72616
1344,2007-04-22,president_a,FRC1,Bourgogne,2,DeVilliers,99884
1345,2007-04-22,president_a,FRC1,Bourgogne,2,Laguiller,57760
1346,2007-04-22,president_a,FRC1,Bourgogne,2,LePen,476164
1347,2007-04-22,president_a,FRC1,Bourgogne,2,Nihous,48320
1348,2007-04-22,president_a,FRC1,Bourgogne,2,Royal,964376
1349,2007-04-22,president_a,FRC1,Bourgogne,2,Sarkozy,1190176
1350,2007-04-22,president_a,FRC1,Bourgogne,2,Schivardi,14432
1351,2007-04-22,president_a,FRC1,Bourgogne,2,Voynet,54760
1352,2007-04-22,president_a,FRC2,Franche-Comté,0,eligible_voters,3254000
1353,2007-04-22,president_a,FRC2,Franche-Comté,1,issued_ballots,2789116
1354,2007-04-22,president_a,FRC2,Franche-Comté,2,Bayrou,456340
1355,2007-04-22,president_a,FRC2,Franche-Comté,2,Besancenot,122660
1356,2007-04-22,president_a,FRC2,Franche-Comté,2,Bové,41440
1357,2007-04-22,president_a,FRC2,Franche-Comté,2,Buffet,36804
1358,2007-04-22,president_a,FRC2,Franche-Comté,2,DeVilliers,65404
1359,2007-04-22,president_a,FRC2,Franche-Comté,2,Laguiller,43516
1360,2007-04-22,president_a,FRC2,Franche-Comté,2,LePen,376688
1361,2007-04-22,president_a,FRC2,Franche-Comté,2,Nihous,31244
1362,2007-04-22,president_a,FRC2,Franche-Comté,2,Royal,660804
1363,2007-04-22,president_a,FRC2,Franche-Comté,2,Sarkozy,849000
1364,2007-04-22,president_a,FRC2,Franche-Comté,2,Schivardi,9772
1365,2007-04-22,president_a,FRC2,Franche-Comté,2,Voynet,51508
1366,2007-04-22,president_a,FRD1,Basse-Normandie ,0,eligible_voters,3212592
1367,2007-04-22,president_a,FRD1,Basse-Normandie ,1,issued_ballots,2769771
1368,2007-04-22,president_a,FRD1,Basse-Normandie ,2,Bayrou,551751
1369,2007-04-22,president_a,FRD1,Basse-Normandie ,2,Besancenot,131688
1370,2007-04-22,president_a,FRD1,Basse-Normandie ,2,Bové,39459
1371,2007-04-22,president_a,FRD1,Basse-Normandie ,2,Buffet,33591
1372,2007-04-22,president_a,FRD1,Basse-Normandie ,2,DeVilliers,76920
1373,2007-04-22,president_a,FRD1,Basse-Normandie ,2,Laguiller,43860
1374,2007-04-22,president_a,FRD1,Basse-Normandie ,2,LePen,265158
1375,2007-04-22,president_a,FRD1,Basse-Normandie ,2,Nihous,64221
1376,2007-04-22,president_a,FRD1,Basse-Normandie ,2,Royal,627000
1377,2007-04-22,president_a,FRD1,Basse-Normandie ,2,Sarkozy,841188
1378,2007-04-22,president_a,FRD1,Basse-Normandie ,2,Schivardi,9243
1379,2007-04-22,president_a,FRD1,Basse-Normandie ,2,Voynet,43083
1380,2007-04-22,president_a,FRD2,Haute-Normandie ,0,eligible_voters,2555698
1381,2007-04-22,president_a,FRD2,Haute-Normandie ,1,issued_ballots,2140540
1382,2007-04-22,president_a,FRD2,Haute-Normandie ,2,Bayrou,369250
1383,2007-04-22,president_a,FRD2,Haute-Normandie ,2,Besancenot,116624
1384,2007-04-22,president_a,FRD2,Haute-Normandie ,2,Bové,25126
1385,2007-04-22,president_a,FRD2,Haute-Normandie ,2,Buffet,52752
1386,2007-04-22,president_a,FRD2,Haute-Normandie ,2,DeVilliers,51384
1387,2007-04-22,president_a,FRD2,Haute-Normandie ,2,Laguiller,40096
1388,2007-04-22,president_a,FRD2,Haute-Normandie ,2,LePen,253590
1389,2007-04-22,president_a,FRD2,Haute-Normandie ,2,Nihous,27434
1390,2007-04-22,president_a,FRD2,Haute-Normandie ,2,Royal,515328
1391,2007-04-22,president_a,FRD2,Haute-Normandie ,2,Sarkozy,619850
1392,2007-04-22,president_a,FRD2,Haute-Normandie ,2,Schivardi,7208
1393,2007-04-22,president_a,FRD2,Haute-Normandie ,2,Voynet,31412
1394,2007-04-22,president_a,FRE1,Nord-Pas de Calais,0,eligible_voters,5709064
1395,2007-04-22,president_a,FRE1,Nord-Pas de Calais,1,issued_ballots,4652040
1396,2007-04-22,president_a,FRE1,Nord-Pas de Calais,2,Bayrou,681388
1397,2007-04-22,president_a,FRE1,Nord-Pas de Calais,2,Besancenot,255786
1398,2007-04-22,president_a,FRE1,Nord-Pas de Calais,2,Bové,49186
1399,2007-04-22,president_a,FRE1,Nord-Pas de Calais,2,Buffet,148042
1400,2007-04-22,president_a,FRE1,Nord-Pas de Calais,2,DeVilliers,81364
1401,2007-04-22,president_a,FRE1,Nord-Pas de Calais,2,Laguiller,105336
1402,2007-04-22,president_a,FRE1,Nord-Pas de Calais,2,LePen,671712
1403,2007-04-22,president_a,FRE1,Nord-Pas de Calais,2,Nihous,87196
1404,2007-04-22,president_a,FRE1,Nord-Pas de Calais,2,Royal,1146042
1405,2007-04-22,president_a,FRE1,Nord-Pas de Calais,2,Sarkozy,1278586
1406,2007-04-22,president_a,FRE1,Nord-Pas de Calais,2,Schivardi,12648
1407,2007-04-22,president_a,FRE1,Nord-Pas de Calais,2,Voynet,62764
1408,2007-04-22,president_a,FRE2,Picardie,0,eligible_voters,3973488
1409,2007-04-22,president_a,FRE2,Picardie,1,issued_ballots,3328938
1410,2007-04-22,president_a,FRE2,Picardie,2,Bayrou,483759
1411,2007-04-22,president_a,FRE2,Picardie,2,Besancenot,173160
1412,2007-04-22,president_a,FRE2,Picardie,2,Bové,34857
1413,2007-04-22,president_a,FRE2,Picardie,2,Buffet,66909
1414,2007-04-22,president_a,FRE2,Picardie,2,DeVilliers,80187
1415,2007-04-22,president_a,FRE2,Picardie,2,Laguiller,71814
1416,2007-04-22,president_a,FRE2,Picardie,2,LePen,506226
1417,2007-04-22,president_a,FRE2,Picardie,2,Nihous,61251
1418,2007-04-22,president_a,FRE2,Picardie,2,Royal,755754
1419,2007-04-22,president_a,FRE2,Picardie,2,Sarkozy,993450
1420,2007-04-22,president_a,FRE2,Picardie,2,Schivardi,12369
1421,2007-04-22,president_a,FRE2,Picardie,2,Voynet,42675
1422,2007-04-22,president_a,FRF1,Alsace,0,eligible_voters,2448428
1423,2007-04-22,president_a,FRF1,Alsace,1,issued_ballots,2031862
1424,2007-04-22,president_a,FRF1,Alsace,2,Bayrou,428678
1425,2007-04-22,president_a,FRF1,Alsace,2,Besancenot,66620
1426,2007-04-22,president_a,FRF1,Alsace,2,Bové,27516
1427,2007-04-22,president_a,FRF1,Alsace,2,Buffet,12200
1428,2007-04-22,president_a,FRF1,Alsace,2,DeVilliers,44984
1429,2007-04-22,president_a,FRF1,Alsace,2,Laguiller,27642
1430,2007-04-22,president_a,FRF1,Alsace,2,LePen,271464
1431,2007-04-22,president_a,FRF1,Alsace,2,Nihous,10284
1432,2007-04-22,president_a,FRF1,Alsace,2,Royal,342566
1433,2007-04-22,president_a,FRF1,Alsace,2,Sarkozy,724768
1434,2007-04-22,president_a,FRF1,Alsace,2,Schivardi,5044
1435,2007-04-22,president_a,FRF1,Alsace,2,Voynet,40764
1436,2007-04-22,president_a,FRF2,Champagne-Ardenne,0,eligible_voters,3713788
1437,2007-04-22,president_a,FRF2,Champagne-Ardenne,1,issued_ballots,3056072
1438,2007-04-22,president_a,FRF2,Champagne-Ardenne,2,Bayrou,490568
1439,2007-04-22,president_a,FRF2,Champagne-Ardenne,2,Besancenot,133688
1440,2007-04-22,president_a,FRF2,Champagne-Ardenne,2,Bové,29656
1441,2007-04-22,president_a,FRF2,Champagne-Ardenne,2,Buffet,49860
1442,2007-04-22,president_a,FRF2,Champagne-Ardenne,2,DeVilliers,81800
1443,2007-04-22,president_a,FRF2,Champagne-Ardenne,2,Laguiller,54240
1444,2007-04-22,president_a,FRF2,Champagne-Ardenne,2,LePen,458088
1445,2007-04-22,president_a,FRF2,Champagne-Ardenne,2,Nihous,36064
1446,2007-04-22,president_a,FRF2,Champagne-Ardenne,2,Royal,641096
1447,2007-04-22,president_a,FRF2,Champagne-Ardenne,2,Sarkozy,986732
1448,2007-04-22,president_a,FRF2,Champagne-Ardenne,2,Schivardi,9084
1449,2007-04-22,president_a,FRF2,Champagne-Ardenne,2,Voynet,42904
1450,2007-04-22,president_a,FRF3,Lorraine,0,eligible_voters,6636496
1451,2007-04-22,president_a,FRF3,Lorraine,1,issued_ballots,5534576
1452,2007-04-22,president_a,FRF3,Lorraine,2,Bayrou,1000792
1453,2007-04-22,president_a,FRF3,Lorraine,2,Besancenot,283724
1454,2007-04-22,president_a,FRF3,Lorraine,2,Bové,64372
1455,2007-04-22,president_a,FRF3,Lorraine,2,Buffet,76964
1456,2007-04-22,president_a,FRF3,Lorraine,2,DeVilliers,116732
1457,2007-04-22,president_a,FRF3,Lorraine,2,Laguiller,102296
1458,2007-04-22,president_a,FRF3,Lorraine,2,LePen,786792
1459,2007-04-22,president_a,FRF3,Lorraine,2,Nihous,41516
1460,2007-04-22,president_a,FRF3,Lorraine,2,Royal,1262384
1461,2007-04-22,president_a,FRF3,Lorraine,2,Sarkozy,1615664
1462,2007-04-22,president_a,FRF3,Lorraine,2,Schivardi,16800
1463,2007-04-22,president_a,FRF3,Lorraine,2,Voynet,86248
1464,2007-04-22,president_a,FRG0,Pays de la Loire,0,eligible_voters,12587585
1465,2007-04-22,president_a,FRG0,Pays de la Loire,1,issued_ballots,10973665
1466,2007-04-22,president_a,FRG0,Pays de la Loire,2,Bayrou,2287845
1467,2007-04-22,president_a,FRG0,Pays de la Loire,2,Besancenot,468435
1468,2007-04-22,president_a,FRG0,Pays de la Loire,2,Bové,129055
1469,2007-04-22,president_a,FRG0,Pays de la Loire,2,Buffet,133685
1470,2007-04-22,president_a,FRG0,Pays de la Loire,2,DeVilliers,539475
1471,2007-04-22,president_a,FRG0,Pays de la Loire,2,Laguiller,142405
1472,2007-04-22,president_a,FRG0,Pays de la Loire,2,LePen,794215
1473,2007-04-22,president_a,FRG0,Pays de la Loire,2,Nihous,133370
1474,2007-04-22,president_a,FRG0,Pays de la Loire,2,Royal,2761370
1475,2007-04-22,president_a,FRG0,Pays de la Loire,2,Sarkozy,3184685
1476,2007-04-22,president_a,FRG0,Pays de la Loire,2,Schivardi,32405
1477,2007-04-22,president_a,FRG0,Pays de la Loire,2,Voynet,194755
1478,2007-04-22,president_a,FRH0,Bretagne,0,eligible_voters,9254508
1479,2007-04-22,president_a,FRH0,Bretagne,1,issued_ballots,8115380
1480,2007-04-22,president_a,FRH0,Bretagne,2,Bayrou,1807532
1481,2007-04-22,president_a,FRH0,Bretagne,2,Besancenot,376760
1482,2007-04-22,president_a,FRH0,Bretagne,2,Bové,113928
1483,2007-04-22,president_a,FRH0,Bretagne,2,Buffet,127440
1484,2007-04-22,president_a,FRH0,Bretagne,2,DeVilliers,164800
1485,2007-04-22,president_a,FRH0,Bretagne,2,Laguiller,102624
1486,2007-04-22,president_a,FRH0,Bretagne,2,LePen,575596
1487,2007-04-22,president_a,FRH0,Bretagne,2,Nihous,84804
1488,2007-04-22,president_a,FRH0,Bretagne,2,Royal,2256120
1489,2007-04-22,president_a,FRH0,Bretagne,2,Sarkozy,2229272
1490,2007-04-22,president_a,FRH0,Bretagne,2,Schivardi,20664
1491,2007-04-22,president_a,FRH0,Bretagne,2,Voynet,156068
1492,2007-04-22,president_a,FRI1,Aquitaine,0,eligible_voters,11296870
1493,2007-04-22,president_a,FRI1,Aquitaine,1,issued_ballots,9885000
1494,2007-04-22,president_a,FRI1,Aquitaine,2,Bayrou,2087730
1495,2007-04-22,president_a,FRI1,Aquitaine,2,Besancenot,391150
1496,2007-04-22,president_a,FRI1,Aquitaine,2,Bové,139705
1497,2007-04-22,president_a,FRI1,Aquitaine,2,Buffet,208955
1498,2007-04-22,president_a,FRI1,Aquitaine,2,DeVilliers,170140
1499,2007-04-22,president_a,FRI1,Aquitaine,2,Laguiller,110080
1500,2007-04-22,president_a,FRI1,Aquitaine,2,LePen,843325
1501,2007-04-22,president_a,FRI1,Aquitaine,2,Nihous,176500
1502,2007-04-22,president_a,FRI1,Aquitaine,2,Royal,2786500
1503,2007-04-22,president_a,FRI1,Aquitaine,2,Sarkozy,2660790
1504,2007-04-22,president_a,FRI1,Aquitaine,2,Schivardi,37860
1505,2007-04-22,president_a,FRI1,Aquitaine,2,Voynet,141425
1506,2007-04-22,president_a,FRI2,Limousin,0,eligible_voters,1658691
1507,2007-04-22,president_a,FRI2,Limousin,1,issued_ballots,1430613
1508,2007-04-22,president_a,FRI2,Limousin,2,Bayrou,247344
1509,2007-04-22,president_a,FRI2,Limousin,2,Besancenot,72123
1510,2007-04-22,president_a,FRI2,Limousin,2,Bové,19887
1511,2007-04-22,president_a,FRI2,Limousin,2,Buffet,47085
1512,2007-04-22,president_a,FRI2,Limousin,2,DeVilliers,32367
1513,2007-04-22,president_a,FRI2,Limousin,2,Laguiller,19698
1514,2007-04-22,president_a,FRI2,Limousin,2,LePen,115575
1515,2007-04-22,president_a,FRI2,Limousin,2,Nihous,24093
1516,2007-04-22,president_a,FRI2,Limousin,2,Royal,426711
1517,2007-04-22,president_a,FRI2,Limousin,2,Sarkozy,371616
1518,2007-04-22,president_a,FRI2,Limousin,2,Schivardi,6846
1519,2007-04-22,president_a,FRI2,Limousin,2,Voynet,18432
1520,2007-04-22,president_a,FRI3,Poitou-Charentes,0,eligible_voters,5126448
1521,2007-04-22,president_a,FRI3,Poitou-Charentes,1,issued_ballots,4382704
1522,2007-04-22,president_a,FRI3,Poitou-Charentes,2,Bayrou,775528
1523,2007-04-22,president_a,FRI3,Poitou-Charentes,2,Besancenot,182392
1524,2007-04-22,president_a,FRI3,Poitou-Charentes,2,Bové,55744
1525,2007-04-22,president_a,FRI3,Poitou-Charentes,2,Buffet,63588
1526,2007-04-22,president_a,FRI3,Poitou-Charentes,2,DeVilliers,154532
1527,2007-04-22,president_a,FRI3,Poitou-Charentes,2,Laguiller,55772
1528,2007-04-22,president_a,FRI3,Poitou-Charentes,2,LePen,352296
1529,2007-04-22,president_a,FRI3,Poitou-Charentes,2,Nihous,86196
1530,2007-04-22,president_a,FRI3,Poitou-Charentes,2,Royal,1287736
1531,2007-04-22,president_a,FRI3,Poitou-Charentes,2,Sarkozy,1216340
1532,2007-04-22,president_a,FRI3,Poitou-Charentes,2,Schivardi,15344
1533,2007-04-22,president_a,FRI3,Poitou-Charentes,2,Voynet,65240
1534,2007-04-22,president_a,FRJ1,Languedoc-Roussillon,0,eligible_voters,9088860
1535,2007-04-22,president_a,FRJ1,Languedoc-Roussillon,1,issued_ballots,7812840
1536,2007-04-22,president_a,FRJ1,Languedoc-Roussillon,2,Bayrou,1173715
1537,2007-04-22,president_a,FRJ1,Languedoc-Roussillon,2,Besancenot,312990
1538,2007-04-22,president_a,FRJ1,Languedoc-Roussillon,2,Bové,137010
1539,2007-04-22,president_a,FRJ1,Languedoc-Roussillon,2,Buffet,192950
1540,2007-04-22,president_a,FRJ1,Languedoc-Roussillon,2,DeVilliers,140830
1541,2007-04-22,president_a,FRJ1,Languedoc-Roussillon,2,Laguiller,85875
1542,2007-04-22,president_a,FRJ1,Languedoc-Roussillon,2,LePen,1072340
1543,2007-04-22,president_a,FRJ1,Languedoc-Roussillon,2,Nihous,106780
1544,2007-04-22,president_a,FRJ1,Languedoc-Roussillon,2,Royal,1977550
1545,2007-04-22,president_a,FRJ1,Languedoc-Roussillon,2,Sarkozy,2350095
1546,2007-04-22,president_a,FRJ1,Languedoc-Roussillon,2,Schivardi,57180
1547,2007-04-22,president_a,FRJ1,Languedoc-Roussillon,2,Voynet,103935
1548,2007-04-22,president_a,FRJ2,Midi-Pyrénées,0,eligible_voters,16101536
1549,2007-04-22,president_a,FRJ2,Midi-Pyrénées,1,issued_ballots,14140368
1550,2007-04-22,president_a,FRJ2,Midi-Pyrénées,2,Bayrou,2733128
1551,2007-04-22,president_a,FRJ2,Midi-Pyrénées,2,Besancenot,553416
1552,2007-04-22,president_a,FRJ2,Midi-Pyrénées,2,Bové,269496
1553,2007-04-22,president_a,FRJ2,Midi-Pyrénées,2,Buffet,272608
1554,2007-04-22,president_a,FRJ2,Midi-Pyrénées,2,DeVilliers,246800
1555,2007-04-22,president_a,FRJ2,Midi-Pyrénées,2,Laguiller,148904
1556,2007-04-22,president_a,FRJ2,Midi-Pyrénées,2,LePen,1238136
1557,2007-04-22,president_a,FRJ2,Midi-Pyrénées,2,Nihous,202240
1558,2007-04-22,president_a,FRJ2,Midi-Pyrénées,2,Royal,4336312
1559,2007-04-22,president_a,FRJ2,Midi-Pyrénées,2,Sarkozy,3664736
1560,2007-04-22,president_a,FRJ2,Midi-Pyrénées,2,Schivardi,70224
1561,2007-04-22,president_a,FRJ2,Midi-Pyrénées,2,Voynet,202136
1562,2007-04-22,president_a,FRK1,Auvergne,0,eligible_voters,3997672
1563,2007-04-22,president_a,FRK1,Auvergne,1,issued_ballots,3456156
1564,2007-04-22,president_a,FRK1,Auvergne,2,Bayrou,677580
1565,2007-04-22,president_a,FRK1,Auvergne,2,Besancenot,166088
1566,2007-04-22,president_a,FRK1,Auvergne,2,Bové,54128
1567,2007-04-22,president_a,FRK1,Auvergne,2,Buffet,87680
1568,2007-04-22,president_a,FRK1,Auvergne,2,DeVilliers,74920
1569,2007-04-22,president_a,FRK1,Auvergne,2,Laguiller,51744
1570,2007-04-22,president_a,FRK1,Auvergne,2,LePen,315216
1571,2007-04-22,president_a,FRK1,Auvergne,2,Nihous,49896
1572,2007-04-22,president_a,FRK1,Auvergne,2,Royal,901904
1573,2007-04-22,president_a,FRK1,Auvergne,2,Sarkozy,952612
1574,2007-04-22,president_a,FRK1,Auvergne,2,Schivardi,16824
1575,2007-04-22,president_a,FRK1,Auvergne,2,Voynet,48360
1576,2007-04-22,president_a,FRK2,Rhône-Alpes,0,eligible_voters,32280280
1577,2007-04-22,president_a,FRK2,Rhône-Alpes,1,issued_ballots,27797288
1578,2007-04-22,president_a,FRK2,Rhône-Alpes,2,Bayrou,5517368
1579,2007-04-22,president_a,FRK2,Rhône-Alpes,2,Besancenot,989688
1580,2007-04-22,president_a,FRK2,Rhône-Alpes,2,Bové,411360
1581,2007-04-22,president_a,FRK2,Rhône-Alpes,2,Buffet,460992
1582,2007-04-22,president_a,FRK2,Rhône-Alpes,2,DeVilliers,607232
1583,2007-04-22,president_a,FRK2,Rhône-Alpes,2,Laguiller,304760
1584,2007-04-22,president_a,FRK2,Rhône-Alpes,2,LePen,2882376
1585,2007-04-22,president_a,FRK2,Rhône-Alpes,2,Nihous,260920
1586,2007-04-22,president_a,FRK2,Rhône-Alpes,2,Royal,6453456
1587,2007-04-22,president_a,FRK2,Rhône-Alpes,2,Sarkozy,8967440
1588,2007-04-22,president_a,FRK2,Rhône-Alpes,2,Schivardi,87704
1589,2007-04-22,president_a,FRK2,Rhône-Alpes,2,Voynet,503976
1590,2007-04-22,president_a,FRL0,Provence-Alpes-Côte d’Azur,0,eligible_voters,19751658
1591,2007-04-22,president_a,FRL0,Provence-Alpes-Côte d’Azur,1,issued_ballots,16572432
1592,2007-04-22,president_a,FRL0,Provence-Alpes-Côte d’Azur,2,Bayrou,2514972
1593,2007-04-22,president_a,FRL0,Provence-Alpes-Côte d’Azur,2,Besancenot,529986
1594,2007-04-22,president_a,FRL0,Provence-Alpes-Côte d’Azur,2,Bové,221778
1595,2007-04-22,president_a,FRL0,Provence-Alpes-Côte d’Azur,2,Buffet,371808
1596,2007-04-22,president_a,FRL0,Provence-Alpes-Côte d’Azur,2,DeVilliers,329106
1597,2007-04-22,president_a,FRL0,Provence-Alpes-Côte d’Azur,2,Laguiller,158442
1598,2007-04-22,president_a,FRL0,Provence-Alpes-Côte d’Azur,2,LePen,2266980
1599,2007-04-22,president_a,FRL0,Provence-Alpes-Côte d’Azur,2,Nihous,159204
1600,2007-04-22,president_a,FRL0,Provence-Alpes-Côte d’Azur,2,Royal,3474216
1601,2007-04-22,president_a,FRL0,Provence-Alpes-Côte d’Azur,2,Sarkozy,6061410
1602,2007-04-22,president_a,FRL0,Provence-Alpes-Côte d’Azur,2,Schivardi,59610
1603,2007-04-22,president_a,FRL0,Provence-Alpes-Côte d’Azur,2,Voynet,230034
1604,2007-04-22,president_a,FRM0,Corse,0,eligible_voters,412788
1605,2007-04-22,president_a,FRM0,Corse,1,issued_ballots,311666
1606,2007-04-22,president_a,FRM0,Corse,2,Bayrou,37958
1607,2007-04-22,president_a,FRM0,Corse,2,Besancenot,11882
1608,2007-04-22,president_a,FRM0,Corse,2,Bové,3318
1609,2007-04-22,president_a,FRM0,Corse,2,Buffet,10328
1610,2007-04-22,president_a,FRM0,Corse,2,DeVilliers,3816
1611,2007-04-22,president_a,FRM0,Corse,2,Laguiller,2692
1612,2007-04-22,president_a,FRM0,Corse,2,LePen,46866
1613,2007-04-22,president_a,FRM0,Corse,2,Nihous,4518
1614,2007-04-22,president_a,FRM0,Corse,2,Royal,66986
1615,2007-04-22,president_a,FRM0,Corse,2,Sarkozy,113638
1616,2007-04-22,president_a,FRM0,Corse,2,Schivardi,900
1617,2007-04-22,president_a,FRM0,Corse,2,Voynet,4240
1618,2007-04-22,president_a,FRY1,Guadeloupe,0,eligible_voters,303311
1619,2007-04-22,president_a,FRY1,Guadeloupe,1,issued_ballots,179365
1620,2007-04-22,president_a,FRY1,Guadeloupe,2,Bayrou,14292
1621,2007-04-22,president_a,FRY1,Guadeloupe,2,Besancenot,4276
1622,2007-04-22,president_a,FRY1,Guadeloupe,2,Bové,1560
1623,2007-04-22,president_a,FRY1,Guadeloupe,2,Buffet,1252
1624,2007-04-22,president_a,FRY1,Guadeloupe,2,DeVilliers,790
1625,2007-04-22,president_a,FRY1,Guadeloupe,2,Laguiller,1834
1626,2007-04-22,president_a,FRY1,Guadeloupe,2,LePen,5335
1627,2007-04-22,president_a,FRY1,Guadeloupe,2,Nihous,383
1628,2007-04-22,president_a,FRY1,Guadeloupe,2,Royal,64261
1629,2007-04-22,president_a,FRY1,Guadeloupe,2,Sarkozy,71568
1630,2007-04-22,president_a,FRY1,Guadeloupe,2,Schivardi,301
1631,2007-04-22,president_a,FRY1,Guadeloupe,2,Voynet,2036
1632,2007-04-22,president_a,FRY2,Martinique ,0,eligible_voters,287465
1633,2007-04-22,president_a,FRY2,Martinique ,1,issued_ballots,169584
1634,2007-04-22,president_a,FRY2,Martinique ,2,Bayrou,13715
1635,2007-04-22,president_a,FRY2,Martinique ,2,Besancenot,4057
1636,2007-04-22,president_a,FRY2,Martinique ,2,Bové,1388
1637,2007-04-22,president_a,FRY2,Martinique ,2,Buffet,901
1638,2007-04-22,president_a,FRY2,Martinique ,2,DeVilliers,777
1639,2007-04-22,president_a,FRY2,Martinique ,2,Laguiller,2049
1640,2007-04-22,president_a,FRY2,Martinique ,2,LePen,3367
1641,2007-04-22,president_a,FRY2,Martinique ,2,Nihous,338
1642,2007-04-22,president_a,FRY2,Martinique ,2,Royal,77266
1643,2007-04-22,president_a,FRY2,Martinique ,2,Sarkozy,53825
1644,2007-04-22,president_a,FRY2,Martinique ,2,Schivardi,216
1645,2007-04-22,president_a,FRY2,Martinique ,2,Voynet,1479
1646,2007-04-22,president_a,FRY3,Guyane,0,eligible_voters,62526
1647,2007-04-22,president_a,FRY3,Guyane,1,issued_ballots,36743
1648,2007-04-22,president_a,FRY3,Guyane,2,Bayrou,4431
1649,2007-04-22,president_a,FRY3,Guyane,2,Besancenot,911
1650,2007-04-22,president_a,FRY3,Guyane,2,Bové,505
1651,2007-04-22,president_a,FRY3,Guyane,2,Buffet,220
1652,2007-04-22,president_a,FRY3,Guyane,2,DeVilliers,191
1653,2007-04-22,president_a,FRY3,Guyane,2,Laguiller,346
1654,2007-04-22,president_a,FRY3,Guyane,2,LePen,1953
1655,2007-04-22,president_a,FRY3,Guyane,2,Nihous,103
1656,2007-04-22,president_a,FRY3,Guyane,2,Royal,11526
1657,2007-04-22,president_a,FRY3,Guyane,2,Sarkozy,14650
1658,2007-04-22,president_a,FRY3,Guyane,2,Schivardi,59
1659,2007-04-22,president_a,FRY3,Guyane,2,Voynet,533
1660,2007-04-22,president_a,FRY4,La Réunion ,0,eligible_voters,510558
1661,2007-04-22,president_a,FRY4,La Réunion ,1,issued_ballots,370719
1662,2007-04-22,president_a,FRY4,La Réunion ,2,Bayrou,47574
1663,2007-04-22,president_a,FRY4,La Réunion ,2,Besancenot,9419
1664,2007-04-22,president_a,FRY4,La Réunion ,2,Bové,4847
1665,2007-04-22,president_a,FRY4,La Réunion ,2,Buffet,10645
1666,2007-04-22,president_a,FRY4,La Réunion ,2,DeVilliers,2095
1667,2007-04-22,president_a,FRY4,La Réunion ,2,Laguiller,4288
1668,2007-04-22,president_a,FRY4,La Réunion ,2,LePen,17469
1669,2007-04-22,president_a,FRY4,La Réunion ,2,Nihous,1061
1670,2007-04-22,president_a,FRY4,La Réunion ,2,Royal,165464
1671,2007-04-22,president_a,FRY4,La Réunion ,2,Sarkozy,89800
1672,2007-04-22,president_a,FRY4,La Réunion ,2,Schivardi,695
1673,2007-04-22,president_a,FRY4,La Réunion ,2,Voynet,4608
1674,2007-04-22,president_a,FRY5,Mayotte,0,eligible_voters,64440
1675,2007-04-22,president_a,FRY5,Mayotte,1,issued_ballots,29812
1676,2007-04-22,president_a,FRY5,Mayotte,2,Bayrou,6379
1677,2007-04-22,president_a,FRY5,Mayotte,2,Besancenot,775
1678,2007-04-22,president_a,FRY5,Mayotte,2,Bové,431
1679,2007-04-22,president_a,FRY5,Mayotte,2,Buffet,355
1680,2007-04-22,president_a,FRY5,Mayotte,2,DeVilliers,178
1681,2007-04-22,president_a,FRY5,Mayotte,2,Laguiller,465
1682,2007-04-22,president_a,FRY5,Mayotte,2,LePen,1049
1683,2007-04-22,president_a,FRY5,Mayotte,2,Nihous,196
1684,2007-04-22,president_a,FRY5,Mayotte,2,Royal,6943
1685,2007-04-22,president_a,FRY5,Mayotte,2,Sarkozy,7574
1686,2007-04-22,president_a,FRY5,Mayotte,2,Schivardi,133
1687,2007-04-22,president_a,FRY5,Mayotte,2,Voynet,374
1688,2007-05-06,president_b,FR10,Ile-de-France,0,eligible_voters,53564336
1689,2007-05-06,president_b,FR10,Ile-de-France,1,issued_ballots,45670832
1690,2007-05-06,president_b,FR10,Ile-de-France,2,Royal,20896856
1691,2007-05-06,president_b,FR10,Ile-de-France,2,Sarkozy,23086096
1692,2007-05-06,president_b,FRB0,Centre — Val de Loire,0,eligible_voters,10687932
1693,2007-05-06,president_b,FRB0,Centre — Val de Loire,1,issued_ballots,9105066
1694,2007-05-06,president_b,FRB0,Centre — Val de Loire,2,Royal,3904662
1695,2007-05-06,president_b,FRB0,Centre — Val de Loire,2,Sarkozy,4775754
1696,2007-05-06,president_b,FRC1,Bourgogne,0,eligible_voters,4692928
1697,2007-05-06,president_b,FRC1,Bourgogne,1,issued_ballots,3986984
1698,2007-05-06,president_b,FRC1,Bourgogne,2,Royal,1737912
1699,2007-05-06,president_b,FRC1,Bourgogne,2,Sarkozy,2063308
1700,2007-05-06,president_b,FRC2,Franche-Comté,0,eligible_voters,3253976
1701,2007-05-06,president_b,FRC2,Franche-Comté,1,issued_ballots,2814068
1702,2007-05-06,president_b,FRC2,Franche-Comté,2,Royal,1189968
1703,2007-05-06,president_b,FRC2,Franche-Comté,2,Sarkozy,1484624
1704,2007-05-06,president_b,FRD1,Basse-Normandie ,0,eligible_voters,3212412
1705,2007-05-06,president_b,FRD1,Basse-Normandie ,1,issued_ballots,2752413
1706,2007-05-06,president_b,FRD1,Basse-Normandie ,2,Royal,1206447
1707,2007-05-06,president_b,FRD1,Basse-Normandie ,2,Sarkozy,1428765
1708,2007-05-06,president_b,FRD2,Haute-Normandie ,0,eligible_voters,2554628
1709,2007-05-06,president_b,FRD2,Haute-Normandie ,1,issued_ballots,2163374
1710,2007-05-06,president_b,FRD2,Haute-Normandie ,2,Royal,984308
1711,2007-05-06,president_b,FRD2,Haute-Normandie ,2,Sarkozy,1086808
1712,2007-05-06,president_b,FRE1,Nord-Pas de Calais,0,eligible_voters,5710014
1713,2007-05-06,president_b,FRE1,Nord-Pas de Calais,1,issued_ballots,4707076
1714,2007-05-06,president_b,FRE1,Nord-Pas de Calais,2,Royal,2235904
1715,2007-05-06,president_b,FRE1,Nord-Pas de Calais,2,Sarkozy,2263808
1716,2007-05-06,president_b,FRE2,Picardie,0,eligible_voters,3972897
1717,2007-05-06,president_b,FRE2,Picardie,1,issued_ballots,3359307
1718,2007-05-06,president_b,FRE2,Picardie,2,Royal,1462524
1719,2007-05-06,president_b,FRE2,Picardie,2,Sarkozy,1748145
1720,2007-05-06,president_b,FRF1,Alsace,0,eligible_voters,2448848
1721,2007-05-06,president_b,FRF1,Alsace,1,issued_ballots,2047446
1722,2007-05-06,president_b,FRF1,Alsace,2,Royal,675562
1723,2007-05-06,president_b,FRF1,Alsace,2,Sarkozy,1282648
1724,2007-05-06,president_b,FRF2,Champagne-Ardenne,0,eligible_voters,3713908
1725,2007-05-06,president_b,FRF2,Champagne-Ardenne,1,issued_ballots,3079396
1726,2007-05-06,president_b,FRF2,Champagne-Ardenne,2,Royal,1217796
1727,2007-05-06,president_b,FRF2,Champagne-Ardenne,2,Sarkozy,1718832
1728,2007-05-06,president_b,FRF3,Lorraine,0,eligible_voters,6635920
1729,2007-05-06,president_b,FRF3,Lorraine,1,issued_ballots,5492764
1730,2007-05-06,president_b,FRF3,Lorraine,2,Royal,2374244
1731,2007-05-06,president_b,FRF3,Lorraine,2,Sarkozy,2860988
1732,2007-05-06,president_b,FRG0,Pays de la Loire,0,eligible_voters,12588915
1733,2007-05-06,president_b,FRG0,Pays de la Loire,1,issued_ballots,10877450
1734,2007-05-06,president_b,FRG0,Pays de la Loire,2,Royal,5018420
1735,2007-05-06,president_b,FRG0,Pays de la Loire,2,Sarkozy,5378425
1736,2007-05-06,president_b,FRH0,Bretagne,0,eligible_voters,9252780
1737,2007-05-06,president_b,FRH0,Bretagne,1,issued_ballots,8099036
1738,2007-05-06,president_b,FRH0,Bretagne,2,Royal,4091816
1739,2007-05-06,president_b,FRH0,Bretagne,2,Sarkozy,3683756
1740,2007-05-06,president_b,FRI1,Aquitaine,0,eligible_voters,11298060
1741,2007-05-06,president_b,FRI1,Aquitaine,1,issued_ballots,9845115
1742,2007-05-06,president_b,FRI1,Aquitaine,2,Royal,4859035
1743,2007-05-06,president_b,FRI1,Aquitaine,2,Sarkozy,4548990
1744,2007-05-06,president_b,FRI2,Limousin,0,eligible_voters,1658553
1745,2007-05-06,president_b,FRI2,Limousin,1,issued_ballots,1444071
1746,2007-05-06,president_b,FRI2,Limousin,2,Royal,748410
1747,2007-05-06,president_b,FRI2,Limousin,2,Sarkozy,622854
1748,2007-05-06,president_b,FRI3,Poitou-Charentes,0,eligible_voters,5126072
1749,2007-05-06,president_b,FRI3,Poitou-Charentes,1,issued_ballots,4421472
1750,2007-05-06,president_b,FRI3,Poitou-Charentes,2,Royal,2171528
1751,2007-05-06,president_b,FRI3,Poitou-Charentes,2,Sarkozy,2065128
1752,2007-05-06,president_b,FRJ1,Languedoc-Roussillon,0,eligible_voters,9088260
1753,2007-05-06,president_b,FRJ1,Languedoc-Roussillon,1,issued_ballots,7812685
1754,2007-05-06,president_b,FRJ1,Languedoc-Roussillon,2,Royal,3435790
1755,2007-05-06,president_b,FRJ1,Languedoc-Roussillon,2,Sarkozy,4049340
1756,2007-05-06,president_b,FRJ2,Midi-Pyrénées,0,eligible_voters,16100728
1757,2007-05-06,president_b,FRJ2,Midi-Pyrénées,1,issued_ballots,14094752
1758,2007-05-06,president_b,FRJ2,Midi-Pyrénées,2,Royal,7185552
1759,2007-05-06,president_b,FRJ2,Midi-Pyrénées,2,Sarkozy,6298808
1760,2007-05-06,president_b,FRK1,Auvergne,0,eligible_voters,3997588
1761,2007-05-06,president_b,FRK1,Auvergne,1,issued_ballots,3446616
1762,2007-05-06,president_b,FRK1,Auvergne,2,Royal,1662600
1763,2007-05-06,president_b,FRK1,Auvergne,2,Sarkozy,1621408
1764,2007-05-06,president_b,FRK2,Rhône-Alpes,0,eligible_voters,32284400
1765,2007-05-06,president_b,FRK2,Rhône-Alpes,1,issued_ballots,27540568
1766,2007-05-06,president_b,FRK2,Rhône-Alpes,2,Royal,11521792
1767,2007-05-06,president_b,FRK2,Rhône-Alpes,2,Sarkozy,14851440
1768,2007-05-06,president_b,FRL0,Provence-Alpes-Côte d’Azur,0,eligible_voters,19753230
1769,2007-05-06,president_b,FRL0,Provence-Alpes-Côte d’Azur,1,issued_ballots,16763370
1770,2007-05-06,president_b,FRL0,Provence-Alpes-Côte d’Azur,2,Royal,6154644
1771,2007-05-06,president_b,FRL0,Provence-Alpes-Côte d’Azur,2,Sarkozy,9972786
1772,2007-05-06,president_b,FRM0,Corse,0,eligible_voters,412858
1773,2007-05-06,president_b,FRM0,Corse,1,issued_ballots,324442
1774,2007-05-06,president_b,FRM0,Corse,2,Royal,124418
1775,2007-05-06,president_b,FRM0,Corse,2,Sarkozy,187542
1776,2007-05-06,president_b,FRY1,Guadeloupe,0,eligible_voters,303222
1777,2007-05-06,president_b,FRY1,Guadeloupe,1,issued_ballots,198537
1778,2007-05-06,president_b,FRY1,Guadeloupe,2,Royal,95510
1779,2007-05-06,president_b,FRY1,Guadeloupe,2,Sarkozy,92387
1780,2007-05-06,president_b,FRY2,Martinique ,0,eligible_voters,287518
1781,2007-05-06,president_b,FRY2,Martinique ,1,issued_ballots,189125
1782,2007-05-06,president_b,FRY2,Martinique ,2,Royal,108522
1783,2007-05-06,president_b,FRY2,Martinique ,2,Sarkozy,70796
1784,2007-05-06,president_b,FRY3,Guyane,0,eligible_voters,62727
1785,2007-05-06,president_b,FRY3,Guyane,1,issued_ballots,39810
1786,2007-05-06,president_b,FRY3,Guyane,2,Royal,17954
1787,2007-05-06,president_b,FRY3,Guyane,2,Sarkozy,20311
1788,2007-05-06,president_b,FRY4,La Réunion ,0,eligible_voters,511033
1789,2007-05-06,president_b,FRY4,La Réunion ,1,issued_ballots,394482
1790,2007-05-06,president_b,FRY4,La Réunion ,2,Royal,242231
1791,2007-05-06,president_b,FRY4,La Réunion ,2,Sarkozy,138807
1792,2007-05-06,president_b,FRY5,Mayotte,0,eligible_voters,64476
1793,2007-05-06,president_b,FRY5,Mayotte,1,issued_ballots,30663
1794,2007-05-06,president_b,FRY5,Mayotte,2,Royal,17775
1795,2007-05-06,president_b,FRY5,Mayotte,2,Sarkozy,11829
1796,2009-06-07,european,FR10,Ile-de-France,0,eligible_voters,54578328
1797,2009-06-07,european,FR10,Ile-de-France,1,issued_ballots,22958472
1798,2009-06-07,european,FR10,Ile-de-France,2,LAUT,1379424
1799,2009-06-07,european,FR10,Ile-de-France,2,LCMD,1906608
1800,2009-06-07,european,FR10,Ile-de-France,2,LCOP,1414504
1801,2009-06-07,european,FR10,Ile-de-France,2,LDVD,1397040
1802,2009-06-07,european,FR10,Ile-de-France,2,LDVG,12776
1803,2009-06-07,european,FR10,Ile-de-France,2,LEXG,953856
1804,2009-06-07,european,FR10,Ile-de-France,2,LFN,985360
1805,2009-06-07,european,FR10,Ile-de-France,2,LMAJ,6625096
1806,2009-06-07,european,FR10,Ile-de-France,2,LSOC,3038856
1807,2009-06-07,european,FR10,Ile-de-France,2,LVEC,4669344
1808,2009-06-07,european,FRB0,Centre — Val de Loire,0,eligible_voters,10722540
1809,2009-06-07,european,FRB0,Centre — Val de Loire,1,issued_ballots,4450164
1810,2009-06-07,european,FRB0,Centre — Val de Loire,2,LAUT,167142
1811,2009-06-07,european,FRB0,Centre — Val de Loire,2,LCMD,336924
1812,2009-06-07,european,FRB0,Centre — Val de Loire,2,LCOP,300696
1813,2009-06-07,european,FRB0,Centre — Val de Loire,2,LDVD,316830
1814,2009-06-07,european,FRB0,Centre — Val de Loire,2,LDVG,480
1815,2009-06-07,european,FRB0,Centre — Val de Loire,2,LEXD,93588
1816,2009-06-07,european,FRB0,Centre — Val de Loire,2,LEXG,258996
1817,2009-06-07,european,FRB0,Centre — Val de Loire,2,LFN,248406
1818,2009-06-07,european,FRB0,Centre — Val de Loire,2,LMAJ,1243236
1819,2009-06-07,european,FRB0,Centre — Val de Loire,2,LSOC,666948
1820,2009-06-07,european,FRB0,Centre — Val de Loire,2,LVEC,595506
1821,2009-06-07,european,FRC1,Bourgogne,0,eligible_voters,4709348
1822,2009-06-07,european,FRC1,Bourgogne,1,issued_ballots,1941628
1823,2009-06-07,european,FRC1,Bourgogne,2,LAUT,65980
1824,2009-06-07,european,FRC1,Bourgogne,2,LCMD,161764
1825,2009-06-07,european,FRC1,Bourgogne,2,LCOP,95936
1826,2009-06-07,european,FRC1,Bourgogne,2,LDVD,137388
1827,2009-06-07,european,FRC1,Bourgogne,2,LDVG,924
1828,2009-06-07,european,FRC1,Bourgogne,2,LEXG,130860
1829,2009-06-07,european,FRC1,Bourgogne,2,LFN,114328
1830,2009-06-07,european,FRC1,Bourgogne,2,LMAJ,531744
1831,2009-06-07,european,FRC1,Bourgogne,2,LSOC,353844
1832,2009-06-07,european,FRC1,Bourgogne,2,LVEC,252860
1833,2009-06-07,european,FRC2,Franche-Comté,0,eligible_voters,3265464
1834,2009-06-07,european,FRC2,Franche-Comté,1,issued_ballots,1400944
1835,2009-06-07,european,FRC2,Franche-Comté,2,LAUT,58476
1836,2009-06-07,european,FRC2,Franche-Comté,2,LCMD,114376
1837,2009-06-07,european,FRC2,Franche-Comté,2,LCOP,55736
1838,2009-06-07,european,FRC2,Franche-Comté,2,LDVD,87016
1839,2009-06-07,european,FRC2,Franche-Comté,2,LDVG,812
1840,2009-06-07,european,FRC2,Franche-Comté,2,LEXG,105412
1841,2009-06-07,european,FRC2,Franche-Comté,2,LFN,98128
1842,2009-06-07,european,FRC2,Franche-Comté,2,LMAJ,383188
1843,2009-06-07,european,FRC2,Franche-Comté,2,LSOC,231300
1844,2009-06-07,european,FRC2,Franche-Comté,2,LVEC,191972
1845,2009-06-07,european,FRD1,Basse-Normandie ,0,eligible_voters,3222489
1846,2009-06-07,european,FRD1,Basse-Normandie ,1,issued_ballots,1339653
1847,2009-06-07,european,FRD1,Basse-Normandie ,2,LAUT,47052
1848,2009-06-07,european,FRD1,Basse-Normandie ,2,LCMD,137196
1849,2009-06-07,european,FRD1,Basse-Normandie ,2,LCOP,50508
1850,2009-06-07,european,FRD1,Basse-Normandie ,2,LDVD,104712
1851,2009-06-07,european,FRD1,Basse-Normandie ,2,LDVG,255
1852,2009-06-07,european,FRD1,Basse-Normandie ,2,LEXD,25050
1853,2009-06-07,european,FRD1,Basse-Normandie ,2,LEXG,90978
1854,2009-06-07,european,FRD1,Basse-Normandie ,2,LFN,87426
1855,2009-06-07,european,FRD1,Basse-Normandie ,2,LMAJ,344562
1856,2009-06-07,european,FRD1,Basse-Normandie ,2,LSOC,197625
1857,2009-06-07,european,FRD1,Basse-Normandie ,2,LVEC,188619
1858,2009-06-07,european,FRD2,Haute-Normandie ,0,eligible_voters,2569720
1859,2009-06-07,european,FRD2,Haute-Normandie ,1,issued_ballots,1043220
1860,2009-06-07,european,FRD2,Haute-Normandie ,2,LAUT,38532
1861,2009-06-07,european,FRD2,Haute-Normandie ,2,LCMD,83970
1862,2009-06-07,european,FRD2,Haute-Normandie ,2,LCOP,67776
1863,2009-06-07,european,FRD2,Haute-Normandie ,2,LDVD,66714
1864,2009-06-07,european,FRD2,Haute-Normandie ,2,LDVG,482
1865,2009-06-07,european,FRD2,Haute-Normandie ,2,LEXD,15454
1866,2009-06-07,european,FRD2,Haute-Normandie ,2,LEXG,81622
1867,2009-06-07,european,FRD2,Haute-Normandie ,2,LFN,89786
1868,2009-06-07,european,FRD2,Haute-Normandie ,2,LMAJ,244066
1869,2009-06-07,european,FRD2,Haute-Normandie ,2,LSOC,171768
1870,2009-06-07,european,FRD2,Haute-Normandie ,2,LVEC,130468
1871,2009-06-07,european,FRE1,Nord-Pas de Calais,0,eligible_voters,5756676
1872,2009-06-07,european,FRE1,Nord-Pas de Calais,1,issued_ballots,2224576
1873,2009-06-07,european,FRE1,Nord-Pas de Calais,2,LAUT,78178
1874,2009-06-07,european,FRE1,Nord-Pas de Calais,2,LCMD,172218
1875,2009-06-07,european,FRE1,Nord-Pas de Calais,2,LCOP,177386
1876,2009-06-07,european,FRE1,Nord-Pas de Calais,2,LDVD,121944
1877,2009-06-07,european,FRE1,Nord-Pas de Calais,2,LDVG,332
1878,2009-06-07,european,FRE1,Nord-Pas de Calais,2,LEXD,25520
1879,2009-06-07,european,FRE1,Nord-Pas de Calais,2,LEXG,166714
1880,2009-06-07,european,FRE1,Nord-Pas de Calais,2,LFN,230700
1881,2009-06-07,european,FRE1,Nord-Pas de Calais,2,LMAJ,478446
1882,2009-06-07,european,FRE1,Nord-Pas de Calais,2,LSOC,429398
1883,2009-06-07,european,FRE1,Nord-Pas de Calais,2,LVEC,235286
1884,2009-06-07,european,FRE2,Picardie,0,eligible_voters,3994725
1885,2009-06-07,european,FRE2,Picardie,1,issued_ballots,1600494
1886,2009-06-07,european,FRE2,Picardie,2,LAUT,59322
1887,2009-06-07,european,FRE2,Picardie,2,LCMD,124968
1888,2009-06-07,european,FRE2,Picardie,2,LCOP,91188
1889,2009-06-07,european,FRE2,Picardie,2,LDVD,109500
1890,2009-06-07,european,FRE2,Picardie,2,LDVG,300
1891,2009-06-07,european,FRE2,Picardie,2,LEXD,26556
1892,2009-06-07,european,FRE2,Picardie,2,LEXG,125541
1893,2009-06-07,european,FRE2,Picardie,2,LFN,190872
1894,2009-06-07,european,FRE2,Picardie,2,LMAJ,376338
1895,2009-06-07,european,FRE2,Picardie,2,LSOC,249225
1896,2009-06-07,european,FRE2,Picardie,2,LVEC,164487
1897,2009-06-07,european,FRF1,Alsace,0,eligible_voters,2507436
1898,2009-06-07,european,FRF1,Alsace,1,issued_ballots,984096
1899,2009-06-07,european,FRF1,Alsace,2,LAUT,58528
1900,2009-06-07,european,FRF1,Alsace,2,LCMD,91350
1901,2009-06-07,european,FRF1,Alsace,2,LCOP,14928
1902,2009-06-07,european,FRF1,Alsace,2,LDVD,46928
1903,2009-06-07,european,FRF1,Alsace,2,LDVG,440
1904,2009-06-07,european,FRF1,Alsace,2,LEXG,48730
1905,2009-06-07,european,FRF1,Alsace,2,LFN,75736
1906,2009-06-07,european,FRF1,Alsace,2,LMAJ,303078
1907,2009-06-07,european,FRF1,Alsace,2,LSOC,136748
1908,2009-06-07,european,FRF1,Alsace,2,LVEC,157658
1909,2009-06-07,european,FRF2,Champagne-Ardenne,0,eligible_voters,3711876
1910,2009-06-07,european,FRF2,Champagne-Ardenne,1,issued_ballots,1377040
1911,2009-06-07,european,FRF2,Champagne-Ardenne,2,LAUT,53236
1912,2009-06-07,european,FRF2,Champagne-Ardenne,2,LCMD,121584
1913,2009-06-07,european,FRF2,Champagne-Ardenne,2,LCOP,58352
1914,2009-06-07,european,FRF2,Champagne-Ardenne,2,LDVD,105488
1915,2009-06-07,european,FRF2,Champagne-Ardenne,2,LDVG,444
1916,2009-06-07,european,FRF2,Champagne-Ardenne,2,LEXG,91700
1917,2009-06-07,european,FRF2,Champagne-Ardenne,2,LFN,110076
1918,2009-06-07,european,FRF2,Champagne-Ardenne,2,LMAJ,406760
1919,2009-06-07,european,FRF2,Champagne-Ardenne,2,LSOC,209172
1920,2009-06-07,european,FRF2,Champagne-Ardenne,2,LVEC,154700
1921,2009-06-07,european,FRF3,Lorraine,0,eligible_voters,6716668
1922,2009-06-07,european,FRF3,Lorraine,1,issued_ballots,2469080
1923,2009-06-07,european,FRF3,Lorraine,2,LAUT,98660
1924,2009-06-07,european,FRF3,Lorraine,2,LCMD,240600
1925,2009-06-07,european,FRF3,Lorraine,2,LCOP,98648
1926,2009-06-07,european,FRF3,Lorraine,2,LDVD,158436
1927,2009-06-07,european,FRF3,Lorraine,2,LDVG,1032
1928,2009-06-07,european,FRF3,Lorraine,2,LEXG,193820
1929,2009-06-07,european,FRF3,Lorraine,2,LFN,184684
1930,2009-06-07,european,FRF3,Lorraine,2,LMAJ,612216
1931,2009-06-07,european,FRF3,Lorraine,2,LSOC,432072
1932,2009-06-07,european,FRF3,Lorraine,2,LVEC,327632
1933,2009-06-07,european,FRG0,Pays de la Loire,0,eligible_voters,12753545
1934,2009-06-07,european,FRG0,Pays de la Loire,1,issued_ballots,5376925
1935,2009-06-07,european,FRG0,Pays de la Loire,2,LAUT,205450
1936,2009-06-07,european,FRG0,Pays de la Loire,2,LCMD,409125
1937,2009-06-07,european,FRG0,Pays de la Loire,2,LCOP,205580
1938,2009-06-07,european,FRG0,Pays de la Loire,2,LDVD,754000
1939,2009-06-07,european,FRG0,Pays de la Loire,2,LDVG,3025
1940,2009-06-07,european,FRG0,Pays de la Loire,2,LEXG,311050
1941,2009-06-07,european,FRG0,Pays de la Loire,2,LFN,142335
1942,2009-06-07,european,FRG0,Pays de la Loire,2,LMAJ,1424600
1943,2009-06-07,european,FRG0,Pays de la Loire,2,LREG,29200
1944,2009-06-07,european,FRG0,Pays de la Loire,2,LSOC,813720
1945,2009-06-07,european,FRG0,Pays de la Loire,2,LVEC,847340
1946,2009-06-07,european,FRH0,Bretagne,0,eligible_voters,9341252
1947,2009-06-07,european,FRH0,Bretagne,1,issued_ballots,3984572
1948,2009-06-07,european,FRH0,Bretagne,2,LAUT,145568
1949,2009-06-07,european,FRH0,Bretagne,2,LCMD,371768
1950,2009-06-07,european,FRH0,Bretagne,2,LCOP,192216
1951,2009-06-07,european,FRH0,Bretagne,2,LDVD,247896
1952,2009-06-07,european,FRH0,Bretagne,2,LDVG,2436
1953,2009-06-07,european,FRH0,Bretagne,2,LEXG,256312
1954,2009-06-07,european,FRH0,Bretagne,2,LFN,116528
1955,2009-06-07,european,FRH0,Bretagne,2,LMAJ,1022596
1956,2009-06-07,european,FRH0,Bretagne,2,LREG,107816
1957,2009-06-07,european,FRH0,Bretagne,2,LSOC,677688
1958,2009-06-07,european,FRH0,Bretagne,2,LVEC,687184
1959,2009-06-07,european,FRI1,Aquitaine,0,eligible_voters,11465240
1960,2009-06-07,european,FRI1,Aquitaine,1,issued_ballots,5068020
1961,2009-06-07,european,FRI1,Aquitaine,2,LAUT,208395
1962,2009-06-07,european,FRI1,Aquitaine,2,LCMD,471920
1963,2009-06-07,european,FRI1,Aquitaine,2,LCOP,360895
1964,2009-06-07,european,FRI1,Aquitaine,2,LDVD,239135
1965,2009-06-07,european,FRI1,Aquitaine,2,LDVG,1445
1966,2009-06-07,european,FRI1,Aquitaine,2,LEXD,45275
1967,2009-06-07,european,FRI1,Aquitaine,2,LEXG,310000
1968,2009-06-07,european,FRI1,Aquitaine,2,LFN,230675
1969,2009-06-07,european,FRI1,Aquitaine,2,LMAJ,1289395
1970,2009-06-07,european,FRI1,Aquitaine,2,LREG,49170
1971,2009-06-07,european,FRI1,Aquitaine,2,LSOC,873365
1972,2009-06-07,european,FRI1,Aquitaine,2,LVEC,742505
1973,2009-06-07,european,FRI2,Limousin,0,eligible_voters,1656927
1974,2009-06-07,european,FRI2,Limousin,1,issued_ballots,773358
1975,2009-06-07,european,FRI2,Limousin,2,LAUT,23175
1976,2009-06-07,european,FRI2,Limousin,2,LCMD,55773
1977,2009-06-07,european,FRI2,Limousin,2,LCOP,72672
1978,2009-06-07,european,FRI2,Limousin,2,LDVD,33411
1979,2009-06-07,european,FRI2,Limousin,2,LDVG,12
1980,2009-06-07,european,FRI2,Limousin,2,LEXD,11205
1981,2009-06-07,european,FRI2,Limousin,2,LEXG,58935
1982,2009-06-07,european,FRI2,Limousin,2,LFN,29037
1983,2009-06-07,european,FRI2,Limousin,2,LMAJ,189003
1984,2009-06-07,european,FRI2,Limousin,2,LSOC,159501
1985,2009-06-07,european,FRI2,Limousin,2,LVEC,89139
1986,2009-06-07,european,FRI3,Poitou-Charentes,0,eligible_voters,5165412
1987,2009-06-07,european,FRI3,Poitou-Charentes,1,issued_ballots,2181864
1988,2009-06-07,european,FRI3,Poitou-Charentes,2,LAUT,90092
1989,2009-06-07,european,FRI3,Poitou-Charentes,2,LCMD,151028
1990,2009-06-07,european,FRI3,Poitou-Charentes,2,LCOP,102340
1991,2009-06-07,european,FRI3,Poitou-Charentes,2,LDVD,255128
1992,2009-06-07,european,FRI3,Poitou-Charentes,2,LDVG,640
1993,2009-06-07,european,FRI3,Poitou-Charentes,2,LEXG,136620
1994,2009-06-07,european,FRI3,Poitou-Charentes,2,LFN,76184
1995,2009-06-07,european,FRI3,Poitou-Charentes,2,LMAJ,561040
1996,2009-06-07,european,FRI3,Poitou-Charentes,2,LREG,44
1997,2009-06-07,european,FRI3,Poitou-Charentes,2,LSOC,404572
1998,2009-06-07,european,FRI3,Poitou-Charentes,2,LVEC,304740
1999,2009-06-07,european,FRJ1,Languedoc-Roussillon,0,eligible_voters,9307265
2000,2009-06-07,european,FRJ1,Languedoc-Roussillon,1,issued_ballots,3896835
2001,2009-06-07,european,FRJ1,Languedoc-Roussillon,2,LAUT,173260
2002,2009-06-07,european,FRJ1,Languedoc-Roussillon,2,LCMD,255380
2003,2009-06-07,european,FRJ1,Languedoc-Roussillon,2,LCOP,340230
2004,2009-06-07,european,FRJ1,Languedoc-Roussillon,2,LDVD,166870
2005,2009-06-07,european,FRJ1,Languedoc-Roussillon,2,LDVG,1490
2006,2009-06-07,european,FRJ1,Languedoc-Roussillon,2,LEXD,37525
2007,2009-06-07,european,FRJ1,Languedoc-Roussillon,2,LEXG,250930
2008,2009-06-07,european,FRJ1,Languedoc-Roussillon,2,LFN,315880
2009,2009-06-07,european,FRJ1,Languedoc-Roussillon,2,LMAJ,1013530
2010,2009-06-07,european,FRJ1,Languedoc-Roussillon,2,LREG,230
2011,2009-06-07,european,FRJ1,Languedoc-Roussillon,2,LSOC,581485
2012,2009-06-07,european,FRJ1,Languedoc-Roussillon,2,LVEC,582250
2013,2009-06-07,european,FRJ2,Midi-Pyrénées,0,eligible_voters,16370344
2014,2009-06-07,european,FRJ2,Midi-Pyrénées,1,issued_ballots,7732624
2015,2009-06-07,european,FRJ2,Midi-Pyrénées,2,LAUT,319352
2016,2009-06-07,european,FRJ2,Midi-Pyrénées,2,LCMD,643656
2017,2009-06-07,european,FRJ2,Midi-Pyrénées,2,LCOP,590832
2018,2009-06-07,european,FRJ2,Midi-Pyrénées,2,LDVD,289432
2019,2009-06-07,european,FRJ2,Midi-Pyrénées,2,LDVG,2736
2020,2009-06-07,european,FRJ2,Midi-Pyrénées,2,LEXD,60080
2021,2009-06-07,european,FRJ2,Midi-Pyrénées,2,LEXG,496424
2022,2009-06-07,european,FRJ2,Midi-Pyrénées,2,LFN,371960
2023,2009-06-07,european,FRJ2,Midi-Pyrénées,2,LMAJ,1962520
2024,2009-06-07,european,FRJ2,Midi-Pyrénées,2,LREG,736
2025,2009-06-07,european,FRJ2,Midi-Pyrénées,2,LSOC,1392848
2026,2009-06-07,european,FRJ2,Midi-Pyrénées,2,LVEC,1204048
2027,2009-06-07,european,FRK1,Auvergne,0,eligible_voters,4012072
2028,2009-06-07,european,FRK1,Auvergne,1,issued_ballots,1693068
2029,2009-06-07,european,FRK1,Auvergne,2,LAUT,56648
2030,2009-06-07,european,FRK1,Auvergne,2,LCMD,138496
2031,2009-06-07,european,FRK1,Auvergne,2,LCOP,135416
2032,2009-06-07,european,FRK1,Auvergne,2,LDVD,84028
2033,2009-06-07,european,FRK1,Auvergne,2,LDVG,52
2034,2009-06-07,european,FRK1,Auvergne,2,LEXD,23844
2035,2009-06-07,european,FRK1,Auvergne,2,LEXG,117508
2036,2009-06-07,european,FRK1,Auvergne,2,LFN,70340
2037,2009-06-07,european,FRK1,Auvergne,2,LMAJ,449700
2038,2009-06-07,european,FRK1,Auvergne,2,LSOC,297924
2039,2009-06-07,european,FRK1,Auvergne,2,LVEC,213388
2040,2009-06-07,european,FRK2,Rhône-Alpes,0,eligible_voters,32861672
2041,2009-06-07,european,FRK2,Rhône-Alpes,1,issued_ballots,13347432
2042,2009-06-07,european,FRK2,Rhône-Alpes,2,LAUT,571848
2043,2009-06-07,european,FRK2,Rhône-Alpes,2,LCMD,1068800
2044,2009-06-07,european,FRK2,Rhône-Alpes,2,LCOP,676032
2045,2009-06-07,european,FRK2,Rhône-Alpes,2,LDD,40
2046,2009-06-07,european,FRK2,Rhône-Alpes,2,LDV,0
2047,2009-06-07,european,FRK2,Rhône-Alpes,2,LDVD,811600
2048,2009-06-07,european,FRK2,Rhône-Alpes,2,LDVG,6624
2049,2009-06-07,european,FRK2,Rhône-Alpes,2,LEXG,682912
2050,2009-06-07,european,FRK2,Rhône-Alpes,2,LFN,878800
2051,2009-06-07,european,FRK2,Rhône-Alpes,2,LMAJ,3687704
2052,2009-06-07,european,FRK2,Rhône-Alpes,2,LPC,48
2053,2009-06-07,european,FRK2,Rhône-Alpes,2,LSOC,1980456
2054,2009-06-07,european,FRK2,Rhône-Alpes,2,LVEC,2527680
2055,2009-06-07,european,FRL0,Provence-Alpes-Côte d’Azur,0,eligible_voters,20154096
2056,2009-06-07,european,FRL0,Provence-Alpes-Côte d’Azur,1,issued_ballots,7863888
2057,2009-06-07,european,FRL0,Provence-Alpes-Côte d’Azur,2,LAUT,364230
2058,2009-06-07,european,FRL0,Provence-Alpes-Côte d’Azur,2,LCMD,482298
2059,2009-06-07,european,FRL0,Provence-Alpes-Côte d’Azur,2,LCOP,498312
2060,2009-06-07,european,FRL0,Provence-Alpes-Côte d’Azur,2,LDVD,490080
2061,2009-06-07,european,FRL0,Provence-Alpes-Côte d’Azur,2,LDVG,2466
2062,2009-06-07,european,FRL0,Provence-Alpes-Côte d’Azur,2,LEXG,373596
2063,2009-06-07,european,FRL0,Provence-Alpes-Côte d’Azur,2,LFN,814122
2064,2009-06-07,european,FRL0,Provence-Alpes-Côte d’Azur,2,LMAJ,2305068
2065,2009-06-07,european,FRL0,Provence-Alpes-Côte d’Azur,2,LSOC,1021392
2066,2009-06-07,european,FRL0,Provence-Alpes-Côte d’Azur,2,LVEC,1235622
2067,2009-06-07,european,FRM0,Corse,0,eligible_voters,427436
2068,2009-06-07,european,FRM0,Corse,1,issued_ballots,130306
2069,2009-06-07,european,FRM0,Corse,2,LAUT,4446
2070,2009-06-07,european,FRM0,Corse,2,LCMD,5294
2071,2009-06-07,european,FRM0,Corse,2,LCOP,12040
2072,2009-06-07,european,FRM0,Corse,2,LDVD,4926
2073,2009-06-07,european,FRM0,Corse,2,LDVG,14
2074,2009-06-07,european,FRM0,Corse,2,LEXG,10220
2075,2009-06-07,european,FRM0,Corse,2,LFN,8366
2076,2009-06-07,european,FRM0,Corse,2,LMAJ,34830
2077,2009-06-07,european,FRM0,Corse,2,LSOC,16508
2078,2009-06-07,european,FRM0,Corse,2,LVEC,30508
2079,2009-06-07,european,FRY1,Guadeloupe,0,eligible_voters,290532
2080,2009-06-07,european,FRY1,Guadeloupe,1,issued_ballots,42452
2081,2009-06-07,european,FRY1,Guadeloupe,2,LAUT,324
2082,2009-06-07,european,FRY1,Guadeloupe,2,LCMD,1116
2083,2009-06-07,european,FRY1,Guadeloupe,2,LDVD,681
2084,2009-06-07,european,FRY1,Guadeloupe,2,LDVG,1261
2085,2009-06-07,european,FRY1,Guadeloupe,2,LMAJ,9100
2086,2009-06-07,european,FRY1,Guadeloupe,2,LSOC,6587
2087,2009-06-07,european,FRY1,Guadeloupe,2,LVEC,20150
2088,2009-06-07,european,FRY2,Martinique ,0,eligible_voters,297952
2089,2009-06-07,european,FRY2,Martinique ,1,issued_ballots,41209
2090,2009-06-07,european,FRY2,Martinique ,2,LAUT,37
2091,2009-06-07,european,FRY2,Martinique ,2,LCMD,3378
2092,2009-06-07,european,FRY2,Martinique ,2,LDVD,986
2093,2009-06-07,european,FRY2,Martinique ,2,LDVG,14686
2094,2009-06-07,european,FRY2,Martinique ,2,LMAJ,8984
2095,2009-06-07,european,FRY2,Martinique ,2,LSOC,5395
2096,2009-06-07,european,FRY2,Martinique ,2,LVEC,3799
2097,2009-06-07,european,FRY3,Guyane,0,eligible_voters,67713
2098,2009-06-07,european,FRY3,Guyane,1,issued_ballots,8524
2099,2009-06-07,european,FRY3,Guyane,2,LAUT,14
2100,2009-06-07,european,FRY3,Guyane,2,LCMD,731
2101,2009-06-07,european,FRY3,Guyane,2,LDVD,466
2102,2009-06-07,european,FRY3,Guyane,2,LDVG,1231
2103,2009-06-07,european,FRY3,Guyane,2,LMAJ,2359
2104,2009-06-07,european,FRY3,Guyane,2,LSOC,1021
2105,2009-06-07,european,FRY3,Guyane,2,LVEC,1917
2106,2009-06-07,european,FRY4,La Réunion ,0,eligible_voters,539586
2107,2009-06-07,european,FRY4,La Réunion ,1,issued_ballots,178085
2108,2009-06-07,european,FRY4,La Réunion ,2,LAUT,1031
2109,2009-06-07,european,FRY4,La Réunion ,2,LCMD,13399
2110,2009-06-07,european,FRY4,La Réunion ,2,LDVD,4713
2111,2009-06-07,european,FRY4,La Réunion ,2,LDVG,45438
2112,2009-06-07,european,FRY4,La Réunion ,2,LMAJ,38448
2113,2009-06-07,european,FRY4,La Réunion ,2,LSOC,37210
2114,2009-06-07,european,FRY4,La Réunion ,2,LVEC,21615
2115,2009-06-07,european,FRY5,Mayotte,0,eligible_voters,71974
2116,2009-06-07,european,FRY5,Mayotte,1,issued_ballots,23667
2117,2009-06-07,european,FRY5,Mayotte,2,LAUT,20
2118,2009-06-07,european,FRY5,Mayotte,2,LCMD,3119
2119,2009-06-07,european,FRY5,Mayotte,2,LDVD,706
2120,2009-06-07,european,FRY5,Mayotte,2,LDVG,4579
2121,2009-06-07,european,FRY5,Mayotte,2,LMAJ,9629
2122,2009-06-07,european,FRY5,Mayotte,2,LSOC,3440
2123,2009-06-07,european,FRY5,Mayotte,2,LVEC,1331
2124,2012-04-22,president_a,FR10,Ile-de-France,0,eligible_voters,55538888
2125,2012-04-22,president_a,FR10,Ile-de-France,1,issued_ballots,43411816
2126,2012-04-22,president_a,FR10,Ile-de-France,2,Arthaud,161064
2127,2012-04-22,president_a,FR10,Ile-de-France,2,Bayrou,3936560
2128,2012-04-22,president_a,FR10,Ile-de-France,2,Cheminade,107288
2129,2012-04-22,president_a,FR10,Ile-de-France,2,Dupont-Aignan,739624
2130,2012-04-22,president_a,FR10,Ile-de-France,2,Hollande,13562976
2131,2012-04-22,president_a,FR10,Ile-de-France,2,Joly,1154768
2132,2012-04-22,president_a,FR10,Ile-de-France,2,LePen,5247408
2133,2012-04-22,president_a,FR10,Ile-de-France,2,Melenchon,5057664
2134,2012-04-22,president_a,FR10,Ile-de-France,2,Poutou,356488
2135,2012-04-22,president_a,FR10,Ile-de-France,2,Sarkozy,12400000
2136,2012-04-22,president_a,FRB0,Centre — Val de Loire,0,eligible_voters,10808196
2137,2012-04-22,president_a,FRB0,Centre — Val de Loire,1,issued_ballots,8848836
2138,2012-04-22,president_a,FRB0,Centre — Val de Loire,2,Arthaud,58962
2139,2012-04-22,president_a,FRB0,Centre — Val de Loire,2,Bayrou,823032
2140,2012-04-22,president_a,FRB0,Centre — Val de Loire,2,Cheminade,22512
2141,2012-04-22,president_a,FRB0,Centre — Val de Loire,2,Dupont-Aignan,183654
2142,2012-04-22,president_a,FRB0,Centre — Val de Loire,2,Hollande,2311014
2143,2012-04-22,president_a,FRB0,Centre — Val de Loire,2,Joly,157884
2144,2012-04-22,president_a,FRB0,Centre — Val de Loire,2,LePen,1680576
2145,2012-04-22,president_a,FRB0,Centre — Val de Loire,2,Melenchon,911826
2146,2012-04-22,president_a,FRB0,Centre — Val de Loire,2,Poutou,105654
2147,2012-04-22,president_a,FRB0,Centre — Val de Loire,2,Sarkozy,2420760
2148,2012-04-22,president_a,FRC1,Bourgogne,0,eligible_voters,4699780
2149,2012-04-22,president_a,FRC1,Bourgogne,1,issued_ballots,3832512
2150,2012-04-22,president_a,FRC1,Bourgogne,2,Arthaud,23748
2151,2012-04-22,president_a,FRC1,Bourgogne,2,Bayrou,327948
2152,2012-04-22,president_a,FRC1,Bourgogne,2,Cheminade,9272
2153,2012-04-22,president_a,FRC1,Bourgogne,2,Dupont-Aignan,76404
2154,2012-04-22,president_a,FRC1,Bourgogne,2,Hollande,1051268
2155,2012-04-22,president_a,FRC1,Bourgogne,2,Joly,68308
2156,2012-04-22,president_a,FRC1,Bourgogne,2,LePen,764592
2157,2012-04-22,president_a,FRC1,Bourgogne,2,Melenchon,388740
2158,2012-04-22,president_a,FRC1,Bourgogne,2,Poutou,44772
2159,2012-04-22,president_a,FRC1,Bourgogne,2,Sarkozy,1000824
2160,2012-04-22,president_a,FRC2,Franche-Comté,0,eligible_voters,3291920
2161,2012-04-22,president_a,FRC2,Franche-Comté,1,issued_ballots,2725904
2162,2012-04-22,president_a,FRC2,Franche-Comté,2,Arthaud,18460
2163,2012-04-22,president_a,FRC2,Franche-Comté,2,Bayrou,232940
2164,2012-04-22,president_a,FRC2,Franche-Comté,2,Cheminade,7188
2165,2012-04-22,president_a,FRC2,Franche-Comté,2,Dupont-Aignan,52884
2166,2012-04-22,president_a,FRC2,Franche-Comté,2,Hollande,690588
2167,2012-04-22,president_a,FRC2,Franche-Comté,2,Joly,57476
2168,2012-04-22,president_a,FRC2,Franche-Comté,2,LePen,567888
2169,2012-04-22,president_a,FRC2,Franche-Comté,2,Melenchon,295784
2170,2012-04-22,president_a,FRC2,Franche-Comté,2,Poutou,33840
2171,2012-04-22,president_a,FRC2,Franche-Comté,2,Sarkozy,710808
2172,2012-04-22,president_a,FRD1,Basse-Normandie ,0,eligible_voters,3236352
2173,2012-04-22,president_a,FRD1,Basse-Normandie ,1,issued_ballots,2691819
2174,2012-04-22,president_a,FRD1,Basse-Normandie ,2,Arthaud,18423
2175,2012-04-22,president_a,FRD1,Basse-Normandie ,2,Bayrou,279480
2176,2012-04-22,president_a,FRD1,Basse-Normandie ,2,Cheminade,6936
2177,2012-04-22,president_a,FRD1,Basse-Normandie ,2,Dupont-Aignan,58008
2178,2012-04-22,president_a,FRD1,Basse-Normandie ,2,Hollande,728115
2179,2012-04-22,president_a,FRD1,Basse-Normandie ,2,Joly,51837
2180,2012-04-22,president_a,FRD1,Basse-Normandie ,2,LePen,452430
2181,2012-04-22,president_a,FRD1,Basse-Normandie ,2,Melenchon,264192
2182,2012-04-22,president_a,FRD1,Basse-Normandie ,2,Poutou,36093
2183,2012-04-22,president_a,FRD1,Basse-Normandie ,2,Sarkozy,748431
2184,2012-04-22,president_a,FRD2,Haute-Normandie ,0,eligible_voters,2587990
2185,2012-04-22,president_a,FRD2,Haute-Normandie ,1,issued_ballots,2098862
2186,2012-04-22,president_a,FRD2,Haute-Normandie ,2,Arthaud,14214
2187,2012-04-22,president_a,FRD2,Haute-Normandie ,2,Bayrou,165180
2188,2012-04-22,president_a,FRD2,Haute-Normandie ,2,Cheminade,5122
2189,2012-04-22,president_a,FRD2,Haute-Normandie ,2,Dupont-Aignan,39038
2190,2012-04-22,president_a,FRD2,Haute-Normandie ,2,Hollande,573824
2191,2012-04-22,president_a,FRD2,Haute-Normandie ,2,Joly,33800
2192,2012-04-22,president_a,FRD2,Haute-Normandie ,2,LePen,415040
2193,2012-04-22,president_a,FRD2,Haute-Normandie ,2,Melenchon,252662
2194,2012-04-22,president_a,FRD2,Haute-Normandie ,2,Poutou,27004
2195,2012-04-22,president_a,FRD2,Haute-Normandie ,2,Sarkozy,533868
2196,2012-04-22,president_a,FRE1,Nord-Pas de Calais,0,eligible_voters,5752174
2197,2012-04-22,president_a,FRE1,Nord-Pas de Calais,1,issued_ballots,4522794
2198,2012-04-22,president_a,FRE1,Nord-Pas de Calais,2,Arthaud,33582
2199,2012-04-22,president_a,FRE1,Nord-Pas de Calais,2,Bayrou,313730
2200,2012-04-22,president_a,FRE1,Nord-Pas de Calais,2,Cheminade,10018
2201,2012-04-22,president_a,FRE1,Nord-Pas de Calais,2,Dupont-Aignan,70564
2202,2012-04-22,president_a,FRE1,Nord-Pas de Calais,2,Hollande,1266884
2203,2012-04-22,president_a,FRE1,Nord-Pas de Calais,2,Joly,68582
2204,2012-04-22,president_a,FRE1,Nord-Pas de Calais,2,LePen,1034230
2205,2012-04-22,president_a,FRE1,Nord-Pas de Calais,2,Melenchon,542022
2206,2012-04-22,president_a,FRE1,Nord-Pas de Calais,2,Poutou,52172
2207,2012-04-22,president_a,FRE1,Nord-Pas de Calais,2,Sarkozy,1048692
2208,2012-04-22,president_a,FRE2,Picardie,0,eligible_voters,4003071
2209,2012-04-22,president_a,FRE2,Picardie,1,issued_ballots,3247476
2210,2012-04-22,president_a,FRE2,Picardie,2,Arthaud,26394
2211,2012-04-22,president_a,FRE2,Picardie,2,Bayrou,231363
2212,2012-04-22,president_a,FRE2,Picardie,2,Cheminade,7635
2213,2012-04-22,president_a,FRE2,Picardie,2,Dupont-Aignan,63033
2214,2012-04-22,president_a,FRE2,Picardie,2,Hollande,848112
2215,2012-04-22,president_a,FRE2,Picardie,2,Joly,42252
2216,2012-04-22,president_a,FRE2,Picardie,2,LePen,798123
2217,2012-04-22,president_a,FRE2,Picardie,2,Melenchon,331890
2218,2012-04-22,president_a,FRE2,Picardie,2,Poutou,40260
2219,2012-04-22,president_a,FRE2,Picardie,2,Sarkozy,800088
2220,2012-04-22,president_a,FRF1,Alsace,0,eligible_voters,2538522
2221,2012-04-22,president_a,FRF1,Alsace,1,issued_ballots,2021982
2222,2012-04-22,president_a,FRF1,Alsace,2,Arthaud,12774
2223,2012-04-22,president_a,FRF1,Alsace,2,Bayrou,232232
2224,2012-04-22,president_a,FRF1,Alsace,2,Cheminade,5954
2225,2012-04-22,president_a,FRF1,Alsace,2,Dupont-Aignan,37298
2226,2012-04-22,president_a,FRF1,Alsace,2,Hollande,382564
2227,2012-04-22,president_a,FRF1,Alsace,2,Joly,54336
2228,2012-04-22,president_a,FRF1,Alsace,2,LePen,438504
2229,2012-04-22,president_a,FRF1,Alsace,2,Melenchon,144756
2230,2012-04-22,president_a,FRF1,Alsace,2,Poutou,21634
2231,2012-04-22,president_a,FRF1,Alsace,2,Sarkozy,652634
2232,2012-04-22,president_a,FRF2,Champagne-Ardenne,0,eligible_voters,3684404
2233,2012-04-22,president_a,FRF2,Champagne-Ardenne,1,issued_ballots,2941080
2234,2012-04-22,president_a,FRF2,Champagne-Ardenne,2,Arthaud,19936
2235,2012-04-22,president_a,FRF2,Champagne-Ardenne,2,Bayrou,248192
2236,2012-04-22,president_a,FRF2,Champagne-Ardenne,2,Cheminade,7000
2237,2012-04-22,president_a,FRF2,Champagne-Ardenne,2,Dupont-Aignan,59908
2238,2012-04-22,president_a,FRF2,Champagne-Ardenne,2,Hollande,715240
2239,2012-04-22,president_a,FRF2,Champagne-Ardenne,2,Joly,40600
2240,2012-04-22,president_a,FRF2,Champagne-Ardenne,2,LePen,690528
2241,2012-04-22,president_a,FRF2,Champagne-Ardenne,2,Melenchon,248528
2242,2012-04-22,president_a,FRF2,Champagne-Ardenne,2,Poutou,34408
2243,2012-04-22,president_a,FRF2,Champagne-Ardenne,2,Sarkozy,824124
2244,2012-04-22,president_a,FRF3,Lorraine,0,eligible_voters,6666908
2245,2012-04-22,president_a,FRF3,Lorraine,1,issued_ballots,5309920
2246,2012-04-22,president_a,FRF3,Lorraine,2,Arthaud,37748
2247,2012-04-22,president_a,FRF3,Lorraine,2,Bayrou,475688
2248,2012-04-22,president_a,FRF3,Lorraine,2,Cheminade,14476
2249,2012-04-22,president_a,FRF3,Lorraine,2,Dupont-Aignan,103416
2250,2012-04-22,president_a,FRF3,Lorraine,2,Hollande,1328004
2251,2012-04-22,president_a,FRF3,Lorraine,2,Joly,91012
2252,2012-04-22,president_a,FRF3,Lorraine,2,LePen,1233568
2253,2012-04-22,president_a,FRF3,Lorraine,2,Melenchon,534440
2254,2012-04-22,president_a,FRF3,Lorraine,2,Poutou,72692
2255,2012-04-22,president_a,FRF3,Lorraine,2,Sarkozy,1322280
2256,2012-04-22,president_a,FRG0,Pays de la Loire,0,eligible_voters,13027335
2257,2012-04-22,president_a,FRG0,Pays de la Loire,1,issued_ballots,10964645
2258,2012-04-22,president_a,FRG0,Pays de la Loire,2,Arthaud,71675
2259,2012-04-22,president_a,FRG0,Pays de la Loire,2,Bayrou,1249855
2260,2012-04-22,president_a,FRG0,Pays de la Loire,2,Cheminade,25460
2261,2012-04-22,president_a,FRG0,Pays de la Loire,2,Dupont-Aignan,223600
2262,2012-04-22,president_a,FRG0,Pays de la Loire,2,Hollande,3045945
2263,2012-04-22,president_a,FRG0,Pays de la Loire,2,Joly,264080
2264,2012-04-22,president_a,FRG0,Pays de la Loire,2,LePen,1544030
2265,2012-04-22,president_a,FRG0,Pays de la Loire,2,Melenchon,1087455
2266,2012-04-22,president_a,FRG0,Pays de la Loire,2,Poutou,143185
2267,2012-04-22,president_a,FRG0,Pays de la Loire,2,Sarkozy,3070975
2268,2012-04-22,president_a,FRH0,Bretagne,0,eligible_voters,9522376
2269,2012-04-22,president_a,FRH0,Bretagne,1,issued_ballots,8063480
2270,2012-04-22,president_a,FRH0,Bretagne,2,Arthaud,50372
2271,2012-04-22,president_a,FRH0,Bretagne,2,Bayrou,899608
2272,2012-04-22,president_a,FRH0,Bretagne,2,Cheminade,20340
2273,2012-04-22,president_a,FRH0,Bretagne,2,Dupont-Aignan,142348
2274,2012-04-22,president_a,FRH0,Bretagne,2,Hollande,2513764
2275,2012-04-22,president_a,FRH0,Bretagne,2,Joly,233584
2276,2012-04-22,president_a,FRH0,Bretagne,2,LePen,1048380
2277,2012-04-22,president_a,FRH0,Bretagne,2,Melenchon,871716
2278,2012-04-22,president_a,FRH0,Bretagne,2,Poutou,106772
2279,2012-04-22,president_a,FRH0,Bretagne,2,Sarkozy,2032288
2280,2012-04-22,president_a,FRI1,Aquitaine,0,eligible_voters,11731040
2281,2012-04-22,president_a,FRI1,Aquitaine,1,issued_ballots,9745190
2282,2012-04-22,president_a,FRI1,Aquitaine,2,Arthaud,45560
2283,2012-04-22,president_a,FRI1,Aquitaine,2,Bayrou,1023435
2284,2012-04-22,president_a,FRI1,Aquitaine,2,Cheminade,21820
2285,2012-04-22,president_a,FRI1,Aquitaine,2,Dupont-Aignan,155935
2286,2012-04-22,president_a,FRI1,Aquitaine,2,Hollande,2968350
2287,2012-04-22,president_a,FRI1,Aquitaine,2,Joly,225255
2288,2012-04-22,president_a,FRI1,Aquitaine,2,LePen,1480755
2289,2012-04-22,president_a,FRI1,Aquitaine,2,Melenchon,1159385
2290,2012-04-22,president_a,FRI1,Aquitaine,2,Poutou,151375
2291,2012-04-22,president_a,FRI1,Aquitaine,2,Sarkozy,2326825
2292,2012-04-22,president_a,FRI2,Limousin,0,eligible_voters,1645470
2293,2012-04-22,president_a,FRI2,Limousin,1,issued_ballots,1388745
2294,2012-04-22,president_a,FRI2,Limousin,2,Arthaud,7953
2295,2012-04-22,president_a,FRI2,Limousin,2,Bayrou,103467
2296,2012-04-22,president_a,FRI2,Limousin,2,Cheminade,2964
2297,2012-04-22,president_a,FRI2,Limousin,2,Dupont-Aignan,23139
2298,2012-04-22,president_a,FRI2,Limousin,2,Hollande,515298
2299,2012-04-22,president_a,FRI2,Limousin,2,Joly,22347
2300,2012-04-22,president_a,FRI2,Limousin,2,LePen,207768
2301,2012-04-22,president_a,FRI2,Limousin,2,Melenchon,173649
2302,2012-04-22,president_a,FRI2,Limousin,2,Poutou,16134
2303,2012-04-22,president_a,FRI2,Limousin,2,Sarkozy,282633
2304,2012-04-22,president_a,FRI3,Poitou-Charentes,0,eligible_voters,5228304
2305,2012-04-22,president_a,FRI3,Poitou-Charentes,1,issued_ballots,4315216
2306,2012-04-22,president_a,FRI3,Poitou-Charentes,2,Arthaud,27896
2307,2012-04-22,president_a,FRI3,Poitou-Charentes,2,Bayrou,403208
2308,2012-04-22,president_a,FRI3,Poitou-Charentes,2,Cheminade,10124
2309,2012-04-22,president_a,FRI3,Poitou-Charentes,2,Dupont-Aignan,88672
2310,2012-04-22,president_a,FRI3,Poitou-Charentes,2,Hollande,1316056
2311,2012-04-22,president_a,FRI3,Poitou-Charentes,2,Joly,88144
2312,2012-04-22,president_a,FRI3,Poitou-Charentes,2,LePen,694380
2313,2012-04-22,president_a,FRI3,Poitou-Charentes,2,Melenchon,451064
2314,2012-04-22,president_a,FRI3,Poitou-Charentes,2,Poutou,61388
2315,2012-04-22,president_a,FRI3,Poitou-Charentes,2,Sarkozy,1081488
2316,2012-04-22,president_a,FRJ1,Languedoc-Roussillon,0,eligible_voters,9565875
2317,2012-04-22,president_a,FRJ1,Languedoc-Roussillon,1,issued_ballots,7897780
2318,2012-04-22,president_a,FRJ1,Languedoc-Roussillon,2,Arthaud,35135
2319,2012-04-22,president_a,FRJ1,Languedoc-Roussillon,2,Bayrou,527165
2320,2012-04-22,president_a,FRJ1,Languedoc-Roussillon,2,Cheminade,17410
2321,2012-04-22,president_a,FRJ1,Languedoc-Roussillon,2,Dupont-Aignan,111140
2322,2012-04-22,president_a,FRJ1,Languedoc-Roussillon,2,Hollande,2043320
2323,2012-04-22,president_a,FRJ1,Languedoc-Roussillon,2,Joly,177325
2324,2012-04-22,president_a,FRJ1,Languedoc-Roussillon,2,LePen,1819400
2325,2012-04-22,president_a,FRJ1,Languedoc-Roussillon,2,Melenchon,1020850
2326,2012-04-22,president_a,FRJ1,Languedoc-Roussillon,2,Poutou,85360
2327,2012-04-22,president_a,FRJ1,Languedoc-Roussillon,2,Sarkozy,1920485
2328,2012-04-22,president_a,FRJ2,Midi-Pyrénées,0,eligible_voters,16762728
2329,2012-04-22,president_a,FRJ2,Midi-Pyrénées,1,issued_ballots,14144368
2330,2012-04-22,president_a,FRJ2,Midi-Pyrénées,2,Arthaud,66360
2331,2012-04-22,president_a,FRJ2,Midi-Pyrénées,2,Bayrou,1324664
2332,2012-04-22,president_a,FRJ2,Midi-Pyrénées,2,Cheminade,33384
2333,2012-04-22,president_a,FRJ2,Midi-Pyrénées,2,Dupont-Aignan,226680
2334,2012-04-22,president_a,FRJ2,Midi-Pyrénées,2,Hollande,4423464
2335,2012-04-22,president_a,FRJ2,Midi-Pyrénées,2,Joly,358024
2336,2012-04-22,president_a,FRJ2,Midi-Pyrénées,2,LePen,2248680
2337,2012-04-22,president_a,FRJ2,Midi-Pyrénées,2,Melenchon,1834256
2338,2012-04-22,president_a,FRJ2,Midi-Pyrénées,2,Poutou,170552
2339,2012-04-22,president_a,FRJ2,Midi-Pyrénées,2,Sarkozy,3180752
2340,2012-04-22,president_a,FRK1,Auvergne,0,eligible_voters,4010348
2341,2012-04-22,president_a,FRK1,Auvergne,1,issued_ballots,3352596
2342,2012-04-22,president_a,FRK1,Auvergne,2,Arthaud,22032
2343,2012-04-22,president_a,FRK1,Auvergne,2,Bayrou,327108
2344,2012-04-22,president_a,FRK1,Auvergne,2,Cheminade,8028
2345,2012-04-22,president_a,FRK1,Auvergne,2,Dupont-Aignan,61096
2346,2012-04-22,president_a,FRK1,Auvergne,2,Hollande,1007924
2347,2012-04-22,president_a,FRK1,Auvergne,2,Joly,61424
2348,2012-04-22,president_a,FRK1,Auvergne,2,LePen,559072
2349,2012-04-22,president_a,FRK1,Auvergne,2,Melenchon,418840
2350,2012-04-22,president_a,FRK1,Auvergne,2,Poutou,41312
2351,2012-04-22,president_a,FRK1,Auvergne,2,Sarkozy,768760
2352,2012-04-22,president_a,FRK2,Rhône-Alpes,0,eligible_voters,33802288
2353,2012-04-22,president_a,FRK2,Rhône-Alpes,1,issued_ballots,27843520
2354,2012-04-22,president_a,FRK2,Rhône-Alpes,2,Arthaud,146296
2355,2012-04-22,president_a,FRK2,Rhône-Alpes,2,Bayrou,2720584
2356,2012-04-22,president_a,FRK2,Rhône-Alpes,2,Cheminade,71800
2357,2012-04-22,president_a,FRK2,Rhône-Alpes,2,Dupont-Aignan,541656
2358,2012-04-22,president_a,FRK2,Rhône-Alpes,2,Hollande,6958792
2359,2012-04-22,president_a,FRK2,Rhône-Alpes,2,Joly,782408
2360,2012-04-22,president_a,FRK2,Rhône-Alpes,2,LePen,5026656
2361,2012-04-22,president_a,FRK2,Rhône-Alpes,2,Melenchon,3061208
2362,2012-04-22,president_a,FRK2,Rhône-Alpes,2,Poutou,283088
2363,2012-04-22,president_a,FRK2,Rhône-Alpes,2,Sarkozy,7750496
2364,2012-04-22,president_a,FRL0,Provence-Alpes-Côte d’Azur,0,eligible_voters,20616504
2365,2012-04-22,president_a,FRL0,Provence-Alpes-Côte d’Azur,1,issued_ballots,16616130
2366,2012-04-22,president_a,FRL0,Provence-Alpes-Côte d’Azur,2,Arthaud,56958
2367,2012-04-22,president_a,FRL0,Provence-Alpes-Côte d’Azur,2,Bayrou,1093068
2368,2012-04-22,president_a,FRL0,Provence-Alpes-Côte d’Azur,2,Cheminade,35316
2369,2012-04-22,president_a,FRL0,Provence-Alpes-Côte d’Azur,2,Dupont-Aignan,248658
2370,2012-04-22,president_a,FRL0,Provence-Alpes-Côte d’Azur,2,Hollande,3604452
2371,2012-04-22,president_a,FRL0,Provence-Alpes-Côte d’Azur,2,Joly,354054
2372,2012-04-22,president_a,FRL0,Provence-Alpes-Côte d’Azur,2,LePen,3902016
2373,2012-04-22,president_a,FRL0,Provence-Alpes-Côte d’Azur,2,Melenchon,1836528
2374,2012-04-22,president_a,FRL0,Provence-Alpes-Côte d’Azur,2,Poutou,138642
2375,2012-04-22,president_a,FRL0,Provence-Alpes-Côte d’Azur,2,Sarkozy,5078202
2376,2012-04-22,president_a,FRM0,Corse,0,eligible_voters,440698
2377,2012-04-22,president_a,FRM0,Corse,1,issued_ballots,327306
2378,2012-04-22,president_a,FRM0,Corse,2,Arthaud,1004
2379,2012-04-22,president_a,FRM0,Corse,2,Bayrou,16100
2380,2012-04-22,president_a,FRM0,Corse,2,Cheminade,674
2381,2012-04-22,president_a,FRM0,Corse,2,Dupont-Aignan,3454
2382,2012-04-22,president_a,FRM0,Corse,2,Hollande,78058
2383,2012-04-22,president_a,FRM0,Corse,2,Joly,7356
2384,2012-04-22,president_a,FRM0,Corse,2,LePen,78418
2385,2012-04-22,president_a,FRM0,Corse,2,Melenchon,31668
2386,2012-04-22,president_a,FRM0,Corse,2,Poutou,3748
2387,2012-04-22,president_a,FRM0,Corse,2,Sarkozy,100984
2388,2012-04-22,president_a,FRY1,Guadeloupe,0,eligible_voters,320793
2389,2012-04-22,president_a,FRY1,Guadeloupe,1,issued_ballots,164800
2390,2012-04-22,president_a,FRY1,Guadeloupe,2,Arthaud,1379
2391,2012-04-22,president_a,FRY1,Guadeloupe,2,Bayrou,7334
2392,2012-04-22,president_a,FRY1,Guadeloupe,2,Cheminade,469
2393,2012-04-22,president_a,FRY1,Guadeloupe,2,Dupont-Aignan,1329
2394,2012-04-22,president_a,FRY1,Guadeloupe,2,Hollande,84886
2395,2012-04-22,president_a,FRY1,Guadeloupe,2,Joly,2342
2396,2012-04-22,president_a,FRY1,Guadeloupe,2,LePen,8461
2397,2012-04-22,president_a,FRY1,Guadeloupe,2,Melenchon,8279
2398,2012-04-22,president_a,FRY1,Guadeloupe,2,Poutou,1236
2399,2012-04-22,president_a,FRY1,Guadeloupe,2,Sarkozy,37477
2400,2012-04-22,president_a,FRY2,Martinique ,0,eligible_voters,302903
2401,2012-04-22,president_a,FRY2,Martinique ,1,issued_ballots,158777
2402,2012-04-22,president_a,FRY2,Martinique ,2,Arthaud,1442
2403,2012-04-22,president_a,FRY2,Martinique ,2,Bayrou,8681
2404,2012-04-22,president_a,FRY2,Martinique ,2,Cheminade,560
2405,2012-04-22,president_a,FRY2,Martinique ,2,Dupont-Aignan,1563
2406,2012-04-22,president_a,FRY2,Martinique ,2,Hollande,76034
2407,2012-04-22,president_a,FRY2,Martinique ,2,Joly,2275
2408,2012-04-22,president_a,FRY2,Martinique ,2,LePen,6960
2409,2012-04-22,president_a,FRY2,Martinique ,2,Melenchon,8600
2410,2012-04-22,president_a,FRY2,Martinique ,2,Poutou,1712
2411,2012-04-22,president_a,FRY2,Martinique ,2,Sarkozy,38443
2412,2012-04-22,president_a,FRY3,Guyane,0,eligible_voters,76874
2413,2012-04-22,president_a,FRY3,Guyane,1,issued_ballots,39168
2414,2012-04-22,president_a,FRY3,Guyane,2,Arthaud,208
2415,2012-04-22,president_a,FRY3,Guyane,2,Bayrou,2329
2416,2012-04-22,president_a,FRY3,Guyane,2,Cheminade,148
2417,2012-04-22,president_a,FRY3,Guyane,2,Dupont-Aignan,416
2418,2012-04-22,president_a,FRY3,Guyane,2,Hollande,15943
2419,2012-04-22,president_a,FRY3,Guyane,2,Joly,843
2420,2012-04-22,president_a,FRY3,Guyane,2,LePen,3920
2421,2012-04-22,president_a,FRY3,Guyane,2,Melenchon,2952
2422,2012-04-22,president_a,FRY3,Guyane,2,Poutou,479
2423,2012-04-22,president_a,FRY3,Guyane,2,Sarkozy,10174
2424,2012-04-22,president_a,FRY4,La Réunion ,0,eligible_voters,578409
2425,2012-04-22,president_a,FRY4,La Réunion ,1,issued_ballots,379388
2426,2012-04-22,president_a,FRY4,La Réunion ,2,Arthaud,2190
2427,2012-04-22,president_a,FRY4,La Réunion ,2,Bayrou,24853
2428,2012-04-22,president_a,FRY4,La Réunion ,2,Cheminade,1066
2429,2012-04-22,president_a,FRY4,La Réunion ,2,Dupont-Aignan,3631
2430,2012-04-22,president_a,FRY4,La Réunion ,2,Hollande,194009
2431,2012-04-22,president_a,FRY4,La Réunion ,2,Joly,7737
2432,2012-04-22,president_a,FRY4,La Réunion ,2,LePen,37549
2433,2012-04-22,president_a,FRY4,La Réunion ,2,Melenchon,24503
2434,2012-04-22,president_a,FRY4,La Réunion ,2,Poutou,3170
2435,2012-04-22,president_a,FRY4,La Réunion ,2,Sarkozy,65377
2436,2012-04-22,president_a,FRY5,Mayotte,0,eligible_voters,77413
2437,2012-04-22,president_a,FRY5,Mayotte,1,issued_ballots,37682
2438,2012-04-22,president_a,FRY5,Mayotte,2,Arthaud,192
2439,2012-04-22,president_a,FRY5,Mayotte,2,Bayrou,1505
2440,2012-04-22,president_a,FRY5,Mayotte,2,Cheminade,175
2441,2012-04-22,president_a,FRY5,Mayotte,2,Dupont-Aignan,395
2442,2012-04-22,president_a,FRY5,Mayotte,2,Hollande,13152
2443,2012-04-22,president_a,FRY5,Mayotte,2,Joly,789
2444,2012-04-22,president_a,FRY5,Mayotte,2,LePen,996
2445,2012-04-22,president_a,FRY5,Mayotte,2,Melenchon,944
2446,2012-04-22,president_a,FRY5,Mayotte,2,Poutou,299
2447,2012-04-22,president_a,FRY5,Mayotte,2,Sarkozy,17536
2448,2012-05-06,president_b,FR10,Ile-de-France,0,eligible_voters,55560584
2449,2012-05-06,president_b,FR10,Ile-de-France,1,issued_ballots,45092680
2450,2012-05-06,president_b,FR10,Ile-de-France,2,Hollande,22976272
2451,2012-05-06,president_b,FR10,Ile-de-France,2,Sarkozy,20112064
2452,2012-05-06,president_b,FRB0,Centre — Val de Loire,0,eligible_voters,10809438
2453,2012-05-06,president_b,FRB0,Centre — Val de Loire,1,issued_ballots,8858136
2454,2012-05-06,president_b,FRB0,Centre — Val de Loire,2,Hollande,4097478
2455,2012-05-06,president_b,FRB0,Centre — Val de Loire,2,Sarkozy,4190244
2456,2012-05-06,president_b,FRC1,Bourgogne,0,eligible_voters,4699228
2457,2012-05-06,president_b,FRC1,Bourgogne,1,issued_ballots,3845496
2458,2012-05-06,president_b,FRC1,Bourgogne,2,Hollande,1822884
2459,2012-05-06,president_b,FRC1,Bourgogne,2,Sarkozy,1769372
2460,2012-05-06,president_b,FRC2,Franche-Comté,0,eligible_voters,3291424
2461,2012-05-06,president_b,FRC2,Franche-Comté,1,issued_ballots,2736884
2462,2012-05-06,president_b,FRC2,Franche-Comté,2,Hollande,1245672
2463,2012-05-06,president_b,FRC2,Franche-Comté,2,Sarkozy,1296260
2464,2012-05-06,president_b,FRD1,Basse-Normandie ,0,eligible_voters,3236883
2465,2012-05-06,president_b,FRD1,Basse-Normandie ,1,issued_ballots,2696475
2466,2012-05-06,president_b,FRD1,Basse-Normandie ,2,Hollande,1290387
2467,2012-05-06,president_b,FRD1,Basse-Normandie ,2,Sarkozy,1248246
2468,2012-05-06,president_b,FRD2,Haute-Normandie ,0,eligible_voters,2587868
2469,2012-05-06,president_b,FRD2,Haute-Normandie ,1,issued_ballots,2101804
2470,2012-05-06,president_b,FRD2,Haute-Normandie ,2,Hollande,1035886
2471,2012-05-06,president_b,FRD2,Haute-Normandie ,2,Sarkozy,935212
2472,2012-05-06,president_b,FRE1,Nord-Pas de Calais,0,eligible_voters,5752552
2473,2012-05-06,president_b,FRE1,Nord-Pas de Calais,1,issued_ballots,4518504
2474,2012-05-06,president_b,FRE1,Nord-Pas de Calais,2,Hollande,2284752
2475,2012-05-06,president_b,FRE1,Nord-Pas de Calais,2,Sarkozy,1935794
2476,2012-05-06,president_b,FRE2,Picardie,0,eligible_voters,4003608
2477,2012-05-06,president_b,FRE2,Picardie,1,issued_ballots,3243798
2478,2012-05-06,president_b,FRE2,Picardie,2,Hollande,1540470
2479,2012-05-06,president_b,FRE2,Picardie,2,Sarkozy,1483158
2480,2012-05-06,president_b,FRF1,Alsace,0,eligible_voters,2535406
2481,2012-05-06,president_b,FRF1,Alsace,1,issued_ballots,2031330
2482,2012-05-06,president_b,FRF1,Alsace,2,Hollande,699230
2483,2012-05-06,president_b,FRF1,Alsace,2,Sarkozy,1211092
2484,2012-05-06,president_b,FRF2,Champagne-Ardenne,0,eligible_voters,3684408
2485,2012-05-06,president_b,FRF2,Champagne-Ardenne,1,issued_ballots,2935644
2486,2012-05-06,president_b,FRF2,Champagne-Ardenne,2,Hollande,1257204
2487,2012-05-06,president_b,FRF2,Champagne-Ardenne,2,Sarkozy,1482320
2488,2012-05-06,president_b,FRF3,Lorraine,0,eligible_voters,6666932
2489,2012-05-06,president_b,FRF3,Lorraine,1,issued_ballots,5302472
2490,2012-05-06,president_b,FRF3,Lorraine,2,Hollande,2416560
2491,2012-05-06,president_b,FRF3,Lorraine,2,Sarkozy,2526396
2492,2012-05-06,president_b,FRG0,Pays de la Loire,0,eligible_voters,13029485
2493,2012-05-06,president_b,FRG0,Pays de la Loire,1,issued_ballots,10918305
2494,2012-05-06,president_b,FRG0,Pays de la Loire,2,Hollande,5258390
2495,2012-05-06,president_b,FRG0,Pays de la Loire,2,Sarkozy,5025610
2496,2012-05-06,president_b,FRH0,Bretagne,0,eligible_voters,9521064
2497,2012-05-06,president_b,FRH0,Bretagne,1,issued_ballots,8079640
2498,2012-05-06,president_b,FRH0,Bretagne,2,Hollande,4310204
2499,2012-05-06,president_b,FRH0,Bretagne,2,Sarkozy,3338128
2500,2012-05-06,president_b,FRI1,Aquitaine,0,eligible_voters,11729910
2501,2012-05-06,president_b,FRI1,Aquitaine,1,issued_ballots,9862660
2502,2012-05-06,president_b,FRI1,Aquitaine,2,Hollande,5236235
2503,2012-05-06,president_b,FRI1,Aquitaine,2,Sarkozy,4019875
2504,2012-05-06,president_b,FRI2,Limousin,0,eligible_voters,1645011
2505,2012-05-06,president_b,FRI2,Limousin,1,issued_ballots,1397652
2506,2012-05-06,president_b,FRI2,Limousin,2,Hollande,834303
2507,2012-05-06,president_b,FRI2,Limousin,2,Sarkozy,473709
2508,2012-05-06,president_b,FRI3,Poitou-Charentes,0,eligible_voters,5228024
2509,2012-05-06,president_b,FRI3,Poitou-Charentes,1,issued_ballots,4329260
2510,2012-05-06,president_b,FRI3,Poitou-Charentes,2,Hollande,2256396
2511,2012-05-06,president_b,FRI3,Poitou-Charentes,2,Sarkozy,1808384
2512,2012-05-06,president_b,FRJ1,Languedoc-Roussillon,0,eligible_voters,9564960
2513,2012-05-06,president_b,FRJ1,Languedoc-Roussillon,1,issued_ballots,7912040
2514,2012-05-06,president_b,FRJ1,Languedoc-Roussillon,2,Hollande,3784625
2515,2012-05-06,president_b,FRJ1,Languedoc-Roussillon,2,Sarkozy,3613450
2516,2012-05-06,president_b,FRJ2,Midi-Pyrénées,0,eligible_voters,16765776
2517,2012-05-06,president_b,FRJ2,Midi-Pyrénées,1,issued_ballots,14127128
2518,2012-05-06,president_b,FRJ2,Midi-Pyrénées,2,Hollande,7682264
2519,2012-05-06,president_b,FRJ2,Midi-Pyrénées,2,Sarkozy,5575864
2520,2012-05-06,president_b,FRK1,Auvergne,0,eligible_voters,4009804
2521,2012-05-06,president_b,FRK1,Auvergne,1,issued_ballots,3351540
2522,2012-05-06,president_b,FRK1,Auvergne,2,Hollande,1776972
2523,2012-05-06,president_b,FRK1,Auvergne,2,Sarkozy,1345552
2524,2012-05-06,president_b,FRK2,Rhône-Alpes,0,eligible_voters,33808264
2525,2012-05-06,president_b,FRK2,Rhône-Alpes,1,issued_ballots,27712800
2526,2012-05-06,president_b,FRK2,Rhône-Alpes,2,Hollande,12543960
2527,2012-05-06,president_b,FRK2,Rhône-Alpes,2,Sarkozy,13593496
2528,2012-05-06,president_b,FRL0,Provence-Alpes-Côte d’Azur,0,eligible_voters,20618316
2529,2012-05-06,president_b,FRL0,Provence-Alpes-Côte d’Azur,1,issued_ballots,16746924
2530,2012-05-06,president_b,FRL0,Provence-Alpes-Côte d’Azur,2,Hollande,6704514
2531,2012-05-06,president_b,FRL0,Provence-Alpes-Côte d’Azur,2,Sarkozy,9115920
2532,2012-05-06,president_b,FRM0,Corse,0,eligible_voters,440630
2533,2012-05-06,president_b,FRM0,Corse,1,issued_ballots,336338
2534,2012-05-06,president_b,FRM0,Corse,2,Hollande,140296
2535,2012-05-06,president_b,FRM0,Corse,2,Sarkozy,177600
2536,2012-05-06,president_b,FRY1,Guadeloupe,0,eligible_voters,320855
2537,2012-05-06,president_b,FRY1,Guadeloupe,1,issued_ballots,195209
2538,2012-05-06,president_b,FRY1,Guadeloupe,2,Hollande,127588
2539,2012-05-06,president_b,FRY1,Guadeloupe,2,Sarkozy,53912
2540,2012-05-06,president_b,FRY2,Martinique ,0,eligible_voters,302712
2541,2012-05-06,president_b,FRY2,Martinique ,1,issued_ballots,180948
2542,2012-05-06,president_b,FRY2,Martinique ,2,Hollande,114527
2543,2012-05-06,president_b,FRY2,Martinique ,2,Sarkozy,52829
2544,2012-05-06,president_b,FRY3,Guyane,0,eligible_voters,77089
2545,2012-05-06,president_b,FRY3,Guyane,1,issued_ballots,44101
2546,2012-05-06,president_b,FRY3,Guyane,2,Hollande,25880
2547,2012-05-06,president_b,FRY3,Guyane,2,Sarkozy,15830
2548,2012-05-06,president_b,FRY4,La Réunion ,0,eligible_voters,578355
2549,2012-05-06,president_b,FRY4,La Réunion ,1,issued_ballots,421394
2550,2012-05-06,president_b,FRY4,La Réunion ,2,Hollande,286109
2551,2012-05-06,president_b,FRY4,La Réunion ,2,Sarkozy,114120
2552,2012-05-06,president_b,FRY5,Mayotte,0,eligible_voters,77544
2553,2012-05-06,president_b,FRY5,Mayotte,1,issued_ballots,40282
2554,2012-05-06,president_b,FRY5,Mayotte,2,Hollande,18946
2555,2012-05-06,president_b,FRY5,Mayotte,2,Sarkozy,19676
2556,2014-05-24,european,FR10,Ile-de-France,0,eligible_voters,56187432
2557,2014-05-24,european,FR10,Ile-de-France,1,issued_ballots,24278752
2558,2014-05-24,european,FR10,Ile-de-France,2,LDIV,1614248
2559,2014-05-24,european,FR10,Ile-de-France,2,LDVD,1686256
2560,2014-05-24,european,FR10,Ile-de-France,2,LDVG,724288
2561,2014-05-24,european,FR10,Ile-de-France,2,LEXG,403432
2562,2014-05-24,european,FR10,Ile-de-France,2,LFG,1545992
2563,2014-05-24,european,FR10,Ile-de-France,2,LFN,4086440
2564,2014-05-24,european,FR10,Ile-de-France,2,LUC,2796232
2565,2014-05-24,european,FR10,Ile-de-France,2,LUG,3380336
2566,2014-05-24,european,FR10,Ile-de-France,2,LUMP,5132184
2567,2014-05-24,european,FR10,Ile-de-France,2,LVEC,2238464
2568,2014-05-24,european,FRB0,Centre — Val de Loire,0,eligible_voters,10890654
2569,2014-05-24,european,FRB0,Centre — Val de Loire,1,issued_ballots,4888254
2570,2014-05-24,european,FRB0,Centre — Val de Loire,2,LDIV,233124
2571,2014-05-24,european,FRB0,Centre — Val de Loire,2,LDVD,288474
2572,2014-05-24,european,FRB0,Centre — Val de Loire,2,LDVG,130254
2573,2014-05-24,european,FRB0,Centre — Val de Loire,2,LEXG,68784
2574,2014-05-24,european,FRB0,Centre — Val de Loire,2,LFG,295836
2575,2014-05-24,european,FRB0,Centre — Val de Loire,2,LFN,1235610
2576,2014-05-24,european,FRB0,Centre — Val de Loire,2,LUC,499914
2577,2014-05-24,european,FRB0,Centre — Val de Loire,2,LUG,597288
2578,2014-05-24,european,FRB0,Centre — Val de Loire,2,LUMP,985182
2579,2014-05-24,european,FRB0,Centre — Val de Loire,2,LVEC,325422
2580,2014-05-24,european,FRC1,Bourgogne,0,eligible_voters,4705988
2581,2014-05-24,european,FRC1,Bourgogne,1,issued_ballots,2100824
2582,2014-05-24,european,FRC1,Bourgogne,2,LDIV,81384
2583,2014-05-24,european,FRC1,Bourgogne,2,LDVD,130808
2584,2014-05-24,european,FRC1,Bourgogne,2,LDVG,57376
2585,2014-05-24,european,FRC1,Bourgogne,2,LEXG,36180
2586,2014-05-24,european,FRC1,Bourgogne,2,LFG,127872
2587,2014-05-24,european,FRC1,Bourgogne,2,LFN,542516
2588,2014-05-24,european,FRC1,Bourgogne,2,LUC,157528
2589,2014-05-24,european,FRC1,Bourgogne,2,LUG,293328
2590,2014-05-24,european,FRC1,Bourgogne,2,LUMP,453964
2591,2014-05-24,european,FRC1,Bourgogne,2,LVEC,121688
2592,2014-05-24,european,FRC2,Franche-Comté,0,eligible_voters,3307008
2593,2014-05-24,european,FRC2,Franche-Comté,1,issued_ballots,1548824
2594,2014-05-24,european,FRC2,Franche-Comté,2,LDIV,58152
2595,2014-05-24,european,FRC2,Franche-Comté,2,LDVD,81632
2596,2014-05-24,european,FRC2,Franche-Comté,2,LDVG,39764
2597,2014-05-24,european,FRC2,Franche-Comté,2,LEXG,26248
2598,2014-05-24,european,FRC2,Franche-Comté,2,LFG,89816
2599,2014-05-24,european,FRC2,Franche-Comté,2,LFN,424220
2600,2014-05-24,european,FRC2,Franche-Comté,2,LUC,116220
2601,2014-05-24,european,FRC2,Franche-Comté,2,LUG,199452
2602,2014-05-24,european,FRC2,Franche-Comté,2,LUMP,339952
2603,2014-05-24,european,FRC2,Franche-Comté,2,LVEC,96344
2604,2014-05-24,european,FRD1,Basse-Normandie ,0,eligible_voters,3241470
2605,2014-05-24,european,FRD1,Basse-Normandie ,1,issued_ballots,1482354
2606,2014-05-24,european,FRD1,Basse-Normandie ,2,LDIV,25509
2607,2014-05-24,european,FRD1,Basse-Normandie ,2,LDVD,96270
2608,2014-05-24,european,FRD1,Basse-Normandie ,2,LDVG,47517
2609,2014-05-24,european,FRD1,Basse-Normandie ,2,LEXG,28359
2610,2014-05-24,european,FRD1,Basse-Normandie ,2,LFG,65793
2611,2014-05-24,european,FRD1,Basse-Normandie ,2,LFN,380790
2612,2014-05-24,european,FRD1,Basse-Normandie ,2,LUC,149163
2613,2014-05-24,european,FRD1,Basse-Normandie ,2,LUG,188982
2614,2014-05-24,european,FRD1,Basse-Normandie ,2,LUMP,312372
2615,2014-05-24,european,FRD1,Basse-Normandie ,2,LVEC,122187
2616,2014-05-24,european,FRD2,Haute-Normandie ,0,eligible_voters,2601124
2617,2014-05-24,european,FRD2,Haute-Normandie ,1,issued_ballots,1128260
2618,2014-05-24,european,FRD2,Haute-Normandie ,2,LDIV,31792
2619,2014-05-24,european,FRD2,Haute-Normandie ,2,LDVD,63550
2620,2014-05-24,european,FRD2,Haute-Normandie ,2,LDVG,28710
2621,2014-05-24,european,FRD2,Haute-Normandie ,2,LEXG,24380
2622,2014-05-24,european,FRD2,Haute-Normandie ,2,LFG,74930
2623,2014-05-24,european,FRD2,Haute-Normandie ,2,LFN,337788
2624,2014-05-24,european,FRD2,Haute-Normandie ,2,LUC,88744
2625,2014-05-24,european,FRD2,Haute-Normandie ,2,LUG,132332
2626,2014-05-24,european,FRD2,Haute-Normandie ,2,LUMP,216642
2627,2014-05-24,european,FRD2,Haute-Normandie ,2,LVEC,82420
2628,2014-05-24,european,FRE1,Nord-Pas de Calais,0,eligible_voters,5757232
2629,2014-05-24,european,FRE1,Nord-Pas de Calais,1,issued_ballots,2375774
2630,2014-05-24,european,FRE1,Nord-Pas de Calais,2,LDIV,54914
2631,2014-05-24,european,FRE1,Nord-Pas de Calais,2,LDVD,132402
2632,2014-05-24,european,FRE1,Nord-Pas de Calais,2,LDVG,46516
2633,2014-05-24,european,FRE1,Nord-Pas de Calais,2,LEXG,52870
2634,2014-05-24,european,FRE1,Nord-Pas de Calais,2,LFG,164316
2635,2014-05-24,european,FRE1,Nord-Pas de Calais,2,LFN,802028
2636,2014-05-24,european,FRE1,Nord-Pas de Calais,2,LUC,231634
2637,2014-05-24,european,FRE1,Nord-Pas de Calais,2,LUG,265416
2638,2014-05-24,european,FRE1,Nord-Pas de Calais,2,LUMP,375090
2639,2014-05-24,european,FRE1,Nord-Pas de Calais,2,LVEC,155154
2640,2014-05-24,european,FRE2,Picardie,0,eligible_voters,4027806
2641,2014-05-24,european,FRE2,Picardie,1,issued_ballots,1774602
2642,2014-05-24,european,FRE2,Picardie,2,LDIV,26124
2643,2014-05-24,european,FRE2,Picardie,2,LDVD,107193
2644,2014-05-24,european,FRE2,Picardie,2,LDVG,36570
2645,2014-05-24,european,FRE2,Picardie,2,LEXG,34245
2646,2014-05-24,european,FRE2,Picardie,2,LFG,95931
2647,2014-05-24,european,FRE2,Picardie,2,LFN,652152
2648,2014-05-24,european,FRE2,Picardie,2,LUC,135594
2649,2014-05-24,european,FRE2,Picardie,2,LUG,175146
2650,2014-05-24,european,FRE2,Picardie,2,LUMP,329847
2651,2014-05-24,european,FRE2,Picardie,2,LVEC,105237
2652,2014-05-24,european,FRF1,Alsace,0,eligible_voters,2572494
2653,2014-05-24,european,FRF1,Alsace,1,issued_ballots,1079192
2654,2014-05-24,european,FRF1,Alsace,2,LDIV,53006
2655,2014-05-24,european,FRF1,Alsace,2,LDVD,62766
2656,2014-05-24,european,FRF1,Alsace,2,LDVG,25794
2657,2014-05-24,european,FRF1,Alsace,2,LEXG,12924
2658,2014-05-24,european,FRF1,Alsace,2,LFG,29886
2659,2014-05-24,european,FRF1,Alsace,2,LFN,282794
2660,2014-05-24,european,FRF1,Alsace,2,LUC,110304
2661,2014-05-24,european,FRF1,Alsace,2,LUG,121824
2662,2014-05-24,european,FRF1,Alsace,2,LUMP,252400
2663,2014-05-24,european,FRF1,Alsace,2,LVEC,87482
2664,2014-05-24,european,FRF2,Champagne-Ardenne,0,eligible_voters,3675964
2665,2014-05-24,european,FRF2,Champagne-Ardenne,1,issued_ballots,1574052
2666,2014-05-24,european,FRF2,Champagne-Ardenne,2,LDIV,51600
2667,2014-05-24,european,FRF2,Champagne-Ardenne,2,LDVD,92112
2668,2014-05-24,european,FRF2,Champagne-Ardenne,2,LDVG,29104
2669,2014-05-24,european,FRF2,Champagne-Ardenne,2,LEXG,27188
2670,2014-05-24,european,FRF2,Champagne-Ardenne,2,LFG,80844
2671,2014-05-24,european,FRF2,Champagne-Ardenne,2,LFN,471564
2672,2014-05-24,european,FRF2,Champagne-Ardenne,2,LUC,125272
2673,2014-05-24,european,FRF2,Champagne-Ardenne,2,LUG,177204
2674,2014-05-24,european,FRF2,Champagne-Ardenne,2,LUMP,376056
2675,2014-05-24,european,FRF2,Champagne-Ardenne,2,LVEC,74436
2676,2014-05-24,european,FRF3,Lorraine,0,eligible_voters,6695636
2677,2014-05-24,european,FRF3,Lorraine,1,issued_ballots,2771272
2678,2014-05-24,european,FRF3,Lorraine,2,LDIV,96132
2679,2014-05-24,european,FRF3,Lorraine,2,LDVD,153876
2680,2014-05-24,european,FRF3,Lorraine,2,LDVG,59528
2681,2014-05-24,european,FRF3,Lorraine,2,LEXG,49840
2682,2014-05-24,european,FRF3,Lorraine,2,LFG,150772
2683,2014-05-24,european,FRF3,Lorraine,2,LFN,811348
2684,2014-05-24,european,FRF3,Lorraine,2,LUC,273492
2685,2014-05-24,european,FRF3,Lorraine,2,LUG,372620
2686,2014-05-24,european,FRF3,Lorraine,2,LUMP,532464
2687,2014-05-24,european,FRF3,Lorraine,2,LVEC,155344
2688,2014-05-24,european,FRG0,Pays de la Loire,0,eligible_voters,13175450
2689,2014-05-24,european,FRG0,Pays de la Loire,1,issued_ballots,5898380
2690,2014-05-24,european,FRG0,Pays de la Loire,2,LDIV,177830
2691,2014-05-24,european,FRG0,Pays de la Loire,2,LDVD,407625
2692,2014-05-24,european,FRG0,Pays de la Loire,2,LDVG,204145
2693,2014-05-24,european,FRG0,Pays de la Loire,2,LEXG,97265
2694,2014-05-24,european,FRG0,Pays de la Loire,2,LFG,268930
2695,2014-05-24,european,FRG0,Pays de la Loire,2,LFN,1094105
2696,2014-05-24,european,FRG0,Pays de la Loire,2,LUC,800670
2697,2014-05-24,european,FRG0,Pays de la Loire,2,LUG,839520
2698,2014-05-24,european,FRG0,Pays de la Loire,2,LUMP,1122185
2699,2014-05-24,european,FRG0,Pays de la Loire,2,LVEC,600610
2700,2014-05-24,european,FRH0,Bretagne,0,eligible_voters,9606412
2701,2014-05-24,european,FRH0,Bretagne,1,issued_ballots,4395392
2702,2014-05-24,european,FRH0,Bretagne,2,LDIV,467064
2703,2014-05-24,european,FRH0,Bretagne,2,LDVD,228248
2704,2014-05-24,european,FRH0,Bretagne,2,LDVG,144288
2705,2014-05-24,european,FRH0,Bretagne,2,LEXG,68468
2706,2014-05-24,european,FRH0,Bretagne,2,LFG,212092
2707,2014-05-24,european,FRH0,Bretagne,2,LFN,721752
2708,2014-05-24,european,FRH0,Bretagne,2,LUC,489604
2709,2014-05-24,european,FRH0,Bretagne,2,LUG,678240
2710,2014-05-24,european,FRH0,Bretagne,2,LUMP,777528
2711,2014-05-24,european,FRH0,Bretagne,2,LVEC,435208
2712,2014-05-24,european,FRI1,Aquitaine,0,eligible_voters,11931125
2713,2014-05-24,european,FRI1,Aquitaine,1,issued_ballots,5570605
2714,2014-05-24,european,FRI1,Aquitaine,2,LDIV,186345
2715,2014-05-24,european,FRI1,Aquitaine,2,LDVD,269005
2716,2014-05-24,european,FRI1,Aquitaine,2,LDVG,175455
2717,2014-05-24,european,FRI1,Aquitaine,2,LEXD,2020
2718,2014-05-24,european,FRI1,Aquitaine,2,LEXG,83410
2719,2014-05-24,european,FRI1,Aquitaine,2,LFG,423980
2720,2014-05-24,european,FRI1,Aquitaine,2,LFN,1132395
2721,2014-05-24,european,FRI1,Aquitaine,2,LUC,556985
2722,2014-05-24,european,FRI1,Aquitaine,2,LUG,858025
2723,2014-05-24,european,FRI1,Aquitaine,2,LUMP,1048140
2724,2014-05-24,european,FRI1,Aquitaine,2,LVEC,574610
2725,2014-05-24,european,FRI2,Limousin,0,eligible_voters,1649271
2726,2014-05-24,european,FRI2,Limousin,1,issued_ballots,832089
2727,2014-05-24,european,FRI2,Limousin,2,LDIV,30753
2728,2014-05-24,european,FRI2,Limousin,2,LDVD,37599
2729,2014-05-24,european,FRI2,Limousin,2,LDVG,21735
2730,2014-05-24,european,FRI2,Limousin,2,LEXG,8727
2731,2014-05-24,european,FRI2,Limousin,2,LFG,71448
2732,2014-05-24,european,FRI2,Limousin,2,LFN,163623
2733,2014-05-24,european,FRI2,Limousin,2,LUC,57876
2734,2014-05-24,european,FRI2,Limousin,2,LUG,191421
2735,2014-05-24,european,FRI2,Limousin,2,LUMP,152463
2736,2014-05-24,european,FRI2,Limousin,2,LVEC,47826
2737,2014-05-24,european,FRI3,Poitou-Charentes,0,eligible_voters,5267516
2738,2014-05-24,european,FRI3,Poitou-Charentes,1,issued_ballots,2307940
2739,2014-05-24,european,FRI3,Poitou-Charentes,2,LDIV,38056
2740,2014-05-24,european,FRI3,Poitou-Charentes,2,LDVD,142972
2741,2014-05-24,european,FRI3,Poitou-Charentes,2,LDVG,78824
2742,2014-05-24,european,FRI3,Poitou-Charentes,2,LEXG,40352
2743,2014-05-24,european,FRI3,Poitou-Charentes,2,LFG,138128
2744,2014-05-24,european,FRI3,Poitou-Charentes,2,LFN,507040
2745,2014-05-24,european,FRI3,Poitou-Charentes,2,LUC,209712
2746,2014-05-24,european,FRI3,Poitou-Charentes,2,LUG,353032
2747,2014-05-24,european,FRI3,Poitou-Charentes,2,LUMP,464960
2748,2014-05-24,european,FRI3,Poitou-Charentes,2,LVEC,212972
2749,2014-05-24,european,FRJ1,Languedoc-Roussillon,0,eligible_voters,9840330
2750,2014-05-24,european,FRJ1,Languedoc-Roussillon,1,issued_ballots,4576075
2751,2014-05-24,european,FRJ1,Languedoc-Roussillon,2,LDIV,121605
2752,2014-05-24,european,FRJ1,Languedoc-Roussillon,2,LDVD,196070
2753,2014-05-24,european,FRJ1,Languedoc-Roussillon,2,LDVG,111985
2754,2014-05-24,european,FRJ1,Languedoc-Roussillon,2,LEXD,1885
2755,2014-05-24,european,FRJ1,Languedoc-Roussillon,2,LEXG,53510
2756,2014-05-24,european,FRJ1,Languedoc-Roussillon,2,LFG,401000
2757,2014-05-24,european,FRJ1,Languedoc-Roussillon,2,LFN,1384575
2758,2014-05-24,european,FRJ1,Languedoc-Roussillon,2,LUC,277690
2759,2014-05-24,european,FRJ1,Languedoc-Roussillon,2,LUG,585655
2760,2014-05-24,european,FRJ1,Languedoc-Roussillon,2,LUMP,777615
2761,2014-05-24,european,FRJ1,Languedoc-Roussillon,2,LVEC,488565
2762,2014-05-24,european,FRJ2,Midi-Pyrénées,0,eligible_voters,17028728
2763,2014-05-24,european,FRJ2,Midi-Pyrénées,1,issued_ballots,8392248
2764,2014-05-24,european,FRJ2,Midi-Pyrénées,2,LDIV,230776
2765,2014-05-24,european,FRJ2,Midi-Pyrénées,2,LDVD,394824
2766,2014-05-24,european,FRJ2,Midi-Pyrénées,2,LDVG,247816
2767,2014-05-24,european,FRJ2,Midi-Pyrénées,2,LEXD,4448
2768,2014-05-24,european,FRJ2,Midi-Pyrénées,2,LEXG,113424
2769,2014-05-24,european,FRJ2,Midi-Pyrénées,2,LFG,697608
2770,2014-05-24,european,FRJ2,Midi-Pyrénées,2,LFN,1787224
2771,2014-05-24,european,FRJ2,Midi-Pyrénées,2,LUC,689072
2772,2014-05-24,european,FRJ2,Midi-Pyrénées,2,LUG,1392008
2773,2014-05-24,european,FRJ2,Midi-Pyrénées,2,LUMP,1435200
2774,2014-05-24,european,FRJ2,Midi-Pyrénées,2,LVEC,999352
2775,2014-05-24,european,FRK1,Auvergne,0,eligible_voters,4025632
2776,2014-05-24,european,FRK1,Auvergne,1,issued_ballots,1845288
2777,2014-05-24,european,FRK1,Auvergne,2,LDIV,61432
2778,2014-05-24,european,FRK1,Auvergne,2,LDVD,94604
2779,2014-05-24,european,FRK1,Auvergne,2,LDVG,51804
2780,2014-05-24,european,FRK1,Auvergne,2,LEXG,23832
2781,2014-05-24,european,FRK1,Auvergne,2,LFG,147860
2782,2014-05-24,european,FRK1,Auvergne,2,LFN,382488
2783,2014-05-24,european,FRK1,Auvergne,2,LUC,175484
2784,2014-05-24,european,FRK1,Auvergne,2,LUG,278896
2785,2014-05-24,european,FRK1,Auvergne,2,LUMP,399764
2786,2014-05-24,european,FRK1,Auvergne,2,LVEC,124608
2787,2014-05-24,european,FRK2,Rhône-Alpes,0,eligible_voters,34122168
2788,2014-05-24,european,FRK2,Rhône-Alpes,1,issued_ballots,14710576
2789,2014-05-24,european,FRK2,Rhône-Alpes,2,LDIV,502864
2790,2014-05-24,european,FRK2,Rhône-Alpes,2,LDVD,931184
2791,2014-05-24,european,FRK2,Rhône-Alpes,2,LDVG,531616
2792,2014-05-24,european,FRK2,Rhône-Alpes,2,LEXG,147144
2793,2014-05-24,european,FRK2,Rhône-Alpes,2,LFG,791616
2794,2014-05-24,european,FRK2,Rhône-Alpes,2,LFN,3448328
2795,2014-05-24,european,FRK2,Rhône-Alpes,2,LUC,1405592
2796,2014-05-24,european,FRK2,Rhône-Alpes,2,LUG,1858344
2797,2014-05-24,european,FRK2,Rhône-Alpes,2,LUMP,3054672
2798,2014-05-24,european,FRK2,Rhône-Alpes,2,LVEC,1538592
2799,2014-05-24,european,FRL0,Provence-Alpes-Côte d’Azur,0,eligible_voters,20924376
2800,2014-05-24,european,FRL0,Provence-Alpes-Côte d’Azur,1,issued_ballots,9052872
2801,2014-05-24,european,FRL0,Provence-Alpes-Côte d’Azur,2,LDIV,291618
2802,2014-05-24,european,FRL0,Provence-Alpes-Côte d’Azur,2,LDVD,451500
2803,2014-05-24,european,FRL0,Provence-Alpes-Côte d’Azur,2,LDVG,221574
2804,2014-05-24,european,FRL0,Provence-Alpes-Côte d’Azur,2,LEXG,71706
2805,2014-05-24,european,FRL0,Provence-Alpes-Côte d’Azur,2,LFG,564060
2806,2014-05-24,european,FRL0,Provence-Alpes-Côte d’Azur,2,LFN,2913060
2807,2014-05-24,european,FRL0,Provence-Alpes-Côte d’Azur,2,LUC,609498
2808,2014-05-24,european,FRL0,Provence-Alpes-Côte d’Azur,2,LUG,925758
2809,2014-05-24,european,FRL0,Provence-Alpes-Côte d’Azur,2,LUMP,2042790
2810,2014-05-24,european,FRL0,Provence-Alpes-Côte d’Azur,2,LVEC,680058
2811,2014-05-24,european,FRM0,Corse,0,eligible_voters,459686
2812,2014-05-24,european,FRM0,Corse,1,issued_ballots,163262
2813,2014-05-24,european,FRM0,Corse,2,LDIV,35134
2814,2014-05-24,european,FRM0,Corse,2,LDVD,5570
2815,2014-05-24,european,FRM0,Corse,2,LDVG,2052
2816,2014-05-24,european,FRM0,Corse,2,LEXG,598
2817,2014-05-24,european,FRM0,Corse,2,LFG,9584
2818,2014-05-24,european,FRM0,Corse,2,LFN,37262
2819,2014-05-24,european,FRM0,Corse,2,LUC,5618
2820,2014-05-24,european,FRM0,Corse,2,LUG,15056
2821,2014-05-24,european,FRM0,Corse,2,LUMP,42088
2822,2014-05-24,european,FRM0,Corse,2,LVEC,7002
2823,2014-05-24,european,FRY1,Guadeloupe,0,eligible_voters,330056
2824,2014-05-24,european,FRY1,Guadeloupe,1,issued_ballots,31084
2825,2014-05-24,european,FRY1,Guadeloupe,2,LDIV,3260
2826,2014-05-24,european,FRY1,Guadeloupe,2,LDVD,800
2827,2014-05-24,european,FRY1,Guadeloupe,2,LDVG,1094
2828,2014-05-24,european,FRY1,Guadeloupe,2,LEXG,2108
2829,2014-05-24,european,FRY1,Guadeloupe,2,LFN,2789
2830,2014-05-24,european,FRY1,Guadeloupe,2,LUC,1675
2831,2014-05-24,european,FRY1,Guadeloupe,2,LUG,6529
2832,2014-05-24,european,FRY1,Guadeloupe,2,LUMP,8365
2833,2014-05-24,european,FRY1,Guadeloupe,2,LVEC,2120
2834,2014-05-24,european,FRY2,Martinique ,0,eligible_voters,305233
2835,2014-05-24,european,FRY2,Martinique ,1,issued_ballots,34844
2836,2014-05-24,european,FRY2,Martinique ,2,LDIV,1771
2837,2014-05-24,european,FRY2,Martinique ,2,LDVD,646
2838,2014-05-24,european,FRY2,Martinique ,2,LDVG,8589
2839,2014-05-24,european,FRY2,Martinique ,2,LEXG,4180
2840,2014-05-24,european,FRY2,Martinique ,2,LFN,1464
2841,2014-05-24,european,FRY2,Martinique ,2,LUC,1292
2842,2014-05-24,european,FRY2,Martinique ,2,LUG,6446
2843,2014-05-24,european,FRY2,Martinique ,2,LUMP,5162
2844,2014-05-24,european,FRY2,Martinique ,2,LVEC,1656
2845,2014-05-24,european,FRY3,Guyane,0,eligible_voters,83324
2846,2014-05-24,european,FRY3,Guyane,1,issued_ballots,8344
2847,2014-05-24,european,FRY3,Guyane,2,LDIV,348
2848,2014-05-24,european,FRY3,Guyane,2,LDVD,236
2849,2014-05-24,european,FRY3,Guyane,2,LDVG,534
2850,2014-05-24,european,FRY3,Guyane,2,LEXG,252
2851,2014-05-24,european,FRY3,Guyane,2,LFN,1119
2852,2014-05-24,european,FRY3,Guyane,2,LUC,402
2853,2014-05-24,european,FRY3,Guyane,2,LUG,588
2854,2014-05-24,european,FRY3,Guyane,2,LUMP,1183
2855,2014-05-24,european,FRY3,Guyane,2,LVEC,3225
2856,2014-05-24,european,FRY4,La Réunion ,0,eligible_voters,604843
2857,2014-05-24,european,FRY4,La Réunion ,1,issued_ballots,123146
2858,2014-05-24,european,FRY4,La Réunion ,2,LDIV,4482
2859,2014-05-24,european,FRY4,La Réunion ,2,LDVD,3359
2860,2014-05-24,european,FRY4,La Réunion ,2,LDVG,26811
2861,2014-05-24,european,FRY4,La Réunion ,2,LEXG,1984
2862,2014-05-24,european,FRY4,La Réunion ,2,LFN,14919
2863,2014-05-24,european,FRY4,La Réunion ,2,LUC,10471
2864,2014-05-24,european,FRY4,La Réunion ,2,LUG,17840
2865,2014-05-24,european,FRY4,La Réunion ,2,LUMP,25535
2866,2014-05-24,european,FRY4,La Réunion ,2,LVEC,9721
2867,2014-05-24,european,FRY5,Mayotte,0,eligible_voters,72176
2868,2014-05-24,european,FRY5,Mayotte,1,issued_ballots,24086
2869,2014-05-24,european,FRY5,Mayotte,2,LDIV,1386
2870,2014-05-24,european,FRY5,Mayotte,2,LDVD,203
2871,2014-05-24,european,FRY5,Mayotte,2,LDVG,7428
2872,2014-05-24,european,FRY5,Mayotte,2,LEXG,184
2873,2014-05-24,european,FRY5,Mayotte,2,LFN,1257
2874,2014-05-24,european,FRY5,Mayotte,2,LUC,956
2875,2014-05-24,european,FRY5,Mayotte,2,LUG,3172
2876,2014-05-24,european,FRY5,Mayotte,2,LUMP,8052
2877,2014-05-24,european,FRY5,Mayotte,2,LVEC,628
2878,2017-04-23,president_a,FR10,Ile-de-France,0,eligible_voters,57593848
2879,2017-04-23,president_a,FR10,Ile-de-France,1,issued_ballots,46012072
2880,2017-04-23,president_a,FR10,Ile-de-France,2,Arthaud,188656
2881,2017-04-23,president_a,FR10,Ile-de-France,2,Asselineau,515128
2882,2017-04-23,president_a,FR10,Ile-de-France,2,Cheminade,78360
2883,2017-04-23,president_a,FR10,Ile-de-France,2,Dupont-Aignan,1809624
2884,2017-04-23,president_a,FR10,Ile-de-France,2,Fillon,9996688
2885,2017-04-23,president_a,FR10,Ile-de-France,2,Hamon,3442592
2886,2017-04-23,president_a,FR10,Ile-de-France,2,Lassalle,290800
2887,2017-04-23,president_a,FR10,Ile-de-France,2,LePen,5664208
2888,2017-04-23,president_a,FR10,Ile-de-France,2,Macron,12900128
2889,2017-04-23,president_a,FR10,Ile-de-France,2,Mélenchon,9799824
2890,2017-04-23,president_a,FR10,Ile-de-France,2,Poutou,365640
2891,2017-04-23,president_a,FRB0,Centre — Val de Loire,0,eligible_voters,10965942
2892,2017-04-23,president_a,FRB0,Centre — Val de Loire,1,issued_ballots,8801352
2893,2017-04-23,president_a,FRB0,Centre — Val de Loire,2,Arthaud,68190
2894,2017-04-23,president_a,FRB0,Centre — Val de Loire,2,Asselineau,72450
2895,2017-04-23,president_a,FRB0,Centre — Val de Loire,2,Cheminade,17292
2896,2017-04-23,president_a,FRB0,Centre — Val de Loire,2,Dupont-Aignan,492360
2897,2017-04-23,president_a,FRB0,Centre — Val de Loire,2,Fillon,1801950
2898,2017-04-23,president_a,FRB0,Centre — Val de Loire,2,Hamon,501312
2899,2017-04-23,president_a,FRB0,Centre — Val de Loire,2,Lassalle,81420
2900,2017-04-23,president_a,FRB0,Centre — Val de Loire,2,LePen,1976820
2901,2017-04-23,president_a,FRB0,Centre — Val de Loire,2,Macron,1942350
2902,2017-04-23,president_a,FRB0,Centre — Val de Loire,2,Mélenchon,1513848
2903,2017-04-23,president_a,FRB0,Centre — Val de Loire,2,Poutou,97692
2904,2017-04-23,president_a,FRC1,Bourgogne,0,eligible_voters,4673676
2905,2017-04-23,president_a,FRC1,Bourgogne,1,issued_ballots,3699036
2906,2017-04-23,president_a,FRC1,Bourgogne,2,Arthaud,25520
2907,2017-04-23,president_a,FRC1,Bourgogne,2,Asselineau,30904
2908,2017-04-23,president_a,FRC1,Bourgogne,2,Cheminade,6376
2909,2017-04-23,president_a,FRC1,Bourgogne,2,Dupont-Aignan,208220
2910,2017-04-23,president_a,FRC1,Bourgogne,2,Fillon,712948
2911,2017-04-23,president_a,FRC1,Bourgogne,2,Hamon,210776
2912,2017-04-23,president_a,FRC1,Bourgogne,2,Lassalle,36560
2913,2017-04-23,president_a,FRC1,Bourgogne,2,LePen,887660
2914,2017-04-23,president_a,FRC1,Bourgogne,2,Macron,800952
2915,2017-04-23,president_a,FRC1,Bourgogne,2,Mélenchon,640008
2916,2017-04-23,president_a,FRC1,Bourgogne,2,Poutou,40324
2917,2017-04-23,president_a,FRC2,Franche-Comté,0,eligible_voters,3332948
2918,2017-04-23,president_a,FRC2,Franche-Comté,1,issued_ballots,2655600
2919,2017-04-23,president_a,FRC2,Franche-Comté,2,Arthaud,20464
2920,2017-04-23,president_a,FRC2,Franche-Comté,2,Asselineau,26424
2921,2017-04-23,president_a,FRC2,Franche-Comté,2,Cheminade,4996
2922,2017-04-23,president_a,FRC2,Franche-Comté,2,Dupont-Aignan,140848
2923,2017-04-23,president_a,FRC2,Franche-Comté,2,Fillon,504616
2924,2017-04-23,president_a,FRC2,Franche-Comté,2,Hamon,138768
2925,2017-04-23,president_a,FRC2,Franche-Comté,2,Lassalle,26828
2926,2017-04-23,president_a,FRC2,Franche-Comté,2,LePen,662988
2927,2017-04-23,president_a,FRC2,Franche-Comté,2,Macron,551812
2928,2017-04-23,president_a,FRC2,Franche-Comté,2,Mélenchon,467824
2929,2017-04-23,president_a,FRC2,Franche-Comté,2,Poutou,33808
2930,2017-04-23,president_a,FRD1,Basse-Normandie ,0,eligible_voters,3266973
2931,2017-04-23,president_a,FRD1,Basse-Normandie ,1,issued_ballots,2670408
2932,2017-04-23,president_a,FRD1,Basse-Normandie ,2,Arthaud,21615
2933,2017-04-23,president_a,FRD1,Basse-Normandie ,2,Asselineau,18507
2934,2017-04-23,president_a,FRD1,Basse-Normandie ,2,Cheminade,4992
2935,2017-04-23,president_a,FRD1,Basse-Normandie ,2,Dupont-Aignan,140325
2936,2017-04-23,president_a,FRD1,Basse-Normandie ,2,Fillon,564999
2937,2017-04-23,president_a,FRD1,Basse-Normandie ,2,Hamon,165570
2938,2017-04-23,president_a,FRD1,Basse-Normandie ,2,Lassalle,20733
2939,2017-04-23,president_a,FRD1,Basse-Normandie ,2,LePen,548766
2940,2017-04-23,president_a,FRD1,Basse-Normandie ,2,Macron,630654
2941,2017-04-23,president_a,FRD1,Basse-Normandie ,2,Mélenchon,453564
2942,2017-04-23,president_a,FRD1,Basse-Normandie ,2,Poutou,34650
2943,2017-04-23,president_a,FRD2,Haute-Normandie ,0,eligible_voters,2618382
2944,2017-04-23,president_a,FRD2,Haute-Normandie ,1,issued_ballots,2099364
2945,2017-04-23,president_a,FRD2,Haute-Normandie ,2,Arthaud,15978
2946,2017-04-23,president_a,FRD2,Haute-Normandie ,2,Asselineau,16264
2947,2017-04-23,president_a,FRD2,Haute-Normandie ,2,Cheminade,3760
2948,2017-04-23,president_a,FRD2,Haute-Normandie ,2,Dupont-Aignan,104264
2949,2017-04-23,president_a,FRD2,Haute-Normandie ,2,Fillon,363544
2950,2017-04-23,president_a,FRD2,Haute-Normandie ,2,Hamon,117030
2951,2017-04-23,president_a,FRD2,Haute-Normandie ,2,Lassalle,13970
2952,2017-04-23,president_a,FRD2,Haute-Normandie ,2,LePen,539328
2953,2017-04-23,president_a,FRD2,Haute-Normandie ,2,Macron,425484
2954,2017-04-23,president_a,FRD2,Haute-Normandie ,2,Mélenchon,422476
2955,2017-04-23,president_a,FRD2,Haute-Normandie ,2,Poutou,24508
2956,2017-04-23,president_a,FRE1,Nord-Pas de Calais,0,eligible_voters,5790072
2957,2017-04-23,president_a,FRE1,Nord-Pas de Calais,1,issued_ballots,4487538
2958,2017-04-23,president_a,FRE1,Nord-Pas de Calais,2,Arthaud,39284
2959,2017-04-23,president_a,FRE1,Nord-Pas de Calais,2,Asselineau,33868
2960,2017-04-23,president_a,FRE1,Nord-Pas de Calais,2,Cheminade,7492
2961,2017-04-23,president_a,FRE1,Nord-Pas de Calais,2,Dupont-Aignan,213344
2962,2017-04-23,president_a,FRE1,Nord-Pas de Calais,2,Fillon,691574
2963,2017-04-23,president_a,FRE1,Nord-Pas de Calais,2,Hamon,239230
2964,2017-04-23,president_a,FRE1,Nord-Pas de Calais,2,Lassalle,28734
2965,2017-04-23,president_a,FRE1,Nord-Pas de Calais,2,LePen,1336354
2966,2017-04-23,president_a,FRE1,Nord-Pas de Calais,2,Macron,844810
2967,2017-04-23,president_a,FRE1,Nord-Pas de Calais,2,Mélenchon,894914
2968,2017-04-23,president_a,FRE1,Nord-Pas de Calais,2,Poutou,44306
2969,2017-04-23,president_a,FRE2,Picardie,0,eligible_voters,4040553
2970,2017-04-23,president_a,FRE2,Picardie,1,issued_ballots,3218775
2971,2017-04-23,president_a,FRE2,Picardie,2,Arthaud,28653
2972,2017-04-23,president_a,FRE2,Picardie,2,Asselineau,27327
2973,2017-04-23,president_a,FRE2,Picardie,2,Cheminade,5826
2974,2017-04-23,president_a,FRE2,Picardie,2,Dupont-Aignan,162147
2975,2017-04-23,president_a,FRE2,Picardie,2,Fillon,526758
2976,2017-04-23,president_a,FRE2,Picardie,2,Hamon,141045
2977,2017-04-23,president_a,FRE2,Picardie,2,Lassalle,24129
2978,2017-04-23,president_a,FRE2,Picardie,2,LePen,1005117
2979,2017-04-23,president_a,FRE2,Picardie,2,Macron,623640
2980,2017-04-23,president_a,FRE2,Picardie,2,Mélenchon,557568
2981,2017-04-23,president_a,FRE2,Picardie,2,Poutou,34497
2982,2017-04-23,president_a,FRF1,Alsace,0,eligible_voters,2585458
2983,2017-04-23,president_a,FRF1,Alsace,1,issued_ballots,2056392
2984,2017-04-23,president_a,FRF1,Alsace,2,Arthaud,15848
2985,2017-04-23,president_a,FRF1,Alsace,2,Asselineau,24116
2986,2017-04-23,president_a,FRF1,Alsace,2,Cheminade,4414
2987,2017-04-23,president_a,FRF1,Alsace,2,Dupont-Aignan,135722
2988,2017-04-23,president_a,FRF1,Alsace,2,Fillon,443602
2989,2017-04-23,president_a,FRF1,Alsace,2,Hamon,101250
2990,2017-04-23,president_a,FRF1,Alsace,2,Lassalle,22848
2991,2017-04-23,president_a,FRF1,Alsace,2,LePen,514836
2992,2017-04-23,president_a,FRF1,Alsace,2,Macron,426290
2993,2017-04-23,president_a,FRF1,Alsace,2,Mélenchon,292552
2994,2017-04-23,president_a,FRF1,Alsace,2,Poutou,22552
2995,2017-04-23,president_a,FRF2,Champagne-Ardenne,0,eligible_voters,3656280
2996,2017-04-23,president_a,FRF2,Champagne-Ardenne,1,issued_ballots,2884036
2997,2017-04-23,president_a,FRF2,Champagne-Ardenne,2,Arthaud,22348
2998,2017-04-23,president_a,FRF2,Champagne-Ardenne,2,Asselineau,22604
2999,2017-04-23,president_a,FRF2,Champagne-Ardenne,2,Cheminade,5116
3000,2017-04-23,president_a,FRF2,Champagne-Ardenne,2,Dupont-Aignan,165432
3001,2017-04-23,president_a,FRF2,Champagne-Ardenne,2,Fillon,588264
3002,2017-04-23,president_a,FRF2,Champagne-Ardenne,2,Hamon,127016
3003,2017-04-23,president_a,FRF2,Champagne-Ardenne,2,Lassalle,24164
3004,2017-04-23,president_a,FRF2,Champagne-Ardenne,2,LePen,851696
3005,2017-04-23,president_a,FRF2,Champagne-Ardenne,2,Macron,547492
3006,2017-04-23,president_a,FRF2,Champagne-Ardenne,2,Mélenchon,433888
3007,2017-04-23,president_a,FRF2,Champagne-Ardenne,2,Poutou,28300
3008,2017-04-23,president_a,FRF3,Lorraine,0,eligible_voters,6666412
3009,2017-04-23,president_a,FRF3,Lorraine,1,issued_ballots,5193464
3010,2017-04-23,president_a,FRF3,Lorraine,2,Arthaud,43044
3011,2017-04-23,president_a,FRF3,Lorraine,2,Asselineau,50056
3012,2017-04-23,president_a,FRF3,Lorraine,2,Cheminade,10368
3013,2017-04-23,president_a,FRF3,Lorraine,2,Dupont-Aignan,291924
3014,2017-04-23,president_a,FRF3,Lorraine,2,Fillon,870092
3015,2017-04-23,president_a,FRF3,Lorraine,2,Hamon,275668
3016,2017-04-23,president_a,FRF3,Lorraine,2,Lassalle,52172
3017,2017-04-23,president_a,FRF3,Lorraine,2,LePen,1421048
3018,2017-04-23,president_a,FRF3,Lorraine,2,Macron,1063032
3019,2017-04-23,president_a,FRF3,Lorraine,2,Mélenchon,920248
3020,2017-04-23,president_a,FRF3,Lorraine,2,Poutou,64468
3021,2017-04-23,president_a,FRG0,Pays de la Loire,0,eligible_voters,13525850
3022,2017-04-23,president_a,FRG0,Pays de la Loire,1,issued_ballots,11263495
3023,2017-04-23,president_a,FRG0,Pays de la Loire,2,Arthaud,80090
3024,2017-04-23,president_a,FRG0,Pays de la Loire,2,Asselineau,77645
3025,2017-04-23,president_a,FRG0,Pays de la Loire,2,Cheminade,18655
3026,2017-04-23,president_a,FRG0,Pays de la Loire,2,Dupont-Aignan,549210
3027,2017-04-23,president_a,FRG0,Pays de la Loire,2,Fillon,2582140
3028,2017-04-23,president_a,FRG0,Pays de la Loire,2,Hamon,717455
3029,2017-04-23,president_a,FRG0,Pays de la Loire,2,Lassalle,84940
3030,2017-04-23,president_a,FRG0,Pays de la Loire,2,LePen,1821335
3031,2017-04-23,president_a,FRG0,Pays de la Loire,2,Macron,2879160
3032,2017-04-23,president_a,FRG0,Pays de la Loire,2,Mélenchon,2017275
3033,2017-04-23,president_a,FRG0,Pays de la Loire,2,Poutou,131700
3034,2017-04-23,president_a,FRH0,Bretagne,0,eligible_voters,9814732
3035,2017-04-23,president_a,FRH0,Bretagne,1,issued_ballots,8194448
3036,2017-04-23,president_a,FRH0,Bretagne,2,Arthaud,57184
3037,2017-04-23,president_a,FRH0,Bretagne,2,Asselineau,53676
3038,2017-04-23,president_a,FRH0,Bretagne,2,Cheminade,13600
3039,2017-04-23,president_a,FRH0,Bretagne,2,Dupont-Aignan,351712
3040,2017-04-23,president_a,FRH0,Bretagne,2,Fillon,1523260
3041,2017-04-23,president_a,FRH0,Bretagne,2,Hamon,723308
3042,2017-04-23,president_a,FRH0,Bretagne,2,Lassalle,76388
3043,2017-04-23,president_a,FRH0,Bretagne,2,LePen,1226576
3044,2017-04-23,president_a,FRH0,Bretagne,2,Macron,2324304
3045,2017-04-23,president_a,FRH0,Bretagne,2,Mélenchon,1542944
3046,2017-04-23,president_a,FRH0,Bretagne,2,Poutou,108368
3047,2017-04-23,president_a,FRI1,Aquitaine,0,eligible_voters,12272540
3048,2017-04-23,president_a,FRI1,Aquitaine,1,issued_ballots,9904065
3049,2017-04-23,president_a,FRI1,Aquitaine,2,Arthaud,48420
3050,2017-04-23,president_a,FRI1,Aquitaine,2,Asselineau,77495
3051,2017-04-23,president_a,FRI1,Aquitaine,2,Cheminade,16120
3052,2017-04-23,president_a,FRI1,Aquitaine,2,Dupont-Aignan,410545
3053,2017-04-23,president_a,FRI1,Aquitaine,2,Fillon,1684715
3054,2017-04-23,president_a,FRI1,Aquitaine,2,Hamon,714305
3055,2017-04-23,president_a,FRI1,Aquitaine,2,Lassalle,344800
3056,2017-04-23,president_a,FRI1,Aquitaine,2,LePen,1769830
3057,2017-04-23,president_a,FRI1,Aquitaine,2,Macron,2412430
3058,2017-04-23,president_a,FRI1,Aquitaine,2,Mélenchon,2038950
3059,2017-04-23,president_a,FRI1,Aquitaine,2,Poutou,141745
3060,2017-04-23,president_a,FRI2,Limousin,0,eligible_voters,1634136
3061,2017-04-23,president_a,FRI2,Limousin,1,issued_ballots,1319619
3062,2017-04-23,president_a,FRI2,Limousin,2,Arthaud,10755
3063,2017-04-23,president_a,FRI2,Limousin,2,Asselineau,9693
3064,2017-04-23,president_a,FRI2,Limousin,2,Cheminade,2829
3065,2017-04-23,president_a,FRI2,Limousin,2,Dupont-Aignan,59565
3066,2017-04-23,president_a,FRI2,Limousin,2,Fillon,211758
3067,2017-04-23,president_a,FRI2,Limousin,2,Hamon,92679
3068,2017-04-23,president_a,FRI2,Limousin,2,Lassalle,27369
3069,2017-04-23,president_a,FRI2,Limousin,2,LePen,231468
3070,2017-04-23,president_a,FRI2,Limousin,2,Macron,331806
3071,2017-04-23,president_a,FRI2,Limousin,2,Mélenchon,275199
3072,2017-04-23,president_a,FRI2,Limousin,2,Poutou,19716
3073,2017-04-23,president_a,FRI3,Poitou-Charentes,0,eligible_voters,5322888
3074,2017-04-23,president_a,FRI3,Poitou-Charentes,1,issued_ballots,4252432
3075,2017-04-23,president_a,FRI3,Poitou-Charentes,2,Arthaud,32680
3076,2017-04-23,president_a,FRI3,Poitou-Charentes,2,Asselineau,31736
3077,2017-04-23,president_a,FRI3,Poitou-Charentes,2,Cheminade,8380
3078,2017-04-23,president_a,FRI3,Poitou-Charentes,2,Dupont-Aignan,214468
3079,2017-04-23,president_a,FRI3,Poitou-Charentes,2,Fillon,781204
3080,2017-04-23,president_a,FRI3,Poitou-Charentes,2,Hamon,265612
3081,2017-04-23,president_a,FRI3,Poitou-Charentes,2,Lassalle,55284
3082,2017-04-23,president_a,FRI3,Poitou-Charentes,2,LePen,836104
3083,2017-04-23,president_a,FRI3,Poitou-Charentes,2,Macron,1032864
3084,2017-04-23,president_a,FRI3,Poitou-Charentes,2,Mélenchon,815664
3085,2017-04-23,president_a,FRI3,Poitou-Charentes,2,Poutou,58900
3086,2017-04-23,president_a,FRJ1,Languedoc-Roussillon,0,eligible_voters,10092250
3087,2017-04-23,president_a,FRJ1,Languedoc-Roussillon,1,issued_ballots,8076585
3088,2017-04-23,president_a,FRJ1,Languedoc-Roussillon,2,Arthaud,37770
3089,2017-04-23,president_a,FRJ1,Languedoc-Roussillon,2,Asselineau,72275
3090,2017-04-23,president_a,FRJ1,Languedoc-Roussillon,2,Cheminade,12305
3091,2017-04-23,president_a,FRJ1,Languedoc-Roussillon,2,Dupont-Aignan,305850
3092,2017-04-23,president_a,FRJ1,Languedoc-Roussillon,2,Fillon,1359185
3093,2017-04-23,president_a,FRJ1,Languedoc-Roussillon,2,Hamon,432275
3094,2017-04-23,president_a,FRJ1,Languedoc-Roussillon,2,Lassalle,127235
3095,2017-04-23,president_a,FRJ1,Languedoc-Roussillon,2,LePen,2171215
3096,2017-04-23,president_a,FRJ1,Languedoc-Roussillon,2,Macron,1551750
3097,2017-04-23,president_a,FRJ1,Languedoc-Roussillon,2,Mélenchon,1734510
3098,2017-04-23,president_a,FRJ1,Languedoc-Roussillon,2,Poutou,79735
3099,2017-04-23,president_a,FRJ2,Midi-Pyrénées,0,eligible_voters,17406752
3100,2017-04-23,president_a,FRJ2,Midi-Pyrénées,1,issued_ballots,14276080
3101,2017-04-23,president_a,FRJ2,Midi-Pyrénées,2,Arthaud,73776
3102,2017-04-23,president_a,FRJ2,Midi-Pyrénées,2,Asselineau,113184
3103,2017-04-23,president_a,FRJ2,Midi-Pyrénées,2,Cheminade,24504
3104,2017-04-23,president_a,FRJ2,Midi-Pyrénées,2,Dupont-Aignan,593864
3105,2017-04-23,president_a,FRJ2,Midi-Pyrénées,2,Fillon,2353592
3106,2017-04-23,president_a,FRJ2,Midi-Pyrénées,2,Hamon,1039152
3107,2017-04-23,president_a,FRJ2,Midi-Pyrénées,2,Lassalle,400280
3108,2017-04-23,president_a,FRJ2,Midi-Pyrénées,2,LePen,2622752
3109,2017-04-23,president_a,FRJ2,Midi-Pyrénées,2,Macron,3437448
3110,2017-04-23,president_a,FRJ2,Midi-Pyrénées,2,Mélenchon,3098328
3111,2017-04-23,president_a,FRJ2,Midi-Pyrénées,2,Poutou,154152
3112,2017-04-23,president_a,FRK1,Auvergne,0,eligible_voters,4036120
3113,2017-04-23,president_a,FRK1,Auvergne,1,issued_ballots,3223000
3114,2017-04-23,president_a,FRK1,Auvergne,2,Arthaud,23896
3115,2017-04-23,president_a,FRK1,Auvergne,2,Asselineau,23636
3116,2017-04-23,president_a,FRK1,Auvergne,2,Cheminade,6352
3117,2017-04-23,president_a,FRK1,Auvergne,2,Dupont-Aignan,151292
3118,2017-04-23,president_a,FRK1,Auvergne,2,Fillon,569736
3119,2017-04-23,president_a,FRK1,Auvergne,2,Hamon,194712
3120,2017-04-23,president_a,FRK1,Auvergne,2,Lassalle,65144
3121,2017-04-23,president_a,FRK1,Auvergne,2,LePen,619440
3122,2017-04-23,president_a,FRK1,Auvergne,2,Macron,798984
3123,2017-04-23,president_a,FRK1,Auvergne,2,Mélenchon,626852
3124,2017-04-23,president_a,FRK1,Auvergne,2,Poutou,40636
3125,2017-04-23,president_a,FRK2,Rhône-Alpes,0,eligible_voters,35261456
3126,2017-04-23,president_a,FRK2,Rhône-Alpes,1,issued_ballots,27931288
3127,2017-04-23,president_a,FRK2,Rhône-Alpes,2,Arthaud,149456
3128,2017-04-23,president_a,FRK2,Rhône-Alpes,2,Asselineau,283416
3129,2017-04-23,president_a,FRK2,Rhône-Alpes,2,Cheminade,48072
3130,2017-04-23,president_a,FRK2,Rhône-Alpes,2,Dupont-Aignan,1424480
3131,2017-04-23,president_a,FRK2,Rhône-Alpes,2,Fillon,5627768
3132,2017-04-23,president_a,FRK2,Rhône-Alpes,2,Hamon,1662832
3133,2017-04-23,president_a,FRK2,Rhône-Alpes,2,Lassalle,295688
3134,2017-04-23,president_a,FRK2,Rhône-Alpes,2,LePen,5701848
3135,2017-04-23,president_a,FRK2,Rhône-Alpes,2,Macron,6609008
3136,2017-04-23,president_a,FRK2,Rhône-Alpes,2,Mélenchon,5191000
3137,2017-04-23,president_a,FRK2,Rhône-Alpes,2,Poutou,266800
3138,2017-04-23,president_a,FRL0,Provence-Alpes-Côte d’Azur,0,eligible_voters,21406440
3139,2017-04-23,president_a,FRL0,Provence-Alpes-Côte d’Azur,1,issued_ballots,16865028
3140,2017-04-23,president_a,FRL0,Provence-Alpes-Côte d’Azur,2,Arthaud,62622
3141,2017-04-23,president_a,FRL0,Provence-Alpes-Côte d’Azur,2,Asselineau,155700
3142,2017-04-23,president_a,FRL0,Provence-Alpes-Côte d’Azur,2,Cheminade,27414
3143,2017-04-23,president_a,FRL0,Provence-Alpes-Côte d’Azur,2,Dupont-Aignan,714300
3144,2017-04-23,president_a,FRL0,Provence-Alpes-Côte d’Azur,2,Fillon,3693144
3145,2017-04-23,president_a,FRL0,Provence-Alpes-Côte d’Azur,2,Hamon,680190
3146,2017-04-23,president_a,FRL0,Provence-Alpes-Côte d’Azur,2,Lassalle,177324
3147,2017-04-23,president_a,FRL0,Provence-Alpes-Côte d’Azur,2,LePen,4648686
3148,2017-04-23,president_a,FRL0,Provence-Alpes-Côte d’Azur,2,Macron,3125868
3149,2017-04-23,president_a,FRL0,Provence-Alpes-Côte d’Azur,2,Mélenchon,3092490
3150,2017-04-23,president_a,FRL0,Provence-Alpes-Côte d’Azur,2,Poutou,127884
3151,2017-04-23,president_a,FRM0,Corse,0,eligible_voters,467312
3152,2017-04-23,president_a,FRM0,Corse,1,issued_ballots,317982
3153,2017-04-23,president_a,FRM0,Corse,2,Arthaud,990
3154,2017-04-23,president_a,FRM0,Corse,2,Asselineau,1930
3155,2017-04-23,president_a,FRM0,Corse,2,Cheminade,506
3156,2017-04-23,president_a,FRM0,Corse,2,Dupont-Aignan,8924
3157,2017-04-23,president_a,FRM0,Corse,2,Fillon,78906
3158,2017-04-23,president_a,FRM0,Corse,2,Hamon,11560
3159,2017-04-23,president_a,FRM0,Corse,2,Lassalle,17422
3160,2017-04-23,president_a,FRM0,Corse,2,LePen,86082
3161,2017-04-23,president_a,FRM0,Corse,2,Macron,57056
3162,2017-04-23,president_a,FRM0,Corse,2,Mélenchon,42628
3163,2017-04-23,president_a,FRM0,Corse,2,Poutou,2748
3164,2017-04-23,president_a,FRY1,Guadeloupe,0,eligible_voters,341730
3165,2017-04-23,president_a,FRY1,Guadeloupe,1,issued_ballots,134834
3166,2017-04-23,president_a,FRY1,Guadeloupe,2,Arthaud,2007
3167,2017-04-23,president_a,FRY1,Guadeloupe,2,Asselineau,1424
3168,2017-04-23,president_a,FRY1,Guadeloupe,2,Cheminade,344
3169,2017-04-23,president_a,FRY1,Guadeloupe,2,Dupont-Aignan,2258
3170,2017-04-23,president_a,FRY1,Guadeloupe,2,Fillon,18823
3171,2017-04-23,president_a,FRY1,Guadeloupe,2,Hamon,11412
3172,2017-04-23,president_a,FRY1,Guadeloupe,2,Lassalle,718
3173,2017-04-23,president_a,FRY1,Guadeloupe,2,LePen,16993
3174,2017-04-23,president_a,FRY1,Guadeloupe,2,Macron,35502
3175,2017-04-23,president_a,FRY1,Guadeloupe,2,Mélenchon,28234
3176,2017-04-23,president_a,FRY1,Guadeloupe,2,Poutou,2392
3177,2017-04-23,president_a,FRY2,Martinique ,0,eligible_voters,310812
3178,2017-04-23,president_a,FRY2,Martinique ,1,issued_ballots,123957
3179,2017-04-23,president_a,FRY2,Martinique ,2,Arthaud,2253
3180,2017-04-23,president_a,FRY2,Martinique ,2,Asselineau,1407
3181,2017-04-23,president_a,FRY2,Martinique ,2,Cheminade,373
3182,2017-04-23,president_a,FRY2,Martinique ,2,Dupont-Aignan,2338
3183,2017-04-23,president_a,FRY2,Martinique ,2,Fillon,18400
3184,2017-04-23,president_a,FRY2,Martinique ,2,Hamon,10661
3185,2017-04-23,president_a,FRY2,Martinique ,2,Lassalle,870
3186,2017-04-23,president_a,FRY2,Martinique ,2,LePen,11949
3187,2017-04-23,president_a,FRY2,Martinique ,2,Macron,27893
3188,2017-04-23,president_a,FRY2,Martinique ,2,Mélenchon,29903
3189,2017-04-23,president_a,FRY2,Martinique ,2,Poutou,3217
3190,2017-04-23,president_a,FRY3,Guyane,0,eligible_voters,92935
3191,2017-04-23,president_a,FRY3,Guyane,1,issued_ballots,31925
3192,2017-04-23,president_a,FRY3,Guyane,2,Arthaud,462
3193,2017-04-23,president_a,FRY3,Guyane,2,Asselineau,480
3194,2017-04-23,president_a,FRY3,Guyane,2,Cheminade,98
3195,2017-04-23,president_a,FRY3,Guyane,2,Dupont-Aignan,472
3196,2017-04-23,president_a,FRY3,Guyane,2,Fillon,3935
3197,2017-04-23,president_a,FRY3,Guyane,2,Hamon,1529
3198,2017-04-23,president_a,FRY3,Guyane,2,Lassalle,273
3199,2017-04-23,president_a,FRY3,Guyane,2,LePen,6521
3200,2017-04-23,president_a,FRY3,Guyane,2,Macron,5031
3201,2017-04-23,president_a,FRY3,Guyane,2,Mélenchon,6633
3202,2017-04-23,president_a,FRY3,Guyane,2,Poutou,1405
3203,2017-04-23,president_a,FRY4,La Réunion ,0,eligible_voters,639481
3204,2017-04-23,president_a,FRY4,La Réunion ,1,issued_ballots,375252
3205,2017-04-23,president_a,FRY4,La Réunion ,2,Arthaud,5190
3206,2017-04-23,president_a,FRY4,La Réunion ,2,Asselineau,6029
3207,2017-04-23,president_a,FRY4,La Réunion ,2,Cheminade,944
3208,2017-04-23,president_a,FRY4,La Réunion ,2,Dupont-Aignan,10123
3209,2017-04-23,president_a,FRY4,La Réunion ,2,Fillon,60508
3210,2017-04-23,president_a,FRY4,La Réunion ,2,Hamon,26872
3211,2017-04-23,president_a,FRY4,La Réunion ,2,Lassalle,1939
3212,2017-04-23,president_a,FRY4,La Réunion ,2,LePen,82219
3213,2017-04-23,president_a,FRY4,La Réunion ,2,Macron,66292
3214,2017-04-23,president_a,FRY4,La Réunion ,2,Mélenchon,85987
3215,2017-04-23,president_a,FRY4,La Réunion ,2,Poutou,4377
3216,2017-04-23,president_a,FRY5,Mayotte,0,eligible_voters,83047
3217,2017-04-23,president_a,FRY5,Mayotte,1,issued_ballots,36187
3218,2017-04-23,president_a,FRY5,Mayotte,2,Arthaud,334
3219,2017-04-23,president_a,FRY5,Mayotte,2,Asselineau,408
3220,2017-04-23,president_a,FRY5,Mayotte,2,Cheminade,163
3221,2017-04-23,president_a,FRY5,Mayotte,2,Dupont-Aignan,1019
3222,2017-04-23,president_a,FRY5,Mayotte,2,Fillon,10808
3223,2017-04-23,president_a,FRY5,Mayotte,2,Hamon,1434
3224,2017-04-23,president_a,FRY5,Mayotte,2,Lassalle,182
3225,2017-04-23,president_a,FRY5,Mayotte,2,LePen,9008
3226,2017-04-23,president_a,FRY5,Mayotte,2,Macron,6364
3227,2017-04-23,president_a,FRY5,Mayotte,2,Mélenchon,2789
3228,2017-04-23,president_a,FRY5,Mayotte,2,Poutou,621
3229,2017-05-07,president_b,FR10,Ile-de-France,0,eligible_voters,57559624
3230,2017-05-07,president_b,FR10,Ile-de-France,1,issued_ballots,42997696
3231,2017-05-07,president_b,FR10,Ile-de-France,2,LePen,8269488
3232,2017-05-07,president_b,FR10,Ile-de-France,2,Macron,30602232
3233,2017-05-07,president_b,FRB0,Centre — Val de Loire,0,eligible_voters,10965594
3234,2017-05-07,president_b,FRB0,Centre — Val de Loire,1,issued_ballots,8410374
3235,2017-05-07,president_b,FRB0,Centre — Val de Loire,2,LePen,2704500
3236,2017-05-07,president_b,FRB0,Centre — Val de Loire,2,Macron,4667838
3237,2017-05-07,president_b,FRC1,Bourgogne,0,eligible_voters,4672920
3238,2017-05-07,president_b,FRC1,Bourgogne,1,issued_ballots,3604720
3239,2017-05-07,president_b,FRC1,Bourgogne,2,LePen,1230572
3240,2017-05-07,president_b,FRC1,Bourgogne,2,Macron,1913004
3241,2017-05-07,president_b,FRC2,Franche-Comté,0,eligible_voters,3332300
3242,2017-05-07,president_b,FRC2,Franche-Comté,1,issued_ballots,2587692
3243,2017-05-07,president_b,FRC2,Franche-Comté,2,LePen,901168
3244,2017-05-07,president_b,FRC2,Franche-Comté,2,Macron,1349832
3245,2017-05-07,president_b,FRD1,Basse-Normandie ,0,eligible_voters,3266373
3246,2017-05-07,president_b,FRD1,Basse-Normandie ,1,issued_ballots,2552133
3247,2017-05-07,president_b,FRD1,Basse-Normandie ,2,LePen,765594
3248,2017-05-07,president_b,FRD1,Basse-Normandie ,2,Macron,1493289
3249,2017-05-07,president_b,FRD2,Haute-Normandie ,0,eligible_voters,2616556
3250,2017-05-07,president_b,FRD2,Haute-Normandie ,1,issued_ballots,1999178
3251,2017-05-07,president_b,FRD2,Haute-Normandie ,2,LePen,732548
3252,2017-05-07,president_b,FRD2,Haute-Normandie ,2,Macron,1028598
3253,2017-05-07,president_b,FRE1,Nord-Pas de Calais,0,eligible_voters,5789690
3254,2017-05-07,president_b,FRE1,Nord-Pas de Calais,1,issued_ballots,4299386
3255,2017-05-07,president_b,FRE1,Nord-Pas de Calais,2,LePen,1780432
3256,2017-05-07,president_b,FRE1,Nord-Pas de Calais,2,Macron,2044728
3257,2017-05-07,president_b,FRE2,Picardie,0,eligible_voters,4040094
3258,2017-05-07,president_b,FRE2,Picardie,1,issued_ballots,3094998
3259,2017-05-07,president_b,FRE2,Picardie,2,LePen,1322859
3260,2017-05-07,president_b,FRE2,Picardie,2,Macron,1425111
3261,2017-05-07,president_b,FRF1,Alsace,0,eligible_voters,2585622
3262,2017-05-07,president_b,FRF1,Alsace,1,issued_ballots,1961524
3263,2017-05-07,president_b,FRF1,Alsace,2,LePen,682774
3264,2017-05-07,president_b,FRF1,Alsace,2,Macron,1069080
3265,2017-05-07,president_b,FRF2,Champagne-Ardenne,0,eligible_voters,3655700
3266,2017-05-07,president_b,FRF2,Champagne-Ardenne,1,issued_ballots,2764552
3267,2017-05-07,president_b,FRF2,Champagne-Ardenne,2,LePen,1121236
3268,2017-05-07,president_b,FRF2,Champagne-Ardenne,2,Macron,1321064
3269,2017-05-07,president_b,FRF3,Lorraine,0,eligible_voters,6665664
3270,2017-05-07,president_b,FRF3,Lorraine,1,issued_ballots,4980272
3271,2017-05-07,president_b,FRF3,Lorraine,2,LePen,1870640
3272,2017-05-07,president_b,FRF3,Lorraine,2,Macron,2543384
3273,2017-05-07,president_b,FRG0,Pays de la Loire,0,eligible_voters,13525170
3274,2017-05-07,president_b,FRG0,Pays de la Loire,1,issued_ballots,10624220
3275,2017-05-07,president_b,FRG0,Pays de la Loire,2,LePen,2571365
3276,2017-05-07,president_b,FRG0,Pays de la Loire,2,Macron,6751380
3277,2017-05-07,president_b,FRH0,Bretagne,0,eligible_voters,9812932
3278,2017-05-07,president_b,FRH0,Bretagne,1,issued_ballots,7819712
3279,2017-05-07,president_b,FRH0,Bretagne,2,LePen,1701848
3280,2017-05-07,president_b,FRH0,Bretagne,2,Macron,5204904
3281,2017-05-07,president_b,FRI1,Aquitaine,0,eligible_voters,12268965
3282,2017-05-07,president_b,FRI1,Aquitaine,1,issued_ballots,9554010
3283,2017-05-07,president_b,FRI1,Aquitaine,2,LePen,2570135
3284,2017-05-07,president_b,FRI1,Aquitaine,2,Macron,5743390
3285,2017-05-07,president_b,FRI2,Limousin,0,eligible_voters,1634028
3286,2017-05-07,president_b,FRI2,Limousin,1,issued_ballots,1282458
3287,2017-05-07,president_b,FRI2,Limousin,2,LePen,324438
3288,2017-05-07,president_b,FRI2,Limousin,2,Macron,761058
3289,2017-05-07,president_b,FRI3,Poitou-Charentes,0,eligible_voters,5322452
3290,2017-05-07,president_b,FRI3,Poitou-Charentes,1,issued_ballots,4127812
3291,2017-05-07,president_b,FRI3,Poitou-Charentes,2,LePen,1184256
3292,2017-05-07,president_b,FRI3,Poitou-Charentes,2,Macron,2434816
3293,2017-05-07,president_b,FRJ1,Languedoc-Roussillon,0,eligible_voters,10090535
3294,2017-05-07,president_b,FRJ1,Languedoc-Roussillon,1,issued_ballots,7648140
3295,2017-05-07,president_b,FRJ1,Languedoc-Roussillon,2,LePen,2884365
3296,2017-05-07,president_b,FRJ1,Languedoc-Roussillon,2,Macron,3769735
3297,2017-05-07,president_b,FRJ2,Midi-Pyrénées,0,eligible_voters,17405680
3298,2017-05-07,president_b,FRJ2,Midi-Pyrénées,1,issued_ballots,13497872
3299,2017-05-07,president_b,FRJ2,Midi-Pyrénées,2,LePen,3655840
3300,2017-05-07,president_b,FRJ2,Midi-Pyrénées,2,Macron,8046952
3301,2017-05-07,president_b,FRK1,Auvergne,0,eligible_voters,4035632
3302,2017-05-07,president_b,FRK1,Auvergne,1,issued_ballots,3126640
3303,2017-05-07,president_b,FRK1,Auvergne,2,LePen,865648
3304,2017-05-07,president_b,FRK1,Auvergne,2,Macron,1830640
3305,2017-05-07,president_b,FRK2,Rhône-Alpes,0,eligible_voters,35244424
3306,2017-05-07,president_b,FRK2,Rhône-Alpes,1,issued_ballots,26880376
3307,2017-05-07,president_b,FRK2,Rhône-Alpes,2,LePen,7874512
3308,2017-05-07,president_b,FRK2,Rhône-Alpes,2,Macron,15956248
3309,2017-05-07,president_b,FRL0,Provence-Alpes-Côte d’Azur,0,eligible_voters,21390960
3310,2017-05-07,president_b,FRL0,Provence-Alpes-Côte d’Azur,1,issued_ballots,15913368
3311,2017-05-07,president_b,FRL0,Provence-Alpes-Côte d’Azur,2,LePen,6294696
3312,2017-05-07,president_b,FRL0,Provence-Alpes-Côte d’Azur,2,Macron,7839816
3313,2017-05-07,president_b,FRM0,Corse,0,eligible_voters,467266
3314,2017-05-07,president_b,FRM0,Corse,1,issued_ballots,298964
3315,2017-05-07,president_b,FRM0,Corse,2,LePen,125964
3316,2017-05-07,president_b,FRM0,Corse,2,Macron,133638
3317,2017-05-07,president_b,FRY1,Guadeloupe,0,eligible_voters,341507
3318,2017-05-07,president_b,FRY1,Guadeloupe,1,issued_ballots,164603
3319,2017-05-07,president_b,FRY1,Guadeloupe,2,LePen,36150
3320,2017-05-07,president_b,FRY1,Guadeloupe,2,Macron,105917
3321,2017-05-07,president_b,FRY2,Martinique ,0,eligible_voters,310673
3322,2017-05-07,president_b,FRY2,Martinique ,1,issued_ballots,156134
3323,2017-05-07,president_b,FRY2,Martinique ,2,LePen,30195
3324,2017-05-07,president_b,FRY2,Martinique ,2,Macron,104307
3325,2017-05-07,president_b,FRY3,Guyane,0,eligible_voters,92601
3326,2017-05-07,president_b,FRY3,Guyane,1,issued_ballots,38685
3327,2017-05-07,president_b,FRY3,Guyane,2,LePen,11777
3328,2017-05-07,president_b,FRY3,Guyane,2,Macron,21769
3329,2017-05-07,president_b,FRY4,La Réunion ,0,eligible_voters,639391
3330,2017-05-07,president_b,FRY4,La Réunion ,1,issued_ballots,402250
3331,2017-05-07,president_b,FRY4,La Réunion ,2,LePen,139917
3332,2017-05-07,president_b,FRY4,La Réunion ,2,Macron,212081
3333,2017-05-07,president_b,FRY5,Mayotte,0,eligible_voters,82482
3334,2017-05-07,president_b,FRY5,Mayotte,1,issued_ballots,37723
3335,2017-05-07,president_b,FRY5,Mayotte,2,LePen,14374
3336,2017-05-07,president_b,FRY5,Mayotte,2,Macron,19140
3337,2019-05-26,european,FR10,Ile-de-France,0,eligible_voters,57492592
3338,2019-05-26,european,FR10,Ile-de-France,1,issued_ballots,29091312
3339,2019-05-26,european,FR10,Ile-de-France,2,LCEN,776064
3340,2019-05-26,european,FR10,Ile-de-France,2,LDIV,3167640
3341,2019-05-26,european,FR10,Ile-de-France,2,LDLF,810776
3342,2019-05-26,european,FR10,Ile-de-France,2,LFI,1748624
3343,2019-05-26,european,FR10,Ile-de-France,2,LGENS,1103440
3344,2019-05-26,european,FR10,Ile-de-France,2,LLR,2625904
3345,2019-05-26,european,FR10,Ile-de-France,2,LREM,7712480
3346,2019-05-26,european,FR10,Ile-de-France,2,LRN,3996712
3347,2019-05-26,european,FR10,Ile-de-France,2,LUG,1853120
3348,2019-05-26,european,FR10,Ile-de-France,2,LVEC,4495744
3349,2019-05-26,european,FRB0,Centre — Val de Loire,0,eligible_voters,10858098
3350,2019-05-26,european,FRB0,Centre — Val de Loire,1,issued_ballots,5718990
3351,2019-05-26,european,FRB0,Centre — Val de Loire,2,LCEN,164022
3352,2019-05-26,european,FRB0,Centre — Val de Loire,2,LDIV,569778
3353,2019-05-26,european,FRB0,Centre — Val de Loire,2,LDLF,240414
3354,2019-05-26,european,FRB0,Centre — Val de Loire,2,LFI,305466
3355,2019-05-26,european,FRB0,Centre — Val de Loire,2,LGENS,161526
3356,2019-05-26,european,FRB0,Centre — Val de Loire,2,LLR,494592
3357,2019-05-26,european,FRB0,Centre — Val de Loire,2,LREM,1167624
3358,2019-05-26,european,FRB0,Centre — Val de Loire,2,LRN,1377354
3359,2019-05-26,european,FRB0,Centre — Val de Loire,2,LUG,312336
3360,2019-05-26,european,FRB0,Centre — Val de Loire,2,LVEC,621840
3361,2019-05-26,european,FRC1,Bourgogne,0,eligible_voters,4606568
3362,2019-05-26,european,FRC1,Bourgogne,1,issued_ballots,2431468
3363,2019-05-26,european,FRC1,Bourgogne,2,LCEN,57660
3364,2019-05-26,european,FRC1,Bourgogne,2,LDIV,241184
3365,2019-05-26,european,FRC1,Bourgogne,2,LDLF,98776
3366,2019-05-26,european,FRC1,Bourgogne,2,LFI,141852
3367,2019-05-26,european,FRC1,Bourgogne,2,LGENS,70944
3368,2019-05-26,european,FRC1,Bourgogne,2,LLR,223396
3369,2019-05-26,european,FRC1,Bourgogne,2,LREM,481212
3370,2019-05-26,european,FRC1,Bourgogne,2,LRN,615668
3371,2019-05-26,european,FRC1,Bourgogne,2,LUG,132312
3372,2019-05-26,european,FRC1,Bourgogne,2,LVEC,252376
3373,2019-05-26,european,FRC2,Franche-Comté,0,eligible_voters,3277644
3374,2019-05-26,european,FRC2,Franche-Comté,1,issued_ballots,1749968
3375,2019-05-26,european,FRC2,Franche-Comté,2,LCEN,41428
3376,2019-05-26,european,FRC2,Franche-Comté,2,LDIV,174748
3377,2019-05-26,european,FRC2,Franche-Comté,2,LDLF,70904
3378,2019-05-26,european,FRC2,Franche-Comté,2,LFI,107096
3379,2019-05-26,european,FRC2,Franche-Comté,2,LGENS,45564
3380,2019-05-26,european,FRC2,Franche-Comté,2,LLR,160628
3381,2019-05-26,european,FRC2,Franche-Comté,2,LREM,329092
3382,2019-05-26,european,FRC2,Franche-Comté,2,LRN,426848
3383,2019-05-26,european,FRC2,Franche-Comté,2,LUG,89400
3384,2019-05-26,european,FRC2,Franche-Comté,2,LVEC,208864
3385,2019-05-26,european,FRD1,Basse-Normandie ,0,eligible_voters,3235707
3386,2019-05-26,european,FRD1,Basse-Normandie ,1,issued_ballots,1750830
3387,2019-05-26,european,FRD1,Basse-Normandie ,2,LCEN,46494
3388,2019-05-26,european,FRD1,Basse-Normandie ,2,LDIV,164577
3389,2019-05-26,european,FRD1,Basse-Normandie ,2,LDLF,70476
3390,2019-05-26,european,FRD1,Basse-Normandie ,2,LFI,91116
3391,2019-05-26,european,FRD1,Basse-Normandie ,2,LGENS,62304
3392,2019-05-26,european,FRD1,Basse-Normandie ,2,LLR,146475
3393,2019-05-26,european,FRD1,Basse-Normandie ,2,LREM,376122
3394,2019-05-26,european,FRD1,Basse-Normandie ,2,LRN,395514
3395,2019-05-26,european,FRD1,Basse-Normandie ,2,LUG,105675
3396,2019-05-26,european,FRD1,Basse-Normandie ,2,LVEC,199983
3397,2019-05-26,european,FRD2,Haute-Normandie ,0,eligible_voters,2583556
3398,2019-05-26,european,FRD2,Haute-Normandie ,1,issued_ballots,1377900
3399,2019-05-26,european,FRD2,Haute-Normandie ,2,LCEN,32382
3400,2019-05-26,european,FRD2,Haute-Normandie ,2,LDIV,157160
3401,2019-05-26,european,FRD2,Haute-Normandie ,2,LDLF,52912
3402,2019-05-26,european,FRD2,Haute-Normandie ,2,LFI,90586
3403,2019-05-26,european,FRD2,Haute-Normandie ,2,LGENS,38926
3404,2019-05-26,european,FRD2,Haute-Normandie ,2,LLR,92910
3405,2019-05-26,european,FRD2,Haute-Normandie ,2,LREM,256658
3406,2019-05-26,european,FRD2,Haute-Normandie ,2,LRN,381086
3407,2019-05-26,european,FRD2,Haute-Normandie ,2,LUG,73068
3408,2019-05-26,european,FRD2,Haute-Normandie ,2,LVEC,141328
3409,2019-05-26,european,FRE1,Nord-Pas de Calais,0,eligible_voters,5752760
3410,2019-05-26,european,FRE1,Nord-Pas de Calais,1,issued_ballots,2928396
3411,2019-05-26,european,FRE1,Nord-Pas de Calais,2,LCEN,67642
3412,2019-05-26,european,FRE1,Nord-Pas de Calais,2,LDIV,314542
3413,2019-05-26,european,FRE1,Nord-Pas de Calais,2,LDLF,96770
3414,2019-05-26,european,FRE1,Nord-Pas de Calais,2,LFI,200504
3415,2019-05-26,european,FRE1,Nord-Pas de Calais,2,LGENS,74550
3416,2019-05-26,european,FRE1,Nord-Pas de Calais,2,LLR,170974
3417,2019-05-26,european,FRE1,Nord-Pas de Calais,2,LREM,499178
3418,2019-05-26,european,FRE1,Nord-Pas de Calais,2,LRN,915032
3419,2019-05-26,european,FRE1,Nord-Pas de Calais,2,LUG,138128
3420,2019-05-26,european,FRE1,Nord-Pas de Calais,2,LVEC,307836
3421,2019-05-26,european,FRE2,Picardie,0,eligible_voters,3999672
3422,2019-05-26,european,FRE2,Picardie,1,issued_ballots,2110317
3423,2019-05-26,european,FRE2,Picardie,2,LCEN,50202
3424,2019-05-26,european,FRE2,Picardie,2,LDIV,214362
3425,2019-05-26,european,FRE2,Picardie,2,LDLF,87726
3426,2019-05-26,european,FRE2,Picardie,2,LFI,135024
3427,2019-05-26,european,FRE2,Picardie,2,LGENS,51387
3428,2019-05-26,european,FRE2,Picardie,2,LLR,147033
3429,2019-05-26,european,FRE2,Picardie,2,LREM,360723
3430,2019-05-26,european,FRE2,Picardie,2,LRN,701565
3431,2019-05-26,european,FRE2,Picardie,2,LUG,80811
3432,2019-05-26,european,FRE2,Picardie,2,LVEC,175719
3433,2019-05-26,european,FRF1,Alsace,0,eligible_voters,2597262
3434,2019-05-26,european,FRF1,Alsace,1,issued_ballots,1314682
3435,2019-05-26,european,FRF1,Alsace,2,LCEN,35806
3436,2019-05-26,european,FRF1,Alsace,2,LDIV,127604
3437,2019-05-26,european,FRF1,Alsace,2,LDLF,61852
3438,2019-05-26,european,FRF1,Alsace,2,LFI,52944
3439,2019-05-26,european,FRF1,Alsace,2,LGENS,27002
3440,2019-05-26,european,FRF1,Alsace,2,LLR,114618
3441,2019-05-26,european,FRF1,Alsace,2,LREM,288622
3442,2019-05-26,european,FRF1,Alsace,2,LRN,300348
3443,2019-05-26,european,FRF1,Alsace,2,LUG,59120
3444,2019-05-26,european,FRF1,Alsace,2,LVEC,186026
3445,2019-05-26,european,FRF2,Champagne-Ardenne,0,eligible_voters,3605336
3446,2019-05-26,european,FRF2,Champagne-Ardenne,1,issued_ballots,1874460
3447,2019-05-26,european,FRF2,Champagne-Ardenne,2,LCEN,50580
3448,2019-05-26,european,FRF2,Champagne-Ardenne,2,LDIV,179940
3449,2019-05-26,european,FRF2,Champagne-Ardenne,2,LDLF,78908
3450,2019-05-26,european,FRF2,Champagne-Ardenne,2,LFI,92764
3451,2019-05-26,european,FRF2,Champagne-Ardenne,2,LGENS,42900
3452,2019-05-26,european,FRF2,Champagne-Ardenne,2,LLR,171092
3453,2019-05-26,european,FRF2,Champagne-Ardenne,2,LREM,339104
3454,2019-05-26,european,FRF2,Champagne-Ardenne,2,LRN,587344
3455,2019-05-26,european,FRF2,Champagne-Ardenne,2,LUG,75584
3456,2019-05-26,european,FRF2,Champagne-Ardenne,2,LVEC,159732
3457,2019-05-26,european,FRF3,Lorraine,0,eligible_voters,6612456
3458,2019-05-26,european,FRF3,Lorraine,1,issued_ballots,3293000
3459,2019-05-26,european,FRF3,Lorraine,2,LCEN,76192
3460,2019-05-26,european,FRF3,Lorraine,2,LDIV,350812
3461,2019-05-26,european,FRF3,Lorraine,2,LDLF,149952
3462,2019-05-26,european,FRF3,Lorraine,2,LFI,181608
3463,2019-05-26,european,FRF3,Lorraine,2,LGENS,90784
3464,2019-05-26,european,FRF3,Lorraine,2,LLR,238236
3465,2019-05-26,european,FRF3,Lorraine,2,LREM,615196
3466,2019-05-26,european,FRF3,Lorraine,2,LRN,910148
3467,2019-05-26,european,FRF3,Lorraine,2,LUG,173588
3468,2019-05-26,european,FRF3,Lorraine,2,LVEC,356588
3469,2019-05-26,european,FRG0,Pays de la Loire,0,eligible_voters,13615925
3470,2019-05-26,european,FRG0,Pays de la Loire,1,issued_ballots,7123780
3471,2019-05-26,european,FRG0,Pays de la Loire,2,LCEN,216470
3472,2019-05-26,european,FRG0,Pays de la Loire,2,LDIV,606690
3473,2019-05-26,european,FRG0,Pays de la Loire,2,LDLF,248160
3474,2019-05-26,european,FRG0,Pays de la Loire,2,LFI,356865
3475,2019-05-26,european,FRG0,Pays de la Loire,2,LGENS,233350
3476,2019-05-26,european,FRG0,Pays de la Loire,2,LLR,585690
3477,2019-05-26,european,FRG0,Pays de la Loire,2,LREM,1688395
3478,2019-05-26,european,FRG0,Pays de la Loire,2,LRN,1262740
3479,2019-05-26,european,FRG0,Pays de la Loire,2,LUG,466540
3480,2019-05-26,european,FRG0,Pays de la Loire,2,LVEC,1045135
3481,2019-05-26,european,FRH0,Bretagne,0,eligible_voters,9823276
3482,2019-05-26,european,FRH0,Bretagne,1,issued_ballots,5399416
3483,2019-05-26,european,FRH0,Bretagne,2,LCEN,132296
3484,2019-05-26,european,FRH0,Bretagne,2,LDIV,476016
3485,2019-05-26,european,FRH0,Bretagne,2,LDLF,155004
3486,2019-05-26,european,FRH0,Bretagne,2,LFI,286200
3487,2019-05-26,european,FRH0,Bretagne,2,LGENS,259720
3488,2019-05-26,european,FRH0,Bretagne,2,LLR,403356
3489,2019-05-26,european,FRH0,Bretagne,2,LREM,1319824
3490,2019-05-26,european,FRH0,Bretagne,2,LRN,891656
3491,2019-05-26,european,FRH0,Bretagne,2,LUG,389272
3492,2019-05-26,european,FRH0,Bretagne,2,LVEC,834180
3493,2019-05-26,european,FRI1,Aquitaine,0,eligible_voters,12313560
3494,2019-05-26,european,FRI1,Aquitaine,1,issued_ballots,6737605
3495,2019-05-26,european,FRI1,Aquitaine,2,LCEN,136500
3496,2019-05-26,european,FRI1,Aquitaine,2,LDIV,675715
3497,2019-05-26,european,FRI1,Aquitaine,2,LDLF,198900
3498,2019-05-26,european,FRI1,Aquitaine,2,LFI,444490
3499,2019-05-26,european,FRI1,Aquitaine,2,LGENS,237855
3500,2019-05-26,european,FRI1,Aquitaine,2,LLR,457915
3501,2019-05-26,european,FRI1,Aquitaine,2,LREM,1452455
3502,2019-05-26,european,FRI1,Aquitaine,2,LRN,1386515
3503,2019-05-26,european,FRI1,Aquitaine,2,LUG,519630
3504,2019-05-26,european,FRI1,Aquitaine,2,LVEC,879055
3505,2019-05-26,european,FRI2,Limousin,0,eligible_voters,1616916
3506,2019-05-26,european,FRI2,Limousin,1,issued_ballots,900348
3507,2019-05-26,european,FRI2,Limousin,2,LCEN,18492
3508,2019-05-26,european,FRI2,Limousin,2,LDIV,99375
3509,2019-05-26,european,FRI2,Limousin,2,LDLF,26220
3510,2019-05-26,european,FRI2,Limousin,2,LFI,68226
3511,2019-05-26,european,FRI2,Limousin,2,LGENS,34305
3512,2019-05-26,european,FRI2,Limousin,2,LLR,75177
3513,2019-05-26,european,FRI2,Limousin,2,LREM,166635
3514,2019-05-26,european,FRI2,Limousin,2,LRN,182352
3515,2019-05-26,european,FRI2,Limousin,2,LUG,71568
3516,2019-05-26,european,FRI2,Limousin,2,LVEC,92022
3517,2019-05-26,european,FRI3,Poitou-Charentes,0,eligible_voters,5293628
3518,2019-05-26,european,FRI3,Poitou-Charentes,1,issued_ballots,2818344
3519,2019-05-26,european,FRI3,Poitou-Charentes,2,LCEN,69188
3520,2019-05-26,european,FRI3,Poitou-Charentes,2,LDIV,267988
3521,2019-05-26,european,FRI3,Poitou-Charentes,2,LDLF,96476
3522,2019-05-26,european,FRI3,Poitou-Charentes,2,LFI,178808
3523,2019-05-26,european,FRI3,Poitou-Charentes,2,LGENS,87180
3524,2019-05-26,european,FRI3,Poitou-Charentes,2,LLR,199452
3525,2019-05-26,european,FRI3,Poitou-Charentes,2,LREM,598224
3526,2019-05-26,european,FRI3,Poitou-Charentes,2,LRN,634700
3527,2019-05-26,european,FRI3,Poitou-Charentes,2,LUG,179968
3528,2019-05-26,european,FRI3,Poitou-Charentes,2,LVEC,356256
3529,2019-05-26,european,FRJ1,Languedoc-Roussillon,0,eligible_voters,10139385
3530,2019-05-26,european,FRJ1,Languedoc-Roussillon,1,issued_ballots,5394570
3531,2019-05-26,european,FRJ1,Languedoc-Roussillon,2,LCEN,80570
3532,2019-05-26,european,FRJ1,Languedoc-Roussillon,2,LDIV,548440
3533,2019-05-26,european,FRJ1,Languedoc-Roussillon,2,LDLF,156435
3534,2019-05-26,european,FRJ1,Languedoc-Roussillon,2,LFI,377305
3535,2019-05-26,european,FRJ1,Languedoc-Roussillon,2,LGENS,144885
3536,2019-05-26,european,FRJ1,Languedoc-Roussillon,2,LLR,358325
3537,2019-05-26,european,FRJ1,Languedoc-Roussillon,2,LREM,955545
3538,2019-05-26,european,FRJ1,Languedoc-Roussillon,2,LRN,1571285
3539,2019-05-26,european,FRJ1,Languedoc-Roussillon,2,LUG,335695
3540,2019-05-26,european,FRJ1,Languedoc-Roussillon,2,LVEC,630410
3541,2019-05-26,european,FRJ2,Midi-Pyrénées,0,eligible_voters,17234952
3542,2019-05-26,european,FRJ2,Midi-Pyrénées,1,issued_ballots,9753216
3543,2019-05-26,european,FRJ2,Midi-Pyrénées,2,LCEN,197224
3544,2019-05-26,european,FRJ2,Midi-Pyrénées,2,LDIV,964512
3545,2019-05-26,european,FRJ2,Midi-Pyrénées,2,LDLF,307512
3546,2019-05-26,european,FRJ2,Midi-Pyrénées,2,LFI,693056
3547,2019-05-26,european,FRJ2,Midi-Pyrénées,2,LGENS,350240
3548,2019-05-26,european,FRJ2,Midi-Pyrénées,2,LLR,657952
3549,2019-05-26,european,FRJ2,Midi-Pyrénées,2,LREM,1988088
3550,2019-05-26,european,FRJ2,Midi-Pyrénées,2,LRN,1987712
3551,2019-05-26,european,FRJ2,Midi-Pyrénées,2,LUG,789616
3552,2019-05-26,european,FRJ2,Midi-Pyrénées,2,LVEC,1300968
3553,2019-05-26,european,FRK1,Auvergne,0,eligible_voters,3991932
3554,2019-05-26,european,FRK1,Auvergne,1,issued_ballots,2169520
3555,2019-05-26,european,FRK1,Auvergne,2,LCEN,73380
3556,2019-05-26,european,FRK1,Auvergne,2,LDIV,236776
3557,2019-05-26,european,FRK1,Auvergne,2,LDLF,60444
3558,2019-05-26,european,FRK1,Auvergne,2,LFI,133520
3559,2019-05-26,european,FRK1,Auvergne,2,LGENS,72736
3560,2019-05-26,european,FRK1,Auvergne,2,LLR,252836
3561,2019-05-26,european,FRK1,Auvergne,2,LREM,409772
3562,2019-05-26,european,FRK1,Auvergne,2,LRN,438744
3563,2019-05-26,european,FRK1,Auvergne,2,LUG,134864
3564,2019-05-26,european,FRK1,Auvergne,2,LVEC,225444
3565,2019-05-26,european,FRK2,Rhône-Alpes,0,eligible_voters,34912128
3566,2019-05-26,european,FRK2,Rhône-Alpes,1,issued_ballots,17883224
3567,2019-05-26,european,FRK2,Rhône-Alpes,2,LCEN,411512
3568,2019-05-26,european,FRK2,Rhône-Alpes,2,LDIV,1683576
3569,2019-05-26,european,FRK2,Rhône-Alpes,2,LDLF,598736
3570,2019-05-26,european,FRK2,Rhône-Alpes,2,LFI,962144
3571,2019-05-26,european,FRK2,Rhône-Alpes,2,LGENS,518512
3572,2019-05-26,european,FRK2,Rhône-Alpes,2,LLR,1705528
3573,2019-05-26,european,FRK2,Rhône-Alpes,2,LREM,4006136
3574,2019-05-26,european,FRK2,Rhône-Alpes,2,LRN,3594848
3575,2019-05-26,european,FRK2,Rhône-Alpes,2,LUG,1007696
3576,2019-05-26,european,FRK2,Rhône-Alpes,2,LVEC,2738528
3577,2019-05-26,european,FRL0,Provence-Alpes-Côte d’Azur,0,eligible_voters,21291594
3578,2019-05-26,european,FRL0,Provence-Alpes-Côte d’Azur,1,issued_ballots,10631634
3579,2019-05-26,european,FRL0,Provence-Alpes-Côte d’Azur,2,LCEN,187992
3580,2019-05-26,european,FRL0,Provence-Alpes-Côte d’Azur,2,LDIV,1101348
3581,2019-05-26,european,FRL0,Provence-Alpes-Côte d’Azur,2,LDLF,363768
3582,2019-05-26,european,FRL0,Provence-Alpes-Côte d’Azur,2,LFI,600006
3583,2019-05-26,european,FRL0,Provence-Alpes-Côte d’Azur,2,LGENS,220620
3584,2019-05-26,european,FRL0,Provence-Alpes-Côte d’Azur,2,LLR,904428
3585,2019-05-26,european,FRL0,Provence-Alpes-Côte d’Azur,2,LREM,2090622
3586,2019-05-26,european,FRL0,Provence-Alpes-Côte d’Azur,2,LRN,3131814
3587,2019-05-26,european,FRL0,Provence-Alpes-Côte d’Azur,2,LUG,460002
3588,2019-05-26,european,FRL0,Provence-Alpes-Côte d’Azur,2,LVEC,1202046
3589,2019-05-26,european,FRM0,Corse,0,eligible_voters,466672
3590,2019-05-26,european,FRM0,Corse,1,issued_ballots,177376
3591,2019-05-26,european,FRM0,Corse,2,LCEN,1502
3592,2019-05-26,european,FRM0,Corse,2,LDIV,20070
3593,2019-05-26,european,FRM0,Corse,2,LDLF,3672
3594,2019-05-26,european,FRM0,Corse,2,LFI,5414
3595,2019-05-26,european,FRM0,Corse,2,LGENS,2376
3596,2019-05-26,european,FRM0,Corse,2,LLR,20902
3597,2019-05-26,european,FRM0,Corse,2,LREM,25842
3598,2019-05-26,european,FRM0,Corse,2,LRN,48126
3599,2019-05-26,european,FRM0,Corse,2,LUG,6008
3600,2019-05-26,european,FRM0,Corse,2,LVEC,37888
3601,2019-05-26,european,FRY1,Guadeloupe,0,eligible_voters,331122
3602,2019-05-26,european,FRY1,Guadeloupe,1,issued_ballots,47637
3603,2019-05-26,european,FRY1,Guadeloupe,2,LCEN,798
3604,2019-05-26,european,FRY1,Guadeloupe,2,LDIV,4583
3605,2019-05-26,european,FRY1,Guadeloupe,2,LDLF,1075
3606,2019-05-26,european,FRY1,Guadeloupe,2,LFI,5149
3607,2019-05-26,european,FRY1,Guadeloupe,2,LGENS,1647
3608,2019-05-26,european,FRY1,Guadeloupe,2,LLR,2539
3609,2019-05-26,european,FRY1,Guadeloupe,2,LREM,7544
3610,2019-05-26,european,FRY1,Guadeloupe,2,LRN,9961
3611,2019-05-26,european,FRY1,Guadeloupe,2,LUG,3602
3612,2019-05-26,european,FRY1,Guadeloupe,2,LVEC,4490
3613,2019-05-26,european,FRY2,Martinique ,0,eligible_voters,301572
3614,2019-05-26,european,FRY2,Martinique ,1,issued_ballots,45909
3615,2019-05-26,european,FRY2,Martinique ,2,LCEN,1256
3616,2019-05-26,european,FRY2,Martinique ,2,LDIV,5992
3617,2019-05-26,european,FRY2,Martinique ,2,LDLF,891
3618,2019-05-26,european,FRY2,Martinique ,2,LFI,5099
3619,2019-05-26,european,FRY2,Martinique ,2,LGENS,1982
3620,2019-05-26,european,FRY2,Martinique ,2,LLR,2880
3621,2019-05-26,european,FRY2,Martinique ,2,LREM,7179
3622,2019-05-26,european,FRY2,Martinique ,2,LRN,6418
3623,2019-05-26,european,FRY2,Martinique ,2,LUG,3350
3624,2019-05-26,european,FRY2,Martinique ,2,LVEC,4315
3625,2019-05-26,european,FRY3,Guyane,0,eligible_voters,93052
3626,2019-05-26,european,FRY3,Guyane,1,issued_ballots,12480
3627,2019-05-26,european,FRY3,Guyane,2,LCEN,197
3628,2019-05-26,european,FRY3,Guyane,2,LDIV,972
3629,2019-05-26,european,FRY3,Guyane,2,LDLF,214
3630,2019-05-26,european,FRY3,Guyane,2,LFI,1562
3631,2019-05-26,european,FRY3,Guyane,2,LGENS,297
3632,2019-05-26,european,FRY3,Guyane,2,LLR,387
3633,2019-05-26,european,FRY3,Guyane,2,LREM,1917
3634,2019-05-26,european,FRY3,Guyane,2,LRN,3165
3635,2019-05-26,european,FRY3,Guyane,2,LUG,665
3636,2019-05-26,european,FRY3,Guyane,2,LVEC,2146
3637,2019-05-26,european,FRY4,La Réunion ,0,eligible_voters,644089
3638,2019-05-26,european,FRY4,La Réunion ,1,issued_ballots,197472
3639,2019-05-26,european,FRY4,La Réunion ,2,LCEN,3421
3640,2019-05-26,european,FRY4,La Réunion ,2,LDIV,19863
3641,2019-05-26,european,FRY4,La Réunion ,2,LDLF,4357
3642,2019-05-26,european,FRY4,La Réunion ,2,LFI,34192
3643,2019-05-26,european,FRY4,La Réunion ,2,LGENS,6630
3644,2019-05-26,european,FRY4,La Réunion ,2,LLR,10745
3645,2019-05-26,european,FRY4,La Réunion ,2,LREM,18869
3646,2019-05-26,european,FRY4,La Réunion ,2,LRN,56143
3647,2019-05-26,european,FRY4,La Réunion ,2,LUG,10086
3648,2019-05-26,european,FRY4,La Réunion ,2,LVEC,15412
3649,2019-05-26,european,FRY5,Mayotte,0,eligible_voters,78601
3650,2019-05-26,european,FRY5,Mayotte,1,issued_ballots,22514
3651,2019-05-26,european,FRY5,Mayotte,2,LCEN,314
3652,2019-05-26,european,FRY5,Mayotte,2,LDIV,1218
3653,2019-05-26,european,FRY5,Mayotte,2,LDLF,578
3654,2019-05-26,european,FRY5,Mayotte,2,LFI,1932
3655,2019-05-26,european,FRY5,Mayotte,2,LGENS,445
3656,2019-05-26,european,FRY5,Mayotte,2,LLR,3582
3657,2019-05-26,european,FRY5,Mayotte,2,LREM,1868
3658,2019-05-26,european,FRY5,Mayotte,2,LRN,9717
3659,2019-05-26,european,FRY5,Mayotte,2,LUG,499
3660,2019-05-26,european,FRY5,Mayotte,2,LVEC,918
3661,2022-04-10,president_a,FR10,Ile-de-France,0,eligible_voters,58794272
3662,2022-04-10,president_a,FR10,Ile-de-France,1,issued_ballots,44708456
3663,2022-04-10,president_a,FR10,Ile-de-France,2,Arthaud,175152
3664,2022-04-10,president_a,FR10,Ile-de-France,2,Dupont-Aignan,698648
3665,2022-04-10,president_a,FR10,Ile-de-France,2,Hidalgo,628176
3666,2022-04-10,president_a,FR10,Ile-de-France,2,Jadot,2368696
3667,2022-04-10,president_a,FR10,Ile-de-France,2,Lassalle,698744
3668,2022-04-10,president_a,FR10,Ile-de-France,2,LePen,5691696
3669,2022-04-10,president_a,FR10,Ile-de-France,2,Macron,13246240
3670,2022-04-10,president_a,FR10,Ile-de-France,2,Mélenchon,13268808
3671,2022-04-10,president_a,FR10,Ile-de-France,2,Poutou,264400
3672,2022-04-10,president_a,FR10,Ile-de-France,2,Pécresse,2714968
3673,2022-04-10,president_a,FR10,Ile-de-France,2,Roussel,841096
3674,2022-04-10,president_a,FR10,Ile-de-France,2,Zemmour,3275168
3675,2022-04-10,president_a,FRB0,Centre — Val de Loire,0,eligible_voters,11023968
3676,2022-04-10,president_a,FRB0,Centre — Val de Loire,1,issued_ballots,8266800
3677,2022-04-10,president_a,FRB0,Centre — Val de Loire,2,Arthaud,55536
3678,2022-04-10,president_a,FRB0,Centre — Val de Loire,2,Dupont-Aignan,190554
3679,2022-04-10,president_a,FRB0,Centre — Val de Loire,2,Hidalgo,138972
3680,2022-04-10,president_a,FRB0,Centre — Val de Loire,2,Jadot,326406
3681,2022-04-10,president_a,FRB0,Centre — Val de Loire,2,Lassalle,231954
3682,2022-04-10,president_a,FRB0,Centre — Val de Loire,2,LePen,2087070
3683,2022-04-10,president_a,FRB0,Centre — Val de Loire,2,Macron,2303106
3684,2022-04-10,president_a,FRB0,Centre — Val de Loire,2,Mélenchon,1507554
3685,2022-04-10,president_a,FRB0,Centre — Val de Loire,2,Poutou,67356
3686,2022-04-10,president_a,FRB0,Centre — Val de Loire,2,Pécresse,430140
3687,2022-04-10,president_a,FRB0,Centre — Val de Loire,2,Roussel,201540
3688,2022-04-10,president_a,FRB0,Centre — Val de Loire,2,Zemmour,531450
3689,2022-04-10,president_a,FRC1,Bourgogne,0,eligible_voters,4647976
3690,2022-04-10,president_a,FRC1,Bourgogne,1,issued_ballots,3569360
3691,2022-04-10,president_a,FRC1,Bourgogne,2,Arthaud,23160
3692,2022-04-10,president_a,FRC1,Bourgogne,2,Dupont-Aignan,85248
3693,2022-04-10,president_a,FRC1,Bourgogne,2,Hidalgo,62436
3694,2022-04-10,president_a,FRC1,Bourgogne,2,Jadot,134644
3695,2022-04-10,president_a,FRC1,Bourgogne,2,Lassalle,111324
3696,2022-04-10,president_a,FRC1,Bourgogne,2,LePen,956328
3697,2022-04-10,president_a,FRC1,Bourgogne,2,Macron,938680
3698,2022-04-10,president_a,FRC1,Bourgogne,2,Mélenchon,630968
3699,2022-04-10,president_a,FRC1,Bourgogne,2,Poutou,28608
3700,2022-04-10,president_a,FRC1,Bourgogne,2,Pécresse,176192
3701,2022-04-10,president_a,FRC1,Bourgogne,2,Roussel,85776
3702,2022-04-10,president_a,FRC1,Bourgogne,2,Zemmour,250624
3703,2022-04-10,president_a,FRC2,Franche-Comté,0,eligible_voters,3321660
3704,2022-04-10,president_a,FRC2,Franche-Comté,1,issued_ballots,2573548
3705,2022-04-10,president_a,FRC2,Franche-Comté,2,Arthaud,19412
3706,2022-04-10,president_a,FRC2,Franche-Comté,2,Dupont-Aignan,69516
3707,2022-04-10,president_a,FRC2,Franche-Comté,2,Hidalgo,43736
3708,2022-04-10,president_a,FRC2,Franche-Comté,2,Jadot,106296
3709,2022-04-10,president_a,FRC2,Franche-Comté,2,Lassalle,86904
3710,2022-04-10,president_a,FRC2,Franche-Comté,2,LePen,682244
3711,2022-04-10,president_a,FRC2,Franche-Comté,2,Macron,637796
3712,2022-04-10,president_a,FRC2,Franche-Comté,2,Mélenchon,480636
3713,2022-04-10,president_a,FRC2,Franche-Comté,2,Poutou,22344
3714,2022-04-10,president_a,FRC2,Franche-Comté,2,Pécresse,130428
3715,2022-04-10,president_a,FRC2,Franche-Comté,2,Roussel,49952
3716,2022-04-10,president_a,FRC2,Franche-Comté,2,Zemmour,177604
3717,2022-04-10,president_a,FRD1,Basse-Normandie ,0,eligible_voters,3306897
3718,2022-04-10,president_a,FRD1,Basse-Normandie ,1,issued_ballots,2520315
3719,2022-04-10,president_a,FRD1,Basse-Normandie ,2,Arthaud,18627
3720,2022-04-10,president_a,FRD1,Basse-Normandie ,2,Dupont-Aignan,55896
3721,2022-04-10,president_a,FRD1,Basse-Normandie ,2,Hidalgo,45207
3722,2022-04-10,president_a,FRD1,Basse-Normandie ,2,Jadot,111021
3723,2022-04-10,president_a,FRD1,Basse-Normandie ,2,Lassalle,72396
3724,2022-04-10,president_a,FRD1,Basse-Normandie ,2,LePen,610044
3725,2022-04-10,president_a,FRD1,Basse-Normandie ,2,Macron,777039
3726,2022-04-10,president_a,FRD1,Basse-Normandie ,2,Mélenchon,431649
3727,2022-04-10,president_a,FRD1,Basse-Normandie ,2,Poutou,23454
3728,2022-04-10,president_a,FRD1,Basse-Normandie ,2,Pécresse,125901
3729,2022-04-10,president_a,FRD1,Basse-Normandie ,2,Roussel,58218
3730,2022-04-10,president_a,FRD1,Basse-Normandie ,2,Zemmour,135465
3731,2022-04-10,president_a,FRD2,Haute-Normandie ,0,eligible_voters,2622900
3732,2022-04-10,president_a,FRD2,Haute-Normandie ,1,issued_ballots,1965680
3733,2022-04-10,president_a,FRD2,Haute-Normandie ,2,Arthaud,13260
3734,2022-04-10,president_a,FRD2,Haute-Normandie ,2,Dupont-Aignan,39856
3735,2022-04-10,president_a,FRD2,Haute-Normandie ,2,Hidalgo,30332
3736,2022-04-10,president_a,FRD2,Haute-Normandie ,2,Jadot,72524
3737,2022-04-10,president_a,FRD2,Haute-Normandie ,2,Lassalle,42712
3738,2022-04-10,president_a,FRD2,Haute-Normandie ,2,LePen,561516
3739,2022-04-10,president_a,FRD2,Haute-Normandie ,2,Macron,525512
3740,2022-04-10,president_a,FRD2,Haute-Normandie ,2,Mélenchon,383414
3741,2022-04-10,president_a,FRD2,Haute-Normandie ,2,Poutou,16374
3742,2022-04-10,president_a,FRD2,Haute-Normandie ,2,Pécresse,75666
3743,2022-04-10,president_a,FRD2,Haute-Normandie ,2,Roussel,53904
3744,2022-04-10,president_a,FRD2,Haute-Normandie ,2,Zemmour,108582
3745,2022-04-10,president_a,FRE1,Nord-Pas de Calais,0,eligible_voters,5815258
3746,2022-04-10,president_a,FRE1,Nord-Pas de Calais,1,issued_ballots,4214554
3747,2022-04-10,president_a,FRE1,Nord-Pas de Calais,2,Arthaud,27120
3748,2022-04-10,president_a,FRE1,Nord-Pas de Calais,2,Dupont-Aignan,69174
3749,2022-04-10,president_a,FRE1,Nord-Pas de Calais,2,Hidalgo,59668
3750,2022-04-10,president_a,FRE1,Nord-Pas de Calais,2,Jadot,132514
3751,2022-04-10,president_a,FRE1,Nord-Pas de Calais,2,Lassalle,78938
3752,2022-04-10,president_a,FRE1,Nord-Pas de Calais,2,LePen,1357886
3753,2022-04-10,president_a,FRE1,Nord-Pas de Calais,2,Macron,1061496
3754,2022-04-10,president_a,FRE1,Nord-Pas de Calais,2,Mélenchon,809052
3755,2022-04-10,president_a,FRE1,Nord-Pas de Calais,2,Poutou,27506
3756,2022-04-10,president_a,FRE1,Nord-Pas de Calais,2,Pécresse,135554
3757,2022-04-10,president_a,FRE1,Nord-Pas de Calais,2,Roussel,144096
3758,2022-04-10,president_a,FRE1,Nord-Pas de Calais,2,Zemmour,227864
3759,2022-04-10,president_a,FRE2,Picardie,0,eligible_voters,4043163
3760,2022-04-10,president_a,FRE2,Picardie,1,issued_ballots,3005592
3761,2022-04-10,president_a,FRE2,Picardie,2,Arthaud,22149
3762,2022-04-10,president_a,FRE2,Picardie,2,Dupont-Aignan,62397
3763,2022-04-10,president_a,FRE2,Picardie,2,Hidalgo,32940
3764,2022-04-10,president_a,FRE2,Picardie,2,Jadot,86721
3765,2022-04-10,president_a,FRE2,Picardie,2,Lassalle,69054
3766,2022-04-10,president_a,FRE2,Picardie,2,LePen,1005717
3767,2022-04-10,president_a,FRE2,Picardie,2,Macron,725613
3768,2022-04-10,president_a,FRE2,Picardie,2,Mélenchon,518883
3769,2022-04-10,president_a,FRE2,Picardie,2,Poutou,22116
3770,2022-04-10,president_a,FRE2,Picardie,2,Pécresse,119250
3771,2022-04-10,president_a,FRE2,Picardie,2,Roussel,68184
3772,2022-04-10,president_a,FRE2,Picardie,2,Zemmour,196452
3773,2022-04-10,president_a,FRF1,Alsace,0,eligible_voters,2620900
3774,2022-04-10,president_a,FRF1,Alsace,1,issued_ballots,1964730
3775,2022-04-10,president_a,FRF1,Alsace,2,Arthaud,11904
3776,2022-04-10,president_a,FRF1,Alsace,2,Dupont-Aignan,61508
3777,2022-04-10,president_a,FRF1,Alsace,2,Hidalgo,26458
3778,2022-04-10,president_a,FRF1,Alsace,2,Jadot,95072
3779,2022-04-10,president_a,FRF1,Alsace,2,Lassalle,51430
3780,2022-04-10,president_a,FRF1,Alsace,2,LePen,505640
3781,2022-04-10,president_a,FRF1,Alsace,2,Macron,568634
3782,2022-04-10,president_a,FRF1,Alsace,2,Mélenchon,342586
3783,2022-04-10,president_a,FRF1,Alsace,2,Poutou,14000
3784,2022-04-10,president_a,FRF1,Alsace,2,Pécresse,81612
3785,2022-04-10,president_a,FRF1,Alsace,2,Roussel,23328
3786,2022-04-10,president_a,FRF1,Alsace,2,Zemmour,141484
3787,2022-04-10,president_a,FRF2,Champagne-Ardenne,0,eligible_voters,3607124
3788,2022-04-10,president_a,FRF2,Champagne-Ardenne,1,issued_ballots,2662984
3789,2022-04-10,president_a,FRF2,Champagne-Ardenne,2,Arthaud,18240
3790,2022-04-10,president_a,FRF2,Champagne-Ardenne,2,Dupont-Aignan,62664
3791,2022-04-10,president_a,FRF2,Champagne-Ardenne,2,Hidalgo,33232
3792,2022-04-10,president_a,FRF2,Champagne-Ardenne,2,Jadot,80824
3793,2022-04-10,president_a,FRF2,Champagne-Ardenne,2,Lassalle,72476
3794,2022-04-10,president_a,FRF2,Champagne-Ardenne,2,LePen,862580
3795,2022-04-10,president_a,FRF2,Champagne-Ardenne,2,Macron,681340
3796,2022-04-10,president_a,FRF2,Champagne-Ardenne,2,Mélenchon,403400
3797,2022-04-10,president_a,FRF2,Champagne-Ardenne,2,Poutou,19260
3798,2022-04-10,president_a,FRF2,Champagne-Ardenne,2,Pécresse,134708
3799,2022-04-10,president_a,FRF2,Champagne-Ardenne,2,Roussel,52972
3800,2022-04-10,president_a,FRF2,Champagne-Ardenne,2,Zemmour,184384
3801,2022-04-10,president_a,FRF3,Lorraine,0,eligible_voters,6602756
3802,2022-04-10,president_a,FRF3,Lorraine,1,issued_ballots,4825860
3803,2022-04-10,president_a,FRF3,Lorraine,2,Arthaud,32572
3804,2022-04-10,president_a,FRF3,Lorraine,2,Dupont-Aignan,113984
3805,2022-04-10,president_a,FRF3,Lorraine,2,Hidalgo,73972
3806,2022-04-10,president_a,FRF3,Lorraine,2,Jadot,176844
3807,2022-04-10,president_a,FRF3,Lorraine,2,Lassalle,134420
3808,2022-04-10,president_a,FRF3,Lorraine,2,LePen,1426924
3809,2022-04-10,president_a,FRF3,Lorraine,2,Macron,1230356
3810,2022-04-10,president_a,FRF3,Lorraine,2,Mélenchon,881060
3811,2022-04-10,president_a,FRF3,Lorraine,2,Poutou,41704
3812,2022-04-10,president_a,FRF3,Lorraine,2,Pécresse,185736
3813,2022-04-10,president_a,FRF3,Lorraine,2,Roussel,90060
3814,2022-04-10,president_a,FRF3,Lorraine,2,Zemmour,333672
3815,2022-04-10,president_a,FRG0,Pays de la Loire,0,eligible_voters,14164745
3816,2022-04-10,president_a,FRG0,Pays de la Loire,1,issued_ballots,10904655
3817,2022-04-10,president_a,FRG0,Pays de la Loire,2,Arthaud,69265
3818,2022-04-10,president_a,FRG0,Pays de la Loire,2,Dupont-Aignan,221075
3819,2022-04-10,president_a,FRG0,Pays de la Loire,2,Hidalgo,216455
3820,2022-04-10,president_a,FRG0,Pays de la Loire,2,Jadot,639675
3821,2022-04-10,president_a,FRG0,Pays de la Loire,2,Lassalle,272960
3822,2022-04-10,president_a,FRG0,Pays de la Loire,2,LePen,2210125
3823,2022-04-10,president_a,FRG0,Pays de la Loire,2,Macron,3539450
3824,2022-04-10,president_a,FRG0,Pays de la Loire,2,Mélenchon,2044845
3825,2022-04-10,president_a,FRG0,Pays de la Loire,2,Poutou,92205
3826,2022-04-10,president_a,FRG0,Pays de la Loire,2,Pécresse,533930
3827,2022-04-10,president_a,FRG0,Pays de la Loire,2,Roussel,225290
3828,2022-04-10,president_a,FRG0,Pays de la Loire,2,Zemmour,571940
3829,2022-04-10,president_a,FRH0,Bretagne,0,eligible_voters,10248244
3830,2022-04-10,president_a,FRH0,Bretagne,1,issued_ballots,8074588
3831,2022-04-10,president_a,FRH0,Bretagne,2,Arthaud,51860
3832,2022-04-10,president_a,FRH0,Bretagne,2,Dupont-Aignan,140464
3833,2022-04-10,president_a,FRH0,Bretagne,2,Hidalgo,174384
3834,2022-04-10,president_a,FRH0,Bretagne,2,Jadot,488792
3835,2022-04-10,president_a,FRH0,Bretagne,2,Lassalle,234612
3836,2022-04-10,president_a,FRH0,Bretagne,2,LePen,1541572
3837,2022-04-10,president_a,FRH0,Bretagne,2,Macron,2588688
3838,2022-04-10,president_a,FRH0,Bretagne,2,Mélenchon,1630108
3839,2022-04-10,president_a,FRH0,Bretagne,2,Poutou,79652
3840,2022-04-10,president_a,FRH0,Bretagne,2,Pécresse,371232
3841,2022-04-10,president_a,FRH0,Bretagne,2,Roussel,204772
3842,2022-04-10,president_a,FRH0,Bretagne,2,Zemmour,387936
3843,2022-04-10,president_a,FRI1,Aquitaine,0,eligible_voters,12836430
3844,2022-04-10,president_a,FRI1,Aquitaine,1,issued_ballots,10123605
3845,2022-04-10,president_a,FRI1,Aquitaine,2,Arthaud,43270
3846,2022-04-10,president_a,FRI1,Aquitaine,2,Dupont-Aignan,183280
3847,2022-04-10,president_a,FRI1,Aquitaine,2,Hidalgo,233320
3848,2022-04-10,president_a,FRI1,Aquitaine,2,Jadot,447605
3849,2022-04-10,president_a,FRI1,Aquitaine,2,Lassalle,698645
3850,2022-04-10,president_a,FRI1,Aquitaine,2,LePen,2167865
3851,2022-04-10,president_a,FRI1,Aquitaine,2,Macron,2691740
3852,2022-04-10,president_a,FRI1,Aquitaine,2,Mélenchon,1997255
3853,2022-04-10,president_a,FRI1,Aquitaine,2,Poutou,96755
3854,2022-04-10,president_a,FRI1,Aquitaine,2,Pécresse,420585
3855,2022-04-10,president_a,FRI1,Aquitaine,2,Roussel,268465
3856,2022-04-10,president_a,FRI1,Aquitaine,2,Zemmour,662305
3857,2022-04-10,president_a,FRI2,Limousin,0,eligible_voters,1619160
3858,2022-04-10,president_a,FRI2,Limousin,1,issued_ballots,1271517
3859,2022-04-10,president_a,FRI2,Limousin,2,Arthaud,8496
3860,2022-04-10,president_a,FRI2,Limousin,2,Dupont-Aignan,23187
3861,2022-04-10,president_a,FRI2,Limousin,2,Hidalgo,32700
3862,2022-04-10,president_a,FRI2,Limousin,2,Jadot,44469
3863,2022-04-10,president_a,FRI2,Limousin,2,Lassalle,73275
3864,2022-04-10,president_a,FRI2,Limousin,2,LePen,281361
3865,2022-04-10,president_a,FRI2,Limousin,2,Macron,310854
3866,2022-04-10,president_a,FRI2,Limousin,2,Mélenchon,253641
3867,2022-04-10,president_a,FRI2,Limousin,2,Poutou,10893
3868,2022-04-10,president_a,FRI2,Limousin,2,Pécresse,78639
3869,2022-04-10,president_a,FRI2,Limousin,2,Roussel,50256
3870,2022-04-10,president_a,FRI2,Limousin,2,Zemmour,66927
3871,2022-04-10,president_a,FRI3,Poitou-Charentes,0,eligible_voters,5424140
3872,2022-04-10,president_a,FRI3,Poitou-Charentes,1,issued_ballots,4207928
3873,2022-04-10,president_a,FRI3,Poitou-Charentes,2,Arthaud,28032
3874,2022-04-10,president_a,FRI3,Poitou-Charentes,2,Dupont-Aignan,93040
3875,2022-04-10,president_a,FRI3,Poitou-Charentes,2,Hidalgo,78968
3876,2022-04-10,president_a,FRI3,Poitou-Charentes,2,Jadot,189480
3877,2022-04-10,president_a,FRI3,Poitou-Charentes,2,Lassalle,150288
3878,2022-04-10,president_a,FRI3,Poitou-Charentes,2,LePen,1009356
3879,2022-04-10,president_a,FRI3,Poitou-Charentes,2,Macron,1212624
3880,2022-04-10,president_a,FRI3,Poitou-Charentes,2,Mélenchon,788880
3881,2022-04-10,president_a,FRI3,Poitou-Charentes,2,Poutou,38460
3882,2022-04-10,president_a,FRI3,Poitou-Charentes,2,Pécresse,187500
3883,2022-04-10,president_a,FRI3,Poitou-Charentes,2,Roussel,105304
3884,2022-04-10,president_a,FRI3,Poitou-Charentes,2,Zemmour,222824
3885,2022-04-10,president_a,FRJ1,Languedoc-Roussillon,0,eligible_voters,10521090
3886,2022-04-10,president_a,FRJ1,Languedoc-Roussillon,1,issued_ballots,8066865
3887,2022-04-10,president_a,FRJ1,Languedoc-Roussillon,2,Arthaud,34605
3888,2022-04-10,president_a,FRJ1,Languedoc-Roussillon,2,Dupont-Aignan,149700
3889,2022-04-10,president_a,FRJ1,Languedoc-Roussillon,2,Hidalgo,154795
3890,2022-04-10,president_a,FRJ1,Languedoc-Roussillon,2,Jadot,298385
3891,2022-04-10,president_a,FRJ1,Languedoc-Roussillon,2,Lassalle,330120
3892,2022-04-10,president_a,FRJ1,Languedoc-Roussillon,2,LePen,2248340
3893,2022-04-10,president_a,FRJ1,Languedoc-Roussillon,2,Macron,1697980
3894,2022-04-10,president_a,FRJ1,Languedoc-Roussillon,2,Mélenchon,1731970
3895,2022-04-10,president_a,FRJ1,Languedoc-Roussillon,2,Poutou,56340
3896,2022-04-10,president_a,FRJ1,Languedoc-Roussillon,2,Pécresse,289470
3897,2022-04-10,president_a,FRJ1,Languedoc-Roussillon,2,Roussel,198810
3898,2022-04-10,president_a,FRJ1,Languedoc-Roussillon,2,Zemmour,712970
3899,2022-04-10,president_a,FRJ2,Midi-Pyrénées,0,eligible_voters,17757688
3900,2022-04-10,president_a,FRJ2,Midi-Pyrénées,1,issued_ballots,14160120
3901,2022-04-10,president_a,FRJ2,Midi-Pyrénées,2,Arthaud,63632
3902,2022-04-10,president_a,FRJ2,Midi-Pyrénées,2,Dupont-Aignan,266424
3903,2022-04-10,president_a,FRJ2,Midi-Pyrénées,2,Hidalgo,369320
3904,2022-04-10,president_a,FRJ2,Midi-Pyrénées,2,Jadot,635560
3905,2022-04-10,president_a,FRJ2,Midi-Pyrénées,2,Lassalle,951456
3906,2022-04-10,president_a,FRJ2,Midi-Pyrénées,2,LePen,2925360
3907,2022-04-10,president_a,FRJ2,Midi-Pyrénées,2,Macron,3502784
3908,2022-04-10,president_a,FRJ2,Midi-Pyrénées,2,Mélenchon,3164432
3909,2022-04-10,president_a,FRJ2,Midi-Pyrénées,2,Poutou,100984
3910,2022-04-10,president_a,FRJ2,Midi-Pyrénées,2,Pécresse,569656
3911,2022-04-10,president_a,FRJ2,Midi-Pyrénées,2,Roussel,349520
3912,2022-04-10,president_a,FRJ2,Midi-Pyrénées,2,Zemmour,940264
3913,2022-04-10,president_a,FRK1,Auvergne,0,eligible_voters,4058180
3914,2022-04-10,president_a,FRK1,Auvergne,1,issued_ballots,3172640
3915,2022-04-10,president_a,FRK1,Auvergne,2,Arthaud,21960
3916,2022-04-10,president_a,FRK1,Auvergne,2,Dupont-Aignan,64204
3917,2022-04-10,president_a,FRK1,Auvergne,2,Hidalgo,63188
3918,2022-04-10,president_a,FRK1,Auvergne,2,Jadot,126232
3919,2022-04-10,president_a,FRK1,Auvergne,2,Lassalle,154332
3920,2022-04-10,president_a,FRK1,Auvergne,2,LePen,754784
3921,2022-04-10,president_a,FRK1,Auvergne,2,Macron,829180
3922,2022-04-10,president_a,FRK1,Auvergne,2,Mélenchon,571292
3923,2022-04-10,president_a,FRK1,Auvergne,2,Poutou,26188
3924,2022-04-10,president_a,FRK1,Auvergne,2,Pécresse,176872
3925,2022-04-10,president_a,FRK1,Auvergne,2,Roussel,107284
3926,2022-04-10,president_a,FRK1,Auvergne,2,Zemmour,189680
3927,2022-04-10,president_a,FRK2,Rhône-Alpes,0,eligible_voters,36343920
3928,2022-04-10,president_a,FRK2,Rhône-Alpes,1,issued_ballots,28287080
3929,2022-04-10,president_a,FRK2,Rhône-Alpes,2,Arthaud,141168
3930,2022-04-10,president_a,FRK2,Rhône-Alpes,2,Dupont-Aignan,659160
3931,2022-04-10,president_a,FRK2,Rhône-Alpes,2,Hidalgo,494152
3932,2022-04-10,president_a,FRK2,Rhône-Alpes,2,Jadot,1545216
3933,2022-04-10,president_a,FRK2,Rhône-Alpes,2,Lassalle,782648
3934,2022-04-10,president_a,FRK2,Rhône-Alpes,2,LePen,6035408
3935,2022-04-10,president_a,FRK2,Rhône-Alpes,2,Macron,7741416
3936,2022-04-10,president_a,FRK2,Rhône-Alpes,2,Mélenchon,6036208
3937,2022-04-10,president_a,FRK2,Rhône-Alpes,2,Poutou,192312
3938,2022-04-10,president_a,FRK2,Rhône-Alpes,2,Pécresse,1389304
3939,2022-04-10,president_a,FRK2,Rhône-Alpes,2,Roussel,556656
3940,2022-04-10,president_a,FRK2,Rhône-Alpes,2,Zemmour,2123688
3941,2022-04-10,president_a,FRL0,Provence-Alpes-Côte d’Azur,0,eligible_voters,21983226
3942,2022-04-10,president_a,FRL0,Provence-Alpes-Côte d’Azur,1,issued_ballots,16225776
3943,2022-04-10,president_a,FRL0,Provence-Alpes-Côte d’Azur,2,Arthaud,56742
3944,2022-04-10,president_a,FRL0,Provence-Alpes-Côte d’Azur,2,Dupont-Aignan,361116
3945,2022-04-10,president_a,FRL0,Provence-Alpes-Côte d’Azur,2,Hidalgo,177006
3946,2022-04-10,president_a,FRL0,Provence-Alpes-Côte d’Azur,2,Jadot,645750
3947,2022-04-10,president_a,FRL0,Provence-Alpes-Côte d’Azur,2,Lassalle,436980
3948,2022-04-10,president_a,FRL0,Provence-Alpes-Côte d’Azur,2,LePen,4392468
3949,2022-04-10,president_a,FRL0,Provence-Alpes-Côte d’Azur,2,Macron,3715632
3950,2022-04-10,president_a,FRL0,Provence-Alpes-Côte d’Azur,2,Mélenchon,3145266
3951,2022-04-10,president_a,FRL0,Provence-Alpes-Côte d’Azur,2,Poutou,97314
3952,2022-04-10,president_a,FRL0,Provence-Alpes-Côte d’Azur,2,Pécresse,696564
3953,2022-04-10,president_a,FRL0,Provence-Alpes-Côte d’Azur,2,Roussel,328308
3954,2022-04-10,president_a,FRL0,Provence-Alpes-Côte d’Azur,2,Zemmour,1864302
3955,2022-04-10,president_a,FRM0,Corse,0,eligible_voters,486064
3956,2022-04-10,president_a,FRM0,Corse,1,issued_ballots,304806
3957,2022-04-10,president_a,FRM0,Corse,2,Arthaud,908
3958,2022-04-10,president_a,FRM0,Corse,2,Dupont-Aignan,5178
3959,2022-04-10,president_a,FRM0,Corse,2,Hidalgo,3166
3960,2022-04-10,president_a,FRM0,Corse,2,Jadot,9572
3961,2022-04-10,president_a,FRM0,Corse,2,Lassalle,30660
3962,2022-04-10,president_a,FRM0,Corse,2,LePen,84274
3963,2022-04-10,president_a,FRM0,Corse,2,Macron,53410
3964,2022-04-10,president_a,FRM0,Corse,2,Mélenchon,39396
3965,2022-04-10,president_a,FRM0,Corse,2,Poutou,2740
3966,2022-04-10,president_a,FRM0,Corse,2,Pécresse,18654
3967,2022-04-10,president_a,FRM0,Corse,2,Roussel,9074
3968,2022-04-10,president_a,FRM0,Corse,2,Zemmour,37712
3969,2022-04-10,president_a,FRY1,Guadeloupe,0,eligible_voters,340437
3970,2022-04-10,president_a,FRY1,Guadeloupe,1,issued_ballots,150033
3971,2022-04-10,president_a,FRY1,Guadeloupe,2,Arthaud,1125
3972,2022-04-10,president_a,FRY1,Guadeloupe,2,Dupont-Aignan,2453
3973,2022-04-10,president_a,FRY1,Guadeloupe,2,Hidalgo,2358
3974,2022-04-10,president_a,FRY1,Guadeloupe,2,Jadot,2174
3975,2022-04-10,president_a,FRY1,Guadeloupe,2,Lassalle,1241
3976,2022-04-10,president_a,FRY1,Guadeloupe,2,LePen,25649
3977,2022-04-10,president_a,FRY1,Guadeloupe,2,Macron,20207
3978,2022-04-10,president_a,FRY1,Guadeloupe,2,Mélenchon,78216
3979,2022-04-10,president_a,FRY1,Guadeloupe,2,Poutou,776
3980,2022-04-10,president_a,FRY1,Guadeloupe,2,Pécresse,4333
3981,2022-04-10,president_a,FRY1,Guadeloupe,2,Roussel,716
3982,2022-04-10,president_a,FRY1,Guadeloupe,2,Zemmour,4205
3983,2022-04-10,president_a,FRY2,Martinique ,0,eligible_voters,304594
3984,2022-04-10,president_a,FRY2,Martinique ,1,issued_ballots,130006
3985,2022-04-10,president_a,FRY2,Martinique ,2,Arthaud,1447
3986,2022-04-10,president_a,FRY2,Martinique ,2,Dupont-Aignan,2989
3987,2022-04-10,president_a,FRY2,Martinique ,2,Hidalgo,3935
3988,2022-04-10,president_a,FRY2,Martinique ,2,Jadot,1978
3989,2022-04-10,president_a,FRY2,Martinique ,2,Lassalle,1162
3990,2022-04-10,president_a,FRY2,Martinique ,2,LePen,16495
3991,2022-04-10,president_a,FRY2,Martinique ,2,Macron,20043
3992,2022-04-10,president_a,FRY2,Martinique ,2,Mélenchon,65292
3993,2022-04-10,president_a,FRY2,Martinique ,2,Poutou,977
3994,2022-04-10,president_a,FRY2,Martinique ,2,Pécresse,4731
3995,2022-04-10,president_a,FRY2,Martinique ,2,Roussel,747
3996,2022-04-10,president_a,FRY2,Martinique ,2,Zemmour,3153
3997,2022-04-10,president_a,FRY3,Guyane,0,eligible_voters,102993
3998,2022-04-10,president_a,FRY3,Guyane,1,issued_ballots,37239
3999,2022-04-10,president_a,FRY3,Guyane,2,Arthaud,297
4000,2022-04-10,president_a,FRY3,Guyane,2,Dupont-Aignan,717
4001,2022-04-10,president_a,FRY3,Guyane,2,Hidalgo,535
4002,2022-04-10,president_a,FRY3,Guyane,2,Jadot,940
4003,2022-04-10,president_a,FRY3,Guyane,2,Lassalle,516
4004,2022-04-10,president_a,FRY3,Guyane,2,LePen,6334
4005,2022-04-10,president_a,FRY3,Guyane,2,Macron,5101
4006,2022-04-10,president_a,FRY3,Guyane,2,Mélenchon,18143
4007,2022-04-10,president_a,FRY3,Guyane,2,Poutou,462
4008,2022-04-10,president_a,FRY3,Guyane,2,Pécresse,997
4009,2022-04-10,president_a,FRY3,Guyane,2,Roussel,246
4010,2022-04-10,president_a,FRY3,Guyane,2,Zemmour,1573
4011,2022-04-10,president_a,FRY4,La Réunion ,0,eligible_voters,675539
4012,2022-04-10,president_a,FRY4,La Réunion ,1,issued_ballots,362380
4013,2022-04-10,president_a,FRY4,La Réunion ,2,Arthaud,3538
4014,2022-04-10,president_a,FRY4,La Réunion ,2,Dupont-Aignan,8338
4015,2022-04-10,president_a,FRY4,La Réunion ,2,Hidalgo,5549
4016,2022-04-10,president_a,FRY4,La Réunion ,2,Jadot,7994
4017,2022-04-10,president_a,FRY4,La Réunion ,2,Lassalle,4844
4018,2022-04-10,president_a,FRY4,La Réunion ,2,LePen,85770
4019,2022-04-10,president_a,FRY4,La Réunion ,2,Macron,62542
4020,2022-04-10,president_a,FRY4,La Réunion ,2,Mélenchon,139604
4021,2022-04-10,president_a,FRY4,La Réunion ,2,Poutou,2705
4022,2022-04-10,president_a,FRY4,La Réunion ,2,Pécresse,9738
4023,2022-04-10,president_a,FRY4,La Réunion ,2,Roussel,3074
4024,2022-04-10,president_a,FRY4,La Réunion ,2,Zemmour,13070
4025,2022-04-10,president_a,FRY5,Mayotte,0,eligible_voters,92187
4026,2022-04-10,president_a,FRY5,Mayotte,1,issued_ballots,37163
4027,2022-04-10,president_a,FRY5,Mayotte,2,Arthaud,430
4028,2022-04-10,president_a,FRY5,Mayotte,2,Dupont-Aignan,530
4029,2022-04-10,president_a,FRY5,Mayotte,2,Hidalgo,318
4030,2022-04-10,president_a,FRY5,Mayotte,2,Jadot,295
4031,2022-04-10,president_a,FRY5,Mayotte,2,Lassalle,359
4032,2022-04-10,president_a,FRY5,Mayotte,2,LePen,14958
4033,2022-04-10,president_a,FRY5,Mayotte,2,Macron,5936
4034,2022-04-10,president_a,FRY5,Mayotte,2,Mélenchon,8398
4035,2022-04-10,president_a,FRY5,Mayotte,2,Poutou,328
4036,2022-04-10,president_a,FRY5,Mayotte,2,Pécresse,2810
4037,2022-04-10,president_a,FRY5,Mayotte,2,Roussel,206
4038,2022-04-10,president_a,FRY5,Mayotte,2,Zemmour,482
4039,2022-04-24,president_b,FR10,Ile-de-France,0,eligible_voters,58825064
4040,2022-04-24,president_b,FR10,Ile-de-France,1,issued_ballots,41543888
4041,2022-04-24,president_b,FR10,Ile-de-France,2,LePen,10330672
4042,2022-04-24,president_b,FR10,Ile-de-France,2,Macron,27956008
4043,2022-04-24,president_b,FRB0,Centre — Val de Loire,0,eligible_voters,11026044
4044,2022-04-24,president_b,FRB0,Centre — Val de Loire,1,issued_ballots,8240496
4045,2022-04-24,president_b,FRB0,Centre — Val de Loire,2,LePen,3267348
4046,2022-04-24,president_b,FRB0,Centre — Val de Loire,2,Macron,4234224
4047,2022-04-24,president_b,FRC1,Bourgogne,0,eligible_voters,4648116
4048,2022-04-24,president_b,FRC1,Bourgogne,1,issued_ballots,3469400
4049,2022-04-24,president_b,FRC1,Bourgogne,2,LePen,1474700
4050,2022-04-24,president_b,FRC1,Bourgogne,2,Macron,1672516
4051,2022-04-24,president_b,FRC2,Franche-Comté,0,eligible_voters,3322112
4052,2022-04-24,president_b,FRC2,Franche-Comté,1,issued_ballots,2494684
4053,2022-04-24,president_b,FRC2,Franche-Comté,2,LePen,1069944
4054,2022-04-24,president_b,FRC2,Franche-Comté,2,Macron,1183392
4055,2022-04-24,president_b,FRD1,Basse-Normandie ,0,eligible_voters,3307257
4056,2022-04-24,president_b,FRD1,Basse-Normandie ,1,issued_ballots,2538873
4057,2022-04-24,president_b,FRD1,Basse-Normandie ,2,LePen,950415
4058,2022-04-24,president_b,FRD1,Basse-Normandie ,2,Macron,1373007
4059,2022-04-24,president_b,FRD2,Haute-Normandie ,0,eligible_voters,2623852
4060,2022-04-24,president_b,FRD2,Haute-Normandie ,1,issued_ballots,1968734
4061,2022-04-24,president_b,FRD2,Haute-Normandie ,2,LePen,847570
4062,2022-04-24,president_b,FRD2,Haute-Normandie ,2,Macron,957794
4063,2022-04-24,president_b,FRE1,Nord-Pas de Calais,0,eligible_voters,5817170
4064,2022-04-24,president_b,FRE1,Nord-Pas de Calais,1,issued_ballots,4227426
4065,2022-04-24,president_b,FRE1,Nord-Pas de Calais,2,LePen,2006876
4066,2022-04-24,president_b,FRE1,Nord-Pas de Calais,2,Macron,1914460
4067,2022-04-24,president_b,FRE2,Picardie,0,eligible_voters,4043253
4068,2022-04-24,president_b,FRE2,Picardie,1,issued_ballots,3018507
4069,2022-04-24,president_b,FRE2,Picardie,2,LePen,1510416
4070,2022-04-24,president_b,FRE2,Picardie,2,Macron,1277946
4071,2022-04-24,president_b,FRF1,Alsace,0,eligible_voters,2621824
4072,2022-04-24,president_b,FRF1,Alsace,1,issued_ballots,1944134
4073,2022-04-24,president_b,FRF1,Alsace,2,LePen,785478
4074,2022-04-24,president_b,FRF1,Alsace,2,Macron,1022368
4075,2022-04-24,president_b,FRF2,Champagne-Ardenne,0,eligible_voters,3607928
4076,2022-04-24,president_b,FRF2,Champagne-Ardenne,1,issued_ballots,2682416
4077,2022-04-24,president_b,FRF2,Champagne-Ardenne,2,LePen,1285188
4078,2022-04-24,president_b,FRF2,Champagne-Ardenne,2,Macron,1192752
4079,2022-04-24,president_b,FRF3,Lorraine,0,eligible_voters,6604644
4080,2022-04-24,president_b,FRF3,Lorraine,1,issued_ballots,4818844
4081,2022-04-24,president_b,FRF3,Lorraine,2,LePen,2194088
4082,2022-04-24,president_b,FRF3,Lorraine,2,Macron,2249060
4083,2022-04-24,president_b,FRG0,Pays de la Loire,0,eligible_voters,14169240
4084,2022-04-24,president_b,FRG0,Pays de la Loire,1,issued_ballots,10823640
4085,2022-04-24,president_b,FRG0,Pays de la Loire,2,LePen,3463155
4086,2022-04-24,president_b,FRG0,Pays de la Loire,2,Macron,6408290
4087,2022-04-24,president_b,FRH0,Bretagne,0,eligible_voters,10251056
4088,2022-04-24,president_b,FRH0,Bretagne,1,issued_ballots,7985980
4089,2022-04-24,president_b,FRH0,Bretagne,2,LePen,2413636
4090,2022-04-24,president_b,FRH0,Bretagne,2,Macron,4808808
4091,2022-04-24,president_b,FRI1,Aquitaine,0,eligible_voters,12836610
4092,2022-04-24,president_b,FRI1,Aquitaine,1,issued_ballots,9748965
4093,2022-04-24,president_b,FRI1,Aquitaine,2,LePen,3599210
4094,2022-04-24,president_b,FRI1,Aquitaine,2,Macron,5125240
4095,2022-04-24,president_b,FRI2,Limousin,0,eligible_voters,1619298
4096,2022-04-24,president_b,FRI2,Limousin,1,issued_ballots,1226967
4097,2022-04-24,president_b,FRI2,Limousin,2,LePen,460641
4098,2022-04-24,president_b,FRI2,Limousin,2,Macron,606465
4099,2022-04-24,president_b,FRI3,Poitou-Charentes,0,eligible_voters,5423112
4100,2022-04-24,president_b,FRI3,Poitou-Charentes,1,issued_ballots,4098876
4101,2022-04-24,president_b,FRI3,Poitou-Charentes,2,LePen,1555728
4102,2022-04-24,president_b,FRI3,Poitou-Charentes,2,Macron,2159028
4103,2022-04-24,president_b,FRJ1,Languedoc-Roussillon,0,eligible_voters,10523200
4104,2022-04-24,president_b,FRJ1,Languedoc-Roussillon,1,issued_ballots,7778635
4105,2022-04-24,president_b,FRJ1,Languedoc-Roussillon,2,LePen,3604345
4106,2022-04-24,president_b,FRJ1,Languedoc-Roussillon,2,Macron,3440800
4107,2022-04-24,president_b,FRJ2,Midi-Pyrénées,0,eligible_voters,17759704
4108,2022-04-24,president_b,FRJ2,Midi-Pyrénées,1,issued_ballots,13568376
4109,2022-04-24,president_b,FRJ2,Midi-Pyrénées,2,LePen,4962152
4110,2022-04-24,president_b,FRJ2,Midi-Pyrénées,2,Macron,7071360
4111,2022-04-24,president_b,FRK1,Auvergne,0,eligible_voters,4058220
4112,2022-04-24,president_b,FRK1,Auvergne,1,issued_ballots,3075192
4113,2022-04-24,president_b,FRK1,Auvergne,2,LePen,1207312
4114,2022-04-24,president_b,FRK1,Auvergne,2,Macron,1534000
4115,2022-04-24,president_b,FRK2,Rhône-Alpes,0,eligible_voters,36355272
4116,2022-04-24,president_b,FRK2,Rhône-Alpes,1,issued_ballots,26940088
4117,2022-04-24,president_b,FRK2,Rhône-Alpes,2,LePen,9711112
4118,2022-04-24,president_b,FRK2,Rhône-Alpes,2,Macron,14943136
4119,2022-04-24,president_b,FRL0,Provence-Alpes-Côte d’Azur,0,eligible_voters,21988608
4120,2022-04-24,president_b,FRL0,Provence-Alpes-Côte d’Azur,1,issued_ballots,15940200
4121,2022-04-24,president_b,FRL0,Provence-Alpes-Côte d’Azur,2,LePen,7426902
4122,2022-04-24,president_b,FRL0,Provence-Alpes-Côte d’Azur,2,Macron,7285116
4123,2022-04-24,president_b,FRM0,Corse,0,eligible_voters,486000
4124,2022-04-24,president_b,FRM0,Corse,1,issued_ballots,295804
4125,2022-04-24,president_b,FRM0,Corse,2,LePen,155442
4126,2022-04-24,president_b,FRM0,Corse,2,Macron,112190
4127,2022-04-24,president_b,FRY1,Guadeloupe,0,eligible_voters,340376
4128,2022-04-24,president_b,FRY1,Guadeloupe,1,issued_ballots,158385
4129,2022-04-24,president_b,FRY1,Guadeloupe,2,LePen,96893
4130,2022-04-24,president_b,FRY1,Guadeloupe,2,Macron,44079
4131,2022-04-24,president_b,FRY2,Martinique ,0,eligible_voters,304670
4132,2022-04-24,president_b,FRY2,Martinique ,1,issued_ballots,138469
4133,2022-04-24,president_b,FRY2,Martinique ,2,LePen,73000
4134,2022-04-24,president_b,FRY2,Martinique ,2,Macron,46918
4135,2022-04-24,president_b,FRY3,Guyane,0,eligible_voters,103058
4136,2022-04-24,president_b,FRY3,Guyane,1,issued_ballots,40088
4137,2022-04-24,president_b,FRY3,Guyane,2,LePen,21437
4138,2022-04-24,president_b,FRY3,Guyane,2,Macron,13834
4139,2022-04-24,president_b,FRY4,La Réunion ,0,eligible_voters,676080
4140,2022-04-24,president_b,FRY4,La Réunion ,1,issued_ballots,401492
4141,2022-04-24,president_b,FRY4,La Réunion ,2,LePen,216967
4142,2022-04-24,president_b,FRY4,La Réunion ,2,Macron,147297
4143,2022-04-24,president_b,FRY5,Mayotte,0,eligible_voters,92421
4144,2022-04-24,president_b,FRY5,Mayotte,1,issued_ballots,42044
4145,2022-04-24,president_b,FRY5,Mayotte,2,LePen,22694
4146,2022-04-24,president_b,FRY5,Mayotte,2,Macron,15708
4147,2024-06-09,european,FR10,Ile-de-France,0,eligible_voters,60090840
4148,2024-06-09,european,FR10,Ile-de-France,1,issued_ballots,31866440
4149,2024-06-09,european,FR10,Ile-de-France,2,LCOM,616072
4150,2024-06-09,european,FR10,Ile-de-France,2,LDIV,1088400
4151,2024-06-09,european,FR10,Ile-de-France,2,LDVD,240808
4152,2024-06-09,european,FR10,Ile-de-France,2,LDVG,97608
4153,2024-06-09,european,FR10,Ile-de-France,2,LECO,601160
4154,2024-06-09,european,FR10,Ile-de-France,2,LENS,4850744
4155,2024-06-09,european,FR10,Ile-de-France,2,LEXD,258352
4156,2024-06-09,european,FR10,Ile-de-France,2,LEXG,186464
4157,2024-06-09,european,FR10,Ile-de-France,2,LFI,5813704
4158,2024-06-09,european,FR10,Ile-de-France,2,LLR,2769064
4159,2024-06-09,european,FR10,Ile-de-France,2,LREC,1781888
4160,2024-06-09,european,FR10,Ile-de-France,2,LRN,5883008
4161,2024-06-09,european,FR10,Ile-de-France,2,LUG,4939936
4162,2024-06-09,european,FR10,Ile-de-France,2,LVEC,2183904
4163,2024-06-09,european,FRB0,Centre — Val de Loire,0,eligible_voters,11087634
4164,2024-06-09,european,FRB0,Centre — Val de Loire,1,issued_ballots,5868480
4165,2024-06-09,european,FRB0,Centre — Val de Loire,2,LCOM,144642
4166,2024-06-09,european,FRB0,Centre — Val de Loire,2,LDIV,198060
4167,2024-06-09,european,FRB0,Centre — Val de Loire,2,LDVD,147138
4168,2024-06-09,european,FRB0,Centre — Val de Loire,2,LDVG,14124
4169,2024-06-09,european,FRB0,Centre — Val de Loire,2,LECO,114372
4170,2024-06-09,european,FRB0,Centre — Val de Loire,2,LENS,856338
4171,2024-06-09,european,FRB0,Centre — Val de Loire,2,LEXD,53124
4172,2024-06-09,european,FRB0,Centre — Val de Loire,2,LEXG,44988
4173,2024-06-09,european,FRB0,Centre — Val de Loire,2,LFI,420852
4174,2024-06-09,european,FRB0,Centre — Val de Loire,2,LLR,424308
4175,2024-06-09,european,FRB0,Centre — Val de Loire,2,LREC,308016
4176,2024-06-09,european,FRB0,Centre — Val de Loire,2,LRN,1981104
4177,2024-06-09,european,FRB0,Centre — Val de Loire,2,LUG,711588
4178,2024-06-09,european,FRB0,Centre — Val de Loire,2,LVEC,251514
4179,2024-06-09,european,FRC1,Bourgogne,0,eligible_voters,4655288
4180,2024-06-09,european,FRC1,Bourgogne,1,issued_ballots,2574400
4181,2024-06-09,european,FRC1,Bourgogne,2,LCOM,59992
4182,2024-06-09,european,FRC1,Bourgogne,2,LDIV,90880
4183,2024-06-09,european,FRC1,Bourgogne,2,LDVD,73364
4184,2024-06-09,european,FRC1,Bourgogne,2,LDVG,7148
4185,2024-06-09,european,FRC1,Bourgogne,2,LECO,44364
4186,2024-06-09,european,FRC1,Bourgogne,2,LENS,350984
4187,2024-06-09,european,FRC1,Bourgogne,2,LEXD,24552
4188,2024-06-09,european,FRC1,Bourgogne,2,LEXG,19316
4189,2024-06-09,european,FRC1,Bourgogne,2,LFI,166712
4190,2024-06-09,european,FRC1,Bourgogne,2,LLR,179132
4191,2024-06-09,european,FRC1,Bourgogne,2,LREC,134560
4192,2024-06-09,european,FRC1,Bourgogne,2,LRN,926988
4193,2024-06-09,european,FRC1,Bourgogne,2,LUG,309900
4194,2024-06-09,european,FRC1,Bourgogne,2,LVEC,104028
4195,2024-06-09,european,FRC2,Franche-Comté,0,eligible_voters,3334468
4196,2024-06-09,european,FRC2,Franche-Comté,1,issued_ballots,1887868
4197,2024-06-09,european,FRC2,Franche-Comté,2,LCOM,37148
4198,2024-06-09,european,FRC2,Franche-Comté,2,LDIV,65296
4199,2024-06-09,european,FRC2,Franche-Comté,2,LDVD,50732
4200,2024-06-09,european,FRC2,Franche-Comté,2,LDVG,4604
4201,2024-06-09,european,FRC2,Franche-Comté,2,LECO,36416
4202,2024-06-09,european,FRC2,Franche-Comté,2,LENS,243080
4203,2024-06-09,european,FRC2,Franche-Comté,2,LEXD,19104
4204,2024-06-09,european,FRC2,Franche-Comté,2,LEXG,14892
4205,2024-06-09,european,FRC2,Franche-Comté,2,LFI,135592
4206,2024-06-09,european,FRC2,Franche-Comté,2,LLR,144412
4207,2024-06-09,european,FRC2,Franche-Comté,2,LREC,94028
4208,2024-06-09,european,FRC2,Franche-Comté,2,LRN,673184
4209,2024-06-09,european,FRC2,Franche-Comté,2,LUG,216616
4210,2024-06-09,european,FRC2,Franche-Comté,2,LVEC,87304
4211,2024-06-09,european,FRD1,Basse-Normandie ,0,eligible_voters,3311382
4212,2024-06-09,european,FRD1,Basse-Normandie ,1,issued_ballots,1794732
4213,2024-06-09,european,FRD1,Basse-Normandie ,2,LCOM,40593
4214,2024-06-09,european,FRD1,Basse-Normandie ,2,LDIV,59157
4215,2024-06-09,european,FRD1,Basse-Normandie ,2,LDVD,55206
4216,2024-06-09,european,FRD1,Basse-Normandie ,2,LDVG,4350
4217,2024-06-09,european,FRD1,Basse-Normandie ,2,LECO,33348
4218,2024-06-09,european,FRD1,Basse-Normandie ,2,LENS,310023
4219,2024-06-09,european,FRD1,Basse-Normandie ,2,LEXD,15006
4220,2024-06-09,european,FRD1,Basse-Normandie ,2,LEXG,13047
4221,2024-06-09,european,FRD1,Basse-Normandie ,2,LFI,103089
4222,2024-06-09,european,FRD1,Basse-Normandie ,2,LLR,133542
4223,2024-06-09,european,FRD1,Basse-Normandie ,2,LREC,82314
4224,2024-06-09,european,FRD1,Basse-Normandie ,2,LRN,550323
4225,2024-06-09,european,FRD1,Basse-Normandie ,2,LUG,252252
4226,2024-06-09,european,FRD1,Basse-Normandie ,2,LVEC,84522
4227,2024-06-09,european,FRD2,Haute-Normandie ,0,eligible_voters,2632924
4228,2024-06-09,european,FRD2,Haute-Normandie ,1,issued_ballots,1392898
4229,2024-06-09,european,FRD2,Haute-Normandie ,2,LCOM,43828
4230,2024-06-09,european,FRD2,Haute-Normandie ,2,LDIV,49056
4231,2024-06-09,european,FRD2,Haute-Normandie ,2,LDVD,31086
4232,2024-06-09,european,FRD2,Haute-Normandie ,2,LDVG,3558
4233,2024-06-09,european,FRD2,Haute-Normandie ,2,LECO,24360
4234,2024-06-09,european,FRD2,Haute-Normandie ,2,LENS,187304
4235,2024-06-09,european,FRD2,Haute-Normandie ,2,LEXD,11346
4236,2024-06-09,european,FRD2,Haute-Normandie ,2,LEXG,10554
4237,2024-06-09,european,FRD2,Haute-Normandie ,2,LFI,104750
4238,2024-06-09,european,FRD2,Haute-Normandie ,2,LLR,84330
4239,2024-06-09,european,FRD2,Haute-Normandie ,2,LREC,61728
4240,2024-06-09,european,FRD2,Haute-Normandie ,2,LRN,520560
4241,2024-06-09,european,FRD2,Haute-Normandie ,2,LUG,166044
4242,2024-06-09,european,FRD2,Haute-Normandie ,2,LVEC,55026
4243,2024-06-09,european,FRE1,Nord-Pas de Calais,0,eligible_voters,5855692
4244,2024-06-09,european,FRE1,Nord-Pas de Calais,1,issued_ballots,2956440
4245,2024-06-09,european,FRE1,Nord-Pas de Calais,2,LCOM,96480
4246,2024-06-09,european,FRE1,Nord-Pas de Calais,2,LDIV,107502
4247,2024-06-09,european,FRE1,Nord-Pas de Calais,2,LDVD,67216
4248,2024-06-09,european,FRE1,Nord-Pas de Calais,2,LDVG,6910
4249,2024-06-09,european,FRE1,Nord-Pas de Calais,2,LECO,55132
4250,2024-06-09,european,FRE1,Nord-Pas de Calais,2,LENS,376074
4251,2024-06-09,european,FRE1,Nord-Pas de Calais,2,LEXD,22772
4252,2024-06-09,european,FRE1,Nord-Pas de Calais,2,LEXG,24000
4253,2024-06-09,european,FRE1,Nord-Pas de Calais,2,LFI,258148
4254,2024-06-09,european,FRE1,Nord-Pas de Calais,2,LLR,168650
4255,2024-06-09,european,FRE1,Nord-Pas de Calais,2,LREC,126938
4256,2024-06-09,european,FRE1,Nord-Pas de Calais,2,LRN,1182336
4257,2024-06-09,european,FRE1,Nord-Pas de Calais,2,LUG,269008
4258,2024-06-09,european,FRE1,Nord-Pas de Calais,2,LVEC,111518
4259,2024-06-09,european,FRE2,Picardie,0,eligible_voters,4060746
4260,2024-06-09,european,FRE2,Picardie,1,issued_ballots,2110824
4261,2024-06-09,european,FRE2,Picardie,2,LCOM,50574
4262,2024-06-09,european,FRE2,Picardie,2,LDIV,76047
4263,2024-06-09,european,FRE2,Picardie,2,LDVD,54990
4264,2024-06-09,european,FRE2,Picardie,2,LDVG,3684
4265,2024-06-09,european,FRE2,Picardie,2,LECO,32007
4266,2024-06-09,european,FRE2,Picardie,2,LENS,255747
4267,2024-06-09,european,FRE2,Picardie,2,LEXD,18219
4268,2024-06-09,european,FRE2,Picardie,2,LEXG,16929
4269,2024-06-09,european,FRE2,Picardie,2,LFI,148959
4270,2024-06-09,european,FRE2,Picardie,2,LLR,133959
4271,2024-06-09,european,FRE2,Picardie,2,LREC,101748
4272,2024-06-09,european,FRE2,Picardie,2,LRN,920379
4273,2024-06-09,european,FRE2,Picardie,2,LUG,170442
4274,2024-06-09,european,FRE2,Picardie,2,LVEC,59793
4275,2024-06-09,european,FRF1,Alsace,0,eligible_voters,2661952
4276,2024-06-09,european,FRF1,Alsace,1,issued_ballots,1415576
4277,2024-06-09,european,FRF1,Alsace,2,LCOM,14450
4278,2024-06-09,european,FRF1,Alsace,2,LDIV,61426
4279,2024-06-09,european,FRF1,Alsace,2,LDVD,19894
4280,2024-06-09,european,FRF1,Alsace,2,LDVG,5152
4281,2024-06-09,european,FRF1,Alsace,2,LECO,33996
4282,2024-06-09,european,FRF1,Alsace,2,LENS,221366
4283,2024-06-09,european,FRF1,Alsace,2,LEXD,16660
4284,2024-06-09,european,FRF1,Alsace,2,LEXG,8336
4285,2024-06-09,european,FRF1,Alsace,2,LFI,117536
4286,2024-06-09,european,FRF1,Alsace,2,LLR,111056
4287,2024-06-09,european,FRF1,Alsace,2,LREC,82854
4288,2024-06-09,european,FRF1,Alsace,2,LRN,458046
4289,2024-06-09,european,FRF1,Alsace,2,LUG,154164
4290,2024-06-09,european,FRF1,Alsace,2,LVEC,71278
4291,2024-06-09,european,FRF2,Champagne-Ardenne,0,eligible_voters,3606656
4292,2024-06-09,european,FRF2,Champagne-Ardenne,1,issued_ballots,1883636
4293,2024-06-09,european,FRF2,Champagne-Ardenne,2,LCOM,34592
4294,2024-06-09,european,FRF2,Champagne-Ardenne,2,LDIV,62672
4295,2024-06-09,european,FRF2,Champagne-Ardenne,2,LDVD,42656
4296,2024-06-09,european,FRF2,Champagne-Ardenne,2,LDVG,3320
4297,2024-06-09,european,FRF2,Champagne-Ardenne,2,LECO,30616
4298,2024-06-09,european,FRF2,Champagne-Ardenne,2,LENS,245300
4299,2024-06-09,european,FRF2,Champagne-Ardenne,2,LEXD,16920
4300,2024-06-09,european,FRF2,Champagne-Ardenne,2,LEXG,12260
4301,2024-06-09,european,FRF2,Champagne-Ardenne,2,LFI,110168
4302,2024-06-09,european,FRF2,Champagne-Ardenne,2,LLR,153772
4303,2024-06-09,european,FRF2,Champagne-Ardenne,2,LREC,97616
4304,2024-06-09,european,FRF2,Champagne-Ardenne,2,LRN,789324
4305,2024-06-09,european,FRF2,Champagne-Ardenne,2,LUG,167836
4306,2024-06-09,european,FRF2,Champagne-Ardenne,2,LVEC,55332
4307,2024-06-09,european,FRF3,Lorraine,0,eligible_voters,6650404
4308,2024-06-09,european,FRF3,Lorraine,1,issued_ballots,3374296
4309,2024-06-09,european,FRF3,Lorraine,2,LCOM,62948
4310,2024-06-09,european,FRF3,Lorraine,2,LDIV,126832
4311,2024-06-09,european,FRF3,Lorraine,2,LDVD,64468
4312,2024-06-09,european,FRF3,Lorraine,2,LDVG,7208
4313,2024-06-09,european,FRF3,Lorraine,2,LECO,65164
4314,2024-06-09,european,FRF3,Lorraine,2,LENS,444904
4315,2024-06-09,european,FRF3,Lorraine,2,LEXD,38784
4316,2024-06-09,european,FRF3,Lorraine,2,LEXG,25472
4317,2024-06-09,european,FRF3,Lorraine,2,LFI,250348
4318,2024-06-09,european,FRF3,Lorraine,2,LLR,218872
4319,2024-06-09,european,FRF3,Lorraine,2,LREC,171716
4320,2024-06-09,european,FRF3,Lorraine,2,LRN,1305080
4321,2024-06-09,european,FRF3,Lorraine,2,LUG,370448
4322,2024-06-09,european,FRF3,Lorraine,2,LVEC,126100
4323,2024-06-09,european,FRG0,Pays de la Loire,0,eligible_voters,14358775
4324,2024-06-09,european,FRG0,Pays de la Loire,1,issued_ballots,7638490
4325,2024-06-09,european,FRG0,Pays de la Loire,2,LCOM,157990
4326,2024-06-09,european,FRG0,Pays de la Loire,2,LDIV,213675
4327,2024-06-09,european,FRG0,Pays de la Loire,2,LDVD,152270
4328,2024-06-09,european,FRG0,Pays de la Loire,2,LDVG,26700
4329,2024-06-09,european,FRG0,Pays de la Loire,2,LECO,175715
4330,2024-06-09,european,FRG0,Pays de la Loire,2,LENS,1322615
4331,2024-06-09,european,FRG0,Pays de la Loire,2,LEXD,64360
4332,2024-06-09,european,FRG0,Pays de la Loire,2,LEXG,60130
4333,2024-06-09,european,FRG0,Pays de la Loire,2,LFI,520175
4334,2024-06-09,european,FRG0,Pays de la Loire,2,LLR,583580
4335,2024-06-09,european,FRG0,Pays de la Loire,2,LREC,347660
4336,2024-06-09,european,FRG0,Pays de la Loire,2,LRN,2038890
4337,2024-06-09,european,FRG0,Pays de la Loire,2,LUG,1190145
4338,2024-06-09,european,FRG0,Pays de la Loire,2,LVEC,524245
4339,2024-06-09,european,FRH0,Bretagne,0,eligible_voters,10366004
4340,2024-06-09,european,FRH0,Bretagne,1,issued_ballots,5916992
4341,2024-06-09,european,FRH0,Bretagne,2,LCOM,146768
4342,2024-06-09,european,FRH0,Bretagne,2,LDIV,181180
4343,2024-06-09,european,FRH0,Bretagne,2,LDVD,133592
4344,2024-06-09,european,FRH0,Bretagne,2,LDVG,27652
4345,2024-06-09,european,FRH0,Bretagne,2,LECO,129152
4346,2024-06-09,european,FRH0,Bretagne,2,LENS,999468
4347,2024-06-09,european,FRH0,Bretagne,2,LEXD,47120
4348,2024-06-09,european,FRH0,Bretagne,2,LEXG,49224
4349,2024-06-09,european,FRH0,Bretagne,2,LFI,406416
4350,2024-06-09,european,FRH0,Bretagne,2,LLR,432272
4351,2024-06-09,european,FRH0,Bretagne,2,LREC,242888
4352,2024-06-09,european,FRH0,Bretagne,2,LRN,1468408
4353,2024-06-09,european,FRH0,Bretagne,2,LUG,1058396
4354,2024-06-09,european,FRH0,Bretagne,2,LVEC,418068
4355,2024-06-09,european,FRI1,Aquitaine,0,eligible_voters,13078285
4356,2024-06-09,european,FRI1,Aquitaine,1,issued_ballots,7329440
4357,2024-06-09,european,FRI1,Aquitaine,2,LCOM,196550
4358,2024-06-09,european,FRI1,Aquitaine,2,LDIV,226225
4359,2024-06-09,european,FRI1,Aquitaine,2,LDVD,367860
4360,2024-06-09,european,FRI1,Aquitaine,2,LDVG,25195
4361,2024-06-09,european,FRI1,Aquitaine,2,LECO,144360
4362,2024-06-09,european,FRI1,Aquitaine,2,LENS,1036335
4363,2024-06-09,european,FRI1,Aquitaine,2,LEXD,66515
4364,2024-06-09,european,FRI1,Aquitaine,2,LEXG,45850
4365,2024-06-09,european,FRI1,Aquitaine,2,LFI,495985
4366,2024-06-09,european,FRI1,Aquitaine,2,LLR,446625
4367,2024-06-09,european,FRI1,Aquitaine,2,LREC,371875
4368,2024-06-09,european,FRI1,Aquitaine,2,LRN,2126535
4369,2024-06-09,european,FRI1,Aquitaine,2,LUG,1157620
4370,2024-06-09,european,FRI1,Aquitaine,2,LVEC,385315
4371,2024-06-09,european,FRI2,Limousin,0,eligible_voters,1622460
4372,2024-06-09,european,FRI2,Limousin,1,issued_ballots,945237
4373,2024-06-09,european,FRI2,Limousin,2,LCOM,39534
4374,2024-06-09,european,FRI2,Limousin,2,LDIV,31098
4375,2024-06-09,european,FRI2,Limousin,2,LDVD,43650
4376,2024-06-09,european,FRI2,Limousin,2,LDVG,2430
4377,2024-06-09,european,FRI2,Limousin,2,LECO,14313
4378,2024-06-09,european,FRI2,Limousin,2,LENS,113025
4379,2024-06-09,european,FRI2,Limousin,2,LEXD,8097
4380,2024-06-09,european,FRI2,Limousin,2,LEXG,7575
4381,2024-06-09,european,FRI2,Limousin,2,LFI,64614
4382,2024-06-09,european,FRI2,Limousin,2,LLR,63612
4383,2024-06-09,european,FRI2,Limousin,2,LREC,39036
4384,2024-06-09,european,FRI2,Limousin,2,LRN,292908
4385,2024-06-09,european,FRI2,Limousin,2,LUG,143001
4386,2024-06-09,european,FRI2,Limousin,2,LVEC,36711
4387,2024-06-09,european,FRI3,Poitou-Charentes,0,eligible_voters,5475680
4388,2024-06-09,european,FRI3,Poitou-Charentes,1,issued_ballots,2944644
4389,2024-06-09,european,FRI3,Poitou-Charentes,2,LCOM,72440
4390,2024-06-09,european,FRI3,Poitou-Charentes,2,LDIV,92084
4391,2024-06-09,european,FRI3,Poitou-Charentes,2,LDVD,99044
4392,2024-06-09,european,FRI3,Poitou-Charentes,2,LDVG,8788
4393,2024-06-09,european,FRI3,Poitou-Charentes,2,LECO,56844
4394,2024-06-09,european,FRI3,Poitou-Charentes,2,LENS,454276
4395,2024-06-09,european,FRI3,Poitou-Charentes,2,LEXD,26320
4396,2024-06-09,european,FRI3,Poitou-Charentes,2,LEXG,21756
4397,2024-06-09,european,FRI3,Poitou-Charentes,2,LFI,177128
4398,2024-06-09,european,FRI3,Poitou-Charentes,2,LLR,187728
4399,2024-06-09,european,FRI3,Poitou-Charentes,2,LREC,136936
4400,2024-06-09,european,FRI3,Poitou-Charentes,2,LRN,912444
4401,2024-06-09,european,FRI3,Poitou-Charentes,2,LUG,432548
4402,2024-06-09,european,FRI3,Poitou-Charentes,2,LVEC,158024
4403,2024-06-09,european,FRJ1,Languedoc-Roussillon,0,eligible_voters,10762910
4404,2024-06-09,european,FRJ1,Languedoc-Roussillon,1,issued_ballots,5926615
4405,2024-06-09,european,FRJ1,Languedoc-Roussillon,2,LCOM,160700
4406,2024-06-09,european,FRJ1,Languedoc-Roussillon,2,LDIV,186850
4407,2024-06-09,european,FRJ1,Languedoc-Roussillon,2,LDVD,150925
4408,2024-06-09,european,FRJ1,Languedoc-Roussillon,2,LDVG,15150
4409,2024-06-09,european,FRJ1,Languedoc-Roussillon,2,LECO,95580
4410,2024-06-09,european,FRJ1,Languedoc-Roussillon,2,LENS,648930
4411,2024-06-09,european,FRJ1,Languedoc-Roussillon,2,LEXD,61955
4412,2024-06-09,european,FRJ1,Languedoc-Roussillon,2,LEXG,31405
4413,2024-06-09,european,FRJ1,Languedoc-Roussillon,2,LFI,529860
4414,2024-06-09,european,FRJ1,Languedoc-Roussillon,2,LLR,287890
4415,2024-06-09,european,FRJ1,Languedoc-Roussillon,2,LREC,347820
4416,2024-06-09,european,FRJ1,Languedoc-Roussillon,2,LRN,2218635
4417,2024-06-09,european,FRJ1,Languedoc-Roussillon,2,LUG,775520
4418,2024-06-09,european,FRJ1,Languedoc-Roussillon,2,LVEC,254320
4419,2024-06-09,european,FRJ2,Midi-Pyrénées,0,eligible_voters,18007000
4420,2024-06-09,european,FRJ2,Midi-Pyrénées,1,issued_ballots,10437800
4421,2024-06-09,european,FRJ2,Midi-Pyrénées,2,LCOM,258696
4422,2024-06-09,european,FRJ2,Midi-Pyrénées,2,LDIV,319616
4423,2024-06-09,european,FRJ2,Midi-Pyrénées,2,LDVD,501040
4424,2024-06-09,european,FRJ2,Midi-Pyrénées,2,LDVG,35496
4425,2024-06-09,european,FRJ2,Midi-Pyrénées,2,LECO,208160
4426,2024-06-09,european,FRJ2,Midi-Pyrénées,2,LENS,1313048
4427,2024-06-09,european,FRJ2,Midi-Pyrénées,2,LEXD,100528
4428,2024-06-09,european,FRJ2,Midi-Pyrénées,2,LEXG,66848
4429,2024-06-09,european,FRJ2,Midi-Pyrénées,2,LFI,884504
4430,2024-06-09,european,FRJ2,Midi-Pyrénées,2,LLR,599928
4431,2024-06-09,european,FRJ2,Midi-Pyrénées,2,LREC,514272
4432,2024-06-09,european,FRJ2,Midi-Pyrénées,2,LRN,2964304
4433,2024-06-09,european,FRJ2,Midi-Pyrénées,2,LUG,1758696
4434,2024-06-09,european,FRJ2,Midi-Pyrénées,2,LVEC,587048
4435,2024-06-09,european,FRK1,Auvergne,0,eligible_voters,4081412
4436,2024-06-09,european,FRK1,Auvergne,1,issued_ballots,2290504
4437,2024-06-09,european,FRK1,Auvergne,2,LCOM,89544
4438,2024-06-09,european,FRK1,Auvergne,2,LDIV,72656
4439,2024-06-09,european,FRK1,Auvergne,2,LDVD,80820
4440,2024-06-09,european,FRK1,Auvergne,2,LDVG,5956
4441,2024-06-09,european,FRK1,Auvergne,2,LECO,38820
4442,2024-06-09,european,FRK1,Auvergne,2,LENS,290864
4443,2024-06-09,european,FRK1,Auvergne,2,LEXD,20080
4444,2024-06-09,european,FRK1,Auvergne,2,LEXG,17276
4445,2024-06-09,european,FRK1,Auvergne,2,LFI,135840
4446,2024-06-09,european,FRK1,Auvergne,2,LLR,200672
4447,2024-06-09,european,FRK1,Auvergne,2,LREC,107792
4448,2024-06-09,european,FRK1,Auvergne,2,LRN,733008
4449,2024-06-09,european,FRK1,Auvergne,2,LUG,304020
4450,2024-06-09,european,FRK1,Auvergne,2,LVEC,96372
4451,2024-06-09,european,FRK2,Rhône-Alpes,0,eligible_voters,36932712
4452,2024-06-09,european,FRK2,Rhône-Alpes,1,issued_ballots,20724816
4453,2024-06-09,european,FRK2,Rhône-Alpes,2,LCOM,391624
4454,2024-06-09,european,FRK2,Rhône-Alpes,2,LDIV,685432
4455,2024-06-09,european,FRK2,Rhône-Alpes,2,LDVD,350656
4456,2024-06-09,european,FRK2,Rhône-Alpes,2,LDVG,72296
4457,2024-06-09,european,FRK2,Rhône-Alpes,2,LECO,449904
4458,2024-06-09,european,FRK2,Rhône-Alpes,2,LENS,2915912
4459,2024-06-09,european,FRK2,Rhône-Alpes,2,LEXD,185216
4460,2024-06-09,european,FRK2,Rhône-Alpes,2,LEXG,118200
4461,2024-06-09,european,FRK2,Rhône-Alpes,2,LFI,2068464
4462,2024-06-09,european,FRK2,Rhône-Alpes,2,LLR,1562520
4463,2024-06-09,european,FRK2,Rhône-Alpes,2,LREC,1162608
4464,2024-06-09,european,FRK2,Rhône-Alpes,2,LRN,6151320
4465,2024-06-09,european,FRK2,Rhône-Alpes,2,LUG,2803024
4466,2024-06-09,european,FRK2,Rhône-Alpes,2,LVEC,1335840
4467,2024-06-09,european,FRL0,Provence-Alpes-Côte d’Azur,0,eligible_voters,22331262
4468,2024-06-09,european,FRL0,Provence-Alpes-Côte d’Azur,1,issued_ballots,11932236
4469,2024-06-09,european,FRL0,Provence-Alpes-Côte d’Azur,2,LCOM,248322
4470,2024-06-09,european,FRL0,Provence-Alpes-Côte d’Azur,2,LDIV,391968
4471,2024-06-09,european,FRL0,Provence-Alpes-Côte d’Azur,2,LDVD,178350
4472,2024-06-09,european,FRL0,Provence-Alpes-Côte d’Azur,2,LDVG,24216
4473,2024-06-09,european,FRL0,Provence-Alpes-Côte d’Azur,2,LECO,211590
4474,2024-06-09,european,FRL0,Provence-Alpes-Côte d’Azur,2,LENS,1429878
4475,2024-06-09,european,FRL0,Provence-Alpes-Côte d’Azur,2,LEXD,128778
4476,2024-06-09,european,FRL0,Provence-Alpes-Côte d’Azur,2,LEXG,52680
4477,2024-06-09,european,FRL0,Provence-Alpes-Côte d’Azur,2,LFI,1129734
4478,2024-06-09,european,FRL0,Provence-Alpes-Côte d’Azur,2,LLR,743166
4479,2024-06-09,european,FRL0,Provence-Alpes-Côte d’Azur,2,LREC,901488
4480,2024-06-09,european,FRL0,Provence-Alpes-Côte d’Azur,2,LRN,4508796
4481,2024-06-09,european,FRL0,Provence-Alpes-Côte d’Azur,2,LUG,1224288
4482,2024-06-09,european,FRL0,Provence-Alpes-Côte d’Azur,2,LVEC,493896
4483,2024-06-09,european,FRM0,Corse,0,eligible_voters,497524
4484,2024-06-09,european,FRM0,Corse,1,issued_ballots,215166
4485,2024-06-09,european,FRM0,Corse,2,LCOM,5128
4486,2024-06-09,european,FRM0,Corse,2,LDIV,6950
4487,2024-06-09,european,FRM0,Corse,2,LDVD,12182
4488,2024-06-09,european,FRM0,Corse,2,LDVG,2008
4489,2024-06-09,european,FRM0,Corse,2,LECO,2448
4490,2024-06-09,european,FRM0,Corse,2,LENS,27980
4491,2024-06-09,european,FRM0,Corse,2,LEXD,2196
4492,2024-06-09,european,FRM0,Corse,2,LEXG,554
4493,2024-06-09,european,FRM0,Corse,2,LFI,8528
4494,2024-06-09,european,FRM0,Corse,2,LLR,14948
4495,2024-06-09,european,FRM0,Corse,2,LREC,17638
4496,2024-06-09,european,FRM0,Corse,2,LRN,85876
4497,2024-06-09,european,FRM0,Corse,2,LUG,19016
4498,2024-06-09,european,FRM0,Corse,2,LVEC,5252
4499,2024-06-09,european,FRY1,Guadeloupe,0,eligible_voters,344179
4500,2024-06-09,european,FRY1,Guadeloupe,1,issued_ballots,46489
4501,2024-06-09,european,FRY1,Guadeloupe,2,LCOM,543
4502,2024-06-09,european,FRY1,Guadeloupe,2,LDIV,1483
4503,2024-06-09,european,FRY1,Guadeloupe,2,LDVD,488
4504,2024-06-09,european,FRY1,Guadeloupe,2,LDVG,3
4505,2024-06-09,european,FRY1,Guadeloupe,2,LECO,1186
4506,2024-06-09,european,FRY1,Guadeloupe,2,LENS,6525
4507,2024-06-09,european,FRY1,Guadeloupe,2,LEXD,694
4508,2024-06-09,european,FRY1,Guadeloupe,2,LEXG,2214
4509,2024-06-09,european,FRY1,Guadeloupe,2,LFI,6017
4510,2024-06-09,european,FRY1,Guadeloupe,2,LLR,1361
4511,2024-06-09,european,FRY1,Guadeloupe,2,LREC,1687
4512,2024-06-09,european,FRY1,Guadeloupe,2,LRN,12776
4513,2024-06-09,european,FRY1,Guadeloupe,2,LUG,5767
4514,2024-06-09,european,FRY1,Guadeloupe,2,LVEC,2128
4515,2024-06-09,european,FRY2,Martinique ,0,eligible_voters,304698
4516,2024-06-09,european,FRY2,Martinique ,1,issued_ballots,37533
4517,2024-06-09,european,FRY2,Martinique ,2,LCOM,590
4518,2024-06-09,european,FRY2,Martinique ,2,LDIV,1552
4519,2024-06-09,european,FRY2,Martinique ,2,LDVD,435
4520,2024-06-09,european,FRY2,Martinique ,2,LDVG,21
4521,2024-06-09,european,FRY2,Martinique ,2,LECO,1032
4522,2024-06-09,european,FRY2,Martinique ,2,LENS,5883
4523,2024-06-09,european,FRY2,Martinique ,2,LEXD,602
4524,2024-06-09,european,FRY2,Martinique ,2,LEXG,1033
4525,2024-06-09,european,FRY2,Martinique ,2,LFI,6368
4526,2024-06-09,european,FRY2,Martinique ,2,LLR,1503
4527,2024-06-09,european,FRY2,Martinique ,2,LREC,1550
4528,2024-06-09,european,FRY2,Martinique ,2,LRN,6149
4529,2024-06-09,european,FRY2,Martinique ,2,LUG,5477
4530,2024-06-09,european,FRY2,Martinique ,2,LVEC,1992
4531,2024-06-09,european,FRY3,Guyane,0,eligible_voters,109017
4532,2024-06-09,european,FRY3,Guyane,1,issued_ballots,10196
4533,2024-06-09,european,FRY3,Guyane,2,LCOM,146
4534,2024-06-09,european,FRY3,Guyane,2,LDIV,585
4535,2024-06-09,european,FRY3,Guyane,2,LDVD,164
4536,2024-06-09,european,FRY3,Guyane,2,LDVG,76
4537,2024-06-09,european,FRY3,Guyane,2,LECO,244
4538,2024-06-09,european,FRY3,Guyane,2,LENS,1010
4539,2024-06-09,european,FRY3,Guyane,2,LEXD,187
4540,2024-06-09,european,FRY3,Guyane,2,LEXG,176
4541,2024-06-09,european,FRY3,Guyane,2,LFI,1774
4542,2024-06-09,european,FRY3,Guyane,2,LLR,402
4543,2024-06-09,european,FRY3,Guyane,2,LREC,507
4544,2024-06-09,european,FRY3,Guyane,2,LRN,2465
4545,2024-06-09,european,FRY3,Guyane,2,LUG,1048
4546,2024-06-09,european,FRY3,Guyane,2,LVEC,837
4547,2024-06-09,european,FRY4,La Réunion ,0,eligible_voters,697195
4548,2024-06-09,european,FRY4,La Réunion ,1,issued_ballots,183830
4549,2024-06-09,european,FRY4,La Réunion ,2,LCOM,3799
4550,2024-06-09,european,FRY4,La Réunion ,2,LDIV,8188
4551,2024-06-09,european,FRY4,La Réunion ,2,LDVD,1793
4552,2024-06-09,european,FRY4,La Réunion ,2,LDVG,821
4553,2024-06-09,european,FRY4,La Réunion ,2,LECO,3148
4554,2024-06-09,european,FRY4,La Réunion ,2,LENS,15323
4555,2024-06-09,european,FRY4,La Réunion ,2,LEXD,3069
4556,2024-06-09,european,FRY4,La Réunion ,2,LEXG,1783
4557,2024-06-09,european,FRY4,La Réunion ,2,LFI,34797
4558,2024-06-09,european,FRY4,La Réunion ,2,LLR,8637
4559,2024-06-09,european,FRY4,La Réunion ,2,LREC,9727
4560,2024-06-09,european,FRY4,La Réunion ,2,LRN,54317
4561,2024-06-09,european,FRY4,La Réunion ,2,LUG,17425
4562,2024-06-09,european,FRY4,La Réunion ,2,LVEC,8487
4563,2024-06-09,european,FRY5,Mayotte,0,eligible_voters,98087
4564,2024-06-09,european,FRY5,Mayotte,1,issued_ballots,19575
4565,2024-06-09,european,FRY5,Mayotte,2,LCOM,179
4566,2024-06-09,european,FRY5,Mayotte,2,LDIV,303
4567,2024-06-09,european,FRY5,Mayotte,2,LDVD,218
4568,2024-06-09,european,FRY5,Mayotte,2,LDVG,7
4569,2024-06-09,european,FRY5,Mayotte,2,LECO,328
4570,2024-06-09,european,FRY5,Mayotte,2,LENS,1169
4571,2024-06-09,european,FRY5,Mayotte,2,LEXD,274
4572,2024-06-09,european,FRY5,Mayotte,2,LEXG,154
4573,2024-06-09,european,FRY5,Mayotte,2,LFI,1845
4574,2024-06-09,european,FRY5,Mayotte,2,LLR,2416
4575,2024-06-09,european,FRY5,Mayotte,2,LREC,898
4576,2024-06-09,european,FRY5,Mayotte,2,LRN,9525
4577,2024-06-09,european,FRY5,Mayotte,2,LUG,460
4578,2024-06-09,european,FRY5,Mayotte,2,LVEC,395
