{"type":"Topology","objects":{"data":{"geometries":[{"properties":{"index":157,"nuts_3_code":"DE111","nuts_3_name":"Stuttgart, Stadtkreis"},"type":"Polygon","arcs":[[-3,-2,1,-1,-14,-31,-8,-7,6,-6]],"id":0},{"properties":{"index":158,"nuts_3_code":"DE112","nuts_3_name":"B\u00f6blingen"},"type":"Polygon","arcs":[[0,-2,1,2,-5,-95,-103,-102,101,-101,-145,-155,-154,153,-153,-15]],"id":1},{"properties":{"index":159,"nuts_3_code":"DE113","nuts_3_name":"Esslingen"},"type":"MultiPolygon","arcs":[[[-13,-12,11,-11,-10,9,-9,97,3,98,-96,4,5,-7,6,7,-30]],[[-100,-99]]],"id":2},{"properties":{"index":160,"nuts_3_code":"DE114","nuts_3_name":"G\u00f6ppingen"},"type":"Polygon","arcs":[[-70,-69,68,-68,-63,-119,-118,117,-98,8,-10,9,10,-12,11,12,-29],[74]],"id":3},{"properties":{"index":161,"nuts_3_code":"DE115","nuts_3_name":"Ludwigsburg"},"type":"MultiPolygon","arcs":[[[-35,-33]],[[-32,13,14,-152,-37]]],"id":4},{"properties":{"index":165,"nuts_3_code":"DE123","nuts_3_name":"Karlsruhe, Landkreis"},"type":"MultiPolygon","arcs":[[[-38,-158,-150,-18,-277,-83,-275,-415,-241,-24]],[[-148,-16]]],"id":5},{"properties":{"index":166,"nuts_3_code":"DE124","nuts_3_name":"Rastatt"},"type":"MultiPolygon","arcs":[[[-149,15,-147,-168,-91,-90,89,-89,16,-278,17],[75],[79],[80],[81],[91],[92]],[[76]],[[77]],[[78]]],"id":6},{"properties":{"index":167,"nuts_3_code":"DE125","nuts_3_name":"Heidelberg, Stadtkreis"},"type":"Polygon","arcs":[[-26,-19]],"id":7},{"properties":{"index":168,"nuts_3_code":"DE126","nuts_3_name":"Mannheim, Stadtkreis"},"type":"Polygon","arcs":[[-27,18,-25,-412,-227,-225,-407,-1360]],"id":8},{"properties":{"index":169,"nuts_3_code":"DE127","nuts_3_name":"Neckar-Odenwald-Kreis"},"type":"MultiPolygon","arcs":[[[-45,-44,-43,-40,-23,-22,21,-21,-1497,-20,-1495,-1379,-61,-60,59,-59]],[[61]]],"id":9},{"properties":{"index":170,"nuts_3_code":"DE128","nuts_3_name":"Rhein-Neckar-Kreis"},"type":"MultiPolygon","arcs":[[[-1496,19]],[[-1501,-1500,-1356,-1498,20,-22,21,22,-39,23,-242,-413,24,25,26,-1359,-1358,-1357,1500],[1362],[1363]]],"id":10},{"properties":{"index":171,"nuts_3_code":"DE129","nuts_3_name":"Pforzheim, Stadtkreis"},"type":"Polygon","arcs":[[27]],"id":11},{"properties":{"index":172,"nuts_3_code":"DE116","nuts_3_name":"Rems-Murr-Kreis"},"type":"Polygon","arcs":[[-48,-47,-46,-71,28,29,30,31,-36,32,-34]],"id":12},{"properties":{"index":173,"nuts_3_code":"DE117","nuts_3_name":"Heilbronn, Stadtkreis"},"type":"Polygon","arcs":[[40]],"id":13},{"properties":{"index":174,"nuts_3_code":"DE118","nuts_3_name":"Heilbronn, Landkreis"},"type":"Polygon","arcs":[[-42,-49,33,34,35,36,-159,37,38,39],[40]],"id":14},{"properties":{"index":175,"nuts_3_code":"DE119","nuts_3_name":"Hohenlohekreis"},"type":"Polygon","arcs":[[-56,-55,54,-54,-53,-52,-51,-50,41,42,43,44,-58]],"id":15},{"properties":{"index":176,"nuts_3_code":"DE11A","nuts_3_name":"Schw\u00e4bisch Hall"},"type":"Polygon","arcs":[[-74,-73,72,-72,45,-47,47,48,-50,50,-52,-53,52,53,-55,54,55,-57,-1799,-1798,1797,-1797]],"id":16},{"properties":{"index":177,"nuts_3_code":"DE11B","nuts_3_name":"Main-Tauber-Kreis"},"type":"Polygon","arcs":[[-1190,-1800,56,57,58,-60,59,60,-1378,-1426,-1524,-1523,1522,-1522],[61]],"id":17},{"properties":{"index":178,"nuts_3_code":"DE11C","nuts_3_name":"Heidenheim"},"type":"MultiPolygon","arcs":[[[-989,-1654,-1653,1652,-1652,-1669,-122,-121,120,-120,62,-67,-66,65,-65]],[[63]]],"id":18},{"properties":{"index":179,"nuts_3_code":"DE11D","nuts_3_name":"Ostalbkreis"},"type":"MultiPolygon","arcs":[[[-1796,-1795,1794,-1794,-990,64,-66,65,66,67,-69,68,69,70,71,-73,72,73]],[[74]]],"id":19},{"properties":{"index":180,"nuts_3_code":"DE121","nuts_3_name":"Baden-Baden, Stadtkreis"},"type":"MultiPolygon","arcs":[[[75],[76],[77],[78]],[[79]],[[80]],[[81]]],"id":20},{"properties":{"index":181,"nuts_3_code":"DE122","nuts_3_name":"Karlsruhe, Stadtkreis"},"type":"Polygon","arcs":[[-276,82]],"id":21},{"properties":{"index":182,"nuts_3_code":"DE133","nuts_3_name":"Emmendingen"},"type":"Polygon","arcs":[[-127,-171,-169,-183,83,-87,-86,-85]],"id":22},{"properties":{"index":183,"nuts_3_code":"DE134","nuts_3_name":"Ortenaukreis"},"type":"MultiPolygon","arcs":[[[-167,-124,-128,84,85,86,87,88,-90,89,90]],[[91]],[[92]]],"id":23},{"properties":{"index":184,"nuts_3_code":"DE13A","nuts_3_name":"Waldshut"},"type":"Polygon","arcs":[[-126,93,-143,-180,-179,178,-178,-177]],"id":24},{"properties":{"index":185,"nuts_3_code":"DE141","nuts_3_name":"Reutlingen"},"type":"MultiPolygon","arcs":[[[-118,-117,-116,115,-115,-1156,-1208,-109,107,-107,-104,94,95,-99,96,97],[98,99]],[[104]],[[105]]],"id":25},{"properties":{"index":186,"nuts_3_code":"DE142","nuts_3_name":"T\u00fcbingen, Landkreis"},"type":"Polygon","arcs":[[-110,161,-161,-146,100,-102,101,102,103],[104],[105],[110]],"id":26},{"properties":{"index":187,"nuts_3_code":"DE143","nuts_3_name":"Zollernalbkreis"},"type":"MultiPolygon","arcs":[[[106,-108,108,-1207,-138,-123,-163,-162,109],[1208]],[[110]]],"id":27},{"properties":{"index":188,"nuts_3_code":"DE144","nuts_3_name":"Ulm, Stadtkreis"},"type":"Polygon","arcs":[[-1683,-114,-113,-112]],"id":28},{"properties":{"index":189,"nuts_3_code":"DE145","nuts_3_name":"Alb-Donau-Kreis"},"type":"Polygon","arcs":[[-1668,-1684,111,-113,113,-1682,-1161,-1160,1159,-1159,-1158,-1157,114,-116,115,116,117,118,119,-121,120,121]],"id":29},{"properties":{"index":190,"nuts_3_code":"DE135","nuts_3_name":"Rottweil"},"type":"Polygon","arcs":[[122,-137,-133,-132,131,-131,-130,-129,123,-166,-165,-164]],"id":30},{"properties":{"index":191,"nuts_3_code":"DE136","nuts_3_name":"Schwarzwald-Baar-Kreis"},"type":"Polygon","arcs":[[-136,-135,134,-134,-140,124,125,-176,-175,174,-174,-173,172,-172,126,127,128,129,130,-132,131,132]],"id":31},{"properties":{"index":192,"nuts_3_code":"DE137","nuts_3_name":"Tuttlingen"},"type":"Polygon","arcs":[[-1206,-141,133,-135,134,135,136,137]],"id":32},{"properties":{"index":193,"nuts_3_code":"DE138","nuts_3_name":"Konstanz"},"type":"MultiPolygon","arcs":[[[-1163,138,139,140,-1205]],[[1163]],[[141]]],"id":33},{"properties":{"index":194,"nuts_3_code":"DE139","nuts_3_name":"L\u00f6rrach"},"type":"Polygon","arcs":[[142,143,-181]],"id":34},{"properties":{"index":195,"nuts_3_code":"DE12A","nuts_3_name":"Calw"},"type":"Polygon","arcs":[[144,145,-160,146,147,148,149,150]],"id":35},{"properties":{"index":196,"nuts_3_code":"DE12B","nuts_3_name":"Enzkreis"},"type":"Polygon","arcs":[[151,152,-154,153,154,155,156,157,158]],"id":36},{"properties":{"index":197,"nuts_3_code":"DE12C","nuts_3_name":"Freudenstadt"},"type":"Polygon","arcs":[[159,160,-162,161,162,163,-165,165,166,167]],"id":37},{"properties":{"index":198,"nuts_3_code":"DE131","nuts_3_name":"Freiburg im Breisgau, Stadtkreis"},"type":"MultiPolygon","arcs":[[[168,-170]],[[183]]],"id":38},{"properties":{"index":199,"nuts_3_code":"DE132","nuts_3_name":"Breisgau-Hochschwarzwald"},"type":"Polygon","arcs":[[169,170,171,-173,172,173,-175,174,175,176,177,-179,178,179,180,181,182],[183]],"id":39},{"properties":{"index":200,"nuts_3_code":"DEA28","nuts_3_name":"Euskirchen"},"type":"Polygon","arcs":[[-189,187,-187,-199,-198,197,-197,-192,184,-555,-932,-931,-930,929,-929,-941,-553]],"id":40},{"properties":{"index":201,"nuts_3_code":"DEA29","nuts_3_name":"Heinsberg"},"type":"Polygon","arcs":[[-860,-938,-557,185,-870,-762]],"id":41},{"properties":{"index":202,"nuts_3_code":"DED53","nuts_3_name":"Nordsachsen"},"type":"MultiPolygon","arcs":[[[-998,1004,-997,-996,995,-995,-716,-818,-959,-947,-955,-424,431,-205,-290]],[[-1005,-1004]]],"id":42},{"properties":{"index":203,"nuts_3_code":"DEE01","nuts_3_name":"Dessau-Ro\u00dflau, Kreisfreie Stadt"},"type":"MultiPolygon","arcs":[[[-294,-293,292,-292,-204,-203,202,-202,-201,200,-200]],[[205]]],"id":43},{"properties":{"index":204,"nuts_3_code":"DEE02","nuts_3_name":"Halle (Saale), Kreisfreie Stadt"},"type":"MultiPolygon","arcs":[[[432]],[[433]]],"id":44},{"properties":{"index":205,"nuts_3_code":"DEA5C","nuts_3_name":"Unna"},"type":"Polygon","arcs":[[-829,-976,-903,-827,-826,-825,-662,-618]],"id":45},{"properties":{"index":206,"nuts_3_code":"DEB11","nuts_3_name":"Koblenz, Kreisfreie Stadt"},"type":"Polygon","arcs":[[-298,-252,-237]],"id":46},{"properties":{"index":207,"nuts_3_code":"DEB12","nuts_3_name":"Ahrweiler"},"type":"Polygon","arcs":[[-250,-239,-193,186,-188,188,-552,-883,-551]],"id":47},{"properties":{"index":208,"nuts_3_code":"DE927","nuts_3_name":"Nienburg (Weser)"},"type":"Polygon","arcs":[[-380,-379,-378,-213,-190,-774,-845,-489]],"id":48},{"properties":{"index":209,"nuts_3_code":"DE928","nuts_3_name":"Schaumburg"},"type":"MultiPolygon","arcs":[[[-212,-211,-210,-209,-208,-857,-856,855,-855,-773,-775,189]],[[215,-215,-214]],[[-217,-216]]],"id":49},{"properties":{"index":210,"nuts_3_code":"DEB23","nuts_3_name":"Eifelkreis Bitburg-Pr\u00fcm"},"type":"Polygon","arcs":[[-196,-195,194,-194,-369,-368,367,-367,-224,-223,-222,190,191]],"id":50},{"properties":{"index":211,"nuts_3_code":"DEB24","nuts_3_name":"Vulkaneifel"},"type":"Polygon","arcs":[[192,-238,-311,-310,309,-309,-372,-371,370,-370,193,-195,194,195,196,-198,197,198]],"id":51},{"properties":{"index":212,"nuts_3_code":"DEE03","nuts_3_name":"Magdeburg, Kreisfreie Stadt"},"type":"Polygon","arcs":[[-449,-229,-446,-233,-230]],"id":52},{"properties":{"index":213,"nuts_3_code":"DEE04","nuts_3_name":"Altmarkkreis Salzwedel"},"type":"Polygon","arcs":[[-234,-621,-478,-477,-253,-286]],"id":53},{"properties":{"index":214,"nuts_3_code":"DEE05","nuts_3_name":"Anhalt-Bitterfeld"},"type":"MultiPolygon","arcs":[[[-295,199,-201,200,201,-203,202,203,-291,204,-432,-431,-441,-440,439,-439,-228,-1124],[205]],[[446]],[[447]]],"id":54},{"properties":{"index":215,"nuts_3_code":"DEB13","nuts_3_name":"Altenkirchen (Westerwald)"},"type":"Polygon","arcs":[[-966,-305,-248,-247,246,-246,-549,-548,547,-547,-546,206,-960]],"id":55},{"properties":{"index":216,"nuts_3_code":"DEB14","nuts_3_name":"Bad Kreuznach"},"type":"Polygon","arcs":[[-508,-244,-274,-273,272,-272,-271,270,-333,-235,-352]],"id":56},{"properties":{"index":217,"nuts_3_code":"DE929","nuts_3_name":"Region Hannover"},"type":"Polygon","arcs":[[-220,-219,-218,-627,-626,-625,-738,-915,-914,913,-913,-858,207,208,209,210,211,212,-377],[213,214,-216],[215,216]],"id":57},{"properties":{"index":218,"nuts_3_code":"DE931","nuts_3_name":"Celle"},"type":"Polygon","arcs":[[-628,217,-219,219,-376,-481,-480,-479],[629]],"id":58},{"properties":{"index":219,"nuts_3_code":"DEB25","nuts_3_name":"Trier-Saarburg"},"type":"Polygon","arcs":[[-236,-610,-534,220,221,222,223,-366],[359]],"id":59},{"properties":{"index":220,"nuts_3_code":"DEB31","nuts_3_name":"Frankenthal (Pfalz), Kreisfreie Stadt"},"type":"Polygon","arcs":[[224,-226,-410,-409,408,-408]],"id":60},{"properties":{"index":221,"nuts_3_code":"DEB32","nuts_3_name":"Kaiserslautern, Kreisfreie Stadt"},"type":"Polygon","arcs":[[-263,-323]],"id":61},{"properties":{"index":222,"nuts_3_code":"DEB33","nuts_3_name":"Landau in der Pfalz, Kreisfreie Stadt"},"type":"MultiPolygon","arcs":[[[404]],[[405]],[[-402,-401,-400,-512,-262]]],"id":62},{"properties":{"index":223,"nuts_3_code":"DEB34","nuts_3_name":"Ludwigshafen am Rhein, Kreisfreie Stadt"},"type":"Polygon","arcs":[[-411,225,226]],"id":63},{"properties":{"index":224,"nuts_3_code":"DEE06","nuts_3_name":"Jerichower Land"},"type":"Polygon","arcs":[[-1008,-1007,1006,-1006,-1127,-1126,1125,-1125,227,-438,228,-450,229,-232,-288,-231,-280],[1136],[1137]],"id":64},{"properties":{"index":225,"nuts_3_code":"DEE07","nuts_3_name":"B\u00f6rde"},"type":"Polygon","arcs":[[-285,-284,-283,-282,281,-281,230,-289,231,232,-445,-245,-694,-622,233]],"id":65},{"properties":{"index":226,"nuts_3_code":"DEB15","nuts_3_name":"Birkenfeld"},"type":"Polygon","arcs":[[234,-332,-331,330,-330,-613,-612,611,-611,235,-365,-364,363,-363,-353]],"id":66},{"properties":{"index":227,"nuts_3_code":"DEB17","nuts_3_name":"Mayen-Koblenz"},"type":"Polygon","arcs":[[-301,-300,299,-299,236,-251,-359,-316,-315,-314,-313,-312,237,238,-249]],"id":67},{"properties":{"index":228,"nuts_3_code":"DE932","nuts_3_name":"Cuxhaven"},"type":"Polygon","arcs":[[396,-392,-391,390,-390,-320,-317,-704,-1270,-1269,-1268,1267,-1267,-1266,239]],"id":68},{"properties":{"index":229,"nuts_3_code":"DE933","nuts_3_name":"Harburg"},"type":"Polygon","arcs":[[-1887,-259,-258,257,-257,-256,255,-255,-384,-318,-386,-1292]],"id":69},{"properties":{"index":230,"nuts_3_code":"DEB35","nuts_3_name":"Mainz, Kreisfreie Stadt"},"type":"Polygon","arcs":[[-1372,-502,-1300]],"id":70},{"properties":{"index":231,"nuts_3_code":"DEB36","nuts_3_name":"Neustadt an der Weinstra\u00dfe, Kreisfreie Stadt"},"type":"Polygon","arcs":[[-404,-261,418,-418]],"id":71},{"properties":{"index":232,"nuts_3_code":"DEB37","nuts_3_name":"Pirmasens, Kreisfreie Stadt"},"type":"Polygon","arcs":[[518]],"id":72},{"properties":{"index":233,"nuts_3_code":"DEB38","nuts_3_name":"Speyer, Kreisfreie Stadt"},"type":"Polygon","arcs":[[240,-414,241]],"id":73},{"properties":{"index":234,"nuts_3_code":"DEB39","nuts_3_name":"Worms, Kreisfreie Stadt"},"type":"Polygon","arcs":[[-423,-260,-243,-1362]],"id":74},{"properties":{"index":235,"nuts_3_code":"DEB3A","nuts_3_name":"Zweibr\u00fccken, Kreisfreie Stadt"},"type":"Polygon","arcs":[[-515,-600]],"id":75},{"properties":{"index":236,"nuts_3_code":"DEB3B","nuts_3_name":"Alzey-Worms"},"type":"Polygon","arcs":[[-1370,242,-264,-269,-268,267,-267,-266,-265,243,-507,-506,505,-505,-504,503,-503]],"id":76},{"properties":{"index":237,"nuts_3_code":"DEE08","nuts_3_name":"Burgenlandkreis"},"type":"MultiPolygon","arcs":[[[-953,-952,951,-951,-1838,-1827,-1999,-1812,-1809,-2045,-2044,2043,-2043,-2029,-427,-426,425,-425]],[[2053]]],"id":77},{"properties":{"index":238,"nuts_3_code":"DEE09","nuts_3_name":"Harz"},"type":"MultiPolygon","arcs":[[[-444,-339,-338,337,-337,-336,-335,347,-334,-2018,-680,-740,-685,244]],[[339]],[[340]],[[341]],[[342]],[[343]],[[344]],[[345]],[[346]],[[-349,-348]],[[349]]],"id":78},{"properties":{"index":239,"nuts_3_code":"DEB18","nuts_3_name":"Neuwied"},"type":"MultiPolygon","arcs":[[[305]],[[245,-247,246,247,-304,-303,302,-302,248,249,-550],[307]],[[306]]],"id":79},{"properties":{"index":240,"nuts_3_code":"DEB1A","nuts_3_name":"Rhein-Lahn-Kreis"},"type":"Polygon","arcs":[[-1638,-1516,-510,-351,250,251,-297]],"id":80},{"properties":{"index":241,"nuts_3_code":"DE934","nuts_3_name":"L\u00fcchow-Dannenberg"},"type":"Polygon","arcs":[[-574,-1169,-287,252,476,-476,-475,474,-474,-254]],"id":81},{"properties":{"index":242,"nuts_3_code":"DE935","nuts_3_name":"L\u00fcneburg, Landkreis"},"type":"MultiPolygon","arcs":[[[-577,-576,575,-575,253,-483,-375,-374,-486,-373,254,-256,255,256,-258,257,258,-1886]],[[483]]],"id":82},{"properties":{"index":243,"nuts_3_code":"DEB3C","nuts_3_name":"Bad D\u00fcrkheim"},"type":"Polygon","arcs":[[259,-422,-421,-420,-419,260,-403,261,-511,-324,262,-322,-270,263],[320]],"id":83},{"properties":{"index":244,"nuts_3_code":"DEB3D","nuts_3_name":"Donnersbergkreis"},"type":"Polygon","arcs":[[264,-266,266,-268,267,268,269,-327,-326,-325,-328,-271,270,271,-273,272,273]],"id":84},{"properties":{"index":245,"nuts_3_code":"DEB3E","nuts_3_name":"Germersheim"},"type":"Polygon","arcs":[[274,275,276,277,278,-398,-416]],"id":85},{"properties":{"index":246,"nuts_3_code":"DEE0D","nuts_3_name":"Stendal"},"type":"MultiPolygon","arcs":[[[-1105,-1011,-1010,1009,-1009,279,280,-282,281,282,-284,284,285,286,-1168]],[[287,288]]],"id":86},{"properties":{"index":247,"nuts_3_code":"DEE0E","nuts_3_name":"Wittenberg"},"type":"Polygon","arcs":[[-1214,-1003,-1002,1001,-1001,-1000,999,-999,289,290,291,-293,292,293,294,-1123]],"id":87},{"properties":{"index":248,"nuts_3_code":"DEF01","nuts_3_name":"Flensburg, Kreisfreie Stadt"},"type":"Polygon","arcs":[[-1952,295]],"id":88},{"properties":{"index":249,"nuts_3_code":"DEB1B","nuts_3_name":"Westerwaldkreis"},"type":"MultiPolygon","arcs":[[[-965,-1634,-1639,296,297,298,-300,299,300,301,-303,302,303,304],[305],[306]],[[307]]],"id":89},{"properties":{"index":250,"nuts_3_code":"DEB1C","nuts_3_name":"Cochem-Zell"},"type":"Polygon","arcs":[[-358,-357,-356,-355,-354,-361,308,-310,309,310,311,-313,313,-315,315]],"id":90},{"properties":{"index":251,"nuts_3_code":"DE936","nuts_3_name":"Osterholz"},"type":"Polygon","arcs":[[-319,-490,-1264,-705,316]],"id":91},{"properties":{"index":252,"nuts_3_code":"DE937","nuts_3_name":"Rotenburg (W\u00fcmme)"},"type":"Polygon","arcs":[[317,-383,-382,-381,-500,-499,498,-498,-497,-496,-495,-494,-493,492,-492,-491,318,319,-389,-388,-387],[384]],"id":92},{"properties":{"index":253,"nuts_3_code":"DEB3F","nuts_3_name":"Kaiserslautern, Landkreis"},"type":"MultiPolygon","arcs":[[[320]],[[321,322,323,-518,-517,516,-516,-598,-329,324,325,326]]],"id":93},{"properties":{"index":254,"nuts_3_code":"DEB3G","nuts_3_name":"Kusel"},"type":"Polygon","arcs":[[327,328,-605,-535,-606,329,-331,330,331,332]],"id":94},{"properties":{"index":255,"nuts_3_code":"DEE0A","nuts_3_name":"Mansfeld-S\u00fcdharz"},"type":"Polygon","arcs":[[-430,-429,428,-428,-2027,-436,-435,-2025,-2024,-437,-2035,-2034,2033,-2033,-2012,-2011,-2010,2009,-2009,333,-348,334,335,336,-338,337,338,-443],[339],[340],[341],[342],[343],[344],[345],[346],[347,348],[349]],"id":95},{"properties":{"index":256,"nuts_3_code":"DEB1D","nuts_3_name":"Rhein-Hunsr\u00fcck-Kreis"},"type":"Polygon","arcs":[[350,-509,351,352,-362,353,354,355,-357,357,358]],"id":96},{"properties":{"index":257,"nuts_3_code":"DEB21","nuts_3_name":"Trier, Kreisfreie Stadt"},"type":"Polygon","arcs":[[359]],"id":97},{"properties":{"index":258,"nuts_3_code":"DEB22","nuts_3_name":"Bernkastel-Wittlich"},"type":"Polygon","arcs":[[360,361,362,-364,363,364,365,366,-368,367,368,369,-371,370,371]],"id":98},{"properties":{"index":259,"nuts_3_code":"DE938","nuts_3_name":"Heidekreis"},"type":"MultiPolygon","arcs":[[[372,-487,373,-485,484,374,-482,375,376,377,378,379,-488,380,381,382,383]],[[384]]],"id":99},{"properties":{"index":260,"nuts_3_code":"DE939","nuts_3_name":"Stade"},"type":"MultiPolygon","arcs":[[[-1293,385,386,387,388,389,-391,390,391,392]],[[1295]],[[393]],[[394]],[[1923,-1924]],[[395]],[[396,-397]]],"id":100},{"properties":{"index":261,"nuts_3_code":"DEB3H","nuts_3_name":"S\u00fcdliche Weinstra\u00dfe"},"type":"Polygon","arcs":[[-417,397,398,-513,399,400,401,402,403],[404],[405]],"id":101},{"properties":{"index":262,"nuts_3_code":"DEB3I","nuts_3_name":"Rhein-Pfalz-Kreis"},"type":"Polygon","arcs":[[-1361,406,407,-409,408,409,410,411,412,413,414,415,416,417,-419,418,419,420,421,422]],"id":102},{"properties":{"index":263,"nuts_3_code":"DEE0B","nuts_3_name":"Saalekreis"},"type":"MultiPolygon","arcs":[[[-432,423,-954,424,-426,425,426,-2028,427,-429,428,429,-442,430,431],[432],[433]],[[434,435,-2026]],[[2023,-2023,436]]],"id":103},{"properties":{"index":264,"nuts_3_code":"DEE0C","nuts_3_name":"Salzlandkreis"},"type":"MultiPolygon","arcs":[[[437,438,-440,439,440,441,442,443,444,445],[446],[447]],[[448,449]]],"id":104},{"properties":{"index":265,"nuts_3_code":"DE80L","nuts_3_name":"Vorpommern-R\u00fcgen"},"type":"MultiPolygon","arcs":[[[450]],[[451]],[[452]],[[-559,-1078,-1152,453,-466,454]],[[455]],[[456]],[[457]],[[458]],[[459]],[[460]],[[461]],[[462]],[[463]],[[464]],[[465,466]],[[467]],[[468]],[[469]]],"id":105},{"properties":{"index":266,"nuts_3_code":"DE80M","nuts_3_name":"Nordwestmecklenburg"},"type":"MultiPolygon","arcs":[[[-1148,-1147,-1146,-1145,1144,-584,586,-583,-582,581,-581,-580,579,-579,-1046,-578,-1884,-1872,-1871,-1870,470]],[[-587,-586,-585]],[[471]],[[472]]],"id":106},{"properties":{"index":267,"nuts_3_code":"DE93A","nuts_3_name":"Uelzen"},"type":"MultiPolygon","arcs":[[[473,-475,474,475,-477,476,477,-629,478,-480,480,481,482],[483]],[[484,-485]],[[485,486]]],"id":107},{"properties":{"index":268,"nuts_3_code":"DE93B","nuts_3_name":"Verden"},"type":"Polygon","arcs":[[487,488,-844,-1258,489,490,491,-493,492,493,494,495,496,497,-499,498,499]],"id":108},{"properties":{"index":269,"nuts_3_code":"DE941","nuts_3_name":"Delmenhorst, Kreisfreie Stadt"},"type":"Polygon","arcs":[[-852,-648,-706,-1262]],"id":109},{"properties":{"index":270,"nuts_3_code":"DE942","nuts_3_name":"Emden, Kreisfreie Stadt"},"type":"Polygon","arcs":[[-526,-525,524,-524,-643,500]],"id":110},{"properties":{"index":271,"nuts_3_code":"DE943","nuts_3_name":"Oldenburg (Oldenburg), Kreisfreie Stadt"},"type":"Polygon","arcs":[[-708,-653,-523]],"id":111},{"properties":{"index":272,"nuts_3_code":"DEB3J","nuts_3_name":"Mainz-Bingen"},"type":"Polygon","arcs":[[-1301,501,-1371,502,-504,503,504,-506,505,506,507,508,509,-1515]],"id":112},{"properties":{"index":273,"nuts_3_code":"DEB3K","nuts_3_name":"S\u00fcdwestpfalz"},"type":"Polygon","arcs":[[510,511,512,513,-601,514,-599,515,-517,516,517],[518]],"id":113},{"properties":{"index":274,"nuts_3_code":"DEA2A","nuts_3_name":"Oberbergischer Kreis"},"type":"Polygon","arcs":[[-900,-961,519,-546,-545,-521,-791,-795,-838]],"id":114},{"properties":{"index":275,"nuts_3_code":"DEA2B","nuts_3_name":"Rheinisch-Bergischer Kreis"},"type":"Polygon","arcs":[[520,-554,-885,-926,-804,-794,-792]],"id":115},{"properties":{"index":276,"nuts_3_code":"DE944","nuts_3_name":"Osnabr\u00fcck, Kreisfreie Stadt"},"type":"Polygon","arcs":[[-669,-697]],"id":116},{"properties":{"index":277,"nuts_3_code":"DE945","nuts_3_name":"Wilhelmshaven, Kreisfreie Stadt"},"type":"Polygon","arcs":[[-591,521]],"id":117},{"properties":{"index":278,"nuts_3_code":"DE946","nuts_3_name":"Ammerland"},"type":"Polygon","arcs":[[522,-652,-588,-637,-594,-709]],"id":118},{"properties":{"index":279,"nuts_3_code":"DE947","nuts_3_name":"Aurich"},"type":"MultiPolygon","arcs":[[[-753,-644,523,-525,524,525,526],[644]],[[527]],[[528]],[[529]],[[530]]],"id":119},{"properties":{"index":280,"nuts_3_code":"DEC01","nuts_3_name":"Regionalverband Saarbr\u00fccken"},"type":"Polygon","arcs":[[-540,-539,-538,-537,-536,-603,531,-542]],"id":120},{"properties":{"index":281,"nuts_3_code":"DEC02","nuts_3_name":"Merzig-Wadern"},"type":"Polygon","arcs":[[-609,-544,532,533]],"id":121},{"properties":{"index":282,"nuts_3_code":"DEC03","nuts_3_name":"Neunkirchen"},"type":"Polygon","arcs":[[534,-604,535,536,537,538,539,-541,-607]],"id":122},{"properties":{"index":283,"nuts_3_code":"DEC04","nuts_3_name":"Saarlouis"},"type":"Polygon","arcs":[[540,541,542,543,-608]],"id":123},{"properties":{"index":284,"nuts_3_code":"DEA2C","nuts_3_name":"Rhein-Sieg-Kreis"},"type":"Polygon","arcs":[[544,545,546,-548,547,548,549,550,-884,551,552,-940,-886,553]],"id":124},{"properties":{"index":285,"nuts_3_code":"DEA2D","nuts_3_name":"St\u00e4dteregion Aachen"},"type":"Polygon","arcs":[[-937,-936,935,-935,-934,933,-933,-932,931,554,555,556],[557]],"id":125},{"properties":{"index":286,"nuts_3_code":"DEA31","nuts_3_name":"Bottrop, Kreisfreie Stadt"},"type":"Polygon","arcs":[[-758,-790,-874,-664]],"id":126},{"properties":{"index":287,"nuts_3_code":"DEA32","nuts_3_name":"Gelsenkirchen, Kreisfreie Stadt"},"type":"Polygon","arcs":[[-836,-821,-760,-663]],"id":127},{"properties":{"index":288,"nuts_3_code":"DE80N","nuts_3_name":"Vorpommern-Greifswald"},"type":"MultiPolygon","arcs":[[[-1257,-1256,1255,-1255,-1073,558,559,-571,560,-564,561]],[[562]],[[563,564]],[[565]],[[566]],[[567]],[[568]],[[569]],[[570,571]],[[572]]],"id":128},{"properties":{"index":289,"nuts_3_code":"DE80O","nuts_3_name":"Ludwigslust-Parchim"},"type":"MultiPolygon","arcs":[[[-1144,-1143,1142,-1142,-1077,-1076,-1075,-1106,-1170,573,574,-576,575,576,-1885,577,-1045,578,-580,579,580,-582,581,582,-587,583,-1145],[584,585,586]],[[1046]]],"id":129},{"properties":{"index":290,"nuts_3_code":"DE948","nuts_3_name":"Cloppenburg"},"type":"Polygon","arcs":[[587,-651,-650,-649,-702,-700,-589,-638]],"id":130},{"properties":{"index":291,"nuts_3_code":"DE949","nuts_3_name":"Emsland"},"type":"Polygon","arcs":[[588,-699,-676,-675,-674,-633,-632,631,-631,589,-641,-640,-639]],"id":131},{"properties":{"index":292,"nuts_3_code":"DE94A","nuts_3_name":"Friesland (DE)"},"type":"MultiPolygon","arcs":[[[590,591,592,-710,593,-636,-751,594]],[[595]],[[596]]],"id":132},{"properties":{"index":293,"nuts_3_code":"DEC05","nuts_3_name":"Saarpfalz-Kreis"},"type":"Polygon","arcs":[[597,598,599,600,601,602,603,604]],"id":133},{"properties":{"index":294,"nuts_3_code":"DEC06","nuts_3_name":"St. Wendel"},"type":"Polygon","arcs":[[605,606,607,608,609,610,-612,611,612]],"id":134},{"properties":{"index":295,"nuts_3_code":"DED21","nuts_3_name":"Dresden, Kreisfreie Stadt"},"type":"Polygon","arcs":[[-723,-722,721,-721,-720,719,-719,-715,-655]],"id":135},{"properties":{"index":296,"nuts_3_code":"DEA33","nuts_3_name":"M\u00fcnster, Kreisfreie Stadt"},"type":"Polygon","arcs":[[-678,-617,-616,615,-615,-670]],"id":136},{"properties":{"index":297,"nuts_3_code":"DEA34","nuts_3_name":"Borken"},"type":"Polygon","arcs":[[-672,-619,-665,-882,-798,613,-634]],"id":137},{"properties":{"index":298,"nuts_3_code":"DEA35","nuts_3_name":"Coesfeld"},"type":"Polygon","arcs":[[614,-616,615,616,-677,-830,617,-668,-667,666,-666,618,-671]],"id":138},{"properties":{"index":299,"nuts_3_code":"DE911","nuts_3_name":"Braunschweig, Kreisfreie Stadt"},"type":"Polygon","arcs":[[-624,-687,-686,-743,-620,-736]],"id":139},{"properties":{"index":300,"nuts_3_code":"DE912","nuts_3_name":"Salzgitter, Kreisfreie Stadt"},"type":"Polygon","arcs":[[-742,-684,-683,-682,-681,-750,-905,-737,619]],"id":140},{"properties":{"index":301,"nuts_3_code":"DE913","nuts_3_name":"Wolfsburg, Kreisfreie Stadt"},"type":"Polygon","arcs":[[-692,-691,-690,-689,-623]],"id":141},{"properties":{"index":302,"nuts_3_code":"DE914","nuts_3_name":"Gifhorn"},"type":"MultiPolygon","arcs":[[[620,621,-693,622,-688,-687,686,623,-739,624,-626,626,627,628]],[[629]]],"id":142},{"properties":{"index":303,"nuts_3_code":"DE94B","nuts_3_name":"Grafschaft Bentheim"},"type":"Polygon","arcs":[[630,-632,631,632,-673,633,634]],"id":143},{"properties":{"index":304,"nuts_3_code":"DE94C","nuts_3_name":"Leer"},"type":"MultiPolygon","arcs":[[[635,636,637,638,639,640,641,642,643,-752]],[[644]],[[645]],[[646]]],"id":144},{"properties":{"index":305,"nuts_3_code":"DE94D","nuts_3_name":"Oldenburg, Landkreis"},"type":"MultiPolygon","arcs":[[[647,-851,-850,849,-849,-703,648,649,650,651,652,-707]],[[852]]],"id":145},{"properties":{"index":306,"nuts_3_code":"DED2C","nuts_3_name":"Bautzen"},"type":"Polygon","arcs":[[-660,-659,658,-658,-657,656,-656,653,-724,654,-714,-713,712,-712,-1066,1064,-1064,-1063,-1062,-1173]],"id":146},{"properties":{"index":307,"nuts_3_code":"DED2D","nuts_3_name":"G\u00f6rlitz"},"type":"Polygon","arcs":[[655,-657,656,657,-659,658,659,-1172,660]],"id":147},{"properties":{"index":308,"nuts_3_code":"DEA36","nuts_3_name":"Recklinghausen"},"type":"Polygon","arcs":[[661,-824,-819,-832,662,-759,663,-873,664,665,-667,666,667]],"id":148},{"properties":{"index":309,"nuts_3_code":"DEA37","nuts_3_name":"Steinfurt"},"type":"Polygon","arcs":[[668,-696,-679,669,670,671,672,673,674,675,-698]],"id":149},{"properties":{"index":310,"nuts_3_code":"DEA38","nuts_3_name":"Warendorf"},"type":"Polygon","arcs":[[-695,-730,-729,728,-728,-978,-831,676,677,678]],"id":150},{"properties":{"index":311,"nuts_3_code":"DE916","nuts_3_name":"Goslar"},"type":"Polygon","arcs":[[679,-2017,-786,-735,-910,-749,680,-682,-683,682,683,-741]],"id":151},{"properties":{"index":312,"nuts_3_code":"DE917","nuts_3_name":"Helmstedt"},"type":"Polygon","arcs":[[684,-748,-747,746,-746,-745,744,-744,685,686,687,688,-690,-691,690,691,692,693]],"id":152},{"properties":{"index":313,"nuts_3_code":"DE94E","nuts_3_name":"Osnabr\u00fcck, Landkreis"},"type":"Polygon","arcs":[[-701,-847,-778,-734,-731,694,695,696,697,698,699]],"id":153},{"properties":{"index":314,"nuts_3_code":"DE94F","nuts_3_name":"Vechta"},"type":"Polygon","arcs":[[-848,700,701,702]],"id":154},{"properties":{"index":315,"nuts_3_code":"DE94G","nuts_3_name":"Wesermarsch"},"type":"Polygon","arcs":[[-1271,703,704,-1263,705,706,707,708,709,710]],"id":155},{"properties":{"index":316,"nuts_3_code":"DED2E","nuts_3_name":"Mei\u00dfen"},"type":"Polygon","arcs":[[-1067,711,-713,712,713,714,-718,-813,-812,-811,715,-994,-993,992,-992]],"id":156},{"properties":{"index":317,"nuts_3_code":"DED2F","nuts_3_name":"S\u00e4chsische Schweiz-Osterzgebirge"},"type":"Polygon","arcs":[[716,-814,717,718,-720,719,720,-722,721,722,723]],"id":157},{"properties":{"index":318,"nuts_3_code":"DED41","nuts_3_name":"Chemnitz, Kreisfreie Stadt"},"type":"Polygon","arcs":[[-766,-891,-817]],"id":158},{"properties":{"index":319,"nuts_3_code":"DEA41","nuts_3_name":"Bielefeld, Kreisfreie Stadt"},"type":"Polygon","arcs":[[-771,-727,-726,725,-725,-732]],"id":159},{"properties":{"index":320,"nuts_3_code":"DEA42","nuts_3_name":"G\u00fctersloh"},"type":"Polygon","arcs":[[-733,724,-726,725,726,-770,-783,-979,727,-729,728,729,730]],"id":160},{"properties":{"index":321,"nuts_3_code":"DEA43","nuts_3_name":"Herford"},"type":"Polygon","arcs":[[-777,-772,731,732,733]],"id":161},{"properties":{"index":322,"nuts_3_code":"DEA44","nuts_3_name":"H\u00f6xter"},"type":"Polygon","arcs":[[922,-922,-921,-986,-1024,-897,-782,-781,780,-780,-769,-768,767,-767]],"id":162},{"properties":{"index":323,"nuts_3_code":"DE918","nuts_3_name":"Northeim"},"type":"MultiPolygon","arcs":[[[734,-785,-987,-921,-920,-919,-918,-917,-911]],[[-982,-784]]],"id":163},{"properties":{"index":324,"nuts_3_code":"DE91A","nuts_3_name":"Peine"},"type":"Polygon","arcs":[[735,736,-904,737,738]],"id":164},{"properties":{"index":325,"nuts_3_code":"DE91B","nuts_3_name":"Wolfenb\u00fcttel"},"type":"MultiPolygon","arcs":[[[739,740,741,742,743,-745,744,745,-747,746,747]],[[748,-909,-908,-907,-906,749]]],"id":165},{"properties":{"index":326,"nuts_3_code":"DE94H","nuts_3_name":"Wittmund"},"type":"MultiPolygon","arcs":[[[750,751,752,753]],[[754]],[[755]]],"id":166},{"properties":{"index":327,"nuts_3_code":"DEA11","nuts_3_name":"D\u00fcsseldorf, Kreisfreie Stadt"},"type":"Polygon","arcs":[[-807,-806,805,-805,-864,-757]],"id":167},{"properties":{"index":328,"nuts_3_code":"DEA12","nuts_3_name":"Duisburg, Kreisfreie Stadt"},"type":"Polygon","arcs":[[-789,-764,-808,756,-863,-761,-878,-877,876,-876]],"id":168},{"properties":{"index":329,"nuts_3_code":"DEA13","nuts_3_name":"Essen, Kreisfreie Stadt"},"type":"Polygon","arcs":[[-820,-841,-810,-763,-787,757,758,759]],"id":169},{"properties":{"index":330,"nuts_3_code":"DEA14","nuts_3_name":"Krefeld, Kreisfreie Stadt"},"type":"Polygon","arcs":[[-879,760,-862,-865]],"id":170},{"properties":{"index":331,"nuts_3_code":"DEA15","nuts_3_name":"M\u00f6nchengladbach, Kreisfreie Stadt"},"type":"Polygon","arcs":[[-861,761,-869]],"id":171},{"properties":{"index":332,"nuts_3_code":"DEA16","nuts_3_name":"M\u00fclheim an der Ruhr, Kreisfreie Stadt"},"type":"Polygon","arcs":[[-788,762,-809,763]],"id":172},{"properties":{"index":333,"nuts_3_code":"DED42","nuts_3_name":"Erzgebirgskreis"},"type":"Polygon","arcs":[[764,-889,-892,765,-816]],"id":173},{"properties":{"index":334,"nuts_3_code":"DEA45","nuts_3_name":"Lippe"},"type":"Polygon","arcs":[[-854,-924,-923,766,-768,767,768,-779,769,770,771,-776,772]],"id":174},{"properties":{"index":335,"nuts_3_code":"DEA46","nuts_3_name":"Minden-L\u00fcbbecke"},"type":"Polygon","arcs":[[773,774,775,776,777,-846]],"id":175},{"properties":{"index":336,"nuts_3_code":"DEA47","nuts_3_name":"Paderborn"},"type":"Polygon","arcs":[[778,779,-781,780,781,-898,-971,782]],"id":176},{"properties":{"index":337,"nuts_3_code":"DE91C","nuts_3_name":"G\u00f6ttingen"},"type":"Polygon","arcs":[[-2016,-2008,-2007,2006,-2006,-2005,2004,-2004,-1041,-1040,-985,-1728,-984,-983,783,-981,784,785]],"id":177},{"properties":{"index":338,"nuts_3_code":"DEA17","nuts_3_name":"Oberhausen, Kreisfreie Stadt"},"type":"Polygon","arcs":[[786,787,788,-875,789]],"id":178},{"properties":{"index":339,"nuts_3_code":"DEA18","nuts_3_name":"Remscheid, Kreisfreie Stadt"},"type":"Polygon","arcs":[[790,791,-793,-796]],"id":179},{"properties":{"index":340,"nuts_3_code":"DEA19","nuts_3_name":"Solingen, Kreisfreie Stadt"},"type":"Polygon","arcs":[[-797,792,793,-803]],"id":180},{"properties":{"index":341,"nuts_3_code":"DEA1A","nuts_3_name":"Wuppertal, Kreisfreie Stadt"},"type":"Polygon","arcs":[[794,795,796,-802,-801,800,-800,-839]],"id":181},{"properties":{"index":342,"nuts_3_code":"DEA1B","nuts_3_name":"Kleve"},"type":"Polygon","arcs":[[797,-881,-872,798]],"id":182},{"properties":{"index":343,"nuts_3_code":"DEA1C","nuts_3_name":"Mettmann"},"type":"Polygon","arcs":[[799,-801,800,801,802,803,-928,-888,-859,804,-806,805,806,807,808,809,-840]],"id":183},{"properties":{"index":344,"nuts_3_code":"DED43","nuts_3_name":"Mittelsachsen"},"type":"Polygon","arcs":[[810,811,812,813,814,815,816,-896,-1828,-950,-949,948,-948,817]],"id":184},{"properties":{"index":345,"nuts_3_code":"DEA51","nuts_3_name":"Bochum, Kreisfreie Stadt"},"type":"Polygon","arcs":[[-835,-834,833,-833,818,-823,-842,819,820]],"id":185},{"properties":{"index":346,"nuts_3_code":"DEA52","nuts_3_name":"Dortmund, Kreisfreie Stadt"},"type":"Polygon","arcs":[[825,821,-843,822,823,824]],"id":186},{"properties":{"index":347,"nuts_3_code":"DEA53","nuts_3_name":"Hagen, Kreisfreie Stadt"},"type":"Polygon","arcs":[[825,826,-902,-837,827]],"id":187},{"properties":{"index":348,"nuts_3_code":"DEA54","nuts_3_name":"Hamm, Kreisfreie Stadt"},"type":"Polygon","arcs":[[-977,828,829,830]],"id":188},{"properties":{"index":349,"nuts_3_code":"DEA55","nuts_3_name":"Herne, Kreisfreie Stadt"},"type":"Polygon","arcs":[[831,832,-834,833,834,835]],"id":189},{"properties":{"index":350,"nuts_3_code":"DEA56","nuts_3_name":"Ennepe-Ruhr-Kreis"},"type":"Polygon","arcs":[[836,-901,837,838,839,840,841,842]],"id":190},{"properties":{"index":351,"nuts_3_code":"DE922","nuts_3_name":"Diepholz"},"type":"Polygon","arcs":[[843,844,845,846,847,848,-850,849,850,851,-1261,-1260,-1259],[852]],"id":191},{"properties":{"index":352,"nuts_3_code":"DE923","nuts_3_name":"Hameln-Pyrmont"},"type":"Polygon","arcs":[[-912,-925,853,854,-856,855,856,857]],"id":192},{"properties":{"index":353,"nuts_3_code":"DEA1D","nuts_3_name":"Rhein-Kreis Neuss"},"type":"Polygon","arcs":[[858,-887,-945,-939,859,860,-868,-867,866,-866,861,862,863]],"id":193},{"properties":{"index":354,"nuts_3_code":"DEA1E","nuts_3_name":"Viersen"},"type":"Polygon","arcs":[[864,865,-867,866,867,868,869,870,871,-880]],"id":194},{"properties":{"index":355,"nuts_3_code":"DEA1F","nuts_3_name":"Wesel"},"type":"Polygon","arcs":[[872,873,874,875,-877,876,877,878,879,880,881]],"id":195},{"properties":{"index":356,"nuts_3_code":"DEA22","nuts_3_name":"Bonn, Kreisfreie Stadt"},"type":"Polygon","arcs":[[882,883]],"id":196},{"properties":{"index":357,"nuts_3_code":"DEA23","nuts_3_name":"K\u00f6ln, Kreisfreie Stadt"},"type":"Polygon","arcs":[[-927,884,885,-946,886,887]],"id":197},{"properties":{"index":358,"nuts_3_code":"DED44","nuts_3_name":"Vogtlandkreis"},"type":"Polygon","arcs":[[888,889,-1558,-1557,1556,-1556,-1813,-1820,-895,-894,893,-893]],"id":198},{"properties":{"index":359,"nuts_3_code":"DED45","nuts_3_name":"Zwickau"},"type":"Polygon","arcs":[[890,891,892,-894,893,894,-1819,-1834,-1833,-1832,-1831,-1830,1829,-1829,895]],"id":199},{"properties":{"index":360,"nuts_3_code":"DEA57","nuts_3_name":"Hochsauerlandkreis"},"type":"Polygon","arcs":[[896,-1023,-1022,1021,-1021,-970,-963,-899,-974,-973,972,-972,897]],"id":200},{"properties":{"index":361,"nuts_3_code":"DEA58","nuts_3_name":"M\u00e4rkischer Kreis"},"type":"MultiPolygon","arcs":[[[963]],[[898,-962,899,900,901,902,-975]]],"id":201},{"properties":{"index":362,"nuts_3_code":"DE925","nuts_3_name":"Hildesheim"},"type":"Polygon","arcs":[[903,904,905,906,907,908,909,910,-916,911,912,-914,913,914]],"id":202},{"properties":{"index":363,"nuts_3_code":"DE926","nuts_3_name":"Holzminden"},"type":"Polygon","arcs":[[915,916,-918,-919,918,919,920,921,-923,922,923,924]],"id":203},{"properties":{"index":364,"nuts_3_code":"DEA24","nuts_3_name":"Leverkusen, Kreisfreie Stadt"},"type":"Polygon","arcs":[[925,926,927]],"id":204},{"properties":{"index":365,"nuts_3_code":"DEA26","nuts_3_name":"D\u00fcren"},"type":"Polygon","arcs":[[928,-930,929,930,931,932,-934,933,934,-936,935,936,937,938,-944,-943,942,-942]],"id":205},{"properties":{"index":366,"nuts_3_code":"DEA27","nuts_3_name":"Rhein-Erft-Kreis"},"type":"Polygon","arcs":[[939,940,941,-943,942,943,944,945]],"id":206},{"properties":{"index":367,"nuts_3_code":"DED51","nuts_3_name":"Leipzig, Kreisfreie Stadt"},"type":"Polygon","arcs":[[-958,-957,956,-956,946]],"id":207},{"properties":{"index":368,"nuts_3_code":"DED52","nuts_3_name":"Leipzig"},"type":"Polygon","arcs":[[947,-949,948,949,-1839,950,-952,951,952,953,954,955,-957,956,957,958]],"id":208},{"properties":{"index":369,"nuts_3_code":"DEA59","nuts_3_name":"Olpe"},"type":"Polygon","arcs":[[-969,-968,967,-967,959,960,961,962],[963]],"id":209},{"properties":{"index":370,"nuts_3_code":"DEA5A","nuts_3_name":"Siegen-Wittgenstein"},"type":"Polygon","arcs":[[-1020,-1646,-1635,964,965,966,-968,967,968,969]],"id":210},{"properties":{"index":371,"nuts_3_code":"DEA5B","nuts_3_name":"Soest"},"type":"Polygon","arcs":[[970,971,-973,972,973,974,975,976,977,978]],"id":211},{"properties":{"index":372,"nuts_3_code":"DE257","nuts_3_name":"Erlangen-H\u00f6chstadt"},"type":"MultiPolygon","arcs":[[[-1486,-1485,1484,-1484,-1185,-1184,1183,-1714,-1702,-980,-1188,-1345,-1344,-1343],[1490],[1354]],[[1185]]],"id":212},{"properties":{"index":373,"nuts_3_code":"DE258","nuts_3_name":"F\u00fcrth, Landkreis"},"type":"Polygon","arcs":[[-1701,-1705,-1704,1703,-1703,-1711,-1228,-1227,1226,-1226,-1784,-1783,1782,-1782,-1189,979]],"id":213},{"properties":{"index":374,"nuts_3_code":"DE733","nuts_3_name":"Hersfeld-Rotenburg"},"type":"MultiPolygon","arcs":[[[-1844,-1741,1741,-1740,-1718,-1012,-1037]],[[-1742,-1743]]],"id":214},{"properties":{"index":375,"nuts_3_code":"DE734","nuts_3_name":"Kassel, Landkreis"},"type":"MultiPolygon","arcs":[[[980,981,982,-1735,-1734,1734,983,-1733,-1732,1731,-1731,-1730,1729,-1729,984,-1040,-1039,-1017,-1016,1015,-1015,-1014,1013,-1013,-1018,985,986]],[[1041]]],"id":215},{"properties":{"index":376,"nuts_3_code":"DE27C","nuts_3_name":"Unterallg\u00e4u"},"type":"MultiPolygon","arcs":[[[-1591,-1761,-1760,1759,-1759,-1758,1757,-1757,-1026,-1192,-1538,-1537,1536,-1536,-1535,1534,-1534,-1154,-1680,-1679,1678,-1678,-1667,-1666,1665,-1665,-1664,-1663]],[[-1155,-1532]],[[1196]]],"id":216},{"properties":{"index":377,"nuts_3_code":"DE27D","nuts_3_name":"Donau-Ries"},"type":"Polygon","arcs":[[-1231,987,1316,-1314,-1543,-1542,1541,-1541,-1583,-1594,-1593,1592,-1592,-1657,1655,-1655,988,989,-1793],[1544]],"id":217},{"properties":{"index":378,"nuts_3_code":"DE226","nuts_3_name":"Kelheim"},"type":"Polygon","arcs":[[-991,-1342,-1341,1340,-1340,-1546,-1312,-1311,1310,-1310,-1166,-1244,-1243,1242,-1242]],"id":218},{"properties":{"index":379,"nuts_3_code":"DE227","nuts_3_name":"Landshut, Landkreis"},"type":"Polygon","arcs":[[-1061,-1094,-1059,-1458,-1457,-1456,-1333,-1332,1331,-1331,-1337,990,-1241],[1699]],"id":219},{"properties":{"index":380,"nuts_3_code":"DE407","nuts_3_name":"Elbe-Elster"},"type":"Polygon","arcs":[[-1110,-1068,991,-993,992,993,994,-996,995,996,-1005,997,998,-1000,999,1000,-1002,1001,1002,-1213],[1003,1004]],"id":220},{"properties":{"index":381,"nuts_3_code":"DE408","nuts_3_name":"Havelland"},"type":"Polygon","arcs":[[-1036,-1027,-1052,-1118,-1048,-1136,-1049,-1128,1005,-1007,1006,1007,1008,-1010,1009,1010,-1104]],"id":221},{"properties":{"index":382,"nuts_3_code":"DE735","nuts_3_name":"Schwalm-Eder-Kreis"},"type":"Polygon","arcs":[[-1038,1011,-1727,-1726,1725,-1725,-1641,-1019,1012,-1014,1013,1014,-1016,1015,1016]],"id":222},{"properties":{"index":383,"nuts_3_code":"DE736","nuts_3_name":"Waldeck-Frankenberg"},"type":"Polygon","arcs":[[1017,1018,-1647,1019,1020,-1022,1021,1022,1023]],"id":223},{"properties":{"index":384,"nuts_3_code":"DE27E","nuts_3_name":"Oberallg\u00e4u"},"type":"Polygon","arcs":[[-1756,-1755,1754,-1754,1024,-1746,-1745,1744,-1744,-1195,-1194,1193,-1193,1025],[1529]],"id":224},{"properties":{"index":385,"nuts_3_code":"DE300","nuts_3_name":"Berlin"},"type":"MultiPolygon","arcs":[[[-1032,-1071,-1111,-1216,-1122,-1053,1026,-1035,-1034,-1033,-1083]],[[1053]]],"id":225},{"properties":{"index":386,"nuts_3_code":"DE228","nuts_3_name":"Passau, Landkreis"},"type":"Polygon","arcs":[[1027,-1769,-1768,1767,-1767,1028,-1057,-1056,1055,-1055,-1771,-1779]],"id":226},{"properties":{"index":387,"nuts_3_code":"DE229","nuts_3_name":"Regen"},"type":"Polygon","arcs":[[-1781,-1777,-1060,-1115,1029]],"id":227},{"properties":{"index":388,"nuts_3_code":"DE409","nuts_3_name":"M\u00e4rkisch-Oderland"},"type":"Polygon","arcs":[[1030,-1050,-1072,1031,-1082,-1081,1080,-1080]],"id":228},{"properties":{"index":389,"nuts_3_code":"DE40A","nuts_3_name":"Oberhavel"},"type":"MultiPolygon","arcs":[[[-1253,-1252,1251,-1251,-1089,1090,-1088,1087,-1087,-1086,-1085,1084,-1084,1032,1033,1034,1035,-1103,-1102,1100,-1100,-1099,-1074]],[[-1091,-1090]],[[1091]]],"id":229},{"properties":{"index":390,"nuts_3_code":"DE737","nuts_3_name":"Werra-Mei\u00dfner-Kreis"},"type":"Polygon","arcs":[[-2003,-2021,-1845,1036,1037,1038,1039,1040],[1041]],"id":230},{"properties":{"index":391,"nuts_3_code":"DE803","nuts_3_name":"Rostock, Kreisfreie Stadt"},"type":"MultiPolygon","arcs":[[[1042,-1150]],[[1043]]],"id":231},{"properties":{"index":392,"nuts_3_code":"DE804","nuts_3_name":"Schwerin, Kreisfreie Stadt"},"type":"Polygon","arcs":[[1044,1045],[1046]],"id":232},{"properties":{"index":393,"nuts_3_code":"DE401","nuts_3_name":"Brandenburg an der Havel, Kreisfreie Stadt"},"type":"MultiPolygon","arcs":[[[-1117,1047]],[[1048,-1135,-1134,-1133,-1132,-1131,-1130,-1129]]],"id":233},{"properties":{"index":394,"nuts_3_code":"DE402","nuts_3_name":"Cottbus, Kreisfreie Stadt"},"type":"Polygon","arcs":[[1178]],"id":234},{"properties":{"index":395,"nuts_3_code":"DE403","nuts_3_name":"Frankfurt (Oder), Kreisfreie Stadt"},"type":"Polygon","arcs":[[-1069,1049,1050]],"id":235},{"properties":{"index":396,"nuts_3_code":"DE404","nuts_3_name":"Potsdam, Kreisfreie Stadt"},"type":"Polygon","arcs":[[-1121,-1120,-1119,1051,1052],[1053]],"id":236},{"properties":{"index":397,"nuts_3_code":"DE22A","nuts_3_name":"Rottal-Inn"},"type":"Polygon","arcs":[[-1772,1054,-1056,1055,1056,1057,-1233,-1459,1058,-1093]],"id":237},{"properties":{"index":398,"nuts_3_code":"DE22B","nuts_3_name":"Straubing-Bogen"},"type":"Polygon","arcs":[[1059,-1776,-1775,1774,-1774,-1097,-1096,-1095,1060,-1240,-1239,1238,-1238,-1116],[1769],[1097]],"id":238},{"properties":{"index":399,"nuts_3_code":"DE40B","nuts_3_name":"Oberspreewald-Lausitz"},"type":"Polygon","arcs":[[-1174,1061,1062,1063,-1065,1065,1066,1067,-1109]],"id":239},{"properties":{"index":400,"nuts_3_code":"DE40C","nuts_3_name":"Oder-Spree"},"type":"Polygon","arcs":[[1068,1069,-1178,1176,-1176,-1108,1070,1071],[1111],[1111]],"id":240},{"properties":{"index":401,"nuts_3_code":"DE80J","nuts_3_name":"Mecklenburgische Seenplatte"},"type":"Polygon","arcs":[[1072,-1254,1073,-1107,1074,1075,1076,-1141,-1140,1139,-1139,1077]],"id":241},{"properties":{"index":402,"nuts_3_code":"DE405","nuts_3_name":"Barnim"},"type":"Polygon","arcs":[[1078,1079,-1081,1080,1081,1082,1083,-1085,1084,1085,1086,-1088,1087,-1091,1088,-1250],[1089,1090],[1091]],"id":242},{"properties":{"index":403,"nuts_3_code":"DE22C","nuts_3_name":"Dingolfing-Landau"},"type":"MultiPolygon","arcs":[[[1092,1093,1094,-1096,1096,-1773]],[[1097]]],"id":243},{"properties":{"index":404,"nuts_3_code":"DE231","nuts_3_name":"Amberg, Kreisfreie Stadt"},"type":"Polygon","arcs":[[1112]],"id":244},{"properties":{"index":405,"nuts_3_code":"DE232","nuts_3_name":"Regensburg, Kreisfreie Stadt"},"type":"Polygon","arcs":[[1247]],"id":245},{"properties":{"index":406,"nuts_3_code":"DE233","nuts_3_name":"Weiden i. d. Opf, Kreisfreie Stadt"},"type":"Polygon","arcs":[[1211]],"id":246},{"properties":{"index":407,"nuts_3_code":"DE40D","nuts_3_name":"Ostprignitz-Ruppin"},"type":"Polygon","arcs":[[1098,1099,1100,1101,1102,1103,1104,-1167,1105,1106]],"id":247},{"properties":{"index":408,"nuts_3_code":"DE406","nuts_3_name":"Dahme-Spreewald"},"type":"MultiPolygon","arcs":[[[1107,-1175,1108,1109,-1219,-1218,-1217,1110]],[[1111]],[[1111]]],"id":248},{"properties":{"index":409,"nuts_3_code":"DE234","nuts_3_name":"Amberg-Sulzbach"},"type":"Polygon","arcs":[[-1284,-1165,-1180,-1397,-1187,-1395,-1394,-1211],[1112]],"id":249},{"properties":{"index":410,"nuts_3_code":"DE235","nuts_3_name":"Cham"},"type":"Polygon","arcs":[[1113,1114,1115,-1237,-1236,1235,-1235,-1281,-1280,1279,-1279]],"id":250},{"properties":{"index":411,"nuts_3_code":"DE40E","nuts_3_name":"Potsdam-Mittelmark"},"type":"MultiPolygon","arcs":[[[1116,1117,1118,-1120,1120,1121,-1215,1122,1123,1124,-1126,1125,1126,1127,1128,-1130,1130,1131,-1133,1133,1134,1135]],[[1136]],[[1137]]],"id":251},{"properties":{"index":412,"nuts_3_code":"DE80K","nuts_3_name":"Landkreis Rostock"},"type":"MultiPolygon","arcs":[[[1138,-1140,1139,1140,1141,-1143,1142,1143,1144,1145,1146,1147,1148,1149,1150,1151]],[[1152]]],"id":252},{"properties":{"index":413,"nuts_3_code":"DE146","nuts_3_name":"Biberach"},"type":"Polygon","arcs":[[-1681,1153,-1533,1154,-1531,-1191,-1200,-1199,1198,-1198,1155,1156,-1158,1158,-1160,1159,1160]],"id":253},{"properties":{"index":414,"nuts_3_code":"DE147","nuts_3_name":"Bodenseekreis"},"type":"Polygon","arcs":[[-1196,-1748,1161,1162,-1204],[1163]],"id":254},{"properties":{"index":415,"nuts_3_code":"DE236","nuts_3_name":"Neumarkt i. d. OPf."},"type":"Polygon","arcs":[[1164,-1283,-1247,-1246,1245,-1245,1165,-1330,-1329,1328,-1328,-1327,1326,-1326,-1225,-1183,-1182,1181,-1181]],"id":255},{"properties":{"index":416,"nuts_3_code":"DE40F","nuts_3_name":"Prignitz"},"type":"Polygon","arcs":[[1166,1167,1168,1169]],"id":256},{"properties":{"index":417,"nuts_3_code":"DE40G","nuts_3_name":"Spree-Nei\u00dfe"},"type":"Polygon","arcs":[[1170,1171,1172,1173,1174,1175,1176,1177],[1178]],"id":257},{"properties":{"index":418,"nuts_3_code":"DE259","nuts_3_name":"N\u00fcrnberger Land"},"type":"MultiPolygon","arcs":[[[1396,1179,1180,-1182,1181,1182,-1224,-1223,1222,-1222,-1221,1220,-1220,-1708,-1184,1183,1184,-1483,-1399,-1398,-1397],[1185],[1706],[-1229,1228]],[[-1396,-1395,1394,1186]]],"id":258},{"properties":{"index":419,"nuts_3_code":"DE25A","nuts_3_name":"Neustadt a. d. Aisch-Bad Windsheim"},"type":"Polygon","arcs":[[-1346,1187,1188,-1807,-1806,-1805,-1804,1803,-1803,-1802,1801,-1801,1189,-1521,-1376]],"id":259},{"properties":{"index":420,"nuts_3_code":"DE148","nuts_3_name":"Ravensburg"},"type":"Polygon","arcs":[[1190,-1539,1191,1192,-1194,1193,1194,-1749,1195,-1203,-1202,1201,-1201],[1196]],"id":260},{"properties":{"index":421,"nuts_3_code":"DE149","nuts_3_name":"Sigmaringen"},"type":"MultiPolygon","arcs":[[[1197,-1199,1198,1199,1200,-1202,1201,1202,1203,1204,1205,1206,1207]],[[1208]]],"id":261},{"properties":{"index":422,"nuts_3_code":"DE237","nuts_3_name":"Neustadt a. d. Waldnaab"},"type":"Polygon","arcs":[[1209,-1287,-1286,1285,-1285,1210,-1393,-1392,1391,-1391,-1290,-1289,1288,-1288],[1211]],"id":262},{"properties":{"index":423,"nuts_3_code":"DE40H","nuts_3_name":"Teltow-Fl\u00e4ming"},"type":"Polygon","arcs":[[1212,1213,1214,1215,1216,1217,1218]],"id":263},{"properties":{"index":424,"nuts_3_code":"DE25B","nuts_3_name":"Roth"},"type":"MultiPolygon","arcs":[[[1219,-1221,1220,1221,-1223,1222,1223,1224,-1325,-1324,1323,-1323,-1230,-1789,-1788,1787,-1787,-1786,1785,-1785,1225,-1227,1226,1227,-1710,-1716,-1709],[1714]],[[1228,-1229]]],"id":264},{"properties":{"index":425,"nuts_3_code":"DE25C","nuts_3_name":"Wei\u00dfenburg-Gunzenhausen"},"type":"Polygon","arcs":[[1229,-1322,-1321,1320,-1320,-1319,1318,-1318,-1317,-1316,1230,-1792,-1791,1790,-1790]],"id":265},{"properties":{"index":426,"nuts_3_code":"DE261","nuts_3_name":"Aschaffenburg, Kreisfreie Stadt"},"type":"Polygon","arcs":[[-1382,-1275]],"id":266},{"properties":{"index":427,"nuts_3_code":"DE262","nuts_3_name":"Schweinfurt, Kreisfreie Stadt"},"type":"Polygon","arcs":[[1445]],"id":267},{"properties":{"index":428,"nuts_3_code":"DE211","nuts_3_name":"Ingolstadt, Kreisfreie Stadt"},"type":"Polygon","arcs":[[-1313,-1550,-1540]],"id":268},{"properties":{"index":429,"nuts_3_code":"DE212","nuts_3_name":"M\u00fcnchen, Kreisfreie Stadt"},"type":"Polygon","arcs":[[-1383,-1277,-1476,-1475,1474,-1474,-1473,-1472]],"id":269},{"properties":{"index":430,"nuts_3_code":"DE213","nuts_3_name":"Rosenheim, Kreisfreie Stadt"},"type":"Polygon","arcs":[[1607]],"id":270},{"properties":{"index":431,"nuts_3_code":"DE214","nuts_3_name":"Alt\u00f6tting"},"type":"Polygon","arcs":[[1231,-1685,-1453,1232]],"id":271},{"properties":{"index":432,"nuts_3_code":"DE215","nuts_3_name":"Berchtesgadener Land"},"type":"Polygon","arcs":[[-1687,1233]],"id":272},{"properties":{"index":433,"nuts_3_code":"DE238","nuts_3_name":"Regensburg, Landkreis"},"type":"Polygon","arcs":[[1234,-1236,1235,1236,1237,-1239,1238,1239,1240,1241,-1243,1242,1243,1244,-1246,1245,1246,-1282],[1247]],"id":273},{"properties":{"index":434,"nuts_3_code":"DE40I","nuts_3_name":"Uckermark"},"type":"Polygon","arcs":[[1248,1249,1250,-1252,1251,1252,1253,1254,-1256,1255,1256]],"id":274},{"properties":{"index":435,"nuts_3_code":"DE501","nuts_3_name":"Bremen, Kreisfreie Stadt"},"type":"MultiPolygon","arcs":[[[1257,1258,-1260,1260,1261,1262,1263]],[[1264,-1273]]],"id":275},{"properties":{"index":436,"nuts_3_code":"DE502","nuts_3_name":"Bremerhaven, Kreisfreie Stadt"},"type":"Polygon","arcs":[[1265,1266,-1268,1267,1268,1269,1270,1271,1272,1273]],"id":276},{"properties":{"index":437,"nuts_3_code":"DE263","nuts_3_name":"W\u00fcrzburg, Kreisfreie Stadt"},"type":"Polygon","arcs":[[1528]],"id":277},{"properties":{"index":438,"nuts_3_code":"DE264","nuts_3_name":"Aschaffenburg, Landkreis"},"type":"Polygon","arcs":[[-1431,-1430,-1429,-1428,-1377,1274,-1381,-1367,-1504,-1408,-1422,-1421,1420,-1420,1430],[1418]],"id":278},{"properties":{"index":439,"nuts_3_code":"DE265","nuts_3_name":"Bad Kissingen"},"type":"MultiPolygon","arcs":[[[-1306,-1305,1304,-1304,-1303,1302,-1302,-1442,-1441,-1440,-1439,-1438,-1425,-1424,1423,-1407,-1737]],[[1306]]],"id":279},{"properties":{"index":440,"nuts_3_code":"DE216","nuts_3_name":"Bad T\u00f6lz-Wolfratshausen"},"type":"Polygon","arcs":[[-1452,-1451,1450,-1450,1275,-1385,-1696,-1610,-1470]],"id":280},{"properties":{"index":441,"nuts_3_code":"DE217","nuts_3_name":"Dachau"},"type":"Polygon","arcs":[[-1339,-1477,1276,-1384,-1577,-1576,1575,-1575,-1548]],"id":281},{"properties":{"index":442,"nuts_3_code":"DE218","nuts_3_name":"Ebersberg"},"type":"Polygon","arcs":[[-1454,-1606,-1605,1604,-1604,-1603,1602,-1602,-1466,-1336,-1335,1334,-1334]],"id":282},{"properties":{"index":443,"nuts_3_code":"DE239","nuts_3_name":"Schwandorf"},"type":"Polygon","arcs":[[1277,1278,-1280,1279,1280,1281,1282,1283,1284,-1286,1285,1286]],"id":283},{"properties":{"index":444,"nuts_3_code":"DE23A","nuts_3_name":"Tirschenreuth"},"type":"MultiPolygon","arcs":[[[1287,-1289,1288,1289,-1390,-1389,1388,-1388,-1626,1290]],[[1400]]],"id":284},{"properties":{"index":445,"nuts_3_code":"DE241","nuts_3_name":"Bamberg, Kreisfreie Stadt"},"type":"Polygon","arcs":[[1353]],"id":285},{"properties":{"index":446,"nuts_3_code":"DE600","nuts_3_name":"Hamburg"},"type":"MultiPolygon","arcs":[[[-1890,1888,-1888,1291,1292,1293,-1921,-1920,1919,-1919,-1962,-1994,1993,-1993,-1987]],[[1294]],[[1295]],[[1296]],[[1297]]],"id":286},{"properties":{"index":447,"nuts_3_code":"DE711","nuts_3_name":"Darmstadt, Kreisfreie Stadt"},"type":"Polygon","arcs":[[-1366,-1506]],"id":287},{"properties":{"index":448,"nuts_3_code":"DE712","nuts_3_name":"Frankfurt am Main, Kreisfreie Stadt"},"type":"Polygon","arcs":[[-1410,-1299,-1510,-1374,-1413,-1412,-1411,-1406,-1569]],"id":288},{"properties":{"index":449,"nuts_3_code":"DE713","nuts_3_name":"Offenbach am Main, Kreisfreie Stadt"},"type":"Polygon","arcs":[[-1511,1298,-1409]],"id":289},{"properties":{"index":450,"nuts_3_code":"DE714","nuts_3_name":"Wiesbaden, Kreisfreie Stadt"},"type":"Polygon","arcs":[[-1415,-1373,1299,1300,-1514]],"id":290},{"properties":{"index":451,"nuts_3_code":"DE266","nuts_3_name":"Rh\u00f6n-Grabfeld"},"type":"Polygon","arcs":[[-2062,-1308,-1443,1301,-1303,1302,1303,-1305,1304,1305,-1736,-1840],[1308],[1306]],"id":291},{"properties":{"index":452,"nuts_3_code":"DE267","nuts_3_name":"Ha\u00dfberge"},"type":"MultiPolygon","arcs":[[[-2061,-1481,-1480,1479,-1479,-1353,-1352,1351,-1351,-1350,1349,-1349,-1348,1347,-1347,-1434,-1447,-1433,-1432,1431,1307],[-1447,1446]],[[1443]],[[1444]],[[1308]]],"id":292},{"properties":{"index":453,"nuts_3_code":"DE219","nuts_3_name":"Eichst\u00e4tt"},"type":"Polygon","arcs":[[1309,-1311,1310,1311,-1553,-1552,1551,-1551,1312,-1544,1313,1314,1315,1316,1317,-1319,1318,1319,-1321,1320,1321,1322,-1324,1323,1324,1325,-1327,1326,1327,-1329,1328,1329]],"id":293},{"properties":{"index":454,"nuts_3_code":"DE21A","nuts_3_name":"Erding"},"type":"Polygon","arcs":[[1330,-1332,1331,1332,-1455,1333,-1335,1334,1335,-1465,-1464,1463,-1463,-1338]],"id":294},{"properties":{"index":455,"nuts_3_code":"DE21B","nuts_3_name":"Freising"},"type":"Polygon","arcs":[[1336,1337,-1462,-1461,1460,-1460,1338,-1547,1339,-1341,1340,1341]],"id":295},{"properties":{"index":456,"nuts_3_code":"DE242","nuts_3_name":"Bayreuth, Kreisfreie Stadt"},"type":"MultiPolygon","arcs":[[[1401]],[[1402]],[[1403]],[[1404]]],"id":296},{"properties":{"index":457,"nuts_3_code":"DE243","nuts_3_name":"Coburg, Kreisfreie Stadt"},"type":"Polygon","arcs":[[1481]],"id":297},{"properties":{"index":458,"nuts_3_code":"DE244","nuts_3_name":"Hof, Kreisfreie Stadt"},"type":"Polygon","arcs":[[1558]],"id":298},{"properties":{"index":459,"nuts_3_code":"DE245","nuts_3_name":"Bamberg, Landkreis"},"type":"MultiPolygon","arcs":[[[-1623,-1622,1621,-1621,-1400,-1487,1342,-1344,1344,1345,-1375,-1435,1346,-1348,1347,1348,-1350,1349,1350,-1352,1351,1352,-1478],[1353]],[[1354]]],"id":299},{"properties":{"index":460,"nuts_3_code":"DE715","nuts_3_name":"Bergstra\u00dfe"},"type":"MultiPolygon","arcs":[[[1355,-1499]],[[-1502,-1501,1356,-1358,1358,1359,1360,1361,-1369,-1365]],[[1362]],[[1363]]],"id":300},{"properties":{"index":461,"nuts_3_code":"DE716","nuts_3_name":"Darmstadt-Dieburg"},"type":"Polygon","arcs":[[-1380,-1503,1364,-1368,1507,-1507,1365,-1505,1366]],"id":301},{"properties":{"index":462,"nuts_3_code":"DE717","nuts_3_name":"Gro\u00df-Gerau"},"type":"Polygon","arcs":[[-1509,-1508,1367,1368,1369,1370,1371,1372,-1414,1373]],"id":302},{"properties":{"index":463,"nuts_3_code":"DE268","nuts_3_name":"Kitzingen"},"type":"Polygon","arcs":[[1374,1375,-1520,-1519,-1518,-1436],[1447]],"id":303},{"properties":{"index":464,"nuts_3_code":"DE269","nuts_3_name":"Miltenberg"},"type":"Polygon","arcs":[[1376,-1427,1377,1378,-1494,-1493,-1492,1379,1380,1381]],"id":304},{"properties":{"index":465,"nuts_3_code":"DE21C","nuts_3_name":"F\u00fcrstenfeldbruck"},"type":"Polygon","arcs":[[1382,-1471,-1612,-1387,-1580,-1579,1578,-1578,1383]],"id":305},{"properties":{"index":466,"nuts_3_code":"DE21D","nuts_3_name":"Garmisch-Partenkirchen"},"type":"Polygon","arcs":[[1384,1385,-1752,-1697]],"id":306},{"properties":{"index":467,"nuts_3_code":"DE21E","nuts_3_name":"Landsberg am Lech"},"type":"Polygon","arcs":[[1386,-1611,-1698,-1750,-1590,-1589,1588,-1588,-1581],[1764]],"id":307},{"properties":{"index":468,"nuts_3_code":"DE246","nuts_3_name":"Bayreuth, Landkreis"},"type":"Polygon","arcs":[[-1627,1387,-1389,1388,1389,1390,-1392,1391,1392,1393,1394,1395,1396,1397,-1399,-1490,-1489,1488,-1488,1399,-1620,-1613,-1555],[1400],[1401],[1402],[1403],[1404]],"id":308},{"properties":{"index":469,"nuts_3_code":"DE718","nuts_3_name":"Hochtaunuskreis"},"type":"Polygon","arcs":[[-1572,-1571,-1570,1405,-1418,-1417,1416,-1416,-1517,-1636,-1633]],"id":309},{"properties":{"index":470,"nuts_3_code":"DE719","nuts_3_name":"Main-Kinzig-Kreis"},"type":"Polygon","arcs":[[-1738,1406,-1424,-1423,1407,-1512,1408,1409,-1568,-1567,1566,-1566,-1565,-1564,-1719]],"id":310},{"properties":{"index":471,"nuts_3_code":"DE71A","nuts_3_name":"Main-Taunus-Kreis"},"type":"Polygon","arcs":[[1410,1411,1412,1413,1414,-1513,1415,-1417,1416,1417]],"id":311},{"properties":{"index":472,"nuts_3_code":"DE26A","nuts_3_name":"Main-Spessart"},"type":"MultiPolygon","arcs":[[[1418]],[[-1431,1419,-1421,1420,1421,1422,1423,1424,-1437,-1527,-1526,1525,-1525,1425,1426,1427,-1429,1429,1430]]],"id":312},{"properties":{"index":473,"nuts_3_code":"DE26B","nuts_3_name":"Schweinfurt, Landkreis"},"type":"MultiPolygon","arcs":[[[-1432,1431,1432,1446,1433,1434,1435,-1528,1436,1437,-1439,1439,-1441,1441,1442],[1443],[1444],[1445]],[[1446,-1447]],[[1447]]],"id":313},{"properties":{"index":474,"nuts_3_code":"DE21F","nuts_3_name":"Miesbach"},"type":"Polygon","arcs":[[1448,1449,-1451,1450,1451,-1469,-1468,1467,-1467,-1600,-1599,1598,-1598,-1597,1596,-1596]],"id":314},{"properties":{"index":475,"nuts_3_code":"DE21G","nuts_3_name":"M\u00fchldorf a. Inn"},"type":"Polygon","arcs":[[1452,-1692,-1607,1453,1454,1455,-1457,1457,1458]],"id":315},{"properties":{"index":476,"nuts_3_code":"DE21H","nuts_3_name":"M\u00fcnchen, Landkreis"},"type":"Polygon","arcs":[[1459,-1461,1460,1461,1462,-1464,1463,1464,1465,-1601,1466,-1468,1467,1468,1469,-1609,1470,1471,1472,1473,-1475,1474,1475,1476]],"id":316},{"properties":{"index":477,"nuts_3_code":"DE247","nuts_3_name":"Coburg, Landkreis"},"type":"Polygon","arcs":[[-1880,-1879,-1878,-1563,-1624,1477,1478,-1480,1479,1480,-2060,-2059,2058,-2058],[1481]],"id":317},{"properties":{"index":478,"nuts_3_code":"DE248","nuts_3_name":"Forchheim"},"type":"MultiPolygon","arcs":[[[1482,1483,-1485,1484,1485,1486,1487,-1489,1488,1489]],[[1490]]],"id":318},{"properties":{"index":479,"nuts_3_code":"DE71B","nuts_3_name":"Odenwaldkreis"},"type":"Polygon","arcs":[[1491,-1493,1493,1494,1495,1496,1497,1498,1499,1500,1501,1502]],"id":319},{"properties":{"index":480,"nuts_3_code":"DE71C","nuts_3_name":"Offenbach, Landkreis"},"type":"Polygon","arcs":[[1503,1504,1505,1506,-1508,1507,1508,1509,1510,1511]],"id":320},{"properties":{"index":481,"nuts_3_code":"DE71D","nuts_3_name":"Rheingau-Taunus-Kreis"},"type":"Polygon","arcs":[[1512,1513,1514,1515,-1637,1516]],"id":321},{"properties":{"index":482,"nuts_3_code":"DE26C","nuts_3_name":"W\u00fcrzburg, Landkreis"},"type":"Polygon","arcs":[[1517,-1519,1519,1520,1521,-1523,1522,1523,1524,-1526,1525,1526,1527],[1528]],"id":322},{"properties":{"index":483,"nuts_3_code":"DE271","nuts_3_name":"Augsburg, Kreisfreie Stadt"},"type":"Polygon","arcs":[[-1582,-1586]],"id":323},{"properties":{"index":484,"nuts_3_code":"DE272","nuts_3_name":"Kaufbeuren, Kreisfreie Stadt"},"type":"Polygon","arcs":[[1763]],"id":324},{"properties":{"index":485,"nuts_3_code":"DE273","nuts_3_name":"Kempten (Allg\u00e4u), Kreisfreie Stadt"},"type":"Polygon","arcs":[[1529]],"id":325},{"properties":{"index":486,"nuts_3_code":"DE274","nuts_3_name":"Memmingen, Kreisfreie Stadt"},"type":"Polygon","arcs":[[1530,1531,1532,1533,-1535,1534,1535,-1537,1536,1537,1538]],"id":326},{"properties":{"index":487,"nuts_3_code":"DE21I","nuts_3_name":"Neuburg-Schrobenhausen"},"type":"MultiPolygon","arcs":[[[1539,-1549,-1584,1540,-1542,1541,1542,1543]],[[1544]]],"id":327},{"properties":{"index":488,"nuts_3_code":"DE21J","nuts_3_name":"Pfaffenhofen a. d. Ilm"},"type":"Polygon","arcs":[[1545,1546,1547,-1574,1548,1549,1550,-1552,1551,1552]],"id":328},{"properties":{"index":489,"nuts_3_code":"DE249","nuts_3_name":"Hof, Landkreis"},"type":"Polygon","arcs":[[1553,-1630,-1629,1628,-1628,1554,-1617,-1562,-1561,1560,-1560,-1814,1555,-1557,1556,1557],[1558]],"id":329},{"properties":{"index":490,"nuts_3_code":"DE24A","nuts_3_name":"Kronach"},"type":"Polygon","arcs":[[-1815,1559,-1561,1560,1561,-1616,-1615,1614,-1614,-1618,1562,-1877,-1865,-1864,1863,-1863]],"id":330},{"properties":{"index":491,"nuts_3_code":"DE71E","nuts_3_name":"Wetteraukreis"},"type":"Polygon","arcs":[[1563,1564,1565,-1567,1566,1567,1568,1569,-1571,1571,-1632,-1573,-1722,-1721,1720,-1720]],"id":331},{"properties":{"index":492,"nuts_3_code":"DE721","nuts_3_name":"Gie\u00dfen, Landkreis"},"type":"Polygon","arcs":[[1572,-1631,-1644,-1643,1648,-1642,-1723],[-1649,-1648]],"id":332},{"properties":{"index":493,"nuts_3_code":"DE275","nuts_3_name":"Aichach-Friedberg"},"type":"Polygon","arcs":[[1573,1574,-1576,1575,1576,1577,-1579,1578,1579,1580,-1587,1581,-1585,1582,1583]],"id":333},{"properties":{"index":494,"nuts_3_code":"DE276","nuts_3_name":"Augsburg, Landkreis"},"type":"Polygon","arcs":[[1584,1585,1586,1587,-1589,1588,1589,-1762,1590,-1662,-1661,1660,-1660,-1651,1657,-1650,1591,-1593,1592,1593],[-1658,-1659]],"id":334},{"properties":{"index":495,"nuts_3_code":"DE21K","nuts_3_name":"Rosenheim, Landkreis"},"type":"MultiPolygon","arcs":[[[-1691,-1690,1689,-1689,1594,1595,-1597,1596,1597,-1599,1598,1599,1600,1601,-1603,1602,1603,-1605,1604,1605,1606],[1607]],[[1692]],[[1693]],[[1694]]],"id":335},{"properties":{"index":496,"nuts_3_code":"DE21L","nuts_3_name":"Starnberg"},"type":"Polygon","arcs":[[1608,1609,-1699,1610,1611]],"id":336},{"properties":{"index":497,"nuts_3_code":"DE24B","nuts_3_name":"Kulmbach"},"type":"Polygon","arcs":[[1612,-1619,1613,-1615,1614,1615,1616]],"id":337},{"properties":{"index":498,"nuts_3_code":"DE24C","nuts_3_name":"Lichtenfels"},"type":"Polygon","arcs":[[1617,1618,1619,1620,-1622,1621,1622,1623]],"id":338},{"properties":{"index":499,"nuts_3_code":"DE24D","nuts_3_name":"Wunsiedel i. Fichtelgebirge"},"type":"Polygon","arcs":[[1624,1625,1626,1627,-1629,1628,1629]],"id":339},{"properties":{"index":500,"nuts_3_code":"DE251","nuts_3_name":"Ansbach, Kreisfreie Stadt"},"type":"Polygon","arcs":[[1807]],"id":340},{"properties":{"index":501,"nuts_3_code":"DE722","nuts_3_name":"Lahn-Dill-Kreis"},"type":"Polygon","arcs":[[-1645,-1644,1643,1630,1631,1632,-1640,1633,1634]],"id":341},{"properties":{"index":502,"nuts_3_code":"DE723","nuts_3_name":"Limburg-Weilburg"},"type":"Polygon","arcs":[[1635,1636,1637,1638,1639]],"id":342},{"properties":{"index":503,"nuts_3_code":"DE724","nuts_3_name":"Marburg-Biedenkopf"},"type":"MultiPolygon","arcs":[[[1640,-1724,1641,-1649,1642,1643,1644,1645,1646]],[[1647,1648]]],"id":343},{"properties":{"index":504,"nuts_3_code":"DE277","nuts_3_name":"Dillingen a.d. Donau"},"type":"MultiPolygon","arcs":[[[1649,-1658,1650,-1672,-1671,1670,-1670,1651,-1653,1652,1653,1654,-1656,1656]],[[1657,1658]]],"id":344},{"properties":{"index":505,"nuts_3_code":"DE278","nuts_3_name":"G\u00fcnzburg"},"type":"Polygon","arcs":[[1659,-1661,1660,1661,1662,1663,1664,-1666,1665,1666,-1677,-1676,-1675,-1674,-1673,1667,1668,1669,-1671,1670,1671]],"id":345},{"properties":{"index":506,"nuts_3_code":"DE279","nuts_3_name":"Neu-Ulm"},"type":"Polygon","arcs":[[1672,-1674,1674,-1676,1676,1677,-1679,1678,1679,1680,1681,1682,1683]],"id":346},{"properties":{"index":507,"nuts_3_code":"DE21M","nuts_3_name":"Traunstein"},"type":"Polygon","arcs":[[1684,1685,1686,1687,1688,-1690,1689,1690,1691],[1692],[1693],[1694]],"id":347},{"properties":{"index":508,"nuts_3_code":"DE21N","nuts_3_name":"Weilheim-Schongau"},"type":"MultiPolygon","arcs":[[[1695,1696,-1751,1697,1698]],[[1762]]],"id":348},{"properties":{"index":509,"nuts_3_code":"DE221","nuts_3_name":"Landshut, Kreisfreie Stadt"},"type":"Polygon","arcs":[[1699]],"id":349},{"properties":{"index":510,"nuts_3_code":"DE252","nuts_3_name":"Erlangen, Kreisfreie Stadt"},"type":"Polygon","arcs":[[-1713,-1706,1700,1701]],"id":350},{"properties":{"index":511,"nuts_3_code":"DE253","nuts_3_name":"F\u00fcrth, Kreisfreie Stadt"},"type":"Polygon","arcs":[[-1712,1702,-1704,1703,1704,1705]],"id":351},{"properties":{"index":512,"nuts_3_code":"DE254","nuts_3_name":"N\u00fcrnberg, Kreisfreie Stadt"},"type":"MultiPolygon","arcs":[[[1706]],[[1707,1708,-1717,1709,1710,1711,1712,1713]],[[1714]]],"id":352},{"properties":{"index":513,"nuts_3_code":"DE255","nuts_3_name":"Schwabach, Kreisfreie Stadt"},"type":"Polygon","arcs":[[1715,1716]],"id":353},{"properties":{"index":514,"nuts_3_code":"DE725","nuts_3_name":"Vogelsbergkreis"},"type":"Polygon","arcs":[[1717,-1739,1718,1719,-1721,1720,1721,1722,1723,1724,-1726,1725,1726]],"id":354},{"properties":{"index":515,"nuts_3_code":"DE731","nuts_3_name":"Kassel, Kreisfreie Stadt"},"type":"MultiPolygon","arcs":[[[1727,1728,-1730,1729,1730,-1732,1731,1732]],[[1734,1733,-1735]]],"id":355},{"properties":{"index":516,"nuts_3_code":"DE732","nuts_3_name":"Fulda"},"type":"Polygon","arcs":[[-1843,-1846,-1841,1735,1736,1737,1738,1739,-1742,1740],[1741,1742]],"id":356},{"properties":{"index":517,"nuts_3_code":"DE27A","nuts_3_name":"Lindau (Bodensee)"},"type":"Polygon","arcs":[[1743,-1745,1744,1745,1746,1747,1748]],"id":357},{"properties":{"index":518,"nuts_3_code":"DE27B","nuts_3_name":"Ostallg\u00e4u"},"type":"MultiPolygon","arcs":[[[1749,1750,1751,1752,1753,-1755,1754,1755,1756,-1758,1757,1758,-1760,1759,1760,1761],[1762],[1763]],[[1764]]],"id":358},{"properties":{"index":519,"nuts_3_code":"DE222","nuts_3_name":"Passau, Kreisfreie Stadt"},"type":"Polygon","arcs":[[1765,1766,-1768,1767,1768]],"id":359},{"properties":{"index":520,"nuts_3_code":"DE223","nuts_3_name":"Straubing, Kreisfreie Stadt"},"type":"Polygon","arcs":[[1769]],"id":360},{"properties":{"index":521,"nuts_3_code":"DE224","nuts_3_name":"Deggendorf"},"type":"Polygon","arcs":[[-1780,1770,1771,1772,1773,-1775,1774,1775,1776]],"id":361},{"properties":{"index":522,"nuts_3_code":"DE225","nuts_3_name":"Freyung-Grafenau"},"type":"Polygon","arcs":[[1777,1778,1779,1780]],"id":362},{"properties":{"index":523,"nuts_3_code":"DE256","nuts_3_name":"Ansbach, Landkreis"},"type":"Polygon","arcs":[[1781,-1783,1782,1783,1784,-1786,1785,1786,-1788,1787,1788,1789,-1791,1790,1791,1792,1793,-1795,1794,1795,1796,-1798,1797,1798,1799,1800,-1802,1801,1802,-1804,1803,1804,-1806,1806],[1807]],"id":363},{"properties":{"index":573,"nuts_3_code":"DEG0G","nuts_3_name":"Weimarer Land"},"type":"Polygon","arcs":[[-1811,-2001,-1810,-1867,-1858,-1857,-1856,1855,-1855,-1995,-2048,-2047,2046,-2046,1808],[2001]],"id":364},{"properties":{"index":574,"nuts_3_code":"DEG0J","nuts_3_name":"Saale-Holzland-Kreis"},"type":"Polygon","arcs":[[-1998,-1826,-1818,-1817,1816,-1816,-1859,1809,-2000,1810,1811]],"id":365},{"properties":{"index":577,"nuts_3_code":"DEG0K","nuts_3_name":"Saale-Orla-Kreis"},"type":"Polygon","arcs":[[-1825,-1824,1823,-1823,-1822,1821,-1821,1812,1813,1814,-1862,-1861,1860,-1860,1815,-1817,1816,1817]],"id":366},{"properties":{"index":578,"nuts_3_code":"DEG0L","nuts_3_name":"Greiz"},"type":"Polygon","arcs":[[-1837,-1836,1835,-1835,1818,1819,1820,-1822,1821,1822,-1824,1823,1824,1825,-1997,1826]],"id":367},{"properties":{"index":583,"nuts_3_code":"DEG0M","nuts_3_name":"Altenburger Land"},"type":"Polygon","arcs":[[1827,1828,-1830,1829,1830,-1832,-1833,1832,1833,1834,-1836,1835,1836,1837,1838]],"id":368},{"properties":{"index":584,"nuts_3_code":"DEG0Q","nuts_3_name":"Schmalkalden-Meiningen"},"type":"Polygon","arcs":[[-1854,-1850,1851,-1849,-2065,-2064,2063,-2063,1839,1840,-1848,-1847,1846,-1842,-2040],[-1852,-1851]],"id":369},{"properties":{"index":588,"nuts_3_code":"DEG0R","nuts_3_name":"Wartburgkreis"},"type":"MultiPolygon","arcs":[[[-2041,1841,-1847,1842,1843,1844,-2020]],[[1845,1846,1847]]],"id":370},{"properties":{"index":589,"nuts_3_code":"DEG0S","nuts_3_name":"Suhl, Kreisfreie Stadt"},"type":"MultiPolygon","arcs":[[[-2066,1848,-1852,1849,-1853]],[[1850,1851]]],"id":371},{"properties":{"index":591,"nuts_3_code":"DEG0T","nuts_3_name":"Ilm-Kreis"},"type":"MultiPolygon","arcs":[[[-1866,-2055,1852,1853,-2039,-2038,-2037,-1996,1854,-1856,1855,1856,1857]],[[1867]],[[2066]]],"id":372},{"properties":{"index":592,"nuts_3_code":"DEG0U","nuts_3_name":"Saalfeld-Rudolstadt"},"type":"Polygon","arcs":[[1858,1859,-1861,1860,1861,1862,-1864,1863,1864,-1883,-1882,1881,-1881,-2056,1865,1866],[1867]],"id":373},{"properties":{"index":595,"nuts_3_code":"DEF02","nuts_3_name":"Kiel, Kreisfreie Stadt"},"type":"Polygon","arcs":[[-1933,-1936,1868]],"id":374},{"properties":{"index":596,"nuts_3_code":"DEF03","nuts_3_name":"L\u00fcbeck, Kreisfreie Stadt"},"type":"Polygon","arcs":[[1869,1870,1871,-1895,-1894,-1893,-1892,-1891,-1983,-1914,1872],[1895]],"id":375},{"properties":{"index":597,"nuts_3_code":"DEF04","nuts_3_name":"Neum\u00fcnster, Kreisfreie Stadt"},"type":"Polygon","arcs":[[-1932,-1965,-1940]],"id":376},{"properties":{"index":598,"nuts_3_code":"DEF05","nuts_3_name":"Dithmarschen"},"type":"MultiPolygon","arcs":[[[-1947,-1941,-1974,-1973,1972,-1972,1873,-1897]],[[1874]],[[1875]]],"id":377},{"properties":{"index":599,"nuts_3_code":"DEG0V","nuts_3_name":"Sonneberg"},"type":"Polygon","arcs":[[1876,1877,1878,1879,-2057,1880,-1882,1881,1882]],"id":378},{"properties":{"index":604,"nuts_3_code":"DEF06","nuts_3_name":"Herzogtum Lauenburg"},"type":"MultiPolygon","arcs":[[[1883,1884,1885,1886,1887,-1889,1889,-1986,-1985,1984,-1984,1890,1891,1892,1893,1894]],[[1895]]],"id":379},{"properties":{"index":609,"nuts_3_code":"DEF07","nuts_3_name":"Nordfriesland"},"type":"MultiPolygon","arcs":[[[-1950,1948,-1948,1896,1897]],[[1898]],[[1899]],[[1900]],[[1901]],[[1902]],[[1903]],[[1904]],[[1905]],[[1906]],[[1907]],[[1908]],[[1909]],[[1910]]],"id":380},{"properties":{"index":614,"nuts_3_code":"DEF08","nuts_3_name":"Ostholstein"},"type":"MultiPolygon","arcs":[[[1911]],[[1912]],[[1913,-1991,-1961,-1931,-1930,1929,-1929,1914]],[[1915]],[[1916]],[[1917]]],"id":381},{"properties":{"index":615,"nuts_3_code":"DEF09","nuts_3_name":"Pinneberg"},"type":"MultiPolygon","arcs":[[[1918,-1920,1919,1920,1921,-1970,-1963]],[[1922]],[[1923,1924,1979,1925]],[[1926]],[[1927]]],"id":382},{"properties":{"index":618,"nuts_3_code":"DEF0A","nuts_3_name":"Pl\u00f6n"},"type":"Polygon","arcs":[[1928,-1930,1929,1930,-1968,-1967,1966,-1966,1931,-1939,-1938,1937,-1937,1932,1933]],"id":383},{"properties":{"index":619,"nuts_3_code":"DEF0B","nuts_3_name":"Rendsburg-Eckernf\u00f6rde"},"type":"Polygon","arcs":[[1934,1935,1936,-1938,1937,1938,1939,-1964,-1979,-1978,1977,-1977,-1976,1975,-1975,1940,-1946,-1945,1944,-1944,1941,-1954,1942,-1957],[1980]],"id":384},{"properties":{"index":622,"nuts_3_code":"DEF0C","nuts_3_name":"Schleswig-Flensburg"},"type":"MultiPolygon","arcs":[[[1943,-1945,1944,1945,1946,1947,1948,1949,1950,1951,1952,1953,1954]],[[-1959,1955]],[[1956,1957,1958,1959]]],"id":385},{"properties":{"index":626,"nuts_3_code":"DEF0D","nuts_3_name":"Segeberg"},"type":"Polygon","arcs":[[1960,-1990,-1989,1988,-1988,-1992,1961,1962,-1969,1963,1964,1965,-1967,1966,1967]],"id":386},{"properties":{"index":627,"nuts_3_code":"DEF0E","nuts_3_name":"Steinburg"},"type":"MultiPolygon","arcs":[[[1968,1969,1970,1971,-1973,1972,1973,1974,-1976,1975,1976,-1978,1977,1978]],[[1979,-1980]],[[1980]],[[1981]]],"id":387},{"properties":{"index":630,"nuts_3_code":"DEF0F","nuts_3_name":"Stormarn"},"type":"MultiPolygon","arcs":[[[1982,1983,-1985,1984,1985,1986,1987,-1989,1988,1989,1990]],[[1991,1992,-1994,1993]]],"id":388},{"properties":{"index":631,"nuts_3_code":"DEG01","nuts_3_name":"Erfurt, Kreisfreie Stadt"},"type":"Polygon","arcs":[[1994,1995,-2036,2049,-2049]],"id":389},{"properties":{"index":632,"nuts_3_code":"DEG02","nuts_3_name":"Gera, Kreisfreie Stadt"},"type":"Polygon","arcs":[[1996,1997,1998]],"id":390},{"properties":{"index":633,"nuts_3_code":"DEG03","nuts_3_name":"Jena, Kreisfreie Stadt"},"type":"Polygon","arcs":[[1999,2000]],"id":391},{"properties":{"index":634,"nuts_3_code":"DEG05","nuts_3_name":"Weimar, Kreisfreie Stadt"},"type":"Polygon","arcs":[[2001]],"id":392},{"properties":{"index":637,"nuts_3_code":"DEG06","nuts_3_name":"Eichsfeld"},"type":"Polygon","arcs":[[-2015,-2014,-2013,-2031,-2022,2002,2003,-2005,2004,2005,-2007,2006,2007],[2018]],"id":393},{"properties":{"index":638,"nuts_3_code":"DEG07","nuts_3_name":"Nordhausen"},"type":"MultiPolygon","arcs":[[[2008,-2010,2009,-2011,2011,-2032,2012,-2014,2014,2015,2016,2017]],[[2018]]],"id":394},{"properties":{"index":639,"nuts_3_code":"DEG09","nuts_3_name":"Unstrut-Hainich-Kreis"},"type":"Polygon","arcs":[[-2052,-2042,2019,2020,2021,-2030]],"id":395},{"properties":{"index":648,"nuts_3_code":"DEG0A","nuts_3_name":"Kyffh\u00e4userkreis"},"type":"Polygon","arcs":[[2022,-2024,2023,2024,2025,2026,2027,2028,-2053,2029,2030,2031,2032,-2034,2033,2034]],"id":396},{"properties":{"index":649,"nuts_3_code":"DEG0C","nuts_3_name":"Gotha"},"type":"Polygon","arcs":[[-2051,-2050,2035,2036,2037,2038,2039,2040,2041]],"id":397},{"properties":{"index":655,"nuts_3_code":"DEG0D","nuts_3_name":"S\u00f6mmerda"},"type":"Polygon","arcs":[[2042,-2044,2043,2044,2045,-2047,2046,2047,2048,-2050,2049,2050,2051,2052],[2053]],"id":398},{"properties":{"index":656,"nuts_3_code":"DEG0E","nuts_3_name":"Hildburghausen"},"type":"Polygon","arcs":[[2054,2055,2056,2057,-2059,2058,2059,2060,2061,2062,-2064,2063,2064,2065],[2066]],"id":399}],"type":"GeometryCollection"}},"bbox":[5.867377523004748,47.27013771911675,15.040835113705157,55.057160469255976],"transform":{"scale":[0.00918264023093134,0.007794817567706936],"translate":[5.867377523004748,47.27013771911675]},"arcs":[[[349,191],[-2,-2]],[[346,189],[1,0]],[[347,189],[0,-1],[1,0],[0,-1],[2,0],[-1,-1],[1,0],[3,-1]],[[405,163],[-2,0],[-4,-2],[0,-1],[-1,0],[-1,1],[-1,-1],[-4,0],[2,1],[0,1],[-4,2],[0,-1],[-3,0],[0,-1],[-1,1],[-2,-1],[-3,0],[0,1],[-1,0],[-2,1],[0,-1],[-1,0],[-1,1],[-1,0],[1,1],[0,1],[-1,0],[1,1],[0,1],[-2,0],[-1,-1],[0,-1],[-4,1],[-1,0],[-1,1],[0,-1],[-1,-1],[-2,1],[0,1],[-1,1],[0,1],[1,0],[-1,1],[-1,-1],[-1,1],[-1,0]],[[358,171],[-1,2],[1,0],[1,1],[0,1],[1,0],[-2,2],[-1,2],[-2,1],[-3,1],[-1,-1],[-1,0],[2,2],[1,0],[-1,1],[1,1],[-1,0],[1,1]],[[353,185],[6,-1],[4,-2],[2,0],[2,1]],[[368,183],[-1,0]],[[367,183],[0,2],[-1,0],[-2,2],[3,1],[1,1],[1,0],[2,2],[0,1],[2,0],[1,1],[1,0]],[[404,163],[0,1],[-2,0],[2,3],[2,0],[0,4]],[[405,171],[1,0]],[[406,171],[0,2],[-1,0],[-1,1],[-3,0],[-1,1],[-1,0],[2,1]],[[402,176],[-1,0]],[[401,176],[0,1],[1,0],[0,1],[-5,0],[-1,1],[-1,0],[0,2],[-1,0],[0,1],[1,1],[0,1],[-1,0],[1,1],[-1,1],[0,1],[2,1],[1,2],[-1,0]],[[368,202],[-2,2],[0,1],[-1,0],[-1,-1],[0,-1],[-2,-1],[-2,0],[-2,2],[-2,0],[0,-1],[1,-1],[-1,0],[0,-2],[-2,-1],[-1,1],[-1,0],[-1,1],[0,-1],[-1,-1],[0,-1],[1,-1],[-2,-2],[1,-1],[0,-2],[-1,-2],[0,1]],[[349,191],[-2,1],[-1,2],[0,1],[-1,1],[0,1],[1,0],[0,2],[-2,1],[-7,0],[0,3],[-3,2],[-1,0]],[[274,201],[-1,0],[1,-1]],[[228,186],[1,1],[0,4],[5,0],[1,1],[0,2],[1,1],[3,0],[2,1],[2,2],[1,2],[0,2],[1,1],[0,2],[3,4],[2,3],[1,0],[2,3],[0,1],[1,0],[0,1],[3,0],[1,1]],[[261,219],[0,-2],[1,-1],[2,0],[0,-1],[2,0],[5,-1],[-1,-1],[0,-1],[-3,0],[-3,-1],[1,0],[0,-1],[-1,-1],[0,-2],[2,-2],[0,-1],[1,-1],[1,1],[2,-1],[1,-1],[1,1],[4,0],[0,1],[1,-1],[1,-2]],[[296,277],[-1,0],[0,-2]],[[352,294],[-1,-1],[0,-1]],[[350,289],[-1,0],[0,-2],[1,0],[1,-1],[-3,-2],[0,-1],[-1,1],[-1,-1],[-1,0],[-1,-1],[1,-1],[1,-2],[-1,-1],[-2,-1],[1,-1],[-1,-1],[-1,0],[-1,1],[0,1],[-2,-2],[1,0],[0,-2],[-4,0],[-2,-1],[1,-2],[1,-1],[2,-1],[0,-1],[-1,-1],[3,0],[1,-1],[1,0],[2,-1],[1,-1],[1,0]],[[347,263],[-1,0]],[[346,263],[0,-1],[1,-1],[-1,-1]],[[321,247],[0,1],[-2,-1],[-1,0],[-4,1],[0,2],[-2,1],[-1,1],[-1,0],[-1,-1],[-1,0],[0,1],[-1,-1],[-3,1],[-1,1],[-1,-1],[-1,1],[-2,0],[-2,1],[-2,0],[-1,1],[1,0],[0,1],[-2,0],[-1,1],[0,-1],[-3,0],[0,2],[-4,1]],[[286,275],[9,0]],[[295,275],[3,-1],[2,0],[1,1],[1,-3],[1,0],[-2,-1],[-1,0],[-1,-1],[-1,0],[0,-1],[2,-1],[0,-1],[1,0],[1,1],[0,1],[2,-1],[-1,-1],[1,0],[1,1],[6,0],[1,1],[-1,0],[0,1],[4,0],[1,1],[-1,1],[2,0],[0,1],[2,2],[-1,2],[-1,0],[-1,1],[-1,2],[1,0],[-2,1],[-1,0],[0,-2],[-1,0],[-2,1],[-1,-1],[-6,-1],[-2,1],[-2,-2],[-3,0]],[[296,277],[0,2],[-1,0],[1,1],[0,1],[-2,0],[-1,2],[-1,0],[1,2],[2,0],[0,1],[1,0],[0,3]],[[300,203],[1,0],[2,2],[-1,3],[0,1],[-1,0],[0,2],[2,1],[1,-1],[0,-1],[2,0],[0,1],[3,1],[2,0],[0,1],[4,-1],[0,-3],[1,0],[1,-1],[0,-1],[1,1],[1,0],[0,-3],[1,0],[0,-1],[-1,0],[-2,-1],[-1,-1],[0,-1],[-2,0],[0,1],[-2,0],[0,-1],[1,0],[1,-1],[-1,-1],[-2,0],[-2,2],[-3,0],[-1,1],[0,-1],[-1,0],[-3,1],[-1,1]],[[409,193],[-1,-1],[-1,1],[-1,0],[0,1],[-2,0],[-1,-1],[2,-2],[-1,-1],[-1,0],[-1,-1],[-1,0],[-2,2],[-3,0],[0,-1]],[[396,190],[-1,1],[0,1],[-2,0],[0,1],[-4,0],[-2,-2],[0,1],[-1,0],[0,1],[-2,2],[-1,-1],[0,-1],[-2,-1],[0,1],[-2,0],[0,-1],[-1,0],[-3,1]],[[375,193],[0,1],[-2,0],[1,1],[-4,0],[-1,1],[-1,0],[1,1],[0,2],[-1,0],[0,2],[-1,0],[0,1],[1,0]],[[368,202],[1,2],[4,0],[1,1],[0,4],[1,0],[1,1],[6,0],[0,1],[-2,0],[0,1],[-1,1],[-3,0],[-1,1],[0,1],[-1,0],[1,1],[2,0],[1,1],[1,0],[0,1],[3,0],[-3,3],[-2,0],[0,1],[2,0],[0,1],[1,1],[3,0],[0,1],[2,2]],[[385,228],[1,0]],[[396,232],[-3,0],[-1,-1],[-1,0],[-2,-1],[0,-1],[-1,-1],[-1,1],[-1,-1]],[[386,228],[0,2],[-2,0],[-1,-1],[0,-1],[2,0]],[[385,228],[0,-1]],[[385,227],[-8,0],[-2,-1],[-3,0],[1,1],[-2,0],[-2,-2],[-2,0],[-2,1],[-4,0],[-1,1],[-1,0],[1,1],[0,1],[-4,0],[-1,1],[-3,0],[0,-1],[1,0],[-4,-1],[-1,0],[0,-3],[-3,0],[-1,1],[-1,0],[0,-1],[-3,0],[0,2],[-3,0],[0,-1],[-3,1],[-4,0],[-1,1],[-1,-2]],[[328,229],[0,2],[-1,0],[0,1],[1,0],[2,2],[-1,2],[-1,1],[0,1],[-1,1],[-1,-1],[-4,0],[1,1],[-1,0],[1,1],[0,1],[1,0],[-1,2],[-1,-1],[-1,0],[0,2],[1,2],[-1,1]],[[321,247],[1,0],[3,-2],[1,-1],[4,1],[0,1],[-1,1],[0,1],[4,1],[3,0],[1,1],[0,1],[2,1],[1,1],[2,0],[0,1],[-1,0],[0,2],[1,-1],[1,0],[0,1],[1,0],[2,2],[-1,1],[-1,0],[-1,1],[3,0]],[[346,260],[2,-2],[6,0],[0,-1],[4,0],[0,1],[-1,1],[-2,0],[1,1],[2,0],[0,2],[1,2],[1,0],[0,-1],[1,1],[1,0],[1,-1],[1,0],[1,-1],[1,0],[1,-2],[1,0],[1,1],[1,2],[0,1],[2,0],[1,1],[0,1],[2,1],[0,3],[2,2],[1,-1],[2,-1],[0,-1],[5,0],[1,-1],[2,0],[1,1]],[[354,249],[-1,0],[0,-2],[-7,0],[3,-1],[2,-2],[4,0],[1,-2],[2,-1],[0,-1],[-1,-1],[-2,-1],[2,-2],[0,-1],[1,0],[1,-1],[1,0],[0,1],[2,0],[2,1],[2,0],[2,-1],[1,0],[0,1],[1,0],[2,1],[1,-1],[1,1],[-1,0],[-2,1],[0,2],[-2,1],[0,1],[0,0],[0,1],[-2,0],[0,1],[-2,0],[0,1],[-1,1],[-2,0],[-3,1],[0,1],[-5,1]],[[399,236],[-2,1],[0,2],[-2,1],[-1,-1],[0,-2],[-1,-1],[-2,0],[0,-1],[-2,0],[0,-1],[-1,1],[1,2],[1,0],[-2,2],[-1,-1],[0,2],[2,0],[-1,1],[-5,0],[0,1],[-1,0],[0,1],[-2,0],[0,1],[-1,0],[2,1],[1,2],[5,0],[3,3],[-1,1],[-1,0],[-1,1],[0,1],[-1,1],[1,0],[1,1],[-1,0],[0,1],[1,0],[0,2],[2,0],[-1,1],[2,0],[2,1],[2,0],[2,1],[0,1],[-2,0],[-2,1],[-1,1],[0,2],[-1,1],[1,0],[-3,2]],[[389,269],[0,1],[1,0],[0,2],[2,1],[0,-1],[1,-1],[2,0],[2,-1],[1,1],[1,0],[2,-1],[3,0],[0,2],[2,0]],[[406,272],[-1,0]],[[405,272],[0,1],[-2,2],[4,2]],[[417,217],[-1,1],[-1,0]],[[415,218],[-1,-1],[0,1],[1,0]],[[415,218],[-1,2],[1,0],[-1,1],[-3,0],[0,1],[-4,0],[-1,1],[2,2],[-1,0],[0,1],[1,1],[-1,0],[-1,1],[2,0],[0,1],[-4,0],[-1,-1],[0,1],[-4,0],[0,1],[-1,0],[0,2],[-2,0]],[[396,232],[0,1],[-1,1],[1,1],[3,1]],[[399,236],[0,-1],[1,0],[0,1],[-1,0]],[[399,236],[0,2],[1,0],[1,1],[1,0],[1,-1],[-1,0],[0,-1],[3,0],[2,-2],[1,1],[0,1],[-1,0],[-1,1],[-2,1],[2,1],[1,0]],[[407,240],[0,1],[1,0],[0,-1]],[[407,240],[1,0]],[[408,240],[2,0],[1,-1],[0,-1],[1,1]],[[412,241],[0,-2]],[[412,239],[1,1],[1,0],[0,2],[1,1],[1,0],[0,1],[1,1],[0,2],[5,0],[1,2],[-1,1],[0,1],[2,0],[0,2],[1,1],[0,-1],[2,2],[3,0],[1,1],[0,2],[1,0],[1,1],[2,0],[-1,1],[0,1],[-1,1],[1,0],[0,1],[1,1],[-2,2],[0,1],[1,0],[0,2]],[[462,271],[0,2],[-4,-1],[-2,0],[-2,-1],[0,-2],[-4,0],[-1,1],[-2,0],[-1,-2],[-2,0],[-1,-1],[-1,2],[0,1],[-1,0],[-1,-1],[-1,0],[-1,1],[0,-1],[-2,1],[-2,-1]],[[434,269],[-1,0],[0,2],[-1,1],[-3,0],[0,2],[-2,0],[0,-1],[-8,0],[-1,1],[1,0],[0,1],[-4,0],[0,-1],[-1,0],[0,1],[-3,0],[0,2],[-4,0]],[[407,277],[-2,1],[-5,2],[-1,-1],[-2,0]],[[397,278],[0,1]],[[397,279],[-1,1],[1,1],[0,2],[-2,2],[0,1],[1,0],[1,1],[0,1],[2,0],[1,2],[-1,1],[-1,0],[0,1],[-1,0],[0,1],[-1,2],[0,2],[1,2],[2,0],[0,1],[1,0],[0,1],[1,0],[0,2],[-1,1],[-1,-1],[0,1],[-4,0],[-1,1],[-1,-1],[-3,1],[0,1],[-2,0],[-1,1],[-1,0]],[[400,299],[0,1],[-1,-1],[1,0]],[[444,175],[-2,1],[0,-1],[-1,1],[1,1],[0,2],[3,0],[1,1],[1,0],[0,1],[-1,1],[0,1],[1,0],[1,1],[1,0],[0,3]],[[476,158],[0,0]],[[496,189],[-3,0],[-1,1],[0,-2],[-1,0],[-1,1],[0,-1],[-1,-1],[-2,1],[-2,0],[-1,1],[-2,1],[-2,0],[0,1],[-2,0],[-2,2],[-2,0],[0,1],[-1,0],[-1,-1],[-2,0],[-1,-1],[0,-2],[-1,1],[0,1],[-1,1]],[[466,193],[1,0]],[[467,193],[0,1],[-1,1],[0,-1],[-1,-1],[0,-1],[-2,0],[0,-1],[-2,0],[-1,-1],[-1,1],[-1,-1],[0,-1],[-1,1],[-1,0],[-1,-1],[0,2],[-1,1],[-1,0],[-2,-2],[1,0],[0,-2],[-2,0],[0,-1],[-1,0]],[[449,187],[-5,0],[0,1],[-1,0]],[[443,187],[0,1]],[[443,188],[0,1],[-3,0],[0,1],[-1,-1],[-1,0],[0,1],[-1,0],[0,-2],[2,0],[0,-1],[1,0],[-1,-1],[-1,0],[-1,-1],[0,1],[-1,0],[-1,1],[-6,0],[0,-1],[-2,0],[0,2],[-1,0],[0,1],[-2,0],[0,1],[-1,0],[0,2],[-1,1],[-1,0],[0,-1],[-2,1],[-5,0],[-1,-1],[-4,1]],[[409,193],[0,2],[2,1],[0,1],[1,0],[0,1],[-1,1],[6,0],[1,1],[1,-1],[0,-1],[1,0],[2,1],[1,0],[2,2],[-2,2],[1,0],[-1,1],[0,1],[-1,0],[0,1],[1,1],[-1,1],[1,0],[-1,1],[-3,1],[1,1],[-2,0],[0,-1],[-1,1],[0,2],[-1,0],[-2,1],[1,1],[2,0],[0,1],[-1,0],[1,1]],[[417,217],[1,0],[1,-1],[0,1],[1,2],[0,-1],[2,0],[0,-1],[2,-1],[4,0],[0,-1],[1,0],[1,-1],[2,0],[1,-1],[-1,0],[-1,-1],[1,-1],[1,1],[3,0],[0,-1],[2,2],[0,1],[1,0],[0,1],[-1,1],[2,0],[0,1],[1,1],[1,-1],[2,0],[0,2],[4,0],[2,1],[2,0],[-1,1],[-1,0],[-1,3],[-2,0],[1,1],[-1,1],[1,0],[0,1],[-1,0],[2,1],[0,-2],[1,0],[2,2],[0,1],[1,-1],[1,0],[1,-1],[2,1],[4,0],[1,-1],[1,0],[0,1],[1,0],[2,-1],[0,1],[2,1],[2,0]],[[471,229],[-1,0]],[[470,229],[0,-1],[1,-1],[2,0],[1,1],[2,0],[0,1],[2,1]],[[425,187],[1,1],[0,-1],[-1,0]],[[250,201],[-1,1],[3,0],[2,-2],[1,0],[3,-2],[1,-1],[1,0],[0,-1],[2,0],[0,-1],[2,0],[0,-2],[-1,-1],[0,-1],[1,0],[1,-2],[2,-1],[0,-4],[-2,-1],[0,-2],[-3,-1],[-2,-1],[-2,0],[0,1],[-1,1],[0,2],[-1,0],[-1,1],[-2,1],[-1,0],[-2,1],[-2,-1],[-3,2],[0,1],[1,0],[0,-1],[1,0],[1,2],[3,0],[1,1],[2,0],[0,1],[-2,1],[-1,2],[-2,0],[-1,1],[2,1],[0,1],[1,2],[2,2],[-2,0],[-1,-1],[0,1]],[[257,186],[0,0]],[[256,188],[-1,1],[-1,0],[1,-1],[1,0]],[[254,189],[-1,1],[0,-1],[1,0]],[[247,190],[0,0]],[[246,189],[0,0]],[[246,191],[0,0]],[[269,232],[1,-2],[1,0],[0,1],[4,0],[1,-1],[1,0],[0,2],[1,2],[2,0],[-1,-2],[0,-1],[2,-3],[3,-1],[0,1],[1,2],[0,-1],[3,-3],[1,0],[0,-2],[-1,-1],[0,-1],[-1,-1],[0,-1],[1,0],[0,-1],[-1,0],[2,-2],[2,0],[0,-1],[-2,0],[0,-1],[-1,0],[-3,-1],[-2,0],[0,1],[-3,0],[1,1],[0,1],[-1,1],[-1,-1],[-2,0],[-2,-1],[-1,1],[0,1],[-1,1],[0,-1],[-1,1],[-2,1],[-1,0],[-1,1],[0,-1],[-1,0],[-2,1],[-2,-1],[-1,1]],[[186,108],[0,1],[1,1],[1,0],[0,1],[1,1],[0,2],[1,1],[0,1],[1,0],[1,1],[0,1],[1,1],[0,1],[2,1],[1,1],[1,2],[0,3]],[[252,117],[0,2],[1,0],[-1,1],[-1,0],[0,1],[-1,1],[0,1],[-1,0],[-1,-1],[-2,0],[0,-1],[-1,0],[-2,-1],[-1,1],[0,1],[-1,0],[-1,1],[-1,0],[-1,-1],[-2,0],[0,1],[-1,0],[-1,1],[-2,-2],[0,-1],[-2,-1],[-4,0],[-1,1],[-3,0]],[[222,121],[1,0]],[[223,121],[0,1],[-5,0],[-2,2],[-2,0],[-1,-1],[-1,0],[-3,1],[-1,0],[0,1],[-3,-1],[-2,0],[0,1],[-2,2],[-4,0]],[[197,127],[2,5],[2,2],[3,1],[0,1],[1,0],[-1,1],[0,3],[-1,3],[0,2],[2,4],[1,1],[0,1],[1,1],[0,5],[2,0],[2,2],[0,8],[-1,1],[1,1],[0,1],[1,0],[1,2],[1,1],[0,2],[2,2],[1,0],[2,1],[1,1],[1,0],[7,7]],[[228,186],[2,-1],[1,-1],[-2,-2],[4,0],[0,-1],[1,0]],[[234,182],[0,-1]],[[234,181],[2,0],[0,-1],[5,0],[0,-1],[3,-1],[1,-1],[1,0],[0,1],[1,0],[3,-2],[2,0],[2,-2],[3,0],[0,1],[1,-1],[1,0],[-1,-1],[0,-1],[1,0],[0,-1],[-3,0]],[[237,183],[1,1],[1,0],[0,1],[1,0],[-2,-2],[-1,0]],[[235,182],[-1,1],[1,0],[0,-1]],[[288,65],[-2,-1],[-1,0],[-1,-1],[-1,0],[0,-1],[-2,-2],[1,-1],[0,-1],[-1,0],[-2,-1],[-1,-1],[-2,-1],[2,-2],[-1,-1],[0,-1],[1,0],[1,-1],[1,0],[1,-1],[1,0],[1,1],[0,-2],[1,-1],[0,2],[1,-1],[5,0],[0,2],[1,0],[0,1],[3,0],[1,-1],[2,1],[0,1],[1,0],[0,-1],[2,-2],[1,0],[-2,-2],[-1,0],[1,1],[0,1],[-2,-1],[0,-2],[1,-1],[0,-1],[-2,-2],[-2,0],[0,2],[-1,1],[-4,2],[-3,-3],[-2,0],[-1,-1],[-1,0],[0,-2],[1,-1],[1,0],[1,1],[1,-1],[-1,-1],[-2,0],[-4,-1],[-1,1],[-3,0],[-1,-1],[-2,0],[-1,1],[-3,0],[-1,1],[-2,1],[-1,1],[1,1],[-1,1],[-6,0],[0,-1],[-1,0],[-2,2],[-1,0],[-1,-1],[0,-1],[-2,0],[0,-1],[-2,0],[-1,-1],[-1,0],[0,-1],[-3,0],[0,-1],[-1,0],[0,-2],[-3,0],[-1,1],[0,-1],[-2,0],[-1,-1],[-3,0],[0,1],[-6,0],[0,-2],[-2,0],[-2,1],[-1,1],[0,1],[1,0],[-2,2],[0,1]],[[355,171],[3,0]],[[358,171],[1,0]],[[360,171],[1,0],[1,-1],[1,1],[1,-1],[-1,0],[0,-1],[1,-1],[0,-1],[2,-1],[1,1],[0,1],[1,-1],[1,0],[4,-1],[0,1],[1,1],[2,0],[0,-1],[-1,-1],[1,0],[0,-1],[-1,-1],[1,0],[1,-1],[1,0],[0,1],[2,-1],[1,0],[0,-1],[3,0],[2,1],[1,-1],[0,1],[3,0],[0,1],[4,-2],[0,-1],[-2,-1],[4,0],[1,1],[1,-1],[1,0],[0,1],[4,2],[1,0]],[[404,163],[1,0]],[[360,171],[-1,0]],[[359,171],[1,-1],[0,1]],[[316,161],[2,-1],[1,0],[0,-1],[4,-1],[2,0],[0,1]],[[324,159],[1,0]],[[325,159],[1,1],[-1,1],[1,0],[-1,1],[0,1],[4,0],[0,3],[1,0],[1,1],[2,0],[0,-1],[2,0],[0,1],[-1,1],[1,0],[1,1],[6,0],[1,-1],[2,0],[2,2],[2,0],[0,-1],[1,0],[0,2],[1,0],[-1,1],[1,0],[1,1],[1,0],[1,-1],[-1,-1],[2,0]],[[355,171],[0,-5],[2,0],[1,-2],[2,0],[0,-3],[-3,0],[-1,-1],[0,-1],[2,-2],[-1,-1],[-2,-1],[-1,0],[1,-1],[1,0],[0,-2],[-2,-1],[0,-3],[1,0],[1,-1],[1,0],[0,-1],[-1,-1],[-1,0],[0,-4]],[[358,164],[-1,0],[0,-1],[1,1]],[[354,168],[0,0]],[[355,141],[5,0],[1,-1],[-1,0],[-1,-1],[1,-1],[1,0],[1,-1],[2,-1],[1,1],[0,-3],[-1,-1],[-4,0]],[[360,133],[-1,1],[0,-1],[1,0]],[[360,133],[2,-3]],[[317,147],[2,0],[0,-1],[5,0],[3,1],[0,-2],[2,0],[0,-1],[5,0],[2,-1],[0,-1],[1,1],[4,0],[1,-1],[3,-1],[4,0],[0,-1],[1,0],[1,1],[2,0],[0,1],[1,-1],[1,0]],[[348,142],[1,0],[-1,-1],[0,1]],[[454,152],[-1,0],[-1,1],[-4,0],[0,1],[-1,0],[0,-2],[-1,-1],[-1,0],[0,1],[-1,0],[0,-1],[-1,0],[-1,-1],[-1,0],[-1,-1],[0,-1],[1,0],[2,1],[0,-1],[-1,0],[1,-2],[-2,0],[-2,-2],[-2,0],[-1,-1],[0,-1],[-3,0],[1,-1],[-1,0],[0,-2],[4,0],[1,-1],[0,-1],[2,2],[2,-2],[0,-2],[-2,0],[1,-1],[4,0],[1,-1],[0,1],[2,1],[1,1],[0,1],[-1,0]],[[448,137],[-1,-1],[0,1],[1,0]],[[448,137],[0,1],[1,1],[1,0]],[[395,123],[0,2],[2,1],[1,0],[0,2],[-1,0],[-1,1],[2,1],[4,1],[-1,2],[-2,1],[2,1],[1,1],[2,0],[2,3],[0,1],[-1,1],[1,0],[0,1],[-1,0],[0,1],[-1,1],[2,1],[2,0],[1,-1],[0,3],[1,0],[1,1],[-1,2],[-1,3],[-1,1],[-1,0],[-1,1],[0,1],[-1,0],[0,2]],[[404,158],[1,0]],[[405,158],[0,4]],[[405,162],[0,1]],[[405,163],[5,0],[1,-2],[1,0],[1,-1],[0,1],[2,0],[1,-1],[0,1],[1,1],[0,1],[1,0],[0,1],[2,0],[0,1],[1,1],[6,0],[1,-1],[2,0],[0,1],[1,0],[1,1],[0,1],[1,1],[3,0],[1,2],[1,1],[1,0],[-1,1],[1,0],[2,1],[1,0],[2,1]],[[444,175],[0,-1],[1,0],[0,-1],[1,0],[1,-1],[-1,-1],[0,-1],[3,0],[0,1],[6,0],[0,-1],[1,0],[0,-1],[2,0],[2,-1],[1,-1],[1,0],[0,-2],[4,0],[1,-1],[0,1],[1,0],[1,-1],[1,0]],[[470,165],[0,-1]],[[470,164],[1,-1],[1,0],[0,-1],[2,0],[0,-2],[1,-1]],[[313,142],[-1,-1],[0,-1],[1,0],[0,-1],[-1,-1],[-1,0],[-1,-1],[0,-1],[-2,0],[2,-1],[1,-1],[-3,-1],[-3,0],[-2,-2],[1,-1],[3,0],[-2,-2],[2,0],[1,-1],[1,0],[0,-2],[-1,0],[2,-2],[-1,0],[0,-1],[1,0],[0,-2],[2,0],[1,-1],[0,-1],[-1,0],[-1,-1],[0,-1],[2,-1],[1,0],[0,-1]],[[263,116],[2,2],[1,0],[0,3],[-1,0],[0,1],[-1,1],[1,1],[-1,1],[0,1],[1,1],[-1,0],[0,2],[-1,1],[0,1],[4,0],[1,1],[0,2],[-1,1],[0,1],[-2,2]],[[299,68],[-4,0],[0,1],[-1,0],[0,-1],[-1,-1],[2,0],[0,-2],[-1,0],[-1,1],[-1,0],[-2,-1],[-1,-1],[-1,1]],[[288,65],[2,1],[-2,1],[-1,1],[1,1],[-1,2],[-1,1],[-3,0],[1,2],[-3,1],[-1,0]],[[247,95],[-2,2],[0,1],[1,1],[0,1],[-1,0],[0,1],[-1,1],[2,1],[2,0],[1,-1],[1,1],[-1,1],[-1,0],[1,2],[0,1],[-1,1],[-1,0],[-1,1],[0,2],[1,0],[1,1],[0,1],[-1,0],[0,2],[2,1],[1,0],[2,1]],[[252,117],[3,-1],[0,-1],[1,-1],[2,0],[0,3],[1,0],[4,-1]],[[263,116],[1,-1]],[[264,115],[-1,0]],[[263,115],[2,0],[1,1],[2,-1],[0,-1],[1,0],[1,1],[2,1],[4,0],[1,-1],[1,0],[1,-1],[2,0],[-1,1],[1,1],[-1,0],[0,1],[2,0],[1,-1],[0,1],[1,0],[0,-1],[1,0],[0,-1],[4,0],[0,-1],[1,-1],[-1,-1],[2,0],[0,-1],[1,-1]],[[293,110],[-1,0]],[[292,110],[0,-1],[-1,-1],[1,-1],[1,0],[2,-2],[-1,-1],[2,-1],[2,0]],[[302,75],[-2,2],[-1,0],[-1,1],[1,0],[0,1],[1,0],[-1,1],[-1,0],[-1,1],[0,3],[-1,0],[0,3],[5,0],[1,1],[0,1]],[[303,89],[-1,0]],[[302,89],[0,1],[2,0],[0,1],[-1,1],[0,1],[1,0],[0,1],[-2,0],[0,1],[-1,0],[0,2],[1,1],[0,1],[-1,0],[0,1],[-3,3]],[[298,103],[0,2],[1,1],[1,0],[2,1],[0,1],[2,1],[3,0],[0,1],[2,1],[0,1],[4,0],[0,1],[1,0],[0,1]],[[314,114],[1,1],[0,1],[1,1],[5,0],[0,-1],[1,0],[1,-1],[0,-2],[2,0],[1,-1],[0,-1],[1,-1],[1,-2],[1,-1],[1,0],[0,1],[1,0],[1,-1],[4,0]],[[361,49],[-1,0],[-2,2],[-3,0],[-4,1],[-8,1],[-3,-1],[-10,-4],[-2,1],[-2,4],[-1,0],[1,1],[-1,1],[1,0],[1,-1],[1,1],[-1,0],[0,1],[-3,0],[0,1],[-2,0],[-1,1],[-1,0],[0,1],[1,0],[-1,1],[-1,0],[0,-1],[-1,0],[-2,-2],[0,-1],[3,0],[1,-2],[-1,0],[0,-2],[-1,0],[-3,2],[-3,0],[-1,1],[1,1],[0,1],[-2,1],[0,2],[1,1],[2,0],[0,1],[-2,1],[-3,0],[-1,1],[0,1],[-2,2],[-1,0],[0,1],[-1,0],[0,-5],[-3,0],[0,2],[-1,1],[1,1],[-1,1]],[[299,68],[1,1],[0,1],[1,2],[0,1],[1,2]],[[302,75],[1,0],[1,-1],[3,1],[0,1],[1,0],[0,3],[1,0],[0,-1],[1,1],[0,1],[1,1],[1,-1],[0,-1],[1,0],[4,1],[2,0],[0,1],[1,1],[-1,1],[3,1],[0,-2],[-1,-1],[1,-1],[-1,-1],[1,-1],[2,0],[5,5],[5,1],[1,1],[1,0],[1,-1],[2,0],[0,2],[1,-1],[1,0],[1,1]],[[310,54],[-3,0],[-2,-1],[-1,0],[0,1],[1,0],[1,1],[-1,1],[0,1],[1,0],[1,-1],[0,1],[2,0],[0,-2],[1,0],[0,-1]],[[234,73],[-2,-1],[0,-4],[1,-1],[0,-2],[-1,-1],[-2,0],[0,-1],[-1,0],[0,-1],[1,-1],[-2,-2],[2,-2],[0,-2],[-1,-1],[-3,-2],[-2,0],[0,-1],[-1,0],[0,-2],[-1,0],[-1,-1],[-3,0],[0,-1],[1,-1],[0,-2],[1,-1],[1,0],[1,-1],[0,-1],[-1,0]],[[221,41],[-3,0],[-3,-1],[-1,1],[-2,0],[0,-3],[-2,-1],[-5,-2],[-4,0],[-2,-1],[-2,0],[-2,1],[-1,1],[-2,1],[1,1],[0,-1],[1,0],[1,1],[2,0],[1,1],[0,1],[-1,1],[1,0],[1,1],[-2,-1],[-1,0],[-2,1],[-2,-2],[-1,0],[-2,-1],[0,1],[-2,1],[1,0],[0,2],[-1,1],[-1,0],[0,1],[-1,1],[0,1],[-1,0],[-2,2],[-1,0],[0,1],[-1,0],[0,3],[-1,2],[0,1],[2,0],[0,1],[1,0],[0,1],[1,0],[0,3]],[[320,193],[3,-3],[0,-2],[2,0],[3,-2],[-1,0],[-2,-2],[1,0],[0,-1],[-2,-2],[-1,0],[-1,-1],[-1,0],[0,-1],[-1,0],[-1,-1],[0,-2],[-1,0],[1,-1],[-1,-1],[1,0],[0,-4],[-2,0],[-2,1],[-1,0],[0,-4],[1,0],[0,-2],[1,0],[0,-1],[-1,-1],[0,-2],[1,0]],[[316,161],[0,-1],[-1,-1],[0,-1]],[[277,176],[2,0],[1,1],[-1,1],[2,0],[0,4],[-1,1],[3,0],[0,1],[-1,0],[0,2],[2,0],[0,2],[1,1],[0,2],[-2,1],[-2,-1],[-1,-1],[-2,-1],[0,1],[1,1],[0,4],[-2,0],[-1,2],[-1,0],[0,1],[1,0],[1,-1],[0,1],[-2,2],[-1,0]],[[274,200],[0,1]],[[274,201],[2,-1],[1,0],[1,1]],[[278,201],[1,-2],[1,-1],[1,1],[5,0]],[[286,199],[1,0],[0,-1],[2,0],[1,-1],[-1,-1],[1,-2],[1,0],[2,2],[0,2],[3,1],[1,-1],[0,-1],[1,1],[0,1],[1,1],[1,0],[1,-1],[1,0],[1,-1],[5,0],[0,3],[2,-1],[0,-2],[1,0],[0,-1],[1,-1],[1,1],[1,-2],[1,0],[0,-1],[1,-1],[2,0],[1,1],[1,-1]],[[328,226],[1,0],[2,-1],[1,-2],[0,-1],[1,0],[1,-1],[-1,0],[0,-1],[1,-1],[1,-2],[0,-3],[-3,0],[-1,1],[0,-3],[2,0],[0,-1],[-1,0],[-1,-1],[1,0],[0,-3],[1,-2]],[[333,205],[-2,-1],[-1,-1],[0,-1],[-2,-1]],[[327,201],[1,0]],[[328,201],[1,-1],[-1,0],[0,-1],[2,0],[0,-1],[-1,-1],[1,0],[0,-1],[-1,0],[-2,-1],[-2,0],[0,1],[-2,0],[-2,-1],[-1,-2]],[[320,193],[-1,1],[-1,-1],[-2,0],[-1,1],[0,1],[-1,0],[-1,2],[-1,-1],[-1,1],[0,1],[-1,0],[0,2],[-2,1],[1,0],[2,-2],[2,0],[1,1],[-1,1],[-1,0],[0,1],[2,0],[0,-1],[2,0],[0,1],[1,1],[2,1],[1,0],[0,1],[-1,0],[0,3],[-1,0],[-1,-1],[0,1],[-1,1],[-1,0],[0,3],[-4,1],[0,-1],[-2,0],[-3,-1],[0,-1],[-2,0],[0,1],[-1,1],[-2,-1],[0,-2],[1,0],[0,-1],[1,-3],[-2,-2],[-1,0]],[[300,203],[1,-1],[3,-1],[1,0],[0,1],[1,-1],[2,0],[0,-3],[-5,0],[-1,1],[-1,0],[-1,1],[-1,0],[-1,-1],[0,-1],[-1,-1],[0,1],[-1,1],[-3,-1],[0,-2],[-2,-2],[-1,0],[-1,2],[1,1],[-1,1],[-2,0],[0,1],[-1,0]],[[286,199],[-2,1],[-1,2],[1,0],[1,1],[4,2],[1,1],[-1,1],[0,2],[2,1],[1,1],[0,2],[-1,0],[0,3],[1,0],[1,1],[0,1],[2,2],[3,0],[1,1],[4,0],[0,1],[1,1],[1,-1],[0,-1],[7,0],[0,1],[1,0],[-1,1],[0,3],[1,0],[0,1],[1,1],[1,0],[0,-1],[1,1],[3,0],[2,-2],[2,1],[0,1],[1,1],[-1,1],[3,0],[2,-1]],[[328,229],[-1,-1],[0,-1],[1,-1]],[[277,176],[0,-1],[1,0],[4,-2],[0,-1],[1,-1],[0,1],[1,0],[2,-1],[0,-1],[4,0],[3,-3],[1,0],[1,1],[0,-2],[-1,-1],[-1,0],[0,-1],[4,0],[0,1],[1,-1],[2,-1],[1,0],[-2,-2],[-1,0],[-1,-1],[1,-1],[0,-1],[1,1],[1,-1],[2,0],[3,1],[1,0],[0,-1],[2,-1],[0,-1],[4,0],[0,1],[1,0],[0,1],[1,1],[1,-1]],[[315,158],[1,0],[0,-1],[1,-1],[2,0],[3,-2],[0,-1],[-1,0],[-1,-1],[-3,-1],[0,-1],[-1,0],[0,-2],[1,0],[-1,-1]],[[317,147],[-1,0]],[[316,147],[0,-1],[-1,-2],[-1,0],[0,-1],[1,0],[-2,-1]],[[313,142],[-3,0],[-1,1],[-2,0],[0,1],[-1,1],[-1,0],[-2,-1],[0,1],[-4,0],[-1,-1],[0,1],[-1,1],[-2,0],[-1,-1],[-2,0],[0,1],[-3,-1]],[[289,145],[-1,1],[0,-1],[1,0]],[[289,145],[0,-2],[-2,0],[-2,-1],[0,-1],[1,0],[0,-1],[1,0],[-1,-1],[-1,0],[-2,-1],[2,-1],[0,-1],[2,0],[-1,-2],[-4,0],[-1,-1],[0,-1],[-1,1],[0,1],[-1,1],[-3,0],[-4,2],[-1,1],[0,4],[-2,1],[-1,0],[-1,-2],[0,-1],[-2,-2]],[[265,138],[-2,2],[-1,0],[-1,1],[-1,-1],[0,2],[1,0],[-1,1],[-1,0],[0,1],[-1,1],[0,1],[1,1],[1,0],[0,2],[1,0],[0,4],[1,2],[-1,2],[-2,0],[-2,1],[-1,1],[0,1],[-1,1],[1,1],[0,3],[-1,0],[1,1],[1,0],[1,2],[-1,0],[-1,1],[0,1],[-1,1],[1,0]],[[256,171],[3,-1],[1,0],[1,-1],[6,0],[4,2],[0,1],[1,0],[2,1],[0,1],[1,1],[2,1]],[[213,102],[1,-1],[2,-1]],[[213,102],[-1,1],[-2,-2],[0,-1],[-1,-2],[0,-1],[-1,0],[-1,-1],[-2,0],[-2,2],[0,1],[-1,-1],[-2,0],[0,-3],[-1,-1],[-2,-1],[1,-1],[-2,-2],[0,-1],[1,-1],[2,1],[1,0],[2,1],[0,1],[5,0],[2,-1],[1,-1],[1,0],[1,1],[2,0],[0,-1],[2,0],[0,-2],[3,0],[0,-2],[-1,0],[-1,-1],[0,-1],[2,-2],[1,0],[0,1],[2,0],[0,3],[2,0],[0,3],[-1,1],[1,1],[-1,0],[0,1],[1,0],[0,1],[1,0],[0,1],[-1,1],[0,2],[-2,-1],[-3,0],[-1,1],[1,0],[0,2],[-2,0],[-1,2]],[[216,100],[0,1],[2,0],[2,-1],[1,1],[2,0],[0,-1],[1,0],[0,2],[1,0],[2,-1],[1,1],[3,0],[2,-1],[1,1],[1,-1],[1,0],[2,1],[1,0],[1,-1],[0,-1],[1,-1],[2,0],[1,-2],[2,-2],[1,0]],[[247,95],[1,0],[2,-2],[3,0],[0,-1],[2,0],[1,1],[6,0],[1,-1],[2,0],[1,1],[1,-1],[-1,-2],[0,-1],[-2,0]],[[264,88],[0,1]],[[264,89],[-2,-1],[1,-1],[4,0],[0,-1]],[[266,86],[1,0]],[[267,86],[3,0],[1,-1],[0,-1],[1,0],[2,-1],[1,-1],[2,-1],[0,-1],[1,0],[0,-1],[1,-1],[1,0],[0,-3]],[[280,75],[-3,0],[-1,-1],[-2,-1],[-2,0],[-1,1],[-3,0],[-1,-1],[-1,1],[-2,0],[0,1],[-3,0],[-1,-1],[0,-1],[-1,0],[-2,-1],[1,-1],[-2,0],[0,-2],[1,-1],[-2,-2],[1,-1],[0,-1],[1,-1],[-3,0],[-1,-1]],[[253,62],[1,0],[-1,-1],[0,3],[-1,1],[0,1],[-1,0],[0,-1],[-1,0],[-1,-1],[0,1],[-1,1],[-1,0],[-1,1]],[[245,67],[1,0]],[[246,67],[0,1],[-2,1],[-1,0],[-1,1],[0,3],[-1,0],[0,1],[-1,1],[-2,0],[-2,-1],[-1,0],[-1,-1]],[[234,73],[0,3],[-1,0],[-6,2],[-7,0],[0,-2],[-1,-1],[0,-1],[-1,0],[-2,-1],[-1,0],[1,-1],[-1,-1],[-2,0],[0,-1],[-1,-1],[-2,0],[-1,-1],[-1,0],[1,-1],[-7,0],[0,-1],[-2,0],[0,-1],[-1,0],[-2,-1],[-1,1],[-1,0],[0,-1],[-1,0],[-2,-1],[-2,0],[0,2],[-2,0],[-1,-1],[-1,1],[-1,-1],[0,-2],[-1,0],[0,-1],[-1,0]],[[183,61],[-1,1],[0,1],[-1,1],[0,2],[3,6],[1,1],[0,2],[-1,1],[0,2],[3,3],[0,5],[1,0],[2,2],[1,2],[0,2],[-1,0],[0,2],[-1,0],[-1,1],[0,1],[-1,0],[0,1],[-1,0],[-1,1],[1,3],[-1,2],[0,2],[1,0],[0,3]],[[186,108],[3,0],[1,-1],[1,1],[7,0],[0,1],[2,-2],[2,1],[1,-1],[1,1],[1,0],[1,-1],[0,-3],[1,1],[6,-3]],[[221,96],[0,0]],[[59,392],[0,1],[-1,1],[0,1],[-1,0],[-2,1],[-1,2],[-2,1],[1,1],[2,3],[-1,1],[1,0],[1,2],[-1,2],[0,1],[-3,0],[0,1],[-1,1],[1,1],[0,1],[-1,0],[-2,1]],[[24,467],[0,1],[-1,0],[-1,1],[-2,0],[-1,1],[-3,0],[0,3],[0,0],[0,1],[1,2],[-6,0],[-1,1],[-3,0],[0,-1],[-1,0],[-3,-1],[0,1],[1,1],[0,2],[-1,0],[0,1],[-2,1],[0,3],[-1,0],[0,1],[2,0],[2,1],[1,1],[1,0],[0,-2],[2,-2],[2,0],[1,2],[0,1],[1,1],[0,1],[3,2],[2,1],[1,0],[2,1],[2,2],[1,0],[2,2],[2,0],[1,1],[2,0],[1,1],[1,0],[1,1],[-2,2],[2,1]],[[102,397],[0,1],[-2,0],[-1,2],[-1,1],[1,1],[0,1],[1,1],[-1,0],[-1,1],[0,1],[-2,0],[0,1],[1,1],[1,0],[0,1],[-1,1],[0,1]],[[97,411],[-1,-1],[-1,0],[1,1],[1,0]],[[97,411],[1,1],[1,0],[1,1],[2,0],[1,-2],[1,-1],[2,0],[2,-2],[2,2],[3,0],[-1,2],[1,0],[0,1],[-1,1],[1,0],[0,1],[-2,0],[1,1],[0,1],[-1,0],[0,1],[3,0],[2,1],[-1,1],[0,2]],[[355,660],[3,-1],[1,1],[4,0],[2,2],[1,0],[0,1],[5,0],[0,1],[-1,1],[1,0]],[[66,327],[-1,0],[-1,-1],[-3,0],[0,1],[-3,0],[-4,4],[-2,0],[-2,-2],[-1,1],[0,2],[-1,1],[-1,0],[-2,2],[-2,0],[-2,2],[-1,0],[-1,2],[1,0],[-1,1],[-1,0],[1,1],[0,1],[-1,1],[1,1],[-3,0],[0,1],[-1,1],[-1,0],[0,-1],[1,0],[-1,-1],[0,1],[-1,0],[0,3],[-1,1],[-1,0],[-1,1],[0,1],[-2,2],[1,0],[0,-1],[1,1],[-1,1],[0,2],[-1,1],[0,1],[-1,0],[0,1],[1,1],[-1,0],[1,1],[0,1],[1,0],[-1,1],[1,0],[0,2],[-1,0],[1,2],[1,0],[0,1],[1,0],[0,1],[-1,0],[-1,1],[1,1],[0,2],[1,0],[1,-1],[0,1],[3,0],[0,4],[-1,1],[-1,0],[0,2],[1,1],[2,0],[1,2],[2,0],[2,1],[4,0],[1,2],[0,2],[1,1],[0,1],[1,0],[0,1],[1,0],[1,1],[2,-2],[2,0],[0,1],[1,-1],[0,1],[1,0],[3,1]],[[59,392],[2,0]],[[102,397],[1,-1],[-1,-1],[0,-1],[1,-1],[-2,0],[0,-1],[3,0],[2,-1],[1,1],[2,0],[1,-1],[1,1],[0,-1],[1,0],[3,-1],[2,0],[0,1],[1,1],[2,0],[0,2],[2,0],[0,1]],[[91,361],[-1,1],[0,1],[-1,-1],[-2,0],[-2,2],[0,1],[-2,0],[-2,-1],[-3,0],[0,1],[1,0],[-1,1],[-1,0],[0,1],[1,0],[0,1],[-1,0],[-1,1],[-2,0],[1,1],[1,0],[-1,2],[1,1],[-1,1],[2,0],[0,1],[2,0],[0,3],[-1,0],[1,1],[-3,0],[0,3],[-1,1],[-3,0],[-1,1],[0,2],[-1,0],[0,1],[-3,0]],[[66,387],[1,0]],[[67,387],[0,1],[-1,2],[-2,0],[0,-1],[-1,-1],[-1,0],[1,1],[-2,1],[-1,1],[1,1]],[[61,392],[0,1],[-2,0],[-1,1],[0,3]],[[57,397],[1,0]],[[58,397],[-1,1],[0,2],[2,0],[1,-1],[0,-1],[1,-1],[1,1],[1,0],[0,-1],[1,0],[0,-3],[-1,0],[1,-1],[1,1],[2,0],[1,1],[1,0],[0,1],[1,0],[1,1],[1,0],[0,1],[1,0],[1,-1],[2,1],[1,0],[1,1],[1,0],[1,1],[0,-2],[1,1],[2,-2],[-1,-1],[2,-1],[2,0],[0,2],[1,1],[3,-3],[0,-1],[1,-1],[0,1],[3,1],[2,1],[3,0],[0,1],[1,0],[1,-1],[1,1]],[[698,603],[-1,0],[-2,-1],[-2,1],[0,-1],[-2,0],[-1,-1],[1,0],[0,-1]],[[690,600],[1,0]],[[691,600],[-2,-2],[-2,0],[-2,-1],[1,0],[0,-1],[1,-1],[1,0],[0,-1],[-7,0],[-1,-3],[0,-1],[3,0],[0,-4],[-1,-2],[1,0],[0,-1],[-1,0],[-1,-1],[0,-3],[2,0],[1,-1],[2,0],[3,-1],[4,-1],[1,2],[0,1],[4,0],[0,2],[1,0],[0,-1],[1,0],[0,-2]],[[699,578],[1,0]],[[700,578],[1,-2],[0,-1],[1,-1],[0,-1],[2,0]],[[731,559],[-2,-2],[-2,0],[0,-1],[-5,0],[0,-1],[-2,0],[1,1],[-3,0],[-2,1],[0,-1],[-1,-1],[-1,0],[0,-2],[-2,0],[-1,1],[-3,0],[0,-1],[-1,1],[-1,0],[0,-1],[-1,1],[0,-1],[-2,0],[-1,-1],[0,-1],[-2,0],[-1,-1],[-4,0],[0,1],[-1,0],[-1,-1],[0,-1],[-2,-1],[-1,-1]],[[681,594],[0,1],[-1,-1],[1,0]],[[195,455],[2,0],[3,1],[0,1],[1,0],[0,1],[2,1],[3,0],[0,2],[-1,1],[1,1],[-1,1],[1,1],[0,1],[-1,0],[0,1],[-2,1],[3,0],[2,1],[1,2]],[[390,642],[-4,2],[0,3],[-1,1],[0,1],[1,1],[1,0],[2,4],[-1,-1],[-1,0],[0,1],[1,0],[-1,3],[-1,2],[-1,0],[-2,-1],[-1,0],[0,-1],[-3,0],[0,-1]],[[379,656],[1,0]],[[380,656],[-2,0],[-1,1],[0,-1],[-1,1],[0,2],[3,2],[2,0],[0,2]],[[381,663],[1,0]],[[382,663],[-2,0],[-1,1],[-2,0],[-3,-1],[-2,0],[-1,2]],[[371,665],[1,1],[-3,0],[-2,1],[1,1],[2,0],[0,4],[-1,0],[0,1],[-1,0],[-1,2],[1,0],[3,2],[5,1],[4,0],[2,2],[-1,0],[-1,1],[-1,0],[-1,3],[2,0],[0,1],[3,0],[1,1],[4,0],[1,1],[0,1],[3,1],[1,0],[0,-1],[2,0],[1,-1],[2,0],[1,1],[1,2],[-1,1]],[[383,663],[-1,0]],[[382,663],[1,-1]],[[383,663],[0,-1]],[[383,662],[1,1],[-1,0]],[[480,672],[-1,-1],[0,-1],[-2,0],[-3,1],[0,1],[-4,1],[-2,-2],[-1,1],[-2,-1],[-1,1],[-3,0],[-1,1],[0,1],[-1,0],[0,1],[-1,1],[-1,0],[-2,-1],[-1,1],[-5,0],[0,1],[-2,0],[-1,1],[2,1],[0,1],[1,0],[0,1],[-2,0],[0,1],[-3,0],[-2,1],[-5,0],[0,1],[-3,0],[-1,1],[-1,-1]],[[432,684],[0,-1],[-1,0],[0,1],[1,0]],[[432,684],[-3,1],[-1,1],[-2,1],[-1,1],[-3,0],[-1,1]],[[56,293],[-1,1],[0,1],[-2,0],[1,1],[2,0],[-1,1],[0,1],[1,1],[2,0],[2,3],[2,4],[0,1],[-1,0],[4,4],[2,0],[2,2],[1,0],[-1,1],[0,1],[2,0],[-2,1],[0,2],[2,2],[0,1],[-1,0],[0,1],[1,0],[-1,1],[0,1],[1,0],[1,1],[0,1],[-1,0],[-1,-1],[-1,1],[-2,0],[-1,1]],[[66,327],[1,1],[1,0],[0,1],[1,0],[2,1],[1,0]],[[72,330],[0,-1]],[[72,329],[0,3],[2,1],[4,0],[0,2],[1,1],[0,1],[1,0],[0,-2],[3,0],[1,-1],[0,1],[1,0],[0,1],[1,0],[2,2],[1,0],[0,1],[1,0],[2,-1]],[[278,296],[-1,-3],[1,-2]],[[266,284],[4,1],[2,1],[0,1],[2,2],[-1,0],[1,2],[1,1],[1,0],[2,-1]],[[278,291],[3,-6],[2,-3],[-1,0],[-2,-2],[2,-1],[2,0]],[[698,620],[-7,0],[-1,-1],[0,-1],[-3,-1],[-5,-1],[-3,0],[-3,1],[0,-1],[-2,-2],[-1,1],[-1,0],[-1,-1],[0,-1],[-1,0],[0,-1],[-1,-1],[-2,0],[-1,-1],[-2,0],[-1,-1],[0,-1],[-1,0],[-4,-1],[-2,0]],[[642,616],[0,1]],[[640,619],[0,1],[-2,0],[-1,2],[1,3],[-2,1],[0,3],[-1,0],[-1,2],[2,1]],[[652,649],[-3,0],[0,1],[-1,0]],[[647,650],[-2,-2],[-1,0],[-2,-2],[0,-2],[-1,-2],[-1,0],[0,-1],[-1,-1],[0,-1],[-1,0],[-2,-1],[-1,0],[0,-1],[1,-2],[0,-1],[1,0],[0,-1],[-1,0],[0,-1]],[[636,632],[-2,0],[0,1],[-1,1],[0,1],[-1,1],[-4,0],[1,-1],[0,-3],[-2,-1],[-5,-1],[-1,-1],[0,-1],[-1,0],[0,-1],[-1,0],[0,-1],[1,0],[0,-1],[-1,0],[-1,-2],[0,-1],[-1,0],[0,-4],[-1,-1],[0,-2],[5,0],[2,1],[1,0],[1,-1],[0,-1],[1,0],[0,-1],[1,0],[0,-1],[1,-1]],[[560,671],[3,0],[2,1],[1,-1],[1,-4],[2,-1],[0,-1],[6,-2],[1,-1],[1,1],[9,0],[3,-1],[1,0],[1,1],[2,0],[1,-1],[0,-1],[1,0],[1,1],[0,-1],[1,0],[0,1],[1,-1],[2,1],[1,-1],[2,0],[5,-2],[0,-1],[-1,0],[1,-2],[5,2],[3,0],[1,1],[3,0],[0,1],[1,1],[1,2],[0,1],[1,2]],[[167,332],[-1,-1],[0,-2],[1,-1],[0,-2],[1,-1],[1,0],[0,-1],[2,0],[1,-1],[0,-1],[-1,-1],[-1,0],[-2,-2],[2,-2],[1,0],[0,-1],[2,2],[1,0],[0,-1],[2,0],[1,-3],[-1,-1],[1,-1],[1,0],[1,1],[1,0]],[[126,304],[3,2],[0,1],[-1,1],[1,1],[1,0],[-1,1],[-1,0]],[[196,399],[-2,0],[-1,-1],[-3,0],[0,1],[-4,4],[-2,-2],[-2,0],[0,-1],[-2,-1],[-1,0],[-3,-2],[1,-1],[0,-2],[1,-1],[3,0],[0,-1],[-1,-2],[0,-2],[1,-1],[4,0],[1,1],[3,0]],[[131,386],[-3,1],[-1,1],[-2,0],[0,-1],[-2,0],[0,1],[-1,0],[-2,2],[2,0],[0,1],[2,0],[1,1],[0,1],[3,0],[-3,1],[-1,0],[0,1],[-2,0]],[[122,395],[-1,0],[1,1],[1,0],[1,2],[0,1],[1,1],[0,-1],[2,1],[1,0],[0,1],[1,0],[3,1],[1,-1],[1,0],[1,1],[2,0],[0,-1],[1,0],[-2,-2],[4,2],[1,1],[2,1],[5,0],[1,-1],[1,0],[1,-1],[3,0],[0,3],[-2,0],[-1,1],[3,0],[1,1],[1,0],[-1,1],[0,1],[1,0],[0,1],[1,1],[2,0],[2,1]],[[289,813],[-1,2],[-3,4],[0,6],[1,1],[2,4],[0,1],[1,0],[0,2],[2,3],[0,1],[1,4],[2,2],[1,0],[2,3],[2,2],[7,2],[2,-2],[1,0],[3,-3],[5,-3],[6,0],[8,-1],[3,1],[2,0],[4,1],[3,-1]],[[285,259],[-2,-1]],[[284,266],[-1,-1],[-1,0],[-1,-1],[0,-1],[1,-1],[2,-1],[1,0],[0,-2]],[[281,316],[-1,0],[-2,-1],[-1,1],[-3,0],[-1,-1],[-1,1],[-1,0],[0,-1],[-1,-2],[0,-2],[-1,0],[0,-1],[-3,0],[-3,1],[-2,-1],[-1,0],[0,-1],[1,-1],[1,0],[0,-2],[-2,0],[-1,-1],[-1,-3],[1,-1],[1,0],[0,-3]],[[222,318],[2,2],[1,0],[0,1],[-1,1],[1,0],[0,3],[-1,0],[0,1],[1,1],[1,0],[0,1],[1,0],[1,1]],[[555,614],[1,0],[5,-1],[1,-1],[4,0],[0,-2],[2,0],[0,-2],[1,0],[1,-1],[6,0],[0,-2],[1,-1],[-1,-1],[-1,0],[1,-1],[2,0],[0,-2],[-1,0],[0,-2],[1,-2],[1,1],[3,0],[0,-1],[2,0],[0,-1],[2,-1],[1,-1],[2,0],[-1,1],[1,1],[3,0],[0,-1],[3,0],[0,1],[1,-1]],[[171,441],[3,-3],[0,-2],[2,0],[0,-3],[-1,-1],[0,-1],[1,0],[-1,-1],[-2,0],[0,-1]],[[172,429],[1,0]],[[173,429],[2,0],[-1,-1],[1,-1],[0,-2],[1,0],[1,-1],[1,0],[1,-1],[1,1],[0,-1],[1,0],[1,1],[0,1],[1,0],[0,1],[1,1],[-1,1],[0,1],[-1,1],[0,1],[1,0],[1,-1],[1,1],[0,-2],[1,0],[0,3],[-1,0],[1,1],[1,0],[1,1],[1,-1],[2,0],[1,1],[2,0],[1,-1],[2,0],[1,-2],[1,0],[1,-1]],[[189,410],[-1,-1],[-1,1],[-1,-1],[0,-1],[-2,-2],[0,-1],[-1,-1],[-4,0],[-1,-1],[-2,0],[-3,1],[-2,2],[0,1],[-5,0],[-2,2],[-1,0],[0,1],[-1,0],[-1,1]],[[161,411],[0,1],[-1,0],[-2,2],[0,1],[-1,0],[0,1],[-1,0],[0,1],[-1,1],[0,1],[-1,1],[0,2],[-2,2],[-2,0],[0,1],[-2,0],[-2,1],[1,3],[-1,1]],[[193,382],[1,0],[0,2],[-3,3],[-1,0],[0,1],[-1,0]],[[189,388],[-1,2],[0,2],[6,0],[1,1],[1,0],[0,1],[2,2]],[[614,728],[-1,0],[-2,-1],[-3,0],[-1,-1],[0,-1],[-2,0],[0,-1],[-1,-1],[-1,0],[-3,-1],[-2,-1],[-2,0],[-1,-1],[-2,-1],[-2,0],[0,1],[-1,1],[-1,0],[0,-1],[-4,0],[0,1],[-2,0],[0,1],[-1,0],[-6,1],[-1,-1],[-6,0],[0,1],[1,1],[-11,0],[-1,-1],[0,-2],[-1,-1],[0,-1],[-2,0],[-3,-3],[-3,0],[-1,1],[-1,-1],[0,-1],[-1,1],[-1,0],[-1,1],[0,-1],[-2,0]],[[578,755],[-1,1],[-1,0],[-1,1],[-2,-1],[-3,-3],[-2,0],[-4,2],[-1,1],[-1,0],[-2,2],[-4,2],[-3,2],[-1,1],[-2,1],[-3,2],[-3,1],[1,-1],[-1,-2],[0,-1],[1,-1],[0,-1],[-1,0],[1,-1],[2,0],[0,-2],[1,0],[0,-1],[1,-1],[0,-2],[-2,0],[-1,1],[-1,-1],[-3,-1],[-4,1],[-1,0],[-3,-3],[-2,0]],[[458,752],[2,1]],[[461,753],[-1,0]],[[460,753],[2,2],[0,2],[2,0],[1,1],[2,0],[1,1],[1,0],[1,-1],[2,1],[1,0],[3,1],[0,2],[-1,0],[-1,1],[-1,0],[0,1],[-1,0],[0,1],[1,2],[2,0],[2,1],[1,1],[-1,0],[-1,1],[2,2],[-4,0],[-1,1],[3,3],[2,0],[1,1]],[[479,778],[0,-1]],[[479,777],[3,0],[0,1],[3,0],[0,3],[4,0],[1,1],[0,1],[2,-1],[2,0],[0,-1],[4,0],[0,1],[2,0],[1,2],[0,1]],[[260,298],[1,-1],[2,0]],[[266,262],[-1,0],[-2,1],[-3,0],[-3,2],[0,1],[-1,0],[0,2],[1,1],[0,2],[-1,0],[-1,-1],[0,1],[-3,0],[0,1],[-4,0],[-1,1],[0,-1],[-1,-1],[-1,1],[-2,0],[0,-2],[1,-1],[-2,-1],[-4,0],[0,-1],[-1,0],[-2,1],[-2,-2],[-1,0]],[[225,262],[-7,0]],[[215,268],[1,0]],[[249,302],[3,0],[0,1],[3,-1],[0,-2],[1,0],[1,-1],[1,-2],[2,1]],[[222,318],[1,-1],[1,0],[0,1],[1,0],[2,1],[0,-1],[-1,-1]],[[226,317],[-1,0],[0,-1],[1,1]],[[226,317],[0,-2],[1,1],[2,-2]],[[230,314],[-1,0]],[[229,314],[-1,0],[0,-2],[1,0],[1,-1],[1,0],[0,1],[2,0],[1,1],[1,0],[3,-1],[1,-1],[4,0],[0,1],[1,-1],[0,-2],[1,0],[0,-1],[2,0],[1,-1],[1,0],[0,-2],[1,-1],[-1,0],[0,-2]],[[249,302],[-1,0],[0,-1],[-2,0],[0,-1],[-1,0],[0,-1],[1,0],[-1,-1],[-1,0],[1,-1],[-1,0],[-1,-1],[-1,0],[0,-2],[1,-1],[-1,-1],[-2,0],[-2,-2],[-1,0],[0,-1],[-1,-1],[-1,0],[-2,-2],[-2,-1],[-3,0]],[[199,306],[1,0]],[[200,306],[1,0],[0,1],[1,1],[0,2],[1,1],[0,1],[-1,2],[2,1],[3,2],[0,1],[-1,0],[0,1],[1,1],[1,0],[0,-2],[2,1],[2,0],[1,-1],[2,1],[0,1],[2,0],[1,-1],[3,0]],[[221,320],[0,-1]],[[221,319],[1,-1]],[[277,254],[-2,-2],[-1,-2],[1,1],[1,0],[0,-2],[-2,-2],[0,-1],[-1,-1],[-1,-2],[1,0],[0,-2],[-1,-2],[0,-3],[-1,-1],[0,-1],[-2,-2]],[[269,232],[-3,-3],[0,-1],[-1,-1],[0,-3],[-1,-1],[0,-1],[-1,-1],[-1,0]],[[262,221],[0,-1],[-1,-1]],[[261,219],[-3,-1]],[[258,218],[-1,0],[-1,1],[-2,-1],[-1,1],[-3,0],[-3,1],[-3,0],[-4,2]],[[687,672],[-2,-1],[-1,1],[-5,0],[0,2],[-3,2],[-1,-1],[-1,0],[-1,-1],[-4,0],[0,-1],[-2,0],[0,3],[1,1],[0,2],[-1,0],[0,2],[-1,-2],[0,-3],[-2,-1],[0,-2],[1,-1],[1,-2],[0,-2],[2,-2],[-1,-1],[0,-3],[-1,-1],[-1,0],[0,-1],[-2,-2],[-1,0],[-2,-1],[0,-1],[1,0],[0,-1],[-2,0],[-2,-2],[0,-1],[-5,-3]],[[652,649],[-1,2],[1,0],[0,1],[-1,0],[-1,1],[-1,0],[0,2]],[[648,655],[1,0]],[[649,655],[1,1],[0,2],[-2,2],[-1,0],[-1,-1],[-1,1]],[[645,660],[0,1],[-2,-1],[2,0]],[[645,660],[0,-1],[-1,-1],[-2,0],[-5,1],[1,2],[1,0],[-1,1],[-1,0],[-1,3],[-1,1],[-6,0],[0,1],[-6,-1]],[[623,666],[1,3],[1,0],[0,1],[-2,0],[0,3],[-1,1],[-1,0],[0,3],[1,2],[0,1],[1,2],[-1,0],[1,1],[-1,0],[0,1],[1,0],[0,2],[-7,0],[-1,-1],[-3,-1],[0,1],[-2,0],[-1,-1],[-2,2],[-1,-1],[-1,0],[-1,1],[-1,0],[0,1],[2,2],[4,0],[3,2],[-1,2],[0,2],[1,0],[3,2],[1,1],[0,4],[1,1],[2,1],[1,0],[0,1],[-2,1],[-4,0],[0,2],[2,0],[2,2],[-1,1],[-6,0],[0,1],[-1,3],[6,0],[1,1],[4,0],[2,1],[5,0],[-1,2],[-1,1],[1,0],[1,2],[-2,0],[-4,2],[-1,2],[-1,1],[-1,0],[0,-1],[-1,-1],[-3,1],[-1,2]],[[614,728],[-1,2],[0,2],[1,3],[1,1],[1,0],[2,-1],[2,0],[0,1],[-1,0],[1,1],[4,3]],[[648,650],[-1,0]],[[647,650],[-1,0],[-1,1],[0,1],[2,0],[1,-1],[0,-1]],[[782,562],[-3,-2],[0,3],[-1,1],[-5,0],[0,-1],[1,-1],[-3,0],[0,-1],[-1,-1],[0,1],[-1,1],[-1,0],[-1,-1],[-1,0],[-1,1],[0,2],[-1,-1],[-2,0],[0,1],[-2,2],[-2,0],[0,-1],[-2,-1],[-2,0],[-1,-1],[0,-1],[-4,0],[-1,1],[-5,0],[-3,-3],[0,-1],[-1,0],[-1,-1],[-4,-1],[2,1],[0,1],[-2,0],[-1,-1],[-2,1]],[[731,559],[-2,1],[1,1],[0,3],[-3,0],[-3,-1],[-2,2],[0,1],[-2,0],[-1,1],[0,2],[-4,0],[-3,-1],[-4,0],[0,-1],[-1,-1],[-1,0],[0,3],[1,0],[-1,2],[-3,0],[0,1],[1,0],[0,1]],[[704,573],[2,0],[0,1],[-1,0],[0,1]],[[706,575],[-1,0]],[[705,575],[0,1],[1,1],[-1,1],[0,2],[-2,0],[-2,2],[1,1],[1,0],[0,1],[-2,4],[-2,1],[0,1],[2,2],[2,0],[-1,3],[0,1],[-1,2],[1,0],[1,1],[-2,2],[0,-1],[-3,0],[-1,1],[1,1],[0,1]],[[698,603],[0,1],[-2,0],[0,1],[2,1],[5,1],[3,3],[3,0],[0,3]],[[387,969],[2,-2],[-1,-1],[1,-1],[0,1],[3,3],[3,0]],[[229,402],[-1,0],[-1,-1],[-1,0],[0,2],[-3,0],[-2,-2],[0,1],[-2,-1],[1,-1],[-4,0],[0,-1],[3,0],[0,-2],[-1,-1],[0,-1],[-2,0],[0,1],[-2,-1],[-1,1],[-2,0],[1,1],[-2,-1],[-1,1],[0,-1],[-1,0],[-1,1],[0,1],[1,0],[0,1],[1,0],[1,1],[-1,1],[-1,0],[-1,-1],[-1,0],[0,2],[-2,-1],[0,-3],[-1,-1],[-1,0],[-2,-1],[-1,-1],[-1,1]],[[198,396],[1,1],[-1,0],[0,1],[-2,1]],[[196,399],[-1,1],[-1,-1],[0,2],[2,1],[1,0],[0,1],[-1,0],[0,2],[-2,0],[0,1],[-2,1],[1,1]],[[194,409],[-1,-1]],[[193,408],[-1,0],[-1,-1],[-1,1],[0,1],[-1,1]],[[189,410],[-1,1],[1,1],[2,1],[0,-1],[1,0],[1,1],[1,-1],[0,1],[1,0],[0,1],[1,0],[0,-1],[1,1],[0,1],[-1,0],[1,1],[-1,1],[1,1],[2,0],[0,1],[1,1],[-1,1],[1,1],[-1,1],[0,1],[-1,0]],[[198,423],[0,1]],[[198,424],[0,1],[-1,1],[-1,0],[1,3],[3,1]],[[200,430],[0,5],[-1,0],[0,1],[1,1],[1,0],[0,-1],[1,1],[0,2],[-2,0],[0,1],[-1,0],[0,1],[2,1],[1,0],[1,1],[-2,0],[1,1],[3,0],[-1,1],[2,0],[1,-1],[1,1],[1,-1],[2,0],[0,-3],[2,0],[1,1],[2,-2],[1,0],[0,-1],[-1,0],[0,-1],[1,0],[3,-1],[1,1],[-2,0],[0,2],[1,1],[0,1],[4,0],[0,-1],[2,0],[3,-2],[0,-1],[-1,0],[1,-1],[2,0],[1,1],[1,0],[0,1],[2,1],[2,0]],[[200,427],[-2,0],[2,-2],[1,1],[0,1],[-1,0]],[[200,425],[0,0]],[[196,423],[1,0],[0,-1],[-1,0],[0,1]],[[121,363],[0,1]],[[122,364],[-1,0]],[[121,364],[0,2],[1,1],[1,0],[-1,1],[-1,0],[-1,1],[-1,2],[1,0],[0,3],[-1,0],[0,2],[-1,1],[1,1],[0,1],[1,0],[0,1],[1,1],[0,-1],[1,0],[1,1],[1,-2],[0,-1],[1,1],[2,0],[0,2],[2,0],[0,1],[1,0],[0,2],[1,1],[0,1]],[[131,386],[1,0],[0,-1],[4,0],[1,1],[0,-2],[2,1],[1,0],[0,1],[4,0],[0,-2],[1,0],[1,-1],[1,1],[3,0],[0,-1],[3,0],[0,-1],[2,0],[0,-2],[1,-1],[1,0],[1,-1],[-1,-1],[-1,0]],[[156,377],[-1,0],[0,-1],[1,1]],[[156,377],[0,-1],[5,0],[2,2],[0,-1],[2,0],[-1,-2],[-1,-1],[-1,0]],[[162,374],[-1,0],[0,-1],[1,1]],[[162,374],[1,-1],[1,0],[0,-1],[1,-1]],[[287,782],[1,-2],[1,-4],[-1,-1],[-1,-2],[2,0],[0,-1],[4,0],[1,1],[2,0],[1,-1],[3,0],[0,-1],[3,1],[1,-1],[0,1],[2,0],[0,1],[5,0],[1,1],[-1,1],[1,1],[3,0],[0,1],[1,-1],[0,1],[-1,1],[-1,2],[0,1],[-1,0],[2,1],[1,1],[1,0],[1,1],[0,1],[3,0],[4,1],[2,0],[4,-2]],[[402,778],[1,0],[1,-2],[1,0],[0,-2],[1,0],[1,-1],[0,-1],[-1,0],[0,1],[-1,-1],[1,-1],[0,-1],[1,-2],[0,-2],[2,-2],[4,0],[1,-1],[1,0]],[[349,754],[-1,2],[0,1],[-2,1],[-1,1],[0,1],[-1,5],[0,2],[-1,1],[-1,0],[-2,2],[0,1],[1,0],[1,2],[0,1],[-2,0],[0,1],[1,1],[0,1],[-3,1],[-1,0],[-2,1],[0,3],[-1,0],[-3,1],[0,1]],[[331,784],[0,1],[1,0],[4,3],[-1,1],[-1,0],[-1,2],[-1,1],[1,0],[3,2],[1,0],[0,1],[1,0],[-1,1],[-1,0],[0,2],[1,0],[0,2],[-5,1],[-1,0],[-1,1],[1,1],[3,1],[1,-1],[3,0],[0,1],[1,0],[0,1],[-1,0],[2,2],[2,-1],[1,0],[2,1],[1,1],[4,0],[0,-1],[3,-1],[1,0],[0,1],[1,1],[1,2],[1,1]],[[231,278],[1,0],[0,-1],[-1,1]],[[228,285],[-1,0],[0,-4],[2,-2],[3,0],[-2,-2],[-2,-1],[-1,-1],[1,-1],[0,-1],[-1,0],[0,-1],[-5,0],[-1,-1],[-1,0],[-1,-1],[-2,0],[-1,-2]],[[216,268],[-1,1],[-2,1],[1,1],[-1,0],[-1,1],[1,1],[2,0],[3,2],[0,1],[-1,3],[0,1],[-2,2],[-1,-1],[-2,0],[-2,1],[1,1],[0,1],[-2,0],[-1,1],[-2,0],[0,-1],[-1,-1],[-1,0],[-2,2],[-4,0],[-1,-1],[1,-1],[-1,-1],[0,-1],[1,0],[2,-1],[0,-1],[-3,0],[0,1],[-2,-1],[-2,0],[-1,-1],[0,-2],[2,1],[0,-1],[2,0],[1,-1],[0,-2],[1,0],[1,-1],[0,-1],[2,2],[3,-1],[1,1],[2,0],[2,-2],[1,0],[1,-2],[1,0],[1,-1],[2,0]],[[215,268],[-1,-1],[-1,-2],[0,-1],[1,-1]],[[199,297],[4,0],[1,2],[1,-1],[-1,0],[0,-1],[2,-2]],[[206,295],[-1,0]],[[205,295],[3,0],[0,-1],[-1,-1],[0,-3],[1,1],[4,0],[1,-1],[1,0],[1,-1],[-1,0],[0,-1],[1,0],[2,1],[2,0],[0,1],[3,0],[1,1],[1,-1],[4,0],[-1,-1],[0,-1],[1,-1],[0,-2]],[[200,306],[2,-1],[1,0],[0,-1],[-2,0],[1,-2],[-1,0],[-2,-1],[1,-1],[0,-1],[-1,-2]],[[199,297],[0,1],[-1,0],[-2,-1],[-2,0],[-1,-1],[1,-1],[1,0],[0,-1],[-3,-3],[-2,-1],[0,-1],[-2,0],[0,1],[-1,0],[0,-1],[-2,-1],[-3,1],[-1,1],[0,-1],[-2,-2],[-1,0],[-1,-1],[-1,0],[0,-2],[-1,0],[-2,-2],[1,0],[-1,-1],[-1,0],[0,-1],[1,0],[0,-1],[1,0],[-3,-3],[0,1],[-1,-1],[-1,0],[-1,-1],[0,-1],[-1,-2],[0,-1],[-1,-1]],[[153,292],[3,1],[3,0],[-1,1],[2,0],[0,2],[1,0],[3,3],[1,-1],[0,1],[1,-1],[5,0],[1,1],[-1,1],[1,0],[0,1],[-1,0],[0,1],[-1,1],[0,1]],[[171,304],[-1,0]],[[170,304],[0,2],[1,1],[1,0],[0,1],[2,0],[1,1],[1,0],[1,-1],[3,1],[1,0],[-1,2],[0,2]],[[180,313],[1,0],[1,1],[0,-2],[1,-1],[1,0],[0,-1],[4,0],[1,-1],[1,1],[3,0],[1,1],[0,1],[1,0],[2,-2],[-1,0],[0,-2],[1,0],[-2,-2],[0,-1],[-1,0],[1,-1],[2,0],[3,2]],[[550,558],[1,1],[1,0],[3,1],[0,-1],[4,0]],[[560,559],[1,0],[0,-1],[1,-1],[1,0],[0,-1],[1,0],[0,-1],[2,0],[2,1],[1,0],[0,-1],[1,0],[0,-1],[3,0],[1,-1],[-3,0],[2,-1],[0,-1],[1,0],[2,1],[0,2],[1,1],[1,0],[0,-1],[4,0]],[[582,554],[-1,0]],[[581,554],[3,1],[1,1],[0,1],[1,2],[-1,0],[0,2],[4,0],[0,1],[2,0],[0,1],[1,0],[3,1],[0,1],[2,1],[1,1],[2,0]],[[600,568],[0,-1]],[[600,567],[2,1],[0,2],[1,2]],[[564,555],[-1,0],[0,-1],[1,1]],[[562,556],[0,0]],[[562,555],[-1,1],[0,-1],[1,0]],[[561,555],[-1,0],[1,-1],[0,1]],[[561,556],[-1,1],[0,-1],[1,0]],[[560,556],[-1,0],[1,-1],[0,1]],[[560,557],[0,0]],[[560,555],[-1,-1],[1,0],[0,1]],[[560,559],[-1,0]],[[559,559],[0,-1],[1,1]],[[559,557],[-1,0],[1,-1],[0,1]],[[193,382],[-6,0],[-1,-1],[1,0],[1,-1],[2,0],[1,-2],[3,-3],[0,-2],[1,-1],[4,0],[3,-3],[0,-1],[1,0],[1,-1],[-2,-2],[5,-4]],[[203,350],[-5,0],[2,-2],[-1,-1],[-1,0],[-2,-1],[0,-1],[-1,-1],[0,-2],[-1,-1],[-1,1],[-1,0],[-1,-1],[-4,-2],[0,-1],[-2,-1],[-3,0],[0,-1],[-5,-4],[-1,1],[-2,0],[-2,-2],[-1,0],[-1,-1],[-1,0],[0,1],[-1,1],[-1,0]],[[167,332],[-2,0],[1,1],[0,3],[-1,1],[-7,0],[0,-1],[-1,-1],[-3,0],[0,1],[1,0],[-1,1],[-1,0],[-2,-1],[0,1],[-1,0],[-2,-2]],[[145,346],[2,0],[2,-1],[2,0],[0,1],[1,0],[0,1],[1,0],[1,-1],[1,2],[0,2]],[[155,350],[0,-1]],[[155,349],[1,0],[4,2],[0,1],[1,-1],[1,1],[-1,1],[0,1],[-1,3],[-1,0],[0,1]],[[159,358],[-1,0],[0,1],[1,-1]],[[159,358],[1,0],[1,1],[0,2],[-1,1],[-2,1],[-1,1],[0,1],[-2,0],[3,2],[1,-1],[1,1],[1,-1],[1,1],[2,0],[0,1],[-1,0],[1,1],[-1,0],[0,1],[2,1]],[[165,371],[3,0],[2,2],[0,1],[-1,0],[-1,1],[1,0],[0,1],[1,1],[0,1],[1,-1],[1,0],[0,-1],[1,0],[2,1],[0,1],[1,0],[1,1],[2,1],[0,2],[1,2],[3,0],[1,-1],[3,0],[1,1],[2,0],[0,-1],[2,0],[1,-1]],[[88,331],[0,1],[2,0],[1,-1],[0,-1],[1,-1],[0,-2],[2,0],[2,-1],[-3,0],[-1,-1],[-1,0],[0,-1],[2,0],[2,-2],[-2,-1],[-3,0],[-1,-1],[0,-1],[1,0],[0,1],[1,-1],[1,1],[0,-2],[1,0],[1,-1],[1,0],[-1,-1],[-2,0],[0,-2],[-1,0],[-1,-1],[-4,0],[-1,-1],[-4,0],[0,1],[1,1],[0,1],[-3,-2],[-3,-1],[-1,0],[1,1],[-1,1],[0,3],[2,2],[3,0],[1,1],[0,1],[-2,0],[0,1],[1,0],[0,1],[3,0],[1,1],[0,1],[1,0],[1,1],[1,3],[1,2]],[[121,363],[0,-2],[3,0],[2,-2],[7,0],[1,-1],[0,-1],[1,-1],[0,-1],[2,-2],[0,-1],[1,-1],[0,-1],[1,0],[0,-1],[2,0],[3,-1],[0,-1],[1,-1]],[[145,346],[1,-1],[1,0],[1,-1],[2,-1],[1,0],[0,-1],[-1,0],[0,-1],[-1,-1],[0,-1],[-2,0],[0,-1],[-1,-1],[2,-2]],[[148,335],[1,-1]],[[149,333],[0,1]],[[149,334],[3,-2],[0,-1],[-2,0],[0,-1],[-1,0],[0,-1],[-1,0],[-2,-1],[-2,-2],[-1,0],[0,-1],[-2,-1],[-1,-1],[-2,-1],[-1,0],[0,-4],[-2,0],[0,-1],[-2,-3],[-2,-1],[-3,-3]],[[128,310],[-1,-1],[-2,0],[-1,-1],[-1,1],[-2,0],[1,1],[-2,0],[0,5],[-2,0],[0,1],[-1,0],[-3,2],[-1,1],[0,1],[-1,1],[-1,0],[-1,1],[1,1],[1,0],[1,1],[0,1],[1,1],[1,-1],[2,0],[1,1],[0,1],[-1,1],[-3,0],[-3,3],[0,1],[-1,1],[0,1],[-1,1],[0,-2],[-4,0],[-1,-1],[-2,0],[-1,-1],[0,1],[-1,2],[-2,1],[-1,0],[1,1],[-3,0],[-1,-1],[-1,0],[0,2],[-1,1]],[[92,338],[0,2],[-1,0],[0,1],[1,2],[-1,1],[-1,0],[-1,1],[0,1],[3,2],[2,0],[-1,1],[0,2],[-1,0],[0,1],[-1,1],[0,2],[1,1]],[[93,356],[-1,0]],[[92,356],[-1,1],[0,1],[-1,1],[0,2],[1,0]],[[91,361],[0,1],[3,0],[2,2],[0,1],[3,0],[0,-1],[1,0],[0,1],[2,0],[1,1],[1,0],[3,1],[1,0],[2,-2],[0,-1],[2,-1]],[[113,363],[-1,0]],[[112,363],[1,-1],[0,-2],[1,0],[2,1],[1,1],[0,-1],[1,-1],[2,2],[0,1],[1,0]],[[458,752],[3,-2],[1,0],[1,-1],[-1,-1],[-1,0],[0,-1],[-1,-1],[-2,-1],[0,-1],[-1,-1],[-1,0],[-1,1],[-1,-1],[1,0],[0,-1],[3,-1],[8,0]],[[467,742],[0,1],[2,2],[3,0],[0,-1]],[[472,744],[1,0]],[[476,727],[-2,-1],[-3,-1],[0,1],[-3,1],[-1,-2],[0,-1],[-4,0],[0,-2],[-1,1],[-5,0],[0,-1],[-3,-1],[-2,-1],[-1,0],[-1,-1],[-3,-1],[0,1],[-2,0],[-1,1],[0,1],[-6,0],[0,1],[-1,0],[0,1],[-1,0],[-1,-1],[0,-2],[-1,-1],[-1,0],[0,-2],[1,0],[0,-2],[-3,-3],[0,-8],[1,-1],[-1,0],[-2,-1],[-2,0],[-2,-1],[-2,0],[0,-1],[1,-1],[-2,-1],[-2,0],[0,-1],[1,0],[1,-1],[-1,-1],[0,-2],[1,0],[0,-3],[-1,-1]],[[421,689],[0,-1],[-2,0],[0,-1],[-1,0],[0,-1],[1,0],[-1,-2],[-5,0],[-1,1],[-1,0],[-1,2],[1,1],[2,0],[-3,1],[-1,0],[-1,1],[-1,0],[0,1],[-1,0],[0,1],[-1,0],[0,1],[1,0],[-3,1],[-3,-1],[-1,-2]],[[399,691],[-1,1],[0,1],[-2,1],[0,1],[1,1],[-1,1],[-2,0],[0,3],[-8,0],[-1,1],[-4,0],[-1,-2],[-4,0],[1,1],[2,0],[0,2],[-2,0]],[[377,702],[1,0]],[[378,702],[0,1],[-1,1],[-1,0],[1,1]],[[391,724],[1,2],[1,0],[2,1],[1,0],[0,1],[1,0],[2,1],[2,-1],[1,-1],[0,-2],[3,1],[1,0],[1,2],[0,1],[1,1],[0,-1],[1,0],[1,1],[3,1],[2,2],[0,1],[-2,0],[0,2],[1,0],[1,1],[-2,2],[-2,0],[-1,1],[-2,0],[0,2],[-1,0],[2,1],[2,2],[0,3],[-1,0],[-1,2],[1,1],[1,0],[0,1],[1,1]],[[412,753],[-1,0]],[[411,753],[3,0],[0,1],[1,1],[5,0],[2,1],[-1,1],[-2,1],[-1,2],[-3,3]],[[415,763],[3,0],[3,-1],[1,0],[0,-1],[2,-1],[3,0],[1,-1],[1,0],[2,1],[0,1],[1,0],[1,1],[1,0],[1,-1],[3,-1],[3,-3],[2,0],[1,1],[4,0],[2,-1],[0,-1],[1,0],[2,-1],[1,0],[0,-1],[1,0],[3,-2]],[[413,733],[0,0]],[[425,800],[-1,-1],[-1,0],[-1,-1],[1,0],[0,-1],[2,0],[0,-3],[1,0],[0,-2],[-1,-1],[-3,0],[-2,-2],[-1,0],[-1,-1],[-6,0],[0,-1],[-2,-2],[-1,0],[-1,-1],[0,-1],[1,-1],[-2,0],[-2,-1],[-3,-3]],[[402,778],[-1,1],[2,2],[0,2],[-4,0],[-2,1],[0,1],[-4,-4],[0,-1],[-2,0],[-1,-1],[-4,2],[-1,1],[-1,0],[-2,2],[-2,1],[1,1],[1,0],[0,1],[-1,1],[-2,0],[-1,1],[1,1],[0,1],[-1,1],[1,1],[-1,0],[-1,1],[-2,0],[0,-1],[-2,1],[0,1],[-1,0],[-1,-1],[-2,0],[-1,1],[-1,0],[-1,2],[1,1],[-1,1],[2,1],[1,1],[3,1],[-2,2],[0,1]],[[370,805],[1,0]],[[371,805],[-3,0],[0,-1],[-4,0],[-1,-1],[-2,0],[-2,3],[0,2],[-1,2],[-1,1]],[[357,811],[1,2],[2,0],[0,1],[1,0]],[[362,814],[-1,0]],[[361,814],[1,1],[1,0],[1,-1],[1,1],[1,0],[0,1],[3,0],[0,1],[2,1],[0,3],[-2,1],[-1,-1],[-3,0],[-1,1],[1,1],[0,1],[1,0],[1,1],[2,0],[0,1],[3,2],[2,1],[-1,0],[-1,1],[-1,0],[0,2],[-1,1],[0,1],[-2,-1],[-1,0],[-1,-1],[-1,0],[-2,2],[-1,0],[-2,2],[-1,0],[0,-1],[-2,1],[0,1],[-1,1],[-4,0],[0,1],[-2,0],[-1,-1],[-1,1],[-1,0],[-1,1],[0,-1],[-2,2],[0,1]],[[344,842],[0,1],[6,2],[10,1],[1,0],[8,-1],[3,0],[0,-1],[4,-2],[0,-1],[1,0],[0,-1],[3,-4],[5,-5],[2,-3],[4,-3],[2,-1],[1,-1],[0,-1],[3,-3],[0,-2],[2,-1],[1,-2],[1,-1],[1,0],[1,-2],[2,0],[2,-1],[1,-1],[2,-1],[2,0],[1,-1],[2,-1],[2,0],[0,-1],[2,0],[0,1],[1,0],[0,-1],[5,0]],[[416,807],[-1,-1],[-1,1],[2,0]],[[406,811],[0,-1],[-1,1],[1,0]],[[393,825],[-1,0],[-2,2],[2,-1],[1,-1]],[[343,842],[1,0]],[[267,260],[0,-1],[-2,0],[0,-1],[-5,0],[-1,-1],[0,-1],[1,0],[-1,-1],[-2,0],[1,-1],[0,-5],[-2,0],[0,-5],[4,0],[0,-1],[1,-1],[-1,-1],[1,-2],[0,-1],[-4,0],[0,-1],[-2,0],[0,-1],[-3,1],[-1,1],[0,2],[-4,-2],[-1,1],[-1,0],[0,-4],[-2,0],[0,-2],[-2,0],[0,-1],[-1,-1],[-2,0],[0,-1],[2,0],[1,-4],[-1,-2],[0,-2]],[[240,222],[-1,1],[-2,1],[-3,0],[-2,2],[-2,-1],[-4,4],[-2,0],[0,-2],[-1,0],[0,1]],[[218,258],[1,0],[0,-1],[1,1],[4,0]],[[224,258],[0,1],[2,0],[0,-1],[-2,0]],[[224,258],[0,-1],[2,0],[0,-1],[2,-1],[1,1],[-1,0],[0,4],[-3,0],[1,1],[-1,1]],[[225,262],[1,1],[1,0],[1,1],[2,1],[1,1],[0,-1],[1,1]],[[232,266],[2,-1],[1,0],[-1,-1],[0,-1],[2,0],[1,1],[2,-1],[4,0],[1,-1],[10,0],[0,-2],[4,0],[1,1],[1,-1],[5,1],[2,0]],[[245,252],[-1,0],[-2,-1],[-3,0],[0,-3],[-2,0],[0,-1],[-3,0],[3,-1],[3,0],[-1,-2],[-1,-1],[1,-1],[3,0],[1,1],[0,1],[7,0],[1,-1],[1,0],[0,1],[-1,0],[1,2],[-1,0],[0,2],[1,1],[-3,0],[1,1],[-1,1],[-2,0],[-2,1]],[[231,244],[1,1],[-2,0],[0,-1],[1,0]],[[278,297],[0,-1]],[[278,296],[-2,1],[0,-1],[-1,0],[-1,-1],[0,-1],[-1,1],[-2,0],[0,-1],[-1,0],[-1,-1],[-2,-1]],[[266,292],[1,0]],[[267,292],[0,-2],[-1,0],[0,-6]],[[266,284],[-1,0],[0,-2],[1,0],[0,-1],[1,0],[3,1],[1,0],[1,-1],[2,-3],[1,-1],[3,0],[3,1],[3,0],[0,1]],[[284,279],[2,0],[1,-1],[0,-1],[-1,-2]],[[286,275],[0,-1],[-2,-2],[-1,0],[0,-2],[2,0],[2,2],[0,-2],[-1,-2],[0,-1],[-1,0],[-1,-1]],[[284,266],[-1,2],[1,0],[0,1],[-3,0],[0,-1],[-1,-1],[-1,2],[-1,1],[-1,0],[-4,-4],[2,-1],[1,-1],[0,-3],[7,-3]],[[283,258],[-1,0],[0,-1],[-1,0],[0,-1],[-4,-2]],[[277,254],[0,1],[-2,-1],[-1,2],[-2,0],[0,3],[-1,-1],[-1,1],[-2,1],[-1,0]],[[267,260],[0,1]],[[267,261],[0,1]],[[266,262],[1,0]],[[267,262],[-2,5],[0,1],[-1,1],[1,0],[-1,1],[-1,2],[-1,0],[0,1],[-1,2],[-1,1],[-2,0],[0,2],[2,1],[3,0],[0,1],[-1,1],[0,2],[-2,0],[-1,2]],[[259,285],[-1,0]],[[258,285],[3,0],[1,1],[-1,1],[1,0],[-1,2],[0,1],[-1,0],[0,1],[2,0],[1,1],[0,5]],[[263,297],[1,0],[0,1],[3,0],[1,1],[2,-1],[0,2],[1,0],[1,-1],[4,0],[0,-1],[1,0]],[[689,547],[0,-4],[1,0],[0,-2],[-1,0],[-2,-1],[0,-1],[-1,-1],[-2,0],[0,-1],[1,0],[0,-3],[3,0],[0,-1],[1,-1],[-1,0],[0,-1],[-1,0],[0,-2],[1,-1],[-1,0],[0,-1],[1,0],[0,-1],[1,0],[-1,-1],[1,0],[0,-4]],[[686,514],[-3,0],[0,-1],[-2,0],[-1,-1],[-4,0],[0,-2],[-2,1],[-1,1],[1,0],[0,1],[-1,1],[1,1],[-3,0],[-3,-1],[-1,1],[-1,-1],[-1,0],[-1,-1],[-4,0],[0,-3],[-1,-1],[-2,-1],[0,1],[-2,1],[-1,0],[-1,-1],[-2,0],[0,1],[-1,0],[-1,-1],[-1,1],[-1,0],[-1,1],[-1,0],[0,2],[-1,0],[-1,1],[-1,0],[0,1],[-3,-1],[-4,-1],[-1,1],[-1,0],[-1,1],[0,1],[-1,-1],[0,1],[-2,0],[0,1],[-2,1],[1,0],[0,1],[-2,0]],[[626,520],[0,-1]],[[626,519],[-1,0],[-1,-2],[-1,1],[-1,0],[0,-1],[-1,0],[0,-1],[-1,-2],[-1,0],[-2,1],[-1,0],[-1,-1],[-2,0],[-3,3]],[[606,522],[0,1],[-1,0],[1,2],[4,2],[0,1],[1,0],[0,1],[1,0],[2,2],[0,1],[2,0],[0,1],[3,2],[5,0],[1,1],[0,1],[3,1],[2,-2],[2,0],[1,-1],[-1,0],[0,-1],[2,0],[0,-1],[3,0],[3,1],[0,1],[1,1],[1,-1],[1,0],[0,3],[-2,2],[-1,0],[0,1],[-2,0],[0,1],[-1,0],[-1,1],[0,1],[1,0],[0,2],[1,0],[0,1],[-1,1],[-1,0],[1,1],[-2,1],[-1,0],[0,2],[1,0],[1,2],[1,0],[1,1],[1,0],[0,1],[1,1],[1,0]],[[642,557],[-1,0]],[[641,557],[0,3]],[[653,565],[1,-1],[1,0],[4,-2],[4,-1],[9,0],[0,-1],[-1,-1],[0,-1],[1,0],[0,-1],[1,0],[0,-2],[-1,0],[0,-1],[1,0],[4,-1],[8,0],[1,-1],[0,-3],[2,-2],[1,0]],[[689,547],[1,0]],[[668,548],[-4,0],[-2,-2],[0,1],[-2,-1],[-2,0],[-1,1],[-2,0],[-1,-1],[0,-1],[-2,-1],[2,-2],[-1,0],[0,-1],[0,0],[1,-2],[1,0],[1,-1],[3,0],[1,-2],[-1,0],[0,-1],[1,0],[3,-1],[0,-3],[1,0],[2,-1],[1,1],[1,0],[1,-1],[1,1],[-1,1],[1,0],[1,1],[0,2],[1,2],[1,0],[1,1],[0,1],[1,0],[1,1],[1,0],[-1,1],[1,0],[0,1],[-5,0],[-1,1],[0,1],[-1,1],[0,1],[-1,0],[0,1],[1,1],[-2,0]],[[662,532],[0,1],[-1,-1],[1,0]],[[603,522],[0,1]],[[603,523],[1,0],[0,-1]],[[602,525],[1,0],[0,-2]],[[642,616],[4,0],[2,-1],[2,0],[2,-2],[-1,-1],[-1,0],[3,-2],[2,0],[1,-2],[0,-1]],[[656,607],[-1,-2],[0,-1],[3,-3],[1,0],[3,-3],[2,-1],[1,-1],[0,-1],[4,-3],[1,-1]],[[670,590],[0,1]],[[670,591],[-2,0],[-1,-1],[-1,1],[-1,-1],[-2,0],[-1,1],[-2,0],[-2,-1],[0,-1],[-1,0],[-3,-1],[-2,-2],[2,-2],[1,0],[0,-1],[-1,-1],[-1,0],[0,-1],[-2,0],[1,-1],[0,-1],[1,0],[1,-1],[-1,0],[0,-1],[2,0],[2,-1],[-1,0],[-1,-1],[-1,0],[-1,-1],[0,-1],[-1,0],[0,-3],[-1,0],[0,-3],[-1,-1],[3,-1]],[[653,565],[-1,0],[0,-3],[-2,0],[-1,1],[-1,-1],[-2,-1],[-5,1],[-1,-1],[1,-1]],[[641,560],[-1,-1],[-2,0],[-2,2],[-2,1],[-1,0],[-5,1],[-1,-1],[0,1],[-2,1],[0,1],[1,0],[-1,2],[0,1],[-2,0],[0,-1],[-2,0],[-2,-1],[-3,1],[-1,1],[0,1],[-1,1],[-1,0],[-3,1],[-1,0],[-1,-1],[-2,0],[0,1],[-3,1]],[[603,572],[-1,1],[1,0],[0,2],[-1,1],[0,1],[-5,1],[-1,0],[-1,-1],[0,-1],[-3,0],[-3,2],[0,2],[-1,1],[-2,0],[-1,1],[1,1],[1,0],[0,1],[1,1],[3,0],[2,1],[1,1],[1,0],[1,1],[-1,0],[1,1],[-1,2],[1,0],[-1,1],[1,2]],[[596,594],[1,2],[2,1],[-1,1],[1,0],[0,1],[-1,0],[1,1],[-2,0],[0,2],[2,2],[1,0],[0,1],[2,-1],[1,2],[1,1],[4,1],[0,-3],[1,0],[2,-1],[2,0],[0,-1],[1,0],[0,-1],[3,0],[4,1],[2,0],[1,-1],[1,1],[0,6],[1,0],[1,1],[0,1],[1,0]],[[628,611],[1,-1],[2,1],[0,1],[2,0],[2,1],[1,-1],[2,0],[1,1],[0,1],[1,0],[1,1],[0,1],[1,0]],[[656,590],[0,1],[-1,-1],[1,0]],[[656,589],[-1,1],[0,-1],[1,0]],[[642,617],[-2,0],[0,1],[-1,0],[1,1]],[[640,619],[2,-2]],[[819,947],[-1,-1],[0,-3],[1,-1],[1,-2],[3,-2],[4,-1],[7,0],[2,1],[11,0],[2,-1],[2,-2],[-1,0],[1,-1],[0,-2],[-1,-2],[-3,-1],[-1,0],[-3,-2],[-1,-1],[0,-1],[-1,0],[0,1],[-2,-1],[0,-3],[1,-2],[0,-1],[4,-4],[6,0],[6,-6],[3,-2],[-1,-1],[-1,0],[-1,-1],[0,-1],[-1,-1],[0,-4],[-1,-1],[-3,2],[1,0],[1,-1],[1,1],[-1,1],[-2,0],[-2,-1],[-2,1],[1,1],[3,1],[2,1],[0,1],[-2,0],[-1,1],[-3,-1],[-1,0],[-2,-1],[0,0],[2,1],[1,0],[3,2],[1,1],[-5,0],[0,-1],[-2,-1],[-1,1],[-1,0],[0,1],[-1,0],[-2,1],[0,-1],[-1,0],[-1,-1],[-5,0],[-4,-1],[-1,-1],[0,-1],[-2,-1],[-3,-1],[0,-1],[-3,-3],[0,1],[-1,0],[-1,-1],[-2,0],[0,-2],[1,0],[0,1],[1,0],[1,-1],[1,1],[2,0],[1,-1],[1,-2],[-3,-2],[-2,1],[-1,0],[-5,1],[-1,1],[1,0],[0,3],[1,1],[-2,-1],[0,-1],[-3,0],[-2,-1],[-4,2],[-3,0],[-1,1],[0,1],[1,1],[-1,0],[-2,-1],[-4,0],[0,1],[1,1],[3,0],[-1,1],[-3,1],[-1,0],[0,1],[-1,1],[-1,0],[0,1],[1,1],[0,3],[5,0],[3,1],[2,-1],[2,0],[1,1],[2,0],[0,1],[-2,0],[-1,1],[0,1],[1,0],[-2,2],[-2,1],[-6,0],[1,1],[0,1],[1,1],[-2,0],[-2,-1],[-1,1],[3,4],[2,1],[1,1],[5,-2],[0,-1],[-1,-1],[-3,0],[0,-1],[2,-1],[0,1],[1,0],[1,1],[1,0],[1,1],[1,0],[2,1],[-1,0],[-1,1],[-2,-1],[0,3],[-1,1],[-1,-1],[-4,0],[-1,1],[0,-1],[-1,0],[0,5],[-1,0],[7,1],[2,0],[1,1],[1,-1],[3,-1],[1,0],[1,-1],[-1,0],[0,-2],[2,-1],[0,1],[1,0],[-1,1],[0,2],[-1,1],[1,0],[1,1],[3,2],[1,1],[2,0],[0,-1],[-1,-2],[-1,0],[0,-1],[1,0],[0,1],[2,0],[0,-1],[2,-1],[0,-1],[2,-2],[-1,-1],[0,-1],[1,-1],[2,-1],[1,0],[1,-2],[1,1],[4,0],[-2,-1],[-1,-2],[0,-1],[4,0],[-1,-1],[2,0],[-1,-1],[-3,0],[0,-1],[1,-1],[2,1],[0,-1],[4,0],[0,1],[-1,0],[-1,1],[2,0],[1,1],[0,1],[-3,0],[1,1],[1,0],[0,2],[-2,1],[-2,0],[-1,2],[2,2],[-1,3],[-1,2],[-6,0],[-2,2],[-2,1],[-1,0],[-1,1],[0,2],[-2,2],[-2,0],[0,-2],[-2,0],[0,-2],[-2,0],[-1,-1],[-2,0],[-1,-1],[-2,0],[-1,-1],[-1,0],[3,6],[2,2],[0,3],[-3,0],[0,-1],[-3,-1],[0,-4],[-2,-2],[-2,-1],[-2,-2],[-2,0],[0,1],[1,0],[0,1],[3,1],[2,2],[1,2],[0,3],[1,1],[4,3],[2,1],[6,0],[2,1],[7,0],[1,-1],[-1,-2],[-1,-1],[-3,0]],[[836,905],[-2,-1],[1,1],[0,1],[1,-1]],[[834,904],[0,-1],[-1,0],[0,1],[1,0]],[[699,899],[3,1],[1,1],[1,0],[3,3],[0,1],[1,1],[2,3],[1,0],[1,2],[0,1],[3,1],[4,4],[0,2],[2,4],[3,2],[0,1],[1,-1],[0,-1],[2,-2],[3,0],[3,-1],[5,0],[2,-1],[28,0],[0,-1],[1,-1],[-2,-1],[-6,0],[-3,1],[-2,-1],[-1,-1],[-1,0],[0,1],[-2,0],[-1,-1],[-2,1],[-7,0],[0,1],[1,0],[-2,-1],[0,-1],[-1,0]],[[739,916],[-1,1],[0,0],[-3,0],[-1,-1],[-2,0],[-1,-1],[0,-1],[1,-1],[-4,0],[-2,-1],[-1,0],[0,-1],[-1,0],[-1,1],[-8,0],[-2,-1],[0,-2],[1,-1],[0,-1],[-4,0],[1,-1],[0,-1],[-1,-1],[0,-1],[-2,0],[-1,-1],[1,-1],[1,-2],[0,-1],[-1,0],[1,-1],[2,-1],[1,-1],[6,0],[0,1],[-3,0],[-2,1],[0,1],[-1,1],[2,2],[1,0],[4,1],[1,0],[0,2],[-1,1],[0,1],[7,0],[0,2],[1,0],[0,1],[1,0],[-1,1],[-1,0],[2,1],[3,0],[0,-2],[2,0],[0,1],[1,1],[1,0],[3,1],[3,2],[-1,1],[3,1],[2,0],[0,-1],[-2,0],[0,-2],[-1,-1],[0,-1],[0,0],[1,1],[1,2],[1,1],[1,-1],[0,-3],[2,0],[1,1],[1,-1],[2,0],[0,3],[1,0],[0,-2],[1,0],[1,-1],[1,-2],[0,-1],[4,0],[1,1],[3,1],[0,3],[2,1],[0,1],[3,1],[1,1],[2,0],[0,1],[4,0],[1,1],[0,1],[2,0],[0,-1],[1,0],[0,-1],[-1,-1],[0,-1],[1,-2],[2,-2],[4,0],[1,-2],[-2,-2],[1,-3],[2,-1],[1,-1],[0,-1],[-1,-1],[0,-1],[3,-2],[2,0],[2,1],[1,-1],[-2,0],[0,-1],[-1,0],[-1,-1],[2,1],[4,0],[2,-2],[0,-1],[8,0],[1,-2],[1,-1],[0,-1],[2,-2]],[[810,896],[-1,-1],[0,1],[1,0]],[[801,915],[-1,-1],[-1,1],[2,0]],[[799,923],[0,-1],[-1,0],[1,1]],[[794,937],[-1,0],[1,1],[0,-1]],[[793,941],[0,-3],[-1,0],[0,2],[-2,-1],[0,-1],[-1,0],[0,-4],[1,0],[0,-1],[-1,-1],[-2,-1],[-2,-4],[0,-3],[-1,-1],[-1,2],[1,1],[2,5],[1,3],[0,1],[1,2],[0,2],[2,2],[3,0]],[[791,903],[-1,-1],[-1,1],[1,1],[1,-1]],[[790,918],[-1,0],[1,1],[0,-1]],[[777,919],[-2,0],[2,2],[3,0],[2,1],[1,0],[-2,-2],[-2,0],[-2,-1]],[[772,920],[1,0],[-1,-1],[0,1],[-2,0],[-1,-1],[0,1],[3,0]],[[748,916],[-1,-1],[-1,1],[2,0]],[[739,916],[1,0]],[[740,916],[0,-1],[-1,0],[0,1]],[[732,912],[-1,-1],[0,1],[1,0]],[[726,908],[-1,0],[1,1],[0,-1]],[[725,910],[0,0]],[[548,858],[4,1],[1,1],[3,1],[8,3],[5,1],[11,0],[0,-1],[2,-2],[2,-1],[1,0],[1,1],[1,-1],[0,-1],[-1,0],[-1,-3],[1,-1],[2,-1],[2,0],[3,1],[2,2],[1,0],[1,-1],[0,-1],[2,-1],[1,0],[1,1],[2,-1],[0,-2],[1,0],[2,-1],[0,-1],[2,0],[0,1],[2,2],[1,0],[0,5],[-1,0],[2,1],[1,0],[0,2],[1,3],[1,0],[1,1],[1,0],[0,1],[-2,0],[1,1],[1,-1],[3,0]],[[612,863],[-1,-2],[-3,-3],[-1,1],[0,4],[-1,-1],[0,-2],[-1,-1],[-3,0],[0,1],[-1,0],[-1,1],[0,1],[3,2],[2,1],[3,1],[2,0],[2,1],[1,-1],[0,-2],[-1,0],[0,-1]],[[606,856],[-1,-1],[0,1],[1,0]],[[532,751],[0,-1],[1,-1]],[[534,749],[-1,0]],[[533,749],[0,-1],[2,0],[2,-1],[1,0],[0,-1],[2,0],[0,-1],[1,0],[1,-3],[0,-1],[2,0],[1,-1],[0,-2],[1,-1],[1,0],[0,-2],[-1,-1],[-2,0],[0,-1],[-2,-1],[1,-2],[1,0],[0,-1],[-1,-1],[0,-1],[1,-1],[-2,0],[-1,-1],[-1,0],[0,-1],[-1,0],[0,-1],[-1,-1],[2,-2],[-2,-2],[1,0],[1,-1],[1,0],[0,-1]],[[542,716],[-1,0]],[[541,716],[-3,0],[-2,-1],[-2,0],[0,-1],[-1,-2],[0,-3]],[[498,711],[0,1],[-1,-1],[-1,0],[-1,-1],[-1,1],[-2,0],[-1,1],[0,1],[-1,2],[-4,0],[-1,-1],[-1,1],[1,0],[0,2],[-1,0],[-1,1]],[[483,718],[1,0],[0,1],[-1,-1]],[[483,718],[-1,0],[-1,2],[-1,0],[0,3],[-1,0],[-2,2],[0,1],[-1,1]],[[476,727],[-1,0],[-1,2],[0,7],[-2,1],[-5,0],[0,2],[5,0],[2,-1],[-1,2],[1,2],[-1,2]],[[473,744],[0,1],[2,0],[0,1],[3,0],[1,1],[4,0],[1,-1],[1,2],[0,1],[1,0],[0,1],[7,0],[0,1],[-1,0],[1,1],[0,1],[-1,0],[1,1],[2,1],[1,0],[2,1],[0,1],[1,1],[2,0],[0,1],[3,0],[1,1],[0,1],[3,-2],[1,-1],[0,-1],[2,0],[0,1],[1,0],[1,-1],[1,0],[1,1],[0,1],[1,1],[2,-1],[4,0],[0,-1],[-2,0],[-1,-1],[-1,0],[1,-1],[4,-1],[3,-1],[0,-1],[2,1],[1,-1],[1,0],[1,-2],[1,0]],[[499,756],[-1,0],[1,-1],[0,1]],[[472,743],[0,1]],[[466,741],[0,1],[1,0]],[[467,742],[1,-1],[0,-1],[-1,0],[-1,1]],[[391,724],[-1,0],[-4,-2],[0,-2],[-1,-1],[-1,0],[0,-1],[-2,-2],[2,-2],[-1,-1],[-2,-1],[-1,1],[-1,0],[-1,-1],[0,-1],[1,0],[1,-1],[-1,0],[0,-3],[-1,-1],[0,1],[-1,-1],[0,-1]],[[377,705],[-1,1],[-2,0],[0,5],[-1,1],[-2,-1],[0,-1],[-2,0],[-2,1],[0,1],[-2,0],[0,-1],[-3,0],[0,1],[1,1],[0,1],[1,1],[1,0],[0,1],[-2,1],[-2,-1],[0,1],[2,1],[1,0],[0,1],[-1,0],[0,1],[-2,1],[-1,0],[-1,2],[0,-2],[-5,1]],[[339,751],[0,1],[3,0],[2,-1],[1,0],[0,1],[2,0],[1,2],[1,0]],[[349,754],[4,0],[2,1],[2,2],[3,0]],[[360,757],[0,1]],[[359,758],[1,0]],[[360,758],[0,1],[1,0],[0,-1],[1,0],[0,-1],[-1,-1]],[[361,756],[-1,1]],[[360,757],[-1,0]],[[359,757],[1,-1],[1,0]],[[361,756],[1,-2],[-1,-1],[-1,-2],[1,0],[0,-1],[-1,0],[0,-1],[-1,-1],[-1,0],[0,-1],[1,0],[-1,-1],[2,-2],[1,0],[0,-2],[2,-2],[3,0],[3,-1],[4,0],[0,-1],[1,0],[1,-1],[2,0]],[[377,736],[0,1]],[[377,737],[1,0],[1,-1],[-1,-1],[0,-2],[1,1],[1,0],[1,-1],[1,0],[1,1],[1,0],[2,1],[3,0],[2,-1],[0,-4],[-1,-1],[0,-2],[1,-1],[0,-2]],[[156,777],[-3,0],[-4,1],[-23,0],[-3,3]],[[253,355],[0,-1],[1,0],[0,-1],[-1,0],[1,-1],[-1,0],[-2,-1],[-2,0],[0,-2],[-1,-1],[0,-2],[4,0],[1,-1],[0,-1],[1,1],[2,0],[1,-1],[1,0],[1,-1],[-1,-1],[0,-1],[-1,-1],[1,0],[-1,-3],[3,0],[1,2],[0,2],[2,0],[0,2],[5,0],[1,-1],[1,1]],[[276,325],[-3,-1],[-2,-2],[-2,0],[-2,1],[-1,-1],[0,-1],[-1,0],[-1,-1],[0,-2],[-1,0],[-2,2],[-3,0],[0,3],[-1,0],[0,2],[1,0],[0,2]],[[257,327],[1,0]],[[258,327],[0,1],[-4,0],[-1,1],[0,1],[1,0],[1,1],[0,1],[-1,0],[0,2],[-1,0],[0,1],[-1,1],[1,0]],[[253,337],[0,-1]],[[253,336],[-1,1],[-3,0],[-2,-1],[-1,0],[0,1],[-1,0],[-3,-1],[-1,0],[-3,-1],[0,-1],[1,0],[-1,-1],[-1,0],[-2,-1],[1,0],[0,-1],[-2,0],[-2,-1],[0,-1],[-4,0]],[[228,329],[0,1],[-1,0],[2,2],[-1,0],[0,1],[-1,1],[0,1],[-4,0],[0,3],[-1,0],[0,2],[-1,0],[0,1],[-1,0],[0,1],[-3,0],[-1,1],[-2,0],[-2,-1],[-1,0],[0,2],[2,0],[-1,1],[-1,0],[-3,1],[-1,2],[0,1],[-1,0],[0,1],[-3,0]],[[203,350],[0,1],[-1,0],[-1,1],[-1,0],[-1,1],[0,1],[-3,0],[3,4],[2,1],[4,1],[2,1]],[[207,361],[0,-1],[1,-1]],[[214,263],[1,1],[0,1],[1,0],[1,-2],[1,-1]],[[218,262],[0,-4]],[[218,258],[-1,-1],[-2,0],[-1,-1],[-1,-2],[1,-1],[0,1],[1,1],[1,0],[3,-1],[0,-1],[-1,0],[0,-1],[3,0],[1,-2],[-1,-1],[2,0],[0,-1],[-1,-1],[-2,-1],[2,0],[0,-1],[1,0],[0,-1],[-1,0],[0,-2],[-1,0],[0,-1],[-1,-1],[-2,2],[-1,0],[0,-2],[-1,0],[-1,-1],[1,0],[1,-2],[5,0],[0,-1],[1,-1],[-1,-1],[-2,0],[0,-2],[1,0],[0,-1],[-2,-2],[1,-1],[1,1],[1,0],[1,-1]],[[223,228],[-4,0],[-1,-2],[-2,0],[0,1],[-2,1],[-1,1],[-1,0],[-1,1],[-2,0],[0,-1],[-2,0],[0,-1],[-4,0],[0,1],[-4,0],[0,-1],[-2,0],[-3,1],[-2,0],[0,2],[-3,1],[-1,1],[-2,-1],[-2,0],[0,1],[-1,0],[-1,1],[-1,0],[0,1],[-1,1],[0,1],[-2,1],[0,1],[-1,0],[0,1],[1,1],[0,1],[-1,0],[0,1],[-1,1],[-2,-1],[-1,0],[-1,1],[0,-1],[-1,0],[0,2],[1,1],[-4,-1],[-3,-1],[-2,0],[0,-1]],[[158,246],[2,2],[2,0],[0,1],[1,1],[0,-1],[4,0],[0,1],[2,0],[0,2],[-2,0],[1,1],[0,2],[3,2],[1,-1],[0,2],[-2,0],[-1,1],[-1,0],[0,3],[-1,0],[-1,1]],[[167,269],[1,0],[3,-2],[0,1],[1,-1],[1,0],[2,-1],[1,0],[1,1],[1,0],[0,1],[1,-1],[1,-2],[1,0]],[[181,266],[0,-1]],[[181,265],[1,0],[2,2],[1,2],[1,1],[4,0],[0,-1],[-1,0],[2,-1],[1,0],[0,-1],[-1,-1],[5,0],[0,-1],[3,0],[3,1],[4,0],[1,-1],[0,-3],[2,0],[1,-1],[2,2],[2,0]],[[186,252],[-1,0],[-1,-2],[-2,0],[-1,-1],[0,1],[-1,0],[0,-1],[-1,-1],[4,-4],[2,-1],[1,1],[2,0],[0,-1],[-1,-1],[-1,-2],[1,1],[1,0],[2,2],[0,-1],[2,1],[1,0],[0,1],[-1,1],[2,0],[0,1],[1,0],[0,1],[1,2],[-1,0],[2,2],[-3,0],[-3,-1],[-1,0],[0,1],[-1,0],[0,1],[-3,0]],[[209,471],[-1,-2],[-2,-1],[-3,0],[2,-1],[0,-1],[1,0],[0,-1],[-1,-1],[1,-1],[-1,-1],[1,-1],[0,-2],[-3,0],[-2,-1],[0,-1],[-1,0],[0,-1],[-3,-1],[-1,0]],[[153,497],[0,-4],[1,-1],[2,0],[-3,-3],[2,0],[1,-2],[2,2],[1,-1],[1,0],[-1,-1],[0,-2],[-2,-3],[-1,0],[-1,1],[-1,-1],[0,-2],[-1,0],[1,-1],[-1,-1],[-2,-1],[3,-2],[1,0],[0,1],[1,0],[1,-1],[1,0],[1,1],[1,-1],[-1,-1],[1,0],[2,-2],[2,1],[2,0],[1,-1]],[[242,817],[3,-3],[0,-1],[1,-1],[3,0],[0,-2],[-1,0],[0,-1],[1,-1],[0,-1],[2,-2],[-2,-2],[1,0],[-1,-2],[-6,-1],[-2,-1],[-2,1]],[[265,759],[0,1],[-2,-1],[-3,1],[-1,1],[-5,0],[-2,-2],[-1,0],[-1,-1],[0,-1],[-1,-1],[0,-2],[-1,0],[0,-2],[-1,0],[-1,-1],[0,-2]],[[157,780],[0,2],[-1,1],[-1,0],[-1,1],[0,2],[-1,1],[-3,0],[0,-1],[-1,-1],[-1,0],[0,1],[-1,0],[-1,1],[-1,-1]],[[145,785],[0,1]],[[145,786],[-2,-1],[-3,0],[-1,1],[-5,-1],[0,-1],[-1,-2],[-3,-2],[-1,1],[-1,0],[0,-1],[-1,1],[-2,3],[-2,-3]],[[123,781],[0,2],[1,0],[0,3],[1,1],[0,3],[1,5],[0,2],[3,3],[-1,1],[-1,2],[0,1],[4,-1],[2,0],[0,-1],[4,1],[1,1],[-3,2],[-2,2],[0,1],[3,2],[1,1],[2,1],[1,2],[1,1],[1,0],[1,1],[5,3],[2,1],[1,0],[3,1],[1,0],[3,1],[17,0],[3,-1],[2,-1],[3,1]],[[169,827],[-4,0],[-2,1],[4,2],[1,-1],[2,0],[1,-1],[-1,0],[-1,-1]],[[159,826],[-6,-1],[-3,0],[-2,1],[-2,0],[-2,-1],[-2,1],[-1,-1],[-2,0],[-1,1],[1,0],[5,2],[17,0],[0,-1],[-2,-1]],[[129,822],[-17,-2],[-2,1],[7,1],[6,1],[12,0],[-1,-1],[-5,0]],[[112,816],[0,-1],[-2,1],[-1,1],[0,1],[3,1],[1,0],[0,-1],[-1,-1],[0,-1]],[[134,242],[-2,-1],[0,-1],[1,0],[0,-1],[-2,-1],[0,-1],[-1,-1],[-2,1],[0,4],[-1,1],[0,1],[-1,1],[1,1],[0,1],[-2,0],[-1,1],[-1,0],[-2,2],[-2,-1],[-1,0],[0,1],[-1,0],[0,1],[-2,1],[-1,-1],[-2,-1],[-1,0],[-2,1],[-1,0],[-2,-1],[1,-1],[0,-2],[1,0],[0,-2],[-2,0],[1,-1],[0,-1],[-1,0],[0,-1],[-1,0],[-3,2],[-7,0],[-3,3],[1,1],[0,1],[1,0],[-1,1],[0,1]],[[75,276],[-2,2],[-2,0],[-2,2],[-2,0],[-2,1],[-1,0],[-2,1],[-1,1],[-1,0],[-2,-1],[-4,0],[0,4],[-1,4],[3,3]],[[56,293],[3,-1],[3,0],[2,-1],[1,1],[1,-1],[1,0],[1,-1],[1,0],[2,1],[0,-1],[2,1],[3,0],[3,-3],[1,0],[1,1],[0,1],[1,0],[0,1],[3,0],[0,1],[1,1],[0,-1],[3,0],[0,-1],[2,0],[0,1],[1,1],[1,0],[1,1],[1,0],[1,-1],[2,2],[1,0],[3,2],[1,1],[1,-1],[2,0],[0,1],[1,0],[0,1],[1,0],[1,1],[1,-1],[0,1],[1,0],[1,1]],[[151,277],[1,-1],[1,0],[2,-1],[0,-1]],[[136,262],[-1,0],[1,1],[0,1],[-1,0],[0,1]],[[135,265],[1,0]],[[136,265],[-2,0],[-1,1],[-2,0],[0,-2],[-1,0],[0,2],[-2,0],[0,1],[-3,0],[0,1]],[[125,268],[1,0]],[[126,268],[-6,0],[-1,1],[0,1],[-2,0]],[[122,278],[-4,-2],[-2,1],[-2,-2],[2,-1],[-1,-1],[2,-1],[0,-2]],[[117,270],[-1,0],[0,-1],[-2,0],[-1,-1],[-2,-1],[-1,-1],[0,-6],[-1,0],[0,-1],[-1,0],[0,-2],[-4,0],[1,-1],[0,-1],[-1,0],[-1,-2],[-2,0],[0,-1],[-1,0],[-1,-1],[-4,0],[-2,-1]],[[93,250],[-4,0],[1,2],[-1,1],[1,1],[-1,0],[-1,1],[-2,0],[1,1],[0,2],[-1,0],[-2,2],[-1,0],[-1,1],[-1,0],[-2,2],[0,1],[-1,1],[-1,0],[0,1],[-1,1],[0,1],[2,0],[0,-1],[1,0],[1,2],[-2,0],[0,2],[-1,1],[-2,0],[-1,1],[-1,0],[0,2],[2,1]],[[75,276],[1,-1],[1,0],[1,-1],[0,-1],[2,0],[2,1],[1,0],[1,1],[3,-2],[2,-2],[1,0],[0,-1],[2,1],[1,0],[2,2],[3,0],[0,1],[2,0],[1,1],[0,4],[1,1],[-1,1],[2,2],[1,-1],[1,1],[2,1],[3,0],[4,2]],[[167,472],[5,0],[0,-1],[1,0],[0,-1],[1,0],[0,-1],[1,0],[0,-3],[-1,-1],[0,-2],[1,0],[2,-1],[1,-1],[0,-1],[1,0],[2,-2],[0,-1],[4,0],[0,1],[1,0],[1,-1],[3,0],[0,-1],[3,0],[0,1],[1,0],[1,-1],[0,-1]],[[195,455],[1,0]],[[196,455],[1,-1],[0,-1],[1,-1],[-1,0],[0,-2],[-1,1],[-1,0],[0,-2],[-5,0],[-2,-2],[0,-2],[-1,0],[-3,1],[-1,0],[-1,-1],[-1,0],[-1,-1]],[[180,445],[0,-1]],[[180,444],[-2,0],[-2,-2],[-4,0],[-1,-1]],[[171,441],[-2,0],[-1,1],[-4,0],[-2,-2],[1,0],[0,-2],[1,0],[0,-1],[-2,-2],[0,-1],[-2,-2],[-3,0],[-2,-1],[-3,-1],[-1,1],[-4,0],[-1,-1]],[[146,430],[0,4]],[[145,433],[-1,-3],[-2,0],[0,-1],[-2,0],[0,-1],[-1,-1],[-1,0],[-2,2],[0,-1],[-1,-2],[-2,-1],[-2,1],[0,1],[-1,0],[0,1],[-2,-1],[-3,-2],[-2,-2],[-1,0],[-1,-1],[-2,0],[-1,1],[-3,-1]],[[115,422],[0,1],[1,0],[-1,1],[-2,0],[-1,-1],[0,2],[-1,1],[0,1],[1,1],[1,-1],[1,1],[-1,0],[1,2],[0,1],[-2,1],[-2,0],[-1,1],[0,1],[-1,0],[1,2],[1,1],[-1,0],[0,1],[1,1],[-2,0],[0,1],[1,1],[1,0],[2,1],[0,1],[1,0],[1,1],[-1,2],[-3,0],[-2,2],[1,1],[0,2]],[[141,461],[2,1],[1,0],[2,1],[0,2],[1,0],[2,2],[1,2],[2,-1],[1,0],[0,-1],[4,0],[2,1],[1,-1],[1,0],[1,2],[1,1],[2,0],[1,1],[0,1],[1,0]],[[59,427],[-2,0],[0,-2],[-3,-3],[0,-2],[-1,-2],[2,1],[1,0],[-1,-2],[-3,-2],[-2,0],[-1,-1]],[[49,414],[-4,0],[-1,1],[-1,-1],[-2,1],[-2,-1],[-2,3],[-2,0],[0,1],[1,1],[-2,1],[0,2],[1,1],[1,0],[3,3],[2,0],[1,1],[0,1],[2,2],[-1,1],[-8,0],[-1,-1],[0,2],[-1,1],[1,0],[2,1],[0,1],[0,0],[-2,-1],[-4,4],[0,1],[-2,2],[0,1],[-1,1],[-6,0],[-2,1],[0,-1],[-1,1],[1,1],[0,1],[-2,1],[0,3],[-4,2],[-1,0],[0,1],[1,1],[2,-1],[2,1],[0,2],[-1,1],[0,1],[4,2],[1,-1],[1,0],[1,2],[1,1],[0,1],[-1,2],[0,1],[1,1]],[[24,467],[3,0],[0,-1],[3,0],[1,1],[0,3],[2,1],[1,1],[1,-1],[1,1]],[[43,433],[0,0]],[[775,864],[1,1],[0,1],[1,-1],[2,0],[2,1],[0,1],[5,0],[0,1],[3,0],[0,-1],[2,0],[0,-1],[3,0],[0,1],[3,1],[2,0],[3,3],[2,1],[3,0],[1,1],[-1,0],[-2,1],[-1,2],[-1,0],[-2,1],[-1,2],[3,0],[2,1],[1,0],[2,1],[0,1],[1,1],[-1,0],[0,1],[1,2],[1,1],[1,0],[0,1],[1,0]],[[812,888],[0,-1],[2,0],[-1,-1],[0,-1],[3,0],[2,1],[2,-1]],[[821,885],[0,-1],[-3,-1],[1,-1],[2,1],[0,-1],[2,-1],[2,-2],[0,-1],[2,-3],[3,-1],[1,0],[0,2],[-1,0],[-1,2],[0,1],[3,1],[8,0],[2,1],[3,0],[1,1],[1,0],[0,1],[6,2],[1,0],[1,-1],[-2,0],[0,-2],[2,0],[1,-1],[3,0],[0,-1],[1,0],[2,-2],[0,-1],[2,0],[0,-1],[-1,-1],[0,-3],[-2,-1],[1,-1],[-1,-1]],[[860,868],[-2,-1],[1,0],[1,-1],[0,-1],[4,-2],[1,0],[1,-1],[1,0],[3,-3],[0,-2],[2,0],[1,-1],[1,0],[2,-2],[0,-1],[-1,-1],[-1,0],[-4,-2],[-1,-2],[-2,0],[-1,-1],[0,-1],[-1,-1],[0,-1],[1,0],[0,-1],[3,0],[2,-1],[1,-2],[1,0],[2,-2],[1,0],[1,-1],[1,0],[1,-1],[1,0],[3,-2],[1,0],[5,-2],[3,0],[2,-1],[3,-1],[7,0],[1,-1],[4,3],[1,0],[1,1],[2,-1],[1,0],[1,-2],[-3,-3],[-1,0],[0,-1],[-2,0],[0,-1],[2,0],[1,-1],[3,1],[0,-2],[1,0],[0,-2],[-1,0],[1,-1],[1,0],[0,-3],[1,-1],[0,-1],[1,0],[1,-1],[0,-6],[-1,-1],[0,-2],[1,-1],[0,-2],[1,-2],[1,-1],[2,0],[0,-4],[2,-2],[0,-5],[1,-1],[0,-1],[1,-1],[1,-2],[0,-1],[-1,-1],[0,-1],[2,0],[1,-3]],[[915,826],[-2,-1],[0,1],[2,0]],[[860,868],[1,1]],[[861,869],[1,-1],[0,1],[1,1],[0,1],[1,1],[1,2],[0,3],[-4,2],[0,1],[-2,1],[0,4],[3,1],[3,0],[1,-2],[1,-3],[3,-3],[5,-3],[6,-3],[2,0],[2,-1],[1,0],[2,-2],[6,-4],[4,-2],[1,-1],[7,-5],[4,-3],[-2,-1],[-2,0],[0,-1],[2,0],[0,-1],[1,0],[0,-5],[-3,1],[-18,0],[-3,-3],[-5,0],[-1,-1],[-1,1],[-1,0],[-1,-1],[-6,0],[-1,1],[-2,0],[-1,1],[1,0],[1,2],[3,0],[1,1],[2,0],[1,1],[2,0],[2,3],[-1,3],[-1,2],[-2,2],[0,3],[4,1],[3,-1],[0,-2],[-1,-2],[0,-2],[1,1],[0,1],[2,0],[1,1],[1,-1],[1,0],[0,-1],[2,-1],[0,0],[1,0],[0,2],[1,3],[0,2],[-1,2],[-1,0],[0,1],[-2,-1],[-1,0],[-1,3],[0,1],[-2,1],[0,1],[-6,0],[-1,1],[0,-3],[1,0],[0,-1],[-2,-3],[-3,-1],[-2,0],[0,1],[1,1],[0,2],[1,0],[0,1],[-1,0],[-1,1],[-3,-1],[-3,-3],[-4,0],[0,2]],[[889,857],[0,0]],[[888,858],[0,0]],[[878,866],[-1,-1],[0,1],[-1,0],[2,1],[0,-1]],[[877,895],[-1,0],[1,1],[0,-1]],[[861,890],[0,-1],[-1,0],[1,1]],[[821,885],[-1,0]],[[820,885],[0,2],[2,-1],[1,-1],[-2,0]],[[817,887],[0,0]],[[588,751],[-6,3],[-2,-1],[-1,0],[-1,2]],[[578,755],[1,1],[1,2],[-2,1],[-4,1],[0,1],[-3,0],[-3,2],[-3,3],[0,1],[-3,4],[-2,0],[-1,2],[1,0],[0,1],[-1,0],[0,2],[-1,1],[-1,0],[1,1],[-5,0],[-1,1],[-1,0],[0,1],[-1,0],[0,-1],[-1,-1],[-3,0],[0,-1],[1,0],[-1,-1],[-1,1]],[[544,777],[1,0]],[[545,777],[0,-1],[-2,0],[0,-1],[-1,-1],[-1,0],[-1,1],[-2,0],[-3,1],[-1,1],[-1,0],[0,2],[-3,0],[0,1],[-1,1],[-2,1],[-6,0],[-4,1],[-2,-1]],[[554,818],[3,0],[2,-2],[0,-1],[1,0],[0,-3],[6,0],[0,1],[1,-1],[1,0],[0,1],[2,0],[2,-2],[3,0],[0,-1],[-1,-1],[1,0],[-1,-1],[1,0],[6,2],[0,2],[4,0],[0,-1],[1,0],[1,1],[1,0],[1,-1],[2,0],[1,1],[0,2],[1,0],[0,1],[-2,0],[0,1],[1,0],[0,1],[-1,0],[-2,1],[3,1]],[[608,822],[1,1],[-1,1],[2,0],[0,-1],[2,1],[0,2],[1,1],[1,2],[-1,2],[0,1],[-1,1],[1,1],[4,0],[-1,-1],[2,0]],[[618,834],[0,-1]],[[618,833],[9,0],[2,2],[1,0],[0,-1],[1,-1],[0,1],[1,1],[-1,0],[1,1]],[[633,836],[-1,0]],[[632,836],[-1,1],[3,0],[0,-1]],[[634,835],[1,0],[0,1],[2,1],[1,0],[0,-1],[2,0],[1,-1],[0,-1],[4,0]],[[634,836],[-1,0]],[[633,836],[1,-1]],[[634,835],[0,1]],[[202,758],[1,0],[5,-1],[1,1],[1,0],[3,-1],[1,0],[0,-1],[2,0],[0,-1],[-1,0],[1,-1],[-1,0],[0,-1],[1,-1],[1,0],[1,-2],[2,-1],[0,1],[3,0],[0,-1],[1,0],[3,-2],[-1,0],[0,-1],[2,0],[0,-1],[4,0],[0,-1],[2,0],[4,-1]],[[190,742],[2,0],[4,-2],[1,-1],[1,0],[1,-1],[1,0],[0,-1],[1,0],[0,-2],[1,-3],[-1,-1],[1,0],[2,-2],[0,-1],[1,0],[2,-1],[1,1],[0,-1],[5,-1],[1,-1],[0,-1],[-1,-1],[-2,-1],[0,-1],[-3,-3],[-2,0],[-2,-1],[-3,-1],[-1,-1],[0,-2],[-1,-1],[0,-2],[-1,0],[0,-1],[1,-2],[2,-2],[-1,-1],[-2,0],[0,-1],[-1,0],[-3,-1],[-1,-1],[0,-1],[2,-2],[0,-1],[1,0],[2,-1],[0,-2]],[[124,689],[4,-1],[1,1],[2,15],[0,7],[1,1],[1,2],[0,2],[3,3],[0,1],[1,1],[1,0],[2,3],[3,4],[1,1],[0,1],[1,3],[1,2],[1,1],[-1,1],[0,5],[-1,2],[0,6]],[[242,817],[-4,-2],[-1,1],[-1,0],[-1,-1],[0,-1],[-1,0],[-2,-1],[0,-1],[1,0],[0,-1],[1,0],[0,-1],[1,-1],[1,0],[1,-1],[-2,0],[0,-2],[2,0],[-1,-1],[0,-1],[1,-1],[0,-2],[2,-1]],[[239,800],[0,-4],[4,-4],[2,1],[1,0],[3,-1],[4,-4],[1,0]],[[254,788],[0,0]],[[251,781],[-2,-2],[0,-1],[-3,-1],[-2,1],[-3,0],[0,1],[-2,0],[-3,-3],[0,-1],[-7,-1],[-1,2],[0,1],[-2,0],[-2,1],[-1,1],[-1,0],[-1,1],[-1,0]],[[212,826],[5,1],[6,0],[11,-1],[2,-1],[-1,-1],[0,-3],[1,-1],[1,-3],[1,0],[1,1],[2,0],[1,-1]],[[230,835],[0,0]],[[221,837],[6,-1],[2,-1],[-6,0],[-3,1],[-2,0],[0,-1],[-1,0],[-1,1],[1,1],[4,0]],[[166,270],[1,-1]],[[167,269],[-1,0],[1,-1],[-1,-1],[1,-1],[0,-1],[-2,-2],[1,0]],[[166,263],[-1,-2],[0,-1],[-1,-2],[-4,0],[0,-1],[1,0],[-2,-2],[0,-1],[-1,0],[-1,1],[-1,-1],[0,-1],[-1,0],[0,-1],[1,-1],[0,-3],[2,-2]],[[158,246],[2,0],[0,-1],[3,-3],[0,1]],[[163,243],[0,-2],[-2,-1],[-3,0],[-3,-3],[-1,0],[0,1],[-4,0],[0,1],[-4,-1],[-1,-1],[0,1],[-1,1],[-3,-1],[0,-1],[-2,1],[-2,2],[-2,0],[0,1],[1,0],[-2,1]],[[134,242],[2,2],[1,0],[0,1],[-1,0],[-1,1],[1,1],[1,2],[1,0],[0,1],[-1,0],[0,3],[-2,2],[-1,-1],[-2,0],[0,1],[-2,0],[0,2],[2,0],[0,1],[1,0],[0,2],[1,0],[0,1],[2,1]],[[136,262],[5,-2],[1,1],[2,0],[0,-1],[-1,-1],[7,2],[0,1],[1,1],[1,0],[-3,3],[1,1],[-1,1],[-1,0],[-1,1],[1,0],[1,2],[1,0],[1,1],[0,1],[1,0],[2,1],[1,0]],[[155,274],[1,-1],[-1,-1],[1,0],[1,-1],[5,0],[0,-1],[1,0],[0,-1],[3,1]],[[153,292],[1,-1],[2,0],[0,-1],[1,-1],[-2,0],[0,-1],[-1,-1],[0,-1],[1,0],[-1,-1],[0,-1],[2,0],[1,-1],[-2,-2],[-2,-1],[-3,-1],[1,0],[0,-2]],[[151,277],[-3,0],[-1,1],[-1,0],[-1,-1],[-1,0],[-4,-2],[-2,1],[0,1],[-3,0],[0,-1],[-2,0],[0,-1],[-1,0],[-2,-1],[-1,1],[0,1],[-1,1],[0,-1],[-2,0],[-2,2],[-2,0]],[[122,278],[0,2],[-1,0],[-1,1],[1,1],[-1,0],[0,2],[-1,0],[-2,-1],[-1,-1],[-1,0],[-1,1],[0,1],[1,0],[0,1],[-1,1]],[[114,286],[0,1],[2,0],[2,1],[0,2],[1,2],[0,2],[-1,1],[1,2],[0,1],[-3,1],[-3,-1],[-1,1],[0,2]],[[112,301],[4,0],[0,2],[2,0],[0,-1],[2,1],[2,0],[0,-1],[1,1],[3,0],[0,1]],[[126,304],[4,-1],[2,-3],[1,-1],[2,0],[3,-1],[1,1],[3,0],[0,-2],[2,-1],[3,0],[-1,-1],[2,-1],[2,1],[2,2],[1,0],[-1,-1],[0,-1],[1,-1]],[[152,294],[1,0]],[[153,294],[0,-2]],[[59,585],[-1,1],[1,0],[-1,1],[1,0],[0,1],[-1,1],[-1,0],[0,1],[2,0],[2,-1],[4,0],[0,-1],[1,0],[3,1],[0,1],[2,0],[0,1],[2,0],[1,1],[1,0],[3,1],[1,0],[8,2],[0,1],[3,0],[2,-1],[1,-1],[2,1],[1,0],[1,1],[1,0],[3,3],[0,2],[1,0],[1,1],[2,0],[0,1],[-1,3],[-1,0],[0,1],[-7,4],[-4,1],[-3,0],[0,2],[1,2],[4,0],[2,1],[0,2],[1,0],[0,3],[11,0],[1,1],[0,1],[1,3],[1,0],[2,2],[1,0],[4,1],[3,3],[0,2],[1,1],[6,0],[2,1],[1,1]],[[179,607],[1,-3],[-3,-2],[-2,-2],[0,-1],[4,0],[0,-2],[-1,0],[0,-1],[1,-1],[0,-2],[1,1],[1,0],[1,-1],[0,-1],[1,-1],[0,-1],[1,0],[1,-1],[-1,-1],[2,0]],[[185,587],[1,1]],[[186,588],[1,-1],[2,0],[1,-1]],[[200,570],[-1,0],[0,1],[-1,1],[-2,-1],[0,-1],[-1,0],[0,-1],[-1,1],[-4,0],[-1,-1],[-2,-1],[-2,0],[-2,-2],[-2,2],[0,1],[-1,0],[0,2],[-3,0],[-1,-1],[-1,1],[1,0],[0,1],[-1,0],[-1,1],[-2,-1],[-3,-3],[2,0],[1,-2],[0,-1],[-2,-2],[-1,0],[-1,1],[0,-1]],[[142,584],[-5,1],[-3,2],[-1,1],[-1,0],[0,2],[-2,2],[-1,0],[1,2],[1,1],[1,2],[0,3],[1,0],[0,4],[-3,1],[-1,2],[1,1],[4,0],[2,1],[1,0],[2,2],[1,0],[2,2],[1,0],[5,-1],[2,0],[0,1],[1,0],[1,1]],[[497,635],[1,-2],[5,0],[2,-2]],[[533,709],[-1,-1],[1,-1],[1,-2],[2,-2],[0,-2],[1,-2],[3,0],[1,-1],[0,-1],[1,-1],[2,-3],[1,0],[1,-1],[0,-2],[1,0],[1,-1],[0,-1],[3,-3],[2,1],[3,1],[0,-3],[-1,0],[-2,-2],[0,-1],[-1,-2],[1,-1],[1,-2],[1,-1],[5,-4]],[[560,671],[-6,0],[-1,-1],[0,-2],[-1,0],[0,-1]],[[547,666],[-2,2],[-1,0],[-1,-1],[0,1],[-1,0],[-2,1],[-3,0],[-1,1],[-1,0],[-2,-2],[-2,-1],[0,-3],[-1,0],[0,1],[-1,-1],[0,1],[-3,0],[-1,1],[-2,0],[0,-1],[-1,0],[0,-1],[-1,0],[0,-3],[1,-3],[1,0],[0,-3]],[[517,651],[-2,0],[-1,1],[-2,0],[-2,-1],[0,-2],[-2,0],[0,2],[1,0],[-1,1],[-1,0],[0,1],[-1,0],[-2,-2],[-1,1],[-1,0],[0,-2],[1,-1],[0,-1],[-2,0],[-2,1],[-1,-1],[-2,1]],[[482,664],[-1,1],[0,1],[1,0]],[[482,666],[1,-1],[0,1],[-1,0]],[[482,666],[0,1],[-2,2],[1,1],[0,2],[-1,0]],[[480,672],[-1,1],[2,0],[0,1],[2,0],[1,1],[-1,0],[2,1],[2,0],[0,1],[1,0],[0,2],[1,-1],[2,0],[0,-1],[1,0],[0,1],[-1,1],[2,-1],[1,0],[-1,1],[2,0],[0,1],[-3,0],[0,1],[2,2],[1,2],[-1,1],[-2,1],[0,1],[-1,0],[3,3],[-2,3],[0,1],[-1,0],[0,3],[-1,0],[0,2],[1,1],[1,0],[2,3],[-1,1],[0,1],[3,2],[0,2],[1,0],[1,1]],[[498,711],[2,0],[3,1],[4,1],[1,0],[1,1],[1,-1],[2,-1],[3,-3],[1,0],[3,-3],[4,-1],[1,1],[2,1],[3,0],[2,1],[1,1],[1,0]],[[478,673],[0,0]],[[124,689],[0,-1],[-1,-3],[2,0],[2,1],[1,0],[0,-3],[1,2],[1,-1],[1,0],[2,-1],[1,0],[1,-1],[0,1],[1,1],[0,-1],[1,0],[2,-1],[0,-2],[2,0],[0,-2],[2,0],[2,-1],[0,-1]],[[144,676],[1,0]],[[145,676],[6,0],[2,-1],[0,-1],[1,-1],[0,-1],[-3,0],[0,-1],[3,0],[-1,-2],[-1,0],[1,-1],[0,-1],[-1,-1],[-2,0],[-1,-1],[-1,0],[-1,-1],[-1,0],[1,-2],[2,-3],[0,-2],[2,-4],[0,-3],[1,0],[2,-2],[2,-4],[1,0],[1,-1]],[[134,638],[-3,0]],[[131,638],[-3,2],[-2,2],[0,2],[2,3],[1,1],[1,2],[1,1],[0,4],[-1,3],[-2,0],[-1,1],[0,1],[-1,1],[-1,0],[0,1],[-1,1],[-2,4],[-1,0],[-1,-2],[-2,-2],[-1,0],[-8,2],[-2,0],[0,1],[-8,0],[-3,1],[-1,0],[-2,1],[-1,1],[-2,0],[0,1],[1,0],[0,4],[-1,1],[-1,3],[2,-1],[1,0],[1,2],[5,0],[-4,2],[-1,1],[0,2],[1,2],[-2,1],[3,3],[3,0],[2,1],[3,-1],[5,0],[1,1],[3,-1],[2,0],[1,-1],[3,0],[3,1],[3,-1]],[[218,783],[2,-3]],[[220,780],[-2,-4],[-2,-3],[-6,-4],[-4,-3],[-2,0],[-1,-1],[-3,-1],[-1,-1],[1,-1],[2,-4]],[[202,758],[-6,0],[-1,1],[-1,-1],[0,-4],[-1,-3],[0,-1],[-1,0],[0,-1],[-2,-7]],[[190,742],[0,1],[-1,0],[-2,-2],[-4,-2],[-3,2],[0,1],[-4,4],[-1,0],[-7,1],[-1,0],[1,1],[-1,0],[-2,1],[0,-2],[-2,1],[0,1],[-1,-1],[-3,0],[0,1]],[[159,749],[1,0]],[[160,749],[-2,0],[-2,1],[-11,0]],[[145,750],[-2,1],[0,2],[1,1],[0,2],[1,1],[2,1],[-1,1],[1,2],[-1,5],[2,2],[1,2],[0,4],[1,0],[0,2],[7,0],[-1,1]],[[156,777],[1,3]],[[157,780],[1,0],[0,1],[1,0],[0,1],[1,0],[1,-1],[0,1],[1,1],[0,-2],[2,0],[0,-1],[4,0],[1,1],[1,0],[1,1],[2,0],[3,1],[2,-1],[1,-1],[2,-1],[0,1],[2,0],[2,-2],[3,0],[0,-1],[4,0],[0,1],[1,0],[1,1],[1,-1],[2,0],[4,2],[2,0],[9,2]],[[191,780],[0,0]],[[109,811],[0,-1],[-1,1],[1,0]],[[95,809],[1,-1],[0,-1],[-2,1],[-1,0],[-1,-1],[-1,1],[-3,1],[-1,0],[0,1],[-2,1],[-1,1],[1,0],[1,1],[1,0],[7,1],[5,0],[2,-1],[-1,-1],[-2,0],[-1,-1],[-3,-1],[0,-1],[1,0]],[[301,748],[-1,-2],[1,0],[0,-1],[-1,0],[0,-1],[-2,-1],[-1,0],[0,-1],[-1,0],[0,-2],[1,0],[1,-1],[-1,-2],[-2,-2],[2,-2],[0,1],[3,1],[-1,1],[1,1],[2,-1],[2,0]],[[260,719],[-1,0],[-1,-1],[-2,1],[-1,0],[-2,2],[-2,1],[-1,1],[-1,0],[0,2],[-1,1],[-3,0]],[[245,726],[1,0]],[[246,726],[0,3],[-1,1],[0,4],[1,1],[-7,7],[-1,0],[0,1]],[[238,743],[2,2],[0,2],[6,2]],[[246,749],[4,0],[4,1],[0,-3],[3,-1],[5,1],[1,1],[0,1],[1,3],[1,1],[0,1],[1,1]],[[939,484],[0,-2],[-2,0],[-1,1],[-1,0],[-1,-1],[-2,-1],[-3,0],[-1,1],[-1,0],[0,1],[-2,1],[-3,0],[-2,2]],[[882,486],[-2,2],[-2,-2],[-4,2],[0,1],[1,0],[1,2],[-4,4],[0,1],[2,1],[-4,2],[-2,-2],[-1,0],[-2,1],[-1,2],[-2,0],[-1,1],[-1,0]],[[939,484],[0,1]],[[938,485],[1,0]],[[939,485],[0,1],[-1,1],[-1,0],[0,1],[2,0],[1,1],[6,0],[2,1],[0,1],[-1,0],[2,1],[0,1],[-1,0],[0,1],[4,0],[0,1],[3,0],[0,2],[2,2],[1,-1],[2,0],[0,2],[1,0],[0,1],[1,1],[-1,0],[-1,1],[-1,0],[0,1],[1,0],[0,2],[-2,0],[-2,1],[1,0],[0,1],[-1,0],[-1,-1],[-1,1],[-1,0],[2,2],[-1,2],[-1,0],[0,2],[-2,2],[0,2],[-1,1],[0,1],[-2,0],[-1,-1],[-3,3],[0,1],[1,0],[-1,1],[-2,-2],[0,-1],[-1,-1],[-4,0],[0,2],[-1,1],[0,1],[1,1],[1,2],[0,1],[1,1],[1,2]],[[939,531],[1,0]],[[940,531],[1,0],[0,1],[1,1],[0,1],[-1,1],[0,1],[-3,0],[1,1],[0,2],[-2,0],[0,3],[1,0],[-1,2],[-3,0],[0,1],[1,2],[-1,1]],[[965,553],[-2,-2],[2,-2],[0,-2],[4,-2],[3,0],[1,-1],[1,0],[2,-1],[1,0],[1,-2],[4,0],[2,-1],[2,1],[0,-1],[1,-1],[2,0],[3,-4],[-1,-1],[-1,0],[1,-1],[0,-1],[-1,-1],[1,0],[0,-2],[-1,0],[1,-2],[1,0],[1,-1],[-1,-1],[-1,0],[1,-1],[0,-2],[3,-3],[1,-2],[1,0],[1,-1],[0,-2],[1,0],[0,-1],[-1,-1],[0,-1],[-1,0],[1,-1],[0,-1],[-1,-1],[-1,0],[0,-3],[-1,0],[1,-1],[-1,-1],[0,-3],[-1,-1],[0,-1],[1,0],[-1,-1],[0,-3],[-1,0],[0,-1],[-1,-1],[1,-1],[0,-1],[-1,0],[0,-2],[-1,0],[0,-2],[-1,0],[1,-1],[-1,0],[-1,-1],[0,-2],[-1,-1],[0,-1],[-1,-2],[-1,0],[0,-3],[-2,0],[-1,-3],[0,-1],[-1,-1],[-1,0],[0,-1],[-2,-2],[-1,0],[-3,-3],[0,-4],[-1,0],[0,-1],[-1,-1],[0,-2],[-1,-1],[0,1],[-2,0],[0,-1],[-1,0],[0,1],[-3,1],[-1,-1],[-1,0],[0,1],[-1,1],[-3,0],[-1,1],[-3,0],[-3,1],[0,1],[2,3],[0,1],[1,1],[1,0],[0,3],[-1,1],[-6,-2],[-3,0],[0,1],[1,1],[0,1],[1,0],[2,3],[-1,0],[0,1],[1,1],[0,1],[-1,0],[-1,1],[0,1],[-2,1],[-1,-1],[-2,0],[0,2],[-4,0],[1,2],[0,1],[-2,0]],[[168,564],[1,-1],[3,0],[0,-2],[1,0],[0,-1],[1,0],[0,-1],[-1,0],[0,-2],[-1,0],[-1,-1],[-2,-1]],[[139,549],[-1,3],[-1,0],[0,2],[-2,1],[-2,-1],[-1,0],[0,2],[-1,1],[-4,2],[-3,0],[-2,-1],[1,0],[0,-3],[1,-1],[1,0],[0,-4],[1,-1],[1,0],[-1,-1],[-1,0],[-1,-1]],[[123,547],[0,1],[-2,1],[-2,0],[-4,2],[0,1],[1,0],[0,2],[2,0],[1,1],[2,1],[0,3],[-1,0],[0,1],[-2,0],[-1,1],[-1,0],[-3,-1]],[[114,574],[-1,1],[1,3],[5,0],[1,1],[0,2],[5,0],[2,-2],[3,-1],[2,0],[0,1],[4,1],[2,2],[4,2]],[[142,584],[2,0],[3,-1],[1,0],[2,-2],[1,0],[1,-1],[0,-1],[1,-1],[-1,0],[0,-2],[1,0],[0,-1],[2,0],[2,-1],[1,0],[0,-1],[-1,-2],[-1,-1],[0,-1],[1,0]],[[157,570],[0,-1]],[[157,569],[2,0],[0,-1],[2,0],[0,-2],[4,0],[0,-1],[1,-1],[2,0]],[[228,648],[2,-1],[1,-1],[-4,0],[-2,-1],[0,-1],[3,-2]],[[200,611],[-2,0],[-2,2],[-2,1],[0,-1],[-2,-1],[0,1],[-2,1],[-3,0],[0,-1],[-2,0],[-1,-1],[-3,-1],[0,-2],[-1,0],[-1,-1],[1,-1],[-1,0]],[[179,607],[-4,-1],[-1,0],[0,1],[-1,1],[-2,-1],[-1,1],[0,1],[1,1],[-2,1],[-1,1],[0,-1],[-1,0],[-1,1],[0,-1],[-1,-1],[-1,0],[0,1],[-2,1],[-3,0],[-3,1],[-1,0],[0,2],[-3,-1]],[[152,614],[1,2],[-1,0],[0,2],[1,1],[-2,2],[0,1],[-4,0],[-4,1],[-3,1],[-2,2],[0,1],[1,0],[1,1],[-2,1],[-4,3],[0,6]],[[134,638],[1,0],[0,1],[2,1],[3,1],[16,0],[2,2]],[[158,643],[4,0],[1,1],[0,1],[1,0],[1,1],[2,0],[0,1],[3,0],[0,1],[1,2],[1,0],[2,1],[3,2],[1,0],[4,1],[2,0],[1,1],[1,0],[0,1],[1,1],[0,2],[1,0],[1,1],[0,1],[-2,1],[-2,0]],[[185,662],[1,0]],[[186,662],[0,2],[2,3],[1,1],[1,0]],[[203,573],[0,2],[-2,0],[0,1],[-2,3],[-1,0],[0,3],[-1,0],[0,1],[-1,0],[-1,1],[-2,0],[-1,1],[-2,1]],[[190,586],[1,2],[1,0],[2,1],[-1,1],[1,1],[4,0],[1,-1],[1,0],[0,2],[-2,0],[1,2],[1,1],[2,0],[0,-1],[4,0],[0,1],[2,2],[-1,1],[0,1],[-2,0],[0,2],[-1,1],[0,1],[-1,0],[0,2],[1,0],[1,1],[-1,1],[-1,0],[0,1],[-1,2],[0,1],[-2,0]],[[200,611],[2,2],[0,2],[3,3],[0,1],[1,0],[4,1],[1,0],[1,-1],[4,0],[1,-1],[3,-1]],[[511,607],[3,-2],[0,-1],[2,0],[0,-1],[1,0],[0,-1],[1,-1],[1,1],[1,0],[1,-1],[-1,0],[-1,-1],[-1,0],[-1,-1],[0,-2],[1,-1],[1,0],[2,-2],[0,-1],[-2,-2],[-2,-1],[-2,-2],[-1,0],[-1,-1],[0,-1],[1,0],[-1,-1],[0,-3],[1,-1],[0,-2],[-1,0],[3,-3],[2,0],[1,-1],[0,-2],[2,-2],[1,0],[1,-1],[0,-2],[-1,-1],[1,-1],[0,-2],[3,-3]],[[481,611],[3,0],[2,-1],[0,-1]],[[486,609],[-1,0],[1,-1],[1,1]],[[486,609],[1,0]],[[487,609],[3,0],[0,1],[2,0],[1,1],[1,0],[1,1],[2,1],[1,0],[0,1],[2,0],[1,-1]],[[555,614],[-10,0],[-2,-1],[-6,0]],[[520,645],[-1,1],[-1,0],[-1,1],[1,1],[0,2],[-2,0],[0,1]],[[516,651],[1,0]],[[517,651],[0,2],[-1,0],[1,1],[0,1],[-1,0],[1,1],[4,0],[0,-1],[2,0]],[[523,655],[2,1],[1,-1],[1,0],[2,-2],[0,-1],[2,0],[3,-1],[0,-1],[3,0],[0,1],[2,0],[0,-1],[-1,-1],[3,0],[0,-1],[1,0]],[[542,648],[0,-1],[1,1]],[[542,648],[1,0]],[[543,648],[0,1],[1,0],[0,1],[1,0],[2,1],[-2,1],[-1,1],[-1,0],[2,1],[1,1],[-1,0],[0,2],[1,1],[2,0],[0,1],[1,0],[0,1],[-2,0],[0,1],[-1,0],[1,1],[-1,1],[1,3]],[[547,666],[2,0],[0,1],[3,0]],[[552,667],[0,-1],[4,-4],[1,0],[1,-2],[1,0],[2,-2],[0,-1],[2,0],[1,-1],[2,-1],[0,-2],[-1,-1],[-2,-1],[-6,0],[0,-1],[2,0],[0,-1],[2,0],[2,-3],[0,-1],[-1,0],[-2,-1],[2,-3],[1,1],[1,0],[0,-1],[1,-1],[0,-2],[2,0],[1,-2],[-1,-1],[-2,0],[-1,-1],[-2,0],[-1,-1],[0,-1],[-1,-2],[1,0],[2,-1],[3,0],[0,-1],[-1,-1],[0,-1],[-1,-1],[0,-1],[-2,0],[-2,-2],[-4,-2],[-3,0],[0,-1],[2,-1],[1,0],[0,-2],[-1,-2]],[[243,614],[-1,1],[-6,0],[-4,-2],[-2,-2],[-7,2],[0,1],[-3,3]],[[220,617],[2,2],[2,0],[3,1],[2,1],[0,1],[4,0],[0,4],[-1,0],[1,1],[1,0],[1,1],[-1,0],[0,1],[-9,0],[-1,1],[-2,1],[0,2],[-1,0],[2,2],[1,0],[0,5],[1,1],[1,0],[2,1]],[[228,642],[1,-1],[-1,-1],[0,-1],[2,-1],[1,-1],[2,0],[0,-1],[3,0],[1,1],[4,1],[2,-1],[0,-1],[1,-1],[1,0],[0,2],[2,0],[0,1],[-1,0],[0,2],[1,0],[1,1],[2,0],[0,1],[1,0],[0,1],[1,0],[0,1],[-1,0],[-1,1],[-3,0],[-2,-1],[-2,2],[0,2],[-1,0],[-2,-1],[-5,1],[-2,2],[-3,-1],[-2,-1]],[[228,648],[-1,2],[0,1],[-1,0],[0,2],[-1,1],[-1,0],[-3,1],[-1,1],[-2,-1],[-3,-1],[-3,0],[-3,1],[-3,2],[-1,0],[-2,1],[-2,0],[-1,2],[0,3],[-2,2],[-2,0],[-6,3]],[[190,668],[0,2],[-1,0],[0,1],[1,0],[0,1],[1,4],[-1,1],[0,3],[1,1],[0,1],[-1,1],[-1,3],[1,1],[5,3],[1,0],[0,1],[2,0],[0,1],[1,0],[-1,2]],[[198,694],[9,0],[1,1],[2,0],[0,1],[1,1],[5,1],[6,-3],[1,-1],[2,1],[1,0],[0,1],[1,-1],[1,0],[0,1],[3,0],[0,-1],[3,0]],[[266,671],[-1,0],[-2,-1],[-3,-1],[-1,-1],[-5,0],[-2,-2],[0,-1],[-2,-2],[0,-1],[-1,1],[-2,1],[-8,0],[-1,2],[1,0],[0,4],[-1,0],[1,1],[-1,1],[-3,2],[-1,1],[2,0],[0,2],[1,0],[0,2],[-1,2],[2,2],[1,0],[1,1],[2,3],[-1,0],[-1,1],[0,2],[-2,0],[-2,3],[-2,2]],[[234,695],[1,2],[5,0],[0,1],[-2,0],[-1,1],[2,5],[2,0],[2,-1],[0,1],[2,2],[2,-1],[2,0],[1,1],[0,-1],[4,0],[0,3],[3,0],[1,2],[1,1],[-1,1],[0,2],[1,1],[1,2],[0,2]],[[260,719],[6,0],[2,1],[2,-2],[0,-1],[1,-1],[2,1],[2,-1],[1,0],[0,-1],[-1,-2],[5,0],[1,-1],[3,0],[-1,-2],[-1,0]],[[286,796],[0,-12],[1,-2]],[[287,782],[0,-2],[-1,-2],[0,-6],[-1,-2],[0,-6]],[[304,749],[-2,0],[-1,-1]],[[301,748],[-2,1],[-1,0],[-2,2],[-1,0],[-1,-1],[-2,1],[-3,0],[0,1],[-2,-1],[-1,0],[-2,2],[-1,0],[-2,-1],[-1,0],[-4,-1],[-1,2],[-1,3],[1,1],[-2,0],[0,-1],[-5,0],[-2,-1]],[[266,755],[-1,1],[0,1],[-1,1],[1,1]],[[265,759],[1,1],[0,3],[-2,3],[0,1],[-1,1],[-1,0],[0,4],[-1,0],[-3,3],[-1,-1],[-2,0],[-2,2],[-2,0],[0,2],[-1,1],[1,0],[0,1],[1,0],[-1,1]],[[251,781],[2,0],[1,1],[0,2],[1,2],[-1,1],[0,1]],[[254,788],[0,-1],[1,0],[4,-1],[1,1],[2,0],[1,1],[1,2],[1,0],[0,2],[1,1],[1,3],[0,5],[-2,1],[-8,0],[1,5],[1,3],[2,2],[2,1],[1,1],[5,0],[5,-5],[8,-3],[7,0],[0,-1],[2,-1],[1,0],[1,-1],[-1,-1],[0,-1]],[[868,527],[0,-1],[1,-1],[1,-3],[-3,0],[0,-1],[-1,-2],[-2,-2],[2,-2],[-1,0],[0,-2],[2,0],[0,-1],[-2,0],[0,-2],[-1,0]],[[864,511],[0,-1]],[[864,510],[0,-1],[1,0],[0,-1],[-1,0],[0,-1],[-1,0],[-1,1],[0,-1],[-1,-1],[2,-2],[0,-1],[-1,0],[-2,-2]],[[860,501],[-2,0],[0,-2],[1,0],[1,-1],[0,-1],[-1,-1],[-5,0],[0,-3],[-2,0],[0,-2],[1,-1],[-1,0],[-2,1],[-2,-1],[-2,1],[-1,1],[-1,-1],[-3,0],[1,-1],[0,-1],[-1,0],[0,-2],[-1,0]],[[798,508],[0,1],[1,0],[-1,1],[0,2],[1,0],[1,1],[0,1],[-1,0],[0,1],[1,1],[0,1],[-1,2],[0,3],[1,1],[-1,0],[0,1],[-1,0],[0,1],[1,0],[0,1],[-1,0],[-1,1],[1,2],[1,1],[0,1],[1,-1]],[[920,486],[-1,-1],[-2,-1],[-1,-1],[1,-1],[-1,0],[0,-1],[-1,-1],[-1,0],[0,-1],[1,0],[-1,-1],[0,-1],[3,-1],[2,0],[2,1],[1,-1],[-1,0],[0,-1],[-1,0],[-1,-1],[2,-2],[3,0],[2,-1],[2,0],[1,-1],[0,-2],[-1,0],[0,-2],[-2,-1],[-2,1],[0,-1],[-1,0],[-2,-1],[-4,0],[-1,1],[-2,0],[-2,-1],[-1,0],[0,-1],[-1,-3],[-2,0],[-1,-1],[-4,0],[-1,-1],[-1,0],[0,-1],[-1,0],[-3,-1],[-2,0],[-1,-1],[0,-1],[-5,0],[0,-1],[-1,1],[-2,0],[0,1],[-1,0],[-3,-1],[-1,0],[0,-1],[-4,-2],[-1,1],[-1,0],[-1,-1],[1,0],[-2,-2],[2,-2],[0,-1],[-2,-1],[-3,0],[0,-1],[-3,-1],[-2,1],[-3,1],[-1,-1],[-1,0],[-1,1],[0,-1],[-4,0],[-1,-1],[0,-1],[-2,1],[-1,0],[-2,1],[-1,0]],[[823,483],[1,2],[2,1],[4,1],[2,-1],[6,0],[1,1],[1,0]],[[840,487],[0,-3],[2,0],[0,-1],[1,0],[4,-1],[2,1],[0,-2],[2,0],[0,-1],[1,-1],[2,0],[0,1],[3,0],[2,-1],[1,0],[0,-2],[3,0],[0,-1],[2,0],[1,-1],[0,1],[1,0],[1,1],[3,0],[1,-1],[1,0],[0,1],[3,2],[0,2],[1,-1],[1,1],[1,0]],[[879,480],[0,1]],[[879,481],[0,1],[2,0],[1,1],[0,2]],[[881,485],[1,0]],[[882,485],[0,1]],[[882,486],[1,1],[7,0],[0,1],[1,1],[1,0],[1,-1],[4,0],[1,1],[2,1],[1,-1],[0,-1],[2,-1],[2,1],[0,1],[1,1],[4,-1],[3,-1],[0,-2],[2,1],[1,1],[1,0],[2,-1],[2,0],[-1,-1]],[[284,620],[0,-1],[-1,-1],[-1,0],[0,-1],[-1,-1],[0,-3],[-1,0],[-2,-1],[2,-2],[1,0],[1,-1],[0,-2],[-1,-2],[-1,0],[0,-1],[-2,0],[-2,-1],[-1,0]],[[274,603],[1,0]],[[275,603],[0,-1],[1,-1],[1,0],[1,1],[1,-2],[6,0],[1,-1],[1,-2],[0,-1],[1,0],[2,1],[2,0],[-1,-1],[2,0],[0,1],[5,0]],[[267,572],[-1,1],[0,1]],[[265,574],[1,0]],[[266,574],[-1,1],[-1,0],[0,1],[-2,1],[-1,1],[-1,0],[0,4],[-2,0],[0,2],[-3,0],[-1,1],[1,1],[1,0],[0,1],[-1,2],[-3,0],[0,2],[-1,0],[0,1],[-2,2],[1,1],[1,0],[0,2],[-1,1],[-4,3],[-1,0],[0,1],[-1,0],[0,1],[1,0],[-1,2],[0,2],[-2,0],[-1,1],[2,6]],[[243,614],[6,3],[1,-1],[3,0],[1,2],[3,3],[2,1],[2,0],[0,2],[2,0],[0,-1],[3,-1],[2,1],[2,0],[2,-1],[1,-1],[2,0],[2,1]],[[303,615],[-3,0],[0,2],[-2,0],[0,1],[-2,-1],[-2,0],[0,3],[-1,1],[0,-1],[-1,0],[-3,1],[-4,0],[-1,-1]],[[284,620],[-2,0],[0,1],[-1,-1],[-2,0],[-2,2]],[[277,622],[-1,1],[1,1],[5,3],[2,0],[5,4],[-5,1],[-2,0],[-1,2],[0,1],[1,1],[0,2],[1,1],[0,1],[-1,0],[1,1]],[[457,597],[2,-1],[2,-2],[1,0],[-1,-1],[0,-2],[2,0],[0,-4],[-1,0],[0,-1],[2,-1],[2,0],[-1,-1],[0,-2],[1,0],[1,-1],[0,-1]],[[496,649],[-1,0],[0,-1],[1,-1],[0,-3],[1,0],[1,-1],[0,-1],[-1,0],[-1,-1],[2,-1],[1,0],[-2,-2],[0,-3]],[[497,635],[-3,0],[0,-1],[-1,0],[0,-1],[-2,0],[-1,-1],[0,-1],[-1,0],[-1,-2],[-3,0],[0,2],[-2,0],[0,-1],[-2,-1],[-3,1]],[[454,643],[0,1],[2,1],[1,0],[0,1],[1,-1],[1,1],[0,4],[1,1],[2,-2],[1,0],[0,-1],[1,1],[0,1],[1,1],[0,1],[1,1],[0,2],[-1,0],[-1,1],[0,1],[2,1],[4,0],[1,1],[1,2],[1,1],[2,0],[1,-1],[2,0],[0,2],[3,1],[1,0]],[[482,664],[2,0],[2,-1],[0,-1],[2,0],[0,-1],[1,0],[1,-1],[1,-3],[0,-1],[1,-2],[2,1],[2,0],[0,-1],[-1,0],[1,-1],[0,-1],[-2,0],[1,-1],[0,-1],[1,-1]],[[537,613],[-14,0],[-1,-1],[-1,0],[0,-2],[-1,0],[0,-1],[-1,0],[-3,-1],[-1,0],[0,1],[-1,-1],[-2,0],[-1,-1]],[[511,607],[0,-1],[-2,0],[0,-1],[-1,-1],[0,-1],[-3,1],[0,1],[-2,0],[0,1],[-1,1],[1,2],[1,0],[-1,1],[0,1],[-1,0],[-1,1],[0,1]],[[501,613],[1,0],[1,2],[-1,0],[-1,-1],[0,1],[-2,2],[0,1],[-1,1],[1,0],[-2,2],[0,3],[1,1],[1,0],[4,4],[1,0],[0,1],[1,0],[0,1]],[[505,631],[1,1],[1,0],[2,-1],[0,2],[4,0],[-1,1],[1,1],[2,0],[0,4],[2,1],[0,2],[1,0],[2,2],[-1,0],[0,1],[1,0]],[[520,645],[4,0],[4,1],[2,-2],[-1,0],[0,-1],[1,-1],[0,-1],[-1,0],[2,-2],[1,-2],[2,-2],[1,0],[0,-2],[4,0],[0,-1],[2,-2],[1,0],[0,-1],[1,0]],[[543,630],[0,-1]],[[543,629],[1,0],[1,1],[1,0],[0,-1],[1,-1],[0,-1],[-1,0],[0,-1],[-1,0],[0,-3],[-2,-1],[-2,0],[0,-2]],[[542,620],[-1,0]],[[541,620],[-1,0],[-1,-1],[0,-1],[-2,0],[-1,-1],[1,-2],[0,-2]],[[481,611],[0,-1],[-6,-3],[-1,1],[-2,0]],[[476,629],[-1,-1],[1,-2],[0,-1],[1,0],[-1,-1],[0,-2],[1,0],[0,-1],[2,0],[1,-1],[1,1],[0,-1],[3,0],[1,-1],[0,-1],[1,0],[1,-4],[1,-1],[-1,-1],[-1,0],[-1,1],[-4,0],[0,-2]],[[212,826],[2,-5],[0,-3],[1,0],[-1,-1],[0,-1],[-1,0],[1,-1],[2,0],[1,-1],[0,-1],[-1,-1],[0,-1],[1,-1],[-1,0],[0,-1],[-1,-1],[-1,-2],[0,-2],[-2,-2],[1,-2],[0,-1],[1,1],[2,1],[4,0],[6,-1],[-1,-1],[0,-2],[1,0],[0,-1],[2,0],[2,-2],[-1,0],[-1,-1],[1,-1],[-2,0],[-10,-6],[1,-3]],[[218,783],[-1,0],[-3,-1],[0,1],[-2,0]],[[212,783],[-1,3],[1,1],[-3,0],[-1,1],[-1,0],[1,1],[1,0],[0,1],[-1,0],[0,2],[-1,0],[-1,-1],[-3,1],[0,1],[1,0],[0,3],[-3,0],[-1,-1],[-1,0],[-2,-1],[0,6],[-2,1],[-1,1],[0,1],[1,1],[-1,3],[-3,0],[-5,-1],[-7,0],[-2,-1],[-2,0],[-3,-1],[-1,0],[-1,-1],[-2,2],[1,0],[0,4],[-1,1],[1,1],[0,2],[1,0],[0,1],[-1,1],[10,0],[0,1],[-2,2],[1,1],[1,0],[0,1],[4,2]],[[183,822],[4,0],[2,1],[11,2],[6,0],[2,1],[4,0]],[[212,834],[-5,-1],[-8,0],[-1,-1],[-2,0],[0,2],[1,0],[3,1],[12,0],[0,-1]],[[192,831],[-11,0],[-1,-1],[-2,0],[-1,-2],[-4,0],[1,3],[2,1],[12,1],[5,-1],[-1,-1]],[[102,523],[-6,0],[-4,-2]],[[116,542],[1,0],[5,2],[1,1],[0,2]],[[123,547],[1,0]],[[124,547],[2,-2],[3,-1],[1,-2],[1,0],[0,-1],[4,-1]],[[84,529],[0,-1],[2,-1],[0,1],[2,0],[-1,-1],[1,0],[0,-1],[-1,0],[-1,-1],[0,-2],[5,-1]],[[63,490],[-6,0],[0,1],[-3,0],[-1,1],[0,3],[-1,0],[-1,1],[0,1],[-2,1],[-2,0],[1,1],[0,1],[-1,0],[-1,1]],[[112,539],[2,-1],[0,-2],[4,0],[1,-1],[0,-1],[-1,0],[0,-1],[-1,-1],[0,-3],[-1,-1],[-2,-1],[0,-1],[-1,0]],[[105,524],[-1,2],[-1,0],[0,5],[1,2],[0,2],[-1,0],[-1,1],[1,1]],[[831,432],[-4,-5],[-2,2],[-3,0],[0,1],[-1,1],[0,1],[-2,1],[-1,0],[0,1],[-1,-1],[1,-1],[0,-1],[-2,-1],[-1,-1],[-1,0],[-1,-1],[-1,0],[0,-3],[-3,-1],[-2,2],[-3,1],[-2,-3],[0,-1],[-1,0],[0,-1],[1,-1],[-2,-3],[-1,-1],[-1,0],[0,-2],[-6,0],[0,1],[-1,1],[-1,-1],[-4,-2],[-3,0],[0,1],[-1,0],[0,1],[-2,-1],[0,-1],[-1,-1],[0,-6],[-2,-1],[-1,-1],[-1,0],[0,-1],[-3,-1],[-2,0],[1,-1],[-1,0],[0,1],[-3,1],[-1,1],[-1,0],[-8,4],[-1,-2],[0,-1],[-2,2],[-4,-2],[-2,0],[-1,-1],[0,-1],[-2,-1],[0,-2],[-2,1],[-2,2],[0,-1],[-4,0],[-2,1],[-2,-2],[-2,0]],[[753,452],[0,-1],[4,0],[2,2],[4,-1],[0,-2],[1,1],[1,0],[0,-2],[-1,0],[0,-1],[1,0],[0,-1],[4,-2],[1,1],[0,1],[3,0],[2,1],[1,1],[0,1],[1,0],[1,-1],[1,0],[1,2],[0,1],[1,0],[1,1],[0,1]],[[376,588],[-4,0],[-1,1],[-4,1],[-2,-1],[0,-1],[-3,0],[-2,1],[-1,0],[-1,2],[-1,-1],[-1,0],[0,1],[-1,1],[1,1],[-1,1],[0,1]],[[356,595],[-1,0]],[[355,595],[-1,-1],[-2,-1],[-1,0],[-3,-2],[-1,-1],[-1,0],[-1,1],[-3,0],[1,-1],[0,-1],[-2,-2],[-2,-1],[-3,0],[0,-3],[1,-3]],[[314,589],[-1,1],[-1,0],[0,1],[-1,2],[-4,3],[-1,0],[-3,1],[-1,0],[-2,1],[-2,-1]],[[298,597],[3,3],[2,1],[-1,1],[0,1],[1,1],[0,2],[1,3],[-2,1],[2,2],[0,2],[-1,1]],[[303,615],[2,2],[0,1],[3,1],[1,0],[1,-1],[1,2],[0,1],[1,0],[2,1],[5,0],[1,1],[1,0],[0,-1],[3,-2],[2,0],[3,1],[1,2],[0,2],[1,0],[-1,1],[1,2],[2,2]],[[340,632],[0,-1],[1,0],[1,-2],[1,0],[0,-3],[-1,-2],[1,0],[2,1],[1,0],[1,1],[2,0],[0,-1],[1,0],[2,-1],[1,0],[1,1],[3,-1],[1,-1],[0,-1],[-2,-2],[0,-1],[1,0],[0,1],[1,-1]],[[309,671],[-1,-2],[1,0],[0,-1],[1,-2],[-1,0],[0,-3],[1,-1],[0,-1],[-1,-1],[1,-1],[-1,-1],[1,-1],[1,1],[1,-1],[4,0],[1,1],[1,0],[6,-1],[2,0],[0,1],[1,-1],[2,1],[1,1],[0,-1],[1,1],[2,-1],[1,0],[1,1],[0,1],[2,0],[0,1],[1,1],[1,0],[0,1],[1,1],[-1,0],[0,1],[2,1],[0,-1],[1,0],[1,1],[1,2],[1,0],[1,1],[1,2],[2,0],[2,-1],[1,1],[0,-1],[1,-1],[2,0],[1,-1],[-1,0],[0,-1],[-1,-1],[-2,-1],[0,-1],[1,-1],[0,-2],[2,0],[0,-1]],[[355,660],[-1,-2],[-2,-2],[0,-2],[-1,0],[-1,-1],[0,-1],[-1,0],[-2,-2],[-1,1],[-2,0],[0,-1],[-1,-1],[-2,0],[0,-2],[-1,0],[0,-3],[-2,-1],[0,-1],[1,0],[0,-1],[-1,0],[1,-1],[3,0],[0,-1],[3,0],[2,-2],[2,0],[0,-1],[-1,-1],[-2,0],[0,1],[-1,-1],[1,-1],[0,-4],[-3,0],[0,2],[-1,-1],[-1,1],[-1,0]],[[340,632],[-1,-1],[1,0],[0,-1],[-1,0],[-1,1],[-1,-1],[-4,0]],[[333,630],[-3,2],[-4,0],[0,-1],[-2,0],[0,-2],[-4,0],[-3,-1],[-1,0],[2,2],[-1,0],[1,1],[0,2],[-1,0],[-1,1],[-1,0],[-1,1],[0,2],[-1,0],[0,1],[-3,0],[0,1],[-2,0],[-1,-2],[-1,0],[-1,1],[-2,1],[-1,1],[-6,0],[-1,-1],[-1,1],[-1,0],[-4,1],[-4,0],[-1,-1],[-1,1]],[[283,641],[0,1],[-1,1],[0,3],[1,0],[1,1],[-1,0],[0,1],[-2,4],[-1,1],[-5,3],[-3,1],[-2,1],[-2,0],[-1,1],[0,2],[-1,1],[0,1],[-1,0],[1,1],[-1,1]],[[314,589],[2,-4],[0,-2],[2,-2],[8,0],[3,1],[2,0],[1,1],[1,-1],[-1,0],[1,-1],[1,0],[1,-1],[1,1],[0,-1],[1,0]],[[337,580],[0,-1],[1,-2],[1,0],[0,-1],[2,0],[0,-1],[-1,0],[-1,-2],[0,-1]],[[340,572],[-1,0]],[[339,572],[1,-1],[1,-2],[-1,0],[-1,-1],[0,-2],[-1,-1],[1,-2],[1,-1],[0,-2],[-1,0],[0,-1],[1,0],[-1,-1],[1,-2],[1,-1],[1,0],[1,-3],[-1,0],[-1,1],[0,-1],[-1,0],[-3,-1],[0,-1],[-1,-1],[-2,-1],[0,-1],[-3,0]],[[276,571],[1,2],[0,2],[1,1],[5,4],[6,2],[1,2],[0,1],[1,1],[3,1],[4,1],[2,1],[2,2],[3,-3],[6,0],[3,1]],[[412,549],[2,2]],[[416,553],[0,1],[4,2],[1,1],[1,0],[3,-1],[2,1],[1,0],[0,-1],[1,0],[1,-1],[0,1],[1,0],[1,1],[5,0],[2,-1],[6,0],[0,2],[2,0],[3,-1],[3,1],[1,0],[0,1],[2,-2],[2,0],[3,1],[1,0],[0,-1],[2,1],[0,1],[1,2],[1,-1],[1,0],[1,1],[0,1],[-1,0],[0,1],[-1,1],[-1,0],[1,1],[1,0],[0,1],[-1,0],[0,1],[-1,1],[0,2],[-2,0],[0,2],[1,0],[3,2],[-1,1],[0,1],[1,2],[0,2]],[[467,580],[1,1],[0,1],[1,1],[1,-1],[2,2],[0,1],[1,-1],[0,-1],[1,1],[0,1],[2,0],[1,-1],[1,0],[1,-1],[0,-2],[1,-1],[1,-2],[2,0],[0,-1],[7,0],[0,2],[1,1],[2,0],[1,-1],[3,-1],[6,-1],[1,-1],[-1,-1],[0,-2],[1,-1],[-1,-1],[0,-1],[-1,0],[0,-2],[1,0],[1,-1],[0,-2],[1,0],[0,-1],[2,0],[0,1],[1,-1],[1,0],[0,1],[3,1],[0,-1],[2,0],[1,1],[1,-1],[0,-1],[3,0],[1,-1],[0,-1],[1,-1],[2,0],[1,-1]],[[116,542],[-1,0],[-1,-1],[-2,0],[0,-2]],[[112,539],[-3,-2],[-2,0],[-1,-1],[-1,0],[-1,1],[-1,0]],[[103,537],[1,2],[-1,0],[0,2],[1,0],[0,3],[-3,1],[-1,0],[-1,1],[1,1]],[[105,553],[2,-1],[1,-1],[1,0],[-1,-1],[3,-3],[0,-1],[1,0],[0,-1],[2,-2],[2,0],[0,-1]],[[156,505],[0,-1],[1,-1],[-1,-1],[1,0],[-1,-2],[-1,-1],[1,-1],[-1,-1],[-2,0]],[[153,497],[-1,0],[-1,2],[-4,0],[-2,-1],[-4,0]],[[138,500],[0,-2],[1,-1],[1,1],[1,0]],[[141,498],[0,-1],[1,-1],[-1,0],[0,-1],[1,0],[-2,-1],[-4,0],[0,1],[-1,1],[-3,0],[0,-1],[-2,-1],[-1,1],[-3,0],[-2,-1],[-1,0]],[[157,509],[0,-1],[-1,-1],[0,-2]],[[156,505],[-4,0],[0,1],[-2,1],[-1,0],[-4,-1],[-3,0],[-3,-3],[1,-2],[-2,-1]],[[138,500],[-1,1],[0,1],[-1,0],[-1,1],[0,3],[-3,1],[-1,-1],[-3,-1]],[[59,585],[2,-2],[-1,0],[0,-1],[5,0],[3,1]],[[39,525],[-1,3],[1,1],[0,1],[-2,0],[1,3],[0,3],[1,3],[-1,2],[0,3],[-4,4],[-2,3],[-1,1],[-2,1],[-1,1],[0,1],[-2,0],[-1,1],[0,3],[1,1],[1,3],[-2,0],[-3,1],[-4,1],[-1,4],[1,1],[1,0],[-1,1],[-4,2],[-4,0],[-1,1],[4,3],[0,2],[-1,1],[0,1],[-2,1],[-1,1],[0,1],[1,2],[3,-1],[1,0],[2,1],[1,1],[1,0],[2,1],[1,1],[0,1],[4,-2],[5,-1],[3,-1],[-1,3],[-1,1],[-1,0],[0,1],[-1,1],[-3,1],[1,1],[1,0],[3,1],[4,-2],[0,-1],[-1,0],[4,-2],[6,0],[0,1],[3,-1],[1,-2],[4,0],[2,-1],[0,-1],[1,-1],[4,0]],[[142,519],[-3,-1],[-2,0],[0,-1],[-2,0],[-1,-1],[0,-1],[-1,-1],[-1,0],[0,-1],[-2,-1],[0,-1],[-2,0],[-1,-1],[-1,0]],[[125,510],[1,0]],[[126,510],[0,-1],[1,0],[0,-1],[1,0],[0,-1],[-1,-1],[1,-1]],[[128,505],[-2,-2],[-4,-2],[-1,-1],[-2,0],[-1,-3],[1,0],[1,1],[3,-1],[0,-3]],[[123,494],[0,-1],[-1,-1],[0,-2]],[[108,495],[6,0],[1,1],[0,1],[-1,0],[-2,2],[0,2],[2,0],[0,2],[1,0],[-1,1],[-1,0],[0,2],[-3,0],[-1,1],[1,1],[0,1],[-1,0],[1,1],[1,-1],[3,0],[1,1],[1,-1],[0,4],[1,0],[-1,1],[-2,0],[-2,-2],[-1,1],[-1,0],[0,1],[-1,-1],[-2,1],[-5,0],[0,3],[1,1],[0,2],[-1,1],[0,1]],[[103,522],[-1,0]],[[102,522],[0,1]],[[102,523],[3,1]],[[105,524],[1,0],[1,1],[3,0],[2,1],[1,0]],[[113,526],[2,-2],[0,-1],[5,0],[2,2],[2,-1],[2,1],[2,0],[0,1],[1,-1],[2,1],[3,0],[1,1],[1,0]],[[798,508],[1,-2],[-1,0],[1,-1],[0,-1],[1,-1],[0,-2],[1,0],[2,-1],[0,-1],[1,0],[1,-1],[-1,-1],[0,-3],[-1,-1]],[[803,493],[-1,0],[-1,-1],[2,0],[0,1]],[[803,493],[1,0],[1,-2],[0,-4],[-2,0],[1,-1],[0,-1],[1,0],[0,-2],[-1,0],[-1,-1],[0,-1],[-1,-1],[0,-1],[2,1],[2,2],[1,0],[0,1],[6,0],[0,1],[1,0],[5,1],[4,-2]],[[823,483],[2,-1],[0,-2],[-2,-2],[1,-2],[2,0],[2,1],[0,-1],[-1,-2],[-2,0],[-1,-2],[0,-1],[2,0],[-1,-1],[0,-1],[2,0],[0,-1],[-1,0],[1,-2],[1,0],[2,-1],[1,-2],[0,-2],[2,-1],[-1,-1],[-1,0],[1,-1],[1,0],[1,-2],[1,0],[1,1],[1,-2],[1,-1],[0,-1],[-1,-2],[0,-1],[2,-1],[2,1],[1,0],[2,-4],[4,-2]],[[848,444],[-3,-1],[0,-1],[-3,-1],[-1,1],[-4,0],[-1,-1],[-2,-1],[1,-1],[1,0],[0,-3],[-2,0],[-1,-2],[0,-1],[1,0],[0,-1],[-3,0]],[[831,432],[-1,0],[-1,1],[1,0],[0,1],[-1,0],[-2,1],[-3,0],[0,2],[-2,0],[1,1],[-2,0],[0,1],[-1,1],[-2,1],[-1,1],[0,2],[1,0],[0,1],[-1,0],[0,2],[-3,0],[-1,-1],[-2,-1],[-1,1],[-1,-1],[-2,0],[-1,1],[0,1],[1,1],[-3,2],[-1,-1],[-1,1],[-4,0],[0,1],[-3,0],[0,-1],[-2,0],[-1,-1],[-1,1],[-1,0],[0,1],[-1,1],[-1,-1],[-2,0],[-2,1],[-2,2]],[[782,454],[1,0],[-1,1],[-1,0],[1,1],[0,2],[-1,0],[-1,1],[-1,0],[-2,1],[-1,-1],[-1,0],[0,2],[1,1],[0,3],[-4,0],[0,-1],[-4,0],[-2,1],[-1,0],[1,1],[-1,0],[-5,-1],[-2,-2],[-3,-2]],[[769,506],[3,1],[4,0],[0,-1],[1,0],[0,-1],[1,0],[1,-1],[2,0],[1,1],[0,1],[6,0],[0,1],[5,0],[0,1],[2,0],[2,1],[1,-1]],[[155,547],[3,-1]],[[138,533],[-1,1],[1,1],[-1,2],[-2,1],[1,1],[-1,1]],[[135,540],[3,1],[1,2]],[[178,532],[-4,0]],[[161,540],[0,2],[-1,0],[-1,-1],[-1,1],[0,1],[-2,0],[0,2],[2,1]],[[158,546],[5,0],[-2,2],[1,1],[0,2],[-2,1],[2,1],[2,0],[0,1],[2,0],[1,1],[2,0]],[[169,555],[1,0],[-1,-1],[3,-1],[3,1],[2,1],[1,-1],[0,-1],[3,0],[4,1],[1,-1],[2,0],[0,-2],[1,0],[0,-2],[3,0],[0,-1],[1,-2],[-1,-1],[-1,0],[-3,-1],[0,-2],[2,-2],[-1,0],[-2,-2],[0,1],[-1,0],[-3,-1],[0,-1],[-3,-3],[-1,0],[-1,-1],[1,-1]],[[179,532],[-1,0]],[[178,532],[2,-1],[2,0],[-1,-1],[1,-1],[1,0],[2,1],[2,-1]],[[174,532],[5,0]],[[213,553],[0,1],[-1,0],[0,4],[-6,0],[0,1],[-3,0],[-2,-2],[-3,0],[0,5],[-1,1],[1,1],[2,0],[2,1],[-1,1],[0,1],[-1,0],[0,3]],[[200,570],[2,1],[0,1],[1,0],[0,1]],[[203,573],[2,0],[2,-1],[2,0],[0,1],[1,0],[1,-1],[1,1],[1,0],[0,1],[1,0],[0,-1],[1,-1],[2,-1],[1,1],[1,0],[1,-1],[0,-2],[4,0],[2,-1]],[[139,549],[4,0],[5,2],[2,1],[1,-1],[1,0],[0,-1],[2,0],[2,-2],[-1,-1]],[[155,547],[-1,-1],[-3,0]],[[151,545],[0,1]],[[151,546],[-3,-1],[-4,0],[0,-1],[-2,-1],[-1,1],[-1,-1],[-1,0]],[[139,543],[0,1],[-2,5],[2,0]],[[174,532],[-3,-3],[-1,0],[-1,1],[-1,-1],[-1,0],[0,-1],[1,-1],[-2,-1],[0,-2],[-1,-1],[-1,0],[1,-1],[1,0],[0,-2],[1,1],[2,0],[0,-2],[-2,-2],[1,-1],[3,0],[0,1],[-1,0],[1,2],[7,0],[0,-2],[-1,-1],[-1,0],[0,-2],[2,0],[1,-1],[0,1],[1,0],[0,-2]],[[171,506],[-1,0],[0,1],[-1,1],[-1,0],[0,-1],[-1,0],[-1,1],[1,1],[-1,1],[-3,0],[-1,-1],[-2,0],[0,1],[-1,1],[0,-1],[-1,0],[-1,-1]],[[157,509],[-1,1],[0,1],[-2,0],[-1,1],[0,2],[-1,1],[-1,0],[0,1],[1,2],[0,1],[-1,0],[-3,-1],[-4,-2],[-2,1],[1,1],[-1,0],[0,1]],[[142,519],[-2,2],[0,1],[-1,0],[1,1],[0,1],[1,1],[-2,2],[-3,0]],[[136,527],[0,2],[-1,2],[3,1],[0,1]],[[138,533],[2,-1],[6,0],[2,-1],[3,1],[1,1],[1,0],[2,2],[0,2],[6,0],[0,3]],[[161,540],[4,0],[0,-1],[3,-3],[1,-2],[4,1],[1,-1],[0,-2]],[[332,737],[1,-1],[-1,0],[1,-1],[1,0],[0,-1],[-2,-1],[-1,0],[0,-3],[1,-2],[2,-2],[0,-3],[1,-1],[1,0],[0,-1],[1,0],[0,1],[1,-1],[1,0],[1,1],[1,2],[0,1],[4,1],[0,-1],[3,0],[1,-1],[0,-1],[2,0],[0,-1],[1,0],[1,1],[1,-1]],[[354,722],[-2,-2],[1,-2],[-2,-2],[-4,0],[0,-1],[-2,0],[2,-2],[0,-1],[-1,-1],[1,-1],[1,0],[0,-1],[-1,0],[-1,-1],[2,-2],[0,-1],[-1,-1],[0,-4],[-2,-1],[-2,0],[-1,-1],[1,-2],[1,0],[0,-1],[-1,0],[0,-3],[-1,0],[0,-1],[-3,0],[0,-1],[-2,0],[-1,-1],[-2,0],[0,-1],[-5,0],[-2,-1],[0,-2],[2,-1],[1,-1],[0,-5],[-2,0],[-1,-1],[-1,0],[0,-1],[-1,-1],[0,1],[-1,1],[-2,-1],[-1,0],[0,-1],[-4,0],[0,1],[-1,-1],[0,-1],[-2,0],[-2,-2],[-3,-1]],[[309,671],[-1,1],[-1,0],[0,1],[-2,0],[-2,2],[-10,-4],[-4,1],[-1,1],[-1,0],[0,-1],[-2,-1],[-1,0],[-2,-1],[0,-4],[-3,-2],[0,1],[-1,0],[0,-1],[-1,0],[-1,1],[-1,-1],[-4,0],[-1,1],[-2,0],[-2,1],[-1,-1]],[[265,665],[0,1],[1,2],[0,3]],[[266,671],[0,4],[1,1],[3,0],[0,3],[-1,0],[0,2],[-1,0],[0,-1],[-1,1],[-1,4],[-2,5],[2,3],[0,2],[3,0],[0,1],[1,0],[4,2],[1,1],[2,0],[4,1],[2,1],[0,3],[-1,1],[1,1],[-1,0],[0,1],[-1,1],[1,2]],[[282,710],[1,-1],[2,0],[1,1],[1,0],[3,1],[0,1],[1,0]],[[292,712],[-1,0]],[[291,712],[0,1],[2,1],[1,0],[7,2],[0,1],[1,0],[0,3],[1,1],[-1,0],[0,1],[1,1],[0,2],[2,0],[0,-1],[2,0],[1,2],[-1,1],[0,4],[-3,0],[0,-1],[-2,2],[1,0],[0,1],[-1,1],[1,1],[1,0],[0,1]],[[304,736],[1,2],[1,0],[1,2],[2,0],[1,1]],[[304,722],[-1,1],[0,-1],[1,0]],[[375,597],[-2,0],[-2,1],[0,2],[-1,0],[2,2],[-1,0],[0,1],[-1,0],[0,1],[-3,0],[-2,-1],[-1,0],[0,-1],[-2,0],[0,1],[-2,2],[1,0],[0,1],[2,0],[-2,1],[0,1],[2,0],[-1,2],[-1,0],[-1,1],[0,3],[2,2],[-2,2],[-1,0],[-1,1]],[[358,619],[1,1],[0,1],[1,1],[1,0],[0,1],[-2,2],[3,0],[-1,2],[-1,0],[0,1],[-2,2],[1,1],[2,0],[5,2],[2,0],[1,1],[3,0],[0,1],[4,0],[0,-1],[1,0],[2,2],[1,0],[0,-1],[1,0],[2,3]],[[384,638],[-1,0]],[[383,638],[2,1],[1,0],[2,1],[1,0],[1,2]],[[390,642],[2,-1],[1,0],[-1,-1],[1,-1],[0,-1],[1,0],[2,-2],[0,-2],[1,0],[0,-1],[-1,0],[0,-2],[-1,-1],[0,-2],[1,0],[1,-1],[2,1],[3,0],[2,-1],[2,-2],[4,-1]],[[108,495],[3,-3],[-1,-1],[-2,-1],[-1,-1]],[[64,484],[2,2],[-1,0],[-2,1],[0,1],[1,1],[-1,1]],[[63,490],[-1,1],[0,1],[1,1],[4,0],[-2,2],[1,2],[2,1],[2,-1],[3,0],[-1,1],[0,2],[-1,2],[-1,-1],[-3,0],[0,1],[1,1],[0,5],[1,0],[1,-1],[1,0]],[[78,515],[4,1],[0,2],[4,0],[2,2],[2,0],[1,2]],[[91,522],[1,-1]],[[92,521],[2,-1],[0,-3],[-3,-3],[0,-1],[1,-1],[1,0],[0,-1],[-2,-2],[-1,0],[0,-2],[3,0],[1,-2],[0,-3],[7,0],[0,-5],[2,0],[1,1],[2,1],[2,0],[0,-1],[-1,-1],[0,-1],[1,-1]],[[73,531],[-2,-1],[-3,0],[-1,-1],[0,-3],[1,-1],[-1,-2],[1,0],[2,-1],[0,-4],[-1,0],[-1,-1],[1,-1],[4,0],[5,-1]],[[78,515],[1,-3],[2,0],[1,-1],[1,0],[-2,-1],[-1,0],[-3,-1]],[[76,509],[1,0]],[[77,509],[-1,-1],[-3,0],[-1,-1],[-1,0]],[[71,507],[0,1],[-2,1],[-3,0],[-2,1],[-1,-1],[-3,-2],[-5,-1],[-2,2],[-2,-1],[-1,-1],[0,-1],[-1,-1],[0,-2],[-2,0],[-1,-1]],[[46,501],[-1,0],[-3,2],[-1,-1],[-4,-2],[-4,2]],[[33,502],[1,1],[-2,0],[-4,-1],[-2,-1],[-1,-1],[-2,1],[-1,1],[0,5],[2,0],[-1,1],[-1,2],[2,0],[0,1],[1,0],[2,2],[1,0],[0,1],[2,2],[1,2],[1,1],[0,1],[1,1],[2,1],[4,3]],[[39,525],[3,0],[1,-1],[1,0],[4,1],[1,0],[2,2],[3,0],[0,1],[1,0],[1,1],[0,1],[1,0],[1,1],[0,1],[4,-1],[3,0],[0,1],[3,0],[1,1],[1,-1],[1,1]],[[114,574],[1,-1],[0,-1],[2,-2],[-1,-1],[-2,-1],[0,-2],[-1,-1],[0,-1],[-1,-1],[0,-1],[1,-2]],[[113,560],[-4,-1],[0,-1],[-2,-2],[2,-1],[-1,-1],[-3,-1]],[[105,553],[-2,-1],[1,-1],[-4,-2],[0,-2]],[[100,547],[-4,0],[-2,1],[-1,1],[-2,0],[-2,1],[-1,-1],[0,-1],[1,-1],[0,-1],[1,0],[0,-1],[-3,-1],[-3,0],[-1,-1],[1,0],[0,-1],[1,-2],[0,1],[2,-1],[-1,0],[0,-1],[1,0],[0,-1],[1,-1],[0,-2],[-1,0],[0,-1]],[[88,534],[-1,0]],[[87,534],[0,-3],[-2,0],[-1,1],[-1,0],[0,-2],[1,0],[0,-1]],[[84,529],[-10,0],[0,1],[-1,0],[0,1]],[[73,531],[-1,0],[0,2],[-1,0]],[[71,533],[0,2],[-1,1],[-1,0],[0,2],[1,1],[-1,0],[0,1],[-2,0],[-1,1],[0,1],[-2,2],[-1,2],[2,0],[1,-1],[1,0],[-1,1],[1,2],[-1,0],[-1,1],[1,1],[3,1],[-3,0],[-2,1],[-1,-1],[0,1],[-3,0],[0,-1],[-2,-1],[-1,1],[-1,0],[-1,1],[0,1],[1,0],[-1,1],[-3,2],[-1,-1],[-1,1],[1,1],[-2,1],[-2,0],[0,2],[-1,0],[1,1],[2,-1],[1,0],[3,1],[0,2],[1,0],[1,2],[1,1],[0,1],[-2,0],[-1,1],[0,1],[1,0],[2,1],[0,1],[1,0],[0,1],[2,2],[-1,0],[0,1],[2,0],[0,-3],[-1,-1],[0,-1],[6,-1],[1,1],[0,1],[2,0],[-1,2],[1,1],[-1,1],[2,1],[3,1],[0,1],[-1,0],[-2,1],[-1,3],[0,1]],[[68,583],[3,0],[1,-1],[4,-2],[2,0],[1,1],[2,0],[0,-1],[2,1],[2,-1],[1,0],[1,-1],[0,-1],[4,0],[1,1],[0,-1],[1,-1],[3,0],[0,1],[1,0],[1,-1],[0,-2],[1,-1],[1,1],[2,-1],[1,0],[2,-2],[2,1],[1,0],[0,-1],[6,2]],[[146,434],[-1,-1]],[[145,433],[-2,1],[-5,0],[-1,-1],[0,1],[-2,1],[-2,-2],[-3,-2],[0,1],[-1,0],[-3,2],[0,2],[1,-1],[1,0],[0,2],[-1,0],[0,3],[-1,1],[1,1],[1,0],[-1,1],[1,4],[-1,0],[1,1],[2,0],[0,1],[2,0],[1,-1],[2,0],[0,1],[2,1],[2,-1],[1,-2],[3,0],[2,-1],[1,-1],[-2,-2],[1,-1],[0,-1],[-2,0],[-1,-1],[1,-2],[2,-3],[1,-1]],[[131,481],[-1,-1],[1,-1],[1,0],[-1,-1],[0,-1],[3,0],[0,-3],[-1,0],[0,-1],[3,-2],[3,0],[0,-1],[-1,-1],[0,-1],[1,0],[-1,-1],[0,-2],[1,-1],[-1,-1],[2,0],[1,-1],[0,-1]],[[141,461],[-3,-1],[-1,-1],[-4,-2],[-3,0],[0,2],[-4,0],[0,-1],[-5,0]],[[99,487],[1,0],[2,-1],[0,-1],[1,-1],[0,1],[2,1],[-1,2],[2,0],[0,1],[1,0]],[[107,489],[1,0],[0,-1],[4,-1]],[[725,420],[-2,-2],[-2,0],[-1,-1],[-1,0],[0,-2],[-1,0],[1,-1],[-1,0],[2,-1],[2,0],[0,-3],[4,-3],[4,-2],[1,0],[0,-3]],[[731,402],[-2,-1],[-5,0],[-3,-3],[0,-3],[-1,0],[-1,1],[-1,-1],[-2,-1],[-1,-1],[0,-1],[-2,0],[-2,-1],[0,-1],[1,-1],[-1,-1],[0,-1],[-3,0],[-1,-1],[-1,-3],[0,-1],[1,0],[-1,-1],[-2,0],[0,-3],[-1,-1],[1,-1],[0,-1],[1,0],[-2,-2],[1,-1],[-4,1],[-2,2],[0,1],[1,0],[0,3],[-1,1],[-1,0],[-1,1],[-2,1],[1,1],[2,0],[-2,2],[-5,0],[0,2],[-1,1],[0,1],[1,1],[-2,0],[0,2],[-1,0],[-3,-1],[-5,0]],[[755,461],[0,-2],[-2,-1],[0,-1],[-1,0],[0,-1],[-1,1],[0,-1],[-1,0],[-2,1],[-1,-1],[0,-1],[1,0],[1,1],[2,-1],[0,-2],[1,0],[1,-1]],[[753,452],[-2,-1],[0,-1],[-1,-1],[0,1],[-2,0],[-3,-1],[2,-2],[-1,-2],[-2,0],[-1,1],[0,1],[-4,0],[1,-2],[1,-1],[-1,-1],[-1,1],[-1,-1],[0,-1],[1,0],[0,-1],[3,-1],[3,0],[0,-1],[1,-1],[-1,-2],[-1,-1],[0,-1],[1,0],[0,-1],[-1,-1],[-1,0],[-1,-1],[-2,1],[-3,0],[-1,-2],[1,0],[-1,-1],[-3,0],[-1,-1],[1,-1],[-2,-2],[1,-1],[3,0],[0,-1],[-4,-2],[-1,1],[-3,0],[-2,-2]],[[725,420],[-1,1],[-1,0],[0,2],[-1,-1],[-1,0],[-2,-1],[0,1],[-1,1],[-1,-1],[-1,0],[-1,1],[0,4],[1,0],[1,1],[-2,1]],[[715,430],[0,-1]],[[715,429],[-2,1],[0,1],[1,1],[-1,0],[0,1],[-2,0],[0,1],[-1,1],[-1,0],[0,2],[-2,0],[-2,-2],[-1,1],[0,1],[-1,0]],[[739,469],[2,-1],[0,-1],[2,-1],[1,0],[0,1],[1,-1],[2,0],[1,1],[0,-1],[1,0],[0,-2],[2,-1],[1,0],[0,-1],[3,0],[0,-1]],[[331,547],[0,-1],[3,-1],[1,-1],[3,0]],[[292,539],[3,0],[1,1],[8,0],[1,-1],[2,0],[1,-1],[3,-1],[2,1],[1,0],[2,-2],[2,1],[2,3],[1,1],[2,1],[0,1],[-1,2],[-1,0],[-1,1],[1,1],[0,1],[1,0],[2,-1],[0,2],[5,0],[0,-2],[1,-1],[1,1]],[[217,537],[2,-1],[0,-2],[1,0],[0,-1],[1,-1],[0,-1],[-1,-1],[1,-1],[1,-2],[0,-2],[1,-1],[-1,0],[0,-1],[1,0],[2,-1],[0,-2],[-2,-1],[-1,-1],[1,-1],[0,-3],[-1,0],[0,-1],[2,-1],[-1,-1],[0,-1],[2,0],[0,-1],[1,0]],[[201,488],[-2,2],[-1,-1],[-1,0],[-3,-1],[-1,0],[-1,-1],[-2,1],[-1,1],[0,2],[-2,1],[-3,0],[-4,-1],[-3,1],[1,1],[0,2],[-2,0],[0,1],[-1,0],[0,3],[-3,0],[-1,1],[0,2],[-1,0],[-1,2],[1,0],[0,1],[1,1]],[[171,506],[0,1],[1,1],[2,0],[3,1],[1,1],[-1,1],[1,0],[2,1]],[[180,512],[1,1],[2,0],[0,1],[2,1],[0,1],[2,0],[0,2],[-1,1],[1,0],[-1,2],[2,1],[0,1],[-1,3],[0,1],[1,1],[-1,1]],[[187,529],[3,0],[0,-1],[2,2],[0,1],[-1,1],[1,1],[-1,1],[0,1],[-1,1],[2,0],[0,1],[1,0],[1,1],[3,0],[1,1],[5,0],[1,-1],[1,1],[7,0],[3,1]],[[454,643],[-1,-2],[-1,-1],[-2,0],[0,-4],[6,0],[1,-1],[1,1],[1,0],[7,1],[0,-1],[3,0],[1,1],[3,-1],[1,-1],[2,-1],[1,0],[0,-1],[2,-2],[-1,0],[0,-1]],[[478,630],[0,-1],[-2,0]],[[476,629],[-1,0],[0,1],[-2,0],[-2,-2],[-1,-2],[0,-2],[1,0],[0,-1],[1,0],[0,-1],[-2,0],[-1,-1],[1,-1],[0,-2],[1,0],[0,-1],[1,0],[0,-3]],[[472,614],[0,1]],[[472,615],[-1,0],[1,-1]],[[472,614],[0,-1],[-1,0],[0,-1],[1,-1],[0,-3]],[[472,608],[-1,-1],[1,-1],[-1,-1],[1,-2],[-1,-2],[-5,0],[-2,1],[-1,-1],[-2,1],[-2,-1],[-1,-2],[0,-1],[-1,-1]],[[457,597],[-3,3],[-1,0],[0,-1],[-4,0],[0,-1],[1,0],[1,-2],[0,-1],[-4,-1],[-2,1],[-1,1],[0,-1],[-2,-1],[0,1],[-1,1],[-2,-1]],[[412,602],[0,1],[-1,1],[-1,0],[0,1],[2,2],[-1,1],[0,1],[2,2],[-1,0],[0,2],[-1,1],[1,1],[0,1],[1,1],[0,1],[1,0],[1,2],[-1,1],[-1,0],[-3,3]],[[410,624],[3,0],[1,-1],[0,1],[2,0],[4,4],[-1,1],[-3,2],[1,1],[4,0],[0,-1],[1,0],[0,-1],[3,-1],[1,0],[0,2],[1,1],[0,-1],[1,0],[1,2],[0,1],[1,0],[0,2],[-2,1],[-1,-1],[-1,1],[0,1],[1,0],[1,1],[3,2],[6,0],[2,-1],[1,1],[0,1],[1,0],[0,1],[6,0],[0,1],[3,0]],[[450,645],[0,-1]],[[450,644],[0,-1],[4,0]],[[412,602],[1,1],[1,-1],[1,0],[1,-1],[3,3],[0,1],[1,-1],[3,0],[1,1],[2,-2],[0,-1],[2,-1],[1,0],[2,-1],[0,-2],[2,0],[2,-1],[0,-1],[2,0],[2,-1]],[[439,595],[-1,-1],[0,1],[-2,0],[1,-1],[-3,0],[0,-1],[-1,0],[-2,-1],[-2,0],[-1,-1],[0,-1],[-1,-1],[-3,1],[-1,0],[-1,1],[-1,0],[-1,1],[-1,-1],[-1,0],[0,-1],[-2,-1],[0,-2],[-1,-1],[-2,-1],[0,1],[-1,0],[-1,-1],[0,-1]],[[411,584],[1,0],[-1,-1]],[[411,584],[0,-1]],[[411,583],[-3,0],[-4,-3],[0,-2],[-2,-2],[1,-1],[-2,-2],[-1,0],[-3,-1],[-2,0],[0,-1],[-2,-1],[-1,-1],[-2,-1],[-1,0],[0,-3],[-2,0],[1,-2],[1,0],[0,-1]],[[389,562],[-2,0]],[[387,562],[-4,-1],[-1,1],[1,2],[1,1],[0,1],[-1,1],[1,0],[1,1],[0,1],[-1,0],[0,1],[-1,1],[1,1],[-1,1],[-1,0],[0,1],[1,0],[0,2],[2,0],[1,1],[0,1],[4,2],[-1,1],[0,1],[-1,0],[0,2],[1,0],[0,2],[-1,0],[2,2],[1,0],[0,1],[-1,0],[-1,-1],[-3,0],[-1,1],[-5,0],[-2,-1]],[[376,588],[2,0]],[[378,588],[0,3],[1,2],[-1,2],[-1,1],[-2,1]],[[375,597],[0,1],[5,0],[1,2],[-1,0],[0,1],[-2,1],[1,1],[0,1],[2,0],[0,-1],[1,1],[4,0],[3,1],[2,1],[1,1],[2,0],[0,2],[5,0],[1,1],[-1,1],[0,1],[5,0],[0,-2],[8,-8]],[[122,490],[3,-1],[3,2],[3,0],[0,-1],[-1,-1],[0,-1],[1,-1],[5,0],[0,-1],[-1,-1],[-1,0],[0,-3],[-2,0],[-1,-1]],[[131,481],[-8,0],[0,-1],[-3,0],[0,3],[-8,4]],[[112,487],[2,2],[1,0],[2,-1],[2,0],[1,-1],[2,1],[0,2]],[[90,447],[1,-1],[-1,0],[1,-1],[-1,0],[0,-1],[1,0],[-2,-2],[-1,0],[-4,1],[-1,1],[-3,-3],[-1,0],[-1,-1],[1,0],[0,-2],[1,-1],[-1,-1],[-1,0],[0,-1],[-1,0],[-1,-1],[1,-1],[0,-1],[-1,-1],[0,-2],[-1,0],[0,-1],[-1,0]],[[74,427],[0,1]],[[74,428],[-2,0],[-1,-1],[-1,0],[-1,1],[0,-1],[-1,0],[-1,1],[-2,1],[-5,1],[0,-2]],[[60,428],[-1,-1]],[[59,427],[0,1],[-2,0],[0,2]],[[56,430],[1,0]],[[57,430],[1,0],[-1,1],[2,0],[0,2],[-3,0],[0,1],[-1,1],[0,1],[-1,-1],[-1,0],[-2,-1],[-1,0],[0,1],[-1,1],[-2,0],[-1,1],[-1,0],[2,2],[1,0],[1,1],[-1,1],[2,2],[0,2],[2,1],[0,1],[2,0],[0,1],[-1,0],[0,3],[-1,0],[0,-1],[-3,-1],[-1,1],[0,1],[-1,1],[1,0],[3,3],[0,3]],[[50,458],[1,0]],[[51,458],[0,1],[-1,0],[-1,1],[0,1],[-1,1],[0,1],[-1,1],[-3,-2],[0,-1],[-2,0],[-1,1],[-1,-1],[-1,1],[-1,2],[-1,0],[0,1],[-1,0],[0,1],[2,2],[1,0],[0,3],[-2,0],[-1,1]],[[36,472],[0,2],[4,3],[1,0],[1,1],[2,0],[0,1],[1,1],[1,0],[0,1],[1,1],[0,-1],[1,-1],[3,0],[2,1],[1,0],[1,1],[0,1],[6,0],[2,1],[1,0]],[[64,484],[3,-1]],[[121,458],[0,-1],[1,-1],[3,0],[2,-2],[0,-1],[-2,0],[-3,-1],[0,1],[-9,0],[-4,-2]],[[109,451],[-2,0],[-1,-1],[0,-1],[-1,0],[0,-1],[-2,0],[0,-1],[-1,0],[0,-1],[-2,-2],[-1,-2],[-1,1],[-2,1],[-4,0],[0,1],[1,0],[0,1],[-1,1],[-2,0]],[[90,447],[-1,2],[-1,1],[2,0],[0,1],[2,0],[0,1],[-1,1],[1,0],[1,1],[-1,0],[0,2],[-1,1],[-7,0],[-1,-1],[-2,0],[0,2],[-1,1],[-4,0],[0,1],[-1,0],[0,5],[-1,-1],[-1,1],[-2,0],[0,5],[-2,0],[0,1],[-1,1],[-1,0],[0,1]],[[68,473],[-1,0]],[[67,473],[0,1],[1,1],[1,0],[-1,1],[-2,1],[0,1],[-2,1],[1,1],[0,1],[-1,0],[0,1],[2,0],[1,1]],[[67,483],[0,1],[1,1],[3,1],[2,0],[0,-1],[2,0],[0,-3],[1,-1],[2,0],[4,1],[2,0],[1,-1],[3,0],[4,-1],[2,2],[0,1],[1,0],[0,1],[2,0],[0,2],[-1,0],[0,1],[3,0]],[[99,487],[0,-1],[1,-1],[1,-2],[3,0],[1,-1],[1,0],[0,-1],[-1,0],[1,-1],[0,-4],[-2,-2],[0,-1],[-1,-1],[0,-1],[1,-2],[2,0],[0,-1],[1,-2],[2,0],[1,1],[4,-2],[0,-2],[1,-1],[0,-1],[-1,0],[1,-1],[1,-2],[1,0],[0,1],[2,-2],[1,1],[1,0]],[[694,523],[0,3],[1,1],[1,0],[1,2],[-1,1],[1,1],[0,1],[10,0],[0,1],[1,0],[2,-1],[1,0],[0,1],[1,0],[0,1],[2,-1],[2,1],[0,2],[3,-1],[0,-1],[3,0],[0,-1],[-1,-1],[-3,0],[0,-1],[1,-1],[0,-1],[-1,0],[1,-1],[1,0],[-1,-2],[1,-1],[2,0]],[[769,506],[-3,0],[-1,-1],[0,-1],[-1,0],[0,-2],[-2,-2],[-1,0],[1,-1],[-1,0],[-1,-1],[1,0],[2,-1],[1,-1],[1,0],[0,-1],[-1,-1],[1,0],[0,-3],[-2,0]],[[763,490],[0,1]],[[763,491],[-4,0],[-3,-1],[-1,1],[0,1],[-6,0],[-1,-1],[1,-1],[-1,0],[-1,-1],[0,-1],[-1,-1],[0,-1],[1,0],[0,-3],[-2,-1],[1,-1],[1,0],[0,-1],[2,-1],[-1,-1],[-1,1],[-3,0],[0,-1],[-1,0],[0,-1],[-3,0],[0,-1],[-5,0]],[[699,490],[-1,1],[-2,0],[-3,1],[-1,1],[0,1],[1,0],[1,1],[-1,1],[-2,0],[-2,1],[0,2],[1,0],[0,1],[1,1],[0,1],[-4,0],[0,1],[1,0],[1,1],[0,1],[1,1],[-1,1],[0,2]],[[690,509],[-1,0]],[[689,509],[-1,2],[-1,1],[0,1],[-1,0],[0,1]],[[686,514],[1,1],[-1,1],[-1,0],[0,2],[-1,2],[2,0],[2,1],[1,0]],[[689,521],[3,1],[2,1]],[[694,523],[2,-2],[-1,0],[-1,-1],[0,-1],[1,-2],[1,0],[1,-2],[-2,0],[0,-3],[1,-1],[0,-1],[-1,-1],[2,0],[2,1],[3,0],[0,1],[1,0],[0,2],[2,0],[1,2],[0,1],[1,0],[1,-1],[0,1],[1,0],[0,-1],[3,0],[1,-1],[0,1],[3,0],[1,-1],[0,-1],[3,-1],[1,0],[0,2],[1,1],[1,2],[2,1],[2,0],[-1,1],[0,1]],[[727,520],[-1,0]],[[726,520],[0,2],[-1,1],[-2,0],[-1,2]],[[722,525],[4,1],[1,0],[3,1],[1,0],[0,-1],[1,1],[0,1],[3,0],[0,2],[1,1],[2,0],[0,-1],[1,1],[-1,1],[1,0],[0,1],[-1,1],[0,1],[1,0],[0,1],[7,0],[0,1],[4,0],[2,1],[2,0],[2,-1],[1,0],[2,-1],[4,0],[1,-1],[1,0],[1,-1],[2,-1],[2,-2],[0,-2],[-2,0],[0,1],[-1,0],[-1,-2],[1,-2],[1,0],[2,-1],[-1,-1],[-2,0],[0,-1],[-1,0],[0,-3],[-1,0],[-2,-2],[0,-1],[2,-1],[1,0],[0,-2],[1,0],[0,-1],[2,0],[0,-3],[-1,0],[-1,-1],[1,-1],[-1,0],[0,-1],[2,-1]],[[216,469],[0,1],[-1,-1],[-2,0],[-1,2],[-3,0]],[[209,471],[0,1],[1,0],[-1,1],[0,1],[-1,1],[0,1],[-3,0],[-2,2],[-1,2],[1,1],[0,3],[-3,3],[1,1]],[[201,488],[5,0],[3,1],[1,-1],[2,0],[1,1],[0,5],[1,0],[1,1],[-2,0],[-1,2],[-2,0],[1,1],[1,0],[1,1],[4,0],[1,1],[3,0],[1,1],[0,1],[2,0],[0,-1],[2,0],[0,2],[-1,2],[2,2],[0,1],[-1,1]],[[226,509],[6,0],[2,1],[1,0],[0,-1],[3,0],[0,1],[2,0],[1,-1],[4,0],[0,-1],[-2,-2],[1,-1],[0,-1],[1,-1],[1,0],[3,-2],[-1,-2],[-1,-1],[0,-1],[2,0],[1,-1],[1,1],[1,0],[2,-2],[-1,-1],[4,0],[0,-1],[1,0],[0,-1]],[[227,501],[0,0]],[[246,438],[-1,0],[0,1],[-1,1],[-1,0],[-2,1],[-2,-2],[-2,1]],[[237,440],[0,3],[-2,1],[-4,4],[-1,0],[-1,1],[-1,2],[1,0],[0,4],[1,1],[0,1],[-1,0],[0,1],[-1,1],[-6,0],[-4,4],[-4,0],[-1,2],[1,0],[0,2],[2,2]],[[216,469],[7,0],[1,1],[0,3],[2,2],[0,2],[-1,1],[0,1],[2,2],[0,1],[2,0],[0,1],[1,0],[1,-1],[1,1],[2,0],[1,1],[0,-2],[1,-1],[0,-1],[1,-1],[2,0],[2,2],[2,1],[1,-1],[2,1],[1,-1],[2,-1],[1,0],[1,-1],[0,2],[5,0],[0,2],[3,3],[0,1],[-1,0],[-1,2],[0,1]],[[256,490],[1,0]],[[257,490],[0,1],[1,1]],[[258,492],[2,-1],[3,1],[2,-1],[1,0],[3,-1],[3,2],[2,1],[0,1],[6,3],[1,-1],[1,0],[0,1],[3,1],[1,-2],[1,0],[0,-1],[2,-1],[1,-1],[2,0],[0,-1]],[[276,571],[7,0],[0,-1],[1,0],[0,-2],[1,-1],[-1,0],[1,-1],[3,0],[2,-2],[2,0],[2,-1],[1,0],[1,-5],[-1,0],[-6,-3],[-1,0],[-1,-1],[-1,0],[0,-1],[-1,0],[-1,-1],[0,-2],[1,-3],[2,0],[1,-1],[0,-2],[1,-2],[3,-3]],[[292,539],[-4,-3],[-3,-1],[-2,0],[0,-1],[-1,-1],[-4,-2],[-1,0],[-1,-1]],[[276,531],[0,-1]],[[276,530],[-1,1],[-2,-1],[-1,-1],[-1,0],[-6,-1],[-3,3],[-1,0],[-3,-1],[-3,1],[0,1],[-1,1],[-3,0],[-1,1],[0,1],[-5,0],[0,1],[-7,0],[-4,2],[0,1],[-6,0],[-1,-1],[-3,1],[-2,2],[-2,-1],[-1,0],[0,-2],[-2,-1]],[[217,537],[0,1],[-2,1],[0,1]],[[215,540],[1,0],[0,1],[-2,2],[0,2],[1,1],[-1,1],[1,2],[-2,4]],[[213,553],[5,2],[4,0],[1,1],[0,1],[2,2],[0,1],[1,0],[1,1],[-1,1],[1,1],[0,2],[5,0],[-2,2],[-1,0],[-3,1]],[[226,568],[2,1],[0,2],[3,0],[1,-1],[7,0],[1,-1],[3,0],[1,1],[2,1],[6,-3],[3,0],[0,-1],[-1,-1],[0,-2],[-1,-1],[7,0],[1,1],[3,1],[1,1],[0,2],[1,3],[1,1]],[[267,572],[1,-1],[1,1],[0,-1],[7,0]],[[539,291],[1,0],[1,-1],[0,1],[2,0],[1,1],[1,-1],[3,0],[0,1],[1,0],[3,-1]],[[416,553],[0,-2],[-2,0]],[[414,551],[-3,2],[-1,0],[-1,-1],[1,-1],[0,-1],[1,0],[1,-1]],[[412,549],[-3,0],[-1,1],[0,-1],[1,-1],[-1,-2],[-1,-1],[-1,0],[-1,1],[0,-1],[4,-5],[1,-1],[1,0],[0,-1],[-1,0],[0,-5],[1,-1],[-2,-1],[-1,0],[-1,-1],[-3,0],[0,-1],[-1,0],[0,-1],[-1,-1],[1,-1],[1,0],[-1,-1],[-2,0]],[[401,525],[1,-1]],[[403,522],[1,0],[2,-1],[1,-1],[3,0],[0,-1],[5,0],[0,-1],[3,0],[2,-1]],[[358,535],[1,1],[1,2],[5,0],[0,2],[1,1],[1,0],[0,1],[3,0],[0,1],[2,1],[3,0],[0,3],[1,2],[1,1],[1,0],[1,2],[2,2],[-1,2],[-2,1],[2,1],[1,0],[1,1],[3,0],[3,1],[1,1],[0,1]],[[389,562],[2,-1],[1,1],[1,0],[2,1],[0,-4],[3,0],[2,1],[1,1],[0,-1],[1,0],[1,-1],[3,0],[2,1],[2,0],[0,-2],[1,-1],[0,-1],[1,0],[2,-2],[1,0],[1,-1]],[[552,204],[2,0]],[[503,183],[-1,0],[0,2],[-1,0],[0,1],[-1,1],[1,1],[-2,0],[0,-1],[-1,1],[-2,1]],[[496,189],[0,1],[1,1],[-1,0],[-1,2],[1,0],[1,-1],[0,3],[-1,1],[1,0],[2,2],[0,2],[-2,1],[-1,0],[2,2],[1,0],[0,5],[-1,1],[-2,0],[0,1],[2,0],[2,2],[-1,0],[-1,1],[1,1],[-1,1],[-1,0],[0,1],[-1,1],[0,1],[-2,0],[0,1],[1,0]],[[658,169],[0,1],[-1,0],[0,1],[1,1],[-2,0],[1,1],[0,1],[-2,0],[1,1],[-1,0],[1,1],[-1,1],[0,2],[1,0],[1,1],[0,1],[-1,0],[0,2],[1,1],[1,0],[0,1],[2,0],[2,2],[3,0],[1,2],[1,0],[0,1],[5,1],[1,0],[1,-1],[3,0],[0,2],[1,1]],[[852,526],[-2,0],[0,1],[-1,-1],[-7,0],[-1,1],[0,1],[-2,0],[-2,-1],[-1,-1],[-1,1],[-1,0],[0,1],[-1,2],[-2,0],[-1,1],[-3,0],[0,1],[1,0],[-1,1],[-1,0],[-1,1],[-1,-1],[-1,0],[0,1],[-2,1],[0,1],[-1,1],[-1,-1],[0,-1],[-1,-1],[0,-1],[-1,1],[-4,0],[0,1],[-1,0],[0,-2],[-4,-2],[0,-1],[-3,0],[0,-1]],[[806,528],[-1,1]],[[805,529],[-5,0],[0,1]],[[800,530],[-1,2],[0,2],[-2,0],[0,-1],[-1,0],[0,1],[1,1],[1,0],[1,1],[0,1],[-2,2],[0,3],[1,-1],[1,1]],[[798,542],[1,0]],[[799,542],[0,4],[-1,2],[-1,0],[0,2],[-3,0],[0,1],[-1,0],[-1,1],[2,2],[0,2],[-1,-1],[-1,0],[-1,2],[-1,1],[-1,-1],[-1,0]],[[787,557],[-1,0],[-4,5]],[[782,562],[11,4],[1,1],[0,3],[1,0]],[[795,569],[0,1]],[[795,570],[0,1],[1,0],[1,-1],[-1,2],[-1,1],[0,1],[-1,0],[0,1]],[[795,575],[-1,0]],[[794,575],[0,1],[-1,0],[0,1],[1,1],[0,1],[1,0],[-1,1],[0,2],[-1,2],[-1,0],[0,1],[-1,2],[-1,1],[3,1]],[[788,557],[-1,1],[0,-1]],[[787,557],[1,0]],[[702,665],[0,1],[1,0],[1,2],[-2,0],[0,2]],[[703,670],[-1,0]],[[702,670],[-3,0],[-1,-1],[-1,1],[0,1],[-1,1],[0,1],[-2,1],[-1,0],[0,-1],[-1,-1],[0,-1],[-4,0],[-1,1]],[[687,672],[-1,1],[2,2],[-1,1],[-2,-1],[-1,0],[0,1],[2,3],[2,2],[-1,0],[0,4],[-1,0],[1,1],[-1,0],[1,1],[2,-1],[1,0],[1,1],[3,1],[-1,0],[0,1],[1,0],[-1,1],[0,1],[1,1],[-1,2],[0,1],[-1,0],[0,2],[-1,1],[-1,0],[1,1],[-1,0]],[[689,699],[1,0]],[[690,699],[0,1],[2,2],[0,1],[-1,0],[0,1],[-1,0],[1,1],[0,1],[1,0],[0,2],[3,0]],[[426,489],[-2,-1],[-1,0],[-1,-1],[0,1],[-3,1],[-2,-1],[-1,0],[-2,-2],[-3,0],[0,-2],[-2,-2],[-6,0],[1,-1],[0,-3],[1,0],[-2,-1],[-1,-1],[0,-1],[-1,0],[0,-1],[2,-1],[-1,-2],[-3,0],[-3,-1],[0,-1],[1,-1],[-2,-1],[-1,-1],[0,-1],[2,-2],[-1,0],[0,-1],[1,-1],[1,-2],[0,-3],[-1,-1],[-1,0],[-6,-3]],[[362,500],[4,2],[-1,2],[5,0],[0,2],[1,0],[0,3]],[[372,509],[-1,0]],[[371,509],[1,1],[0,1],[1,0],[1,-1],[1,0],[0,1],[2,0],[0,1],[2,-1],[2,-2],[2,-1],[1,0],[1,-1],[2,0],[0,1],[3,0],[0,-1],[3,0],[0,-1],[4,0],[0,1],[1,0],[1,-1],[2,0],[1,-1]],[[403,505],[-1,0]],[[402,505],[0,-1],[3,-3],[3,0],[1,1],[1,0]],[[358,535],[1,-2],[-1,0],[1,-1],[-2,0],[0,-1],[1,-1],[1,0],[0,-3],[1,-1],[-1,0],[0,-1],[-1,-1],[-2,2],[-1,0],[-1,-1],[-2,0],[1,-2],[2,0],[0,-1],[-2,-1],[-1,0],[1,-1],[0,-4],[1,-1],[0,-1],[-1,0],[-2,-1],[0,-2],[1,0],[1,-1],[2,0],[0,-3],[1,-1],[3,-2],[1,-1],[0,-1],[2,-2]],[[362,500],[0,-2],[1,-2],[1,-1],[1,0],[-3,-4],[-2,-1],[-1,0],[0,-1],[-1,-1],[0,-1],[-1,-1],[-2,-1],[-3,-1],[0,-2],[-3,-3],[-2,0],[-1,-1],[0,-1],[-1,0],[-2,-1],[-1,-1],[2,-2],[1,0],[0,-2],[-5,0],[-1,-1],[-1,1]],[[284,475],[0,1],[1,0],[1,1],[0,1],[1,0],[1,1],[0,1],[2,0],[0,2],[-1,1],[0,1],[-1,0],[0,-1],[-1,1],[1,1],[1,0],[1,1],[0,1],[-1,0],[-1,1],[-1,0],[0,1],[3,2],[1,0],[1,1]],[[292,492],[6,0],[4,-1],[3,0],[1,1],[2,0],[1,1]],[[311,493],[-2,0]],[[309,493],[0,1],[-1,2],[2,2],[3,1],[2,2],[-1,1],[0,2],[1,0],[0,1],[1,0],[-1,1],[-1,0],[-1,1],[-1,3],[0,2],[-1,1],[0,1],[-4,0],[-1,-1],[-1,0],[-4,-1],[-2,-2],[-2,0],[-1,1],[-1,2],[-1,0],[-1,1],[1,2],[1,0],[3,2],[0,2],[1,0],[1,1],[0,1],[2,1],[1,-1],[1,1],[0,1],[3,1],[-1,1],[3,1],[2,-1],[1,0],[3,1],[1,1],[4,1],[2,-1],[2,0],[0,-1],[1,0],[4,2],[4,0],[1,-1],[1,1],[0,2],[1,1],[-1,0],[0,1],[-1,1],[-2,0],[1,1],[0,1],[-1,0],[0,1],[-3,3],[3,2],[6,2]],[[338,544],[5,1],[2,-2],[5,0],[1,-1],[-1,-2],[0,-2],[1,-1],[0,-1],[5,0],[1,-1],[1,0]],[[502,41],[-2,-1],[-2,0],[-1,-1],[0,-1],[2,0],[0,-2],[1,1],[-2,-4],[0,-2],[-1,-1],[1,-1],[0,-1],[2,-1],[1,0],[0,-4],[1,-2],[-1,0],[-4,-4],[0,-2],[1,-1],[-2,1],[-1,-1],[-2,0],[-1,-1],[0,-2],[-2,-1],[-1,-1],[-1,-3],[-2,-2],[-1,1],[-1,0],[-1,-1],[-1,0],[-1,-1],[0,-1],[-3,0],[0,-1],[-2,0],[0,-1],[-1,0],[-1,1],[-3,0],[-2,-1],[0,1],[1,2],[1,0],[2,2],[0,1],[-1,1],[0,2],[1,0],[1,1],[0,1],[2,2],[-1,1],[1,0],[-1,1],[-1,0],[-1,-1],[-2,1],[-1,1],[0,-1],[-1,0],[-1,-1],[0,-1],[-3,-1],[-1,1],[-1,0],[-2,-2],[0,1],[-1,1],[0,1],[-1,1],[0,2],[-1,0],[0,2],[3,0],[0,2],[-1,1],[0,2],[-2,0],[-1,1],[-1,0],[0,1],[-1,2],[-2,0],[-2,-1],[-1,0],[-1,2],[0,1],[-2,1],[-1,1],[1,3]],[[464,71],[4,0],[1,2],[2,0],[-1,1],[1,1],[1,-1],[2,0],[0,-1],[1,0],[3,1],[-1,1],[1,1],[1,-1],[4,0],[0,1],[1,-1],[2,0]],[[793,671],[2,1],[-3,1],[-2,0],[0,4],[1,1],[2,0],[0,3],[-2,0],[0,1],[4,2]],[[863,185],[2,0],[0,-1],[1,-1],[2,0],[0,-1],[-1,1],[-1,0],[-1,-1],[0,-1],[1,-1],[0,-2],[-1,-1],[2,-2],[0,-2],[-1,0],[0,-1],[-2,-2],[1,-1],[-1,-2],[-1,0],[-2,-2],[-1,0],[0,1],[-1,0],[-1,-1],[1,-1],[-1,0],[0,-2],[-1,-1],[-1,-2],[-1,1],[-1,0],[-4,2],[-1,0],[-1,2],[-1,1],[-2,0],[-3,2],[-1,0],[-1,-2],[-2,1],[-1,1],[-3,2],[-1,0]],[[824,164],[2,-1],[-1,-1],[0,-1],[2,-2],[-2,-2],[0,-2],[-1,-1],[-1,-2],[1,-1],[1,-2],[-1,-1],[0,-1],[-1,0],[0,-2],[-1,-1],[0,-1],[-1,-2],[-1,0],[-3,-2],[-3,-3],[-3,-2],[-7,-3],[-5,0],[-1,1],[-2,-1]],[[795,244],[1,-1],[0,-2],[-1,-1],[4,-2],[3,-1],[5,0],[3,-1],[1,-1],[3,-2],[4,-4],[2,0],[0,-2],[1,-2],[-1,-1],[1,-2],[0,-2],[1,-1]],[[903,722],[0,-3],[-4,-4],[0,-1],[1,-1],[1,0],[5,-1],[3,0],[2,-2],[1,0],[1,-2],[1,0],[2,-2],[2,-1],[6,-2],[2,-2],[5,-4],[2,-2],[0,-1],[2,0],[2,-3],[3,-1],[7,-3],[4,-2],[1,-1],[0,-2],[1,0],[1,-1],[1,0],[0,-1],[-3,-3],[0,-5],[1,0],[2,-2],[-1,-1],[-1,0],[0,-1],[-1,-1],[0,-1],[-3,-3],[-2,0],[-2,-1],[0,-2],[-1,-3]],[[849,668],[-4,0],[0,-1],[-2,0],[2,2],[0,2],[3,3],[0,1],[-3,0],[0,1],[-2,1]],[[820,690],[-3,-3],[-7,0],[0,4]],[[810,691],[1,0]],[[811,691],[-3,0],[-1,-2],[-2,0],[0,-2],[-4,0],[-2,-2],[0,-1],[1,-1],[0,-1],[-1,0],[-4,2]],[[795,684],[-1,0],[0,1],[-1,0],[0,1],[1,0],[0,1],[-3,1],[-2,0],[-2,4],[0,2],[-2,0],[-1,-1],[-5,0],[1,1],[-1,0],[0,1],[-1,0],[-2,1],[0,1],[-2,0],[0,1],[-1,0],[0,1],[-4,1],[0,-1],[-3,0],[-3,-1],[-1,-1],[-4,-1]],[[452,478],[-3,0],[-1,1],[1,0],[0,1],[1,2],[-4,2],[-1,0],[0,1],[-4,0],[0,-1],[-3,0],[-2,1],[0,1],[-1,0],[-4,2],[0,1],[-5,0]],[[426,489],[0,5],[-1,3],[-1,1],[-1,-1],[-2,0],[-3,2],[-1,1],[0,1],[-1,1],[-6,0]],[[410,502],[-1,1],[1,1],[1,2],[1,-1],[2,2],[1,-1],[0,1],[1,3],[3,0],[1,-1],[1,0],[3,3],[-1,1],[0,-1],[-7,0],[0,1],[-2,0],[-2,1],[0,1],[-1,0],[0,1],[1,0],[0,2],[3,0],[4,-1],[1,0]],[[420,517],[1,-1]],[[421,516],[4,2],[0,4],[-2,-2],[-1,0],[-2,2],[0,1],[-2,1],[0,1],[2,1],[2,0],[1,1],[2,1],[3,0],[0,3],[3,0],[2,-1],[0,-2],[1,-2],[1,0],[1,1],[-1,0],[-1,1],[1,1],[-1,0],[0,3],[2,-1],[1,-1],[0,2],[3,0],[0,-1],[1,-1],[1,0],[0,-3]],[[418,513],[0,0]],[[668,886],[6,0],[3,1],[1,-1],[0,-3],[-1,-1],[1,-2],[-1,-1],[1,-1],[1,-2],[1,0],[4,-1],[0,1],[-3,0],[-2,2],[0,5],[1,0],[0,1],[1,-1],[1,1],[1,2],[-2,0],[-2,-1],[0,1],[1,0],[4,4],[2,1],[1,2],[2,1],[1,1]],[[679,885],[1,-1],[-1,0],[0,1]],[[608,822],[1,0],[1,1],[2,-2],[0,-4],[2,-2],[0,-2],[-1,0],[0,-2],[-1,0],[0,-2],[-1,1],[-2,-1],[2,-2],[-2,-1],[-4,-1],[0,1],[-2,-1],[-2,0],[0,1],[-2,0],[1,2],[0,1],[-2,2],[0,1],[1,1],[-1,1],[0,1],[-1,1],[-1,0],[-2,2],[-1,0],[-1,1]],[[592,819],[0,1],[1,0],[1,1],[1,0],[1,1],[2,0],[0,-1],[1,0],[1,1],[3,0],[1,1],[3,0],[0,-1],[1,0]],[[599,815],[-1,0],[1,-1],[0,1]],[[747,676],[-1,-1],[0,-1]],[[707,664],[4,0],[0,1],[3,0],[0,1]],[[932,655],[1,2],[2,1],[3,0],[3,-1],[3,0]],[[944,657],[2,-2],[0,-3],[1,-1],[0,-2],[1,-1],[1,-2],[0,-1],[-1,0],[0,-1],[1,-1],[1,0],[0,-1],[1,0]],[[765,666],[2,1],[1,1],[0,1],[1,0],[0,1],[2,2],[5,0],[0,1],[1,0],[2,-3],[3,-3],[2,-1],[3,1],[0,1],[1,2],[2,0],[1,1],[2,0]],[[793,671],[-4,-4],[0,-2],[1,-2],[-2,-2],[-2,-1],[1,-1],[2,1],[0,-1],[1,-1],[2,0],[3,-1]],[[791,657],[0,0]],[[776,171],[-1,-2],[1,-1],[3,0],[0,-3],[-1,0],[-1,-1],[0,-2],[2,0],[0,1],[1,0],[2,1],[3,1],[0,-1],[1,-1],[0,1],[1,0],[1,-2]],[[787,162],[1,0]],[[788,162],[-1,-1],[0,-3],[-1,-2],[3,0],[0,-2],[1,0],[0,-3],[1,0],[0,-1],[1,0],[2,-2],[1,0],[1,-1],[-1,-1],[-1,0],[0,1],[-1,-2],[-3,0],[-4,-2],[1,0],[-1,-2],[0,-1],[1,0],[0,-1],[2,-1],[1,0],[2,-1],[1,0],[0,-2],[1,-1],[2,-1],[0,-2]],[[796,131],[-4,-1],[-2,-1],[-4,0],[-2,-1],[-5,-1],[-1,-1],[0,-1],[-1,-1],[-5,-4],[-1,0]],[[721,149],[-1,2],[0,1],[-1,4],[2,1],[2,0],[0,1]],[[752,237],[0,-1],[1,0],[-1,-1],[1,0],[1,-1],[0,-1],[1,0],[-1,-1],[0,-1],[1,-1],[0,-1],[1,0],[0,-2],[1,-1],[0,-1],[2,-2],[1,0],[3,-2],[1,-2],[-1,-1],[2,-2]],[[704,186],[-2,1],[-1,2],[-2,0],[-2,-1],[0,-1],[-1,-1],[-1,1],[-3,0],[0,1],[-1,0],[-2,2],[-1,-1],[-1,1],[-1,0],[0,1],[-3,1]],[[903,548],[-3,0],[0,-2]],[[900,546],[1,0]],[[901,546],[-2,0],[-2,-1],[0,-1],[-1,-2],[-2,0],[0,-1],[1,-1],[-2,-1],[-1,1],[-2,0],[0,-1],[1,-1],[1,-2],[-1,-1],[-1,0],[0,-2],[1,-1],[-1,0],[-1,-1],[-2,-1]],[[887,530],[1,0],[1,-1],[-2,1]],[[887,530],[-1,-1],[0,-1],[-1,0],[1,-1],[0,-1],[-3,1],[0,2],[-4,0],[-1,-1],[-2,0],[0,-1],[-5,0],[-3,1],[0,-1]],[[868,527],[-1,0],[-1,-1],[-4,0],[-1,-1],[-1,0],[0,1],[-1,0],[-2,-1],[-3,0],[-2,1]],[[852,526],[1,2],[0,1],[-1,1],[0,1],[1,1],[0,1],[1,-1],[1,0],[0,4],[-2,2],[-1,0],[0,2],[-3,2],[-2,0],[-1,1],[2,0],[0,3],[4,0],[2,-1],[1,1],[2,1],[0,1],[2,0],[2,-1],[2,0],[2,1],[1,1],[1,0],[0,1],[1,0],[2,1],[2,0],[1,2],[-1,1],[-1,0],[1,1],[0,2],[1,0],[1,1],[0,1],[-1,2],[0,1],[-2,0],[0,1],[-1,1],[-2,0],[0,2],[-1,2],[-2,0],[0,2],[-1,1],[0,2]],[[932,655],[-1,-2],[-1,-1],[1,0],[2,-1],[-1,-2],[-3,-3],[0,-1],[1,-1],[-1,0],[0,-3],[6,1],[2,0],[1,-1],[0,-1],[1,-1],[2,0],[0,1],[5,0],[0,1],[3,2],[0,-1],[1,-1],[1,0],[0,1]],[[951,642],[2,0],[2,-1],[1,0],[3,-1],[2,0],[3,-3],[-2,-4],[-1,-1],[-1,0],[2,-2],[0,-2],[-1,-2],[-1,-1],[0,-4],[2,-2],[1,0],[3,-1],[2,-2],[0,-2],[-1,0],[0,-3],[-2,-2],[0,-1],[-1,0],[0,-1]],[[853,655],[-1,1],[3,2],[1,0],[1,1],[0,1],[-1,0],[1,1],[0,1],[1,1],[2,0],[-1,1],[-2,0],[-1,1],[-1,0],[0,1],[-2,1],[0,-2],[-1,1],[-3,2]],[[849,668],[2,2],[0,1],[4,0],[-1,-1],[1,0],[2,-1],[1,-1],[0,-1],[3,0],[0,-1],[-1,0],[0,-2],[4,0],[0,-1],[2,0],[2,1],[1,1],[2,0],[1,1],[1,0],[0,1],[2,1],[6,0],[0,-1],[2,0],[2,-1],[0,-1],[2,-1],[1,1],[0,1],[1,1],[4,1],[2,-1],[-1,-1],[0,-1],[2,0],[1,1],[2,0],[2,1],[4,0],[0,1],[1,1],[0,2],[4,-1],[1,0],[0,-1],[2,-2],[2,0],[0,-3],[1,0],[1,-2],[-1,-1],[0,-1],[1,-1],[4,0],[0,-2],[-1,-1],[1,-1],[3,0],[0,1],[2,0],[0,1],[6,-2]],[[775,864],[1,0],[0,-1],[2,0],[0,-1],[-1,0],[-1,-1],[1,-1],[1,1],[2,0],[3,-2],[0,-1],[1,0],[2,-2],[0,1],[2,0],[3,-2],[2,1],[1,0],[4,-1],[1,-2],[1,-1],[0,-1],[-2,0],[0,-5],[-2,0],[2,-2],[-1,-1],[2,-2],[3,-2],[3,1],[2,0],[0,-1],[2,0],[1,2],[1,1],[2,0],[0,1],[1,1],[2,-1],[1,1],[3,-2],[-1,-2],[1,0],[-1,-1],[0,-1],[-5,0],[0,-2],[1,-1],[2,-1],[1,0],[-2,-2],[1,-1],[2,1],[1,1],[4,-1],[1,-1],[6,0],[3,-3],[0,-1],[3,-3],[5,1],[13,0],[1,-1],[3,0],[0,-1],[4,0],[0,-1],[-3,0],[-1,-1],[-4,0],[-2,-2],[2,-2],[2,0],[0,-2],[1,0],[2,-1],[-1,0],[0,-1],[-1,0],[-1,-1],[-2,0],[-1,-1],[-1,0],[0,-1],[1,0],[0,-1],[1,0],[1,-1],[-1,-1],[1,-2],[-1,0],[-1,-1],[-3,0],[0,-2],[-1,-1],[2,-1],[0,-2],[2,-1]],[[803,765],[-1,-2],[-3,0],[-2,4],[-4,0],[-1,-1],[-3,0],[-1,-1],[0,-2],[-2,0],[0,-1],[-1,-1],[-3,0],[-2,-2],[-1,0],[0,-1],[-1,-1],[-2,0],[-1,-1]],[[704,776],[1,2],[0,1],[-2,0],[0,2],[-1,0],[0,-1],[-2,1],[1,1]],[[701,782],[1,0]],[[702,782],[-2,0],[-2,2],[2,1],[1,1],[1,-1],[0,1],[-1,1],[0,1],[1,0],[-1,1],[0,1],[1,1],[0,2],[2,0],[2,2],[0,1],[2,1],[-4,0],[-2,1],[0,1],[-1,0],[0,1],[-1,0],[0,1],[-1,1],[2,4],[0,2]],[[756,864],[2,-1],[3,-3],[2,0],[0,1],[3,0],[2,2],[2,0],[2,1],[3,0]],[[901,730],[0,-3],[1,-2],[0,-3],[1,0]],[[903,722],[-3,-1],[0,1],[-1,1],[-3,0],[-1,-1],[0,-1],[-1,1],[-2,-2],[0,-1],[1,-1],[1,1],[2,-1],[0,-1],[-3,-1],[-1,1],[-4,-1],[-3,1],[0,-1],[-2,-1],[0,-2],[-4,0],[0,-3],[-1,0],[-1,-1],[-1,0],[-1,-1],[-4,0],[0,-1],[1,0],[0,-1],[-1,0],[0,-2],[-1,0],[-6,-2],[0,1],[-1,0],[-6,-2],[2,-2],[0,-1],[3,-6],[2,1],[0,1],[2,0],[2,1],[1,1],[0,-1],[1,0],[-1,-1],[0,-3],[-1,-1],[1,0],[-2,-2],[0,-1],[-5,0],[-6,-2],[0,-1],[-2,0],[1,-1],[0,-1],[-2,0],[-1,-1],[-1,0]],[[850,681],[1,0]],[[851,681],[0,-1],[-1,-1],[-1,0],[-1,1],[-4,-1],[-1,-1],[0,-1]],[[843,677],[-2,0],[-1,1],[0,2],[-1,0],[-2,2],[-1,0],[-2,1],[-2,0],[-1,2],[0,1],[3,3],[-4,2],[0,2],[-2,0],[-1,-1],[0,1],[-1,-1],[1,-1],[1,0],[-1,-1],[-2,0],[-2,-2],[-3,2]],[[820,690],[1,0],[0,2],[1,0],[-1,1],[0,1],[-1,1],[1,1],[0,2],[1,0],[0,2]],[[821,700],[1,0]],[[822,700],[0,2],[-2,0],[2,1],[0,1],[-1,2],[0,1],[1,0],[2,1],[-1,1],[0,1],[3,0],[2,1],[2,0],[1,1],[0,2],[1,0],[1,2],[-4,0],[0,1],[-1,2],[4,0],[-4,1],[-1,0],[0,1],[1,0],[1,1],[1,0],[0,1],[-2,0],[0,2],[-3,0],[1,-1],[-2,0],[-1,-1]],[[823,723],[0,0],[1,0],[-2,1],[-1,0],[0,1],[1,0],[1,1]],[[824,727],[-1,-1]],[[822,726],[-2,0],[0,1],[1,0],[3,2],[2,2],[1,0],[1,-1],[1,1],[1,-1],[2,2],[1,2]],[[823,726],[-1,1],[0,-1]],[[822,726],[1,0]],[[821,727],[0,0]],[[773,172],[-3,-1],[-1,1],[-2,1],[0,-1],[-2,-1],[-1,0],[-4,1],[-1,-1],[1,-1],[-1,-1],[-2,2],[-1,-1],[-1,1],[-2,-1],[-1,-1],[-1,-4],[0,-1],[1,-1],[-4,0],[-2,1],[0,-3],[-1,-1],[-1,0],[0,1],[-1,0],[0,-2],[-2,0],[0,-1],[-1,0],[0,-1],[-2,0],[-2,-2],[0,2],[1,1],[-1,1],[-3,2],[-1,0],[-1,-1],[-2,0],[-1,1],[0,-2],[1,-1],[1,0],[-1,-1],[-1,0],[0,-1],[-3,0],[-2,2]],[[723,158],[0,2],[-1,0],[0,1],[-1,0],[0,1],[1,1],[1,0],[-1,2],[-2,1],[-1,-1],[-4,0],[0,-1],[-1,0],[-2,-2],[-1,1],[0,2],[-1,0],[-1,1],[0,1],[-1,-1],[-2,1],[0,2],[1,0],[0,1],[1,1],[0,1],[-1,1],[0,1],[1,0],[0,1],[1,0],[-1,1],[3,0],[0,2],[-1,0],[0,3],[-1,1],[-2,-1],[-2,1],[0,2],[-1,1],[0,1]],[[704,186],[4,2],[2,0],[-1,1],[2,1],[0,1],[4,1],[1,-2],[1,-1],[0,2],[2,0],[3,1],[0,-1],[2,0],[0,-1],[2,0],[0,-1],[-1,-1],[1,0],[0,-1],[1,0]],[[727,187],[-1,-1],[0,-1],[1,2]],[[727,187],[6,0],[0,1],[3,0],[0,1],[3,0],[0,1],[1,0],[0,1],[1,-1],[2,1],[1,0],[0,1],[1,1],[2,0],[1,2],[2,1],[1,0]],[[708,189],[0,0]],[[775,756],[1,-1],[1,0],[0,-1],[2,0],[-3,-2],[-3,0],[-1,-2],[-2,-2],[2,-2],[1,0],[0,-1],[5,0],[1,-1],[0,-5],[1,-1],[-2,-1],[0,-2],[1,0],[1,-1],[2,0],[0,-3],[1,-1],[0,-1],[-1,0],[0,-4],[-2,-2],[-1,0],[0,-3],[1,-1],[1,0],[0,-3],[-1,1],[-1,0],[-1,1],[-1,0],[0,-1],[-3,0],[1,-1],[0,-1]],[[775,715],[-2,0],[1,-1]],[[774,714],[1,1]],[[775,715],[0,-1],[-1,0]],[[774,714],[-2,0],[2,-1],[1,0],[0,-1],[-1,0],[-1,-1],[-3,-1],[1,0],[0,-1],[-1,0],[-1,-1],[-1,0],[-1,-2],[1,0],[0,-4],[-1,0],[-4,-2],[-1,-1],[1,0],[-1,-1],[-2,-1],[-1,0],[-1,1],[0,-2]],[[758,696],[0,-2],[-3,1],[-4,1],[-2,1],[-1,0],[0,1],[-2,2],[-1,0],[0,1],[1,1],[0,2],[-3,1],[-2,0],[0,1],[-3,3],[1,0],[0,1],[-1,0],[-4,-2],[0,1],[-1,1],[-2,0],[-3,1],[0,-1],[-1,0],[0,-1],[-1,-1],[0,-1],[1,0],[1,-1],[-1,-1],[1,-1],[-1,-1],[-2,0],[-1,1],[-10,0],[-2,-1],[0,1],[-1,1],[0,1],[-2,0],[2,1],[1,1],[-1,1],[0,1],[-3,0],[-1,-1],[-10,0],[0,1],[-2,-2]],[[695,708],[0,2],[1,0],[-1,2],[-1,0],[0,3],[-1,2],[-1,1],[0,-1],[-1,0],[0,1],[-2,1],[-1,-1],[-2,0],[-4,-1],[0,1],[-1,1],[1,2]],[[703,776],[1,0]],[[704,776],[4,-2],[3,0],[0,-3],[2,0],[2,-1],[0,-2],[1,-1],[2,1],[4,0],[1,1],[5,0],[6,-3],[1,1],[1,0],[0,1],[3,0],[2,-1],[0,-1],[-1,0],[0,-1],[3,-1],[7,0],[0,-2],[-1,-1],[-1,0],[2,-1],[1,0],[1,-1],[3,1],[4,0],[0,1],[1,0],[2,-2],[2,-1],[1,1],[2,1],[2,0],[0,-1],[1,0],[0,1],[1,0],[2,1],[1,-1],[0,-1],[-1,0],[-1,-1],[2,-2],[1,0]],[[853,655],[1,2],[2,-1],[1,-1],[0,-1],[-1,0],[2,-2],[1,0],[0,-1],[-1,-1],[-1,0],[1,-1],[-1,-1],[8,0],[1,-1],[2,0],[0,-2],[-1,-1],[3,0],[0,-3],[-1,-1],[-1,0],[0,-1],[-1,-1],[0,-1],[1,-1],[2,0],[-2,-2],[1,0],[1,-1],[-2,-2],[1,-1],[1,1],[2,-1],[2,0],[-1,-1],[-2,0],[-1,-1],[-1,0],[1,-2],[1,0],[1,-1],[-1,-1],[-2,0],[0,-2],[3,0],[2,1],[4,0],[0,1],[5,0],[1,-1],[0,-1],[2,0],[0,-1],[4,0],[0,-1],[3,0],[2,-1],[3,-1],[0,-2],[1,-1],[1,-2],[1,0],[1,1],[5,0],[1,2],[0,2],[1,-1],[1,1],[1,0],[-1,-2],[-1,-1],[0,-2],[1,-1],[1,0],[1,-1],[3,0],[2,1],[1,0],[0,1],[1,1],[3,2],[3,0],[4,-2],[0,-1],[1,-2],[0,-1],[4,0]],[[895,591],[-6,1],[-4,1],[0,1],[-7,0],[-3,-1],[-4,0],[0,-2],[-2,0],[-1,-1],[-1,-2],[1,0],[0,-1],[1,-1],[1,0],[-1,-1],[-1,0],[0,-5],[-2,-1],[0,1],[-1,0],[0,-1],[1,-1],[0,-1],[1,-1],[2,0],[1,-1],[-1,-2],[-1,0],[-1,1],[-1,0],[-2,-1]],[[864,573],[-2,0],[0,2],[-1,1],[-2,-1],[-2,1],[-1,0],[0,-1],[-2,0],[-1,-1],[0,-1],[-1,-1],[-3,1],[0,1],[-7,0],[-1,1],[-3,0],[-1,-1],[-2,2],[-1,0],[0,2],[-1,0],[0,1],[-1,0],[0,1]],[[823,655],[0,3],[-1,1],[5,2],[2,-2],[0,-1],[6,0],[0,-1],[6,0],[2,-2],[2,1],[1,-1],[1,0],[0,-2],[-1,0],[0,-2],[1,-1],[1,0],[0,2],[2,2],[2,0],[1,1]],[[912,618],[0,0]],[[654,286],[-2,-2],[-1,0],[0,-2],[-6,0],[-1,-1],[1,0],[-1,-2],[0,-2],[1,0],[1,-1],[2,1],[0,-1],[2,-1],[1,1],[2,0],[1,1],[2,0],[0,1],[1,1],[1,0],[0,2],[-2,0],[0,1],[-2,4]],[[737,283],[2,-1],[0,-4],[3,-1],[2,-1],[1,0],[1,-1],[2,0],[2,-2],[1,-2],[0,-2],[1,0],[1,-1],[0,-2],[7,0],[1,-1],[4,0],[-1,1],[0,1],[2,0],[1,-1],[4,0],[1,-1],[2,0],[0,-1],[1,-1],[3,-2],[2,0],[0,-5],[3,0],[0,-2],[3,0],[0,-3],[1,0],[2,-1],[0,-2],[1,0],[2,-2],[1,0],[1,-2],[1,0]],[[795,244],[-1,-2],[0,-1],[1,0],[-1,-1],[-2,-1],[0,-1],[-1,-1],[0,-1],[-2,1],[-1,0],[-4,2],[0,2],[-2,1],[-4,0],[-1,1],[0,-1],[-1,0],[-2,1],[-3,-3],[-2,0],[-1,1],[-1,-1],[1,0],[0,-1],[-3,-1],[0,1],[-7,0],[0,-1],[-4,0],[-1,1],[0,-1],[-2,0],[0,-1],[1,0]],[[752,237],[-1,-1],[-2,0],[-1,1],[-1,0],[-1,-1],[-1,0],[-1,-1],[-1,0],[-3,1],[-1,0],[-1,-1],[-2,0],[-1,-1],[-1,1],[-2,0],[0,-1],[-2,0],[0,-1],[-3,0],[-1,-1],[0,-2],[-1,-1],[-2,0],[0,1],[-1,0],[0,-1],[-2,-1],[0,-1],[-1,0],[1,-1]],[[747,676],[-1,0],[-1,-1],[0,-1],[1,0]],[[746,674],[2,-1],[1,-1],[-1,-1],[2,-2],[0,-1],[-1,0],[0,-2],[2,0],[0,1],[1,-1],[3,0],[2,2],[5,-2],[3,-1],[0,1]],[[765,666],[5,-1],[1,-1],[0,-2],[-1,0],[0,-5],[2,0],[1,-1],[1,0]],[[774,656],[0,1],[1,0],[-1,-1]],[[774,656],[0,-1],[1,-1],[1,0],[3,-3],[4,0],[0,1],[-1,0],[1,1],[1,-1],[3,0],[0,1],[1,0],[1,-1],[3,0],[0,1],[1,0],[0,4],[2,0]],[[795,657],[0,1],[-1,0],[1,1],[6,2],[2,0],[1,-2],[3,0],[1,1],[1,0],[2,-2]],[[752,604],[-2,1],[-3,0],[-2,2],[-3,0],[-1,1],[-2,0],[-1,-2],[-3,0],[0,-1],[-1,-1],[-7,1],[-1,2],[-4,1],[-1,1],[-1,2],[-2,0],[-1,-1],[0,-1],[-2,0],[-3,2],[-2,1],[-1,1]],[[709,613],[-2,0],[-1,1],[-2,1],[-2,4],[-2,1],[-2,0]],[[698,620],[-1,4],[-1,0],[-2,1],[-1,2],[0,1],[-1,1],[1,2],[1,-1],[1,0],[0,1],[-1,0],[0,1],[1,1],[0,1],[1,1],[2,0],[2,1],[-1,1],[-1,0],[-1,1],[-1,0],[-1,1],[0,3],[2,3],[0,1],[1,0],[1,2],[2,3],[-1,2],[-1,1],[2,0],[0,2],[-1,0],[0,1],[1,0],[0,1],[-1,1],[-1,0],[-1,1],[1,0],[1,1],[0,1]],[[699,662],[1,0]],[[700,662],[1,1],[0,2],[1,0]],[[702,665],[2,-2],[1,0],[2,1]],[[707,664],[1,-2],[2,0],[0,-4],[1,0],[-1,-1],[1,-1],[0,-3],[1,-2],[1,0],[1,-1],[-1,-1],[0,-2],[5,1],[2,0],[0,1],[1,0],[0,-1],[2,0],[0,1],[1,1],[1,0],[0,1],[1,1],[2,0],[1,-1],[3,1],[2,2],[0,3],[2,0],[1,1],[2,0],[0,-1],[1,1],[0,1],[1,0],[1,1],[1,0],[-2,2],[0,1],[1,0],[0,1]],[[742,664],[1,-1],[2,1],[-3,0]],[[742,664],[-1,0],[0,1],[-4,0],[-1,1],[-1,0],[-2,-1],[-1,-1],[-2,0],[1,1],[-1,1],[1,2],[2,0],[1,1],[2,0]],[[736,669],[3,0]],[[739,669],[1,1],[2,0],[1,1],[-3,0],[-1,-1],[0,-1]],[[739,669],[-2,1],[-1,-1]],[[736,669],[0,1],[-2,0],[-1,-1],[-3,-1],[-1,-2],[0,-2],[-5,1],[0,1],[-1,1],[1,1],[-3,-1],[-2,-2],[-3,0],[0,-2],[1,-2],[-2,0],[0,1],[-1,1],[0,2],[1,0],[-1,1]],[[714,666],[1,0],[2,2],[-4,0],[0,1],[1,1],[-1,0],[0,1],[1,0],[-1,1],[1,0],[0,2],[-2,2],[3,0],[0,2],[5,0],[1,-1],[1,0],[2,-2],[2,1],[1,-1],[1,0],[3,-1],[2,1],[1,0],[0,1],[7,0],[1,1],[4,0],[1,-1]],[[697,636],[0,1],[1,-1],[-1,0]],[[696,637],[0,0]],[[756,864],[-1,-1],[1,0],[1,-1],[-2,-2],[-1,-2],[0,-1],[1,0],[1,-1],[0,-2],[-1,0]],[[754,854],[1,0]],[[755,854],[0,-1],[-2,0],[-2,-2],[1,-1],[1,0],[0,-1],[1,-1],[0,-1],[-2,-1],[0,1],[-2,-2],[0,-2],[-1,-1],[0,-1],[-1,-1],[-4,0],[0,-6],[-6,0],[0,-2],[-1,0],[-1,-2],[0,-2],[1,0],[0,-2],[-1,-1],[0,-2],[3,-3],[0,-1],[-1,0],[-2,-2],[-2,1],[-1,0],[-1,1],[-3,0],[0,1],[-1,0],[-2,-1],[-3,0],[0,1],[-1,1],[0,1],[-1,1],[0,1],[-2,-1],[0,2],[-1,-1],[0,-2],[-1,0],[1,-1],[1,0],[0,-1],[-1,0],[-2,1],[-5,0],[0,-1],[1,0],[0,-1],[1,-1],[0,-1],[-1,0],[1,-2],[-1,0],[1,-1],[-2,-2],[1,0],[1,-2],[0,-1],[-1,0],[-1,-1],[-1,1],[-1,0],[0,1],[-2,0],[-1,1],[-1,0],[0,-1],[-3,-1],[0,-1],[-1,0]],[[701,808],[-1,0],[-1,1],[0,1],[-4,0],[0,1],[-1,0],[-1,1],[-2,0],[0,1],[-1,2],[0,3],[-2,-1],[-5,0],[-2,1],[-3,0],[-2,1],[-1,1],[-2,1],[0,1],[-2,2],[0,1]],[[672,825],[-1,0]],[[671,825],[0,1],[1,0],[0,1],[-2,0],[0,-1],[-1,1],[0,1],[-3,0],[-1,1],[2,0],[0,1],[-9,0],[0,-1],[-2,0],[-1,1],[-1,0],[0,1],[-3,0],[0,2],[-2,0],[-3,1]],[[646,834],[-1,0]],[[645,834],[0,1],[1,1],[1,0],[0,1],[-1,2],[0,1],[-1,1],[-1,-1],[-2,1],[0,4],[2,1],[-1,0],[0,1],[-1,0],[1,1],[1,0],[1,1],[1,0],[-1,1],[0,2],[1,0],[0,2],[-1,1],[1,1],[-1,0],[1,2],[0,1],[-2,1],[-4,0],[0,-2],[-1,-1],[-1,1],[-3,0],[0,-2],[-1,-1],[-2,0],[0,4],[-1,0],[-1,1],[1,0],[0,1],[-5,2],[-1,-1]],[[625,862],[1,0]],[[626,862],[-4,0],[1,1],[0,1],[-1,0],[0,2],[-1,1],[-1,0]],[[620,867],[3,2],[0,2],[1,1],[2,0],[1,1],[0,2],[-2,2],[0,-1],[-1,0],[-2,-2],[-3,-2],[-1,-2],[-1,0],[0,3],[2,2],[6,2],[6,5],[2,1],[8,0],[3,-1],[8,0],[6,2],[2,0],[6,2],[2,0]],[[668,886],[3,-2],[-1,-1],[2,-2],[-1,0],[0,-1],[-1,0],[0,-1],[2,0],[0,-2],[2,0],[-1,-1],[0,-1],[2,-1],[0,-3],[1,0],[1,-1],[2,0],[2,1],[3,0],[1,1],[4,0],[0,1],[1,1],[0,2],[-3,3],[0,1],[1,0],[0,4],[-1,0],[1,1],[1,0],[1,1],[0,1],[6,0],[4,2],[-2,1],[-1,1],[0,4],[-2,-1],[-1,0],[-2,1],[-2,0]],[[690,895],[2,1],[7,3]],[[699,899],[-1,-2],[1,0],[1,-1],[1,0],[0,-1],[1,0],[0,-2],[2,0],[0,-1],[2,0],[0,-1],[1,-1],[1,0],[0,-3],[-2,0],[1,-1],[1,0],[0,-2],[1,0],[0,-3],[1,0],[0,-3],[3,0],[1,1],[1,0],[3,-2],[0,-1],[-1,0],[1,-1],[1,1],[2,0],[1,-1],[1,0],[1,1],[1,-1],[3,0],[2,-1],[2,-2],[1,1],[1,0],[2,-1],[1,-1],[3,-2],[1,0],[3,-1],[-1,-1],[3,-1],[2,1],[1,1],[2,-2],[4,-2],[1,0]],[[615,870],[0,-1],[-1,1],[1,0],[0,0]],[[465,108],[0,-5],[1,0],[-1,-1],[1,-1],[-1,-1],[-1,-2],[1,-1]],[[464,96],[-1,-2],[0,-3]],[[379,124],[1,0],[1,-1],[0,-2],[2,-1],[0,-1],[2,0],[1,1],[1,0],[1,-1],[1,0],[0,1],[3,0],[0,-1],[1,0],[2,2],[0,2]],[[395,123],[1,0],[2,-1],[2,-2],[0,-1],[1,-1],[2,0],[1,1],[1,0],[1,1],[3,-1],[1,-1]],[[410,118],[-2,0],[2,-1],[0,1]],[[410,118],[1,0],[0,-1],[1,0],[0,-1],[1,0],[0,-2],[1,0],[0,1],[2,2],[1,0],[1,-1],[3,0],[1,1],[-1,1],[1,0],[0,2],[1,0],[0,1],[2,0],[0,2],[3,0],[-1,1],[1,0],[0,1],[1,0],[0,1],[3,0],[0,-1],[1,0],[0,2],[1,0],[2,2],[0,1],[1,0],[0,1],[2,0],[1,-1],[2,0],[0,-2],[5,0],[1,-1]],[[449,127],[-1,0]],[[448,127],[1,-1],[0,-1],[2,0],[1,-1],[0,-1],[2,0],[0,-1],[-1,-1],[1,0],[0,-2],[3,0],[0,-1],[-1,-1],[-1,0],[0,-2],[-1,-1],[0,-1],[-3,0],[4,-1],[3,1],[1,1],[1,0],[0,1]],[[402,35],[-3,0],[-1,1],[-3,0],[-7,5],[0,1],[-1,0],[-3,3],[-1,0],[-1,1],[-2,0],[-1,1],[-3,1],[-7,2],[-1,0],[-7,-1]],[[361,49],[0,2],[1,0],[2,-1],[1,1],[-1,2],[-3,3],[0,2],[-1,0],[0,2],[-3,1],[-1,0],[-1,1],[-2,1],[-1,1],[-1,0],[-3,1],[-3,4],[1,1],[2,0],[1,-1],[1,0],[0,3],[-1,0],[0,2],[-1,0],[2,2],[0,-1],[2,-1],[0,-1],[1,0],[0,1],[1,-1],[1,1]],[[363,56],[-1,0],[0,-1],[1,1]],[[620,276],[1,-1],[0,-1],[2,-2],[2,0],[1,1],[1,-1],[1,0],[0,-2],[1,-1],[-1,0],[-1,-1],[1,-1],[0,-2],[3,0],[0,-2],[3,0],[0,-1],[2,0],[-1,1],[0,1],[1,0],[0,1],[2,0],[3,-3],[2,0],[3,-3],[3,0],[1,-1],[4,0],[6,-3],[0,-3],[1,-2]],[[631,224],[-2,-1],[-3,0],[0,-3],[1,0],[-1,-1],[-1,-2],[-1,0],[0,-1]],[[703,776],[0,-1],[-1,0],[-1,-1],[1,-1],[0,-3],[2,-2],[0,-1],[2,0],[0,-2],[-2,-1],[-2,-2],[-2,-1],[4,-2],[-1,-1],[1,-2],[-2,-1],[-2,-2],[0,-2],[2,-1],[1,-1],[2,-1],[-1,0],[-1,-2],[-1,0],[-2,-1],[-1,-2],[1,-1],[3,-2],[3,-3],[1,1],[-1,0],[0,1],[2,0],[0,-1],[1,0],[1,1],[0,1],[2,2],[1,0],[0,-3],[-1,0],[1,-1],[0,-2],[-4,-1],[-2,-1],[-4,0],[0,-2],[-1,-1],[0,-1],[-1,-1],[-4,0],[0,-1],[1,-1],[0,-1],[1,-1],[-2,-1],[-8,0],[0,-1],[-7,-2]],[[682,721],[-1,0],[0,-1],[-1,-1],[-3,0],[0,1],[-2,0],[-1,1],[-1,-1],[-3,1],[-1,-1],[-2,0],[-1,-1],[-3,1],[-1,1],[-5,0],[-1,1],[-2,1],[-3,0],[-1,1],[-1,0],[0,2],[1,0],[1,1],[0,2],[-2,1],[-4,0],[-3,3],[-2,1],[-1,0],[-2,-1],[-1,-1],[-1,0],[-2,2],[0,1],[-1,1],[-5,0],[0,2],[2,2],[-5,0]],[[624,740],[-4,0],[-1,1],[0,1],[-2,0],[-1,-1],[-2,0],[0,1],[-1,0],[-1,1],[-1,0],[-2,2],[-4,0],[-4,-2],[-4,-1],[-1,0],[-4,4],[-2,0],[-1,2],[-1,0],[0,3]],[[588,751],[2,0],[1,-1],[8,0],[1,-1],[2,0],[0,4],[7,0],[1,-1],[1,0],[2,-1],[4,0],[2,1],[0,2],[1,2],[1,0],[-1,1],[0,1],[1,0],[-1,1],[0,2],[-1,1],[3,0],[1,1],[2,1],[2,2],[8,0],[2,-1],[1,0],[0,-2],[2,0],[3,1],[5,0],[1,1],[-2,2],[0,1],[4,-1],[2,0],[1,1],[0,1],[2,1],[0,1],[1,0],[1,-1],[4,0],[4,4],[1,-1],[1,1],[2,0],[0,4],[-1,0],[3,1],[2,1],[0,1],[-1,1],[0,1],[2,0],[2,-2],[0,-1],[1,-1],[2,0],[0,1],[2,0],[1,1],[1,0],[2,-2],[2,0],[0,1],[3,0],[1,1],[1,0],[0,-1],[3,-3],[6,0],[1,-1]],[[964,607],[0,-2],[-1,-1],[-1,0],[1,-2],[1,-1],[0,-2],[-1,0],[-1,-1],[0,-2],[-1,-1],[0,-1],[-2,-1],[-1,0],[-1,-1],[0,-1],[-3,-2],[-1,0],[-1,-1],[0,-1],[-1,0],[0,-1],[-1,0],[0,-2],[2,-2],[1,0],[2,-1],[1,0],[1,-2],[0,-3],[1,0],[-1,-1],[0,-1],[1,-2],[3,-3],[4,-2],[1,0],[0,-1],[2,-2],[0,-6],[1,0],[0,-1],[-4,-4]],[[965,553],[-2,2],[-1,0],[0,-2],[-1,-1],[0,-2],[-2,-1],[-3,1],[-2,-1],[-2,0],[-1,2],[0,1],[-2,0],[0,1],[-1,0],[-1,-1],[-2,0],[0,-1],[-3,-1],[-7,0],[-1,-1],[0,-1]],[[934,548],[-1,0],[-3,-1],[-1,1],[-1,0],[0,-1],[-1,0],[-3,-2],[-1,0],[0,-1],[-1,-1],[-1,1],[0,1],[-5,2],[-2,0],[-1,-1],[-4,2],[-6,0]],[[903,548],[0,3],[-1,0],[0,1],[1,2],[2,0],[0,1],[3,3],[-2,1],[-1,0],[0,1],[-5,0],[0,1],[-1,1],[-1,2],[-1,0],[-1,1],[1,1],[1,2],[1,1],[1,0],[1,1],[0,3],[-3,0],[-1,2],[1,5],[1,0],[0,1],[-1,1],[0,1],[-2,2],[-2,0],[0,5],[1,1]],[[895,591],[3,0],[1,-1],[1,0],[2,-1],[2,0],[1,-1],[0,1],[1,1],[3,0],[0,1],[1,2],[0,1],[1,1],[2,0],[6,3],[8,0],[1,1],[-1,3],[-1,2],[0,3],[3,1],[4,0],[2,1],[-1,1]],[[934,610],[0,2],[2,1],[1,0],[0,1],[1,0],[0,-2],[1,-1],[0,-2],[1,-1],[7,0],[0,2],[3,1],[1,0],[2,-1],[3,0],[2,-1],[0,-2],[2,0],[1,1],[1,0]],[[962,608],[0,1],[1,-1],[-1,0]],[[962,608],[1,-1],[1,0]],[[939,578],[1,1],[-1,0],[0,3],[-1,0],[-1,-1],[-1,0],[-1,1],[0,1],[-1,0],[-2,-2],[-2,0],[-2,2],[0,1],[-2,1],[1,1],[1,0],[1,2],[-8,0],[0,1],[-2,0],[-1,-1],[0,-2],[1,0],[0,-2],[-1,-2],[-2,0],[-1,-2],[2,-2],[-1,-1],[0,-2],[0,0],[0,-2],[1,0],[0,-1],[1,-1],[1,0],[0,-2],[3,-1],[1,-1],[1,1],[2,0],[0,1],[2,1],[0,-1],[6,0],[1,1],[0,1],[-2,1],[-2,0],[0,1],[-1,0],[-2,2],[6,0],[0,-1],[1,0],[1,2],[0,1],[1,1],[2,0]],[[620,309],[1,0],[0,-2],[-1,-1],[1,-1],[0,-1],[2,0],[1,-2],[-1,-1],[-3,0],[0,-1],[-1,0],[0,-1],[1,0],[0,-1],[1,0],[-1,-1],[1,-1],[-1,0],[-1,-1],[0,-1],[-2,0],[-2,-1],[1,-1],[3,0],[0,-1],[-1,0],[0,-2],[1,0],[-1,-1],[-1,0],[0,-1],[3,0],[0,-1],[2,-2],[1,0],[0,-1],[1,0],[-2,-3],[-1,-1],[-1,-2],[0,-1]],[[620,276],[0,-1],[-3,0],[-5,1],[-1,1],[-1,-1],[-1,0],[0,1],[-1,0],[0,-2],[1,0],[-1,-1],[-1,0],[0,-1],[-2,-1],[0,-2],[-2,0],[-1,-1],[1,0],[-1,-1],[-2,0],[0,-1],[1,-1],[-1,-2]],[[601,264],[-1,0]],[[600,264],[-1,0],[0,-1],[-2,0],[-2,-2],[-1,0],[-2,1],[-1,1],[0,-1],[-2,0],[0,1],[-3,1]],[[579,283],[-1,0]],[[578,283],[-1,2],[1,0],[1,1],[0,2],[1,2],[0,4],[2,1],[4,0],[1,1],[0,-1],[1,0],[0,1],[1,1],[0,1],[1,0],[-1,1]],[[590,296],[0,1],[-1,-1],[1,0]],[[620,312],[0,-1],[-1,0],[1,-1]],[[521,314],[-3,0],[-1,-1],[-2,0],[0,-2],[1,0],[1,-1],[-1,0],[0,-1],[6,0],[1,1],[2,0],[1,1],[0,-1],[3,0],[2,-1],[0,-1],[1,0],[1,-1],[2,-1],[1,0],[-1,-2],[0,-1],[-1,0],[-1,-1],[0,-1],[-1,0],[0,-1],[2,0],[-1,-1],[-1,0],[0,-1],[1,-2],[1,1],[1,0],[2,-1],[-1,-1],[1,0],[1,-1],[2,-1],[-1,-1],[-1,0],[1,-1]],[[539,291],[-1,-1],[-1,0],[0,-1],[-1,0],[0,-2],[-2,1],[-1,1],[-1,-1],[-1,0],[0,-1],[-2,-1],[-1,1],[-1,-1],[-1,0],[-2,-1],[1,0],[-1,-1],[1,-1],[1,0],[0,-3],[-1,0],[0,-1],[1,0],[0,-1]],[[463,283],[-2,1],[0,2],[2,1],[-2,1],[-2,0],[0,2],[1,0],[0,1],[-1,1]],[[407,94],[1,-2],[1,-3],[1,0],[0,1],[1,0],[1,-1],[0,1],[1,1],[2,-1],[1,0],[0,1],[2,0],[0,-1],[1,0],[1,1],[1,0],[1,-1],[3,0],[0,-2],[4,0],[1,1],[1,0],[0,-1],[2,0],[3,3],[4,1],[2,-2],[0,-1],[1,0],[2,-1],[2,1],[1,1],[1,0],[0,-1],[1,0],[1,1],[0,-3],[4,0],[2,2],[0,1],[1,0],[1,1],[1,0],[2,-1]],[[462,86],[0,-4],[-1,-1],[0,-3],[-1,-1],[-2,0],[1,-2],[1,1],[1,0],[0,-2],[1,0],[0,-1],[2,-2]],[[464,71],[0,-1],[1,-1],[-2,0]],[[462,69],[1,0]],[[463,69],[0,-1],[-3,0],[-3,-2],[1,0],[1,-1],[0,-1],[3,-1],[1,0],[0,-6],[1,-1],[1,0],[0,-2],[-1,0],[0,-2],[-2,-1],[-2,0],[0,-1],[-1,-1],[-1,-2]],[[417,44],[-1,1],[0,2],[2,0],[0,-1],[1,1],[1,0],[1,1],[1,0],[0,3],[-1,0],[0,2],[-3,0],[-1,1],[-1,-1],[-2,0],[-2,1],[0,2],[-2,0],[0,-1],[-2,2],[-2,1],[-1,1],[-2,1],[-1,-1],[-3,1],[-1,-1],[-2,1],[0,-1],[-1,1],[0,1],[1,1],[-2,0],[0,1],[-3,0],[-1,-1],[-1,1],[0,3],[2,1],[0,3],[-2,0],[0,1],[-1,0],[-1,-1],[-1,1]],[[461,74],[-1,0],[0,-1],[1,1]],[[379,124],[-1,0],[-1,-1],[-2,0],[0,-4],[1,-1],[-2,-2],[0,-1],[-1,-1],[-3,0],[0,-1],[2,0],[0,-1],[1,0],[0,-1],[1,0],[2,-1],[0,-1],[1,-1],[2,0],[0,-1]],[[380,107],[-1,0]],[[379,107],[0,-1],[5,0],[2,1],[0,-1],[4,-2],[1,-1],[5,0],[0,-1],[3,0],[0,-1],[1,0],[0,-1],[3,-1],[1,-1],[0,-1],[1,-1],[1,0],[1,-1],[0,-1]],[[407,94],[-2,0],[-1,-1],[-1,0],[0,1],[-1,0],[0,-1],[-1,-1],[1,0],[1,-2],[-1,-1],[-1,1],[0,-1],[-1,0],[-1,1],[0,1],[-2,1],[-1,-1],[0,-1],[-1,0],[0,-1],[-4,0],[-1,-1],[-1,0],[-2,1],[1,-1],[-1,-1],[0,-1]],[[388,86],[-1,0]],[[387,86],[-2,0],[0,-2],[1,0],[-1,-1],[-1,0],[1,-1],[0,-1],[-1,-1],[-1,0],[0,-1],[-1,-1],[1,-2],[2,0],[0,-1],[-1,0],[1,-1],[0,-2],[1,0],[0,-1]],[[386,71],[-3,0],[0,1],[-1,0],[-2,2],[-2,1],[0,1],[-2,1],[-1,-1],[-4,0],[0,1],[-1,1],[-3,0],[0,-1],[1,0],[0,-2],[-4,0],[0,-1],[-1,0],[-1,-1],[0,1],[-1,0],[-1,-1],[-1,1],[-4,0]],[[355,74],[0,1],[-1,0],[0,1],[2,0],[0,1],[1,0],[0,3],[-1,1],[-3,0],[0,1],[-1,0],[0,1],[-3,0],[-1,1],[2,2],[-2,0],[-2,-1],[-4,1]],[[342,86],[1,0],[0,3],[-1,1],[1,1],[0,2],[-1,0],[0,1],[1,0],[-1,2],[0,1],[-2,1],[-2,0],[0,1],[-2,-2],[0,2],[-1,0],[-1,1],[0,1],[6,0],[1,2],[-2,2],[-2,0],[-1,2]],[[336,107],[0,2],[2,0],[3,3],[1,2],[3,1],[3,-1],[1,-1],[3,0],[1,1],[1,-1],[0,-1],[2,0],[2,-1],[1,0],[-1,1],[1,1],[1,0],[0,1],[1,1],[0,3],[-1,1],[1,1],[0,1],[-4,2],[-2,0],[0,1],[-2,0],[0,2],[3,1],[1,0],[2,1],[2,0],[1,1],[0,1]],[[362,130],[3,0],[0,-1],[1,-1],[2,0],[2,1],[1,1],[2,0],[0,-1],[2,-2],[2,0],[0,-1],[2,-1],[0,-1]],[[360,117],[0,0]],[[712,319],[0,-2],[4,-4],[0,-1],[3,-1],[1,0],[1,-1],[4,0],[0,-4],[-1,-1],[1,-1],[0,-2],[0,0],[1,-1],[1,1],[2,-1],[0,-3],[1,0],[1,-1],[-1,-1],[0,-2],[3,-3]],[[680,292],[1,1],[-2,2],[0,-1],[-3,0],[-1,1],[1,1],[-3,0],[-1,-1],[-1,0],[0,1],[-4,0],[-1,1],[0,2],[1,0],[0,1],[-1,0],[-2,1],[1,0],[1,1],[-1,1],[0,1],[-3,1],[-1,-1],[-2,0],[-1,1],[-3,-1],[-1,-1],[-1,1],[-3,0],[-2,1],[-1,1],[-2,0],[-2,-2],[-1,0],[-2,-1],[0,-1],[-9,0],[-2,1],[0,2],[1,1],[0,2],[1,0],[-1,1],[0,3],[1,0],[0,2],[-1,-1],[0,3],[-1,1],[1,0],[-1,1],[-1,2]],[[696,308],[-1,0],[0,-1],[-2,1],[-1,0],[0,2],[-3,0],[-1,1],[0,1],[-1,0],[-1,1],[-1,-1],[-1,0],[0,1],[-2,0],[-1,-1],[-1,0],[0,-1],[-1,0],[-1,1],[-2,0],[0,-1],[1,0],[0,-1],[-1,-1],[-1,0],[0,-1],[2,0],[0,-2],[1,0],[0,-2],[2,0],[1,-1],[-1,-1],[2,-1],[1,0],[0,1],[1,0],[0,2],[1,0],[0,1],[1,2],[1,0],[1,-1],[2,0],[1,1],[2,-2],[0,-1],[1,0],[-1,-1],[1,0],[2,1],[0,1],[1,1],[-1,1],[0,1]],[[832,580],[-3,0],[0,1],[-1,0],[-1,-1],[0,1],[-2,0],[0,1],[-1,0],[-2,2],[0,-1],[-3,0],[-3,2],[-6,0],[0,-1],[-6,0],[-2,2],[-1,2],[0,2],[1,0],[0,1],[-3,0],[-1,1],[-3,0],[-1,-1],[0,-2],[-1,0]],[[793,589],[0,1],[-1,0],[0,1],[-1,1],[-1,0],[0,-1],[-2,0],[-1,-1],[0,1],[-1,0],[0,-1],[-5,0],[-1,1],[0,1],[1,0],[0,1],[1,0],[0,1],[-8,0],[0,2],[-1,1],[-1,0],[0,1],[-4,1],[0,-1],[-7,0],[0,2],[-1,1],[0,2],[-2,-1],[-6,0],[0,2]],[[752,604],[0,1],[4,0],[1,1],[3,0],[0,2],[1,1],[1,0],[0,1],[1,-1],[1,1],[1,0],[1,1],[5,0],[1,-1],[2,0],[-1,2],[-1,0],[0,3],[1,0],[2,4],[1,0],[-2,2],[0,2],[-1,0],[0,1],[-1,1],[1,0],[1,1],[6,3],[3,1],[0,1],[2,0],[0,1],[1,0],[2,4],[1,1],[-1,1],[2,2],[1,0],[1,1],[2,0],[0,1],[-1,2],[-1,0],[0,1],[4,0],[0,1],[-1,0],[-1,1],[1,0],[0,1],[3,1],[2,0],[1,-1],[3,1],[0,3],[2,0],[3,3],[0,1],[1,0],[1,2]],[[811,658],[3,2],[0,-1],[3,-2],[2,0],[0,-2],[4,0]],[[823,655],[-1,-1],[2,-1],[1,0],[0,-1],[1,-1],[1,0],[1,-1],[3,0],[0,-1],[-1,0],[-1,-1],[2,-2],[0,-1],[-1,0],[-1,-1],[2,-1],[1,0],[0,-2],[-2,-1],[-4,0],[1,-1],[0,-1],[1,-1],[3,0],[1,1],[4,0],[0,-1],[1,0],[1,-2],[1,-1],[1,-2],[-1,0],[-3,-1],[1,-1],[-1,-1],[0,-2],[1,-1],[0,-4],[-1,-1],[0,-2],[1,0],[0,-1],[5,0],[0,-1],[1,0],[1,-1],[1,0],[3,-3],[-2,-2],[0,-2],[1,-1],[-5,0],[-1,-1],[-3,0],[-1,-1],[-1,0],[-2,-1],[-1,-1],[-3,-2],[-1,1],[-4,0],[0,1],[-3,0],[0,-2],[1,-1],[-1,-2],[0,-1],[2,-1],[3,1],[6,0],[4,-1],[-1,-1],[0,-1],[2,-1],[1,-1]],[[839,593],[1,0]],[[840,593],[-2,0],[-1,-2],[-1,0],[0,-4],[1,-1],[-2,-2],[2,0],[2,-2],[-7,-2]],[[577,272],[0,-1],[-1,0],[1,-1],[1,0],[2,1],[0,-1]],[[581,270],[-1,0]],[[580,270],[-1,-1],[2,0],[1,-1]],[[583,268],[-1,0]],[[582,268],[0,-1],[2,0],[2,-2],[0,-1]],[[586,264],[-1,-1],[1,0],[0,-2],[-1,0],[-1,1],[-1,0],[-2,-1],[-1,0],[-1,-1],[2,-1],[1,0],[0,-1],[-1,0],[1,-1],[7,0],[1,-1],[-1,0],[0,-1],[1,0],[2,-2],[-1,0],[0,-1],[1,-2],[2,-1],[0,-1],[-3,1],[-3,0],[0,-3],[2,0],[0,-1],[3,0],[0,-3],[1,0],[1,-2],[-1,0],[0,-3],[3,0],[2,-2],[-1,-1],[1,-1],[1,0],[1,-1]],[[545,268],[6,0],[1,1]],[[551,269],[1,0]],[[552,269],[0,1],[1,0],[1,1],[4,0]],[[583,268],[0,0]],[[541,247],[1,0],[0,-1],[3,0],[0,-1],[-1,0],[-1,-1],[0,-1],[1,0],[1,-1],[2,-1],[1,-1],[2,0],[1,-1],[1,0],[1,1],[-1,1],[4,0],[0,1],[2,0],[1,-1],[-1,0],[2,-1],[1,0],[4,-2],[1,1],[0,-1],[1,0],[1,-1],[0,-1],[2,-2],[1,0],[0,-1],[4,-1],[1,1],[1,0],[0,-1],[1,-1],[1,-2],[2,-1]],[[552,204],[-1,0],[0,1],[-2,2],[-3,-1],[-1,0],[0,1],[-2,0],[1,1],[-2,1],[-3,0],[-1,1],[1,0],[1,1],[0,2],[-1,0],[0,2],[-2,0],[-3,-3],[1,0],[0,-1],[-2,0],[0,1],[-3,0],[0,-1],[-1,-1],[0,-1],[-1,0],[-1,1],[-3,0],[0,1],[-1,1],[1,1],[1,0],[0,1],[1,0],[0,1],[-1,0],[1,1],[-1,1],[-1,2],[-1,0],[0,1],[-3,0],[-1,1],[1,1],[0,2]],[[771,120],[-8,0],[-1,-1],[0,-1],[-1,-1],[-1,-2],[-1,0],[-1,-2],[-3,-1],[-1,-1],[-1,-2],[-1,1],[-1,0],[-1,-1],[0,-1]],[[734,139],[1,-1],[0,1],[1,-1],[1,0],[1,-1],[2,-1],[1,1],[2,1],[0,-1],[1,-1],[3,0],[1,-1],[4,0],[1,1],[2,-1],[1,0],[0,-1],[1,0],[1,-1],[0,-1],[2,-1],[2,-2],[1,0],[1,-1],[1,0],[1,-1],[0,-1],[-1,-1],[0,-1],[1,-1],[3,-2],[2,-1]],[[763,89],[4,-1],[1,-1],[0,-1],[2,0],[0,-1],[1,-1],[1,-2],[1,-1],[2,-4],[2,-2],[0,-2],[-3,-3],[-1,-2],[-2,-2],[-1,0],[0,-1],[-1,-1],[1,0],[1,-1],[-1,0],[0,-2],[-2,0],[-1,-1],[-1,-2],[3,-2],[1,1],[1,0],[1,-1],[3,0],[2,1],[1,1],[1,0],[3,-1],[0,-1],[2,-1],[1,-1],[0,-4],[2,-2],[0,-2],[-2,-3],[-1,-1],[0,-1],[0,0],[-1,-1],[-1,0],[-1,-1],[2,-2],[-3,-3],[1,-1],[1,0],[0,-1],[-1,0],[1,-1],[0,-3],[-2,0],[-1,-1],[0,-1],[-2,-1],[-1,1],[0,1],[-2,0],[0,-1],[-1,0],[-6,3],[-3,2],[0,1],[-1,1],[-2,0],[-1,2],[-3,0],[-2,1],[-1,1],[0,1],[-1,0],[0,2],[1,1],[0,1],[1,1],[2,1],[-2,2],[-1,0],[0,1],[-1,0],[-2,2],[2,2],[0,1],[-1,-1],[-2,0],[-1,1],[-3,0],[-2,1]],[[702,241],[0,-1],[1,0],[0,-1],[-2,0],[1,-1]],[[701,238],[1,0]],[[702,238],[1,-2],[1,0],[0,1],[1,-1],[0,-2],[-1,1],[-1,-1],[1,-1],[4,0],[2,1],[-1,1],[3,0],[2,-1],[0,-3],[1,-1],[0,-1],[-3,0],[1,-1],[0,-1],[1,1],[2,-1],[1,0],[1,-1],[2,0]],[[720,226],[0,-1],[1,0],[0,-6],[-3,0],[-1,1],[-1,0],[0,-2],[1,0],[0,-1],[-1,-1]],[[716,217],[0,-1]],[[716,216],[0,-3],[1,-1],[1,0],[-2,-1],[-1,-2],[-1,0],[0,-2],[1,0],[0,-1],[-2,0],[-1,-1],[0,-1],[-2,0],[0,-1],[-2,-1],[-1,0],[-2,2],[0,-1],[-1,0],[0,1],[-2,0],[-1,-1],[0,-1],[-1,0],[0,-1],[-1,1],[-2,0],[0,1],[-1,1],[-1,-1],[1,0],[0,-2],[-1,0],[0,-1],[-1,1],[-1,0],[0,-3],[-2,-1],[-2,0],[0,-1],[-2,0],[-1,-1],[-2,-1],[-2,0],[0,-1],[1,-1]],[[683,192],[-4,0],[-1,1]],[[678,193],[1,1],[0,2],[1,1],[0,1],[-1,1],[0,4],[1,1],[1,0],[0,1],[1,-1],[0,3],[-1,0],[0,2],[-1,0],[-1,1],[-2,0],[0,1],[1,1],[-1,0],[-1,1],[1,1],[-1,0],[-1,1],[-2,0],[-1,1],[-1,0],[0,1],[-1,0],[0,-1],[-3,0]],[[667,215],[0,1]],[[667,216],[0,1],[-3,0],[0,-1],[-2,0],[0,-1],[-2,0],[-1,1],[1,0],[0,1],[-1,1],[-1,0],[-1,1],[1,0],[1,1],[-1,1],[-2,0],[1,1],[-1,0],[0,1],[-2,0],[-1,1],[1,0],[0,1],[-5,0],[-4,-2],[0,-1],[-1,-1],[0,-1],[-2,0],[-2,1],[0,1],[-2,-1],[0,2],[-1,0],[0,1],[-2,0],[-1,1],[-1,-1],[-2,0]],[[631,224],[0,2],[2,2],[-1,0],[1,1],[1,0],[-1,1],[0,1],[-1,0],[1,1],[1,0],[1,1],[0,1],[2,0],[3,1],[0,1],[1,-1],[0,1],[-1,1],[1,1],[1,0],[0,1],[1,0]],[[644,239],[-1,0]],[[643,239],[2,2],[0,1],[1,0],[-1,1],[1,0],[1,1],[2,-2],[2,-1],[1,1],[1,0],[0,2],[5,0],[1,1],[0,1],[2,0],[0,1]],[[672,222],[3,0],[0,-2],[1,-2],[4,0],[1,1],[0,-1],[2,0],[1,1],[2,0],[1,-1],[1,3],[0,2],[1,0],[-2,1],[-2,0],[0,1],[1,1],[0,2],[-3,0],[0,3],[-1,1],[0,-1],[-1,0],[-1,-1],[-2,0],[0,-1],[1,-1],[-2,-2],[-2,0],[-1,1],[0,1],[-1,0],[0,-1],[-1,0],[0,-1],[1,-1],[-2,-1],[0,-1],[1,-1]],[[931,777],[-1,-1],[0,-1],[1,-1],[0,-3],[1,0],[1,-1],[1,0],[1,-1],[-2,-2],[0,-1],[-1,0],[-2,-2],[0,-2],[-1,0],[-2,-1],[-1,-3],[0,-3],[1,0],[1,-2],[-1,0],[0,-3],[-1,-1],[0,-3],[-1,-2],[-2,-3],[-1,0],[-2,-1],[-2,-2],[-1,0],[-5,-4],[-3,0],[-1,-1],[-3,-1],[-4,-2]],[[901,730],[-3,1],[-1,-1],[-3,0],[0,-1],[-6,0],[0,-2],[-1,0],[0,-1],[-2,0],[0,1],[-1,0],[0,4],[-1,0],[-2,-2],[-1,0],[0,1],[-1,2],[-2,1],[-1,0],[0,-1],[-6,0],[-1,1],[-1,0],[-1,1],[-1,0],[1,1],[0,3],[1,-1],[1,0],[1,2],[0,1],[2,0],[1,2],[-4,1],[-3,-1],[-1,-1],[-5,0],[-2,-1],[-1,1],[-1,-1],[-5,0],[0,-1],[-2,-2],[3,0],[-2,-2],[-8,0],[-1,-1],[-1,0],[-1,1],[0,-1],[-6,0]],[[833,734],[-2,0],[0,1],[-2,1],[-2,0],[-1,2],[-1,1],[0,-1],[-4,0],[0,3],[1,1],[-4,2],[-1,0],[0,1],[-1,2],[-1,0],[-2,1],[-1,0],[0,1],[-1,1],[-2,1],[-1,2],[1,0],[0,2]],[[810,755],[-1,0]],[[809,755],[0,1],[1,1],[0,1],[-1,0],[-1,1],[0,1],[-1,0],[-1,1],[-1,0],[-1,1],[0,1],[-1,2]],[[803,765],[0,1],[1,0],[0,3],[3,0],[0,1],[1,0],[1,1],[2,0],[2,-1],[2,0],[1,1],[2,-3],[1,-1],[2,0],[0,2],[1,0],[3,3],[-1,0],[1,1],[2,0],[0,-1],[3,1],[1,1],[0,1],[1,1],[2,0],[-1,2],[1,2],[-1,0],[1,2],[2,0],[0,1],[1,0],[0,2],[-1,1],[1,0],[1,1],[3,0],[1,1],[3,0],[1,1],[0,1],[-1,0],[1,1],[0,1],[2,0],[0,1],[1,1],[5,3]],[[854,797],[4,0],[1,-1],[5,0],[1,1],[1,2],[-2,0],[-1,1],[0,1],[-1,0],[0,2],[-1,0],[2,4],[1,0],[0,-2],[2,-3],[2,-1],[2,0],[1,-1],[1,0]],[[873,800],[-1,0]],[[872,800],[0,-2],[1,-1],[0,-1],[-1,0],[2,-1],[3,-1],[0,-2],[-1,0],[0,-1],[-1,0],[2,-2],[1,1],[5,0],[2,1],[1,0],[1,-1],[4,0],[0,-2],[4,0],[1,1],[1,0],[1,2],[1,1],[2,0],[3,-2],[1,-1],[3,0],[2,2],[2,-2],[0,-4],[-1,-2],[0,-1],[-6,-6],[-4,-2],[-1,-1],[-3,-2],[-1,-2],[3,-1],[3,1],[5,0],[1,-1],[7,0],[-1,2],[1,1],[2,0],[3,3],[0,1],[3,0],[2,1],[2,0],[0,1],[4,0]],[[339,751],[-3,-1],[1,-2],[1,0],[2,-1],[-2,0],[-1,-1],[1,-3],[-1,0],[1,-1],[1,0],[0,-1],[-1,-1],[-1,0],[-2,-1],[0,-1],[-1,0],[0,-1],[-2,0]],[[332,737],[-3,0],[-2,2]],[[327,739],[0,1],[-1,0],[1,-1]],[[327,739],[0,-1],[-2,-1],[0,1],[-4,0],[0,1],[-2,0],[-2,1],[0,1],[-1,1],[-1,0],[0,-1],[-1,-1],[-2,0],[-2,1]],[[310,741],[-1,1],[1,2],[-2,2],[-3,0],[0,2],[-1,1]],[[304,749],[0,1],[-3,3],[-1,2],[0,1],[-2,1],[-3,1],[-2,0],[-6,3],[-2,2],[0,1]],[[285,764],[4,0],[1,-1],[3,-1],[2,0],[0,1],[2,-1],[0,-1],[-1,0],[0,-1],[1,-1],[2,1],[2,0],[2,-1],[1,0],[0,-1],[3,0],[1,1],[1,-1],[2,0],[2,-2],[9,0],[2,-1],[0,-1],[3,-2],[1,0],[3,1],[1,-1],[0,1],[1,1],[3,0],[3,-3]],[[294,806],[-5,5]],[[289,813],[2,0],[2,-1],[3,0],[1,-1],[1,1],[2,1],[2,-1]],[[302,812],[1,1]],[[304,813],[-1,0]],[[303,813],[0,-1],[-1,0]],[[302,812],[0,-1],[-2,-2],[-1,0],[2,-3],[2,0],[-1,-1],[0,-2],[1,-1],[0,-1],[-3,-3],[-2,-1],[-2,1],[-1,0],[-4,-1],[-2,-1],[-3,0]],[[286,796],[1,2],[2,2],[1,0],[1,1],[1,0]],[[292,801],[1,0],[2,3],[-1,2]],[[294,806],[1,3],[-1,1],[-2,0],[-1,2],[-2,-1]],[[289,811],[-1,1],[1,1]],[[367,342],[0,1],[-3,1],[-1,0],[0,1],[-1,0],[-1,1],[1,0],[0,2],[-6,3],[-1,0],[0,1],[-1,0],[-1,-1],[-1,1],[0,1],[-2,-2],[1,-1],[0,-1],[1,0],[1,-1],[0,-1],[-2,0],[-1,-1],[1,0],[0,-1],[-1,0],[1,-1],[0,-1],[2,-2]],[[628,41],[0,-1],[-3,0],[0,-1],[-2,-2],[0,-4],[-2,-2],[-6,0],[-1,-1],[-2,1],[-4,-1],[-1,2],[-3,-3]],[[613,125],[-1,0],[0,-3],[-3,-1],[0,-1],[-6,0]],[[733,291],[-1,0],[1,-1],[3,-1],[0,1],[1,0],[1,-1],[0,-5],[-1,-1]],[[737,283],[-1,1],[1,0],[0,1],[-2,0],[0,-1],[-1,-1],[-2,0],[0,-1],[-2,-1],[-3,0],[0,-1],[-2,-1],[1,0],[1,-1],[0,-1],[1,-1],[0,-1],[-3,0],[-1,-1],[-2,0],[-1,-2],[0,-1],[1,0],[0,-2],[-1,0],[-1,-1],[0,-3],[1,-1],[0,-1]],[[720,263],[1,0]],[[721,263],[2,-1],[-1,-1],[-2,-1],[1,-1],[-1,-2],[-2,0],[0,-2],[-1,1],[0,1],[-3,0],[0,-1],[-3,-1],[-1,1],[-1,-1],[0,-1],[-1,-1],[2,0],[0,-2],[-3,0],[0,-1],[-1,0],[0,-2],[-1,0],[0,-1],[-1,-1],[-1,0],[1,-1],[-1,-1],[0,-1],[-1,-1],[0,-1]],[[702,241],[-3,2],[-1,0],[1,-1],[-1,-1],[0,1],[-3,0],[-1,-1],[-1,2],[0,2],[-3,0],[-2,2],[0,1],[-1,2],[-1,-1],[-1,0],[-1,-1],[0,-2],[1,-1],[-1,0],[0,-1],[-3,0],[0,-2],[-2,0],[0,-1],[-1,-1],[-2,1],[-1,1],[0,1],[-1,1],[-1,0],[-1,-1],[-1,0],[-2,-1],[-1,1],[1,1],[-1,1],[0,1],[-1,0],[-1,-1],[-1,1],[-2,0],[-1,1],[-1,0]],[[661,247],[1,1],[-1,1],[0,1]],[[661,250],[1,0],[0,2],[2,1],[1,1],[-1,2],[-2,0],[0,2],[3,0],[0,2],[-1,1],[1,0],[0,1],[1,1],[1,0],[1,1],[0,1],[1,1],[-1,0],[-1,1],[5,0],[1,-1],[0,1],[1,0],[0,2],[-1,0],[2,2],[-2,0],[1,1],[-1,0],[-3,1],[-1,0],[-1,-1],[0,2],[-2,1],[-1,1],[1,0],[1,1],[-1,0],[0,1],[1,0],[2,-1],[1,1],[1,-1],[1,2],[0,5],[-1,1],[4,0],[0,-1],[2,0],[0,1],[1,0],[0,1],[-1,2],[-1,0],[0,2],[1,0],[0,1],[1,1],[2,0]],[[680,292],[2,1],[0,1],[2,1],[4,0],[0,2],[1,1],[1,-1],[3,0],[1,-1],[0,-3],[2,0],[0,-2],[2,1],[0,-1],[3,0],[-1,-1],[0,-1],[1,-1],[3,0],[1,-1],[1,0],[0,1],[2,0],[1,1],[2,0],[1,1],[3,0],[0,-1]],[[714,289],[1,0]],[[715,289],[1,0],[1,1],[0,1],[2,0],[0,1],[1,1],[1,-1],[2,0],[1,-1],[3,0],[0,1],[1,0],[0,1],[1,-1],[1,1],[1,-1],[2,-1]],[[712,319],[-3,0],[0,1],[-1,1],[-2,-1],[-1,0],[-1,-1],[-1,0],[0,1],[-2,0],[-1,1],[-1,0],[-1,-1],[-2,0],[-1,1],[0,-1],[-2,2],[0,3],[-3,0],[1,1],[-1,0],[-1,1]],[[688,327],[1,0]],[[689,327],[0,2],[-3,3],[0,-2],[-2,0],[-1,-2],[-1,-1],[-2,0],[-1,1],[0,-1],[-1,-1],[0,-1],[1,0],[-2,-2],[-2,0],[-1,1],[-1,-1],[-5,0],[1,1],[2,0],[-3,3],[-2,0],[-1,-1],[-3,-1],[-1,1],[-1,-1],[-4,0],[-3,3],[0,1],[-1,1],[0,1]],[[696,358],[2,0],[0,-1],[1,0],[1,1],[2,-1],[0,-1],[1,-2],[1,1],[1,0],[2,-2],[2,0],[0,-1],[2,0],[0,-1],[1,0],[2,-1],[1,0],[0,-1],[-1,0],[1,-1],[2,1],[2,0],[1,-1],[1,0],[1,-1],[0,-1],[-1,-1],[-1,0],[-1,-1],[0,-1],[1,-1],[1,0],[2,-1],[3,0],[1,-1],[1,-2],[-1,-2],[-2,-1],[-1,-2],[-1,-1],[-1,0],[0,-3],[-1,1],[-1,-1],[-1,-2],[0,-4],[-7,-3],[0,-1]],[[484,791],[-6,-2],[0,-1],[-2,-2],[-7,0],[-2,1],[-3,3],[-2,0],[-3,3],[-3,2],[-1,-1],[0,-1],[-1,-1],[-2,0],[0,-1],[1,0],[-1,-1],[-2,0],[-2,-2],[-1,1],[-2,1],[-1,0],[0,-1],[-2,0],[-1,-1],[-1,0],[1,2],[0,3],[-2,1],[-4,-3],[0,-1],[-3,3],[-2,1],[-1,0],[0,1],[-1,1],[0,2],[-1,0],[-2,2]],[[425,800],[0,2],[1,0],[-1,2],[0,1]],[[425,805],[4,-2],[1,0],[1,1],[-1,1],[1,1],[-6,1],[-4,1]],[[427,806],[-1,-1],[0,1],[1,0]],[[423,806],[0,0]],[[288,853],[-1,-1],[-2,0],[0,2],[1,1],[3,-2],[-1,0]],[[279,856],[-2,0],[3,3],[2,-1],[-3,-2]],[[310,358],[2,3],[2,2],[-1,0],[-1,1],[-1,0],[3,1],[1,0],[1,-1],[1,0],[0,2],[-1,1],[1,1]],[[264,350],[-2,2],[-3,2],[-6,1]],[[253,355],[-2,0]],[[490,380],[-1,0],[0,1],[-1,1],[0,2],[-1,1],[-1,0],[1,1],[0,1],[-1,0],[0,2],[-5,0],[0,-1],[1,0],[-1,-1],[-1,0],[-3,-3],[-3,0],[-1,1],[-3,-1],[-2,0],[-1,1],[-6,0],[0,1],[1,0],[0,1],[1,-1],[1,1],[-1,2],[-2,0]],[[461,388],[0,1]],[[461,389],[-3,0]],[[458,390],[0,-1]],[[458,389],[-1,-1],[-3,2],[-1,0],[-1,1],[0,2],[-1,-1],[-1,1],[0,-1],[-2,-2],[-1,1],[0,1],[-1,0],[0,1],[-3,0],[0,1],[-1,1],[1,1],[2,1],[-3,0],[2,1],[1,0],[0,1],[-2,1],[0,-1],[-1,-1],[0,2],[1,1],[0,1],[1,1],[-1,1]],[[444,401],[-1,0],[1,-1],[0,1]],[[499,375],[0,1],[4,1],[1,0],[0,1],[2,2],[1,0],[3,-1],[0,-1],[1,-1],[3,0],[0,1],[1,0],[0,1],[1,0]],[[501,378],[1,0],[0,-1],[-1,1]],[[624,216],[3,-1],[1,0],[0,-2],[2,0],[0,1],[2,-2],[1,1],[1,0],[0,-1],[2,-1],[1,1],[0,1],[1,0],[0,-2],[-1,-2],[1,-1],[1,0],[0,-1],[1,-1],[-1,-1],[-2,0],[0,-4],[-2,0],[1,-2],[0,-1],[2,0]],[[639,198],[-1,0]],[[638,198],[1,-1],[0,-2],[-2,-1]],[[612,189],[1,1],[0,1],[1,0],[-1,1],[0,2],[-3,1],[-2,1],[-1,1],[-1,0],[0,1],[-4,1],[-1,-1],[0,-4],[-10,0],[-2,1],[-2,0],[0,-1]],[[560,199],[-1,2],[0,1],[-3,0],[0,2],[-1,0]],[[555,204],[-3,0]],[[552,204],[1,1],[1,-1]],[[554,204],[1,0]],[[555,204],[0,1],[1,1],[4,1],[2,0],[0,1],[1,1],[-1,1],[1,0],[1,-1],[2,2],[1,0],[-2,2],[2,2],[0,1],[1,1],[1,0],[2,1],[1,0],[1,-1],[1,1]],[[574,217],[0,1]],[[574,218],[1,2],[0,1],[1,0],[1,1]],[[576,222],[1,0]],[[577,222],[0,2],[3,0],[-1,1],[0,2],[2,1]],[[581,228],[5,0]],[[587,229],[-1,-1]],[[586,228],[1,-2],[1,-1],[0,-2],[2,-1],[1,1],[0,1],[1,-2],[3,0],[1,1],[0,1],[4,0],[1,1],[0,1],[3,0],[-1,1],[0,2],[2,0],[-1,1],[-1,0],[-2,2]],[[601,232],[1,0]],[[602,233],[0,-1]],[[602,232],[3,-1],[4,-1],[3,0],[2,2],[0,-1],[3,0],[1,-1],[0,-1],[-1,0],[0,-2],[-2,0],[0,-1],[2,0],[1,-1],[0,-2]],[[617,223],[1,0]],[[618,223],[1,-1],[0,-1],[1,0],[2,-1],[0,-1],[2,-3]],[[670,149],[0,-2],[2,0],[1,1],[2,0],[1,1],[1,-1],[5,0],[0,-1],[1,1],[3,0],[0,-3]],[[687,145],[-1,0]],[[686,145],[2,-1],[0,-1],[1,0],[0,-1],[-1,-1],[1,-1],[2,0],[1,-1],[1,0],[0,-3],[2,-1]],[[673,112],[-1,0],[-2,1],[-1,0],[0,2],[-1,1],[-1,0],[0,-1],[-2,0]],[[665,116],[0,-1]],[[665,115],[-1,0],[-1,1],[0,-1],[-2,0],[-1,1],[0,2],[-1,0],[0,-1],[-1,0],[0,2],[-2,0],[0,-1],[-1,0],[0,2],[-8,0],[-1,1],[0,1],[-3,0],[-1,1],[0,-1],[-1,0]],[[658,169],[3,-2],[1,0],[1,1],[1,0],[0,-2],[-1,0],[2,-2],[-1,0],[0,-2],[1,-2],[0,-1],[-1,0],[-1,-1],[2,-1],[4,0],[0,-1],[-1,-2],[0,-1],[-1,0],[0,-2],[2,0],[0,-1],[1,-1]],[[670,149],[-2,0],[-1,1],[-2,1],[0,1],[-1,0],[-2,-1],[-1,-1],[0,-1],[-3,-1],[-1,0],[-3,-1],[-3,0],[-1,-1],[1,0],[0,-1],[-1,-1],[-3,0],[0,-1],[-2,-2],[0,-1],[-1,0],[-2,-5],[1,-1],[-1,-2],[-1,-1],[0,1],[-2,-1],[0,-2]],[[622,132],[0,1],[-1,0],[0,1],[1,2],[-1,1],[-1,0],[-1,1],[-3,1],[-2,0],[0,1],[2,0],[-2,2],[0,1],[1,0],[0,1],[2,0],[-1,1],[-1,0],[-1,2],[0,2],[-1,1]],[[636,173],[5,-2],[3,0],[0,1],[2,0],[1,-1],[1,0],[0,-1],[3,0],[0,-1],[2,0],[0,-1],[2,0],[0,1],[1,0]],[[656,168],[0,1]],[[656,169],[2,0]],[[551,321],[-1,0],[0,1]],[[550,322],[1,1],[-1,0],[0,-1]],[[550,322],[-2,0],[0,-1],[-3,0],[1,-1],[-1,-1],[-3,0],[-2,-1],[0,-1],[-2,0],[-1,1],[-1,2],[-4,1],[-1,0],[-2,2],[-1,0],[0,-1],[-1,0],[-1,-1],[-2,-1],[-1,-1],[2,-1],[2,0],[0,-2],[-2,0],[-2,-1],[-1,0],[-1,-1]],[[521,314],[-1,3],[-3,0],[-7,2]],[[505,334],[4,0],[1,1],[1,0],[0,-2],[1,0],[1,1],[0,-2],[1,0],[0,1],[1,1],[1,0],[-1,-1],[0,-1],[1,0],[2,1],[1,1],[2,1],[0,1],[3,0],[0,-1],[1,1]],[[526,336],[-1,0]],[[525,336],[0,1],[1,1],[0,2],[1,0]],[[527,341],[0,-1]],[[527,340],[1,0],[0,2],[2,0],[1,2],[-1,0],[-1,1]],[[529,344],[0,1]],[[529,345],[3,0],[1,1],[0,1],[-1,0],[-1,2],[1,0],[1,1],[0,2],[-1,0],[0,1],[2,0],[0,2],[1,0],[0,1],[1,0],[2,-1],[2,0],[0,1],[1,0],[0,3],[1,1],[2,0],[0,2]],[[551,340],[0,1],[-1,0],[-3,-1],[-1,-1],[-4,0],[0,-1],[-2,-1],[1,-1],[0,-1],[1,0],[0,-1],[1,0],[1,-1],[2,-1],[3,-1],[1,0],[0,-1],[1,0],[0,1],[2,1],[2,-1],[-2,2],[1,1],[0,2],[-1,1],[0,2],[-2,1]],[[546,317],[0,0]],[[334,282],[2,-2],[-3,0],[0,-1],[-1,-1],[-1,1],[-1,0],[0,-3],[-2,-1],[-1,0],[-1,-2],[-2,0],[-1,1],[-1,0],[0,-1],[-1,0],[-1,1],[0,2],[2,0],[1,1],[0,4],[-1,0],[0,1],[3,2],[1,-1],[0,-1],[2,0],[2,2]],[[330,286],[-1,0],[0,1],[-2,0],[-1,-1],[-2,0],[0,-1],[-1,0],[-2,2],[1,1],[-1,1],[-1,0],[-1,-1],[-3,0],[-3,1],[-1,0],[-1,1],[-2,1],[0,1],[-1,0],[0,2],[-1,1],[0,3],[1,0],[0,1],[-1,1]],[[307,300],[0,-1],[-1,1],[0,1],[1,-1]],[[307,300],[1,1],[0,1],[-2,0],[-9,-2],[-1,-1],[1,-1],[1,0],[1,-4],[1,-2],[-3,-3],[-1,0]],[[296,289],[-3,0],[-3,1],[-1,2],[-6,6],[-2,0],[-1,-1],[-2,0]],[[278,297],[-1,1]],[[277,298],[0,1],[-3,3],[-2,5],[-1,2],[0,2],[1,0],[2,2],[5,1],[2,2]],[[311,289],[1,0],[-1,-1],[0,1]],[[305,301],[1,1],[1,-1],[-2,0]],[[319,317],[-2,-2],[-4,0],[-2,2],[-2,0],[0,2],[-3,-2],[1,-1],[-1,-1],[-5,0],[-1,1],[-3,0],[-1,-1],[-3,0]],[[306,344],[-2,-1],[-3,0],[0,-1],[-1,-1],[0,-2],[1,0],[0,-2],[-1,0],[-3,-3],[0,-2],[-2,0],[-1,-1],[0,-2],[5,0],[1,-3],[0,-1],[2,0],[1,-1],[1,0],[1,1],[1,0],[0,4],[2,2],[1,0],[1,1],[1,0],[0,1],[1,0],[0,1],[-1,0],[0,1],[2,1],[0,1],[1,1],[0,1],[-1,1],[0,1],[-1,0],[0,3],[-1,0]],[[343,349],[0,-2],[1,-3],[-1,0],[0,-1],[1,0],[1,-2],[-1,-2],[1,-2],[0,-3],[2,-1]],[[300,346],[-2,0],[-1,-1],[1,0],[0,-1],[-2,0],[0,-1],[-2,0],[0,-3],[-2,0],[0,-2],[1,0],[0,-1],[1,-2],[-2,0],[-3,-1],[0,-1],[1,-3],[2,-2],[0,-3],[-1,-1],[0,-2],[1,0],[0,-2],[1,1],[0,-6]],[[293,315],[-1,0],[0,-1],[-1,0],[-1,1],[-4,0],[-2,1],[-1,0],[-1,-1],[-1,1]],[[281,316],[3,3],[0,2],[-2,-1],[-3,0],[-2,2],[-1,3]],[[276,325],[-3,3],[0,1],[1,1],[0,1],[-1,1],[0,1],[-2,0],[-1,1],[0,4],[1,0],[0,2],[-1,1],[0,2]],[[270,343],[-1,1],[-1,2],[-4,4]],[[264,350],[4,0]],[[289,358],[1,1],[-1,0],[0,2],[2,-1],[0,-1],[1,0],[0,-1],[1,-1],[-3,-2],[-1,0],[-1,-1],[1,-1],[3,0],[1,1],[1,0],[0,-1],[1,0],[0,-1],[2,0]],[[499,327],[1,-1],[3,0],[0,-1],[-1,-1],[-1,0],[0,-1],[2,0],[3,1],[0,1],[1,-1],[1,0],[0,-1],[-1,0],[1,-1],[1,0],[0,-1],[1,0],[0,-2]],[[510,319],[-6,0],[0,-2],[-4,0],[-1,1],[-2,0],[-1,-2],[0,1],[-5,-2],[0,-1],[-2,-2],[-2,0],[2,-1],[3,0],[0,-1],[-2,0],[0,-1],[-1,0],[1,-1],[0,-2],[1,-1],[1,-2],[-2,0],[-1,-1],[-8,0],[0,-1],[-1,1],[-4,0],[-2,1],[-2,-1],[0,-3],[-2,0],[-1,-1],[-2,0],[-1,2],[-2,0],[0,1],[-1,1],[-1,0]],[[367,342],[1,0],[0,-1],[2,0],[1,-2],[1,0],[0,-2],[-4,-4],[0,-1],[1,-1],[1,2],[3,0],[0,-1],[1,0],[1,-1],[1,-2],[5,0],[0,2],[2,1],[1,1],[0,1],[1,0],[1,1],[1,0]],[[392,322],[0,-1],[-2,0],[-2,2],[-1,0],[-1,-1],[-1,0],[-1,-1],[-1,0],[-1,1],[-1,0],[0,-1],[-2,0],[-1,-1],[-3,0],[1,-1],[0,-2],[-3,0],[3,-1],[3,0],[2,-1],[-1,0],[-1,-1],[1,-2],[2,0],[1,1],[0,3],[2,-1],[0,-1],[1,0],[1,-1],[0,-3],[-1,0],[-1,-1],[1,0],[-1,-1],[1,-1]],[[386,307],[1,-1],[-1,-1],[-3,-1],[-2,2],[-1,-1],[-2,0],[-3,1],[-1,0],[0,-1],[-1,-1],[-1,0],[-1,-1],[0,-1],[1,-1],[-1,-1],[-1,0],[0,-1],[-1,-1],[-1,0],[0,-1],[-1,-1],[-15,0]],[[345,331],[1,0],[-1,1],[0,1],[2,0]],[[347,333],[2,2],[2,0],[1,-1],[0,2],[-1,0],[2,2],[-1,1],[0,1],[1,0],[0,1]],[[353,341],[0,1],[1,0],[2,-1],[1,-1],[2,0],[1,1],[1,0],[4,1],[2,0]],[[603,120],[-2,-2],[1,-1],[-2,0],[0,-1],[-1,0],[-1,-2],[1,0],[2,-1],[1,-2],[-1,0],[0,-1],[3,0]],[[572,128],[3,0],[1,1],[0,1],[-1,0],[1,1],[2,1],[2,-1],[1,-2],[1,1],[2,0],[0,-1],[2,-1],[0,-1],[5,0],[1,-1],[0,-1],[2,-2],[1,0],[1,1],[0,-1],[1,0],[1,1],[2,0],[0,-1],[2,0],[1,-1],[0,-2]],[[596,54],[1,-2],[-3,0],[-1,-1],[-1,0],[0,-1],[-2,1],[0,-1],[-2,-2],[1,-2],[0,-1],[1,-1],[0,-1],[-2,0],[0,-3],[2,-1],[1,0],[0,-2],[-1,0],[1,-1],[3,0],[0,-2],[1,0],[1,-1],[1,0],[0,-1],[1,0],[1,-1],[1,0],[1,-1],[3,-1]],[[604,29],[-3,-2],[0,-1],[1,-1],[1,0],[2,-3],[-5,1],[-1,0],[0,-1],[-1,1],[-2,0],[-1,-1],[-2,-1],[-1,0],[-1,-1],[0,-1],[-1,-2],[-1,-1],[-6,0],[2,3],[1,1],[0,1],[-5,0],[-1,-1],[-2,0],[-1,-1],[-2,0],[-2,-1],[-1,-1],[0,-1],[-14,0],[-2,1],[0,2],[1,0],[0,2],[-3,2],[0,1],[-2,1],[-1,1],[1,1],[-3,1],[-1,-1],[-3,0],[0,2],[2,1],[3,1],[0,1],[-2,0],[-1,2]],[[563,118],[-1,-1],[-1,0],[-3,-1],[1,-1],[1,0],[0,-1],[-1,0],[2,-1],[2,0],[1,-1],[0,-1],[1,0],[0,-3],[1,0],[-1,-1],[2,-1],[1,0],[1,-1],[1,0],[4,1]],[[657,348],[0,-2],[-3,0],[0,-1],[-7,0],[1,-2],[0,-1]],[[648,341],[0,1]],[[648,342],[1,0],[1,-3],[0,-1],[-1,0],[1,-1],[1,0],[0,-1],[1,0],[-1,-1],[-1,0],[1,-1],[0,-2],[2,-1],[-1,0]],[[652,331],[-2,0],[0,-1],[-2,0],[-1,1],[-2,-2],[-2,1],[-1,-1],[-1,1],[-2,0],[0,-1]],[[640,329],[-1,0]],[[639,329],[-1,-1],[0,-1],[-3,0],[0,-2],[-2,0],[-1,1],[-1,-1],[-1,0],[-1,1],[-1,-1],[1,-1],[-1,-2],[0,-2]],[[628,320],[-4,-1],[0,-2],[-1,-2],[-1,0],[-2,1],[-1,0],[1,-1],[0,-1]],[[620,314],[0,-2]],[[620,312],[-1,-1],[-1,0],[0,-1],[2,0]],[[620,310],[0,-1]],[[620,309],[0,-5],[-1,0],[-1,1],[-5,0],[-1,-1],[-1,0],[0,1],[-1,0],[0,-1],[-2,-2],[-2,0],[0,-1],[-2,0],[0,1],[-2,0],[0,2],[-3,3]],[[599,307],[1,0],[0,1],[-1,-1]],[[585,334],[-2,0],[-3,1],[0,1],[1,0],[-1,1],[-1,2],[2,0],[1,3],[0,1],[-1,0],[-1,1],[1,1],[1,0],[1,1],[0,1],[2,0],[1,1],[0,1]],[[647,344],[0,0]],[[624,347],[-4,0],[-2,-1],[0,-1],[-5,0],[0,-2],[1,0],[2,-1],[0,-2],[1,0],[2,-1],[1,0],[1,-1],[-2,0],[0,-2],[4,0],[1,1],[0,-1],[1,1],[1,0],[1,1],[0,1],[-1,0],[2,2],[2,1],[2,0],[-3,3],[1,0],[0,2],[-2,0],[-2,-1],[-2,1]],[[613,344],[-1,1],[0,-1],[1,0]],[[612,344],[0,0]],[[611,345],[-1,0],[1,-1],[0,1]],[[310,379],[-1,0],[0,-1],[-4,0],[-1,-1],[-2,-1],[-2,-2],[-2,0],[0,-2],[-2,0],[1,-1]],[[421,396],[0,-1],[1,0],[0,-3],[1,0],[-1,-1],[0,-1],[-2,-2],[-1,0],[-1,-1],[0,-1],[-3,0],[-1,-1],[-2,0],[-1,-2],[0,-1],[1,0],[2,-1],[-1,-1],[-3,0]],[[385,361],[-3,6],[-4,0],[-1,1],[-2,0],[0,-1],[-1,1],[-1,0],[-2,1],[-1,-1],[-1,0],[-2,1],[-3,0],[-3,-1],[1,-1],[-2,-2],[-1,-2],[-2,-1],[0,1],[1,1],[0,1],[-2,0],[-2,1],[-3,0],[0,-1],[-2,0],[0,1],[-1,-1],[-4,0],[-3,-3],[0,-3],[-1,0]],[[321,367],[-4,1]],[[317,368],[1,2],[0,1],[1,1],[-1,1]],[[297,371],[1,-1],[-1,-2],[-4,-1],[-3,-2],[-1,1],[-1,0],[-1,-2],[-3,0]],[[284,364],[1,0]],[[285,364],[-1,-1],[1,-2],[2,0],[0,-1],[2,-2]],[[289,358],[-2,-1],[-1,-1],[-2,0],[-1,-1],[0,-1],[-1,-1],[-3,-2],[-2,-1],[-9,0]],[[268,350],[0,2],[1,1],[0,1],[1,0],[2,1],[0,1],[2,0],[-1,1],[-1,0],[-1,2],[2,0],[1,1],[0,3],[-2,0],[-1,1],[-1,2],[0,1],[-2,0],[0,1],[-1,0],[1,1]],[[271,376],[1,0],[0,-2],[1,1],[1,-1],[2,0],[0,-1],[1,1],[2,0],[3,-3],[0,1],[3,0],[2,-1],[1,0],[0,1],[1,-1],[1,1]],[[291,371],[-1,1]],[[290,372],[2,1],[0,-1],[1,0],[1,-1],[0,-1],[3,1]],[[384,350],[1,0],[0,-1],[-1,1]],[[384,351],[0,1],[3,0],[1,1],[-2,0],[-1,1],[1,0],[0,1],[-1,0],[1,1],[1,0],[-1,1],[-3,0],[0,1],[1,1],[2,0],[-2,2]],[[382,361],[2,0]],[[384,361],[1,0]],[[385,361],[4,0],[1,1],[3,0],[3,1],[1,-1],[1,2],[0,1],[-2,4],[1,0],[2,2],[0,1],[-3,0],[-1,1],[1,2],[1,0],[0,2],[-1,0],[0,1],[-1,1],[1,2],[1,0],[0,-1],[3,0],[0,-1],[1,0],[2,1],[1,0],[0,-1],[5,0],[0,1]],[[409,380],[1,0]],[[410,380],[0,-1],[5,0],[0,-1],[1,0],[1,-1],[0,-3],[1,-1],[1,0],[0,-1],[1,0],[0,-1],[1,-1],[1,0],[1,-1],[0,-2],[2,0],[1,-1],[0,-2],[1,1],[1,0],[0,-1],[1,0],[0,-2],[1,0],[2,-1],[-1,-1],[-1,0],[0,-2],[-1,-1],[0,-1],[3,0],[1,-1],[4,0],[2,2],[2,-1],[0,-1],[1,-1],[1,0],[0,1],[2,0],[1,2]],[[412,323],[-3,-1],[-7,0],[0,-3],[1,-1],[-1,0],[-1,1],[0,1],[-4,0],[0,2],[-1,1],[-3,0],[-1,-1]],[[392,322],[0,3],[-1,1],[-1,0],[0,2],[1,0],[-2,2],[0,1],[3,-1],[1,-1],[0,1],[-3,1],[-1,2],[0,1],[-2,1]],[[387,335],[1,0],[0,4],[3,2],[0,-1],[1,0],[0,2],[1,1]],[[393,343],[1,0],[0,1],[-1,-1]],[[393,343],[-1,1],[-2,0],[-1,1],[0,2],[-1,2],[-2,0],[0,2],[-2,0]],[[384,351],[0,-1]],[[500,375],[-1,0]],[[499,375],[-1,-1],[0,-1],[-2,-3],[-2,-1],[-1,-1],[1,0],[0,-3],[-1,-1],[-1,0],[-1,-1],[0,-1],[2,0],[1,-1],[3,0],[0,-1],[-1,-1],[0,1],[-1,-1],[-1,0],[0,-2],[-1,-1],[-2,0],[0,-1]],[[491,354],[-1,0],[0,-1],[-2,2],[-1,0],[0,-1],[-2,0],[1,-1],[1,0],[4,-1],[2,0],[0,-1],[-1,-1],[1,-1],[2,0],[1,-1],[1,0],[1,-1],[0,-1],[1,-1],[-1,-1],[2,1],[0,-1],[1,0],[0,-1],[1,0],[2,-1],[2,0],[0,-1],[-1,0],[2,-4],[-4,0],[-2,1],[0,-1],[-1,0],[1,-1],[2,-1],[2,0],[0,-1]],[[505,334],[-3,0],[-2,1],[0,-1],[-1,0],[0,-3],[-1,-1],[1,0],[1,-1],[-1,-2]],[[499,327],[-1,0],[-2,1],[-4,1],[2,2],[-1,0],[-1,1],[0,1],[-1,1],[0,-1],[-1,-1],[-2,1],[-1,0],[-1,-1],[-3,0],[0,2],[-1,0],[0,2],[-4,0],[-1,-1],[-1,1],[0,1],[-1,1],[1,1],[-3,0],[0,-2],[-1,-1],[-1,0]],[[453,344],[1,1],[0,1],[1,1],[0,1],[-1,1],[-1,0],[-3,-1],[0,1],[1,1],[2,0],[2,1],[0,1],[-1,0],[0,3],[-3,0],[0,-1],[-2,1],[-1,1],[0,2],[-2,-1]],[[446,357],[0,1],[-1,1],[1,0],[0,1],[1,0],[0,1],[1,0],[0,1],[1,0],[2,2],[4,0],[1,-1],[2,0],[0,1],[4,0],[0,1],[1,-1],[1,0],[2,2],[0,1],[1,2],[2,0],[1,1],[1,-1],[4,0],[0,1],[3,0]],[[478,370],[0,0]],[[478,370],[1,0],[0,-1]],[[479,369],[0,0]],[[479,369],[1,1],[3,1],[0,-1],[2,-1],[1,0],[-1,1],[0,2],[2,0],[0,3],[-1,0],[0,2],[2,0],[2,3]],[[490,380],[1,0],[2,-1],[4,0],[1,-2],[0,-1],[1,-1]],[[504,338],[0,0]],[[503,338],[0,0]],[[478,360],[1,1],[-2,0],[0,-1],[-1,0],[0,2],[-2,0],[0,-1],[1,0],[0,-2],[-4,0],[0,-2],[-1,0],[0,-1],[-2,-2],[1,-1],[3,-1],[1,0],[0,-1],[2,1],[2,0],[0,1],[-1,0],[0,2],[2,2],[2,0],[0,1],[-1,0],[0,1],[-1,1]],[[491,355],[0,-1]],[[491,329],[0,0]],[[674,45],[0,-1],[-2,1],[-2,-1],[-1,1],[-3,0],[-1,-1],[-6,0],[-2,-1],[-5,0],[0,-2],[-1,-1],[-8,1],[-8,0],[-2,-1],[-3,1],[-2,0]],[[628,41],[-4,0],[2,3],[1,0],[6,2],[0,2],[-1,0],[0,1],[-3,3],[1,1],[0,1],[2,0],[0,1],[-1,1],[0,2],[-1,1],[-1,-1],[-2,0],[0,1],[2,1],[1,0],[1,1],[-1,0],[1,1],[-1,2],[-1,1],[-1,0],[0,2],[2,0],[1,1],[-1,2],[0,1],[-2,0],[-1,1],[-2,0],[3,3],[0,1],[2,0],[0,1],[1,2],[-1,0]],[[630,78],[0,1]],[[630,79],[0,2],[-1,1],[-1,0],[-1,1]],[[734,139],[-1,0],[0,-2],[-3,0],[0,-3],[-1,-1],[0,-1],[2,0],[1,-1],[0,-1],[1,0],[0,-2],[-2,0],[-2,-1],[0,-2],[1,0],[2,-1],[1,-1],[-2,0],[0,-2],[1,-1],[-1,0],[0,-3],[1,0],[-1,-1],[0,-1],[-1,0],[0,-1]],[[677,109],[0,1],[-1,0],[-1,-1],[0,1],[-2,0],[0,2]],[[673,112],[-1,2],[1,0],[1,1],[5,0],[0,1],[1,1],[2,0],[1,1],[1,0],[1,1],[1,0],[1,1],[1,0],[0,1],[2,0],[0,-1],[2,-1],[1,1],[0,1],[-1,1],[0,1],[-1,0],[1,2],[1,0],[0,2],[-1,0],[1,2],[1,0],[0,1],[1,0],[0,1],[1,0],[-1,1],[1,1],[-1,2]],[[695,135],[1,1],[2,0],[0,-1],[1,0],[0,1],[2,0],[0,-2],[2,1],[0,1]],[[703,136],[1,-1],[0,1],[-1,0]],[[703,136],[0,1],[2,0],[1,-1],[1,0],[0,2],[2,0],[1,2],[3,0],[0,1],[1,0],[1,1],[-1,1],[1,0],[0,1],[1,1],[-1,1],[0,1],[1,0],[1,-1],[1,1],[1,0],[0,1],[1,0],[1,1]],[[721,149],[3,-1],[1,-1],[2,1],[0,-1],[-1,0],[0,-1],[1,-1],[1,0],[0,1],[2,-2],[1,-2],[0,1],[1,0],[0,-1],[1,0],[0,-1],[1,-1],[0,-1]],[[622,132],[1,-2],[1,0]],[[624,129],[0,1]],[[624,130],[2,-1],[0,-1],[3,0],[0,1],[5,-1],[0,1],[1,-1],[1,1],[3,0]],[[639,129],[3,-3],[-1,-1],[0,-1]],[[640,124],[1,0]],[[641,124],[0,-2]],[[641,122],[1,-1],[0,-2],[-1,-1],[2,-2],[0,-3],[-1,0],[-2,-2],[1,0],[0,-2],[1,-1],[1,-2],[1,-1],[0,-1],[2,-2],[1,0],[0,-1],[-2,0],[-1,-3],[1,-1],[0,-1],[-2,0],[0,-2],[-1,0],[0,-1],[1,0],[1,-1],[4,-2],[1,-1],[2,0],[1,-1],[-1,-1]],[[647,84],[-2,1],[-1,0],[-1,1],[-1,0],[-1,-1],[0,-1],[-2,-1],[-2,0],[-1,2]],[[636,86],[0,-1]],[[636,85],[-1,1],[-2,0],[-2,-2],[-1,0],[-3,-1]],[[627,83],[-2,1],[0,1],[-1,0],[0,1],[-1,0],[0,1],[-1,0],[-2,1],[-1,0],[-1,-1],[-3,0],[0,2],[-1,0],[-1,1],[-2,0],[-1,-1],[-2,-1],[1,1],[-1,1],[-2,1]],[[601,108],[0,1],[2,0],[1,1]],[[604,110],[2,1],[3,0],[1,-1],[-1,-1],[0,-2],[2,0],[0,-2],[-1,-1],[2,-1],[2,0],[0,-1],[2,0],[0,1],[1,1],[1,-1],[0,-1],[1,2],[1,0],[3,2],[0,-2],[2,1],[3,0],[3,-1],[3,0]],[[634,104],[-1,0]],[[633,104],[0,1],[4,2],[-2,2],[1,1],[1,0],[1,1],[-2,2],[-2,0],[-1,-1],[0,2],[1,1],[0,1]],[[635,116],[-1,0]],[[634,116],[1,1],[-4,0],[0,-1],[-3,0],[0,1],[1,3],[1,2],[-2,1],[-3,0],[0,-2],[-2,0],[0,1],[-1,1],[-5,0],[0,1],[-1,1],[-3,0]],[[613,125],[0,2],[1,1],[1,0],[0,1],[4,2],[2,0],[1,1]],[[546,362],[-2,0]],[[544,362],[-1,2],[1,2],[1,1],[0,1],[1,1],[-3,1],[-1,0],[0,-1],[-4,0],[0,-1],[-1,0],[-1,1]],[[536,370],[0,-1]],[[536,369],[-1,0],[0,1],[-1,2],[1,1],[0,2],[-3,3],[1,0],[0,1],[-4,1]],[[566,384],[-2,1],[-3,0],[-1,-1],[0,1],[-1,1],[-2,0],[1,1],[0,1],[-2,-1],[-1,1],[-5,0],[-1,-1],[-2,0],[0,-1],[1,0],[1,-1],[1,0],[0,-2],[-2,0],[-1,-1],[2,-1],[6,0],[2,-2],[1,1],[1,0],[-1,1],[1,0],[1,1],[2,0],[1,1],[0,1],[3,0]],[[599,307],[-3,0],[-1,-2],[0,-1],[-1,0],[0,-1],[-1,0],[-2,-1],[1,0],[-1,-1],[-1,0],[0,-1],[-1,-1]],[[589,299],[-1,1],[-2,-2],[-2,1],[0,1],[-1,0],[-1,-1],[0,-1],[-3,0],[-1,-1],[0,1],[-2,0],[-1,-1],[-1,1],[-4,0],[0,1],[-2,0],[-1,2],[1,1],[-1,1],[-2,1],[-2,-2],[-1,0],[0,2],[2,0],[0,2],[2,0],[0,1],[-2,0],[0,1],[1,1],[-1,0],[-1,-1],[-4,0],[2,2],[-3,-1],[-2,0],[0,1],[-4,2],[-1,1],[1,0]],[[552,314],[0,-1]],[[552,313],[2,0],[1,1],[-2,0],[-1,1],[-2,1],[0,1],[2,2],[-1,0],[0,1],[-1,0],[1,1]],[[551,321],[0,1],[1,0],[1,-1],[3,0],[1,1],[0,1],[2,-1],[1,0],[1,1],[3,1],[4,0],[0,1],[2,0],[0,4],[1,1],[1,0],[0,-1],[2,1],[3,0],[0,-1],[7,0],[0,3],[1,1],[0,1]],[[585,334],[2,0],[1,-1],[0,-1],[-1,0],[1,-1],[0,-1],[2,-3],[1,-1],[0,-1],[4,0],[0,1],[1,0],[3,-1],[0,-1],[-2,-2],[3,0],[0,-1],[1,-1],[0,-1],[-2,-2],[0,-1],[-1,-1],[1,-1],[-1,0],[1,-1],[-1,0],[0,-1],[1,0]],[[601,312],[-2,0]],[[599,312],[1,-2],[-2,-1],[-1,0],[2,-1],[0,-1]],[[550,320],[0,0]],[[345,331],[1,-1],[1,0],[0,-1],[2,0],[1,1]],[[350,330],[0,1],[1,-1],[-1,0]],[[350,330],[0,-4],[1,-1],[0,-2],[1,1],[3,0],[1,-2],[-1,0],[-1,-1],[-1,-2],[3,0],[2,-2],[-2,-2],[0,-1],[-1,0],[0,-2],[-1,-1],[-3,0],[0,-3],[1,-1],[0,-3],[-1,0],[0,-1],[-1,0],[-2,-2],[1,-1],[-1,-1],[2,0],[2,-3]],[[352,296],[0,-2]],[[352,294],[-2,0],[0,1],[-1,1],[0,-2],[2,-2]],[[351,292],[3,-2],[1,-1],[0,-1],[-1,0],[-1,-1],[-1,2],[-2,0]],[[350,289],[-2,1],[-2,-2],[-1,-2],[-2,0],[-1,1],[-3,0],[-1,-1],[-1,1],[-1,0],[0,-3],[-1,0],[-1,-2]],[[334,282],[0,1],[-1,0],[-1,1],[-2,0]],[[330,284],[0,2]],[[330,286],[0,1]],[[330,287],[1,2],[-2,1],[0,3],[-1,0],[0,2],[1,1],[-1,3],[0,1],[1,0],[-1,1],[0,3],[-2,0],[1,1],[1,0],[1,1],[-1,0],[-1,1],[0,-1],[-1,0],[-1,1],[-2,0],[0,1],[-3,1],[-2,2],[1,0],[0,1],[1,1],[-1,0],[-1,1],[0,1],[1,0],[0,2]],[[319,317],[2,0],[1,2],[2,1],[0,2],[2,2],[2,0],[0,-1],[4,0],[0,1],[5,0],[1,1],[-1,1],[1,1],[2,0],[2,2],[0,3],[1,-1],[1,1],[1,-1]],[[340,359],[0,-1],[-1,-1],[0,-1],[5,0],[1,-1],[-1,-1],[1,-1],[0,-2],[1,-1],[0,-1],[-2,0],[0,1],[-1,-1]],[[343,349],[-2,1],[-6,0],[-1,-1],[-4,-3],[-4,0],[0,-1],[-1,0],[-1,-1],[-5,0],[-2,1],[-1,-1],[-3,0],[0,1],[-2,-1]],[[311,344],[-5,0]],[[306,344],[-2,0],[-3,2]],[[300,346],[1,0]],[[301,346],[0,1],[-1,1],[-1,2],[-1,0],[0,2],[-1,0]],[[297,352],[0,2],[1,2],[0,-1],[2,2],[2,0],[8,1]],[[310,358],[5,0],[0,-1],[-1,0],[1,-1],[2,1],[0,1],[1,0],[0,1],[5,0],[1,1],[0,1],[-1,1],[-1,0],[0,1],[-1,1],[0,1],[-1,1],[1,0],[0,1]],[[321,367],[7,-1],[1,0],[-1,-3],[-1,-1],[1,0],[1,-2],[3,0],[0,1],[2,0],[1,1],[0,-1],[1,0],[1,-1],[2,0],[1,-1]],[[271,376],[0,-1],[-2,0],[2,-1],[-1,-1],[1,-1],[1,0],[0,-1],[-2,0],[-2,-2]],[[268,369],[-1,1],[-4,-1],[-1,1],[-3,-1],[-1,0],[0,-1],[-5,-2],[-3,0],[-2,-1],[-1,-2],[-2,0],[-1,-1],[3,0],[0,-1],[-3,0],[0,-1],[2,0],[1,-1],[3,-2],[1,-2]],[[251,355],[0,-1],[-3,0],[-1,-1],[-6,-2],[-3,0],[-2,-1],[-5,-2],[-1,0],[-1,-1],[-11,0],[0,1],[-1,0],[0,3],[-1,1],[-1,0],[-3,3],[-1,0],[-1,1],[-1,0],[-1,1],[0,1],[-1,0],[1,1]],[[208,359],[1,0],[2,2],[4,0],[-1,1],[0,1],[1,0],[-1,1],[1,1],[0,1],[1,1],[4,-2],[2,1],[1,-1],[1,-2],[1,1],[-1,0],[0,4],[1,1],[-2,0],[0,1],[-1,1],[-1,0],[-1,1],[0,2],[2,1],[0,1],[2,1],[2,0],[1,1],[0,1],[4,0],[0,2],[1,-1],[1,0],[0,-1],[1,-1],[2,0],[0,1],[1,0],[0,1],[1,0],[0,1],[-1,1],[-1,0],[0,1],[-1,0],[1,1],[0,1],[4,0],[1,-1],[3,0],[0,1],[2,1]],[[271,388],[1,0],[3,-3],[2,0],[0,-2],[-1,-1],[-1,0],[-2,-1],[2,0],[1,-1],[0,-1],[-3,-1],[-1,0],[-1,-1],[0,-1]],[[471,336],[-1,0],[-1,-1],[-1,0],[0,-4],[-4,0],[-1,-1],[0,-1],[-4,0],[-2,-1],[-1,-4],[1,0],[0,-2],[-1,-1],[0,-2],[-2,-1],[2,-2],[0,-1],[1,-1],[4,0]],[[461,314],[1,1],[0,-1],[-1,0]],[[461,314],[0,-2],[2,-1],[1,-1],[0,-1],[1,-1],[-3,0],[-1,-1],[-1,0],[-1,-1],[0,-3],[3,-1]],[[462,302],[-4,-4],[0,-3],[1,-1],[0,-2]],[[459,292],[-2,0],[0,-1],[-1,0],[-1,-1],[0,-1],[1,0],[0,-1],[-1,-1],[-2,-1],[-1,-1],[0,-1],[-10,0],[-1,1],[0,1],[1,1],[-1,1],[0,1],[1,0],[0,2],[-1,1],[1,0],[0,1]],[[441,293],[1,0]],[[442,293],[0,1],[-3,0],[0,1],[1,1],[1,0],[-1,1],[-1,0],[-2,-1],[-1,0],[0,-1],[-1,0],[0,-3],[-4,1],[-1,0],[0,1],[1,0],[2,2],[0,2],[1,1],[1,0],[0,1],[1,0],[-2,4],[-1,1],[-1,0],[0,2],[-1,0],[0,1],[1,1],[0,3],[-1,0],[0,1],[-1,0],[-2,1],[0,2],[-1,0],[0,-1],[-1,-1],[-1,0],[-2,-1],[0,-2],[-1,-1],[-2,0],[0,2],[-1,1],[0,2],[-1,0],[0,-1],[-3,0],[0,-3],[-2,-1],[-1,0],[-2,1],[-1,1],[1,2],[1,0],[0,1],[-1,1],[1,0],[0,3],[1,1],[-1,1],[0,1],[1,0],[0,1]],[[412,323],[0,2],[2,0],[0,1],[1,0],[0,2]],[[414,328],[1,0]],[[415,328],[-1,1],[6,0],[2,1],[1,1],[0,2],[1,1],[2,1],[3,0],[2,-1],[1,0],[0,3],[1,-1],[1,1],[1,0],[2,-1],[2,0],[0,1],[1,0],[1,-1],[1,0],[0,2],[-1,0],[0,4],[2,2],[1,-1],[1,0],[0,-1],[2,1],[1,0],[1,-1],[3,0],[-1,1],[0,1],[2,0]],[[453,344],[1,0],[2,-1],[1,0],[1,-2],[4,0],[-1,-1],[0,-1],[2,0],[0,-1],[5,0],[0,1],[1,0],[2,-1],[-1,-1],[1,-1]],[[449,330],[-3,0],[-1,-1],[-1,0],[-2,1],[-2,0],[0,-2],[-2,0],[0,-1],[-2,0],[0,-1],[1,0],[0,-2],[1,0],[2,-2],[-2,0],[-2,-2],[2,0],[0,-1],[-1,-1],[1,0],[1,-1],[1,1],[3,-2],[0,-1],[2,-2],[0,1],[1,-1],[2,0],[0,2],[-1,1],[1,0],[0,2],[-2,2],[-1,0],[1,1],[2,0],[0,1],[-1,0],[1,1],[2,0],[1,2],[0,1],[-2,2],[0,2]],[[480,65],[2,0],[0,-1],[6,0],[0,-1],[1,0],[0,1],[2,-2],[-1,-2],[-1,-1],[1,0],[0,-2],[-3,0],[-2,-2],[-4,0],[-1,1],[-1,-1],[0,1],[-1,0],[-1,1],[1,1],[1,0],[0,1],[-1,0],[0,1],[1,0],[-1,2],[-2,0],[0,2],[2,0],[1,1],[1,-1],[0,1]],[[462,90],[1,1]],[[463,91],[0,-2],[2,-1],[1,1],[-1,1],[-1,0],[1,2],[2,0],[0,1],[-1,2],[-2,1]],[[464,96],[1,1]],[[465,97],[4,0],[2,1],[1,0],[0,1],[2,0],[1,1],[0,-2],[-1,0],[1,-2],[0,-1],[-2,-1],[-1,0],[0,-3]],[[473,91],[-1,0]],[[472,91],[0,-2],[-1,0],[0,-1],[-1,-1],[1,-1],[-1,0],[0,-1],[-1,0],[-2,-1]],[[467,83],[0,1]],[[467,84],[-1,0],[0,-1],[-1,0],[0,1],[-1,1],[-2,1]],[[462,86],[-2,1],[-1,1],[1,2],[2,0]],[[587,194],[1,-1],[1,-2],[1,0],[2,-1],[0,-1],[1,-1],[0,-1],[2,-1],[1,1],[3,0],[0,-1],[-1,0],[0,-2],[1,0],[1,-1],[0,-1],[2,-1],[0,2],[4,0]],[[561,173],[1,1],[1,0],[0,2],[-1,1],[-1,0],[0,1],[-2,1],[-1,2],[-1,1],[1,1],[-1,3]],[[557,187],[0,-1]],[[557,186],[1,1],[1,-1],[0,2],[-2,0],[1,1],[0,3],[-1,0],[-1,1],[1,1],[0,1],[-1,1],[-1,0],[-2,2],[1,0],[1,-1],[1,0],[3,2],[1,0]],[[560,199],[4,0],[0,-1],[-1,0],[0,-2],[2,0],[0,-1],[1,0],[0,1],[1,1],[4,0],[1,1],[4,-2],[1,-1],[1,0],[1,1],[1,-1],[1,0],[0,-1],[2,-1],[1,0],[2,1],[1,0]],[[555,193],[0,0]],[[637,194],[-2,0],[0,-2],[1,-1],[1,0],[-1,-1],[-4,0],[-2,-1],[1,-2],[1,0],[0,-1],[-2,-2],[0,-1],[2,-1],[1,0],[2,-1],[-1,0],[0,-2],[2,-2],[1,0],[-1,-2],[-1,0],[-1,-1],[1,0],[0,-1],[1,0]],[[636,173],[-1,-1],[0,-1],[1,-1],[-1,-1],[0,-1],[-2,-1],[-1,0],[0,-1],[-1,0],[0,-8],[-1,0],[-2,-2],[0,-2],[-1,0],[0,-1],[-1,0],[-1,1],[-1,0],[0,1],[-1,0],[-1,1],[-3,0],[0,-1],[-1,-1],[-1,0],[0,-1],[-2,-1],[-1,-2],[-1,0]],[[613,150],[-2,0],[-2,-1],[-1,0],[-1,-1],[0,-1],[-1,0],[-1,-1],[-1,0],[-1,1],[0,1],[-3,0],[0,1],[1,0],[0,1],[-2,0],[-1,1],[-2,1],[-1,0],[-1,-1],[-1,1]],[[591,155],[1,1],[1,0],[0,2],[1,0],[0,1],[-1,1],[2,1],[1,0],[0,1],[1,1],[2,0],[-2,2],[-1,2],[0,1],[1,0],[2,-1],[1,-1],[0,2],[1,0],[0,1],[-2,0],[-2,2],[2,2],[1,0],[0,1],[1,1],[1,0],[0,1],[3,0],[2,1],[0,2],[1,0],[0,1],[-1,1],[2,2],[-1,1],[-1,0],[0,-1],[-1,0]],[[606,183],[0,2],[1,1],[2,1],[3,0],[0,2]],[[612,189],[1,-1],[4,0],[0,2],[1,-1],[1,1]],[[619,189],[0,1]],[[619,190],[1,0],[0,1],[1,1],[0,1],[3,3],[0,1],[1,1],[4,0],[0,-2],[1,-2],[1,0],[1,1],[0,-2],[1,0],[0,1],[1,0],[1,1],[2,-1]],[[679,391],[2,-1],[0,-2],[1,-2],[1,0],[-1,-1],[-1,0],[-2,-1],[0,-1],[-1,-1],[1,0],[1,-1],[3,-1],[1,0],[1,-1],[0,-1]],[[645,363],[-1,1],[1,1],[-1,0],[-1,1],[-3,-1],[0,1],[-4,0],[-1,1],[-1,-1],[-1,0]],[[659,405],[2,-1],[1,0],[0,-1],[1,-1],[-1,0],[0,-1],[3,0],[1,-1],[0,-4],[-1,-1],[2,0],[0,1],[1,-1],[1,0],[1,-1],[1,0],[0,-1],[2,0]],[[673,392],[0,1]],[[673,393],[1,-1],[0,1],[1,0],[1,-1],[1,0],[0,1],[2,-2]],[[662,394],[-2,0],[-1,1],[-4,0],[0,0],[0,0],[-1,-1],[0,-1],[0,0],[1,-1],[-2,0],[-2,-1],[-1,0],[-1,1],[-2,-1],[0,-1],[1,0],[1,-2],[1,0],[0,-1],[3,0],[0,-1],[1,0],[1,-1],[3,0],[2,1],[1,1],[0,2],[2,1],[0,1],[2,0],[-1,1],[0,1],[-1,1],[-1,0]],[[625,401],[0,-1],[-3,0],[-1,-1],[0,-1],[1,0],[0,-1],[-3,-1],[0,1],[-1,-1]],[[617,396],[1,0]],[[618,396],[0,-3],[-1,0],[0,-1],[1,-1],[1,0],[1,-2],[0,-2],[-2,-1],[-1,0],[1,-2]],[[581,376],[-4,0],[1,1],[1,0],[0,2],[1,1],[0,1],[-1,0],[0,1],[1,1],[1,0],[-1,2]],[[372,406],[0,-1],[1,-1],[-2,-1],[-1,0],[-1,-3],[1,0],[-1,-1],[0,-1],[2,0],[0,-1],[-1,0],[-1,-1],[0,-2],[1,0],[0,-2],[-1,1],[-3,0],[-2,-2],[1,-1],[-1,-2],[0,-1],[-2,-1],[-2,0],[0,-1],[-1,-1],[0,-1],[-2,-1],[-4,0],[-4,-1],[-2,1],[-2,0],[0,-1],[-1,-1],[-1,0],[1,1],[-3,0],[1,1],[-1,0],[-1,1],[0,-1],[-4,0]],[[336,382],[1,0]],[[337,382],[0,1],[-2,1],[-1,0],[-1,1],[-1,0],[-2,1],[-1,-1],[-2,1],[-2,-1]],[[324,385],[1,0]],[[325,385],[0,-3],[-1,0],[-2,-2],[-2,1],[0,-1],[1,-1],[0,-1],[1,-2],[-1,-1],[-1,1],[-1,0],[-1,-1],[1,0],[0,-1],[-1,0],[0,-1]],[[318,373],[-2,0],[-1,-1],[-2,-1],[-2,0],[-2,3],[0,1],[3,1],[0,2],[-2,1]],[[310,379],[0,1],[-2,0],[-1,1],[0,2],[-1,1],[-1,0],[-1,1],[0,1]],[[304,386],[1,1],[-2,0],[1,-1]],[[304,386],[-6,1],[-1,0],[2,1],[3,3],[0,1],[1,0],[-1,1],[-1,0],[0,1],[-1,0],[0,1],[-1,0],[-1,1],[0,1],[1,0],[0,1],[-4,0],[0,-1],[-1,1],[-3,0],[1,1],[-1,0],[0,1],[-1,0],[-2,1]],[[346,414],[-4,-1],[0,1],[-1,0],[-2,-1],[1,-1],[-1,-2],[1,0],[0,-2],[-3,0],[0,-1],[-1,-1],[-5,0],[-1,-1],[-1,0],[-2,2],[-1,0],[-1,-1],[-4,0],[-2,1],[0,2],[1,0],[0,1],[-1,0],[0,2],[-2,0],[-1,-1],[0,-1],[-1,1],[-1,0],[-1,1],[-1,0],[-2,-1],[-2,1],[-5,0],[-2,-1],[-1,-1],[-2,0],[-3,-3],[1,0],[1,-1],[1,0],[-1,-1],[1,-1],[-1,0],[-2,-1]],[[591,155],[1,-1],[-1,-1],[1,-1],[1,0]],[[593,152],[-2,-1],[-3,0],[-1,-1],[-1,0],[-1,-1],[-3,0],[-1,-1],[-1,0],[-2,-1],[1,-2],[1,0],[0,-2],[-1,-1],[-1,0],[0,-1]],[[579,141],[-1,0]],[[578,141],[-1,0],[0,-1],[1,-1],[-1,0],[0,-1],[1,-2],[-2,-1],[-3,0],[-1,-1],[0,-1],[1,0],[0,-1],[-2,0],[0,-1],[1,-2],[0,-1]],[[572,128],[-2,-1],[-3,2],[-1,0],[0,-3],[-1,1],[-1,-1],[1,0],[0,-1],[-1,0],[-1,-1],[0,-1],[1,0],[0,-1]],[[563,122],[1,0]],[[564,122],[1,-1],[1,-2],[-2,0],[-1,-1]],[[563,118],[-1,1],[-5,2],[-2,-2],[-2,1],[0,2],[-1,0],[-1,1],[0,1],[-3,0]],[[549,127],[1,0],[1,1],[1,0],[1,2],[0,1],[1,1],[0,1],[-1,1],[1,2],[-1,0],[1,1],[0,1],[-1,3],[1,0],[0,1],[-2,5],[-1,1],[-1,0],[0,1],[-1,0],[-1,2],[0,1],[-2,0]],[[551,169],[0,1],[1,1],[4,0],[1,-1],[0,1],[1,0],[1,1],[2,1]],[[561,173],[2,-1],[1,-1],[7,0],[0,1],[1,0],[0,-2],[2,0],[1,-1],[0,1],[1,0],[1,-1],[0,-2],[-1,-1],[-3,0],[0,-1],[1,-1],[1,0],[4,-1],[1,-1],[1,0],[1,-1],[0,-3],[1,-1],[3,-1],[0,-1],[2,-2],[1,1],[2,1]],[[551,169],[0,-1],[1,0],[0,-1],[4,0],[0,-1],[2,-2],[-4,0],[0,-1],[-2,-1],[-2,1],[-1,0],[-1,-1],[-3,0],[-1,-3],[1,-2],[1,-1],[0,-4]],[[546,152],[1,-3],[0,-2],[-1,-1],[-4,0],[0,-3],[-1,0],[0,-1],[1,0],[1,-1],[0,-3],[-4,0],[-1,1],[-1,-2],[-2,-1],[1,0],[0,-1],[-1,-1],[-1,0],[-1,-1],[1,-1],[1,0],[2,-1],[1,0],[1,1],[1,0],[1,-1],[1,0],[0,1],[2,-1],[4,0],[0,-3],[1,0],[0,-1]],[[549,127],[0,-1],[-1,-2]],[[548,124],[0,-4],[-1,-1],[0,-1],[-1,0],[-1,-2],[-1,-1],[0,-1],[-1,0]],[[542,114],[1,0]],[[543,114],[-1,-1],[-6,0],[0,-4],[1,-1],[0,-1]],[[526,106],[-1,4],[0,1],[1,0],[0,1],[-1,1],[0,1],[1,0],[-1,2],[-2,0],[0,-1],[-1,0],[0,1],[-1,-1],[-3,0],[0,-1],[-2,1],[-4,0],[0,1],[-3,0],[1,1],[2,0],[0,1],[2,0],[0,1],[-1,0],[0,1],[1,0],[0,1],[-1,0]],[[535,173],[5,1],[1,1],[1,0]],[[542,174],[0,1]],[[542,175],[1,0],[3,1],[0,-4],[1,0],[0,-1],[1,-1],[0,-1],[1,1],[1,-1],[1,0]],[[705,55],[-2,0],[-4,-1],[-2,-2],[-1,0],[-2,2],[0,1],[1,1],[1,2],[1,1],[-1,2],[-2,-2],[-1,-2],[-5,-2],[-2,0],[0,-3],[2,-1],[0,-1],[1,-2],[1,-1],[0,-3],[-3,-2],[0,1],[1,1],[-1,0],[-3,-1],[-2,0],[-2,1],[-3,0],[-3,1]],[[674,45],[1,1],[-1,0],[0,1],[-1,0],[-2,2],[1,0],[0,1],[1,1],[0,1],[-1,0],[-2,2],[0,1]],[[671,55],[-1,0]],[[670,55],[-1,1],[0,1],[1,1],[-1,1],[1,0],[0,1],[-2,0],[-1,1],[0,3]],[[668,64],[-1,0]],[[667,64],[0,1],[-1,0],[-1,1],[-3,0],[1,1],[-1,0],[-3,2],[1,1],[2,1],[1,1],[-1,1],[0,1],[-1,1],[-1,-1],[-2,1],[-1,0],[-1,1],[-3,0],[-3,2],[-1,1],[0,1],[-3,3],[1,1]],[[647,84],[2,0],[0,2],[1,0],[1,1]],[[651,87],[1,0],[1,1],[2,0],[2,-2],[3,-1],[0,1],[2,0],[-1,1],[-1,4],[0,1],[1,1],[1,-1],[1,0],[1,-1],[1,0],[0,-1],[1,0],[2,-2],[0,1],[1,0],[1,-1],[0,1],[1,1],[3,0],[2,1],[-1,1],[3,0],[0,1]],[[679,93],[-1,0]],[[678,93],[0,1],[1,1],[-2,1]],[[676,96],[1,0]],[[677,96],[-1,1],[1,1],[-1,3],[0,4],[-1,0],[0,1],[2,0],[-1,1],[0,1],[1,0],[0,1]],[[677,109],[2,1],[3,0],[2,-2],[0,-1],[-1,0],[0,-1],[1,-1],[2,-1],[0,1],[1,0],[1,1],[-1,1],[2,0],[0,2],[1,0],[1,1],[0,2],[1,-1],[2,-1],[1,0],[0,1],[1,-1],[1,-2],[2,0],[0,-1],[1,0],[1,1],[1,-1],[1,0],[2,1],[0,1],[1,1],[2,0],[1,-1],[1,0]],[[674,70],[2,0],[3,-1],[1,1],[2,0],[2,2],[0,2],[-1,1],[0,1],[-1,1],[1,1],[0,1],[-4,0],[0,-2],[-2,0],[-1,-1],[0,-1],[1,0],[-1,-1],[0,-2],[-2,0],[0,-1],[1,0],[-1,-1]],[[601,108],[4,-1],[0,-1],[-1,-1],[0,-1],[-1,-1],[1,-1],[1,-2],[0,-1],[-1,0],[-1,-1],[1,0],[2,-1],[0,-2],[-1,0],[0,-1],[-1,0],[0,-1],[-1,0],[0,-1],[2,0],[0,-1],[1,0]],[[606,91],[-1,-1],[0,-1],[-2,-1],[-1,-2],[1,-1],[-1,-2],[-2,1],[-1,1],[-1,-1],[-1,1],[0,-1],[-2,1],[0,-8],[1,-4],[0,-2],[-1,0]],[[575,88],[0,2],[1,1],[1,2],[0,1],[-3,0],[0,2],[-1,3],[1,2],[0,2],[-1,1],[1,0],[0,2]],[[574,106],[0,1],[1,1],[0,-1],[1,0],[1,1],[0,-1],[2,0],[0,-1],[1,1],[1,0],[0,1],[1,0],[0,1],[4,2],[3,0],[0,-1],[3,0],[0,-1],[3,-1],[2,-1],[1,1],[2,0],[1,-1],[0,1]],[[633,366],[0,-4],[1,0],[0,-1],[-3,-1],[-1,-1],[-1,0],[0,1],[-1,-1],[1,-1],[-1,0],[1,-1],[1,0],[0,-1],[-2,0],[0,-1],[-2,0],[-1,-1],[-1,0],[1,-1],[0,-1],[-3,0],[0,-1],[-1,0],[0,1],[-4,-2],[0,1],[-1,0],[0,-1],[-2,-1],[-2,0],[-1,1],[-1,-2],[-3,0],[0,1],[-2,0],[-1,-2],[1,-1],[1,0],[-1,-1],[-3,0],[0,-2],[-1,0],[0,-1],[-1,0],[0,1],[-1,-1],[-1,1],[-1,0],[0,1],[-1,0],[-2,1],[-1,0],[-1,1],[-3,0],[1,1],[0,2],[-2,0],[0,1],[-1,0]],[[596,371],[1,0],[1,1],[0,1],[2,2],[2,0],[0,-1],[-1,0],[1,-1],[4,1],[-1,1],[0,1],[-1,0],[2,2],[1,0]],[[607,379],[0,-1]],[[607,378],[1,1],[1,0],[0,1],[1,1],[1,-1],[1,2],[1,1],[3,0],[0,1],[2,0]],[[618,384],[4,-1],[1,0],[2,2],[1,0],[1,-1],[-1,0],[-1,-1],[0,-3],[-1,-1],[3,0],[1,1],[1,-1],[0,1],[1,0],[1,-1],[-1,-1],[0,-2],[2,0],[0,-2],[1,-1],[-2,0],[-1,-2],[2,-1],[0,1],[2,0],[0,-1],[-1,0],[-1,-1],[1,-1],[-4,0],[0,-2],[1,-1],[1,0],[1,1],[1,0]],[[581,376],[3,0],[0,-2],[2,0],[0,-1],[4,-2],[6,0]],[[596,371],[0,-2],[2,0],[-1,-1],[1,0],[0,-1],[-2,0],[-1,-1],[0,-1],[-2,0],[-1,-2],[1,0],[0,-1],[1,-1],[-2,0],[0,-3],[1,0],[-2,-2],[0,-1],[1,0],[-1,-1],[-2,0],[1,-1],[-1,0],[0,-1],[-1,0],[0,1],[-2,-2],[1,-1]],[[587,350],[-1,0],[1,-1],[-1,0]],[[586,349],[-3,2],[0,1],[-3,0]],[[579,352],[1,0]],[[580,352],[0,1],[-2,0],[-1,-1],[-1,0],[-1,1],[1,1],[2,1],[1,0],[1,1],[0,1],[-1,0],[-1,1],[-2,-1],[0,-1],[-5,0],[-1,-1],[-4,0],[-2,-1],[0,-1],[-1,1],[-2,0],[-1,-1],[0,-1],[-3,1],[1,1],[0,1],[-3,0],[-1,1],[-2,0],[-1,-1],[-1,0],[0,1],[-1,-1],[-2,0],[1,1],[0,1],[-1,1],[-1,0],[0,1],[-1,1],[2,0],[0,1],[-1,1]],[[546,362],[1,1],[-1,1],[1,0],[2,1],[3,0],[1,1],[-1,1],[-2,1],[1,2],[2,0],[1,1],[0,1],[3,1],[0,-1],[3,1],[-1,1],[1,0],[0,1],[-2,2],[-1,0],[2,1],[5,0],[0,-1],[4,0],[1,-1],[0,1],[1,0],[2,-1],[-1,0],[0,-1],[4,0],[1,1],[0,-1],[1,-1],[2,0],[2,2]],[[685,378],[1,-1],[1,0],[1,-1],[1,0],[0,-1],[1,-1],[0,-2],[1,0],[0,-1],[-1,-1],[0,-1],[-1,-1],[0,-1],[1,-3],[1,-1],[2,0],[0,-1],[1,1],[1,0],[0,-1],[3,-2],[-2,-1],[0,-1]],[[696,358],[0,-1],[-2,-2],[-1,0],[-4,-1],[1,-1],[0,-1],[-1,-1],[0,-1],[-2,0],[-3,-1],[-2,0],[-2,-1],[0,-1],[-2,0],[-2,1],[0,2],[-2,-1],[-1,-1],[-2,1],[0,-1],[-1,1],[-1,-1],[-5,0],[-3,-1],[-3,0],[-1,1]],[[657,348],[0,2],[-1,1],[-2,1],[-1,1],[-1,0],[1,1],[1,0],[-1,2],[-2,0],[-1,1],[0,2],[-4,0],[0,2],[2,0],[-1,1],[0,1],[-2,0]],[[645,363],[1,1],[3,0],[2,2],[1,0],[2,2],[1,0],[0,1],[3,2],[2,1],[1,0],[0,1],[1,0],[0,1],[-1,1],[0,1],[2,0]],[[663,375],[0,1]],[[663,376],[1,0],[1,-1],[0,-1],[2,0],[0,-2],[1,0],[3,2],[0,1],[2,0],[0,1],[1,2],[1,0],[0,1],[3,0],[0,-1],[4,0],[0,-1],[1,1],[2,0]],[[294,440],[0,-1],[-2,-1],[0,-3],[-2,-1],[0,-1],[-1,-1],[0,-1],[1,-1],[0,-1],[1,1],[1,0],[0,1],[1,0],[1,-1],[0,-1],[1,0],[3,-3],[0,-2],[1,-1],[1,0],[-2,-2],[-1,0],[0,-1],[-3,0],[-1,-1],[2,0],[2,-1],[2,0],[4,-1],[0,-1],[-2,0],[0,-2],[-2,0],[-1,1],[-1,0],[0,-1],[-3,-1],[-1,-1],[-1,-2],[-2,0],[2,-4],[0,-2],[1,0],[0,1],[2,-2]],[[295,403],[-4,1],[-3,-3]],[[288,401],[-2,0],[-1,1],[-1,0],[0,1],[-1,0]],[[249,427],[-3,1],[0,1],[1,0],[1,2],[-1,0],[0,1],[-1,0],[0,1],[-1,0],[0,1],[-1,1],[0,1],[2,2]],[[246,438],[0,1],[2,0],[2,5],[0,2],[-1,1],[0,1],[-1,0],[-1,1],[0,1],[-1,1],[1,1],[3,1],[1,2],[3,2],[1,0],[0,1],[1,0],[0,1],[1,0],[3,3],[1,0],[0,1],[3,0],[0,-1],[2,-1],[5,0]],[[283,403],[-2,0],[-2,-1],[-3,-1],[0,1],[-1,0],[0,-2],[-2,-1],[-1,0],[-2,-1],[0,-1],[1,-1],[-2,0],[0,-1],[-2,-1],[2,-2],[2,-1],[1,0],[0,-1],[-1,0],[-1,-1],[-1,0],[2,-1]],[[271,388],[-1,0],[0,-1],[-2,0],[0,-1],[-1,0],[-1,-1],[-1,0],[0,1],[-3,0],[-2,-2],[-1,0],[-1,2],[-1,0],[0,1],[-1,1],[-4,-2],[-6,0]],[[246,386],[-1,2],[-1,1],[0,2],[-2,2],[-2,0],[1,1],[0,1],[-1,1],[-1,2],[-1,0],[0,1],[-1,0],[0,1],[-1,-1],[-2,1],[1,1],[0,1],[-1,0],[-1,-1],[-2,0],[0,1],[-2,0]],[[229,402],[-1,1],[1,0],[0,1],[1,0],[1,1],[0,1],[-1,0],[1,1],[1,0],[1,1],[0,1],[-2,2],[0,1],[-1,0],[0,2],[1,0],[0,1],[-1,1],[1,0],[1,1],[0,1],[1,0],[2,2],[0,1],[2,0],[0,1],[3,-2],[0,-1],[5,0],[-1,1],[2,1],[1,0],[0,1],[1,2],[0,1],[1,2]],[[249,427],[1,-2],[0,-1],[3,0],[0,-1],[2,0],[0,1],[2,1],[1,0],[0,-1],[2,0],[1,-1],[0,-1],[1,-1],[0,-1],[1,0],[0,-1],[1,-1],[2,0],[0,-1],[1,0],[0,-1],[4,0],[0,-2],[1,-1],[0,-1],[1,0],[0,-1],[1,0],[0,-2],[3,0],[2,2],[1,0],[0,-1],[-2,-2],[1,0],[1,-2],[2,-1],[1,-1],[0,-1]],[[338,471],[0,-1],[3,-1],[1,0],[1,-1],[0,-1],[1,-1],[1,1],[0,1],[2,0],[2,-1],[1,1],[1,-1],[0,1],[2,0],[2,-3],[-1,0],[-1,-1],[3,-3],[1,0],[0,-2],[1,0],[-1,-1]],[[332,441],[0,-1],[-2,-1],[-4,0],[0,1],[-2,1],[-4,-1],[0,-1],[-3,0],[-1,1],[-2,-2],[-5,0]],[[308,438],[-1,1],[-1,0],[-1,1],[-2,0],[-2,-2],[-1,0],[0,-1],[-3,0],[0,1],[-2,2]],[[295,440],[-1,0]],[[294,440],[1,1],[-3,0],[-1,2],[1,1],[0,1],[-1,0],[0,-1],[-2,0],[-1,1],[-2,0],[-2,-2],[-2,0],[-1,1],[0,2],[-1,0],[0,3],[2,2],[-1,1],[-5,0],[-1,2],[0,3],[1,0],[0,2],[-2,1],[-3,0],[0,1]],[[271,461],[1,0],[3,3],[0,1],[3,2],[1,1],[3,0],[0,1],[-1,1],[0,1],[1,1],[0,2],[1,0],[0,1],[1,0]],[[284,475],[5,-2],[4,0],[1,-1],[4,0],[5,2],[0,1],[1,0],[-1,1],[1,0],[1,2],[1,0],[1,-1],[1,0],[1,1],[0,-2],[2,0],[1,-1],[0,-1],[4,2],[0,-1],[2,-2],[5,0],[1,1],[1,0],[1,-1],[4,0],[1,-1],[1,1],[0,1],[-1,0],[1,1],[1,-1],[1,0],[2,-2],[1,0],[1,-1]],[[309,438],[0,-1],[-1,1]],[[308,438],[1,0]],[[535,173],[0,-1],[1,0],[-1,-1],[-2,-1],[0,-1],[1,-1],[0,-1],[1,0],[0,-1],[-1,0],[-1,-1],[1,-2],[0,-1],[-1,-1],[0,-1],[-1,0],[0,-1],[-1,-1],[2,0],[-2,-1],[-2,0],[-1,-1],[-1,0],[-1,-1],[0,2],[-2,1],[-2,0],[-2,-2],[0,1],[-2,0],[-1,1],[0,-1],[-2,0]],[[514,156],[-4,-1],[-1,0],[-1,-1]],[[480,160],[2,0],[2,1],[-1,1],[0,2],[1,0],[0,1],[-1,3],[0,1],[-1,0],[0,2],[3,0],[0,1],[-2,1],[0,1],[-1,1],[-1,0],[0,1],[-1,1],[-1,0],[-1,1],[1,0],[-1,1],[1,1],[-1,0],[0,1],[1,0],[1,1],[-1,1],[1,1],[1,0],[3,-3],[1,1],[2,0],[1,-1],[0,-3],[1,-1],[1,1],[0,1],[2,0],[0,1],[1,1],[0,1],[2,1],[2,0],[1,-1],[-2,0],[0,-2],[-1,-1]],[[495,178],[0,1]],[[495,179],[4,0],[1,1],[1,0],[2,2],[1,0],[-1,1]],[[503,183],[1,1],[1,2],[0,1],[3,3],[4,0],[0,-1],[3,0],[1,1]],[[516,190],[1,1],[0,-1],[-1,0]],[[516,190],[1,-2],[5,0],[0,-1],[-1,-2],[-1,-1],[1,-1],[-1,-1],[-2,0],[0,-1],[1,0],[1,-1],[1,0],[2,-2],[3,-1],[1,1],[2,0],[1,-1],[0,2],[1,0],[0,-4],[1,0],[2,1],[1,0],[-1,-1],[1,-2]],[[514,156],[0,1],[1,0]],[[515,157],[0,-1],[-1,0]],[[508,154],[0,-3],[1,-2],[-1,-1],[-1,0],[-2,-2],[1,0],[2,-1],[2,0],[-2,-1],[-1,0],[-1,-1],[0,-1],[1,-1],[-1,-2],[0,-2],[-1,-1]],[[504,136],[1,0]],[[505,136],[-1,-1],[0,-1],[6,0],[0,1],[2,-1],[1,0],[1,-1],[0,-3],[1,1],[0,-2],[-1,-1],[0,-1],[-2,-1],[0,-2],[-1,0],[0,-2],[2,-1]],[[513,121],[-2,-1]],[[511,120],[1,0]],[[512,120],[-4,0],[0,2],[-1,1],[-1,-1],[-2,0],[-1,-1],[-1,0],[-1,-1],[-3,0],[0,-2],[-2,0]],[[496,119],[0,-1]],[[496,118],[-1,0],[0,-1],[-2,0],[-1,-1],[-1,0],[0,-1],[-1,-1],[-2,1],[0,1],[-2,1],[-1,0],[0,1],[-1,1],[0,-1],[-1,-1],[-1,0],[0,3],[1,1],[-1,1],[-1,0],[-1,1]],[[465,152],[4,0],[0,2],[1,0],[0,1],[2,1],[3,0],[1,1],[0,1],[-1,1]],[[475,159],[2,0],[1,1],[2,0]],[[480,160],[1,-2],[2,-2],[2,0],[0,-1],[1,0],[1,1],[1,0],[1,1]],[[489,158],[0,-1]],[[489,157],[3,0],[1,1],[0,2],[1,0],[1,1],[1,0],[0,-2],[1,-3],[1,-1],[1,1],[1,-1],[1,1],[2,0],[0,-1],[1,0],[3,-1],[1,0]],[[465,152],[0,-1],[4,0],[1,-1],[0,-1],[-1,-1],[-1,0],[1,-1],[0,-1],[-1,0],[0,-3],[1,1],[1,-1],[0,-1],[2,-1],[1,0],[3,-3],[2,0]],[[478,138],[0,1],[2,1],[0,-1],[-1,0],[0,-1],[-1,0]],[[478,138],[0,-1],[2,0],[0,-2],[-1,0],[0,-1],[1,0],[0,-1],[1,-1],[2,0],[-1,-1],[-1,0],[0,-1],[1,0],[0,-1],[1,-1]],[[483,128],[1,0],[0,-1],[-1,1]],[[483,128],[-2,0],[0,-3],[-1,0],[0,-2]],[[480,123],[-1,-1],[-1,0],[0,-2]],[[477,120],[1,0]],[[478,120],[0,-1],[-2,-1],[-1,0],[0,-1],[-1,0],[0,-2],[-1,0],[0,-4],[-2,0],[0,-2],[-1,0],[0,1],[-4,-1],[0,-1],[-1,0]],[[465,108],[-1,0],[-2,2],[0,1],[-2,4]],[[460,115],[-1,2],[0,3],[-1,1],[0,2],[-1,1],[0,6],[-1,0],[-1,1],[-2,4],[-2,1],[0,1],[-1,2]],[[450,139],[0,1],[-1,1],[-1,0],[0,-1],[-1,1],[0,1],[3,3],[2,0],[0,2],[2,1],[1,1],[-1,0],[-1,1],[1,1],[0,1]],[[454,152],[0,1],[4,-1],[3,2],[1,1],[1,0],[0,-2],[2,-1]],[[730,114],[-3,-3],[1,-1],[1,0],[1,-1],[0,-4],[1,-1],[0,-2],[4,0],[0,-3],[1,1],[6,0],[0,1],[2,1],[1,0],[0,2],[-1,1],[0,2],[2,1],[0,-1],[1,0],[1,1],[2,0]],[[750,108],[0,-4],[1,-1],[4,-3],[2,-2],[2,-1],[2,-2],[1,-2],[1,-3],[0,-1]],[[763,89],[1,-1],[-1,-1],[0,-1],[-2,0],[0,-2],[-1,-2],[2,-2],[1,1],[0,-1],[1,0],[0,-1],[-1,0],[0,-1],[-2,0],[-3,1],[-6,0],[0,1],[-2,-1],[-1,0],[0,-1],[-1,-1],[0,-3],[-1,-1],[1,0],[0,-3],[1,-1],[2,0],[0,-2],[3,0],[1,-1],[3,0],[2,-4],[-6,0],[-1,-1],[-1,0],[-1,-1],[-2,0],[-1,-1],[-1,0],[-1,1],[0,-2],[-1,-2],[1,-1],[-2,-2]],[[744,53],[-4,0],[-1,-2],[-2,1],[-3,0],[-4,-6],[-3,1],[-2,-1],[-3,0],[0,1],[-1,0],[-5,5],[0,2],[-3,0],[-4,-1],[-1,0],[-2,1],[-2,0],[1,1]],[[705,55],[-1,0],[0,3],[1,0],[0,1],[1,2],[1,0],[1,1],[1,0],[0,4],[1,0],[0,1],[1,1],[0,1],[-1,1],[5,0],[0,2],[-6,0],[-1,4],[-1,1],[2,0],[0,2],[1,0],[0,-1],[1,1],[0,-1],[2,0],[2,2],[0,2],[1,2],[-1,0],[-2,-1],[1,1],[0,2],[2,1],[-2,0],[-1,1],[-2,-2],[-1,1],[0,1],[-2,0],[-1,1],[-1,-1],[0,1],[-2,1],[0,2],[1,0],[0,2],[-1,1],[0,1],[1,1],[1,0],[0,1],[1,1],[-1,1],[-1,0],[0,1],[-1,0],[-1,1],[1,1]],[[705,103],[-1,0]],[[704,103],[1,1],[0,1],[1,0],[0,1],[1,1],[2,0],[1,1],[0,1]],[[710,109],[1,1],[0,-1],[2,1],[1,0],[1,-1],[0,-1],[1,0],[2,1],[1,0],[0,1],[1,1],[1,0],[1,1],[-2,0],[2,2],[4,-2],[0,1],[2,2],[2,-1]],[[715,78],[-1,0],[0,-1],[1,1]],[[713,76],[1,1],[-1,0],[0,-1]],[[712,75],[1,0],[-2,2],[-1,-1],[0,-1],[2,0]],[[595,71],[0,-1],[1,-2],[2,0],[0,-1],[1,0],[1,1],[2,0],[0,-1],[2,0],[-1,-1],[0,-2],[1,-1],[0,-2],[1,0],[-1,-1],[-1,0],[-1,-1],[-2,0],[0,-1],[-1,0],[0,-2],[-3,-2]],[[596,54],[-2,2],[0,1],[-1,0],[-1,-1],[-2,1],[-2,0],[-1,1],[-1,-1],[-1,1],[-3,0],[-1,1],[-1,0],[0,-1],[-2,-1],[-1,1],[-3,2],[-2,0],[-2,-1],[-4,0],[-3,-3],[-3,0],[-3,1],[-2,-2],[1,0],[0,-2],[1,0],[0,-1],[1,0],[-1,-2],[0,-1],[-1,-1],[-1,0],[0,-2],[-1,-2]],[[534,74],[1,-1],[0,1],[1,1],[6,0],[0,1],[2,1],[4,0],[0,-1],[1,0],[1,-1],[1,1],[-1,0],[0,1],[1,1],[2,0],[0,-1],[1,0],[1,-1],[1,0],[1,1],[-1,0],[0,2],[1,0],[1,1],[1,0],[0,1],[2,0],[0,1],[1,0],[1,-1],[4,0],[1,1],[-1,0],[0,1],[2,1],[2,0],[1,1],[1,0],[0,1],[1,0],[0,-1],[1,1],[0,2]],[[575,88],[2,0],[0,-1],[2,0],[1,-2],[3,0],[0,-1],[2,0],[-3,-2],[-1,0],[0,-1],[-1,0],[-1,-2],[4,0],[0,-1],[2,0],[1,1],[1,-1],[2,0],[0,1],[1,0],[0,-1],[2,-2],[0,-1],[-1,0],[0,-3],[1,-1],[3,0]],[[692,168],[3,2],[3,0],[0,-2],[-1,0],[-2,-1],[0,-2],[-1,0],[-1,-1],[-1,0],[-1,-1],[1,0],[0,-2],[-1,0],[0,1],[-3,0],[0,-2],[-4,-1],[-2,0],[0,2],[-4,-1],[-1,0],[-3,-1],[-4,0],[1,1],[0,1],[2,0],[6,3],[2,0],[0,1],[1,1],[-1,0],[0,1],[1,0],[1,-1],[2,-1],[1,-1],[2,2],[3,1],[1,1]],[[552,290],[0,1]],[[552,291],[0,3],[-2,0],[0,1],[1,1],[0,4],[-1,1],[1,1],[0,1],[-1,0],[1,2],[1,-1],[1,0],[1,-1],[0,-1],[2,0],[0,-1],[4,0],[0,-1],[1,0],[0,1],[2,0],[0,-1],[1,0],[0,-1],[1,-1],[-2,0],[0,-6],[-1,-1]],[[558,278],[-1,1],[0,1],[-2,0],[0,1],[-6,0],[0,2],[-1,0],[0,2],[-1,1],[2,0],[0,1],[3,0],[0,2]],[[551,289],[1,0]],[[552,289],[0,1]],[[552,290],[3,0],[1,1],[2,0]],[[587,277],[-1,1],[2,0],[1,-1],[0,-2],[-1,0],[-1,-1],[0,2],[-1,1],[1,0]],[[578,283],[1,-1],[-1,-1],[-1,0],[-2,-1],[1,-1],[-3,0],[1,-1],[0,-1],[4,-1],[1,0],[0,1],[1,0],[1,-1],[-1,-1],[-1,0],[0,-2],[1,-1],[-3,0]],[[577,272],[-6,0],[-1,-1],[1,-1],[-1,-1],[1,0],[1,-1],[-2,-1],[-1,0],[0,-1],[-1,-1]],[[559,270],[-1,1]],[[558,271],[1,1],[2,0],[1,1],[0,1],[-1,0],[0,2],[-1,0],[-2,2]],[[558,278],[1,0],[0,2],[1,0],[0,2],[1,0],[1,1],[0,1],[-1,1],[0,1],[1,1],[-2,0],[-1,1],[0,1],[-1,2]],[[558,291],[4,0]],[[562,291],[4,-2],[0,-1],[-1,-1],[2,0],[2,-1],[1,1],[2,1],[0,-3],[1,0],[1,-1],[1,0],[0,-2],[3,1]],[[571,269],[1,1],[0,-1],[-1,0]],[[568,265],[0,-3],[-1,1],[-2,-1],[-1,-1],[0,-1],[-4,0],[1,1],[-2,0],[0,1],[-1,1],[-1,0],[-1,1],[1,0],[1,1],[-2,2],[0,1],[1,1],[1,0],[0,1],[1,0]],[[559,270],[2,-1],[2,1],[1,-2],[-1,-1],[2,-1],[1,-1],[2,0]],[[389,452],[1,-1],[-1,-1],[1,-1],[1,1],[0,-2],[2,0],[2,-1],[0,-2],[1,-1],[2,1],[1,1],[1,0],[0,1],[2,1],[2,0],[3,-1],[0,-2],[1,0]],[[393,407],[-1,0],[-2,-2],[-1,0],[0,-2],[-1,-1],[-2,0],[-2,-2],[-1,1],[-2,0],[0,-1],[-2,0],[0,4],[1,0],[0,1],[-2,3],[-2,0],[-1,1],[-2,1],[-1,-1],[1,-1],[-1,-2]],[[372,406],[0,1],[-1,0],[-2,2],[0,1],[-6,-2],[-1,-1],[-4,0],[0,-1]],[[357,405],[1,1]],[[358,406],[-1,1],[0,-1],[-4,0],[-2,1],[0,2],[-2,0],[-1,1],[0,2],[1,1],[0,1],[-3,0]],[[346,414],[0,1],[2,0],[1,2],[2,-1],[2,2],[0,1],[1,0],[1,1],[0,1],[1,1],[-2,1],[-4,0],[-2,2],[0,1],[-1,1],[-5,0],[0,3],[-1,0],[0,1],[-4,0],[-2,2],[0,1],[2,0],[0,-1],[1,2],[0,2],[-2,2],[-1,2],[-3,0]],[[332,441],[-1,1],[0,1],[2,1],[2,0],[0,1],[1,2],[3,1],[1,0],[3,1],[0,2],[1,1],[1,0],[2,1],[1,0],[0,1],[4,0],[0,1],[-1,0],[2,2],[3,0],[0,-1],[1,1],[0,1]],[[357,458],[4,-1],[2,-1],[3,0]],[[366,455],[0,1]],[[366,456],[1,0],[0,-1],[3,0],[0,-2],[1,0],[0,1],[2,-1],[1,1],[2,0],[0,-1],[1,-1],[2,1],[2,0],[0,-2],[1,0],[0,-1],[2,0],[0,-1],[1,1],[0,1],[2,0],[2,1]],[[402,524],[1,-2]],[[403,522],[0,-1],[-2,0],[-2,-2],[1,0],[1,-1],[1,-2],[-1,0],[-1,-1],[-2,0],[1,-1],[-2,-1],[-2,1]],[[395,515],[0,-1]],[[395,514],[0,-1],[-1,-1],[-3,0],[0,1],[-4,0],[0,1],[-2,0],[0,1],[-3,0],[-1,1],[-1,2]],[[379,518],[1,0]],[[380,518],[0,1],[1,0],[2,1],[0,1],[-1,0],[0,1],[-1,1],[2,0],[4,1],[2,-1],[5,0],[1,1],[1,-1],[4,-1],[0,1],[1,1],[1,0]],[[400,525],[-1,0],[0,1],[1,0],[0,-1]],[[400,525],[1,0]],[[455,416],[-1,-1],[0,-1],[-1,-2],[-1,-1],[0,-1],[-2,0],[0,-1],[-1,-1],[0,-1],[-1,0],[-2,-1],[0,-1],[-2,0],[-1,-1]],[[443,404],[-3,-2],[-3,-1],[0,1],[-1,1],[-1,-1],[0,-1],[-2,1],[-2,0],[-2,1],[0,1],[-2,1],[-1,-1],[-1,0],[-1,1],[-1,-1],[0,-1],[1,-1],[-2,-4],[0,-1],[-1,-1]],[[421,396],[-4,0],[-2,2],[-2,0],[-1,1],[-2,0],[-1,1],[0,1],[-1,0],[-2,-1],[-3,0],[-1,-1],[-7,4],[-1,0],[0,4],[-1,0]],[[393,407],[-1,1],[-1,0],[0,3],[-2,0],[-1,1],[1,2],[1,1],[0,3],[1,0],[1,3],[1,0],[1,1],[1,0],[0,1],[-1,1],[-1,0],[1,2],[0,1],[2,1],[0,1],[-2,1],[-1,0],[0,4],[-1,1],[1,0],[3,-3],[4,0],[1,-1],[1,0],[-1,-1],[4,-2],[2,0],[2,2],[1,0],[1,1],[-1,1],[-1,0],[0,2],[1,1],[2,3],[-3,0],[-2,5],[0,1],[1,1]],[[408,445],[1,0],[1,-1],[2,0],[0,-1],[1,-1],[1,0],[1,2],[1,1],[3,0],[1,2],[0,1],[-1,0],[-1,1],[1,1],[1,0]],[[420,451],[0,1],[2,0],[1,1],[1,-1],[0,2],[1,0],[0,-1],[4,0],[0,-1],[9,0],[0,-2],[1,0],[2,-1],[1,0]],[[420,451],[0,-1]],[[420,450],[1,0],[-1,1]],[[458,47],[0,-2],[-1,-1]],[[458,44],[-1,0]],[[457,44],[0,-3],[-1,0],[1,-1],[-3,-1],[-1,1],[-1,-1],[-1,0],[-1,-1],[-2,0],[-1,-1],[0,1],[-1,0],[0,-2],[1,0],[0,-1]],[[447,35],[-1,0],[0,-1],[-3,0],[-2,-1],[0,1],[-1,0],[-1,1],[-2,0],[-1,-2],[-2,2],[-3,0],[-1,1],[1,1],[0,4],[-2,0],[0,1],[-3,0],[0,-1],[-2,0],[0,-1],[-1,-1],[0,-2],[-1,0],[0,-1],[-1,-1],[0,-1],[-1,0],[-2,-1],[-3,-1],[-2,1],[-3,0],[-2,1],[-1,0],[-4,1],[-1,0]],[[402,35],[5,5],[2,0],[0,1],[2,0],[0,2],[2,0],[0,1],[1,0],[1,-1],[2,1]],[[417,44],[0,-1],[3,0],[1,1],[1,0],[0,-1],[1,0],[0,1],[3,2],[1,0],[1,1],[0,2],[2,0],[1,1],[0,1],[1,0],[0,1],[5,0],[0,-1],[1,0],[4,-1],[1,-1],[1,1],[3,-1],[0,1],[3,3],[3,0],[0,-1],[2,0],[0,1],[2,0],[1,-3],[0,-3]],[[537,107],[2,0],[-1,-2],[-1,0],[-1,-2],[-3,-3],[-1,0],[1,-2],[3,0],[0,1],[2,-1],[1,-1],[-1,-1],[1,-2],[1,0],[0,-2],[-1,0],[0,-1],[-1,-1],[0,-2],[-1,0],[0,-3],[-1,1],[-2,-1],[0,-1],[1,0],[0,-4],[-1,0],[0,-1],[2,0],[-2,-2],[0,-1],[-2,0],[0,-1],[1,0],[1,-1]],[[534,74],[-1,-1],[0,-2],[-1,-1],[0,-3],[1,0],[0,-1],[2,-1],[0,-1],[-4,0],[-1,-1],[1,0],[0,-1],[-1,-1],[0,-4],[-2,0],[0,-1],[1,-1],[1,0],[0,-2],[1,1],[2,0],[0,1],[1,0],[2,1],[0,1],[1,1],[1,0],[2,1],[0,-1],[-1,-1],[0,-1],[-1,0],[-1,-1],[0,-1],[-1,-2],[-1,-1],[0,-1],[6,0],[1,1],[1,0],[1,-1],[6,0],[0,-1],[-1,-1],[0,-1],[1,0],[2,-2],[2,-1]],[[554,44],[-1,0],[0,-2],[-1,-1],[-2,-1],[-3,0],[-2,-1],[0,-2],[1,0],[0,-2],[1,-1]],[[547,34],[-4,0],[-1,-1],[-3,0],[0,-1],[-3,0],[-1,-1],[-2,1],[0,2],[-4,0],[-3,1],[-1,1],[0,1],[-7,0],[-1,1],[-2,0],[0,-1],[-2,0],[0,-3],[-6,0],[-3,1],[-2,0],[0,1],[-2,1],[1,1],[0,2],[2,0],[-1,1]],[[502,41],[0,2],[-2,0],[-1,1],[1,0],[2,2],[2,1],[1,0],[0,4],[-1,0],[-1,1],[0,1],[1,0],[-2,1],[-2,0],[0,5]],[[499,59],[1,0]],[[500,59],[0,1],[1,0],[0,1],[-1,1],[-1,0],[0,1],[-1,1],[0,1],[-1,3],[-2,0],[-1,1],[-3,0],[-2,1],[1,0],[0,1],[-1,0],[0,1],[-1,0],[0,1],[-2,2]],[[486,75],[0,2],[1,1],[1,0],[1,-1],[0,1]],[[490,78],[-1,0]],[[489,78],[0,1],[2,0],[0,-1],[1,2],[-1,1],[0,1],[-1,0],[-1,1],[1,1],[1,0],[1,-1],[0,-1],[1,-1],[1,0],[0,1],[2,1],[1,0],[1,1],[2,0],[0,1],[1,0],[2,2],[0,-2],[2,0],[1,1],[0,1],[1,1],[0,1],[-1,1],[2,2],[1,-1],[2,0],[1,-1],[2,0],[1,-1],[1,0],[0,-1],[1,-1],[1,0],[1,2],[2,2],[0,1]],[[520,92],[1,0]],[[521,92],[0,2],[1,0],[0,2],[2,0],[1,1],[0,1],[1,0],[0,1],[-1,1],[1,1],[1,0],[0,4],[-1,1]],[[526,106],[2,0],[1,1],[1,-1],[0,1],[1,0],[0,1],[2,-1],[0,-2],[4,2]],[[530,53],[0,0]],[[512,76],[1,0],[2,-2],[1,1],[2,0],[0,-1],[1,0],[1,1],[1,0],[-1,-1],[2,-1],[0,3],[-1,1],[0,1],[1,1],[-1,2],[-1,0],[0,1],[1,0],[0,1],[-1,0],[-1,1],[-3,-3],[-2,-1],[-1,0],[-1,-1],[-2,0],[0,-1],[2,0],[0,-2]],[[536,82],[0,0]],[[833,169],[-1,0],[-1,-1],[1,0],[0,-1],[-2,-1],[-1,0],[0,-1],[-2,0],[-1,1],[-2,-2]],[[824,164],[-1,-1],[0,1],[-2,0],[0,-1],[-1,1],[-1,0],[0,1],[-2,0],[-1,1],[-1,0],[0,1]],[[815,168],[0,-1]],[[815,167],[-3,2],[-1,0],[-1,2],[0,1],[2,-1],[3,0],[0,1],[5,0],[1,-1],[1,1],[1,0],[1,-1],[0,1],[1,0],[0,-1],[1,-1],[2,0],[1,1],[4,0],[0,-2]],[[726,202],[-2,1],[-3,0],[0,1],[-1,1],[1,0],[2,1],[2,0],[0,1],[-1,1],[1,1],[0,2],[1,0],[0,1],[3,0],[1,-1],[1,0],[1,-1],[0,-1],[4,0],[0,1],[4,0],[0,-4],[-1,0],[-1,-1],[-2,0],[-1,-1],[-1,0],[-1,-1],[-3,0],[0,-1],[-1,0],[0,1],[-1,0],[0,-1],[-2,0]],[[805,189],[-1,-4],[-4,0],[0,-1],[-1,0],[0,-1],[-2,1],[-2,-1],[-1,1],[-1,0],[-2,-2],[-2,0],[0,-1],[-1,-1],[-1,-2],[1,-1],[0,-1],[-1,0],[0,-1],[1,0],[0,-1],[-1,0],[-1,-1],[0,1],[-2,0],[0,-1],[-1,1],[-3,0],[-1,-2],[0,-1],[-3,0]],[[776,171],[-1,0],[0,1],[-2,0]],[[773,172],[-2,2],[0,3],[-2,0],[-1,1],[0,-1],[-1,1],[-3,0],[-1,1],[-2,0],[0,1],[-1,1],[-2,0],[0,1],[-3,3],[0,1],[1,0],[0,2],[-1,1],[-2,0],[0,1],[-1,0],[0,3],[1,1],[-1,0],[-1,1],[0,1]],[[751,196],[1,1],[-1,1],[-1,0],[-1,1],[1,0],[1,1],[0,1],[1,0],[1,-1],[2,-1],[2,0],[2,1],[1,1],[0,3],[-1,1],[1,0],[0,1],[-1,1],[0,1],[1,1],[2,0],[0,1],[1,0],[-1,1],[0,2]],[[761,213],[1,0]],[[762,213],[0,2],[1,1],[1,-1],[1,1]],[[765,216],[2,-2],[4,0],[0,-1],[1,0],[0,1],[1,1],[1,0],[0,1],[1,0],[0,-1],[4,0],[1,-1],[0,-2],[-2,0],[2,-2],[2,-1],[0,-1],[1,-1],[7,0],[0,1],[1,-1],[3,-1],[1,-1],[2,0],[1,1],[0,-2]],[[822,219],[1,-1],[2,0],[1,-1],[1,0],[0,-1],[2,0],[0,-1],[1,0],[1,-1],[1,0],[0,4],[3,1],[2,-1],[3,0],[1,-1],[0,-1],[2,-2],[0,1],[2,0],[0,-1],[1,-2],[1,-1],[1,-3],[1,0],[1,-1],[4,0],[1,-1],[0,1],[2,0],[0,-1],[2,-2],[1,-3],[2,-1],[1,0],[0,-1],[3,-3],[-1,-1],[0,-1],[0,0],[0,-1],[3,0],[0,-1],[-2,-2],[0,-2],[-3,-3]],[[863,185],[-2,2],[0,-1],[-1,-1],[-2,1],[-2,0],[0,-1],[-1,-1],[2,-2],[-7,0],[0,-1],[-1,0],[-1,1],[0,-1],[-1,0],[0,1],[-2,0],[-1,-1],[-3,0],[0,1],[-2,0],[0,1],[-2,0],[0,2],[-3,0],[0,2],[-3,0],[0,-1],[-3,0],[-1,-1],[-2,2],[-1,2],[-1,1],[0,1],[-4,0],[0,-1],[-3,0],[0,1],[-1,-1],[0,-2],[-2,0],[0,1],[-3,0],[0,-1],[-1,-1],[-4,2]],[[805,189],[-1,1],[0,2],[-1,0],[-2,2],[1,0],[1,1],[0,3],[-1,-1],[-2,2],[-5,0],[2,1],[1,0],[0,1],[1,1],[0,1],[-1,0],[-1,1],[1,0]],[[798,204],[6,0],[0,2],[3,0],[1,1],[0,1],[-1,0],[0,1],[1,0],[-1,2],[1,1],[1,0],[0,1],[-1,0],[0,2],[-1,1],[1,0],[1,1],[2,-2],[0,1],[1,0],[0,-1],[1,0],[1,2],[2,1],[0,1],[1,1],[1,-1],[1,0],[1,1],[1,-1],[1,0]],[[526,278],[4,0],[1,-1],[0,-1],[1,0],[0,-1],[-2,0],[1,-2],[4,-1]],[[535,271],[0,1]],[[535,272],[1,0],[2,-2],[2,0],[1,-1],[1,0],[3,-1]],[[545,268],[-1,-2],[0,-2],[1,0],[0,-1]],[[544,262],[1,1]],[[545,263],[1,-1]],[[547,263],[-1,-1]],[[546,262],[1,0],[1,-1],[0,-1],[1,0],[0,-1],[-1,-1],[0,-3],[1,0],[0,-1],[-3,-3],[-2,-1],[0,-1],[-1,-1],[-1,0],[-1,-1]],[[541,247],[-4,0],[-1,1],[-3,0],[-2,-1],[-1,-1],[-1,0],[-2,-1],[0,-1]],[[528,244],[-1,0]],[[527,244],[0,-1],[-1,0],[0,-2],[-2,0],[-1,-2],[-2,0],[0,-2],[1,0],[0,-1],[-2,-2],[2,-2],[0,1],[1,0],[0,-2],[2,0],[0,-1],[-1,0],[1,-1],[0,-2],[-1,0],[0,-1],[-1,-2],[-3,0]],[[520,224],[-4,0],[0,1],[-1,1],[-4,0],[-2,-1],[0,-2],[-11,0],[0,-1],[-1,1],[0,-1],[-1,-1],[0,-1],[1,0],[-2,-1]],[[495,219],[-2,2],[-1,0]],[[492,220],[0,1]],[[492,221],[0,1],[-1,0],[-2,1],[0,1],[-1,0],[0,1],[-1,0],[0,1],[-1,0],[0,-1],[-1,0],[0,1],[-2,0],[0,1],[-3,0],[-1,1],[-1,-1],[0,3]],[[478,230],[1,0],[-1,1],[-1,0],[-1,1],[1,0],[0,2],[-4,0],[-1,1],[1,0],[0,1],[2,0],[0,1],[2,1],[1,0],[-1,1],[1,1],[-1,1],[-1,0],[-2,2],[-1,0],[-1,-1],[-1,1],[0,1],[-2,0],[1,1],[-2,0],[-1,1],[0,1],[-2,0],[0,1],[-1,-1],[0,2],[1,0],[-1,2],[0,2],[-1,0],[0,1],[1,0],[0,1],[-1,0]],[[462,255],[1,0]],[[463,255],[0,1],[1,1],[0,-1],[2,0],[0,2],[1,0],[-3,3],[2,2],[-1,1],[-1,0],[-2,1],[-1,1],[1,1],[1,0],[0,1],[-1,0],[1,1],[0,1],[-1,1]],[[462,271],[2,1],[2,-1],[1,1],[0,1],[-1,2],[-1,1],[-1,2],[-1,1],[-3,0],[2,2],[1,0],[0,2]],[[463,283],[1,-1],[1,1],[3,0],[2,2],[5,0],[2,-2],[1,0],[1,-1],[-1,-1],[0,-1]],[[477,280],[1,0]],[[478,280],[0,-1],[1,-1],[1,0],[0,-1],[2,-2],[3,2],[2,0],[1,-1],[0,-1],[4,0],[1,1],[1,0],[0,1]],[[493,277],[1,0]],[[494,277],[4,0],[1,-1],[0,-1],[1,0],[0,1],[1,-1],[1,0],[0,1],[2,2],[2,0],[0,2],[1,0],[1,-1],[1,0],[0,-1],[1,0],[0,1],[1,0],[1,-1],[1,0],[1,1],[3,0],[0,-2]],[[517,277],[-2,0],[0,-1],[1,0],[1,1]],[[517,277],[2,0],[0,-1],[4,0],[0,1],[3,1]],[[513,266],[-1,0],[0,-1],[-4,0],[0,-1],[-1,-1],[0,1],[-5,0],[0,-2],[1,-1],[1,0],[0,-2],[-3,0],[-1,-1],[1,-1],[1,0],[0,-1],[3,0],[0,-1],[2,0],[1,1],[2,-1],[1,-1],[2,0],[0,-1],[3,0],[0,-1],[4,0],[-1,1],[0,1],[1,1],[-2,1],[-1,1],[1,1],[-1,0],[1,1],[1,2],[1,0],[2,1],[-1,1],[-3,1],[-2,0],[-2,1],[0,1],[-1,0]],[[612,492],[6,0],[1,1],[1,0],[1,1],[3,-1],[2,-1],[0,-1],[2,2],[1,-1],[1,0],[0,1],[1,0],[1,-1],[2,-1],[1,-1]],[[605,454],[0,1],[1,1],[0,1],[1,0],[1,-1],[1,1],[0,1],[-1,0],[0,1],[-1,1],[0,1],[2,0],[0,2],[3,0],[1,1],[-1,2],[2,0]],[[619,477],[0,1],[2,0],[1,1],[3,0],[0,1],[1,1],[1,0],[0,1],[3,0],[2,1],[0,1],[1,1],[1,0],[-1,1],[1,1],[0,2],[-1,0],[2,1]],[[635,490],[0,-3],[1,0],[1,1],[4,-2],[-1,-1],[2,0],[0,-1],[1,0],[0,1],[11,0],[0,1],[2,0],[0,-1],[1,-1],[1,0],[1,-1],[-1,0],[0,-1],[3,0],[1,1],[0,-1],[1,0],[0,-1],[2,0],[1,-1],[-1,0],[0,-1],[-1,-1],[1,-1],[1,0],[1,1],[1,-1],[2,-1],[-1,0],[0,-1],[1,0]],[[662,426],[-2,-1],[1,-2],[-1,-1],[-2,0],[0,-1],[-3,0],[-1,-1],[0,-1],[2,-2],[3,0],[1,1],[0,-1],[1,-1],[0,-1],[1,0],[2,-2],[0,-1],[-2,0],[-1,-1],[1,-1],[0,-1],[-1,0],[-1,1],[-1,-1],[-3,-1],[0,-1],[1,-1],[3,0],[0,-1],[-1,0]],[[659,405],[-2,-1],[-1,0],[-1,-1],[-1,0],[-1,-1],[-2,0],[-2,-2],[-1,1],[1,1],[-1,0],[-2,2],[-2,0],[-1,-1],[-1,0],[-1,1],[0,-1],[-1,0],[-1,-1],[-2,-1],[-1,1],[-1,-1],[-7,-1],[-1,0],[-2,1]],[[625,401],[-1,1],[-3,-1],[0,-1],[-1,-1],[-3,0],[-1,-1],[-1,3],[-3,0],[-1,1],[1,2],[-1,1],[0,1]],[[618,447],[4,0],[2,-1],[1,0],[1,1],[2,1],[1,-1],[1,1],[6,0],[2,2],[-1,1],[0,1],[1,0],[1,1],[1,0],[0,-1],[1,-1],[6,0],[1,1],[1,0]],[[649,453],[0,-1]],[[649,452],[1,-1],[3,0]],[[695,455],[0,-1],[-1,0],[1,-1],[0,-1],[1,-1],[3,0],[0,-1],[-2,-2],[-1,0],[-2,1],[-1,-2],[0,-2],[1,-1],[1,1],[2,0],[1,-1],[-2,-1],[0,-2],[1,-1],[-1,0],[2,-2],[5,0],[0,-1]],[[703,437],[-1,-1],[0,-1],[-1,0],[-2,-2],[-2,0],[0,-2],[-5,0],[-1,1],[-1,0],[0,-1],[-1,0],[-1,-1],[1,-1],[-2,0],[0,1],[-1,1],[-2,0],[0,-3],[-2,-1],[-1,0],[-1,-1],[2,-1],[3,0],[0,-1],[-3,0],[-1,-1],[-2,1],[-2,0],[-1,-1],[0,-1],[-2,-1],[-3,0],[0,1],[-1,1],[2,2],[-1,0],[1,1],[-1,1],[-1,0],[-2,2],[2,2],[-1,1],[-1,0],[0,-1],[-2,-1],[0,-2],[-2,-1],[-1,1],[0,-1],[-1,-1]],[[662,426],[-1,2],[-4,0],[0,1],[-1,1],[0,1],[-1,0],[0,1]],[[656,432],[-1,0]],[[655,432],[0,1],[1,1],[0,1],[-3,0],[0,1],[1,0],[0,6],[2,2],[1,0],[0,2],[2,0],[0,1],[1,0],[1,1],[1,0],[-2,1],[-2,0],[0,1],[-1,1],[-3,0]],[[654,450],[0,1]],[[654,451],[-1,0]],[[653,451],[0,2],[3,0],[1,1],[1,2],[-1,1],[-1,0],[0,2],[1,1],[2,0],[0,1],[-2,0],[-1,1],[0,1],[-2,0],[1,1],[2,1],[2,0],[0,2],[1,0],[-1,1],[3,0],[0,1],[2,0],[0,2],[-1,0],[4,2],[0,-1],[3,0]],[[686,473],[0,2],[2,0],[1,-2],[2,0],[0,-2],[1,0]],[[735,476],[0,-1],[1,-4],[1,-1],[1,0],[0,-1],[1,0]],[[739,469],[0,-1],[-1,-1],[0,-1],[-1,0],[-2,1],[0,-1],[-10,0],[-1,1],[-1,-1],[1,-1],[-3,0],[-1,-1],[-2,-1],[0,-1],[-1,0],[-1,-1],[0,-1],[1,0],[-1,-1],[0,-1],[-2,0],[-1,1],[0,1],[-1,0],[0,-1],[-3,0]],[[709,460],[0,-1]],[[709,459],[-1,0],[-2,-1],[0,-2],[-2,0],[-3,-1]],[[701,455],[-1,2],[0,-2]],[[701,455],[-1,0]],[[700,455],[-1,1],[0,-2],[-1,0],[0,1],[-1,0],[-1,-1],[-1,1]],[[695,455],[0,4],[1,0],[0,1],[-1,0],[-2,1],[0,-1],[-1,0],[0,1],[-1,1],[1,0],[-1,1],[-1,0],[3,3],[0,1]],[[692,467],[1,0]],[[693,467],[2,2],[-1,0],[-2,2]],[[692,471],[2,1],[0,2],[-1,0],[2,2],[2,1],[1,2],[1,0],[0,2],[1,0],[0,1],[-2,2],[-1,0],[-1,-1],[-1,1],[1,1],[0,2],[1,1],[1,0],[0,1],[1,1]],[[699,490],[1,0],[1,1],[3,0],[0,1],[2,-1],[1,0],[0,-2],[1,0],[1,-1],[0,1],[2,0],[2,-1],[1,1],[3,-1],[0,1],[1,0],[0,-2],[4,0],[1,-2],[0,-4],[1,0],[0,1],[2,0],[0,-2],[1,-1],[-2,0],[0,-1],[5,0],[0,-1],[1,0],[3,1],[0,-1],[1,-1]],[[499,402],[-1,0],[0,-1],[-5,0],[-1,1],[1,1],[1,2],[-2,0],[-1,1],[0,1],[-1,0],[-2,3],[-1,0],[0,3],[-1,0],[0,1],[-1,-1],[-2,1],[-1,0],[-1,1],[-2,0],[-1,1],[-3,0],[0,2],[-3,3],[-3,0],[0,-1],[-1,1],[-2,0],[0,-1],[-1,0],[-1,1],[-1,0],[1,1],[-1,1],[-1,0],[-1,-1],[0,-1],[-1,0],[0,-1],[-2,-1],[-3,-3]],[[455,416],[-1,2],[1,0],[0,2],[2,2],[-1,0],[-1,2],[0,4],[-1,0],[0,1],[1,1],[4,0],[0,1],[-1,1],[-1,3]],[[495,459],[-1,-2],[0,-2],[-1,0],[0,-1],[-1,0],[0,-1],[-1,-1],[1,-1],[-1,0],[-2,-1],[-2,0],[0,1],[-3,0],[0,-1],[-1,0],[0,-1],[-1,1],[-1,0],[0,-1],[-2,0],[0,-1],[-2,0],[0,1],[-1,0],[-1,1],[-3,-1],[1,-2],[1,-1],[-1,0],[0,-1],[1,0],[-1,-2],[-2,0],[-1,-1],[0,-2],[1,0],[0,-1],[-1,-3],[-2,0],[-3,-1],[-1,-1],[0,-1],[-1,1],[0,1],[-1,0],[-1,-1],[-3,0],[0,1],[1,1],[-2,0]],[[456,436],[-1,1],[-6,0],[-1,-1],[-2,0],[-1,-1],[0,-1],[1,-1],[1,0],[-1,-1],[0,-1],[-4,0],[-2,1],[-3,0],[0,4],[2,2],[1,0],[0,1],[1,0],[0,1],[-1,1],[1,1],[1,0],[1,1],[1,2],[-1,2],[-2,1],[1,1]],[[442,449],[0,1],[2,0],[0,-1],[1,0],[0,2],[-1,1],[0,1],[1,1],[0,2],[2,1],[1,0],[1,-1],[2,2],[1,-1],[1,0],[0,1],[1,1],[0,1],[-1,-1],[-1,0],[0,2],[4,2],[0,1],[-1,0],[0,2],[-3,2],[-2,0],[-2,-2],[-1,1],[0,1],[2,2],[-3,0],[0,-1],[-1,0],[0,2],[6,0],[0,-1],[2,1],[2,0],[2,1],[-2,0],[0,1],[-1,0],[0,2],[-2,1],[0,2]],[[452,478],[2,2],[3,0],[4,-1],[1,1],[1,0],[2,-2],[1,0],[2,1],[1,-1],[1,0],[2,2],[-1,0],[0,1],[2,0],[0,1],[-1,0],[0,2],[-2,0],[0,1],[-3,0],[0,1],[-2,0],[2,2],[-1,2],[1,1],[1,0],[0,1],[1,0],[0,2],[-2,0],[-3,2],[-1,0],[1,1],[2,0],[2,1],[2,-2],[0,-1],[1,-1],[0,-1],[1,0],[1,1],[0,1],[-1,0],[0,1],[1,1]],[[457,435],[-1,0],[0,1]],[[456,436],[1,0]],[[457,436],[0,-1]],[[513,425],[-2,1],[0,1],[-1,0],[0,2],[5,0],[0,1],[2,1],[1,0],[0,1],[2,1],[4,-2]],[[525,431],[1,0],[-1,1],[1,0],[0,3],[2,1],[1,-1],[1,1],[1,0],[1,2]],[[524,431],[0,1],[1,-1]],[[525,431],[-1,0]],[[540,425],[0,1],[2,2],[0,1],[-2,2],[1,1],[0,1],[-3,3],[1,0],[-2,2],[-1,0],[0,1],[-1,-1],[-3,0]],[[532,438],[-1,1],[0,1],[1,1],[0,1]],[[571,467],[0,-1]],[[572,466],[-1,0]],[[571,466],[0,-1],[1,1]],[[572,466],[1,0],[1,-1],[-1,0],[0,-2],[3,-1],[1,0],[-1,-1],[1,-1],[1,0],[-1,-1],[-1,0],[0,-2],[1,0],[0,-1],[1,0],[0,-1],[2,0],[1,-1],[2,-1]],[[605,454],[0,-1],[1,-1],[1,1],[2,-1],[2,-2],[1,0],[0,-1],[1,-1],[2,0],[1,1],[1,0],[1,-1],[0,-1]],[[618,447],[1,-1],[-2,-1],[-1,-1],[-2,0],[-2,-1],[-3,-3],[1,-1],[0,1],[1,0],[1,-1],[1,0],[0,-1],[1,-2],[-1,-1],[0,-1],[1,0],[1,-1],[0,-2],[1,-1],[1,0],[0,-2],[1,0],[1,1],[0,-1],[2,0],[1,-1],[0,1],[1,-1],[1,0],[1,1],[2,0]],[[628,429],[-1,-1]],[[627,428],[1,-2],[-1,-1],[-2,0],[0,-2],[-2,-1],[-1,0],[-1,-1],[-1,0],[0,1],[-2,0],[-2,-1],[0,-1],[-4,0],[0,-1],[1,0],[-2,-2],[0,-1],[1,-2],[1,-1],[-1,-1],[0,-2],[1,0],[-2,-2],[1,0],[0,-1],[-1,-1]],[[611,406],[-2,0],[0,-1],[-2,-1],[1,1],[0,1],[-1,0],[-1,1],[-1,0],[0,2],[-1,1],[1,1],[0,2],[1,0],[1,1],[-2,2],[-3,1],[-1,-1],[-1,1],[-3,0]],[[596,417],[1,0]],[[597,417],[0,-1],[-2,0],[-1,-1],[0,-2],[-2,0],[-1,-1],[-3,0]],[[556,421],[2,-1],[2,2],[2,-1],[2,0],[2,2],[1,2],[0,1],[1,0],[0,1],[1,1],[-3,3],[0,2],[-1,0],[1,2],[0,1],[-1,0],[0,1],[-3,0],[0,-1],[-1,2],[0,1],[1,-1],[1,1],[1,0],[1,-1],[0,3],[1,1],[1,0],[0,-3],[2,1],[0,1],[1,1],[0,2],[1,0],[2,-1],[1,0],[1,1],[3,0],[2,1],[-1,2],[0,1],[-1,0],[0,1],[2,2],[0,1],[1,0],[-1,1],[3,0]],[[583,453],[1,1],[2,0],[1,1],[-1,1],[0,1],[2,0],[1,-1],[0,-1],[1,0],[1,-1],[1,0],[0,-1],[2,0],[0,-1],[2,0],[2,1],[1,2],[2,0],[1,-1],[-1,0],[1,-1],[3,1]],[[574,443],[-1,-1],[1,0],[0,1]],[[468,919],[3,-3],[0,-2],[-2,-1],[-1,0],[0,-1],[-2,-2],[0,-1],[1,-2],[-1,-2],[2,1],[1,2]],[[548,858],[1,-1],[-1,-1],[0,-2],[3,-1],[1,0],[1,-1],[2,0]],[[555,852],[-1,0]],[[554,852],[-1,-1],[-1,0],[-3,-1],[-1,1],[1,1],[-2,1],[0,1],[-1,-1],[-1,0],[0,-1],[-2,-1],[-1,-1],[-3,0],[-1,-1],[0,-1],[-1,0],[-2,-1],[-1,0],[-2,-2],[0,-3],[1,-1],[0,-2]],[[542,862],[1,1],[2,-1],[1,-1],[0,-3],[2,0]],[[363,849],[-13,0],[-2,1],[-4,0],[-1,-1],[-5,1],[-6,4],[-1,0],[-2,3],[0,1],[-2,3],[-2,2],[-1,2],[-2,2],[6,2],[5,0],[1,-1],[3,0],[2,1],[0,2],[-1,0],[0,2],[-2,2],[-2,4],[-1,1],[-2,1],[-2,-1],[-1,0],[-2,-1],[-1,1],[-2,0],[-1,2],[-1,3],[-1,0],[0,1],[1,4],[2,1],[1,2],[-1,0],[0,3],[1,0],[0,1]],[[337,872],[0,-1],[-1,1],[1,0]],[[307,870],[1,-1],[-1,0],[-1,1],[1,2],[1,0],[0,-1],[-1,-1]],[[588,412],[-1,0],[-1,-1],[0,-1],[1,-1],[-1,-1],[1,0],[1,-1],[0,-4],[-1,-1],[1,-1],[0,-1],[1,-1],[1,-3],[-2,0],[0,-1],[1,-2],[-2,0],[0,-1],[1,-2],[-2,-2],[1,0],[0,-3],[-1,0],[-2,1],[-3,2],[-1,-2],[0,-1]],[[580,385],[-2,0],[0,1]],[[578,386],[1,0]],[[579,386],[-2,0],[0,1],[-2,0],[-1,1],[0,1],[-1,0],[0,1],[1,1],[1,0],[1,1],[0,1],[-2,2],[0,1],[-1,0],[-1,-1],[0,2],[-3,0],[-1,-2],[-1,1],[-3,-1],[-1,0],[0,1],[-5,1],[0,-1],[1,-1],[-2,0],[-3,3],[1,0],[-2,2]],[[558,418],[3,0],[2,-1],[0,1],[2,-1],[1,1],[0,-2],[3,0],[0,2],[2,1],[1,0],[1,-1],[0,1],[2,1],[1,0],[1,1],[0,2],[1,0],[1,-1],[2,0],[1,-1],[-1,0],[0,-3],[2,0],[1,-1],[0,-1],[1,-1],[1,0],[2,-1],[1,0],[0,-1]],[[590,413],[-1,0]],[[589,413],[-1,-1]],[[533,839],[1,-1],[0,-3],[-1,-1],[0,-3],[3,0],[0,-1],[2,0],[0,-2],[2,-2],[3,0],[0,-1],[2,0],[2,1],[3,-1],[3,-3],[0,-2],[1,-1],[0,-1]],[[554,818],[-1,0],[0,-1],[-2,-1],[0,-3],[-1,-1],[0,-1],[1,-1],[-2,-1],[-6,-1],[-1,0],[0,1],[-2,0],[0,-3],[1,-1],[-2,-1],[0,-2],[1,0],[0,-1],[-2,0],[-2,-1],[-1,0],[0,-1],[-3,-2],[-3,0],[0,-1],[-3,0],[0,-3],[-2,1],[-5,0],[-1,-2],[-1,-4],[1,-1],[-1,-3],[-2,-1],[0,-1]],[[515,782],[-1,-1],[-1,0],[-2,1],[-2,0],[-1,1],[-4,0],[-3,2]],[[501,785],[-4,1],[-8,4],[-3,0],[-2,1]],[[484,791],[1,0],[-1,1]],[[484,792],[2,1],[-2,0],[0,-1]],[[484,792],[-2,0],[0,2],[-2,1],[-1,1],[-2,1],[-1,0],[0,2]],[[513,838],[2,1],[1,0],[0,-2],[-1,-1],[-1,1],[0,-1],[2,-1],[1,0],[2,-1],[1,0],[0,2],[1,0]],[[521,836],[0,1],[1,0],[0,-1]],[[522,836],[-1,0]],[[521,836],[0,-1],[1,0],[0,1]],[[522,836],[2,0],[1,-1],[1,1],[1,0],[0,1],[1,0],[1,1],[1,0],[0,2],[-1,0],[1,1],[2,-2],[1,0]],[[519,837],[0,0]],[[360,906],[-1,-1],[1,-1],[-2,0],[-1,1],[0,1],[-1,1],[0,1],[-1,1],[-2,0],[-2,2],[-1,-1],[-3,0],[-2,1],[-1,0],[0,1],[-3,0],[-1,-2],[-1,-1],[0,-1],[1,-1],[1,0],[-3,-3],[-1,0],[-2,-1],[-2,-2],[-1,0],[-1,-1],[-1,0],[0,-3],[-6,0]],[[324,897],[-1,3],[-1,1],[-3,-1],[-1,-1],[-1,0],[-1,1],[-2,1],[-1,0],[-2,-1],[-2,1],[0,-1],[-2,-1],[-1,0],[-3,1],[-2,2],[-2,1],[-1,1],[0,3],[5,0],[0,1],[2,0],[2,1],[1,0],[0,2],[-4,0],[-1,1],[0,1],[1,1],[2,1],[1,-1],[1,0],[5,1],[4,0],[2,1],[4,0],[2,-1],[2,0],[4,2],[2,2],[1,0],[3,3],[3,0],[2,2],[2,0],[-2,1],[0,3],[-2,1],[0,1],[-1,1],[-4,-2],[0,-1],[-1,-1],[0,-1],[-1,0],[0,-1],[-1,-1],[-3,-2],[-3,0],[-4,1],[-2,1],[1,1],[0,1],[-1,1],[1,1],[1,0],[2,1],[2,2],[1,0],[1,2],[0,1],[-1,0],[0,2],[2,4],[-1,2],[-2,0],[-2,2],[-1,2],[0,1],[-2,1],[-1,0],[-3,1],[-3,2],[0,2],[-1,2],[-2,1],[-3,0],[-1,1],[1,0],[1,1],[1,0],[-1,1],[0,1],[-1,1],[0,1],[1,1],[-2,2],[-3,0],[0,1],[-2,2],[-1,2],[-3,1],[1,2],[0,3],[-1,1],[2,1],[1,0],[1,1],[0,1],[5,0],[4,-2],[6,0],[2,1],[2,0],[1,1],[1,0],[2,-2],[1,0],[0,1],[9,0],[9,-3],[1,0],[1,-1],[7,0]],[[323,941],[-2,-1],[-1,1],[3,0]],[[322,933],[-1,0],[-1,1],[-2,0],[2,1],[2,-2]],[[312,944],[-3,0],[1,1],[3,1],[0,-1],[-1,-1]],[[312,923],[0,0]],[[308,949],[-2,1],[2,0],[0,1],[1,-1],[-1,-1]],[[305,927],[-3,-1],[-2,0],[-3,2],[-1,2],[0,1],[1,1],[3,0],[2,1],[3,1],[1,0],[3,1],[0,-2],[-1,-3],[0,-1],[-3,-2]],[[303,945],[-7,0],[-4,-2],[-2,1],[1,1],[7,1],[4,1],[1,1],[1,-1],[0,-1],[-1,-1]],[[293,960],[3,-1],[0,-3],[1,0],[-1,-1],[0,-1],[-1,-1],[0,-1],[-2,-2],[-3,1],[-7,0],[-4,2],[-3,0],[-1,1],[0,1],[1,2],[1,0],[1,2],[2,0],[4,1],[9,0]],[[289,937],[2,0],[2,1],[2,-2],[0,-1],[-4,0],[0,1],[-2,0],[-1,1],[0,1],[1,-1]],[[278,999],[3,-1],[0,-1],[-2,1],[-3,-1],[0,-1],[3,0],[1,-1],[0,-1],[-4,-2],[-1,0],[-4,-4],[1,-3],[0,-5],[2,-2],[3,-1],[2,-1],[6,0],[3,1],[5,0],[-6,-1],[-2,-1],[-3,-2],[-5,-1],[-1,0],[-3,2],[-1,2],[-3,0],[0,-1],[-1,-1],[-2,0],[-1,-1],[-1,-3],[0,-1],[1,-1],[0,-1],[-1,-1],[0,-2],[1,-1],[-1,-4],[-1,1],[0,5],[1,10],[0,4],[1,1],[1,3],[1,2],[3,4],[3,6],[3,3],[2,1]],[[293,923],[-1,-1],[-1,1],[1,1],[1,-1]],[[289,931],[-1,0],[0,1],[1,-1]],[[275,942],[-2,-1],[-3,3],[-1,0],[-4,3],[0,1],[-1,1],[2,2],[3,2],[1,0],[0,-3],[2,-3],[1,-1],[1,0],[0,-2],[1,0],[0,-1],[1,0],[-1,-1]],[[588,923],[2,-3],[1,-1],[2,-4],[-2,0],[-4,1],[-6,0],[0,1],[-3,0],[0,-2],[-6,0],[-2,1],[-1,1],[1,1],[0,1],[-1,2],[-5,0],[-2,-1],[-2,0],[-1,1],[1,1],[0,3],[1,2],[2,3],[3,2],[10,-2],[2,0],[2,-1],[1,0],[3,-1],[2,-2],[0,-1],[2,-2]],[[580,916],[0,0]],[[542,862],[0,-2],[-1,0],[0,-1],[-1,0],[0,-3],[-1,0],[0,-1],[-1,0],[-1,-1],[-2,0],[0,-1],[-1,1],[-1,0],[-1,-1],[-2,0],[-2,-1],[-2,0],[-1,-1],[-2,0],[-2,-2],[0,-1],[-2,0],[0,1],[-3,0],[-1,1],[-2,0]],[[528,903],[6,0],[3,1],[5,3],[2,2],[1,0],[6,3],[2,0],[1,1],[3,-1],[3,0],[-1,-1],[2,0],[6,1],[1,1],[1,0],[2,1],[0,-1],[1,1],[1,-1],[0,-1],[-1,-1],[-3,-2],[-4,0],[0,-1],[2,0],[0,-6],[1,-1],[0,-7],[1,-2],[0,-3],[-1,-1],[-2,0],[-2,-2],[-8,-4],[-2,0],[-1,-1],[0,-1],[-2,-1],[-3,-3],[-4,-2],[-1,1],[-4,0],[0,1],[-1,0],[-1,-1],[0,-1],[-2,-2],[-1,0],[-2,-2],[0,-2],[2,-3],[2,-2],[4,0],[2,-1]],[[569,919],[-1,1],[1,0],[0,-1]],[[564,919],[0,-1],[-1,0],[1,1]],[[563,919],[0,0]],[[444,819],[-4,0],[0,-2],[-1,0],[-3,-3],[0,-1],[-1,0],[0,-1],[-1,0],[-1,-1],[-1,0],[0,-1],[-2,0],[-1,1],[-2,1],[1,1],[-2,1],[-1,0],[0,2],[-1,0],[0,-2]],[[423,814],[1,0]],[[424,814],[0,-1],[-1,0],[0,-1],[-1,0],[0,-1],[-1,-1],[1,-1],[-1,0],[0,-1]],[[421,808],[-7,0],[0,1],[-3,2],[-2,0],[-1,1],[-6,2],[-1,3],[-1,1],[0,1],[1,0],[0,-1],[1,-1],[-1,2],[0,3],[-3,4],[0,1]],[[401,820],[-1,0],[0,1],[1,-1]],[[398,820],[0,1]],[[398,821],[0,1],[-1,0],[0,2],[-2,2]],[[396,826],[2,-2],[0,-1],[1,-1],[0,-1],[-1,-1]],[[224,887],[-2,0],[1,1],[1,-1]],[[221,886],[-1,0],[-1,1],[1,0],[1,-1]],[[528,903],[0,-2],[-1,0],[0,-2],[1,0],[0,-1],[1,0],[-1,-1],[0,-3],[-1,0],[-1,-1],[0,-2],[2,0],[-2,-2],[-1,0],[-1,-1],[-1,1],[0,1],[-1,1],[-1,0],[-1,1],[-4,0],[0,1]],[[517,893],[-1,0]],[[516,893],[-7,0],[1,-1],[0,-1],[-1,0],[0,-1],[-1,-1],[-1,-2],[-3,0],[-1,-1],[0,-1],[1,0],[0,-1],[1,0],[1,-3],[3,0],[0,-2],[-6,0],[0,-1],[-1,-1],[-2,1],[0,1],[-2,0],[0,1],[-2,-2],[0,-2],[1,0],[0,-1],[-1,-1]],[[456,871],[-3,0],[0,1],[1,0],[0,1],[-1,0],[-1,1],[1,1],[0,1],[-1,0],[0,3],[1,0],[1,1]],[[463,896],[4,0],[0,1],[2,-1],[1,0],[0,1],[2,1],[0,1],[1,1],[-2,2],[0,2],[2,0],[1,1],[-1,1],[0,-1],[-1,0],[0,2],[-3,1]],[[469,908],[0,1],[1,1],[1,0],[0,2],[2,1],[0,1],[1,1],[0,1],[1,1],[7,0],[-1,1],[2,1],[6,0],[4,-1],[1,-1],[4,-2],[5,-2],[3,0],[2,-1],[1,0],[6,-2],[4,-2],[2,-2],[1,0],[1,-1],[1,0],[0,-1],[1,-1],[3,0]],[[453,945],[1,-2],[-1,-1],[0,-8],[-3,-3],[0,-1],[-8,-4],[-5,-2],[-4,0],[0,-2],[2,-1],[6,0],[0,1],[2,1],[7,0],[0,1],[3,0],[11,2],[3,-2],[4,-2],[1,0],[-1,-1],[-1,0],[-2,-2]],[[468,919],[-1,-1],[0,-1],[-1,-1],[-1,0],[0,-3],[-2,-2],[-5,0],[0,-1],[-4,0],[0,-2],[3,0],[1,-1],[1,1],[2,0],[0,-2],[-1,-1],[-2,0],[-1,1],[-2,0],[0,-4],[1,0],[0,-2],[3,0],[0,1],[1,-1],[0,-1],[-1,-1],[1,-1],[2,0],[1,-1]],[[463,896],[-2,-2],[1,0],[1,-1],[1,0],[0,-1],[-1,0],[1,-1],[0,-2],[-1,-1],[0,-3],[1,0],[-1,-1],[0,-2]],[[464,882],[-1,0]],[[463,882],[-1,-1],[1,0],[0,-1],[-2,0],[-1,1],[-1,-1],[-5,0]],[[454,880],[-1,0],[-1,1],[0,1],[-2,0],[-1,1],[-1,-1],[0,-1],[-1,0],[-3,-3],[0,-1],[-2,0],[0,-2],[1,-1],[0,-1],[-1,-1],[0,-1],[1,0],[-1,-1],[3,0],[0,-1],[-1,-1],[0,-2]],[[375,872],[0,3],[1,0],[-1,3],[0,1],[-1,0],[1,1],[1,0],[4,2],[1,1],[2,0],[1,1],[1,0],[2,1],[1,0],[1,1],[0,1],[-1,0],[0,1],[1,0],[0,1],[-1,1],[0,1],[1,0],[0,1],[-1,0],[0,2],[1,0],[0,1],[-2,2],[-2,0],[0,2],[-1,1]],[[415,927],[2,-1],[1,0],[1,2],[-2,2],[1,0]],[[419,930],[1,1],[0,-1],[1,1],[1,0],[0,1],[1,1],[0,1],[2,0],[0,1],[2,0],[2,1],[0,1],[2,1],[1,0],[1,1],[2,1],[2,0],[1,1],[4,2],[1,0],[0,1],[1,1]],[[415,927],[-1,0],[-1,-1],[-2,-1],[-1,-1],[0,-1],[1,0],[0,-1],[-3,-2],[-2,0],[0,-1],[-4,0],[-1,-1],[0,-2],[1,0],[0,-1],[-1,0],[0,-1],[1,-1],[1,-2],[-1,-2],[-3,0],[0,-1],[-2,0],[-2,-1],[-6,0],[-3,1],[0,-1],[-2,-2],[1,0],[0,-3]],[[384,902],[1,0]],[[385,902],[0,-1],[-1,0],[0,-1]],[[384,900],[-1,0],[-1,1],[-1,0],[0,-1],[-1,-1],[-2,0],[-1,1],[-1,-1],[-1,0],[-1,-1],[0,1],[-2,0],[0,2],[-2,0],[1,1],[-2,1],[2,0],[0,3],[-1,0],[0,1],[-3,0],[-1,1],[-1,0],[0,-1],[1,0],[0,-2],[-3,0],[0,-1],[-1,0],[0,2],[-2,0]],[[360,906],[0,2],[1,0],[0,1],[1,0],[0,1],[2,0],[0,2]],[[364,912],[-1,0],[1,1],[0,-1]],[[364,912],[2,0],[3,-1],[1,0],[0,1],[-1,0],[0,1],[1,0],[-1,1],[1,0],[0,1],[2,2],[1,0],[1,2],[1,0],[2,2],[0,1],[-1,0],[0,1],[-1,0],[1,1],[-3,3],[-1,0],[0,3],[1,0],[1,1],[-1,1],[2,2],[0,1],[-2,0],[0,1],[-1,1],[-3,0],[0,1],[-1,0],[1,1],[0,1],[1,0],[0,1],[-2,0],[-4,4],[0,1],[1,0],[0,1],[-1,0],[-1,1],[-2,0],[0,1],[-1,0],[-1,3],[1,1],[-2,0],[-1,-1],[-2,0],[-7,1],[1,0],[1,1],[0,3],[-1,1],[0,1],[1,0],[0,1],[1,1],[2,1],[0,1],[1,1],[-1,1],[-1,3],[-2,0],[0,1],[1,0],[2,1],[0,2],[1,2],[-1,0],[0,1]],[[353,975],[4,0],[3,-1],[2,0],[2,-1],[3,-1],[1,0],[-1,-1],[0,-1],[1,-2],[0,-1],[4,0],[1,-1],[0,1],[4,0],[2,-1],[0,1],[3,2],[0,1],[1,1],[4,0],[0,-2]],[[387,969],[-2,0],[1,-1],[-1,0],[0,-3],[-2,0],[-3,-1],[2,-3],[1,-1],[8,0],[0,1],[2,1],[2,0],[1,1],[0,4],[-1,1],[0,1]],[[395,969],[1,0],[0,1],[1,1],[6,2],[3,3],[1,-1],[0,-1],[-1,-2],[0,-1],[1,-1],[3,0],[1,-1],[3,0],[6,-2],[4,-1],[3,0],[5,-5],[2,-1],[2,0],[2,2],[1,0],[1,-1],[0,1],[-1,1],[0,2],[1,1],[5,-3],[3,-3],[0,-4],[1,-1],[1,0],[1,-1],[2,-1],[0,-1],[1,0],[0,-2],[-1,1],[0,1],[-1,0],[-2,-1],[-1,0],[0,2],[-1,0],[-1,-1],[1,-1],[-1,0],[-3,-1],[-1,-3],[0,-3],[-2,0],[-1,1],[0,-1],[-1,0],[-2,-1],[-1,-1],[0,-1],[-2,0],[-2,-1],[-1,-1],[-1,0],[-2,-2],[-3,0],[0,1],[-1,-1],[1,-1],[-4,-4],[-2,0],[0,-2]],[[419,930],[-1,0]],[[418,930],[-1,1],[-3,0],[-3,-1],[-1,-1],[-1,1],[1,1],[-3,0],[0,-1],[-2,-1],[-4,0],[0,-1],[3,0],[6,1],[1,0],[4,-2]],[[453,948],[0,1],[1,0],[0,-1]],[[453,945],[-1,1],[-2,0],[-2,-1],[0,1],[-1,0],[0,-1],[-1,-1],[-2,1]],[[444,945],[-1,2],[1,0],[-1,1],[2,2],[3,0],[1,-1],[1,0],[0,1],[1,-1],[0,-1],[2,0]],[[453,948],[1,0]],[[454,948],[0,-1],[-1,-2]],[[496,874],[1,-1],[1,0],[0,-1],[2,-1],[3,0],[2,2],[2,0],[1,-1],[3,0],[0,-2],[-1,0],[0,-3],[-1,-1],[-3,0],[0,1],[-3,-1],[0,-1],[-1,0],[-3,-3],[5,0],[1,-1],[3,0],[0,-1],[-1,0],[-1,-2],[2,0],[2,-2],[0,-2],[-2,-1]],[[458,825],[-1,-2],[0,-1],[-2,0],[-1,1],[-4,-1],[-1,0],[0,-4],[-5,1]],[[444,819],[-1,3],[1,1],[0,2],[1,1],[0,1],[1,1],[-1,0],[0,1],[2,0],[1,1],[-1,0],[0,1],[1,0],[0,2],[-1,1],[-1,0],[0,-1],[-2,-1],[-4,-1],[-2,1],[1,0],[0,2],[-2,1],[-1,0],[0,1],[1,2],[0,1],[-2,1],[0,1],[-2,0],[0,-1],[-1,1],[-1,0],[0,1],[1,1],[-1,0],[0,1],[-1,0],[-1,1],[-2,0],[0,1],[-3,1],[-1,3]],[[435,865],[4,0],[1,1],[1,-1],[1,0],[2,1]],[[444,866],[3,0],[0,1],[4,0],[0,1],[3,0],[0,1],[1,1],[1,0],[0,1]],[[456,871],[14,0],[1,1],[1,0],[0,1],[2,0],[2,1]],[[477,874],[-1,0]],[[476,874],[0,1],[2,0],[2,1],[3,0],[5,1],[1,0],[0,-3],[1,0],[1,-1],[2,-1],[3,1],[-1,1],[1,0]],[[435,865],[-3,-2],[0,-1],[-1,0],[0,-1],[1,0],[0,-2],[-1,-1],[-1,1],[0,1],[-1,1],[-3,0],[0,-1],[1,-1],[1,0],[1,-1],[1,-2],[-1,0],[0,-1],[-3,0],[0,-1],[-2,0],[0,-3],[-1,-1]],[[423,850],[-2,0],[0,-1],[-8,0],[-1,-1],[0,-1],[1,-2],[1,0],[1,-1],[0,-1],[-1,-1],[0,-2],[-1,-1],[0,-2],[-1,-1],[0,-1],[-1,-1],[-1,0],[-6,-2],[-1,-1],[1,-1],[1,-2],[-2,-1],[-5,0]],[[398,827],[-2,0],[-3,1],[-4,2],[0,1],[-1,1],[-2,4],[0,1],[-1,0],[0,2],[-1,1],[1,1],[-2,0],[-2,1],[-2,2],[-2,1],[-1,1],[-4,1],[-1,1],[-5,1],[-3,0]],[[363,849],[1,1],[-1,0],[1,3],[0,2],[4,2],[0,1],[2,1],[1,1],[0,1],[2,0],[0,1],[1,1]],[[373,863],[1,0]],[[374,863],[0,4],[-1,0],[0,1],[-1,0],[1,1],[1,0],[1,3]],[[375,872],[12,0]],[[387,871],[0,1]],[[387,872],[2,0],[0,2],[1,0],[1,1],[2,0],[2,-1],[2,2],[3,-1],[5,0],[-1,-1],[1,0],[1,-2],[1,0],[0,-2],[4,0],[2,-1],[2,2],[1,-1],[2,0],[1,-1],[1,0],[2,1]],[[422,869],[0,1]],[[422,870],[7,0],[1,-1],[0,-3],[4,0],[0,-1],[1,0]],[[395,826],[1,0]],[[386,873],[1,1],[1,0],[-1,-1],[-1,0]],[[386,833],[-1,0],[-1,2],[2,0],[0,-2]],[[513,850],[-1,0],[0,-1],[-1,0],[1,-1],[1,0],[2,-1],[0,-1],[-1,0],[0,-1],[1,0],[2,-1],[-4,-2],[-2,0],[0,-1],[1,-1],[1,-2]],[[513,838],[-2,-1],[-2,0],[0,-1],[1,-1],[-2,0],[0,-2],[-2,0],[-1,-1],[-1,0],[0,1],[-2,0],[-2,-1],[-2,0],[0,-1]],[[499,831],[-1,0]],[[498,831],[0,-1],[-5,0],[1,-1],[1,0],[1,-1],[3,0],[-1,-1],[1,0],[-1,-2],[-3,0],[0,-1],[-1,-1],[0,-1],[3,-3],[1,0],[0,-1],[-1,0],[2,-1],[0,-1],[2,0],[0,1],[3,-1],[2,-1],[0,-1],[-2,-2],[-5,0],[-2,1],[-1,-1],[-2,-1],[-1,-2],[-3,0],[-1,-1],[-1,0],[-4,-2],[-2,-2],[1,0],[0,-2],[-2,0],[-1,1],[0,-1],[-1,-1],[0,-1],[-2,0],[-1,-1]],[[476,799],[-2,0],[0,1],[-1,2],[-1,-1],[-1,0],[-3,1],[0,2],[-1,0],[0,3],[-1,0],[0,1],[2,2],[4,0],[-1,1],[0,3],[2,1],[1,1],[-2,1],[-1,0],[0,1],[1,0],[-2,2],[-1,0],[0,1],[-2,0],[-1,1],[1,1],[0,3],[3,0],[1,2],[0,1],[-3,1],[-2,-2],[-2,0],[0,-1],[-5,0],[-1,-1]],[[458,826],[-1,0],[0,1],[-3,0],[0,1],[-1,0],[0,4],[1,0],[1,1],[2,0],[3,1],[2,0],[0,-3],[2,0],[0,1],[1,0],[1,1],[-1,1],[-1,0],[1,1],[2,1],[1,0],[1,1],[1,0],[1,1],[2,-1],[0,-1],[1,0],[1,-1],[3,1],[1,0],[-1,1],[0,1],[-1,0],[0,1],[1,1],[-2,0],[0,1],[3,2],[1,1],[1,0],[1,1],[3,0],[0,2],[1,0],[2,-1],[-1,0],[0,-1],[3,0],[1,1],[3,0],[1,1],[1,0],[1,1]],[[497,847],[0,1]],[[497,848],[1,1],[-1,1],[3,1],[1,0],[1,-1],[3,1],[0,1],[2,0],[1,1]],[[508,853],[1,-1],[2,0],[2,-1],[0,-1]],[[458,825],[-1,0],[1,1]],[[458,826],[0,-1]],[[459,825],[-1,0]],[[578,481],[0,-1],[-1,0],[0,-2],[1,-1],[-1,-1],[-1,0],[-2,-1],[0,-3],[1,-1],[1,-2],[-5,0],[0,-2]],[[571,467],[-6,0],[-5,-1],[-1,0],[0,1],[-2,-1],[-2,-2],[0,1],[-3,0]],[[686,473],[0,-3],[-2,0],[0,-1],[-1,1],[0,-3],[-1,0],[1,-1],[0,-1],[1,-1],[0,-1],[1,0],[-2,-2],[0,-1],[-1,-1],[0,-1],[1,0],[0,-2],[-1,0],[2,-2],[1,0],[-1,-1],[-3,0],[0,1],[-1,1],[-3,1],[-2,0],[-2,-1],[-3,1],[-1,2],[-1,1],[0,1],[1,1],[0,1],[-1,0],[0,1],[1,1],[0,1],[1,0],[1,1],[0,1],[-1,0],[3,3],[-3,2]],[[670,472],[0,3]],[[670,475],[10,0],[2,-1],[2,0],[2,-1]],[[619,477],[1,-2],[1,-1],[1,1],[3,0],[1,1],[3,-2],[0,1],[1,-1],[2,-1],[0,-4],[-1,-1],[1,0],[-2,-1],[-1,-1],[1,-1],[1,0],[0,-2],[-4,0],[-2,-1],[1,-1],[-2,0],[-4,-1],[-4,1],[1,1],[3,0],[0,2],[-1,1],[-1,0],[0,1],[-4,0]],[[614,466],[0,4],[1,1],[2,0],[0,1],[-3,0],[-1,1],[2,2],[1,0],[0,1],[3,1]],[[586,482],[0,1],[1,0],[2,-1],[1,0],[0,1],[2,-2],[1,1],[2,0],[0,-1],[5,0],[-2,-1],[-1,0],[0,-1],[1,-1],[1,0],[0,-1],[1,0],[1,1],[1,-1],[0,-1],[-1,-1],[1,-1],[1,0],[-2,-2],[-2,-1],[-1,0],[-1,-1],[0,1],[-2,0],[0,-2],[-1,-1],[-3,0],[-1,1],[-1,0],[-1,2],[0,0],[2,0],[0,1],[-1,0],[0,1],[-1,2],[0,1],[-1,1],[1,0],[0,2],[-2,0],[0,1],[-1,1],[1,1]],[[473,503],[-1,0],[-1,1],[0,1],[-2,1],[-1,0],[-2,-1],[0,1],[-1,1],[-1,-1],[-2,0],[0,1],[-4,0],[0,2],[1,1],[-1,0],[-1,1],[-2,0],[0,1],[2,2],[-4,0],[-3,1],[-3,0],[0,2],[-1,1],[-1,-1],[-1,0],[0,5],[-1,0],[0,1],[-1,1],[0,3]],[[442,527],[2,0],[0,1],[1,0],[1,1],[2,0],[1,1],[1,0],[1,1],[0,1],[2,0],[2,1],[1,1]],[[455,534],[1,0]],[[456,534],[1,0],[0,-2],[1,0],[1,1],[0,1],[7,0]],[[467,534],[-1,0]],[[466,534],[0,1],[-1,0],[1,1],[3,0],[0,1],[1,0],[0,1],[1,2],[1,1],[1,-1],[1,0],[0,-1],[2,0],[1,2],[3,0],[1,1],[2,0],[0,1],[1,2],[3,0],[1,1],[0,1],[1,1],[1,0],[0,2],[1,1],[0,3],[6,0],[6,-2]],[[550,558],[0,-1],[1,0],[1,-1],[-1,-1],[-4,0],[-1,-2],[1,0],[0,-1],[1,-1],[0,-2],[1,0],[0,1],[1,-1],[1,0],[2,-2],[-1,0],[0,-3],[1,-1]],[[552,543],[1,0]],[[553,543],[0,0]],[[553,543],[1,0],[0,-1],[2,-2],[-1,0],[0,-3],[1,0],[0,-2],[-1,-1],[2,0],[0,-1]],[[507,526],[-2,1],[0,2],[-1,0],[0,2],[-1,0],[-1,1],[1,1]],[[503,533],[1,-1],[1,1],[-2,0]],[[503,533],[0,1],[3,0],[1,1],[-2,1],[0,4],[1,0],[1,1],[0,1],[-1,0],[1,1],[1,2],[0,1],[-2,0],[0,2],[-3,1],[-1,0],[0,1],[1,0],[0,2]],[[503,552],[1,0],[2,-2],[5,0],[3,1],[0,1],[1,0],[1,1],[2,-1],[0,-1],[1,0],[2,-1],[1,0],[0,1],[1,2],[-3,0],[0,1],[-1,2],[1,0],[0,2],[2,1],[2,0],[0,1]],[[524,560],[2,1]],[[526,561],[7,0],[0,1],[1,-1],[4,0],[2,-2],[2,0],[2,1],[1,-2],[2,-1],[1,0],[2,1]],[[501,532],[0,0]],[[517,484],[-1,1],[1,1],[-3,0],[-7,1],[-1,1],[0,1],[-1,-1],[-2,0],[0,1],[-1,0],[-1,-1],[-3,0],[1,-1],[0,-1],[-1,-1],[-1,0],[0,1],[-1,1],[-1,0],[-1,1],[-1,0],[-1,1],[1,1],[0,1],[-2,0],[-1,1],[0,2],[-1,0],[-2,2],[0,2],[-4,0],[0,-1],[-2,0],[0,-1],[-1,0],[0,1],[-1,0],[0,1],[-1,-1],[-5,0]],[[473,497],[-1,1],[1,0],[0,2],[1,0],[2,2],[-1,1],[-1,-1],[-1,1]],[[473,503],[-1,1],[-1,2],[-1,0],[0,1],[1,0],[1,1],[9,0],[0,1],[2,0],[1,-1],[1,0],[0,1],[3,2],[2,0],[1,-1],[0,2],[-1,1],[-1,0],[0,1],[1,1],[3,0],[0,1],[1,0],[1,1],[3,2],[4,0],[0,1],[3,0]],[[602,525],[0,-2]],[[603,523],[-1,0]],[[602,523],[1,-1]],[[603,522],[1,0]],[[604,522],[2,0]],[[606,522],[-2,-1],[6,-3],[1,-1],[-1,0]],[[610,517],[0,-1],[-1,0],[-1,-1],[0,-2],[-1,0],[0,-1],[-2,-1],[-1,-2],[-2,0],[0,1],[-1,0]],[[551,505],[-3,0],[-1,1],[-2,1],[-1,-1],[-1,0],[0,1],[-6,0],[-1,-1],[-2,0],[0,-1],[-1,0],[0,1],[-1,1],[-1,0],[0,-1],[-4,0],[0,2],[-1,1],[0,2],[-1,0],[0,1],[-1,1],[0,1],[-3,1],[-1,0],[0,1],[-1,0],[0,1],[-1,1],[-2,1],[-5,1],[-1,-1],[-3,-1],[-3,0],[0,1],[1,1]],[[505,520],[-1,2],[-1,1],[1,0],[2,1],[1,1],[0,1]],[[507,526],[1,-1],[1,1],[0,1],[1,0],[0,2],[1,1],[1,-1],[2,0],[1,-1],[1,0],[1,-1],[1,1],[0,1],[7,0],[3,1],[2,-1],[2,0],[1,-1],[1,1],[1,2],[1,0],[2,1],[1,0],[1,1],[2,-1],[1,-1],[3,0],[1,-1],[4,0],[6,3]],[[557,533],[3,1],[0,-1],[-1,0],[0,-1],[2,0],[2,1],[1,0],[1,1],[1,0],[6,-3],[1,0],[1,-1],[3,0],[1,1],[1,-1],[1,1],[2,0],[1,1],[2,-2],[1,1],[0,-1]],[[586,529],[0,1]],[[586,530],[4,0],[2,1],[2,0],[1,-1],[0,-1],[1,0],[1,-1],[5,0],[0,-2],[-1,0],[1,-1]],[[544,482],[-1,0],[1,-3],[2,0],[1,-2],[-1,-1],[-2,0],[0,-2],[1,0],[0,-1],[1,1],[2,-2],[0,-1],[3,0],[1,1],[2,-2],[1,-2],[-1,0],[-2,-1],[0,-2]],[[552,465],[-2,0],[-1,1],[-2,-2],[-1,0],[-1,-1],[0,-1],[-1,-2],[-2,0],[0,-1],[-1,0],[-1,-1]],[[540,458],[-1,0]],[[539,458],[4,0],[1,-1],[-1,-1],[-4,0],[1,-1],[1,0],[0,-2],[-1,-1],[0,-2],[-2,-1],[-3,0],[-1,-1],[-1,-2],[0,-1],[-1,-1],[0,-2]],[[532,442],[-3,2],[0,1],[-1,0],[0,-1],[-1,-2],[-3,0],[-1,1],[-2,0],[0,-1],[-1,1],[-3,2],[-4,0],[-1,2],[-1,1],[0,1],[1,0],[-1,1],[0,1],[-2,0],[0,5],[-3,2],[0,-1],[-2,0],[0,1],[-3,1],[-3,0],[-1,-1],[-2,1]],[[495,459],[-1,2],[0,1],[3,3],[0,1],[1,1],[1,0],[3,1],[0,-3],[2,0],[0,2],[-1,0],[0,1],[1,1],[0,1],[1,0],[0,2],[1,1],[0,1],[-1,0],[-2,1],[-1,1],[1,1],[-1,0],[1,1],[2,0],[1,1],[3,1],[2,0],[0,1],[1,0],[2,1],[1,0],[2,2]],[[517,484],[1,-1],[2,0],[1,1],[1,0],[2,-1],[3,2],[0,3],[-1,0],[0,1],[1,1],[0,1],[3,2],[1,0],[2,-1],[1,-1],[12,0]],[[601,510],[-2,-2],[0,-1],[1,0],[1,-1],[0,-1],[2,0],[3,1],[1,-1],[1,-2],[1,1],[0,-1],[1,0],[0,-3],[1,0]],[[612,500],[-1,0]],[[611,500],[0,-1],[-1,-1],[0,-1],[-2,0],[1,-1],[0,-2],[1,-1],[2,-1]],[[612,492],[-1,0],[0,-1],[-5,-1],[0,2],[-3,0],[0,-1],[-11,0],[-3,1],[-1,0],[0,-1],[-1,0],[0,1],[-6,0],[-1,-1],[0,-4],[1,0],[0,-3]],[[582,484],[-1,0]],[[581,484],[0,-1],[2,0],[-1,-1],[-4,0],[0,-1]],[[578,481],[-3,0],[0,-1],[-3,0],[0,1],[1,0],[-2,2],[-1,0],[0,2],[-1,0],[0,2],[-1,0],[0,1],[-2,1],[-2,-1],[0,1],[-1,-1],[0,-1],[-1,0],[-1,-1],[-3,0],[0,1],[-2,0],[1,-1],[0,-2],[-1,0],[-4,-2],[-1,0],[0,-2],[-1,0],[-2,2],[-3,0]],[[544,482],[1,0]],[[545,482],[0,4],[-1,0],[2,1],[1,0],[0,2],[-1,0],[0,2]],[[546,491],[0,4],[1,0],[1,1],[1,0],[0,1],[1,0],[-1,1],[0,4],[1,0],[0,1],[1,2]],[[551,505],[4,0],[1,-1],[0,2],[1,1],[2,0],[0,1],[1,0],[0,2],[-1,0],[-1,1],[1,1],[0,1],[2,0],[2,2],[-1,1],[3,0],[1,1],[-1,2],[1,0],[1,1],[1,-1],[2,0],[0,-2],[1,0],[1,-2],[4,0],[0,-3],[-1,-1],[1,0],[3,-1],[2,0],[1,-1],[1,0],[1,1],[1,0],[1,2],[2,0],[2,-2],[2,0],[2,2],[0,1],[-1,0],[0,2],[-1,0],[2,1],[2,0],[0,-1],[-2,0],[1,-1],[1,0],[1,-1],[1,0],[0,-2],[3,0],[0,-1]],[[608,504],[-1,0],[0,-1],[1,1]],[[540,425],[0,-2],[1,0],[1,1],[1,0],[0,-1],[2,0],[-1,1],[1,0],[1,1],[0,2],[2,1],[0,-1],[1,-1],[1,0],[0,-1],[1,-1],[0,-1],[2,-2],[3,0]],[[556,421],[0,-2],[2,0],[0,-1]],[[558,418],[1,-2],[-1,0],[-2,-2],[1,0],[1,-1],[0,-1],[3,0],[0,-1],[2,0],[0,-1],[-4,-2],[0,-1],[-5,-3],[-1,0],[0,-1],[1,-1],[0,-2],[-1,0]],[[553,400],[-1,1],[-3,-1],[-1,-1],[-1,0],[0,2],[-2,0],[-1,-1],[-3,0],[-1,1],[0,-1],[-1,0],[-2,-1],[-1,0],[0,1],[-2,-2],[-1,0],[0,-1],[-1,-1],[-1,0],[-1,1],[-2,0],[0,-2],[1,0],[0,-2],[-1,0],[0,-2],[3,0],[2,-3],[4,0],[1,-1],[0,-1],[2,0],[1,-1],[1,0]],[[542,386],[0,-1]],[[542,385],[1,-1],[0,-2],[-1,0],[0,-1],[-4,0],[-1,1],[-2,0],[-1,-1],[-2,0],[-1,1],[-2,0],[0,-2]],[[529,380],[1,-3],[-2,0],[-2,1],[-1,0],[0,1],[-3,0],[0,1],[-2,-1],[-4,0]],[[516,379],[0,3],[1,0],[-2,2],[1,1],[-2,0],[1,1],[0,1],[1,1],[-1,1],[0,4],[-2,0],[-2,1],[-1,1],[0,1],[-1,1],[-1,0],[-2,-2],[0,1],[-2,0],[-1,1],[1,0],[-1,1],[-1,0],[-2,1],[0,2],[-1,1]],[[499,402],[1,0],[3,3],[-1,0],[0,1],[1,2],[3,0],[0,-1],[2,-1],[4,1],[1,-1],[1,1],[-1,2]],[[512,409],[1,0]],[[513,409],[-1,1],[0,1],[-1,1],[-1,2],[1,0],[1,1],[0,1],[1,0],[0,3],[-1,0],[-1,1],[-2,0],[0,1],[-2,0],[2,1],[1,1],[0,1],[1,0],[1,-1],[1,2]],[[513,425],[3,1],[0,-1],[3,0],[3,-3],[0,1],[1,-1],[0,1],[2,0],[0,1],[1,1],[0,-1],[1,0],[0,1],[1,0],[0,1],[1,0],[2,3],[2,0],[0,-1],[1,0],[0,-1],[2,-2],[2,-1],[1,1],[1,0]],[[549,425],[0,0]]]}