,election_date,election_type,nuts_1_code,nuts_1_name,type,name,votes
0,1994-06-12,european,DE1,Baden-Württemberg,0,eligible_voters,7197510.0
1,1994-06-12,european,DE1,Baden-Württemberg,1,issued_ballots,4782742.0
2,1994-06-12,european,DE1,Baden-Württemberg,2,apd,28463.0
3,1994-06-12,european,DE1,Baden-Württemberg,2,autonome,4314.0
4,1994-06-12,european,DE1,Baden-Württemberg,2,bfb,49577.0
5,1994-06-12,european,DE1,Baden-Württemberg,2,bp,6263.0
6,1994-06-12,european,DE1,Baden-Württemberg,2,bsa,953.0
7,1994-06-12,european,DE1,Baden-Württemberg,2,cdu,1912493.0
8,1994-06-12,european,DE1,Baden-Württemberg,2,cm,12160.0
9,1994-06-12,european,DE1,Baden-Württemberg,2,csu,0.0
10,1994-06-12,european,DE1,Baden-Württemberg,2,dsu,1558.0
11,1994-06-12,european,DE1,Baden-Württemberg,2,familie,0.0
12,1994-06-12,european,DE1,Baden-Württemberg,2,fdp,235204.0
13,1994-06-12,european,DE1,Baden-Württemberg,2,forum,4029.0
14,1994-06-12,european,DE1,Baden-Württemberg,2,graue,26555.0
15,1994-06-12,european,DE1,Baden-Württemberg,2,gruene,600441.0
16,1994-06-12,european,DE1,Baden-Württemberg,2,liga,11000.0
17,1994-06-12,european,DE1,Baden-Württemberg,2,naturgesetz,13965.0
18,1994-06-12,european,DE1,Baden-Württemberg,2,npd,10396.0
19,1994-06-12,european,DE1,Baden-Württemberg,2,oedp,62490.0
20,1994-06-12,european,DE1,Baden-Württemberg,2,pass,5492.0
21,1994-06-12,european,DE1,Baden-Württemberg,2,pbc,29200.0
22,1994-06-12,european,DE1,Baden-Württemberg,2,pds,23078.0
23,1994-06-12,european,DE1,Baden-Württemberg,2,pead,1106.0
24,1994-06-12,european,DE1,Baden-Württemberg,2,rep,270965.0
25,1994-06-12,european,DE1,Baden-Württemberg,2,solidariaet,2002.0
26,1994-06-12,european,DE1,Baden-Württemberg,2,spd,1210476.0
27,1994-06-12,european,DE1,Baden-Württemberg,2,statt,35532.0
28,1994-06-12,european,DE2,Bayern,0,eligible_voters,8758640.0
29,1994-06-12,european,DE2,Bayern,1,issued_ballots,4940540.0
30,1994-06-12,european,DE2,Bayern,2,apd,25979.0
31,1994-06-12,european,DE2,Bayern,2,autonome,3876.0
32,1994-06-12,european,DE2,Bayern,2,bfb,90670.0
33,1994-06-12,european,DE2,Bayern,2,bp,77815.0
34,1994-06-12,european,DE2,Bayern,2,bsa,827.0
35,1994-06-12,european,DE2,Bayern,2,cdu,0.0
36,1994-06-12,european,DE2,Bayern,2,cm,9226.0
37,1994-06-12,european,DE2,Bayern,2,csu,2393374.0
38,1994-06-12,european,DE2,Bayern,2,dsu,2393.0
39,1994-06-12,european,DE2,Bayern,2,familie,0.0
40,1994-06-12,european,DE2,Bayern,2,fdp,163399.0
41,1994-06-12,european,DE2,Bayern,2,forum,3349.0
42,1994-06-12,european,DE2,Bayern,2,graue,21724.0
43,1994-06-12,european,DE2,Bayern,2,gruene,427733.0
44,1994-06-12,european,DE2,Bayern,2,liga,6695.0
45,1994-06-12,european,DE2,Bayern,2,naturgesetz,12066.0
46,1994-06-12,european,DE2,Bayern,2,npd,7169.0
47,1994-06-12,european,DE2,Bayern,2,oedp,106973.0
48,1994-06-12,european,DE2,Bayern,2,pass,6165.0
49,1994-06-12,european,DE2,Bayern,2,pbc,11581.0
50,1994-06-12,european,DE2,Bayern,2,pds,18828.0
51,1994-06-12,european,DE2,Bayern,2,pead,1020.0
52,1994-06-12,european,DE2,Bayern,2,rep,322702.0
53,1994-06-12,european,DE2,Bayern,2,solidariaet,2036.0
54,1994-06-12,european,DE2,Bayern,2,spd,1162117.0
55,1994-06-12,european,DE2,Bayern,2,statt,18151.0
56,1994-06-12,european,DE3,Berlin,0,eligible_voters,2513128.0
57,1994-06-12,european,DE3,Berlin,1,issued_ballots,1343515.0
58,1994-06-12,european,DE3,Berlin,2,apd,11401.0
59,1994-06-12,european,DE3,Berlin,2,autonome,2374.0
60,1994-06-12,european,DE3,Berlin,2,bfb,11529.0
61,1994-06-12,european,DE3,Berlin,2,bp,949.0
62,1994-06-12,european,DE3,Berlin,2,bsa,635.0
63,1994-06-12,european,DE3,Berlin,2,cdu,375889.0
64,1994-06-12,european,DE3,Berlin,2,cm,1203.0
65,1994-06-12,european,DE3,Berlin,2,csu,0.0
66,1994-06-12,european,DE3,Berlin,2,dsu,2035.0
67,1994-06-12,european,DE3,Berlin,2,familie,0.0
68,1994-06-12,european,DE3,Berlin,2,fdp,42310.0
69,1994-06-12,european,DE3,Berlin,2,forum,6073.0
70,1994-06-12,european,DE3,Berlin,2,graue,21670.0
71,1994-06-12,european,DE3,Berlin,2,gruene,189176.0
72,1994-06-12,european,DE3,Berlin,2,liga,543.0
73,1994-06-12,european,DE3,Berlin,2,naturgesetz,4739.0
74,1994-06-12,european,DE3,Berlin,2,npd,2253.0
75,1994-06-12,european,DE3,Berlin,2,oedp,7242.0
76,1994-06-12,european,DE3,Berlin,2,pass,6841.0
77,1994-06-12,european,DE3,Berlin,2,pbc,2043.0
78,1994-06-12,european,DE3,Berlin,2,pds,211055.0
79,1994-06-12,european,DE3,Berlin,2,pead,583.0
80,1994-06-12,european,DE3,Berlin,2,rep,44197.0
81,1994-06-12,european,DE3,Berlin,2,solidariaet,1113.0
82,1994-06-12,european,DE3,Berlin,2,spd,372559.0
83,1994-06-12,european,DE3,Berlin,2,statt,6735.0
84,1994-06-12,european,DE4,Brandenburg,0,eligible_voters,1932858.867032
85,1994-06-12,european,DE4,Brandenburg,1,issued_ballots,801431.9402610001
86,1994-06-12,european,DE4,Brandenburg,2,apd,8006.999385
87,1994-06-12,european,DE4,Brandenburg,2,autonome,988.999925
88,1994-06-12,european,DE4,Brandenburg,2,bfb,6889.99936
89,1994-06-12,european,DE4,Brandenburg,2,bp,1052.999883
90,1994-06-12,european,DE4,Brandenburg,2,bsa,609.999943
91,1994-06-12,european,DE4,Brandenburg,2,cdu,184096.98673499998
92,1994-06-12,european,DE4,Brandenburg,2,cm,1626.999893
93,1994-06-12,european,DE4,Brandenburg,2,csu,0.0
94,1994-06-12,european,DE4,Brandenburg,2,dsu,3158.999839
95,1994-06-12,european,DE4,Brandenburg,2,familie,0.0
96,1994-06-12,european,DE4,Brandenburg,2,fdp,21508.998179
97,1994-06-12,european,DE4,Brandenburg,2,forum,4142.999699
98,1994-06-12,european,DE4,Brandenburg,2,graue,6461.9995149999995
99,1994-06-12,european,DE4,Brandenburg,2,gruene,35922.996752
100,1994-06-12,european,DE4,Brandenburg,2,liga,1405.999913
101,1994-06-12,european,DE4,Brandenburg,2,naturgesetz,2953.999752
102,1994-06-12,european,DE4,Brandenburg,2,npd,2281.99986
103,1994-06-12,european,DE4,Brandenburg,2,oedp,3150.999744
104,1994-06-12,european,DE4,Brandenburg,2,pass,10505.999336
105,1994-06-12,european,DE4,Brandenburg,2,pbc,1566.999834
106,1994-06-12,european,DE4,Brandenburg,2,pds,177745.988672
107,1994-06-12,european,DE4,Brandenburg,2,pead,695.99993
108,1994-06-12,european,DE4,Brandenburg,2,rep,18347.998761
109,1994-06-12,european,DE4,Brandenburg,2,solidariaet,1044.999913
110,1994-06-12,european,DE4,Brandenburg,2,spd,290486.976624
111,1994-06-12,european,DE4,Brandenburg,2,statt,1853.99988
112,1994-06-12,european,DE5,Bremen,0,eligible_voters,511455.0
113,1994-06-12,european,DE5,Bremen,1,issued_ballots,269668.0
114,1994-06-12,european,DE5,Bremen,2,apd,1313.0
115,1994-06-12,european,DE5,Bremen,2,autonome,603.0
116,1994-06-12,european,DE5,Bremen,2,bfb,2603.0
117,1994-06-12,european,DE5,Bremen,2,bp,191.0
118,1994-06-12,european,DE5,Bremen,2,bsa,143.0
119,1994-06-12,european,DE5,Bremen,2,cdu,74523.0
120,1994-06-12,european,DE5,Bremen,2,cm,384.0
121,1994-06-12,european,DE5,Bremen,2,csu,0.0
122,1994-06-12,european,DE5,Bremen,2,dsu,296.0
123,1994-06-12,european,DE5,Bremen,2,familie,0.0
124,1994-06-12,european,DE5,Bremen,2,fdp,12158.0
125,1994-06-12,european,DE5,Bremen,2,forum,323.0
126,1994-06-12,european,DE5,Bremen,2,graue,3540.0
127,1994-06-12,european,DE5,Bremen,2,gruene,42766.0
128,1994-06-12,european,DE5,Bremen,2,liga,121.0
129,1994-06-12,european,DE5,Bremen,2,naturgesetz,944.0
130,1994-06-12,european,DE5,Bremen,2,npd,722.0
131,1994-06-12,european,DE5,Bremen,2,oedp,512.0
132,1994-06-12,european,DE5,Bremen,2,pass,524.0
133,1994-06-12,european,DE5,Bremen,2,pbc,542.0
134,1994-06-12,european,DE5,Bremen,2,pds,5519.0
135,1994-06-12,european,DE5,Bremen,2,pead,57.0
136,1994-06-12,european,DE5,Bremen,2,rep,8000.0
137,1994-06-12,european,DE5,Bremen,2,solidariaet,129.0
138,1994-06-12,european,DE5,Bremen,2,spd,108511.0
139,1994-06-12,european,DE5,Bremen,2,statt,2055.0
140,1994-06-12,european,DE6,Hamburg,0,eligible_voters,1245025.0
141,1994-06-12,european,DE6,Hamburg,1,issued_ballots,644190.0
142,1994-06-12,european,DE6,Hamburg,2,apd,2682.0
143,1994-06-12,european,DE6,Hamburg,2,autonome,800.0
144,1994-06-12,european,DE6,Hamburg,2,bfb,9704.0
145,1994-06-12,european,DE6,Hamburg,2,bp,565.0
146,1994-06-12,european,DE6,Hamburg,2,bsa,141.0
147,1994-06-12,european,DE6,Hamburg,2,cdu,204760.0
148,1994-06-12,european,DE6,Hamburg,2,cm,773.0
149,1994-06-12,european,DE6,Hamburg,2,csu,0.0
150,1994-06-12,european,DE6,Hamburg,2,dsu,296.0
151,1994-06-12,european,DE6,Hamburg,2,familie,0.0
152,1994-06-12,european,DE6,Hamburg,2,fdp,23419.0
153,1994-06-12,european,DE6,Hamburg,2,forum,873.0
154,1994-06-12,european,DE6,Hamburg,2,graue,7867.0
155,1994-06-12,european,DE6,Hamburg,2,gruene,117417.0
156,1994-06-12,european,DE6,Hamburg,2,liga,240.0
157,1994-06-12,european,DE6,Hamburg,2,naturgesetz,1874.0
158,1994-06-12,european,DE6,Hamburg,2,npd,957.0
159,1994-06-12,european,DE6,Hamburg,2,oedp,1817.0
160,1994-06-12,european,DE6,Hamburg,2,pass,891.0
161,1994-06-12,european,DE6,Hamburg,2,pbc,978.0
162,1994-06-12,european,DE6,Hamburg,2,pds,8919.0
163,1994-06-12,european,DE6,Hamburg,2,pead,103.0
164,1994-06-12,european,DE6,Hamburg,2,rep,19671.0
165,1994-06-12,european,DE6,Hamburg,2,solidariaet,192.0
166,1994-06-12,european,DE6,Hamburg,2,spd,220503.0
167,1994-06-12,european,DE6,Hamburg,2,statt,11670.0
168,1994-06-12,european,DE7,Hessen,0,eligible_voters,4300917.0
169,1994-06-12,european,DE7,Hessen,1,issued_ballots,2426056.0
170,1994-06-12,european,DE7,Hessen,2,apd,16880.0
171,1994-06-12,european,DE7,Hessen,2,autonome,2744.0
172,1994-06-12,european,DE7,Hessen,2,bfb,33817.0
173,1994-06-12,european,DE7,Hessen,2,bp,3747.0
174,1994-06-12,european,DE7,Hessen,2,bsa,727.0
175,1994-06-12,european,DE7,Hessen,2,cdu,881371.0
176,1994-06-12,european,DE7,Hessen,2,cm,5232.0
177,1994-06-12,european,DE7,Hessen,2,csu,0.0
178,1994-06-12,european,DE7,Hessen,2,dsu,1432.0
179,1994-06-12,european,DE7,Hessen,2,familie,0.0
180,1994-06-12,european,DE7,Hessen,2,fdp,111194.0
181,1994-06-12,european,DE7,Hessen,2,forum,2229.0
182,1994-06-12,european,DE7,Hessen,2,graue,16376.0
183,1994-06-12,european,DE7,Hessen,2,gruene,291865.0
184,1994-06-12,european,DE7,Hessen,2,liga,2482.0
185,1994-06-12,european,DE7,Hessen,2,naturgesetz,6871.0
186,1994-06-12,european,DE7,Hessen,2,npd,9222.0
187,1994-06-12,european,DE7,Hessen,2,oedp,12227.0
188,1994-06-12,european,DE7,Hessen,2,pass,4324.0
189,1994-06-12,european,DE7,Hessen,2,pbc,8036.0
190,1994-06-12,european,DE7,Hessen,2,pds,19756.0
191,1994-06-12,european,DE7,Hessen,2,pead,573.0
192,1994-06-12,european,DE7,Hessen,2,rep,109133.0
193,1994-06-12,european,DE7,Hessen,2,solidariaet,997.0
194,1994-06-12,european,DE7,Hessen,2,spd,832638.0
195,1994-06-12,european,DE7,Hessen,2,statt,10826.0
196,1994-06-12,european,DE8,Mecklenburg-Vorpommern,0,eligible_voters,1380514.0
197,1994-06-12,european,DE8,Mecklenburg-Vorpommern,1,issued_ballots,908563.0
198,1994-06-12,european,DE8,Mecklenburg-Vorpommern,2,apd,8163.0
199,1994-06-12,european,DE8,Mecklenburg-Vorpommern,2,autonome,957.0
200,1994-06-12,european,DE8,Mecklenburg-Vorpommern,2,bfb,7846.0
201,1994-06-12,european,DE8,Mecklenburg-Vorpommern,2,bp,1232.0
202,1994-06-12,european,DE8,Mecklenburg-Vorpommern,2,bsa,464.0
203,1994-06-12,european,DE8,Mecklenburg-Vorpommern,2,cdu,283940.0
204,1994-06-12,european,DE8,Mecklenburg-Vorpommern,2,cm,957.0
205,1994-06-12,european,DE8,Mecklenburg-Vorpommern,2,csu,0.0
206,1994-06-12,european,DE8,Mecklenburg-Vorpommern,2,dsu,2693.0
207,1994-06-12,european,DE8,Mecklenburg-Vorpommern,2,familie,0.0
208,1994-06-12,european,DE8,Mecklenburg-Vorpommern,2,fdp,19041.0
209,1994-06-12,european,DE8,Mecklenburg-Vorpommern,2,forum,6868.0
210,1994-06-12,european,DE8,Mecklenburg-Vorpommern,2,graue,5741.0
211,1994-06-12,european,DE8,Mecklenburg-Vorpommern,2,gruene,40269.0
212,1994-06-12,european,DE8,Mecklenburg-Vorpommern,2,liga,1292.0
213,1994-06-12,european,DE8,Mecklenburg-Vorpommern,2,naturgesetz,2325.0
214,1994-06-12,european,DE8,Mecklenburg-Vorpommern,2,npd,2463.0
215,1994-06-12,european,DE8,Mecklenburg-Vorpommern,2,oedp,2310.0
216,1994-06-12,european,DE8,Mecklenburg-Vorpommern,2,pass,7920.0
217,1994-06-12,european,DE8,Mecklenburg-Vorpommern,2,pbc,1592.0
218,1994-06-12,european,DE8,Mecklenburg-Vorpommern,2,pds,230815.0
219,1994-06-12,european,DE8,Mecklenburg-Vorpommern,2,pead,958.0
220,1994-06-12,european,DE8,Mecklenburg-Vorpommern,2,rep,21596.0
221,1994-06-12,european,DE8,Mecklenburg-Vorpommern,2,solidariaet,1926.0
222,1994-06-12,european,DE8,Mecklenburg-Vorpommern,2,spd,190287.0
223,1994-06-12,european,DE8,Mecklenburg-Vorpommern,2,statt,2777.0
224,1994-06-12,european,DE9,Niedersachsen,0,eligible_voters,5881254.0
225,1994-06-12,european,DE9,Niedersachsen,1,issued_ballots,3097207.0
226,1994-06-12,european,DE9,Niedersachsen,2,apd,12191.0
227,1994-06-12,european,DE9,Niedersachsen,2,autonome,3472.0
228,1994-06-12,european,DE9,Niedersachsen,2,bfb,29491.0
229,1994-06-12,european,DE9,Niedersachsen,2,bp,2629.0
230,1994-06-12,european,DE9,Niedersachsen,2,bsa,693.0
231,1994-06-12,european,DE9,Niedersachsen,2,cdu,1216259.0
232,1994-06-12,european,DE9,Niedersachsen,2,cm,4931.0
233,1994-06-12,european,DE9,Niedersachsen,2,csu,0.0
234,1994-06-12,european,DE9,Niedersachsen,2,dsu,1781.0
235,1994-06-12,european,DE9,Niedersachsen,2,familie,0.0
236,1994-06-12,european,DE9,Niedersachsen,2,fdp,119555.0
237,1994-06-12,european,DE9,Niedersachsen,2,forum,2157.0
238,1994-06-12,european,DE9,Niedersachsen,2,graue,16515.0
239,1994-06-12,european,DE9,Niedersachsen,2,gruene,298780.0
240,1994-06-12,european,DE9,Niedersachsen,2,liga,1374.0
241,1994-06-12,european,DE9,Niedersachsen,2,naturgesetz,6277.0
242,1994-06-12,european,DE9,Niedersachsen,2,npd,5563.0
243,1994-06-12,european,DE9,Niedersachsen,2,oedp,8354.0
244,1994-06-12,european,DE9,Niedersachsen,2,pass,3727.0
245,1994-06-12,european,DE9,Niedersachsen,2,pbc,6825.0
246,1994-06-12,european,DE9,Niedersachsen,2,pds,21240.0
247,1994-06-12,european,DE9,Niedersachsen,2,pead,530.0
248,1994-06-12,european,DE9,Niedersachsen,2,rep,74279.0
249,1994-06-12,european,DE9,Niedersachsen,2,solidariaet,1091.0
250,1994-06-12,european,DE9,Niedersachsen,2,spd,1214706.0
251,1994-06-12,european,DE9,Niedersachsen,2,statt,11220.0
252,1994-06-12,european,DEA,Nordrhein-Westfalen,0,eligible_voters,13105149.0
253,1994-06-12,european,DEA,Nordrhein-Westfalen,1,issued_ballots,7798898.0
254,1994-06-12,european,DEA,Nordrhein-Westfalen,2,apd,31073.0
255,1994-06-12,european,DEA,Nordrhein-Westfalen,2,autonome,8645.0
256,1994-06-12,european,DEA,Nordrhein-Westfalen,2,bfb,57395.0
257,1994-06-12,european,DEA,Nordrhein-Westfalen,2,bp,6754.0
258,1994-06-12,european,DEA,Nordrhein-Westfalen,2,bsa,1146.0
259,1994-06-12,european,DEA,Nordrhein-Westfalen,2,cdu,2853275.0
260,1994-06-12,european,DEA,Nordrhein-Westfalen,2,cm,14319.0
261,1994-06-12,european,DEA,Nordrhein-Westfalen,2,csu,0.0
262,1994-06-12,european,DEA,Nordrhein-Westfalen,2,dsu,2908.0
263,1994-06-12,european,DEA,Nordrhein-Westfalen,2,familie,0.0
264,1994-06-12,european,DEA,Nordrhein-Westfalen,2,fdp,333144.0
265,1994-06-12,european,DEA,Nordrhein-Westfalen,2,forum,4494.0
266,1994-06-12,european,DEA,Nordrhein-Westfalen,2,graue,68007.0
267,1994-06-12,european,DEA,Nordrhein-Westfalen,2,gruene,860861.0
268,1994-06-12,european,DEA,Nordrhein-Westfalen,2,liga,3784.0
269,1994-06-12,european,DEA,Nordrhein-Westfalen,2,naturgesetz,13966.0
270,1994-06-12,european,DEA,Nordrhein-Westfalen,2,npd,15795.0
271,1994-06-12,european,DEA,Nordrhein-Westfalen,2,oedp,29990.0
272,1994-06-12,european,DEA,Nordrhein-Westfalen,2,pass,9364.0
273,1994-06-12,european,DEA,Nordrhein-Westfalen,2,pbc,12819.0
274,1994-06-12,european,DEA,Nordrhein-Westfalen,2,pds,48911.0
275,1994-06-12,european,DEA,Nordrhein-Westfalen,2,pead,2228.0
276,1994-06-12,european,DEA,Nordrhein-Westfalen,2,rep,209224.0
277,1994-06-12,european,DEA,Nordrhein-Westfalen,2,solidariaet,4523.0
278,1994-06-12,european,DEA,Nordrhein-Westfalen,2,spd,3092525.0
279,1994-06-12,european,DEA,Nordrhein-Westfalen,2,statt,30162.0
280,1994-06-12,european,DEB,Rheinland-Pfalz,0,eligible_voters,2980932.0
281,1994-06-12,european,DEB,Rheinland-Pfalz,1,issued_ballots,2214195.0
282,1994-06-12,european,DEB,Rheinland-Pfalz,2,apd,11837.0
283,1994-06-12,european,DEB,Rheinland-Pfalz,2,autonome,1570.0
284,1994-06-12,european,DEB,Rheinland-Pfalz,2,bfb,16220.0
285,1994-06-12,european,DEB,Rheinland-Pfalz,2,bp,2353.0
286,1994-06-12,european,DEB,Rheinland-Pfalz,2,bsa,529.0
287,1994-06-12,european,DEB,Rheinland-Pfalz,2,cdu,873968.0
288,1994-06-12,european,DEB,Rheinland-Pfalz,2,cm,4612.0
289,1994-06-12,european,DEB,Rheinland-Pfalz,2,csu,0.0
290,1994-06-12,european,DEB,Rheinland-Pfalz,2,dsu,893.0
291,1994-06-12,european,DEB,Rheinland-Pfalz,2,familie,0.0
292,1994-06-12,european,DEB,Rheinland-Pfalz,2,fdp,85984.0
293,1994-06-12,european,DEB,Rheinland-Pfalz,2,forum,1419.0
294,1994-06-12,european,DEB,Rheinland-Pfalz,2,graue,11245.0
295,1994-06-12,european,DEB,Rheinland-Pfalz,2,gruene,186698.0
296,1994-06-12,european,DEB,Rheinland-Pfalz,2,liga,1574.0
297,1994-06-12,european,DEB,Rheinland-Pfalz,2,naturgesetz,5018.0
298,1994-06-12,european,DEB,Rheinland-Pfalz,2,npd,4205.0
299,1994-06-12,european,DEB,Rheinland-Pfalz,2,oedp,15271.0
300,1994-06-12,european,DEB,Rheinland-Pfalz,2,pass,2832.0
301,1994-06-12,european,DEB,Rheinland-Pfalz,2,pbc,4588.0
302,1994-06-12,european,DEB,Rheinland-Pfalz,2,pds,7894.0
303,1994-06-12,european,DEB,Rheinland-Pfalz,2,pead,412.0
304,1994-06-12,european,DEB,Rheinland-Pfalz,2,rep,79498.0
305,1994-06-12,european,DEB,Rheinland-Pfalz,2,solidariaet,1016.0
306,1994-06-12,european,DEB,Rheinland-Pfalz,2,spd,818234.0
307,1994-06-12,european,DEB,Rheinland-Pfalz,2,statt,6897.0
308,1994-06-12,european,DEC,Saarland,0,eligible_voters,838901.0
309,1994-06-12,european,DEC,Saarland,1,issued_ballots,621709.0
310,1994-06-12,european,DEC,Saarland,2,apd,3615.0
311,1994-06-12,european,DEC,Saarland,2,autonome,648.0
312,1994-06-12,european,DEC,Saarland,2,bfb,4501.0
313,1994-06-12,european,DEC,Saarland,2,bp,276.0
314,1994-06-12,european,DEC,Saarland,2,bsa,154.0
315,1994-06-12,european,DEC,Saarland,2,cdu,212618.0
316,1994-06-12,european,DEC,Saarland,2,cm,1557.0
317,1994-06-12,european,DEC,Saarland,2,csu,0.0
318,1994-06-12,european,DEC,Saarland,2,dsu,110.0
319,1994-06-12,european,DEC,Saarland,2,familie,2781.0
320,1994-06-12,european,DEC,Saarland,2,fdp,22240.0
321,1994-06-12,european,DEC,Saarland,2,forum,281.0
322,1994-06-12,european,DEC,Saarland,2,graue,2868.0
323,1994-06-12,european,DEC,Saarland,2,gruene,48984.0
324,1994-06-12,european,DEC,Saarland,2,liga,251.0
325,1994-06-12,european,DEC,Saarland,2,naturgesetz,862.0
326,1994-06-12,european,DEC,Saarland,2,npd,821.0
327,1994-06-12,european,DEC,Saarland,2,oedp,3257.0
328,1994-06-12,european,DEC,Saarland,2,pass,821.0
329,1994-06-12,european,DEC,Saarland,2,pbc,545.0
330,1994-06-12,european,DEC,Saarland,2,pds,2501.0
331,1994-06-12,european,DEC,Saarland,2,pead,128.0
332,1994-06-12,european,DEC,Saarland,2,rep,25574.0
333,1994-06-12,european,DEC,Saarland,2,solidariaet,153.0
334,1994-06-12,european,DEC,Saarland,2,spd,258990.0
335,1994-06-12,european,DEC,Saarland,2,statt,1891.0
336,1994-06-12,european,DED,Sachsen,0,eligible_voters,3594790.763001159
337,1994-06-12,european,DED,Sachsen,1,issued_ballots,2524944.831910183
338,1994-06-12,european,DED,Sachsen,2,apd,30493.998043979253
339,1994-06-12,european,DED,Sachsen,2,autonome,2550.999869551741
340,1994-06-12,european,DED,Sachsen,2,bfb,27185.998125866023
341,1994-06-12,european,DED,Sachsen,2,bp,2369.9998583902743
342,1994-06-12,european,DED,Sachsen,2,bsa,1336.999932530668
343,1994-06-12,european,DED,Sachsen,2,cdu,937423.9421461443
344,1994-06-12,european,DED,Sachsen,2,cm,4942.999835239012
345,1994-06-12,european,DED,Sachsen,2,csu,0.0
346,1994-06-12,european,DED,Sachsen,2,dsu,41807.99643115851
347,1994-06-12,european,DED,Sachsen,2,familie,0.0
348,1994-06-12,european,DED,Sachsen,2,fdp,90295.99406945103
349,1994-06-12,european,DED,Sachsen,2,forum,31508.995925996736
350,1994-06-12,european,DED,Sachsen,2,graue,28434.99781428518
351,1994-06-12,european,DED,Sachsen,2,gruene,134860.99107250955
352,1994-06-12,european,DED,Sachsen,2,liga,5535.999872500211
353,1994-06-12,european,DED,Sachsen,2,naturgesetz,7694.999546359584
354,1994-06-12,european,DED,Sachsen,2,npd,5759.999739995447
355,1994-06-12,european,DED,Sachsen,2,oedp,7639.999531675248
356,1994-06-12,european,DED,Sachsen,2,pass,27978.998389204637
357,1994-06-12,european,DED,Sachsen,2,pbc,6692.999751774059
358,1994-06-12,european,DED,Sachsen,2,pds,397429.9774143004
359,1994-06-12,european,DED,Sachsen,2,pead,2458.9998458839245
360,1994-06-12,european,DED,Sachsen,2,rep,84333.99525911208
361,1994-06-12,european,DED,Sachsen,2,solidariaet,2254.9998947938425
362,1994-06-12,european,DED,Sachsen,2,spd,500694.95880989975
363,1994-06-12,european,DED,Sachsen,2,statt,7519.999521093806
364,1994-06-12,european,DEE,Sachsen-Anhalt,0,eligible_voters,2162802.0
365,1994-06-12,european,DEE,Sachsen-Anhalt,1,issued_ballots,1428907.0
366,1994-06-12,european,DEE,Sachsen-Anhalt,2,apd,19546.0
367,1994-06-12,european,DEE,Sachsen-Anhalt,2,autonome,1728.0
368,1994-06-12,european,DEE,Sachsen-Anhalt,2,bfb,13977.0
369,1994-06-12,european,DEE,Sachsen-Anhalt,2,bp,1961.0
370,1994-06-12,european,DEE,Sachsen-Anhalt,2,bsa,1473.0
371,1994-06-12,european,DEE,Sachsen-Anhalt,2,cdu,413506.0
372,1994-06-12,european,DEE,Sachsen-Anhalt,2,cm,1985.0
373,1994-06-12,european,DEE,Sachsen-Anhalt,2,csu,0.0
374,1994-06-12,european,DEE,Sachsen-Anhalt,2,dsu,5799.0
375,1994-06-12,european,DEE,Sachsen-Anhalt,2,familie,0.0
376,1994-06-12,european,DEE,Sachsen-Anhalt,2,fdp,64628.0
377,1994-06-12,european,DEE,Sachsen-Anhalt,2,forum,17637.0
378,1994-06-12,european,DEE,Sachsen-Anhalt,2,graue,18485.0
379,1994-06-12,european,DEE,Sachsen-Anhalt,2,gruene,77907.0
380,1994-06-12,european,DEE,Sachsen-Anhalt,2,liga,1631.0
381,1994-06-12,european,DEE,Sachsen-Anhalt,2,naturgesetz,4356.0
382,1994-06-12,european,DEE,Sachsen-Anhalt,2,npd,3820.0
383,1994-06-12,european,DEE,Sachsen-Anhalt,2,oedp,3728.0
384,1994-06-12,european,DEE,Sachsen-Anhalt,2,pass,26953.0
385,1994-06-12,european,DEE,Sachsen-Anhalt,2,pbc,2160.0
386,1994-06-12,european,DEE,Sachsen-Anhalt,2,pds,259293.0
387,1994-06-12,european,DEE,Sachsen-Anhalt,2,pead,1300.0
388,1994-06-12,european,DEE,Sachsen-Anhalt,2,rep,37989.0
389,1994-06-12,european,DEE,Sachsen-Anhalt,2,solidariaet,3567.0
390,1994-06-12,european,DEE,Sachsen-Anhalt,2,spd,383337.0
391,1994-06-12,european,DEE,Sachsen-Anhalt,2,statt,5472.0
392,1994-06-12,european,DEF,Schleswig-Holstein,0,eligible_voters,2110508.0
393,1994-06-12,european,DEF,Schleswig-Holstein,1,issued_ballots,1083713.0
394,1994-06-12,european,DEF,Schleswig-Holstein,2,apd,6540.0
395,1994-06-12,european,DEF,Schleswig-Holstein,2,autonome,1281.0
396,1994-06-12,european,DEF,Schleswig-Holstein,2,bfb,14207.0
397,1994-06-12,european,DEF,Schleswig-Holstein,2,bp,946.0
398,1994-06-12,european,DEF,Schleswig-Holstein,2,bsa,329.0
399,1994-06-12,european,DEF,Schleswig-Holstein,2,cdu,434376.0
400,1994-06-12,european,DEF,Schleswig-Holstein,2,cm,1581.0
401,1994-06-12,european,DEF,Schleswig-Holstein,2,csu,0.0
402,1994-06-12,european,DEF,Schleswig-Holstein,2,dsu,715.0
403,1994-06-12,european,DEF,Schleswig-Holstein,2,familie,0.0
404,1994-06-12,european,DEF,Schleswig-Holstein,2,fdp,40879.0
405,1994-06-12,european,DEF,Schleswig-Holstein,2,forum,1219.0
406,1994-06-12,european,DEF,Schleswig-Holstein,2,graue,8221.0
407,1994-06-12,european,DEF,Schleswig-Holstein,2,gruene,127840.0
408,1994-06-12,european,DEF,Schleswig-Holstein,2,liga,667.0
409,1994-06-12,european,DEF,Schleswig-Holstein,2,naturgesetz,3136.0
410,1994-06-12,european,DEF,Schleswig-Holstein,2,npd,2308.0
411,1994-06-12,european,DEF,Schleswig-Holstein,2,oedp,4096.0
412,1994-06-12,european,DEF,Schleswig-Holstein,2,pass,1465.0
413,1994-06-12,european,DEF,Schleswig-Holstein,2,pbc,2144.0
414,1994-06-12,european,DEF,Schleswig-Holstein,2,pds,7213.0
415,1994-06-12,european,DEF,Schleswig-Holstein,2,pead,197.0
416,1994-06-12,european,DEF,Schleswig-Holstein,2,rep,22017.0
417,1994-06-12,european,DEF,Schleswig-Holstein,2,solidariaet,468.0
418,1994-06-12,european,DEF,Schleswig-Holstein,2,spd,380506.0
419,1994-06-12,european,DEF,Schleswig-Holstein,2,statt,8807.0
420,1994-06-12,european,DEG,Thüringen,0,eligible_voters,1959541.934291
421,1994-06-12,european,DEG,Thüringen,1,issued_ballots,1409248.950753
422,1994-06-12,european,DEG,Thüringen,2,apd,13080.999484
423,1994-06-12,european,DEG,Thüringen,2,autonome,1119.999973
424,1994-06-12,european,DEG,Thüringen,2,bfb,10062.9996
425,1994-06-12,european,DEG,Thüringen,2,bp,1673.999938
426,1994-06-12,european,DEG,Thüringen,2,bsa,516.999991
427,1994-06-12,european,DEG,Thüringen,2,cdu,487573.981061
428,1994-06-12,european,DEG,Thüringen,2,cm,1275.999964
429,1994-06-12,european,DEG,Thüringen,2,csu,0.0
430,1994-06-12,european,DEG,Thüringen,2,dsu,12741.999596
431,1994-06-12,european,DEG,Thüringen,2,familie,0.0
432,1994-06-12,european,DEG,Thüringen,2,fdp,57896.997882
433,1994-06-12,european,DEG,Thüringen,2,forum,21011.999142
434,1994-06-12,european,DEG,Thüringen,2,graue,12154.999597
435,1994-06-12,european,DEG,Thüringen,2,gruene,81746.997283
436,1994-06-12,european,DEG,Thüringen,2,liga,1518.999957
437,1994-06-12,european,DEG,Thüringen,2,naturgesetz,4982.999795
438,1994-06-12,european,DEG,Thüringen,2,npd,3490.99988
439,1994-06-12,european,DEG,Thüringen,2,oedp,4717.999711
440,1994-06-12,european,DEG,Thüringen,2,pass,11299.999647999999
441,1994-06-12,european,DEG,Thüringen,2,pbc,1896.99998
442,1994-06-12,european,DEG,Thüringen,2,pds,230117.993342
443,1994-06-12,european,DEG,Thüringen,2,pead,641.9999760000001
444,1994-06-12,european,DEG,Thüringen,2,rep,39542.998709
445,1994-06-12,european,DEG,Thüringen,2,solidariaet,1337.999939
446,1994-06-12,european,DEG,Thüringen,2,spd,353125.988699
447,1994-06-12,european,DEG,Thüringen,2,statt,7168.999788
448,1998-09-27,parliament,DE1,Baden-Württemberg,0,eligible_voters,7256933.0
449,1998-09-27,parliament,DE1,Baden-Württemberg,1,issued_ballots,6032612.0
450,1998-09-27,parliament,DE1,Baden-Württemberg,2,ab2000,0.0
451,1998-09-27,parliament,DE1,Baden-Württemberg,2,apd,0.0
452,1998-09-27,parliament,DE1,Baden-Württemberg,2,appd,5882.0
453,1998-09-27,parliament,DE1,Baden-Württemberg,2,bfb,8304.0
454,1998-09-27,parliament,DE1,Baden-Württemberg,2,bp,0.0
455,1998-09-27,parliament,DE1,Baden-Württemberg,2,bueso,1426.0
456,1998-09-27,parliament,DE1,Baden-Württemberg,2,c2000,0.0
457,1998-09-27,parliament,DE1,Baden-Württemberg,2,cdu,2245873.0
458,1998-09-27,parliament,DE1,Baden-Württemberg,2,cm,8055.0
459,1998-09-27,parliament,DE1,Baden-Württemberg,2,csu,0.0
460,1998-09-27,parliament,DE1,Baden-Württemberg,2,deutschland,0.0
461,1998-09-27,parliament,DE1,Baden-Württemberg,2,dpd,2432.0
462,1998-09-27,parliament,DE1,Baden-Württemberg,2,dvu,33299.0
463,1998-09-27,parliament,DE1,Baden-Württemberg,2,familie,0.0
464,1998-09-27,parliament,DE1,Baden-Württemberg,2,fdp,524527.0
465,1998-09-27,parliament,DE1,Baden-Württemberg,2,forum,0.0
466,1998-09-27,parliament,DE1,Baden-Württemberg,2,frauen,5575.0
467,1998-09-27,parliament,DE1,Baden-Württemberg,2,graue,16139.0
468,1998-09-27,parliament,DE1,Baden-Württemberg,2,gruene,549567.0
469,1998-09-27,parliament,DE1,Baden-Württemberg,2,hp,0.0
470,1998-09-27,parliament,DE1,Baden-Württemberg,2,mlpd,1563.0
471,1998-09-27,parliament,DE1,Baden-Württemberg,2,naturgesetz,6278.0
472,1998-09-27,parliament,DE1,Baden-Württemberg,2,nichwahler,0.0
473,1998-09-27,parliament,DE1,Baden-Württemberg,2,npd,8936.0
474,1998-09-27,parliament,DE1,Baden-Württemberg,2,oedp,21146.0
475,1998-09-27,parliament,DE1,Baden-Württemberg,2,pass,0.0
476,1998-09-27,parliament,DE1,Baden-Württemberg,2,pbc,23589.0
477,1998-09-27,parliament,DE1,Baden-Württemberg,2,pds,58013.0
478,1998-09-27,parliament,DE1,Baden-Württemberg,2,prodm,42469.0
479,1998-09-27,parliament,DE1,Baden-Württemberg,2,psg,1206.0
480,1998-09-27,parliament,DE1,Baden-Württemberg,2,rep,240402.0
481,1998-09-27,parliament,DE1,Baden-Württemberg,2,spd,2118439.0
482,1998-09-27,parliament,DE1,Baden-Württemberg,2,tierschutz,22244.0
483,1998-09-27,parliament,DE2,Bayern,0,eligible_voters,8875328.0
484,1998-09-27,parliament,DE2,Bayern,1,issued_ballots,7026811.0
485,1998-09-27,parliament,DE2,Bayern,2,ab2000,0.0
486,1998-09-27,parliament,DE2,Bayern,2,apd,0.0
487,1998-09-27,parliament,DE2,Bayern,2,appd,6005.0
488,1998-09-27,parliament,DE2,Bayern,2,bfb,25032.0
489,1998-09-27,parliament,DE2,Bayern,2,bp,28107.0
490,1998-09-27,parliament,DE2,Bayern,2,bueso,1358.0
491,1998-09-27,parliament,DE2,Bayern,2,c2000,3199.0
492,1998-09-27,parliament,DE2,Bayern,2,cdu,0.0
493,1998-09-27,parliament,DE2,Bayern,2,cm,5025.0
494,1998-09-27,parliament,DE2,Bayern,2,csu,3324480.0
495,1998-09-27,parliament,DE2,Bayern,2,deutschland,0.0
496,1998-09-27,parliament,DE2,Bayern,2,dpd,0.0
497,1998-09-27,parliament,DE2,Bayern,2,dvu,43522.0
498,1998-09-27,parliament,DE2,Bayern,2,familie,0.0
499,1998-09-27,parliament,DE2,Bayern,2,fdp,354620.0
500,1998-09-27,parliament,DE2,Bayern,2,forum,0.0
501,1998-09-27,parliament,DE2,Bayern,2,frauen,5317.0
502,1998-09-27,parliament,DE2,Bayern,2,graue,11249.0
503,1998-09-27,parliament,DE2,Bayern,2,gruene,413909.0
504,1998-09-27,parliament,DE2,Bayern,2,hp,0.0
505,1998-09-27,parliament,DE2,Bayern,2,mlpd,646.0
506,1998-09-27,parliament,DE2,Bayern,2,naturgesetz,5597.0
507,1998-09-27,parliament,DE2,Bayern,2,nichwahler,0.0
508,1998-09-27,parliament,DE2,Bayern,2,npd,7219.0
509,1998-09-27,parliament,DE2,Bayern,2,oedp,49184.0
510,1998-09-27,parliament,DE2,Bayern,2,pass,0.0
511,1998-09-27,parliament,DE2,Bayern,2,pbc,9575.0
512,1998-09-27,parliament,DE2,Bayern,2,pds,46301.0
513,1998-09-27,parliament,DE2,Bayern,2,prodm,32688.0
514,1998-09-27,parliament,DE2,Bayern,2,psg,0.0
515,1998-09-27,parliament,DE2,Bayern,2,rep,179038.0
516,1998-09-27,parliament,DE2,Bayern,2,spd,2401021.0
517,1998-09-27,parliament,DE2,Bayern,2,tierschutz,21376.0
518,1998-09-27,parliament,DE3,Berlin,0,eligible_voters,2442929.0
519,1998-09-27,parliament,DE3,Berlin,1,issued_ballots,1980517.0
520,1998-09-27,parliament,DE3,Berlin,2,ab2000,0.0
521,1998-09-27,parliament,DE3,Berlin,2,apd,6759.0
522,1998-09-27,parliament,DE3,Berlin,2,appd,2586.0
523,1998-09-27,parliament,DE3,Berlin,2,bfb,5624.0
524,1998-09-27,parliament,DE3,Berlin,2,bp,0.0
525,1998-09-27,parliament,DE3,Berlin,2,bueso,625.0
526,1998-09-27,parliament,DE3,Berlin,2,c2000,5169.0
527,1998-09-27,parliament,DE3,Berlin,2,cdu,463438.0
528,1998-09-27,parliament,DE3,Berlin,2,cm,0.0
529,1998-09-27,parliament,DE3,Berlin,2,csu,0.0
530,1998-09-27,parliament,DE3,Berlin,2,deutschland,0.0
531,1998-09-27,parliament,DE3,Berlin,2,dpd,0.0
532,1998-09-27,parliament,DE3,Berlin,2,dvu,41671.0
533,1998-09-27,parliament,DE3,Berlin,2,familie,0.0
534,1998-09-27,parliament,DE3,Berlin,2,fdp,95403.0
535,1998-09-27,parliament,DE3,Berlin,2,forum,0.0
536,1998-09-27,parliament,DE3,Berlin,2,frauen,2817.0
537,1998-09-27,parliament,DE3,Berlin,2,graue,17508.0
538,1998-09-27,parliament,DE3,Berlin,2,gruene,221849.0
539,1998-09-27,parliament,DE3,Berlin,2,hp,435.0
540,1998-09-27,parliament,DE3,Berlin,2,mlpd,470.0
541,1998-09-27,parliament,DE3,Berlin,2,naturgesetz,2605.0
542,1998-09-27,parliament,DE3,Berlin,2,nichwahler,0.0
543,1998-09-27,parliament,DE3,Berlin,2,npd,7897.0
544,1998-09-27,parliament,DE3,Berlin,2,oedp,1513.0
545,1998-09-27,parliament,DE3,Berlin,2,pass,5556.0
546,1998-09-27,parliament,DE3,Berlin,2,pbc,0.0
547,1998-09-27,parliament,DE3,Berlin,2,pds,263337.0
548,1998-09-27,parliament,DE3,Berlin,2,prodm,15570.0
549,1998-09-27,parliament,DE3,Berlin,2,psg,298.0
550,1998-09-27,parliament,DE3,Berlin,2,rep,46542.0
551,1998-09-27,parliament,DE3,Berlin,2,spd,740915.0
552,1998-09-27,parliament,DE3,Berlin,2,tierschutz,9372.0
553,1998-09-27,parliament,DE4,Brandenburg,0,eligible_voters,2032302.846254
554,1998-09-27,parliament,DE4,Brandenburg,1,issued_ballots,1457417.886822
555,1998-09-27,parliament,DE4,Brandenburg,2,ab2000,0.0
556,1998-09-27,parliament,DE4,Brandenburg,2,apd,0.0
557,1998-09-27,parliament,DE4,Brandenburg,2,appd,0.0
558,1998-09-27,parliament,DE4,Brandenburg,2,bfb,4296.9994320000005
559,1998-09-27,parliament,DE4,Brandenburg,2,bp,0.0
560,1998-09-27,parliament,DE4,Brandenburg,2,bueso,0.0
561,1998-09-27,parliament,DE4,Brandenburg,2,c2000,0.0
562,1998-09-27,parliament,DE4,Brandenburg,2,cdu,293214.977369
563,1998-09-27,parliament,DE4,Brandenburg,2,cm,0.0
564,1998-09-27,parliament,DE4,Brandenburg,2,csu,0.0
565,1998-09-27,parliament,DE4,Brandenburg,2,deutschland,0.0
566,1998-09-27,parliament,DE4,Brandenburg,2,dpd,0.0
567,1998-09-27,parliament,DE4,Brandenburg,2,dvu,40101.997262
568,1998-09-27,parliament,DE4,Brandenburg,2,familie,0.0
569,1998-09-27,parliament,DE4,Brandenburg,2,fdp,39085.996221
570,1998-09-27,parliament,DE4,Brandenburg,2,forum,0.0
571,1998-09-27,parliament,DE4,Brandenburg,2,frauen,0.0
572,1998-09-27,parliament,DE4,Brandenburg,2,graue,4829.999675
573,1998-09-27,parliament,DE4,Brandenburg,2,gruene,48594.995070000004
574,1998-09-27,parliament,DE4,Brandenburg,2,hp,0.0
575,1998-09-27,parliament,DE4,Brandenburg,2,mlpd,0.0
576,1998-09-27,parliament,DE4,Brandenburg,2,naturgesetz,0.0
577,1998-09-27,parliament,DE4,Brandenburg,2,nichwahler,0.0
578,1998-09-27,parliament,DE4,Brandenburg,2,npd,11206.999371
579,1998-09-27,parliament,DE4,Brandenburg,2,oedp,1292.999894
580,1998-09-27,parliament,DE4,Brandenburg,2,pass,0.0
581,1998-09-27,parliament,DE4,Brandenburg,2,pbc,0.0
582,1998-09-27,parliament,DE4,Brandenburg,2,pds,283001.979381
583,1998-09-27,parliament,DE4,Brandenburg,2,prodm,30126.998056
584,1998-09-27,parliament,DE4,Brandenburg,2,psg,0.0
585,1998-09-27,parliament,DE4,Brandenburg,2,rep,24164.998496
586,1998-09-27,parliament,DE4,Brandenburg,2,spd,620709.951077
587,1998-09-27,parliament,DE4,Brandenburg,2,tierschutz,12855.998952
588,1998-09-27,parliament,DE5,Bremen,0,eligible_voters,494809.0
589,1998-09-27,parliament,DE5,Bremen,1,issued_ballots,406054.0
590,1998-09-27,parliament,DE5,Bremen,2,ab2000,0.0
591,1998-09-27,parliament,DE5,Bremen,2,apd,0.0
592,1998-09-27,parliament,DE5,Bremen,2,appd,618.0
593,1998-09-27,parliament,DE5,Bremen,2,bfb,725.0
594,1998-09-27,parliament,DE5,Bremen,2,bp,0.0
595,1998-09-27,parliament,DE5,Bremen,2,bueso,0.0
596,1998-09-27,parliament,DE5,Bremen,2,c2000,473.0
597,1998-09-27,parliament,DE5,Bremen,2,cdu,102115.0
598,1998-09-27,parliament,DE5,Bremen,2,cm,0.0
599,1998-09-27,parliament,DE5,Bremen,2,csu,0.0
600,1998-09-27,parliament,DE5,Bremen,2,deutschland,0.0
601,1998-09-27,parliament,DE5,Bremen,2,dpd,0.0
602,1998-09-27,parliament,DE5,Bremen,2,dvu,6667.0
603,1998-09-27,parliament,DE5,Bremen,2,familie,0.0
604,1998-09-27,parliament,DE5,Bremen,2,fdp,23809.0
605,1998-09-27,parliament,DE5,Bremen,2,forum,0.0
606,1998-09-27,parliament,DE5,Bremen,2,frauen,0.0
607,1998-09-27,parliament,DE5,Bremen,2,graue,1989.0
608,1998-09-27,parliament,DE5,Bremen,2,gruene,45303.0
609,1998-09-27,parliament,DE5,Bremen,2,hp,0.0
610,1998-09-27,parliament,DE5,Bremen,2,mlpd,0.0
611,1998-09-27,parliament,DE5,Bremen,2,naturgesetz,734.0
612,1998-09-27,parliament,DE5,Bremen,2,nichwahler,0.0
613,1998-09-27,parliament,DE5,Bremen,2,npd,1134.0
614,1998-09-27,parliament,DE5,Bremen,2,oedp,0.0
615,1998-09-27,parliament,DE5,Bremen,2,pass,0.0
616,1998-09-27,parliament,DE5,Bremen,2,pbc,0.0
617,1998-09-27,parliament,DE5,Bremen,2,pds,9815.0
618,1998-09-27,parliament,DE5,Bremen,2,prodm,3859.0
619,1998-09-27,parliament,DE5,Bremen,2,psg,0.0
620,1998-09-27,parliament,DE5,Bremen,2,rep,2721.0
621,1998-09-27,parliament,DE5,Bremen,2,spd,201539.0
622,1998-09-27,parliament,DE5,Bremen,2,tierschutz,0.0
623,1998-09-27,parliament,DE6,Hamburg,0,eligible_voters,1213821.0
624,1998-09-27,parliament,DE6,Hamburg,1,issued_ballots,984644.0
625,1998-09-27,parliament,DE6,Hamburg,2,ab2000,0.0
626,1998-09-27,parliament,DE6,Hamburg,2,apd,0.0
627,1998-09-27,parliament,DE6,Hamburg,2,appd,1629.0
628,1998-09-27,parliament,DE6,Hamburg,2,bfb,2920.0
629,1998-09-27,parliament,DE6,Hamburg,2,bp,0.0
630,1998-09-27,parliament,DE6,Hamburg,2,bueso,0.0
631,1998-09-27,parliament,DE6,Hamburg,2,c2000,937.0
632,1998-09-27,parliament,DE6,Hamburg,2,cdu,291756.0
633,1998-09-27,parliament,DE6,Hamburg,2,cm,0.0
634,1998-09-27,parliament,DE6,Hamburg,2,csu,0.0
635,1998-09-27,parliament,DE6,Hamburg,2,deutschland,0.0
636,1998-09-27,parliament,DE6,Hamburg,2,dpd,0.0
637,1998-09-27,parliament,DE6,Hamburg,2,dvu,20601.0
638,1998-09-27,parliament,DE6,Hamburg,2,familie,0.0
639,1998-09-27,parliament,DE6,Hamburg,2,fdp,62835.0
640,1998-09-27,parliament,DE6,Hamburg,2,forum,0.0
641,1998-09-27,parliament,DE6,Hamburg,2,frauen,0.0
642,1998-09-27,parliament,DE6,Hamburg,2,graue,5423.0
643,1998-09-27,parliament,DE6,Hamburg,2,gruene,104658.0
644,1998-09-27,parliament,DE6,Hamburg,2,hp,0.0
645,1998-09-27,parliament,DE6,Hamburg,2,mlpd,0.0
646,1998-09-27,parliament,DE6,Hamburg,2,naturgesetz,1380.0
647,1998-09-27,parliament,DE6,Hamburg,2,nichwahler,0.0
648,1998-09-27,parliament,DE6,Hamburg,2,npd,1052.0
649,1998-09-27,parliament,DE6,Hamburg,2,oedp,0.0
650,1998-09-27,parliament,DE6,Hamburg,2,pass,0.0
651,1998-09-27,parliament,DE6,Hamburg,2,pbc,0.0
652,1998-09-27,parliament,DE6,Hamburg,2,pds,22603.0
653,1998-09-27,parliament,DE6,Hamburg,2,prodm,3328.0
654,1998-09-27,parliament,DE6,Hamburg,2,psg,0.0
655,1998-09-27,parliament,DE6,Hamburg,2,rep,5562.0
656,1998-09-27,parliament,DE6,Hamburg,2,spd,445276.0
657,1998-09-27,parliament,DE6,Hamburg,2,tierschutz,3401.0
658,1998-09-27,parliament,DE7,Hessen,0,eligible_voters,4297202.0
659,1998-09-27,parliament,DE7,Hessen,1,issued_ballots,3619884.0
660,1998-09-27,parliament,DE7,Hessen,2,ab2000,0.0
661,1998-09-27,parliament,DE7,Hessen,2,apd,0.0
662,1998-09-27,parliament,DE7,Hessen,2,appd,3226.0
663,1998-09-27,parliament,DE7,Hessen,2,bfb,22576.0
664,1998-09-27,parliament,DE7,Hessen,2,bp,0.0
665,1998-09-27,parliament,DE7,Hessen,2,bueso,1206.0
666,1998-09-27,parliament,DE7,Hessen,2,c2000,2947.0
667,1998-09-27,parliament,DE7,Hessen,2,cdu,1238158.0
668,1998-09-27,parliament,DE7,Hessen,2,cm,2464.0
669,1998-09-27,parliament,DE7,Hessen,2,csu,0.0
670,1998-09-27,parliament,DE7,Hessen,2,deutschland,0.0
671,1998-09-27,parliament,DE7,Hessen,2,dpd,0.0
672,1998-09-27,parliament,DE7,Hessen,2,dvu,34134.0
673,1998-09-27,parliament,DE7,Hessen,2,familie,0.0
674,1998-09-27,parliament,DE7,Hessen,2,fdp,279988.0
675,1998-09-27,parliament,DE7,Hessen,2,forum,0.0
676,1998-09-27,parliament,DE7,Hessen,2,frauen,3427.0
677,1998-09-27,parliament,DE7,Hessen,2,graue,9246.0
678,1998-09-27,parliament,DE7,Hessen,2,gruene,293939.0
679,1998-09-27,parliament,DE7,Hessen,2,hp,0.0
680,1998-09-27,parliament,DE7,Hessen,2,mlpd,0.0
681,1998-09-27,parliament,DE7,Hessen,2,naturgesetz,3085.0
682,1998-09-27,parliament,DE7,Hessen,2,nichwahler,0.0
683,1998-09-27,parliament,DE7,Hessen,2,npd,9686.0
684,1998-09-27,parliament,DE7,Hessen,2,oedp,2404.0
685,1998-09-27,parliament,DE7,Hessen,2,pass,0.0
686,1998-09-27,parliament,DE7,Hessen,2,pbc,5915.0
687,1998-09-27,parliament,DE7,Hessen,2,pds,52216.0
688,1998-09-27,parliament,DE7,Hessen,2,prodm,23190.0
689,1998-09-27,parliament,DE7,Hessen,2,psg,622.0
690,1998-09-27,parliament,DE7,Hessen,2,rep,83595.0
691,1998-09-27,parliament,DE7,Hessen,2,spd,1481898.0
692,1998-09-27,parliament,DE7,Hessen,2,tierschutz,12609.0
693,1998-09-27,parliament,DE8,Mecklenburg-Vorpommern,0,eligible_voters,1407661.0
694,1998-09-27,parliament,DE8,Mecklenburg-Vorpommern,1,issued_ballots,1038669.0
695,1998-09-27,parliament,DE8,Mecklenburg-Vorpommern,2,ab2000,3078.0
696,1998-09-27,parliament,DE8,Mecklenburg-Vorpommern,2,apd,0.0
697,1998-09-27,parliament,DE8,Mecklenburg-Vorpommern,2,appd,0.0
698,1998-09-27,parliament,DE8,Mecklenburg-Vorpommern,2,bfb,1592.0
699,1998-09-27,parliament,DE8,Mecklenburg-Vorpommern,2,bp,0.0
700,1998-09-27,parliament,DE8,Mecklenburg-Vorpommern,2,bueso,0.0
701,1998-09-27,parliament,DE8,Mecklenburg-Vorpommern,2,c2000,733.0
702,1998-09-27,parliament,DE8,Mecklenburg-Vorpommern,2,cdu,294813.0
703,1998-09-27,parliament,DE8,Mecklenburg-Vorpommern,2,cm,0.0
704,1998-09-27,parliament,DE8,Mecklenburg-Vorpommern,2,csu,0.0
705,1998-09-27,parliament,DE8,Mecklenburg-Vorpommern,2,deutschland,0.0
706,1998-09-27,parliament,DE8,Mecklenburg-Vorpommern,2,dpd,0.0
707,1998-09-27,parliament,DE8,Mecklenburg-Vorpommern,2,dvu,28440.0
708,1998-09-27,parliament,DE8,Mecklenburg-Vorpommern,2,familie,0.0
709,1998-09-27,parliament,DE8,Mecklenburg-Vorpommern,2,fdp,21685.0
710,1998-09-27,parliament,DE8,Mecklenburg-Vorpommern,2,forum,0.0
711,1998-09-27,parliament,DE8,Mecklenburg-Vorpommern,2,frauen,0.0
712,1998-09-27,parliament,DE8,Mecklenburg-Vorpommern,2,graue,2259.0
713,1998-09-27,parliament,DE8,Mecklenburg-Vorpommern,2,gruene,28184.0
714,1998-09-27,parliament,DE8,Mecklenburg-Vorpommern,2,hp,0.0
715,1998-09-27,parliament,DE8,Mecklenburg-Vorpommern,2,mlpd,0.0
716,1998-09-27,parliament,DE8,Mecklenburg-Vorpommern,2,naturgesetz,0.0
717,1998-09-27,parliament,DE8,Mecklenburg-Vorpommern,2,nichwahler,0.0
718,1998-09-27,parliament,DE8,Mecklenburg-Vorpommern,2,npd,10242.0
719,1998-09-27,parliament,DE8,Mecklenburg-Vorpommern,2,oedp,595.0
720,1998-09-27,parliament,DE8,Mecklenburg-Vorpommern,2,pass,0.0
721,1998-09-27,parliament,DE8,Mecklenburg-Vorpommern,2,pbc,0.0
722,1998-09-27,parliament,DE8,Mecklenburg-Vorpommern,2,pds,238170.0
723,1998-09-27,parliament,DE8,Mecklenburg-Vorpommern,2,prodm,14978.0
724,1998-09-27,parliament,DE8,Mecklenburg-Vorpommern,2,psg,0.0
725,1998-09-27,parliament,DE8,Mecklenburg-Vorpommern,2,rep,5842.0
726,1998-09-27,parliament,DE8,Mecklenburg-Vorpommern,2,spd,360518.0
727,1998-09-27,parliament,DE8,Mecklenburg-Vorpommern,2,tierschutz,0.0
728,1998-09-27,parliament,DE9,Niedersachsen,0,eligible_voters,5954567.0
729,1998-09-27,parliament,DE9,Niedersachsen,1,issued_ballots,4996360.0
730,1998-09-27,parliament,DE9,Niedersachsen,2,ab2000,0.0
731,1998-09-27,parliament,DE9,Niedersachsen,2,apd,0.0
732,1998-09-27,parliament,DE9,Niedersachsen,2,appd,5702.0
733,1998-09-27,parliament,DE9,Niedersachsen,2,bfb,5650.0
734,1998-09-27,parliament,DE9,Niedersachsen,2,bp,0.0
735,1998-09-27,parliament,DE9,Niedersachsen,2,bueso,0.0
736,1998-09-27,parliament,DE9,Niedersachsen,2,c2000,0.0
737,1998-09-27,parliament,DE9,Niedersachsen,2,cdu,1689953.0
738,1998-09-27,parliament,DE9,Niedersachsen,2,cm,1586.0
739,1998-09-27,parliament,DE9,Niedersachsen,2,csu,0.0
740,1998-09-27,parliament,DE9,Niedersachsen,2,deutschland,0.0
741,1998-09-27,parliament,DE9,Niedersachsen,2,dpd,0.0
742,1998-09-27,parliament,DE9,Niedersachsen,2,dvu,31169.0
743,1998-09-27,parliament,DE9,Niedersachsen,2,familie,0.0
744,1998-09-27,parliament,DE9,Niedersachsen,2,fdp,314503.0
745,1998-09-27,parliament,DE9,Niedersachsen,2,forum,0.0
746,1998-09-27,parliament,DE9,Niedersachsen,2,frauen,0.0
747,1998-09-27,parliament,DE9,Niedersachsen,2,graue,8445.0
748,1998-09-27,parliament,DE9,Niedersachsen,2,gruene,292799.0
749,1998-09-27,parliament,DE9,Niedersachsen,2,hp,0.0
750,1998-09-27,parliament,DE9,Niedersachsen,2,mlpd,0.0
751,1998-09-27,parliament,DE9,Niedersachsen,2,naturgesetz,2815.0
752,1998-09-27,parliament,DE9,Niedersachsen,2,nichwahler,0.0
753,1998-09-27,parliament,DE9,Niedersachsen,2,npd,6823.0
754,1998-09-27,parliament,DE9,Niedersachsen,2,oedp,2124.0
755,1998-09-27,parliament,DE9,Niedersachsen,2,pass,0.0
756,1998-09-27,parliament,DE9,Niedersachsen,2,pbc,6472.0
757,1998-09-27,parliament,DE9,Niedersachsen,2,pds,50068.0
758,1998-09-27,parliament,DE9,Niedersachsen,2,prodm,29173.0
759,1998-09-27,parliament,DE9,Niedersachsen,2,psg,602.0
760,1998-09-27,parliament,DE9,Niedersachsen,2,rep,45055.0
761,1998-09-27,parliament,DE9,Niedersachsen,2,spd,2446945.0
762,1998-09-27,parliament,DE9,Niedersachsen,2,tierschutz,12077.0
763,1998-09-27,parliament,DEA,Nordrhein-Westfalen,0,eligible_voters,13086397.0
764,1998-09-27,parliament,DEA,Nordrhein-Westfalen,1,issued_ballots,10984476.0
765,1998-09-27,parliament,DEA,Nordrhein-Westfalen,2,ab2000,0.0
766,1998-09-27,parliament,DEA,Nordrhein-Westfalen,2,apd,0.0
767,1998-09-27,parliament,DEA,Nordrhein-Westfalen,2,appd,8719.0
768,1998-09-27,parliament,DEA,Nordrhein-Westfalen,2,bfb,9626.0
769,1998-09-27,parliament,DEA,Nordrhein-Westfalen,2,bp,0.0
770,1998-09-27,parliament,DEA,Nordrhein-Westfalen,2,bueso,1941.0
771,1998-09-27,parliament,DEA,Nordrhein-Westfalen,2,c2000,6028.0
772,1998-09-27,parliament,DEA,Nordrhein-Westfalen,2,cdu,3669024.0
773,1998-09-27,parliament,DEA,Nordrhein-Westfalen,2,cm,5544.0
774,1998-09-27,parliament,DEA,Nordrhein-Westfalen,2,csu,0.0
775,1998-09-27,parliament,DEA,Nordrhein-Westfalen,2,deutschland,6196.0
776,1998-09-27,parliament,DEA,Nordrhein-Westfalen,2,dpd,0.0
777,1998-09-27,parliament,DEA,Nordrhein-Westfalen,2,dvu,98732.0
778,1998-09-27,parliament,DEA,Nordrhein-Westfalen,2,familie,21079.0
779,1998-09-27,parliament,DEA,Nordrhein-Westfalen,2,fdp,789745.0
780,1998-09-27,parliament,DEA,Nordrhein-Westfalen,2,forum,0.0
781,1998-09-27,parliament,DEA,Nordrhein-Westfalen,2,frauen,4829.0
782,1998-09-27,parliament,DEA,Nordrhein-Westfalen,2,graue,34169.0
783,1998-09-27,parliament,DEA,Nordrhein-Westfalen,2,gruene,745911.0
784,1998-09-27,parliament,DEA,Nordrhein-Westfalen,2,hp,0.0
785,1998-09-27,parliament,DEA,Nordrhein-Westfalen,2,mlpd,2052.0
786,1998-09-27,parliament,DEA,Nordrhein-Westfalen,2,naturgesetz,5099.0
787,1998-09-27,parliament,DEA,Nordrhein-Westfalen,2,nichwahler,6827.0
788,1998-09-27,parliament,DEA,Nordrhein-Westfalen,2,npd,12316.0
789,1998-09-27,parliament,DEA,Nordrhein-Westfalen,2,oedp,6644.0
790,1998-09-27,parliament,DEA,Nordrhein-Westfalen,2,pass,0.0
791,1998-09-27,parliament,DEA,Nordrhein-Westfalen,2,pbc,9715.0
792,1998-09-27,parliament,DEA,Nordrhein-Westfalen,2,pds,131550.0
793,1998-09-27,parliament,DEA,Nordrhein-Westfalen,2,prodm,54322.0
794,1998-09-27,parliament,DEA,Nordrhein-Westfalen,2,psg,1114.0
795,1998-09-27,parliament,DEA,Nordrhein-Westfalen,2,rep,113608.0
796,1998-09-27,parliament,DEA,Nordrhein-Westfalen,2,spd,5097425.0
797,1998-09-27,parliament,DEA,Nordrhein-Westfalen,2,tierschutz,27320.0
798,1998-09-27,parliament,DEB,Rheinland-Pfalz,0,eligible_voters,3016036.0
799,1998-09-27,parliament,DEB,Rheinland-Pfalz,1,issued_ballots,2529717.0
800,1998-09-27,parliament,DEB,Rheinland-Pfalz,2,ab2000,0.0
801,1998-09-27,parliament,DEB,Rheinland-Pfalz,2,apd,0.0
802,1998-09-27,parliament,DEB,Rheinland-Pfalz,2,appd,0.0
803,1998-09-27,parliament,DEB,Rheinland-Pfalz,2,bfb,5117.0
804,1998-09-27,parliament,DEB,Rheinland-Pfalz,2,bp,0.0
805,1998-09-27,parliament,DEB,Rheinland-Pfalz,2,bueso,0.0
806,1998-09-27,parliament,DEB,Rheinland-Pfalz,2,c2000,0.0
807,1998-09-27,parliament,DEB,Rheinland-Pfalz,2,cdu,975258.0
808,1998-09-27,parliament,DEB,Rheinland-Pfalz,2,cm,0.0
809,1998-09-27,parliament,DEB,Rheinland-Pfalz,2,csu,0.0
810,1998-09-27,parliament,DEB,Rheinland-Pfalz,2,deutschland,0.0
811,1998-09-27,parliament,DEB,Rheinland-Pfalz,2,dpd,0.0
812,1998-09-27,parliament,DEB,Rheinland-Pfalz,2,dvu,17918.0
813,1998-09-27,parliament,DEB,Rheinland-Pfalz,2,familie,0.0
814,1998-09-27,parliament,DEB,Rheinland-Pfalz,2,fdp,177016.0
815,1998-09-27,parliament,DEB,Rheinland-Pfalz,2,forum,0.0
816,1998-09-27,parliament,DEB,Rheinland-Pfalz,2,frauen,2395.0
817,1998-09-27,parliament,DEB,Rheinland-Pfalz,2,graue,6959.0
818,1998-09-27,parliament,DEB,Rheinland-Pfalz,2,gruene,152009.0
819,1998-09-27,parliament,DEB,Rheinland-Pfalz,2,hp,0.0
820,1998-09-27,parliament,DEB,Rheinland-Pfalz,2,mlpd,0.0
821,1998-09-27,parliament,DEB,Rheinland-Pfalz,2,naturgesetz,3026.0
822,1998-09-27,parliament,DEB,Rheinland-Pfalz,2,nichwahler,0.0
823,1998-09-27,parliament,DEB,Rheinland-Pfalz,2,npd,4532.0
824,1998-09-27,parliament,DEB,Rheinland-Pfalz,2,oedp,4842.0
825,1998-09-27,parliament,DEB,Rheinland-Pfalz,2,pass,0.0
826,1998-09-27,parliament,DEB,Rheinland-Pfalz,2,pbc,5182.0
827,1998-09-27,parliament,DEB,Rheinland-Pfalz,2,pds,25083.0
828,1998-09-27,parliament,DEB,Rheinland-Pfalz,2,prodm,18556.0
829,1998-09-27,parliament,DEB,Rheinland-Pfalz,2,psg,0.0
830,1998-09-27,parliament,DEB,Rheinland-Pfalz,2,rep,53676.0
831,1998-09-27,parliament,DEB,Rheinland-Pfalz,2,spd,1028886.0
832,1998-09-27,parliament,DEB,Rheinland-Pfalz,2,tierschutz,11297.0
833,1998-09-27,parliament,DEC,Saarland,0,eligible_voters,828507.0
834,1998-09-27,parliament,DEC,Saarland,1,issued_ballots,702986.0
835,1998-09-27,parliament,DEC,Saarland,2,ab2000,0.0
836,1998-09-27,parliament,DEC,Saarland,2,apd,0.0
837,1998-09-27,parliament,DEC,Saarland,2,appd,875.0
838,1998-09-27,parliament,DEC,Saarland,2,bfb,824.0
839,1998-09-27,parliament,DEC,Saarland,2,bp,0.0
840,1998-09-27,parliament,DEC,Saarland,2,bueso,0.0
841,1998-09-27,parliament,DEC,Saarland,2,c2000,0.0
842,1998-09-27,parliament,DEC,Saarland,2,cdu,219484.0
843,1998-09-27,parliament,DEC,Saarland,2,cm,945.0
844,1998-09-27,parliament,DEC,Saarland,2,csu,0.0
845,1998-09-27,parliament,DEC,Saarland,2,deutschland,0.0
846,1998-09-27,parliament,DEC,Saarland,2,dpd,0.0
847,1998-09-27,parliament,DEC,Saarland,2,dvu,6208.0
848,1998-09-27,parliament,DEC,Saarland,2,familie,3746.0
849,1998-09-27,parliament,DEC,Saarland,2,fdp,32517.0
850,1998-09-27,parliament,DEC,Saarland,2,forum,0.0
851,1998-09-27,parliament,DEC,Saarland,2,frauen,510.0
852,1998-09-27,parliament,DEC,Saarland,2,graue,3310.0
853,1998-09-27,parliament,DEC,Saarland,2,gruene,37807.0
854,1998-09-27,parliament,DEC,Saarland,2,hp,0.0
855,1998-09-27,parliament,DEC,Saarland,2,mlpd,0.0
856,1998-09-27,parliament,DEC,Saarland,2,naturgesetz,0.0
857,1998-09-27,parliament,DEC,Saarland,2,nichwahler,0.0
858,1998-09-27,parliament,DEC,Saarland,2,npd,1988.0
859,1998-09-27,parliament,DEC,Saarland,2,oedp,808.0
860,1998-09-27,parliament,DEC,Saarland,2,pass,0.0
861,1998-09-27,parliament,DEC,Saarland,2,pbc,0.0
862,1998-09-27,parliament,DEC,Saarland,2,pds,7087.0
863,1998-09-27,parliament,DEC,Saarland,2,prodm,3473.0
864,1998-09-27,parliament,DEC,Saarland,2,psg,0.0
865,1998-09-27,parliament,DEC,Saarland,2,rep,8240.0
866,1998-09-27,parliament,DEC,Saarland,2,spd,361486.0
867,1998-09-27,parliament,DEC,Saarland,2,tierschutz,0.0
868,1998-09-27,parliament,DED,Sachsen,0,eligible_voters,3602457.9284153185
869,1998-09-27,parliament,DED,Sachsen,1,issued_ballots,2941358.9413685976
870,1998-09-27,parliament,DED,Sachsen,2,ab2000,0.0
871,1998-09-27,parliament,DED,Sachsen,2,apd,0.0
872,1998-09-27,parliament,DED,Sachsen,2,appd,0.0
873,1998-09-27,parliament,DED,Sachsen,2,bfb,15467.99979901069
874,1998-09-27,parliament,DED,Sachsen,2,bp,0.0
875,1998-09-27,parliament,DED,Sachsen,2,bueso,3105.999962515315
876,1998-09-27,parliament,DED,Sachsen,2,c2000,8980.999902896816
877,1998-09-27,parliament,DED,Sachsen,2,cdu,945198.9828348702
878,1998-09-27,parliament,DED,Sachsen,2,cm,0.0
879,1998-09-27,parliament,DED,Sachsen,2,csu,0.0
880,1998-09-27,parliament,DED,Sachsen,2,deutschland,0.0
881,1998-09-27,parliament,DED,Sachsen,2,dpd,0.0
882,1998-09-27,parliament,DED,Sachsen,2,dvu,75578.99866376023
883,1998-09-27,parliament,DED,Sachsen,2,familie,0.0
884,1998-09-27,parliament,DED,Sachsen,2,fdp,105523.99781196538
885,1998-09-27,parliament,DED,Sachsen,2,forum,0.0
886,1998-09-27,parliament,DED,Sachsen,2,frauen,0.0
887,1998-09-27,parliament,DED,Sachsen,2,graue,11459.999800438676
888,1998-09-27,parliament,DED,Sachsen,2,gruene,126963.9977041523
889,1998-09-27,parliament,DED,Sachsen,2,hp,0.0
890,1998-09-27,parliament,DED,Sachsen,2,mlpd,0.0
891,1998-09-27,parliament,DED,Sachsen,2,naturgesetz,0.0
892,1998-09-27,parliament,DED,Sachsen,2,nichwahler,0.0
893,1998-09-27,parliament,DED,Sachsen,2,npd,34484.999556252726
894,1998-09-27,parliament,DED,Sachsen,2,oedp,3132.999951448408
895,1998-09-27,parliament,DED,Sachsen,2,pass,0.0
896,1998-09-27,parliament,DED,Sachsen,2,pbc,11492.999889687926
897,1998-09-27,parliament,DED,Sachsen,2,pds,577763.9884807778
898,1998-09-27,parliament,DED,Sachsen,2,prodm,77750.99857272599
899,1998-09-27,parliament,DED,Sachsen,2,psg,0.0
900,1998-09-27,parliament,DED,Sachsen,2,rep,55128.99904681801
901,1998-09-27,parliament,DED,Sachsen,2,spd,842328.9802434291
902,1998-09-27,parliament,DED,Sachsen,2,tierschutz,0.0
903,1998-09-27,parliament,DEE,Sachsen-Anhalt,0,eligible_voters,2149785.0
904,1998-09-27,parliament,DEE,Sachsen-Anhalt,1,issued_ballots,1657621.0
905,1998-09-27,parliament,DEE,Sachsen-Anhalt,2,ab2000,0.0
906,1998-09-27,parliament,DEE,Sachsen-Anhalt,2,apd,0.0
907,1998-09-27,parliament,DEE,Sachsen-Anhalt,2,appd,0.0
908,1998-09-27,parliament,DEE,Sachsen-Anhalt,2,bfb,0.0
909,1998-09-27,parliament,DEE,Sachsen-Anhalt,2,bp,0.0
910,1998-09-27,parliament,DEE,Sachsen-Anhalt,2,bueso,0.0
911,1998-09-27,parliament,DEE,Sachsen-Anhalt,2,c2000,0.0
912,1998-09-27,parliament,DEE,Sachsen-Anhalt,2,cdu,444311.0
913,1998-09-27,parliament,DEE,Sachsen-Anhalt,2,cm,0.0
914,1998-09-27,parliament,DEE,Sachsen-Anhalt,2,csu,0.0
915,1998-09-27,parliament,DEE,Sachsen-Anhalt,2,deutschland,0.0
916,1998-09-27,parliament,DEE,Sachsen-Anhalt,2,dpd,0.0
917,1998-09-27,parliament,DEE,Sachsen-Anhalt,2,dvu,52179.0
918,1998-09-27,parliament,DEE,Sachsen-Anhalt,2,familie,0.0
919,1998-09-27,parliament,DEE,Sachsen-Anhalt,2,fdp,66428.0
920,1998-09-27,parliament,DEE,Sachsen-Anhalt,2,forum,0.0
921,1998-09-27,parliament,DEE,Sachsen-Anhalt,2,frauen,0.0
922,1998-09-27,parliament,DEE,Sachsen-Anhalt,2,graue,7617.0
923,1998-09-27,parliament,DEE,Sachsen-Anhalt,2,gruene,54538.0
924,1998-09-27,parliament,DEE,Sachsen-Anhalt,2,hp,0.0
925,1998-09-27,parliament,DEE,Sachsen-Anhalt,2,mlpd,0.0
926,1998-09-27,parliament,DEE,Sachsen-Anhalt,2,naturgesetz,0.0
927,1998-09-27,parliament,DEE,Sachsen-Anhalt,2,nichwahler,0.0
928,1998-09-27,parliament,DEE,Sachsen-Anhalt,2,npd,5334.0
929,1998-09-27,parliament,DEE,Sachsen-Anhalt,2,oedp,0.0
930,1998-09-27,parliament,DEE,Sachsen-Anhalt,2,pass,0.0
931,1998-09-27,parliament,DEE,Sachsen-Anhalt,2,pbc,0.0
932,1998-09-27,parliament,DEE,Sachsen-Anhalt,2,pds,337393.0
933,1998-09-27,parliament,DEE,Sachsen-Anhalt,2,prodm,31167.0
934,1998-09-27,parliament,DEE,Sachsen-Anhalt,2,psg,2384.0
935,1998-09-27,parliament,DEE,Sachsen-Anhalt,2,rep,9055.0
936,1998-09-27,parliament,DEE,Sachsen-Anhalt,2,spd,620771.0
937,1998-09-27,parliament,DEE,Sachsen-Anhalt,2,tierschutz,0.0
938,1998-09-27,parliament,DEF,Schleswig-Holstein,0,eligible_voters,2135992.0
939,1998-09-27,parliament,DEF,Schleswig-Holstein,1,issued_ballots,1760598.0
940,1998-09-27,parliament,DEF,Schleswig-Holstein,2,ab2000,0.0
941,1998-09-27,parliament,DEF,Schleswig-Holstein,2,apd,0.0
942,1998-09-27,parliament,DEF,Schleswig-Holstein,2,appd,0.0
943,1998-09-27,parliament,DEF,Schleswig-Holstein,2,bfb,3616.0
944,1998-09-27,parliament,DEF,Schleswig-Holstein,2,bp,0.0
945,1998-09-27,parliament,DEF,Schleswig-Holstein,2,bueso,0.0
946,1998-09-27,parliament,DEF,Schleswig-Holstein,2,c2000,0.0
947,1998-09-27,parliament,DEF,Schleswig-Holstein,2,cdu,620516.0
948,1998-09-27,parliament,DEF,Schleswig-Holstein,2,cm,0.0
949,1998-09-27,parliament,DEF,Schleswig-Holstein,2,csu,0.0
950,1998-09-27,parliament,DEF,Schleswig-Holstein,2,deutschland,0.0
951,1998-09-27,parliament,DEF,Schleswig-Holstein,2,dpd,0.0
952,1998-09-27,parliament,DEF,Schleswig-Holstein,2,dvu,21913.0
953,1998-09-27,parliament,DEF,Schleswig-Holstein,2,familie,0.0
954,1998-09-27,parliament,DEF,Schleswig-Holstein,2,fdp,131611.0
955,1998-09-27,parliament,DEF,Schleswig-Holstein,2,forum,0.0
956,1998-09-27,parliament,DEF,Schleswig-Holstein,2,frauen,1805.0
957,1998-09-27,parliament,DEF,Schleswig-Holstein,2,graue,4977.0
958,1998-09-27,parliament,DEF,Schleswig-Holstein,2,gruene,112287.0
959,1998-09-27,parliament,DEF,Schleswig-Holstein,2,hp,0.0
960,1998-09-27,parliament,DEF,Schleswig-Holstein,2,mlpd,0.0
961,1998-09-27,parliament,DEF,Schleswig-Holstein,2,naturgesetz,0.0
962,1998-09-27,parliament,DEF,Schleswig-Holstein,2,nichwahler,0.0
963,1998-09-27,parliament,DEF,Schleswig-Holstein,2,npd,2870.0
964,1998-09-27,parliament,DEF,Schleswig-Holstein,2,oedp,1687.0
965,1998-09-27,parliament,DEF,Schleswig-Holstein,2,pass,0.0
966,1998-09-27,parliament,DEF,Schleswig-Holstein,2,pbc,0.0
967,1998-09-27,parliament,DEF,Schleswig-Holstein,2,pds,25470.0
968,1998-09-27,parliament,DEF,Schleswig-Holstein,2,prodm,14368.0
969,1998-09-27,parliament,DEF,Schleswig-Holstein,2,psg,0.0
970,1998-09-27,parliament,DEF,Schleswig-Holstein,2,rep,6728.0
971,1998-09-27,parliament,DEF,Schleswig-Holstein,2,spd,788907.0
972,1998-09-27,parliament,DEF,Schleswig-Holstein,2,tierschutz,0.0
973,1998-09-27,parliament,DEG,Thüringen,0,eligible_voters,1968023.0
974,1998-09-27,parliament,DEG,Thüringen,1,issued_ballots,1618779.0
975,1998-09-27,parliament,DEG,Thüringen,2,ab2000,0.0
976,1998-09-27,parliament,DEG,Thüringen,2,apd,0.0
977,1998-09-27,parliament,DEG,Thüringen,2,appd,0.0
978,1998-09-27,parliament,DEG,Thüringen,2,bfb,9309.0
979,1998-09-27,parliament,DEG,Thüringen,2,bp,0.0
980,1998-09-27,parliament,DEG,Thüringen,2,bueso,0.0
981,1998-09-27,parliament,DEG,Thüringen,2,c2000,0.0
982,1998-09-27,parliament,DEG,Thüringen,2,cdu,460441.0
983,1998-09-27,parliament,DEG,Thüringen,2,cm,0.0
984,1998-09-27,parliament,DEG,Thüringen,2,csu,0.0
985,1998-09-27,parliament,DEG,Thüringen,2,deutschland,0.0
986,1998-09-27,parliament,DEG,Thüringen,2,dpd,0.0
987,1998-09-27,parliament,DEG,Thüringen,2,dvu,45744.0
988,1998-09-27,parliament,DEG,Thüringen,2,familie,0.0
989,1998-09-27,parliament,DEG,Thüringen,2,fdp,54233.0
990,1998-09-27,parliament,DEG,Thüringen,2,forum,4543.0
991,1998-09-27,parliament,DEG,Thüringen,2,frauen,3419.0
992,1998-09-27,parliament,DEG,Thüringen,2,graue,5879.0
993,1998-09-27,parliament,DEG,Thüringen,2,gruene,62068.0
994,1998-09-27,parliament,DEG,Thüringen,2,hp,0.0
995,1998-09-27,parliament,DEG,Thüringen,2,mlpd,0.0
996,1998-09-27,parliament,DEG,Thüringen,2,naturgesetz,0.0
997,1998-09-27,parliament,DEG,Thüringen,2,nichwahler,0.0
998,1998-09-27,parliament,DEG,Thüringen,2,npd,0.0
999,1998-09-27,parliament,DEG,Thüringen,2,oedp,2609.0
1000,1998-09-27,parliament,DEG,Thüringen,2,pass,0.0
1001,1998-09-27,parliament,DEG,Thüringen,2,pbc,0.0
1002,1998-09-27,parliament,DEG,Thüringen,2,pds,338200.0
1003,1998-09-27,parliament,DEG,Thüringen,2,prodm,31583.0
1004,1998-09-27,parliament,DEG,Thüringen,2,psg,0.0
1005,1998-09-27,parliament,DEG,Thüringen,2,rep,25258.0
1006,1998-09-27,parliament,DEG,Thüringen,2,spd,549942.0
1007,1998-09-27,parliament,DEG,Thüringen,2,tierschutz,0.0
1008,1999-06-13,european,DE1,Baden-Württemberg,0,eligible_voters,7266426.0
1009,1999-06-13,european,DE1,Baden-Württemberg,1,issued_ballots,2949007.0
1010,1999-06-13,european,DE1,Baden-Württemberg,2,apd,8059.0
1011,1999-06-13,european,DE1,Baden-Württemberg,2,asp,2749.0
1012,1999-06-13,european,DE1,Baden-Württemberg,2,bp,0.0
1013,1999-06-13,european,DE1,Baden-Württemberg,2,bueso,615.0
1014,1999-06-13,european,DE1,Baden-Württemberg,2,cdu,1489537.0
1015,1999-06-13,european,DE1,Baden-Württemberg,2,cm,5277.0
1016,1999-06-13,european,DE1,Baden-Württemberg,2,csu,0.0
1017,1999-06-13,european,DE1,Baden-Württemberg,2,familie,0.0
1018,1999-06-13,european,DE1,Baden-Württemberg,2,fdp,141836.0
1019,1999-06-13,european,DE1,Baden-Württemberg,2,frauen,12626.0
1020,1999-06-13,european,DE1,Baden-Württemberg,2,graue,9473.0
1021,1999-06-13,european,DE1,Baden-Württemberg,2,gruene,285140.0
1022,1999-06-13,european,DE1,Baden-Württemberg,2,hp,878.0
1023,1999-06-13,european,DE1,Baden-Württemberg,2,naturgesetz,5205.0
1024,1999-06-13,european,DE1,Baden-Württemberg,2,npd,7534.0
1025,1999-06-13,european,DE1,Baden-Württemberg,2,oedp,17906.0
1026,1999-06-13,european,DE1,Baden-Württemberg,2,pass,3070.0
1027,1999-06-13,european,DE1,Baden-Württemberg,2,pbc,19702.0
1028,1999-06-13,european,DE1,Baden-Württemberg,2,pds,32439.0
1029,1999-06-13,european,DE1,Baden-Württemberg,2,rep,97335.0
1030,1999-06-13,european,DE1,Baden-Württemberg,2,spd,762794.0
1031,1999-06-13,european,DE1,Baden-Württemberg,2,tierschutz,20888.0
1032,1999-06-13,european,DE1,Baden-Württemberg,2,zentrum,518.0
1033,1999-06-13,european,DE2,Bayern,0,eligible_voters,8902025.0
1034,1999-06-13,european,DE2,Bayern,1,issued_ballots,3990183.0
1035,1999-06-13,european,DE2,Bayern,2,apd,7866.0
1036,1999-06-13,european,DE2,Bayern,2,asp,3805.0
1037,1999-06-13,european,DE2,Bayern,2,bp,14950.0
1038,1999-06-13,european,DE2,Bayern,2,bueso,804.0
1039,1999-06-13,european,DE2,Bayern,2,cdu,0.0
1040,1999-06-13,european,DE2,Bayern,2,cm,4724.0
1041,1999-06-13,european,DE2,Bayern,2,csu,2540007.0
1042,1999-06-13,european,DE2,Bayern,2,familie,0.0
1043,1999-06-13,european,DE2,Bayern,2,fdp,73984.0
1044,1999-06-13,european,DE2,Bayern,2,frauen,10586.0
1045,1999-06-13,european,DE2,Bayern,2,graue,9226.0
1046,1999-06-13,european,DE2,Bayern,2,gruene,243781.0
1047,1999-06-13,european,DE2,Bayern,2,hp,1278.0
1048,1999-06-13,european,DE2,Bayern,2,naturgesetz,5037.0
1049,1999-06-13,european,DE2,Bayern,2,npd,7941.0
1050,1999-06-13,european,DE2,Bayern,2,oedp,50400.0
1051,1999-06-13,european,DE2,Bayern,2,pass,3407.0
1052,1999-06-13,european,DE2,Bayern,2,pbc,7662.0
1053,1999-06-13,european,DE2,Bayern,2,pds,28924.0
1054,1999-06-13,european,DE2,Bayern,2,rep,74559.0
1055,1999-06-13,european,DE2,Bayern,2,spd,856863.0
1056,1999-06-13,european,DE2,Bayern,2,tierschutz,22451.0
1057,1999-06-13,european,DE2,Bayern,2,zentrum,381.0
1058,1999-06-13,european,DE3,Berlin,0,eligible_voters,2431784.0
1059,1999-06-13,european,DE3,Berlin,1,issued_ballots,970274.0
1060,1999-06-13,european,DE3,Berlin,2,apd,4015.0
1061,1999-06-13,european,DE3,Berlin,2,asp,1055.0
1062,1999-06-13,european,DE3,Berlin,2,bp,0.0
1063,1999-06-13,european,DE3,Berlin,2,bueso,348.0
1064,1999-06-13,european,DE3,Berlin,2,cdu,335948.0
1065,1999-06-13,european,DE3,Berlin,2,cm,797.0
1066,1999-06-13,european,DE3,Berlin,2,csu,0.0
1067,1999-06-13,european,DE3,Berlin,2,familie,0.0
1068,1999-06-13,european,DE3,Berlin,2,fdp,23184.0
1069,1999-06-13,european,DE3,Berlin,2,frauen,3827.0
1070,1999-06-13,european,DE3,Berlin,2,graue,9275.0
1071,1999-06-13,european,DE3,Berlin,2,gruene,119965.0
1072,1999-06-13,european,DE3,Berlin,2,hp,758.0
1073,1999-06-13,european,DE3,Berlin,2,naturgesetz,1979.0
1074,1999-06-13,european,DE3,Berlin,2,npd,6999.0
1075,1999-06-13,european,DE3,Berlin,2,oedp,2151.0
1076,1999-06-13,european,DE3,Berlin,2,pass,4122.0
1077,1999-06-13,european,DE3,Berlin,2,pbc,1330.0
1078,1999-06-13,european,DE3,Berlin,2,pds,160580.0
1079,1999-06-13,european,DE3,Berlin,2,rep,18311.0
1080,1999-06-13,european,DE3,Berlin,2,spd,256056.0
1081,1999-06-13,european,DE3,Berlin,2,tierschutz,9282.0
1082,1999-06-13,european,DE3,Berlin,2,zentrum,174.0
1083,1999-06-13,european,DE4,Brandenburg,0,eligible_voters,2051959.841965
1084,1999-06-13,european,DE4,Brandenburg,1,issued_ballots,616121.948949
1085,1999-06-13,european,DE4,Brandenburg,2,apd,4695.999659
1086,1999-06-13,european,DE4,Brandenburg,2,asp,1275.999889
1087,1999-06-13,european,DE4,Brandenburg,2,bp,0.0
1088,1999-06-13,european,DE4,Brandenburg,2,bueso,394.999974
1089,1999-06-13,european,DE4,Brandenburg,2,cdu,176406.985037
1090,1999-06-13,european,DE4,Brandenburg,2,cm,1333.999918
1091,1999-06-13,european,DE4,Brandenburg,2,csu,0.0
1092,1999-06-13,european,DE4,Brandenburg,2,familie,0.0
1093,1999-06-13,european,DE4,Brandenburg,2,fdp,13640.998551
1094,1999-06-13,european,DE4,Brandenburg,2,frauen,3068.999722
1095,1999-06-13,european,DE4,Brandenburg,2,graue,3411.999753
1096,1999-06-13,european,DE4,Brandenburg,2,gruene,20159.997483
1097,1999-06-13,european,DE4,Brandenburg,2,hp,551.99995
1098,1999-06-13,european,DE4,Brandenburg,2,naturgesetz,1385.999889
1099,1999-06-13,european,DE4,Brandenburg,2,npd,7344.999495
1100,1999-06-13,european,DE4,Brandenburg,2,oedp,1310.9998719999999
1101,1999-06-13,european,DE4,Brandenburg,2,pass,6431.999582
1102,1999-06-13,european,DE4,Brandenburg,2,pbc,1165.999891
1103,1999-06-13,european,DE4,Brandenburg,2,pds,156312.988831
1104,1999-06-13,european,DE4,Brandenburg,2,rep,9710.99938
1105,1999-06-13,european,DE4,Brandenburg,2,spd,191123.98334
1106,1999-06-13,european,DE4,Brandenburg,2,tierschutz,5823.999442
1107,1999-06-13,european,DE4,Brandenburg,2,zentrum,232.99998
1108,1999-06-13,european,DE5,Bremen,0,eligible_voters,491850.0
1109,1999-06-13,european,DE5,Bremen,1,issued_ballots,215407.0
1110,1999-06-13,european,DE5,Bremen,2,apd,404.0
1111,1999-06-13,european,DE5,Bremen,2,asp,158.0
1112,1999-06-13,european,DE5,Bremen,2,bp,0.0
1113,1999-06-13,european,DE5,Bremen,2,bueso,32.0
1114,1999-06-13,european,DE5,Bremen,2,cdu,74433.0
1115,1999-06-13,european,DE5,Bremen,2,cm,106.0
1116,1999-06-13,european,DE5,Bremen,2,csu,0.0
1117,1999-06-13,european,DE5,Bremen,2,familie,0.0
1118,1999-06-13,european,DE5,Bremen,2,fdp,6166.0
1119,1999-06-13,european,DE5,Bremen,2,frauen,742.0
1120,1999-06-13,european,DE5,Bremen,2,graue,1112.0
1121,1999-06-13,european,DE5,Bremen,2,gruene,26172.0
1122,1999-06-13,european,DE5,Bremen,2,hp,61.0
1123,1999-06-13,european,DE5,Bremen,2,naturgesetz,502.0
1124,1999-06-13,european,DE5,Bremen,2,npd,923.0
1125,1999-06-13,european,DE5,Bremen,2,oedp,177.0
1126,1999-06-13,european,DE5,Bremen,2,pass,357.0
1127,1999-06-13,european,DE5,Bremen,2,pbc,306.0
1128,1999-06-13,european,DE5,Bremen,2,pds,5576.0
1129,1999-06-13,european,DE5,Bremen,2,rep,1710.0
1130,1999-06-13,european,DE5,Bremen,2,spd,93567.0
1131,1999-06-13,european,DE5,Bremen,2,tierschutz,1539.0
1132,1999-06-13,european,DE5,Bremen,2,zentrum,25.0
1133,1999-06-13,european,DE6,Hamburg,0,eligible_voters,1208699.0
1134,1999-06-13,european,DE6,Hamburg,1,issued_ballots,447049.0
1135,1999-06-13,european,DE6,Hamburg,2,apd,934.0
1136,1999-06-13,european,DE6,Hamburg,2,asp,386.0
1137,1999-06-13,european,DE6,Hamburg,2,bp,0.0
1138,1999-06-13,european,DE6,Hamburg,2,bueso,120.0
1139,1999-06-13,european,DE6,Hamburg,2,cdu,178149.0
1140,1999-06-13,european,DE6,Hamburg,2,cm,256.0
1141,1999-06-13,european,DE6,Hamburg,2,csu,0.0
1142,1999-06-13,european,DE6,Hamburg,2,familie,0.0
1143,1999-06-13,european,DE6,Hamburg,2,fdp,14849.0
1144,1999-06-13,european,DE6,Hamburg,2,frauen,1319.0
1145,1999-06-13,european,DE6,Hamburg,2,graue,3111.0
1146,1999-06-13,european,DE6,Hamburg,2,gruene,53082.0
1147,1999-06-13,european,DE6,Hamburg,2,hp,179.0
1148,1999-06-13,european,DE6,Hamburg,2,naturgesetz,817.0
1149,1999-06-13,european,DE6,Hamburg,2,npd,1359.0
1150,1999-06-13,european,DE6,Hamburg,2,oedp,455.0
1151,1999-06-13,european,DE6,Hamburg,2,pass,715.0
1152,1999-06-13,european,DE6,Hamburg,2,pbc,875.0
1153,1999-06-13,european,DE6,Hamburg,2,pds,14734.0
1154,1999-06-13,european,DE6,Hamburg,2,rep,4352.0
1155,1999-06-13,european,DE6,Hamburg,2,spd,164705.0
1156,1999-06-13,european,DE6,Hamburg,2,tierschutz,2791.0
1157,1999-06-13,european,DE6,Hamburg,2,zentrum,75.0
1158,1999-06-13,european,DE7,Hessen,0,eligible_voters,4298090.0
1159,1999-06-13,european,DE7,Hessen,1,issued_ballots,1809593.0
1160,1999-06-13,european,DE7,Hessen,2,apd,4622.0
1161,1999-06-13,european,DE7,Hessen,2,asp,1732.0
1162,1999-06-13,european,DE7,Hessen,2,bp,0.0
1163,1999-06-13,european,DE7,Hessen,2,bueso,525.0
1164,1999-06-13,european,DE7,Hessen,2,cdu,844604.0
1165,1999-06-13,european,DE7,Hessen,2,cm,1679.0
1166,1999-06-13,european,DE7,Hessen,2,csu,0.0
1167,1999-06-13,european,DE7,Hessen,2,familie,0.0
1168,1999-06-13,european,DE7,Hessen,2,fdp,69694.0
1169,1999-06-13,european,DE7,Hessen,2,frauen,5816.0
1170,1999-06-13,european,DE7,Hessen,2,graue,5207.0
1171,1999-06-13,european,DE7,Hessen,2,gruene,142359.0
1172,1999-06-13,european,DE7,Hessen,2,hp,556.0
1173,1999-06-13,european,DE7,Hessen,2,naturgesetz,2416.0
1174,1999-06-13,european,DE7,Hessen,2,npd,5524.0
1175,1999-06-13,european,DE7,Hessen,2,oedp,2763.0
1176,1999-06-13,european,DE7,Hessen,2,pass,2201.0
1177,1999-06-13,european,DE7,Hessen,2,pbc,4819.0
1178,1999-06-13,european,DE7,Hessen,2,pds,29224.0
1179,1999-06-13,european,DE7,Hessen,2,rep,35735.0
1180,1999-06-13,european,DE7,Hessen,2,spd,616282.0
1181,1999-06-13,european,DE7,Hessen,2,tierschutz,11032.0
1182,1999-06-13,european,DE7,Hessen,2,zentrum,379.0
1183,1999-06-13,european,DE8,Mecklenburg-Vorpommern,0,eligible_voters,1409453.0
1184,1999-06-13,european,DE8,Mecklenburg-Vorpommern,1,issued_ballots,715638.0
1185,1999-06-13,european,DE8,Mecklenburg-Vorpommern,2,apd,5614.0
1186,1999-06-13,european,DE8,Mecklenburg-Vorpommern,2,asp,1177.0
1187,1999-06-13,european,DE8,Mecklenburg-Vorpommern,2,bp,0.0
1188,1999-06-13,european,DE8,Mecklenburg-Vorpommern,2,bueso,611.0
1189,1999-06-13,european,DE8,Mecklenburg-Vorpommern,2,cdu,309727.0
1190,1999-06-13,european,DE8,Mecklenburg-Vorpommern,2,cm,672.0
1191,1999-06-13,european,DE8,Mecklenburg-Vorpommern,2,csu,0.0
1192,1999-06-13,european,DE8,Mecklenburg-Vorpommern,2,familie,0.0
1193,1999-06-13,european,DE8,Mecklenburg-Vorpommern,2,fdp,9189.0
1194,1999-06-13,european,DE8,Mecklenburg-Vorpommern,2,frauen,2830.0
1195,1999-06-13,european,DE8,Mecklenburg-Vorpommern,2,graue,3006.0
1196,1999-06-13,european,DE8,Mecklenburg-Vorpommern,2,gruene,16845.0
1197,1999-06-13,european,DE8,Mecklenburg-Vorpommern,2,hp,632.0
1198,1999-06-13,european,DE8,Mecklenburg-Vorpommern,2,naturgesetz,1134.0
1199,1999-06-13,european,DE8,Mecklenburg-Vorpommern,2,npd,4260.0
1200,1999-06-13,european,DE8,Mecklenburg-Vorpommern,2,oedp,842.0
1201,1999-06-13,european,DE8,Mecklenburg-Vorpommern,2,pass,7164.0
1202,1999-06-13,european,DE8,Mecklenburg-Vorpommern,2,pbc,1189.0
1203,1999-06-13,european,DE8,Mecklenburg-Vorpommern,2,pds,165597.0
1204,1999-06-13,european,DE8,Mecklenburg-Vorpommern,2,rep,7926.0
1205,1999-06-13,european,DE8,Mecklenburg-Vorpommern,2,spd,138439.0
1206,1999-06-13,european,DE8,Mecklenburg-Vorpommern,2,tierschutz,4558.0
1207,1999-06-13,european,DE8,Mecklenburg-Vorpommern,2,zentrum,319.0
1208,1999-06-13,european,DE9,Niedersachsen,0,eligible_voters,5960804.0
1209,1999-06-13,european,DE9,Niedersachsen,1,issued_ballots,2634368.0
1210,1999-06-13,european,DE9,Niedersachsen,2,apd,6734.0
1211,1999-06-13,european,DE9,Niedersachsen,2,asp,1917.0
1212,1999-06-13,european,DE9,Niedersachsen,2,bp,0.0
1213,1999-06-13,european,DE9,Niedersachsen,2,bueso,440.0
1214,1999-06-13,european,DE9,Niedersachsen,2,cdu,1232977.0
1215,1999-06-13,european,DE9,Niedersachsen,2,cm,1622.0
1216,1999-06-13,european,DE9,Niedersachsen,2,csu,0.0
1217,1999-06-13,european,DE9,Niedersachsen,2,familie,0.0
1218,1999-06-13,european,DE9,Niedersachsen,2,fdp,69910.0
1219,1999-06-13,european,DE9,Niedersachsen,2,frauen,6158.0
1220,1999-06-13,european,DE9,Niedersachsen,2,graue,7863.0
1221,1999-06-13,european,DE9,Niedersachsen,2,gruene,158834.0
1222,1999-06-13,european,DE9,Niedersachsen,2,hp,646.0
1223,1999-06-13,european,DE9,Niedersachsen,2,naturgesetz,2893.0
1224,1999-06-13,european,DE9,Niedersachsen,2,npd,7021.0
1225,1999-06-13,european,DE9,Niedersachsen,2,oedp,3040.0
1226,1999-06-13,european,DE9,Niedersachsen,2,pass,2867.0
1227,1999-06-13,european,DE9,Niedersachsen,2,pbc,6215.0
1228,1999-06-13,european,DE9,Niedersachsen,2,pds,32077.0
1229,1999-06-13,european,DE9,Niedersachsen,2,rep,25816.0
1230,1999-06-13,european,DE9,Niedersachsen,2,spd,1033547.0
1231,1999-06-13,european,DE9,Niedersachsen,2,tierschutz,12396.0
1232,1999-06-13,european,DE9,Niedersachsen,2,zentrum,435.0
1233,1999-06-13,european,DEA,Nordrhein-Westfalen,0,eligible_voters,13075952.0
1234,1999-06-13,european,DEA,Nordrhein-Westfalen,1,issued_ballots,5732613.0
1235,1999-06-13,european,DEA,Nordrhein-Westfalen,2,apd,13208.0
1236,1999-06-13,european,DEA,Nordrhein-Westfalen,2,asp,5236.0
1237,1999-06-13,european,DEA,Nordrhein-Westfalen,2,bp,0.0
1238,1999-06-13,european,DEA,Nordrhein-Westfalen,2,bueso,1122.0
1239,1999-06-13,european,DEA,Nordrhein-Westfalen,2,cdu,2687264.0
1240,1999-06-13,european,DEA,Nordrhein-Westfalen,2,cm,5992.0
1241,1999-06-13,european,DEA,Nordrhein-Westfalen,2,csu,0.0
1242,1999-06-13,european,DEA,Nordrhein-Westfalen,2,familie,0.0
1243,1999-06-13,european,DEA,Nordrhein-Westfalen,2,fdp,197919.0
1244,1999-06-13,european,DEA,Nordrhein-Westfalen,2,frauen,15316.0
1245,1999-06-13,european,DEA,Nordrhein-Westfalen,2,graue,24624.0
1246,1999-06-13,european,DEA,Nordrhein-Westfalen,2,gruene,406176.0
1247,1999-06-13,european,DEA,Nordrhein-Westfalen,2,hp,1666.0
1248,1999-06-13,european,DEA,Nordrhein-Westfalen,2,naturgesetz,5131.0
1249,1999-06-13,european,DEA,Nordrhein-Westfalen,2,npd,14374.0
1250,1999-06-13,european,DEA,Nordrhein-Westfalen,2,oedp,8679.0
1251,1999-06-13,european,DEA,Nordrhein-Westfalen,2,pass,5676.0
1252,1999-06-13,european,DEA,Nordrhein-Westfalen,2,pbc,7863.0
1253,1999-06-13,european,DEA,Nordrhein-Westfalen,2,pds,76689.0
1254,1999-06-13,european,DEA,Nordrhein-Westfalen,2,rep,53039.0
1255,1999-06-13,european,DEA,Nordrhein-Westfalen,2,spd,2121821.0
1256,1999-06-13,european,DEA,Nordrhein-Westfalen,2,tierschutz,31276.0
1257,1999-06-13,european,DEA,Nordrhein-Westfalen,2,zentrum,2506.0
1258,1999-06-13,european,DEB,Rheinland-Pfalz,0,eligible_voters,3015747.0
1259,1999-06-13,european,DEB,Rheinland-Pfalz,1,issued_ballots,1925055.0
1260,1999-06-13,european,DEB,Rheinland-Pfalz,2,apd,7599.0
1261,1999-06-13,european,DEB,Rheinland-Pfalz,2,asp,2293.0
1262,1999-06-13,european,DEB,Rheinland-Pfalz,2,bp,0.0
1263,1999-06-13,european,DEB,Rheinland-Pfalz,2,bueso,397.0
1264,1999-06-13,european,DEB,Rheinland-Pfalz,2,cdu,937291.0
1265,1999-06-13,european,DEB,Rheinland-Pfalz,2,cm,2060.0
1266,1999-06-13,european,DEB,Rheinland-Pfalz,2,csu,0.0
1267,1999-06-13,european,DEB,Rheinland-Pfalz,2,familie,0.0
1268,1999-06-13,european,DEB,Rheinland-Pfalz,2,fdp,68572.0
1269,1999-06-13,european,DEB,Rheinland-Pfalz,2,frauen,6082.0
1270,1999-06-13,european,DEB,Rheinland-Pfalz,2,graue,7487.0
1271,1999-06-13,european,DEB,Rheinland-Pfalz,2,gruene,96670.0
1272,1999-06-13,european,DEB,Rheinland-Pfalz,2,hp,538.0
1273,1999-06-13,european,DEB,Rheinland-Pfalz,2,naturgesetz,2198.0
1274,1999-06-13,european,DEB,Rheinland-Pfalz,2,npd,4438.0
1275,1999-06-13,european,DEB,Rheinland-Pfalz,2,oedp,5790.0
1276,1999-06-13,european,DEB,Rheinland-Pfalz,2,pass,2268.0
1277,1999-06-13,european,DEB,Rheinland-Pfalz,2,pbc,3870.0
1278,1999-06-13,european,DEB,Rheinland-Pfalz,2,pds,15044.0
1279,1999-06-13,european,DEB,Rheinland-Pfalz,2,rep,38628.0
1280,1999-06-13,european,DEB,Rheinland-Pfalz,2,spd,660618.0
1281,1999-06-13,european,DEB,Rheinland-Pfalz,2,tierschutz,13793.0
1282,1999-06-13,european,DEB,Rheinland-Pfalz,2,zentrum,369.0
1283,1999-06-13,european,DEC,Saarland,0,eligible_voters,825048.0
1284,1999-06-13,european,DEC,Saarland,1,issued_ballots,499241.0
1285,1999-06-13,european,DEC,Saarland,2,apd,2848.0
1286,1999-06-13,european,DEC,Saarland,2,asp,588.0
1287,1999-06-13,european,DEC,Saarland,2,bp,0.0
1288,1999-06-13,european,DEC,Saarland,2,bueso,49.0
1289,1999-06-13,european,DEC,Saarland,2,cdu,216489.0
1290,1999-06-13,european,DEC,Saarland,2,cm,918.0
1291,1999-06-13,european,DEC,Saarland,2,csu,0.0
1292,1999-06-13,european,DEC,Saarland,2,familie,4117.0
1293,1999-06-13,european,DEC,Saarland,2,fdp,10125.0
1294,1999-06-13,european,DEC,Saarland,2,frauen,1288.0
1295,1999-06-13,european,DEC,Saarland,2,graue,1677.0
1296,1999-06-13,european,DEC,Saarland,2,gruene,24269.0
1297,1999-06-13,european,DEC,Saarland,2,hp,149.0
1298,1999-06-13,european,DEC,Saarland,2,naturgesetz,614.0
1299,1999-06-13,european,DEC,Saarland,2,npd,1501.0
1300,1999-06-13,european,DEC,Saarland,2,oedp,1127.0
1301,1999-06-13,european,DEC,Saarland,2,pass,554.0
1302,1999-06-13,european,DEC,Saarland,2,pbc,332.0
1303,1999-06-13,european,DEC,Saarland,2,pds,4836.0
1304,1999-06-13,european,DEC,Saarland,2,rep,8224.0
1305,1999-06-13,european,DEC,Saarland,2,spd,199266.0
1306,1999-06-13,european,DEC,Saarland,2,tierschutz,3211.0
1307,1999-06-13,european,DEC,Saarland,2,zentrum,88.0
1308,1999-06-13,european,DED,Sachsen,0,eligible_voters,3598882.953701773
1309,1999-06-13,european,DED,Sachsen,1,issued_ballots,1929982.9746792738
1310,1999-06-13,european,DED,Sachsen,2,apd,12134.999842207326
1311,1999-06-13,european,DED,Sachsen,2,asp,4951.999928957597
1312,1999-06-13,european,DED,Sachsen,2,bp,0.0
1313,1999-06-13,european,DED,Sachsen,2,bueso,1377.999978223183
1314,1999-06-13,european,DED,Sachsen,2,cdu,852890.9896299511
1315,1999-06-13,european,DED,Sachsen,2,cm,2487.999983935135
1316,1999-06-13,european,DED,Sachsen,2,csu,0.0
1317,1999-06-13,european,DED,Sachsen,2,familie,0.0
1318,1999-06-13,european,DED,Sachsen,2,fdp,42462.99953804588
1319,1999-06-13,european,DED,Sachsen,2,frauen,12354.999806864624
1320,1999-06-13,european,DED,Sachsen,2,graue,9832.999887545946
1321,1999-06-13,european,DED,Sachsen,2,gruene,50927.9994887803
1322,1999-06-13,european,DED,Sachsen,2,hp,1486.999980722162
1323,1999-06-13,european,DED,Sachsen,2,naturgesetz,3512.999957517357
1324,1999-06-13,european,DED,Sachsen,2,npd,21509.99981900252
1325,1999-06-13,european,DED,Sachsen,2,oedp,1797.999986077117
1326,1999-06-13,european,DED,Sachsen,2,pass,12766.999832568406
1327,1999-06-13,european,DED,Sachsen,2,pbc,7552.999963586306
1328,1999-06-13,european,DED,Sachsen,2,pds,391125.99524479994
1329,1999-06-13,european,DED,Sachsen,2,rep,46531.99943915771
1330,1999-06-13,european,DED,Sachsen,2,spd,363799.99359654484
1331,1999-06-13,european,DED,Sachsen,2,tierschutz,19976.999719757354
1332,1999-06-13,european,DED,Sachsen,2,zentrum,500.99999643002997
1333,1999-06-13,european,DEE,Sachsen-Anhalt,0,eligible_voters,2144993.0
1334,1999-06-13,european,DEE,Sachsen-Anhalt,1,issued_ballots,1062305.0
1335,1999-06-13,european,DEE,Sachsen-Anhalt,2,apd,7748.0
1336,1999-06-13,european,DEE,Sachsen-Anhalt,2,asp,3285.0
1337,1999-06-13,european,DEE,Sachsen-Anhalt,2,bp,0.0
1338,1999-06-13,european,DEE,Sachsen-Anhalt,2,bueso,1276.0
1339,1999-06-13,european,DEE,Sachsen-Anhalt,2,cdu,406036.0
1340,1999-06-13,european,DEE,Sachsen-Anhalt,2,cm,1142.0
1341,1999-06-13,european,DEE,Sachsen-Anhalt,2,csu,0.0
1342,1999-06-13,european,DEE,Sachsen-Anhalt,2,familie,0.0
1343,1999-06-13,european,DEE,Sachsen-Anhalt,2,fdp,29265.0
1344,1999-06-13,european,DEE,Sachsen-Anhalt,2,frauen,7790.0
1345,1999-06-13,european,DEE,Sachsen-Anhalt,2,graue,8271.0
1346,1999-06-13,european,DEE,Sachsen-Anhalt,2,gruene,21335.0
1347,1999-06-13,european,DEE,Sachsen-Anhalt,2,hp,1112.0
1348,1999-06-13,european,DEE,Sachsen-Anhalt,2,naturgesetz,1692.0
1349,1999-06-13,european,DEE,Sachsen-Anhalt,2,npd,7363.0
1350,1999-06-13,european,DEE,Sachsen-Anhalt,2,oedp,1185.0
1351,1999-06-13,european,DEE,Sachsen-Anhalt,2,pass,12632.0
1352,1999-06-13,european,DEE,Sachsen-Anhalt,2,pbc,1953.0
1353,1999-06-13,european,DEE,Sachsen-Anhalt,2,pds,213539.0
1354,1999-06-13,european,DEE,Sachsen-Anhalt,2,rep,12971.0
1355,1999-06-13,european,DEE,Sachsen-Anhalt,2,spd,273077.0
1356,1999-06-13,european,DEE,Sachsen-Anhalt,2,tierschutz,10681.0
1357,1999-06-13,european,DEE,Sachsen-Anhalt,2,zentrum,630.0
1358,1999-06-13,european,DEF,Schleswig-Holstein,0,eligible_voters,2137366.0
1359,1999-06-13,european,DEF,Schleswig-Holstein,1,issued_ballots,827878.0
1360,1999-06-13,european,DEF,Schleswig-Holstein,2,apd,2687.0
1361,1999-06-13,european,DEF,Schleswig-Holstein,2,asp,843.0
1362,1999-06-13,european,DEF,Schleswig-Holstein,2,bp,0.0
1363,1999-06-13,european,DEF,Schleswig-Holstein,2,bueso,206.0
1364,1999-06-13,european,DEF,Schleswig-Holstein,2,cdu,414097.0
1365,1999-06-13,european,DEF,Schleswig-Holstein,2,cm,688.0
1366,1999-06-13,european,DEF,Schleswig-Holstein,2,csu,0.0
1367,1999-06-13,european,DEF,Schleswig-Holstein,2,familie,0.0
1368,1999-06-13,european,DEF,Schleswig-Holstein,2,fdp,25757.0
1369,1999-06-13,european,DEF,Schleswig-Holstein,2,frauen,2201.0
1370,1999-06-13,european,DEF,Schleswig-Holstein,2,graue,3558.0
1371,1999-06-13,european,DEF,Schleswig-Holstein,2,gruene,50229.0
1372,1999-06-13,european,DEF,Schleswig-Holstein,2,hp,268.0
1373,1999-06-13,european,DEF,Schleswig-Holstein,2,naturgesetz,1102.0
1374,1999-06-13,european,DEF,Schleswig-Holstein,2,npd,2549.0
1375,1999-06-13,european,DEF,Schleswig-Holstein,2,oedp,1128.0
1376,1999-06-13,european,DEF,Schleswig-Holstein,2,pass,1286.0
1377,1999-06-13,european,DEF,Schleswig-Holstein,2,pbc,1759.0
1378,1999-06-13,european,DEF,Schleswig-Holstein,2,pds,11594.0
1379,1999-06-13,european,DEF,Schleswig-Holstein,2,rep,5236.0
1380,1999-06-13,european,DEF,Schleswig-Holstein,2,spd,289850.0
1381,1999-06-13,european,DEF,Schleswig-Holstein,2,tierschutz,4819.0
1382,1999-06-13,european,DEF,Schleswig-Holstein,2,zentrum,147.0
1383,1999-06-13,european,DEG,Thüringen,0,eligible_voters,1967824.0
1384,1999-06-13,european,DEG,Thüringen,1,issued_ballots,1144216.0
1385,1999-06-13,european,DEG,Thüringen,2,apd,8815.0
1386,1999-06-13,european,DEG,Thüringen,2,asp,2577.0
1387,1999-06-13,european,DEG,Thüringen,2,bp,0.0
1388,1999-06-13,european,DEG,Thüringen,2,bueso,1113.0
1389,1999-06-13,european,DEG,Thüringen,2,cdu,472374.0
1390,1999-06-13,european,DEG,Thüringen,2,cm,991.0
1391,1999-06-13,european,DEG,Thüringen,2,csu,0.0
1392,1999-06-13,european,DEG,Thüringen,2,familie,0.0
1393,1999-06-13,european,DEG,Thüringen,2,fdp,23817.0
1394,1999-06-13,european,DEG,Thüringen,2,frauen,8123.0
1395,1999-06-13,european,DEG,Thüringen,2,graue,5007.0
1396,1999-06-13,european,DEG,Thüringen,2,gruene,25549.0
1397,1999-06-13,european,DEG,Thüringen,2,hp,745.0
1398,1999-06-13,european,DEG,Thüringen,2,naturgesetz,2520.0
1399,1999-06-13,european,DEG,Thüringen,2,npd,7021.0
1400,1999-06-13,european,DEG,Thüringen,2,oedp,1296.0
1401,1999-06-13,european,DEG,Thüringen,2,pass,5912.0
1402,1999-06-13,european,DEG,Thüringen,2,pbc,2138.0
1403,1999-06-13,european,DEG,Thüringen,2,pds,229453.0
1404,1999-06-13,european,DEG,Thüringen,2,rep,20953.0
1405,1999-06-13,european,DEG,Thüringen,2,spd,285276.0
1406,1999-06-13,european,DEG,Thüringen,2,tierschutz,10668.0
1407,1999-06-13,european,DEG,Thüringen,2,zentrum,300.0
1408,2002-09-22,parliament,DE1,Baden-Württemberg,0,eligible_voters,7418781.0
1409,2002-09-22,parliament,DE1,Baden-Württemberg,1,issued_ballots,6017608.0
1410,2002-09-22,parliament,DE1,Baden-Württemberg,2,aufbruch,0.0
1411,2002-09-22,parliament,DE1,Baden-Württemberg,2,bp,0.0
1412,2002-09-22,parliament,DE1,Baden-Württemberg,2,bueso,1360.0
1413,2002-09-22,parliament,DE1,Baden-Württemberg,2,cdu,2543789.0
1414,2002-09-22,parliament,DE1,Baden-Württemberg,2,cm,4669.0
1415,2002-09-22,parliament,DE1,Baden-Württemberg,2,csu,0.0
1416,2002-09-22,parliament,DE1,Baden-Württemberg,2,familie,0.0
1417,2002-09-22,parliament,DE1,Baden-Württemberg,2,fdp,461801.0
1418,2002-09-22,parliament,DE1,Baden-Württemberg,2,frauen,9902.0
1419,2002-09-22,parliament,DE1,Baden-Württemberg,2,graue,10144.0
1420,2002-09-22,parliament,DE1,Baden-Württemberg,2,gruene,676342.0
1421,2002-09-22,parliament,DE1,Baden-Württemberg,2,hp,0.0
1422,2002-09-22,parliament,DE1,Baden-Württemberg,2,kpd,0.0
1423,2002-09-22,parliament,DE1,Baden-Württemberg,2,npd,16404.0
1424,2002-09-22,parliament,DE1,Baden-Württemberg,2,oedp,11614.0
1425,2002-09-22,parliament,DE1,Baden-Württemberg,2,pbc,29824.0
1426,2002-09-22,parliament,DE1,Baden-Württemberg,2,pds,56156.0
1427,2002-09-22,parliament,DE1,Baden-Württemberg,2,prg,7499.0
1428,2002-09-22,parliament,DE1,Baden-Württemberg,2,rep,65462.0
1429,2002-09-22,parliament,DE1,Baden-Württemberg,2,schill,27878.0
1430,2002-09-22,parliament,DE1,Baden-Württemberg,2,spd,1989524.0
1431,2002-09-22,parliament,DE1,Baden-Württemberg,2,tierschutz,27491.0
1432,2002-09-22,parliament,DE1,Baden-Württemberg,2,violetten,0.0
1433,2002-09-22,parliament,DE1,Baden-Württemberg,2,zentrum,0.0
1434,2002-09-22,parliament,DE2,Bayern,0,eligible_voters,9101493.0
1435,2002-09-22,parliament,DE2,Bayern,1,issued_ballots,7416233.0
1436,2002-09-22,parliament,DE2,Bayern,2,aufbruch,4697.0
1437,2002-09-22,parliament,DE2,Bayern,2,bp,9379.0
1438,2002-09-22,parliament,DE2,Bayern,2,bueso,1688.0
1439,2002-09-22,parliament,DE2,Bayern,2,cdu,0.0
1440,2002-09-22,parliament,DE2,Bayern,2,cm,4171.0
1441,2002-09-22,parliament,DE2,Bayern,2,csu,4315080.0
1442,2002-09-22,parliament,DE2,Bayern,2,familie,0.0
1443,2002-09-22,parliament,DE2,Bayern,2,fdp,332675.0
1444,2002-09-22,parliament,DE2,Bayern,2,frauen,7881.0
1445,2002-09-22,parliament,DE2,Bayern,2,graue,7268.0
1446,2002-09-22,parliament,DE2,Bayern,2,gruene,562483.0
1447,2002-09-22,parliament,DE2,Bayern,2,hp,0.0
1448,2002-09-22,parliament,DE2,Bayern,2,kpd,0.0
1449,2002-09-22,parliament,DE2,Bayern,2,npd,16796.0
1450,2002-09-22,parliament,DE2,Bayern,2,oedp,26896.0
1451,2002-09-22,parliament,DE2,Bayern,2,pbc,10121.0
1452,2002-09-22,parliament,DE2,Bayern,2,pds,49515.0
1453,2002-09-22,parliament,DE2,Bayern,2,prg,0.0
1454,2002-09-22,parliament,DE2,Bayern,2,rep,50118.0
1455,2002-09-22,parliament,DE2,Bayern,2,schill,16809.0
1456,2002-09-22,parliament,DE2,Bayern,2,spd,1922551.0
1457,2002-09-22,parliament,DE2,Bayern,2,tierschutz,24486.0
1458,2002-09-22,parliament,DE2,Bayern,2,violetten,0.0
1459,2002-09-22,parliament,DE2,Bayern,2,zentrum,0.0
1460,2002-09-22,parliament,DE3,Berlin,0,eligible_voters,2442795.0
1461,2002-09-22,parliament,DE3,Berlin,1,issued_ballots,1896316.0
1462,2002-09-22,parliament,DE3,Berlin,2,aufbruch,0.0
1463,2002-09-22,parliament,DE3,Berlin,2,bp,0.0
1464,2002-09-22,parliament,DE3,Berlin,2,bueso,1926.0
1465,2002-09-22,parliament,DE3,Berlin,2,cdu,484017.0
1466,2002-09-22,parliament,DE3,Berlin,2,cm,0.0
1467,2002-09-22,parliament,DE3,Berlin,2,csu,0.0
1468,2002-09-22,parliament,DE3,Berlin,2,familie,0.0
1469,2002-09-22,parliament,DE3,Berlin,2,fdp,124004.0
1470,2002-09-22,parliament,DE3,Berlin,2,frauen,7634.0
1471,2002-09-22,parliament,DE3,Berlin,2,graue,15910.0
1472,2002-09-22,parliament,DE3,Berlin,2,gruene,274008.0
1473,2002-09-22,parliament,DE3,Berlin,2,hp,1337.0
1474,2002-09-22,parliament,DE3,Berlin,2,kpd,1624.0
1475,2002-09-22,parliament,DE3,Berlin,2,npd,11260.0
1476,2002-09-22,parliament,DE3,Berlin,2,oedp,2319.0
1477,2002-09-22,parliament,DE3,Berlin,2,pbc,3033.0
1478,2002-09-22,parliament,DE3,Berlin,2,pds,212642.0
1479,2002-09-22,parliament,DE3,Berlin,2,prg,0.0
1480,2002-09-22,parliament,DE3,Berlin,2,rep,12768.0
1481,2002-09-22,parliament,DE3,Berlin,2,schill,34481.0
1482,2002-09-22,parliament,DE3,Berlin,2,spd,685170.0
1483,2002-09-22,parliament,DE3,Berlin,2,tierschutz,0.0
1484,2002-09-22,parliament,DE3,Berlin,2,violetten,0.0
1485,2002-09-22,parliament,DE3,Berlin,2,zentrum,0.0
1486,2002-09-22,parliament,DE4,Brandenburg,0,eligible_voters,2101024.829944
1487,2002-09-22,parliament,DE4,Brandenburg,1,issued_ballots,1547956.868176
1488,2002-09-22,parliament,DE4,Brandenburg,2,aufbruch,0.0
1489,2002-09-22,parliament,DE4,Brandenburg,2,bp,0.0
1490,2002-09-22,parliament,DE4,Brandenburg,2,bueso,0.0
1491,2002-09-22,parliament,DE4,Brandenburg,2,cdu,339867.969941
1492,2002-09-22,parliament,DE4,Brandenburg,2,cm,0.0
1493,2002-09-22,parliament,DE4,Brandenburg,2,csu,0.0
1494,2002-09-22,parliament,DE4,Brandenburg,2,familie,0.0
1495,2002-09-22,parliament,DE4,Brandenburg,2,fdp,88684.991096
1496,2002-09-22,parliament,DE4,Brandenburg,2,frauen,0.0
1497,2002-09-22,parliament,DE4,Brandenburg,2,graue,8710.999349
1498,2002-09-22,parliament,DE4,Brandenburg,2,gruene,68764.991583
1499,2002-09-22,parliament,DE4,Brandenburg,2,hp,0.0
1500,2002-09-22,parliament,DE4,Brandenburg,2,kpd,0.0
1501,2002-09-22,parliament,DE4,Brandenburg,2,npd,23270.998395
1502,2002-09-22,parliament,DE4,Brandenburg,2,oedp,0.0
1503,2002-09-22,parliament,DE4,Brandenburg,2,pbc,0.0
1504,2002-09-22,parliament,DE4,Brandenburg,2,pds,263227.979928
1505,2002-09-22,parliament,DE4,Brandenburg,2,prg,0.0
1506,2002-09-22,parliament,DE4,Brandenburg,2,rep,0.0
1507,2002-09-22,parliament,DE4,Brandenburg,2,schill,26106.998176
1508,2002-09-22,parliament,DE4,Brandenburg,2,spd,707870.941442
1509,2002-09-22,parliament,DE4,Brandenburg,2,tierschutz,0.0
1510,2002-09-22,parliament,DE4,Brandenburg,2,violetten,0.0
1511,2002-09-22,parliament,DE4,Brandenburg,2,zentrum,0.0
1512,2002-09-22,parliament,DE5,Bremen,0,eligible_voters,484493.0
1513,2002-09-22,parliament,DE5,Bremen,1,issued_ballots,382009.0
1514,2002-09-22,parliament,DE5,Bremen,2,aufbruch,0.0
1515,2002-09-22,parliament,DE5,Bremen,2,bp,0.0
1516,2002-09-22,parliament,DE5,Bremen,2,bueso,0.0
1517,2002-09-22,parliament,DE5,Bremen,2,cdu,92774.0
1518,2002-09-22,parliament,DE5,Bremen,2,cm,0.0
1519,2002-09-22,parliament,DE5,Bremen,2,csu,0.0
1520,2002-09-22,parliament,DE5,Bremen,2,familie,0.0
1521,2002-09-22,parliament,DE5,Bremen,2,fdp,25306.0
1522,2002-09-22,parliament,DE5,Bremen,2,frauen,0.0
1523,2002-09-22,parliament,DE5,Bremen,2,graue,1954.0
1524,2002-09-22,parliament,DE5,Bremen,2,gruene,56632.0
1525,2002-09-22,parliament,DE5,Bremen,2,hp,0.0
1526,2002-09-22,parliament,DE5,Bremen,2,kpd,0.0
1527,2002-09-22,parliament,DE5,Bremen,2,npd,1801.0
1528,2002-09-22,parliament,DE5,Bremen,2,oedp,0.0
1529,2002-09-22,parliament,DE5,Bremen,2,pbc,0.0
1530,2002-09-22,parliament,DE5,Bremen,2,pds,8443.0
1531,2002-09-22,parliament,DE5,Bremen,2,prg,0.0
1532,2002-09-22,parliament,DE5,Bremen,2,rep,940.0
1533,2002-09-22,parliament,DE5,Bremen,2,schill,6406.0
1534,2002-09-22,parliament,DE5,Bremen,2,spd,183368.0
1535,2002-09-22,parliament,DE5,Bremen,2,tierschutz,0.0
1536,2002-09-22,parliament,DE5,Bremen,2,violetten,0.0
1537,2002-09-22,parliament,DE5,Bremen,2,zentrum,0.0
1538,2002-09-22,parliament,DE6,Hamburg,0,eligible_voters,1221783.0
1539,2002-09-22,parliament,DE6,Hamburg,1,issued_ballots,972418.0
1540,2002-09-22,parliament,DE6,Hamburg,2,aufbruch,0.0
1541,2002-09-22,parliament,DE6,Hamburg,2,bp,0.0
1542,2002-09-22,parliament,DE6,Hamburg,2,bueso,890.0
1543,2002-09-22,parliament,DE6,Hamburg,2,cdu,270318.0
1544,2002-09-22,parliament,DE6,Hamburg,2,cm,0.0
1545,2002-09-22,parliament,DE6,Hamburg,2,csu,0.0
1546,2002-09-22,parliament,DE6,Hamburg,2,familie,0.0
1547,2002-09-22,parliament,DE6,Hamburg,2,fdp,65574.0
1548,2002-09-22,parliament,DE6,Hamburg,2,frauen,2189.0
1549,2002-09-22,parliament,DE6,Hamburg,2,graue,0.0
1550,2002-09-22,parliament,DE6,Hamburg,2,gruene,156010.0
1551,2002-09-22,parliament,DE6,Hamburg,2,hp,0.0
1552,2002-09-22,parliament,DE6,Hamburg,2,kpd,0.0
1553,2002-09-22,parliament,DE6,Hamburg,2,npd,1956.0
1554,2002-09-22,parliament,DE6,Hamburg,2,oedp,0.0
1555,2002-09-22,parliament,DE6,Hamburg,2,pbc,0.0
1556,2002-09-22,parliament,DE6,Hamburg,2,pds,20253.0
1557,2002-09-22,parliament,DE6,Hamburg,2,prg,0.0
1558,2002-09-22,parliament,DE6,Hamburg,2,rep,1201.0
1559,2002-09-22,parliament,DE6,Hamburg,2,schill,40309.0
1560,2002-09-22,parliament,DE6,Hamburg,2,spd,404738.0
1561,2002-09-22,parliament,DE6,Hamburg,2,tierschutz,0.0
1562,2002-09-22,parliament,DE6,Hamburg,2,violetten,0.0
1563,2002-09-22,parliament,DE6,Hamburg,2,zentrum,0.0
1564,2002-09-22,parliament,DE7,Hessen,0,eligible_voters,4344854.0
1565,2002-09-22,parliament,DE7,Hessen,1,issued_ballots,3480327.0
1566,2002-09-22,parliament,DE7,Hessen,2,aufbruch,0.0
1567,2002-09-22,parliament,DE7,Hessen,2,bp,0.0
1568,2002-09-22,parliament,DE7,Hessen,2,bueso,1454.0
1569,2002-09-22,parliament,DE7,Hessen,2,cdu,1266054.0
1570,2002-09-22,parliament,DE7,Hessen,2,cm,2484.0
1571,2002-09-22,parliament,DE7,Hessen,2,csu,0.0
1572,2002-09-22,parliament,DE7,Hessen,2,familie,0.0
1573,2002-09-22,parliament,DE7,Hessen,2,fdp,280927.0
1574,2002-09-22,parliament,DE7,Hessen,2,frauen,0.0
1575,2002-09-22,parliament,DE7,Hessen,2,graue,6431.0
1576,2002-09-22,parliament,DE7,Hessen,2,gruene,366032.0
1577,2002-09-22,parliament,DE7,Hessen,2,hp,0.0
1578,2002-09-22,parliament,DE7,Hessen,2,kpd,0.0
1579,2002-09-22,parliament,DE7,Hessen,2,npd,12613.0
1580,2002-09-22,parliament,DE7,Hessen,2,oedp,2424.0
1581,2002-09-22,parliament,DE7,Hessen,2,pbc,6983.0
1582,2002-09-22,parliament,DE7,Hessen,2,pds,45891.0
1583,2002-09-22,parliament,DE7,Hessen,2,prg,0.0
1584,2002-09-22,parliament,DE7,Hessen,2,rep,26433.0
1585,2002-09-22,parliament,DE7,Hessen,2,schill,22381.0
1586,2002-09-22,parliament,DE7,Hessen,2,spd,1355496.0
1587,2002-09-22,parliament,DE7,Hessen,2,tierschutz,18720.0
1588,2002-09-22,parliament,DE7,Hessen,2,violetten,0.0
1589,2002-09-22,parliament,DE7,Hessen,2,zentrum,0.0
1590,2002-09-22,parliament,DE8,Mecklenburg-Vorpommern,0,eligible_voters,1412019.0
1591,2002-09-22,parliament,DE8,Mecklenburg-Vorpommern,1,issued_ballots,996580.0
1592,2002-09-22,parliament,DE8,Mecklenburg-Vorpommern,2,aufbruch,0.0
1593,2002-09-22,parliament,DE8,Mecklenburg-Vorpommern,2,bp,0.0
1594,2002-09-22,parliament,DE8,Mecklenburg-Vorpommern,2,bueso,0.0
1595,2002-09-22,parliament,DE8,Mecklenburg-Vorpommern,2,cdu,294746.0
1596,2002-09-22,parliament,DE8,Mecklenburg-Vorpommern,2,cm,0.0
1597,2002-09-22,parliament,DE8,Mecklenburg-Vorpommern,2,csu,0.0
1598,2002-09-22,parliament,DE8,Mecklenburg-Vorpommern,2,familie,0.0
1599,2002-09-22,parliament,DE8,Mecklenburg-Vorpommern,2,fdp,52816.0
1600,2002-09-22,parliament,DE8,Mecklenburg-Vorpommern,2,frauen,0.0
1601,2002-09-22,parliament,DE8,Mecklenburg-Vorpommern,2,graue,0.0
1602,2002-09-22,parliament,DE8,Mecklenburg-Vorpommern,2,gruene,34180.0
1603,2002-09-22,parliament,DE8,Mecklenburg-Vorpommern,2,hp,0.0
1604,2002-09-22,parliament,DE8,Mecklenburg-Vorpommern,2,kpd,0.0
1605,2002-09-22,parliament,DE8,Mecklenburg-Vorpommern,2,npd,8190.0
1606,2002-09-22,parliament,DE8,Mecklenburg-Vorpommern,2,oedp,0.0
1607,2002-09-22,parliament,DE8,Mecklenburg-Vorpommern,2,pbc,0.0
1608,2002-09-22,parliament,DE8,Mecklenburg-Vorpommern,2,pds,158823.0
1609,2002-09-22,parliament,DE8,Mecklenburg-Vorpommern,2,prg,0.0
1610,2002-09-22,parliament,DE8,Mecklenburg-Vorpommern,2,rep,2876.0
1611,2002-09-22,parliament,DE8,Mecklenburg-Vorpommern,2,schill,16049.0
1612,2002-09-22,parliament,DE8,Mecklenburg-Vorpommern,2,spd,405415.0
1613,2002-09-22,parliament,DE8,Mecklenburg-Vorpommern,2,tierschutz,0.0
1614,2002-09-22,parliament,DE8,Mecklenburg-Vorpommern,2,violetten,0.0
1615,2002-09-22,parliament,DE8,Mecklenburg-Vorpommern,2,zentrum,0.0
1616,2002-09-22,parliament,DE9,Niedersachsen,0,eligible_voters,6035170.0
1617,2002-09-22,parliament,DE9,Niedersachsen,1,issued_ballots,4886327.0
1618,2002-09-22,parliament,DE9,Niedersachsen,2,aufbruch,0.0
1619,2002-09-22,parliament,DE9,Niedersachsen,2,bp,0.0
1620,2002-09-22,parliament,DE9,Niedersachsen,2,bueso,1278.0
1621,2002-09-22,parliament,DE9,Niedersachsen,2,cdu,1673495.0
1622,2002-09-22,parliament,DE9,Niedersachsen,2,cm,0.0
1623,2002-09-22,parliament,DE9,Niedersachsen,2,csu,0.0
1624,2002-09-22,parliament,DE9,Niedersachsen,2,familie,0.0
1625,2002-09-22,parliament,DE9,Niedersachsen,2,fdp,342990.0
1626,2002-09-22,parliament,DE9,Niedersachsen,2,frauen,0.0
1627,2002-09-22,parliament,DE9,Niedersachsen,2,graue,7258.0
1628,2002-09-22,parliament,DE9,Niedersachsen,2,gruene,353644.0
1629,2002-09-22,parliament,DE9,Niedersachsen,2,hp,0.0
1630,2002-09-22,parliament,DE9,Niedersachsen,2,kpd,0.0
1631,2002-09-22,parliament,DE9,Niedersachsen,2,npd,12905.0
1632,2002-09-22,parliament,DE9,Niedersachsen,2,oedp,1737.0
1633,2002-09-22,parliament,DE9,Niedersachsen,2,pbc,9246.0
1634,2002-09-22,parliament,DE9,Niedersachsen,2,pds,50380.0
1635,2002-09-22,parliament,DE9,Niedersachsen,2,prg,0.0
1636,2002-09-22,parliament,DE9,Niedersachsen,2,rep,13972.0
1637,2002-09-22,parliament,DE9,Niedersachsen,2,schill,43165.0
1638,2002-09-22,parliament,DE9,Niedersachsen,2,spd,2318625.0
1639,2002-09-22,parliament,DE9,Niedersachsen,2,tierschutz,17538.0
1640,2002-09-22,parliament,DE9,Niedersachsen,2,violetten,0.0
1641,2002-09-22,parliament,DE9,Niedersachsen,2,zentrum,0.0
1642,2002-09-22,parliament,DEA,Nordrhein-Westfalen,0,eligible_voters,13179091.0
1643,2002-09-22,parliament,DEA,Nordrhein-Westfalen,1,issued_ballots,10581411.0
1644,2002-09-22,parliament,DEA,Nordrhein-Westfalen,2,aufbruch,0.0
1645,2002-09-22,parliament,DEA,Nordrhein-Westfalen,2,bp,0.0
1646,2002-09-22,parliament,DEA,Nordrhein-Westfalen,2,bueso,1561.0
1647,2002-09-22,parliament,DEA,Nordrhein-Westfalen,2,cdu,3675732.0
1648,2002-09-22,parliament,DEA,Nordrhein-Westfalen,2,cm,4116.0
1649,2002-09-22,parliament,DEA,Nordrhein-Westfalen,2,csu,0.0
1650,2002-09-22,parliament,DEA,Nordrhein-Westfalen,2,familie,22820.0
1651,2002-09-22,parliament,DEA,Nordrhein-Westfalen,2,fdp,978841.0
1652,2002-09-22,parliament,DEA,Nordrhein-Westfalen,2,frauen,9226.0
1653,2002-09-22,parliament,DEA,Nordrhein-Westfalen,2,graue,22199.0
1654,2002-09-22,parliament,DEA,Nordrhein-Westfalen,2,gruene,930684.0
1655,2002-09-22,parliament,DEA,Nordrhein-Westfalen,2,hp,1148.0
1656,2002-09-22,parliament,DEA,Nordrhein-Westfalen,2,kpd,0.0
1657,2002-09-22,parliament,DEA,Nordrhein-Westfalen,2,npd,25883.0
1658,2002-09-22,parliament,DEA,Nordrhein-Westfalen,2,oedp,4811.0
1659,2002-09-22,parliament,DEA,Nordrhein-Westfalen,2,pbc,15358.0
1660,2002-09-22,parliament,DEA,Nordrhein-Westfalen,2,pds,125446.0
1661,2002-09-22,parliament,DEA,Nordrhein-Westfalen,2,prg,0.0
1662,2002-09-22,parliament,DEA,Nordrhein-Westfalen,2,rep,40669.0
1663,2002-09-22,parliament,DEA,Nordrhein-Westfalen,2,schill,70993.0
1664,2002-09-22,parliament,DEA,Nordrhein-Westfalen,2,spd,4499388.0
1665,2002-09-22,parliament,DEA,Nordrhein-Westfalen,2,tierschutz,38146.0
1666,2002-09-22,parliament,DEA,Nordrhein-Westfalen,2,violetten,2412.0
1667,2002-09-22,parliament,DEA,Nordrhein-Westfalen,2,zentrum,3127.0
1668,2002-09-22,parliament,DEB,Rheinland-Pfalz,0,eligible_voters,3051076.0
1669,2002-09-22,parliament,DEB,Rheinland-Pfalz,1,issued_ballots,2441460.0
1670,2002-09-22,parliament,DEB,Rheinland-Pfalz,2,aufbruch,0.0
1671,2002-09-22,parliament,DEB,Rheinland-Pfalz,2,bp,0.0
1672,2002-09-22,parliament,DEB,Rheinland-Pfalz,2,bueso,0.0
1673,2002-09-22,parliament,DEB,Rheinland-Pfalz,2,cdu,967011.0
1674,2002-09-22,parliament,DEB,Rheinland-Pfalz,2,cm,0.0
1675,2002-09-22,parliament,DEB,Rheinland-Pfalz,2,csu,0.0
1676,2002-09-22,parliament,DEB,Rheinland-Pfalz,2,familie,0.0
1677,2002-09-22,parliament,DEB,Rheinland-Pfalz,2,fdp,223761.0
1678,2002-09-22,parliament,DEB,Rheinland-Pfalz,2,frauen,0.0
1679,2002-09-22,parliament,DEB,Rheinland-Pfalz,2,graue,0.0
1680,2002-09-22,parliament,DEB,Rheinland-Pfalz,2,gruene,190645.0
1681,2002-09-22,parliament,DEB,Rheinland-Pfalz,2,hp,0.0
1682,2002-09-22,parliament,DEB,Rheinland-Pfalz,2,kpd,0.0
1683,2002-09-22,parliament,DEB,Rheinland-Pfalz,2,npd,10321.0
1684,2002-09-22,parliament,DEB,Rheinland-Pfalz,2,oedp,3963.0
1685,2002-09-22,parliament,DEB,Rheinland-Pfalz,2,pbc,7721.0
1686,2002-09-22,parliament,DEB,Rheinland-Pfalz,2,pds,24099.0
1687,2002-09-22,parliament,DEB,Rheinland-Pfalz,2,prg,0.0
1688,2002-09-22,parliament,DEB,Rheinland-Pfalz,2,rep,23450.0
1689,2002-09-22,parliament,DEB,Rheinland-Pfalz,2,schill,13755.0
1690,2002-09-22,parliament,DEB,Rheinland-Pfalz,2,spd,918736.0
1691,2002-09-22,parliament,DEB,Rheinland-Pfalz,2,tierschutz,19324.0
1692,2002-09-22,parliament,DEB,Rheinland-Pfalz,2,violetten,0.0
1693,2002-09-22,parliament,DEB,Rheinland-Pfalz,2,zentrum,0.0
1694,2002-09-22,parliament,DEC,Saarland,0,eligible_voters,821218.0
1695,2002-09-22,parliament,DEC,Saarland,1,issued_ballots,657158.0
1696,2002-09-22,parliament,DEC,Saarland,2,aufbruch,0.0
1697,2002-09-22,parliament,DEC,Saarland,2,bp,0.0
1698,2002-09-22,parliament,DEC,Saarland,2,bueso,0.0
1699,2002-09-22,parliament,DEC,Saarland,2,cdu,224842.0
1700,2002-09-22,parliament,DEC,Saarland,2,cm,0.0
1701,2002-09-22,parliament,DEC,Saarland,2,csu,0.0
1702,2002-09-22,parliament,DEC,Saarland,2,familie,7225.0
1703,2002-09-22,parliament,DEC,Saarland,2,fdp,41110.0
1704,2002-09-22,parliament,DEC,Saarland,2,frauen,0.0
1705,2002-09-22,parliament,DEC,Saarland,2,graue,3424.0
1706,2002-09-22,parliament,DEC,Saarland,2,gruene,48602.0
1707,2002-09-22,parliament,DEC,Saarland,2,hp,0.0
1708,2002-09-22,parliament,DEC,Saarland,2,kpd,0.0
1709,2002-09-22,parliament,DEC,Saarland,2,npd,4449.0
1710,2002-09-22,parliament,DEC,Saarland,2,oedp,0.0
1711,2002-09-22,parliament,DEC,Saarland,2,pbc,0.0
1712,2002-09-22,parliament,DEC,Saarland,2,pds,9000.0
1713,2002-09-22,parliament,DEC,Saarland,2,prg,0.0
1714,2002-09-22,parliament,DEC,Saarland,2,rep,2802.0
1715,2002-09-22,parliament,DEC,Saarland,2,schill,5986.0
1716,2002-09-22,parliament,DEC,Saarland,2,spd,295521.0
1717,2002-09-22,parliament,DEC,Saarland,2,tierschutz,0.0
1718,2002-09-22,parliament,DEC,Saarland,2,violetten,0.0
1719,2002-09-22,parliament,DEC,Saarland,2,zentrum,0.0
1720,2002-09-22,parliament,DED,Sachsen,0,eligible_voters,3571995.0
1721,2002-09-22,parliament,DED,Sachsen,1,issued_ballots,2632297.0
1722,2002-09-22,parliament,DED,Sachsen,2,aufbruch,0.0
1723,2002-09-22,parliament,DED,Sachsen,2,bp,0.0
1724,2002-09-22,parliament,DED,Sachsen,2,bueso,6801.0
1725,2002-09-22,parliament,DED,Sachsen,2,cdu,868167.0
1726,2002-09-22,parliament,DED,Sachsen,2,cm,0.0
1727,2002-09-22,parliament,DED,Sachsen,2,csu,0.0
1728,2002-09-22,parliament,DED,Sachsen,2,familie,0.0
1729,2002-09-22,parliament,DED,Sachsen,2,fdp,187759.0
1730,2002-09-22,parliament,DED,Sachsen,2,frauen,0.0
1731,2002-09-22,parliament,DED,Sachsen,2,graue,14751.0
1732,2002-09-22,parliament,DED,Sachsen,2,gruene,119530.0
1733,2002-09-22,parliament,DED,Sachsen,2,hp,0.0
1734,2002-09-22,parliament,DED,Sachsen,2,kpd,0.0
1735,2002-09-22,parliament,DED,Sachsen,2,npd,36814.0
1736,2002-09-22,parliament,DED,Sachsen,2,oedp,0.0
1737,2002-09-22,parliament,DED,Sachsen,2,pbc,15509.0
1738,2002-09-22,parliament,DED,Sachsen,2,pds,418329.0
1739,2002-09-22,parliament,DED,Sachsen,2,prg,0.0
1740,2002-09-22,parliament,DED,Sachsen,2,rep,26190.0
1741,2002-09-22,parliament,DED,Sachsen,2,schill,31565.0
1742,2002-09-22,parliament,DED,Sachsen,2,spd,861685.0
1743,2002-09-22,parliament,DED,Sachsen,2,tierschutz,0.0
1744,2002-09-22,parliament,DED,Sachsen,2,violetten,0.0
1745,2002-09-22,parliament,DED,Sachsen,2,zentrum,0.0
1746,2002-09-22,parliament,DEE,Sachsen-Anhalt,0,eligible_voters,2108941.0
1747,2002-09-22,parliament,DEE,Sachsen-Anhalt,1,issued_ballots,1451093.0
1748,2002-09-22,parliament,DEE,Sachsen-Anhalt,2,aufbruch,0.0
1749,2002-09-22,parliament,DEE,Sachsen-Anhalt,2,bp,0.0
1750,2002-09-22,parliament,DEE,Sachsen-Anhalt,2,bueso,0.0
1751,2002-09-22,parliament,DEE,Sachsen-Anhalt,2,cdu,415486.0
1752,2002-09-22,parliament,DEE,Sachsen-Anhalt,2,cm,0.0
1753,2002-09-22,parliament,DEE,Sachsen-Anhalt,2,csu,0.0
1754,2002-09-22,parliament,DEE,Sachsen-Anhalt,2,familie,0.0
1755,2002-09-22,parliament,DEE,Sachsen-Anhalt,2,fdp,108267.0
1756,2002-09-22,parliament,DEE,Sachsen-Anhalt,2,frauen,0.0
1757,2002-09-22,parliament,DEE,Sachsen-Anhalt,2,graue,5872.0
1758,2002-09-22,parliament,DEE,Sachsen-Anhalt,2,gruene,48574.0
1759,2002-09-22,parliament,DEE,Sachsen-Anhalt,2,hp,0.0
1760,2002-09-22,parliament,DEE,Sachsen-Anhalt,2,kpd,0.0
1761,2002-09-22,parliament,DEE,Sachsen-Anhalt,2,npd,14296.0
1762,2002-09-22,parliament,DEE,Sachsen-Anhalt,2,oedp,0.0
1763,2002-09-22,parliament,DEE,Sachsen-Anhalt,2,pbc,0.0
1764,2002-09-22,parliament,DEE,Sachsen-Anhalt,2,pds,206129.0
1765,2002-09-22,parliament,DEE,Sachsen-Anhalt,2,prg,0.0
1766,2002-09-22,parliament,DEE,Sachsen-Anhalt,2,rep,0.0
1767,2002-09-22,parliament,DEE,Sachsen-Anhalt,2,schill,0.0
1768,2002-09-22,parliament,DEE,Sachsen-Anhalt,2,spd,618016.0
1769,2002-09-22,parliament,DEE,Sachsen-Anhalt,2,tierschutz,13950.0
1770,2002-09-22,parliament,DEE,Sachsen-Anhalt,2,violetten,0.0
1771,2002-09-22,parliament,DEE,Sachsen-Anhalt,2,zentrum,0.0
1772,2002-09-22,parliament,DEF,Schleswig-Holstein,0,eligible_voters,2172756.0
1773,2002-09-22,parliament,DEF,Schleswig-Holstein,1,issued_ballots,1753226.0
1774,2002-09-22,parliament,DEF,Schleswig-Holstein,2,aufbruch,0.0
1775,2002-09-22,parliament,DEF,Schleswig-Holstein,2,bp,0.0
1776,2002-09-22,parliament,DEF,Schleswig-Holstein,2,bueso,0.0
1777,2002-09-22,parliament,DEF,Schleswig-Holstein,2,cdu,625100.0
1778,2002-09-22,parliament,DEF,Schleswig-Holstein,2,cm,0.0
1779,2002-09-22,parliament,DEF,Schleswig-Holstein,2,csu,0.0
1780,2002-09-22,parliament,DEF,Schleswig-Holstein,2,familie,0.0
1781,2002-09-22,parliament,DEF,Schleswig-Holstein,2,fdp,139417.0
1782,2002-09-22,parliament,DEF,Schleswig-Holstein,2,frauen,0.0
1783,2002-09-22,parliament,DEF,Schleswig-Holstein,2,graue,4313.0
1784,2002-09-22,parliament,DEF,Schleswig-Holstein,2,gruene,162425.0
1785,2002-09-22,parliament,DEF,Schleswig-Holstein,2,hp,0.0
1786,2002-09-22,parliament,DEF,Schleswig-Holstein,2,kpd,0.0
1787,2002-09-22,parliament,DEF,Schleswig-Holstein,2,npd,4701.0
1788,2002-09-22,parliament,DEF,Schleswig-Holstein,2,oedp,0.0
1789,2002-09-22,parliament,DEF,Schleswig-Holstein,2,pbc,3850.0
1790,2002-09-22,parliament,DEF,Schleswig-Holstein,2,pds,22579.0
1791,2002-09-22,parliament,DEF,Schleswig-Holstein,2,prg,0.0
1792,2002-09-22,parliament,DEF,Schleswig-Holstein,2,rep,2442.0
1793,2002-09-22,parliament,DEF,Schleswig-Holstein,2,schill,26294.0
1794,2002-09-22,parliament,DEF,Schleswig-Holstein,2,spd,743838.0
1795,2002-09-22,parliament,DEF,Schleswig-Holstein,2,tierschutz,0.0
1796,2002-09-22,parliament,DEF,Schleswig-Holstein,2,violetten,0.0
1797,2002-09-22,parliament,DEF,Schleswig-Holstein,2,zentrum,0.0
1798,2002-09-22,parliament,DEG,Thüringen,0,eligible_voters,1965378.0
1799,2002-09-22,parliament,DEG,Thüringen,1,issued_ballots,1470341.0
1800,2002-09-22,parliament,DEG,Thüringen,2,aufbruch,0.0
1801,2002-09-22,parliament,DEG,Thüringen,2,bp,0.0
1802,2002-09-22,parliament,DEG,Thüringen,2,bueso,0.0
1803,2002-09-22,parliament,DEG,Thüringen,2,cdu,426162.0
1804,2002-09-22,parliament,DEG,Thüringen,2,cm,0.0
1805,2002-09-22,parliament,DEG,Thüringen,2,csu,0.0
1806,2002-09-22,parliament,DEG,Thüringen,2,familie,0.0
1807,2002-09-22,parliament,DEG,Thüringen,2,fdp,84882.0
1808,2002-09-22,parliament,DEG,Thüringen,2,frauen,0.0
1809,2002-09-22,parliament,DEG,Thüringen,2,graue,5989.0
1810,2002-09-22,parliament,DEG,Thüringen,2,gruene,61799.0
1811,2002-09-22,parliament,DEG,Thüringen,2,hp,0.0
1812,2002-09-22,parliament,DEG,Thüringen,2,kpd,0.0
1813,2002-09-22,parliament,DEG,Thüringen,2,npd,13572.0
1814,2002-09-22,parliament,DEG,Thüringen,2,oedp,3134.0
1815,2002-09-22,parliament,DEG,Thüringen,2,pbc,0.0
1816,2002-09-22,parliament,DEG,Thüringen,2,pds,245789.0
1817,2002-09-22,parliament,DEG,Thüringen,2,prg,0.0
1818,2002-09-22,parliament,DEG,Thüringen,2,rep,11348.0
1819,2002-09-22,parliament,DEG,Thüringen,2,schill,18298.0
1820,2002-09-22,parliament,DEG,Thüringen,2,spd,578726.0
1821,2002-09-22,parliament,DEG,Thüringen,2,tierschutz,0.0
1822,2002-09-22,parliament,DEG,Thüringen,2,violetten,0.0
1823,2002-09-22,parliament,DEG,Thüringen,2,zentrum,0.0
1824,2004-06-13,european,DE1,Baden-Württemberg,0,eligible_voters,7487111.0
1825,2004-06-13,european,DE1,Baden-Württemberg,1,issued_ballots,3977412.0
1826,2004-06-13,european,DE1,Baden-Württemberg,2,aufbruch,5484.0
1827,2004-06-13,european,DE1,Baden-Württemberg,2,bp,0.0
1828,2004-06-13,european,DE1,Baden-Württemberg,2,bueso,1810.0
1829,2004-06-13,european,DE1,Baden-Württemberg,2,cdu,1814174.0
1830,2004-06-13,european,DE1,Baden-Württemberg,2,cm,7934.0
1831,2004-06-13,european,DE1,Baden-Württemberg,2,csu,0.0
1832,2004-06-13,european,DE1,Baden-Württemberg,2,deutschland,23922.0
1833,2004-06-13,european,DE1,Baden-Württemberg,2,dkp,3363.0
1834,2004-06-13,european,DE1,Baden-Württemberg,2,dp,7154.0
1835,2004-06-13,european,DE1,Baden-Württemberg,2,familie,42292.0
1836,2004-06-13,european,DE1,Baden-Württemberg,2,fdp,260678.0
1837,2004-06-13,european,DE1,Baden-Württemberg,2,frauen,26531.0
1838,2004-06-13,european,DE1,Baden-Württemberg,2,graue,38869.0
1839,2004-06-13,european,DE1,Baden-Württemberg,2,gruene,550529.0
1840,2004-06-13,european,DE1,Baden-Württemberg,2,npd,21830.0
1841,2004-06-13,european,DE1,Baden-Württemberg,2,oedp,21906.0
1842,2004-06-13,european,DE1,Baden-Württemberg,2,pbc,28468.0
1843,2004-06-13,european,DE1,Baden-Württemberg,2,pds,42488.0
1844,2004-06-13,european,DE1,Baden-Württemberg,2,psg,2665.0
1845,2004-06-13,european,DE1,Baden-Württemberg,2,rep,108819.0
1846,2004-06-13,european,DE1,Baden-Württemberg,2,spd,751108.0
1847,2004-06-13,european,DE1,Baden-Württemberg,2,tierschutz,52484.0
1848,2004-06-13,european,DE1,Baden-Württemberg,2,unabhaengige,14071.0
1849,2004-06-13,european,DE1,Baden-Württemberg,2,zentrum,3790.0
1850,2004-06-13,european,DE2,Bayern,0,eligible_voters,9173212.0
1851,2004-06-13,european,DE2,Bayern,1,issued_ballots,3638796.0
1852,2004-06-13,european,DE2,Bayern,2,aufbruch,5858.0
1853,2004-06-13,european,DE2,Bayern,2,bp,35152.0
1854,2004-06-13,european,DE2,Bayern,2,bueso,2294.0
1855,2004-06-13,european,DE2,Bayern,2,cdu,0.0
1856,2004-06-13,european,DE2,Bayern,2,cm,7220.0
1857,2004-06-13,european,DE2,Bayern,2,csu,2063900.0
1858,2004-06-13,european,DE2,Bayern,2,deutschland,15536.0
1859,2004-06-13,european,DE2,Bayern,2,dkp,2767.0
1860,2004-06-13,european,DE2,Bayern,2,dp,6561.0
1861,2004-06-13,european,DE2,Bayern,2,familie,22037.0
1862,2004-06-13,european,DE2,Bayern,2,fdp,151077.0
1863,2004-06-13,european,DE2,Bayern,2,frauen,13157.0
1864,2004-06-13,european,DE2,Bayern,2,graue,21919.0
1865,2004-06-13,european,DE2,Bayern,2,gruene,421019.0
1866,2004-06-13,european,DE2,Bayern,2,npd,20150.0
1867,2004-06-13,european,DE2,Bayern,2,oedp,87859.0
1868,2004-06-13,european,DE2,Bayern,2,pbc,11073.0
1869,2004-06-13,european,DE2,Bayern,2,pds,32290.0
1870,2004-06-13,european,DE2,Bayern,2,psg,1873.0
1871,2004-06-13,european,DE2,Bayern,2,rep,81448.0
1872,2004-06-13,european,DE2,Bayern,2,spd,549206.0
1873,2004-06-13,european,DE2,Bayern,2,tierschutz,33652.0
1874,2004-06-13,european,DE2,Bayern,2,unabhaengige,9231.0
1875,2004-06-13,european,DE2,Bayern,2,zentrum,3222.0
1876,2004-06-13,european,DE3,Berlin,0,eligible_voters,2444105.0
1877,2004-06-13,european,DE3,Berlin,1,issued_ballots,942981.0
1878,2004-06-13,european,DE3,Berlin,2,aufbruch,1467.0
1879,2004-06-13,european,DE3,Berlin,2,bp,0.0
1880,2004-06-13,european,DE3,Berlin,2,bueso,1118.0
1881,2004-06-13,european,DE3,Berlin,2,cdu,243083.0
1882,2004-06-13,european,DE3,Berlin,2,cm,1055.0
1883,2004-06-13,european,DE3,Berlin,2,csu,0.0
1884,2004-06-13,european,DE3,Berlin,2,deutschland,4204.0
1885,2004-06-13,european,DE3,Berlin,2,dkp,2903.0
1886,2004-06-13,european,DE3,Berlin,2,dp,2536.0
1887,2004-06-13,european,DE3,Berlin,2,familie,11428.0
1888,2004-06-13,european,DE3,Berlin,2,fdp,49275.0
1889,2004-06-13,european,DE3,Berlin,2,frauen,4955.0
1890,2004-06-13,european,DE3,Berlin,2,graue,35772.0
1891,2004-06-13,european,DE3,Berlin,2,gruene,210032.0
1892,2004-06-13,european,DE3,Berlin,2,npd,8502.0
1893,2004-06-13,european,DE3,Berlin,2,oedp,1945.0
1894,2004-06-13,european,DE3,Berlin,2,pbc,2182.0
1895,2004-06-13,european,DE3,Berlin,2,pds,132381.0
1896,2004-06-13,european,DE3,Berlin,2,psg,1410.0
1897,2004-06-13,european,DE3,Berlin,2,rep,12621.0
1898,2004-06-13,european,DE3,Berlin,2,spd,176955.0
1899,2004-06-13,european,DE3,Berlin,2,tierschutz,14549.0
1900,2004-06-13,european,DE3,Berlin,2,unabhaengige,2938.0
1901,2004-06-13,european,DE3,Berlin,2,zentrum,710.0
1902,2004-06-13,european,DE4,Brandenburg,0,eligible_voters,2115546.0
1903,2004-06-13,european,DE4,Brandenburg,1,issued_ballots,569200.0
1904,2004-06-13,european,DE4,Brandenburg,2,aufbruch,1383.0
1905,2004-06-13,european,DE4,Brandenburg,2,bp,0.0
1906,2004-06-13,european,DE4,Brandenburg,2,bueso,960.0
1907,2004-06-13,european,DE4,Brandenburg,2,cdu,133588.0
1908,2004-06-13,european,DE4,Brandenburg,2,cm,1282.0
1909,2004-06-13,european,DE4,Brandenburg,2,csu,0.0
1910,2004-06-13,european,DE4,Brandenburg,2,deutschland,3875.0
1911,2004-06-13,european,DE4,Brandenburg,2,dkp,1625.0
1912,2004-06-13,european,DE4,Brandenburg,2,dp,1813.0
1913,2004-06-13,european,DE4,Brandenburg,2,familie,9609.0
1914,2004-06-13,european,DE4,Brandenburg,2,fdp,26153.0
1915,2004-06-13,european,DE4,Brandenburg,2,frauen,5274.0
1916,2004-06-13,european,DE4,Brandenburg,2,graue,8699.0
1917,2004-06-13,european,DE4,Brandenburg,2,gruene,43725.0
1918,2004-06-13,european,DE4,Brandenburg,2,npd,9938.0
1919,2004-06-13,european,DE4,Brandenburg,2,oedp,1290.0
1920,2004-06-13,european,DE4,Brandenburg,2,pbc,1585.0
1921,2004-06-13,european,DE4,Brandenburg,2,pds,172235.0
1922,2004-06-13,european,DE4,Brandenburg,2,psg,1086.0
1923,2004-06-13,european,DE4,Brandenburg,2,rep,7219.0
1924,2004-06-13,european,DE4,Brandenburg,2,spd,114590.0
1925,2004-06-13,european,DE4,Brandenburg,2,tierschutz,9069.0
1926,2004-06-13,european,DE4,Brandenburg,2,unabhaengige,2070.0
1927,2004-06-13,european,DE4,Brandenburg,2,zentrum,632.0
1928,2004-06-13,european,DE5,Bremen,0,eligible_voters,485463.0
1929,2004-06-13,european,DE5,Bremen,1,issued_ballots,181108.0
1930,2004-06-13,european,DE5,Bremen,2,aufbruch,250.0
1931,2004-06-13,european,DE5,Bremen,2,bp,0.0
1932,2004-06-13,european,DE5,Bremen,2,bueso,120.0
1933,2004-06-13,european,DE5,Bremen,2,cdu,49915.0
1934,2004-06-13,european,DE5,Bremen,2,cm,169.0
1935,2004-06-13,european,DE5,Bremen,2,csu,0.0
1936,2004-06-13,european,DE5,Bremen,2,deutschland,952.0
1937,2004-06-13,european,DE5,Bremen,2,dkp,415.0
1938,2004-06-13,european,DE5,Bremen,2,dp,843.0
1939,2004-06-13,european,DE5,Bremen,2,familie,976.0
1940,2004-06-13,european,DE5,Bremen,2,fdp,11260.0
1941,2004-06-13,european,DE5,Bremen,2,frauen,1014.0
1942,2004-06-13,european,DE5,Bremen,2,graue,4458.0
1943,2004-06-13,european,DE5,Bremen,2,gruene,39814.0
1944,2004-06-13,european,DE5,Bremen,2,npd,1483.0
1945,2004-06-13,european,DE5,Bremen,2,oedp,222.0
1946,2004-06-13,european,DE5,Bremen,2,pbc,765.0
1947,2004-06-13,european,DE5,Bremen,2,pds,6627.0
1948,2004-06-13,european,DE5,Bremen,2,psg,184.0
1949,2004-06-13,european,DE5,Bremen,2,rep,1562.0
1950,2004-06-13,european,DE5,Bremen,2,spd,54395.0
1951,2004-06-13,european,DE5,Bremen,2,tierschutz,2668.0
1952,2004-06-13,european,DE5,Bremen,2,unabhaengige,310.0
1953,2004-06-13,european,DE5,Bremen,2,zentrum,128.0
1954,2004-06-13,european,DE6,Hamburg,0,eligible_voters,1227905.0
1955,2004-06-13,european,DE6,Hamburg,1,issued_ballots,428863.0
1956,2004-06-13,european,DE6,Hamburg,2,aufbruch,395.0
1957,2004-06-13,european,DE6,Hamburg,2,bp,0.0
1958,2004-06-13,european,DE6,Hamburg,2,bueso,315.0
1959,2004-06-13,european,DE6,Hamburg,2,cdu,154690.0
1960,2004-06-13,european,DE6,Hamburg,2,cm,255.0
1961,2004-06-13,european,DE6,Hamburg,2,csu,0.0
1962,2004-06-13,european,DE6,Hamburg,2,deutschland,1217.0
1963,2004-06-13,european,DE6,Hamburg,2,dkp,900.0
1964,2004-06-13,european,DE6,Hamburg,2,dp,684.0
1965,2004-06-13,european,DE6,Hamburg,2,familie,1534.0
1966,2004-06-13,european,DE6,Hamburg,2,fdp,22991.0
1967,2004-06-13,european,DE6,Hamburg,2,frauen,1351.0
1968,2004-06-13,european,DE6,Hamburg,2,graue,5640.0
1969,2004-06-13,european,DE6,Hamburg,2,gruene,103454.0
1970,2004-06-13,european,DE6,Hamburg,2,npd,1831.0
1971,2004-06-13,european,DE6,Hamburg,2,oedp,677.0
1972,2004-06-13,european,DE6,Hamburg,2,pbc,1027.0
1973,2004-06-13,european,DE6,Hamburg,2,pds,11872.0
1974,2004-06-13,european,DE6,Hamburg,2,psg,260.0
1975,2004-06-13,european,DE6,Hamburg,2,rep,1589.0
1976,2004-06-13,european,DE6,Hamburg,2,spd,106325.0
1977,2004-06-13,european,DE6,Hamburg,2,tierschutz,3237.0
1978,2004-06-13,european,DE6,Hamburg,2,unabhaengige,613.0
1979,2004-06-13,european,DE6,Hamburg,2,zentrum,172.0
1980,2004-06-13,european,DE7,Hessen,0,eligible_voters,4360868.0
1981,2004-06-13,european,DE7,Hessen,1,issued_ballots,1646678.0
1982,2004-06-13,european,DE7,Hessen,2,aufbruch,2148.0
1983,2004-06-13,european,DE7,Hessen,2,bp,0.0
1984,2004-06-13,european,DE7,Hessen,2,bueso,1185.0
1985,2004-06-13,european,DE7,Hessen,2,cdu,659315.0
1986,2004-06-13,european,DE7,Hessen,2,cm,3402.0
1987,2004-06-13,european,DE7,Hessen,2,csu,0.0
1988,2004-06-13,european,DE7,Hessen,2,deutschland,8253.0
1989,2004-06-13,european,DE7,Hessen,2,dkp,2931.0
1990,2004-06-13,european,DE7,Hessen,2,dp,6227.0
1991,2004-06-13,european,DE7,Hessen,2,familie,12253.0
1992,2004-06-13,european,DE7,Hessen,2,fdp,121057.0
1993,2004-06-13,european,DE7,Hessen,2,frauen,8970.0
1994,2004-06-13,european,DE7,Hessen,2,graue,18166.0
1995,2004-06-13,european,DE7,Hessen,2,gruene,240519.0
1996,2004-06-13,european,DE7,Hessen,2,npd,13057.0
1997,2004-06-13,european,DE7,Hessen,2,oedp,3480.0
1998,2004-06-13,european,DE7,Hessen,2,pbc,6416.0
1999,2004-06-13,european,DE7,Hessen,2,pds,33571.0
2000,2004-06-13,european,DE7,Hessen,2,psg,1436.0
2001,2004-06-13,european,DE7,Hessen,2,rep,36910.0
2002,2004-06-13,european,DE7,Hessen,2,spd,392512.0
2003,2004-06-13,european,DE7,Hessen,2,tierschutz,21576.0
2004,2004-06-13,european,DE7,Hessen,2,unabhaengige,3866.0
2005,2004-06-13,european,DE7,Hessen,2,zentrum,1932.0
2006,2004-06-13,european,DE8,Mecklenburg-Vorpommern,0,eligible_voters,1413717.0
2007,2004-06-13,european,DE8,Mecklenburg-Vorpommern,1,issued_ballots,636920.0
2008,2004-06-13,european,DE8,Mecklenburg-Vorpommern,2,aufbruch,1870.0
2009,2004-06-13,european,DE8,Mecklenburg-Vorpommern,2,bp,0.0
2010,2004-06-13,european,DE8,Mecklenburg-Vorpommern,2,bueso,700.0
2011,2004-06-13,european,DE8,Mecklenburg-Vorpommern,2,cdu,255835.0
2012,2004-06-13,european,DE8,Mecklenburg-Vorpommern,2,cm,643.0
2013,2004-06-13,european,DE8,Mecklenburg-Vorpommern,2,csu,0.0
2014,2004-06-13,european,DE8,Mecklenburg-Vorpommern,2,deutschland,4960.0
2015,2004-06-13,european,DE8,Mecklenburg-Vorpommern,2,dkp,1538.0
2016,2004-06-13,european,DE8,Mecklenburg-Vorpommern,2,dp,1283.0
2017,2004-06-13,european,DE8,Mecklenburg-Vorpommern,2,familie,11176.0
2018,2004-06-13,european,DE8,Mecklenburg-Vorpommern,2,fdp,23441.0
2019,2004-06-13,european,DE8,Mecklenburg-Vorpommern,2,frauen,6273.0
2020,2004-06-13,european,DE8,Mecklenburg-Vorpommern,2,graue,6266.0
2021,2004-06-13,european,DE8,Mecklenburg-Vorpommern,2,gruene,28665.0
2022,2004-06-13,european,DE8,Mecklenburg-Vorpommern,2,npd,10434.0
2023,2004-06-13,european,DE8,Mecklenburg-Vorpommern,2,oedp,671.0
2024,2004-06-13,european,DE8,Mecklenburg-Vorpommern,2,pbc,1480.0
2025,2004-06-13,european,DE8,Mecklenburg-Vorpommern,2,pds,130782.0
2026,2004-06-13,european,DE8,Mecklenburg-Vorpommern,2,psg,1403.0
2027,2004-06-13,european,DE8,Mecklenburg-Vorpommern,2,rep,6238.0
2028,2004-06-13,european,DE8,Mecklenburg-Vorpommern,2,spd,97045.0
2029,2004-06-13,european,DE8,Mecklenburg-Vorpommern,2,tierschutz,9258.0
2030,2004-06-13,european,DE8,Mecklenburg-Vorpommern,2,unabhaengige,2419.0
2031,2004-06-13,european,DE8,Mecklenburg-Vorpommern,2,zentrum,596.0
2032,2004-06-13,european,DE9,Niedersachsen,0,eligible_voters,6064221.0
2033,2004-06-13,european,DE9,Niedersachsen,1,issued_ballots,2433375.0
2034,2004-06-13,european,DE9,Niedersachsen,2,aufbruch,2409.0
2035,2004-06-13,european,DE9,Niedersachsen,2,bp,0.0
2036,2004-06-13,european,DE9,Niedersachsen,2,bueso,1359.0
2037,2004-06-13,european,DE9,Niedersachsen,2,cdu,1089566.0
2038,2004-06-13,european,DE9,Niedersachsen,2,cm,3042.0
2039,2004-06-13,european,DE9,Niedersachsen,2,csu,0.0
2040,2004-06-13,european,DE9,Niedersachsen,2,deutschland,9374.0
2041,2004-06-13,european,DE9,Niedersachsen,2,dkp,2546.0
2042,2004-06-13,european,DE9,Niedersachsen,2,dp,6130.0
2043,2004-06-13,european,DE9,Niedersachsen,2,familie,15799.0
2044,2004-06-13,european,DE9,Niedersachsen,2,fdp,151518.0
2045,2004-06-13,european,DE9,Niedersachsen,2,frauen,7978.0
2046,2004-06-13,european,DE9,Niedersachsen,2,graue,24143.0
2047,2004-06-13,european,DE9,Niedersachsen,2,gruene,290271.0
2048,2004-06-13,european,DE9,Niedersachsen,2,npd,17220.0
2049,2004-06-13,european,DE9,Niedersachsen,2,oedp,3391.0
2050,2004-06-13,european,DE9,Niedersachsen,2,pbc,7838.0
2051,2004-06-13,european,DE9,Niedersachsen,2,pds,42385.0
2052,2004-06-13,european,DE9,Niedersachsen,2,psg,1630.0
2053,2004-06-13,european,DE9,Niedersachsen,2,rep,21986.0
2054,2004-06-13,european,DE9,Niedersachsen,2,spd,666555.0
2055,2004-06-13,european,DE9,Niedersachsen,2,tierschutz,23213.0
2056,2004-06-13,european,DE9,Niedersachsen,2,unabhaengige,4242.0
2057,2004-06-13,european,DE9,Niedersachsen,2,zentrum,1742.0
2058,2004-06-13,european,DEA,Nordrhein-Westfalen,0,eligible_voters,13218532.0
2059,2004-06-13,european,DEA,Nordrhein-Westfalen,1,issued_ballots,5437071.0
2060,2004-06-13,european,DEA,Nordrhein-Westfalen,2,aufbruch,4976.0
2061,2004-06-13,european,DEA,Nordrhein-Westfalen,2,bp,0.0
2062,2004-06-13,european,DEA,Nordrhein-Westfalen,2,bueso,3092.0
2063,2004-06-13,european,DEA,Nordrhein-Westfalen,2,cdu,2404114.0
2064,2004-06-13,european,DEA,Nordrhein-Westfalen,2,cm,7728.0
2065,2004-06-13,european,DEA,Nordrhein-Westfalen,2,csu,0.0
2066,2004-06-13,european,DEA,Nordrhein-Westfalen,2,deutschland,22118.0
2067,2004-06-13,european,DEA,Nordrhein-Westfalen,2,dkp,6769.0
2068,2004-06-13,european,DEA,Nordrhein-Westfalen,2,dp,10548.0
2069,2004-06-13,european,DEA,Nordrhein-Westfalen,2,familie,37700.0
2070,2004-06-13,european,DEA,Nordrhein-Westfalen,2,fdp,398754.0
2071,2004-06-13,european,DEA,Nordrhein-Westfalen,2,frauen,22945.0
2072,2004-06-13,european,DEA,Nordrhein-Westfalen,2,graue,71612.0
2073,2004-06-13,european,DEA,Nordrhein-Westfalen,2,gruene,672690.0
2074,2004-06-13,european,DEA,Nordrhein-Westfalen,2,npd,31638.0
2075,2004-06-13,european,DEA,Nordrhein-Westfalen,2,oedp,10050.0
2076,2004-06-13,european,DEA,Nordrhein-Westfalen,2,pbc,13727.0
2077,2004-06-13,european,DEA,Nordrhein-Westfalen,2,pds,112571.0
2078,2004-06-13,european,DEA,Nordrhein-Westfalen,2,psg,3816.0
2079,2004-06-13,european,DEA,Nordrhein-Westfalen,2,rep,62835.0
2080,2004-06-13,european,DEA,Nordrhein-Westfalen,2,spd,1374451.0
2081,2004-06-13,european,DEA,Nordrhein-Westfalen,2,tierschutz,60575.0
2082,2004-06-13,european,DEA,Nordrhein-Westfalen,2,unabhaengige,10125.0
2083,2004-06-13,european,DEA,Nordrhein-Westfalen,2,zentrum,7302.0
2084,2004-06-13,european,DEB,Rheinland-Pfalz,0,eligible_voters,3068126.0
2085,2004-06-13,european,DEB,Rheinland-Pfalz,1,issued_ballots,1789916.0
2086,2004-06-13,european,DEB,Rheinland-Pfalz,2,aufbruch,2644.0
2087,2004-06-13,european,DEB,Rheinland-Pfalz,2,bp,0.0
2088,2004-06-13,european,DEB,Rheinland-Pfalz,2,bueso,884.0
2089,2004-06-13,european,DEB,Rheinland-Pfalz,2,cdu,809337.0
2090,2004-06-13,european,DEB,Rheinland-Pfalz,2,cm,2978.0
2091,2004-06-13,european,DEB,Rheinland-Pfalz,2,csu,0.0
2092,2004-06-13,european,DEB,Rheinland-Pfalz,2,deutschland,9888.0
2093,2004-06-13,european,DEB,Rheinland-Pfalz,2,dkp,1835.0
2094,2004-06-13,european,DEB,Rheinland-Pfalz,2,dp,3722.0
2095,2004-06-13,european,DEB,Rheinland-Pfalz,2,familie,19291.0
2096,2004-06-13,european,DEB,Rheinland-Pfalz,2,fdp,110951.0
2097,2004-06-13,european,DEB,Rheinland-Pfalz,2,frauen,9897.0
2098,2004-06-13,european,DEB,Rheinland-Pfalz,2,graue,16669.0
2099,2004-06-13,european,DEB,Rheinland-Pfalz,2,gruene,154725.0
2100,2004-06-13,european,DEB,Rheinland-Pfalz,2,npd,12700.0
2101,2004-06-13,european,DEB,Rheinland-Pfalz,2,oedp,5940.0
2102,2004-06-13,european,DEB,Rheinland-Pfalz,2,pbc,6265.0
2103,2004-06-13,european,DEB,Rheinland-Pfalz,2,pds,20493.0
2104,2004-06-13,european,DEB,Rheinland-Pfalz,2,psg,1582.0
2105,2004-06-13,european,DEB,Rheinland-Pfalz,2,rep,45927.0
2106,2004-06-13,european,DEB,Rheinland-Pfalz,2,spd,439344.0
2107,2004-06-13,european,DEB,Rheinland-Pfalz,2,tierschutz,28117.0
2108,2004-06-13,european,DEB,Rheinland-Pfalz,2,unabhaengige,4213.0
2109,2004-06-13,european,DEB,Rheinland-Pfalz,2,zentrum,1655.0
2110,2004-06-13,european,DEC,Saarland,0,eligible_voters,818800.0
2111,2004-06-13,european,DEC,Saarland,1,issued_ballots,467966.0
2112,2004-06-13,european,DEC,Saarland,2,aufbruch,707.0
2113,2004-06-13,european,DEC,Saarland,2,bp,0.0
2114,2004-06-13,european,DEC,Saarland,2,bueso,244.0
2115,2004-06-13,european,DEC,Saarland,2,cdu,194751.0
2116,2004-06-13,european,DEC,Saarland,2,cm,964.0
2117,2004-06-13,european,DEC,Saarland,2,csu,0.0
2118,2004-06-13,european,DEC,Saarland,2,deutschland,1905.0
2119,2004-06-13,european,DEC,Saarland,2,dkp,953.0
2120,2004-06-13,european,DEC,Saarland,2,dp,1123.0
2121,2004-06-13,european,DEC,Saarland,2,familie,11119.0
2122,2004-06-13,european,DEC,Saarland,2,fdp,19467.0
2123,2004-06-13,european,DEC,Saarland,2,frauen,2172.0
2124,2004-06-13,european,DEC,Saarland,2,graue,6879.0
2125,2004-06-13,european,DEC,Saarland,2,gruene,34037.0
2126,2004-06-13,european,DEC,Saarland,2,npd,7302.0
2127,2004-06-13,european,DEC,Saarland,2,oedp,673.0
2128,2004-06-13,european,DEC,Saarland,2,pbc,467.0
2129,2004-06-13,european,DEC,Saarland,2,pds,8807.0
2130,2004-06-13,european,DEC,Saarland,2,psg,470.0
2131,2004-06-13,european,DEC,Saarland,2,rep,5504.0
2132,2004-06-13,european,DEC,Saarland,2,spd,131275.0
2133,2004-06-13,european,DEC,Saarland,2,tierschutz,6832.0
2134,2004-06-13,european,DEC,Saarland,2,unabhaengige,984.0
2135,2004-06-13,european,DEC,Saarland,2,zentrum,374.0
2136,2004-06-13,european,DED,Sachsen,0,eligible_voters,3562400.0
2137,2004-06-13,european,DED,Sachsen,1,issued_ballots,1643204.0
2138,2004-06-13,european,DED,Sachsen,2,aufbruch,6461.0
2139,2004-06-13,european,DED,Sachsen,2,bp,0.0
2140,2004-06-13,european,DED,Sachsen,2,bueso,3378.0
2141,2004-06-13,european,DED,Sachsen,2,cdu,570622.0
2142,2004-06-13,european,DED,Sachsen,2,cm,5082.0
2143,2004-06-13,european,DED,Sachsen,2,csu,0.0
2144,2004-06-13,european,DED,Sachsen,2,deutschland,12297.0
2145,2004-06-13,european,DED,Sachsen,2,dkp,3263.0
2146,2004-06-13,european,DED,Sachsen,2,dp,5142.0
2147,2004-06-13,european,DED,Sachsen,2,familie,35132.0
2148,2004-06-13,european,DED,Sachsen,2,fdp,80967.0
2149,2004-06-13,european,DED,Sachsen,2,frauen,13743.0
2150,2004-06-13,european,DED,Sachsen,2,graue,21593.0
2151,2004-06-13,european,DED,Sachsen,2,gruene,94959.0
2152,2004-06-13,european,DED,Sachsen,2,npd,50959.0
2153,2004-06-13,european,DED,Sachsen,2,oedp,2621.0
2154,2004-06-13,european,DED,Sachsen,2,pbc,11055.0
2155,2004-06-13,european,DED,Sachsen,2,pds,367196.0
2156,2004-06-13,european,DED,Sachsen,2,psg,3470.0
2157,2004-06-13,european,DED,Sachsen,2,rep,52846.0
2158,2004-06-13,european,DED,Sachsen,2,spd,186457.0
2159,2004-06-13,european,DED,Sachsen,2,tierschutz,25940.0
2160,2004-06-13,european,DED,Sachsen,2,unabhaengige,7391.0
2161,2004-06-13,european,DED,Sachsen,2,zentrum,1659.0
2162,2004-06-13,european,DEE,Sachsen-Anhalt,0,eligible_voters,2094281.0
2163,2004-06-13,european,DEE,Sachsen-Anhalt,1,issued_ballots,880310.0
2164,2004-06-13,european,DEE,Sachsen-Anhalt,2,aufbruch,3380.0
2165,2004-06-13,european,DEE,Sachsen-Anhalt,2,bp,0.0
2166,2004-06-13,european,DEE,Sachsen-Anhalt,2,bueso,1903.0
2167,2004-06-13,european,DEE,Sachsen-Anhalt,2,cdu,281729.0
2168,2004-06-13,european,DEE,Sachsen-Anhalt,2,cm,2166.0
2169,2004-06-13,european,DEE,Sachsen-Anhalt,2,csu,0.0
2170,2004-06-13,european,DEE,Sachsen-Anhalt,2,deutschland,5746.0
2171,2004-06-13,european,DEE,Sachsen-Anhalt,2,dkp,2664.0
2172,2004-06-13,european,DEE,Sachsen-Anhalt,2,dp,3849.0
2173,2004-06-13,european,DEE,Sachsen-Anhalt,2,familie,17455.0
2174,2004-06-13,european,DEE,Sachsen-Anhalt,2,fdp,45633.0
2175,2004-06-13,european,DEE,Sachsen-Anhalt,2,frauen,8465.0
2176,2004-06-13,european,DEE,Sachsen-Anhalt,2,graue,11876.0
2177,2004-06-13,european,DEE,Sachsen-Anhalt,2,gruene,36686.0
2178,2004-06-13,european,DEE,Sachsen-Anhalt,2,npd,13117.0
2179,2004-06-13,european,DEE,Sachsen-Anhalt,2,oedp,1790.0
2180,2004-06-13,european,DEE,Sachsen-Anhalt,2,pbc,2253.0
2181,2004-06-13,european,DEE,Sachsen-Anhalt,2,pds,194735.0
2182,2004-06-13,european,DEE,Sachsen-Anhalt,2,psg,2332.0
2183,2004-06-13,european,DEE,Sachsen-Anhalt,2,rep,13532.0
2184,2004-06-13,european,DEE,Sachsen-Anhalt,2,spd,151665.0
2185,2004-06-13,european,DEE,Sachsen-Anhalt,2,tierschutz,16207.0
2186,2004-06-13,european,DEE,Sachsen-Anhalt,2,unabhaengige,3049.0
2187,2004-06-13,european,DEE,Sachsen-Anhalt,2,zentrum,1281.0
2188,2004-06-13,european,DEF,Schleswig-Holstein,0,eligible_voters,2187312.0
2189,2004-06-13,european,DEF,Schleswig-Holstein,1,issued_ballots,796239.0
2190,2004-06-13,european,DEF,Schleswig-Holstein,2,aufbruch,747.0
2191,2004-06-13,european,DEF,Schleswig-Holstein,2,bp,0.0
2192,2004-06-13,european,DEF,Schleswig-Holstein,2,bueso,522.0
2193,2004-06-13,european,DEF,Schleswig-Holstein,2,cdu,367387.0
2194,2004-06-13,european,DEF,Schleswig-Holstein,2,cm,924.0
2195,2004-06-13,european,DEF,Schleswig-Holstein,2,csu,0.0
2196,2004-06-13,european,DEF,Schleswig-Holstein,2,deutschland,2391.0
2197,2004-06-13,european,DEF,Schleswig-Holstein,2,dkp,941.0
2198,2004-06-13,european,DEF,Schleswig-Holstein,2,dp,1508.0
2199,2004-06-13,european,DEF,Schleswig-Holstein,2,familie,4963.0
2200,2004-06-13,european,DEF,Schleswig-Holstein,2,fdp,49400.0
2201,2004-06-13,european,DEF,Schleswig-Holstein,2,frauen,2562.0
2202,2004-06-13,european,DEF,Schleswig-Holstein,2,graue,11865.0
2203,2004-06-13,european,DEF,Schleswig-Holstein,2,gruene,103148.0
2204,2004-06-13,european,DEF,Schleswig-Holstein,2,npd,4208.0
2205,2004-06-13,european,DEF,Schleswig-Holstein,2,oedp,1136.0
2206,2004-06-13,european,DEF,Schleswig-Holstein,2,pbc,2150.0
2207,2004-06-13,european,DEF,Schleswig-Holstein,2,pds,13783.0
2208,2004-06-13,european,DEF,Schleswig-Holstein,2,psg,526.0
2209,2004-06-13,european,DEF,Schleswig-Holstein,2,rep,3961.0
2210,2004-06-13,european,DEF,Schleswig-Holstein,2,spd,198985.0
2211,2004-06-13,european,DEF,Schleswig-Holstein,2,tierschutz,9193.0
2212,2004-06-13,european,DEF,Schleswig-Holstein,2,unabhaengige,1245.0
2213,2004-06-13,european,DEF,Schleswig-Holstein,2,zentrum,536.0
2214,2004-06-13,european,DEG,Thüringen,0,eligible_voters,1960795.0
2215,2004-06-13,european,DEG,Thüringen,1,issued_ballots,1053065.0
2216,2004-06-13,european,DEG,Thüringen,2,aufbruch,2949.0
2217,2004-06-13,european,DEG,Thüringen,2,bp,0.0
2218,2004-06-13,european,DEG,Thüringen,2,bueso,2099.0
2219,2004-06-13,european,DEG,Thüringen,2,cdu,384891.0
2220,2004-06-13,european,DEG,Thüringen,2,cm,1193.0
2221,2004-06-13,european,DEG,Thüringen,2,csu,0.0
2222,2004-06-13,european,DEG,Thüringen,2,deutschland,8377.0
2223,2004-06-13,european,DEG,Thüringen,2,dkp,1747.0
2224,2004-06-13,european,DEG,Thüringen,2,dp,2882.0
2225,2004-06-13,european,DEG,Thüringen,2,familie,15704.0
2226,2004-06-13,european,DEG,Thüringen,2,fdp,42809.0
2227,2004-06-13,european,DEG,Thüringen,2,frauen,10025.0
2228,2004-06-13,european,DEG,Thüringen,2,graue,9976.0
2229,2004-06-13,european,DEG,Thüringen,2,gruene,55455.0
2230,2004-06-13,european,DEG,Thüringen,2,npd,17374.0
2231,2004-06-13,european,DEG,Thüringen,2,oedp,1886.0
2232,2004-06-13,european,DEG,Thüringen,2,pbc,1900.0
2233,2004-06-13,european,DEG,Thüringen,2,pds,256893.0
2234,2004-06-13,european,DEG,Thüringen,2,psg,1652.0
2235,2004-06-13,european,DEG,Thüringen,2,rep,22665.0
2236,2004-06-13,european,DEG,Thüringen,2,spd,157103.0
2237,2004-06-13,european,DEG,Thüringen,2,tierschutz,14818.0
2238,2004-06-13,european,DEG,Thüringen,2,unabhaengige,3534.0
2239,2004-06-13,european,DEG,Thüringen,2,zentrum,1072.0
2240,2005-09-18,parliament,DE1,Baden-Württemberg,0,eligible_voters,7529193.0
2241,2005-09-18,parliament,DE1,Baden-Württemberg,1,issued_ballots,5923917.0
2242,2005-09-18,parliament,DE1,Baden-Württemberg,2,50plus,0.0
2243,2005-09-18,parliament,DE1,Baden-Württemberg,2,agfg,0.0
2244,2005-09-18,parliament,DE1,Baden-Württemberg,2,appd,0.0
2245,2005-09-18,parliament,DE1,Baden-Württemberg,2,bp,0.0
2246,2005-09-18,parliament,DE1,Baden-Württemberg,2,bueso,4260.0
2247,2005-09-18,parliament,DE1,Baden-Württemberg,2,cdu,2283085.0
2248,2005-09-18,parliament,DE1,Baden-Württemberg,2,csu,0.0
2249,2005-09-18,parliament,DE1,Baden-Württemberg,2,deutschland,0.0
2250,2005-09-18,parliament,DE1,Baden-Württemberg,2,familie,45188.0
2251,2005-09-18,parliament,DE1,Baden-Württemberg,2,fdp,693835.0
2252,2005-09-18,parliament,DE1,Baden-Württemberg,2,frauen,0.0
2253,2005-09-18,parliament,DE1,Baden-Württemberg,2,graue,28430.0
2254,2005-09-18,parliament,DE1,Baden-Württemberg,2,gruene,623091.0
2255,2005-09-18,parliament,DE1,Baden-Württemberg,2,linke,219105.0
2256,2005-09-18,parliament,DE1,Baden-Württemberg,2,mlpd,5579.0
2257,2005-09-18,parliament,DE1,Baden-Württemberg,2,npd,66644.0
2258,2005-09-18,parliament,DE1,Baden-Württemberg,2,offensived,0.0
2259,2005-09-18,parliament,DE1,Baden-Württemberg,2,partei,0.0
2260,2005-09-18,parliament,DE1,Baden-Württemberg,2,pbc,33420.0
2261,2005-09-18,parliament,DE1,Baden-Württemberg,2,prodm,0.0
2262,2005-09-18,parliament,DE1,Baden-Württemberg,2,psg,0.0
2263,2005-09-18,parliament,DE1,Baden-Württemberg,2,rep,64976.0
2264,2005-09-18,parliament,DE1,Baden-Württemberg,2,spd,1754834.0
2265,2005-09-18,parliament,DE1,Baden-Württemberg,2,tierschutz,0.0
2266,2005-09-18,parliament,DE1,Baden-Württemberg,2,zentrum,0.0
2267,2005-09-18,parliament,DE2,Bayern,0,eligible_voters,9222560.0
2268,2005-09-18,parliament,DE2,Bayern,1,issued_ballots,7181842.0
2269,2005-09-18,parliament,DE2,Bayern,2,50plus,0.0
2270,2005-09-18,parliament,DE2,Bayern,2,agfg,0.0
2271,2005-09-18,parliament,DE2,Bayern,2,appd,0.0
2272,2005-09-18,parliament,DE2,Bayern,2,bp,35543.0
2273,2005-09-18,parliament,DE2,Bayern,2,bueso,5501.0
2274,2005-09-18,parliament,DE2,Bayern,2,cdu,0.0
2275,2005-09-18,parliament,DE2,Bayern,2,csu,3494309.0
2276,2005-09-18,parliament,DE2,Bayern,2,deutschland,0.0
2277,2005-09-18,parliament,DE2,Bayern,2,familie,45396.0
2278,2005-09-18,parliament,DE2,Bayern,2,fdp,673817.0
2279,2005-09-18,parliament,DE2,Bayern,2,frauen,17425.0
2280,2005-09-18,parliament,DE2,Bayern,2,graue,22380.0
2281,2005-09-18,parliament,DE2,Bayern,2,gruene,559941.0
2282,2005-09-18,parliament,DE2,Bayern,2,linke,244701.0
2283,2005-09-18,parliament,DE2,Bayern,2,mlpd,3448.0
2284,2005-09-18,parliament,DE2,Bayern,2,npd,95196.0
2285,2005-09-18,parliament,DE2,Bayern,2,offensived,0.0
2286,2005-09-18,parliament,DE2,Bayern,2,partei,0.0
2287,2005-09-18,parliament,DE2,Bayern,2,pbc,17482.0
2288,2005-09-18,parliament,DE2,Bayern,2,prodm,0.0
2289,2005-09-18,parliament,DE2,Bayern,2,psg,0.0
2290,2005-09-18,parliament,DE2,Bayern,2,rep,73619.0
2291,2005-09-18,parliament,DE2,Bayern,2,spd,1806548.0
2292,2005-09-18,parliament,DE2,Bayern,2,tierschutz,0.0
2293,2005-09-18,parliament,DE2,Bayern,2,zentrum,0.0
2294,2005-09-18,parliament,DE3,Berlin,0,eligible_voters,2438902.0
2295,2005-09-18,parliament,DE3,Berlin,1,issued_ballots,1887397.0
2296,2005-09-18,parliament,DE3,Berlin,2,50plus,0.0
2297,2005-09-18,parliament,DE3,Berlin,2,agfg,0.0
2298,2005-09-18,parliament,DE3,Berlin,2,appd,2914.0
2299,2005-09-18,parliament,DE3,Berlin,2,bp,0.0
2300,2005-09-18,parliament,DE3,Berlin,2,bueso,3494.0
2301,2005-09-18,parliament,DE3,Berlin,2,cdu,408715.0
2302,2005-09-18,parliament,DE3,Berlin,2,csu,0.0
2303,2005-09-18,parliament,DE3,Berlin,2,deutschland,0.0
2304,2005-09-18,parliament,DE3,Berlin,2,familie,0.0
2305,2005-09-18,parliament,DE3,Berlin,2,fdp,152157.0
2306,2005-09-18,parliament,DE3,Berlin,2,frauen,8620.0
2307,2005-09-18,parliament,DE3,Berlin,2,graue,35119.0
2308,2005-09-18,parliament,DE3,Berlin,2,gruene,254546.0
2309,2005-09-18,parliament,DE3,Berlin,2,linke,303630.0
2310,2005-09-18,parliament,DE3,Berlin,2,mlpd,1254.0
2311,2005-09-18,parliament,DE3,Berlin,2,npd,29070.0
2312,2005-09-18,parliament,DE3,Berlin,2,offensived,0.0
2313,2005-09-18,parliament,DE3,Berlin,2,partei,7873.0
2314,2005-09-18,parliament,DE3,Berlin,2,pbc,0.0
2315,2005-09-18,parliament,DE3,Berlin,2,prodm,0.0
2316,2005-09-18,parliament,DE3,Berlin,2,psg,1623.0
2317,2005-09-18,parliament,DE3,Berlin,2,rep,9947.0
2318,2005-09-18,parliament,DE3,Berlin,2,spd,637674.0
2319,2005-09-18,parliament,DE3,Berlin,2,tierschutz,0.0
2320,2005-09-18,parliament,DE3,Berlin,2,zentrum,0.0
2321,2005-09-18,parliament,DE4,Brandenburg,0,eligible_voters,2128352.0
2322,2005-09-18,parliament,DE4,Brandenburg,1,issued_ballots,1594983.0
2323,2005-09-18,parliament,DE4,Brandenburg,2,50plus,10536.0
2324,2005-09-18,parliament,DE4,Brandenburg,2,agfg,0.0
2325,2005-09-18,parliament,DE4,Brandenburg,2,appd,0.0
2326,2005-09-18,parliament,DE4,Brandenburg,2,bp,0.0
2327,2005-09-18,parliament,DE4,Brandenburg,2,bueso,0.0
2328,2005-09-18,parliament,DE4,Brandenburg,2,cdu,322400.0
2329,2005-09-18,parliament,DE4,Brandenburg,2,csu,0.0
2330,2005-09-18,parliament,DE4,Brandenburg,2,deutschland,0.0
2331,2005-09-18,parliament,DE4,Brandenburg,2,familie,0.0
2332,2005-09-18,parliament,DE4,Brandenburg,2,fdp,107736.0
2333,2005-09-18,parliament,DE4,Brandenburg,2,frauen,0.0
2334,2005-09-18,parliament,DE4,Brandenburg,2,graue,14847.0
2335,2005-09-18,parliament,DE4,Brandenburg,2,gruene,80253.0
2336,2005-09-18,parliament,DE4,Brandenburg,2,linke,416359.0
2337,2005-09-18,parliament,DE4,Brandenburg,2,mlpd,3514.0
2338,2005-09-18,parliament,DE4,Brandenburg,2,npd,50280.0
2339,2005-09-18,parliament,DE4,Brandenburg,2,offensived,0.0
2340,2005-09-18,parliament,DE4,Brandenburg,2,partei,0.0
2341,2005-09-18,parliament,DE4,Brandenburg,2,pbc,0.0
2342,2005-09-18,parliament,DE4,Brandenburg,2,prodm,0.0
2343,2005-09-18,parliament,DE4,Brandenburg,2,psg,0.0
2344,2005-09-18,parliament,DE4,Brandenburg,2,rep,0.0
2345,2005-09-18,parliament,DE4,Brandenburg,2,spd,561689.0
2346,2005-09-18,parliament,DE4,Brandenburg,2,tierschutz,0.0
2347,2005-09-18,parliament,DE4,Brandenburg,2,zentrum,0.0
2348,2005-09-18,parliament,DE5,Bremen,0,eligible_voters,486475.0
2349,2005-09-18,parliament,DE5,Bremen,1,issued_ballots,367282.0
2350,2005-09-18,parliament,DE5,Bremen,2,50plus,0.0
2351,2005-09-18,parliament,DE5,Bremen,2,agfg,0.0
2352,2005-09-18,parliament,DE5,Bremen,2,appd,0.0
2353,2005-09-18,parliament,DE5,Bremen,2,bp,0.0
2354,2005-09-18,parliament,DE5,Bremen,2,bueso,0.0
2355,2005-09-18,parliament,DE5,Bremen,2,cdu,82389.0
2356,2005-09-18,parliament,DE5,Bremen,2,csu,0.0
2357,2005-09-18,parliament,DE5,Bremen,2,deutschland,0.0
2358,2005-09-18,parliament,DE5,Bremen,2,familie,0.0
2359,2005-09-18,parliament,DE5,Bremen,2,fdp,29329.0
2360,2005-09-18,parliament,DE5,Bremen,2,frauen,1452.0
2361,2005-09-18,parliament,DE5,Bremen,2,graue,3847.0
2362,2005-09-18,parliament,DE5,Bremen,2,gruene,51600.0
2363,2005-09-18,parliament,DE5,Bremen,2,linke,30570.0
2364,2005-09-18,parliament,DE5,Bremen,2,mlpd,283.0
2365,2005-09-18,parliament,DE5,Bremen,2,npd,5341.0
2366,2005-09-18,parliament,DE5,Bremen,2,offensived,0.0
2367,2005-09-18,parliament,DE5,Bremen,2,partei,0.0
2368,2005-09-18,parliament,DE5,Bremen,2,pbc,1083.0
2369,2005-09-18,parliament,DE5,Bremen,2,prodm,661.0
2370,2005-09-18,parliament,DE5,Bremen,2,psg,0.0
2371,2005-09-18,parliament,DE5,Bremen,2,rep,0.0
2372,2005-09-18,parliament,DE5,Bremen,2,spd,155366.0
2373,2005-09-18,parliament,DE5,Bremen,2,tierschutz,0.0
2374,2005-09-18,parliament,DE5,Bremen,2,zentrum,0.0
2375,2005-09-18,parliament,DE6,Hamburg,0,eligible_voters,1230717.0
2376,2005-09-18,parliament,DE6,Hamburg,1,issued_ballots,954153.0
2377,2005-09-18,parliament,DE6,Hamburg,2,50plus,0.0
2378,2005-09-18,parliament,DE6,Hamburg,2,agfg,0.0
2379,2005-09-18,parliament,DE6,Hamburg,2,appd,1319.0
2380,2005-09-18,parliament,DE6,Hamburg,2,bp,0.0
2381,2005-09-18,parliament,DE6,Hamburg,2,bueso,0.0
2382,2005-09-18,parliament,DE6,Hamburg,2,cdu,272418.0
2383,2005-09-18,parliament,DE6,Hamburg,2,csu,0.0
2384,2005-09-18,parliament,DE6,Hamburg,2,deutschland,0.0
2385,2005-09-18,parliament,DE6,Hamburg,2,familie,0.0
2386,2005-09-18,parliament,DE6,Hamburg,2,fdp,84593.0
2387,2005-09-18,parliament,DE6,Hamburg,2,frauen,0.0
2388,2005-09-18,parliament,DE6,Hamburg,2,graue,0.0
2389,2005-09-18,parliament,DE6,Hamburg,2,gruene,140751.0
2390,2005-09-18,parliament,DE6,Hamburg,2,linke,59463.0
2391,2005-09-18,parliament,DE6,Hamburg,2,mlpd,441.0
2392,2005-09-18,parliament,DE6,Hamburg,2,npd,9463.0
2393,2005-09-18,parliament,DE6,Hamburg,2,offensived,0.0
2394,2005-09-18,parliament,DE6,Hamburg,2,partei,2506.0
2395,2005-09-18,parliament,DE6,Hamburg,2,pbc,0.0
2396,2005-09-18,parliament,DE6,Hamburg,2,prodm,0.0
2397,2005-09-18,parliament,DE6,Hamburg,2,psg,0.0
2398,2005-09-18,parliament,DE6,Hamburg,2,rep,0.0
2399,2005-09-18,parliament,DE6,Hamburg,2,spd,365546.0
2400,2005-09-18,parliament,DE6,Hamburg,2,tierschutz,6864.0
2401,2005-09-18,parliament,DE6,Hamburg,2,zentrum,0.0
2402,2005-09-18,parliament,DE7,Hessen,0,eligible_voters,4366988.0
2403,2005-09-18,parliament,DE7,Hessen,1,issued_ballots,3437326.0
2404,2005-09-18,parliament,DE7,Hessen,2,50plus,0.0
2405,2005-09-18,parliament,DE7,Hessen,2,agfg,0.0
2406,2005-09-18,parliament,DE7,Hessen,2,appd,0.0
2407,2005-09-18,parliament,DE7,Hessen,2,bp,0.0
2408,2005-09-18,parliament,DE7,Hessen,2,bueso,2958.0
2409,2005-09-18,parliament,DE7,Hessen,2,cdu,1131496.0
2410,2005-09-18,parliament,DE7,Hessen,2,csu,0.0
2411,2005-09-18,parliament,DE7,Hessen,2,deutschland,0.0
2412,2005-09-18,parliament,DE7,Hessen,2,familie,0.0
2413,2005-09-18,parliament,DE7,Hessen,2,fdp,392123.0
2414,2005-09-18,parliament,DE7,Hessen,2,frauen,0.0
2415,2005-09-18,parliament,DE7,Hessen,2,graue,15213.0
2416,2005-09-18,parliament,DE7,Hessen,2,gruene,340288.0
2417,2005-09-18,parliament,DE7,Hessen,2,linke,178913.0
2418,2005-09-18,parliament,DE7,Hessen,2,mlpd,1725.0
2419,2005-09-18,parliament,DE7,Hessen,2,npd,41380.0
2420,2005-09-18,parliament,DE7,Hessen,2,offensived,0.0
2421,2005-09-18,parliament,DE7,Hessen,2,partei,0.0
2422,2005-09-18,parliament,DE7,Hessen,2,pbc,0.0
2423,2005-09-18,parliament,DE7,Hessen,2,prodm,0.0
2424,2005-09-18,parliament,DE7,Hessen,2,psg,3346.0
2425,2005-09-18,parliament,DE7,Hessen,2,rep,27926.0
2426,2005-09-18,parliament,DE7,Hessen,2,spd,1197762.0
2427,2005-09-18,parliament,DE7,Hessen,2,tierschutz,26786.0
2428,2005-09-18,parliament,DE7,Hessen,2,zentrum,0.0
2429,2005-09-18,parliament,DE8,Mecklenburg-Vorpommern,0,eligible_voters,1418790.0
2430,2005-09-18,parliament,DE8,Mecklenburg-Vorpommern,1,issued_ballots,1010887.0
2431,2005-09-18,parliament,DE8,Mecklenburg-Vorpommern,2,50plus,0.0
2432,2005-09-18,parliament,DE8,Mecklenburg-Vorpommern,2,agfg,0.0
2433,2005-09-18,parliament,DE8,Mecklenburg-Vorpommern,2,appd,0.0
2434,2005-09-18,parliament,DE8,Mecklenburg-Vorpommern,2,bp,0.0
2435,2005-09-18,parliament,DE8,Mecklenburg-Vorpommern,2,bueso,0.0
2436,2005-09-18,parliament,DE8,Mecklenburg-Vorpommern,2,cdu,293316.0
2437,2005-09-18,parliament,DE8,Mecklenburg-Vorpommern,2,csu,0.0
2438,2005-09-18,parliament,DE8,Mecklenburg-Vorpommern,2,deutschland,0.0
2439,2005-09-18,parliament,DE8,Mecklenburg-Vorpommern,2,familie,0.0
2440,2005-09-18,parliament,DE8,Mecklenburg-Vorpommern,2,fdp,62049.0
2441,2005-09-18,parliament,DE8,Mecklenburg-Vorpommern,2,frauen,0.0
2442,2005-09-18,parliament,DE8,Mecklenburg-Vorpommern,2,graue,6766.0
2443,2005-09-18,parliament,DE8,Mecklenburg-Vorpommern,2,gruene,39379.0
2444,2005-09-18,parliament,DE8,Mecklenburg-Vorpommern,2,linke,234702.0
2445,2005-09-18,parliament,DE8,Mecklenburg-Vorpommern,2,mlpd,2949.0
2446,2005-09-18,parliament,DE8,Mecklenburg-Vorpommern,2,npd,34747.0
2447,2005-09-18,parliament,DE8,Mecklenburg-Vorpommern,2,offensived,0.0
2448,2005-09-18,parliament,DE8,Mecklenburg-Vorpommern,2,partei,0.0
2449,2005-09-18,parliament,DE8,Mecklenburg-Vorpommern,2,pbc,2981.0
2450,2005-09-18,parliament,DE8,Mecklenburg-Vorpommern,2,prodm,0.0
2451,2005-09-18,parliament,DE8,Mecklenburg-Vorpommern,2,psg,0.0
2452,2005-09-18,parliament,DE8,Mecklenburg-Vorpommern,2,rep,0.0
2453,2005-09-18,parliament,DE8,Mecklenburg-Vorpommern,2,spd,314830.0
2454,2005-09-18,parliament,DE8,Mecklenburg-Vorpommern,2,tierschutz,0.0
2455,2005-09-18,parliament,DE8,Mecklenburg-Vorpommern,2,zentrum,0.0
2456,2005-09-18,parliament,DE9,Niedersachsen,0,eligible_voters,6083041.0
2457,2005-09-18,parliament,DE9,Niedersachsen,1,issued_ballots,4828902.0
2458,2005-09-18,parliament,DE9,Niedersachsen,2,50plus,0.0
2459,2005-09-18,parliament,DE9,Niedersachsen,2,agfg,0.0
2460,2005-09-18,parliament,DE9,Niedersachsen,2,appd,0.0
2461,2005-09-18,parliament,DE9,Niedersachsen,2,bp,0.0
2462,2005-09-18,parliament,DE9,Niedersachsen,2,bueso,2188.0
2463,2005-09-18,parliament,DE9,Niedersachsen,2,cdu,1599947.0
2464,2005-09-18,parliament,DE9,Niedersachsen,2,csu,0.0
2465,2005-09-18,parliament,DE9,Niedersachsen,2,deutschland,0.0
2466,2005-09-18,parliament,DE9,Niedersachsen,2,familie,0.0
2467,2005-09-18,parliament,DE9,Niedersachsen,2,fdp,426341.0
2468,2005-09-18,parliament,DE9,Niedersachsen,2,frauen,0.0
2469,2005-09-18,parliament,DE9,Niedersachsen,2,graue,16910.0
2470,2005-09-18,parliament,DE9,Niedersachsen,2,gruene,354853.0
2471,2005-09-18,parliament,DE9,Niedersachsen,2,linke,205200.0
2472,2005-09-18,parliament,DE9,Niedersachsen,2,mlpd,1911.0
2473,2005-09-18,parliament,DE9,Niedersachsen,2,npd,59744.0
2474,2005-09-18,parliament,DE9,Niedersachsen,2,offensived,0.0
2475,2005-09-18,parliament,DE9,Niedersachsen,2,partei,0.0
2476,2005-09-18,parliament,DE9,Niedersachsen,2,pbc,11107.0
2477,2005-09-18,parliament,DE9,Niedersachsen,2,prodm,3869.0
2478,2005-09-18,parliament,DE9,Niedersachsen,2,psg,0.0
2479,2005-09-18,parliament,DE9,Niedersachsen,2,rep,0.0
2480,2005-09-18,parliament,DE9,Niedersachsen,2,spd,2058174.0
2481,2005-09-18,parliament,DE9,Niedersachsen,2,tierschutz,27404.0
2482,2005-09-18,parliament,DE9,Niedersachsen,2,zentrum,0.0
2483,2005-09-18,parliament,DEA,Nordrhein-Westfalen,0,eligible_voters,13257047.0
2484,2005-09-18,parliament,DEA,Nordrhein-Westfalen,1,issued_ballots,10385230.0
2485,2005-09-18,parliament,DEA,Nordrhein-Westfalen,2,50plus,0.0
2486,2005-09-18,parliament,DEA,Nordrhein-Westfalen,2,agfg,0.0
2487,2005-09-18,parliament,DEA,Nordrhein-Westfalen,2,appd,0.0
2488,2005-09-18,parliament,DEA,Nordrhein-Westfalen,2,bp,0.0
2489,2005-09-18,parliament,DEA,Nordrhein-Westfalen,2,bueso,2607.0
2490,2005-09-18,parliament,DEA,Nordrhein-Westfalen,2,cdu,3524351.0
2491,2005-09-18,parliament,DEA,Nordrhein-Westfalen,2,csu,0.0
2492,2005-09-18,parliament,DEA,Nordrhein-Westfalen,2,deutschland,9643.0
2493,2005-09-18,parliament,DEA,Nordrhein-Westfalen,2,familie,42421.0
2494,2005-09-18,parliament,DEA,Nordrhein-Westfalen,2,fdp,1024924.0
2495,2005-09-18,parliament,DEA,Nordrhein-Westfalen,2,frauen,0.0
2496,2005-09-18,parliament,DEA,Nordrhein-Westfalen,2,graue,37135.0
2497,2005-09-18,parliament,DEA,Nordrhein-Westfalen,2,gruene,782551.0
2498,2005-09-18,parliament,DEA,Nordrhein-Westfalen,2,linke,529967.0
2499,2005-09-18,parliament,DEA,Nordrhein-Westfalen,2,mlpd,5815.0
2500,2005-09-18,parliament,DEA,Nordrhein-Westfalen,2,npd,80512.0
2501,2005-09-18,parliament,DEA,Nordrhein-Westfalen,2,offensived,0.0
2502,2005-09-18,parliament,DEA,Nordrhein-Westfalen,2,partei,0.0
2503,2005-09-18,parliament,DEA,Nordrhein-Westfalen,2,pbc,16957.0
2504,2005-09-18,parliament,DEA,Nordrhein-Westfalen,2,prodm,0.0
2505,2005-09-18,parliament,DEA,Nordrhein-Westfalen,2,psg,4087.0
2506,2005-09-18,parliament,DEA,Nordrhein-Westfalen,2,rep,35390.0
2507,2005-09-18,parliament,DEA,Nordrhein-Westfalen,2,spd,4096112.0
2508,2005-09-18,parliament,DEA,Nordrhein-Westfalen,2,tierschutz,49549.0
2509,2005-09-18,parliament,DEA,Nordrhein-Westfalen,2,zentrum,4010.0
2510,2005-09-18,parliament,DEB,Rheinland-Pfalz,0,eligible_voters,3084171.0
2511,2005-09-18,parliament,DEB,Rheinland-Pfalz,1,issued_ballots,2427981.0
2512,2005-09-18,parliament,DEB,Rheinland-Pfalz,2,50plus,0.0
2513,2005-09-18,parliament,DEB,Rheinland-Pfalz,2,agfg,0.0
2514,2005-09-18,parliament,DEB,Rheinland-Pfalz,2,appd,0.0
2515,2005-09-18,parliament,DEB,Rheinland-Pfalz,2,bp,0.0
2516,2005-09-18,parliament,DEB,Rheinland-Pfalz,2,bueso,0.0
2517,2005-09-18,parliament,DEB,Rheinland-Pfalz,2,cdu,877632.0
2518,2005-09-18,parliament,DEB,Rheinland-Pfalz,2,csu,0.0
2519,2005-09-18,parliament,DEB,Rheinland-Pfalz,2,deutschland,0.0
2520,2005-09-18,parliament,DEB,Rheinland-Pfalz,2,familie,25576.0
2521,2005-09-18,parliament,DEB,Rheinland-Pfalz,2,fdp,278945.0
2522,2005-09-18,parliament,DEB,Rheinland-Pfalz,2,frauen,0.0
2523,2005-09-18,parliament,DEB,Rheinland-Pfalz,2,graue,0.0
2524,2005-09-18,parliament,DEB,Rheinland-Pfalz,2,gruene,172900.0
2525,2005-09-18,parliament,DEB,Rheinland-Pfalz,2,linke,132154.0
2526,2005-09-18,parliament,DEB,Rheinland-Pfalz,2,mlpd,1680.0
2527,2005-09-18,parliament,DEB,Rheinland-Pfalz,2,npd,31012.0
2528,2005-09-18,parliament,DEB,Rheinland-Pfalz,2,offensived,0.0
2529,2005-09-18,parliament,DEB,Rheinland-Pfalz,2,partei,0.0
2530,2005-09-18,parliament,DEB,Rheinland-Pfalz,2,pbc,9026.0
2531,2005-09-18,parliament,DEB,Rheinland-Pfalz,2,prodm,0.0
2532,2005-09-18,parliament,DEB,Rheinland-Pfalz,2,psg,0.0
2533,2005-09-18,parliament,DEB,Rheinland-Pfalz,2,rep,26340.0
2534,2005-09-18,parliament,DEB,Rheinland-Pfalz,2,spd,822074.0
2535,2005-09-18,parliament,DEB,Rheinland-Pfalz,2,tierschutz,0.0
2536,2005-09-18,parliament,DEB,Rheinland-Pfalz,2,zentrum,0.0
2537,2005-09-18,parliament,DEC,Saarland,0,eligible_voters,818478.0
2538,2005-09-18,parliament,DEC,Saarland,1,issued_ballots,650089.0
2539,2005-09-18,parliament,DEC,Saarland,2,50plus,0.0
2540,2005-09-18,parliament,DEC,Saarland,2,agfg,0.0
2541,2005-09-18,parliament,DEC,Saarland,2,appd,0.0
2542,2005-09-18,parliament,DEC,Saarland,2,bp,0.0
2543,2005-09-18,parliament,DEC,Saarland,2,bueso,0.0
2544,2005-09-18,parliament,DEC,Saarland,2,cdu,191067.0
2545,2005-09-18,parliament,DEC,Saarland,2,csu,0.0
2546,2005-09-18,parliament,DEC,Saarland,2,deutschland,0.0
2547,2005-09-18,parliament,DEC,Saarland,2,familie,13002.0
2548,2005-09-18,parliament,DEC,Saarland,2,fdp,47188.0
2549,2005-09-18,parliament,DEC,Saarland,2,frauen,0.0
2550,2005-09-18,parliament,DEC,Saarland,2,graue,4337.0
2551,2005-09-18,parliament,DEC,Saarland,2,gruene,37489.0
2552,2005-09-18,parliament,DEC,Saarland,2,linke,117089.0
2553,2005-09-18,parliament,DEC,Saarland,2,mlpd,686.0
2554,2005-09-18,parliament,DEC,Saarland,2,npd,11459.0
2555,2005-09-18,parliament,DEC,Saarland,2,offensived,0.0
2556,2005-09-18,parliament,DEC,Saarland,2,partei,0.0
2557,2005-09-18,parliament,DEC,Saarland,2,pbc,0.0
2558,2005-09-18,parliament,DEC,Saarland,2,prodm,0.0
2559,2005-09-18,parliament,DEC,Saarland,2,psg,0.0
2560,2005-09-18,parliament,DEC,Saarland,2,rep,0.0
2561,2005-09-18,parliament,DEC,Saarland,2,spd,211201.0
2562,2005-09-18,parliament,DEC,Saarland,2,tierschutz,0.0
2563,2005-09-18,parliament,DEC,Saarland,2,zentrum,0.0
2564,2005-09-18,parliament,DED,Sachsen,0,eligible_voters,3561357.0
2565,2005-09-18,parliament,DED,Sachsen,1,issued_ballots,2695532.0
2566,2005-09-18,parliament,DED,Sachsen,2,50plus,0.0
2567,2005-09-18,parliament,DED,Sachsen,2,agfg,21350.0
2568,2005-09-18,parliament,DED,Sachsen,2,appd,0.0
2569,2005-09-18,parliament,DED,Sachsen,2,bp,0.0
2570,2005-09-18,parliament,DED,Sachsen,2,bueso,14641.0
2571,2005-09-18,parliament,DED,Sachsen,2,cdu,795316.0
2572,2005-09-18,parliament,DED,Sachsen,2,csu,0.0
2573,2005-09-18,parliament,DED,Sachsen,2,deutschland,0.0
2574,2005-09-18,parliament,DED,Sachsen,2,familie,0.0
2575,2005-09-18,parliament,DED,Sachsen,2,fdp,269623.0
2576,2005-09-18,parliament,DED,Sachsen,2,frauen,0.0
2577,2005-09-18,parliament,DED,Sachsen,2,graue,0.0
2578,2005-09-18,parliament,DED,Sachsen,2,gruene,126850.0
2579,2005-09-18,parliament,DED,Sachsen,2,linke,603824.0
2580,2005-09-18,parliament,DED,Sachsen,2,mlpd,3742.0
2581,2005-09-18,parliament,DED,Sachsen,2,npd,126701.0
2582,2005-09-18,parliament,DED,Sachsen,2,offensived,0.0
2583,2005-09-18,parliament,DED,Sachsen,2,partei,0.0
2584,2005-09-18,parliament,DED,Sachsen,2,pbc,16549.0
2585,2005-09-18,parliament,DED,Sachsen,2,prodm,0.0
2586,2005-09-18,parliament,DED,Sachsen,2,psg,6549.0
2587,2005-09-18,parliament,DED,Sachsen,2,rep,13112.0
2588,2005-09-18,parliament,DED,Sachsen,2,spd,649807.0
2589,2005-09-18,parliament,DED,Sachsen,2,tierschutz,0.0
2590,2005-09-18,parliament,DED,Sachsen,2,zentrum,0.0
2591,2005-09-18,parliament,DEE,Sachsen-Anhalt,0,eligible_voters,2088108.0
2592,2005-09-18,parliament,DEE,Sachsen-Anhalt,1,issued_ballots,1481671.0
2593,2005-09-18,parliament,DEE,Sachsen-Anhalt,2,50plus,0.0
2594,2005-09-18,parliament,DEE,Sachsen-Anhalt,2,agfg,0.0
2595,2005-09-18,parliament,DEE,Sachsen-Anhalt,2,appd,0.0
2596,2005-09-18,parliament,DEE,Sachsen-Anhalt,2,bp,0.0
2597,2005-09-18,parliament,DEE,Sachsen-Anhalt,2,bueso,0.0
2598,2005-09-18,parliament,DEE,Sachsen-Anhalt,2,cdu,357663.0
2599,2005-09-18,parliament,DEE,Sachsen-Anhalt,2,csu,0.0
2600,2005-09-18,parliament,DEE,Sachsen-Anhalt,2,deutschland,0.0
2601,2005-09-18,parliament,DEE,Sachsen-Anhalt,2,familie,0.0
2602,2005-09-18,parliament,DEE,Sachsen-Anhalt,2,fdp,117155.0
2603,2005-09-18,parliament,DEE,Sachsen-Anhalt,2,frauen,0.0
2604,2005-09-18,parliament,DEE,Sachsen-Anhalt,2,graue,0.0
2605,2005-09-18,parliament,DEE,Sachsen-Anhalt,2,gruene,59146.0
2606,2005-09-18,parliament,DEE,Sachsen-Anhalt,2,linke,385422.0
2607,2005-09-18,parliament,DEE,Sachsen-Anhalt,2,mlpd,5412.0
2608,2005-09-18,parliament,DEE,Sachsen-Anhalt,2,npd,36970.0
2609,2005-09-18,parliament,DEE,Sachsen-Anhalt,2,offensived,3338.0
2610,2005-09-18,parliament,DEE,Sachsen-Anhalt,2,partei,0.0
2611,2005-09-18,parliament,DEE,Sachsen-Anhalt,2,pbc,0.0
2612,2005-09-18,parliament,DEE,Sachsen-Anhalt,2,prodm,5739.0
2613,2005-09-18,parliament,DEE,Sachsen-Anhalt,2,psg,0.0
2614,2005-09-18,parliament,DEE,Sachsen-Anhalt,2,rep,4825.0
2615,2005-09-18,parliament,DEE,Sachsen-Anhalt,2,spd,474909.0
2616,2005-09-18,parliament,DEE,Sachsen-Anhalt,2,tierschutz,0.0
2617,2005-09-18,parliament,DEE,Sachsen-Anhalt,2,zentrum,0.0
2618,2005-09-18,parliament,DEF,Schleswig-Holstein,0,eligible_voters,2198777.0
2619,2005-09-18,parliament,DEF,Schleswig-Holstein,1,issued_ballots,1739113.0
2620,2005-09-18,parliament,DEF,Schleswig-Holstein,2,50plus,0.0
2621,2005-09-18,parliament,DEF,Schleswig-Holstein,2,agfg,0.0
2622,2005-09-18,parliament,DEF,Schleswig-Holstein,2,appd,0.0
2623,2005-09-18,parliament,DEF,Schleswig-Holstein,2,bp,0.0
2624,2005-09-18,parliament,DEF,Schleswig-Holstein,2,bueso,0.0
2625,2005-09-18,parliament,DEF,Schleswig-Holstein,2,cdu,624510.0
2626,2005-09-18,parliament,DEF,Schleswig-Holstein,2,csu,0.0
2627,2005-09-18,parliament,DEF,Schleswig-Holstein,2,deutschland,0.0
2628,2005-09-18,parliament,DEF,Schleswig-Holstein,2,familie,20259.0
2629,2005-09-18,parliament,DEF,Schleswig-Holstein,2,fdp,173320.0
2630,2005-09-18,parliament,DEF,Schleswig-Holstein,2,frauen,0.0
2631,2005-09-18,parliament,DEF,Schleswig-Holstein,2,graue,0.0
2632,2005-09-18,parliament,DEF,Schleswig-Holstein,2,gruene,144712.0
2633,2005-09-18,parliament,DEF,Schleswig-Holstein,2,linke,78755.0
2634,2005-09-18,parliament,DEF,Schleswig-Holstein,2,mlpd,1131.0
2635,2005-09-18,parliament,DEF,Schleswig-Holstein,2,npd,17061.0
2636,2005-09-18,parliament,DEF,Schleswig-Holstein,2,offensived,0.0
2637,2005-09-18,parliament,DEF,Schleswig-Holstein,2,partei,0.0
2638,2005-09-18,parliament,DEF,Schleswig-Holstein,2,pbc,0.0
2639,2005-09-18,parliament,DEF,Schleswig-Holstein,2,prodm,0.0
2640,2005-09-18,parliament,DEF,Schleswig-Holstein,2,psg,0.0
2641,2005-09-18,parliament,DEF,Schleswig-Holstein,2,rep,0.0
2642,2005-09-18,parliament,DEF,Schleswig-Holstein,2,spd,655361.0
2643,2005-09-18,parliament,DEF,Schleswig-Holstein,2,tierschutz,0.0
2644,2005-09-18,parliament,DEF,Schleswig-Holstein,2,zentrum,0.0
2645,2005-09-18,parliament,DEG,Thüringen,0,eligible_voters,1957755.0
2646,2005-09-18,parliament,DEG,Thüringen,1,issued_ballots,1477829.0
2647,2005-09-18,parliament,DEG,Thüringen,2,50plus,0.0
2648,2005-09-18,parliament,DEG,Thüringen,2,agfg,0.0
2649,2005-09-18,parliament,DEG,Thüringen,2,appd,0.0
2650,2005-09-18,parliament,DEG,Thüringen,2,bp,0.0
2651,2005-09-18,parliament,DEG,Thüringen,2,bueso,0.0
2652,2005-09-18,parliament,DEG,Thüringen,2,cdu,372435.0
2653,2005-09-18,parliament,DEG,Thüringen,2,csu,0.0
2654,2005-09-18,parliament,DEG,Thüringen,2,deutschland,0.0
2655,2005-09-18,parliament,DEG,Thüringen,2,familie,0.0
2656,2005-09-18,parliament,DEG,Thüringen,2,fdp,115009.0
2657,2005-09-18,parliament,DEG,Thüringen,2,frauen,0.0
2658,2005-09-18,parliament,DEG,Thüringen,2,graue,13617.0
2659,2005-09-18,parliament,DEG,Thüringen,2,gruene,69976.0
2660,2005-09-18,parliament,DEG,Thüringen,2,linke,378340.0
2661,2005-09-18,parliament,DEG,Thüringen,2,mlpd,5668.0
2662,2005-09-18,parliament,DEG,Thüringen,2,npd,52988.0
2663,2005-09-18,parliament,DEG,Thüringen,2,offensived,0.0
2664,2005-09-18,parliament,DEG,Thüringen,2,partei,0.0
2665,2005-09-18,parliament,DEG,Thüringen,2,pbc,0.0
2666,2005-09-18,parliament,DEG,Thüringen,2,prodm,0.0
2667,2005-09-18,parliament,DEG,Thüringen,2,psg,0.0
2668,2005-09-18,parliament,DEG,Thüringen,2,rep,9966.0
2669,2005-09-18,parliament,DEG,Thüringen,2,spd,432778.0
2670,2005-09-18,parliament,DEG,Thüringen,2,tierschutz,0.0
2671,2005-09-18,parliament,DEG,Thüringen,2,zentrum,0.0
2672,2009-06-07,european,DE1,Baden-Württemberg,0,eligible_voters,7635842.0
2673,2009-06-07,european,DE1,Baden-Württemberg,1,issued_ballots,3968608.0
2674,2009-06-07,european,DE1,Baden-Württemberg,2,50plus,7575.0
2675,2009-06-07,european,DE1,Baden-Württemberg,2,auf,7274.0
2676,2009-06-07,european,DE1,Baden-Württemberg,2,aufbruch,4702.0
2677,2009-06-07,european,DE1,Baden-Württemberg,2,bp,3415.0
2678,2009-06-07,european,DE1,Baden-Württemberg,2,bueso,1374.0
2679,2009-06-07,european,DE1,Baden-Württemberg,2,cdu,1478135.0
2680,2009-06-07,european,DE1,Baden-Württemberg,2,cm,9526.0
2681,2009-06-07,european,DE1,Baden-Württemberg,2,csu,0.0
2682,2009-06-07,european,DE1,Baden-Württemberg,2,dkp,2231.0
2683,2009-06-07,european,DE1,Baden-Württemberg,2,dvu,8311.0
2684,2009-06-07,european,DE1,Baden-Württemberg,2,ede,2175.0
2685,2009-06-07,european,DE1,Baden-Württemberg,2,familie,37736.0
2686,2009-06-07,european,DE1,Baden-Württemberg,2,fbi,4449.0
2687,2009-06-07,european,DE1,Baden-Württemberg,2,fdp,537100.0
2688,2009-06-07,european,DE1,Baden-Württemberg,2,frauen,11845.0
2689,2009-06-07,european,DE1,Baden-Württemberg,2,fw,49149.0
2690,2009-06-07,european,DE1,Baden-Württemberg,2,grauen,7724.0
2691,2009-06-07,european,DE1,Baden-Württemberg,2,gruene,572267.0
2692,2009-06-07,european,DE1,Baden-Württemberg,2,linke,114105.0
2693,2009-06-07,european,DE1,Baden-Württemberg,2,newropeans,2607.0
2694,2009-06-07,european,DE1,Baden-Württemberg,2,oedp,18875.0
2695,2009-06-07,european,DE1,Baden-Württemberg,2,pbc,26765.0
2696,2009-06-07,european,DE1,Baden-Württemberg,2,piraten,33209.0
2697,2009-06-07,european,DE1,Baden-Württemberg,2,psg,1067.0
2698,2009-06-07,european,DE1,Baden-Württemberg,2,renter,26939.0
2699,2009-06-07,european,DE1,Baden-Württemberg,2,rep,73565.0
2700,2009-06-07,european,DE1,Baden-Württemberg,2,rrp,13248.0
2701,2009-06-07,european,DE1,Baden-Württemberg,2,spd,689812.0
2702,2009-06-07,european,DE1,Baden-Württemberg,2,tierschutz,45596.0
2703,2009-06-07,european,DE1,Baden-Württemberg,2,violetten,8069.0
2704,2009-06-07,european,DE1,Baden-Württemberg,2,volksabstimmung,12450.0
2705,2009-06-07,european,DE1,Baden-Württemberg,2,volksentscheide,8230.0
2706,2009-06-07,european,DE2,Bayern,0,eligible_voters,9386096.0
2707,2009-06-07,european,DE2,Bayern,1,issued_ballots,3974578.0
2708,2009-06-07,european,DE2,Bayern,2,50plus,7074.0
2709,2009-06-07,european,DE2,Bayern,2,auf,3890.0
2710,2009-06-07,european,DE2,Bayern,2,aufbruch,4854.0
2711,2009-06-07,european,DE2,Bayern,2,bp,40244.0
2712,2009-06-07,european,DE2,Bayern,2,bueso,1185.0
2713,2009-06-07,european,DE2,Bayern,2,cdu,0.0
2714,2009-06-07,european,DE2,Bayern,2,cm,6332.0
2715,2009-06-07,european,DE2,Bayern,2,csu,1896762.0
2716,2009-06-07,european,DE2,Bayern,2,dkp,1940.0
2717,2009-06-07,european,DE2,Bayern,2,dvu,9746.0
2718,2009-06-07,european,DE2,Bayern,2,ede,1107.0
2719,2009-06-07,european,DE2,Bayern,2,familie,18047.0
2720,2009-06-07,european,DE2,Bayern,2,fbi,3056.0
2721,2009-06-07,european,DE2,Bayern,2,fdp,356506.0
2722,2009-06-07,european,DE2,Bayern,2,frauen,6731.0
2723,2009-06-07,european,DE2,Bayern,2,fw,266257.0
2724,2009-06-07,european,DE2,Bayern,2,grauen,3984.0
2725,2009-06-07,european,DE2,Bayern,2,gruene,455032.0
2726,2009-06-07,european,DE2,Bayern,2,linke,91733.0
2727,2009-06-07,european,DE2,Bayern,2,newropeans,1903.0
2728,2009-06-07,european,DE2,Bayern,2,oedp,83927.0
2729,2009-06-07,european,DE2,Bayern,2,pbc,8381.0
2730,2009-06-07,european,DE2,Bayern,2,piraten,29236.0
2731,2009-06-07,european,DE2,Bayern,2,psg,747.0
2732,2009-06-07,european,DE2,Bayern,2,renter,20174.0
2733,2009-06-07,european,DE2,Bayern,2,rep,50685.0
2734,2009-06-07,european,DE2,Bayern,2,rrp,18887.0
2735,2009-06-07,european,DE2,Bayern,2,spd,507527.0
2736,2009-06-07,european,DE2,Bayern,2,tierschutz,30209.0
2737,2009-06-07,european,DE2,Bayern,2,violetten,8131.0
2738,2009-06-07,european,DE2,Bayern,2,volksabstimmung,6529.0
2739,2009-06-07,european,DE2,Bayern,2,volksentscheide,5788.0
2740,2009-06-07,european,DE3,Berlin,0,eligible_voters,2473787.0
2741,2009-06-07,european,DE3,Berlin,1,issued_ballots,869339.0
2742,2009-06-07,european,DE3,Berlin,2,50plus,3204.0
2743,2009-06-07,european,DE3,Berlin,2,auf,1080.0
2744,2009-06-07,european,DE3,Berlin,2,aufbruch,788.0
2745,2009-06-07,european,DE3,Berlin,2,bp,682.0
2746,2009-06-07,european,DE3,Berlin,2,bueso,655.0
2747,2009-06-07,european,DE3,Berlin,2,cdu,208395.0
2748,2009-06-07,european,DE3,Berlin,2,cm,746.0
2749,2009-06-07,european,DE3,Berlin,2,csu,0.0
2750,2009-06-07,european,DE3,Berlin,2,dkp,1971.0
2751,2009-06-07,european,DE3,Berlin,2,dvu,4769.0
2752,2009-06-07,european,DE3,Berlin,2,ede,514.0
2753,2009-06-07,european,DE3,Berlin,2,familie,5909.0
2754,2009-06-07,european,DE3,Berlin,2,fbi,851.0
2755,2009-06-07,european,DE3,Berlin,2,fdp,74522.0
2756,2009-06-07,european,DE3,Berlin,2,frauen,3188.0
2757,2009-06-07,european,DE3,Berlin,2,fw,3932.0
2758,2009-06-07,european,DE3,Berlin,2,grauen,6305.0
2759,2009-06-07,european,DE3,Berlin,2,gruene,202437.0
2760,2009-06-07,european,DE3,Berlin,2,linke,126442.0
2761,2009-06-07,european,DE3,Berlin,2,newropeans,741.0
2762,2009-06-07,european,DE3,Berlin,2,oedp,2018.0
2763,2009-06-07,european,DE3,Berlin,2,pbc,1186.0
2764,2009-06-07,european,DE3,Berlin,2,piraten,12063.0
2765,2009-06-07,european,DE3,Berlin,2,psg,713.0
2766,2009-06-07,european,DE3,Berlin,2,renter,6416.0
2767,2009-06-07,european,DE3,Berlin,2,rep,8001.0
2768,2009-06-07,european,DE3,Berlin,2,rrp,2549.0
2769,2009-06-07,european,DE3,Berlin,2,spd,161635.0
2770,2009-06-07,european,DE3,Berlin,2,tierschutz,11617.0
2771,2009-06-07,european,DE3,Berlin,2,violetten,2030.0
2772,2009-06-07,european,DE3,Berlin,2,volksabstimmung,1966.0
2773,2009-06-07,european,DE3,Berlin,2,volksentscheide,1025.0
2774,2009-06-07,european,DE4,Brandenburg,0,eligible_voters,2127871.0
2775,2009-06-07,european,DE4,Brandenburg,1,issued_ballots,635720.0
2776,2009-06-07,european,DE4,Brandenburg,2,50plus,4453.0
2777,2009-06-07,european,DE4,Brandenburg,2,auf,1094.0
2778,2009-06-07,european,DE4,Brandenburg,2,aufbruch,1097.0
2779,2009-06-07,european,DE4,Brandenburg,2,bp,461.0
2780,2009-06-07,european,DE4,Brandenburg,2,bueso,419.0
2781,2009-06-07,european,DE4,Brandenburg,2,cdu,140616.0
2782,2009-06-07,european,DE4,Brandenburg,2,cm,711.0
2783,2009-06-07,european,DE4,Brandenburg,2,csu,0.0
2784,2009-06-07,european,DE4,Brandenburg,2,dkp,1565.0
2785,2009-06-07,european,DE4,Brandenburg,2,dvu,10621.0
2786,2009-06-07,european,DE4,Brandenburg,2,ede,428.0
2787,2009-06-07,european,DE4,Brandenburg,2,familie,13722.0
2788,2009-06-07,european,DE4,Brandenburg,2,fbi,1062.0
2789,2009-06-07,european,DE4,Brandenburg,2,fdp,46367.0
2790,2009-06-07,european,DE4,Brandenburg,2,frauen,2681.0
2791,2009-06-07,european,DE4,Brandenburg,2,fw,2926.0
2792,2009-06-07,european,DE4,Brandenburg,2,grauen,2172.0
2793,2009-06-07,european,DE4,Brandenburg,2,gruene,52889.0
2794,2009-06-07,european,DE4,Brandenburg,2,linke,162687.0
2795,2009-06-07,european,DE4,Brandenburg,2,newropeans,446.0
2796,2009-06-07,european,DE4,Brandenburg,2,oedp,1209.0
2797,2009-06-07,european,DE4,Brandenburg,2,pbc,1160.0
2798,2009-06-07,european,DE4,Brandenburg,2,piraten,5637.0
2799,2009-06-07,european,DE4,Brandenburg,2,psg,478.0
2800,2009-06-07,european,DE4,Brandenburg,2,renter,7966.0
2801,2009-06-07,european,DE4,Brandenburg,2,rep,4626.0
2802,2009-06-07,european,DE4,Brandenburg,2,rrp,2864.0
2803,2009-06-07,european,DE4,Brandenburg,2,spd,142615.0
2804,2009-06-07,european,DE4,Brandenburg,2,tierschutz,9206.0
2805,2009-06-07,european,DE4,Brandenburg,2,violetten,976.0
2806,2009-06-07,european,DE4,Brandenburg,2,volksabstimmung,1977.0
2807,2009-06-07,european,DE4,Brandenburg,2,volksentscheide,1185.0
2808,2009-06-07,european,DE5,Bremen,0,eligible_voters,488095.0
2809,2009-06-07,european,DE5,Bremen,1,issued_ballots,189640.0
2810,2009-06-07,european,DE5,Bremen,2,50plus,441.0
2811,2009-06-07,european,DE5,Bremen,2,auf,114.0
2812,2009-06-07,european,DE5,Bremen,2,aufbruch,149.0
2813,2009-06-07,european,DE5,Bremen,2,bp,77.0
2814,2009-06-07,european,DE5,Bremen,2,bueso,41.0
2815,2009-06-07,european,DE5,Bremen,2,cdu,45886.0
2816,2009-06-07,european,DE5,Bremen,2,cm,136.0
2817,2009-06-07,european,DE5,Bremen,2,csu,0.0
2818,2009-06-07,european,DE5,Bremen,2,dkp,278.0
2819,2009-06-07,european,DE5,Bremen,2,dvu,1301.0
2820,2009-06-07,european,DE5,Bremen,2,ede,80.0
2821,2009-06-07,european,DE5,Bremen,2,familie,881.0
2822,2009-06-07,european,DE5,Bremen,2,fbi,131.0
2823,2009-06-07,european,DE5,Bremen,2,fdp,16721.0
2824,2009-06-07,european,DE5,Bremen,2,frauen,665.0
2825,2009-06-07,european,DE5,Bremen,2,fw,615.0
2826,2009-06-07,european,DE5,Bremen,2,grauen,560.0
2827,2009-06-07,european,DE5,Bremen,2,gruene,41476.0
2828,2009-06-07,european,DE5,Bremen,2,linke,13468.0
2829,2009-06-07,european,DE5,Bremen,2,newropeans,129.0
2830,2009-06-07,european,DE5,Bremen,2,oedp,235.0
2831,2009-06-07,european,DE5,Bremen,2,pbc,510.0
2832,2009-06-07,european,DE5,Bremen,2,piraten,2147.0
2833,2009-06-07,european,DE5,Bremen,2,psg,65.0
2834,2009-06-07,european,DE5,Bremen,2,renter,2049.0
2835,2009-06-07,european,DE5,Bremen,2,rep,875.0
2836,2009-06-07,european,DE5,Bremen,2,rrp,860.0
2837,2009-06-07,european,DE5,Bremen,2,spd,55064.0
2838,2009-06-07,european,DE5,Bremen,2,tierschutz,1820.0
2839,2009-06-07,european,DE5,Bremen,2,violetten,223.0
2840,2009-06-07,european,DE5,Bremen,2,volksabstimmung,416.0
2841,2009-06-07,european,DE5,Bremen,2,volksentscheide,235.0
2842,2009-06-07,european,DE6,Hamburg,0,eligible_voters,1256701.0
2843,2009-06-07,european,DE6,Hamburg,1,issued_ballots,436266.0
2844,2009-06-07,european,DE6,Hamburg,2,50plus,763.0
2845,2009-06-07,european,DE6,Hamburg,2,auf,355.0
2846,2009-06-07,european,DE6,Hamburg,2,aufbruch,271.0
2847,2009-06-07,european,DE6,Hamburg,2,bp,188.0
2848,2009-06-07,european,DE6,Hamburg,2,bueso,123.0
2849,2009-06-07,european,DE6,Hamburg,2,cdu,128443.0
2850,2009-06-07,european,DE6,Hamburg,2,cm,268.0
2851,2009-06-07,european,DE6,Hamburg,2,csu,0.0
2852,2009-06-07,european,DE6,Hamburg,2,dkp,521.0
2853,2009-06-07,european,DE6,Hamburg,2,dvu,1538.0
2854,2009-06-07,european,DE6,Hamburg,2,ede,235.0
2855,2009-06-07,european,DE6,Hamburg,2,familie,1493.0
2856,2009-06-07,european,DE6,Hamburg,2,fbi,261.0
2857,2009-06-07,european,DE6,Hamburg,2,fdp,48225.0
2858,2009-06-07,european,DE6,Hamburg,2,frauen,836.0
2859,2009-06-07,european,DE6,Hamburg,2,fw,2564.0
2860,2009-06-07,european,DE6,Hamburg,2,grauen,794.0
2861,2009-06-07,european,DE6,Hamburg,2,gruene,88823.0
2862,2009-06-07,european,DE6,Hamburg,2,linke,29181.0
2863,2009-06-07,european,DE6,Hamburg,2,newropeans,443.0
2864,2009-06-07,european,DE6,Hamburg,2,oedp,1054.0
2865,2009-06-07,european,DE6,Hamburg,2,pbc,806.0
2866,2009-06-07,european,DE6,Hamburg,2,piraten,5097.0
2867,2009-06-07,european,DE6,Hamburg,2,psg,153.0
2868,2009-06-07,european,DE6,Hamburg,2,renter,2377.0
2869,2009-06-07,european,DE6,Hamburg,2,rep,1527.0
2870,2009-06-07,european,DE6,Hamburg,2,rrp,1545.0
2871,2009-06-07,european,DE6,Hamburg,2,spd,109766.0
2872,2009-06-07,european,DE6,Hamburg,2,tierschutz,2905.0
2873,2009-06-07,european,DE6,Hamburg,2,violetten,672.0
2874,2009-06-07,european,DE6,Hamburg,2,volksabstimmung,720.0
2875,2009-06-07,european,DE6,Hamburg,2,volksentscheide,686.0
2876,2009-06-07,european,DE7,Hessen,0,eligible_voters,4402792.0
2877,2009-06-07,european,DE7,Hessen,1,issued_ballots,1669822.0
2878,2009-06-07,european,DE7,Hessen,2,50plus,2733.0
2879,2009-06-07,european,DE7,Hessen,2,auf,2058.0
2880,2009-06-07,european,DE7,Hessen,2,aufbruch,1174.0
2881,2009-06-07,european,DE7,Hessen,2,bp,1192.0
2882,2009-06-07,european,DE7,Hessen,2,bueso,556.0
2883,2009-06-07,european,DE7,Hessen,2,cdu,596878.0
2884,2009-06-07,european,DE7,Hessen,2,cm,2262.0
2885,2009-06-07,european,DE7,Hessen,2,csu,0.0
2886,2009-06-07,european,DE7,Hessen,2,dkp,1395.0
2887,2009-06-07,european,DE7,Hessen,2,dvu,3704.0
2888,2009-06-07,european,DE7,Hessen,2,ede,726.0
2889,2009-06-07,european,DE7,Hessen,2,familie,7854.0
2890,2009-06-07,european,DE7,Hessen,2,fbi,1034.0
2891,2009-06-07,european,DE7,Hessen,2,fdp,207253.0
2892,2009-06-07,european,DE7,Hessen,2,frauen,4274.0
2893,2009-06-07,european,DE7,Hessen,2,fw,11781.0
2894,2009-06-07,european,DE7,Hessen,2,grauen,2448.0
2895,2009-06-07,european,DE7,Hessen,2,gruene,246535.0
2896,2009-06-07,european,DE7,Hessen,2,linke,63407.0
2897,2009-06-07,european,DE7,Hessen,2,newropeans,1019.0
2898,2009-06-07,european,DE7,Hessen,2,oedp,2698.0
2899,2009-06-07,european,DE7,Hessen,2,pbc,4365.0
2900,2009-06-07,european,DE7,Hessen,2,piraten,14807.0
2901,2009-06-07,european,DE7,Hessen,2,psg,435.0
2902,2009-06-07,european,DE7,Hessen,2,renter,11489.0
2903,2009-06-07,european,DE7,Hessen,2,rep,20246.0
2904,2009-06-07,european,DE7,Hessen,2,rrp,3296.0
2905,2009-06-07,european,DE7,Hessen,2,spd,400623.0
2906,2009-06-07,european,DE7,Hessen,2,tierschutz,14108.0
2907,2009-06-07,european,DE7,Hessen,2,violetten,2559.0
2908,2009-06-07,european,DE7,Hessen,2,volksabstimmung,4481.0
2909,2009-06-07,european,DE7,Hessen,2,volksentscheide,1697.0
2910,2009-06-07,european,DE8,Mecklenburg-Vorpommern,0,eligible_voters,1403333.0
2911,2009-06-07,european,DE8,Mecklenburg-Vorpommern,1,issued_ballots,653283.0
2912,2009-06-07,european,DE8,Mecklenburg-Vorpommern,2,50plus,2844.0
2913,2009-06-07,european,DE8,Mecklenburg-Vorpommern,2,auf,1392.0
2914,2009-06-07,european,DE8,Mecklenburg-Vorpommern,2,aufbruch,1506.0
2915,2009-06-07,european,DE8,Mecklenburg-Vorpommern,2,bp,427.0
2916,2009-06-07,european,DE8,Mecklenburg-Vorpommern,2,bueso,520.0
2917,2009-06-07,european,DE8,Mecklenburg-Vorpommern,2,cdu,201447.0
2918,2009-06-07,european,DE8,Mecklenburg-Vorpommern,2,cm,656.0
2919,2009-06-07,european,DE8,Mecklenburg-Vorpommern,2,csu,0.0
2920,2009-06-07,european,DE8,Mecklenburg-Vorpommern,2,dkp,1229.0
2921,2009-06-07,european,DE8,Mecklenburg-Vorpommern,2,dvu,6223.0
2922,2009-06-07,european,DE8,Mecklenburg-Vorpommern,2,ede,910.0
2923,2009-06-07,european,DE8,Mecklenburg-Vorpommern,2,familie,15127.0
2924,2009-06-07,european,DE8,Mecklenburg-Vorpommern,2,fbi,1394.0
2925,2009-06-07,european,DE8,Mecklenburg-Vorpommern,2,fdp,47170.0
2926,2009-06-07,european,DE8,Mecklenburg-Vorpommern,2,frauen,5232.0
2927,2009-06-07,european,DE8,Mecklenburg-Vorpommern,2,fw,4240.0
2928,2009-06-07,european,DE8,Mecklenburg-Vorpommern,2,grauen,3591.0
2929,2009-06-07,european,DE8,Mecklenburg-Vorpommern,2,gruene,34450.0
2930,2009-06-07,european,DE8,Mecklenburg-Vorpommern,2,linke,146305.0
2931,2009-06-07,european,DE8,Mecklenburg-Vorpommern,2,newropeans,408.0
2932,2009-06-07,european,DE8,Mecklenburg-Vorpommern,2,oedp,831.0
2933,2009-06-07,european,DE8,Mecklenburg-Vorpommern,2,pbc,1032.0
2934,2009-06-07,european,DE8,Mecklenburg-Vorpommern,2,piraten,5032.0
2935,2009-06-07,european,DE8,Mecklenburg-Vorpommern,2,psg,553.0
2936,2009-06-07,european,DE8,Mecklenburg-Vorpommern,2,renter,10152.0
2937,2009-06-07,european,DE8,Mecklenburg-Vorpommern,2,rep,8490.0
2938,2009-06-07,european,DE8,Mecklenburg-Vorpommern,2,rrp,3628.0
2939,2009-06-07,european,DE8,Mecklenburg-Vorpommern,2,spd,104231.0
2940,2009-06-07,european,DE8,Mecklenburg-Vorpommern,2,tierschutz,7989.0
2941,2009-06-07,european,DE8,Mecklenburg-Vorpommern,2,violetten,1424.0
2942,2009-06-07,european,DE8,Mecklenburg-Vorpommern,2,volksabstimmung,2477.0
2943,2009-06-07,european,DE8,Mecklenburg-Vorpommern,2,volksentscheide,2093.0
2944,2009-06-07,european,DE9,Niedersachsen,0,eligible_voters,6112225.0
2945,2009-06-07,european,DE9,Niedersachsen,1,issued_ballots,2477550.0
2946,2009-06-07,european,DE9,Niedersachsen,2,50plus,4770.0
2947,2009-06-07,european,DE9,Niedersachsen,2,auf,2159.0
2948,2009-06-07,european,DE9,Niedersachsen,2,aufbruch,1700.0
2949,2009-06-07,european,DE9,Niedersachsen,2,bp,1345.0
2950,2009-06-07,european,DE9,Niedersachsen,2,bueso,547.0
2951,2009-06-07,european,DE9,Niedersachsen,2,cdu,962510.0
2952,2009-06-07,european,DE9,Niedersachsen,2,cm,2106.0
2953,2009-06-07,european,DE9,Niedersachsen,2,csu,0.0
2954,2009-06-07,european,DE9,Niedersachsen,2,dkp,1595.0
2955,2009-06-07,european,DE9,Niedersachsen,2,dvu,7645.0
2956,2009-06-07,european,DE9,Niedersachsen,2,ede,668.0
2957,2009-06-07,european,DE9,Niedersachsen,2,familie,14986.0
2958,2009-06-07,european,DE9,Niedersachsen,2,fbi,1893.0
2959,2009-06-07,european,DE9,Niedersachsen,2,fdp,251167.0
2960,2009-06-07,european,DE9,Niedersachsen,2,frauen,5391.0
2961,2009-06-07,european,DE9,Niedersachsen,2,fw,9441.0
2962,2009-06-07,european,DE9,Niedersachsen,2,grauen,4087.0
2963,2009-06-07,european,DE9,Niedersachsen,2,gruene,305758.0
2964,2009-06-07,european,DE9,Niedersachsen,2,linke,97328.0
2965,2009-06-07,european,DE9,Niedersachsen,2,newropeans,1002.0
2966,2009-06-07,european,DE9,Niedersachsen,2,oedp,3096.0
2967,2009-06-07,european,DE9,Niedersachsen,2,pbc,5700.0
2968,2009-06-07,european,DE9,Niedersachsen,2,piraten,19112.0
2969,2009-06-07,european,DE9,Niedersachsen,2,psg,592.0
2970,2009-06-07,european,DE9,Niedersachsen,2,renter,18875.0
2971,2009-06-07,european,DE9,Niedersachsen,2,rep,15982.0
2972,2009-06-07,european,DE9,Niedersachsen,2,rrp,13380.0
2973,2009-06-07,european,DE9,Niedersachsen,2,spd,668545.0
2974,2009-06-07,european,DE9,Niedersachsen,2,tierschutz,21429.0
2975,2009-06-07,european,DE9,Niedersachsen,2,violetten,2894.0
2976,2009-06-07,european,DE9,Niedersachsen,2,volksabstimmung,5326.0
2977,2009-06-07,european,DE9,Niedersachsen,2,volksentscheide,2209.0
2978,2009-06-07,european,DEA,Nordrhein-Westfalen,0,eligible_voters,13308501.0
2979,2009-06-07,european,DEA,Nordrhein-Westfalen,1,issued_ballots,5561960.0
2980,2009-06-07,european,DEA,Nordrhein-Westfalen,2,50plus,10532.0
2981,2009-06-07,european,DEA,Nordrhein-Westfalen,2,auf,5934.0
2982,2009-06-07,european,DEA,Nordrhein-Westfalen,2,aufbruch,3221.0
2983,2009-06-07,european,DEA,Nordrhein-Westfalen,2,bp,2967.0
2984,2009-06-07,european,DEA,Nordrhein-Westfalen,2,bueso,1453.0
2985,2009-06-07,european,DEA,Nordrhein-Westfalen,2,cdu,2091945.0
2986,2009-06-07,european,DEA,Nordrhein-Westfalen,2,cm,6971.0
2987,2009-06-07,european,DEA,Nordrhein-Westfalen,2,csu,0.0
2988,2009-06-07,european,DEA,Nordrhein-Westfalen,2,dkp,4757.0
2989,2009-06-07,european,DEA,Nordrhein-Westfalen,2,dvu,15406.0
2990,2009-06-07,european,DEA,Nordrhein-Westfalen,2,ede,1794.0
2991,2009-06-07,european,DEA,Nordrhein-Westfalen,2,familie,33795.0
2992,2009-06-07,european,DEA,Nordrhein-Westfalen,2,fbi,6229.0
2993,2009-06-07,european,DEA,Nordrhein-Westfalen,2,fdp,678273.0
2994,2009-06-07,european,DEA,Nordrhein-Westfalen,2,frauen,13728.0
2995,2009-06-07,european,DEA,Nordrhein-Westfalen,2,fw,19380.0
2996,2009-06-07,european,DEA,Nordrhein-Westfalen,2,grauen,8500.0
2997,2009-06-07,european,DEA,Nordrhein-Westfalen,2,gruene,688272.0
2998,2009-06-07,european,DEA,Nordrhein-Westfalen,2,linke,252475.0
2999,2009-06-07,european,DEA,Nordrhein-Westfalen,2,newropeans,2620.0
3000,2009-06-07,european,DEA,Nordrhein-Westfalen,2,oedp,9265.0
3001,2009-06-07,european,DEA,Nordrhein-Westfalen,2,pbc,11223.0
3002,2009-06-07,european,DEA,Nordrhein-Westfalen,2,piraten,45071.0
3003,2009-06-07,european,DEA,Nordrhein-Westfalen,2,psg,1476.0
3004,2009-06-07,european,DEA,Nordrhein-Westfalen,2,renter,34140.0
3005,2009-06-07,european,DEA,Nordrhein-Westfalen,2,rep,52777.0
3006,2009-06-07,european,DEA,Nordrhein-Westfalen,2,rrp,14935.0
3007,2009-06-07,european,DEA,Nordrhein-Westfalen,2,spd,1410141.0
3008,2009-06-07,european,DEA,Nordrhein-Westfalen,2,tierschutz,52410.0
3009,2009-06-07,european,DEA,Nordrhein-Westfalen,2,violetten,7403.0
3010,2009-06-07,european,DEA,Nordrhein-Westfalen,2,volksabstimmung,12304.0
3011,2009-06-07,european,DEA,Nordrhein-Westfalen,2,volksentscheide,4603.0
3012,2009-06-07,european,DEB,Rheinland-Pfalz,0,eligible_voters,3104297.0
3013,2009-06-07,european,DEB,Rheinland-Pfalz,1,issued_ballots,1726377.0
3014,2009-06-07,european,DEB,Rheinland-Pfalz,2,50plus,4336.0
3015,2009-06-07,european,DEB,Rheinland-Pfalz,2,auf,1840.0
3016,2009-06-07,european,DEB,Rheinland-Pfalz,2,aufbruch,1800.0
3017,2009-06-07,european,DEB,Rheinland-Pfalz,2,bp,1325.0
3018,2009-06-07,european,DEB,Rheinland-Pfalz,2,bueso,476.0
3019,2009-06-07,european,DEB,Rheinland-Pfalz,2,cdu,660252.0
3020,2009-06-07,european,DEB,Rheinland-Pfalz,2,cm,2269.0
3021,2009-06-07,european,DEB,Rheinland-Pfalz,2,csu,0.0
3022,2009-06-07,european,DEB,Rheinland-Pfalz,2,dkp,962.0
3023,2009-06-07,european,DEB,Rheinland-Pfalz,2,dvu,3648.0
3024,2009-06-07,european,DEB,Rheinland-Pfalz,2,ede,549.0
3025,2009-06-07,european,DEB,Rheinland-Pfalz,2,familie,14714.0
3026,2009-06-07,european,DEB,Rheinland-Pfalz,2,fbi,1533.0
3027,2009-06-07,european,DEB,Rheinland-Pfalz,2,fdp,184838.0
3028,2009-06-07,european,DEB,Rheinland-Pfalz,2,frauen,5601.0
3029,2009-06-07,european,DEB,Rheinland-Pfalz,2,fw,18487.0
3030,2009-06-07,european,DEB,Rheinland-Pfalz,2,grauen,2786.0
3031,2009-06-07,european,DEB,Rheinland-Pfalz,2,gruene,157966.0
3032,2009-06-07,european,DEB,Rheinland-Pfalz,2,linke,57455.0
3033,2009-06-07,european,DEB,Rheinland-Pfalz,2,newropeans,780.0
3034,2009-06-07,european,DEB,Rheinland-Pfalz,2,oedp,4672.0
3035,2009-06-07,european,DEB,Rheinland-Pfalz,2,pbc,5707.0
3036,2009-06-07,european,DEB,Rheinland-Pfalz,2,piraten,13648.0
3037,2009-06-07,european,DEB,Rheinland-Pfalz,2,psg,411.0
3038,2009-06-07,european,DEB,Rheinland-Pfalz,2,renter,12716.0
3039,2009-06-07,european,DEB,Rheinland-Pfalz,2,rep,32623.0
3040,2009-06-07,european,DEB,Rheinland-Pfalz,2,rrp,5754.0
3041,2009-06-07,european,DEB,Rheinland-Pfalz,2,spd,426272.0
3042,2009-06-07,european,DEB,Rheinland-Pfalz,2,tierschutz,24046.0
3043,2009-06-07,european,DEB,Rheinland-Pfalz,2,violetten,2868.0
3044,2009-06-07,european,DEB,Rheinland-Pfalz,2,volksabstimmung,4353.0
3045,2009-06-07,european,DEB,Rheinland-Pfalz,2,volksentscheide,2348.0
3046,2009-06-07,european,DEC,Saarland,0,eligible_voters,809356.0
3047,2009-06-07,european,DEC,Saarland,1,issued_ballots,474318.0
3048,2009-06-07,european,DEC,Saarland,2,50plus,1168.0
3049,2009-06-07,european,DEC,Saarland,2,auf,723.0
3050,2009-06-07,european,DEC,Saarland,2,aufbruch,451.0
3051,2009-06-07,european,DEC,Saarland,2,bp,246.0
3052,2009-06-07,european,DEC,Saarland,2,bueso,82.0
3053,2009-06-07,european,DEC,Saarland,2,cdu,162696.0
3054,2009-06-07,european,DEC,Saarland,2,cm,748.0
3055,2009-06-07,european,DEC,Saarland,2,csu,0.0
3056,2009-06-07,european,DEC,Saarland,2,dkp,450.0
3057,2009-06-07,european,DEC,Saarland,2,dvu,1675.0
3058,2009-06-07,european,DEC,Saarland,2,ede,115.0
3059,2009-06-07,european,DEC,Saarland,2,familie,8396.0
3060,2009-06-07,european,DEC,Saarland,2,fbi,484.0
3061,2009-06-07,european,DEC,Saarland,2,fdp,36536.0
3062,2009-06-07,european,DEC,Saarland,2,frauen,1754.0
3063,2009-06-07,european,DEC,Saarland,2,fw,4738.0
3064,2009-06-07,european,DEC,Saarland,2,grauen,1014.0
3065,2009-06-07,european,DEC,Saarland,2,gruene,34860.0
3066,2009-06-07,european,DEC,Saarland,2,linke,54570.0
3067,2009-06-07,european,DEC,Saarland,2,newropeans,198.0
3068,2009-06-07,european,DEC,Saarland,2,oedp,496.0
3069,2009-06-07,european,DEC,Saarland,2,pbc,326.0
3070,2009-06-07,european,DEC,Saarland,2,piraten,3856.0
3071,2009-06-07,european,DEC,Saarland,2,psg,95.0
3072,2009-06-07,european,DEC,Saarland,2,renter,3763.0
3073,2009-06-07,european,DEC,Saarland,2,rep,3172.0
3074,2009-06-07,european,DEC,Saarland,2,rrp,1253.0
3075,2009-06-07,european,DEC,Saarland,2,spd,120676.0
3076,2009-06-07,european,DEC,Saarland,2,tierschutz,6619.0
3077,2009-06-07,european,DEC,Saarland,2,violetten,805.0
3078,2009-06-07,european,DEC,Saarland,2,volksabstimmung,1072.0
3079,2009-06-07,european,DEC,Saarland,2,volksentscheide,411.0
3080,2009-06-07,european,DED,Sachsen,0,eligible_voters,3526777.0
3081,2009-06-07,european,DED,Sachsen,1,issued_ballots,1677354.0
3082,2009-06-07,european,DED,Sachsen,2,50plus,8655.0
3083,2009-06-07,european,DED,Sachsen,2,auf,4706.0
3084,2009-06-07,european,DED,Sachsen,2,aufbruch,3987.0
3085,2009-06-07,european,DED,Sachsen,2,bp,1155.0
3086,2009-06-07,european,DED,Sachsen,2,bueso,1858.0
3087,2009-06-07,european,DED,Sachsen,2,cdu,567231.0
3088,2009-06-07,european,DED,Sachsen,2,cm,3531.0
3089,2009-06-07,european,DED,Sachsen,2,csu,0.0
3090,2009-06-07,european,DED,Sachsen,2,dkp,2555.0
3091,2009-06-07,european,DED,Sachsen,2,dvu,18423.0
3092,2009-06-07,european,DED,Sachsen,2,ede,1087.0
3093,2009-06-07,european,DED,Sachsen,2,familie,30084.0
3094,2009-06-07,european,DED,Sachsen,2,fbi,3757.0
3095,2009-06-07,european,DED,Sachsen,2,fdp,157530.0
3096,2009-06-07,european,DED,Sachsen,2,frauen,10214.0
3097,2009-06-07,european,DED,Sachsen,2,fw,23555.0
3098,2009-06-07,european,DED,Sachsen,2,grauen,6044.0
3099,2009-06-07,european,DED,Sachsen,2,gruene,107621.0
3100,2009-06-07,european,DED,Sachsen,2,linke,321988.0
3101,2009-06-07,european,DED,Sachsen,2,newropeans,1111.0
3102,2009-06-07,european,DED,Sachsen,2,oedp,2270.0
3103,2009-06-07,european,DED,Sachsen,2,pbc,8928.0
3104,2009-06-07,european,DED,Sachsen,2,piraten,17905.0
3105,2009-06-07,european,DED,Sachsen,2,psg,1165.0
3106,2009-06-07,european,DED,Sachsen,2,renter,24093.0
3107,2009-06-07,european,DED,Sachsen,2,rep,41389.0
3108,2009-06-07,european,DED,Sachsen,2,rrp,6689.0
3109,2009-06-07,european,DED,Sachsen,2,spd,188503.0
3110,2009-06-07,european,DED,Sachsen,2,tierschutz,25003.0
3111,2009-06-07,european,DED,Sachsen,2,violetten,3785.0
3112,2009-06-07,european,DED,Sachsen,2,volksabstimmung,6871.0
3113,2009-06-07,european,DED,Sachsen,2,volksentscheide,3863.0
3114,2009-06-07,european,DEE,Sachsen-Anhalt,0,eligible_voters,2035415.0
3115,2009-06-07,european,DEE,Sachsen-Anhalt,1,issued_ballots,769490.0
3116,2009-06-07,european,DEE,Sachsen-Anhalt,2,50plus,3368.0
3117,2009-06-07,european,DEE,Sachsen-Anhalt,2,auf,1921.0
3118,2009-06-07,european,DEE,Sachsen-Anhalt,2,aufbruch,2248.0
3119,2009-06-07,european,DEE,Sachsen-Anhalt,2,bp,1007.0
3120,2009-06-07,european,DEE,Sachsen-Anhalt,2,bueso,879.0
3121,2009-06-07,european,DEE,Sachsen-Anhalt,2,cdu,213731.0
3122,2009-06-07,european,DEE,Sachsen-Anhalt,2,cm,2092.0
3123,2009-06-07,european,DEE,Sachsen-Anhalt,2,csu,0.0
3124,2009-06-07,european,DEE,Sachsen-Anhalt,2,dkp,1955.0
3125,2009-06-07,european,DEE,Sachsen-Anhalt,2,dvu,7593.0
3126,2009-06-07,european,DEE,Sachsen-Anhalt,2,ede,740.0
3127,2009-06-07,european,DEE,Sachsen-Anhalt,2,familie,18784.0
3128,2009-06-07,european,DEE,Sachsen-Anhalt,2,fbi,1889.0
3129,2009-06-07,european,DEE,Sachsen-Anhalt,2,fdp,62900.0
3130,2009-06-07,european,DEE,Sachsen-Anhalt,2,frauen,5386.0
3131,2009-06-07,european,DEE,Sachsen-Anhalt,2,fw,4398.0
3132,2009-06-07,european,DEE,Sachsen-Anhalt,2,grauen,3232.0
3133,2009-06-07,european,DEE,Sachsen-Anhalt,2,gruene,39882.0
3134,2009-06-07,european,DEE,Sachsen-Anhalt,2,linke,173385.0
3135,2009-06-07,european,DEE,Sachsen-Anhalt,2,newropeans,499.0
3136,2009-06-07,european,DEE,Sachsen-Anhalt,2,oedp,1586.0
3137,2009-06-07,european,DEE,Sachsen-Anhalt,2,pbc,1507.0
3138,2009-06-07,european,DEE,Sachsen-Anhalt,2,piraten,6113.0
3139,2009-06-07,european,DEE,Sachsen-Anhalt,2,psg,1023.0
3140,2009-06-07,european,DEE,Sachsen-Anhalt,2,renter,9968.0
3141,2009-06-07,european,DEE,Sachsen-Anhalt,2,rep,9055.0
3142,2009-06-07,european,DEE,Sachsen-Anhalt,2,rrp,6662.0
3143,2009-06-07,european,DEE,Sachsen-Anhalt,2,spd,132868.0
3144,2009-06-07,european,DEE,Sachsen-Anhalt,2,tierschutz,13117.0
3145,2009-06-07,european,DEE,Sachsen-Anhalt,2,violetten,1239.0
3146,2009-06-07,european,DEE,Sachsen-Anhalt,2,volksabstimmung,2315.0
3147,2009-06-07,european,DEE,Sachsen-Anhalt,2,volksentscheide,2731.0
3148,2009-06-07,european,DEF,Schleswig-Holstein,0,eligible_voters,2233570.0
3149,2009-06-07,european,DEF,Schleswig-Holstein,1,issued_ballots,822149.0
3150,2009-06-07,european,DEF,Schleswig-Holstein,2,50plus,1873.0
3151,2009-06-07,european,DEF,Schleswig-Holstein,2,auf,883.0
3152,2009-06-07,european,DEF,Schleswig-Holstein,2,aufbruch,577.0
3153,2009-06-07,european,DEF,Schleswig-Holstein,2,bp,421.0
3154,2009-06-07,european,DEF,Schleswig-Holstein,2,bueso,179.0
3155,2009-06-07,european,DEF,Schleswig-Holstein,2,cdu,308368.0
3156,2009-06-07,european,DEF,Schleswig-Holstein,2,cm,518.0
3157,2009-06-07,european,DEF,Schleswig-Holstein,2,csu,0.0
3158,2009-06-07,european,DEF,Schleswig-Holstein,2,dkp,696.0
3159,2009-06-07,european,DEF,Schleswig-Holstein,2,dvu,2895.0
3160,2009-06-07,european,DEF,Schleswig-Holstein,2,ede,254.0
3161,2009-06-07,european,DEF,Schleswig-Holstein,2,familie,7494.0
3162,2009-06-07,european,DEF,Schleswig-Holstein,2,fbi,592.0
3163,2009-06-07,european,DEF,Schleswig-Holstein,2,fdp,102891.0
3164,2009-06-07,european,DEF,Schleswig-Holstein,2,frauen,2095.0
3165,2009-06-07,european,DEF,Schleswig-Holstein,2,fw,4261.0
3166,2009-06-07,european,DEF,Schleswig-Holstein,2,grauen,1777.0
3167,2009-06-07,european,DEF,Schleswig-Holstein,2,gruene,109768.0
3168,2009-06-07,european,DEF,Schleswig-Holstein,2,linke,31715.0
3169,2009-06-07,european,DEF,Schleswig-Holstein,2,newropeans,379.0
3170,2009-06-07,european,DEF,Schleswig-Holstein,2,oedp,1194.0
3171,2009-06-07,european,DEF,Schleswig-Holstein,2,pbc,1484.0
3172,2009-06-07,european,DEF,Schleswig-Holstein,2,piraten,7621.0
3173,2009-06-07,european,DEF,Schleswig-Holstein,2,psg,173.0
3174,2009-06-07,european,DEF,Schleswig-Holstein,2,renter,7435.0
3175,2009-06-07,european,DEF,Schleswig-Holstein,2,rep,3109.0
3176,2009-06-07,european,DEF,Schleswig-Holstein,2,rrp,3208.0
3177,2009-06-07,european,DEF,Schleswig-Holstein,2,spd,200370.0
3178,2009-06-07,european,DEF,Schleswig-Holstein,2,tierschutz,7548.0
3179,2009-06-07,european,DEF,Schleswig-Holstein,2,violetten,1356.0
3180,2009-06-07,european,DEF,Schleswig-Holstein,2,volksabstimmung,1454.0
3181,2009-06-07,european,DEF,Schleswig-Holstein,2,volksentscheide,688.0
3182,2009-06-07,european,DEG,Thüringen,0,eligible_voters,1918215.0
3183,2009-06-07,european,DEG,Thüringen,1,issued_ballots,1017160.0
3184,2009-06-07,european,DEG,Thüringen,2,50plus,4789.0
3185,2009-06-07,european,DEG,Thüringen,2,auf,2471.0
3186,2009-06-07,european,DEG,Thüringen,2,aufbruch,2488.0
3187,2009-06-07,european,DEG,Thüringen,2,bp,627.0
3188,2009-06-07,european,DEG,Thüringen,2,bueso,562.0
3189,2009-06-07,european,DEG,Thüringen,2,cdu,304858.0
3190,2009-06-07,european,DEG,Thüringen,2,cm,1081.0
3191,2009-06-07,european,DEG,Thüringen,2,csu,0.0
3192,2009-06-07,european,DEG,Thüringen,2,dkp,1515.0
3193,2009-06-07,european,DEG,Thüringen,2,dvu,8197.0
3194,2009-06-07,european,DEG,Thüringen,2,ede,390.0
3195,2009-06-07,european,DEG,Thüringen,2,familie,23099.0
3196,2009-06-07,european,DEG,Thüringen,2,fbi,2270.0
3197,2009-06-07,european,DEG,Thüringen,2,fdp,80085.0
3198,2009-06-07,european,DEG,Thüringen,2,frauen,7042.0
3199,2009-06-07,european,DEG,Thüringen,2,fw,16855.0
3200,2009-06-07,european,DEG,Thüringen,2,grauen,2757.0
3201,2009-06-07,european,DEG,Thüringen,2,gruene,56473.0
3202,2009-06-07,european,DEG,Thüringen,2,linke,232995.0
3203,2009-06-07,european,DEG,Thüringen,2,newropeans,423.0
3204,2009-06-07,european,DEG,Thüringen,2,oedp,1467.0
3205,2009-06-07,european,DEG,Thüringen,2,pbc,1608.0
3206,2009-06-07,european,DEG,Thüringen,2,piraten,8910.0
3207,2009-06-07,european,DEG,Thüringen,2,psg,500.0
3208,2009-06-07,european,DEG,Thüringen,2,renter,13949.0
3209,2009-06-07,european,DEG,Thüringen,2,rep,21765.0
3210,2009-06-07,european,DEG,Thüringen,2,rrp,3416.0
3211,2009-06-07,european,DEG,Thüringen,2,spd,153918.0
3212,2009-06-07,european,DEG,Thüringen,2,tierschutz,16072.0
3213,2009-06-07,european,DEG,Thüringen,2,violetten,1921.0
3214,2009-06-07,european,DEG,Thüringen,2,volksabstimmung,4945.0
3215,2009-06-07,european,DEG,Thüringen,2,volksentscheide,2204.0
3216,2009-09-27,parliament,DE1,Baden-Württemberg,0,eligible_voters,7633818.0
3217,2009-09-27,parliament,DE1,Baden-Württemberg,1,issued_ballots,5530242.0
3218,2009-09-27,parliament,DE1,Baden-Württemberg,2,adm,2889.0
3219,2009-09-27,parliament,DE1,Baden-Württemberg,2,bp,0.0
3220,2009-09-27,parliament,DE1,Baden-Württemberg,2,bueso,2872.0
3221,2009-09-27,parliament,DE1,Baden-Württemberg,2,cdu,1874481.0
3222,2009-09-27,parliament,DE1,Baden-Württemberg,2,cm,0.0
3223,2009-09-27,parliament,DE1,Baden-Württemberg,2,csu,0.0
3224,2009-09-27,parliament,DE1,Baden-Württemberg,2,dkp,0.0
3225,2009-09-27,parliament,DE1,Baden-Württemberg,2,dvu,3473.0
3226,2009-09-27,parliament,DE1,Baden-Württemberg,2,familie,0.0
3227,2009-09-27,parliament,DE1,Baden-Württemberg,2,fdp,1022958.0
3228,2009-09-27,parliament,DE1,Baden-Württemberg,2,fwd,0.0
3229,2009-09-27,parliament,DE1,Baden-Württemberg,2,gruene,755648.0
3230,2009-09-27,parliament,DE1,Baden-Württemberg,2,linke,389637.0
3231,2009-09-27,parliament,DE1,Baden-Württemberg,2,mlpd,3640.0
3232,2009-09-27,parliament,DE1,Baden-Württemberg,2,npd,61575.0
3233,2009-09-27,parliament,DE1,Baden-Württemberg,2,oedp,24525.0
3234,2009-09-27,parliament,DE1,Baden-Württemberg,2,pbc,24430.0
3235,2009-09-27,parliament,DE1,Baden-Württemberg,2,piraten,112006.0
3236,2009-09-27,parliament,DE1,Baden-Württemberg,2,psg,0.0
3237,2009-09-27,parliament,DE1,Baden-Württemberg,2,renter,0.0
3238,2009-09-27,parliament,DE1,Baden-Württemberg,2,rep,48693.0
3239,2009-09-27,parliament,DE1,Baden-Württemberg,2,rrp,0.0
3240,2009-09-27,parliament,DE1,Baden-Württemberg,2,spd,1051198.0
3241,2009-09-27,parliament,DE1,Baden-Württemberg,2,tierschutz,37823.0
3242,2009-09-27,parliament,DE1,Baden-Württemberg,2,violetten,12593.0
3243,2009-09-27,parliament,DE1,Baden-Württemberg,2,volksabstimmung,13648.0
3244,2009-09-27,parliament,DE1,Baden-Württemberg,2,zentrum,0.0
3245,2009-09-27,parliament,DE2,Bayern,0,eligible_voters,9382583.0
3246,2009-09-27,parliament,DE2,Bayern,1,issued_ballots,6720532.0
3247,2009-09-27,parliament,DE2,Bayern,2,adm,0.0
3248,2009-09-27,parliament,DE2,Bayern,2,bp,48311.0
3249,2009-09-27,parliament,DE2,Bayern,2,bueso,3305.0
3250,2009-09-27,parliament,DE2,Bayern,2,cdu,0.0
3251,2009-09-27,parliament,DE2,Bayern,2,cm,6826.0
3252,2009-09-27,parliament,DE2,Bayern,2,csu,2830238.0
3253,2009-09-27,parliament,DE2,Bayern,2,dkp,0.0
3254,2009-09-27,parliament,DE2,Bayern,2,dvu,3491.0
3255,2009-09-27,parliament,DE2,Bayern,2,familie,44421.0
3256,2009-09-27,parliament,DE2,Bayern,2,fdp,976379.0
3257,2009-09-27,parliament,DE2,Bayern,2,fwd,0.0
3258,2009-09-27,parliament,DE2,Bayern,2,gruene,719265.0
3259,2009-09-27,parliament,DE2,Bayern,2,linke,429371.0
3260,2009-09-27,parliament,DE2,Bayern,2,mlpd,1769.0
3261,2009-09-27,parliament,DE2,Bayern,2,npd,87591.0
3262,2009-09-27,parliament,DE2,Bayern,2,oedp,75866.0
3263,2009-09-27,parliament,DE2,Bayern,2,pbc,9262.0
3264,2009-09-27,parliament,DE2,Bayern,2,piraten,135790.0
3265,2009-09-27,parliament,DE2,Bayern,2,psg,0.0
3266,2009-09-27,parliament,DE2,Bayern,2,renter,0.0
3267,2009-09-27,parliament,DE2,Bayern,2,rep,54588.0
3268,2009-09-27,parliament,DE2,Bayern,2,rrp,48458.0
3269,2009-09-27,parliament,DE2,Bayern,2,spd,1120018.0
3270,2009-09-27,parliament,DE2,Bayern,2,tierschutz,43215.0
3271,2009-09-27,parliament,DE2,Bayern,2,violetten,13872.0
3272,2009-09-27,parliament,DE2,Bayern,2,volksabstimmung,0.0
3273,2009-09-27,parliament,DE2,Bayern,2,zentrum,0.0
3274,2009-09-27,parliament,DE3,Berlin,0,eligible_voters,2471665.0
3275,2009-09-27,parliament,DE3,Berlin,1,issued_ballots,1752839.0
3276,2009-09-27,parliament,DE3,Berlin,2,adm,0.0
3277,2009-09-27,parliament,DE3,Berlin,2,bp,0.0
3278,2009-09-27,parliament,DE3,Berlin,2,bueso,4709.0
3279,2009-09-27,parliament,DE3,Berlin,2,cdu,393180.0
3280,2009-09-27,parliament,DE3,Berlin,2,cm,0.0
3281,2009-09-27,parliament,DE3,Berlin,2,csu,0.0
3282,2009-09-27,parliament,DE3,Berlin,2,dkp,1894.0
3283,2009-09-27,parliament,DE3,Berlin,2,dvu,2275.0
3284,2009-09-27,parliament,DE3,Berlin,2,familie,0.0
3285,2009-09-27,parliament,DE3,Berlin,2,fdp,198516.0
3286,2009-09-27,parliament,DE3,Berlin,2,fwd,0.0
3287,2009-09-27,parliament,DE3,Berlin,2,gruene,299535.0
3288,2009-09-27,parliament,DE3,Berlin,2,linke,348661.0
3289,2009-09-27,parliament,DE3,Berlin,2,mlpd,1111.0
3290,2009-09-27,parliament,DE3,Berlin,2,npd,27799.0
3291,2009-09-27,parliament,DE3,Berlin,2,oedp,3220.0
3292,2009-09-27,parliament,DE3,Berlin,2,pbc,0.0
3293,2009-09-27,parliament,DE3,Berlin,2,piraten,58062.0
3294,2009-09-27,parliament,DE3,Berlin,2,psg,1420.0
3295,2009-09-27,parliament,DE3,Berlin,2,renter,0.0
3296,2009-09-27,parliament,DE3,Berlin,2,rep,5921.0
3297,2009-09-27,parliament,DE3,Berlin,2,rrp,0.0
3298,2009-09-27,parliament,DE3,Berlin,2,spd,348082.0
3299,2009-09-27,parliament,DE3,Berlin,2,tierschutz,23528.0
3300,2009-09-27,parliament,DE3,Berlin,2,violetten,5492.0
3301,2009-09-27,parliament,DE3,Berlin,2,volksabstimmung,0.0
3302,2009-09-27,parliament,DE3,Berlin,2,zentrum,0.0
3303,2009-09-27,parliament,DE4,Brandenburg,0,eligible_voters,2128715.0
3304,2009-09-27,parliament,DE4,Brandenburg,1,issued_ballots,1425302.0
3305,2009-09-27,parliament,DE4,Brandenburg,2,adm,0.0
3306,2009-09-27,parliament,DE4,Brandenburg,2,bp,0.0
3307,2009-09-27,parliament,DE4,Brandenburg,2,bueso,2889.0
3308,2009-09-27,parliament,DE4,Brandenburg,2,cdu,327454.0
3309,2009-09-27,parliament,DE4,Brandenburg,2,cm,0.0
3310,2009-09-27,parliament,DE4,Brandenburg,2,csu,0.0
3311,2009-09-27,parliament,DE4,Brandenburg,2,dkp,0.0
3312,2009-09-27,parliament,DE4,Brandenburg,2,dvu,13042.0
3313,2009-09-27,parliament,DE4,Brandenburg,2,familie,0.0
3314,2009-09-27,parliament,DE4,Brandenburg,2,fdp,129642.0
3315,2009-09-27,parliament,DE4,Brandenburg,2,fwd,11243.0
3316,2009-09-27,parliament,DE4,Brandenburg,2,gruene,84567.0
3317,2009-09-27,parliament,DE4,Brandenburg,2,linke,395566.0
3318,2009-09-27,parliament,DE4,Brandenburg,2,mlpd,1621.0
3319,2009-09-27,parliament,DE4,Brandenburg,2,npd,35396.0
3320,2009-09-27,parliament,DE4,Brandenburg,2,oedp,0.0
3321,2009-09-27,parliament,DE4,Brandenburg,2,pbc,0.0
3322,2009-09-27,parliament,DE4,Brandenburg,2,piraten,34832.0
3323,2009-09-27,parliament,DE4,Brandenburg,2,psg,0.0
3324,2009-09-27,parliament,DE4,Brandenburg,2,renter,0.0
3325,2009-09-27,parliament,DE4,Brandenburg,2,rep,3084.0
3326,2009-09-27,parliament,DE4,Brandenburg,2,rrp,0.0
3327,2009-09-27,parliament,DE4,Brandenburg,2,spd,348216.0
3328,2009-09-27,parliament,DE4,Brandenburg,2,tierschutz,0.0
3329,2009-09-27,parliament,DE4,Brandenburg,2,violetten,0.0
3330,2009-09-27,parliament,DE4,Brandenburg,2,volksabstimmung,0.0
3331,2009-09-27,parliament,DE4,Brandenburg,2,zentrum,0.0
3332,2009-09-27,parliament,DE5,Bremen,0,eligible_voters,487978.0
3333,2009-09-27,parliament,DE5,Bremen,1,issued_ballots,343027.0
3334,2009-09-27,parliament,DE5,Bremen,2,adm,0.0
3335,2009-09-27,parliament,DE5,Bremen,2,bp,0.0
3336,2009-09-27,parliament,DE5,Bremen,2,bueso,0.0
3337,2009-09-27,parliament,DE5,Bremen,2,cdu,80964.0
3338,2009-09-27,parliament,DE5,Bremen,2,cm,0.0
3339,2009-09-27,parliament,DE5,Bremen,2,csu,0.0
3340,2009-09-27,parliament,DE5,Bremen,2,dkp,0.0
3341,2009-09-27,parliament,DE5,Bremen,2,dvu,1030.0
3342,2009-09-27,parliament,DE5,Bremen,2,familie,0.0
3343,2009-09-27,parliament,DE5,Bremen,2,fdp,35968.0
3344,2009-09-27,parliament,DE5,Bremen,2,fwd,0.0
3345,2009-09-27,parliament,DE5,Bremen,2,gruene,52283.0
3346,2009-09-27,parliament,DE5,Bremen,2,linke,48369.0
3347,2009-09-27,parliament,DE5,Bremen,2,mlpd,216.0
3348,2009-09-27,parliament,DE5,Bremen,2,npd,3612.0
3349,2009-09-27,parliament,DE5,Bremen,2,oedp,0.0
3350,2009-09-27,parliament,DE5,Bremen,2,pbc,855.0
3351,2009-09-27,parliament,DE5,Bremen,2,piraten,8174.0
3352,2009-09-27,parliament,DE5,Bremen,2,psg,0.0
3353,2009-09-27,parliament,DE5,Bremen,2,renter,0.0
3354,2009-09-27,parliament,DE5,Bremen,2,rep,577.0
3355,2009-09-27,parliament,DE5,Bremen,2,rrp,4144.0
3356,2009-09-27,parliament,DE5,Bremen,2,spd,102419.0
3357,2009-09-27,parliament,DE5,Bremen,2,tierschutz,0.0
3358,2009-09-27,parliament,DE5,Bremen,2,violetten,0.0
3359,2009-09-27,parliament,DE5,Bremen,2,volksabstimmung,0.0
3360,2009-09-27,parliament,DE5,Bremen,2,zentrum,0.0
3361,2009-09-27,parliament,DE6,Hamburg,0,eligible_voters,1256634.0
3362,2009-09-27,parliament,DE6,Hamburg,1,issued_ballots,896053.0
3363,2009-09-27,parliament,DE6,Hamburg,2,adm,0.0
3364,2009-09-27,parliament,DE6,Hamburg,2,bp,0.0
3365,2009-09-27,parliament,DE6,Hamburg,2,bueso,0.0
3366,2009-09-27,parliament,DE6,Hamburg,2,cdu,246667.0
3367,2009-09-27,parliament,DE6,Hamburg,2,cm,0.0
3368,2009-09-27,parliament,DE6,Hamburg,2,csu,0.0
3369,2009-09-27,parliament,DE6,Hamburg,2,dkp,0.0
3370,2009-09-27,parliament,DE6,Hamburg,2,dvu,1184.0
3371,2009-09-27,parliament,DE6,Hamburg,2,familie,0.0
3372,2009-09-27,parliament,DE6,Hamburg,2,fdp,117143.0
3373,2009-09-27,parliament,DE6,Hamburg,2,fwd,0.0
3374,2009-09-27,parliament,DE6,Hamburg,2,gruene,138454.0
3375,2009-09-27,parliament,DE6,Hamburg,2,linke,99096.0
3376,2009-09-27,parliament,DE6,Hamburg,2,mlpd,445.0
3377,2009-09-27,parliament,DE6,Hamburg,2,npd,7679.0
3378,2009-09-27,parliament,DE6,Hamburg,2,oedp,2988.0
3379,2009-09-27,parliament,DE6,Hamburg,2,pbc,0.0
3380,2009-09-27,parliament,DE6,Hamburg,2,piraten,23168.0
3381,2009-09-27,parliament,DE6,Hamburg,2,psg,0.0
3382,2009-09-27,parliament,DE6,Hamburg,2,renter,6572.0
3383,2009-09-27,parliament,DE6,Hamburg,2,rep,0.0
3384,2009-09-27,parliament,DE6,Hamburg,2,rrp,0.0
3385,2009-09-27,parliament,DE6,Hamburg,2,spd,242942.0
3386,2009-09-27,parliament,DE6,Hamburg,2,tierschutz,0.0
3387,2009-09-27,parliament,DE6,Hamburg,2,violetten,0.0
3388,2009-09-27,parliament,DE6,Hamburg,2,volksabstimmung,0.0
3389,2009-09-27,parliament,DE6,Hamburg,2,zentrum,0.0
3390,2009-09-27,parliament,DE7,Hessen,0,eligible_voters,4398919.0
3391,2009-09-27,parliament,DE7,Hessen,1,issued_ballots,3244641.0
3392,2009-09-27,parliament,DE7,Hessen,2,adm,0.0
3393,2009-09-27,parliament,DE7,Hessen,2,bp,0.0
3394,2009-09-27,parliament,DE7,Hessen,2,bueso,3746.0
3395,2009-09-27,parliament,DE7,Hessen,2,cdu,1022822.0
3396,2009-09-27,parliament,DE7,Hessen,2,cm,0.0
3397,2009-09-27,parliament,DE7,Hessen,2,csu,0.0
3398,2009-09-27,parliament,DE7,Hessen,2,dkp,0.0
3399,2009-09-27,parliament,DE7,Hessen,2,dvu,2516.0
3400,2009-09-27,parliament,DE7,Hessen,2,familie,0.0
3401,2009-09-27,parliament,DE7,Hessen,2,fdp,527432.0
3402,2009-09-27,parliament,DE7,Hessen,2,fwd,0.0
3403,2009-09-27,parliament,DE7,Hessen,2,gruene,381948.0
3404,2009-09-27,parliament,DE7,Hessen,2,linke,271455.0
3405,2009-09-27,parliament,DE7,Hessen,2,mlpd,1137.0
3406,2009-09-27,parliament,DE7,Hessen,2,npd,35929.0
3407,2009-09-27,parliament,DE7,Hessen,2,oedp,0.0
3408,2009-09-27,parliament,DE7,Hessen,2,pbc,0.0
3409,2009-09-27,parliament,DE7,Hessen,2,piraten,66708.0
3410,2009-09-27,parliament,DE7,Hessen,2,psg,0.0
3411,2009-09-27,parliament,DE7,Hessen,2,renter,0.0
3412,2009-09-27,parliament,DE7,Hessen,2,rep,19240.0
3413,2009-09-27,parliament,DE7,Hessen,2,rrp,0.0
3414,2009-09-27,parliament,DE7,Hessen,2,spd,812721.0
3415,2009-09-27,parliament,DE7,Hessen,2,tierschutz,31917.0
3416,2009-09-27,parliament,DE7,Hessen,2,violetten,0.0
3417,2009-09-27,parliament,DE7,Hessen,2,volksabstimmung,0.0
3418,2009-09-27,parliament,DE7,Hessen,2,zentrum,0.0
3419,2009-09-27,parliament,DE8,Mecklenburg-Vorpommern,0,eligible_voters,1400298.0
3420,2009-09-27,parliament,DE8,Mecklenburg-Vorpommern,1,issued_ballots,882176.0
3421,2009-09-27,parliament,DE8,Mecklenburg-Vorpommern,2,adm,0.0
3422,2009-09-27,parliament,DE8,Mecklenburg-Vorpommern,2,bp,0.0
3423,2009-09-27,parliament,DE8,Mecklenburg-Vorpommern,2,bueso,0.0
3424,2009-09-27,parliament,DE8,Mecklenburg-Vorpommern,2,cdu,287481.0
3425,2009-09-27,parliament,DE8,Mecklenburg-Vorpommern,2,cm,0.0
3426,2009-09-27,parliament,DE8,Mecklenburg-Vorpommern,2,csu,0.0
3427,2009-09-27,parliament,DE8,Mecklenburg-Vorpommern,2,dkp,0.0
3428,2009-09-27,parliament,DE8,Mecklenburg-Vorpommern,2,dvu,0.0
3429,2009-09-27,parliament,DE8,Mecklenburg-Vorpommern,2,familie,0.0
3430,2009-09-27,parliament,DE8,Mecklenburg-Vorpommern,2,fdp,85203.0
3431,2009-09-27,parliament,DE8,Mecklenburg-Vorpommern,2,fwd,0.0
3432,2009-09-27,parliament,DE8,Mecklenburg-Vorpommern,2,gruene,47841.0
3433,2009-09-27,parliament,DE8,Mecklenburg-Vorpommern,2,linke,251536.0
3434,2009-09-27,parliament,DE8,Mecklenburg-Vorpommern,2,mlpd,1730.0
3435,2009-09-27,parliament,DE8,Mecklenburg-Vorpommern,2,npd,28223.0
3436,2009-09-27,parliament,DE8,Mecklenburg-Vorpommern,2,oedp,0.0
3437,2009-09-27,parliament,DE8,Mecklenburg-Vorpommern,2,pbc,0.0
3438,2009-09-27,parliament,DE8,Mecklenburg-Vorpommern,2,piraten,20063.0
3439,2009-09-27,parliament,DE8,Mecklenburg-Vorpommern,2,psg,0.0
3440,2009-09-27,parliament,DE8,Mecklenburg-Vorpommern,2,renter,0.0
3441,2009-09-27,parliament,DE8,Mecklenburg-Vorpommern,2,rep,1583.0
3442,2009-09-27,parliament,DE8,Mecklenburg-Vorpommern,2,rrp,0.0
3443,2009-09-27,parliament,DE8,Mecklenburg-Vorpommern,2,spd,143607.0
3444,2009-09-27,parliament,DE8,Mecklenburg-Vorpommern,2,tierschutz,0.0
3445,2009-09-27,parliament,DE8,Mecklenburg-Vorpommern,2,violetten,0.0
3446,2009-09-27,parliament,DE8,Mecklenburg-Vorpommern,2,volksabstimmung,0.0
3447,2009-09-27,parliament,DE8,Mecklenburg-Vorpommern,2,zentrum,0.0
3448,2009-09-27,parliament,DE9,Niedersachsen,0,eligible_voters,6112110.0
3449,2009-09-27,parliament,DE9,Niedersachsen,1,issued_ballots,4482349.0
3450,2009-09-27,parliament,DE9,Niedersachsen,2,adm,0.0
3451,2009-09-27,parliament,DE9,Niedersachsen,2,bp,0.0
3452,2009-09-27,parliament,DE9,Niedersachsen,2,bueso,0.0
3453,2009-09-27,parliament,DE9,Niedersachsen,2,cdu,1471530.0
3454,2009-09-27,parliament,DE9,Niedersachsen,2,cm,0.0
3455,2009-09-27,parliament,DE9,Niedersachsen,2,csu,0.0
3456,2009-09-27,parliament,DE9,Niedersachsen,2,dkp,0.0
3457,2009-09-27,parliament,DE9,Niedersachsen,2,dvu,4318.0
3458,2009-09-27,parliament,DE9,Niedersachsen,2,familie,0.0
3459,2009-09-27,parliament,DE9,Niedersachsen,2,fdp,588401.0
3460,2009-09-27,parliament,DE9,Niedersachsen,2,fwd,0.0
3461,2009-09-27,parliament,DE9,Niedersachsen,2,gruene,475742.0
3462,2009-09-27,parliament,DE9,Niedersachsen,2,linke,380373.0
3463,2009-09-27,parliament,DE9,Niedersachsen,2,mlpd,1353.0
3464,2009-09-27,parliament,DE9,Niedersachsen,2,npd,53909.0
3465,2009-09-27,parliament,DE9,Niedersachsen,2,oedp,5364.0
3466,2009-09-27,parliament,DE9,Niedersachsen,2,pbc,0.0
3467,2009-09-27,parliament,DE9,Niedersachsen,2,piraten,87046.0
3468,2009-09-27,parliament,DE9,Niedersachsen,2,psg,0.0
3469,2009-09-27,parliament,DE9,Niedersachsen,2,renter,0.0
3470,2009-09-27,parliament,DE9,Niedersachsen,2,rep,0.0
3471,2009-09-27,parliament,DE9,Niedersachsen,2,rrp,31977.0
3472,2009-09-27,parliament,DE9,Niedersachsen,2,spd,1297940.0
3473,2009-09-27,parliament,DE9,Niedersachsen,2,tierschutz,34658.0
3474,2009-09-27,parliament,DE9,Niedersachsen,2,violetten,0.0
3475,2009-09-27,parliament,DE9,Niedersachsen,2,volksabstimmung,0.0
3476,2009-09-27,parliament,DE9,Niedersachsen,2,zentrum,0.0
3477,2009-09-27,parliament,DEA,Nordrhein-Westfalen,0,eligible_voters,13288291.0
3478,2009-09-27,parliament,DEA,Nordrhein-Westfalen,1,issued_ballots,9493850.0
3479,2009-09-27,parliament,DEA,Nordrhein-Westfalen,2,adm,0.0
3480,2009-09-27,parliament,DEA,Nordrhein-Westfalen,2,bp,0.0
3481,2009-09-27,parliament,DEA,Nordrhein-Westfalen,2,bueso,2396.0
3482,2009-09-27,parliament,DEA,Nordrhein-Westfalen,2,cdu,3111478.0
3483,2009-09-27,parliament,DEA,Nordrhein-Westfalen,2,cm,0.0
3484,2009-09-27,parliament,DEA,Nordrhein-Westfalen,2,csu,0.0
3485,2009-09-27,parliament,DEA,Nordrhein-Westfalen,2,dkp,0.0
3486,2009-09-27,parliament,DEA,Nordrhein-Westfalen,2,dvu,7358.0
3487,2009-09-27,parliament,DEA,Nordrhein-Westfalen,2,familie,45106.0
3488,2009-09-27,parliament,DEA,Nordrhein-Westfalen,2,fdp,1394554.0
3489,2009-09-27,parliament,DEA,Nordrhein-Westfalen,2,fwd,0.0
3490,2009-09-27,parliament,DEA,Nordrhein-Westfalen,2,gruene,945831.0
3491,2009-09-27,parliament,DEA,Nordrhein-Westfalen,2,linke,789814.0
3492,2009-09-27,parliament,DEA,Nordrhein-Westfalen,2,mlpd,4268.0
3493,2009-09-27,parliament,DEA,Nordrhein-Westfalen,2,npd,88690.0
3494,2009-09-27,parliament,DEA,Nordrhein-Westfalen,2,oedp,8866.0
3495,2009-09-27,parliament,DEA,Nordrhein-Westfalen,2,pbc,0.0
3496,2009-09-27,parliament,DEA,Nordrhein-Westfalen,2,piraten,158585.0
3497,2009-09-27,parliament,DEA,Nordrhein-Westfalen,2,psg,1537.0
3498,2009-09-27,parliament,DEA,Nordrhein-Westfalen,2,renter,33821.0
3499,2009-09-27,parliament,DEA,Nordrhein-Westfalen,2,rep,30015.0
3500,2009-09-27,parliament,DEA,Nordrhein-Westfalen,2,rrp,12952.0
3501,2009-09-27,parliament,DEA,Nordrhein-Westfalen,2,spd,2678956.0
3502,2009-09-27,parliament,DEA,Nordrhein-Westfalen,2,tierschutz,59731.0
3503,2009-09-27,parliament,DEA,Nordrhein-Westfalen,2,violetten,0.0
3504,2009-09-27,parliament,DEA,Nordrhein-Westfalen,2,volksabstimmung,9367.0
3505,2009-09-27,parliament,DEA,Nordrhein-Westfalen,2,zentrum,6087.0
3506,2009-09-27,parliament,DEB,Rheinland-Pfalz,0,eligible_voters,3103878.0
3507,2009-09-27,parliament,DEB,Rheinland-Pfalz,1,issued_ballots,2233548.0
3508,2009-09-27,parliament,DEB,Rheinland-Pfalz,2,adm,0.0
3509,2009-09-27,parliament,DEB,Rheinland-Pfalz,2,bp,0.0
3510,2009-09-27,parliament,DEB,Rheinland-Pfalz,2,bueso,0.0
3511,2009-09-27,parliament,DEB,Rheinland-Pfalz,2,cdu,767487.0
3512,2009-09-27,parliament,DEB,Rheinland-Pfalz,2,cm,0.0
3513,2009-09-27,parliament,DEB,Rheinland-Pfalz,2,csu,0.0
3514,2009-09-27,parliament,DEB,Rheinland-Pfalz,2,dkp,0.0
3515,2009-09-27,parliament,DEB,Rheinland-Pfalz,2,dvu,1729.0
3516,2009-09-27,parliament,DEB,Rheinland-Pfalz,2,familie,22279.0
3517,2009-09-27,parliament,DEB,Rheinland-Pfalz,2,fdp,364673.0
3518,2009-09-27,parliament,DEB,Rheinland-Pfalz,2,fwd,0.0
3519,2009-09-27,parliament,DEB,Rheinland-Pfalz,2,gruene,211971.0
3520,2009-09-27,parliament,DEB,Rheinland-Pfalz,2,linke,205180.0
3521,2009-09-27,parliament,DEB,Rheinland-Pfalz,2,mlpd,650.0
3522,2009-09-27,parliament,DEB,Rheinland-Pfalz,2,npd,26077.0
3523,2009-09-27,parliament,DEB,Rheinland-Pfalz,2,oedp,6334.0
3524,2009-09-27,parliament,DEB,Rheinland-Pfalz,2,pbc,5823.0
3525,2009-09-27,parliament,DEB,Rheinland-Pfalz,2,piraten,41728.0
3526,2009-09-27,parliament,DEB,Rheinland-Pfalz,2,psg,0.0
3527,2009-09-27,parliament,DEB,Rheinland-Pfalz,2,renter,0.0
3528,2009-09-27,parliament,DEB,Rheinland-Pfalz,2,rep,18208.0
3529,2009-09-27,parliament,DEB,Rheinland-Pfalz,2,rrp,0.0
3530,2009-09-27,parliament,DEB,Rheinland-Pfalz,2,spd,520990.0
3531,2009-09-27,parliament,DEB,Rheinland-Pfalz,2,tierschutz,0.0
3532,2009-09-27,parliament,DEB,Rheinland-Pfalz,2,violetten,0.0
3533,2009-09-27,parliament,DEB,Rheinland-Pfalz,2,volksabstimmung,0.0
3534,2009-09-27,parliament,DEB,Rheinland-Pfalz,2,zentrum,0.0
3535,2009-09-27,parliament,DEC,Saarland,0,eligible_voters,808554.0
3536,2009-09-27,parliament,DEC,Saarland,1,issued_ballots,596194.0
3537,2009-09-27,parliament,DEC,Saarland,2,adm,0.0
3538,2009-09-27,parliament,DEC,Saarland,2,bp,0.0
3539,2009-09-27,parliament,DEC,Saarland,2,bueso,0.0
3540,2009-09-27,parliament,DEC,Saarland,2,cdu,179289.0
3541,2009-09-27,parliament,DEC,Saarland,2,cm,0.0
3542,2009-09-27,parliament,DEC,Saarland,2,csu,0.0
3543,2009-09-27,parliament,DEC,Saarland,2,dkp,0.0
3544,2009-09-27,parliament,DEC,Saarland,2,dvu,0.0
3545,2009-09-27,parliament,DEC,Saarland,2,familie,8912.0
3546,2009-09-27,parliament,DEC,Saarland,2,fdp,69427.0
3547,2009-09-27,parliament,DEC,Saarland,2,fwd,0.0
3548,2009-09-27,parliament,DEC,Saarland,2,gruene,39550.0
3549,2009-09-27,parliament,DEC,Saarland,2,linke,123880.0
3550,2009-09-27,parliament,DEC,Saarland,2,mlpd,252.0
3551,2009-09-27,parliament,DEC,Saarland,2,npd,7399.0
3552,2009-09-27,parliament,DEC,Saarland,2,oedp,0.0
3553,2009-09-27,parliament,DEC,Saarland,2,pbc,0.0
3554,2009-09-27,parliament,DEC,Saarland,2,piraten,8620.0
3555,2009-09-27,parliament,DEC,Saarland,2,psg,0.0
3556,2009-09-27,parliament,DEC,Saarland,2,renter,0.0
3557,2009-09-27,parliament,DEC,Saarland,2,rep,0.0
3558,2009-09-27,parliament,DEC,Saarland,2,rrp,3074.0
3559,2009-09-27,parliament,DEC,Saarland,2,spd,144464.0
3560,2009-09-27,parliament,DEC,Saarland,2,tierschutz,0.0
3561,2009-09-27,parliament,DEC,Saarland,2,violetten,0.0
3562,2009-09-27,parliament,DEC,Saarland,2,volksabstimmung,0.0
3563,2009-09-27,parliament,DEC,Saarland,2,zentrum,0.0
3564,2009-09-27,parliament,DED,Sachsen,0,eligible_voters,3518195.0
3565,2009-09-27,parliament,DED,Sachsen,1,issued_ballots,2285953.0
3566,2009-09-27,parliament,DED,Sachsen,2,adm,0.0
3567,2009-09-27,parliament,DED,Sachsen,2,bp,0.0
3568,2009-09-27,parliament,DED,Sachsen,2,bueso,18789.0
3569,2009-09-27,parliament,DED,Sachsen,2,cdu,800898.0
3570,2009-09-27,parliament,DED,Sachsen,2,cm,0.0
3571,2009-09-27,parliament,DED,Sachsen,2,csu,0.0
3572,2009-09-27,parliament,DED,Sachsen,2,dkp,0.0
3573,2009-09-27,parliament,DED,Sachsen,2,dvu,0.0
3574,2009-09-27,parliament,DED,Sachsen,2,familie,0.0
3575,2009-09-27,parliament,DED,Sachsen,2,fdp,299135.0
3576,2009-09-27,parliament,DED,Sachsen,2,fwd,0.0
3577,2009-09-27,parliament,DED,Sachsen,2,gruene,151283.0
3578,2009-09-27,parliament,DED,Sachsen,2,linke,551461.0
3579,2009-09-27,parliament,DED,Sachsen,2,mlpd,5281.0
3580,2009-09-27,parliament,DED,Sachsen,2,npd,89611.0
3581,2009-09-27,parliament,DED,Sachsen,2,oedp,0.0
3582,2009-09-27,parliament,DED,Sachsen,2,pbc,0.0
3583,2009-09-27,parliament,DED,Sachsen,2,piraten,0.0
3584,2009-09-27,parliament,DED,Sachsen,2,psg,0.0
3585,2009-09-27,parliament,DED,Sachsen,2,renter,0.0
3586,2009-09-27,parliament,DED,Sachsen,2,rep,7148.0
3587,2009-09-27,parliament,DED,Sachsen,2,rrp,0.0
3588,2009-09-27,parliament,DED,Sachsen,2,spd,328753.0
3589,2009-09-27,parliament,DED,Sachsen,2,tierschutz,0.0
3590,2009-09-27,parliament,DED,Sachsen,2,violetten,0.0
3591,2009-09-27,parliament,DED,Sachsen,2,volksabstimmung,0.0
3592,2009-09-27,parliament,DED,Sachsen,2,zentrum,0.0
3593,2009-09-27,parliament,DEE,Sachsen-Anhalt,0,eligible_voters,2028572.0
3594,2009-09-27,parliament,DEE,Sachsen-Anhalt,1,issued_ballots,1226721.0
3595,2009-09-27,parliament,DEE,Sachsen-Anhalt,2,adm,0.0
3596,2009-09-27,parliament,DEE,Sachsen-Anhalt,2,bp,0.0
3597,2009-09-27,parliament,DEE,Sachsen-Anhalt,2,bueso,0.0
3598,2009-09-27,parliament,DEE,Sachsen-Anhalt,2,cdu,362311.0
3599,2009-09-27,parliament,DEE,Sachsen-Anhalt,2,cm,0.0
3600,2009-09-27,parliament,DEE,Sachsen-Anhalt,2,csu,0.0
3601,2009-09-27,parliament,DEE,Sachsen-Anhalt,2,dkp,0.0
3602,2009-09-27,parliament,DEE,Sachsen-Anhalt,2,dvu,3529.0
3603,2009-09-27,parliament,DEE,Sachsen-Anhalt,2,familie,0.0
3604,2009-09-27,parliament,DEE,Sachsen-Anhalt,2,fdp,124247.0
3605,2009-09-27,parliament,DEE,Sachsen-Anhalt,2,fwd,0.0
3606,2009-09-27,parliament,DEE,Sachsen-Anhalt,2,gruene,61734.0
3607,2009-09-27,parliament,DEE,Sachsen-Anhalt,2,linke,389456.0
3608,2009-09-27,parliament,DEE,Sachsen-Anhalt,2,mlpd,3181.0
3609,2009-09-27,parliament,DEE,Sachsen-Anhalt,2,npd,26584.0
3610,2009-09-27,parliament,DEE,Sachsen-Anhalt,2,oedp,0.0
3611,2009-09-27,parliament,DEE,Sachsen-Anhalt,2,pbc,0.0
3612,2009-09-27,parliament,DEE,Sachsen-Anhalt,2,piraten,28780.0
3613,2009-09-27,parliament,DEE,Sachsen-Anhalt,2,psg,0.0
3614,2009-09-27,parliament,DEE,Sachsen-Anhalt,2,renter,0.0
3615,2009-09-27,parliament,DEE,Sachsen-Anhalt,2,rep,0.0
3616,2009-09-27,parliament,DEE,Sachsen-Anhalt,2,rrp,0.0
3617,2009-09-27,parliament,DEE,Sachsen-Anhalt,2,spd,202850.0
3618,2009-09-27,parliament,DEE,Sachsen-Anhalt,2,tierschutz,0.0
3619,2009-09-27,parliament,DEE,Sachsen-Anhalt,2,violetten,0.0
3620,2009-09-27,parliament,DEE,Sachsen-Anhalt,2,volksabstimmung,0.0
3621,2009-09-27,parliament,DEE,Sachsen-Anhalt,2,zentrum,0.0
3622,2009-09-27,parliament,DEF,Schleswig-Holstein,0,eligible_voters,2234720.0
3623,2009-09-27,parliament,DEF,Schleswig-Holstein,1,issued_ballots,1644384.0
3624,2009-09-27,parliament,DEF,Schleswig-Holstein,2,adm,0.0
3625,2009-09-27,parliament,DEF,Schleswig-Holstein,2,bp,0.0
3626,2009-09-27,parliament,DEF,Schleswig-Holstein,2,bueso,0.0
3627,2009-09-27,parliament,DEF,Schleswig-Holstein,2,cdu,518457.0
3628,2009-09-27,parliament,DEF,Schleswig-Holstein,2,cm,0.0
3629,2009-09-27,parliament,DEF,Schleswig-Holstein,2,csu,0.0
3630,2009-09-27,parliament,DEF,Schleswig-Holstein,2,dkp,0.0
3631,2009-09-27,parliament,DEF,Schleswig-Holstein,2,dvu,1807.0
3632,2009-09-27,parliament,DEF,Schleswig-Holstein,2,familie,0.0
3633,2009-09-27,parliament,DEF,Schleswig-Holstein,2,fdp,261767.0
3634,2009-09-27,parliament,DEF,Schleswig-Holstein,2,fwd,0.0
3635,2009-09-27,parliament,DEF,Schleswig-Holstein,2,gruene,203782.0
3636,2009-09-27,parliament,DEF,Schleswig-Holstein,2,linke,127203.0
3637,2009-09-27,parliament,DEF,Schleswig-Holstein,2,mlpd,616.0
3638,2009-09-27,parliament,DEF,Schleswig-Holstein,2,npd,15848.0
3639,2009-09-27,parliament,DEF,Schleswig-Holstein,2,oedp,0.0
3640,2009-09-27,parliament,DEF,Schleswig-Holstein,2,pbc,0.0
3641,2009-09-27,parliament,DEF,Schleswig-Holstein,2,piraten,33277.0
3642,2009-09-27,parliament,DEF,Schleswig-Holstein,2,psg,0.0
3643,2009-09-27,parliament,DEF,Schleswig-Holstein,2,renter,16006.0
3644,2009-09-27,parliament,DEF,Schleswig-Holstein,2,rep,0.0
3645,2009-09-27,parliament,DEF,Schleswig-Holstein,2,rrp,0.0
3646,2009-09-27,parliament,DEF,Schleswig-Holstein,2,spd,430739.0
3647,2009-09-27,parliament,DEF,Schleswig-Holstein,2,tierschutz,0.0
3648,2009-09-27,parliament,DEF,Schleswig-Holstein,2,violetten,0.0
3649,2009-09-27,parliament,DEF,Schleswig-Holstein,2,volksabstimmung,0.0
3650,2009-09-27,parliament,DEF,Schleswig-Holstein,2,zentrum,0.0
3651,2009-09-27,parliament,DEG,Thüringen,0,eligible_voters,1913559.0
3652,2009-09-27,parliament,DEG,Thüringen,1,issued_ballots,1247764.0
3653,2009-09-27,parliament,DEG,Thüringen,2,adm,0.0
3654,2009-09-27,parliament,DEG,Thüringen,2,bp,0.0
3655,2009-09-27,parliament,DEG,Thüringen,2,bueso,0.0
3656,2009-09-27,parliament,DEG,Thüringen,2,cdu,383778.0
3657,2009-09-27,parliament,DEG,Thüringen,2,cm,0.0
3658,2009-09-27,parliament,DEG,Thüringen,2,csu,0.0
3659,2009-09-27,parliament,DEG,Thüringen,2,dkp,0.0
3660,2009-09-27,parliament,DEG,Thüringen,2,dvu,0.0
3661,2009-09-27,parliament,DEG,Thüringen,2,familie,0.0
3662,2009-09-27,parliament,DEG,Thüringen,2,fdp,120635.0
3663,2009-09-27,parliament,DEG,Thüringen,2,fwd,0.0
3664,2009-09-27,parliament,DEG,Thüringen,2,gruene,73838.0
3665,2009-09-27,parliament,DEG,Thüringen,2,linke,354875.0
3666,2009-09-27,parliament,DEG,Thüringen,2,mlpd,1991.0
3667,2009-09-27,parliament,DEG,Thüringen,2,npd,39603.0
3668,2009-09-27,parliament,DEG,Thüringen,2,oedp,5086.0
3669,2009-09-27,parliament,DEG,Thüringen,2,pbc,0.0
3670,2009-09-27,parliament,DEG,Thüringen,2,piraten,31031.0
3671,2009-09-27,parliament,DEG,Thüringen,2,psg,0.0
3672,2009-09-27,parliament,DEG,Thüringen,2,renter,0.0
3673,2009-09-27,parliament,DEG,Thüringen,2,rep,4339.0
3674,2009-09-27,parliament,DEG,Thüringen,2,rrp,0.0
3675,2009-09-27,parliament,DEG,Thüringen,2,spd,216593.0
3676,2009-09-27,parliament,DEG,Thüringen,2,tierschutz,0.0
3677,2009-09-27,parliament,DEG,Thüringen,2,violetten,0.0
3678,2009-09-27,parliament,DEG,Thüringen,2,volksabstimmung,0.0
3679,2009-09-27,parliament,DEG,Thüringen,2,zentrum,0.0
3680,2013-09-22,parliament,DE1,Baden-Württemberg,0,eligible_voters,7689895.0
3681,2013-09-22,parliament,DE1,Baden-Württemberg,1,issued_ballots,5711469.0
3682,2013-09-22,parliament,DE1,Baden-Württemberg,2,21rrp,0.0
3683,2013-09-22,parliament,DE1,Baden-Württemberg,2,afd,295988.0
3684,2013-09-22,parliament,DE1,Baden-Württemberg,2,big,3529.0
3685,2013-09-22,parliament,DE1,Baden-Württemberg,2,bp,0.0
3686,2013-09-22,parliament,DE1,Baden-Württemberg,2,bueso,1042.0
3687,2013-09-22,parliament,DE1,Baden-Württemberg,2,cdu,2576606.0
3688,2013-09-22,parliament,DE1,Baden-Württemberg,2,csu,0.0
3689,2013-09-22,parliament,DE1,Baden-Württemberg,2,familie,0.0
3690,2013-09-22,parliament,DE1,Baden-Württemberg,2,fdp,348317.0
3691,2013-09-22,parliament,DE1,Baden-Württemberg,2,frauen,0.0
3692,2013-09-22,parliament,DE1,Baden-Württemberg,2,freiewahler,33479.0
3693,2013-09-22,parliament,DE1,Baden-Württemberg,2,gruene,623294.0
3694,2013-09-22,parliament,DE1,Baden-Württemberg,2,linke,272456.0
3695,2013-09-22,parliament,DE1,Baden-Württemberg,2,mlpd,2941.0
3696,2013-09-22,parliament,DE1,Baden-Württemberg,2,nichwahler,0.0
3697,2013-09-22,parliament,DE1,Baden-Württemberg,2,npd,56302.0
3698,2013-09-22,parliament,DE1,Baden-Württemberg,2,oedp,23704.0
3699,2013-09-22,parliament,DE1,Baden-Württemberg,2,partei,0.0
3700,2013-09-22,parliament,DE1,Baden-Württemberg,2,pbc,12878.0
3701,2013-09-22,parliament,DE1,Baden-Württemberg,2,piraten,130767.0
3702,2013-09-22,parliament,DE1,Baden-Württemberg,2,prodeutschland,4595.0
3703,2013-09-22,parliament,DE1,Baden-Württemberg,2,psg,0.0
3704,2013-09-22,parliament,DE1,Baden-Württemberg,2,rechte,0.0
3705,2013-09-22,parliament,DE1,Baden-Württemberg,2,renter,14472.0
3706,2013-09-22,parliament,DE1,Baden-Württemberg,2,rep,21847.0
3707,2013-09-22,parliament,DE1,Baden-Württemberg,2,spd,1160424.0
3708,2013-09-22,parliament,DE1,Baden-Württemberg,2,tierschutz,43277.0
3709,2013-09-22,parliament,DE1,Baden-Württemberg,2,vernunft,5069.0
3710,2013-09-22,parliament,DE1,Baden-Württemberg,2,violetten,0.0
3711,2013-09-22,parliament,DE1,Baden-Württemberg,2,volksabstimmung,11032.0
3712,2013-09-22,parliament,DE2,Bayern,0,eligible_voters,9472738.0
3713,2013-09-22,parliament,DE2,Bayern,1,issued_ballots,6633726.0
3714,2013-09-22,parliament,DE2,Bayern,2,21rrp,3032.0
3715,2013-09-22,parliament,DE2,Bayern,2,afd,283570.0
3716,2013-09-22,parliament,DE2,Bayern,2,big,0.0
3717,2013-09-22,parliament,DE2,Bayern,2,bp,57395.0
3718,2013-09-22,parliament,DE2,Bayern,2,bueso,1375.0
3719,2013-09-22,parliament,DE2,Bayern,2,cdu,0.0
3720,2013-09-22,parliament,DE2,Bayern,2,csu,3243569.0
3721,2013-09-22,parliament,DE2,Bayern,2,familie,0.0
3722,2013-09-22,parliament,DE2,Bayern,2,fdp,334158.0
3723,2013-09-22,parliament,DE2,Bayern,2,frauen,12148.0
3724,2013-09-22,parliament,DE2,Bayern,2,freiewahler,180649.0
3725,2013-09-22,parliament,DE2,Bayern,2,gruene,552818.0
3726,2013-09-22,parliament,DE2,Bayern,2,linke,248920.0
3727,2013-09-22,parliament,DE2,Bayern,2,mlpd,1757.0
3728,2013-09-22,parliament,DE2,Bayern,2,nichwahler,0.0
3729,2013-09-22,parliament,DE2,Bayern,2,npd,56737.0
3730,2013-09-22,parliament,DE2,Bayern,2,oedp,68365.0
3731,2013-09-22,parliament,DE2,Bayern,2,partei,0.0
3732,2013-09-22,parliament,DE2,Bayern,2,pbc,0.0
3733,2013-09-22,parliament,DE2,Bayern,2,piraten,127934.0
3734,2013-09-22,parliament,DE2,Bayern,2,prodeutschland,4874.0
3735,2013-09-22,parliament,DE2,Bayern,2,psg,0.0
3736,2013-09-22,parliament,DE2,Bayern,2,rechte,0.0
3737,2013-09-22,parliament,DE2,Bayern,2,renter,0.0
3738,2013-09-22,parliament,DE2,Bayern,2,rep,27457.0
3739,2013-09-22,parliament,DE2,Bayern,2,spd,1314009.0
3740,2013-09-22,parliament,DE2,Bayern,2,tierschutz,46937.0
3741,2013-09-22,parliament,DE2,Bayern,2,vernunft,6840.0
3742,2013-09-22,parliament,DE2,Bayern,2,violetten,8211.0
3743,2013-09-22,parliament,DE2,Bayern,2,volksabstimmung,0.0
3744,2013-09-22,parliament,DE3,Berlin,0,eligible_voters,2505718.0
3745,2013-09-22,parliament,DE3,Berlin,1,issued_ballots,1815415.0
3746,2013-09-22,parliament,DE3,Berlin,2,21rrp,0.0
3747,2013-09-22,parliament,DE3,Berlin,2,afd,88060.0
3748,2013-09-22,parliament,DE3,Berlin,2,big,3509.0
3749,2013-09-22,parliament,DE3,Berlin,2,bp,0.0
3750,2013-09-22,parliament,DE3,Berlin,2,bueso,1810.0
3751,2013-09-22,parliament,DE3,Berlin,2,cdu,508643.0
3752,2013-09-22,parliament,DE3,Berlin,2,csu,0.0
3753,2013-09-22,parliament,DE3,Berlin,2,familie,0.0
3754,2013-09-22,parliament,DE3,Berlin,2,fdp,63616.0
3755,2013-09-22,parliament,DE3,Berlin,2,frauen,0.0
3756,2013-09-22,parliament,DE3,Berlin,2,freiewahler,7531.0
3757,2013-09-22,parliament,DE3,Berlin,2,gruene,220737.0
3758,2013-09-22,parliament,DE3,Berlin,2,linke,330507.0
3759,2013-09-22,parliament,DE3,Berlin,2,mlpd,1410.0
3760,2013-09-22,parliament,DE3,Berlin,2,nichwahler,0.0
3761,2013-09-22,parliament,DE3,Berlin,2,npd,27014.0
3762,2013-09-22,parliament,DE3,Berlin,2,oedp,3612.0
3763,2013-09-22,parliament,DE3,Berlin,2,partei,18673.0
3764,2013-09-22,parliament,DE3,Berlin,2,pbc,0.0
3765,2013-09-22,parliament,DE3,Berlin,2,piraten,64018.0
3766,2013-09-22,parliament,DE3,Berlin,2,prodeutschland,5665.0
3767,2013-09-22,parliament,DE3,Berlin,2,psg,965.0
3768,2013-09-22,parliament,DE3,Berlin,2,rechte,0.0
3769,2013-09-22,parliament,DE3,Berlin,2,renter,0.0
3770,2013-09-22,parliament,DE3,Berlin,2,rep,2564.0
3771,2013-09-22,parliament,DE3,Berlin,2,spd,439387.0
3772,2013-09-22,parliament,DE3,Berlin,2,tierschutz,0.0
3773,2013-09-22,parliament,DE3,Berlin,2,vernunft,0.0
3774,2013-09-22,parliament,DE3,Berlin,2,violetten,0.0
3775,2013-09-22,parliament,DE3,Berlin,2,volksabstimmung,0.0
3776,2013-09-22,parliament,DE4,Brandenburg,0,eligible_voters,2065944.0
3777,2013-09-22,parliament,DE4,Brandenburg,1,issued_ballots,1412785.0
3778,2013-09-22,parliament,DE4,Brandenburg,2,21rrp,0.0
3779,2013-09-22,parliament,DE4,Brandenburg,2,afd,83075.0
3780,2013-09-22,parliament,DE4,Brandenburg,2,big,0.0
3781,2013-09-22,parliament,DE4,Brandenburg,2,bp,0.0
3782,2013-09-22,parliament,DE4,Brandenburg,2,bueso,0.0
3783,2013-09-22,parliament,DE4,Brandenburg,2,cdu,482601.0
3784,2013-09-22,parliament,DE4,Brandenburg,2,csu,0.0
3785,2013-09-22,parliament,DE4,Brandenburg,2,familie,0.0
3786,2013-09-22,parliament,DE4,Brandenburg,2,fdp,35365.0
3787,2013-09-22,parliament,DE4,Brandenburg,2,frauen,0.0
3788,2013-09-22,parliament,DE4,Brandenburg,2,freiewahler,13416.0
3789,2013-09-22,parliament,DE4,Brandenburg,2,gruene,65182.0
3790,2013-09-22,parliament,DE4,Brandenburg,2,linke,311312.0
3791,2013-09-22,parliament,DE4,Brandenburg,2,mlpd,1581.0
3792,2013-09-22,parliament,DE4,Brandenburg,2,nichwahler,0.0
3793,2013-09-22,parliament,DE4,Brandenburg,2,npd,35578.0
3794,2013-09-22,parliament,DE4,Brandenburg,2,oedp,0.0
3795,2013-09-22,parliament,DE4,Brandenburg,2,partei,0.0
3796,2013-09-22,parliament,DE4,Brandenburg,2,pbc,0.0
3797,2013-09-22,parliament,DE4,Brandenburg,2,piraten,30785.0
3798,2013-09-22,parliament,DE4,Brandenburg,2,prodeutschland,5805.0
3799,2013-09-22,parliament,DE4,Brandenburg,2,psg,0.0
3800,2013-09-22,parliament,DE4,Brandenburg,2,rechte,0.0
3801,2013-09-22,parliament,DE4,Brandenburg,2,renter,0.0
3802,2013-09-22,parliament,DE4,Brandenburg,2,rep,2488.0
3803,2013-09-22,parliament,DE4,Brandenburg,2,spd,321174.0
3804,2013-09-22,parliament,DE4,Brandenburg,2,tierschutz,0.0
3805,2013-09-22,parliament,DE4,Brandenburg,2,vernunft,0.0
3806,2013-09-22,parliament,DE4,Brandenburg,2,violetten,0.0
3807,2013-09-22,parliament,DE4,Brandenburg,2,volksabstimmung,0.0
3808,2013-09-22,parliament,DE5,Bremen,0,eligible_voters,483823.0
3809,2013-09-22,parliament,DE5,Bremen,1,issued_ballots,333022.0
3810,2013-09-22,parliament,DE5,Bremen,2,21rrp,395.0
3811,2013-09-22,parliament,DE5,Bremen,2,afd,12307.0
3812,2013-09-22,parliament,DE5,Bremen,2,big,0.0
3813,2013-09-22,parliament,DE5,Bremen,2,bp,0.0
3814,2013-09-22,parliament,DE5,Bremen,2,bueso,0.0
3815,2013-09-22,parliament,DE5,Bremen,2,cdu,96459.0
3816,2013-09-22,parliament,DE5,Bremen,2,csu,0.0
3817,2013-09-22,parliament,DE5,Bremen,2,familie,0.0
3818,2013-09-22,parliament,DE5,Bremen,2,fdp,11204.0
3819,2013-09-22,parliament,DE5,Bremen,2,frauen,0.0
3820,2013-09-22,parliament,DE5,Bremen,2,freiewahler,814.0
3821,2013-09-22,parliament,DE5,Bremen,2,gruene,40014.0
3822,2013-09-22,parliament,DE5,Bremen,2,linke,33284.0
3823,2013-09-22,parliament,DE5,Bremen,2,mlpd,156.0
3824,2013-09-22,parliament,DE5,Bremen,2,nichwahler,0.0
3825,2013-09-22,parliament,DE5,Bremen,2,npd,3640.0
3826,2013-09-22,parliament,DE5,Bremen,2,oedp,0.0
3827,2013-09-22,parliament,DE5,Bremen,2,partei,1549.0
3828,2013-09-22,parliament,DE5,Bremen,2,pbc,0.0
3829,2013-09-22,parliament,DE5,Bremen,2,piraten,8455.0
3830,2013-09-22,parliament,DE5,Bremen,2,prodeutschland,466.0
3831,2013-09-22,parliament,DE5,Bremen,2,psg,0.0
3832,2013-09-22,parliament,DE5,Bremen,2,rechte,0.0
3833,2013-09-22,parliament,DE5,Bremen,2,renter,0.0
3834,2013-09-22,parliament,DE5,Bremen,2,rep,0.0
3835,2013-09-22,parliament,DE5,Bremen,2,spd,117204.0
3836,2013-09-22,parliament,DE5,Bremen,2,tierschutz,3465.0
3837,2013-09-22,parliament,DE5,Bremen,2,vernunft,0.0
3838,2013-09-22,parliament,DE5,Bremen,2,violetten,0.0
3839,2013-09-22,parliament,DE5,Bremen,2,volksabstimmung,0.0
3840,2013-09-22,parliament,DE6,Hamburg,0,eligible_voters,1281918.0
3841,2013-09-22,parliament,DE6,Hamburg,1,issued_ballots,901213.0
3842,2013-09-22,parliament,DE6,Hamburg,2,21rrp,0.0
3843,2013-09-22,parliament,DE6,Hamburg,2,afd,37142.0
3844,2013-09-22,parliament,DE6,Hamburg,2,big,0.0
3845,2013-09-22,parliament,DE6,Hamburg,2,bp,0.0
3846,2013-09-22,parliament,DE6,Hamburg,2,bueso,0.0
3847,2013-09-22,parliament,DE6,Hamburg,2,cdu,285927.0
3848,2013-09-22,parliament,DE6,Hamburg,2,csu,0.0
3849,2013-09-22,parliament,DE6,Hamburg,2,familie,0.0
3850,2013-09-22,parliament,DE6,Hamburg,2,fdp,42869.0
3851,2013-09-22,parliament,DE6,Hamburg,2,frauen,0.0
3852,2013-09-22,parliament,DE6,Hamburg,2,freiewahler,2856.0
3853,2013-09-22,parliament,DE6,Hamburg,2,gruene,112826.0
3854,2013-09-22,parliament,DE6,Hamburg,2,linke,78296.0
3855,2013-09-22,parliament,DE6,Hamburg,2,mlpd,423.0
3856,2013-09-22,parliament,DE6,Hamburg,2,nichwahler,0.0
3857,2013-09-22,parliament,DE6,Hamburg,2,npd,5658.0
3858,2013-09-22,parliament,DE6,Hamburg,2,oedp,1963.0
3859,2013-09-22,parliament,DE6,Hamburg,2,partei,5643.0
3860,2013-09-22,parliament,DE6,Hamburg,2,pbc,0.0
3861,2013-09-22,parliament,DE6,Hamburg,2,piraten,24505.0
3862,2013-09-22,parliament,DE6,Hamburg,2,prodeutschland,0.0
3863,2013-09-22,parliament,DE6,Hamburg,2,psg,0.0
3864,2013-09-22,parliament,DE6,Hamburg,2,rechte,0.0
3865,2013-09-22,parliament,DE6,Hamburg,2,renter,3819.0
3866,2013-09-22,parliament,DE6,Hamburg,2,rep,0.0
3867,2013-09-22,parliament,DE6,Hamburg,2,spd,288902.0
3868,2013-09-22,parliament,DE6,Hamburg,2,tierschutz,0.0
3869,2013-09-22,parliament,DE6,Hamburg,2,vernunft,0.0
3870,2013-09-22,parliament,DE6,Hamburg,2,violetten,0.0
3871,2013-09-22,parliament,DE6,Hamburg,2,volksabstimmung,0.0
3872,2013-09-22,parliament,DE7,Hessen,0,eligible_voters,4413271.0
3873,2013-09-22,parliament,DE7,Hessen,1,issued_ballots,3230483.0
3874,2013-09-22,parliament,DE7,Hessen,2,21rrp,0.0
3875,2013-09-22,parliament,DE7,Hessen,2,afd,176319.0
3876,2013-09-22,parliament,DE7,Hessen,2,big,0.0
3877,2013-09-22,parliament,DE7,Hessen,2,bp,0.0
3878,2013-09-22,parliament,DE7,Hessen,2,bueso,1536.0
3879,2013-09-22,parliament,DE7,Hessen,2,cdu,1232994.0
3880,2013-09-22,parliament,DE7,Hessen,2,csu,0.0
3881,2013-09-22,parliament,DE7,Hessen,2,familie,0.0
3882,2013-09-22,parliament,DE7,Hessen,2,fdp,175144.0
3883,2013-09-22,parliament,DE7,Hessen,2,frauen,0.0
3884,2013-09-22,parliament,DE7,Hessen,2,freiewahler,24929.0
3885,2013-09-22,parliament,DE7,Hessen,2,gruene,313135.0
3886,2013-09-22,parliament,DE7,Hessen,2,linke,188654.0
3887,2013-09-22,parliament,DE7,Hessen,2,mlpd,1071.0
3888,2013-09-22,parliament,DE7,Hessen,2,nichwahler,0.0
3889,2013-09-22,parliament,DE7,Hessen,2,npd,34115.0
3890,2013-09-22,parliament,DE7,Hessen,2,oedp,0.0
3891,2013-09-22,parliament,DE7,Hessen,2,partei,15033.0
3892,2013-09-22,parliament,DE7,Hessen,2,pbc,0.0
3893,2013-09-22,parliament,DE7,Hessen,2,piraten,64655.0
3894,2013-09-22,parliament,DE7,Hessen,2,prodeutschland,3754.0
3895,2013-09-22,parliament,DE7,Hessen,2,psg,1444.0
3896,2013-09-22,parliament,DE7,Hessen,2,rechte,0.0
3897,2013-09-22,parliament,DE7,Hessen,2,renter,0.0
3898,2013-09-22,parliament,DE7,Hessen,2,rep,8402.0
3899,2013-09-22,parliament,DE7,Hessen,2,spd,906906.0
3900,2013-09-22,parliament,DE7,Hessen,2,tierschutz,0.0
3901,2013-09-22,parliament,DE7,Hessen,2,vernunft,0.0
3902,2013-09-22,parliament,DE7,Hessen,2,violetten,0.0
3903,2013-09-22,parliament,DE7,Hessen,2,volksabstimmung,0.0
3904,2013-09-22,parliament,DE8,Mecklenburg-Vorpommern,0,eligible_voters,1350705.0
3905,2013-09-22,parliament,DE8,Mecklenburg-Vorpommern,1,issued_ballots,881718.0
3906,2013-09-22,parliament,DE8,Mecklenburg-Vorpommern,2,21rrp,0.0
3907,2013-09-22,parliament,DE8,Mecklenburg-Vorpommern,2,afd,48885.0
3908,2013-09-22,parliament,DE8,Mecklenburg-Vorpommern,2,big,0.0
3909,2013-09-22,parliament,DE8,Mecklenburg-Vorpommern,2,bp,0.0
3910,2013-09-22,parliament,DE8,Mecklenburg-Vorpommern,2,bueso,0.0
3911,2013-09-22,parliament,DE8,Mecklenburg-Vorpommern,2,cdu,369048.0
3912,2013-09-22,parliament,DE8,Mecklenburg-Vorpommern,2,csu,0.0
3913,2013-09-22,parliament,DE8,Mecklenburg-Vorpommern,2,familie,0.0
3914,2013-09-22,parliament,DE8,Mecklenburg-Vorpommern,2,fdp,18968.0
3915,2013-09-22,parliament,DE8,Mecklenburg-Vorpommern,2,frauen,0.0
3916,2013-09-22,parliament,DE8,Mecklenburg-Vorpommern,2,freiewahler,8004.0
3917,2013-09-22,parliament,DE8,Mecklenburg-Vorpommern,2,gruene,37716.0
3918,2013-09-22,parliament,DE8,Mecklenburg-Vorpommern,2,linke,186871.0
3919,2013-09-22,parliament,DE8,Mecklenburg-Vorpommern,2,mlpd,1166.0
3920,2013-09-22,parliament,DE8,Mecklenburg-Vorpommern,2,nichwahler,0.0
3921,2013-09-22,parliament,DE8,Mecklenburg-Vorpommern,2,npd,23735.0
3922,2013-09-22,parliament,DE8,Mecklenburg-Vorpommern,2,oedp,0.0
3923,2013-09-22,parliament,DE8,Mecklenburg-Vorpommern,2,partei,0.0
3924,2013-09-22,parliament,DE8,Mecklenburg-Vorpommern,2,pbc,0.0
3925,2013-09-22,parliament,DE8,Mecklenburg-Vorpommern,2,piraten,16563.0
3926,2013-09-22,parliament,DE8,Mecklenburg-Vorpommern,2,prodeutschland,1693.0
3927,2013-09-22,parliament,DE8,Mecklenburg-Vorpommern,2,psg,0.0
3928,2013-09-22,parliament,DE8,Mecklenburg-Vorpommern,2,rechte,0.0
3929,2013-09-22,parliament,DE8,Mecklenburg-Vorpommern,2,renter,0.0
3930,2013-09-22,parliament,DE8,Mecklenburg-Vorpommern,2,rep,663.0
3931,2013-09-22,parliament,DE8,Mecklenburg-Vorpommern,2,spd,154431.0
3932,2013-09-22,parliament,DE8,Mecklenburg-Vorpommern,2,tierschutz,0.0
3933,2013-09-22,parliament,DE8,Mecklenburg-Vorpommern,2,vernunft,0.0
3934,2013-09-22,parliament,DE8,Mecklenburg-Vorpommern,2,violetten,0.0
3935,2013-09-22,parliament,DE8,Mecklenburg-Vorpommern,2,volksabstimmung,0.0
3936,2013-09-22,parliament,DE9,Niedersachsen,0,eligible_voters,6117473.0
3937,2013-09-22,parliament,DE9,Niedersachsen,1,issued_ballots,4491281.0
3938,2013-09-22,parliament,DE9,Niedersachsen,2,21rrp,0.0
3939,2013-09-22,parliament,DE9,Niedersachsen,2,afd,165875.0
3940,2013-09-22,parliament,DE9,Niedersachsen,2,big,0.0
3941,2013-09-22,parliament,DE9,Niedersachsen,2,bp,0.0
3942,2013-09-22,parliament,DE9,Niedersachsen,2,bueso,0.0
3943,2013-09-22,parliament,DE9,Niedersachsen,2,cdu,1825592.0
3944,2013-09-22,parliament,DE9,Niedersachsen,2,csu,0.0
3945,2013-09-22,parliament,DE9,Niedersachsen,2,familie,0.0
3946,2013-09-22,parliament,DE9,Niedersachsen,2,fdp,185647.0
3947,2013-09-22,parliament,DE9,Niedersachsen,2,frauen,0.0
3948,2013-09-22,parliament,DE9,Niedersachsen,2,freiewahler,21773.0
3949,2013-09-22,parliament,DE9,Niedersachsen,2,gruene,391901.0
3950,2013-09-22,parliament,DE9,Niedersachsen,2,linke,223935.0
3951,2013-09-22,parliament,DE9,Niedersachsen,2,mlpd,1267.0
3952,2013-09-22,parliament,DE9,Niedersachsen,2,nichwahler,0.0
3953,2013-09-22,parliament,DE9,Niedersachsen,2,npd,37415.0
3954,2013-09-22,parliament,DE9,Niedersachsen,2,oedp,0.0
3955,2013-09-22,parliament,DE9,Niedersachsen,2,partei,0.0
3956,2013-09-22,parliament,DE9,Niedersachsen,2,pbc,5664.0
3957,2013-09-22,parliament,DE9,Niedersachsen,2,piraten,74601.0
3958,2013-09-22,parliament,DE9,Niedersachsen,2,prodeutschland,4990.0
3959,2013-09-22,parliament,DE9,Niedersachsen,2,psg,0.0
3960,2013-09-22,parliament,DE9,Niedersachsen,2,rechte,0.0
3961,2013-09-22,parliament,DE9,Niedersachsen,2,renter,0.0
3962,2013-09-22,parliament,DE9,Niedersachsen,2,rep,2786.0
3963,2013-09-22,parliament,DE9,Niedersachsen,2,spd,1470005.0
3964,2013-09-22,parliament,DE9,Niedersachsen,2,tierschutz,33809.0
3965,2013-09-22,parliament,DE9,Niedersachsen,2,vernunft,0.0
3966,2013-09-22,parliament,DE9,Niedersachsen,2,violetten,0.0
3967,2013-09-22,parliament,DE9,Niedersachsen,2,volksabstimmung,0.0
3968,2013-09-22,parliament,DEA,Nordrhein-Westfalen,0,eligible_voters,13253554.0
3969,2013-09-22,parliament,DEA,Nordrhein-Westfalen,1,issued_ballots,9605247.0
3970,2013-09-22,parliament,DEA,Nordrhein-Westfalen,2,21rrp,5151.0
3971,2013-09-22,parliament,DEA,Nordrhein-Westfalen,2,afd,372258.0
3972,2013-09-22,parliament,DEA,Nordrhein-Westfalen,2,big,10705.0
3973,2013-09-22,parliament,DEA,Nordrhein-Westfalen,2,bp,0.0
3974,2013-09-22,parliament,DEA,Nordrhein-Westfalen,2,bueso,1975.0
3975,2013-09-22,parliament,DEA,Nordrhein-Westfalen,2,cdu,3776563.0
3976,2013-09-22,parliament,DEA,Nordrhein-Westfalen,2,csu,0.0
3977,2013-09-22,parliament,DEA,Nordrhein-Westfalen,2,familie,0.0
3978,2013-09-22,parliament,DEA,Nordrhein-Westfalen,2,fdp,498027.0
3979,2013-09-22,parliament,DEA,Nordrhein-Westfalen,2,frauen,0.0
3980,2013-09-22,parliament,DEA,Nordrhein-Westfalen,2,freiewahler,25127.0
3981,2013-09-22,parliament,DEA,Nordrhein-Westfalen,2,gruene,760642.0
3982,2013-09-22,parliament,DEA,Nordrhein-Westfalen,2,linke,582925.0
3983,2013-09-22,parliament,DEA,Nordrhein-Westfalen,2,mlpd,4600.0
3984,2013-09-22,parliament,DEA,Nordrhein-Westfalen,2,nichwahler,11349.0
3985,2013-09-22,parliament,DEA,Nordrhein-Westfalen,2,npd,94291.0
3986,2013-09-22,parliament,DEA,Nordrhein-Westfalen,2,oedp,12978.0
3987,2013-09-22,parliament,DEA,Nordrhein-Westfalen,2,partei,37776.0
3988,2013-09-22,parliament,DEA,Nordrhein-Westfalen,2,pbc,0.0
3989,2013-09-22,parliament,DEA,Nordrhein-Westfalen,2,piraten,209507.0
3990,2013-09-22,parliament,DEA,Nordrhein-Westfalen,2,prodeutschland,23243.0
3991,2013-09-22,parliament,DEA,Nordrhein-Westfalen,2,psg,2155.0
3992,2013-09-22,parliament,DEA,Nordrhein-Westfalen,2,rechte,2245.0
3993,2013-09-22,parliament,DEA,Nordrhein-Westfalen,2,renter,0.0
3994,2013-09-22,parliament,DEA,Nordrhein-Westfalen,2,rep,13848.0
3995,2013-09-22,parliament,DEA,Nordrhein-Westfalen,2,spd,3028282.0
3996,2013-09-22,parliament,DEA,Nordrhein-Westfalen,2,tierschutz,0.0
3997,2013-09-22,parliament,DEA,Nordrhein-Westfalen,2,vernunft,6888.0
3998,2013-09-22,parliament,DEA,Nordrhein-Westfalen,2,violetten,0.0
3999,2013-09-22,parliament,DEA,Nordrhein-Westfalen,2,volksabstimmung,17622.0
4000,2013-09-22,parliament,DEB,Rheinland-Pfalz,0,eligible_voters,3092424.0
4001,2013-09-22,parliament,DEB,Rheinland-Pfalz,1,issued_ballots,2251979.0
4002,2013-09-22,parliament,DEB,Rheinland-Pfalz,2,21rrp,0.0
4003,2013-09-22,parliament,DEB,Rheinland-Pfalz,2,afd,106414.0
4004,2013-09-22,parliament,DEB,Rheinland-Pfalz,2,big,0.0
4005,2013-09-22,parliament,DEB,Rheinland-Pfalz,2,bp,0.0
4006,2013-09-22,parliament,DEB,Rheinland-Pfalz,2,bueso,0.0
4007,2013-09-22,parliament,DEB,Rheinland-Pfalz,2,cdu,958655.0
4008,2013-09-22,parliament,DEB,Rheinland-Pfalz,2,csu,0.0
4009,2013-09-22,parliament,DEB,Rheinland-Pfalz,2,familie,0.0
4010,2013-09-22,parliament,DEB,Rheinland-Pfalz,2,fdp,122640.0
4011,2013-09-22,parliament,DEB,Rheinland-Pfalz,2,frauen,0.0
4012,2013-09-22,parliament,DEB,Rheinland-Pfalz,2,freiewahler,28159.0
4013,2013-09-22,parliament,DEB,Rheinland-Pfalz,2,gruene,169372.0
4014,2013-09-22,parliament,DEB,Rheinland-Pfalz,2,linke,120338.0
4015,2013-09-22,parliament,DEB,Rheinland-Pfalz,2,mlpd,859.0
4016,2013-09-22,parliament,DEB,Rheinland-Pfalz,2,nichwahler,0.0
4017,2013-09-22,parliament,DEB,Rheinland-Pfalz,2,npd,23980.0
4018,2013-09-22,parliament,DEB,Rheinland-Pfalz,2,oedp,6588.0
4019,2013-09-22,parliament,DEB,Rheinland-Pfalz,2,partei,0.0
4020,2013-09-22,parliament,DEB,Rheinland-Pfalz,2,pbc,0.0
4021,2013-09-22,parliament,DEB,Rheinland-Pfalz,2,piraten,49664.0
4022,2013-09-22,parliament,DEB,Rheinland-Pfalz,2,prodeutschland,4451.0
4023,2013-09-22,parliament,DEB,Rheinland-Pfalz,2,psg,0.0
4024,2013-09-22,parliament,DEB,Rheinland-Pfalz,2,rechte,0.0
4025,2013-09-22,parliament,DEB,Rheinland-Pfalz,2,renter,0.0
4026,2013-09-22,parliament,DEB,Rheinland-Pfalz,2,rep,8545.0
4027,2013-09-22,parliament,DEB,Rheinland-Pfalz,2,spd,608910.0
4028,2013-09-22,parliament,DEB,Rheinland-Pfalz,2,tierschutz,0.0
4029,2013-09-22,parliament,DEB,Rheinland-Pfalz,2,vernunft,5922.0
4030,2013-09-22,parliament,DEB,Rheinland-Pfalz,2,violetten,0.0
4031,2013-09-22,parliament,DEB,Rheinland-Pfalz,2,volksabstimmung,0.0
4032,2013-09-22,parliament,DEC,Saarland,0,eligible_voters,796072.0
4033,2013-09-22,parliament,DEC,Saarland,1,issued_ballots,577428.0
4034,2013-09-22,parliament,DEC,Saarland,2,21rrp,0.0
4035,2013-09-22,parliament,DEC,Saarland,2,afd,29291.0
4036,2013-09-22,parliament,DEC,Saarland,2,big,0.0
4037,2013-09-22,parliament,DEC,Saarland,2,bp,0.0
4038,2013-09-22,parliament,DEC,Saarland,2,bueso,0.0
4039,2013-09-22,parliament,DEC,Saarland,2,cdu,212368.0
4040,2013-09-22,parliament,DEC,Saarland,2,csu,0.0
4041,2013-09-22,parliament,DEC,Saarland,2,familie,7449.0
4042,2013-09-22,parliament,DEC,Saarland,2,fdp,21506.0
4043,2013-09-22,parliament,DEC,Saarland,2,frauen,0.0
4044,2013-09-22,parliament,DEC,Saarland,2,freiewahler,3664.0
4045,2013-09-22,parliament,DEC,Saarland,2,gruene,31998.0
4046,2013-09-22,parliament,DEC,Saarland,2,linke,56045.0
4047,2013-09-22,parliament,DEC,Saarland,2,mlpd,361.0
4048,2013-09-22,parliament,DEC,Saarland,2,nichwahler,0.0
4049,2013-09-22,parliament,DEC,Saarland,2,npd,9691.0
4050,2013-09-22,parliament,DEC,Saarland,2,oedp,0.0
4051,2013-09-22,parliament,DEC,Saarland,2,partei,0.0
4052,2013-09-22,parliament,DEC,Saarland,2,pbc,0.0
4053,2013-09-22,parliament,DEC,Saarland,2,piraten,14693.0
4054,2013-09-22,parliament,DEC,Saarland,2,prodeutschland,902.0
4055,2013-09-22,parliament,DEC,Saarland,2,psg,0.0
4056,2013-09-22,parliament,DEC,Saarland,2,rechte,0.0
4057,2013-09-22,parliament,DEC,Saarland,2,renter,0.0
4058,2013-09-22,parliament,DEC,Saarland,2,rep,0.0
4059,2013-09-22,parliament,DEC,Saarland,2,spd,174592.0
4060,2013-09-22,parliament,DEC,Saarland,2,tierschutz,0.0
4061,2013-09-22,parliament,DEC,Saarland,2,vernunft,0.0
4062,2013-09-22,parliament,DEC,Saarland,2,violetten,0.0
4063,2013-09-22,parliament,DEC,Saarland,2,volksabstimmung,0.0
4064,2013-09-22,parliament,DED,Sachsen,0,eligible_voters,3406430.0
4065,2013-09-22,parliament,DED,Sachsen,1,issued_ballots,2368758.0
4066,2013-09-22,parliament,DED,Sachsen,2,21rrp,0.0
4067,2013-09-22,parliament,DED,Sachsen,2,afd,157781.0
4068,2013-09-22,parliament,DED,Sachsen,2,big,0.0
4069,2013-09-22,parliament,DED,Sachsen,2,bp,0.0
4070,2013-09-22,parliament,DED,Sachsen,2,bueso,5076.0
4071,2013-09-22,parliament,DED,Sachsen,2,cdu,994601.0
4072,2013-09-22,parliament,DED,Sachsen,2,csu,0.0
4073,2013-09-22,parliament,DED,Sachsen,2,familie,0.0
4074,2013-09-22,parliament,DED,Sachsen,2,fdp,71259.0
4075,2013-09-22,parliament,DED,Sachsen,2,frauen,0.0
4076,2013-09-22,parliament,DED,Sachsen,2,freiewahler,34858.0
4077,2013-09-22,parliament,DED,Sachsen,2,gruene,113916.0
4078,2013-09-22,parliament,DED,Sachsen,2,linke,467045.0
4079,2013-09-22,parliament,DED,Sachsen,2,mlpd,2564.0
4080,2013-09-22,parliament,DED,Sachsen,2,nichwahler,0.0
4081,2013-09-22,parliament,DED,Sachsen,2,npd,76436.0
4082,2013-09-22,parliament,DED,Sachsen,2,oedp,0.0
4083,2013-09-22,parliament,DED,Sachsen,2,partei,0.0
4084,2013-09-22,parliament,DED,Sachsen,2,pbc,0.0
4085,2013-09-22,parliament,DED,Sachsen,2,piraten,58561.0
4086,2013-09-22,parliament,DED,Sachsen,2,prodeutschland,9736.0
4087,2013-09-22,parliament,DED,Sachsen,2,psg,0.0
4088,2013-09-22,parliament,DED,Sachsen,2,rechte,0.0
4089,2013-09-22,parliament,DED,Sachsen,2,renter,0.0
4090,2013-09-22,parliament,DED,Sachsen,2,rep,0.0
4091,2013-09-22,parliament,DED,Sachsen,2,spd,340819.0
4092,2013-09-22,parliament,DED,Sachsen,2,tierschutz,0.0
4093,2013-09-22,parliament,DED,Sachsen,2,vernunft,0.0
4094,2013-09-22,parliament,DED,Sachsen,2,violetten,0.0
4095,2013-09-22,parliament,DED,Sachsen,2,volksabstimmung,0.0
4096,2013-09-22,parliament,DEE,Sachsen-Anhalt,0,eligible_voters,1930880.0
4097,2013-09-22,parliament,DEE,Sachsen-Anhalt,1,issued_ballots,1198248.0
4098,2013-09-22,parliament,DEE,Sachsen-Anhalt,2,21rrp,0.0
4099,2013-09-22,parliament,DEE,Sachsen-Anhalt,2,afd,49661.0
4100,2013-09-22,parliament,DEE,Sachsen-Anhalt,2,big,0.0
4101,2013-09-22,parliament,DEE,Sachsen-Anhalt,2,bp,0.0
4102,2013-09-22,parliament,DEE,Sachsen-Anhalt,2,bueso,0.0
4103,2013-09-22,parliament,DEE,Sachsen-Anhalt,2,cdu,485781.0
4104,2013-09-22,parliament,DEE,Sachsen-Anhalt,2,csu,0.0
4105,2013-09-22,parliament,DEE,Sachsen-Anhalt,2,familie,0.0
4106,2013-09-22,parliament,DEE,Sachsen-Anhalt,2,fdp,30998.0
4107,2013-09-22,parliament,DEE,Sachsen-Anhalt,2,frauen,0.0
4108,2013-09-22,parliament,DEE,Sachsen-Anhalt,2,freiewahler,12358.0
4109,2013-09-22,parliament,DEE,Sachsen-Anhalt,2,gruene,46858.0
4110,2013-09-22,parliament,DEE,Sachsen-Anhalt,2,linke,282319.0
4111,2013-09-22,parliament,DEE,Sachsen-Anhalt,2,mlpd,1798.0
4112,2013-09-22,parliament,DEE,Sachsen-Anhalt,2,nichwahler,0.0
4113,2013-09-22,parliament,DEE,Sachsen-Anhalt,2,npd,25900.0
4114,2013-09-22,parliament,DEE,Sachsen-Anhalt,2,oedp,1978.0
4115,2013-09-22,parliament,DEE,Sachsen-Anhalt,2,partei,0.0
4116,2013-09-22,parliament,DEE,Sachsen-Anhalt,2,pbc,0.0
4117,2013-09-22,parliament,DEE,Sachsen-Anhalt,2,piraten,22753.0
4118,2013-09-22,parliament,DEE,Sachsen-Anhalt,2,prodeutschland,3680.0
4119,2013-09-22,parliament,DEE,Sachsen-Anhalt,2,psg,0.0
4120,2013-09-22,parliament,DEE,Sachsen-Anhalt,2,rechte,0.0
4121,2013-09-22,parliament,DEE,Sachsen-Anhalt,2,renter,0.0
4122,2013-09-22,parliament,DEE,Sachsen-Anhalt,2,rep,0.0
4123,2013-09-22,parliament,DEE,Sachsen-Anhalt,2,spd,214731.0
4124,2013-09-22,parliament,DEE,Sachsen-Anhalt,2,tierschutz,0.0
4125,2013-09-22,parliament,DEE,Sachsen-Anhalt,2,vernunft,0.0
4126,2013-09-22,parliament,DEE,Sachsen-Anhalt,2,violetten,0.0
4127,2013-09-22,parliament,DEE,Sachsen-Anhalt,2,volksabstimmung,0.0
4128,2013-09-22,parliament,DEF,Schleswig-Holstein,0,eligible_voters,2251796.0
4129,2013-09-22,parliament,DEF,Schleswig-Holstein,1,issued_ballots,1645750.0
4130,2013-09-22,parliament,DEF,Schleswig-Holstein,2,21rrp,0.0
4131,2013-09-22,parliament,DEF,Schleswig-Holstein,2,afd,74346.0
4132,2013-09-22,parliament,DEF,Schleswig-Holstein,2,big,0.0
4133,2013-09-22,parliament,DEF,Schleswig-Holstein,2,bp,0.0
4134,2013-09-22,parliament,DEF,Schleswig-Holstein,2,bueso,0.0
4135,2013-09-22,parliament,DEF,Schleswig-Holstein,2,cdu,638756.0
4136,2013-09-22,parliament,DEF,Schleswig-Holstein,2,csu,0.0
4137,2013-09-22,parliament,DEF,Schleswig-Holstein,2,familie,0.0
4138,2013-09-22,parliament,DEF,Schleswig-Holstein,2,fdp,91714.0
4139,2013-09-22,parliament,DEF,Schleswig-Holstein,2,frauen,0.0
4140,2013-09-22,parliament,DEF,Schleswig-Holstein,2,freiewahler,8747.0
4141,2013-09-22,parliament,DEF,Schleswig-Holstein,2,gruene,153137.0
4142,2013-09-22,parliament,DEF,Schleswig-Holstein,2,linke,84177.0
4143,2013-09-22,parliament,DEF,Schleswig-Holstein,2,mlpd,521.0
4144,2013-09-22,parliament,DEF,Schleswig-Holstein,2,nichwahler,0.0
4145,2013-09-22,parliament,DEF,Schleswig-Holstein,2,npd,11229.0
4146,2013-09-22,parliament,DEF,Schleswig-Holstein,2,oedp,0.0
4147,2013-09-22,parliament,DEF,Schleswig-Holstein,2,partei,0.0
4148,2013-09-22,parliament,DEF,Schleswig-Holstein,2,pbc,0.0
4149,2013-09-22,parliament,DEF,Schleswig-Holstein,2,piraten,32217.0
4150,2013-09-22,parliament,DEF,Schleswig-Holstein,2,prodeutschland,0.0
4151,2013-09-22,parliament,DEF,Schleswig-Holstein,2,psg,0.0
4152,2013-09-22,parliament,DEF,Schleswig-Holstein,2,rechte,0.0
4153,2013-09-22,parliament,DEF,Schleswig-Holstein,2,renter,6843.0
4154,2013-09-22,parliament,DEF,Schleswig-Holstein,2,rep,0.0
4155,2013-09-22,parliament,DEF,Schleswig-Holstein,2,spd,513725.0
4156,2013-09-22,parliament,DEF,Schleswig-Holstein,2,tierschutz,12878.0
4157,2013-09-22,parliament,DEF,Schleswig-Holstein,2,vernunft,0.0
4158,2013-09-22,parliament,DEF,Schleswig-Holstein,2,violetten,0.0
4159,2013-09-22,parliament,DEF,Schleswig-Holstein,2,volksabstimmung,0.0
4160,2013-09-22,parliament,DEG,Thüringen,0,eligible_voters,1834259.0
4161,2013-09-22,parliament,DEG,Thüringen,1,issued_ballots,1251403.0
4162,2013-09-22,parliament,DEG,Thüringen,2,21rrp,0.0
4163,2013-09-22,parliament,DEG,Thüringen,2,afd,76013.0
4164,2013-09-22,parliament,DEG,Thüringen,2,big,0.0
4165,2013-09-22,parliament,DEG,Thüringen,2,bp,0.0
4166,2013-09-22,parliament,DEG,Thüringen,2,bueso,0.0
4167,2013-09-22,parliament,DEG,Thüringen,2,cdu,477283.0
4168,2013-09-22,parliament,DEG,Thüringen,2,csu,0.0
4169,2013-09-22,parliament,DEG,Thüringen,2,familie,0.0
4170,2013-09-22,parliament,DEG,Thüringen,2,fdp,32101.0
4171,2013-09-22,parliament,DEG,Thüringen,2,frauen,0.0
4172,2013-09-22,parliament,DEG,Thüringen,2,freiewahler,17613.0
4173,2013-09-22,parliament,DEG,Thüringen,2,gruene,60511.0
4174,2013-09-22,parliament,DEG,Thüringen,2,linke,288615.0
4175,2013-09-22,parliament,DEG,Thüringen,2,mlpd,1744.0
4176,2013-09-22,parliament,DEG,Thüringen,2,nichwahler,0.0
4177,2013-09-22,parliament,DEG,Thüringen,2,npd,39107.0
4178,2013-09-22,parliament,DEG,Thüringen,2,oedp,7900.0
4179,2013-09-22,parliament,DEG,Thüringen,2,partei,0.0
4180,2013-09-22,parliament,DEG,Thüringen,2,pbc,0.0
4181,2013-09-22,parliament,DEG,Thüringen,2,piraten,29499.0
4182,2013-09-22,parliament,DEG,Thüringen,2,prodeutschland,0.0
4183,2013-09-22,parliament,DEG,Thüringen,2,psg,0.0
4184,2013-09-22,parliament,DEG,Thüringen,2,rechte,0.0
4185,2013-09-22,parliament,DEG,Thüringen,2,renter,0.0
4186,2013-09-22,parliament,DEG,Thüringen,2,rep,2593.0
4187,2013-09-22,parliament,DEG,Thüringen,2,spd,198714.0
4188,2013-09-22,parliament,DEG,Thüringen,2,tierschutz,0.0
4189,2013-09-22,parliament,DEG,Thüringen,2,vernunft,0.0
4190,2013-09-22,parliament,DEG,Thüringen,2,violetten,0.0
4191,2013-09-22,parliament,DEG,Thüringen,2,volksabstimmung,0.0
4192,2014-05-25,european,DE1,Baden-Württemberg,0,eligible_voters,7713126.0
4193,2014-05-25,european,DE1,Baden-Württemberg,1,issued_ballots,4015264.0
4194,2014-05-25,european,DE1,Baden-Württemberg,2,afd,309500.0
4195,2014-05-25,european,DE1,Baden-Württemberg,2,auf,10056.0
4196,2014-05-25,european,DE1,Baden-Württemberg,2,bp,2923.0
4197,2014-05-25,european,DE1,Baden-Württemberg,2,bueso,1172.0
4198,2014-05-25,european,DE1,Baden-Württemberg,2,cdu,1542244.0
4199,2014-05-25,european,DE1,Baden-Württemberg,2,cm,6515.0
4200,2014-05-25,european,DE1,Baden-Württemberg,2,csu,0.0
4201,2014-05-25,european,DE1,Baden-Württemberg,2,dkp,1705.0
4202,2014-05-25,european,DE1,Baden-Württemberg,2,familie,20623.0
4203,2014-05-25,european,DE1,Baden-Württemberg,2,fdp,161669.0
4204,2014-05-25,european,DE1,Baden-Württemberg,2,fw,91721.0
4205,2014-05-25,european,DE1,Baden-Württemberg,2,gruene,517842.0
4206,2014-05-25,european,DE1,Baden-Württemberg,2,linke,142360.0
4207,2014-05-25,european,DE1,Baden-Württemberg,2,mlpd,2353.0
4208,2014-05-25,european,DE1,Baden-Württemberg,2,npd,23424.0
4209,2014-05-25,european,DE1,Baden-Württemberg,2,oedp,27468.0
4210,2014-05-25,european,DE1,Baden-Württemberg,2,partei,20823.0
4211,2014-05-25,european,DE1,Baden-Württemberg,2,pbc,14877.0
4212,2014-05-25,european,DE1,Baden-Württemberg,2,piraten,48466.0
4213,2014-05-25,european,DE1,Baden-Württemberg,2,pro_nrw,1413.0
4214,2014-05-25,european,DE1,Baden-Württemberg,2,psg,1174.0
4215,2014-05-25,european,DE1,Baden-Württemberg,2,rep,23970.0
4216,2014-05-25,european,DE1,Baden-Württemberg,2,spd,902720.0
4217,2014-05-25,european,DE1,Baden-Württemberg,2,tierschutz,40470.0
4218,2014-05-25,european,DE1,Baden-Württemberg,2,volksabstimmung,10286.0
4219,2014-05-25,european,DE2,Bayern,0,eligible_voters,9503690.0
4220,2014-05-25,european,DE2,Bayern,1,issued_ballots,3886041.0
4221,2014-05-25,european,DE2,Bayern,2,afd,311982.0
4222,2014-05-25,european,DE2,Bayern,2,auf,10670.0
4223,2014-05-25,european,DE2,Bayern,2,bp,49273.0
4224,2014-05-25,european,DE2,Bayern,2,bueso,1091.0
4225,2014-05-25,european,DE2,Bayern,2,cdu,0.0
4226,2014-05-25,european,DE2,Bayern,2,cm,4673.0
4227,2014-05-25,european,DE2,Bayern,2,csu,1567448.0
4228,2014-05-25,european,DE2,Bayern,2,dkp,1707.0
4229,2014-05-25,european,DE2,Bayern,2,familie,11780.0
4230,2014-05-25,european,DE2,Bayern,2,fdp,118364.0
4231,2014-05-25,european,DE2,Bayern,2,fw,166631.0
4232,2014-05-25,european,DE2,Bayern,2,gruene,466916.0
4233,2014-05-25,european,DE2,Bayern,2,linke,113914.0
4234,2014-05-25,european,DE2,Bayern,2,mlpd,1266.0
4235,2014-05-25,european,DE2,Bayern,2,npd,22824.0
4236,2014-05-25,european,DE2,Bayern,2,oedp,104063.0
4237,2014-05-25,european,DE2,Bayern,2,partei,17714.0
4238,2014-05-25,european,DE2,Bayern,2,pbc,5686.0
4239,2014-05-25,european,DE2,Bayern,2,piraten,46047.0
4240,2014-05-25,european,DE2,Bayern,2,pro_nrw,1263.0
4241,2014-05-25,european,DE2,Bayern,2,psg,858.0
4242,2014-05-25,european,DE2,Bayern,2,rep,19038.0
4243,2014-05-25,european,DE2,Bayern,2,spd,779399.0
4244,2014-05-25,european,DE2,Bayern,2,tierschutz,40608.0
4245,2014-05-25,european,DE2,Bayern,2,volksabstimmung,8237.0
4246,2014-05-25,european,DE3,Berlin,0,eligible_voters,2519758.0
4247,2014-05-25,european,DE3,Berlin,1,issued_ballots,1177832.0
4248,2014-05-25,european,DE3,Berlin,2,afd,91759.0
4249,2014-05-25,european,DE3,Berlin,2,auf,1095.0
4250,2014-05-25,european,DE3,Berlin,2,bp,468.0
4251,2014-05-25,european,DE3,Berlin,2,bueso,692.0
4252,2014-05-25,european,DE3,Berlin,2,cdu,232274.0
4253,2014-05-25,european,DE3,Berlin,2,cm,550.0
4254,2014-05-25,european,DE3,Berlin,2,csu,0.0
4255,2014-05-25,european,DE3,Berlin,2,dkp,3009.0
4256,2014-05-25,european,DE3,Berlin,2,familie,6107.0
4257,2014-05-25,european,DE3,Berlin,2,fdp,31953.0
4258,2014-05-25,european,DE3,Berlin,2,fw,3454.0
4259,2014-05-25,european,DE3,Berlin,2,gruene,220998.0
4260,2014-05-25,european,DE3,Berlin,2,linke,188344.0
4261,2014-05-25,european,DE3,Berlin,2,mlpd,1169.0
4262,2014-05-25,european,DE3,Berlin,2,npd,11842.0
4263,2014-05-25,european,DE3,Berlin,2,oedp,3674.0
4264,2014-05-25,european,DE3,Berlin,2,partei,18532.0
4265,2014-05-25,european,DE3,Berlin,2,pbc,872.0
4266,2014-05-25,european,DE3,Berlin,2,piraten,37442.0
4267,2014-05-25,european,DE3,Berlin,2,pro_nrw,646.0
4268,2014-05-25,european,DE3,Berlin,2,psg,745.0
4269,2014-05-25,european,DE3,Berlin,2,rep,2863.0
4270,2014-05-25,european,DE3,Berlin,2,spd,278694.0
4271,2014-05-25,european,DE3,Berlin,2,tierschutz,18601.0
4272,2014-05-25,european,DE3,Berlin,2,volksabstimmung,3883.0
4273,2014-05-25,european,DE4,Brandenburg,0,eligible_voters,2060156.0
4274,2014-05-25,european,DE4,Brandenburg,1,issued_ballots,961109.0
4275,2014-05-25,european,DE4,Brandenburg,2,afd,79371.0
4276,2014-05-25,european,DE4,Brandenburg,2,auf,1276.0
4277,2014-05-25,european,DE4,Brandenburg,2,bp,532.0
4278,2014-05-25,european,DE4,Brandenburg,2,bueso,634.0
4279,2014-05-25,european,DE4,Brandenburg,2,cdu,233468.0
4280,2014-05-25,european,DE4,Brandenburg,2,cm,702.0
4281,2014-05-25,european,DE4,Brandenburg,2,csu,0.0
4282,2014-05-25,european,DE4,Brandenburg,2,dkp,2435.0
4283,2014-05-25,european,DE4,Brandenburg,2,familie,19373.0
4284,2014-05-25,european,DE4,Brandenburg,2,fdp,20051.0
4285,2014-05-25,european,DE4,Brandenburg,2,fw,7912.0
4286,2014-05-25,european,DE4,Brandenburg,2,gruene,57057.0
4287,2014-05-25,european,DE4,Brandenburg,2,linke,183727.0
4288,2014-05-25,european,DE4,Brandenburg,2,mlpd,1087.0
4289,2014-05-25,european,DE4,Brandenburg,2,npd,24075.0
4290,2014-05-25,european,DE4,Brandenburg,2,oedp,1832.0
4291,2014-05-25,european,DE4,Brandenburg,2,partei,6914.0
4292,2014-05-25,european,DE4,Brandenburg,2,pbc,936.0
4293,2014-05-25,european,DE4,Brandenburg,2,piraten,15758.0
4294,2014-05-25,european,DE4,Brandenburg,2,pro_nrw,553.0
4295,2014-05-25,european,DE4,Brandenburg,2,psg,580.0
4296,2014-05-25,european,DE4,Brandenburg,2,rep,4125.0
4297,2014-05-25,european,DE4,Brandenburg,2,spd,251482.0
4298,2014-05-25,european,DE4,Brandenburg,2,tierschutz,16407.0
4299,2014-05-25,european,DE4,Brandenburg,2,volksabstimmung,4259.0
4300,2014-05-25,european,DE5,Bremen,0,eligible_voters,483728.0
4301,2014-05-25,european,DE5,Bremen,1,issued_ballots,195029.0
4302,2014-05-25,european,DE5,Bremen,2,afd,11205.0
4303,2014-05-25,european,DE5,Bremen,2,auf,184.0
4304,2014-05-25,european,DE5,Bremen,2,bp,66.0
4305,2014-05-25,european,DE5,Bremen,2,bueso,47.0
4306,2014-05-25,european,DE5,Bremen,2,cdu,43353.0
4307,2014-05-25,european,DE5,Bremen,2,cm,101.0
4308,2014-05-25,european,DE5,Bremen,2,csu,0.0
4309,2014-05-25,european,DE5,Bremen,2,dkp,229.0
4310,2014-05-25,european,DE5,Bremen,2,familie,834.0
4311,2014-05-25,european,DE5,Bremen,2,fdp,6301.0
4312,2014-05-25,european,DE5,Bremen,2,fw,520.0
4313,2014-05-25,european,DE5,Bremen,2,gruene,33997.0
4314,2014-05-25,european,DE5,Bremen,2,linke,18499.0
4315,2014-05-25,european,DE5,Bremen,2,mlpd,109.0
4316,2014-05-25,european,DE5,Bremen,2,npd,1078.0
4317,2014-05-25,european,DE5,Bremen,2,oedp,406.0
4318,2014-05-25,european,DE5,Bremen,2,partei,1939.0
4319,2014-05-25,european,DE5,Bremen,2,pbc,360.0
4320,2014-05-25,european,DE5,Bremen,2,piraten,3929.0
4321,2014-05-25,european,DE5,Bremen,2,pro_nrw,118.0
4322,2014-05-25,european,DE5,Bremen,2,psg,45.0
4323,2014-05-25,european,DE5,Bremen,2,rep,348.0
4324,2014-05-25,european,DE5,Bremen,2,spd,66536.0
4325,2014-05-25,european,DE5,Bremen,2,tierschutz,2891.0
4326,2014-05-25,european,DE5,Bremen,2,volksabstimmung,468.0
4327,2014-05-25,european,DE6,Hamburg,0,eligible_voters,1283323.0
4328,2014-05-25,european,DE6,Hamburg,1,issued_ballots,558277.0
4329,2014-05-25,european,DE6,Hamburg,2,afd,33239.0
4330,2014-05-25,european,DE6,Hamburg,2,auf,398.0
4331,2014-05-25,european,DE6,Hamburg,2,bp,122.0
4332,2014-05-25,european,DE6,Hamburg,2,bueso,138.0
4333,2014-05-25,european,DE6,Hamburg,2,cdu,135780.0
4334,2014-05-25,european,DE6,Hamburg,2,cm,201.0
4335,2014-05-25,european,DE6,Hamburg,2,csu,0.0
4336,2014-05-25,european,DE6,Hamburg,2,dkp,567.0
4337,2014-05-25,european,DE6,Hamburg,2,familie,1524.0
4338,2014-05-25,european,DE6,Hamburg,2,fdp,20513.0
4339,2014-05-25,european,DE6,Hamburg,2,fw,1641.0
4340,2014-05-25,european,DE6,Hamburg,2,gruene,95169.0
4341,2014-05-25,european,DE6,Hamburg,2,linke,47630.0
4342,2014-05-25,european,DE6,Hamburg,2,mlpd,261.0
4343,2014-05-25,european,DE6,Hamburg,2,npd,2250.0
4344,2014-05-25,european,DE6,Hamburg,2,oedp,1910.0
4345,2014-05-25,european,DE6,Hamburg,2,partei,5083.0
4346,2014-05-25,european,DE6,Hamburg,2,pbc,504.0
4347,2014-05-25,european,DE6,Hamburg,2,piraten,12284.0
4348,2014-05-25,european,DE6,Hamburg,2,pro_nrw,233.0
4349,2014-05-25,european,DE6,Hamburg,2,psg,99.0
4350,2014-05-25,european,DE6,Hamburg,2,rep,353.0
4351,2014-05-25,european,DE6,Hamburg,2,spd,186638.0
4352,2014-05-25,european,DE6,Hamburg,2,tierschutz,5443.0
4353,2014-05-25,european,DE6,Hamburg,2,volksabstimmung,891.0
4354,2014-05-25,european,DE7,Hessen,0,eligible_voters,4422994.0
4355,2014-05-25,european,DE7,Hessen,1,issued_ballots,1867868.0
4356,2014-05-25,european,DE7,Hessen,2,afd,168506.0
4357,2014-05-25,european,DE7,Hessen,2,auf,3116.0
4358,2014-05-25,european,DE7,Hessen,2,bp,992.0
4359,2014-05-25,european,DE7,Hessen,2,bueso,535.0
4360,2014-05-25,european,DE7,Hessen,2,cdu,564294.0
4361,2014-05-25,european,DE7,Hessen,2,cm,1931.0
4362,2014-05-25,european,DE7,Hessen,2,csu,0.0
4363,2014-05-25,european,DE7,Hessen,2,dkp,1603.0
4364,2014-05-25,european,DE7,Hessen,2,familie,8602.0
4365,2014-05-25,european,DE7,Hessen,2,fdp,74773.0
4366,2014-05-25,european,DE7,Hessen,2,fw,16080.0
4367,2014-05-25,european,DE7,Hessen,2,gruene,238657.0
4368,2014-05-25,european,DE7,Hessen,2,linke,103573.0
4369,2014-05-25,european,DE7,Hessen,2,mlpd,726.0
4370,2014-05-25,european,DE7,Hessen,2,npd,13869.0
4371,2014-05-25,european,DE7,Hessen,2,oedp,6185.0
4372,2014-05-25,european,DE7,Hessen,2,partei,12318.0
4373,2014-05-25,european,DE7,Hessen,2,pbc,3846.0
4374,2014-05-25,european,DE7,Hessen,2,piraten,27770.0
4375,2014-05-25,european,DE7,Hessen,2,pro_nrw,904.0
4376,2014-05-25,european,DE7,Hessen,2,psg,499.0
4377,2014-05-25,european,DE7,Hessen,2,rep,7698.0
4378,2014-05-25,european,DE7,Hessen,2,spd,558541.0
4379,2014-05-25,european,DE7,Hessen,2,tierschutz,21916.0
4380,2014-05-25,european,DE7,Hessen,2,volksabstimmung,6620.0
4381,2014-05-25,european,DE8,Mecklenburg-Vorpommern,0,eligible_voters,1344770.0
4382,2014-05-25,european,DE8,Mecklenburg-Vorpommern,1,issued_ballots,629039.0
4383,2014-05-25,european,DE8,Mecklenburg-Vorpommern,2,afd,42548.0
4384,2014-05-25,european,DE8,Mecklenburg-Vorpommern,2,auf,1752.0
4385,2014-05-25,european,DE8,Mecklenburg-Vorpommern,2,bp,395.0
4386,2014-05-25,european,DE8,Mecklenburg-Vorpommern,2,bueso,456.0
4387,2014-05-25,european,DE8,Mecklenburg-Vorpommern,2,cdu,210268.0
4388,2014-05-25,european,DE8,Mecklenburg-Vorpommern,2,cm,770.0
4389,2014-05-25,european,DE8,Mecklenburg-Vorpommern,2,csu,0.0
4390,2014-05-25,european,DE8,Mecklenburg-Vorpommern,2,dkp,1476.0
4391,2014-05-25,european,DE8,Mecklenburg-Vorpommern,2,familie,9869.0
4392,2014-05-25,european,DE8,Mecklenburg-Vorpommern,2,fdp,11464.0
4393,2014-05-25,european,DE8,Mecklenburg-Vorpommern,2,fw,4429.0
4394,2014-05-25,european,DE8,Mecklenburg-Vorpommern,2,gruene,30780.0
4395,2014-05-25,european,DE8,Mecklenburg-Vorpommern,2,linke,119198.0
4396,2014-05-25,european,DE8,Mecklenburg-Vorpommern,2,mlpd,878.0
4397,2014-05-25,european,DE8,Mecklenburg-Vorpommern,2,npd,18031.0
4398,2014-05-25,european,DE8,Mecklenburg-Vorpommern,2,oedp,1048.0
4399,2014-05-25,european,DE8,Mecklenburg-Vorpommern,2,partei,3880.0
4400,2014-05-25,european,DE8,Mecklenburg-Vorpommern,2,pbc,828.0
4401,2014-05-25,european,DE8,Mecklenburg-Vorpommern,2,piraten,7562.0
4402,2014-05-25,european,DE8,Mecklenburg-Vorpommern,2,pro_nrw,362.0
4403,2014-05-25,european,DE8,Mecklenburg-Vorpommern,2,psg,515.0
4404,2014-05-25,european,DE8,Mecklenburg-Vorpommern,2,rep,1935.0
4405,2014-05-25,european,DE8,Mecklenburg-Vorpommern,2,spd,129112.0
4406,2014-05-25,european,DE8,Mecklenburg-Vorpommern,2,tierschutz,7103.0
4407,2014-05-25,european,DE8,Mecklenburg-Vorpommern,2,volksabstimmung,3294.0
4408,2014-05-25,european,DE9,Niedersachsen,0,eligible_voters,6126291.0
4409,2014-05-25,european,DE9,Niedersachsen,1,issued_ballots,3006852.0
4410,2014-05-25,european,DE9,Niedersachsen,2,afd,160342.0
4411,2014-05-25,european,DE9,Niedersachsen,2,auf,2596.0
4412,2014-05-25,european,DE9,Niedersachsen,2,bp,1135.0
4413,2014-05-25,european,DE9,Niedersachsen,2,bueso,671.0
4414,2014-05-25,european,DE9,Niedersachsen,2,cdu,1174739.0
4415,2014-05-25,european,DE9,Niedersachsen,2,cm,1738.0
4416,2014-05-25,european,DE9,Niedersachsen,2,csu,0.0
4417,2014-05-25,european,DE9,Niedersachsen,2,dkp,1511.0
4418,2014-05-25,european,DE9,Niedersachsen,2,familie,13840.0
4419,2014-05-25,european,DE9,Niedersachsen,2,fdp,75347.0
4420,2014-05-25,european,DE9,Niedersachsen,2,fw,11756.0
4421,2014-05-25,european,DE9,Niedersachsen,2,gruene,324221.0
4422,2014-05-25,european,DE9,Niedersachsen,2,linke,118385.0
4423,2014-05-25,european,DE9,Niedersachsen,2,mlpd,916.0
4424,2014-05-25,european,DE9,Niedersachsen,2,npd,16915.0
4425,2014-05-25,european,DE9,Niedersachsen,2,oedp,5242.0
4426,2014-05-25,european,DE9,Niedersachsen,2,partei,16232.0
4427,2014-05-25,european,DE9,Niedersachsen,2,pbc,5742.0
4428,2014-05-25,european,DE9,Niedersachsen,2,piraten,34963.0
4429,2014-05-25,european,DE9,Niedersachsen,2,pro_nrw,1147.0
4430,2014-05-25,european,DE9,Niedersachsen,2,psg,514.0
4431,2014-05-25,european,DE9,Niedersachsen,2,rep,4572.0
4432,2014-05-25,european,DE9,Niedersachsen,2,spd,967811.0
4433,2014-05-25,european,DE9,Niedersachsen,2,tierschutz,32437.0
4434,2014-05-25,european,DE9,Niedersachsen,2,volksabstimmung,5463.0
4435,2014-05-25,european,DEA,Nordrhein-Westfalen,0,eligible_voters,13265031.0
4436,2014-05-25,european,DEA,Nordrhein-Westfalen,1,issued_ballots,6941739.0
4437,2014-05-25,european,DEA,Nordrhein-Westfalen,2,afd,369724.0
4438,2014-05-25,european,DEA,Nordrhein-Westfalen,2,auf,7679.0
4439,2014-05-25,european,DEA,Nordrhein-Westfalen,2,bp,2473.0
4440,2014-05-25,european,DEA,Nordrhein-Westfalen,2,bueso,1937.0
4441,2014-05-25,european,DEA,Nordrhein-Westfalen,2,cdu,2439979.0
4442,2014-05-25,european,DEA,Nordrhein-Westfalen,2,cm,4464.0
4443,2014-05-25,european,DEA,Nordrhein-Westfalen,2,csu,0.0
4444,2014-05-25,european,DEA,Nordrhein-Westfalen,2,dkp,4107.0
4445,2014-05-25,european,DEA,Nordrhein-Westfalen,2,familie,31957.0
4446,2014-05-25,european,DEA,Nordrhein-Westfalen,2,fdp,274991.0
4447,2014-05-25,european,DEA,Nordrhein-Westfalen,2,fw,27212.0
4448,2014-05-25,european,DEA,Nordrhein-Westfalen,2,gruene,688410.0
4449,2014-05-25,european,DEA,Nordrhein-Westfalen,2,linke,322197.0
4450,2014-05-25,european,DEA,Nordrhein-Westfalen,2,mlpd,3858.0
4451,2014-05-25,european,DEA,Nordrhein-Westfalen,2,npd,38251.0
4452,2014-05-25,european,DEA,Nordrhein-Westfalen,2,oedp,15303.0
4453,2014-05-25,european,DEA,Nordrhein-Westfalen,2,partei,37733.0
4454,2014-05-25,european,DEA,Nordrhein-Westfalen,2,pbc,8991.0
4455,2014-05-25,european,DEA,Nordrhein-Westfalen,2,piraten,99178.0
4456,2014-05-25,european,DEA,Nordrhein-Westfalen,2,pro_nrw,42404.0
4457,2014-05-25,european,DEA,Nordrhein-Westfalen,2,psg,1339.0
4458,2014-05-25,european,DEA,Nordrhein-Westfalen,2,rep,18736.0
4459,2014-05-25,european,DEA,Nordrhein-Westfalen,2,spd,2307234.0
4460,2014-05-25,european,DEA,Nordrhein-Westfalen,2,tierschutz,80599.0
4461,2014-05-25,european,DEA,Nordrhein-Westfalen,2,volksabstimmung,17260.0
4462,2014-05-25,european,DEB,Rheinland-Pfalz,0,eligible_voters,3093894.0
4463,2014-05-25,european,DEB,Rheinland-Pfalz,1,issued_ballots,1763166.0
4464,2014-05-25,european,DEB,Rheinland-Pfalz,2,afd,114602.0
4465,2014-05-25,european,DEB,Rheinland-Pfalz,2,auf,2269.0
4466,2014-05-25,european,DEB,Rheinland-Pfalz,2,bp,1041.0
4467,2014-05-25,european,DEB,Rheinland-Pfalz,2,bueso,393.0
4468,2014-05-25,european,DEB,Rheinland-Pfalz,2,cdu,661339.0
4469,2014-05-25,european,DEB,Rheinland-Pfalz,2,cm,1700.0
4470,2014-05-25,european,DEB,Rheinland-Pfalz,2,csu,0.0
4471,2014-05-25,european,DEB,Rheinland-Pfalz,2,dkp,662.0
4472,2014-05-25,european,DEB,Rheinland-Pfalz,2,familie,9741.0
4473,2014-05-25,european,DEB,Rheinland-Pfalz,2,fdp,63988.0
4474,2014-05-25,european,DEB,Rheinland-Pfalz,2,fw,34400.0
4475,2014-05-25,european,DEB,Rheinland-Pfalz,2,gruene,139047.0
4476,2014-05-25,european,DEB,Rheinland-Pfalz,2,linke,62977.0
4477,2014-05-25,european,DEB,Rheinland-Pfalz,2,mlpd,546.0
4478,2014-05-25,european,DEB,Rheinland-Pfalz,2,npd,12556.0
4479,2014-05-25,european,DEB,Rheinland-Pfalz,2,oedp,6852.0
4480,2014-05-25,european,DEB,Rheinland-Pfalz,2,partei,8573.0
4481,2014-05-25,european,DEB,Rheinland-Pfalz,2,pbc,3333.0
4482,2014-05-25,european,DEB,Rheinland-Pfalz,2,piraten,21433.0
4483,2014-05-25,european,DEB,Rheinland-Pfalz,2,pro_nrw,1087.0
4484,2014-05-25,european,DEB,Rheinland-Pfalz,2,psg,366.0
4485,2014-05-25,european,DEB,Rheinland-Pfalz,2,rep,9184.0
4486,2014-05-25,european,DEB,Rheinland-Pfalz,2,spd,529232.0
4487,2014-05-25,european,DEB,Rheinland-Pfalz,2,tierschutz,28981.0
4488,2014-05-25,european,DEB,Rheinland-Pfalz,2,volksabstimmung,7162.0
4489,2014-05-25,european,DEC,Saarland,0,eligible_voters,793193.0
4490,2014-05-25,european,DEC,Saarland,1,issued_ballots,429269.0
4491,2014-05-25,european,DEC,Saarland,2,afd,28248.0
4492,2014-05-25,european,DEC,Saarland,2,auf,946.0
4493,2014-05-25,european,DEC,Saarland,2,bp,200.0
4494,2014-05-25,european,DEC,Saarland,2,bueso,116.0
4495,2014-05-25,european,DEC,Saarland,2,cdu,145182.0
4496,2014-05-25,european,DEC,Saarland,2,cm,470.0
4497,2014-05-25,european,DEC,Saarland,2,csu,0.0
4498,2014-05-25,european,DEC,Saarland,2,dkp,298.0
4499,2014-05-25,european,DEC,Saarland,2,familie,6211.0
4500,2014-05-25,european,DEC,Saarland,2,fdp,9281.0
4501,2014-05-25,european,DEC,Saarland,2,fw,3250.0
4502,2014-05-25,european,DEC,Saarland,2,gruene,24762.0
4503,2014-05-25,european,DEC,Saarland,2,linke,27630.0
4504,2014-05-25,european,DEC,Saarland,2,mlpd,197.0
4505,2014-05-25,european,DEC,Saarland,2,npd,5594.0
4506,2014-05-25,european,DEC,Saarland,2,oedp,752.0
4507,2014-05-25,european,DEC,Saarland,2,partei,2656.0
4508,2014-05-25,european,DEC,Saarland,2,pbc,288.0
4509,2014-05-25,european,DEC,Saarland,2,piraten,7060.0
4510,2014-05-25,european,DEC,Saarland,2,pro_nrw,182.0
4511,2014-05-25,european,DEC,Saarland,2,psg,103.0
4512,2014-05-25,european,DEC,Saarland,2,rep,746.0
4513,2014-05-25,european,DEC,Saarland,2,spd,143009.0
4514,2014-05-25,european,DEC,Saarland,2,tierschutz,7249.0
4515,2014-05-25,european,DEC,Saarland,2,volksabstimmung,1144.0
4516,2014-05-25,european,DED,Sachsen,0,eligible_voters,3392983.0
4517,2014-05-25,european,DED,Sachsen,1,issued_ballots,1669244.0
4518,2014-05-25,european,DED,Sachsen,2,afd,164263.0
4519,2014-05-25,european,DED,Sachsen,2,auf,3913.0
4520,2014-05-25,european,DED,Sachsen,2,bp,1088.0
4521,2014-05-25,european,DED,Sachsen,2,bueso,1261.0
4522,2014-05-25,european,DED,Sachsen,2,cdu,559899.0
4523,2014-05-25,european,DED,Sachsen,2,cm,2425.0
4524,2014-05-25,european,DED,Sachsen,2,csu,0.0
4525,2014-05-25,european,DED,Sachsen,2,dkp,2302.0
4526,2014-05-25,european,DED,Sachsen,2,familie,22979.0
4527,2014-05-25,european,DED,Sachsen,2,fdp,41589.0
4528,2014-05-25,european,DED,Sachsen,2,fw,26602.0
4529,2014-05-25,european,DED,Sachsen,2,gruene,97256.0
4530,2014-05-25,european,DED,Sachsen,2,linke,296853.0
4531,2014-05-25,european,DED,Sachsen,2,mlpd,1855.0
4532,2014-05-25,european,DED,Sachsen,2,npd,57651.0
4533,2014-05-25,european,DED,Sachsen,2,oedp,3391.0
4534,2014-05-25,european,DED,Sachsen,2,partei,15064.0
4535,2014-05-25,european,DED,Sachsen,2,pbc,5948.0
4536,2014-05-25,european,DED,Sachsen,2,piraten,25305.0
4537,2014-05-25,european,DED,Sachsen,2,pro_nrw,934.0
4538,2014-05-25,european,DED,Sachsen,2,psg,722.0
4539,2014-05-25,european,DED,Sachsen,2,rep,6399.0
4540,2014-05-25,european,DED,Sachsen,2,spd,252388.0
4541,2014-05-25,european,DED,Sachsen,2,tierschutz,23673.0
4542,2014-05-25,european,DED,Sachsen,2,volksabstimmung,7997.0
4543,2014-05-25,european,DEE,Sachsen-Anhalt,0,eligible_voters,1916865.0
4544,2014-05-25,european,DEE,Sachsen-Anhalt,1,issued_ballots,824614.0
4545,2014-05-25,european,DEE,Sachsen-Anhalt,2,afd,50605.0
4546,2014-05-25,european,DEE,Sachsen-Anhalt,2,auf,1994.0
4547,2014-05-25,european,DEE,Sachsen-Anhalt,2,bp,860.0
4548,2014-05-25,european,DEE,Sachsen-Anhalt,2,bueso,717.0
4549,2014-05-25,european,DEE,Sachsen-Anhalt,2,cdu,245010.0
4550,2014-05-25,european,DEE,Sachsen-Anhalt,2,cm,2720.0
4551,2014-05-25,european,DEE,Sachsen-Anhalt,2,csu,0.0
4552,2014-05-25,european,DEE,Sachsen-Anhalt,2,dkp,1722.0
4553,2014-05-25,european,DEE,Sachsen-Anhalt,2,familie,16389.0
4554,2014-05-25,european,DEE,Sachsen-Anhalt,2,fdp,21007.0
4555,2014-05-25,european,DEE,Sachsen-Anhalt,2,fw,11272.0
4556,2014-05-25,european,DEE,Sachsen-Anhalt,2,gruene,38485.0
4557,2014-05-25,european,DEE,Sachsen-Anhalt,2,linke,174103.0
4558,2014-05-25,european,DEE,Sachsen-Anhalt,2,mlpd,1390.0
4559,2014-05-25,european,DEE,Sachsen-Anhalt,2,npd,16758.0
4560,2014-05-25,european,DEE,Sachsen-Anhalt,2,oedp,1784.0
4561,2014-05-25,european,DEE,Sachsen-Anhalt,2,partei,5416.0
4562,2014-05-25,european,DEE,Sachsen-Anhalt,2,pbc,976.0
4563,2014-05-25,european,DEE,Sachsen-Anhalt,2,piraten,10078.0
4564,2014-05-25,european,DEE,Sachsen-Anhalt,2,pro_nrw,579.0
4565,2014-05-25,european,DEE,Sachsen-Anhalt,2,psg,646.0
4566,2014-05-25,european,DEE,Sachsen-Anhalt,2,rep,3411.0
4567,2014-05-25,european,DEE,Sachsen-Anhalt,2,spd,173082.0
4568,2014-05-25,european,DEE,Sachsen-Anhalt,2,tierschutz,14368.0
4569,2014-05-25,european,DEE,Sachsen-Anhalt,2,volksabstimmung,4633.0
4570,2014-05-25,european,DEF,Schleswig-Holstein,0,eligible_voters,2257089.0
4571,2014-05-25,european,DEF,Schleswig-Holstein,1,issued_ballots,978082.0
4572,2014-05-25,european,DEF,Schleswig-Holstein,2,afd,66109.0
4573,2014-05-25,european,DEF,Schleswig-Holstein,2,auf,1034.0
4574,2014-05-25,european,DEF,Schleswig-Holstein,2,bp,330.0
4575,2014-05-25,european,DEF,Schleswig-Holstein,2,bueso,142.0
4576,2014-05-25,european,DEF,Schleswig-Holstein,2,cdu,334121.0
4577,2014-05-25,european,DEF,Schleswig-Holstein,2,cm,440.0
4578,2014-05-25,european,DEF,Schleswig-Holstein,2,csu,0.0
4579,2014-05-25,european,DEF,Schleswig-Holstein,2,dkp,566.0
4580,2014-05-25,european,DEF,Schleswig-Holstein,2,familie,7482.0
4581,2014-05-25,european,DEF,Schleswig-Holstein,2,fdp,36394.0
4582,2014-05-25,european,DEF,Schleswig-Holstein,2,fw,5072.0
4583,2014-05-25,european,DEF,Schleswig-Holstein,2,gruene,120245.0
4584,2014-05-25,european,DEF,Schleswig-Holstein,2,linke,43302.0
4585,2014-05-25,european,DEF,Schleswig-Holstein,2,mlpd,331.0
4586,2014-05-25,european,DEF,Schleswig-Holstein,2,npd,4996.0
4587,2014-05-25,european,DEF,Schleswig-Holstein,2,oedp,2059.0
4588,2014-05-25,european,DEF,Schleswig-Holstein,2,partei,5648.0
4589,2014-05-25,european,DEF,Schleswig-Holstein,2,pbc,1204.0
4590,2014-05-25,european,DEF,Schleswig-Holstein,2,piraten,14790.0
4591,2014-05-25,european,DEF,Schleswig-Holstein,2,pro_nrw,302.0
4592,2014-05-25,european,DEF,Schleswig-Holstein,2,psg,221.0
4593,2014-05-25,european,DEF,Schleswig-Holstein,2,rep,908.0
4594,2014-05-25,european,DEF,Schleswig-Holstein,2,spd,309934.0
4595,2014-05-25,european,DEF,Schleswig-Holstein,2,tierschutz,12835.0
4596,2014-05-25,european,DEF,Schleswig-Holstein,2,volksabstimmung,1920.0
4597,2014-05-25,european,DEG,Thüringen,0,eligible_voters,1821933.0
4598,2014-05-25,european,DEG,Thüringen,1,issued_ballots,940373.0
4599,2014-05-25,european,DEG,Thüringen,2,afd,68011.0
4600,2014-05-25,european,DEG,Thüringen,2,auf,1975.0
4601,2014-05-25,european,DEG,Thüringen,2,bp,540.0
4602,2014-05-25,european,DEG,Thüringen,2,bueso,367.0
4603,2014-05-25,european,DEG,Thüringen,2,cdu,290703.0
4604,2014-05-25,european,DEG,Thüringen,2,cm,736.0
4605,2014-05-25,european,DEG,Thüringen,2,csu,0.0
4606,2014-05-25,european,DEG,Thüringen,2,dkp,1248.0
4607,2014-05-25,european,DEG,Thüringen,2,familie,15492.0
4608,2014-05-25,european,DEG,Thüringen,2,fdp,19156.0
4609,2014-05-25,european,DEG,Thüringen,2,fw,16848.0
4610,2014-05-25,european,DEG,Thüringen,2,gruene,45432.0
4611,2014-05-25,european,DEG,Thüringen,2,linke,205763.0
4612,2014-05-25,european,DEG,Thüringen,2,mlpd,1256.0
4613,2014-05-25,european,DEG,Thüringen,2,npd,31025.0
4614,2014-05-25,european,DEG,Thüringen,2,oedp,3275.0
4615,2014-05-25,european,DEG,Thüringen,2,partei,6184.0
4616,2014-05-25,european,DEG,Thüringen,2,pbc,945.0
4617,2014-05-25,european,DEG,Thüringen,2,piraten,12979.0
4618,2014-05-25,european,DEG,Thüringen,2,pro_nrw,522.0
4619,2014-05-25,european,DEG,Thüringen,2,psg,498.0
4620,2014-05-25,european,DEG,Thüringen,2,rep,5471.0
4621,2014-05-25,european,DEG,Thüringen,2,spd,167816.0
4622,2014-05-25,european,DEG,Thüringen,2,tierschutz,13017.0
4623,2014-05-25,european,DEG,Thüringen,2,volksabstimmung,5018.0
4624,2017-09-24,parliament,DE1,Baden-Württemberg,0,eligible_voters,7732597.0
4625,2017-09-24,parliament,DE1,Baden-Württemberg,1,issued_ballots,6053943.0
4626,2017-09-24,parliament,DE1,Baden-Württemberg,2,addemokraten,0.0
4627,2017-09-24,parliament,DE1,Baden-Württemberg,2,afd,730499.0
4628,2017-09-24,parliament,DE1,Baden-Württemberg,2,bge,10647.0
4629,2017-09-24,parliament,DE1,Baden-Württemberg,2,bp,0.0
4630,2017-09-24,parliament,DE1,Baden-Württemberg,2,bstern,0.0
4631,2017-09-24,parliament,DE1,Baden-Württemberg,2,bueso,0.0
4632,2017-09-24,parliament,DE1,Baden-Württemberg,2,cdu,2061687.0
4633,2017-09-24,parliament,DE1,Baden-Württemberg,2,csu,0.0
4634,2017-09-24,parliament,DE1,Baden-Württemberg,2,dib,9241.0
4635,2017-09-24,parliament,DE1,Baden-Württemberg,2,dkp,1006.0
4636,2017-09-24,parliament,DE1,Baden-Württemberg,2,dm,10395.0
4637,2017-09-24,parliament,DE1,Baden-Württemberg,2,du,0.0
4638,2017-09-24,parliament,DE1,Baden-Württemberg,2,fdp,762008.0
4639,2017-09-24,parliament,DE1,Baden-Württemberg,2,freiewahler,42133.0
4640,2017-09-24,parliament,DE1,Baden-Württemberg,2,gesundheitsforschung,0.0
4641,2017-09-24,parliament,DE1,Baden-Württemberg,2,grauen,0.0
4642,2017-09-24,parliament,DE1,Baden-Württemberg,2,gruene,807205.0
4643,2017-09-24,parliament,DE1,Baden-Württemberg,2,humanisten,0.0
4644,2017-09-24,parliament,DE1,Baden-Württemberg,2,linke,380727.0
4645,2017-09-24,parliament,DE1,Baden-Württemberg,2,menschliche,7612.0
4646,2017-09-24,parliament,DE1,Baden-Württemberg,2,mg,0.0
4647,2017-09-24,parliament,DE1,Baden-Württemberg,2,mlpd,4276.0
4648,2017-09-24,parliament,DE1,Baden-Württemberg,2,npd,15745.0
4649,2017-09-24,parliament,DE1,Baden-Württemberg,2,oedp,21813.0
4650,2017-09-24,parliament,DE1,Baden-Württemberg,2,partei,43883.0
4651,2017-09-24,parliament,DE1,Baden-Württemberg,2,pdv,0.0
4652,2017-09-24,parliament,DE1,Baden-Württemberg,2,piraten,27205.0
4653,2017-09-24,parliament,DE1,Baden-Württemberg,2,rechte,2054.0
4654,2017-09-24,parliament,DE1,Baden-Württemberg,2,sgp,0.0
4655,2017-09-24,parliament,DE1,Baden-Württemberg,2,spd,982370.0
4656,2017-09-24,parliament,DE1,Baden-Württemberg,2,tierschutz,51355.0
4657,2017-09-24,parliament,DE1,Baden-Württemberg,2,tierschutzallianz,13506.0
4658,2017-09-24,parliament,DE1,Baden-Württemberg,2,volksabstimmung,0.0
4659,2017-09-24,parliament,DE1,Baden-Württemberg,2,vpartei3,7601.0
4660,2017-09-24,parliament,DE2,Bayern,0,eligible_voters,9522371.0
4661,2017-09-24,parliament,DE2,Bayern,1,issued_ballots,7441006.0
4662,2017-09-24,parliament,DE2,Bayern,2,addemokraten,0.0
4663,2017-09-24,parliament,DE2,Bayern,2,afd,916300.0
4664,2017-09-24,parliament,DE2,Bayern,2,bge,10394.0
4665,2017-09-24,parliament,DE2,Bayern,2,bp,58037.0
4666,2017-09-24,parliament,DE2,Bayern,2,bstern,0.0
4667,2017-09-24,parliament,DE2,Bayern,2,bueso,1284.0
4668,2017-09-24,parliament,DE2,Bayern,2,cdu,0.0
4669,2017-09-24,parliament,DE2,Bayern,2,csu,2869688.0
4670,2017-09-24,parliament,DE2,Bayern,2,dib,12073.0
4671,2017-09-24,parliament,DE2,Bayern,2,dkp,1213.0
4672,2017-09-24,parliament,DE2,Bayern,2,dm,12689.0
4673,2017-09-24,parliament,DE2,Bayern,2,du,0.0
4674,2017-09-24,parliament,DE2,Bayern,2,fdp,751248.0
4675,2017-09-24,parliament,DE2,Bayern,2,freiewahler,199198.0
4676,2017-09-24,parliament,DE2,Bayern,2,gesundheitsforschung,9529.0
4677,2017-09-24,parliament,DE2,Bayern,2,grauen,0.0
4678,2017-09-24,parliament,DE2,Bayern,2,gruene,722116.0
4679,2017-09-24,parliament,DE2,Bayern,2,humanisten,0.0
4680,2017-09-24,parliament,DE2,Bayern,2,linke,450803.0
4681,2017-09-24,parliament,DE2,Bayern,2,menschliche,0.0
4682,2017-09-24,parliament,DE2,Bayern,2,mg,0.0
4683,2017-09-24,parliament,DE2,Bayern,2,mlpd,2213.0
4684,2017-09-24,parliament,DE2,Bayern,2,npd,20611.0
4685,2017-09-24,parliament,DE2,Bayern,2,oedp,66801.0
4686,2017-09-24,parliament,DE2,Bayern,2,partei,51607.0
4687,2017-09-24,parliament,DE2,Bayern,2,pdv,0.0
4688,2017-09-24,parliament,DE2,Bayern,2,piraten,26866.0
4689,2017-09-24,parliament,DE2,Bayern,2,rechte,0.0
4690,2017-09-24,parliament,DE2,Bayern,2,sgp,0.0
4691,2017-09-24,parliament,DE2,Bayern,2,spd,1130931.0
4692,2017-09-24,parliament,DE2,Bayern,2,tierschutz,66218.0
4693,2017-09-24,parliament,DE2,Bayern,2,tierschutzallianz,0.0
4694,2017-09-24,parliament,DE2,Bayern,2,volksabstimmung,0.0
4695,2017-09-24,parliament,DE2,Bayern,2,vpartei3,13391.0
4696,2017-09-24,parliament,DE3,Berlin,0,eligible_voters,2503070.0
4697,2017-09-24,parliament,DE3,Berlin,1,issued_ballots,1892134.0
4698,2017-09-24,parliament,DE3,Berlin,2,addemokraten,0.0
4699,2017-09-24,parliament,DE3,Berlin,2,afd,225170.0
4700,2017-09-24,parliament,DE3,Berlin,2,bge,6926.0
4701,2017-09-24,parliament,DE3,Berlin,2,bp,0.0
4702,2017-09-24,parliament,DE3,Berlin,2,bstern,911.0
4703,2017-09-24,parliament,DE3,Berlin,2,bueso,1198.0
4704,2017-09-24,parliament,DE3,Berlin,2,cdu,424321.0
4705,2017-09-24,parliament,DE3,Berlin,2,csu,0.0
4706,2017-09-24,parliament,DE3,Berlin,2,dib,7467.0
4707,2017-09-24,parliament,DE3,Berlin,2,dkp,1685.0
4708,2017-09-24,parliament,DE3,Berlin,2,dm,4212.0
4709,2017-09-24,parliament,DE3,Berlin,2,du,3032.0
4710,2017-09-24,parliament,DE3,Berlin,2,fdp,167046.0
4711,2017-09-24,parliament,DE3,Berlin,2,freiewahler,5354.0
4712,2017-09-24,parliament,DE3,Berlin,2,gesundheitsforschung,4832.0
4713,2017-09-24,parliament,DE3,Berlin,2,grauen,10009.0
4714,2017-09-24,parliament,DE3,Berlin,2,gruene,234947.0
4715,2017-09-24,parliament,DE3,Berlin,2,humanisten,0.0
4716,2017-09-24,parliament,DE3,Berlin,2,linke,351170.0
4717,2017-09-24,parliament,DE3,Berlin,2,menschliche,3144.0
4718,2017-09-24,parliament,DE3,Berlin,2,mg,0.0
4719,2017-09-24,parliament,DE3,Berlin,2,mlpd,1617.0
4720,2017-09-24,parliament,DE3,Berlin,2,npd,0.0
4721,2017-09-24,parliament,DE3,Berlin,2,oedp,3206.0
4722,2017-09-24,parliament,DE3,Berlin,2,partei,39027.0
4723,2017-09-24,parliament,DE3,Berlin,2,pdv,0.0
4724,2017-09-24,parliament,DE3,Berlin,2,piraten,10894.0
4725,2017-09-24,parliament,DE3,Berlin,2,rechte,0.0
4726,2017-09-24,parliament,DE3,Berlin,2,sgp,473.0
4727,2017-09-24,parliament,DE3,Berlin,2,spd,334253.0
4728,2017-09-24,parliament,DE3,Berlin,2,tierschutz,25415.0
4729,2017-09-24,parliament,DE3,Berlin,2,tierschutzallianz,0.0
4730,2017-09-24,parliament,DE3,Berlin,2,volksabstimmung,0.0
4731,2017-09-24,parliament,DE3,Berlin,2,vpartei3,2733.0
4732,2017-09-24,parliament,DE4,Brandenburg,0,eligible_voters,2051559.0
4733,2017-09-24,parliament,DE4,Brandenburg,1,issued_ballots,1512145.0
4734,2017-09-24,parliament,DE4,Brandenburg,2,addemokraten,0.0
4735,2017-09-24,parliament,DE4,Brandenburg,2,afd,301103.0
4736,2017-09-24,parliament,DE4,Brandenburg,2,bge,6066.0
4737,2017-09-24,parliament,DE4,Brandenburg,2,bp,0.0
4738,2017-09-24,parliament,DE4,Brandenburg,2,bstern,0.0
4739,2017-09-24,parliament,DE4,Brandenburg,2,bueso,0.0
4740,2017-09-24,parliament,DE4,Brandenburg,2,cdu,397839.0
4741,2017-09-24,parliament,DE4,Brandenburg,2,csu,0.0
4742,2017-09-24,parliament,DE4,Brandenburg,2,dib,0.0
4743,2017-09-24,parliament,DE4,Brandenburg,2,dkp,2514.0
4744,2017-09-24,parliament,DE4,Brandenburg,2,dm,5068.0
4745,2017-09-24,parliament,DE4,Brandenburg,2,du,0.0
4746,2017-09-24,parliament,DE4,Brandenburg,2,fdp,105485.0
4747,2017-09-24,parliament,DE4,Brandenburg,2,freiewahler,17762.0
4748,2017-09-24,parliament,DE4,Brandenburg,2,gesundheitsforschung,0.0
4749,2017-09-24,parliament,DE4,Brandenburg,2,grauen,0.0
4750,2017-09-24,parliament,DE4,Brandenburg,2,gruene,74971.0
4751,2017-09-24,parliament,DE4,Brandenburg,2,humanisten,0.0
4752,2017-09-24,parliament,DE4,Brandenburg,2,linke,255721.0
4753,2017-09-24,parliament,DE4,Brandenburg,2,menschliche,0.0
4754,2017-09-24,parliament,DE4,Brandenburg,2,mg,0.0
4755,2017-09-24,parliament,DE4,Brandenburg,2,mlpd,1277.0
4756,2017-09-24,parliament,DE4,Brandenburg,2,npd,12993.0
4757,2017-09-24,parliament,DE4,Brandenburg,2,oedp,2496.0
4758,2017-09-24,parliament,DE4,Brandenburg,2,partei,19471.0
4759,2017-09-24,parliament,DE4,Brandenburg,2,pdv,0.0
4760,2017-09-24,parliament,DE4,Brandenburg,2,piraten,0.0
4761,2017-09-24,parliament,DE4,Brandenburg,2,rechte,0.0
4762,2017-09-24,parliament,DE4,Brandenburg,2,sgp,0.0
4763,2017-09-24,parliament,DE4,Brandenburg,2,spd,261822.0
4764,2017-09-24,parliament,DE4,Brandenburg,2,tierschutz,26243.0
4765,2017-09-24,parliament,DE4,Brandenburg,2,tierschutzallianz,0.0
4766,2017-09-24,parliament,DE4,Brandenburg,2,volksabstimmung,0.0
4767,2017-09-24,parliament,DE4,Brandenburg,2,vpartei3,0.0
4768,2017-09-24,parliament,DE5,Bremen,0,eligible_voters,474151.0
4769,2017-09-24,parliament,DE5,Bremen,1,issued_ballots,335919.0
4770,2017-09-24,parliament,DE5,Bremen,2,addemokraten,0.0
4771,2017-09-24,parliament,DE5,Bremen,2,afd,33244.0
4772,2017-09-24,parliament,DE5,Bremen,2,bge,1804.0
4773,2017-09-24,parliament,DE5,Bremen,2,bp,0.0
4774,2017-09-24,parliament,DE5,Bremen,2,bstern,0.0
4775,2017-09-24,parliament,DE5,Bremen,2,bueso,0.0
4776,2017-09-24,parliament,DE5,Bremen,2,cdu,83409.0
4777,2017-09-24,parliament,DE5,Bremen,2,csu,0.0
4778,2017-09-24,parliament,DE5,Bremen,2,dib,0.0
4779,2017-09-24,parliament,DE5,Bremen,2,dkp,174.0
4780,2017-09-24,parliament,DE5,Bremen,2,dm,607.0
4781,2017-09-24,parliament,DE5,Bremen,2,du,0.0
4782,2017-09-24,parliament,DE5,Bremen,2,fdp,31056.0
4783,2017-09-24,parliament,DE5,Bremen,2,freiewahler,1194.0
4784,2017-09-24,parliament,DE5,Bremen,2,gesundheitsforschung,0.0
4785,2017-09-24,parliament,DE5,Bremen,2,grauen,0.0
4786,2017-09-24,parliament,DE5,Bremen,2,gruene,36733.0
4787,2017-09-24,parliament,DE5,Bremen,2,humanisten,0.0
4788,2017-09-24,parliament,DE5,Bremen,2,linke,44629.0
4789,2017-09-24,parliament,DE5,Bremen,2,menschliche,905.0
4790,2017-09-24,parliament,DE5,Bremen,2,mg,0.0
4791,2017-09-24,parliament,DE5,Bremen,2,mlpd,273.0
4792,2017-09-24,parliament,DE5,Bremen,2,npd,863.0
4793,2017-09-24,parliament,DE5,Bremen,2,oedp,0.0
4794,2017-09-24,parliament,DE5,Bremen,2,partei,5511.0
4795,2017-09-24,parliament,DE5,Bremen,2,pdv,0.0
4796,2017-09-24,parliament,DE5,Bremen,2,piraten,1958.0
4797,2017-09-24,parliament,DE5,Bremen,2,rechte,0.0
4798,2017-09-24,parliament,DE5,Bremen,2,sgp,0.0
4799,2017-09-24,parliament,DE5,Bremen,2,spd,88944.0
4800,2017-09-24,parliament,DE5,Bremen,2,tierschutz,0.0
4801,2017-09-24,parliament,DE5,Bremen,2,tierschutzallianz,0.0
4802,2017-09-24,parliament,DE5,Bremen,2,volksabstimmung,0.0
4803,2017-09-24,parliament,DE5,Bremen,2,vpartei3,1019.0
4804,2017-09-24,parliament,DE6,Hamburg,0,eligible_voters,1296656.0
4805,2017-09-24,parliament,DE6,Hamburg,1,issued_ballots,984926.0
4806,2017-09-24,parliament,DE6,Hamburg,2,addemokraten,0.0
4807,2017-09-24,parliament,DE6,Hamburg,2,afd,76511.0
4808,2017-09-24,parliament,DE6,Hamburg,2,bge,4573.0
4809,2017-09-24,parliament,DE6,Hamburg,2,bp,0.0
4810,2017-09-24,parliament,DE6,Hamburg,2,bstern,0.0
4811,2017-09-24,parliament,DE6,Hamburg,2,bueso,0.0
4812,2017-09-24,parliament,DE6,Hamburg,2,cdu,266312.0
4813,2017-09-24,parliament,DE6,Hamburg,2,csu,0.0
4814,2017-09-24,parliament,DE6,Hamburg,2,dib,4199.0
4815,2017-09-24,parliament,DE6,Hamburg,2,dkp,511.0
4816,2017-09-24,parliament,DE6,Hamburg,2,dm,0.0
4817,2017-09-24,parliament,DE6,Hamburg,2,du,0.0
4818,2017-09-24,parliament,DE6,Hamburg,2,fdp,105610.0
4819,2017-09-24,parliament,DE6,Hamburg,2,freiewahler,3458.0
4820,2017-09-24,parliament,DE6,Hamburg,2,gesundheitsforschung,0.0
4821,2017-09-24,parliament,DE6,Hamburg,2,grauen,0.0
4822,2017-09-24,parliament,DE6,Hamburg,2,gruene,136371.0
4823,2017-09-24,parliament,DE6,Hamburg,2,humanisten,0.0
4824,2017-09-24,parliament,DE6,Hamburg,2,linke,119076.0
4825,2017-09-24,parliament,DE6,Hamburg,2,menschliche,0.0
4826,2017-09-24,parliament,DE6,Hamburg,2,mg,0.0
4827,2017-09-24,parliament,DE6,Hamburg,2,mlpd,688.0
4828,2017-09-24,parliament,DE6,Hamburg,2,npd,1799.0
4829,2017-09-24,parliament,DE6,Hamburg,2,oedp,2778.0
4830,2017-09-24,parliament,DE6,Hamburg,2,partei,15388.0
4831,2017-09-24,parliament,DE6,Hamburg,2,pdv,0.0
4832,2017-09-24,parliament,DE6,Hamburg,2,piraten,0.0
4833,2017-09-24,parliament,DE6,Hamburg,2,rechte,0.0
4834,2017-09-24,parliament,DE6,Hamburg,2,sgp,0.0
4835,2017-09-24,parliament,DE6,Hamburg,2,spd,229862.0
4836,2017-09-24,parliament,DE6,Hamburg,2,tierschutz,8813.0
4837,2017-09-24,parliament,DE6,Hamburg,2,tierschutzallianz,0.0
4838,2017-09-24,parliament,DE6,Hamburg,2,volksabstimmung,0.0
4839,2017-09-24,parliament,DE6,Hamburg,2,vpartei3,2169.0
4840,2017-09-24,parliament,DE7,Hessen,0,eligible_voters,4408986.0
4841,2017-09-24,parliament,DE7,Hessen,1,issued_ballots,3395441.0
4842,2017-09-24,parliament,DE7,Hessen,2,addemokraten,0.0
4843,2017-09-24,parliament,DE7,Hessen,2,afd,398712.0
4844,2017-09-24,parliament,DE7,Hessen,2,bge,6320.0
4845,2017-09-24,parliament,DE7,Hessen,2,bp,0.0
4846,2017-09-24,parliament,DE7,Hessen,2,bstern,0.0
4847,2017-09-24,parliament,DE7,Hessen,2,bueso,721.0
4848,2017-09-24,parliament,DE7,Hessen,2,cdu,1033200.0
4849,2017-09-24,parliament,DE7,Hessen,2,csu,0.0
4850,2017-09-24,parliament,DE7,Hessen,2,dib,0.0
4851,2017-09-24,parliament,DE7,Hessen,2,dkp,1138.0
4852,2017-09-24,parliament,DE7,Hessen,2,dm,6393.0
4853,2017-09-24,parliament,DE7,Hessen,2,du,0.0
4854,2017-09-24,parliament,DE7,Hessen,2,fdp,386742.0
4855,2017-09-24,parliament,DE7,Hessen,2,freiewahler,28507.0
4856,2017-09-24,parliament,DE7,Hessen,2,gesundheitsforschung,0.0
4857,2017-09-24,parliament,DE7,Hessen,2,grauen,0.0
4858,2017-09-24,parliament,DE7,Hessen,2,gruene,323736.0
4859,2017-09-24,parliament,DE7,Hessen,2,humanisten,0.0
4860,2017-09-24,parliament,DE7,Hessen,2,linke,271158.0
4861,2017-09-24,parliament,DE7,Hessen,2,menschliche,0.0
4862,2017-09-24,parliament,DE7,Hessen,2,mg,0.0
4863,2017-09-24,parliament,DE7,Hessen,2,mlpd,1627.0
4864,2017-09-24,parliament,DE7,Hessen,2,npd,11904.0
4865,2017-09-24,parliament,DE7,Hessen,2,oedp,6042.0
4866,2017-09-24,parliament,DE7,Hessen,2,partei,30500.0
4867,2017-09-24,parliament,DE7,Hessen,2,pdv,0.0
4868,2017-09-24,parliament,DE7,Hessen,2,piraten,14448.0
4869,2017-09-24,parliament,DE7,Hessen,2,rechte,0.0
4870,2017-09-24,parliament,DE7,Hessen,2,sgp,0.0
4871,2017-09-24,parliament,DE7,Hessen,2,spd,788427.0
4872,2017-09-24,parliament,DE7,Hessen,2,tierschutz,34079.0
4873,2017-09-24,parliament,DE7,Hessen,2,tierschutzallianz,0.0
4874,2017-09-24,parliament,DE7,Hessen,2,volksabstimmung,0.0
4875,2017-09-24,parliament,DE7,Hessen,2,vpartei3,5246.0
4876,2017-09-24,parliament,DE8,Mecklenburg-Vorpommern,0,eligible_voters,1324614.0
4877,2017-09-24,parliament,DE8,Mecklenburg-Vorpommern,1,issued_ballots,938587.0
4878,2017-09-24,parliament,DE8,Mecklenburg-Vorpommern,2,addemokraten,0.0
4879,2017-09-24,parliament,DE8,Mecklenburg-Vorpommern,2,afd,172409.0
4880,2017-09-24,parliament,DE8,Mecklenburg-Vorpommern,2,bge,3034.0
4881,2017-09-24,parliament,DE8,Mecklenburg-Vorpommern,2,bp,0.0
4882,2017-09-24,parliament,DE8,Mecklenburg-Vorpommern,2,bstern,0.0
4883,2017-09-24,parliament,DE8,Mecklenburg-Vorpommern,2,bueso,0.0
4884,2017-09-24,parliament,DE8,Mecklenburg-Vorpommern,2,cdu,307263.0
4885,2017-09-24,parliament,DE8,Mecklenburg-Vorpommern,2,csu,0.0
4886,2017-09-24,parliament,DE8,Mecklenburg-Vorpommern,2,dib,0.0
4887,2017-09-24,parliament,DE8,Mecklenburg-Vorpommern,2,dkp,0.0
4888,2017-09-24,parliament,DE8,Mecklenburg-Vorpommern,2,dm,0.0
4889,2017-09-24,parliament,DE8,Mecklenburg-Vorpommern,2,du,0.0
4890,2017-09-24,parliament,DE8,Mecklenburg-Vorpommern,2,fdp,57895.0
4891,2017-09-24,parliament,DE8,Mecklenburg-Vorpommern,2,freiewahler,7543.0
4892,2017-09-24,parliament,DE8,Mecklenburg-Vorpommern,2,gesundheitsforschung,0.0
4893,2017-09-24,parliament,DE8,Mecklenburg-Vorpommern,2,grauen,0.0
4894,2017-09-24,parliament,DE8,Mecklenburg-Vorpommern,2,gruene,39514.0
4895,2017-09-24,parliament,DE8,Mecklenburg-Vorpommern,2,humanisten,0.0
4896,2017-09-24,parliament,DE8,Mecklenburg-Vorpommern,2,linke,165368.0
4897,2017-09-24,parliament,DE8,Mecklenburg-Vorpommern,2,menschliche,0.0
4898,2017-09-24,parliament,DE8,Mecklenburg-Vorpommern,2,mg,0.0
4899,2017-09-24,parliament,DE8,Mecklenburg-Vorpommern,2,mlpd,1366.0
4900,2017-09-24,parliament,DE8,Mecklenburg-Vorpommern,2,npd,10408.0
4901,2017-09-24,parliament,DE8,Mecklenburg-Vorpommern,2,oedp,1205.0
4902,2017-09-24,parliament,DE8,Mecklenburg-Vorpommern,2,partei,9309.0
4903,2017-09-24,parliament,DE8,Mecklenburg-Vorpommern,2,pdv,0.0
4904,2017-09-24,parliament,DE8,Mecklenburg-Vorpommern,2,piraten,0.0
4905,2017-09-24,parliament,DE8,Mecklenburg-Vorpommern,2,rechte,0.0
4906,2017-09-24,parliament,DE8,Mecklenburg-Vorpommern,2,sgp,0.0
4907,2017-09-24,parliament,DE8,Mecklenburg-Vorpommern,2,spd,139689.0
4908,2017-09-24,parliament,DE8,Mecklenburg-Vorpommern,2,tierschutz,12507.0
4909,2017-09-24,parliament,DE8,Mecklenburg-Vorpommern,2,tierschutzallianz,0.0
4910,2017-09-24,parliament,DE8,Mecklenburg-Vorpommern,2,volksabstimmung,0.0
4911,2017-09-24,parliament,DE8,Mecklenburg-Vorpommern,2,vpartei3,0.0
4912,2017-09-24,parliament,DE9,Niedersachsen,0,eligible_voters,6124582.0
4913,2017-09-24,parliament,DE9,Niedersachsen,1,issued_ballots,4681871.0
4914,2017-09-24,parliament,DE9,Niedersachsen,2,addemokraten,0.0
4915,2017-09-24,parliament,DE9,Niedersachsen,2,afd,422362.0
4916,2017-09-24,parliament,DE9,Niedersachsen,2,bge,8084.0
4917,2017-09-24,parliament,DE9,Niedersachsen,2,bp,0.0
4918,2017-09-24,parliament,DE9,Niedersachsen,2,bstern,0.0
4919,2017-09-24,parliament,DE9,Niedersachsen,2,bueso,0.0
4920,2017-09-24,parliament,DE9,Niedersachsen,2,cdu,1623481.0
4921,2017-09-24,parliament,DE9,Niedersachsen,2,csu,0.0
4922,2017-09-24,parliament,DE9,Niedersachsen,2,dib,6349.0
4923,2017-09-24,parliament,DE9,Niedersachsen,2,dkp,1100.0
4924,2017-09-24,parliament,DE9,Niedersachsen,2,dm,8146.0
4925,2017-09-24,parliament,DE9,Niedersachsen,2,du,0.0
4926,2017-09-24,parliament,DE9,Niedersachsen,2,fdp,431405.0
4927,2017-09-24,parliament,DE9,Niedersachsen,2,freiewahler,19178.0
4928,2017-09-24,parliament,DE9,Niedersachsen,2,gesundheitsforschung,0.0
4929,2017-09-24,parliament,DE9,Niedersachsen,2,grauen,0.0
4930,2017-09-24,parliament,DE9,Niedersachsen,2,gruene,404825.0
4931,2017-09-24,parliament,DE9,Niedersachsen,2,humanisten,0.0
4932,2017-09-24,parliament,DE9,Niedersachsen,2,linke,322979.0
4933,2017-09-24,parliament,DE9,Niedersachsen,2,menschliche,0.0
4934,2017-09-24,parliament,DE9,Niedersachsen,2,mg,0.0
4935,2017-09-24,parliament,DE9,Niedersachsen,2,mlpd,1616.0
4936,2017-09-24,parliament,DE9,Niedersachsen,2,npd,12034.0
4937,2017-09-24,parliament,DE9,Niedersachsen,2,oedp,4771.0
4938,2017-09-24,parliament,DE9,Niedersachsen,2,partei,41228.0
4939,2017-09-24,parliament,DE9,Niedersachsen,2,pdv,0.0
4940,2017-09-24,parliament,DE9,Niedersachsen,2,piraten,17683.0
4941,2017-09-24,parliament,DE9,Niedersachsen,2,rechte,0.0
4942,2017-09-24,parliament,DE9,Niedersachsen,2,sgp,0.0
4943,2017-09-24,parliament,DE9,Niedersachsen,2,spd,1275172.0
4944,2017-09-24,parliament,DE9,Niedersachsen,2,tierschutz,40487.0
4945,2017-09-24,parliament,DE9,Niedersachsen,2,tierschutzallianz,0.0
4946,2017-09-24,parliament,DE9,Niedersachsen,2,volksabstimmung,0.0
4947,2017-09-24,parliament,DE9,Niedersachsen,2,vpartei3,6076.0
4948,2017-09-24,parliament,DEA,Nordrhein-Westfalen,0,eligible_voters,13174577.0
4949,2017-09-24,parliament,DEA,Nordrhein-Westfalen,1,issued_ballots,9938461.0
4950,2017-09-24,parliament,DEA,Nordrhein-Westfalen,2,addemokraten,41251.0
4951,2017-09-24,parliament,DEA,Nordrhein-Westfalen,2,afd,928425.0
4952,2017-09-24,parliament,DEA,Nordrhein-Westfalen,2,bge,9971.0
4953,2017-09-24,parliament,DEA,Nordrhein-Westfalen,2,bp,0.0
4954,2017-09-24,parliament,DEA,Nordrhein-Westfalen,2,bstern,0.0
4955,2017-09-24,parliament,DEA,Nordrhein-Westfalen,2,bueso,0.0
4956,2017-09-24,parliament,DEA,Nordrhein-Westfalen,2,cdu,3214013.0
4957,2017-09-24,parliament,DEA,Nordrhein-Westfalen,2,csu,0.0
4958,2017-09-24,parliament,DEA,Nordrhein-Westfalen,2,dib,12202.0
4959,2017-09-24,parliament,DEA,Nordrhein-Westfalen,2,dkp,2217.0
4960,2017-09-24,parliament,DEA,Nordrhein-Westfalen,2,dm,9859.0
4961,2017-09-24,parliament,DEA,Nordrhein-Westfalen,2,du,0.0
4962,2017-09-24,parliament,DEA,Nordrhein-Westfalen,2,fdp,1293052.0
4963,2017-09-24,parliament,DEA,Nordrhein-Westfalen,2,freiewahler,27788.0
4964,2017-09-24,parliament,DEA,Nordrhein-Westfalen,2,gesundheitsforschung,9043.0
4965,2017-09-24,parliament,DEA,Nordrhein-Westfalen,2,grauen,0.0
4966,2017-09-24,parliament,DEA,Nordrhein-Westfalen,2,gruene,744970.0
4967,2017-09-24,parliament,DEA,Nordrhein-Westfalen,2,humanisten,5991.0
4968,2017-09-24,parliament,DEA,Nordrhein-Westfalen,2,linke,736904.0
4969,2017-09-24,parliament,DEA,Nordrhein-Westfalen,2,menschliche,0.0
4970,2017-09-24,parliament,DEA,Nordrhein-Westfalen,2,mg,0.0
4971,2017-09-24,parliament,DEA,Nordrhein-Westfalen,2,mlpd,6425.0
4972,2017-09-24,parliament,DEA,Nordrhein-Westfalen,2,npd,21287.0
4973,2017-09-24,parliament,DEA,Nordrhein-Westfalen,2,oedp,12044.0
4974,2017-09-24,parliament,DEA,Nordrhein-Westfalen,2,partei,81576.0
4975,2017-09-24,parliament,DEA,Nordrhein-Westfalen,2,pdv,0.0
4976,2017-09-24,parliament,DEA,Nordrhein-Westfalen,2,piraten,43580.0
4977,2017-09-24,parliament,DEA,Nordrhein-Westfalen,2,rechte,0.0
4978,2017-09-24,parliament,DEA,Nordrhein-Westfalen,2,sgp,818.0
4979,2017-09-24,parliament,DEA,Nordrhein-Westfalen,2,spd,2557876.0
4980,2017-09-24,parliament,DEA,Nordrhein-Westfalen,2,tierschutz,73941.0
4981,2017-09-24,parliament,DEA,Nordrhein-Westfalen,2,tierschutzallianz,0.0
4982,2017-09-24,parliament,DEA,Nordrhein-Westfalen,2,volksabstimmung,9631.0
4983,2017-09-24,parliament,DEA,Nordrhein-Westfalen,2,vpartei3,10513.0
4984,2017-09-24,parliament,DEB,Rheinland-Pfalz,0,eligible_voters,3080591.0
4985,2017-09-24,parliament,DEB,Rheinland-Pfalz,1,issued_ballots,2392093.0
4986,2017-09-24,parliament,DEB,Rheinland-Pfalz,2,addemokraten,0.0
4987,2017-09-24,parliament,DEB,Rheinland-Pfalz,2,afd,265688.0
4988,2017-09-24,parliament,DEB,Rheinland-Pfalz,2,bge,4505.0
4989,2017-09-24,parliament,DEB,Rheinland-Pfalz,2,bp,0.0
4990,2017-09-24,parliament,DEB,Rheinland-Pfalz,2,bstern,0.0
4991,2017-09-24,parliament,DEB,Rheinland-Pfalz,2,bueso,0.0
4992,2017-09-24,parliament,DEB,Rheinland-Pfalz,2,cdu,848003.0
4993,2017-09-24,parliament,DEB,Rheinland-Pfalz,2,csu,0.0
4994,2017-09-24,parliament,DEB,Rheinland-Pfalz,2,dib,0.0
4995,2017-09-24,parliament,DEB,Rheinland-Pfalz,2,dkp,0.0
4996,2017-09-24,parliament,DEB,Rheinland-Pfalz,2,dm,0.0
4997,2017-09-24,parliament,DEB,Rheinland-Pfalz,2,du,0.0
4998,2017-09-24,parliament,DEB,Rheinland-Pfalz,2,fdp,245235.0
4999,2017-09-24,parliament,DEB,Rheinland-Pfalz,2,freiewahler,32263.0
5000,2017-09-24,parliament,DEB,Rheinland-Pfalz,2,gesundheitsforschung,0.0
5001,2017-09-24,parliament,DEB,Rheinland-Pfalz,2,grauen,0.0
5002,2017-09-24,parliament,DEB,Rheinland-Pfalz,2,gruene,179233.0
5003,2017-09-24,parliament,DEB,Rheinland-Pfalz,2,humanisten,0.0
5004,2017-09-24,parliament,DEB,Rheinland-Pfalz,2,linke,160912.0
5005,2017-09-24,parliament,DEB,Rheinland-Pfalz,2,menschliche,0.0
5006,2017-09-24,parliament,DEB,Rheinland-Pfalz,2,mg,0.0
5007,2017-09-24,parliament,DEB,Rheinland-Pfalz,2,mlpd,842.0
5008,2017-09-24,parliament,DEB,Rheinland-Pfalz,2,npd,7025.0
5009,2017-09-24,parliament,DEB,Rheinland-Pfalz,2,oedp,7330.0
5010,2017-09-24,parliament,DEB,Rheinland-Pfalz,2,partei,23957.0
5011,2017-09-24,parliament,DEB,Rheinland-Pfalz,2,pdv,0.0
5012,2017-09-24,parliament,DEB,Rheinland-Pfalz,2,piraten,10792.0
5013,2017-09-24,parliament,DEB,Rheinland-Pfalz,2,rechte,0.0
5014,2017-09-24,parliament,DEB,Rheinland-Pfalz,2,sgp,0.0
5015,2017-09-24,parliament,DEB,Rheinland-Pfalz,2,spd,570518.0
5016,2017-09-24,parliament,DEB,Rheinland-Pfalz,2,tierschutz,0.0
5017,2017-09-24,parliament,DEB,Rheinland-Pfalz,2,tierschutzallianz,0.0
5018,2017-09-24,parliament,DEB,Rheinland-Pfalz,2,volksabstimmung,0.0
5019,2017-09-24,parliament,DEB,Rheinland-Pfalz,2,vpartei3,6203.0
5020,2017-09-24,parliament,DEC,Saarland,0,eligible_voters,777264.0
5021,2017-09-24,parliament,DEC,Saarland,1,issued_ballots,595411.0
5022,2017-09-24,parliament,DEC,Saarland,2,addemokraten,0.0
5023,2017-09-24,parliament,DEC,Saarland,2,afd,58920.0
5024,2017-09-24,parliament,DEC,Saarland,2,bge,1025.0
5025,2017-09-24,parliament,DEC,Saarland,2,bp,0.0
5026,2017-09-24,parliament,DEC,Saarland,2,bstern,0.0
5027,2017-09-24,parliament,DEC,Saarland,2,bueso,0.0
5028,2017-09-24,parliament,DEC,Saarland,2,cdu,189573.0
5029,2017-09-24,parliament,DEC,Saarland,2,csu,0.0
5030,2017-09-24,parliament,DEC,Saarland,2,dib,0.0
5031,2017-09-24,parliament,DEC,Saarland,2,dkp,0.0
5032,2017-09-24,parliament,DEC,Saarland,2,dm,886.0
5033,2017-09-24,parliament,DEC,Saarland,2,du,0.0
5034,2017-09-24,parliament,DEC,Saarland,2,fdp,44477.0
5035,2017-09-24,parliament,DEC,Saarland,2,freiewahler,4825.0
5036,2017-09-24,parliament,DEC,Saarland,2,gesundheitsforschung,0.0
5037,2017-09-24,parliament,DEC,Saarland,2,grauen,0.0
5038,2017-09-24,parliament,DEC,Saarland,2,gruene,35117.0
5039,2017-09-24,parliament,DEC,Saarland,2,humanisten,0.0
5040,2017-09-24,parliament,DEC,Saarland,2,linke,75448.0
5041,2017-09-24,parliament,DEC,Saarland,2,menschliche,0.0
5042,2017-09-24,parliament,DEC,Saarland,2,mg,0.0
5043,2017-09-24,parliament,DEC,Saarland,2,mlpd,427.0
5044,2017-09-24,parliament,DEC,Saarland,2,npd,3106.0
5045,2017-09-24,parliament,DEC,Saarland,2,oedp,0.0
5046,2017-09-24,parliament,DEC,Saarland,2,partei,7475.0
5047,2017-09-24,parliament,DEC,Saarland,2,pdv,533.0
5048,2017-09-24,parliament,DEC,Saarland,2,piraten,2937.0
5049,2017-09-24,parliament,DEC,Saarland,2,rechte,0.0
5050,2017-09-24,parliament,DEC,Saarland,2,sgp,0.0
5051,2017-09-24,parliament,DEC,Saarland,2,spd,158895.0
5052,2017-09-24,parliament,DEC,Saarland,2,tierschutz,0.0
5053,2017-09-24,parliament,DEC,Saarland,2,tierschutzallianz,0.0
5054,2017-09-24,parliament,DEC,Saarland,2,volksabstimmung,0.0
5055,2017-09-24,parliament,DEC,Saarland,2,vpartei3,1614.0
5056,2017-09-24,parliament,DED,Sachsen,0,eligible_voters,3329550.0
5057,2017-09-24,parliament,DED,Sachsen,1,issued_ballots,2509684.0
5058,2017-09-24,parliament,DED,Sachsen,2,addemokraten,0.0
5059,2017-09-24,parliament,DED,Sachsen,2,afd,669940.0
5060,2017-09-24,parliament,DED,Sachsen,2,bge,9451.0
5061,2017-09-24,parliament,DED,Sachsen,2,bp,0.0
5062,2017-09-24,parliament,DED,Sachsen,2,bstern,0.0
5063,2017-09-24,parliament,DED,Sachsen,2,bueso,3490.0
5064,2017-09-24,parliament,DED,Sachsen,2,cdu,665751.0
5065,2017-09-24,parliament,DED,Sachsen,2,csu,0.0
5066,2017-09-24,parliament,DED,Sachsen,2,dib,6475.0
5067,2017-09-24,parliament,DED,Sachsen,2,dkp,0.0
5068,2017-09-24,parliament,DED,Sachsen,2,dm,0.0
5069,2017-09-24,parliament,DED,Sachsen,2,du,0.0
5070,2017-09-24,parliament,DED,Sachsen,2,fdp,203662.0
5071,2017-09-24,parliament,DED,Sachsen,2,freiewahler,27471.0
5072,2017-09-24,parliament,DED,Sachsen,2,gesundheitsforschung,0.0
5073,2017-09-24,parliament,DED,Sachsen,2,grauen,0.0
5074,2017-09-24,parliament,DED,Sachsen,2,gruene,113608.0
5075,2017-09-24,parliament,DED,Sachsen,2,humanisten,0.0
5076,2017-09-24,parliament,DED,Sachsen,2,linke,398627.0
5077,2017-09-24,parliament,DED,Sachsen,2,menschliche,0.0
5078,2017-09-24,parliament,DED,Sachsen,2,mg,0.0
5079,2017-09-24,parliament,DED,Sachsen,2,mlpd,2566.0
5080,2017-09-24,parliament,DED,Sachsen,2,npd,28215.0
5081,2017-09-24,parliament,DED,Sachsen,2,oedp,6809.0
5082,2017-09-24,parliament,DED,Sachsen,2,partei,31999.0
5083,2017-09-24,parliament,DED,Sachsen,2,pdv,0.0
5084,2017-09-24,parliament,DED,Sachsen,2,piraten,11056.0
5085,2017-09-24,parliament,DED,Sachsen,2,rechte,0.0
5086,2017-09-24,parliament,DED,Sachsen,2,sgp,0.0
5087,2017-09-24,parliament,DED,Sachsen,2,spd,261105.0
5088,2017-09-24,parliament,DED,Sachsen,2,tierschutz,35121.0
5089,2017-09-24,parliament,DED,Sachsen,2,tierschutzallianz,0.0
5090,2017-09-24,parliament,DED,Sachsen,2,volksabstimmung,0.0
5091,2017-09-24,parliament,DED,Sachsen,2,vpartei3,4058.0
5092,2017-09-24,parliament,DEE,Sachsen-Anhalt,0,eligible_voters,1854891.0
5093,2017-09-24,parliament,DEE,Sachsen-Anhalt,1,issued_ballots,1263474.0
5094,2017-09-24,parliament,DEE,Sachsen-Anhalt,2,addemokraten,0.0
5095,2017-09-24,parliament,DEE,Sachsen-Anhalt,2,afd,244401.0
5096,2017-09-24,parliament,DEE,Sachsen-Anhalt,2,bge,3762.0
5097,2017-09-24,parliament,DEE,Sachsen-Anhalt,2,bp,0.0
5098,2017-09-24,parliament,DEE,Sachsen-Anhalt,2,bstern,0.0
5099,2017-09-24,parliament,DEE,Sachsen-Anhalt,2,bueso,0.0
5100,2017-09-24,parliament,DEE,Sachsen-Anhalt,2,cdu,377411.0
5101,2017-09-24,parliament,DEE,Sachsen-Anhalt,2,csu,0.0
5102,2017-09-24,parliament,DEE,Sachsen-Anhalt,2,dib,2908.0
5103,2017-09-24,parliament,DEE,Sachsen-Anhalt,2,dkp,0.0
5104,2017-09-24,parliament,DEE,Sachsen-Anhalt,2,dm,0.0
5105,2017-09-24,parliament,DEE,Sachsen-Anhalt,2,du,0.0
5106,2017-09-24,parliament,DEE,Sachsen-Anhalt,2,fdp,96555.0
5107,2017-09-24,parliament,DEE,Sachsen-Anhalt,2,freiewahler,14392.0
5108,2017-09-24,parliament,DEE,Sachsen-Anhalt,2,gesundheitsforschung,0.0
5109,2017-09-24,parliament,DEE,Sachsen-Anhalt,2,grauen,0.0
5110,2017-09-24,parliament,DEE,Sachsen-Anhalt,2,gruene,46243.0
5111,2017-09-24,parliament,DEE,Sachsen-Anhalt,2,humanisten,0.0
5112,2017-09-24,parliament,DEE,Sachsen-Anhalt,2,linke,220858.0
5113,2017-09-24,parliament,DEE,Sachsen-Anhalt,2,menschliche,0.0
5114,2017-09-24,parliament,DEE,Sachsen-Anhalt,2,mg,5617.0
5115,2017-09-24,parliament,DEE,Sachsen-Anhalt,2,mlpd,1847.0
5116,2017-09-24,parliament,DEE,Sachsen-Anhalt,2,npd,9737.0
5117,2017-09-24,parliament,DEE,Sachsen-Anhalt,2,oedp,0.0
5118,2017-09-24,parliament,DEE,Sachsen-Anhalt,2,partei,13554.0
5119,2017-09-24,parliament,DEE,Sachsen-Anhalt,2,pdv,0.0
5120,2017-09-24,parliament,DEE,Sachsen-Anhalt,2,piraten,0.0
5121,2017-09-24,parliament,DEE,Sachsen-Anhalt,2,rechte,0.0
5122,2017-09-24,parliament,DEE,Sachsen-Anhalt,2,sgp,0.0
5123,2017-09-24,parliament,DEE,Sachsen-Anhalt,2,spd,188980.0
5124,2017-09-24,parliament,DEE,Sachsen-Anhalt,2,tierschutz,0.0
5125,2017-09-24,parliament,DEE,Sachsen-Anhalt,2,tierschutzallianz,18715.0
5126,2017-09-24,parliament,DEE,Sachsen-Anhalt,2,volksabstimmung,0.0
5127,2017-09-24,parliament,DEE,Sachsen-Anhalt,2,vpartei3,0.0
5128,2017-09-24,parliament,DEF,Schleswig-Holstein,0,eligible_voters,2266012.0
5129,2017-09-24,parliament,DEF,Schleswig-Holstein,1,issued_ballots,1729194.0
5130,2017-09-24,parliament,DEF,Schleswig-Holstein,2,addemokraten,0.0
5131,2017-09-24,parliament,DEF,Schleswig-Holstein,2,afd,140362.0
5132,2017-09-24,parliament,DEF,Schleswig-Holstein,2,bge,5670.0
5133,2017-09-24,parliament,DEF,Schleswig-Holstein,2,bp,0.0
5134,2017-09-24,parliament,DEF,Schleswig-Holstein,2,bstern,0.0
5135,2017-09-24,parliament,DEF,Schleswig-Holstein,2,bueso,0.0
5136,2017-09-24,parliament,DEF,Schleswig-Holstein,2,cdu,583135.0
5137,2017-09-24,parliament,DEF,Schleswig-Holstein,2,csu,0.0
5138,2017-09-24,parliament,DEF,Schleswig-Holstein,2,dib,0.0
5139,2017-09-24,parliament,DEF,Schleswig-Holstein,2,dkp,0.0
5140,2017-09-24,parliament,DEF,Schleswig-Holstein,2,dm,0.0
5141,2017-09-24,parliament,DEF,Schleswig-Holstein,2,du,0.0
5142,2017-09-24,parliament,DEF,Schleswig-Holstein,2,fdp,216844.0
5143,2017-09-24,parliament,DEF,Schleswig-Holstein,2,freiewahler,11095.0
5144,2017-09-24,parliament,DEF,Schleswig-Holstein,2,gesundheitsforschung,0.0
5145,2017-09-24,parliament,DEF,Schleswig-Holstein,2,grauen,0.0
5146,2017-09-24,parliament,DEF,Schleswig-Holstein,2,gruene,205471.0
5147,2017-09-24,parliament,DEF,Schleswig-Holstein,2,humanisten,0.0
5148,2017-09-24,parliament,DEF,Schleswig-Holstein,2,linke,124678.0
5149,2017-09-24,parliament,DEF,Schleswig-Holstein,2,menschliche,0.0
5150,2017-09-24,parliament,DEF,Schleswig-Holstein,2,mg,0.0
5151,2017-09-24,parliament,DEF,Schleswig-Holstein,2,mlpd,823.0
5152,2017-09-24,parliament,DEF,Schleswig-Holstein,2,npd,4210.0
5153,2017-09-24,parliament,DEF,Schleswig-Holstein,2,oedp,3116.0
5154,2017-09-24,parliament,DEF,Schleswig-Holstein,2,partei,20732.0
5155,2017-09-24,parliament,DEF,Schleswig-Holstein,2,pdv,0.0
5156,2017-09-24,parliament,DEF,Schleswig-Holstein,2,piraten,0.0
5157,2017-09-24,parliament,DEF,Schleswig-Holstein,2,rechte,0.0
5158,2017-09-24,parliament,DEF,Schleswig-Holstein,2,sgp,0.0
5159,2017-09-24,parliament,DEF,Schleswig-Holstein,2,spd,399505.0
5160,2017-09-24,parliament,DEF,Schleswig-Holstein,2,tierschutz,0.0
5161,2017-09-24,parliament,DEF,Schleswig-Holstein,2,tierschutzallianz,0.0
5162,2017-09-24,parliament,DEF,Schleswig-Holstein,2,volksabstimmung,0.0
5163,2017-09-24,parliament,DEF,Schleswig-Holstein,2,vpartei3,0.0
5164,2017-09-24,parliament,DEG,Thüringen,0,eligible_voters,1767014.0
5165,2017-09-24,parliament,DEG,Thüringen,1,issued_ballots,1312052.0
5166,2017-09-24,parliament,DEG,Thüringen,2,addemokraten,0.0
5167,2017-09-24,parliament,DEG,Thüringen,2,afd,294069.0
5168,2017-09-24,parliament,DEG,Thüringen,2,bge,5307.0
5169,2017-09-24,parliament,DEG,Thüringen,2,bp,0.0
5170,2017-09-24,parliament,DEG,Thüringen,2,bstern,0.0
5171,2017-09-24,parliament,DEG,Thüringen,2,bueso,0.0
5172,2017-09-24,parliament,DEG,Thüringen,2,cdu,372258.0
5173,2017-09-24,parliament,DEG,Thüringen,2,csu,0.0
5174,2017-09-24,parliament,DEG,Thüringen,2,dib,0.0
5175,2017-09-24,parliament,DEG,Thüringen,2,dkp,0.0
5176,2017-09-24,parliament,DEG,Thüringen,2,dm,4948.0
5177,2017-09-24,parliament,DEG,Thüringen,2,du,0.0
5178,2017-09-24,parliament,DEG,Thüringen,2,fdp,101129.0
5179,2017-09-24,parliament,DEG,Thüringen,2,freiewahler,21131.0
5180,2017-09-24,parliament,DEG,Thüringen,2,gesundheitsforschung,0.0
5181,2017-09-24,parliament,DEG,Thüringen,2,grauen,0.0
5182,2017-09-24,parliament,DEG,Thüringen,2,gruene,53340.0
5183,2017-09-24,parliament,DEG,Thüringen,2,humanisten,0.0
5184,2017-09-24,parliament,DEG,Thüringen,2,linke,218212.0
5185,2017-09-24,parliament,DEG,Thüringen,2,menschliche,0.0
5186,2017-09-24,parliament,DEG,Thüringen,2,mg,0.0
5187,2017-09-24,parliament,DEG,Thüringen,2,mlpd,1902.0
5188,2017-09-24,parliament,DEG,Thüringen,2,npd,16083.0
5189,2017-09-24,parliament,DEG,Thüringen,2,oedp,6398.0
5190,2017-09-24,parliament,DEG,Thüringen,2,partei,19132.0
5191,2017-09-24,parliament,DEG,Thüringen,2,pdv,0.0
5192,2017-09-24,parliament,DEG,Thüringen,2,piraten,6057.0
5193,2017-09-24,parliament,DEG,Thüringen,2,rechte,0.0
5194,2017-09-24,parliament,DEG,Thüringen,2,sgp,0.0
5195,2017-09-24,parliament,DEG,Thüringen,2,spd,171032.0
5196,2017-09-24,parliament,DEG,Thüringen,2,tierschutz,0.0
5197,2017-09-24,parliament,DEG,Thüringen,2,tierschutzallianz,0.0
5198,2017-09-24,parliament,DEG,Thüringen,2,volksabstimmung,0.0
5199,2017-09-24,parliament,DEG,Thüringen,2,vpartei3,3450.0
5200,2019-05-26,european,DE1,Baden-Württemberg,0,eligible_voters,7747281.0
5201,2019-05-26,european,DE1,Baden-Württemberg,1,issued_ballots,4957423.0
5202,2019-05-26,european,DE1,Baden-Württemberg,2,afd,487436.0
5203,2019-05-26,european,DE1,Baden-Württemberg,2,afmtn,7963.0
5204,2019-05-26,european,DE1,Baden-Württemberg,2,ajddvpfdm,6786.0
5205,2019-05-26,european,DE1,Baden-Württemberg,2,bayern,6402.0
5206,2019-05-26,european,DE1,Baden-Württemberg,2,bcfd,16701.0
5207,2019-05-26,european,DE1,Baden-Württemberg,2,bfig,8353.0
5208,2019-05-26,european,DE1,Baden-Württemberg,2,bg,4751.0
5209,2019-05-26,european,DE1,Baden-Württemberg,2,cdu,1499962.0
5210,2019-05-26,european,DE1,Baden-Württemberg,2,csu,0.0
5211,2019-05-26,european,DE1,Baden-Württemberg,2,diem25,16979.0
5212,2019-05-26,european,DE1,Baden-Württemberg,2,direkt,2615.0
5213,2019-05-26,european,DE1,Baden-Württemberg,2,dkp,1185.0
5214,2019-05-26,european,DE1,Baden-Württemberg,2,dw,944.0
5215,2019-05-26,european,DE1,Baden-Württemberg,2,fdp,331512.0
5216,2019-05-26,european,DE1,Baden-Württemberg,2,fpd,23837.0
5217,2019-05-26,european,DE1,Baden-Württemberg,2,frauen,7101.0
5218,2019-05-26,european,DE1,Baden-Württemberg,2,fw,154872.0
5219,2019-05-26,european,DE1,Baden-Württemberg,2,grauen,5813.0
5220,2019-05-26,european,DE1,Baden-Württemberg,2,grauepanther,6634.0
5221,2019-05-26,european,DE1,Baden-Württemberg,2,gruene,1135696.0
5222,2019-05-26,european,DE1,Baden-Württemberg,2,humanisten,7424.0
5223,2019-05-26,european,DE1,Baden-Württemberg,2,liebe,2615.0
5224,2019-05-26,european,DE1,Baden-Württemberg,2,linke,151619.0
5225,2019-05-26,european,DE1,Baden-Württemberg,2,lkr,7100.0
5226,2019-05-26,european,DE1,Baden-Württemberg,2,mlpd,2348.0
5227,2019-05-26,european,DE1,Baden-Württemberg,2,mwfdwga,4274.0
5228,2019-05-26,european,DE1,Baden-Württemberg,2,nlds,1816.0
5229,2019-05-26,european,DE1,Baden-Württemberg,2,npd,7589.0
5230,2019-05-26,european,DE1,Baden-Württemberg,2,oedp,51372.0
5231,2019-05-26,european,DE1,Baden-Württemberg,2,oel,3511.0
5232,2019-05-26,european,DE1,Baden-Württemberg,2,partei,96839.0
5233,2019-05-26,european,DE1,Baden-Württemberg,2,pfdtd,11945.0
5234,2019-05-26,european,DE1,Baden-Württemberg,2,pfg,5960.0
5235,2019-05-26,european,DE1,Baden-Württemberg,2,piraten,31246.0
5236,2019-05-26,european,DE1,Baden-Württemberg,2,rechte,3200.0
5237,2019-05-26,european,DE1,Baden-Württemberg,2,sgvi,495.0
5238,2019-05-26,european,DE1,Baden-Württemberg,2,spd,649094.0
5239,2019-05-26,european,DE1,Baden-Württemberg,2,tierschutz,60863.0
5240,2019-05-26,european,DE1,Baden-Württemberg,2,tierschutzdo,11904.0
5241,2019-05-26,european,DE1,Baden-Württemberg,2,violetten,3163.0
5242,2019-05-26,european,DE1,Baden-Württemberg,2,volt,32362.0
5243,2019-05-26,european,DE2,Bayern,0,eligible_voters,9547924.0
5244,2019-05-26,european,DE2,Bayern,1,issued_ballots,5801454.0
5245,2019-05-26,european,DE2,Bayern,2,afd,492443.0
5246,2019-05-26,european,DE2,Bayern,2,afmtn,7970.0
5247,2019-05-26,european,DE2,Bayern,2,ajddvpfdm,5708.0
5248,2019-05-26,european,DE2,Bayern,2,bayern,53516.0
5249,2019-05-26,european,DE2,Bayern,2,bcfd,7681.0
5250,2019-05-26,european,DE2,Bayern,2,bfig,4615.0
5251,2019-05-26,european,DE2,Bayern,2,bg,4597.0
5252,2019-05-26,european,DE2,Bayern,2,cdu,0.0
5253,2019-05-26,european,DE2,Bayern,2,csu,2355067.0
5254,2019-05-26,european,DE2,Bayern,2,diem25,17565.0
5255,2019-05-26,european,DE2,Bayern,2,direkt,2888.0
5256,2019-05-26,european,DE2,Bayern,2,dkp,1323.0
5257,2019-05-26,european,DE2,Bayern,2,dw,1845.0
5258,2019-05-26,european,DE2,Bayern,2,fdp,197058.0
5259,2019-05-26,european,DE2,Bayern,2,fpd,20875.0
5260,2019-05-26,european,DE2,Bayern,2,frauen,5802.0
5261,2019-05-26,european,DE2,Bayern,2,fw,308733.0
5262,2019-05-26,european,DE2,Bayern,2,grauen,7233.0
5263,2019-05-26,european,DE2,Bayern,2,grauepanther,6781.0
5264,2019-05-26,european,DE2,Bayern,2,gruene,1102420.0
5265,2019-05-26,european,DE2,Bayern,2,humanisten,9050.0
5266,2019-05-26,european,DE2,Bayern,2,liebe,3577.0
5267,2019-05-26,european,DE2,Bayern,2,linke,137089.0
5268,2019-05-26,european,DE2,Bayern,2,lkr,6716.0
5269,2019-05-26,european,DE2,Bayern,2,mlpd,1229.0
5270,2019-05-26,european,DE2,Bayern,2,mwfdwga,4202.0
5271,2019-05-26,european,DE2,Bayern,2,nlds,1981.0
5272,2019-05-26,european,DE2,Bayern,2,npd,8749.0
5273,2019-05-26,european,DE2,Bayern,2,oedp,181250.0
5274,2019-05-26,european,DE2,Bayern,2,oel,3621.0
5275,2019-05-26,european,DE2,Bayern,2,partei,113203.0
5276,2019-05-26,european,DE2,Bayern,2,pfdtd,9278.0
5277,2019-05-26,european,DE2,Bayern,2,pfg,7015.0
5278,2019-05-26,european,DE2,Bayern,2,piraten,32173.0
5279,2019-05-26,european,DE2,Bayern,2,rechte,2057.0
5280,2019-05-26,european,DE2,Bayern,2,sgvi,414.0
5281,2019-05-26,european,DE2,Bayern,2,spd,537723.0
5282,2019-05-26,european,DE2,Bayern,2,tierschutz,66685.0
5283,2019-05-26,european,DE2,Bayern,2,tierschutzdo,10186.0
5284,2019-05-26,european,DE2,Bayern,2,violetten,3991.0
5285,2019-05-26,european,DE2,Bayern,2,volt,41225.0
5286,2019-05-26,european,DE3,Berlin,0,eligible_voters,2508435.0
5287,2019-05-26,european,DE3,Berlin,1,issued_ballots,1520678.0
5288,2019-05-26,european,DE3,Berlin,2,afd,149177.0
5289,2019-05-26,european,DE3,Berlin,2,afmtn,3130.0
5290,2019-05-26,european,DE3,Berlin,2,ajddvpfdm,2202.0
5291,2019-05-26,european,DE3,Berlin,2,bayern,1049.0
5292,2019-05-26,european,DE3,Berlin,2,bcfd,1462.0
5293,2019-05-26,european,DE3,Berlin,2,bfig,4303.0
5294,2019-05-26,european,DE3,Berlin,2,bg,2837.0
5295,2019-05-26,european,DE3,Berlin,2,cdu,229352.0
5296,2019-05-26,european,DE3,Berlin,2,csu,0.0
5297,2019-05-26,european,DE3,Berlin,2,diem25,18675.0
5298,2019-05-26,european,DE3,Berlin,2,direkt,1194.0
5299,2019-05-26,european,DE3,Berlin,2,dkp,2439.0
5300,2019-05-26,european,DE3,Berlin,2,dw,511.0
5301,2019-05-26,european,DE3,Berlin,2,fdp,71576.0
5302,2019-05-26,european,DE3,Berlin,2,fpd,9743.0
5303,2019-05-26,european,DE3,Berlin,2,frauen,2632.0
5304,2019-05-26,european,DE3,Berlin,2,fw,8109.0
5305,2019-05-26,european,DE3,Berlin,2,grauen,6870.0
5306,2019-05-26,european,DE3,Berlin,2,grauepanther,6617.0
5307,2019-05-26,european,DE3,Berlin,2,gruene,419377.0
5308,2019-05-26,european,DE3,Berlin,2,humanisten,3410.0
5309,2019-05-26,european,DE3,Berlin,2,liebe,1613.0
5310,2019-05-26,european,DE3,Berlin,2,linke,179943.0
5311,2019-05-26,european,DE3,Berlin,2,lkr,1713.0
5312,2019-05-26,european,DE3,Berlin,2,mlpd,1016.0
5313,2019-05-26,european,DE3,Berlin,2,mwfdwga,1939.0
5314,2019-05-26,european,DE3,Berlin,2,nlds,928.0
5315,2019-05-26,european,DE3,Berlin,2,npd,3183.0
5316,2019-05-26,european,DE3,Berlin,2,oedp,8893.0
5317,2019-05-26,european,DE3,Berlin,2,oel,4380.0
5318,2019-05-26,european,DE3,Berlin,2,partei,72846.0
5319,2019-05-26,european,DE3,Berlin,2,pfdtd,3326.0
5320,2019-05-26,european,DE3,Berlin,2,pfg,3709.0
5321,2019-05-26,european,DE3,Berlin,2,piraten,12422.0
5322,2019-05-26,european,DE3,Berlin,2,rechte,664.0
5323,2019-05-26,european,DE3,Berlin,2,sgvi,431.0
5324,2019-05-26,european,DE3,Berlin,2,spd,211717.0
5325,2019-05-26,european,DE3,Berlin,2,tierschutz,29702.0
5326,2019-05-26,european,DE3,Berlin,2,tierschutzdo,4902.0
5327,2019-05-26,european,DE3,Berlin,2,violetten,1385.0
5328,2019-05-26,european,DE3,Berlin,2,volt,17980.0
5329,2019-05-26,european,DE4,Brandenburg,0,eligible_voters,2048606.0
5330,2019-05-26,european,DE4,Brandenburg,1,issued_ballots,1218096.0
5331,2019-05-26,european,DE4,Brandenburg,2,afd,238417.0
5332,2019-05-26,european,DE4,Brandenburg,2,afmtn,4195.0
5333,2019-05-26,european,DE4,Brandenburg,2,ajddvpfdm,3364.0
5334,2019-05-26,european,DE4,Brandenburg,2,bayern,1488.0
5335,2019-05-26,european,DE4,Brandenburg,2,bcfd,1312.0
5336,2019-05-26,european,DE4,Brandenburg,2,bfig,531.0
5337,2019-05-26,european,DE4,Brandenburg,2,bg,2296.0
5338,2019-05-26,european,DE4,Brandenburg,2,cdu,215523.0
5339,2019-05-26,european,DE4,Brandenburg,2,csu,0.0
5340,2019-05-26,european,DE4,Brandenburg,2,diem25,4213.0
5341,2019-05-26,european,DE4,Brandenburg,2,direkt,1165.0
5342,2019-05-26,european,DE4,Brandenburg,2,dkp,2380.0
5343,2019-05-26,european,DE4,Brandenburg,2,dw,939.0
5344,2019-05-26,european,DE4,Brandenburg,2,fdp,52762.0
5345,2019-05-26,european,DE4,Brandenburg,2,fpd,22675.0
5346,2019-05-26,european,DE4,Brandenburg,2,frauen,3449.0
5347,2019-05-26,european,DE4,Brandenburg,2,fw,25908.0
5348,2019-05-26,european,DE4,Brandenburg,2,grauen,4605.0
5349,2019-05-26,european,DE4,Brandenburg,2,grauepanther,3914.0
5350,2019-05-26,european,DE4,Brandenburg,2,gruene,147224.0
5351,2019-05-26,european,DE4,Brandenburg,2,humanisten,1743.0
5352,2019-05-26,european,DE4,Brandenburg,2,liebe,1831.0
5353,2019-05-26,european,DE4,Brandenburg,2,linke,147670.0
5354,2019-05-26,european,DE4,Brandenburg,2,lkr,1408.0
5355,2019-05-26,european,DE4,Brandenburg,2,mlpd,1064.0
5356,2019-05-26,european,DE4,Brandenburg,2,mwfdwga,1713.0
5357,2019-05-26,european,DE4,Brandenburg,2,nlds,484.0
5358,2019-05-26,european,DE4,Brandenburg,2,npd,8739.0
5359,2019-05-26,european,DE4,Brandenburg,2,oedp,5017.0
5360,2019-05-26,european,DE4,Brandenburg,2,oel,1232.0
5361,2019-05-26,european,DE4,Brandenburg,2,partei,29213.0
5362,2019-05-26,european,DE4,Brandenburg,2,pfdtd,4514.0
5363,2019-05-26,european,DE4,Brandenburg,2,pfg,5684.0
5364,2019-05-26,european,DE4,Brandenburg,2,piraten,6886.0
5365,2019-05-26,european,DE4,Brandenburg,2,rechte,1367.0
5366,2019-05-26,european,DE4,Brandenburg,2,sgvi,355.0
5367,2019-05-26,european,DE4,Brandenburg,2,spd,206259.0
5368,2019-05-26,european,DE4,Brandenburg,2,tierschutz,22753.0
5369,2019-05-26,european,DE4,Brandenburg,2,tierschutzdo,6312.0
5370,2019-05-26,european,DE4,Brandenburg,2,violetten,990.0
5371,2019-05-26,european,DE4,Brandenburg,2,volt,5854.0
5372,2019-05-26,european,DE5,Bremen,0,eligible_voters,470210.0
5373,2019-05-26,european,DE5,Bremen,1,issued_ballots,296287.0
5374,2019-05-26,european,DE5,Bremen,2,afd,22450.0
5375,2019-05-26,european,DE5,Bremen,2,afmtn,368.0
5376,2019-05-26,european,DE5,Bremen,2,ajddvpfdm,442.0
5377,2019-05-26,european,DE5,Bremen,2,bayern,138.0
5378,2019-05-26,european,DE5,Bremen,2,bcfd,202.0
5379,2019-05-26,european,DE5,Bremen,2,bfig,1005.0
5380,2019-05-26,european,DE5,Bremen,2,bg,661.0
5381,2019-05-26,european,DE5,Bremen,2,cdu,64078.0
5382,2019-05-26,european,DE5,Bremen,2,csu,0.0
5383,2019-05-26,european,DE5,Bremen,2,diem25,1345.0
5384,2019-05-26,european,DE5,Bremen,2,direkt,126.0
5385,2019-05-26,european,DE5,Bremen,2,dkp,187.0
5386,2019-05-26,european,DE5,Bremen,2,dw,40.0
5387,2019-05-26,european,DE5,Bremen,2,fdp,13711.0
5388,2019-05-26,european,DE5,Bremen,2,fpd,925.0
5389,2019-05-26,european,DE5,Bremen,2,frauen,337.0
5390,2019-05-26,european,DE5,Bremen,2,fw,1636.0
5391,2019-05-26,european,DE5,Bremen,2,grauen,320.0
5392,2019-05-26,european,DE5,Bremen,2,grauepanther,464.0
5393,2019-05-26,european,DE5,Bremen,2,gruene,66390.0
5394,2019-05-26,european,DE5,Bremen,2,humanisten,1039.0
5395,2019-05-26,european,DE5,Bremen,2,liebe,154.0
5396,2019-05-26,european,DE5,Bremen,2,linke,22844.0
5397,2019-05-26,european,DE5,Bremen,2,lkr,214.0
5398,2019-05-26,european,DE5,Bremen,2,mlpd,119.0
5399,2019-05-26,european,DE5,Bremen,2,mwfdwga,402.0
5400,2019-05-26,european,DE5,Bremen,2,nlds,100.0
5401,2019-05-26,european,DE5,Bremen,2,npd,384.0
5402,2019-05-26,european,DE5,Bremen,2,oedp,692.0
5403,2019-05-26,european,DE5,Bremen,2,oel,504.0
5404,2019-05-26,european,DE5,Bremen,2,partei,9756.0
5405,2019-05-26,european,DE5,Bremen,2,pfdtd,467.0
5406,2019-05-26,european,DE5,Bremen,2,pfg,317.0
5407,2019-05-26,european,DE5,Bremen,2,piraten,2582.0
5408,2019-05-26,european,DE5,Bremen,2,rechte,198.0
5409,2019-05-26,european,DE5,Bremen,2,sgvi,29.0
5410,2019-05-26,european,DE5,Bremen,2,spd,71566.0
5411,2019-05-26,european,DE5,Bremen,2,tierschutz,3361.0
5412,2019-05-26,european,DE5,Bremen,2,tierschutzdo,704.0
5413,2019-05-26,european,DE5,Bremen,2,violetten,100.0
5414,2019-05-26,european,DE5,Bremen,2,volt,2003.0
5415,2019-05-26,european,DE6,Hamburg,0,eligible_voters,1302548.0
5416,2019-05-26,european,DE6,Hamburg,1,issued_ballots,805905.0
5417,2019-05-26,european,DE6,Hamburg,2,afd,51649.0
5418,2019-05-26,european,DE6,Hamburg,2,afmtn,1035.0
5419,2019-05-26,european,DE6,Hamburg,2,ajddvpfdm,678.0
5420,2019-05-26,european,DE6,Hamburg,2,bayern,518.0
5421,2019-05-26,european,DE6,Hamburg,2,bcfd,801.0
5422,2019-05-26,european,DE6,Hamburg,2,bfig,2640.0
5423,2019-05-26,european,DE6,Hamburg,2,bg,1285.0
5424,2019-05-26,european,DE6,Hamburg,2,cdu,140966.0
5425,2019-05-26,european,DE6,Hamburg,2,csu,0.0
5426,2019-05-26,european,DE6,Hamburg,2,diem25,6375.0
5427,2019-05-26,european,DE6,Hamburg,2,direkt,503.0
5428,2019-05-26,european,DE6,Hamburg,2,dkp,520.0
5429,2019-05-26,european,DE6,Hamburg,2,dw,144.0
5430,2019-05-26,european,DE6,Hamburg,2,fdp,44355.0
5431,2019-05-26,european,DE6,Hamburg,2,fpd,2551.0
5432,2019-05-26,european,DE6,Hamburg,2,frauen,950.0
5433,2019-05-26,european,DE6,Hamburg,2,fw,3392.0
5434,2019-05-26,european,DE6,Hamburg,2,grauen,1087.0
5435,2019-05-26,european,DE6,Hamburg,2,grauepanther,1530.0
5436,2019-05-26,european,DE6,Hamburg,2,gruene,247719.0
5437,2019-05-26,european,DE6,Hamburg,2,humanisten,1601.0
5438,2019-05-26,european,DE6,Hamburg,2,liebe,666.0
5439,2019-05-26,european,DE6,Hamburg,2,linke,55375.0
5440,2019-05-26,european,DE6,Hamburg,2,lkr,990.0
5441,2019-05-26,european,DE6,Hamburg,2,mlpd,353.0
5442,2019-05-26,european,DE6,Hamburg,2,mwfdwga,763.0
5443,2019-05-26,european,DE6,Hamburg,2,nlds,723.0
5444,2019-05-26,european,DE6,Hamburg,2,npd,877.0
5445,2019-05-26,european,DE6,Hamburg,2,oedp,5504.0
5446,2019-05-26,european,DE6,Hamburg,2,oel,1692.0
5447,2019-05-26,european,DE6,Hamburg,2,partei,30138.0
5448,2019-05-26,european,DE6,Hamburg,2,pfdtd,1154.0
5449,2019-05-26,european,DE6,Hamburg,2,pfg,790.0
5450,2019-05-26,european,DE6,Hamburg,2,piraten,6478.0
5451,2019-05-26,european,DE6,Hamburg,2,rechte,302.0
5452,2019-05-26,european,DE6,Hamburg,2,sgvi,88.0
5453,2019-05-26,european,DE6,Hamburg,2,spd,157840.0
5454,2019-05-26,european,DE6,Hamburg,2,tierschutz,10973.0
5455,2019-05-26,european,DE6,Hamburg,2,tierschutzdo,1403.0
5456,2019-05-26,european,DE6,Hamburg,2,violetten,569.0
5457,2019-05-26,european,DE6,Hamburg,2,volt,9455.0
5458,2019-05-26,european,DE7,Hessen,0,eligible_voters,4412068.0
5459,2019-05-26,european,DE7,Hessen,1,issued_ballots,2578688.0
5460,2019-05-26,european,DE7,Hessen,2,afd,252794.0
5461,2019-05-26,european,DE7,Hessen,2,afmtn,3517.0
5462,2019-05-26,european,DE7,Hessen,2,ajddvpfdm,4110.0
5463,2019-05-26,european,DE7,Hessen,2,bayern,2488.0
5464,2019-05-26,european,DE7,Hessen,2,bcfd,4898.0
5465,2019-05-26,european,DE7,Hessen,2,bfig,6902.0
5466,2019-05-26,european,DE7,Hessen,2,bg,2397.0
5467,2019-05-26,european,DE7,Hessen,2,cdu,657886.0
5468,2019-05-26,european,DE7,Hessen,2,csu,0.0
5469,2019-05-26,european,DE7,Hessen,2,diem25,9653.0
5470,2019-05-26,european,DE7,Hessen,2,direkt,1260.0
5471,2019-05-26,european,DE7,Hessen,2,dkp,1236.0
5472,2019-05-26,european,DE7,Hessen,2,dw,590.0
5473,2019-05-26,european,DE7,Hessen,2,fdp,164386.0
5474,2019-05-26,european,DE7,Hessen,2,fpd,11920.0
5475,2019-05-26,european,DE7,Hessen,2,frauen,3098.0
5476,2019-05-26,european,DE7,Hessen,2,fw,42841.0
5477,2019-05-26,european,DE7,Hessen,2,grauen,3888.0
5478,2019-05-26,european,DE7,Hessen,2,grauepanther,4381.0
5479,2019-05-26,european,DE7,Hessen,2,gruene,598460.0
5480,2019-05-26,european,DE7,Hessen,2,humanisten,4831.0
5481,2019-05-26,european,DE7,Hessen,2,liebe,2024.0
5482,2019-05-26,european,DE7,Hessen,2,linke,111582.0
5483,2019-05-26,european,DE7,Hessen,2,lkr,3505.0
5484,2019-05-26,european,DE7,Hessen,2,mlpd,852.0
5485,2019-05-26,european,DE7,Hessen,2,mwfdwga,2262.0
5486,2019-05-26,european,DE7,Hessen,2,nlds,1109.0
5487,2019-05-26,european,DE7,Hessen,2,npd,4844.0
5488,2019-05-26,european,DE7,Hessen,2,oedp,16974.0
5489,2019-05-26,european,DE7,Hessen,2,oel,3247.0
5490,2019-05-26,european,DE7,Hessen,2,partei,64272.0
5491,2019-05-26,european,DE7,Hessen,2,pfdtd,4999.0
5492,2019-05-26,european,DE7,Hessen,2,pfg,3680.0
5493,2019-05-26,european,DE7,Hessen,2,piraten,16431.0
5494,2019-05-26,european,DE7,Hessen,2,rechte,1162.0
5495,2019-05-26,european,DE7,Hessen,2,sgvi,382.0
5496,2019-05-26,european,DE7,Hessen,2,spd,469417.0
5497,2019-05-26,european,DE7,Hessen,2,tierschutz,38100.0
5498,2019-05-26,european,DE7,Hessen,2,tierschutzdo,6173.0
5499,2019-05-26,european,DE7,Hessen,2,violetten,2167.0
5500,2019-05-26,european,DE7,Hessen,2,volt,18435.0
5501,2019-05-26,european,DE8,Mecklenburg-Vorpommern,0,eligible_voters,1316161.0
5502,2019-05-26,european,DE8,Mecklenburg-Vorpommern,1,issued_ballots,769080.0
5503,2019-05-26,european,DE8,Mecklenburg-Vorpommern,2,afd,133205.0
5504,2019-05-26,european,DE8,Mecklenburg-Vorpommern,2,afmtn,2033.0
5505,2019-05-26,european,DE8,Mecklenburg-Vorpommern,2,ajddvpfdm,2444.0
5506,2019-05-26,european,DE8,Mecklenburg-Vorpommern,2,bayern,455.0
5507,2019-05-26,european,DE8,Mecklenburg-Vorpommern,2,bcfd,1360.0
5508,2019-05-26,european,DE8,Mecklenburg-Vorpommern,2,bfig,288.0
5509,2019-05-26,european,DE8,Mecklenburg-Vorpommern,2,bg,1120.0
5510,2019-05-26,european,DE8,Mecklenburg-Vorpommern,2,cdu,184894.0
5511,2019-05-26,european,DE8,Mecklenburg-Vorpommern,2,csu,0.0
5512,2019-05-26,european,DE8,Mecklenburg-Vorpommern,2,diem25,1719.0
5513,2019-05-26,european,DE8,Mecklenburg-Vorpommern,2,direkt,692.0
5514,2019-05-26,european,DE8,Mecklenburg-Vorpommern,2,dkp,1244.0
5515,2019-05-26,european,DE8,Mecklenburg-Vorpommern,2,dw,336.0
5516,2019-05-26,european,DE8,Mecklenburg-Vorpommern,2,fdp,29235.0
5517,2019-05-26,european,DE8,Mecklenburg-Vorpommern,2,fpd,12795.0
5518,2019-05-26,european,DE8,Mecklenburg-Vorpommern,2,frauen,2547.0
5519,2019-05-26,european,DE8,Mecklenburg-Vorpommern,2,fw,10197.0
5520,2019-05-26,european,DE8,Mecklenburg-Vorpommern,2,grauen,1814.0
5521,2019-05-26,european,DE8,Mecklenburg-Vorpommern,2,grauepanther,2327.0
5522,2019-05-26,european,DE8,Mecklenburg-Vorpommern,2,gruene,81285.0
5523,2019-05-26,european,DE8,Mecklenburg-Vorpommern,2,humanisten,1079.0
5524,2019-05-26,european,DE8,Mecklenburg-Vorpommern,2,liebe,1361.0
5525,2019-05-26,european,DE8,Mecklenburg-Vorpommern,2,linke,104952.0
5526,2019-05-26,european,DE8,Mecklenburg-Vorpommern,2,lkr,838.0
5527,2019-05-26,european,DE8,Mecklenburg-Vorpommern,2,mlpd,659.0
5528,2019-05-26,european,DE8,Mecklenburg-Vorpommern,2,mwfdwga,1081.0
5529,2019-05-26,european,DE8,Mecklenburg-Vorpommern,2,nlds,252.0
5530,2019-05-26,european,DE8,Mecklenburg-Vorpommern,2,npd,8521.0
5531,2019-05-26,european,DE8,Mecklenburg-Vorpommern,2,oedp,2439.0
5532,2019-05-26,european,DE8,Mecklenburg-Vorpommern,2,oel,644.0
5533,2019-05-26,european,DE8,Mecklenburg-Vorpommern,2,partei,15487.0
5534,2019-05-26,european,DE8,Mecklenburg-Vorpommern,2,pfdtd,2595.0
5535,2019-05-26,european,DE8,Mecklenburg-Vorpommern,2,pfg,3868.0
5536,2019-05-26,european,DE8,Mecklenburg-Vorpommern,2,piraten,4187.0
5537,2019-05-26,european,DE8,Mecklenburg-Vorpommern,2,rechte,840.0
5538,2019-05-26,european,DE8,Mecklenburg-Vorpommern,2,sgvi,195.0
5539,2019-05-26,european,DE8,Mecklenburg-Vorpommern,2,spd,117297.0
5540,2019-05-26,european,DE8,Mecklenburg-Vorpommern,2,tierschutz,10840.0
5541,2019-05-26,european,DE8,Mecklenburg-Vorpommern,2,tierschutzdo,3023.0
5542,2019-05-26,european,DE8,Mecklenburg-Vorpommern,2,violetten,618.0
5543,2019-05-26,european,DE8,Mecklenburg-Vorpommern,2,volt,2849.0
5544,2019-05-26,european,DE9,Niedersachsen,0,eligible_voters,6119552.0
5545,2019-05-26,european,DE9,Niedersachsen,1,issued_ballots,3766076.0
5546,2019-05-26,european,DE9,Niedersachsen,2,afd,297385.0
5547,2019-05-26,european,DE9,Niedersachsen,2,afmtn,5719.0
5548,2019-05-26,european,DE9,Niedersachsen,2,ajddvpfdm,4778.0
5549,2019-05-26,european,DE9,Niedersachsen,2,bayern,2899.0
5550,2019-05-26,european,DE9,Niedersachsen,2,bcfd,5641.0
5551,2019-05-26,european,DE9,Niedersachsen,2,bfig,5054.0
5552,2019-05-26,european,DE9,Niedersachsen,2,bg,3475.0
5553,2019-05-26,european,DE9,Niedersachsen,2,cdu,1119352.0
5554,2019-05-26,european,DE9,Niedersachsen,2,csu,0.0
5555,2019-05-26,european,DE9,Niedersachsen,2,diem25,9808.0
5556,2019-05-26,european,DE9,Niedersachsen,2,direkt,2140.0
5557,2019-05-26,european,DE9,Niedersachsen,2,dkp,1312.0
5558,2019-05-26,european,DE9,Niedersachsen,2,dw,628.0
5559,2019-05-26,european,DE9,Niedersachsen,2,fdp,186280.0
5560,2019-05-26,european,DE9,Niedersachsen,2,fpd,23960.0
5561,2019-05-26,european,DE9,Niedersachsen,2,frauen,4399.0
5562,2019-05-26,european,DE9,Niedersachsen,2,fw,23980.0
5563,2019-05-26,european,DE9,Niedersachsen,2,grauen,6628.0
5564,2019-05-26,european,DE9,Niedersachsen,2,grauepanther,6725.0
5565,2019-05-26,european,DE9,Niedersachsen,2,gruene,846522.0
5566,2019-05-26,european,DE9,Niedersachsen,2,humanisten,6372.0
5567,2019-05-26,european,DE9,Niedersachsen,2,liebe,2963.0
5568,2019-05-26,european,DE9,Niedersachsen,2,linke,141841.0
5569,2019-05-26,european,DE9,Niedersachsen,2,lkr,5343.0
5570,2019-05-26,european,DE9,Niedersachsen,2,mlpd,923.0
5571,2019-05-26,european,DE9,Niedersachsen,2,mwfdwga,2594.0
5572,2019-05-26,european,DE9,Niedersachsen,2,nlds,1516.0
5573,2019-05-26,european,DE9,Niedersachsen,2,npd,6602.0
5574,2019-05-26,european,DE9,Niedersachsen,2,oedp,15968.0
5575,2019-05-26,european,DE9,Niedersachsen,2,oel,3518.0
5576,2019-05-26,european,DE9,Niedersachsen,2,partei,89232.0
5577,2019-05-26,european,DE9,Niedersachsen,2,pfdtd,6501.0
5578,2019-05-26,european,DE9,Niedersachsen,2,pfg,5270.0
5579,2019-05-26,european,DE9,Niedersachsen,2,piraten,24197.0
5580,2019-05-26,european,DE9,Niedersachsen,2,rechte,2027.0
5581,2019-05-26,european,DE9,Niedersachsen,2,sgvi,489.0
5582,2019-05-26,european,DE9,Niedersachsen,2,spd,781873.0
5583,2019-05-26,european,DE9,Niedersachsen,2,tierschutz,54508.0
5584,2019-05-26,european,DE9,Niedersachsen,2,tierschutzdo,10317.0
5585,2019-05-26,european,DE9,Niedersachsen,2,violetten,2400.0
5586,2019-05-26,european,DE9,Niedersachsen,2,volt,20406.0
5587,2019-05-26,european,DEA,Nordrhein-Westfalen,0,eligible_voters,13149577.0
5588,2019-05-26,european,DEA,Nordrhein-Westfalen,1,issued_ballots,8069019.0
5589,2019-05-26,european,DEA,Nordrhein-Westfalen,2,afd,682400.0
5590,2019-05-26,european,DEA,Nordrhein-Westfalen,2,afmtn,10347.0
5591,2019-05-26,european,DEA,Nordrhein-Westfalen,2,ajddvpfdm,11044.0
5592,2019-05-26,european,DEA,Nordrhein-Westfalen,2,bayern,4877.0
5593,2019-05-26,european,DEA,Nordrhein-Westfalen,2,bcfd,11616.0
5594,2019-05-26,european,DEA,Nordrhein-Westfalen,2,bfig,29125.0
5595,2019-05-26,european,DEA,Nordrhein-Westfalen,2,bg,5445.0
5596,2019-05-26,european,DEA,Nordrhein-Westfalen,2,cdu,2237590.0
5597,2019-05-26,european,DEA,Nordrhein-Westfalen,2,csu,0.0
5598,2019-05-26,european,DEA,Nordrhein-Westfalen,2,diem25,22541.0
5599,2019-05-26,european,DEA,Nordrhein-Westfalen,2,direkt,4409.0
5600,2019-05-26,european,DEA,Nordrhein-Westfalen,2,dkp,2978.0
5601,2019-05-26,european,DEA,Nordrhein-Westfalen,2,dw,1217.0
5602,2019-05-26,european,DEA,Nordrhein-Westfalen,2,fdp,535316.0
5603,2019-05-26,european,DEA,Nordrhein-Westfalen,2,fpd,53443.0
5604,2019-05-26,european,DEA,Nordrhein-Westfalen,2,frauen,9067.0
5605,2019-05-26,european,DEA,Nordrhein-Westfalen,2,fw,50763.0
5606,2019-05-26,european,DEA,Nordrhein-Westfalen,2,grauen,15200.0
5607,2019-05-26,european,DEA,Nordrhein-Westfalen,2,grauepanther,16868.0
5608,2019-05-26,european,DEA,Nordrhein-Westfalen,2,gruene,1854487.0
5609,2019-05-26,european,DEA,Nordrhein-Westfalen,2,humanisten,13425.0
5610,2019-05-26,european,DEA,Nordrhein-Westfalen,2,liebe,6555.0
5611,2019-05-26,european,DEA,Nordrhein-Westfalen,2,linke,337933.0
5612,2019-05-26,european,DEA,Nordrhein-Westfalen,2,lkr,7293.0
5613,2019-05-26,european,DEA,Nordrhein-Westfalen,2,mlpd,4148.0
5614,2019-05-26,european,DEA,Nordrhein-Westfalen,2,mwfdwga,5470.0
5615,2019-05-26,european,DEA,Nordrhein-Westfalen,2,nlds,3766.0
5616,2019-05-26,european,DEA,Nordrhein-Westfalen,2,npd,11872.0
5617,2019-05-26,european,DEA,Nordrhein-Westfalen,2,oedp,38539.0
5618,2019-05-26,european,DEA,Nordrhein-Westfalen,2,oel,5512.0
5619,2019-05-26,european,DEA,Nordrhein-Westfalen,2,partei,187575.0
5620,2019-05-26,european,DEA,Nordrhein-Westfalen,2,pfdtd,15925.0
5621,2019-05-26,european,DEA,Nordrhein-Westfalen,2,pfg,10277.0
5622,2019-05-26,european,DEA,Nordrhein-Westfalen,2,piraten,56392.0
5623,2019-05-26,european,DEA,Nordrhein-Westfalen,2,rechte,4815.0
5624,2019-05-26,european,DEA,Nordrhein-Westfalen,2,sgvi,812.0
5625,2019-05-26,european,DEA,Nordrhein-Westfalen,2,spd,1536734.0
5626,2019-05-26,european,DEA,Nordrhein-Westfalen,2,tierschutz,122518.0
5627,2019-05-26,european,DEA,Nordrhein-Westfalen,2,tierschutzdo,18359.0
5628,2019-05-26,european,DEA,Nordrhein-Westfalen,2,violetten,6178.0
5629,2019-05-26,european,DEA,Nordrhein-Westfalen,2,volt,55959.0
5630,2019-05-26,european,DEB,Rheinland-Pfalz,0,eligible_voters,3072765.0
5631,2019-05-26,european,DEB,Rheinland-Pfalz,1,issued_ballots,1992205.0
5632,2019-05-26,european,DEB,Rheinland-Pfalz,2,afd,192851.0
5633,2019-05-26,european,DEB,Rheinland-Pfalz,2,afmtn,3745.0
5634,2019-05-26,european,DEB,Rheinland-Pfalz,2,ajddvpfdm,3346.0
5635,2019-05-26,european,DEB,Rheinland-Pfalz,2,bayern,2080.0
5636,2019-05-26,european,DEB,Rheinland-Pfalz,2,bcfd,3168.0
5637,2019-05-26,european,DEB,Rheinland-Pfalz,2,bfig,2588.0
5638,2019-05-26,european,DEB,Rheinland-Pfalz,2,bg,1714.0
5639,2019-05-26,european,DEB,Rheinland-Pfalz,2,cdu,613470.0
5640,2019-05-26,european,DEB,Rheinland-Pfalz,2,csu,0.0
5641,2019-05-26,european,DEB,Rheinland-Pfalz,2,diem25,4111.0
5642,2019-05-26,european,DEB,Rheinland-Pfalz,2,direkt,874.0
5643,2019-05-26,european,DEB,Rheinland-Pfalz,2,dkp,479.0
5644,2019-05-26,european,DEB,Rheinland-Pfalz,2,dw,671.0
5645,2019-05-26,european,DEB,Rheinland-Pfalz,2,fdp,114371.0
5646,2019-05-26,european,DEB,Rheinland-Pfalz,2,fpd,11972.0
5647,2019-05-26,european,DEB,Rheinland-Pfalz,2,frauen,2438.0
5648,2019-05-26,european,DEB,Rheinland-Pfalz,2,fw,56239.0
5649,2019-05-26,european,DEB,Rheinland-Pfalz,2,grauen,2424.0
5650,2019-05-26,european,DEB,Rheinland-Pfalz,2,grauepanther,3298.0
5651,2019-05-26,european,DEB,Rheinland-Pfalz,2,gruene,327704.0
5652,2019-05-26,european,DEB,Rheinland-Pfalz,2,humanisten,2874.0
5653,2019-05-26,european,DEB,Rheinland-Pfalz,2,liebe,1738.0
5654,2019-05-26,european,DEB,Rheinland-Pfalz,2,linke,59835.0
5655,2019-05-26,european,DEB,Rheinland-Pfalz,2,lkr,2168.0
5656,2019-05-26,european,DEB,Rheinland-Pfalz,2,mlpd,363.0
5657,2019-05-26,european,DEB,Rheinland-Pfalz,2,mwfdwga,1640.0
5658,2019-05-26,european,DEB,Rheinland-Pfalz,2,nlds,644.0
5659,2019-05-26,european,DEB,Rheinland-Pfalz,2,npd,3535.0
5660,2019-05-26,european,DEB,Rheinland-Pfalz,2,oedp,11848.0
5661,2019-05-26,european,DEB,Rheinland-Pfalz,2,oel,1191.0
5662,2019-05-26,european,DEB,Rheinland-Pfalz,2,partei,40214.0
5663,2019-05-26,european,DEB,Rheinland-Pfalz,2,pfdtd,5004.0
5664,2019-05-26,european,DEB,Rheinland-Pfalz,2,pfg,2801.0
5665,2019-05-26,european,DEB,Rheinland-Pfalz,2,piraten,11627.0
5666,2019-05-26,european,DEB,Rheinland-Pfalz,2,rechte,940.0
5667,2019-05-26,european,DEB,Rheinland-Pfalz,2,sgvi,207.0
5668,2019-05-26,european,DEB,Rheinland-Pfalz,2,spd,417183.0
5669,2019-05-26,european,DEB,Rheinland-Pfalz,2,tierschutz,29415.0
5670,2019-05-26,european,DEB,Rheinland-Pfalz,2,tierschutzdo,5466.0
5671,2019-05-26,european,DEB,Rheinland-Pfalz,2,violetten,1317.0
5672,2019-05-26,european,DEB,Rheinland-Pfalz,2,volt,10842.0
5673,2019-05-26,european,DEC,Saarland,0,eligible_voters,767452.0
5674,2019-05-26,european,DEC,Saarland,1,issued_ballots,509540.0
5675,2019-05-26,european,DEC,Saarland,2,afd,48057.0
5676,2019-05-26,european,DEC,Saarland,2,afmtn,853.0
5677,2019-05-26,european,DEC,Saarland,2,ajddvpfdm,795.0
5678,2019-05-26,european,DEC,Saarland,2,bayern,303.0
5679,2019-05-26,european,DEC,Saarland,2,bcfd,280.0
5680,2019-05-26,european,DEC,Saarland,2,bfig,430.0
5681,2019-05-26,european,DEC,Saarland,2,bg,435.0
5682,2019-05-26,european,DEC,Saarland,2,cdu,161897.0
5683,2019-05-26,european,DEC,Saarland,2,csu,0.0
5684,2019-05-26,european,DEC,Saarland,2,diem25,931.0
5685,2019-05-26,european,DEC,Saarland,2,direkt,198.0
5686,2019-05-26,european,DEC,Saarland,2,dkp,163.0
5687,2019-05-26,european,DEC,Saarland,2,dw,124.0
5688,2019-05-26,european,DEC,Saarland,2,fdp,18472.0
5689,2019-05-26,european,DEC,Saarland,2,fpd,6272.0
5690,2019-05-26,european,DEC,Saarland,2,frauen,817.0
5691,2019-05-26,european,DEC,Saarland,2,fw,5383.0
5692,2019-05-26,european,DEC,Saarland,2,grauen,833.0
5693,2019-05-26,european,DEC,Saarland,2,grauepanther,1305.0
5694,2019-05-26,european,DEC,Saarland,2,gruene,65758.0
5695,2019-05-26,european,DEC,Saarland,2,humanisten,613.0
5696,2019-05-26,european,DEC,Saarland,2,liebe,575.0
5697,2019-05-26,european,DEC,Saarland,2,linke,29785.0
5698,2019-05-26,european,DEC,Saarland,2,lkr,465.0
5699,2019-05-26,european,DEC,Saarland,2,mlpd,201.0
5700,2019-05-26,european,DEC,Saarland,2,mwfdwga,506.0
5701,2019-05-26,european,DEC,Saarland,2,nlds,143.0
5702,2019-05-26,european,DEC,Saarland,2,npd,1587.0
5703,2019-05-26,european,DEC,Saarland,2,oedp,2649.0
5704,2019-05-26,european,DEC,Saarland,2,oel,328.0
5705,2019-05-26,european,DEC,Saarland,2,partei,12595.0
5706,2019-05-26,european,DEC,Saarland,2,pfdtd,1823.0
5707,2019-05-26,european,DEC,Saarland,2,pfg,877.0
5708,2019-05-26,european,DEC,Saarland,2,piraten,3483.0
5709,2019-05-26,european,DEC,Saarland,2,rechte,293.0
5710,2019-05-26,european,DEC,Saarland,2,sgvi,67.0
5711,2019-05-26,european,DEC,Saarland,2,spd,115183.0
5712,2019-05-26,european,DEC,Saarland,2,tierschutz,9828.0
5713,2019-05-26,european,DEC,Saarland,2,tierschutzdo,1869.0
5714,2019-05-26,european,DEC,Saarland,2,violetten,373.0
5715,2019-05-26,european,DEC,Saarland,2,volt,2215.0
5716,2019-05-26,european,DED,Sachsen,0,eligible_voters,3301120.0
5717,2019-05-26,european,DED,Sachsen,1,issued_ballots,2099660.0
5718,2019-05-26,european,DED,Sachsen,2,afd,520668.0
5719,2019-05-26,european,DED,Sachsen,2,afmtn,6330.0
5720,2019-05-26,european,DED,Sachsen,2,ajddvpfdm,5164.0
5721,2019-05-26,european,DED,Sachsen,2,bayern,2117.0
5722,2019-05-26,european,DED,Sachsen,2,bcfd,7015.0
5723,2019-05-26,european,DED,Sachsen,2,bfig,713.0
5724,2019-05-26,european,DED,Sachsen,2,bg,3931.0
5725,2019-05-26,european,DED,Sachsen,2,cdu,474730.0
5726,2019-05-26,european,DED,Sachsen,2,csu,0.0
5727,2019-05-26,european,DED,Sachsen,2,diem25,7200.0
5728,2019-05-26,european,DED,Sachsen,2,direkt,2717.0
5729,2019-05-26,european,DED,Sachsen,2,dkp,2030.0
5730,2019-05-26,european,DED,Sachsen,2,dw,2714.0
5731,2019-05-26,european,DED,Sachsen,2,fdp,96565.0
5732,2019-05-26,european,DED,Sachsen,2,fpd,28273.0
5733,2019-05-26,european,DED,Sachsen,2,frauen,5169.0
5734,2019-05-26,european,DED,Sachsen,2,fw,60373.0
5735,2019-05-26,european,DED,Sachsen,2,grauen,5758.0
5736,2019-05-26,european,DED,Sachsen,2,grauepanther,6213.0
5737,2019-05-26,european,DED,Sachsen,2,gruene,212407.0
5738,2019-05-26,european,DED,Sachsen,2,humanisten,3858.0
5739,2019-05-26,european,DED,Sachsen,2,liebe,3303.0
5740,2019-05-26,european,DED,Sachsen,2,linke,240288.0
5741,2019-05-26,european,DED,Sachsen,2,lkr,2172.0
5742,2019-05-26,european,DED,Sachsen,2,mlpd,1502.0
5743,2019-05-26,european,DED,Sachsen,2,mwfdwga,3311.0
5744,2019-05-26,european,DED,Sachsen,2,nlds,888.0
5745,2019-05-26,european,DED,Sachsen,2,npd,16211.0
5746,2019-05-26,european,DED,Sachsen,2,oedp,14567.0
5747,2019-05-26,european,DED,Sachsen,2,oel,3014.0
5748,2019-05-26,european,DED,Sachsen,2,partei,58948.0
5749,2019-05-26,european,DED,Sachsen,2,pfdtd,7557.0
5750,2019-05-26,european,DED,Sachsen,2,pfg,8429.0
5751,2019-05-26,european,DED,Sachsen,2,piraten,12484.0
5752,2019-05-26,european,DED,Sachsen,2,rechte,2880.0
5753,2019-05-26,european,DED,Sachsen,2,sgvi,467.0
5754,2019-05-26,european,DED,Sachsen,2,spd,176956.0
5755,2019-05-26,european,DED,Sachsen,2,tierschutz,31016.0
5756,2019-05-26,european,DED,Sachsen,2,tierschutzdo,7098.0
5757,2019-05-26,european,DED,Sachsen,2,violetten,1749.0
5758,2019-05-26,european,DED,Sachsen,2,volt,13027.0
5759,2019-05-26,european,DEE,Sachsen-Anhalt,0,eligible_voters,1826337.0
5760,2019-05-26,european,DEE,Sachsen-Anhalt,1,issued_ballots,998358.0
5761,2019-05-26,european,DEE,Sachsen-Anhalt,2,afd,198684.0
5762,2019-05-26,european,DEE,Sachsen-Anhalt,2,afmtn,6047.0
5763,2019-05-26,european,DEE,Sachsen-Anhalt,2,ajddvpfdm,3226.0
5764,2019-05-26,european,DEE,Sachsen-Anhalt,2,bayern,1410.0
5765,2019-05-26,european,DEE,Sachsen-Anhalt,2,bcfd,1203.0
5766,2019-05-26,european,DEE,Sachsen-Anhalt,2,bfig,573.0
5767,2019-05-26,european,DEE,Sachsen-Anhalt,2,bg,2086.0
5768,2019-05-26,european,DEE,Sachsen-Anhalt,2,cdu,226438.0
5769,2019-05-26,european,DEE,Sachsen-Anhalt,2,csu,0.0
5770,2019-05-26,european,DEE,Sachsen-Anhalt,2,diem25,2909.0
5771,2019-05-26,european,DEE,Sachsen-Anhalt,2,direkt,1363.0
5772,2019-05-26,european,DEE,Sachsen-Anhalt,2,dkp,1263.0
5773,2019-05-26,european,DEE,Sachsen-Anhalt,2,dw,692.0
5774,2019-05-26,european,DEE,Sachsen-Anhalt,2,fdp,47742.0
5775,2019-05-26,european,DEE,Sachsen-Anhalt,2,fpd,17011.0
5776,2019-05-26,european,DEE,Sachsen-Anhalt,2,frauen,3144.0
5777,2019-05-26,european,DEE,Sachsen-Anhalt,2,fw,16876.0
5778,2019-05-26,european,DEE,Sachsen-Anhalt,2,grauen,3080.0
5779,2019-05-26,european,DEE,Sachsen-Anhalt,2,grauepanther,3192.0
5780,2019-05-26,european,DEE,Sachsen-Anhalt,2,gruene,89345.0
5781,2019-05-26,european,DEE,Sachsen-Anhalt,2,humanisten,1607.0
5782,2019-05-26,european,DEE,Sachsen-Anhalt,2,liebe,1407.0
5783,2019-05-26,european,DEE,Sachsen-Anhalt,2,linke,140082.0
5784,2019-05-26,european,DEE,Sachsen-Anhalt,2,lkr,1462.0
5785,2019-05-26,european,DEE,Sachsen-Anhalt,2,mlpd,1167.0
5786,2019-05-26,european,DEE,Sachsen-Anhalt,2,mwfdwga,1536.0
5787,2019-05-26,european,DEE,Sachsen-Anhalt,2,nlds,508.0
5788,2019-05-26,european,DEE,Sachsen-Anhalt,2,npd,6219.0
5789,2019-05-26,european,DEE,Sachsen-Anhalt,2,oedp,3169.0
5790,2019-05-26,european,DEE,Sachsen-Anhalt,2,oel,1173.0
5791,2019-05-26,european,DEE,Sachsen-Anhalt,2,partei,22385.0
5792,2019-05-26,european,DEE,Sachsen-Anhalt,2,pfdtd,5049.0
5793,2019-05-26,european,DEE,Sachsen-Anhalt,2,pfg,6648.0
5794,2019-05-26,european,DEE,Sachsen-Anhalt,2,piraten,4395.0
5795,2019-05-26,european,DEE,Sachsen-Anhalt,2,rechte,1738.0
5796,2019-05-26,european,DEE,Sachsen-Anhalt,2,sgvi,434.0
5797,2019-05-26,european,DEE,Sachsen-Anhalt,2,spd,122443.0
5798,2019-05-26,european,DEE,Sachsen-Anhalt,2,tierschutz,16886.0
5799,2019-05-26,european,DEE,Sachsen-Anhalt,2,tierschutzdo,5509.0
5800,2019-05-26,european,DEE,Sachsen-Anhalt,2,violetten,786.0
5801,2019-05-26,european,DEE,Sachsen-Anhalt,2,volt,4627.0
5802,2019-05-26,european,DEF,Schleswig-Holstein,0,eligible_voters,2269361.0
5803,2019-05-26,european,DEF,Schleswig-Holstein,1,issued_ballots,1354037.0
5804,2019-05-26,european,DEF,Schleswig-Holstein,2,afd,100258.0
5805,2019-05-26,european,DEF,Schleswig-Holstein,2,afmtn,2154.0
5806,2019-05-26,european,DEF,Schleswig-Holstein,2,ajddvpfdm,1417.0
5807,2019-05-26,european,DEF,Schleswig-Holstein,2,bayern,769.0
5808,2019-05-26,european,DEF,Schleswig-Holstein,2,bcfd,1262.0
5809,2019-05-26,european,DEF,Schleswig-Holstein,2,bfig,1112.0
5810,2019-05-26,european,DEF,Schleswig-Holstein,2,bg,1267.0
5811,2019-05-26,european,DEF,Schleswig-Holstein,2,cdu,353020.0
5812,2019-05-26,european,DEF,Schleswig-Holstein,2,csu,0.0
5813,2019-05-26,european,DEF,Schleswig-Holstein,2,diem25,3715.0
5814,2019-05-26,european,DEF,Schleswig-Holstein,2,direkt,829.0
5815,2019-05-26,european,DEF,Schleswig-Holstein,2,dkp,514.0
5816,2019-05-26,european,DEF,Schleswig-Holstein,2,dw,208.0
5817,2019-05-26,european,DEF,Schleswig-Holstein,2,fdp,79538.0
5818,2019-05-26,european,DEF,Schleswig-Holstein,2,fpd,12056.0
5819,2019-05-26,european,DEF,Schleswig-Holstein,2,frauen,1505.0
5820,2019-05-26,european,DEF,Schleswig-Holstein,2,fw,11907.0
5821,2019-05-26,european,DEF,Schleswig-Holstein,2,grauen,2682.0
5822,2019-05-26,european,DEF,Schleswig-Holstein,2,grauepanther,3167.0
5823,2019-05-26,european,DEF,Schleswig-Holstein,2,gruene,391868.0
5824,2019-05-26,european,DEF,Schleswig-Holstein,2,humanisten,2225.0
5825,2019-05-26,european,DEF,Schleswig-Holstein,2,liebe,1266.0
5826,2019-05-26,european,DEF,Schleswig-Holstein,2,linke,50345.0
5827,2019-05-26,european,DEF,Schleswig-Holstein,2,lkr,1407.0
5828,2019-05-26,european,DEF,Schleswig-Holstein,2,mlpd,314.0
5829,2019-05-26,european,DEF,Schleswig-Holstein,2,mwfdwga,1002.0
5830,2019-05-26,european,DEF,Schleswig-Holstein,2,nlds,621.0
5831,2019-05-26,european,DEF,Schleswig-Holstein,2,npd,2096.0
5832,2019-05-26,european,DEF,Schleswig-Holstein,2,oedp,5844.0
5833,2019-05-26,european,DEF,Schleswig-Holstein,2,oel,1200.0
5834,2019-05-26,european,DEF,Schleswig-Holstein,2,partei,31467.0
5835,2019-05-26,european,DEF,Schleswig-Holstein,2,pfdtd,2359.0
5836,2019-05-26,european,DEF,Schleswig-Holstein,2,pfg,1680.0
5837,2019-05-26,european,DEF,Schleswig-Holstein,2,piraten,12253.0
5838,2019-05-26,european,DEF,Schleswig-Holstein,2,rechte,560.0
5839,2019-05-26,european,DEF,Schleswig-Holstein,2,sgvi,176.0
5840,2019-05-26,european,DEF,Schleswig-Holstein,2,spd,230014.0
5841,2019-05-26,european,DEF,Schleswig-Holstein,2,tierschutz,19767.0
5842,2019-05-26,european,DEF,Schleswig-Holstein,2,tierschutzdo,3216.0
5843,2019-05-26,european,DEF,Schleswig-Holstein,2,violetten,1079.0
5844,2019-05-26,european,DEF,Schleswig-Holstein,2,volt,7529.0
5845,2019-05-26,european,DEG,Thüringen,0,eligible_voters,1740866.0
5846,2019-05-26,european,DEG,Thüringen,1,issued_ballots,1071240.0
5847,2019-05-26,european,DEG,Thüringen,2,afd,236579.0
5848,2019-05-26,european,DEG,Thüringen,2,afmtn,3166.0
5849,2019-05-26,european,DEG,Thüringen,2,ajddvpfdm,2896.0
5850,2019-05-26,european,DEG,Thüringen,2,bayern,1371.0
5851,2019-05-26,european,DEG,Thüringen,2,bcfd,1725.0
5852,2019-05-26,european,DEG,Thüringen,2,bfig,415.0
5853,2019-05-26,european,DEG,Thüringen,2,bg,2521.0
5854,2019-05-26,european,DEG,Thüringen,2,cdu,259817.0
5855,2019-05-26,european,DEG,Thüringen,2,csu,0.0
5856,2019-05-26,european,DEG,Thüringen,2,diem25,2490.0
5857,2019-05-26,european,DEG,Thüringen,2,direkt,2476.0
5858,2019-05-26,european,DEG,Thüringen,2,dkp,1143.0
5859,2019-05-26,european,DEG,Thüringen,2,dw,1153.0
5860,2019-05-26,european,DEG,Thüringen,2,fdp,45715.0
5861,2019-05-26,european,DEG,Thüringen,2,fpd,15520.0
5862,2019-05-26,european,DEG,Thüringen,2,frauen,2838.0
5863,2019-05-26,european,DEG,Thüringen,2,fw,25494.0
5864,2019-05-26,european,DEG,Thüringen,2,grauen,3060.0
5865,2019-05-26,european,DEG,Thüringen,2,grauepanther,2839.0
5866,2019-05-26,european,DEG,Thüringen,2,gruene,90409.0
5867,2019-05-26,european,DEG,Thüringen,2,humanisten,1453.0
5868,2019-05-26,european,DEG,Thüringen,2,liebe,1512.0
5869,2019-05-26,european,DEG,Thüringen,2,linke,144866.0
5870,2019-05-26,european,DEG,Thüringen,2,lkr,1167.0
5871,2019-05-26,european,DEG,Thüringen,2,mlpd,2084.0
5872,2019-05-26,european,DEG,Thüringen,2,mwfdwga,1775.0
5873,2019-05-26,european,DEG,Thüringen,2,nlds,430.0
5874,2019-05-26,european,DEG,Thüringen,2,npd,10003.0
5875,2019-05-26,european,DEG,Thüringen,2,oedp,5144.0
5876,2019-05-26,european,DEG,Thüringen,2,oel,1029.0
5877,2019-05-26,european,DEG,Thüringen,2,partei,24909.0
5878,2019-05-26,european,DEG,Thüringen,2,pfdtd,3313.0
5879,2019-05-26,european,DEG,Thüringen,2,pfg,3864.0
5880,2019-05-26,european,DEG,Thüringen,2,piraten,6066.0
5881,2019-05-26,european,DEG,Thüringen,2,rechte,1555.0
5882,2019-05-26,european,DEG,Thüringen,2,sgvi,242.0
5883,2019-05-26,european,DEG,Thüringen,2,spd,115583.0
5884,2019-05-26,european,DEG,Thüringen,2,tierschutz,15011.0
5885,2019-05-26,european,DEG,Thüringen,2,tierschutzdo,3339.0
5886,2019-05-26,european,DEG,Thüringen,2,violetten,919.0
5887,2019-05-26,european,DEG,Thüringen,2,volt,4330.0
5888,2021-09-26,parliament,DE1,Baden-Württemberg,0,eligible_voters,7711531.0
5889,2021-09-26,parliament,DE1,Baden-Württemberg,1,issued_ballots,5997317.0
5890,2021-09-26,parliament,DE1,Baden-Württemberg,2,afd,571336.0
5891,2021-09-26,parliament,DE1,Baden-Württemberg,2,basis,114919.0
5892,2021-09-26,parliament,DE1,Baden-Württemberg,2,bp,0.0
5893,2021-09-26,parliament,DE1,Baden-Württemberg,2,bueso,0.0
5894,2021-09-26,parliament,DE1,Baden-Württemberg,2,bundnis21,1936.0
5895,2021-09-26,parliament,DE1,Baden-Württemberg,2,bundnisc,12625.0
5896,2021-09-26,parliament,DE1,Baden-Württemberg,2,burgerbewegung,7491.0
5897,2021-09-26,parliament,DE1,Baden-Württemberg,2,cdu,1477612.0
5898,2021-09-26,parliament,DE1,Baden-Württemberg,2,csu,0.0
5899,2021-09-26,parliament,DE1,Baden-Württemberg,2,dib,5388.0
5900,2021-09-26,parliament,DE1,Baden-Württemberg,2,dkp,1107.0
5901,2021-09-26,parliament,DE1,Baden-Württemberg,2,dritteweg,0.0
5902,2021-09-26,parliament,DE1,Baden-Württemberg,2,du,0.0
5903,2021-09-26,parliament,DE1,Baden-Württemberg,2,fdp,908039.0
5904,2021-09-26,parliament,DE1,Baden-Württemberg,2,freiewahler,103611.0
5905,2021-09-26,parliament,DE1,Baden-Württemberg,2,gartenpartei,0.0
5906,2021-09-26,parliament,DE1,Baden-Württemberg,2,gesundheitsforschung,7059.0
5907,2021-09-26,parliament,DE1,Baden-Württemberg,2,grauen,0.0
5908,2021-09-26,parliament,DE1,Baden-Württemberg,2,gruene,1022226.0
5909,2021-09-26,parliament,DE1,Baden-Württemberg,2,humanisten,6775.0
5910,2021-09-26,parliament,DE1,Baden-Württemberg,2,lfk,0.0
5911,2021-09-26,parliament,DE1,Baden-Württemberg,2,liebe,0.0
5912,2021-09-26,parliament,DE1,Baden-Württemberg,2,linke,196874.0
5913,2021-09-26,parliament,DE1,Baden-Württemberg,2,lkr,1578.0
5914,2021-09-26,parliament,DE1,Baden-Württemberg,2,menschliche,0.0
5915,2021-09-26,parliament,DE1,Baden-Württemberg,2,mlpd,2248.0
5916,2021-09-26,parliament,DE1,Baden-Württemberg,2,npd,6036.0
5917,2021-09-26,parliament,DE1,Baden-Württemberg,2,oedp,17637.0
5918,2021-09-26,parliament,DE1,Baden-Württemberg,2,partei,53597.0
5919,2021-09-26,parliament,DE1,Baden-Württemberg,2,pdf,0.0
5920,2021-09-26,parliament,DE1,Baden-Württemberg,2,piraten,21530.0
5921,2021-09-26,parliament,DE1,Baden-Württemberg,2,sgp,0.0
5922,2021-09-26,parliament,DE1,Baden-Württemberg,2,spd,1287934.0
5923,2021-09-26,parliament,DE1,Baden-Württemberg,2,ssw,0.0
5924,2021-09-26,parliament,DE1,Baden-Württemberg,2,tierschutz,74702.0
5925,2021-09-26,parliament,DE1,Baden-Württemberg,2,tierschutzallianz,0.0
5926,2021-09-26,parliament,DE1,Baden-Württemberg,2,todenhoefer,26780.0
5927,2021-09-26,parliament,DE1,Baden-Württemberg,2,unabhangige,0.0
5928,2021-09-26,parliament,DE1,Baden-Württemberg,2,volt,20620.0
5929,2021-09-26,parliament,DE1,Baden-Württemberg,2,vpartei3,0.0
5930,2021-09-26,parliament,DE2,Bayern,0,eligible_voters,9517664.0
5931,2021-09-26,parliament,DE2,Bayern,1,issued_ballots,7608980.0
5932,2021-09-26,parliament,DE2,Bayern,2,afd,679915.0
5933,2021-09-26,parliament,DE2,Bayern,2,basis,131988.0
5934,2021-09-26,parliament,DE2,Bayern,2,bp,32790.0
5935,2021-09-26,parliament,DE2,Bayern,2,bueso,0.0
5936,2021-09-26,parliament,DE2,Bayern,2,bundnis21,0.0
5937,2021-09-26,parliament,DE2,Bayern,2,bundnisc,5574.0
5938,2021-09-26,parliament,DE2,Bayern,2,burgerbewegung,0.0
5939,2021-09-26,parliament,DE2,Bayern,2,cdu,0.0
5940,2021-09-26,parliament,DE2,Bayern,2,csu,2402827.0
5941,2021-09-26,parliament,DE2,Bayern,2,dib,0.0
5942,2021-09-26,parliament,DE2,Bayern,2,dkp,1288.0
5943,2021-09-26,parliament,DE2,Bayern,2,dritteweg,3544.0
5944,2021-09-26,parliament,DE2,Bayern,2,du,4200.0
5945,2021-09-26,parliament,DE2,Bayern,2,fdp,798591.0
5946,2021-09-26,parliament,DE2,Bayern,2,freiewahler,566880.0
5947,2021-09-26,parliament,DE2,Bayern,2,gartenpartei,0.0
5948,2021-09-26,parliament,DE2,Bayern,2,gesundheitsforschung,8524.0
5949,2021-09-26,parliament,DE2,Bayern,2,grauen,0.0
5950,2021-09-26,parliament,DE2,Bayern,2,gruene,1067830.0
5951,2021-09-26,parliament,DE2,Bayern,2,humanisten,6689.0
5952,2021-09-26,parliament,DE2,Bayern,2,lfk,0.0
5953,2021-09-26,parliament,DE2,Bayern,2,liebe,0.0
5954,2021-09-26,parliament,DE2,Bayern,2,linke,210838.0
5955,2021-09-26,parliament,DE2,Bayern,2,lkr,1806.0
5956,2021-09-26,parliament,DE2,Bayern,2,menschliche,0.0
5957,2021-09-26,parliament,DE2,Bayern,2,mlpd,1251.0
5958,2021-09-26,parliament,DE2,Bayern,2,npd,5743.0
5959,2021-09-26,parliament,DE2,Bayern,2,oedp,51124.0
5960,2021-09-26,parliament,DE2,Bayern,2,partei,53876.0
5961,2021-09-26,parliament,DE2,Bayern,2,pdf,0.0
5962,2021-09-26,parliament,DE2,Bayern,2,piraten,25865.0
5963,2021-09-26,parliament,DE2,Bayern,2,sgp,0.0
5964,2021-09-26,parliament,DE2,Bayern,2,spd,1361242.0
5965,2021-09-26,parliament,DE2,Bayern,2,ssw,0.0
5966,2021-09-26,parliament,DE2,Bayern,2,tierschutz,80911.0
5967,2021-09-26,parliament,DE2,Bayern,2,tierschutzallianz,0.0
5968,2021-09-26,parliament,DE2,Bayern,2,todenhoefer,24629.0
5969,2021-09-26,parliament,DE2,Bayern,2,unabhangige,13623.0
5970,2021-09-26,parliament,DE2,Bayern,2,volt,21434.0
5971,2021-09-26,parliament,DE2,Bayern,2,vpartei3,8331.0
5972,2021-09-26,parliament,DE3,Berlin,0,eligible_voters,2460618.0
5973,2021-09-26,parliament,DE3,Berlin,1,issued_ballots,1709738.0
5974,2021-09-26,parliament,DE3,Berlin,2,afd,159025.0
5975,2021-09-26,parliament,DE3,Berlin,2,basis,0.0
5976,2021-09-26,parliament,DE3,Berlin,2,bp,0.0
5977,2021-09-26,parliament,DE3,Berlin,2,bueso,665.0
5978,2021-09-26,parliament,DE3,Berlin,2,bundnis21,0.0
5979,2021-09-26,parliament,DE3,Berlin,2,bundnisc,0.0
5980,2021-09-26,parliament,DE3,Berlin,2,burgerbewegung,0.0
5981,2021-09-26,parliament,DE3,Berlin,2,cdu,289140.0
5982,2021-09-26,parliament,DE3,Berlin,2,csu,0.0
5983,2021-09-26,parliament,DE3,Berlin,2,dib,0.0
5984,2021-09-26,parliament,DE3,Berlin,2,dkp,2187.0
5985,2021-09-26,parliament,DE3,Berlin,2,dritteweg,0.0
5986,2021-09-26,parliament,DE3,Berlin,2,du,2512.0
5987,2021-09-26,parliament,DE3,Berlin,2,fdp,136998.0
5988,2021-09-26,parliament,DE3,Berlin,2,freiewahler,14953.0
5989,2021-09-26,parliament,DE3,Berlin,2,gartenpartei,0.0
5990,2021-09-26,parliament,DE3,Berlin,2,gesundheitsforschung,4297.0
5991,2021-09-26,parliament,DE3,Berlin,2,grauen,17304.0
5992,2021-09-26,parliament,DE3,Berlin,2,gruene,370735.0
5993,2021-09-26,parliament,DE3,Berlin,2,humanisten,3235.0
5994,2021-09-26,parliament,DE3,Berlin,2,lfk,0.0
5995,2021-09-26,parliament,DE3,Berlin,2,liebe,0.0
5996,2021-09-26,parliament,DE3,Berlin,2,linke,194010.0
5997,2021-09-26,parliament,DE3,Berlin,2,lkr,1401.0
5998,2021-09-26,parliament,DE3,Berlin,2,menschliche,0.0
5999,2021-09-26,parliament,DE3,Berlin,2,mlpd,750.0
6000,2021-09-26,parliament,DE3,Berlin,2,npd,1766.0
6001,2021-09-26,parliament,DE3,Berlin,2,oedp,2613.0
6002,2021-09-26,parliament,DE3,Berlin,2,partei,27199.0
6003,2021-09-26,parliament,DE3,Berlin,2,pdf,0.0
6004,2021-09-26,parliament,DE3,Berlin,2,piraten,6580.0
6005,2021-09-26,parliament,DE3,Berlin,2,sgp,428.0
6006,2021-09-26,parliament,DE3,Berlin,2,spd,374413.0
6007,2021-09-26,parliament,DE3,Berlin,2,ssw,0.0
6008,2021-09-26,parliament,DE3,Berlin,2,tierschutz,43598.0
6009,2021-09-26,parliament,DE3,Berlin,2,tierschutzallianz,0.0
6010,2021-09-26,parliament,DE3,Berlin,2,todenhoefer,17487.0
6011,2021-09-26,parliament,DE3,Berlin,2,unabhangige,0.0
6012,2021-09-26,parliament,DE3,Berlin,2,volt,10471.0
6013,2021-09-26,parliament,DE3,Berlin,2,vpartei3,1178.0
6014,2021-09-26,parliament,DE4,Brandenburg,0,eligible_voters,2048844.0
6015,2021-09-26,parliament,DE4,Brandenburg,1,issued_ballots,1549464.0
6016,2021-09-26,parliament,DE4,Brandenburg,2,afd,277412.0
6017,2021-09-26,parliament,DE4,Brandenburg,2,basis,23062.0
6018,2021-09-26,parliament,DE4,Brandenburg,2,bp,0.0
6019,2021-09-26,parliament,DE4,Brandenburg,2,bueso,0.0
6020,2021-09-26,parliament,DE4,Brandenburg,2,bundnis21,0.0
6021,2021-09-26,parliament,DE4,Brandenburg,2,bundnisc,0.0
6022,2021-09-26,parliament,DE4,Brandenburg,2,burgerbewegung,0.0
6023,2021-09-26,parliament,DE4,Brandenburg,2,cdu,233891.0
6024,2021-09-26,parliament,DE4,Brandenburg,2,csu,0.0
6025,2021-09-26,parliament,DE4,Brandenburg,2,dib,0.0
6026,2021-09-26,parliament,DE4,Brandenburg,2,dkp,1978.0
6027,2021-09-26,parliament,DE4,Brandenburg,2,dritteweg,0.0
6028,2021-09-26,parliament,DE4,Brandenburg,2,du,0.0
6029,2021-09-26,parliament,DE4,Brandenburg,2,fdp,142426.0
6030,2021-09-26,parliament,DE4,Brandenburg,2,freiewahler,40509.0
6031,2021-09-26,parliament,DE4,Brandenburg,2,gartenpartei,0.0
6032,2021-09-26,parliament,DE4,Brandenburg,2,gesundheitsforschung,0.0
6033,2021-09-26,parliament,DE4,Brandenburg,2,grauen,0.0
6034,2021-09-26,parliament,DE4,Brandenburg,2,gruene,137472.0
6035,2021-09-26,parliament,DE4,Brandenburg,2,humanisten,1892.0
6036,2021-09-26,parliament,DE4,Brandenburg,2,lfk,0.0
6037,2021-09-26,parliament,DE4,Brandenburg,2,liebe,0.0
6038,2021-09-26,parliament,DE4,Brandenburg,2,linke,129762.0
6039,2021-09-26,parliament,DE4,Brandenburg,2,lkr,0.0
6040,2021-09-26,parliament,DE4,Brandenburg,2,menschliche,0.0
6041,2021-09-26,parliament,DE4,Brandenburg,2,mlpd,842.0
6042,2021-09-26,parliament,DE4,Brandenburg,2,npd,4868.0
6043,2021-09-26,parliament,DE4,Brandenburg,2,oedp,2835.0
6044,2021-09-26,parliament,DE4,Brandenburg,2,partei,19199.0
6045,2021-09-26,parliament,DE4,Brandenburg,2,pdf,0.0
6046,2021-09-26,parliament,DE4,Brandenburg,2,piraten,6340.0
6047,2021-09-26,parliament,DE4,Brandenburg,2,sgp,0.0
6048,2021-09-26,parliament,DE4,Brandenburg,2,spd,450573.0
6049,2021-09-26,parliament,DE4,Brandenburg,2,ssw,0.0
6050,2021-09-26,parliament,DE4,Brandenburg,2,tierschutz,39823.0
6051,2021-09-26,parliament,DE4,Brandenburg,2,tierschutzallianz,0.0
6052,2021-09-26,parliament,DE4,Brandenburg,2,todenhoefer,3353.0
6053,2021-09-26,parliament,DE4,Brandenburg,2,unabhangige,9113.0
6054,2021-09-26,parliament,DE4,Brandenburg,2,volt,4293.0
6055,2021-09-26,parliament,DE4,Brandenburg,2,vpartei3,0.0
6056,2021-09-26,parliament,DE5,Bremen,0,eligible_voters,459749.0
6057,2021-09-26,parliament,DE5,Bremen,1,issued_ballots,330431.0
6058,2021-09-26,parliament,DE5,Bremen,2,afd,22575.0
6059,2021-09-26,parliament,DE5,Bremen,2,basis,3461.0
6060,2021-09-26,parliament,DE5,Bremen,2,bp,0.0
6061,2021-09-26,parliament,DE5,Bremen,2,bueso,0.0
6062,2021-09-26,parliament,DE5,Bremen,2,bundnis21,0.0
6063,2021-09-26,parliament,DE5,Bremen,2,bundnisc,0.0
6064,2021-09-26,parliament,DE5,Bremen,2,burgerbewegung,0.0
6065,2021-09-26,parliament,DE5,Bremen,2,cdu,56499.0
6066,2021-09-26,parliament,DE5,Bremen,2,csu,0.0
6067,2021-09-26,parliament,DE5,Bremen,2,dib,0.0
6068,2021-09-26,parliament,DE5,Bremen,2,dkp,0.0
6069,2021-09-26,parliament,DE5,Bremen,2,dritteweg,0.0
6070,2021-09-26,parliament,DE5,Bremen,2,du,0.0
6071,2021-09-26,parliament,DE5,Bremen,2,fdp,30481.0
6072,2021-09-26,parliament,DE5,Bremen,2,freiewahler,2911.0
6073,2021-09-26,parliament,DE5,Bremen,2,gartenpartei,0.0
6074,2021-09-26,parliament,DE5,Bremen,2,gesundheitsforschung,0.0
6075,2021-09-26,parliament,DE5,Bremen,2,grauen,0.0
6076,2021-09-26,parliament,DE5,Bremen,2,gruene,68427.0
6077,2021-09-26,parliament,DE5,Bremen,2,humanisten,589.0
6078,2021-09-26,parliament,DE5,Bremen,2,lfk,0.0
6079,2021-09-26,parliament,DE5,Bremen,2,liebe,0.0
6080,2021-09-26,parliament,DE5,Bremen,2,linke,25352.0
6081,2021-09-26,parliament,DE5,Bremen,2,lkr,0.0
6082,2021-09-26,parliament,DE5,Bremen,2,menschliche,386.0
6083,2021-09-26,parliament,DE5,Bremen,2,mlpd,160.0
6084,2021-09-26,parliament,DE5,Bremen,2,npd,291.0
6085,2021-09-26,parliament,DE5,Bremen,2,oedp,407.0
6086,2021-09-26,parliament,DE5,Bremen,2,partei,3909.0
6087,2021-09-26,parliament,DE5,Bremen,2,pdf,0.0
6088,2021-09-26,parliament,DE5,Bremen,2,piraten,0.0
6089,2021-09-26,parliament,DE5,Bremen,2,sgp,0.0
6090,2021-09-26,parliament,DE5,Bremen,2,spd,103224.0
6091,2021-09-26,parliament,DE5,Bremen,2,ssw,0.0
6092,2021-09-26,parliament,DE5,Bremen,2,tierschutz,4517.0
6093,2021-09-26,parliament,DE5,Bremen,2,tierschutzallianz,0.0
6094,2021-09-26,parliament,DE5,Bremen,2,todenhoefer,3014.0
6095,2021-09-26,parliament,DE5,Bremen,2,unabhangige,0.0
6096,2021-09-26,parliament,DE5,Bremen,2,volt,1322.0
6097,2021-09-26,parliament,DE5,Bremen,2,vpartei3,515.0
6098,2021-09-26,parliament,DE6,Hamburg,0,eligible_voters,1298792.0
6099,2021-09-26,parliament,DE6,Hamburg,1,issued_ballots,1011044.0
6100,2021-09-26,parliament,DE6,Hamburg,2,afd,50537.0
6101,2021-09-26,parliament,DE6,Hamburg,2,basis,13961.0
6102,2021-09-26,parliament,DE6,Hamburg,2,bp,0.0
6103,2021-09-26,parliament,DE6,Hamburg,2,bueso,0.0
6104,2021-09-26,parliament,DE6,Hamburg,2,bundnis21,386.0
6105,2021-09-26,parliament,DE6,Hamburg,2,bundnisc,0.0
6106,2021-09-26,parliament,DE6,Hamburg,2,burgerbewegung,0.0
6107,2021-09-26,parliament,DE6,Hamburg,2,cdu,155220.0
6108,2021-09-26,parliament,DE6,Hamburg,2,csu,0.0
6109,2021-09-26,parliament,DE6,Hamburg,2,dib,0.0
6110,2021-09-26,parliament,DE6,Hamburg,2,dkp,532.0
6111,2021-09-26,parliament,DE6,Hamburg,2,dritteweg,0.0
6112,2021-09-26,parliament,DE6,Hamburg,2,du,1341.0
6113,2021-09-26,parliament,DE6,Hamburg,2,fdp,114602.0
6114,2021-09-26,parliament,DE6,Hamburg,2,freiewahler,5601.0
6115,2021-09-26,parliament,DE6,Hamburg,2,gartenpartei,0.0
6116,2021-09-26,parliament,DE6,Hamburg,2,gesundheitsforschung,0.0
6117,2021-09-26,parliament,DE6,Hamburg,2,grauen,0.0
6118,2021-09-26,parliament,DE6,Hamburg,2,gruene,250532.0
6119,2021-09-26,parliament,DE6,Hamburg,2,humanisten,1203.0
6120,2021-09-26,parliament,DE6,Hamburg,2,lfk,0.0
6121,2021-09-26,parliament,DE6,Hamburg,2,liebe,0.0
6122,2021-09-26,parliament,DE6,Hamburg,2,linke,67578.0
6123,2021-09-26,parliament,DE6,Hamburg,2,lkr,248.0
6124,2021-09-26,parliament,DE6,Hamburg,2,menschliche,0.0
6125,2021-09-26,parliament,DE6,Hamburg,2,mlpd,348.0
6126,2021-09-26,parliament,DE6,Hamburg,2,npd,648.0
6127,2021-09-26,parliament,DE6,Hamburg,2,oedp,2016.0
6128,2021-09-26,parliament,DE6,Hamburg,2,partei,10147.0
6129,2021-09-26,parliament,DE6,Hamburg,2,pdf,0.0
6130,2021-09-26,parliament,DE6,Hamburg,2,piraten,4377.0
6131,2021-09-26,parliament,DE6,Hamburg,2,sgp,0.0
6132,2021-09-26,parliament,DE6,Hamburg,2,spd,298342.0
6133,2021-09-26,parliament,DE6,Hamburg,2,ssw,0.0
6134,2021-09-26,parliament,DE6,Hamburg,2,tierschutz,12325.0
6135,2021-09-26,parliament,DE6,Hamburg,2,tierschutzallianz,0.0
6136,2021-09-26,parliament,DE6,Hamburg,2,todenhoefer,8952.0
6137,2021-09-26,parliament,DE6,Hamburg,2,unabhangige,0.0
6138,2021-09-26,parliament,DE6,Hamburg,2,volt,5429.0
6139,2021-09-26,parliament,DE6,Hamburg,2,vpartei3,1219.0
6140,2021-09-26,parliament,DE7,Hessen,0,eligible_voters,4383047.0
6141,2021-09-26,parliament,DE7,Hessen,1,issued_ballots,3340639.0
6142,2021-09-26,parliament,DE7,Hessen,2,afd,290978.0
6143,2021-09-26,parliament,DE7,Hessen,2,basis,43106.0
6144,2021-09-26,parliament,DE7,Hessen,2,bp,0.0
6145,2021-09-26,parliament,DE7,Hessen,2,bueso,0.0
6146,2021-09-26,parliament,DE7,Hessen,2,bundnis21,1166.0
6147,2021-09-26,parliament,DE7,Hessen,2,bundnisc,4412.0
6148,2021-09-26,parliament,DE7,Hessen,2,burgerbewegung,0.0
6149,2021-09-26,parliament,DE7,Hessen,2,cdu,753512.0
6150,2021-09-26,parliament,DE7,Hessen,2,csu,0.0
6151,2021-09-26,parliament,DE7,Hessen,2,dib,0.0
6152,2021-09-26,parliament,DE7,Hessen,2,dkp,1294.0
6153,2021-09-26,parliament,DE7,Hessen,2,dritteweg,0.0
6154,2021-09-26,parliament,DE7,Hessen,2,du,0.0
6155,2021-09-26,parliament,DE7,Hessen,2,fdp,421621.0
6156,2021-09-26,parliament,DE7,Hessen,2,freiewahler,56155.0
6157,2021-09-26,parliament,DE7,Hessen,2,gartenpartei,0.0
6158,2021-09-26,parliament,DE7,Hessen,2,gesundheitsforschung,4891.0
6159,2021-09-26,parliament,DE7,Hessen,2,grauen,0.0
6160,2021-09-26,parliament,DE7,Hessen,2,gruene,521411.0
6161,2021-09-26,parliament,DE7,Hessen,2,humanisten,3551.0
6162,2021-09-26,parliament,DE7,Hessen,2,lfk,0.0
6163,2021-09-26,parliament,DE7,Hessen,2,liebe,0.0
6164,2021-09-26,parliament,DE7,Hessen,2,linke,142585.0
6165,2021-09-26,parliament,DE7,Hessen,2,lkr,932.0
6166,2021-09-26,parliament,DE7,Hessen,2,menschliche,0.0
6167,2021-09-26,parliament,DE7,Hessen,2,mlpd,906.0
6168,2021-09-26,parliament,DE7,Hessen,2,npd,4511.0
6169,2021-09-26,parliament,DE7,Hessen,2,oedp,3683.0
6170,2021-09-26,parliament,DE7,Hessen,2,partei,29569.0
6171,2021-09-26,parliament,DE7,Hessen,2,pdf,0.0
6172,2021-09-26,parliament,DE7,Hessen,2,piraten,13152.0
6173,2021-09-26,parliament,DE7,Hessen,2,sgp,0.0
6174,2021-09-26,parliament,DE7,Hessen,2,spd,910035.0
6175,2021-09-26,parliament,DE7,Hessen,2,ssw,0.0
6176,2021-09-26,parliament,DE7,Hessen,2,tierschutz,49047.0
6177,2021-09-26,parliament,DE7,Hessen,2,tierschutzallianz,0.0
6178,2021-09-26,parliament,DE7,Hessen,2,todenhoefer,21897.0
6179,2021-09-26,parliament,DE7,Hessen,2,unabhangige,0.0
6180,2021-09-26,parliament,DE7,Hessen,2,volt,19268.0
6181,2021-09-26,parliament,DE7,Hessen,2,vpartei3,3128.0
6182,2021-09-26,parliament,DE8,Mecklenburg-Vorpommern,0,eligible_voters,1314435.0
6183,2021-09-26,parliament,DE8,Mecklenburg-Vorpommern,1,issued_ballots,935040.0
6184,2021-09-26,parliament,DE8,Mecklenburg-Vorpommern,2,afd,165342.0
6185,2021-09-26,parliament,DE8,Mecklenburg-Vorpommern,2,basis,16336.0
6186,2021-09-26,parliament,DE8,Mecklenburg-Vorpommern,2,bp,0.0
6187,2021-09-26,parliament,DE8,Mecklenburg-Vorpommern,2,bueso,0.0
6188,2021-09-26,parliament,DE8,Mecklenburg-Vorpommern,2,bundnis21,0.0
6189,2021-09-26,parliament,DE8,Mecklenburg-Vorpommern,2,bundnisc,0.0
6190,2021-09-26,parliament,DE8,Mecklenburg-Vorpommern,2,burgerbewegung,0.0
6191,2021-09-26,parliament,DE8,Mecklenburg-Vorpommern,2,cdu,160103.0
6192,2021-09-26,parliament,DE8,Mecklenburg-Vorpommern,2,csu,0.0
6193,2021-09-26,parliament,DE8,Mecklenburg-Vorpommern,2,dib,0.0
6194,2021-09-26,parliament,DE8,Mecklenburg-Vorpommern,2,dkp,754.0
6195,2021-09-26,parliament,DE8,Mecklenburg-Vorpommern,2,dritteweg,0.0
6196,2021-09-26,parliament,DE8,Mecklenburg-Vorpommern,2,du,0.0
6197,2021-09-26,parliament,DE8,Mecklenburg-Vorpommern,2,fdp,75555.0
6198,2021-09-26,parliament,DE8,Mecklenburg-Vorpommern,2,freiewahler,13344.0
6199,2021-09-26,parliament,DE8,Mecklenburg-Vorpommern,2,gartenpartei,0.0
6200,2021-09-26,parliament,DE8,Mecklenburg-Vorpommern,2,gesundheitsforschung,0.0
6201,2021-09-26,parliament,DE8,Mecklenburg-Vorpommern,2,grauen,0.0
6202,2021-09-26,parliament,DE8,Mecklenburg-Vorpommern,2,gruene,71956.0
6203,2021-09-26,parliament,DE8,Mecklenburg-Vorpommern,2,humanisten,1277.0
6204,2021-09-26,parliament,DE8,Mecklenburg-Vorpommern,2,lfk,0.0
6205,2021-09-26,parliament,DE8,Mecklenburg-Vorpommern,2,liebe,0.0
6206,2021-09-26,parliament,DE8,Mecklenburg-Vorpommern,2,linke,101735.0
6207,2021-09-26,parliament,DE8,Mecklenburg-Vorpommern,2,lkr,0.0
6208,2021-09-26,parliament,DE8,Mecklenburg-Vorpommern,2,menschliche,0.0
6209,2021-09-26,parliament,DE8,Mecklenburg-Vorpommern,2,mlpd,709.0
6210,2021-09-26,parliament,DE8,Mecklenburg-Vorpommern,2,npd,6400.0
6211,2021-09-26,parliament,DE8,Mecklenburg-Vorpommern,2,oedp,1189.0
6212,2021-09-26,parliament,DE8,Mecklenburg-Vorpommern,2,partei,7900.0
6213,2021-09-26,parliament,DE8,Mecklenburg-Vorpommern,2,pdf,0.0
6214,2021-09-26,parliament,DE8,Mecklenburg-Vorpommern,2,piraten,4259.0
6215,2021-09-26,parliament,DE8,Mecklenburg-Vorpommern,2,sgp,0.0
6216,2021-09-26,parliament,DE8,Mecklenburg-Vorpommern,2,spd,267368.0
6217,2021-09-26,parliament,DE8,Mecklenburg-Vorpommern,2,ssw,0.0
6218,2021-09-26,parliament,DE8,Mecklenburg-Vorpommern,2,tierschutz,20582.0
6219,2021-09-26,parliament,DE8,Mecklenburg-Vorpommern,2,tierschutzallianz,0.0
6220,2021-09-26,parliament,DE8,Mecklenburg-Vorpommern,2,todenhoefer,2146.0
6221,2021-09-26,parliament,DE8,Mecklenburg-Vorpommern,2,unabhangige,0.0
6222,2021-09-26,parliament,DE8,Mecklenburg-Vorpommern,2,volt,1904.0
6223,2021-09-26,parliament,DE8,Mecklenburg-Vorpommern,2,vpartei3,0.0
6224,2021-09-26,parliament,DE9,Niedersachsen,0,eligible_voters,6105381.0
6225,2021-09-26,parliament,DE9,Niedersachsen,1,issued_ballots,4563142.0
6226,2021-09-26,parliament,DE9,Niedersachsen,2,afd,336434.0
6227,2021-09-26,parliament,DE9,Niedersachsen,2,basis,46369.0
6228,2021-09-26,parliament,DE9,Niedersachsen,2,bp,0.0
6229,2021-09-26,parliament,DE9,Niedersachsen,2,bueso,0.0
6230,2021-09-26,parliament,DE9,Niedersachsen,2,bundnis21,0.0
6231,2021-09-26,parliament,DE9,Niedersachsen,2,bundnisc,0.0
6232,2021-09-26,parliament,DE9,Niedersachsen,2,burgerbewegung,0.0
6233,2021-09-26,parliament,DE9,Niedersachsen,2,cdu,1093579.0
6234,2021-09-26,parliament,DE9,Niedersachsen,2,csu,0.0
6235,2021-09-26,parliament,DE9,Niedersachsen,2,dib,0.0
6236,2021-09-26,parliament,DE9,Niedersachsen,2,dkp,1020.0
6237,2021-09-26,parliament,DE9,Niedersachsen,2,dritteweg,0.0
6238,2021-09-26,parliament,DE9,Niedersachsen,2,du,2625.0
6239,2021-09-26,parliament,DE9,Niedersachsen,2,fdp,474638.0
6240,2021-09-26,parliament,DE9,Niedersachsen,2,freiewahler,37214.0
6241,2021-09-26,parliament,DE9,Niedersachsen,2,gartenpartei,0.0
6242,2021-09-26,parliament,DE9,Niedersachsen,2,gesundheitsforschung,0.0
6243,2021-09-26,parliament,DE9,Niedersachsen,2,grauen,0.0
6244,2021-09-26,parliament,DE9,Niedersachsen,2,gruene,726613.0
6245,2021-09-26,parliament,DE9,Niedersachsen,2,humanisten,3806.0
6246,2021-09-26,parliament,DE9,Niedersachsen,2,lfk,0.0
6247,2021-09-26,parliament,DE9,Niedersachsen,2,liebe,0.0
6248,2021-09-26,parliament,DE9,Niedersachsen,2,linke,148657.0
6249,2021-09-26,parliament,DE9,Niedersachsen,2,lkr,1306.0
6250,2021-09-26,parliament,DE9,Niedersachsen,2,menschliche,0.0
6251,2021-09-26,parliament,DE9,Niedersachsen,2,mlpd,808.0
6252,2021-09-26,parliament,DE9,Niedersachsen,2,npd,4379.0
6253,2021-09-26,parliament,DE9,Niedersachsen,2,oedp,3484.0
6254,2021-09-26,parliament,DE9,Niedersachsen,2,partei,40158.0
6255,2021-09-26,parliament,DE9,Niedersachsen,2,pdf,0.0
6256,2021-09-26,parliament,DE9,Niedersachsen,2,piraten,16955.0
6257,2021-09-26,parliament,DE9,Niedersachsen,2,sgp,0.0
6258,2021-09-26,parliament,DE9,Niedersachsen,2,spd,1498500.0
6259,2021-09-26,parliament,DE9,Niedersachsen,2,ssw,0.0
6260,2021-09-26,parliament,DE9,Niedersachsen,2,tierschutz,57931.0
6261,2021-09-26,parliament,DE9,Niedersachsen,2,tierschutzallianz,0.0
6262,2021-09-26,parliament,DE9,Niedersachsen,2,todenhoefer,13565.0
6263,2021-09-26,parliament,DE9,Niedersachsen,2,unabhangige,0.0
6264,2021-09-26,parliament,DE9,Niedersachsen,2,volt,11897.0
6265,2021-09-26,parliament,DE9,Niedersachsen,2,vpartei3,3283.0
6266,2021-09-26,parliament,DEA,Nordrhein-Westfalen,0,eligible_voters,13040267.0
6267,2021-09-26,parliament,DEA,Nordrhein-Westfalen,1,issued_ballots,9960984.0
6268,2021-09-26,parliament,DEA,Nordrhein-Westfalen,2,afd,717510.0
6269,2021-09-26,parliament,DEA,Nordrhein-Westfalen,2,basis,99217.0
6270,2021-09-26,parliament,DEA,Nordrhein-Westfalen,2,bp,0.0
6271,2021-09-26,parliament,DEA,Nordrhein-Westfalen,2,bueso,0.0
6272,2021-09-26,parliament,DEA,Nordrhein-Westfalen,2,bundnis21,0.0
6273,2021-09-26,parliament,DEA,Nordrhein-Westfalen,2,bundnisc,10128.0
6274,2021-09-26,parliament,DEA,Nordrhein-Westfalen,2,burgerbewegung,0.0
6275,2021-09-26,parliament,DEA,Nordrhein-Westfalen,2,cdu,2566719.0
6276,2021-09-26,parliament,DEA,Nordrhein-Westfalen,2,csu,0.0
6277,2021-09-26,parliament,DEA,Nordrhein-Westfalen,2,dib,0.0
6278,2021-09-26,parliament,DEA,Nordrhein-Westfalen,2,dkp,2556.0
6279,2021-09-26,parliament,DEA,Nordrhein-Westfalen,2,dritteweg,0.0
6280,2021-09-26,parliament,DEA,Nordrhein-Westfalen,2,du,4729.0
6281,2021-09-26,parliament,DEA,Nordrhein-Westfalen,2,fdp,1130154.0
6282,2021-09-26,parliament,DEA,Nordrhein-Westfalen,2,freiewahler,64990.0
6283,2021-09-26,parliament,DEA,Nordrhein-Westfalen,2,gartenpartei,0.0
6284,2021-09-26,parliament,DEA,Nordrhein-Westfalen,2,gesundheitsforschung,11673.0
6285,2021-09-26,parliament,DEA,Nordrhein-Westfalen,2,grauen,0.0
6286,2021-09-26,parliament,DEA,Nordrhein-Westfalen,2,gruene,1587067.0
6287,2021-09-26,parliament,DEA,Nordrhein-Westfalen,2,humanisten,7685.0
6288,2021-09-26,parliament,DEA,Nordrhein-Westfalen,2,lfk,9189.0
6289,2021-09-26,parliament,DEA,Nordrhein-Westfalen,2,liebe,12967.0
6290,2021-09-26,parliament,DEA,Nordrhein-Westfalen,2,linke,366947.0
6291,2021-09-26,parliament,DEA,Nordrhein-Westfalen,2,lkr,2298.0
6292,2021-09-26,parliament,DEA,Nordrhein-Westfalen,2,menschliche,0.0
6293,2021-09-26,parliament,DEA,Nordrhein-Westfalen,2,mlpd,3476.0
6294,2021-09-26,parliament,DEA,Nordrhein-Westfalen,2,npd,8956.0
6295,2021-09-26,parliament,DEA,Nordrhein-Westfalen,2,oedp,8052.0
6296,2021-09-26,parliament,DEA,Nordrhein-Westfalen,2,partei,108504.0
6297,2021-09-26,parliament,DEA,Nordrhein-Westfalen,2,pdf,3228.0
6298,2021-09-26,parliament,DEA,Nordrhein-Westfalen,2,piraten,36789.0
6299,2021-09-26,parliament,DEA,Nordrhein-Westfalen,2,sgp,971.0
6300,2021-09-26,parliament,DEA,Nordrhein-Westfalen,2,spd,2880226.0
6301,2021-09-26,parliament,DEA,Nordrhein-Westfalen,2,ssw,0.0
6302,2021-09-26,parliament,DEA,Nordrhein-Westfalen,2,tierschutz,136195.0
6303,2021-09-26,parliament,DEA,Nordrhein-Westfalen,2,tierschutzallianz,0.0
6304,2021-09-26,parliament,DEA,Nordrhein-Westfalen,2,todenhoefer,65137.0
6305,2021-09-26,parliament,DEA,Nordrhein-Westfalen,2,unabhangige,0.0
6306,2021-09-26,parliament,DEA,Nordrhein-Westfalen,2,volt,36039.0
6307,2021-09-26,parliament,DEA,Nordrhein-Westfalen,2,vpartei3,6628.0
6308,2021-09-26,parliament,DEB,Rheinland-Pfalz,0,eligible_voters,3053335.0
6309,2021-09-26,parliament,DEB,Rheinland-Pfalz,1,issued_ballots,2357021.0
6310,2021-09-26,parliament,DEB,Rheinland-Pfalz,2,afd,215205.0
6311,2021-09-26,parliament,DEB,Rheinland-Pfalz,2,basis,28719.0
6312,2021-09-26,parliament,DEB,Rheinland-Pfalz,2,bp,0.0
6313,2021-09-26,parliament,DEB,Rheinland-Pfalz,2,bueso,0.0
6314,2021-09-26,parliament,DEB,Rheinland-Pfalz,2,bundnis21,0.0
6315,2021-09-26,parliament,DEB,Rheinland-Pfalz,2,bundnisc,0.0
6316,2021-09-26,parliament,DEB,Rheinland-Pfalz,2,burgerbewegung,0.0
6317,2021-09-26,parliament,DEB,Rheinland-Pfalz,2,cdu,576533.0
6318,2021-09-26,parliament,DEB,Rheinland-Pfalz,2,csu,0.0
6319,2021-09-26,parliament,DEB,Rheinland-Pfalz,2,dib,1796.0
6320,2021-09-26,parliament,DEB,Rheinland-Pfalz,2,dkp,0.0
6321,2021-09-26,parliament,DEB,Rheinland-Pfalz,2,dritteweg,0.0
6322,2021-09-26,parliament,DEB,Rheinland-Pfalz,2,du,0.0
6323,2021-09-26,parliament,DEB,Rheinland-Pfalz,2,fdp,272451.0
6324,2021-09-26,parliament,DEB,Rheinland-Pfalz,2,freiewahler,84396.0
6325,2021-09-26,parliament,DEB,Rheinland-Pfalz,2,gartenpartei,0.0
6326,2021-09-26,parliament,DEB,Rheinland-Pfalz,2,gesundheitsforschung,0.0
6327,2021-09-26,parliament,DEB,Rheinland-Pfalz,2,grauen,0.0
6328,2021-09-26,parliament,DEB,Rheinland-Pfalz,2,gruene,293135.0
6329,2021-09-26,parliament,DEB,Rheinland-Pfalz,2,humanisten,2284.0
6330,2021-09-26,parliament,DEB,Rheinland-Pfalz,2,lfk,0.0
6331,2021-09-26,parliament,DEB,Rheinland-Pfalz,2,liebe,0.0
6332,2021-09-26,parliament,DEB,Rheinland-Pfalz,2,linke,76123.0
6333,2021-09-26,parliament,DEB,Rheinland-Pfalz,2,lkr,1044.0
6334,2021-09-26,parliament,DEB,Rheinland-Pfalz,2,menschliche,0.0
6335,2021-09-26,parliament,DEB,Rheinland-Pfalz,2,mlpd,469.0
6336,2021-09-26,parliament,DEB,Rheinland-Pfalz,2,npd,2779.0
6337,2021-09-26,parliament,DEB,Rheinland-Pfalz,2,oedp,5661.0
6338,2021-09-26,parliament,DEB,Rheinland-Pfalz,2,partei,20844.0
6339,2021-09-26,parliament,DEB,Rheinland-Pfalz,2,pdf,0.0
6340,2021-09-26,parliament,DEB,Rheinland-Pfalz,2,piraten,9530.0
6341,2021-09-26,parliament,DEB,Rheinland-Pfalz,2,sgp,0.0
6342,2021-09-26,parliament,DEB,Rheinland-Pfalz,2,spd,685534.0
6343,2021-09-26,parliament,DEB,Rheinland-Pfalz,2,ssw,0.0
6344,2021-09-26,parliament,DEB,Rheinland-Pfalz,2,tierschutz,35759.0
6345,2021-09-26,parliament,DEB,Rheinland-Pfalz,2,tierschutzallianz,0.0
6346,2021-09-26,parliament,DEB,Rheinland-Pfalz,2,todenhoefer,8578.0
6347,2021-09-26,parliament,DEB,Rheinland-Pfalz,2,unabhangige,0.0
6348,2021-09-26,parliament,DEB,Rheinland-Pfalz,2,volt,11110.0
6349,2021-09-26,parliament,DEB,Rheinland-Pfalz,2,vpartei3,2202.0
6350,2021-09-26,parliament,DEC,Saarland,0,eligible_voters,755223.0
6351,2021-09-26,parliament,DEC,Saarland,1,issued_ballots,583963.0
6352,2021-09-26,parliament,DEC,Saarland,2,afd,57629.0
6353,2021-09-26,parliament,DEC,Saarland,2,basis,8116.0
6354,2021-09-26,parliament,DEC,Saarland,2,bp,0.0
6355,2021-09-26,parliament,DEC,Saarland,2,bueso,0.0
6356,2021-09-26,parliament,DEC,Saarland,2,bundnis21,0.0
6357,2021-09-26,parliament,DEC,Saarland,2,bundnisc,0.0
6358,2021-09-26,parliament,DEC,Saarland,2,burgerbewegung,0.0
6359,2021-09-26,parliament,DEC,Saarland,2,cdu,135134.0
6360,2021-09-26,parliament,DEC,Saarland,2,csu,0.0
6361,2021-09-26,parliament,DEC,Saarland,2,dib,0.0
6362,2021-09-26,parliament,DEC,Saarland,2,dkp,0.0
6363,2021-09-26,parliament,DEC,Saarland,2,dritteweg,0.0
6364,2021-09-26,parliament,DEC,Saarland,2,du,0.0
6365,2021-09-26,parliament,DEC,Saarland,2,fdp,65945.0
6366,2021-09-26,parliament,DEC,Saarland,2,freiewahler,11746.0
6367,2021-09-26,parliament,DEC,Saarland,2,gartenpartei,0.0
6368,2021-09-26,parliament,DEC,Saarland,2,gesundheitsforschung,0.0
6369,2021-09-26,parliament,DEC,Saarland,2,grauen,0.0
6370,2021-09-26,parliament,DEC,Saarland,2,gruene,0.0
6371,2021-09-26,parliament,DEC,Saarland,2,humanisten,0.0
6372,2021-09-26,parliament,DEC,Saarland,2,lfk,0.0
6373,2021-09-26,parliament,DEC,Saarland,2,liebe,0.0
6374,2021-09-26,parliament,DEC,Saarland,2,linke,41130.0
6375,2021-09-26,parliament,DEC,Saarland,2,lkr,0.0
6376,2021-09-26,parliament,DEC,Saarland,2,menschliche,0.0
6377,2021-09-26,parliament,DEC,Saarland,2,mlpd,357.0
6378,2021-09-26,parliament,DEC,Saarland,2,npd,1375.0
6379,2021-09-26,parliament,DEC,Saarland,2,oedp,2531.0
6380,2021-09-26,parliament,DEC,Saarland,2,partei,9978.0
6381,2021-09-26,parliament,DEC,Saarland,2,pdf,0.0
6382,2021-09-26,parliament,DEC,Saarland,2,piraten,3419.0
6383,2021-09-26,parliament,DEC,Saarland,2,sgp,0.0
6384,2021-09-26,parliament,DEC,Saarland,2,spd,213777.0
6385,2021-09-26,parliament,DEC,Saarland,2,ssw,0.0
6386,2021-09-26,parliament,DEC,Saarland,2,tierschutz,16231.0
6387,2021-09-26,parliament,DEC,Saarland,2,tierschutzallianz,0.0
6388,2021-09-26,parliament,DEC,Saarland,2,todenhoefer,2281.0
6389,2021-09-26,parliament,DEC,Saarland,2,unabhangige,0.0
6390,2021-09-26,parliament,DEC,Saarland,2,volt,4019.0
6391,2021-09-26,parliament,DEC,Saarland,2,vpartei3,0.0
6392,2021-09-26,parliament,DED,Sachsen,0,eligible_voters,3253667.0
6393,2021-09-26,parliament,DED,Sachsen,1,issued_ballots,2488954.0
6394,2021-09-26,parliament,DED,Sachsen,2,afd,607044.0
6395,2021-09-26,parliament,DED,Sachsen,2,basis,38090.0
6396,2021-09-26,parliament,DED,Sachsen,2,bp,0.0
6397,2021-09-26,parliament,DED,Sachsen,2,bueso,0.0
6398,2021-09-26,parliament,DED,Sachsen,2,bundnis21,0.0
6399,2021-09-26,parliament,DED,Sachsen,2,bundnisc,7129.0
6400,2021-09-26,parliament,DED,Sachsen,2,burgerbewegung,0.0
6401,2021-09-26,parliament,DED,Sachsen,2,cdu,422879.0
6402,2021-09-26,parliament,DED,Sachsen,2,csu,0.0
6403,2021-09-26,parliament,DED,Sachsen,2,dib,0.0
6404,2021-09-26,parliament,DED,Sachsen,2,dkp,1725.0
6405,2021-09-26,parliament,DED,Sachsen,2,dritteweg,4288.0
6406,2021-09-26,parliament,DED,Sachsen,2,du,0.0
6407,2021-09-26,parliament,DED,Sachsen,2,fdp,271166.0
6408,2021-09-26,parliament,DED,Sachsen,2,freiewahler,56654.0
6409,2021-09-26,parliament,DED,Sachsen,2,gartenpartei,0.0
6410,2021-09-26,parliament,DED,Sachsen,2,gesundheitsforschung,12052.0
6411,2021-09-26,parliament,DED,Sachsen,2,grauen,0.0
6412,2021-09-26,parliament,DED,Sachsen,2,gruene,212320.0
6413,2021-09-26,parliament,DED,Sachsen,2,humanisten,4003.0
6414,2021-09-26,parliament,DED,Sachsen,2,lfk,0.0
6415,2021-09-26,parliament,DED,Sachsen,2,liebe,0.0
6416,2021-09-26,parliament,DED,Sachsen,2,linke,230012.0
6417,2021-09-26,parliament,DED,Sachsen,2,lkr,0.0
6418,2021-09-26,parliament,DED,Sachsen,2,menschliche,0.0
6419,2021-09-26,parliament,DED,Sachsen,2,mlpd,1562.0
6420,2021-09-26,parliament,DED,Sachsen,2,npd,7469.0
6421,2021-09-26,parliament,DED,Sachsen,2,oedp,6056.0
6422,2021-09-26,parliament,DED,Sachsen,2,partei,31905.0
6423,2021-09-26,parliament,DED,Sachsen,2,pdf,0.0
6424,2021-09-26,parliament,DED,Sachsen,2,piraten,10433.0
6425,2021-09-26,parliament,DED,Sachsen,2,sgp,0.0
6426,2021-09-26,parliament,DED,Sachsen,2,spd,474804.0
6427,2021-09-26,parliament,DED,Sachsen,2,ssw,0.0
6428,2021-09-26,parliament,DED,Sachsen,2,tierschutz,47939.0
6429,2021-09-26,parliament,DED,Sachsen,2,tierschutzallianz,0.0
6430,2021-09-26,parliament,DED,Sachsen,2,todenhoefer,6229.0
6431,2021-09-26,parliament,DED,Sachsen,2,unabhangige,0.0
6432,2021-09-26,parliament,DED,Sachsen,2,volt,6674.0
6433,2021-09-26,parliament,DED,Sachsen,2,vpartei3,2464.0
6434,2021-09-26,parliament,DEE,Sachsen-Anhalt,0,eligible_voters,1789775.0
6435,2021-09-26,parliament,DEE,Sachsen-Anhalt,1,issued_ballots,1214761.0
6436,2021-09-26,parliament,DEE,Sachsen-Anhalt,2,afd,235492.0
6437,2021-09-26,parliament,DEE,Sachsen-Anhalt,2,basis,19213.0
6438,2021-09-26,parliament,DEE,Sachsen-Anhalt,2,bp,0.0
6439,2021-09-26,parliament,DEE,Sachsen-Anhalt,2,bueso,0.0
6440,2021-09-26,parliament,DEE,Sachsen-Anhalt,2,bundnis21,0.0
6441,2021-09-26,parliament,DEE,Sachsen-Anhalt,2,bundnisc,0.0
6442,2021-09-26,parliament,DEE,Sachsen-Anhalt,2,burgerbewegung,0.0
6443,2021-09-26,parliament,DEE,Sachsen-Anhalt,2,cdu,252286.0
6444,2021-09-26,parliament,DEE,Sachsen-Anhalt,2,csu,0.0
6445,2021-09-26,parliament,DEE,Sachsen-Anhalt,2,dib,0.0
6446,2021-09-26,parliament,DEE,Sachsen-Anhalt,2,dkp,0.0
6447,2021-09-26,parliament,DEE,Sachsen-Anhalt,2,dritteweg,0.0
6448,2021-09-26,parliament,DEE,Sachsen-Anhalt,2,du,1302.0
6449,2021-09-26,parliament,DEE,Sachsen-Anhalt,2,fdp,114024.0
6450,2021-09-26,parliament,DEE,Sachsen-Anhalt,2,freiewahler,22509.0
6451,2021-09-26,parliament,DEE,Sachsen-Anhalt,2,gartenpartei,7611.0
6452,2021-09-26,parliament,DEE,Sachsen-Anhalt,2,gesundheitsforschung,0.0
6453,2021-09-26,parliament,DEE,Sachsen-Anhalt,2,grauen,0.0
6454,2021-09-26,parliament,DEE,Sachsen-Anhalt,2,gruene,78701.0
6455,2021-09-26,parliament,DEE,Sachsen-Anhalt,2,humanisten,1415.0
6456,2021-09-26,parliament,DEE,Sachsen-Anhalt,2,lfk,0.0
6457,2021-09-26,parliament,DEE,Sachsen-Anhalt,2,liebe,0.0
6458,2021-09-26,parliament,DEE,Sachsen-Anhalt,2,linke,115330.0
6459,2021-09-26,parliament,DEE,Sachsen-Anhalt,2,lkr,0.0
6460,2021-09-26,parliament,DEE,Sachsen-Anhalt,2,menschliche,0.0
6461,2021-09-26,parliament,DEE,Sachsen-Anhalt,2,mlpd,1042.0
6462,2021-09-26,parliament,DEE,Sachsen-Anhalt,2,npd,3002.0
6463,2021-09-26,parliament,DEE,Sachsen-Anhalt,2,oedp,846.0
6464,2021-09-26,parliament,DEE,Sachsen-Anhalt,2,partei,9763.0
6465,2021-09-26,parliament,DEE,Sachsen-Anhalt,2,pdf,0.0
6466,2021-09-26,parliament,DEE,Sachsen-Anhalt,2,piraten,4067.0
6467,2021-09-26,parliament,DEE,Sachsen-Anhalt,2,sgp,0.0
6468,2021-09-26,parliament,DEE,Sachsen-Anhalt,2,spd,305085.0
6469,2021-09-26,parliament,DEE,Sachsen-Anhalt,2,ssw,0.0
6470,2021-09-26,parliament,DEE,Sachsen-Anhalt,2,tierschutz,14483.0
6471,2021-09-26,parliament,DEE,Sachsen-Anhalt,2,tierschutzallianz,13672.0
6472,2021-09-26,parliament,DEE,Sachsen-Anhalt,2,todenhoefer,0.0
6473,2021-09-26,parliament,DEE,Sachsen-Anhalt,2,unabhangige,0.0
6474,2021-09-26,parliament,DEE,Sachsen-Anhalt,2,volt,2097.0
6475,2021-09-26,parliament,DEE,Sachsen-Anhalt,2,vpartei3,0.0
6476,2021-09-26,parliament,DEF,Schleswig-Holstein,0,eligible_voters,2272717.0
6477,2021-09-26,parliament,DEF,Schleswig-Holstein,1,issued_ballots,1776145.0
6478,2021-09-26,parliament,DEF,Schleswig-Holstein,2,afd,119566.0
6479,2021-09-26,parliament,DEF,Schleswig-Holstein,2,basis,23407.0
6480,2021-09-26,parliament,DEF,Schleswig-Holstein,2,bp,0.0
6481,2021-09-26,parliament,DEF,Schleswig-Holstein,2,bueso,0.0
6482,2021-09-26,parliament,DEF,Schleswig-Holstein,2,bundnis21,0.0
6483,2021-09-26,parliament,DEF,Schleswig-Holstein,2,bundnisc,0.0
6484,2021-09-26,parliament,DEF,Schleswig-Holstein,2,burgerbewegung,0.0
6485,2021-09-26,parliament,DEF,Schleswig-Holstein,2,cdu,388399.0
6486,2021-09-26,parliament,DEF,Schleswig-Holstein,2,csu,0.0
6487,2021-09-26,parliament,DEF,Schleswig-Holstein,2,dib,0.0
6488,2021-09-26,parliament,DEF,Schleswig-Holstein,2,dkp,516.0
6489,2021-09-26,parliament,DEF,Schleswig-Holstein,2,dritteweg,0.0
6490,2021-09-26,parliament,DEF,Schleswig-Holstein,2,du,1029.0
6491,2021-09-26,parliament,DEF,Schleswig-Holstein,2,fdp,220039.0
6492,2021-09-26,parliament,DEF,Schleswig-Holstein,2,freiewahler,17043.0
6493,2021-09-26,parliament,DEF,Schleswig-Holstein,2,gartenpartei,0.0
6494,2021-09-26,parliament,DEF,Schleswig-Holstein,2,gesundheitsforschung,0.0
6495,2021-09-26,parliament,DEF,Schleswig-Holstein,2,grauen,0.0
6496,2021-09-26,parliament,DEF,Schleswig-Holstein,2,gruene,322763.0
6497,2021-09-26,parliament,DEF,Schleswig-Holstein,2,humanisten,1763.0
6498,2021-09-26,parliament,DEF,Schleswig-Holstein,2,lfk,0.0
6499,2021-09-26,parliament,DEF,Schleswig-Holstein,2,liebe,0.0
6500,2021-09-26,parliament,DEF,Schleswig-Holstein,2,linke,64238.0
6501,2021-09-26,parliament,DEF,Schleswig-Holstein,2,lkr,715.0
6502,2021-09-26,parliament,DEF,Schleswig-Holstein,2,menschliche,0.0
6503,2021-09-26,parliament,DEF,Schleswig-Holstein,2,mlpd,322.0
6504,2021-09-26,parliament,DEF,Schleswig-Holstein,2,npd,2034.0
6505,2021-09-26,parliament,DEF,Schleswig-Holstein,2,oedp,1539.0
6506,2021-09-26,parliament,DEF,Schleswig-Holstein,2,partei,17870.0
6507,2021-09-26,parliament,DEF,Schleswig-Holstein,2,pdf,0.0
6508,2021-09-26,parliament,DEF,Schleswig-Holstein,2,piraten,0.0
6509,2021-09-26,parliament,DEF,Schleswig-Holstein,2,sgp,0.0
6510,2021-09-26,parliament,DEF,Schleswig-Holstein,2,spd,494055.0
6511,2021-09-26,parliament,DEF,Schleswig-Holstein,2,ssw,55578.0
6512,2021-09-26,parliament,DEF,Schleswig-Holstein,2,tierschutz,20653.0
6513,2021-09-26,parliament,DEF,Schleswig-Holstein,2,tierschutzallianz,0.0
6514,2021-09-26,parliament,DEF,Schleswig-Holstein,2,todenhoefer,5305.0
6515,2021-09-26,parliament,DEF,Schleswig-Holstein,2,unabhangige,0.0
6516,2021-09-26,parliament,DEF,Schleswig-Holstein,2,volt,4157.0
6517,2021-09-26,parliament,DEF,Schleswig-Holstein,2,vpartei3,1763.0
6518,2021-09-26,parliament,DEG,Thüringen,0,eligible_voters,1707726.0
6519,2021-09-26,parliament,DEG,Thüringen,1,issued_ballots,1279720.0
6520,2021-09-26,parliament,DEG,Thüringen,2,afd,303233.0
6521,2021-09-26,parliament,DEG,Thüringen,2,basis,20189.0
6522,2021-09-26,parliament,DEG,Thüringen,2,bp,0.0
6523,2021-09-26,parliament,DEG,Thüringen,2,bueso,0.0
6524,2021-09-26,parliament,DEG,Thüringen,2,bundnis21,0.0
6525,2021-09-26,parliament,DEG,Thüringen,2,bundnisc,0.0
6526,2021-09-26,parliament,DEG,Thüringen,2,burgerbewegung,0.0
6527,2021-09-26,parliament,DEG,Thüringen,2,cdu,213414.0
6528,2021-09-26,parliament,DEG,Thüringen,2,csu,0.0
6529,2021-09-26,parliament,DEG,Thüringen,2,dib,0.0
6530,2021-09-26,parliament,DEG,Thüringen,2,dkp,0.0
6531,2021-09-26,parliament,DEG,Thüringen,2,dritteweg,0.0
6532,2021-09-26,parliament,DEG,Thüringen,2,du,0.0
6533,2021-09-26,parliament,DEG,Thüringen,2,fdp,114283.0
6534,2021-09-26,parliament,DEG,Thüringen,2,freiewahler,27151.0
6535,2021-09-26,parliament,DEG,Thüringen,2,gartenpartei,0.0
6536,2021-09-26,parliament,DEG,Thüringen,2,gesundheitsforschung,0.0
6537,2021-09-26,parliament,DEG,Thüringen,2,grauen,0.0
6538,2021-09-26,parliament,DEG,Thüringen,2,gruene,83220.0
6539,2021-09-26,parliament,DEG,Thüringen,2,humanisten,1357.0
6540,2021-09-26,parliament,DEG,Thüringen,2,lfk,0.0
6541,2021-09-26,parliament,DEG,Thüringen,2,liebe,0.0
6542,2021-09-26,parliament,DEG,Thüringen,2,linke,144693.0
6543,2021-09-26,parliament,DEG,Thüringen,2,lkr,0.0
6544,2021-09-26,parliament,DEG,Thüringen,2,menschliche,3400.0
6545,2021-09-26,parliament,DEG,Thüringen,2,mlpd,2570.0
6546,2021-09-26,parliament,DEG,Thüringen,2,npd,4103.0
6547,2021-09-26,parliament,DEG,Thüringen,2,oedp,2456.0
6548,2021-09-26,parliament,DEG,Thüringen,2,partei,16013.0
6549,2021-09-26,parliament,DEG,Thüringen,2,pdf,0.0
6550,2021-09-26,parliament,DEG,Thüringen,2,piraten,6291.0
6551,2021-09-26,parliament,DEG,Thüringen,2,sgp,0.0
6552,2021-09-26,parliament,DEG,Thüringen,2,spd,296446.0
6553,2021-09-26,parliament,DEG,Thüringen,2,ssw,0.0
6554,2021-09-26,parliament,DEG,Thüringen,2,tierschutz,18973.0
6555,2021-09-26,parliament,DEG,Thüringen,2,tierschutzallianz,0.0
6556,2021-09-26,parliament,DEG,Thüringen,2,todenhoefer,2501.0
6557,2021-09-26,parliament,DEG,Thüringen,2,unabhangige,0.0
6558,2021-09-26,parliament,DEG,Thüringen,2,volt,3566.0
6559,2021-09-26,parliament,DEG,Thüringen,2,vpartei3,1052.0
6560,2024-06-09,european,DE1,Baden-Württemberg,0,eligible_voters,7838256.0
6561,2024-06-09,european,DE1,Baden-Württemberg,1,issued_ballots,5202347.0
6562,2024-06-09,european,DE1,Baden-Württemberg,2,abg,3133.0
6563,2024-06-09,european,DE1,Baden-Württemberg,2,afd,757992.0
6564,2024-06-09,european,DE1,Baden-Württemberg,2,aptierschutz,21194.0
6565,2024-06-09,european,DE1,Baden-Württemberg,2,bcfd,20286.0
6566,2024-06-09,european,DE1,Baden-Württemberg,2,bdp,13862.0
6567,2024-06-09,european,DE1,Baden-Württemberg,2,bfig,4047.0
6568,2024-06-09,european,DE1,Baden-Württemberg,2,bsw,230856.0
6569,2024-06-09,european,DE1,Baden-Württemberg,2,bundnisd,21378.0
6570,2024-06-09,european,DE1,Baden-Württemberg,2,cdu,1645478.0
6571,2024-06-09,european,DE1,Baden-Württemberg,2,csu,0.0
6572,2024-06-09,european,DE1,Baden-Württemberg,2,dava,20319.0
6573,2024-06-09,european,DE1,Baden-Württemberg,2,dkp,1096.0
6574,2024-06-09,european,DE1,Baden-Württemberg,2,fdp,349881.0
6575,2024-06-09,european,DE1,Baden-Württemberg,2,fpd,22329.0
6576,2024-06-09,european,DE1,Baden-Württemberg,2,fw,196658.0
6577,2024-06-09,european,DE1,Baden-Württemberg,2,gruene,709679.0
6578,2024-06-09,european,DE1,Baden-Württemberg,2,heimat,3850.0
6579,2024-06-09,european,DE1,Baden-Württemberg,2,humanisten,10484.0
6580,2024-06-09,european,DE1,Baden-Württemberg,2,klimaliste,5647.0
6581,2024-06-09,european,DE1,Baden-Württemberg,2,linke,98217.0
6582,2024-06-09,european,DE1,Baden-Württemberg,2,mera25,12088.0
6583,2024-06-09,european,DE1,Baden-Württemberg,2,mlpd,1986.0
6584,2024-06-09,european,DE1,Baden-Württemberg,2,mwfdwga,7304.0
6585,2024-06-09,european,DE1,Baden-Württemberg,2,oedp,38291.0
6586,2024-06-09,european,DE1,Baden-Württemberg,2,partei,86906.0
6587,2024-06-09,european,DE1,Baden-Württemberg,2,pasdlg,12318.0
6588,2024-06-09,european,DE1,Baden-Württemberg,2,pdf,27361.0
6589,2024-06-09,european,DE1,Baden-Württemberg,2,pdv,3708.0
6590,2024-06-09,european,DE1,Baden-Württemberg,2,pfsv,1981.0
6591,2024-06-09,european,DE1,Baden-Württemberg,2,piraten,24580.0
6592,2024-06-09,european,DE1,Baden-Württemberg,2,sgvi,507.0
6593,2024-06-09,european,DE1,Baden-Württemberg,2,spd,596909.0
6594,2024-06-09,european,DE1,Baden-Württemberg,2,tierschutz,59302.0
6595,2024-06-09,european,DE1,Baden-Württemberg,2,v_partei3,7002.0
6596,2024-06-09,european,DE1,Baden-Württemberg,2,volt,128110.0
6597,2024-06-09,european,DE2,Bayern,0,eligible_voters,9697558.0
6598,2024-06-09,european,DE2,Bayern,1,issued_ballots,6339118.0
6599,2024-06-09,european,DE2,Bayern,2,abg,4729.0
6600,2024-06-09,european,DE2,Bayern,2,afd,799060.0
6601,2024-06-09,european,DE2,Bayern,2,aptierschutz,18552.0
6602,2024-06-09,european,DE2,Bayern,2,bcfd,8505.0
6603,2024-06-09,european,DE2,Bayern,2,bdp,24853.0
6604,2024-06-09,european,DE2,Bayern,2,bfig,2916.0
6605,2024-06-09,european,DE2,Bayern,2,bsw,239612.0
6606,2024-06-09,european,DE2,Bayern,2,bundnisd,21912.0
6607,2024-06-09,european,DE2,Bayern,2,cdu,0.0
6608,2024-06-09,european,DE2,Bayern,2,csu,2513481.0
6609,2024-06-09,european,DE2,Bayern,2,dava,12791.0
6610,2024-06-09,european,DE2,Bayern,2,dkp,1296.0
6611,2024-06-09,european,DE2,Bayern,2,fdp,248890.0
6612,2024-06-09,european,DE2,Bayern,2,fpd,22203.0
6613,2024-06-09,european,DE2,Bayern,2,fw,432434.0
6614,2024-06-09,european,DE2,Bayern,2,gruene,748719.0
6615,2024-06-09,european,DE2,Bayern,2,heimat,4460.0
6616,2024-06-09,european,DE2,Bayern,2,humanisten,15355.0
6617,2024-06-09,european,DE2,Bayern,2,klimaliste,3352.0
6618,2024-06-09,european,DE2,Bayern,2,linke,86217.0
6619,2024-06-09,european,DE2,Bayern,2,mera25,12265.0
6620,2024-06-09,european,DE2,Bayern,2,mlpd,1137.0
6621,2024-06-09,european,DE2,Bayern,2,mwfdwga,7286.0
6622,2024-06-09,european,DE2,Bayern,2,oedp,121756.0
6623,2024-06-09,european,DE2,Bayern,2,partei,100979.0
6624,2024-06-09,european,DE2,Bayern,2,pasdlg,14466.0
6625,2024-06-09,european,DE2,Bayern,2,pdf,31605.0
6626,2024-06-09,european,DE2,Bayern,2,pdv,3936.0
6627,2024-06-09,european,DE2,Bayern,2,pfsv,2428.0
6628,2024-06-09,european,DE2,Bayern,2,piraten,25819.0
6629,2024-06-09,european,DE2,Bayern,2,sgvi,599.0
6630,2024-06-09,european,DE2,Bayern,2,spd,562255.0
6631,2024-06-09,european,DE2,Bayern,2,tierschutz,65128.0
6632,2024-06-09,european,DE2,Bayern,2,v_partei3,10422.0
6633,2024-06-09,european,DE2,Bayern,2,volt,154593.0
6634,2024-06-09,european,DE3,Berlin,0,eligible_voters,2495665.0
6635,2024-06-09,european,DE3,Berlin,1,issued_ballots,1553432.0
6636,2024-06-09,european,DE3,Berlin,2,abg,808.0
6637,2024-06-09,european,DE3,Berlin,2,afd,179303.0
6638,2024-06-09,european,DE3,Berlin,2,aptierschutz,8209.0
6639,2024-06-09,european,DE3,Berlin,2,bcfd,1209.0
6640,2024-06-09,european,DE3,Berlin,2,bdp,2894.0
6641,2024-06-09,european,DE3,Berlin,2,bfig,1951.0
6642,2024-06-09,european,DE3,Berlin,2,bsw,134113.0
6643,2024-06-09,european,DE3,Berlin,2,bundnisd,5232.0
6644,2024-06-09,european,DE3,Berlin,2,cdu,271716.0
6645,2024-06-09,european,DE3,Berlin,2,csu,0.0
6646,2024-06-09,european,DE3,Berlin,2,dava,9095.0
6647,2024-06-09,european,DE3,Berlin,2,dkp,1427.0
6648,2024-06-09,european,DE3,Berlin,2,fdp,67107.0
6649,2024-06-09,european,DE3,Berlin,2,fpd,7335.0
6650,2024-06-09,european,DE3,Berlin,2,fw,7897.0
6651,2024-06-09,european,DE3,Berlin,2,gruene,302225.0
6652,2024-06-09,european,DE3,Berlin,2,heimat,1138.0
6653,2024-06-09,european,DE3,Berlin,2,humanisten,3686.0
6654,2024-06-09,european,DE3,Berlin,2,klimaliste,2653.0
6655,2024-06-09,european,DE3,Berlin,2,linke,112825.0
6656,2024-06-09,european,DE3,Berlin,2,mera25,21631.0
6657,2024-06-09,european,DE3,Berlin,2,mlpd,690.0
6658,2024-06-09,european,DE3,Berlin,2,mwfdwga,2222.0
6659,2024-06-09,european,DE3,Berlin,2,oedp,5820.0
6660,2024-06-09,european,DE3,Berlin,2,partei,51804.0
6661,2024-06-09,european,DE3,Berlin,2,pasdlg,10005.0
6662,2024-06-09,european,DE3,Berlin,2,pdf,8491.0
6663,2024-06-09,european,DE3,Berlin,2,pdv,1056.0
6664,2024-06-09,european,DE3,Berlin,2,pfsv,1028.0
6665,2024-06-09,european,DE3,Berlin,2,piraten,8039.0
6666,2024-06-09,european,DE3,Berlin,2,sgvi,446.0
6667,2024-06-09,european,DE3,Berlin,2,spd,204568.0
6668,2024-06-09,european,DE3,Berlin,2,tierschutz,32035.0
6669,2024-06-09,european,DE3,Berlin,2,v_partei3,2198.0
6670,2024-06-09,european,DE3,Berlin,2,volt,74273.0
6671,2024-06-09,european,DE4,Brandenburg,0,eligible_voters,2079233.0
6672,2024-06-09,european,DE4,Brandenburg,1,issued_ballots,1402780.0
6673,2024-06-09,european,DE4,Brandenburg,2,abg,1504.0
6674,2024-06-09,european,DE4,Brandenburg,2,afd,380717.0
6675,2024-06-09,european,DE4,Brandenburg,2,aptierschutz,9340.0
6676,2024-06-09,european,DE4,Brandenburg,2,bcfd,1483.0
6677,2024-06-09,european,DE4,Brandenburg,2,bdp,2870.0
6678,2024-06-09,european,DE4,Brandenburg,2,bfig,728.0
6679,2024-06-09,european,DE4,Brandenburg,2,bsw,191290.0
6680,2024-06-09,european,DE4,Brandenburg,2,bundnisd,7237.0
6681,2024-06-09,european,DE4,Brandenburg,2,cdu,253937.0
6682,2024-06-09,european,DE4,Brandenburg,2,csu,0.0
6683,2024-06-09,european,DE4,Brandenburg,2,dava,720.0
6684,2024-06-09,european,DE4,Brandenburg,2,dkp,1085.0
6685,2024-06-09,european,DE4,Brandenburg,2,fdp,44764.0
6686,2024-06-09,european,DE4,Brandenburg,2,fpd,16914.0
6687,2024-06-09,european,DE4,Brandenburg,2,fw,29349.0
6688,2024-06-09,european,DE4,Brandenburg,2,gruene,82672.0
6689,2024-06-09,european,DE4,Brandenburg,2,heimat,3826.0
6690,2024-06-09,european,DE4,Brandenburg,2,humanisten,2170.0
6691,2024-06-09,european,DE4,Brandenburg,2,klimaliste,1134.0
6692,2024-06-09,european,DE4,Brandenburg,2,linke,61520.0
6693,2024-06-09,european,DE4,Brandenburg,2,mera25,2402.0
6694,2024-06-09,european,DE4,Brandenburg,2,mlpd,547.0
6695,2024-06-09,european,DE4,Brandenburg,2,mwfdwga,2781.0
6696,2024-06-09,european,DE4,Brandenburg,2,oedp,4514.0
6697,2024-06-09,european,DE4,Brandenburg,2,partei,31806.0
6698,2024-06-09,european,DE4,Brandenburg,2,pasdlg,4012.0
6699,2024-06-09,european,DE4,Brandenburg,2,pdf,7538.0
6700,2024-06-09,european,DE4,Brandenburg,2,pdv,1363.0
6701,2024-06-09,european,DE4,Brandenburg,2,pfsv,894.0
6702,2024-06-09,european,DE4,Brandenburg,2,piraten,5360.0
6703,2024-06-09,european,DE4,Brandenburg,2,sgvi,309.0
6704,2024-06-09,european,DE4,Brandenburg,2,spd,181697.0
6705,2024-06-09,european,DE4,Brandenburg,2,tierschutz,23200.0
6706,2024-06-09,european,DE4,Brandenburg,2,v_partei3,1731.0
6707,2024-06-09,european,DE4,Brandenburg,2,volt,22096.0
6708,2024-06-09,european,DE5,Bremen,0,eligible_voters,461866.0
6709,2024-06-09,european,DE5,Bremen,1,issued_ballots,263341.0
6710,2024-06-09,european,DE5,Bremen,2,abg,126.0
6711,2024-06-09,european,DE5,Bremen,2,afd,26804.0
6712,2024-06-09,european,DE5,Bremen,2,aptierschutz,1043.0
6713,2024-06-09,european,DE5,Bremen,2,bcfd,331.0
6714,2024-06-09,european,DE5,Bremen,2,bdp,522.0
6715,2024-06-09,european,DE5,Bremen,2,bfig,253.0
6716,2024-06-09,european,DE5,Bremen,2,bsw,14715.0
6717,2024-06-09,european,DE5,Bremen,2,bundnisd,2208.0
6718,2024-06-09,european,DE5,Bremen,2,cdu,51823.0
6719,2024-06-09,european,DE5,Bremen,2,csu,0.0
6720,2024-06-09,european,DE5,Bremen,2,dava,2525.0
6721,2024-06-09,european,DE5,Bremen,2,dkp,127.0
6722,2024-06-09,european,DE5,Bremen,2,fdp,13781.0
6723,2024-06-09,european,DE5,Bremen,2,fpd,823.0
6724,2024-06-09,european,DE5,Bremen,2,fw,1208.0
6725,2024-06-09,european,DE5,Bremen,2,gruene,42504.0
6726,2024-06-09,european,DE5,Bremen,2,heimat,163.0
6727,2024-06-09,european,DE5,Bremen,2,humanisten,564.0
6728,2024-06-09,european,DE5,Bremen,2,klimaliste,303.0
6729,2024-06-09,european,DE5,Bremen,2,linke,15201.0
6730,2024-06-09,european,DE5,Bremen,2,mera25,1884.0
6731,2024-06-09,european,DE5,Bremen,2,mlpd,156.0
6732,2024-06-09,european,DE5,Bremen,2,mwfdwga,305.0
6733,2024-06-09,european,DE5,Bremen,2,oedp,862.0
6734,2024-06-09,european,DE5,Bremen,2,partei,5929.0
6735,2024-06-09,european,DE5,Bremen,2,pasdlg,1566.0
6736,2024-06-09,european,DE5,Bremen,2,pdf,1759.0
6737,2024-06-09,european,DE5,Bremen,2,pdv,163.0
6738,2024-06-09,european,DE5,Bremen,2,pfsv,131.0
6739,2024-06-09,european,DE5,Bremen,2,piraten,1413.0
6740,2024-06-09,european,DE5,Bremen,2,sgvi,45.0
6741,2024-06-09,european,DE5,Bremen,2,spd,56329.0
6742,2024-06-09,european,DE5,Bremen,2,tierschutz,3824.0
6743,2024-06-09,european,DE5,Bremen,2,v_partei3,391.0
6744,2024-06-09,european,DE5,Bremen,2,volt,12242.0
6745,2024-06-09,european,DE6,Hamburg,0,eligible_voters,1322628.0
6746,2024-06-09,european,DE6,Hamburg,1,issued_ballots,872432.0
6747,2024-06-09,european,DE6,Hamburg,2,abg,322.0
6748,2024-06-09,european,DE6,Hamburg,2,afd,69318.0
6749,2024-06-09,european,DE6,Hamburg,2,aptierschutz,2470.0
6750,2024-06-09,european,DE6,Hamburg,2,bcfd,964.0
6751,2024-06-09,european,DE6,Hamburg,2,bdp,1717.0
6752,2024-06-09,european,DE6,Hamburg,2,bfig,846.0
6753,2024-06-09,european,DE6,Hamburg,2,bsw,42586.0
6754,2024-06-09,european,DE6,Hamburg,2,bundnisd,2760.0
6755,2024-06-09,european,DE6,Hamburg,2,cdu,159977.0
6756,2024-06-09,european,DE6,Hamburg,2,csu,0.0
6757,2024-06-09,european,DE6,Hamburg,2,dava,7675.0
6758,2024-06-09,european,DE6,Hamburg,2,dkp,593.0
6759,2024-06-09,european,DE6,Hamburg,2,fdp,60621.0
6760,2024-06-09,european,DE6,Hamburg,2,fpd,2776.0
6761,2024-06-09,european,DE6,Hamburg,2,fw,4086.0
6762,2024-06-09,european,DE6,Hamburg,2,gruene,182577.0
6763,2024-06-09,european,DE6,Hamburg,2,heimat,318.0
6764,2024-06-09,european,DE6,Hamburg,2,humanisten,2128.0
6765,2024-06-09,european,DE6,Hamburg,2,klimaliste,1011.0
6766,2024-06-09,european,DE6,Hamburg,2,linke,44373.0
6767,2024-06-09,european,DE6,Hamburg,2,mera25,5833.0
6768,2024-06-09,european,DE6,Hamburg,2,mlpd,331.0
6769,2024-06-09,european,DE6,Hamburg,2,mwfdwga,1091.0
6770,2024-06-09,european,DE6,Hamburg,2,oedp,3494.0
6771,2024-06-09,european,DE6,Hamburg,2,partei,21787.0
6772,2024-06-09,european,DE6,Hamburg,2,pasdlg,5150.0
6773,2024-06-09,european,DE6,Hamburg,2,pdf,5416.0
6774,2024-06-09,european,DE6,Hamburg,2,pdv,471.0
6775,2024-06-09,european,DE6,Hamburg,2,pfsv,417.0
6776,2024-06-09,european,DE6,Hamburg,2,piraten,5376.0
6777,2024-06-09,european,DE6,Hamburg,2,sgvi,125.0
6778,2024-06-09,european,DE6,Hamburg,2,spd,162776.0
6779,2024-06-09,european,DE6,Hamburg,2,tierschutz,13019.0
6780,2024-06-09,european,DE6,Hamburg,2,v_partei3,1533.0
6781,2024-06-09,european,DE6,Hamburg,2,volt,51349.0
6782,2024-06-09,european,DE7,Hessen,0,eligible_voters,4451081.0
6783,2024-06-09,european,DE7,Hessen,1,issued_ballots,2805817.0
6784,2024-06-09,european,DE7,Hessen,2,abg,1887.0
6785,2024-06-09,european,DE7,Hessen,2,afd,378892.0
6786,2024-06-09,european,DE7,Hessen,2,aptierschutz,11332.0
6787,2024-06-09,european,DE7,Hessen,2,bcfd,5503.0
6788,2024-06-09,european,DE7,Hessen,2,bdp,6713.0
6789,2024-06-09,european,DE7,Hessen,2,bfig,3934.0
6790,2024-06-09,european,DE7,Hessen,2,bsw,123701.0
6791,2024-06-09,european,DE7,Hessen,2,bundnisd,10510.0
6792,2024-06-09,european,DE7,Hessen,2,cdu,834665.0
6793,2024-06-09,european,DE7,Hessen,2,csu,0.0
6794,2024-06-09,european,DE7,Hessen,2,dava,14442.0
6795,2024-06-09,european,DE7,Hessen,2,dkp,1319.0
6796,2024-06-09,european,DE7,Hessen,2,fdp,176039.0
6797,2024-06-09,european,DE7,Hessen,2,fpd,11011.0
6798,2024-06-09,european,DE7,Hessen,2,fw,56323.0
6799,2024-06-09,european,DE7,Hessen,2,gruene,358685.0
6800,2024-06-09,european,DE7,Hessen,2,heimat,2283.0
6801,2024-06-09,european,DE7,Hessen,2,humanisten,6082.0
6802,2024-06-09,european,DE7,Hessen,2,klimaliste,2707.0
6803,2024-06-09,european,DE7,Hessen,2,linke,70298.0
6804,2024-06-09,european,DE7,Hessen,2,mera25,11271.0
6805,2024-06-09,european,DE7,Hessen,2,mlpd,675.0
6806,2024-06-09,european,DE7,Hessen,2,mwfdwga,2644.0
6807,2024-06-09,european,DE7,Hessen,2,oedp,11036.0
6808,2024-06-09,european,DE7,Hessen,2,partei,51508.0
6809,2024-06-09,european,DE7,Hessen,2,pasdlg,6745.0
6810,2024-06-09,european,DE7,Hessen,2,pdf,15372.0
6811,2024-06-09,european,DE7,Hessen,2,pdv,1774.0
6812,2024-06-09,european,DE7,Hessen,2,pfsv,1345.0
6813,2024-06-09,european,DE7,Hessen,2,piraten,11735.0
6814,2024-06-09,european,DE7,Hessen,2,sgvi,456.0
6815,2024-06-09,european,DE7,Hessen,2,spd,455641.0
6816,2024-06-09,european,DE7,Hessen,2,tierschutz,42744.0
6817,2024-06-09,european,DE7,Hessen,2,v_partei3,4614.0
6818,2024-06-09,european,DE7,Hessen,2,volt,90934.0
6819,2024-06-09,european,DE8,Mecklenburg-Vorpommern,0,eligible_voters,1324296.0
6820,2024-06-09,european,DE8,Mecklenburg-Vorpommern,1,issued_ballots,867622.0
6821,2024-06-09,european,DE8,Mecklenburg-Vorpommern,2,abg,1354.0
6822,2024-06-09,european,DE8,Mecklenburg-Vorpommern,2,afd,241896.0
6823,2024-06-09,european,DE8,Mecklenburg-Vorpommern,2,aptierschutz,6088.0
6824,2024-06-09,european,DE8,Mecklenburg-Vorpommern,2,bcfd,1329.0
6825,2024-06-09,european,DE8,Mecklenburg-Vorpommern,2,bdp,2031.0
6826,2024-06-09,european,DE8,Mecklenburg-Vorpommern,2,bfig,582.0
6827,2024-06-09,european,DE8,Mecklenburg-Vorpommern,2,bsw,139949.0
6828,2024-06-09,european,DE8,Mecklenburg-Vorpommern,2,bundnisd,3616.0
6829,2024-06-09,european,DE8,Mecklenburg-Vorpommern,2,cdu,183831.0
6830,2024-06-09,european,DE8,Mecklenburg-Vorpommern,2,csu,0.0
6831,2024-06-09,european,DE8,Mecklenburg-Vorpommern,2,dava,408.0
6832,2024-06-09,european,DE8,Mecklenburg-Vorpommern,2,dkp,778.0
6833,2024-06-09,european,DE8,Mecklenburg-Vorpommern,2,fdp,22345.0
6834,2024-06-09,european,DE8,Mecklenburg-Vorpommern,2,fpd,10006.0
6835,2024-06-09,european,DE8,Mecklenburg-Vorpommern,2,fw,8122.0
6836,2024-06-09,european,DE8,Mecklenburg-Vorpommern,2,gruene,41014.0
6837,2024-06-09,european,DE8,Mecklenburg-Vorpommern,2,heimat,2940.0
6838,2024-06-09,european,DE8,Mecklenburg-Vorpommern,2,humanisten,1463.0
6839,2024-06-09,european,DE8,Mecklenburg-Vorpommern,2,klimaliste,621.0
6840,2024-06-09,european,DE8,Mecklenburg-Vorpommern,2,linke,41576.0
6841,2024-06-09,european,DE8,Mecklenburg-Vorpommern,2,mera25,1236.0
6842,2024-06-09,european,DE8,Mecklenburg-Vorpommern,2,mlpd,518.0
6843,2024-06-09,european,DE8,Mecklenburg-Vorpommern,2,mwfdwga,1779.0
6844,2024-06-09,european,DE8,Mecklenburg-Vorpommern,2,oedp,1906.0
6845,2024-06-09,european,DE8,Mecklenburg-Vorpommern,2,partei,15125.0
6846,2024-06-09,european,DE8,Mecklenburg-Vorpommern,2,pasdlg,2058.0
6847,2024-06-09,european,DE8,Mecklenburg-Vorpommern,2,pdf,3575.0
6848,2024-06-09,european,DE8,Mecklenburg-Vorpommern,2,pdv,962.0
6849,2024-06-09,european,DE8,Mecklenburg-Vorpommern,2,pfsv,788.0
6850,2024-06-09,european,DE8,Mecklenburg-Vorpommern,2,piraten,3511.0
6851,2024-06-09,european,DE8,Mecklenburg-Vorpommern,2,sgvi,329.0
6852,2024-06-09,european,DE8,Mecklenburg-Vorpommern,2,spd,88044.0
6853,2024-06-09,european,DE8,Mecklenburg-Vorpommern,2,tierschutz,11425.0
6854,2024-06-09,european,DE8,Mecklenburg-Vorpommern,2,v_partei3,973.0
6855,2024-06-09,european,DE8,Mecklenburg-Vorpommern,2,volt,11474.0
6856,2024-06-09,european,DE9,Niedersachsen,0,eligible_voters,6191464.0
6857,2024-06-09,european,DE9,Niedersachsen,1,issued_ballots,3968780.0
6858,2024-06-09,european,DE9,Niedersachsen,2,abg,1967.0
6859,2024-06-09,european,DE9,Niedersachsen,2,afd,523014.0
6860,2024-06-09,european,DE9,Niedersachsen,2,aptierschutz,18165.0
6861,2024-06-09,european,DE9,Niedersachsen,2,bcfd,6019.0
6862,2024-06-09,european,DE9,Niedersachsen,2,bdp,8210.0
6863,2024-06-09,european,DE9,Niedersachsen,2,bfig,2102.0
6864,2024-06-09,european,DE9,Niedersachsen,2,bsw,176236.0
6865,2024-06-09,european,DE9,Niedersachsen,2,bundnisd,16344.0
6866,2024-06-09,european,DE9,Niedersachsen,2,cdu,1240227.0
6867,2024-06-09,european,DE9,Niedersachsen,2,csu,0.0
6868,2024-06-09,european,DE9,Niedersachsen,2,dava,12688.0
6869,2024-06-09,european,DE9,Niedersachsen,2,dkp,1075.0
6870,2024-06-09,european,DE9,Niedersachsen,2,fdp,211088.0
6871,2024-06-09,european,DE9,Niedersachsen,2,fpd,22141.0
6872,2024-06-09,european,DE9,Niedersachsen,2,fw,47930.0
6873,2024-06-09,european,DE9,Niedersachsen,2,gruene,481046.0
6874,2024-06-09,european,DE9,Niedersachsen,2,heimat,2541.0
6875,2024-06-09,european,DE9,Niedersachsen,2,humanisten,8299.0
6876,2024-06-09,european,DE9,Niedersachsen,2,klimaliste,2576.0
6877,2024-06-09,european,DE9,Niedersachsen,2,linke,84480.0
6878,2024-06-09,european,DE9,Niedersachsen,2,mera25,8720.0
6879,2024-06-09,european,DE9,Niedersachsen,2,mlpd,845.0
6880,2024-06-09,european,DE9,Niedersachsen,2,mwfdwga,4874.0
6881,2024-06-09,european,DE9,Niedersachsen,2,oedp,11891.0
6882,2024-06-09,european,DE9,Niedersachsen,2,partei,73477.0
6883,2024-06-09,european,DE9,Niedersachsen,2,pasdlg,9489.0
6884,2024-06-09,european,DE9,Niedersachsen,2,pdf,26082.0
6885,2024-06-09,european,DE9,Niedersachsen,2,pdv,2760.0
6886,2024-06-09,european,DE9,Niedersachsen,2,pfsv,2039.0
6887,2024-06-09,european,DE9,Niedersachsen,2,piraten,21028.0
6888,2024-06-09,european,DE9,Niedersachsen,2,sgvi,508.0
6889,2024-06-09,european,DE9,Niedersachsen,2,spd,770510.0
6890,2024-06-09,european,DE9,Niedersachsen,2,tierschutz,59763.0
6891,2024-06-09,european,DE9,Niedersachsen,2,v_partei3,4968.0
6892,2024-06-09,european,DE9,Niedersachsen,2,volt,87667.0
6893,2024-06-09,european,DEA,Nordrhein-Westfalen,0,eligible_voters,13210928.0
6894,2024-06-09,european,DEA,Nordrhein-Westfalen,1,issued_ballots,8368473.0
6895,2024-06-09,european,DEA,Nordrhein-Westfalen,2,abg,4032.0
6896,2024-06-09,european,DEA,Nordrhein-Westfalen,2,afd,1049639.0
6897,2024-06-09,european,DEA,Nordrhein-Westfalen,2,aptierschutz,33656.0
6898,2024-06-09,european,DEA,Nordrhein-Westfalen,2,bcfd,12769.0
6899,2024-06-09,european,DEA,Nordrhein-Westfalen,2,bdp,15714.0
6900,2024-06-09,european,DEA,Nordrhein-Westfalen,2,bfig,9550.0
6901,2024-06-09,european,DEA,Nordrhein-Westfalen,2,bsw,367367.0
6902,2024-06-09,european,DEA,Nordrhein-Westfalen,2,bundnisd,33784.0
6903,2024-06-09,european,DEA,Nordrhein-Westfalen,2,cdu,2598559.0
6904,2024-06-09,european,DEA,Nordrhein-Westfalen,2,csu,0.0
6905,2024-06-09,european,DEA,Nordrhein-Westfalen,2,dava,55569.0
6906,2024-06-09,european,DEA,Nordrhein-Westfalen,2,dkp,2659.0
6907,2024-06-09,european,DEA,Nordrhein-Westfalen,2,fdp,527673.0
6908,2024-06-09,european,DEA,Nordrhein-Westfalen,2,fpd,49696.0
6909,2024-06-09,european,DEA,Nordrhein-Westfalen,2,fw,57458.0
6910,2024-06-09,european,DEA,Nordrhein-Westfalen,2,gruene,1120881.0
6911,2024-06-09,european,DEA,Nordrhein-Westfalen,2,heimat,4717.0
6912,2024-06-09,european,DEA,Nordrhein-Westfalen,2,humanisten,16511.0
6913,2024-06-09,european,DEA,Nordrhein-Westfalen,2,klimaliste,5265.0
6914,2024-06-09,european,DEA,Nordrhein-Westfalen,2,linke,177132.0
6915,2024-06-09,european,DEA,Nordrhein-Westfalen,2,mera25,25919.0
6916,2024-06-09,european,DEA,Nordrhein-Westfalen,2,mlpd,3631.0
6917,2024-06-09,european,DEA,Nordrhein-Westfalen,2,mwfdwga,10425.0
6918,2024-06-09,european,DEA,Nordrhein-Westfalen,2,oedp,28166.0
6919,2024-06-09,european,DEA,Nordrhein-Westfalen,2,partei,166373.0
6920,2024-06-09,european,DEA,Nordrhein-Westfalen,2,pasdlg,17689.0
6921,2024-06-09,european,DEA,Nordrhein-Westfalen,2,pdf,57758.0
6922,2024-06-09,european,DEA,Nordrhein-Westfalen,2,pdv,5711.0
6923,2024-06-09,european,DEA,Nordrhein-Westfalen,2,pfsv,3414.0
6924,2024-06-09,european,DEA,Nordrhein-Westfalen,2,piraten,39947.0
6925,2024-06-09,european,DEA,Nordrhein-Westfalen,2,sgvi,1202.0
6926,2024-06-09,european,DEA,Nordrhein-Westfalen,2,spd,1433409.0
6927,2024-06-09,european,DEA,Nordrhein-Westfalen,2,tierschutz,137490.0
6928,2024-06-09,european,DEA,Nordrhein-Westfalen,2,v_partei3,10495.0
6929,2024-06-09,european,DEA,Nordrhein-Westfalen,2,volt,233683.0
6930,2024-06-09,european,DEB,Rheinland-Pfalz,0,eligible_voters,3087651.0
6931,2024-06-09,european,DEB,Rheinland-Pfalz,1,issued_ballots,2054530.0
6932,2024-06-09,european,DEB,Rheinland-Pfalz,2,abg,1223.0
6933,2024-06-09,european,DEB,Rheinland-Pfalz,2,afd,297680.0
6934,2024-06-09,european,DEB,Rheinland-Pfalz,2,aptierschutz,10124.0
6935,2024-06-09,european,DEB,Rheinland-Pfalz,2,bcfd,3630.0
6936,2024-06-09,european,DEB,Rheinland-Pfalz,2,bdp,3644.0
6937,2024-06-09,european,DEB,Rheinland-Pfalz,2,bfig,1631.0
6938,2024-06-09,european,DEB,Rheinland-Pfalz,2,bsw,95643.0
6939,2024-06-09,european,DEB,Rheinland-Pfalz,2,bundnisd,7614.0
6940,2024-06-09,european,DEB,Rheinland-Pfalz,2,cdu,622889.0
6941,2024-06-09,european,DEB,Rheinland-Pfalz,2,csu,0.0
6942,2024-06-09,european,DEB,Rheinland-Pfalz,2,dava,5524.0
6943,2024-06-09,european,DEB,Rheinland-Pfalz,2,dkp,475.0
6944,2024-06-09,european,DEB,Rheinland-Pfalz,2,fdp,119797.0
6945,2024-06-09,european,DEB,Rheinland-Pfalz,2,fpd,13578.0
6946,2024-06-09,european,DEB,Rheinland-Pfalz,2,fw,105010.0
6947,2024-06-09,european,DEB,Rheinland-Pfalz,2,gruene,188033.0
6948,2024-06-09,european,DEB,Rheinland-Pfalz,2,heimat,1547.0
6949,2024-06-09,european,DEB,Rheinland-Pfalz,2,humanisten,3558.0
6950,2024-06-09,european,DEB,Rheinland-Pfalz,2,klimaliste,1815.0
6951,2024-06-09,european,DEB,Rheinland-Pfalz,2,linke,35432.0
6952,2024-06-09,european,DEB,Rheinland-Pfalz,2,mera25,3792.0
6953,2024-06-09,european,DEB,Rheinland-Pfalz,2,mlpd,338.0
6954,2024-06-09,european,DEB,Rheinland-Pfalz,2,mwfdwga,2846.0
6955,2024-06-09,european,DEB,Rheinland-Pfalz,2,oedp,10568.0
6956,2024-06-09,european,DEB,Rheinland-Pfalz,2,partei,34333.0
6957,2024-06-09,european,DEB,Rheinland-Pfalz,2,pasdlg,3808.0
6958,2024-06-09,european,DEB,Rheinland-Pfalz,2,pdf,10877.0
6959,2024-06-09,european,DEB,Rheinland-Pfalz,2,pdv,1495.0
6960,2024-06-09,european,DEB,Rheinland-Pfalz,2,pfsv,850.0
6961,2024-06-09,european,DEB,Rheinland-Pfalz,2,piraten,8931.0
6962,2024-06-09,european,DEB,Rheinland-Pfalz,2,sgvi,216.0
6963,2024-06-09,european,DEB,Rheinland-Pfalz,2,spd,354946.0
6964,2024-06-09,european,DEB,Rheinland-Pfalz,2,tierschutz,30913.0
6965,2024-06-09,european,DEB,Rheinland-Pfalz,2,v_partei3,2779.0
6966,2024-06-09,european,DEB,Rheinland-Pfalz,2,volt,43998.0
6967,2024-06-09,european,DEC,Saarland,0,eligible_voters,752467.0
6968,2024-06-09,european,DEC,Saarland,1,issued_ballots,511992.0
6969,2024-06-09,european,DEC,Saarland,2,abg,311.0
6970,2024-06-09,european,DEC,Saarland,2,afd,79067.0
6971,2024-06-09,european,DEC,Saarland,2,aptierschutz,4819.0
6972,2024-06-09,european,DEC,Saarland,2,bcfd,445.0
6973,2024-06-09,european,DEC,Saarland,2,bdp,773.0
6974,2024-06-09,european,DEC,Saarland,2,bfig,200.0
6975,2024-06-09,european,DEC,Saarland,2,bsw,39789.0
6976,2024-06-09,european,DEC,Saarland,2,bundnisd,1793.0
6977,2024-06-09,european,DEC,Saarland,2,cdu,147522.0
6978,2024-06-09,european,DEC,Saarland,2,csu,0.0
6979,2024-06-09,european,DEC,Saarland,2,dava,1080.0
6980,2024-06-09,european,DEC,Saarland,2,dkp,130.0
6981,2024-06-09,european,DEC,Saarland,2,fdp,23531.0
6982,2024-06-09,european,DEC,Saarland,2,fpd,6238.0
6983,2024-06-09,european,DEC,Saarland,2,fw,7952.0
6984,2024-06-09,european,DEC,Saarland,2,gruene,33082.0
6985,2024-06-09,european,DEC,Saarland,2,heimat,462.0
6986,2024-06-09,european,DEC,Saarland,2,humanisten,959.0
6987,2024-06-09,european,DEC,Saarland,2,klimaliste,260.0
6988,2024-06-09,european,DEC,Saarland,2,linke,10091.0
6989,2024-06-09,european,DEC,Saarland,2,mera25,778.0
6990,2024-06-09,european,DEC,Saarland,2,mlpd,162.0
6991,2024-06-09,european,DEC,Saarland,2,mwfdwga,957.0
6992,2024-06-09,european,DEC,Saarland,2,oedp,3114.0
6993,2024-06-09,european,DEC,Saarland,2,partei,11458.0
6994,2024-06-09,european,DEC,Saarland,2,pasdlg,1088.0
6995,2024-06-09,european,DEC,Saarland,2,pdf,2635.0
6996,2024-06-09,european,DEC,Saarland,2,pdv,476.0
6997,2024-06-09,european,DEC,Saarland,2,pfsv,189.0
6998,2024-06-09,european,DEC,Saarland,2,piraten,2348.0
6999,2024-06-09,european,DEC,Saarland,2,sgvi,80.0
7000,2024-06-09,european,DEC,Saarland,2,spd,103215.0
7001,2024-06-09,european,DEC,Saarland,2,tierschutz,9833.0
7002,2024-06-09,european,DEC,Saarland,2,v_partei3,784.0
7003,2024-06-09,european,DEC,Saarland,2,volt,8434.0
7004,2024-06-09,european,DED,Sachsen,0,eligible_voters,3263203.0
7005,2024-06-09,european,DED,Sachsen,1,issued_ballots,2261976.0
7006,2024-06-09,european,DED,Sachsen,2,abg,2079.0
7007,2024-06-09,european,DED,Sachsen,2,afd,710025.0
7008,2024-06-09,european,DED,Sachsen,2,aptierschutz,10089.0
7009,2024-06-09,european,DED,Sachsen,2,bcfd,8294.0
7010,2024-06-09,european,DED,Sachsen,2,bdp,5550.0
7011,2024-06-09,european,DED,Sachsen,2,bfig,998.0
7012,2024-06-09,european,DED,Sachsen,2,bsw,280837.0
7013,2024-06-09,european,DED,Sachsen,2,bundnisd,12340.0
7014,2024-06-09,european,DED,Sachsen,2,cdu,488000.0
7015,2024-06-09,european,DED,Sachsen,2,csu,0.0
7016,2024-06-09,european,DED,Sachsen,2,dava,803.0
7017,2024-06-09,european,DED,Sachsen,2,dkp,1288.0
7018,2024-06-09,european,DED,Sachsen,2,fdp,54115.0
7019,2024-06-09,european,DED,Sachsen,2,fpd,22332.0
7020,2024-06-09,european,DED,Sachsen,2,fw,54083.0
7021,2024-06-09,european,DED,Sachsen,2,gruene,131841.0
7022,2024-06-09,european,DED,Sachsen,2,heimat,6053.0
7023,2024-06-09,european,DED,Sachsen,2,humanisten,4711.0
7024,2024-06-09,european,DED,Sachsen,2,klimaliste,1548.0
7025,2024-06-09,european,DED,Sachsen,2,linke,108962.0
7026,2024-06-09,european,DED,Sachsen,2,mera25,4829.0
7027,2024-06-09,european,DED,Sachsen,2,mlpd,816.0
7028,2024-06-09,european,DED,Sachsen,2,mwfdwga,4021.0
7029,2024-06-09,european,DED,Sachsen,2,oedp,6839.0
7030,2024-06-09,european,DED,Sachsen,2,partei,52774.0
7031,2024-06-09,european,DED,Sachsen,2,pasdlg,7460.0
7032,2024-06-09,european,DED,Sachsen,2,pdf,10792.0
7033,2024-06-09,european,DED,Sachsen,2,pdv,2303.0
7034,2024-06-09,european,DED,Sachsen,2,pfsv,1402.0
7035,2024-06-09,european,DED,Sachsen,2,piraten,12239.0
7036,2024-06-09,european,DED,Sachsen,2,sgvi,450.0
7037,2024-06-09,european,DED,Sachsen,2,spd,153864.0
7038,2024-06-09,european,DED,Sachsen,2,tierschutz,30546.0
7039,2024-06-09,european,DED,Sachsen,2,v_partei3,2992.0
7040,2024-06-09,european,DED,Sachsen,2,volt,39599.0
7041,2024-06-09,european,DEE,Sachsen-Anhalt,0,eligible_voters,1777551.0
7042,2024-06-09,european,DEE,Sachsen-Anhalt,1,issued_ballots,1103349.0
7043,2024-06-09,european,DEE,Sachsen-Anhalt,2,abg,1128.0
7044,2024-06-09,european,DEE,Sachsen-Anhalt,2,afd,331951.0
7045,2024-06-09,european,DEE,Sachsen-Anhalt,2,aptierschutz,7928.0
7046,2024-06-09,european,DEE,Sachsen-Anhalt,2,bcfd,1193.0
7047,2024-06-09,european,DEE,Sachsen-Anhalt,2,bdp,2790.0
7048,2024-06-09,european,DEE,Sachsen-Anhalt,2,bfig,419.0
7049,2024-06-09,european,DEE,Sachsen-Anhalt,2,bsw,162806.0
7050,2024-06-09,european,DEE,Sachsen-Anhalt,2,bundnisd,5106.0
7051,2024-06-09,european,DEE,Sachsen-Anhalt,2,cdu,247655.0
7052,2024-06-09,european,DEE,Sachsen-Anhalt,2,csu,0.0
7053,2024-06-09,european,DEE,Sachsen-Anhalt,2,dava,587.0
7054,2024-06-09,european,DEE,Sachsen-Anhalt,2,dkp,642.0
7055,2024-06-09,european,DEE,Sachsen-Anhalt,2,fdp,26836.0
7056,2024-06-09,european,DEE,Sachsen-Anhalt,2,fpd,14915.0
7057,2024-06-09,european,DEE,Sachsen-Anhalt,2,fw,16741.0
7058,2024-06-09,european,DEE,Sachsen-Anhalt,2,gruene,42873.0
7059,2024-06-09,european,DEE,Sachsen-Anhalt,2,heimat,2696.0
7060,2024-06-09,european,DEE,Sachsen-Anhalt,2,humanisten,1722.0
7061,2024-06-09,european,DEE,Sachsen-Anhalt,2,klimaliste,789.0
7062,2024-06-09,european,DEE,Sachsen-Anhalt,2,linke,52108.0
7063,2024-06-09,european,DEE,Sachsen-Anhalt,2,mera25,1380.0
7064,2024-06-09,european,DEE,Sachsen-Anhalt,2,mlpd,677.0
7065,2024-06-09,european,DEE,Sachsen-Anhalt,2,mwfdwga,2166.0
7066,2024-06-09,european,DEE,Sachsen-Anhalt,2,oedp,1864.0
7067,2024-06-09,european,DEE,Sachsen-Anhalt,2,partei,20159.0
7068,2024-06-09,european,DEE,Sachsen-Anhalt,2,pasdlg,2596.0
7069,2024-06-09,european,DEE,Sachsen-Anhalt,2,pdf,4385.0
7070,2024-06-09,european,DEE,Sachsen-Anhalt,2,pdv,1061.0
7071,2024-06-09,european,DEE,Sachsen-Anhalt,2,pfsv,666.0
7072,2024-06-09,european,DEE,Sachsen-Anhalt,2,piraten,3700.0
7073,2024-06-09,european,DEE,Sachsen-Anhalt,2,sgvi,285.0
7074,2024-06-09,european,DEE,Sachsen-Anhalt,2,spd,94613.0
7075,2024-06-09,european,DEE,Sachsen-Anhalt,2,tierschutz,17672.0
7076,2024-06-09,european,DEE,Sachsen-Anhalt,2,v_partei3,1177.0
7077,2024-06-09,european,DEE,Sachsen-Anhalt,2,volt,14279.0
7078,2024-06-09,european,DEF,Schleswig-Holstein,0,eligible_voters,2313462.0
7079,2024-06-09,european,DEF,Schleswig-Holstein,1,issued_ballots,1490118.0
7080,2024-06-09,european,DEF,Schleswig-Holstein,2,abg,751.0
7081,2024-06-09,european,DEF,Schleswig-Holstein,2,afd,180498.0
7082,2024-06-09,european,DEF,Schleswig-Holstein,2,aptierschutz,5515.0
7083,2024-06-09,european,DEF,Schleswig-Holstein,2,bcfd,1526.0
7084,2024-06-09,european,DEF,Schleswig-Holstein,2,bdp,5058.0
7085,2024-06-09,european,DEF,Schleswig-Holstein,2,bfig,608.0
7086,2024-06-09,european,DEF,Schleswig-Holstein,2,bsw,60371.0
7087,2024-06-09,european,DEF,Schleswig-Holstein,2,bundnisd,6297.0
7088,2024-06-09,european,DEF,Schleswig-Holstein,2,cdu,448041.0
7089,2024-06-09,european,DEF,Schleswig-Holstein,2,csu,0.0
7090,2024-06-09,european,DEF,Schleswig-Holstein,2,dava,3867.0
7091,2024-06-09,european,DEF,Schleswig-Holstein,2,dkp,442.0
7092,2024-06-09,european,DEF,Schleswig-Holstein,2,fdp,93755.0
7093,2024-06-09,european,DEF,Schleswig-Holstein,2,fpd,11521.0
7094,2024-06-09,european,DEF,Schleswig-Holstein,2,fw,18257.0
7095,2024-06-09,european,DEF,Schleswig-Holstein,2,gruene,228684.0
7096,2024-06-09,european,DEF,Schleswig-Holstein,2,heimat,1095.0
7097,2024-06-09,european,DEF,Schleswig-Holstein,2,humanisten,3213.0
7098,2024-06-09,european,DEF,Schleswig-Holstein,2,klimaliste,1058.0
7099,2024-06-09,european,DEF,Schleswig-Holstein,2,linke,33627.0
7100,2024-06-09,european,DEF,Schleswig-Holstein,2,mera25,3209.0
7101,2024-06-09,european,DEF,Schleswig-Holstein,2,mlpd,349.0
7102,2024-06-09,european,DEF,Schleswig-Holstein,2,mwfdwga,1985.0
7103,2024-06-09,european,DEF,Schleswig-Holstein,2,oedp,4868.0
7104,2024-06-09,european,DEF,Schleswig-Holstein,2,partei,30779.0
7105,2024-06-09,european,DEF,Schleswig-Holstein,2,pasdlg,3544.0
7106,2024-06-09,european,DEF,Schleswig-Holstein,2,pdf,11124.0
7107,2024-06-09,european,DEF,Schleswig-Holstein,2,pdv,1044.0
7108,2024-06-09,european,DEF,Schleswig-Holstein,2,pfsv,640.0
7109,2024-06-09,european,DEF,Schleswig-Holstein,2,piraten,8367.0
7110,2024-06-09,european,DEF,Schleswig-Holstein,2,sgvi,228.0
7111,2024-06-09,european,DEF,Schleswig-Holstein,2,spd,247464.0
7112,2024-06-09,european,DEF,Schleswig-Holstein,2,tierschutz,23641.0
7113,2024-06-09,european,DEF,Schleswig-Holstein,2,v_partei3,2332.0
7114,2024-06-09,european,DEF,Schleswig-Holstein,2,volt,37694.0
7115,2024-06-09,european,DEG,Thüringen,0,eligible_voters,1695711.0
7116,2024-06-09,european,DEG,Thüringen,1,issued_ballots,1048832.0
7117,2024-06-09,european,DEG,Thüringen,2,abg,1147.0
7118,2024-06-09,european,DEG,Thüringen,2,afd,320034.0
7119,2024-06-09,european,DEG,Thüringen,2,aptierschutz,4968.0
7120,2024-06-09,european,DEG,Thüringen,2,bcfd,1607.0
7121,2024-06-09,european,DEG,Thüringen,2,bdp,2277.0
7122,2024-06-09,european,DEG,Thüringen,2,bfig,349.0
7123,2024-06-09,european,DEG,Thüringen,2,bsw,156589.0
7124,2024-06-09,european,DEG,Thüringen,2,bundnisd,5141.0
7125,2024-06-09,european,DEG,Thüringen,2,cdu,241316.0
7126,2024-06-09,european,DEG,Thüringen,2,csu,0.0
7127,2024-06-09,european,DEG,Thüringen,2,dava,403.0
7128,2024-06-09,european,DEG,Thüringen,2,dkp,519.0
7129,2024-06-09,european,DEG,Thüringen,2,fdp,21111.0
7130,2024-06-09,european,DEG,Thüringen,2,fpd,10212.0
7131,2024-06-09,european,DEG,Thüringen,2,fw,18929.0
7132,2024-06-09,european,DEG,Thüringen,2,gruene,43712.0
7133,2024-06-09,european,DEG,Thüringen,2,heimat,2879.0
7134,2024-06-09,european,DEG,Thüringen,2,humanisten,1343.0
7135,2024-06-09,european,DEG,Thüringen,2,klimaliste,670.0
7136,2024-06-09,european,DEG,Thüringen,2,linke,59527.0
7137,2024-06-09,european,DEG,Thüringen,2,mera25,1396.0
7138,2024-06-09,european,DEG,Thüringen,2,mlpd,693.0
7139,2024-06-09,european,DEG,Thüringen,2,mwfdwga,1488.0
7140,2024-06-09,european,DEG,Thüringen,2,oedp,2986.0
7141,2024-06-09,european,DEG,Thüringen,2,partei,20439.0
7142,2024-06-09,european,DEG,Thüringen,2,pasdlg,2392.0
7143,2024-06-09,european,DEG,Thüringen,2,pdf,3378.0
7144,2024-06-09,european,DEG,Thüringen,2,pdv,763.0
7145,2024-06-09,european,DEG,Thüringen,2,pfsv,596.0
7146,2024-06-09,european,DEG,Thüringen,2,piraten,4290.0
7147,2024-06-09,european,DEG,Thüringen,2,sgvi,141.0
7148,2024-06-09,european,DEG,Thüringen,2,spd,85305.0
7149,2024-06-09,european,DEG,Thüringen,2,tierschutz,10242.0
7150,2024-06-09,european,DEG,Thüringen,2,v_partei3,1026.0
7151,2024-06-09,european,DEG,Thüringen,2,volt,13256.0
7152,2025-02-23,parliament,DE1,Baden-Württemberg,0,eligible_voters,7653811.0
7153,2025-02-23,parliament,DE1,Baden-Württemberg,1,issued_ballots,6382446.0
7154,2025-02-23,parliament,DE1,Baden-Württemberg,2,afd,1256430.0
7155,2025-02-23,parliament,DE1,Baden-Württemberg,2,basis,21845.0
7156,2025-02-23,parliament,DE1,Baden-Württemberg,2,bp,0.0
7157,2025-02-23,parliament,DE1,Baden-Württemberg,2,bsw,260219.0
7158,2025-02-23,parliament,DE1,Baden-Württemberg,2,bueso,0.0
7159,2025-02-23,parliament,DE1,Baden-Württemberg,2,bundnisc,11768.0
7160,2025-02-23,parliament,DE1,Baden-Württemberg,2,bundnisd,7411.0
7161,2025-02-23,parliament,DE1,Baden-Württemberg,2,cdu,2006866.0
7162,2025-02-23,parliament,DE1,Baden-Württemberg,2,csu,0.0
7163,2025-02-23,parliament,DE1,Baden-Württemberg,2,fdp,357539.0
7164,2025-02-23,parliament,DE1,Baden-Württemberg,2,freiewahler,86311.0
7165,2025-02-23,parliament,DE1,Baden-Württemberg,2,gruene,865738.0
7166,2025-02-23,parliament,DE1,Baden-Württemberg,2,linke,429484.0
7167,2025-02-23,parliament,DE1,Baden-Württemberg,2,menschliche,0.0
7168,2025-02-23,parliament,DE1,Baden-Württemberg,2,mera25,0.0
7169,2025-02-23,parliament,DE1,Baden-Württemberg,2,mlpd,2379.0
7170,2025-02-23,parliament,DE1,Baden-Württemberg,2,oedp,12258.0
7171,2025-02-23,parliament,DE1,Baden-Württemberg,2,partei,28041.0
7172,2025-02-23,parliament,DE1,Baden-Württemberg,2,pdf,0.0
7173,2025-02-23,parliament,DE1,Baden-Württemberg,2,pdh,0.0
7174,2025-02-23,parliament,DE1,Baden-Württemberg,2,piraten,0.0
7175,2025-02-23,parliament,DE1,Baden-Württemberg,2,sgp,0.0
7176,2025-02-23,parliament,DE1,Baden-Württemberg,2,spd,898778.0
7177,2025-02-23,parliament,DE1,Baden-Württemberg,2,ssw,0.0
7178,2025-02-23,parliament,DE1,Baden-Württemberg,2,tierschutz,55906.0
7179,2025-02-23,parliament,DE1,Baden-Württemberg,2,todenhoefer,0.0
7180,2025-02-23,parliament,DE1,Baden-Württemberg,2,verjuengungsforschung,0.0
7181,2025-02-23,parliament,DE1,Baden-Württemberg,2,volt,49025.0
7182,2025-02-23,parliament,DE1,Baden-Württemberg,2,werteunion,0.0
7183,2025-02-23,parliament,DE2,Bayern,0,eligible_voters,9481659.0
7184,2025-02-23,parliament,DE2,Bayern,1,issued_ballots,7996557.0
7185,2025-02-23,parliament,DE2,Bayern,2,afd,1515731.0
7186,2025-02-23,parliament,DE2,Bayern,2,basis,28843.0
7187,2025-02-23,parliament,DE2,Bayern,2,bp,12278.0
7188,2025-02-23,parliament,DE2,Bayern,2,bsw,246518.0
7189,2025-02-23,parliament,DE2,Bayern,2,bueso,0.0
7190,2025-02-23,parliament,DE2,Bayern,2,bundnisc,0.0
7191,2025-02-23,parliament,DE2,Bayern,2,bundnisd,6937.0
7192,2025-02-23,parliament,DE2,Bayern,2,cdu,0.0
7193,2025-02-23,parliament,DE2,Bayern,2,csu,2964028.0
7194,2025-02-23,parliament,DE2,Bayern,2,fdp,333257.0
7195,2025-02-23,parliament,DE2,Bayern,2,freiewahler,345840.0
7196,2025-02-23,parliament,DE2,Bayern,2,gruene,957435.0
7197,2025-02-23,parliament,DE2,Bayern,2,linke,456935.0
7198,2025-02-23,parliament,DE2,Bayern,2,menschliche,0.0
7199,2025-02-23,parliament,DE2,Bayern,2,mera25,0.0
7200,2025-02-23,parliament,DE2,Bayern,2,mlpd,1652.0
7201,2025-02-23,parliament,DE2,Bayern,2,oedp,33367.0
7202,2025-02-23,parliament,DE2,Bayern,2,partei,30552.0
7203,2025-02-23,parliament,DE2,Bayern,2,pdf,0.0
7204,2025-02-23,parliament,DE2,Bayern,2,pdh,5466.0
7205,2025-02-23,parliament,DE2,Bayern,2,piraten,0.0
7206,2025-02-23,parliament,DE2,Bayern,2,sgp,0.0
7207,2025-02-23,parliament,DE2,Bayern,2,spd,920675.0
7208,2025-02-23,parliament,DE2,Bayern,2,ssw,0.0
7209,2025-02-23,parliament,DE2,Bayern,2,tierschutz,61869.0
7210,2025-02-23,parliament,DE2,Bayern,2,todenhoefer,0.0
7211,2025-02-23,parliament,DE2,Bayern,2,verjuengungsforschung,0.0
7212,2025-02-23,parliament,DE2,Bayern,2,volt,50671.0
7213,2025-02-23,parliament,DE2,Bayern,2,werteunion,0.0
7214,2025-02-23,parliament,DE3,Berlin,0,eligible_voters,2442042.0
7215,2025-02-23,parliament,DE3,Berlin,1,issued_ballots,1961177.0
7216,2025-02-23,parliament,DE3,Berlin,2,afd,296990.0
7217,2025-02-23,parliament,DE3,Berlin,2,basis,0.0
7218,2025-02-23,parliament,DE3,Berlin,2,bp,0.0
7219,2025-02-23,parliament,DE3,Berlin,2,bsw,129651.0
7220,2025-02-23,parliament,DE3,Berlin,2,bueso,676.0
7221,2025-02-23,parliament,DE3,Berlin,2,bundnisc,0.0
7222,2025-02-23,parliament,DE3,Berlin,2,bundnisd,2960.0
7223,2025-02-23,parliament,DE3,Berlin,2,cdu,356099.0
7224,2025-02-23,parliament,DE3,Berlin,2,csu,0.0
7225,2025-02-23,parliament,DE3,Berlin,2,fdp,74076.0
7226,2025-02-23,parliament,DE3,Berlin,2,freiewahler,6402.0
7227,2025-02-23,parliament,DE3,Berlin,2,gruene,328035.0
7228,2025-02-23,parliament,DE3,Berlin,2,linke,387222.0
7229,2025-02-23,parliament,DE3,Berlin,2,menschliche,0.0
7230,2025-02-23,parliament,DE3,Berlin,2,mera25,2439.0
7231,2025-02-23,parliament,DE3,Berlin,2,mlpd,925.0
7232,2025-02-23,parliament,DE3,Berlin,2,oedp,0.0
7233,2025-02-23,parliament,DE3,Berlin,2,partei,12881.0
7234,2025-02-23,parliament,DE3,Berlin,2,pdf,3423.0
7235,2025-02-23,parliament,DE3,Berlin,2,pdh,0.0
7236,2025-02-23,parliament,DE3,Berlin,2,piraten,0.0
7237,2025-02-23,parliament,DE3,Berlin,2,sgp,425.0
7238,2025-02-23,parliament,DE3,Berlin,2,spd,295182.0
7239,2025-02-23,parliament,DE3,Berlin,2,ssw,0.0
7240,2025-02-23,parliament,DE3,Berlin,2,tierschutz,29384.0
7241,2025-02-23,parliament,DE3,Berlin,2,todenhoefer,4532.0
7242,2025-02-23,parliament,DE3,Berlin,2,verjuengungsforschung,0.0
7243,2025-02-23,parliament,DE3,Berlin,2,volt,18231.0
7244,2025-02-23,parliament,DE3,Berlin,2,werteunion,0.0
7245,2025-02-23,parliament,DE4,Brandenburg,0,eligible_voters,2033539.0
7246,2025-02-23,parliament,DE4,Brandenburg,1,issued_ballots,1658681.0
7247,2025-02-23,parliament,DE4,Brandenburg,2,afd,535275.0
7248,2025-02-23,parliament,DE4,Brandenburg,2,basis,0.0
7249,2025-02-23,parliament,DE4,Brandenburg,2,bp,0.0
7250,2025-02-23,parliament,DE4,Brandenburg,2,bsw,176405.0
7251,2025-02-23,parliament,DE4,Brandenburg,2,bueso,0.0
7252,2025-02-23,parliament,DE4,Brandenburg,2,bundnisc,0.0
7253,2025-02-23,parliament,DE4,Brandenburg,2,bundnisd,4147.0
7254,2025-02-23,parliament,DE4,Brandenburg,2,cdu,298048.0
7255,2025-02-23,parliament,DE4,Brandenburg,2,csu,0.0
7256,2025-02-23,parliament,DE4,Brandenburg,2,fdp,53467.0
7257,2025-02-23,parliament,DE4,Brandenburg,2,freiewahler,23969.0
7258,2025-02-23,parliament,DE4,Brandenburg,2,gruene,108598.0
7259,2025-02-23,parliament,DE4,Brandenburg,2,linke,176224.0
7260,2025-02-23,parliament,DE4,Brandenburg,2,menschliche,0.0
7261,2025-02-23,parliament,DE4,Brandenburg,2,mera25,0.0
7262,2025-02-23,parliament,DE4,Brandenburg,2,mlpd,1119.0
7263,2025-02-23,parliament,DE4,Brandenburg,2,oedp,0.0
7264,2025-02-23,parliament,DE4,Brandenburg,2,partei,14706.0
7265,2025-02-23,parliament,DE4,Brandenburg,2,pdf,0.0
7266,2025-02-23,parliament,DE4,Brandenburg,2,pdh,0.0
7267,2025-02-23,parliament,DE4,Brandenburg,2,piraten,0.0
7268,2025-02-23,parliament,DE4,Brandenburg,2,sgp,0.0
7269,2025-02-23,parliament,DE4,Brandenburg,2,spd,244010.0
7270,2025-02-23,parliament,DE4,Brandenburg,2,ssw,0.0
7271,2025-02-23,parliament,DE4,Brandenburg,2,tierschutz,0.0
7272,2025-02-23,parliament,DE4,Brandenburg,2,todenhoefer,0.0
7273,2025-02-23,parliament,DE4,Brandenburg,2,verjuengungsforschung,0.0
7274,2025-02-23,parliament,DE4,Brandenburg,2,volt,11370.0
7275,2025-02-23,parliament,DE4,Brandenburg,2,werteunion,0.0
7276,2025-02-23,parliament,DE5,Bremen,0,eligible_voters,450564.0
7277,2025-02-23,parliament,DE5,Bremen,1,issued_ballots,350366.0
7278,2025-02-23,parliament,DE5,Bremen,2,afd,52496.0
7279,2025-02-23,parliament,DE5,Bremen,2,basis,0.0
7280,2025-02-23,parliament,DE5,Bremen,2,bp,0.0
7281,2025-02-23,parliament,DE5,Bremen,2,bsw,15114.0
7282,2025-02-23,parliament,DE5,Bremen,2,bueso,0.0
7283,2025-02-23,parliament,DE5,Bremen,2,bundnisc,0.0
7284,2025-02-23,parliament,DE5,Bremen,2,bundnisd,933.0
7285,2025-02-23,parliament,DE5,Bremen,2,cdu,71573.0
7286,2025-02-23,parliament,DE5,Bremen,2,csu,0.0
7287,2025-02-23,parliament,DE5,Bremen,2,fdp,12295.0
7288,2025-02-23,parliament,DE5,Bremen,2,freiewahler,1618.0
7289,2025-02-23,parliament,DE5,Bremen,2,gruene,54280.0
7290,2025-02-23,parliament,DE5,Bremen,2,linke,51461.0
7291,2025-02-23,parliament,DE5,Bremen,2,menschliche,694.0
7292,2025-02-23,parliament,DE5,Bremen,2,mera25,260.0
7293,2025-02-23,parliament,DE5,Bremen,2,mlpd,207.0
7294,2025-02-23,parliament,DE5,Bremen,2,oedp,0.0
7295,2025-02-23,parliament,DE5,Bremen,2,partei,2582.0
7296,2025-02-23,parliament,DE5,Bremen,2,pdf,0.0
7297,2025-02-23,parliament,DE5,Bremen,2,pdh,0.0
7298,2025-02-23,parliament,DE5,Bremen,2,piraten,0.0
7299,2025-02-23,parliament,DE5,Bremen,2,sgp,0.0
7300,2025-02-23,parliament,DE5,Bremen,2,spd,80604.0
7301,2025-02-23,parliament,DE5,Bremen,2,ssw,0.0
7302,2025-02-23,parliament,DE5,Bremen,2,tierschutz,0.0
7303,2025-02-23,parliament,DE5,Bremen,2,todenhoefer,0.0
7304,2025-02-23,parliament,DE5,Bremen,2,verjuengungsforschung,303.0
7305,2025-02-23,parliament,DE5,Bremen,2,volt,3836.0
7306,2025-02-23,parliament,DE5,Bremen,2,werteunion,0.0
7307,2025-02-23,parliament,DE6,Hamburg,0,eligible_voters,1299289.0
7308,2025-02-23,parliament,DE6,Hamburg,1,issued_ballots,1050805.0
7309,2025-02-23,parliament,DE6,Hamburg,2,afd,113608.0
7310,2025-02-23,parliament,DE6,Hamburg,2,basis,0.0
7311,2025-02-23,parliament,DE6,Hamburg,2,bp,0.0
7312,2025-02-23,parliament,DE6,Hamburg,2,bsw,41919.0
7313,2025-02-23,parliament,DE6,Hamburg,2,bueso,0.0
7314,2025-02-23,parliament,DE6,Hamburg,2,bundnisc,0.0
7315,2025-02-23,parliament,DE6,Hamburg,2,bundnisd,1279.0
7316,2025-02-23,parliament,DE6,Hamburg,2,cdu,216935.0
7317,2025-02-23,parliament,DE6,Hamburg,2,csu,0.0
7318,2025-02-23,parliament,DE6,Hamburg,2,fdp,47115.0
7319,2025-02-23,parliament,DE6,Hamburg,2,freiewahler,3866.0
7320,2025-02-23,parliament,DE6,Hamburg,2,gruene,201713.0
7321,2025-02-23,parliament,DE6,Hamburg,2,linke,151115.0
7322,2025-02-23,parliament,DE6,Hamburg,2,menschliche,0.0
7323,2025-02-23,parliament,DE6,Hamburg,2,mera25,0.0
7324,2025-02-23,parliament,DE6,Hamburg,2,mlpd,528.0
7325,2025-02-23,parliament,DE6,Hamburg,2,oedp,0.0
7326,2025-02-23,parliament,DE6,Hamburg,2,partei,4518.0
7327,2025-02-23,parliament,DE6,Hamburg,2,pdf,0.0
7328,2025-02-23,parliament,DE6,Hamburg,2,pdh,0.0
7329,2025-02-23,parliament,DE6,Hamburg,2,piraten,0.0
7330,2025-02-23,parliament,DE6,Hamburg,2,sgp,0.0
7331,2025-02-23,parliament,DE6,Hamburg,2,spd,237740.0
7332,2025-02-23,parliament,DE6,Hamburg,2,ssw,0.0
7333,2025-02-23,parliament,DE6,Hamburg,2,tierschutz,9735.0
7334,2025-02-23,parliament,DE6,Hamburg,2,todenhoefer,0.0
7335,2025-02-23,parliament,DE6,Hamburg,2,verjuengungsforschung,0.0
7336,2025-02-23,parliament,DE6,Hamburg,2,volt,15549.0
7337,2025-02-23,parliament,DE6,Hamburg,2,werteunion,0.0
7338,2025-02-23,parliament,DE7,Hessen,0,eligible_voters,4341919.0
7339,2025-02-23,parliament,DE7,Hessen,1,issued_ballots,3608634.0
7340,2025-02-23,parliament,DE7,Hessen,2,afd,636778.0
7341,2025-02-23,parliament,DE7,Hessen,2,basis,0.0
7342,2025-02-23,parliament,DE7,Hessen,2,bp,0.0
7343,2025-02-23,parliament,DE7,Hessen,2,bsw,158653.0
7344,2025-02-23,parliament,DE7,Hessen,2,bueso,0.0
7345,2025-02-23,parliament,DE7,Hessen,2,bundnisc,0.0
7346,2025-02-23,parliament,DE7,Hessen,2,bundnisd,5740.0
7347,2025-02-23,parliament,DE7,Hessen,2,cdu,1033842.0
7348,2025-02-23,parliament,DE7,Hessen,2,csu,0.0
7349,2025-02-23,parliament,DE7,Hessen,2,fdp,180823.0
7350,2025-02-23,parliament,DE7,Hessen,2,freiewahler,46567.0
7351,2025-02-23,parliament,DE7,Hessen,2,gruene,451510.0
7352,2025-02-23,parliament,DE7,Hessen,2,linke,311058.0
7353,2025-02-23,parliament,DE7,Hessen,2,menschliche,0.0
7354,2025-02-23,parliament,DE7,Hessen,2,mera25,0.0
7355,2025-02-23,parliament,DE7,Hessen,2,mlpd,1170.0
7356,2025-02-23,parliament,DE7,Hessen,2,oedp,0.0
7357,2025-02-23,parliament,DE7,Hessen,2,partei,18111.0
7358,2025-02-23,parliament,DE7,Hessen,2,pdf,0.0
7359,2025-02-23,parliament,DE7,Hessen,2,pdh,3014.0
7360,2025-02-23,parliament,DE7,Hessen,2,piraten,0.0
7361,2025-02-23,parliament,DE7,Hessen,2,sgp,0.0
7362,2025-02-23,parliament,DE7,Hessen,2,spd,657510.0
7363,2025-02-23,parliament,DE7,Hessen,2,ssw,0.0
7364,2025-02-23,parliament,DE7,Hessen,2,tierschutz,44516.0
7365,2025-02-23,parliament,DE7,Hessen,2,todenhoefer,0.0
7366,2025-02-23,parliament,DE7,Hessen,2,verjuengungsforschung,0.0
7367,2025-02-23,parliament,DE7,Hessen,2,volt,31542.0
7368,2025-02-23,parliament,DE7,Hessen,2,werteunion,0.0
7369,2025-02-23,parliament,DE8,Mecklenburg-Vorpommern,0,eligible_voters,1294729.0
7370,2025-02-23,parliament,DE8,Mecklenburg-Vorpommern,1,issued_ballots,1029038.0
7371,2025-02-23,parliament,DE8,Mecklenburg-Vorpommern,2,afd,357361.0
7372,2025-02-23,parliament,DE8,Mecklenburg-Vorpommern,2,basis,0.0
7373,2025-02-23,parliament,DE8,Mecklenburg-Vorpommern,2,bp,0.0
7374,2025-02-23,parliament,DE8,Mecklenburg-Vorpommern,2,bsw,107872.0
7375,2025-02-23,parliament,DE8,Mecklenburg-Vorpommern,2,bueso,0.0
7376,2025-02-23,parliament,DE8,Mecklenburg-Vorpommern,2,bundnisc,0.0
7377,2025-02-23,parliament,DE8,Mecklenburg-Vorpommern,2,bundnisd,3248.0
7378,2025-02-23,parliament,DE8,Mecklenburg-Vorpommern,2,cdu,181956.0
7379,2025-02-23,parliament,DE8,Mecklenburg-Vorpommern,2,csu,0.0
7380,2025-02-23,parliament,DE8,Mecklenburg-Vorpommern,2,fdp,32678.0
7381,2025-02-23,parliament,DE8,Mecklenburg-Vorpommern,2,freiewahler,10814.0
7382,2025-02-23,parliament,DE8,Mecklenburg-Vorpommern,2,gruene,54719.0
7383,2025-02-23,parliament,DE8,Mecklenburg-Vorpommern,2,linke,123059.0
7384,2025-02-23,parliament,DE8,Mecklenburg-Vorpommern,2,menschliche,0.0
7385,2025-02-23,parliament,DE8,Mecklenburg-Vorpommern,2,mera25,0.0
7386,2025-02-23,parliament,DE8,Mecklenburg-Vorpommern,2,mlpd,842.0
7387,2025-02-23,parliament,DE8,Mecklenburg-Vorpommern,2,oedp,0.0
7388,2025-02-23,parliament,DE8,Mecklenburg-Vorpommern,2,partei,0.0
7389,2025-02-23,parliament,DE8,Mecklenburg-Vorpommern,2,pdf,0.0
7390,2025-02-23,parliament,DE8,Mecklenburg-Vorpommern,2,pdh,0.0
7391,2025-02-23,parliament,DE8,Mecklenburg-Vorpommern,2,piraten,0.0
7392,2025-02-23,parliament,DE8,Mecklenburg-Vorpommern,2,sgp,0.0
7393,2025-02-23,parliament,DE8,Mecklenburg-Vorpommern,2,spd,126687.0
7394,2025-02-23,parliament,DE8,Mecklenburg-Vorpommern,2,ssw,0.0
7395,2025-02-23,parliament,DE8,Mecklenburg-Vorpommern,2,tierschutz,15656.0
7396,2025-02-23,parliament,DE8,Mecklenburg-Vorpommern,2,todenhoefer,0.0
7397,2025-02-23,parliament,DE8,Mecklenburg-Vorpommern,2,verjuengungsforschung,0.0
7398,2025-02-23,parliament,DE8,Mecklenburg-Vorpommern,2,volt,6350.0
7399,2025-02-23,parliament,DE8,Mecklenburg-Vorpommern,2,werteunion,0.0
7400,2025-02-23,parliament,DE9,Niedersachsen,0,eligible_voters,6043412.0
7401,2025-02-23,parliament,DE9,Niedersachsen,1,issued_ballots,5041312.0
7402,2025-02-23,parliament,DE9,Niedersachsen,2,afd,894540.0
7403,2025-02-23,parliament,DE9,Niedersachsen,2,basis,12466.0
7404,2025-02-23,parliament,DE9,Niedersachsen,2,bp,0.0
7405,2025-02-23,parliament,DE9,Niedersachsen,2,bsw,189376.0
7406,2025-02-23,parliament,DE9,Niedersachsen,2,bueso,0.0
7407,2025-02-23,parliament,DE9,Niedersachsen,2,bundnisc,0.0
7408,2025-02-23,parliament,DE9,Niedersachsen,2,bundnisd,6290.0
7409,2025-02-23,parliament,DE9,Niedersachsen,2,cdu,1410418.0
7410,2025-02-23,parliament,DE9,Niedersachsen,2,csu,0.0
7411,2025-02-23,parliament,DE9,Niedersachsen,2,fdp,205163.0
7412,2025-02-23,parliament,DE9,Niedersachsen,2,freiewahler,37628.0
7413,2025-02-23,parliament,DE9,Niedersachsen,2,gruene,576845.0
7414,2025-02-23,parliament,DE9,Niedersachsen,2,linke,405519.0
7415,2025-02-23,parliament,DE9,Niedersachsen,2,menschliche,0.0
7416,2025-02-23,parliament,DE9,Niedersachsen,2,mera25,0.0
7417,2025-02-23,parliament,DE9,Niedersachsen,2,mlpd,1242.0
7418,2025-02-23,parliament,DE9,Niedersachsen,2,oedp,0.0
7419,2025-02-23,parliament,DE9,Niedersachsen,2,partei,22360.0
7420,2025-02-23,parliament,DE9,Niedersachsen,2,pdf,0.0
7421,2025-02-23,parliament,DE9,Niedersachsen,2,pdh,3342.0
7422,2025-02-23,parliament,DE9,Niedersachsen,2,piraten,8029.0
7423,2025-02-23,parliament,DE9,Niedersachsen,2,sgp,0.0
7424,2025-02-23,parliament,DE9,Niedersachsen,2,spd,1153523.0
7425,2025-02-23,parliament,DE9,Niedersachsen,2,ssw,0.0
7426,2025-02-23,parliament,DE9,Niedersachsen,2,tierschutz,58107.0
7427,2025-02-23,parliament,DE9,Niedersachsen,2,todenhoefer,0.0
7428,2025-02-23,parliament,DE9,Niedersachsen,2,verjuengungsforschung,0.0
7429,2025-02-23,parliament,DE9,Niedersachsen,2,volt,30488.0
7430,2025-02-23,parliament,DE9,Niedersachsen,2,werteunion,0.0
7431,2025-02-23,parliament,DEA,Nordrhein-Westfalen,0,eligible_voters,12884209.0
7432,2025-02-23,parliament,DEA,Nordrhein-Westfalen,1,issued_ballots,10587740.0
7433,2025-02-23,parliament,DEA,Nordrhein-Westfalen,2,afd,1770379.0
7434,2025-02-23,parliament,DEA,Nordrhein-Westfalen,2,basis,22219.0
7435,2025-02-23,parliament,DEA,Nordrhein-Westfalen,2,bp,0.0
7436,2025-02-23,parliament,DEA,Nordrhein-Westfalen,2,bsw,432911.0
7437,2025-02-23,parliament,DEA,Nordrhein-Westfalen,2,bueso,0.0
7438,2025-02-23,parliament,DEA,Nordrhein-Westfalen,2,bundnisc,0.0
7439,2025-02-23,parliament,DEA,Nordrhein-Westfalen,2,bundnisd,13669.0
7440,2025-02-23,parliament,DEA,Nordrhein-Westfalen,2,cdu,3170627.0
7441,2025-02-23,parliament,DEA,Nordrhein-Westfalen,2,csu,0.0
7442,2025-02-23,parliament,DEA,Nordrhein-Westfalen,2,fdp,462446.0
7443,2025-02-23,parliament,DEA,Nordrhein-Westfalen,2,freiewahler,52891.0
7444,2025-02-23,parliament,DEA,Nordrhein-Westfalen,2,gruene,1300901.0
7445,2025-02-23,parliament,DEA,Nordrhein-Westfalen,2,linke,877123.0
7446,2025-02-23,parliament,DEA,Nordrhein-Westfalen,2,menschliche,0.0
7447,2025-02-23,parliament,DEA,Nordrhein-Westfalen,2,mera25,4295.0
7448,2025-02-23,parliament,DEA,Nordrhein-Westfalen,2,mlpd,4045.0
7449,2025-02-23,parliament,DEA,Nordrhein-Westfalen,2,oedp,0.0
7450,2025-02-23,parliament,DEA,Nordrhein-Westfalen,2,partei,59077.0
7451,2025-02-23,parliament,DEA,Nordrhein-Westfalen,2,pdf,17965.0
7452,2025-02-23,parliament,DEA,Nordrhein-Westfalen,2,pdh,0.0
7453,2025-02-23,parliament,DEA,Nordrhein-Westfalen,2,piraten,0.0
7454,2025-02-23,parliament,DEA,Nordrhein-Westfalen,2,sgp,0.0
7455,2025-02-23,parliament,DEA,Nordrhein-Westfalen,2,spd,2108434.0
7456,2025-02-23,parliament,DEA,Nordrhein-Westfalen,2,ssw,0.0
7457,2025-02-23,parliament,DEA,Nordrhein-Westfalen,2,tierschutz,133480.0
7458,2025-02-23,parliament,DEA,Nordrhein-Westfalen,2,todenhoefer,20021.0
7459,2025-02-23,parliament,DEA,Nordrhein-Westfalen,2,verjuengungsforschung,0.0
7460,2025-02-23,parliament,DEA,Nordrhein-Westfalen,2,volt,68915.0
7461,2025-02-23,parliament,DEA,Nordrhein-Westfalen,2,werteunion,6736.0
7462,2025-02-23,parliament,DEB,Rheinland-Pfalz,0,eligible_voters,3014482.0
7463,2025-02-23,parliament,DEB,Rheinland-Pfalz,1,issued_ballots,2500548.0
7464,2025-02-23,parliament,DEB,Rheinland-Pfalz,2,afd,498695.0
7465,2025-02-23,parliament,DEB,Rheinland-Pfalz,2,basis,0.0
7466,2025-02-23,parliament,DEB,Rheinland-Pfalz,2,bp,0.0
7467,2025-02-23,parliament,DEB,Rheinland-Pfalz,2,bsw,105103.0
7468,2025-02-23,parliament,DEB,Rheinland-Pfalz,2,bueso,0.0
7469,2025-02-23,parliament,DEB,Rheinland-Pfalz,2,bundnisc,0.0
7470,2025-02-23,parliament,DEB,Rheinland-Pfalz,2,bundnisd,3884.0
7471,2025-02-23,parliament,DEB,Rheinland-Pfalz,2,cdu,760623.0
7472,2025-02-23,parliament,DEB,Rheinland-Pfalz,2,csu,0.0
7473,2025-02-23,parliament,DEB,Rheinland-Pfalz,2,fdp,114047.0
7474,2025-02-23,parliament,DEB,Rheinland-Pfalz,2,freiewahler,52013.0
7475,2025-02-23,parliament,DEB,Rheinland-Pfalz,2,gruene,256869.0
7476,2025-02-23,parliament,DEB,Rheinland-Pfalz,2,linke,161867.0
7477,2025-02-23,parliament,DEB,Rheinland-Pfalz,2,menschliche,0.0
7478,2025-02-23,parliament,DEB,Rheinland-Pfalz,2,mera25,0.0
7479,2025-02-23,parliament,DEB,Rheinland-Pfalz,2,mlpd,571.0
7480,2025-02-23,parliament,DEB,Rheinland-Pfalz,2,oedp,4139.0
7481,2025-02-23,parliament,DEB,Rheinland-Pfalz,2,partei,11454.0
7482,2025-02-23,parliament,DEB,Rheinland-Pfalz,2,pdf,0.0
7483,2025-02-23,parliament,DEB,Rheinland-Pfalz,2,pdh,0.0
7484,2025-02-23,parliament,DEB,Rheinland-Pfalz,2,piraten,0.0
7485,2025-02-23,parliament,DEB,Rheinland-Pfalz,2,sgp,0.0
7486,2025-02-23,parliament,DEB,Rheinland-Pfalz,2,spd,462705.0
7487,2025-02-23,parliament,DEB,Rheinland-Pfalz,2,ssw,0.0
7488,2025-02-23,parliament,DEB,Rheinland-Pfalz,2,tierschutz,31542.0
7489,2025-02-23,parliament,DEB,Rheinland-Pfalz,2,todenhoefer,0.0
7490,2025-02-23,parliament,DEB,Rheinland-Pfalz,2,verjuengungsforschung,0.0
7491,2025-02-23,parliament,DEB,Rheinland-Pfalz,2,volt,18846.0
7492,2025-02-23,parliament,DEB,Rheinland-Pfalz,2,werteunion,0.0
7493,2025-02-23,parliament,DEC,Saarland,0,eligible_voters,734204.0
7494,2025-02-23,parliament,DEC,Saarland,1,issued_ballots,605293.0
7495,2025-02-23,parliament,DEC,Saarland,2,afd,129294.0
7496,2025-02-23,parliament,DEC,Saarland,2,basis,0.0
7497,2025-02-23,parliament,DEC,Saarland,2,bp,0.0
7498,2025-02-23,parliament,DEC,Saarland,2,bsw,37001.0
7499,2025-02-23,parliament,DEC,Saarland,2,bueso,0.0
7500,2025-02-23,parliament,DEC,Saarland,2,bundnisc,0.0
7501,2025-02-23,parliament,DEC,Saarland,2,bundnisd,1487.0
7502,2025-02-23,parliament,DEC,Saarland,2,cdu,161113.0
7503,2025-02-23,parliament,DEC,Saarland,2,csu,0.0
7504,2025-02-23,parliament,DEC,Saarland,2,fdp,25725.0
7505,2025-02-23,parliament,DEC,Saarland,2,freiewahler,8476.0
7506,2025-02-23,parliament,DEC,Saarland,2,gruene,43371.0
7507,2025-02-23,parliament,DEC,Saarland,2,linke,44080.0
7508,2025-02-23,parliament,DEC,Saarland,2,menschliche,0.0
7509,2025-02-23,parliament,DEC,Saarland,2,mera25,0.0
7510,2025-02-23,parliament,DEC,Saarland,2,mlpd,304.0
7511,2025-02-23,parliament,DEC,Saarland,2,oedp,0.0
7512,2025-02-23,parliament,DEC,Saarland,2,partei,0.0
7513,2025-02-23,parliament,DEC,Saarland,2,pdf,0.0
7514,2025-02-23,parliament,DEC,Saarland,2,pdh,0.0
7515,2025-02-23,parliament,DEC,Saarland,2,piraten,1753.0
7516,2025-02-23,parliament,DEC,Saarland,2,sgp,0.0
7517,2025-02-23,parliament,DEC,Saarland,2,spd,131136.0
7518,2025-02-23,parliament,DEC,Saarland,2,ssw,0.0
7519,2025-02-23,parliament,DEC,Saarland,2,tierschutz,12263.0
7520,2025-02-23,parliament,DEC,Saarland,2,todenhoefer,0.0
7521,2025-02-23,parliament,DEC,Saarland,2,verjuengungsforschung,0.0
7522,2025-02-23,parliament,DEC,Saarland,2,volt,3720.0
7523,2025-02-23,parliament,DEC,Saarland,2,werteunion,0.0
7524,2025-02-23,parliament,DED,Sachsen,0,eligible_voters,3186780.0
7525,2025-02-23,parliament,DED,Sachsen,1,issued_ballots,2584777.0
7526,2025-02-23,parliament,DED,Sachsen,2,afd,958401.0
7527,2025-02-23,parliament,DED,Sachsen,2,basis,0.0
7528,2025-02-23,parliament,DED,Sachsen,2,bp,0.0
7529,2025-02-23,parliament,DED,Sachsen,2,bsw,232257.0
7530,2025-02-23,parliament,DED,Sachsen,2,bueso,0.0
7531,2025-02-23,parliament,DED,Sachsen,2,bundnisc,0.0
7532,2025-02-23,parliament,DED,Sachsen,2,bundnisd,7435.0
7533,2025-02-23,parliament,DED,Sachsen,2,cdu,507247.0
7534,2025-02-23,parliament,DED,Sachsen,2,csu,0.0
7535,2025-02-23,parliament,DED,Sachsen,2,fdp,83436.0
7536,2025-02-23,parliament,DED,Sachsen,2,freiewahler,40139.0
7537,2025-02-23,parliament,DED,Sachsen,2,gruene,167269.0
7538,2025-02-23,parliament,DED,Sachsen,2,linke,290462.0
7539,2025-02-23,parliament,DED,Sachsen,2,menschliche,0.0
7540,2025-02-23,parliament,DED,Sachsen,2,mera25,0.0
7541,2025-02-23,parliament,DED,Sachsen,2,mlpd,1116.0
7542,2025-02-23,parliament,DED,Sachsen,2,oedp,0.0
7543,2025-02-23,parliament,DED,Sachsen,2,partei,13692.0
7544,2025-02-23,parliament,DED,Sachsen,2,pdf,0.0
7545,2025-02-23,parliament,DED,Sachsen,2,pdh,2472.0
7546,2025-02-23,parliament,DED,Sachsen,2,piraten,4018.0
7547,2025-02-23,parliament,DED,Sachsen,2,sgp,0.0
7548,2025-02-23,parliament,DED,Sachsen,2,spd,217144.0
7549,2025-02-23,parliament,DED,Sachsen,2,ssw,0.0
7550,2025-02-23,parliament,DED,Sachsen,2,tierschutz,29743.0
7551,2025-02-23,parliament,DED,Sachsen,2,todenhoefer,0.0
7552,2025-02-23,parliament,DED,Sachsen,2,verjuengungsforschung,0.0
7553,2025-02-23,parliament,DED,Sachsen,2,volt,14741.0
7554,2025-02-23,parliament,DED,Sachsen,2,werteunion,0.0
7555,2025-02-23,parliament,DEE,Sachsen-Anhalt,0,eligible_voters,1734719.0
7556,2025-02-23,parliament,DEE,Sachsen-Anhalt,1,issued_ballots,1347837.0
7557,2025-02-23,parliament,DEE,Sachsen-Anhalt,2,afd,496110.0
7558,2025-02-23,parliament,DEE,Sachsen-Anhalt,2,basis,0.0
7559,2025-02-23,parliament,DEE,Sachsen-Anhalt,2,bp,0.0
7560,2025-02-23,parliament,DEE,Sachsen-Anhalt,2,bsw,150411.0
7561,2025-02-23,parliament,DEE,Sachsen-Anhalt,2,bueso,0.0
7562,2025-02-23,parliament,DEE,Sachsen-Anhalt,2,bundnisc,0.0
7563,2025-02-23,parliament,DEE,Sachsen-Anhalt,2,bundnisd,4517.0
7564,2025-02-23,parliament,DEE,Sachsen-Anhalt,2,cdu,256538.0
7565,2025-02-23,parliament,DEE,Sachsen-Anhalt,2,csu,0.0
7566,2025-02-23,parliament,DEE,Sachsen-Anhalt,2,fdp,41251.0
7567,2025-02-23,parliament,DEE,Sachsen-Anhalt,2,freiewahler,18449.0
7568,2025-02-23,parliament,DEE,Sachsen-Anhalt,2,gruene,59077.0
7569,2025-02-23,parliament,DEE,Sachsen-Anhalt,2,linke,143807.0
7570,2025-02-23,parliament,DEE,Sachsen-Anhalt,2,menschliche,0.0
7571,2025-02-23,parliament,DEE,Sachsen-Anhalt,2,mera25,0.0
7572,2025-02-23,parliament,DEE,Sachsen-Anhalt,2,mlpd,1132.0
7573,2025-02-23,parliament,DEE,Sachsen-Anhalt,2,oedp,0.0
7574,2025-02-23,parliament,DEE,Sachsen-Anhalt,2,partei,11038.0
7575,2025-02-23,parliament,DEE,Sachsen-Anhalt,2,pdf,0.0
7576,2025-02-23,parliament,DEE,Sachsen-Anhalt,2,pdh,0.0
7577,2025-02-23,parliament,DEE,Sachsen-Anhalt,2,piraten,0.0
7578,2025-02-23,parliament,DEE,Sachsen-Anhalt,2,sgp,0.0
7579,2025-02-23,parliament,DEE,Sachsen-Anhalt,2,spd,146535.0
7580,2025-02-23,parliament,DEE,Sachsen-Anhalt,2,ssw,0.0
7581,2025-02-23,parliament,DEE,Sachsen-Anhalt,2,tierschutz,0.0
7582,2025-02-23,parliament,DEE,Sachsen-Anhalt,2,todenhoefer,0.0
7583,2025-02-23,parliament,DEE,Sachsen-Anhalt,2,verjuengungsforschung,0.0
7584,2025-02-23,parliament,DEE,Sachsen-Anhalt,2,volt,8484.0
7585,2025-02-23,parliament,DEE,Sachsen-Anhalt,2,werteunion,0.0
7586,2025-02-23,parliament,DEF,Schleswig-Holstein,0,eligible_voters,2262811.0
7587,2025-02-23,parliament,DEF,Schleswig-Holstein,1,issued_ballots,1889968.0
7588,2025-02-23,parliament,DEF,Schleswig-Holstein,2,afd,306165.0
7589,2025-02-23,parliament,DEF,Schleswig-Holstein,2,basis,0.0
7590,2025-02-23,parliament,DEF,Schleswig-Holstein,2,bp,0.0
7591,2025-02-23,parliament,DEF,Schleswig-Holstein,2,bsw,64777.0
7592,2025-02-23,parliament,DEF,Schleswig-Holstein,2,bueso,0.0
7593,2025-02-23,parliament,DEF,Schleswig-Holstein,2,bundnisc,0.0
7594,2025-02-23,parliament,DEF,Schleswig-Holstein,2,bundnisd,2981.0
7595,2025-02-23,parliament,DEF,Schleswig-Holstein,2,cdu,518424.0
7596,2025-02-23,parliament,DEF,Schleswig-Holstein,2,csu,0.0
7597,2025-02-23,parliament,DEF,Schleswig-Holstein,2,fdp,88147.0
7598,2025-02-23,parliament,DEF,Schleswig-Holstein,2,freiewahler,13675.0
7599,2025-02-23,parliament,DEF,Schleswig-Holstein,2,gruene,279923.0
7600,2025-02-23,parliament,DEF,Schleswig-Holstein,2,linke,146428.0
7601,2025-02-23,parliament,DEF,Schleswig-Holstein,2,menschliche,0.0
7602,2025-02-23,parliament,DEF,Schleswig-Holstein,2,mera25,0.0
7603,2025-02-23,parliament,DEF,Schleswig-Holstein,2,mlpd,576.0
7604,2025-02-23,parliament,DEF,Schleswig-Holstein,2,oedp,0.0
7605,2025-02-23,parliament,DEF,Schleswig-Holstein,2,partei,13729.0
7606,2025-02-23,parliament,DEF,Schleswig-Holstein,2,pdf,0.0
7607,2025-02-23,parliament,DEF,Schleswig-Holstein,2,pdh,0.0
7608,2025-02-23,parliament,DEF,Schleswig-Holstein,2,piraten,0.0
7609,2025-02-23,parliament,DEF,Schleswig-Holstein,2,sgp,0.0
7610,2025-02-23,parliament,DEF,Schleswig-Holstein,2,spd,352546.0
7611,2025-02-23,parliament,DEF,Schleswig-Holstein,2,ssw,76138.0
7612,2025-02-23,parliament,DEF,Schleswig-Holstein,2,tierschutz,0.0
7613,2025-02-23,parliament,DEF,Schleswig-Holstein,2,todenhoefer,0.0
7614,2025-02-23,parliament,DEF,Schleswig-Holstein,2,verjuengungsforschung,0.0
7615,2025-02-23,parliament,DEF,Schleswig-Holstein,2,volt,16496.0
7616,2025-02-23,parliament,DEF,Schleswig-Holstein,2,werteunion,0.0
7617,2025-02-23,parliament,DEG,Thüringen,0,eligible_voters,1652462.0
7618,2025-02-23,parliament,DEG,Thüringen,1,issued_ballots,1333474.0
7619,2025-02-23,parliament,DEG,Thüringen,2,afd,510527.0
7620,2025-02-23,parliament,DEG,Thüringen,2,basis,0.0
7621,2025-02-23,parliament,DEG,Thüringen,2,bp,0.0
7622,2025-02-23,parliament,DEG,Thüringen,2,bsw,124760.0
7623,2025-02-23,parliament,DEG,Thüringen,2,bueso,0.0
7624,2025-02-23,parliament,DEG,Thüringen,2,bundnisc,0.0
7625,2025-02-23,parliament,DEG,Thüringen,2,bundnisd,3454.0
7626,2025-02-23,parliament,DEG,Thüringen,2,cdu,246065.0
7627,2025-02-23,parliament,DEG,Thüringen,2,csu,0.0
7628,2025-02-23,parliament,DEG,Thüringen,2,fdp,37292.0
7629,2025-02-23,parliament,DEG,Thüringen,2,freiewahler,20621.0
7630,2025-02-23,parliament,DEG,Thüringen,2,gruene,56097.0
7631,2025-02-23,parliament,DEG,Thüringen,2,linke,200688.0
7632,2025-02-23,parliament,DEG,Thüringen,2,menschliche,0.0
7633,2025-02-23,parliament,DEG,Thüringen,2,mera25,0.0
7634,2025-02-23,parliament,DEG,Thüringen,2,mlpd,1743.0
7635,2025-02-23,parliament,DEG,Thüringen,2,oedp,0.0
7636,2025-02-23,parliament,DEG,Thüringen,2,partei,0.0
7637,2025-02-23,parliament,DEG,Thüringen,2,pdf,0.0
7638,2025-02-23,parliament,DEG,Thüringen,2,pdh,0.0
7639,2025-02-23,parliament,DEG,Thüringen,2,piraten,0.0
7640,2025-02-23,parliament,DEG,Thüringen,2,sgp,0.0
7641,2025-02-23,parliament,DEG,Thüringen,2,spd,115915.0
7642,2025-02-23,parliament,DEG,Thüringen,2,ssw,0.0
7643,2025-02-23,parliament,DEG,Thüringen,2,tierschutz,0.0
7644,2025-02-23,parliament,DEG,Thüringen,2,todenhoefer,0.0
7645,2025-02-23,parliament,DEG,Thüringen,2,verjuengungsforschung,0.0
7646,2025-02-23,parliament,DEG,Thüringen,2,volt,6998.0
7647,2025-02-23,parliament,DEG,Thüringen,2,werteunion,0.0
