{"type":"Topology","bbox":[5.866250350714271,47.27012360376929,15.041814514022876,55.05877771474653],"transform":{"scale":[0.0009176481811489755,0.0007789433054282669],"translate":[5.866250350714271,47.27012360376929]},"objects":{"germany__kreisen":{"type":"GeometryCollection","geometries":[{"type":"Polygon","arcs":[[0,1,2,3,4,5,6,7,8,9],[10]],"properties":{"ags":"A_08125","kreis_name":"Heilbronn"}},{"type":"Polygon","arcs":[[11,12,13,14,15,16,17],[18]],"properties":{"ags":"A_09572","kreis_name":"Erlangen-Höchstadt"}},{"type":"Polygon","arcs":[[19,20,21,22,23,24]],"properties":{"ags":"A_03256","kreis_name":"Nienburg (Weser)"}},{"type":"Polygon","arcs":[[25,26,27,28,29]],"properties":{"ags":"A_09276","kreis_name":"Regen"}},{"type":"Polygon","arcs":[[30,31,32,33,34]],"properties":{"ags":"A_05774","kreis_name":"Paderborn"}},{"type":"Polygon","arcs":[[35,36,37,38,39,40,41,42,43]],"properties":{"ags":"A_06631","kreis_name":"Fulda"}},{"type":"Polygon","arcs":[[44,45,46,47,48,49]],"properties":{"ags":"A_03357","kreis_name":"Rotenburg (Wümme)"}},{"type":"Polygon","arcs":[[50,51,52,53,54,55,56]],"properties":{"ags":"A_05554","kreis_name":"Borken"}},{"type":"Polygon","arcs":[[57,58,59,60,61,62],[63]],"properties":{"ags":"A_09375","kreis_name":"Regensburg"}},{"type":"Polygon","arcs":[[64]],"properties":{"ags":"A_09762","kreis_name":"Kaufbeuren"}},{"type":"Polygon","arcs":[[65,66,67]],"properties":{"ags":"A_07318","kreis_name":"Speyer"}},{"type":"Polygon","arcs":[[68,69,70,71,72]],"properties":{"ags":"A_08327","kreis_name":"Tuttlingen"}},{"type":"Polygon","arcs":[[73,74,75,76,77,78,79]],"properties":{"ags":"A_09677","kreis_name":"Main-Spessart"}},{"type":"Polygon","arcs":[[80,81,82,83,84,85]],"properties":{"ags":"A_06534","kreis_name":"Marburg-Biedenkopf"}},{"type":"Polygon","arcs":[[86,87,88,89,90]],"properties":{"ags":"A_05758","kreis_name":"Herford"}},{"type":"Polygon","arcs":[[91,92,93,94,95]],"properties":{"ags":"A_15003","kreis_name":"Magdeburg"}},{"type":"Polygon","arcs":[[96,97,98,99,100]],"properties":{"ags":"A_01003","kreis_name":"Lübeck"}},{"type":"Polygon","arcs":[[101,102,103,104,105]],"properties":{"ags":"A_10044","kreis_name":"Saarlouis"}},{"type":"MultiPolygon","arcs":[[[106,107,108,109]]],"properties":{"ags":"A_09377","kreis_name":"Tirschenreuth"}},{"type":"Polygon","arcs":[[110,111,112]],"properties":{"ags":"A_08336","kreis_name":"Lörrach"}},{"type":"Polygon","arcs":[[113,114]],"properties":{"ags":"A_08212","kreis_name":"Karlsruhe"}},{"type":"Polygon","arcs":[[115,116,117,118]],"properties":{"ags":"A_09171","kreis_name":"Altötting"}},{"type":"MultiPolygon","arcs":[[[119]],[[120]],[[121,122,123,124,125,126,127,128],[129],[130],[131],[132]]],"properties":{"ags":"A_08216","kreis_name":"Rastatt"}},{"type":"Polygon","arcs":[[133,134,135]],"properties":{"ags":"A_07315","kreis_name":"Mainz"}},{"type":"MultiPolygon","arcs":[[[136]],[[137]],[[138]],[[139]],[[140]],[[141]],[[142]],[[143]],[[144]],[[145]],[[146,147,148,149]]],"properties":{"ags":"A_13075","kreis_name":"Vorpommern-Greifswald"}},{"type":"Polygon","arcs":[[150,151,152,153]],"properties":{"ags":"A_05122","kreis_name":"Solingen"}},{"type":"Polygon","arcs":[[154,155,156,157,158,159,160,161,162,163]],"properties":{"ags":"A_08425","kreis_name":"Alb-Donau-Kreis"}},{"type":"Polygon","arcs":[[164,165,166,167]],"properties":{"ags":"A_07319","kreis_name":"Worms"}},{"type":"Polygon","arcs":[[168,169,170,171,172,173,174]],"properties":{"ags":"A_08115","kreis_name":"Böblingen"}},{"type":"Polygon","arcs":[[175,176,177,178,179,180]],"properties":{"ags":"A_12062","kreis_name":"Elbe-Elster"}},{"type":"MultiPolygon","arcs":[[[181,182,183]],[[184,185,186,187,188]]],"properties":{"ags":"A_03158","kreis_name":"Wolfenbüttel"}},{"type":"Polygon","arcs":[[189,190,191,192,193,194,195,196,197,198]],"properties":{"ags":"A_03151","kreis_name":"Gifhorn"}},{"type":"Polygon","arcs":[[199,200,201,202,203]],"properties":{"ags":"A_05966","kreis_name":"Olpe"}},{"type":"Polygon","arcs":[[204,205,206,207,208,209,210]],"properties":{"ags":"A_08436","kreis_name":"Ravensburg"}},{"type":"Polygon","arcs":[[211,-105,212,213]],"properties":{"ags":"A_10041","kreis_name":"Regionalverband Saarbrücken"}},{"type":"Polygon","arcs":[[214,215,216]],"properties":{"ags":"A_05916","kreis_name":"Herne"}},{"type":"MultiPolygon","arcs":[[[217]],[[218]],[[219]],[[220]],[[221,222,223,224]]],"properties":{"ags":"A_03452","kreis_name":"Aurich"}},{"type":"Polygon","arcs":[[225,226,227,228,229,230,231]],"properties":{"ags":"A_15087","kreis_name":"Mansfeld-Südharz"}},{"type":"Polygon","arcs":[[232,-208,233,234,235,236],[237]],"properties":{"ags":"A_09780","kreis_name":"Oberallgäu"}},{"type":"MultiPolygon","arcs":[[[238]],[[239,240,241,242,243,244,245]]],"properties":{"ags":"A_03455","kreis_name":"Friesland"}},{"type":"Polygon","arcs":[[246,247]],"properties":{"ags":"A_09565","kreis_name":"Schwabach"}},{"type":"Polygon","arcs":[[248,249,250,251,252,253,254]],"properties":{"ags":"A_07140","kreis_name":"Rhein-Hunsrück-Kreis"}},{"type":"Polygon","arcs":[[-29,255,256,257,258,259]],"properties":{"ags":"A_09271","kreis_name":"Deggendorf"}},{"type":"Polygon","arcs":[[260,261,262,263,264,265,266,267]],"properties":{"ags":"A_06438","kreis_name":"Offenbach"}},{"type":"Polygon","arcs":[[268,269,270,271,272,273]],"properties":{"ags":"A_05315","kreis_name":"Köln"}},{"type":"Polygon","arcs":[[274,275,276,277]],"properties":{"ags":"A_09175","kreis_name":"Ebersberg"}},{"type":"MultiPolygon","arcs":[[[278,279]],[[280,281,282,283,-99]]],"properties":{"ags":"A_01062","kreis_name":"Stormarn"}},{"type":"Polygon","arcs":[[284,285,286,287,288,289,290]],"properties":{"ags":"A_05166","kreis_name":"Viersen"}},{"type":"Polygon","arcs":[[-167,291,292,293,294,295,-66,296,297,298,299,300,301]],"properties":{"ags":"A_07338","kreis_name":"Rhein-Pfalz-Kreis"}},{"type":"Polygon","arcs":[[302]],"properties":{"ags":"A_09461","kreis_name":"Bamberg"}},{"type":"Polygon","arcs":[[303,304,305,306,307,308,-83]],"properties":{"ags":"A_06532","kreis_name":"Lahn-Dill-Kreis"}},{"type":"Polygon","arcs":[[309,310,311,312,-249,313,314,315]],"properties":{"ags":"A_07137","kreis_name":"Mayen-Koblenz"}},{"type":"Polygon","arcs":[[316,317]],"properties":{"ags":"A_03404","kreis_name":"Osnabrück"}},{"type":"Polygon","arcs":[[318,319,320,321,-311,322,323]],"properties":{"ags":"A_07131","kreis_name":"Ahrweiler"}},{"type":"Polygon","arcs":[[324,325,326]],"properties":{"ags":"A_16054","kreis_name":"Suhl"}},{"type":"Polygon","arcs":[[-223,327,328]],"properties":{"ags":"A_03402","kreis_name":"Emden"}},{"type":"Polygon","arcs":[[329,330,331,-216]],"properties":{"ags":"A_05513","kreis_name":"Gelsenkirchen"}},{"type":"Polygon","arcs":[[-229,332,333,334,335,336,337,-231,338]],"properties":{"ags":"A_16065","kreis_name":"Kyffhäuserkreis"}},{"type":"Polygon","arcs":[[339,340]],"properties":{"ags":"A_14713","kreis_name":"Leipzig"}},{"type":"MultiPolygon","arcs":[[[341]],[[342,343,344,345,346,347,348,349,350,351,352]]],"properties":{"ags":"A_12069","kreis_name":"Potsdam-Mittelmark"}},{"type":"Polygon","arcs":[[-39,353,-80,354,355],[356]],"properties":{"ags":"A_09672","kreis_name":"Bad Kissingen"}},{"type":"Polygon","arcs":[[357]],"properties":{"ags":"A_09361","kreis_name":"Amberg"}},{"type":"MultiPolygon","arcs":[[[358,-359,359]],[[360]],[[361]],[[362]],[[363]],[[364]],[[365,366,367,368]]],"properties":{"ags":"A_01056","kreis_name":"Pinneberg"}},{"type":"MultiPolygon","arcs":[[[369]],[[370,371,372,373,374,375,376,377,378,379,380,381]]],"properties":{"ags":"A_06633","kreis_name":"Kassel"}},{"type":"Polygon","arcs":[[-11]],"properties":{"ags":"A_08121","kreis_name":"Heilbronn"}},{"type":"Polygon","arcs":[[382,383,-108,384]],"properties":{"ags":"A_09479","kreis_name":"Wunsiedel i.Fichtelgebirge"}},{"type":"Polygon","arcs":[[385,386,387,388,389,390]],"properties":{"ags":"A_16067","kreis_name":"Gotha"}},{"type":"Polygon","arcs":[[391,392,393,-17,394,395,396],[397]],"properties":{"ags":"A_09574","kreis_name":"Nürnberger Land"}},{"type":"Polygon","arcs":[[398,399,400,-278,401,402,-117]],"properties":{"ags":"A_09183","kreis_name":"Mühldorf a.Inn"}},{"type":"Polygon","arcs":[[403,404,405,406,407,408,409]],"properties":{"ags":"A_07336","kreis_name":"Kusel"}},{"type":"Polygon","arcs":[[-90,410,411]],"properties":{"ags":"A_05711","kreis_name":"Bielefeld"}},{"type":"Polygon","arcs":[[412,413,414,415,-251,416]],"properties":{"ags":"A_07231","kreis_name":"Bernkastel-Wittlich"}},{"type":"MultiPolygon","arcs":[[[417,418,419,-317,420,421,422,-88,423,424,425]]],"properties":{"ags":"A_03459","kreis_name":"Osnabrück"}},{"type":"MultiPolygon","arcs":[[[-19]],[[426,427,428,429,430,-12,431,432,433],[-303]]],"properties":{"ags":"A_09471","kreis_name":"Bamberg"}},{"type":"Polygon","arcs":[[-289,434,435]],"properties":{"ags":"A_05116","kreis_name":"Mönchengladbach"}},{"type":"Polygon","arcs":[[-374,436,-86,437,438,439]],"properties":{"ags":"A_06634","kreis_name":"Schwalm-Eder-Kreis"}},{"type":"Polygon","arcs":[[440,-63,441,-27,442]],"properties":{"ags":"A_09372","kreis_name":"Cham"}},{"type":"Polygon","arcs":[[443,-286,444,-54]],"properties":{"ags":"A_05154","kreis_name":"Kleve"}},{"type":"MultiPolygon","arcs":[[[445]],[[446,447,448,449,450]]],"properties":{"ags":"A_04012","kreis_name":"Bremerhaven"}},{"type":"MultiPolygon","arcs":[[[451,-355,-79,452,453,-429,454],[455]]],"properties":{"ags":"A_09678","kreis_name":"Schweinfurt"}},{"type":"Polygon","arcs":[[-453,-78,456,457,458],[459]],"properties":{"ags":"A_09679","kreis_name":"Würzburg"}},{"type":"Polygon","arcs":[[-442,-62,460,461,-256,-28],[462]],"properties":{"ags":"A_09278","kreis_name":"Straubing-Bogen"}},{"type":"Polygon","arcs":[[463,464,465,466]],"properties":{"ags":"A_03401","kreis_name":"Delmenhorst"}},{"type":"Polygon","arcs":[[467,468,469,470,471]],"properties":{"ags":"A_05913","kreis_name":"Dortmund"}},{"type":"MultiPolygon","arcs":[[[472,-379]],[[-377,473]]],"properties":{"ags":"A_06611","kreis_name":"Kassel"}},{"type":"Polygon","arcs":[[474,475,476]],"properties":{"ags":"A_05111","kreis_name":"Düsseldorf"}},{"type":"Polygon","arcs":[[477,478,479,480]],"properties":{"ags":"A_09182","kreis_name":"Miesbach"}},{"type":"MultiPolygon","arcs":[[[-388,481,-43,482,-41,483,484,-326,485]]],"properties":{"ags":"A_16066","kreis_name":"Schmalkalden-Meiningen"}},{"type":"Polygon","arcs":[[486,487,488,489,490,491]],"properties":{"ags":"A_03354","kreis_name":"Lüchow-Dannenberg"}},{"type":"Polygon","arcs":[[492]],"properties":{"ags":"A_07317","kreis_name":"Pirmasens"}},{"type":"MultiPolygon","arcs":[[[493]],[[494]],[[495,496,497,498,499,-492,500,501,502,503]]],"properties":{"ags":"A_13076","kreis_name":"Ludwigslust-Parchim"}},{"type":"Polygon","arcs":[[-288,504,505,506,507,-435]],"properties":{"ags":"A_05370","kreis_name":"Heinsberg"}},{"type":"Polygon","arcs":[[508,509,-275,-401,510]],"properties":{"ags":"A_09177","kreis_name":"Erding"}},{"type":"Polygon","arcs":[[-315,511,512]],"properties":{"ags":"A_07111","kreis_name":"Koblenz"}},{"type":"Polygon","arcs":[[513,514,515,516,517]],"properties":{"ags":"A_03255","kreis_name":"Holzminden"}},{"type":"Polygon","arcs":[[518,519,-308,520,521,522]],"properties":{"ags":"A_06440","kreis_name":"Wetteraukreis"}},{"type":"Polygon","arcs":[[523,-175,524,525]],"properties":{"ags":"A_08111","kreis_name":"Stuttgart"}},{"type":"Polygon","arcs":[[526,-341,527,528,529,530,531]],"properties":{"ags":"A_14729","kreis_name":"Leipzig"}},{"type":"Polygon","arcs":[[532,533,534,535,536,537,538]],"properties":{"ags":"A_16076","kreis_name":"Greiz"}},{"type":"Polygon","arcs":[[539]],"properties":{"ags":"A_09464","kreis_name":"Hof"}},{"type":"MultiPolygon","arcs":[[[540]],[[541,542]],[[543,544,545,-168,-302,546,547,548]]],"properties":{"ags":"A_06431","kreis_name":"Bergstraße"}},{"type":"MultiPolygon","arcs":[[[549,550,551,552,553,554]]],"properties":{"ags":"A_12065","kreis_name":"Oberhavel"}},{"type":"MultiPolygon","arcs":[[[555]],[[556,-525,-174,557,558]]],"properties":{"ags":"A_08116","kreis_name":"Esslingen"}},{"type":"Polygon","arcs":[[559,560,-191,561]],"properties":{"ags":"A_03351","kreis_name":"Celle"}},{"type":"MultiPolygon","arcs":[[[562,563]],[[564,-490,565,566,567,568,569]]],"properties":{"ags":"A_15090","kreis_name":"Stendal"}},{"type":"Polygon","arcs":[[570,-189,571,572,-227,573,574]],"properties":{"ags":"A_15085","kreis_name":"Harz"}},{"type":"Polygon","arcs":[[575]],"properties":{"ags":"A_16055","kreis_name":"Weimar"}},{"type":"Polygon","arcs":[[576,577,-518,578,579,-182,580,581]],"properties":{"ags":"A_03254","kreis_name":"Hildesheim"}},{"type":"Polygon","arcs":[[-531,582,-539,583,584]],"properties":{"ags":"A_16077","kreis_name":"Altenburger Land"}},{"type":"Polygon","arcs":[[-438,-85,585,-519,586,-37,587]],"properties":{"ags":"A_06535","kreis_name":"Vogelsbergkreis"}},{"type":"Polygon","arcs":[[-313,588,-417,-250]],"properties":{"ags":"A_07135","kreis_name":"Cochem-Zell"}},{"type":"MultiPolygon","arcs":[[[589]],[[590]],[[591]],[[592,-72,593,594,595]]],"properties":{"ags":"A_08335","kreis_name":"Konstanz"}},{"type":"Polygon","arcs":[[-238]],"properties":{"ags":"A_09763","kreis_name":"Kempten (Allgäu)"}},{"type":"Polygon","arcs":[[596,-410,597,598,599]],"properties":{"ags":"A_07333","kreis_name":"Donnersbergkreis"}},{"type":"Polygon","arcs":[[-397,600,601,602,-59,603,604]],"properties":{"ags":"A_09373","kreis_name":"Neumarkt i.d.OPf."}},{"type":"Polygon","arcs":[[605,606,607,608,609,610,611]],"properties":{"ags":"A_16073","kreis_name":"Saalfeld-Rudolstadt"}},{"type":"Polygon","arcs":[[612,-424,-87,613,614,-22]],"properties":{"ags":"A_05770","kreis_name":"Minden-Lübbecke"}},{"type":"Polygon","arcs":[[615,-439,-588,-36,616]],"properties":{"ags":"A_06632","kreis_name":"Hersfeld-Rotenburg"}},{"type":"Polygon","arcs":[[617,618,619,620,621,622,623,624,625]],"properties":{"ags":"A_09779","kreis_name":"Donau-Ries"}},{"type":"Polygon","arcs":[[626,627,-418,628,629,630]],"properties":{"ags":"A_03453","kreis_name":"Cloppenburg"}},{"type":"MultiPolygon","arcs":[[[631]],[[632,633,634,635,636]]],"properties":{"ags":"A_01051","kreis_name":"Dithmarschen"}},{"type":"MultiPolygon","arcs":[[[637,638,-49,639,640,641]]],"properties":{"ags":"A_03353","kreis_name":"Harburg"}},{"type":"Polygon","arcs":[[642,643]],"properties":{"ags":"A_08221","kreis_name":"Heidelberg"}},{"type":"MultiPolygon","arcs":[[[-353,644]],[[-344,645]]],"properties":{"ags":"A_12051","kreis_name":"Brandenburg an der Havel"}},{"type":"MultiPolygon","arcs":[[[-100,-284,646,-642,647,-499,648]]],"properties":{"ags":"A_01053","kreis_name":"Herzogtum Lauenburg"}},{"type":"MultiPolygon","arcs":[[[649]],[[650]],[[651,-635,652,-366,653]]],"properties":{"ags":"A_01061","kreis_name":"Steinburg"}},{"type":"MultiPolygon","arcs":[[[654,655]],[[656,657,658,659,-209,-233,660,661]]],"properties":{"ags":"A_09778","kreis_name":"Unterallgäu"}},{"type":"MultiPolygon","arcs":[[[662,663]],[[664,665,666,667,-637,668]]],"properties":{"ags":"A_01059","kreis_name":"Schleswig-Flensburg"}},{"type":"Polygon","arcs":[[669,670,-134,671,672]],"properties":{"ags":"A_06414","kreis_name":"Wiesbaden"}},{"type":"MultiPolygon","arcs":[[[-483,-42]],[[673,-617,-44,-482,-387,674]]],"properties":{"ags":"A_16063","kreis_name":"Wartburgkreis"}},{"type":"Polygon","arcs":[[675,676]],"properties":{"ags":"A_07320","kreis_name":"Zweibrücken"}},{"type":"Polygon","arcs":[[677,678,679]],"properties":{"ags":"A_12053","kreis_name":"Frankfurt (Oder)"}},{"type":"Polygon","arcs":[[680,-559,681,-156,682,683],[684]],"properties":{"ags":"A_08117","kreis_name":"Göppingen"}},{"type":"Polygon","arcs":[[-196,685]],"properties":{"ags":"A_03103","kreis_name":"Wolfsburg"}},{"type":"Polygon","arcs":[[-507,686,687,688,689]],"properties":{"ags":"A_05358","kreis_name":"Düren"}},{"type":"Polygon","arcs":[[690,691,692,693,694,695]],"properties":{"ags":"A_09181","kreis_name":"Landsberg am Lech"}},{"type":"Polygon","arcs":[[696]],"properties":{"ags":"A_09463","kreis_name":"Coburg"}},{"type":"Polygon","arcs":[[697,698,699,-678,700]],"properties":{"ags":"A_12064","kreis_name":"Märkisch-Oderland"}},{"type":"Polygon","arcs":[[701,-34,702,703,-372,704,-516]],"properties":{"ags":"A_05762","kreis_name":"Höxter"}},{"type":"Polygon","arcs":[[705,706,707,708,709,-415],[710]],"properties":{"ags":"A_07235","kreis_name":"Trier-Saarburg"}},{"type":"Polygon","arcs":[[711,-709,712,-102,713,-406]],"properties":{"ags":"A_10046","kreis_name":"St. Wendel"}},{"type":"MultiPolygon","arcs":[[[714]],[[715,716,-316,-513,717,718,-305,719],[720]]],"properties":{"ags":"A_07143","kreis_name":"Westerwaldkreis"}},{"type":"Polygon","arcs":[[721,722,723,724,-670,725]],"properties":{"ags":"A_06439","kreis_name":"Rheingau-Taunus-Kreis"}},{"type":"Polygon","arcs":[[-456]],"properties":{"ags":"A_09662","kreis_name":"Schweinfurt"}},{"type":"Polygon","arcs":[[-460]],"properties":{"ags":"A_09663","kreis_name":"Würzburg"}},{"type":"Polygon","arcs":[[726,-375,-440,-616,-674,727,728],[-370]],"properties":{"ags":"A_06636","kreis_name":"Werra-Meißner-Kreis"}},{"type":"Polygon","arcs":[[-640,-48,729,-25,730,-560,731,732,733,734]],"properties":{"ags":"A_03358","kreis_name":"Heidekreis"}},{"type":"MultiPolygon","arcs":[[[-7,735]],[[-5,736,-169,-524,737]]],"properties":{"ags":"A_08118","kreis_name":"Ludwigsburg"}},{"type":"Polygon","arcs":[[-403,738,739,740,741,-118],[742]],"properties":{"ags":"A_09189","kreis_name":"Traunstein"}},{"type":"Polygon","arcs":[[-568,743,-564,744,-96,745,-94,746,747,-346,748],[-342]],"properties":{"ags":"A_15086","kreis_name":"Jerichower Land"}},{"type":"Polygon","arcs":[[749,-291,750,751]],"properties":{"ags":"A_05114","kreis_name":"Krefeld"}},{"type":"Polygon","arcs":[[752]],"properties":{"ags":"A_09163","kreis_name":"Rosenheim"}},{"type":"Polygon","arcs":[[753,754,755,756,-509,757]],"properties":{"ags":"A_09178","kreis_name":"Freising"}},{"type":"Polygon","arcs":[[-587,-523,758,759,-261,760,-74,-354,-38]],"properties":{"ags":"A_06435","kreis_name":"Main-Kinzig-Kreis"}},{"type":"Polygon","arcs":[[761,-726,-673,762,763]],"properties":{"ags":"A_06436","kreis_name":"Main-Taunus-Kreis"}},{"type":"Polygon","arcs":[[764,765,-534]],"properties":{"ags":"A_16052","kreis_name":"Gera"}},{"type":"Polygon","arcs":[[766,-246]],"properties":{"ags":"A_03405","kreis_name":"Wilhelmshaven"}},{"type":"Polygon","arcs":[[767,-197,-686,-195,768,-185,-571]],"properties":{"ags":"A_03154","kreis_name":"Helmstedt"}},{"type":"Polygon","arcs":[[769,-217,-332,770,771,-470]],"properties":{"ags":"A_05911","kreis_name":"Bochum"}},{"type":"Polygon","arcs":[[772,773,-111,774,775,776,777]],"properties":{"ags":"A_08315","kreis_name":"Breisgau-Hochschwarzwald"}},{"type":"Polygon","arcs":[[778,779,780,-514,-578]],"properties":{"ags":"A_03252","kreis_name":"Hameln-Pyrmont"}},{"type":"Polygon","arcs":[[781,782,783,784,-606,785,786,787],[-576]],"properties":{"ags":"A_16071","kreis_name":"Weimarer Land"}},{"type":"Polygon","arcs":[[788,-689,789,790,-272]],"properties":{"ags":"A_05362","kreis_name":"Rhein-Erft-Kreis"}},{"type":"Polygon","arcs":[[-336,791,-391,792,-783,793],[794]],"properties":{"ags":"A_16068","kreis_name":"Sömmerda"}},{"type":"Polygon","arcs":[[795,796,797,798,799,-383,800],[-540]],"properties":{"ags":"A_09475","kreis_name":"Hof"}},{"type":"Polygon","arcs":[[801,802,803,804,805,806,-76,807]],"properties":{"ags":"A_09676","kreis_name":"Miltenberg"}},{"type":"Polygon","arcs":[[808,809,-293]],"properties":{"ags":"A_07316","kreis_name":"Neustadt an der Weinstraße"}},{"type":"Polygon","arcs":[[810,-787]],"properties":{"ags":"A_16053","kreis_name":"Jena"}},{"type":"Polygon","arcs":[[-714,-106,-212,811,-407]],"properties":{"ags":"A_10043","kreis_name":"Neunkirchen"}},{"type":"Polygon","arcs":[[-621,812,813,814]],"properties":{"ags":"A_09773","kreis_name":"Dillingen a.d.Donau"}},{"type":"Polygon","arcs":[[-327,-485,815,816,817,818,-608,819]],"properties":{"ags":"A_16069","kreis_name":"Hildburghausen"}},{"type":"Polygon","arcs":[[-243,820,-631,821,822,823]],"properties":{"ags":"A_03451","kreis_name":"Ammerland"}},{"type":"Polygon","arcs":[[-648,-641,-735,824,-733,825,-487,-500]],"properties":{"ags":"A_03355","kreis_name":"Lüneburg"}},{"type":"Polygon","arcs":[[826,-126,827,828,829,830]],"properties":{"ags":"A_08237","kreis_name":"Freudenstadt"}},{"type":"MultiPolygon","arcs":[[[-743]],[[-402,-277,831,-481,832,-739],[-753]]],"properties":{"ags":"A_09187","kreis_name":"Rosenheim"}},{"type":"Polygon","arcs":[[-408,-812,-214,833,834,-677,835,836]],"properties":{"ags":"A_10045","kreis_name":"Saarpfalz-Kreis"}},{"type":"Polygon","arcs":[[837,-57,838,839,840,841,842]],"properties":{"ags":"A_05558","kreis_name":"Coesfeld"}},{"type":"Polygon","arcs":[[843,-299,844]],"properties":{"ags":"A_07314","kreis_name":"Ludwigshafen am Rhein"}},{"type":"Polygon","arcs":[[845,846,847,848,849,-756]],"properties":{"ags":"A_09174","kreis_name":"Dachau"}},{"type":"Polygon","arcs":[[850,-624,851,852,853]],"properties":{"ags":"A_09185","kreis_name":"Neuburg-Schrobenhausen"}},{"type":"Polygon","arcs":[[-757,-850,854,855,856,857,-478,-832,-276,-510]],"properties":{"ags":"A_09184","kreis_name":"München"}},{"type":"Polygon","arcs":[[-472,858,859,860]],"properties":{"ags":"A_05914","kreis_name":"Hagen"}},{"type":"Polygon","arcs":[[861,-584,-538,862,863,864]],"properties":{"ags":"A_14524","kreis_name":"Zwickau"}},{"type":"Polygon","arcs":[[865,-865,866]],"properties":{"ags":"A_14511","kreis_name":"Chemnitz"}},{"type":"MultiPolygon","arcs":[[[-132]],[[-125,867,868,869,870,-828]]],"properties":{"ags":"A_08317","kreis_name":"Ortenaukreis"}},{"type":"Polygon","arcs":[[871,-259,872,873,874,875]],"properties":{"ags":"A_09275","kreis_name":"Passau"}},{"type":"Polygon","arcs":[[-150,876,-555,877,878]],"properties":{"ags":"A_12073","kreis_name":"Uckermark"}},{"type":"Polygon","arcs":[[879,-248,880,881,882,883,884,-601,-396]],"properties":{"ags":"A_09576","kreis_name":"Roth"}},{"type":"Polygon","arcs":[[-858,885,886,887,888,-479]],"properties":{"ags":"A_09173","kreis_name":"Bad Tölz-Wolfratshausen"}},{"type":"Polygon","arcs":[[-704,889,890,-81,-437,-373]],"properties":{"ags":"A_06635","kreis_name":"Waldeck-Frankenberg"}},{"type":"Polygon","arcs":[[891,892,893]],"properties":{"ags":"A_01002","kreis_name":"Kiel"}},{"type":"Polygon","arcs":[[894,-466,895,896,-425,-613,-21,897]],"properties":{"ags":"A_03251","kreis_name":"Diepholz"}},{"type":"Polygon","arcs":[[-610,898,899,900,901,-798,902]],"properties":{"ags":"A_09476","kreis_name":"Kronach"}},{"type":"MultiPolygon","arcs":[[[903]],[[904,905,906]],[[907]]],"properties":{"ags":"A_07313","kreis_name":"Landau in der Pfalz"}},{"type":"Polygon","arcs":[[-829,-871,908,-70,909]],"properties":{"ags":"A_08325","kreis_name":"Rottweil"}},{"type":"Polygon","arcs":[[-598,-409,-837,910,911,912,913]],"properties":{"ags":"A_07335","kreis_name":"Kaiserslautern"}},{"type":"MultiPolygon","arcs":[[[914,-163]],[[915,-683,-155,916,-813,-620]]],"properties":{"ags":"A_08135","kreis_name":"Heidenheim"}},{"type":"Polygon","arcs":[[-14,917,918,-882,919,920,921]],"properties":{"ags":"A_09573","kreis_name":"Fürth"}},{"type":"Polygon","arcs":[[922,-153,923,924,-274,925,926]],"properties":{"ags":"A_05378","kreis_name":"Rheinisch-Bergischer Kreis"}},{"type":"Polygon","arcs":[[-664,927,-669,-636,-652,928,929,930,-893,931],[-650]],"properties":{"ags":"A_01058","kreis_name":"Rendsburg-Eckernförde"}},{"type":"Polygon","arcs":[[-800,932,933,-433,934,-393,935,936,-109,-384],[937],[938]],"properties":{"ags":"A_09472","kreis_name":"Bayreuth"}},{"type":"Polygon","arcs":[[-761,-268,939,-803,940,-808,-75]],"properties":{"ags":"A_09671","kreis_name":"Aschaffenburg"}},{"type":"Polygon","arcs":[[941,942,-604,-58,-441,943]],"properties":{"ags":"A_09376","kreis_name":"Schwandorf"}},{"type":"Polygon","arcs":[[944,945,-929,-654,-369,946,-280,947,-282,948]],"properties":{"ags":"A_01060","kreis_name":"Segeberg"}},{"type":"Polygon","arcs":[[949,950,-842,951,952,953,-422]],"properties":{"ags":"A_05570","kreis_name":"Warendorf"}},{"type":"Polygon","arcs":[[954,-867,-864,955,956]],"properties":{"ags":"A_14521","kreis_name":"Erzgebirgskreis"}},{"type":"MultiPolygon","arcs":[[[957]],[[958]],[[959,960,-949,-281,-98]]],"properties":{"ags":"A_01055","kreis_name":"Ostholstein"}},{"type":"Polygon","arcs":[[-869,961,-773,962,-777,963]],"properties":{"ags":"A_08316","kreis_name":"Emmendingen"}},{"type":"Polygon","arcs":[[964,-183,-580,965,966,967,-572,-188]],"properties":{"ags":"A_03153","kreis_name":"Goslar"}},{"type":"Polygon","arcs":[[968,-23,-615,969,-780]],"properties":{"ags":"A_03257","kreis_name":"Schaumburg"}},{"type":"Polygon","arcs":[[-179,970,971,972,973,974,975]],"properties":{"ags":"A_14627","kreis_name":"Meißen"}},{"type":"Polygon","arcs":[[-447,976,977,-45,978,979],[-446]],"properties":{"ags":"A_03352","kreis_name":"Cuxhaven"}},{"type":"Polygon","arcs":[[980,-894,-931,981,-945,-961]],"properties":{"ags":"A_01057","kreis_name":"Plön"}},{"type":"Polygon","arcs":[[982,983,-413,-589,-312,-322]],"properties":{"ags":"A_07233","kreis_name":"Vulkaneifel"}},{"type":"Polygon","arcs":[[-253,984,-404,-597,985,986]],"properties":{"ags":"A_07133","kreis_name":"Bad Kreuznach"}},{"type":"Polygon","arcs":[[-878,-554,987,-698,988]],"properties":{"ags":"A_12060","kreis_name":"Barnim"}},{"type":"Polygon","arcs":[[989,-729,990,-334,991],[992]],"properties":{"ags":"A_16061","kreis_name":"Eichsfeld"}},{"type":"Polygon","arcs":[[993,994,-10,995]],"properties":{"ags":"A_08126","kreis_name":"Hohenlohekreis"}},{"type":"Polygon","arcs":[[996]],"properties":{"ags":"A_09561","kreis_name":"Ansbach"}},{"type":"Polygon","arcs":[[-840,997,-468,-861,998,999,1000]],"properties":{"ags":"A_05978","kreis_name":"Unna"}},{"type":"Polygon","arcs":[[-778,-963]],"properties":{"ags":"A_08311","kreis_name":"Freiburg im Breisgau"}},{"type":"Polygon","arcs":[[-61,1001,-758,-511,-400,1002,1003,-461],[1004]],"properties":{"ags":"A_09274","kreis_name":"Landshut"}},{"type":"Polygon","arcs":[[-566,-489,1005,-199,1006]],"properties":{"ags":"A_15081","kreis_name":"Altmarkkreis Salzwedel"}},{"type":"MultiPolygon","arcs":[[[-398]],[[1007,1008,-920,-881,-247,-880,-395,-16]]],"properties":{"ags":"A_09564","kreis_name":"Nürnberg"}},{"type":"Polygon","arcs":[[-33,1009,1010,-200,1011,-890,-703]],"properties":{"ags":"A_05958","kreis_name":"Hochsauerlandkreis"}},{"type":"MultiPolygon","arcs":[[[1012]],[[1013]],[[1014]],[[1015,-101,-649,-498,1016,-496,1017],[-495]]],"properties":{"ags":"A_13074","kreis_name":"Nordwestmecklenburg"}},{"type":"Polygon","arcs":[[1018,-8,-736,-6,-738,-526,-557,-681,1019]],"properties":{"ags":"A_08119","kreis_name":"Rems-Murr-Kreis"}},{"type":"Polygon","arcs":[[-47,1020,1021,-898,-20,-730]],"properties":{"ags":"A_03361","kreis_name":"Verden"}},{"type":"Polygon","arcs":[[-718,-512,-314,-255,1022,-724,1023]],"properties":{"ags":"A_07141","kreis_name":"Rhein-Lahn-Kreis"}},{"type":"Polygon","arcs":[[-602,-885,1024,-625,-851,1025,1026,1027]],"properties":{"ags":"A_09176","kreis_name":"Eichstätt"}},{"type":"Polygon","arcs":[[-953,1028,-1000,1029,-1010,-32,1030]],"properties":{"ags":"A_05974","kreis_name":"Soest"}},{"type":"MultiPolygon","arcs":[[[-795]],[[1031,-337,-794,-782,1032,-765,-533,-583,-530]]],"properties":{"ags":"A_15084","kreis_name":"Burgenlandkreis"}},{"type":"MultiPolygon","arcs":[[[1033,1034]]],"properties":{"ags":"A_13003","kreis_name":"Rostock"}},{"type":"Polygon","arcs":[[-295,1035,1036,-123,1037,-115,1038]],"properties":{"ags":"A_07334","kreis_name":"Germersheim"}},{"type":"MultiPolygon","arcs":[[[1039]],[[1040]],[[1041]],[[1042]],[[1043]],[[1044]],[[1045]],[[1046]],[[1047]],[[1048]],[[1049]],[[1050]],[[1051]],[[1052]],[[1053]],[[1054]],[[1055]],[[1056]],[[1057,1058,1059,-148]]],"properties":{"ags":"A_13073","kreis_name":"Vorpommern-Rügen"}},{"type":"MultiPolygon","arcs":[[[1060,-502,1061,-570,1062,-551]]],"properties":{"ags":"A_12068","kreis_name":"Ostprignitz-Ruppin"}},{"type":"Polygon","arcs":[[-262,-760,1063]],"properties":{"ags":"A_06413","kreis_name":"Offenbach am Main"}},{"type":"Polygon","arcs":[[-999,-860,1064,1065,-201,-1011,-1030]],"properties":{"ags":"A_05962","kreis_name":"Märkischer Kreis"}},{"type":"MultiPolygon","arcs":[[[-130]],[[-131]],[[-133],[-120],[-121]]],"properties":{"ags":"A_08211","kreis_name":"Baden-Baden"}},{"type":"Polygon","arcs":[[-700,1066,1067,1068,1069,-679]],"properties":{"ags":"A_12067","kreis_name":"Oder-Spree"}},{"type":"Polygon","arcs":[[-161,1070,-159,1071,-658,1072]],"properties":{"ags":"A_09775","kreis_name":"Neu-Ulm"}},{"type":"Polygon","arcs":[[-203,1073,1074,1075,-716,1076]],"properties":{"ags":"A_07132","kreis_name":"Altenkirchen (Westerwald)"}},{"type":"Polygon","arcs":[[-952,-841,-1001,-1029]],"properties":{"ags":"A_05915","kreis_name":"Hamm"}},{"type":"Polygon","arcs":[[1077,-694,1078,1079,-887]],"properties":{"ags":"A_09190","kreis_name":"Weilheim-Schongau"}},{"type":"Polygon","arcs":[[-1027,1080,-853,1081,-846,-755,1082]],"properties":{"ags":"A_09186","kreis_name":"Pfaffenhofen a.d.Ilm"}},{"type":"Polygon","arcs":[[1083,-582,1084,1085,-193]],"properties":{"ags":"A_03157","kreis_name":"Peine"}},{"type":"Polygon","arcs":[[-925,1086,-269]],"properties":{"ags":"A_05316","kreis_name":"Leverkusen"}},{"type":"Polygon","arcs":[[-110,-937,1087,-942,1088],[1089]],"properties":{"ags":"A_09374","kreis_name":"Neustadt a.d.Waldnaab"}},{"type":"Polygon","arcs":[[-818,1090,-427,1091,-900,1092],[-697]],"properties":{"ags":"A_09473","kreis_name":"Coburg"}},{"type":"Polygon","arcs":[[-331,1093,1094,1095,1096,1097,1098,-771]],"properties":{"ags":"A_05113","kreis_name":"Essen"}},{"type":"Polygon","arcs":[[-935,-432,-18,-394]],"properties":{"ags":"A_09474","kreis_name":"Forchheim"}},{"type":"Polygon","arcs":[[1099,1100]],"properties":{"ags":"A_09761","kreis_name":"Augsburg"}},{"type":"MultiPolygon","arcs":[[[1101,-381]],[[-579,-517,-705,-371,1102,-966]]],"properties":{"ags":"A_03155","kreis_name":"Northeim"}},{"type":"MultiPolygon","arcs":[[[-721]],[[1103,-323,-310,-717,-1076],[-715]]],"properties":{"ags":"A_07138","kreis_name":"Neuwied"}},{"type":"Polygon","arcs":[[-731,-24,-969,-779,-577,-1084,-192,-561]],"properties":{"ags":"A_03241","kreis_name":"Region Hannover"}},{"type":"Polygon","arcs":[[-457,-77,-807,1104,-994,1105,1106,1107]],"properties":{"ags":"A_08128","kreis_name":"Main-Tauber-Kreis"}},{"type":"Polygon","arcs":[[-160,-1071]],"properties":{"ags":"A_08421","kreis_name":"Ulm"}},{"type":"Polygon","arcs":[[1108,-319]],"properties":{"ags":"A_05314","kreis_name":"Bonn"}},{"type":"MultiPolygon","arcs":[[[1109]],[[-347,-748,1110,1111,1112,1113,1114,1115],[1116]]],"properties":{"ags":"A_15082","kreis_name":"Anhalt-Bitterfeld"}},{"type":"Polygon","arcs":[[-267,1117,-265,1118,-544,1119,-804,-940]],"properties":{"ags":"A_06432","kreis_name":"Darmstadt-Dieburg"}},{"type":"Polygon","arcs":[[-55,-445,-285,-750,1120,1121,1122,1123]],"properties":{"ags":"A_05170","kreis_name":"Wesel"}},{"type":"Polygon","arcs":[[-913,1124]],"properties":{"ags":"A_07312","kreis_name":"Kaiserslautern"}},{"type":"Polygon","arcs":[[-172,1125,-831,1126,1127]],"properties":{"ags":"A_08416","kreis_name":"Tübingen"}},{"type":"Polygon","arcs":[[1128,1129,1130,1131,-419,-628]],"properties":{"ags":"A_03454","kreis_name":"Emsland"}},{"type":"Polygon","arcs":[[1132,1133,-73,-593,1134,-205,1135]],"properties":{"ags":"A_08437","kreis_name":"Sigmaringen"}},{"type":"Polygon","arcs":[[-64]],"properties":{"ags":"A_09362","kreis_name":"Regensburg"}},{"type":"Polygon","arcs":[[1136,-763,-672,-136,1137,1138,-545,-1119,-264]],"properties":{"ags":"A_06433","kreis_name":"Groß-Gerau"}},{"type":"Polygon","arcs":[[-306,-719,-1024,-723,1139]],"properties":{"ags":"A_06533","kreis_name":"Limburg-Weilburg"}},{"type":"MultiPolygon","arcs":[[[-558,-173,-1128,1140,-1133,1141,-157,-682],[-556]]],"properties":{"ags":"A_08415","kreis_name":"Reutlingen"}},{"type":"Polygon","arcs":[[-423,-954,-1031,-31,1142,-411,-89]],"properties":{"ags":"A_05754","kreis_name":"Gütersloh"}},{"type":"Polygon","arcs":[[-852,-623,1143,-1100,1144,-691,1145,-847,-1082]],"properties":{"ags":"A_09771","kreis_name":"Aichach-Friedberg"}},{"type":"Polygon","arcs":[[1146,-843,-951]],"properties":{"ags":"A_05515","kreis_name":"Münster"}},{"type":"Polygon","arcs":[[-431,1147,-458,-1108,1148,-918,-13]],"properties":{"ags":"A_09575","kreis_name":"Neustadt a.d.Aisch-Bad Windsheim"}},{"type":"Polygon","arcs":[[-158,-1142,-1136,-211,1149,-655,1150,-659,-1072]],"properties":{"ags":"A_08426","kreis_name":"Biberach"}},{"type":"MultiPolygon","arcs":[[[1151]],[[1152]],[[1153]],[[1154]],[[1155]],[[1156]],[[1157]],[[1158]],[[1159]],[[1160]],[[1161]],[[1162,-633,-668]]],"properties":{"ags":"A_01054","kreis_name":"Nordfriesland"}},{"type":"Polygon","arcs":[[-711]],"properties":{"ags":"A_07211","kreis_name":"Trier"}},{"type":"Polygon","arcs":[[1163,-986,-600,1164,-165,-546,-1139]],"properties":{"ags":"A_07331","kreis_name":"Alzey-Worms"}},{"type":"Polygon","arcs":[[-252,-416,-710,-712,-405,-985]],"properties":{"ags":"A_07134","kreis_name":"Birkenfeld"}},{"type":"Polygon","arcs":[[1165,-154,-923,1166]],"properties":{"ags":"A_05120","kreis_name":"Remscheid"}},{"type":"MultiPolygon","arcs":[[[1167]],[[1168]],[[1169]],[[1170]],[[-687,-506,1171,1172]]],"properties":{"ags":"A_05334","kreis_name":"Städteregion Aachen"}},{"type":"Polygon","arcs":[[-1060,1173,-503,-1061,-550,-877,-149]],"properties":{"ags":"A_13071","kreis_name":"Mecklenburgische Seenplatte"}},{"type":"MultiPolygon","arcs":[[[-938]],[[-939]]],"properties":{"ags":"A_09462","kreis_name":"Bayreuth"}},{"type":"Polygon","arcs":[[1174,1175,-151,-1166,1176]],"properties":{"ags":"A_05124","kreis_name":"Wuppertal"}},{"type":"Polygon","arcs":[[-1120,-549,1177,-543,1178,1179,1180,1181,-805]],"properties":{"ags":"A_06437","kreis_name":"Odenwaldkreis"}},{"type":"Polygon","arcs":[[-15,-922,1182,-1008]],"properties":{"ags":"A_09562","kreis_name":"Erlangen"}},{"type":"Polygon","arcs":[[-1092,-434,-934,1183,-901]],"properties":{"ags":"A_09478","kreis_name":"Lichtenfels"}},{"type":"Polygon","arcs":[[-60,-603,-1028,-1083,-754,-1002]],"properties":{"ags":"A_09273","kreis_name":"Kelheim"}},{"type":"Polygon","arcs":[[1184,1185,-973,1186,1187]],"properties":{"ags":"A_14628","kreis_name":"Sächsische Schweiz-Osterzgebirge"}},{"type":"Polygon","arcs":[[-660,-1151,-656,-1150,-210]],"properties":{"ags":"A_09764","kreis_name":"Memmingen"}},{"type":"Polygon","arcs":[[-463]],"properties":{"ags":"A_09263","kreis_name":"Straubing"}},{"type":"Polygon","arcs":[[-1118,-266]],"properties":{"ags":"A_06411","kreis_name":"Darmstadt"}},{"type":"Polygon","arcs":[[1188,-661,-237,1189,1190,1191,-1079,-693],[-65]],"properties":{"ags":"A_09777","kreis_name":"Ostallgäu"}},{"type":"MultiPolygon","arcs":[[[-993]],[[-573,-968,1192,-992,-333,-228]]],"properties":{"ags":"A_16062","kreis_name":"Nordhausen"}},{"type":"Polygon","arcs":[[-129,1193,-127,-827,-1126,-171,1194,1195,1196,1197]],"properties":{"ags":"A_08235","kreis_name":"Calw"}},{"type":"Polygon","arcs":[[-1149,-1107,1198,1199,-618,1200,-883,-919],[-997]],"properties":{"ags":"A_09571","kreis_name":"Ansbach"}},{"type":"Polygon","arcs":[[-307,-1140,-722,-762,1201,-521]],"properties":{"ags":"A_06434","kreis_name":"Hochtaunuskreis"}},{"type":"Polygon","arcs":[[-1121,-752,1202,-475,1203,1204,1205]],"properties":{"ags":"A_05112","kreis_name":"Duisburg"}},{"type":"Polygon","arcs":[[-1201,-626,-1025,-884]],"properties":{"ags":"A_09577","kreis_name":"Weißenburg-Gunzenhausen"}},{"type":"Polygon","arcs":[[-207,1206,1207,-234]],"properties":{"ags":"A_09776","kreis_name":"Lindau (Bodensee)"}},{"type":"Polygon","arcs":[[-1007,-198,-768,-575,1208,-92,-745,-563,-744,-567]],"properties":{"ags":"A_15083","kreis_name":"Börde"}},{"type":"Polygon","arcs":[[1209,-1122,-1206,1210,-1096]],"properties":{"ags":"A_05119","kreis_name":"Oberhausen"}},{"type":"Polygon","arcs":[[-666,1211]],"properties":{"ags":"A_01001","kreis_name":"Flensburg"}},{"type":"MultiPolygon","arcs":[[[-685]],[[1212,-1020,-684,-916,-619,-1200]]],"properties":{"ags":"A_08136","kreis_name":"Ostalbkreis"}},{"type":"Polygon","arcs":[[-810,1213,-907,1214,1215,-1036,-294],[-904],[-908]],"properties":{"ags":"A_07337","kreis_name":"Südliche Weinstraße"}},{"type":"MultiPolygon","arcs":[[[-746,-95]],[[-747,-93,-1209,-574,-226,1216,-1111],[-1110]]],"properties":{"ags":"A_15089","kreis_name":"Salzlandkreis"}},{"type":"Polygon","arcs":[[-476,-1203,-751,-290,-436,-508,-690,-789,-271,1217]],"properties":{"ags":"A_05162","kreis_name":"Rhein-Kreis Neuss"}},{"type":"Polygon","arcs":[[-1105,-806,-1182,1218,-1180,1219,-1,-995]],"properties":{"ags":"A_08225","kreis_name":"Neckar-Odenwald-Kreis"}},{"type":"Polygon","arcs":[[1220,1221,1222]],"properties":{"ags":"A_14626","kreis_name":"Görlitz"}},{"type":"Polygon","arcs":[[1223,-695,-1078,-886,-857]],"properties":{"ags":"A_09188","kreis_name":"Starnberg"}},{"type":"Polygon","arcs":[[-454,-459,-1148,-430]],"properties":{"ags":"A_09675","kreis_name":"Kitzingen"}},{"type":"Polygon","arcs":[[-1090]],"properties":{"ags":"A_09363","kreis_name":"Weiden i.d.OPf."}},{"type":"Polygon","arcs":[[-1132,1224,-51,-838,-1147,-950,-421,-318,-420]],"properties":{"ags":"A_05566","kreis_name":"Steinfurt"}},{"type":"Polygon","arcs":[[-586,-84,-309,-520]],"properties":{"ags":"A_06531","kreis_name":"Gießen"}},{"type":"Polygon","arcs":[[-1085,-581,-184,-965,-187,1225]],"properties":{"ags":"A_03102","kreis_name":"Salzgitter"}},{"type":"Polygon","arcs":[[1226,-1123,-1210,-1095]],"properties":{"ags":"A_05512","kreis_name":"Bottrop"}},{"type":"Polygon","arcs":[[1227,-351,1228]],"properties":{"ags":"A_12054","kreis_name":"Potsdam"}},{"type":"MultiPolygon","arcs":[[[1229]],[[1230]],[[1231,1232,1233,358,1234]],[[1235,-979,-50,-639,1236]]],"properties":{"ags":"A_03359","kreis_name":"Stade"}},{"type":"Polygon","arcs":[[-1223,1237,1238,-975,1239,-1185,1240]],"properties":{"ags":"A_14625","kreis_name":"Bautzen"}},{"type":"Polygon","arcs":[[-839,-56,-1124,-1227,-1094,-330,-215,-770,-469,-998]],"properties":{"ags":"A_05562","kreis_name":"Recklinghausen"}},{"type":"Polygon","arcs":[[-991,-728,-675,-386,-792,-335]],"properties":{"ags":"A_16064","kreis_name":"Unstrut-Hainich-Kreis"}},{"type":"MultiPolygon","arcs":[[[-1017,-497],[-494]]],"properties":{"ags":"A_13004","kreis_name":"Schwerin"}},{"type":"Polygon","arcs":[[-1127,-830,-910,-69,-1134,-1141]],"properties":{"ags":"A_08417","kreis_name":"Zollernalbkreis"}},{"type":"Polygon","arcs":[[-967,-1103,-382,-1102,-380,-473,-378,-474,-376,-727,-990,-1193]],"properties":{"ags":"A_03159","kreis_name":"Göttingen"}},{"type":"Polygon","arcs":[[1241,-244,-824,1242,1243,-464,1244,1245,-977,-451]],"properties":{"ags":"A_03461","kreis_name":"Wesermarsch"}},{"type":"MultiPolygon","arcs":[[[-734,-825]],[[-826,-732,-562,-190,-1006,-488]]],"properties":{"ags":"A_03360","kreis_name":"Uelzen"}},{"type":"MultiPolygon","arcs":[[[1233,359,-1234]],[[-1232,1246]],[[1247]],[[1248]],[[-283,-948,-279,-947,-368,1249,-1237,-638,-647]]],"properties":{"ags":"A_02000","kreis_name":"Hamburg"}},{"type":"Polygon","arcs":[[1250,-1098,1251,-1204,-477,-1218,-270,-1087,-924,-152,-1176]],"properties":{"ags":"A_05158","kreis_name":"Mettmann"}},{"type":"Polygon","arcs":[[-978,-1246,1252,-1021,-46]],"properties":{"ags":"A_03356","kreis_name":"Osterholz"}},{"type":"Polygon","arcs":[[-348,-1116,1253,-1114,1254,-177,1255]],"properties":{"ags":"A_15091","kreis_name":"Wittenberg"}},{"type":"Polygon","arcs":[[-1033,-788,-811,-786,-612,1256,-535,-766]],"properties":{"ags":"A_16074","kreis_name":"Saale-Holzland-Kreis"}},{"type":"Polygon","arcs":[[-930,-946,-982]],"properties":{"ags":"A_01004","kreis_name":"Neumünster"}},{"type":"Polygon","arcs":[[-775,-113,1257,1258]],"properties":{"ags":"A_08337","kreis_name":"Waldshut"}},{"type":"Polygon","arcs":[[1259,-1177,-1167,-927,1260,-1074,-202,-1066]],"properties":{"ags":"A_05374","kreis_name":"Oberbergischer Kreis"}},{"type":"Polygon","arcs":[[-1026,-854,-1081]],"properties":{"ags":"A_09161","kreis_name":"Ingolstadt"}},{"type":"Polygon","arcs":[[-1261,-926,-273,-791,1261,-320,-1109,-324,-1104,-1075]],"properties":{"ags":"A_05382","kreis_name":"Rhein-Sieg-Kreis"}},{"type":"Polygon","arcs":[[-471,-772,-1099,-1251,-1175,-1260,-1065,-859]],"properties":{"ags":"A_05954","kreis_name":"Ennepe-Ruhr-Kreis"}},{"type":"Polygon","arcs":[[1262,-52,-1225,-1131]],"properties":{"ags":"A_03456","kreis_name":"Grafschaft Bentheim"}},{"type":"MultiPolygon","arcs":[[[1263]],[[-1059,1264,-1034,1265,-1018,-504,-1174]]],"properties":{"ags":"A_13072","kreis_name":"Landkreis Rostock"}},{"type":"Polygon","arcs":[[-974,-1186,-1240]],"properties":{"ags":"A_14612","kreis_name":"Dresden"}},{"type":"Polygon","arcs":[[-1165,-599,-914,-1125,-912,1266,-905,-1214,-809,-292,-166]],"properties":{"ags":"A_07332","kreis_name":"Bad Dürkheim"}},{"type":"Polygon","arcs":[[-501,-491,-565,-1062]],"properties":{"ags":"A_12070","kreis_name":"Prignitz"}},{"type":"Polygon","arcs":[[-793,-390,1267,-784]],"properties":{"ags":"A_16051","kreis_name":"Erfurt"}},{"type":"Polygon","arcs":[[-870,-964,-776,-1259,1268,-594,-71,-909]],"properties":{"ags":"A_08326","kreis_name":"Schwarzwald-Baar-Kreis"}},{"type":"Polygon","arcs":[[-194,-1086,-1226,-186,-769]],"properties":{"ags":"A_03101","kreis_name":"Braunschweig"}},{"type":"Polygon","arcs":[[1269,-180,-976,-1239,1270]],"properties":{"ags":"A_12066","kreis_name":"Oberspreewald-Lausitz"}},{"type":"Polygon","arcs":[[-970,-614,-91,-412,-1143,-35,-702,-515,-781]],"properties":{"ags":"A_05766","kreis_name":"Lippe"}},{"type":"MultiPolygon","arcs":[[[1271]],[[1272]],[[1273,-225,1274,-241]]],"properties":{"ags":"A_03462","kreis_name":"Wittmund"}},{"type":"MultiPolygon","arcs":[[[-357]],[[-484,-40,-356,-452,1275,-816]]],"properties":{"ags":"A_09673","kreis_name":"Rhön-Grabfeld"}},{"type":"Polygon","arcs":[[1276,-532,-585,-862,-866,-955,1277,-1187,-972]],"properties":{"ags":"A_14522","kreis_name":"Mittelsachsen"}},{"type":"Polygon","arcs":[[-30,-260,-872,1278]],"properties":{"ags":"A_09272","kreis_name":"Freyung-Grafenau"}},{"type":"Polygon","arcs":[[-936,-392,-605,-943,-1088],[-358]],"properties":{"ags":"A_09371","kreis_name":"Amberg-Sulzbach"}},{"type":"Polygon","arcs":[[-1069,1279,-1271,-1238,-1222,1280],[1281]],"properties":{"ags":"A_12071","kreis_name":"Spree-Neiße"}},{"type":"Polygon","arcs":[[-785,-1268,-389,-486,-325,-820,-607]],"properties":{"ags":"A_16070","kreis_name":"Ilm-Kreis"}},{"type":"Polygon","arcs":[[-1135,-596,1282,-1207,-206]],"properties":{"ags":"A_08435","kreis_name":"Bodenseekreis"}},{"type":"Polygon","arcs":[[-1063,-569,-749,-345,-646,-343,-645,-352,-1228,1283,-552]],"properties":{"ags":"A_12063","kreis_name":"Havelland"}},{"type":"Polygon","arcs":[[-911,-836,-676,-835,1284,-1215,-906,-1267],[-493]],"properties":{"ags":"A_07340","kreis_name":"Südwestpfalz"}},{"type":"Polygon","arcs":[[1285,1286,-181,-1270,-1280,-1068]],"properties":{"ags":"A_12061","kreis_name":"Dahme-Spreewald"}},{"type":"Polygon","arcs":[[-1202,-764,-1137,-263,-1064,-759,-522]],"properties":{"ags":"A_06412","kreis_name":"Frankfurt am Main"}},{"type":"MultiPolygon","arcs":[[[-1181,-1219]],[[-548,1287,-643,1288,-297,-68,1289,-2,-1220,-1179,-542,-1178],[-541]]],"properties":{"ags":"A_08226","kreis_name":"Rhein-Neckar-Kreis"}},{"type":"Polygon","arcs":[[-1257,-611,-903,-797,1290,-536]],"properties":{"ags":"A_16075","kreis_name":"Saale-Orla-Kreis"}},{"type":"MultiPolygon","arcs":[[[-128,-1194]],[[-1290,-67,-296,-1039,-114,-1038,-122,-1198,1291,-3]]],"properties":{"ags":"A_08215","kreis_name":"Karlsruhe"}},{"type":"Polygon","arcs":[[1292,-706,-414,-984,1293]],"properties":{"ags":"A_07232","kreis_name":"Eifelkreis Bitburg-Prüm"}},{"type":"Polygon","arcs":[[-300,-844,1294]],"properties":{"ags":"A_07311","kreis_name":"Frankenthal (Pfalz)"}},{"type":"Polygon","arcs":[[-1262,-790,-688,-1173,1295,-1294,-983,-321]],"properties":{"ags":"A_05366","kreis_name":"Euskirchen"}},{"type":"Polygon","arcs":[[-814,-917,-164,-915,-162,-1073,-657,1296]],"properties":{"ags":"A_09774","kreis_name":"Günzburg"}},{"type":"MultiPolygon","arcs":[[[-449,1297]],[[-1253,-1245,-467,-895,-1022]]],"properties":{"ags":"A_04011","kreis_name":"Bremen"}},{"type":"Polygon","arcs":[[-988,-553,-1284,-1229,-350,1298,-1286,-1067,-699]],"properties":{"ags":"A_11000","kreis_name":"Berlin"}},{"type":"Polygon","arcs":[[-1023,-254,-987,-1164,-1138,-135,-671,-725]],"properties":{"ags":"A_07339","kreis_name":"Mainz-Bingen"}},{"type":"Polygon","arcs":[[1299,-1196]],"properties":{"ags":"A_08231","kreis_name":"Pforzheim"}},{"type":"Polygon","arcs":[[-1097,-1211,-1205,-1252]],"properties":{"ags":"A_05117","kreis_name":"Mülheim an der Ruhr"}},{"type":"Polygon","arcs":[[-799,-902,-1184,-933]],"properties":{"ags":"A_09477","kreis_name":"Kulmbach"}},{"type":"MultiPolygon","arcs":[[[-230,-339]],[[-1112,-1217,-232,-338,-1032,-529,1300],[1301]]],"properties":{"ags":"A_15088","kreis_name":"Saalekreis"}},{"type":"Polygon","arcs":[[-1302]],"properties":{"ags":"A_15002","kreis_name":"Halle (Saale)"}},{"type":"Polygon","arcs":[[-713,-708,1302,-103]],"properties":{"ags":"A_10042","kreis_name":"Merzig-Wadern"}},{"type":"Polygon","arcs":[[-1005]],"properties":{"ags":"A_09261","kreis_name":"Landshut"}},{"type":"Polygon","arcs":[[-1106,-996,-9,-1019,-1213,-1199]],"properties":{"ags":"A_08127","kreis_name":"Schwäbisch Hall"}},{"type":"Polygon","arcs":[[-1244,1303,-822,-630,1304,-896,-465]],"properties":{"ags":"A_03458","kreis_name":"Oldenburg"}},{"type":"Polygon","arcs":[[1305,-1003,-399,-116,1306,-873,-258]],"properties":{"ags":"A_09277","kreis_name":"Rottal-Inn"}},{"type":"Polygon","arcs":[[-1292,-1197,-1300,-1195,-170,-737,-4]],"properties":{"ags":"A_08236","kreis_name":"Enzkreis"}},{"type":"Polygon","arcs":[[1307,-741]],"properties":{"ags":"A_09172","kreis_name":"Berchtesgadener Land"}},{"type":"Polygon","arcs":[[-622,-815,-1297,-662,-1189,-692,-1145,-1101,-1144]],"properties":{"ags":"A_09772","kreis_name":"Augsburg"}},{"type":"Polygon","arcs":[[-609,-819,-1093,-899]],"properties":{"ags":"A_16072","kreis_name":"Sonneberg"}},{"type":"Polygon","arcs":[[-863,-537,-1291,-796,1308,-956]],"properties":{"ags":"A_14523","kreis_name":"Vogtlandkreis"}},{"type":"Polygon","arcs":[[-1305,-629,-426,-897]],"properties":{"ags":"A_03460","kreis_name":"Vechta"}},{"type":"Polygon","arcs":[[-1080,-1192,1309,-888]],"properties":{"ags":"A_09180","kreis_name":"Garmisch-Partenkirchen"}},{"type":"Polygon","arcs":[[-855,-849,1310]],"properties":{"ags":"A_09162","kreis_name":"München"}},{"type":"Polygon","arcs":[[-462,-1004,-1306,-257]],"properties":{"ags":"A_09279","kreis_name":"Dingolfing-Landau"}},{"type":"MultiPolygon","arcs":[[[1311]],[[-224,-329,1312,-1129,-627,-821,-242,-1275]]],"properties":{"ags":"A_03457","kreis_name":"Leer"}},{"type":"Polygon","arcs":[[-941,-802]],"properties":{"ags":"A_09661","kreis_name":"Aschaffenburg"}},{"type":"Polygon","arcs":[[-1009,-1183,-921]],"properties":{"ags":"A_09563","kreis_name":"Fürth"}},{"type":"Polygon","arcs":[[-1282]],"properties":{"ags":"A_12052","kreis_name":"Cottbus"}},{"type":"Polygon","arcs":[[-1012,-204,-1077,-720,-304,-82,-891]],"properties":{"ags":"A_05970","kreis_name":"Siegen-Wittgenstein"}},{"type":"Polygon","arcs":[[-875,1313]],"properties":{"ags":"A_09262","kreis_name":"Passau"}},{"type":"Polygon","arcs":[[-1299,-349,-1256,-176,-1287]],"properties":{"ags":"A_12072","kreis_name":"Teltow-Fläming"}},{"type":"Polygon","arcs":[[-823,-1304,-1243]],"properties":{"ags":"A_03403","kreis_name":"Oldenburg (Oldenburg)"}},{"type":"MultiPolygon","arcs":[[[-1117]],[[-1115,-1254]]],"properties":{"ags":"A_15001","kreis_name":"Dessau-Roßlau"}},{"type":"Polygon","arcs":[[-1276,-455,-428,-1091,-817]],"properties":{"ags":"A_09674","kreis_name":"Haßberge"}},{"type":"Polygon","arcs":[[-547,-301,-1295,-845,-298,-1289,-644,-1288]],"properties":{"ags":"A_08222","kreis_name":"Mannheim"}},{"type":"Polygon","arcs":[[-1255,-1113,-1301,-528,-340,-527,-1277,-971,-178]],"properties":{"ags":"A_14730","kreis_name":"Nordsachsen"}},{"type":"Polygon","arcs":[[-848,-1146,-696,-1224,-856,-1311]],"properties":{"ags":"A_09179","kreis_name":"Fürstenfeldbruck"}}]}},"arcs":[[[3898,2689],[-96,2],[-24,27],[-25,-13],[6,-26],[-31,-35],[-20,1],[-26,-40],[-43,32],[-47,6],[-13,-70],[-86,5],[-24,19]],[[3469,2597],[-31,7],[23,-26],[-43,-24],[9,-13],[-50,-28],[-9,-19],[-77,-13],[11,-27],[-36,-9],[-49,25]],[[3217,2470],[-2,-42],[28,-14],[-15,-32],[45,8],[22,-21],[4,-40],[-29,-9],[12,-24]],[[3282,2296],[-2,-30]],[[3280,2266],[19,12],[38,-10],[49,6],[44,-26],[51,6],[9,27],[41,6],[13,17],[62,-17],[11,-27],[39,4],[28,-15],[46,27],[27,-12],[31,11],[62,-5]],[[3850,2270],[0,7]],[[3850,2277],[19,5]],[[3869,2282],[42,33],[50,7]],[[3961,2322],[2,31],[27,7]],[[3990,2360],[-21,32],[-28,-4],[8,-21],[-34,-1],[-40,32],[11,17],[-52,-2],[-14,21],[-31,6],[49,35],[26,-6],[34,32],[-32,36],[35,58],[75,16],[2,12],[-50,14],[-7,40],[-23,12]],[[3540,2491],[53,-9],[1,-15],[53,-5],[9,-22],[40,-10],[43,-56],[-48,-20],[-56,11],[-44,-25],[-33,42],[32,31],[-34,27],[-42,-1],[-51,35],[67,-2],[10,19]],[[5515,3207],[-12,21],[-50,-18],[-71,-42],[-32,38],[-66,26],[-44,-32],[31,-38],[-53,-15]],[[5218,3147],[-65,-16],[10,-38],[44,-1],[61,12],[32,-3],[64,-45],[-29,-30],[-6,-59],[42,-2],[23,-57]],[[5394,2908],[57,10],[70,-6]],[[5521,2912],[-11,29],[7,109],[65,-41],[55,2],[0,-93],[-10,-10]],[[5627,2908],[42,-18],[-11,-20],[43,-6],[17,18],[11,-30],[29,-26],[31,3]],[[5789,2829],[-12,22],[32,76],[-7,13],[53,17],[22,-4],[29,26],[-6,18]],[[5900,2997],[-54,-9],[-5,14],[-42,-25],[-86,-1],[-23,15],[-8,34],[-21,15],[-27,-18],[28,47],[-7,25],[-54,-9],[-74,32],[-16,20],[35,-2],[-37,41],[6,31]],[[5475,3173],[0,0]],[[3770,7058],[-23,8],[2,48],[-40,4],[-21,-15],[-63,17],[29,43],[-39,17],[27,18],[-61,21],[-40,5]],[[3541,7224],[-6,-44],[-83,-31],[29,-15],[6,-25],[-22,-24],[19,-20],[-21,-66],[-40,-15],[25,-23],[-28,-52],[-20,8],[-66,-33],[-46,-2],[-11,-31],[30,-11],[-1,-50],[-66,-17],[-28,-20],[-48,6],[-2,-18],[-71,-26]],[[3091,6715],[7,-30],[-2,-105],[42,-10],[45,14],[74,-12],[40,21],[49,-5],[28,30],[27,9],[-10,24],[37,8],[44,55],[47,-2],[45,-29],[-46,-42],[33,-40]],[[3551,6601],[81,3],[20,21],[67,12],[-7,19]],[[3712,6656],[-36,19],[30,8],[-5,38],[-27,30],[43,24],[100,17],[-28,27],[-1,27],[105,27],[24,22],[54,-21],[23,6],[4,40]],[[3998,6920],[-34,24],[7,28],[-32,5],[0,29],[-67,-4],[-19,12],[-56,-10],[-21,19],[-6,35]],[[8228,2195],[-26,78],[-71,71],[-42,29],[-57,-6],[-34,11],[-38,28],[0,38]],[[7960,2444],[-6,-32],[-33,-28],[-2,-20],[-71,23],[-21,33],[-84,14],[-29,-35],[-50,-15],[-21,13],[-43,-3],[-51,-16],[-8,16],[-20,-26]],[[7521,2368],[32,-44],[1,-25],[27,-48],[55,-43],[20,-46]],[[7656,2162],[23,-24],[54,15],[51,3],[20,-32],[-15,-5],[53,-50],[66,8],[79,-32]],[[7987,2045],[56,-3],[6,22],[32,-5],[-1,48],[17,19],[-14,41],[50,-15],[46,47],[49,-4]],[[3141,5891],[-94,-9],[-27,32],[-11,-19],[-102,-39],[-39,-43],[-32,-8],[-56,-43],[-15,-50]],[[2765,5712],[79,-6],[3,-40],[103,-30],[14,-58],[-103,-34],[-19,-19],[4,-33],[35,-30],[11,-44],[30,-29]],[[2922,5389],[29,1],[33,20],[52,-4],[75,-28],[34,8],[17,-23],[23,11],[52,57],[-32,33],[8,17],[41,12],[43,-2],[15,-20]],[[3312,5471],[58,27],[9,15],[55,14],[-8,30],[-35,28],[11,35],[-17,37],[3,27],[27,11],[-23,35],[23,32],[-32,17],[-12,23]],[[3371,5802],[-55,29],[-52,-17],[-78,-1],[-23,24],[-22,54]],[[4424,4490],[-43,14],[-6,23],[-42,-8],[-72,12],[-5,13],[-45,-25],[-24,-28],[21,-20],[-20,-18],[-25,5],[-19,-30],[-54,27],[-9,-6]],[[4081,4449],[-5,-19],[17,-42],[28,-15],[-30,-33],[23,-29],[-37,-29],[-61,24],[-13,21],[-42,-4],[-24,33],[-6,-44],[26,-17],[-20,-53],[17,-19],[-34,-13],[-37,-94],[33,1],[1,-32],[20,-15]],[[3937,4070],[10,-36],[74,-40],[62,16],[85,-42],[46,-6]],[[4214,3962],[14,13],[17,76],[52,-5],[-2,-12],[57,-19],[25,2],[58,26]],[[4435,4043],[24,5],[91,92],[0,28]],[[4550,4168],[-2,20],[24,31],[-18,24],[-9,48],[22,17],[26,-7],[-15,47]],[[4578,4348],[-11,12]],[[4567,4360],[-1,2]],[[4566,4362],[-73,9],[-43,-24],[12,-34],[-37,0],[-54,15],[4,41],[38,26],[-4,19],[32,39],[-17,37]],[[3577,8116],[-45,-48],[-36,21],[-53,-21],[-51,3],[-17,-35],[-33,9],[-40,-25],[71,-13],[-5,-44],[18,-4],[-72,-40],[51,-35],[-47,-40]],[[3318,7844],[32,-18],[0,-31],[38,-7],[41,-46],[-23,-40],[37,-29],[4,-63],[46,-60]],[[3493,7550],[41,-9],[26,30],[36,-5],[30,-21],[-22,-26],[-19,-52],[33,-29],[2,-20],[113,-27],[23,-19],[30,3],[-4,-36],[40,-6],[70,27],[22,-18],[6,-38],[-21,-14],[12,-40]],[[3911,7250],[14,16],[74,27],[27,-33],[31,2],[16,36],[27,0],[56,41],[-28,12],[22,32],[-66,24],[32,53],[-20,44],[19,35],[34,-8],[-1,32],[54,-6],[17,14],[-47,41],[-13,26]],[[4159,7638],[-64,10],[-18,20],[-24,82],[-25,39]],[[4028,7789],[12,42],[-73,15],[-61,-47],[-59,27],[-43,30],[15,26],[-32,1],[6,34],[-24,31],[-19,-10],[-24,23],[-16,-15],[-31,5],[-18,43],[62,34],[-38,21],[-68,-11],[-29,32],[-11,46]],[[1527,6147],[8,17],[-26,62],[-38,-5],[-70,26],[-18,24],[17,14],[-49,32],[-11,18],[4,49]],[[1344,6384],[-37,-2]],[[1307,6382],[-29,-18],[-59,-3],[-37,-56],[-42,-5],[-33,-28],[-29,-45],[-103,-2],[-11,-43],[-61,-20],[-8,-39],[71,-14],[81,-45],[2,-38],[-33,-7],[-5,-30],[-26,-24],[-53,-26],[-28,25],[-23,0],[-142,-40],[-78,-40],[-24,15],[-64,11],[19,-27],[-2,-32]],[[590,5851],[28,-32],[62,11]],[[680,5830],[35,0],[51,-28],[24,16],[45,-3],[39,-29],[44,-7],[54,6],[16,-39],[50,-4],[9,-17],[34,-1],[57,22]],[[1138,5746],[7,41],[42,-8],[19,32],[51,4],[15,-23],[29,-6],[58,14],[65,43]],[[1424,5843],[-52,13],[-46,30],[-26,37],[23,53],[7,70],[-33,12],[1,29],[44,-7],[50,37],[46,17],[65,-6],[24,19]],[[7023,2417],[-90,10],[-1,21],[-36,10],[-15,49],[-38,-17],[12,-33],[-58,-32],[-9,-20],[-42,20],[5,13],[-61,-12],[-3,35],[-19,-10],[-54,20]],[[6614,2471],[-32,-28],[-49,-4],[-19,-24],[-36,30],[-18,-12],[-19,-44],[-30,-10],[-4,-27],[-48,-9],[-30,-29],[-16,-72]],[[6313,2242],[71,-7],[6,-21],[59,-7],[25,38],[68,2],[23,-9],[37,-54],[3,-33],[42,24],[23,-15],[49,10],[3,-14],[51,-16],[-2,-42],[33,3],[22,-58],[-32,-14],[6,-66],[-10,-35]],[[6790,1928],[42,-8]],[[6832,1920],[-6,18],[45,26],[60,19],[13,29],[43,6],[52,26],[51,-20],[54,38],[6,30],[33,25],[-20,21],[-2,46],[16,15],[27,-11],[16,56],[-14,18]],[[7206,2262],[-62,19],[4,59],[-109,-6],[19,12],[-41,44],[6,27]],[[6828,2319],[4,-27],[31,-9],[-6,-37],[35,-14],[-18,-47],[-18,8],[-34,-15],[-10,12],[-41,-8],[-24,41],[-31,10],[4,33],[21,20],[10,-20],[39,7],[-3,29],[41,17]],[[5202,817],[-12,20],[-61,-45],[-8,-31],[38,-17],[66,-5],[-5,65],[-18,13]],[[2838,2658],[-1,24],[-30,-10],[-38,26],[-35,-38],[33,-16],[-2,-31],[69,-29]],[[2834,2584],[22,9]],[[2856,2593],[-31,30],[13,35]],[[3365,1075],[-75,-3],[-27,50],[-31,7],[-20,42],[-48,1],[-20,-30]],[[3144,1142],[-6,-19],[-44,-6],[-26,-29],[-27,2],[-62,-43],[5,-14]],[[2984,1033],[43,-53],[-15,-24],[30,-19],[-24,-64],[-53,-11],[6,-50],[31,-20],[-14,-13],[35,-28]],[[3023,751],[56,-3],[6,31],[30,32],[16,-22],[37,13],[31,-9],[-3,33],[19,17],[1,-51],[30,-12],[38,44],[80,28],[64,4]],[[3428,856],[10,14],[-2,52],[-13,48],[-39,19],[-21,-14],[-19,37],[43,-3],[24,15],[-46,51]],[[4094,3799],[-44,-10],[-7,14],[-37,-10],[-45,24],[-7,-21],[23,-41],[-12,-33],[26,-2],[-23,-29],[13,-40],[-21,-22],[-70,-15],[-34,3]],[[3856,3617],[-21,-42],[23,-7],[7,-39],[-19,-12],[38,-24],[24,-55],[34,-5],[-60,-35],[6,-42],[-12,-4]],[[3876,3352],[28,-37],[-15,-10],[34,-47],[6,-36]],[[3929,3222],[31,12],[23,-36],[29,6],[23,-20],[-12,35],[99,18]],[[4122,3237],[34,36],[-8,18],[59,-2],[29,42],[29,18],[63,-3],[-9,23],[108,-2],[-16,53],[28,19],[15,-13],[74,1],[10,16]],[[4538,3443],[11,47],[-42,-4],[5,15],[40,7],[-18,49],[-44,-4],[-24,22]],[[4466,3575],[-18,-29],[-24,-3],[-28,31],[-24,-24],[-75,14],[3,29],[21,20],[-27,10],[-5,29],[-22,-6],[-11,27],[-27,-6],[5,22],[-56,49],[-23,58],[-61,3]],[[3387,4709],[-38,35],[-33,5],[-4,-23],[-61,16],[-72,-9],[-19,28],[-37,-18],[-28,37],[-36,4],[-29,-40],[-79,-22],[-13,10],[-55,0],[-37,17]],[[2846,4749],[-20,-3],[-11,-33],[8,-32],[-25,2],[-50,-33],[-3,-21],[-32,-18]],[[2713,4611],[47,-18],[2,-70],[48,5],[16,-15],[-28,-31],[11,-40],[31,-7],[28,17],[35,-10],[47,-40]],[[2950,4402],[20,-29],[35,-1],[29,36],[60,-26],[40,-2],[26,19],[13,-12],[68,26],[62,-24],[23,21]],[[3326,4410],[-10,24],[73,49],[43,12],[-1,23],[92,28],[5,22],[49,11]],[[3577,4579],[-7,32],[-36,32],[22,11],[-21,30],[-41,-9],[-32,15],[-17,-26],[-31,34],[-27,11]],[[3336,6309],[-29,15],[-41,-3],[-25,-25],[-68,-14],[12,43],[-34,23],[-6,23],[-44,22],[-30,-23],[-50,35],[-67,-7],[-121,18]],[[2833,6416],[-5,-49],[-21,-20],[21,-24],[61,-13],[-26,-24],[-85,-35],[-5,-31]],[[2773,6220],[18,-14],[32,9],[16,-13]],[[2839,6202],[49,17],[41,-16],[28,-34],[23,18],[17,-28],[41,-10]],[[3038,6149],[14,35],[54,4],[36,40],[66,-5],[50,-20],[39,13],[14,70],[25,23]],[[6362,6328],[-35,36],[-38,1],[11,-38],[-22,-15],[-64,-15],[-16,-21],[-36,-117],[25,-7],[61,10],[41,-51]],[[6289,6111],[11,-6],[51,31],[30,-13],[44,43]],[[6425,6166],[1,4]],[[6426,6170],[-16,22]],[[6410,6192],[-29,9],[1,56],[-20,10],[7,24],[-26,21],[19,16]],[[5489,8584],[-22,3],[-16,42],[-30,0]],[[5421,8629],[-43,-80],[-103,-22],[-84,-28],[-55,9]],[[5136,8508],[-17,-16],[33,-16],[-3,-23],[33,-9],[-73,-27],[30,-28]],[[5139,8389],[14,11],[7,-46],[42,-12],[15,34],[34,-16],[85,37]],[[5336,8397],[-16,52],[27,29],[111,52],[40,0],[0,-21],[41,19],[-59,16],[9,40]],[[1224,2782],[-29,65],[-41,-24],[-16,42]],[[1138,2865],[-39,-28],[-23,4],[-61,-30],[-9,-30],[10,-26],[-60,-25],[-52,-31],[-58,50],[-47,-18],[-46,28]],[[753,2759],[-22,-13],[71,-54],[-15,-22],[-26,-1],[55,-61],[60,-27],[-11,-25],[33,-17],[6,-42],[30,5]],[[934,2502],[48,5],[61,42],[2,24],[33,-3],[26,35],[-8,58],[79,43]],[[1175,2706],[-30,46],[79,30]],[[7122,3194],[71,35],[7,62],[27,5],[26,57],[31,27],[-3,22],[-75,20],[-9,17],[32,30],[-43,29],[-32,-13],[0,23],[-69,19],[-55,46],[-61,7]],[[6969,3580],[-22,-30],[-47,-3],[-10,-42],[-103,-30],[-27,24],[-24,-20],[-82,1],[-64,-13],[-11,11]],[[6579,3478],[-39,-24],[-61,0],[29,-60],[-12,-15],[30,-13],[-17,-16],[17,-42]],[[6526,3308],[4,-23],[34,-32],[67,2],[44,22],[30,-22],[1,-21],[37,7],[26,-14],[24,22],[-6,17],[42,10],[40,43],[26,-28],[-10,-16],[57,-28],[0,-36],[29,-11],[25,11],[53,-17],[42,17],[31,-17]],[[2345,733],[5,24],[-88,25],[-58,-2],[-12,-36],[-64,-49],[-46,-11],[-1,-16],[-56,-2],[-57,-23],[-11,7],[-46,-25],[-5,22],[-45,2],[-31,-41]],[[1830,608],[-2,-27],[-34,-29],[9,-47],[51,-41],[40,-69],[45,25],[48,-33],[-45,-15],[21,-30],[31,-5],[109,32],[25,38],[82,-1]],[[2210,406],[8,20],[-25,19],[-8,36],[30,0],[24,35],[62,29],[2,25],[-25,20],[26,48],[23,4],[-2,74],[20,17]],[[2627,2208],[58,-1],[52,-18],[11,-24],[56,19],[0,-32],[76,-5],[37,22],[-37,10],[-10,33],[23,27],[-1,22],[-42,38],[-11,-27],[-48,41],[9,25],[-26,-13],[-3,-24],[-59,11],[-16,12]],[[2696,2324],[-26,-26],[-21,-60],[-22,-30]],[[7714,1202],[-58,39],[8,34],[-21,1],[-68,67],[-37,15],[-55,-9],[-55,31],[-14,-14],[-68,25]],[[7346,1391],[-10,-23],[-35,-2],[-4,-31],[41,-35],[-43,-46],[45,-20],[-26,-7],[9,-59],[-22,-27]],[[7301,1141],[-26,-25],[36,-34],[-11,-18],[20,-40],[36,-5],[-1,-23],[71,-1],[33,30],[-12,46],[56,11]],[[7503,1082],[8,17],[31,-3],[11,27],[55,29],[33,46],[73,4]],[[2566,1859],[0,0]],[[2563,1883],[0,0]],[[2779,2009],[-14,30],[-51,-17],[-56,23],[-15,27],[4,37],[58,14],[7,14],[-105,32],[3,27]],[[2610,2196],[-31,-18]],[[2579,2178],[-43,-16],[-63,-86],[-35,-86],[-30,-33],[-50,-9],[-14,-32],[-40,-2],[-23,-54]],[[2281,1860],[34,-23],[-19,-14],[109,-23],[38,-27],[31,8],[69,-37],[45,1],[-21,-34]],[[2567,1711],[40,-17],[66,-1],[43,18],[55,47]],[[2771,1758],[38,24],[-5,47],[30,7],[19,72],[-21,10],[-47,-26],[13,34],[-9,27],[-38,16],[15,24],[-27,11]],[[2739,2004],[2,3]],[[2741,2007],[38,2]],[[2463,1895],[0,0]],[[2461,1890],[0,0]],[[2376,1826],[0,0]],[[2494,2025],[27,-5],[126,-72],[-16,-26],[44,-48],[-1,-28],[-49,-51],[-44,1],[-6,41],[-43,18],[-47,0],[1,36],[60,12],[-31,40],[-30,8],[50,58],[-41,16]],[[2639,3498],[-47,42],[-60,10]],[[2532,3550],[16,-9],[-23,-28],[-30,-4],[-8,-51],[33,5],[72,-36],[-19,-51],[23,-5],[34,58],[29,8],[40,-9]],[[2699,3428],[-22,43],[-38,27]],[[8630,8708],[0,0]],[[8618,8905],[0,0]],[[8642,8778],[0,0]],[[8176,8875],[0,0]],[[8777,8963],[0,0]],[[9155,8265],[0,0]],[[8607,8803],[0,0]],[[8790,8671],[0,0]],[[8212,8871],[0,0]],[[8643,8863],[-52,-22],[9,-29],[60,-45],[-25,-65],[-29,-28],[41,-10],[21,24],[38,14],[27,-11],[-29,-33],[49,-3],[21,28],[-6,39],[62,-5],[30,-21],[8,-43],[28,10],[21,-48],[-15,-38],[-16,15],[-62,-8],[2,43],[-59,1],[-16,-35],[28,-17],[17,-47],[-21,-33],[-29,-15],[-63,-7],[-9,-27],[71,-13],[24,4],[16,38],[29,-14],[-17,-23],[58,7],[30,26],[71,7],[33,-7],[87,4],[19,-6],[-5,62],[20,15],[-45,24],[-45,38],[-102,69],[-39,32],[-83,26],[-69,32],[-49,47],[-19,42],[-16,6]],[[9313,7779],[-24,31],[5,28],[-24,43],[-2,61],[-14,1],[-8,50],[-26,10],[-27,63],[13,16],[3,67],[-36,21],[0,62],[-18,19],[-49,1],[54,53],[-46,28],[-49,-32],[-66,1],[-82,20],[-90,31],[-71,33],[-57,53],[-33,-2],[-13,22],[20,23],[97,57],[-22,28],[-46,13],[-18,39],[-42,15],[-59,46],[47,25],[-12,12],[32,47],[-55,33],[-6,22],[-55,12],[23,19],[-25,10],[-74,-39],[-57,-12],[-50,-1],[-57,-15],[26,-44],[-47,8],[-35,62],[-50,16],[30,13],[-31,19],[-62,-22],[16,22],[-19,21]],[[8122,8888],[-35,-43],[4,-33],[-79,-18],[47,-50],[30,-11],[-44,-6],[-39,-30],[-89,-28],[-23,20],[-74,-16],[-60,-28]],[[7760,8645],[31,-14],[-15,-23],[30,5],[38,-32],[26,0],[49,-29],[23,16],[51,-24],[17,-22],[-20,-9],[-14,-85],[54,-35],[38,14],[34,-10],[2,17],[33,13],[5,19],[38,-2],[27,-22],[-23,-39],[-35,5],[-1,-21],[35,-26],[76,-25],[61,-5],[55,-63],[97,12],[90,-10],[36,-14],[43,0],[-79,-22],[-31,-22],[45,-19],[34,-27],[-75,-31],[29,-25],[-1,-37],[-49,-9],[-10,-34],[26,-2],[-7,-21],[25,-16]],[[8548,7971],[34,9],[41,-15],[52,31],[-27,-1],[-27,20],[8,49],[43,-39],[60,-22],[-4,-39],[47,-23],[-17,-30],[16,-14],[31,12],[60,5],[48,-7],[6,-20],[34,-4],[43,40],[54,-22],[59,12],[18,-15],[1,-42],[-36,-56],[-104,-77],[-17,-31],[67,8],[56,-17],[60,6],[-5,22],[44,12],[16,34],[35,-3],[69,25]],[[1384,5002],[-24,22],[-24,47],[-49,-16]],[[1287,5055],[-105,-78],[49,-3],[2,-34]],[[1233,4940],[28,15],[39,-7],[26,18],[30,-2],[22,-24],[45,9],[-6,37]],[[1417,4986],[-24,-14],[-9,30]],[[4756,1592],[-19,9],[-31,53],[-18,-11],[-60,8],[-18,29],[-50,18],[-12,18],[-82,-15],[5,26],[-27,21]],[[4444,1748],[-49,-21],[-39,-38],[-27,0],[-27,-36],[-91,7],[-12,-23],[-41,-27],[-28,0],[-49,22],[-28,-6]],[[4053,1626],[-6,-43],[11,-33],[27,-9],[24,-67],[-17,-29],[-44,-1],[25,-26],[-19,-45],[-57,-27],[22,-34],[-53,-18],[23,-31],[-40,-27]],[[3949,1236],[37,-12],[24,-43],[36,4],[18,18],[52,-24],[19,-40],[22,24],[69,0],[-3,35],[25,30],[33,6],[-2,18],[60,18],[38,44],[46,-16],[1,-16],[35,2],[36,-34],[24,6],[34,-70],[-10,-53],[16,-13],[50,28]],[[4609,1148],[-13,58],[-25,39],[5,54],[-74,87]],[[4502,1386],[-25,-13],[18,-15],[-41,-18],[-35,-2],[6,37],[-84,15],[-5,18],[26,12],[6,24],[41,18],[32,-2],[-37,24],[8,21],[55,8],[18,18],[55,-7]],[[4540,1524],[30,-2],[63,25],[18,-26]],[[4651,1521],[41,4],[9,22],[67,22],[-4,10]],[[4764,1579],[-4,7]],[[4760,1586],[-4,6]],[[2812,3159],[-51,8],[-52,-8],[-10,-62],[-60,13],[-33,-5],[23,-43],[-37,-6],[-7,-30],[19,-46]],[[2604,2980],[27,-6]],[[2631,2974],[68,11],[7,14],[71,-14]],[[2777,2985],[-37,44],[-26,62],[7,27],[82,30],[9,11]],[[3489,1908],[-18,9],[-14,41],[9,25],[-25,19],[-61,-1],[-7,23],[-36,25]],[[3337,2049],[-25,-5],[-35,-33],[0,-18],[32,-9],[-38,-30],[-40,6],[-29,-24]],[[3202,1936],[34,-33],[-7,-21],[54,-15],[-26,-22],[9,-13],[-70,-49],[-9,-27],[4,-56],[-50,14],[22,-107]],[[3163,1607],[85,-28],[20,21],[-15,27],[39,6],[3,29],[46,0],[21,30],[68,-2],[23,-12],[19,21],[29,-6],[18,42],[37,-26]],[[3556,1709],[24,3]],[[3580,1712],[-8,18],[33,19],[-51,57],[-44,8],[27,10],[-8,23]],[[3529,1847],[-23,8],[-41,41],[24,12]],[[8327,5805],[-48,2],[-47,34],[-31,-4],[-41,20],[-116,-13],[-30,45],[11,27],[-74,7],[-13,-31]],[[7938,5892],[-29,-2],[43,-72],[-17,-45],[7,-29],[36,-37],[-36,-7],[0,-30],[-112,-50]],[[7830,5620],[46,-54],[30,17],[44,-34],[-22,-27],[48,-17],[25,-43],[-1,-25],[-25,-46],[21,-16],[-11,-27],[18,-40]],[[8003,5308],[8,-12],[75,5],[-1,14],[79,31],[20,-13],[28,38],[28,-32],[20,3],[19,-25],[63,-12],[2,-27],[73,4],[4,-19],[97,-3],[9,9]],[[8527,5269],[12,11],[-18,39],[40,25],[-32,60],[-64,32],[26,2],[-4,29],[55,-13],[42,20],[58,5],[92,50],[-16,18],[25,35],[-10,44],[-48,20],[-11,35],[-18,0],[-12,54]],[[8644,5735],[-17,-3],[-8,32],[-50,0],[-37,-24],[-1,-18],[-33,7],[-3,19],[-57,-8],[-33,19],[-33,-13],[-45,59]],[[4760,6291],[-24,12],[-25,-19],[-9,-30],[21,-28],[-27,-13],[25,-36],[-6,-48],[12,-48]],[[4727,6081],[60,8],[30,27]],[[4817,6116],[-4,17],[60,-6],[8,8],[-18,49],[-27,25],[-55,1],[-22,29],[17,13],[-16,39]],[[5378,6134],[-8,34],[45,55],[36,13],[23,46],[-5,21],[-40,-7],[-38,41],[-31,0],[-66,73],[9,39],[-18,12],[-80,-10]],[[5205,6451],[-31,-23],[-2,-26],[-22,-7],[7,-37],[-26,0],[3,-23],[-35,-1],[-42,-22]],[[5057,6312],[-81,-74],[40,-107]],[[5016,6131],[33,-31],[-22,-21],[23,-34],[35,-11],[31,43]],[[5116,6077],[43,4],[60,23],[-8,22],[61,10],[106,-2]],[[5332,7094],[-70,-18],[-27,-22],[-37,10],[-91,77],[-31,0],[-71,-30],[-16,8]],[[4989,7119],[-49,-51],[4,-22],[-44,-47],[47,-83],[-29,-32],[42,-33],[-36,-49],[28,6],[-34,-28],[-26,13],[-54,-50],[-24,7],[-11,-22]],[[4803,6728],[17,-6],[-19,-30],[34,-31],[-12,-14]],[[4823,6647],[60,-21],[24,-26],[17,-52],[44,11],[0,-31],[-25,-4],[24,-28]],[[4967,6496],[66,-12],[-6,41],[46,6],[25,-11],[-18,-27],[45,31],[44,-10]],[[5169,6514],[5,50],[61,-5]],[[5235,6559],[-25,83],[29,24],[69,-16],[7,21],[41,37],[16,-15],[87,-12],[16,-18]],[[5475,6663],[48,15]],[[5523,6678],[10,26],[34,12],[37,-6]],[[5604,6710],[-66,65],[-9,53],[39,23],[-12,25],[-47,-20],[-48,68],[-48,48],[-10,22],[-30,-5],[-5,43],[-39,45],[3,17]],[[2585,4922],[-54,52],[-63,-2],[22,39],[-41,26],[-15,26],[23,20],[-64,24],[-24,-14],[-23,12],[-25,-15],[-61,-1]],[[2260,5089],[-13,-31],[14,-28],[-61,-32],[-59,0],[-38,-21],[34,-30],[-3,-54],[-119,-11]],[[2015,4882],[-12,-6],[34,-57],[-11,-33],[26,-26],[34,3],[6,-52]],[[2092,4711],[30,0],[41,-18]],[[2163,4693],[66,-1],[33,78],[-8,23],[24,34],[50,3],[43,-35],[67,25],[74,-22],[4,16],[42,2],[34,44],[-19,56],[12,6]],[[4074,940],[-40,-10],[-14,14],[8,-49],[-29,-1],[-19,30],[-43,-39],[-62,1],[-17,-25],[6,-26],[-39,-53],[27,-23],[9,-51]],[[3861,708],[43,5],[-14,-19],[30,-4],[-29,-33],[8,-26],[23,4],[39,-18],[-9,-17],[37,-8],[46,8],[50,-28],[10,-18],[35,4],[-4,-17],[33,-12],[47,3],[20,-39],[-15,-21],[-52,-13],[10,-22]],[[4169,437],[16,-11],[43,20],[-6,-17],[83,59],[29,35],[47,-15],[92,-16],[34,37],[31,-10],[31,8],[20,-53]],[[4589,474],[18,39],[39,8],[11,35],[-25,21],[-1,54],[-56,31],[73,44]],[[4648,706],[-53,46],[20,40],[10,64]],[[4625,856],[-25,17],[19,31]],[[4619,904],[-38,1],[-25,-33],[-44,4],[1,23],[-24,6],[-31,-21],[-59,34],[-43,-14],[-26,-26],[-79,3],[4,18],[-76,16],[-18,-20],[-24,12],[-41,-15],[-22,48]],[[1363,2618],[-8,38],[-39,7],[-4,-20],[-52,38],[-57,-3],[-28,28]],[[934,2502],[9,-17],[-22,-22],[30,-32],[45,6],[59,-22],[27,30],[-25,47],[25,15],[37,-18],[49,17],[23,-24],[18,8],[38,-28],[27,5],[-7,-21],[31,-82],[35,24],[-8,29],[21,4]],[[1346,2421],[28,27],[-23,11],[33,40],[-6,36],[-25,15],[-23,-14],[-26,33],[22,30],[37,19]],[[1556,5471],[-12,33],[-64,8],[-86,-15]],[[1394,5497],[-24,-7],[17,-53]],[[1387,5437],[58,5],[5,15],[34,-4],[72,18]],[[1134,8190],[-44,-6],[35,-22],[9,28]],[[1706,8289],[-41,12],[-37,-10],[31,-10],[47,8]],[[1347,8230],[-34,11],[-230,-27],[11,-8],[115,14],[138,10]],[[1610,8287],[-171,-3],[-47,-15],[22,-17],[116,7],[56,11],[24,17]],[[1835,8223],[-25,-5],[-51,15],[-185,-1],[-74,-18],[-99,-56],[-13,-23],[-58,-45],[51,-44],[-44,-20],[-61,22],[13,-39],[-26,-31],[-28,-160]],[[1235,7818],[15,24],[27,-34],[56,23],[7,18],[49,17],[48,-12],[27,18],[19,-13],[53,19],[11,-32],[28,-25],[-5,-16]],[[1570,7805],[38,17],[75,-18],[23,17],[60,10],[82,-32],[38,-1],[0,-15],[72,9],[73,25],[93,21]],[[2124,7838],[-12,32],[-40,17],[16,38],[-51,-3],[1,40],[-64,-12],[0,51],[-36,30],[20,13],[-14,32],[-30,1],[-153,-19],[-58,-18],[-15,63],[6,46],[101,13],[-27,25],[23,22],[44,14]],[[6414,5601],[-35,-5],[-16,20],[-110,25],[0,48],[-63,-21],[-30,4],[-23,36],[-45,9],[-11,-14],[-49,22]],[[6032,5725],[-6,-39],[-67,-26],[-3,-15],[-41,-21],[-66,-11],[18,-27],[-32,-39],[-60,6],[-9,-28],[-28,-10],[-49,49],[-49,-14],[-17,40],[-62,11],[-41,-4],[-17,-17]],[[5503,5580],[16,-32],[-46,6],[7,-50],[58,-25],[-13,-34],[37,-39],[-4,-63],[13,-7]],[[5571,5336],[49,-11],[52,14],[89,-35],[84,5],[48,-6],[52,12],[10,-26],[72,-11],[-4,-28]],[[6023,5250],[8,-13]],[[6031,5237],[31,-12]],[[6062,5225],[4,37],[36,7],[38,48],[66,41],[43,0],[36,22],[69,-49],[50,9],[35,42],[-74,46],[18,37],[-11,30],[-24,10],[48,63],[27,7],[-9,26]],[[4861,755],[-23,7],[-61,-10],[-31,-21],[-36,17],[3,-18],[-65,-24]],[[4589,474],[-18,-41],[1,-35],[-38,4],[-57,-30],[-7,-18]],[[4470,354],[4,-39],[26,-16],[6,-27],[47,7],[28,-40],[21,5],[18,-40],[-39,-27],[32,-68],[22,27],[54,-6],[14,27],[60,-24],[-41,-60],[18,-21],[-41,-19],[-5,-33],[30,9],[34,-9],[127,61],[43,66],[44,28],[11,29],[40,24],[-13,65],[-26,5],[-9,22],[25,67]],[[5000,367],[-27,27],[47,13]],[[5020,407],[0,23],[-25,9],[50,26],[17,44],[-15,26],[-43,6],[6,34],[-18,18],[25,11],[-28,23],[-10,52],[-23,-1],[-60,22],[5,13],[-40,42]],[[4826,651],[82,-18],[-14,-41],[12,-25],[-29,2],[-24,-23],[-59,2],[-5,73],[-30,16],[67,14]],[[2200,8376],[-41,-9],[19,-19],[11,20],[37,-9],[52,7],[-78,10]],[[2425,8175],[-20,12],[-31,-8],[-27,55],[13,27],[-22,9],[-107,8],[-113,-14]],[[2118,8264],[27,-49],[2,-44],[26,-31],[-17,-24],[14,-15],[-23,-14],[-5,-40],[-18,-24],[6,-24],[73,20],[56,-9],[-9,-38],[17,4],[31,-28],[-8,-22],[-119,-58],[14,-29]],[[2185,7839],[16,-31]],[[2201,7808],[81,-29],[11,-32],[65,7],[36,41],[68,-15],[53,30]],[[2515,7810],[31,16],[5,38],[-13,17]],[[2538,7881],[-47,50],[-56,-3],[-42,47],[0,30]],[[2393,8005],[-35,42],[13,18],[-36,62],[-16,1],[52,36],[54,11]],[[5681,2656],[-28,4],[-24,39],[-37,4]],[[5592,2703],[-30,-25],[24,-23],[20,-54],[34,1],[21,28],[29,-6],[-9,32]],[[1931,3821],[-28,19],[-41,-9],[-42,14],[-31,-43],[-43,-39],[-20,17],[-39,-28],[17,-21],[-52,-20]],[[1652,3711],[-20,-20],[13,-15],[-54,-10],[-13,12],[-23,-21],[55,-47],[-19,-25],[32,-61],[-64,-29],[-14,-29],[-26,8],[-19,-22],[-44,9]],[[1456,3461],[21,-22],[35,-10],[-46,-53],[12,-19]],[[1478,3357],[64,19],[-1,-23],[33,3],[14,19],[77,-7],[5,-48]],[[1670,3320],[28,-20],[48,33],[28,-8],[42,36],[39,12],[68,48],[34,6],[4,36],[45,15],[-22,28],[52,-3]],[[2036,3503],[-38,18],[-9,25],[-26,-1],[42,41],[64,25]],[[2069,3611],[-46,44],[17,16],[-43,48],[-59,17],[-5,31],[-39,36],[-28,11],[24,12],[41,-5]],[[7656,2162],[-30,-12],[-8,-22],[19,-27],[-41,-21],[13,-65],[-46,-22],[-40,18],[-22,-23],[16,-27]],[[7517,1961],[17,-23],[-4,-35],[35,-17],[-15,-30],[42,-49],[79,-30],[43,-2],[0,-38],[24,-15]],[[7738,1722],[30,-14]],[[7768,1708],[26,-2],[8,35],[42,-6],[46,16],[-11,27],[19,45],[37,10],[58,0],[25,22],[28,-2],[10,36]],[[8056,1889],[-7,31],[-34,21],[22,35],[-28,14],[-52,-3],[34,13],[-4,45]],[[3405,3591],[-6,11],[-55,13],[-28,-14],[-38,26],[13,38],[-74,11]],[[3217,3676],[-10,-14],[29,-66],[-50,-2],[-35,-29],[-9,21],[-35,-1]],[[3107,3585],[-82,-12],[-49,-14],[-6,-32]],[[2970,3527],[40,-53],[-9,-14]],[[3001,3460],[59,-18]],[[3060,3442],[56,4]],[[3116,3446],[32,-7],[28,13],[33,-15],[72,24],[25,0],[48,46],[79,-14]],[[3433,3493],[21,14],[-5,48],[-57,6],[13,30]],[[1309,4812],[-100,-10],[-4,19],[-81,51]],[[1124,4872],[-48,25]],[[1076,4897],[-33,-14],[8,-20],[-28,-12],[-34,20]],[[989,4871],[27,-35],[45,-10],[6,-52],[-40,-52],[15,-26],[38,-30],[24,6],[43,-22],[-3,-40],[17,-30],[54,4]],[[1215,4584],[46,-2],[38,13],[4,-25],[31,4],[77,44]],[[1411,4618],[-26,20],[9,79],[-37,-2],[-27,19],[10,35],[-31,7],[0,36]],[[6731,1119],[-40,40],[-23,-12],[-30,12],[-19,-10],[-64,54],[-54,-2],[-51,21],[-32,-1]],[[6418,1221],[5,-50],[17,-26],[-28,-23],[10,-46],[24,-22],[8,-91],[-24,3],[-5,-39],[47,-11],[47,-45]],[[6519,871],[26,11],[63,-32],[12,17],[-9,61],[39,-12],[33,-29],[81,19],[27,46],[-23,8],[-3,88],[-13,16],[26,30]],[[6778,1094],[-40,9],[-7,16]],[[4583,8251],[-2,12]],[[4581,8263],[2,-12]],[[5136,8508],[0,11],[-50,17]],[[5086,8536],[-30,-22],[-84,-5],[2,-30],[-84,-27],[-36,21],[-2,-21],[-80,-28],[4,-39],[16,-23],[-49,-1],[-26,25],[-49,-19],[-19,-21],[16,-11],[-42,-22],[4,27],[-76,-1],[-21,-21],[5,-30],[49,-21]],[[4584,8267],[10,14],[43,-9],[44,25],[35,-3],[-13,-28],[-27,-5],[-18,-32],[60,-32],[-7,-21],[35,-6],[-35,-27],[13,-37],[-39,-2],[-20,-21],[18,-58],[25,-11],[26,10],[29,-31]],[[4763,7993],[34,14],[42,57],[88,34],[34,31],[56,-7],[42,16],[-17,31],[-36,-1],[-60,47],[7,43],[35,-3],[-4,32],[-47,16],[44,2],[36,35],[36,-17],[34,12],[7,37],[45,17]],[[731,5310],[-22,24]],[[709,5334],[-51,-8],[-9,-17],[-69,10],[-12,-24],[-73,-39],[-61,-12],[-44,13]],[[390,5257],[-60,-41],[-49,-75],[-56,-41],[14,-26],[-19,-3],[15,-62],[31,2],[60,27],[10,-13]],[[336,5025],[38,-23],[45,30],[44,-18]],[[463,5014],[26,4],[17,59],[44,-9],[54,4],[41,35],[70,-29]],[[715,5078],[43,6],[7,14],[52,15],[-21,11],[-12,33]],[[784,5157],[-93,2],[-13,19],[26,9],[2,31],[-30,16],[-9,51],[15,19],[49,6]],[[2631,2974],[1,-56],[-28,-9],[22,-48],[-41,-8],[36,-18],[13,-41],[-52,-9],[2,-27],[22,3],[17,-39],[28,-30],[17,-71]],[[2668,2621],[3,-5]],[[2671,2616],[3,-14]],[[2674,2602],[52,-20],[26,-40],[23,0]],[[2775,2542],[59,42]],[[2838,2658],[29,30],[4,32],[-25,-18],[-14,16],[35,31]],[[2867,2749],[12,25],[-39,16]],[[2840,2790],[-66,-21],[-27,5],[-37,48],[-45,-10],[-3,32]],[[2662,2844],[0,48],[56,62],[18,-7],[33,21],[17,-10]],[[2786,2958],[0,12]],[[2786,2970],[-9,15]],[[5504,3411],[-99,-37],[62,-55],[47,-17],[27,18],[1,45],[-15,33],[-23,13]],[[2713,4611],[-55,-1],[-15,27],[-24,0],[-42,-40],[-46,-28],[-25,-33],[-44,-19],[45,-68],[-26,-52],[-19,-12]],[[2462,4385],[-17,-37],[33,-32],[-15,-28],[27,-14]],[[2490,4274],[14,-29],[46,-17],[28,28],[28,-14],[35,-57],[26,-17],[47,-10],[3,-26],[37,-41],[51,17],[-19,-23],[11,-23],[37,-25]],[[2834,4037],[32,-24],[20,4]],[[2886,4017],[27,23],[42,-3]],[[2955,4037],[-35,5],[-18,62],[20,3],[53,45],[39,-6],[17,27],[-59,7],[-34,18],[32,6],[26,22],[-20,44],[-47,40],[-35,-1],[6,31],[23,17],[27,45]],[[1888,4101],[-25,-3],[-44,-52],[-72,-9],[-34,35],[-47,2],[-55,42]],[[1611,4116],[-41,-13],[-24,-63],[-28,-30],[-39,20],[-48,3],[-55,-29],[-5,21],[-27,-14],[-25,8],[-74,-33],[-27,-34]],[[1218,3952],[59,-17],[-70,-37],[28,-21],[19,5],[56,-18]],[[1310,3864],[61,-22],[42,23],[25,-2],[6,-22],[60,-1],[26,-12],[52,-50],[-6,-18],[36,2],[19,23],[22,-12],[-15,-26],[14,-36]],[[1931,3821],[11,25],[-47,36]],[[1895,3882],[-20,5],[-34,-19],[-37,14],[-7,19],[18,31],[-32,-3],[-18,41],[29,25],[64,37],[35,-24],[10,-22],[56,8]],[[1959,3994],[-15,24],[34,7],[-40,38],[-10,26],[-40,12]],[[2278,6422],[1,-27],[86,-35],[49,20],[29,-25],[26,15],[-12,37],[28,2],[35,25],[-15,20],[-50,-9],[-23,39],[-85,-2],[-11,25],[-49,-18]],[[2287,6489],[24,-27],[-60,-2],[27,-38]],[[1465,4339],[-17,-9]],[[1448,4330],[-24,-39],[-27,-16],[-40,12],[-23,-30],[-37,26],[-64,-53],[-76,-8]],[[1157,4222],[4,-30],[-47,-37],[20,-5],[-6,-43],[-50,-19],[-47,23],[-12,24],[-36,-9],[-4,-43],[-23,-12],[45,-26],[-16,-30],[33,-46]],[[1018,3969],[16,-42],[42,-4],[90,-22],[52,51]],[[1611,4116],[-52,55],[-23,59],[-71,35],[3,40]],[[1468,4305],[-3,34]],[[5406,4250],[18,32],[-17,27],[8,22],[-47,57],[-43,-1]],[[5325,4387],[-8,-25],[-49,-8],[-7,-45],[-53,26],[-19,-20],[-68,-20],[-15,-20],[33,-19]],[[5139,4256],[27,3],[53,-22],[36,-3],[60,60],[23,-2],[15,-31],[32,-17],[21,6]],[[1235,7818],[22,-27],[43,-5],[136,0],[129,-15]],[[1565,7771],[5,34]],[[1394,5497],[-7,26],[-36,28],[-34,-7],[-8,34],[-38,13],[-42,-4],[0,-35],[19,-8],[10,-56],[-11,-16]],[[1247,5472],[43,-27],[23,-34],[36,-5]],[[1349,5406],[36,12],[2,19]],[[5571,5336],[-34,-25],[-38,-8],[-116,24],[-40,-36],[-54,5],[-82,-7],[-17,-10],[-80,20],[-8,-26],[-27,-10]],[[5075,5263],[-43,-34]],[[5032,5229],[26,-20],[-13,-21],[35,-8],[37,27],[46,-8],[33,-40],[46,-12],[35,-80],[59,1],[-4,-17],[42,21],[106,-4],[30,-16]],[[5510,5052],[55,-7],[8,28],[23,-1],[3,59],[25,5],[4,25],[41,9],[1,33],[42,-15],[14,-30],[40,-5],[-8,-35],[76,-28],[39,38],[42,-26],[36,34],[63,-32]],[[6014,5104],[30,-6],[66,71]],[[6110,5169],[-65,47],[17,9]],[[6031,5237],[-8,13]],[[7228,5251],[-35,10],[11,20],[-20,45],[33,-1],[4,17],[-56,22],[1,-23],[-41,-1],[-8,-15],[-140,2],[-1,-29],[-26,-30],[-1,-32]],[[6949,5236],[17,-21],[-24,-8],[37,-108],[47,1],[11,35],[32,17],[86,3],[51,-36],[29,59],[37,4],[-1,39],[-43,30]],[[6974,6367],[0,0]],[[7474,6766],[-37,12],[-117,-29],[-51,14],[-39,-1],[-22,19],[-57,2],[-16,-100],[39,4],[-23,-27]],[[7151,6660],[-8,-29],[29,-13],[-3,36],[25,-4],[27,24],[27,-20],[46,-7],[7,35],[43,23],[52,-11],[5,15],[50,22],[-15,-22],[-43,-17],[-50,3],[-27,-14],[-7,-37],[54,17],[18,-10],[69,-4],[-35,-12],[18,-26],[-39,-28],[-43,-4],[-20,-58],[-62,7],[-34,-40],[-94,-14],[4,30],[-30,35],[-7,93],[-30,11]],[[7078,6641],[-36,-4],[-12,18]],[[7030,6655],[-22,-38],[-15,-77],[27,-25],[-49,-64],[-20,-60],[57,-25],[-57,-28],[4,-29],[-33,-14],[26,-42],[23,-10],[15,-37]],[[6986,6206],[41,-14],[20,-35],[47,-27]],[[7094,6130],[55,-33],[26,-4],[11,24],[22,-2],[20,-31],[41,-8],[3,-23],[83,-4],[32,16],[10,23],[50,-12],[76,-30]],[[7523,6046],[82,23],[10,29],[24,-1],[31,21],[63,-14],[-7,40],[34,48],[-9,38],[-30,26],[51,15],[93,54],[24,60],[63,43],[-29,23],[43,9],[-12,20],[40,15],[54,3],[0,24],[26,7],[40,56]],[[8114,6585],[-17,22],[-51,-15],[-4,20],[-55,-7],[-39,-16],[7,-11]],[[7955,6578],[-21,-18],[-11,-37],[-92,8],[-11,-19],[-77,40],[14,18],[-54,4],[12,79],[-57,11]],[[7658,6664],[-2,-14],[-80,30],[-27,-14],[-53,-5],[16,29],[-27,22],[16,14],[-36,20]],[[7465,6746],[9,20]],[[4214,3962],[16,-54],[-48,-43],[-52,-12],[-21,-26],[34,-15],[-49,-13]],[[4466,3575],[6,38],[47,31],[55,-13],[83,21],[11,38],[78,6],[40,-6],[51,21],[26,-16],[-11,30],[26,20],[-22,29],[26,1],[26,24]],[[4908,3799],[-27,20],[-15,37],[13,13],[-48,26],[-52,-50],[-43,4],[-48,-9],[-79,20],[35,18],[-57,20],[-13,-14],[-38,14],[-14,30],[-31,-22],[-65,49],[26,17],[5,24],[-33,-8],[19,40],[-8,15]],[[4590,3891],[0,0]],[[6550,2856],[-35,-11],[2,-22],[-58,2],[-18,-36],[7,-22],[36,1],[22,-19],[85,43],[-41,64]],[[4211,8072],[-15,1]],[[4211,8072],[0,0]],[[4022,8175],[0,0]],[[2238,8881],[0,0]],[[2199,8882],[0,0]],[[4008,8199],[0,0]],[[3989,8209],[-12,51],[-21,7],[33,-58]],[[4234,8502],[-89,-4],[-27,-14],[33,-35],[-15,-63],[-21,-37],[-83,-27],[19,-39],[-72,-11]],[[3979,8272],[37,-55],[16,-50],[-12,-14],[129,-63],[66,-8]],[[4215,8082],[32,80],[57,-53],[23,1],[74,70],[0,13],[44,1]],[[4445,8194],[-5,57],[41,59],[-7,35],[-34,-24],[-53,1],[4,30],[-31,8],[15,37],[-34,24],[-31,-5],[3,26],[-66,35],[-13,25]],[[4185,5128],[0,0]],[[4162,5536],[-52,34],[-13,36],[-66,-15],[-26,18],[-20,-17],[-29,6],[-5,34],[-56,-9]],[[3895,5623],[-15,-25],[-98,-20],[33,-27],[-34,-44],[-21,-9],[-9,-51],[-28,2],[-20,-21],[-52,-22],[0,-28],[-34,9],[-33,-30]],[[3584,5357],[7,-29],[-23,-10],[31,-24],[6,-29],[-22,-19],[-12,20],[-45,-10],[30,-25],[-32,-19],[5,-34],[24,-34],[-35,-11],[5,-23],[33,-8],[-2,-28],[51,-42],[17,-25]],[[3622,5007],[42,11],[-8,22],[48,2],[20,47],[52,30],[29,-28],[126,-14],[10,-16],[39,13],[49,-18],[-7,-14],[51,-34],[35,15]],[[4108,5023],[-8,26],[48,27],[16,26],[42,-7],[32,30],[-73,3],[-47,18],[10,35],[22,4],[63,-18]],[[4213,5167],[-62,27],[-51,-5],[5,18],[-31,-1],[-40,19]],[[4034,5225],[-2,-15],[-39,-13],[33,-26],[-68,-28],[-17,-18],[-114,26],[-23,43],[27,5],[-13,37],[57,7],[40,-13],[45,10],[43,-18],[19,17]],[[4022,5239],[-9,10]],[[4013,5249],[1,4]],[[4014,5253],[30,10],[-19,15],[20,25],[22,-2],[49,22],[-17,36],[17,28],[-37,32],[-22,40],[28,4],[8,30],[28,5]],[[4121,5498],[-25,27],[22,11],[30,-18]],[[4148,5518],[14,18]],[[6859,3787],[-34,-10],[-48,20],[-34,-20],[-23,-37],[-48,-18],[5,24],[-34,18],[-32,-5],[11,-23],[-103,-78],[-65,-21]],[[6454,3637],[31,-24],[-22,-10],[41,-15],[36,-30],[-10,-24],[43,-30],[6,-26]],[[6969,3580],[15,23],[-82,45],[-5,40],[23,32],[-44,58],[-17,9]],[[5464,4915],[-119,-7],[-40,24],[-30,-12],[-12,-26],[17,-36],[-36,-20],[-69,1]],[[5175,4839],[-32,-22],[-114,-36],[5,-31],[38,-5],[-17,-14],[-23,-57],[-53,-9],[-37,-51],[11,-18]],[[4953,4596],[18,-10],[42,12],[39,-24],[39,-8],[0,-56],[22,1],[19,-55],[41,-4],[40,-29],[20,10],[39,-9],[21,28],[32,-25]],[[5325,4427],[17,61],[37,0],[25,18],[14,39],[-22,17],[37,-1],[7,20],[-41,4],[91,75],[35,-7]],[[5525,4653],[-5,19],[36,14],[-29,34],[-45,-3],[-3,21],[-33,21],[31,17],[-31,13],[-1,33]],[[5445,4822],[31,58],[-12,35]],[[6202,2759],[-2,12],[44,58],[-32,39],[-32,2],[13,50],[-37,4],[63,41],[-25,31],[56,25],[-32,21],[4,31],[-17,65]],[[6205,3138],[4,-64],[-19,-31],[-36,12],[-36,-6],[-59,-40],[-38,25],[-25,43]],[[5996,3077],[-30,-12],[-9,-26],[-35,-9],[-22,-33]],[[5789,2829],[8,-8],[-56,-29],[-1,-15],[50,-21],[12,-35],[-23,-1]],[[5779,2720],[-15,-15],[40,4],[60,-71]],[[5864,2638],[49,-10],[38,-19],[60,31],[13,39],[29,24],[3,23],[45,36],[79,-14],[22,11]],[[5885,2785],[15,-29],[-20,-1],[-15,32],[20,-2]],[[7346,1391],[-17,43],[-55,45],[-23,-7],[-40,17]],[[7211,1489],[-49,-32],[-27,-57],[-16,4],[-40,-24],[-7,-19],[-38,9],[-77,-20]],[[6957,1350],[5,-39],[-30,-18],[7,-36],[-20,-25],[4,-38],[-35,22],[-37,-32],[-46,-9],[-8,-20],[-78,-14],[12,-22]],[[6778,1094],[49,12],[21,-21],[-17,-22],[30,-19],[52,59],[-1,18],[38,-21],[8,11],[38,-37],[47,-1],[23,26],[41,-11]],[[7107,1088],[37,17],[24,-25],[56,44],[37,-1],[40,18]],[[2002,3058],[-53,-18],[21,40],[-18,42],[-16,-19],[-47,-9],[-56,16],[-10,27],[-18,-8]],[[1805,3129],[4,-32],[-89,-16],[-21,-21],[12,-79],[-56,11],[-24,-6],[-42,-51],[-52,-10]],[[1537,2925],[-1,-14],[37,-18],[-26,-9],[-4,-39],[21,-25],[-60,-27],[7,-18]],[[1511,2775],[43,-30]],[[1554,2745],[28,-35],[41,-2],[12,-21],[32,11]],[[1667,2698],[-4,15],[31,48],[42,18],[-14,24],[45,54],[44,27],[62,17],[25,-10],[58,51],[-24,17],[14,17],[48,1]],[[1994,2977],[1,40],[33,27],[-26,14]],[[2839,6202],[-27,-43],[7,-22],[-36,-9],[45,-32],[-38,-57],[-50,1],[18,-24],[34,-13],[41,5],[30,-13],[14,-32],[43,14],[37,-7],[29,9]],[[2986,5979],[46,42],[0,41],[15,27],[-23,16],[20,17],[-6,27]],[[1213,3630],[-31,-23],[-9,11],[-34,-18],[-36,56],[-24,17],[-88,-30],[-22,13],[-28,-35],[-32,-8]],[[909,3613],[-2,-32],[21,-18],[-19,-30],[30,-49],[-51,-24],[26,-22],[7,-55]],[[921,3383],[23,-33],[24,16],[33,-19],[15,-33],[17,14],[58,4],[49,-52],[34,-2],[-1,-24],[-43,-3],[-30,-29],[36,-39],[41,-18],[30,-29],[-10,-24],[43,-27],[44,21]],[[1284,3106],[94,88],[-3,25],[94,68],[54,32],[-45,38]],[[1456,3461],[-6,26],[-55,6],[-23,46],[-24,12],[-3,33],[-47,10],[-39,-3],[-46,39]],[[2345,6950],[-45,16],[-64,-21],[-69,38],[-56,-12],[-43,-29],[-81,2]],[[1987,6944],[5,-21],[-90,-51],[8,-110],[-11,-81]],[[1899,6681],[87,-26],[27,-68],[102,-38],[39,-3],[53,15],[49,-20],[13,-39],[18,-13]],[[2278,6422],[-37,-23],[4,-36],[-22,-24],[2,-23],[34,-18],[74,0],[1,-78],[-40,1],[-14,-14],[-80,-28]],[[2200,6179],[35,-41],[68,-19],[15,17],[80,24],[32,-14]],[[2430,6146],[67,24],[41,-3],[7,18],[71,57],[48,-18],[14,10],[54,-21],[41,7]],[[2833,6416],[-4,63],[-25,59],[-50,28],[-87,27],[9,26],[-27,39]],[[2649,6658],[12,55]],[[2661,6713],[-76,-26],[-39,1],[-47,-60],[-30,15],[-77,-1],[3,76],[-45,24],[23,39],[-3,48],[34,10],[9,25],[-9,36],[-27,13],[-32,37]],[[5469,3624],[-27,-2]],[[5442,3622],[-1,-23],[-29,-11],[7,-19],[-36,-16],[-25,11],[-11,-27],[-21,-3],[12,-29],[-26,-11],[22,-23],[-39,-21],[19,-12],[-56,-46],[16,-10],[-29,-27],[-18,10],[-37,-35],[-35,-11],[12,25],[-51,-13],[-12,21],[-49,-6]],[[5055,3346],[-50,3],[-20,-42],[23,-13],[-14,-18]],[[4994,3276],[35,-24],[9,-22],[29,22],[21,-12],[18,-49]],[[5106,3191],[73,-22],[21,4],[18,-26]],[[5515,3207],[38,3],[22,19],[34,-3],[68,13],[27,16],[3,36],[73,14],[5,-16],[62,7],[7,42]],[[5854,3338],[-50,14],[-8,36],[33,35],[-23,15],[27,32],[37,7],[-7,14]],[[5863,3491],[-32,34],[-29,-10],[6,22],[-53,-5],[55,35],[-13,11],[-37,-17],[-31,6],[-22,-15],[-41,0],[-59,-26],[-61,41],[-25,-17],[-60,41],[8,33]],[[463,5014],[12,-30],[19,-3],[44,-70],[92,-7]],[[630,4904],[-8,19],[46,10],[-11,35],[26,13],[48,-6],[-23,49],[-27,-16],[-2,73],[36,-3]],[[3622,5007],[1,-27],[33,-27],[-29,-38],[-37,-18],[-22,-38],[-48,-12],[7,-19],[-33,-33],[-69,-42],[27,-23],[-2,-20],[-63,-1]],[[3577,4579],[58,-19],[67,-8],[5,-22],[50,9],[17,-14],[37,6],[30,-34],[15,20],[40,9]],[[3896,4526],[54,25],[31,32],[-41,73],[31,30],[-5,15],[64,17],[-20,33],[31,28],[4,39],[67,23],[1,20],[36,8],[24,20],[53,-11],[36,17]],[[4262,4895],[-2,79],[-48,0],[-43,31],[-7,21],[-54,-3]],[[7375,2832],[-21,15],[-24,-27],[-72,-25],[32,-37],[-65,-17],[6,-33],[-22,-25],[1,-55],[30,-2],[-41,-21],[4,-37],[-56,7],[-2,-17],[-43,1],[-38,-76],[-26,-23],[-15,-43]],[[7206,2262],[16,37],[35,-5],[7,23],[61,31],[71,14],[26,-11],[64,23],[35,-6]],[[7960,2444],[-66,38],[3,20],[-29,13],[-6,23],[-51,22],[-5,52],[-21,1],[-66,48],[-76,10],[10,-23],[-45,15],[-49,-4],[-49,43],[0,26],[-53,38],[-58,13],[-8,43],[-16,10]],[[590,5851],[-49,11],[-17,18],[-44,-1],[-8,24],[-91,-1],[-64,48],[-56,-17],[34,-8],[32,-31],[0,-26],[-79,13],[-33,18],[-9,-16],[-57,-26],[-44,6],[-18,-28],[35,-23],[13,-40],[-42,-22],[4,-14],[42,0],[56,-27],[-21,-11],[4,-39],[64,-24],[33,-4],[-30,-65],[72,-50],[22,-36],[38,-33],[12,-49],[-20,-97],[21,-44]],[[709,5334],[-10,55],[-34,20],[-30,46],[42,25],[-25,16],[37,20],[-84,10],[-21,-18],[-27,7],[-4,30],[-79,41],[-2,27],[60,4],[26,56],[-24,17],[43,38],[29,13],[-10,-36],[52,-16],[31,26],[3,45],[46,10],[-23,16],[-25,44]],[[3027,8139],[0,0]],[[2862,7962],[88,21],[36,-5],[50,40],[-14,12],[8,39],[-31,30],[35,31],[-30,3],[-33,-16],[-79,17]],[[2892,8134],[3,-19]],[[2895,8115],[59,-16],[-14,-37]],[[2940,8062],[13,-14],[-25,-29]],[[2928,8019],[-42,-19],[-24,-38]],[[4996,3757],[-22,34],[-66,8]],[[4538,3443],[43,-26],[39,-4],[-7,-20],[57,-14],[24,15],[17,-28]],[[4711,3366],[43,31],[22,-45],[45,13],[0,-26],[32,-21],[62,20],[27,-26],[-18,-18],[70,-18]],[[5055,3346],[-44,16],[44,13],[10,43],[-38,9],[-38,25],[0,25],[-56,19],[-4,27],[-66,10],[29,16],[17,-11],[28,22],[38,50],[-56,14],[29,35],[-7,27],[24,18],[31,53]],[[4761,3626],[21,-9],[19,-41],[-33,-20],[10,-30],[-36,-9],[-55,24],[22,21],[8,32],[32,-5],[12,37]],[[4122,3237],[-8,-88],[-17,-25],[27,-20],[28,7],[1,29],[35,14],[20,-49],[44,39],[31,2],[38,-22],[-8,-52],[34,-28],[17,-41],[-32,-18],[8,-23],[-42,-26],[53,-14],[6,28],[37,26],[1,-35],[23,3],[5,-70],[-12,-20],[44,-16],[74,10],[38,39],[-19,13],[24,21],[24,-2]],[[4596,2919],[-15,63],[44,37]],[[4625,3019],[-31,33],[30,28],[26,-1],[-6,24],[-33,40],[-35,1],[-27,35],[21,17],[-4,52],[10,32],[59,26],[49,3],[-3,36],[30,21]],[[4420,3305],[13,-12],[58,5],[24,-55],[-26,-8],[-35,-31],[23,-7],[9,-60],[-23,-5],[-28,32],[-65,24],[26,36],[-24,20],[-6,32],[35,3],[19,26]],[[6832,1920],[35,-22],[59,-15],[39,-20],[47,33],[8,-29],[23,-4]],[[7043,1863],[52,34],[56,24],[28,-11],[49,7],[29,-11],[13,-50],[18,18],[46,-8],[4,16],[34,-3],[30,31],[43,0],[38,41],[34,10]],[[7287,2117],[68,-29],[17,15],[36,-5],[3,-21],[-21,-31],[-16,10],[-48,-29],[-49,-8],[-60,16],[-9,21],[47,9],[-9,15],[30,43],[11,-6]],[[3039,7496],[-21,-13]],[[3018,7483],[-3,-30],[-40,-18],[-15,-31],[27,-8],[-30,-36],[13,-21],[33,17],[6,24],[32,-12]],[[3041,7368],[30,34],[30,11]],[[3101,7413],[-3,40],[-38,14],[-21,29]],[[1790,5325],[37,57],[31,16],[15,-12],[26,18],[-13,38],[45,24],[-14,31],[-19,-4],[-19,44],[-68,-8],[-42,20],[-47,-15],[-31,24]],[[1691,5558],[-24,-16],[-63,-13],[28,-60],[-54,-10]],[[1578,5459],[8,-42],[29,-9]],[[1615,5408],[25,0],[48,-41],[9,-23],[48,3],[-2,-24]],[[1743,5323],[47,2]],[[4013,5249],[1,4]],[[4034,5225],[-12,14]],[[1023,5236],[-24,-8],[-45,10],[-29,-22]],[[925,5216],[21,-20],[-33,-51],[25,-27],[-41,-32],[31,-10],[27,-54],[38,4],[22,-17],[-5,-26],[24,-9],[44,20],[1,-44]],[[1079,4950],[46,-2],[29,16],[-36,28],[33,45],[-13,22],[-36,6],[-7,33],[66,0],[-4,31],[-84,19],[-56,-1],[6,89]],[[6473,842],[-32,21],[-21,-26],[-45,-7],[-10,26],[-29,0],[-62,-21]],[[6274,835],[44,-40],[-36,-53],[-25,-20],[45,-11],[17,-31],[-41,-26],[32,-23],[-1,-29],[-36,-14],[42,-2],[10,-49],[-29,-22],[29,-20],[6,-34],[-73,-24],[-8,-30],[34,7]],[[6284,414],[28,-11],[134,9],[72,-11],[8,25],[64,15],[104,15],[11,-17],[45,9]],[[6750,448],[-35,35],[30,35],[-19,1],[-32,42],[15,37],[-35,17],[3,32],[-50,16],[13,7],[-47,24],[40,15],[-5,29],[-78,25],[-8,-7],[-66,60],[-3,26]],[[4953,4596],[-7,-45],[-28,-11],[6,-26],[-46,-8],[-17,11],[-70,-32],[-65,17],[21,-51],[-42,-25],[-5,-59],[-40,-10],[-19,-23],[-10,18],[-45,-13],[-20,23]],[[4567,4360],[11,-12]],[[4550,4168],[53,36],[18,24],[41,-27],[65,16],[31,-31],[-2,-24],[28,1],[55,-27],[26,3],[6,-36],[38,-44],[35,-7],[-17,-36],[39,-7],[30,11]],[[4996,4020],[32,19],[9,43],[49,-19],[54,7],[-11,42],[-23,31],[28,21],[3,29],[-59,17],[47,22],[14,24]],[[5325,4387],[0,40]],[[5782,7557],[-35,15],[-36,-32],[-25,-6],[-78,55],[-156,78],[-7,-22],[35,-40],[14,-58],[-106,-5],[-61,-28]],[[5327,7514],[24,-12],[-10,-21],[72,-26],[7,-42],[34,-10],[24,-49],[-57,-24],[21,-31],[3,-34],[-43,-16],[-21,-25],[25,-20],[-25,-19],[41,-19]],[[5422,7166],[107,2],[55,44],[2,24],[51,9],[65,-1],[16,-22],[46,14],[71,-11],[20,-24],[60,10],[1,-16],[124,39],[67,44],[38,2]],[[6145,7280],[-14,24],[15,52],[41,-1],[59,47]],[[6246,7402],[-57,22],[-47,-4],[-55,36],[-54,-7],[-68,-23],[-79,64],[-2,23]],[[5884,7513],[-43,27],[-45,-9],[-14,26]],[[1876,2520],[-74,-28],[6,-21],[39,-37],[36,9],[-17,-35],[33,22],[29,0],[22,30],[19,54],[-63,-13],[-30,19]],[[5996,8151],[0,0]],[[6343,8374],[0,0]],[[6463,8345],[-48,-3],[-27,33],[-66,-12],[-4,-30],[-26,21],[-15,-21],[-58,8],[-92,-2],[15,-39],[-19,-58],[-21,8],[-18,-20]],[[6084,8230],[24,4],[16,-22],[0,-43],[20,-16],[-18,-53],[-41,-8],[33,-14],[-20,-16],[-85,-7],[-18,15],[14,28],[-24,21],[9,18],[-22,33],[-49,24]],[[5923,8194],[-24,-5],[41,-36],[-20,-36],[-100,11],[-9,-27],[-62,-16],[7,24],[-36,3],[-14,22],[-76,-10],[-26,7],[-11,40],[-51,16]],[[5542,8187],[-24,-24],[-20,-72],[-51,-10],[-41,15],[5,-44],[-8,-37],[-41,-4],[-10,-19],[-62,-25],[-21,3],[-9,-30],[-63,1],[-18,-38],[-3,-55],[-23,-25]],[[5153,7823],[39,9],[81,-3],[36,-34],[65,-35],[42,-13],[34,15],[14,25],[43,16],[39,-19],[35,0],[23,-44],[58,-82],[31,-27],[52,-15],[-2,-14],[64,-19],[-25,-26]],[[5884,7513],[140,-15],[2,38],[69,0],[27,-14],[55,-5],[23,17],[14,41],[-18,49],[42,10],[42,33],[77,2],[32,-34],[44,13],[65,2],[-36,31],[72,-6],[46,33],[54,-1],[22,33],[25,-7],[29,13],[-10,39],[46,20],[-12,27],[35,-2],[5,-29],[57,2],[19,17],[18,-29],[24,19],[42,6],[18,-33],[86,-15]],[[7038,7768],[8,-4]],[[7046,7764],[14,21],[-36,41],[-40,16],[37,20],[-9,41],[8,27],[38,17],[9,19],[-28,7],[-40,48],[18,64]],[[7017,8085],[-25,18],[-80,27],[-11,51],[-63,-9],[-23,15],[-32,-5],[-44,29],[-26,34],[14,23],[-34,5],[-32,38],[-47,-2],[-33,-13],[-73,25],[4,16],[-49,8]],[[336,5025],[-39,-14],[40,-19],[-13,-13],[-78,-17],[-61,-50],[-42,-15],[-30,-31],[-13,-33],[-22,0],[-27,41],[-51,-20],[14,-43],[29,-20],[-9,-35],[63,17],[14,-11],[64,5],[-9,-63],[81,-20],[-6,-7]],[[241,4677],[55,-19],[16,36],[46,30]],[[358,4724],[-1,14],[40,34],[59,30],[1,16],[40,-13],[43,5],[11,22],[64,1],[31,11]],[[646,4844],[20,16],[-27,5],[-9,39]],[[6703,1490],[-62,31],[-28,-24],[-65,-30],[-38,-1],[0,-22],[-35,-8],[-28,-38],[-18,-79],[-29,-2],[-1,-25]],[[6399,1292],[23,-28],[-4,-43]],[[6957,1350],[-19,35],[-50,29],[10,13],[-32,24],[-2,26],[-90,11],[-67,-17],[-4,19]],[[1895,3882],[-16,41],[67,-2],[40,46]],[[1986,3967],[-27,27]],[[4121,6027],[-44,40],[-43,62],[-40,-9],[8,-18],[-49,-6],[-15,-23],[-39,-21],[-104,-12],[-6,-19],[26,-22],[-64,-15],[1,-11]],[[3752,5973],[34,-19],[4,-36],[-23,-32]],[[3767,5886],[43,13],[48,-12],[60,1],[-31,-21],[-6,-33],[22,-25],[-69,-48],[-10,-18],[21,-17],[1,-74],[-23,-29],[47,-4]],[[3870,5619],[21,8],[-15,26],[19,29],[68,41],[59,15],[24,64],[86,55],[27,9],[4,27],[35,27],[71,-22],[21,26],[29,2],[71,26]],[[4390,5952],[-77,37],[-59,56],[-60,5],[-30,-35],[-43,12]],[[3727,4066],[-29,33],[-35,-5],[-83,-32],[-70,5],[8,25],[-39,17],[20,32],[-38,3]],[[3461,4144],[-69,-10],[10,-47],[-33,-8],[-4,-18],[-51,6],[-8,-14],[-41,25],[-10,-19],[-46,5],[-19,56],[-32,-14],[-57,8],[-27,14],[-42,-3],[-81,-49],[30,-17],[-26,-22]],[[2886,4017],[23,-10],[10,-28],[18,8],[56,-13],[41,-53],[-37,-36],[-26,-8],[71,-12],[35,-35],[-6,-20],[29,-15]],[[3100,3795],[25,-14],[-35,-44],[40,-24],[27,22],[29,-4]],[[3186,3731],[1,26],[39,6],[-18,46],[49,16],[-9,32],[79,0],[41,-35],[42,8],[34,-29],[14,22],[29,-6],[60,10],[30,-6],[38,46],[27,4],[17,59],[37,2],[-7,54],[16,46],[26,14],[-4,20]],[[3681,2024],[-15,21],[-64,-18],[-41,11],[4,-38],[-24,-7],[-23,20],[-19,-30],[12,-42],[-22,-33]],[[3529,1847],[72,-6],[29,-17],[52,5],[-34,47],[52,16],[16,34],[41,5]],[[3757,1931],[-24,21],[-35,8],[-18,33],[1,31]],[[7693,5069],[-20,14],[20,23],[0,29],[-61,46],[30,27],[14,35],[31,16],[-32,12],[-6,30],[37,-6],[5,19],[-69,47],[-68,8],[-30,21],[-82,-30],[-71,-4],[5,-39],[-35,-7],[-10,-30],[-25,0],[-98,-29]],[[6949,5236],[-54,-21]],[[6895,5215],[-50,-16],[25,-57]],[[6870,5142],[21,-23],[9,-52],[-25,-46],[41,3],[-18,-53],[49,-16],[-22,-26],[68,-23]],[[6993,4906],[53,16],[47,-35],[82,1],[14,-14],[42,-3],[1,-38],[39,-13],[-13,-30],[99,-26]],[[7357,4764],[75,5],[22,29],[28,-12],[-1,51],[-16,30],[25,56],[73,-2],[5,-15],[74,3],[21,20],[-4,28],[-49,30],[35,33],[22,42],[26,7]],[[6928,4715],[-45,42],[-21,-22]],[[6862,4735],[7,-30],[-40,-3],[-2,-30],[27,-42],[-33,-35],[10,-40],[21,-11],[-30,-14],[-46,34],[-43,-8],[-28,9],[-22,31],[18,15],[-18,20],[31,31],[-10,15],[34,25],[-31,20]],[[6707,4722],[-33,9],[-36,-14],[6,-25],[-44,-14],[-6,-26],[-29,2],[1,-77],[20,-12],[-19,-31],[-37,1],[9,-19]],[[6539,4516],[84,-28],[-52,-31],[-29,-33],[-2,-70],[22,3],[-7,-39],[20,-30],[39,-8],[9,-16]],[[6623,4264],[49,25],[-10,13],[34,18],[-6,-30],[34,-23],[-21,-33],[17,-18],[48,5],[1,24],[41,-13],[49,19],[-55,9],[34,19],[10,33],[44,-19],[8,35],[39,-18],[35,4],[-2,17],[38,10],[22,32]],[[7032,4373],[-48,12],[-24,38],[13,28],[-42,6],[17,33],[24,-9],[26,37],[-38,-1],[-3,38]],[[6957,4555],[-8,56],[-27,-4],[-11,28],[42,51],[-25,29]],[[6554,3959],[0,-34],[-79,-18],[34,-35],[77,-24],[28,22],[3,22],[37,18],[-25,38],[-75,11]],[[3067,3020],[0,0]],[[3305,2843],[-25,-23],[-26,22],[-28,-18],[11,-51],[-33,-14],[-3,-21],[31,7],[17,-16],[49,32],[9,29],[26,-3],[28,18],[-20,20]],[[3341,2825],[-36,18]],[[3194,3169],[-20,-16],[-49,-1],[-36,38],[-16,-31],[-54,-8],[-31,12],[-53,-7]],[[2935,3156],[-71,-7],[-50,14]],[[2814,3163],[-2,-4]],[[2786,2970],[45,8],[34,-22],[50,-57],[44,-11]],[[2959,2888],[43,32],[-30,85],[92,19],[17,-8],[-11,-38],[8,-43],[40,-49],[26,5],[51,-13],[14,19],[25,-46],[16,14],[56,2]],[[3306,2867],[12,25],[-19,9],[-22,99],[12,19],[-24,43],[-74,38],[14,29],[-23,23],[12,17]],[[8037,7654],[-13,-20],[-29,7],[-25,37],[-30,0],[-54,-20],[4,-26],[-70,-24],[-24,-26],[-39,-14]],[[7757,7568],[11,-18],[31,-2],[-34,-26],[-31,5],[-22,-55],[32,-23],[57,-2],[-2,-50],[11,-10],[-28,-32],[47,-11],[7,-45],[-11,-49],[-32,-15],[24,-66],[-26,14],[-44,-4],[13,-24],[-8,-33],[-66,-30],[2,-64],[-61,-28],[17,-5],[-57,-31]],[[7587,6964],[47,19],[100,14],[7,-25],[58,-15],[-10,-23],[36,-3],[44,13],[35,-61],[40,-4],[-9,-25],[18,-13]],[[7953,6841],[46,-16],[-5,23],[20,31],[48,-2],[39,34],[9,-30],[31,-9],[43,8],[24,24]],[[8208,6904],[10,95],[18,16],[-19,59],[26,12],[-9,19],[79,12],[29,44],[-40,6],[-13,84],[-66,-11],[16,25],[-32,5],[65,42],[29,-3],[37,32]],[[8338,7341],[-62,26],[-18,27],[-45,2],[13,32],[-50,17],[-21,34],[-67,57],[28,47],[-23,21],[-50,16],[-6,34]],[[3594,1713],[0,0]],[[3963,1905],[-33,27],[-40,1],[-20,-24],[-29,40],[-5,-23],[-55,-6],[-24,11]],[[3580,1712],[56,1],[-6,-21],[26,-28],[18,16],[24,-16],[39,-1],[17,20],[4,-45],[27,4],[58,-23],[64,19],[42,-19],[-26,-20],[127,30]],[[4050,1629],[-23,13],[30,29],[8,50],[-20,19],[-47,12],[22,26],[-51,2],[-18,12],[-5,78],[17,35]],[[4763,7274],[-50,-17],[-31,18],[-7,-26],[-43,-5],[3,-18],[-54,9],[-99,-46],[-37,28],[-59,-1],[-25,14],[-26,-30],[15,-48],[-28,-14],[-12,-38],[11,-70],[-87,-18],[10,-21],[-33,-5],[-1,-46],[16,-9],[-10,-39]],[[4216,6892],[73,-31],[2,-10],[93,-4],[110,-32],[-25,-37],[22,-17],[97,1],[30,-35],[33,-14],[47,18],[98,-32],[7,29]],[[4989,7119],[-30,-13],[-41,15],[-16,29],[-48,-4],[-2,32],[-39,21],[-13,35],[-37,40]],[[6486,6501],[-14,1]],[[6472,6502],[14,-1]],[[6822,7215],[-15,-19],[-41,14],[-56,5],[-48,-18],[-36,16],[-54,6],[-31,21],[-50,14],[27,39],[-67,13],[-48,36],[-43,-15],[-22,12],[-3,26],[-59,10],[6,34],[-36,-7]],[[6145,7280],[49,-24],[11,18],[45,-43],[39,-6],[-12,-54],[-59,-10],[-40,5],[-9,-13],[-64,0],[14,-35],[55,-1],[9,-20],[-39,-16],[6,-22],[58,-3],[-44,-30],[1,-40],[-54,-31],[18,-46],[-76,-19],[-24,-22],[24,-12],[73,-6],[55,15],[54,-1],[1,-41],[-22,-77],[24,-6],[-1,-41],[17,7],[-20,-45]],[[6234,6661],[56,8],[67,-7],[20,-63],[61,-14],[23,28],[50,-26],[-25,-37],[43,-32],[-6,-20]],[[6523,6498],[93,54],[-5,26],[31,8],[36,45],[8,35],[-18,40],[-24,24],[17,29],[11,52],[11,-37],[-8,-36],[66,9],[25,18],[43,-43],[62,0]],[[6871,6722],[19,34],[-46,-4],[29,68],[-1,56],[34,-9],[27,11],[12,57],[-45,63],[27,24],[-15,17],[12,48],[32,2]],[[6956,7089],[9,17],[-38,77],[-28,16],[-80,-31],[3,47]],[[5556,6145],[-96,3],[-82,-14]],[[5116,6077],[28,-27],[70,-32],[-41,-24],[0,-23],[39,-18],[-21,-46],[-58,-36],[13,-10],[-15,-31],[20,-56],[39,-15],[5,-25],[38,-35],[2,-54],[34,-32]],[[5269,5613],[69,9],[58,-13],[4,-20],[41,12],[30,-27],[32,6]],[[6032,5725],[-2,51],[-58,12],[-22,-27],[-52,17],[-5,31],[-37,17],[29,34],[57,3],[20,33],[-10,31],[14,18]],[[5966,5945],[-73,9],[-16,-12],[-75,36],[-17,-13],[-16,30],[22,21],[-33,16],[3,41],[-45,-1],[-29,15],[-16,34],[-49,2],[-66,22]],[[5868,4836],[-18,-23],[36,-20],[-2,-44],[20,-33],[-17,-5],[27,-28],[29,2],[16,29],[36,-2],[38,30],[-15,4],[4,37],[-22,-9],[-27,25],[27,12],[-73,2],[-59,23]],[[4542,6436],[-68,3],[-64,-7],[-15,-24],[-29,11],[-89,-24],[-24,-26],[53,-4],[-16,-50],[-26,-16],[-33,1],[-11,27],[-58,-12],[45,-24],[-36,-44],[-71,-6]],[[4100,6241],[59,-40],[-34,-33],[-6,-97],[-13,-20],[15,-24]],[[4390,5952],[55,9],[26,-21],[43,14],[-5,44],[32,7],[35,-26]],[[4576,5979],[24,42],[112,-6],[17,15],[-13,43],[11,8]],[[4760,6291],[25,16]],[[4785,6307],[-9,39],[-70,27],[-121,-8],[-82,3],[1,35],[32,8],[6,25]],[[6993,4906],[-27,-33],[-7,-36],[45,-8],[-2,-17],[-51,-49],[-23,-48]],[[6957,4555],[39,-8],[67,15],[2,19],[41,16],[36,-15],[24,6],[19,47],[55,17],[12,18],[57,-9],[51,11],[22,-8],[14,26]],[[7396,4690],[-25,25],[-14,49]],[[3326,4410],[23,1],[35,-36],[-6,-37],[-28,5],[24,-27],[35,-4],[19,-41],[52,-3],[19,-36],[62,-12],[-44,-52],[-21,1],[-35,-25]],[[3727,4066],[12,34],[42,-15],[20,-21],[-16,-45],[63,-14],[40,22],[8,20],[41,23]],[[4081,4449],[-7,28],[-36,11],[-71,-40],[-38,40],[-42,10],[9,28]],[[1310,3864],[-37,-69],[-43,13],[-40,-13],[-6,-24],[22,-59],[-19,-5],[29,-38],[-3,-39]],[[3552,512],[0,0]],[[3634,560],[0,0]],[[3089,571],[-39,-2],[12,-20],[45,-9],[-18,31]],[[3555,740],[-12,16],[34,25],[-4,26],[-87,24],[20,28],[-78,-3]],[[3023,751],[-29,-69]],[[2994,682],[20,-55],[23,19],[4,35],[25,-20],[10,-34],[42,5],[13,-20],[-31,-22],[28,-17],[-9,-31],[67,-22],[8,36],[-30,5],[17,26],[37,-19],[57,-10],[-23,-30],[47,-38],[50,13],[64,32],[-6,26],[-55,22],[36,14],[44,-17],[-20,26],[114,-52],[-22,-14],[-45,22],[3,-19],[41,-13],[35,3],[16,-24],[53,-16],[2,16],[43,-1],[-41,50],[-7,38],[-117,58],[-39,35],[10,14],[34,-13]],[[3492,690],[14,9],[-19,53],[41,-18],[27,6]],[[2222,3187],[-47,17],[-41,-18],[-73,9],[10,-20],[-48,-37],[11,-23],[-32,-57]],[[1994,2977],[47,-5],[48,-33],[-22,-19],[11,-16],[35,8],[39,-32],[70,26],[47,-7],[17,-50]],[[2286,2849],[49,12],[59,56],[42,15],[-13,29],[28,10],[0,26],[40,29]],[[2491,3026],[3,40],[-48,26],[-9,25],[-47,-4],[-45,20],[-26,-15],[-37,4],[5,33],[-26,5],[8,31],[-32,-18],[-15,14]],[[5864,2638],[-4,-23],[-26,11],[-36,-23],[30,-7],[-11,-19],[46,-10],[62,-33],[-11,-11],[31,-42],[-64,11],[7,-29],[48,-14],[13,-29],[0,-49],[33,0],[-3,-33],[36,-16]],[[6015,2322],[55,-18],[56,-2],[12,16],[50,-15],[-31,-41],[29,-9],[11,-26],[51,-68]],[[6248,2159],[24,41],[-9,32],[36,-5],[14,15]],[[6614,2471],[-1,34]],[[6613,2505],[-7,46],[-75,36],[-62,7],[-67,35],[-28,28],[-28,-42],[0,21],[-30,-5],[-36,30],[12,41],[-29,29],[-17,-12],[-44,40]],[[6056,4543],[-26,-8],[-9,20],[-32,-3],[1,-20],[-48,3],[-74,40],[7,-24],[-39,-14]],[[5836,4537],[-51,-41],[14,-49],[-55,-11],[-42,5],[-4,-40],[-25,-5],[3,29],[-25,-18],[6,-21],[-50,2],[14,-25],[42,8],[-1,-62],[29,-29],[-20,-50],[-23,-19],[-40,10],[-48,-7]],[[5560,4214],[26,-31]],[[5586,4183],[25,2],[55,-20],[31,2],[-2,19],[72,19],[11,27],[33,-25],[29,-41],[45,-19],[-1,-27]],[[5884,4120],[58,12],[7,28],[23,14],[85,-7],[18,-19],[-23,-8],[1,-66],[33,-16],[33,1]],[[6119,4059],[1,58],[18,11],[-19,46],[11,30],[26,-5],[14,19],[36,-9],[79,56],[-3,26],[-54,-19],[-17,14],[-36,-3],[-35,58],[7,22],[-27,38],[-22,-4],[13,27],[54,17],[23,27]],[[6188,4468],[-17,22],[-45,0],[-40,41],[-30,12]],[[3091,6715],[-55,39],[-104,-41],[-52,20],[-53,-31],[-7,-38],[-39,-21],[-19,8],[-45,-9],[-13,11],[-55,5]],[[3336,6309],[67,-4],[-3,17]],[[3400,6322],[64,-14],[7,47],[27,17],[-47,21],[-66,18],[-10,19],[27,11],[11,50],[32,25],[33,-8],[44,41],[-3,20],[32,32]],[[4528,4779],[-38,11],[18,32],[-75,33],[-18,-9],[-56,5],[-1,17],[-42,13],[-10,17],[-44,-3]],[[4424,4490],[32,23],[-3,46],[26,15],[51,-2],[1,46],[38,20],[-9,20],[-51,30],[-39,-13],[25,41],[22,-11],[46,6],[-23,26],[-12,42]],[[5205,2242],[-40,1],[-11,22],[-44,0],[-16,-36],[-56,7],[-71,-18],[7,-22],[-23,-4]],[[4951,2192],[31,-58],[21,-20],[-39,-14],[31,-16],[3,-53],[-26,-9],[21,-17],[-1,-25],[-28,-17],[14,-12],[-19,-32],[7,-27]],[[4966,1892],[42,-19],[28,-42]],[[5036,1831],[12,4],[16,52],[41,19],[28,-12],[80,-10],[2,-50],[-34,-15],[79,-47],[16,13],[41,-31],[31,12],[6,-34]],[[5354,1732],[69,20],[45,3],[4,-49],[40,-15]],[[5512,1691],[30,18],[27,-4],[51,28]],[[5620,1733],[18,33],[-27,9],[-34,52],[-2,54],[18,38],[-24,7],[10,25],[-32,23],[54,18]],[[5601,1992],[-8,28],[-67,25]],[[5526,2045],[-34,25],[-42,-9],[-7,25],[-44,4],[10,23],[-14,35],[-31,-4],[-13,-31],[-41,12],[-12,-27],[-64,23],[25,23],[-21,53],[-34,0],[-13,19],[14,26]],[[2019,7586],[-58,-2],[-16,10],[-15,-92],[-11,1],[-17,-73]],[[1902,7430],[110,-54],[12,-56],[21,-32],[88,-25],[2,-23],[-38,-42],[-85,-34],[-34,-69],[37,-38],[-73,-36],[-14,-17],[59,-60]],[[2345,6950],[9,25],[52,-4],[-30,19],[16,53],[46,-5],[8,25],[97,-13],[9,38],[40,23],[-10,29],[25,54]],[[2607,7194],[-26,-6],[-86,46],[1,25],[-38,5],[-8,50],[10,38],[-79,81]],[[2381,7433],[-39,17],[-54,3],[-18,26],[-56,30],[-14,-12],[-50,40],[16,29],[-70,19],[-16,-9],[-61,10]],[[3077,8717],[0,0]],[[3607,9070],[-6,-24],[-26,5],[6,21],[-70,43],[-7,-9],[-85,18],[-22,-20],[10,-37],[-57,-31],[-44,-36],[2,-21],[-62,2]],[[3246,8981],[-15,-37],[3,-29],[-29,-50],[32,-54],[27,-18],[34,18],[40,-5],[25,-52],[36,-36],[-30,-35],[-83,16],[-45,-13],[-8,-16],[36,-42],[53,-85],[61,-42],[55,-2],[2,10],[76,-13],[115,2]],[[3631,8498],[12,57],[86,69],[18,31],[7,66]],[[3754,8721],[3,71],[-11,9],[75,35],[77,27],[-18,19],[17,44],[-11,46],[-30,9],[-12,30]],[[3844,9011],[-32,5],[-2,-17],[-81,-6],[-30,37],[19,27],[-11,19],[-51,9],[7,-27],[-37,-13],[-19,25]],[[4840,7912],[-58,-23],[-33,-26],[-60,4],[-36,31],[-30,6],[-26,30],[-36,18],[-6,-23],[-67,-40],[-39,20],[-46,-19],[16,26],[-28,27],[-39,-27],[-65,43],[2,30],[-36,16]],[[4253,8005],[-34,-19],[33,-11],[17,-54],[-47,-3],[-15,-20],[-82,-16],[-97,-93]],[[4159,7638],[47,-7],[80,-35],[57,30],[39,-19],[28,-28],[47,9],[49,-9],[-5,-18],[57,-12],[29,-27]],[[4587,7522],[37,36],[2,17],[57,19],[46,-5],[29,15],[2,21],[-41,19],[17,35],[50,12],[-17,30],[-34,12],[54,48],[67,3],[1,34],[47,0],[4,14],[77,-20],[31,39]],[[5016,7851],[-78,33],[-24,17],[-74,11]],[[2950,2755],[42,-14],[21,11],[6,-27],[-38,-34],[35,-18],[7,23],[91,-16],[7,18],[42,10],[27,33],[-7,35],[-21,28],[-132,-22],[-20,7],[-20,-23],[-30,2]],[[2960,2768],[-10,-13]],[[7465,6746],[9,20]],[[7151,6660],[-73,-19]],[[4763,7993],[1,-17],[76,-51],[0,-13]],[[5016,7851],[32,-14],[105,-14]],[[5542,8187],[-11,48],[-21,19],[-39,8],[-40,-7],[-47,32],[0,17],[-53,12],[15,63],[-10,18]],[[3868,8732],[0,0]],[[3869,8331],[0,0]],[[4357,8655],[-52,12],[0,32],[-54,9],[-53,-14],[-42,15],[-25,-9],[-57,2],[-38,56],[-56,6],[-27,-15],[-44,3],[-16,-22],[-65,-8],[-33,9],[-41,-10]],[[3631,8498],[112,-26],[94,-58],[45,-91],[33,-28],[64,-23]],[[4234,8502],[14,18],[-7,29],[54,8],[-1,34],[-30,23],[27,3],[21,-29],[12,47],[33,20]],[[4649,957],[-19,-50]],[[4630,907],[15,-24],[7,38],[24,13],[-27,23]],[[5130,1209],[-45,-8],[-21,19],[-77,-16],[2,-21],[-59,-14],[-19,-20],[-85,25],[7,34],[-32,24]],[[4801,1232],[-15,-31],[-52,-53],[5,-27],[-24,-26],[-62,-19]],[[4653,1076],[9,-63],[-9,-45]],[[4653,968],[36,-1],[69,30],[-4,-45],[-32,-14],[-2,-57],[-46,-52],[-49,27]],[[4861,755],[61,44],[-26,34],[30,-18],[78,25],[12,19],[48,4],[13,51],[83,-20],[22,-24],[26,30],[15,57],[43,20],[-9,22],[19,15],[-7,49]],[[5269,1063],[-19,42],[19,18],[-6,25],[-27,12],[-77,-10],[-64,10],[50,16],[-15,33]],[[4539,9457],[1,30],[-91,19],[-4,-49]],[[4445,9457],[21,-14],[4,25],[69,-11]],[[4151,9277],[-12,14],[-43,6],[-48,-13],[-38,9],[44,4],[44,24],[11,-13],[107,15],[35,60],[24,-7],[17,19],[60,18],[57,35],[18,-3],[11,55],[104,26],[-49,35],[-13,50],[-22,30],[-53,26],[-9,-35],[-30,-27],[-40,9],[-48,50],[-89,14],[-95,30],[-17,-3],[-18,33],[25,25],[-23,2],[-32,-28],[-78,-41]],[[3951,9696],[15,-16],[-1,-48],[-33,-1],[-14,-24],[-90,0],[-23,35],[52,19],[3,34],[16,2]],[[3876,9697],[-13,24],[-31,-4],[-43,-50],[-80,15],[-21,-3],[-11,52],[-114,31],[-24,-1]],[[3539,9761],[-16,-75],[23,-34],[-10,-26],[-36,-15],[3,-64],[-20,-8],[68,-13],[51,11],[16,-48],[40,-17],[-1,-25],[36,-39],[-5,-26],[66,-24],[-33,-57],[6,-23],[34,-27],[1,-48],[-42,-24],[-23,-36],[-2,-27],[-57,14],[-31,-60]],[[3844,9011],[24,73],[51,-12],[102,27],[10,19],[-20,35],[13,41],[33,4],[57,25],[-14,15],[51,39]],[[2682,3692],[-6,7],[-87,-4],[-62,-35],[-27,4],[-52,-39],[-2,-13],[53,-39],[17,-24]],[[2516,3549],[16,1]],[[2639,3498],[47,7]],[[2686,3505],[1,34],[53,25],[-28,20],[34,26],[-6,26],[-20,-5],[-39,41],[1,20]],[[4734,4973],[-11,-40],[-23,19],[-11,33],[-55,-17],[62,-42],[-34,-29],[-4,-34],[45,-13],[36,-28],[-21,-7],[-5,-28],[-45,-6],[-32,22],[-18,-9],[-78,9],[-12,-24]],[[5175,4839],[-22,19],[-77,11],[-11,20],[-80,-1],[12,-19],[-18,-17],[-13,30],[-43,8],[-22,60],[-18,-2],[-33,37],[-116,-12]],[[1585,2464],[13,21],[72,11],[28,15],[-25,10],[12,32],[35,24],[-42,17],[-13,33]],[[1665,2627],[-24,-46],[-65,-30],[-26,-34],[35,-53]],[[9446,6579],[-113,-1],[-8,-26]],[[9325,6552],[-17,-26],[32,-14],[-43,-45],[-3,-50],[79,10],[27,-30],[11,13],[36,-9],[36,26],[36,-6]],[[9519,6421],[-28,21],[10,22],[-22,26],[-15,65],[-18,24]],[[4098,1931],[-42,9],[-19,-12],[11,-28],[-36,-12],[-34,28],[-15,-11]],[[4050,1629],[3,-3]],[[4444,1748],[-25,7],[11,39],[40,5],[-4,34],[31,10],[-6,28]],[[4491,1871],[-59,3],[-1,14],[-46,4],[19,-24],[-23,-14],[-53,20],[-50,-12],[-12,32],[-31,8],[-47,35],[-56,-11],[-34,5]],[[4250,1872],[0,0]],[[5235,6559],[49,-9],[99,-54],[58,-8],[30,28],[-37,22],[31,17],[-6,24],[34,24],[-32,2],[14,58]],[[358,4724],[31,-10],[6,-27],[-32,-30],[59,-45],[51,27],[40,-51],[4,-34],[-31,-30],[2,-28],[43,22],[2,-35],[-30,-32],[-21,-44],[5,-16],[-31,-17],[52,-33],[48,23],[2,-20],[34,-12],[-21,-50],[29,5]],[[600,4287],[5,13],[111,-27],[35,16],[23,38],[-11,20],[36,21],[-15,35],[48,41],[54,-21],[23,21],[-7,28]],[[902,4472],[-17,26],[37,18],[-6,61],[-58,0],[-32,-17],[-29,33],[-28,-1],[-21,24],[-2,32],[-29,4],[0,49],[-23,-1],[-32,68],[-15,50],[22,14]],[[669,4832],[-23,12]],[[5632,1185],[-65,19],[-15,-12],[-36,46],[-27,3]],[[5489,1241],[-14,-59],[-33,-43],[-32,-12],[-49,2],[17,-58]],[[5378,1071],[7,-23],[-26,-13],[-26,-54],[39,7],[22,-11],[-5,-36],[15,-3],[-28,-82],[-18,-20],[-8,-49],[9,-11],[-39,-25],[21,-15]],[[5341,736],[29,13],[50,-3],[17,23],[28,4],[39,-18],[25,29],[22,-24],[25,9],[4,33],[44,16],[9,-11],[54,11],[-14,17],[81,21],[3,21]],[[5757,877],[0,25],[23,25],[-38,29],[-7,39],[9,67]],[[5744,1062],[-51,-12],[-38,19],[13,12],[-8,34],[-73,48],[35,3],[10,19]],[[5540,3885],[-68,-17],[36,-30],[-31,-12],[24,-14],[50,6],[19,-29],[18,23],[76,33],[-22,13],[-22,-11],[-47,19],[10,13],[-43,6]],[[9034,7222],[-29,-8],[-5,18],[-50,-3],[-20,-41],[37,1],[0,-18],[-126,-12],[-4,-27],[-38,-1],[-19,-39],[-65,-9],[14,-10],[-16,-27],[-68,-18],[-7,6],[-67,-20],[22,-12],[31,-74],[76,35],[-5,-62],[-18,-27],[-51,-1],[-58,-15],[-15,-32],[-32,-21],[-76,-12],[-5,-22]],[[8440,6771],[16,-18],[36,-6],[-28,-18],[-24,-53],[32,12],[29,-7]],[[8501,6681],[12,26],[36,11],[33,-22],[-1,-24],[37,-2],[-11,-24],[66,-9],[30,23],[20,-6],[32,27],[55,3],[61,-38],[23,31],[50,12],[17,-38],[102,30],[6,31],[45,-10],[32,-30],[28,-54],[-4,-20],[51,-9],[-14,-26],[38,-11],[22,18],[58,-18]],[[9446,6579],[23,55],[24,4],[59,61],[-29,61],[38,43],[-48,53],[-99,42],[-76,47],[-12,21],[-78,70],[-79,29],[-68,56],[-96,15],[-7,20],[39,41],[-3,25]],[[3767,5886],[-27,-6],[-27,19],[-59,-3],[3,-12],[-93,21],[-14,52],[-25,-22],[-64,-27],[-34,6],[6,-22],[-22,-20],[-47,-10],[7,-60]],[[3312,5471],[45,-31],[26,-1]],[[3383,5439],[51,15],[18,-19],[46,0],[18,-12],[-17,-38],[28,-28],[57,0]],[[3895,5623],[-25,-4]],[[921,3383],[-19,16],[-25,-30],[-33,-13],[-62,-1],[-5,-21],[-59,-18],[9,-18],[-32,0],[-32,-23]],[[663,3275],[43,-24],[5,-52],[-20,-13],[7,-50],[-53,-29],[-30,-27],[11,-17],[-20,-45],[-52,-38],[-17,-27],[23,-25]],[[560,2928],[55,-2],[101,-27],[44,16],[27,-30],[46,31],[128,21],[71,44],[24,-12],[25,29],[36,10]],[[1117,3008],[51,6],[58,23],[-6,-19],[46,24]],[[1266,3042],[25,19],[-7,45]],[[878,3305],[21,17],[24,-47],[36,-10],[-48,-12],[39,-36],[-43,-17],[27,-33],[-29,-35],[-43,2],[-48,-15],[10,27],[-68,-24],[-6,49],[26,22],[44,9],[-27,10],[68,48],[17,45]],[[1537,2925],[-16,30],[-57,-5],[-59,45],[-73,-5],[-32,40],[-34,12]],[[1117,3008],[15,-27],[31,9],[27,-17],[-3,-95],[-49,-13]],[[1224,2782],[77,-36],[52,25],[45,-16],[47,14],[17,18],[49,-12]],[[1965,4225],[0,0]],[[2368,4400],[-51,-28],[-31,3],[5,18],[-24,22],[-61,8],[-18,-35],[-41,30],[-39,6],[4,19],[-86,2],[-31,-33],[31,-23],[-5,-21],[-27,1],[5,-65]],[[1999,4304],[-27,-11],[31,-67],[-10,-44],[-29,-11],[1,-37],[-54,-5],[-23,-28]],[[1986,3967],[55,16],[40,31],[15,-16],[-24,-22],[8,-15],[42,9],[15,-13],[47,-3],[15,67],[58,16],[10,-23],[27,12]],[[2294,4026],[21,49],[22,11],[-34,41],[4,34],[68,59],[27,-25],[52,-4],[36,83]],[[2462,4385],[-29,23],[-65,-8]],[[1999,4275],[0,0]],[[2711,3763],[7,17],[51,11],[-31,26],[30,10],[2,22],[-40,35],[-18,-2]],[[2712,3882],[-43,-28],[-41,5],[-24,-15],[-38,35],[-60,-18],[-48,-1]],[[2458,3860],[-20,-22],[-34,17],[-51,-14],[36,-35],[-51,-22],[-21,19],[-78,-31],[-41,-35],[10,-25],[44,-23],[-7,-49],[-28,22],[-17,-11],[-44,12],[-6,-46],[-39,-4],[-32,-23]],[[2079,3590],[-1,-12],[92,-63],[7,-33],[25,-14],[92,9],[71,31],[39,4],[112,37]],[[2682,3692],[37,30],[-8,41]],[[4427,5270],[3,23],[-28,36],[-30,-21],[-30,12],[16,-55],[-28,16],[1,24],[-51,6],[8,-26],[-38,-1],[-30,-22],[-40,-6],[47,-58],[29,23],[-4,-39],[-39,-15]],[[4734,4973],[-3,27],[31,26],[-32,7]],[[4730,5033],[-46,28],[-56,4],[-50,16],[6,16],[-29,31],[15,15],[-125,35],[-17,47],[-1,45]],[[3911,7250],[-46,-25],[4,-18],[-45,-44],[16,-18],[-26,-19],[-39,-5],[33,-16],[-13,-34],[-25,-13]],[[3998,6920],[5,14],[52,7],[13,-37],[46,-18],[5,-33],[62,-8],[14,42],[21,5]],[[4763,7274],[-15,23],[-8,69],[-62,8],[-3,17],[68,-4],[-7,56]],[[4736,7443],[-39,9],[-25,-23]],[[4672,7429],[-8,-13]],[[4664,7416],[-84,-5],[-29,12],[3,22],[61,26],[18,20],[-46,31]],[[3850,2277],[19,5]],[[3280,2266],[29,-16],[33,-41],[-14,-11],[27,-26],[4,-26],[-48,3],[3,-43],[23,-57]],[[3681,2024],[13,19],[43,3],[22,51],[47,2],[4,24],[-52,14],[-7,23],[24,-2],[41,20],[-3,19],[-43,20],[64,30],[16,23]],[[7107,1088],[-7,-17],[-50,-18],[-9,-42],[33,-22],[-26,-31],[-7,-49],[25,-24],[70,-5],[15,-13],[-14,-35],[31,5],[-14,-35],[-26,-26],[-38,16],[-9,-22],[12,-45],[57,0],[8,-25],[-43,6],[5,-27],[-23,-23],[-4,-35],[-30,-12],[-16,-30],[6,-31]],[[7053,548],[28,-17],[71,16],[12,-29],[64,-62],[41,14],[42,-5],[30,51],[57,0],[45,13]],[[7443,529],[23,24],[2,43],[51,3],[21,22],[68,1],[-17,37],[-71,10],[-38,48],[8,56],[21,15],[47,8],[81,-16],[10,12],[-39,31],[29,33],[0,33]],[[7639,889],[-21,58],[-27,27],[-70,50],[-18,58]],[[7129,760],[0,0]],[[6523,6498],[-37,3]],[[6472,6502],[-41,-30],[-14,-42],[-27,-33],[-30,-13],[13,-46],[-11,-10]],[[6410,6192],[16,-22]],[[6425,6166],[78,-13],[22,-14],[-18,-19],[39,-14],[19,-32]],[[6565,6074],[67,9],[15,21],[44,7],[30,44],[25,-9],[20,23],[63,-8],[50,9],[39,34],[68,2]],[[7030,6655],[-21,54],[-29,-11],[-16,40],[-22,7],[-17,-30],[-40,-6],[-14,13]],[[839,5293],[-84,-4],[-24,21]],[[784,5157],[39,5],[1,23],[33,1],[58,35]],[[915,5221],[-51,16],[18,51],[-21,-10],[-22,15]],[[6831,791],[-35,-1],[-27,-27],[-3,-41],[-23,-19],[82,-5],[26,40],[-17,17],[-3,36]],[[6586,1688],[-48,-8],[-73,45],[-52,-17],[-48,21]],[[6365,1729],[1,-38],[-55,-32],[5,-82],[-20,-1],[-19,-44],[-72,35],[-27,-39],[-46,-25]],[[6132,1503],[6,-28],[31,-36],[-25,-19],[12,-33],[63,-18],[6,-47]],[[6225,1322],[40,-38],[91,-1],[43,9]],[[6703,1490],[-28,24],[18,61],[-39,-6],[-12,51],[13,24],[-16,36],[-53,8]],[[3186,3731],[-10,-51]],[[3176,3680],[41,-4]],[[3405,3591],[7,31],[23,26],[77,7],[35,11],[38,-18],[-7,-27],[46,48],[-9,13],[42,14],[42,-14],[123,-9],[34,-56]],[[2968,3709],[-20,-5],[-26,25],[-49,-19],[-29,16],[-24,-12],[-34,32],[-20,-9],[-55,26]],[[2686,3505],[77,-5],[69,37],[6,14],[55,33]],[[2893,3584],[-53,49],[45,28],[18,-8],[66,32],[-1,24]],[[6862,4735],[-82,23],[-73,-9]],[[6707,4749],[0,-27]],[[2393,8005],[36,-4],[64,14],[16,40],[-29,45],[7,29],[-27,-5],[-35,51]],[[5556,6145],[7,37],[-32,23],[38,3],[74,36],[17,49],[-45,8],[-6,27],[18,16],[52,9],[-28,62],[-25,4],[-18,27],[26,25],[-57,40],[58,4],[35,17],[-22,37],[-29,7],[-66,54],[-30,48]],[[5169,6514],[21,-26],[-16,-16],[31,-21]],[[1578,5459],[-22,12]],[[1349,5406],[35,-71]],[[1384,5335],[20,-15],[29,8],[69,-12],[49,42],[-3,14],[60,2],[7,34]],[[2134,1026],[-44,21],[-30,-4],[7,23],[-89,20],[-98,-10],[-15,9]],[[1865,1085],[-9,-45],[2,-64],[35,-32],[19,-47],[-43,-54],[-2,-41],[-22,-17],[4,-50],[-36,-83],[17,-44]],[[2345,733],[43,22],[19,-5],[27,-61],[60,-44],[31,14],[12,-26],[25,5],[-11,24],[22,62],[41,23],[114,-17],[76,19]],[[2804,749],[0,30],[-29,31],[-62,32],[-46,33],[-42,9],[41,15],[2,28],[-104,6],[-25,-17],[-66,33]],[[2473,949],[-14,1],[-61,68],[-126,-7],[-32,10],[-78,-17]],[[2162,1004],[41,-54],[44,1],[-15,-40],[11,-51],[-17,-33],[-40,-13],[-11,25],[18,32],[-22,0],[-39,31],[-22,-11],[-38,18],[-43,-1],[-29,-23],[-43,8],[19,40],[29,17],[2,32],[22,0],[44,-24],[30,48],[31,20]],[[4100,6241],[-70,43],[-65,-5],[-12,22],[20,35],[-26,51],[-43,37]],[[3904,6424],[-9,-18],[-51,-13],[-34,-39],[-8,12],[-33,-21],[-30,11],[-40,-7],[-15,-18],[-100,-25],[43,-51],[-11,-30],[-31,-27]],[[3585,6198],[38,-36],[-18,-12],[3,-35],[22,-28],[-25,-36],[12,-22],[58,13],[39,-4],[11,-22],[-18,-12],[20,-33],[25,2]],[[6354,4901],[-33,30],[-51,-8],[-53,19],[-28,-22],[-66,4]],[[6123,4924],[-55,-21],[-31,23],[-102,-12],[-66,11],[-60,-3],[2,-67],[21,-27],[-52,-16]],[[5780,4812],[5,-38],[-42,-20],[-1,-31],[20,-31],[-52,2],[5,-17]],[[5715,4677],[26,-20],[-4,-28],[37,-5],[14,-25],[-25,-26],[50,-32],[23,-4]],[[6056,4543],[8,27],[26,-3],[-17,47],[52,21],[20,33]],[[6145,4668],[-2,78],[48,28]],[[6191,4774],[63,22],[17,28],[34,-5],[37,35],[-4,42],[16,5]],[[989,4871],[-22,2],[9,-30],[-20,5],[-31,-40],[-75,7],[-10,8],[-63,-11],[-33,10],[5,38],[-38,3],[-42,-31]],[[902,4472],[33,-10],[-12,-18],[68,-18],[46,61],[50,25]],[[1087,4512],[76,26],[54,-5],[7,-11],[44,10],[-5,23],[-48,29]],[[5510,5052],[-19,-33],[7,-59],[-38,-10],[4,-35]],[[5445,4822],[68,-15],[8,20],[59,17],[6,20],[52,8],[2,19],[54,-19],[11,-40],[24,-32],[51,12]],[[6123,4924],[-24,9],[-13,44],[31,15],[-12,44],[-41,25],[-43,-11],[-29,23],[22,31]],[[6081,5038],[0,0]],[[6794,3913],[-10,19],[-65,-4],[-5,14],[-49,12],[2,48],[-54,46],[-17,2]],[[6596,4050],[-58,-31],[-46,-14],[-31,36],[-61,-11],[-27,-16],[-97,-13],[-24,16]],[[6252,4017],[8,-13],[-49,-14],[15,-18],[-42,-11],[-14,-34],[41,-53],[-27,-29]],[[6184,3845],[45,-13],[25,17],[7,-44],[-14,-12],[61,7],[0,-34],[18,0],[9,-32],[-32,-22],[41,0],[-10,-30],[-33,3],[5,-32],[27,12]],[[6333,3665],[23,11],[20,-18],[63,9],[15,-30]],[[6859,3787],[-56,23],[-13,31],[45,17],[-14,41],[-27,14]],[[3674,3421],[-102,-18],[-40,13]],[[3532,3416],[2,-37],[-16,-35],[-22,9],[-26,-20]],[[3470,3333],[-16,-25]],[[3454,3308],[31,-19],[22,20],[-8,-38],[15,-35],[38,7],[10,-17],[-31,-31],[42,-14],[-18,-58],[-37,-9],[-6,-34],[14,-35],[-39,-29],[40,-54]],[[3527,2962],[61,3],[24,-8],[74,14],[40,39],[-16,25],[39,21],[33,-8],[33,18],[18,-20],[24,3],[6,24]],[[3863,3073],[-14,9],[24,25],[-22,49],[-22,-3],[3,-24],[-28,-4],[-8,22],[27,8],[-56,4],[-30,12],[31,7],[-12,26],[65,17],[21,-12],[31,24],[43,-24],[13,13]],[[3876,3352],[-61,-35],[-2,-27],[-56,14],[-27,30],[-32,4],[22,37],[-15,37],[-31,9]],[[2668,2621],[-96,27],[-10,19],[7,41],[-82,16],[-28,-14],[-24,14],[-11,-41],[-70,-4],[-29,-17]],[[2325,2662],[13,-24],[77,-2],[59,-15],[70,-2],[-4,-18],[61,0],[70,15]],[[6145,4668],[39,-6],[20,-39],[-36,-10],[40,-9],[55,10],[-5,15],[60,7],[-19,21],[22,18],[7,51],[-61,33],[-55,-14],[-21,29]],[[1363,2618],[49,-17],[28,12],[-5,-23],[70,25],[21,21],[-32,14],[6,22],[-24,23],[38,36],[40,14]],[[5036,1831],[9,-10],[-51,-30],[-42,-5],[21,48],[-39,-12],[-5,-28],[-42,-17],[-4,32],[-32,5],[-53,26],[-14,-29],[4,-33],[69,-59],[-33,-25],[19,-17],[-10,-40],[12,-29],[-37,-8]],[[4808,1600],[24,-37],[26,-10],[69,16],[11,34],[28,12],[6,-62],[46,10],[62,-21]],[[5080,1542],[30,5],[63,30],[67,0],[28,-23],[70,25],[-23,6],[33,37],[-11,29],[19,8],[-18,46],[16,27]],[[4996,4020],[14,-33],[57,-33],[20,20],[30,-37],[42,-4],[-9,-21],[14,-31],[-13,-30],[20,-27],[-1,-27]],[[5170,3797],[83,-2],[41,-26],[6,31]],[[5300,3800],[3,28],[40,-14],[34,13],[26,-17],[30,18],[-6,30],[-46,6],[-11,20],[-25,-4],[-32,30],[-29,7],[15,35],[-15,19],[43,-7],[34,35],[20,-8],[29,18],[62,0],[4,-16],[59,8]],[[5535,4001],[15,18],[-22,18],[53,24],[50,38],[3,13],[-52,9],[-12,29],[25,16],[-9,17]],[[5560,4214],[-28,-6],[-14,39],[-40,40],[-35,-59],[-37,22]],[[2201,7808],[-39,-75],[-98,-67],[-63,-24],[-4,-19],[22,-37]],[[2381,7433],[21,38],[63,23]],[[2465,7494],[28,55],[6,31],[45,38],[112,-19]],[[2656,7599],[12,9],[-20,55],[-57,89],[-30,-7],[-49,25],[3,40]],[[4664,7416],[8,13]],[[4736,7443],[19,22],[51,14],[41,-9],[16,32],[66,0],[8,47],[25,1],[80,49],[17,19],[33,-27],[58,-11],[16,22],[57,-20],[-33,-3],[4,-19],[90,-18],[43,-28]],[[3149,1584],[-24,-22],[-44,-3],[-21,33],[-75,-7],[-1,26],[25,20],[-56,27],[-50,40],[-32,2],[-100,58]],[[2567,1711],[15,-29],[-19,-37],[-5,-38],[30,-38],[28,-2],[2,-54],[-15,-45],[-24,-16],[34,-28],[-10,-10],[54,-29]],[[2657,1385],[26,49],[28,-7],[6,-56],[39,-20],[41,-1],[13,-26],[54,17],[9,21],[-35,20],[33,15],[-18,30],[37,6],[4,18],[68,5],[71,-12],[29,8],[45,-30],[22,0]],[[3129,1422],[23,6],[17,43]],[[3169,1471],[-11,15],[17,25],[41,20],[-11,21],[-34,10],[-22,22]],[[6519,871],[-23,-30],[-23,1]],[[6750,448],[24,-12],[63,-6],[42,12],[30,-8],[-8,43],[-40,76],[24,-1],[46,23],[25,30],[17,-11],[-26,-50],[15,-19],[91,23]],[[1346,2421],[3,-23],[24,5],[36,-25],[29,11],[65,-1],[58,-17],[34,36],[36,-2],[6,23]],[[1637,2428],[-20,2],[-32,34]],[[1665,2627],[-18,3],[29,35],[-2,28]],[[1674,2693],[-7,5]],[[1794,6072],[-41,-6],[-29,14],[-41,44],[-32,-17],[-60,14],[-64,26]],[[1424,5843],[18,1],[77,-30],[-1,-33],[23,-31],[44,-15],[-24,-39],[52,-11],[-8,-14],[77,-29]],[[1682,5642],[40,12],[6,20],[-34,25],[51,35],[18,-29],[36,9],[27,-47],[77,40],[42,-12],[39,29],[16,-21]],[[2000,5703],[37,32]],[[2037,5735],[-79,112],[-54,21]],[[1904,5868],[-29,5],[-43,34],[-13,38],[-27,-10],[-1,55],[-35,24],[47,30],[-9,28]],[[2786,2916],[-32,11],[-27,-65],[-65,-18]],[[2840,2790],[-32,9],[22,29],[-19,21],[-25,67]],[[6132,1503],[-61,-18],[-26,-27],[-30,41],[-55,23],[-26,-4]],[[5934,1518],[-51,-6],[-28,-22],[-66,-17],[22,-29],[-16,-37],[-20,4],[9,-43],[-50,-16],[-12,-17],[0,-53]],[[5722,1282],[35,1],[0,21],[31,14],[26,-23],[27,4],[28,-27],[46,-1],[18,-36],[35,-6],[39,10],[29,-21],[-2,-20]],[[6034,1198],[58,7],[35,18],[12,33]],[[6139,1256],[21,39],[65,27]],[[5873,1938],[-23,-8],[-114,39],[-62,4],[-18,-22],[-18,12],[2,28],[-39,1]],[[5620,1733],[30,-24],[64,2],[61,-30],[-11,-23],[-31,-10],[89,-34],[1,-35],[42,-18],[22,-29],[29,14]],[[5916,1546],[21,12],[0,42],[55,31],[-31,39],[51,11],[-41,35],[35,11],[22,33],[45,7],[18,67],[-25,1]],[[6066,1835],[-61,-14],[-24,29],[9,17],[-39,-4],[-24,37],[-54,38]],[[6139,1256],[52,-26],[37,2],[4,-21],[23,17],[48,-12],[-24,-48],[64,0],[-10,-45],[34,5],[15,-15],[-15,-45],[-29,-14],[4,-17],[-109,20],[-40,-28],[-50,-3],[-35,18],[-7,59],[-38,11],[-19,-14]],[[6044,1100],[-30,-19]],[[6014,1081],[43,-20],[-24,-31],[19,-39],[-18,-13],[32,-20],[-29,-35],[25,-14]],[[6062,909],[41,-22],[14,17],[42,-15],[-9,-13],[60,7],[64,-48]],[[1743,5323],[-33,-33],[-23,14],[-39,-66],[34,-30],[5,-42],[27,27],[71,1],[2,-18],[-28,-17],[40,-31]],[[1799,5128],[53,21],[19,19],[-7,44],[24,21],[-12,57]],[[1876,5290],[-59,6],[-27,29]],[[7561,4618],[-29,0],[-50,52],[-43,-6],[-43,26]],[[7032,4373],[29,-16],[37,12],[60,-69],[-7,-56],[12,-19],[40,-9],[31,13],[25,-23]],[[7259,4206],[21,16],[40,-7],[33,15],[-41,20],[24,22],[4,26],[30,0],[19,28],[42,-8],[28,12],[-16,15],[24,44],[-85,36],[30,19],[-20,28],[40,2],[6,-20],[39,16],[-16,23],[29,13],[16,-11],[27,23]],[[7533,4518],[-11,28],[-34,23],[39,-7],[35,32],[-1,24]],[[7827,4540],[0,45],[-67,14],[12,27],[-11,27],[-73,-11],[-36,23],[-43,-7],[-48,-40]],[[7533,4518],[41,-1],[26,17],[54,-22],[-10,-24],[33,-28],[57,11],[31,35],[29,-13],[33,47]],[[2281,1860],[-76,-72],[-45,-20],[-47,-70],[1,-98],[-43,-38],[-5,-49],[-29,-57],[-4,-36],[15,-56],[-15,-20],[-44,-23],[-12,-54]],[[1977,1267],[34,3],[25,-29],[53,5],[35,-21],[15,13],[90,-20],[-5,-10],[80,-11],[40,41],[37,-16],[32,3],[26,-21],[52,27],[39,-34],[-8,-24]],[[2522,1173],[49,-33],[17,36],[45,-19]],[[2633,1157],[29,25],[4,29],[-25,100],[44,10],[-9,40],[-19,24]],[[8641,1853],[-81,-6],[16,-25],[-29,4],[-54,-12],[-41,11],[-35,-11],[-44,35],[-53,24],[-46,-16],[-37,51],[-80,-3],[-7,-23],[-25,10],[-27,-17],[-42,14]],[[7768,1708],[-12,-19],[41,-11],[2,-24],[-24,-32],[82,26],[26,-18],[-16,-65],[30,-3],[5,-50],[59,-31],[-1,-18],[-86,-34],[1,-39],[65,-17],[-1,-19],[28,-39]],[[7967,1315],[79,-2],[82,36],[47,42],[41,22],[36,75],[-13,34],[34,70],[-21,50]],[[8252,1642],[-33,-11],[-49,24],[-7,24],[-44,14],[-15,20],[52,-4],[1,11],[101,-1],[31,-18],[36,14],[8,-19]],[[8333,1696],[71,-41],[23,13],[60,-28],[9,-16],[71,-28],[19,19],[16,48],[9,-15],[43,40],[-7,13],[26,29],[-11,41],[0,57],[-21,25]],[[8548,7971],[-76,-41],[-17,-49],[-16,6],[-66,-19],[7,-29],[-43,-31],[7,-41],[-41,-36],[-50,10],[-39,-69],[-16,-4],[-31,45],[-69,4],[-54,-31],[-7,-32]],[[8338,7341],[40,0],[79,19],[49,-3],[-7,17],[18,37],[32,-10],[44,6],[69,22],[77,-6],[-27,-16],[-9,-30],[-24,5],[-7,-41],[41,-19],[42,-1],[29,12],[36,-35],[17,16],[16,-43],[26,-3],[15,32],[48,-9],[42,21],[36,-6]],[[9020,7306],[35,20],[89,33],[88,57],[31,42],[23,82],[-23,37],[12,38],[79,74],[-31,21],[-16,42],[6,27]],[[5779,2720],[-58,1],[-16,-21],[23,-20],[-47,-24]],[[5592,2703],[-5,8]],[[5587,2711],[-60,-6],[-10,-26],[-67,-1]],[[5450,2678],[5,-47],[29,-15],[2,-68],[14,-11],[-40,-20],[-42,-42]],[[5418,2475],[41,-13],[-23,-34],[43,-12],[48,-27],[1,22],[63,9],[59,-39],[32,-3],[2,-21],[45,-26],[41,1],[44,-51]],[[5814,2281],[49,0],[22,-46],[66,-17],[26,26],[34,-1],[20,16],[4,38],[-20,25]],[[6062,909],[-36,-49],[-2,-25],[-28,14],[-42,-15],[8,-119],[-9,-8]],[[5953,707],[14,-24],[52,-4],[28,-70],[-45,-19],[-2,-29],[-31,-17]],[[5969,544],[5,-25],[-71,-12],[-11,-45],[17,-25],[-21,-11],[-5,-29],[29,-9],[0,-25],[22,0],[16,-27],[91,-47]],[[6041,289],[35,29],[8,-14],[69,-1],[61,10],[21,15],[-1,37],[22,35],[28,14]],[[3383,5439],[-87,-32],[34,-46],[-4,-20],[32,-3],[-9,-50],[-54,5],[-39,-20],[-55,17],[-83,-24],[-29,7],[-19,-20],[-50,-23],[-88,-85],[40,-39],[38,17],[102,17],[21,-71],[29,-12],[-19,-13],[-2,-39],[-59,-42],[8,-25],[-46,-27],[-120,8]],[[2924,4919],[-52,-29],[28,-21],[-24,-27],[36,-29],[-71,-57],[5,-7]],[[4695,9084],[-36,10],[55,47],[-26,54]],[[4688,9195],[-54,-81],[-53,2],[-41,-28],[60,-4],[-2,-26],[-36,11],[-5,-46],[22,-18],[29,3],[-12,-24],[43,-16]],[[4639,8968],[66,-3],[24,47],[-17,10],[16,56],[-33,6]],[[3323,7370],[-53,14],[-53,1],[-50,29],[-41,-13],[-25,12]],[[3041,7368],[-16,-27],[11,-30],[39,2],[7,-60],[-54,-10],[2,-33],[-14,-45],[-103,-26],[8,-15],[-74,-28],[-21,5]],[[2826,7101],[-10,-17],[21,-45],[-26,-39],[-39,1],[-78,-40],[-31,-7],[-18,-47],[20,-86],[35,-11],[-1,-43],[-35,-13],[-3,-41]],[[3541,7224],[-39,6],[-17,25],[-65,7],[-25,-49],[-32,0],[-53,102],[31,29],[-18,26]],[[5884,4120],[-20,-1],[40,-152],[-22,-9],[14,-22],[-22,-17],[15,-21],[-20,-9],[-5,-41],[-54,31],[-9,-26]],[[5801,3853],[13,-19],[-31,-71],[27,1]],[[5810,3764],[39,-2],[21,-37],[31,-14],[66,-1]],[[5967,3710],[20,8],[18,34],[22,-22],[40,11],[-22,19],[80,66],[59,19]],[[6252,4017],[-91,-32],[-1,28],[-44,7],[3,39]],[[2310,2452],[0,0]],[[2256,2617],[-18,9],[-57,-3]],[[2181,2623],[5,-39]],[[2186,2584],[9,-9],[48,17],[1,-18],[42,-21],[0,47],[-25,-4],[-5,21]],[[2441,2521],[-49,-13],[4,-26],[-51,-10],[57,-12],[-18,-27],[40,-12],[24,22],[46,4],[25,-15],[1,57],[-24,-3],[-1,27],[-54,8]],[[2633,1157],[47,-12],[66,15],[62,-22],[-7,32],[88,-19],[38,-47],[-10,-21],[31,-18],[-5,-25],[41,-7]],[[3144,1142],[-35,28],[27,25],[-33,11],[-17,46],[11,10],[-26,33],[-40,13],[22,20],[55,13],[-27,18],[43,19],[5,44]],[[1674,2693],[82,-34],[28,19],[21,-26],[40,22],[14,25],[34,6],[21,-41],[64,-9],[85,9],[6,-32],[37,-17],[36,21]],[[2142,2636],[9,46]],[[2151,2682],[-26,6],[-51,40],[-66,-1],[-16,-12],[-35,53],[-35,-1],[6,27],[73,-3],[-26,21],[1,34],[26,10],[37,-28],[28,23],[40,-6],[15,-31],[33,4],[29,-56],[-1,-17],[-59,-16],[36,-43]],[[2160,2686],[9,14],[43,8],[71,28],[-11,20],[56,22],[-44,14],[-12,21],[14,36]],[[4764,1579],[-4,7]],[[4966,1892],[-41,6],[-31,-24],[-40,2],[-36,31],[-66,20],[-7,16],[-45,-9],[-4,-36],[-34,47],[-12,-25],[-36,-4],[-32,-20],[-28,1],[-24,23],[-8,-42],[-31,-7]],[[4756,1592],[52,8]],[[5394,2908],[-31,-13],[2,-19],[-35,14],[-18,-23],[-66,-12],[19,-20],[0,-54]],[[5265,2781],[38,-1],[20,-17],[-9,-28],[26,-7],[110,-50]],[[5587,2711],[35,29],[-38,41]],[[5584,2781],[-12,22],[-79,18],[0,49],[29,2],[1,35]],[[5523,2907],[-2,5]],[[1528,4975],[-20,17],[-91,-6]],[[1233,4940],[-8,-34]],[[1225,4906],[22,-13],[31,19],[38,1],[-18,-25],[64,-25],[-24,-40],[-29,-11]],[[1411,4618],[41,10],[55,68],[28,-22],[77,2],[19,28],[39,20]],[[1670,4724],[-13,12],[-34,-11],[-26,34],[-48,0],[-38,12],[33,25],[-2,27],[25,-1],[32,32],[-18,36],[-19,-13],[-27,18],[24,29],[-19,5],[-12,46]],[[4445,9457],[-13,-16],[-60,-33],[-59,-19],[-24,-22],[-58,-26],[-12,-27],[-20,4],[-11,-46],[-37,5]],[[4357,8655],[34,-2],[53,15]],[[4444,8668],[12,40],[-26,1],[-6,52],[40,50],[36,21],[43,-27]],[[4543,8805],[88,1],[16,19],[-14,20],[13,91],[-35,10],[28,22]],[[4688,9195],[27,30],[-64,37],[-123,-12],[-170,-35],[-23,37],[39,-1],[92,34],[37,24],[30,36],[6,112]],[[6333,3665],[3,-45],[-53,-29],[16,-32],[-32,-3],[-16,-29],[-169,-49],[-31,13],[9,-41],[-33,5],[-13,-34],[-74,37],[-42,4],[7,27],[-31,16]],[[5874,3505],[-11,-14]],[[5854,3338],[25,5],[-4,-22],[43,-67],[54,10],[22,-12],[-21,-24],[38,-12],[2,-25],[-31,-42],[23,-44],[-33,-16],[24,-12]],[[6205,3138],[41,32],[-4,18],[40,9]],[[6282,3197],[5,56],[184,58],[55,-3]],[[6134,3457],[0,0]],[[6231,3474],[39,-12],[30,8],[-10,-21],[34,-31],[-38,-4],[-21,-47],[-66,0],[14,12],[-77,69],[95,26]],[[3433,3493],[23,-143],[14,-17]],[[3532,3416],[-26,32],[27,24],[-31,43],[51,8],[72,-45],[-13,-21],[33,-10],[29,-26]],[[7331,2917],[-30,12],[-41,-21],[-28,16],[-59,-12],[-8,-22],[-39,12],[-10,-14],[-52,-3],[7,-11],[-61,15],[-68,55],[10,15],[-56,20],[-22,-30],[-49,-7],[-15,-18]],[[6810,2924],[-32,-8],[-13,-30],[21,-38],[-66,7],[1,-83],[-62,10],[0,-19],[33,-21],[1,-19],[42,3],[17,-52],[-27,2],[-44,-27],[-33,-37],[7,-27],[-31,-20],[42,-21],[-32,-10],[-21,-29]],[[7375,2832],[11,11],[0,49],[-55,25]],[[4960,8747],[1,-15],[-49,1],[-18,13],[-3,32],[-78,-9],[-38,-22],[-67,-18],[-35,-19],[-19,7],[-88,-4]],[[4566,8713],[-21,-25],[-39,-16],[-62,-4]],[[4445,8194],[44,-7],[14,44],[77,-3],[3,23]],[[4581,8263],[3,4]],[[5086,8536],[22,22],[-41,34],[16,27],[-90,4],[58,52],[44,-10],[24,62],[-74,3],[-45,-13],[-40,30]],[[2200,6179],[-98,27],[-47,-9],[-52,-81]],[[2003,6116],[18,-3],[30,-118],[27,-21],[-16,-33],[-59,13],[-17,-25],[12,-24],[-54,10],[-3,-21],[-32,-6],[-5,-20]],[[2037,5735],[37,-17],[70,22],[3,-14],[41,-1],[17,-34],[60,-3]],[[2265,5688],[25,27],[92,-6],[53,-18],[13,18],[40,-5],[38,-25],[30,4],[-19,-45],[78,2],[32,17],[1,24],[26,39]],[[2674,5720],[-20,36],[-52,25],[4,38],[-29,27],[-34,6],[20,23],[-36,20],[-10,27],[-27,19],[20,37],[-62,38],[-2,58],[-39,12],[23,60]],[[8321,4318],[-19,21],[-77,38],[-45,44],[-9,50],[-51,-17],[-52,5],[9,25],[-32,17],[-91,9],[-28,-17],[-29,27],[-29,-13],[-41,33]],[[7259,4206],[-17,-19],[-36,-9],[-23,-28],[39,-43],[99,-59],[-1,-21]],[[7320,4027],[37,11],[61,2],[37,-25],[30,44],[93,36],[127,-62],[54,12],[33,29],[16,83],[77,-7],[34,20],[4,-15],[66,-3],[-3,14],[36,43],[-5,18],[36,42],[25,-3],[13,-23],[35,8],[3,35],[56,24],[-7,30],[38,-21],[7,-19],[57,-23],[41,41]],[[5684,9203],[0,0]],[[5688,9321],[-19,7],[-41,-31],[-22,-38],[-7,-43],[26,-8],[38,13],[37,-12],[-2,-43],[28,-10],[57,-1],[0,23],[152,-22],[-16,37],[-48,52],[-22,39],[-74,27],[-87,10]],[[5421,8629],[-58,7],[-39,51],[6,25],[51,46],[66,-9],[26,10],[60,53],[164,83],[-12,56],[1,47],[-13,81],[59,41],[3,20],[-41,3],[-14,-16],[-55,-15],[-2,13],[-84,9],[-82,-33],[-92,-61],[-82,-9]],[[5283,9031],[-9,-21],[25,-24],[-8,-29],[-25,-19],[19,-23],[-46,-29],[-5,20],[-61,32],[-43,4],[-36,-10],[-13,-50],[-50,-15],[36,-48],[28,-7],[-13,-20],[-117,-3],[-5,-42]],[[1977,1267],[-13,-40],[-73,-86],[-1,-26],[-25,-30]],[[2134,1026],[28,-22]],[[2473,949],[-22,22],[14,19],[-19,30],[61,14],[-45,72],[18,11],[-6,30],[48,26]],[[5016,6131],[-34,13],[-39,-35],[-83,-20],[6,11],[-49,16]],[[4576,5979],[44,-32],[-7,-30],[21,-9],[-9,-48],[36,-8],[-5,-29],[16,-16]],[[4672,5807],[19,24],[45,5],[31,22],[32,-25],[10,-49],[32,-12],[52,1],[24,28],[50,-21],[81,-11],[-16,-29],[12,-15],[-32,-42],[28,-4],[15,-31],[36,-1],[32,14],[65,-12],[26,-36],[29,-5]],[[5243,5608],[26,5]],[[3904,6424],[-43,29],[-12,47],[36,27],[-22,65],[-94,-28],[-6,26],[53,30],[7,17],[-30,5],[-68,-7],[-13,21]],[[3400,6322],[39,-29],[-5,-51],[59,21],[39,-21],[41,3],[12,-47]],[[8003,5308],[-21,-13],[23,-66],[-10,-18],[15,-77],[-22,-14],[2,-36]],[[7990,5084],[14,-70],[47,-17],[-9,-62],[22,-81],[-32,-56],[41,29],[123,28],[38,-23]],[[8234,4832],[9,25],[59,17],[23,-9],[81,6]],[[8406,4871],[14,39],[34,10],[71,-18],[34,66],[39,-7],[14,13],[-24,24],[21,15]],[[8609,5013],[28,23],[-13,32],[35,23],[-15,19],[26,20],[-27,46],[31,50],[32,-6],[-22,52]],[[8684,5272],[-105,-20],[-52,17]],[[2862,7962],[0,-68],[8,-67]],[[2870,7827],[20,-56],[-16,-38],[44,-11],[22,16],[35,-15],[52,0],[56,18],[36,2],[-7,17],[33,4],[14,28],[-32,28],[48,16],[9,19],[87,9],[47,-20]],[[3577,8116],[4,18],[38,20],[34,-3],[16,18],[49,13],[-2,37],[-32,-6],[-43,18],[15,15],[84,47],[-24,16],[-16,33],[-43,-17],[-52,41],[-30,-1],[-5,19],[-111,16],[-11,16]],[[3448,8416],[-56,18],[-79,-14],[-133,7],[-34,15],[-72,59],[-79,-13],[-44,-49],[-9,3],[-29,-73],[-61,-121],[1,-50],[39,-64]],[[5283,9031],[-33,8],[-49,47],[-44,21],[-165,48],[-64,32],[-53,11],[-41,-2],[-74,-23],[-61,-70],[-4,-19]],[[4543,8805],[-10,-4],[-11,-59],[8,-25],[36,-4]],[[1018,3969],[-74,-12],[-36,-21],[-35,46],[-19,-30],[-31,15],[-20,36],[-65,-28],[-14,4],[-50,-40],[-28,7],[2,20],[-34,5],[-18,34],[-31,-7],[44,-79]],[[609,3919],[22,-36],[26,23],[11,-38],[35,3],[24,-45],[37,-8],[-5,-18],[31,-6],[-2,-38],[-42,-13],[16,-15],[-15,-34],[37,-16],[-3,-33],[36,-5],[24,16],[27,-30],[41,-13]],[[1670,3320],[-12,-10],[14,-47],[47,-32],[-32,-42],[29,-24],[25,16],[36,-39],[-6,-19],[34,6]],[[2222,3187],[30,17],[-6,58],[40,28]],[[2286,3290],[5,27],[-23,34],[-31,2],[-23,62],[-58,16],[-47,-6],[17,24],[-48,21],[-6,20],[-36,13]],[[8208,6904],[28,-16],[18,18],[36,6],[-25,11],[27,16],[11,-21],[41,-17],[-29,-52],[13,-17],[42,-5],[38,-22],[4,-29],[28,-5]],[[9034,7222],[-19,72],[5,12]],[[5037,5526],[-61,23],[-68,-6],[9,-32],[-39,-56],[-45,-15],[-2,-18],[-60,-13],[-30,-17],[-12,22],[-30,-25],[-4,-28],[-35,-2],[-28,-18],[-64,6],[-22,-19],[-31,0],[-24,-29],[-64,-29]],[[4730,5033],[-20,39],[33,14],[102,-2],[55,28],[0,37],[83,42],[44,5],[-21,29],[26,4]],[[5075,5263],[-32,27],[-7,47],[34,11],[-21,28],[39,84],[-58,29],[7,37]],[[5018,5321],[0,0]],[[4347,2694],[-27,33],[-21,-8],[-12,25],[-35,-11],[-61,0],[-11,24],[-70,-5],[5,20],[-42,-4]],[[4073,2768],[-36,-12],[25,-32],[-24,-21],[-137,19],[-3,-33]],[[3990,2360],[20,31],[73,-30],[-36,31],[86,5],[55,76],[39,-2],[22,38],[-2,24],[69,28],[11,29],[20,-1],[-16,28],[20,23],[-17,30],[13,24]],[[5142,2660],[-41,-2],[-26,-25],[-54,6],[27,-44],[-48,-8],[21,-23],[61,-6],[54,-23],[66,-13],[7,29],[-38,32],[21,7],[21,45],[-66,15],[-5,10]],[[1682,5642],[34,-5],[26,-40],[-17,-29],[-34,-10]],[[1876,5290],[27,-7],[21,27],[-20,52],[47,25],[45,10],[73,-8],[79,14]],[[2148,5403],[-8,34],[14,61],[-17,33]],[[2137,5531],[-18,55],[-56,4],[-78,-14],[-13,59],[56,23],[-29,23],[1,22]],[[6790,1928],[-23,-28],[-32,13],[-60,-10],[-28,-32],[-21,-1],[-65,-48],[-7,-30],[28,-74],[4,-30]],[[7211,1489],[-14,72],[41,22]],[[7238,1583],[-27,39],[27,14],[-36,22],[-39,-5],[-36,-31],[-8,26],[-55,23],[8,36],[18,1],[-19,33],[17,21],[30,3],[-23,51],[-41,7],[-11,40]],[[6951,1697],[41,-2],[-72,-61],[11,-16],[-38,4],[-2,-14],[-44,-14],[-24,14],[-76,-16],[-42,0],[4,17],[103,29],[18,38],[39,-32],[82,53]],[[5422,7166],[-82,-13],[-8,-59]],[[5604,6710],[47,15],[42,-68],[63,-28],[101,5],[47,-10],[28,14],[13,-21],[66,8],[75,-29],[-4,-27],[125,30],[27,62]],[[5627,2908],[-46,2]],[[5581,2910],[13,-31],[28,-7],[-12,-17],[12,-29],[-38,-45]],[[2922,5389],[-87,-37],[-54,-42],[-29,2],[-101,-25],[-25,24],[-43,-5],[-86,50],[-42,9],[-74,-2],[-52,35],[-56,-11],[-51,32],[-45,-42]],[[2177,5377],[34,-57],[-5,-31],[19,-22],[28,-68],[-31,-14],[15,-15],[-17,-25],[40,-56]],[[2585,4922],[73,-4],[38,-11],[95,63],[29,-10],[35,20],[20,-27],[45,-18],[4,-16]],[[6062,8565],[0,0]],[[6135,8680],[0,0]],[[6110,8671],[-20,-1],[-85,-35],[1,-27],[55,-17],[0,31],[20,14],[-3,-47],[31,13],[22,67],[-21,2]],[[6207,8676],[-49,-3],[-25,-70],[-23,0],[6,-50],[-35,-25],[7,-18],[-54,29],[3,18],[-42,-1],[-33,30],[-52,-33],[-48,13],[0,39],[16,11],[-58,9],[-29,34],[-41,-7],[-50,6],[-54,-8],[-68,-25],[-89,-41]],[[5923,8194],[47,31],[18,-11],[55,24],[41,-8]],[[6463,8345],[15,32],[-20,35],[-39,4],[22,44],[-17,17],[33,16],[-1,64],[16,39],[-43,14],[-18,-22],[-47,-5],[-21,-28],[-32,66],[-49,11],[-28,-10],[-8,42],[-19,12]],[[4171,2175],[-63,51],[-39,0],[15,41],[-9,24],[-79,5],[-35,26]],[[4098,1931],[-7,18],[33,24],[-11,17],[59,2],[27,-10],[54,24],[-3,27],[-27,26],[4,33],[-78,52],[24,8],[-2,23]],[[3493,7550],[-38,-33],[-57,1]],[[3398,7518],[-41,-13],[18,-20],[-1,-51],[19,-18],[-70,-46]],[[2069,3611],[10,-21]],[[2458,3860],[-1,25],[-29,44],[-77,90],[-57,7]],[[5814,2281],[-63,-71],[-5,-32],[-58,-6],[-38,-39],[25,-22],[-65,-35],[-44,-11],[-12,-25],[-28,5]],[[5873,1938],[18,14],[93,-17],[33,7],[4,46],[43,-11],[20,-21],[48,-7],[11,-35],[-15,-21]],[[6128,1893],[40,-15],[30,11],[22,57],[32,36],[45,-2],[28,-48],[31,23],[23,-12]],[[6379,1943],[21,22],[-34,15],[16,73],[23,6],[-29,32],[-2,26],[-88,17],[0,17],[-38,8]],[[2265,5688],[57,-32],[-47,-4],[-10,-44],[-36,-32],[3,-23],[-60,-5],[-35,-17]],[[2148,5403],[29,-26]],[[2765,5712],[-91,8]],[[6870,5142],[-62,-9],[-1,-10],[-67,-9],[9,19],[-20,23],[-79,-21],[-47,0],[-2,-43],[-41,10],[-44,-9],[-10,14],[-53,-1],[0,27],[-34,18],[-63,-21],[-76,51],[-14,19],[-38,-19],[-19,-35],[-71,2],[-28,21]],[[6354,4901],[4,-24],[113,-28],[77,13],[39,-16],[1,-21],[34,5],[40,-23],[-6,-31],[35,1],[16,-28]],[[6683,8864],[39,-15],[2,-70],[20,-7],[27,-66],[73,9],[49,14],[13,34],[-34,27],[19,40],[-9,23],[24,21],[59,0],[39,19],[-33,23],[5,32],[-73,6]],[[6903,8954],[-54,-53],[-55,-44],[46,6],[-10,-21],[-40,-7],[6,-68],[-18,31],[11,60],[-10,19],[-96,-13]],[[2674,2602],[-24,-18],[-55,-9],[-17,-20],[6,-64],[-24,-1],[1,-50],[43,3],[9,-61],[-37,-2],[-21,-19],[-48,30],[-53,-2],[1,-38],[-38,-18],[-16,-31],[8,-38],[-9,-44]],[[2400,2220],[93,-29],[75,-1],[11,-12]],[[2610,2196],[17,12]],[[2696,2324],[22,29],[8,79],[41,72],[-22,-1],[30,39]],[[7908,9189],[0,0]],[[8002,9235],[0,0]],[[7263,9099],[0,0]],[[7753,9208],[0,0]],[[8019,9243],[0,0]],[[7386,9179],[0,0]],[[8004,9149],[0,0]],[[7910,9338],[0,0]],[[7948,9298],[0,0]],[[7487,9169],[0,0]],[[7914,9043],[0,0]],[[8367,9054],[0,0]],[[7700,9209],[0,0]],[[7442,9193],[-22,-16],[60,-4],[-38,20]],[[7829,9231],[-20,-18],[-35,2],[-17,-16],[62,9],[10,23]],[[7923,9416],[-42,-19],[-6,-56],[-30,-69],[30,45],[26,13],[-10,40],[43,44],[-11,2]],[[7974,9274],[-43,-20],[-26,-44],[67,15],[48,19],[-3,21],[-43,9]],[[8243,9518],[-61,-1],[-95,-12],[-73,-43],[6,-36],[-12,-22],[-51,-27],[9,-17],[67,49],[-11,34],[60,26],[1,-37],[-26,-30],[-16,-46],[95,31],[-5,14],[47,27],[30,-54],[27,-3],[25,-23],[61,-4],[14,-45],[-13,-44],[49,-6],[-1,-23],[-25,-11],[36,-12],[-41,-11],[24,-14],[-71,7],[30,13],[4,20],[-37,2],[12,41],[-41,-11],[-38,24],[3,33],[-44,52],[-21,-18],[37,-9],[-43,-27],[4,42],[17,36],[-15,3],[-60,-34],[-5,-23],[-56,24],[-76,-13],[-33,2],[20,-42],[42,-13],[33,9],[-4,-31],[30,-1],[-19,-30],[-73,-12],[-22,-41],[68,10],[31,-57],[-7,-20],[-51,8],[-70,-12],[-9,-45],[42,-34],[-14,-31],[56,21],[7,-34],[20,3],[55,-25],[49,5],[11,-25],[64,-11],[13,-11],[34,24],[-25,34],[-25,-16],[-29,21],[43,10],[30,32],[90,52],[53,-4],[23,15],[43,-26],[29,18],[48,6],[-11,-25],[29,-19],[-58,-23],[11,-12],[51,9],[6,-34],[18,7],[-10,28],[22,45],[34,11],[-27,10],[-75,69],[-54,-3],[-49,51],[-6,46],[40,31],[65,28],[12,54],[-45,28],[-55,0],[-139,-18],[-39,9],[-34,27],[-18,47],[11,19],[45,13],[2,31]],[[8122,8888],[-39,55],[-60,4],[-44,33],[-49,-15],[19,18],[-30,2],[-32,27],[9,20],[-27,19],[-12,37],[19,20],[-23,24],[-26,-4],[-31,41],[15,25],[-20,10],[-32,-19],[-68,-15],[-29,-15],[-15,-42],[-41,-23],[-31,0],[-32,55],[-21,-28],[-27,16],[-7,-19],[-26,22],[-7,33],[-53,-10],[14,-17],[-105,-42],[7,19],[-49,-9],[18,-13],[-19,-23],[-68,-11],[6,-33],[-50,-10],[-27,-25],[11,-24],[39,-15],[-61,6],[-38,21],[21,14],[-26,31],[41,27],[-13,22],[34,-7],[3,48],[37,11],[54,1],[17,-12],[34,22],[49,-4],[-8,27],[57,23],[16,-19],[41,27],[31,1],[23,-22],[122,8],[24,-10],[57,18],[-6,22],[-75,-6],[-212,4],[-112,16],[-45,37],[-46,-74],[-40,-46],[-29,-18],[-61,-86],[-73,-45]],[[6995,8993],[-8,-17],[34,-13],[3,-23],[62,-31],[7,-42],[-11,-18],[22,-36],[0,-27],[55,13],[53,-34],[60,-12],[18,7],[36,-30],[21,9],[55,-39],[44,-16],[18,-20],[47,15],[54,-33]],[[7565,8646],[53,-37],[56,9],[18,16],[68,11]],[[7757,7568],[-41,17],[36,16],[-36,10],[-48,-7],[-14,-16],[-44,24],[-93,-13],[-27,13],[20,32],[-38,-3],[-62,12],[10,19],[-22,12],[-53,-14],[-83,26],[-93,-19],[-18,32],[-33,7],[-5,28],[-67,20]],[[7038,7768],[-24,-21],[14,-41],[36,-45],[-40,-37],[19,-25],[3,-34],[-44,-32],[2,-22],[52,-22],[-14,-25],[-33,-7],[-8,-33],[66,-49],[25,10],[38,39],[9,-62],[-67,-17],[-34,0],[-20,-49],[-44,-12],[20,-32],[-92,-7],[-11,-15],[-69,-15]],[[6956,7089],[22,11],[72,-7],[67,10],[4,-60],[95,6],[63,-11],[7,25],[-20,12],[16,38],[37,-3],[29,-23],[40,14],[29,-41],[50,-14],[-12,-38],[36,-33],[100,-26],[-4,15]],[[3176,3680],[-6,-36],[-53,0],[24,-18],[-34,-41]],[[1799,5128],[-16,-28],[-75,-36]],[[1708,5064],[-15,-33],[54,-44],[27,-38],[1,-23],[24,-8],[71,7],[27,-12],[-7,-20],[28,-17],[71,23],[26,-17]],[[8501,6681],[94,-34],[-26,-39],[10,-13],[-58,-30],[15,-8]],[[8536,6557],[32,11],[-1,-26],[31,-18],[-24,-37],[48,0],[67,-12],[-20,-33],[36,2],[9,-18],[-41,-42],[31,-26],[-20,-48],[64,-1],[-5,-19],[-43,-6],[22,-24],[-27,-32],[80,4],[22,17],[32,-2],[45,-34],[112,-29],[29,-49],[60,11],[12,38],[31,-4],[-18,-28],[3,-26],[46,-13],[37,16],[38,31],[27,6],[50,-26],[15,-36],[34,2]],[[9350,6106],[-1,17],[41,23],[19,-64],[62,-3],[36,37],[64,-9],[35,-33],[39,0]],[[9645,6074],[34,40],[11,45],[-19,23],[-44,16],[-21,24],[1,40],[25,33],[-22,26],[22,18],[10,37],[-26,26],[-97,19]],[[4540,1524],[11,-35],[-29,-32],[-53,-39],[36,-15],[-3,-17]],[[4609,1148],[12,-41],[32,-31]],[[4801,1232],[22,47],[21,-4],[-28,31],[-13,60],[-98,50],[-16,22],[-2,40],[13,32],[-40,-2],[-9,13]],[[2092,4711],[-55,-31],[27,-19],[-13,-43],[11,-31],[-32,9],[-32,-32],[-42,-6]],[[1956,4558],[20,-13],[-4,-40],[-22,-15],[-41,3],[-38,-41],[-34,11],[-79,-36],[-44,-10]],[[1714,4417],[50,-53],[-3,-53],[-35,-14],[27,-44],[22,-14],[42,-1],[28,35],[-17,32],[39,-5],[-9,33],[22,9],[95,-10],[24,-28]],[[2368,4400],[1,36],[-78,62],[11,76],[-13,14],[-66,5],[-26,35],[-58,9],[24,56]],[[5953,707],[-43,17],[14,33],[-18,35],[-29,-15],[-80,10],[8,26],[44,21],[-19,20],[-27,-2],[-11,21],[-35,4]],[[5341,736],[-21,-59],[36,-21],[-7,-20],[-37,3],[-9,-102],[60,22],[7,17],[38,12],[-34,-36],[-21,-49],[50,-6],[26,13],[30,-16],[43,7],[-13,-30],[54,-27]],[[5543,444],[14,36],[21,8],[7,30],[-29,31],[15,21],[69,-13],[26,36],[41,-7],[47,9],[31,-24],[19,21],[140,-34],[25,-14]],[[6128,1893],[-3,-22],[-36,0],[-23,-36]],[[5916,1546],[18,-28]],[[6365,1729],[-15,21],[21,19],[-29,20],[10,26],[-45,21],[16,31],[-14,25],[65,15],[-20,39],[25,-3]],[[4823,6647],[-44,-14],[3,-20],[-57,6],[-24,-38],[-54,-3],[27,-39],[-32,-12],[16,-19],[-16,-22],[-52,14],[2,-34],[-50,-30]],[[4785,6307],[29,-10],[37,18],[32,-17],[29,35],[62,24]],[[4974,6357],[5,45],[-25,79],[13,15]],[[1225,4906],[-18,-30],[-59,17],[-24,-21]],[[6282,3197],[38,-65],[-19,-32],[6,-39],[-15,-29],[55,-11],[56,4],[51,33],[95,-22],[40,13],[67,-6],[-6,-34],[27,-14],[-10,-33],[94,0],[-2,-16],[55,-8],[-4,-14]],[[7331,2917],[-25,34],[7,22],[-18,43],[-35,-2],[-12,36],[14,26],[-9,26],[-33,-1],[-56,26],[-42,67]],[[6815,3124],[11,11],[56,-12],[10,-21],[41,-5],[39,-36],[-19,-29],[-41,39],[-25,-12],[-19,13],[-31,-60],[-49,33],[-10,33],[-24,8],[61,38]],[[5300,3800],[55,-46],[-4,-57],[71,-7],[11,17],[30,-21],[-24,-45],[3,-19]],[[5469,3624],[6,23],[63,22],[-33,19],[32,16],[6,20],[60,8],[3,19],[-27,25],[53,9],[33,-16],[41,6],[7,-19],[48,3],[29,-17],[20,22]],[[5801,3853],[-48,17],[-12,38],[27,15],[-48,52],[-79,-28],[-7,19],[-47,8],[-8,-24],[-44,51]],[[1247,5472],[-13,2]],[[1234,5474],[-11,-33],[-66,-13]],[[1157,5428],[-30,-14],[-1,-21]],[[1126,5393],[22,-27],[43,-13],[-20,-66],[-40,-27]],[[1131,5260],[65,-25],[62,23],[37,-3],[69,22]],[[1364,5277],[-8,32],[28,26]],[[5497,1269],[33,11],[18,144],[-33,58],[-47,44]],[[5468,1526],[5,-59],[-45,-7],[-7,-28],[21,-21],[-4,-30],[-40,-5],[-18,11],[-29,-21],[19,-15],[-30,-33],[49,4],[58,-11],[40,4],[10,-46]],[[4121,5498],[27,20]],[[4162,5536],[47,39],[55,-3],[30,-14],[27,17],[42,1],[76,-15],[18,18],[111,-6],[49,14],[24,-5],[14,29],[19,-3],[-15,36],[-2,53],[-27,6],[41,45],[-11,14],[12,45]],[[1714,4417],[-71,10],[-13,-22],[11,-25],[-14,-42],[-28,-14],[-84,-17],[-47,-2]],[[3863,3073],[71,-27],[58,-10],[24,-17],[-8,-27],[-35,2],[-14,-19],[26,-56],[23,-17],[-57,-55],[23,-10],[0,-45],[45,4],[54,-28]],[[4347,2694],[75,6],[38,-18],[16,21],[72,-8],[-8,20],[80,13],[7,-13]],[[4627,2715],[53,7],[-30,60],[-42,14],[26,32]],[[4634,2828],[-20,23],[23,26],[-41,1],[0,41]],[[1465,4339],[-46,69],[28,8],[5,48],[-47,9],[-33,26],[-26,-17],[-39,13],[-32,-18],[-14,-68],[23,-39],[-19,-25],[46,-28],[40,34],[24,-15],[31,9],[42,-15]],[[6561,5907],[0,0]],[[6565,6074],[-7,-29],[91,-81],[46,-33],[-47,-30],[-32,18],[-75,-38],[-12,-18],[27,-23],[-36,-51],[45,-21],[-39,-30],[1,-32],[-19,-40],[30,-11]],[[6538,5655],[52,-35],[138,-5],[-14,-31],[18,-10],[3,-35],[128,-5],[6,-40],[32,-24]],[[6901,5470],[35,21],[2,18],[66,-1],[60,34],[84,-6],[18,35],[48,-7],[80,6],[23,22]],[[7317,5592],[-7,53],[-62,-9],[-24,29],[-23,-1],[0,27],[-97,-6],[-38,-18],[-2,45],[-14,18]],[[7050,5730],[-33,12],[-11,57],[-60,-2],[-13,-37],[-93,31],[-25,1],[-2,32],[16,20],[12,56],[-33,7],[10,34],[67,5],[-32,32],[60,19],[-2,26],[80,11]],[[6991,6034],[-28,22],[72,16],[36,35],[23,-6],[0,29]],[[6818,5953],[0,0]],[[3116,3446],[25,-69],[-23,-22],[2,-26],[-60,-35],[4,-35],[-31,-16],[-29,19],[-12,30],[-50,-4],[-7,22],[33,10],[10,33],[37,22],[-4,58],[49,9]],[[3001,3460],[-59,-29],[5,-26],[-22,-2],[16,-49],[-48,-14],[31,-64],[-14,-56],[14,-1],[11,-63]],[[3194,3169],[50,33],[13,33],[68,-4],[10,16],[47,-2],[-5,18],[52,30],[-9,26],[34,-11]],[[839,5293],[-7,35],[31,-16],[22,54],[-15,41],[-39,28],[77,27],[-25,16],[11,30],[81,-35],[25,0]],[[1000,5473],[4,22],[50,38]],[[1054,5533],[36,21],[-17,17],[20,28],[36,5]],[[1129,5604],[-9,26],[23,55],[25,26],[-30,35]],[[2151,2682],[9,4]],[[3163,1607],[-14,-23]],[[3169,1471],[30,-12],[72,11],[1,-21],[80,-11],[13,-12],[114,-12],[-1,-7],[78,9]],[[3556,1416],[-9,20],[27,31],[-32,19],[24,52],[-14,18],[30,15],[-16,37],[38,6],[-4,30],[-20,-4],[-28,24],[4,45]],[[1902,7430],[-72,-31],[-68,68],[-81,4],[-26,21],[-52,-6],[-4,13],[-96,8],[-47,-6]],[[1456,7501],[-3,-41],[14,-90],[-34,-89],[-102,-118],[6,-15],[-23,-35],[-19,-214],[-14,-15],[-39,8]],[[1242,6892],[-12,-41],[42,15],[82,-37],[37,-2],[21,-40],[37,-9],[-3,-16],[70,6],[30,-31],[-29,-13],[21,-12],[-3,-37],[-68,-30],[24,-55],[24,-81],[66,-77]],[[1581,6432],[48,10],[28,27],[44,6],[12,25],[100,47],[37,1],[42,65],[-34,14],[22,42],[19,12]],[[3794,1244],[-41,26],[-24,32],[-47,-21],[-26,1],[-22,25],[-15,-9]],[[3619,1298],[1,-11],[-86,-25],[3,-21],[82,-36],[-13,-13],[7,-36],[-28,-36],[-38,3],[-10,16],[-27,-11],[-55,19],[-28,-5],[-30,-46],[-32,-21]],[[3555,740],[67,-7],[32,22],[21,-7],[0,32],[30,5],[11,-23],[48,5],[65,-47],[32,-12]],[[4074,940],[-39,54],[-61,24],[-12,17],[-31,-3],[-50,17],[-15,17],[-33,-13],[-32,5],[-39,44],[-29,11],[-3,28],[34,39],[-14,45],[44,19]],[[2970,3527],[-24,10],[-55,-6],[-4,16],[48,20],[-9,27],[-28,18],[-5,-28]],[[2699,3428],[13,-35],[-13,-31],[16,-31],[24,-7],[3,-52],[19,-19]],[[2761,3253],[26,-46],[47,1],[11,-15],[-31,-30]],[[2712,3882],[8,19],[-51,41],[50,50],[52,27],[63,18]],[[3556,1416],[54,-7],[-5,-30],[42,-14],[-3,-33],[-46,4],[21,-38]],[[3794,1244],[43,-52],[84,13],[4,-16],[33,21],[-9,26]],[[3141,5891],[-31,41],[-42,34],[-82,13]],[[5512,1691],[13,-23],[42,-2],[8,-27],[-45,-16],[-26,7],[-50,-11],[-7,-34],[21,-59]],[[5497,1269],[-8,-28]],[[5632,1185],[27,4],[-22,33],[8,44],[22,-1],[6,33],[26,-27],[23,11]],[[2003,6116],[-60,24],[-21,-12],[-34,21],[-73,-35],[-21,-42]],[[5106,3191],[-60,-3],[-6,-14],[-61,10],[-65,-36],[-26,-29],[13,-45],[27,-39],[-43,-15],[-52,6],[-20,-10],[-65,17],[-25,-8],[0,-30],[-49,-8],[-8,19],[-41,13]],[[4634,2828],[59,3],[6,17],[61,0],[38,-28],[-23,-18],[52,-51],[52,26],[6,-29],[42,2],[16,26],[51,-20],[60,26],[18,18],[19,-17],[38,0],[42,14],[24,-36],[70,20]],[[4619,904],[11,3]],[[4649,957],[4,11]],[[3122,9240],[0,0]],[[2928,9230],[0,0]],[[3224,9416],[0,0]],[[3087,9514],[0,0]],[[3214,9349],[0,0]],[[3129,9466],[0,0]],[[2890,9383],[32,-28],[30,4],[-28,24],[-34,0]],[[3041,9466],[7,16],[-66,-18],[-70,-8],[9,-23],[41,21],[79,12]],[[2698,9530],[9,20],[-51,-38],[2,-34],[68,-57],[37,23],[-43,29],[-22,57]],[[3094,9356],[-70,-16],[-58,-23],[5,-24],[31,-24],[53,6],[30,29],[9,52]],[[2939,9606],[-28,4],[-120,-12],[-33,-34],[6,-25],[90,-26],[89,0],[20,43],[4,35],[-28,15]],[[3539,9761],[-71,-2],[-100,38],[-71,4],[-47,-9],[-41,11],[-38,-14],[-52,-3],[-45,21],[-54,3],[-9,-25],[-128,-10],[-28,-10],[-56,0],[-59,20],[-20,23],[-1,61],[-9,12],[46,48],[48,14],[-44,41],[70,-2],[-47,17],[-25,-7],[-86,-139],[-33,-88],[-10,-160],[19,-8],[-5,52],[5,72],[37,26],[12,23],[38,-26],[44,-16],[42,12],[64,32],[98,5],[10,-10],[-5,-48],[39,-27],[16,-31],[30,-5],[32,-69],[-29,-7],[57,-21],[16,-47],[28,-18],[53,-15],[17,-36],[51,-37],[-26,-45],[3,-43],[-71,-42],[1,-33],[38,-12],[56,0],[61,54],[-4,13],[40,14],[33,-50],[-13,-28],[-41,-10],[-57,-48],[-43,-17],[-69,6],[-73,-13],[-73,1],[-24,-14],[8,-19],[34,-1],[-3,-25],[-59,-21],[-33,4],[0,-35],[52,-34],[39,-11],[21,19],[34,1],[59,-15],[32,12],[26,-33]],[[2761,3253],[-49,-28],[-44,3],[-35,-46],[-53,25],[-6,72],[-36,-1],[-6,26],[27,12],[-41,60],[-54,-12],[-9,11],[-77,-19],[18,-17],[-54,-24],[-30,-26],[-26,1]],[[2491,3026],[58,-7],[30,-43],[25,4]],[[1558,5052],[-68,26],[-33,-18],[-44,-3],[-29,-55]],[[1528,4975],[31,7],[12,49],[-13,21]],[[369,4175],[0,0]],[[356,4355],[0,0]],[[344,4333],[1,-17],[57,-8],[38,8],[-42,21],[-10,-11],[-44,7]],[[405,4246],[-14,17],[-55,-43],[24,-27],[45,53]],[[241,4677],[-13,-29],[13,-16],[-15,-40],[-20,13],[-40,-14],[7,-41],[-55,-21],[58,-31],[-7,-27],[25,-31],[82,-11],[4,-17],[46,-57],[31,3],[-7,-30],[85,2],[4,-31],[-21,-17],[-14,-50],[-27,-16],[-17,-30],[33,-47],[47,13],[50,-9]],[[490,4143],[59,27],[-13,15],[8,41],[56,61]],[[7565,8646],[8,-22],[-30,-37],[28,-37],[-32,-9],[-21,-32],[27,-27],[-41,-22],[-2,-47],[-51,-11],[-9,-57],[-54,2],[-18,-24],[11,-48],[-17,-32],[37,-37],[-34,-27],[-75,24],[-49,-8],[-43,58],[-29,-28],[-53,-13],[21,-25],[-21,-57],[20,-24],[-19,-22],[-55,34],[-47,-33]],[[1570,5095],[-43,29],[11,14],[-26,20],[11,37],[-102,-24],[-3,19]],[[1418,5190],[-65,-13],[-51,-58],[-41,-17],[26,-47]],[[1558,5052],[12,43]],[[3306,2867],[-1,-24]],[[3341,2825],[28,32],[-7,13],[97,-9],[27,40],[20,-5]],[[3506,2896],[26,-21],[21,15],[-42,35]],[[3511,2925],[12,15]],[[3523,2940],[4,22]],[[5523,2907],[58,3]],[[5874,3505],[21,37],[37,38],[-10,32],[26,0],[-28,24],[29,13],[42,46],[-24,15]],[[9210,4859],[3,16],[-46,8],[-18,-16],[-18,17],[-64,17],[-27,-27],[-32,30],[-29,-21],[-75,-9],[-61,3],[-17,-10]],[[8826,4867],[-3,-38],[-61,-28],[-38,-34],[-15,12],[-29,-18],[-43,-2],[-29,31],[-40,11],[-45,-9],[-40,36],[-73,17],[-4,26]],[[8234,4832],[31,-16],[-26,-35],[11,-17],[40,-5],[-42,-26],[22,-19],[5,-51],[31,-13],[29,-47],[-18,-9],[28,-28],[22,4],[19,-26],[-11,-35],[47,-8],[24,-36],[39,-23]],[[8485,4442],[60,-17],[22,21],[87,0],[54,-7],[47,31],[-14,25],[18,29],[38,-5],[16,22],[41,16],[48,-19],[47,10],[13,17],[78,28],[67,15],[11,36],[37,10],[42,-14],[89,19],[16,31],[-30,19],[-69,20],[17,24],[-17,16],[-32,-9],[-25,12],[25,36],[5,30],[34,21]],[[5378,1071],[-45,-17],[-10,25],[-54,-16]],[[5020,407],[-20,-40]],[[5000,367],[37,-20],[93,-8],[7,28],[42,14],[18,-10],[61,-1],[4,-18],[61,-9],[29,-30],[83,27],[36,2]],[[5471,342],[-15,46],[76,32],[11,24]],[[5243,5608],[-39,-20],[-3,-50],[30,-7],[-11,-26],[-48,27],[-57,-28],[-45,-5],[-33,27]],[[2741,2007],[-2,-3]],[[3202,1936],[-25,-5],[-45,37],[-12,-7],[-34,51]],[[3086,2012],[-8,-3]],[[3078,2009],[5,-24],[-32,-8],[-59,22],[-3,-22],[-23,11],[-32,-12],[-11,-27],[-60,41]],[[2863,1990],[-64,-1],[-20,20]],[[4627,2715],[-8,-60],[44,-28],[-15,-14],[20,-22],[-3,-25],[-36,-17],[28,-60],[-16,-12],[35,-9],[52,-48],[21,8],[34,-30],[-5,-16],[-50,-35],[50,-7],[-16,-25],[23,-18]],[[4785,2297],[-5,-26],[45,5],[29,-22],[32,3],[2,-28],[33,-9],[30,-28]],[[5205,2242],[27,1],[22,38],[1,31],[-47,25],[11,54],[41,23],[17,36],[34,23],[43,11],[64,-9]],[[2968,3709],[28,32],[58,42],[46,12]],[[915,5221],[10,-5]],[[1023,5236],[28,5]],[[1051,5241],[-16,21],[3,90],[-10,21]],[[1028,5373],[11,18],[0,48],[-46,23],[7,11]],[[4169,437],[-37,2],[-48,-40],[-13,4]],[[4071,403],[6,-15],[74,-35],[41,7],[18,-19],[51,76],[28,1],[27,-20],[-12,-42],[65,-20],[7,21],[44,-24],[50,21]],[[5966,5945],[33,42],[-29,37],[22,22],[33,1],[16,27],[40,7],[1,-20],[67,-37],[96,4],[5,69],[39,14]],[[1157,5428],[-37,23],[-37,53],[7,13],[-36,16]],[[1028,5373],[19,-8],[79,28]],[[3951,9696],[-27,1],[-29,-24],[-19,24]],[[4785,2297],[-23,-16],[-52,-3],[-20,20],[-25,-23],[-32,-6],[-34,13],[-112,-14],[33,-71],[-105,-17],[-42,-63],[-48,-2],[1,27],[-43,7],[1,15],[-53,1],[-26,24],[-13,-24],[-21,10]],[[2325,2662],[-66,-30],[-3,-15]],[[2186,2584],[-48,-22],[59,-27],[-14,-17],[35,2],[14,-30],[-11,-25],[12,-22],[-30,-40],[-33,12],[-5,-26],[20,-22],[36,5],[6,-34],[-32,-46],[33,-13]],[[2228,2279],[23,16],[70,-37],[59,-19],[20,-19]],[[6414,5601],[4,23],[47,-11],[27,21],[34,-11],[12,32]],[[1076,4897],[29,19],[-26,34]],[[3523,2940],[-12,-15]],[[3506,2896],[-15,-22],[18,-11],[-67,-37],[26,-33],[-35,-40],[-35,7],[5,-25],[-56,-16],[33,-37],[97,-69],[-8,-16]],[[9399,4844],[8,-27],[37,-7],[73,-38],[-4,-31],[-38,-48],[24,-15],[73,22],[3,-33],[-18,-10],[-19,-51],[98,-22],[19,-24],[81,1],[27,60],[-6,20],[84,71],[62,136],[28,39],[-1,39],[20,32],[-3,40],[48,123],[-5,45],[-22,9],[-53,78],[-7,61],[17,42],[-29,38],[-27,14],[-76,9],[-61,36],[-67,11],[-26,47],[20,24]],[[9659,5535],[-36,19],[11,-26],[-36,-33],[-70,0],[-12,27],[-32,13],[-24,-23],[-105,-10],[-3,-18]],[[9352,5484],[-9,-39],[29,-1],[5,-45],[56,-56],[-47,-60],[-23,-51],[23,-31],[47,10],[2,24],[44,-39],[14,8],[31,-21],[-8,-15],[27,-22],[-11,-24],[25,-14],[-17,-24],[47,-25],[8,-24],[30,-7],[-20,-26],[3,-23],[-25,11],[-46,-51],[-47,4],[10,-20],[-28,-30],[-90,-9],[17,-40]],[[6014,1081],[-38,-8],[-50,26],[-57,12],[-58,-30],[-14,-20],[-26,16],[-27,-15]],[[1581,6432],[-21,-21],[-158,3],[-34,-7],[-24,-23]],[[5057,6312],[-24,27],[-49,-6],[-10,24]],[[1234,5474],[-86,38],[11,27],[54,27],[5,26],[-58,24],[-31,-12]],[[7941,6716],[-60,-9],[-3,-31],[-29,-12],[-43,26],[-28,43],[-64,-13],[-56,-56]],[[7955,6578],[-45,4],[-40,29],[38,25],[-15,15],[9,36],[39,29]],[[4080,8106],[0,0]],[[3904,8279],[0,0]],[[4259,8067],[-37,4]],[[4222,8071],[-9,1]],[[4213,8072],[-2,0]],[[4196,8073],[63,-6]],[[4256,8054],[-49,9],[-44,-4],[-77,43],[-21,3],[-61,38],[-52,84],[-97,75],[-100,128],[-41,27],[-114,12],[-88,-6],[-75,-26],[11,-21]],[[4253,8005],[3,49]],[[9352,5484],[-68,-1],[-47,-39],[-75,28],[-120,11]],[[9042,5483],[-29,3],[6,-26],[-38,-2],[-13,-29],[-24,-8],[-1,-27],[-37,10],[26,-44],[-28,-14],[8,-20],[-31,-18],[-17,-41],[-33,4],[-15,27],[-50,-23],[-82,-3]],[[8609,5013],[39,-9],[32,-29],[32,17],[29,-23],[-19,-6],[45,-54],[-30,-27],[43,-17],[33,18],[13,-16]],[[9210,4859],[19,-20],[29,8],[51,-35],[49,22],[43,-16],[-2,26]],[[2928,8019],[-3,27],[-41,20],[-57,0],[-83,27],[-38,41],[-64,9],[-52,-39],[-13,-79],[75,6],[19,-14],[-3,-74],[-18,-34],[-33,-33],[-26,-9],[-53,14]],[[2656,7599],[-12,-12],[22,-35]],[[2666,7552],[10,12],[73,11],[14,-64],[65,25],[48,-26],[9,12],[54,-14],[17,6],[62,-31]],[[3039,7496],[-42,77],[-91,23],[-31,18],[-21,34]],[[2854,7648],[-3,41],[19,138]],[[4259,8067],[-37,4]],[[2825,8585],[-17,9],[-13,-25],[30,16]],[[2873,8547],[0,0]],[[4215,8082],[100,-17],[-23,-27],[-36,16]],[[1418,5190],[-24,38],[15,29],[-45,20]],[[1131,5260],[-57,-6],[-23,-13]],[[2854,7648],[39,-1],[36,-24],[49,6],[-19,-16],[13,-21],[38,19],[39,-29],[38,12],[45,-26],[109,-10],[26,-33],[52,1],[36,25],[43,-33]],[[6991,6034],[2,-34],[25,11],[16,-82],[-40,-35],[38,-29],[-14,-40],[38,-23],[-6,-72]],[[7317,5592],[75,-7],[42,54],[83,-21],[31,25],[56,25],[27,-38],[21,15],[9,-25],[83,5],[-6,16],[49,1],[13,-35],[30,13]],[[7938,5892],[-20,29],[-56,-19],[-56,14],[17,28],[-79,1],[-13,44],[-46,5],[-72,-5],[-9,42],[-74,-4],[-7,19]],[[6188,4468],[178,17],[5,35],[30,9],[13,-20],[63,8],[62,-1]],[[2210,406],[25,-50],[34,-3],[15,17],[66,-10],[52,18],[23,-8],[22,32],[55,13],[55,35],[13,-19],[37,12],[42,-12],[1,-22],[33,-22],[61,-7],[13,14],[45,-13],[62,20],[-30,2],[-11,24],[56,19],[8,21],[46,-12],[27,-37],[24,21],[-10,40],[22,-7],[13,20],[-32,25],[-77,-16],[7,-14],[-69,-13],[-14,17],[-57,28],[-1,30],[57,42],[-8,10],[27,34],[39,15]],[[2881,650],[21,12],[-41,14],[24,19],[-8,24],[-39,2],[2,19],[-36,9]],[[1708,5064],[-42,19],[-6,22],[-90,-10]],[[1670,4724],[50,-3],[37,-47],[-19,-38],[32,-9],[63,-56],[27,15],[50,-18],[31,8],[15,-18]],[[1087,4512],[-4,-26],[24,-24],[22,6],[15,-21],[-67,-54],[23,-2],[-20,-47],[17,-20],[46,-11],[-33,-38],[7,-33],[47,-4],[-7,-16]],[[1242,6892],[-33,10],[-39,-11],[-45,17],[-83,-4],[-42,6],[-44,-9],[-32,-24],[14,-16],[-9,-33],[52,-32],[-44,-1],[-11,-19],[-38,7],[26,-43],[-8,-43],[84,-35],[87,0],[8,-10],[87,-21],[39,39],[18,0],[18,-47],[28,-34],[25,-4],[14,-61],[-49,-77],[17,-46],[25,-19]],[[6156,8689],[0,0]],[[6995,8993],[-92,-39]],[[6683,8864],[-159,-38],[-100,12],[-88,-3],[-93,-65],[-37,-6],[-32,-28],[5,-24],[55,47],[29,12],[12,-33],[-46,-16],[5,-22],[-27,-24]],[[2142,2636],[26,12],[13,-25]],[[5525,4653],[48,12],[142,12]],[[2881,650],[46,11],[25,19],[42,2]],[[8960,5916],[-64,8],[-53,20],[-48,2],[-80,-12],[-40,-45],[30,-24],[-27,-26],[9,-37],[-35,-5],[27,-36],[27,-6],[-12,-23],[-50,3]],[[9042,5483],[-19,43],[72,59],[-35,20],[-56,4],[-13,33],[-27,12],[28,42],[21,7],[2,36],[-30,-1],[-12,19],[26,57],[-26,36],[-27,-1],[14,67]],[[2025,8360],[-45,-7],[-14,-30],[28,14],[78,0],[50,22],[-97,1]],[[1851,8331],[-81,-4],[-33,-39],[37,1],[19,21],[142,12],[-84,9]],[[2118,8264],[-51,-7],[-85,-1],[-147,-33]],[[2124,7838],[20,-16],[41,17]],[[4996,3757],[52,20],[18,31],[37,-17],[18,-24],[49,30]],[[7990,5084],[-55,-12],[-48,3],[-62,-12],[-31,-18],[-29,28],[-72,-4]],[[8321,4318],[24,7],[-11,21],[33,28],[-21,35],[38,13],[46,-6],[55,26]],[[8641,1853],[26,24],[22,51],[-39,12],[12,20],[-45,43],[-47,73],[-16,-12],[-48,3],[-37,58],[-51,35],[-6,20],[-85,1],[-13,-36],[-86,50]],[[9350,6106],[8,-15],[-92,-19],[26,-83],[-80,0],[-73,-35],[-32,-5],[-9,-45],[-45,-15],[-93,27]],[[9659,5535],[35,28],[-5,73],[-23,37],[-49,25],[-38,41],[8,22],[-19,47],[-41,12],[-21,29],[24,40],[45,22],[11,21],[34,15],[28,52],[-14,29],[11,46]],[[9200,5898],[28,-18],[65,3],[-25,-28],[38,-39],[44,19],[22,-20],[29,9],[-36,-75],[-74,7],[3,-14],[61,-27],[-8,-24],[-44,0],[-21,13],[-9,-21],[-40,-6],[-30,12],[-1,28],[-38,19],[13,42],[-14,41],[27,8],[-2,48],[12,23]],[[3492,690],[88,-51],[80,-35],[16,-39],[56,-36],[64,-27],[71,8],[53,-24],[35,2],[37,-60],[23,-20],[56,-5]],[[7941,6716],[14,11],[-53,9],[14,50],[25,22],[-22,18],[34,15]],[[1637,2428],[-4,13],[88,16],[13,-27],[40,8],[13,-24],[-18,-11],[43,-58],[44,-22],[34,5],[33,-14],[0,-23],[46,-12],[35,14],[29,-16],[41,5],[27,23],[81,-42],[22,21],[24,-5]],[[8536,6557],[-30,-14],[-25,-37],[-12,8],[6,43],[-42,-4],[-13,25],[-62,-6],[3,15],[-64,-6],[-13,30],[-54,-13],[3,-43]],[[8233,6555],[43,-45],[42,-6],[-18,-18],[16,-19],[-15,-27],[30,-25],[-60,-9],[5,-26],[93,3],[38,-61],[-38,-2],[3,-96],[-9,-27],[96,-33],[27,-30],[-18,-17],[6,-32],[-94,-15],[-70,-42],[-84,14],[4,-45],[14,-21],[55,10],[76,-15],[-6,-20],[38,-18],[-42,-17],[9,-54],[-16,-14],[37,-19],[-68,-24]],[[2959,2888],[7,-23],[-45,-31],[47,-23],[-8,-43]],[[2950,2755],[-83,-6]],[[2856,2593],[67,-26],[24,-19],[123,-34],[46,12],[30,-40],[71,-16]],[[6596,4050],[-33,24],[65,26],[17,30],[-50,38],[-33,0],[-18,30],[68,36],[-11,23],[22,7]],[[2863,1990],[-28,32],[54,26],[1,44],[39,36],[-20,-1],[5,34],[40,47],[77,0],[14,23],[12,-19],[45,-6],[29,17],[-7,33],[69,23],[18,-15],[28,6],[-3,31],[46,-5]],[[587,3920],[-48,-21],[-37,22],[-34,-20],[-19,-54],[-68,-12],[-54,-47],[29,-50],[-50,-5],[8,-46],[-29,-33],[-15,-75],[35,-45],[-1,-32],[26,-18],[9,-38],[51,-6],[-6,-35],[47,-53],[54,-14],[18,-44],[40,19],[36,-37],[38,-15],[46,14]],[[609,3919],[-22,1]],[[2786,2916],[0,42]],[[490,4143],[27,-19],[0,-26],[34,-9],[-2,-58],[-30,-39],[60,-43],[8,-29]],[[5130,1209],[-13,10],[9,52],[31,22],[-18,50],[-45,-7],[-50,8],[29,40],[5,54],[24,8],[-46,19],[39,19],[-15,58]],[[2895,8115],[45,-53]],[[8114,6585],[34,11],[85,-41]],[[3086,2012],[28,-22],[50,18],[7,23],[34,8],[-19,39],[-36,14],[8,23],[-19,14],[-50,-5],[-40,-19],[-38,-2],[21,-36],[-21,-34],[32,-24],[35,0]],[[6895,5215],[-22,100],[10,28],[-27,1],[-10,39],[30,24],[30,4],[-5,59]],[[6682,5485],[21,-3],[8,-46],[21,-13],[42,5],[-4,-30],[-28,2],[4,-21],[-35,-29],[-21,-37],[-57,-2],[-3,35],[-33,7],[11,16],[-45,14],[-35,66],[25,26],[40,-13],[89,23]],[[560,2928],[-24,-23],[18,-88],[50,15],[46,-14],[103,-59]],[[2666,7552],[-27,-29],[-9,-41],[-62,-20],[-30,17],[10,21],[-83,-6]],[[2607,7194],[80,13],[26,-40],[55,-5],[-10,-30],[83,-3],[-15,-28]],[[7738,1722],[-31,-7],[-35,13],[-18,-23],[-50,12],[-2,-21],[-30,14],[-48,-15],[-11,-41],[20,-18],[-28,-11],[-40,14],[5,-25],[-29,-23],[-23,0],[-16,-25],[-33,-11],[0,38],[-78,18],[15,-34],[-39,-23],[-29,29]],[[7714,1202],[19,7],[59,56],[67,27],[58,3],[50,20]],[[7443,529],[39,-3],[50,-24],[-21,-13],[72,-50],[-36,-19],[-14,-23],[42,-44],[33,1],[10,-24],[26,-7],[30,-32],[61,-28],[12,13],[34,-27],[45,36],[-2,41],[-16,10],[27,33],[-14,33],[31,7],[-9,17],[35,33],[-20,54],[4,22],[-40,35],[-39,10],[-23,-19],[-68,4],[-22,17],[44,53],[-17,6],[38,39],[43,58],[-71,126],[-68,25]],[[6794,3913],[91,5],[15,-19],[4,-44],[49,-6],[20,-20],[-28,-7],[59,-33],[-20,-32],[22,-28],[26,-4],[21,27],[-17,19],[9,45],[20,-8],[23,63],[26,5],[4,41],[36,2],[12,24],[55,17],[-7,19],[28,36],[78,12]],[[5471,342],[34,-29],[-52,-19],[1,-22],[43,5],[80,-72],[-15,-38],[158,-6],[15,22],[75,19],[57,6],[-30,-45],[55,1],[20,38],[49,27],[93,-5],[-13,28],[-27,13],[27,24]],[[6034,1198],[-46,-58],[30,-13],[6,-29],[20,2]],[[1001,8142],[-18,6],[-122,-12],[10,-39],[35,-15],[65,3],[-44,18],[41,18],[67,5],[-34,16]],[[1565,7771],[-59,-4],[-21,-33],[8,-25],[-30,-41],[10,-57],[-43,-77],[26,-33]],[[8252,1642],[71,30],[10,24]]]}
