,election_date,election_type,nuts_3_code,nuts_3_name,type,name,votes
0,2002-04-07,parliament,HU110,Budapest,0,eligible_voters,1409931.0
1,2002-04-07,parliament,HU110,Budapest,1,issued_ballots,1102735.0
2,2002-04-07,parliament,HU110,Budapest,2,centrum,62563.0
3,2002-04-07,parliament,HU110,Budapest,2,fidesz mdf,345181.0
4,2002-04-07,parliament,HU110,Budapest,2,fkgp,2954.0
5,2002-04-07,parliament,HU110,Budapest,2,miep,76063.0
6,2002-04-07,parliament,HU110,Budapest,2,mszp,482323.0
7,2002-04-07,parliament,HU110,Budapest,2,munkas,19636.0
8,2002-04-07,parliament,HU110,Budapest,2,szdsz,104474.0
9,2002-04-07,parliament,HU120,Pest,0,eligible_voters,845729.0
10,2002-04-07,parliament,HU120,Pest,1,issued_ballots,599878.0
11,2002-04-07,parliament,HU120,Pest,2,centrum,23468.0
12,2002-04-07,parliament,HU120,Pest,2,fidesz mdf,243567.0
13,2002-04-07,parliament,HU120,Pest,2,fkgp,4102.0
14,2002-04-07,parliament,HU120,Pest,2,miep,33559.0
15,2002-04-07,parliament,HU120,Pest,2,mszp,239008.0
16,2002-04-07,parliament,HU120,Pest,2,munkas,9356.0
17,2002-04-07,parliament,HU120,Pest,2,szdsz,39468.0
18,2002-04-07,parliament,HU120,Pest,2,uj bal,1002.0
19,2002-04-07,parliament,HU211,Fejér,0,eligible_voters,335916.0
20,2002-04-07,parliament,HU211,Fejér,1,issued_ballots,234690.0
21,2002-04-07,parliament,HU211,Fejér,2,centrum,8971.0
22,2002-04-07,parliament,HU211,Fejér,2,fidesz mdf,100835.0
23,2002-04-07,parliament,HU211,Fejér,2,fkgp,1145.0
24,2002-04-07,parliament,HU211,Fejér,2,miep,7805.0
25,2002-04-07,parliament,HU211,Fejér,2,mszp,98050.0
26,2002-04-07,parliament,HU211,Fejér,2,munkas,4417.0
27,2002-04-07,parliament,HU211,Fejér,2,szdsz,11145.0
28,2002-04-07,parliament,HU212,Komárom-Esztergom,0,eligible_voters,249605.0
29,2002-04-07,parliament,HU212,Komárom-Esztergom,1,issued_ballots,177613.0
30,2002-04-07,parliament,HU212,Komárom-Esztergom,2,centrum,5642.0
31,2002-04-07,parliament,HU212,Komárom-Esztergom,2,fidesz mdf,63889.0
32,2002-04-07,parliament,HU212,Komárom-Esztergom,2,fkgp,984.0
33,2002-04-07,parliament,HU212,Komárom-Esztergom,2,miep,5452.0
34,2002-04-07,parliament,HU212,Komárom-Esztergom,2,mszp,86711.0
35,2002-04-07,parliament,HU212,Komárom-Esztergom,2,munkas,3811.0
36,2002-04-07,parliament,HU212,Komárom-Esztergom,2,reform kisgazdapart,290.0
37,2002-04-07,parliament,HU212,Komárom-Esztergom,2,szdsz,8867.0
38,2002-04-07,parliament,HU212,Komárom-Esztergom,2,uj balodal,127.0
39,2002-04-07,parliament,HU213,Veszprém,0,eligible_voters,292192.0
40,2002-04-07,parliament,HU213,Veszprém,1,issued_ballots,213412.0
41,2002-04-07,parliament,HU213,Veszprém,2,centrum,7890.0
42,2002-04-07,parliament,HU213,Veszprém,2,fidesz mdf,101635.0
43,2002-04-07,parliament,HU213,Veszprém,2,fkgp,1039.0
44,2002-04-07,parliament,HU213,Veszprém,2,kisgazdapart,450.0
45,2002-04-07,parliament,HU213,Veszprém,2,miep,7084.0
46,2002-04-07,parliament,HU213,Veszprém,2,mszp,77975.0
47,2002-04-07,parliament,HU213,Veszprém,2,munkas,3764.0
48,2002-04-07,parliament,HU213,Veszprém,2,szdsz,11068.0
49,2002-04-07,parliament,HU221,Győr-Moson-Sopron,0,eligible_voters,347829.0
50,2002-04-07,parliament,HU221,Győr-Moson-Sopron,1,issued_ballots,258178.0
51,2002-04-07,parliament,HU221,Győr-Moson-Sopron,2,centrum,8246.0
52,2002-04-07,parliament,HU221,Győr-Moson-Sopron,2,fidesz mdf,130618.0
53,2002-04-07,parliament,HU221,Győr-Moson-Sopron,2,fkgp,1356.0
54,2002-04-07,parliament,HU221,Győr-Moson-Sopron,2,miep,8337.0
55,2002-04-07,parliament,HU221,Győr-Moson-Sopron,2,mszp,92538.0
56,2002-04-07,parliament,HU221,Győr-Moson-Sopron,2,munkas,3820.0
57,2002-04-07,parliament,HU221,Győr-Moson-Sopron,2,szdsz,10459.0
58,2002-04-07,parliament,HU222,Vas,0,eligible_voters,213610.0
59,2002-04-07,parliament,HU222,Vas,1,issued_ballots,159079.0
60,2002-04-07,parliament,HU222,Vas,2,centrum,5639.0
61,2002-04-07,parliament,HU222,Vas,2,fidesz mdf,84090.0
62,2002-04-07,parliament,HU222,Vas,2,fkgp,1153.0
63,2002-04-07,parliament,HU222,Vas,2,miep,4817.0
64,2002-04-07,parliament,HU222,Vas,2,mszp,50919.0
65,2002-04-07,parliament,HU222,Vas,2,munkas,1915.0
66,2002-04-07,parliament,HU222,Vas,2,reform kisgazdapart,188.0
67,2002-04-07,parliament,HU222,Vas,2,szdsz,8503.0
68,2002-04-07,parliament,HU223,Zala,0,eligible_voters,237953.0
69,2002-04-07,parliament,HU223,Zala,1,issued_ballots,169326.0
70,2002-04-07,parliament,HU223,Zala,2,centrum,5436.0
71,2002-04-07,parliament,HU223,Zala,2,fidesz mdf,82925.0
72,2002-04-07,parliament,HU223,Zala,2,fkgp,1501.0
73,2002-04-07,parliament,HU223,Zala,2,miep,6295.0
74,2002-04-07,parliament,HU223,Zala,2,mszp,61104.0
75,2002-04-07,parliament,HU223,Zala,2,munkas,2818.0
76,2002-04-07,parliament,HU223,Zala,2,szdsz,7484.0
77,2002-04-07,parliament,HU231,Baranya,0,eligible_voters,322575.0
78,2002-04-07,parliament,HU231,Baranya,1,issued_ballots,232693.0
79,2002-04-07,parliament,HU231,Baranya,2,centrum,7827.0
80,2002-04-07,parliament,HU231,Baranya,2,fidesz mdf,88856.0
81,2002-04-07,parliament,HU231,Baranya,2,fkgp,1505.0
82,2002-04-07,parliament,HU231,Baranya,2,miep,7113.0
83,2002-04-07,parliament,HU231,Baranya,2,mszp,107584.0
84,2002-04-07,parliament,HU231,Baranya,2,munkas,5665.0
85,2002-04-07,parliament,HU231,Baranya,2,szdsz,11693.0
86,2002-04-07,parliament,HU232,Somogy,0,eligible_voters,266913.0
87,2002-04-07,parliament,HU232,Somogy,1,issued_ballots,182487.0
88,2002-04-07,parliament,HU232,Somogy,2,centrum,8051.0
89,2002-04-07,parliament,HU232,Somogy,2,fidesz mdf,79221.0
90,2002-04-07,parliament,HU232,Somogy,2,fkgp,2012.0
91,2002-04-07,parliament,HU232,Somogy,2,kisgazdapart,1.0
92,2002-04-07,parliament,HU232,Somogy,2,miep,6063.0
93,2002-04-07,parliament,HU232,Somogy,2,mszp,74936.0
94,2002-04-07,parliament,HU232,Somogy,2,munkas,3517.0
95,2002-04-07,parliament,HU232,Somogy,2,szdsz,6630.0
96,2002-04-07,parliament,HU233,Tolna,0,eligible_voters,198362.0
97,2002-04-07,parliament,HU233,Tolna,1,issued_ballots,136146.0
98,2002-04-07,parliament,HU233,Tolna,2,centrum,3817.0
99,2002-04-07,parliament,HU233,Tolna,2,fidesz mdf,59410.0
100,2002-04-07,parliament,HU233,Tolna,2,fkgp,1030.0
101,2002-04-07,parliament,HU233,Tolna,2,miep,5280.0
102,2002-04-07,parliament,HU233,Tolna,2,mszp,55162.0
103,2002-04-07,parliament,HU233,Tolna,2,munkas,2998.0
104,2002-04-07,parliament,HU233,Tolna,2,szdsz,6794.0
105,2002-04-07,parliament,HU311,Borsod-Abaúj-Zemplén,0,eligible_voters,577328.0
106,2002-04-07,parliament,HU311,Borsod-Abaúj-Zemplén,1,issued_ballots,393528.0
107,2002-04-07,parliament,HU311,Borsod-Abaúj-Zemplén,2,centrum,14483.0
108,2002-04-07,parliament,HU311,Borsod-Abaúj-Zemplén,2,fidesz mdf,147055.0
109,2002-04-07,parliament,HU311,Borsod-Abaúj-Zemplén,2,fkgp,1826.0
110,2002-04-07,parliament,HU311,Borsod-Abaúj-Zemplén,2,miep,14294.0
111,2002-04-07,parliament,HU311,Borsod-Abaúj-Zemplén,2,mszp,186183.0
112,2002-04-07,parliament,HU311,Borsod-Abaúj-Zemplén,2,munkas,10437.0
113,2002-04-07,parliament,HU311,Borsod-Abaúj-Zemplén,2,reform kisgazdapart,454.0
114,2002-04-07,parliament,HU311,Borsod-Abaúj-Zemplén,2,szdsz,13678.0
115,2002-04-07,parliament,HU311,Borsod-Abaúj-Zemplén,2,uj bal,574.0
116,2002-04-07,parliament,HU312,Heves,0,eligible_voters,260496.0
117,2002-04-07,parliament,HU312,Heves,1,issued_ballots,183303.0
118,2002-04-07,parliament,HU312,Heves,2,centrum,4732.0
119,2002-04-07,parliament,HU312,Heves,2,fidesz mdf,66394.0
120,2002-04-07,parliament,HU312,Heves,2,fkgp,1199.0
121,2002-04-07,parliament,HU312,Heves,2,miep,8007.0
122,2002-04-07,parliament,HU312,Heves,2,mszp,85483.0
123,2002-04-07,parliament,HU312,Heves,2,munkas,5722.0
124,2002-04-07,parliament,HU312,Heves,2,szdsz,8893.0
125,2002-04-07,parliament,HU312,Heves,2,uj balodal,515.0
126,2002-04-07,parliament,HU313,Nógrád,0,eligible_voters,174567.0
127,2002-04-07,parliament,HU313,Nógrád,1,issued_ballots,121224.0
128,2002-04-07,parliament,HU313,Nógrád,2,centrum,3076.0
129,2002-04-07,parliament,HU313,Nógrád,2,fidesz mdf,46870.0
130,2002-04-07,parliament,HU313,Nógrád,2,fkgp,577.0
131,2002-04-07,parliament,HU313,Nógrád,2,miep,4014.0
132,2002-04-07,parliament,HU313,Nógrád,2,mszp,52106.0
133,2002-04-07,parliament,HU313,Nógrád,2,munkas,7996.0
134,2002-04-07,parliament,HU313,Nógrád,2,rkgp,154.0
135,2002-04-07,parliament,HU313,Nógrád,2,szdsz,4658.0
136,2002-04-07,parliament,HU313,Nógrád,2,uj balodal,332.0
137,2002-04-07,parliament,HU321,Hajdú-Bihar,0,eligible_voters,428008.0
138,2002-04-07,parliament,HU321,Hajdú-Bihar,1,issued_ballots,283276.0
139,2002-04-07,parliament,HU321,Hajdú-Bihar,2,centrum,7092.0
140,2002-04-07,parliament,HU321,Hajdú-Bihar,2,fidesz mdf,133453.0
141,2002-04-07,parliament,HU321,Hajdú-Bihar,2,fkgp,3521.0
142,2002-04-07,parliament,HU321,Hajdú-Bihar,2,miep,9102.0
143,2002-04-07,parliament,HU321,Hajdú-Bihar,2,mszp,110581.0
144,2002-04-07,parliament,HU321,Hajdú-Bihar,2,munkas,5013.0
145,2002-04-07,parliament,HU321,Hajdú-Bihar,2,szdsz,10505.0
146,2002-04-07,parliament,HU321,Hajdú-Bihar,2,uj bal,416.0
147,2002-04-07,parliament,HU322,Jász-Nagykun-Szolnok,0,eligible_voters,330186.0
148,2002-04-07,parliament,HU322,Jász-Nagykun-Szolnok,1,issued_ballots,220430.0
149,2002-04-07,parliament,HU322,Jász-Nagykun-Szolnok,2,centrum,5827.0
150,2002-04-07,parliament,HU322,Jász-Nagykun-Szolnok,2,fidesz mdf,82467.0
151,2002-04-07,parliament,HU322,Jász-Nagykun-Szolnok,2,fkgp,2987.0
152,2002-04-07,parliament,HU322,Jász-Nagykun-Szolnok,2,miep,8000.0
153,2002-04-07,parliament,HU322,Jász-Nagykun-Szolnok,2,mszp,100256.0
154,2002-04-07,parliament,HU322,Jász-Nagykun-Szolnok,2,munkas,8123.0
155,2002-04-07,parliament,HU322,Jász-Nagykun-Szolnok,2,szdsz,9580.0
156,2002-04-07,parliament,HU323,Szabolcs-Szatmár-Bereg,0,eligible_voters,441481.0
157,2002-04-07,parliament,HU323,Szabolcs-Szatmár-Bereg,1,issued_ballots,291097.0
158,2002-04-07,parliament,HU323,Szabolcs-Szatmár-Bereg,2,centrum,9891.0
159,2002-04-07,parliament,HU323,Szabolcs-Szatmár-Bereg,2,fidesz mdf,129086.0
160,2002-04-07,parliament,HU323,Szabolcs-Szatmár-Bereg,2,fkgp,3979.0
161,2002-04-07,parliament,HU323,Szabolcs-Szatmár-Bereg,2,miep,8057.0
162,2002-04-07,parliament,HU323,Szabolcs-Szatmár-Bereg,2,mrp,745.0
163,2002-04-07,parliament,HU323,Szabolcs-Szatmár-Bereg,2,mszp,122292.0
164,2002-04-07,parliament,HU323,Szabolcs-Szatmár-Bereg,2,munkas,4136.0
165,2002-04-07,parliament,HU323,Szabolcs-Szatmár-Bereg,2,szdsz,7822.0
166,2002-04-07,parliament,HU323,Szabolcs-Szatmár-Bereg,2,szocialdemokrata part,912.0
167,2002-04-07,parliament,HU331,Bács-Kiskun,0,eligible_voters,432040.0
168,2002-04-07,parliament,HU331,Bács-Kiskun,1,issued_ballots,281225.0
169,2002-04-07,parliament,HU331,Bács-Kiskun,2,centrum,8692.0
170,2002-04-07,parliament,HU331,Bács-Kiskun,2,fidesz mdf,138356.0
171,2002-04-07,parliament,HU331,Bács-Kiskun,2,fkgp,4154.0
172,2002-04-07,parliament,HU331,Bács-Kiskun,2,miep,10038.0
173,2002-04-07,parliament,HU331,Bács-Kiskun,2,mszp,98827.0
174,2002-04-07,parliament,HU331,Bács-Kiskun,2,munkas,5404.0
175,2002-04-07,parliament,HU331,Bács-Kiskun,2,szdsz,12154.0
176,2002-04-07,parliament,HU332,Békés,0,eligible_voters,316721.0
177,2002-04-07,parliament,HU332,Békés,1,issued_ballots,212360.0
178,2002-04-07,parliament,HU332,Békés,2,centrum,7364.0
179,2002-04-07,parliament,HU332,Békés,2,fidesz mdf,85712.0
180,2002-04-07,parliament,HU332,Békés,2,fkgp,2976.0
181,2002-04-07,parliament,HU332,Békés,2,miep,7688.0
182,2002-04-07,parliament,HU332,Békés,2,mszp,88795.0
183,2002-04-07,parliament,HU332,Békés,2,munkas,7498.0
184,2002-04-07,parliament,HU332,Békés,2,szdsz,9122.0
185,2002-04-07,parliament,HU333,Csongrád-Csanád,0,eligible_voters,337148.0
186,2002-04-07,parliament,HU333,Csongrád-Csanád,1,issued_ballots,227967.0
187,2002-04-07,parliament,HU333,Csongrád-Csanád,2,centrum,10322.0
188,2002-04-07,parliament,HU333,Csongrád-Csanád,2,fidesz mdf,97143.0
189,2002-04-07,parliament,HU333,Csongrád-Csanád,2,fkgp,2338.0
190,2002-04-07,parliament,HU333,Csongrád-Csanád,2,mavep,318.0
191,2002-04-07,parliament,HU333,Csongrád-Csanád,2,miep,8258.0
192,2002-04-07,parliament,HU333,Csongrád-Csanád,2,mszp,91164.0
193,2002-04-07,parliament,HU333,Csongrád-Csanád,2,munkas,5457.0
194,2002-04-07,parliament,HU333,Csongrád-Csanád,2,szdsz,10087.0
195,2006-04-09,parliament,HU110,Budapest,0,eligible_voters,1358504.0
196,2006-04-09,parliament,HU110,Budapest,1,issued_ballots,1025304.0
197,2006-04-09,parliament,HU110,Budapest,2,fidesz kdnp,356982.0
198,2006-04-09,parliament,HU110,Budapest,2,mdf,53908.0
199,2006-04-09,parliament,HU110,Budapest,2,miep jobbik,29506.0
200,2006-04-09,parliament,HU110,Budapest,2,mszp,445059.0
201,2006-04-09,parliament,HU110,Budapest,2,munkas,6327.0
202,2006-04-09,parliament,HU110,Budapest,2,szdsz,124887.0
203,2006-04-09,parliament,HU120,Pest,0,eligible_voters,894338.0
204,2006-04-09,parliament,HU120,Pest,1,issued_ballots,618436.0
205,2006-04-09,parliament,HU120,Pest,2,centrum,6302.0
206,2006-04-09,parliament,HU120,Pest,2,fidesz kdnp,258007.0
207,2006-04-09,parliament,HU120,Pest,2,mdf,31937.0
208,2006-04-09,parliament,HU120,Pest,2,miep jobbik,18074.0
209,2006-04-09,parliament,HU120,Pest,2,mszp,253588.0
210,2006-04-09,parliament,HU120,Pest,2,szdsz,45562.0
211,2006-04-09,parliament,HU211,Fejér,0,eligible_voters,341063.0
212,2006-04-09,parliament,HU211,Fejér,1,issued_ballots,229113.0
213,2006-04-09,parliament,HU211,Fejér,2,fidesz kdnp,97199.0
214,2006-04-09,parliament,HU211,Fejér,2,fknp,291.0
215,2006-04-09,parliament,HU211,Fejér,2,mdf,12465.0
216,2006-04-09,parliament,HU211,Fejér,2,miep jobbik,4294.0
217,2006-04-09,parliament,HU211,Fejér,2,mszp,98202.0
218,2006-04-09,parliament,HU211,Fejér,2,munkas,1489.0
219,2006-04-09,parliament,HU211,Fejér,2,szdsz,13465.0
220,2006-04-09,parliament,HU212,Komárom-Esztergom,0,eligible_voters,250313.0
221,2006-04-09,parliament,HU212,Komárom-Esztergom,1,issued_ballots,170163.0
222,2006-04-09,parliament,HU212,Komárom-Esztergom,2,fidesz kdnp,64094.0
223,2006-04-09,parliament,HU212,Komárom-Esztergom,2,mdf,7512.0
224,2006-04-09,parliament,HU212,Komárom-Esztergom,2,miep jobbik,2526.0
225,2006-04-09,parliament,HU212,Komárom-Esztergom,2,mszp,82836.0
226,2006-04-09,parliament,HU212,Komárom-Esztergom,2,munkas,1212.0
227,2006-04-09,parliament,HU212,Komárom-Esztergom,2,szdsz,10560.0
228,2006-04-09,parliament,HU213,Veszprém,0,eligible_voters,292162.0
229,2006-04-09,parliament,HU213,Veszprém,1,issued_ballots,202758.0
230,2006-04-09,parliament,HU213,Veszprém,2,fidesz kdnp,94196.0
231,2006-04-09,parliament,HU213,Veszprém,2,mdf,11154.0
232,2006-04-09,parliament,HU213,Veszprém,2,miep jobbik,3450.0
233,2006-04-09,parliament,HU213,Veszprém,2,mszp,80082.0
234,2006-04-09,parliament,HU213,Veszprém,2,munkas,1206.0
235,2006-04-09,parliament,HU213,Veszprém,2,szdsz,11254.0
236,2006-04-09,parliament,HU221,Győr-Moson-Sopron,0,eligible_voters,351274.0
237,2006-04-09,parliament,HU221,Győr-Moson-Sopron,1,issued_ballots,250063.0
238,2006-04-09,parliament,HU221,Győr-Moson-Sopron,2,fidesz kdnp,121603.0
239,2006-04-09,parliament,HU221,Győr-Moson-Sopron,2,kdp centrum,381.0
240,2006-04-09,parliament,HU221,Győr-Moson-Sopron,2,magyar videk es polgari part,538.0
241,2006-04-09,parliament,HU221,Győr-Moson-Sopron,2,mdf,13957.0
242,2006-04-09,parliament,HU221,Győr-Moson-Sopron,2,miep jobbik,4775.0
243,2006-04-09,parliament,HU221,Győr-Moson-Sopron,2,mszp,93360.0
244,2006-04-09,parliament,HU221,Győr-Moson-Sopron,2,munkas,1346.0
245,2006-04-09,parliament,HU221,Győr-Moson-Sopron,2,szdsz,12198.0
246,2006-04-09,parliament,HU222,Vas,0,eligible_voters,212475.0
247,2006-04-09,parliament,HU222,Vas,1,issued_ballots,149207.0
248,2006-04-09,parliament,HU222,Vas,2,fidesz kdnp,75239.0
249,2006-04-09,parliament,HU222,Vas,2,kdp centrum,304.0
250,2006-04-09,parliament,HU222,Vas,2,mdf,8554.0
251,2006-04-09,parliament,HU222,Vas,2,miep jobbik,2697.0
252,2006-04-09,parliament,HU222,Vas,2,mszp,52749.0
253,2006-04-09,parliament,HU222,Vas,2,szdsz,8437.0
254,2006-04-09,parliament,HU223,Zala,0,eligible_voters,236967.0
255,2006-04-09,parliament,HU223,Zala,1,issued_ballots,161166.0
256,2006-04-09,parliament,HU223,Zala,2,fidesz kdnp,79524.0
257,2006-04-09,parliament,HU223,Zala,2,mcf roma,199.0
258,2006-04-09,parliament,HU223,Zala,2,mdf,9324.0
259,2006-04-09,parliament,HU223,Zala,2,miep jobbik,3276.0
260,2006-04-09,parliament,HU223,Zala,2,mszp,59647.0
261,2006-04-09,parliament,HU223,Zala,2,szdsz,8131.0
262,2006-04-09,parliament,HU231,Baranya,0,eligible_voters,320375.0
263,2006-04-09,parliament,HU231,Baranya,1,issued_ballots,219262.0
264,2006-04-09,parliament,HU231,Baranya,2,fidesz kdnp,83132.0
265,2006-04-09,parliament,HU231,Baranya,2,kdp centrum,316.0
266,2006-04-09,parliament,HU231,Baranya,2,magyar videk es polgari part,344.0
267,2006-04-09,parliament,HU231,Baranya,2,mcf roma,697.0
268,2006-04-09,parliament,HU231,Baranya,2,mdf,11069.0
269,2006-04-09,parliament,HU231,Baranya,2,miep jobbik,2783.0
270,2006-04-09,parliament,HU231,Baranya,2,mszp,104865.0
271,2006-04-09,parliament,HU231,Baranya,2,munkas,881.0
272,2006-04-09,parliament,HU231,Baranya,2,munkas 2006,556.0
273,2006-04-09,parliament,HU231,Baranya,2,szdsz,12368.0
274,2006-04-09,parliament,HU232,Somogy,0,eligible_voters,264770.0
275,2006-04-09,parliament,HU232,Somogy,1,issued_ballots,173859.0
276,2006-04-09,parliament,HU232,Somogy,2,fidesz kdnp,80501.0
277,2006-04-09,parliament,HU232,Somogy,2,mdf,7220.0
278,2006-04-09,parliament,HU232,Somogy,2,miep jobbik,2822.0
279,2006-04-09,parliament,HU232,Somogy,2,mszp,73851.0
280,2006-04-09,parliament,HU232,Somogy,2,munkas,1168.0
281,2006-04-09,parliament,HU232,Somogy,2,szdsz,6976.0
282,2006-04-09,parliament,HU233,Tolna,0,eligible_voters,196175.0
283,2006-04-09,parliament,HU233,Tolna,1,issued_ballots,131138.0
284,2006-04-09,parliament,HU233,Tolna,2,fidesz kdnp,60592.0
285,2006-04-09,parliament,HU233,Tolna,2,kdp centrum,270.0
286,2006-04-09,parliament,HU233,Tolna,2,mcf roma,355.0
287,2006-04-09,parliament,HU233,Tolna,2,mdf,7751.0
288,2006-04-09,parliament,HU233,Tolna,2,miep jobbik,2383.0
289,2006-04-09,parliament,HU233,Tolna,2,mszp,52643.0
290,2006-04-09,parliament,HU233,Tolna,2,szdsz,5966.0
291,2006-04-09,parliament,HU311,Borsod-Abaúj-Zemplén,0,eligible_voters,569091.0
292,2006-04-09,parliament,HU311,Borsod-Abaúj-Zemplén,1,issued_ballots,364876.0
293,2006-04-09,parliament,HU311,Borsod-Abaúj-Zemplén,2,centrum,2413.0
294,2006-04-09,parliament,HU311,Borsod-Abaúj-Zemplén,2,fidesz kdnp,138058.0
295,2006-04-09,parliament,HU311,Borsod-Abaúj-Zemplén,2,magyar videk es polgari part,745.0
296,2006-04-09,parliament,HU311,Borsod-Abaúj-Zemplén,2,mdf,13865.0
297,2006-04-09,parliament,HU311,Borsod-Abaúj-Zemplén,2,miep jobbik,8325.0
298,2006-04-09,parliament,HU311,Borsod-Abaúj-Zemplén,2,mszp,184166.0
299,2006-04-09,parliament,HU311,Borsod-Abaúj-Zemplén,2,szdsz,13986.0
300,2006-04-09,parliament,HU312,Heves,0,eligible_voters,257375.0
301,2006-04-09,parliament,HU312,Heves,1,issued_ballots,172144.0
302,2006-04-09,parliament,HU312,Heves,2,fidesz kdnp,63320.0
303,2006-04-09,parliament,HU312,Heves,2,fknp,153.0
304,2006-04-09,parliament,HU312,Heves,2,kdp centrum,280.0
305,2006-04-09,parliament,HU312,Heves,2,magyar videk es polgari part,227.0
306,2006-04-09,parliament,HU312,Heves,2,mcf roma,546.0
307,2006-04-09,parliament,HU312,Heves,2,mdf,7560.0
308,2006-04-09,parliament,HU312,Heves,2,miep jobbik,5115.0
309,2006-04-09,parliament,HU312,Heves,2,mszp,83814.0
310,2006-04-09,parliament,HU312,Heves,2,szdsz,8736.0
311,2006-04-09,parliament,HU312,Heves,2,zoldek,650.0
312,2006-04-09,parliament,HU313,Nógrád,0,eligible_voters,171719.0
313,2006-04-09,parliament,HU313,Nógrád,1,issued_ballots,115632.0
314,2006-04-09,parliament,HU313,Nógrád,2,centrum,753.0
315,2006-04-09,parliament,HU313,Nógrád,2,fidesz kdnp,46902.0
316,2006-04-09,parliament,HU313,Nógrád,2,kdp centrum,241.0
317,2006-04-09,parliament,HU313,Nógrád,2,mcf roma,1053.0
318,2006-04-09,parliament,HU313,Nógrád,2,mdf,5369.0
319,2006-04-09,parliament,HU313,Nógrád,2,miep jobbik,2466.0
320,2006-04-09,parliament,HU313,Nógrád,2,mszp,50732.0
321,2006-04-09,parliament,HU313,Nógrád,2,munkas,1809.0
322,2006-04-09,parliament,HU313,Nógrád,2,szdsz,4900.0
323,2006-04-09,parliament,HU321,Hajdú-Bihar,0,eligible_voters,428732.0
324,2006-04-09,parliament,HU321,Hajdú-Bihar,1,issued_ballots,278589.0
325,2006-04-09,parliament,HU321,Hajdú-Bihar,2,centrum,1635.0
326,2006-04-09,parliament,HU321,Hajdú-Bihar,2,fidesz kdnp,131592.0
327,2006-04-09,parliament,HU321,Hajdú-Bihar,2,fkgp,321.0
328,2006-04-09,parliament,HU321,Hajdú-Bihar,2,kdp centrum,158.0
329,2006-04-09,parliament,HU321,Hajdú-Bihar,2,magyar videk es polgari part,413.0
330,2006-04-09,parliament,HU321,Hajdú-Bihar,2,mdf,14830.0
331,2006-04-09,parliament,HU321,Hajdú-Bihar,2,miep jobbik,5628.0
332,2006-04-09,parliament,HU321,Hajdú-Bihar,2,mszp,109561.0
333,2006-04-09,parliament,HU321,Hajdú-Bihar,2,szdsz,10891.0
334,2006-04-09,parliament,HU321,Hajdú-Bihar,2,zoldek,820.0
335,2006-04-09,parliament,HU322,Jász-Nagykun-Szolnok,0,eligible_voters,325631.0
336,2006-04-09,parliament,HU322,Jász-Nagykun-Szolnok,1,issued_ballots,204374.0
337,2006-04-09,parliament,HU322,Jász-Nagykun-Szolnok,2,fidesz kdnp,80373.0
338,2006-04-09,parliament,HU322,Jász-Nagykun-Szolnok,2,mcf roma,224.0
339,2006-04-09,parliament,HU322,Jász-Nagykun-Szolnok,2,mdf,10003.0
340,2006-04-09,parliament,HU322,Jász-Nagykun-Szolnok,2,miep jobbik,4183.0
341,2006-04-09,parliament,HU322,Jász-Nagykun-Szolnok,2,mszp,95042.0
342,2006-04-09,parliament,HU322,Jász-Nagykun-Szolnok,2,munkas,2640.0
343,2006-04-09,parliament,HU322,Jász-Nagykun-Szolnok,2,szdsz,9761.0
344,2006-04-09,parliament,HU323,Szabolcs-Szatmár-Bereg,0,eligible_voters,442565.0
345,2006-04-09,parliament,HU323,Szabolcs-Szatmár-Bereg,1,issued_ballots,291058.0
346,2006-04-09,parliament,HU323,Szabolcs-Szatmár-Bereg,2,centrum,1018.0
347,2006-04-09,parliament,HU323,Szabolcs-Szatmár-Bereg,2,fidesz kdnp,127641.0
348,2006-04-09,parliament,HU323,Szabolcs-Szatmár-Bereg,2,kdp centrum,281.0
349,2006-04-09,parliament,HU323,Szabolcs-Szatmár-Bereg,2,magyar videk es polgari part,310.0
350,2006-04-09,parliament,HU323,Szabolcs-Szatmár-Bereg,2,magyarok egymasert szovetsege,767.0
351,2006-04-09,parliament,HU323,Szabolcs-Szatmár-Bereg,2,mcf roma,430.0
352,2006-04-09,parliament,HU323,Szabolcs-Szatmár-Bereg,2,mdf,11947.0
353,2006-04-09,parliament,HU323,Szabolcs-Szatmár-Bereg,2,miep jobbik,4735.0
354,2006-04-09,parliament,HU323,Szabolcs-Szatmár-Bereg,2,mszp,130555.0
355,2006-04-09,parliament,HU323,Szabolcs-Szatmár-Bereg,2,szdsz,9455.0
356,2006-04-09,parliament,HU331,Bács-Kiskun,0,eligible_voters,430629.0
357,2006-04-09,parliament,HU331,Bács-Kiskun,1,issued_ballots,276295.0
358,2006-04-09,parliament,HU331,Bács-Kiskun,2,centrum,1833.0
359,2006-04-09,parliament,HU331,Bács-Kiskun,2,fidesz kdnp,136252.0
360,2006-04-09,parliament,HU331,Bács-Kiskun,2,fknp,445.0
361,2006-04-09,parliament,HU331,Bács-Kiskun,2,mcf roma,955.0
362,2006-04-09,parliament,HU331,Bács-Kiskun,2,mdf,14017.0
363,2006-04-09,parliament,HU331,Bács-Kiskun,2,miep jobbik,5142.0
364,2006-04-09,parliament,HU331,Bács-Kiskun,2,mszp,101502.0
365,2006-04-09,parliament,HU331,Bács-Kiskun,2,szdsz,13501.0
366,2006-04-09,parliament,HU332,Békés,0,eligible_voters,310455.0
367,2006-04-09,parliament,HU332,Békés,1,issued_ballots,200239.0
368,2006-04-09,parliament,HU332,Békés,2,centrum,1700.0
369,2006-04-09,parliament,HU332,Békés,2,fidesz kdnp,85144.0
370,2006-04-09,parliament,HU332,Békés,2,fkgp,517.0
371,2006-04-09,parliament,HU332,Békés,2,kdp centrum,131.0
372,2006-04-09,parliament,HU332,Békés,2,magyar videk es polgari part,212.0
373,2006-04-09,parliament,HU332,Békés,2,mdf,9607.0
374,2006-04-09,parliament,HU332,Békés,2,miep jobbik,3236.0
375,2006-04-09,parliament,HU332,Békés,2,mszp,86679.0
376,2006-04-09,parliament,HU332,Békés,2,munkas,2127.0
377,2006-04-09,parliament,HU332,Békés,2,szdsz,8856.0
378,2006-04-09,parliament,HU333,Csongrád-Csanád,0,eligible_voters,335799.0
379,2006-04-09,parliament,HU333,Csongrád-Csanád,1,issued_ballots,223877.0
380,2006-04-09,parliament,HU333,Csongrád-Csanád,2,centrum,1777.0
381,2006-04-09,parliament,HU333,Csongrád-Csanád,2,fidesz kdnp,92628.0
382,2006-04-09,parliament,HU333,Csongrád-Csanád,2,mdf,10782.0
383,2006-04-09,parliament,HU333,Csongrád-Csanád,2,miep jobbik,3591.0
384,2006-04-09,parliament,HU333,Csongrád-Csanád,2,mszp,97772.0
385,2006-04-09,parliament,HU333,Csongrád-Csanád,2,munkas,1750.0
386,2006-04-09,parliament,HU333,Csongrád-Csanád,2,szdsz,11722.0
387,2006-04-09,parliament,HU333,Csongrád-Csanád,2,zoldek,1400.0
388,2009-06-07,european,HU110,Budapest,0,eligible_voters,1347100.0
389,2009-06-07,european,HU110,Budapest,1,issued_ballots,607434.0
390,2009-06-07,european,HU110,Budapest,2,fidesz kdnp,290118.0
391,2009-06-07,european,HU110,Budapest,2,jobbik,75914.0
392,2009-06-07,european,HU110,Budapest,2,lmp hp,29447.0
393,2009-06-07,european,HU110,Budapest,2,mcf roma,1029.0
394,2009-06-07,european,HU110,Budapest,2,mdf,39413.0
395,2009-06-07,european,HU110,Budapest,2,mszp,134416.0
396,2009-06-07,european,HU110,Budapest,2,munkas,5628.0
397,2009-06-07,european,HU110,Budapest,2,szdsz,26907.0
398,2009-06-07,european,HU120,Pest,0,eligible_voters,938131.0
399,2009-06-07,european,HU120,Pest,1,issued_ballots,357703.0
400,2009-06-07,european,HU120,Pest,2,fidesz kdnp,201257.0
401,2009-06-07,european,HU120,Pest,2,jobbik,59024.0
402,2009-06-07,european,HU120,Pest,2,lmp hp,10568.0
403,2009-06-07,european,HU120,Pest,2,mcf roma,1036.0
404,2009-06-07,european,HU120,Pest,2,mdf,19255.0
405,2009-06-07,european,HU120,Pest,2,mszp,53333.0
406,2009-06-07,european,HU120,Pest,2,munkas,2602.0
407,2009-06-07,european,HU120,Pest,2,szdsz,7817.0
408,2009-06-07,european,HU211,Fejér,0,eligible_voters,345114.0
409,2009-06-07,european,HU211,Fejér,1,issued_ballots,119956.0
410,2009-06-07,european,HU211,Fejér,2,fidesz kdnp,69828.0
411,2009-06-07,european,HU211,Fejér,2,jobbik,16523.0
412,2009-06-07,european,HU211,Fejér,2,lmp hp,2792.0
413,2009-06-07,european,HU211,Fejér,2,mcf roma,190.0
414,2009-06-07,european,HU211,Fejér,2,mdf,6512.0
415,2009-06-07,european,HU211,Fejér,2,mszp,19965.0
416,2009-06-07,european,HU211,Fejér,2,munkas,1085.0
417,2009-06-07,european,HU211,Fejér,2,szdsz,2007.0
418,2009-06-07,european,HU212,Komárom-Esztergom,0,eligible_voters,251300.0
419,2009-06-07,european,HU212,Komárom-Esztergom,1,issued_ballots,85253.0
420,2009-06-07,european,HU212,Komárom-Esztergom,2,fidesz kdnp,46861.0
421,2009-06-07,european,HU212,Komárom-Esztergom,2,jobbik,10594.0
422,2009-06-07,european,HU212,Komárom-Esztergom,2,lmp hp,1733.0
423,2009-06-07,european,HU212,Komárom-Esztergom,2,mcf roma,235.0
424,2009-06-07,european,HU212,Komárom-Esztergom,2,mdf,4853.0
425,2009-06-07,european,HU212,Komárom-Esztergom,2,mszp,17772.0
426,2009-06-07,european,HU212,Komárom-Esztergom,2,munkas,906.0
427,2009-06-07,european,HU212,Komárom-Esztergom,2,szdsz,1586.0
428,2009-06-07,european,HU213,Veszprém,0,eligible_voters,293757.0
429,2009-06-07,european,HU213,Veszprém,1,issued_ballots,105515.0
430,2009-06-07,european,HU213,Veszprém,2,fidesz kdnp,62978.0
431,2009-06-07,european,HU213,Veszprém,2,jobbik,14086.0
432,2009-06-07,european,HU213,Veszprém,2,lmp hp,2303.0
433,2009-06-07,european,HU213,Veszprém,2,mcf roma,142.0
434,2009-06-07,european,HU213,Veszprém,2,mdf,5570.0
435,2009-06-07,european,HU213,Veszprém,2,mszp,17118.0
436,2009-06-07,european,HU213,Veszprém,2,munkas,809.0
437,2009-06-07,european,HU213,Veszprém,2,szdsz,1665.0
438,2009-06-07,european,HU221,Győr-Moson-Sopron,0,eligible_voters,355975.0
439,2009-06-07,european,HU221,Győr-Moson-Sopron,1,issued_ballots,137038.0
440,2009-06-07,european,HU221,Győr-Moson-Sopron,2,fidesz kdnp,87663.0
441,2009-06-07,european,HU221,Győr-Moson-Sopron,2,jobbik,15981.0
442,2009-06-07,european,HU221,Győr-Moson-Sopron,2,lmp hp,2570.0
443,2009-06-07,european,HU221,Győr-Moson-Sopron,2,mcf roma,173.0
444,2009-06-07,european,HU221,Győr-Moson-Sopron,2,mdf,7401.0
445,2009-06-07,european,HU221,Győr-Moson-Sopron,2,mszp,19494.0
446,2009-06-07,european,HU221,Győr-Moson-Sopron,2,munkas,882.0
447,2009-06-07,european,HU221,Győr-Moson-Sopron,2,szdsz,1794.0
448,2009-06-07,european,HU222,Vas,0,eligible_voters,212432.0
449,2009-06-07,european,HU222,Vas,1,issued_ballots,82985.0
450,2009-06-07,european,HU222,Vas,2,fidesz kdnp,56220.0
451,2009-06-07,european,HU222,Vas,2,jobbik,7607.0
452,2009-06-07,european,HU222,Vas,2,lmp hp,1462.0
453,2009-06-07,european,HU222,Vas,2,mcf roma,110.0
454,2009-06-07,european,HU222,Vas,2,mdf,4078.0
455,2009-06-07,european,HU222,Vas,2,mszp,10945.0
456,2009-06-07,european,HU222,Vas,2,munkas,439.0
457,2009-06-07,european,HU222,Vas,2,szdsz,1368.0
458,2009-06-07,european,HU223,Zala,0,eligible_voters,236830.0
459,2009-06-07,european,HU223,Zala,1,issued_ballots,83199.0
460,2009-06-07,european,HU223,Zala,2,fidesz kdnp,52048.0
461,2009-06-07,european,HU223,Zala,2,jobbik,10672.0
462,2009-06-07,european,HU223,Zala,2,lmp hp,1318.0
463,2009-06-07,european,HU223,Zala,2,mcf roma,268.0
464,2009-06-07,european,HU223,Zala,2,mdf,4248.0
465,2009-06-07,european,HU223,Zala,2,mszp,12063.0
466,2009-06-07,european,HU223,Zala,2,munkas,575.0
467,2009-06-07,european,HU223,Zala,2,szdsz,1255.0
468,2009-06-07,european,HU231,Baranya,0,eligible_voters,320530.0
469,2009-06-07,european,HU231,Baranya,1,issued_ballots,104719.0
470,2009-06-07,european,HU231,Baranya,2,fidesz kdnp,62255.0
471,2009-06-07,european,HU231,Baranya,2,jobbik,11118.0
472,2009-06-07,european,HU231,Baranya,2,lmp hp,2651.0
473,2009-06-07,european,HU231,Baranya,2,mcf roma,713.0
474,2009-06-07,european,HU231,Baranya,2,mdf,5498.0
475,2009-06-07,european,HU231,Baranya,2,mszp,18913.0
476,2009-06-07,european,HU231,Baranya,2,munkas,972.0
477,2009-06-07,european,HU231,Baranya,2,szdsz,1742.0
478,2009-06-07,european,HU232,Somogy,0,eligible_voters,264169.0
479,2009-06-07,european,HU232,Somogy,1,issued_ballots,88238.0
480,2009-06-07,european,HU232,Somogy,2,fidesz kdnp,56212.0
481,2009-06-07,european,HU232,Somogy,2,jobbik,9565.0
482,2009-06-07,european,HU232,Somogy,2,lmp hp,1389.0
483,2009-06-07,european,HU232,Somogy,2,mcf roma,296.0
484,2009-06-07,european,HU232,Somogy,2,mdf,3685.0
485,2009-06-07,european,HU232,Somogy,2,mszp,14509.0
486,2009-06-07,european,HU232,Somogy,2,munkas,744.0
487,2009-06-07,european,HU232,Somogy,2,szdsz,1089.0
488,2009-06-07,european,HU233,Tolna,0,eligible_voters,194398.0
489,2009-06-07,european,HU233,Tolna,1,issued_ballots,66560.0
490,2009-06-07,european,HU233,Tolna,2,fidesz kdnp,42472.0
491,2009-06-07,european,HU233,Tolna,2,jobbik,7704.0
492,2009-06-07,european,HU233,Tolna,2,lmp hp,1010.0
493,2009-06-07,european,HU233,Tolna,2,mcf roma,226.0
494,2009-06-07,european,HU233,Tolna,2,mdf,3143.0
495,2009-06-07,european,HU233,Tolna,2,mszp,10117.0
496,2009-06-07,european,HU233,Tolna,2,munkas,471.0
497,2009-06-07,european,HU233,Tolna,2,szdsz,826.0
498,2009-06-07,european,HU311,Borsod-Abaúj-Zemplén,0,eligible_voters,563797.0
499,2009-06-07,european,HU311,Borsod-Abaúj-Zemplén,1,issued_ballots,185397.0
500,2009-06-07,european,HU311,Borsod-Abaúj-Zemplén,2,fidesz kdnp,90153.0
501,2009-06-07,european,HU311,Borsod-Abaúj-Zemplén,2,jobbik,42011.0
502,2009-06-07,european,HU311,Borsod-Abaúj-Zemplén,2,lmp hp,2823.0
503,2009-06-07,european,HU311,Borsod-Abaúj-Zemplén,2,mcf roma,1385.0
504,2009-06-07,european,HU311,Borsod-Abaúj-Zemplén,2,mdf,7427.0
505,2009-06-07,european,HU311,Borsod-Abaúj-Zemplén,2,mszp,35423.0
506,2009-06-07,european,HU311,Borsod-Abaúj-Zemplén,2,munkas,2252.0
507,2009-06-07,european,HU311,Borsod-Abaúj-Zemplén,2,szdsz,2108.0
508,2009-06-07,european,HU312,Heves,0,eligible_voters,255078.0
509,2009-06-07,european,HU312,Heves,1,issued_ballots,88074.0
510,2009-06-07,european,HU312,Heves,2,fidesz kdnp,43676.0
511,2009-06-07,european,HU312,Heves,2,jobbik,17594.0
512,2009-06-07,european,HU312,Heves,2,lmp hp,1531.0
513,2009-06-07,european,HU312,Heves,2,mcf roma,1043.0
514,2009-06-07,european,HU312,Heves,2,mdf,4132.0
515,2009-06-07,european,HU312,Heves,2,mszp,16773.0
516,2009-06-07,european,HU312,Heves,2,munkas,1035.0
517,2009-06-07,european,HU312,Heves,2,szdsz,1461.0
518,2009-06-07,european,HU313,Nógrád,0,eligible_voters,169398.0
519,2009-06-07,european,HU313,Nógrád,1,issued_ballots,60120.0
520,2009-06-07,european,HU313,Nógrád,2,fidesz kdnp,32160.0
521,2009-06-07,european,HU313,Nógrád,2,jobbik,11117.0
522,2009-06-07,european,HU313,Nógrád,2,lmp hp,830.0
523,2009-06-07,european,HU313,Nógrád,2,mcf roma,434.0
524,2009-06-07,european,HU313,Nógrád,2,mdf,2592.0
525,2009-06-07,european,HU313,Nógrád,2,mszp,10536.0
526,2009-06-07,european,HU313,Nógrád,2,munkas,1121.0
527,2009-06-07,european,HU313,Nógrád,2,szdsz,719.0
528,2009-06-07,european,HU321,Hajdú-Bihar,0,eligible_voters,431678.0
529,2009-06-07,european,HU321,Hajdú-Bihar,1,issued_ballots,145188.0
530,2009-06-07,european,HU321,Hajdú-Bihar,2,fidesz kdnp,87231.0
531,2009-06-07,european,HU321,Hajdú-Bihar,2,jobbik,24600.0
532,2009-06-07,european,HU321,Hajdú-Bihar,2,lmp hp,2815.0
533,2009-06-07,european,HU321,Hajdú-Bihar,2,mcf roma,566.0
534,2009-06-07,european,HU321,Hajdú-Bihar,2,mdf,7555.0
535,2009-06-07,european,HU321,Hajdú-Bihar,2,mszp,18098.0
536,2009-06-07,european,HU321,Hajdú-Bihar,2,munkas,1342.0
537,2009-06-07,european,HU321,Hajdú-Bihar,2,szdsz,1661.0
538,2009-06-07,european,HU322,Jász-Nagykun-Szolnok,0,eligible_voters,322504.0
539,2009-06-07,european,HU322,Jász-Nagykun-Szolnok,1,issued_ballots,99957.0
540,2009-06-07,european,HU322,Jász-Nagykun-Szolnok,2,fidesz kdnp,52743.0
541,2009-06-07,european,HU322,Jász-Nagykun-Szolnok,2,jobbik,18806.0
542,2009-06-07,european,HU322,Jász-Nagykun-Szolnok,2,lmp hp,1630.0
543,2009-06-07,european,HU322,Jász-Nagykun-Szolnok,2,mcf roma,315.0
544,2009-06-07,european,HU322,Jász-Nagykun-Szolnok,2,mdf,4706.0
545,2009-06-07,european,HU322,Jász-Nagykun-Szolnok,2,mszp,17558.0
546,2009-06-07,european,HU322,Jász-Nagykun-Szolnok,2,munkas,1712.0
547,2009-06-07,european,HU322,Jász-Nagykun-Szolnok,2,szdsz,1399.0
548,2009-06-07,european,HU323,Szabolcs-Szatmár-Bereg,0,eligible_voters,442940.0
549,2009-06-07,european,HU323,Szabolcs-Szatmár-Bereg,1,issued_ballots,142657.0
550,2009-06-07,european,HU323,Szabolcs-Szatmár-Bereg,2,fidesz kdnp,80762.0
551,2009-06-07,european,HU323,Szabolcs-Szatmár-Bereg,2,jobbik,26030.0
552,2009-06-07,european,HU323,Szabolcs-Szatmár-Bereg,2,lmp hp,1612.0
553,2009-06-07,european,HU323,Szabolcs-Szatmár-Bereg,2,mcf roma,3904.0
554,2009-06-07,european,HU323,Szabolcs-Szatmár-Bereg,2,mdf,5890.0
555,2009-06-07,european,HU323,Szabolcs-Szatmár-Bereg,2,mszp,19930.0
556,2009-06-07,european,HU323,Szabolcs-Szatmár-Bereg,2,munkas,1216.0
557,2009-06-07,european,HU323,Szabolcs-Szatmár-Bereg,2,szdsz,1461.0
558,2009-06-07,european,HU331,Bács-Kiskun,0,eligible_voters,430654.0
559,2009-06-07,european,HU331,Bács-Kiskun,1,issued_ballots,145198.0
560,2009-06-07,european,HU331,Bács-Kiskun,2,fidesz kdnp,94088.0
561,2009-06-07,european,HU331,Bács-Kiskun,2,jobbik,17869.0
562,2009-06-07,european,HU331,Bács-Kiskun,2,lmp hp,2373.0
563,2009-06-07,european,HU331,Bács-Kiskun,2,mcf roma,838.0
564,2009-06-07,european,HU331,Bács-Kiskun,2,mdf,6339.0
565,2009-06-07,european,HU331,Bács-Kiskun,2,mszp,19152.0
566,2009-06-07,european,HU331,Bács-Kiskun,2,munkas,1193.0
567,2009-06-07,european,HU331,Bács-Kiskun,2,szdsz,2148.0
568,2009-06-07,european,HU332,Békés,0,eligible_voters,306017.0
569,2009-06-07,european,HU332,Békés,1,issued_ballots,99984.0
570,2009-06-07,european,HU332,Békés,2,fidesz kdnp,56516.0
571,2009-06-07,european,HU332,Békés,2,jobbik,16397.0
572,2009-06-07,european,HU332,Békés,2,lmp hp,1585.0
573,2009-06-07,european,HU332,Békés,2,mcf roma,350.0
574,2009-06-07,european,HU332,Békés,2,mdf,4532.0
575,2009-06-07,european,HU332,Békés,2,mszp,16854.0
576,2009-06-07,european,HU332,Békés,2,munkas,1471.0
577,2009-06-07,european,HU332,Békés,2,szdsz,1326.0
578,2009-06-07,european,HU333,Csongrád-Csanád,0,eligible_voters,337574.0
579,2009-06-07,european,HU333,Csongrád-Csanád,1,issued_ballots,113231.0
580,2009-06-07,european,HU333,Csongrád-Csanád,2,fidesz kdnp,65397.0
581,2009-06-07,european,HU333,Csongrád-Csanád,2,jobbik,14051.0
582,2009-06-07,european,HU333,Csongrád-Csanád,2,lmp hp,2754.0
583,2009-06-07,european,HU333,Csongrád-Csanád,2,mcf roma,171.0
584,2009-06-07,european,HU333,Csongrád-Csanád,2,mdf,6621.0
585,2009-06-07,european,HU333,Csongrád-Csanád,2,mszp,19777.0
586,2009-06-07,european,HU333,Csongrád-Csanád,2,munkas,1361.0
587,2009-06-07,european,HU333,Csongrád-Csanád,2,szdsz,1995.0
588,2010-04-11,parliament,HU110,Budapest,0,eligible_voters,1341189.0
589,2010-04-11,parliament,HU110,Budapest,1,issued_ballots,949341.0
590,2010-04-11,parliament,HU110,Budapest,2,fidesz kdnp,436442.0
591,2010-04-11,parliament,HU110,Budapest,2,jobbik,102138.0
592,2010-04-11,parliament,HU110,Budapest,2,lmp,120714.0
593,2010-04-11,parliament,HU110,Budapest,2,mdf,44265.0
594,2010-04-11,parliament,HU110,Budapest,2,mszp,238672.0
595,2010-04-11,parliament,HU120,Pest,0,eligible_voters,942752.0
596,2010-04-11,parliament,HU120,Pest,1,issued_ballots,631490.0
597,2010-04-11,parliament,HU120,Pest,2,civilek,11832.0
598,2010-04-11,parliament,HU120,Pest,2,fidesz kdnp,331954.0
599,2010-04-11,parliament,HU120,Pest,2,jobbik,103689.0
600,2010-04-11,parliament,HU120,Pest,2,lmp,52410.0
601,2010-04-11,parliament,HU120,Pest,2,mdf,17255.0
602,2010-04-11,parliament,HU120,Pest,2,mszp,110329.0
603,2010-04-11,parliament,HU211,Fejér,0,eligible_voters,343938.0
604,2010-04-11,parliament,HU211,Fejér,1,issued_ballots,223037.0
605,2010-04-11,parliament,HU211,Fejér,2,civilek,4595.0
606,2010-04-11,parliament,HU211,Fejér,2,fidesz kdnp,120011.0
607,2010-04-11,parliament,HU211,Fejér,2,jobbik,35897.0
608,2010-04-11,parliament,HU211,Fejér,2,lmp,15428.0
609,2010-04-11,parliament,HU211,Fejér,2,mdf,5960.0
610,2010-04-11,parliament,HU211,Fejér,2,mszp,39679.0
611,2010-04-11,parliament,HU212,Komárom-Esztergom,0,eligible_voters,250321.0
612,2010-04-11,parliament,HU212,Komárom-Esztergom,1,issued_ballots,155541.0
613,2010-04-11,parliament,HU212,Komárom-Esztergom,2,fidesz kdnp,79261.0
614,2010-04-11,parliament,HU212,Komárom-Esztergom,2,jobbik,21251.0
615,2010-04-11,parliament,HU212,Komárom-Esztergom,2,lmp,12929.0
616,2010-04-11,parliament,HU212,Komárom-Esztergom,2,mdf,4902.0
617,2010-04-11,parliament,HU212,Komárom-Esztergom,2,mszp,36128.0
618,2010-04-11,parliament,HU213,Veszprém,0,eligible_voters,291732.0
619,2010-04-11,parliament,HU213,Veszprém,1,issued_ballots,190903.0
620,2010-04-11,parliament,HU213,Veszprém,2,fidesz kdnp,107724.0
621,2010-04-11,parliament,HU213,Veszprém,2,jobbik,27778.0
622,2010-04-11,parliament,HU213,Veszprém,2,lmp,13526.0
623,2010-04-11,parliament,HU213,Veszprém,2,mdf,4912.0
624,2010-04-11,parliament,HU213,Veszprém,2,mszp,35552.0
625,2010-04-11,parliament,HU221,Győr-Moson-Sopron,0,eligible_voters,354493.0
626,2010-04-11,parliament,HU221,Győr-Moson-Sopron,1,issued_ballots,234837.0
627,2010-04-11,parliament,HU221,Győr-Moson-Sopron,2,civilek,3737.0
628,2010-04-11,parliament,HU221,Győr-Moson-Sopron,2,fidesz kdnp,139391.0
629,2010-04-11,parliament,HU221,Győr-Moson-Sopron,2,jobbik,29364.0
630,2010-04-11,parliament,HU221,Győr-Moson-Sopron,2,lmp,14765.0
631,2010-04-11,parliament,HU221,Győr-Moson-Sopron,2,mdf,6901.0
632,2010-04-11,parliament,HU221,Győr-Moson-Sopron,2,mszp,39390.0
633,2010-04-11,parliament,HU222,Vas,0,eligible_voters,210696.0
634,2010-04-11,parliament,HU222,Vas,1,issued_ballots,140849.0
635,2010-04-11,parliament,HU222,Vas,2,civilek,2525.0
636,2010-04-11,parliament,HU222,Vas,2,fidesz kdnp,87705.0
637,2010-04-11,parliament,HU222,Vas,2,jobbik,16888.0
638,2010-04-11,parliament,HU222,Vas,2,lmp,8907.0
639,2010-04-11,parliament,HU222,Vas,2,mszp,23699.0
640,2010-04-11,parliament,HU223,Zala,0,eligible_voters,234168.0
641,2010-04-11,parliament,HU223,Zala,1,issued_ballots,150103.0
642,2010-04-11,parliament,HU223,Zala,2,fidesz kdnp,85262.0
643,2010-04-11,parliament,HU223,Zala,2,jobbik,25205.0
644,2010-04-11,parliament,HU223,Zala,2,lmp,8646.0
645,2010-04-11,parliament,HU223,Zala,2,mdf,3942.0
646,2010-04-11,parliament,HU223,Zala,2,mszdp,862.0
647,2010-04-11,parliament,HU223,Zala,2,mszp,25107.0
648,2010-04-11,parliament,HU231,Baranya,0,eligible_voters,318350.0
649,2010-04-11,parliament,HU231,Baranya,1,issued_ballots,193999.0
650,2010-04-11,parliament,HU231,Baranya,2,fidesz kdnp,104928.0
651,2010-04-11,parliament,HU231,Baranya,2,jobbik,24397.0
652,2010-04-11,parliament,HU231,Baranya,2,lmp,17119.0
653,2010-04-11,parliament,HU231,Baranya,2,mdf,5436.0
654,2010-04-11,parliament,HU231,Baranya,2,mszp,40532.0
655,2010-04-11,parliament,HU232,Somogy,0,eligible_voters,261321.0
656,2010-04-11,parliament,HU232,Somogy,1,issued_ballots,161315.0
657,2010-04-11,parliament,HU232,Somogy,2,fidesz kdnp,95224.0
658,2010-04-11,parliament,HU232,Somogy,2,jobbik,22771.0
659,2010-04-11,parliament,HU232,Somogy,2,lmp,10248.0
660,2010-04-11,parliament,HU232,Somogy,2,mdf,25.0
661,2010-04-11,parliament,HU232,Somogy,2,mszp,31645.0
662,2010-04-11,parliament,HU233,Tolna,0,eligible_voters,193004.0
663,2010-04-11,parliament,HU233,Tolna,1,issued_ballots,119564.0
664,2010-04-11,parliament,HU233,Tolna,2,fidesz kdnp,69604.0
665,2010-04-11,parliament,HU233,Tolna,2,jobbik,18315.0
666,2010-04-11,parliament,HU233,Tolna,2,lmp,6467.0
667,2010-04-11,parliament,HU233,Tolna,2,mdf,3017.0
668,2010-04-11,parliament,HU233,Tolna,2,mszp,21214.0
669,2010-04-11,parliament,HU311,Borsod-Abaúj-Zemplén,0,eligible_voters,558351.0
670,2010-04-11,parliament,HU311,Borsod-Abaúj-Zemplén,1,issued_ballots,343042.0
671,2010-04-11,parliament,HU311,Borsod-Abaúj-Zemplén,2,fidesz kdnp,156249.0
672,2010-04-11,parliament,HU311,Borsod-Abaúj-Zemplén,2,jobbik,92646.0
673,2010-04-11,parliament,HU311,Borsod-Abaúj-Zemplén,2,lmp,14318.0
674,2010-04-11,parliament,HU311,Borsod-Abaúj-Zemplén,2,mdf,6267.0
675,2010-04-11,parliament,HU311,Borsod-Abaúj-Zemplén,2,miep,704.0
676,2010-04-11,parliament,HU311,Borsod-Abaúj-Zemplén,2,mszdp,1653.0
677,2010-04-11,parliament,HU311,Borsod-Abaúj-Zemplén,2,mszp,64387.0
678,2010-04-11,parliament,HU311,Borsod-Abaúj-Zemplén,2,munkas,1651.0
679,2010-04-11,parliament,HU311,Borsod-Abaúj-Zemplén,2,osszefogas,2732.0
680,2010-04-11,parliament,HU312,Heves,0,eligible_voters,252708.0
681,2010-04-11,parliament,HU312,Heves,1,issued_ballots,163163.0
682,2010-04-11,parliament,HU312,Heves,2,fidesz kdnp,74034.0
683,2010-04-11,parliament,HU312,Heves,2,jobbik,40391.0
684,2010-04-11,parliament,HU312,Heves,2,lmp,9769.0
685,2010-04-11,parliament,HU312,Heves,2,mdf,3536.0
686,2010-04-11,parliament,HU312,Heves,2,mszp,34003.0
687,2010-04-11,parliament,HU313,Nógrád,0,eligible_voters,167653.0
688,2010-04-11,parliament,HU313,Nógrád,1,issued_ballots,105940.0
689,2010-04-11,parliament,HU313,Nógrád,2,fidesz kdnp,54444.0
690,2010-04-11,parliament,HU313,Nógrád,2,jobbik,21868.0
691,2010-04-11,parliament,HU313,Nógrád,2,lmp,5852.0
692,2010-04-11,parliament,HU313,Nógrád,2,mszp,21411.0
693,2010-04-11,parliament,HU313,Nógrád,2,munkas,1441.0
694,2010-04-11,parliament,HU321,Hajdú-Bihar,0,eligible_voters,429541.0
695,2010-04-11,parliament,HU321,Hajdú-Bihar,1,issued_ballots,269625.0
696,2010-04-11,parliament,HU321,Hajdú-Bihar,2,civilek,4002.0
697,2010-04-11,parliament,HU321,Hajdú-Bihar,2,fidesz kdnp,154999.0
698,2010-04-11,parliament,HU321,Hajdú-Bihar,2,jobbik,50473.0
699,2010-04-11,parliament,HU321,Hajdú-Bihar,2,lmp,13523.0
700,2010-04-11,parliament,HU321,Hajdú-Bihar,2,mdf,6271.0
701,2010-04-11,parliament,HU321,Hajdú-Bihar,2,mszdp,768.0
702,2010-04-11,parliament,HU321,Hajdú-Bihar,2,mszp,37580.0
703,2010-04-11,parliament,HU322,Jász-Nagykun-Szolnok,0,eligible_voters,319953.0
704,2010-04-11,parliament,HU322,Jász-Nagykun-Szolnok,1,issued_ballots,195807.0
705,2010-04-11,parliament,HU322,Jász-Nagykun-Szolnok,2,fidesz kdnp,95951.0
706,2010-04-11,parliament,HU322,Jász-Nagykun-Szolnok,2,jobbik,46613.0
707,2010-04-11,parliament,HU322,Jász-Nagykun-Szolnok,2,lmp,10971.0
708,2010-04-11,parliament,HU322,Jász-Nagykun-Szolnok,2,mdf,4140.0
709,2010-04-11,parliament,HU322,Jász-Nagykun-Szolnok,2,mszp,34707.0
710,2010-04-11,parliament,HU322,Jász-Nagykun-Szolnok,2,munkas,1775.0
711,2010-04-11,parliament,HU323,Szabolcs-Szatmár-Bereg,0,eligible_voters,439833.0
712,2010-04-11,parliament,HU323,Szabolcs-Szatmár-Bereg,1,issued_ballots,278802.0
713,2010-04-11,parliament,HU323,Szabolcs-Szatmár-Bereg,2,civilek,6760.0
714,2010-04-11,parliament,HU323,Szabolcs-Szatmár-Bereg,2,fidesz kdnp,148980.0
715,2010-04-11,parliament,HU323,Szabolcs-Szatmár-Bereg,2,jobbik,65423.0
716,2010-04-11,parliament,HU323,Szabolcs-Szatmár-Bereg,2,lmp,7914.0
717,2010-04-11,parliament,HU323,Szabolcs-Szatmár-Bereg,2,mdf,5016.0
718,2010-04-11,parliament,HU323,Szabolcs-Szatmár-Bereg,2,mszdp,834.0
719,2010-04-11,parliament,HU323,Szabolcs-Szatmár-Bereg,2,mszp,41062.0
720,2010-04-11,parliament,HU323,Szabolcs-Szatmár-Bereg,2,munkas,739.0
721,2010-04-11,parliament,HU331,Bács-Kiskun,0,eligible_voters,428276.0
722,2010-04-11,parliament,HU331,Bács-Kiskun,1,issued_ballots,265971.0
723,2010-04-11,parliament,HU331,Bács-Kiskun,2,civilek,3767.0
724,2010-04-11,parliament,HU331,Bács-Kiskun,2,fidesz kdnp,159605.0
725,2010-04-11,parliament,HU331,Bács-Kiskun,2,jobbik,41448.0
726,2010-04-11,parliament,HU331,Bács-Kiskun,2,lmp,14741.0
727,2010-04-11,parliament,HU331,Bács-Kiskun,2,mdf,5889.0
728,2010-04-11,parliament,HU331,Bács-Kiskun,2,mszp,38597.0
729,2010-04-11,parliament,HU332,Békés,0,eligible_voters,302579.0
730,2010-04-11,parliament,HU332,Békés,1,issued_ballots,187374.0
731,2010-04-11,parliament,HU332,Békés,2,civilek,3510.0
732,2010-04-11,parliament,HU332,Békés,2,fidesz kdnp,98945.0
733,2010-04-11,parliament,HU332,Békés,2,jobbik,35724.0
734,2010-04-11,parliament,HU332,Békés,2,lmp,9688.0
735,2010-04-11,parliament,HU332,Békés,2,mdf,3814.0
736,2010-04-11,parliament,HU332,Békés,2,mszp,34321.0
737,2010-04-11,parliament,HU333,Csongrád-Csanád,0,eligible_voters,335638.0
738,2010-04-11,parliament,HU333,Csongrád-Csanád,1,issued_ballots,209736.0
739,2010-04-11,parliament,HU333,Csongrád-Csanád,2,civilek,5135.0
740,2010-04-11,parliament,HU333,Csongrád-Csanád,2,fidesz kdnp,105579.0
741,2010-04-11,parliament,HU333,Csongrád-Csanád,2,jobbik,33157.0
742,2010-04-11,parliament,HU333,Csongrád-Csanád,2,lmp,15941.0
743,2010-04-11,parliament,HU333,Csongrád-Csanád,2,mdf,5347.0
744,2010-04-11,parliament,HU333,Csongrád-Csanád,2,miep,582.0
745,2010-04-11,parliament,HU333,Csongrád-Csanád,2,mszp,42413.0
746,2014-04-06,parliament,HU110,Budapest,0,eligible_voters,1353377.0
747,2014-04-06,parliament,HU110,Budapest,1,issued_ballots,927947.0
748,2014-04-06,parliament,HU110,Budapest,2,a haza nem,2468.0
749,2014-04-06,parliament,HU110,Budapest,2,egyutt 2014,3379.0
750,2014-04-06,parliament,HU110,Budapest,2,fidesz kdnp,354408.0
751,2014-04-06,parliament,HU110,Budapest,2,fkgp,1215.0
752,2014-04-06,parliament,HU110,Budapest,2,jesz,1875.0
753,2014-04-06,parliament,HU110,Budapest,2,jobbik,111129.0
754,2014-04-06,parliament,HU110,Budapest,2,kti,2461.0
755,2014-04-06,parliament,HU110,Budapest,2,lmp,82150.0
756,2014-04-06,parliament,HU110,Budapest,2,mcp,741.0
757,2014-04-06,parliament,HU110,Budapest,2,mszp egyutt dk pm mlp,338431.0
758,2014-04-06,parliament,HU110,Budapest,2,munkas,4447.0
759,2014-04-06,parliament,HU110,Budapest,2,osszefogas,1474.0
760,2014-04-06,parliament,HU110,Budapest,2,sem,3034.0
761,2014-04-06,parliament,HU110,Budapest,2,seres maria szovetsegesei,4533.0
762,2014-04-06,parliament,HU110,Budapest,2,szocialdemokratak,3920.0
763,2014-04-06,parliament,HU110,Budapest,2,udp,291.0
764,2014-04-06,parliament,HU110,Budapest,2,ump,239.0
765,2014-04-06,parliament,HU110,Budapest,2,zoldek,3919.0
766,2014-04-06,parliament,HU120,Pest,0,eligible_voters,979170.0
767,2014-04-06,parliament,HU120,Pest,1,issued_ballots,616319.0
768,2014-04-06,parliament,HU120,Pest,2,a haza nem,3491.0
769,2014-04-06,parliament,HU120,Pest,2,egyutt 2014,2330.0
770,2014-04-06,parliament,HU120,Pest,2,fidesz kdnp,273487.0
771,2014-04-06,parliament,HU120,Pest,2,fkgp,953.0
772,2014-04-06,parliament,HU120,Pest,2,jesz,1252.0
773,2014-04-06,parliament,HU120,Pest,2,jobbik,115340.0
774,2014-04-06,parliament,HU120,Pest,2,kti,1425.0
775,2014-04-06,parliament,HU120,Pest,2,lmp,37366.0
776,2014-04-06,parliament,HU120,Pest,2,mcp,524.0
777,2014-04-06,parliament,HU120,Pest,2,mszp egyutt dk pm mlp,158103.0
778,2014-04-06,parliament,HU120,Pest,2,munkas,2701.0
779,2014-04-06,parliament,HU120,Pest,2,osszefogas,1132.0
780,2014-04-06,parliament,HU120,Pest,2,sem,1817.0
781,2014-04-06,parliament,HU120,Pest,2,seres maria szovetsegesei,2857.0
782,2014-04-06,parliament,HU120,Pest,2,szocialdemokratak,1797.0
783,2014-04-06,parliament,HU120,Pest,2,udp,220.0
784,2014-04-06,parliament,HU120,Pest,2,ump,168.0
785,2014-04-06,parliament,HU120,Pest,2,zoldek,2737.0
786,2014-04-06,parliament,HU211,Fejér,0,eligible_voters,347301.0
787,2014-04-06,parliament,HU211,Fejér,1,issued_ballots,214381.0
788,2014-04-06,parliament,HU211,Fejér,2,a haza nem,826.0
789,2014-04-06,parliament,HU211,Fejér,2,egyutt 2014,698.0
790,2014-04-06,parliament,HU211,Fejér,2,fidesz kdnp,97325.0
791,2014-04-06,parliament,HU211,Fejér,2,fkgp,427.0
792,2014-04-06,parliament,HU211,Fejér,2,jesz,457.0
793,2014-04-06,parliament,HU211,Fejér,2,jobbik,46118.0
794,2014-04-06,parliament,HU211,Fejér,2,kti,546.0
795,2014-04-06,parliament,HU211,Fejér,2,lmp,10657.0
796,2014-04-06,parliament,HU211,Fejér,2,mcp,197.0
797,2014-04-06,parliament,HU211,Fejér,2,mszp egyutt dk pm mlp,49263.0
798,2014-04-06,parliament,HU211,Fejér,2,munkas,1236.0
799,2014-04-06,parliament,HU211,Fejér,2,osszefogas,179.0
800,2014-04-06,parliament,HU211,Fejér,2,sem,558.0
801,2014-04-06,parliament,HU211,Fejér,2,seres maria szovetsegesei,1317.0
802,2014-04-06,parliament,HU211,Fejér,2,szocialdemokratak,630.0
803,2014-04-06,parliament,HU211,Fejér,2,udp,77.0
804,2014-04-06,parliament,HU211,Fejér,2,ump,57.0
805,2014-04-06,parliament,HU211,Fejér,2,zoldek,880.0
806,2014-04-06,parliament,HU212,Komárom-Esztergom,0,eligible_voters,251183.0
807,2014-04-06,parliament,HU212,Komárom-Esztergom,1,issued_ballots,152181.0
808,2014-04-06,parliament,HU212,Komárom-Esztergom,2,a haza nem,993.0
809,2014-04-06,parliament,HU212,Komárom-Esztergom,2,egyutt 2014,374.0
810,2014-04-06,parliament,HU212,Komárom-Esztergom,2,fidesz kdnp,63709.0
811,2014-04-06,parliament,HU212,Komárom-Esztergom,2,fkgp,276.0
812,2014-04-06,parliament,HU212,Komárom-Esztergom,2,jesz,539.0
813,2014-04-06,parliament,HU212,Komárom-Esztergom,2,jobbik,30099.0
814,2014-04-06,parliament,HU212,Komárom-Esztergom,2,kti,376.0
815,2014-04-06,parliament,HU212,Komárom-Esztergom,2,lmp,8251.0
816,2014-04-06,parliament,HU212,Komárom-Esztergom,2,mcp,149.0
817,2014-04-06,parliament,HU212,Komárom-Esztergom,2,mszp egyutt dk pm mlp,42439.0
818,2014-04-06,parliament,HU212,Komárom-Esztergom,2,munkas,827.0
819,2014-04-06,parliament,HU212,Komárom-Esztergom,2,osszefogas,265.0
820,2014-04-06,parliament,HU212,Komárom-Esztergom,2,sem,436.0
821,2014-04-06,parliament,HU212,Komárom-Esztergom,2,seres maria szovetsegesei,575.0
822,2014-04-06,parliament,HU212,Komárom-Esztergom,2,szocialdemokratak,439.0
823,2014-04-06,parliament,HU212,Komárom-Esztergom,2,udp,76.0
824,2014-04-06,parliament,HU212,Komárom-Esztergom,2,ump,45.0
825,2014-04-06,parliament,HU212,Komárom-Esztergom,2,zoldek,568.0
826,2014-04-06,parliament,HU213,Veszprém,0,eligible_voters,293701.0
827,2014-04-06,parliament,HU213,Veszprém,1,issued_ballots,181323.0
828,2014-04-06,parliament,HU213,Veszprém,2,a haza nem,782.0
829,2014-04-06,parliament,HU213,Veszprém,2,egyutt 2014,438.0
830,2014-04-06,parliament,HU213,Veszprém,2,fidesz kdnp,83084.0
831,2014-04-06,parliament,HU213,Veszprém,2,fkgp,250.0
832,2014-04-06,parliament,HU213,Veszprém,2,jesz,532.0
833,2014-04-06,parliament,HU213,Veszprém,2,jobbik,36977.0
834,2014-04-06,parliament,HU213,Veszprém,2,kti,309.0
835,2014-04-06,parliament,HU213,Veszprém,2,lmp,8846.0
836,2014-04-06,parliament,HU213,Veszprém,2,mcp,157.0
837,2014-04-06,parliament,HU213,Veszprém,2,mszp egyutt dk pm mlp,44421.0
838,2014-04-06,parliament,HU213,Veszprém,2,munkas,778.0
839,2014-04-06,parliament,HU213,Veszprém,2,osszefogas,231.0
840,2014-04-06,parliament,HU213,Veszprém,2,sem,533.0
841,2014-04-06,parliament,HU213,Veszprém,2,seres maria szovetsegesei,699.0
842,2014-04-06,parliament,HU213,Veszprém,2,szocialdemokratak,473.0
843,2014-04-06,parliament,HU213,Veszprém,2,udp,85.0
844,2014-04-06,parliament,HU213,Veszprém,2,ump,82.0
845,2014-04-06,parliament,HU213,Veszprém,2,zoldek,611.0
846,2014-04-06,parliament,HU221,Győr-Moson-Sopron,0,eligible_voters,359910.0
847,2014-04-06,parliament,HU221,Győr-Moson-Sopron,1,issued_ballots,226174.0
848,2014-04-06,parliament,HU221,Győr-Moson-Sopron,2,a haza nem,467.0
849,2014-04-06,parliament,HU221,Győr-Moson-Sopron,2,egyutt 2014,571.0
850,2014-04-06,parliament,HU221,Győr-Moson-Sopron,2,fidesz kdnp,115678.0
851,2014-04-06,parliament,HU221,Győr-Moson-Sopron,2,fkgp,266.0
852,2014-04-06,parliament,HU221,Győr-Moson-Sopron,2,jesz,725.0
853,2014-04-06,parliament,HU221,Győr-Moson-Sopron,2,jobbik,39897.0
854,2014-04-06,parliament,HU221,Győr-Moson-Sopron,2,kti,353.0
855,2014-04-06,parliament,HU221,Győr-Moson-Sopron,2,lmp,12338.0
856,2014-04-06,parliament,HU221,Győr-Moson-Sopron,2,mcp,85.0
857,2014-04-06,parliament,HU221,Győr-Moson-Sopron,2,mszp egyutt dk pm mlp,49108.0
858,2014-04-06,parliament,HU221,Győr-Moson-Sopron,2,munkas,1036.0
859,2014-04-06,parliament,HU221,Győr-Moson-Sopron,2,osszefogas,270.0
860,2014-04-06,parliament,HU221,Győr-Moson-Sopron,2,sem,577.0
861,2014-04-06,parliament,HU221,Győr-Moson-Sopron,2,seres maria szovetsegesei,1195.0
862,2014-04-06,parliament,HU221,Győr-Moson-Sopron,2,szocialdemokratak,659.0
863,2014-04-06,parliament,HU221,Győr-Moson-Sopron,2,udp,130.0
864,2014-04-06,parliament,HU221,Győr-Moson-Sopron,2,ump,77.0
865,2014-04-06,parliament,HU221,Győr-Moson-Sopron,2,zoldek,720.0
866,2014-04-06,parliament,HU222,Vas,0,eligible_voters,210733.0
867,2014-04-06,parliament,HU222,Vas,1,issued_ballots,133566.0
868,2014-04-06,parliament,HU222,Vas,2,a haza nem,315.0
869,2014-04-06,parliament,HU222,Vas,2,egyutt 2014,319.0
870,2014-04-06,parliament,HU222,Vas,2,fidesz kdnp,68708.0
871,2014-04-06,parliament,HU222,Vas,2,fkgp,217.0
872,2014-04-06,parliament,HU222,Vas,2,jesz,200.0
873,2014-04-06,parliament,HU222,Vas,2,jobbik,23544.0
874,2014-04-06,parliament,HU222,Vas,2,kti,387.0
875,2014-04-06,parliament,HU222,Vas,2,lmp,6849.0
876,2014-04-06,parliament,HU222,Vas,2,mcp,113.0
877,2014-04-06,parliament,HU222,Vas,2,mszp egyutt dk pm mlp,29083.0
878,2014-04-06,parliament,HU222,Vas,2,munkas,468.0
879,2014-04-06,parliament,HU222,Vas,2,osszefogas,127.0
880,2014-04-06,parliament,HU222,Vas,2,sem,330.0
881,2014-04-06,parliament,HU222,Vas,2,seres maria szovetsegesei,583.0
882,2014-04-06,parliament,HU222,Vas,2,szocialdemokratak,286.0
883,2014-04-06,parliament,HU222,Vas,2,udp,131.0
884,2014-04-06,parliament,HU222,Vas,2,ump,191.0
885,2014-04-06,parliament,HU222,Vas,2,zoldek,417.0
886,2014-04-06,parliament,HU223,Zala,0,eligible_voters,233827.0
887,2014-04-06,parliament,HU223,Zala,1,issued_ballots,144400.0
888,2014-04-06,parliament,HU223,Zala,2,a haza nem,549.0
889,2014-04-06,parliament,HU223,Zala,2,egyutt 2014,350.0
890,2014-04-06,parliament,HU223,Zala,2,fidesz kdnp,64061.0
891,2014-04-06,parliament,HU223,Zala,2,fkgp,318.0
892,2014-04-06,parliament,HU223,Zala,2,jesz,293.0
893,2014-04-06,parliament,HU223,Zala,2,jobbik,35565.0
894,2014-04-06,parliament,HU223,Zala,2,kti,235.0
895,2014-04-06,parliament,HU223,Zala,2,lmp,6287.0
896,2014-04-06,parliament,HU223,Zala,2,mcp,400.0
897,2014-04-06,parliament,HU223,Zala,2,mszp egyutt dk pm mlp,32829.0
898,2014-04-06,parliament,HU223,Zala,2,munkas,550.0
899,2014-04-06,parliament,HU223,Zala,2,osszefogas,116.0
900,2014-04-06,parliament,HU223,Zala,2,sem,302.0
901,2014-04-06,parliament,HU223,Zala,2,seres maria szovetsegesei,661.0
902,2014-04-06,parliament,HU223,Zala,2,szocialdemokratak,288.0
903,2014-04-06,parliament,HU223,Zala,2,udp,60.0
904,2014-04-06,parliament,HU223,Zala,2,ump,63.0
905,2014-04-06,parliament,HU223,Zala,2,zoldek,375.0
906,2014-04-06,parliament,HU231,Baranya,0,eligible_voters,317276.0
907,2014-04-06,parliament,HU231,Baranya,1,issued_ballots,188704.0
908,2014-04-06,parliament,HU231,Baranya,2,a haza nem,1380.0
909,2014-04-06,parliament,HU231,Baranya,2,egyutt 2014,611.0
910,2014-04-06,parliament,HU231,Baranya,2,fidesz kdnp,74770.0
911,2014-04-06,parliament,HU231,Baranya,2,fkgp,416.0
912,2014-04-06,parliament,HU231,Baranya,2,jesz,410.0
913,2014-04-06,parliament,HU231,Baranya,2,jobbik,36352.0
914,2014-04-06,parliament,HU231,Baranya,2,kti,741.0
915,2014-04-06,parliament,HU231,Baranya,2,lmp,11561.0
916,2014-04-06,parliament,HU231,Baranya,2,mcp,308.0
917,2014-04-06,parliament,HU231,Baranya,2,mszp egyutt dk pm mlp,51279.0
918,2014-04-06,parliament,HU231,Baranya,2,munkas,1069.0
919,2014-04-06,parliament,HU231,Baranya,2,osszefogas,237.0
920,2014-04-06,parliament,HU231,Baranya,2,sem,470.0
921,2014-04-06,parliament,HU231,Baranya,2,seres maria szovetsegesei,598.0
922,2014-04-06,parliament,HU231,Baranya,2,szocialdemokratak,677.0
923,2014-04-06,parliament,HU231,Baranya,2,udp,90.0
924,2014-04-06,parliament,HU231,Baranya,2,ump,57.0
925,2014-04-06,parliament,HU231,Baranya,2,zoldek,606.0
926,2014-04-06,parliament,HU232,Somogy,0,eligible_voters,261661.0
927,2014-04-06,parliament,HU232,Somogy,1,issued_ballots,153680.0
928,2014-04-06,parliament,HU232,Somogy,2,a haza nem,739.0
929,2014-04-06,parliament,HU232,Somogy,2,egyutt 2014,438.0
930,2014-04-06,parliament,HU232,Somogy,2,fidesz kdnp,68255.0
931,2014-04-06,parliament,HU232,Somogy,2,fkgp,243.0
932,2014-04-06,parliament,HU232,Somogy,2,jesz,254.0
933,2014-04-06,parliament,HU232,Somogy,2,jobbik,34971.0
934,2014-04-06,parliament,HU232,Somogy,2,kti,358.0
935,2014-04-06,parliament,HU232,Somogy,2,lmp,6185.0
936,2014-04-06,parliament,HU232,Somogy,2,mcp,249.0
937,2014-04-06,parliament,HU232,Somogy,2,mszp egyutt dk pm mlp,37285.0
938,2014-04-06,parliament,HU232,Somogy,2,munkas,812.0
939,2014-04-06,parliament,HU232,Somogy,2,osszefogas,106.0
940,2014-04-06,parliament,HU232,Somogy,2,sem,319.0
941,2014-04-06,parliament,HU232,Somogy,2,seres maria szovetsegesei,660.0
942,2014-04-06,parliament,HU232,Somogy,2,szocialdemokratak,386.0
943,2014-04-06,parliament,HU232,Somogy,2,udp,54.0
944,2014-04-06,parliament,HU232,Somogy,2,ump,44.0
945,2014-04-06,parliament,HU232,Somogy,2,zoldek,504.0
946,2014-04-06,parliament,HU233,Tolna,0,eligible_voters,191800.0
947,2014-04-06,parliament,HU233,Tolna,1,issued_ballots,113268.0
948,2014-04-06,parliament,HU233,Tolna,2,a haza nem,544.0
949,2014-04-06,parliament,HU233,Tolna,2,egyutt 2014,232.0
950,2014-04-06,parliament,HU233,Tolna,2,fidesz kdnp,52359.0
951,2014-04-06,parliament,HU233,Tolna,2,fkgp,219.0
952,2014-04-06,parliament,HU233,Tolna,2,jesz,97.0
953,2014-04-06,parliament,HU233,Tolna,2,jobbik,24719.0
954,2014-04-06,parliament,HU233,Tolna,2,kti,219.0
955,2014-04-06,parliament,HU233,Tolna,2,lmp,5119.0
956,2014-04-06,parliament,HU233,Tolna,2,mcp,174.0
957,2014-04-06,parliament,HU233,Tolna,2,mszp egyutt dk pm mlp,25284.0
958,2014-04-06,parliament,HU233,Tolna,2,munkas,500.0
959,2014-04-06,parliament,HU233,Tolna,2,osszefogas,78.0
960,2014-04-06,parliament,HU233,Tolna,2,sem,261.0
961,2014-04-06,parliament,HU233,Tolna,2,seres maria szovetsegesei,327.0
962,2014-04-06,parliament,HU233,Tolna,2,szocialdemokratak,227.0
963,2014-04-06,parliament,HU233,Tolna,2,udp,48.0
964,2014-04-06,parliament,HU233,Tolna,2,ump,31.0
965,2014-04-06,parliament,HU233,Tolna,2,zoldek,358.0
966,2014-04-06,parliament,HU311,Borsod-Abaúj-Zemplén,0,eligible_voters,553680.0
967,2014-04-06,parliament,HU311,Borsod-Abaúj-Zemplén,1,issued_ballots,324560.0
968,2014-04-06,parliament,HU311,Borsod-Abaúj-Zemplén,2,a haza nem,1187.0
969,2014-04-06,parliament,HU311,Borsod-Abaúj-Zemplén,2,egyutt 2014,798.0
970,2014-04-06,parliament,HU311,Borsod-Abaúj-Zemplén,2,fidesz kdnp,123710.0
971,2014-04-06,parliament,HU311,Borsod-Abaúj-Zemplén,2,fkgp,546.0
972,2014-04-06,parliament,HU311,Borsod-Abaúj-Zemplén,2,jesz,556.0
973,2014-04-06,parliament,HU311,Borsod-Abaúj-Zemplén,2,jobbik,94517.0
974,2014-04-06,parliament,HU311,Borsod-Abaúj-Zemplén,2,kti,449.0
975,2014-04-06,parliament,HU311,Borsod-Abaúj-Zemplén,2,lmp,9350.0
976,2014-04-06,parliament,HU311,Borsod-Abaúj-Zemplén,2,mcp,2291.0
977,2014-04-06,parliament,HU311,Borsod-Abaúj-Zemplén,2,mszp egyutt dk pm mlp,79821.0
978,2014-04-06,parliament,HU311,Borsod-Abaúj-Zemplén,2,munkas,2421.0
979,2014-04-06,parliament,HU311,Borsod-Abaúj-Zemplén,2,osszefogas,428.0
980,2014-04-06,parliament,HU311,Borsod-Abaúj-Zemplén,2,sem,634.0
981,2014-04-06,parliament,HU311,Borsod-Abaúj-Zemplén,2,seres maria szovetsegesei,1087.0
982,2014-04-06,parliament,HU311,Borsod-Abaúj-Zemplén,2,szocialdemokratak,950.0
983,2014-04-06,parliament,HU311,Borsod-Abaúj-Zemplén,2,udp,121.0
984,2014-04-06,parliament,HU311,Borsod-Abaúj-Zemplén,2,ump,99.0
985,2014-04-06,parliament,HU311,Borsod-Abaúj-Zemplén,2,zoldek,1033.0
986,2014-04-06,parliament,HU312,Heves,0,eligible_voters,250303.0
987,2014-04-06,parliament,HU312,Heves,1,issued_ballots,158941.0
988,2014-04-06,parliament,HU312,Heves,2,a haza nem,584.0
989,2014-04-06,parliament,HU312,Heves,2,egyutt 2014,311.0
990,2014-04-06,parliament,HU312,Heves,2,fidesz kdnp,61714.0
991,2014-04-06,parliament,HU312,Heves,2,fkgp,176.0
992,2014-04-06,parliament,HU312,Heves,2,jesz,121.0
993,2014-04-06,parliament,HU312,Heves,2,jobbik,47879.0
994,2014-04-06,parliament,HU312,Heves,2,kti,263.0
995,2014-04-06,parliament,HU312,Heves,2,lmp,5379.0
996,2014-04-06,parliament,HU312,Heves,2,mcp,398.0
997,2014-04-06,parliament,HU312,Heves,2,mszp egyutt dk pm mlp,37507.0
998,2014-04-06,parliament,HU312,Heves,2,munkas,872.0
999,2014-04-06,parliament,HU312,Heves,2,osszefogas,199.0
1000,2014-04-06,parliament,HU312,Heves,2,sem,307.0
1001,2014-04-06,parliament,HU312,Heves,2,seres maria szovetsegesei,421.0
1002,2014-04-06,parliament,HU312,Heves,2,szocialdemokratak,435.0
1003,2014-04-06,parliament,HU312,Heves,2,udp,45.0
1004,2014-04-06,parliament,HU312,Heves,2,ump,26.0
1005,2014-04-06,parliament,HU312,Heves,2,zoldek,484.0
1006,2014-04-06,parliament,HU313,Nógrád,0,eligible_voters,165517.0
1007,2014-04-06,parliament,HU313,Nógrád,1,issued_ballots,100987.0
1008,2014-04-06,parliament,HU313,Nógrád,2,a haza nem,521.0
1009,2014-04-06,parliament,HU313,Nógrád,2,egyutt 2014,248.0
1010,2014-04-06,parliament,HU313,Nógrád,2,fidesz kdnp,42763.0
1011,2014-04-06,parliament,HU313,Nógrád,2,fkgp,132.0
1012,2014-04-06,parliament,HU313,Nógrád,2,jesz,117.0
1013,2014-04-06,parliament,HU313,Nógrád,2,jobbik,24265.0
1014,2014-04-06,parliament,HU313,Nógrád,2,kti,236.0
1015,2014-04-06,parliament,HU313,Nógrád,2,lmp,3093.0
1016,2014-04-06,parliament,HU313,Nógrád,2,mcp,393.0
1017,2014-04-06,parliament,HU313,Nógrád,2,mszp egyutt dk pm mlp,24381.0
1018,2014-04-06,parliament,HU313,Nógrád,2,munkas,1255.0
1019,2014-04-06,parliament,HU313,Nógrád,2,osszefogas,79.0
1020,2014-04-06,parliament,HU313,Nógrád,2,sem,198.0
1021,2014-04-06,parliament,HU313,Nógrád,2,seres maria szovetsegesei,628.0
1022,2014-04-06,parliament,HU313,Nógrád,2,szocialdemokratak,234.0
1023,2014-04-06,parliament,HU313,Nógrád,2,udp,27.0
1024,2014-04-06,parliament,HU313,Nógrád,2,ump,14.0
1025,2014-04-06,parliament,HU313,Nógrád,2,zoldek,274.0
1026,2014-04-06,parliament,HU321,Hajdú-Bihar,0,eligible_voters,437300.0
1027,2014-04-06,parliament,HU321,Hajdú-Bihar,1,issued_ballots,250637.0
1028,2014-04-06,parliament,HU321,Hajdú-Bihar,2,a haza nem,1565.0
1029,2014-04-06,parliament,HU321,Hajdú-Bihar,2,egyutt 2014,506.0
1030,2014-04-06,parliament,HU321,Hajdú-Bihar,2,fidesz kdnp,114147.0
1031,2014-04-06,parliament,HU321,Hajdú-Bihar,2,fkgp,375.0
1032,2014-04-06,parliament,HU321,Hajdú-Bihar,2,jesz,647.0
1033,2014-04-06,parliament,HU321,Hajdú-Bihar,2,jobbik,62987.0
1034,2014-04-06,parliament,HU321,Hajdú-Bihar,2,kti,295.0
1035,2014-04-06,parliament,HU321,Hajdú-Bihar,2,lmp,10858.0
1036,2014-04-06,parliament,HU321,Hajdú-Bihar,2,mcp,558.0
1037,2014-04-06,parliament,HU321,Hajdú-Bihar,2,mszp egyutt dk pm mlp,50122.0
1038,2014-04-06,parliament,HU321,Hajdú-Bihar,2,munkas,1311.0
1039,2014-04-06,parliament,HU321,Hajdú-Bihar,2,osszefogas,358.0
1040,2014-04-06,parliament,HU321,Hajdú-Bihar,2,sem,572.0
1041,2014-04-06,parliament,HU321,Hajdú-Bihar,2,seres maria szovetsegesei,1169.0
1042,2014-04-06,parliament,HU321,Hajdú-Bihar,2,szocialdemokratak,748.0
1043,2014-04-06,parliament,HU321,Hajdú-Bihar,2,udp,110.0
1044,2014-04-06,parliament,HU321,Hajdú-Bihar,2,ump,62.0
1045,2014-04-06,parliament,HU321,Hajdú-Bihar,2,zoldek,1061.0
1046,2014-04-06,parliament,HU322,Jász-Nagykun-Szolnok,0,eligible_voters,317940.0
1047,2014-04-06,parliament,HU322,Jász-Nagykun-Szolnok,1,issued_ballots,184780.0
1048,2014-04-06,parliament,HU322,Jász-Nagykun-Szolnok,2,a haza nem,941.0
1049,2014-04-06,parliament,HU322,Jász-Nagykun-Szolnok,2,egyutt 2014,280.0
1050,2014-04-06,parliament,HU322,Jász-Nagykun-Szolnok,2,fidesz kdnp,77400.0
1051,2014-04-06,parliament,HU322,Jász-Nagykun-Szolnok,2,fkgp,417.0
1052,2014-04-06,parliament,HU322,Jász-Nagykun-Szolnok,2,jesz,305.0
1053,2014-04-06,parliament,HU322,Jász-Nagykun-Szolnok,2,jobbik,51655.0
1054,2014-04-06,parliament,HU322,Jász-Nagykun-Szolnok,2,kti,269.0
1055,2014-04-06,parliament,HU322,Jász-Nagykun-Szolnok,2,lmp,6291.0
1056,2014-04-06,parliament,HU322,Jász-Nagykun-Szolnok,2,mcp,310.0
1057,2014-04-06,parliament,HU322,Jász-Nagykun-Szolnok,2,mszp egyutt dk pm mlp,40287.0
1058,2014-04-06,parliament,HU322,Jász-Nagykun-Szolnok,2,munkas,1884.0
1059,2014-04-06,parliament,HU322,Jász-Nagykun-Szolnok,2,osszefogas,153.0
1060,2014-04-06,parliament,HU322,Jász-Nagykun-Szolnok,2,sem,308.0
1061,2014-04-06,parliament,HU322,Jász-Nagykun-Szolnok,2,seres maria szovetsegesei,756.0
1062,2014-04-06,parliament,HU322,Jász-Nagykun-Szolnok,2,szocialdemokratak,445.0
1063,2014-04-06,parliament,HU322,Jász-Nagykun-Szolnok,2,udp,59.0
1064,2014-04-06,parliament,HU322,Jász-Nagykun-Szolnok,2,ump,44.0
1065,2014-04-06,parliament,HU322,Jász-Nagykun-Szolnok,2,zoldek,499.0
1066,2014-04-06,parliament,HU323,Szabolcs-Szatmár-Bereg,0,eligible_voters,452316.0
1067,2014-04-06,parliament,HU323,Szabolcs-Szatmár-Bereg,1,issued_ballots,269525.0
1068,2014-04-06,parliament,HU323,Szabolcs-Szatmár-Bereg,2,a haza nem,933.0
1069,2014-04-06,parliament,HU323,Szabolcs-Szatmár-Bereg,2,egyutt 2014,484.0
1070,2014-04-06,parliament,HU323,Szabolcs-Szatmár-Bereg,2,fidesz kdnp,124421.0
1071,2014-04-06,parliament,HU323,Szabolcs-Szatmár-Bereg,2,fkgp,419.0
1072,2014-04-06,parliament,HU323,Szabolcs-Szatmár-Bereg,2,jesz,539.0
1073,2014-04-06,parliament,HU323,Szabolcs-Szatmár-Bereg,2,jobbik,69444.0
1074,2014-04-06,parliament,HU323,Szabolcs-Szatmár-Bereg,2,kti,351.0
1075,2014-04-06,parliament,HU323,Szabolcs-Szatmár-Bereg,2,lmp,6490.0
1076,2014-04-06,parliament,HU323,Szabolcs-Szatmár-Bereg,2,mcp,1020.0
1077,2014-04-06,parliament,HU323,Szabolcs-Szatmár-Bereg,2,mszp egyutt dk pm mlp,55873.0
1078,2014-04-06,parliament,HU323,Szabolcs-Szatmár-Bereg,2,munkas,1356.0
1079,2014-04-06,parliament,HU323,Szabolcs-Szatmár-Bereg,2,osszefogas,414.0
1080,2014-04-06,parliament,HU323,Szabolcs-Szatmár-Bereg,2,sem,344.0
1081,2014-04-06,parliament,HU323,Szabolcs-Szatmár-Bereg,2,seres maria szovetsegesei,1324.0
1082,2014-04-06,parliament,HU323,Szabolcs-Szatmár-Bereg,2,szocialdemokratak,632.0
1083,2014-04-06,parliament,HU323,Szabolcs-Szatmár-Bereg,2,udp,122.0
1084,2014-04-06,parliament,HU323,Szabolcs-Szatmár-Bereg,2,ump,57.0
1085,2014-04-06,parliament,HU323,Szabolcs-Szatmár-Bereg,2,zoldek,801.0
1086,2014-04-06,parliament,HU331,Bács-Kiskun,0,eligible_voters,430190.0
1087,2014-04-06,parliament,HU331,Bács-Kiskun,1,issued_ballots,245892.0
1088,2014-04-06,parliament,HU331,Bács-Kiskun,2,a haza nem,925.0
1089,2014-04-06,parliament,HU331,Bács-Kiskun,2,egyutt 2014,715.0
1090,2014-04-06,parliament,HU331,Bács-Kiskun,2,fidesz kdnp,122349.0
1091,2014-04-06,parliament,HU331,Bács-Kiskun,2,fkgp,376.0
1092,2014-04-06,parliament,HU331,Bács-Kiskun,2,jesz,486.0
1093,2014-04-06,parliament,HU331,Bács-Kiskun,2,jobbik,51441.0
1094,2014-04-06,parliament,HU331,Bács-Kiskun,2,kti,858.0
1095,2014-04-06,parliament,HU331,Bács-Kiskun,2,lmp,11101.0
1096,2014-04-06,parliament,HU331,Bács-Kiskun,2,mcp,344.0
1097,2014-04-06,parliament,HU331,Bács-Kiskun,2,mszp egyutt dk pm mlp,49338.0
1098,2014-04-06,parliament,HU331,Bács-Kiskun,2,munkas,1328.0
1099,2014-04-06,parliament,HU331,Bács-Kiskun,2,osszefogas,258.0
1100,2014-04-06,parliament,HU331,Bács-Kiskun,2,sem,507.0
1101,2014-04-06,parliament,HU331,Bács-Kiskun,2,seres maria szovetsegesei,962.0
1102,2014-04-06,parliament,HU331,Bács-Kiskun,2,szocialdemokratak,695.0
1103,2014-04-06,parliament,HU331,Bács-Kiskun,2,udp,140.0
1104,2014-04-06,parliament,HU331,Bács-Kiskun,2,ump,79.0
1105,2014-04-06,parliament,HU331,Bács-Kiskun,2,zoldek,827.0
1106,2014-04-06,parliament,HU332,Békés,0,eligible_voters,300398.0
1107,2014-04-06,parliament,HU332,Békés,1,issued_ballots,175624.0
1108,2014-04-06,parliament,HU332,Békés,2,a haza nem,2889.0
1109,2014-04-06,parliament,HU332,Békés,2,egyutt 2014,377.0
1110,2014-04-06,parliament,HU332,Békés,2,fidesz kdnp,76488.0
1111,2014-04-06,parliament,HU332,Békés,2,fkgp,321.0
1112,2014-04-06,parliament,HU332,Békés,2,jesz,207.0
1113,2014-04-06,parliament,HU332,Békés,2,jobbik,40261.0
1114,2014-04-06,parliament,HU332,Békés,2,kti,299.0
1115,2014-04-06,parliament,HU332,Békés,2,lmp,7313.0
1116,2014-04-06,parliament,HU332,Békés,2,mcp,204.0
1117,2014-04-06,parliament,HU332,Békés,2,mszp egyutt dk pm mlp,40366.0
1118,2014-04-06,parliament,HU332,Békés,2,munkas,1839.0
1119,2014-04-06,parliament,HU332,Békés,2,osszefogas,233.0
1120,2014-04-06,parliament,HU332,Békés,2,sem,399.0
1121,2014-04-06,parliament,HU332,Békés,2,seres maria szovetsegesei,747.0
1122,2014-04-06,parliament,HU332,Békés,2,szocialdemokratak,442.0
1123,2014-04-06,parliament,HU332,Békés,2,udp,74.0
1124,2014-04-06,parliament,HU332,Békés,2,ump,73.0
1125,2014-04-06,parliament,HU332,Békés,2,zoldek,543.0
1126,2014-04-06,parliament,HU333,Csongrád-Csanád,0,eligible_voters,340112.0
1127,2014-04-06,parliament,HU333,Csongrád-Csanád,1,issued_ballots,202051.0
1128,2014-04-06,parliament,HU333,Csongrád-Csanád,2,a haza nem,1379.0
1129,2014-04-06,parliament,HU333,Csongrád-Csanád,2,egyutt 2014,593.0
1130,2014-04-06,parliament,HU333,Csongrád-Csanád,2,fidesz kdnp,83306.0
1131,2014-04-06,parliament,HU333,Csongrád-Csanád,2,fkgp,478.0
1132,2014-04-06,parliament,HU333,Csongrád-Csanád,2,jesz,273.0
1133,2014-04-06,parliament,HU333,Csongrád-Csanád,2,jobbik,40390.0
1134,2014-04-06,parliament,HU333,Csongrád-Csanád,2,kti,459.0
1135,2014-04-06,parliament,HU333,Csongrád-Csanád,2,lmp,13356.0
1136,2014-04-06,parliament,HU333,Csongrád-Csanád,2,mcp,178.0
1137,2014-04-06,parliament,HU333,Csongrád-Csanád,2,mszp egyutt dk pm mlp,54091.0
1138,2014-04-06,parliament,HU333,Csongrád-Csanád,2,munkas,1570.0
1139,2014-04-06,parliament,HU333,Csongrád-Csanád,2,osszefogas,190.0
1140,2014-04-06,parliament,HU333,Csongrád-Csanád,2,sem,532.0
1141,2014-04-06,parliament,HU333,Csongrád-Csanád,2,seres maria szovetsegesei,1093.0
1142,2014-04-06,parliament,HU333,Csongrád-Csanád,2,szocialdemokratak,649.0
1143,2014-04-06,parliament,HU333,Csongrád-Csanád,2,udp,122.0
1144,2014-04-06,parliament,HU333,Csongrád-Csanád,2,ump,64.0
1145,2014-04-06,parliament,HU333,Csongrád-Csanád,2,zoldek,1111.0
1146,2014-05-25,european,HU110,Budapest,0,eligible_voters,1352267.0
1147,2014-05-25,european,HU110,Budapest,1,issued_ballots,525130.0
1148,2014-05-25,european,HU110,Budapest,2,a haza nem,1797.0
1149,2014-05-25,european,HU110,Budapest,2,dk,68519.0
1150,2014-05-25,european,HU110,Budapest,2,egyutt pm,68389.0
1151,2014-05-25,european,HU110,Budapest,2,fidesz kdnp,228856.0
1152,2014-05-25,european,HU110,Budapest,2,jobbik,51995.0
1153,2014-05-25,european,HU110,Budapest,2,lmp,41485.0
1154,2014-05-25,european,HU110,Budapest,2,mszp,60171.0
1155,2014-05-25,european,HU110,Budapest,2,sms,1944.0
1156,2014-05-25,european,HU120,Pest,0,eligible_voters,979658.0
1157,2014-05-25,european,HU120,Pest,1,issued_ballots,288828.0
1158,2014-05-25,european,HU120,Pest,2,a haza nem,1629.0
1159,2014-05-25,european,HU120,Pest,2,dk,28639.0
1160,2014-05-25,european,HU120,Pest,2,egyutt pm,22682.0
1161,2014-05-25,european,HU120,Pest,2,fidesz kdnp,151444.0
1162,2014-05-25,european,HU120,Pest,2,jobbik,42131.0
1163,2014-05-25,european,HU120,Pest,2,lmp,15996.0
1164,2014-05-25,european,HU120,Pest,2,mszp,24200.0
1165,2014-05-25,european,HU120,Pest,2,sms,1076.0
1166,2014-05-25,european,HU211,Fejér,0,eligible_voters,347180.0
1167,2014-05-25,european,HU211,Fejér,1,issued_ballots,96249.0
1168,2014-05-25,european,HU211,Fejér,2,a haza nem,462.0
1169,2014-05-25,european,HU211,Fejér,2,dk,9139.0
1170,2014-05-25,european,HU211,Fejér,2,egyutt pm,5716.0
1171,2014-05-25,european,HU211,Fejér,2,fidesz kdnp,52533.0
1172,2014-05-25,european,HU211,Fejér,2,jobbik,14310.0
1173,2014-05-25,european,HU211,Fejér,2,lmp,4351.0
1174,2014-05-25,european,HU211,Fejér,2,mszp,8790.0
1175,2014-05-25,european,HU211,Fejér,2,sms,507.0
1176,2014-05-25,european,HU212,Komárom-Esztergom,0,eligible_voters,250653.0
1177,2014-05-25,european,HU212,Komárom-Esztergom,1,issued_ballots,67564.0
1178,2014-05-25,european,HU212,Komárom-Esztergom,2,a haza nem,420.0
1179,2014-05-25,european,HU212,Komárom-Esztergom,2,dk,7825.0
1180,2014-05-25,european,HU212,Komárom-Esztergom,2,egyutt pm,4050.0
1181,2014-05-25,european,HU212,Komárom-Esztergom,2,fidesz kdnp,34596.0
1182,2014-05-25,european,HU212,Komárom-Esztergom,2,jobbik,9290.0
1183,2014-05-25,european,HU212,Komárom-Esztergom,2,lmp,3033.0
1184,2014-05-25,european,HU212,Komárom-Esztergom,2,mszp,7840.0
1185,2014-05-25,european,HU212,Komárom-Esztergom,2,sms,240.0
1186,2014-05-25,european,HU213,Veszprém,0,eligible_voters,295030.0
1187,2014-05-25,european,HU213,Veszprém,1,issued_ballots,84131.0
1188,2014-05-25,european,HU213,Veszprém,2,a haza nem,404.0
1189,2014-05-25,european,HU213,Veszprém,2,dk,7334.0
1190,2014-05-25,european,HU213,Veszprém,2,egyutt pm,4965.0
1191,2014-05-25,european,HU213,Veszprém,2,fidesz kdnp,46235.0
1192,2014-05-25,european,HU213,Veszprém,2,jobbik,11920.0
1193,2014-05-25,european,HU213,Veszprém,2,lmp,3554.0
1194,2014-05-25,european,HU213,Veszprém,2,mszp,9059.0
1195,2014-05-25,european,HU213,Veszprém,2,sms,314.0
1196,2014-05-25,european,HU221,Győr-Moson-Sopron,0,eligible_voters,359835.0
1197,2014-05-25,european,HU221,Győr-Moson-Sopron,1,issued_ballots,105535.0
1198,2014-05-25,european,HU221,Győr-Moson-Sopron,2,a haza nem,324.0
1199,2014-05-25,european,HU221,Győr-Moson-Sopron,2,dk,8531.0
1200,2014-05-25,european,HU221,Győr-Moson-Sopron,2,egyutt pm,5197.0
1201,2014-05-25,european,HU221,Győr-Moson-Sopron,2,fidesz kdnp,63612.0
1202,2014-05-25,european,HU221,Győr-Moson-Sopron,2,jobbik,13246.0
1203,2014-05-25,european,HU221,Győr-Moson-Sopron,2,lmp,4629.0
1204,2014-05-25,european,HU221,Győr-Moson-Sopron,2,mszp,9130.0
1205,2014-05-25,european,HU221,Győr-Moson-Sopron,2,sms,426.0
1206,2014-05-25,european,HU222,Vas,0,eligible_voters,210318.0
1207,2014-05-25,european,HU222,Vas,1,issued_ballots,64326.0
1208,2014-05-25,european,HU222,Vas,2,a haza nem,213.0
1209,2014-05-25,european,HU222,Vas,2,dk,4405.0
1210,2014-05-25,european,HU222,Vas,2,egyutt pm,3138.0
1211,2014-05-25,european,HU222,Vas,2,fidesz kdnp,39256.0
1212,2014-05-25,european,HU222,Vas,2,jobbik,8008.0
1213,2014-05-25,european,HU222,Vas,2,lmp,2710.0
1214,2014-05-25,european,HU222,Vas,2,mszp,6091.0
1215,2014-05-25,european,HU222,Vas,2,sms,240.0
1216,2014-05-25,european,HU223,Zala,0,eligible_voters,233405.0
1217,2014-05-25,european,HU223,Zala,1,issued_ballots,65369.0
1218,2014-05-25,european,HU223,Zala,2,a haza nem,318.0
1219,2014-05-25,european,HU223,Zala,2,dk,5864.0
1220,2014-05-25,european,HU223,Zala,2,egyutt pm,4587.0
1221,2014-05-25,european,HU223,Zala,2,fidesz kdnp,38891.0
1222,2014-05-25,european,HU223,Zala,2,jobbik,11918.0
1223,2014-05-25,european,HU223,Zala,2,lmp,3358.0
1224,2014-05-25,european,HU223,Zala,2,mszp,6191.0
1225,2014-05-25,european,HU223,Zala,2,sms,255.0
1226,2014-05-25,european,HU231,Baranya,0,eligible_voters,316144.0
1227,2014-05-25,european,HU231,Baranya,1,issued_ballots,84154.0
1228,2014-05-25,european,HU231,Baranya,2,a haza nem,663.0
1229,2014-05-25,european,HU231,Baranya,2,dk,8860.0
1230,2014-05-25,european,HU231,Baranya,2,egyutt pm,5916.0
1231,2014-05-25,european,HU231,Baranya,2,fidesz kdnp,42674.0
1232,2014-05-25,european,HU231,Baranya,2,jobbik,11643.0
1233,2014-05-25,european,HU231,Baranya,2,lmp,4545.0
1234,2014-05-25,european,HU231,Baranya,2,mszp,9220.0
1235,2014-05-25,european,HU231,Baranya,2,sms,307.0
1236,2014-05-25,european,HU232,Somogy,0,eligible_voters,262370.0
1237,2014-05-25,european,HU232,Somogy,1,issued_ballots,69347.0
1238,2014-05-25,european,HU232,Somogy,2,a haza nem,347.0
1239,2014-05-25,european,HU232,Somogy,2,dk,6635.0
1240,2014-05-25,european,HU232,Somogy,2,egyutt pm,3710.0
1241,2014-05-25,european,HU232,Somogy,2,fidesz kdnp,37782.0
1242,2014-05-25,european,HU232,Somogy,2,jobbik,10610.0
1243,2014-05-25,european,HU232,Somogy,2,lmp,2582.0
1244,2014-05-25,european,HU232,Somogy,2,mszp,7161.0
1245,2014-05-25,european,HU232,Somogy,2,sms,243.0
1246,2014-05-25,european,HU233,Tolna,0,eligible_voters,190847.0
1247,2014-05-25,european,HU233,Tolna,1,issued_ballots,48933.0
1248,2014-05-25,european,HU233,Tolna,2,a haza nem,289.0
1249,2014-05-25,european,HU233,Tolna,2,dk,4150.0
1250,2014-05-25,european,HU233,Tolna,2,egyutt pm,2176.0
1251,2014-05-25,european,HU233,Tolna,2,fidesz kdnp,27192.0
1252,2014-05-25,european,HU233,Tolna,2,jobbik,7645.0
1253,2014-05-25,european,HU233,Tolna,2,lmp,1744.0
1254,2014-05-25,european,HU233,Tolna,2,mszp,5371.0
1255,2014-05-25,european,HU233,Tolna,2,sms,151.0
1256,2014-05-25,european,HU311,Borsod-Abaúj-Zemplén,0,eligible_voters,550902.0
1257,2014-05-25,european,HU311,Borsod-Abaúj-Zemplén,1,issued_ballots,141320.0
1258,2014-05-25,european,HU311,Borsod-Abaúj-Zemplén,2,a haza nem,657.0
1259,2014-05-25,european,HU311,Borsod-Abaúj-Zemplén,2,dk,12823.0
1260,2014-05-25,european,HU311,Borsod-Abaúj-Zemplén,2,egyutt pm,6436.0
1261,2014-05-25,european,HU311,Borsod-Abaúj-Zemplén,2,fidesz kdnp,68219.0
1262,2014-05-25,european,HU311,Borsod-Abaúj-Zemplén,2,jobbik,29418.0
1263,2014-05-25,european,HU311,Borsod-Abaúj-Zemplén,2,lmp,3897.0
1264,2014-05-25,european,HU311,Borsod-Abaúj-Zemplén,2,mszp,18627.0
1265,2014-05-25,european,HU311,Borsod-Abaúj-Zemplén,2,sms,606.0
1266,2014-05-25,european,HU312,Heves,0,eligible_voters,249505.0
1267,2014-05-25,european,HU312,Heves,1,issued_ballots,71466.0
1268,2014-05-25,european,HU312,Heves,2,a haza nem,306.0
1269,2014-05-25,european,HU312,Heves,2,dk,6615.0
1270,2014-05-25,european,HU312,Heves,2,egyutt pm,3660.0
1271,2014-05-25,european,HU312,Heves,2,fidesz kdnp,33619.0
1272,2014-05-25,european,HU312,Heves,2,jobbik,16275.0
1273,2014-05-25,european,HU312,Heves,2,lmp,2407.0
1274,2014-05-25,european,HU312,Heves,2,mszp,8019.0
1275,2014-05-25,european,HU312,Heves,2,sms,232.0
1276,2014-05-25,european,HU313,Nógrád,0,eligible_voters,164970.0
1277,2014-05-25,european,HU313,Nógrád,1,issued_ballots,44404.0
1278,2014-05-25,european,HU313,Nógrád,2,a haza nem,311.0
1279,2014-05-25,european,HU313,Nógrád,2,dk,4207.0
1280,2014-05-25,european,HU313,Nógrád,2,egyutt pm,1957.0
1281,2014-05-25,european,HU313,Nógrád,2,fidesz kdnp,22608.0
1282,2014-05-25,european,HU313,Nógrád,2,jobbik,7916.0
1283,2014-05-25,european,HU313,Nógrád,2,lmp,1298.0
1284,2014-05-25,european,HU313,Nógrád,2,mszp,5610.0
1285,2014-05-25,european,HU313,Nógrád,2,sms,289.0
1286,2014-05-25,european,HU321,Hajdú-Bihar,0,eligible_voters,435897.0
1287,2014-05-25,european,HU321,Hajdú-Bihar,1,issued_ballots,103849.0
1288,2014-05-25,european,HU321,Hajdú-Bihar,2,a haza nem,681.0
1289,2014-05-25,european,HU321,Hajdú-Bihar,2,dk,8166.0
1290,2014-05-25,european,HU321,Hajdú-Bihar,2,egyutt pm,4631.0
1291,2014-05-25,european,HU321,Hajdú-Bihar,2,fidesz kdnp,57419.0
1292,2014-05-25,european,HU321,Hajdú-Bihar,2,jobbik,18424.0
1293,2014-05-25,european,HU321,Hajdú-Bihar,2,lmp,4353.0
1294,2014-05-25,european,HU321,Hajdú-Bihar,2,mszp,9289.0
1295,2014-05-25,european,HU321,Hajdú-Bihar,2,sms,449.0
1296,2014-05-25,european,HU322,Jász-Nagykun-Szolnok,0,eligible_voters,316659.0
1297,2014-05-25,european,HU322,Jász-Nagykun-Szolnok,1,issued_ballots,78674.0
1298,2014-05-25,european,HU322,Jász-Nagykun-Szolnok,2,a haza nem,476.0
1299,2014-05-25,european,HU322,Jász-Nagykun-Szolnok,2,dk,6375.0
1300,2014-05-25,european,HU322,Jász-Nagykun-Szolnok,2,egyutt pm,3279.0
1301,2014-05-25,european,HU322,Jász-Nagykun-Szolnok,2,fidesz kdnp,39910.0
1302,2014-05-25,european,HU322,Jász-Nagykun-Szolnok,2,jobbik,16028.0
1303,2014-05-25,european,HU322,Jász-Nagykun-Szolnok,2,lmp,2782.0
1304,2014-05-25,european,HU322,Jász-Nagykun-Szolnok,2,mszp,9117.0
1305,2014-05-25,european,HU322,Jász-Nagykun-Szolnok,2,sms,306.0
1306,2014-05-25,european,HU323,Szabolcs-Szatmár-Bereg,0,eligible_voters,450614.0
1307,2014-05-25,european,HU323,Szabolcs-Szatmár-Bereg,1,issued_ballots,110753.0
1308,2014-05-25,european,HU323,Szabolcs-Szatmár-Bereg,2,a haza nem,478.0
1309,2014-05-25,european,HU323,Szabolcs-Szatmár-Bereg,2,dk,6440.0
1310,2014-05-25,european,HU323,Szabolcs-Szatmár-Bereg,2,egyutt pm,3486.0
1311,2014-05-25,european,HU323,Szabolcs-Szatmár-Bereg,2,fidesz kdnp,62376.0
1312,2014-05-25,european,HU323,Szabolcs-Szatmár-Bereg,2,jobbik,18407.0
1313,2014-05-25,european,HU323,Szabolcs-Szatmár-Bereg,2,lmp,2380.0
1314,2014-05-25,european,HU323,Szabolcs-Szatmár-Bereg,2,mszp,16030.0
1315,2014-05-25,european,HU323,Szabolcs-Szatmár-Bereg,2,sms,555.0
1316,2014-05-25,european,HU331,Bács-Kiskun,0,eligible_voters,429031.0
1317,2014-05-25,european,HU331,Bács-Kiskun,1,issued_ballots,106229.0
1318,2014-05-25,european,HU331,Bács-Kiskun,2,a haza nem,493.0
1319,2014-05-25,european,HU331,Bács-Kiskun,2,dk,7814.0
1320,2014-05-25,european,HU331,Bács-Kiskun,2,egyutt pm,5283.0
1321,2014-05-25,european,HU331,Bács-Kiskun,2,fidesz kdnp,62978.0
1322,2014-05-25,european,HU331,Bács-Kiskun,2,jobbik,15715.0
1323,2014-05-25,european,HU331,Bács-Kiskun,2,lmp,4113.0
1324,2014-05-25,european,HU331,Bács-Kiskun,2,mszp,8992.0
1325,2014-05-25,european,HU331,Bács-Kiskun,2,sms,387.0
1326,2014-05-25,european,HU332,Békés,0,eligible_voters,298853.0
1327,2014-05-25,european,HU332,Békés,1,issued_ballots,75406.0
1328,2014-05-25,european,HU332,Békés,2,a haza nem,1247.0
1329,2014-05-25,european,HU332,Békés,2,dk,6410.0
1330,2014-05-25,european,HU332,Békés,2,egyutt pm,3393.0
1331,2014-05-25,european,HU332,Békés,2,fidesz kdnp,39338.0
1332,2014-05-25,european,HU332,Békés,2,jobbik,12813.0
1333,2014-05-25,european,HU332,Békés,2,lmp,2843.0
1334,2014-05-25,european,HU332,Békés,2,mszp,8666.0
1335,2014-05-25,european,HU332,Békés,2,sms,326.0
1336,2014-05-25,european,HU333,Csongrád-Csanád,0,eligible_voters,339676.0
1337,2014-05-25,european,HU333,Csongrád-Csanád,1,issued_ballots,91315.0
1338,2014-05-25,european,HU333,Csongrád-Csanád,2,a haza nem,604.0
1339,2014-05-25,european,HU333,Csongrád-Csanád,2,dk,7335.0
1340,2014-05-25,european,HU333,Csongrád-Csanád,2,egyutt pm,5425.0
1341,2014-05-25,european,HU333,Csongrád-Csanád,2,fidesz kdnp,44453.0
1342,2014-05-25,european,HU333,Csongrád-Csanád,2,jobbik,12575.0
1343,2014-05-25,european,HU333,Csongrád-Csanád,2,lmp,4844.0
1344,2014-05-25,european,HU333,Csongrád-Csanád,2,mszp,15177.0
1345,2014-05-25,european,HU333,Csongrád-Csanád,2,sms,426.0
1346,2018-04-08,parliament,HU110,Budapest,0,eligible_voters,1323949.0
1347,2018-04-08,parliament,HU110,Budapest,1,issued_ballots,997487.0
1348,2018-04-08,parliament,HU110,Budapest,2,csaladok partja,1363.0
1349,2018-04-08,parliament,HU110,Budapest,2,dk,85724.0
1350,2018-04-08,parliament,HU110,Budapest,2,egyutt,16315.0
1351,2018-04-08,parliament,HU110,Budapest,2,europai roma keresztenyek jobbleteert demokratikus part,134.0
1352,2018-04-08,parliament,HU110,Budapest,2,fidesz kdnp,377864.0
1353,2018-04-08,parliament,HU110,Budapest,2,iranytu part,298.0
1354,2018-04-08,parliament,HU110,Budapest,2,jobbik,128039.0
1355,2018-04-08,parliament,HU110,Budapest,2,kell az osszefogas part,421.0
1356,2018-04-08,parliament,HU110,Budapest,2,kozos nevezo 2018,437.0
1357,2018-04-08,parliament,HU110,Budapest,2,lmp,107349.0
1358,2018-04-08,parliament,HU110,Budapest,2,magyar ketfarku kutya part,27637.0
1359,2018-04-08,parliament,HU110,Budapest,2,magyarorszagi ciganypart,247.0
1360,2018-04-08,parliament,HU110,Budapest,2,magyarorszagon elo dolgozo es tanulo emberek partja,138.0
1361,2018-04-08,parliament,HU110,Budapest,2,miep,1445.0
1362,2018-04-08,parliament,HU110,Budapest,2,momentum,56968.0
1363,2018-04-08,parliament,HU110,Budapest,2,mszp parbeszed,178880.0
1364,2018-04-08,parliament,HU110,Budapest,2,munkas,2530.0
1365,2018-04-08,parliament,HU110,Budapest,2,net part,136.0
1366,2018-04-08,parliament,HU110,Budapest,2,osszefogas,143.0
1367,2018-04-08,parliament,HU110,Budapest,2,rend es elszamoltatas part,228.0
1368,2018-04-08,parliament,HU110,Budapest,2,sportos es egeszseges magyarorszagert part,1206.0
1369,2018-04-08,parliament,HU110,Budapest,2,szegeny emberek magyarorszagert part,341.0
1370,2018-04-08,parliament,HU110,Budapest,2,tenni akaras mozgalom,376.0
1371,2018-04-08,parliament,HU120,Pest,0,eligible_voters,1006438.0
1372,2018-04-08,parliament,HU120,Pest,1,issued_ballots,722933.0
1373,2018-04-08,parliament,HU120,Pest,2,csaladok partja,1318.0
1374,2018-04-08,parliament,HU120,Pest,2,dk,41528.0
1375,2018-04-08,parliament,HU120,Pest,2,egyutt,5692.0
1376,2018-04-08,parliament,HU120,Pest,2,europai roma keresztenyek jobbleteert demokratikus part,126.0
1377,2018-04-08,parliament,HU120,Pest,2,fidesz kdnp,330586.0
1378,2018-04-08,parliament,HU120,Pest,2,iranytu part,238.0
1379,2018-04-08,parliament,HU120,Pest,2,jobbik,136612.0
1380,2018-04-08,parliament,HU120,Pest,2,kell az osszefogas part,378.0
1381,2018-04-08,parliament,HU120,Pest,2,kozos nevezo 2018,403.0
1382,2018-04-08,parliament,HU120,Pest,2,lmp,63849.0
1383,2018-04-08,parliament,HU120,Pest,2,magyar ketfarku kutya part,15202.0
1384,2018-04-08,parliament,HU120,Pest,2,magyarorszagi ciganypart,237.0
1385,2018-04-08,parliament,HU120,Pest,2,magyarorszagon elo dolgozo es tanulo emberek partja,127.0
1386,2018-04-08,parliament,HU120,Pest,2,miep,1385.0
1387,2018-04-08,parliament,HU120,Pest,2,momentum,25409.0
1388,2018-04-08,parliament,HU120,Pest,2,mszp parbeszed,80973.0
1389,2018-04-08,parliament,HU120,Pest,2,munkas,1678.0
1390,2018-04-08,parliament,HU120,Pest,2,net part,137.0
1391,2018-04-08,parliament,HU120,Pest,2,osszefogas,189.0
1392,2018-04-08,parliament,HU120,Pest,2,rend es elszamoltatas part,228.0
1393,2018-04-08,parliament,HU120,Pest,2,sportos es egeszseges magyarorszagert part,1081.0
1394,2018-04-08,parliament,HU120,Pest,2,szegeny emberek magyarorszagert part,264.0
1395,2018-04-08,parliament,HU120,Pest,2,tenni akaras mozgalom,576.0
1396,2018-04-08,parliament,HU211,Fejér,0,eligible_voters,343653.0
1397,2018-04-08,parliament,HU211,Fejér,1,issued_ballots,244034.0
1398,2018-04-08,parliament,HU211,Fejér,2,csaladok partja,530.0
1399,2018-04-08,parliament,HU211,Fejér,2,dk,13264.0
1400,2018-04-08,parliament,HU211,Fejér,2,egyutt,1097.0
1401,2018-04-08,parliament,HU211,Fejér,2,europai roma keresztenyek jobbleteert demokratikus part,35.0
1402,2018-04-08,parliament,HU211,Fejér,2,fidesz kdnp,118724.0
1403,2018-04-08,parliament,HU211,Fejér,2,iranytu part,64.0
1404,2018-04-08,parliament,HU211,Fejér,2,jobbik,52662.0
1405,2018-04-08,parliament,HU211,Fejér,2,kell az osszefogas part,126.0
1406,2018-04-08,parliament,HU211,Fejér,2,kozos nevezo 2018,143.0
1407,2018-04-08,parliament,HU211,Fejér,2,lmp,16028.0
1408,2018-04-08,parliament,HU211,Fejér,2,magyar ketfarku kutya part,3840.0
1409,2018-04-08,parliament,HU211,Fejér,2,magyarorszagi ciganypart,89.0
1410,2018-04-08,parliament,HU211,Fejér,2,magyarorszagon elo dolgozo es tanulo emberek partja,93.0
1411,2018-04-08,parliament,HU211,Fejér,2,miep,389.0
1412,2018-04-08,parliament,HU211,Fejér,2,momentum,7326.0
1413,2018-04-08,parliament,HU211,Fejér,2,mszp parbeszed,24236.0
1414,2018-04-08,parliament,HU211,Fejér,2,munkas,729.0
1415,2018-04-08,parliament,HU211,Fejér,2,net part,63.0
1416,2018-04-08,parliament,HU211,Fejér,2,osszefogas,78.0
1417,2018-04-08,parliament,HU211,Fejér,2,rend es elszamoltatas part,65.0
1418,2018-04-08,parliament,HU211,Fejér,2,sportos es egeszseges magyarorszagert part,350.0
1419,2018-04-08,parliament,HU211,Fejér,2,szegeny emberek magyarorszagert part,154.0
1420,2018-04-08,parliament,HU211,Fejér,2,tenni akaras mozgalom,260.0
1421,2018-04-08,parliament,HU212,Komárom-Esztergom,0,eligible_voters,247501.0
1422,2018-04-08,parliament,HU212,Komárom-Esztergom,1,issued_ballots,173021.0
1423,2018-04-08,parliament,HU212,Komárom-Esztergom,2,csaladok partja,397.0
1424,2018-04-08,parliament,HU212,Komárom-Esztergom,2,dk,11064.0
1425,2018-04-08,parliament,HU212,Komárom-Esztergom,2,egyutt,676.0
1426,2018-04-08,parliament,HU212,Komárom-Esztergom,2,europai roma keresztenyek jobbleteert demokratikus part,17.0
1427,2018-04-08,parliament,HU212,Komárom-Esztergom,2,fidesz kdnp,76416.0
1428,2018-04-08,parliament,HU212,Komárom-Esztergom,2,iranytu part,93.0
1429,2018-04-08,parliament,HU212,Komárom-Esztergom,2,jobbik,39519.0
1430,2018-04-08,parliament,HU212,Komárom-Esztergom,2,kell az osszefogas part,82.0
1431,2018-04-08,parliament,HU212,Komárom-Esztergom,2,kozos nevezo 2018,122.0
1432,2018-04-08,parliament,HU212,Komárom-Esztergom,2,lmp,12546.0
1433,2018-04-08,parliament,HU212,Komárom-Esztergom,2,magyar ketfarku kutya part,3440.0
1434,2018-04-08,parliament,HU212,Komárom-Esztergom,2,magyarorszagi ciganypart,51.0
1435,2018-04-08,parliament,HU212,Komárom-Esztergom,2,magyarorszagon elo dolgozo es tanulo emberek partja,31.0
1436,2018-04-08,parliament,HU212,Komárom-Esztergom,2,miep,259.0
1437,2018-04-08,parliament,HU212,Komárom-Esztergom,2,momentum,4571.0
1438,2018-04-08,parliament,HU212,Komárom-Esztergom,2,mszp parbeszed,19413.0
1439,2018-04-08,parliament,HU212,Komárom-Esztergom,2,munkas,574.0
1440,2018-04-08,parliament,HU212,Komárom-Esztergom,2,net part,36.0
1441,2018-04-08,parliament,HU212,Komárom-Esztergom,2,osszefogas,42.0
1442,2018-04-08,parliament,HU212,Komárom-Esztergom,2,rend es elszamoltatas part,42.0
1443,2018-04-08,parliament,HU212,Komárom-Esztergom,2,sportos es egeszseges magyarorszagert part,239.0
1444,2018-04-08,parliament,HU212,Komárom-Esztergom,2,szegeny emberek magyarorszagert part,120.0
1445,2018-04-08,parliament,HU212,Komárom-Esztergom,2,tenni akaras mozgalom,171.0
1446,2018-04-08,parliament,HU213,Veszprém,0,eligible_voters,286696.0
1447,2018-04-08,parliament,HU213,Veszprém,1,issued_ballots,204668.0
1448,2018-04-08,parliament,HU213,Veszprém,2,csaladok partja,489.0
1449,2018-04-08,parliament,HU213,Veszprém,2,dk,9683.0
1450,2018-04-08,parliament,HU213,Veszprém,2,egyutt,874.0
1451,2018-04-08,parliament,HU213,Veszprém,2,europai roma keresztenyek jobbleteert demokratikus part,21.0
1452,2018-04-08,parliament,HU213,Veszprém,2,fidesz kdnp,103101.0
1453,2018-04-08,parliament,HU213,Veszprém,2,iranytu part,84.0
1454,2018-04-08,parliament,HU213,Veszprém,2,jobbik,41890.0
1455,2018-04-08,parliament,HU213,Veszprém,2,kell az osszefogas part,105.0
1456,2018-04-08,parliament,HU213,Veszprém,2,kozos nevezo 2018,145.0
1457,2018-04-08,parliament,HU213,Veszprém,2,lmp,12497.0
1458,2018-04-08,parliament,HU213,Veszprém,2,magyar ketfarku kutya part,3230.0
1459,2018-04-08,parliament,HU213,Veszprém,2,magyarorszagi ciganypart,53.0
1460,2018-04-08,parliament,HU213,Veszprém,2,magyarorszagon elo dolgozo es tanulo emberek partja,45.0
1461,2018-04-08,parliament,HU213,Veszprém,2,miep,245.0
1462,2018-04-08,parliament,HU213,Veszprém,2,momentum,5115.0
1463,2018-04-08,parliament,HU213,Veszprém,2,mszp parbeszed,22349.0
1464,2018-04-08,parliament,HU213,Veszprém,2,munkas,399.0
1465,2018-04-08,parliament,HU213,Veszprém,2,net part,28.0
1466,2018-04-08,parliament,HU213,Veszprém,2,osszefogas,70.0
1467,2018-04-08,parliament,HU213,Veszprém,2,rend es elszamoltatas part,56.0
1468,2018-04-08,parliament,HU213,Veszprém,2,sportos es egeszseges magyarorszagert part,250.0
1469,2018-04-08,parliament,HU213,Veszprém,2,szegeny emberek magyarorszagert part,107.0
1470,2018-04-08,parliament,HU213,Veszprém,2,tenni akaras mozgalom,248.0
1471,2018-04-08,parliament,HU221,Győr-Moson-Sopron,0,eligible_voters,358924.0
1472,2018-04-08,parliament,HU221,Győr-Moson-Sopron,1,issued_ballots,262028.0
1473,2018-04-08,parliament,HU221,Győr-Moson-Sopron,2,csaladok partja,551.0
1474,2018-04-08,parliament,HU221,Győr-Moson-Sopron,2,dk,12153.0
1475,2018-04-08,parliament,HU221,Győr-Moson-Sopron,2,egyutt,949.0
1476,2018-04-08,parliament,HU221,Győr-Moson-Sopron,2,europai roma keresztenyek jobbleteert demokratikus part,16.0
1477,2018-04-08,parliament,HU221,Győr-Moson-Sopron,2,fidesz kdnp,140586.0
1478,2018-04-08,parliament,HU221,Győr-Moson-Sopron,2,iranytu part,86.0
1479,2018-04-08,parliament,HU221,Győr-Moson-Sopron,2,jobbik,45212.0
1480,2018-04-08,parliament,HU221,Győr-Moson-Sopron,2,kell az osszefogas part,114.0
1481,2018-04-08,parliament,HU221,Győr-Moson-Sopron,2,kozos nevezo 2018,185.0
1482,2018-04-08,parliament,HU221,Győr-Moson-Sopron,2,lmp,18658.0
1483,2018-04-08,parliament,HU221,Győr-Moson-Sopron,2,magyar ketfarku kutya part,4420.0
1484,2018-04-08,parliament,HU221,Győr-Moson-Sopron,2,magyarorszagi ciganypart,53.0
1485,2018-04-08,parliament,HU221,Győr-Moson-Sopron,2,magyarorszagon elo dolgozo es tanulo emberek partja,77.0
1486,2018-04-08,parliament,HU221,Győr-Moson-Sopron,2,miep,370.0
1487,2018-04-08,parliament,HU221,Győr-Moson-Sopron,2,momentum,7937.0
1488,2018-04-08,parliament,HU221,Győr-Moson-Sopron,2,mszp parbeszed,25036.0
1489,2018-04-08,parliament,HU221,Győr-Moson-Sopron,2,munkas,552.0
1490,2018-04-08,parliament,HU221,Győr-Moson-Sopron,2,net part,49.0
1491,2018-04-08,parliament,HU221,Győr-Moson-Sopron,2,osszefogas,76.0
1492,2018-04-08,parliament,HU221,Győr-Moson-Sopron,2,rend es elszamoltatas part,77.0
1493,2018-04-08,parliament,HU221,Győr-Moson-Sopron,2,sportos es egeszseges magyarorszagert part,413.0
1494,2018-04-08,parliament,HU221,Győr-Moson-Sopron,2,szegeny emberek magyarorszagert part,193.0
1495,2018-04-08,parliament,HU221,Győr-Moson-Sopron,2,tenni akaras mozgalom,207.0
1496,2018-04-08,parliament,HU222,Vas,0,eligible_voters,206765.0
1497,2018-04-08,parliament,HU222,Vas,1,issued_ballots,153363.0
1498,2018-04-08,parliament,HU222,Vas,2,csaladok partja,306.0
1499,2018-04-08,parliament,HU222,Vas,2,dk,5960.0
1500,2018-04-08,parliament,HU222,Vas,2,egyutt,573.0
1501,2018-04-08,parliament,HU222,Vas,2,europai roma keresztenyek jobbleteert demokratikus part,17.0
1502,2018-04-08,parliament,HU222,Vas,2,fidesz kdnp,87695.0
1503,2018-04-08,parliament,HU222,Vas,2,iranytu part,32.0
1504,2018-04-08,parliament,HU222,Vas,2,jobbik,22793.0
1505,2018-04-08,parliament,HU222,Vas,2,kell az osszefogas part,65.0
1506,2018-04-08,parliament,HU222,Vas,2,kozos nevezo 2018,123.0
1507,2018-04-08,parliament,HU222,Vas,2,lmp,9584.0
1508,2018-04-08,parliament,HU222,Vas,2,magyar ketfarku kutya part,2193.0
1509,2018-04-08,parliament,HU222,Vas,2,magyarorszagi ciganypart,52.0
1510,2018-04-08,parliament,HU222,Vas,2,magyarorszagon elo dolgozo es tanulo emberek partja,40.0
1511,2018-04-08,parliament,HU222,Vas,2,miep,194.0
1512,2018-04-08,parliament,HU222,Vas,2,momentum,3757.0
1513,2018-04-08,parliament,HU222,Vas,2,mszp parbeszed,16906.0
1514,2018-04-08,parliament,HU222,Vas,2,munkas,228.0
1515,2018-04-08,parliament,HU222,Vas,2,net part,39.0
1516,2018-04-08,parliament,HU222,Vas,2,osszefogas,56.0
1517,2018-04-08,parliament,HU222,Vas,2,rend es elszamoltatas part,41.0
1518,2018-04-08,parliament,HU222,Vas,2,sportos es egeszseges magyarorszagert part,198.0
1519,2018-04-08,parliament,HU222,Vas,2,szegeny emberek magyarorszagert part,135.0
1520,2018-04-08,parliament,HU222,Vas,2,tenni akaras mozgalom,150.0
1521,2018-04-08,parliament,HU223,Zala,0,eligible_voters,227387.0
1522,2018-04-08,parliament,HU223,Zala,1,issued_ballots,162203.0
1523,2018-04-08,parliament,HU223,Zala,2,csaladok partja,321.0
1524,2018-04-08,parliament,HU223,Zala,2,dk,8366.0
1525,2018-04-08,parliament,HU223,Zala,2,egyutt,576.0
1526,2018-04-08,parliament,HU223,Zala,2,europai roma keresztenyek jobbleteert demokratikus part,24.0
1527,2018-04-08,parliament,HU223,Zala,2,fidesz kdnp,84426.0
1528,2018-04-08,parliament,HU223,Zala,2,iranytu part,80.0
1529,2018-04-08,parliament,HU223,Zala,2,jobbik,33415.0
1530,2018-04-08,parliament,HU223,Zala,2,kell az osszefogas part,108.0
1531,2018-04-08,parliament,HU223,Zala,2,kozos nevezo 2018,92.0
1532,2018-04-08,parliament,HU223,Zala,2,lmp,10126.0
1533,2018-04-08,parliament,HU223,Zala,2,magyar ketfarku kutya part,2016.0
1534,2018-04-08,parliament,HU223,Zala,2,magyarorszagi ciganypart,71.0
1535,2018-04-08,parliament,HU223,Zala,2,magyarorszagon elo dolgozo es tanulo emberek partja,47.0
1536,2018-04-08,parliament,HU223,Zala,2,miep,203.0
1537,2018-04-08,parliament,HU223,Zala,2,momentum,3985.0
1538,2018-04-08,parliament,HU223,Zala,2,mszp parbeszed,15916.0
1539,2018-04-08,parliament,HU223,Zala,2,munkas,270.0
1540,2018-04-08,parliament,HU223,Zala,2,net part,47.0
1541,2018-04-08,parliament,HU223,Zala,2,osszefogas,43.0
1542,2018-04-08,parliament,HU223,Zala,2,rend es elszamoltatas part,40.0
1543,2018-04-08,parliament,HU223,Zala,2,sportos es egeszseges magyarorszagert part,200.0
1544,2018-04-08,parliament,HU223,Zala,2,szegeny emberek magyarorszagert part,131.0
1545,2018-04-08,parliament,HU223,Zala,2,tenni akaras mozgalom,282.0
1546,2018-04-08,parliament,HU231,Baranya,0,eligible_voters,308222.0
1547,2018-04-08,parliament,HU231,Baranya,1,issued_ballots,209974.0
1548,2018-04-08,parliament,HU231,Baranya,2,csaladok partja,522.0
1549,2018-04-08,parliament,HU231,Baranya,2,dk,13096.0
1550,2018-04-08,parliament,HU231,Baranya,2,egyutt,1307.0
1551,2018-04-08,parliament,HU231,Baranya,2,europai roma keresztenyek jobbleteert demokratikus part,46.0
1552,2018-04-08,parliament,HU231,Baranya,2,fidesz kdnp,90291.0
1553,2018-04-08,parliament,HU231,Baranya,2,iranytu part,77.0
1554,2018-04-08,parliament,HU231,Baranya,2,jobbik,40045.0
1555,2018-04-08,parliament,HU231,Baranya,2,kell az osszefogas part,112.0
1556,2018-04-08,parliament,HU231,Baranya,2,kozos nevezo 2018,152.0
1557,2018-04-08,parliament,HU231,Baranya,2,lmp,16868.0
1558,2018-04-08,parliament,HU231,Baranya,2,magyar ketfarku kutya part,3812.0
1559,2018-04-08,parliament,HU231,Baranya,2,magyarorszagi ciganypart,171.0
1560,2018-04-08,parliament,HU231,Baranya,2,magyarorszagon elo dolgozo es tanulo emberek partja,38.0
1561,2018-04-08,parliament,HU231,Baranya,2,miep,334.0
1562,2018-04-08,parliament,HU231,Baranya,2,momentum,5623.0
1563,2018-04-08,parliament,HU231,Baranya,2,mszp parbeszed,24971.0
1564,2018-04-08,parliament,HU231,Baranya,2,munkas,552.0
1565,2018-04-08,parliament,HU231,Baranya,2,net part,37.0
1566,2018-04-08,parliament,HU231,Baranya,2,osszefogas,71.0
1567,2018-04-08,parliament,HU231,Baranya,2,rend es elszamoltatas part,53.0
1568,2018-04-08,parliament,HU231,Baranya,2,sportos es egeszseges magyarorszagert part,325.0
1569,2018-04-08,parliament,HU231,Baranya,2,szegeny emberek magyarorszagert part,129.0
1570,2018-04-08,parliament,HU231,Baranya,2,tenni akaras mozgalom,197.0
1571,2018-04-08,parliament,HU232,Somogy,0,eligible_voters,254528.0
1572,2018-04-08,parliament,HU232,Somogy,1,issued_ballots,172986.0
1573,2018-04-08,parliament,HU232,Somogy,2,csaladok partja,327.0
1574,2018-04-08,parliament,HU232,Somogy,2,dk,9361.0
1575,2018-04-08,parliament,HU232,Somogy,2,egyutt,725.0
1576,2018-04-08,parliament,HU232,Somogy,2,europai roma keresztenyek jobbleteert demokratikus part,60.0
1577,2018-04-08,parliament,HU232,Somogy,2,fidesz kdnp,85128.0
1578,2018-04-08,parliament,HU232,Somogy,2,iranytu part,63.0
1579,2018-04-08,parliament,HU232,Somogy,2,jobbik,40259.0
1580,2018-04-08,parliament,HU232,Somogy,2,kell az osszefogas part,95.0
1581,2018-04-08,parliament,HU232,Somogy,2,kozos nevezo 2018,112.0
1582,2018-04-08,parliament,HU232,Somogy,2,lmp,9003.0
1583,2018-04-08,parliament,HU232,Somogy,2,magyar ketfarku kutya part,1999.0
1584,2018-04-08,parliament,HU232,Somogy,2,magyarorszagi ciganypart,140.0
1585,2018-04-08,parliament,HU232,Somogy,2,magyarorszagon elo dolgozo es tanulo emberek partja,43.0
1586,2018-04-08,parliament,HU232,Somogy,2,miep,202.0
1587,2018-04-08,parliament,HU232,Somogy,2,momentum,3610.0
1588,2018-04-08,parliament,HU232,Somogy,2,mszp parbeszed,17688.0
1589,2018-04-08,parliament,HU232,Somogy,2,munkas,405.0
1590,2018-04-08,parliament,HU232,Somogy,2,net part,36.0
1591,2018-04-08,parliament,HU232,Somogy,2,osszefogas,54.0
1592,2018-04-08,parliament,HU232,Somogy,2,rend es elszamoltatas part,44.0
1593,2018-04-08,parliament,HU232,Somogy,2,sportos es egeszseges magyarorszagert part,186.0
1594,2018-04-08,parliament,HU232,Somogy,2,szegeny emberek magyarorszagert part,117.0
1595,2018-04-08,parliament,HU232,Somogy,2,tenni akaras mozgalom,228.0
1596,2018-04-08,parliament,HU233,Tolna,0,eligible_voters,185042.0
1597,2018-04-08,parliament,HU233,Tolna,1,issued_ballots,124854.0
1598,2018-04-08,parliament,HU233,Tolna,2,csaladok partja,215.0
1599,2018-04-08,parliament,HU233,Tolna,2,dk,5673.0
1600,2018-04-08,parliament,HU233,Tolna,2,egyutt,388.0
1601,2018-04-08,parliament,HU233,Tolna,2,europai roma keresztenyek jobbleteert demokratikus part,18.0
1602,2018-04-08,parliament,HU233,Tolna,2,fidesz kdnp,66319.0
1603,2018-04-08,parliament,HU233,Tolna,2,iranytu part,53.0
1604,2018-04-08,parliament,HU233,Tolna,2,jobbik,21833.0
1605,2018-04-08,parliament,HU233,Tolna,2,kell az osszefogas part,51.0
1606,2018-04-08,parliament,HU233,Tolna,2,kozos nevezo 2018,88.0
1607,2018-04-08,parliament,HU233,Tolna,2,lmp,8835.0
1608,2018-04-08,parliament,HU233,Tolna,2,magyar ketfarku kutya part,1682.0
1609,2018-04-08,parliament,HU233,Tolna,2,magyarorszagi ciganypart,68.0
1610,2018-04-08,parliament,HU233,Tolna,2,magyarorszagon elo dolgozo es tanulo emberek partja,26.0
1611,2018-04-08,parliament,HU233,Tolna,2,miep,230.0
1612,2018-04-08,parliament,HU233,Tolna,2,momentum,2577.0
1613,2018-04-08,parliament,HU233,Tolna,2,mszp parbeszed,12479.0
1614,2018-04-08,parliament,HU233,Tolna,2,munkas,346.0
1615,2018-04-08,parliament,HU233,Tolna,2,net part,23.0
1616,2018-04-08,parliament,HU233,Tolna,2,osszefogas,35.0
1617,2018-04-08,parliament,HU233,Tolna,2,rend es elszamoltatas part,40.0
1618,2018-04-08,parliament,HU233,Tolna,2,sportos es egeszseges magyarorszagert part,151.0
1619,2018-04-08,parliament,HU233,Tolna,2,szegeny emberek magyarorszagert part,101.0
1620,2018-04-08,parliament,HU233,Tolna,2,tenni akaras mozgalom,159.0
1621,2018-04-08,parliament,HU311,Borsod-Abaúj-Zemplén,0,eligible_voters,536705.0
1622,2018-04-08,parliament,HU311,Borsod-Abaúj-Zemplén,1,issued_ballots,353345.0
1623,2018-04-08,parliament,HU311,Borsod-Abaúj-Zemplén,2,csaladok partja,654.0
1624,2018-04-08,parliament,HU311,Borsod-Abaúj-Zemplén,2,dk,16132.0
1625,2018-04-08,parliament,HU311,Borsod-Abaúj-Zemplén,2,egyutt,1096.0
1626,2018-04-08,parliament,HU311,Borsod-Abaúj-Zemplén,2,europai roma keresztenyek jobbleteert demokratikus part,146.0
1627,2018-04-08,parliament,HU311,Borsod-Abaúj-Zemplén,2,fidesz kdnp,159115.0
1628,2018-04-08,parliament,HU311,Borsod-Abaúj-Zemplén,2,iranytu part,127.0
1629,2018-04-08,parliament,HU311,Borsod-Abaúj-Zemplén,2,jobbik,92502.0
1630,2018-04-08,parliament,HU311,Borsod-Abaúj-Zemplén,2,kell az osszefogas part,163.0
1631,2018-04-08,parliament,HU311,Borsod-Abaúj-Zemplén,2,kozos nevezo 2018,286.0
1632,2018-04-08,parliament,HU311,Borsod-Abaúj-Zemplén,2,lmp,17022.0
1633,2018-04-08,parliament,HU311,Borsod-Abaúj-Zemplén,2,magyar ketfarku kutya part,3967.0
1634,2018-04-08,parliament,HU311,Borsod-Abaúj-Zemplén,2,magyarorszagi ciganypart,1368.0
1635,2018-04-08,parliament,HU311,Borsod-Abaúj-Zemplén,2,magyarorszagon elo dolgozo es tanulo emberek partja,122.0
1636,2018-04-08,parliament,HU311,Borsod-Abaúj-Zemplén,2,miep,563.0
1637,2018-04-08,parliament,HU311,Borsod-Abaúj-Zemplén,2,momentum,6182.0
1638,2018-04-08,parliament,HU311,Borsod-Abaúj-Zemplén,2,mszp parbeszed,44477.0
1639,2018-04-08,parliament,HU311,Borsod-Abaúj-Zemplén,2,munkas,1452.0
1640,2018-04-08,parliament,HU311,Borsod-Abaúj-Zemplén,2,net part,72.0
1641,2018-04-08,parliament,HU311,Borsod-Abaúj-Zemplén,2,osszefogas,93.0
1642,2018-04-08,parliament,HU311,Borsod-Abaúj-Zemplén,2,rend es elszamoltatas part,146.0
1643,2018-04-08,parliament,HU311,Borsod-Abaúj-Zemplén,2,sportos es egeszseges magyarorszagert part,349.0
1644,2018-04-08,parliament,HU311,Borsod-Abaúj-Zemplén,2,szegeny emberek magyarorszagert part,253.0
1645,2018-04-08,parliament,HU311,Borsod-Abaúj-Zemplén,2,tenni akaras mozgalom,362.0
1646,2018-04-08,parliament,HU312,Heves,0,eligible_voters,244086.0
1647,2018-04-08,parliament,HU312,Heves,1,issued_ballots,171247.0
1648,2018-04-08,parliament,HU312,Heves,2,csaladok partja,338.0
1649,2018-04-08,parliament,HU312,Heves,2,dk,8585.0
1650,2018-04-08,parliament,HU312,Heves,2,egyutt,526.0
1651,2018-04-08,parliament,HU312,Heves,2,europai roma keresztenyek jobbleteert demokratikus part,72.0
1652,2018-04-08,parliament,HU312,Heves,2,fidesz kdnp,80198.0
1653,2018-04-08,parliament,HU312,Heves,2,iranytu part,47.0
1654,2018-04-08,parliament,HU312,Heves,2,jobbik,46643.0
1655,2018-04-08,parliament,HU312,Heves,2,kell az osszefogas part,70.0
1656,2018-04-08,parliament,HU312,Heves,2,kozos nevezo 2018,95.0
1657,2018-04-08,parliament,HU312,Heves,2,lmp,8410.0
1658,2018-04-08,parliament,HU312,Heves,2,magyar ketfarku kutya part,2191.0
1659,2018-04-08,parliament,HU312,Heves,2,magyarorszagi ciganypart,87.0
1660,2018-04-08,parliament,HU312,Heves,2,magyarorszagon elo dolgozo es tanulo emberek partja,43.0
1661,2018-04-08,parliament,HU312,Heves,2,miep,227.0
1662,2018-04-08,parliament,HU312,Heves,2,momentum,3436.0
1663,2018-04-08,parliament,HU312,Heves,2,mszp parbeszed,17013.0
1664,2018-04-08,parliament,HU312,Heves,2,munkas,376.0
1665,2018-04-08,parliament,HU312,Heves,2,net part,25.0
1666,2018-04-08,parliament,HU312,Heves,2,osszefogas,51.0
1667,2018-04-08,parliament,HU312,Heves,2,rend es elszamoltatas part,75.0
1668,2018-04-08,parliament,HU312,Heves,2,sportos es egeszseges magyarorszagert part,189.0
1669,2018-04-08,parliament,HU312,Heves,2,szegeny emberek magyarorszagert part,73.0
1670,2018-04-08,parliament,HU312,Heves,2,tenni akaras mozgalom,172.0
1671,2018-04-08,parliament,HU313,Nógrád,0,eligible_voters,159906.0
1672,2018-04-08,parliament,HU313,Nógrád,1,issued_ballots,108246.0
1673,2018-04-08,parliament,HU313,Nógrád,2,csaladok partja,148.0
1674,2018-04-08,parliament,HU313,Nógrád,2,dk,5062.0
1675,2018-04-08,parliament,HU313,Nógrád,2,egyutt,343.0
1676,2018-04-08,parliament,HU313,Nógrád,2,europai roma keresztenyek jobbleteert demokratikus part,23.0
1677,2018-04-08,parliament,HU313,Nógrád,2,fidesz kdnp,54066.0
1678,2018-04-08,parliament,HU313,Nógrád,2,iranytu part,30.0
1679,2018-04-08,parliament,HU313,Nógrád,2,jobbik,22658.0
1680,2018-04-08,parliament,HU313,Nógrád,2,kell az osszefogas part,69.0
1681,2018-04-08,parliament,HU313,Nógrád,2,kozos nevezo 2018,69.0
1682,2018-04-08,parliament,HU313,Nógrád,2,lmp,5358.0
1683,2018-04-08,parliament,HU313,Nógrád,2,magyar ketfarku kutya part,1214.0
1684,2018-04-08,parliament,HU313,Nógrád,2,magyarorszagi ciganypart,88.0
1685,2018-04-08,parliament,HU313,Nógrád,2,magyarorszagon elo dolgozo es tanulo emberek partja,18.0
1686,2018-04-08,parliament,HU313,Nógrád,2,miep,112.0
1687,2018-04-08,parliament,HU313,Nógrád,2,momentum,1609.0
1688,2018-04-08,parliament,HU313,Nógrád,2,mszp parbeszed,13031.0
1689,2018-04-08,parliament,HU313,Nógrád,2,munkas,739.0
1690,2018-04-08,parliament,HU313,Nógrád,2,net part,20.0
1691,2018-04-08,parliament,HU313,Nógrád,2,osszefogas,18.0
1692,2018-04-08,parliament,HU313,Nógrád,2,rend es elszamoltatas part,47.0
1693,2018-04-08,parliament,HU313,Nógrád,2,sportos es egeszseges magyarorszagert part,99.0
1694,2018-04-08,parliament,HU313,Nógrád,2,szegeny emberek magyarorszagert part,48.0
1695,2018-04-08,parliament,HU313,Nógrád,2,tenni akaras mozgalom,183.0
1696,2018-04-08,parliament,HU321,Hajdú-Bihar,0,eligible_voters,433242.0
1697,2018-04-08,parliament,HU321,Hajdú-Bihar,1,issued_ballots,284197.0
1698,2018-04-08,parliament,HU321,Hajdú-Bihar,2,csaladok partja,559.0
1699,2018-04-08,parliament,HU321,Hajdú-Bihar,2,dk,11942.0
1700,2018-04-08,parliament,HU321,Hajdú-Bihar,2,egyutt,1355.0
1701,2018-04-08,parliament,HU321,Hajdú-Bihar,2,europai roma keresztenyek jobbleteert demokratikus part,58.0
1702,2018-04-08,parliament,HU321,Hajdú-Bihar,2,fidesz kdnp,143876.0
1703,2018-04-08,parliament,HU321,Hajdú-Bihar,2,iranytu part,167.0
1704,2018-04-08,parliament,HU321,Hajdú-Bihar,2,jobbik,59828.0
1705,2018-04-08,parliament,HU321,Hajdú-Bihar,2,kell az osszefogas part,130.0
1706,2018-04-08,parliament,HU321,Hajdú-Bihar,2,kozos nevezo 2018,239.0
1707,2018-04-08,parliament,HU321,Hajdú-Bihar,2,lmp,17173.0
1708,2018-04-08,parliament,HU321,Hajdú-Bihar,2,magyar ketfarku kutya part,4323.0
1709,2018-04-08,parliament,HU321,Hajdú-Bihar,2,magyarorszagi ciganypart,237.0
1710,2018-04-08,parliament,HU321,Hajdú-Bihar,2,magyarorszagon elo dolgozo es tanulo emberek partja,80.0
1711,2018-04-08,parliament,HU321,Hajdú-Bihar,2,miep,406.0
1712,2018-04-08,parliament,HU321,Hajdú-Bihar,2,momentum,7595.0
1713,2018-04-08,parliament,HU321,Hajdú-Bihar,2,mszp parbeszed,30137.0
1714,2018-04-08,parliament,HU321,Hajdú-Bihar,2,munkas,952.0
1715,2018-04-08,parliament,HU321,Hajdú-Bihar,2,net part,61.0
1716,2018-04-08,parliament,HU321,Hajdú-Bihar,2,osszefogas,62.0
1717,2018-04-08,parliament,HU321,Hajdú-Bihar,2,rend es elszamoltatas part,87.0
1718,2018-04-08,parliament,HU321,Hajdú-Bihar,2,sportos es egeszseges magyarorszagert part,390.0
1719,2018-04-08,parliament,HU321,Hajdú-Bihar,2,szegeny emberek magyarorszagert part,161.0
1720,2018-04-08,parliament,HU321,Hajdú-Bihar,2,tenni akaras mozgalom,353.0
1721,2018-04-08,parliament,HU322,Jász-Nagykun-Szolnok,0,eligible_voters,308202.0
1722,2018-04-08,parliament,HU322,Jász-Nagykun-Szolnok,1,issued_ballots,204499.0
1723,2018-04-08,parliament,HU322,Jász-Nagykun-Szolnok,2,csaladok partja,444.0
1724,2018-04-08,parliament,HU322,Jász-Nagykun-Szolnok,2,dk,8529.0
1725,2018-04-08,parliament,HU322,Jász-Nagykun-Szolnok,2,egyutt,650.0
1726,2018-04-08,parliament,HU322,Jász-Nagykun-Szolnok,2,europai roma keresztenyek jobbleteert demokratikus part,19.0
1727,2018-04-08,parliament,HU322,Jász-Nagykun-Szolnok,2,fidesz kdnp,97663.0
1728,2018-04-08,parliament,HU322,Jász-Nagykun-Szolnok,2,iranytu part,59.0
1729,2018-04-08,parliament,HU322,Jász-Nagykun-Szolnok,2,jobbik,53146.0
1730,2018-04-08,parliament,HU322,Jász-Nagykun-Szolnok,2,kell az osszefogas part,79.0
1731,2018-04-08,parliament,HU322,Jász-Nagykun-Szolnok,2,kozos nevezo 2018,121.0
1732,2018-04-08,parliament,HU322,Jász-Nagykun-Szolnok,2,lmp,10203.0
1733,2018-04-08,parliament,HU322,Jász-Nagykun-Szolnok,2,magyar ketfarku kutya part,2548.0
1734,2018-04-08,parliament,HU322,Jász-Nagykun-Szolnok,2,magyarorszagi ciganypart,122.0
1735,2018-04-08,parliament,HU322,Jász-Nagykun-Szolnok,2,magyarorszagon elo dolgozo es tanulo emberek partja,48.0
1736,2018-04-08,parliament,HU322,Jász-Nagykun-Szolnok,2,miep,349.0
1737,2018-04-08,parliament,HU322,Jász-Nagykun-Szolnok,2,momentum,3949.0
1738,2018-04-08,parliament,HU322,Jász-Nagykun-Szolnok,2,mszp parbeszed,21243.0
1739,2018-04-08,parliament,HU322,Jász-Nagykun-Szolnok,2,munkas,1017.0
1740,2018-04-08,parliament,HU322,Jász-Nagykun-Szolnok,2,net part,47.0
1741,2018-04-08,parliament,HU322,Jász-Nagykun-Szolnok,2,osszefogas,52.0
1742,2018-04-08,parliament,HU322,Jász-Nagykun-Szolnok,2,rend es elszamoltatas part,64.0
1743,2018-04-08,parliament,HU322,Jász-Nagykun-Szolnok,2,sportos es egeszseges magyarorszagert part,217.0
1744,2018-04-08,parliament,HU322,Jász-Nagykun-Szolnok,2,szegeny emberek magyarorszagert part,89.0
1745,2018-04-08,parliament,HU322,Jász-Nagykun-Szolnok,2,tenni akaras mozgalom,218.0
1746,2018-04-08,parliament,HU323,Szabolcs-Szatmár-Bereg,0,eligible_voters,456483.0
1747,2018-04-08,parliament,HU323,Szabolcs-Szatmár-Bereg,1,issued_ballots,304133.0
1748,2018-04-08,parliament,HU323,Szabolcs-Szatmár-Bereg,2,csaladok partja,470.0
1749,2018-04-08,parliament,HU323,Szabolcs-Szatmár-Bereg,2,dk,11432.0
1750,2018-04-08,parliament,HU323,Szabolcs-Szatmár-Bereg,2,egyutt,896.0
1751,2018-04-08,parliament,HU323,Szabolcs-Szatmár-Bereg,2,europai roma keresztenyek jobbleteert demokratikus part,70.0
1752,2018-04-08,parliament,HU323,Szabolcs-Szatmár-Bereg,2,fidesz kdnp,162244.0
1753,2018-04-08,parliament,HU323,Szabolcs-Szatmár-Bereg,2,iranytu part,120.0
1754,2018-04-08,parliament,HU323,Szabolcs-Szatmár-Bereg,2,jobbik,67117.0
1755,2018-04-08,parliament,HU323,Szabolcs-Szatmár-Bereg,2,kell az osszefogas part,175.0
1756,2018-04-08,parliament,HU323,Szabolcs-Szatmár-Bereg,2,kozos nevezo 2018,491.0
1757,2018-04-08,parliament,HU323,Szabolcs-Szatmár-Bereg,2,lmp,11374.0
1758,2018-04-08,parliament,HU323,Szabolcs-Szatmár-Bereg,2,magyar ketfarku kutya part,2644.0
1759,2018-04-08,parliament,HU323,Szabolcs-Szatmár-Bereg,2,magyarorszagi ciganypart,504.0
1760,2018-04-08,parliament,HU323,Szabolcs-Szatmár-Bereg,2,magyarorszagon elo dolgozo es tanulo emberek partja,76.0
1761,2018-04-08,parliament,HU323,Szabolcs-Szatmár-Bereg,2,miep,727.0
1762,2018-04-08,parliament,HU323,Szabolcs-Szatmár-Bereg,2,momentum,5015.0
1763,2018-04-08,parliament,HU323,Szabolcs-Szatmár-Bereg,2,mszp parbeszed,33408.0
1764,2018-04-08,parliament,HU323,Szabolcs-Szatmár-Bereg,2,munkas,636.0
1765,2018-04-08,parliament,HU323,Szabolcs-Szatmár-Bereg,2,net part,98.0
1766,2018-04-08,parliament,HU323,Szabolcs-Szatmár-Bereg,2,osszefogas,90.0
1767,2018-04-08,parliament,HU323,Szabolcs-Szatmár-Bereg,2,rend es elszamoltatas part,105.0
1768,2018-04-08,parliament,HU323,Szabolcs-Szatmár-Bereg,2,sportos es egeszseges magyarorszagert part,304.0
1769,2018-04-08,parliament,HU323,Szabolcs-Szatmár-Bereg,2,szegeny emberek magyarorszagert part,166.0
1770,2018-04-08,parliament,HU323,Szabolcs-Szatmár-Bereg,2,tenni akaras mozgalom,288.0
1771,2018-04-08,parliament,HU331,Bács-Kiskun,0,eligible_voters,421898.0
1772,2018-04-08,parliament,HU331,Bács-Kiskun,1,issued_ballots,283990.0
1773,2018-04-08,parliament,HU331,Bács-Kiskun,2,csaladok partja,590.0
1774,2018-04-08,parliament,HU331,Bács-Kiskun,2,dk,11441.0
1775,2018-04-08,parliament,HU331,Bács-Kiskun,2,egyutt,949.0
1776,2018-04-08,parliament,HU331,Bács-Kiskun,2,europai roma keresztenyek jobbleteert demokratikus part,41.0
1777,2018-04-08,parliament,HU331,Bács-Kiskun,2,fidesz kdnp,151870.0
1778,2018-04-08,parliament,HU331,Bács-Kiskun,2,iranytu part,113.0
1779,2018-04-08,parliament,HU331,Bács-Kiskun,2,jobbik,55643.0
1780,2018-04-08,parliament,HU331,Bács-Kiskun,2,kell az osszefogas part,145.0
1781,2018-04-08,parliament,HU331,Bács-Kiskun,2,kozos nevezo 2018,219.0
1782,2018-04-08,parliament,HU331,Bács-Kiskun,2,lmp,17842.0
1783,2018-04-08,parliament,HU331,Bács-Kiskun,2,magyar ketfarku kutya part,4172.0
1784,2018-04-08,parliament,HU331,Bács-Kiskun,2,magyarorszagi ciganypart,117.0
1785,2018-04-08,parliament,HU331,Bács-Kiskun,2,magyarorszagon elo dolgozo es tanulo emberek partja,72.0
1786,2018-04-08,parliament,HU331,Bács-Kiskun,2,miep,361.0
1787,2018-04-08,parliament,HU331,Bács-Kiskun,2,momentum,7459.0
1788,2018-04-08,parliament,HU331,Bács-Kiskun,2,mszp parbeszed,26352.0
1789,2018-04-08,parliament,HU331,Bács-Kiskun,2,munkas,689.0
1790,2018-04-08,parliament,HU331,Bács-Kiskun,2,net part,53.0
1791,2018-04-08,parliament,HU331,Bács-Kiskun,2,osszefogas,64.0
1792,2018-04-08,parliament,HU331,Bács-Kiskun,2,rend es elszamoltatas part,83.0
1793,2018-04-08,parliament,HU331,Bács-Kiskun,2,sportos es egeszseges magyarorszagert part,501.0
1794,2018-04-08,parliament,HU331,Bács-Kiskun,2,szegeny emberek magyarorszagert part,170.0
1795,2018-04-08,parliament,HU331,Bács-Kiskun,2,tenni akaras mozgalom,416.0
1796,2018-04-08,parliament,HU332,Békés,0,eligible_voters,289860.0
1797,2018-04-08,parliament,HU332,Békés,1,issued_ballots,194474.0
1798,2018-04-08,parliament,HU332,Békés,2,csaladok partja,452.0
1799,2018-04-08,parliament,HU332,Békés,2,dk,8965.0
1800,2018-04-08,parliament,HU332,Békés,2,egyutt,814.0
1801,2018-04-08,parliament,HU332,Békés,2,europai roma keresztenyek jobbleteert demokratikus part,23.0
1802,2018-04-08,parliament,HU332,Békés,2,fidesz kdnp,92125.0
1803,2018-04-08,parliament,HU332,Békés,2,iranytu part,69.0
1804,2018-04-08,parliament,HU332,Békés,2,jobbik,45247.0
1805,2018-04-08,parliament,HU332,Békés,2,kell az osszefogas part,98.0
1806,2018-04-08,parliament,HU332,Békés,2,kozos nevezo 2018,138.0
1807,2018-04-08,parliament,HU332,Békés,2,lmp,11472.0
1808,2018-04-08,parliament,HU332,Békés,2,magyar ketfarku kutya part,2690.0
1809,2018-04-08,parliament,HU332,Békés,2,magyarorszagi ciganypart,265.0
1810,2018-04-08,parliament,HU332,Békés,2,magyarorszagon elo dolgozo es tanulo emberek partja,69.0
1811,2018-04-08,parliament,HU332,Békés,2,miep,291.0
1812,2018-04-08,parliament,HU332,Békés,2,momentum,4556.0
1813,2018-04-08,parliament,HU332,Békés,2,mszp parbeszed,21640.0
1814,2018-04-08,parliament,HU332,Békés,2,munkas,778.0
1815,2018-04-08,parliament,HU332,Békés,2,net part,39.0
1816,2018-04-08,parliament,HU332,Békés,2,osszefogas,54.0
1817,2018-04-08,parliament,HU332,Békés,2,rend es elszamoltatas part,84.0
1818,2018-04-08,parliament,HU332,Békés,2,sportos es egeszseges magyarorszagert part,290.0
1819,2018-04-08,parliament,HU332,Békés,2,szegeny emberek magyarorszagert part,139.0
1820,2018-04-08,parliament,HU332,Békés,2,tenni akaras mozgalom,260.0
1821,2018-04-08,parliament,HU333,Csongrád-Csanád,0,eligible_voters,334237.0
1822,2018-04-08,parliament,HU333,Csongrád-Csanád,1,issued_ballots,234715.0
1823,2018-04-08,parliament,HU333,Csongrád-Csanád,2,csaladok partja,564.0
1824,2018-04-08,parliament,HU333,Csongrád-Csanád,2,dk,9532.0
1825,2018-04-08,parliament,HU333,Csongrád-Csanád,2,egyutt,1450.0
1826,2018-04-08,parliament,HU333,Csongrád-Csanád,2,europai roma keresztenyek jobbleteert demokratikus part,20.0
1827,2018-04-08,parliament,HU333,Csongrád-Csanád,2,fidesz kdnp,105697.0
1828,2018-04-08,parliament,HU333,Csongrád-Csanád,2,iranytu part,97.0
1829,2018-04-08,parliament,HU333,Csongrád-Csanád,2,jobbik,45688.0
1830,2018-04-08,parliament,HU333,Csongrád-Csanád,2,kell az osszefogas part,125.0
1831,2018-04-08,parliament,HU333,Csongrád-Csanád,2,kozos nevezo 2018,216.0
1832,2018-04-08,parliament,HU333,Csongrád-Csanád,2,lmp,18150.0
1833,2018-04-08,parliament,HU333,Csongrád-Csanád,2,magyar ketfarku kutya part,5538.0
1834,2018-04-08,parliament,HU333,Csongrád-Csanád,2,magyarorszagi ciganypart,71.0
1835,2018-04-08,parliament,HU333,Csongrád-Csanád,2,magyarorszagon elo dolgozo es tanulo emberek partja,47.0
1836,2018-04-08,parliament,HU333,Csongrád-Csanád,2,miep,331.0
1837,2018-04-08,parliament,HU333,Csongrád-Csanád,2,momentum,7546.0
1838,2018-04-08,parliament,HU333,Csongrád-Csanád,2,mszp parbeszed,35306.0
1839,2018-04-08,parliament,HU333,Csongrád-Csanád,2,munkas,693.0
1840,2018-04-08,parliament,HU333,Csongrád-Csanád,2,net part,41.0
1841,2018-04-08,parliament,HU333,Csongrád-Csanád,2,osszefogas,60.0
1842,2018-04-08,parliament,HU333,Csongrád-Csanád,2,rend es elszamoltatas part,80.0
1843,2018-04-08,parliament,HU333,Csongrád-Csanád,2,sportos es egeszseges magyarorszagert part,292.0
1844,2018-04-08,parliament,HU333,Csongrád-Csanád,2,szegeny emberek magyarorszagert part,137.0
1845,2018-04-08,parliament,HU333,Csongrád-Csanád,2,tenni akaras mozgalom,204.0
1846,2019-05-26,european,HU110,Budapest,0,eligible_voters,1313170.0
1847,2019-05-26,european,HU110,Budapest,1,issued_ballots,689169.0
1848,2019-05-26,european,HU110,Budapest,2,dk,135821.0
1849,2019-05-26,european,HU110,Budapest,2,fidesz,282583.0
1850,2019-05-26,european,HU110,Budapest,2,jobbik,21797.0
1851,2019-05-26,european,HU110,Budapest,2,lmp,20473.0
1852,2019-05-26,european,HU110,Budapest,2,mi hazank,15921.0
1853,2019-05-26,european,HU110,Budapest,2,mkkp,26290.0
1854,2019-05-26,european,HU110,Budapest,2,momentum,119088.0
1855,2019-05-26,european,HU110,Budapest,2,mszp parbeszed,62019.0
1856,2019-05-26,european,HU110,Budapest,2,munkas,2321.0
1857,2019-05-26,european,HU120,Pest,0,eligible_voters,1016355.0
1858,2019-05-26,european,HU120,Pest,1,issued_ballots,449088.0
1859,2019-05-26,european,HU120,Pest,2,dk,73977.0
1860,2019-05-26,european,HU120,Pest,2,fidesz,229711.0
1861,2019-05-26,european,HU120,Pest,2,jobbik,23667.0
1862,2019-05-26,european,HU120,Pest,2,lmp,11336.0
1863,2019-05-26,european,HU120,Pest,2,mi hazank,14914.0
1864,2019-05-26,european,HU120,Pest,2,mkkp,14429.0
1865,2019-05-26,european,HU120,Pest,2,momentum,52291.0
1866,2019-05-26,european,HU120,Pest,2,mszp parbeszed,25237.0
1867,2019-05-26,european,HU120,Pest,2,munkas,1526.0
1868,2019-05-26,european,HU211,Fejér,0,eligible_voters,342467.0
1869,2019-05-26,european,HU211,Fejér,1,issued_ballots,148504.0
1870,2019-05-26,european,HU211,Fejér,2,dk,23659.0
1871,2019-05-26,european,HU211,Fejér,2,fidesz,79545.0
1872,2019-05-26,european,HU211,Fejér,2,jobbik,10396.0
1873,2019-05-26,european,HU211,Fejér,2,lmp,2921.0
1874,2019-05-26,european,HU211,Fejér,2,mi hazank,5450.0
1875,2019-05-26,european,HU211,Fejér,2,mkkp,3816.0
1876,2019-05-26,european,HU211,Fejér,2,momentum,13519.0
1877,2019-05-26,european,HU211,Fejér,2,mszp parbeszed,7840.0
1878,2019-05-26,european,HU211,Fejér,2,munkas,635.0
1879,2019-05-26,european,HU212,Komárom-Esztergom,0,eligible_voters,245897.0
1880,2019-05-26,european,HU212,Komárom-Esztergom,1,issued_ballots,101759.0
1881,2019-05-26,european,HU212,Komárom-Esztergom,2,dk,19888.0
1882,2019-05-26,european,HU212,Komárom-Esztergom,2,fidesz,50698.0
1883,2019-05-26,european,HU212,Komárom-Esztergom,2,jobbik,7431.0
1884,2019-05-26,european,HU212,Komárom-Esztergom,2,lmp,2246.0
1885,2019-05-26,european,HU212,Komárom-Esztergom,2,mi hazank,3546.0
1886,2019-05-26,european,HU212,Komárom-Esztergom,2,mkkp,2647.0
1887,2019-05-26,european,HU212,Komárom-Esztergom,2,momentum,8669.0
1888,2019-05-26,european,HU212,Komárom-Esztergom,2,mszp parbeszed,5660.0
1889,2019-05-26,european,HU212,Komárom-Esztergom,2,munkas,440.0
1890,2019-05-26,european,HU213,Veszprém,0,eligible_voters,286132.0
1891,2019-05-26,european,HU213,Veszprém,1,issued_ballots,129628.0
1892,2019-05-26,european,HU213,Veszprém,2,dk,19615.0
1893,2019-05-26,european,HU213,Veszprém,2,fidesz,70631.0
1894,2019-05-26,european,HU213,Veszprém,2,jobbik,9714.0
1895,2019-05-26,european,HU213,Veszprém,2,lmp,2661.0
1896,2019-05-26,european,HU213,Veszprém,2,mi hazank,4515.0
1897,2019-05-26,european,HU213,Veszprém,2,mkkp,3080.0
1898,2019-05-26,european,HU213,Veszprém,2,momentum,10609.0
1899,2019-05-26,european,HU213,Veszprém,2,mszp parbeszed,7692.0
1900,2019-05-26,european,HU213,Veszprém,2,munkas,487.0
1901,2019-05-26,european,HU221,Győr-Moson-Sopron,0,eligible_voters,359358.0
1902,2019-05-26,european,HU221,Győr-Moson-Sopron,1,issued_ballots,166562.0
1903,2019-05-26,european,HU221,Győr-Moson-Sopron,2,dk,22791.0
1904,2019-05-26,european,HU221,Győr-Moson-Sopron,2,fidesz,98139.0
1905,2019-05-26,european,HU221,Győr-Moson-Sopron,2,jobbik,9598.0
1906,2019-05-26,european,HU221,Győr-Moson-Sopron,2,lmp,3437.0
1907,2019-05-26,european,HU221,Győr-Moson-Sopron,2,mi hazank,5403.0
1908,2019-05-26,european,HU221,Győr-Moson-Sopron,2,mkkp,3783.0
1909,2019-05-26,european,HU221,Győr-Moson-Sopron,2,momentum,14001.0
1910,2019-05-26,european,HU221,Győr-Moson-Sopron,2,mszp parbeszed,8124.0
1911,2019-05-26,european,HU221,Győr-Moson-Sopron,2,munkas,583.0
1912,2019-05-26,european,HU222,Vas,0,eligible_voters,205276.0
1913,2019-05-26,european,HU222,Vas,1,issued_ballots,100139.0
1914,2019-05-26,european,HU222,Vas,2,dk,12986.0
1915,2019-05-26,european,HU222,Vas,2,fidesz,60808.0
1916,2019-05-26,european,HU222,Vas,2,jobbik,6406.0
1917,2019-05-26,european,HU222,Vas,2,lmp,1754.0
1918,2019-05-26,european,HU222,Vas,2,mi hazank,2396.0
1919,2019-05-26,european,HU222,Vas,2,mkkp,2003.0
1920,2019-05-26,european,HU222,Vas,2,momentum,7394.0
1921,2019-05-26,european,HU222,Vas,2,mszp parbeszed,5612.0
1922,2019-05-26,european,HU222,Vas,2,munkas,284.0
1923,2019-05-26,european,HU223,Zala,0,eligible_voters,224855.0
1924,2019-05-26,european,HU223,Zala,1,issued_ballots,100531.0
1925,2019-05-26,european,HU223,Zala,2,dk,15637.0
1926,2019-05-26,european,HU223,Zala,2,fidesz,58157.0
1927,2019-05-26,european,HU223,Zala,2,jobbik,6810.0
1928,2019-05-26,european,HU223,Zala,2,lmp,1895.0
1929,2019-05-26,european,HU223,Zala,2,mi hazank,3584.0
1930,2019-05-26,european,HU223,Zala,2,mkkp,1861.0
1931,2019-05-26,european,HU223,Zala,2,momentum,6917.0
1932,2019-05-26,european,HU223,Zala,2,mszp parbeszed,4843.0
1933,2019-05-26,european,HU223,Zala,2,munkas,345.0
1934,2019-05-26,european,HU231,Baranya,0,eligible_voters,303946.0
1935,2019-05-26,european,HU231,Baranya,1,issued_ballots,125634.0
1936,2019-05-26,european,HU231,Baranya,2,dk,23036.0
1937,2019-05-26,european,HU231,Baranya,2,fidesz,62663.0
1938,2019-05-26,european,HU231,Baranya,2,jobbik,7575.0
1939,2019-05-26,european,HU231,Baranya,2,lmp,3551.0
1940,2019-05-26,european,HU231,Baranya,2,mi hazank,3907.0
1941,2019-05-26,european,HU231,Baranya,2,mkkp,3610.0
1942,2019-05-26,european,HU231,Baranya,2,momentum,11799.0
1943,2019-05-26,european,HU231,Baranya,2,mszp parbeszed,8291.0
1944,2019-05-26,european,HU231,Baranya,2,munkas,581.0
1945,2019-05-26,european,HU232,Somogy,0,eligible_voters,253038.0
1946,2019-05-26,european,HU232,Somogy,1,issued_ballots,102941.0
1947,2019-05-26,european,HU232,Somogy,2,dk,17637.0
1948,2019-05-26,european,HU232,Somogy,2,fidesz,56626.0
1949,2019-05-26,european,HU232,Somogy,2,jobbik,9110.0
1950,2019-05-26,european,HU232,Somogy,2,lmp,1711.0
1951,2019-05-26,european,HU232,Somogy,2,mi hazank,2943.0
1952,2019-05-26,european,HU232,Somogy,2,mkkp,1838.0
1953,2019-05-26,european,HU232,Somogy,2,momentum,6591.0
1954,2019-05-26,european,HU232,Somogy,2,mszp parbeszed,5510.0
1955,2019-05-26,european,HU232,Somogy,2,munkas,437.0
1956,2019-05-26,european,HU233,Tolna,0,eligible_voters,181824.0
1957,2019-05-26,european,HU233,Tolna,1,issued_ballots,73014.0
1958,2019-05-26,european,HU233,Tolna,2,dk,10454.0
1959,2019-05-26,european,HU233,Tolna,2,fidesz,42852.0
1960,2019-05-26,european,HU233,Tolna,2,jobbik,4435.0
1961,2019-05-26,european,HU233,Tolna,2,lmp,1362.0
1962,2019-05-26,european,HU233,Tolna,2,mi hazank,2565.0
1963,2019-05-26,european,HU233,Tolna,2,mkkp,1461.0
1964,2019-05-26,european,HU233,Tolna,2,momentum,4817.0
1965,2019-05-26,european,HU233,Tolna,2,mszp parbeszed,4345.0
1966,2019-05-26,european,HU233,Tolna,2,munkas,313.0
1967,2019-05-26,european,HU311,Borsod-Abaúj-Zemplén,0,eligible_voters,527915.0
1968,2019-05-26,european,HU311,Borsod-Abaúj-Zemplén,1,issued_ballots,202213.0
1969,2019-05-26,european,HU311,Borsod-Abaúj-Zemplén,2,dk,31688.0
1970,2019-05-26,european,HU311,Borsod-Abaúj-Zemplén,2,fidesz,103789.0
1971,2019-05-26,european,HU311,Borsod-Abaúj-Zemplén,2,jobbik,23498.0
1972,2019-05-26,european,HU311,Borsod-Abaúj-Zemplén,2,lmp,3063.0
1973,2019-05-26,european,HU311,Borsod-Abaúj-Zemplén,2,mi hazank,8078.0
1974,2019-05-26,european,HU311,Borsod-Abaúj-Zemplén,2,mkkp,3654.0
1975,2019-05-26,european,HU311,Borsod-Abaúj-Zemplén,2,momentum,11643.0
1976,2019-05-26,european,HU311,Borsod-Abaúj-Zemplén,2,mszp parbeszed,14367.0
1977,2019-05-26,european,HU311,Borsod-Abaúj-Zemplén,2,munkas,1182.0
1978,2019-05-26,european,HU312,Heves,0,eligible_voters,241916.0
1979,2019-05-26,european,HU312,Heves,1,issued_ballots,100054.0
1980,2019-05-26,european,HU312,Heves,2,dk,16054.0
1981,2019-05-26,european,HU312,Heves,2,fidesz,52403.0
1982,2019-05-26,european,HU312,Heves,2,jobbik,10220.0
1983,2019-05-26,european,HU312,Heves,2,lmp,1736.0
1984,2019-05-26,european,HU312,Heves,2,mi hazank,3935.0
1985,2019-05-26,european,HU312,Heves,2,mkkp,1874.0
1986,2019-05-26,european,HU312,Heves,2,momentum,7105.0
1987,2019-05-26,european,HU312,Heves,2,mszp parbeszed,5792.0
1988,2019-05-26,european,HU312,Heves,2,munkas,458.0
1989,2019-05-26,european,HU313,Nógrád,0,eligible_voters,157281.0
1990,2019-05-26,european,HU313,Nógrád,1,issued_ballots,61917.0
1991,2019-05-26,european,HU313,Nógrád,2,dk,9635.0
1992,2019-05-26,european,HU313,Nógrád,2,fidesz,35034.0
1993,2019-05-26,european,HU313,Nógrád,2,jobbik,4162.0
1994,2019-05-26,european,HU313,Nógrád,2,lmp,863.0
1995,2019-05-26,european,HU313,Nógrád,2,mi hazank,2753.0
1996,2019-05-26,european,HU313,Nógrád,2,mkkp,969.0
1997,2019-05-26,european,HU313,Nógrád,2,momentum,3144.0
1998,2019-05-26,european,HU313,Nógrád,2,mszp parbeszed,4478.0
1999,2019-05-26,european,HU313,Nógrád,2,munkas,531.0
2000,2019-05-26,european,HU321,Hajdú-Bihar,0,eligible_voters,428746.0
2001,2019-05-26,european,HU321,Hajdú-Bihar,1,issued_ballots,156624.0
2002,2019-05-26,european,HU321,Hajdú-Bihar,2,dk,22056.0
2003,2019-05-26,european,HU321,Hajdú-Bihar,2,fidesz,89325.0
2004,2019-05-26,european,HU321,Hajdú-Bihar,2,jobbik,11122.0
2005,2019-05-26,european,HU321,Hajdú-Bihar,2,lmp,3036.0
2006,2019-05-26,european,HU321,Hajdú-Bihar,2,mi hazank,4943.0
2007,2019-05-26,european,HU321,Hajdú-Bihar,2,mkkp,3442.0
2008,2019-05-26,european,HU321,Hajdú-Bihar,2,momentum,12424.0
2009,2019-05-26,european,HU321,Hajdú-Bihar,2,mszp parbeszed,8622.0
2010,2019-05-26,european,HU321,Hajdú-Bihar,2,munkas,738.0
2011,2019-05-26,european,HU322,Jász-Nagykun-Szolnok,0,eligible_voters,303442.0
2012,2019-05-26,european,HU322,Jász-Nagykun-Szolnok,1,issued_ballots,113501.0
2013,2019-05-26,european,HU322,Jász-Nagykun-Szolnok,2,dk,16865.0
2014,2019-05-26,european,HU322,Jász-Nagykun-Szolnok,2,fidesz,60304.0
2015,2019-05-26,european,HU322,Jász-Nagykun-Szolnok,2,jobbik,10833.0
2016,2019-05-26,european,HU322,Jász-Nagykun-Szolnok,2,lmp,1786.0
2017,2019-05-26,european,HU322,Jász-Nagykun-Szolnok,2,mi hazank,5958.0
2018,2019-05-26,european,HU322,Jász-Nagykun-Szolnok,2,mkkp,2176.0
2019,2019-05-26,european,HU322,Jász-Nagykun-Szolnok,2,momentum,6770.0
2020,2019-05-26,european,HU322,Jász-Nagykun-Szolnok,2,mszp parbeszed,7364.0
2021,2019-05-26,european,HU322,Jász-Nagykun-Szolnok,2,munkas,787.0
2022,2019-05-26,european,HU323,Szabolcs-Szatmár-Bereg,0,eligible_voters,448792.0
2023,2019-05-26,european,HU323,Szabolcs-Szatmár-Bereg,1,issued_ballots,170696.0
2024,2019-05-26,european,HU323,Szabolcs-Szatmár-Bereg,2,dk,22770.0
2025,2019-05-26,european,HU323,Szabolcs-Szatmár-Bereg,2,fidesz,102670.0
2026,2019-05-26,european,HU323,Szabolcs-Szatmár-Bereg,2,jobbik,13969.0
2027,2019-05-26,european,HU323,Szabolcs-Szatmár-Bereg,2,lmp,2123.0
2028,2019-05-26,european,HU323,Szabolcs-Szatmár-Bereg,2,mi hazank,4948.0
2029,2019-05-26,european,HU323,Szabolcs-Szatmár-Bereg,2,mkkp,2458.0
2030,2019-05-26,european,HU323,Szabolcs-Szatmár-Bereg,2,momentum,9007.0
2031,2019-05-26,european,HU323,Szabolcs-Szatmár-Bereg,2,mszp parbeszed,10617.0
2032,2019-05-26,european,HU323,Szabolcs-Szatmár-Bereg,2,munkas,706.0
2033,2019-05-26,european,HU331,Bács-Kiskun,0,eligible_voters,417122.0
2034,2019-05-26,european,HU331,Bács-Kiskun,1,issued_ballots,165963.0
2035,2019-05-26,european,HU331,Bács-Kiskun,2,dk,22157.0
2036,2019-05-26,european,HU331,Bács-Kiskun,2,fidesz,97011.0
2037,2019-05-26,european,HU331,Bács-Kiskun,2,jobbik,11637.0
2038,2019-05-26,european,HU331,Bács-Kiskun,2,lmp,3464.0
2039,2019-05-26,european,HU331,Bács-Kiskun,2,mi hazank,6046.0
2040,2019-05-26,european,HU331,Bács-Kiskun,2,mkkp,3619.0
2041,2019-05-26,european,HU331,Bács-Kiskun,2,momentum,11989.0
2042,2019-05-26,european,HU331,Bács-Kiskun,2,mszp parbeszed,8378.0
2043,2019-05-26,european,HU331,Bács-Kiskun,2,munkas,646.0
2044,2019-05-26,european,HU332,Békés,0,eligible_voters,284035.0
2045,2019-05-26,european,HU332,Békés,1,issued_ballots,109733.0
2046,2019-05-26,european,HU332,Békés,2,dk,18264.0
2047,2019-05-26,european,HU332,Békés,2,fidesz,57479.0
2048,2019-05-26,european,HU332,Békés,2,jobbik,9440.0
2049,2019-05-26,european,HU332,Békés,2,lmp,2187.0
2050,2019-05-26,european,HU332,Békés,2,mi hazank,4465.0
2051,2019-05-26,european,HU332,Békés,2,mkkp,2337.0
2052,2019-05-26,european,HU332,Békés,2,momentum,7419.0
2053,2019-05-26,european,HU332,Békés,2,mszp parbeszed,6725.0
2054,2019-05-26,european,HU332,Békés,2,munkas,758.0
2055,2019-05-26,european,HU333,Csongrád-Csanád,0,eligible_voters,331170.0
2056,2019-05-26,european,HU333,Csongrád-Csanád,1,issued_ballots,145351.0
2057,2019-05-26,european,HU333,Csongrád-Csanád,2,dk,20070.0
2058,2019-05-26,european,HU333,Csongrád-Csanád,2,fidesz,71283.0
2059,2019-05-26,european,HU333,Csongrád-Csanád,2,jobbik,7777.0
2060,2019-05-26,european,HU333,Csongrád-Csanád,2,lmp,2985.0
2061,2019-05-26,european,HU333,Csongrád-Csanád,2,mi hazank,7159.0
2062,2019-05-26,european,HU333,Csongrád-Csanád,2,mkkp,4316.0
2063,2019-05-26,european,HU333,Csongrád-Csanád,2,momentum,13685.0
2064,2019-05-26,european,HU333,Csongrád-Csanád,2,mszp parbeszed,16664.0
2065,2019-05-26,european,HU333,Csongrád-Csanád,2,munkas,604.0
2066,2022-04-03,parliament,HU110,Budapest,0,eligible_voters,1274341.0
2067,2022-04-03,parliament,HU110,Budapest,1,issued_ballots,958755.0
2068,2022-04-03,parliament,HU110,Budapest,2,dk jobbik momentum mszp lmp,454840.0
2069,2022-04-03,parliament,HU110,Budapest,2,fidesz kdnp,388310.0
2070,2022-04-03,parliament,HU110,Budapest,2,m o o gorogok,100.0
2071,2022-04-03,parliament,HU110,Budapest,2,m o o nemetek,1307.0
2072,2022-04-03,parliament,HU110,Budapest,2,m o o romanok,47.0
2073,2022-04-03,parliament,HU110,Budapest,2,magyar ketfarku kutya part,49364.0
2074,2022-04-03,parliament,HU110,Budapest,2,megoldas mozgalom,11934.0
2075,2022-04-03,parliament,HU110,Budapest,2,mi hazank,39103.0
2076,2022-04-03,parliament,HU110,Budapest,2,normalis elet partja,5016.0
2077,2022-04-03,parliament,HU110,Budapest,2,o o bolgar,79.0
2078,2022-04-03,parliament,HU110,Budapest,2,o o horvat,92.0
2079,2022-04-03,parliament,HU110,Budapest,2,o o lengyel,91.0
2080,2022-04-03,parliament,HU110,Budapest,2,o o ormeny,89.0
2081,2022-04-03,parliament,HU110,Budapest,2,o o ruszin,89.0
2082,2022-04-03,parliament,HU110,Budapest,2,o o szerb,82.0
2083,2022-04-03,parliament,HU110,Budapest,2,o o szlovak,79.0
2084,2022-04-03,parliament,HU110,Budapest,2,o o szloven,2.0
2085,2022-04-03,parliament,HU110,Budapest,2,o o ukran,115.0
2086,2022-04-03,parliament,HU120,Pest,0,eligible_voters,1039597.0
2087,2022-04-03,parliament,HU120,Pest,1,issued_ballots,757108.0
2088,2022-04-03,parliament,HU120,Pest,2,dk jobbik momentum mszp lmp,273138.0
2089,2022-04-03,parliament,HU120,Pest,2,fidesz kdnp,381348.0
2090,2022-04-03,parliament,HU120,Pest,2,m o o gorogok,38.0
2091,2022-04-03,parliament,HU120,Pest,2,m o o nemetek,6252.0
2092,2022-04-03,parliament,HU120,Pest,2,m o o romanok,8.0
2093,2022-04-03,parliament,HU120,Pest,2,magyar ketfarku kutya part,30374.0
2094,2022-04-03,parliament,HU120,Pest,2,megoldas mozgalom,9404.0
2095,2022-04-03,parliament,HU120,Pest,2,mi hazank,43528.0
2096,2022-04-03,parliament,HU120,Pest,2,normalis elet partja,4926.0
2097,2022-04-03,parliament,HU120,Pest,2,o o bolgar,36.0
2098,2022-04-03,parliament,HU120,Pest,2,o o horvat,44.0
2099,2022-04-03,parliament,HU120,Pest,2,o o lengyel,24.0
2100,2022-04-03,parliament,HU120,Pest,2,o o ormeny,11.0
2101,2022-04-03,parliament,HU120,Pest,2,o o ruszin,17.0
2102,2022-04-03,parliament,HU120,Pest,2,o o szerb,148.0
2103,2022-04-03,parliament,HU120,Pest,2,o o szlovak,201.0
2104,2022-04-03,parliament,HU120,Pest,2,o o szloven,3.0
2105,2022-04-03,parliament,HU120,Pest,2,o o ukran,47.0
2106,2022-04-03,parliament,HU211,Fejér,0,eligible_voters,340038.0
2107,2022-04-03,parliament,HU211,Fejér,1,issued_ballots,242792.0
2108,2022-04-03,parliament,HU211,Fejér,2,dk jobbik momentum mszp lmp,81296.0
2109,2022-04-03,parliament,HU211,Fejér,2,fidesz kdnp,128805.0
2110,2022-04-03,parliament,HU211,Fejér,2,m o o gorogok,24.0
2111,2022-04-03,parliament,HU211,Fejér,2,m o o nemetek,1282.0
2112,2022-04-03,parliament,HU211,Fejér,2,m o o romanok,0.0
2113,2022-04-03,parliament,HU211,Fejér,2,magyar ketfarku kutya part,8457.0
2114,2022-04-03,parliament,HU211,Fejér,2,megoldas mozgalom,2765.0
2115,2022-04-03,parliament,HU211,Fejér,2,mi hazank,15928.0
2116,2022-04-03,parliament,HU211,Fejér,2,normalis elet partja,1823.0
2117,2022-04-03,parliament,HU211,Fejér,2,o o horvat,18.0
2118,2022-04-03,parliament,HU211,Fejér,2,o o lengyel,15.0
2119,2022-04-03,parliament,HU211,Fejér,2,o o ormeny,4.0
2120,2022-04-03,parliament,HU211,Fejér,2,o o ruszin,34.0
2121,2022-04-03,parliament,HU211,Fejér,2,o o szerb,14.0
2122,2022-04-03,parliament,HU211,Fejér,2,o o szlovak,27.0
2123,2022-04-03,parliament,HU211,Fejér,2,o o szloven,0.0
2124,2022-04-03,parliament,HU211,Fejér,2,o o ukran,22.0
2125,2022-04-03,parliament,HU212,Komárom-Esztergom,0,eligible_voters,242610.0
2126,2022-04-03,parliament,HU212,Komárom-Esztergom,1,issued_ballots,168134.0
2127,2022-04-03,parliament,HU212,Komárom-Esztergom,2,dk jobbik momentum mszp lmp,60436.0
2128,2022-04-03,parliament,HU212,Komárom-Esztergom,2,fidesz kdnp,84087.0
2129,2022-04-03,parliament,HU212,Komárom-Esztergom,2,m o o gorogok,3.0
2130,2022-04-03,parliament,HU212,Komárom-Esztergom,2,m o o nemetek,1541.0
2131,2022-04-03,parliament,HU212,Komárom-Esztergom,2,magyar ketfarku kutya part,5648.0
2132,2022-04-03,parliament,HU212,Komárom-Esztergom,2,megoldas mozgalom,1839.0
2133,2022-04-03,parliament,HU212,Komárom-Esztergom,2,mi hazank,11179.0
2134,2022-04-03,parliament,HU212,Komárom-Esztergom,2,normalis elet partja,1588.0
2135,2022-04-03,parliament,HU212,Komárom-Esztergom,2,o o bolgar,0.0
2136,2022-04-03,parliament,HU212,Komárom-Esztergom,2,o o horvat,3.0
2137,2022-04-03,parliament,HU212,Komárom-Esztergom,2,o o lengyel,20.0
2138,2022-04-03,parliament,HU212,Komárom-Esztergom,2,o o ormeny,1.0
2139,2022-04-03,parliament,HU212,Komárom-Esztergom,2,o o szlovak,63.0
2140,2022-04-03,parliament,HU212,Komárom-Esztergom,2,o o ukran,7.0
2141,2022-04-03,parliament,HU213,Veszprém,0,eligible_voters,279788.0
2142,2022-04-03,parliament,HU213,Veszprém,1,issued_ballots,200696.0
2143,2022-04-03,parliament,HU213,Veszprém,2,dk jobbik momentum mszp lmp,68407.0
2144,2022-04-03,parliament,HU213,Veszprém,2,fidesz kdnp,104438.0
2145,2022-04-03,parliament,HU213,Veszprém,2,m o o nemetek,1811.0
2146,2022-04-03,parliament,HU213,Veszprém,2,m o o romanok,1.0
2147,2022-04-03,parliament,HU213,Veszprém,2,magyar ketfarku kutya part,6743.0
2148,2022-04-03,parliament,HU213,Veszprém,2,megoldas mozgalom,1978.0
2149,2022-04-03,parliament,HU213,Veszprém,2,mi hazank,13666.0
2150,2022-04-03,parliament,HU213,Veszprém,2,normalis elet partja,1514.0
2151,2022-04-03,parliament,HU213,Veszprém,2,o o lengyel,8.0
2152,2022-04-03,parliament,HU213,Veszprém,2,o o ormeny,6.0
2153,2022-04-03,parliament,HU213,Veszprém,2,o o ruszin,4.0
2154,2022-04-03,parliament,HU213,Veszprém,2,o o szlovak,43.0
2155,2022-04-03,parliament,HU213,Veszprém,2,o o ukran,30.0
2156,2022-04-03,parliament,HU221,Győr-Moson-Sopron,0,eligible_voters,358935.0
2157,2022-04-03,parliament,HU221,Győr-Moson-Sopron,1,issued_ballots,264460.0
2158,2022-04-03,parliament,HU221,Győr-Moson-Sopron,2,dk jobbik momentum mszp lmp,80781.0
2159,2022-04-03,parliament,HU221,Győr-Moson-Sopron,2,fidesz kdnp,149513.0
2160,2022-04-03,parliament,HU221,Győr-Moson-Sopron,2,m o o gorogok,4.0
2161,2022-04-03,parliament,HU221,Győr-Moson-Sopron,2,m o o nemetek,1251.0
2162,2022-04-03,parliament,HU221,Győr-Moson-Sopron,2,m o o romanok,3.0
2163,2022-04-03,parliament,HU221,Győr-Moson-Sopron,2,magyar ketfarku kutya part,8605.0
2164,2022-04-03,parliament,HU221,Győr-Moson-Sopron,2,megoldas mozgalom,3492.0
2165,2022-04-03,parliament,HU221,Győr-Moson-Sopron,2,mi hazank,16276.0
2166,2022-04-03,parliament,HU221,Győr-Moson-Sopron,2,normalis elet partja,1885.0
2167,2022-04-03,parliament,HU221,Győr-Moson-Sopron,2,o o bolgar,13.0
2168,2022-04-03,parliament,HU221,Győr-Moson-Sopron,2,o o horvat,136.0
2169,2022-04-03,parliament,HU221,Győr-Moson-Sopron,2,o o lengyel,10.0
2170,2022-04-03,parliament,HU221,Győr-Moson-Sopron,2,o o ormeny,1.0
2171,2022-04-03,parliament,HU221,Győr-Moson-Sopron,2,o o ruszin,4.0
2172,2022-04-03,parliament,HU221,Győr-Moson-Sopron,2,o o szerb,0.0
2173,2022-04-03,parliament,HU221,Győr-Moson-Sopron,2,o o szlovak,2.0
2174,2022-04-03,parliament,HU221,Győr-Moson-Sopron,2,o o szloven,4.0
2175,2022-04-03,parliament,HU221,Győr-Moson-Sopron,2,o o ukran,1.0
2176,2022-04-03,parliament,HU222,Vas,0,eligible_voters,202787.0
2177,2022-04-03,parliament,HU222,Vas,1,issued_ballots,151671.0
2178,2022-04-03,parliament,HU222,Vas,2,dk jobbik momentum mszp lmp,44357.0
2179,2022-04-03,parliament,HU222,Vas,2,fidesz kdnp,89989.0
2180,2022-04-03,parliament,HU222,Vas,2,m o o gorogok,0.0
2181,2022-04-03,parliament,HU222,Vas,2,m o o nemetek,267.0
2182,2022-04-03,parliament,HU222,Vas,2,m o o romanok,0.0
2183,2022-04-03,parliament,HU222,Vas,2,magyar ketfarku kutya part,4342.0
2184,2022-04-03,parliament,HU222,Vas,2,megoldas mozgalom,1340.0
2185,2022-04-03,parliament,HU222,Vas,2,mi hazank,8395.0
2186,2022-04-03,parliament,HU222,Vas,2,normalis elet partja,1075.0
2187,2022-04-03,parliament,HU222,Vas,2,o o horvat,143.0
2188,2022-04-03,parliament,HU222,Vas,2,o o lengyel,1.0
2189,2022-04-03,parliament,HU222,Vas,2,o o ormeny,0.0
2190,2022-04-03,parliament,HU222,Vas,2,o o szlovak,1.0
2191,2022-04-03,parliament,HU222,Vas,2,o o szloven,210.0
2192,2022-04-03,parliament,HU222,Vas,2,o o ukran,0.0
2193,2022-04-03,parliament,HU223,Zala,0,eligible_voters,220471.0
2194,2022-04-03,parliament,HU223,Zala,1,issued_ballots,157677.0
2195,2022-04-03,parliament,HU223,Zala,2,dk jobbik momentum mszp lmp,49910.0
2196,2022-04-03,parliament,HU223,Zala,2,fidesz kdnp,88529.0
2197,2022-04-03,parliament,HU223,Zala,2,m o o gorogok,1.0
2198,2022-04-03,parliament,HU223,Zala,2,m o o nemetek,67.0
2199,2022-04-03,parliament,HU223,Zala,2,m o o romanok,0.0
2200,2022-04-03,parliament,HU223,Zala,2,magyar ketfarku kutya part,4187.0
2201,2022-04-03,parliament,HU223,Zala,2,megoldas mozgalom,1475.0
2202,2022-04-03,parliament,HU223,Zala,2,mi hazank,10343.0
2203,2022-04-03,parliament,HU223,Zala,2,normalis elet partja,1460.0
2204,2022-04-03,parliament,HU223,Zala,2,o o bolgar,4.0
2205,2022-04-03,parliament,HU223,Zala,2,o o horvat,100.0
2206,2022-04-03,parliament,HU223,Zala,2,o o ormeny,2.0
2207,2022-04-03,parliament,HU223,Zala,2,o o szlovak,1.0
2208,2022-04-03,parliament,HU223,Zala,2,o o ukran,1.0
2209,2022-04-03,parliament,HU231,Baranya,0,eligible_voters,297766.0
2210,2022-04-03,parliament,HU231,Baranya,1,issued_ballots,201043.0
2211,2022-04-03,parliament,HU231,Baranya,2,dk jobbik momentum mszp lmp,71511.0
2212,2022-04-03,parliament,HU231,Baranya,2,fidesz kdnp,98456.0
2213,2022-04-03,parliament,HU231,Baranya,2,m o o gorogok,5.0
2214,2022-04-03,parliament,HU231,Baranya,2,m o o nemetek,5067.0
2215,2022-04-03,parliament,HU231,Baranya,2,m o o romanok,7.0
2216,2022-04-03,parliament,HU231,Baranya,2,magyar ketfarku kutya part,7019.0
2217,2022-04-03,parliament,HU231,Baranya,2,megoldas mozgalom,1845.0
2218,2022-04-03,parliament,HU231,Baranya,2,mi hazank,11757.0
2219,2022-04-03,parliament,HU231,Baranya,2,normalis elet partja,1700.0
2220,2022-04-03,parliament,HU231,Baranya,2,o o bolgar,0.0
2221,2022-04-03,parliament,HU231,Baranya,2,o o horvat,778.0
2222,2022-04-03,parliament,HU231,Baranya,2,o o lengyel,5.0
2223,2022-04-03,parliament,HU231,Baranya,2,o o ormeny,2.0
2224,2022-04-03,parliament,HU231,Baranya,2,o o ruszin,23.0
2225,2022-04-03,parliament,HU231,Baranya,2,o o szerb,26.0
2226,2022-04-03,parliament,HU231,Baranya,2,o o szlovak,2.0
2227,2022-04-03,parliament,HU231,Baranya,2,o o ukran,17.0
2228,2022-04-03,parliament,HU232,Somogy,0,eligible_voters,247256.0
2229,2022-04-03,parliament,HU232,Somogy,1,issued_ballots,168336.0
2230,2022-04-03,parliament,HU232,Somogy,2,dk jobbik momentum mszp lmp,55742.0
2231,2022-04-03,parliament,HU232,Somogy,2,fidesz kdnp,93789.0
2232,2022-04-03,parliament,HU232,Somogy,2,m o o nemetek,240.0
2233,2022-04-03,parliament,HU232,Somogy,2,magyar ketfarku kutya part,3697.0
2234,2022-04-03,parliament,HU232,Somogy,2,megoldas mozgalom,1702.0
2235,2022-04-03,parliament,HU232,Somogy,2,mi hazank,9947.0
2236,2022-04-03,parliament,HU232,Somogy,2,normalis elet partja,1093.0
2237,2022-04-03,parliament,HU232,Somogy,2,o o horvat,269.0
2238,2022-04-03,parliament,HU232,Somogy,2,o o lengyel,10.0
2239,2022-04-03,parliament,HU232,Somogy,2,o o ormeny,0.0
2240,2022-04-03,parliament,HU232,Somogy,2,o o ruszin,1.0
2241,2022-04-03,parliament,HU232,Somogy,2,o o szerb,0.0
2242,2022-04-03,parliament,HU232,Somogy,2,o o szlovak,3.0
2243,2022-04-03,parliament,HU232,Somogy,2,o o ukran,1.0
2244,2022-04-03,parliament,HU233,Tolna,0,eligible_voters,176841.0
2245,2022-04-03,parliament,HU233,Tolna,1,issued_ballots,121388.0
2246,2022-04-03,parliament,HU233,Tolna,2,dk jobbik momentum mszp lmp,34173.0
2247,2022-04-03,parliament,HU233,Tolna,2,fidesz kdnp,70703.0
2248,2022-04-03,parliament,HU233,Tolna,2,m o o nemetek,2022.0
2249,2022-04-03,parliament,HU233,Tolna,2,m o o romanok,0.0
2250,2022-04-03,parliament,HU233,Tolna,2,magyar ketfarku kutya part,2956.0
2251,2022-04-03,parliament,HU233,Tolna,2,megoldas mozgalom,1085.0
2252,2022-04-03,parliament,HU233,Tolna,2,mi hazank,7997.0
2253,2022-04-03,parliament,HU233,Tolna,2,normalis elet partja,977.0
2254,2022-04-03,parliament,HU233,Tolna,2,o o horvat,5.0
2255,2022-04-03,parliament,HU233,Tolna,2,o o ormeny,8.0
2256,2022-04-03,parliament,HU233,Tolna,2,o o szerb,2.0
2257,2022-04-03,parliament,HU233,Tolna,2,o o ukran,1.0
2258,2022-04-03,parliament,HU311,Borsod-Abaúj-Zemplén,0,eligible_voters,513533.0
2259,2022-04-03,parliament,HU311,Borsod-Abaúj-Zemplén,1,issued_ballots,331862.0
2260,2022-04-03,parliament,HU311,Borsod-Abaúj-Zemplén,2,dk jobbik momentum mszp lmp,112408.0
2261,2022-04-03,parliament,HU311,Borsod-Abaúj-Zemplén,2,fidesz kdnp,178269.0
2262,2022-04-03,parliament,HU311,Borsod-Abaúj-Zemplén,2,m o o gorogok,25.0
2263,2022-04-03,parliament,HU311,Borsod-Abaúj-Zemplén,2,m o o nemetek,635.0
2264,2022-04-03,parliament,HU311,Borsod-Abaúj-Zemplén,2,m o o romanok,1.0
2265,2022-04-03,parliament,HU311,Borsod-Abaúj-Zemplén,2,magyar ketfarku kutya part,7568.0
2266,2022-04-03,parliament,HU311,Borsod-Abaúj-Zemplén,2,megoldas mozgalom,3258.0
2267,2022-04-03,parliament,HU311,Borsod-Abaúj-Zemplén,2,mi hazank,22588.0
2268,2022-04-03,parliament,HU311,Borsod-Abaúj-Zemplén,2,normalis elet partja,2564.0
2269,2022-04-03,parliament,HU311,Borsod-Abaúj-Zemplén,2,o o bolgar,12.0
2270,2022-04-03,parliament,HU311,Borsod-Abaúj-Zemplén,2,o o horvat,1.0
2271,2022-04-03,parliament,HU311,Borsod-Abaúj-Zemplén,2,o o lengyel,52.0
2272,2022-04-03,parliament,HU311,Borsod-Abaúj-Zemplén,2,o o ormeny,4.0
2273,2022-04-03,parliament,HU311,Borsod-Abaúj-Zemplén,2,o o ruszin,261.0
2274,2022-04-03,parliament,HU311,Borsod-Abaúj-Zemplén,2,o o szerb,1.0
2275,2022-04-03,parliament,HU311,Borsod-Abaúj-Zemplén,2,o o szlovak,168.0
2276,2022-04-03,parliament,HU311,Borsod-Abaúj-Zemplén,2,o o ukran,30.0
2277,2022-04-03,parliament,HU312,Heves,0,eligible_voters,237735.0
2278,2022-04-03,parliament,HU312,Heves,1,issued_ballots,163845.0
2279,2022-04-03,parliament,HU312,Heves,2,dk jobbik momentum mszp lmp,54085.0
2280,2022-04-03,parliament,HU312,Heves,2,fidesz kdnp,89116.0
2281,2022-04-03,parliament,HU312,Heves,2,m o o gorogok,4.0
2282,2022-04-03,parliament,HU312,Heves,2,m o o nemetek,138.0
2283,2022-04-03,parliament,HU312,Heves,2,m o o romanok,1.0
2284,2022-04-03,parliament,HU312,Heves,2,magyar ketfarku kutya part,4059.0
2285,2022-04-03,parliament,HU312,Heves,2,megoldas mozgalom,1578.0
2286,2022-04-03,parliament,HU312,Heves,2,mi hazank,11849.0
2287,2022-04-03,parliament,HU312,Heves,2,normalis elet partja,1195.0
2288,2022-04-03,parliament,HU312,Heves,2,o o bolgar,2.0
2289,2022-04-03,parliament,HU312,Heves,2,o o lengyel,6.0
2290,2022-04-03,parliament,HU312,Heves,2,o o ruszin,52.0
2291,2022-04-03,parliament,HU312,Heves,2,o o szerb,2.0
2292,2022-04-03,parliament,HU312,Heves,2,o o szlovak,9.0
2293,2022-04-03,parliament,HU312,Heves,2,o o ukran,1.0
2294,2022-04-03,parliament,HU313,Nógrád,0,eligible_voters,153973.0
2295,2022-04-03,parliament,HU313,Nógrád,1,issued_ballots,102972.0
2296,2022-04-03,parliament,HU313,Nógrád,2,dk jobbik momentum mszp lmp,29814.0
2297,2022-04-03,parliament,HU313,Nógrád,2,fidesz kdnp,60091.0
2298,2022-04-03,parliament,HU313,Nógrád,2,m o o gorogok,4.0
2299,2022-04-03,parliament,HU313,Nógrád,2,m o o nemetek,391.0
2300,2022-04-03,parliament,HU313,Nógrád,2,m o o romanok,0.0
2301,2022-04-03,parliament,HU313,Nógrád,2,magyar ketfarku kutya part,2193.0
2302,2022-04-03,parliament,HU313,Nógrád,2,megoldas mozgalom,811.0
2303,2022-04-03,parliament,HU313,Nógrád,2,mi hazank,7806.0
2304,2022-04-03,parliament,HU313,Nógrád,2,normalis elet partja,691.0
2305,2022-04-03,parliament,HU313,Nógrád,2,o o ormeny,1.0
2306,2022-04-03,parliament,HU313,Nógrád,2,o o ruszin,3.0
2307,2022-04-03,parliament,HU313,Nógrád,2,o o szlovak,49.0
2308,2022-04-03,parliament,HU313,Nógrád,2,o o ukran,0.0
2309,2022-04-03,parliament,HU321,Hajdú-Bihar,0,eligible_voters,424025.0
2310,2022-04-03,parliament,HU321,Hajdú-Bihar,1,issued_ballots,280169.0
2311,2022-04-03,parliament,HU321,Hajdú-Bihar,2,dk jobbik momentum mszp lmp,85640.0
2312,2022-04-03,parliament,HU321,Hajdú-Bihar,2,fidesz kdnp,160572.0
2313,2022-04-03,parliament,HU321,Hajdú-Bihar,2,m o o gorogok,4.0
2314,2022-04-03,parliament,HU321,Hajdú-Bihar,2,m o o nemetek,170.0
2315,2022-04-03,parliament,HU321,Hajdú-Bihar,2,m o o romanok,53.0
2316,2022-04-03,parliament,HU321,Hajdú-Bihar,2,magyar ketfarku kutya part,7463.0
2317,2022-04-03,parliament,HU321,Hajdú-Bihar,2,megoldas mozgalom,2820.0
2318,2022-04-03,parliament,HU321,Hajdú-Bihar,2,mi hazank,18319.0
2319,2022-04-03,parliament,HU321,Hajdú-Bihar,2,normalis elet partja,2311.0
2320,2022-04-03,parliament,HU321,Hajdú-Bihar,2,o o bolgar,7.0
2321,2022-04-03,parliament,HU321,Hajdú-Bihar,2,o o horvat,1.0
2322,2022-04-03,parliament,HU321,Hajdú-Bihar,2,o o lengyel,6.0
2323,2022-04-03,parliament,HU321,Hajdú-Bihar,2,o o ormeny,9.0
2324,2022-04-03,parliament,HU321,Hajdú-Bihar,2,o o ruszin,21.0
2325,2022-04-03,parliament,HU321,Hajdú-Bihar,2,o o szlovak,0.0
2326,2022-04-03,parliament,HU321,Hajdú-Bihar,2,o o ukran,9.0
2327,2022-04-03,parliament,HU322,Jász-Nagykun-Szolnok,0,eligible_voters,297113.0
2328,2022-04-03,parliament,HU322,Jász-Nagykun-Szolnok,1,issued_ballots,195639.0
2329,2022-04-03,parliament,HU322,Jász-Nagykun-Szolnok,2,dk jobbik momentum mszp lmp,63866.0
2330,2022-04-03,parliament,HU322,Jász-Nagykun-Szolnok,2,fidesz kdnp,107499.0
2331,2022-04-03,parliament,HU322,Jász-Nagykun-Szolnok,2,m o o gorogok,5.0
2332,2022-04-03,parliament,HU322,Jász-Nagykun-Szolnok,2,m o o nemetek,21.0
2333,2022-04-03,parliament,HU322,Jász-Nagykun-Szolnok,2,m o o romanok,1.0
2334,2022-04-03,parliament,HU322,Jász-Nagykun-Szolnok,2,magyar ketfarku kutya part,4732.0
2335,2022-04-03,parliament,HU322,Jász-Nagykun-Szolnok,2,megoldas mozgalom,1846.0
2336,2022-04-03,parliament,HU322,Jász-Nagykun-Szolnok,2,mi hazank,13836.0
2337,2022-04-03,parliament,HU322,Jász-Nagykun-Szolnok,2,normalis elet partja,1583.0
2338,2022-04-03,parliament,HU322,Jász-Nagykun-Szolnok,2,o o bolgar,2.0
2339,2022-04-03,parliament,HU322,Jász-Nagykun-Szolnok,2,o o horvat,1.0
2340,2022-04-03,parliament,HU322,Jász-Nagykun-Szolnok,2,o o lengyel,7.0
2341,2022-04-03,parliament,HU322,Jász-Nagykun-Szolnok,2,o o ruszin,0.0
2342,2022-04-03,parliament,HU322,Jász-Nagykun-Szolnok,2,o o szerb,0.0
2343,2022-04-03,parliament,HU322,Jász-Nagykun-Szolnok,2,o o szlovak,2.0
2344,2022-04-03,parliament,HU322,Jász-Nagykun-Szolnok,2,o o ukran,3.0
2345,2022-04-03,parliament,HU323,Szabolcs-Szatmár-Bereg,0,eligible_voters,440009.0
2346,2022-04-03,parliament,HU323,Szabolcs-Szatmár-Bereg,1,issued_ballots,287621.0
2347,2022-04-03,parliament,HU323,Szabolcs-Szatmár-Bereg,2,dk jobbik momentum mszp lmp,82511.0
2348,2022-04-03,parliament,HU323,Szabolcs-Szatmár-Bereg,2,fidesz kdnp,175790.0
2349,2022-04-03,parliament,HU323,Szabolcs-Szatmár-Bereg,2,m o o gorogok,1.0
2350,2022-04-03,parliament,HU323,Szabolcs-Szatmár-Bereg,2,m o o nemetek,192.0
2351,2022-04-03,parliament,HU323,Szabolcs-Szatmár-Bereg,2,m o o romanok,28.0
2352,2022-04-03,parliament,HU323,Szabolcs-Szatmár-Bereg,2,magyar ketfarku kutya part,4647.0
2353,2022-04-03,parliament,HU323,Szabolcs-Szatmár-Bereg,2,megoldas mozgalom,2578.0
2354,2022-04-03,parliament,HU323,Szabolcs-Szatmár-Bereg,2,mi hazank,15889.0
2355,2022-04-03,parliament,HU323,Szabolcs-Szatmár-Bereg,2,normalis elet partja,2277.0
2356,2022-04-03,parliament,HU323,Szabolcs-Szatmár-Bereg,2,o o bolgar,0.0
2357,2022-04-03,parliament,HU323,Szabolcs-Szatmár-Bereg,2,o o lengyel,6.0
2358,2022-04-03,parliament,HU323,Szabolcs-Szatmár-Bereg,2,o o ormeny,1.0
2359,2022-04-03,parliament,HU323,Szabolcs-Szatmár-Bereg,2,o o ruszin,135.0
2360,2022-04-03,parliament,HU323,Szabolcs-Szatmár-Bereg,2,o o szerb,1.0
2361,2022-04-03,parliament,HU323,Szabolcs-Szatmár-Bereg,2,o o szlovak,14.0
2362,2022-04-03,parliament,HU323,Szabolcs-Szatmár-Bereg,2,o o ukran,92.0
2363,2022-04-03,parliament,HU331,Bács-Kiskun,0,eligible_voters,410773.0
2364,2022-04-03,parliament,HU331,Bács-Kiskun,1,issued_ballots,276977.0
2365,2022-04-03,parliament,HU331,Bács-Kiskun,2,dk jobbik momentum mszp lmp,81241.0
2366,2022-04-03,parliament,HU331,Bács-Kiskun,2,fidesz kdnp,156798.0
2367,2022-04-03,parliament,HU331,Bács-Kiskun,2,m o o gorogok,3.0
2368,2022-04-03,parliament,HU331,Bács-Kiskun,2,m o o nemetek,1423.0
2369,2022-04-03,parliament,HU331,Bács-Kiskun,2,m o o romanok,3.0
2370,2022-04-03,parliament,HU331,Bács-Kiskun,2,magyar ketfarku kutya part,8434.0
2371,2022-04-03,parliament,HU331,Bács-Kiskun,2,megoldas mozgalom,2768.0
2372,2022-04-03,parliament,HU331,Bács-Kiskun,2,mi hazank,20771.0
2373,2022-04-03,parliament,HU331,Bács-Kiskun,2,normalis elet partja,2208.0
2374,2022-04-03,parliament,HU331,Bács-Kiskun,2,o o bolgar,1.0
2375,2022-04-03,parliament,HU331,Bács-Kiskun,2,o o horvat,156.0
2376,2022-04-03,parliament,HU331,Bács-Kiskun,2,o o lengyel,2.0
2377,2022-04-03,parliament,HU331,Bács-Kiskun,2,o o ormeny,18.0
2378,2022-04-03,parliament,HU331,Bács-Kiskun,2,o o ruszin,1.0
2379,2022-04-03,parliament,HU331,Bács-Kiskun,2,o o szerb,14.0
2380,2022-04-03,parliament,HU331,Bács-Kiskun,2,o o szlovak,59.0
2381,2022-04-03,parliament,HU331,Bács-Kiskun,2,o o ukran,2.0
2382,2022-04-03,parliament,HU332,Békés,0,eligible_voters,276919.0
2383,2022-04-03,parliament,HU332,Békés,1,issued_ballots,183812.0
2384,2022-04-03,parliament,HU332,Békés,2,dk jobbik momentum mszp lmp,62324.0
2385,2022-04-03,parliament,HU332,Békés,2,fidesz kdnp,95785.0
2386,2022-04-03,parliament,HU332,Békés,2,m o o gorogok,4.0
2387,2022-04-03,parliament,HU332,Békés,2,m o o nemetek,526.0
2388,2022-04-03,parliament,HU332,Békés,2,m o o romanok,293.0
2389,2022-04-03,parliament,HU332,Békés,2,magyar ketfarku kutya part,4758.0
2390,2022-04-03,parliament,HU332,Békés,2,megoldas mozgalom,1668.0
2391,2022-04-03,parliament,HU332,Békés,2,mi hazank,13854.0
2392,2022-04-03,parliament,HU332,Békés,2,normalis elet partja,1613.0
2393,2022-04-03,parliament,HU332,Békés,2,o o bolgar,1.0
2394,2022-04-03,parliament,HU332,Békés,2,o o horvat,1.0
2395,2022-04-03,parliament,HU332,Békés,2,o o lengyel,12.0
2396,2022-04-03,parliament,HU332,Békés,2,o o ruszin,0.0
2397,2022-04-03,parliament,HU332,Békés,2,o o szerb,51.0
2398,2022-04-03,parliament,HU332,Békés,2,o o szlovak,464.0
2399,2022-04-03,parliament,HU332,Békés,2,o o ukran,8.0
2400,2022-04-03,parliament,HU333,Csongrád-Csanád,0,eligible_voters,324665.0
2401,2022-04-03,parliament,HU333,Csongrád-Csanád,1,issued_ballots,228552.0
2402,2022-04-03,parliament,HU333,Csongrád-Csanád,2,dk jobbik momentum mszp lmp,89817.0
2403,2022-04-03,parliament,HU333,Csongrád-Csanád,2,fidesz kdnp,107351.0
2404,2022-04-03,parliament,HU333,Csongrád-Csanád,2,m o o gorogok,7.0
2405,2022-04-03,parliament,HU333,Csongrád-Csanád,2,m o o nemetek,27.0
2406,2022-04-03,parliament,HU333,Csongrád-Csanád,2,m o o romanok,80.0
2407,2022-04-03,parliament,HU333,Csongrád-Csanád,2,magyar ketfarku kutya part,8170.0
2408,2022-04-03,parliament,HU333,Csongrád-Csanád,2,megoldas mozgalom,2484.0
2409,2022-04-03,parliament,HU333,Csongrád-Csanád,2,mi hazank,16620.0
2410,2022-04-03,parliament,HU333,Csongrád-Csanád,2,normalis elet partja,1620.0
2411,2022-04-03,parliament,HU333,Csongrád-Csanád,2,o o horvat,12.0
2412,2022-04-03,parliament,HU333,Csongrád-Csanád,2,o o lengyel,6.0
2413,2022-04-03,parliament,HU333,Csongrád-Csanád,2,o o ormeny,6.0
2414,2022-04-03,parliament,HU333,Csongrád-Csanád,2,o o szerb,77.0
2415,2022-04-03,parliament,HU333,Csongrád-Csanád,2,o o szlovak,21.0
2416,2022-04-03,parliament,HU333,Csongrád-Csanád,2,o o ukran,9.0
2417,2024-06-09,european,HU110,Budapest,0,eligible_voters,1266011.0
2418,2024-06-09,european,HU110,Budapest,1,issued_ballots,808879.0
2419,2024-06-09,european,HU110,Budapest,2,2rk part,7266.0
2420,2024-06-09,european,HU110,Budapest,2,dk mszp parbeszed zoldek,98348.0
2421,2024-06-09,european,HU110,Budapest,2,fidesz kdnp,264877.0
2422,2024-06-09,european,HU110,Budapest,2,jobbik,3183.0
2423,2024-06-09,european,HU110,Budapest,2,lmp,11089.0
2424,2024-06-09,european,HU110,Budapest,2,memo,2535.0
2425,2024-06-09,european,HU110,Budapest,2,mi hazank,35675.0
2426,2024-06-09,european,HU110,Budapest,2,mkkp,47370.0
2427,2024-06-09,european,HU110,Budapest,2,mmn,3992.0
2428,2024-06-09,european,HU110,Budapest,2,momentum,63081.0
2429,2024-06-09,european,HU110,Budapest,2,tisza,262393.0
2430,2024-06-09,european,HU120,Pest,0,eligible_voters,1046159.0
2431,2024-06-09,european,HU120,Pest,1,issued_ballots,616575.0
2432,2024-06-09,european,HU120,Pest,2,2rk part,4880.0
2433,2024-06-09,european,HU120,Pest,2,dk mszp parbeszed zoldek,43308.0
2434,2024-06-09,european,HU120,Pest,2,fidesz kdnp,252237.0
2435,2024-06-09,european,HU120,Pest,2,jobbik,3880.0
2436,2024-06-09,european,HU120,Pest,2,lmp,5376.0
2437,2024-06-09,european,HU120,Pest,2,memo,2541.0
2438,2024-06-09,european,HU120,Pest,2,mi hazank,44025.0
2439,2024-06-09,european,HU120,Pest,2,mkkp,27439.0
2440,2024-06-09,european,HU120,Pest,2,mmn,3331.0
2441,2024-06-09,european,HU120,Pest,2,momentum,26966.0
2442,2024-06-09,european,HU120,Pest,2,tisza,195591.0
2443,2024-06-09,european,HU211,Fejér,0,eligible_voters,337053.0
2444,2024-06-09,european,HU211,Fejér,1,issued_ballots,198097.0
2445,2024-06-09,european,HU211,Fejér,2,2rk part,1335.0
2446,2024-06-09,european,HU211,Fejér,2,dk mszp parbeszed zoldek,13967.0
2447,2024-06-09,european,HU211,Fejér,2,fidesz kdnp,89690.0
2448,2024-06-09,european,HU211,Fejér,2,jobbik,2304.0
2449,2024-06-09,european,HU211,Fejér,2,lmp,1367.0
2450,2024-06-09,european,HU211,Fejér,2,memo,849.0
2451,2024-06-09,european,HU211,Fejér,2,mi hazank,14508.0
2452,2024-06-09,european,HU211,Fejér,2,mkkp,7487.0
2453,2024-06-09,european,HU211,Fejér,2,mmn,1021.0
2454,2024-06-09,european,HU211,Fejér,2,momentum,5870.0
2455,2024-06-09,european,HU211,Fejér,2,tisza,57096.0
2456,2024-06-09,european,HU212,Komárom-Esztergom,0,eligible_voters,239870.0
2457,2024-06-09,european,HU212,Komárom-Esztergom,1,issued_ballots,134373.0
2458,2024-06-09,european,HU212,Komárom-Esztergom,2,2rk part,1032.0
2459,2024-06-09,european,HU212,Komárom-Esztergom,2,dk mszp parbeszed zoldek,11657.0
2460,2024-06-09,european,HU212,Komárom-Esztergom,2,fidesz kdnp,56592.0
2461,2024-06-09,european,HU212,Komárom-Esztergom,2,jobbik,1231.0
2462,2024-06-09,european,HU212,Komárom-Esztergom,2,lmp,1104.0
2463,2024-06-09,european,HU212,Komárom-Esztergom,2,memo,587.0
2464,2024-06-09,european,HU212,Komárom-Esztergom,2,mi hazank,9395.0
2465,2024-06-09,european,HU212,Komárom-Esztergom,2,mkkp,4596.0
2466,2024-06-09,european,HU212,Komárom-Esztergom,2,mmn,641.0
2467,2024-06-09,european,HU212,Komárom-Esztergom,2,momentum,3727.0
2468,2024-06-09,european,HU212,Komárom-Esztergom,2,tisza,42118.0
2469,2024-06-09,european,HU213,Veszprém,0,eligible_voters,275656.0
2470,2024-06-09,european,HU213,Veszprém,1,issued_ballots,169020.0
2471,2024-06-09,european,HU213,Veszprém,2,2rk part,1153.0
2472,2024-06-09,european,HU213,Veszprém,2,dk mszp parbeszed zoldek,13523.0
2473,2024-06-09,european,HU213,Veszprém,2,fidesz kdnp,75830.0
2474,2024-06-09,european,HU213,Veszprém,2,jobbik,2191.0
2475,2024-06-09,european,HU213,Veszprém,2,lmp,1778.0
2476,2024-06-09,european,HU213,Veszprém,2,memo,560.0
2477,2024-06-09,european,HU213,Veszprém,2,mi hazank,11551.0
2478,2024-06-09,european,HU213,Veszprém,2,mkkp,5817.0
2479,2024-06-09,european,HU213,Veszprém,2,mmn,758.0
2480,2024-06-09,european,HU213,Veszprém,2,momentum,4564.0
2481,2024-06-09,european,HU213,Veszprém,2,tisza,48733.0
2482,2024-06-09,european,HU221,Győr-Moson-Sopron,0,eligible_voters,358831.0
2483,2024-06-09,european,HU221,Győr-Moson-Sopron,1,issued_ballots,224743.0
2484,2024-06-09,european,HU221,Győr-Moson-Sopron,2,2rk part,1343.0
2485,2024-06-09,european,HU221,Győr-Moson-Sopron,2,dk mszp parbeszed zoldek,13229.0
2486,2024-06-09,european,HU221,Győr-Moson-Sopron,2,fidesz kdnp,106441.0
2487,2024-06-09,european,HU221,Győr-Moson-Sopron,2,jobbik,1913.0
2488,2024-06-09,european,HU221,Győr-Moson-Sopron,2,lmp,1986.0
2489,2024-06-09,european,HU221,Győr-Moson-Sopron,2,memo,817.0
2490,2024-06-09,european,HU221,Győr-Moson-Sopron,2,mi hazank,14576.0
2491,2024-06-09,european,HU221,Győr-Moson-Sopron,2,mkkp,6800.0
2492,2024-06-09,european,HU221,Győr-Moson-Sopron,2,mmn,969.0
2493,2024-06-09,european,HU221,Győr-Moson-Sopron,2,momentum,5887.0
2494,2024-06-09,european,HU221,Győr-Moson-Sopron,2,tisza,67710.0
2495,2024-06-09,european,HU222,Vas,0,eligible_voters,199837.0
2496,2024-06-09,european,HU222,Vas,1,issued_ballots,129314.0
2497,2024-06-09,european,HU222,Vas,2,2rk part,697.0
2498,2024-06-09,european,HU222,Vas,2,dk mszp parbeszed zoldek,9104.0
2499,2024-06-09,european,HU222,Vas,2,fidesz kdnp,65284.0
2500,2024-06-09,european,HU222,Vas,2,jobbik,1035.0
2501,2024-06-09,european,HU222,Vas,2,lmp,1160.0
2502,2024-06-09,european,HU222,Vas,2,memo,469.0
2503,2024-06-09,european,HU222,Vas,2,mi hazank,7526.0
2504,2024-06-09,european,HU222,Vas,2,mkkp,3787.0
2505,2024-06-09,european,HU222,Vas,2,mmn,749.0
2506,2024-06-09,european,HU222,Vas,2,momentum,3442.0
2507,2024-06-09,european,HU222,Vas,2,tisza,34018.0
2508,2024-06-09,european,HU223,Zala,0,eligible_voters,216448.0
2509,2024-06-09,european,HU223,Zala,1,issued_ballots,134460.0
2510,2024-06-09,european,HU223,Zala,2,2rk part,612.0
2511,2024-06-09,european,HU223,Zala,2,dk mszp parbeszed zoldek,9461.0
2512,2024-06-09,european,HU223,Zala,2,fidesz kdnp,66039.0
2513,2024-06-09,european,HU223,Zala,2,jobbik,1312.0
2514,2024-06-09,european,HU223,Zala,2,lmp,709.0
2515,2024-06-09,european,HU223,Zala,2,memo,424.0
2516,2024-06-09,european,HU223,Zala,2,mi hazank,8938.0
2517,2024-06-09,european,HU223,Zala,2,mkkp,3346.0
2518,2024-06-09,european,HU223,Zala,2,mmn,576.0
2519,2024-06-09,european,HU223,Zala,2,momentum,3755.0
2520,2024-06-09,european,HU223,Zala,2,tisza,37364.0
2521,2024-06-09,european,HU231,Baranya,0,eligible_voters,290778.0
2522,2024-06-09,european,HU231,Baranya,1,issued_ballots,172381.0
2523,2024-06-09,european,HU231,Baranya,2,2rk part,1076.0
2524,2024-06-09,european,HU231,Baranya,2,dk mszp parbeszed zoldek,15883.0
2525,2024-06-09,european,HU231,Baranya,2,fidesz kdnp,78791.0
2526,2024-06-09,european,HU231,Baranya,2,jobbik,1966.0
2527,2024-06-09,european,HU231,Baranya,2,lmp,1931.0
2528,2024-06-09,european,HU231,Baranya,2,memo,753.0
2529,2024-06-09,european,HU231,Baranya,2,mi hazank,10678.0
2530,2024-06-09,european,HU231,Baranya,2,mkkp,6082.0
2531,2024-06-09,european,HU231,Baranya,2,mmn,989.0
2532,2024-06-09,european,HU231,Baranya,2,momentum,5069.0
2533,2024-06-09,european,HU231,Baranya,2,tisza,45894.0
2534,2024-06-09,european,HU232,Somogy,0,eligible_voters,242775.0
2535,2024-06-09,european,HU232,Somogy,1,issued_ballots,146120.0
2536,2024-06-09,european,HU232,Somogy,2,2rk part,780.0
2537,2024-06-09,european,HU232,Somogy,2,dk mszp parbeszed zoldek,11286.0
2538,2024-06-09,european,HU232,Somogy,2,fidesz kdnp,72120.0
2539,2024-06-09,european,HU232,Somogy,2,jobbik,2330.0
2540,2024-06-09,european,HU232,Somogy,2,lmp,945.0
2541,2024-06-09,european,HU232,Somogy,2,memo,588.0
2542,2024-06-09,european,HU232,Somogy,2,mi hazank,9774.0
2543,2024-06-09,european,HU232,Somogy,2,mkkp,3448.0
2544,2024-06-09,european,HU232,Somogy,2,mmn,705.0
2545,2024-06-09,european,HU232,Somogy,2,momentum,2679.0
2546,2024-06-09,european,HU232,Somogy,2,tisza,39076.0
2547,2024-06-09,european,HU233,Tolna,0,eligible_voters,172120.0
2548,2024-06-09,european,HU233,Tolna,1,issued_ballots,101392.0
2549,2024-06-09,european,HU233,Tolna,2,2rk part,516.0
2550,2024-06-09,european,HU233,Tolna,2,dk mszp parbeszed zoldek,6976.0
2551,2024-06-09,european,HU233,Tolna,2,fidesz kdnp,51612.0
2552,2024-06-09,european,HU233,Tolna,2,jobbik,1199.0
2553,2024-06-09,european,HU233,Tolna,2,lmp,865.0
2554,2024-06-09,european,HU233,Tolna,2,memo,380.0
2555,2024-06-09,european,HU233,Tolna,2,mi hazank,7701.0
2556,2024-06-09,european,HU233,Tolna,2,mkkp,2549.0
2557,2024-06-09,european,HU233,Tolna,2,mmn,502.0
2558,2024-06-09,european,HU233,Tolna,2,momentum,2285.0
2559,2024-06-09,european,HU233,Tolna,2,tisza,24781.0
2560,2024-06-09,european,HU311,Borsod-Abaúj-Zemplén,0,eligible_voters,499521.0
2561,2024-06-09,european,HU311,Borsod-Abaúj-Zemplén,1,issued_ballots,290057.0
2562,2024-06-09,european,HU311,Borsod-Abaúj-Zemplén,2,2rk part,1487.0
2563,2024-06-09,european,HU311,Borsod-Abaúj-Zemplén,2,dk mszp parbeszed zoldek,22678.0
2564,2024-06-09,european,HU311,Borsod-Abaúj-Zemplén,2,fidesz kdnp,138805.0
2565,2024-06-09,european,HU311,Borsod-Abaúj-Zemplén,2,jobbik,5047.0
2566,2024-06-09,european,HU311,Borsod-Abaúj-Zemplén,2,lmp,1811.0
2567,2024-06-09,european,HU311,Borsod-Abaúj-Zemplén,2,memo,1299.0
2568,2024-06-09,european,HU311,Borsod-Abaúj-Zemplén,2,mi hazank,21535.0
2569,2024-06-09,european,HU311,Borsod-Abaúj-Zemplén,2,mkkp,6614.0
2570,2024-06-09,european,HU311,Borsod-Abaúj-Zemplén,2,mmn,1564.0
2571,2024-06-09,european,HU311,Borsod-Abaúj-Zemplén,2,momentum,6075.0
2572,2024-06-09,european,HU311,Borsod-Abaúj-Zemplén,2,tisza,77708.0
2573,2024-06-09,european,HU312,Heves,0,eligible_voters,232931.0
2574,2024-06-09,european,HU312,Heves,1,issued_ballots,139152.0
2575,2024-06-09,european,HU312,Heves,2,2rk part,1545.0
2576,2024-06-09,european,HU312,Heves,2,dk mszp parbeszed zoldek,10155.0
2577,2024-06-09,european,HU312,Heves,2,fidesz kdnp,64555.0
2578,2024-06-09,european,HU312,Heves,2,jobbik,2799.0
2579,2024-06-09,european,HU312,Heves,2,lmp,681.0
2580,2024-06-09,european,HU312,Heves,2,memo,435.0
2581,2024-06-09,european,HU312,Heves,2,mi hazank,10047.0
2582,2024-06-09,european,HU312,Heves,2,mkkp,3310.0
2583,2024-06-09,european,HU312,Heves,2,mmn,619.0
2584,2024-06-09,european,HU312,Heves,2,momentum,3462.0
2585,2024-06-09,european,HU312,Heves,2,tisza,39361.0
2586,2024-06-09,european,HU313,Nógrád,0,eligible_voters,150239.0
2587,2024-06-09,european,HU313,Nógrád,1,issued_ballots,89406.0
2588,2024-06-09,european,HU313,Nógrád,2,2rk part,426.0
2589,2024-06-09,european,HU313,Nógrád,2,dk mszp parbeszed zoldek,7056.0
2590,2024-06-09,european,HU313,Nógrád,2,fidesz kdnp,45294.0
2591,2024-06-09,european,HU313,Nógrád,2,jobbik,936.0
2592,2024-06-09,european,HU313,Nógrád,2,lmp,657.0
2593,2024-06-09,european,HU313,Nógrád,2,memo,305.0
2594,2024-06-09,european,HU313,Nógrád,2,mi hazank,7767.0
2595,2024-06-09,european,HU313,Nógrád,2,mkkp,2018.0
2596,2024-06-09,european,HU313,Nógrád,2,mmn,416.0
2597,2024-06-09,european,HU313,Nógrád,2,momentum,1458.0
2598,2024-06-09,european,HU313,Nógrád,2,tisza,21441.0
2599,2024-06-09,european,HU321,Hajdú-Bihar,0,eligible_voters,416816.0
2600,2024-06-09,european,HU321,Hajdú-Bihar,1,issued_ballots,229277.0
2601,2024-06-09,european,HU321,Hajdú-Bihar,2,2rk part,1341.0
2602,2024-06-09,european,HU321,Hajdú-Bihar,2,dk mszp parbeszed zoldek,13308.0
2603,2024-06-09,european,HU321,Hajdú-Bihar,2,fidesz kdnp,108754.0
2604,2024-06-09,european,HU321,Hajdú-Bihar,2,jobbik,1880.0
2605,2024-06-09,european,HU321,Hajdú-Bihar,2,lmp,1382.0
2606,2024-06-09,european,HU321,Hajdú-Bihar,2,memo,647.0
2607,2024-06-09,european,HU321,Hajdú-Bihar,2,mi hazank,16847.0
2608,2024-06-09,european,HU321,Hajdú-Bihar,2,mkkp,5731.0
2609,2024-06-09,european,HU321,Hajdú-Bihar,2,mmn,1013.0
2610,2024-06-09,european,HU321,Hajdú-Bihar,2,momentum,6635.0
2611,2024-06-09,european,HU321,Hajdú-Bihar,2,tisza,68422.0
2612,2024-06-09,european,HU322,Jász-Nagykun-Szolnok,0,eligible_voters,290351.0
2613,2024-06-09,european,HU322,Jász-Nagykun-Szolnok,1,issued_ballots,159550.0
2614,2024-06-09,european,HU322,Jász-Nagykun-Szolnok,2,2rk part,910.0
2615,2024-06-09,european,HU322,Jász-Nagykun-Szolnok,2,dk mszp parbeszed zoldek,11288.0
2616,2024-06-09,european,HU322,Jász-Nagykun-Szolnok,2,fidesz kdnp,73809.0
2617,2024-06-09,european,HU322,Jász-Nagykun-Szolnok,2,jobbik,3671.0
2618,2024-06-09,european,HU322,Jász-Nagykun-Szolnok,2,lmp,1809.0
2619,2024-06-09,european,HU322,Jász-Nagykun-Szolnok,2,memo,443.0
2620,2024-06-09,european,HU322,Jász-Nagykun-Szolnok,2,mi hazank,10810.0
2621,2024-06-09,european,HU322,Jász-Nagykun-Szolnok,2,mkkp,3496.0
2622,2024-06-09,european,HU322,Jász-Nagykun-Szolnok,2,mmn,778.0
2623,2024-06-09,european,HU322,Jász-Nagykun-Szolnok,2,momentum,3029.0
2624,2024-06-09,european,HU322,Jász-Nagykun-Szolnok,2,tisza,46470.0
2625,2024-06-09,european,HU323,Szabolcs-Szatmár-Bereg,0,eligible_voters,430851.0
2626,2024-06-09,european,HU323,Szabolcs-Szatmár-Bereg,1,issued_ballots,256399.0
2627,2024-06-09,european,HU323,Szabolcs-Szatmár-Bereg,2,2rk part,1038.0
2628,2024-06-09,european,HU323,Szabolcs-Szatmár-Bereg,2,dk mszp parbeszed zoldek,15924.0
2629,2024-06-09,european,HU323,Szabolcs-Szatmár-Bereg,2,fidesz kdnp,137018.0
2630,2024-06-09,european,HU323,Szabolcs-Szatmár-Bereg,2,jobbik,3448.0
2631,2024-06-09,european,HU323,Szabolcs-Szatmár-Bereg,2,lmp,1317.0
2632,2024-06-09,european,HU323,Szabolcs-Szatmár-Bereg,2,memo,971.0
2633,2024-06-09,european,HU323,Szabolcs-Szatmár-Bereg,2,mi hazank,15989.0
2634,2024-06-09,european,HU323,Szabolcs-Szatmár-Bereg,2,mkkp,4055.0
2635,2024-06-09,european,HU323,Szabolcs-Szatmár-Bereg,2,mmn,1105.0
2636,2024-06-09,european,HU323,Szabolcs-Szatmár-Bereg,2,momentum,3270.0
2637,2024-06-09,european,HU323,Szabolcs-Szatmár-Bereg,2,tisza,67400.0
2638,2024-06-09,european,HU331,Bács-Kiskun,0,eligible_voters,402601.0
2639,2024-06-09,european,HU331,Bács-Kiskun,1,issued_ballots,221633.0
2640,2024-06-09,european,HU331,Bács-Kiskun,2,2rk part,1210.0
2641,2024-06-09,european,HU331,Bács-Kiskun,2,dk mszp parbeszed zoldek,13654.0
2642,2024-06-09,european,HU331,Bács-Kiskun,2,fidesz kdnp,105648.0
2643,2024-06-09,european,HU331,Bács-Kiskun,2,jobbik,1854.0
2644,2024-06-09,european,HU331,Bács-Kiskun,2,lmp,1315.0
2645,2024-06-09,european,HU331,Bács-Kiskun,2,memo,875.0
2646,2024-06-09,european,HU331,Bács-Kiskun,2,mi hazank,18910.0
2647,2024-06-09,european,HU331,Bács-Kiskun,2,mkkp,6359.0
2648,2024-06-09,european,HU331,Bács-Kiskun,2,mmn,1174.0
2649,2024-06-09,european,HU331,Bács-Kiskun,2,momentum,4982.0
2650,2024-06-09,european,HU331,Bács-Kiskun,2,tisza,62480.0
2651,2024-06-09,european,HU332,Békés,0,eligible_voters,268464.0
2652,2024-06-09,european,HU332,Békés,1,issued_ballots,150625.0
2653,2024-06-09,european,HU332,Békés,2,2rk part,956.0
2654,2024-06-09,european,HU332,Békés,2,dk mszp parbeszed zoldek,10723.0
2655,2024-06-09,european,HU332,Békés,2,fidesz kdnp,67580.0
2656,2024-06-09,european,HU332,Békés,2,jobbik,1867.0
2657,2024-06-09,european,HU332,Békés,2,lmp,940.0
2658,2024-06-09,european,HU332,Békés,2,memo,602.0
2659,2024-06-09,european,HU332,Békés,2,mi hazank,12856.0
2660,2024-06-09,european,HU332,Békés,2,mkkp,3896.0
2661,2024-06-09,european,HU332,Békés,2,mmn,1221.0
2662,2024-06-09,european,HU332,Békés,2,momentum,3439.0
2663,2024-06-09,european,HU332,Békés,2,tisza,44221.0
2664,2024-06-09,european,HU333,Csongrád-Csanád,0,eligible_voters,318032.0
2665,2024-06-09,european,HU333,Csongrád-Csanád,1,issued_ballots,186565.0
2666,2024-06-09,european,HU333,Csongrád-Csanád,2,2rk part,1097.0
2667,2024-06-09,european,HU333,Csongrád-Csanád,2,dk mszp parbeszed zoldek,14451.0
2668,2024-06-09,european,HU333,Csongrád-Csanád,2,fidesz kdnp,70635.0
2669,2024-06-09,european,HU333,Csongrád-Csanád,2,jobbik,1234.0
2670,2024-06-09,european,HU333,Csongrád-Csanád,2,lmp,1147.0
2671,2024-06-09,european,HU333,Csongrád-Csanád,2,memo,613.0
2672,2024-06-09,european,HU333,Csongrád-Csanád,2,mi hazank,15716.0
2673,2024-06-09,european,HU333,Csongrád-Csanád,2,mkkp,7421.0
2674,2024-06-09,european,HU333,Csongrád-Csanád,2,mmn,6939.0
2675,2024-06-09,european,HU333,Csongrád-Csanád,2,momentum,6649.0
2676,2024-06-09,european,HU333,Csongrád-Csanád,2,tisza,58450.0
2677,2026-04-12,parliament,HU110,Budapest,0,eligible_voters,1181603.0
2678,2026-04-12,parliament,HU110,Budapest,1,issued_ballots,1023790.0
2679,2026-04-12,parliament,HU110,Budapest,2,dk,17357.0
2680,2026-04-12,parliament,HU110,Budapest,2,fidesz,290825.0
2681,2026-04-12,parliament,HU110,Budapest,2,mi hazank,47120.0
2682,2026-04-12,parliament,HU110,Budapest,2,mkkp,14585.0
2683,2026-04-12,parliament,HU110,Budapest,2,tisza,653903.0
2684,2026-04-12,parliament,HU120,Pest,0,eligible_voters,1020204.0
2685,2026-04-12,parliament,HU120,Pest,1,issued_ballots,863453.0
2686,2026-04-12,parliament,HU120,Pest,2,dk,8870.0
2687,2026-04-12,parliament,HU120,Pest,2,fidesz,298026.0
2688,2026-04-12,parliament,HU120,Pest,2,mi hazank,54442.0
2689,2026-04-12,parliament,HU120,Pest,2,mkkp,7935.0
2690,2026-04-12,parliament,HU120,Pest,2,tisza,494180.0
2691,2026-04-12,parliament,HU211,Fejér,0,eligible_voters,325678.0
2692,2026-04-12,parliament,HU211,Fejér,1,issued_ballots,271482.0
2693,2026-04-12,parliament,HU211,Fejér,2,dk,3247.0
2694,2026-04-12,parliament,HU211,Fejér,2,fidesz,102041.0
2695,2026-04-12,parliament,HU211,Fejér,2,mi hazank,16993.0
2696,2026-04-12,parliament,HU211,Fejér,2,mkkp,2621.0
2697,2026-04-12,parliament,HU211,Fejér,2,tisza,146580.0
2698,2026-04-12,parliament,HU212,Komárom-Esztergom,0,eligible_voters,231833.0
2699,2026-04-12,parliament,HU212,Komárom-Esztergom,1,issued_ballots,188239.0
2700,2026-04-12,parliament,HU212,Komárom-Esztergom,2,dk,2377.0
2701,2026-04-12,parliament,HU212,Komárom-Esztergom,2,fidesz,66913.0
2702,2026-04-12,parliament,HU212,Komárom-Esztergom,2,mi hazank,11178.0
2703,2026-04-12,parliament,HU212,Komárom-Esztergom,2,mkkp,1483.0
2704,2026-04-12,parliament,HU212,Komárom-Esztergom,2,tisza,106288.0
2705,2026-04-12,parliament,HU213,Veszprém,0,eligible_voters,262117.0
2706,2026-04-12,parliament,HU213,Veszprém,1,issued_ballots,220648.0
2707,2026-04-12,parliament,HU213,Veszprém,2,dk,2697.0
2708,2026-04-12,parliament,HU213,Veszprém,2,fidesz,82181.0
2709,2026-04-12,parliament,HU213,Veszprém,2,mi hazank,13634.0
2710,2026-04-12,parliament,HU213,Veszprém,2,mkkp,1848.0
2711,2026-04-12,parliament,HU213,Veszprém,2,tisza,120288.0
2712,2026-04-12,parliament,HU221,Győr-Moson-Sopron,0,eligible_voters,347851.0
2713,2026-04-12,parliament,HU221,Győr-Moson-Sopron,1,issued_ballots,296768.0
2714,2026-04-12,parliament,HU221,Győr-Moson-Sopron,2,dk,2830.0
2715,2026-04-12,parliament,HU221,Győr-Moson-Sopron,2,fidesz,116850.0
2716,2026-04-12,parliament,HU221,Győr-Moson-Sopron,2,mi hazank,18047.0
2717,2026-04-12,parliament,HU221,Győr-Moson-Sopron,2,mkkp,2251.0
2718,2026-04-12,parliament,HU221,Győr-Moson-Sopron,2,tisza,156790.0
2719,2026-04-12,parliament,HU222,Vas,0,eligible_voters,192164.0
2720,2026-04-12,parliament,HU222,Vas,1,issued_ballots,164990.0
2721,2026-04-12,parliament,HU222,Vas,2,dk,1796.0
2722,2026-04-12,parliament,HU222,Vas,2,fidesz,71545.0
2723,2026-04-12,parliament,HU222,Vas,2,mi hazank,9687.0
2724,2026-04-12,parliament,HU222,Vas,2,mkkp,1181.0
2725,2026-04-12,parliament,HU222,Vas,2,tisza,80781.0
2726,2026-04-12,parliament,HU223,Zala,0,eligible_voters,205072.0
2727,2026-04-12,parliament,HU223,Zala,1,issued_ballots,172896.0
2728,2026-04-12,parliament,HU223,Zala,2,dk,1974.0
2729,2026-04-12,parliament,HU223,Zala,2,fidesz,69555.0
2730,2026-04-12,parliament,HU223,Zala,2,mi hazank,10583.0
2731,2026-04-12,parliament,HU223,Zala,2,mkkp,1216.0
2732,2026-04-12,parliament,HU223,Zala,2,tisza,89568.0
2733,2026-04-12,parliament,HU231,Baranya,0,eligible_voters,275957.0
2734,2026-04-12,parliament,HU231,Baranya,1,issued_ballots,215098.0
2735,2026-04-12,parliament,HU231,Baranya,2,dk,2916.0
2736,2026-04-12,parliament,HU231,Baranya,2,fidesz,76538.0
2737,2026-04-12,parliament,HU231,Baranya,2,mi hazank,11579.0
2738,2026-04-12,parliament,HU231,Baranya,2,mkkp,1595.0
2739,2026-04-12,parliament,HU231,Baranya,2,tisza,122470.0
2740,2026-04-12,parliament,HU232,Somogy,0,eligible_voters,228810.0
2741,2026-04-12,parliament,HU232,Somogy,1,issued_ballots,184774.0
2742,2026-04-12,parliament,HU232,Somogy,2,dk,2280.0
2743,2026-04-12,parliament,HU232,Somogy,2,fidesz,75307.0
2744,2026-04-12,parliament,HU232,Somogy,2,mi hazank,10515.0
2745,2026-04-12,parliament,HU232,Somogy,2,mkkp,1147.0
2746,2026-04-12,parliament,HU232,Somogy,2,tisza,95525.0
2747,2026-04-12,parliament,HU233,Tolna,0,eligible_voters,163957.0
2748,2026-04-12,parliament,HU233,Tolna,1,issued_ballots,129799.0
2749,2026-04-12,parliament,HU233,Tolna,2,dk,1271.0
2750,2026-04-12,parliament,HU233,Tolna,2,fidesz,55893.0
2751,2026-04-12,parliament,HU233,Tolna,2,mi hazank,8427.0
2752,2026-04-12,parliament,HU233,Tolna,2,mkkp,724.0
2753,2026-04-12,parliament,HU233,Tolna,2,tisza,63484.0
2754,2026-04-12,parliament,HU311,Borsod-Abaúj-Zemplén,0,eligible_voters,473361.0
2755,2026-04-12,parliament,HU311,Borsod-Abaúj-Zemplén,1,issued_ballots,359758.0
2756,2026-04-12,parliament,HU311,Borsod-Abaúj-Zemplén,2,dk,3618.0
2757,2026-04-12,parliament,HU311,Borsod-Abaúj-Zemplén,2,fidesz,135602.0
2758,2026-04-12,parliament,HU311,Borsod-Abaúj-Zemplén,2,mi hazank,21420.0
2759,2026-04-12,parliament,HU311,Borsod-Abaúj-Zemplén,2,mkkp,2002.0
2760,2026-04-12,parliament,HU311,Borsod-Abaúj-Zemplén,2,tisza,197116.0
2761,2026-04-12,parliament,HU312,Heves,0,eligible_voters,222304.0
2762,2026-04-12,parliament,HU312,Heves,1,issued_ballots,179528.0
2763,2026-04-12,parliament,HU312,Heves,2,dk,1876.0
2764,2026-04-12,parliament,HU312,Heves,2,fidesz,68736.0
2765,2026-04-12,parliament,HU312,Heves,2,mi hazank,12315.0
2766,2026-04-12,parliament,HU312,Heves,2,mkkp,1027.0
2767,2026-04-12,parliament,HU312,Heves,2,tisza,95574.0
2768,2026-04-12,parliament,HU313,Nógrád,0,eligible_voters,142834.0
2769,2026-04-12,parliament,HU313,Nógrád,1,issued_ballots,111224.0
2770,2026-04-12,parliament,HU313,Nógrád,2,dk,1182.0
2771,2026-04-12,parliament,HU313,Nógrád,2,fidesz,47716.0
2772,2026-04-12,parliament,HU313,Nógrád,2,mi hazank,8193.0
2773,2026-04-12,parliament,HU313,Nógrád,2,mkkp,566.0
2774,2026-04-12,parliament,HU313,Nógrád,2,tisza,53567.0
2775,2026-04-12,parliament,HU321,Hajdú-Bihar,0,eligible_voters,400012.0
2776,2026-04-12,parliament,HU321,Hajdú-Bihar,1,issued_ballots,314548.0
2777,2026-04-12,parliament,HU321,Hajdú-Bihar,2,dk,2822.0
2778,2026-04-12,parliament,HU321,Hajdú-Bihar,2,fidesz,122952.0
2779,2026-04-12,parliament,HU321,Hajdú-Bihar,2,mi hazank,18607.0
2780,2026-04-12,parliament,HU321,Hajdú-Bihar,2,mkkp,2130.0
2781,2026-04-12,parliament,HU321,Hajdú-Bihar,2,tisza,168037.0
2782,2026-04-12,parliament,HU322,Jász-Nagykun-Szolnok,0,eligible_voters,276672.0
2783,2026-04-12,parliament,HU322,Jász-Nagykun-Szolnok,1,issued_ballots,216447.0
2784,2026-04-12,parliament,HU322,Jász-Nagykun-Szolnok,2,dk,2151.0
2785,2026-04-12,parliament,HU322,Jász-Nagykun-Szolnok,2,fidesz,83902.0
2786,2026-04-12,parliament,HU322,Jász-Nagykun-Szolnok,2,mi hazank,14465.0
2787,2026-04-12,parliament,HU322,Jász-Nagykun-Szolnok,2,mkkp,1338.0
2788,2026-04-12,parliament,HU322,Jász-Nagykun-Szolnok,2,tisza,114591.0
2789,2026-04-12,parliament,HU323,Szabolcs-Szatmár-Bereg,0,eligible_voters,411286.0
2790,2026-04-12,parliament,HU323,Szabolcs-Szatmár-Bereg,1,issued_ballots,316467.0
2791,2026-04-12,parliament,HU323,Szabolcs-Szatmár-Bereg,2,dk,2542.0
2792,2026-04-12,parliament,HU323,Szabolcs-Szatmár-Bereg,2,fidesz,138346.0
2793,2026-04-12,parliament,HU323,Szabolcs-Szatmár-Bereg,2,mi hazank,15319.0
2794,2026-04-12,parliament,HU323,Szabolcs-Szatmár-Bereg,2,mkkp,1376.0
2795,2026-04-12,parliament,HU323,Szabolcs-Szatmár-Bereg,2,tisza,158884.0
2796,2026-04-12,parliament,HU331,Bács-Kiskun,0,eligible_voters,385373.0
2797,2026-04-12,parliament,HU331,Bács-Kiskun,1,issued_ballots,306491.0
2798,2026-04-12,parliament,HU331,Bács-Kiskun,2,dk,3032.0
2799,2026-04-12,parliament,HU331,Bács-Kiskun,2,fidesz,119733.0
2800,2026-04-12,parliament,HU331,Bács-Kiskun,2,mi hazank,21093.0
2801,2026-04-12,parliament,HU331,Bács-Kiskun,2,mkkp,2217.0
2802,2026-04-12,parliament,HU331,Bács-Kiskun,2,tisza,160416.0
2803,2026-04-12,parliament,HU332,Békés,0,eligible_voters,253153.0
2804,2026-04-12,parliament,HU332,Békés,1,issued_ballots,202240.0
2805,2026-04-12,parliament,HU332,Békés,2,dk,2009.0
2806,2026-04-12,parliament,HU332,Békés,2,fidesz,74586.0
2807,2026-04-12,parliament,HU332,Békés,2,mi hazank,13045.0
2808,2026-04-12,parliament,HU332,Békés,2,mkkp,1298.0
2809,2026-04-12,parliament,HU332,Békés,2,tisza,111302.0
2810,2026-04-12,parliament,HU333,Csongrád-Csanád,0,eligible_voters,303350.0
2811,2026-04-12,parliament,HU333,Csongrád-Csanád,1,issued_ballots,250627.0
2812,2026-04-12,parliament,HU333,Csongrád-Csanád,2,dk,2920.0
2813,2026-04-12,parliament,HU333,Csongrád-Csanád,2,fidesz,78424.0
2814,2026-04-12,parliament,HU333,Csongrád-Csanád,2,mi hazank,16851.0
2815,2026-04-12,parliament,HU333,Csongrád-Csanád,2,mkkp,2249.0
2816,2026-04-12,parliament,HU333,Csongrád-Csanád,2,tisza,150183.0
