{
"type": "FeatureCollection",
"name": "hungary_nuts_1",
"crs": { "type": "name", "properties": { "name": "urn:ogc:def:crs:OGC:1.3:CRS84" } },
"features": [
{ "type": "Feature", "properties": { "index": 1708, "nuts_1_code": "HU1", "nuts_1_name": "Közép-Magyarország" }, "geometry": { "type": "Polygon", "coordinates": [ [ [ 18.928327870845379, 48.056781691841209 ], [ 18.957247044320866, 48.027866782471179 ], [ 18.975321527743048, 48.025292167253298 ], [ 18.982551321111927, 48.026876545848907 ], [ 18.990438368423412, 48.028559948106761 ], [ 19.00555520910379, 48.016974179626303 ], [ 19.00194031241935, 48.01182494919054 ], [ 19.001118744991075, 48.010735688906053 ], [ 19.002926193333295, 48.010636665243823 ], [ 19.007034030474699, 48.010339594257147 ], [ 19.002433252876315, 48.003605985225775 ], [ 19.00374776076157, 47.992119240407533 ], [ 18.996025026935726, 47.989940719838557 ], [ 18.988630920081206, 47.987762199269582 ], [ 18.991424249337356, 47.983207110807186 ], [ 18.993396011165231, 47.979741282629263 ], [ 18.959383119634396, 47.963204331037502 ], [ 18.940815695755248, 47.954193177774926 ], [ 18.946895294724527, 47.948152734379136 ], [ 18.942623144097468, 47.943993740565631 ], [ 18.957739984777831, 47.93359625603189 ], [ 18.967270166945895, 47.921515369240296 ], [ 18.985344650368077, 47.915771996831182 ], [ 19.003583447275915, 47.897650666643798 ], [ 19.014592450814888, 47.891709246910224 ], [ 19.028066156638687, 47.888936584367897 ], [ 19.029052037552631, 47.888738537043452 ], [ 19.04400456474734, 47.878539099834157 ], [ 19.044990445661284, 47.874380106020652 ], [ 19.045976326575214, 47.869924041220486 ], [ 19.047126520974814, 47.862596290215748 ], [ 19.053041806458438, 47.859328509362285 ], [ 19.061914734683867, 47.858833391051149 ], [ 19.063886496511742, 47.858734367388919 ], [ 19.074238246108081, 47.853090018642035 ], [ 19.074402559593736, 47.847247622570691 ], [ 19.074402559593736, 47.845861291299528 ], [ 19.086068817075329, 47.838137445645884 ], [ 19.097735074556923, 47.842098392134929 ], [ 19.101021344270052, 47.846158362286204 ], [ 19.102335852155292, 47.847643717219597 ], [ 19.109401332038516, 47.850416379761924 ], [ 19.127311501975043, 47.850317356099708 ], [ 19.134869922315232, 47.850218332437478 ], [ 19.150808330423871, 47.847346646232921 ], [ 19.163953409276374, 47.844970078339486 ], [ 19.171347516130908, 47.847841764544043 ], [ 19.171840456587873, 47.848039811868503 ], [ 19.180220444356337, 47.849030048490761 ], [ 19.207989423432238, 47.841900344810483 ], [ 19.222120383198671, 47.831601883938959 ], [ 19.23066468445279, 47.825165345894263 ], [ 19.262212873698786, 47.827343866463238 ], [ 19.275357952551289, 47.824769251245357 ], [ 19.291296360659942, 47.827640937449914 ], [ 19.302141050713246, 47.829918481681119 ], [ 19.30592026088334, 47.830314576330025 ], [ 19.319393966707153, 47.831601883938959 ], [ 19.324487684762488, 47.83259212056123 ], [ 19.332703359045297, 47.828829221396632 ], [ 19.35077784246748, 47.820709281094082 ], [ 19.355378620065849, 47.818629784187337 ], [ 19.374438984401976, 47.818827831511797 ], [ 19.380682896856911, 47.821303423067448 ], [ 19.381340150799531, 47.821303423067448 ], [ 19.41995381992875, 47.817243452916173 ], [ 19.425376164955395, 47.816649310942822 ], [ 19.446243977633742, 47.802191856257792 ], [ 19.435070660609114, 47.798428957093208 ], [ 19.427183613297615, 47.795854341875327 ], [ 19.421596954785301, 47.782387123812569 ], [ 19.416338923244311, 47.777733011687943 ], [ 19.415517355816021, 47.771197449981017 ], [ 19.42422597055581, 47.77248475758995 ], [ 19.428662434668524, 47.771395497305463 ], [ 19.444436529291522, 47.767434550816418 ], [ 19.446079664148087, 47.761295083758398 ], [ 19.440985946092738, 47.754165380078121 ], [ 19.440493005635773, 47.753472214442539 ], [ 19.436220855008713, 47.751194670211333 ], [ 19.434577720152149, 47.749511267953494 ], [ 19.433591839238204, 47.744857155828868 ], [ 19.432770271809929, 47.742876682584338 ], [ 19.433920466209528, 47.738618665108618 ], [ 19.437042422436988, 47.732578221712828 ], [ 19.438849870779208, 47.731984079739462 ], [ 19.440657319121428, 47.730201653819393 ], [ 19.443779275348902, 47.728221180574877 ], [ 19.444765156262832, 47.725943636343672 ], [ 19.448051425975962, 47.721883666192397 ], [ 19.450023187803836, 47.718219790690029 ], [ 19.451337695689077, 47.716734435756635 ], [ 19.452487890088676, 47.715150057161026 ], [ 19.454131024945241, 47.71455591518766 ], [ 19.45988199694321, 47.713169583916496 ], [ 19.46448277454158, 47.711981299969779 ], [ 19.468261984711674, 47.704950619951731 ], [ 19.477299226422758, 47.687819526386605 ], [ 19.486007841162547, 47.68999804695558 ], [ 19.491430186189191, 47.692572662173461 ], [ 19.495045082873631, 47.693562898795719 ], [ 19.500960368357255, 47.695543372040248 ], [ 19.504246638070384, 47.6961375140136 ], [ 19.506382713383914, 47.69633556133806 ], [ 19.509011729154409, 47.695939466689154 ], [ 19.511312117953594, 47.698415058244805 ], [ 19.509833296582684, 47.70039553148932 ], [ 19.508847415668754, 47.704059406991689 ], [ 19.501288995328565, 47.705445738262867 ], [ 19.490937245732226, 47.707426211507382 ], [ 19.491594499674846, 47.713565678565402 ], [ 19.496359590758885, 47.717625648716677 ], [ 19.505561145955625, 47.720299287596788 ], [ 19.517884657379838, 47.723765115774697 ], [ 19.533658752002836, 47.739014759757524 ], [ 19.541217172343025, 47.746441534424477 ], [ 19.570957913246801, 47.734855765944019 ], [ 19.593797487753008, 47.720200263934558 ], [ 19.606778253119856, 47.711882276307563 ], [ 19.603656296892382, 47.701484791773808 ], [ 19.599712773236632, 47.700890649800456 ], [ 19.597741011408758, 47.70059357881378 ], [ 19.595933563066538, 47.697127750635858 ], [ 19.598069638380068, 47.694949230066882 ], [ 19.599877086722287, 47.693166804146813 ], [ 19.597248070951792, 47.691384378226743 ], [ 19.593797487753008, 47.689403904982228 ], [ 19.591497098953823, 47.687918550048835 ], [ 19.600041400207942, 47.676629852555052 ], [ 19.607106880091166, 47.667420651968015 ], [ 19.607271193576821, 47.665935297034636 ], [ 19.607435507062476, 47.661380208572226 ], [ 19.612036284660846, 47.657023167434275 ], [ 19.624031169113749, 47.650289558402903 ], [ 19.635204486138377, 47.648012014171698 ], [ 19.644406041335131, 47.646031540927183 ], [ 19.641941339050277, 47.64266473641149 ], [ 19.639312323279782, 47.638901837246891 ], [ 19.638162128880182, 47.637218434989052 ], [ 19.643584473906841, 47.630781896944356 ], [ 19.65147152121834, 47.621671720019549 ], [ 19.656400925788034, 47.615829323948205 ], [ 19.655907985331055, 47.611571306472484 ], [ 19.654593477445815, 47.598302135734173 ], [ 19.660508762929439, 47.59335095262287 ], [ 19.666259734927394, 47.588597816836014 ], [ 19.65229308864663, 47.562653617332771 ], [ 19.65755112018762, 47.558692670843726 ], [ 19.654593477445815, 47.551067848852313 ], [ 19.65262171561794, 47.54780006799885 ], [ 19.65755112018762, 47.545126429118739 ], [ 19.660508762929439, 47.543443026860899 ], [ 19.667902869783958, 47.540967435305248 ], [ 19.671517766468398, 47.53977915135853 ], [ 19.676447171038092, 47.536214299518392 ], [ 19.678090305894642, 47.53542211022058 ], [ 19.682362456521716, 47.53344163697605 ], [ 19.684662845320901, 47.531956282042657 ], [ 19.691235384747145, 47.526906075269125 ], [ 19.69320714657502, 47.524727554700149 ], [ 19.697150670230769, 47.522450010468958 ], [ 19.697479297202079, 47.521954892157822 ], [ 19.6981365511447, 47.520865631873335 ], [ 19.702737328743083, 47.517201756370966 ], [ 19.710624376054582, 47.518984182291035 ], [ 19.718182796394757, 47.5272031462558 ], [ 19.725576903249291, 47.531461163731535 ], [ 19.736421593302595, 47.537897701776231 ], [ 19.741022370900978, 47.53532308655835 ], [ 19.745623148499348, 47.532847495002699 ], [ 19.756139211581342, 47.534728944584998 ], [ 19.757453719466596, 47.535026015571674 ], [ 19.758439600380527, 47.534629920922768 ], [ 19.767476842091625, 47.531164092744859 ], [ 19.77125605226172, 47.534134802611632 ], [ 19.777335651230999, 47.538788914736273 ], [ 19.789987789626522, 47.531362140069305 ], [ 19.772406246661305, 47.517795898344318 ], [ 19.770927425290409, 47.516607614397614 ], [ 19.769941544376465, 47.514627141153085 ], [ 19.763861945407186, 47.501952112388139 ], [ 19.753838822782157, 47.49422826673451 ], [ 19.746937656384603, 47.488980012636517 ], [ 19.750059612612063, 47.487098563054218 ], [ 19.753510195810847, 47.484226876849661 ], [ 19.756960779009631, 47.482444450929592 ], [ 19.758768227351851, 47.481157143320658 ], [ 19.76665527466335, 47.477691315142735 ], [ 19.773720754546559, 47.474126463302596 ], [ 19.777992905173619, 47.472046966395851 ], [ 19.789659162655212, 47.466996759622319 ], [ 19.798203463909331, 47.462837765808814 ], [ 19.803790122421645, 47.459669008617581 ], [ 19.8051046303069, 47.457985606359742 ], [ 19.8051046303069, 47.457886582697512 ], [ 19.807076392134775, 47.456104156777442 ], [ 19.80756933259174, 47.455906109452982 ], [ 19.809541094419615, 47.454618801844049 ], [ 19.814141872017984, 47.450459808030544 ], [ 19.816770887788493, 47.447489098163771 ], [ 19.817592455216769, 47.4464988615415 ], [ 19.819071276587678, 47.444419364634754 ], [ 19.823836367671703, 47.436299424332205 ], [ 19.826629696927853, 47.43233847784316 ], [ 19.824657935099978, 47.428872649665252 ], [ 19.835173998181986, 47.42629803444737 ], [ 19.837967327438136, 47.425406821487329 ], [ 19.851112406290639, 47.415999573575846 ], [ 19.852919854632859, 47.414811289629142 ], [ 19.88660411919237, 47.399264574659639 ], [ 19.926039355749865, 47.381044220810026 ], [ 19.928668371520359, 47.38074714982335 ], [ 19.930640133348234, 47.380053984187768 ], [ 19.932283268204799, 47.379162771227726 ], [ 19.937869926717113, 47.377677416294333 ], [ 19.940827569458918, 47.376885226996521 ], [ 19.969582429448764, 47.363517032595993 ], [ 19.990450242127096, 47.346088868044191 ], [ 19.990778869098406, 47.338959164363914 ], [ 19.991271809555386, 47.330344105750243 ], [ 20.008196098577969, 47.313411059509576 ], [ 20.017561967260377, 47.303904787935863 ], [ 20.016576086346433, 47.299547746797913 ], [ 20.013125503147648, 47.294893634673286 ], [ 20.007867471606659, 47.288556120290806 ], [ 20.003431007493944, 47.283406889855044 ], [ 20.00063767823778, 47.277564493783714 ], [ 19.99324357138326, 47.263107039098685 ], [ 19.990614555612751, 47.258452926974059 ], [ 19.989957301670131, 47.256373430067313 ], [ 19.988314166813566, 47.25310564921385 ], [ 19.991600436526696, 47.252412483578269 ], [ 19.99751572201032, 47.251620294280457 ], [ 20.003595320979599, 47.249936892022617 ], [ 20.008031785092314, 47.248550560751454 ], [ 20.020026669545217, 47.245876921871343 ], [ 20.03382900234034, 47.242807188342326 ], [ 20.044673692393644, 47.238252099879929 ], [ 20.050588977877268, 47.234885295364236 ], [ 20.054368188047363, 47.231320443524098 ], [ 20.058804652160077, 47.229042899292892 ], [ 20.063405429758461, 47.226270236750565 ], [ 20.065705818557646, 47.224685858154942 ], [ 20.079508151352769, 47.220427840679221 ], [ 20.079836778324079, 47.216367870527947 ], [ 20.080165405295389, 47.210129379807711 ], [ 20.084108928951139, 47.208346953887641 ], [ 20.084930496379414, 47.207950859238736 ], [ 20.098075575231917, 47.181313494099896 ], [ 20.084930496379414, 47.165469708143718 ], [ 20.070963850098636, 47.156161483894465 ], [ 20.063569743244116, 47.149031780214173 ], [ 20.059461906102712, 47.147150330631874 ], [ 20.055847009418272, 47.145565952036264 ], [ 20.055354068961293, 47.14170402920945 ], [ 20.047302708164139, 47.125167077617675 ], [ 20.057490144274837, 47.11061059927043 ], [ 20.056011322903927, 47.104174061225734 ], [ 20.070306596156016, 47.086646873011702 ], [ 20.075728941182675, 47.08011131130479 ], [ 20.079672464838424, 47.076348412140192 ], [ 20.081808540151954, 47.070704063393293 ], [ 20.088709706549508, 47.052384685881464 ], [ 20.091831662776983, 47.043769627267793 ], [ 20.096596753861007, 47.042977437969981 ], [ 20.098568515688882, 47.042581343321075 ], [ 20.100704591002412, 47.042086225009939 ], [ 20.104812428143816, 47.040996964725451 ], [ 20.108427324828256, 47.039412586129842 ], [ 20.112699475455315, 47.033372142734052 ], [ 20.108098697856946, 47.025549273418179 ], [ 20.106455563000381, 47.023172705524757 ], [ 20.094624992033133, 47.007427943230795 ], [ 20.070142282670361, 47.018716640724577 ], [ 20.061597981416242, 47.014359599586626 ], [ 20.058804652160077, 47.012874244653233 ], [ 20.049438783477683, 47.011289866057609 ], [ 20.026434895485806, 47.007229895906349 ], [ 20.018876475145618, 47.004457233364008 ], [ 20.003759634465254, 46.999407026590475 ], [ 19.999816110809505, 46.998317766305988 ], [ 19.995543960182445, 46.995149009114755 ], [ 19.992422003954971, 46.991980251923522 ], [ 19.987656912870946, 46.988613447407829 ], [ 19.986178091500037, 46.986137855852178 ], [ 19.982727508301252, 46.983068122323161 ], [ 19.982891821786907, 46.974155992722814 ], [ 19.982891821786907, 46.974056969060584 ], [ 19.983549075729542, 46.962768271566802 ], [ 19.954136961797076, 46.971680401167163 ], [ 19.932283268204799, 46.973165756100556 ], [ 19.906321737471117, 46.982374956687579 ], [ 19.894326853018214, 46.988712471070059 ], [ 19.876580996567341, 46.997921671657082 ], [ 19.860149648001723, 46.97276966145165 ], [ 19.84388261292176, 46.947914722232881 ], [ 19.838624581380756, 46.944547917717202 ], [ 19.827779891327452, 46.944844988703878 ], [ 19.814306185503639, 46.950291290126316 ], [ 19.801818360593771, 46.955341496899848 ], [ 19.787687400827338, 46.951083479424128 ], [ 19.779800353515839, 46.948706911530692 ], [ 19.76665527466335, 46.955143449575388 ], [ 19.749402358669442, 46.964847768473561 ], [ 19.745130208042383, 46.967521407353658 ], [ 19.741350997872289, 46.969798951584863 ], [ 19.737243160730884, 46.971680401167163 ], [ 19.72919179993373, 46.976037442305113 ], [ 19.725412589763636, 46.977918891887413 ], [ 19.719825931251322, 46.979800341469698 ], [ 19.717854169423447, 46.98059253076751 ], [ 19.709967122111948, 46.983662264296527 ], [ 19.698958118572989, 46.988415400083383 ], [ 19.69600047583117, 46.990494896990128 ], [ 19.689756563376235, 46.994158772492497 ], [ 19.682198143036047, 46.999208979266029 ], [ 19.676282857552422, 47.004655280688468 ], [ 19.673982468753238, 47.007427943230795 ], [ 19.667081302355683, 47.011586937044299 ], [ 19.663795032642554, 47.014458623248856 ], [ 19.661658957329024, 47.017132262128953 ], [ 19.657058179730655, 47.020796137631322 ], [ 19.636683307509287, 47.038026254858678 ], [ 19.630439395054353, 47.058128058290578 ], [ 19.628796260197788, 47.062485099428528 ], [ 19.627646065798189, 47.063871430699692 ], [ 19.626988811855568, 47.067832377188736 ], [ 19.626331557912948, 47.06931773212213 ], [ 19.623866855628094, 47.074764033544568 ], [ 19.620580585914979, 47.082388855535982 ], [ 19.603656296892382, 47.103183824603477 ], [ 19.597905324894413, 47.109125244337037 ], [ 19.593797487753008, 47.113581309137217 ], [ 19.587224948326764, 47.120909060141955 ], [ 19.580816722386174, 47.115165687732841 ], [ 19.57802339313001, 47.11269009617719 ], [ 19.569807718847201, 47.108531102363685 ], [ 19.561427731078737, 47.107342818416967 ], [ 19.532672871088906, 47.111303764906012 ], [ 19.530372482289721, 47.111996930541608 ], [ 19.507204280812189, 47.118631515910749 ], [ 19.493894888474046, 47.097539475856578 ], [ 19.491101559217881, 47.088330275269556 ], [ 19.490444305275261, 47.08595370737612 ], [ 19.487322349047787, 47.075952317491286 ], [ 19.485843527676892, 47.072387465651147 ], [ 19.483050198420727, 47.066941164228709 ], [ 19.480585496135888, 47.063871430699692 ], [ 19.479106674764978, 47.061098768157365 ], [ 19.474505897166608, 47.054959301099345 ], [ 19.460046310428865, 47.053870040814857 ], [ 19.45807454860099, 47.054563206450439 ], [ 19.442629080949303, 47.059415365899525 ], [ 19.42915537512549, 47.063673383375246 ], [ 19.425376164955395, 47.061197791819595 ], [ 19.416996177186931, 47.056147585046062 ], [ 19.396456991479909, 47.044066698254468 ], [ 19.38577661491226, 47.038125278520894 ], [ 19.378382508057726, 47.034065308369634 ], [ 19.374274670916321, 47.032678977098456 ], [ 19.358171949322013, 47.032877024422916 ], [ 19.356693127951104, 47.03248092977401 ], [ 19.35077784246748, 47.030995574840617 ], [ 19.34371236258427, 47.029213148920547 ], [ 19.333031986016607, 47.026836581027126 ], [ 19.325144938705108, 47.022380516226946 ], [ 19.323173176877233, 47.019409806360159 ], [ 19.319229653221484, 47.012676197328787 ], [ 19.309699471053435, 47.021489303266904 ], [ 19.299019094485772, 47.031787764138429 ], [ 19.295239884315677, 47.035946757951919 ], [ 19.302469677684556, 47.048126668405743 ], [ 19.313971621680494, 47.066743116904249 ], [ 19.318572399278864, 47.069713826771036 ], [ 19.323994744305523, 47.072882583962269 ], [ 19.328759835389548, 47.07575427016684 ], [ 19.338782958014576, 47.085161518078323 ], [ 19.347820199725675, 47.093182434718628 ], [ 19.338125704071956, 47.099420925438878 ], [ 19.334510807387517, 47.102589682630111 ], [ 19.323501803848558, 47.112492048852729 ], [ 19.311999859852619, 47.120413941830819 ], [ 19.298197527057496, 47.125761219591041 ], [ 19.281930491977533, 47.128038763822232 ], [ 19.268949726610686, 47.134079207218036 ], [ 19.262870127641406, 47.1335840889069 ], [ 19.254818766844252, 47.13368311256913 ], [ 19.251039556674158, 47.133187994257995 ], [ 19.23674428342207, 47.130811426364573 ], [ 19.225406652911801, 47.113680332799447 ], [ 19.208810990860513, 47.088825393580677 ], [ 19.205196094176088, 47.093677553029764 ], [ 19.202567078405579, 47.097440452194363 ], [ 19.163953409276374, 47.095658026274293 ], [ 19.153930286651345, 47.088132227945096 ], [ 19.132240906544723, 47.072090394664471 ], [ 19.127311501975043, 47.070902110717753 ], [ 19.123532291804949, 47.070109921419942 ], [ 19.101021344270052, 47.064762643659733 ], [ 19.096256253186013, 47.052285662219234 ], [ 19.093298610444208, 47.04485888755228 ], [ 19.087547638446239, 47.043472556281117 ], [ 19.068487274110112, 47.035451639640797 ], [ 19.025601454353847, 47.048225692067973 ], [ 19.024779886925572, 47.048918857703555 ], [ 19.018371660984968, 47.054167111801533 ], [ 18.956425476892591, 47.063970454361922 ], [ 18.959383119634396, 47.054761253774885 ], [ 18.96776310740286, 47.048225692067973 ], [ 18.975978781685669, 47.041888177685493 ], [ 18.96595565906064, 47.028916077933872 ], [ 18.946238040781893, 47.048225692067973 ], [ 18.920276510048225, 47.062980217739664 ], [ 18.904173788453903, 47.072090394664471 ], [ 18.900394578283823, 47.076051341153516 ], [ 18.894643606285854, 47.083973234131605 ], [ 18.891685963544035, 47.091895127109694 ], [ 18.891193023087069, 47.093875600354224 ], [ 18.890371455658794, 47.095559002612063 ], [ 18.88692087246001, 47.105461368834682 ], [ 18.88577067806041, 47.109125244337037 ], [ 18.881498527433351, 47.126553408888839 ], [ 18.879362452119821, 47.132197757635737 ], [ 18.875583241949727, 47.142892313156153 ], [ 18.875418928464072, 47.143783526116195 ], [ 18.875418928464072, 47.143783526116195 ], [ 18.872954226179232, 47.143684502453965 ], [ 18.872132658750957, 47.150814206134243 ], [ 18.873282853150542, 47.156557578543371 ], [ 18.873282853150542, 47.162201927290255 ], [ 18.883305975775571, 47.199236776962834 ], [ 18.896615368113729, 47.214387397283431 ], [ 18.905816923310468, 47.224883905479402 ], [ 18.919619256105591, 47.262413873463103 ], [ 18.920112196562556, 47.264493370369863 ], [ 18.92044082353388, 47.269840648130071 ], [ 18.919947883076901, 47.272316239685722 ], [ 18.919126315648626, 47.274098665605791 ], [ 18.913375343650657, 47.274791831241373 ], [ 18.895300860228474, 47.276772304485903 ], [ 18.881169900462041, 47.278356683081512 ], [ 18.874433047550141, 47.286674670708507 ], [ 18.877555003777601, 47.295190705659962 ], [ 18.879855392576786, 47.301330172717982 ], [ 18.869339329494792, 47.303112598638052 ], [ 18.857837385498854, 47.305093071882581 ], [ 18.861452282183294, 47.30855890006049 ], [ 18.867860508123883, 47.31459934345628 ], [ 18.85405817532876, 47.32707632489678 ], [ 18.84797857635948, 47.332126531670312 ], [ 18.842063290875871, 47.335790407172681 ], [ 18.841734663904546, 47.335889430834911 ], [ 18.833847616593047, 47.339949400986171 ], [ 18.828260958080747, 47.341236708595119 ], [ 18.811500982543805, 47.353713690035605 ], [ 18.801313546433121, 47.363517032595993 ], [ 18.794412380035567, 47.370151617965149 ], [ 18.792769245179002, 47.371438925574083 ], [ 18.781431614668719, 47.38500516729907 ], [ 18.778638285412569, 47.388272948152533 ], [ 18.769436730215816, 47.394808509859459 ], [ 18.757113218791602, 47.4033245448109 ], [ 18.764178698674826, 47.412929840046843 ], [ 18.776337896613384, 47.418376141469281 ], [ 18.778309658441259, 47.419564425415999 ], [ 18.787511213637998, 47.424713655851747 ], [ 18.789482975465873, 47.425703892474019 ], [ 18.784717884381848, 47.458381701008634 ], [ 18.778638285412569, 47.467194806946765 ], [ 18.76828653581623, 47.474126463302596 ], [ 18.762371250332606, 47.478087409791641 ], [ 18.757606159248567, 47.484721995160797 ], [ 18.752841068164543, 47.491356580529938 ], [ 18.747418723137883, 47.490564391232141 ], [ 18.73936736234073, 47.489574154609869 ], [ 18.722443073318146, 47.496406787303471 ], [ 18.724579148631676, 47.496604834627931 ], [ 18.6959886021275, 47.532055305704887 ], [ 18.693688213328315, 47.545126429118739 ], [ 18.692866645900025, 47.549384446594459 ], [ 18.6948384077279, 47.553246369421288 ], [ 18.699603498811925, 47.562752640994987 ], [ 18.688430181787311, 47.577012048355556 ], [ 18.69450978075659, 47.582260302453548 ], [ 18.698124677441029, 47.584042728373618 ], [ 18.716692101320177, 47.59335095262287 ], [ 18.718335236176742, 47.594242165582898 ], [ 18.719321117090672, 47.59939139601866 ], [ 18.719321117090672, 47.600084561654242 ], [ 18.720635624975927, 47.608501572943467 ], [ 18.73755991399851, 47.614244945352581 ], [ 18.743146572510824, 47.623157074952942 ], [ 18.743639512967789, 47.623553169601848 ], [ 18.757113218791602, 47.630781896944356 ], [ 18.76861516278754, 47.636921364002376 ], [ 18.772065745986325, 47.637614529637958 ], [ 18.778473971926914, 47.638802813584661 ], [ 18.773708880842875, 47.648309085158374 ], [ 18.769272416730161, 47.650388582065119 ], [ 18.747747350109194, 47.66118216124778 ], [ 18.765164579588756, 47.660488995612198 ], [ 18.771572805529345, 47.660191924625508 ], [ 18.778802598898224, 47.662172397870037 ], [ 18.779295539355189, 47.666331391683528 ], [ 18.779952793297824, 47.670886480145938 ], [ 18.790797483351128, 47.668509912252503 ], [ 18.793755126092933, 47.667816746616921 ], [ 18.799341784605247, 47.664945060412364 ], [ 18.801313546433121, 47.664053847452337 ], [ 18.805257070088871, 47.661380208572226 ], [ 18.81166529602946, 47.657221214758735 ], [ 18.816923327570464, 47.656726096447599 ], [ 18.820209597283593, 47.656528049123153 ], [ 18.822017045625813, 47.655834883487557 ], [ 18.824317434424998, 47.655240741514206 ], [ 18.824481747910653, 47.655141717851976 ], [ 18.829246838994678, 47.653458315594136 ], [ 18.835162124478302, 47.654349528554178 ], [ 18.836148005392246, 47.654448552216394 ], [ 18.839762902076671, 47.655141717851976 ], [ 18.843049171789801, 47.656528049123153 ], [ 18.845185247103331, 47.655834883487557 ], [ 18.849621711216045, 47.654151481229718 ], [ 18.856358564127959, 47.653458315594136 ], [ 18.856851504584924, 47.65326026826969 ], [ 18.858494639441489, 47.652666126296324 ], [ 18.864902865382078, 47.651081747700715 ], [ 18.865560119324698, 47.65326026826969 ], [ 18.858987579898454, 47.677521065515094 ], [ 18.85060759212999, 47.687324408075483 ], [ 18.84633544150293, 47.692572662173461 ], [ 18.85060759212999, 47.694553135417991 ], [ 18.854222488814429, 47.69623653767583 ], [ 18.85405817532876, 47.705445738262867 ], [ 18.853893861843105, 47.713664702227632 ], [ 18.869010702523482, 47.716635412094419 ], [ 18.877555003777601, 47.716041270121053 ], [ 18.882484408347295, 47.715645175472147 ], [ 18.884127543203846, 47.717328577730001 ], [ 18.8865922454887, 47.719705145623422 ], [ 18.893164784914944, 47.720596358583464 ], [ 18.903023594054318, 47.71901197998784 ], [ 18.911567895308437, 47.71475396251212 ], [ 18.921098077476501, 47.709901803063033 ], [ 18.932435707986784, 47.71455591518766 ], [ 18.941472949697868, 47.724656328734724 ], [ 18.925863168560525, 47.736242097215197 ], [ 18.919783569591246, 47.740797185677593 ], [ 18.922741212333065, 47.747035676397843 ], [ 18.924055720218306, 47.75000638626463 ], [ 18.923398466275685, 47.754957569375932 ], [ 18.92290552581872, 47.759017539527207 ], [ 18.924055720218306, 47.760601918122816 ], [ 18.92684904947447, 47.765057982922997 ], [ 18.922248271876086, 47.766840408843066 ], [ 18.912882403193692, 47.770306237020975 ], [ 18.907460058167032, 47.782585171137029 ], [ 18.905488296339158, 47.790209993128443 ], [ 18.905159669367848, 47.792784608346309 ], [ 18.904831042396538, 47.796844578497584 ], [ 18.900394578283823, 47.803182092880064 ], [ 18.88445617017517, 47.80971765458699 ], [ 18.864738551896423, 47.812490317129317 ], [ 18.85192210001523, 47.814371766711616 ], [ 18.849293084244735, 47.817243452916173 ], [ 18.852743667443519, 47.82803703209882 ], [ 18.84633544150293, 47.829423363369983 ], [ 18.831382914308207, 47.832691144223446 ], [ 18.823167240025398, 47.842098392134929 ], [ 18.821031164711869, 47.848732977504085 ], [ 18.820209597283593, 47.851406616384196 ], [ 18.812979803914715, 47.855466586535456 ], [ 18.804928443117561, 47.856555846819944 ], [ 18.800491979004846, 47.85714998879331 ], [ 18.799670411576557, 47.857447059779986 ], [ 18.796877082320407, 47.860120698660097 ], [ 18.791783364265058, 47.865071881771399 ], [ 18.781102987697409, 47.867052355015915 ], [ 18.769601043701471, 47.86923087558489 ], [ 18.763685758217846, 47.873092798411719 ], [ 18.763521444732191, 47.877944957860791 ], [ 18.763521444732191, 47.885074661541083 ], [ 18.757770472734222, 47.89824480861715 ], [ 18.761713996389972, 47.909236435124257 ], [ 18.762206936846951, 47.910325695408744 ], [ 18.761549682904317, 47.911712026679908 ], [ 18.759906548047766, 47.914979807533371 ], [ 18.758756353648167, 47.920129037969133 ], [ 18.762864190789571, 47.923594866147042 ], [ 18.76894378975885, 47.928645072920574 ], [ 18.773708880842875, 47.938448415480963 ], [ 18.7728873134146, 47.944587882538983 ], [ 18.7728873134146, 47.944884953525673 ], [ 18.774037507814199, 47.951123444245908 ], [ 18.77436613478551, 47.952311728192626 ], [ 18.77535201569944, 47.957361934966158 ], [ 18.764671639131791, 47.966472111890965 ], [ 18.754648516506762, 47.975087170504636 ], [ 18.76861516278754, 47.984692465740579 ], [ 18.788990035008908, 47.985088560389485 ], [ 18.799177471119592, 47.985385631376161 ], [ 18.807557458888056, 47.988158293918488 ], [ 18.811993923000784, 47.990732909136369 ], [ 18.816594700599154, 47.995387021260996 ], [ 18.820209597283593, 48.006576695092548 ], [ 18.817416268027429, 48.016281013990721 ], [ 18.816266073627844, 48.020440007804211 ], [ 18.819223716369649, 48.02410388330658 ], [ 18.819716656826614, 48.024599001617716 ], [ 18.825796255795893, 48.030837492337952 ], [ 18.822674299568433, 48.035590628124808 ], [ 18.820702537740559, 48.038561337991595 ], [ 18.821195478197524, 48.039254503627177 ], [ 18.820209597283593, 48.039848645600543 ], [ 18.821524105168834, 48.041928142507288 ], [ 18.822674299568433, 48.042918379129546 ], [ 18.823824493968019, 48.042918379129546 ], [ 18.827110763681148, 48.042027166169518 ], [ 18.828589585052057, 48.041730095182828 ], [ 18.829246838994678, 48.041532047858382 ], [ 18.829739779451643, 48.042324237156194 ], [ 18.833190362650427, 48.048265656889754 ], [ 18.837462513277487, 48.04687932561859 ], [ 18.837955453734452, 48.046681278294145 ], [ 18.838448394191431, 48.047473467591942 ], [ 18.840255842533651, 48.050642224783189 ], [ 18.845513874074641, 48.052622698027704 ], [ 18.85027896515868, 48.049949059147607 ], [ 18.853893861843105, 48.047869562240848 ], [ 18.860959341726328, 48.049651988160917 ], [ 18.874104420578817, 48.047473467591942 ], [ 18.883141662289916, 48.051434414081001 ], [ 18.883798916232536, 48.05291976901438 ], [ 18.886756558974355, 48.058663141423509 ], [ 18.891685963544035, 48.05490024225891 ], [ 18.896615368113729, 48.054009029298868 ], [ 18.909103193023597, 48.051632461405447 ], [ 18.928327870845379, 48.056781691841209 ] ] ] } },
{ "type": "Feature", "properties": { "index": 1710, "nuts_1_code": "HU2", "nuts_1_name": "Dunántúl" }, "geometry": { "type": "Polygon", "coordinates": [ [ [ 17.247400912582364, 48.012022996514986 ], [ 17.248222480010654, 48.005190363821384 ], [ 17.251837376695093, 48.001526488319016 ], [ 17.280592236684925, 47.993901666327602 ], [ 17.294230255994393, 47.994099713652062 ], [ 17.328407461010883, 47.994594831963184 ], [ 17.336787448779347, 47.991624122096411 ], [ 17.340566658949442, 47.988257317580718 ], [ 17.346481944433066, 47.98291003982051 ], [ 17.367842697568364, 47.967660395837683 ], [ 17.370800340310183, 47.96449163864645 ], [ 17.372772102138057, 47.962313118077475 ], [ 17.3939685417877, 47.952410751854856 ], [ 17.401198335156579, 47.949043947339163 ], [ 17.408428128525458, 47.93983474675214 ], [ 17.412864592638172, 47.933992350680796 ], [ 17.414343414009082, 47.933101137720755 ], [ 17.43208927045994, 47.921317321915851 ], [ 17.445891603255063, 47.897551642981568 ], [ 17.451313948281722, 47.88804537140787 ], [ 17.459200995593221, 47.882797117309877 ], [ 17.47382489581662, 47.879430312794184 ], [ 17.498143291693737, 47.867943567975956 ], [ 17.520161298771669, 47.865963094731427 ], [ 17.526898151683582, 47.865467976420305 ], [ 17.535113825966391, 47.85705096513108 ], [ 17.542179305849601, 47.852594900330899 ], [ 17.54365812722051, 47.84467300735281 ], [ 17.543822440706165, 47.843187652419417 ], [ 17.560746729728763, 47.820808304756312 ], [ 17.567319269155007, 47.817243452916173 ], [ 17.572577300696011, 47.814371766711616 ], [ 17.579642780579221, 47.817243452916173 ], [ 17.58473649863457, 47.819322949822919 ], [ 17.58785845486203, 47.820610257431866 ], [ 17.605768624798557, 47.822293659689706 ], [ 17.613491358624401, 47.817243452916173 ], [ 17.618585076679736, 47.81397567206271 ], [ 17.62236428684983, 47.810707891209248 ], [ 17.630908588103964, 47.80338014020451 ], [ 17.633373290388803, 47.801894785271116 ], [ 17.636002306159298, 47.800508453999953 ], [ 17.638795635415462, 47.799221146391019 ], [ 17.641424651185957, 47.797933838782072 ], [ 17.645203861356052, 47.796448483848678 ], [ 17.646846996212616, 47.795755318213097 ], [ 17.656870118837645, 47.7912002297507 ], [ 17.670343824661444, 47.783575407759287 ], [ 17.690061442940191, 47.773970112523344 ], [ 17.705506910591879, 47.759017539527207 ], [ 17.723417080528407, 47.753868309091445 ], [ 17.743299012292809, 47.750798575562428 ], [ 17.763673884514176, 47.748917125980142 ], [ 17.77599739593839, 47.740797185677593 ], [ 17.794564819817538, 47.741490351313175 ], [ 17.806888331241751, 47.744362037517732 ], [ 17.827920457405753, 47.740203043704241 ], [ 17.848623956598431, 47.742975706246568 ], [ 17.861769035450934, 47.745451297802219 ], [ 17.893974478639549, 47.73941085440643 ], [ 17.913527783432642, 47.743470824557704 ], [ 17.943925778279038, 47.744659108504408 ], [ 17.96446496398606, 47.753967332753675 ], [ 17.970215935984029, 47.756640971633772 ], [ 17.986811598035302, 47.751887835846915 ], [ 18.001435498258701, 47.747629818371195 ], [ 18.009815486027179, 47.749412244291264 ], [ 18.016716652424734, 47.750897599224658 ], [ 18.020002922137863, 47.752283930495821 ], [ 18.03791309207439, 47.756541947971542 ], [ 18.08770007822821, 47.756343900647096 ], [ 18.104952994222117, 47.753670261766985 ], [ 18.191217574191626, 47.740004996379781 ], [ 18.1943395304191, 47.739905972717551 ], [ 18.196311292246975, 47.739905972717551 ], [ 18.198283054074849, 47.740004996379781 ], [ 18.202226577730585, 47.740500114690917 ], [ 18.209292057613808, 47.741787422299851 ], [ 18.211592446412993, 47.741688398637621 ], [ 18.255792774054513, 47.739014759757524 ], [ 18.281097050845574, 47.733865529321761 ], [ 18.292927621812822, 47.73138993776611 ], [ 18.335484814597777, 47.73762842848636 ], [ 18.339592651739181, 47.738420617784172 ], [ 18.391515713206545, 47.751095646549118 ], [ 18.404660792059033, 47.752283930495821 ], [ 18.430293695821405, 47.75604682966042 ], [ 18.446396417415713, 47.762780438691792 ], [ 18.451818762442372, 47.764958959260767 ], [ 18.462663452495676, 47.764265793625185 ], [ 18.479094801061308, 47.757631208256029 ], [ 18.489610864143302, 47.753274167118093 ], [ 18.512286125163854, 47.755155616700378 ], [ 18.516065335333948, 47.75584878233596 ], [ 18.528224533272507, 47.76030484713614 ], [ 18.538247655897536, 47.764067746300739 ], [ 18.560922916918088, 47.765751148558579 ], [ 18.568645650743932, 47.764562864611861 ], [ 18.604794617588297, 47.759017539527207 ], [ 18.606766379416172, 47.758621444878301 ], [ 18.655403171170406, 47.760106799811695 ], [ 18.670027071393818, 47.763077509678467 ], [ 18.69664585607012, 47.77436620717225 ], [ 18.725236402574296, 47.788922685519495 ], [ 18.727701104859136, 47.794468010604163 ], [ 18.734273644285395, 47.808826441626948 ], [ 18.747583036623539, 47.815064932347198 ], [ 18.759906548047766, 47.817243452916173 ], [ 18.781431614668719, 47.821006352080772 ], [ 18.797205709291717, 47.822590730676382 ], [ 18.807721772373711, 47.820907328418542 ], [ 18.821359791683179, 47.818827831511797 ], [ 18.849293084244735, 47.817243452916173 ], [ 18.85192210001523, 47.814371766711616 ], [ 18.864738551896423, 47.812490317129317 ], [ 18.88445617017517, 47.80971765458699 ], [ 18.900394578283823, 47.803182092880064 ], [ 18.904831042396538, 47.796844578497584 ], [ 18.905159669367848, 47.792784608346309 ], [ 18.905488296339158, 47.790209993128443 ], [ 18.907460058167032, 47.782585171137029 ], [ 18.912882403193692, 47.770306237020975 ], [ 18.922248271876086, 47.766840408843066 ], [ 18.92684904947447, 47.765057982922997 ], [ 18.924055720218306, 47.760601918122816 ], [ 18.92290552581872, 47.759017539527207 ], [ 18.923398466275685, 47.754957569375932 ], [ 18.924055720218306, 47.75000638626463 ], [ 18.922741212333065, 47.747035676397843 ], [ 18.919783569591246, 47.740797185677593 ], [ 18.925863168560525, 47.736242097215197 ], [ 18.941472949697868, 47.724656328734724 ], [ 18.932435707986784, 47.71455591518766 ], [ 18.921098077476501, 47.709901803063033 ], [ 18.911567895308437, 47.71475396251212 ], [ 18.903023594054318, 47.71901197998784 ], [ 18.893164784914944, 47.720596358583464 ], [ 18.8865922454887, 47.719705145623422 ], [ 18.884127543203846, 47.717328577730001 ], [ 18.882484408347295, 47.715645175472147 ], [ 18.877555003777601, 47.716041270121053 ], [ 18.869010702523482, 47.716635412094419 ], [ 18.853893861843105, 47.713664702227632 ], [ 18.85405817532876, 47.705445738262867 ], [ 18.854222488814429, 47.69623653767583 ], [ 18.85060759212999, 47.694553135417991 ], [ 18.84633544150293, 47.692572662173461 ], [ 18.85060759212999, 47.687324408075483 ], [ 18.858987579898454, 47.677521065515094 ], [ 18.865560119324698, 47.65326026826969 ], [ 18.864902865382078, 47.651081747700715 ], [ 18.858494639441489, 47.652666126296324 ], [ 18.856851504584924, 47.65326026826969 ], [ 18.856358564127959, 47.653458315594136 ], [ 18.849621711216045, 47.654151481229718 ], [ 18.845185247103331, 47.655834883487557 ], [ 18.843049171789801, 47.656528049123153 ], [ 18.839762902076671, 47.655141717851976 ], [ 18.836148005392246, 47.654448552216394 ], [ 18.835162124478302, 47.654349528554178 ], [ 18.829246838994678, 47.653458315594136 ], [ 18.824481747910653, 47.655141717851976 ], [ 18.824317434424998, 47.655240741514206 ], [ 18.822017045625813, 47.655834883487557 ], [ 18.820209597283593, 47.656528049123153 ], [ 18.816923327570464, 47.656726096447599 ], [ 18.81166529602946, 47.657221214758735 ], [ 18.805257070088871, 47.661380208572226 ], [ 18.801313546433121, 47.664053847452337 ], [ 18.799341784605247, 47.664945060412364 ], [ 18.793755126092933, 47.667816746616921 ], [ 18.790797483351128, 47.668509912252503 ], [ 18.779952793297824, 47.670886480145938 ], [ 18.779295539355189, 47.666331391683528 ], [ 18.778802598898224, 47.662172397870037 ], [ 18.771572805529345, 47.660191924625508 ], [ 18.765164579588756, 47.660488995612198 ], [ 18.747747350109194, 47.66118216124778 ], [ 18.769272416730161, 47.650388582065119 ], [ 18.773708880842875, 47.648309085158374 ], [ 18.778473971926914, 47.638802813584661 ], [ 18.772065745986325, 47.637614529637958 ], [ 18.76861516278754, 47.636921364002376 ], [ 18.757113218791602, 47.630781896944356 ], [ 18.743639512967789, 47.623553169601848 ], [ 18.743146572510824, 47.623157074952942 ], [ 18.73755991399851, 47.614244945352581 ], [ 18.720635624975927, 47.608501572943467 ], [ 18.719321117090672, 47.600084561654242 ], [ 18.719321117090672, 47.59939139601866 ], [ 18.718335236176742, 47.594242165582898 ], [ 18.716692101320177, 47.59335095262287 ], [ 18.698124677441029, 47.584042728373618 ], [ 18.69450978075659, 47.582260302453548 ], [ 18.688430181787311, 47.577012048355556 ], [ 18.699603498811925, 47.562752640994987 ], [ 18.6948384077279, 47.553246369421288 ], [ 18.692866645900025, 47.549384446594459 ], [ 18.693688213328315, 47.545126429118739 ], [ 18.6959886021275, 47.532055305704887 ], [ 18.724579148631676, 47.496604834627931 ], [ 18.722443073318146, 47.496406787303471 ], [ 18.73936736234073, 47.489574154609869 ], [ 18.747418723137883, 47.490564391232141 ], [ 18.752841068164543, 47.491356580529938 ], [ 18.757606159248567, 47.484721995160797 ], [ 18.762371250332606, 47.478087409791641 ], [ 18.76828653581623, 47.474126463302596 ], [ 18.778638285412569, 47.467194806946765 ], [ 18.784717884381848, 47.458381701008634 ], [ 18.789482975465873, 47.425703892474019 ], [ 18.787511213637998, 47.424713655851747 ], [ 18.778309658441259, 47.419564425415999 ], [ 18.776337896613384, 47.418376141469281 ], [ 18.764178698674826, 47.412929840046843 ], [ 18.757113218791602, 47.4033245448109 ], [ 18.769436730215816, 47.394808509859459 ], [ 18.778638285412569, 47.388272948152533 ], [ 18.781431614668719, 47.38500516729907 ], [ 18.792769245179002, 47.371438925574083 ], [ 18.794412380035567, 47.370151617965149 ], [ 18.801313546433121, 47.363517032595993 ], [ 18.811500982543805, 47.353713690035605 ], [ 18.828260958080747, 47.341236708595119 ], [ 18.833847616593047, 47.339949400986171 ], [ 18.841734663904546, 47.335889430834911 ], [ 18.842063290875871, 47.335790407172681 ], [ 18.84797857635948, 47.332126531670312 ], [ 18.85405817532876, 47.32707632489678 ], [ 18.867860508123883, 47.31459934345628 ], [ 18.861452282183294, 47.30855890006049 ], [ 18.857837385498854, 47.305093071882581 ], [ 18.869339329494792, 47.303112598638052 ], [ 18.879855392576786, 47.301330172717982 ], [ 18.877555003777601, 47.295190705659962 ], [ 18.874433047550141, 47.286674670708507 ], [ 18.881169900462041, 47.278356683081512 ], [ 18.895300860228474, 47.276772304485903 ], [ 18.913375343650657, 47.274791831241373 ], [ 18.919126315648626, 47.274098665605791 ], [ 18.919947883076901, 47.272316239685722 ], [ 18.92044082353388, 47.269840648130071 ], [ 18.920112196562556, 47.264493370369863 ], [ 18.919619256105591, 47.262413873463103 ], [ 18.905816923310468, 47.224883905479402 ], [ 18.896615368113729, 47.214387397283431 ], [ 18.883305975775571, 47.199236776962834 ], [ 18.873282853150542, 47.162201927290255 ], [ 18.873282853150542, 47.156557578543371 ], [ 18.872132658750957, 47.150814206134243 ], [ 18.872954226179232, 47.143684502453965 ], [ 18.875418928464072, 47.143783526116195 ], [ 18.875418928464072, 47.143783526116195 ], [ 18.875583241949727, 47.142892313156153 ], [ 18.879362452119821, 47.132197757635737 ], [ 18.881498527433351, 47.126553408888839 ], [ 18.88577067806041, 47.109125244337037 ], [ 18.88692087246001, 47.105461368834682 ], [ 18.890371455658794, 47.095559002612063 ], [ 18.891193023087069, 47.093875600354224 ], [ 18.891685963544035, 47.091895127109694 ], [ 18.894643606285854, 47.083973234131605 ], [ 18.900394578283823, 47.076051341153516 ], [ 18.904173788453903, 47.072090394664471 ], [ 18.920276510048225, 47.062980217739664 ], [ 18.946238040781893, 47.048225692067973 ], [ 18.96595565906064, 47.028916077933872 ], [ 18.965462718603675, 47.012775220991003 ], [ 18.957082730835211, 47.002872854768398 ], [ 18.955768222949956, 47.001882618146126 ], [ 18.953467834150771, 47.000001168563841 ], [ 18.950674504894621, 46.996139245737012 ], [ 18.948867056552402, 46.989207589381181 ], [ 18.951167445351587, 46.970789188207121 ], [ 18.959218806148741, 46.958312206766635 ], [ 18.959383119634396, 46.957916112117729 ], [ 18.965462718603675, 46.936725048401328 ], [ 18.958232925234796, 46.905928689448999 ], [ 18.951989012779862, 46.895036086604122 ], [ 18.946402354267562, 46.889787832506144 ], [ 18.941308636212213, 46.884836649394842 ], [ 18.939665501355648, 46.883252270799218 ], [ 18.934243156328989, 46.878499135012362 ], [ 18.931778454044149, 46.875726472470035 ], [ 18.926191795531835, 46.865031916949604 ], [ 18.92504160113225, 46.857209047633745 ], [ 18.924055720218306, 46.854139314104728 ], [ 18.92438434718963, 46.839582835757483 ], [ 18.92438434718963, 46.824927333748022 ], [ 18.927999243874055, 46.816213251472121 ], [ 18.933421588900714, 46.812648399631982 ], [ 18.950838818380277, 46.801062631151524 ], [ 18.956096849921266, 46.786605176466509 ], [ 18.959383119634396, 46.781753017017422 ], [ 18.970885063630334, 46.76422582880339 ], [ 18.974171333343449, 46.764126805141174 ], [ 18.977293289570923, 46.763928757816714 ], [ 18.979757991855763, 46.755016628216367 ], [ 18.983537202025857, 46.740262102544676 ], [ 18.989945427966447, 46.732340209566573 ], [ 19.00161168544804, 46.717783731219342 ], [ 19.00621246304641, 46.704910655129936 ], [ 19.004569328189859, 46.694315123271736 ], [ 18.99881835619189, 46.687581514240364 ], [ 18.973185452429519, 46.658567581208104 ], [ 18.955768222949956, 46.648467167661039 ], [ 18.953632147636426, 46.652032019501178 ], [ 18.953467834150771, 46.652428114150084 ], [ 18.949524310495022, 46.65104178287892 ], [ 18.916990240335096, 46.639059919749556 ], [ 18.893986352343219, 46.637574564816163 ], [ 18.885934991546065, 46.637079446505027 ], [ 18.877226376806291, 46.630444861135885 ], [ 18.875090301492762, 46.628464387891356 ], [ 18.872132658750957, 46.624305394077865 ], [ 18.868846389037827, 46.620542494913266 ], [ 18.865888746296008, 46.618760068993197 ], [ 18.862273849611583, 46.61578935912641 ], [ 18.861123655211983, 46.61400693320634 ], [ 18.859644833841074, 46.610442081366202 ], [ 18.859151893384109, 46.606283087552697 ], [ 18.859480520355419, 46.603114330361464 ], [ 18.863752670982478, 46.595885603018957 ], [ 18.866710313724298, 46.592419774841048 ], [ 18.870160896923082, 46.589350041312031 ], [ 18.872954226179232, 46.58697347341861 ], [ 18.877390690291946, 46.582418384956199 ], [ 18.880676960005076, 46.578457438467154 ], [ 18.884127543203846, 46.575189657613691 ], [ 18.889221261259195, 46.569248237880132 ], [ 18.890207142173139, 46.567069717311156 ], [ 18.893000471429289, 46.563999983782139 ], [ 18.895300860228474, 46.559543918981959 ], [ 18.896943995085039, 46.55003764740826 ], [ 18.897108308570694, 46.548057174163731 ], [ 18.896122427656749, 46.54360110936355 ], [ 18.895629487199784, 46.538847973576694 ], [ 18.896615368113729, 46.533599719478715 ], [ 18.895958114171094, 46.532609482856458 ], [ 18.895465173714129, 46.531718269896416 ], [ 18.895136546742819, 46.52706415777179 ], [ 18.895300860228474, 46.522806140296069 ], [ 18.895958114171094, 46.518845193807024 ], [ 18.898915756912913, 46.513497916046802 ], [ 18.902530653597353, 46.508843803922176 ], [ 18.907131431195722, 46.502902384188616 ], [ 18.911567895308437, 46.496663893468366 ], [ 18.917154553820751, 46.491019544721468 ], [ 18.922083958390431, 46.474680640454167 ], [ 18.92389140673265, 46.463986084933737 ], [ 18.923398466275685, 46.460223185769152 ], [ 18.919947883076901, 46.449528630248722 ], [ 18.916168672906807, 46.44279502121735 ], [ 18.913211030165002, 46.438636027403845 ], [ 18.910253387423197, 46.435269222888152 ], [ 18.906802804224412, 46.431110229074662 ], [ 18.902366340111698, 46.425366856665548 ], [ 18.899901637826844, 46.421207862852043 ], [ 18.892836157943634, 46.414474253820671 ], [ 18.88872832080223, 46.411008425642748 ], [ 18.885277737603445, 46.402888485340213 ], [ 18.885606364574755, 46.393976355739852 ], [ 18.88938557474485, 46.383776918530572 ], [ 18.89152165005838, 46.378132569783673 ], [ 18.892507530972324, 46.373973575970183 ], [ 18.893329098400599, 46.369022392858867 ], [ 18.893657725371909, 46.364071209747564 ], [ 18.893657725371909, 46.363477067774213 ], [ 18.893493411886254, 46.360803428894101 ], [ 18.897765562513314, 46.338027986582091 ], [ 18.899080070398568, 46.333968016430816 ], [ 18.904831042396538, 46.32733343106166 ], [ 18.905488296339158, 46.326739289088309 ], [ 18.907952998623998, 46.324362721194873 ], [ 18.911074954851472, 46.322085176963682 ], [ 18.915182791992876, 46.318916419772449 ], [ 18.921591017933466, 46.307924793265343 ], [ 18.917483180792061, 46.290199557726865 ], [ 18.912389462736726, 46.27376162979732 ], [ 18.910582014394507, 46.261680743005741 ], [ 18.904831042396538, 46.258908080463399 ], [ 18.89004282868747, 46.260294411734563 ], [ 18.880676960005076, 46.266235831468137 ], [ 18.874104420578817, 46.270295801619412 ], [ 18.864245611439458, 46.267325091752625 ], [ 18.864902865382078, 46.258710033138954 ], [ 18.868517762066517, 46.253857873689867 ], [ 18.869832269951758, 46.252174471432028 ], [ 18.876076182406692, 46.244054531129478 ], [ 18.875090301492762, 46.241479915911597 ], [ 18.873282853150542, 46.236726780124741 ], [ 18.864574238410768, 46.233161928284602 ], [ 18.861123655211983, 46.233756070257968 ], [ 18.85340092138614, 46.235241425191347 ], [ 18.843049171789801, 46.224150775022025 ], [ 18.830889973851242, 46.218605449937357 ], [ 18.822674299568433, 46.206821634132453 ], [ 18.832204481736497, 46.201177285385569 ], [ 18.848635830302115, 46.208009918079171 ], [ 18.858330325955833, 46.214149385137191 ], [ 18.870489523894392, 46.22187323079082 ], [ 18.871146777837012, 46.214248408799406 ], [ 18.867696194638228, 46.208505036390292 ], [ 18.865395805839043, 46.204841160887923 ], [ 18.867367567666918, 46.199790954114391 ], [ 18.869832269951758, 46.193651487056371 ], [ 18.861780909154604, 46.192760274096344 ], [ 18.854222488814429, 46.191968084798532 ], [ 18.851429159558265, 46.186224712389418 ], [ 18.850771905615645, 46.184838381118254 ], [ 18.84633544150293, 46.182956931535955 ], [ 18.843870739218076, 46.181966694913697 ], [ 18.838119767220121, 46.164637554024111 ], [ 18.837955453734452, 46.151962525259165 ], [ 18.837791140248797, 46.141763088049871 ], [ 18.811500982543805, 46.116710101506669 ], [ 18.819223716369649, 46.109184303177472 ], [ 18.802299427347066, 46.10878820852858 ], [ 18.797534336263027, 46.103638978092818 ], [ 18.789154348494563, 46.100866315550476 ], [ 18.785046511353158, 46.099975102590449 ], [ 18.779952793297824, 46.098885842305961 ], [ 18.769929670672795, 46.09433075384355 ], [ 18.767629281873596, 46.091855162287899 ], [ 18.765986147017045, 46.086408860865461 ], [ 18.765657520045721, 46.085418624243204 ], [ 18.762206936846951, 46.079378180847414 ], [ 18.760728115476041, 46.075120163371679 ], [ 18.756455964848982, 46.06739631771805 ], [ 18.752676754678888, 46.063039276580099 ], [ 18.740846183711639, 46.051354484437411 ], [ 18.738217167941144, 46.0486808455573 ], [ 18.732794822914485, 46.045115993717161 ], [ 18.743310885996479, 46.029371231423212 ], [ 18.751855187250612, 46.029965373396564 ], [ 18.763192817760881, 46.030757562694376 ], [ 18.770586924615415, 46.026796616205331 ], [ 18.774859075242475, 46.024519071974126 ], [ 18.781102987697409, 46.025806379583074 ], [ 18.788990035008908, 46.027489781840913 ], [ 18.798520217176971, 46.025707355920844 ], [ 18.807228831916746, 46.02412297732522 ], [ 18.816430387113499, 46.029371231423212 ], [ 18.835983691906577, 46.040659928916995 ], [ 18.844692306646365, 46.038382384685789 ], [ 18.844692306646365, 46.034718509183421 ], [ 18.84485662013202, 46.029371231423212 ], [ 18.860466401269363, 46.023726882676314 ], [ 18.868353448580862, 46.020756172809527 ], [ 18.853893861843105, 46.002832889946603 ], [ 18.838941334648396, 45.984117417785868 ], [ 18.838941334648396, 45.977482832416712 ], [ 18.838941334648396, 45.974017004238789 ], [ 18.832040168250842, 45.965599992949578 ], [ 18.825467628824583, 45.957777123633704 ], [ 18.832533108707807, 45.955796650389189 ], [ 18.838119767220121, 45.954212271793565 ], [ 18.856029937156634, 45.943022597962013 ], [ 18.84797857635948, 45.942032361339756 ], [ 18.843706425732421, 45.946785497126612 ], [ 18.839598588591016, 45.946587449802152 ], [ 18.827110763681148, 45.938170438512927 ], [ 18.816594700599154, 45.93529875230837 ], [ 18.804599816146251, 45.932030971454907 ], [ 18.804928443117561, 45.926584670032469 ], [ 18.821359791683179, 45.914404759578659 ], [ 18.817909208484394, 45.911632097036332 ], [ 18.808707653287655, 45.903611180396013 ], [ 18.81166529602946, 45.891035175293297 ], [ 18.812322549972095, 45.888559583737631 ], [ 18.80952922071593, 45.880835738084002 ], [ 18.80640726448847, 45.879152335826149 ], [ 18.789318661980218, 45.878954288501703 ], [ 18.773708880842875, 45.887470323453144 ], [ 18.761549682904317, 45.889054702048767 ], [ 18.757441845762912, 45.895293192769017 ], [ 18.756784591820292, 45.896184405729045 ], [ 18.752348127707577, 45.897273666013533 ], [ 18.735916779141959, 45.901234612502577 ], [ 18.723593267717732, 45.90460141701827 ], [ 18.719321117090672, 45.906284819276109 ], [ 18.709297994465643, 45.912820380983035 ], [ 18.707161919152114, 45.915196948876471 ], [ 18.704697216867274, 45.918068635081028 ], [ 18.69237370544306, 45.916484256485404 ], [ 18.682679209789342, 45.914305735916429 ], [ 18.669698444422508, 45.911335026049656 ], [ 18.667562369108964, 45.913018428307495 ], [ 18.662632964539284, 45.91688035113431 ], [ 18.65951100831181, 45.914899877889795 ], [ 18.660496889225755, 45.904304346031594 ], [ 18.661154143168375, 45.896382453053505 ], [ 18.651623961000325, 45.892817601213366 ], [ 18.641107897918317, 45.888757631062091 ], [ 18.641600838375297, 45.884301566261911 ], [ 18.645215735059722, 45.882222069355166 ], [ 18.648830631744161, 45.879152335826149 ], [ 18.652445528428601, 45.876082602297146 ], [ 18.655238857684751, 45.874300176377076 ], [ 18.638478882147822, 45.868655827630178 ], [ 18.635028298949038, 45.871626537496965 ], [ 18.630756148321979, 45.875290412999334 ], [ 18.626976938151884, 45.866279259736757 ], [ 18.62319772798179, 45.854693491256299 ], [ 18.614817740213326, 45.853307159985135 ], [ 18.619911458268675, 45.843701864749193 ], [ 18.622211847067859, 45.839443847273472 ], [ 18.615967934612925, 45.837760445015633 ], [ 18.600686780446892, 45.833700474864358 ], [ 18.603644423188712, 45.827858078793014 ], [ 18.591978165707118, 45.819540091166019 ], [ 18.574560936227556, 45.81389574241912 ], [ 18.573410741827971, 45.810231866916766 ], [ 18.574396622741901, 45.804092399858746 ], [ 18.574889563198866, 45.800230477031917 ], [ 18.568809964229587, 45.801319737316405 ], [ 18.559937036004158, 45.802904115912028 ], [ 18.555664885377098, 45.796962696178454 ], [ 18.554021750520533, 45.794487104622803 ], [ 18.546134703209034, 45.793793938987221 ], [ 18.531346489499981, 45.792506631378274 ], [ 18.522966501731503, 45.788149590240337 ], [ 18.522144934303228, 45.785872046009132 ], [ 18.521159053389283, 45.783396454453481 ], [ 18.508342601508105, 45.785773022346902 ], [ 18.5053849587663, 45.788941779538135 ], [ 18.500784181167916, 45.793991986311667 ], [ 18.490432431571577, 45.794685151947249 ], [ 18.485667340487552, 45.779930626275558 ], [ 18.481395189860493, 45.7664634082128 ], [ 18.472686575120704, 45.767156573848382 ], [ 18.456419540040741, 45.768641928781776 ], [ 18.446396417415713, 45.761116130452592 ], [ 18.447710925300967, 45.754976663394572 ], [ 18.449847000614497, 45.744876249847508 ], [ 18.446725044387023, 45.738043617153906 ], [ 18.434565846448464, 45.740024090398421 ], [ 18.42766468005091, 45.741113350682909 ], [ 18.421913708052941, 45.740618232371787 ], [ 18.419284692282446, 45.740420185047327 ], [ 18.408111375257818, 45.7395289720873 ], [ 18.398088252632789, 45.745866486469765 ], [ 18.398416879604099, 45.747648912389835 ], [ 18.399895700975009, 45.754877639732342 ], [ 18.397102371718859, 45.753788379447855 ], [ 18.38872238395038, 45.762997580034892 ], [ 18.380013769210606, 45.764284887643825 ], [ 18.364075361101953, 45.77280092259528 ], [ 18.365554182472863, 45.766265360888355 ], [ 18.35635262727611, 45.765374147928313 ], [ 18.345672250708461, 45.754085450434545 ], [ 18.338771084310906, 45.747054770416483 ], [ 18.336142068540397, 45.750421574932176 ], [ 18.334663247169502, 45.752501071838921 ], [ 18.327104826829313, 45.754481545083436 ], [ 18.299171534267757, 45.76032394115478 ], [ 18.286848022843543, 45.758838586221387 ], [ 18.281754304788194, 45.757551278612453 ], [ 18.276003332790225, 45.75596690001683 ], [ 18.262858253937736, 45.760026870168105 ], [ 18.259571984224607, 45.761017106790362 ], [ 18.255135520111892, 45.761017106790362 ], [ 18.244783770515554, 45.760918083128146 ], [ 18.242483381716369, 45.761611248763728 ], [ 18.235417901833145, 45.771117520337441 ], [ 18.229995556806486, 45.778544295004394 ], [ 18.214550089154812, 45.780326720924464 ], [ 18.205841474415024, 45.781415981208951 ], [ 18.203705399101494, 45.782406217831209 ], [ 18.19779011361787, 45.785277904035766 ], [ 18.186452483107601, 45.786466187982484 ], [ 18.176922300939538, 45.781019886560046 ], [ 18.168870940142384, 45.776266750773189 ], [ 18.163448595115725, 45.779633555288882 ], [ 18.152439591576766, 45.786367164320254 ], [ 18.150303516263236, 45.787159353618065 ], [ 18.147345873521417, 45.787654471929201 ], [ 18.123849045072575, 45.788842755875919 ], [ 18.116783565189365, 45.782802312480115 ], [ 18.11661925170371, 45.782505241493439 ], [ 18.115633370789766, 45.78072281557337 ], [ 18.113825922447546, 45.777851129368813 ], [ 18.109389458334832, 45.77280092259528 ], [ 18.106760442564337, 45.770622402026305 ], [ 18.099037708738493, 45.766859502861706 ], [ 18.095094185082743, 45.765869266239449 ], [ 18.091807915369614, 45.765572195252773 ], [ 18.086385570342969, 45.764581958630515 ], [ 18.068639713892097, 45.769137047092912 ], [ 18.058616591267068, 45.771711662310793 ], [ 18.04399269104367, 45.774385301190904 ], [ 18.026739775049762, 45.777455034719907 ], [ 18.017866846824333, 45.783000359804575 ], [ 18.000942557801736, 45.793595891662761 ], [ 17.985332776664393, 45.793694915324991 ], [ 17.983689641807828, 45.792803702364964 ], [ 17.981717879979968, 45.791813465742692 ], [ 17.977610042838549, 45.790130063484852 ], [ 17.973173578725834, 45.788941779538135 ], [ 17.969230055070085, 45.788842755875919 ], [ 17.964629277471715, 45.789634945173717 ], [ 17.956906543645871, 45.792011513067152 ], [ 17.955592035760617, 45.792506631378274 ], [ 17.953455960447087, 45.792803702364964 ], [ 17.949019496334373, 45.792407607716058 ], [ 17.947047734506498, 45.791813465742692 ], [ 17.945240286164278, 45.79121932376934 ], [ 17.940803822051564, 45.790031039822622 ], [ 17.934888536567939, 45.78706032995585 ], [ 17.9312736398835, 45.786070093333578 ], [ 17.92880893759866, 45.785971069671362 ], [ 17.912048962061732, 45.790823229120434 ], [ 17.900382704580139, 45.79112030010711 ], [ 17.875407054760402, 45.7789403896533 ], [ 17.872613725504237, 45.774781395839796 ], [ 17.868341574877178, 45.76844388145733 ], [ 17.862919229850519, 45.767453644835072 ], [ 17.854867869053365, 45.77280092259528 ], [ 17.853060420711145, 45.779930626275558 ], [ 17.852074539797215, 45.783297430791251 ], [ 17.848623956598431, 45.784089620089063 ], [ 17.840736909286932, 45.785971069671362 ], [ 17.834657310317652, 45.790526158133758 ], [ 17.829892219233628, 45.801715831965311 ], [ 17.827263203463119, 45.808152370010006 ], [ 17.820690664036874, 45.809142606632278 ], [ 17.817733021295069, 45.806766038738843 ], [ 17.81510400552456, 45.804686541832098 ], [ 17.800973045758127, 45.805676778454355 ], [ 17.794729133303193, 45.80983577226786 ], [ 17.787992280391293, 45.814192813405811 ], [ 17.77484720153879, 45.817163523272583 ], [ 17.764166824971142, 45.813796718756905 ], [ 17.759073106915793, 45.812212340161281 ], [ 17.752007627032583, 45.819639114828249 ], [ 17.744942147149359, 45.827065889495202 ], [ 17.73606921892393, 45.829937575699759 ], [ 17.716351600645183, 45.831323906970923 ], [ 17.707971612876719, 45.831918048944289 ], [ 17.706328478020154, 45.83251219091764 ], [ 17.690554383397156, 45.838453610651214 ], [ 17.676916364087703, 45.835978019095549 ], [ 17.672151273003664, 45.835086806135521 ], [ 17.66048501552207, 45.839245799949012 ], [ 17.6570344323233, 45.841325296855771 ], [ 17.651447773810986, 45.847860858562697 ], [ 17.647997190612202, 45.865586094101175 ], [ 17.637809754501518, 45.882420116679612 ], [ 17.619735271079335, 45.905888724627218 ], [ 17.593609426859999, 45.921732510583396 ], [ 17.58752982789072, 45.924901267774629 ], [ 17.58210748286406, 45.928763190601444 ], [ 17.570769852353791, 45.93529875230837 ], [ 17.557953400472599, 45.937873367526251 ], [ 17.549080472247169, 45.936883130903993 ], [ 17.526569524712272, 45.934407539348342 ], [ 17.521475806656923, 45.936982154566223 ], [ 17.519339731343393, 45.937972391188481 ], [ 17.4720174474744, 45.942824550637567 ], [ 17.450985321310412, 45.947973781073316 ], [ 17.441948079599314, 45.950251325304521 ], [ 17.433075151373885, 45.949162065020033 ], [ 17.428803000746825, 45.944805023882083 ], [ 17.43176064348863, 45.940150911757456 ], [ 17.436690048058324, 45.932823160752719 ], [ 17.433732405316505, 45.928664166939228 ], [ 17.413357533095137, 45.930149521872622 ], [ 17.412864592638172, 45.931733900468231 ], [ 17.410235576867677, 45.938962627810739 ], [ 17.398240692414774, 45.933021208077179 ], [ 17.394625795730335, 45.931238782157109 ], [ 17.388546196761055, 45.932823160752719 ], [ 17.384931300076616, 45.937378249215129 ], [ 17.385752867504891, 45.93975481710855 ], [ 17.387067375390146, 45.943913810922055 ], [ 17.379837582021267, 45.947973781073316 ], [ 17.363406233455649, 45.943814787259825 ], [ 17.351904289459711, 45.941042124717498 ], [ 17.344838809576501, 45.944111858246501 ], [ 17.341388226377717, 45.949459136006709 ], [ 17.340073718492476, 45.954509342780241 ], [ 17.344345869119536, 45.95995564420268 ], [ 17.348289392775285, 45.959658573216004 ], [ 17.351411349002746, 45.956093721375865 ], [ 17.35371173780193, 45.953222035171308 ], [ 17.361105844656464, 45.95827224194484 ], [ 17.383616792191361, 45.956390792362541 ], [ 17.384438359619651, 45.956885910673677 ], [ 17.39018933161762, 45.95995564420268 ], [ 17.385752867504891, 45.965401945625118 ], [ 17.373757983051988, 45.961837093784979 ], [ 17.371293280767148, 45.961143928149397 ], [ 17.361105844656464, 45.963817567029508 ], [ 17.360119963742534, 45.964114638016184 ], [ 17.362748979513029, 45.968273631829675 ], [ 17.368171324539688, 45.969362892114162 ], [ 17.373757983051988, 45.97045215239865 ], [ 17.369814459396238, 45.974512122549925 ], [ 17.368499951510998, 45.975898453821088 ], [ 17.369650145910583, 45.977680879741158 ], [ 17.373757983051988, 45.984216441448083 ], [ 17.372114848195437, 45.990355908506103 ], [ 17.363570546941304, 45.990355908506103 ], [ 17.361434471627774, 45.983820346799178 ], [ 17.359134082828589, 45.976987714105576 ], [ 17.352890170373655, 45.975403335509966 ], [ 17.344345869119536, 45.982235968203568 ], [ 17.341881166834682, 45.987583245963776 ], [ 17.337937643178947, 45.995703186266326 ], [ 17.328736087982193, 45.992336381750633 ], [ 17.328900401467848, 45.98887055357271 ], [ 17.333336865580563, 45.986196914692613 ], [ 17.335308627408438, 45.984909607083665 ], [ 17.336623135293692, 45.980849636932405 ], [ 17.331693730723998, 45.972333601980949 ], [ 17.324299623869479, 45.967382418869647 ], [ 17.313290620330505, 45.966788276896281 ], [ 17.309675723646066, 45.969362892114162 ], [ 17.31460512821576, 45.975205288185506 ], [ 17.322492175527259, 45.984711559759219 ], [ 17.320520413699384, 45.990157861181657 ], [ 17.313619247301816, 45.989761766532752 ], [ 17.311318858502631, 45.986692033003749 ], [ 17.308196902275171, 45.982334991865798 ], [ 17.299159660564072, 45.983226204825826 ], [ 17.294394569480048, 45.988573482586034 ], [ 17.296530644793577, 45.992930523723984 ], [ 17.304910632562041, 45.996594399226353 ], [ 17.302445930277202, 46.003328008257739 ], [ 17.293737315537413, 46.002238747973252 ], [ 17.282728311998454, 46.000852416702074 ], [ 17.258245602635682, 46.011645995884734 ], [ 17.272869502859081, 46.020657149147311 ], [ 17.27533420514392, 46.021053243796217 ], [ 17.291436926738228, 46.023231764365192 ], [ 17.294887509937013, 46.028480018463171 ], [ 17.290943986281263, 46.032143893965539 ], [ 17.273855383773025, 46.033035106925581 ], [ 17.261038931891832, 46.033728272561163 ], [ 17.258902856578302, 46.037590195387978 ], [ 17.258081289150027, 46.045809159352743 ], [ 17.262846380234052, 46.04897791654399 ], [ 17.270569114059896, 46.054226170641968 ], [ 17.268433038746366, 46.057196880508755 ], [ 17.260545991434867, 46.057691998819891 ], [ 17.260053050977902, 46.057791022482107 ], [ 17.233598579787241, 46.061553921646706 ], [ 17.233927206758565, 46.064227560526817 ], [ 17.24362170241227, 46.065811939122426 ], [ 17.238856611328245, 46.07155531153154 ], [ 17.232777012358966, 46.078982086198508 ], [ 17.228011921274941, 46.078685015211832 ], [ 17.207637049053574, 46.077397707602884 ], [ 17.20122882311297, 46.080071346482995 ], [ 17.206979795110939, 46.082844009025322 ], [ 17.217824485164257, 46.082744985363092 ], [ 17.220453500934752, 46.088092263123315 ], [ 17.223082516705247, 46.093142469896847 ], [ 17.231955444930691, 46.096905369061432 ], [ 17.229490742645837, 46.099281936954867 ], [ 17.215359782879403, 46.099479984279313 ], [ 17.210759005281034, 46.099579007941543 ], [ 17.213716648022853, 46.103143859781682 ], [ 17.218481739106878, 46.109085279515256 ], [ 17.214045274994163, 46.113541344315422 ], [ 17.209280183910124, 46.110075516137513 ], [ 17.19909274779944, 46.111362823746447 ], [ 17.19564216460067, 46.110273563461959 ], [ 17.182825712719477, 46.106312616972914 ], [ 17.177074740721508, 46.10868918486635 ], [ 17.175924546321923, 46.112155013044259 ], [ 17.181182577862913, 46.11898764573786 ], [ 17.181182577862913, 46.11898764573786 ], [ 17.181182577862913, 46.11898764573786 ], [ 17.175431605864944, 46.128196846324897 ], [ 17.180196696948983, 46.130771461542778 ], [ 17.184797474547352, 46.1331480294362 ], [ 17.181182577862913, 46.141069922414289 ], [ 17.177896308149798, 46.145625010876699 ], [ 17.178389248606763, 46.151269359623583 ], [ 17.168530439467389, 46.154537140477046 ], [ 17.158014376385395, 46.158101992317185 ], [ 17.158507316842361, 46.164934625010801 ], [ 17.158835943813671, 46.169489713473197 ], [ 17.140761460391488, 46.1725594470022 ], [ 17.138954012049268, 46.171668234042173 ], [ 17.133038726565644, 46.168598500513156 ], [ 17.12679481411071, 46.168796547837616 ], [ 17.12285129045496, 46.177114535464611 ], [ 17.122029723026685, 46.179095008709126 ], [ 17.118743453313556, 46.178599890398004 ], [ 17.111020719487712, 46.177312582789057 ], [ 17.102805045204903, 46.183947168158213 ], [ 17.099518775491788, 46.18671983070054 ], [ 17.09113878772331, 46.188898351269515 ], [ 17.089824279838069, 46.188403232958393 ], [ 17.08341605389748, 46.186323736051634 ], [ 17.075036066129002, 46.189591516905097 ], [ 17.068299213217102, 46.195830007625347 ], [ 17.067313332303172, 46.196820244247618 ], [ 17.066656078360538, 46.202167522007827 ], [ 17.05055335676623, 46.203751900603436 ], [ 17.04693846008179, 46.205435302861289 ], [ 17.00635302912471, 46.222467372764186 ], [ 16.994851085128772, 46.221477136141914 ], [ 16.989100113130817, 46.224348822346485 ], [ 16.984499335532433, 46.224447846008701 ], [ 16.974804839878715, 46.224645893333161 ], [ 16.973818958964785, 46.232765833635696 ], [ 16.973161705022164, 46.236825803786971 ], [ 16.97118994319429, 46.241776986898273 ], [ 16.964946030739355, 46.241578939573827 ], [ 16.957716237370477, 46.241479915911597 ], [ 16.949171936116358, 46.243361365493897 ], [ 16.933562154979015, 46.254452015663219 ], [ 16.926660988581446, 46.259007104125629 ], [ 16.917952373841672, 46.260195388072347 ], [ 16.909736699558863, 46.264849500196974 ], [ 16.902342592704329, 46.27386065345955 ], [ 16.890676335222736, 46.278118670935271 ], [ 16.886075557624366, 46.281287428126504 ], [ 16.885911244138711, 46.286931776873402 ], [ 16.884432422767802, 46.298913640002766 ], [ 16.884268109282146, 46.30010192394947 ], [ 16.883610855339526, 46.300894113247281 ], [ 16.876545375456303, 46.309212100874277 ], [ 16.876052434999337, 46.320599822030289 ], [ 16.873423419228843, 46.325253934154915 ], [ 16.875888121513682, 46.32941292796842 ], [ 16.879174391226812, 46.335156300377534 ], [ 16.875723808028027, 46.336443607986467 ], [ 16.872601851800553, 46.337631891933185 ], [ 16.872601851800553, 46.338622128555443 ], [ 16.872108911343588, 46.343078193355623 ], [ 16.863400296603814, 46.346345974209086 ], [ 16.865207744946034, 46.354069819862715 ], [ 16.85469168186404, 46.350405944360361 ], [ 16.849597963808691, 46.361199523543007 ], [ 16.841710916497192, 46.363774138760888 ], [ 16.836945825413167, 46.365358517356498 ], [ 16.836617198441857, 46.369121416521097 ], [ 16.836124257984878, 46.373874552307953 ], [ 16.832345047814783, 46.371398960752302 ], [ 16.827415643245104, 46.368230203561055 ], [ 16.8221576117041, 46.372686268361235 ], [ 16.814270564392601, 46.371696031738978 ], [ 16.810819981193831, 46.37674623851251 ], [ 16.804411755253227, 46.376944285836956 ], [ 16.802604306911022, 46.378132569783673 ], [ 16.801618425997077, 46.382291563597178 ], [ 16.800961172054457, 46.384470084166153 ], [ 16.794552946113868, 46.386450557410669 ], [ 16.787651779716299, 46.385361297126181 ], [ 16.78436551000317, 46.383083752894976 ], [ 16.778614538005215, 46.379320853730391 ], [ 16.77450670086381, 46.382588634583854 ], [ 16.771549058121991, 46.384767155152829 ], [ 16.766783967037966, 46.384073989517248 ], [ 16.764483578238782, 46.381994492610488 ], [ 16.761690248982617, 46.379320853730391 ], [ 16.756103590470303, 46.385163249801735 ], [ 16.753967515156774, 46.387539817695156 ], [ 16.752324380300209, 46.38734177037071 ], [ 16.742136944189525, 46.385856415437317 ], [ 16.73950792841903, 46.394669521375434 ], [ 16.7385220475051, 46.397838278566681 ], [ 16.733921269906716, 46.400709964771238 ], [ 16.726034222595217, 46.399719728148966 ], [ 16.724062460767342, 46.396550970957733 ], [ 16.721597758482503, 46.392689048130919 ], [ 16.718147175283718, 46.392391977144243 ], [ 16.695471914263166, 46.419524460594204 ], [ 16.685448791638137, 46.431506323723568 ], [ 16.674768415070488, 46.444973541786325 ], [ 16.670331950957774, 46.448538393626464 ], [ 16.669346070043829, 46.448538393626464 ], [ 16.661623336217986, 46.448142298977558 ], [ 16.664909605931115, 46.453390553075536 ], [ 16.666388427302024, 46.455767120968972 ], [ 16.663102157588895, 46.459629043795786 ], [ 16.651271586621647, 46.463490966622601 ], [ 16.643713166281458, 46.463094871973709 ], [ 16.631061027885934, 46.462302682675897 ], [ 16.625967309830585, 46.467947031422781 ], [ 16.62580299634493, 46.468145078747241 ], [ 16.62547436937362, 46.468046055085011 ], [ 16.615615560234247, 46.465075345218224 ], [ 16.607728512922748, 46.472898214534098 ], [ 16.605099497152253, 46.475571853414195 ], [ 16.596883822869444, 46.475868924400871 ], [ 16.58488893841654, 46.477255255672034 ], [ 16.568457589850922, 46.487751763868019 ], [ 16.567636022422633, 46.488246882179141 ], [ 16.565992887566082, 46.488742000490276 ], [ 16.556462705398019, 46.491514663032603 ], [ 16.524914516152023, 46.505080904757591 ], [ 16.529515293750393, 46.509834040544447 ], [ 16.532144309520902, 46.512606703086774 ], [ 16.529186666779083, 46.514983270980196 ], [ 16.525078829637678, 46.518548122820349 ], [ 16.528858039807773, 46.526073921149532 ], [ 16.531487055578268, 46.53142119890974 ], [ 16.525407456608988, 46.533797766803161 ], [ 16.518506290211434, 46.536669453007718 ], [ 16.518834917182744, 46.544888416972498 ], [ 16.518999230668399, 46.549641552759354 ], [ 16.516534528383559, 46.555384925168468 ], [ 16.508483167586405, 46.565287291391087 ], [ 16.502239255131471, 46.564198031106599 ], [ 16.495009461762592, 46.563009747159882 ], [ 16.483671831252323, 46.56657459900002 ], [ 16.482357323367069, 46.577368178182667 ], [ 16.482028696395759, 46.579843769738318 ], [ 16.47447027605557, 46.586478355107474 ], [ 16.468554990571945, 46.58697347341861 ], [ 16.461653824174391, 46.596182674005632 ], [ 16.453273836405913, 46.599846549508001 ], [ 16.445386789094414, 46.610937199677338 ], [ 16.433720531612835, 46.613115720246299 ], [ 16.431584456299305, 46.613412791232989 ], [ 16.427147992186576, 46.61390790954411 ], [ 16.423861722473461, 46.614304004193016 ], [ 16.417289183047203, 46.620443471251036 ], [ 16.404472731166024, 46.63232631071817 ], [ 16.397735878254124, 46.633415571002658 ], [ 16.392806473684431, 46.63420776030047 ], [ 16.390341771399591, 46.638267730451744 ], [ 16.385576680315566, 46.651833972176732 ], [ 16.393463727627065, 46.661835362061566 ], [ 16.397571564768469, 46.663815835306096 ], [ 16.40102214796724, 46.661538291074891 ], [ 16.404637044651679, 46.659260746843685 ], [ 16.419753885332057, 46.658468557545874 ], [ 16.419589571846402, 46.664905095590584 ], [ 16.424026035959116, 46.667974829119586 ], [ 16.421397020188607, 46.674510390826512 ], [ 16.426655051729611, 46.691839531716084 ], [ 16.426490738243956, 46.694909265245101 ], [ 16.420246825789022, 46.695899501867359 ], [ 16.402665282823804, 46.697087785814077 ], [ 16.383440605002036, 46.69827606976078 ], [ 16.368488077807314, 46.704217489494354 ], [ 16.379168454374962, 46.712634500783579 ], [ 16.370788466606498, 46.722239796019508 ], [ 16.356986133811375, 46.715506186988137 ], [ 16.345319876329796, 46.736202132393402 ], [ 16.331517543534673, 46.748481066509441 ], [ 16.319686972567425, 46.754620533567461 ], [ 16.330038722163764, 46.777891094190608 ], [ 16.312128552227236, 46.777990117852823 ], [ 16.313114433141166, 46.797596802973601 ], [ 16.327574019878924, 46.801062631151524 ], [ 16.339897531303137, 46.803934317356081 ], [ 16.340226158274447, 46.81185621033417 ], [ 16.340390471760102, 46.820273221623395 ], [ 16.344991249358472, 46.828690232912606 ], [ 16.346141443758071, 46.829284374885972 ], [ 16.349920653928166, 46.831165824468272 ], [ 16.347127324672002, 46.840375025055295 ], [ 16.343183801016252, 46.843246711259852 ], [ 16.337432829018297, 46.846415468451099 ], [ 16.330860289592039, 46.845821326477733 ], [ 16.329381468221143, 46.845722302815503 ], [ 16.324616377137104, 46.849584225642332 ], [ 16.317057956796916, 46.856020763687027 ], [ 16.312128552227236, 46.857407094958191 ], [ 16.300626608231298, 46.860575852149424 ], [ 16.297504652003838, 46.866418248220768 ], [ 16.291425053034558, 46.872854786265478 ], [ 16.264477641386932, 46.871963573305436 ], [ 16.24180238036638, 46.876320614443387 ], [ 16.237365916253665, 46.876320614443387 ], [ 16.219620059802793, 46.869983100060921 ], [ 16.217155357517953, 46.869091887100879 ], [ 16.216498103575319, 46.869091887100879 ], [ 16.200066755009701, 46.868101650478621 ], [ 16.184785600843682, 46.864833869625159 ], [ 16.175255418675619, 46.857110023971515 ], [ 16.165396609536245, 46.859684639189396 ], [ 16.155702113882526, 46.854436385091404 ], [ 16.134669987718539, 46.856119787349257 ], [ 16.12711156737835, 46.857605142282651 ], [ 16.113802175040192, 46.869091887100879 ], [ 16.132533912404995, 46.875726472470035 ], [ 16.139106451831253, 46.884539578408152 ], [ 16.145843304743153, 46.887114193626033 ], [ 16.152580157655052, 46.893649755332959 ], [ 16.163260534222715, 46.903849192542253 ], [ 16.171476208505524, 46.905730642124553 ], [ 16.179034628845713, 46.907414044382392 ], [ 16.186921676157212, 46.921277357094056 ], [ 16.197602052724861, 46.939992829254791 ], [ 16.20401027866545, 46.942171349823766 ], [ 16.20828242929251, 46.940190876579251 ], [ 16.210089877634729, 46.942468420810442 ], [ 16.212225952948259, 46.940685994890373 ], [ 16.217483984489263, 46.936229930090207 ], [ 16.232272198198316, 46.941973302499321 ], [ 16.236380035339721, 46.945835225326135 ], [ 16.245417277050819, 46.947617651246205 ], [ 16.24426708265122, 46.954747354926496 ], [ 16.24393845567991, 46.956529780846566 ], [ 16.255276086190193, 46.964253626500195 ], [ 16.262834506530368, 46.962867295229032 ], [ 16.269899986413591, 46.961579987620098 ], [ 16.276143898868526, 46.963461437202383 ], [ 16.276472525839836, 46.97881010484744 ], [ 16.276636839325491, 46.985543713878826 ], [ 16.28238781132346, 46.995446080101431 ], [ 16.283209378751749, 47.004556257026238 ], [ 16.289288977721029, 47.013468386626585 ], [ 16.295039949718984, 47.011884008030975 ], [ 16.298819159889078, 47.006041611959631 ], [ 16.298819159889078, 47.005447469986279 ], [ 16.299312100346057, 47.001387499835005 ], [ 16.303255624001807, 46.998713860954894 ], [ 16.322480301823575, 47.002575783781722 ], [ 16.341540666159702, 46.996337293061472 ], [ 16.342690860559287, 46.999109955603799 ], [ 16.347620265128981, 47.005744540972955 ], [ 16.350249280899476, 47.00960646379977 ], [ 16.364708867637219, 47.006536730270767 ], [ 16.365530435065509, 47.005744540972955 ], [ 16.372102974491753, 46.999506050252705 ], [ 16.379825708317597, 46.998713860954894 ], [ 16.386726874715151, 47.000496286874963 ], [ 16.39362804111272, 47.001486523497235 ], [ 16.412195464991868, 47.004160162377332 ], [ 16.420904079731642, 46.99742655334596 ], [ 16.424518976416081, 46.994653890803619 ], [ 16.431584456299305, 46.994158772492497 ], [ 16.445551102580083, 46.99316853587024 ], [ 16.446208356522703, 46.9972285060215 ], [ 16.447029923950979, 47.001882618146126 ], [ 16.450809134121073, 47.002872854768398 ], [ 16.461325197203067, 47.000001168563841 ], [ 16.481864382910103, 46.994257796154713 ], [ 16.489915743707257, 46.999109955603799 ], [ 16.506675719244186, 47.000991405186099 ], [ 16.507168659701151, 47.004754304350698 ], [ 16.492216132506442, 47.011091818733163 ], [ 16.483836144737978, 47.019805901009065 ], [ 16.463625586002266, 47.031589716813968 ], [ 16.462639705088321, 47.031193622165077 ], [ 16.446044043037048, 47.024162942147015 ], [ 16.440128757553424, 47.029312172582777 ], [ 16.442922086809574, 47.033867261045174 ], [ 16.441443265438664, 47.036342852600825 ], [ 16.451302074578038, 47.040105751765424 ], [ 16.476277724397789, 47.04654228981012 ], [ 16.488765549307658, 47.048027644743513 ], [ 16.507497286672461, 47.050206165312488 ], [ 16.520642365524964, 47.056147585046062 ], [ 16.519492171125364, 47.061494862806271 ], [ 16.509469048500335, 47.066446045917573 ], [ 16.497474164047432, 47.069911874095496 ], [ 16.488272608850693, 47.068921637473224 ], [ 16.487286727936748, 47.068822613811008 ], [ 16.483836144737978, 47.072189418326687 ], [ 16.481535755938779, 47.074367938895662 ], [ 16.480714188510504, 47.074367938895662 ], [ 16.47266282771335, 47.074764033544568 ], [ 16.473977335598605, 47.085161518078323 ], [ 16.467076169201036, 47.089320511891813 ], [ 16.464447153430541, 47.094766813314251 ], [ 16.465925974801451, 47.098826783465526 ], [ 16.47414164908426, 47.103976013901288 ], [ 16.482028696395759, 47.102193587981219 ], [ 16.484329085194943, 47.108531102363685 ], [ 16.492380445992097, 47.109620362648172 ], [ 16.499610239360962, 47.110511575608214 ], [ 16.499774552846631, 47.115660806043962 ], [ 16.499938866332286, 47.123384651697606 ], [ 16.510619242899935, 47.124770982968769 ], [ 16.529350980264738, 47.12724657452442 ], [ 16.528365099350808, 47.136257727787012 ], [ 16.516698841869214, 47.149328851200849 ], [ 16.491065938106843, 47.148833732889727 ], [ 16.485643593080198, 47.147348377956334 ], [ 16.469705184971545, 47.142991336818383 ], [ 16.454259717319857, 47.142298171182802 ], [ 16.449658939721488, 47.151111277120933 ], [ 16.453438149891568, 47.156755625867817 ], [ 16.458531867946917, 47.158736099112346 ], [ 16.460010689317826, 47.159231217423468 ], [ 16.463296959030941, 47.170916009566156 ], [ 16.453931090348547, 47.185274440588941 ], [ 16.449658939721488, 47.187651008482376 ], [ 16.439964444067769, 47.186561748197889 ], [ 16.431584456299305, 47.185670535237847 ], [ 16.428791127043141, 47.185274440588941 ], [ 16.421068393217297, 47.19319633356703 ], [ 16.421232706702952, 47.197157280056075 ], [ 16.416960556075892, 47.205376244020854 ], [ 16.419425258360747, 47.209634261496575 ], [ 16.43026994841405, 47.210327427132157 ], [ 16.431584456299305, 47.210327427132157 ], [ 16.435692293440709, 47.210624498118833 ], [ 16.438156995725549, 47.228151686332865 ], [ 16.442757773323919, 47.233697011417533 ], [ 16.441771892409989, 47.240430620448905 ], [ 16.440786011496044, 47.24696618215583 ], [ 16.430434261899705, 47.250332986671523 ], [ 16.458860494918227, 47.25508612245838 ], [ 16.460832256746102, 47.254491980485014 ], [ 16.467076169201036, 47.252907601889405 ], [ 16.478578113196974, 47.261720707827521 ], [ 16.478085172740009, 47.274791831241373 ], [ 16.486465160508473, 47.279445943365999 ], [ 16.487286727936748, 47.28390200816618 ], [ 16.463296959030941, 47.334899194212639 ], [ 16.450316193664108, 47.339157211688374 ], [ 16.449001685778853, 47.339652329999495 ], [ 16.447522864407958, 47.341533779581795 ], [ 16.443907967723518, 47.346583986355327 ], [ 16.433720531612835, 47.352921500737807 ], [ 16.443415027266539, 47.35618928159127 ], [ 16.452287955491983, 47.357080494551298 ], [ 16.454588344291167, 47.363517032595993 ], [ 16.456724419604697, 47.369161381342892 ], [ 16.451959328520672, 47.37896472390328 ], [ 16.451795015035017, 47.379360818552186 ], [ 16.451959328520672, 47.379558865876632 ], [ 16.456231479147732, 47.386589545894694 ], [ 16.449823253207143, 47.395600699157271 ], [ 16.447522864407958, 47.398868480010734 ], [ 16.445879729551393, 47.406097207353241 ], [ 16.458696181432572, 47.413028863709073 ], [ 16.484986339137564, 47.408275727922216 ], [ 16.487122414451093, 47.404809899744293 ], [ 16.486629473994128, 47.403225521148684 ], [ 16.484986339137564, 47.399066527335179 ], [ 16.489751430221602, 47.394610462534999 ], [ 16.495995342676537, 47.395105580846135 ], [ 16.497474164047432, 47.389956350410372 ], [ 16.50897610804337, 47.396293864792852 ], [ 16.50897610804337, 47.400254811281897 ], [ 16.509140421529025, 47.404710876082078 ], [ 16.518341976725779, 47.410355224828962 ], [ 16.539538416375422, 47.40956303553115 ], [ 16.542331745631586, 47.408275727922216 ], [ 16.548411344600865, 47.405602089042105 ], [ 16.572236800021017, 47.405800136366565 ], [ 16.576016010191111, 47.407582562286635 ], [ 16.577494831562007, 47.410850343140098 ], [ 16.580945414760791, 47.418376141469281 ], [ 16.59129716435713, 47.421346851336068 ], [ 16.587846581158345, 47.422733182607232 ], [ 16.601155973496503, 47.424713655851747 ], [ 16.611836350064152, 47.431645312207579 ], [ 16.617587322062121, 47.431645312207579 ], [ 16.620052024346975, 47.431645312207579 ], [ 16.62235241314616, 47.43412090376323 ], [ 16.631061027885934, 47.443627175336943 ], [ 16.646177868566312, 47.44659788520373 ], [ 16.66145902273233, 47.456896346075254 ], [ 16.66080176878971, 47.46313483679549 ], [ 16.669674697015139, 47.47551279457376 ], [ 16.665238232902425, 47.481949332618456 ], [ 16.652421781021246, 47.50036773379253 ], [ 16.66145902273233, 47.508190603108389 ], [ 16.6660598003307, 47.505318916903832 ], [ 16.669017443072519, 47.503536490983763 ], [ 16.690378196207831, 47.511260336637392 ], [ 16.704509155974264, 47.52304415244231 ], [ 16.704509155974264, 47.530470927109263 ], [ 16.704344842488609, 47.53354066063828 ], [ 16.708452679630014, 47.535917228531702 ], [ 16.714532278599293, 47.5396801276963 ], [ 16.70220876717508, 47.545126429118739 ], [ 16.69892249746195, 47.546512760389902 ], [ 16.696622108662766, 47.54750299701216 ], [ 16.695964854720131, 47.548295186309971 ], [ 16.687749180437322, 47.559385836479308 ], [ 16.677561744326638, 47.559583883803754 ], [ 16.673782534156544, 47.559682907465984 ], [ 16.663102157588895, 47.568694060728561 ], [ 16.668031562158575, 47.57067453397309 ], [ 16.670167637472119, 47.571466723270888 ], [ 16.674768415070488, 47.579487639911207 ], [ 16.669017443072519, 47.59315290529841 ], [ 16.668853129586864, 47.59335095262287 ], [ 16.667374308215955, 47.596816780800779 ], [ 16.669181756558174, 47.599787490667566 ], [ 16.672139399299994, 47.604243555467747 ], [ 16.66573117335939, 47.60562988673891 ], [ 16.659651574390111, 47.607016218010074 ], [ 16.654722169820431, 47.617512726206044 ], [ 16.652093154049936, 47.622860003966252 ], [ 16.634840238056029, 47.627613139753109 ], [ 16.62202378617485, 47.626226808481945 ], [ 16.617423008576466, 47.624939500873012 ], [ 16.590311283443199, 47.617413702543828 ], [ 16.572894053963637, 47.620087341423925 ], [ 16.562213677395988, 47.626127784819715 ], [ 16.554162316598834, 47.630781896944356 ], [ 16.55104036037136, 47.632564322864425 ], [ 16.515712960955284, 47.645338375291587 ], [ 16.51144081032821, 47.642367665424814 ], [ 16.506840032729841, 47.639198908233567 ], [ 16.497802791018756, 47.639396955558027 ], [ 16.486629473994128, 47.64276376007372 ], [ 16.484657712166253, 47.644546185993789 ], [ 16.478742426682629, 47.649992487416228 ], [ 16.450644820635418, 47.655735859825342 ], [ 16.450151880178453, 47.655834883487557 ], [ 16.439471503610804, 47.657122191096505 ], [ 16.431584456299305, 47.660687042936644 ], [ 16.421561333674276, 47.66534115506127 ], [ 16.431584456299305, 47.669599172536991 ], [ 16.442100519381299, 47.673956213674941 ], [ 16.444236594694829, 47.683066390599748 ], [ 16.447358550922289, 47.69633556133806 ], [ 16.453931090348547, 47.695939466689154 ], [ 16.456395792633387, 47.691384378226743 ], [ 16.460010689317826, 47.684749792857602 ], [ 16.465433034344471, 47.681581035666355 ], [ 16.47414164908426, 47.682076153977491 ], [ 16.4754561569695, 47.685145887506508 ], [ 16.477099291826065, 47.689403904982228 ], [ 16.480385561539194, 47.69019609428004 ], [ 16.497802791018756, 47.703366241356107 ], [ 16.501417687703182, 47.704257454316149 ], [ 16.516534528383559, 47.707624258831842 ], [ 16.518013349754469, 47.708812542778546 ], [ 16.521299619467584, 47.711585205320887 ], [ 16.527707845408173, 47.711387157996427 ], [ 16.534773325291397, 47.711189110671981 ], [ 16.540852924260676, 47.71277348926759 ], [ 16.55104036037136, 47.722378784503533 ], [ 16.544796447916426, 47.728518251561553 ], [ 16.536416460147962, 47.736638191864088 ], [ 16.537566654547547, 47.740004996379781 ], [ 16.542660372602896, 47.742381564273217 ], [ 16.545453701859046, 47.742777658922108 ], [ 16.548739971572175, 47.743173753571014 ], [ 16.5479184041439, 47.745451297802219 ], [ 16.5467682097443, 47.748620054993452 ], [ 16.548739971572175, 47.751194670211333 ], [ 16.561063482996389, 47.751590764860239 ], [ 16.567636022422633, 47.751887835846915 ], [ 16.577330518076351, 47.754462451064796 ], [ 16.59096853738582, 47.758027302904935 ], [ 16.593926180127639, 47.757235113607138 ], [ 16.598691271211663, 47.75614585332265 ], [ 16.608550080351037, 47.759512657838329 ], [ 16.610028901721947, 47.760007776149465 ], [ 16.613643798406372, 47.759215586851653 ], [ 16.622188099660505, 47.757334137269353 ], [ 16.62876063908675, 47.758225350229395 ], [ 16.634182984113409, 47.759017539527207 ], [ 16.637304940340869, 47.754660498389256 ], [ 16.642234344910563, 47.747629818371195 ], [ 16.655543737248706, 47.742381564273217 ], [ 16.67000332398645, 47.740797185677593 ], [ 16.675918609470074, 47.740104020042011 ], [ 16.720940504539882, 47.735350884255155 ], [ 16.721597758482503, 47.728914346210459 ], [ 16.722255012425137, 47.721784642530167 ], [ 16.73983655539034, 47.695246301053572 ], [ 16.748545170130129, 47.682175177639721 ], [ 16.749038110587094, 47.681382988341909 ], [ 16.827251329759449, 47.682967366937532 ], [ 16.831194853415198, 47.68989902329335 ], [ 16.839574841183662, 47.704554525302825 ], [ 16.85534893580666, 47.711288134334197 ], [ 16.866850879802598, 47.721685618867951 ], [ 16.870301463001368, 47.703465265018338 ], [ 16.872930478771877, 47.689700975968904 ], [ 16.912694342300668, 47.687720502724375 ], [ 16.93257627406507, 47.68989902329335 ], [ 16.93619117074951, 47.69019609428004 ], [ 16.949007622630702, 47.691582425551204 ], [ 16.959359372227041, 47.692671685835691 ], [ 16.976447974735279, 47.694454111755761 ], [ 16.978255423077499, 47.694751182742436 ], [ 16.990743247987368, 47.696632632324736 ], [ 17.001094997583721, 47.698316034582575 ], [ 17.019991048434179, 47.701187720787132 ], [ 17.026234960889113, 47.702177957409404 ], [ 17.040201607169891, 47.704356477978379 ], [ 17.042501995969076, 47.704554525302825 ], [ 17.04989610282361, 47.705049643613961 ], [ 17.055318447850269, 47.705445738262867 ], [ 17.059590598477328, 47.705742809249543 ], [ 17.071256855958922, 47.70663402220957 ], [ 17.093110549551184, 47.708218400805194 ], [ 17.079308216756075, 47.72079440590791 ], [ 17.070763915501942, 47.728518251561553 ], [ 17.070599602016287, 47.745550321464449 ], [ 17.070599602016287, 47.751194670211333 ], [ 17.066163137903573, 47.770306237020975 ], [ 17.056140015278544, 47.78674416495052 ], [ 17.051867864651484, 47.793675821306351 ], [ 17.061398046819548, 47.801003572311089 ], [ 17.071585482930232, 47.809123512613624 ], [ 17.062876868190443, 47.817243452916173 ], [ 17.059754911962983, 47.82011513912073 ], [ 17.058933344534694, 47.823382919974193 ], [ 17.053346686022394, 47.825660464205399 ], [ 17.04693846008179, 47.828334103085496 ], [ 17.04776002751008, 47.830908718303377 ], [ 17.04989610282361, 47.83843451663256 ], [ 17.025742020432148, 47.851505640046412 ], [ 17.01095380672308, 47.859427533024515 ], [ 17.018183600091959, 47.868042591638186 ], [ 17.037901218370706, 47.86744844966482 ], [ 17.041023174598166, 47.867349426002605 ], [ 17.055811388307234, 47.871706467140555 ], [ 17.062712554704788, 47.87368694038507 ], [ 17.064520003047008, 47.874281082358436 ], [ 17.077829395385166, 47.877548863211885 ], [ 17.078322335842131, 47.876954721238533 ], [ 17.080458411155661, 47.874479129682882 ], [ 17.085223502239685, 47.874479129682882 ], [ 17.102805045204903, 47.897650666643798 ], [ 17.098861521549154, 47.902502826092885 ], [ 17.096561132749969, 47.905374512297442 ], [ 17.105927001432377, 47.918247588386834 ], [ 17.111677973430346, 47.926169481364923 ], [ 17.102147791262283, 47.930427498840658 ], [ 17.092124668637254, 47.934883563640824 ], [ 17.104119553090158, 47.947360545081324 ], [ 17.116936004971336, 47.960926786806297 ], [ 17.106584255374997, 47.965580898930938 ], [ 17.094753684407749, 47.970928176691146 ], [ 17.160807705641545, 48.006675718754778 ], [ 17.201393136598625, 48.019548794844184 ], [ 17.225875845961411, 48.016380037652937 ], [ 17.241814254070064, 48.022420481048741 ], [ 17.247400912582364, 48.012022996514986 ] ] ] } },
{ "type": "Feature", "properties": { "index": 1714, "nuts_1_code": "HU3", "nuts_1_name": "Alföld és Észak" }, "geometry": { "type": "Polygon", "coordinates": [ [ [ 22.121103210631148, 48.378311523089479 ], [ 22.134576916454947, 48.380985161969591 ], [ 22.135398483883236, 48.384946108458635 ], [ 22.133426722055361, 48.387421700014286 ], [ 22.130797706284852, 48.390788504529979 ], [ 22.142956904223411, 48.394353356370118 ], [ 22.154294534733694, 48.397621137223581 ], [ 22.155280415647638, 48.403364509632695 ], [ 22.160045506731663, 48.410989331624108 ], [ 22.189457620664129, 48.417128798682128 ], [ 22.201945445573998, 48.42406045503796 ], [ 22.213118762598612, 48.424951667998002 ], [ 22.219526988539215, 48.420693650522267 ], [ 22.22281325825233, 48.418614153615522 ], [ 22.234808142705234, 48.410791284299663 ], [ 22.25600458235489, 48.409999095001851 ], [ 22.264055943152044, 48.409702024015175 ], [ 22.25961947903933, 48.397324066236905 ], [ 22.254525760983981, 48.392174835801143 ], [ 22.249103415957322, 48.389996315232167 ], [ 22.241380682131492, 48.386827558040935 ], [ 22.248774788986012, 48.381480280280726 ], [ 22.253539880070051, 48.378014452102803 ], [ 22.256661836297511, 48.373756434627083 ], [ 22.261591240867205, 48.367022825595697 ], [ 22.267177899379504, 48.360982382199907 ], [ 22.300369223482065, 48.3537536548574 ], [ 22.304148433652159, 48.353555607532954 ], [ 22.318115079932937, 48.352763418235142 ], [ 22.319429587818178, 48.338008892563451 ], [ 22.317129199018993, 48.332760638465459 ], [ 22.313842929305878, 48.325729958447397 ], [ 22.321072722674742, 48.315233450251426 ], [ 22.329288396957551, 48.310876409113476 ], [ 22.33651819032643, 48.307212533611121 ], [ 22.339640146553904, 48.296220907104015 ], [ 22.338161325182995, 48.292755078926092 ], [ 22.33717544426905, 48.290279487370441 ], [ 22.339968773525214, 48.283743925663515 ], [ 22.338489952154305, 48.279089813538889 ], [ 22.344569551123584, 48.275227890712074 ], [ 22.358371883918707, 48.266315761111713 ], [ 22.365437363801917, 48.256512418551338 ], [ 22.369380887457666, 48.247501265288747 ], [ 22.370695395342921, 48.244332508097514 ], [ 22.383840474195424, 48.235123307510491 ], [ 22.391891834992578, 48.241064727244051 ], [ 22.402900838531536, 48.249184667546601 ], [ 22.41768905224059, 48.250372951493304 ], [ 22.430669817607438, 48.247303217964301 ], [ 22.433298833377933, 48.251561235440022 ], [ 22.452523511199715, 48.244233484435284 ], [ 22.458603110168994, 48.241955940204093 ], [ 22.466490157480493, 48.245025673733096 ], [ 22.477006220562487, 48.249085643884371 ], [ 22.487029343187515, 48.253145614035645 ], [ 22.498859914154764, 48.249580762195507 ], [ 22.502474810839203, 48.245025673733096 ], [ 22.501324616439604, 48.242748129501891 ], [ 22.500503049011328, 48.240965703581821 ], [ 22.503296378267478, 48.239183277661752 ], [ 22.504775199638388, 48.238985230337306 ], [ 22.514305381806452, 48.237598899066143 ], [ 22.513648127863817, 48.229082864114687 ], [ 22.513483814378162, 48.226607272559036 ], [ 22.531229670829035, 48.210466415616182 ], [ 22.537637896769624, 48.209278131669464 ], [ 22.543224555281938, 48.208188871384976 ], [ 22.553247677906967, 48.201356238691375 ], [ 22.557191201562716, 48.198583576149034 ], [ 22.559820217333211, 48.197989434175682 ], [ 22.56984333995824, 48.195612866282261 ], [ 22.56951471298693, 48.18679976034413 ], [ 22.568528832073, 48.186502689357454 ], [ 22.562120606132396, 48.184720263437384 ], [ 22.575265684984899, 48.160063371543075 ], [ 22.581673910925488, 48.158776063934127 ], [ 22.583317045782053, 48.158478992947451 ], [ 22.596790751605866, 48.146695177142547 ], [ 22.593668795378392, 48.144318609249112 ], [ 22.588410763837402, 48.140357662760067 ], [ 22.594326049321026, 48.135406479648765 ], [ 22.592847227950116, 48.124711924128334 ], [ 22.595476243720611, 48.12094902496375 ], [ 22.598105259491106, 48.116988078474705 ], [ 22.595969184177576, 48.114215415932364 ], [ 22.591204093093552, 48.108273996198804 ], [ 22.605006425888675, 48.104115002385299 ], [ 22.617329937312888, 48.103718907736393 ], [ 22.619794639597728, 48.103718907736393 ], [ 22.621437774454293, 48.102926718438582 ], [ 22.635897361192036, 48.09609408574498 ], [ 22.674182403349931, 48.091935091931489 ], [ 22.691271005858184, 48.101441363505202 ], [ 22.705730592595927, 48.109561303807737 ], [ 22.718218417505796, 48.112532013674524 ], [ 22.729720361501734, 48.115304676216851 ], [ 22.730377615444354, 48.115997841852433 ], [ 22.734649766071414, 48.119562693692586 ], [ 22.754203070864506, 48.119661717354802 ], [ 22.759625415891165, 48.115601747203527 ], [ 22.761432864233385, 48.113720297621242 ], [ 22.764554820460845, 48.110650564092225 ], [ 22.771948927315378, 48.109462280145507 ], [ 22.776385391428093, 48.112432990012294 ], [ 22.772770494743654, 48.116195889176893 ], [ 22.770963046401448, 48.118176362421408 ], [ 22.772441867772343, 48.121147072288196 ], [ 22.780328915083842, 48.119463670030356 ], [ 22.790516351194526, 48.117285149461381 ], [ 22.79610300970684, 48.119265622705896 ], [ 22.802675549133085, 48.121444143274871 ], [ 22.806126132331869, 48.118176362421408 ], [ 22.804154370503994, 48.113621273959012 ], [ 22.802018295190464, 48.109264232821062 ], [ 22.805797505360559, 48.106194499292044 ], [ 22.809576715530653, 48.110353493105549 ], [ 22.816149254956898, 48.117582220448057 ], [ 22.826172377581926, 48.116195889176893 ], [ 22.830937468665951, 48.10837301986102 ], [ 22.829622960780711, 48.102827694776366 ], [ 22.828144139409801, 48.096490180393886 ], [ 22.832580603522516, 48.093321423202653 ], [ 22.833730797922115, 48.092529233904841 ], [ 22.836195500206955, 48.085201482900104 ], [ 22.83668844066392, 48.0840131989534 ], [ 22.83783863506352, 48.079953228802125 ], [ 22.844411174489764, 48.081834678384425 ], [ 22.847204503745928, 48.082626867682222 ], [ 22.858049193799232, 48.076388376961987 ], [ 22.862814284883257, 48.062128969601417 ], [ 22.861992717454982, 48.060346543681348 ], [ 22.861006836541037, 48.057771928463467 ], [ 22.869715451280825, 48.052028556054353 ], [ 22.871029959166066, 48.05291976901438 ], [ 22.87448054236485, 48.055098289583356 ], [ 22.880724454819784, 48.054009029298868 ], [ 22.880231514362819, 48.03628379376039 ], [ 22.87300172099394, 48.025391190915514 ], [ 22.865278987168111, 48.021232197102023 ], [ 22.864457419739821, 48.01192397285277 ], [ 22.851148027401678, 48.002021606630151 ], [ 22.83783863506352, 47.992020216745317 ], [ 22.841946472204924, 47.987564151945136 ], [ 22.843096666604524, 47.986276844336189 ], [ 22.842439412661889, 47.984692465740579 ], [ 22.84096059129098, 47.980929566575981 ], [ 22.848847638602479, 47.981919803198238 ], [ 22.850326459973388, 47.982117850522698 ], [ 22.864457419739821, 47.975285217829096 ], [ 22.86955113779517, 47.976275454451354 ], [ 22.87234446705132, 47.973799862895703 ], [ 22.87201584008001, 47.971918413313404 ], [ 22.87135858613739, 47.969046727108847 ], [ 22.881053081791094, 47.964590662308666 ], [ 22.886968367274719, 47.965481875268708 ], [ 22.891897771844413, 47.96627406456652 ], [ 22.891897771844413, 47.961718976104109 ], [ 22.891897771844413, 47.958352171588416 ], [ 22.896334235957127, 47.954094154112695 ], [ 22.887789934703008, 47.951321491570368 ], [ 22.871851526594355, 47.932209924760727 ], [ 22.865936241110731, 47.924981197418219 ], [ 22.847040190260273, 47.908642293150905 ], [ 22.842275099176234, 47.908840340475351 ], [ 22.832416290036861, 47.909335458786487 ], [ 22.803332803075719, 47.896264335372635 ], [ 22.794788501821586, 47.892501436208036 ], [ 22.782629303883027, 47.893194601843618 ], [ 22.767676776688319, 47.89408581480366 ], [ 22.76044698331944, 47.894778980439241 ], [ 22.757817967548945, 47.890520962963521 ], [ 22.759296788919855, 47.885866850838894 ], [ 22.7647191339465, 47.880915667727578 ], [ 22.767512463202664, 47.878143005185251 ], [ 22.765869328346099, 47.874083035033976 ], [ 22.762911685604294, 47.866953331353699 ], [ 22.767512463202664, 47.864774810784724 ], [ 22.772277554286688, 47.862398242891288 ], [ 22.777042645370727, 47.851802711033102 ], [ 22.776385391428093, 47.844474960028364 ], [ 22.754696011321471, 47.834869664792421 ], [ 22.729556048016079, 47.837741350996978 ], [ 22.727255659216894, 47.837939398321438 ], [ 22.718218417505796, 47.836355019725815 ], [ 22.713453326421771, 47.835463806765787 ], [ 22.710002743222987, 47.829324339707767 ], [ 22.709838429737331, 47.828433126747726 ], [ 22.709674116251676, 47.82793800843659 ], [ 22.701458441968867, 47.8200161154585 ], [ 22.700308247569268, 47.814173719387156 ], [ 22.697350604827463, 47.809816678249206 ], [ 22.686670228259814, 47.794269963279703 ], [ 22.680262002319211, 47.788328543546143 ], [ 22.673853776378621, 47.788031472559467 ], [ 22.651507142329379, 47.780208603243594 ], [ 22.616836996855923, 47.776940822390131 ], [ 22.609114263030079, 47.772088662941059 ], [ 22.56310648704634, 47.77258378125218 ], [ 22.558177082476647, 47.77268280491441 ], [ 22.549468467736872, 47.77268280491441 ], [ 22.544046122710213, 47.778030082674618 ], [ 22.539938285568809, 47.781991029163663 ], [ 22.488508164558425, 47.805855731760161 ], [ 22.481442684675201, 47.810905938533693 ], [ 22.477006220562487, 47.809321559938084 ], [ 22.474541518277647, 47.808430346978042 ], [ 22.467147411423113, 47.805261589786809 ], [ 22.447922733601345, 47.803083069217834 ], [ 22.445622344802146, 47.799320170053235 ], [ 22.441021567203776, 47.791893395386282 ], [ 22.433134519892278, 47.763770675314063 ], [ 22.426397666980378, 47.751986859509145 ], [ 22.427876488351288, 47.747728842033425 ], [ 22.430176877150473, 47.740995233002039 ], [ 22.413252588127875, 47.742381564273217 ], [ 22.411280826300001, 47.743965942868826 ], [ 22.407501616129906, 47.746837629073383 ], [ 22.392220461963888, 47.746045439775571 ], [ 22.387126743908539, 47.745847392451125 ], [ 22.354592673748613, 47.750105409926846 ], [ 22.347034253408424, 47.754561474727026 ], [ 22.339640146553904, 47.758918515864977 ], [ 22.328466829529276, 47.765652124896349 ], [ 22.317293512504648, 47.765949195883039 ], [ 22.319100960846868, 47.757928279242719 ], [ 22.320251155246467, 47.752878072469187 ], [ 22.317293512504648, 47.744064966531056 ], [ 22.312035480963658, 47.742282540610987 ], [ 22.285416696287342, 47.729805559170487 ], [ 22.271614363492233, 47.730696772130528 ], [ 22.267013585893849, 47.730993843117204 ], [ 22.26454888360901, 47.73119189044165 ], [ 22.260112419496295, 47.719309050974516 ], [ 22.261919867838515, 47.714456891525444 ], [ 22.26208418132417, 47.713961773214308 ], [ 22.25879791161104, 47.698117987258129 ], [ 22.244666951844607, 47.694652159080206 ], [ 22.228564230250299, 47.690691212591162 ], [ 22.22363482568062, 47.683561508910884 ], [ 22.22314188522364, 47.67960056242184 ], [ 22.22281325825233, 47.676431805230607 ], [ 22.220841496424455, 47.661776303221131 ], [ 22.211968568199026, 47.65474562320307 ], [ 22.209832492885496, 47.654448552216394 ], [ 22.203588580430562, 47.653854410243042 ], [ 22.199809370260468, 47.638901837246891 ], [ 22.199152116317833, 47.636228198366794 ], [ 22.195865846604718, 47.628207281726475 ], [ 22.188800366721495, 47.610977164499118 ], [ 22.180913319409996, 47.600084561654242 ], [ 22.173190585584166, 47.59335095262287 ], [ 22.171383137241946, 47.591865597689477 ], [ 22.160538447188628, 47.59335095262287 ], [ 22.128168690514357, 47.598104088409727 ], [ 22.128333004000012, 47.59335095262287 ], [ 22.128497317485667, 47.589588053458272 ], [ 22.117324000461053, 47.577903261315598 ], [ 22.108286758749955, 47.573645243839863 ], [ 22.090705215784737, 47.557405363234778 ], [ 22.086104438186368, 47.559187789154848 ], [ 22.079038958303158, 47.561960451697189 ], [ 22.060800161395306, 47.552652227447922 ], [ 22.055870756825627, 47.546908855038808 ], [ 22.058828399567432, 47.545126429118739 ], [ 22.062607609737526, 47.542848884887533 ], [ 22.067372700821565, 47.540076222345206 ], [ 22.069837403106405, 47.538491843749583 ], [ 22.06819426824984, 47.53522406289612 ], [ 22.061128788366631, 47.529876785135912 ], [ 22.051927233169877, 47.535026015571674 ], [ 22.045354693743633, 47.538788914736273 ], [ 22.023008059694391, 47.517795898344318 ], [ 22.012820623583707, 47.500763828441421 ], [ 22.008384159470978, 47.483731758538525 ], [ 22.007233965071393, 47.47977081204948 ], [ 22.020214730438227, 47.455807085790767 ], [ 22.026294329407506, 47.453034423248425 ], [ 22.031716674434165, 47.450558831692774 ], [ 22.029251972149325, 47.446201790554824 ], [ 22.026787269864485, 47.441547678430197 ], [ 22.03220961489113, 47.43233847784316 ], [ 22.034181376719005, 47.429268744314157 ], [ 22.033359809290729, 47.427486318394088 ], [ 22.03089510700589, 47.42204001697165 ], [ 22.03253824186244, 47.418772236118187 ], [ 22.035002944147294, 47.4139200766691 ], [ 22.027773150778415, 47.400452858606343 ], [ 22.012491996612383, 47.377083274320981 ], [ 21.999511231245549, 47.377281321645427 ], [ 21.99310300530496, 47.379459842214402 ], [ 21.986859092850025, 47.381440315458931 ], [ 21.984887331022151, 47.379954960525538 ], [ 21.978314791595892, 47.378271558267699 ], [ 21.975521462339742, 47.378370581929914 ], [ 21.975192835368432, 47.380153007849984 ], [ 21.961554816058964, 47.381242268134471 ], [ 21.955803844060995, 47.376291085023169 ], [ 21.939536808981032, 47.37272623318303 ], [ 21.938715241552757, 47.36817114472062 ], [ 21.938222301095777, 47.365497505840523 ], [ 21.931485448183878, 47.359060967795827 ], [ 21.925077222243289, 47.352822477075577 ], [ 21.923434087386724, 47.348762506924302 ], [ 21.919490563730974, 47.338860140701684 ], [ 21.901416080308792, 47.320540763189854 ], [ 21.895665108310823, 47.31459934345628 ], [ 21.889092568884578, 47.29608191861999 ], [ 21.888763941913268, 47.294695587348826 ], [ 21.87939807323086, 47.286377599721831 ], [ 21.885477672200139, 47.279346919703784 ], [ 21.887120807056704, 47.277465470121484 ], [ 21.886792180085394, 47.27172209771237 ], [ 21.881369835058734, 47.266473843614378 ], [ 21.878083565345605, 47.26528555966766 ], [ 21.874632982146835, 47.263998252058727 ], [ 21.872003966376326, 47.263404110085375 ], [ 21.851793407640614, 47.238549170866605 ], [ 21.849328705355774, 47.226270236750565 ], [ 21.848507137927498, 47.222012219274845 ], [ 21.853765169468488, 47.220625888003681 ], [ 21.857708693124238, 47.219437604056964 ], [ 21.858858887523837, 47.20735671726537 ], [ 21.859516141466457, 47.203989912749691 ], [ 21.859351827980802, 47.200623108233998 ], [ 21.859023201009492, 47.196563138082723 ], [ 21.857708693124238, 47.18715589017124 ], [ 21.838319701816815, 47.179729115504287 ], [ 21.817123262167158, 47.171708198863968 ], [ 21.803320929372035, 47.144179620765101 ], [ 21.80069191360154, 47.13338604158244 ], [ 21.800198973144575, 47.130811426364573 ], [ 21.79921309223063, 47.130118260728992 ], [ 21.791983298861751, 47.123483675359836 ], [ 21.790504477490856, 47.113284238150541 ], [ 21.791161731433476, 47.111600835892702 ], [ 21.792804866290041, 47.107243794754751 ], [ 21.783603311093287, 47.107936960390333 ], [ 21.772594307554328, 47.108630126025915 ], [ 21.751562181390327, 47.105659416159128 ], [ 21.726093591113624, 47.098628736141066 ], [ 21.713605766203742, 47.083082021171563 ], [ 21.713934393175066, 47.080804476940372 ], [ 21.714755960603341, 47.074863057206798 ], [ 21.705554405406588, 47.070208945082172 ], [ 21.702596762664783, 47.068723590148778 ], [ 21.702925389636093, 47.066743116904249 ], [ 21.703418330093058, 47.06337631238857 ], [ 21.685672473642185, 47.052087614894788 ], [ 21.68205757695776, 47.045948147836768 ], [ 21.657410554109319, 47.040699893738775 ], [ 21.6488662528552, 47.038917467818706 ], [ 21.658889375480229, 47.02208344524027 ], [ 21.677128172388066, 47.017924451426765 ], [ 21.687479921984405, 46.999407026590475 ], [ 21.680907382558161, 46.997129482359284 ], [ 21.678442680273321, 46.996337293061472 ], [ 21.676799545416756, 46.988613447407829 ], [ 21.676635231931101, 46.987425163461111 ], [ 21.675649351017157, 46.985840784865502 ], [ 21.670555632961822, 46.978414010198534 ], [ 21.668748184619602, 46.970888211869351 ], [ 21.673677589189282, 46.969402856935957 ], [ 21.68025012861554, 46.967422383691442 ], [ 21.679592874672906, 46.96237217691791 ], [ 21.672363081304042, 46.954252236615361 ], [ 21.666283482334762, 46.954648331264266 ], [ 21.658067808051953, 46.955143449575388 ], [ 21.649687820283475, 46.94355768109493 ], [ 21.647551744969945, 46.941874278837091 ], [ 21.636871368402296, 46.93316019656119 ], [ 21.627834126691212, 46.932962149236744 ], [ 21.605980433098935, 46.932268983601162 ], [ 21.598750639730056, 46.927515847814306 ], [ 21.599736520644001, 46.90870135199134 ], [ 21.607294940984175, 46.902858955919996 ], [ 21.609431016297705, 46.897907772808679 ], [ 21.614196107381744, 46.886520051652681 ], [ 21.60926670281205, 46.885034696719288 ], [ 21.603022790357116, 46.883252270799218 ], [ 21.603022790357116, 46.874043070212181 ], [ 21.603022790357116, 46.868398721465297 ], [ 21.594149862131687, 46.860872923136114 ], [ 21.582319291164438, 46.858397331580449 ], [ 21.557179327859032, 46.853347124806916 ], [ 21.548142086147948, 46.84879203634452 ], [ 21.539104844436849, 46.847207657748896 ], [ 21.53384681289586, 46.839978930406389 ], [ 21.521030361014667, 46.837305291526292 ], [ 21.518729972215482, 46.823640026139074 ], [ 21.519551539643771, 46.81997615063672 ], [ 21.521687614957301, 46.808984524129613 ], [ 21.517579777815897, 46.801062631151524 ], [ 21.508049595647833, 46.782545206315234 ], [ 21.49884804045108, 46.778485236163959 ], [ 21.490139425711305, 46.774722336999361 ], [ 21.483402572799406, 46.764621923452296 ], [ 21.486031588569901, 46.758581480056506 ], [ 21.514457821588422, 46.744916214669303 ], [ 21.524809571184761, 46.739965031557986 ], [ 21.528917408326166, 46.732340209566573 ], [ 21.5284244678692, 46.720556393761669 ], [ 21.518894285701137, 46.715209116001461 ], [ 21.512486059760548, 46.711644264161322 ], [ 21.511007238389638, 46.707980388658953 ], [ 21.507885282162178, 46.699266306383052 ], [ 21.499833921365024, 46.695008288907317 ], [ 21.4939186358814, 46.687482490578134 ], [ 21.488989231311706, 46.687086395929228 ], [ 21.483238259313737, 46.689958082133785 ], [ 21.472886509717398, 46.694909265245101 ], [ 21.458262609494, 46.690948318756057 ], [ 21.451361443096445, 46.689066869173757 ], [ 21.444953217155842, 46.691443437067178 ], [ 21.434108527102538, 46.695602430880683 ], [ 21.430000689961133, 46.693820004960614 ], [ 21.428357555104569, 46.688868821849297 ], [ 21.431150884360733, 46.679758644924505 ], [ 21.438544991215252, 46.670153349688562 ], [ 21.443638709270601, 46.666489474186193 ], [ 21.449225367782915, 46.666093379537287 ], [ 21.455304966752195, 46.665697284888381 ], [ 21.453826145381285, 46.660845125439309 ], [ 21.441338320471417, 46.651437877527826 ], [ 21.420306194307415, 46.645397434132022 ], [ 21.41406228185248, 46.634504831287146 ], [ 21.41340502790986, 46.633217523678212 ], [ 21.408804250311476, 46.622423944495566 ], [ 21.383335660034774, 46.62796926958022 ], [ 21.378899195922045, 46.631930216069279 ], [ 21.376927434094171, 46.633613618327118 ], [ 21.366411371012177, 46.637277493829487 ], [ 21.360167458557243, 46.6343067839627 ], [ 21.352937665188378, 46.630741932122561 ], [ 21.336834943594056, 46.630048766486979 ], [ 21.326976134454696, 46.629553648175843 ], [ 21.314981250001793, 46.618066903357615 ], [ 21.3021647981206, 46.592518798503264 ], [ 21.305451067833729, 46.587765662716407 ], [ 21.311859293774319, 46.585290071160756 ], [ 21.319746341085818, 46.582418384956199 ], [ 21.303479306005855, 46.564297054768815 ], [ 21.304793813891109, 46.561128297577582 ], [ 21.289512659725077, 46.545086464296944 ], [ 21.282282866356198, 46.544591345985822 ], [ 21.280475418013978, 46.544492322323592 ], [ 21.275381699958643, 46.541125517807899 ], [ 21.275217386472988, 46.534292885114297 ], [ 21.275217386472988, 46.53320362482981 ], [ 21.272588370702479, 46.527658299745141 ], [ 21.261086426706555, 46.50240726587748 ], [ 21.274888759501678, 46.477255255672034 ], [ 21.285897763040637, 46.476562090036452 ], [ 21.295099318237391, 46.475967948063101 ], [ 21.30249342509191, 46.468541173396147 ], [ 21.305451067833729, 46.464679250569318 ], [ 21.311366353317354, 46.458044665200177 ], [ 21.317445952286633, 46.450617890533209 ], [ 21.313831055602193, 46.44893448827537 ], [ 21.313338115145228, 46.447350109679746 ], [ 21.312187920745629, 46.443884281501838 ], [ 21.310873412860388, 46.439725287688333 ], [ 21.30577969480504, 46.433288749643637 ], [ 21.290827167610331, 46.414375230158441 ], [ 21.292305988981227, 46.411206472967208 ], [ 21.294770691266081, 46.406552360842582 ], [ 21.283104433784487, 46.403680674638025 ], [ 21.252870752423746, 46.409622094371585 ], [ 21.252542125452422, 46.409721118033815 ], [ 21.225430400319155, 46.413484017198414 ], [ 21.219350801349876, 46.410513307331627 ], [ 21.216886099065036, 46.405067005909189 ], [ 21.215735904665436, 46.402591414353537 ], [ 21.211956694495342, 46.402393367029077 ], [ 21.206370035983028, 46.401997272380171 ], [ 21.200947690956383, 46.385856415437317 ], [ 21.198647302157198, 46.378132569783673 ], [ 21.197497107757599, 46.369616534832232 ], [ 21.198811615642853, 46.355060056484987 ], [ 21.199468869585473, 46.347930352804696 ], [ 21.195196718958414, 46.343870382653435 ], [ 21.18533790981904, 46.339018223204349 ], [ 21.177286549021886, 46.335156300377534 ], [ 21.174000279308757, 46.317629112163502 ], [ 21.174821846737046, 46.315252544270081 ], [ 21.179093997364106, 46.304161894100744 ], [ 21.169892442167352, 46.29841852169163 ], [ 21.15148933177386, 46.297527308731603 ], [ 21.14754580811811, 46.299210710989442 ], [ 21.147052867661145, 46.300696065922835 ], [ 21.14540973280458, 46.30465701241188 ], [ 21.122570158298373, 46.300894113247281 ], [ 21.115504678415149, 46.301587278882863 ], [ 21.10843919853194, 46.27980207319311 ], [ 21.103345480476591, 46.263958287236932 ], [ 21.099073329849531, 46.26316609793912 ], [ 21.095294119679437, 46.262373908641322 ], [ 21.086749818425318, 46.25722467820556 ], [ 21.080998846427349, 46.253857873689867 ], [ 21.079027084599474, 46.252669589743149 ], [ 21.077219636257254, 46.252768613405379 ], [ 21.071468664259285, 46.25296666072984 ], [ 21.068675335003135, 46.248708643254105 ], [ 21.065224751804351, 46.243460389156127 ], [ 21.03712714575714, 46.248411572267429 ], [ 21.03318362210139, 46.253857873689867 ], [ 21.032690681644425, 46.254452015663219 ], [ 21.024639320847271, 46.265641689494785 ], [ 21.016259333078807, 46.264156334561392 ], [ 20.990297802345125, 46.259502222436765 ], [ 20.970744497552033, 46.260987577370145 ], [ 20.96121431538397, 46.262274884979092 ], [ 20.95727079172822, 46.26346316892581 ], [ 20.952505700644195, 46.264849500196974 ], [ 20.950862565787631, 46.267919233725976 ], [ 20.949548057902376, 46.271583109228345 ], [ 20.946754728646226, 46.279207931219759 ], [ 20.926051229453549, 46.275940150366296 ], [ 20.923915154140019, 46.269899706970506 ], [ 20.921121824883855, 46.262472932303538 ], [ 20.890559516551804, 46.271385061903899 ], [ 20.88217952878334, 46.279505002206434 ], [ 20.877743064670625, 46.282475712073222 ], [ 20.877414437699301, 46.282871806722127 ], [ 20.875935616328405, 46.285050327291103 ], [ 20.873470914043551, 46.287426895184524 ], [ 20.868377195988216, 46.286436658562266 ], [ 20.854903490164403, 46.284258137993291 ], [ 20.84077253039797, 46.28188157009987 ], [ 20.833049796572126, 46.280396215166476 ], [ 20.820561971662258, 46.278514765584177 ], [ 20.810867476008539, 46.277029410650783 ], [ 20.808402773723699, 46.276534292339662 ], [ 20.80659532538148, 46.276237221352972 ], [ 20.79952984549827, 46.275147961068484 ], [ 20.789178095901917, 46.273068464161739 ], [ 20.783427123903962, 46.273563582472875 ], [ 20.775540076592463, 46.275940150366296 ], [ 20.753029129057552, 46.253857873689867 ], [ 20.749578545858782, 46.250491069174174 ], [ 20.751878934657967, 46.241479915911597 ], [ 20.755329517856751, 46.227913674186624 ], [ 20.760916176369051, 46.205237255536829 ], [ 20.743498946889503, 46.206326515821317 ], [ 20.727396225295195, 46.207415776105805 ], [ 20.72641034438125, 46.19731536255874 ], [ 20.729203673637414, 46.195235865651995 ], [ 20.732982883807495, 46.192463203109668 ], [ 20.72706759832387, 46.188997374931745 ], [ 20.722138193754191, 46.186125688727188 ], [ 20.719016237526716, 46.178599890398004 ], [ 20.714415459928347, 46.167608263890898 ], [ 20.705378218217263, 46.160973678521742 ], [ 20.701927635018478, 46.16047856021062 ], [ 20.694533528163944, 46.157507850343833 ], [ 20.692726079821725, 46.152754714556977 ], [ 20.691411571936484, 46.149288886379068 ], [ 20.685331972967205, 46.145228916227794 ], [ 20.677773552627016, 46.145625010876699 ], [ 20.672679834571667, 46.147902555107905 ], [ 20.667093176059367, 46.150477170325772 ], [ 20.65476966463514, 46.148793768067932 ], [ 20.651812021893335, 46.145724034538929 ], [ 20.650004573551115, 46.144040632281076 ], [ 20.64951163309415, 46.141664064387655 ], [ 20.64770418475193, 46.133643147747335 ], [ 20.640967331840031, 46.127899775338221 ], [ 20.633901851956807, 46.126711491391504 ], [ 20.620263832647339, 46.136415810289662 ], [ 20.615334428077659, 46.139881638467585 ], [ 20.609090515622725, 46.146120129187821 ], [ 20.597424258141132, 46.149288886379068 ], [ 20.595288182827602, 46.14978400469019 ], [ 20.577706639862384, 46.159191252601673 ], [ 20.557824708097982, 46.171371163055497 ], [ 20.547965898958608, 46.177411606451287 ], [ 20.53580670102005, 46.179491103358032 ], [ 20.522825935653216, 46.181768647589237 ], [ 20.513131439999498, 46.185432523091606 ], [ 20.507051841030218, 46.187809090985027 ], [ 20.501465182517904, 46.189987611554002 ], [ 20.494728329606005, 46.182362789562589 ], [ 20.494399702634681, 46.17889696138468 ], [ 20.493742448692061, 46.170083855446549 ], [ 20.472874636013728, 46.152358619908071 ], [ 20.459729557161225, 46.143545513969954 ], [ 20.447898986193977, 46.142060159036561 ], [ 20.41717236437627, 46.148496697081256 ], [ 20.415036289062741, 46.149387910041284 ], [ 20.398769253982778, 46.156715661046022 ], [ 20.393511222441774, 46.153348856530343 ], [ 20.379708889646651, 46.157705897668279 ], [ 20.372972036734751, 46.155527377099318 ], [ 20.368042632165057, 46.153843974841465 ], [ 20.363113227595377, 46.159983441899485 ], [ 20.355719120740844, 46.169588737135427 ], [ 20.34701050600107, 46.165726814308599 ], [ 20.314805062812454, 46.151269359623583 ], [ 20.30954703127145, 46.154834211463722 ], [ 20.308232523386209, 46.155626400761534 ], [ 20.296401952418961, 46.151467406948044 ], [ 20.287200397222207, 46.143248442983264 ], [ 20.269454540771335, 46.127701728013761 ], [ 20.264360822716, 46.126414420404828 ], [ 20.26255337437378, 46.125523207444786 ], [ 20.261567493459836, 46.124334923498083 ], [ 20.254502013576626, 46.116809125168885 ], [ 20.250065549463912, 46.120373977009038 ], [ 20.249736922492588, 46.121958355604647 ], [ 20.248751041578657, 46.128790988298249 ], [ 20.237742038039684, 46.125622231107016 ], [ 20.234127141355259, 46.124532970822528 ], [ 20.23051224467082, 46.128394893649343 ], [ 20.229854990728199, 46.129088059284925 ], [ 20.228869109814255, 46.129385130271615 ], [ 20.210301685935107, 46.135425573667405 ], [ 20.208658551078543, 46.141763088049871 ], [ 20.208001297135922, 46.143941608618846 ], [ 20.198635428453514, 46.14978400469019 ], [ 20.181875452916586, 46.159191252601673 ], [ 20.168566060578428, 46.153645927517019 ], [ 20.149834323213625, 46.145922081863375 ], [ 20.138825319674652, 46.144535750592212 ], [ 20.10760575739998, 46.162459033455136 ], [ 20.104483801172506, 46.167212169241992 ], [ 20.104648114658161, 46.170876044744361 ], [ 20.104976741629471, 46.17463894390896 ], [ 20.095775186432732, 46.177213559126841 ], [ 20.076057568153985, 46.158597110628321 ], [ 20.070142282670361, 46.152061548921395 ], [ 20.068334834328141, 46.150180099339096 ], [ 20.063734056729771, 46.14364453763217 ], [ 20.058968965645732, 46.146516223836727 ], [ 20.057325830789168, 46.147506460458999 ], [ 20.054039561076053, 46.146912318485633 ], [ 20.042208990108804, 46.144832821578888 ], [ 20.033993315825995, 46.146714271161187 ], [ 20.027092149428427, 46.163449270077408 ], [ 20.022984312287022, 46.173351636300012 ], [ 20.013618443604628, 46.176619417153475 ], [ 19.937048359288838, 46.176223322504569 ], [ 19.935076597460963, 46.176223322504569 ], [ 19.930804446833889, 46.173153588975566 ], [ 19.930804446833889, 46.173153588975566 ], [ 19.926367982721175, 46.170083855446549 ], [ 19.922095832094115, 46.167113145579776 ], [ 19.92012407026624, 46.166221932619735 ], [ 19.915030352210906, 46.164043412050759 ], [ 19.909936634155557, 46.162855128104042 ], [ 19.903364094729312, 46.161171725846202 ], [ 19.901063705930127, 46.160676607535066 ], [ 19.897777436216998, 46.159884418237255 ], [ 19.877895504452596, 46.152853738219207 ], [ 19.873294726854226, 46.151368383285813 ], [ 19.865407679542727, 46.150378146663556 ], [ 19.853412795089824, 46.149288886379068 ], [ 19.84289673200783, 46.140772851427613 ], [ 19.817428141731114, 46.128592940973803 ], [ 19.796396015567112, 46.139089449169774 ], [ 19.787851714312993, 46.141168946076519 ], [ 19.758768227351851, 46.148100602432351 ], [ 19.739543549530069, 46.16641997994418 ], [ 19.719825931251322, 46.170975068406591 ], [ 19.716211034566882, 46.176520393491259 ], [ 19.6981365511447, 46.187908114647257 ], [ 19.695014594917239, 46.18671983070054 ], [ 19.683019710464336, 46.180085245331398 ], [ 19.674804036181527, 46.183452049847077 ], [ 19.660837389900749, 46.189096398593975 ], [ 19.650649953790065, 46.182362789562589 ], [ 19.631753902939593, 46.169786784459873 ], [ 19.614336673460045, 46.172064328691079 ], [ 19.605135118263291, 46.173153588975566 ], [ 19.593797487753008, 46.17463894390896 ], [ 19.566521449134086, 46.178104772086868 ], [ 19.561099104107427, 46.173846754611148 ], [ 19.561427731078737, 46.17265847066443 ], [ 19.562084985021372, 46.169984831784333 ], [ 19.558470088336932, 46.165429743321923 ], [ 19.529879541832742, 46.149486933703514 ], [ 19.525607391205682, 46.148298649756796 ], [ 19.520842300121657, 46.150180099339096 ], [ 19.516734462980253, 46.151764477934719 ], [ 19.50358938412775, 46.141862111712101 ], [ 19.509668983097029, 46.132652911125078 ], [ 19.515584268580653, 46.128196846324897 ], [ 19.525607391205682, 46.120373977009038 ], [ 19.508847415668754, 46.110867705435325 ], [ 19.491265872703536, 46.106312616972914 ], [ 19.482228630992452, 46.104035072741723 ], [ 19.46546865545551, 46.095519037790268 ], [ 19.465304341969855, 46.090765902003412 ], [ 19.465304341969855, 46.081358654091929 ], [ 19.45807454860099, 46.077199660278438 ], [ 19.437863989865278, 46.065811939122426 ], [ 19.414531474902091, 46.045809159352743 ], [ 19.380354269885601, 46.03659995876572 ], [ 19.373781730459356, 46.042937473148186 ], [ 19.364251548291293, 46.052146673735223 ], [ 19.35077784246748, 46.046007206677203 ], [ 19.281601865006223, 46.014517682089291 ], [ 19.302633991170211, 45.991544192452821 ], [ 19.296554392200932, 45.988573482586034 ], [ 19.291460674145597, 45.991940287101727 ], [ 19.284066567291063, 45.996495375564123 ], [ 19.238716045249944, 45.99520806795519 ], [ 19.22967880353886, 45.999268038106464 ], [ 19.201745510977304, 45.998277801484207 ], [ 19.202238451434269, 45.994910996968514 ], [ 19.202402764919924, 45.993821736684026 ], [ 19.199773749149429, 45.992930523723984 ], [ 19.149000882081666, 45.996396351901907 ], [ 19.146207552825501, 46.000654369377628 ], [ 19.146207552825501, 46.009170404329069 ], [ 19.140456580827532, 46.022043480418475 ], [ 19.133719727915633, 46.037095077076842 ], [ 19.127311501975043, 46.037392148063532 ], [ 19.113673482665575, 46.037986290036883 ], [ 19.104636240954477, 46.039966763281399 ], [ 19.100857030784397, 46.035312651156772 ], [ 19.089848027245424, 46.023528835351868 ], [ 19.076045694450301, 46.009962593626881 ], [ 19.073088051708496, 46.006595789111202 ], [ 19.065693944853962, 46.000060227404276 ], [ 19.074073932622426, 45.977977950727848 ], [ 19.07473118656506, 45.976294548469994 ], [ 19.079496277649085, 45.963520496042818 ], [ 19.071609230337586, 45.963223425056142 ], [ 19.063393556054777, 45.963817567029508 ], [ 19.059942972855993, 45.96431268534063 ], [ 19.057806897542463, 45.964609756327306 ], [ 19.054849254800658, 45.965500969287348 ], [ 19.044661818689974, 45.964906827313996 ], [ 19.032666934237071, 45.964609756327306 ], [ 19.030366545437872, 45.96441170900286 ], [ 19.018700287956293, 45.963124401393927 ], [ 19.014428137329219, 45.962035141109439 ], [ 19.009334419273884, 45.96015369152714 ], [ 18.99848972922058, 45.946290378815476 ], [ 19.00194031241935, 45.937378249215129 ], [ 19.007034030474699, 45.923613960165696 ], [ 18.995039146021796, 45.924307125801278 ], [ 18.993231697679576, 45.925990528059117 ], [ 18.986823471738987, 45.931634876806001 ], [ 18.970063496202044, 45.928169048628092 ], [ 18.96069762751965, 45.926089551721347 ], [ 18.919783569591246, 45.932823160752719 ], [ 18.907131431195722, 45.934902657659464 ], [ 18.88971420171616, 45.921138368610031 ], [ 18.875747555435382, 45.915890114512052 ], [ 18.866053059781663, 45.918860824378839 ], [ 18.866710313724298, 45.911236002387426 ], [ 18.830397033394277, 45.905195558991622 ], [ 18.821359791683179, 45.914404759578659 ], [ 18.804928443117561, 45.926584670032469 ], [ 18.804599816146251, 45.932030971454907 ], [ 18.816594700599154, 45.93529875230837 ], [ 18.827110763681148, 45.938170438512927 ], [ 18.839598588591016, 45.946587449802152 ], [ 18.843706425732421, 45.946785497126612 ], [ 18.84797857635948, 45.942032361339756 ], [ 18.856029937156634, 45.943022597962013 ], [ 18.838119767220121, 45.954212271793565 ], [ 18.832533108707807, 45.955796650389189 ], [ 18.825467628824583, 45.957777123633704 ], [ 18.832040168250842, 45.965599992949578 ], [ 18.838941334648396, 45.974017004238789 ], [ 18.838941334648396, 45.977482832416712 ], [ 18.838941334648396, 45.984117417785868 ], [ 18.853893861843105, 46.002832889946603 ], [ 18.868353448580862, 46.020756172809527 ], [ 18.860466401269363, 46.023726882676314 ], [ 18.84485662013202, 46.029371231423212 ], [ 18.844692306646365, 46.034718509183421 ], [ 18.844692306646365, 46.038382384685789 ], [ 18.835983691906577, 46.040659928916995 ], [ 18.816430387113499, 46.029371231423212 ], [ 18.807228831916746, 46.02412297732522 ], [ 18.798520217176971, 46.025707355920844 ], [ 18.788990035008908, 46.027489781840913 ], [ 18.781102987697409, 46.025806379583074 ], [ 18.774859075242475, 46.024519071974126 ], [ 18.770586924615415, 46.026796616205331 ], [ 18.763192817760881, 46.030757562694376 ], [ 18.751855187250612, 46.029965373396564 ], [ 18.743310885996479, 46.029371231423212 ], [ 18.732794822914485, 46.045115993717161 ], [ 18.738217167941144, 46.0486808455573 ], [ 18.740846183711639, 46.051354484437411 ], [ 18.752676754678888, 46.063039276580099 ], [ 18.756455964848982, 46.06739631771805 ], [ 18.760728115476041, 46.075120163371679 ], [ 18.762206936846951, 46.079378180847414 ], [ 18.765657520045721, 46.085418624243204 ], [ 18.765986147017045, 46.086408860865461 ], [ 18.767629281873596, 46.091855162287899 ], [ 18.769929670672795, 46.09433075384355 ], [ 18.779952793297824, 46.098885842305961 ], [ 18.785046511353158, 46.099975102590449 ], [ 18.789154348494563, 46.100866315550476 ], [ 18.797534336263027, 46.103638978092818 ], [ 18.802299427347066, 46.10878820852858 ], [ 18.819223716369649, 46.109184303177472 ], [ 18.811500982543805, 46.116710101506669 ], [ 18.837791140248797, 46.141763088049871 ], [ 18.837955453734452, 46.151962525259165 ], [ 18.838119767220121, 46.164637554024111 ], [ 18.843870739218076, 46.181966694913697 ], [ 18.84633544150293, 46.182956931535955 ], [ 18.850771905615645, 46.184838381118254 ], [ 18.851429159558265, 46.186224712389418 ], [ 18.854222488814429, 46.191968084798532 ], [ 18.861780909154604, 46.192760274096344 ], [ 18.869832269951758, 46.193651487056371 ], [ 18.867367567666918, 46.199790954114391 ], [ 18.865395805839043, 46.204841160887923 ], [ 18.867696194638228, 46.208505036390292 ], [ 18.871146777837012, 46.214248408799406 ], [ 18.870489523894392, 46.22187323079082 ], [ 18.858330325955833, 46.214149385137191 ], [ 18.848635830302115, 46.208009918079171 ], [ 18.832204481736497, 46.201177285385569 ], [ 18.822674299568433, 46.206821634132453 ], [ 18.830889973851242, 46.218605449937357 ], [ 18.843049171789801, 46.224150775022025 ], [ 18.85340092138614, 46.235241425191347 ], [ 18.861123655211983, 46.233756070257968 ], [ 18.864574238410768, 46.233161928284602 ], [ 18.873282853150542, 46.236726780124741 ], [ 18.875090301492762, 46.241479915911597 ], [ 18.876076182406692, 46.244054531129478 ], [ 18.869832269951758, 46.252174471432028 ], [ 18.868517762066517, 46.253857873689867 ], [ 18.864902865382078, 46.258710033138954 ], [ 18.864245611439458, 46.267325091752625 ], [ 18.874104420578817, 46.270295801619412 ], [ 18.880676960005076, 46.266235831468137 ], [ 18.89004282868747, 46.260294411734563 ], [ 18.904831042396538, 46.258908080463399 ], [ 18.910582014394507, 46.261680743005741 ], [ 18.912389462736726, 46.27376162979732 ], [ 18.917483180792061, 46.290199557726865 ], [ 18.921591017933466, 46.307924793265343 ], [ 18.915182791992876, 46.318916419772449 ], [ 18.911074954851472, 46.322085176963682 ], [ 18.907952998623998, 46.324362721194873 ], [ 18.905488296339158, 46.326739289088309 ], [ 18.904831042396538, 46.32733343106166 ], [ 18.899080070398568, 46.333968016430816 ], [ 18.897765562513314, 46.338027986582091 ], [ 18.893493411886254, 46.360803428894101 ], [ 18.893657725371909, 46.363477067774213 ], [ 18.893657725371909, 46.364071209747564 ], [ 18.893329098400599, 46.369022392858867 ], [ 18.892507530972324, 46.373973575970183 ], [ 18.89152165005838, 46.378132569783673 ], [ 18.88938557474485, 46.383776918530572 ], [ 18.885606364574755, 46.393976355739852 ], [ 18.885277737603445, 46.402888485340213 ], [ 18.88872832080223, 46.411008425642748 ], [ 18.892836157943634, 46.414474253820671 ], [ 18.899901637826844, 46.421207862852043 ], [ 18.902366340111698, 46.425366856665548 ], [ 18.906802804224412, 46.431110229074662 ], [ 18.910253387423197, 46.435269222888152 ], [ 18.913211030165002, 46.438636027403845 ], [ 18.916168672906807, 46.44279502121735 ], [ 18.919947883076901, 46.449528630248722 ], [ 18.923398466275685, 46.460223185769152 ], [ 18.92389140673265, 46.463986084933737 ], [ 18.922083958390431, 46.474680640454167 ], [ 18.917154553820751, 46.491019544721468 ], [ 18.911567895308437, 46.496663893468366 ], [ 18.907131431195722, 46.502902384188616 ], [ 18.902530653597353, 46.508843803922176 ], [ 18.898915756912913, 46.513497916046802 ], [ 18.895958114171094, 46.518845193807024 ], [ 18.895300860228474, 46.522806140296069 ], [ 18.895136546742819, 46.52706415777179 ], [ 18.895465173714129, 46.531718269896416 ], [ 18.895958114171094, 46.532609482856458 ], [ 18.896615368113729, 46.533599719478715 ], [ 18.895629487199784, 46.538847973576694 ], [ 18.896122427656749, 46.54360110936355 ], [ 18.897108308570694, 46.548057174163731 ], [ 18.896943995085039, 46.55003764740826 ], [ 18.895300860228474, 46.559543918981959 ], [ 18.893000471429289, 46.563999983782139 ], [ 18.890207142173139, 46.567069717311156 ], [ 18.889221261259195, 46.569248237880132 ], [ 18.884127543203846, 46.575189657613691 ], [ 18.880676960005076, 46.578457438467154 ], [ 18.877390690291946, 46.582418384956199 ], [ 18.872954226179232, 46.58697347341861 ], [ 18.870160896923082, 46.589350041312031 ], [ 18.866710313724298, 46.592419774841048 ], [ 18.863752670982478, 46.595885603018957 ], [ 18.859480520355419, 46.603114330361464 ], [ 18.859151893384109, 46.606283087552697 ], [ 18.859644833841074, 46.610442081366202 ], [ 18.861123655211983, 46.61400693320634 ], [ 18.862273849611583, 46.61578935912641 ], [ 18.865888746296008, 46.618760068993197 ], [ 18.868846389037827, 46.620542494913266 ], [ 18.872132658750957, 46.624305394077865 ], [ 18.875090301492762, 46.628464387891356 ], [ 18.877226376806291, 46.630444861135885 ], [ 18.885934991546065, 46.637079446505027 ], [ 18.893986352343219, 46.637574564816163 ], [ 18.916990240335096, 46.639059919749556 ], [ 18.949524310495022, 46.65104178287892 ], [ 18.953467834150771, 46.652428114150084 ], [ 18.953632147636426, 46.652032019501178 ], [ 18.955768222949956, 46.648467167661039 ], [ 18.973185452429519, 46.658567581208104 ], [ 18.99881835619189, 46.687581514240364 ], [ 19.004569328189859, 46.694315123271736 ], [ 19.00621246304641, 46.704910655129936 ], [ 19.00161168544804, 46.717783731219342 ], [ 18.989945427966447, 46.732340209566573 ], [ 18.983537202025857, 46.740262102544676 ], [ 18.979757991855763, 46.755016628216367 ], [ 18.977293289570923, 46.763928757816714 ], [ 18.974171333343449, 46.764126805141174 ], [ 18.970885063630334, 46.76422582880339 ], [ 18.959383119634396, 46.781753017017422 ], [ 18.956096849921266, 46.786605176466509 ], [ 18.950838818380277, 46.801062631151524 ], [ 18.933421588900714, 46.812648399631982 ], [ 18.927999243874055, 46.816213251472121 ], [ 18.92438434718963, 46.824927333748022 ], [ 18.92438434718963, 46.839582835757483 ], [ 18.924055720218306, 46.854139314104728 ], [ 18.92504160113225, 46.857209047633745 ], [ 18.926191795531835, 46.865031916949604 ], [ 18.931778454044149, 46.875726472470035 ], [ 18.934243156328989, 46.878499135012362 ], [ 18.939665501355648, 46.883252270799218 ], [ 18.941308636212213, 46.884836649394842 ], [ 18.946402354267562, 46.889787832506144 ], [ 18.951989012779862, 46.895036086604122 ], [ 18.958232925234796, 46.905928689448999 ], [ 18.965462718603675, 46.936725048401328 ], [ 18.959383119634396, 46.957916112117729 ], [ 18.959218806148741, 46.958312206766635 ], [ 18.951167445351587, 46.970789188207121 ], [ 18.948867056552402, 46.989207589381181 ], [ 18.950674504894621, 46.996139245737012 ], [ 18.953467834150771, 47.000001168563841 ], [ 18.955768222949956, 47.001882618146126 ], [ 18.957082730835211, 47.002872854768398 ], [ 18.965462718603675, 47.012775220991003 ], [ 18.96595565906064, 47.028916077933872 ], [ 18.975978781685669, 47.041888177685493 ], [ 18.96776310740286, 47.048225692067973 ], [ 18.959383119634396, 47.054761253774885 ], [ 18.956425476892591, 47.063970454361922 ], [ 19.018371660984968, 47.054167111801533 ], [ 19.024779886925572, 47.048918857703555 ], [ 19.025601454353847, 47.048225692067973 ], [ 19.068487274110112, 47.035451639640797 ], [ 19.087547638446239, 47.043472556281117 ], [ 19.093298610444208, 47.04485888755228 ], [ 19.096256253186013, 47.052285662219234 ], [ 19.101021344270052, 47.064762643659733 ], [ 19.123532291804949, 47.070109921419942 ], [ 19.127311501975043, 47.070902110717753 ], [ 19.132240906544723, 47.072090394664471 ], [ 19.153930286651345, 47.088132227945096 ], [ 19.163953409276374, 47.095658026274293 ], [ 19.202567078405579, 47.097440452194363 ], [ 19.205196094176088, 47.093677553029764 ], [ 19.208810990860513, 47.088825393580677 ], [ 19.225406652911801, 47.113680332799447 ], [ 19.23674428342207, 47.130811426364573 ], [ 19.251039556674158, 47.133187994257995 ], [ 19.254818766844252, 47.13368311256913 ], [ 19.262870127641406, 47.1335840889069 ], [ 19.268949726610686, 47.134079207218036 ], [ 19.281930491977533, 47.128038763822232 ], [ 19.298197527057496, 47.125761219591041 ], [ 19.311999859852619, 47.120413941830819 ], [ 19.323501803848558, 47.112492048852729 ], [ 19.334510807387517, 47.102589682630111 ], [ 19.338125704071956, 47.099420925438878 ], [ 19.347820199725675, 47.093182434718628 ], [ 19.338782958014576, 47.085161518078323 ], [ 19.328759835389548, 47.07575427016684 ], [ 19.323994744305523, 47.072882583962269 ], [ 19.318572399278864, 47.069713826771036 ], [ 19.313971621680494, 47.066743116904249 ], [ 19.302469677684556, 47.048126668405743 ], [ 19.295239884315677, 47.035946757951919 ], [ 19.299019094485772, 47.031787764138429 ], [ 19.309699471053435, 47.021489303266904 ], [ 19.319229653221484, 47.012676197328787 ], [ 19.323173176877233, 47.019409806360159 ], [ 19.325144938705108, 47.022380516226946 ], [ 19.333031986016607, 47.026836581027126 ], [ 19.34371236258427, 47.029213148920547 ], [ 19.35077784246748, 47.030995574840617 ], [ 19.356693127951104, 47.03248092977401 ], [ 19.358171949322013, 47.032877024422916 ], [ 19.374274670916321, 47.032678977098456 ], [ 19.378382508057726, 47.034065308369634 ], [ 19.38577661491226, 47.038125278520894 ], [ 19.396456991479909, 47.044066698254468 ], [ 19.416996177186931, 47.056147585046062 ], [ 19.425376164955395, 47.061197791819595 ], [ 19.42915537512549, 47.063673383375246 ], [ 19.442629080949303, 47.059415365899525 ], [ 19.45807454860099, 47.054563206450439 ], [ 19.460046310428865, 47.053870040814857 ], [ 19.474505897166608, 47.054959301099345 ], [ 19.479106674764978, 47.061098768157365 ], [ 19.480585496135888, 47.063871430699692 ], [ 19.483050198420727, 47.066941164228709 ], [ 19.485843527676892, 47.072387465651147 ], [ 19.487322349047787, 47.075952317491286 ], [ 19.490444305275261, 47.08595370737612 ], [ 19.491101559217881, 47.088330275269556 ], [ 19.493894888474046, 47.097539475856578 ], [ 19.507204280812189, 47.118631515910749 ], [ 19.530372482289721, 47.111996930541608 ], [ 19.532672871088906, 47.111303764906012 ], [ 19.561427731078737, 47.107342818416967 ], [ 19.569807718847201, 47.108531102363685 ], [ 19.57802339313001, 47.11269009617719 ], [ 19.580816722386174, 47.115165687732841 ], [ 19.587224948326764, 47.120909060141955 ], [ 19.593797487753008, 47.113581309137217 ], [ 19.597905324894413, 47.109125244337037 ], [ 19.603656296892382, 47.103183824603477 ], [ 19.620580585914979, 47.082388855535982 ], [ 19.623866855628094, 47.074764033544568 ], [ 19.626331557912948, 47.06931773212213 ], [ 19.626988811855568, 47.067832377188736 ], [ 19.627646065798189, 47.063871430699692 ], [ 19.628796260197788, 47.062485099428528 ], [ 19.630439395054353, 47.058128058290578 ], [ 19.636683307509287, 47.038026254858678 ], [ 19.657058179730655, 47.020796137631322 ], [ 19.661658957329024, 47.017132262128953 ], [ 19.663795032642554, 47.014458623248856 ], [ 19.667081302355683, 47.011586937044299 ], [ 19.673982468753238, 47.007427943230795 ], [ 19.676282857552422, 47.004655280688468 ], [ 19.682198143036047, 46.999208979266029 ], [ 19.689756563376235, 46.994158772492497 ], [ 19.69600047583117, 46.990494896990128 ], [ 19.698958118572989, 46.988415400083383 ], [ 19.709967122111948, 46.983662264296527 ], [ 19.717854169423447, 46.98059253076751 ], [ 19.719825931251322, 46.979800341469698 ], [ 19.725412589763636, 46.977918891887413 ], [ 19.72919179993373, 46.976037442305113 ], [ 19.737243160730884, 46.971680401167163 ], [ 19.741350997872289, 46.969798951584863 ], [ 19.745130208042383, 46.967521407353658 ], [ 19.749402358669442, 46.964847768473561 ], [ 19.76665527466335, 46.955143449575388 ], [ 19.779800353515839, 46.948706911530692 ], [ 19.787687400827338, 46.951083479424128 ], [ 19.801818360593771, 46.955341496899848 ], [ 19.814306185503639, 46.950291290126316 ], [ 19.827779891327452, 46.944844988703878 ], [ 19.838624581380756, 46.944547917717202 ], [ 19.84388261292176, 46.947914722232881 ], [ 19.860149648001723, 46.97276966145165 ], [ 19.876580996567341, 46.997921671657082 ], [ 19.894326853018214, 46.988712471070059 ], [ 19.906321737471117, 46.982374956687579 ], [ 19.932283268204799, 46.973165756100556 ], [ 19.954136961797076, 46.971680401167163 ], [ 19.983549075729542, 46.962768271566802 ], [ 19.982891821786907, 46.974056969060584 ], [ 19.982891821786907, 46.974155992722814 ], [ 19.982727508301252, 46.983068122323161 ], [ 19.986178091500037, 46.986137855852178 ], [ 19.987656912870946, 46.988613447407829 ], [ 19.992422003954971, 46.991980251923522 ], [ 19.995543960182445, 46.995149009114755 ], [ 19.999816110809505, 46.998317766305988 ], [ 20.003759634465254, 46.999407026590475 ], [ 20.018876475145618, 47.004457233364008 ], [ 20.026434895485806, 47.007229895906349 ], [ 20.049438783477683, 47.011289866057609 ], [ 20.058804652160077, 47.012874244653233 ], [ 20.061597981416242, 47.014359599586626 ], [ 20.070142282670361, 47.018716640724577 ], [ 20.094624992033133, 47.007427943230795 ], [ 20.106455563000381, 47.023172705524757 ], [ 20.108098697856946, 47.025549273418179 ], [ 20.112699475455315, 47.033372142734052 ], [ 20.108427324828256, 47.039412586129842 ], [ 20.104812428143816, 47.040996964725451 ], [ 20.100704591002412, 47.042086225009939 ], [ 20.098568515688882, 47.042581343321075 ], [ 20.096596753861007, 47.042977437969981 ], [ 20.091831662776983, 47.043769627267793 ], [ 20.088709706549508, 47.052384685881464 ], [ 20.081808540151954, 47.070704063393293 ], [ 20.079672464838424, 47.076348412140192 ], [ 20.075728941182675, 47.08011131130479 ], [ 20.070306596156016, 47.086646873011702 ], [ 20.056011322903927, 47.104174061225734 ], [ 20.057490144274837, 47.11061059927043 ], [ 20.047302708164139, 47.125167077617675 ], [ 20.055354068961293, 47.14170402920945 ], [ 20.055847009418272, 47.145565952036264 ], [ 20.059461906102712, 47.147150330631874 ], [ 20.063569743244116, 47.149031780214173 ], [ 20.070963850098636, 47.156161483894465 ], [ 20.084930496379414, 47.165469708143718 ], [ 20.098075575231917, 47.181313494099896 ], [ 20.084930496379414, 47.207950859238736 ], [ 20.084108928951139, 47.208346953887641 ], [ 20.080165405295389, 47.210129379807711 ], [ 20.079836778324079, 47.216367870527947 ], [ 20.079508151352769, 47.220427840679221 ], [ 20.065705818557646, 47.224685858154942 ], [ 20.063405429758461, 47.226270236750565 ], [ 20.058804652160077, 47.229042899292892 ], [ 20.054368188047363, 47.231320443524098 ], [ 20.050588977877268, 47.234885295364236 ], [ 20.044673692393644, 47.238252099879929 ], [ 20.03382900234034, 47.242807188342326 ], [ 20.020026669545217, 47.245876921871343 ], [ 20.008031785092314, 47.248550560751454 ], [ 20.003595320979599, 47.249936892022617 ], [ 19.99751572201032, 47.251620294280457 ], [ 19.991600436526696, 47.252412483578269 ], [ 19.988314166813566, 47.25310564921385 ], [ 19.989957301670131, 47.256373430067313 ], [ 19.990614555612751, 47.258452926974059 ], [ 19.99324357138326, 47.263107039098685 ], [ 20.00063767823778, 47.277564493783714 ], [ 20.003431007493944, 47.283406889855044 ], [ 20.007867471606659, 47.288556120290806 ], [ 20.013125503147648, 47.294893634673286 ], [ 20.016576086346433, 47.299547746797913 ], [ 20.017561967260377, 47.303904787935863 ], [ 20.008196098577969, 47.313411059509576 ], [ 19.991271809555386, 47.330344105750243 ], [ 19.990778869098406, 47.338959164363914 ], [ 19.990450242127096, 47.346088868044191 ], [ 19.969582429448764, 47.363517032595993 ], [ 19.940827569458918, 47.376885226996521 ], [ 19.937869926717113, 47.377677416294333 ], [ 19.932283268204799, 47.379162771227726 ], [ 19.930640133348234, 47.380053984187768 ], [ 19.928668371520359, 47.38074714982335 ], [ 19.926039355749865, 47.381044220810026 ], [ 19.88660411919237, 47.399264574659639 ], [ 19.852919854632859, 47.414811289629142 ], [ 19.851112406290639, 47.415999573575846 ], [ 19.837967327438136, 47.425406821487329 ], [ 19.835173998181986, 47.42629803444737 ], [ 19.824657935099978, 47.428872649665252 ], [ 19.826629696927853, 47.43233847784316 ], [ 19.823836367671703, 47.436299424332205 ], [ 19.819071276587678, 47.444419364634754 ], [ 19.817592455216769, 47.4464988615415 ], [ 19.816770887788493, 47.447489098163771 ], [ 19.814141872017984, 47.450459808030544 ], [ 19.809541094419615, 47.454618801844049 ], [ 19.80756933259174, 47.455906109452982 ], [ 19.807076392134775, 47.456104156777442 ], [ 19.8051046303069, 47.457886582697512 ], [ 19.8051046303069, 47.457985606359742 ], [ 19.803790122421645, 47.459669008617581 ], [ 19.798203463909331, 47.462837765808814 ], [ 19.789659162655212, 47.466996759622319 ], [ 19.777992905173619, 47.472046966395851 ], [ 19.773720754546559, 47.474126463302596 ], [ 19.76665527466335, 47.477691315142735 ], [ 19.758768227351851, 47.481157143320658 ], [ 19.756960779009631, 47.482444450929592 ], [ 19.753510195810847, 47.484226876849661 ], [ 19.750059612612063, 47.487098563054218 ], [ 19.746937656384603, 47.488980012636517 ], [ 19.753838822782157, 47.49422826673451 ], [ 19.763861945407186, 47.501952112388139 ], [ 19.769941544376465, 47.514627141153085 ], [ 19.770927425290409, 47.516607614397614 ], [ 19.772406246661305, 47.517795898344318 ], [ 19.789987789626522, 47.531362140069305 ], [ 19.777335651230999, 47.538788914736273 ], [ 19.77125605226172, 47.534134802611632 ], [ 19.767476842091625, 47.531164092744859 ], [ 19.758439600380527, 47.534629920922768 ], [ 19.757453719466596, 47.535026015571674 ], [ 19.756139211581342, 47.534728944584998 ], [ 19.745623148499348, 47.532847495002699 ], [ 19.741022370900978, 47.53532308655835 ], [ 19.736421593302595, 47.537897701776231 ], [ 19.725576903249291, 47.531461163731535 ], [ 19.718182796394757, 47.5272031462558 ], [ 19.710624376054582, 47.518984182291035 ], [ 19.702737328743083, 47.517201756370966 ], [ 19.6981365511447, 47.520865631873335 ], [ 19.697479297202079, 47.521954892157822 ], [ 19.697150670230769, 47.522450010468958 ], [ 19.69320714657502, 47.524727554700149 ], [ 19.691235384747145, 47.526906075269125 ], [ 19.684662845320901, 47.531956282042657 ], [ 19.682362456521716, 47.53344163697605 ], [ 19.678090305894642, 47.53542211022058 ], [ 19.676447171038092, 47.536214299518392 ], [ 19.671517766468398, 47.53977915135853 ], [ 19.667902869783958, 47.540967435305248 ], [ 19.660508762929439, 47.543443026860899 ], [ 19.65755112018762, 47.545126429118739 ], [ 19.65262171561794, 47.54780006799885 ], [ 19.654593477445815, 47.551067848852313 ], [ 19.65755112018762, 47.558692670843726 ], [ 19.65229308864663, 47.562653617332771 ], [ 19.666259734927394, 47.588597816836014 ], [ 19.660508762929439, 47.59335095262287 ], [ 19.654593477445815, 47.598302135734173 ], [ 19.655907985331055, 47.611571306472484 ], [ 19.656400925788034, 47.615829323948205 ], [ 19.65147152121834, 47.621671720019549 ], [ 19.643584473906841, 47.630781896944356 ], [ 19.638162128880182, 47.637218434989052 ], [ 19.639312323279782, 47.638901837246891 ], [ 19.641941339050277, 47.64266473641149 ], [ 19.644406041335131, 47.646031540927183 ], [ 19.635204486138377, 47.648012014171698 ], [ 19.624031169113749, 47.650289558402903 ], [ 19.612036284660846, 47.657023167434275 ], [ 19.607435507062476, 47.661380208572226 ], [ 19.607271193576821, 47.665935297034636 ], [ 19.607106880091166, 47.667420651968015 ], [ 19.600041400207942, 47.676629852555052 ], [ 19.591497098953823, 47.687918550048835 ], [ 19.593797487753008, 47.689403904982228 ], [ 19.597248070951792, 47.691384378226743 ], [ 19.599877086722287, 47.693166804146813 ], [ 19.598069638380068, 47.694949230066882 ], [ 19.595933563066538, 47.697127750635858 ], [ 19.597741011408758, 47.70059357881378 ], [ 19.599712773236632, 47.700890649800456 ], [ 19.603656296892382, 47.701484791773808 ], [ 19.606778253119856, 47.711882276307563 ], [ 19.593797487753008, 47.720200263934558 ], [ 19.570957913246801, 47.734855765944019 ], [ 19.541217172343025, 47.746441534424477 ], [ 19.533658752002836, 47.739014759757524 ], [ 19.517884657379838, 47.723765115774697 ], [ 19.505561145955625, 47.720299287596788 ], [ 19.496359590758885, 47.717625648716677 ], [ 19.491594499674846, 47.713565678565402 ], [ 19.490937245732226, 47.707426211507382 ], [ 19.501288995328565, 47.705445738262867 ], [ 19.508847415668754, 47.704059406991689 ], [ 19.509833296582684, 47.70039553148932 ], [ 19.511312117953594, 47.698415058244805 ], [ 19.509011729154409, 47.695939466689154 ], [ 19.506382713383914, 47.69633556133806 ], [ 19.504246638070384, 47.6961375140136 ], [ 19.500960368357255, 47.695543372040248 ], [ 19.495045082873631, 47.693562898795719 ], [ 19.491430186189191, 47.692572662173461 ], [ 19.486007841162547, 47.68999804695558 ], [ 19.477299226422758, 47.687819526386605 ], [ 19.468261984711674, 47.704950619951731 ], [ 19.46448277454158, 47.711981299969779 ], [ 19.45988199694321, 47.713169583916496 ], [ 19.454131024945241, 47.71455591518766 ], [ 19.452487890088676, 47.715150057161026 ], [ 19.451337695689077, 47.716734435756635 ], [ 19.450023187803836, 47.718219790690029 ], [ 19.448051425975962, 47.721883666192397 ], [ 19.444765156262832, 47.725943636343672 ], [ 19.443779275348902, 47.728221180574877 ], [ 19.440657319121428, 47.730201653819393 ], [ 19.438849870779208, 47.731984079739462 ], [ 19.437042422436988, 47.732578221712828 ], [ 19.433920466209528, 47.738618665108618 ], [ 19.432770271809929, 47.742876682584338 ], [ 19.433591839238204, 47.744857155828868 ], [ 19.434577720152149, 47.749511267953494 ], [ 19.436220855008713, 47.751194670211333 ], [ 19.440493005635773, 47.753472214442539 ], [ 19.440985946092738, 47.754165380078121 ], [ 19.446079664148087, 47.761295083758398 ], [ 19.444436529291522, 47.767434550816418 ], [ 19.428662434668524, 47.771395497305463 ], [ 19.42422597055581, 47.77248475758995 ], [ 19.415517355816021, 47.771197449981017 ], [ 19.416338923244311, 47.777733011687943 ], [ 19.421596954785301, 47.782387123812569 ], [ 19.427183613297615, 47.795854341875327 ], [ 19.435070660609114, 47.798428957093208 ], [ 19.446243977633742, 47.802191856257792 ], [ 19.425376164955395, 47.816649310942822 ], [ 19.41995381992875, 47.817243452916173 ], [ 19.381340150799531, 47.821303423067448 ], [ 19.380682896856911, 47.821303423067448 ], [ 19.374438984401976, 47.818827831511797 ], [ 19.355378620065849, 47.818629784187337 ], [ 19.35077784246748, 47.820709281094082 ], [ 19.332703359045297, 47.828829221396632 ], [ 19.324487684762488, 47.83259212056123 ], [ 19.319393966707153, 47.831601883938959 ], [ 19.30592026088334, 47.830314576330025 ], [ 19.302141050713246, 47.829918481681119 ], [ 19.291296360659942, 47.827640937449914 ], [ 19.275357952551289, 47.824769251245357 ], [ 19.262212873698786, 47.827343866463238 ], [ 19.23066468445279, 47.825165345894263 ], [ 19.222120383198671, 47.831601883938959 ], [ 19.207989423432238, 47.841900344810483 ], [ 19.180220444356337, 47.849030048490761 ], [ 19.171840456587873, 47.848039811868503 ], [ 19.171347516130908, 47.847841764544043 ], [ 19.163953409276374, 47.844970078339486 ], [ 19.150808330423871, 47.847346646232921 ], [ 19.134869922315232, 47.850218332437478 ], [ 19.127311501975043, 47.850317356099708 ], [ 19.109401332038516, 47.850416379761924 ], [ 19.102335852155292, 47.847643717219597 ], [ 19.101021344270052, 47.846158362286204 ], [ 19.097735074556923, 47.842098392134929 ], [ 19.086068817075329, 47.838137445645884 ], [ 19.074402559593736, 47.845861291299528 ], [ 19.074402559593736, 47.847247622570691 ], [ 19.074238246108081, 47.853090018642035 ], [ 19.063886496511742, 47.858734367388919 ], [ 19.061914734683867, 47.858833391051149 ], [ 19.053041806458438, 47.859328509362285 ], [ 19.047126520974814, 47.862596290215748 ], [ 19.045976326575214, 47.869924041220486 ], [ 19.044990445661284, 47.874380106020652 ], [ 19.04400456474734, 47.878539099834157 ], [ 19.029052037552631, 47.888738537043452 ], [ 19.028066156638687, 47.888936584367897 ], [ 19.014592450814888, 47.891709246910224 ], [ 19.003583447275915, 47.897650666643798 ], [ 18.985344650368077, 47.915771996831182 ], [ 18.967270166945895, 47.921515369240296 ], [ 18.957739984777831, 47.93359625603189 ], [ 18.942623144097468, 47.943993740565631 ], [ 18.946895294724527, 47.948152734379136 ], [ 18.940815695755248, 47.954193177774926 ], [ 18.959383119634396, 47.963204331037502 ], [ 18.993396011165231, 47.979741282629263 ], [ 18.991424249337356, 47.983207110807186 ], [ 18.988630920081206, 47.987762199269582 ], [ 18.996025026935726, 47.989940719838557 ], [ 19.00374776076157, 47.992119240407533 ], [ 19.002433252876315, 48.003605985225775 ], [ 19.007034030474699, 48.010339594257147 ], [ 19.002926193333295, 48.010636665243823 ], [ 19.001118744991075, 48.010735688906053 ], [ 19.00194031241935, 48.01182494919054 ], [ 19.00555520910379, 48.016974179626303 ], [ 18.990438368423412, 48.028559948106761 ], [ 18.982551321111927, 48.026876545848907 ], [ 18.975321527743048, 48.025292167253298 ], [ 18.957247044320866, 48.027866782471179 ], [ 18.928327870845379, 48.056781691841209 ], [ 18.959876060091361, 48.058366070436819 ], [ 18.971542317572954, 48.056286573530073 ], [ 18.982387007626258, 48.054405123947774 ], [ 18.988959547052517, 48.057771928463467 ], [ 18.992738757222611, 48.063614324534811 ], [ 18.995039146021796, 48.06717917637495 ], [ 18.99980423710582, 48.068268436659437 ], [ 19.007855597902974, 48.070050862579507 ], [ 19.008841478816919, 48.074110832730781 ], [ 19.009005792302574, 48.074903022028593 ], [ 19.014263823843564, 48.07777470823315 ], [ 19.032173993780091, 48.065693821441556 ], [ 19.044168878232995, 48.065792845103786 ], [ 19.04646926703218, 48.065792845103786 ], [ 19.049919850230964, 48.063515300872581 ], [ 19.057642584056808, 48.058366070436819 ], [ 19.071773543823241, 48.06539675045488 ], [ 19.07538844050768, 48.067674294686086 ], [ 19.081960979933925, 48.071932312161806 ], [ 19.089519400274114, 48.072130359486252 ], [ 19.092641356501574, 48.070645004552873 ], [ 19.097077820614302, 48.068565507646113 ], [ 19.107265256724986, 48.065594797779326 ], [ 19.12057464906313, 48.067674294686086 ], [ 19.126489934546754, 48.07173426483736 ], [ 19.127311501975043, 48.072328406810712 ], [ 19.129118950317263, 48.073615714419645 ], [ 19.138156192028347, 48.07351669075743 ], [ 19.143907164026317, 48.070545980890643 ], [ 19.145057358425916, 48.069852815255061 ], [ 19.149329509052976, 48.06737722369941 ], [ 19.155080481050945, 48.065990892428232 ], [ 19.163460468819409, 48.065693821441556 ], [ 19.182356519669867, 48.061435803965836 ], [ 19.197309046864589, 48.062128969601417 ], [ 19.216533724686357, 48.063020182561459 ], [ 19.222613323655636, 48.062029945939187 ], [ 19.224913712454821, 48.059851425370212 ], [ 19.2321435058237, 48.056880715503439 ], [ 19.238880358735599, 48.054207076623328 ], [ 19.246438779075788, 48.056781691841209 ], [ 19.248246227418008, 48.060049472694672 ], [ 19.253339945473357, 48.069159649619479 ], [ 19.261062679299187, 48.07321961977074 ], [ 19.277001087407839, 48.074506927379687 ], [ 19.285381075176318, 48.082428820357777 ], [ 19.301155169799301, 48.087974145442445 ], [ 19.325802192647743, 48.090350713335866 ], [ 19.327773954475617, 48.090350713335866 ], [ 19.351599409895769, 48.088667311078027 ], [ 19.352749604295354, 48.088865358402472 ], [ 19.357679008865048, 48.090449736998096 ], [ 19.370331147260572, 48.086587814171281 ], [ 19.370495460746227, 48.086587814171281 ], [ 19.370495460746227, 48.086587814171281 ], [ 19.384790733998315, 48.091836068269259 ], [ 19.397442872393839, 48.085795624873469 ], [ 19.400564828621313, 48.084310269940076 ], [ 19.410423637760687, 48.087875121780215 ], [ 19.413216967016837, 48.088865358402472 ], [ 19.413545593988147, 48.088865358402472 ], [ 19.423240089641865, 48.089558524038054 ], [ 19.433427525752549, 48.095697991096074 ], [ 19.442629080949303, 48.101243316180742 ], [ 19.454623965402206, 48.099856984909579 ], [ 19.452816517059986, 48.094806778136046 ], [ 19.451994949631711, 48.092331186580395 ], [ 19.461689445285415, 48.083121985993358 ], [ 19.467440417283385, 48.084706364588982 ], [ 19.469740806082569, 48.091836068269259 ], [ 19.470398060025204, 48.093321423202653 ], [ 19.473684329738319, 48.094707754473816 ], [ 19.485186273734257, 48.099262842936227 ], [ 19.485679214191222, 48.103619884074178 ], [ 19.485843527676892, 48.105204262669787 ], [ 19.487979602990421, 48.10659059394095 ], [ 19.494552142416666, 48.110749587754455 ], [ 19.491101559217881, 48.112036895363389 ], [ 19.496359590758885, 48.123622663843847 ], [ 19.495209396359286, 48.134218195702047 ], [ 19.494387828931011, 48.140555710084527 ], [ 19.500631741385945, 48.144120561924666 ], [ 19.508025848240479, 48.148378579400386 ], [ 19.510161923554008, 48.152339525889431 ], [ 19.512626625838848, 48.156597543365152 ], [ 19.509997610068353, 48.163232128734307 ], [ 19.506054086412604, 48.173035471294696 ], [ 19.512790939324503, 48.182046624557273 ], [ 19.514105447209758, 48.182343695543949 ], [ 19.520842300121657, 48.183730026815113 ], [ 19.528400720461846, 48.190760706833174 ], [ 19.527743466519212, 48.199672836433521 ], [ 19.527414839547902, 48.203138664611444 ], [ 19.54138148582868, 48.209278131669464 ], [ 19.544503442056154, 48.207396682087165 ], [ 19.546639517369684, 48.206208398140447 ], [ 19.556005386052092, 48.209377155331694 ], [ 19.561099104107427, 48.212446888860697 ], [ 19.562906552449647, 48.213437125482955 ], [ 19.568164583990651, 48.215417598727484 ], [ 19.571450853703766, 48.215516622389714 ], [ 19.575065750388205, 48.21561564605193 ], [ 19.5776947661587, 48.216110764363066 ], [ 19.586403380898489, 48.222448278745546 ], [ 19.593797487753008, 48.227795556505754 ], [ 19.606285312662891, 48.236905733430561 ], [ 19.630768022025663, 48.250075880506628 ], [ 19.637176247966252, 48.245619815706462 ], [ 19.646542116648661, 48.238787183012846 ], [ 19.659029941558529, 48.24027253794624 ], [ 19.665602480984774, 48.240965703581821 ], [ 19.670531885554468, 48.235222331172707 ], [ 19.673818155267583, 48.23225162130592 ], [ 19.673818155267583, 48.229974077074729 ], [ 19.674146782238893, 48.221458042123274 ], [ 19.680555008179496, 48.212545912522927 ], [ 19.686141666691796, 48.20957520265614 ], [ 19.692221265661075, 48.204624019544838 ], [ 19.721140439136576, 48.201455262353591 ], [ 19.724426708849691, 48.204624019544838 ], [ 19.735271398903009, 48.215318575065254 ], [ 19.751538433982972, 48.215021504078578 ], [ 19.760739989179726, 48.213239078158509 ], [ 19.765012139806785, 48.207792776736071 ], [ 19.765833707235061, 48.206604492789353 ], [ 19.773556441060904, 48.203732806584796 ], [ 19.781114861401093, 48.200762096718009 ], [ 19.782429369286334, 48.199474789109075 ], [ 19.788016027798648, 48.193236298388825 ], [ 19.795738761624492, 48.19303825106438 ], [ 19.801325420136806, 48.19303825106438 ], [ 19.804447376364266, 48.183531979490667 ], [ 19.798860717851966, 48.179769080326068 ], [ 19.790316416597832, 48.174124731579184 ], [ 19.788344654769958, 48.16818331184561 ], [ 19.788344654769958, 48.16818331184561 ], [ 19.788344654769958, 48.16818331184561 ], [ 19.782429369286334, 48.165212601978837 ], [ 19.789659162655212, 48.158280945623005 ], [ 19.795738761624492, 48.153824880822825 ], [ 19.804940316821245, 48.154319999133961 ], [ 19.80855521350567, 48.161350679152008 ], [ 19.808883840476994, 48.161746773800914 ], [ 19.820550097958574, 48.168678430156746 ], [ 19.828108518298762, 48.167391122547798 ], [ 19.831230474526237, 48.164915530992147 ], [ 19.834023803782387, 48.162637986760956 ], [ 19.845197120807015, 48.162737010423172 ], [ 19.84503280732136, 48.16640088592554 ], [ 19.844868493835705, 48.167985264521164 ], [ 19.854398676003754, 48.177788607081553 ], [ 19.856863378288608, 48.173431565943602 ], [ 19.858670826630814, 48.170262808752369 ], [ 19.872966099882916, 48.169866714103463 ], [ 19.878717071880871, 48.169767690441233 ], [ 19.879867266280471, 48.16838135917007 ], [ 19.882989222507945, 48.164816507329931 ], [ 19.889068821477224, 48.164123341694349 ], [ 19.891040583305099, 48.164717483667701 ], [ 19.893833912561249, 48.165311625641053 ], [ 19.898763317130928, 48.16630186226331 ], [ 19.904678602614553, 48.154121951809501 ], [ 19.905500170042842, 48.152438549551661 ], [ 19.906650364442427, 48.151646360253849 ], [ 19.913222903868686, 48.147091271791453 ], [ 19.911415455526466, 48.144120561924666 ], [ 19.907471931870717, 48.140357662760067 ], [ 19.902871154272333, 48.136198668946577 ], [ 19.898763317130928, 48.129167988928515 ], [ 19.899256257587908, 48.124810947790564 ], [ 19.906978991413752, 48.127880681319581 ], [ 19.910100947641212, 48.129167988928515 ], [ 19.921109951180185, 48.130356272875233 ], [ 19.936884045803168, 48.131940651470842 ], [ 19.938034240202768, 48.135406479648765 ], [ 19.938691494145388, 48.13738695289328 ], [ 19.952822453911821, 48.151349289267174 ], [ 19.959887933795045, 48.152339525889431 ], [ 19.963831457450794, 48.152834644200567 ], [ 19.969253802477454, 48.159568253231939 ], [ 19.974347520532788, 48.166004791276634 ], [ 19.979112611616813, 48.164816507329931 ], [ 19.987492599385291, 48.162737010423172 ], [ 19.992750630926281, 48.16828233550784 ], [ 19.997187095038996, 48.169965737765679 ], [ 20.003595320979599, 48.172342305659114 ], [ 20.028570970799336, 48.177293488770417 ], [ 20.041880363137494, 48.172936447632466 ], [ 20.044509378907989, 48.170361832414585 ], [ 20.047467021649808, 48.167391122547798 ], [ 20.051903485762523, 48.167688193534488 ], [ 20.061269354444917, 48.177491536094877 ], [ 20.069977969184706, 48.180363222299434 ], [ 20.07720776255357, 48.182739790192855 ], [ 20.073592865869145, 48.185314405410736 ], [ 20.068499147813796, 48.188780233588645 ], [ 20.076386195125295, 48.195513842620031 ], [ 20.079672464838424, 48.195909937268937 ], [ 20.089859900949108, 48.19719724487787 ], [ 20.095446559461408, 48.204029877571472 ], [ 20.100704591002412, 48.206109374478231 ], [ 20.108591638313911, 48.212248841536251 ], [ 20.11286378894097, 48.215516622389714 ], [ 20.118943387910249, 48.218091237607595 ], [ 20.130445331906188, 48.222745349732222 ], [ 20.133238661162338, 48.22789458016797 ], [ 20.138989633160307, 48.241856916541863 ], [ 20.136031990418502, 48.24462957908419 ], [ 20.133074347676683, 48.247501265288747 ], [ 20.133895915104972, 48.253046590373415 ], [ 20.143426097273021, 48.255423158266851 ], [ 20.149341382756646, 48.25284854304897 ], [ 20.154106473840685, 48.25076904614221 ], [ 20.172673897719832, 48.250670022479994 ], [ 20.188612305828485, 48.247996383599883 ], [ 20.206193848793703, 48.25096709346667 ], [ 20.205372281365413, 48.254829016293485 ], [ 20.204386400451483, 48.260968483351505 ], [ 20.212109134277327, 48.259879223067017 ], [ 20.215066777019132, 48.259483128418111 ], [ 20.227390288443345, 48.26314700392048 ], [ 20.233141260441315, 48.26938549464073 ], [ 20.23330557392697, 48.272554251831963 ], [ 20.231333812099095, 48.274336677752032 ], [ 20.22804754238598, 48.277208363956589 ], [ 20.240371053810193, 48.280179073823376 ], [ 20.260581612545906, 48.274831796063168 ], [ 20.276520020654559, 48.266909903085079 ], [ 20.286378829793932, 48.261958719973762 ], [ 20.311025852642359, 48.265622595476131 ], [ 20.30741095595792, 48.269583541965176 ], [ 20.306918015500955, 48.270177683938542 ], [ 20.308725463843174, 48.272554251831963 ], [ 20.317434078582949, 48.273247417467545 ], [ 20.325485439380103, 48.27384155944091 ], [ 20.326964260751012, 48.282456618054582 ], [ 20.327950141664942, 48.28800194313925 ], [ 20.330250530464141, 48.288299014125926 ], [ 20.334851308062511, 48.288893156099277 ], [ 20.332386605777671, 48.291962889628294 ], [ 20.332386605777671, 48.29206191329051 ], [ 20.336494442919076, 48.299488687957478 ], [ 20.34520305765885, 48.303944752757658 ], [ 20.356376374683478, 48.309589101504542 ], [ 20.374286544620006, 48.327017266056345 ], [ 20.371657528849497, 48.32909676296309 ], [ 20.367549691708092, 48.332166496492107 ], [ 20.378230068275741, 48.33949424749683 ], [ 20.379873203132306, 48.340583507781318 ], [ 20.38545986164462, 48.347218093150474 ], [ 20.384802607701999, 48.349099542732773 ], [ 20.384145353759365, 48.351179039639518 ], [ 20.390882206671279, 48.3537536548574 ], [ 20.396304551697938, 48.355734128101929 ], [ 20.411750019349611, 48.369696464475808 ], [ 20.409121003579116, 48.373954481951529 ], [ 20.403862972038112, 48.381876374929618 ], [ 20.405834733865987, 48.383757824511918 ], [ 20.407970809179517, 48.384946108458635 ], [ 20.412900213749211, 48.390095338894398 ], [ 20.41651511043365, 48.393858238058982 ], [ 20.41963706666111, 48.404453769917183 ], [ 20.417336677861925, 48.408414716406227 ], [ 20.415036289062741, 48.412474686557502 ], [ 20.417829618318891, 48.420099508548915 ], [ 20.434260966884509, 48.430596016744886 ], [ 20.450692315450141, 48.447529062985552 ], [ 20.463180140360009, 48.450697820176799 ], [ 20.469916993271909, 48.452480246096869 ], [ 20.469095425843634, 48.45931287879047 ], [ 20.464001707788285, 48.463966990915097 ], [ 20.481583250753502, 48.470997670933144 ], [ 20.488320103665401, 48.475948854044461 ], [ 20.49275656777813, 48.484464888995902 ], [ 20.493742448692061, 48.486148291253755 ], [ 20.496371464462555, 48.487039504213783 ], [ 20.503765571317089, 48.489317048444988 ], [ 20.507216154515874, 48.509517875539117 ], [ 20.509680856800713, 48.513478822028162 ], [ 20.507873408458494, 48.515261247948231 ], [ 20.502779690403159, 48.520608525708454 ], [ 20.503108317374469, 48.528728466010989 ], [ 20.507051841030218, 48.534075743771197 ], [ 20.519046725483122, 48.53754157194912 ], [ 20.523154562624526, 48.53318453081117 ], [ 20.525126324452401, 48.531105033904424 ], [ 20.536299641477015, 48.528530418686543 ], [ 20.540736105589744, 48.535165004055685 ], [ 20.546322764102044, 48.543383968020464 ], [ 20.570148219522196, 48.539621068855865 ], [ 20.572777235292705, 48.539224974206959 ], [ 20.585265060202573, 48.536353288002402 ], [ 20.591837599628818, 48.539125950544729 ], [ 20.599067392997696, 48.542096660411516 ], [ 20.606132872880906, 48.542690802384882 ], [ 20.614348547163715, 48.54348299168268 ], [ 20.617141876419879, 48.545463464927209 ], [ 20.623550102360468, 48.550315624376296 ], [ 20.645896736409711, 48.55407852354088 ], [ 20.651812021893335, 48.559425801301089 ], [ 20.653783783721209, 48.561406274545618 ], [ 20.662985338917949, 48.560515061585576 ], [ 20.672022580629047, 48.56200041651897 ], [ 20.676459044741762, 48.560515061585576 ], [ 20.679416687483581, 48.559524824963319 ], [ 20.698805678791004, 48.566159410332475 ], [ 20.708500174444723, 48.569427191185937 ], [ 20.714744086899657, 48.569427191185937 ], [ 20.724767209524686, 48.569229143861477 ], [ 20.72706759832387, 48.564376984412405 ], [ 20.735776213063659, 48.570021333159289 ], [ 20.757136966198956, 48.571605711754913 ], [ 20.796079262299486, 48.575269587257282 ], [ 20.802158861268765, 48.575071539932821 ], [ 20.823848241375387, 48.580022723044138 ], [ 20.836336066285256, 48.582795385586465 ], [ 20.836993320227876, 48.578240297124054 ], [ 20.837486260684841, 48.575170563595051 ], [ 20.839950962969695, 48.576061776555093 ], [ 20.848823891195124, 48.579329557408542 ], [ 20.847838010281194, 48.570318404145965 ], [ 20.84750938330987, 48.567446717941408 ], [ 20.852274474393909, 48.567050623292502 ], [ 20.855232117135714, 48.566852575968056 ], [ 20.858189759877533, 48.562693582154552 ], [ 20.863612104904192, 48.555167783825368 ], [ 20.868541509473872, 48.552395121283041 ], [ 20.884151290611214, 48.552494144945271 ], [ 20.897624996435013, 48.555662902136504 ], [ 20.905347730260857, 48.557544351718803 ], [ 20.916192420314175, 48.5602179905989 ], [ 20.926379856424859, 48.55605899678541 ], [ 20.928680245224044, 48.551107813674093 ], [ 20.934595530707668, 48.538333761246932 ], [ 20.938210427392107, 48.540710329140353 ], [ 20.939853562248672, 48.541601542100395 ], [ 20.941661010590877, 48.542888849709328 ], [ 20.941661010590877, 48.540017163504771 ], [ 20.941661010590877, 48.535462075042375 ], [ 20.948233550017136, 48.534471838420103 ], [ 20.95513471641469, 48.533382578135615 ], [ 20.95694216475691, 48.52714408741538 ], [ 20.95842098612782, 48.521499738668481 ], [ 20.975345275150403, 48.523777282899687 ], [ 20.982903695490592, 48.518628052463924 ], [ 20.991612310230366, 48.526351898117568 ], [ 21.002785627254994, 48.527441158402056 ], [ 21.004100135140249, 48.527342134739825 ], [ 21.011822868966078, 48.530312844606613 ], [ 21.015602079136173, 48.531798199540006 ], [ 21.028747157988676, 48.530807962917734 ], [ 21.031540487244825, 48.528728466010989 ], [ 21.034005189529665, 48.52704506375315 ], [ 21.053229867351448, 48.526153850793108 ], [ 21.054380061751047, 48.522886069939645 ], [ 21.064403184376076, 48.524866543184174 ], [ 21.06637494620395, 48.52526263783308 ], [ 21.093158044365907, 48.515261247948231 ], [ 21.097430194992967, 48.509913970188023 ], [ 21.097101568021657, 48.505655952712303 ], [ 21.096444314079037, 48.498823320018701 ], [ 21.103181166990936, 48.493971160569615 ], [ 21.117640753728679, 48.491000450702828 ], [ 21.128321130296342, 48.492386781973991 ], [ 21.138344252921371, 48.502883290169962 ], [ 21.140644641720556, 48.505953023698979 ], [ 21.140808955206211, 48.506052047361209 ], [ 21.14475247886196, 48.509220804552442 ], [ 21.161676767884543, 48.5208065730329 ], [ 21.165948918511603, 48.520410478383994 ], [ 21.176629295079266, 48.519519265423966 ], [ 21.182708894048545, 48.519717312748412 ], [ 21.193224957130539, 48.525757756144202 ], [ 21.209163365239192, 48.527342134739825 ], [ 21.210149246153122, 48.532689412500034 ], [ 21.210149246153122, 48.532788436162264 ], [ 21.210313559638777, 48.532689412500034 ], [ 21.216393158608057, 48.532293317851128 ], [ 21.220336682263806, 48.535462075042375 ], [ 21.222144130606026, 48.536848406313538 ], [ 21.232002939745399, 48.534867933069009 ], [ 21.234139015058929, 48.538729855895838 ], [ 21.239232733114278, 48.539720092518095 ], [ 21.258457410936046, 48.530312844606613 ], [ 21.2665087717332, 48.526351898117568 ], [ 21.287047957440237, 48.524272401210808 ], [ 21.303807932977165, 48.523183140926321 ], [ 21.305451067833729, 48.527738229388731 ], [ 21.305451067833729, 48.527738229388731 ], [ 21.305451067833729, 48.527738229388731 ], [ 21.311530666803009, 48.530708939255518 ], [ 21.314981250001793, 48.534075743771197 ], [ 21.313995369087849, 48.535065980393469 ], [ 21.310380472403409, 48.539125950544729 ], [ 21.316131444401378, 48.539819116180325 ], [ 21.316953011829668, 48.541007400127029 ], [ 21.319910654571473, 48.544968346616074 ], [ 21.321060848971072, 48.547146867185049 ], [ 21.319417714114508, 48.548533198456212 ], [ 21.317117325315323, 48.550414648038512 ], [ 21.321060848971072, 48.55407852354088 ], [ 21.318103206229253, 48.559623848625549 ], [ 21.323361237770257, 48.561901392856754 ], [ 21.327962015368627, 48.559524824963319 ], [ 21.360496085528553, 48.560614085247806 ], [ 21.365754117069557, 48.559920919612225 ], [ 21.37955644986468, 48.558237517354385 ], [ 21.385636048833959, 48.56031701426113 ], [ 21.391222707346273, 48.562396511167876 ], [ 21.395659171458988, 48.563485771452363 ], [ 21.404696413170072, 48.560713108910036 ], [ 21.409790131225421, 48.559227753976643 ], [ 21.41685561110863, 48.559821895949995 ], [ 21.421292075221359, 48.564079913425729 ], [ 21.421949329163979, 48.569328167523707 ], [ 21.42293521007791, 48.578141273461839 ], [ 21.429507749504168, 48.583092456573141 ], [ 21.438544991215252, 48.584676835168764 ], [ 21.444953217155842, 48.579725652057448 ], [ 21.450046935211191, 48.575665681906187 ], [ 21.4571124150944, 48.5745764216217 ], [ 21.460891625264495, 48.574081303310564 ], [ 21.467464164690753, 48.570318404145965 ], [ 21.488167663883431, 48.558633612003291 ], [ 21.49457588982402, 48.559029706652197 ], [ 21.498683726965425, 48.559326777638873 ], [ 21.500491175307644, 48.556554115096532 ], [ 21.501312742735934, 48.555464854812044 ], [ 21.509528417018743, 48.551999026634135 ], [ 21.515115075531043, 48.549523435078484 ], [ 21.517086837358917, 48.544077133656046 ], [ 21.516593896901952, 48.542888849709328 ], [ 21.515608015988022, 48.540512281815907 ], [ 21.526781333012636, 48.521499738668481 ], [ 21.538940530951194, 48.51466710597488 ], [ 21.539104844436849, 48.51456808231265 ], [ 21.540090725350794, 48.513181751041486 ], [ 21.543212681578254, 48.508923733565766 ], [ 21.557343641344687, 48.510508112161375 ], [ 21.559972657115196, 48.510805183148065 ], [ 21.560465597572161, 48.510409088499159 ], [ 21.565230688656186, 48.505854000036749 ], [ 21.573117735967685, 48.504863763414491 ], [ 21.579690275393943, 48.505259858063397 ], [ 21.584126739506658, 48.509616899201347 ], [ 21.585934187848878, 48.511399325121417 ], [ 21.594642802588652, 48.51268663273035 ], [ 21.60368004429975, 48.508923733565766 ], [ 21.605323179156301, 48.508230567930184 ], [ 21.60713062749852, 48.508824709903536 ], [ 21.61140277812558, 48.510112017512483 ], [ 21.615017674810019, 48.498823320018701 ], [ 21.618303944523149, 48.498031130720889 ], [ 21.621918841207588, 48.485752196604849 ], [ 21.622083154693243, 48.472185954879862 ], [ 21.622083154693243, 48.472086931217632 ], [ 21.621754527721933, 48.46713574810633 ], [ 21.628491380633832, 48.460798233723864 ], [ 21.630298828976052, 48.45911483146601 ], [ 21.630298828976052, 48.458520689492659 ], [ 21.630956082918672, 48.451192938487921 ], [ 21.642786653885921, 48.44257787987425 ], [ 21.64459410222814, 48.441290572265302 ], [ 21.64640155057036, 48.439013028034111 ], [ 21.64738743148429, 48.438022791411854 ], [ 21.664640347478198, 48.415049301775383 ], [ 21.665297601420818, 48.403166462308249 ], [ 21.665954855363452, 48.391382646503331 ], [ 21.675156410560191, 48.390788504529979 ], [ 21.683372084843, 48.390194362556628 ], [ 21.702268135693473, 48.379895901685103 ], [ 21.704897151463967, 48.375538860547152 ], [ 21.704239897521347, 48.374350576600435 ], [ 21.702432449179128, 48.371181819409202 ], [ 21.703254016607403, 48.369894511800268 ], [ 21.705883032377912, 48.366824778271251 ], [ 21.710976750433247, 48.366527707284575 ], [ 21.714263020146376, 48.366329659960115 ], [ 21.713770079689397, 48.363358950093343 ], [ 21.712948512261121, 48.357912648670904 ], [ 21.721492813515241, 48.351575134288424 ], [ 21.738745729509148, 48.349297590057219 ], [ 21.744661014992772, 48.348406377097191 ], [ 21.745646895906702, 48.348010282448286 ], [ 21.765528827671105, 48.339098152847939 ], [ 21.767336276013324, 48.339098152847939 ], [ 21.786396640349452, 48.340781555105778 ], [ 21.79888446525932, 48.341969839052496 ], [ 21.810879349712224, 48.338305963550127 ], [ 21.817287575652813, 48.336820608616733 ], [ 21.817287575652813, 48.33543427734557 ], [ 21.817123262167158, 48.332859662127689 ], [ 21.834047551189741, 48.33523623002111 ], [ 21.835362059074995, 48.348802471746097 ], [ 21.836019313017616, 48.356625341061957 ], [ 21.83848401530247, 48.362962855444437 ], [ 21.852943602040213, 48.365636494324534 ], [ 21.857544379638583, 48.364052115728924 ], [ 21.860337708894747, 48.359596050928744 ], [ 21.862309470722622, 48.356130222750835 ], [ 21.864281232550482, 48.35820971965758 ], [ 21.865102799978771, 48.359001908955392 ], [ 21.869539264091486, 48.35801167233312 ], [ 21.870032204548451, 48.357912648670904 ], [ 21.874961609118145, 48.356823388386417 ], [ 21.881369835058734, 48.363457973755558 ], [ 21.886792180085394, 48.368805251515781 ], [ 21.889585509341543, 48.365735517986764 ], [ 21.892050211626383, 48.363259926431112 ], [ 21.897965497110008, 48.363854068404464 ], [ 21.897636870138697, 48.365537470662318 ], [ 21.896979616196077, 48.368310133204645 ], [ 21.899608631966572, 48.369795488138038 ], [ 21.902894901679701, 48.365735517986764 ], [ 21.9107819489912, 48.367517943906833 ], [ 21.9175188019031, 48.365042352351182 ], [ 21.923598400872379, 48.362863831782207 ], [ 21.929677999841658, 48.363160902768882 ], [ 21.929020745899038, 48.366923801933481 ], [ 21.928363491956404, 48.369993535462484 ], [ 21.939208182009722, 48.374548623924895 ], [ 21.942987392179816, 48.374746671249341 ], [ 21.946273661892931, 48.374944718573801 ], [ 21.948738364177785, 48.377123239142776 ], [ 21.950545812520005, 48.378707617738385 ], [ 21.957611292403215, 48.378509570413939 ], [ 21.961061875601999, 48.379598830698427 ], [ 21.977328910681962, 48.377915428440573 ], [ 21.985873211936081, 48.377024215480546 ], [ 21.998361036845949, 48.378905665062845 ], [ 22.021857865294791, 48.38910510227214 ], [ 22.021693551809136, 48.389501196921032 ], [ 22.021364924837826, 48.392669954112279 ], [ 22.042725677973124, 48.384748061134189 ], [ 22.045026066772323, 48.384054895498593 ], [ 22.047983709514128, 48.382074422254078 ], [ 22.048969590428072, 48.381381256618496 ], [ 22.051434292712912, 48.379697854360643 ], [ 22.056528010768247, 48.378014452102803 ], [ 22.058664086081777, 48.380688090982915 ], [ 22.059814280481376, 48.381975398591848 ], [ 22.076245629046994, 48.386530487054259 ], [ 22.082982481958908, 48.381678327605172 ], [ 22.084461303329803, 48.377915428440573 ], [ 22.086268751672023, 48.372766198004825 ], [ 22.089390707899497, 48.374845694911571 ], [ 22.093334231555247, 48.377519333791682 ], [ 22.101549905838056, 48.37672714449387 ], [ 22.109436953149554, 48.380490043658455 ], [ 22.121103210631148, 48.378311523089479 ] ], [ [ 21.888106687970634, 48.36009116923988 ], [ 21.883670223857919, 48.362467737133301 ], [ 21.880383954144804, 48.357219483035323 ], [ 21.885477672200139, 48.355833151764145 ], [ 21.888106687970634, 48.36009116923988 ] ] ] } }
]
}
