{"type":"Topology","objects":{"data":{"geometries":[{"properties":{"index":839,"nuts_3_code":"ITH54","nuts_3_name":"Modena"},"type":"Polygon","arcs":[[-141,-3,-2,1,-1,-182,-177,-420,-419,418,-418,-565]],"id":0},{"properties":{"index":840,"nuts_3_code":"ITH55","nuts_3_name":"Bologna"},"type":"Polygon","arcs":[[-140,-143,-247,-248,-255,-180,0,-2,1,2]],"id":1},{"properties":{"index":843,"nuts_3_code":"ITI22","nuts_3_name":"Terni"},"type":"MultiPolygon","arcs":[[[-82,-72,-80,-79,78,-70,-69,68,-68,-361,437,-437,-436,435,-435]],[[-360,-442,-441,440,-440]]],"id":2},{"properties":{"index":844,"nuts_3_code":"ITG2D","nuts_3_name":"Sassari"},"type":"MultiPolygon","arcs":[[[-27,-45,3,-12,4]],[[5]],[[6]],[[7]],[[8]],[[9]],[[10]],[[11,-12]],[[12]],[[13]],[[14]],[[15]],[[16]],[[17]],[[18]],[[19]],[[20]],[[21]],[[22]],[[23]],[[24]]],"id":3},{"properties":{"index":845,"nuts_3_code":"ITG2E","nuts_3_name":"Nuoro"},"type":"Polygon","arcs":[[25,-64,-63,62,-62,-43,26]],"id":4},{"properties":{"index":846,"nuts_3_code":"ITI44","nuts_3_name":"Latina"},"type":"MultiPolygon","arcs":[[[-33,-647,27,-101,-100,99,-99,-98,97,-97]],[[28]],[[29]],[[30]],[[31]]],"id":5},{"properties":{"index":847,"nuts_3_code":"ITI45","nuts_3_name":"Frosinone"},"type":"Polygon","arcs":[[-632,-648,32,-96,-95,94,-94,-93,-615]],"id":6},{"properties":{"index":849,"nuts_3_code":"ITI31","nuts_3_name":"Pesaro e Urbino"},"type":"MultiPolygon","arcs":[[[-38,38,-37,-445,-322,-160,33,-158,-157,156,-156,34],[445]],[[-40,-39]],[[40]]],"id":7},{"properties":{"index":850,"nuts_3_code":"ITI32","nuts_3_name":"Ancona"},"type":"Polygon","arcs":[[35,-50,-49,-48,-426,-425,424,-424,36,-39,37],[38,39],[40]],"id":8},{"properties":{"index":851,"nuts_3_code":"ITG2F","nuts_3_name":"Cagliari"},"type":"Polygon","arcs":[[41,-59]],"id":9},{"properties":{"index":852,"nuts_3_code":"ITG2G","nuts_3_name":"Oristano"},"type":"MultiPolygon","arcs":[[[42,-61,43,44]],[[45]]],"id":10},{"properties":{"index":854,"nuts_3_code":"ITI33","nuts_3_name":"Macerata"},"type":"Polygon","arcs":[[46,-57,-56,55,-55,-52,-429,-428,-427,47,48,49]],"id":11},{"properties":{"index":855,"nuts_3_code":"ITI34","nuts_3_name":"Ascoli Piceno"},"type":"Polygon","arcs":[[50,-622,-83,430,-431,-430,51,-54]],"id":12},{"properties":{"index":856,"nuts_3_code":"ITI35","nuts_3_name":"Fermo"},"type":"Polygon","arcs":[[52,53,54,-56,55,56]],"id":13},{"properties":{"index":857,"nuts_3_code":"ITG2H","nuts_3_name":"Sud Sardegna"},"type":"MultiPolygon","arcs":[[[57,58,59,60,61,-63,62,63]],[[64]],[[65]],[[66]]],"id":14},{"properties":{"index":859,"nuts_3_code":"ITI41","nuts_3_name":"Viterbo"},"type":"MultiPolygon","arcs":[[[67,-69,68,69,-79,-78,-77,76,-76,-75,74,-74,-111,-110,109,-109,107,-107,-106,-105,104,-104,-103,70,-405,-364,-363,362,-362]],[[71,-81]]],"id":15},{"properties":{"index":860,"nuts_3_code":"ITH10","nuts_3_name":"Bolzano-Bozen"},"type":"Polygon","arcs":[[-138,-137,136,-136,-92,-91,90,-90,-89,-88,86,-86,-85,-84,-531,72]],"id":16},{"properties":{"index":865,"nuts_3_code":"ITI42","nuts_3_name":"Rieti"},"type":"Polygon","arcs":[[-621,-619,-618,617,-617,-114,-113,112,-112,73,-75,74,75,-77,76,77,78,79,80,81,-434,-433,432,-432,-431,82]],"id":17},{"properties":{"index":866,"nuts_3_code":"ITH20","nuts_3_name":"Trento"},"type":"Polygon","arcs":[[-135,-134,-122,-121,120,-120,-119,118,-118,-116,-471,-532,83,84,85,-87,87,88,89,-91,90,91]],"id":18},{"properties":{"index":869,"nuts_3_code":"ITI43","nuts_3_name":"Roma"},"type":"Polygon","arcs":[[-616,92,93,-95,94,95,96,-98,97,98,-100,99,100,101,102,103,-105,104,105,106,107,108,-110,109,110,111,-113,112,113],[114]],"id":19},{"properties":{"index":870,"nuts_3_code":"ITH31","nuts_3_name":"Verona"},"type":"Polygon","arcs":[[-117,-235,-274,-580,-475,474,-474,-473,472,-472,115]],"id":20},{"properties":{"index":871,"nuts_3_code":"ITH32","nuts_3_name":"Vicenza"},"type":"Polygon","arcs":[[-134,-133,-152,-238,-237,236,-236,116,117,-119,118,119,-121,120,121,133]],"id":21},{"properties":{"index":875,"nuts_3_code":"ITF65","nuts_3_name":"Reggio Calabria"},"type":"Polygon","arcs":[[122,-527,-525]],"id":22},{"properties":{"index":876,"nuts_3_code":"ITG11","nuts_3_name":"Trapani"},"type":"MultiPolygon","arcs":[[[-149,-148,147,-147,-187,-186,-185,184,-184,123]],[[124]],[[125]],[[126]],[[127]],[[128]],[[129]],[[130]]],"id":23},{"properties":{"index":877,"nuts_3_code":"ITH33","nuts_3_name":"Belluno"},"type":"Polygon","arcs":[[131,-356,-306,-153,132,133,134,135,-137,136,137]],"id":24},{"properties":{"index":879,"nuts_3_code":"ITH56","nuts_3_name":"Ferrara"},"type":"MultiPolygon","arcs":[[[138,-144,139,140,-564,-273,-272,271,-271]],[[141]]],"id":25},{"properties":{"index":880,"nuts_3_code":"ITH57","nuts_3_name":"Ravenna"},"type":"Polygon","arcs":[[-155,-243,241,-241,142,143,144]],"id":26},{"properties":{"index":881,"nuts_3_code":"ITG12","nuts_3_name":"Palermo"},"type":"MultiPolygon","arcs":[[[-166,-301,-268,145,186,146,-148,147,148,149],[268]],[[150]],[[188]]],"id":27},{"properties":{"index":882,"nuts_3_code":"ITH34","nuts_3_name":"Treviso"},"type":"Polygon","arcs":[[-305,-198,-197,196,-196,-195,-194,-239,151,152]],"id":28},{"properties":{"index":884,"nuts_3_code":"ITH58","nuts_3_name":"Forl\u00ec-Cesena"},"type":"Polygon","arcs":[[153,-163,-162,161,-161,-326,-244,154]],"id":29},{"properties":{"index":885,"nuts_3_code":"ITH59","nuts_3_name":"Rimini"},"type":"Polygon","arcs":[[155,-157,156,157,158,159,-321,-320,319,-319,160,-162,161,162,163],[326]],"id":30},{"properties":{"index":886,"nuts_3_code":"ITG13","nuts_3_name":"Messina"},"type":"MultiPolygon","arcs":[[[-338,-337,164,165,166]],[[167]],[[168]],[[169]],[[170]],[[171]],[[172]],[[173]],[[174]]],"id":31},{"properties":{"index":888,"nuts_3_code":"ITI11","nuts_3_name":"Massa-Carrara"},"type":"Polygon","arcs":[[-422,-179,175,-486,484,-484,-416]],"id":32},{"properties":{"index":889,"nuts_3_code":"ITI12","nuts_3_name":"Lucca"},"type":"Polygon","arcs":[[176,-181,-245,-318,-317,316,-316,177,178,-421]],"id":33},{"properties":{"index":890,"nuts_3_code":"ITI13","nuts_3_name":"Pistoia"},"type":"Polygon","arcs":[[179,-254,-253,252,-252,-246,180,181]],"id":34},{"properties":{"index":891,"nuts_3_code":"ITG14","nuts_3_name":"Agrigento"},"type":"MultiPolygon","arcs":[[[-267,-266,265,-265,-264,263,-263,-262,-261,-260,259,-259,257,-257,182,183,-185,184,185,186,187],[188]],[[189]],[[190]]],"id":35},{"properties":{"index":892,"nuts_3_code":"ITH35","nuts_3_name":"Venezia"},"type":"MultiPolygon","arcs":[[[-352,-351,350,-350,-349,348,-348,346,-346,345,-345,343,-343,191,-199,192,-230,-229,228,-228,-227,226,-226,-225,224,-224,-223,222,-222,193,194,195,-197,196,197,-304]],[[198,199]],[[200]],[[201]],[[202]],[[203]],[[204]],[[205]],[[206]],[[207]],[[208]],[[209]],[[210]],[[211]],[[212]],[[213]],[[214]],[[-276,-234,-233,232,-232,215,216],[239]],[[217]],[[218]],[[219]],[[220]]],"id":36},{"properties":{"index":893,"nuts_3_code":"ITH36","nuts_3_name":"Padova"},"type":"MultiPolygon","arcs":[[[221,-223,222,223,-225,224,225,-227,226,227,-229,228,229,230,231,-233,232,233,-275,234,235,-237,236,237,238]],[[239]]],"id":37},{"properties":{"index":895,"nuts_3_code":"ITI14","nuts_3_name":"Firenze"},"type":"Polygon","arcs":[[240,-242,242,243,-325,-324,323,-323,-366,-309,-308,307,-307,244,245,-251,-250,249,-249,-248,247,246]],"id":38},{"properties":{"index":896,"nuts_3_code":"ITI15","nuts_3_name":"Prato"},"type":"Polygon","arcs":[[247,248,-250,249,250,251,-253,252,253,254]],"id":39},{"properties":{"index":897,"nuts_3_code":"ITG15","nuts_3_name":"Caltanissetta"},"type":"MultiPolygon","arcs":[[[-300,-299,298,-298,-297,296,-296,-295,294,-294,-330,-329,-369,255,256,257,258,-260,259,260,261,262,-264,263,264,-266,265,266,267],[302]],[[268]]],"id":40},{"properties":{"index":898,"nuts_3_code":"ITH37","nuts_3_name":"Rovigo"},"type":"MultiPolygon","arcs":[[[269,270,-272,271,272,-563,-562,561,-561,273,274,275]],[[276]],[[277]],[[278]],[[279]],[[280]],[[281]],[[282]],[[283]],[[284]],[[285]]],"id":41},{"properties":{"index":900,"nuts_3_code":"ITI16","nuts_3_name":"Livorno"},"type":"MultiPolygon","arcs":[[[-407,286,-314,-313,312,-312,-311,310,-310]],[[287]],[[288]],[[289]],[[290]],[[291]],[[292]]],"id":42},{"properties":{"index":901,"nuts_3_code":"ITG16","nuts_3_name":"Enna"},"type":"MultiPolygon","arcs":[[[-337,-336,-335,334,-334,-333,332,-332,338,-331,293,-295,294,295,-297,296,297,-299,298,299,300,301],[-339,338]],[[302]]],"id":43},{"properties":{"index":902,"nuts_3_code":"ITH41","nuts_3_name":"Pordenone"},"type":"Polygon","arcs":[[303,304,305,-355,-354,353,-353]],"id":44},{"properties":{"index":904,"nuts_3_code":"ITI17","nuts_3_name":"Pisa"},"type":"Polygon","arcs":[[306,-308,307,308,-365,-408,309,-311,310,311,-313,312,313,314,315,-317,316,317]],"id":45},{"properties":{"index":905,"nuts_3_code":"ITI18","nuts_3_name":"Arezzo"},"type":"MultiPolygon","arcs":[[[318,-320,319,320,321,-444,-367,322,-324,323,324,325]],[[326]]],"id":46},{"properties":{"index":906,"nuts_3_code":"ITG17","nuts_3_name":"Catania"},"type":"MultiPolygon","arcs":[[[327,-382,-381,-375,-374,373,-373,-372,371,-371,-370,369,328,329,330,-339,331,-333,332,333,-335,334,335,336,337]],[[338,-339]]],"id":47},{"properties":{"index":907,"nuts_3_code":"ITH42","nuts_3_name":"Udine"},"type":"MultiPolygon","arcs":[[[-389,390,-388,386,-386,339,394,340,-400,341,342,343,344,-346,345,346,347,-349,348,349,-351,350,351,352,-354,353,354,355,356]],[[390,-391]],[[-402,357]],[[358]]],"id":48},{"properties":{"index":909,"nuts_3_code":"ITI19","nuts_3_name":"Siena"},"type":"Polygon","arcs":[[-443,359,-439,-438,360,361,-363,362,363,-413,-412,411,-411,-410,409,-409,364,365,366]],"id":49},{"properties":{"index":910,"nuts_3_code":"ITG18","nuts_3_name":"Ragusa"},"type":"Polygon","arcs":[[367,368,-370,369,370,-372,371,372,-374,373,374,380,-380,-379,377,-377]],"id":50},{"properties":{"index":911,"nuts_3_code":"ITG19","nuts_3_name":"Siracusa"},"type":"MultiPolygon","arcs":[[[375,376,377,378,379,-381,380,381]],[[382]],[[383]]],"id":51},{"properties":{"index":912,"nuts_3_code":"ITH43","nuts_3_name":"Gorizia"},"type":"MultiPolygon","arcs":[[[-404,384,385,386,387,-391,388,389],[-391,390]],[[391]],[[392]],[[393]],[[394,-395]],[[395]],[[396]],[[397]],[[398,399]],[[400,401]]],"id":52},{"properties":{"index":913,"nuts_3_code":"ITH44","nuts_3_name":"Trieste"},"type":"Polygon","arcs":[[402,403]],"id":53},{"properties":{"index":914,"nuts_3_code":"ITH51","nuts_3_name":"Piacenza"},"type":"MultiPolygon","arcs":[[[-417,-464,-787,-492,-520,-540]],[[492]],[[493]]],"id":54},{"properties":{"index":916,"nuts_3_code":"ITI1A","nuts_3_name":"Grosseto"},"type":"MultiPolygon","arcs":[[[404,405,406,407,408,-410,409,410,-412,411,412]],[[413]],[[414]]],"id":55},{"properties":{"index":917,"nuts_3_code":"ITH52","nuts_3_name":"Parma"},"type":"Polygon","arcs":[[-569,-423,415,-489,-465,416,-539]],"id":56},{"properties":{"index":918,"nuts_3_code":"ITH53","nuts_3_name":"Reggio nell\u2019Emilia"},"type":"Polygon","arcs":[[417,-419,418,419,420,421,422,-568,-567,566,-566]],"id":57},{"properties":{"index":919,"nuts_3_code":"ITI21","nuts_3_name":"Perugia"},"type":"MultiPolygon","arcs":[[[423,-425,424,425,426,427,428,429,430,431,-433,432,433,434,-436,435,436,-438,437,438,439,-441,440,441,442,443,444]],[[445]]],"id":58},{"properties":{"index":920,"nuts_3_code":"ITF45","nuts_3_name":"Lecce"},"type":"MultiPolygon","arcs":[[[-754,-762,446]],[[770]],[[447]]],"id":59},{"properties":{"index":921,"nuts_3_code":"ITF46","nuts_3_name":"Foggia"},"type":"MultiPolygon","arcs":[[[-461,-482,-726,-725,724,-724,-660,-640,-639,638,-638,448]],[[449]],[[450]],[[451]],[[452]]],"id":60},{"properties":{"index":922,"nuts_3_code":"ITC20","nuts_3_name":"Valle d\u2019Aosta/Vall\u00e9e d\u2019Aoste"},"type":"Polygon","arcs":[[-673,-678,-642,453]],"id":61},{"properties":{"index":923,"nuts_3_code":"ITC31","nuts_3_name":"Imperia"},"type":"Polygon","arcs":[[-463,454,-729]],"id":62},{"properties":{"index":925,"nuts_3_code":"ITC46","nuts_3_name":"Bergamo"},"type":"Polygon","arcs":[[-478,-477,476,-476,-546,-581,-605,-604,-514,-513,512,-512,-534]],"id":63},{"properties":{"index":926,"nuts_3_code":"ITF47","nuts_3_name":"Bari"},"type":"MultiPolygon","arcs":[[[-768,-767,766,-766,-759,-505,-504,503,-503,-502,501,-501,-479,-460,-459,458,-458,455]],[[759]]],"id":64},{"properties":{"index":927,"nuts_3_code":"ITF48","nuts_3_name":"Barletta-Andria-Trani"},"type":"Polygon","arcs":[[456,457,-459,458,459,-483,460]],"id":65},{"properties":{"index":928,"nuts_3_code":"ITC32","nuts_3_name":"Savona"},"type":"Polygon","arcs":[[-792,-469,-468,467,-467,461,462,-728,-749]],"id":66},{"properties":{"index":929,"nuts_3_code":"ITC33","nuts_3_name":"Genova"},"type":"MultiPolygon","arcs":[[[463,464,-488,465,466,-468,467,468,-791,804,-790,-789,788,-788]],[[469]],[[804,-805]]],"id":67},{"properties":{"index":930,"nuts_3_code":"ITC47","nuts_3_name":"Brescia"},"type":"Polygon","arcs":[[470,471,-473,472,473,-475,474,-579,-578,577,-577,-576,575,-575,-538,475,-477,476,477,-533]],"id":68},{"properties":{"index":931,"nuts_3_code":"ITF51","nuts_3_name":"Potenza"},"type":"Polygon","arcs":[[478,-500,-499,498,-498,-497,496,-496,-550,479,-745,-744,743,-743,-742,741,-741,-740,739,-739,-738,737,-737,-736,480,481,482],[505]],"id":69},{"properties":{"index":932,"nuts_3_code":"ITC34","nuts_3_name":"La Spezia"},"type":"MultiPolygon","arcs":[[[483,484,485,486,487,488]],[[489]]],"id":70},{"properties":{"index":933,"nuts_3_code":"ITC41","nuts_3_name":"Varese"},"type":"Polygon","arcs":[[-508,507,-507,-611,-599,-703,-702,701,-701,-696,490,-509]],"id":71},{"properties":{"index":934,"nuts_3_code":"ITC48","nuts_3_name":"Pavia"},"type":"MultiPolygon","arcs":[[[-523,-522,521,600,-600,-521,491,-786,-785,-784,-783,782,-782,-781,780,-780,-779,778,-778,-777,776,-776,-669,-668,-667,-666,664,-664,-663,-662,-661,-713,-712,711,-711,-710,709,-709,-598,-597,-596,-595,594,-594,-593,592,-592,-591,590,-590],[492],[493]],[[802]],[[803]]],"id":72},{"properties":{"index":935,"nuts_3_code":"ITF52","nuts_3_name":"Matera"},"type":"MultiPolygon","arcs":[[[-758,-757,756,-756,494,-553,-552,551,-551,495,-497,496,497,-499,498,499,500,-502,501,502,-504,503,504]],[[505]]],"id":73},{"properties":{"index":936,"nuts_3_code":"ITC42","nuts_3_name":"Como"},"type":"MultiPolygon","arcs":[[[-519,-518,517,-517,-516,515,-515,-614,-613,612,-612,506,-508,507,508,509,-536]],[[510]]],"id":74},{"properties":{"index":937,"nuts_3_code":"ITC43","nuts_3_name":"Lecco"},"type":"Polygon","arcs":[[511,-513,512,513,-603,514,-516,515,516,-518,517,518,-535]],"id":75},{"properties":{"index":939,"nuts_3_code":"ITC49","nuts_3_name":"Lodi"},"type":"Polygon","arcs":[[519,520,-602,-601,-522,521,522,-589,-588,587,-587,-586,585,-585,-584,583,-583,-545,-544,543,-543,-542,-541]],"id":76},{"properties":{"index":940,"nuts_3_code":"ITF63","nuts_3_name":"Catanzaro"},"type":"Polygon","arcs":[[-558,-557,556,-556,-555,554,-554,523,524,-529,525,-548],[529]],"id":77},{"properties":{"index":941,"nuts_3_code":"ITF64","nuts_3_name":"Vibo Valentia"},"type":"MultiPolygon","arcs":[[[526,527,528]],[[529]]],"id":78},{"properties":{"index":942,"nuts_3_code":"ITC44","nuts_3_name":"Sondrio"},"type":"Polygon","arcs":[[530,531,532,533,534,535,536]],"id":79},{"properties":{"index":943,"nuts_3_code":"ITC4A","nuts_3_name":"Cremona"},"type":"Polygon","arcs":[[537,-574,-573,572,-572,-571,-570,538,539,540,-542,542,-544,543,544,-582,545]],"id":80},{"properties":{"index":944,"nuts_3_code":"ITF61","nuts_3_name":"Cosenza"},"type":"Polygon","arcs":[[546,-559,547,548,549,550,-552,551,552]],"id":81},{"properties":{"index":945,"nuts_3_code":"ITF62","nuts_3_name":"Crotone"},"type":"Polygon","arcs":[[553,-555,554,555,-557,556,557,558,559]],"id":82},{"properties":{"index":947,"nuts_3_code":"ITC4B","nuts_3_name":"Mantova"},"type":"Polygon","arcs":[[560,-562,561,562,563,564,565,-567,566,567,568,569,570,571,-573,572,573,574,-576,575,576,-578,577,578,579]],"id":83},{"properties":{"index":950,"nuts_3_code":"ITC4C","nuts_3_name":"Milano"},"type":"MultiPolygon","arcs":[[[-610,-609,608,-608,-607,606,-606,-605,604,580,581,582,-584,583,584,-586,585,586,-588,587,588,589,-591,590,591,-593,592,593,-595,594,595,-597,597,-708,-707,706,-706,-705,704,-704,598]],[[599,-601,600,601]]],"id":84},{"properties":{"index":951,"nuts_3_code":"ITC4D","nuts_3_name":"Monza e della Brianza"},"type":"Polygon","arcs":[[602,603,604,605,-607,606,607,-609,608,609,610,611,-613,612,613]],"id":85},{"properties":{"index":954,"nuts_3_code":"ITF11","nuts_3_name":"L\u2019Aquila"},"type":"Polygon","arcs":[[-627,-626,625,-625,-630,-633,614,615,616,-618,617,618,-620]],"id":86},{"properties":{"index":955,"nuts_3_code":"ITF12","nuts_3_name":"Teramo"},"type":"Polygon","arcs":[[-628,619,620,621,622]],"id":87},{"properties":{"index":957,"nuts_3_code":"ITF13","nuts_3_name":"Pescara"},"type":"Polygon","arcs":[[623,-631,624,-626,625,626,627]],"id":88},{"properties":{"index":958,"nuts_3_code":"ITF14","nuts_3_name":"Chieti"},"type":"Polygon","arcs":[[628,-636,-634,629,630]],"id":89},{"properties":{"index":962,"nuts_3_code":"ITF21","nuts_3_name":"Isernia"},"type":"Polygon","arcs":[[-635,-653,-652,651,-651,-650,649,-649,631,632,633]],"id":90},{"properties":{"index":963,"nuts_3_code":"ITF22","nuts_3_name":"Campobasso"},"type":"Polygon","arcs":[[-659,-645,-644,643,-643,634,635,636,637,-639,638,639]],"id":91},{"properties":{"index":964,"nuts_3_code":"ITC11","nuts_3_name":"Torino"},"type":"Polygon","arcs":[[-677,-676,675,-675,-672,-671,670,-670,-799,-753,-733,-732,731,-731,640,641],[733],[734]],"id":92},{"properties":{"index":967,"nuts_3_code":"ITF31","nuts_3_name":"Caserta"},"type":"Polygon","arcs":[[642,-644,643,644,-658,-657,656,-656,654,-654,-688,-687,-686,-685,684,-684,-683,682,-682,645,646,647,648,-650,649,650,-652,651,652]],"id":93},{"properties":{"index":968,"nuts_3_code":"ITF32","nuts_3_name":"Benevento"},"type":"MultiPolygon","arcs":[[[-723,-722,721,-689,653,-655,655,-657,656,657,658,659]],[[726]]],"id":94},{"properties":{"index":969,"nuts_3_code":"ITC12","nuts_3_name":"Vercelli"},"type":"MultiPolygon","arcs":[[[-716,-715,714,-714,660,661,662,663,664,665,666,667,668,-802,-801,800,-800,669,-671,670,671,-679,672,673,-699,-698,697,-697]],[[679]]],"id":95},{"properties":{"index":970,"nuts_3_code":"ITC13","nuts_3_name":"Biella"},"type":"Polygon","arcs":[[674,-676,675,676,677,678],[679]],"id":96},{"properties":{"index":972,"nuts_3_code":"ITF33","nuts_3_name":"Napoli"},"type":"MultiPolygon","arcs":[[[-747,680,681,-683,682,683,-685,684,685,686,687,688,-722,-721,-720,-719]],[[689]],[[690]],[[691]],[[692]],[[693]],[[694]]],"id":97},{"properties":{"index":973,"nuts_3_code":"ITC14","nuts_3_name":"Verbano-Cusio-Ossola"},"type":"Polygon","arcs":[[695,-717,696,-698,697,698,699]],"id":98},{"properties":{"index":974,"nuts_3_code":"ITC15","nuts_3_name":"Novara"},"type":"Polygon","arcs":[[700,-702,701,702,703,-705,704,705,-707,706,707,708,-710,709,710,-712,711,712,713,-715,714,715,716]],"id":99},{"properties":{"index":978,"nuts_3_code":"ITF34","nuts_3_name":"Avellino"},"type":"Polygon","arcs":[[717,-736,-748,718,719,720,721,722,723,-725,724,725],[726]],"id":100},{"properties":{"index":979,"nuts_3_code":"ITC16","nuts_3_name":"Cuneo"},"type":"MultiPolygon","arcs":[[[727,728,729,730,-732,731,732,-752,-751,-750]],[[733]],[[734]]],"id":101},{"properties":{"index":982,"nuts_3_code":"ITF35","nuts_3_name":"Salerno"},"type":"Polygon","arcs":[[735,736,-738,737,738,-740,739,740,-742,741,742,-744,743,744,745,746,747]],"id":102},{"properties":{"index":983,"nuts_3_code":"ITC17","nuts_3_name":"Asti"},"type":"Polygon","arcs":[[-798,-797,-796,795,-795,-794,-793,748,749,750,751,752]],"id":103},{"properties":{"index":984,"nuts_3_code":"ITF43","nuts_3_name":"Taranto"},"type":"MultiPolygon","arcs":[[[-765,-764,763,-763,753,754,755,-757,756,757,758],[759]],[[760]]],"id":104},{"properties":{"index":985,"nuts_3_code":"ITF44","nuts_3_name":"Brindisi"},"type":"MultiPolygon","arcs":[[[761,762,-764,763,764,765,-767,766,767,768,-773,769],[770]],[[771]],[[772,773]],[[774]]],"id":105},{"properties":{"index":986,"nuts_3_code":"ITC18","nuts_3_name":"Alessandria"},"type":"Polygon","arcs":[[775,-777,776,777,-779,778,779,-781,780,781,-783,782,783,-785,785,786,787,-789,788,789,-805,790,791,792,793,794,-796,795,796,797,798,799,-801,800,801],[802],[803],[-805,804]],"id":106}],"type":"GeometryCollection"}},"bbox":[6.627491707650364,35.49394673619746,18.519515918532733,47.09169707978525],"transform":{"scale":[0.01190392813902139,0.011609359703291081],"translate":[6.627491707650364,35.49394673619746]},"arcs":[[[352,743],[-1,1],[0,2],[1,0],[0,2],[1,2],[2,0],[0,2],[1,1],[2,-1],[2,-2],[0,1],[2,1],[2,0],[1,2],[-1,0],[1,2],[0,1],[-2,0],[0,1],[2,1],[3,0],[0,-1],[2,2],[0,1],[1,0],[-2,2],[0,2],[1,1],[0,1],[1,1],[0,1],[-1,0],[-1,1],[-2,0],[-1,1],[2,0],[1,1],[1,0],[0,1],[1,0],[1,1],[0,1],[1,0],[0,1],[-1,1],[0,1]],[[372,779],[0,-1]],[[372,778],[4,0],[1,1],[-1,0],[0,1],[1,0],[1,2],[1,1],[1,0],[0,1],[-1,0],[0,1],[-1,0],[-1,1],[1,0],[0,1],[-3,1],[-1,0],[3,6],[1,5],[0,1],[2,0],[2,1],[1,0],[2,1],[7,0]],[[149,423],[0,2],[-1,1],[0,1],[-1,3],[-1,1],[-2,0],[0,1],[-1,2],[-1,1],[0,2],[-1,2],[-3,0],[0,-1],[-2,0],[0,-1],[-4,0],[0,1],[1,0],[0,1],[1,1],[-1,1],[-2,0],[0,-1],[-1,0],[-1,-1],[1,0],[0,-1],[-1,0],[0,0],[-1,0],[0,2],[-1,1],[0,1],[2,0],[0,1],[2,0],[0,2],[1,1],[0,1],[-2,1],[0,1],[-1,0],[-1,1],[0,1],[-1,0],[0,1],[1,0],[0,1],[1,1],[0,3],[1,0],[0,1],[1,0],[1,1],[0,1],[1,1],[1,2],[0,2],[-1,1],[-2,1],[0,1],[-1,1],[1,1],[1,2],[1,-1],[2,-1],[0,-4],[3,-3],[1,0],[2,-1],[1,-1],[2,0],[1,-1],[4,0],[1,1],[1,-1],[1,0],[2,-1],[7,0],[3,1],[2,2],[2,1],[0,1],[2,1],[2,0],[0,1],[2,1],[6,0],[2,1],[1,0],[1,1],[0,1],[2,1],[2,2],[1,2],[0,1],[1,0],[-1,1],[4,0],[0,1],[1,0],[5,5],[1,2],[2,0],[1,1],[1,0],[0,-1],[2,0],[4,2],[-1,1],[3,0],[2,2],[-1,0],[0,1],[-1,0],[1,2],[0,2],[3,0],[2,1],[2,0],[2,-1],[0,-1],[1,-1],[-1,-2],[1,0],[0,1],[1,1],[0,-2],[2,0],[1,-1],[1,1],[0,0],[0,1],[2,0],[0,-2],[3,0],[0,-1],[1,1],[1,-1],[-1,-1],[1,0],[0,-1],[1,0],[0,-4],[1,0],[0,1],[1,1],[1,0],[0,1],[1,0],[0,1],[1,0],[1,-1],[1,1],[0,1],[1,-1],[0,-1],[1,0],[0,-2],[1,1],[1,-1],[0,-1],[-2,-2],[0,1],[-1,-2],[0,-1],[-1,0],[0,-2],[-1,-2],[1,0],[1,1],[-1,0],[1,1],[2,0],[0,-2],[3,0],[0,1],[1,0],[2,-1],[2,0],[1,-1],[-1,-1],[-1,0],[-1,1],[-1,0],[-2,-1],[-1,0],[0,-1],[1,0],[0,-1],[-2,-2],[1,-1],[-5,0]],[[242,468],[-1,-1],[6,0],[1,-1],[2,0],[0,1],[3,0],[-2,-2],[2,-2],[1,1],[1,0],[-1,-1],[0,-1],[3,0],[1,-1],[2,0],[-1,-1],[-2,0],[0,-2],[-1,0],[0,-2],[1,-2],[1,-1],[2,0],[-1,-1],[1,-1],[-1,-1],[0,-1],[1,0],[3,-3],[-1,-1]],[[261,462],[-2,1],[1,1],[1,0],[1,-1],[-1,-1]],[[260,466],[-2,-1],[-1,0],[1,1],[3,2],[1,-1],[-1,0],[-1,-1]],[[261,461],[0,0]],[[257,465],[0,0]],[[250,481],[0,-1],[-1,1],[1,0]],[[248,480],[0,0]],[[242,468],[1,0]],[[239,491],[-1,-1],[-1,1],[0,-1],[-1,0],[0,1],[1,1],[0,2],[1,0],[0,1],[2,0],[0,-2],[-1,-1],[0,-1]],[[240,490],[0,0]],[[239,489],[-1,0],[1,1],[0,-1]],[[235,497],[0,-1],[1,0],[0,-3],[-2,0],[-1,-1],[-1,0],[-1,1],[0,1],[1,0],[0,1],[1,0],[0,1],[1,0],[0,1],[1,0]],[[235,491],[-1,0],[0,0],[-1,0],[1,1],[1,0],[0,-1]],[[233,497],[0,0]],[[229,500],[1,0],[1,1],[0,-1],[0,0],[-1,-1],[0,1],[-2,0],[-1,1],[1,0],[1,-1]],[[229,498],[-1,1],[2,0],[-1,-1]],[[229,494],[-1,0],[-1,1],[0,1],[2,0],[1,-1],[-1,-1]],[[226,491],[0,0]],[[213,495],[-1,-1],[-1,0],[0,1],[2,0]],[[144,480],[-1,-1],[-2,0],[-2,1],[-1,-1],[-1,0],[1,-1],[-2,-1],[-1,0],[2,-2],[0,-2],[-4,0],[0,2],[1,1],[0,2],[2,0],[1,1],[0,1],[1,0],[0,1],[1,0],[0,1],[-1,1],[3,0],[0,1],[2,0],[0,-1],[1,0],[0,-3]],[[134,472],[-1,0],[1,1],[0,-1]],[[262,445],[0,-4],[1,0],[0,-1],[1,-1],[0,-1],[1,0],[1,-1],[0,-2],[2,-1],[1,0],[0,-2],[-2,-3],[-1,-3],[-1,0],[-1,-1],[0,-2],[-1,-1],[0,-1],[-1,0],[-2,-1],[-2,-2],[-2,-1],[0,-1],[-1,0],[-3,-4],[0,-7],[1,-1],[0,-1],[1,-1],[0,-1],[4,-4],[2,-1],[1,0],[0,-1],[-1,-1],[0,-2],[-2,-2],[0,-2],[-1,-1],[0,-3],[1,-1],[1,0],[0,-1],[-2,-2],[0,-4],[1,-1],[-1,0],[0,-1],[-1,-4],[-1,-2],[1,-1],[0,-5],[-1,0],[0,-2],[-1,-1],[0,-4],[1,-3],[-1,-1],[0,-2]],[[167,416],[1,-1],[1,0],[0,-1],[1,1],[2,0],[2,2],[1,0],[0,1],[2,0],[0,1],[1,0],[0,-1],[3,0],[0,1],[1,0],[2,1],[0,3],[1,1],[1,-1],[1,0],[0,-1],[2,0],[1,1],[1,0],[0,-1],[1,-1],[2,-1],[1,0],[0,-1],[2,-1],[1,-1],[0,-1],[4,-2],[1,1],[0,1],[1,1],[1,0],[1,1],[2,0],[1,1],[3,1],[3,0],[0,2],[2,1],[1,1],[0,1],[2,2],[0,1],[1,0],[1,1],[1,0],[0,3],[-3,0],[-2,-1],[-1,1],[-2,0],[0,2],[4,1],[4,-2],[1,1],[2,1],[1,1],[2,1],[1,0],[2,2],[0,1],[-1,1],[1,0],[0,1],[1,0],[1,1],[0,1],[1,1],[1,0],[1,-1],[1,0],[0,1],[1,-1],[3,0],[1,1],[1,0],[2,1],[1,1],[1,2],[1,0],[1,-1],[4,0],[3,-3],[0,2],[1,0],[1,-1],[2,0],[0,-1],[1,0]],[[599,493],[-2,2],[-1,0],[-1,1],[-2,0],[0,-1],[-1,1],[-2,0],[-2,1],[-1,0],[-3,-2],[-1,0],[0,-2],[1,0],[0,-1],[-3,0],[-1,1],[-1,0],[0,1],[-1,0],[-2,1],[-2,0],[-1,1],[-4,2],[-1,0],[-4,1],[-5,1],[-1,0],[-1,-1],[-3,0],[-3,-1],[-2,0],[-2,-1],[-3,-2],[0,-1],[-1,0],[-2,-1],[-2,1],[-1,1],[0,2],[-2,2],[-2,4],[-6,4],[-6,3],[-6,0]],[[571,456],[-1,0],[1,1],[1,0],[-1,-1]],[[541,472],[-1,-1],[-1,1],[2,0]],[[532,465],[0,-1],[-1,0],[0,1],[-1,1],[3,3],[1,0],[-1,-2],[-1,-1],[0,-1]],[[524,468],[-1,0],[0,2],[1,0],[0,-2]],[[609,503],[-5,0],[0,-1],[-1,0],[-1,-1],[-3,-1],[0,1],[-2,2],[-2,0],[0,2],[-1,0],[-1,-1],[-2,0],[0,-1],[-1,0],[0,-1],[-2,0],[-1,1],[-1,0],[-1,2],[-2,1],[-1,0],[1,1],[1,0],[0,1],[-1,1],[-1,0],[0,1],[-1,1],[-3,0],[0,1],[-3,0],[-2,2],[-1,0],[-1,-1],[1,-1],[0,-1],[-1,-3],[-1,0],[0,1],[-9,0],[-1,1],[-2,1],[-1,0],[0,1],[1,1],[0,1],[1,0],[1,1],[0,2],[-1,0],[0,1],[-3,3],[-3,0],[-1,1],[0,3],[-2,0]],[[490,724],[2,0]],[[514,730],[5,0],[0,-1],[7,-3],[2,0],[0,-1],[4,-3],[4,-2],[1,0],[1,-1],[12,-8]],[[550,711],[4,-2],[0,-1],[2,-1],[5,-3],[4,-1],[1,-1],[2,0],[2,-2],[1,0],[2,-1],[4,0],[0,1],[1,0],[0,1],[2,-1],[3,-3],[0,-1],[1,-1],[2,0],[2,-1],[0,-4],[1,-3]],[[516,686],[0,1],[2,1],[0,1],[1,0],[0,1],[1,1],[2,0],[0,1],[2,1],[1,0],[3,2],[1,1],[0,1],[1,0],[0,1],[2,0],[2,2],[0,3],[1,0],[2,1],[1,1],[1,0],[2,1],[1,1],[0,1],[-1,1],[2,0]],[[544,709],[1,0],[2,1],[1,0],[1,1],[1,0]],[[544,709],[-1,0]],[[543,709],[0,-1],[1,1]],[[543,708],[0,0]],[[236,313],[-1,0],[-1,1],[-2,0],[0,2],[-2,1],[-1,0],[-1,2],[-2,0],[0,1],[-4,0],[-1,1],[-2,0],[-1,1],[-1,-1],[-2,0],[-2,-2],[0,-1],[-2,0],[-2,2],[-1,0],[-1,1],[0,-1],[-1,0],[-1,1],[-1,0],[2,-2],[-1,0],[-2,-2],[-2,-1],[0,-1],[-1,-3],[1,-1],[0,-1],[1,-1],[1,-2],[0,-1],[-2,-2],[0,-3],[-2,0],[0,-1],[-7,-5]],[[167,416],[0,-3],[1,0],[0,-1],[-1,0],[1,-1],[2,-1],[1,0],[0,-2],[1,-2],[2,0],[1,1],[0,-1],[2,0],[1,-1],[0,-1],[1,0],[0,1],[2,0],[0,-1],[6,2],[9,0],[1,1],[2,0],[0,-1],[1,-1],[1,0],[-1,-1],[-1,0],[0,-1],[1,0],[1,-1],[0,-1],[-1,-1],[0,-1],[1,0],[0,-1],[1,-1],[0,-3],[1,0],[0,-1],[-1,-2],[-2,1],[0,1],[-2,0],[-3,-3],[0,-2],[1,-1],[4,0],[1,-1],[-2,-1],[0,-1],[-1,-1],[1,0],[0,-1],[-1,-1],[4,0],[2,-2],[1,0],[2,-1],[1,-1],[0,1],[2,1],[1,-2],[1,-1],[1,0],[1,-1],[-1,-1]],[[157,363],[1,1],[0,1],[1,1],[-1,1],[2,1],[1,2],[1,3],[0,3],[1,0],[-2,1],[0,1],[-1,1],[0,1],[-5,0],[-3,-3],[0,1],[-1,1],[-1,0],[0,1],[-1,0],[0,5],[-1,1],[2,2],[0,2],[-1,1],[-2,0],[2,2],[1,-1],[1,0],[1,1],[0,-1],[1,0],[2,1],[1,2],[1,1],[-1,1],[0,1],[-1,1],[-1,2],[0,4],[1,0],[-1,1],[0,2],[1,1],[0,1],[1,1],[0,2],[-1,1],[-1,0],[0,2],[-2,0],[-1,1],[-3,0],[0,1],[-1,1],[1,1],[1,2],[0,1]],[[149,423],[1,-1],[3,0],[1,1],[2,0],[0,1],[1,1],[2,-1],[0,-1],[2,0],[1,-1],[-1,-1],[1,0],[1,-1],[0,-1],[2,0],[0,-2],[1,0],[0,-1],[1,0]],[[152,377],[0,0]],[[589,687],[2,-3],[1,-3],[2,-3],[0,-1],[2,-3],[1,0],[0,-1],[1,-1]],[[524,665],[1,1],[2,0],[-1,1],[-1,2],[2,2],[1,-1],[1,0],[4,1],[1,0],[0,2],[3,0],[0,2],[2,0],[-1,1],[1,0],[0,1],[1,1],[1,0],[0,2],[1,0],[1,1],[-1,0],[0,1],[-1,0],[2,1],[0,1],[3,-1],[1,0],[1,-1],[1,0],[0,1],[2,0],[2,-1],[2,2],[-1,1],[2,1],[3,0]],[[559,686],[-1,0]],[[558,686],[1,-1],[0,-2],[2,-1],[1,-1],[1,0],[1,-1],[1,1],[4,2],[1,1],[2,0],[1,1],[1,-1],[4,0],[0,1],[1,0],[1,-1],[2,1],[3,0],[0,-1],[-1,0],[1,-1],[2,-1],[1,1],[2,1],[0,1],[-2,0],[-2,1],[2,1],[1,0]],[[607,652],[0,-1],[2,-8],[1,-1],[2,-5]],[[555,635],[0,1],[1,1]],[[598,672],[3,-5],[2,-6],[3,-6],[0,-2],[1,-1]],[[607,652],[-5,0],[0,1],[-3,0],[-1,-1],[-2,0],[-2,-1],[-1,-1],[-2,0],[0,-1],[-1,0],[-1,1],[-1,-1],[-1,0],[0,-1],[-1,0],[-1,-1],[0,1],[-1,0],[0,-2],[-6,0],[0,-1],[-1,0],[0,1],[-1,-1],[-1,0],[0,-1],[-4,0],[-1,1],[0,-1],[-2,0],[1,-1],[-1,0],[0,-2],[1,0],[1,-1],[-1,-1],[-2,-1],[1,-1],[-1,0],[-2,2],[-2,0],[0,1],[-3,0],[-1,-1],[-2,0],[0,-1],[-1,0],[0,-1]],[[556,637],[-1,1],[0,2],[-1,0],[0,1],[-1,1],[1,1],[2,1],[2,0],[2,2],[1,0],[0,1],[1,0],[0,1],[1,1],[1,0],[2,1],[1,0],[1,-1],[-1,0],[1,-1],[0,-1],[2,0],[0,1],[4,0],[1,2],[-1,1],[0,1],[1,1]],[[576,653],[-1,0]],[[575,653],[-2,0],[-2,2],[1,1],[0,3],[1,0],[0,1],[1,1],[4,0],[0,1],[1,0],[0,2],[1,1],[5,0],[1,1],[0,4],[7,0],[2,1],[1,0],[1,1],[1,0]],[[254,349],[-1,0],[-1,-4],[1,0],[0,-5],[-2,-2],[-1,-4],[0,-4],[2,-2],[-1,0],[-3,-3],[-1,-2],[0,-5],[1,0],[0,-1],[-1,0],[0,-2],[-2,-2],[-2,-1],[0,-2],[-1,1],[0,2],[-1,0],[-1,1],[-1,-1],[-3,0]],[[236,313],[3,3],[0,2],[1,1],[0,1],[-2,3],[0,1],[-1,1],[0,1],[-1,1],[0,1],[-2,0],[-1,1],[-3,0],[-3,3],[3,3],[0,3],[-1,0],[-5,-1],[-1,1],[-1,-1],[0,-2],[-1,-1],[0,-1],[-1,0],[0,-1],[-2,0],[0,-1],[-2,0],[-1,-1],[-1,1],[-2,-1],[0,1],[-3,0],[-2,1],[-2,0],[-1,-1],[-3,0],[-1,-1],[-1,1],[-2,1],[-1,-1],[-1,0],[-1,-1],[1,-1],[-1,-1],[-2,-1],[-2,0],[-2,-1],[-1,-2],[0,-2],[1,0],[-1,-2],[0,-3],[-1,-1],[0,-1],[-1,0],[-1,-2],[2,-2],[1,0],[0,-2],[-1,-2],[-1,-1],[1,-1],[4,-5],[2,-2],[0,-1],[-1,-2],[1,0]],[[192,295],[-1,-1],[-2,-1],[-2,-2],[-1,0],[0,1],[-1,0],[-1,1],[-1,0],[-1,-1],[-1,1],[0,1],[-1,1],[-2,0],[-2,1],[-1,-1],[-1,0],[-2,-1],[-1,0],[0,-1],[-1,0],[0,-1],[1,0],[0,-1],[-2,-1],[0,1],[1,0],[-1,1],[1,1],[-4,0],[0,1],[1,0],[0,2],[1,0],[-1,2],[-1,1],[-1,-1],[0,1],[-1,1],[0,1],[-1,0],[0,2],[1,0],[0,1],[-1,1],[0,1],[-2,0],[-1,1],[-4,0],[-1,1],[1,1],[0,1],[-1,1],[0,1],[-3,0],[0,4],[-2,1],[0,-2],[-1,2],[0,2],[-1,0],[-1,1],[-1,0],[0,2],[2,1],[2,2],[1,0],[1,2],[0,2],[-2,2],[-1,0],[-1,2],[-1,1],[0,1],[1,1],[1,0],[0,1],[1,1],[0,2],[-2,0],[0,1],[-1,0],[1,1],[0,1],[2,2],[3,4],[1,2],[0,2],[1,1],[-2,2],[0,3],[1,1],[-1,0],[0,2],[1,1],[-1,0],[0,5],[1,0],[1,-1],[0,-1],[2,-2],[0,-1]],[[157,363],[2,-1],[3,0],[1,-1],[1,0],[1,1],[1,-1],[1,0],[1,-2],[0,-1],[1,0],[2,-1],[1,-1],[2,2],[0,-1],[3,0],[0,-1],[1,0],[0,1],[2,0],[1,1],[3,1],[3,0],[1,1],[0,1],[1,0],[0,2],[2,0],[1,1],[-1,1],[2,2],[-1,1],[-1,0],[-1,1],[0,1],[1,1],[3,-1],[1,-1],[2,2],[1,2],[4,0],[0,-1],[1,-1],[1,0],[0,1],[1,0],[1,1],[1,0],[1,1],[0,1],[1,0],[1,-1],[1,1],[1,0],[0,-1],[1,0]],[[213,374],[1,-1],[2,0],[0,2],[-1,0],[0,2],[1,0],[-1,1],[0,1],[1,0],[0,1],[1,0],[0,1],[1,0],[0,-1],[1,1],[7,0],[0,-1],[1,0],[1,1],[1,-1],[1,0],[0,1],[1,-1],[0,1],[3,-2],[0,-2],[-1,-1],[0,-1],[-1,0],[-2,-1],[1,0],[0,-1],[-1,-1],[0,-1],[3,-3],[0,-1]],[[234,367],[-1,0]],[[233,367],[0,-2],[-1,0],[0,-2],[1,0],[0,-6],[1,0],[0,-2],[2,1],[0,1],[3,0],[1,-1],[0,-1],[1,0],[1,1],[0,-2],[2,0],[-1,-1],[1,0],[1,-1],[1,0],[2,-1],[1,0],[5,-2]],[[244,309],[0,0]],[[147,311],[4,0],[1,-1],[1,0],[1,-1],[0,-2],[1,0],[-1,-1],[0,-1],[-1,-1],[0,-3],[-1,-1],[1,-1],[-3,0],[0,-1],[-1,1],[0,1],[-1,1],[-1,2],[0,1],[-1,0],[0,2],[-1,2],[0,3],[1,0],[0,1],[1,0],[0,-1]],[[141,318],[0,-4],[0,0],[0,-3],[-1,-1],[-2,0],[0,1],[-2,0],[0,1],[1,0],[-2,2],[-1,0],[0,2],[2,0],[0,1],[2,0],[0,1],[1,-1],[0,1],[1,-1],[1,1]],[[443,632],[1,-1],[0,-1],[1,-1],[0,-1],[1,-1],[1,0],[1,-1],[2,0],[0,-1],[-1,0],[0,-1],[-1,-1],[-1,0],[0,-1],[-1,0],[-1,-1],[1,0],[1,-1],[-1,-1],[3,0],[3,-1],[0,-1],[1,0],[1,-1],[2,0],[2,1],[2,0],[0,1],[1,-1],[0,-1],[1,0],[0,1],[2,0],[0,1],[1,1],[2,-1],[1,0],[0,-1],[2,-1],[0,-1],[2,0],[-1,-1],[0,-1],[1,0],[0,-2],[-1,0],[1,-1],[2,-1],[1,-2],[-1,0],[0,-1],[1,0],[0,-2],[2,0],[0,-1],[-1,0],[0,-1],[1,0],[1,1],[1,0],[2,-2],[3,2],[2,0],[1,-1],[-1,0],[0,-1],[1,-1],[-1,0],[0,-2]],[[487,598],[-1,0]],[[486,598],[0,-1],[5,0],[-1,-1],[0,-1]],[[429,574],[0,2],[-1,0],[-2,4],[0,1],[-1,0],[-5,5],[-2,1],[-5,3],[-8,3]],[[490,594],[1,1],[1,0]],[[321,951],[1,1],[1,0],[0,2],[1,0],[0,3],[1,1],[-4,2],[-4,0],[-1,1],[0,2],[-1,1],[1,0],[1,1],[0,1],[1,0],[0,1],[-1,1],[3,2],[1,1],[-1,1],[-1,0],[0,2],[2,0],[1,1],[0,3],[1,0],[0,1],[1,0],[1,-1],[5,0],[0,-1],[1,1],[2,0],[0,1],[3,0],[1,1],[4,0],[1,-1],[0,-1],[1,0],[1,-1],[3,0],[0,-1],[-1,-1],[0,-1],[-2,0],[1,-1],[4,0],[2,-1],[3,0],[2,-1],[3,0],[2,1],[2,0],[2,-1],[4,0],[1,2],[2,2],[2,1],[0,1],[-1,0],[1,1],[-1,0],[0,1],[3,3],[-1,1],[1,1],[1,0],[0,1],[3,0],[1,1],[0,2],[2,0],[1,1],[0,-1],[4,0],[0,1],[3,0],[1,1],[5,0],[4,-2],[1,0],[2,1],[1,0],[0,1],[1,1],[1,0],[1,1],[1,0],[1,-1],[2,-1],[1,0],[3,1],[1,1],[3,0],[1,-1],[2,-1],[2,1],[2,-1],[1,-1],[2,-1],[2,1],[0,1],[3,0],[2,1],[2,0],[1,1],[1,0],[1,1],[2,1],[3,0],[1,1],[6,0],[1,1],[3,0],[0,1],[2,1],[1,-1],[2,1],[1,0],[3,1],[3,-1],[2,-1],[-2,-1],[-1,-1],[0,-2],[-5,0],[-2,-1],[0,-2],[1,-1],[0,-1],[-1,0],[1,-1],[2,0],[0,-2],[-1,-1],[-1,0],[2,-1],[2,0],[1,-1],[0,-1],[2,-1],[0,1],[1,0],[0,1],[1,0],[2,-1],[1,0],[0,-1],[1,-1],[0,-1],[1,0],[0,-1],[-2,-2],[1,-1],[-1,-1],[0,-1],[2,0],[0,1],[2,-1],[2,0],[1,-2],[0,-1],[1,-2],[1,0],[2,-2],[1,0],[1,-1],[3,0]],[[495,586],[-3,0],[-1,2]],[[492,588],[-1,0]],[[491,588],[0,1],[-1,0],[0,1],[1,0],[0,1],[-1,0],[0,2],[-1,0],[-1,1]],[[489,594],[-1,0]],[[488,594],[1,1]],[[489,595],[1,0]],[[490,595],[0,-1]],[[490,594],[2,0],[0,1]],[[492,595],[3,0],[0,-1],[-1,-1],[1,-1],[1,0],[1,1],[2,0],[3,2],[0,1],[1,0],[0,4],[1,1],[1,0],[0,-1],[2,-2],[1,0],[1,1],[1,0],[0,1],[2,0],[1,1],[1,0],[-2,1],[-1,2],[3,0],[1,1],[1,0],[0,1],[1,0],[2,1],[0,-1],[1,0],[1,1],[2,1],[1,0],[1,1],[1,0],[0,3],[-1,0],[0,1],[2,1]],[[552,624],[1,-1],[4,0],[1,1],[1,0],[1,-1],[2,0],[3,-3]],[[336,944],[1,-1],[2,1],[3,0],[1,1],[1,0],[2,2],[2,0],[0,-1],[1,0],[1,-2],[1,-1],[6,0],[0,1],[1,-1],[2,0],[2,1],[0,1],[4,2],[2,-1],[0,-1],[2,0],[1,-2],[0,1],[1,0],[1,-1],[1,0],[-2,4],[0,1],[-1,1]],[[371,949],[-1,0]],[[370,949],[2,0],[2,2],[1,-2],[0,-1],[2,0],[0,-1],[4,0],[0,1],[1,0],[1,1],[2,-1],[0,-2],[1,0],[0,-2],[-1,0],[1,-1],[-1,-1],[0,-4],[-1,0],[0,-1],[1,0],[-1,-1],[-1,0],[1,-1],[0,-2],[-1,0],[-1,-2],[-1,0],[0,-1],[-2,0],[0,-1],[1,0],[2,-2],[1,0]],[[383,927],[1,0],[0,-1],[-1,0],[0,1]],[[383,927],[-1,-1],[0,-1],[1,-1],[2,0],[3,1],[1,1],[1,0],[2,1],[1,0],[1,1],[0,1],[-1,0],[1,1],[2,1],[0,-2],[1,0],[0,-1],[4,0],[-2,2],[-2,0],[1,1],[2,0],[1,1],[0,1],[2,0],[2,1],[1,0],[0,1],[1,0],[1,1]],[[408,936],[-1,0]],[[407,936],[4,0],[1,-1],[2,0],[0,1],[1,2],[3,0],[0,2],[1,2],[0,1],[1,1],[0,2],[1,0],[1,1],[-1,0],[0,1]],[[420,948],[1,0]],[[421,948],[5,0],[1,1],[2,0],[1,-1],[3,1],[1,0],[0,1],[2,1],[1,-1],[0,-1]],[[560,556],[0,-1],[-1,0],[0,-1],[-1,0],[0,-1],[-2,0],[0,-2],[-3,-1],[-2,-2],[0,-1],[-1,0],[-1,1],[-1,-1],[-2,0],[-2,1],[-3,0],[0,-2],[-3,0],[0,-1],[-2,0],[0,-2],[-1,-3],[0,1],[0,0]],[[535,541],[1,0],[1,-2],[1,-1],[2,0],[0,-1],[1,0],[1,-1],[1,0],[0,-3],[1,0],[1,-1],[1,0],[0,-1],[2,0],[0,-1],[1,-1],[0,-1]],[[548,528],[1,0]],[[549,528],[0,-1],[-1,-1],[1,-1],[1,0]],[[550,525],[-1,-1],[-3,-2],[-2,0]],[[544,521],[0,1]],[[544,522],[-1,0],[-1,1],[-1,0],[-1,1],[-4,0],[0,1],[1,0],[0,2],[-1,0],[0,1],[-1,0],[-1,1],[0,1],[-2,1],[-1,1],[0,2],[-1,2],[-2,-1],[-4,0],[0,1],[-1,0],[-1,-1],[1,0],[0,-3],[-1,0],[0,-1],[-1,0],[-1,-1],[1,-1],[-2,0],[0,-1],[-1,0],[-1,-1],[0,-1],[-2,-2],[-2,0],[0,2],[-1,0],[0,-1],[-1,0],[-1,1],[0,1],[-1,0],[-2,-1],[-1,1],[0,3],[1,0],[-1,1]],[[505,531],[1,0]],[[506,531],[0,1],[-1,0],[-7,-4],[0,-1],[-1,-1],[-1,0],[2,-2],[1,0],[1,-2],[1,-1],[2,0],[3,-1],[2,-1],[0,-1],[4,0],[0,-2],[2,0],[0,-2],[-1,0],[0,-1],[2,0],[1,-1],[0,-2]],[[516,510],[-1,0],[-8,4],[-2,-1],[-2,0],[0,1],[-2,2],[-1,2],[-11,11],[-3,2],[-4,3],[-3,1],[-6,3],[-3,0],[0,1],[0,0],[0,3],[-3,6],[-2,3],[0,1],[-1,0],[-2,2],[-1,0],[-2,1],[-1,1],[-1,0],[-1,1],[-1,0],[-1,2],[-2,0],[0,1],[-3,0],[-1,2],[-4,2],[-3,0],[0,-1],[-3,0],[-3,3],[0,2],[-1,0],[-2,2],[0,1],[-1,0],[-1,1],[0,1],[-1,1]],[[429,574],[3,1],[3,-1],[1,-1],[1,1],[0,1],[1,1],[1,0],[1,1],[0,1],[1,1]],[[441,579],[-1,0],[1,1]],[[441,579],[0,1]],[[441,580],[1,0],[1,1],[1,0],[0,-1],[2,0],[0,-1],[3,0],[2,-3],[0,-2],[5,0],[0,1],[2,-1],[4,0],[1,-1],[3,3],[8,0],[0,-1],[2,0],[1,-1],[0,-1],[2,0],[0,1],[1,0],[1,1],[1,0],[1,1],[0,3],[1,0],[1,1],[1,0]],[[486,580],[0,1]],[[486,581],[-1,1],[1,1],[0,-2]],[[486,581],[0,-3]],[[487,578],[-1,0]],[[486,578],[0,-2],[2,0],[0,2],[2,0],[0,1],[2,2],[-1,1],[1,2],[2,0],[1,1],[0,1]],[[495,586],[3,0],[0,-2],[2,0]],[[500,585],[0,-1]],[[500,584],[0,-1],[1,1],[1,0],[0,-1],[1,-1],[1,0],[0,-1],[1,0],[0,-3],[-2,0],[0,-2],[1,-1],[2,0],[0,-2],[1,1],[5,0],[0,1],[2,0],[2,2],[2,-1],[0,-1],[-1,0],[1,-1],[1,0],[2,-1],[1,0],[1,-1],[0,-1],[1,0],[0,-2],[3,0],[0,1],[2,0],[2,-2],[1,1],[0,1],[2,2],[1,0],[0,-1],[2,0],[0,-1],[1,0]],[[489,552],[0,0]],[[354,891],[3,-2],[1,0],[-1,-1],[0,-1],[1,-1],[-1,-1],[-1,0],[0,-2],[-2,-2],[2,0],[1,-1],[2,0],[2,-1],[-1,0],[0,-1],[1,-1],[2,0],[0,1],[1,0],[1,1],[0,-2],[1,1],[0,1],[1,0],[0,1],[1,0],[0,1],[1,0],[0,-1],[2,0],[1,1],[1,-1],[2,-1],[2,0],[1,-1],[1,1]],[[408,842],[0,1],[-1,1],[-1,0],[-2,1],[0,1],[1,0],[0,1],[-2,1],[-1,0],[-1,1],[-4,0],[0,2],[-1,0],[-1,1],[1,1],[0,2],[-1,1],[-1,0],[0,1],[1,0],[0,1],[-1,0],[1,1],[0,3],[-3,0],[-1,1],[0,1],[-2,1],[-1,2],[0,2],[-1,1],[0,1],[-1,0],[-1,1],[0,1],[-1,-1],[-2,0],[-2,3],[0,3],[-1,0],[0,1]],[[379,879],[0,1],[1,1],[2,1],[0,5],[1,-1],[1,0],[0,2],[-1,0],[0,1],[1,0],[0,1],[2,1],[0,1],[1,0],[0,1],[1,1],[-1,0],[0,1],[2,0],[-1,1],[1,1],[0,1],[4,0],[0,1],[1,0],[0,-1],[1,0],[1,-1],[1,0],[0,1]],[[396,898],[1,0]],[[397,898],[0,1],[1,0],[0,1]],[[397,900],[1,0]],[[398,900],[1,0],[1,1],[-1,0],[0,3],[1,-1],[5,0],[0,1],[2,1],[1,0],[1,1],[7,0],[0,-2],[1,-2],[1,1],[1,-1],[6,0],[0,1]],[[836,256],[0,-1],[-1,-2],[0,-1],[-2,-1],[0,-1],[-2,-2],[-3,-2],[-2,-1],[-1,0],[-1,-1],[-7,-2],[-1,0],[-1,-1],[-1,0],[-3,-3],[0,-1],[-5,-5],[-2,-3],[-1,0],[-2,-2],[0,-1],[-1,-4],[0,-2],[-1,0],[0,-2],[-3,-6],[-2,-1],[-1,-2],[-11,0],[-1,1],[-4,0],[-1,-1],[-9,0],[-1,1],[-3,0],[-1,2],[-2,0],[-2,3],[-1,1],[0,1],[2,2],[-1,1],[0,2],[-1,0],[-1,2],[0,1],[1,0],[1,1],[0,4],[-1,1],[0,5],[2,0],[0,1],[2,0],[1,1],[4,0],[4,2],[3,3],[0,2],[1,2],[1,1],[0,1],[1,0],[0,1],[2,4],[1,0],[1,1],[0,2],[-1,-2],[0,-1],[1,3],[0,2],[1,1]],[[527,179],[-4,1],[-7,0],[-6,-2],[-2,0],[-1,1],[-1,0],[-2,3],[-1,1],[0,1],[-2,2],[-1,0],[-2,1],[-1,0],[-1,-1],[-1,1],[-2,1],[0,1],[-1,0],[-1,1],[0,4],[-2,3],[-2,2],[1,1],[2,0],[1,1],[-1,1],[0,1],[1,0],[1,2],[0,1],[-1,0],[0,1],[-1,1],[1,2],[1,0],[1,2],[0,2],[1,1],[0,2],[-1,0],[2,1],[1,1],[2,1],[0,1],[2,1],[2,0],[0,-1],[1,1],[3,1],[1,1],[0,1],[1,1],[1,-1],[2,0],[1,2],[1,1],[0,1],[-2,2],[1,1],[1,0],[0,-1],[3,0],[0,-2],[1,0],[1,-1],[0,-3],[1,-2],[3,-2],[1,0],[0,-1],[1,0],[1,-1],[0,-1],[6,0],[2,1]],[[491,204],[-1,0],[0,1],[1,0],[0,-1]],[[489,203],[-1,3],[-1,1],[2,0],[0,-4]],[[477,212],[2,-2],[1,0],[1,-1],[1,0],[0,-1],[-1,0],[-2,1],[-4,0],[-1,1],[1,1],[1,0],[1,1]],[[481,215],[-2,0],[-1,1],[0,1],[1,0],[0,1],[1,-1],[0,-1],[1,-1]],[[478,209],[0,0]],[[459,211],[-1,0],[0,1],[-3,0],[0,1],[-1,2],[3,0],[0,-1],[1,-1],[1,-2]],[[451,114],[1,1],[2,-1],[2,-2],[0,-3],[-1,-1],[-2,-1],[-2,0],[-6,6],[0,1],[2,2],[2,0],[2,-2]],[[491,964],[1,-1],[1,0],[0,1],[2,-1],[1,0],[1,-1],[1,0],[1,-1],[2,0],[1,1],[2,0],[1,-1],[1,0],[1,1],[2,0],[1,-1],[1,0],[1,-1],[1,0]],[[434,895],[-2,0],[1,2],[1,1],[-2,0],[0,1],[-4,0],[1,1],[-1,1],[-1,0],[0,2],[-2,0]],[[425,903],[0,1]],[[425,904],[-1,1],[0,1],[-1,0],[1,1],[1,0],[-1,1],[-1,0],[1,1],[2,0],[0,1],[-1,1],[0,2],[1,0],[1,1],[4,0],[0,-1],[1,1],[5,0],[1,1],[4,0],[1,1],[0,1],[2,1],[0,2],[2,0],[0,1],[1,0],[0,1],[-2,0],[-1,2],[-1,0],[0,1],[1,1],[-2,1],[-1,0],[0,2],[-1,0],[-1,-1],[-2,0],[-1,1],[0,2],[1,0],[0,1],[-1,0],[0,1],[-1,0],[-1,1],[0,1],[-2,0],[-1,1],[2,1],[1,-1],[1,1],[1,0],[0,1],[1,1],[0,2],[1,1],[1,0],[2,1],[0,2],[-1,1],[-5,0],[-1,1],[2,2]],[[437,949],[2,1],[3,0],[1,1],[2,0],[1,-1],[0,1],[1,0],[0,1],[3,0],[1,-1],[1,1],[2,1],[0,2],[1,0],[0,2],[2,2],[0,4],[3,-1],[2,-1],[1,-1],[2,0],[2,-2],[1,0],[0,-1]],[[467,956],[1,1]],[[468,957],[1,0],[2,1],[1,0],[0,1],[2,0],[1,-1],[2,0],[1,1],[2,0],[2,-1],[2,1],[-1,1],[2,0],[3,3],[3,1]],[[485,801],[-1,-1],[-1,0],[-4,1],[1,1],[1,0],[-3,3],[-3,0],[-1,-1],[0,-1],[1,0],[0,-1],[-2,-2],[0,-1],[-1,-1],[-1,-5],[1,-1],[0,-1],[2,-4]],[[434,780],[0,1],[-1,1],[0,-1],[-1,0],[-2,2],[3,0],[1,1],[-1,1],[1,0],[0,1],[1,0],[-2,2],[-1,0],[-1,1],[-2,0],[-1,-1],[-2,0],[0,-1],[-2,0],[-7,7],[-1,0],[-2,1],[-1,0],[-2,1],[-5,2],[-2,0],[-3,1],[-1,1],[-2,0],[-2,-2],[-2,-1],[-1,-1],[0,-1],[-1,0],[0,-1],[-1,0],[-1,-1],[-1,1],[0,1],[1,2],[-1,1],[-1,0],[4,4]],[[392,802],[1,1],[0,1],[3,0],[1,1],[1,0],[-1,1],[0,1],[-1,1],[-2,0],[-1,1],[-1,0],[-2,1],[-2,0],[-1,1],[1,1],[1,0],[0,1],[-1,2]],[[478,802],[-1,-1],[0,1],[1,0]],[[411,746],[1,2],[0,1],[2,0],[0,3],[2,0],[0,1],[2,0],[2,1],[1,1],[-1,0],[1,1],[2,0],[0,1],[1,1],[-1,1],[1,1],[2,-1],[-1,-1],[2,0],[2,1],[3,3],[1,0],[0,1],[1,1],[1,0],[0,2],[1,0],[1,2],[1,0],[0,1],[-1,0],[-4,1],[1,1],[0,2],[-1,0],[1,1],[-2,1],[-1,1],[0,1],[1,-1],[1,0],[0,2],[1,2]],[[434,780],[3,1],[3,0],[0,1],[1,0],[0,1],[1,0],[10,1],[0,-1],[1,0],[0,-1],[1,0],[0,-1],[3,-1],[0,1],[2,0],[0,-1],[5,0],[3,3],[3,2],[1,1],[2,0],[1,1]],[[474,787],[1,-1],[0,-9],[1,-4],[0,-1],[2,-4],[1,-4],[0,-2],[2,-3],[0,-2],[1,-2],[2,-3]],[[597,189],[-2,0],[-1,1],[-2,-1],[0,-1],[-4,-2],[-3,0],[-1,-1],[-6,0],[0,1],[-3,0],[-1,-1],[0,1],[-1,1],[-2,-2],[0,1],[-1,0],[-1,1],[-1,-1],[0,-2],[1,-1],[-1,0],[0,-1],[-1,-1],[1,-2],[1,0],[0,-1],[-3,-1],[-1,-1],[-1,1],[0,2],[-1,1],[-1,0],[1,1],[0,2],[-1,1],[2,1],[1,0],[-2,2],[0,-1],[-1,0],[0,-1],[-4,0],[-1,-1],[0,-2],[-1,0],[0,1],[-1,1],[-2,1],[0,3],[-1,0],[0,1],[-5,0],[-1,1],[-1,0],[-1,-1],[-2,0],[-1,1],[-1,0],[-2,2],[0,2],[-2,0]],[[537,194],[1,1],[3,0],[1,1],[2,0],[-1,1],[-1,0],[0,2],[1,0],[0,1],[-7,0],[-3,1],[-1,0],[0,1],[-1,0],[0,2],[1,0],[-1,1],[0,1],[-1,0],[0,2],[1,-1],[4,0],[0,1],[1,0],[1,-1],[2,2],[0,3],[1,0],[-2,1]],[[537,213],[1,0]],[[538,213],[0,1],[-1,0],[-1,1],[0,1],[-1,1],[-1,0],[0,2],[-1,0]],[[533,219],[5,2],[1,1],[1,0],[2,1],[0,1],[-1,1],[0,2],[-1,1],[1,0],[0,1],[1,0],[0,2],[2,1],[5,0],[0,-1],[1,-1],[1,0],[3,1],[2,2],[2,0],[2,1],[0,1],[2,0],[1,-1],[0,-1],[1,-1],[2,0],[0,-2],[1,-1],[-1,-1],[0,-1],[3,-3],[7,0],[2,1],[0,1],[2,-1],[0,0],[1,-1],[0,-2],[-1,0],[3,-3],[3,-1],[1,-1],[2,0],[0,-1],[2,0],[1,-1],[2,0],[1,-1],[2,0],[1,-1],[2,1],[5,0],[2,1],[5,2],[2,1],[1,1],[0,-1],[1,0],[1,1],[1,-1],[1,1],[4,0],[0,-1],[4,0],[0,-1],[3,0],[1,1],[1,0],[2,-1],[0,1],[1,0]],[[551,276],[-1,-1],[-1,0],[-1,1],[0,1],[1,0],[1,1],[1,0],[1,-1],[-1,-1]],[[436,878],[0,5],[1,0],[0,2],[-1,1],[0,1],[-1,1],[-1,0],[-1,-1],[-3,3],[1,0],[0,2],[-1,0],[2,2],[2,0],[0,1]],[[434,895],[1,1],[1,0],[1,1],[2,-2],[5,0],[3,1],[0,5],[1,0],[4,1],[1,0],[1,1],[1,-1],[1,0],[2,1],[1,0],[1,1],[0,1],[5,0],[0,1],[2,0],[0,-1],[3,1],[2,1],[1,0],[0,1],[4,4],[4,0],[0,-1],[1,0],[0,1],[1,-1],[1,0],[0,-1],[1,0],[0,-1]],[[484,752],[5,-5]],[[427,743],[1,2],[0,2],[1,0],[0,1],[1,0],[2,2],[0,-1],[1,-1],[2,2],[2,0],[2,-2],[3,-1],[1,1],[0,2],[1,1],[1,0],[0,2],[3,0],[0,1],[1,0],[0,1],[2,2],[0,1],[3,3],[1,0],[0,-1],[1,-1],[2,-1],[2,0],[0,-2],[4,-1],[0,-1],[2,0],[1,1],[2,0],[0,-2],[-1,0],[2,-2],[1,0],[0,1],[1,0],[0,1],[3,0],[1,-1],[2,-1],[3,-2],[3,3]],[[514,730],[1,-1],[-1,0],[0,-2],[-1,0],[-1,-1],[1,0],[0,-1]],[[512,725],[1,0]],[[513,725],[0,-2],[-1,-1],[1,0],[0,-1],[-1,0],[-2,-1],[-1,0],[-1,-1],[1,-1],[-4,0],[-1,-1],[-1,1],[0,1],[-1,0],[0,2],[-1,0],[0,2],[-2,0],[0,-1],[-1,-1],[-1,0],[-1,1],[-3,0],[-1,1],[0,1]],[[492,724],[1,1],[0,1],[1,0],[0,1],[1,1],[-1,0],[0,3],[1,0],[-1,1],[-1,-1],[-2,0],[-2,-1],[-1,-1],[-3,0],[0,-1],[1,0],[0,-4],[2,0],[0,1],[1,-1],[1,0]],[[490,724],[0,-2],[-5,0],[0,-1],[-1,-1],[0,-2],[1,0],[-1,-1],[-2,0],[0,-1],[-1,-1],[-1,1],[-3,0],[0,-1],[-2,0],[1,-1],[-1,-2]],[[460,711],[-1,1],[1,1],[0,2],[1,0],[0,1],[1,2],[2,0],[0,1],[-1,0],[0,2],[1,0],[1,1],[0,4],[2,0],[1,-1],[2,0],[1,1],[1,-1],[1,0],[0,1],[1,1],[1,0]],[[475,726],[0,1]],[[475,727],[2,0],[1,1],[0,1],[1,1],[1,0],[2,2],[1,0],[0,1],[1,1],[0,1],[1,0],[-2,1],[-1,1],[-1,0],[1,1],[3,0],[0,1],[1,0],[0,1],[4,0],[-1,2],[0,1],[-1,1],[0,2],[1,1]],[[489,747],[0,-1],[5,-3],[4,-4],[2,0],[4,-4],[5,-3],[1,-1],[2,-1],[2,0]],[[681,200],[-3,0],[0,-1],[-1,0],[0,-1],[-1,0],[-1,1],[-4,0],[-1,1],[-2,1],[-1,0],[0,1],[-1,0],[0,1],[1,0],[0,2],[-2,0],[0,-1],[-2,0],[-1,-1],[0,-1],[-2,-2],[-2,0],[0,2],[-1,1],[-2,0],[0,1],[-2,0],[0,-1],[-3,0],[-3,-1],[-4,0]],[[643,202],[0,1],[-1,0],[0,5],[1,0],[1,1],[-3,0],[0,1],[-2,1],[-1,1],[1,0],[-2,2],[0,1],[-1,0],[0,1],[-1,1],[0,1]],[[635,218],[4,-1],[3,0],[2,-1],[3,1],[3,0],[2,1],[1,0],[1,1],[5,0],[5,1],[2,1],[3,0],[1,1],[2,0],[4,2],[6,6],[1,-1],[4,0],[3,1],[3,0],[1,1],[1,0],[0,1],[1,0],[3,-1],[0,-1],[1,0],[0,-1],[7,0],[1,-1],[0,-1],[1,0],[1,-1],[1,0],[1,1],[1,0],[5,2],[4,4],[0,1],[2,3],[-1,0],[0,2],[2,-2],[-1,-1],[0,-1],[1,-1],[7,0],[1,1],[2,0],[1,1],[3,1],[2,0],[2,2],[6,3],[1,0],[2,-2],[3,0],[2,-1],[1,0],[-3,-1],[-1,0],[-2,-1],[-2,-4],[0,-1],[1,0],[-1,-1],[0,-1],[-3,-3],[-2,-3],[0,-2],[-2,-1],[-1,-1],[0,-1],[-1,-1],[-1,0],[0,-1],[-4,-4],[0,-1],[-1,0],[-2,-2],[0,-1],[-5,-5],[1,-1],[-2,0],[0,-1],[-1,-1],[0,-1],[-1,0],[0,-1]],[[722,283],[0,-1],[-1,1],[-1,0],[0,1],[-1,0],[2,2],[2,0],[0,-1],[1,0],[-2,-2]],[[709,270],[-1,0],[0,1],[1,1],[1,-1],[0,-1],[-1,0]],[[709,228],[0,0]],[[704,248],[-1,-1],[-2,1],[-1,1],[-1,0],[0,1],[-1,1],[1,1],[1,0],[0,1],[1,0],[-1,-1],[1,-1],[1,0],[1,-1],[0,-1],[1,-1]],[[700,261],[0,-3],[2,0],[-1,-1],[-1,0],[0,-3],[-1,0],[-1,1],[0,1],[-2,0],[-1,1],[0,3],[1,0],[0,1],[4,0]],[[693,266],[-1,0],[1,-1],[0,-1],[-1,-1],[0,-1],[-2,0],[-1,1],[-2,1],[-1,0],[0,1],[1,0],[0,1],[6,0]],[[669,264],[-3,0],[-1,1],[0,1],[3,0],[0,-2],[1,0]],[[650,262],[-2,0],[0,1],[1,1],[1,0],[0,-2]],[[295,731],[-4,3],[-3,1],[-1,1],[-1,0],[-1,1]],[[323,752],[2,0],[-1,-1],[0,-1],[1,0],[0,-1],[1,0],[1,-1],[0,-2],[1,0],[4,-2],[0,-1],[4,0]],[[305,717],[-2,3],[1,1],[-2,2],[-1,2],[-2,3],[-4,3]],[[295,731],[2,0],[1,1],[0,1],[1,1],[1,0],[1,1],[-1,0],[0,1],[1,1],[1,0],[0,1],[1,0],[0,1],[1,0],[0,1],[-1,2],[-1,0],[-1,1],[-2,0],[0,3],[1,0],[0,2],[-1,1],[0,1],[2,1],[2,2],[1,2],[1,0],[0,1]],[[352,743],[0,-1],[1,1],[2,-2],[2,0],[2,-1],[0,-2],[1,0],[1,1],[1,0],[2,2],[0,1],[1,0],[0,1],[1,0],[2,2],[0,-1],[1,0],[-1,-1],[0,-1],[1,0],[0,-1],[2,0],[0,-1]],[[344,717],[0,1],[-2,2],[-1,0],[0,1],[-1,1],[0,-1],[-2,0],[0,2],[1,0],[-1,2],[1,0],[0,3],[1,1],[0,2],[2,2],[0,1],[2,0],[1,1],[0,1],[-1,0],[0,4],[-1,1],[-2,0],[-1,1],[-2,0],[-2,1]],[[336,743],[0,2],[1,1],[10,0],[1,-2],[2,0],[1,-1],[1,0]],[[622,139],[-6,0],[-2,-1],[-3,0],[-2,1],[-1,0],[-1,2],[-2,1],[-5,0],[-4,2],[-1,1],[-2,1],[-2,0],[0,2],[-1,0],[-2,2],[-1,0],[-1,2],[-2,0],[-1,1],[0,1],[-4,0],[-1,1],[-2,0],[0,-1],[-1,1],[-2,0],[0,1],[-2,0],[-1,1],[0,1],[-1,0],[-1,1],[-1,0],[-2,2],[-3,0],[0,1],[-1,0],[-1,1],[-2,0],[0,1],[-1,2],[-2,1],[-1,1],[0,1],[-1,1],[-1,0],[-1,1],[-2,1],[-1,1],[-1,-1],[-1,0],[-1,1],[-6,0],[-2,-1],[0,1],[-1,1],[-1,2],[-3,2],[-1,1],[-4,0]],[[527,179],[1,2],[0,4],[-2,0],[0,1],[1,0],[-1,1],[1,0],[1,1]],[[528,187],[0,1]],[[528,188],[1,1],[0,1],[1,0],[0,1],[1,0],[1,1],[0,1],[2,0],[1,1],[0,-1],[1,1]],[[536,194],[1,0]],[[537,194],[1,0],[0,-2],[2,-2],[1,0],[1,-1],[2,0],[1,1],[1,0],[1,-1],[5,0],[0,-1],[1,0],[0,-3],[2,-1],[1,-1],[0,-1],[1,0],[0,2],[1,1],[4,0],[0,1],[1,0],[0,1],[2,-2],[-1,0],[-2,-1],[1,-1],[0,-2],[-1,-1],[1,0],[1,-1],[0,-2],[1,-1],[1,1],[3,1],[0,1],[-1,0],[-1,2],[1,1],[0,1],[1,0],[-1,1],[0,2],[1,1],[1,-1],[1,0],[0,-1],[2,2],[1,-1],[0,-1],[1,1],[3,0],[0,-1],[6,0],[1,1],[3,0],[4,2],[0,1],[2,1],[1,-1],[2,0]],[[551,184],[-2,1],[-1,0],[0,-1],[3,0]],[[526,31],[-3,0],[0,2],[2,0],[0,-1],[1,-1]],[[499,3],[2,-1],[1,1],[1,-1],[1,0],[0,-2],[-2,0],[0,1],[-1,-1],[-2,1],[-1,1],[-3,0],[1,1],[3,0]],[[544,874],[-1,0],[-1,-1],[-8,0],[-5,-1],[-1,0],[-2,-2],[-7,-3],[-2,0],[-2,-1],[-3,-2],[-1,0],[-2,-1],[-6,-2],[-2,-1],[-2,0],[-8,-3],[-2,0],[0,-1],[-1,-1],[-1,1],[0,1],[3,3],[1,0],[0,1],[1,0],[0,1],[4,0]],[[497,862],[1,-1],[2,0],[-1,1],[2,0],[1,1],[2,0],[0,2],[-3,0],[0,-1],[-1,0],[1,1],[0,1],[-1,0],[-1,1],[-2,0],[0,1],[-6,-1],[-1,-1],[-1,0],[0,-1],[-1,0],[0,-1],[-1,0],[0,1],[-1,1],[0,-1],[-1,0],[-1,-1],[-1,0],[-3,-3],[-1,0],[0,1],[-2,-2],[-2,0],[0,-1],[-1,-1],[-1,0],[0,-3],[-2,0],[-3,-1],[-3,-2],[1,0],[1,-1],[-1,-1],[-2,2],[-1,0],[1,-1],[0,-1],[-1,-1],[0,-3],[-1,-1]],[[459,870],[1,1],[0,1],[1,0],[1,-1],[0,-1],[1,0],[1,-1],[1,0],[0,-1],[1,1],[2,0],[0,-1],[1,0],[0,-1],[-1,-1],[1,-1],[6,0],[0,2],[-1,0],[1,1],[4,0],[0,-1],[2,2],[0,1],[1,-1],[1,0],[1,-1],[1,0],[1,-1],[0,1],[1,-1],[1,0],[1,1],[0,1],[-1,1],[1,1],[-1,1],[-1,0],[0,1],[1,0],[0,1],[4,0],[0,2],[2,0],[-1,1],[1,1],[1,0],[0,-1],[3,1],[1,0],[0,1],[1,0],[2,-2],[1,1],[0,1],[2,0],[2,1],[1,0]],[[508,880],[1,0],[0,1],[-1,-1]],[[508,880],[0,2],[-1,0],[0,1]],[[508,883],[-1,0]],[[507,883],[-1,0],[0,1],[1,0],[0,2],[-1,0],[0,1],[1,0]],[[497,862],[-1,0]],[[496,862],[0,1],[1,0],[0,-1]],[[497,864],[0,0]],[[496,867],[0,0]],[[491,862],[0,0]],[[490,863],[0,-1],[-1,1],[1,0]],[[489,863],[0,-1],[-1,0],[0,1],[1,0]],[[485,857],[-1,0],[0,1],[1,0],[2,2],[0,-2],[-2,-1]],[[486,861],[0,0],[0,1],[1,0],[-1,-1]],[[479,850],[0,-2],[-2,0],[0,1],[2,0],[0,1],[1,1],[2,4],[1,0],[1,1],[0,0],[-2,-3],[-3,-3]],[[483,856],[-1,0],[1,1],[1,0],[-1,-1]],[[482,857],[0,-1],[-4,0],[-1,1],[5,0]],[[481,858],[-1,0],[0,1],[1,0],[1,-1],[-1,0]],[[480,855],[0,0]],[[480,855],[-1,0],[1,1],[0,-1]],[[480,854],[0,0]],[[479,852],[0,0]],[[468,841],[1,0],[0,-1],[-1,-1]],[[468,839],[1,-1],[1,-2],[-1,0],[3,-1],[2,0],[0,1],[-1,1],[1,0],[0,1],[1,0],[0,-1],[-1,0],[1,-1],[1,2],[0,-1],[1,-1],[0,-1],[2,-2]],[[477,845],[0,1],[2,2],[0,-1],[-2,-2]],[[479,854],[0,0]],[[476,840],[0,-1],[-1,0],[1,1]],[[466,850],[0,0]],[[459,870],[0,-1],[-2,0],[-1,-1],[-2,0],[0,-4],[-2,0]],[[452,865],[0,-1]],[[452,864],[-1,-1],[1,0],[-2,-3],[-1,-1],[1,-1],[1,0],[1,-1],[1,1],[0,-3],[-2,0],[0,-1]],[[452,854],[-1,0]],[[451,854],[-2,0],[0,-1],[1,0],[2,-2],[1,0],[1,-1]],[[453,850],[1,0]],[[454,850],[-2,-2],[1,0],[0,-2],[3,0],[0,1],[1,0]],[[457,846],[0,1]],[[457,847],[3,0],[0,-1],[1,-1],[1,0]],[[462,845],[0,-4],[2,1],[1,-1],[3,0]],[[468,841],[-1,-1],[0,-1]],[[468,839],[-1,0]],[[467,839],[-2,-1],[-1,-1],[1,0],[1,-1],[-4,0],[0,1],[-9,-2],[-4,0],[0,-2],[1,0],[0,-1],[-2,0],[1,-2]],[[402,830],[1,2],[0,1],[-1,1],[0,1],[-1,0],[0,5],[-1,1],[1,1],[2,-1],[5,0],[0,1]],[[408,842],[4,-1],[7,0],[-2,1],[-1,0],[0,2],[1,2],[2,0],[0,2],[1,1],[0,1],[-1,0],[0,2],[2,1],[0,1],[1,0],[0,1],[2,0],[0,1],[1,0],[1,1],[-1,0],[1,1],[1,0],[0,2],[1,0],[2,-1],[0,2],[-1,0],[0,2]],[[429,864],[0,-1]],[[429,863],[1,0],[1,1],[-2,3],[-1,0],[0,-1],[-4,0],[0,-1],[-1,0],[0,1],[-1,0],[2,2],[-1,0],[0,1],[1,0],[0,1],[-3,0],[1,1],[-1,1],[1,0],[0,2],[2,0],[1,1],[0,1],[1,-1],[0,1],[1,1],[4,0],[3,1],[2,0]],[[436,878],[2,-1],[0,1],[2,-1],[0,-1],[1,0],[1,-2],[0,-1],[1,-1],[0,1],[1,0],[0,-1],[2,0],[2,-1],[1,1],[1,0],[1,1],[1,0],[0,1],[1,0],[1,1],[2,-1],[2,0],[0,-1],[1,0],[-1,-1],[1,0],[0,-2]],[[467,836],[0,0]],[[411,746],[3,0],[0,1],[3,0],[0,-1],[1,0],[0,1],[1,-1],[0,-1],[-1,0],[0,-2]],[[418,743],[-1,0],[-1,-1],[2,1]],[[418,743],[1,0],[2,-1],[1,0],[0,-1],[2,2],[3,0]],[[427,743],[2,0],[1,1],[1,-1],[-2,-2],[0,-1],[-2,-1],[0,-1],[-1,-1],[0,-1],[-1,-1],[-2,-1],[0,-1],[-1,0],[0,-2],[2,-2],[2,0],[-1,-2],[1,0],[1,-1],[1,0],[-1,-1],[0,-3]],[[343,714],[1,3]],[[344,717],[1,0],[1,-1],[2,0],[1,-1],[2,1],[1,0],[0,-1],[2,0],[0,1],[1,0],[2,-1],[2,0],[1,1],[2,1],[2,0]],[[385,741],[3,0],[1,1],[0,1],[-1,0],[-4,2],[0,1],[7,0],[0,1],[1,0],[0,1],[2,0],[2,2],[4,0],[0,1],[1,1],[2,1],[2,-1],[0,-2],[1,-1],[1,0],[1,-1],[2,-1],[1,-1]],[[384,741],[1,0]],[[385,741],[0,-1],[-1,0],[-1,-1],[0,-2],[-1,-1],[1,0],[0,-2],[-1,0],[0,-6],[-1,0],[0,-3],[-2,0],[0,-1],[1,0],[-1,-1],[0,-1],[1,-1],[-1,-1],[-2,0],[-1,-2],[-1,-1],[-1,0],[-1,1],[0,-1],[-1,0],[1,-1],[0,-1]],[[374,715],[-1,0]],[[373,715],[-1,0],[0,-1],[1,0],[0,-1],[-1,-1],[-1,0],[-1,1],[0,1],[-1,0],[-1,-1],[-1,0],[-2,1],[0,1],[1,0],[-2,2]],[[364,717],[2,0],[0,1],[2,0],[1,1]],[[370,719],[-1,0]],[[369,719],[0,2],[-1,0],[1,2],[0,2],[1,3],[1,1],[1,0],[1,1],[0,1],[-1,0],[0,1],[-2,1],[0,-1],[-1,0],[-1,1],[1,0],[2,2],[0,1],[-1,0],[1,2],[1,1],[-1,1]],[[371,740],[2,1],[1,0],[1,-1],[0,1],[3,1],[3,0],[3,-1]],[[648,130],[-4,3],[-6,3],[-1,0],[-1,1],[-2,1],[-5,1],[-7,0]],[[622,139],[0,1],[1,0],[-1,1],[0,2],[-1,0],[-1,1],[0,1],[-2,1],[1,1]],[[619,147],[0,-1],[1,0],[-1,1]],[[619,147],[0,2],[2,0],[-1,1],[0,1],[1,1],[-1,0],[2,2],[0,1],[-1,0],[0,-1],[-2,1],[0,1],[-1,1],[-1,0],[0,1],[-4,0],[0,1],[-1,0],[-2,2]],[[609,161],[1,0]],[[610,161],[0,1],[1,0],[1,1],[-1,1],[-3,0],[-2,2],[0,1]],[[606,167],[1,0]],[[607,167],[-5,0],[-1,1],[-1,0],[-1,-1],[-2,0],[-1,1],[-2,0],[-1,1],[-3,0],[0,2],[1,0],[1,1],[1,0],[1,3],[-1,0],[0,1]],[[594,176],[-1,0]],[[593,176],[0,2],[-1,1],[-1,0],[1,1],[4,0],[2,1],[2,0],[0,1]],[[599,182],[1,0]],[[600,182],[1,0],[0,1],[4,0],[0,1],[-1,0],[0,2],[1,2],[-2,0],[0,1],[-3,0],[-1,-1],[-2,1]],[[597,189],[1,1],[0,1],[1,-1],[1,0],[1,1],[0,1],[2,2],[1,-1],[0,-3],[1,0],[3,-1],[3,-3],[0,-3],[1,-1],[1,0],[0,-1],[2,0],[1,-1],[1,0],[2,1],[1,0],[2,1],[-1,0],[0,1],[1,1],[0,1],[1,0],[1,1],[2,-1],[1,-1],[2,0],[1,-1],[0,-1],[1,1]],[[621,186],[-1,1],[0,2],[3,0],[0,1],[-1,0],[0,2],[3,0],[0,-1],[2,0],[0,-1],[-1,0],[0,-1],[1,-1],[-3,0],[-2,-2],[-1,0]],[[479,833],[0,-6],[2,-2],[0,-1],[-1,0],[0,1],[-1,1],[0,2],[-1,0],[0,2],[-2,1],[0,-2],[-2,0],[0,-1],[-1,-1],[2,-1],[1,0],[1,-1],[-1,0],[-1,-1],[2,-1],[2,0],[0,-1],[-2,-2],[0,-2],[1,-2],[3,3],[1,0],[1,-1],[0,1],[2,0],[1,1],[0,1],[1,0],[4,-4],[2,-1],[0,-1],[-1,-2],[0,-3],[-1,-1],[-1,0],[0,-4],[0,0],[-2,1],[0,4],[-2,0],[-2,-2],[0,-1],[1,-1],[0,-2],[1,-1],[0,-2],[-1,0]],[[485,801],[-4,2],[-1,1],[0,2],[-3,0],[-2,2],[0,4],[1,0],[0,1],[-1,1],[-1,0],[-1,-1]],[[473,814],[0,-1]],[[473,813],[-2,0],[-1,-1],[-1,1],[-2,-1],[-1,1],[0,1],[-1,-1],[-3,0],[0,1],[-1,0],[0,1],[-1,1],[-2,0],[0,1],[-1,-1],[-1,0],[0,1],[-6,0],[-2,1],[-1,-1],[-4,0],[-5,-1],[-2,1],[-1,0],[-1,-1],[-2,0],[-1,-1],[-2,0],[1,-1],[0,-1],[-1,0],[-1,-1],[-3,0],[-1,-1],[-1,0],[-2,-1],[-1,-1],[-2,0],[-1,1],[0,1],[-1,0],[-1,1],[-1,0],[-1,1],[-10,0],[0,2]],[[385,828],[0,-1],[1,-1],[2,0],[0,1],[6,0],[0,-1],[1,0],[1,-1],[1,0],[0,-1],[2,0],[2,-1],[2,2],[2,0],[0,1],[-1,0],[0,2],[-1,0],[0,1],[-1,0],[0,1]],[[402,830],[5,-2],[3,0],[1,1],[4,0],[0,1],[1,-1],[2,0],[1,-1],[6,0],[1,-1],[1,1],[1,-1],[4,0],[2,1],[1,1],[2,0],[1,1],[3,0],[1,1],[1,-1],[1,1],[3,0],[0,-1],[2,0]],[[449,830],[2,1],[2,0],[2,-1],[-1,0],[-1,-1],[2,0],[0,-1],[3,-2],[1,-1],[2,-1],[3,0],[0,1],[1,0],[0,2],[1,0],[0,-1],[1,1],[1,0],[0,1],[4,0],[3,2],[0,1],[3,0],[1,2]],[[488,804],[-1,0],[1,1],[0,-1]],[[485,820],[-1,0],[1,1],[0,-1]],[[484,820],[0,0]],[[484,823],[0,0]],[[483,822],[-1,1],[1,0],[0,-1]],[[483,824],[0,0]],[[482,824],[0,0]],[[481,823],[0,-1],[-1,1],[1,0]],[[481,821],[0,0]],[[478,818],[0,0]],[[343,642],[-4,0],[-4,1],[-3,-1],[-2,0],[0,-1],[-1,0],[0,-1],[-2,0],[-1,1],[-1,0],[-1,3],[0,2],[2,0],[1,1],[-1,0],[1,1],[1,3],[1,5],[0,5],[-1,5],[-3,6],[-1,1],[-2,1],[0,1],[-1,1],[0,2],[-1,1],[0,1],[-1,0],[0,1],[-2,0],[0,2],[-3,3],[-1,0],[-1,1],[-1,0],[0,1],[-1,3],[-2,2],[1,1],[-1,0],[1,2],[-1,1]],[[320,629],[0,0],[0,-2],[-2,0],[-1,-1],[0,0],[0,-1],[1,0],[1,-1],[1,0],[0,-2],[-1,-1],[-1,1],[-3,0],[0,1],[-1,0],[0,2],[-1,1],[-3,0],[0,-1],[1,0],[0,-1],[-1,0],[0,2],[-1,0],[-1,-1],[0,-1],[-2,0],[0,1],[-3,0],[0,-2],[-1,0],[-2,1],[-3,0],[0,-1],[-1,0],[-1,1],[-2,1],[-1,1],[0,2],[2,2],[7,0],[0,-1],[1,0],[1,-1],[1,0],[0,1],[1,0],[1,1],[-1,0],[1,1],[5,0],[-1,-1],[2,-1],[1,0],[1,1],[0,1],[2,2],[0,1],[2,2],[1,-1],[0,-1],[1,0],[1,-1],[-2,-2],[0,-1],[1,0],[0,-1]],[[311,588],[-3,0],[0,1],[0,0],[0,2],[2,0],[1,-1],[0,-2]],[[306,631],[-1,0],[0,1],[1,0],[0,-1]],[[291,611],[1,0],[0,-1],[-1,-1],[-2,1],[-1,0],[-1,1],[3,0],[0,3],[1,-1],[0,-2]],[[275,683],[-1,0],[0,1],[2,0],[-1,-1]],[[269,648],[-1,-1],[-1,0],[-1,2],[1,2],[0,1],[1,0],[1,1],[0,-1],[1,0],[0,-3],[-1,-1]],[[649,156],[-3,0],[0,2],[-4,0],[0,1],[-1,0],[-2,1],[-1,-1],[-2,0],[-1,-1],[-4,0],[0,1],[-1,0],[-1,-1],[-1,1],[-1,0]],[[626,159],[1,0]],[[627,159],[0,1],[-1,0],[0,2]],[[625,162],[1,0]],[[626,162],[0,1],[-2,2],[1,0],[0,1],[1,1],[2,1],[1,1],[1,0],[0,1],[2,1]],[[633,171],[-1,0]],[[632,171],[-1,2],[0,1],[-1,0],[0,2],[1,1],[0,3],[2,0],[0,2],[-2,1]],[[631,183],[1,0],[0,1],[1,1],[0,2],[1,1],[1,-1],[1,1],[2,0],[0,1],[1,0],[1,1],[1,0],[1,1],[0,1],[1,0],[1,2],[0,2],[-1,0],[-1,1],[0,1],[-1,0],[1,1],[0,1],[-1,0],[1,1],[0,1],[1,0]],[[643,202],[4,0],[3,1],[3,0],[0,1],[2,0],[0,-1],[2,0],[1,-1],[0,-2],[2,0],[2,2],[0,1],[1,1],[2,0],[0,1],[2,0],[0,-2],[-1,0],[0,-1],[1,0],[0,-1],[1,0],[2,-1],[1,-1],[4,0],[1,-1],[1,0],[0,1],[1,0],[0,1],[4,0]],[[627,177],[0,1],[1,-1],[0,-1],[-1,1]],[[534,891],[-1,0],[-1,1],[-1,-1],[1,-1],[-2,-1],[-1,0],[0,1],[-4,0],[-1,1],[1,0],[0,1],[-3,0],[-1,-1],[-1,0],[0,-1],[-1,0],[0,2],[-3,0],[-2,-2],[-1,0],[0,1],[-1,-1],[-1,0],[-1,-2],[-2,0],[0,-1],[-1,0]],[[507,887],[-1,1],[0,1],[-1,0],[-1,1],[-1,0],[-1,1],[-1,-1],[1,0],[-1,-1],[-1,0],[0,1],[-2,0],[0,2],[-1,1],[-1,0],[0,2],[-1,0],[-1,1],[1,1],[-1,0],[0,1],[-1,0],[-1,1],[-2,0],[0,1],[-3,0],[0,4],[-1,3],[-1,2]],[[485,909],[3,3],[1,0],[1,1],[2,1],[0,1],[1,0],[0,3],[-2,1],[-1,0],[-1,1],[0,3],[-4,0],[0,1],[1,0],[-1,1],[-1,0],[0,-1],[-1,0],[-3,2],[-2,2],[2,2],[1,0],[0,2],[2,1],[3,0],[1,1],[-1,1],[0,1],[1,-1],[2,1],[0,1],[1,0],[0,2],[1,0],[1,1],[1,0]],[[343,714],[0,-1],[4,-2],[1,-1],[1,0],[1,-1],[0,-1],[1,-1],[2,0],[0,1],[4,0],[1,-1],[1,-2],[1,0],[0,-1],[1,-1],[1,0],[-3,-2],[-1,0],[-1,-1],[-1,0],[-1,1],[-1,-1],[-1,0],[-1,-1],[1,0],[0,-1],[1,0],[0,-2],[-1,0],[1,-1]],[[355,695],[-1,0]],[[354,695],[-1,-1],[0,-2],[1,-1],[0,-2],[2,0],[-1,-1],[2,-2],[2,0],[0,1],[1,0],[0,-1],[3,0]],[[344,656],[-1,0],[0,1]],[[344,657],[-1,0]],[[343,657],[-1,0],[-1,1],[0,1],[-2,0],[0,2],[-1,0],[0,2],[2,0],[1,1],[0,2],[-2,0],[0,1],[1,0],[-1,1]],[[340,668],[-1,0]],[[339,668],[0,1],[2,2],[1,0],[0,1],[-4,0],[0,-1],[-3,0],[-3,1],[-1,0],[0,1],[-2,0],[0,1],[-1,0],[0,3],[1,1],[-3,0],[-1,1],[0,4],[1,1],[-2,0],[1,1],[0,2],[-1,0],[0,1],[-1,2],[0,1],[1,0],[-2,2],[2,2],[-1,0],[0,2],[2,0],[-1,1],[1,1],[0,1],[1,1],[-7,0],[-1,-1],[-3,-1],[-1,0],[0,-1],[-2,0],[-4,-1]],[[308,697],[0,2],[-1,1],[0,2],[-1,2],[0,1],[1,0],[0,4],[-1,2],[0,3],[-1,3]],[[305,717],[4,1],[1,0],[1,-1],[6,0],[1,1]],[[318,717],[0,1]],[[318,718],[1,0],[1,-2],[1,0],[0,-1],[-1,0],[0,-1],[1,-1],[2,0],[0,-1],[2,0],[0,-1],[1,1],[3,0],[1,-1],[1,0],[1,1],[4,0],[1,1],[0,1],[2,2],[2,0],[2,-2]],[[460,711],[3,0],[1,1],[1,0],[1,-1],[2,-1],[0,1],[1,0],[0,1],[2,0],[1,-1],[1,0],[0,1]],[[472,712],[1,0]],[[473,712],[2,0]],[[475,712],[2,0],[2,-1],[3,-3],[-1,-1],[-1,1],[-1,-1],[0,-1],[1,-1],[-2,0],[0,4],[-1,0],[0,-3],[-1,0],[-1,-1],[-3,0],[0,-1],[-1,-1],[-3,0],[-1,-1],[0,-1],[2,-1],[0,-1]],[[401,694],[1,1],[2,0],[1,1],[1,0],[0,1],[1,0],[2,-1],[1,0],[1,1]],[[410,697],[1,0]],[[411,697],[0,1],[-1,0],[0,1],[-1,0],[0,1],[-1,0],[2,2],[3,0],[0,2],[2,0],[2,2],[2,0],[-4,4],[1,0],[0,1],[1,0],[-1,1],[0,1],[1,0],[1,1],[0,2],[1,0],[1,1],[0,2],[2,0],[0,2],[1,1],[4,0]],[[427,722],[1,0],[1,-1],[4,-1],[3,-3],[2,-1],[1,1],[1,0],[1,-1],[2,0],[1,1],[0,-2],[3,0],[0,-2],[3,-1],[1,0],[1,1],[1,-1],[3,0],[0,-1],[1,0],[1,-1],[2,1]],[[467,713],[0,1],[-1,1],[0,1],[5,0],[0,-1],[1,-1],[-3,0],[-1,-1],[-1,0]],[[725,199],[-2,-1],[-1,-2],[0,-1],[-1,0],[0,-3],[1,-1],[-2,-2],[0,-3],[-2,-2],[0,-5],[-1,-1],[-1,0],[-4,-4],[0,-1],[-1,0],[0,-12]],[[657,134],[-1,1],[1,0]],[[657,135],[-1,1],[-1,2],[2,0],[2,2],[0,2],[-2,3],[-1,0],[0,1],[-1,-1],[-2,0],[-1,1],[-1,0],[0,4],[1,2],[-1,2],[-2,0],[0,2]],[[649,156],[3,-1],[4,0],[0,1],[2,0],[-2,2],[-1,0],[0,1],[1,0],[1,1],[0,-1],[1,0],[0,-1],[1,0],[0,-1],[1,0],[1,-1],[1,0],[0,1],[1,1],[-1,1],[-1,0],[-1,1],[3,0],[2,1],[3,0],[0,1],[1,0],[0,1],[-1,0],[0,1],[1,1],[2,0],[1,1],[0,1],[-1,0],[-1,1],[-4,0],[-1,1],[-1,0],[-1,1],[0,2],[1,1],[-1,0],[-3,1],[3,0],[2,2],[1,0],[2,1]],[[669,177],[0,-1],[4,0],[0,1],[2,0],[1,1],[1,0],[1,-1]],[[678,178],[0,-1]],[[678,177],[1,0],[0,-1],[2,0],[0,-1],[1,0],[0,-1],[1,0],[0,-1],[1,0]],[[684,174],[0,-1]],[[684,173],[1,0],[1,1],[0,2],[1,0],[0,1],[-1,1],[1,2],[2,0],[0,2],[-1,1],[1,0],[0,1],[-1,1],[-2,0],[0,3],[1,1],[-1,0],[0,2],[-1,0],[-2,-2],[-2,0],[-1,-1],[-1,2],[0,1],[1,1],[-1,0],[0,1],[2,2],[-1,0],[0,1],[-1,0],[1,1],[1,0],[1,1],[0,1],[-1,1]],[[681,200],[1,0]],[[682,200],[1,1],[1,-1],[1,0],[1,-1],[1,1],[-1,1],[0,2],[-1,1],[-2,0],[-2,-1],[1,2],[-1,2],[2,0],[1,-1],[1,2],[-1,0],[-1,1],[1,2],[1,0],[0,1],[2,0],[0,-1],[1,0],[1,-1],[1,1],[0,1],[1,0],[0,-2],[2,0],[1,1],[3,1],[1,0],[0,-1],[1,-1],[0,-1],[1,-1],[1,0],[1,-1],[7,0],[0,1],[1,-1],[3,1],[1,-1],[2,0],[2,-2],[1,0],[1,-1],[1,0],[0,-1],[1,0],[0,-1],[2,-2],[0,-1],[1,0]],[[669,177],[-1,0]],[[569,881],[-1,0],[-2,1],[1,0]],[[565,882],[-3,1],[-4,0],[0,1],[-1,-1]],[[555,884],[-1,0],[0,1],[-4,0],[0,-1],[-1,1],[0,-1],[-2,0],[0,1],[-1,0],[-2,-2],[0,-1],[-1,0],[0,-1],[-1,0],[0,-1],[-1,0],[1,-1],[0,-1],[5,0],[1,1],[0,-1],[-2,-1],[-1,0],[0,-1],[-1,-2]],[[544,874],[-2,1],[-1,0],[0,2],[-1,0],[-1,1],[1,0],[0,1],[-1,0],[0,1],[-1,1],[0,1],[-1,0]],[[537,882],[0,-1],[-1,0],[0,1],[1,0]],[[537,882],[-2,2],[1,0],[0,1],[-1,0],[-1,1],[0,1]],[[533,887],[1,0]],[[534,887],[0,0]],[[534,887],[0,1],[-1,0],[1,1]],[[535,889],[-1,0]],[[534,889],[-1,1]],[[534,890],[-1,0]],[[533,890],[1,1]],[[534,891],[-1,1],[1,0],[-1,2],[-1,1],[-1,0],[-1,1],[-1,0],[-1,2],[0,2],[-1,2],[0,1],[1,1],[0,7],[1,1],[0,2],[2,4],[0,1],[1,2],[0,1],[-1,1]],[[530,923],[1,0]],[[531,923],[0,1],[1,-1],[0,2],[1,0],[0,3],[1,0],[1,1],[-2,0],[-1,1],[0,1],[1,1],[0,1],[-1,1],[-3,0],[-1,1],[0,-1],[-1,0],[-2,-1],[0,1],[-1,1],[-3,0],[-1,1],[-3,0],[0,-1],[-1,0],[0,-1],[-3,0],[-1,-1],[-1,0],[-1,1],[0,1],[-3,0],[-1,-1],[-1,0],[-1,1],[-2,0],[0,1],[-1,1],[-1,-1],[-2,1],[0,-1],[-1,0],[-2,2],[0,1],[-1,1],[-1,0]],[[493,940],[0,2],[1,1],[1,0],[1,1],[0,1],[1,-1],[2,2],[2,0],[1,-1],[1,1],[2,0],[1,-1],[1,0],[-1,2],[-1,0],[-1,1],[0,2],[-1,2],[2,2],[0,1],[1,-1],[1,1],[1,0],[0,1],[1,1],[2,0],[0,2],[1,0],[1,1]],[[513,960],[1,0],[1,1],[2,0],[1,-1],[1,0],[0,-1],[3,0],[-1,-1],[1,-1],[4,0],[3,1],[2,-1],[6,0],[1,-1],[2,0],[1,1],[2,0],[1,-1],[6,0],[0,-1],[2,-1],[2,0],[1,-1],[8,0],[1,1],[2,0],[1,1],[1,0],[2,-1],[0,-1],[5,0],[3,1],[0,-1],[1,-1],[1,0],[1,1],[2,-1],[0,-1],[1,0],[0,1],[4,0],[3,-2],[4,0],[0,-1],[-1,-1],[0,-1],[1,-1],[-1,-1],[0,-2],[-9,0],[-1,-1],[0,-2],[-1,-1],[-2,0],[-1,-1],[-1,0],[-2,-1],[-1,0],[-1,-1],[-3,0],[0,-1],[1,0],[0,-1],[-1,-1],[-1,0],[-1,-1],[0,-1],[-3,0],[0,-1],[1,0],[0,-2],[1,-2],[1,0],[0,-1],[0,0],[0,-2],[3,0],[0,1],[7,0],[0,-1],[2,0],[1,-1],[0,-1],[8,0],[0,-1],[-1,-1],[0,-1],[-1,-1],[0,-1],[-1,0],[-2,-1],[-2,-2],[-1,0],[-1,-1],[-1,0],[-1,-1],[-2,-1],[-1,0],[0,-1]],[[556,880],[-3,0],[2,1],[1,0]],[[550,880],[-1,-1],[-1,0],[1,1],[1,0]],[[447,638],[1,0],[0,-2]],[[446,635],[-1,0],[-1,-1],[-2,-1],[1,-1]],[[443,632],[-3,0],[-1,1],[-2,-1],[-2,-2]],[[435,629],[0,1]],[[435,630],[-2,1],[-1,0],[-1,-1],[-1,-2]],[[360,661],[0,1],[2,2],[0,2],[-1,0],[2,2],[1,-1],[3,0],[0,3],[-2,2],[-2,1],[1,1],[1,0],[0,2],[2,0],[1,1],[0,2],[-1,2],[-1,0],[0,1],[-3,3],[0,1]],[[363,686],[1,2],[0,3],[1,0],[5,3],[1,-1],[1,0],[0,-1],[1,0],[2,-2],[2,-1],[1,-1],[2,0],[0,2],[1,0],[2,1],[1,0],[-2,-2],[1,0],[1,-1],[1,0],[1,1],[2,1],[1,0],[1,2],[0,2],[2,-2],[0,-1],[2,0],[2,1],[3,0],[1,1],[0,1],[1,0]],[[401,694],[3,-3],[2,0],[0,-2],[2,-1],[1,-1],[0,-1],[1,1],[1,-1],[3,0],[-1,-1],[0,-2],[-1,-1],[0,-1],[1,-2],[2,0],[0,-1],[1,0],[1,-1],[1,0],[1,-1],[1,0],[4,-4],[0,-1],[3,0],[0,-1],[3,-3],[3,0],[0,-1],[4,0],[0,-1],[5,-5],[1,1],[2,0],[1,1],[2,-1]],[[703,104],[-2,-1],[-1,0],[-1,1],[-3,2],[-2,0],[-1,1],[-1,-1],[-2,0],[-1,-1],[-3,0],[-1,-1],[0,1],[-2,0],[-1,1],[-1,-1],[0,1],[-2,0],[0,-1],[-2,1],[-1,1],[-2,1],[-1,1],[-1,0],[-6,2],[-5,0],[-1,2],[-1,0],[0,1],[-1,0],[0,2],[-1,2],[0,1],[-1,0],[0,1],[-1,0],[0,2],[-1,0],[0,1],[-5,5],[-1,2]],[[648,130],[2,0],[2,2],[2,0],[2,2],[1,0]],[[657,135],[0,-1]],[[657,134],[2,0],[2,1],[3,1],[0,-1],[1,0],[0,-1],[1,1],[1,-1],[1,1],[0,1],[1,0],[1,1],[1,0]],[[671,138],[0,-1]],[[671,137],[2,0],[2,2],[1,-1],[0,1],[1,0],[2,2],[2,-1],[-1,-1],[1,-1],[3,0],[1,1]],[[686,139],[-1,0]],[[685,139],[0,2],[-1,0],[1,1],[1,-1]],[[711,161],[0,-3],[2,-2],[3,0],[1,-1],[2,0],[0,-1],[1,0],[0,1],[1,0],[0,-1],[3,-2],[0,-1],[1,0],[0,-1],[-2,0],[0,1],[-1,-1],[0,1],[-1,0],[-1,-1],[-1,0],[1,-1],[-1,-1],[0,-2],[1,0],[0,-3],[2,0],[0,-2],[1,-1],[3,-1],[2,0],[0,-1],[1,-1],[-1,-1],[0,-1],[-2,0],[0,-1],[1,-1],[3,0],[0,-1],[2,-2],[-2,0],[-1,1],[-2,-1],[-1,0],[0,-1],[-2,-2],[-3,0],[0,-1],[-2,-1],[-1,-1],[0,-1],[-1,0],[-1,-1],[-1,-3],[0,-1],[-1,0],[-2,-2],[0,-1],[1,-1],[-1,-1],[-1,0],[1,-1],[-1,-1],[1,-1],[0,-1],[1,-1],[1,-2],[0,-2],[1,-1],[0,-1],[-1,-1],[0,1],[-1,0],[-3,-3],[0,1],[-2,1],[0,1],[-1,0],[-1,2],[-3,0]],[[703,104],[0,4],[-1,0],[0,1],[1,0],[-4,4],[0,-1],[-1,0],[0,1],[-1,1],[-3,0],[0,1],[-2,-1],[-1,1],[1,0],[0,4],[2,-1],[1,-1],[2,0],[1,1],[-2,2],[-1,0],[-1,1],[-1,2],[2,0]],[[695,123],[-3,2],[-2,0],[0,3],[1,0],[1,-1],[-1,0],[4,-4]],[[695,123],[2,-1],[1,-1],[0,1],[-1,1],[0,1],[-1,0],[-1,1],[0,1],[-1,1],[0,2],[-1,1],[-1,0],[0,1],[-1,1],[0,1],[-1,0],[0,1],[-1,0],[-1,1],[1,0],[0,1],[-1,1],[0,3],[-1,-1],[-1,0]],[[686,139],[1,1],[0,1]],[[686,141],[1,0]],[[687,141],[2,0],[0,-1],[1,0],[0,4],[2,2],[0,2],[-1,0],[0,-1],[-3,0],[0,1],[-3,0],[-1,1],[1,0],[1,2],[1,0],[0,1],[3,0],[1,1],[0,1],[2,0],[0,1],[1,1],[-4,2],[0,-1],[-4,0],[0,1],[-1,0],[1,1],[2,1],[1,0],[1,1],[0,1],[2,1],[1,0],[1,1],[0,1],[4,0],[2,-2],[2,-1],[4,0],[0,-1],[5,0]],[[724,142],[-1,0],[-1,1],[1,0],[1,-1]],[[722,149],[0,0],[-1,1],[1,0],[0,-1]],[[584,887],[0,-1],[-2,0],[-1,1],[-1,0],[0,-2],[-1,-1],[0,-1],[1,-1],[2,0],[0,-1],[-2,0],[-4,-1],[-1,0],[-2,-2],[-2,-1],[-4,0],[0,1],[1,0],[1,-1],[0,1],[4,0],[0,1],[1,1],[-1,1],[-1,0],[-1,-1],[-2,1]],[[569,881],[0,1],[2,1],[2,0]],[[573,883],[1,0],[0,1],[-1,-1]],[[573,883],[-1,1],[-1,0]],[[572,885],[0,2],[-1,1],[0,3],[-1,0],[0,2],[1,1],[-1,0],[0,1],[-1,1],[0,1],[-1,0],[1,1],[2,1],[0,2],[1,0],[0,2],[1,0],[0,1],[1,0],[1,1],[-1,0],[1,1],[1,3],[1,0]],[[577,909],[1,0],[-1,-3],[-1,0],[-1,-1],[2,-1],[0,-1],[3,0],[0,-1],[3,0],[2,2],[4,0],[0,-4],[-2,-3],[-1,-1],[-1,0],[0,-2],[-1,-2],[1,-1],[0,-3]],[[572,885],[-1,0],[0,-1]],[[581,887],[0,0]],[[571,879],[0,0]],[[567,881],[0,0]],[[567,882],[-2,0]],[[564,878],[0,0]],[[560,880],[-2,0],[1,1],[3,0],[1,-1],[-3,0]],[[560,881],[0,0]],[[557,883],[-2,1]],[[555,884],[1,0],[1,-1]],[[556,881],[1,0],[0,-1],[-1,0]],[[556,880],[0,1]],[[585,888],[6,0],[1,-1],[1,0],[2,-1],[1,-1],[2,-1],[1,0],[1,-1],[2,0],[1,-1],[0,-1],[2,-1],[0,-2],[2,-1],[2,-2],[1,0],[1,-1],[1,0],[0,-1],[-2,-1],[-1,0],[-1,-1],[0,-1],[-1,0],[0,-1],[-6,0],[-3,1],[-2,0],[0,1],[5,0],[0,-1],[2,1],[-1,1],[-1,0],[-1,1],[0,0],[0,0],[-1,0],[0,1],[-1,0],[1,1],[1,0],[-2,3],[-1,1],[-2,0],[0,1],[-3,2],[-1,1],[-2,1],[0,1],[-3,0],[-2,2]],[[584,887],[0,1],[1,0]],[[430,628],[1,0],[2,-2],[1,0],[1,-1],[1,0],[-1,-2],[0,-2],[-2,0],[0,-3],[2,0],[0,-2],[-1,0],[-1,-1],[-3,0],[0,-1],[-1,-1],[-2,0],[-1,-1],[-1,0],[0,-1],[-2,-1],[-1,0],[-1,-1],[-3,0],[0,1],[-1,0],[-1,-1],[0,-1],[1,-1],[-2,0],[0,-3],[1,0],[1,-1],[1,0],[1,-1],[0,-4],[-11,0],[0,-2],[-2,-1],[-1,-1],[0,-1]],[[405,593],[-6,1],[-5,1],[-1,0],[0,1],[-1,-1],[-1,1],[-2,1],[-3,-1],[-1,0],[0,-2],[-1,-1],[-1,0],[0,-1],[-3,0],[-1,1],[-1,0],[0,1],[-3,0],[0,4],[1,1],[1,0],[0,-1],[5,0],[1,2],[0,5],[-1,2],[-2,2],[-1,0],[-1,-1],[-1,1],[-1,2],[0,2],[-2,0],[0,1],[1,0],[-1,1],[-1,0],[-4,2],[-2,2],[0,2],[-1,1],[-3,2],[-9,3],[-5,0],[-3,2],[-1,0],[0,1],[2,0],[1,2],[0,3],[1,1],[0,2],[-2,2],[-4,2]],[[343,642],[0,1],[1,1],[1,0],[0,1],[1,0],[0,1],[-1,1],[1,1],[1,0],[1,-1],[1,0],[1,1],[-1,0],[0,1],[-1,1],[0,1],[1,1],[-1,0],[-1,1],[-1,0],[-2,-1],[-1,1],[1,0],[0,3]],[[344,656],[1,0],[0,1],[1,0],[0,1],[1,2],[0,-1],[2,0],[1,1],[4,0],[0,1],[1,0],[1,-1],[4,0],[0,1]],[[360,661],[2,-1],[2,1],[1,0],[0,1],[3,0],[1,1],[2,-1],[1,0],[0,-4],[1,0],[0,-3],[1,-1],[5,0],[2,-1],[1,0],[0,1],[9,0],[1,-1],[1,1],[5,0],[0,-4]],[[397,650],[1,0]],[[398,650],[0,-1]],[[397,649],[1,0]],[[398,649],[0,-2],[1,0],[0,-1],[-1,0],[1,-1],[-2,0],[0,-1],[2,0],[0,-1],[9,0],[2,2],[1,0],[2,-2],[0,1],[2,0],[1,-1],[1,0],[0,-1],[1,0],[2,-2],[0,-3],[-1,-1],[1,0],[0,-1],[1,-1],[-1,-2],[1,-1],[-1,-1],[0,-1],[2,0],[1,-1],[2,0],[0,1],[4,0],[1,-1]],[[377,581],[-1,0],[-1,1],[0,1],[2,0],[0,-1],[-1,0],[1,-1]],[[361,589],[0,-1],[-1,0],[-3,3],[-1,0],[0,1],[1,0],[0,2],[1,0],[3,-3],[0,-1],[1,-1],[-1,0]],[[295,763],[-5,0],[0,1],[-2,1],[-1,0],[-4,2],[-1,1],[1,0],[0,1],[1,1],[-1,1],[-1,0],[-1,1],[0,1],[-13,0],[0,-1],[-1,-1],[-1,0],[0,-1],[-2,-1],[-1,-1],[0,-2],[-1,0],[-1,-1],[-1,1],[-3,-2]],[[241,781],[1,0],[2,2],[2,1],[0,1],[2,0],[0,1],[2,1],[1,0],[1,1],[0,2],[2,0],[0,1],[1,0],[1,1],[1,-1],[7,0],[0,2],[-1,0],[1,1],[1,0],[1,1],[0,1],[2,0],[0,2],[2,0],[1,1],[1,0],[0,-1],[1,1],[0,2],[1,1],[1,0],[3,3],[3,0],[1,1],[1,2],[1,0],[0,2],[-1,1],[0,2],[-1,0],[1,2],[2,2],[1,0],[0,2],[1,1],[0,2],[1,0],[2,1]],[[358,811],[-1,0],[0,-2]],[[358,809],[-1,0]],[[357,809],[0,-2],[-3,0],[0,-2],[-1,-1],[-1,-2],[1,0],[1,-1],[-1,-2],[-1,-1],[0,-2],[-1,-2],[0,-1],[1,-1],[0,-3],[-2,0],[0,-1],[-1,-1],[0,-4],[-1,-2],[0,-2],[-2,-2],[-2,-1],[-1,-1],[-1,0],[0,-1],[-1,0],[-1,-1],[-1,0],[-1,-1],[0,-2],[-1,0],[-1,-1],[0,-3],[-1,0],[0,-1],[-2,-1],[-4,0],[-1,-1],[0,-1],[-1,-1],[0,-1],[-1,-1],[0,-2],[1,0],[-2,-1],[-1,-1],[0,-2],[-1,-1]],[[323,752],[-1,1],[-2,-1],[-2,1],[0,1],[-2,1],[-1,1],[-5,0],[-1,1],[-1,0],[-3,-1]],[[305,756],[-2,1],[-1,2],[-2,0],[0,1],[-1,0],[-2,1],[0,1],[-2,1]],[[295,763],[3,3],[3,1],[1,1],[1,2],[2,2],[2,0],[4,2],[0,1],[1,1],[0,2],[1,0],[2,2],[1,0],[1,1],[0,5],[1,0],[0,5],[1,0],[0,1],[2,2],[0,1],[-1,1],[-1,0],[0,6],[1,0],[0,2],[2,0],[0,2],[1,2],[-1,1],[0,1],[1,0],[1,1],[2,1]],[[516,686],[0,-3],[1,-1],[-1,-1],[-1,0],[-1,-1]],[[515,680],[-1,0]],[[514,680],[0,-1],[1,0],[0,-1],[1,0],[0,-1],[2,-2],[0,-1],[1,0],[0,-2],[-1,-1],[1,-1],[1,0],[1,-1],[0,-2],[1,-1],[0,-1],[2,0]],[[524,665],[0,-4],[-1,-1],[-1,0],[-1,-1],[1,-2],[3,0],[1,-1],[0,-1],[1,0],[-1,-2],[0,-2],[1,-1],[0,-2]],[[527,648],[0,1]],[[527,649],[-1,-2],[1,0],[1,-2],[-1,-1],[1,-1],[1,0],[1,-1],[1,0],[0,-1],[1,-1],[1,0],[0,-5],[1,0],[1,1],[0,3],[1,0],[0,-1],[1,0],[2,1],[1,1],[2,-2],[1,0],[2,-1],[0,-1],[2,-2],[1,-2],[1,0],[2,1],[0,-1],[1,1],[1,0],[2,1],[0,1]],[[555,635],[1,-1],[1,-3],[0,-2],[-1,-2],[0,-1],[-1,0],[0,1],[-2,0],[0,-1],[-1,0],[0,-2]],[[552,624],[-1,0]],[[551,624],[0,-3],[-1,-1],[0,-1]],[[551,619],[-1,0]],[[550,619],[0,-1],[-1,-1],[-2,-1],[0,1],[-2,0],[0,-1],[-1,-1],[-4,-1],[-2,1],[-1,0],[-1,-1],[-5,0],[-2,-2],[-2,2]],[[527,614],[-1,0],[0,2],[-1,0],[-2,2],[-3,0],[0,-1],[-3,0],[0,-1],[-1,-1],[-2,0],[-1,-1],[0,-1],[-1,-1],[0,1],[-3,3],[-1,0],[0,1],[-1,0],[-1,1],[-1,0],[0,1],[-1,-1],[-1,1],[0,1],[-3,0],[0,1],[1,1],[2,0],[0,-1],[1,1],[-1,1],[-1,0],[0,1],[-2,1],[0,-3],[-5,0],[0,1],[-1,0],[-1,1],[0,-1],[-1,0],[-2,-2],[-1,0],[-3,-2],[0,2],[-1,0],[0,-2],[-1,-1],[0,1],[-1,0],[-1,1],[1,0],[-1,1],[1,0],[0,1],[-1,0],[-3,3],[-1,0],[0,-1],[-1,1],[-1,0],[0,3],[1,0],[0,3],[2,2],[0,4],[-2,0],[0,1],[1,1],[-2,0],[-1,1],[-2,0]],[[473,639],[0,1]],[[473,640],[-4,0],[0,1],[-6,0],[-1,1],[-3,-1],[-4,0],[-2,-2],[-1,0],[0,-2],[1,0],[1,-1],[-3,0],[-2,-1],[-1,0]],[[446,635],[2,0]],[[448,635],[0,1]],[[448,636],[1,1],[1,0],[1,2],[-3,0]],[[447,639],[1,0]],[[448,639],[-1,-1]],[[447,638],[-1,0],[0,3],[1,1],[0,3],[1,0],[1,3],[0,2],[1,1],[-1,1],[-2,0],[0,-1],[-1,0],[-1,2],[0,1],[-1,4],[1,0],[0,2],[1,0],[2,1]],[[448,661],[2,1],[3,0],[1,1],[0,2],[1,1],[0,1],[-1,1],[4,0],[0,-1],[1,0],[2,1],[3,0],[0,1],[2,1],[1,0],[2,1],[1,1],[-2,2],[-1,-2],[-1,-1],[-2,0],[-2,1],[0,1],[1,1],[0,2],[-1,1],[0,1],[-1,0],[-1,1],[-1,-1],[-1,0],[-1,1],[1,1],[0,1],[-4,0],[0,2],[1,0],[1,1],[2,0],[2,1],[0,1],[1,1],[2,0],[0,1],[-1,0],[0,1],[-2,0],[-1,1],[0,2],[2,0],[2,1],[1,-1],[1,2],[0,1],[2,2],[1,0],[0,2],[1,0]],[[469,699],[1,-1],[2,0],[1,-1],[1,1],[2,0],[0,-1],[1,1],[2,0],[0,1],[2,0],[0,1],[2,-1],[-1,0],[0,-2],[1,0],[-3,-3],[-2,0],[0,-1],[1,-1],[2,-1],[1,1],[2,0],[0,-1],[1,-1],[0,1],[2,2],[1,0],[2,-2],[1,0],[1,1],[1,-1],[2,-1],[0,-1],[2,-1],[3,-3],[2,-1],[1,0],[0,-1],[1,0],[-1,-1],[2,1],[0,1],[4,0],[0,-1],[2,0],[0,2],[2,2],[1,0],[1,-1],[1,0]],[[486,698],[1,1],[1,0],[0,-1],[-2,0]],[[964,433],[3,-3],[3,0],[2,-2],[1,0],[1,-1],[1,0],[4,-4],[1,0],[1,-1],[0,-1],[1,-1],[2,-1],[1,0],[0,-1],[3,-3],[2,-1],[1,-1],[1,0],[0,-2],[1,-1],[1,-2],[0,-3],[1,0],[0,-1],[1,-1],[0,-1],[1,-1],[1,0],[1,-1],[-1,0],[0,-1],[1,-1],[0,-1],[-2,-1],[-1,-1],[0,-1],[-1,-2],[-1,-1],[-1,0],[-1,-1],[0,-2],[-2,0],[0,-2],[-1,-1],[-1,-4],[0,-1],[1,0],[0,-3],[-1,0],[0,-5],[-2,-2],[0,1],[-1,-1],[-1,0],[-2,2],[-1,0],[-1,1],[-1,0],[-1,1],[-6,0],[-1,1],[-1,0],[-1,1],[-1,0],[-2,2],[-1,0],[-2,2],[-2,1],[-1,1],[-1,0],[0,1],[-3,3],[-1,2],[1,0],[1,1],[0,2],[-2,2],[0,0],[1,1],[0,4],[-2,2],[-1,0],[0,1],[-1,0],[0,1],[-1,1],[-1,0],[-1,1],[0,1],[-1,0],[1,1],[0,2],[-1,0],[0,1],[0,0],[-1,1],[-1,0],[0,1],[-1,0],[0,1],[-1,0],[-1,1],[-1,0],[0,-1],[-2,1],[-4,0],[-1,1]],[[954,393],[0,0]],[[715,554],[3,0],[4,-1],[4,1],[2,0],[3,-1],[1,0],[1,-1],[9,0],[5,1],[6,1],[6,0],[1,-1],[5,0],[7,1],[10,1],[4,1],[6,0],[3,-1],[1,-1],[2,-1],[2,0],[0,-1],[1,-1],[1,0],[0,-3],[1,-1],[0,-1],[1,-1],[0,-3],[-1,0],[0,-1],[-1,-1],[-1,0],[0,-1],[-1,0],[-1,-1],[-2,0],[0,-1],[-1,0],[-1,-1],[-1,0],[-1,-1],[0,-1],[-1,0],[-1,-1],[-2,-1],[-1,0],[-1,-1],[-5,-2],[-3,-1],[0,-7],[2,-4],[3,-3],[3,-2],[2,-1]],[[747,572],[0,-1],[0,0],[0,1]],[[747,572],[0,0]],[[746,571],[0,0]],[[745,570],[-1,-1],[-1,1],[1,1],[1,0],[0,-1]],[[40,859],[-2,1],[-2,-1],[-1,1],[1,1],[-1,1],[-4,0],[1,2],[-1,1],[0,1],[-1,1],[1,1],[-2,1],[1,2],[0,1],[1,1],[0,1],[-2,1],[-5,0],[0,1],[-1,0],[0,1],[-2,0],[-3,1],[0,1],[-1,0],[-1,2],[-1,0],[1,2],[-1,0],[0,4],[1,0],[0,1],[-1,1],[1,2],[3,0],[1,-1],[0,1],[1,1],[1,0],[0,-1],[2,0],[0,1],[2,0],[1,1],[2,1],[2,0],[1,1],[0,1],[1,2],[2,0],[2,-2],[1,0],[0,-1],[2,-2],[1,0],[2,1],[1,1],[2,-2],[2,0],[0,1],[1,1],[1,0],[2,1],[1,-1],[2,1],[0,2],[3,0],[0,-1],[1,0],[1,1],[1,-1],[1,0],[1,-1],[1,0],[0,1],[2,0],[1,1],[1,0],[1,1],[2,0],[0,1],[1,1],[1,0],[0,1],[1,-1],[1,1],[0,-1],[2,0],[0,3],[3,0],[0,-1],[3,-1],[0,1],[2,-1],[1,1],[1,0],[1,-1],[0,-1],[3,0],[0,-2],[1,-1],[1,0],[1,1],[0,1],[2,0],[2,-2],[2,0],[0,1],[1,-1],[3,0]],[[127,727],[-1,-1],[-3,0],[-1,-2],[-1,-1],[-2,0],[-4,-2],[-2,0],[0,-1],[-2,0],[-1,-1],[-5,0],[-1,-1],[-2,0],[0,-1],[-6,0],[-1,-1],[-1,0],[-1,-1],[-1,0],[-1,1],[-1,-1],[-1,0],[-1,-2],[-2,1],[-3,0],[-3,1],[-2,-1],[-2,0],[0,1],[-1,0],[0,1],[-1,1],[0,2],[-1,0],[0,3],[1,1],[2,0],[1,1],[2,0],[-1,1],[0,1],[1,0],[0,2],[1,0],[1,1],[2,0],[2,1],[1,0],[0,1],[2,2],[-1,0],[0,2],[1,0],[0,1],[2,0],[0,1],[1,0],[0,1]],[[833,494],[1,0],[2,-2],[2,0],[1,-1],[5,0],[2,-2],[3,0],[3,-1],[1,0],[2,-2],[4,0],[0,-1],[1,1],[1,0],[0,-1],[5,-1],[1,-1],[1,0],[1,-1],[5,-1],[2,0],[3,-1],[1,-1],[4,-2],[2,0],[3,-3],[2,0],[0,-1],[2,0],[0,-1],[2,0],[0,-1],[2,-1],[2,-2],[2,-1],[0,-1],[3,-1]],[[789,511],[10,-4],[3,-1],[4,-2],[1,0],[3,-2],[2,0],[5,-1],[1,-1],[1,0],[2,-1],[1,0],[1,-1],[1,0],[1,-1],[2,-1],[3,0],[0,-1],[2,0],[0,-1],[1,0]],[[833,494],[-1,-1],[0,-1],[-2,-2],[1,-1],[-1,-1],[0,-1],[-1,0],[-2,1]],[[827,487],[0,1]],[[827,488],[-1,1],[-1,0],[0,1],[-1,0],[-1,1],[0,-1],[-2,0],[0,1],[-1,0],[0,-1],[-1,0],[0,-1],[-1,0],[-1,-1],[-1,1],[0,-3],[1,0],[0,-1],[-1,0],[-2,-2],[0,-1],[-1,0],[-1,-1],[-2,-4],[0,-1],[-1,0],[0,-1],[1,0],[-1,-2],[0,-2],[-2,-1],[-3,-3]],[[776,486],[2,1],[1,1],[1,0],[1,2],[3,0],[0,1],[3,0],[0,1],[1,0],[1,1],[0,2],[1,1],[0,1],[-2,0],[-1,3],[-1,1],[0,4],[4,2],[-1,1],[-2,1],[-1,0],[-1,1],[-1,0],[-2,1],[1,1],[3,0],[1,-1],[2,0]],[[168,765],[-1,-1],[-2,0],[-2,-1],[-3,-2],[-2,0],[-1,-1],[-1,0],[1,-1],[-1,0],[-2,-1],[-2,-2],[1,0],[0,-1],[1,0],[-1,-1],[0,-1],[-2,0],[0,-1],[-1,0],[0,-2],[1,0],[-2,-2],[-3,0],[-4,-2],[-1,0],[-3,-1],[0,-1],[-1,0],[0,-1],[-1,0],[-1,-2],[-1,-1],[0,-4],[-1,0],[-4,-4],[0,-2],[1,-1],[-1,0],[-1,-1],[-1,0],[0,-1]],[[127,727],[-1,0],[0,2],[-1,0],[0,1],[-3,1],[-5,0],[-1,1],[-1,0],[0,1],[-1,0],[0,3],[2,0],[1,1],[1,0],[0,1],[1,0],[-1,1],[0,2],[-1,0],[0,1]],[[216,786],[4,0],[1,-1],[-1,0],[0,-1],[3,0],[0,1],[2,0],[0,-1],[1,0],[2,-1],[3,0],[0,-1],[1,1],[1,0],[0,1],[2,0],[0,-2],[2,0],[0,-1],[4,0]],[[241,781],[-1,-1],[2,-2],[0,-1],[-1,0],[0,-3],[-2,0],[0,-1],[-1,-1],[0,-1],[-1,-1],[-1,0],[0,-1],[3,0],[0,-1],[1,0]],[[242,751],[-1,1],[0,1],[-5,0],[0,1],[-1,1],[-2,0],[0,1],[-1,0],[0,1],[-2,1],[-3,1],[-1,1],[-1,0],[-4,2],[-1,0],[-1,1],[0,-1],[-1,0],[-1,-1],[0,-2],[-2,0],[-1,1],[-2,0],[0,3],[-1,1],[-1,0],[-2,1],[-4,0],[-4,1],[-2,0],[-3,1],[-2,0],[0,1],[-1,0],[0,-1],[-4,1],[-2,0],[0,1],[-8,0],[-4,-1],[-1,0],[0,-1],[-1,0],[-1,-1],[-1,0],[-2,-1]],[[168,765],[-2,2],[-1,0],[0,2],[-1,1],[4,0],[2,1],[1,1]],[[172,772],[-1,0]],[[171,772],[0,3],[-1,1],[-4,0],[0,-1],[-1,0],[0,1],[-1,1]],[[218,758],[-1,0],[0,1],[1,-1]],[[327,935],[0,-1],[4,-1],[0,-1],[1,-1],[-2,-2],[2,0],[0,-4],[-1,0],[0,-1],[-1,-1],[-1,-2],[1,0],[0,-1],[1,-1],[-1,0],[0,-1],[-1,-1],[1,0],[0,-1],[-1,-2],[-3,-3],[-1,0],[-1,-1],[0,-3],[-1,0],[-1,-1],[0,-2],[-1,0],[0,-1],[2,-1],[1,0],[0,-2],[1,0],[0,-1],[1,-1],[0,-1],[-1,-1],[0,-1],[1,-1],[0,-1],[-1,0],[1,-1],[0,-2],[2,0],[1,-1],[-1,0],[-1,-1],[1,0],[0,-1],[1,-1],[3,1],[2,1],[4,0],[0,3],[1,-1],[1,0],[1,1],[5,0],[1,-1],[0,1],[7,0]],[[354,891],[-1,-2],[-2,-1],[0,-1],[-4,-4],[-3,-4],[-1,-2],[-1,0],[-1,-1],[0,-1],[-5,-4],[0,-3],[1,-3],[0,-7],[1,-1]],[[336,857],[2,0]],[[338,857],[0,-2]],[[337,855],[1,0]],[[274,856],[0,4],[-1,0],[0,1],[-1,0],[0,2],[-1,1],[0,1],[-1,1],[0,3],[1,0],[0,2],[3,0],[1,2],[1,1],[0,1],[2,0],[0,1],[4,0],[1,1],[5,0],[1,1],[0,1],[-1,1],[1,1],[0,2],[-1,1],[0,2],[1,1],[0,1],[2,0],[3,3],[2,1],[0,1],[-1,1],[-1,0],[-2,1],[0,1]],[[293,896],[-1,0]],[[292,896],[-1,1],[0,2],[1,0],[3,3],[2,0],[4,4],[3,0],[1,1],[-1,1],[-1,0],[-1,1],[-4,0],[0,1]],[[804,467],[1,-1],[2,-4],[0,-1],[1,0],[0,-1]],[[767,382],[-1,0],[0,1],[-1,0],[0,1],[-1,2],[-2,2],[-1,0],[0,1],[-1,0],[0,2],[-1,1],[-1,0]],[[731,460],[4,0],[0,3],[-2,0],[0,1],[8,0],[0,-1],[2,0],[0,2],[2,0],[1,1],[2,0],[0,1],[1,1],[0,2],[1,0],[1,1],[0,5],[-1,0],[1,1],[-1,0],[0,1],[-1,1]],[[749,479],[0,2],[1,0],[0,1],[2,0],[1,1],[2,0],[2,-1],[7,0],[1,1],[1,0],[1,-1],[3,0],[1,1],[-1,1],[3,0],[0,1],[1,0],[1,1],[1,0]],[[776,486],[2,0],[0,-1],[1,0],[1,-1],[4,0],[0,-2],[2,0],[0,-1],[1,-2],[2,0],[2,-2],[-1,0],[0,-3],[-2,-2],[-3,0],[0,-1],[4,-1],[0,-1],[3,0],[0,-1],[2,0],[1,-1],[1,0],[2,-2],[1,1],[0,1],[1,1],[1,0],[3,-1]],[[257,764],[2,0],[1,-1],[0,-1],[1,-1],[1,0],[1,-1],[0,-1],[1,0],[1,-1],[2,-1],[2,0],[1,-1],[1,0],[1,-2],[-1,-1],[1,-1],[1,0],[-1,-1],[-1,-2],[1,-1],[1,1],[0,1],[1,1],[2,0],[0,-1],[2,0],[-2,-2],[-1,0],[-1,-1],[7,0],[0,-1],[1,-1],[-1,0],[1,-2],[1,0],[0,-1]],[[283,742],[-1,-1],[1,0],[0,1]],[[283,742],[1,0],[1,1],[2,0],[2,-2],[-1,-1],[0,-1],[-2,-1],[-1,-1]],[[285,737],[-3,0],[0,-1],[-2,0],[-1,1],[-2,1],[-1,0],[0,1],[-1,1],[-3,0],[0,1],[-1,1],[-1,0],[-2,-1],[1,-1],[0,-1],[1,0],[0,0],[1,-1],[-1,0],[-1,-1],[-1,1],[-1,0],[-3,1],[0,1],[-1,0],[-1,1],[-1,0],[0,1],[-1,0],[0,1],[-2,0],[0,1],[-3,1],[-2,0],[0,-1],[-2,2],[-1,0],[0,2],[-3,0],[0,1],[-1,0],[0,1],[-1,0],[-1,1],[-2,0]],[[242,751],[2,2],[-1,0],[2,2],[2,0],[0,1],[-1,1],[0,1],[-1,0],[-2,1],[0,1],[-1,0],[0,1],[-1,0],[1,1],[0,1],[1,0],[-1,1],[-1,0],[0,1],[-1,1],[-1,0],[0,1],[-1,0],[2,1]],[[240,768],[0,1],[2,0],[3,1],[6,0],[2,-2],[1,0],[1,-1],[0,-1],[1,-2],[1,0]],[[271,736],[-1,0],[-1,1],[2,0],[0,-1]],[[175,913],[1,1],[0,1],[2,0],[1,-1],[2,-1],[2,0],[0,1],[3,-3],[1,0],[0,-1],[-1,-1],[-1,0],[0,-1],[-1,-1],[-1,0],[-1,-1],[0,-1],[-1,-1],[5,0],[0,-1],[2,-1],[1,-1],[2,0],[0,-1],[-1,-1],[1,0],[0,-1],[1,0],[0,-1],[1,0],[0,-1],[1,-1],[0,-1],[1,0],[-3,-3]],[[245,830],[-1,0],[0,-1],[2,-2],[-1,-1],[-2,0],[0,1],[-1,1],[-1,0],[-1,-1],[-4,0],[0,-1],[-2,0],[0,-1],[-1,0],[-1,-1],[-2,-1],[1,-1],[-1,-1],[1,0],[-1,-1],[0,-1],[-2,0],[0,-3],[-3,-3],[-2,0],[1,-1],[0,-1],[-1,0],[0,-1],[2,-2],[3,0],[0,-2],[1,-1],[0,-1],[1,0],[-2,-2],[-2,0],[0,-2],[-1,0],[-2,-1],[0,-1],[2,-1],[1,0],[1,-1],[0,-1],[-1,0],[0,-1],[-1,-1],[1,0],[1,-1],[-2,0],[-1,-1],[-1,0],[0,1],[-2,-1],[0,2],[-2,1],[0,-1],[1,-1],[-4,0]],[[225,792],[0,1],[-1,0],[0,-1],[1,0]],[[224,793],[0,0]],[[860,422],[-4,-4],[-3,-4],[-1,-1],[-2,-4],[-1,-3],[-1,-2],[-5,-5],[-2,-1]],[[821,393],[-1,1],[-1,0],[0,1],[-1,-1],[0,1],[1,1],[-2,0],[2,2],[-2,0],[1,1],[-1,0],[0,1],[2,1],[2,0],[-1,1],[1,1],[-2,0],[0,1],[-1,0],[-1,2],[0,1],[1,1],[-1,1],[1,0],[0,2],[1,1],[-1,0],[0,1],[1,0],[0,2],[-2,0],[-2,-1],[0,-1],[-1,-1],[-1,0],[-2,-1],[-2,1],[-2,-1],[-3,0],[0,1],[-2,2],[0,1]],[[801,415],[1,0]],[[802,415],[0,1],[1,0],[-1,1],[-1,0],[0,2],[-1,1],[0,1],[-1,0],[-2,1],[-1,1],[0,1],[1,1],[1,0],[1,1],[0,1],[-1,1],[-1,0],[-1,2],[1,1],[-1,2],[-2,2],[1,0],[1,1],[1,2]],[[798,438],[-1,0]],[[797,438],[-1,2],[-2,0],[-1,2],[-1,0],[-1,1],[1,1],[0,1],[2,0],[0,1],[2,0],[2,2],[2,0],[0,3],[-3,3],[1,1],[-1,1],[1,1],[3,0],[1,1],[3,1],[0,1],[3,0]],[[808,460],[3,-3],[2,-1],[1,0],[0,-1],[3,-2],[1,-1],[2,-1],[0,-1],[1,-1],[2,0],[5,3],[1,1],[0,1],[3,-3]],[[833,451],[-1,0]],[[832,451],[1,1],[-1,0],[0,1],[2,0],[1,-1],[1,0],[-1,1],[1,1],[1,0],[0,-1],[4,0]],[[842,453],[-1,0]],[[841,453],[0,-1],[2,0],[0,1],[1,-1],[4,-2]],[[786,444],[0,-4],[-1,0],[-1,1],[-1,0],[0,1],[-1,1],[2,1],[2,0]],[[204,875],[-1,-1],[-1,0],[0,1],[-1,-1],[-1,0],[-2,1]],[[198,874],[0,1]],[[198,875],[0,2],[-1,0],[-1,-1],[-1,0],[-1,-1],[-1,0],[0,2],[-2,0],[-1,1],[2,0],[1,1],[1,0],[0,1],[1,0],[0,2],[-1,0],[0,1],[-1,0],[0,1],[-1,1],[-1,0],[0,2],[1,0],[-1,1],[0,1],[1,1],[0,1]],[[192,891],[7,0],[0,-1],[1,-1],[1,0],[0,1],[1,0],[0,1],[1,0],[0,1],[1,0],[0,1],[-1,0],[1,1],[1,0],[1,1],[0,1],[1,0],[0,1],[-1,-1],[0,1],[-1,0],[0,1],[-2,0],[0,1],[-2,0],[0,1],[-1,0],[1,1],[-1,1],[-1,0],[0,1],[1,0],[0,1],[2,0],[0,1],[-1,0],[0,2],[-1,1],[1,1],[3,1],[1,0],[1,1],[0,1],[1,0],[-1,1],[-1,2],[1,0],[3,2],[1,0],[3,3],[3,0],[0,3],[2,0],[0,2],[2,0]],[[197,902],[-1,0],[0,1],[1,1],[0,-2]],[[244,906],[-4,0],[0,-1],[1,0],[0,-2],[1,-1],[1,0],[2,-2],[-1,-1],[0,-1],[-2,-2],[0,-1]],[[243,895],[-1,0]],[[242,895],[1,-1],[-2,-1],[-2,0],[0,-3],[2,-2],[0,-1],[-1,0],[-1,-1],[-1,1],[-1,-1],[1,-1],[1,0],[-1,-1],[-1,1],[0,-1],[1,-1],[-1,-1],[0,-2],[1,0],[0,-1],[-1,-1],[1,-1],[1,0],[0,-1]],[[220,883],[1,1],[-1,1],[0,1],[1,0],[0,1],[2,2]],[[224,889],[-1,0]],[[223,889],[0,1],[1,0],[1,1],[1,0],[0,1],[1,0],[0,2],[-1,1],[0,1]],[[227,896],[-1,0]],[[226,896],[0,1],[-1,-1],[-2,0],[0,1],[-1,1],[0,1],[1,0],[0,1],[-1,0],[0,1],[-1,0],[1,1],[1,0],[0,2],[-2,2],[0,1],[3,3],[0,6],[2,1],[2,0],[2,2],[0,-1],[4,0],[0,-1]],[[274,830],[-1,0],[0,-2],[1,0],[1,-1],[0,-1],[-1,-1],[-1,0],[-1,1],[0,1],[-3,0],[0,-4],[-1,1],[0,2],[-2,0],[-1,1],[-1,0],[0,1],[-1,1],[-1,-1],[1,-2],[-1,0],[0,-1],[-1,0],[-1,-1],[-1,0],[-2,1],[-1,1],[-3,0],[-1,1],[1,1],[0,2],[-2,0],[0,-2],[-2,-1],[0,1],[-2,0],[0,1],[-1,1],[-1,0]],[[245,830],[0,2],[-1,1]],[[235,835],[1,0]],[[236,835],[0,1],[-3,0],[0,2],[-1,0],[0,1],[-1,0],[-1,1],[-5,0],[2,2],[1,0],[0,1],[-1,0],[-1,1],[3,0],[0,1],[-1,0],[0,1]],[[862,296],[-1,0],[-5,-2],[-2,0],[-3,-2],[-10,-5],[-2,0],[0,-1],[-4,-4],[0,-1],[-1,-1],[0,-1],[-1,0],[-1,-2],[2,-2],[0,-6],[1,-1],[0,-6],[1,-3],[0,-3]],[[836,256],[-5,0],[0,1],[-2,0],[0,1],[-1,0],[0,1],[-1,0],[-1,1],[-4,0],[0,1],[1,0],[0,1],[1,0],[0,1],[-1,0],[0,1]],[[805,286],[1,3],[0,5],[-1,2],[-1,0],[-2,1],[-1,1],[-1,0],[0,1],[-2,3],[-2,2],[-1,2]],[[823,264],[-3,1],[-1,0],[0,-1],[-1,0],[0,-1],[-1,-1],[0,-1],[-1,-1],[3,-3],[1,0],[0,-1],[-1,0],[1,-1],[0,-1],[-1,0],[-1,-1],[-6,0],[0,1],[-2,0],[0,2],[-3,3],[-4,0],[0,1],[-2,0],[-2,2],[-1,0],[-1,1],[-1,-1],[0,1],[-1,0],[-1,1],[-1,0],[0,-1],[-2,0],[0,-1],[-2,0],[-1,-1],[0,-1],[-1,1],[-1,-1],[0,1],[-2,0],[-1,-1],[-2,0]],[[781,260],[0,3],[-4,4],[-1,0],[-2,2],[-1,0],[0,1],[1,2],[1,1],[2,1],[2,0],[0,1],[4,0],[1,1],[0,1],[1,1],[4,0],[1,1],[4,-1],[2,-1],[1,1],[3,0],[0,1],[1,0],[1,1],[1,0],[2,6]],[[805,286],[3,0],[2,-2],[1,0],[-1,2],[0,1],[2,0],[1,-1],[2,-1],[1,-1],[2,0],[-1,-1],[1,-1],[0,-2],[-2,-2],[1,-1],[-1,-1],[0,-1],[-1,0],[0,-1],[1,0],[0,-2],[-1,-1],[1,-1],[2,0],[1,-1],[-1,0],[1,-1],[2,0],[1,-1],[0,-1],[1,0],[1,-1],[-1,0],[0,-1]],[[809,286],[0,0]],[[321,951],[1,-2],[1,-1],[2,0],[4,-1],[1,0],[2,-1],[1,-1],[1,0],[2,-1]],[[336,944],[-1,-1],[0,-2],[1,-1],[-2,-2],[-1,0],[-2,-1],[-1,0],[-1,-1],[-2,0],[0,-1]],[[327,935],[-1,-1],[-1,0],[-2,2],[-1,-1],[-2,-1],[-1,0],[-2,-1],[-1,-1],[0,-1],[-2,-1],[-3,0],[-1,-1],[0,-2],[-1,0],[0,-1],[-1,0],[0,-2],[-1,0],[0,-1],[-2,0],[-1,-1],[-2,0],[0,-1],[-2,0],[-1,-1],[-1,0],[0,-1],[-1,0],[0,-2],[1,0],[0,-1],[-1,-1],[0,-1],[1,0],[0,-1],[1,-1],[-1,-1],[0,-1]],[[298,910],[-5,0],[-1,-1],[-1,1],[0,1],[1,0],[0,2],[-2,0],[0,-1],[-1,1],[-1,0],[0,-1],[-4,0],[0,-1],[-6,0],[-2,-1],[0,-1],[-9,0],[0,1],[-14,0],[-1,-1],[-2,0],[0,-1],[-1,-1],[-3,0],[0,-1],[-2,0]],[[244,906],[-1,1],[0,1],[-1,1],[0,1],[-1,1],[-1,0],[-2,1],[-3,0],[0,1],[-1,0],[0,4]],[[234,917],[1,1],[0,4],[1,1],[-1,1],[-1,0],[0,-1],[-3,0],[-2,1],[-1,1],[-3,0],[-2,1],[-1,-1],[-2,0]],[[220,925],[0,3],[1,0],[0,1],[2,2],[0,1],[1,0],[1,1],[-1,0],[0,2],[-2,2],[1,1],[0,2],[-1,1],[-2,1],[0,2],[2,0],[0,3],[1,1],[6,0],[0,1],[1,0],[1,-1],[-1,0],[0,-1],[2,0],[0,-1],[2,-1],[1,1],[0,1],[1,1],[2,1],[0,-2],[-1,0],[0,-1],[1,0],[0,-7],[1,-1],[-1,0],[0,-1],[2,0],[2,-2],[0,-1],[3,-3],[3,0],[0,-1],[5,0],[2,1],[2,0],[0,-1],[2,0],[1,1],[0,4],[3,0],[1,-1],[1,0],[3,1],[1,1],[3,0],[4,2],[0,-1],[2,0],[1,1],[1,0],[0,-2],[2,-1],[1,0],[0,-1],[-1,0],[0,-1],[1,-1],[0,-3],[3,0],[2,-1],[0,-3],[0,0],[0,-1],[2,0],[2,1],[1,-1],[2,0],[1,1],[0,1],[2,1],[-1,2],[-2,2],[-1,0],[-1,1],[-1,2],[0,1],[1,1],[1,0],[0,2],[3,0],[0,3],[-1,0],[-1,1],[-3,0],[0,-1],[-2,0],[0,1],[-2,0],[0,1],[-1,0],[0,1],[1,1],[0,1],[-1,0],[0,3],[1,0],[0,2],[-1,0],[0,1],[1,0],[3,3],[1,0],[0,3],[1,-1],[1,0],[2,1],[3,1],[1,-1],[1,0],[2,2],[1,-1],[0,-1],[1,0],[-1,-1],[0,-3],[1,0],[1,1],[2,-2],[0,-1],[5,0],[0,1],[1,0],[1,-1],[5,0],[0,-1],[1,0]],[[274,856],[0,-7],[1,-1],[2,0],[0,-1],[1,0],[1,-1],[2,0],[0,-1],[1,0],[0,-1],[1,0],[2,-1],[4,0],[0,-1],[1,0],[1,-1],[1,0],[0,-1],[3,0],[1,-1],[1,0],[0,1],[1,-1],[3,0],[0,-1],[1,0],[0,2],[2,0],[0,1],[1,-1],[1,0],[0,-1],[1,0],[1,-1],[1,0],[1,-1],[0,-1]],[[322,813],[-2,1],[-1,1],[-1,2],[-2,0],[-2,-1],[-1,0],[-2,1],[-1,0],[-1,1],[0,1],[-3,0],[-2,2],[-3,1],[-1,-1],[-1,0],[-2,2],[-1,-1],[-2,-1],[-3,0],[-1,1],[0,1]],[[290,823],[-1,0],[-1,-1],[0,1],[-2,2],[-1,0],[0,1],[1,0],[0,1],[-1,0],[0,1],[-3,2],[-2,0],[-2,-2],[-2,-1],[0,1],[1,1],[0,1],[-1,1],[-1,-1],[-1,0]],[[274,830],[-2,2],[-1,0],[0,1],[-1,-1],[-1,0],[0,1],[-4,0],[0,1],[-1,1],[-1,-1],[-1,1],[1,0],[0,1],[1,0],[1,1],[-1,0],[0,1],[-1,0],[-1,-1],[0,1],[-1,0],[-2,1],[1,0],[0,1],[-1,0],[0,1]],[[259,841],[1,0],[0,1],[-1,-1]],[[259,841],[-2,0]],[[257,842],[0,-1]],[[257,841],[-1,0],[0,1],[-1,0],[0,1],[-1,-1],[-1,1],[-1,0],[0,1],[-1,0],[0,1],[-1,1],[0,1],[-1,1],[0,2],[-2,0],[0,-1],[-1,-1],[-1,0],[-1,1],[-2,0],[0,1],[-1,0],[-1,1],[-1,0],[-1,1],[0,1],[1,1],[0,1],[1,0],[0,2]],[[243,862],[1,-1],[1,0],[0,-1],[1,-2],[2,0],[0,1],[1,0],[0,1],[1,0],[1,-1],[0,-1],[3,0],[0,-1],[1,-1],[2,1],[0,1],[1,0],[0,1],[1,1],[2,0],[0,-1],[1,0],[0,-1],[1,0],[1,-1],[0,-1],[1,0],[0,-1],[1,1],[1,-1],[0,2],[1,0],[0,1],[2,0],[2,-2],[2,0]],[[841,398],[-3,-3],[0,-6],[1,-2],[0,-1],[1,-1],[0,-1],[-1,0],[-1,-2],[-2,-2],[-3,-2],[0,-1],[-3,-3],[-1,-2],[0,-1],[-1,-2],[0,-2],[2,-2],[1,0],[1,-1],[-1,-3],[1,-1],[-1,0],[0,-1],[2,0],[0,-1],[4,-2],[2,0],[2,-1],[3,1],[1,0],[1,-1],[4,0],[1,1],[1,0],[4,-3],[0,-1],[1,-1],[0,-1],[3,-1],[1,-1],[2,-1],[1,0],[2,-1],[1,-1],[1,0],[5,-1]],[[839,319],[-1,0],[-1,-1],[0,-1],[-1,0],[-1,-1],[-1,0],[-2,-1],[-1,0],[0,1],[-1,0],[0,-1],[-1,-1],[-1,0],[0,-2],[2,0],[0,-1],[-2,0],[-1,-1],[1,-2],[-1,0],[1,-1],[-1,-1],[-2,1],[0,1],[-1,-1],[-1,0],[-1,1],[0,1],[-1,1],[-1,0],[0,1],[-1,0],[-1,-1],[-2,2],[0,-1],[-6,0],[-1,1],[0,-1],[-1,0],[-2,-1],[0,1],[-1,0],[0,-2],[-2,0],[0,-1],[-1,0],[-2,-1],[-1,-1],[-1,1],[-1,0],[0,-1],[-2,0]],[[795,306],[-1,4],[0,2],[-1,1],[0,5],[-1,3],[0,5],[-1,4],[0,1],[-1,1],[-3,9],[-1,0],[-2,2],[-1,2],[-2,2],[-1,0],[0,1],[-1,0],[-1,1],[-1,0],[0,1],[-1,2],[0,1],[-1,1],[0,2],[-1,0],[-1,3],[0,1],[-1,0],[-1,3],[0,3],[-1,2],[0,3],[-1,1],[0,2],[-1,0],[1,1],[1,0],[0,2],[-1,0],[0,2],[-1,1],[-1,2]],[[767,382],[1,0],[0,3],[1,0],[1,1],[1,0],[0,1],[1,1],[3,1],[0,-1],[1,-1],[1,1],[1,0],[1,-1],[1,0],[1,1],[4,-1],[3,0],[0,1],[1,0],[1,-1],[0,-1],[-1,0],[-1,-1],[1,-2],[0,-2],[2,0],[0,-2],[3,0],[1,1],[4,0],[1,1],[2,0],[1,-1],[1,0],[1,-1],[1,2],[-1,1],[3,0],[2,1],[1,-1],[2,0],[2,-1],[2,-2],[0,1],[1,1],[-1,0],[0,1],[-1,1],[1,1],[1,0],[0,2],[1,1],[0,1],[1,0],[1,2],[-1,2],[1,1]],[[821,393],[0,1],[1,1],[0,4],[1,0],[0,1]],[[823,401],[0,-1]],[[823,400],[1,-1],[1,1],[2,0],[1,-1],[3,0],[1,-1],[1,1],[3,0],[1,1],[0,-1],[3,0],[1,-1]],[[862,296],[1,0],[0,1],[1,0],[0,1]],[[865,298],[-1,0]],[[864,298],[0,1],[-2,1],[1,0],[0,1],[-1,0],[1,1],[-1,0],[-1,1],[0,1],[-2,0],[-1,2],[-2,0],[-1,1],[-3,0],[-1,1],[-1,0],[-1,-1],[0,1],[-1,0],[-2,2],[-2,0],[0,1],[-2,2]],[[841,313],[1,0]],[[842,313],[1,1],[1,0],[0,1],[-2,0],[-1,1],[-1,0],[-1,3]],[[839,319],[3,0],[2,1],[2,-1],[3,0],[0,-1],[2,0],[1,1],[1,0],[-1,1],[0,1],[-1,1],[-1,0],[0,2],[1,1],[0,1],[-1,0],[1,1],[-2,2],[-2,1],[0,3],[1,0],[1,-1],[0,1],[2,0],[1,-1],[5,0],[1,-1],[0,2],[3,0],[0,1],[1,0],[1,1],[1,0],[0,1],[-1,1],[0,1],[1,-1],[2,0],[1,-1],[1,0],[0,1],[-1,0],[1,1],[-1,1],[1,1],[1,0],[0,1],[1,0],[3,3]],[[873,344],[2,-3],[2,-2],[4,-2],[2,0],[1,-1],[0,-1],[-1,-1],[-1,-2],[0,-1],[-1,-1],[0,-3],[-1,-1],[0,-2],[4,-4],[0,-1],[-1,-2],[-1,-1],[-1,-2],[0,-4],[1,-1],[0,0],[0,-1],[2,-2],[2,-1],[1,-1],[0,0],[-2,-2],[0,-3],[1,-1],[-1,0],[-4,-4],[-1,0],[-1,-1],[0,1],[-2,1],[-3,0],[0,-1],[-1,0],[-3,3],[-2,0],[-6,-1]],[[385,828],[-3,-1],[0,-1]],[[383,826],[-1,0]],[[382,826],[0,-2],[3,0],[2,-1],[2,0],[1,1],[0,-4],[4,0],[0,-1],[1,-1],[2,0],[1,-1],[2,0],[0,-1],[2,0],[1,-1]],[[403,815],[-2,-1],[0,1],[-6,0],[0,1],[-1,-1],[-1,1],[0,-1],[-2,0],[0,-1],[-1,0],[-2,1]],[[388,815],[-1,-1],[-2,0],[-1,-1],[-2,1],[-1,0],[-1,-1],[-2,2],[-3,0],[-2,1],[0,-1],[-1,-1],[-1,1],[-4,0],[-1,-1],[-1,0],[-1,-1],[-1,0],[-1,-1],[-3,0],[-1,-1]],[[358,811],[0,1],[-2,0],[0,1],[-1,0],[0,-1],[-1,1],[-3,0],[0,1],[-5,0],[0,2],[-1,2],[-2,0],[0,-2],[-1,0]],[[341,816],[1,0]],[[342,816],[0,1],[-1,1],[0,-1],[-1,0],[-2,-2],[0,-1],[-2,-1],[0,-1],[-1,0],[-2,-1],[-6,0],[-1,1]],[[326,812],[-1,0],[0,1],[-3,0]],[[322,813],[1,1],[2,0],[0,1],[1,1],[1,0],[1,1],[2,1],[1,0],[1,1]],[[332,819],[1,0]],[[333,819],[-5,0],[-2,-2],[-4,0],[0,3],[3,0],[0,1],[1,-1],[1,1],[0,1],[2,2],[-1,1],[-3,0]],[[325,826],[0,-1]],[[325,825],[0,-1],[-3,0],[0,-1],[-2,0],[-2,-1],[0,5],[4,0],[0,2],[1,1],[2,0],[-2,1],[-4,0],[0,-1],[-1,1],[-3,0],[-1,1],[0,1],[-1,0],[-2,1],[0,1],[-2,0],[1,1]],[[310,836],[2,0],[0,1],[2,0],[-1,1],[0,1],[1,0],[-1,1],[2,0],[0,1],[1,-1],[1,0],[-1,1],[0,1],[2,2],[1,0],[0,1],[1,1]],[[319,846],[1,0]],[[320,846],[1,0],[0,1],[1,0],[0,1],[1,-1],[0,3],[-1,1],[0,1]],[[321,852],[1,0]],[[322,852],[0,1],[1,1],[-1,0],[-1,1],[1,0],[4,-1],[1,0],[2,-2],[8,0],[0,1],[1,1],[0,1]],[[338,855],[1,1],[4,-1],[1,-2],[-1,-1],[-1,0],[0,-1],[1,0],[0,-1],[-1,0],[-1,-1],[0,-1],[2,0],[0,-2],[2,0],[0,-1],[-1,-1],[2,0],[1,1],[2,1],[3,-2],[3,-3],[2,0],[0,-1],[2,0],[0,-1],[3,0],[0,-2],[3,0],[2,-1],[0,-4],[4,0],[0,-2],[-1,0],[0,-1],[2,-1],[1,0],[0,-1],[3,0],[-1,1],[4,0],[0,1],[1,1],[0,-1],[1,0],[2,-1],[2,0]],[[241,873],[2,0],[0,-1],[1,-2],[1,-1],[-2,-2],[1,0],[0,-2],[1,-1],[1,0],[-1,-1],[0,-1],[-1,0],[-1,1],[0,-1]],[[243,862],[-2,-1],[0,-2],[-1,-2]],[[240,857],[0,1],[-2,0],[0,1],[-2,0],[-2,-1],[0,-2],[1,0],[0,-1],[-1,-1],[0,-1],[-2,0],[-1,-1],[0,-1],[-1,-1]],[[229,850],[1,0]],[[230,850],[0,-1],[-1,-1],[1,0],[1,-1],[0,-1]],[[232,846],[-1,0]],[[231,846],[0,-1]],[[232,845],[-1,0]],[[231,845],[-1,0],[0,1],[-2,0]],[[228,846],[-1,0],[-1,1],[-7,0]],[[219,848],[0,-1]],[[219,847],[-2,0],[-1,1],[0,-2],[-1,0],[0,-1],[1,-1],[-1,0],[-1,1],[-1,0],[-1,-1],[-1,1],[-1,0]],[[210,846],[0,-1]],[[210,845],[-4,0],[0,1],[-1,0],[0,-1],[-3,0]],[[202,844],[0,1]],[[202,845],[0,1],[-1,1],[-1,0],[-1,-1]],[[199,846],[0,1],[-1,0],[1,-1]],[[199,846],[0,-2],[2,0],[0,-1],[-1,0],[-1,-1],[-2,0],[0,1],[-1,0],[-1,1],[0,2],[-2,0],[-1,1],[0,1],[-4,0],[0,2],[-2,2],[0,1]],[[175,867],[1,1],[1,-1],[1,0],[0,1],[1,0],[1,1],[1,0],[0,2],[2,0],[1,-1],[0,-1],[1,0],[1,-1],[2,0],[1,1],[-1,1],[1,0],[2,1],[1,0],[2,2],[-1,1],[1,0],[2,-1],[1,-1],[0,-2],[1,0],[1,-1],[0,-1],[1,1],[1,0],[0,1],[1,-1],[3,0],[0,1],[-1,0],[0,3]],[[244,833],[-6,0],[0,2]],[[236,835],[2,0]],[[238,835],[0,1],[2,0],[0,-1],[3,0],[0,-1],[1,0],[0,-1]],[[220,883],[2,0],[2,-2],[0,-3],[1,0],[0,-1],[1,-1],[0,-1],[2,2],[1,-1],[1,0],[1,-1],[0,1],[1,0],[1,1],[1,0],[1,-1],[0,-1],[2,0],[1,1],[1,0]],[[239,876],[1,0],[0,-1],[1,0],[0,-1]],[[241,874],[0,-1]],[[241,873],[-1,0],[0,-2],[-1,0],[1,-1],[-3,0],[-1,-1],[-1,0],[-2,-1],[-1,0],[0,-1]],[[233,867],[-1,0]],[[232,867],[-6,0],[0,-1],[1,0],[-1,-1],[-1,0],[-1,1],[-2,0],[0,1],[-2,-1],[1,1],[-2,0],[0,1],[-1,0],[-1,1],[-1,-1],[-1,1],[-1,0],[0,1],[-1,0],[-1,-1],[-5,0],[1,1],[0,1]],[[207,871],[1,0]],[[208,871],[0,1],[-4,1]],[[204,873],[0,2]],[[204,875],[0,1]],[[205,876],[-1,0]],[[204,876],[1,1],[0,1],[3,0],[0,1],[1,-1],[1,0],[1,1],[3,-3],[2,0],[0,4],[1,0],[1,1],[1,0],[0,1],[1,0],[0,1]],[[614,534],[-1,0],[0,2],[-2,0],[0,1],[-1,1],[0,-1],[-3,0],[0,1],[-3,0],[0,1],[-2,0],[0,-1],[-3,1],[-1,1],[0,1],[-1,1],[0,1],[-2,0],[0,-1],[-1,0],[-1,1],[0,1],[-3,0],[-1,-1],[0,-1],[-1,0],[-1,-1],[-1,0],[-1,-1],[-2,-1],[0,1],[-2,0],[-2,1],[0,1],[-1,0],[0,1],[-2,0],[-2,1],[-2,2],[-3,0],[-1,-1],[-1,0],[0,1],[-1,0],[0,3],[1,1],[0,2],[1,0],[-2,2],[-2,0],[-1,1],[-2,1],[-1,0]],[[560,556],[-1,0],[0,1],[-1,1],[-3,0],[0,1],[-3,0],[-3,2],[-2,1],[-3,1],[-1,-1],[1,0],[0,-1],[-3,0],[-1,1],[-1,0],[0,2],[-1,0],[0,2],[-1,0],[0,3],[1,0],[0,1]],[[538,570],[0,1],[1,0]],[[539,570],[0,1]],[[539,571],[1,0],[1,1],[1,0],[0,1],[1,1],[0,2],[3,0],[1,-1],[2,-1],[1,-1],[0,1],[2,0],[1,-1],[1,0],[2,-2],[1,1],[4,0],[0,1],[1,0],[1,1],[0,1],[2,0],[-1,1],[3,0],[0,1],[-2,0],[-1,1],[-1,0],[1,1],[0,1],[-4,0],[-1,1],[-1,0],[0,1],[-1,1],[-1,0],[0,1],[-1,0],[0,1],[-1,2],[0,1],[-2,1],[-1,0],[-1,1],[-2,1],[1,1],[1,0],[0,1],[1,0],[1,1],[-1,1],[-1,0],[0,1],[-2,0],[-3,3],[2,1],[1,0],[2,2],[0,3],[-1,0],[-1,2],[2,0],[0,2],[1,1],[0,1],[3,0],[1,-1],[1,0],[1,1],[2,0],[0,-1],[8,0],[1,1]],[[600,597],[-1,0],[-3,1],[-2,1],[-1,0],[-1,-1],[-2,0],[-1,1],[-5,0],[-1,1],[-1,0],[0,-1],[-2,0],[0,2],[-2,0],[-2,1],[-1,0],[-2,2],[-1,0],[-1,1],[-2,4],[0,1],[-1,1]],[[568,611],[0,1],[1,1],[-1,1],[2,2],[-4,0],[-1,2],[0,2]],[[565,620],[4,0],[2,1],[1,0],[0,2],[1,0],[1,1],[1,0],[1,-1],[2,2],[0,2],[1,2],[1,0],[0,2],[1,0],[0,-1],[2,0],[1,-1],[0,1],[3,0],[1,1],[0,-1],[3,0],[2,1],[1,0],[0,1],[1,1],[0,1],[5,0],[2,1],[1,0],[1,1],[1,0],[2,1],[5,0]],[[612,637],[1,0],[0,-2],[1,-2],[0,-2],[2,-3],[0,-1],[1,-1],[3,-6],[0,-1],[3,-2],[0,-1],[1,-2],[3,-4],[2,-2],[3,-2]],[[632,606],[5,-5],[2,0],[2,-2]],[[626,568],[-4,0],[-1,-1],[-2,0],[0,1],[-2,1],[0,1],[-1,1],[-1,0],[-1,1],[-1,0],[-2,1],[0,2],[-2,-1],[-2,0],[0,-1],[-4,0],[-1,1],[0,2]],[[603,575],[-1,1]],[[602,576],[1,1],[0,3],[-1,1],[1,0],[0,1],[3,0],[0,3],[-1,1],[0,2],[-1,1],[-1,0],[0,2],[-1,1],[2,0],[-2,2],[-1,0],[0,1],[-1,1],[0,1]],[[600,597],[0,1],[2,1],[0,1],[1,1],[0,2],[4,0],[1,-1],[1,1],[0,1],[4,0],[0,1],[2,-1],[1,0],[0,1],[-1,1],[2,0],[1,1],[4,0],[2,-1],[0,1],[3,0],[1,-1],[4,0]],[[641,599],[5,-4],[3,-1],[2,-1],[1,-1],[1,0],[1,-1],[0,-1],[1,-1],[0,-1],[1,-1],[3,-1],[0,-1],[2,-1],[0,-1],[1,0],[0,-1],[2,-1],[1,0],[2,-1],[3,-2],[8,-2],[2,-2],[0,-4],[1,-1],[1,-2],[3,-1]],[[639,550],[-2,1],[-1,0],[0,1],[-3,0],[0,-1],[-5,0],[0,1],[-1,2],[-1,1],[1,1],[1,0],[-1,3],[0,1],[-1,1],[0,1],[1,1],[0,1],[1,1],[0,2],[-1,1],[-1,0]],[[626,568],[1,1],[1,0],[1,1],[0,4],[1,0],[-2,2],[-1,0],[1,1],[-1,1],[1,1],[1,0],[1,1],[1,0],[-2,1],[-1,0],[0,2],[1,0],[0,1],[-3,0],[2,1],[1,1],[-1,0],[-2,2],[0,1],[3,0],[0,1],[1,1],[-1,1],[1,0],[0,2],[1,0],[2,1],[-1,0],[0,1],[1,0],[0,1],[1,0],[-1,1],[1,0],[1,-1],[1,1],[0,-1],[2,0],[1,-1],[0,1],[1,0],[0,1],[1,1]],[[617,514],[2,2],[-1,0],[-1,1],[2,1],[1,1],[1,0],[0,1],[-1,1],[1,0],[0,2],[-2,0],[1,1],[-1,0],[1,1],[0,2],[-1,1],[0,1],[-1,1],[0,1],[-1,1],[-2,1],[-1,1]],[[614,534],[5,0],[1,-1],[1,0],[0,1],[1,1],[2,0],[0,1],[1,2],[2,0],[1,-1],[0,-2],[2,2],[-1,0],[0,1],[2,0],[2,1],[0,1],[1,0],[0,-1],[2,0],[0,2],[-2,0],[0,1],[-1,2],[-1,0],[0,3],[4,0],[2,1],[0,2],[1,0]],[[639,550],[1,0],[3,3],[1,-1],[1,0],[0,-1],[2,0],[1,-1],[0,-1],[1,-1],[1,1],[0,1],[1,0],[0,-1],[2,0],[2,-1],[0,-1],[2,0],[0,-2],[1,-2],[0,-3],[2,0]],[[651,512],[0,2],[1,2],[0,2],[1,0],[1,1],[3,0],[0,1],[1,0],[0,1],[1,0],[0,1],[2,2],[0,1],[1,1],[0,1],[-2,0],[0,2],[-2,0],[-1,1],[-1,-1],[-1,0],[0,1],[1,1],[0,1],[2,0],[1,1],[1,0],[0,-1],[1,0],[0,1],[1,0],[0,1],[1,0],[0,3],[-1,0],[-1,1],[-2,1],[1,1]],[[660,540],[1,1],[1,0],[2,1],[0,1],[1,0],[1,2],[1,0],[1,1],[0,1],[1,0],[1,1],[0,1],[1,1],[0,1],[1,0],[1,1],[2,1],[0,2],[1,1],[1,2],[1,0],[1,1],[0,1],[1,0],[1,1],[1,0],[1,1],[1,0],[1,1],[-1,1],[-1,0],[1,2],[1,0]],[[685,566],[1,0],[3,-2],[6,-2],[5,-1],[3,0],[1,-1],[2,-1],[3,-3],[2,-1],[2,0],[2,-1]],[[715,554],[-1,-2],[1,-1],[0,-1],[-1,-1],[0,-1],[-1,0],[-1,-1],[0,-2],[1,0],[0,-3],[-1,0],[0,-2],[1,-1],[-1,0],[0,-1],[1,-1],[2,-1],[1,-1],[-1,0],[-1,-1],[-2,-1],[0,-1],[-1,0]],[[711,533],[0,-1]],[[711,532],[-2,0],[0,-1],[-2,0],[0,-2],[-2,0],[1,-1],[-3,0],[-1,1],[-1,0],[-1,1],[-2,-2],[0,-1],[1,0],[0,-4],[-1,-1],[0,-3],[3,0],[3,-3]],[[37,794],[-2,1],[-2,2],[0,2],[-2,2],[1,1],[1,2],[-1,0],[0,1],[-1,0],[-2,1],[-3,1],[-2,-2],[-1,1],[-4,0],[0,1],[-2,0],[-2,1],[0,1],[-2,0],[0,1],[-1,0],[-1,1],[-1,0],[0,1],[1,1],[-1,0],[0,1],[1,0],[0,2],[-1,2],[0,0],[0,2],[-1,0],[-1,1],[-4,0],[-1,1],[1,1],[-1,0],[0,2],[-1,0],[0,1],[-2,2],[1,1],[1,0],[2,1],[0,1],[5,0],[2,1],[1,1],[2,-1],[2,0],[2,-2],[2,0],[1,1],[1,0],[0,2],[2,0],[1,1],[2,0],[0,1],[1,0],[1,1],[-1,0],[0,1],[3,0],[0,1],[1,0],[1,-1],[0,1],[1,-1],[0,1],[2,0],[1,-1],[1,0],[0,1],[2,1],[1,1],[1,0],[1,1],[-1,1],[0,1],[1,0],[-1,1],[-1,2],[0,1],[2,0],[-1,1],[1,1],[1,0],[1,1],[0,2],[1,0],[0,1],[1,1],[-2,0],[-1,1],[-2,1],[-1,0],[0,1],[-1,1],[0,1]],[[40,859],[1,1],[0,1],[1,2],[1,0],[0,-3],[1,0],[1,1],[1,-1],[3,0],[1,-1],[4,4],[4,0],[1,1],[3,0],[1,-1],[1,1],[1,0],[0,1],[1,0],[0,1],[1,0],[2,1],[1,2],[6,0],[1,1],[2,0],[1,-1],[2,0],[0,-2],[2,1],[2,0],[2,-2],[0,1],[4,0],[0,-1],[1,0],[1,1],[1,0],[1,1],[1,0],[1,1],[1,0],[2,1],[1,0],[1,1],[1,-1],[3,0]],[[651,512],[4,0],[0,-1],[3,0],[1,-1]],[[660,510],[-1,0]],[[659,510],[1,-1],[0,-1],[1,0],[1,-1]],[[622,466],[-1,2],[-5,5],[0,1],[-3,2],[0,1],[-3,6],[-1,0],[0,1],[-2,2],[-1,2],[-2,2],[-1,0],[-1,2],[-3,1]],[[599,493],[1,2],[4,0],[1,1],[0,2],[1,0],[1,1],[1,0],[0,1],[1,-1],[1,0],[0,3],[-1,1]],[[609,503],[0,3],[-1,0],[1,1],[1,0],[-1,1],[1,1],[-1,0],[-1,1],[1,1],[3,0],[0,1],[2,0],[1,2],[2,0]],[[617,514],[1,0],[2,-1],[0,-1],[-1,-1],[2,0],[0,-1],[1,0],[0,-1],[1,-1],[1,1],[1,-1],[1,1],[1,-1],[2,0],[-1,1],[0,2],[-1,0],[-1,2],[0,1]],[[627,514],[-1,0]],[[626,514],[2,2],[1,0],[0,2],[1,0],[2,-2],[1,0],[0,1],[7,0],[0,-1],[3,0],[1,-1]],[[643,515],[1,0]],[[644,515],[1,-1],[1,0],[1,-1],[3,0],[1,-1]],[[664,475],[-1,1],[0,2],[-1,1],[-1,-1],[-1,0]],[[660,478],[0,1],[-1,0],[1,-1]],[[660,478],[-3,0],[-3,1],[2,1],[0,1],[-1,0],[1,1],[0,2],[-4,0],[1,1],[-1,1],[-2,0],[-1,1],[0,1],[3,0],[0,-1],[1,0],[2,-1],[1,1],[0,1],[2,0],[1,1],[-1,1]],[[658,489],[0,1]],[[658,490],[0,1],[-1,0],[0,1],[-1,0],[0,1],[-1,1],[0,-1],[-1,1],[1,1],[-1,0],[2,2],[0,1],[1,1],[2,1],[1,0],[0,2],[-1,1],[0,1],[-3,0],[2,2],[0,1],[4,0]],[[662,507],[4,0],[1,1],[1,0],[1,-1],[0,-1],[2,0],[2,2],[2,0],[0,1],[2,1],[1,0],[1,-1],[3,1],[2,0],[0,3],[3,0],[1,-1],[1,0],[1,-1],[2,0],[2,2],[3,0],[2,1],[1,0],[2,1],[0,1],[2,0]],[[704,516],[1,0],[0,-1],[1,-1],[0,-1],[1,1],[0,-1],[2,-1],[3,0],[0,-1],[-1,-1],[0,-1],[1,-1],[-2,0],[-2,-2],[0,-1],[1,0],[0,-2],[3,0],[1,-1],[1,0],[0,-2],[1,0],[0,-1],[1,-1]],[[158,846],[0,-1],[-1,-1],[2,0],[0,-1]],[[159,843],[-1,0],[1,-1],[0,1]],[[159,843],[1,0],[0,-2]],[[160,841],[1,0],[-1,-1]],[[160,840],[0,1]],[[160,841],[-1,0],[0,-1],[1,0]],[[160,840],[1,0],[0,-1],[-1,0],[0,-1],[-1,0],[1,-1],[1,0],[0,-1]],[[161,836],[-2,0]],[[159,836],[3,0],[2,1],[0,-1],[-1,0],[0,-1],[-2,0],[0,-2]],[[128,833],[-1,1],[-1,0],[-1,1],[-6,0],[0,1],[-1,0],[-2,1],[-2,2]],[[115,839],[-1,0]],[[114,839],[0,3],[1,2],[-1,0],[1,1],[-1,1],[-2,0],[-1,-1],[0,1],[1,1],[0,2],[2,0],[2,-1],[1,-1],[0,3],[-1,0],[0,3],[1,1],[0,-1],[1,1]],[[110,881],[-1,1],[0,1],[-2,0],[-2,2],[-1,2],[0,2],[1,1],[-1,1],[0,1],[1,0],[0,1],[-1,1],[0,4]],[[104,898],[1,0],[0,1]],[[118,854],[-1,1],[2,2],[-2,0],[0,1]],[[118,858],[-1,0]],[[117,858],[-1,0],[-1,1],[-2,0],[0,1],[-1,0],[-2,2],[-1,0],[0,2],[-2,0],[-1,1],[-1,0],[2,2],[0,1],[-1,1],[1,1]],[[107,870],[0,2],[1,1],[1,0],[1,1],[0,1],[-1,0],[0,1],[-1,0],[0,1],[-1,1],[1,1],[1,0],[0,1],[1,1]],[[110,881],[6,0],[1,1],[3,0],[0,1],[1,-1],[0,-1],[1,0],[0,1],[1,0],[1,1],[2,1],[3,0],[1,-1],[0,1],[1,-1],[0,-2],[1,0],[2,-1],[1,0],[0,-1],[1,0],[2,-1],[2,-2],[0,-1],[2,0],[1,-1],[-3,0],[1,-1],[1,0],[-1,-1],[-2,0],[0,-1],[-1,1],[-1,-1],[0,-1],[1,-1],[0,-2],[2,0],[0,-2],[-1,0],[0,-1],[1,-1],[-2,0],[-1,-1],[-1,0],[0,-1],[-1,-1],[-1,0],[0,-2],[-2,-1],[-1,0],[-2,-1],[0,-1],[1,0],[0,-1],[-2,0],[-2,-2],[0,-1],[-5,1],[-1,1],[-1,0],[-1,1]],[[139,873],[1,0],[-1,1],[-2,-1],[0,-1],[2,1]],[[659,442],[-2,-1],[-2,0],[-2,-2],[-1,0],[-3,-1],[-1,-1],[0,1],[-1,-1],[-1,1],[1,1],[-1,0],[1,1],[0,1],[1,0],[0,1],[1,0],[0,0],[1,0],[2,1],[1,0],[0,1],[1,0],[-1,1],[1,0],[2,1],[0,1],[3,1],[1,0],[0,1],[-1,2],[-2,2],[-3,0],[-1,1],[-4,2],[-3,3],[-2,1],[-1,0],[-1,1],[-1,-1],[-3,0],[-1,-2],[0,-1],[-2,-1],[-1,1],[0,1],[-1,1],[-4,0],[-1,1],[-1,0],[-1,-1],[0,-3],[-3,0],[0,8],[-1,2]],[[622,466],[0,2],[-1,0],[0,2],[2,0],[0,1],[5,0],[0,1],[3,0],[0,-1]],[[632,471],[-1,0]],[[631,471],[-1,-1],[1,0],[0,-1],[1,1],[7,0],[0,1],[1,-1],[1,0]],[[642,470],[-1,0]],[[641,470],[0,1],[3,0],[0,4],[1,0],[2,-1],[7,0],[0,-1]],[[654,473],[-1,0]],[[653,473],[7,0],[0,1],[1,0],[2,-1],[1,1],[0,1]],[[664,475],[1,1],[2,0]],[[639,436],[3,0],[-1,-1],[-4,0],[-1,-1],[0,2],[3,0]],[[633,457],[0,0]],[[622,454],[-1,-2],[-1,0],[-1,1],[1,1],[2,0]],[[619,453],[0,-1],[0,0],[0,1]],[[617,451],[0,0]],[[609,453],[0,1],[1,-1],[3,0],[1,-1],[1,0],[1,-2],[0,-1],[-2,0],[-1,-1],[-2,1],[0,-1],[-2,0],[-1,1],[-1,0],[1,1],[-1,1],[0,1],[1,0],[0,1],[1,1],[0,-1]],[[175,913],[0,-3],[1,-1],[0,-1],[1,-1],[-1,0],[0,-1],[-1,0],[0,-1],[-1,0],[-1,-1],[-6,-4],[-4,-4],[1,-2],[1,-1],[0,-3]],[[145,885],[-1,1],[-1,-1],[-1,0],[0,4],[1,1],[-1,1],[1,0],[0,1],[-1,0],[0,1],[-1,1],[-1,0],[0,1]],[[141,895],[-1,0]],[[140,895],[-2,2],[-3,0],[0,1],[-1,0],[-1,1],[0,1],[-2,1],[-2,-1],[0,-1],[-5,0],[-1,-1],[-1,1],[-5,0],[-2,-1],[-1,-1],[-2,-1],[-1,1],[-1,0],[0,1],[-1,0],[-2,1],[-2,0]],[[105,899],[-1,1],[1,1],[0,2],[1,0],[2,2],[7,0],[0,1],[1,0],[0,1],[1,0],[-1,1],[1,0],[1,1],[0,1],[-1,1],[1,1],[0,2],[2,0],[4,1],[1,0],[0,1],[1,1],[2,0],[0,2],[1,1],[0,1],[-1,0],[0,2],[-1,0],[0,1],[-1,1],[-1,0],[0,1],[-1,0],[0,1],[-2,0],[2,2],[1,0],[0,1],[1,0],[1,1],[6,0],[0,1],[1,1],[0,1],[2,0],[1,1],[1,0],[-1,1],[1,1],[0,-1],[1,0],[3,2],[0,1],[-1,1],[-1,0],[0,1],[1,1],[1,-1],[1,1],[1,0],[2,2],[2,0],[4,1],[1,0],[1,-1],[0,-4],[1,-1],[-1,-1],[0,-1],[1,-1],[-1,0],[0,-3],[-1,0],[0,-1],[-1,0],[0,-1],[-1,0],[2,-2],[0,-3],[1,0],[0,-1],[2,0],[2,-1],[2,0],[0,-1],[1,-1],[1,0],[0,-1],[1,0],[0,-2],[2,0],[1,-1],[-1,0],[0,-1],[1,0],[0,-1],[1,0],[0,-1],[2,1],[1,0],[0,-1],[1,0],[1,-1],[2,0],[1,-1]],[[165,890],[-1,-1],[-1,0],[0,-1],[-1,0],[0,-3],[1,0],[0,-1],[1,0],[0,-1],[1,0],[0,-1],[1,-1],[3,0],[1,-1],[0,-1],[-1,-1],[0,-1],[4,0],[-1,-1],[0,-1],[1,-1],[0,-1],[-1,0],[0,1],[-1,0],[0,-2],[2,0],[1,-1]],[[173,871],[1,0]],[[174,871],[1,-1],[-1,-1],[0,-1],[1,0],[0,-1]],[[175,867],[0,-2],[1,0],[-1,-1],[1,-1],[0,-1],[3,0],[0,-1],[3,0],[0,-2]],[[181,859],[1,0]],[[182,859],[0,-1],[1,0],[0,-2],[1,0]],[[185,856],[-1,0]],[[184,856],[2,-2],[0,-1]],[[186,853],[-2,-1],[-5,0],[0,-1],[-2,0]],[[176,851],[1,0]],[[177,851],[1,-2],[1,0],[-1,-1],[0,-1],[-1,1],[-1,0],[0,-2],[-1,-1],[-2,-1],[-2,0],[0,2],[-1,0],[0,1],[-2,1],[0,1],[-1,1],[0,-1],[-5,0]],[[162,850],[0,-1]],[[162,849],[-1,0],[-1,-1],[0,-2],[-2,0]],[[158,846],[-2,0],[0,1],[-2,0],[1,1],[1,0],[0,1],[1,0],[0,2],[-1,0],[0,1],[-2,0],[0,-1],[-1,1],[0,1],[-1,0],[0,1],[-2,0],[0,-1],[-1,0],[0,4],[1,0],[-1,1],[0,1],[1,0],[0,1],[-1,1],[0,6],[-1,1],[0,4],[-1,1],[-2,1],[-1,0],[1,1],[-1,1],[0,1],[-1,0],[-2,2],[2,0],[1,1],[0,-1],[2,1],[0,-1],[2,0],[0,1]],[[147,880],[1,0]],[[148,880],[0,1],[-1,0],[0,1],[-1,0],[0,1],[-1,1],[0,1]],[[145,885],[0,1],[2,0],[0,5],[1,0],[0,1],[2,0],[0,-2],[1,0],[0,1],[2,2],[0,1],[1,0],[2,-2],[1,0],[0,-1],[4,0],[0,1],[1,0],[1,-1],[2,-1]],[[749,479],[1,-1],[0,-1],[1,0],[-1,-1],[1,0],[0,-5],[-1,-1],[-1,0],[0,-2],[-1,-1],[0,-1],[-2,0],[-1,-1],[-2,0],[0,-2],[-2,0],[0,1],[-8,0],[0,-1],[2,0],[0,-3],[-3,0]],[[670,461],[0,1],[-1,0],[0,1],[-1,1],[-1,0],[-1,1],[1,0],[2,2],[4,0]],[[673,467],[1,-1],[2,0],[-1,1],[-3,0]],[[672,467],[-1,1],[-2,0],[0,1],[-1,1],[0,5],[-1,0]],[[667,475],[0,1]],[[667,476],[2,1],[0,2],[2,0],[2,-1],[1,0],[1,1],[4,0],[0,1],[2,-2],[0,-2],[1,-1],[2,0],[0,1],[1,2],[-1,1],[1,0],[1,-1],[0,1],[1,0],[0,-1],[2,-1],[1,1],[1,0],[1,1],[1,0],[2,1],[1,1],[1,0],[1,1],[0,-1],[1,0],[0,1],[2,0],[1,1],[1,0],[1,1],[0,1],[-1,0],[0,2],[-3,0],[0,2],[1,1],[1,0],[0,1],[1,0],[1,1],[-1,1],[0,1],[-1,0],[0,4],[2,0],[1,-1],[4,0],[0,1],[1,-1],[0,-1],[1,0],[1,1],[1,0],[1,-1],[2,2]],[[716,498],[0,1],[4,0],[0,-1],[2,0],[0,-1],[1,0],[0,1],[1,0],[3,-3],[-3,0],[0,-2],[1,-1],[0,-1],[-1,0],[-2,-1],[-1,-1],[0,-2],[1,0],[2,-2],[1,0],[0,-1]],[[726,484],[-1,0]],[[725,484],[0,-1],[2,0],[1,-1],[1,1],[3,0],[1,-1],[3,0],[0,1],[1,0],[1,-1],[1,1],[1,-2],[3,0],[1,-1],[3,0],[2,-1]],[[679,473],[0,2],[-1,2],[-1,0],[0,-1],[0,0],[0,-2],[-1,0],[0,-1],[1,-1],[1,0],[1,1]],[[137,778],[-2,-1],[-1,0],[0,-2],[-1,-1],[-1,0],[0,-1],[1,-1],[0,-1],[1,-1],[0,-1],[-1,0],[0,-1],[-2,-1],[-1,0],[-1,-1],[-1,0],[0,-1],[-1,0],[0,-1],[1,0],[0,-1],[-1,-2],[-3,0],[0,-2],[-2,0],[-1,1],[-1,-1],[3,-3],[-1,-1],[-1,0],[0,-1],[1,0],[0,-1],[-1,-1],[0,-1],[1,-1],[1,0],[0,-2],[-1,-1],[0,-1],[-1,0],[0,-1],[-2,0],[-1,1],[-2,0],[-2,-1],[0,-1],[1,0],[2,-2]],[[117,742],[-5,0],[-2,-1],[-1,1],[-4,0],[-1,1],[-4,0],[-1,1],[-3,1],[-1,0],[-1,-1],[-2,0],[0,-2],[1,-2],[1,0],[-2,-2],[-1,0]],[[91,738],[0,2],[-4,4],[1,0],[0,3],[1,1],[-5,0],[0,-2],[-5,0],[-1,-1],[-4,0],[-3,-1],[-4,0],[0,-2],[-1,1],[-5,0],[0,1],[-1,1],[-7,0],[-1,1],[0,2],[-1,0],[-1,-1],[-2,2],[-1,0],[0,1],[-1,0],[-1,1],[-1,-1],[-1,0],[-2,1],[-1,1],[-1,0],[-1,1],[-1,0],[0,-1],[-3,0],[0,1],[-2,0],[-1,1],[0,3],[-2,0],[0,1],[-1,0],[0,2],[-1,0],[-2,1],[0,2],[-2,1],[-1,0],[0,1],[1,0],[0,1],[-1,1],[1,0],[0,1],[-1,1],[3,0],[1,1],[1,0],[-1,1],[-1,0],[-2,2],[-1,0],[-1,1],[0,1],[-1,0],[0,1],[-1,2],[0,1],[1,0],[1,1],[2,0],[1,1],[0,1],[2,0],[0,3],[1,0],[0,1],[2,0],[0,1],[-1,0],[-1,1],[0,1],[1,1],[0,1],[1,0],[0,1],[7,0],[0,-1],[2,0],[-1,3]],[[37,794],[0,1],[1,-1],[1,0],[0,1],[2,0],[1,1],[1,0],[1,1],[0,1],[5,0],[0,1],[3,0],[3,1],[5,0],[1,-2],[-1,-1],[2,0],[0,1],[3,0],[1,1],[1,-1],[1,0],[0,2],[2,0],[0,-1],[-1,0],[0,-1],[2,0],[2,1],[1,0],[1,1],[1,0],[0,1],[3,0],[0,1],[-1,1],[2,0],[0,-1],[1,0],[0,3],[1,-1],[1,0],[0,1]],[[83,806],[0,-1]],[[83,805],[1,-1],[0,1],[1,-1],[0,1],[1,0],[0,-2],[10,0],[0,1],[1,1],[2,0],[0,1],[1,0],[1,-1],[2,0],[1,-1],[1,1],[0,-1],[2,0],[0,-1],[1,1],[1,0],[2,2]],[[82,805],[0,0]],[[70,799],[1,0],[0,-1],[-1,1]],[[731,460],[1,0]],[[732,460],[2,-2],[1,0],[0,-1]],[[734,457],[1,0]],[[735,457],[1,0],[0,-1],[-1,-1],[1,0],[0,-1],[-1,-1],[0,-2],[1,-1],[1,0],[2,-2],[2,-1],[1,0],[1,-1],[1,0],[1,-1]],[[746,445],[-1,0]],[[745,445],[-2,-2],[-1,0],[0,-1],[-1,-1],[2,-2],[3,0],[1,-1],[0,-1],[1,0]],[[749,437],[-1,0]],[[748,437],[0,-3],[1,0],[-1,-1],[1,-1]],[[750,432],[-1,0]],[[749,432],[-1,-1],[2,-2],[1,0],[2,-2],[0,-1],[1,0],[4,-2],[0,-1],[1,-1],[2,0],[1,-1],[1,0],[0,-1],[-1,-1],[1,-1],[1,-2],[1,0],[0,-1],[1,-1],[2,0],[0,-1],[2,0],[1,-1],[0,-2],[-1,-1],[0,-2],[-2,0],[0,-1],[-2,-1],[-1,1],[0,-2],[-2,0],[0,-2],[-1,0],[0,-1],[1,-1],[-1,-1],[1,-1],[-1,0],[0,-1],[-2,-2],[-2,0],[1,-1],[1,0],[0,-1],[-2,-1]],[[758,392],[-2,1],[0,1],[-2,0],[-2,1],[-4,-1],[-1,0],[-2,-1],[0,-1],[-2,0],[0,-1],[-1,0],[-3,-3],[0,-1],[-1,1],[-5,0],[0,1],[-1,0],[-2,2],[-2,0],[0,-1],[-2,0],[0,1],[1,0],[0,3],[-2,1],[-3,3],[-1,0],[0,1],[-2,0],[-4,4],[-6,0],[0,-1],[-2,1],[-1,0],[-1,2],[-2,2],[-2,0],[-2,1],[-2,0],[-2,2],[1,1],[2,0],[1,1],[0,3],[-1,1],[1,1],[2,0],[0,1],[1,0],[1,1],[0,3],[-1,2],[-3,5],[0,1],[-2,2],[-2,3],[-1,3],[-7,7],[-2,1],[-5,0],[-1,-1],[0,-1],[-1,0],[0,-1],[-3,0],[-2,1],[-1,0],[-1,-1],[-1,0],[-2,-2],[-5,0],[-1,1],[-3,0]],[[659,442],[-1,0],[1,1],[1,0],[0,1],[2,0],[0,-2],[6,0],[0,1],[-1,0],[0,2],[-1,0],[0,1],[1,0],[2,2],[-1,0],[0,1],[-1,0],[0,1],[-1,1],[-1,0],[0,1],[-1,0],[0,-1],[-1,0],[-1,1],[1,0],[-1,2],[0,1],[3,0],[0,1],[3,0],[0,1],[1,1],[0,1],[-1,0],[-1,1],[0,1],[3,0]],[[670,461],[1,0],[2,-1],[1,0],[0,-1],[2,0],[0,1],[1,1],[1,-1],[2,0],[1,1],[0,-1],[1,-1],[-1,0],[1,-2],[2,0],[1,1],[0,-1],[7,0],[3,1],[1,0],[2,-2],[5,0],[0,-1],[5,0],[5,-1],[1,0],[1,-1],[1,-2],[0,-1],[2,-1],[2,0],[0,1],[4,0],[0,3],[-1,0],[0,2],[2,1],[1,0],[1,1],[0,2],[1,1],[3,0]],[[137,777],[0,1]],[[137,778],[-1,2],[-1,0],[0,1],[1,1],[0,1],[-1,0],[0,1],[-1,1],[0,1],[-2,0],[0,1],[1,1],[0,1],[1,0],[0,2],[1,1],[2,1],[1,1],[-1,1],[0,1],[-1,-1],[-2,0],[-2,2]],[[132,797],[1,0]],[[133,797],[-3,0],[0,-1],[-1,0],[0,-2],[-1,0],[-1,2],[-1,1],[-1,0],[-2,1],[1,0],[0,1],[2,0],[0,1],[1,0],[-1,1],[0,1],[-1,1],[-1,-1],[0,1],[-2,0],[0,-1],[-1,0],[-1,1],[-1,-1],[-1,1],[-3,0],[-1,1],[0,2],[-3,0]],[[111,806],[-1,0],[-1,1],[0,1],[-1,0],[0,1],[-2,0],[0,1],[3,0],[0,2],[-3,0],[0,1],[1,1],[0,2],[2,1],[0,1],[1,0],[0,1],[-2,0],[0,1],[1,1],[2,0],[0,1],[1,0],[-2,2],[0,-2],[-1,0],[0,2],[-3,0],[1,2],[0,1],[1,-1],[0,-1],[1,1],[1,0],[0,1],[-1,1],[2,1],[3,0],[0,1],[5,0],[0,-2],[3,-1],[1,2],[0,1],[1,0],[2,-1]],[[938,421],[1,-2],[-1,-2],[-1,-1],[0,-1],[-1,0],[-1,-1]],[[935,414],[-21,0],[-1,1],[-3,0],[-2,2],[-4,0],[-1,1],[-2,1],[-2,0],[-1,1],[-1,0],[-1,1],[-1,0],[-4,2],[-2,0],[-1,1],[1,0],[1,1],[1,0],[1,1],[0,2],[-2,1],[-3,0],[0,1],[-1,1],[-1,0],[0,1],[-1,-1],[0,1],[-2,1],[-5,0],[-4,-1],[-6,-3],[-3,-3],[-1,0],[0,-1],[-1,0],[0,-1],[-1,0],[0,-1],[-1,0],[0,-1]],[[860,422],[-2,2],[-1,0],[0,1],[-1,0],[-1,1],[0,2],[-4,0],[0,1],[-1,-1],[-1,0],[-1,1],[1,2],[0,1],[-1,0],[0,2],[-1,1],[0,2],[1,1],[-1,1],[1,1]],[[849,440],[-1,0]],[[848,440],[-1,1],[0,2],[1,3],[0,1],[-2,2],[1,0],[1,1]],[[848,450],[1,-1],[3,2],[1,0],[1,-1],[1,-2],[1,0],[0,1],[2,0],[0,1],[2,0],[0,-1],[1,1],[2,0],[0,-1],[1,0],[2,1],[-1,0],[0,2],[4,0],[3,1],[1,1],[0,-1],[-1,-1],[0,-1],[1,-1],[6,0],[0,-1],[1,1],[1,0],[0,-1],[3,0],[0,2],[1,1],[3,2],[1,-1],[0,1],[1,0],[1,-1],[1,1],[0,3],[5,0],[0,-1],[-1,0],[0,-1],[-1,0],[0,-1],[2,-2],[3,0],[1,1]],[[895,455],[0,0]],[[885,427],[-1,-1],[-1,1],[2,0]],[[964,433],[-2,-2],[0,-2],[-1,-1],[-1,1],[-1,0],[0,1],[-1,0],[0,-1],[-1,-1],[-3,0],[0,-1],[-2,0],[-1,1],[0,-2],[-1,-1],[-4,0],[0,-1],[-2,0],[-3,-1],[-1,0],[0,-1],[-1,0],[0,-1],[-1,0]],[[938,421],[0,1],[-5,0],[-1,1],[-2,1],[-1,1],[0,1],[-1,0],[-2,1],[-1,0],[0,1],[-5,0],[0,-1],[1,0],[-1,-1],[-2,0],[-1,1],[0,-1],[-2,2],[0,1],[-2,0],[-1,1],[0,2],[-1,0],[0,1],[-1,0],[-1,3],[0,1],[1,1],[0,1],[1,0],[0,2],[-1,1],[-2,0],[-1,1],[0,3],[-1,1]],[[907,447],[-1,0]],[[906,447],[-1,0],[0,1],[-1,1],[0,1],[-1,0],[-1,1],[-1,0],[0,2]],[[901,453],[3,0],[0,2],[1,0],[0,1],[-4,0],[-2,2],[-3,0],[0,1],[1,1]],[[898,460],[-1,0]],[[897,460],[1,1],[1,0],[0,1],[1,0],[0,1],[1,0],[0,1],[1,0],[2,1]],[[904,465],[2,-2],[3,-1],[2,-1],[0,-1],[4,-2],[4,-1],[5,-2],[8,-2],[2,-2],[2,-1],[2,0],[1,-1],[3,-1],[4,-1],[4,0],[2,-2],[-1,-1],[4,0]],[[956,444],[1,-1],[0,-1],[1,-2],[1,0],[0,-2],[-1,-1],[2,-2],[1,0],[1,-1],[0,-1],[2,0]],[[962,430],[-1,0],[-1,-1],[1,0],[1,1]],[[957,443],[0,0]],[[956,444],[-1,0]],[[955,444],[0,1],[1,0],[0,-1]],[[953,445],[0,0]],[[161,833],[1,0],[0,-1],[2,0],[1,-1],[0,-1],[2,0],[0,-1]],[[166,829],[1,0]],[[167,829],[0,-2],[1,0],[1,-1],[0,-1]],[[170,825],[-1,0]],[[169,825],[0,-1],[1,0],[-1,-1],[0,-1],[1,0],[0,-1],[1,-1],[0,1],[3,0],[0,1],[1,0],[1,-1],[2,0],[0,-1],[2,0],[0,-1],[1,1],[0,1],[2,0],[-1,1],[2,0],[0,1],[1,0],[0,-1],[1,1],[2,0],[1,1],[1,0],[-1,-1],[2,0],[0,-1]],[[190,822],[1,0]],[[191,822],[0,-2],[1,-1],[1,-2],[2,0],[0,1],[1,0],[1,-2],[0,-1]],[[198,815],[-1,0]],[[197,815],[0,-1],[2,-2],[0,-1],[1,0],[2,-2],[2,0],[0,-1],[1,0],[0,-1],[-1,-1],[-1,0],[2,-2],[1,0],[-1,-1],[3,0],[0,-1],[4,0]],[[212,802],[0,1],[1,0],[-1,-1]],[[212,802],[1,0],[1,-1],[0,-2],[1,-1],[2,0],[0,-3],[-1,0],[1,-1],[0,-1],[-1,-1]],[[216,792],[0,-1],[1,-1],[-1,-1],[0,-3]],[[216,786],[0,-2],[-1,0],[-1,-1],[-1,0],[-1,-1],[-1,0],[-2,1],[-1,1],[0,1],[-1,1],[-4,0],[0,1],[-2,2],[0,1],[-4,0],[-1,1],[-3,0],[0,-1],[-1,0],[0,-2],[-3,0],[3,-3],[-1,0],[1,-1],[0,-2],[1,0],[-1,-1],[-2,-1],[-1,1],[-5,0],[0,-1],[1,0],[0,-1],[-1,0],[-2,-2],[0,-1],[-1,-1],[-1,0],[0,3],[-1,0]],[[178,778],[1,0]],[[179,778],[0,1],[-1,0],[0,1],[-1,0],[0,2],[-1,1],[-3,0],[0,-1],[-2,1],[-4,0],[0,-1]],[[166,782],[0,-2],[1,0],[-1,-1],[-1,0],[0,-1],[-2,0],[0,-1],[1,0]],[[164,777],[-1,-1],[-1,0],[-1,1],[-6,0],[0,1],[-1,-1],[-1,0],[0,-1],[-2,0],[-1,1],[-1,0],[0,-2],[-1,0],[0,-1],[-1,0],[0,-1],[-2,0],[0,1],[-1,1],[-2,0],[-1,1],[-3,0],[-1,1]],[[137,777],[2,2],[0,2],[4,0],[2,1],[1,0],[0,1],[-1,0],[0,1],[-1,0],[0,-1],[-1,0],[-1,1],[0,1],[1,1],[1,0],[1,1],[0,4],[-1,1],[1,0],[1,1],[1,-1],[3,0],[1,1],[-1,0],[0,1],[2,0]],[[152,794],[-1,0]],[[151,794],[0,2],[2,0],[0,1],[1,1],[1,-1],[1,0],[0,1],[1,1],[-1,0],[1,1]],[[158,800],[-1,0]],[[157,800],[-1,1],[0,1],[-3,0],[-1,1],[-1,0],[0,3],[-1,0],[0,-1],[-1,0],[-1,1],[-1,-1],[0,2],[1,1],[-1,1],[-1,2],[-1,0],[1,2],[1,-1],[0,4],[1,0],[-2,2],[-1,0],[0,3],[-1,1],[-1,0],[-2,2],[0,1],[-2,0],[0,-1],[-3,0],[-1,-1],[0,-2],[-2,-1],[1,0],[-1,0]],[[133,820],[0,1],[-1,1],[-2,0],[-1,-1],[-1,1],[0,1],[-1,0],[0,1],[-1,1],[-1,0],[0,3],[1,1]],[[126,829],[1,1],[0,3],[1,0]],[[128,833],[2,0]],[[130,834],[0,-1]],[[130,833],[1,0],[0,1],[2,0],[0,-1],[2,0],[1,1],[6,0],[1,-1],[2,2],[0,1],[12,0],[0,-1],[1,0],[0,-1],[2,0],[1,-1]],[[184,820],[0,1],[-1,-1],[1,0]],[[175,821],[-1,-1],[1,0],[0,1]],[[166,782],[1,0]]]}