{"type":"Topology","arcs":[[[28109,95506],[76,-201],[-30,-74],[-20,-24],[-67,-83],[-28,-77],[57,-70],[67,-8],[66,-8],[135,-91],[29,-20],[8,1],[49,7],[102,-81],[24,-19],[33,-26],[59,-13],[51,-10],[3,-28],[5,-43],[20,-10],[27,-13],[12,-68],[57,-115],[-3,-78],[-48,-6],[-23,-3],[-8,-9],[-42,-53],[-70,8],[-68,8],[-25,-45],[-9,-16],[-20,5],[-15,3],[-21,-30],[-26,-79],[-15,-43],[-55,-89]],[[28396,94005],[-335,19],[-26,-16],[-39,-24],[-67,24],[-37,13],[-110,-58],[-59,-32],[-7,2],[-21,5],[-8,-18],[-13,-27],[-137,-52],[-32,-1],[-81,-5],[-23,-31],[-16,-151],[-62,-581],[-71,-201],[-166,-439],[75,-39],[227,-119],[-28,-75],[-22,-60],[38,-67],[15,-9],[81,-48],[-2,-41],[23,-27],[-9,-43],[-4,-14],[20,-15],[38,-28],[-11,-41],[-39,-4],[-15,-1],[-38,-60],[-19,-31],[-23,-55],[10,-15],[9,-12],[-97,-157],[-49,-79],[-4,-44],[21,-23],[19,-22],[-33,-99],[-108,31],[-72,21],[-9,-14],[-40,-64],[-11,46],[-41,4],[-12,22],[-23,41],[-7,-78],[20,-29],[1,0],[-1,-2],[-5,-38],[-7,-51],[24,-27],[2,-2],[26,-111],[-14,-75],[-30,-37],[-8,-9],[-29,-85],[-6,-46],[-8,-66],[-101,-69],[-34,-24],[-21,-29],[-75,-108],[-69,-31],[-60,-27],[40,-112],[57,4],[59,3],[132,-37],[62,-108],[5,-97],[-66,-105],[-14,-35],[-78,-205],[11,-184],[62,-87],[19,-26],[11,-123],[-27,-41],[-20,-32],[-11,-39],[-15,-52],[-106,-156],[-30,1],[-8,34],[-10,38],[-208,-41],[-100,-90],[5,-85],[64,-48],[42,-32],[-14,-45],[-3,-10],[-7,-193],[1,-17],[3,-71],[-65,-172],[-37,-7],[-71,-13],[-120,-122],[-68,-69],[-69,40],[-28,96],[-15,52],[-168,82],[-61,-53],[13,-110],[10,-78],[-43,-79],[-38,-21],[-9,-5],[-37,-21],[-83,-153],[-5,-61],[-6,-69],[-39,-86],[-6,-14],[-25,-56],[-15,-140],[35,-76],[27,-150]],[[25484,87071],[-59,26],[-47,77],[-83,32],[-62,54],[-119,193],[-253,33],[-205,-11],[-79,-39],[-148,70],[-55,-132],[-64,-62],[13,-198]],[[24323,87114],[-26,3],[-16,1],[-11,-8],[-18,-12],[-16,-2],[-30,-35],[-42,0],[-88,52],[-10,35],[-22,74],[-273,220],[-51,41],[-8,24],[-24,79],[10,40],[10,38],[-79,122],[-52,43],[-60,50],[-30,71],[12,76],[13,80],[-126,75]],[[23386,88181],[86,96],[8,111],[13,165],[37,21],[41,24],[88,137],[-6,53],[-17,138],[60,213],[28,88],[4,144],[1,14],[18,58],[123,83],[113,17],[165,25],[117,118],[34,74],[20,88],[-7,69],[-2,41],[-2,39],[15,18],[27,34],[6,38],[9,54],[81,102],[42,28],[28,19],[-2,70],[-4,117],[82,145],[59,31],[62,34],[64,98],[29,44],[35,23],[31,20],[37,51],[2,3],[2,1],[33,19],[88,107],[44,91],[102,212],[61,238],[11,147],[3,31],[2,30],[29,113],[27,108],[2,39],[0,44],[-5,70],[-7,20],[-4,12],[-15,30],[65,107],[25,139],[81,32],[32,12],[-9,43],[27,40],[-23,24],[-5,5],[5,102],[18,69],[13,53],[-42,44],[-33,35],[10,56],[9,38],[62,265],[-30,79],[-3,7],[5,16],[9,31],[2,56],[3,59],[40,74],[43,81],[52,208],[-66,58],[-89,79],[82,226],[45,124],[1,9],[7,69],[18,33],[27,48],[13,24],[8,25],[12,42],[86,5],[86,5],[27,54],[-6,44],[-5,34],[15,75],[-22,18],[-13,12],[-2,101],[28,59],[37,74]],[[25929,95131],[27,-8],[38,28],[105,76],[109,-12],[35,-4],[72,57],[-1,10],[-4,45],[67,11],[27,4],[62,72],[22,22],[83,86],[18,19],[160,-18],[143,-24],[81,-14],[18,28],[6,9],[60,96],[93,-28],[11,-4],[178,-54],[12,-10],[123,-129],[55,-59],[35,29],[28,23],[50,-2],[174,-8],[92,54],[152,18],[49,62]],[[28396,94005],[-18,-25],[-54,-84],[-66,-104],[-9,-13],[-48,-78],[-31,-48],[-61,-96],[91,-48],[66,-35],[-90,-277],[-19,-59],[130,-115],[7,21],[5,14],[62,41],[27,18],[41,80],[22,43],[24,66],[78,101],[119,116],[38,36],[61,94],[20,30],[37,55],[69,38],[78,-15],[47,-72],[19,-29],[16,-7],[189,-78],[87,-2],[39,0],[56,-39],[324,-228],[203,-109],[11,-7],[0,0],[193,-150],[34,26],[25,19],[9,-13],[41,-70],[3,-5],[80,-130],[109,-173],[238,-387],[111,-52],[21,7],[22,61],[2,6],[43,-1],[113,-2],[4,58],[3,38],[29,75],[49,-45],[107,15],[98,-88],[39,13],[122,-84],[45,-107],[-35,-32],[-37,-33],[5,-48],[-42,-61],[12,-102],[4,-30],[-26,-82],[-91,-34],[-68,-25],[-80,1],[11,-14],[33,-47],[50,6],[-2,-53],[79,-55],[18,17],[30,28],[46,-28],[13,-27],[-12,-86]],[[31414,91496],[-41,-228],[-9,-116],[-1,-8],[-13,-161],[-38,25],[-54,35],[-67,-112],[140,-70],[121,-61],[-40,-79],[-47,-93],[47,-40],[54,-46],[-54,-129],[-47,-109],[271,-179],[36,20],[53,31],[2,-51],[-23,-46],[-44,-69],[-94,-149],[-26,-92],[-1,-7],[-3,-16],[-13,-27],[-5,0],[-35,-3],[4,-60],[4,-57],[-28,8],[-8,2],[-13,-28],[-32,-44],[-6,-51],[-6,-60],[-64,-121],[-31,-18],[-73,-42],[-55,-91],[-82,-133],[-126,-101],[-46,-89],[-39,-20],[-65,30],[-1,57],[29,57],[6,13],[0,50],[-144,69],[-29,-50],[10,-121],[8,-96],[-34,-65],[-48,-69],[-40,-14],[-68,-23],[-48,-94],[8,-28],[6,-20],[-52,-109],[-150,-91],[0,0],[-106,-50],[-20,-37],[-42,-82],[-52,-27],[-33,20],[-23,13],[-30,-57],[17,-44],[-21,-84],[45,-120],[21,-57],[-36,-12],[-59,23],[-56,21],[-1,-63],[-64,-244],[-4,-17]],[[29806,87490],[-6,-14],[-40,11],[-11,20],[-24,40],[-53,1],[-113,133],[7,13],[16,27],[-18,25],[-74,13],[-23,4],[-2,17],[-8,57],[-34,-21],[-18,-11],[-71,128],[28,73],[11,30],[-21,94],[-173,191],[-16,-45],[-143,-152],[-40,-81],[-11,-48],[-7,-31],[-48,-50],[-48,21],[-45,20],[-127,12],[-103,-104],[-6,-28],[-21,-99],[-33,-54],[-80,-43],[-17,-4],[-22,-5],[2,-22],[2,-19],[-40,-32],[-20,-16],[-18,-34],[-2,-3],[-20,-36],[-30,18],[-26,16],[-195,0],[-130,-74],[-19,-10],[-30,2],[-84,7],[-8,-55],[17,-41],[137,-141],[21,-1],[30,-3],[136,-114],[57,-12],[24,-109],[-61,-1],[-52,-69],[-47,21],[-59,25],[-53,-18],[-31,-11],[-70,17]],[[27843,86915],[-256,115],[-135,-39],[-64,15],[-210,-154],[-17,-19],[-25,-29],[-70,20],[-14,4],[-140,-19]],[[26912,86809],[-14,47],[-60,8],[-31,4],[-48,13],[-25,56],[-53,19],[-53,67],[16,95],[32,21],[14,9],[12,52],[-7,79],[-42,17],[-77,-28],[-8,-63],[-87,-68],[-53,-84],[-10,-91],[0,-1],[-15,-23],[-62,-92],[-1,-8],[-8,-38],[-67,-83],[-47,-28],[-48,-29],[-14,-29],[-46,-99],[-98,21],[-7,32],[14,63],[11,51],[-11,60],[-146,135],[-52,2],[-82,3],[-48,-3],[-22,79],[-4,17],[-27,25],[-54,51],[-49,-23],[-17,-9],[-34,35]],[[38152,71926],[-96,-89],[-6,-78],[22,-59],[63,-166],[-5,-142],[-92,-18],[-36,-7],[-49,-29],[-96,-62],[-129,-137],[-53,-56],[-45,17],[-25,9],[-37,-5],[-101,-13],[-60,-33],[-18,-65],[5,-36],[8,-76],[-64,-2],[-54,-1],[-36,-36],[-12,-12],[-15,1],[-92,9],[-104,-82],[57,-153],[46,-54],[82,-98],[-55,-33],[-48,-70],[-28,5],[-80,14],[-55,-82],[-27,-42],[-52,-27],[-72,-52],[-76,-8],[-61,23],[-54,113],[-4,60],[-4,66],[-113,11],[-39,-40],[21,-48],[2,-77],[-50,-243],[7,-17],[12,-28],[2,-101],[-47,-55],[-4,-46],[-31,-18],[-182,-182],[-56,-1],[-26,-31],[-18,3],[-40,6],[-88,-116],[-41,-53],[-47,34],[-33,109],[4,75],[6,139],[-51,29],[-115,-43]],[[35667,69727],[-41,55],[-54,-31],[-38,-62]],[[35534,69689],[-26,38],[-53,-23],[-52,24]],[[35403,69728],[74,49],[25,135],[34,36],[-21,81],[-53,-17],[-26,-31],[-33,10],[-39,12],[-98,-41],[-48,37],[20,76],[9,34],[-9,17],[-32,66],[10,100],[23,31],[0,1],[70,9],[-18,64],[-52,20],[-23,9],[-1,106],[25,25],[61,61],[-58,99],[-33,-23],[-57,46],[-82,-8],[-10,-47],[-9,-39],[-205,-155],[-44,84],[-14,26],[-52,49],[-60,41],[-33,-31],[-24,-24],[-65,-8],[-31,-3],[-2,-1],[-25,9],[-10,9],[-15,14],[-12,19],[-2,20],[29,2],[5,1],[21,2],[11,-20],[12,-12],[5,-6],[2,5],[18,52],[-35,68],[-39,28],[-41,10],[-63,15],[-1,62],[26,25],[28,25],[-51,39],[-25,19],[-41,109],[34,4],[2,0],[37,47],[-19,169],[-53,11],[-2,0],[-152,112],[-3,62],[-31,67],[27,62],[12,28],[-7,43],[39,3],[-25,87],[-29,19],[-56,35],[48,97],[14,28],[23,51],[-60,42],[-48,33],[1,36],[2,46],[-134,169],[-39,29],[-37,-4],[-11,-1],[-25,24],[-121,113],[-27,0],[-63,-71],[-7,-33],[-11,-51],[-44,-47],[-43,30],[-15,11],[-12,-30],[-28,-70],[-29,-4],[-44,80],[-37,68],[-38,-43],[-41,-47],[-81,6],[-41,2],[-123,-57],[-32,-16],[-28,-5],[-22,-4],[-6,-5],[-55,-48],[0,46],[0,25],[-22,4],[-10,8],[-22,27],[-85,84],[-27,18],[-151,112],[-143,54],[-81,30],[19,60],[20,64],[-54,37],[-75,52],[45,106],[55,40],[36,74],[35,-1],[26,-1],[69,125],[26,101],[40,48],[-8,112],[-82,26],[-105,96],[-52,17],[-74,25],[-35,135],[-32,125],[-55,110],[-18,141],[-61,33]],[[32058,74130],[-10,89],[114,69],[89,173],[40,19]],[[32291,74480],[7,-41],[17,-26],[31,-4],[27,10],[83,-2],[26,26],[32,30],[183,64],[183,64],[-84,64],[-26,21],[8,63],[1,8],[-7,18],[-40,104],[41,10],[25,6],[31,60],[54,104],[105,83],[18,59],[31,-26],[40,-35],[76,34],[66,29],[258,13],[56,-46],[26,-22],[27,22],[26,20],[4,-21],[6,-23],[125,-17],[72,38],[27,14],[101,-52],[2,-39],[1,-26],[21,-25],[42,11],[56,16],[27,-32],[20,-23],[95,1],[24,0],[6,-6],[35,-34],[20,23],[26,30],[62,-47],[3,-3],[2,2],[34,40],[52,-57],[12,-14],[76,-4],[71,-3],[2,-69],[-52,-88],[-27,-45],[-5,-41],[40,-33],[42,25],[17,11],[47,-13],[4,-120],[2,-57],[-31,-86],[-5,-13],[1,-5],[12,-55],[-13,-150],[-58,-79],[-32,-137],[-55,-251],[10,-45],[-11,-89],[-35,-6],[-5,-1],[-16,-2],[-1,-112],[22,-109],[20,-94],[52,-28],[23,-13],[4,-6],[32,-46],[38,66],[26,44],[24,2],[136,-203],[10,-29],[27,-82],[47,-49],[40,-42],[10,-60],[-25,-22],[-8,-7],[10,-37],[15,-53],[-10,-26],[-17,-46],[49,-29],[18,-10],[16,-32],[10,-19],[22,-40],[51,33],[16,128],[8,71],[18,29],[66,1],[5,-80],[4,-87],[15,-21],[191,200],[82,35],[72,112],[84,81],[12,43],[18,57],[56,-19],[60,-4],[16,-92],[7,-38],[111,-69],[45,27],[15,9],[59,-3],[117,-7],[42,56],[-13,144],[-4,43],[46,109],[103,-59],[14,-86],[6,-36],[41,-90],[53,-9],[42,-8],[-25,-95],[-25,-29],[-54,9],[-103,18],[-67,-41],[-11,-41],[18,-127],[101,23],[81,18],[14,-82],[12,-62],[45,-67],[18,3],[62,7],[22,-77],[65,-15],[72,-74],[30,-67],[28,-61],[68,-25],[2,-2],[60,-39],[69,-111],[41,-80],[24,-130],[16,-85],[39,2],[4,49],[51,56],[-2,100],[-1,50],[97,98],[90,18],[61,12],[56,90],[5,43],[9,77],[33,45],[28,-18],[21,-13],[23,-15],[48,21],[69,83],[22,26],[191,-32],[36,-65],[78,-140],[39,-31],[36,-30],[19,-81],[-9,-9],[-29,-35],[-8,-46],[24,-56],[45,-19]],[[32445,74530],[-5,36],[6,113],[-13,48],[-5,57],[-23,14]],[[32405,74798],[21,89],[-17,35],[20,25],[36,-25],[38,-27],[27,4],[44,7],[99,-46],[-57,-129],[-42,-38],[-36,-14],[-19,-7],[-49,-96],[-5,-10],[-8,-17],[-12,-19]],[[19000,52151],[-71,41],[-9,55],[-7,44],[-110,37],[-14,-9],[-15,-9],[-45,28],[-47,30],[-29,-11],[-59,-93],[1,-14],[4,-100],[-76,91],[-64,129],[-62,126],[-158,66],[-52,-6],[-78,-10],[-77,56],[-10,7],[-34,26],[-81,-175],[-39,-84],[-75,-94],[-82,-65],[-75,-58],[-25,-32],[-56,-69],[-10,14],[-16,22],[-59,-13],[-18,-4],[-46,-56],[-12,10],[-69,54],[-23,-8],[-16,24],[-17,27],[-22,-14],[-12,-7],[-17,-10],[-29,15],[-85,43],[-113,-15],[-11,-126],[-8,-93],[-79,-109],[-42,-16],[-5,-2],[-3,-6],[-18,-46],[-34,-9],[-43,-12],[5,-51],[30,-32],[5,-5],[49,-124],[-48,-79],[-58,-42],[-37,-120],[-79,-27],[-164,-179],[-13,-3],[-84,-18],[-17,-49],[-86,-64],[-34,-56],[-35,-57],[-199,91],[-101,46],[-290,-26],[-6,-72],[9,-30],[8,-33],[-12,-70],[-19,-32],[-21,-35],[86,-47],[49,4],[26,2],[43,-15],[71,-26],[111,32],[2,3],[60,67],[137,-11],[-9,-114],[29,-87],[14,-145],[-33,-16],[-19,-47],[-80,-22],[-63,-18],[-29,-45],[4,-51],[-127,-295],[-8,-115],[-4,-57],[-67,-40],[-57,-33],[-98,-132],[-16,-90],[-19,-102],[-27,4],[-45,7],[-61,-39],[-74,-30],[-7,-1],[-184,-69],[-27,-53],[-60,-44],[-47,-31],[-77,-50],[-66,-23],[-71,-26],[-109,-103],[-16,-53],[11,-52],[4,-19],[-48,-96],[-26,-23],[-14,-12],[0,-4],[-1,-37],[-136,191],[-94,90],[-48,83],[-15,74],[-70,68],[-89,160],[-28,52],[-93,56],[-131,81],[-67,73],[-18,42],[-1,68],[-1,64],[-58,-59],[-65,-67],[-84,-35],[-48,33],[2,65],[1,17],[-19,63],[-51,-1],[-18,-1],[-34,19],[-58,33],[-21,-36],[-52,-17],[4,-110],[6,-215],[-20,-69],[-9,-31],[-83,-43],[-64,-34],[-21,-38],[-22,-42],[-68,21],[-28,8],[-18,-9],[-23,-12],[-29,-2],[-12,13],[-25,29],[-53,-8],[-36,-51],[-39,-56],[-25,-2],[-61,-5],[-40,-85],[-12,-26],[-19,-2],[-11,-2],[-52,-21],[-38,-68],[-50,-90],[-78,-25],[-17,-6],[-31,-37],[-64,-78],[-23,15],[-22,77],[-6,23],[-34,22],[-43,28],[-19,41]],[[12128,48726],[-4,34],[-66,67],[-50,21],[-45,18],[-11,56],[-29,153],[-57,36],[-8,5],[-34,31],[2,29],[-20,65],[-38,124],[-26,15],[-50,29],[23,30],[3,5],[-14,57],[-66,65],[-41,-6],[-27,-4],[-12,-1],[-7,41],[-2,16],[-65,144],[-95,49],[-54,-39],[-21,-72],[-4,-14],[-39,-44],[-92,-11],[-9,-1],[-6,-7],[-98,-108],[-48,22],[-86,-49],[-72,40],[-74,99]],[[10786,49621],[-9,208],[-32,140],[-46,135],[-70,351],[-36,63],[-34,-5],[-74,68],[-12,-4],[-59,-17],[0,90],[-73,208],[-21,100],[-21,95],[-29,54],[-16,30],[3,10],[30,91],[-4,43],[-98,182],[-60,36],[-26,-23],[-70,12],[-21,-18],[-20,-18],[-10,-29],[-10,-30],[-70,-1],[-29,0],[-4,-12],[-40,-114],[-80,-4],[-147,-7],[-35,25],[0,53],[42,74],[5,88],[24,4],[33,6],[19,69],[-60,139],[-94,30],[-22,-22],[1,-78],[-33,-29],[-27,-80],[-70,-41],[24,-67],[-6,-29],[-5,-19],[-5,4],[-23,16],[-24,-37],[1,-8],[17,-127],[-19,-51],[-29,67],[1,68],[-44,58],[-28,194],[13,56],[-24,94],[4,81],[18,30],[78,17],[19,53],[52,24],[81,38],[37,156],[-7,41],[52,152],[-5,41],[36,54],[-11,55],[-147,67],[-7,3],[-25,69],[-22,62],[-9,8],[-74,66],[-50,93],[-54,42],[-10,40],[10,46],[76,98],[25,33],[63,155],[7,131],[-10,64],[-15,92],[44,41],[33,30],[25,76],[36,43],[52,151],[6,71],[76,155],[64,192],[24,218],[-31,99],[-60,59],[-87,84],[-16,94],[-78,114],[51,118],[101,231],[85,-107],[78,-49],[43,-27],[-11,-48],[-21,-98],[-10,-42],[34,-135],[-1,-104],[91,-180],[138,-198],[31,-42],[145,-163],[76,-70],[170,-21],[108,-55],[207,9],[67,11],[75,11],[57,-64],[43,-46],[159,-100],[49,-1],[375,62],[96,17],[203,97],[187,150],[94,118],[24,88],[18,63],[113,126],[107,56],[25,13],[57,55],[100,96],[93,54],[45,-33],[26,-19],[117,57],[180,-16],[99,47],[84,95],[65,85],[60,77],[83,107],[180,300],[56,172],[-1,17],[-7,83],[56,26],[17,8],[-6,17],[-29,81],[66,-4],[87,85],[28,2],[53,3],[32,57],[46,25],[145,205],[145,205],[35,89],[33,82],[40,32],[73,169],[114,58],[95,103],[37,-3],[36,-46],[38,-49],[138,4],[150,66],[78,115],[-1,17],[-4,72],[96,3],[85,3],[102,133],[23,85],[-56,67],[-18,69],[-16,61],[50,232],[11,170],[90,97],[110,-15],[165,133],[40,-14],[47,-96],[160,-81],[46,-65],[28,-151],[0,-2],[-40,-177],[26,-67],[22,-8],[3,89],[32,101],[13,40],[50,-109],[-5,-17],[-23,-74],[100,-43],[52,21],[18,0],[76,-69],[29,36],[-24,33],[17,55],[18,60],[58,28],[30,-38],[61,30],[14,-114],[3,-21],[26,-89],[56,30],[26,-27],[8,-55],[44,23],[29,-20],[31,-34],[11,3],[84,26],[31,-23],[-17,-104],[-36,-32],[-57,-51],[96,-33],[56,-19],[10,-108],[65,-92],[-7,-44],[-7,-43],[5,-175],[13,-61],[27,-28],[20,103],[64,113],[56,98],[0,14],[2,27],[-33,40],[6,34],[81,7],[35,40],[84,-20],[73,-19],[22,26],[5,6],[5,95],[44,17],[34,-39],[-2,-56],[32,-105],[60,-31],[-19,-78],[-8,-34],[14,-69],[27,12],[66,28],[56,-47],[-6,-106],[16,-43],[-47,-154],[-66,-49],[-31,33],[-4,3],[-9,47],[-17,-8],[-55,-164],[21,-34],[18,-30],[-27,-75],[-11,-5],[-29,-16],[-17,-178],[-89,-274],[95,26],[22,62],[-25,36],[32,49],[6,9],[85,5],[88,65],[18,-98],[-14,-49],[-33,-116],[25,-56],[54,54],[60,-38],[9,82],[1,11],[26,-11],[19,-8],[6,8],[53,83],[79,-39],[132,-146],[147,6],[51,-75],[-89,-107],[-87,40],[-60,83],[-28,40],[-52,3],[-79,-113],[-77,-59],[-6,-84],[34,-67],[15,-31],[-72,-121],[-9,-20],[-29,-60],[-29,-60],[4,-12],[25,-81],[-18,-49],[-115,3],[-53,1],[-57,49],[-57,5],[-105,-46],[-34,-100],[52,-51],[270,32],[15,14],[30,28],[34,-64],[1,-3],[14,-5],[21,-9],[0,-3],[7,-61],[80,-51],[97,84],[8,10],[75,103],[140,-18],[2,-54],[-76,-111],[-65,-95],[13,-38],[81,-49],[55,-106],[21,30],[21,29],[54,-49],[-17,-39],[-7,-14],[-1,-93],[62,-46],[28,-16],[48,36],[30,23],[135,-169],[59,7],[57,-36],[-72,-78],[-56,7],[-31,49],[-15,-9],[-33,-19],[-38,-122],[36,-67],[3,-25],[7,-50],[-14,-6],[-68,-30],[-31,-96],[3,-94],[84,-189],[102,-129],[14,-7],[65,-33],[8,-33],[-22,-87],[-2,-11],[27,-112],[-22,-55],[15,-135],[37,-79],[62,-44],[46,-32],[30,-50],[47,-153],[-18,-154]],[[18942,54221],[-36,-36],[-145,99],[59,69],[95,-5],[45,-53],[-18,-74]],[[18811,54634],[-140,-145],[-62,37],[47,77],[229,208],[64,-54],[-6,-55],[-132,-68]],[[18877,54014],[-24,-16],[-16,44],[40,1],[0,-29]],[[18584,54531],[-18,-30],[-33,11],[28,37],[23,-18]],[[18127,56369],[5,-46],[-28,4],[-35,44],[65,45],[17,12],[-3,-29],[-7,-10],[-14,-20]],[[17964,56281],[-15,-51],[-41,13],[32,45],[24,-7]],[[17624,54828],[-22,-17],[-26,5],[-9,14],[46,18],[11,-20]],[[17326,57585],[-79,-118],[0,-1],[-8,-12],[-15,19],[-35,47],[-35,-28],[-48,-39],[-22,57],[-2,5],[67,111],[38,19],[-18,68],[5,68],[5,52],[25,31],[26,33],[14,82],[3,18],[8,47],[103,-40],[41,-186],[-25,-35],[-12,-16],[-19,-113],[-11,-59],[-6,-10]],[[17368,57440],[-52,-30],[-48,30],[15,17],[33,36],[0,0],[56,-21],[-4,-32]],[[17319,57373],[-18,-27],[-28,33],[30,21],[16,-27]],[[17048,58245],[0,-102],[1,-33],[4,-1],[36,-16],[-17,-134],[-5,-37],[12,-18],[31,-46],[-7,-79],[-92,-17],[-9,5],[-31,17],[-53,-39],[-20,-14],[-34,0],[-25,0],[-9,0],[-34,-1],[-45,60],[-17,23],[3,58],[3,88],[21,0],[44,-1],[34,87],[42,28],[10,77],[3,22],[9,-4],[48,-23],[14,114],[6,43],[32,5],[45,-62]],[[17005,57561],[-18,-48],[-39,-16],[-28,41],[-69,-6],[21,68],[73,93],[44,-6],[16,-126]],[[16908,58217],[-20,-15],[-33,22],[28,26],[25,-33]],[[16576,58658],[57,-61],[60,51],[51,42],[12,10],[9,-28],[9,-29],[4,-13],[-13,-25],[-13,-26],[-5,-9],[-10,-1],[-27,-3],[-35,-39],[-9,-11],[-37,52],[-63,17],[-45,12],[-4,1],[-6,11],[-41,72],[12,9],[37,30],[8,-9],[49,-53]],[[16594,58398],[-7,-11],[-99,74],[102,71],[4,-6],[39,-64],[-39,-64]],[[16579,57942],[-71,-25],[-36,62],[-7,123],[32,54],[85,-10],[48,-112],[-51,-92]],[[16400,57593],[-20,-16],[-11,27],[-9,24],[26,5],[10,-29],[4,-11]],[[15412,57998],[-79,-59],[-32,21],[-18,63],[40,68],[83,-36],[6,-57]],[[10414,56252],[-55,-116],[-170,65],[-107,40],[-74,-79],[-54,-32],[12,-50],[2,-9],[-86,-109],[-69,-86],[37,-25],[19,-96],[45,-73],[34,-57],[-4,-79],[-25,-57],[-60,-36],[-114,20],[-94,16],[-10,41],[-2,8],[27,11],[-14,88],[-2,9],[5,9],[84,171],[-5,26],[-43,22],[0,1],[20,145],[34,18],[12,6],[97,49],[47,65],[39,94],[5,12],[24,59],[39,20],[9,6],[60,42],[-23,83],[-28,100],[10,63],[52,13],[106,28],[54,63],[35,40],[48,-45],[15,-61],[8,-33],[41,-31],[51,-40],[22,-51],[-39,-74],[-17,-33],[1,-45],[1,-116]],[[9709,55293],[-45,-8],[-26,108],[36,30],[41,-39],[-6,-91]],[[19000,52151],[-37,-110],[-8,-143],[14,-92],[21,-39],[26,-46],[-7,-29],[10,-28],[3,-51],[3,-66],[65,-120],[70,-41],[29,-17],[52,-90],[22,-92],[0,-63],[0,-66],[19,-48],[111,-93],[78,-65],[2,-161],[-111,-403],[-90,-291],[-34,-35],[-32,-33],[-57,-117],[-8,-170],[-1,-20],[-55,-175],[-58,-81],[-69,-19],[-12,-4],[-93,-84],[-167,-213],[-123,-199],[-3,-12],[-8,-44],[-46,-44],[-12,-11],[-215,-471],[-48,-265],[21,-220],[0,-4],[0,-3],[-3,-168],[18,-154],[39,-139],[34,-39],[15,-18],[56,-169],[6,-75],[4,-53],[63,-91],[84,-121],[23,-57],[24,-63],[102,-80],[149,-117],[37,-60],[5,-102],[-37,-58],[-2,-4],[-4,-18],[-38,-185],[-21,-36],[-68,-115],[-36,-161],[-6,-113],[-1,-28],[-2,-41],[-22,-50],[-45,-101],[-19,-244],[12,-124],[70,-121],[20,3],[61,10],[25,-77],[-16,-87],[-42,16],[-17,-44],[-31,1],[-23,0],[-61,-116],[-21,-223],[21,-80],[-10,-63],[13,-59],[14,-24],[22,-22],[10,-10],[20,-80],[-26,-47],[-44,-81],[-80,-453],[-17,-249],[24,-134],[5,-29],[14,-281],[6,-147],[-32,-78],[-9,-21],[-57,-45],[15,-130],[2,-22],[-24,-145],[-28,-24],[-14,-12],[-19,-56],[-6,-142],[17,-90],[3,-20],[15,-173],[5,-62],[16,-316],[-16,-70],[-25,-113],[3,-119]],[[18402,40954],[-348,247],[-94,4],[-160,5],[-21,38],[-33,59],[-64,28],[-51,23],[-10,70],[-1,8],[21,57],[-65,35],[-21,11],[3,28],[2,13],[-28,54],[1,115],[-40,-79],[-1,-1],[-82,-33],[-16,27],[-27,47],[-55,94],[-65,59],[-128,12],[-21,-64],[-23,-73],[-100,-99],[12,95],[-70,105],[-2,18],[-5,43],[-20,39],[-29,57],[-6,98],[6,75],[15,22],[5,7],[3,138],[12,73],[-30,111],[-21,19],[-13,12],[-2,32],[-2,27],[-8,3],[-31,11],[2,106],[52,75],[11,16],[23,21],[1,51],[1,67],[30,11],[42,16],[-22,35],[-21,31],[0,14],[0,39],[-73,151],[-34,13],[-25,10],[-123,226],[-12,90],[25,32],[66,83],[-2,82],[-28,23],[-8,7],[-1,62],[93,45],[21,-2],[54,-6],[43,64],[2,77],[1,62],[42,122],[28,83],[-49,122],[-175,220],[-18,-66],[-51,20],[9,-45],[-1,-2],[-13,-25],[-77,-16],[-18,24],[-35,50],[-95,-15],[-55,-8],[-46,36],[-17,13],[-33,0],[-80,0],[-18,25],[-5,6],[-5,-7],[-28,-37],[-9,33],[-3,12],[-10,1],[-17,-16],[-14,-14],[-86,1],[-2,1],[-33,38],[-64,-12],[-51,-42],[-17,-14],[-33,-63],[-64,65],[-29,29],[-9,-60],[-6,-32],[-14,1],[-44,2],[-15,-80],[-58,-61],[11,-33],[3,-12],[-7,-44],[-5,-29],[3,-4],[27,-43],[0,-80],[-35,-4],[-2,0],[0,-33],[0,-7],[-1,-1],[-16,-47],[2,-76],[24,-21],[51,-43],[13,-186],[-133,17],[-77,46]],[[15447,43814],[35,196],[-39,25],[-27,17],[-48,73],[-73,129],[-72,125],[-44,1],[-76,-69],[-12,-46],[2,-14],[7,-41],[-22,-18],[-35,56],[-47,77],[-111,99],[-83,49],[-60,36],[-51,68],[-37,49],[-225,47],[-4,-2],[-59,-27],[-21,32],[38,122],[20,66],[-9,24],[-18,45],[28,35],[14,17],[-5,48],[-6,54],[44,68],[97,151],[-38,94],[-34,25],[-34,-21],[-46,-29],[-78,8],[-95,21],[-68,65],[-30,108],[-17,61],[12,108],[72,98],[31,43],[2,9],[17,68],[137,120],[85,-21],[23,-47],[17,-32],[97,-99],[108,222],[-26,31],[-21,24],[-7,202],[-3,98],[-29,55],[-13,23],[-31,85],[-36,99],[-1,56],[-41,38],[-47,44],[47,29],[17,32],[27,52],[8,102],[-43,149],[-34,29],[-43,35],[11,65],[26,28],[74,78],[-44,65],[-84,64],[-23,17],[-1,8],[-4,53],[-64,37],[-38,-15],[-99,-40],[-323,-45],[-74,3],[-172,18],[-39,5],[-53,-24],[-223,-100],[-190,-85],[-28,29],[-4,3],[-22,17],[-51,22],[-13,-42],[-44,-41],[-87,-81],[22,101],[1,21],[0,0],[-17,81],[-53,18],[-89,31],[-39,49],[-28,35],[-67,-21],[-35,-12],[-13,-15],[-46,-55],[-53,7],[-23,207],[-3,98],[-4,152],[-109,64],[-141,83],[-11,48],[-51,43],[31,62],[12,25],[-13,24],[-40,69],[17,125],[-36,58],[26,80],[26,19]],[[39848,61495],[120,39],[30,-89],[2,-55],[7,-169],[52,-115],[73,-62],[126,-13],[54,-5],[70,-62],[60,-96],[39,-133],[3,-41],[4,-51],[17,-19],[39,-43],[9,-82],[26,-52],[14,-105],[-98,-88],[-44,-40],[-52,-47],[-39,-156],[-1,-2],[0,0],[-26,-39],[51,-17],[48,-17],[136,-105],[54,-110],[26,-54],[46,16],[62,22],[152,-17],[25,-26],[42,-43],[40,0],[30,34],[20,23],[79,8],[41,-23],[53,-1],[29,-27],[23,-21],[93,2],[64,294],[-27,138],[-27,134],[48,77],[52,41],[36,-44],[11,-27],[36,-93],[108,-51],[74,-84],[35,3],[25,3],[84,-38],[-4,-58],[-2,-29],[50,0],[118,1],[79,-98],[48,-118],[8,-20],[5,-8],[75,-110],[22,-75],[-43,-38],[-24,-20],[-40,-75],[45,-34],[126,-95],[89,-182],[46,-78],[73,-124],[174,7],[14,28],[-5,46],[-4,41],[37,87],[58,45],[20,-4],[73,-17],[86,139],[26,42],[47,0],[13,-126],[4,-40],[23,-61],[40,-23],[8,-5],[81,-48],[94,-136],[7,-25],[2,-6],[18,-16],[25,-22],[2,-7],[10,-60],[151,84],[21,11],[18,33],[33,57],[76,11],[47,7],[-4,46],[-4,40],[28,89],[38,-26],[80,-52],[190,74]],[[44100,59019],[86,-190],[39,-92],[-56,-178],[-37,-18],[-58,19],[-49,-53],[-44,34],[-112,-98],[-44,-2],[2,-127],[36,-55],[-34,-118],[-69,-50],[-268,-37],[-71,-204]],[[43421,57850],[-193,210],[-41,30],[-85,64],[-45,8],[-62,-52],[-19,-16],[-37,-19],[-66,25],[-18,16],[-86,76],[-160,47],[-68,-15],[-233,-153],[-39,-71],[-19,-103],[20,-99],[19,-21],[54,-58],[-51,-45],[-80,38],[-20,9],[-34,-4],[-44,-4],[-91,81],[-69,61],[-25,3],[-74,10],[-100,110],[-22,25],[-29,11],[-29,11],[-27,-20],[-50,25],[-97,124],[0,0],[-306,215],[-10,6],[-322,157],[-367,75],[-85,-27],[-51,-81],[-24,-40],[-45,4],[-168,13],[-190,-47],[-191,-99],[-136,-118],[-171,-159],[-57,-120],[-18,-37],[-155,-47],[-136,46],[-39,43],[-39,103],[3,37],[1,20],[-35,173],[-94,280],[-189,412],[-184,276],[-224,237],[-273,226],[-157,82],[-204,2],[-24,0],[-129,36],[-79,-16]],[[37403,59806],[6,74],[-55,133],[-58,73],[-34,5],[-29,5],[-35,35],[-2,77],[27,30],[15,16],[5,136],[-27,51],[-27,15],[-68,38],[-39,139],[6,15],[10,27],[-103,48],[-51,0],[-42,-1],[-58,17],[-11,44],[-23,85],[-147,144],[-203,47],[-16,36],[-111,-7],[-60,-4],[-19,107],[0,1],[-87,237],[-29,8],[-28,8],[-71,133],[-92,80],[48,38],[66,51],[1,73],[0,41],[493,527],[75,-61],[-6,-32],[-13,-77],[31,-1],[5,49],[1,0],[23,22],[27,-157],[-10,-52],[-14,-64],[0,-289],[59,-80],[158,86],[11,7],[40,24],[3,-46],[1,-17],[46,-93],[80,-8],[31,41],[28,36],[63,19],[6,-102],[-19,-66],[-17,-56],[70,-18],[7,7],[30,29],[14,-54],[12,-49],[133,289],[19,92],[13,64],[72,57],[40,-3],[47,-3],[6,70],[8,93],[27,11],[47,20],[-15,74],[-6,28],[48,72],[13,-12],[39,-34],[22,41],[-2,52],[0,18],[25,6],[45,11],[-8,88],[-5,46],[13,51],[17,69],[-3,58],[-17,31],[-34,-9],[-11,-2],[-42,47],[87,110],[23,-23],[17,-17],[15,5],[20,7],[3,-26],[4,-28],[24,-30],[74,-19],[-1,21],[0,42],[61,27],[102,-32],[5,-1],[42,12],[139,40],[89,-179],[-22,-32],[-28,-43],[-5,-135],[93,-144],[20,-17],[148,-128],[6,-48],[79,-156],[27,-55],[44,-47],[58,-62],[24,-95],[-50,-55],[-21,-54],[-32,-80],[87,-78],[82,-13],[58,53],[32,29],[99,-107],[80,-86],[41,-31],[58,-42],[13,-26],[31,-62],[31,58],[13,24],[11,-4],[77,-29],[-5,62],[16,28],[242,157],[49,93]],[[41357,53477],[-72,-21],[27,39],[69,99],[48,-17],[-31,-88],[-41,-12]],[[39182,55289],[-32,-46],[-63,7],[-22,43],[68,55],[49,-59]],[[38571,54492],[-33,-77],[-50,1],[-8,87],[-1,13],[-57,75],[51,144],[17,49],[7,5],[58,38],[5,7],[70,93],[67,11],[-84,-131],[-32,-50],[-36,-161],[16,-63],[10,-41]],[[37930,54912],[-45,-43],[-11,34],[30,95],[0,12],[-5,75],[28,-9],[3,-58],[1,-20],[-1,-86]],[[44510,62550],[28,-50],[28,-20],[101,-72],[54,-93],[38,-28],[38,-82],[0,-26],[0,-50],[35,-74],[16,-150],[8,-11],[50,-97],[30,-59],[-4,-31],[-2,-11],[-7,-48],[12,-86],[-43,-64],[-33,-48],[16,-42],[2,-7],[10,-27],[-8,-20],[64,-46],[70,-50],[10,-47],[-28,-132],[-27,-9],[-63,-21],[58,-76],[50,-65],[-27,-36],[-48,-63],[-27,-9],[-72,-25],[-119,-154],[-10,-37],[69,-68],[46,-46],[-40,-61],[-28,-43],[-23,-93]],[[44734,60273],[-95,9],[-22,-28],[-27,-33],[-140,-174],[-97,-63],[-18,-11],[-2,-8],[-7,-34],[-16,-1],[-40,-45],[-38,4],[-120,12],[-88,-92],[11,-67],[63,-64],[7,-7],[48,12],[30,-31],[-61,-48],[-3,-3],[18,-42],[32,-75],[-43,-61],[-26,-37],[-23,-113],[11,-10],[24,-22],[-21,-45],[-1,-2],[2,-8],[29,-137],[-21,-30]],[[39848,61495],[-110,33],[-39,86],[6,87],[32,51],[2,3],[9,58],[21,18],[-21,28],[-17,20],[7,40],[11,71],[-29,152],[-31,116],[-54,17],[-90,27],[-19,37],[-31,-15],[-5,57],[-104,76],[-3,21],[-10,58],[-1,0],[-34,8],[14,92],[12,76],[-52,151],[-56,27],[-64,30],[-13,38],[-6,14],[-4,-6],[-16,-25],[-33,38],[-3,33],[-8,72],[-97,20],[-20,4],[-55,67],[-30,37],[-79,160],[-59,-5],[-33,-3],[67,303],[1,1],[58,120],[-12,92],[-7,59],[69,4],[12,-9],[40,-27],[20,13],[9,37],[4,15],[7,28],[88,3],[9,-11],[17,-20],[14,0],[49,26],[16,95],[22,135],[181,64],[32,-34],[92,-98],[183,-37],[28,20],[58,44],[60,-22],[51,-19],[40,57],[-4,52],[-3,28],[19,81],[63,47],[6,3],[42,20],[181,203],[12,13],[9,29],[-11,45],[-5,20],[20,97],[61,8],[62,7],[65,98],[8,36],[4,18],[23,26],[62,72],[28,76]],[[40586,65182],[12,57],[56,-4],[109,-120],[12,-23],[78,-151],[61,-33],[22,24],[17,19],[44,-15],[88,-126],[30,-100],[-10,-31],[-15,-42],[-29,-91],[-12,-20],[-74,-134],[24,-47],[15,-30],[-6,-66],[-2,-19],[5,-10],[17,-40],[-2,-89],[-2,-13],[-9,-63],[23,-43],[8,-17],[47,-90],[47,-5],[25,29],[21,83],[2,9],[9,39],[63,36],[157,-84],[114,-61],[16,-26],[70,-116],[136,-54],[53,-13],[52,-13],[39,-117],[5,-16],[26,-38],[29,-41],[-1,-7],[-6,-62],[165,-112],[78,-6],[6,0],[7,-6],[66,-60],[73,106],[6,8],[14,6],[80,32],[46,54],[25,29],[37,13],[55,20],[75,93],[-9,50],[-13,72],[66,81],[86,4],[122,-71],[27,-51],[39,-73],[87,-41],[34,57],[22,38],[43,10],[36,9],[5,-69],[3,-41],[39,-45],[32,-35],[35,-99],[2,-7],[10,-88],[57,-47],[5,-4],[5,-16],[15,-50],[161,-64],[56,47],[73,60],[23,-39],[38,-65],[47,-42],[88,-9],[27,-3],[24,-31],[27,-36],[143,-27],[41,38],[31,28],[36,-30],[19,-65],[22,-76],[29,-3],[59,-6],[51,-139],[18,-55],[15,-45],[51,-57]],[[39833,83377],[-74,-76],[-54,-15],[-51,-15],[-22,-38],[-18,-31],[-113,-48],[-80,-16],[-22,13],[-22,13],[-213,-60],[74,-96],[3,-4],[-1,-12],[-5,-38],[11,-18],[16,-25],[-55,-113],[-193,-170],[-26,-1],[-45,-1],[-24,-34],[-39,-55],[-86,-120],[-59,0],[-36,1],[-6,-77],[-7,-107],[-34,-146],[-127,-267],[-49,0],[-43,-1],[-29,-46],[-11,-19],[-27,-7],[-52,-12],[-22,-52],[2,-61],[2,-43],[-56,-113],[-207,-253],[-47,-27],[-139,-80],[-15,-42],[-14,-40],[-56,-67],[-69,-3],[-16,0],[-76,-65],[-33,-74],[-23,-50],[5,-70],[5,-50],[-42,-25],[-100,-60],[-46,-118]],[[37367,80443],[-65,-4],[-13,9],[-57,38],[-60,0],[-78,-113],[-44,-69],[-25,-99],[-27,-105],[-133,30],[-21,24],[-20,24],[-92,27],[-19,-12],[-47,-31],[-19,3],[-41,8],[-43,-52],[-97,-114],[19,60],[-19,40],[-6,13],[-16,9],[-28,14],[-13,25],[-30,56],[-118,87],[-45,34],[-150,214],[-59,85],[-106,156],[-20,68],[-39,79],[-91,100],[-114,74],[-50,-64],[-1,-7],[-5,-32],[-88,1],[-28,54],[-29,56],[-88,106],[-92,-30],[-56,-72],[-51,-116],[-11,-23],[0,-47],[-77,9],[-20,46],[2,34],[2,39],[-106,108],[-35,-35],[-85,-81],[-79,18],[-34,41],[-43,106],[-51,62],[35,81],[59,4],[40,6],[51,7],[98,171],[74,125],[-34,78],[-30,71],[5,43],[17,29],[35,62],[-98,56],[-21,-55],[-8,-19],[-41,8],[-42,7],[-47,-56],[-26,-31],[-10,-1],[-60,-6],[-24,-67],[-11,-31],[-55,-57],[-26,8],[-4,23],[-5,32],[-40,18],[-116,-25],[-71,-16],[-67,37],[-29,16],[-36,-6],[-50,-8],[-71,170]],[[33998,81968],[-26,98],[-11,12],[-114,124],[-11,41],[-10,38],[106,88],[54,0],[21,0],[93,45],[112,152],[-9,47],[-15,68],[85,6],[14,-7],[77,-44],[56,24],[67,78],[25,2],[12,66],[34,42],[-4,108],[-2,41],[-21,70],[35,95],[38,-87],[4,-198],[42,-90],[-6,-27],[-26,-115],[90,-35],[35,38],[-25,139],[-15,82],[4,57],[17,19],[69,15],[20,-16],[60,-49],[79,64],[-20,64],[-173,211],[-76,151],[-115,53],[-1,0],[-33,-6],[-47,39],[-63,53]],[[34424,83524],[31,208],[-6,8],[-25,33],[6,42],[57,25],[14,6],[43,18],[25,24],[50,47],[48,-27],[34,-19],[40,8],[34,6],[29,-16],[22,-13],[73,67],[3,7],[25,56],[84,20],[29,7],[56,62],[26,51],[-16,36],[-7,15],[-20,159],[40,198],[14,16],[20,22],[-8,10],[-10,13],[38,37],[82,-39],[1,0],[55,-1],[6,7],[11,17],[14,-14],[10,-11],[74,3],[49,71],[36,142]],[[35511,84825],[39,29],[113,-1]],[[35663,84853],[14,-141],[59,-82],[25,14],[80,46],[24,-58],[82,-41],[31,-40],[15,-20],[58,18],[67,39],[10,50],[10,52],[29,32],[117,20],[16,-117],[2,-11],[-18,-77],[52,-17],[21,-7],[0,-55],[0,-62],[24,-48],[14,0],[50,0],[18,-39],[-38,-48],[-9,-10],[1,-62],[46,-44],[2,-2],[2,-2],[45,-50],[90,49],[9,5],[101,9],[29,-15],[37,-20],[65,43],[-14,109],[-2,16],[23,125],[44,4],[51,5],[21,44],[124,30],[40,38],[27,64],[-22,36],[-40,64],[38,86],[30,68],[-32,122],[-9,32],[8,18],[10,23],[-8,56],[-4,33],[34,54],[2,37],[38,63],[7,12],[30,88],[12,34],[10,25],[28,67],[-24,87]],[[37265,85602],[70,-38],[155,-23],[5,0],[73,-7],[64,-47],[492,-358],[71,-15],[32,-6],[49,-61],[282,-345],[245,-261],[53,-36],[15,4],[38,11],[33,-69],[258,-261],[243,-294],[151,-183],[239,-236]],[[35179,81880],[135,-106],[25,72],[-21,77],[-56,32],[-83,-75]],[[39399,83068],[-34,-22],[-49,34],[47,25],[36,-37]],[[39333,83020],[-49,-47],[-30,22],[49,58],[30,-33]],[[39833,83377],[288,-288],[23,-27],[163,-196],[303,-278],[292,-211],[72,-39],[155,-84],[13,-11],[179,-149],[35,-28],[183,-98],[162,-37],[79,62],[13,62],[3,18],[8,-6],[50,-38],[18,56],[-25,24],[0,1],[-4,46],[20,12],[149,-110],[131,-175],[77,-137],[11,-37],[24,-88],[17,-58],[68,-56],[21,0],[40,-1],[88,-58],[113,-134],[-25,-92],[-13,-45],[16,-167],[0,-4],[0,-21],[0,-26],[0,-102],[110,-269]],[[42690,80588],[-108,-54],[-118,-71],[-8,-57],[143,-45],[52,-63],[28,2],[93,5],[7,-144],[-153,-112],[-85,-35],[-195,25],[-36,115],[8,8],[49,55],[41,92],[-73,-36],[-104,-12],[-49,-6],[-148,-17],[-68,19],[-74,21],[-14,-20],[-9,-13],[-160,-38],[-143,25],[-23,29],[-31,40],[-102,-115],[-109,12],[-82,-133],[-154,-80],[-107,-94],[-2,-13],[-6,-55],[-123,-69],[-9,32],[-124,50],[-77,156],[-92,102],[-8,76],[-13,105],[-63,116],[51,66],[-222,-18],[-101,-165],[1,-3],[4,-83],[-110,-174],[-123,7],[-137,8],[-39,-19],[-69,-34],[-28,34],[-64,11],[-13,20],[-54,82],[-195,78],[-38,-118],[-79,-80],[0,-73],[30,-24],[14,-12],[37,-77],[-37,-89],[-31,14],[-8,3],[-21,-57],[-48,-39],[-1,-104],[0,-26],[-39,-53],[-45,-61],[-3,-37],[-11,-98],[-56,-35],[-6,-4],[2,-3],[27,-35],[-89,-90],[-9,-9],[-13,-36],[-47,-127],[-39,-45],[-48,-11],[-70,-16],[0,-48],[-16,-24],[-22,-33],[-13,-34],[-61,-68],[-300,-113],[-62,-7],[-8,15],[-41,77],[-51,-99],[-61,-12],[-13,-59],[34,-199],[2,-3],[61,-120],[-21,-39],[-90,-33],[-107,-127]],[[37945,77933],[-73,-9],[-84,72],[4,69],[-52,112],[-16,120],[12,75],[9,52],[-40,70],[-45,17],[-69,26],[-23,31],[-68,88],[31,46],[34,49],[3,29],[10,118],[-10,85],[-11,85],[-33,110],[-65,67],[-3,36],[-23,27],[-30,34],[-13,63],[-6,26],[-1,4],[-1,1],[-64,43],[-4,12],[-4,66],[-50,69],[10,46],[4,18],[-16,27],[-16,25],[32,47],[62,34],[66,35],[37,118],[-25,46],[-54,95],[26,80],[-23,90],[19,24],[34,44],[-49,88]],[[17131,36689],[-29,-40],[-30,79],[-5,14],[-21,4],[-58,13],[-62,69],[-32,36],[-7,-9],[-16,-18],[-37,27],[0,53],[1,57],[-37,27],[-6,4],[-9,31],[-4,14],[-110,133],[-23,8],[-86,30],[-62,132],[-3,6],[-9,7],[-75,55],[-2,16],[-3,18],[-49,13],[-78,21],[-29,43],[-19,29],[-45,-1],[-81,-2],[-64,36],[-98,1],[-28,37],[-41,53],[-59,24],[-116,-20],[-153,-96],[-111,-138],[-19,-88],[28,-36],[17,-22],[-50,-61],[-21,15],[-22,17],[-3,0],[-46,-10],[-112,183],[-2,2],[-86,101],[-48,-15],[-22,-6],[-8,13],[-28,41],[-15,-50],[-7,-23],[-41,-36],[-1,1],[-126,155],[-33,-8],[8,-37],[46,-23],[84,-111],[2,-2],[-11,-8],[-102,-83],[-117,-172],[-105,-188],[-44,-109],[-58,-264],[11,-39],[29,-107],[8,-196],[67,-116],[92,-159],[13,-19],[4,-20],[-10,-22],[-1,-40],[-6,-20],[-11,-59],[-25,-28],[-6,-7],[-11,-40],[-59,-149],[1,-134],[0,-46],[-20,-39],[-34,-70],[-1,-8],[-2,-52],[-45,-5],[-55,-5],[-37,-103],[-500,-595]],[[13895,34553],[-39,84],[31,131],[10,47],[-5,146],[-35,50],[-93,132],[-292,616],[-13,28],[-43,98],[51,150],[78,225],[-13,42],[-16,49],[-1,4],[3,54],[-52,103],[-30,24],[-66,56],[-25,129],[37,187],[39,-5],[30,-3],[14,105],[2,12],[11,82],[44,57],[34,44],[-3,255],[-2,94],[39,188],[-46,39],[-7,7],[6,151],[0,12],[52,222],[44,59],[134,76],[19,6],[97,28],[134,94],[67,47],[-16,27],[27,60],[-14,69],[-12,56],[63,95],[73,77],[78,9],[121,-105],[67,-58],[114,65],[20,-18],[89,58],[67,3],[39,30],[65,73],[48,52],[95,-16],[94,-96],[50,-52],[95,-39],[56,51],[41,38],[8,-35],[16,-75],[140,20],[65,-49],[24,22],[25,25],[41,9],[59,14],[43,57],[16,21],[41,18],[81,36],[23,60],[26,69],[36,41],[35,39],[44,106],[11,85],[27,210],[38,49],[55,-13],[46,-11],[334,98],[99,29],[6,-279],[-50,-104],[-176,-366],[210,-345],[64,-24],[104,34],[53,17],[94,-105],[53,-4],[8,-28],[5,-18],[26,-29],[53,-61],[18,-115],[-3,-32],[-5,-72],[34,-101],[48,-116],[44,-106],[130,-330],[-5,-17],[-7,-26],[-12,-46],[-34,-126],[-14,-158],[-9,-104],[-8,-16],[-42,-86],[-21,-23],[-8,-9],[-67,-73],[-41,-125]],[[15447,43814],[-11,0],[-45,54],[-63,74],[-29,-15],[-84,-43],[-56,68],[-20,23],[-36,-5],[-21,-62],[-38,-110],[-78,-30],[-12,-5],[-21,-35],[-48,-81],[-59,-49],[-12,-10],[-6,-12],[-39,-81],[-75,21],[-69,77],[-1,23],[-1,67],[-47,4],[-77,77],[-141,-20],[-21,-65],[-47,-153],[-111,-168],[-24,-74],[-70,50],[-4,4],[-18,49],[-201,55],[-114,-34],[-19,-17],[20,-33],[39,-146],[50,-23],[84,-39],[7,-47],[3,-17],[26,-12],[20,-9],[-95,-178],[-42,-78],[26,-36],[42,-59],[-70,-112],[-47,-34],[-19,-13],[-53,-37],[-16,-60],[-16,-61],[-21,-22],[-27,-27],[-23,-49],[-6,-47],[-12,-84],[-75,-47],[-33,6],[-72,12],[-59,-53],[-57,-18],[-178,-58],[-8,-30],[-5,-17],[-47,-89],[-145,-77],[-44,-58],[-36,49],[-49,70],[-105,0],[-36,0],[-23,26],[-35,40],[-58,-54],[-95,-89],[-33,52],[-27,44],[-126,112],[-27,10],[-41,15],[-16,64],[-12,50],[-83,155],[-21,91],[-117,15],[-21,-12],[-86,-50],[-78,63],[-48,39],[-50,-30],[-1,-1],[-82,3],[-44,2],[-8,59],[-2,15],[-18,12],[-92,63],[4,55]],[[11410,42607],[30,95],[-1,3],[-11,64],[30,37],[32,67],[19,41],[-5,8],[-31,60],[5,34],[92,141],[9,14],[13,20],[74,222],[52,370],[15,185],[-11,132],[61,-8],[17,33],[-110,33],[-36,10],[-9,27],[21,58],[2,5],[-19,51],[-8,37],[-15,63],[-56,79],[-13,18],[-88,58],[-129,-13],[-137,-28],[-116,-165],[-19,-28],[-40,-105],[-39,99],[-29,73],[-88,84],[-40,14],[-39,14],[-16,84],[11,154],[12,170],[-6,169],[-32,107],[-22,79],[40,80],[64,131],[7,94],[2,36],[17,75],[-51,120],[-38,25],[-19,-17],[-17,-14],[-78,4],[-15,45],[51,94],[42,-6],[51,84],[58,-80],[13,-18],[67,21],[41,47],[26,28],[23,-8],[46,-18],[140,136],[84,123],[50,138],[-31,94],[24,57],[-24,34],[-17,128],[-49,80],[-22,38],[-73,213],[6,165],[2,33],[-8,12],[-17,28],[31,109],[20,68],[9,76],[-11,37],[-22,77],[23,142],[-8,50],[45,102],[11,27],[22,115],[17,126],[23,44],[-6,121],[-69,115],[-30,51],[-1,26],[-2,82],[-37,79],[-58,12],[-38,9],[-28,37],[-77,107],[-108,22],[-148,31],[7,68],[1,11],[-2,5],[-32,106],[47,72],[4,93],[47,179],[16,65],[5,83]],[[11033,44160],[-27,-88],[-29,53],[37,44],[19,-9]],[[42690,80588],[152,-426],[75,-279],[119,-447],[8,-31],[21,-78],[100,-280],[22,-30],[35,-49],[6,-8],[27,-38],[49,-152]],[[43304,78770],[-68,-35],[-49,-14],[-106,-29],[-132,-88],[-187,-29],[-18,-11],[-42,-31],[-29,-11],[-14,-7],[-11,1],[-19,-8],[-67,25],[-12,1],[-60,6],[-50,-36],[39,-182],[7,-33],[-17,-158],[-64,-176],[-32,-46],[-75,51],[-28,19],[-39,-3],[-72,-4],[-14,-16],[-11,-11],[-54,-1],[-17,-1],[-13,1],[-52,-3],[-40,-38],[16,-101],[8,-51],[-52,-114],[7,-82],[-60,0],[-8,1],[-21,-19],[-87,-77],[-39,-2],[-127,-6],[-57,-98],[-55,-46],[-23,-81],[-33,-24],[16,-33],[5,-12],[-7,-41],[25,-61],[-38,-78],[-24,-50],[-3,-126],[22,-143],[89,-112],[55,31],[62,36],[98,-4],[-96,-113],[-17,-20],[-20,-92],[7,-31],[23,-106],[-43,-241],[-27,-22],[-54,13],[-104,24],[-80,-99],[-30,-39],[-101,22],[-21,44],[-11,23],[-14,6],[-22,9],[-7,99],[0,4],[14,37],[-39,100],[-45,-3],[-69,-79],[-128,-62],[-30,-52],[-65,-110],[-24,-90],[-56,16],[-10,3],[-41,-67],[-54,-92],[-164,-179],[-40,-13],[-46,-14],[-2,-20],[-1,-19],[-16,7],[-33,15],[-114,-92],[-49,-71],[5,-136],[35,-111],[5,-5],[40,-36],[19,-146],[5,-38],[47,-125]],[[40254,74709],[-31,-143],[-29,-41],[21,-62]],[[40215,74463],[-29,-130],[-116,-131],[-71,-8],[-67,-59],[-45,18],[-125,-47],[-32,22],[-106,242],[-118,196],[-17,38],[-4,12],[-16,57],[-3,9],[-108,60],[-25,14],[-4,9],[-12,28],[-28,4],[-35,6],[-49,61],[-97,121],[-61,-60],[-108,-107],[-102,10],[-16,34],[-26,57],[-19,-78],[-34,-40],[31,-38],[21,-25],[-54,-172],[-32,-83],[-70,2],[-4,26],[-14,55],[9,87],[-28,65],[-5,111],[17,96],[21,123],[-62,17],[-98,27],[9,49],[-5,20],[-11,47],[-83,49],[-45,74],[-33,4],[-39,6],[-113,105],[9,71],[14,34],[42,98],[-74,165],[-39,89],[50,134],[9,-5],[38,-18],[6,142],[-40,60],[-37,57],[-18,127],[15,121],[28,221],[-18,2],[-16,1],[-33,52],[-19,132],[-13,91],[-128,46],[-53,-14],[-47,-12],[-76,199],[4,40],[81,50],[37,23],[67,129],[36,249],[-34,203]],[[43952,76474],[18,-124],[80,-450],[100,-478],[53,-179],[153,-509]],[[44356,74734],[-160,-33],[-35,7],[-5,4],[-29,21],[-8,-26],[-6,-18],[-67,-34],[-74,-20],[-109,-30],[-22,-6],[-87,-33],[-26,-38],[-47,-43],[-35,-31],[-180,-79],[-11,-4],[-12,-2],[-17,3],[-105,-23],[-24,-5],[-119,-12],[-95,-54],[20,-77],[-48,-98],[0,-4],[-15,-80],[-78,-55],[-112,-69],[-29,-43],[-173,-34],[-39,39],[-8,49],[-6,31],[-48,-22],[-29,-19],[-82,-51],[-51,4],[-41,4],[-27,-27],[-37,-38],[-49,19],[-74,28],[-30,49],[-35,59],[-48,2],[-21,-110],[-17,-89],[-27,-24],[-42,-38],[-80,-151],[-16,-59],[4,-99],[4,-116],[-34,-71],[-93,-93],[-77,13],[-47,9],[-97,-33],[-29,-42],[-24,-105],[6,-65],[6,-71],[-13,-31],[-28,22],[-42,34],[-167,-138],[-52,-42],[-43,28],[-59,39],[-50,-11],[-39,26],[-7,-18]],[[40960,72710],[-113,94],[-133,208],[-134,68],[-71,95],[-116,-8],[-32,-120],[-35,-53],[-40,35],[-227,49],[-59,41],[-66,-10]],[[39934,73109],[1,49],[20,36],[38,72],[-11,42],[-16,62],[13,31],[45,11],[27,6],[31,34],[41,47],[87,1],[11,-40],[17,-63],[28,40],[9,85],[54,175],[0,0],[-7,29],[25,27],[7,7],[31,102],[-5,81],[-38,53],[-51,276],[-76,191]],[[40254,74709],[60,65],[18,6],[46,16],[-2,25],[-3,83],[97,3],[15,0],[17,29],[64,106],[156,-20],[56,-41],[28,-19],[68,-11],[77,-12],[40,-86],[75,-161],[49,41],[-4,37],[-8,79],[83,52],[39,24],[49,130],[-55,72],[-40,52],[0,58],[1,44],[-5,10],[-16,37],[31,35],[28,32],[-16,21],[-27,34],[29,55],[30,-3],[37,-4],[18,34],[23,42],[69,-18],[22,-32],[18,-27],[130,-42],[73,67],[23,39],[47,78],[92,46],[35,-9],[22,-6],[25,11],[108,45],[79,-26],[27,-9],[29,3],[106,17],[14,24],[10,19],[10,16],[31,22],[3,2],[0,1],[16,101],[32,16],[51,5],[14,-14],[11,-12],[33,31],[58,60],[59,46],[45,71],[20,32],[73,50],[46,-50],[33,-37],[4,51],[7,75],[132,5],[7,4],[121,64],[3,5],[6,5],[131,112],[118,52],[51,24],[37,20],[46,22],[15,9],[33,15],[22,15],[52,33],[15,-97],[1,-6],[55,-75],[230,9],[90,38]],[[43304,78770],[216,-604],[75,-357],[90,-266],[32,-96],[112,-367],[77,-238],[23,-95],[7,-138],[16,-135]],[[18402,40954],[-65,-76],[-51,-383],[12,-72],[58,-77],[9,-267],[-30,-122],[-7,-108],[-49,-73],[-60,-200],[-111,-389],[-25,-256],[-7,-77],[42,-221],[157,-155],[1,-65],[-106,-17],[-85,-91],[-100,-216],[-76,-275],[-4,-172],[-2,-109],[-16,-36],[-18,-42],[7,-128],[39,-28],[32,-23],[14,-80],[-23,-30],[-28,-36],[-7,-125],[0,-7],[-3,-45],[-73,-182],[-41,-15],[-70,-25],[-93,-116],[-18,-55],[1,-97],[0,-62],[-91,98],[12,89],[8,54],[-48,89],[-95,35],[-102,-52],[-16,-9],[-27,-3],[-116,-13]],[[13895,34553],[-45,-97],[-155,-123],[-117,-159],[-87,-15],[-29,35],[-5,6],[-2,0],[-40,-2],[-17,51],[-14,38],[-43,44],[-45,3],[-26,2],[-7,25],[-12,43],[-26,-42],[-2,-15],[-8,-60],[-93,93],[-31,79],[5,30],[7,30],[-33,34],[-67,18],[-25,7],[-56,46],[-164,136],[-28,-47],[-72,-119],[-64,-17],[-22,-7],[-85,-77],[-39,3],[-38,3],[3,-42],[6,-93],[-63,-3],[-22,-1],[-28,-69],[24,-41],[23,-41],[6,-119],[-102,-48],[-20,33],[37,48],[11,16],[-16,51],[-7,22],[3,23],[16,94],[-58,21],[-36,-12],[-92,-31],[-42,38],[-1,98],[33,61],[41,74],[-3,98],[19,82],[-62,222],[-64,50],[-34,-38],[-12,-14],[-48,-5],[6,48],[4,29],[-48,75],[-32,51],[2,37],[1,21],[-23,65],[-36,104],[3,70],[7,52],[23,29],[21,27],[9,81],[-17,97],[-50,102],[-55,9],[-18,3],[-23,-13],[-42,28],[-41,51],[-4,34],[-4,27],[-35,9],[-103,26],[-31,-4],[-170,-19],[-3,97],[30,74],[24,60],[4,60],[-40,35],[-13,12],[-15,68],[-23,111],[-29,63],[-8,15],[-96,-4],[-74,-3],[-28,124],[19,63],[6,21],[-2,50],[-3,113],[-19,36],[-126,131],[-7,-23],[-15,-52],[20,-88],[-17,-3],[-42,239],[-29,160],[-32,45],[-42,20],[-59,29],[-40,75],[-10,168],[153,209],[104,154],[24,11],[40,20],[34,51],[56,185],[-9,93],[-4,47],[-4,38],[-79,141],[-2,5],[-3,15],[-16,94],[-74,46],[-58,36],[-26,132],[-16,84],[-17,22],[-45,62],[7,29],[3,86],[43,117],[37,33],[19,29],[39,60],[51,133],[6,60],[4,34],[-13,128],[-96,49],[-10,5],[-18,6],[-5,48],[-39,51],[17,71],[-3,66],[48,91],[101,153],[50,76],[191,413],[43,210],[47,135],[-1,101],[40,135],[-32,150],[-13,12],[-32,29],[-27,23],[-22,134],[15,49],[5,17],[-6,105],[-2,49],[2,7],[35,104],[-35,46],[-35,45],[-10,65],[44,105],[4,10],[17,126],[-8,47],[-13,13],[-29,26],[17,110],[-24,63],[16,74],[-26,129],[43,155],[39,9],[51,-83],[32,-102],[5,-14],[31,-58],[121,-229],[-4,-11],[-18,-54],[53,-16]],[[17701,36245],[-36,-1],[-23,45],[45,27],[14,-71]],[[10650,36469],[21,-52],[74,7],[31,18],[23,14],[24,-4],[36,-6],[27,18],[59,41],[23,-73],[16,-52],[72,-62],[68,-60],[17,-106],[14,-93],[25,-58],[4,-3],[33,-23],[-39,-131],[-25,-85],[-54,-169],[-2,-140],[-2,-158],[-50,-93],[-5,-9],[1,-10],[10,-85],[-50,-70],[-99,-20],[-32,-42],[-31,15],[-30,51],[0,28],[-2,76],[-34,34],[-28,140],[-27,30],[-34,149],[-52,80],[-13,20],[2,12],[8,42],[-29,21],[-6,3],[-43,127],[-2,59],[-2,80],[-55,218],[-8,35],[4,8],[41,81],[-19,68],[-15,54],[38,9],[13,3],[1,17],[2,79],[50,44],[27,-17],[24,-60]],[[10231,37278],[-6,-120],[-6,-138],[21,-73],[6,-22],[-3,-18],[-11,-49],[18,-48],[5,-14],[-10,-35],[-13,-42],[1,-59],[1,-73],[-21,-134],[-106,-87],[-11,1],[-3,0],[-66,8],[-58,47],[-22,18],[-60,49],[-12,41],[25,58],[2,5],[-6,9],[-34,51],[8,28],[8,25],[-8,42],[-66,83],[-70,20],[-25,7],[-11,20],[-4,5],[7,26],[31,123],[13,20],[14,21],[18,0],[49,0],[42,49],[53,4],[48,82],[14,23],[18,-5],[7,-2],[35,-10],[42,24],[11,6],[7,-4],[44,-19],[49,33],[35,24]],[[35403,69728],[-41,-31],[32,-18],[1,0],[-2,-2],[-32,-49],[3,-42],[53,-18],[50,-17],[0,-40],[1,-32],[17,-19],[24,-24],[-24,-26],[-17,-19],[-4,-80],[49,-27],[31,3],[40,5],[-7,-43],[-28,-32],[-33,-38],[-3,-80],[43,-92],[51,-20],[22,-8],[37,-44],[-27,-19],[-48,-32],[66,-164],[55,-39],[29,9],[31,9],[87,-22]],[[35859,68677],[-28,-91],[-56,-80],[1,-37],[-74,-27],[-42,-16],[-60,-218],[4,-6],[37,-64],[-7,-18],[-22,-55],[-59,-39],[3,-62],[-26,-43],[-32,-155],[-25,-19],[-34,14],[-16,6],[-77,-43],[-9,-59],[-13,-82],[-14,-25],[-75,-30],[-34,13],[3,42],[39,165],[10,44],[-12,24],[-18,36],[16,47],[6,16],[-8,205],[-2,65],[-29,116],[-35,-87],[29,-94],[-2,-37],[-5,-14],[-19,-49],[-17,16],[-19,18],[-78,-143],[-15,-29],[-14,-10],[-72,-48],[10,-132],[8,-109],[10,-27],[-38,-100],[-94,-74],[-7,-6],[-2,-4],[-43,-89],[-22,-44],[-50,-2],[-43,-55],[-82,40],[-24,-20],[-38,49],[7,24],[3,8],[9,30],[-76,86],[-43,49],[-53,-5],[-27,-3],[1,31],[1,26],[-17,41],[-61,-22],[-74,-28],[-79,0],[-39,35],[-48,36],[-38,27],[-84,-60],[-16,-11],[-44,-10],[-142,-34],[-20,-56],[-10,-25],[-72,-58],[-12,-9],[-1,-5],[-14,-40],[-71,-90],[-29,63],[-5,11],[-23,21],[-44,39],[-192,10],[-36,5],[-40,5],[-107,16],[-6,-39],[-6,-36],[-30,-36],[-129,-3],[-114,39],[-42,15],[-26,46],[-11,80],[-1,9],[-41,150],[-108,264],[-55,1],[-61,1],[-46,60],[-58,7],[-5,46],[-1,7],[-25,10],[-49,20],[-23,29],[-18,21],[-51,72],[-80,-32],[-25,-53],[-54,-13],[-15,-57],[-5,-19],[-13,-14],[-21,-21],[6,30],[-22,6],[-11,-30],[20,-5],[4,-18],[0,-11],[0,-21],[-45,-77],[13,-82],[-111,-121],[-26,-71],[-19,-23],[-82,-96],[4,-66],[3,-44],[-5,-20],[-40,-83],[-108,92],[-12,11],[-18,15],[-167,57],[-237,-59]],[[31076,67296],[31,130],[-33,50],[-71,107],[-128,399],[-29,91],[-30,38],[-7,9],[-58,72],[-96,191],[-59,119],[-137,182],[-181,147],[-1,0],[-321,321],[-607,363]],[[29349,69515],[25,91],[-5,15],[-15,55],[42,85],[31,36],[108,125],[7,74],[11,101],[33,34],[64,-1],[77,-26],[59,-19],[50,29],[83,47],[132,-29],[74,-16],[245,-11],[-11,160],[13,59],[-21,66],[30,92],[-16,142],[-49,51],[-42,11],[-88,23],[-19,105],[0,1],[-1,1],[-96,39],[-39,48],[14,108],[55,99],[1,3],[38,53],[49,9],[-35,57],[20,29],[-23,32],[-3,19],[-15,107],[67,55],[58,-16],[50,-40],[13,-28],[27,-51],[41,61],[30,45],[39,-11],[58,-15],[81,85],[19,20],[17,-2],[32,-2],[111,78],[-5,60],[-5,61],[97,50],[9,4],[5,6],[66,83],[76,8],[6,-10],[23,-33],[45,4],[0,52],[89,126],[0,44],[-2,100],[87,-20],[97,-23],[95,89],[51,5],[19,149],[-46,88],[-42,24],[-43,24],[-29,339],[64,14],[48,11],[51,222],[62,157],[-26,7],[-41,70],[-93,29],[-73,22],[5,49],[4,35],[-48,23],[-72,107],[-98,62]],[[31151,73636],[49,173],[81,117],[7,55],[108,-42],[99,-123],[22,-78],[29,35],[0,77],[24,160],[105,44],[101,109],[124,-33],[158,0]],[[35667,69727],[-10,-61],[-72,-45],[-51,68]],[[34162,116892],[-139,-113],[-7,-65],[-8,-67],[-64,-180],[-174,-30],[-73,-46],[-75,35],[-30,14],[-119,-106],[-38,-69],[49,-133],[1,-3],[0,-2],[-1,-84],[19,-14],[30,-23],[-5,-112],[-2,-36],[-23,-37],[38,-64],[47,-27],[68,-37],[64,-133],[-52,-110],[-39,-82],[-57,-45],[113,-61],[40,16],[5,2],[116,-34],[57,-92],[3,-20],[13,-74],[108,-139],[18,42],[4,9],[12,3],[47,14],[13,33],[18,48],[28,15],[185,-52],[32,-52],[-1,-58],[0,-21],[15,-12],[75,-57],[-11,-83],[1,-6],[12,-56],[28,-69],[21,-10],[32,-17],[-1,-76],[-84,-119],[-45,-64],[16,-50],[26,-81],[-6,-17],[-21,-63],[-5,-3],[-34,-26],[35,-89],[85,7],[64,6],[125,-51],[161,-45],[46,-216],[26,-119],[56,-200],[34,-57],[186,-157],[76,-17],[14,-44],[75,-54],[101,-18],[96,-16],[23,-62]],[[35605,112961],[-263,-118],[-85,-118],[-95,-132],[-108,-6],[-40,-2],[-8,-62],[18,-25],[45,-65],[-31,-45],[-139,-34],[-91,50],[-21,32],[-19,29],[-148,-8],[-3,-29],[-3,-31],[-47,-39],[-133,-19],[-89,33],[-10,17],[-24,39],[-36,13],[-87,-53],[-13,-31],[-16,-39],[-69,-31],[-92,-40],[-46,-73],[-16,-25],[-69,-49],[18,114],[3,20],[-8,134],[-38,2],[-34,1],[-46,84],[-19,34],[-57,30],[-3,-1],[-85,-18],[-35,22],[-31,70],[-74,25],[-111,124],[-7,7],[-228,165],[15,-152],[-20,-77],[19,-54],[16,-43],[-16,-28],[-11,-17],[-8,-45],[-21,-115],[-53,-42],[-9,-7],[-5,-23],[-10,-45],[-17,-18],[-17,-18],[12,-61],[11,-60],[-18,-102],[-36,-43],[-36,-43],[-18,-58],[-30,-93],[-78,-110],[-95,-182],[-30,60],[-24,47],[-29,17],[-113,-7],[-80,-38],[-36,-67],[-28,-50],[-68,-8],[-51,23],[-51,23],[-53,-34],[-100,-64],[-99,-24],[-130,-31],[-143,-89]],[[31652,111235],[-22,132],[-78,105],[-104,-97],[-6,-20],[-19,-61],[-30,-28],[-256,-71],[-62,43],[-78,12],[-11,12],[-19,23],[-35,-33],[-78,-71],[-190,-58],[-112,5],[-13,8],[-42,26],[-35,-25],[7,-43],[44,-26],[10,-31],[6,-17],[33,-42],[-28,-108],[-26,27],[-10,-6],[-76,-38],[8,-60],[1,-10],[-19,-45],[-15,-35],[-22,-141],[-3,-14],[6,-162],[-83,-201],[-27,-64],[-1,-25],[-2,-74],[-48,-52],[-107,-14],[-61,-7],[-17,-35],[-15,-143],[-15,-131],[-53,-57],[-76,70],[-61,19],[-72,24],[-226,76],[6,-60],[2,-23],[-38,-25],[-61,-39],[-26,-77],[-22,-68],[-206,-98],[-40,-2],[-58,-3],[-21,-61],[-29,-86],[-55,-66],[-88,-16],[-57,-10],[-26,-52],[94,-35],[30,-11],[46,-116],[46,-67],[13,-82],[-56,-36],[-104,7],[-70,32],[-11,65],[-6,39],[-63,47],[-18,14],[-11,23],[-18,37],[15,101],[-104,-54],[-75,-115],[20,-62],[6,-19],[-58,-145],[-20,4],[-14,3],[-60,13],[-116,-132],[-55,-63],[-99,-113],[-240,-106],[-29,31],[-111,36],[-45,51],[-8,12],[-8,56],[29,33],[12,12],[25,83],[22,10],[10,-24],[12,-28],[24,-6],[43,95],[-29,35],[-74,3],[-59,2],[-54,34],[-86,129],[-29,51],[-56,27],[31,46],[72,18],[22,6],[40,72],[63,52],[80,192],[0,43],[41,50],[45,117],[-28,72],[-12,27],[-31,69],[12,51],[28,12],[43,20],[-27,44],[-4,7],[19,59],[2,4],[19,34],[-1,40],[0,17],[11,26],[31,77],[5,81],[-14,34],[-31,76],[23,37],[-21,88],[39,63],[16,24],[7,43],[-4,18],[-14,38],[-11,32],[-4,48],[19,11],[19,11],[10,47],[-18,115],[-29,37],[-1,1],[-1,8],[-21,165],[-133,146],[-46,-93],[-75,-39],[0,0],[-49,-75],[-175,-63],[-66,86],[-45,59],[-39,1],[-8,0],[-87,56],[-14,87],[-31,208],[-91,-73],[-26,-37],[-27,-40],[-7,-1],[-142,-26],[89,-69],[10,-26],[66,-174],[87,-421],[-27,-35],[-69,57],[-67,18],[-8,-31],[-30,9],[-78,134],[-9,16],[-107,84],[-39,67],[-157,69],[-82,-22],[-56,-113],[-111,-45],[-36,-71],[1,-20],[2,-36],[-132,-97],[-112,10],[-4,3],[-57,50],[-54,-61],[-73,-81],[-129,26],[-242,48],[-52,74],[-11,33],[-60,169],[-52,56],[-41,97],[-129,-19],[-101,-137],[-68,-91],[-112,-33],[-11,-3],[-11,-12],[-28,-30],[-51,-44],[-65,19],[-18,6],[-28,-11],[-167,-63],[-80,36]],[[24311,110621],[-132,207],[-36,13],[-107,38],[-142,149],[-35,36],[-330,59],[-20,-13],[-41,-25],[-45,15],[-110,158],[-32,197]],[[23281,111455],[42,100],[30,16],[41,21],[34,123],[-5,35],[-8,61],[22,46],[33,67],[19,111],[-8,140],[-2,30],[9,22],[32,83],[-271,253],[-76,-17],[-154,-33],[-41,13],[-55,180],[-15,30],[0,118],[-1,32],[-18,44],[-34,85],[50,37],[12,8],[14,34],[48,118],[25,5],[16,3],[25,30],[25,97],[-52,79],[-50,78],[198,182],[2,0],[45,5],[13,89],[-18,119],[-54,104],[-11,10],[-46,43],[40,78],[46,18],[34,12],[18,21],[34,38],[37,110],[15,93],[-2,12],[-9,51],[25,25],[23,22],[-2,70],[35,66],[-8,57],[62,33],[77,-67],[43,-36],[131,-23],[38,8],[149,32],[21,-27],[-15,-42],[-6,-15],[11,-13],[92,21],[19,21],[27,31],[81,33],[40,64],[171,76],[126,14],[37,4],[31,29],[68,65],[26,-41],[2,-3],[4,-2],[115,-47],[27,-45],[-5,-24],[-9,-50],[12,-27],[65,-48],[55,-4],[48,-86],[125,-37],[62,-18],[61,-102],[-77,-85],[-53,-118],[-32,-15],[-32,-16],[-36,-16],[26,-97],[155,-23],[130,65],[53,27],[101,-112],[76,-83],[63,-16],[45,39],[37,32],[159,-92],[6,-10],[32,-54],[67,-23],[119,55],[134,61],[179,-5],[87,-25],[164,-45],[62,18],[51,15],[25,-24],[31,-31],[81,268],[3,7],[2,5],[40,80],[0,23],[-1,24],[49,17],[35,13],[157,136],[-21,101],[-17,23],[-28,41],[16,55],[3,10],[-11,65],[-4,25],[102,246],[9,14],[61,91],[-17,36],[9,80],[-15,51],[-6,22],[12,58],[32,17],[40,22],[3,53],[2,39],[28,47],[102,-17],[48,-8],[91,57],[83,113],[-27,48],[4,161],[66,-26],[29,25],[50,41],[49,2],[48,-45],[23,-21],[41,28],[38,27],[42,3],[84,6],[44,42],[4,4],[8,0],[31,3],[9,12],[33,44],[82,4],[78,52],[42,-12],[39,-12],[62,49],[46,37],[30,-17],[82,-49],[38,43],[4,5],[83,2],[109,-120],[16,-33],[21,-41],[115,-59],[90,18],[110,72],[41,23],[18,39],[55,116],[58,23],[34,14],[5,34],[5,34],[63,88],[121,-15],[72,-49],[112,-119],[17,-30],[30,-57],[245,123],[15,39],[9,23],[42,32],[42,2],[21,1],[66,52],[9,6],[3,1],[88,16],[51,-100],[178,-112],[144,29],[138,-26],[103,-198],[115,-41],[109,51],[40,96],[67,83],[165,-15],[157,32],[46,70],[60,7],[61,81],[68,11],[33,59],[77,9],[153,160],[93,43],[89,-26],[54,81],[69,-16],[72,93],[43,-25],[60,18],[145,-20],[61,33],[62,97],[72,15],[46,-32],[101,12],[35,95],[98,87],[129,-40],[102,70],[104,-9],[203,120],[239,-96],[92,-132]],[[40960,72710],[-42,-118],[-12,-125],[129,-203],[41,0],[192,-71],[-18,-140],[-65,-74],[7,-74],[-39,-118],[28,-115]],[[41181,71672],[-81,-101],[-237,-60],[-35,14],[-70,30],[-116,-61],[-50,-26],[-35,-2],[-16,38],[-28,68],[-26,16],[-147,-8],[-34,-43],[-38,-48],[-56,23],[-31,42],[-21,28],[-213,52],[0,-75],[0,-23],[-17,-19],[-84,-95],[3,-101],[4,-94],[-33,-14],[-37,-73],[-8,2],[-44,12],[26,-171],[46,-87],[23,-9],[33,-13],[-18,-171],[-12,-104],[10,-14],[30,-44],[-139,-159],[-37,-4],[-68,-8],[-135,-186],[74,-48],[171,-257],[78,-49],[43,-27],[78,-61],[-4,-20],[34,-91],[-29,-82],[-87,-80],[-34,-31],[-24,-30],[-61,-86],[-13,-16],[101,-79],[126,-164],[60,-20],[10,-3],[105,-105],[43,-9],[6,-114],[9,-198],[35,-107],[48,-91],[34,-17],[46,-22],[90,-108],[20,-70],[12,-43],[28,-36],[28,-38],[82,-47],[55,-8],[75,-12],[96,-68],[26,-53],[-18,-37],[-25,-50],[52,-100],[63,-67],[39,-15],[99,-35],[34,-67],[-89,-22],[-116,-29],[30,-59],[12,-23],[-38,-3],[-83,-7],[-48,-39],[6,-58],[2,-19],[-69,-30],[-38,-81],[-33,-69],[-68,-20],[-67,-19],[-12,16],[-1,3],[-19,26],[-59,-8],[-21,-18],[-53,-45],[-31,-26],[-74,12],[-35,59],[-38,66],[-7,12],[-30,15],[-77,41],[-29,39],[-34,46],[-9,12],[-69,10],[-22,-22],[-19,-19],[-41,-41],[-67,60],[-102,93],[-116,106],[-218,15],[2,-45],[31,-59],[6,-11],[-2,-71],[-21,-28],[-16,-20],[-11,-111],[-52,-47],[-14,-41],[-9,-26],[-71,-82],[-72,-19],[-35,-59],[-36,26],[-43,31],[-1,-69]],[[38969,66866],[-72,5],[-21,32],[-10,15],[-100,38],[-24,49],[-91,13],[-67,-105],[-33,-129],[-21,-82],[-60,-99],[-75,128],[-40,70],[-60,59],[-53,-2],[-36,-64],[-39,-69],[-195,22],[-41,161],[8,30],[7,27],[-40,35],[-30,64],[-16,34],[-17,61],[-85,28],[-129,97],[-9,1],[-60,6],[-25,56],[-87,57],[7,28],[34,17],[23,11],[24,65],[-28,44],[-129,32],[-80,-54],[-74,-136],[-12,-24],[-28,-2],[-79,-8],[-26,-60],[-15,-34],[-9,-19],[-154,-25],[-73,41],[-5,3],[-37,21],[-36,-21],[-6,-3],[-93,-54],[-12,57],[-11,50],[-4,20],[-40,41],[-28,28],[-21,-10],[-69,95],[-60,31],[16,45],[28,50],[-26,76],[4,31],[81,36],[61,27],[28,245],[-11,47],[-45,12],[-3,92],[-52,22],[-8,4],[-44,49],[-39,42],[-5,37],[-17,111],[-47,-34],[-91,-63],[-30,57],[26,88],[17,56],[-55,0],[-1,-66],[-1,-42],[-95,-31],[-4,89],[-6,93],[-41,49],[-91,30],[-10,-13],[-44,-26],[-43,26]],[[38152,71926],[115,-69],[27,-59],[59,-3],[19,51],[24,63],[97,40],[167,-11],[177,-11],[30,39],[-2,48],[-1,27],[36,72],[53,36],[21,-43],[29,-60],[143,-53],[257,151],[82,114],[1,7],[10,61],[20,19],[59,7],[36,-50],[49,-65],[87,71],[12,20],[74,89],[7,92],[1,5],[11,13],[32,35],[-17,34],[-25,53],[46,106],[51,119],[-15,131],[10,104]],[[31652,111235],[-82,-109],[-22,-141],[17,-59],[220,-34],[143,-22],[80,-82],[6,-228],[-105,-87],[-55,3],[-67,5],[-18,-67],[-13,-52],[-4,-6],[-33,-53],[6,-37],[12,-18],[9,-13],[-16,-34],[-31,-68],[-19,-219],[5,-38],[7,-58],[-6,-18],[-47,40],[-10,16],[-26,43],[-19,-43],[-17,-38],[-70,-36],[-13,4],[-51,15],[-109,-88],[41,-82],[77,-45],[44,-25],[4,-25],[13,-72],[105,-51],[57,-28],[8,-66],[8,-73],[21,-24],[30,-33],[-41,-71],[-20,-33],[-25,-114],[63,-135],[138,-3],[92,47],[59,31],[17,-66],[-6,-57],[-8,-65],[43,-77],[26,11],[48,21],[99,-74],[49,6],[-37,-76],[-27,-58],[-55,-114],[51,-41],[24,-19],[10,-20],[86,-168],[67,-6],[80,-7],[-4,-114],[-30,-29],[-36,-34],[1,-55],[2,-55],[-15,4],[-22,12],[-17,7],[-5,2],[-24,12],[-10,12],[-29,5],[-13,3],[-1,-49],[0,-33],[-56,-110],[8,-74],[-113,-124],[-5,-6],[1,-2],[16,-33],[-75,-128],[-141,-43],[-164,-51],[-89,-38],[-45,0],[-31,-31],[-21,-21],[-164,6],[-27,1],[-40,36],[-29,-37],[-59,-73],[-37,73],[-11,23],[-205,-25],[-20,-29],[-63,-94],[-57,28],[-28,13],[-44,-72],[31,-217],[42,-50],[56,-68],[1,-80],[-80,-6],[-69,-5],[-66,-66],[-7,-30],[27,-46],[7,-5],[51,-33],[-38,-50],[-38,-49],[-12,-5],[33,-31],[46,-108],[55,-130],[-26,-65]],[[30776,105934],[-7,-92],[16,-57],[-89,-50],[-85,6],[-34,2],[-61,-19],[-85,-26],[2,25],[5,62],[-61,15],[-36,-37],[-81,45],[-28,-7],[-42,-11],[-26,146],[-40,225],[-69,-1],[-72,52],[-58,2],[-141,-18],[-28,-3],[-14,9],[-23,15],[-119,-35],[-52,-94],[-3,-5],[-5,-1],[-78,-16],[-93,-109],[-42,-49],[-289,-12],[-71,14],[-84,16],[-2,-113],[30,-148],[12,-24],[21,-40],[-15,-80],[-78,3],[-59,2],[7,-37],[6,-35],[-15,-75],[-4,-17],[4,-21],[-50,-31],[-22,-14],[9,-28],[14,-50],[-20,-36],[-79,76],[-79,24],[-25,57],[-22,48],[-71,-4],[-2,-58],[-2,-47],[-86,-11],[-94,-11],[-77,38],[20,-33],[-11,-95],[-3,-28],[-5,-6],[-53,-60],[18,-89],[10,-48],[-25,2],[-30,3],[-57,-59],[22,-31],[2,-3],[26,6],[-32,-203],[-51,-57],[-15,-17],[-39,-6],[-17,-51],[0,-36],[0,-76],[-89,-63],[-35,-24],[-5,-38],[-2,-12],[-13,-11],[-25,-21],[-13,-44],[10,-85],[31,-20],[13,-8],[-9,-27],[-15,-44],[27,-51],[26,-51],[-70,-16],[-47,23],[-58,30],[13,-80],[26,-147],[-28,-146],[-1,-6],[1,-8],[14,-113],[-32,-58],[-107,-98],[-57,-52],[-48,-99],[2,-102]],[[27453,103036],[-81,-61],[-33,47],[-67,-7],[-86,-17],[-139,116],[-38,52],[-56,77],[-41,-49],[-49,-60],[-152,-10],[1,71],[0,52],[-19,10],[-33,-77],[-86,-40],[15,-68],[6,-23],[-45,-36],[-10,-47],[-122,-101],[22,95],[14,60],[-11,51],[-56,-132],[-7,-18],[-25,-4],[-47,-9],[-13,-33],[-25,-64],[-40,-14],[-99,68],[-56,83],[31,46],[46,67],[-172,101],[-53,61],[-92,2],[-45,9],[-19,7],[-23,4],[-28,1],[-47,2],[-12,6],[38,166],[29,40],[48,65],[6,50],[16,123],[54,25],[1,1],[1,2],[9,61],[22,15],[22,15],[-6,54],[-39,62],[-23,36],[25,136],[23,33],[1,1],[32,52],[-28,59],[-247,153],[-7,3]],[[25638,104406],[-94,45],[-158,-11],[-27,-12],[-20,-10],[-12,12],[-73,75],[-32,2],[-59,-39],[-10,-25],[-25,-64],[-39,69],[-2,3],[-98,55],[-88,-44],[-33,-16],[-47,22],[-47,22],[-34,-26],[-99,-77],[-83,10],[-47,5],[4,-59],[4,-42],[-30,-41],[-30,-127],[-31,-39],[-25,33],[-12,16],[-130,-11],[-62,-37],[-37,-22],[-76,-41],[-63,-87],[-178,-24],[-68,30],[8,44],[0,3],[-9,14],[-19,30],[18,61],[-49,30],[69,66],[37,35],[-17,45],[-73,62],[-68,-11],[-51,-8],[-36,58],[-1,50],[15,38],[9,22],[-17,104],[-12,78],[3,75],[3,83],[-30,47],[-46,69],[14,30],[17,37],[-6,25],[-7,35],[21,13],[56,34],[24,131],[-13,66],[-37,37],[-65,67],[1,86],[0,2],[-1,1],[-31,17],[-16,71],[19,66],[16,58],[-8,81],[-56,-7],[-4,0],[-151,62],[-2,118],[10,36],[17,58],[1,47],[2,71],[86,124],[23,3],[41,5],[19,66],[-9,168],[-2,18],[-30,65],[90,148],[24,18],[70,52],[192,279],[60,206],[-1,66],[-2,74],[-19,68],[45,50],[16,99],[24,50],[20,42],[-60,125],[-12,13],[-67,73],[58,180],[40,58],[78,111],[-5,61],[-3,44],[36,33],[31,28],[30,81],[-58,273],[-57,58],[-32,33],[54,73],[60,80],[-20,62],[-29,37],[-38,47],[-4,80],[-3,54],[-237,160],[-57,8]],[[23664,109561],[29,125],[75,-2],[46,-2],[16,25],[2,52],[2,27],[38,19],[19,9],[42,48],[35,40],[147,9],[61,3],[44,19],[11,59],[124,161],[1,54],[-35,44],[-31,39],[-8,277],[29,54]],[[38969,66866],[9,-81],[-32,-93],[-9,-27],[-8,-33],[-29,-132],[21,-132],[8,-11],[29,-38],[-7,-62],[-6,-51],[36,-45],[75,-92],[20,-69],[3,-32],[3,-30],[32,-65],[72,-49],[144,-33],[64,0],[-14,84],[-8,49],[14,34],[31,5],[238,-123],[98,-108],[19,-20],[222,-148],[94,-21],[84,-19],[16,-25],[21,-31],[63,-60],[53,-18],[68,-22],[70,-88],[57,-71],[66,-27]],[[37403,59806],[-64,-52],[-50,50],[-241,242],[-146,108],[-155,61],[-173,-54],[-11,-12],[-44,-54],[-55,21],[-38,108],[-11,30],[-38,109],[-80,133],[-12,19],[-7,21],[-51,143],[-97,189],[-69,127],[-402,634],[-238,355],[-192,240],[-306,339],[-248,204],[-390,250],[-97,37],[-84,32],[-30,26],[12,84],[1,4],[-2,6],[-44,162],[6,130],[2,46],[-119,428],[-64,232],[-193,433],[-19,42],[-24,54],[-173,226],[-45,21],[-153,72],[-66,83],[-23,29],[-97,55],[-68,40],[-44,68],[-8,15],[-81,151],[-102,87],[-30,24],[-45,27],[-94,32],[-41,14],[-16,34],[-65,131],[-312,262],[-213,-23],[-37,-25],[-24,-16],[-196,-41],[-89,187],[-17,91],[-53,120],[-32,105],[-15,49],[-20,22],[-82,92],[-94,173],[-18,83],[-70,53],[-38,90],[-25,60],[-9,66],[-4,23],[-46,70],[-9,13]],[[35411,64720],[53,-25],[29,41],[-37,25],[-45,-41]],[[27453,103036],[20,-124],[41,-3],[30,-3],[13,-38],[-10,-75],[-30,-218],[175,-307],[36,-23],[57,13],[24,19],[54,42],[41,-7],[1,-50],[1,-33],[26,-86],[25,-66],[47,-11],[42,-9],[-8,-58],[-2,-18],[24,-25],[27,-28],[24,-101],[-4,-38],[-14,-132],[56,-195],[27,-32],[133,-160],[3,-83],[1,-38],[19,3],[13,3],[56,-55],[13,-13],[12,-4],[25,-9],[109,-38],[21,-28],[4,-88],[16,-23],[8,-27],[-28,-88],[26,-107],[-37,-61],[-9,-16],[9,-9],[14,-13],[27,-94],[-43,-50],[-17,-21],[29,-107],[21,22],[37,37],[50,-163],[23,-179],[-28,-5],[-28,-4],[-27,-101],[22,-19],[50,-67],[57,-77],[11,-150],[-3,-21],[-9,-59],[122,4],[68,3],[76,-23],[74,-61],[116,-45],[154,-131],[-2,-28],[-33,-49],[-15,-2],[-69,-8],[-3,-60],[50,-63],[133,-84],[51,-63],[63,-28],[51,-22],[-17,-175]],[[29575,98683],[-46,-72],[-76,32],[-99,-7],[-153,-75],[-139,111],[-60,-63],[-12,-61],[60,-15],[25,-54],[5,-69],[-33,-124],[7,-58],[20,-326],[17,-47],[10,-87],[79,-104],[-9,-94],[49,-54],[-72,-213]],[[29148,97303],[-36,30],[1,-101],[36,-31],[26,-23],[31,-70],[17,-41],[35,-45],[35,-45],[-8,-73],[-3,-29],[7,-12],[23,-39],[1,-61],[-7,-20],[-27,-45],[-81,-16],[-14,-3],[-33,-36],[-94,-104],[-127,27],[-74,15],[-12,-1],[-37,-4],[-10,34],[-26,88],[-109,45],[-68,65],[-10,2],[-20,6],[-9,23],[-25,60],[-79,31],[-133,-13],[-221,14],[-24,-39],[-39,0],[-24,-21],[-32,-27],[-93,108],[-29,73],[5,77]],[[27861,97102],[-12,22],[-30,-4],[-59,-10],[-168,80],[-37,35],[-46,42],[-46,-24],[-21,-85],[-18,-72],[-29,-40],[-79,8],[-49,36],[-47,33],[-32,-97],[-1,-3],[18,-64],[-44,21],[-43,20],[-63,-6],[-11,10],[-32,25],[-20,17],[-22,18],[-24,17],[-26,21],[-81,58],[-51,87],[7,43],[28,22],[48,37],[-2,91],[42,68],[-21,29],[-63,-24],[-50,84],[-74,-68],[-23,-21],[-114,34],[24,41],[5,9],[5,83],[-11,125],[0,0],[-24,37],[18,26],[9,14],[-40,95],[-142,100],[-71,1],[-51,1],[-9,29],[-10,29],[-4,3],[-43,23],[-32,79],[20,66],[12,36],[4,10],[-54,12],[-146,33],[-24,55],[-19,43],[-47,15],[-33,-7],[-16,-3],[-13,18],[-20,31],[-94,28],[-77,24],[-38,77],[0,7],[-8,71],[-34,28],[-33,85],[-65,45],[-17,68],[-199,203],[-154,-159],[-54,-55],[-68,-64],[-56,35],[17,90],[9,49],[-15,105],[-43,28],[-2,1],[-99,-21],[41,82],[2,21],[6,68],[-66,70],[-44,10],[-52,13],[-14,115],[39,4],[31,19],[36,22],[66,93],[-37,20],[-3,1],[-41,53],[-13,49],[38,22],[15,9],[5,35],[2,14],[19,31],[39,65],[-1,38],[-18,169],[-305,97],[-60,-115]],[[24509,100196],[-60,25],[17,45],[19,50],[-24,44],[-9,16],[6,23],[12,45],[-15,8],[-36,20],[-77,-49],[-21,53],[104,10],[27,31],[8,10],[-14,88],[-9,54],[-7,95],[-5,72],[-18,294],[-1,32],[-6,95],[-8,147],[-19,333],[-3,58],[-5,75],[-10,139],[-5,68],[-4,48],[20,27],[306,457],[13,19],[36,52],[64,94],[12,17],[22,37],[134,249],[216,400],[195,402],[79,162],[17,23],[133,175],[45,167]],[[30776,105934],[41,-65],[50,-7],[39,-6],[54,-42],[10,-49],[-9,-23],[-22,-59],[63,-50],[3,-2],[31,-51],[13,-62],[-1,-9],[-5,-57],[14,-25],[59,-21],[15,12],[24,18],[106,-69],[5,-7],[34,-48],[55,10],[47,9],[23,-92],[-49,-55],[-13,-15],[-34,-186],[148,-94]],[[31477,104889],[-2,-87],[-123,-37],[-12,1],[-63,10],[-36,-98],[-4,-12],[-16,-6],[-84,-32],[5,-44],[26,-35],[4,-5],[39,-23],[18,-54],[-31,-95],[-16,-51],[10,-79],[161,-248],[36,36],[49,49],[61,-4],[93,-138],[20,-92],[24,-112],[7,-13],[31,-58],[-6,-43],[0,-2],[2,-4],[23,-54],[-24,-84],[-62,17],[-42,12],[15,-82],[20,-113],[21,-176],[-19,-53],[-25,-69],[34,-75]],[[31611,102936],[-136,-37],[-21,-4],[-224,-50],[-183,17],[-113,10],[-18,-17],[14,-67],[5,-24],[-44,-36],[-41,-33],[13,-10],[19,-15],[-45,-25],[-8,-5],[-51,32],[12,-100],[3,-22],[-64,-89],[-43,1],[-82,2],[-58,-74],[15,-104],[-46,-96],[26,-51],[-7,-122],[60,-35],[16,3],[77,14],[20,-19],[-3,-35],[7,-55],[-21,-9],[-11,-50],[-13,-58],[3,-5],[32,-46],[-43,-105],[-13,-11],[-60,-50],[29,-40],[0,-64],[41,-7],[68,4],[19,54],[21,63],[70,-10],[44,-48],[24,-26],[35,3],[29,38],[37,-23],[17,47],[-3,22],[-9,69],[29,18],[30,-28],[164,-376],[-87,-21],[-33,-8],[-62,29],[6,-47],[39,-56],[1,-2],[0,-7],[-8,-115],[22,-82],[1,0],[29,-22],[-21,-38],[32,-55],[-14,-66],[-131,22],[-93,17],[6,-81],[7,-78],[-39,-6],[-2,0],[-62,-131],[4,-26],[8,-53],[-64,-93],[-18,-8],[-25,-48],[-28,-5],[-45,-9],[-34,-63],[-32,-4],[-1,-52],[0,-3],[-4,-3],[-44,-28],[-14,-14],[-28,-22],[-20,-23],[-118,-136],[-22,-142],[28,-84],[30,-42],[29,-40],[-1,-75],[-17,-51],[-20,-20],[-34,-35],[17,-51],[11,-35],[-14,-50],[-16,-4],[-12,-3],[7,-22],[8,-24],[-1,-36],[-30,-25],[-35,23],[-10,6],[-79,-45],[-55,-160],[16,-249],[55,-37],[157,-106],[-46,-30],[-150,6],[-106,48],[-13,6],[-5,10],[-11,-5],[-12,-3],[-16,-2],[-183,-30],[-253,75]],[[60583,30052],[-3,-194],[-65,-241],[-21,-39],[-124,-201],[-50,-70],[-138,-192],[-169,-247],[-159,-153],[-81,-39],[-44,-21],[-540,-266],[-104,-48],[-59,-59],[-38,-47],[-69,-147],[-130,-173],[-34,-89],[-268,-454],[-9,-15],[-12,-18],[-11,-17],[-54,-100],[-6,-11],[-181,-311],[-25,-37],[-11,-14],[-12,-13],[-27,-33],[-66,-81],[-48,-121],[-12,-144],[-55,-411],[-1,-39],[-5,-131],[-24,-75],[-17,-53],[2,-52],[3,-69],[-20,-66],[-95,-260],[-54,-178],[-98,-228],[-116,-192],[-100,-149],[-43,-13],[-85,-28],[-47,7],[-61,8],[-110,-46],[-55,-23],[-136,32],[-120,5],[-102,53],[-74,40],[-56,-7],[-121,-13],[-1,0],[-121,-3],[-75,-23],[-160,-48],[-203,2],[-11,0],[-12,-4],[-123,-32],[-120,3],[-134,99],[-191,107],[-98,138],[-92,41],[-193,372],[-50,128],[-22,137],[62,67],[45,47],[27,114],[-39,108],[-8,21],[1,8],[15,118],[-57,62],[-40,43],[-28,193],[9,74],[25,32],[63,82],[28,101],[28,126],[-11,40],[-10,40],[6,28],[10,46],[-48,95],[-47,93],[5,64],[3,36],[-23,38],[-21,36],[-2,111],[-1,39],[-1,204],[21,89],[154,68],[40,18],[28,32],[34,38],[36,12],[7,3],[12,6],[80,41],[44,-7],[42,38],[64,-15],[52,-11],[101,45],[118,103],[166,150],[82,118],[87,207],[26,112],[4,75],[4,73],[30,212],[73,105],[65,92],[13,68],[16,83],[9,42],[74,220],[87,172],[40,9],[35,8],[24,181],[55,119],[7,34],[-36,-13],[-37,-132],[-28,-96],[-24,-25],[71,254],[18,84],[15,68],[27,174],[3,19]],[[56547,30425],[63,7],[78,68],[54,7],[24,62],[13,35],[82,-5],[57,-18],[2,-3],[30,-38],[32,31],[2,2],[6,-3],[89,-34],[41,54],[59,79],[40,13],[60,20],[20,55],[16,43],[107,84],[7,-6],[31,-26],[12,66],[7,34],[49,32],[89,-105],[6,-8],[32,-91],[30,-10],[28,18],[67,-61],[14,-3],[82,-18],[132,-169],[12,-16],[18,-11],[105,-61],[41,-67],[22,-35],[124,-21],[71,25],[47,16],[67,-90],[23,-45],[51,-45],[66,-170],[14,-78],[6,-30],[-19,-74],[98,-91],[16,2],[29,3],[36,-43],[42,-50],[40,17],[28,12],[22,-9],[36,-14],[44,16],[75,-36],[45,-1],[55,52],[20,18],[15,-16],[25,-25],[27,54],[25,50],[37,10],[53,14],[2,39],[-26,55],[-32,69],[0,53],[23,20],[9,8],[3,58],[-31,39],[-2,15],[-43,10],[-6,2],[-59,66],[-17,48],[-42,37],[-16,46],[-43,176],[29,60],[0,64],[-3,64],[25,34],[31,41],[10,74],[11,76],[65,50],[25,22],[13,1],[40,3],[22,37],[18,31],[166,-194]],[[59596,30902],[37,-51],[31,-19],[49,-95],[-66,-52],[-14,-12],[-9,-12],[-23,-17],[2,-17],[5,-60],[-54,-2],[-33,-1],[-2,-52],[32,-38],[82,0],[51,2],[139,5],[95,-98],[75,-36],[5,-21],[-8,-11],[-26,-38],[59,-13],[12,-40],[59,-45],[40,0],[10,0],[30,-38],[60,-77],[100,-77],[17,32],[25,50],[60,-29],[58,28],[89,-16]],[[38644,25714],[38,-45],[-2,-42],[-4,-59],[28,-78],[57,-60],[53,-55],[-8,-53],[-7,-45],[12,-60],[67,-72],[75,-79],[-13,-71],[-8,-46],[33,23],[46,32],[98,-114],[-28,-14],[-24,-13],[-15,-80],[22,-86],[-30,-164],[17,-29],[17,-31],[-99,-106],[-80,-53],[-33,16],[-90,44],[-6,-46],[-2,-17],[-24,-24],[-179,19],[-54,-21],[-37,35],[-38,36],[-36,-84],[2,-62],[-21,-52],[22,-31],[22,-1],[44,-3],[20,-102],[48,-78],[-23,-70],[-52,-52],[-8,-8],[-9,-72],[32,-62],[90,-36],[11,-5],[8,-21],[30,-84],[261,-46],[206,-49],[55,-47],[68,45],[77,50],[37,-62],[48,21],[11,-40],[-42,-42],[-45,-45],[-35,-134],[27,-64],[33,-24],[48,-36],[30,-63],[-96,-37],[-115,-90],[-19,13],[-53,32],[-67,-83],[-62,-26],[-20,18],[-75,-42],[-22,-73]],[[38856,22709],[-77,-66],[-7,8],[-38,44],[-17,-64],[-152,-58],[-19,-11],[-21,-28],[2,-49],[-86,-53],[-5,-39],[-4,-30],[-41,-88],[-19,-1],[-21,-1],[1,-36],[0,-10],[-10,-8],[-50,-40],[-14,-80],[-22,-122],[-31,15],[-11,-35],[-28,-29],[-44,-46],[13,-35],[11,-31],[-23,-26],[-20,-23],[-18,-73],[45,10],[106,24],[19,-31],[-34,-102],[-23,-160],[3,-203],[-68,-195]],[[38153,21037],[-248,56],[-270,-19],[-283,-20],[-393,-146],[-131,-48],[-104,75],[-50,85],[-168,314],[-48,173],[-33,123],[-34,51],[-99,87],[-62,16],[-5,1],[-12,12],[-104,101],[-61,5],[-26,-13],[-69,-32],[-104,39],[-13,38],[-100,104],[-42,107],[-5,13],[-31,39],[-86,109],[10,74],[-37,98],[21,123],[6,36],[-14,103],[-112,322],[-63,96],[-98,147],[71,87],[48,17],[76,25],[61,144],[-7,103],[-5,67],[23,34],[39,58],[56,213],[-17,50],[-32,36],[-36,39],[-20,55],[2,71],[-46,74],[94,193],[23,47],[94,221],[22,125],[-5,33],[-21,139],[65,96],[9,13],[2,46],[5,110],[15,1],[50,2],[6,22],[-47,20],[-70,30],[103,44],[7,3],[26,45],[41,75],[12,5],[15,6],[122,171],[19,56],[28,82],[93,52],[74,-37],[2,-1],[6,3],[37,17],[9,-8],[25,-24],[46,4],[217,131],[19,53],[4,12],[20,22],[60,67],[-11,51],[-16,74],[25,57],[100,19],[20,-27],[35,-47],[54,-12],[93,45],[100,154],[-2,67],[56,71],[-39,129],[-36,85],[-38,89],[-13,73],[24,70],[74,69],[15,-17],[-7,-54],[-3,-25],[34,-38],[92,11],[91,10],[18,-67],[-11,-56],[-13,-62],[15,-88],[44,-12],[18,-5],[61,-144],[1,-132],[2,-127],[125,-286],[188,-244],[45,-16],[7,-9],[40,-51],[65,-4],[24,-111],[3,-13],[43,-71],[89,-52],[81,1],[223,56],[203,98]],[[35537,23927],[-2,-2],[-6,16],[-14,43],[43,22],[16,-37],[-37,-42]],[[35443,23802],[-20,-40],[-21,21],[-2,15],[-44,315],[-23,48],[-28,58],[27,36],[133,63],[-6,-37],[-48,-57],[36,-199],[-18,-84],[14,-139]],[[34560,24830],[106,-215],[134,47],[73,-107],[61,-25],[17,-67],[-22,-86],[-65,-28],[-132,145],[-121,10],[-163,-37],[-50,67],[-28,107],[-37,11],[60,90],[63,-3],[104,91]],[[34835,25202],[-81,-47],[-42,13],[0,1],[-71,147],[14,55],[6,23],[10,4],[27,13],[27,83],[7,19],[9,-32],[47,-157],[8,-11],[44,-62],[-5,-49]],[[34659,24460],[-17,-40],[-30,24],[33,29],[14,-13]],[[33233,24773],[-23,-16],[-33,39],[-137,30],[-25,23],[-22,22],[-6,6],[-16,61],[-58,220],[-28,39],[-19,27],[212,2],[5,-41],[13,-108],[65,-144],[72,-160]],[[32647,13415],[53,-17],[74,33],[84,-122],[143,-135],[34,-203],[-11,-167],[-49,-133],[-131,-132],[-190,28],[-72,82],[-57,174],[-85,57],[-42,138],[-137,190],[-11,173],[49,127],[118,70],[93,-23],[73,-99],[64,-41]],[[35605,112961],[60,-31],[39,13],[48,16],[93,-17],[59,-40],[39,-46],[83,-103],[26,-5],[114,-74],[29,29],[19,20],[66,0],[86,1],[72,37],[30,15],[69,-2],[12,-36],[8,-25],[52,-30],[48,20],[72,30],[171,-3],[59,-56],[92,-26],[57,-81],[40,-66]],[[37148,112501],[-24,-40],[-16,-2],[-15,-9],[-61,-35],[-38,-62],[4,-78],[4,-96],[-45,-12],[-80,-22],[-41,-75],[-29,-54],[-81,-71],[-39,-79],[-63,33],[-11,6],[-43,-37],[-100,-290],[9,-166],[55,-144],[6,-124],[61,-73],[64,-77],[56,-154],[-12,-34],[-60,6],[-72,62],[-6,5],[-96,13],[-15,-19],[-70,-89],[-98,77],[-40,10],[-91,22],[-58,-58],[-121,-121],[-27,39],[-27,38],[-21,-61],[2,-42],[3,-55],[-71,-41],[-54,-32],[-84,-162],[-9,-18],[6,-20],[2,-18],[4,-25],[19,-40],[7,-19]],[[35732,110258],[-49,-29],[-31,-45],[-107,-152],[-46,11],[-33,8],[21,-81],[15,-56],[7,-81],[-37,-2],[-18,0],[2,-13],[5,-39],[-25,-37],[-130,-90],[-37,15],[-32,12],[7,-57],[10,-74],[-57,-112],[-48,-14],[-39,5],[-110,12],[-43,-50],[-103,-69],[13,-65],[-22,-74],[6,-55],[6,-55],[-34,-19],[-8,-4],[-41,-63],[-70,-32],[-47,-117],[1,-90],[23,-77],[47,-35],[22,-100],[213,-177],[25,-10],[14,7],[40,25],[32,20],[67,9],[40,-82],[-19,-39],[-29,-58],[47,-39],[86,2],[148,2],[-13,-61],[-9,-42],[31,-178],[109,-142],[43,-28],[122,-80],[31,-171],[-6,-55],[1,-31],[-27,-38],[1,-60],[-24,-57],[-37,-108],[-172,-151],[-69,-32],[-42,-19],[-115,-228],[-46,-20],[-22,-108],[-10,-48],[-26,-18]],[[35134,106519],[17,40],[-16,122],[-14,42],[-28,7],[-27,7],[0,34],[0,48],[-33,3],[-35,3],[-13,9],[-42,30],[-21,-22],[-23,-23],[-33,30],[-43,39],[-60,-2],[-66,42],[-157,-62],[-56,-105],[-109,-208],[-127,-89],[-6,-76],[-18,-12],[-65,-35],[-94,-103],[-207,-96],[-34,46],[-30,39],[-64,6],[-13,-11],[-1,-54],[0,-15],[-171,-59],[-83,27],[-34,11],[-61,-11],[-35,-46],[-5,-42],[-5,-49],[-52,-70],[-86,-50],[-12,-7],[-1,-9],[-6,-37],[-96,-100],[-45,23],[-27,-30],[-62,72],[-40,47],[-47,-20],[-12,-27],[-23,-57],[-48,28],[-45,27],[-6,-16],[-251,-124],[-51,-56],[-44,-215],[6,-29],[7,-32],[-9,-36],[-12,-47],[7,-52],[1,-2],[28,-122],[-8,-5],[-219,-62],[-31,0],[-45,0],[-79,-35],[-113,-50],[-133,40],[-10,88],[-2,19],[-44,63],[-78,66],[-61,-129],[-23,-50],[-73,-99]],[[35125,93903],[-52,-62],[-67,-24],[-288,99],[2,26],[62,59],[6,0],[87,6],[7,20],[-288,374],[-154,-19],[-92,-135],[-2,-72],[38,-20],[6,-3],[37,-20],[-50,-108],[-88,-188],[-57,-183],[-17,-52],[-57,-611],[2,-150],[50,-125],[29,-234],[100,-221]],[[34339,92260],[-62,-65],[-89,-26],[-56,-16],[-85,-122],[-203,-290],[-211,-304],[-37,11],[-43,13],[-31,-23],[-33,-25],[-98,11],[-22,23],[-26,27],[-40,6],[-15,2],[-2,6],[-21,48],[-88,25],[-58,-14],[-7,-35],[-9,-46],[-27,-30],[-195,118],[-10,24],[19,29],[13,20],[-22,15],[-25,16],[-3,52],[-1,21],[-22,8],[-2,2],[-96,37],[3,82],[3,59],[-23,32],[-725,-204],[-29,-6],[-47,-10],[-50,-89],[-6,-25],[-16,-65],[-69,-47],[-26,15],[-78,46],[-255,-70]],[[28109,95506],[113,-61],[9,-11],[38,-48],[41,93],[18,39],[15,33],[108,20],[0,20],[0,25],[63,-31],[8,-4],[47,16],[33,12],[28,-17],[121,-74],[33,-20],[18,20],[27,31],[17,6],[58,18],[127,-32],[8,-19],[2,-4],[18,-40],[149,15]],[[29208,95493],[-15,-119],[23,-84],[63,16],[157,42],[10,2],[23,4],[27,1],[84,9],[13,-1],[60,0],[78,-6],[19,-2],[48,4],[19,4],[31,-4],[36,-17],[12,-7],[18,-16],[19,-18],[20,-23],[23,-26],[48,-56],[76,-40],[57,-31],[24,-87],[27,-103],[47,-50],[152,-5],[115,101],[87,77],[92,78],[101,25],[147,85],[76,8],[8,1],[43,7],[58,67],[-12,98],[-8,63],[16,28],[30,53],[92,25],[59,17],[81,31],[38,45],[22,27],[89,50],[73,-18],[99,-26],[357,49],[188,-27],[138,77],[70,39],[144,-28],[27,-6],[31,-13],[129,-52],[88,1],[101,2],[38,-35],[41,-36],[48,16],[53,17],[46,-41],[11,-10],[14,4],[53,15],[23,-83],[74,-22],[15,-71],[6,-25],[7,-36],[49,-66],[15,-67],[82,-49],[92,25],[14,43],[9,28],[52,35],[48,-63],[66,-88],[141,2],[84,-33],[33,40],[63,75],[75,7],[20,66],[36,-41],[54,47],[53,-10],[68,-95],[17,-58],[-39,-86],[-29,-64],[3,-48],[8,-134],[8,-165],[3,-56],[55,-126],[52,-38],[142,-33],[72,-17],[24,-50],[16,-128],[5,-42],[48,-128],[271,-237]],[[34607,93966],[-26,-11],[-27,26],[31,20],[22,-35]],[[35035,88168],[-212,-345],[-223,225],[-113,113],[-86,87],[-194,-22],[-32,-45],[-21,-28],[-6,-54],[-52,-7],[-27,-38],[-45,-2],[-23,60],[-7,16],[-4,0],[-25,-2],[-46,96],[21,35],[31,51],[8,101],[-16,65],[-121,-18],[-50,-56],[-39,-43],[-30,27],[-55,51],[-45,15],[-26,9],[-261,180],[9,99],[1,16],[0,60],[-99,103],[-73,2],[-25,0],[-109,60],[-45,80],[-1,19],[-6,108],[-75,53],[-39,-28],[-51,-145],[-118,-184],[-39,-128],[-60,-142],[-48,-114],[-32,-28],[-33,-28],[-30,-50],[-43,-72],[-56,-37],[-54,20],[-60,23],[-9,-84],[12,-61],[11,-58],[-8,-50],[-37,-46],[-7,-6],[-39,-25],[-47,-117],[-47,-47],[-10,-80],[-3,-7],[-47,-124],[-187,125],[-104,95],[-64,58],[-31,-15],[-28,-14],[-14,14],[-21,22],[-56,1],[-60,-70],[-95,-110],[-28,26],[-8,41],[-20,99],[-21,2],[-85,-46],[-46,-108],[-18,-43],[-32,-26],[-55,-47],[-7,-40],[-8,-52],[-13,-17],[-7,-9],[-17,-20],[9,-85],[4,-40],[-39,-226]],[[30968,87136],[-81,-24],[-71,12],[-64,11],[-18,-44],[-19,-42],[-151,-141],[-25,48],[-31,59],[-161,86],[-83,-6],[-17,-12],[-78,-52],[26,113],[55,19],[22,7],[6,49],[9,69],[45,39],[32,28],[-8,141],[-15,11],[-27,21],[-22,-21],[-18,-17],[-28,17],[-48,29],[-56,-7],[-34,-5],[-28,28],[-38,36],[-61,-22],[-5,-26],[-6,-33],[-52,-58],[-112,41]],[[34339,92260],[44,-117],[6,-140],[2,-42],[9,-18],[20,-35],[2,-167],[3,-252],[-16,-81],[-4,-20],[-4,-244],[-1,-26],[55,-537],[17,-61],[15,-57],[122,-441],[60,-433],[7,-50],[59,-260],[77,-339],[22,-130],[10,-56],[64,-251],[127,-335]],[[45985,25503],[32,-108],[54,-87],[33,-54],[13,-53],[43,-163],[53,-56],[1,-1],[49,-99],[-2,-10],[-7,-63],[43,-19],[12,-6],[99,-142],[6,-120],[3,-55],[84,7],[16,1],[122,10],[6,1],[-6,-14],[-30,-65],[-23,-27],[-44,-49],[-3,-151],[-34,-130],[17,-51],[15,-47],[-4,-154],[-1,-36],[19,-13],[10,-7],[11,-49]],[[46572,23693],[-71,-68],[-18,-18],[-14,-125],[12,-30],[20,-48],[5,-58],[19,-52],[-24,-9],[-4,-2],[-16,-7],[-17,-61],[37,-26],[14,-146],[40,-43],[74,-78],[-1,-70],[-1,-30],[10,-26],[2,-6],[15,-40],[-15,-40],[-70,-189],[-31,-35],[-7,-8],[-1,-9],[-29,-132],[-40,-70],[-62,-48],[-13,2],[-40,10],[-20,-39],[-3,-7],[-111,-68],[-26,-64],[-83,9],[-55,-38],[-61,-42],[-25,32],[-24,29],[-105,-113],[27,-75],[1,-33],[6,-128],[-61,-146],[-47,-74],[-69,-37]],[[45690,21437],[-20,-44],[-32,-6],[-18,93],[-16,82],[-37,13],[-48,-32],[-11,-7],[-31,33],[-41,42],[-39,9],[-53,95],[-131,35],[-94,-46],[-31,-64],[-61,-46],[-33,-116],[28,-118],[16,-64],[-90,-64],[-14,9],[-18,10],[-99,-30],[-125,-61],[-74,-36],[-59,47],[-28,22],[-61,19],[-68,21],[20,63],[15,48],[-45,14],[-26,8],[-110,85],[-4,64],[18,39],[10,22],[-16,130],[-5,44],[3,14],[19,78],[-32,12],[-27,11],[-57,117],[-15,10],[-11,41],[-11,45],[-60,60],[-53,24],[-165,72],[-93,81],[-15,27],[19,31],[14,24],[-14,87],[-8,105],[-52,145],[-124,-155],[-59,-74],[-10,-102],[-10,-111],[-53,-10],[-76,35],[-60,28],[-2,-69],[-2,-57],[-64,-113]],[[43241,22106],[-54,17],[-79,26],[-95,74],[-99,-27],[-34,-32],[6,-67],[-7,-34],[-17,-72],[-86,-126],[-202,-21],[-132,-13],[-74,-44],[-20,-38],[-22,-43],[-80,-75],[-295,44],[-53,67],[2,42],[3,63],[-12,14],[-227,-81],[-34,-12],[-25,-30],[-19,84],[-7,28],[-36,29],[-72,-72],[-91,-93],[-34,56],[-31,50],[-67,51],[-57,-4],[-68,-63],[18,-181],[48,-114],[25,-60],[-30,-23],[-44,-34],[-33,-120],[6,-100],[48,-165],[21,-10],[48,-24],[7,-26],[-27,-113],[-196,-110],[-62,-70],[-71,75],[-30,74],[-8,63],[8,73],[10,90],[-56,53],[-71,66],[36,54],[23,34],[18,106],[-35,161],[-6,5],[-30,27],[97,116],[79,95],[-24,100],[-114,52],[-20,-58],[-21,-66],[-47,-68],[-59,-32],[-74,24],[-101,33],[-48,-58],[-43,-136],[-47,-150],[-19,8],[-21,66],[-7,20],[-78,76],[-99,96],[-39,85],[26,73],[0,3],[5,188],[-69,58],[-57,47],[-15,37],[-20,49],[-154,-26],[-84,-15],[-60,53],[-95,84],[-66,-35],[-78,-41],[-25,-19],[-51,12],[-32,8],[-7,-19],[-7,-16],[-44,69],[-13,21],[-57,53],[-75,70],[-67,149],[-69,152],[-85,16]],[[38644,25714],[301,219],[73,87],[94,30],[118,120],[26,59],[-42,117],[3,102],[-58,133],[-51,118],[67,53],[12,-2],[29,-3],[5,74],[1,15],[12,11],[51,48],[10,71],[-1,4],[-33,79],[169,183],[93,6],[124,-71],[1,-1],[9,2],[95,14],[8,-45],[15,-93],[72,-29],[102,5],[196,95],[84,72],[35,73],[-3,30],[-2,19],[-4,46],[45,-32],[5,-4],[50,20],[98,-9],[83,107],[48,62],[132,59],[65,-117],[-5,-69],[-1,-5],[19,-47],[14,-11],[69,-55],[5,-4],[85,-27],[38,-78],[17,-140],[46,-163],[-32,-142],[-6,-11],[-33,-65],[92,-172],[167,-134],[271,-47],[183,46],[141,85],[2,9],[23,94],[149,-78],[35,-4],[-25,-87],[42,-120],[-19,-82],[-2,-9],[9,-14],[24,-37],[-8,-13],[-30,-53],[6,-47],[19,-65],[61,-64],[103,-141],[191,-114],[51,-61],[54,-39],[18,-46],[108,-47],[3,-2],[6,-6],[76,-85],[85,-26],[74,-23],[145,-29],[39,-71],[2,-6],[13,-50],[82,-16],[61,-11],[8,-1],[14,-3],[47,-45],[185,27],[75,12],[66,11],[147,71],[73,5],[136,67],[339,223],[125,99],[32,30],[70,64],[22,-4],[41,-8],[48,27],[19,11],[7,-5],[48,-32],[70,11],[38,36],[42,-18],[81,63],[32,25],[41,-13],[65,-91],[13,-11],[119,-105],[53,2],[101,3],[36,-18],[57,-27],[161,23],[73,54],[13,28],[17,35],[45,-35],[92,-71],[63,13],[7,2],[16,-11]],[[44986,21846],[71,-15],[42,44],[112,118],[57,36],[90,9],[18,1],[27,35],[-28,49],[-29,51],[12,44],[38,29],[23,18],[-1,70],[-59,66],[-25,3],[-48,5],[-10,56],[-5,27],[-137,48],[-45,-60],[-37,-147],[36,-43],[35,-41],[2,-60],[-116,-13],[-75,-8],[-19,-159],[-2,-21],[6,-12],[67,-130]],[[39896,32330],[-62,-41],[-3,0],[-92,8],[-14,34],[-14,35],[24,65],[26,69],[57,46],[36,28],[9,1],[21,3],[48,-38],[67,-53],[-33,-53],[-59,-96],[-11,-8]],[[39890,21615],[-149,-85],[-73,0],[-2,166],[143,34],[81,-115]],[[35134,106519],[85,-147],[3,-75],[81,-263],[-5,-138],[-4,-116],[-22,-123],[20,-85],[44,-26],[50,2],[84,3],[11,-34],[36,-18],[3,-39],[3,-37],[134,-77],[55,-12],[55,-12],[35,-147],[80,-55],[-67,-53],[-17,-13],[79,-108],[15,-5],[44,-13],[23,-156],[-11,-21],[-19,-38],[48,-11],[65,-13],[9,-102],[1,-11],[0,-1],[43,-38],[-31,-37],[-20,-25],[29,-30],[3,-3],[7,-52],[4,-34],[29,-10],[12,15],[15,17],[15,-29],[15,-16],[10,-11],[7,0],[39,3],[28,-45],[29,-46],[27,7],[-5,35],[25,23],[-7,45],[-6,45],[63,57],[56,-55],[25,-24],[24,4],[34,4],[15,-43],[26,-74],[42,11],[25,6],[9,-38],[8,-37],[13,-12],[17,-16],[-5,-19],[-15,-57],[67,-97]],[[36724,103999],[-31,-11],[-4,-133],[29,-27],[46,-46],[-26,-94],[-17,-93],[-33,-5],[-9,-1],[-40,-45],[58,-60],[18,31],[22,36],[17,-6],[17,-33],[-25,-43],[-5,-9],[11,-11],[44,-42],[-5,-96],[-4,-80],[20,-19],[10,8],[24,18],[25,-41],[-48,-78],[-45,14],[-74,23],[-80,-83],[-16,-17],[-19,3],[-36,6],[-17,-27],[-8,-11],[-41,-8],[-34,-6],[-42,-68],[0,-7],[-1,-31],[-42,-42],[-47,71],[-21,31],[-98,70],[-28,-34],[-13,-14],[-16,-18],[-50,-59],[-202,-57],[-13,35],[-21,58],[-90,-8],[-2,-42],[0,-4],[-2,-4],[-47,-78],[11,-47],[0,-1],[46,-47],[-68,-28],[-33,-14],[-8,-43],[8,-57],[2,-12],[-19,-107],[-18,19],[-27,26],[-12,-29],[-1,-2],[-82,-27],[-6,22],[-4,19],[-48,-23],[-27,-14],[-40,6],[-26,4],[4,-50],[0,0],[-26,-81],[-15,-1],[-24,-2],[-19,-48],[50,-82],[61,-102],[-16,-74],[-12,-58],[39,-121],[30,-38],[21,-28],[-83,-120],[-21,21],[-4,4],[-12,-1],[-66,-2],[-16,20],[-22,30],[-34,-17],[-20,-11],[-25,20],[-39,32],[-31,1],[-25,1],[-14,27],[-30,59],[-110,54],[-29,63],[-32,-19],[-54,-137],[-4,-11],[-45,-115],[-11,14],[-22,19],[-70,59],[-142,34],[-19,-42],[-5,-11],[-37,-8],[-25,-5],[-36,-88],[17,-24],[21,-30],[-9,-78],[-17,-23],[-4,-5],[3,-11],[17,-65],[-204,-49],[-32,32],[-40,42],[-54,-1],[-67,0],[-50,37],[-14,68],[33,108],[12,40],[-12,72],[-47,18],[-37,15],[-11,36],[-19,61],[-32,17],[-13,-33],[-42,-8],[-4,-19],[-5,-20],[-65,-24],[-11,47],[-10,47],[-54,23],[-3,1],[-34,-21],[-7,67],[-4,36],[-41,12],[-65,19],[-14,66],[-10,47],[-63,54],[-21,-11],[-3,-55],[-1,-33],[-37,-3],[-26,-2],[-32,-54]],[[33260,102039],[-30,24],[2,71],[1,68],[-31,40],[23,51],[-45,21],[-6,2],[-6,39],[-19,121],[-23,-23],[-16,-15],[-46,5],[-45,48],[-18,20],[-125,27],[-82,-17],[-56,-40],[-4,-106],[-3,-81],[-41,-3],[-53,-3],[-58,-9],[-31,-65],[-53,-32],[-4,-18],[-6,-28],[-202,98],[-27,14],[-44,23],[-8,-5],[-28,-15],[-26,37],[-19,28],[-40,17],[3,-64],[1,-32],[-18,-49],[-47,122],[7,63],[5,40],[-61,281],[-88,56],[-9,14],[-165,130],[-7,-27],[-3,-11],[-90,72],[-8,8]],[[35035,88168],[71,-146],[36,-22],[19,-11],[37,-77],[65,-132],[93,-123],[13,-13],[34,-35],[2,-22],[1,-3],[31,-48]],[[35437,87536],[-50,-29],[-67,-119],[26,-33],[33,-41],[0,-121],[0,-6],[1,-1],[46,-46],[24,-135],[23,-193],[-25,-32],[-107,8],[-56,4],[-13,-26],[-20,-38],[-26,-19],[-38,-29],[-28,-51],[-4,-8],[-30,-56],[-56,-23],[-26,5],[-93,18],[-69,-119],[29,-72],[26,-12],[48,-21],[29,-70],[88,-68],[-23,-27],[-15,-19],[2,-19],[7,-40],[-24,-5],[-6,-1],[-1,-15],[-2,-76],[-69,-105],[-9,-14],[-6,-24],[-16,-67],[-38,-13],[-58,-21],[-29,-78],[-17,-45],[-66,-49],[-39,-28],[-31,-57],[-59,-107],[-4,-47],[-3,-48],[-28,-23],[-31,-26],[-12,-10],[-34,-66],[-46,10],[-49,-29],[-19,25],[-6,9],[-30,-10],[-81,-77],[-4,-29],[-9,-59],[-19,-19],[-40,28],[-52,35],[-78,-16],[0,-2],[-15,-63],[-107,43],[-11,34],[-92,8],[-13,10],[-87,73],[-68,-53],[-1,-135],[27,-57],[22,-47],[-60,-218],[-42,-61],[-45,-67],[-2,-59],[-1,-37],[-8,-17],[-17,-34],[30,-38],[38,-49],[0,-57],[-31,-47],[-23,-8],[-56,-20],[-84,-184],[2,-45],[3,-46],[-48,-36],[-43,-32],[3,-59],[1,-28],[-16,-65],[-27,-115],[64,-119]],[[33351,83411],[-185,-132],[-71,22],[-15,52],[-16,52],[-48,37],[-62,-18],[-6,-2],[-7,5],[-70,57],[-60,1],[-83,51],[-75,-28],[-38,-14],[-199,144],[-9,61],[-7,48],[-28,33],[-67,16],[-99,22],[-38,50],[2,55],[2,35],[-23,50],[-52,-30],[-27,-16],[-60,3],[-67,26],[0,0],[-38,48],[-63,-1],[-47,-34],[-62,-45],[-140,94],[-69,115],[-80,74],[-17,46],[-18,46],[-74,40],[-263,144],[-54,82],[-23,34],[-62,26]],[[30933,84660],[-9,99],[32,116],[-2,133],[22,92],[-76,66],[-63,15],[-68,81],[57,164],[-26,56],[-60,39],[-76,102],[-73,33],[-48,148],[37,76],[-1,0],[-14,65],[36,5],[45,6],[-18,80],[-10,45],[51,11],[92,20],[20,62],[6,17],[22,31],[30,40],[13,108],[8,66],[76,142],[10,14],[142,184],[27,117],[50,62],[28,160],[-54,53],[-72,-25],[-62,-22],[-37,15]],[[35663,84853],[38,117],[2,75],[1,41],[50,51],[36,77],[44,91],[-18,62],[-29,101],[-5,116],[25,44],[3,5],[-4,76],[25,43],[-10,58],[-39,0],[-96,-86],[-116,-44],[-116,-91],[-12,-14],[-94,-112],[-86,5],[-54,-48],[-15,10],[-34,21],[5,-117],[13,-28],[44,-100],[-31,-82],[-5,-12],[11,-70],[7,-54],[-3,-11],[-18,-59],[57,-39],[101,44],[48,22],[27,-47],[33,-56],[63,-17]],[[34424,83524],[-167,-51],[-30,-32],[4,-10],[8,-25],[-47,-19],[-37,30],[-60,46],[-109,-15],[-24,-77],[-63,-48],[10,-38],[4,-16],[-32,-78],[-129,158],[-28,63],[-36,82],[-43,-31],[-79,-58],[-107,-35],[-108,41]],[[35437,87536],[20,-29],[305,-442],[310,-369],[76,-37],[24,9],[31,12],[33,-51],[10,-15],[298,-459],[342,-383],[59,-53],[139,-99],[107,-44],[74,26]],[[33829,83629],[81,-50],[10,45],[0,1],[84,87],[88,14],[83,14],[-35,80],[-14,106],[-65,52],[-16,-25],[-28,-40],[-103,26],[-74,-15],[-22,21],[-49,47],[-32,-50],[-1,-2],[24,-66],[-9,-38],[-8,-35],[19,-29],[46,-69],[2,-9],[19,-65]],[[52525,23362],[-67,20],[-3,42],[1,40],[-88,134],[-26,92],[-7,27],[-24,43],[-35,59],[-18,30],[-28,46],[-83,70],[-46,80],[-48,5],[-31,3],[-53,89],[-32,51],[-67,60],[-38,-11],[-65,-18],[-50,61],[-15,12],[-71,58],[-159,-33],[-10,-2],[-3,1],[-69,17],[-18,-26],[-9,-13],[-55,-18],[-86,-43],[-97,33],[-39,8],[-7,2],[-7,3],[-14,3],[-25,1],[-15,7],[-13,-7],[-37,-12],[-8,-7],[-53,-42],[-56,-8],[-18,22],[-5,55],[-7,68],[-83,32],[-47,19],[-18,92],[-12,63],[-63,146],[-1,95],[-45,20],[-36,70],[-203,-118],[-78,-105],[-22,-30],[-7,-31],[-119,-42],[-59,170],[7,40],[11,63],[-52,40],[-42,-119],[-41,-117],[-101,67],[-28,50],[-31,57],[-107,-11],[-39,-81],[-83,-40],[-43,-226],[61,-62],[67,-67],[-67,-151],[-38,85],[-8,17],[-129,33],[9,-266],[1,-2],[-1,-1],[-20,-197],[14,-82],[83,130],[43,68],[137,-89],[38,-65],[25,-111],[-6,-47],[35,-79],[30,-190],[-22,-77],[-23,30],[-89,47],[-41,28],[-5,4],[-22,67],[-39,21],[-126,-41]],[[49386,23471],[-135,-10],[-109,-69],[-31,-46],[-15,-4],[-20,-31],[-29,-45],[-45,-20],[-77,41],[-135,72],[-120,-14],[-36,-5],[-126,52],[-134,197],[-12,18],[-22,14],[-54,35],[-39,3],[-11,32],[32,121],[49,44],[35,32],[-13,204],[-111,-31],[-41,-47],[-28,-68],[-20,-48],[-36,8],[-22,4],[-57,-26],[-77,-83],[-19,-62],[-64,-204],[-75,-122],[-46,-10],[-23,13],[-83,45],[3,72],[17,51],[36,106],[-67,57],[-98,50],[-64,32],[-21,39],[-19,36],[-83,54],[-21,-63],[-12,-29],[-33,-80],[-31,23],[-10,7],[-170,-24],[-155,-97],[-35,-22],[-58,15],[-19,4],[-10,-4],[-84,-34],[-64,19],[-67,20]],[[45985,25503],[278,-90],[162,-15],[76,32],[12,5],[126,-55],[205,47],[17,14],[36,27],[19,18],[13,9],[85,-22],[65,-17],[145,62],[69,35],[68,65],[95,91],[76,6],[33,-25],[61,-46],[94,1],[36,0],[314,93],[43,42],[122,116],[134,10],[77,6],[119,91],[7,5],[54,28],[4,-1],[82,-10],[144,157],[119,103],[186,290],[47,72],[120,189],[99,143],[77,-87],[4,-1],[177,-45],[54,32],[58,9],[164,62],[124,65],[98,-8],[106,43],[51,85],[13,21],[99,86],[166,-136],[32,-83],[62,-87],[25,-35],[32,-45],[66,-29],[184,-12],[90,11],[115,15],[55,-82],[9,-65],[9,-57],[81,-47],[33,-43],[75,-25],[131,49],[64,56],[313,213],[235,323],[29,66],[18,40],[18,41],[34,77],[89,350],[-7,27],[-23,99],[8,100],[-35,81],[52,-21],[64,-134],[18,-84],[-34,-161],[-30,-141],[68,-74],[119,-24],[121,-10],[156,55],[55,26],[81,13],[76,19],[20,8],[86,50],[135,59],[166,112],[35,8],[108,76],[180,191],[266,284],[140,55],[71,-14],[152,-150],[145,-78],[48,-25],[20,-3],[183,-22],[56,-34],[-3,-38],[-248,-91],[-68,-45],[-96,-64],[-85,-185],[-63,-292],[11,-85],[15,-4],[43,-9],[-70,-119],[-43,-71],[-168,-387],[-137,-424],[-44,-135],[-102,-217],[-95,-118],[-30,-37],[-84,-133],[-14,-57],[-7,-29],[-123,-202],[-11,-19],[-79,-123],[-109,-196],[-22,-39],[-8,-13],[-9,-16],[-140,-260],[-53,-98],[-1,-3],[-7,-88],[-22,-30],[-46,-44],[-103,-160],[-90,-141],[-43,-141],[4,-8],[39,-87],[-35,-21],[-13,-41],[-52,13],[-3,0],[-40,-48],[-67,-123],[16,-41],[19,-50],[-73,-81],[-33,-62]],[[52303,33141],[-27,-27],[-18,11],[-18,11],[-91,55],[-23,47],[-27,57],[20,48],[2,6],[38,36],[99,95],[18,17],[50,-9],[32,-6],[41,-43],[24,-26],[-29,-83],[-54,-152],[-37,-37]],[[51350,31647],[-45,-29],[-13,24],[-10,20],[23,102],[8,35],[6,5],[36,28],[20,15],[17,-16],[22,-20],[0,-1],[5,-59],[-15,-76],[-8,-4],[-21,-8],[-25,-16]],[[51353,26746],[-32,-15],[-20,32],[31,13],[21,-30]],[[50972,29070],[-68,-56],[-85,17],[-1,1],[-100,124],[-49,25],[-14,7],[-5,12],[-43,107],[-25,70],[5,37],[3,24],[47,61],[40,52],[2,17],[4,70],[29,21],[12,-15],[0,-1],[30,-40],[-18,-34],[-16,-32],[1,-39],[84,-65],[16,-1],[38,-3],[57,-92],[18,-30],[22,-136],[18,-46],[17,-39],[-7,-6],[-12,-10]],[[50705,30589],[29,-154],[-1,-71],[-2,-101],[32,-46],[37,-9],[29,-7],[-9,-54],[-57,-6],[-47,-5],[-28,-40],[10,-152],[15,-45],[8,-23],[-20,-99],[-23,-28],[-62,29],[-28,71],[-44,111],[-79,34],[-41,18],[-63,105],[-15,25],[6,59],[7,66],[20,191],[8,15],[2,3],[37,65],[72,39],[7,-2],[109,-22],[37,13],[54,20]],[[50170,31172],[-1,-33],[4,-25],[14,-112],[-33,-137],[10,-106],[2,-20],[-33,-11],[-31,-11],[-18,-7],[-61,32],[-92,87],[-3,2],[-5,3],[-162,80],[-30,46],[-11,18],[11,47],[7,72],[33,63],[15,28],[26,1],[102,3],[21,1],[9,-3],[79,-29],[59,16],[58,17],[30,-22]],[[48479,30924],[-39,-27],[-56,34],[-25,3],[-104,10],[-4,0],[-82,128],[-9,29],[-13,42],[39,67],[9,15],[5,-1],[168,-46],[1,-1],[32,-62],[2,-46],[4,-84],[32,-27],[40,-34]],[[47085,30740],[-42,-75],[-86,16],[-31,111],[16,68],[45,46],[76,8],[38,-52],[-16,-122]],[[21389,89472],[117,-104],[42,-135],[116,-94],[13,-56],[45,-4],[40,-48],[35,-77],[57,14],[47,-42],[66,-178],[103,-138]],[[22070,88610],[6,-121],[-47,-30],[-83,-211],[-105,-155],[-40,-8],[-25,-6],[-116,-104],[14,-31],[10,-21],[-9,-23],[-8,-21],[19,-86],[18,-54],[31,-89],[-17,-35],[-10,-20],[3,-26],[8,-62],[2,-20],[-25,-29],[-18,-22],[-15,-95],[-25,-31],[39,-179],[106,-28],[39,-11],[86,-78],[32,-31],[58,-214],[-5,-87],[-13,-61],[-32,-26],[-30,-26],[-38,-89],[0,-31],[0,-36],[-42,-53],[-84,-109],[15,-39],[9,-23],[-4,-42],[-67,-68],[-46,-45],[-38,-107],[-58,-64],[8,-68],[3,-21],[-36,-54],[-142,-70]],[[21398,85650],[-40,47],[-284,332],[-181,162],[-98,59],[-56,1],[-100,97]],[[20639,86348],[48,122],[34,76],[122,113],[53,49],[56,126],[-10,56],[-129,171],[-7,3],[-169,34],[-93,-106],[-8,-21],[-52,-136],[-58,67],[59,68],[3,33],[6,77],[-37,43],[-22,25],[-53,136],[18,55],[5,15],[-21,84],[8,69],[-15,48],[-50,49],[-51,-22],[-185,-1],[-49,31],[-77,-31],[-39,-15],[-23,-16],[-26,45],[49,84],[63,69],[47,53],[23,65],[65,17],[-119,37],[-37,96],[-42,-2],[-63,-17],[-104,-125],[-13,-34],[-43,-115],[-45,129],[64,182],[44,126],[-48,44],[-56,51],[10,127],[3,43],[-36,180],[-95,48],[-33,64],[-70,22],[-43,49],[-27,-12],[-31,-15],[-131,134],[-110,80],[-12,32],[-53,132],[-84,63],[-35,6],[-37,6],[-36,130],[-37,130],[-46,100],[-141,19]],[[18618,89593],[182,169],[62,-11],[68,-12],[34,17],[5,64],[0,1],[1,0],[97,16],[-29,29],[-6,31],[-7,29],[23,84],[40,41],[56,58],[101,176],[44,77],[18,17],[99,90],[2,60],[1,34],[25,45],[241,47],[185,-9],[66,29],[0,-18],[24,-14],[25,-14],[78,22],[41,12],[256,-87],[-8,-41],[-3,-12],[23,-71],[50,-57],[36,1],[65,1],[48,-134],[-28,-115],[-24,-56],[-49,-111],[55,-81],[110,-94],[164,-126],[2,-2],[58,-13],[125,-136],[26,-29],[22,-10],[50,-24],[30,-41],[16,-21],[26,13],[57,24],[61,26],[127,5]],[[24323,87114],[28,-29],[100,-106],[43,10],[63,15],[108,-45],[29,-40],[45,-62],[35,-10],[42,-12],[105,-99],[11,-204],[-17,-60],[-11,-41],[0,-71],[33,-58],[16,-6],[47,-20],[15,-126],[-73,-69],[-66,-5],[-20,-1],[-57,-52],[-35,-97],[-13,-35],[-118,-145],[-30,-61],[22,-245],[-33,-100],[-17,-146],[-51,-140],[-55,-53],[56,-196],[-41,-85],[5,-144],[45,-16],[95,2],[-14,58],[34,18],[54,-96],[11,-104],[40,-14],[63,-114],[88,-102],[49,-187]],[[24954,84021],[-101,-281]],[[24853,83740],[-137,179],[-20,-21],[-6,-6],[-50,14],[-96,28],[-88,-97],[-4,-15],[-44,-160],[-15,-54],[-71,-153],[-32,-20],[-68,-1],[-19,16],[-63,53],[-65,-59],[0,-1],[-126,-34],[-49,-44],[-61,67],[-4,1],[-109,54],[-122,-64],[-31,-16],[-25,35],[-10,14],[-38,9],[-47,11],[-50,38],[-28,21],[-13,1],[-83,6],[-68,125],[-12,67],[10,40],[22,21],[35,33],[4,100],[-34,23],[-50,33],[-45,148],[-27,87],[-34,-24],[-16,-40],[-21,-52],[-21,29],[-11,15],[-31,-39],[-20,-25],[-131,-68],[-29,9],[-147,21],[-61,52],[-11,10],[-13,-2],[-71,-12],[-70,56],[-33,27],[-298,-145]],[[22096,84031],[-124,419],[24,43],[-20,113],[-65,159],[-109,230],[-173,319],[-231,336]],[[22070,88610],[277,171],[53,-18],[61,-74],[157,-68],[84,23],[95,-22],[62,-89],[145,-117],[41,-136],[132,-97],[171,45],[38,-47]],[[26912,86809],[-14,-57],[20,-72],[18,-62],[-30,-96],[-69,-224],[6,-57],[4,-34],[-113,-227],[-8,-4],[-44,-23],[16,-98],[91,21],[32,8],[125,-73],[29,-71],[66,-14],[-47,-154],[-73,-60],[-29,-25],[-103,-185],[-63,-292],[9,-26],[25,-70],[0,-57],[2,-6],[-52,-140],[-1,-3],[-19,-125],[22,-38],[49,-85],[-2,-114],[36,-75],[-52,15],[-73,-92],[-74,-21],[-59,-18],[-19,-47],[-11,-27],[-115,-76]],[[26392,84005],[-46,66],[-88,44],[-46,-70],[-101,-149],[-131,-65],[-142,-7],[-103,61],[-13,7],[-39,16],[-25,-15],[-20,-1],[-6,-14],[-79,-49],[-3,-2],[-35,-30],[-31,-25],[-13,-6],[28,90],[-3,36],[-7,74],[-69,-38],[-106,-59],[-107,14],[-154,90],[-47,28],[-52,20]],[[43241,22106],[166,-36],[95,33],[64,14],[10,16],[1,2],[15,22],[54,0],[29,-37],[8,-45],[6,-37],[52,-6],[54,-6],[-13,-191],[-16,-38],[-44,-106],[64,-75],[44,-53],[10,-87],[-28,-45],[-138,15],[-40,25],[-46,29],[-11,-14],[-37,-49],[-19,-52],[-19,-52],[-21,9],[-40,17],[-13,-21],[5,-47],[4,-38],[-30,-43],[-102,-20],[-118,-67],[-23,-12],[-87,-17],[-62,15],[-91,21],[-73,-116],[37,-52],[15,-21],[74,-120],[-6,-36],[-2,-16],[16,-79],[8,-40],[4,-28],[-9,-9],[-14,-14],[12,-27],[5,-26],[18,-85],[-45,-268],[-28,-20],[-57,-38],[-39,-62],[-17,-81],[-1,-2],[-1,0],[-44,29],[-8,-98],[-27,-55],[67,-6],[142,-14],[72,-112],[42,-66],[73,-15],[46,-14],[3,0],[37,-11],[62,-48],[63,-49],[44,43],[5,20],[6,27],[98,36],[34,-14],[41,-18],[74,-31],[33,14],[39,-41],[90,9],[40,31],[9,7],[83,4],[-8,-53],[-8,-57],[101,-226],[57,1],[136,2],[71,-89],[11,-96],[-47,-61],[-37,-9],[-18,-5],[-18,-44],[10,-18],[8,-16],[-12,-24],[-35,-68],[9,-37],[67,-58],[19,-15],[29,-23],[67,-52],[53,-77],[39,-55],[51,8],[35,7],[110,-8],[56,-79],[13,-45],[10,-35],[13,2],[21,3],[66,-72],[13,-80],[8,-49],[137,-88],[35,13],[6,15],[12,33],[28,-7],[-12,-154],[-35,-47],[-70,-93],[36,-65],[1,-2],[-2,-4],[-62,-139],[11,-100],[1,-1],[43,-44],[-73,-17],[-5,-1],[-70,-62],[22,-148],[6,-14],[38,-96],[-34,-3],[-18,29],[-5,8],[-64,-44],[127,-176],[7,-10],[1,-2],[45,-144],[64,-29],[35,-16],[52,-158],[-13,-73],[21,-104],[-17,-57],[-2,-5],[8,-105]],[[45089,16280],[-201,34],[-139,-7],[-107,-50],[-178,-83],[-55,24],[-14,6],[-9,-2],[-85,-24],[-72,16],[-103,51],[-112,98],[-53,132],[-18,44],[-104,105],[-89,52],[-162,4],[-11,1],[-104,2],[-114,39],[-40,49],[-132,160],[-85,21],[-171,165],[-57,23],[-54,22],[-36,132],[-22,77],[-84,150],[-57,51],[-7,1],[-55,4],[-128,198],[-12,18],[-9,5],[-102,55],[-56,120],[-18,37],[-100,97],[-74,-23],[-28,26],[-71,-7],[-93,56],[-83,-22],[-32,-8],[-43,-28],[-79,69],[-17,15],[-33,-4],[-59,-6],[-40,64],[-49,23],[-51,35],[-78,163],[-8,16],[-58,82],[-37,19],[-42,20],[-72,69],[-164,157],[-66,23],[-108,38],[-47,83],[-37,64],[-104,113],[-57,16],[-33,-13],[-20,-8],[-25,70],[-11,32],[-84,244],[-93,95],[-15,15],[-69,147],[-48,101],[-49,50],[-11,1],[-31,1],[-39,27],[-46,105],[-7,16],[-115,128],[-122,53],[-72,-21],[-42,-13],[-102,47],[-80,37],[-225,33],[-78,-24],[-22,-19],[-49,-40],[-111,-5],[-35,39],[-12,104],[-1,14],[-130,271],[-177,250],[-70,64],[-195,73],[-86,-28],[-46,31]],[[38072,3671],[-22,-27],[-85,2],[-36,2],[-3,0],[-7,13],[-61,117],[35,35],[41,41],[46,-4],[46,-4],[12,-1],[16,-78],[17,-87],[1,-9]],[[36155,306],[154,-34],[66,43],[43,-31],[4,-3],[58,1],[62,-45],[-34,-47],[-8,-12],[20,-75],[18,-66],[-15,-30],[-134,-7],[-13,11],[-1,1],[11,39],[-13,31],[-42,-56],[-152,102],[-30,47],[-63,13],[-166,35],[-71,36],[50,79],[33,18],[223,-50]],[[38655,104420],[-42,-71],[19,-32],[11,9],[31,25],[-32,-42],[-17,-22],[44,-18],[43,-17],[23,-46],[-22,-30],[-28,24],[-25,21],[-27,-86],[19,-42],[22,-52],[48,36],[-5,-43],[-60,-51],[-18,-15],[19,-24],[20,-24],[3,-12],[13,-60],[83,-84],[53,-53],[-18,-25],[-19,-25],[10,-105],[32,-49],[39,-57],[-22,-66],[-15,-43],[31,-18],[17,36],[15,29],[48,29],[8,-52],[4,-24],[27,-36],[24,-34],[34,-152],[4,-15],[-29,-49],[55,-29],[27,-14],[-13,-30],[-31,-69],[39,-49],[33,-12],[32,-12],[28,-68],[-17,-56],[-7,-24],[8,-51],[43,0],[61,-1],[7,-54],[2,-17],[97,-63]],[[39384,102506],[1,-63],[-24,-26],[-98,-15],[-612,-90],[-340,-116],[-86,4],[-36,-49],[-81,-111],[-540,-369],[-73,-50],[-4,-2],[-2,-2],[-156,-138],[-258,-180],[-45,-18],[-157,-63],[-231,-123],[-187,-113],[-157,-113],[-47,-33],[-88,-42],[-587,-281],[-123,-90],[-49,-56],[-63,-72],[-42,33],[-36,86],[17,97],[79,115],[54,125],[84,33],[54,22],[49,80],[4,41],[3,28],[32,27],[21,55],[53,-8],[44,-6],[29,41],[10,13],[17,-1],[72,-4],[45,-36],[74,1],[58,-55],[4,-78],[54,14],[74,64],[-11,23],[-18,38],[36,48],[76,22],[88,84],[74,-8],[49,-5],[50,96],[-2,111],[-75,32],[-116,-1],[-37,-48],[-47,-62],[-37,2],[37,110],[20,24],[47,56],[-72,33],[-64,29],[-18,32],[-55,101],[-26,-41],[-7,-12],[-39,45],[-49,10],[-9,35],[-18,70],[-392,-133],[-92,-92],[-2,-39],[-2,-33],[-34,-9],[-2,-1],[-1,-3],[-19,-78],[-53,-14],[-27,-66],[-31,-19],[-15,10],[5,74],[-2,3],[-24,61],[-58,22],[-28,-34],[-5,-37],[-7,-46],[-14,26],[-10,20],[-51,-49],[-9,-42],[-19,-88],[-68,2],[-54,1],[-145,-202],[-53,-72],[-40,-10],[0,14],[0,45],[-169,-151],[-31,-27],[-20,-5],[-88,-20],[4,-66],[3,-36],[-54,-156],[-43,16],[-36,14],[-7,-130],[-12,-234],[-23,-15],[-45,28],[-55,33],[-265,-103],[-172,-221],[52,-67],[72,-92],[-13,-68],[-43,-9],[-81,46],[-21,50],[-44,106],[-41,32],[-13,-79],[24,-126],[9,-16],[40,-71],[-53,-17],[-3,-1],[-31,-46],[-10,-245],[-4,-85],[-15,-40],[-19,-53],[-9,-133]],[[33503,99030],[-113,47],[-94,160],[11,6],[15,9],[-66,74],[-60,18],[-51,-40],[-20,-40],[-13,-26],[-23,4],[-28,6],[-35,-45],[-29,-36],[-86,11],[-70,60],[-51,116],[5,38],[22,7],[7,3],[-12,18],[-31,45],[42,47],[85,93],[-25,70],[-19,-12],[-12,-7],[2,16],[4,34],[-71,26],[-16,5],[-101,92],[0,27],[0,56],[-38,66],[-33,13],[-37,14],[-17,46],[6,20],[29,47],[38,1],[19,1],[13,-1],[45,0],[19,2],[-7,41],[-42,27],[3,22],[12,69],[55,0],[44,0],[29,3],[7,52],[35,192],[-39,23],[-72,-28],[-12,-6],[-31,38],[-33,39],[-7,-10],[-19,-26],[-54,24],[-26,77],[27,135],[31,-9],[21,-7],[74,346],[-19,19],[-25,25],[15,52],[16,11],[15,11],[14,59],[17,69],[38,-29],[76,-57],[41,111],[1,138],[1,148],[19,82],[58,7],[85,10],[19,42],[2,5],[10,1],[43,4],[5,20],[2,12],[23,1],[30,2],[37,59],[27,114]],[[36724,103999],[63,-7],[51,57],[35,41],[2,2],[52,48],[98,143],[49,71],[70,92],[41,-50],[38,-47],[108,132],[40,49],[4,47],[68,49],[125,-94],[13,-10],[-7,-48],[-6,-44],[0,-49],[9,-74],[47,-20],[46,30],[10,61],[7,43],[91,51],[12,58],[11,24],[125,31],[58,-44],[36,31],[9,-42],[6,-18],[-26,-54],[-19,-41],[49,-84],[37,-5],[20,-3],[15,-19],[16,-22],[41,39],[41,39],[36,-16],[23,-10],[11,21],[20,35],[28,-72],[27,-69],[75,30],[79,38],[-19,86],[-1,3],[32,136],[35,-14],[26,-58],[12,-25],[62,-27]],[[35985,101094],[-30,-39],[-41,3],[18,74],[11,48],[70,-50],[-28,-36]],[[36010,101283],[-12,-5],[-33,24],[17,29],[13,6],[15,-54]],[[35904,101634],[-16,-47],[-27,27],[29,31],[14,-11]],[[35587,101093],[-17,-29],[-35,18],[28,28],[24,-17]],[[35491,101118],[-27,-12],[-35,33],[35,20],[27,-41]],[[35402,101142],[-2,-44],[-23,1],[-18,52],[43,-9]],[[35141,100520],[-27,-24],[-32,3],[-45,96],[-9,19],[50,2],[82,4],[11,1],[107,148],[34,-10],[-59,-142],[-112,-97]],[[35229,100890],[-64,-1],[-37,29],[12,13],[35,35],[31,0],[20,71],[1,2],[7,-3],[34,-14],[-30,-132],[-9,0]],[[34727,99620],[-33,-207],[-29,5],[-78,14],[4,33],[1,16],[11,11],[19,20],[45,37],[8,15],[52,107],[26,115],[183,419],[39,60],[69,105],[64,-28],[3,-2],[-5,-8],[-15,-24],[-200,-309],[-164,-379]],[[35017,100384],[-77,-22],[33,113],[62,35],[-18,-126]],[[34889,100435],[28,-110],[3,-10],[-8,-4],[-19,-10],[-59,42],[-36,26],[-75,-39],[-113,22],[-8,2],[-5,10],[-38,74],[-7,14],[110,69],[39,-6],[22,-3],[26,-22],[68,-54],[72,-1]],[[34843,100565],[-5,-3],[-8,4],[-47,21],[13,67],[4,18],[6,5],[18,14],[11,1],[19,2],[10,-16],[22,-39],[3,-5],[-13,-48],[-13,-9],[-20,-12]],[[34780,100216],[-28,-12],[-4,25],[2,23],[30,-5],[0,-31]],[[34770,100284],[-35,-32],[-22,11],[-5,3],[-37,19],[10,4],[58,26],[21,-21],[10,-10]],[[34758,100170],[-16,-52],[-25,23],[18,31],[23,-2]],[[34727,99836],[-16,-9],[-24,42],[41,6],[-1,-39]],[[34709,97618],[-99,-147],[-90,-14],[-97,-14],[-15,-48],[12,-53],[9,-37],[-13,-51],[-223,-164],[-82,-17],[-104,-21],[-74,-1],[-47,-70],[-53,-80],[-39,-6],[-50,28],[-26,14],[-47,-95],[-1,-15],[-6,-84],[-61,-61],[-17,-95],[-58,-22],[-148,68],[-105,110],[-64,67],[-213,241],[-1,18],[-4,83],[-72,27],[-69,26],[49,63],[50,64],[-114,58],[-196,9],[-103,-41],[-31,-8]],[[32507,97350],[-42,155],[27,11],[14,-8],[5,-3],[85,63],[-3,72],[-28,10],[-10,3],[-18,182],[44,53],[56,17],[193,46],[608,166],[67,-55],[125,-104],[98,44],[-59,79],[-13,17],[-24,75],[32,99],[143,63],[66,29],[8,31],[-16,23],[-8,12],[60,166]],[[33917,98596],[35,1],[44,-46],[-4,-73],[-25,-54],[-34,-71],[30,-83],[82,-227],[-28,-14],[-64,-33],[1,-19],[247,-117],[68,-4],[65,88],[-25,102],[-17,69],[34,-8],[14,-3],[28,157],[2,12],[31,-18],[27,-16],[-4,-58],[-56,-25],[25,-94],[22,-14],[65,192],[1,3],[5,63],[34,6],[-3,-101],[-1,-32],[24,-145],[49,-154],[74,-122],[33,-52],[13,-88]],[[33797,97958],[20,-2],[18,32],[-28,13],[-18,-29],[8,-14]],[[34578,99037],[-27,-26],[31,133],[73,212],[20,22],[-8,-84],[-89,-257]],[[34673,100091],[-29,-24],[-23,31],[37,15],[15,-22]],[[34499,98464],[19,-95],[-46,1],[-30,50],[57,44]],[[33741,99652],[-18,-47],[-31,14],[28,34],[21,-1]],[[33503,99030],[-18,-359],[19,-57],[91,42],[68,-92],[88,-14],[95,50],[71,-4]],[[32507,97350],[-88,4],[-62,44],[-50,36],[-58,8],[-31,-27],[-40,-35],[-102,-33],[-72,23],[-15,5],[-54,-20],[0,0],[-139,-51],[-41,-10],[-21,-2],[-63,-59],[-138,-13],[-117,-128],[-84,-94],[-111,-36],[-205,21],[-34,26],[-16,13],[-22,5],[-19,1],[-18,-6],[-71,-25],[-78,46],[-108,21],[-153,30],[-50,4],[-120,8],[-23,26],[-42,48],[-62,1],[-30,0],[-13,20],[-21,33],[-41,16],[-17,-15],[-6,-2],[-74,-31],[-135,8],[-61,3],[-40,-25],[-11,-27],[-22,-52],[-107,-66],[-163,53],[-311,207]],[[30933,84660],[-116,-44],[-33,10],[-93,28],[-66,-60],[-53,-107],[6,-86],[5,-72],[-69,10],[-63,8],[-43,-130],[7,-21],[23,-65],[-4,-35],[-37,-69],[-74,-49],[-10,-6],[-21,10],[-3,-84],[-4,-147],[-37,-54],[-19,-107],[-7,-3],[-63,-31],[-2,-62],[26,-100],[12,-47],[-29,-35],[-58,-71],[-9,-43],[37,-131],[81,-47],[14,-8],[96,-198],[-7,-87],[-48,-3],[-35,-2],[-183,-130],[-150,-105],[-2,-64],[13,-31],[21,-56],[-15,-25],[-51,-10],[-161,-30],[-30,-28],[-123,-121],[47,-31],[22,-15],[34,-99],[16,-47],[36,-57],[44,-73],[-15,-33],[-7,-16],[12,-24],[32,-63],[-40,-30],[-39,13],[-89,-3],[-97,45],[-61,28],[-8,-21],[-10,-26],[-54,-27],[-13,-7],[-3,-7],[-27,-66],[-69,-79],[-81,-11],[-92,-11],[-20,-70],[-44,-56]],[[29030,81336],[-70,-19],[-16,-78],[-11,-53],[-103,-68],[-15,9],[-40,24],[-33,-27],[-89,5],[-137,-77],[-35,-19],[-30,14],[-51,2],[-17,96],[-6,33],[-95,126],[-30,8],[6,-88],[5,-76],[-115,-213],[-6,-2],[-44,-9],[8,-55],[4,-28],[-155,-111],[-12,-9],[-2,-3],[-45,-59],[-46,8],[-83,74],[-73,12],[65,163],[35,90],[-68,52],[-140,-132],[-38,-80],[-1,-4],[-29,-131],[-61,-81],[-101,-16],[-17,108],[-4,22],[-38,69],[-136,135],[-62,62],[-46,105],[-78,17],[-52,70],[-79,19],[-26,98],[-343,-314],[-73,-23],[-17,-82],[-46,-83],[5,-97],[28,-79],[-53,-275]],[[26319,80366],[-200,57],[-36,46],[-25,32],[-59,-8],[-19,-15],[-47,-39],[-104,12],[-10,47],[-17,79],[-53,25],[-36,17],[24,47],[26,53],[-46,81],[-43,2],[-44,2],[21,74],[21,74],[-33,65],[-50,97],[-42,150],[57,145],[31,16],[23,13],[25,46],[-24,37],[-27,8],[-36,11],[-14,37],[29,25],[21,18],[8,110],[-25,54],[-12,27],[-1,28],[-3,79],[-22,46],[-6,5],[-41,30],[23,61],[36,-6],[22,-4],[46,43],[54,50],[61,-60],[71,-71],[6,43],[1,3],[21,52],[51,29],[15,96],[49,-23],[25,-11],[198,238],[-36,20],[-74,41],[-3,60],[-12,32],[-32,85],[-50,18],[-69,134],[8,56],[5,36],[-50,46],[-14,13],[-5,20],[-13,62],[-151,-5],[-75,-26],[-95,-33],[7,-38],[2,-15],[-22,-36],[-55,21],[-78,-24],[-31,48],[-13,89],[-3,25],[-80,162],[-64,24],[-23,9],[-67,67],[-103,92],[-131,212],[-29,106]],[[26392,84005],[89,-177],[-2,-40],[-3,-57],[128,-83],[81,-19],[35,32],[11,10],[42,1],[19,-50],[30,-78],[68,-26],[61,-51],[55,170],[-16,19],[-25,30],[15,81],[57,24],[30,13],[-26,46],[-47,81],[-10,92],[5,21],[53,82],[41,-14],[27,-46],[51,1],[20,0],[56,74],[104,235],[35,76],[22,-13],[33,-18],[55,48],[26,98],[-43,103],[-34,80],[28,61],[37,79],[-7,34],[-9,44],[83,84],[10,3],[57,14],[-13,45],[-18,58],[-8,80],[39,41],[21,23],[22,94],[-28,96],[-3,12],[7,42],[13,76],[-6,28],[-7,36],[12,29],[37,90],[-22,121],[-10,59],[40,40],[42,42],[20,106],[-32,73],[-35,77],[6,69],[21,47],[10,21],[2,51],[5,114],[87,108],[20,9],[45,21],[-32,40],[-39,49],[13,49]],[[45690,21437],[152,-46],[-14,-54],[15,-87],[-12,-119],[-85,-61],[-37,-26],[-15,-115],[14,-83],[12,-72],[-44,-184],[-19,-10],[-27,-14],[14,-26],[20,-38],[-6,-25],[-12,-43],[30,-11],[25,-9],[35,-85],[-1,-82],[0,-2],[2,-6],[58,-136],[44,-36],[-52,-28],[-22,11],[-11,5],[-104,-106],[-26,-82],[-52,-13],[-6,-59],[-57,-42],[-128,-170],[0,-51],[-46,-7],[-29,-57],[7,-30],[1,-6],[-20,-27],[-14,-18],[5,-26],[12,-58],[-27,-14],[-2,-1],[-38,47],[-13,-12],[44,-113],[18,-28],[78,-117],[-40,-44],[-12,-13],[24,-42],[38,-64],[-4,-80],[0,-8],[3,-3],[24,-24],[-13,-27],[-6,-15],[11,-7],[33,-19],[-18,-45],[-14,-37],[38,-29],[53,5],[79,-38],[77,50],[9,7],[8,64],[23,-74],[8,-29],[38,2],[15,1],[17,-18],[48,-55],[95,-38],[143,75],[70,37],[14,1],[55,3],[31,35],[71,83],[198,-46],[16,-42],[12,-35],[20,-53],[53,19],[65,-44],[95,-13],[50,-6],[13,-118],[12,-108],[206,28]],[[47015,18301],[8,-278],[109,14],[25,26],[35,35],[67,-245],[-33,-38],[-26,-31],[-2,-162],[-1,-22],[-22,-133],[-32,-191],[36,-21],[16,-9],[-3,-33],[-3,-38],[19,-45],[32,-21],[18,-12],[7,-13],[34,-70],[104,-5],[38,45],[50,61],[9,-47],[2,-11],[7,-7],[23,-26],[76,-83],[112,-291],[10,-26],[32,-43],[-2,-43],[-40,-120],[-10,-30],[-55,-59],[0,-1],[-1,-5],[-33,-126],[-46,5],[-43,5],[-26,2],[-31,-52],[57,-217],[2,-4],[31,-56],[-5,-77],[-2,-23],[13,-36]],[[47571,15744],[-39,-71],[-37,-15],[-125,-172],[-124,-26],[-174,-220],[-149,-11]],[[46923,15229],[-234,329],[-50,45],[-138,125],[-153,140],[-5,1],[-97,17],[-84,72],[-67,58],[-199,117],[-323,114],[-297,79],[-187,-46]],[[45417,20715],[47,-70],[52,15],[-39,137],[-64,36],[-12,-62],[16,-56]],[[34709,97618],[-21,-340],[32,-210],[10,-64],[-8,-90],[80,-61],[58,-110],[2,-108],[-69,-39],[-8,71],[-26,30],[-20,46],[-47,122],[-9,170],[-20,81],[-11,47],[-52,46],[11,56],[-12,91],[-102,39],[-21,-52],[29,-107],[-139,-73],[-30,-49],[-40,-150],[84,-167],[79,-2],[20,-1],[51,-51],[-4,-18],[-33,-16],[-31,-15],[-39,-69],[22,-61],[139,-80],[8,-5],[134,-33],[-53,-130],[-58,-53],[-11,-10],[-79,-138],[4,-105],[48,-64],[17,-230],[8,-50],[24,-17],[27,18],[5,49],[68,88],[33,81],[1,5],[11,37],[53,50],[72,3],[20,-11],[56,-31],[44,22],[8,35],[-18,20],[-10,12],[54,43],[41,-12],[48,-14],[57,37],[-2,29],[-9,95],[-21,40],[28,53],[55,-23],[111,-137],[64,-150],[102,-59],[55,-138],[106,-88],[29,-119],[-11,-66],[-28,-179],[-35,-86],[-2,-276],[-66,-94],[-53,-73],[0,-52],[-1,-64],[-4,-285],[-61,-132],[-30,2],[40,97],[-106,143],[20,123],[4,24],[-10,92],[-18,175],[-75,38],[-84,-34],[-101,-179],[-15,-114],[60,-168],[-19,-210],[24,-34],[94,-133],[-8,-60],[-42,-83],[-62,-53]],[[29208,95493],[-1,25],[-3,66],[-69,83],[-35,22],[-24,5],[-56,13],[-18,9],[-30,16],[-25,10],[-48,26],[-30,19],[-45,22],[-17,11],[-38,29],[-14,8],[-51,16],[-35,17],[-29,20],[-9,8],[-27,33],[-33,47],[-17,28],[-8,13],[-29,56],[-27,27],[-11,5],[-28,11],[-21,5],[-93,21],[-47,11],[-31,94],[-38,48],[24,84],[11,40],[-12,91],[-25,32],[-58,-62],[-53,-58],[-46,-6],[-39,31],[-13,10],[-140,108],[-122,15],[-65,8],[-14,55],[8,78],[26,39],[42,61],[-38,44],[-10,11],[3,75],[161,129]],[[35359,94317],[-36,-45],[-43,16],[46,43],[33,-14]],[[35135,96139],[-22,-8],[-32,46],[23,20],[31,-58]],[[35089,96138],[-15,-55],[-25,26],[25,37],[15,-8]],[[35067,96500],[20,-50],[-30,4],[-20,47],[30,-1]],[[35005,96377],[19,-48],[-55,10],[-57,94],[-20,34],[81,-9],[32,-81]],[[35016,96567],[-21,-23],[-20,39],[27,20],[14,-36]],[[34942,96653],[-34,-8],[-18,28],[23,26],[29,-46]],[[34873,96465],[-47,-152],[-15,26],[-16,101],[78,25]],[[34822,96281],[-4,-57],[-16,1],[-13,42],[33,14]],[[34653,95923],[0,-54],[-35,21],[19,35],[16,-2]],[[24890,76895],[41,-91],[-22,-77],[35,-83],[-46,-52],[-19,-21],[-5,-38],[71,-55],[128,61],[39,19],[108,-73],[57,-78],[-33,-141],[-6,-24],[13,-149],[27,-74],[31,-26],[31,-27],[-67,-124],[-38,33],[-64,53],[-46,-13],[-71,32],[-18,-15],[-20,-118],[44,-66],[29,-44],[3,-44],[-70,-66],[-29,-89],[-59,-63],[-63,-66],[-51,-163]],[[24820,75213],[-289,102],[-240,23],[-266,-16],[-142,-61],[-8,-60],[-39,-75],[2,-11],[8,-54],[-14,-43],[-114,-12],[-83,100],[-1,1],[-1,1],[-83,14],[0,67],[-75,257],[12,105],[-6,76],[-1,8],[-4,47],[59,52],[32,-13],[28,-12],[39,26],[24,62],[-7,38],[-13,66],[32,52],[11,22],[22,40],[61,341],[42,590],[-2,520],[-64,672],[-104,426],[-65,180],[-98,119],[-132,159],[-40,100],[-4,39],[-12,131],[-54,98],[-8,15],[-3,25],[-17,128],[-54,118],[-4,8],[-5,22],[-25,115],[-44,45],[-43,-6],[-40,-5],[8,41],[4,22],[-37,83],[-5,90],[-62,73],[-68,153],[-77,103],[-49,28],[-95,54],[-58,79],[-23,93],[-83,342],[-64,135],[-32,68],[14,119],[-26,58],[30,149],[21,4],[21,5],[-58,123]],[[22349,81677],[233,140],[72,34],[47,16],[52,21],[-4,16],[25,14],[46,36],[19,10],[177,102],[22,-17],[95,110],[23,27],[71,20],[290,-9],[105,-43],[-48,-50],[-23,-68],[6,-72],[-41,-67],[-8,-14],[0,-23],[1,-130],[-35,-18],[-56,-29],[1,-129],[8,-45],[15,-76],[-58,-112],[-28,-56],[30,-179],[16,-15],[38,-40],[-20,-48],[-7,-15],[-2,-63],[63,-193],[11,-48],[22,-91],[4,-34],[14,-120],[14,-41],[16,-50],[-28,-62],[-26,-56],[39,-11],[50,-15],[-10,-145],[-10,-68],[-29,-48],[-28,-45],[25,-49],[28,-54],[-3,-80],[-2,-35],[62,-192],[58,16],[135,38],[-40,-117],[-4,-184],[-3,-8],[-41,-116],[36,-30],[3,-7],[11,-22],[5,-19],[0,-1],[11,-19],[17,-37],[20,-17],[20,-10],[10,-10],[22,-3],[61,-9],[17,-68],[4,-16],[99,-87],[228,-87],[192,10],[36,76],[4,10],[11,-3],[48,-11],[69,65],[38,35],[79,-77],[-8,-118],[-36,-34],[-134,-127],[-2,-106],[0,-9],[26,-73],[-31,-11],[-3,-2],[3,-18],[15,-94],[-17,-18],[-22,-23],[47,-78],[67,6],[45,4],[-12,-50],[-7,-26],[7,-28],[13,-55],[-68,-146],[-54,9],[-45,8],[-102,-35],[25,-204],[57,5],[28,2],[0,-114],[2,-151],[48,-12],[101,-24],[24,-85],[22,-78],[92,-23],[45,-11],[6,-32],[-18,-40],[-7,-17],[14,-57]],[[23181,73777],[-29,-55],[-6,-11],[3,-24],[18,-132],[-16,-29],[-68,-12],[-1,0],[-10,-14],[-32,-46],[-4,0],[-32,3],[-15,-44],[-51,7],[-64,-41],[101,-37],[13,-16],[18,-22],[0,-6],[0,-60],[52,-21],[32,-14],[62,-86],[18,-146],[-21,-71],[-39,-40],[-33,-3],[-39,54],[-12,15],[-16,-7],[-74,-35],[-85,44],[-33,39],[-15,91],[-4,19],[-10,5],[-24,13],[-4,39],[-6,52],[-39,52],[-20,125],[-102,53],[-126,-45],[21,-79],[14,-54],[-4,-56],[-28,-39],[-24,33],[-7,62],[-1,4],[-16,104],[-49,23],[-66,-48],[-25,-83],[1,-12],[6,-48],[-23,-41],[-94,18],[-21,41],[-12,24],[-132,50],[-30,-12],[-18,-92],[0,-1],[23,-77],[-25,-44],[-87,35],[-112,47],[-98,11],[-146,-38],[-19,-6],[-16,-61],[-35,46],[-88,27],[-111,144],[-91,193],[-1,1],[0,2],[12,225],[106,139],[95,49],[103,-8],[88,-7],[32,17],[63,35],[128,-53],[26,-44],[37,-62],[73,-63],[90,-10],[28,29],[3,60],[1,18],[16,2],[64,6],[40,38],[-17,54],[-10,31],[24,20],[39,32],[-16,75],[89,-14],[55,-41],[92,11],[22,3],[110,-32],[0,-37],[-59,-26],[-32,-14],[0,-36],[145,-94],[96,27],[22,41],[-7,53],[22,17],[-21,26],[2,19],[1,14],[9,4],[40,14],[37,83],[32,13],[66,171],[2,17],[4,43],[74,111],[20,82],[39,23],[43,-60],[14,-66],[66,-37],[59,-110],[-39,-130],[-46,-152],[5,-108],[18,-30],[22,-36]],[[22537,68973],[-29,-41],[-43,7],[-2,0],[-1,-2],[-22,-56],[-46,5],[-38,4],[-32,3],[-31,53],[5,53],[2,22],[-23,47],[25,30],[6,74],[0,9],[12,18],[19,29],[4,6],[19,1],[73,5],[0,0],[3,-3],[82,-85],[-7,-56],[19,-33],[-9,-56],[8,-18],[6,-16]],[[22162,74032],[-31,-9],[-18,52],[33,5],[16,-48]],[[21113,71658],[14,-30],[0,-15],[0,-3],[1,-94],[-37,-69],[-34,-9],[-140,65],[-68,-2],[-47,73],[46,70],[17,-2],[58,-6],[51,43],[50,120],[-3,53],[-3,53],[16,36],[20,-31],[4,-74],[3,-63],[52,-115]],[[19924,80051],[-3,-5],[-55,14],[-9,13],[-15,23],[26,88],[4,13],[2,1],[32,11],[31,10],[18,-18],[10,-10],[-2,-23],[-6,-70],[-17,-24],[-16,-23]],[[19452,75971],[-71,-129],[-66,42],[-60,153],[10,16],[35,58],[19,153],[14,102],[21,26],[79,97],[29,36],[39,-43],[9,-10],[20,-21],[0,-40],[0,-99],[12,-4],[33,-9],[20,-41],[-41,-181],[-102,-106]],[[49386,23471],[-21,-79],[13,-81],[19,-118],[-60,-39],[-81,-52],[-40,-84],[13,-58],[62,-51],[27,-22],[35,-68],[-57,-103],[-70,-67],[-53,-50],[10,-38],[19,-11],[30,-17],[22,-66],[-29,-104],[-8,-31],[6,-36],[54,-206],[25,39],[45,71],[75,-40],[24,-12],[61,65],[128,137],[89,57],[5,-18],[-1,-183],[22,-50],[-44,-103],[-14,-35],[5,-219],[30,-65],[54,-2],[37,-77],[28,-9],[26,-9],[22,-59],[0,-82],[-9,-20],[-22,-46],[35,-66],[8,-15],[8,-193],[-46,-31],[-82,-56],[-96,-176],[32,-56],[20,-35],[-4,-175],[-19,-33],[-30,-50],[7,-58],[6,-48],[-18,-94],[-31,-56],[-28,3],[-32,-9],[-31,55],[-6,13],[-12,-12],[-35,-35],[-18,43],[-32,78],[-54,31],[-13,69],[-23,-8],[-13,37],[-37,8],[-12,20],[9,33],[-38,8],[-29,51],[-18,-6],[-22,-6],[-5,39],[-2,14],[-36,45],[-7,-3],[-28,-9],[5,30],[-3,11],[-16,66],[-21,-12],[-4,-23],[-6,-31],[-68,33],[-47,23],[-41,-43],[-23,-25],[-37,-17],[-118,-54],[-14,-37],[-14,-39],[-237,-4],[-25,54],[-19,39],[-13,-5],[-40,-13],[-17,25],[-105,-60],[-36,16],[-4,1],[-4,-5],[-18,-24],[-12,12],[-18,17],[-28,-49],[-23,-77],[-16,-51],[-51,-73],[-62,-30],[-75,-37],[-84,-3],[1,-17],[161,-81],[73,-36],[-17,-51],[-38,-119],[34,-109],[27,-96],[71,-59],[86,-80],[10,12],[16,21],[34,-24],[11,-8],[22,5],[122,29],[30,-40],[17,-22],[52,-15],[16,-4],[9,-18],[31,-56],[31,3],[24,3],[17,-38],[4,-10],[2,-5],[31,-7],[5,-38],[-76,-113],[-97,-21],[-76,-17],[-59,-76],[-18,-124],[28,-21],[37,-25],[2,-118],[-31,-24],[-29,-79],[-39,-28],[-59,7],[-148,18],[-126,-101],[-42,-33],[-75,-2],[-64,-2],[42,-92],[62,-41],[47,-31],[38,-98],[-58,-72],[-14,-56],[-36,-22],[-5,0],[-107,59],[-45,65],[-51,72],[-24,35],[-33,22],[-29,20],[-13,31],[-36,83],[-53,-65],[-9,-23],[-9,-20],[-7,5],[-37,26],[-26,-24],[18,-55],[52,-59],[18,-21],[81,-80],[24,-65],[-4,-67],[-54,-11],[-47,-10],[-26,-52],[-1,-9],[-1,-28],[-55,22],[-42,-19],[-115,65],[-82,-27],[-195,100]],[[48387,20745],[19,-21],[9,5],[16,7],[-24,36],[-27,-20],[7,-7]],[[35732,110258],[8,-17],[12,-28],[7,-30],[45,-26],[8,-5],[36,-23],[11,-13],[4,-45],[2,-21],[3,-26],[20,-110],[32,-100],[72,-80],[56,26],[11,18],[28,45],[119,-39],[58,16],[107,-109],[-20,-43],[-18,-38],[74,-42],[18,6],[87,28],[56,-67],[11,-13],[82,-14],[23,30],[37,47],[93,25],[59,-28],[42,-22],[10,-47],[0,-1],[82,-121],[84,34],[8,13],[37,55],[192,53],[14,4],[8,6],[45,38],[23,-1],[28,-2],[11,33],[-7,20],[-12,39],[81,30],[32,-10],[17,-6],[22,9],[38,14],[53,-17],[94,-104],[35,-39],[54,12],[62,13],[122,-34],[-7,-37],[-9,-54],[27,-23],[154,39],[39,64],[26,43],[45,-42],[78,-72],[58,12],[88,18],[16,-55],[59,-34],[6,-117],[-34,-41],[-84,-98],[9,-95],[61,-93],[47,-19],[12,-5],[86,-87],[-28,-19],[-47,-31],[-18,-40],[8,-93],[-32,-86],[10,-52],[2,-10],[7,-41],[-83,-97],[-17,-20],[-1,-4],[-8,-101],[-44,18],[-17,-11],[-54,-33],[56,-67],[18,-7],[47,-17],[47,-80],[-27,-43],[-18,-31],[-36,-217],[-24,-149],[-16,-35],[-9,-18],[-38,-146],[-28,-93],[-23,-186],[-16,-140],[-38,-106],[-19,-54],[-5,-132],[0,-25],[-1,-167],[-7,-133],[-4,-119],[-15,-165],[0,-53],[-3,-18],[-10,-33],[-4,-22],[-18,-145],[-14,-109],[21,-190],[52,-313],[74,-160],[70,-76],[64,-54],[44,-16],[8,-2],[94,-100],[44,-220],[-25,-61],[-1,-3],[2,-5],[37,-87],[-27,-18]],[[26319,80366],[12,-58],[37,-65],[104,-184],[13,-112],[7,-58],[53,-35],[30,-1],[48,-1],[-9,-29],[-2,-7],[28,-162],[18,-19],[30,-33],[0,-117],[-35,-80],[-55,-125],[-83,-7],[-72,-6],[-13,-108],[6,-49],[7,-48],[-16,-75],[-31,-17],[-17,11],[-41,27],[-19,-158],[95,-44],[31,-15],[73,-109],[-1,-19],[-1,-31],[38,-124],[10,-10],[25,-26],[-15,-95],[-11,-69],[6,-25],[14,-62],[-17,-55],[-29,-27],[-184,50],[-3,4],[-86,95],[-67,-104],[-21,-49],[25,-20],[31,-24],[24,-86],[-5,-149],[-120,-159],[-60,-79],[-17,-126],[19,-50]],[[26073,77442],[-18,-29],[-90,13],[-173,-39],[-92,52],[-38,21],[-18,-38],[-13,-30],[-136,-64],[-23,47],[-25,53],[-77,-4],[-24,-24],[-85,-86],[-59,-60],[-26,22],[-1,35],[-1,30],[-49,2],[-28,-177],[-19,-115],[-37,-9],[-31,-8],[-20,-43],[-21,-41],[-79,-55]],[[22349,81677],[-33,65],[-33,222],[-11,145],[-11,134],[-8,113],[-61,202],[-11,34],[-12,42],[32,24],[19,14],[21,72],[-12,98],[-24,184],[11,72],[2,14],[-22,263],[-45,316],[4,65],[-59,275]],[[33998,81968],[-82,-71],[-30,-114],[-10,-36],[-31,-30],[-26,-27],[-53,-104],[-12,-23],[-48,-75],[-21,-33],[-26,-149],[-29,-164],[-36,29],[-42,34],[-123,-55],[-28,-13],[-9,8],[-28,22],[-42,-16],[-43,-80],[-28,-145],[27,-83],[61,-26],[15,-6],[17,-18],[59,-66],[20,4],[24,4],[14,-34],[9,-21],[43,-19],[35,-16],[-17,-98],[-39,9],[-36,8],[-38,-50],[-26,-15],[-59,-35],[-28,-17],[-14,-54],[-19,-72],[-101,-130],[-76,19],[-61,15],[-38,-33],[-46,-74],[-76,-36],[-39,-60],[-7,-53],[30,-96],[23,-31],[113,-19],[59,26],[66,28],[22,-41],[-21,-80],[0,-14],[-3,-193],[24,-58],[14,-4],[23,18],[29,-7],[34,3],[18,27],[17,25],[12,9],[58,-35],[23,-33],[24,-17],[23,-41],[16,-31],[58,-146],[12,-129],[-13,-126],[-31,-71],[-17,-39],[29,-112],[110,-87],[169,-48],[43,118],[-2,23],[-6,50],[65,123],[176,-171],[-95,-147],[-129,-60],[-68,-31],[-124,-135],[-45,-50],[-89,0],[-76,0],[-62,-70],[-90,-102],[-52,-6],[-43,44],[-27,29],[-164,86],[-81,-65],[22,-84],[18,-64],[-40,-117],[3,-59],[-54,-133],[0,-1],[0,0],[11,-40],[-10,-61],[-40,-55],[-84,-45],[-45,1],[-62,2],[-52,-44],[-113,-98]],[[32461,77485],[-177,90],[-39,-36],[-42,-39],[-21,12],[-71,40],[-51,-93],[-40,-74],[-176,195],[-52,93],[-47,124],[-59,221],[0,1],[-1,47],[-48,-14],[-71,-21],[-110,16],[-65,84],[-43,55],[-140,14],[-11,-7],[-29,-19],[-173,204],[-3,83],[-39,91],[-36,87],[-42,43],[-35,-24],[-4,1],[-99,24],[-8,35],[-11,49],[-69,148],[-11,24],[-3,10],[-27,107],[-102,85],[-83,115],[-84,53],[-74,39],[-29,11],[-24,9],[-37,37],[-42,42],[-72,19],[-26,103],[-3,13],[-14,8],[-95,57],[-84,148],[29,120],[3,42],[7,13],[53,92],[-19,151],[-9,75],[24,31],[13,16],[22,106],[-53,-11],[-72,-14],[-41,45],[-61,68],[-44,-39],[-30,-26],[-43,91],[-26,55],[-10,5],[-49,25],[-85,131],[-6,67],[-37,22],[1,51],[0,43],[-63,5],[-79,7],[-20,53],[-43,119],[-78,83],[-49,103],[-44,12]],[[52525,23362],[-120,-194],[-90,-198],[-39,-85],[-18,-39],[-23,-49],[-34,-140],[7,-42],[48,-145],[2,-6],[18,-55],[8,-24],[-8,-23],[-18,-51],[-2,-6],[-72,-205],[-16,-107],[-18,-83],[7,-46],[5,-38],[-54,-85],[-88,-137],[3,-30],[6,-52],[-7,-52],[-15,-115],[12,-136],[13,-153],[-12,-43],[-28,-10],[-6,-3],[-5,-14],[-48,-126],[-58,-31],[-55,-141],[-98,-90],[-26,-23],[-27,-24],[-4,-22],[-6,-41],[-74,-153],[-18,-25],[-52,-69],[-35,-182],[26,-591],[8,-179],[-3,-478]],[[51511,18821],[-177,32],[-5,3],[-51,33],[-58,-12],[-45,-9],[-20,20],[-4,46],[-2,25],[-33,60],[-13,-27],[-7,-16],[-66,-34],[-179,47],[-111,78],[-47,44],[-25,71],[-61,89],[-43,62],[-117,43],[-177,-49],[-1,-53],[0,-41],[-47,-77],[-95,-51],[-128,-69],[-21,-84],[5,-56],[4,-62],[-53,-21],[-74,-28],[-140,-108],[-102,-115],[-6,-76],[34,8],[22,5],[52,-57],[38,-41],[108,2],[89,52],[48,27],[288,-135],[-32,-71],[-31,-69],[1,-49],[2,-64],[-89,-35],[-64,-26],[9,-35],[5,-22],[-75,-144],[-94,-25],[-16,-5],[-33,17],[-75,-37],[-10,-30],[-102,-90],[-72,-136],[-29,-19],[-7,-54],[56,-113],[68,14],[60,13],[96,-64],[17,-48],[20,-58],[93,24],[59,15],[40,57],[61,16],[20,-44],[-10,-180],[-72,-77],[-133,-142],[42,-146],[27,-96],[-20,-26],[-1,-72],[-24,-20],[-20,-38],[-28,3],[-24,48],[-4,8],[-6,-7],[-14,-20],[-91,-16],[-60,49],[-31,10]],[[49700,16543],[-83,61],[-25,12],[-14,-32],[2,-38],[16,-42],[21,-67],[20,-43],[21,-46],[51,-46],[-17,-31],[-27,30],[-48,-25],[-70,-47],[-30,-53],[-50,20],[-70,28],[-45,-21],[-46,-21],[-22,64],[11,81],[8,60],[-122,97],[-32,-66],[-9,-18],[-45,-35],[-74,-58],[-13,-28],[-21,-48],[-51,19],[-64,24],[-52,-50],[-21,-64],[-28,-88],[-22,4],[-18,4],[-10,-10],[-54,-53],[-37,6],[-18,59],[-12,39],[-23,-21],[-9,-31],[-4,-15],[-90,-113],[-20,-14],[-38,-25],[-35,-66],[-47,-88],[-37,-11],[-74,34],[0,0],[0,0],[-43,-27],[-7,31],[-6,23],[-12,16],[-38,45],[0,39],[1,73],[-252,-165],[-127,-84],[-19,3],[-99,14],[-3,3],[-28,27],[-19,-25]],[[41851,111814],[14,-100],[51,-77],[31,-19],[84,35],[74,31],[102,-27],[23,-54],[1,-2],[21,-52],[29,-16],[38,27],[69,48],[179,-37],[255,-153],[77,-46],[230,2],[10,-154],[-77,-85],[5,-139],[26,-48],[-85,-131],[22,-121],[-31,-123],[-53,-60],[-167,27],[-34,25],[-37,27],[-292,-69],[-91,-96],[-20,-119],[-14,-78],[-60,-103],[-144,-77],[-36,-56],[-49,11],[-11,3],[-58,-42],[-4,-3],[5,-49],[-120,-72],[-96,-21],[-76,-77],[-86,11],[-32,4],[-66,-31],[-11,-55],[38,-112],[26,-75],[-3,-35],[-58,-100],[-29,0],[-45,-1],[-47,-42],[-17,-49],[4,-34],[4,-38],[-37,-2],[-25,-2],[-23,-57],[-167,-19],[8,-37],[19,-47],[11,-1],[28,-2],[29,-66],[11,-105],[6,-64],[78,-235],[14,-16],[45,-52],[33,-38],[-24,-23],[-32,-32],[20,-56],[-35,-62],[3,-31],[77,-64],[138,74],[10,32],[-7,36],[-8,48],[60,10],[222,-29],[31,-29],[46,-43],[52,9],[91,17],[9,-51],[2,-12],[53,-7],[58,-8],[69,-55],[32,-100],[14,-42],[15,-48],[31,-9],[61,35],[26,15],[4,-12],[4,-10],[131,6],[20,-46],[48,25],[17,13],[51,37],[149,-75],[45,-92],[-9,-48],[-64,-120],[6,-30],[3,-14],[-16,-66],[-57,-109],[-28,-15],[-30,-16],[-31,-48],[-34,-53],[-105,-92],[-19,-16],[-3,-7],[-41,-79],[-89,-60],[-45,-91],[-40,-18],[-38,-16],[-97,-42],[-86,-149],[-172,-60],[-29,-37],[-2,-65]],[[41807,106614],[-57,-34],[-29,-50],[-68,-260],[-3,-16],[-8,-47],[-17,-16],[-41,-41],[5,-50],[19,-18],[19,-18],[-15,-109],[-33,3],[-31,2],[-12,-63],[-96,-84],[21,-97],[9,-43],[-43,-26],[-43,-26],[4,-44],[-47,-100],[0,-6],[2,-77],[-85,-123],[-22,-15],[-36,-26],[-64,-13],[35,-43],[26,-2],[18,-131],[43,-25],[37,-62],[35,-58],[0,-47],[0,-12],[0,-7],[28,-35],[8,-37],[-43,-12],[-14,-4],[-20,-79],[25,-88],[7,-79],[19,-7],[53,-18],[-5,-46],[-12,-6],[0,-100],[1,-110],[4,-17],[8,-28],[29,-136],[29,-39],[25,-34],[-33,-58],[5,-51],[-34,-13],[-5,-2],[2,-9],[7,-27],[-16,-12],[-27,-18],[-27,-123],[26,-17],[30,25],[25,19],[102,-112],[60,39],[-7,-29],[-44,-23],[-187,-45],[-18,-5],[-84,-38],[11,-135]],[[41258,103321],[-104,-10],[-145,85]],[[41009,103396],[35,25],[1,16],[-104,11],[-6,-28]],[[40935,103420],[-207,88],[-35,48],[-241,-5],[-22,51],[-97,-28]],[[40333,103574],[-28,62],[-39,5],[-25,-2],[-12,-15]],[[40229,103624],[-60,19],[-5,23],[-31,125],[-39,0],[-53,-45],[-12,-10],[-32,32],[-38,38],[-55,-1],[-16,-81],[-7,-15],[-7,-14],[-20,0],[-50,2],[-14,-33],[-1,-2],[-22,-54],[-45,13],[-55,-37],[-39,44],[4,17],[5,19],[-42,62],[-16,65],[-45,-88],[-67,-54],[13,-38],[5,-15],[-50,-86],[-8,-69],[-40,-14],[-42,-16],[-28,-123],[-6,-28],[-11,-5],[-30,-15],[3,-38],[2,-17],[-9,3],[-54,19],[-6,-14],[-7,-21],[52,-139],[-3,-58],[132,-16],[82,-33],[46,21],[87,39],[72,69],[42,-1],[2,-45],[-32,-57],[-151,-158],[-29,-30],[-51,-77],[-64,-181]],[[37148,112501],[73,29],[18,36],[13,25],[52,39],[121,-8],[102,-38],[21,-27],[20,-24],[45,-58],[71,-31],[31,10],[33,10],[34,-32],[-4,-91],[-3,-79],[41,-37],[74,-21],[22,12],[58,33],[131,-27],[13,5],[236,31],[98,-64],[15,-10],[15,9],[42,22],[82,-27],[109,-37],[73,25],[46,-24],[89,16],[60,-51],[145,13],[89,20],[59,10],[44,7],[27,-17],[70,-44],[258,-74],[90,7],[48,3],[4,-21],[3,-19],[65,-72],[90,-59],[39,3],[10,0],[90,-28],[78,-94],[2,-13],[8,-53],[42,-9],[24,24],[48,48],[57,-20],[64,31],[78,-26],[82,15],[67,-56],[0,0],[76,-21],[37,47],[100,122],[54,-19],[10,4],[54,26],[42,-21],[-3,57],[-1,7],[24,44],[95,-23],[112,-55],[5,-55],[4,-38],[91,-32],[300,-11],[191,89]],[[41383,103691],[-1,-1],[-12,12],[13,23],[12,21],[15,3],[-2,-29],[-14,-23],[-11,-6]],[[40305,103243],[-50,-46],[-35,0],[-181,0],[163,54],[56,19],[47,-27]],[[39859,103120],[-51,-30],[-28,5],[-69,12],[26,54],[40,17],[23,9],[76,-28],[1,0],[0,-1],[-6,-23],[-2,-10],[-10,-5]],[[32461,77485],[-120,-59],[-80,-90],[-29,-60],[-18,-131],[-43,-49],[103,-370],[-44,-96],[3,-65],[100,-215],[43,18],[27,80],[36,35],[80,-34],[41,-54],[12,-16],[13,-83],[-51,-135],[-31,-205],[-81,-352],[-3,-4],[-29,-38],[-6,-130],[3,-10],[24,-75],[-16,-82],[-53,-94],[-11,-18],[-41,-283],[23,-42],[92,-30]],[[32445,74530],[-11,-34],[-143,-16]],[[31151,73636],[-91,76],[-68,-10],[-97,65],[-39,-5],[-40,-37],[-62,-56],[-107,-7],[-42,34],[-94,75],[-48,-6],[-45,-6],[-7,68],[33,28],[10,8],[21,93],[-15,113],[23,301],[-37,37],[-27,28],[-27,131],[-10,36],[13,27],[18,40],[13,238],[-31,33],[8,141],[-85,225],[-54,1],[-26,1],[-46,75],[-34,55],[-72,56],[-133,-40],[-66,-20],[-74,40],[8,31],[7,30],[-50,63],[-39,9],[-103,-60],[-23,-34],[-54,-80],[-84,1],[-79,-60],[-31,17],[-27,16],[-21,-9],[-38,-15],[-97,9],[-240,41],[-63,42],[-90,-1],[-46,43],[50,65],[61,3],[34,2],[14,55],[-30,26],[-21,19],[-13,46],[35,-1],[22,-1],[25,28],[-46,29],[3,88],[-35,-2],[-24,-1],[-1,116],[0,36],[-10,10],[-49,46],[40,28],[19,14],[-18,37],[-24,47],[25,32],[18,22],[-16,74],[-1,6],[1,0],[43,29],[-24,78],[15,64],[-10,107],[-71,-3],[-84,91],[-61,13],[-42,-59],[-78,26],[-39,-56],[-2,-2],[-36,-44],[-61,34],[-32,18],[-34,-7],[-29,-7],[-180,35],[-6,7],[-63,59],[-67,-39],[-10,-6],[-41,15],[-81,29],[-37,-32],[-89,14],[-20,-56],[-16,-44],[-61,-6],[-133,44],[-54,18],[-25,58],[-147,-40],[-115,-31],[-33,44],[-32,83],[3,47],[-61,123],[20,43],[28,60],[-45,53],[-19,22],[5,72],[2,31],[-8,5],[-51,34],[36,65],[22,39],[-19,197],[11,90],[-79,-31],[-21,11],[-19,9],[-119,59],[-41,-101],[-3,-8],[-11,5],[-40,14],[-170,-39],[-44,-42],[-50,-46],[-115,-61],[-186,16]],[[50957,12208],[-159,-98],[-101,17],[-50,52],[-199,207],[-139,90],[-114,16],[-86,-19],[-62,-14],[-95,-61],[-6,-34],[-9,-48],[-8,23],[-34,3],[-32,2],[-54,-7],[-56,-58],[-21,-21],[-70,-29],[-35,-2],[-24,45],[-7,14],[-22,0],[-55,-2],[-38,8],[-22,48],[-1,1],[-51,40],[-22,-6],[-52,-14],[-22,17],[-13,12],[-66,-5],[-30,-12],[-43,-17],[-91,39],[-42,78],[-17,30],[-53,96],[-124,91],[-12,9],[-9,14],[-55,81],[-70,31],[-195,85],[-20,20],[-23,23],[-186,54],[-33,-4],[-92,-10],[-64,28],[-45,24],[-34,18],[-44,-2],[-73,-4],[-82,142],[-56,97],[-19,23],[-24,29],[-8,9],[-24,13],[-7,85],[-8,112],[-74,312],[-12,27],[-24,49],[-4,31],[-3,26],[-25,40],[-39,62],[-20,76],[-18,67],[-51,93],[-30,55],[-93,233],[-27,69],[-193,330],[-113,192]],[[49700,16543],[39,-70],[-1,-5],[-24,-116],[42,-28],[44,22],[25,13],[22,-18],[6,-100],[12,-195],[32,-67],[51,-106],[-33,-4],[-34,-4],[-23,-87],[50,-59],[0,0],[59,16],[14,-135],[80,-34],[26,-138],[23,-46],[43,-88],[43,-55],[21,-27],[47,-117],[1,-58],[1,-72],[1,-14],[2,-82],[51,-134],[29,-28],[17,-16],[6,-27],[11,-56],[28,-20],[61,-45],[-3,-69],[-2,-29],[27,-21],[30,-22],[34,-96],[5,-118],[-75,104],[-4,12],[-13,44],[-118,95],[-222,302],[-17,24],[-38,136],[4,5],[25,36],[-75,18],[-30,-14],[-27,-14],[8,-171],[3,-68],[6,-39],[35,15],[23,11],[87,-43],[15,-16],[167,-163],[-11,-44],[-94,-36],[37,-185],[101,-101],[41,-16],[40,-16],[52,-69],[-1,-23],[-2,-29],[21,-9],[30,-13],[50,-89],[-58,-140],[-40,-10],[-109,62],[-17,21],[-87,104],[-104,32],[-47,-90],[-8,-56],[18,-99],[-28,-141],[-31,-58],[48,-107],[26,-25],[2,42],[1,30],[121,32],[31,-31],[64,-63],[84,-1],[23,0],[126,-89],[0,-21],[0,-36],[17,-27],[24,26],[35,37],[40,-52],[171,-219],[21,-174],[-21,-52],[-12,-31],[21,-32],[22,-34],[19,-93],[7,-64],[14,-136],[-11,-29],[-10,-24],[22,-65],[0,0],[2,-11]],[[51511,18821],[9,-132],[23,-190],[43,-129],[93,-24],[107,-28],[69,-80],[80,-92],[59,7],[20,3],[44,-41],[53,-49],[25,12],[11,30],[19,48],[39,6],[53,-111],[160,-217],[34,-124],[47,-57],[-1,-56],[-43,-32],[-74,64],[-23,20],[-25,-8],[-46,-15],[-11,30],[-18,49],[-39,-20],[-53,-86],[-50,-13],[15,-86],[4,-23],[-9,-20],[-25,-53],[-30,-16],[-8,-45],[34,-215],[16,-25],[22,-32],[44,-62],[-3,-52],[-6,-84],[27,-90],[36,-48],[23,-5],[2,0],[18,-4],[28,-6],[-8,-102],[-4,-51],[6,-51],[98,-141],[167,-94],[55,17],[61,20],[67,-34],[26,-71],[15,-175],[-59,-144],[32,-38],[7,-46],[-21,-24],[-37,61],[-44,11],[-19,4],[-37,-75],[-1,-67],[31,-122],[38,-51],[49,1],[20,31],[39,57],[80,-51],[39,-138],[87,-130],[10,-70],[-130,2],[-44,58],[-40,52],[-92,-81],[-4,-4],[-12,0],[-52,2],[-55,-80],[13,-62],[-19,-23],[7,-18],[8,-19],[-22,-37],[-21,-34],[-7,-54],[-51,-9],[-101,-16],[-90,-92],[-13,4],[-18,4],[-23,5],[-26,-42],[9,-56],[-105,-64],[-72,-107],[-14,-44],[-31,-91],[-43,-27],[-29,-18],[-37,-57],[-101,-373],[3,-12],[8,-28],[-13,-57],[-44,-18],[-23,-9],[-69,-114],[-39,-143],[7,-131],[5,-88],[-14,-70],[-22,-65],[-1,-1],[-48,-34],[15,-100],[-19,-115],[34,-84],[25,-154],[30,-49],[41,-69],[29,-152],[7,-90],[15,-194],[53,-82],[8,-12],[28,-68],[-18,-104],[-32,-64],[-37,40],[-19,20],[-45,-2],[-41,-91],[-9,-18],[-160,-157],[-26,60],[-12,23],[-111,74],[-33,146],[-13,57],[-102,127],[-82,62],[-105,8]],[[52431,16692],[-23,-7],[-20,19],[-52,50],[-14,62],[0,1],[1,-1],[62,-4],[43,-110],[3,-10]],[[52335,17449],[-10,-46],[-41,37],[-17,113],[19,32],[26,-25],[23,-111]],[[42417,104272],[-6,-116]],[[42411,104156],[-77,-67],[0,-37],[-38,-31],[15,-77]],[[42311,103944],[-6,-99],[-17,-10],[-57,18],[-25,8],[-32,49],[-49,71],[-47,7],[-43,-45],[12,-67],[-51,-85],[-41,-99],[2,-103],[18,-37],[-33,-10],[-4,-36],[46,-62],[17,-9],[148,-77],[-14,-21],[-24,-31],[-98,-14],[-21,-3],[-249,-169],[-102,8],[-70,-132],[-27,-26],[-143,-135],[-164,-11],[-97,-6],[-38,25],[-31,20],[26,30],[59,-11],[61,-11],[17,10],[51,29],[47,74],[65,-21],[57,-18],[31,34],[10,75],[80,93],[-68,103],[-100,-19],[-19,-4],[-130,94]],[[41807,106614],[5,-31],[8,-4],[45,-25],[19,-44],[-74,-240],[-63,-37],[-35,-20],[-25,-57],[108,-195],[40,-57],[30,-7],[40,-8],[82,-73],[4,-12],[13,-40],[74,-20],[27,25],[27,24],[47,-4],[52,-4],[47,76],[68,109],[116,-8],[99,-22],[77,38],[51,-54],[-52,-336],[23,-118],[-140,-308],[-16,-38],[-25,-51],[-72,-49],[-54,-133],[33,-60],[-97,-215],[-1,-98],[73,-87],[56,-159]],[[42108,103936],[-24,-40],[-28,12],[27,35],[25,-7]],[[41377,103083],[-23,-13],[-20,32],[29,21],[14,-40]],[[41102,103303],[-19,-34],[-26,21],[26,34],[19,-21]],[[41009,103396],[-74,24]],[[40873,102963],[-23,-7],[-26,40],[30,8],[19,-41]],[[40537,103148],[-39,0],[-83,53],[69,51],[89,13],[76,11],[30,5],[52,-46],[23,-87],[-109,0],[-108,0]],[[40602,103342],[-22,-18],[-20,45],[30,8],[12,-35]],[[40333,103574],[-94,28],[-10,22]],[[40305,103243],[1,29],[0,3],[14,9],[5,-30],[3,-23],[1,-2],[-8,-17],[-9,3],[-7,3],[0,25]],[[42411,104156],[179,-105],[26,11],[35,14],[189,-7],[37,-48],[18,-24],[6,2],[26,6],[166,-182],[79,-57],[147,-136],[83,0],[13,0],[10,-14],[28,-39],[72,-24],[62,-20],[61,-61],[20,-51],[46,-113],[91,-106],[45,-52],[15,-93],[-5,-27],[-11,-66],[135,-200],[118,-152],[101,-80],[47,-37],[2,-1],[105,-84],[10,-35],[-164,-140],[-68,-58],[-63,-28],[-20,-116],[-70,-55],[-27,-73],[-171,-34],[-239,22],[-210,136],[-77,-12],[-74,-13],[-14,98],[78,52],[180,-33],[80,-46],[46,-27],[124,103],[-89,44],[-57,27],[-36,73],[2,14],[8,63],[-16,32],[-31,8],[-19,-31],[-10,-16],[-26,-1],[6,40],[-46,29],[-18,69],[47,27],[18,10],[41,68],[-129,319],[-84,103],[-7,4],[-67,39],[-38,22],[-26,90],[-206,247],[-12,16],[-33,39],[-4,3],[-159,163],[-39,72],[-27,50],[-104,9],[-56,5],[-68,34],[-82,122]],[[21033,96441],[-152,-63],[-61,-65],[-55,-193],[-33,-127],[3,-40],[4,-63],[-25,-56],[-48,-48],[-111,-112],[-60,-128],[-47,-196],[45,-56],[17,-21],[-15,-86],[-9,-54],[13,-76],[23,-31],[59,-77],[19,-84],[-13,-107],[-2,-22],[-45,-30],[-14,-9],[-97,-146],[9,-74],[6,-40],[-82,-28],[-50,-62],[-52,30],[-5,4],[-43,-23],[-71,-20],[-45,-57],[-178,-226],[-66,-28],[-35,-14],[-27,-61],[-35,-149],[17,-67],[19,-75],[-11,-8],[-73,-55],[-30,18],[-48,28],[-66,-60],[-33,-30],[-54,6],[-64,7],[-13,-39],[18,-39],[11,-22],[-26,-105],[-39,-28],[-86,-61],[-33,-79],[-25,-61],[-53,-33],[-52,-32],[-42,-56],[23,-55],[3,-7],[-2,-171],[-52,-8],[-212,-29],[-90,-42],[-37,-17],[-80,33],[-58,95],[-19,31],[-37,-31],[-66,-53],[-37,-58],[-40,-60],[-35,-20],[-75,-44],[-18,-39],[17,-74],[22,-92],[-120,-79],[-55,-37],[-107,-75],[-13,-30],[-40,-90],[-70,-39],[-34,-19],[-28,-54],[-7,-13],[2,-73],[-99,-36],[-17,-7],[-21,-39],[-22,-39],[-81,-153],[-126,-76]],[[17441,91512],[-66,69],[-17,7],[-67,25],[-40,-20],[-37,-18],[-17,42],[-22,51],[-38,-25],[-21,-14],[-31,36],[-23,27],[-6,6],[-42,3],[-19,40],[0,78],[-1,73],[-86,73],[-18,-74],[-9,-37],[-24,-21],[-19,5],[-33,8],[-27,-71],[-1,-4],[-19,-49],[-37,29],[-68,50],[-58,-6],[-53,-39],[-22,-16],[-135,161],[-30,35],[-5,-1],[-29,-6],[-23,57],[-13,31],[-36,8],[-51,9],[-21,-61],[-14,-39],[-62,-15],[-159,38],[17,37],[34,72],[-63,86],[-256,-59]],[[15674,92093],[-15,42],[-15,325],[21,29],[12,15],[17,72],[-26,104],[-10,131],[-1,16]],[[15657,92827],[2,-1],[40,-8],[88,-18],[123,31],[-30,86],[-25,73],[15,142],[110,-204],[6,-30],[25,-116],[146,40],[18,-13],[-4,-42],[85,8],[35,71],[124,20],[1,36],[-45,22],[-22,42],[-28,53],[27,123],[39,37],[38,35],[38,107],[-65,85],[-77,57],[-142,104],[7,132],[104,68],[69,44],[23,101],[14,65],[27,1],[17,0],[11,6],[81,59],[81,77],[36,83],[-29,28],[-27,69],[-32,80],[-9,58],[-36,244],[-90,31],[-21,45],[-8,17],[-32,-12],[-15,-5],[-27,-11],[-21,11],[-66,31],[-26,31],[1,77],[-84,45],[62,115],[6,12],[17,31],[12,121],[-13,20],[-26,39],[-1,38],[103,19],[38,8],[61,68],[19,75],[6,44],[4,21],[13,16],[65,78],[-6,54],[-5,45],[71,221],[67,29],[28,12],[44,105],[33,85],[-24,25],[-14,13],[37,188],[-28,59],[81,115],[31,46],[82,87],[33,12],[31,12],[3,83],[85,-6],[45,-3],[13,60],[11,51],[112,11],[55,5],[54,25],[30,14],[87,45],[64,-12],[64,-112],[55,-96],[45,-31],[86,76],[27,58],[-46,158],[-44,148],[3,20],[6,21],[69,66]],[[17778,97336],[27,-20],[62,-149],[44,-106],[32,-31],[43,20],[11,4],[7,-13],[18,-31],[130,94],[27,117],[28,116],[37,5],[52,-41],[17,-28],[23,-86],[-15,-125],[-2,-11],[-35,-148],[30,-65],[75,-17],[170,-41],[29,-37],[48,-60],[5,-5],[139,-86],[60,11],[87,127],[23,13],[38,23],[26,62],[8,55],[-36,134],[-13,49],[13,63],[63,4],[56,-53],[49,-118],[26,-61],[77,-69],[57,-22],[75,-30],[11,-37],[8,-29],[1,-42],[0,-106],[43,-38],[61,103],[8,89],[-5,23],[-6,33],[-10,50],[11,92],[33,42],[53,11],[95,-42],[35,-67],[45,-85],[49,-24],[71,55],[29,88],[-15,89],[-37,46],[-79,99],[-19,55],[14,72],[77,62]],[[19862,97319],[55,19],[49,29],[47,28],[65,-84],[-26,-145],[-29,-49],[-20,-32],[0,-51],[20,-24],[105,36],[173,213],[20,25],[59,62],[84,-27],[170,-271],[43,-43],[27,-69],[-6,-69],[-21,-46],[-18,-42],[11,-36],[11,-36],[27,-20],[65,-46],[67,-119],[0,-58],[0,-47],[88,27],[87,26],[18,-29]],[[16287,92893],[-21,-8],[-13,9],[10,18],[36,24],[0,-25],[-12,-18]],[[16250,93009],[-21,-30],[-35,13],[29,35],[27,-18]],[[29349,69515],[-407,175],[-410,107],[-46,13],[0,0],[-12,2],[-23,5],[-88,-21],[-42,29],[-13,46],[-12,42],[-125,25],[-187,-49],[-95,-60],[-16,-69],[20,-28],[6,-9],[-26,-38],[-6,-8],[2,-2],[33,-53],[-82,-58],[-36,-25],[-25,-65],[-1,-35],[-2,-58],[-105,25],[-26,7],[-27,-23],[-45,-36],[-22,26],[-6,67],[-11,12],[-37,47],[-22,10],[-34,15],[-16,31],[-13,28],[-63,45],[-1,0],[-125,41],[-8,47],[-41,83],[11,44],[-15,185],[41,20],[1,1],[0,2],[6,69],[53,87],[42,-5],[34,-61],[27,-47],[57,27],[58,-42],[55,19],[42,-20],[77,71],[89,234],[40,245],[-1,275],[-84,254],[-123,214],[-97,-11],[-6,-10],[-44,-72],[-56,47],[-45,108],[-50,136],[-5,47],[-12,105],[-37,81],[-33,13],[-21,8],[-38,52],[-6,38],[16,20],[15,20],[-24,82],[-116,102],[-145,88],[-158,97],[-47,83],[-55,211],[-33,129],[-83,188],[-177,210],[-233,157],[-438,172],[-238,58],[-37,-10],[-15,-3],[-31,-8],[-229,216],[-8,7],[-3,2],[-90,57],[25,70],[73,-25],[2,2],[70,48],[69,190],[20,147],[-8,109],[-2,14],[-27,37],[4,87],[52,106],[47,96],[-14,67],[-73,149],[-96,101],[-307,217]],[[27278,68143],[-9,-24],[-23,14],[-3,2],[-34,21],[-28,62],[-16,38],[27,38],[7,10],[11,6],[38,23],[15,8],[35,-35],[1,-2],[7,-6],[-15,-19],[-44,-59],[15,-36],[16,-41]],[[26180,68994],[-57,-83],[-57,52],[-14,12],[-29,27],[-34,65],[-93,185],[-40,11],[-51,14],[-12,78],[-1,8],[23,41],[67,7],[16,84],[-9,92],[-2,28],[31,20],[95,-63],[6,-4],[15,-11],[101,-216],[18,-35],[-7,-15],[-13,-30],[17,-34],[-5,-55],[13,-15],[31,-36],[5,-42],[-14,-85]],[[23349,95362],[30,-19],[39,-29],[36,-23],[59,-29],[12,-6],[34,-19],[16,-9],[19,-15]],[[23594,95213],[-94,-190],[-103,-63],[-48,-30],[-7,-57],[14,-32],[37,-83],[8,-19],[-31,-23],[-18,-165],[-31,-60],[-29,-57],[1,-23],[2,-101],[-62,-65],[-14,-14],[-2,-30],[-2,-26],[-34,-191],[-45,-9],[-18,-4],[-14,-33],[16,-285],[6,-97],[6,-96],[-2,-8],[-12,-41],[5,-56],[35,-31],[54,-49],[28,-52],[1,-81],[-133,-331],[-33,-84],[-26,-44],[4,-51],[5,-188],[3,-77],[-15,-116],[-24,-75],[-1,-4],[-46,-49],[-10,-112],[13,-102],[-24,-98],[9,-70],[0,0],[12,-95],[-25,-96],[-15,-16],[-48,-50],[-4,-9],[-31,-76],[-45,-9],[-69,-14],[-62,-126],[-77,-75],[-1,-31],[-3,-45],[-7,-114],[-48,-95],[-11,-21],[2,-12],[10,-57],[-171,-154],[-108,-103],[-90,-18],[-26,-6],[-68,-64],[-27,-75],[-3,-9],[-2,-2],[-66,-45],[-51,-100],[-32,-137],[-10,-39],[-104,-176],[-178,-81],[-107,-48],[-77,-130],[1,-64],[0,-5],[-33,-72]],[[18618,89593],[-23,-31],[-48,19],[-42,165],[-26,105],[-4,83],[-42,105],[-48,17],[-69,26],[-82,74],[-75,82],[-55,60],[-27,-16],[-84,-51],[-51,58],[-42,15],[-64,23],[-16,-27],[-50,-84],[-274,-38],[-54,-8],[-59,-56],[-29,-83]],[[17354,90031],[-30,42],[-11,54],[-12,57],[-107,-50],[-60,-28],[-27,19],[5,92],[34,91],[16,12],[61,48],[23,148],[59,117],[-5,59],[-2,21],[8,52],[44,-13],[8,-3],[23,-7],[82,31],[-5,72],[-7,101],[29,97],[11,34],[6,67],[10,98],[-28,93],[-3,4],[-61,73],[26,100]],[[21033,96441],[9,-117],[57,-88],[71,-12],[150,74],[93,51],[40,60],[38,32],[50,-5],[35,-38],[13,-66],[37,-28],[78,-21],[106,57],[189,-113],[84,-54],[34,-60],[21,-68],[63,-66],[168,9],[35,-49],[9,-71],[49,-35],[80,-35],[167,-150],[65,34],[144,148],[58,10],[57,-33],[36,-58],[44,-154],[64,-170],[172,-63]],[[23594,95213],[73,-84],[64,-14],[245,-41],[93,41],[62,21],[118,64],[65,40],[32,-9],[26,77],[111,164],[25,65],[46,121],[90,89],[14,15],[13,28],[33,71],[52,-118],[-10,-24],[-27,-66],[17,-32],[57,20],[50,78],[6,33],[19,106],[91,54],[15,-11],[-3,-33],[44,-16],[63,-232],[-12,-34],[-16,-50],[6,-51],[159,-53],[135,-43],[14,5],[31,13],[15,-27],[20,-36],[37,18],[5,2],[21,-11],[74,-36],[15,8],[34,18],[22,-28],[8,-10],[41,-53],[67,18],[34,9],[13,-34],[16,-40],[26,2],[1,0],[0,-1],[16,-47],[29,8],[47,12],[-7,-48]],[[67773,48489],[28,162],[101,0],[-25,162],[70,92],[44,170],[-6,264]],[[67985,49339],[32,20],[4,28],[7,41],[54,40],[34,25],[7,29],[3,14],[20,47],[260,126],[62,-1],[30,-1],[7,15],[23,48],[43,9],[173,37],[69,15],[61,156],[55,139],[13,-8],[28,-1],[112,-2],[23,24],[13,16],[40,46],[72,35],[71,-35],[27,-14],[53,60],[-1,39],[0,33],[23,50],[61,62],[25,-78],[21,-64],[33,9],[14,4],[11,-29],[27,-70],[58,-20],[12,168],[41,78],[-1,59],[47,121],[4,11],[11,53],[38,36]],[[69805,50709],[92,-73],[7,-11],[55,-95],[37,-54],[95,-58],[109,-45],[46,-19],[64,-75],[23,-27],[12,-3],[91,-20],[67,-54],[57,-90],[81,-53],[61,-93],[15,-23],[189,-288],[74,-74],[89,-89],[2,-36],[3,-56],[70,-107],[163,-163],[34,-33],[48,-80],[107,-175],[72,-139],[121,-114],[21,-45],[42,-26],[28,-18],[52,-88],[1,-71],[1,-52],[26,-21],[37,-31],[24,-135],[110,-264],[8,-57],[-15,-50],[-20,-66],[1,-71],[35,-115],[14,-15],[34,-35],[54,-165],[2,-57],[51,-120],[-2,-21],[-5,-44],[41,-5],[44,-5],[79,-107],[-17,-36],[-35,-75],[46,-109],[28,-67],[-19,-50],[-100,-125],[-104,-130],[-17,-117],[-32,-217],[-68,-81],[-52,-25],[-65,-33],[-53,-60],[-5,-49],[-24,-198],[-40,-5],[-20,-24],[-27,-33],[-55,-194],[-28,-148],[-60,-401],[2,-22],[3,-50],[-7,-26],[-12,-39],[14,-36],[10,-31],[15,-43],[10,-157],[-10,-86],[-6,-10],[-18,-26],[7,-41],[-17,-40],[-9,-98],[-30,-101],[26,-167],[7,-50],[-49,-103],[-82,-153],[-33,26],[-13,10],[-36,-23],[-66,-41],[-64,52],[-11,26],[-35,79],[-50,35],[-30,-7],[-34,75],[-121,83],[-68,46],[-5,4],[-39,35],[-25,23],[-109,-8],[-18,-2],[-29,-2],[-207,28],[-37,38],[-57,58],[-92,34],[-26,10],[-9,13],[-30,46],[-36,24],[-68,45],[-155,192],[-17,21],[-11,9],[-192,151],[-87,144],[-21,35],[-67,58],[-55,48],[-8,29],[-11,39],[-33,53],[-57,92],[-3,34],[-4,35],[-39,84],[-25,23],[-35,34],[-111,262],[37,-3],[33,-2],[45,55],[40,134],[-6,112],[-28,104],[-51,93],[-78,54],[-57,38],[-14,10],[21,22],[36,39],[71,79],[48,155],[2,210],[-26,50],[-17,32],[-33,77],[-16,42],[-47,127],[-13,7],[-53,29],[-21,56],[-63,14],[-30,92],[-81,110],[-48,29],[-60,102],[-4,39],[-3,24],[-13,15],[-26,30],[-10,67],[21,98],[-8,66],[10,27],[16,41],[-30,45],[-57,84],[7,39],[-45,34],[25,31],[1,1],[-30,103],[-45,23],[-26,14],[-25,42],[-31,52],[-58,44],[-21,16],[-21,30],[-48,66],[-49,13],[-28,-9],[-49,-18],[-110,54],[-29,15],[-90,13],[-202,29],[-20,22]],[[69664,50395],[-27,-73],[-6,2],[-69,18],[43,54],[31,0],[28,-1]],[[69087,46068],[-18,-36],[-33,21],[30,35],[21,-20]],[[57191,59900],[1,-42],[-168,103],[-105,65],[-172,31],[-90,-155],[113,-59],[131,-68],[32,-63],[20,-40],[34,-3],[36,-4],[152,-147],[81,-34],[-20,-102],[-156,-75],[-146,-71],[5,-526],[20,-24],[6,-7],[41,-117],[99,-280],[87,5],[70,5],[-35,-89],[-75,-191],[9,-93],[0,-22],[-1,-56],[-33,-78],[-56,-43],[-46,-37],[-12,-38],[-13,-46],[-24,-2],[-33,-4],[-5,-18],[-6,-21],[-101,-35],[-43,-54],[-81,2],[-33,1],[-59,-26],[-36,-51],[-92,-129],[-35,-16],[-21,-10],[-8,-23],[-15,-44],[-46,-26],[-18,-10],[-93,-117]],[[56251,57016],[-39,-86],[-62,15],[-22,5],[-9,-27],[-15,-46],[-24,-16],[-21,20],[-30,30],[-18,-63],[-14,-48],[-62,-5],[-12,-1],[-50,-43],[-54,-37],[10,-77],[5,-43],[-33,-76],[-183,-56],[-57,77],[-31,43],[-59,24],[-64,-6],[-18,-26],[-42,-60],[-257,-34],[-11,10],[-13,12],[-20,-10],[-18,-10],[-10,14],[-27,38],[-102,-18],[-8,-2],[-8,4],[-156,84],[-66,-24],[-127,13],[-74,-38],[-85,-63],[-52,-111],[-7,-13],[-16,-10],[-41,-24],[10,-165]],[[54259,56167],[-152,65],[-208,94],[-43,68],[-102,-22],[-24,6],[-55,12],[-31,42],[-102,137],[-56,-3],[-14,-1],[-47,52],[-58,65],[-52,-92],[-27,-48],[-103,-82],[-46,48],[-50,52],[-75,9],[-29,4],[-59,40],[-58,39],[-67,-66],[-47,-46],[-80,46],[-116,93],[0,42],[0,13],[2,13],[-41,42],[-15,14],[-46,90],[-57,111],[-54,22],[-71,28],[-18,36],[-25,49],[1,130],[24,50],[58,121],[157,127],[19,8],[60,24],[-41,102],[-51,128],[-7,158],[143,34],[62,14],[-35,97],[-143,198],[-93,15],[-29,-36],[-12,-15],[-50,-13],[-20,58],[-18,54],[-45,19],[-41,18],[2,27],[4,37],[-293,-35],[-23,-24]],[[51862,58435],[-70,64],[5,75],[-62,95],[15,139],[-105,20],[-88,84],[-163,47],[-28,104],[-5,102],[-33,64],[-17,131],[81,68],[44,84],[117,34],[-69,153],[23,110],[71,51],[-25,125],[-126,-12],[-89,75],[-98,37],[-22,43],[-3,77],[-70,-13],[-6,62],[-6,62],[-36,101],[-40,39],[-56,58]],[[51001,60514],[-178,203],[-73,126],[-88,21],[-30,7],[-47,30],[-21,166],[39,179],[10,36],[31,104],[-17,46],[-2,4],[5,64],[5,23],[11,64],[-4,15],[-18,59],[1,11],[7,84],[-40,53],[-38,49],[117,185],[41,76],[24,-19],[41,-30],[24,-6],[75,-19],[10,-29],[20,-60],[65,-1],[34,-63],[108,-1],[-2,50],[-2,54],[44,52],[16,-2],[53,-7],[16,130],[3,26],[45,66],[29,-2],[54,-3],[17,51],[2,7],[114,75],[-20,40],[22,50],[36,-69],[2,-4],[42,-4],[6,50],[10,75],[111,106],[85,79],[57,53],[-82,65],[-88,71],[-105,212],[10,48],[27,2],[49,4],[-63,107],[-51,89],[25,136],[25,22],[33,29],[24,58],[10,88],[-14,96],[2,51],[-43,103],[-11,27],[-10,23],[-23,42],[27,128],[41,25],[22,14],[20,54],[33,42],[6,47],[4,40],[43,53],[44,53],[-17,65],[-22,79],[-11,42],[37,285]],[[51795,64964],[216,-54],[19,-2],[306,-27],[280,11],[92,4],[215,-27],[108,-16],[19,-24],[50,-65],[75,-42],[156,-24],[393,29],[383,76],[456,115],[121,31],[169,12],[118,-51],[94,-46],[53,-26],[328,14],[495,66],[695,122],[343,112],[87,6],[32,28],[13,11],[46,-14],[100,-31],[65,9],[85,12],[175,-90],[21,-44],[8,-17],[60,-35],[18,-11],[6,-8],[94,-125],[112,-32],[33,-9],[33,-68],[71,-145],[50,-20],[48,-20],[-13,-92],[-11,-81],[8,-138],[29,-98],[9,-31],[41,-59],[-4,-78],[50,-29],[-20,-52],[13,-174],[-15,-39],[4,-84],[-27,-32],[-12,-13],[7,-16],[12,-30],[-23,-85],[-63,-64],[-36,-7],[-18,-4],[-10,-24],[-13,-32],[-16,-64],[-88,-55],[-33,-64],[-108,-40],[-19,-7],[-10,-21],[-20,-45],[-43,-17],[-34,-14],[-36,-55],[-50,-78],[-64,-35],[-37,-20],[-22,-68],[-33,-99],[-32,-15],[-32,-14],[-65,-70],[-21,-24],[-144,-111],[-30,-15],[-116,-57],[-328,-255],[-205,-194],[-44,-162],[-14,-306],[36,-296],[53,-185],[89,-286],[129,-253],[83,-108],[23,-31],[187,-187],[191,-136]],[[54111,67002],[-24,-55],[-40,7],[32,46],[0,0],[4,0],[28,2]],[[54107,67112],[-24,-60],[-47,1],[32,55],[39,4]],[[54041,66931],[-11,-40],[-34,18],[25,32],[20,-10]],[[53950,66817],[-54,-61],[-35,18],[-10,58],[85,132],[38,-47],[-24,-100]],[[7526,105255],[-12,-52],[28,-64],[-18,-81],[13,-177],[20,-115],[37,-79],[-10,-68],[-39,-58],[-16,-71],[54,-141],[-68,-72],[24,-187],[-16,-104],[109,-189],[24,-118],[89,-112],[176,-73],[-11,-78],[57,-104]],[[7967,103312],[-40,-98],[-37,-85],[-22,-44],[-3,-2],[-58,-31],[-31,-168],[31,-27],[2,-2],[1,-5],[7,-80],[39,-33],[14,-11],[21,-75],[11,-37],[12,-47],[21,-23],[49,-51],[-20,-77],[-51,-13],[-72,-19],[-112,-202],[-4,-12],[4,-50],[-6,-51],[7,-32],[14,-58],[-25,-24]],[[7719,101955],[-39,69],[-50,25],[-100,-20],[-15,-3],[-82,53],[-33,-34],[-12,-12],[-47,-4],[-31,-2],[-143,-100],[-57,-9],[7,-37],[-68,-70],[-42,-44],[-61,-33],[-80,-43],[-49,-53],[-60,-66],[-31,-18],[-14,4],[-15,18],[-53,60],[-97,-28],[-91,17],[-48,-34],[-26,-18],[-69,62],[-110,97],[-77,29],[-70,-37],[-82,-43],[-9,40],[-13,61],[-29,43],[-109,48],[-85,90],[-126,-24],[-73,-79],[-33,-37],[-47,16],[-105,35],[-94,10],[-146,-57],[-101,-167],[-2,-2],[-9,-51],[-134,-90],[-5,-1],[-42,-5],[-10,-45],[-10,-50],[-74,-32],[-30,-12],[-10,-26],[-8,-21],[-116,-112],[-60,53],[-40,36],[-63,-20],[-91,-30],[-67,-60],[-133,24],[-4,1],[-10,-4],[-91,-36],[-38,7],[-50,10],[-13,-54],[-24,-99],[-93,-57],[-7,-4],[-19,-31],[-129,-201],[-70,18],[-48,55],[-27,33],[-163,13],[-78,39],[-55,-43],[-40,-33],[-35,116],[26,59],[4,9],[3,111],[-35,85],[-92,-90],[-45,-211],[-1,-22],[-5,-69],[-2,-32],[-55,-58]],[[2904,100728],[-173,52],[-151,-15],[-31,74],[58,106],[-19,52],[-54,17],[-133,-2],[-134,81],[26,142],[-77,136],[23,122],[-32,161],[33,82],[-6,69],[-97,127],[42,240],[-1,97],[71,88],[14,98],[-141,70],[-51,80],[-39,5],[-180,-86],[-107,51],[7,88],[-80,37],[25,117],[-21,48],[-59,-37],[-57,37],[-47,-8],[-183,113],[-27,92],[-79,40],[-59,149],[-58,68],[47,152],[-65,77],[-5,222],[-20,89],[14,128],[1,1],[47,57],[0,115],[-23,48],[-5,10],[-5,27],[78,197],[140,39],[69,-34],[39,-54],[44,-61],[19,34],[-6,46],[2,12],[25,114],[25,28],[65,-37],[36,-21],[112,-14],[24,29],[29,33],[33,-10],[38,-12],[37,21],[17,32],[58,102],[143,77],[52,3],[36,1],[48,52],[45,116],[-4,78],[-4,59],[93,161],[154,76],[103,-105],[18,-105],[3,-16],[12,-10],[51,-42],[31,-96],[79,-87],[-2,-50],[1,-3],[47,-124],[78,4],[23,1],[97,114],[22,26],[99,57],[54,-22],[4,-48],[1,-16],[59,-65],[107,-57],[19,12],[37,33],[0,70],[1,45],[62,63],[25,25],[13,33],[9,24],[193,34],[7,-13],[15,-25],[142,130],[34,85],[22,56],[53,65],[26,-25],[18,-16],[44,-7],[37,-6],[10,-12],[39,-47],[48,14],[85,26],[64,-42],[25,-50],[6,-11],[82,-40],[51,-32],[34,12],[33,52],[44,69],[42,-8],[21,-5],[108,76],[27,40],[76,112],[91,38],[43,-2],[30,-1],[0,39],[2,92],[89,78],[29,5],[8,1],[21,33],[13,20],[37,-22],[15,-10],[14,8],[39,22],[38,-25],[32,-21],[75,-9],[33,62],[-12,79],[-9,57],[29,88],[169,33],[26,-28],[18,-66],[18,-63],[155,-27],[59,27],[112,-18],[63,32],[53,28],[46,-10],[41,-61],[24,-35],[29,-83],[98,-32],[3,-1],[70,-60],[-1,-39],[-3,-89],[33,-70],[48,-48],[84,1],[56,102],[35,63],[113,-35],[135,-143],[53,-57],[80,58],[53,38],[87,-41],[12,-6],[7,-1],[112,-12],[42,-39]],[[8448,87016],[32,-21],[5,-60],[4,-52],[25,-14],[9,-5],[16,-7],[14,-35],[31,-160],[4,-103],[-12,-71],[-47,-79],[-69,-40],[-70,-124],[-82,-13],[-20,-3],[-20,-44],[-2,-7],[-31,-45],[-7,-11],[-2,-55],[9,-26],[6,-18],[28,-19],[18,-12],[75,-87],[2,-40],[-2,-6],[-10,-31],[38,-46],[66,-93],[78,19],[22,5],[36,-1],[86,-3],[91,15],[64,10],[187,-141],[42,-81],[42,-87],[0,-18],[-3,-85],[15,-38],[61,-2]],[[9177,85282],[-42,-117],[-130,-65],[-47,-24],[-32,-16],[-90,-122],[-2,-39],[-2,-50],[-45,-55],[-94,-18],[-102,-20],[-113,-80],[-9,-19],[-24,-45],[-110,-50],[-100,-45],[-64,-28],[-15,-54],[-9,-32],[-60,-19],[-42,-29],[-95,-17],[-75,-13],[-17,-13],[-19,-15],[-59,-45],[-125,-4],[-27,-3],[-55,-7],[-66,-43],[-87,-29],[-45,-62],[-42,-58],[-65,26],[-98,38],[-127,-41],[-61,-53],[-129,-70],[-29,-35],[-53,-64],[-28,-12],[-71,26],[-67,25],[-61,-18],[-80,-98],[-103,-127],[-161,54],[-78,18],[-15,5],[-109,27],[-232,57],[-87,-45],[0,-2],[-28,-72],[-159,32],[-16,88],[-19,36],[-35,68],[-29,160],[-39,226],[-33,33],[-2,3],[-30,61],[-7,117],[24,36],[-6,50],[17,41],[68,77],[156,102],[47,10],[35,8],[13,14],[24,6],[12,9],[10,14],[8,17],[4,20],[-10,73],[-11,80],[56,97],[9,15],[16,77],[-1,2],[-29,65],[24,43],[58,10],[38,68],[93,7],[55,4],[165,139],[11,15],[16,23],[22,6],[38,10],[16,93],[0,1],[0,1],[37,24],[51,116],[-21,76],[-24,89],[4,150],[46,3],[17,1],[38,40],[45,48],[33,11],[43,14],[16,70],[16,66],[53,69]],[[6614,86519],[77,-6],[32,82],[18,48],[12,9],[72,49],[17,39],[-65,8],[-44,6],[-97,200],[32,164],[24,57],[62,21],[53,69],[104,53],[71,-7],[154,-102],[94,-63],[79,-16],[91,-17],[131,-22],[84,-48],[22,-60],[10,-28],[140,31],[116,26],[23,-39],[35,-56],[41,-8],[100,43],[23,41],[13,25],[42,22],[55,-25],[71,-33],[88,-42],[54,76]],[[21557,106672],[28,-49],[108,-7],[59,-49],[35,3],[35,41],[12,14],[79,-43],[-5,-26],[-6,-31],[33,-67],[49,-3],[61,-2],[36,-101],[40,-47],[-67,-93],[-214,-36],[-67,-12],[-75,-74],[-21,-77],[-47,-50],[-31,-42],[0,-61],[0,-45],[-97,-38],[-138,-54],[-96,-69],[-37,-87],[-1,-9],[-8,-88],[-54,-68],[-36,-16],[-17,-8],[-31,-66],[33,-79],[-2,-68],[26,-78],[44,-80],[6,-10],[-1,-11],[-1,-45],[102,-104],[23,-23],[84,-46],[39,-55],[-25,-113],[-77,-84],[-71,-77],[-8,-62],[-8,-16],[-67,-136],[-75,-81],[-7,-5],[-11,-7],[-35,-23],[-46,-19],[-45,-41],[-49,-90],[-8,-18],[-8,-29],[-8,-26],[-29,-174],[35,-116],[0,-1],[12,-18],[6,-17],[12,-54],[4,-29],[-9,-75],[-2,-6],[-3,-20],[-5,-26],[-4,-35],[-20,-171],[22,-109],[16,-78],[-18,-64],[-40,-44],[-40,-26],[-17,-7],[-14,-3],[-63,-7],[-170,-16],[-38,-6],[-119,-42],[-43,-14],[-52,-24],[-38,13],[-44,13],[-55,-15],[-25,-36],[0,-21],[1,-24],[-47,-101],[-45,23],[-3,2],[-33,-7],[-3,-48],[0,-18],[-23,-36],[-47,-76],[-18,-76],[0,0],[-74,-202],[-25,0],[-7,26],[-3,12],[-37,27],[-49,-24],[-12,21],[-47,-51],[-61,-18],[9,-58],[19,-135],[-41,-12],[-27,-8],[-17,-140],[7,-76],[-26,-37],[-2,-92],[29,-24],[67,-57],[-4,-74],[2,-57],[3,-76],[38,-41],[16,-17],[-2,-24],[-3,-44],[30,-33],[6,-7],[-2,-5],[-18,-54],[30,-19],[21,-56],[28,-48],[3,-4],[0,-4],[4,-89],[35,-23],[15,-10],[22,-53],[-2,-107],[-7,-53],[-7,-58],[12,-181]],[[19853,100312],[-46,24],[-2,8],[-8,41],[-42,-7],[-74,-12],[-43,90],[-43,90],[-72,-13],[0,0],[-1,0],[-46,61],[-90,-35],[40,-57],[6,-9],[-20,-28],[-34,-47],[-11,-78],[-11,-74],[-57,33],[-15,8],[-14,-10],[-39,-26],[-9,35],[-8,28],[-44,4],[-49,3],[3,61],[1,27],[-59,179],[-22,-6],[-16,-4],[-19,43],[-35,79],[-56,45],[-12,39],[-54,9],[-18,3],[-7,24],[-8,27],[-27,4],[-55,-30],[-42,-122],[-1,-9],[-2,-62],[-31,-16],[-23,-12],[-16,-76],[-13,-70],[-19,-21],[-123,-41],[-48,117],[-22,53],[-65,43],[-36,-10],[-43,-12],[-34,2],[-8,27],[-11,33],[-22,11],[-23,10],[-3,33],[-9,79],[-35,-6],[-18,-3],[-35,-7],[-20,22],[-27,-59],[-15,-32],[-35,-28],[-4,-40],[-163,0],[-55,202],[10,38],[10,33],[-50,40],[-42,34],[-65,99]],[[17599,101091],[9,33],[65,-31],[54,-24],[51,57],[-3,75],[13,89],[-30,6],[-35,7],[-16,82],[-41,36],[-23,92],[9,88],[-15,65],[27,39],[9,14],[44,158],[-26,77],[-8,23],[-2,6],[-55,201],[-43,7],[13,63],[-20,60],[-72,43],[-41,24],[-6,76]],[[17457,102457],[-1,52],[-4,38],[-48,43],[-3,3],[0,6],[3,109],[-46,34],[-19,13]],[[17339,102755],[-16,3],[-31,21],[-12,45],[-3,9],[-18,15],[-75,61],[14,57],[19,79],[7,12],[3,70],[-38,73],[-13,26],[4,86],[-19,71],[6,45],[13,32],[35,86],[-41,85],[-22,46],[35,26],[27,-9],[30,-10],[59,69],[-41,51],[-67,83],[-12,38],[30,29],[26,-18],[59,-41],[58,39],[18,60],[59,9],[27,36],[-27,108],[-49,56],[-16,19],[-10,21],[-40,85],[3,87],[2,53],[-9,25],[-29,81],[14,76],[59,31],[32,17],[20,-13],[18,-11],[11,24],[-2,2],[-25,28],[22,21],[135,26],[59,11],[-28,60],[-9,9],[-72,71],[52,18],[8,3],[-14,22],[-37,56],[-9,55],[71,98],[56,77],[14,95],[2,7],[1,3],[64,158],[-21,145],[-85,69],[-73,22],[-39,11],[-33,85],[1,50],[1,83],[-34,112],[-17,14],[-24,20],[6,49],[41,40],[196,-6]],[[17646,106212],[29,-2],[11,16],[9,14],[31,1],[67,2],[17,29],[30,48],[73,-11],[31,-5],[69,34],[35,35],[38,37],[11,61],[4,16],[14,49],[66,22],[43,15],[21,-6],[42,-1],[50,66],[8,31],[10,38],[151,6],[1,0],[123,-57],[94,26],[30,43],[14,20],[46,-2],[23,-14],[79,-49],[62,55],[51,-17],[68,22],[19,6],[82,-47],[113,-64],[18,5],[11,2],[13,2],[7,-10],[6,-9],[9,-22],[60,1],[41,0],[29,-28],[24,-24],[31,9],[40,12],[79,-3],[70,44],[77,-47],[4,-3],[136,6],[-5,52],[-1,22],[26,41],[183,86],[186,-2],[61,0],[16,27],[10,18],[53,45],[15,-4],[74,-16],[18,86],[2,10],[51,41],[75,-4],[134,-7],[35,24],[26,17],[26,-12],[40,-19],[29,26],[13,12],[76,7],[39,-25],[8,-60],[-36,-75],[-28,-59],[16,-139],[42,-49],[48,35],[97,70],[39,1],[66,-53],[157,12]],[[65494,54511],[-118,-67],[-83,-84],[-16,-50],[-3,-10],[-23,-15],[-48,-30],[-2,-27],[-1,-27],[-47,-95],[-47,-56],[-23,-28],[-64,-34],[22,-49],[-3,-16],[-2,-19],[-21,-26],[-76,-91],[-5,-35],[80,-59],[46,-35],[20,11],[42,23],[165,-192],[43,-51],[28,11],[35,14],[41,-36],[14,-11],[20,2],[75,9],[5,-71],[-22,-35],[-27,-42],[-3,-75],[15,-38],[15,-38],[-13,-67],[-234,-8]],[[65279,53064],[-71,-57],[-4,-9],[-20,-42],[-69,41],[-55,-26],[-85,70],[-116,222],[16,38],[18,7],[44,17],[-30,51],[-10,16],[2,55],[29,-5],[31,-4],[45,38],[-41,129],[-84,3],[-6,-10],[-19,-39],[-156,18],[-77,9],[14,-115],[17,-141],[-8,-77],[-118,-91],[-50,15],[-40,12],[-63,-31],[-9,21],[-1,10],[-267,-183],[-26,-115],[-50,-219],[-154,-24],[-25,11],[-13,46],[0,1],[-9,1],[-76,12],[-43,-49],[-39,18],[-16,65],[-4,17],[-115,13],[-42,2],[-52,-30],[-100,-56],[-73,19],[-119,180],[69,124],[41,73],[-29,83],[-55,-39],[-201,-142],[-141,9],[-8,1],[-123,-45],[-31,-109],[29,-101],[14,-49],[-108,-53],[-65,3],[-18,37],[-18,37],[-41,-15],[-16,-6],[-25,22],[-36,31],[-8,-14],[-30,-48],[-22,67],[-5,18],[-68,24],[-64,-79],[-25,-31],[-22,-10],[-106,-50],[3,-41],[5,-78],[-42,-13],[-81,25],[-52,236],[-32,144],[-77,-54],[-231,-164],[-68,22]],[[61453,52713],[-302,238],[-41,66],[-32,50],[-7,-62],[-5,-46],[-56,-12],[-1,42],[-1,25],[-13,-7],[-31,-16],[-6,45],[-42,-5],[16,56],[0,3],[35,21],[-6,20],[-54,21],[-18,-35],[-16,-31],[-7,29],[-64,-1],[-143,-3],[-38,72],[-8,15],[-55,11],[-52,-51],[-10,-40],[24,-46],[32,-63],[-22,-50],[-22,51],[-20,-41],[-17,13],[-15,75],[-9,45],[-30,48],[-116,-59],[-21,-57],[13,-13],[35,-36],[-28,-78],[45,-43],[2,-26],[-20,-9],[-85,95],[-47,10],[-4,32],[19,22],[12,12],[-1,34],[-70,40],[-3,58],[-58,71],[-40,-78],[-94,-182],[-323,-361],[-40,12],[-34,-2],[-83,56],[-55,144],[-48,123],[-106,82],[-94,73],[-183,297],[-29,48],[-90,75],[-134,111],[-28,60],[-31,68],[-34,41],[-42,51],[-12,40],[-18,58],[-46,49]],[[58526,53968],[-20,97],[-10,12],[-23,29],[-10,8],[-13,27],[-35,231],[-14,58],[-63,249],[-65,91]],[[58273,54770],[48,125],[64,103],[78,123],[28,25],[83,75],[59,291],[29,145],[-39,50],[-36,46],[29,37],[41,52],[12,52],[-16,33],[-5,11],[8,41],[196,360],[25,118],[67,62],[54,147],[114,152],[42,55],[20,98],[-36,53],[-47,70],[23,86],[-4,104],[59,-23],[48,-19],[16,43],[15,39],[15,3],[26,5],[9,44],[6,31],[15,-1],[32,-3],[35,-4],[-19,44],[11,46],[13,55],[41,38],[21,-14],[7,-24],[0,0],[5,-40],[115,-15],[31,16],[39,20],[40,-23],[17,-44],[8,-19],[7,-3],[47,-24],[-1,-35],[68,-28],[48,-135],[2,-37],[2,-34],[19,-34],[24,36],[14,21],[94,-20],[68,-14],[26,81],[47,119],[-12,54],[-15,66],[36,92],[64,106],[58,95],[30,175]],[[60341,57920],[93,-41],[52,-56],[113,-125],[86,-10],[4,0],[56,-40],[57,-41],[59,-42],[45,1],[31,1],[197,-39],[24,-21],[138,-119],[200,-71],[198,-92],[46,-4],[33,-2],[39,-49],[53,-67],[102,-80],[129,-38],[25,6],[66,17],[20,-38],[33,-62],[63,12],[21,22],[19,21],[6,-32],[10,-50],[31,-38],[316,-139],[24,-11],[90,-62],[73,-50],[64,-22],[373,-126],[123,-41],[234,-153],[5,-6],[42,-55],[274,-204],[163,-75],[36,-16],[132,-173],[12,-34],[13,-41],[53,-27],[154,-79],[15,-17],[81,-92],[30,-34],[14,1],[7,1],[5,-10],[19,-38],[47,-12],[29,-7],[51,-78],[115,-97],[18,-70],[65,-78],[95,-115],[78,-183],[20,-48],[234,-141]],[[64862,53305],[-14,-13],[-25,20],[6,23],[19,11],[14,-41]],[[57191,59900],[696,-415],[181,-152],[204,-98],[129,-113],[62,-55],[214,-169],[41,-10],[125,-31],[355,-163],[41,-31],[112,-84],[119,-88],[53,-19],[64,-22],[33,-43],[40,-53],[64,-25],[55,-86],[108,-57],[58,2],[23,0],[20,-30],[15,-22],[31,-8],[61,-17],[29,-44],[1,-1],[1,0],[106,-25],[62,-44],[8,-36],[39,-41]],[[58273,54770],[-235,107],[-18,-20],[-24,-27],[-9,0],[-55,0],[-40,-39],[-27,-94],[-10,-31],[-77,-96],[-102,134],[-73,96],[-53,24],[-142,61],[-50,47],[-50,47],[-44,19],[-88,37],[-22,9],[-255,140],[-6,33],[-2,32],[-4,28],[-6,17],[-12,28],[64,-14],[37,-8],[120,26],[100,186],[42,79],[-9,63],[-14,84],[5,105],[36,23],[37,24],[-7,88],[-62,74],[-23,68],[-109,71],[-27,-20],[-19,-15],[-119,258],[8,29],[10,39],[-27,51],[-95,7],[-55,4],[17,40],[13,29],[-26,88],[-105,49],[-20,-21],[-15,-16],[-70,21],[-43,52],[-68,81],[-21,-3],[-38,-7],[-45,80],[-35,63],[-55,16]],[[9945,91144],[66,-125],[18,2],[42,5],[59,-50],[74,6],[65,-72],[17,-31],[26,-48],[70,-4],[17,-1],[82,-38],[2,-47],[1,-26],[51,-122],[75,46],[16,32],[9,18],[34,8],[68,17],[11,32],[-6,28],[-9,41],[57,65],[-1,90],[31,68],[81,35],[28,-49],[26,-44],[50,8],[30,4],[22,-29],[32,-42],[14,70],[14,69],[41,47],[32,37],[9,11],[13,16],[12,-27],[10,-23],[27,-62],[180,-24],[51,11],[129,30],[34,-32],[56,-54],[69,20],[80,30]],[[11860,91040],[61,-109],[59,-35],[29,13],[9,54],[5,32],[54,19],[14,-21],[27,-39],[43,32],[26,19],[43,-27],[14,-8],[27,4],[55,9],[51,-143],[18,-247],[25,-55],[11,-35],[-19,-52],[-92,-89],[-137,-41],[-42,-5],[-91,-12],[-1,-39],[0,-11],[-18,-21],[-45,-2],[-72,-5],[36,-103],[6,-16],[3,-21],[21,-151],[16,-6],[25,-9],[7,-25],[8,-27],[169,-134]],[[12205,89734],[-111,-123],[-160,-68],[-114,-47],[-14,-42],[-14,-43],[-236,-167],[-82,-22],[-21,-6],[-12,-12],[-69,-67],[-42,-86],[13,-22],[11,-19],[-85,-66],[-111,-86],[-36,-28],[-58,-98],[-27,-56],[0,-51],[15,-50],[19,-10],[22,-11],[22,-12],[8,-48],[-24,-42],[-34,-61],[0,-1],[-9,-74],[-48,-27],[-39,-39],[-51,-51],[-35,-92],[9,-173],[21,-28],[22,-30],[-48,-50],[-11,-12],[-30,-47],[-22,-35],[-83,-13],[-110,-19],[-31,-47],[-1,-2],[-280,-135],[-25,-9],[-49,-18],[-47,-17],[-207,-169],[-29,-78],[-16,-42],[-16,-23],[-58,-83],[-74,-148],[-58,-194],[-12,-106],[-1,-154],[-1,-126],[-44,-42],[-61,-58],[-106,-184],[-85,-79],[-90,-190],[-16,-110],[13,-93],[9,-13],[37,-59],[20,-32],[9,-43],[-57,-20],[-9,-3],[-102,-36],[-46,-45],[-21,-60]],[[8448,87016],[-71,46],[21,29],[19,26],[-32,48],[-44,11],[-28,7],[-27,58],[-51,5],[-10,1],[10,48],[1,6],[50,58],[105,96],[57,16],[87,-27],[19,-25],[60,-79],[158,35],[30,57],[10,68],[1,7],[15,24],[77,116],[33,60],[-23,72],[-3,13],[1,13],[10,87],[-34,58],[-30,12],[-47,19],[-50,84],[10,128],[35,67],[35,66],[-30,19],[-17,11],[-12,50],[0,1],[-1,0],[-45,47],[46,39],[71,61],[52,120],[-44,29],[-45,94],[-43,12],[-30,8],[-28,119],[84,120],[53,-15],[13,-27],[11,-24],[97,-53],[41,151],[-9,68],[-10,70],[44,38],[29,1],[0,0],[44,-3],[57,-10],[83,217],[-15,56],[-24,90],[6,36],[45,35],[3,2],[0,14],[-5,82],[60,17],[23,7],[11,17],[63,96],[50,-16],[23,-7],[123,97],[5,67],[5,53],[21,30],[42,57],[12,61],[-38,70],[-49,90],[17,17],[0,3],[2,55],[-25,25],[-51,51],[-3,46],[2,106],[49,-4],[5,-1],[102,81],[-16,40],[-24,57],[52,189],[52,35],[31,21],[85,94]],[[9892,91238],[53,-94]],[[17354,90031],[-80,-78],[26,-49],[9,-17],[9,-60],[6,-43],[34,-24],[20,-14],[2,-1],[43,9],[28,-106],[13,-47],[68,-62],[61,-54],[-41,-71],[-53,-91],[-20,-124],[9,-9],[18,-26],[17,-12],[8,-13],[15,-8],[47,-27],[27,-75],[116,-137],[71,-66],[49,-115],[72,-79],[-11,-175],[-38,18],[-42,21],[-101,-12],[-53,-39],[-63,-147],[6,-14],[18,-40],[-5,-46],[-50,-12],[-12,-3],[-26,-97]],[[17551,88086],[-56,67],[-18,40],[-37,85],[-82,36],[-31,-29],[-26,-25],[-107,63],[-64,3],[-53,114],[-4,8],[-75,61],[-45,-22],[-54,-26],[-53,131],[-44,24],[21,54],[2,7],[-31,83],[-17,17],[-118,120],[-194,135],[-26,4],[-20,2],[-32,30],[-76,71],[-165,90],[-157,88],[-69,39],[-15,14],[-47,42],[-16,-6],[2,-34],[-35,-68],[-8,-15],[-9,-3],[-16,-5],[-36,-25],[13,-74],[1,-7],[-3,-10],[-8,-26],[-5,-78],[-1,-14],[-1,0],[-25,-13],[13,-23],[11,-20],[-29,-43],[-123,66],[-34,3],[-22,26],[-27,31],[-55,8],[-61,10],[-37,47],[24,150],[13,80],[-49,117],[-33,50],[-36,13],[-5,2],[-75,28],[-144,74],[-136,38],[-112,46],[-334,58],[-126,54],[-186,15],[-32,2],[-99,60],[-33,78],[-23,54],[-45,-20],[-1,-16],[-3,-42],[-16,-12],[-297,43],[-145,54],[16,53],[3,11],[-76,43],[-171,7],[-6,-4],[-61,-43],[-210,55],[-48,13],[-260,-131],[-88,-71],[-15,-45],[-13,-41],[-32,-36],[-91,-37],[-47,-6],[-69,-10],[-81,-89]],[[11860,91040],[-18,104],[-3,19],[28,33],[31,2],[27,1],[11,39],[11,41],[41,46],[32,1],[28,0],[33,78],[-41,53],[-42,53],[19,62],[8,25],[0,3],[-6,34],[36,11],[42,12],[37,82],[-3,17],[-5,31],[24,33],[26,-32],[14,-17],[63,-23],[46,34],[71,-31],[37,26],[4,3],[4,-3],[84,-66],[50,59],[4,5],[12,-6],[38,-17],[73,6],[42,3],[86,-99],[22,-61],[26,-77],[-6,-54],[46,-17],[15,-6],[10,-49],[8,-44],[26,-33],[2,-2],[0,-2],[-4,-74],[-33,-25],[22,-17],[46,43],[4,-5],[33,-43],[5,-52],[6,-67],[2,-19],[0,-2],[24,-67],[-12,-42],[-20,-69],[15,-38],[99,-8],[7,47],[2,18],[26,26],[3,3],[42,29],[-10,72],[-17,117],[36,112],[104,75],[61,45],[0,25],[-17,21],[-2,3],[-17,35],[6,58],[11,28],[10,26],[25,-1],[26,16],[22,-13],[39,3],[2,-1],[43,-28],[27,16],[34,-3],[9,29],[6,19],[22,6],[40,-43],[14,-31],[18,-37],[32,-34],[34,-11],[22,42],[124,55],[39,69],[-14,48],[-28,35],[-15,126],[-5,7],[-25,39],[4,55],[-30,114],[20,21],[13,14],[-19,29],[-2,3],[-3,12],[-10,46],[-25,17],[-38,26],[-47,70],[-14,64],[60,32],[94,50],[62,143],[28,42],[0,0],[2,70],[49,38],[167,-3],[64,-98],[17,-26],[33,2],[53,4],[9,-3],[28,-9],[19,11],[71,42],[84,-70],[29,-108],[47,-32],[-10,-51],[38,-19],[43,-137],[1,-60],[1,-59],[37,37],[21,21],[119,32],[36,-45],[41,-52],[22,-3],[41,-6],[36,-38],[-2,-69],[-2,-91],[50,-121],[157,-76],[57,-2],[49,9],[46,44],[92,86],[67,24],[69,24],[26,30],[-2,179]],[[15768,88917],[-22,-2],[-25,31],[20,25],[27,-54]],[[12081,91682],[-6,-4],[-25,35],[29,12],[17,-21],[5,-7],[-20,-15]],[[24509,100196],[3,-52],[-35,-25],[-14,-10],[-13,-57],[-36,-152],[-154,-39],[-38,19],[-58,28],[-77,-44],[-32,-18],[-43,31],[-66,46],[-44,-14],[-34,-11],[-36,34],[-40,57],[-68,96],[-87,73],[-332,37],[-34,29],[-5,-12],[10,-16],[72,-73],[19,-20],[-52,-146],[-19,-37],[-20,-37],[-10,-17],[31,-27],[21,-20],[29,-75],[29,-132],[-1,-155],[18,-104],[-17,4],[-21,6],[-2,-35],[-3,-46],[-65,10],[-28,4],[-10,-24],[-13,-32],[-52,-2],[-50,-3],[11,-58],[4,-19],[-18,-49],[-13,-36],[-2,-35],[-2,-46],[-54,-18],[-41,-14],[-73,-77],[-32,-125],[9,-71],[-15,-98],[13,-22],[24,-44],[-18,-45],[-38,26],[-54,37],[2,-56],[0,-13],[-21,-41],[-48,28],[-38,23],[-21,-56],[12,-70],[2,-8],[-3,-2],[-25,-30],[16,-73],[15,-71],[-99,-41],[-13,-69],[-154,2]],[[22458,98064],[14,42],[-88,152],[-19,5],[-42,10],[-113,77],[-3,42],[-38,26],[-27,79],[-13,39],[-74,11],[-20,-53],[-17,-41],[-96,-9],[-53,-6],[10,-29],[9,-24],[-35,-62],[27,-24],[-17,-34],[-57,34],[-15,9],[-32,1],[-39,3],[-4,11],[-24,62],[-47,-35],[-46,66],[-66,18],[-31,-21],[-43,5],[-52,35],[-34,-8],[-82,44],[-91,1],[-37,0],[-33,24],[-3,36],[-46,17],[-27,48],[-16,71],[-12,53],[-31,-14],[-13,-6],[-22,20],[-55,50],[-51,6],[-13,37],[-64,-19],[-74,-21],[-60,73],[-111,42],[-40,38],[-1,20],[-2,32],[-34,2],[-31,2],[-10,36],[-10,38],[-33,35],[-34,22],[-82,56],[-66,45],[-60,15],[5,44],[-18,26],[-56,30],[-10,34],[-9,34],[-36,-7],[-19,-3],[-86,17],[-59,116],[7,30],[3,11],[-10,8],[-26,20],[13,11],[20,19],[-11,47],[16,116],[-18,36],[-11,21],[13,32],[32,82],[-16,340]],[[21557,106672],[31,127],[16,28],[47,86],[-43,85],[-19,39],[-2,20],[-5,59],[-28,32],[-22,25],[2,106],[19,86],[20,89],[-33,109],[-45,144],[47,26],[38,21],[25,79],[16,51],[40,26],[58,17],[164,50],[21,44],[11,15],[2,18],[6,51],[73,33],[79,18],[18,4],[47,37],[38,30],[21,8],[43,16],[-2,10],[-5,29],[31,26],[47,37],[17,127],[7,35],[17,95],[31,40],[53,70],[3,89],[3,71],[80,113],[65,-7],[36,37],[85,18],[65,14],[87,92],[54,93],[73,128],[106,112],[23,7],[41,13],[55,55],[92,92],[86,30],[87,-59],[53,-89],[30,-49],[80,4],[22,77]],[[58526,53968],[-97,-66],[-9,-2],[-65,-10],[-46,-61],[-19,-24],[-218,-160],[-78,-17],[-131,-28],[-68,-41],[-20,-52],[3,-166],[-38,-84],[24,-9],[68,-185],[64,-100],[47,-74],[18,-121],[-22,-52],[-9,-171],[-107,-25],[-162,-213],[-122,-59],[-14,-41],[-45,-31],[-24,2],[-27,2],[-35,-31],[-19,-131],[-34,-41],[-7,-54],[45,-106],[90,-49],[69,-193],[95,-44],[3,-1],[98,-129],[43,-3],[-25,-61],[-70,-178],[-37,-59],[-65,-44],[-79,-51],[106,-170],[50,-82],[86,-183],[-26,-91],[-23,-17],[-59,-47],[2,-50],[113,-218],[54,-12],[10,-2],[89,-73],[-49,-75],[-35,-135],[-65,-6],[-15,-2],[-57,-115],[7,-95],[40,-100],[155,-146],[83,-79],[23,-108],[23,-114],[35,-62],[-13,-100],[53,-1],[17,0],[5,-61],[1,-8],[3,-4],[49,-51],[25,-79],[-62,-4],[-56,-3],[-37,-53],[44,-37],[6,-23],[14,-61],[2,-8],[3,-4],[79,-93],[34,-168],[16,-80],[242,8],[25,15],[108,60],[112,-30],[60,-17],[150,45],[57,79],[45,133],[30,85],[124,70],[143,6],[-10,-140],[-18,-30],[-37,-60],[31,-71],[27,-62],[-34,-118],[-1,-2],[1,-5],[5,-63],[-1,-58],[-24,-35],[-45,-63],[13,-98],[0,-5],[-7,-30],[-8,-29],[-48,-68],[1,-98],[-2,-48],[62,-171],[74,-32],[16,-22],[35,-49],[102,-91],[-21,-51],[16,-83],[-74,-20],[-5,-1],[-56,-53],[-98,-127],[-47,-106],[16,-29],[36,16],[8,4],[-3,-14],[-9,-42],[17,-39],[34,-12],[55,-20],[-33,-53],[-84,-134],[25,-24],[38,50],[16,-9],[19,-10],[-22,-72],[-33,-111],[19,-14],[39,33],[52,44],[-4,-87],[6,-28],[11,-56],[91,-79]],[[59468,46064],[-34,-141],[17,-146],[12,-96],[-71,-189],[-34,-53],[-10,-15],[-43,-72],[-29,-101],[-36,-64],[-2,-26],[-9,-97],[-58,-56],[-18,-17],[-48,-131],[53,-113],[42,-32],[30,-23],[-2,-25],[-26,-150],[-30,-29],[-46,41],[-19,75],[-97,119],[-94,115],[-147,-30],[-89,45],[-159,-80],[-42,-22],[-78,5],[-49,3],[22,-110],[1,-4],[-27,-191],[-90,44],[-49,53],[-20,21],[-5,6],[-75,41],[-104,69],[-62,-59],[-35,-63],[-25,-47],[-23,22],[-21,20],[-64,-15],[-119,13],[-69,-57],[-55,-46],[-128,19],[-19,3],[-8,-7],[-38,-29],[-21,76],[-32,114],[-96,85],[-41,35],[10,43],[10,46],[-35,53],[-8,11],[-39,178],[96,195],[12,-18],[2,3],[45,66],[-14,88],[-42,44],[-83,7],[-30,-64],[-5,-12],[-150,-54],[-28,34],[-41,49],[-246,94],[-100,-107],[-83,-89],[-19,47],[-31,79],[-80,16],[-11,-20],[-33,-59],[-87,133],[-32,49],[-181,-41],[-6,-25],[-5,-23],[-24,-19],[-16,-14],[-8,-22],[-22,-63],[-44,-49],[-25,-83],[-51,-42],[-47,-44],[-36,-35],[-14,-88],[-31,-201],[-62,-84]],[[55555,44731],[-31,88],[-10,7],[-47,34],[-38,70],[11,18],[-7,69],[-6,53],[-88,197],[-26,28],[-18,20],[-12,40],[-5,20],[-27,22],[-42,35],[-3,24],[-5,29],[-46,36],[-41,32],[-44,96],[1,60],[3,84],[-24,10],[-8,4],[-18,35],[-31,59],[-65,4],[-26,2],[-22,30]],[[54880,45937],[190,122],[-4,93],[-30,74],[-16,8],[-99,53],[105,48],[53,24],[115,220],[19,33],[12,17],[26,64],[-15,54],[33,171],[-29,113],[-19,74],[43,49],[43,49],[-8,53],[-8,50],[41,35],[59,50],[6,53],[8,73],[42,31],[28,-8],[38,-11],[110,126],[28,32],[17,3],[82,13],[51,66],[-25,50],[-21,44],[3,84],[39,43],[52,56],[-27,85],[4,88],[31,40],[-21,62],[-65,108],[-43,6],[-96,13],[-29,66],[-120,29],[-96,142],[2,19],[7,48],[-39,22],[-14,7],[-4,23],[-93,168],[-10,186],[1,2],[29,68],[7,78],[-47,70],[-126,101],[-57,44],[-3,-2],[-52,-51],[-65,159],[-24,58],[-294,235],[-80,63],[19,23],[5,6],[-23,42],[-52,95],[-1,41],[-1,46],[-66,76],[-33,11],[-34,11],[-105,99],[-15,117],[58,66],[28,31],[-27,39],[-65,93],[34,53],[22,35],[-38,38],[-8,9],[-1,32],[0,65],[-27,61],[-27,63],[31,47],[38,59],[-40,50],[-23,-6],[-54,-15],[-29,33],[-4,53],[-1,10],[-29,48],[-51,8],[-54,9],[-44,67],[-60,-11],[-73,113],[-85,55],[77,175],[20,46],[2,21],[1,5],[19,58],[26,14],[71,36],[87,104],[19,94],[-44,8],[-26,5],[-7,25],[-15,53],[-50,5],[-62,5],[-74,62],[-35,70],[-134,61],[-87,152],[-23,39],[-82,54],[-71,47],[-25,38],[7,110],[-19,162],[31,117],[22,17],[17,15],[-22,45],[-37,81],[22,88],[14,53],[-7,35],[-44,-16],[-12,-4],[-66,53],[31,25],[45,37],[6,41],[-39,11],[-43,12],[-64,95],[-12,19],[-19,12],[-60,40],[-35,56]],[[52993,53936],[112,28],[29,-4],[110,-15],[11,43],[-13,118],[-4,105],[15,53],[-59,40],[-36,-7],[-30,-6],[-19,44],[1,83],[126,21],[44,-51],[32,-37],[76,14],[3,1],[29,33],[238,-45],[54,-56],[30,-31],[88,56],[-23,69],[0,13],[1,81],[65,38],[86,50],[64,46],[25,19],[4,0],[55,3],[51,36],[52,115],[27,122],[2,11],[15,72],[20,95],[35,51],[64,93],[13,23],[22,62],[18,190],[7,70],[-36,148],[-10,18],[-26,43],[8,69],[7,50],[-34,52],[-32,49],[-6,44],[-8,64],[-16,18],[-21,30]],[[56927,52057],[-56,-28],[-109,21],[-78,-103],[55,-104],[8,-120],[21,-52],[122,-55],[53,6],[-25,278],[9,157]],[[20639,86348],[-118,65],[-79,-40],[-3,-9],[-21,-67],[-35,-36],[-82,22],[-83,93],[-131,111],[-23,56],[-58,29],[-6,30],[-27,0],[-1,73],[-1,18],[-45,41],[-61,-1],[-61,-2],[-7,20],[-10,33],[-38,12],[-18,5],[-26,46],[-84,143],[-28,-14],[-9,-5],[-17,12],[-28,20],[-117,-137],[31,-132],[49,-78],[43,-21],[0,0],[0,0],[-14,-67],[40,14],[3,1],[44,-76],[-62,-21],[-48,-87],[-38,47],[-28,35],[-65,37],[-49,27],[-172,122],[-37,48],[-19,26],[-24,8],[-11,3],[-2,6],[-20,55],[-72,16],[-31,7],[-7,30],[-4,19],[-50,68],[-16,21],[-1,6],[-10,54],[-51,57],[-28,7],[-43,11],[-16,41],[-10,24],[-216,172],[-123,8],[-34,-62],[-24,-45],[-86,99],[-27,72],[-59,70],[-3,19],[-4,24],[11,35],[7,25],[-40,51],[-36,11],[-68,20],[-13,35],[-12,31],[-36,1],[-39,2],[-6,50],[-7,50],[-34,25],[-65,107],[-46,10],[-8,2],[-75,10],[-73,65],[-37,25]],[[19635,86338],[-47,-98],[-76,129],[111,40],[12,-71]],[[13904,104383],[-23,-26],[-3,-44],[-5,-82],[-30,-12],[-31,-13],[22,-95],[12,-51],[37,-52],[-38,-66],[-12,-20],[15,-34],[24,-56],[-1,-19],[-4,-56],[38,5],[2,1],[30,-34],[7,-26],[19,-81],[38,-6],[8,-2],[0,-11],[4,-58],[44,-14],[33,-11],[-9,-46],[-6,-30],[16,-19],[45,-51],[1,-107],[-15,-134],[-38,47],[-36,-31],[-22,-19],[0,-10],[-4,-78],[-20,-29],[-122,-81],[-8,-6],[-74,-16],[10,-44],[14,-35],[31,-11],[25,-9],[14,-28],[72,-20],[5,-75],[7,-17],[37,-80],[30,-6],[5,28],[41,4],[6,48],[0,3],[4,0],[102,18],[64,110],[39,66],[13,-26],[3,-4],[6,-12],[27,9],[-5,-62],[14,-141],[-11,-19],[-36,-61],[10,-31],[55,31],[107,-38],[77,11],[34,12],[12,-39],[74,-8],[94,42]],[[14778,102526],[37,-62],[0,-36],[-46,-34],[-11,-8],[3,-96]],[[14761,102290],[5,-84],[26,-53],[1,-1],[19,-18],[-2,-61],[0,-8],[5,-11],[21,-49],[-7,-83],[-7,-48],[-50,-7],[-16,-2],[-5,-8],[-11,-22],[-85,61],[-60,44],[-18,-39],[-6,-13],[-55,-21],[-38,-14],[-4,-9],[-22,-49],[-22,32],[-16,25],[-23,36],[-52,78],[-38,-15],[-26,-11],[-35,200],[26,34],[22,27],[-7,37],[-49,111],[-32,-13],[-31,-14],[3,43],[3,29],[-102,93],[-21,-12],[-40,-65],[11,-58],[5,-29],[26,-29],[-62,-42],[-74,-119],[-103,-41],[-135,-54],[-45,-63],[10,-32],[23,-71],[-45,-59],[-46,-7],[-26,-4],[-21,-13],[-83,-52],[-8,58],[-12,79],[-42,-2],[-32,-1],[-57,90],[2,38],[1,40],[-38,34],[-44,4],[-79,3],[-12,-70],[-13,-79],[-49,-3],[-16,-1],[-11,-34],[-21,-67],[-47,-23],[-10,-5],[-67,-29],[18,-43],[8,-18],[-31,-13],[-22,-9],[-1,-1],[-12,-31],[-63,21],[-27,62],[-21,49],[-14,-44],[-17,-50],[-55,-57]],[[12655,101635],[-11,98],[-34,44],[-34,44],[21,51],[45,106],[-18,93],[-21,15],[-48,33],[8,14],[13,20],[-76,108],[-54,11],[-59,12],[10,47],[5,24],[-6,12],[-16,37],[-10,50],[32,33],[27,-30],[48,-53],[46,-1],[12,85],[-49,85],[-34,58],[-16,63],[32,32],[32,33],[-9,68],[-86,-3],[-130,-6],[-20,23],[-4,71],[6,25],[25,81],[53,169],[-67,106],[-182,29],[-61,10],[-58,41],[-37,101],[-32,88],[-17,26],[-10,14],[-17,32],[-30,49],[-19,32],[-13,21],[-47,66],[-10,21],[-21,133],[16,101],[4,19],[17,36],[32,37],[22,14],[10,5],[56,27],[12,11],[84,155]],[[11967,104361],[8,54],[2,22],[-2,28],[-3,63],[-5,36],[-9,41],[-19,49],[-14,32],[-40,122],[-62,189],[9,102],[226,314],[49,60],[227,280],[172,210],[50,59],[62,73],[31,33],[7,6],[33,30],[14,14],[28,30],[17,23],[26,46],[10,32],[5,23],[1,34],[-27,82],[-26,76],[-29,180],[-10,58],[-12,43],[-37,129],[10,69],[39,75]],[[12698,107078],[25,45],[12,26],[10,22],[17,39],[12,14],[23,25],[74,81],[44,-94],[38,-81],[171,-107],[90,6],[35,32],[24,21],[238,-247],[28,-1],[9,-151],[-56,-113],[-17,0],[-51,3],[-11,-33],[22,-25],[2,-3],[-16,-32],[-8,5],[-8,6],[-4,-23],[-8,-52],[-6,-20],[-46,-68],[-63,-30],[-16,-8],[-58,-97],[-24,-41],[-6,-24],[-13,-59],[-25,-109],[56,24],[4,2],[69,-19],[90,-25],[14,0],[46,0],[53,-43],[16,-28],[23,-41],[81,-97],[52,-57],[84,-40],[26,7],[35,9],[24,-35],[11,-95],[-17,-64],[-15,-53],[31,-85],[23,-26],[19,-27],[13,-27],[28,-4],[0,0],[15,4],[12,-33],[15,-35],[10,-21],[1,-3],[27,-50],[0,-29],[-3,-6],[-6,-15],[-9,-36],[13,-30],[46,-74],[13,-147],[33,-11],[28,-10],[-27,-46],[-24,-19],[-25,-21],[-104,-177],[-13,-119]],[[16501,99157],[-17,-67],[61,-28],[35,-15],[12,-80],[-66,-20],[-37,29],[-30,23],[-53,-32],[50,-121],[28,-67],[33,-42],[-43,-13],[-22,-2],[-27,-3],[-67,-100],[-30,-108],[73,-49],[32,33],[7,7],[24,-11],[143,-68],[8,41],[-2,5],[-18,51],[10,-10],[47,-19],[40,-23],[62,-134],[23,-1],[37,-1],[6,-33],[-20,-50],[59,-57],[21,-73],[6,-29],[13,-58],[20,16],[25,19],[43,-6],[12,-80],[3,-17],[8,8],[38,38],[20,-51],[-6,-31],[-10,-53],[55,16]],[[17107,97891],[101,-38],[10,-63],[40,-1],[20,-80],[65,-27],[7,-53],[324,38]],[[17674,97667],[6,-40],[12,-15],[57,-74],[7,-114],[-3,-9],[-10,-31],[35,-48]],[[15657,92827],[4,15],[43,153],[-16,120],[-11,76],[24,57],[19,45],[19,203],[-53,23],[-78,34],[-99,122],[-27,59],[8,122],[4,75],[-22,22],[-30,31],[-52,84],[2,6],[16,40],[-19,18],[-44,-50],[-8,-9],[-106,-36],[-48,27],[-8,5],[-17,-8],[-49,-21],[-12,27],[-20,44],[-59,58],[-36,-18],[-35,-16],[-21,-10],[-47,28],[8,28],[6,23],[-11,52],[-40,21],[-12,6],[-92,202],[66,63],[46,44],[16,52],[-43,52],[-18,62],[-32,110],[-50,-22],[-19,-8],[-80,33],[-27,53],[-17,33],[-29,38],[-4,3],[-82,56],[-23,60],[-2,42],[0,7],[-54,73],[-4,5],[0,0],[-7,50],[-36,20],[-43,77],[-13,11],[-30,27],[18,97],[25,3],[23,3],[-18,58],[-2,10],[4,41],[3,28],[-107,202],[-67,9],[-36,-46],[-11,-12],[-99,-3],[-104,165],[-43,132],[11,74],[-1,37],[-2,134],[-33,33],[-14,14],[9,9],[22,23],[-15,63],[-37,15],[-13,-3],[-17,-4],[-28,34],[1,1],[34,51],[-37,9],[-52,-48],[-39,-36],[-7,-55],[-31,50],[-54,-10],[-45,-9],[-5,-10],[-16,-40],[-72,-26],[-10,9],[-30,27],[-5,-48],[-3,-31],[-64,-10],[-9,-31],[-34,5],[-36,6],[10,-30],[19,-56],[-24,-50],[-75,8],[-52,5],[1,-68],[1,-18],[-29,-63],[-30,3],[-15,29],[-9,17],[-39,-10],[-53,-14],[9,28],[10,34],[-21,48],[-98,17],[-47,7],[-56,86],[-42,63],[-5,0],[-33,-45],[-7,-44],[-4,-26],[-45,-57],[-25,28],[-33,39],[-49,9],[-47,-10],[-11,-46],[-5,-22],[-43,-20],[-32,40],[11,31],[8,23],[-29,64],[-48,23],[-38,18],[14,43],[3,10],[-2,16],[-4,38],[7,9],[35,43],[-8,66],[-13,21],[-6,8],[-22,33],[27,46],[13,23],[9,14],[-19,13],[-20,13],[-11,40],[-19,67],[-31,11],[-46,17],[1,54],[1,5],[-9,9],[-45,45],[-24,49],[14,72],[-16,52],[10,28],[13,40],[-47,23],[-93,45],[-15,77],[-14,74],[-33,42],[-82,33],[-70,27],[1,51],[0,12],[2,24],[-46,14]],[[11687,97694],[-27,62],[12,82],[55,83],[43,19],[3,1],[23,59],[94,39],[-26,50],[-120,-25],[-32,-31],[-3,-18],[-6,-37],[-99,-26],[-59,48],[105,55],[25,13],[-21,53],[-56,63],[-52,60],[17,55],[29,19],[55,36],[-15,39],[31,41],[-58,27],[-41,18],[-29,42],[5,40],[39,-4],[31,-41],[7,-9],[36,45],[-36,40],[-11,14],[5,23],[5,21],[-28,45],[24,55],[-8,49],[-61,13],[-12,-34],[-4,-10],[-52,9],[15,77],[13,69],[-57,12],[-5,1],[-55,12],[55,127],[37,87]],[[11478,99162],[53,-8],[58,61],[38,-14],[-31,169],[-3,3],[-27,28],[-9,51],[97,72],[44,32],[6,24],[15,67],[25,-68],[5,-13],[114,-56],[78,38],[51,-28],[79,47],[16,10],[45,17],[75,-77],[-7,-75],[-3,-28],[88,-77],[59,-51],[8,-85],[31,-66],[-7,-25],[-13,-47],[27,-22],[17,-94],[149,4],[143,92],[55,188],[2,35],[8,121],[38,-13],[68,-24],[13,73],[103,85],[-14,60],[10,21],[-68,2],[-32,1],[-85,122],[-55,31],[-5,36],[-8,34],[72,-26],[34,3],[156,13],[8,33],[19,78],[85,-49],[69,-39],[58,0],[56,37],[13,57],[1,5],[183,47]],[[13483,99974],[21,-34],[3,-41],[17,-177],[61,-62],[36,-36],[5,-45],[-6,-26],[-5,-21],[15,-67],[72,-30],[176,-73],[12,-26],[-7,-26],[-6,-22],[73,-54],[28,-30],[40,14],[16,5],[60,-58],[8,-131],[7,-100],[80,-79],[22,-19],[62,-51],[22,-40],[40,-72],[51,21],[18,45],[66,55],[61,-11],[22,47],[-26,104],[-62,12],[-6,2],[-1,9],[-7,37],[-19,0],[-25,0],[-15,42],[23,21],[10,9],[-29,92],[-28,86],[20,12],[32,-30],[12,-11],[73,42],[55,32],[56,-92],[31,-68],[-3,-57],[-14,1],[-32,3],[24,-85],[38,41],[18,19],[36,6],[117,19],[39,19],[1,36],[1,40],[63,15],[-27,-71],[-6,-17],[36,-38],[46,17],[15,5],[3,-2],[54,-16],[20,33],[0,0],[1,0],[36,-1],[32,16],[15,8],[5,-3],[27,-14],[26,26],[10,9],[12,-15],[37,-45],[8,25],[5,14],[20,-10],[10,-20],[52,-98],[88,31],[20,-4],[50,-8],[15,-21],[26,-37],[90,-11],[-68,78],[-15,43],[-21,60],[37,40],[36,38],[14,67],[23,113],[36,-27],[83,-61],[42,23],[4,30],[3,22],[27,-24],[36,-32],[38,-35],[113,25],[66,-28],[46,52],[14,14],[56,-19],[52,-17],[14,2],[23,5],[87,-62],[20,-36],[28,-50],[46,-3]],[[13323,96184],[-19,-14],[-16,0],[-8,19],[36,26],[10,-10],[-3,-21]],[[12652,96205],[-3,-74],[-13,11],[2,32],[9,70],[5,-39]],[[61453,52713],[-90,-75],[-7,7],[-31,31],[-39,-74],[80,-131],[44,-12],[53,-14],[-38,-214],[-62,-341],[16,-161],[62,-127],[6,-4],[26,-20],[-49,-42],[-51,-44],[14,-38],[21,-57],[-48,-156],[-11,-33],[-14,-123],[44,-73],[62,-103],[-15,-43],[-22,-66],[28,-52],[23,-46],[29,-15],[34,-18],[7,-60],[-49,-128],[-50,-128],[97,-120],[79,-30],[3,4],[21,39],[26,-51],[9,-18],[54,2],[94,2],[106,-49],[47,-107],[3,-58],[4,-81],[50,-85],[14,-6],[23,-10],[1,-15],[4,-30],[63,-79],[52,-3],[5,-1],[2,-6],[30,-81],[31,23],[8,6],[67,-77]],[[62319,49522],[-273,-564],[-216,-392],[-72,-195],[-154,-382],[-77,-357],[-116,-230],[-192,-420],[-138,-150],[-121,-124]],[[60960,46708],[-127,123],[-31,-7],[-12,-3],[-52,-13],[-77,28],[-43,16],[-50,-35],[-46,-31],[-32,5],[-72,11],[-99,-69],[-52,-36],[-48,57],[-44,51],[-72,11],[-9,-8],[-45,-43],[-76,48],[-60,38],[-120,11],[-70,-39],[-37,-20],[-34,72],[-19,38],[-29,45],[-4,-76],[-3,-68],[-31,-53],[-5,-5],[-26,-28],[14,-62],[19,-83],[-16,-131],[-3,-19],[3,-16],[14,-74],[-34,-73],[-21,-43],[-43,-163]],[[16959,107478],[-29,130],[-99,13],[-54,8],[-55,7],[-28,17],[-53,32],[-20,-51],[-8,-20],[-51,-44],[-47,-37],[-16,-9],[-47,-28],[-12,-5],[-11,-22],[-12,-3],[-15,0],[-140,-118],[-44,-84],[4,-25],[10,-44],[3,-14],[24,-1],[-2,-29],[-4,-38],[0,-32],[1,-18],[-19,-42],[-27,-145],[-3,-14],[0,-31],[-3,-136],[-60,-131],[-25,-56],[-44,-86],[-32,-47],[-14,-134],[2,-55],[20,-83],[33,-15],[15,-7],[27,-55],[47,-263],[-40,-7],[-75,-12],[-45,-93],[2,-63],[48,-15],[33,-10],[33,-77],[-6,-53],[-27,-48],[-22,-41],[20,-42],[21,-37],[37,-66],[10,-67],[8,-59],[14,-29],[35,-30],[53,8],[39,66],[31,52],[63,-84],[8,-13],[-23,-36],[-24,-37],[20,-77],[40,-46],[31,-36],[-6,-94],[-17,-11],[-16,-74],[-18,-29],[-22,-34],[5,-18],[9,-35],[-52,-30],[-64,-37],[-9,-2],[-18,-57],[-5,-15],[-34,-37],[-27,-28],[9,-66],[8,-5],[19,-12],[2,-28],[-39,-29],[-72,-53],[-2,-8],[-2,-12],[-93,-97],[23,-42],[2,-2],[-2,-56],[-42,-4],[-25,-2],[-6,-43],[-3,-21],[-3,-6],[-31,-78],[27,-44],[31,-51],[10,-37],[2,-30],[-51,-87]],[[15943,103497],[-22,-99],[-32,-42],[-18,-23],[-16,-62],[-7,-28],[-12,-3],[-25,-6],[-60,-17],[-70,-58],[-54,-110],[9,-57],[4,-28],[-15,-36],[-12,-30],[2,-33],[7,-125],[-48,-22],[-6,-32],[-36,11],[-95,93],[-22,50],[-38,84],[-2,6],[-39,52],[-59,26],[-35,-18],[-51,-27],[-47,-1],[-47,44],[-30,28],[-27,-42],[-35,-54],[-29,-19],[-39,-6],[-42,1],[-48,2],[-20,-120],[-7,-34],[-6,-27],[3,-23],[4,-32],[-18,-37],[-1,0],[-41,-7],[1,-58],[17,-17],[-1,-35]],[[13904,104383],[17,14],[20,14],[14,10],[20,-1],[5,-2],[12,-6],[15,1],[12,23],[20,36],[76,36],[12,6],[27,-11],[16,6],[17,-22],[22,-28],[47,-57],[81,46],[15,9],[72,-28],[-10,-42],[-11,-47],[4,-35],[72,-29],[57,-15],[33,24],[24,7],[13,3],[43,13],[4,125],[2,43],[19,24],[0,20],[11,23],[6,1],[14,3],[14,34],[14,17],[15,5],[4,33],[-9,58],[-2,12],[44,115],[26,10],[32,13],[70,91],[4,43],[2,19],[25,28],[30,32],[6,35],[-13,16],[-46,-23],[-14,-7],[-3,42],[0,9],[-1,64],[-30,14],[-19,9],[-23,16],[-24,18],[-10,40],[-57,9],[-41,57],[-67,-2],[-11,-1],[-19,19],[-4,4],[-3,0],[-16,3],[-22,-7],[9,56],[7,42],[-19,19],[-41,39],[23,49],[2,4],[-18,112],[-58,34],[-60,34],[-17,48],[24,17],[8,66],[32,5],[36,5],[29,66],[98,63],[-14,42],[-10,30],[-1,13],[-5,74],[-6,76],[-44,65],[-44,65],[62,204],[195,121],[45,-6],[26,-3],[100,43],[3,66],[2,28],[15,27],[47,85],[-33,105],[-70,222],[27,21],[11,11],[233,143],[2,-1],[25,-5],[26,59],[54,122],[66,49],[63,47],[22,74],[56,18],[11,4],[6,-3],[8,-5],[66,-3],[58,77],[30,88],[-8,31],[-8,28],[41,156],[57,31],[37,21],[28,104],[-3,22],[-5,30],[24,8],[12,7],[53,31],[26,-11],[18,-2],[23,-1],[12,17]],[[15951,108456],[67,-8],[61,36],[42,25],[170,-35],[33,17],[57,-38],[4,-3],[9,0],[88,0],[69,-32],[20,-37],[27,-52],[158,-89],[21,-1],[91,-4],[79,31],[11,4],[53,73],[111,-82],[-71,-184],[-2,-5],[-25,-59],[-1,-120],[-3,-169],[1,-63],[-16,-56],[-46,-127]],[[14262,105717],[-22,7],[-53,16],[7,33],[9,38],[17,42],[4,31],[10,38],[3,13],[36,-6],[23,-4],[3,-1],[3,-5],[5,-123],[-16,-87],[-29,8]],[[17339,102755],[-70,-54],[-31,-40],[-80,-103],[-103,39],[-44,30],[-5,48],[-6,48],[-2,12],[-37,94],[-50,-36],[-127,-94],[-13,-20],[-11,-17],[-55,-50],[-15,50],[-10,32],[-70,43],[-11,-17],[-1,-1],[-15,12],[-57,43],[-63,-41],[-46,-30],[-26,-64],[-41,30],[0,14],[-13,67],[-16,80],[-39,47],[-10,12],[-38,72],[3,52],[3,37],[18,22],[-3,91],[-31,37],[-12,73],[-31,98],[-18,13],[-24,17],[2,12],[3,28],[-36,51],[-98,-22],[-67,27]],[[16959,107478],[6,-425],[12,-13],[21,-16],[15,-15],[15,-12],[9,-15],[22,-17],[159,-88],[140,-66],[26,0],[55,0],[56,-50],[44,-59],[-15,-49],[-26,-83],[9,-30],[72,-86],[35,-42],[1,-90],[0,-6],[31,-104]],[[17674,97667],[-1,15],[-9,11],[-14,18],[-3,27],[-10,85],[-25,4],[-16,3],[-12,34],[-7,22],[-32,-1],[-64,-1],[-17,44],[-8,19],[-21,-4],[-35,-8],[-42,42],[-15,15],[-39,38],[-60,-51],[-2,-13],[-6,-51],[-34,23],[-95,-47]],[[16501,99157],[82,44],[14,35],[14,-46],[52,-4],[3,-20],[17,-96],[67,-13],[27,41],[-21,7],[-10,31],[14,31],[17,3],[46,10],[-27,48],[-19,-11],[-25,-12],[-50,123],[-24,35],[-70,103],[37,27],[-12,107],[-45,110],[53,-25],[24,9],[76,29],[-20,112],[-11,65],[46,23],[1,0],[0,2],[20,85],[29,25],[63,-21],[11,-23],[23,-45],[9,64],[7,50],[25,14],[29,61],[59,124],[-26,76],[-10,8],[-56,48],[38,34],[-10,54],[12,78],[96,97],[6,77],[131,-12],[17,-71],[10,-44],[39,-55],[79,-16],[26,-5]],[[17384,100528],[-12,-50],[9,-14],[26,-40],[-30,-74],[-14,-32],[11,-24],[6,-13],[-18,-44],[-22,-19],[-55,-47],[5,-38],[-69,-145],[-11,-86],[74,-122],[46,-20],[14,15],[14,16],[49,-54],[46,-51],[30,5],[33,6],[29,-70],[-2,-35],[-6,-70],[53,-4],[90,-7],[76,-59],[39,-30],[56,26],[18,29],[11,92],[16,133],[25,-13],[60,-31],[36,-63],[53,-165],[4,-48],[6,-62],[41,-58],[3,-4],[-1,-2],[-22,-69],[39,-30],[27,-103],[25,-19],[5,-66],[41,-9],[26,-6],[6,-40],[-9,-13],[-30,-41],[2,-31],[57,24],[23,10],[48,-34],[29,-64],[6,-14],[5,4],[38,28],[64,-62],[26,-17],[-15,-49],[-3,-12],[38,-46],[30,-2],[18,28],[28,44],[23,-42],[17,-34],[41,14],[49,24],[54,27],[19,-31],[-5,-31],[-35,-7],[-36,-8],[14,-77],[22,-13],[59,-34],[5,-56],[-23,-17],[-9,-6],[-25,-17],[80,-105],[24,24],[18,18],[38,-28],[2,-15],[12,-75],[69,41],[41,24],[22,-51],[7,-19],[25,-10],[34,-14],[-28,-101],[-39,-36],[-27,-26],[-19,-94],[-42,-26],[9,-38],[98,67],[28,20],[2,-40],[1,-29],[35,-28],[14,-11],[7,-48],[12,-88],[55,-17],[27,-8],[8,-9],[30,-32],[20,8],[87,34],[38,-28],[-7,-63],[0,-2],[27,-40],[42,-3],[20,28],[50,67],[43,-53],[9,-12],[23,17],[47,35],[4,-57],[8,-119],[113,-98]],[[60772,37367],[91,-291],[26,-21],[15,-11],[48,-39],[32,-53],[73,16],[58,14],[31,-191],[-32,-8],[-19,-10],[-64,-33],[-105,0],[74,-60],[2,-27],[53,-82],[77,-117],[27,-42],[5,-13],[20,-61],[29,-8],[92,-27],[38,-86],[119,-130],[14,-26],[29,-52],[34,5],[29,37],[11,13],[104,18],[56,-35],[116,-73],[112,-30],[69,-18],[40,-57],[2,-3],[1,0],[95,-42],[82,-157],[9,-17],[50,-58],[10,-1],[35,-4],[19,-57],[3,-10],[52,-65],[20,-9],[39,-17],[-17,-88],[-9,-53],[15,-24],[12,-19],[-8,-44],[-12,-68],[85,-118],[6,-4],[64,-44],[7,-40],[-39,-24],[-31,-19],[-6,-45],[-8,-57],[-39,-22],[-42,-24],[-10,-66]],[[62461,34670],[-86,-15],[-333,-150],[-144,-73],[-218,-141],[-327,-267],[-138,-125],[-270,-215],[-104,-47],[-39,-45],[-46,-53],[-134,-255],[-113,-208],[-2,-106],[-1,-42],[-35,-41],[-20,-24],[-6,-37],[-6,-34],[-24,-35],[-50,-74],[-60,-150],[-4,-95],[65,-132],[32,-23],[21,-15],[22,-87],[-4,-53],[-6,-85],[-3,-121],[12,-134],[13,-228],[21,-100],[24,-153],[2,-23],[28,-315],[-6,-265],[32,-298],[29,-354]],[[59596,30902],[19,94],[18,10],[15,9],[24,54],[-22,129],[-17,2],[-3,2],[-53,41],[4,28],[4,30],[-108,80],[-25,-5],[-60,-12],[-81,78],[-20,49],[18,38],[15,31],[9,19],[-98,109],[-14,-8],[-28,-15],[-88,32],[-63,96],[49,71],[44,63],[9,116],[-61,54],[-45,40],[26,67],[13,16],[14,18],[2,37],[4,85],[30,47],[4,5],[29,36],[-2,57],[-28,39],[-29,41],[32,56],[46,91],[24,0],[19,0],[70,83],[-24,162],[-11,35],[-6,24],[-7,25],[-34,103],[10,66],[9,64],[-24,-6],[-31,-7],[-37,46],[-127,57],[-110,145],[-51,69],[-93,28],[-91,-36],[27,-42],[17,-28],[29,-217],[-79,43],[-14,19],[-81,114],[-112,19],[-111,-6]],[[58341,33492],[10,54],[38,334],[-6,629],[-31,152],[-35,41],[-90,30],[-136,129],[-83,38],[-32,55],[-34,138],[-144,356],[-155,244],[-36,206]],[[57607,35898],[101,22],[68,74],[42,8],[5,-49],[14,-16],[26,-28],[51,2],[16,34],[8,9],[49,62],[137,80],[18,10],[11,13],[37,41],[16,23],[76,38],[68,33],[-7,98],[-6,98],[54,-44],[0,0],[31,-74],[112,76],[31,1],[28,74],[23,60],[60,-39],[108,-71],[67,34],[13,-53],[126,44],[10,14],[29,39],[92,-24],[17,37],[26,-15],[2,-54],[1,-9],[101,-81],[76,73],[31,29],[62,-11],[5,-93],[1,-19],[78,-118],[27,-79],[85,-125],[73,17],[2,5],[26,65],[7,-7],[22,-73],[9,-7],[133,-98],[71,60],[-22,66],[-5,13],[8,73],[-25,195],[20,168],[63,-34],[10,-6],[68,34],[55,-5],[-7,54],[-79,17],[-57,12],[-33,55],[-1,40],[46,142],[35,18],[25,13],[16,23],[9,95],[5,48],[2,29],[120,3],[4,-32],[1,-10],[5,-41],[68,-77],[104,127],[1,1],[55,67],[34,22],[31,20],[64,-1],[19,96],[9,43],[31,19],[35,75],[82,21]],[[58594,33583],[30,-23],[18,30],[-21,20],[-27,-27]],[[56547,30425],[61,253],[8,147],[-17,42],[-55,47],[-65,57],[-37,39],[-25,62],[-24,61],[-138,140],[-22,23],[-12,20],[-51,84],[-70,91],[-44,30],[-56,39],[-7,60],[67,233],[73,126],[124,117],[34,7],[51,11],[28,27],[39,39],[47,3],[22,1],[94,55],[85,49],[23,3],[46,5],[88,111],[9,18],[57,109],[72,69],[51,11],[43,-4],[32,-4],[72,22],[93,28],[251,-79],[64,-26],[111,-45],[36,28],[73,54],[36,-23],[26,-16],[95,72],[46,73],[32,51],[60,55],[88,80],[180,612]],[[15951,108456],[-1,139],[23,201],[18,17],[15,15],[4,18],[14,65],[95,121],[49,63],[-3,36],[-7,90],[17,49],[43,24],[8,4],[40,94],[-19,36],[-26,51],[28,65],[10,23],[-14,104],[-58,30],[-26,13],[-42,96],[12,104],[2,6],[31,76],[-30,50],[-13,21],[13,59],[18,84],[-42,115],[-23,5],[-33,6],[-93,115],[-16,141],[26,36],[68,28],[33,13],[46,65],[-1,89],[-2,157],[45,131],[185,76],[166,4],[87,3],[13,13],[33,34],[68,-60],[-19,-58],[-8,-25],[12,-50],[80,-82],[10,-11],[31,-81],[121,-65],[78,100],[12,106],[3,20],[49,84],[149,104],[35,0],[-16,-31],[-4,-185],[0,-15],[-64,-6],[-6,-24],[11,-18],[64,3],[2,0],[16,-111],[-14,-36],[-21,-55],[6,-119],[2,-48],[-15,-94],[-19,-120],[9,-68],[10,-15],[18,-24],[34,-142],[8,-94],[-22,-41],[-12,-21],[0,-45],[10,-37],[96,-56],[31,-19],[16,-9],[49,-20],[74,-132],[7,-36],[24,-125],[48,-102],[93,-145],[84,-84],[29,19],[26,17],[108,-86],[40,-32],[34,0],[128,0],[42,-47],[16,-17],[117,-16],[182,107],[13,14],[36,41],[31,-34],[44,-49],[87,-30],[68,15],[16,91],[4,21],[32,63],[18,34],[-3,60],[-5,6],[-38,40],[49,93],[-12,75],[14,33],[95,77],[92,-84],[78,-70],[50,-2],[39,50],[223,111],[10,13],[56,79],[121,14],[106,13],[95,93],[2,1],[137,76],[11,-8],[8,-16],[22,-45],[9,-19],[61,-51],[23,40],[20,34],[92,41],[30,10],[36,-10],[-11,-47],[-1,-7],[47,-89],[128,-118],[19,-5],[41,-11],[-3,-82],[-39,-59],[-16,-24],[-30,-107],[62,-64],[48,-50],[-8,-36],[-4,-15],[3,-9],[12,-39],[-13,-24],[-32,-56],[20,-87],[29,-32],[121,-41],[54,-18],[144,-106],[47,-185],[-32,-56],[-6,-9],[-2,-17],[-8,-44],[-9,-10],[-39,-42],[28,-34],[16,2],[25,-24],[15,-2],[27,-48],[19,-5],[4,-17],[22,-9],[26,29],[58,65],[104,14],[79,-22],[53,-14],[76,20],[59,45],[38,91],[0,1],[2,2],[150,185],[-80,163],[-10,72],[-35,33],[-13,76],[-99,88],[5,36],[-45,34],[-85,65],[-74,199],[26,177],[55,46],[64,53],[-2,120],[-1,48],[88,82],[14,-1],[15,7],[12,-12],[1,0],[40,-7],[17,8],[28,56],[-6,110],[16,76],[-33,57],[-23,-5],[-38,-9],[-24,78],[-17,58],[-73,41],[-57,-32],[-31,-17],[-21,4],[-30,6],[-16,-17],[-38,-41],[-102,-7],[-33,54],[-7,11],[-4,0],[-84,1],[-27,110],[-3,12],[-13,4],[-74,22],[-12,42],[16,66],[34,56],[28,48],[-13,87],[-2,3],[-33,47],[-9,46],[23,60],[-13,55],[15,68],[-31,90],[44,44],[8,8],[15,71],[-11,114],[-14,21],[-30,45],[12,55],[40,11],[50,14],[62,119],[75,82],[-10,32],[-16,52],[76,32],[24,9],[30,69],[-11,50],[-10,42],[27,162],[106,-32],[59,-18],[148,79],[225,119],[83,-43],[68,-34],[26,54],[28,57],[82,58],[41,-116],[3,-9],[7,-11],[72,-108],[-59,-113],[-40,-77],[28,-169],[45,-29],[44,27],[41,26],[109,-71],[59,-120],[-1,-25],[-1,-43],[17,-19],[88,-25],[59,28],[22,11],[13,-11],[75,-67],[52,50],[5,14],[20,55],[56,4],[120,-62],[94,-49],[94,45],[35,17],[95,-95],[7,-14],[11,-25],[32,-21],[24,-16],[9,-2],[5,-1],[29,-27]],[[22458,98064],[-30,-32],[-18,-103],[18,-42],[68,-22],[23,-7],[8,-30],[6,-25],[112,-119],[5,-5],[85,-44],[14,-78],[11,-61],[71,-90],[37,23],[17,10],[9,-19],[17,-35],[119,-11],[49,-60],[5,55],[5,54],[83,12],[9,-42],[2,-8],[25,-14],[19,34],[25,44],[72,30],[80,-11],[118,-134],[-39,-59],[-78,-17],[-75,-17],[-26,-80],[28,-94],[27,-87],[-15,-37],[-148,-28],[-14,-3],[-117,13],[-3,-14],[-28,-52],[23,-83],[0,-33],[1,-78],[-25,-220],[37,-29],[146,42],[79,74],[63,59],[96,-14],[76,-12],[-3,93],[-4,85],[-4,92],[48,-80],[203,-6],[39,-195],[-46,-52],[0,0],[0,-1],[14,-47],[-44,-23],[-44,-22],[-32,-124],[-24,-95],[-68,22],[-40,-21],[-83,-42],[-90,-3],[-10,-33],[-29,-64],[-10,-220],[73,-35],[129,2],[138,39],[82,43],[61,82],[39,53],[67,44],[38,0],[48,-54],[114,41],[65,-7],[-110,-78],[-97,-15],[-69,-102],[-86,-30],[-37,-12],[-26,-51],[-23,-45],[-19,2],[-71,8],[-25,-105],[-17,-68],[-35,-62],[-95,-18],[-44,-9],[-54,-90]],[[17384,100528],[44,136],[14,118],[9,83],[39,91],[79,104],[10,1],[15,2],[5,28]],[[60960,46708],[-158,-257],[-68,-110],[-24,-156],[2,-44],[5,-79],[-12,-65],[-17,-94],[21,-65],[22,-68],[13,-117],[33,-287],[25,-57],[14,-33],[57,-130],[-23,-81],[-48,-72],[-84,-193],[-164,-231],[-6,-5],[-186,-287],[-46,-70],[-118,-280],[-77,-120],[-59,-144],[-37,-145],[-26,-211],[15,-232],[40,-128],[73,-108],[58,-49],[78,-68],[-28,-368],[10,-134],[-21,-29],[-23,-31],[22,-73],[30,-2],[1,15],[2,47],[81,-116],[15,-21],[307,-249],[143,-54],[104,-40],[246,12],[78,4],[24,-5],[247,-47],[75,44],[54,32],[101,-28],[286,-334],[24,-100],[0,0],[10,-45],[62,-126],[170,-174],[83,-95],[35,-21],[128,-77],[63,-69],[0,-1],[1,0],[164,-105],[22,-38],[13,-20],[105,-68],[382,-116]],[[63279,40290],[-143,-211],[-105,-77],[-37,-27],[-11,-18],[-29,-45],[-34,-52],[-32,-24],[-21,-17],[-22,-94],[16,-87],[1,-2],[-3,-20],[-12,-94],[2,-12],[14,-93],[-31,-26],[-54,10],[-58,76],[-26,34],[-33,-2],[-38,48],[-77,15],[-21,-20],[7,-56],[37,-54],[37,-55],[-2,-100],[-85,-61],[-46,-33],[-75,-7],[-9,-55],[-31,-52],[-22,-38],[-16,-24],[-29,1],[-69,1],[-41,-34],[-29,-54],[0,-41],[0,-42],[-35,38],[-10,11],[-129,37],[-97,21],[-30,-25],[0,0],[-94,1],[-27,44],[-43,69],[-37,-13],[-17,-5],[-42,11],[-64,18],[-31,-17],[0,-27],[1,-30],[-20,-32],[-70,36],[-20,10],[-54,-18],[7,-46],[15,-108],[-3,-31],[-12,-125],[55,-33],[109,-64],[53,-65],[15,-66],[2,-8],[21,-16],[78,-61],[-27,-39],[-31,-47],[19,-79],[24,-103],[-50,-152],[-18,-54],[24,-98],[43,-80],[60,-109],[9,-93],[0,0],[0,0],[44,-105],[-20,-31],[-36,32],[-2,2],[-16,-13],[-67,-52],[-88,-7],[-56,29],[-85,43],[-67,-25],[-42,-16],[-20,23],[-2,24],[-4,36],[-94,49],[-58,-29],[-104,-53],[-53,10],[-76,13],[-78,-46],[-30,-17]],[[57607,35898],[-59,428],[-57,245],[-33,139],[-20,235],[-3,60],[-14,259],[-22,372],[-3,66],[-13,317],[-15,220],[-69,432],[-17,121],[-20,139],[-98,360],[-174,629],[-21,37],[-92,165],[-3,4],[-72,89],[-77,203],[-6,15],[-32,77],[-122,229],[-25,1],[-15,1],[-41,57],[-26,36],[-13,4],[-73,24],[-50,46],[-43,90],[-62,238],[-31,158],[-21,113],[-28,145],[-13,30],[-31,68],[-57,306],[-18,93],[-49,55],[-49,53],[-58,359],[9,27],[12,38],[-8,100],[-22,135],[-40,179],[-6,28],[-32,142],[-24,282],[-8,99],[-24,27],[-37,40],[3,66],[1,31],[-14,8],[-30,19],[12,64],[51,69],[7,3],[45,23],[15,112],[-17,74],[-32,42],[-1,2],[0,1],[2,85],[-24,107],[-72,153],[-73,159]],[[63279,40290],[86,-305],[16,-28],[67,-113],[106,-101],[149,-137],[152,-101],[108,-30],[110,-30],[-51,-116],[-70,-161],[-42,-237],[-45,-139],[-46,-140],[-24,-132],[2,-55],[5,-129],[-19,-117],[-19,-120],[10,-130],[101,-233],[24,-34],[87,-123],[39,-55],[-11,-123],[-70,-195],[-48,-134],[-17,-67],[-55,-210],[-27,-181],[-1,-43],[-3,-108],[25,-124],[43,-52],[55,-29],[34,-19],[-18,-51],[-11,-31],[12,-98],[98,-194],[179,-138],[69,-29],[47,-20],[53,6],[-14,-55],[-71,-11],[-11,-2],[-135,-214],[-47,-186],[6,-128],[21,-46],[28,-59],[-16,-53],[-42,-36],[-59,-49],[-93,-143],[-123,-190],[-80,-70],[-41,-112],[-21,17],[7,66],[3,31],[-13,37],[-124,72],[-177,32],[-54,-27],[-29,-46],[-26,-43],[-87,58],[-25,58],[-44,107],[-83,85],[-148,10],[-420,-117]],[[14761,102290],[334,-5],[10,-18],[-33,-128],[-4,0],[-29,4],[-24,-41],[25,-28],[7,-56],[-26,-84],[300,-43],[11,42],[95,20],[89,20],[-4,-24],[-3,-18],[32,-43],[134,-74],[30,11],[21,8],[71,-21],[-4,-43],[-1,-2],[5,-1],[23,-1],[5,-16],[5,-23],[45,-41],[42,4],[29,3],[1,-22],[2,-45],[32,-11],[-19,-30],[86,21],[45,12],[-12,-33],[-7,-19],[45,-59],[102,-31],[75,-59],[112,31],[7,30],[-12,28],[-9,20],[9,98],[22,46],[98,-19],[56,-11],[10,-32],[50,-13],[24,28],[114,8],[13,1],[54,44],[-5,17],[-8,26],[48,56],[13,12],[146,75],[94,49],[8,38],[5,27],[30,-2],[4,0],[103,18],[25,8],[34,16],[13,-1],[16,10],[-12,21],[-4,7],[-8,14],[12,28],[16,37],[8,18],[-1,8],[-14,97],[55,66],[13,16],[-2,26],[-5,58],[29,37]],[[13483,99974],[-4,52],[-33,62],[-75,145],[-18,87],[11,26],[11,28],[-34,10],[-10,3],[-48,-22],[0,113],[0,13],[-61,109],[-34,32],[-9,8],[-22,22],[-8,22],[11,33],[8,21],[-13,148],[-9,21],[-40,-3],[-52,-5],[-63,86],[-30,42],[-29,0],[-70,2],[-82,47],[-28,47],[-58,124],[2,63],[12,16],[23,34],[-45,91],[-6,12],[-28,143],[3,29]],[[43440,69944],[58,-51],[50,-146],[28,-85],[44,-49],[77,-85],[11,-65],[22,-43],[-32,-11],[-16,-5],[-36,-9],[16,-60],[30,-131],[-7,-95],[-2,-25],[37,-40],[15,-15],[66,-135],[0,-57],[2,-37],[5,-35],[16,-96],[21,-19],[44,-40],[32,-71],[-22,-107],[11,-141],[-30,-17],[-36,-82],[-28,27],[-31,31],[-43,-16],[-37,-42],[-17,-72],[-10,-10],[-31,-14],[36,-80],[15,-32],[-6,-76],[-16,-36],[-16,-36],[11,-71],[4,-25],[42,-53],[-12,-39],[-41,-29],[-9,-7],[-11,-29],[-16,-36],[28,-81],[-23,5],[15,-72],[-30,-75],[-20,-41],[-12,-28],[130,-71],[150,-20],[3,24],[50,-41],[44,22],[11,42],[17,60],[9,12],[24,31],[132,10],[97,49],[10,-11],[10,-12],[19,-33],[5,-13],[1,-21],[0,-45],[0,-50],[123,-122],[70,-49],[57,-40],[72,-5],[92,-201],[5,-13],[9,-23],[87,-95],[63,-162],[35,-37],[102,64],[52,33],[322,39]],[[45387,66577],[36,-28],[55,-94],[-5,-119],[29,-151],[-50,-40],[-24,-20],[-8,-94],[-53,-152],[-9,-103],[11,-62],[28,-26],[13,-12],[-3,-76],[-1,-19],[4,-15],[28,-88],[26,-296],[-7,-32],[-35,-14],[-23,-8],[-32,-39],[67,-143],[45,-210],[48,-113],[185,-62],[39,43],[24,27],[60,6],[13,15],[23,27],[18,21],[108,17],[50,-38],[57,-42],[35,-26],[128,-152]],[[46267,64459],[-25,-31],[2,-20],[4,-32],[-61,-138],[-120,-67],[-11,-71],[-35,8],[-30,50],[-2,3],[-100,-47],[-9,-4],[-7,-3],[-25,-10],[-31,-11],[-3,-50],[-1,-15],[-32,-42],[-5,-7],[-12,-16],[48,-128],[13,-4],[23,-7],[19,-37],[35,-230],[13,-84],[35,-47],[41,-5],[62,-7],[38,-54],[2,-38],[-35,-53],[-14,-99],[-88,5],[-7,48],[-13,80],[-22,25],[-48,-58],[-18,-51],[-2,-7],[-18,-50],[-140,-47],[-27,6],[-44,10],[-42,-84],[19,-36],[17,-33],[-1,-49],[-33,-101],[-56,-76],[-46,184],[-32,125],[-151,-7],[-97,-184],[-1,-113],[-1,-62],[-86,3],[-69,2],[-29,-96],[-32,-100],[-56,42],[-87,65],[-82,18],[-156,2],[-86,-74]],[[41181,71672],[-2,-92],[24,-28],[37,-47],[-12,-94],[-2,-17],[48,-247],[102,-205],[73,-82],[50,-56],[10,-19],[44,-90],[125,-112],[47,-12],[181,-100],[26,-3],[55,-4],[-2,-73],[-2,-115],[14,-36],[138,-15],[46,66],[21,31],[29,2],[37,-32],[10,-9],[22,0],[138,-1],[223,-60],[88,-62],[9,-6],[106,-26],[33,4],[11,9],[32,27],[86,8],[161,-18],[19,-2],[184,-118],[50,-94]],[[45759,71058],[-66,3],[-21,-45],[-92,58],[0,0],[0,0],[-96,0],[-41,50],[-48,60],[-121,16],[-34,-82],[-19,-45],[-145,31],[-232,51],[-36,18],[-47,-45],[-65,-62],[-27,10],[-3,1],[-49,17],[-27,-17],[-11,-45],[14,-93],[19,-135],[-68,33],[-123,60],[-27,-9],[-16,-51],[0,-1],[-32,-18],[-45,19],[-75,32],[-23,-10],[-28,-13],[-28,-71],[1,-42],[5,-88],[-127,-20],[-35,26],[-109,78],[-33,-41],[-133,-10],[-30,-177],[-2,-11],[-9,-13],[-66,-102],[-2,-54],[-1,-22],[-26,-39],[-99,-144],[-41,-172]],[[44356,74734],[25,-17],[16,-151],[16,-100],[50,-302],[42,-240],[91,-330],[33,-90],[40,-112],[79,-219],[96,-290],[61,-180],[48,-97],[149,-299],[54,-139],[76,-194],[220,-426],[128,-233],[179,-257]],[[45759,71058],[32,-37],[57,-90],[154,-242],[139,-180],[119,-96],[154,-220]],[[46414,70193],[-53,-77],[-2,-97],[-46,-23],[-52,-99],[-45,40],[2,31],[4,47],[-92,-14],[-47,31],[-31,68],[-55,-86],[-85,96],[-32,-48],[23,-48],[-55,-73],[-24,-32],[20,-1],[-29,-87],[2,-18],[13,-95],[-97,-77],[-58,-47],[-32,-158],[-47,-73],[26,-30],[13,-15],[11,-53],[-59,-112],[2,-34],[1,-24],[-133,-25],[-88,-18],[-40,-59],[15,-64],[40,-20],[53,-121],[35,-37],[74,-78],[-32,-52],[-30,-46],[-97,-53],[83,1],[62,-28],[28,-13],[4,-113],[-12,-14],[-33,-43],[13,-131],[31,-51],[17,-28],[11,-14],[88,-112],[-57,4],[-42,-35],[-28,-86],[-26,-19],[-78,-57],[-2,-50],[35,-55],[31,-48],[-23,-7],[-7,-2],[-29,-33],[12,-56],[72,-68],[43,-40],[52,-79],[23,-31],[-20,-21],[-35,-38],[-10,-10],[-10,-7],[-44,-118],[8,-46],[19,-112],[8,-43],[-3,-126],[-48,-77],[-44,-4],[-58,-5],[-34,-79],[3,-41]],[[46414,70193],[408,-402],[219,-191],[123,-82],[92,-61],[19,-39],[21,-42],[2,-2],[64,-55],[20,-121],[6,-35],[27,-34],[16,-20],[23,-29],[8,-49],[8,-49],[85,-130],[183,-191],[26,-28],[158,-184],[-2,-43],[-1,-34],[9,-58],[51,-83],[138,-101],[14,-10],[51,-38],[16,-16],[92,-97],[276,-199],[234,-125],[7,-4],[305,-170],[109,-33],[24,-155],[2,-207],[18,-102],[-8,-97],[-10,-108],[57,-106],[138,-146],[171,-108]],[[49613,66409],[-44,-75],[-65,-197],[35,-19],[39,-20],[49,-69],[-105,-145],[-69,-42],[-8,-5],[-11,-16],[-25,-33],[-11,-4],[-74,-28],[-51,-55],[-59,-101],[-12,-20],[-66,-114],[-8,-41],[-43,-39],[-10,-9],[-114,-184],[-37,-78],[-2,-83],[-1,-63],[-6,-66],[-7,-48],[-151,-176],[-62,-36],[-11,-6],[-55,-32],[-22,-24],[-5,-22],[-2,-11],[-4,-26],[-7,-31],[-45,-102],[-29,-75],[-9,-104],[-29,-41],[-47,-64],[-54,-133],[-20,-48],[-14,-29],[-26,-11],[-94,-39],[-72,-130],[-50,-27],[11,-58],[3,-17],[-18,-47],[-129,-114],[-44,-38],[-101,-140]],[[47822,63274],[-102,24],[-77,19],[22,89],[4,5],[35,45],[-68,182],[-24,237],[-15,97],[-9,57],[-26,61],[-48,16],[-24,8],[-14,39],[-23,63],[-151,158],[-34,14],[-20,-9],[-71,-34],[-10,85],[-6,58],[-85,-50],[3,-30],[3,-37],[-33,-74],[-93,15],[-5,71],[-1,11],[-29,52],[-57,101],[-8,35],[-13,55],[-4,18],[-33,-11],[-22,-7],[-48,-16],[-10,16],[-29,42],[-50,37],[-24,42],[-24,41],[-30,-12],[-50,-91],[-9,-17],[-9,-15],[-29,-27],[-68,-62],[-49,-69],[-75,-42],[-13,-5]],[[47822,63274],[-55,-140],[118,-87],[48,-35],[94,-81],[19,-128],[-8,-143],[-59,-67],[-53,-60],[-2,-34],[-4,-46],[-48,-70],[-22,32],[-35,50],[-95,-24],[-41,-53],[-46,-60],[-78,40],[-39,20],[-27,-39],[7,-84],[5,-46],[-23,-56],[-26,-66],[17,-59],[61,33],[66,36],[77,-73],[47,-22],[65,-30],[6,-44],[14,-112],[58,1],[36,1],[71,-75],[13,-117],[-33,-20],[-86,-52],[5,-114],[3,-68],[-84,-98],[-54,-64],[-2,-53],[-6,-116],[-35,32],[-38,34],[-7,-101],[-23,-73],[-14,-42],[3,-52],[-28,-9],[-67,38],[-43,24],[-66,-72],[-68,-74],[-37,-20],[-61,-34],[-19,-266],[-42,-134],[7,-48],[-13,-101],[22,-75]],[[47197,60078],[-143,54],[-108,55],[-53,0],[-37,0],[-46,43],[-27,24],[-66,61],[-67,31],[-11,5],[-40,19],[19,23],[21,25],[-72,96],[-66,-8],[-42,-5],[-62,-7],[-37,66],[-36,63],[-140,-3],[-76,25],[-105,-20],[-30,-5],[-14,7],[-37,20],[-35,-63],[-3,-44],[-7,-97],[-29,12],[-51,20],[-77,117],[-89,134],[-35,-19],[-10,-58],[-6,-40],[-32,-31],[2,-60],[-52,-31],[-65,-125],[-35,-39],[-26,-29],[14,-28],[6,-12],[-13,-23],[-21,-37],[-12,-77],[87,-166],[31,-34],[23,-25],[32,-74],[-11,-92],[-7,-54],[10,-24],[49,-121],[-23,-15],[-84,40],[-39,47],[-33,39],[-29,-10],[-65,-22],[-50,10],[-6,1],[-5,-2],[-99,-46],[-17,36],[-29,66],[-28,26],[-9,9],[0,6],[1,60],[-36,54],[-44,55],[-30,6],[-29,5],[-33,62],[23,49],[20,43],[-4,107],[-150,101],[-28,19]],[[51001,60514],[-74,-64],[-8,-1],[-61,-11],[-5,-41],[-6,-58],[-111,-36],[-22,-7],[-41,-42],[-2,-2],[-41,-43],[-136,-36],[-188,-49],[-65,-45],[-22,-44],[-27,-55],[-50,-61],[-37,-11],[-106,7],[-100,73],[-77,56],[-43,69],[-101,59],[-46,-17],[-58,-69],[-10,-110],[-15,-34],[-27,-60],[1,-65],[-85,-84],[-221,-80],[-49,53],[-41,45],[-81,6],[-138,-53],[-12,-25],[5,-15],[15,-45],[-25,-47],[-43,35],[-6,5],[-54,-29],[-109,-161],[-70,-101],[-25,-2],[-11,0],[-13,-16],[-21,-25],[-98,70],[-3,78],[-1,11],[-70,99],[-52,26],[-52,-71],[-35,-48],[-58,15],[-71,17],[-157,-9]],[[47942,59466],[-34,53],[-67,38],[-34,113],[-30,74],[8,14],[13,26],[-20,40],[-35,12],[-23,7],[-21,7],[-21,23],[-31,32],[-72,11],[-82,14],[-30,32],[-5,5],[-37,29],[-42,62],[-62,-31],[-8,-4],[-112,55]],[[49613,66409],[97,-52],[200,-179],[437,-261],[365,-121],[226,-44],[44,-139],[138,-103],[184,-206],[42,-78],[146,-141],[153,-61],[150,-60]],[[7719,101955],[-17,-45],[6,-33],[8,-114],[18,-36],[17,-36],[3,-51],[-40,-89],[-72,-163],[13,-28],[104,-45],[61,-25],[67,-27],[-14,-57],[-3,-15],[-8,-53],[64,-63],[56,-49],[22,-19],[50,-50],[94,-92],[10,-63],[55,-56],[22,-17],[99,-78],[99,-55],[40,-22],[41,-33],[-22,6],[-3,-4],[-3,-5],[8,-10],[18,-7],[30,-11],[45,-56],[-17,-90],[-48,-36],[-5,-4],[-29,-63],[29,-194]],[[8517,100067],[-42,-26],[-17,32],[-17,30],[-34,-88],[9,-25],[8,-24],[-10,-36],[-11,-40],[9,-99],[15,-84],[47,-34],[23,-18],[1,-96],[-18,-61],[-7,-23],[3,-45],[7,-100],[-26,3],[-32,50],[-20,32],[-113,71],[-57,3],[-134,8],[18,-75],[15,-64],[-40,-46],[-13,-15],[-20,-135],[0,-52],[70,43],[75,46],[29,-24],[39,-32],[23,-79],[-2,-67],[8,-66],[-13,-254],[-10,-19],[-10,-17],[-35,-3],[-4,0],[4,-6],[12,-19],[9,-15],[22,-156],[-15,-60],[18,-6],[24,-8],[-9,-27],[-2,-5],[99,-170],[167,-125],[17,9],[29,13],[22,-49],[4,-48],[6,-73],[19,-32],[32,-24],[155,31],[84,17],[47,-35],[5,-4],[2,0],[102,-7],[19,-37],[63,-30],[40,17],[26,-67],[6,-15],[40,-8]],[[9278,97699],[-73,-83],[24,-166],[-41,-46],[-6,-106],[-44,-59]],[[9138,97239],[-168,56],[-29,34],[-19,-97],[-14,-71],[-96,-180],[-168,105],[-21,93],[1,10],[7,51],[7,50],[-126,45],[-46,-48],[-24,-24],[-36,23],[-15,10],[-127,-8],[-29,-39],[-2,-2],[-34,-30],[-48,-42],[-27,-3],[-74,-8],[-132,-110],[41,-59],[7,-11],[35,-116],[-37,-47],[-72,12],[-38,-71],[-35,96],[-37,99],[-62,-1],[5,-125],[-23,-230],[40,17],[3,1],[37,-30],[105,-41],[30,-59],[2,-21],[5,-50],[45,8],[10,64],[14,85],[99,-153],[-26,-65],[6,-61],[-130,-46],[-61,-22],[-22,-64],[-9,-51],[-3,-81],[51,-16],[47,-16],[-2,-65],[-13,-49],[-17,-62],[-44,-51],[-107,-122],[-14,-162],[-8,-91],[-46,-37],[-11,-9],[-39,1],[34,-171],[25,-38],[38,7],[14,-1],[112,-7],[20,-86],[13,-54],[-37,-85],[-27,-12],[-60,24],[-66,26],[-51,-13],[-1,-111],[87,-40],[41,34],[17,14],[46,-24],[8,-50],[2,-8],[17,-25],[27,-38],[9,-39],[26,-123],[70,-88]],[[8008,94445],[-123,-128],[-58,-22],[-15,-5],[-7,-13],[-46,-81],[-24,12],[-38,9],[-26,24],[-41,38],[-21,61],[-60,-73],[-16,-19],[-6,-29],[-19,61],[-14,43],[-45,-2],[-16,-1],[-100,66],[-30,37],[-73,90],[-29,4],[-2,-49],[-2,-52],[-90,5],[-46,2],[-50,-26],[-78,-175],[-10,-22],[7,-67],[-105,1],[-148,-32],[-40,19],[-59,29],[-32,-31],[-33,-9],[-85,-24],[-60,53],[-54,48],[-21,-19],[-27,-25],[-35,25],[8,77],[4,49],[-44,98],[-47,-19],[3,-23],[5,-40],[-33,3],[-16,37],[-1,1],[0,-1],[-36,-39],[-27,38],[0,1],[-2,87],[-20,0],[8,-43],[-30,-42],[10,-13],[21,-26],[-2,-38],[-75,39],[-54,28],[-28,-79],[15,-33],[9,-19],[-13,-16],[4,-98],[9,-20],[-32,-16],[-83,20],[-4,18],[-12,55],[-64,-57],[-24,-13],[21,-32],[13,-18],[-9,-50],[-3,-19],[-62,-36],[-20,-2],[-83,-5],[-37,-92],[-16,-42],[-31,3],[-53,6],[-28,-72],[-9,-23],[-17,2],[-11,1],[1,-9],[1,-40],[-31,-1],[-161,-112],[-76,22],[-12,33],[-44,7],[-16,63],[-5,22],[62,33],[-9,29],[-94,-15],[-13,-67],[-13,-69],[-45,10],[-99,24],[-73,-58],[-37,21],[-166,-30],[-12,-51],[-6,-23],[-120,-3],[26,115],[1,1],[-28,199],[-144,-25],[-56,-10],[-57,10],[-54,10],[-64,-26],[-248,-99],[-61,3],[-21,-9],[-40,-13],[-49,-21],[-39,-14],[-49,-20],[-62,-22],[-117,4],[-70,3],[-27,-79],[-31,-93],[-62,-63],[-44,4],[-21,1],[-29,-58],[-33,-66],[-27,-9],[-110,-36],[-56,-53],[-47,11],[-6,2],[-43,9],[-32,-44]],[[2667,93103],[-135,49],[-79,113],[-54,219],[14,60],[5,21],[-25,142],[-55,99],[-30,28],[-39,35],[49,115],[27,63],[69,163],[-39,16],[-35,15],[-19,68],[-17,65],[-28,31],[-64,15],[-129,32],[-169,122],[-65,46],[-37,-85],[-14,-32],[-66,-69],[-63,27],[-10,4],[-16,0],[-88,-1],[-25,19],[-10,7],[-33,-1],[-45,-1],[-49,55],[-12,14],[-8,3],[-78,27],[-66,74],[-142,97],[-22,55],[-25,66],[-59,3],[-15,1],[-17,26],[-69,99],[-80,23],[-45,12],[-8,14],[4,65],[-7,100],[20,53],[9,27],[38,24],[-7,18],[-11,18],[-33,8],[-19,5],[24,41],[33,57],[34,119],[-5,93],[-99,167],[-3,2],[-53,36],[6,45],[24,10],[48,18],[-20,107],[-16,43],[-33,63],[-90,39],[-107,3],[-1,0],[-207,-9],[-14,72],[-36,53],[18,67],[11,41],[-23,32],[-34,51],[17,51],[2,3],[-8,128],[-27,16],[-69,38],[-4,91],[-109,181],[16,73],[25,58],[70,-2],[22,0],[137,96],[26,72],[28,79],[70,-2],[118,54],[88,-60],[19,-4],[69,-14],[77,101],[94,123],[175,-66],[102,-48],[123,-115],[66,-13],[5,-30],[7,-39],[31,-9],[65,41],[66,42],[73,8],[44,4],[32,44],[-46,51],[-2,6],[-33,95],[51,114],[79,-14],[21,-3],[52,20],[74,29],[42,-3],[60,-3],[-12,35],[-8,22],[27,21],[32,24],[0,48],[0,40],[29,26],[57,51],[-20,33],[-18,30],[22,42],[84,18],[79,18],[13,18],[50,72],[62,-28],[34,-16],[27,25],[23,-17],[71,68],[20,19],[60,8],[53,-80],[55,-81],[65,42],[6,34],[13,78],[138,126],[30,86],[23,-4],[46,-10],[12,-2],[33,31],[47,95],[-36,119],[-10,33],[18,37],[25,55],[-32,56],[-55,95],[-29,155],[-19,30],[-23,37],[-2,91],[25,1],[49,2],[24,1],[52,40],[-9,54],[-5,32],[14,80],[83,63],[87,67],[-14,54],[-9,38],[32,127],[25,22],[59,49],[6,72],[41,69],[-19,40],[-106,60],[-90,102],[-168,83],[-58,28],[3,46],[2,29],[-47,84],[-42,75],[5,62],[28,50]],[[5946,94350],[25,-5],[-3,45],[-33,2],[11,-42]],[[5101,93659],[28,-64],[28,47],[-32,50],[-2,4],[-25,-29],[3,-8]],[[47942,59466],[-66,-81],[-53,29],[-46,25],[-28,-58],[-29,5],[-25,4],[-52,-41],[-3,-62],[-55,-63],[-42,-145],[89,-3],[88,-2],[34,-61],[26,-175],[64,-130],[1,-70],[-100,-16],[-1,0],[-24,-15],[-122,-71],[-78,-102],[-13,-118],[-2,-21],[-13,-19],[-68,-104],[16,-35],[8,-18],[-16,-26],[-18,-30],[13,-68],[-11,-133],[25,-28],[17,13],[18,13],[37,-16],[5,-76],[43,-41],[12,-79],[3,-20],[45,-79],[12,-4],[48,-18],[-22,-64],[-1,-2],[1,-7],[8,-72],[36,11],[8,-58],[-49,-95],[28,-53],[-93,-13],[-73,-11],[-32,-53],[-3,-29],[-9,-80],[-36,-32],[-22,56],[-102,46],[-84,71],[-36,31],[-25,56],[-127,-37],[-37,-53],[24,-71],[60,-75],[106,-33],[32,-10],[47,-112],[-5,-21],[-10,-45],[188,-87],[4,0],[54,7],[3,-48],[12,-77],[-12,-42],[-26,-90],[36,-71],[22,-43],[-42,-36],[-122,-104],[229,-116],[3,2],[29,22],[0,-38],[0,-16],[15,8],[38,22],[24,-10],[1,-1],[30,-13],[24,29],[5,5],[-2,46],[33,-19],[36,-12],[13,-4],[15,12],[54,44],[36,15],[58,-62],[-10,-68],[-10,-69],[43,-38],[17,-15],[-2,-34],[-3,-49],[43,-84]],[[48101,55738],[9,-94],[-4,-80],[-69,-74],[-124,29],[-68,16],[-38,-28],[-16,-41],[-19,-50],[-52,7],[-15,2],[-84,11],[-116,13],[-30,-16],[-36,-20],[-98,49],[24,50],[2,5],[26,56],[-35,47],[-159,1],[-166,0],[-125,0],[-66,-14],[-99,27],[-63,17],[-37,-139],[-4,-14],[-6,-21],[6,-18],[17,-55],[1,-6],[-5,-101],[-13,-24],[-39,-71],[-38,4],[-61,6],[-12,1],[-17,2],[-25,-40],[23,-46],[6,-12],[-23,-17],[-49,-42],[-40,53],[-27,35],[-46,34],[-11,-32],[-9,-23],[-63,-17],[-35,-17],[-64,29],[-40,17],[-152,1],[3,-41],[-7,-10],[-25,-33],[-4,28],[-5,45],[-92,-61],[-40,-27],[-42,11],[-39,50],[54,67],[5,1],[34,12],[-13,91],[-24,121],[-34,-4],[-36,5],[-72,-2],[-28,0],[-35,-72],[-41,-84],[-34,-30],[-173,-8],[-103,-5],[-27,-16],[3,-27],[1,-12],[-60,-44],[-17,-3],[-24,-6],[-32,26],[-29,-71],[13,-41],[28,-90],[17,-54],[-2,-59],[-2,-31],[10,-35],[36,-125],[-17,-22]],[[45064,54582],[-110,328],[-40,88],[-121,262],[-166,252],[-1,2],[-228,346],[-23,97],[-99,407],[-92,255],[-32,63],[-52,99],[-124,235],[-81,169],[-160,280],[-18,23],[-140,171],[-156,191]],[[51862,58435],[-67,-158],[-100,-83],[-53,16],[-82,24],[-57,-41],[-51,-37],[-43,85],[-50,98],[-19,-34],[-16,-18],[-12,-14],[-16,-28],[-31,-34],[-28,35],[-74,22],[-77,-14],[-26,29],[-50,56],[-140,2],[-27,-100],[30,-131],[-15,-85],[20,-73],[57,-94],[23,-37],[27,-116],[-46,-96],[-93,-79],[-23,-33],[-54,-76],[-42,-44],[4,-99],[-29,-94],[-2,-89],[55,26],[68,0],[69,0],[35,-14],[-7,-48],[-1,-12],[9,-14],[27,-42],[-8,-22],[-11,-32],[26,-18],[11,-9],[48,-114],[-117,-120],[-39,-10],[-6,-2],[-11,-20],[-54,-101],[-70,-26],[-69,-25],[-12,-28],[-22,-51],[-27,18],[-42,28],[-52,-17],[-51,-97],[-94,-57],[-179,-91],[-50,-73],[-40,-60],[-33,12],[-25,9],[-53,-61],[-59,-67],[-114,42],[-20,14],[-3,80],[-5,104],[-56,15],[-16,-22],[5,-29],[6,-29],[-24,-35],[-55,30],[-50,28],[7,-148],[0,-1],[-34,-168],[-9,-12],[31,-86],[-83,-42],[-61,1],[-85,78],[3,52],[0,6],[-5,4],[-41,33],[0,48],[1,109],[-124,194],[-20,-24],[-19,-26],[-8,-11],[-31,0],[-126,-3],[-51,23],[-52,-83],[-15,-9],[-97,-57],[-132,75],[-8,5],[-39,24],[-18,-6],[-18,-5],[-11,15],[-38,56],[-2,-85],[-22,-6],[-32,-153],[-110,-141],[15,-113]],[[48350,55699],[-37,56],[-132,30],[-40,7],[-40,-54]],[[49157,55512],[-67,-160],[-17,9],[-67,57],[1,94],[1,82],[8,23],[27,80],[-20,56],[-16,47],[20,22],[54,61],[10,27],[12,35],[121,-271],[-67,-162]],[[10482,103797],[38,-49],[-5,-22],[-12,-46],[11,-46],[96,-121],[-3,-54],[32,-2],[14,-2],[14,-44],[-7,-41],[-4,-18],[11,-19],[34,-63],[7,2],[-18,-56],[-15,-47],[31,-33],[33,-35],[-38,-61],[-71,11],[-22,36],[-31,50],[-113,-44],[0,0],[0,0],[-48,28],[-36,-25],[-18,-12],[-38,13],[-22,7],[-59,-66],[70,-143],[28,-25],[30,-28],[30,-83],[28,-79],[44,-56],[41,-52],[-21,-26],[-28,-34],[57,-76],[12,-4],[86,-26],[97,-145],[29,-281],[-6,-67],[-6,-77],[15,-53],[34,-122],[4,-175],[-13,-27],[31,-102],[1,-146],[2,-9],[-1,-21],[-2,-26],[-2,-35],[-3,-99],[-2,-71],[30,-52],[31,-55],[0,-86],[-24,-10],[-6,-2],[-5,-1],[-22,-2],[3,-134],[2,-5],[31,-86],[-20,-53],[6,-237],[-13,-112],[-7,-37],[-13,-80],[50,20],[7,36],[13,57],[103,47],[27,-13],[38,-122],[14,-47],[20,-21],[29,-33],[21,-69],[11,-36],[34,25],[0,0],[41,30],[34,-43],[83,9],[-2,-31],[-2,-15],[25,-21],[38,-32],[10,-105],[-19,-59],[0,-1],[0,0],[27,-66],[-87,-30],[-12,-5],[-6,-7],[-33,-40],[-34,-3],[-24,-1],[-21,-105],[44,-65],[56,-10],[5,-1],[37,-40],[40,-42],[27,18],[56,37],[37,-52]],[[11687,97694],[-73,67],[-88,-23],[-23,-6],[-63,23],[-11,55],[-13,68],[-31,18],[-2,70],[-13,28],[-45,-9],[-5,-1],[-30,40],[-9,14],[-40,9],[-42,9],[-41,-25],[-35,22],[-67,-65],[-24,-23],[-42,22],[-19,10],[-8,-2],[-64,-20],[-36,49],[-14,18],[-97,16],[-42,-28],[-14,-9],[-9,1],[-57,1],[-93,-52],[1,-34],[0,-20],[-52,-63],[-43,-106],[-33,2],[-13,-31],[-45,-9],[-54,35],[-60,38],[-38,-17],[-54,-24],[-50,46],[-7,2],[-115,31],[-97,-48],[-36,-36],[-42,-43],[-123,-38],[-21,49],[-11,15],[-48,63],[-42,5],[-37,-32],[-30,-74],[-13,-31],[-74,-43],[8,69],[5,47],[-23,-16],[-16,-10],[-28,0],[-68,1]],[[8517,100067],[90,-61],[39,5],[29,4],[27,-19],[14,-15],[72,-81],[313,-105],[40,83],[118,244],[87,34],[1,0],[37,15],[1,54],[-11,14],[-16,19],[-12,3],[21,120],[111,147],[67,-8],[49,-5],[101,90],[-1,3],[-12,63],[-10,59],[13,71],[33,5],[25,4],[50,70],[50,53],[-2,28],[-2,18],[37,27],[75,55],[10,53],[21,103],[61,0],[13,0],[37,7],[37,1],[-58,52],[-19,18],[-7,72],[32,43],[44,45],[11,11],[14,76],[10,45],[-57,51],[-67,60],[-34,118],[5,81],[-70,97],[-10,120],[-18,30],[84,74],[39,-37],[11,-10],[34,30],[73,65],[13,8],[28,-23],[29,-23],[31,40],[6,108],[-29,20],[-66,45],[20,23],[64,2],[32,0],[66,47],[-27,34],[-38,-14],[-44,77],[-44,5],[-13,2],[-10,23],[-40,93],[-72,34],[-57,116],[-136,132],[-63,69],[-41,48],[-47,10],[-122,169],[-43,-14],[-2,0],[-16,-1],[-69,125],[-1,61],[-2,100],[-34,-4],[-29,-3],[-28,6],[-168,25],[-1,0],[-79,37],[-104,-83],[-17,-26],[-58,-87],[-44,-3],[-33,-2],[-16,-80],[-22,-107],[-73,48],[-6,72],[-3,43],[-25,58],[-30,-17],[-20,-11],[-94,-21],[-38,9],[-49,10],[-40,-59],[-73,-108],[-37,-21],[-68,24],[-30,-5],[-153,-24],[-30,5],[-85,54]],[[7526,105255],[54,44],[25,59]],[[7605,105358],[169,-11],[115,-51],[78,-64],[9,-14],[35,-61],[111,-65],[113,74],[98,65],[28,35],[84,109],[86,14],[92,63],[126,-11],[86,-87],[42,-42],[63,9],[23,19],[68,60],[121,13],[97,10],[68,22],[29,27],[26,25],[89,85],[62,13],[102,-55],[-19,-65],[-6,-21],[50,-106],[60,-35],[36,-21],[9,-15],[53,-81],[41,-4],[24,-7],[112,-30],[54,-99],[14,-26],[45,-20],[56,-26],[37,-34],[-29,-50],[-11,-20],[-6,-87],[47,-23],[80,-39],[11,-54],[4,-9],[12,-31],[19,-3],[30,-4],[42,-82],[-5,-36],[-41,-26],[-28,-17],[1,-62],[20,-14],[20,-15],[-35,-172],[-7,-38],[-30,-170],[17,-19],[-18,-71],[13,-40],[4,-12],[-7,-54],[-6,-49],[95,38],[4,9],[15,29],[21,0],[59,-32]],[[10064,102322],[-109,-65],[-11,135],[116,17],[48,-26],[-44,-61]],[[48554,54064],[-198,-3],[-51,-123],[94,-102],[55,-60],[-6,-136],[-41,-26],[-43,-28],[6,-80],[4,-55],[-76,28],[-59,22],[-18,-24],[-9,-23],[-30,-84],[-94,-11],[-62,-8],[-65,-45],[-5,-33],[16,-28],[1,-3],[23,-194],[-20,-28],[-26,-36],[86,-59],[49,8],[46,9],[41,37],[25,-29],[12,-65],[5,-24],[30,11],[37,13],[27,-85],[26,-28],[10,-49],[7,-36],[12,-5],[35,-12],[-6,-47],[-5,-37],[41,-39],[35,-34],[-2,-37],[-59,-48],[-20,-33],[3,-34],[-37,-88],[-62,-15],[-38,-9],[16,-69],[30,-50],[57,-95],[-3,-57],[50,-52],[-15,-66],[-60,-59],[-67,50],[-18,-42],[-50,-23],[-48,22],[-119,-23],[-44,90],[4,66],[2,31],[-14,53],[-45,25],[-109,-14],[-26,-76],[-6,-21],[-24,-13],[-49,-27],[-18,-66],[28,-65]],[[47720,51768],[-122,-23],[-70,-52],[-109,-27],[-66,-97],[-8,-13],[-64,-38],[-22,-6],[-258,-140],[-39,-86],[-34,-14],[-5,58],[-81,-66],[-11,94],[21,61],[1,2],[-1,2],[-16,34],[43,171],[29,49],[36,62],[-3,34],[-4,50],[24,7],[19,6],[10,22],[21,46],[42,-27],[53,-34],[121,56],[22,31],[32,11],[20,6],[38,53],[14,86],[-7,17],[-12,29],[52,38],[106,75],[21,51],[44,110],[149,100],[13,-3],[1,0],[35,-6],[34,49],[6,97],[-62,221],[-13,27],[-61,138],[-68,86],[-74,7],[-6,-3],[-52,-26],[-72,7],[-106,71],[-239,327],[-31,12],[-83,118],[-26,62],[-14,35],[-72,75],[-177,164],[-23,21],[-115,38],[-22,8],[-58,-67],[-13,-15],[-21,-62],[-84,17],[-13,2],[-61,-29],[-98,-173],[-4,-66],[-4,-49],[-118,-78],[-78,64],[-14,64],[-18,27],[-57,88],[-75,13],[-160,29],[-9,27],[-14,38],[-59,39],[-109,-8],[-73,-50],[-14,-78],[17,-61],[38,-138],[-13,-115],[-104,20],[-59,-4],[-52,21],[-35,78],[17,92],[7,38],[17,344],[-4,67],[-37,264],[-53,212]],[[48350,55699],[13,-52],[39,-135],[5,-20],[-15,-136],[-13,-126],[23,-24],[-9,-79],[38,-104],[0,-25],[0,-62],[16,-4],[48,-15],[89,-27],[32,-30],[35,-143],[227,24],[20,2],[8,1],[7,3],[8,-26],[17,-57],[6,-21],[-29,-2],[-60,-6],[-17,-1],[-115,77],[-117,-15],[-107,4],[-1,30],[-5,2],[-15,6],[-114,-53],[8,-65],[-48,-106],[-50,-42],[66,-67],[20,-17],[76,-59],[61,-169],[1,-3],[30,-51],[26,-42]],[[46266,51150],[70,-30],[68,7],[10,8],[40,33],[28,-31],[-64,-139],[-28,9],[-43,13],[-72,-45],[-34,-21],[-12,-8],[-11,0],[-39,-3],[-100,-6],[-4,59],[-4,45],[21,40],[-3,19],[-8,57],[37,3],[23,2],[81,6],[44,-18]],[[45885,53552],[-18,-44],[-27,36],[24,41],[21,-33]],[[45055,53215],[-98,-199],[-35,15],[-58,26],[64,167],[13,34],[8,-3],[102,-39],[4,-1]],[[44839,53066],[13,-86],[-25,4],[-19,23],[12,41],[19,18]],[[44678,52885],[-22,-22],[-24,26],[30,26],[16,-30]],[[44105,53162],[16,-14],[8,6],[24,16],[18,-31],[12,-20],[62,-28],[68,-23],[34,8],[48,11],[56,-47],[77,-10],[62,-46],[66,-260],[-9,-33],[-54,-41],[-3,-2],[0,-5],[0,-44],[-33,14],[-56,22],[-88,-58],[-15,-10],[-17,2],[-131,15],[-9,-16],[-24,-44],[-21,45],[-1,2],[-47,3],[-13,-4],[-38,-11],[-66,64],[-62,61],[50,67],[-1,64],[-24,79],[-10,33],[21,34],[51,82],[8,53],[-4,8],[-25,49],[50,28],[20,-19]],[[11967,104361],[-182,85],[-10,65],[-12,88],[-17,35],[-38,-38],[-37,-39],[-9,-36],[-15,-56],[-45,8],[-27,6],[-72,-27],[-69,-26],[-69,-16],[12,83],[8,61],[-48,34],[-79,55],[-14,55],[-14,53],[-72,57],[-21,42],[-17,-71],[-30,-133],[-79,-119],[-71,-65],[-17,-15],[-2,-19],[-7,-52],[-68,20],[-12,120],[-2,26],[-49,82],[-16,-62],[-9,-36],[-7,-21],[-7,-31],[-62,-6],[-32,-4],[-9,-131],[11,-41],[24,-92],[-35,-60],[-4,-7],[-1,-56],[-2,-162],[-34,-5],[-16,-50],[-65,-37],[-37,-26]],[[7605,105358],[-50,110],[11,86],[22,28],[23,29],[-9,48],[-3,13],[9,19],[23,57],[-8,31],[-12,44],[45,28],[48,31],[60,118],[33,64],[264,-5],[37,-1],[19,4],[96,24],[22,-9],[13,-6],[39,-17],[36,75],[39,81],[36,3],[31,3],[-2,38],[-2,41],[12,23],[17,32],[-8,25],[-12,42],[50,49],[78,74],[-38,137],[-36,133],[40,109],[1,2],[0,2],[36,191],[99,7],[22,2],[326,100],[34,71],[11,73],[7,47],[64,50],[14,2],[82,11],[47,52],[21,54],[-9,41],[-16,66],[6,63],[48,97],[2,2],[23,19],[13,11],[-6,56],[-7,16],[-36,50],[-23,30],[-8,65],[-6,39],[-24,51],[-22,47],[-11,55],[-18,88],[-37,16],[-46,19],[-70,87],[-4,21],[-18,84],[-52,9],[-9,27],[-52,17],[-39,13],[-22,52],[36,66],[71,69],[89,85],[16,33],[38,75],[113,92],[33,-14],[93,-40],[209,58],[16,0],[13,12],[27,26],[34,32],[20,77],[8,28],[13,15],[29,33],[8,44],[11,61],[56,49],[44,6],[41,6],[22,37],[10,16],[18,2],[30,4],[21,67],[-11,38],[-11,39],[12,27],[51,28],[19,-6],[52,-14],[176,139],[37,81],[-22,35],[9,59],[-17,47],[-63,33],[-89,48],[54,57],[59,122],[23,-11],[18,-9],[64,19],[94,99],[141,149],[130,19],[335,117],[55,-22],[81,-110],[14,-77],[-21,-53],[-1,-2],[-10,-26],[-4,-123],[15,-33],[6,-12],[28,-59],[-7,-47],[-5,-39],[20,-58],[8,-24],[-11,-25],[-28,-67],[19,-126],[18,-121],[-27,-63],[-11,-25],[7,-57],[4,-34],[-6,-131],[-15,-24],[-48,-78],[-14,-5],[-43,-16],[-11,-92],[-8,-63],[-38,-29],[-40,-30],[99,-200],[65,-130],[-29,-49],[-39,-63],[6,-57],[35,-15],[65,-27],[20,-2],[9,-26],[3,-54],[1,-3],[8,-25],[0,-19],[52,-9],[73,-13],[117,-71],[1,-1],[25,-15],[17,-3],[97,-21],[23,-69],[50,-147],[55,-46],[7,-6],[4,-15],[13,-47],[17,-10],[34,-19],[36,-63],[20,-84],[11,-47],[72,-43],[82,-49],[-19,-56],[-20,-58],[47,-55],[45,-54],[5,-28],[10,-56],[26,-29],[131,11],[67,6],[-1,-8],[13,-18],[58,-85],[113,-23],[46,-75],[75,-10],[97,-44]],[[52993,53936],[-34,-17],[-36,20],[-72,41],[-98,-11],[-66,-194],[-15,-119],[-9,-77],[-78,-60],[-12,-9],[-10,-13],[-7,-10],[-5,-3],[-63,-31],[-73,-135],[-9,-195],[15,-72],[6,-25],[2,-153],[-10,-76],[40,-45],[-131,-2],[-70,-1],[-65,-20],[-23,-29],[-21,-27],[-166,-32],[-92,127],[-11,57],[-10,46],[-4,6],[-24,28],[-24,151],[-13,75],[-45,60],[-108,31],[-333,95],[-24,6],[-111,46],[-66,27],[-47,-36],[-60,-48],[-13,27],[-10,21],[-45,15],[-35,12],[-11,30],[-15,42],[-46,-12],[-41,-11],[-61,26],[-131,14],[-136,126],[-4,23],[-10,53],[-131,-40],[-2,-1],[-154,-91],[-2,5],[-114,21],[-41,8],[-17,-22],[-24,-32],[-65,-3],[-23,25],[-77,82],[-95,-55],[-8,-4],[-37,12],[-29,9],[-17,53],[-50,-40],[-41,25],[-77,-13],[-45,-7],[-91,189],[19,21],[45,50],[-30,80],[-16,59],[-41,-26],[-14,-9],[-105,-2],[-67,12],[-57,11],[-71,-111],[2,-21],[5,-62],[-17,3],[-108,46],[-8,29],[-18,61],[-74,16],[-141,89],[-63,19]],[[6614,86519],[9,229],[-46,54],[-58,70],[-49,108],[-7,14],[-6,6],[-85,90],[-45,138],[25,46],[33,60],[11,49],[-31,41],[-10,15],[-3,41],[19,27],[2,4],[36,52],[24,92],[-72,35],[-184,7],[-64,-57],[-18,-75],[-3,-10],[-20,-48],[-41,-95],[-198,10],[-55,17],[-66,21],[-23,-27],[-45,-50],[-76,2],[-59,1],[-23,-34],[-38,-57],[-48,22],[-66,30],[-225,-146],[-40,-26],[-92,17],[-88,16],[-24,-90],[1,-18],[1,-60],[-111,64],[-94,55],[-46,-9],[-51,-33],[-54,-35],[-61,-4],[-52,165],[-36,115],[-144,-12],[-9,0],[-1,1],[-54,43],[-14,-28],[-107,4],[-13,-9],[-40,-30],[-34,34],[-25,25],[-20,3],[-37,5],[-85,113],[-28,87],[-15,48],[-35,20],[-17,-22],[-28,-34],[-45,-5],[-43,51],[-6,7],[-40,47],[-8,22],[-18,50],[-20,4],[-31,7],[-13,57],[-14,60],[-65,0],[-9,0],[-3,3],[-84,78],[-92,-42],[-31,-14],[-48,45],[-125,115],[-64,19],[-66,20],[-20,42],[-16,34],[-53,34],[-50,3],[-30,-33],[-12,-13],[-22,6],[-28,7],[-51,-24],[-49,-24],[-35,45],[-17,23],[-36,8],[-28,7],[-68,40],[-64,152],[-6,89],[-11,195],[-84,69],[-5,-1],[-54,-16],[-6,69],[-1,22],[-34,10],[-43,12],[8,75],[8,71],[-26,38],[-13,18],[-2,17],[-3,19],[-19,17],[-133,118],[-35,153],[-9,41],[-92,61],[-110,33],[6,53],[21,36],[28,52],[-4,102],[-7,143],[8,39],[4,23],[-4,29],[-15,117],[143,68],[5,-1],[64,-21],[40,48],[74,-20],[-69,129],[-73,58],[-66,53],[-15,55],[-35,120],[-91,44],[-2,1],[-72,85],[-4,35],[-5,37],[-25,27],[-34,36],[-31,80],[-44,256],[14,42],[52,37],[27,19],[30,86],[25,71],[85,8],[61,6],[82,75],[-3,17],[-9,50],[77,35],[35,16],[4,124],[4,94],[28,80],[67,62],[4,95],[47,24],[37,-10],[27,-7],[-2,59],[-34,22],[-11,20],[-40,79],[-33,175],[59,81],[1,50],[1,44],[29,61],[31,-1],[18,-1],[43,53],[53,64],[51,8],[54,-24],[151,36],[137,-82],[50,-30],[105,6],[-69,328]],[[8008,94445],[12,5],[7,2],[9,3],[25,4],[16,0],[-2,13],[-1,10],[8,25],[32,2],[24,40],[87,-100],[10,-56],[9,-53],[16,-88],[17,-18],[45,-68],[66,-36],[31,6],[54,10],[44,-14],[78,-113],[24,-35],[10,-14],[8,14],[20,35],[37,65],[44,-21],[48,-22],[48,21],[37,74],[3,7],[64,55],[26,-44],[44,-73],[59,29],[15,7],[66,-38],[-6,-95],[-1,-10],[-5,-71],[27,-45],[28,-49],[-65,-24],[-18,-55],[-57,-47],[-33,13],[-27,11],[-2,-40],[-2,-53],[-4,-8],[-36,-64],[92,-84],[30,17],[16,9],[75,-47],[31,-84],[-2,-19],[-3,-36],[94,-198],[30,9],[14,45],[22,29],[13,18],[-6,45],[-6,52],[37,-3],[16,-1],[32,36],[10,58],[16,96],[152,-4],[5,-35],[-9,-16],[-14,-22],[47,-139],[39,-17],[27,2],[39,-46],[58,-1],[74,56],[40,31],[5,-103],[0,-6],[2,-3],[59,-99],[-50,-149],[-149,-122],[-59,-49],[-12,-65],[0,-34],[5,-27],[11,-55],[-48,-104],[-35,-33],[-30,-27],[-20,-98],[-43,-42],[-15,-31],[17,-41],[2,-5],[-3,-14],[-9,-45],[13,-28],[86,-2],[34,-1],[44,-114],[41,-35],[-4,-49],[-2,-15],[41,-72],[39,-71],[12,-102],[-26,15],[-31,-55],[-24,-42],[28,-42],[18,-28],[-4,-16],[-8,-39],[24,-9],[24,-8],[43,-190]],[[54880,45937],[-110,150],[19,66],[9,33],[-6,33],[-29,27],[-27,-19],[-2,-2],[-2,-3],[-20,-20],[-11,0],[-9,8],[-50,17],[-186,65],[-259,-42],[-110,-52],[-79,-83],[-51,-104],[-53,-107],[-53,0],[-34,-21],[-54,-34],[-98,-146],[-86,-150],[-5,-13],[-30,-82],[-38,-40],[-36,42],[-11,12],[-56,-3],[-44,-2],[-23,11],[-62,32],[-38,-18],[-22,-10],[-101,26],[-35,45],[-55,27],[-85,145],[-49,83],[-52,16],[-89,-33],[-6,-9],[-26,-40],[-123,10],[2,70],[34,-6],[27,-5],[35,58],[-18,178],[-37,131],[-78,152],[-35,24],[-97,67],[-150,229],[-14,21],[-4,6],[-30,45],[-41,36],[-55,4],[-3,0],[-73,4],[-62,104],[-149,251],[-60,82],[-123,90],[-131,-36],[-58,-7],[-74,-51],[-36,-25],[-154,53],[-94,78],[-38,133],[-3,6],[-81,152],[-95,118],[-61,14],[-59,13],[-27,28],[-78,84],[-69,9],[-14,-14],[-30,-29],[-47,25],[-110,125],[-22,83],[75,83],[51,55],[53,27],[50,80],[21,256],[-14,106],[-5,10],[-25,52],[33,165],[52,30],[46,15],[45,14],[33,58],[17,30],[41,24],[77,46],[20,61],[10,170],[-30,187],[-72,244],[-216,516],[-39,93],[-57,164],[-34,101],[-128,392],[-143,331],[-266,464],[-215,299],[-167,159],[-101,58],[-74,0],[-30,-45],[-49,-20],[-98,-47],[-52,-92],[-22,-49],[-27,-62],[-57,-111],[-78,-16],[-125,68],[-157,86],[-52,-9],[-53,-69],[-36,-46],[-15,-19],[-27,-10],[-37,-15],[-124,-139],[-1,-4],[-13,-40],[-55,0],[-68,-1],[-92,-3],[-41,-28],[-38,-27],[-44,57],[-50,65],[-135,69],[-123,-67]],[[9138,97239],[-4,-74],[-17,-34],[-27,-57],[-51,-2],[-18,-73],[8,-53],[44,-46],[14,-14],[-9,-66],[-1,-12],[-1,-99],[72,-30],[0,0],[0,0],[21,-132],[36,-23],[18,4],[44,9],[-10,-76],[-8,-54],[71,-133],[26,19],[36,28],[37,30],[79,64],[33,-69],[3,-5],[91,-84],[47,-98],[-3,-56],[86,157],[14,132],[-9,14],[-14,22],[9,82],[65,121],[108,-4],[35,-2],[103,22],[36,36],[60,60],[32,32],[27,-32],[28,-33],[-18,-51],[-22,-61],[98,-78],[14,-81],[60,-102],[77,0],[10,0],[55,-56],[12,-22],[5,-161],[-26,-27],[-3,-4],[-18,-91],[4,-21],[8,-18],[49,-75],[31,-8],[72,-20],[48,-143],[-28,-60],[-20,-45],[15,-53],[11,-39],[-14,-12],[-21,-19],[17,-53],[14,-44],[-16,-85],[-8,-50],[-32,10],[-44,15],[-42,-139],[21,-60],[62,-177],[34,-30],[35,-92],[5,-7],[4,-6],[33,-8],[-14,-41],[-27,-18],[-16,-11],[-17,-35],[-11,-161],[26,-41],[49,15],[45,-35],[70,4],[40,27],[54,36],[0,-47],[29,-67],[-25,-61],[-25,-59],[18,-23],[-3,-52],[100,-69],[77,-24],[43,-64],[14,13],[13,13],[28,5],[25,3],[42,4],[59,-65],[10,-11],[-15,-43],[77,-84],[44,0],[37,0],[-37,-19],[-35,-19],[-36,-31],[-20,-34],[-26,-46],[-2,-42],[14,14],[57,56],[11,-32],[-90,-139],[-10,-15],[-4,-30],[5,0],[25,-4],[-7,-68],[-85,49],[-61,35],[-19,-14],[-12,-9],[-31,-51],[-2,-9],[-15,-79],[-31,17],[-38,-37],[-47,-21],[-64,-29],[25,-71],[14,-41],[-9,-76],[42,-22],[-106,-30],[-43,-13],[15,-70],[9,-39],[46,-11],[-18,-36],[-148,-54],[-60,43],[-72,51],[-54,0],[-85,-26],[-11,-35],[42,-107],[11,-30],[-14,-51],[-12,-44],[9,-54],[9,-49],[9,-17],[-11,-190],[-74,-121],[-43,-30],[-7,-6],[-41,7],[-72,-161],[4,-69],[24,-41],[91,-60],[23,11],[53,28],[23,-19],[3,-43],[77,-54],[26,-58],[-46,-36],[-65,12],[-148,-129],[-54,-9],[-64,28],[-49,23],[-83,-73],[-1,-27],[-32,-81],[3,-32],[6,-77],[-115,-156]],[[65279,53064],[-21,-48],[1,-104],[55,-30],[40,-23],[14,-18],[27,-39],[20,2],[31,4],[37,-31],[33,-141],[24,-102],[47,-73],[41,-29],[15,-10],[75,29],[-6,-56],[-43,-14],[9,-72],[53,-415],[61,-82],[56,-22],[71,-29],[89,-91],[9,-87],[-14,-59],[-43,-39],[-44,-40],[-5,-73],[-10,-51],[-5,-18],[-12,-66],[-8,-25],[-14,-138],[94,-296],[10,-30],[44,-93],[31,-65],[21,-91],[29,-125],[79,-24],[76,-24],[41,-74],[1,-16],[11,-114],[134,-168],[19,-22],[-1,34],[-1,34],[17,11],[36,-43],[37,-44],[29,47],[17,28],[34,-26],[32,-25],[60,90],[-24,46],[-13,25],[5,43],[81,0],[70,45],[71,-41],[7,-4],[13,5],[24,10],[56,-30],[6,-25],[11,-48],[69,-8],[129,-107],[28,3],[36,4],[8,-85],[3,-30],[58,-172],[35,-12],[107,-34],[33,-80],[35,-41],[0,-17],[1,-26],[159,33],[102,22],[4,-31],[0,-7],[38,-48],[19,3],[67,8],[35,-100]],[[67773,48489],[-132,1],[-77,34],[-39,17],[-275,40],[-242,-24],[-168,-17],[-596,-57],[-33,14],[-15,49],[-4,14],[-64,78],[-97,29],[-49,15],[-63,22],[-51,83],[-15,24],[-96,39],[-73,0],[-101,-1],[-107,63],[-8,11],[-65,98],[-155,74],[-51,63],[-73,1],[-22,0],[-81,46],[-38,51],[-51,66],[-71,17],[-2,1],[-6,5],[-175,153],[-142,71],[-46,56],[-76,21],[-50,14],[43,97],[99,29],[46,14],[66,92],[32,176],[-15,79],[-39,71],[-111,134],[-60,-13],[-2,-4],[-16,-26],[-35,30],[0,0],[-10,1],[-114,8],[-14,65],[-10,48],[-53,52],[-32,32],[-29,-1],[2,13],[6,37],[-49,-37],[-41,-29],[-3,44],[-6,63],[-119,97],[-225,23],[-175,-41],[-233,-100],[-182,-123],[-276,-254],[-232,-273],[-50,-65],[-32,-55],[-35,-59],[-39,-61],[-27,-51],[-49,-88],[-15,-29],[-11,-34]],[[64096,50098],[32,-67],[-59,-31],[-64,38],[-36,20],[22,29],[38,-23],[15,7],[52,27]],[[65494,54511],[147,-209],[234,-196],[103,-98],[29,-99],[254,-181],[294,-172],[389,-163],[303,-127],[238,-147],[33,-43],[7,-10],[18,-11],[54,-31],[16,-25],[53,-79],[130,-105],[102,-45],[83,-37],[11,-39],[11,-36],[244,-178],[321,-85],[207,-26],[13,8],[47,29],[48,-73],[11,-66],[84,-107],[-24,-47],[-24,-43],[2,-53],[58,23],[5,2],[33,-8],[87,-22],[34,16],[48,24],[46,-28],[68,-41],[-11,-93],[23,-100],[101,-160],[57,-91],[-13,-129],[-3,-34],[-40,-94],[47,-136],[105,-113],[71,-77],[29,-18],[11,-63],[11,-56],[106,-110]],[[69352,51962],[-7,-18],[-25,38],[24,28],[8,-21],[6,-14],[-6,-13]],[[69235,52125],[-12,-38],[-27,18],[21,43],[18,-23]],[[69034,52212],[-6,-69],[-24,32],[14,38],[16,-1]]],"transform":{"scale":[0.00016431348565620758,0.0000990245077150597],"translate":[6.627491707650364,35.49394673619746]},"objects":{"NUTS_RG_01M_2024_4326":{"type":"GeometryCollection","geometries":[{"arcs":[[0,1,2,3,4,5]],"type":"Polygon","properties":{"harmonised_code":"ITH54","LEVL_CODE":3,"CNTR_CODE":"IT","NAME_LATN":"Modena","harmonised_name":"Modena","MOUNT_TYPE":null,"URBN_TYPE":2,"COAST_TYPE":null},"id":"ITH54"},{"arcs":[[6,7,8,9,10,-2]],"type":"Polygon","properties":{"harmonised_code":"ITH55","LEVL_CODE":3,"CNTR_CODE":"IT","NAME_LATN":"Bologna","harmonised_name":"Bologna","MOUNT_TYPE":null,"URBN_TYPE":2,"COAST_TYPE":null},"id":"ITH55"},{"arcs":[[[11,12,13,14,15,16]],[[17,18]]],"type":"MultiPolygon","properties":{"harmonised_code":"ITI22","LEVL_CODE":3,"CNTR_CODE":"IT","NAME_LATN":"Terni","harmonised_name":"Terni","MOUNT_TYPE":1,"URBN_TYPE":2,"COAST_TYPE":null},"id":"ITI22"},{"arcs":[[[19,20,21]],[[22]],[[23]],[[24]],[[25]],[[26]],[[27]],[[28]],[[29]],[[30]],[[31]],[[32]],[[33]],[[34]],[[35]],[[36]],[[37]],[[38]],[[39]],[[40]],[[41]]],"type":"MultiPolygon","properties":{"harmonised_code":"ITG2D","LEVL_CODE":3,"CNTR_CODE":"IT","NAME_LATN":"Sassari","harmonised_name":"Sassari","MOUNT_TYPE":1,"URBN_TYPE":2,"COAST_TYPE":1},"id":"ITG2D"},{"arcs":[[42,43,44,-20]],"type":"Polygon","properties":{"harmonised_code":"ITG2E","LEVL_CODE":3,"CNTR_CODE":"IT","NAME_LATN":"Nuoro","harmonised_name":"Nuoro","MOUNT_TYPE":1,"URBN_TYPE":3,"COAST_TYPE":1},"id":"ITG2E"},{"arcs":[[[45,46,47,48]],[[49]],[[50]],[[51]],[[52]]],"type":"MultiPolygon","properties":{"harmonised_code":"ITI44","LEVL_CODE":3,"CNTR_CODE":"IT","NAME_LATN":"Latina","harmonised_name":"Latina","MOUNT_TYPE":null,"URBN_TYPE":2,"COAST_TYPE":1},"id":"ITI44"},{"arcs":[[53,54,-46,55,56]],"type":"Polygon","properties":{"harmonised_code":"ITI45","LEVL_CODE":3,"CNTR_CODE":"IT","NAME_LATN":"Frosinone","harmonised_name":"Frosinone","MOUNT_TYPE":1,"URBN_TYPE":3,"COAST_TYPE":1},"id":"ITI45"},{"arcs":[[[57,58,59,60,61,62,63],[64]],[[65]],[[66]]],"type":"MultiPolygon","properties":{"harmonised_code":"ITI31","LEVL_CODE":3,"CNTR_CODE":"IT","NAME_LATN":"Pesaro e Urbino","harmonised_name":"Pesaro e Urbino","MOUNT_TYPE":1,"URBN_TYPE":2,"COAST_TYPE":1},"id":"ITI31"},{"arcs":[[67,68,69,-58],[-66],[-67]],"type":"Polygon","properties":{"harmonised_code":"ITI32","LEVL_CODE":3,"CNTR_CODE":"IT","NAME_LATN":"Ancona","harmonised_name":"Ancona","MOUNT_TYPE":null,"URBN_TYPE":2,"COAST_TYPE":1},"id":"ITI32"},{"arcs":[[70,71]],"type":"Polygon","properties":{"harmonised_code":"ITG2F","LEVL_CODE":3,"CNTR_CODE":"IT","NAME_LATN":"Cagliari","harmonised_name":"Cagliari","MOUNT_TYPE":1,"URBN_TYPE":1,"COAST_TYPE":1},"id":"ITG2F"},{"arcs":[[[-45,72,73,-21]],[[74]]],"type":"MultiPolygon","properties":{"harmonised_code":"ITG2G","LEVL_CODE":3,"CNTR_CODE":"IT","NAME_LATN":"Oristano","harmonised_name":"Oristano","MOUNT_TYPE":null,"URBN_TYPE":3,"COAST_TYPE":1},"id":"ITG2G"},{"arcs":[[75,76,77,78,-69]],"type":"Polygon","properties":{"harmonised_code":"ITI33","LEVL_CODE":3,"CNTR_CODE":"IT","NAME_LATN":"Macerata","harmonised_name":"Macerata","MOUNT_TYPE":1,"URBN_TYPE":2,"COAST_TYPE":1},"id":"ITI33"},{"arcs":[[79,80,81,82,-78,83]],"type":"Polygon","properties":{"harmonised_code":"ITI34","LEVL_CODE":3,"CNTR_CODE":"IT","NAME_LATN":"Ascoli Piceno","harmonised_name":"Ascoli Piceno","MOUNT_TYPE":1,"URBN_TYPE":2,"COAST_TYPE":1},"id":"ITI34"},{"arcs":[[84,-84,-77]],"type":"Polygon","properties":{"harmonised_code":"ITI35","LEVL_CODE":3,"CNTR_CODE":"IT","NAME_LATN":"Fermo","harmonised_name":"Fermo","MOUNT_TYPE":null,"URBN_TYPE":2,"COAST_TYPE":1},"id":"ITI35"},{"arcs":[[[85,-72,86,-73,-44]],[[87]],[[88]],[[89]]],"type":"MultiPolygon","properties":{"harmonised_code":"ITG2H","LEVL_CODE":3,"CNTR_CODE":"IT","NAME_LATN":"Sud Sardegna","harmonised_name":"Sud Sardegna","MOUNT_TYPE":1,"URBN_TYPE":3,"COAST_TYPE":1},"id":"ITG2H"},{"arcs":[[[-15,90,91,92,93,94]],[[-13,95]]],"type":"MultiPolygon","properties":{"harmonised_code":"ITI41","LEVL_CODE":3,"CNTR_CODE":"IT","NAME_LATN":"Viterbo","harmonised_name":"Viterbo","MOUNT_TYPE":1,"URBN_TYPE":3,"COAST_TYPE":1},"id":"ITI41"},{"arcs":[[96,97,98,99,100]],"type":"Polygon","properties":{"harmonised_code":"ITH10","LEVL_CODE":3,"CNTR_CODE":"IT","NAME_LATN":"Bolzano-Bozen","harmonised_name":"Bolzano-Bozen","MOUNT_TYPE":1,"URBN_TYPE":2,"COAST_TYPE":null},"id":"ITH10"},{"arcs":[[101,102,103,-91,-14,-96,-12,104,-82]],"type":"Polygon","properties":{"harmonised_code":"ITI42","LEVL_CODE":3,"CNTR_CODE":"IT","NAME_LATN":"Rieti","harmonised_name":"Rieti","MOUNT_TYPE":1,"URBN_TYPE":3,"COAST_TYPE":null},"id":"ITI42"},{"arcs":[[105,106,107,108,109,-99]],"type":"Polygon","properties":{"harmonised_code":"ITH20","LEVL_CODE":3,"CNTR_CODE":"IT","NAME_LATN":"Trento","harmonised_name":"Trento","MOUNT_TYPE":1,"URBN_TYPE":2,"COAST_TYPE":null},"id":"ITH20"},{"arcs":[[110,-56,-49,111,-92,-104],[112]],"type":"Polygon","properties":{"harmonised_code":"ITI43","LEVL_CODE":3,"CNTR_CODE":"IT","NAME_LATN":"Roma","harmonised_name":"Roma","MOUNT_TYPE":null,"URBN_TYPE":1,"COAST_TYPE":1},"id":"ITI43"},{"arcs":[[113,114,115,116,117,-108]],"type":"Polygon","properties":{"harmonised_code":"ITH31","LEVL_CODE":3,"CNTR_CODE":"IT","NAME_LATN":"Verona","harmonised_name":"Verona","MOUNT_TYPE":null,"URBN_TYPE":2,"COAST_TYPE":null},"id":"ITH31"},{"arcs":[[118,119,120,-114,-107]],"type":"Polygon","properties":{"harmonised_code":"ITH32","LEVL_CODE":3,"CNTR_CODE":"IT","NAME_LATN":"Vicenza","harmonised_name":"Vicenza","MOUNT_TYPE":1,"URBN_TYPE":2,"COAST_TYPE":null},"id":"ITH32"},{"arcs":[[121,122,123]],"type":"Polygon","properties":{"harmonised_code":"ITF65","LEVL_CODE":3,"CNTR_CODE":"IT","NAME_LATN":"Reggio Calabria","harmonised_name":"Reggio Calabria","MOUNT_TYPE":1,"URBN_TYPE":2,"COAST_TYPE":1},"id":"ITF65"},{"arcs":[[[124,125,126]],[[127]],[[128]],[[129]],[[130]],[[131]],[[132]],[[133]]],"type":"MultiPolygon","properties":{"harmonised_code":"ITG11","LEVL_CODE":3,"CNTR_CODE":"IT","NAME_LATN":"Trapani","harmonised_name":"Trapani","MOUNT_TYPE":null,"URBN_TYPE":2,"COAST_TYPE":1},"id":"ITG11"},{"arcs":[[134,135,136,137,-119,-106,-98]],"type":"Polygon","properties":{"harmonised_code":"ITH33","LEVL_CODE":3,"CNTR_CODE":"IT","NAME_LATN":"Belluno","harmonised_name":"Belluno","MOUNT_TYPE":1,"URBN_TYPE":3,"COAST_TYPE":null},"id":"ITH33"},{"arcs":[[[138,139,-7,-1,140,141]],[[142]]],"type":"MultiPolygon","properties":{"harmonised_code":"ITH56","LEVL_CODE":3,"CNTR_CODE":"IT","NAME_LATN":"Ferrara","harmonised_name":"Ferrara","MOUNT_TYPE":null,"URBN_TYPE":2,"COAST_TYPE":1},"id":"ITH56"},{"arcs":[[143,144,-8,-140,145]],"type":"Polygon","properties":{"harmonised_code":"ITH57","LEVL_CODE":3,"CNTR_CODE":"IT","NAME_LATN":"Ravenna","harmonised_name":"Ravenna","MOUNT_TYPE":null,"URBN_TYPE":2,"COAST_TYPE":1},"id":"ITH57"},{"arcs":[[[146,147,148,149,-125,150],[151]],[[152]],[[153]]],"type":"MultiPolygon","properties":{"harmonised_code":"ITG12","LEVL_CODE":3,"CNTR_CODE":"IT","NAME_LATN":"Palermo","harmonised_name":"Palermo","MOUNT_TYPE":1,"URBN_TYPE":1,"COAST_TYPE":1},"id":"ITG12"},{"arcs":[[154,155,156,-120,-138]],"type":"Polygon","properties":{"harmonised_code":"ITH34","LEVL_CODE":3,"CNTR_CODE":"IT","NAME_LATN":"Treviso","harmonised_name":"Treviso","MOUNT_TYPE":null,"URBN_TYPE":2,"COAST_TYPE":1},"id":"ITH34"},{"arcs":[[157,158,159,160,-144]],"type":"Polygon","properties":{"harmonised_code":"ITH58","LEVL_CODE":3,"CNTR_CODE":"IT","NAME_LATN":"Forlì-Cesena","harmonised_name":"Forlì-Cesena","MOUNT_TYPE":1,"URBN_TYPE":2,"COAST_TYPE":1},"id":"ITH58"},{"arcs":[[-63,161,-61,162,-159,163],[164]],"type":"Polygon","properties":{"harmonised_code":"ITH59","LEVL_CODE":3,"CNTR_CODE":"IT","NAME_LATN":"Rimini","harmonised_name":"Rimini","MOUNT_TYPE":1,"URBN_TYPE":1,"COAST_TYPE":1},"id":"ITH59"},{"arcs":[[[165,166,-147,167]],[[168]],[[169]],[[170]],[[171]],[[172]],[[173]],[[174]],[[175]]],"type":"MultiPolygon","properties":{"harmonised_code":"ITG13","LEVL_CODE":3,"CNTR_CODE":"IT","NAME_LATN":"Messina","harmonised_name":"Messina","MOUNT_TYPE":1,"URBN_TYPE":2,"COAST_TYPE":1},"id":"ITG13"},{"arcs":[[176,177,178,179,180]],"type":"Polygon","properties":{"harmonised_code":"ITI11","LEVL_CODE":3,"CNTR_CODE":"IT","NAME_LATN":"Massa-Carrara","harmonised_name":"Massa-Carrara","MOUNT_TYPE":1,"URBN_TYPE":2,"COAST_TYPE":1},"id":"ITI11"},{"arcs":[[-4,181,182,183,184,-178,185]],"type":"Polygon","properties":{"harmonised_code":"ITI12","LEVL_CODE":3,"CNTR_CODE":"IT","NAME_LATN":"Lucca","harmonised_name":"Lucca","MOUNT_TYPE":1,"URBN_TYPE":2,"COAST_TYPE":1},"id":"ITI12"},{"arcs":[[-11,186,187,-182,-3]],"type":"Polygon","properties":{"harmonised_code":"ITI13","LEVL_CODE":3,"CNTR_CODE":"IT","NAME_LATN":"Pistoia","harmonised_name":"Pistoia","MOUNT_TYPE":1,"URBN_TYPE":1,"COAST_TYPE":null},"id":"ITI13"},{"arcs":[[[188,189,-126,-150],[-154]],[[190]],[[191]]],"type":"MultiPolygon","properties":{"harmonised_code":"ITG14","LEVL_CODE":3,"CNTR_CODE":"IT","NAME_LATN":"Agrigento","harmonised_name":"Agrigento","MOUNT_TYPE":1,"URBN_TYPE":1,"COAST_TYPE":1},"id":"ITG14"},{"arcs":[[[192,193,194,-156,195]],[[196]],[[197]],[[198]],[[199]],[[200]],[[201]],[[202]],[[203]],[[204]],[[205]],[[206]],[[207]],[[208]],[[209]],[[210]],[[211]],[[212,213,214],[215]],[[216]],[[217]],[[218]],[[219]]],"type":"MultiPolygon","properties":{"harmonised_code":"ITH35","LEVL_CODE":3,"CNTR_CODE":"IT","NAME_LATN":"Venezia","harmonised_name":"Venezia","MOUNT_TYPE":null,"URBN_TYPE":1,"COAST_TYPE":1},"id":"ITH35"},{"arcs":[[[-195,220,-214,221,-115,-121,-157]],[[-216]]],"type":"MultiPolygon","properties":{"harmonised_code":"ITH36","LEVL_CODE":3,"CNTR_CODE":"IT","NAME_LATN":"Padova","harmonised_name":"Padova","MOUNT_TYPE":null,"URBN_TYPE":2,"COAST_TYPE":1},"id":"ITH36"},{"arcs":[[-145,-161,222,223,224,-183,-188,225,-9]],"type":"Polygon","properties":{"harmonised_code":"ITI14","LEVL_CODE":3,"CNTR_CODE":"IT","NAME_LATN":"Firenze","harmonised_name":"Firenze","MOUNT_TYPE":1,"URBN_TYPE":1,"COAST_TYPE":null},"id":"ITI14"},{"arcs":[[-226,-187,-10]],"type":"Polygon","properties":{"harmonised_code":"ITI15","LEVL_CODE":3,"CNTR_CODE":"IT","NAME_LATN":"Prato","harmonised_name":"Prato","MOUNT_TYPE":1,"URBN_TYPE":1,"COAST_TYPE":null},"id":"ITI15"},{"arcs":[[[226,227,228,229,-189,-149],[230]],[[-152]]],"type":"MultiPolygon","properties":{"harmonised_code":"ITG15","LEVL_CODE":3,"CNTR_CODE":"IT","NAME_LATN":"Caltanissetta","harmonised_name":"Caltanissetta","MOUNT_TYPE":1,"URBN_TYPE":1,"COAST_TYPE":1},"id":"ITG15"},{"arcs":[[[231,-142,232,-116,-222,-213]],[[233]],[[234]],[[235]],[[236]],[[237]],[[238]],[[239]],[[240]],[[241]],[[242]]],"type":"MultiPolygon","properties":{"harmonised_code":"ITH37","LEVL_CODE":3,"CNTR_CODE":"IT","NAME_LATN":"Rovigo","harmonised_name":"Rovigo","MOUNT_TYPE":null,"URBN_TYPE":3,"COAST_TYPE":1},"id":"ITH37"},{"arcs":[[[243,244,245]],[[246]],[[247]],[[248]],[[249]],[[250]],[[251]]],"type":"MultiPolygon","properties":{"harmonised_code":"ITI16","LEVL_CODE":3,"CNTR_CODE":"IT","NAME_LATN":"Livorno","harmonised_name":"Livorno","MOUNT_TYPE":null,"URBN_TYPE":2,"COAST_TYPE":1},"id":"ITI16"},{"arcs":[[[252,-227,-148,-167],[253]],[[-231]]],"type":"MultiPolygon","properties":{"harmonised_code":"ITG16","LEVL_CODE":3,"CNTR_CODE":"IT","NAME_LATN":"Enna","harmonised_name":"Enna","MOUNT_TYPE":1,"URBN_TYPE":2,"COAST_TYPE":1},"id":"ITG16"},{"arcs":[[-196,-155,-137,254]],"type":"Polygon","properties":{"harmonised_code":"ITH41","LEVL_CODE":3,"CNTR_CODE":"IT","NAME_LATN":"Pordenone","harmonised_name":"Pordenone","MOUNT_TYPE":null,"URBN_TYPE":2,"COAST_TYPE":1},"id":"ITH41"},{"arcs":[[-225,255,256,-246,257,-184]],"type":"Polygon","properties":{"harmonised_code":"ITI17","LEVL_CODE":3,"CNTR_CODE":"IT","NAME_LATN":"Pisa","harmonised_name":"Pisa","MOUNT_TYPE":null,"URBN_TYPE":2,"COAST_TYPE":1},"id":"ITI17"},{"arcs":[[[-163,-60,258,259,-223,-160]],[[-165]]],"type":"MultiPolygon","properties":{"harmonised_code":"ITI18","LEVL_CODE":3,"CNTR_CODE":"IT","NAME_LATN":"Arezzo","harmonised_name":"Arezzo","MOUNT_TYPE":1,"URBN_TYPE":2,"COAST_TYPE":null},"id":"ITI18"},{"arcs":[[[260,261,262,-228,-253,-166]],[[-254]]],"type":"MultiPolygon","properties":{"harmonised_code":"ITG17","LEVL_CODE":3,"CNTR_CODE":"IT","NAME_LATN":"Catania","harmonised_name":"Catania","MOUNT_TYPE":1,"URBN_TYPE":1,"COAST_TYPE":1},"id":"ITG17"},{"arcs":[[[263,264,265,266,267,268,269,-193,-255,-136,270]],[[271]],[[272]],[[273]]],"type":"MultiPolygon","properties":{"harmonised_code":"ITH42","LEVL_CODE":3,"CNTR_CODE":"IT","NAME_LATN":"Udine","harmonised_name":"Udine","MOUNT_TYPE":1,"URBN_TYPE":2,"COAST_TYPE":1},"id":"ITH42"},{"arcs":[[274,-18,275,-16,-95,276,-256,-224,-260]],"type":"Polygon","properties":{"harmonised_code":"ITI19","LEVL_CODE":3,"CNTR_CODE":"IT","NAME_LATN":"Siena","harmonised_name":"Siena","MOUNT_TYPE":1,"URBN_TYPE":3,"COAST_TYPE":null},"id":"ITI19"},{"arcs":[[277,-229,-263,278]],"type":"Polygon","properties":{"harmonised_code":"ITG18","LEVL_CODE":3,"CNTR_CODE":"IT","NAME_LATN":"Ragusa","harmonised_name":"Ragusa","MOUNT_TYPE":null,"URBN_TYPE":2,"COAST_TYPE":1},"id":"ITG18"},{"arcs":[[[279,-279,-262]],[[280]],[[281]]],"type":"MultiPolygon","properties":{"harmonised_code":"ITG19","LEVL_CODE":3,"CNTR_CODE":"IT","NAME_LATN":"Siracusa","harmonised_name":"Siracusa","MOUNT_TYPE":null,"URBN_TYPE":1,"COAST_TYPE":1},"id":"ITG19"},{"arcs":[[[282,283,284,-265,285],[-272]],[[286]],[[287]],[[288]],[[289,-267]],[[290]],[[291]],[[292]],[[293,-269]],[[294]]],"type":"MultiPolygon","properties":{"harmonised_code":"ITH43","LEVL_CODE":3,"CNTR_CODE":"IT","NAME_LATN":"Gorizia","harmonised_name":"Gorizia","MOUNT_TYPE":null,"URBN_TYPE":1,"COAST_TYPE":1},"id":"ITH43"},{"arcs":[[295,-284]],"type":"Polygon","properties":{"harmonised_code":"ITH44","LEVL_CODE":3,"CNTR_CODE":"IT","NAME_LATN":"Trieste","harmonised_name":"Trieste","MOUNT_TYPE":1,"URBN_TYPE":1,"COAST_TYPE":1},"id":"ITH44"},{"arcs":[[[296,297,298,299,300,301]],[[302]],[[303]]],"type":"MultiPolygon","properties":{"harmonised_code":"ITH51","LEVL_CODE":3,"CNTR_CODE":"IT","NAME_LATN":"Piacenza","harmonised_name":"Piacenza","MOUNT_TYPE":1,"URBN_TYPE":2,"COAST_TYPE":null},"id":"ITH51"},{"arcs":[[[-94,304,-244,-257,-277]],[[305]],[[306]]],"type":"MultiPolygon","properties":{"harmonised_code":"ITI1A","LEVL_CODE":3,"CNTR_CODE":"IT","NAME_LATN":"Grosseto","harmonised_name":"Grosseto","MOUNT_TYPE":null,"URBN_TYPE":3,"COAST_TYPE":1},"id":"ITI1A"},{"arcs":[[307,308,-181,309,310,-297,311]],"type":"Polygon","properties":{"harmonised_code":"ITH52","LEVL_CODE":3,"CNTR_CODE":"IT","NAME_LATN":"Parma","harmonised_name":"Parma","MOUNT_TYPE":1,"URBN_TYPE":2,"COAST_TYPE":null},"id":"ITH52"},{"arcs":[[-5,-186,-177,-309,312]],"type":"Polygon","properties":{"harmonised_code":"ITH53","LEVL_CODE":3,"CNTR_CODE":"IT","NAME_LATN":"Reggio nell’Emilia","harmonised_name":"Reggio nell’Emilia","MOUNT_TYPE":null,"URBN_TYPE":2,"COAST_TYPE":null},"id":"ITH53"},{"arcs":[[[-70,-79,-83,-105,-17,-276,-19,-275,-259,-59]],[[-65]]],"type":"MultiPolygon","properties":{"harmonised_code":"ITI21","LEVL_CODE":3,"CNTR_CODE":"IT","NAME_LATN":"Perugia","harmonised_name":"Perugia","MOUNT_TYPE":1,"URBN_TYPE":2,"COAST_TYPE":null},"id":"ITI21"},{"arcs":[[[313,314,315]],[[316]],[[317]]],"type":"MultiPolygon","properties":{"harmonised_code":"ITF45","LEVL_CODE":3,"CNTR_CODE":"IT","NAME_LATN":"Lecce","harmonised_name":"Lecce","MOUNT_TYPE":null,"URBN_TYPE":1,"COAST_TYPE":1},"id":"ITF45"},{"arcs":[[[318,319,320,321,322,323]],[[324]],[[325]],[[326]],[[327]]],"type":"MultiPolygon","properties":{"harmonised_code":"ITF46","LEVL_CODE":3,"CNTR_CODE":"IT","NAME_LATN":"Foggia","harmonised_name":"Foggia","MOUNT_TYPE":null,"URBN_TYPE":1,"COAST_TYPE":1},"id":"ITF46"},{"arcs":[[328,329,330,331]],"type":"Polygon","properties":{"harmonised_code":"ITC20","LEVL_CODE":3,"CNTR_CODE":"IT","NAME_LATN":"Valle d’Aosta/Vallée d’Aoste","harmonised_name":"Valle d’Aosta/Vallée d’Aoste","MOUNT_TYPE":1,"URBN_TYPE":2,"COAST_TYPE":null},"id":"ITC20"},{"arcs":[[332,333,334]],"type":"Polygon","properties":{"harmonised_code":"ITC31","LEVL_CODE":3,"CNTR_CODE":"IT","NAME_LATN":"Imperia","harmonised_name":"Imperia","MOUNT_TYPE":1,"URBN_TYPE":1,"COAST_TYPE":1},"id":"ITC31"},{"arcs":[[335,336,337,338,339,340]],"type":"Polygon","properties":{"harmonised_code":"ITC46","LEVL_CODE":3,"CNTR_CODE":"IT","NAME_LATN":"Bergamo","harmonised_name":"Bergamo","MOUNT_TYPE":1,"URBN_TYPE":1,"COAST_TYPE":null},"id":"ITC46"},{"arcs":[[[341,342,343,344,345,346]],[[347]]],"type":"MultiPolygon","properties":{"harmonised_code":"ITF47","LEVL_CODE":3,"CNTR_CODE":"IT","NAME_LATN":"Bari","harmonised_name":"Bari","MOUNT_TYPE":null,"URBN_TYPE":1,"COAST_TYPE":1},"id":"ITF47"},{"arcs":[[348,-346,349,-319]],"type":"Polygon","properties":{"harmonised_code":"ITF48","LEVL_CODE":3,"CNTR_CODE":"IT","NAME_LATN":"Barletta-Andria-Trani","harmonised_name":"Barletta-Andria-Trani","MOUNT_TYPE":null,"URBN_TYPE":1,"COAST_TYPE":1},"id":"ITF48"},{"arcs":[[350,351,352,-333,353,354]],"type":"Polygon","properties":{"harmonised_code":"ITC32","LEVL_CODE":3,"CNTR_CODE":"IT","NAME_LATN":"Savona","harmonised_name":"Savona","MOUNT_TYPE":1,"URBN_TYPE":2,"COAST_TYPE":1},"id":"ITC32"},{"arcs":[[[-298,-311,355,356,-352,357]],[[358]],[[359]]],"type":"MultiPolygon","properties":{"harmonised_code":"ITC33","LEVL_CODE":3,"CNTR_CODE":"IT","NAME_LATN":"Genova","harmonised_name":"Genova","MOUNT_TYPE":1,"URBN_TYPE":1,"COAST_TYPE":1},"id":"ITC33"},{"arcs":[[-109,-118,360,361,-336,362]],"type":"Polygon","properties":{"harmonised_code":"ITC47","LEVL_CODE":3,"CNTR_CODE":"IT","NAME_LATN":"Brescia","harmonised_name":"Brescia","MOUNT_TYPE":1,"URBN_TYPE":1,"COAST_TYPE":null},"id":"ITC47"},{"arcs":[[-345,363,364,365,366,367,-320,-350],[368]],"type":"Polygon","properties":{"harmonised_code":"ITF51","LEVL_CODE":3,"CNTR_CODE":"IT","NAME_LATN":"Potenza","harmonised_name":"Potenza","MOUNT_TYPE":1,"URBN_TYPE":3,"COAST_TYPE":1},"id":"ITF51"},{"arcs":[[[-180,369,-356,-310]],[[370]]],"type":"MultiPolygon","properties":{"harmonised_code":"ITC34","LEVL_CODE":3,"CNTR_CODE":"IT","NAME_LATN":"La Spezia","harmonised_name":"La Spezia","MOUNT_TYPE":1,"URBN_TYPE":1,"COAST_TYPE":1},"id":"ITC34"},{"arcs":[[371,372,373,374,375,376]],"type":"Polygon","properties":{"harmonised_code":"ITC41","LEVL_CODE":3,"CNTR_CODE":"IT","NAME_LATN":"Varese","harmonised_name":"Varese","MOUNT_TYPE":null,"URBN_TYPE":1,"COAST_TYPE":null},"id":"ITC41"},{"arcs":[[[377,378,379,-300,380,381,382,383],[-303],[-304]],[[384]],[[385]]],"type":"MultiPolygon","properties":{"harmonised_code":"ITC48","LEVL_CODE":3,"CNTR_CODE":"IT","NAME_LATN":"Pavia","harmonised_name":"Pavia","MOUNT_TYPE":null,"URBN_TYPE":2,"COAST_TYPE":null},"id":"ITC48"},{"arcs":[[[386,387,388,-364,-344]],[[-369]]],"type":"MultiPolygon","properties":{"harmonised_code":"ITF52","LEVL_CODE":3,"CNTR_CODE":"IT","NAME_LATN":"Matera","harmonised_name":"Matera","MOUNT_TYPE":1,"URBN_TYPE":2,"COAST_TYPE":1},"id":"ITF52"},{"arcs":[[[389,390,-372,391,392]],[[393]]],"type":"MultiPolygon","properties":{"harmonised_code":"ITC42","LEVL_CODE":3,"CNTR_CODE":"IT","NAME_LATN":"Como","harmonised_name":"Como","MOUNT_TYPE":1,"URBN_TYPE":1,"COAST_TYPE":null},"id":"ITC42"},{"arcs":[[-340,394,-390,395]],"type":"Polygon","properties":{"harmonised_code":"ITC43","LEVL_CODE":3,"CNTR_CODE":"IT","NAME_LATN":"Lecco","harmonised_name":"Lecco","MOUNT_TYPE":1,"URBN_TYPE":1,"COAST_TYPE":null},"id":"ITC43"},{"arcs":[[-301,-380,396,-378,397,398]],"type":"Polygon","properties":{"harmonised_code":"ITC49","LEVL_CODE":3,"CNTR_CODE":"IT","NAME_LATN":"Lodi","harmonised_name":"Lodi","MOUNT_TYPE":null,"URBN_TYPE":2,"COAST_TYPE":null},"id":"ITC49"},{"arcs":[[399,400,-124,401,402,403],[404]],"type":"Polygon","properties":{"harmonised_code":"ITF63","LEVL_CODE":3,"CNTR_CODE":"IT","NAME_LATN":"Catanzaro","harmonised_name":"Catanzaro","MOUNT_TYPE":1,"URBN_TYPE":2,"COAST_TYPE":1},"id":"ITF63"},{"arcs":[[[-123,405,-402]],[[-405]]],"type":"MultiPolygon","properties":{"harmonised_code":"ITF64","LEVL_CODE":3,"CNTR_CODE":"IT","NAME_LATN":"Vibo Valentia","harmonised_name":"Vibo Valentia","MOUNT_TYPE":1,"URBN_TYPE":3,"COAST_TYPE":1},"id":"ITF64"},{"arcs":[[-100,-110,-363,-341,-396,-393,406]],"type":"Polygon","properties":{"harmonised_code":"ITC44","LEVL_CODE":3,"CNTR_CODE":"IT","NAME_LATN":"Sondrio","harmonised_name":"Sondrio","MOUNT_TYPE":1,"URBN_TYPE":2,"COAST_TYPE":null},"id":"ITC44"},{"arcs":[[-362,407,-312,-302,-399,408,-337]],"type":"Polygon","properties":{"harmonised_code":"ITC4A","LEVL_CODE":3,"CNTR_CODE":"IT","NAME_LATN":"Cremona","harmonised_name":"Cremona","MOUNT_TYPE":null,"URBN_TYPE":2,"COAST_TYPE":null},"id":"ITC4A"},{"arcs":[[409,410,-404,411,-365,-389]],"type":"Polygon","properties":{"harmonised_code":"ITF61","LEVL_CODE":3,"CNTR_CODE":"IT","NAME_LATN":"Cosenza","harmonised_name":"Cosenza","MOUNT_TYPE":1,"URBN_TYPE":2,"COAST_TYPE":1},"id":"ITF61"},{"arcs":[[-400,-411,412]],"type":"Polygon","properties":{"harmonised_code":"ITF62","LEVL_CODE":3,"CNTR_CODE":"IT","NAME_LATN":"Crotone","harmonised_name":"Crotone","MOUNT_TYPE":null,"URBN_TYPE":2,"COAST_TYPE":1},"id":"ITF62"},{"arcs":[[-233,-141,-6,-313,-308,-408,-361,-117]],"type":"Polygon","properties":{"harmonised_code":"ITC4B","LEVL_CODE":3,"CNTR_CODE":"IT","NAME_LATN":"Mantova","harmonised_name":"Mantova","MOUNT_TYPE":null,"URBN_TYPE":3,"COAST_TYPE":null},"id":"ITC4B"},{"arcs":[[[413,-338,-409,-398,-384,414,-374]],[[-379,-397]]],"type":"MultiPolygon","properties":{"harmonised_code":"ITC4C","LEVL_CODE":3,"CNTR_CODE":"IT","NAME_LATN":"Milano","harmonised_name":"Milano","MOUNT_TYPE":null,"URBN_TYPE":1,"COAST_TYPE":null},"id":"ITC4C"},{"arcs":[[-395,-339,-414,-373,-391]],"type":"Polygon","properties":{"harmonised_code":"ITC4D","LEVL_CODE":3,"CNTR_CODE":"IT","NAME_LATN":"Monza e della Brianza","harmonised_name":"Monza e della Brianza","MOUNT_TYPE":null,"URBN_TYPE":1,"COAST_TYPE":null},"id":"ITC4D"},{"arcs":[[415,416,417,-57,-111,-103,418]],"type":"Polygon","properties":{"harmonised_code":"ITF11","LEVL_CODE":3,"CNTR_CODE":"IT","NAME_LATN":"L’Aquila","harmonised_name":"L’Aquila","MOUNT_TYPE":1,"URBN_TYPE":2,"COAST_TYPE":null},"id":"ITF11"},{"arcs":[[419,-419,-102,-81,420]],"type":"Polygon","properties":{"harmonised_code":"ITF12","LEVL_CODE":3,"CNTR_CODE":"IT","NAME_LATN":"Teramo","harmonised_name":"Teramo","MOUNT_TYPE":1,"URBN_TYPE":2,"COAST_TYPE":1},"id":"ITF12"},{"arcs":[[421,422,-416,-420]],"type":"Polygon","properties":{"harmonised_code":"ITF13","LEVL_CODE":3,"CNTR_CODE":"IT","NAME_LATN":"Pescara","harmonised_name":"Pescara","MOUNT_TYPE":1,"URBN_TYPE":2,"COAST_TYPE":1},"id":"ITF13"},{"arcs":[[423,424,425,-417,-423]],"type":"Polygon","properties":{"harmonised_code":"ITF14","LEVL_CODE":3,"CNTR_CODE":"IT","NAME_LATN":"Chieti","harmonised_name":"Chieti","MOUNT_TYPE":1,"URBN_TYPE":2,"COAST_TYPE":1},"id":"ITF14"},{"arcs":[[426,427,-54,-418,-426]],"type":"Polygon","properties":{"harmonised_code":"ITF21","LEVL_CODE":3,"CNTR_CODE":"IT","NAME_LATN":"Isernia","harmonised_name":"Isernia","MOUNT_TYPE":1,"URBN_TYPE":3,"COAST_TYPE":null},"id":"ITF21"},{"arcs":[[428,429,-427,-425,430,-323]],"type":"Polygon","properties":{"harmonised_code":"ITF22","LEVL_CODE":3,"CNTR_CODE":"IT","NAME_LATN":"Campobasso","harmonised_name":"Campobasso","MOUNT_TYPE":1,"URBN_TYPE":3,"COAST_TYPE":1},"id":"ITF22"},{"arcs":[[431,432,433,434,435,436,-331],[437],[438]],"type":"Polygon","properties":{"harmonised_code":"ITC11","LEVL_CODE":3,"CNTR_CODE":"IT","NAME_LATN":"Torino","harmonised_name":"Torino","MOUNT_TYPE":1,"URBN_TYPE":1,"COAST_TYPE":null},"id":"ITC11"},{"arcs":[[-430,439,440,441,-47,-55,-428]],"type":"Polygon","properties":{"harmonised_code":"ITF31","LEVL_CODE":3,"CNTR_CODE":"IT","NAME_LATN":"Caserta","harmonised_name":"Caserta","MOUNT_TYPE":null,"URBN_TYPE":1,"COAST_TYPE":1},"id":"ITF31"},{"arcs":[[[442,443,-440,-429,-322]],[[444]]],"type":"MultiPolygon","properties":{"harmonised_code":"ITF32","LEVL_CODE":3,"CNTR_CODE":"IT","NAME_LATN":"Benevento","harmonised_name":"Benevento","MOUNT_TYPE":1,"URBN_TYPE":3,"COAST_TYPE":1},"id":"ITF32"},{"arcs":[[[445,-382,446,-433,447,-329,448,449]],[[450]]],"type":"MultiPolygon","properties":{"harmonised_code":"ITC12","LEVL_CODE":3,"CNTR_CODE":"IT","NAME_LATN":"Vercelli","harmonised_name":"Vercelli","MOUNT_TYPE":null,"URBN_TYPE":3,"COAST_TYPE":null},"id":"ITC12"},{"arcs":[[-432,-330,-448],[-451]],"type":"Polygon","properties":{"harmonised_code":"ITC13","LEVL_CODE":3,"CNTR_CODE":"IT","NAME_LATN":"Biella","harmonised_name":"Biella","MOUNT_TYPE":1,"URBN_TYPE":2,"COAST_TYPE":null},"id":"ITC13"},{"arcs":[[[451,452,-441,-444,453]],[[454]],[[455]],[[456]],[[457]],[[458]],[[459]]],"type":"MultiPolygon","properties":{"harmonised_code":"ITF33","LEVL_CODE":3,"CNTR_CODE":"IT","NAME_LATN":"Napoli","harmonised_name":"Napoli","MOUNT_TYPE":null,"URBN_TYPE":1,"COAST_TYPE":1},"id":"ITF33"},{"arcs":[[-376,460,-450,461]],"type":"Polygon","properties":{"harmonised_code":"ITC14","LEVL_CODE":3,"CNTR_CODE":"IT","NAME_LATN":"Verbano-Cusio-Ossola","harmonised_name":"Verbano-Cusio-Ossola","MOUNT_TYPE":1,"URBN_TYPE":2,"COAST_TYPE":null},"id":"ITC14"},{"arcs":[[-375,-415,-383,-446,-461]],"type":"Polygon","properties":{"harmonised_code":"ITC15","LEVL_CODE":3,"CNTR_CODE":"IT","NAME_LATN":"Novara","harmonised_name":"Novara","MOUNT_TYPE":null,"URBN_TYPE":2,"COAST_TYPE":null},"id":"ITC15"},{"arcs":[[-368,462,-454,-443,-321],[-445]],"type":"Polygon","properties":{"harmonised_code":"ITF34","LEVL_CODE":3,"CNTR_CODE":"IT","NAME_LATN":"Avellino","harmonised_name":"Avellino","MOUNT_TYPE":1,"URBN_TYPE":2,"COAST_TYPE":1},"id":"ITF34"},{"arcs":[[[-354,-335,463,-436,464]],[[-438]],[[-439]]],"type":"MultiPolygon","properties":{"harmonised_code":"ITC16","LEVL_CODE":3,"CNTR_CODE":"IT","NAME_LATN":"Cuneo","harmonised_name":"Cuneo","MOUNT_TYPE":1,"URBN_TYPE":3,"COAST_TYPE":null},"id":"ITC16"},{"arcs":[[-367,465,-452,-463]],"type":"Polygon","properties":{"harmonised_code":"ITF35","LEVL_CODE":3,"CNTR_CODE":"IT","NAME_LATN":"Salerno","harmonised_name":"Salerno","MOUNT_TYPE":1,"URBN_TYPE":2,"COAST_TYPE":1},"id":"ITF35"},{"arcs":[[466,-355,-465,-435]],"type":"Polygon","properties":{"harmonised_code":"ITC17","LEVL_CODE":3,"CNTR_CODE":"IT","NAME_LATN":"Asti","harmonised_name":"Asti","MOUNT_TYPE":null,"URBN_TYPE":3,"COAST_TYPE":null},"id":"ITC17"},{"arcs":[[[467,-314,468,-387,-343],[-348]],[[469]]],"type":"MultiPolygon","properties":{"harmonised_code":"ITF43","LEVL_CODE":3,"CNTR_CODE":"IT","NAME_LATN":"Taranto","harmonised_name":"Taranto","MOUNT_TYPE":null,"URBN_TYPE":1,"COAST_TYPE":1},"id":"ITF43"},{"arcs":[[[-315,-468,-342,470],[-317]],[[471]],[[472]],[[473]]],"type":"MultiPolygon","properties":{"harmonised_code":"ITF44","LEVL_CODE":3,"CNTR_CODE":"IT","NAME_LATN":"Brindisi","harmonised_name":"Brindisi","MOUNT_TYPE":null,"URBN_TYPE":1,"COAST_TYPE":1},"id":"ITF44"},{"arcs":[[-381,-299,-358,-351,-467,-434,-447],[-385],[-386],[-360]],"type":"Polygon","properties":{"harmonised_code":"ITC18","LEVL_CODE":3,"CNTR_CODE":"IT","NAME_LATN":"Alessandria","harmonised_name":"Alessandria","MOUNT_TYPE":null,"URBN_TYPE":2,"COAST_TYPE":null},"id":"ITC18"}]}}}