,election_date,election_type,nuts_1_code,nuts_1_name,type,name,votes
0,2000-10-08,president_a,PL2,Makroregion południowy,0,eligible_voters,6090568
1,2000-10-08,president_a,PL2,Makroregion południowy,1,issued_ballots,3738496
2,2000-10-08,president_a,PL2,Makroregion południowy,2,Grabowski,18631
3,2000-10-08,president_a,PL2,Makroregion południowy,2,Ikonowicz,8794
4,2000-10-08,president_a,PL2,Makroregion południowy,2,Kalinowski,117592
5,2000-10-08,president_a,PL2,Makroregion południowy,2,KorwinMikke,55983
6,2000-10-08,president_a,PL2,Makroregion południowy,2,Krzaklewski,640666
7,2000-10-08,president_a,PL2,Makroregion południowy,2,Kwasniewski,1935095
8,2000-10-08,president_a,PL2,Makroregion południowy,2,Lepper,76787
9,2000-10-08,president_a,PL2,Makroregion południowy,2,Lopuszanski,25255
10,2000-10-08,president_a,PL2,Makroregion południowy,2,Olechowski,761269
11,2000-10-08,president_a,PL2,Makroregion południowy,2,Pawlowski,3172
12,2000-10-08,president_a,PL2,Makroregion południowy,2,Walesa,45953
13,2000-10-08,president_a,PL2,Makroregion południowy,2,Wilecki,5448
14,2000-10-08,president_a,PL4,Makroregion północno-zachodni,0,eligible_voters,4545206
15,2000-10-08,president_a,PL4,Makroregion północno-zachodni,1,issued_ballots,2899189
16,2000-10-08,president_a,PL4,Makroregion północno-zachodni,2,Grabowski,12069
17,2000-10-08,president_a,PL4,Makroregion północno-zachodni,2,Ikonowicz,5298
18,2000-10-08,president_a,PL4,Makroregion północno-zachodni,2,Kalinowski,116059
19,2000-10-08,president_a,PL4,Makroregion północno-zachodni,2,KorwinMikke,35826
20,2000-10-08,president_a,PL4,Makroregion północno-zachodni,2,Krzaklewski,322489
21,2000-10-08,president_a,PL4,Makroregion północno-zachodni,2,Kwasniewski,1804940
22,2000-10-08,president_a,PL4,Makroregion północno-zachodni,2,Lepper,85448
23,2000-10-08,president_a,PL4,Makroregion północno-zachodni,2,Lopuszanski,14055
24,2000-10-08,president_a,PL4,Makroregion północno-zachodni,2,Olechowski,443030
25,2000-10-08,president_a,PL4,Makroregion północno-zachodni,2,Pawlowski,2299
26,2000-10-08,president_a,PL4,Makroregion północno-zachodni,2,Walesa,24819
27,2000-10-08,president_a,PL4,Makroregion północno-zachodni,2,Wilecki,3583
28,2000-10-08,president_a,PL5,Makroregion południowo-zachodni,0,eligible_voters,3070616
29,2000-10-08,president_a,PL5,Makroregion południowo-zachodni,1,issued_ballots,1785040
30,2000-10-08,president_a,PL5,Makroregion południowo-zachodni,2,Grabowski,8869
31,2000-10-08,president_a,PL5,Makroregion południowo-zachodni,2,Ikonowicz,3552
32,2000-10-08,president_a,PL5,Makroregion południowo-zachodni,2,Kalinowski,52852
33,2000-10-08,president_a,PL5,Makroregion południowo-zachodni,2,KorwinMikke,25475
34,2000-10-08,president_a,PL5,Makroregion południowo-zachodni,2,Krzaklewski,254949
35,2000-10-08,president_a,PL5,Makroregion południowo-zachodni,2,Kwasniewski,1029921
36,2000-10-08,president_a,PL5,Makroregion południowo-zachodni,2,Lepper,45904
37,2000-10-08,president_a,PL5,Makroregion południowo-zachodni,2,Lopuszanski,10726
38,2000-10-08,president_a,PL5,Makroregion południowo-zachodni,2,Olechowski,311852
39,2000-10-08,president_a,PL5,Makroregion południowo-zachodni,2,Pawlowski,1503
40,2000-10-08,president_a,PL5,Makroregion południowo-zachodni,2,Walesa,18040
41,2000-10-08,president_a,PL5,Makroregion południowo-zachodni,2,Wilecki,2761
42,2000-10-08,president_a,PL6,Makroregion północny,0,eligible_voters,4259142
43,2000-10-08,president_a,PL6,Makroregion północny,1,issued_ballots,2613489
44,2000-10-08,president_a,PL6,Makroregion północny,2,Grabowski,11598
45,2000-10-08,president_a,PL6,Makroregion północny,2,Ikonowicz,4932
46,2000-10-08,president_a,PL6,Makroregion północny,2,Kalinowski,99727
47,2000-10-08,president_a,PL6,Makroregion północny,2,KorwinMikke,34187
48,2000-10-08,president_a,PL6,Makroregion północny,2,Krzaklewski,356212
49,2000-10-08,president_a,PL6,Makroregion północny,2,Kwasniewski,1505981
50,2000-10-08,president_a,PL6,Makroregion północny,2,Lepper,73951
51,2000-10-08,president_a,PL6,Makroregion północny,2,Lopuszanski,17322
52,2000-10-08,president_a,PL6,Makroregion północny,2,Olechowski,450252
53,2000-10-08,president_a,PL6,Makroregion północny,2,Pawlowski,2138
54,2000-10-08,president_a,PL6,Makroregion północny,2,Walesa,26471
55,2000-10-08,president_a,PL6,Makroregion północny,2,Wilecki,3668
56,2000-10-08,president_a,PL7,Makroregion centralny,0,eligible_voters,3061583
57,2000-10-08,president_a,PL7,Makroregion centralny,1,issued_ballots,1855077
58,2000-10-08,president_a,PL7,Makroregion centralny,2,Grabowski,9441
59,2000-10-08,president_a,PL7,Makroregion centralny,2,Ikonowicz,5265
60,2000-10-08,president_a,PL7,Makroregion centralny,2,Kalinowski,156685
61,2000-10-08,president_a,PL7,Makroregion centralny,2,KorwinMikke,27889
62,2000-10-08,president_a,PL7,Makroregion centralny,2,Krzaklewski,218679
63,2000-10-08,president_a,PL7,Makroregion centralny,2,Kwasniewski,1057513
64,2000-10-08,president_a,PL7,Makroregion centralny,2,Lepper,75366
65,2000-10-08,president_a,PL7,Makroregion centralny,2,Lopuszanski,15170
66,2000-10-08,president_a,PL7,Makroregion centralny,2,Olechowski,245947
67,2000-10-08,president_a,PL7,Makroregion centralny,2,Pawlowski,2203
68,2000-10-08,president_a,PL7,Makroregion centralny,2,Walesa,14984
69,2000-10-08,president_a,PL7,Makroregion centralny,2,Wilecki,3639
70,2000-10-08,president_a,PL8,Makroregion wschodni,0,eligible_voters,4144415
71,2000-10-08,president_a,PL8,Makroregion wschodni,1,issued_ballots,2480527
72,2000-10-08,president_a,PL8,Makroregion wschodni,2,Grabowski,15544
73,2000-10-08,president_a,PL8,Makroregion wschodni,2,Ikonowicz,5131
74,2000-10-08,president_a,PL8,Makroregion wschodni,2,Kalinowski,312961
75,2000-10-08,president_a,PL8,Makroregion wschodni,2,KorwinMikke,31408
76,2000-10-08,president_a,PL8,Makroregion wschodni,2,Krzaklewski,529374
77,2000-10-08,president_a,PL8,Makroregion wschodni,2,Kwasniewski,1044611
78,2000-10-08,president_a,PL8,Makroregion wschodni,2,Lepper,117498
79,2000-10-08,president_a,PL8,Makroregion wschodni,2,Lopuszanski,28797
80,2000-10-08,president_a,PL8,Makroregion wschodni,2,Olechowski,333717
81,2000-10-08,president_a,PL8,Makroregion wschodni,2,Pawlowski,2696
82,2000-10-08,president_a,PL8,Makroregion wschodni,2,Walesa,22127
83,2000-10-08,president_a,PL8,Makroregion wschodni,2,Wilecki,5666
84,2000-10-08,president_a,PL9,Makroregion województwo mazowieckie,0,eligible_voters,3878839
85,2000-10-08,president_a,PL9,Makroregion województwo mazowieckie,1,issued_ballots,2367062
86,2000-10-08,president_a,PL9,Makroregion województwo mazowieckie,2,Grabowski,12718
87,2000-10-08,president_a,PL9,Makroregion województwo mazowieckie,2,Ikonowicz,5629
88,2000-10-08,president_a,PL9,Makroregion województwo mazowieckie,2,Kalinowski,191095
89,2000-10-08,president_a,PL9,Makroregion województwo mazowieckie,2,KorwinMikke,40877
90,2000-10-08,president_a,PL9,Makroregion województwo mazowieckie,2,Krzaklewski,395626
91,2000-10-08,president_a,PL9,Makroregion województwo mazowieckie,2,Kwasniewski,1088018
92,2000-10-08,president_a,PL9,Makroregion województwo mazowieckie,2,Lepper,62267
93,2000-10-08,president_a,PL9,Makroregion województwo mazowieckie,2,Lopuszanski,27181
94,2000-10-08,president_a,PL9,Makroregion województwo mazowieckie,2,Olechowski,484562
95,2000-10-08,president_a,PL9,Makroregion województwo mazowieckie,2,Pawlowski,3103
96,2000-10-08,president_a,PL9,Makroregion województwo mazowieckie,2,Walesa,24967
97,2000-10-08,president_a,PL9,Makroregion województwo mazowieckie,2,Wilecki,3893
98,2001-09-23,parliament,PL2,Makroregion południowy,0,eligible_voters,6134259
99,2001-09-23,parliament,PL2,Makroregion południowy,1,issued_ballots,2861488
100,2001-09-23,parliament,PL2,Makroregion południowy,2,ARS,15663
101,2001-09-23,parliament,PL2,Makroregion południowy,2,AWSP,228764
102,2001-09-23,parliament,PL2,Makroregion południowy,2,LPR,202943
103,2001-09-23,parliament,PL2,Makroregion południowy,2,MN,4890
104,2001-09-23,parliament,PL2,Makroregion południowy,2,NMNGSL,8024
105,2001-09-23,parliament,PL2,Makroregion południowy,2,PIS,297375
106,2001-09-23,parliament,PL2,Makroregion południowy,2,PO,411187
107,2001-09-23,parliament,PL2,Makroregion południowy,2,PPS,1968
108,2001-09-23,parliament,PL2,Makroregion południowy,2,PSL,175132
109,2001-09-23,parliament,PL2,Makroregion południowy,2,PUG,1272
110,2001-09-23,parliament,PL2,Makroregion południowy,2,PWN,0
111,2001-09-23,parliament,PL2,Makroregion południowy,2,SAMOOBRONA,206750
112,2001-09-23,parliament,PL2,Makroregion południowy,2,SLDUP,1088597
113,2001-09-23,parliament,PL2,Makroregion południowy,2,UW,104895
114,2001-09-23,parliament,PL4,Makroregion północno-zachodni,0,eligible_voters,4598316
115,2001-09-23,parliament,PL4,Makroregion północno-zachodni,1,issued_ballots,2153938
116,2001-09-23,parliament,PL4,Makroregion północno-zachodni,2,ARS,6569
117,2001-09-23,parliament,PL4,Makroregion północno-zachodni,2,AWSP,93174
118,2001-09-23,parliament,PL4,Makroregion północno-zachodni,2,LPR,126697
119,2001-09-23,parliament,PL4,Makroregion północno-zachodni,2,MN,0
120,2001-09-23,parliament,PL4,Makroregion północno-zachodni,2,NMNGSL,0
121,2001-09-23,parliament,PL4,Makroregion północno-zachodni,2,PIS,132944
122,2001-09-23,parliament,PL4,Makroregion północno-zachodni,2,PO,244543
123,2001-09-23,parliament,PL4,Makroregion północno-zachodni,2,PPS,1367
124,2001-09-23,parliament,PL4,Makroregion północno-zachodni,2,PSL,152401
125,2001-09-23,parliament,PL4,Makroregion północno-zachodni,2,PUG,3148
126,2001-09-23,parliament,PL4,Makroregion północno-zachodni,2,PWN,271
127,2001-09-23,parliament,PL4,Makroregion północno-zachodni,2,SAMOOBRONA,238180
128,2001-09-23,parliament,PL4,Makroregion północno-zachodni,2,SLDUP,977645
129,2001-09-23,parliament,PL4,Makroregion północno-zachodni,2,UW,65344
130,2001-09-23,parliament,PL5,Makroregion południowo-zachodni,0,eligible_voters,3098411
131,2001-09-23,parliament,PL5,Makroregion południowo-zachodni,1,issued_ballots,1351541
132,2001-09-23,parliament,PL5,Makroregion południowo-zachodni,2,ARS,5758
133,2001-09-23,parliament,PL5,Makroregion południowo-zachodni,2,AWSP,56588
134,2001-09-23,parliament,PL5,Makroregion południowo-zachodni,2,LPR,88094
135,2001-09-23,parliament,PL5,Makroregion południowo-zachodni,2,MN,42340
136,2001-09-23,parliament,PL5,Makroregion południowo-zachodni,2,NMNGSL,0
137,2001-09-23,parliament,PL5,Makroregion południowo-zachodni,2,PIS,93624
138,2001-09-23,parliament,PL5,Makroregion południowo-zachodni,2,PO,174009
139,2001-09-23,parliament,PL5,Makroregion południowo-zachodni,2,PPS,0
140,2001-09-23,parliament,PL5,Makroregion południowo-zachodni,2,PSL,67635
141,2001-09-23,parliament,PL5,Makroregion południowo-zachodni,2,PUG,0
142,2001-09-23,parliament,PL5,Makroregion południowo-zachodni,2,PWN,1161
143,2001-09-23,parliament,PL5,Makroregion południowo-zachodni,2,SAMOOBRONA,130702
144,2001-09-23,parliament,PL5,Makroregion południowo-zachodni,2,SLDUP,585291
145,2001-09-23,parliament,PL5,Makroregion południowo-zachodni,2,UW,48743
146,2001-09-23,parliament,PL6,Makroregion północny,0,eligible_voters,4308850
147,2001-09-23,parliament,PL6,Makroregion północny,1,issued_ballots,1928445
148,2001-09-23,parliament,PL6,Makroregion północny,2,ARS,5139
149,2001-09-23,parliament,PL6,Makroregion północny,2,AWSP,79513
150,2001-09-23,parliament,PL6,Makroregion północny,2,LPR,137304
151,2001-09-23,parliament,PL6,Makroregion północny,2,MN,0
152,2001-09-23,parliament,PL6,Makroregion północny,2,NMNGSL,0
153,2001-09-23,parliament,PL6,Makroregion północny,2,PIS,172146
154,2001-09-23,parliament,PL6,Makroregion północny,2,PO,298378
155,2001-09-23,parliament,PL6,Makroregion północny,2,PPS,1502
156,2001-09-23,parliament,PL6,Makroregion północny,2,PSL,120909
157,2001-09-23,parliament,PL6,Makroregion północny,2,PUG,1430
158,2001-09-23,parliament,PL6,Makroregion północny,2,PWN,0
159,2001-09-23,parliament,PL6,Makroregion północny,2,SAMOOBRONA,177729
160,2001-09-23,parliament,PL6,Makroregion północny,2,SLDUP,795043
161,2001-09-23,parliament,PL6,Makroregion północny,2,UW,52529
162,2001-09-23,parliament,PL7,Makroregion centralny,0,eligible_voters,3079844
163,2001-09-23,parliament,PL7,Makroregion centralny,1,issued_ballots,1410161
164,2001-09-23,parliament,PL7,Makroregion centralny,2,ARS,7286
165,2001-09-23,parliament,PL7,Makroregion centralny,2,AWSP,59827
166,2001-09-23,parliament,PL7,Makroregion centralny,2,LPR,95364
167,2001-09-23,parliament,PL7,Makroregion centralny,2,MN,0
168,2001-09-23,parliament,PL7,Makroregion centralny,2,NMNGSL,0
169,2001-09-23,parliament,PL7,Makroregion centralny,2,PIS,97228
170,2001-09-23,parliament,PL7,Makroregion centralny,2,PO,118485
171,2001-09-23,parliament,PL7,Makroregion centralny,2,PPS,4811
172,2001-09-23,parliament,PL7,Makroregion centralny,2,PSL,156485
173,2001-09-23,parliament,PL7,Makroregion centralny,2,PUG,0
174,2001-09-23,parliament,PL7,Makroregion centralny,2,PWN,596
175,2001-09-23,parliament,PL7,Makroregion centralny,2,SAMOOBRONA,176943
176,2001-09-23,parliament,PL7,Makroregion centralny,2,SLDUP,606081
177,2001-09-23,parliament,PL7,Makroregion centralny,2,UW,27960
178,2001-09-23,parliament,PL8,Makroregion wschodni,0,eligible_voters,4189746
179,2001-09-23,parliament,PL8,Makroregion wschodni,1,issued_ballots,1977578
180,2001-09-23,parliament,PL8,Makroregion wschodni,2,ARS,7807
181,2001-09-23,parliament,PL8,Makroregion wschodni,2,AWSP,124969
182,2001-09-23,parliament,PL8,Makroregion wschodni,2,LPR,230992
183,2001-09-23,parliament,PL8,Makroregion wschodni,2,MN,0
184,2001-09-23,parliament,PL8,Makroregion wschodni,2,NMNGSL,0
185,2001-09-23,parliament,PL8,Makroregion wschodni,2,PIS,166470
186,2001-09-23,parliament,PL8,Makroregion wschodni,2,PO,149062
187,2001-09-23,parliament,PL8,Makroregion wschodni,2,PPS,1668
188,2001-09-23,parliament,PL8,Makroregion wschodni,2,PSL,297382
189,2001-09-23,parliament,PL8,Makroregion wschodni,2,PUG,1102
190,2001-09-23,parliament,PL8,Makroregion wschodni,2,PWN,0
191,2001-09-23,parliament,PL8,Makroregion wschodni,2,SAMOOBRONA,239367
192,2001-09-23,parliament,PL8,Makroregion wschodni,2,SLDUP,644264
193,2001-09-23,parliament,PL8,Makroregion wschodni,2,UW,33016
194,2001-09-23,parliament,PL9,Makroregion województwo mazowieckie,0,eligible_voters,3911812
195,2001-09-23,parliament,PL9,Makroregion województwo mazowieckie,1,issued_ballots,1880454
196,2001-09-23,parliament,PL9,Makroregion województwo mazowieckie,2,ARS,5968
197,2001-09-23,parliament,PL9,Makroregion województwo mazowieckie,2,AWSP,84404
198,2001-09-23,parliament,PL9,Makroregion województwo mazowieckie,2,LPR,139043
199,2001-09-23,parliament,PL9,Makroregion województwo mazowieckie,2,MN,0
200,2001-09-23,parliament,PL9,Makroregion województwo mazowieckie,2,NMNGSL,0
201,2001-09-23,parliament,PL9,Makroregion województwo mazowieckie,2,PIS,271903
202,2001-09-23,parliament,PL9,Makroregion województwo mazowieckie,2,PO,251080
203,2001-09-23,parliament,PL9,Makroregion województwo mazowieckie,2,PPS,2079
204,2001-09-23,parliament,PL9,Makroregion województwo mazowieckie,2,PSL,198188
205,2001-09-23,parliament,PL9,Makroregion województwo mazowieckie,2,PUG,237
206,2001-09-23,parliament,PL9,Makroregion województwo mazowieckie,2,PWN,592
207,2001-09-23,parliament,PL9,Makroregion województwo mazowieckie,2,SAMOOBRONA,157565
208,2001-09-23,parliament,PL9,Makroregion województwo mazowieckie,2,SLDUP,638142
209,2001-09-23,parliament,PL9,Makroregion województwo mazowieckie,2,UW,68924
210,2004-06-13,european,PL2,Makroregion południowy,0,eligible_voters,6249778
211,2004-06-13,european,PL2,Makroregion południowy,1,issued_ballots,1357265
212,2004-06-13,european,PL2,Makroregion południowy,2,DPL,0
213,2004-06-13,european,PL2,Makroregion południowy,2,IDP,22255
214,2004-06-13,european,PL2,Makroregion południowy,2,KPEIRPLD,7688
215,2004-06-13,european,PL2,Makroregion południowy,2,LPR,218263
216,2004-06-13,european,PL2,Makroregion południowy,2,NKWW,19253
217,2004-06-13,european,PL2,Makroregion południowy,2,NOP,0
218,2004-06-13,european,PL2,Makroregion południowy,2,OKO,4712
219,2004-06-13,european,PL2,Makroregion południowy,2,PIS,162327
220,2004-06-13,european,PL2,Makroregion południowy,2,PO,409645
221,2004-06-13,european,PL2,Makroregion południowy,2,PPN,0
222,2004-06-13,european,PL2,Makroregion południowy,2,PPP,7118
223,2004-06-13,european,PL2,Makroregion południowy,2,PSL,56172
224,2004-06-13,european,PL2,Makroregion południowy,2,RACJA,10620
225,2004-06-13,european,PL2,Makroregion południowy,2,RDP,0
226,2004-06-13,european,PL2,Makroregion południowy,2,ROB,10054
227,2004-06-13,european,PL2,Makroregion południowy,2,SAMOOBRONA,92861
228,2004-06-13,european,PL2,Makroregion południowy,2,SLDUP,127025
229,2004-06-13,european,PL2,Makroregion południowy,2,UPR,19599
230,2004-06-13,european,PL2,Makroregion południowy,2,UW,90964
231,2004-06-13,european,PL2,Makroregion południowy,2,WSP,57832
232,2004-06-13,european,PL2,Makroregion południowy,2,ZIELONI,6612
233,2004-06-13,european,PL4,Makroregion północno-zachodni,0,eligible_voters,4723932
234,2004-06-13,european,PL4,Makroregion północno-zachodni,1,issued_ballots,935523
235,2004-06-13,european,PL4,Makroregion północno-zachodni,2,DPL,5512
236,2004-06-13,european,PL4,Makroregion północno-zachodni,2,IDP,18964
237,2004-06-13,european,PL4,Makroregion północno-zachodni,2,KPEIRPLD,7928
238,2004-06-13,european,PL4,Makroregion północno-zachodni,2,LPR,114765
239,2004-06-13,european,PL4,Makroregion północno-zachodni,2,NKWW,19654
240,2004-06-13,european,PL4,Makroregion północno-zachodni,2,NOP,0
241,2004-06-13,european,PL4,Makroregion północno-zachodni,2,OKO,8708
242,2004-06-13,european,PL4,Makroregion północno-zachodni,2,PIS,101587
243,2004-06-13,european,PL4,Makroregion północno-zachodni,2,PO,206701
244,2004-06-13,european,PL4,Makroregion północno-zachodni,2,PPN,0
245,2004-06-13,european,PL4,Makroregion północno-zachodni,2,PPP,4779
246,2004-06-13,european,PL4,Makroregion północno-zachodni,2,PSL,50993
247,2004-06-13,european,PL4,Makroregion północno-zachodni,2,RACJA,0
248,2004-06-13,european,PL4,Makroregion północno-zachodni,2,RDP,0
249,2004-06-13,european,PL4,Makroregion północno-zachodni,2,ROB,11500
250,2004-06-13,european,PL4,Makroregion północno-zachodni,2,SAMOOBRONA,110357
251,2004-06-13,european,PL4,Makroregion północno-zachodni,2,SLDUP,106367
252,2004-06-13,european,PL4,Makroregion północno-zachodni,2,UPR,13504
253,2004-06-13,european,PL4,Makroregion północno-zachodni,2,UW,79073
254,2004-06-13,european,PL4,Makroregion północno-zachodni,2,WSP,42341
255,2004-06-13,european,PL4,Makroregion północno-zachodni,2,ZIELONI,0
256,2004-06-13,european,PL5,Makroregion południowo-zachodni,0,eligible_voters,3148563
257,2004-06-13,european,PL5,Makroregion południowo-zachodni,1,issued_ballots,607952
258,2004-06-13,european,PL5,Makroregion południowo-zachodni,2,DPL,0
259,2004-06-13,european,PL5,Makroregion południowo-zachodni,2,IDP,13349
260,2004-06-13,european,PL5,Makroregion południowo-zachodni,2,KPEIRPLD,4276
261,2004-06-13,european,PL5,Makroregion południowo-zachodni,2,LPR,84112
262,2004-06-13,european,PL5,Makroregion południowo-zachodni,2,NKWW,7211
263,2004-06-13,european,PL5,Makroregion południowo-zachodni,2,NOP,1456
264,2004-06-13,european,PL5,Makroregion południowo-zachodni,2,OKO,2774
265,2004-06-13,european,PL5,Makroregion południowo-zachodni,2,PIS,55577
266,2004-06-13,european,PL5,Makroregion południowo-zachodni,2,PO,161564
267,2004-06-13,european,PL5,Makroregion południowo-zachodni,2,PPN,0
268,2004-06-13,european,PL5,Makroregion południowo-zachodni,2,PPP,3349
269,2004-06-13,european,PL5,Makroregion południowo-zachodni,2,PSL,16877
270,2004-06-13,european,PL5,Makroregion południowo-zachodni,2,RACJA,7448
271,2004-06-13,european,PL5,Makroregion południowo-zachodni,2,RDP,0
272,2004-06-13,european,PL5,Makroregion południowo-zachodni,2,ROB,1909
273,2004-06-13,european,PL5,Makroregion południowo-zachodni,2,SAMOOBRONA,69720
274,2004-06-13,european,PL5,Makroregion południowo-zachodni,2,SLDUP,71848
275,2004-06-13,european,PL5,Makroregion południowo-zachodni,2,UPR,24183
276,2004-06-13,european,PL5,Makroregion południowo-zachodni,2,UW,31780
277,2004-06-13,european,PL5,Makroregion południowo-zachodni,2,WSP,29223
278,2004-06-13,european,PL5,Makroregion południowo-zachodni,2,ZIELONI,4837
279,2004-06-13,european,PL6,Makroregion północny,0,eligible_voters,4427030
280,2004-06-13,european,PL6,Makroregion północny,1,issued_ballots,895147
281,2004-06-13,european,PL6,Makroregion północny,2,DPL,0
282,2004-06-13,european,PL6,Makroregion północny,2,IDP,8295
283,2004-06-13,european,PL6,Makroregion północny,2,KPEIRPLD,9915
284,2004-06-13,european,PL6,Makroregion północny,2,LPR,127806
285,2004-06-13,european,PL6,Makroregion północny,2,NKWW,16443
286,2004-06-13,european,PL6,Makroregion północny,2,NOP,0
287,2004-06-13,european,PL6,Makroregion północny,2,OKO,5216
288,2004-06-13,european,PL6,Makroregion północny,2,PIS,94238
289,2004-06-13,european,PL6,Makroregion północny,2,PO,263462
290,2004-06-13,european,PL6,Makroregion północny,2,PPN,491
291,2004-06-13,european,PL6,Makroregion północny,2,PPP,5379
292,2004-06-13,european,PL6,Makroregion północny,2,PSL,41050
293,2004-06-13,european,PL6,Makroregion północny,2,RACJA,0
294,2004-06-13,european,PL6,Makroregion północny,2,RDP,0
295,2004-06-13,european,PL6,Makroregion północny,2,ROB,2381
296,2004-06-13,european,PL6,Makroregion północny,2,SAMOOBRONA,88931
297,2004-06-13,european,PL6,Makroregion północny,2,SLDUP,76376
298,2004-06-13,european,PL6,Makroregion północny,2,UPR,14333
299,2004-06-13,european,PL6,Makroregion północny,2,UW,68466
300,2004-06-13,european,PL6,Makroregion północny,2,WSP,44611
301,2004-06-13,european,PL6,Makroregion północny,2,ZIELONI,0
302,2004-06-13,european,PL7,Makroregion centralny,0,eligible_voters,3116992
303,2004-06-13,european,PL7,Makroregion centralny,1,issued_ballots,578231
304,2004-06-13,european,PL7,Makroregion centralny,2,DPL,0
305,2004-06-13,european,PL7,Makroregion centralny,2,IDP,5034
306,2004-06-13,european,PL7,Makroregion centralny,2,KPEIRPLD,7493
307,2004-06-13,european,PL7,Makroregion centralny,2,LPR,90548
308,2004-06-13,european,PL7,Makroregion centralny,2,NKWW,6207
309,2004-06-13,european,PL7,Makroregion centralny,2,NOP,1090
310,2004-06-13,european,PL7,Makroregion centralny,2,OKO,2923
311,2004-06-13,european,PL7,Makroregion centralny,2,PIS,54868
312,2004-06-13,european,PL7,Makroregion centralny,2,PO,118964
313,2004-06-13,european,PL7,Makroregion centralny,2,PPN,826
314,2004-06-13,european,PL7,Makroregion centralny,2,PPP,3402
315,2004-06-13,european,PL7,Makroregion centralny,2,PSL,62932
316,2004-06-13,european,PL7,Makroregion centralny,2,RACJA,0
317,2004-06-13,european,PL7,Makroregion centralny,2,RDP,0
318,2004-06-13,european,PL7,Makroregion centralny,2,ROB,4189
319,2004-06-13,european,PL7,Makroregion centralny,2,SAMOOBRONA,82070
320,2004-06-13,european,PL7,Makroregion centralny,2,SLDUP,59709
321,2004-06-13,european,PL7,Makroregion centralny,2,UPR,11316
322,2004-06-13,european,PL7,Makroregion centralny,2,UW,23246
323,2004-06-13,european,PL7,Makroregion centralny,2,WSP,26069
324,2004-06-13,european,PL7,Makroregion centralny,2,ZIELONI,0
325,2004-06-13,european,PL8,Makroregion wschodni,0,eligible_voters,4285247
326,2004-06-13,european,PL8,Makroregion wschodni,1,issued_ballots,883540
327,2004-06-13,european,PL8,Makroregion wschodni,2,DPL,0
328,2004-06-13,european,PL8,Makroregion wschodni,2,IDP,9469
329,2004-06-13,european,PL8,Makroregion wschodni,2,KPEIRPLD,6429
330,2004-06-13,european,PL8,Makroregion wschodni,2,LPR,202443
331,2004-06-13,european,PL8,Makroregion wschodni,2,NKWW,18810
332,2004-06-13,european,PL8,Makroregion wschodni,2,NOP,0
333,2004-06-13,european,PL8,Makroregion wschodni,2,OKO,6833
334,2004-06-13,european,PL8,Makroregion wschodni,2,PIS,119253
335,2004-06-13,european,PL8,Makroregion wschodni,2,PO,144844
336,2004-06-13,european,PL8,Makroregion wschodni,2,PPN,281
337,2004-06-13,european,PL8,Makroregion wschodni,2,PPP,4425
338,2004-06-13,european,PL8,Makroregion wschodni,2,PSL,96870
339,2004-06-13,european,PL8,Makroregion wschodni,2,RACJA,0
340,2004-06-13,european,PL8,Makroregion wschodni,2,RDP,0
341,2004-06-13,european,PL8,Makroregion wschodni,2,ROB,5599
342,2004-06-13,european,PL8,Makroregion wschodni,2,SAMOOBRONA,118170
343,2004-06-13,european,PL8,Makroregion wschodni,2,SLDUP,64782
344,2004-06-13,european,PL8,Makroregion wschodni,2,UPR,10446
345,2004-06-13,european,PL8,Makroregion wschodni,2,UW,20804
346,2004-06-13,european,PL8,Makroregion wschodni,2,WSP,30591
347,2004-06-13,european,PL8,Makroregion wschodni,2,ZIELONI,0
348,2004-06-13,european,PL9,Makroregion województwo mazowieckie,0,eligible_voters,4007329
349,2004-06-13,european,PL9,Makroregion województwo mazowieckie,1,issued_ballots,992353
350,2004-06-13,european,PL9,Makroregion województwo mazowieckie,2,DPL,0
351,2004-06-13,european,PL9,Makroregion województwo mazowieckie,2,IDP,10923
352,2004-06-13,european,PL9,Makroregion województwo mazowieckie,2,KPEIRPLD,4876
353,2004-06-13,european,PL9,Makroregion województwo mazowieckie,2,LPR,130430
354,2004-06-13,european,PL9,Makroregion województwo mazowieckie,2,NKWW,7120
355,2004-06-13,european,PL9,Makroregion województwo mazowieckie,2,NOP,0
356,2004-06-13,european,PL9,Makroregion województwo mazowieckie,2,OKO,3922
357,2004-06-13,european,PL9,Makroregion województwo mazowieckie,2,PIS,182056
358,2004-06-13,european,PL9,Makroregion województwo mazowieckie,2,PO,159573
359,2004-06-13,european,PL9,Makroregion województwo mazowieckie,2,PPN,912
360,2004-06-13,european,PL9,Makroregion województwo mazowieckie,2,PPP,4245
361,2004-06-13,european,PL9,Makroregion województwo mazowieckie,2,PSL,61241
362,2004-06-13,european,PL9,Makroregion województwo mazowieckie,2,RACJA,0
363,2004-06-13,european,PL9,Makroregion województwo mazowieckie,2,RDP,2789
364,2004-06-13,european,PL9,Makroregion województwo mazowieckie,2,ROB,1240
365,2004-06-13,european,PL9,Makroregion województwo mazowieckie,2,SAMOOBRONA,94327
366,2004-06-13,european,PL9,Makroregion województwo mazowieckie,2,SLDUP,62405
367,2004-06-13,european,PL9,Makroregion województwo mazowieckie,2,UPR,20007
368,2004-06-13,european,PL9,Makroregion województwo mazowieckie,2,UW,128345
369,2004-06-13,european,PL9,Makroregion województwo mazowieckie,2,WSP,92377
370,2004-06-13,european,PL9,Makroregion województwo mazowieckie,2,ZIELONI,4633
371,2005-09-25,parliament,PL2,Makroregion południowy,0,eligible_voters,6290915
372,2005-09-25,parliament,PL2,Makroregion południowy,1,issued_ballots,2615175
373,2005-09-25,parliament,PL2,Makroregion południowy,2,CENTRUM,2530
374,2005-09-25,parliament,PL2,Makroregion południowy,2,DO,1270
375,2005-09-25,parliament,PL2,Makroregion południowy,2,GIP,4661
376,2005-09-25,parliament,PL2,Makroregion południowy,2,IRP,696
377,2005-09-25,parliament,PL2,Makroregion południowy,2,LPR,197642
378,2005-09-25,parliament,PL2,Makroregion południowy,2,MN,0
379,2005-09-25,parliament,PL2,Makroregion południowy,2,MNS,5581
380,2005-09-25,parliament,PL2,Makroregion południowy,2,NOP,0
381,2005-09-25,parliament,PL2,Makroregion południowy,2,OKO,2423
382,2005-09-25,parliament,PL2,Makroregion południowy,2,PATRIOTYCZNY,21588
383,2005-09-25,parliament,PL2,Makroregion południowy,2,PD,59383
384,2005-09-25,parliament,PL2,Makroregion południowy,2,PIS,826588
385,2005-09-25,parliament,PL2,Makroregion południowy,2,PKM,42772
386,2005-09-25,parliament,PL2,Makroregion południowy,2,PO,703466
387,2005-09-25,parliament,PL2,Makroregion południowy,2,PPN,6450
388,2005-09-25,parliament,PL2,Makroregion południowy,2,PPP,23824
389,2005-09-25,parliament,PL2,Makroregion południowy,2,PSL,107048
390,2005-09-25,parliament,PL2,Makroregion południowy,2,SAMOOBRONA,173577
391,2005-09-25,parliament,PL2,Makroregion południowy,2,SD,92173
392,2005-09-25,parliament,PL2,Makroregion południowy,2,SLD,254462
393,2005-09-25,parliament,PL2,Makroregion południowy,2,SPRACY,0
394,2005-09-25,parliament,PL2,Makroregion południowy,2,SR,0
395,2005-09-25,parliament,PL4,Makroregion północno-zachodni,0,eligible_voters,4768149
396,2005-09-25,parliament,PL4,Makroregion północno-zachodni,1,issued_ballots,1857152
397,2005-09-25,parliament,PL4,Makroregion północno-zachodni,2,CENTRUM,1542
398,2005-09-25,parliament,PL4,Makroregion północno-zachodni,2,DO,4576
399,2005-09-25,parliament,PL4,Makroregion północno-zachodni,2,GIP,1206
400,2005-09-25,parliament,PL4,Makroregion północno-zachodni,2,IRP,561
401,2005-09-25,parliament,PL4,Makroregion północno-zachodni,2,LPR,115043
402,2005-09-25,parliament,PL4,Makroregion północno-zachodni,2,MN,0
403,2005-09-25,parliament,PL4,Makroregion północno-zachodni,2,MNS,0
404,2005-09-25,parliament,PL4,Makroregion północno-zachodni,2,NOP,323
405,2005-09-25,parliament,PL4,Makroregion północno-zachodni,2,OKO,2617
406,2005-09-25,parliament,PL4,Makroregion północno-zachodni,2,PATRIOTYCZNY,12227
407,2005-09-25,parliament,PL4,Makroregion północno-zachodni,2,PD,43390
408,2005-09-25,parliament,PL4,Makroregion północno-zachodni,2,PIS,383760
409,2005-09-25,parliament,PL4,Makroregion północno-zachodni,2,PKM,28793
410,2005-09-25,parliament,PL4,Makroregion północno-zachodni,2,PO,462720
411,2005-09-25,parliament,PL4,Makroregion północno-zachodni,2,PPN,4564
412,2005-09-25,parliament,PL4,Makroregion północno-zachodni,2,PPP,14062
413,2005-09-25,parliament,PL4,Makroregion północno-zachodni,2,PSL,122835
414,2005-09-25,parliament,PL4,Makroregion północno-zachodni,2,SAMOOBRONA,247667
415,2005-09-25,parliament,PL4,Makroregion północno-zachodni,2,SD,86484
416,2005-09-25,parliament,PL4,Makroregion północno-zachodni,2,SLD,245652
417,2005-09-25,parliament,PL4,Makroregion północno-zachodni,2,SPRACY,0
418,2005-09-25,parliament,PL4,Makroregion północno-zachodni,2,SR,0
419,2005-09-25,parliament,PL5,Makroregion południowo-zachodni,0,eligible_voters,3162568
420,2005-09-25,parliament,PL5,Makroregion południowo-zachodni,1,issued_ballots,1176907
421,2005-09-25,parliament,PL5,Makroregion południowo-zachodni,2,CENTRUM,1969
422,2005-09-25,parliament,PL5,Makroregion południowo-zachodni,2,DO,2891
423,2005-09-25,parliament,PL5,Makroregion południowo-zachodni,2,GIP,525
424,2005-09-25,parliament,PL5,Makroregion południowo-zachodni,2,IRP,0
425,2005-09-25,parliament,PL5,Makroregion południowo-zachodni,2,LPR,78059
426,2005-09-25,parliament,PL5,Makroregion południowo-zachodni,2,MN,34469
427,2005-09-25,parliament,PL5,Makroregion południowo-zachodni,2,MNS,0
428,2005-09-25,parliament,PL5,Makroregion południowo-zachodni,2,NOP,2160
429,2005-09-25,parliament,PL5,Makroregion południowo-zachodni,2,OKO,504
430,2005-09-25,parliament,PL5,Makroregion południowo-zachodni,2,PATRIOTYCZNY,12346
431,2005-09-25,parliament,PL5,Makroregion południowo-zachodni,2,PD,39643
432,2005-09-25,parliament,PL5,Makroregion południowo-zachodni,2,PIS,268166
433,2005-09-25,parliament,PL5,Makroregion południowo-zachodni,2,PKM,21474
434,2005-09-25,parliament,PL5,Makroregion południowo-zachodni,2,PO,310173
435,2005-09-25,parliament,PL5,Makroregion południowo-zachodni,2,PPN,3202
436,2005-09-25,parliament,PL5,Makroregion południowo-zachodni,2,PPP,7983
437,2005-09-25,parliament,PL5,Makroregion południowo-zachodni,2,PSL,48215
438,2005-09-25,parliament,PL5,Makroregion południowo-zachodni,2,SAMOOBRONA,122730
439,2005-09-25,parliament,PL5,Makroregion południowo-zachodni,2,SD,42627
440,2005-09-25,parliament,PL5,Makroregion południowo-zachodni,2,SLD,136905
441,2005-09-25,parliament,PL5,Makroregion południowo-zachodni,2,SPRACY,0
442,2005-09-25,parliament,PL5,Makroregion południowo-zachodni,2,SR,0
443,2005-09-25,parliament,PL6,Makroregion północny,0,eligible_voters,4467179
444,2005-09-25,parliament,PL6,Makroregion północny,1,issued_ballots,1730621
445,2005-09-25,parliament,PL6,Makroregion północny,2,CENTRUM,7056
446,2005-09-25,parliament,PL6,Makroregion północny,2,DO,5958
447,2005-09-25,parliament,PL6,Makroregion północny,2,GIP,0
448,2005-09-25,parliament,PL6,Makroregion północny,2,IRP,1021
449,2005-09-25,parliament,PL6,Makroregion północny,2,LPR,114964
450,2005-09-25,parliament,PL6,Makroregion północny,2,MN,0
451,2005-09-25,parliament,PL6,Makroregion północny,2,MNS,0
452,2005-09-25,parliament,PL6,Makroregion północny,2,NOP,1602
453,2005-09-25,parliament,PL6,Makroregion północny,2,OKO,3629
454,2005-09-25,parliament,PL6,Makroregion północny,2,PATRIOTYCZNY,14337
455,2005-09-25,parliament,PL6,Makroregion północny,2,PD,41007
456,2005-09-25,parliament,PL6,Makroregion północny,2,PIS,406840
457,2005-09-25,parliament,PL6,Makroregion północny,2,PKM,22518
458,2005-09-25,parliament,PL6,Makroregion północny,2,PO,460998
459,2005-09-25,parliament,PL6,Makroregion północny,2,PPN,4242
460,2005-09-25,parliament,PL6,Makroregion północny,2,PPP,14114
461,2005-09-25,parliament,PL6,Makroregion północny,2,PSL,92639
462,2005-09-25,parliament,PL6,Makroregion północny,2,SAMOOBRONA,198266
463,2005-09-25,parliament,PL6,Makroregion północny,2,SD,61221
464,2005-09-25,parliament,PL6,Makroregion północny,2,SLD,209198
465,2005-09-25,parliament,PL6,Makroregion północny,2,SPRACY,1019
466,2005-09-25,parliament,PL6,Makroregion północny,2,SR,0
467,2005-09-25,parliament,PL7,Makroregion centralny,0,eligible_voters,3121810
468,2005-09-25,parliament,PL7,Makroregion centralny,1,issued_ballots,1218867
469,2005-09-25,parliament,PL7,Makroregion centralny,2,CENTRUM,4532
470,2005-09-25,parliament,PL7,Makroregion centralny,2,DO,1593
471,2005-09-25,parliament,PL7,Makroregion centralny,2,GIP,418
472,2005-09-25,parliament,PL7,Makroregion centralny,2,IRP,4057
473,2005-09-25,parliament,PL7,Makroregion centralny,2,LPR,84207
474,2005-09-25,parliament,PL7,Makroregion centralny,2,MN,0
475,2005-09-25,parliament,PL7,Makroregion centralny,2,MNS,0
476,2005-09-25,parliament,PL7,Makroregion centralny,2,NOP,962
477,2005-09-25,parliament,PL7,Makroregion centralny,2,OKO,3428
478,2005-09-25,parliament,PL7,Makroregion centralny,2,PATRIOTYCZNY,15167
479,2005-09-25,parliament,PL7,Makroregion centralny,2,PD,31147
480,2005-09-25,parliament,PL7,Makroregion centralny,2,PIS,272321
481,2005-09-25,parliament,PL7,Makroregion centralny,2,PKM,14738
482,2005-09-25,parliament,PL7,Makroregion centralny,2,PO,204923
483,2005-09-25,parliament,PL7,Makroregion centralny,2,PPN,3757
484,2005-09-25,parliament,PL7,Makroregion centralny,2,PPP,10906
485,2005-09-25,parliament,PL7,Makroregion centralny,2,PSL,117011
486,2005-09-25,parliament,PL7,Makroregion centralny,2,SAMOOBRONA,199054
487,2005-09-25,parliament,PL7,Makroregion centralny,2,SD,45423
488,2005-09-25,parliament,PL7,Makroregion centralny,2,SLD,154085
489,2005-09-25,parliament,PL7,Makroregion centralny,2,SPRACY,0
490,2005-09-25,parliament,PL7,Makroregion centralny,2,SR,982
491,2005-09-25,parliament,PL8,Makroregion wschodni,0,eligible_voters,4316986
492,2005-09-25,parliament,PL8,Makroregion wschodni,1,issued_ballots,1776417
493,2005-09-25,parliament,PL8,Makroregion wschodni,2,CENTRUM,1831
494,2005-09-25,parliament,PL8,Makroregion wschodni,2,DO,12147
495,2005-09-25,parliament,PL8,Makroregion wschodni,2,GIP,1070
496,2005-09-25,parliament,PL8,Makroregion wschodni,2,IRP,2159
497,2005-09-25,parliament,PL8,Makroregion wschodni,2,LPR,214200
498,2005-09-25,parliament,PL8,Makroregion wschodni,2,MN,0
499,2005-09-25,parliament,PL8,Makroregion wschodni,2,MNS,0
500,2005-09-25,parliament,PL8,Makroregion wschodni,2,NOP,1233
501,2005-09-25,parliament,PL8,Makroregion wschodni,2,OKO,1795
502,2005-09-25,parliament,PL8,Makroregion wschodni,2,PATRIOTYCZNY,21725
503,2005-09-25,parliament,PL8,Makroregion wschodni,2,PD,20303
504,2005-09-25,parliament,PL8,Makroregion wschodni,2,PIS,507442
505,2005-09-25,parliament,PL8,Makroregion wschodni,2,PKM,19639
506,2005-09-25,parliament,PL8,Makroregion wschodni,2,PO,261039
507,2005-09-25,parliament,PL8,Makroregion wschodni,2,PPN,6547
508,2005-09-25,parliament,PL8,Makroregion wschodni,2,PPP,10724
509,2005-09-25,parliament,PL8,Makroregion wschodni,2,PSL,194633
510,2005-09-25,parliament,PL8,Makroregion wschodni,2,SAMOOBRONA,224458
511,2005-09-25,parliament,PL8,Makroregion wschodni,2,SD,54419
512,2005-09-25,parliament,PL8,Makroregion wschodni,2,SLD,153373
513,2005-09-25,parliament,PL8,Makroregion wschodni,2,SPRACY,0
514,2005-09-25,parliament,PL8,Makroregion wschodni,2,SR,0
515,2005-09-25,parliament,PL9,Makroregion województwo mazowieckie,0,eligible_voters,4051381
516,2005-09-25,parliament,PL9,Makroregion województwo mazowieckie,1,issued_ballots,1852620
517,2005-09-25,parliament,PL9,Makroregion województwo mazowieckie,2,CENTRUM,2386
518,2005-09-25,parliament,PL9,Makroregion województwo mazowieckie,2,DO,4390
519,2005-09-25,parliament,PL9,Makroregion województwo mazowieckie,2,GIP,448
520,2005-09-25,parliament,PL9,Makroregion województwo mazowieckie,2,IRP,3402
521,2005-09-25,parliament,PL9,Makroregion województwo mazowieckie,2,LPR,133700
522,2005-09-25,parliament,PL9,Makroregion województwo mazowieckie,2,MN,0
523,2005-09-25,parliament,PL9,Makroregion województwo mazowieckie,2,MNS,0
524,2005-09-25,parliament,PL9,Makroregion województwo mazowieckie,2,NOP,1058
525,2005-09-25,parliament,PL9,Makroregion województwo mazowieckie,2,OKO,1824
526,2005-09-25,parliament,PL9,Makroregion województwo mazowieckie,2,PATRIOTYCZNY,26167
527,2005-09-25,parliament,PL9,Makroregion województwo mazowieckie,2,PD,52120
528,2005-09-25,parliament,PL9,Makroregion województwo mazowieckie,2,PIS,510494
529,2005-09-25,parliament,PL9,Makroregion województwo mazowieckie,2,PKM,35030
530,2005-09-25,parliament,PL9,Makroregion województwo mazowieckie,2,PO,432616
531,2005-09-25,parliament,PL9,Makroregion województwo mazowieckie,2,PPN,5221
532,2005-09-25,parliament,PL9,Makroregion województwo mazowieckie,2,PPP,9479
533,2005-09-25,parliament,PL9,Makroregion województwo mazowieckie,2,PSL,138982
534,2005-09-25,parliament,PL9,Makroregion województwo mazowieckie,2,SAMOOBRONA,181174
535,2005-09-25,parliament,PL9,Makroregion województwo mazowieckie,2,SD,75548
536,2005-09-25,parliament,PL9,Makroregion województwo mazowieckie,2,SLD,179428
537,2005-09-25,parliament,PL9,Makroregion województwo mazowieckie,2,SPRACY,0
538,2005-09-25,parliament,PL9,Makroregion województwo mazowieckie,2,SR,0
539,2005-10-09,president_a,PL2,Makroregion południowy,0,eligible_voters,6296736
540,2005-10-09,president_a,PL2,Makroregion południowy,1,issued_ballots,3193484
541,2005-10-09,president_a,PL2,Makroregion południowy,2,Bochniarz,39377
542,2005-10-09,president_a,PL2,Makroregion południowy,2,Borowski,307281
543,2005-10-09,president_a,PL2,Makroregion południowy,2,Bubel,3117
544,2005-10-09,president_a,PL2,Makroregion południowy,2,Ilasz,6753
545,2005-10-09,president_a,PL2,Makroregion południowy,2,Kaczynski,1182388
546,2005-10-09,president_a,PL2,Makroregion południowy,2,Kalinowski,34845
547,2005-10-09,president_a,PL2,Makroregion południowy,2,KorwinMikke,47313
548,2005-10-09,president_a,PL2,Makroregion południowy,2,Lepper,307822
549,2005-10-09,president_a,PL2,Makroregion południowy,2,Pyszko,1879
550,2005-10-09,president_a,PL2,Makroregion południowy,2,Slomka,1952
551,2005-10-09,president_a,PL2,Makroregion południowy,2,Tusk,1235182
552,2005-10-09,president_a,PL2,Makroregion południowy,2,Tyminski,4626
553,2005-10-09,president_a,PL4,Makroregion północno-zachodni,0,eligible_voters,4768882
554,2005-10-09,president_a,PL4,Makroregion północno-zachodni,1,issued_ballots,2338270
555,2005-10-09,president_a,PL4,Makroregion północno-zachodni,2,Bochniarz,34243
556,2005-10-09,president_a,PL4,Makroregion północno-zachodni,2,Borowski,297222
557,2005-10-09,president_a,PL4,Makroregion północno-zachodni,2,Bubel,2589
558,2005-10-09,president_a,PL4,Makroregion północno-zachodni,2,Ilasz,5418
559,2005-10-09,president_a,PL4,Makroregion północno-zachodni,2,Kaczynski,583814
560,2005-10-09,president_a,PL4,Makroregion północno-zachodni,2,Kalinowski,37758
561,2005-10-09,president_a,PL4,Makroregion północno-zachodni,2,KorwinMikke,31637
562,2005-10-09,president_a,PL4,Makroregion północno-zachodni,2,Lepper,381057
563,2005-10-09,president_a,PL4,Makroregion północno-zachodni,2,Pyszko,1620
564,2005-10-09,president_a,PL4,Makroregion północno-zachodni,2,Slomka,1834
565,2005-10-09,president_a,PL4,Makroregion północno-zachodni,2,Tusk,940282
566,2005-10-09,president_a,PL4,Makroregion północno-zachodni,2,Tyminski,4186
567,2005-10-09,president_a,PL5,Makroregion południowo-zachodni,0,eligible_voters,3164851
568,2005-10-09,president_a,PL5,Makroregion południowo-zachodni,1,issued_ballots,1465907
569,2005-10-09,president_a,PL5,Makroregion południowo-zachodni,2,Bochniarz,19349
570,2005-10-09,president_a,PL5,Makroregion południowo-zachodni,2,Borowski,159961
571,2005-10-09,president_a,PL5,Makroregion południowo-zachodni,2,Bubel,1700
572,2005-10-09,president_a,PL5,Makroregion południowo-zachodni,2,Ilasz,3388
573,2005-10-09,president_a,PL5,Makroregion południowo-zachodni,2,Kaczynski,419977
574,2005-10-09,president_a,PL5,Makroregion południowo-zachodni,2,Kalinowski,16649
575,2005-10-09,president_a,PL5,Makroregion południowo-zachodni,2,KorwinMikke,22928
576,2005-10-09,president_a,PL5,Makroregion południowo-zachodni,2,Lepper,193380
577,2005-10-09,president_a,PL5,Makroregion południowo-zachodni,2,Pyszko,1253
578,2005-10-09,president_a,PL5,Makroregion południowo-zachodni,2,Slomka,804
579,2005-10-09,president_a,PL5,Makroregion południowo-zachodni,2,Tusk,613866
580,2005-10-09,president_a,PL5,Makroregion południowo-zachodni,2,Tyminski,2527
581,2005-10-09,president_a,PL6,Makroregion północny,0,eligible_voters,4465537
582,2005-10-09,president_a,PL6,Makroregion północny,1,issued_ballots,2192740
583,2005-10-09,president_a,PL6,Makroregion północny,2,Bochniarz,28680
584,2005-10-09,president_a,PL6,Makroregion północny,2,Borowski,240808
585,2005-10-09,president_a,PL6,Makroregion północny,2,Bubel,2304
586,2005-10-09,president_a,PL6,Makroregion północny,2,Ilasz,4848
587,2005-10-09,president_a,PL6,Makroregion północny,2,Kaczynski,612771
588,2005-10-09,president_a,PL6,Makroregion północny,2,Kalinowski,28693
589,2005-10-09,president_a,PL6,Makroregion północny,2,KorwinMikke,26280
590,2005-10-09,president_a,PL6,Makroregion północny,2,Lepper,337391
591,2005-10-09,president_a,PL6,Makroregion północny,2,Pyszko,1314
592,2005-10-09,president_a,PL6,Makroregion północny,2,Slomka,1167
593,2005-10-09,president_a,PL6,Makroregion północny,2,Tusk,888954
594,2005-10-09,president_a,PL6,Makroregion północny,2,Tyminski,3505
595,2005-10-09,president_a,PL7,Makroregion centralny,0,eligible_voters,3119255
596,2005-10-09,president_a,PL7,Makroregion centralny,1,issued_ballots,1499745
597,2005-10-09,president_a,PL7,Makroregion centralny,2,Bochniarz,19129
598,2005-10-09,president_a,PL7,Makroregion centralny,2,Borowski,175279
599,2005-10-09,president_a,PL7,Makroregion centralny,2,Bubel,2506
600,2005-10-09,president_a,PL7,Makroregion centralny,2,Ilasz,3228
601,2005-10-09,president_a,PL7,Makroregion centralny,2,Kaczynski,461536
602,2005-10-09,president_a,PL7,Makroregion centralny,2,Kalinowski,39202
603,2005-10-09,president_a,PL7,Makroregion centralny,2,KorwinMikke,23778
604,2005-10-09,president_a,PL7,Makroregion centralny,2,Lepper,328924
605,2005-10-09,president_a,PL7,Makroregion centralny,2,Pyszko,928
606,2005-10-09,president_a,PL7,Makroregion centralny,2,Slomka,933
607,2005-10-09,president_a,PL7,Makroregion centralny,2,Tusk,430436
608,2005-10-09,president_a,PL7,Makroregion centralny,2,Tyminski,2600
609,2005-10-09,president_a,PL8,Makroregion wschodni,0,eligible_voters,4311710
610,2005-10-09,president_a,PL8,Makroregion wschodni,1,issued_ballots,2106194
611,2005-10-09,president_a,PL8,Makroregion wschodni,2,Bochniarz,19907
612,2005-10-09,president_a,PL8,Makroregion wschodni,2,Borowski,154835
613,2005-10-09,president_a,PL8,Makroregion wschodni,2,Bubel,3304
614,2005-10-09,president_a,PL8,Makroregion wschodni,2,Ilasz,4473
615,2005-10-09,president_a,PL8,Makroregion wschodni,2,Kaczynski,882197
616,2005-10-09,president_a,PL8,Makroregion wschodni,2,Kalinowski,60844
617,2005-10-09,president_a,PL8,Makroregion wschodni,2,KorwinMikke,26837
618,2005-10-09,president_a,PL8,Makroregion wschodni,2,Lepper,440317
619,2005-10-09,president_a,PL8,Makroregion wschodni,2,Pyszko,2096
620,2005-10-09,president_a,PL8,Makroregion wschodni,2,Slomka,1210
621,2005-10-09,president_a,PL8,Makroregion wschodni,2,Tusk,492903
622,2005-10-09,president_a,PL8,Makroregion wschodni,2,Tyminski,3070
623,2005-10-09,president_a,PL9,Makroregion województwo mazowieckie,0,eligible_voters,4058686
624,2005-10-09,president_a,PL9,Makroregion województwo mazowieckie,1,issued_ballots,2201588
625,2005-10-09,president_a,PL9,Makroregion województwo mazowieckie,2,Bochniarz,27219
626,2005-10-09,president_a,PL9,Makroregion województwo mazowieckie,2,Borowski,205850
627,2005-10-09,president_a,PL9,Makroregion województwo mazowieckie,2,Bubel,3226
628,2005-10-09,president_a,PL9,Makroregion województwo mazowieckie,2,Ilasz,3554
629,2005-10-09,president_a,PL9,Makroregion województwo mazowieckie,2,Kaczynski,784575
630,2005-10-09,president_a,PL9,Makroregion województwo mazowieckie,2,Kalinowski,51081
631,2005-10-09,president_a,PL9,Makroregion województwo mazowieckie,2,KorwinMikke,34526
632,2005-10-09,president_a,PL9,Makroregion województwo mazowieckie,2,Lepper,269258
633,2005-10-09,president_a,PL9,Makroregion województwo mazowieckie,2,Pyszko,1222
634,2005-10-09,president_a,PL9,Makroregion województwo mazowieckie,2,Slomka,977
635,2005-10-09,president_a,PL9,Makroregion województwo mazowieckie,2,Tusk,802226
636,2005-10-09,president_a,PL9,Makroregion województwo mazowieckie,2,Tyminski,2943
637,2005-10-23,president_b,PL2,Makroregion południowy,0,eligible_voters,6301990
638,2005-10-23,president_b,PL2,Makroregion południowy,1,issued_ballots,3343213
639,2005-10-23,president_b,PL2,Makroregion południowy,2,Kaczynski,1788980
640,2005-10-23,president_b,PL2,Makroregion południowy,2,Tusk,1523502
641,2005-10-23,president_b,PL4,Makroregion północno-zachodni,0,eligible_voters,4770980
642,2005-10-23,president_b,PL4,Makroregion północno-zachodni,1,issued_ballots,2338891
643,2005-10-23,president_b,PL4,Makroregion północno-zachodni,2,Kaczynski,1043100
644,2005-10-23,president_b,PL4,Makroregion północno-zachodni,2,Tusk,1268526
645,2005-10-23,president_b,PL5,Makroregion południowo-zachodni,0,eligible_voters,3167114
646,2005-10-23,president_b,PL5,Makroregion południowo-zachodni,1,issued_ballots,1505951
647,2005-10-23,president_b,PL5,Makroregion południowo-zachodni,2,Kaczynski,681020
648,2005-10-23,president_b,PL5,Makroregion południowo-zachodni,2,Tusk,810273
649,2005-10-23,president_b,PL6,Makroregion północny,0,eligible_voters,4464809
650,2005-10-23,president_b,PL6,Makroregion północny,1,issued_ballots,2196487
651,2005-10-23,president_b,PL6,Makroregion północny,2,Kaczynski,1024023
652,2005-10-23,president_b,PL6,Makroregion północny,2,Tusk,1146887
653,2005-10-23,president_b,PL7,Makroregion centralny,0,eligible_voters,3119900
654,2005-10-23,president_b,PL7,Makroregion centralny,1,issued_ballots,1519126
655,2005-10-23,president_b,PL7,Makroregion centralny,2,Kaczynski,917730
656,2005-10-23,president_b,PL7,Makroregion centralny,2,Tusk,583134
657,2005-10-23,president_b,PL8,Makroregion wschodni,0,eligible_voters,4308302
658,2005-10-23,president_b,PL8,Makroregion wschodni,1,issued_ballots,2189664
659,2005-10-23,president_b,PL8,Makroregion wschodni,2,Kaczynski,1517885
660,2005-10-23,president_b,PL8,Makroregion wschodni,2,Tusk,652483
661,2005-10-23,president_b,PL9,Makroregion województwo mazowieckie,0,eligible_voters,4065881
662,2005-10-23,president_b,PL9,Makroregion województwo mazowieckie,1,issued_ballots,2297994
663,2005-10-23,president_b,PL9,Makroregion województwo mazowieckie,2,Kaczynski,1263259
664,2005-10-23,president_b,PL9,Makroregion województwo mazowieckie,2,Tusk,1011035
665,2007-10-21,parliament,PL2,Makroregion południowy,0,eligible_voters,6330224
666,2007-10-21,parliament,PL2,Makroregion południowy,1,issued_ballots,3504956
667,2007-10-21,parliament,PL2,Makroregion południowy,2,LID,411921
668,2007-10-21,parliament,PL2,Makroregion południowy,2,LPR,41739
669,2007-10-21,parliament,PL2,Makroregion południowy,2,MN,0
670,2007-10-21,parliament,PL2,Makroregion południowy,2,PIS,1219178
671,2007-10-21,parliament,PL2,Makroregion południowy,2,PK,4832
672,2007-10-21,parliament,PL2,Makroregion południowy,2,PO,1462111
673,2007-10-21,parliament,PL2,Makroregion południowy,2,PPP,44343
674,2007-10-21,parliament,PL2,Makroregion południowy,2,PSL,216802
675,2007-10-21,parliament,PL2,Makroregion południowy,2,SAMOOBRONA,31353
676,2007-10-21,parliament,PL2,Makroregion południowy,2,SPATRIOTYCZNA,0
677,2007-10-21,parliament,PL4,Makroregion północno-zachodni,0,eligible_voters,4820884
678,2007-10-21,parliament,PL4,Makroregion północno-zachodni,1,issued_ballots,2574538
679,2007-10-21,parliament,PL4,Makroregion północno-zachodni,2,LID,420069
680,2007-10-21,parliament,PL4,Makroregion północno-zachodni,2,LPR,30339
681,2007-10-21,parliament,PL4,Makroregion północno-zachodni,2,MN,0
682,2007-10-21,parliament,PL4,Makroregion północno-zachodni,2,PIS,595586
683,2007-10-21,parliament,PL4,Makroregion północno-zachodni,2,PK,0
684,2007-10-21,parliament,PL4,Makroregion północno-zachodni,2,PO,1151596
685,2007-10-21,parliament,PL4,Makroregion północno-zachodni,2,PPP,27181
686,2007-10-21,parliament,PL4,Makroregion północno-zachodni,2,PSL,236047
687,2007-10-21,parliament,PL4,Makroregion północno-zachodni,2,SAMOOBRONA,48756
688,2007-10-21,parliament,PL4,Makroregion północno-zachodni,2,SPATRIOTYCZNA,0
689,2007-10-21,parliament,PL5,Makroregion południowo-zachodni,0,eligible_voters,3176366
690,2007-10-21,parliament,PL5,Makroregion południowo-zachodni,1,issued_ballots,1634991
691,2007-10-21,parliament,PL5,Makroregion południowo-zachodni,2,LID,214102
692,2007-10-21,parliament,PL5,Makroregion południowo-zachodni,2,LPR,18734
693,2007-10-21,parliament,PL5,Makroregion południowo-zachodni,2,MN,32462
694,2007-10-21,parliament,PL5,Makroregion południowo-zachodni,2,PIS,430572
695,2007-10-21,parliament,PL5,Makroregion południowo-zachodni,2,PK,0
696,2007-10-21,parliament,PL5,Makroregion południowo-zachodni,2,PO,767237
697,2007-10-21,parliament,PL5,Makroregion południowo-zachodni,2,PPP,15351
698,2007-10-21,parliament,PL5,Makroregion południowo-zachodni,2,PSL,99098
699,2007-10-21,parliament,PL5,Makroregion południowo-zachodni,2,SAMOOBRONA,22954
700,2007-10-21,parliament,PL5,Makroregion południowo-zachodni,2,SPATRIOTYCZNA,0
701,2007-10-21,parliament,PL6,Makroregion północny,0,eligible_voters,4504470
702,2007-10-21,parliament,PL6,Makroregion północny,1,issued_ballots,2370576
703,2007-10-21,parliament,PL6,Makroregion północny,2,LID,342019
704,2007-10-21,parliament,PL6,Makroregion północny,2,LPR,28290
705,2007-10-21,parliament,PL6,Makroregion północny,2,MN,0
706,2007-10-21,parliament,PL6,Makroregion północny,2,PIS,596322
707,2007-10-21,parliament,PL6,Makroregion północny,2,PK,0
708,2007-10-21,parliament,PL6,Makroregion północny,2,PO,1089168
709,2007-10-21,parliament,PL6,Makroregion północny,2,PPP,23096
710,2007-10-21,parliament,PL6,Makroregion północny,2,PSL,196611
711,2007-10-21,parliament,PL6,Makroregion północny,2,SAMOOBRONA,41813
712,2007-10-21,parliament,PL6,Makroregion północny,2,SPATRIOTYCZNA,0
713,2007-10-21,parliament,PL7,Makroregion centralny,0,eligible_voters,3119662
714,2007-10-21,parliament,PL7,Makroregion centralny,1,issued_ballots,1615872
715,2007-10-21,parliament,PL7,Makroregion centralny,2,LID,231465
716,2007-10-21,parliament,PL7,Makroregion centralny,2,LPR,17869
717,2007-10-21,parliament,PL7,Makroregion centralny,2,MN,0
718,2007-10-21,parliament,PL7,Makroregion centralny,2,PIS,561600
719,2007-10-21,parliament,PL7,Makroregion centralny,2,PK,17184
720,2007-10-21,parliament,PL7,Makroregion centralny,2,PO,525990
721,2007-10-21,parliament,PL7,Makroregion centralny,2,PPP,14532
722,2007-10-21,parliament,PL7,Makroregion centralny,2,PSL,180048
723,2007-10-21,parliament,PL7,Makroregion centralny,2,SAMOOBRONA,31006
724,2007-10-21,parliament,PL7,Makroregion centralny,2,SPATRIOTYCZNA,0
725,2007-10-21,parliament,PL8,Makroregion wschodni,0,eligible_voters,4348792
726,2007-10-21,parliament,PL8,Makroregion wschodni,1,issued_ballots,2183092
727,2007-10-21,parliament,PL8,Makroregion wschodni,2,LID,231008
728,2007-10-21,parliament,PL8,Makroregion wschodni,2,LPR,37602
729,2007-10-21,parliament,PL8,Makroregion wschodni,2,MN,0
730,2007-10-21,parliament,PL8,Makroregion wschodni,2,PIS,910083
731,2007-10-21,parliament,PL8,Makroregion wschodni,2,PK,9113
732,2007-10-21,parliament,PL8,Makroregion wschodni,2,PO,615190
733,2007-10-21,parliament,PL8,Makroregion wschodni,2,PPP,18514
734,2007-10-21,parliament,PL8,Makroregion wschodni,2,PSL,270884
735,2007-10-21,parliament,PL8,Makroregion wschodni,2,SAMOOBRONA,41050
736,2007-10-21,parliament,PL8,Makroregion wschodni,2,SPATRIOTYCZNA,2531
737,2007-10-21,parliament,PL9,Makroregion województwo mazowieckie,0,eligible_voters,4124088
738,2007-10-21,parliament,PL9,Makroregion województwo mazowieckie,1,issued_ballots,2461500
739,2007-10-21,parliament,PL9,Makroregion województwo mazowieckie,2,LID,260073
740,2007-10-21,parliament,PL9,Makroregion województwo mazowieckie,2,LPR,32715
741,2007-10-21,parliament,PL9,Makroregion województwo mazowieckie,2,MN,0
742,2007-10-21,parliament,PL9,Makroregion województwo mazowieckie,2,PIS,826425
743,2007-10-21,parliament,PL9,Makroregion województwo mazowieckie,2,PK,12330
744,2007-10-21,parliament,PL9,Makroregion województwo mazowieckie,2,PO,1004827
745,2007-10-21,parliament,PL9,Makroregion województwo mazowieckie,2,PPP,16909
746,2007-10-21,parliament,PL9,Makroregion województwo mazowieckie,2,PSL,236381
747,2007-10-21,parliament,PL9,Makroregion województwo mazowieckie,2,SAMOOBRONA,30113
748,2007-10-21,parliament,PL9,Makroregion województwo mazowieckie,2,SPATRIOTYCZNA,0
749,2009-06-07,european,PL2,Makroregion południowy,0,eligible_voters,6338753
750,2009-06-07,european,PL2,Makroregion południowy,1,issued_ballots,1675878
751,2009-06-07,european,PL2,Makroregion południowy,2,LIBERTAS,12996
752,2009-06-07,european,PL2,Makroregion południowy,2,PIAST,1537
753,2009-06-07,european,PL2,Makroregion południowy,2,PIS,512511
754,2009-06-07,european,PL2,Makroregion południowy,2,PO,797738
755,2009-06-07,european,PL2,Makroregion południowy,2,PPP,11030
756,2009-06-07,european,PL2,Makroregion południowy,2,PPS,0
757,2009-06-07,european,PL2,Makroregion południowy,2,PRAWICA,22207
758,2009-06-07,european,PL2,Makroregion południowy,2,PSL,55805
759,2009-06-07,european,PL2,Makroregion południowy,2,SAMOOBRONA,12804
760,2009-06-07,european,PL2,Makroregion południowy,2,SLDUP,173939
761,2009-06-07,european,PL2,Makroregion południowy,2,UPR,16758
762,2009-06-07,european,PL2,Makroregion południowy,2,ZIELONI,29656
763,2009-06-07,european,PL4,Makroregion północno-zachodni,0,eligible_voters,4853667
764,2009-06-07,european,PL4,Makroregion północno-zachodni,1,issued_ballots,1101105
765,2009-06-07,european,PL4,Makroregion północno-zachodni,2,LIBERTAS,14809
766,2009-06-07,european,PL4,Makroregion północno-zachodni,2,PIAST,0
767,2009-06-07,european,PL4,Makroregion północno-zachodni,2,PIS,210812
768,2009-06-07,european,PL4,Makroregion północno-zachodni,2,PO,492462
769,2009-06-07,european,PL4,Makroregion północno-zachodni,2,PPP,10069
770,2009-06-07,european,PL4,Makroregion północno-zachodni,2,PPS,0
771,2009-06-07,european,PL4,Makroregion północno-zachodni,2,PRAWICA,24117
772,2009-06-07,european,PL4,Makroregion północno-zachodni,2,PSL,75001
773,2009-06-07,european,PL4,Makroregion północno-zachodni,2,SAMOOBRONA,20494
774,2009-06-07,european,PL4,Makroregion północno-zachodni,2,SLDUP,183644
775,2009-06-07,european,PL4,Makroregion północno-zachodni,2,UPR,13228
776,2009-06-07,european,PL4,Makroregion północno-zachodni,2,ZIELONI,30046
777,2009-06-07,european,PL5,Makroregion południowo-zachodni,0,eligible_voters,3170270
778,2009-06-07,european,PL5,Makroregion południowo-zachodni,1,issued_ballots,722473
779,2009-06-07,european,PL5,Makroregion południowo-zachodni,2,LIBERTAS,8266
780,2009-06-07,european,PL5,Makroregion południowo-zachodni,2,PIAST,0
781,2009-06-07,european,PL5,Makroregion południowo-zachodni,2,PIS,163197
782,2009-06-07,european,PL5,Makroregion południowo-zachodni,2,PO,347617
783,2009-06-07,european,PL5,Makroregion południowo-zachodni,2,PPP,6282
784,2009-06-07,european,PL5,Makroregion południowo-zachodni,2,PPS,0
785,2009-06-07,european,PL5,Makroregion południowo-zachodni,2,PRAWICA,8736
786,2009-06-07,european,PL5,Makroregion południowo-zachodni,2,PSL,41975
787,2009-06-07,european,PL5,Makroregion południowo-zachodni,2,SAMOOBRONA,11771
788,2009-06-07,european,PL5,Makroregion południowo-zachodni,2,SLDUP,93172
789,2009-06-07,european,PL5,Makroregion południowo-zachodni,2,UPR,8422
790,2009-06-07,european,PL5,Makroregion południowo-zachodni,2,ZIELONI,19387
791,2009-06-07,european,PL6,Makroregion północny,0,eligible_voters,4541303
792,2009-06-07,european,PL6,Makroregion północny,1,issued_ballots,1093340
793,2009-06-07,european,PL6,Makroregion północny,2,LIBERTAS,9210
794,2009-06-07,european,PL6,Makroregion północny,2,PIAST,0
795,2009-06-07,european,PL6,Makroregion północny,2,PIS,224903
796,2009-06-07,european,PL6,Makroregion północny,2,PO,540760
797,2009-06-07,european,PL6,Makroregion północny,2,PPP,7310
798,2009-06-07,european,PL6,Makroregion północny,2,PPS,961
799,2009-06-07,european,PL6,Makroregion północny,2,PRAWICA,12676
800,2009-06-07,european,PL6,Makroregion północny,2,PSL,70777
801,2009-06-07,european,PL6,Makroregion północny,2,SAMOOBRONA,17346
802,2009-06-07,european,PL6,Makroregion północny,2,SLDUP,166072
803,2009-06-07,european,PL6,Makroregion północny,2,UPR,10747
804,2009-06-07,european,PL6,Makroregion północny,2,ZIELONI,11640
805,2009-06-07,european,PL7,Makroregion centralny,0,eligible_voters,3118523
806,2009-06-07,european,PL7,Makroregion centralny,1,issued_ballots,710773
807,2009-06-07,european,PL7,Makroregion centralny,2,LIBERTAS,5903
808,2009-06-07,european,PL7,Makroregion centralny,2,PIAST,0
809,2009-06-07,european,PL7,Makroregion centralny,2,PIS,213496
810,2009-06-07,european,PL7,Makroregion centralny,2,PO,258516
811,2009-06-07,european,PL7,Makroregion centralny,2,PPP,5502
812,2009-06-07,european,PL7,Makroregion centralny,2,PPS,0
813,2009-06-07,european,PL7,Makroregion centralny,2,PRAWICA,8513
814,2009-06-07,european,PL7,Makroregion centralny,2,PSL,60997
815,2009-06-07,european,PL7,Makroregion centralny,2,SAMOOBRONA,14118
816,2009-06-07,european,PL7,Makroregion centralny,2,SLDUP,102145
817,2009-06-07,european,PL7,Makroregion centralny,2,UPR,6410
818,2009-06-07,european,PL7,Makroregion centralny,2,ZIELONI,20421
819,2009-06-07,european,PL8,Makroregion wschodni,0,eligible_voters,4391112
820,2009-06-07,european,PL8,Makroregion wschodni,1,issued_ballots,969143
821,2009-06-07,european,PL8,Makroregion wschodni,2,LIBERTAS,18057
822,2009-06-07,european,PL8,Makroregion wschodni,2,PIAST,0
823,2009-06-07,european,PL8,Makroregion wschodni,2,PIS,366780
824,2009-06-07,european,PL8,Makroregion wschodni,2,PO,286276
825,2009-06-07,european,PL8,Makroregion wschodni,2,PPP,5647
826,2009-06-07,european,PL8,Makroregion wschodni,2,PPS,370
827,2009-06-07,european,PL8,Makroregion wschodni,2,PRAWICA,21505
828,2009-06-07,european,PL8,Makroregion wschodni,2,PSL,116136
829,2009-06-07,european,PL8,Makroregion wschodni,2,SAMOOBRONA,19831
830,2009-06-07,european,PL8,Makroregion wschodni,2,SLDUP,74816
831,2009-06-07,european,PL8,Makroregion wschodni,2,UPR,12067
832,2009-06-07,european,PL8,Makroregion wschodni,2,ZIELONI,29081
833,2009-06-07,european,PL9,Makroregion województwo mazowieckie,0,eligible_voters,4125565
834,2009-06-07,european,PL9,Makroregion województwo mazowieckie,1,issued_ballots,1213105
835,2009-06-07,european,PL9,Makroregion województwo mazowieckie,2,LIBERTAS,14281
836,2009-06-07,european,PL9,Makroregion województwo mazowieckie,2,PIAST,0
837,2009-06-07,european,PL9,Makroregion województwo mazowieckie,2,PIS,320388
838,2009-06-07,european,PL9,Makroregion województwo mazowieckie,2,PO,539240
839,2009-06-07,european,PL9,Makroregion województwo mazowieckie,2,PPP,5971
840,2009-06-07,european,PL9,Makroregion województwo mazowieckie,2,PPS,0
841,2009-06-07,european,PL9,Makroregion województwo mazowieckie,2,PRAWICA,45384
842,2009-06-07,european,PL9,Makroregion województwo mazowieckie,2,PSL,95079
843,2009-06-07,european,PL9,Makroregion województwo mazowieckie,2,SAMOOBRONA,10761
844,2009-06-07,european,PL9,Makroregion województwo mazowieckie,2,SLDUP,113500
845,2009-06-07,european,PL9,Makroregion województwo mazowieckie,2,UPR,13201
846,2009-06-07,european,PL9,Makroregion województwo mazowieckie,2,ZIELONI,38336
847,2010-06-20,president_a,PL2,Makroregion południowy,0,eligible_voters,6337528
848,2010-06-20,president_a,PL2,Makroregion południowy,1,issued_ballots,3547002
849,2010-06-20,president_a,PL2,Makroregion południowy,2,Jurek,48827
850,2010-06-20,president_a,PL2,Makroregion południowy,2,Kaczynski,1343436
851,2010-06-20,president_a,PL2,Makroregion południowy,2,Komorowski,1444415
852,2010-06-20,president_a,PL2,Makroregion południowy,2,KorwinMikke,97903
853,2010-06-20,president_a,PL2,Makroregion południowy,2,Lepper,28868
854,2010-06-20,president_a,PL2,Makroregion południowy,2,Morawiecki,4114
855,2010-06-20,president_a,PL2,Makroregion południowy,2,Napieralski,455671
856,2010-06-20,president_a,PL2,Makroregion południowy,2,Olechowski,52923
857,2010-06-20,president_a,PL2,Makroregion południowy,2,Pawlak,39126
858,2010-06-20,president_a,PL2,Makroregion południowy,2,Zietek,8013
859,2010-06-20,president_a,PL4,Makroregion północno-zachodni,0,eligible_voters,4879801
860,2010-06-20,president_a,PL4,Makroregion północno-zachodni,1,issued_ballots,2641074
861,2010-06-20,president_a,PL4,Makroregion północno-zachodni,2,Jurek,19944
862,2010-06-20,president_a,PL4,Makroregion północno-zachodni,2,Kaczynski,706874
863,2010-06-20,president_a,PL4,Makroregion północno-zachodni,2,Komorowski,1270228
864,2010-06-20,president_a,PL4,Makroregion północno-zachodni,2,KorwinMikke,58855
865,2010-06-20,president_a,PL4,Makroregion północno-zachodni,2,Lepper,40260
866,2010-06-20,president_a,PL4,Makroregion północno-zachodni,2,Morawiecki,3339
867,2010-06-20,president_a,PL4,Makroregion północno-zachodni,2,Napieralski,434663
868,2010-06-20,president_a,PL4,Makroregion północno-zachodni,2,Olechowski,37680
869,2010-06-20,president_a,PL4,Makroregion północno-zachodni,2,Pawlak,45418
870,2010-06-20,president_a,PL4,Makroregion północno-zachodni,2,Zietek,4349
871,2010-06-20,president_a,PL5,Makroregion południowo-zachodni,0,eligible_voters,3170329
872,2010-06-20,president_a,PL5,Makroregion południowo-zachodni,1,issued_ballots,1640499
873,2010-06-20,president_a,PL5,Makroregion południowo-zachodni,2,Jurek,15748
874,2010-06-20,president_a,PL5,Makroregion południowo-zachodni,2,Kaczynski,486624
875,2010-06-20,president_a,PL5,Makroregion południowo-zachodni,2,Komorowski,786600
876,2010-06-20,president_a,PL5,Makroregion południowo-zachodni,2,KorwinMikke,42612
877,2010-06-20,president_a,PL5,Makroregion południowo-zachodni,2,Lepper,20603
878,2010-06-20,president_a,PL5,Makroregion południowo-zachodni,2,Morawiecki,3417
879,2010-06-20,president_a,PL5,Makroregion południowo-zachodni,2,Napieralski,225989
880,2010-06-20,president_a,PL5,Makroregion południowo-zachodni,2,Olechowski,25630
881,2010-06-20,president_a,PL5,Makroregion południowo-zachodni,2,Pawlak,18315
882,2010-06-20,president_a,PL5,Makroregion południowo-zachodni,2,Zietek,2747
883,2010-06-20,president_a,PL6,Makroregion północny,0,eligible_voters,4568283
884,2010-06-20,president_a,PL6,Makroregion północny,1,issued_ballots,2451489
885,2010-06-20,president_a,PL6,Makroregion północny,2,Jurek,20264
886,2010-06-20,president_a,PL6,Makroregion północny,2,Kaczynski,693181
887,2010-06-20,president_a,PL6,Makroregion północny,2,Komorowski,1195472
888,2010-06-20,president_a,PL6,Makroregion północny,2,KorwinMikke,55208
889,2010-06-20,president_a,PL6,Makroregion północny,2,Lepper,37726
890,2010-06-20,president_a,PL6,Makroregion północny,2,Morawiecki,3052
891,2010-06-20,president_a,PL6,Makroregion północny,2,Napieralski,349973
892,2010-06-20,president_a,PL6,Makroregion północny,2,Olechowski,36403
893,2010-06-20,president_a,PL6,Makroregion północny,2,Pawlak,37246
894,2010-06-20,president_a,PL6,Makroregion północny,2,Zietek,3870
895,2010-06-20,president_a,PL7,Makroregion centralny,0,eligible_voters,3110067
896,2010-06-20,president_a,PL7,Makroregion centralny,1,issued_ballots,1668063
897,2010-06-20,president_a,PL7,Makroregion centralny,2,Jurek,12710
898,2010-06-20,president_a,PL7,Makroregion centralny,2,Kaczynski,682376
899,2010-06-20,president_a,PL7,Makroregion centralny,2,Komorowski,563923
900,2010-06-20,president_a,PL7,Makroregion centralny,2,KorwinMikke,39680
901,2010-06-20,president_a,PL7,Makroregion centralny,2,Lepper,25165
902,2010-06-20,president_a,PL7,Makroregion centralny,2,Morawiecki,2014
903,2010-06-20,president_a,PL7,Makroregion centralny,2,Napieralski,262671
904,2010-06-20,president_a,PL7,Makroregion centralny,2,Olechowski,21601
905,2010-06-20,president_a,PL7,Makroregion centralny,2,Pawlak,42250
906,2010-06-20,president_a,PL7,Makroregion centralny,2,Zietek,3014
907,2010-06-20,president_a,PL8,Makroregion wschodni,0,eligible_voters,4398344
908,2010-06-20,president_a,PL8,Makroregion wschodni,1,issued_ballots,2317597
909,2010-06-20,president_a,PL8,Makroregion wschodni,2,Jurek,30183
910,2010-06-20,president_a,PL8,Makroregion wschodni,2,Kaczynski,1144663
911,2010-06-20,president_a,PL8,Makroregion wschodni,2,Komorowski,670503
912,2010-06-20,president_a,PL8,Makroregion wschodni,2,KorwinMikke,54172
913,2010-06-20,president_a,PL8,Makroregion wschodni,2,Lepper,38915
914,2010-06-20,president_a,PL8,Makroregion wschodni,2,Morawiecki,2621
915,2010-06-20,president_a,PL8,Makroregion wschodni,2,Napieralski,268608
916,2010-06-20,president_a,PL8,Makroregion wschodni,2,Olechowski,26359
917,2010-06-20,president_a,PL8,Makroregion wschodni,2,Pawlak,62053
918,2010-06-20,president_a,PL8,Makroregion wschodni,2,Zietek,3781
919,2010-06-20,president_a,PL9,Makroregion województwo mazowieckie,0,eligible_voters,4150325
920,2010-06-20,president_a,PL9,Makroregion województwo mazowieckie,1,issued_ballots,2493956
921,2010-06-20,president_a,PL9,Makroregion województwo mazowieckie,2,Jurek,28015
922,2010-06-20,president_a,PL9,Makroregion województwo mazowieckie,2,Kaczynski,1008618
923,2010-06-20,president_a,PL9,Makroregion województwo mazowieckie,2,Komorowski,968892
924,2010-06-20,president_a,PL9,Makroregion województwo mazowieckie,2,KorwinMikke,62969
925,2010-06-20,president_a,PL9,Makroregion województwo mazowieckie,2,Lepper,22728
926,2010-06-20,president_a,PL9,Makroregion województwo mazowieckie,2,Morawiecki,2819
927,2010-06-20,president_a,PL9,Makroregion województwo mazowieckie,2,Napieralski,290176
928,2010-06-20,president_a,PL9,Makroregion województwo mazowieckie,2,Olechowski,38528
929,2010-06-20,president_a,PL9,Makroregion województwo mazowieckie,2,Pawlak,48943
930,2010-06-20,president_a,PL9,Makroregion województwo mazowieckie,2,Zietek,3608
931,2010-07-04,president_b,PL2,Makroregion południowy,0,eligible_voters,6312045
932,2010-07-04,president_b,PL2,Makroregion południowy,1,issued_ballots,3550728
933,2010-07-04,president_b,PL2,Makroregion południowy,2,Kaczynski,1702714
934,2010-07-04,president_b,PL2,Makroregion południowy,2,Komorowski,1808371
935,2010-07-04,president_b,PL4,Makroregion północno-zachodni,0,eligible_voters,4889137
936,2010-07-04,president_b,PL4,Makroregion północno-zachodni,1,issued_ballots,2588172
937,2010-07-04,president_b,PL4,Makroregion północno-zachodni,2,Kaczynski,942764
938,2010-07-04,president_b,PL4,Makroregion północno-zachodni,2,Komorowski,1613249
939,2010-07-04,president_b,PL5,Makroregion południowo-zachodni,0,eligible_voters,3151112
940,2010-07-04,president_b,PL5,Makroregion południowo-zachodni,1,issued_ballots,1613590
941,2010-07-04,president_b,PL5,Makroregion południowo-zachodni,2,Kaczynski,619258
942,2010-07-04,president_b,PL5,Makroregion południowo-zachodni,2,Komorowski,975286
943,2010-07-04,president_b,PL6,Makroregion północny,0,eligible_voters,4626197
944,2010-07-04,president_b,PL6,Makroregion północny,1,issued_ballots,2489688
945,2010-07-04,president_b,PL6,Makroregion północny,2,Kaczynski,915862
946,2010-07-04,president_b,PL6,Makroregion północny,2,Komorowski,1543581
947,2010-07-04,president_b,PL7,Makroregion centralny,0,eligible_voters,3091850
948,2010-07-04,president_b,PL7,Makroregion centralny,1,issued_ballots,1698241
949,2010-07-04,president_b,PL7,Makroregion centralny,2,Kaczynski,920813
950,2010-07-04,president_b,PL7,Makroregion centralny,2,Komorowski,756116
951,2010-07-04,president_b,PL8,Makroregion wschodni,0,eligible_voters,4396632
952,2010-07-04,president_b,PL8,Makroregion wschodni,1,issued_ballots,2426509
953,2010-07-04,president_b,PL8,Makroregion wschodni,2,Kaczynski,1475219
954,2010-07-04,president_b,PL8,Makroregion wschodni,2,Komorowski,925341
955,2010-07-04,president_b,PL9,Makroregion województwo mazowieckie,0,eligible_voters,4089682
956,2010-07-04,president_b,PL9,Makroregion województwo mazowieckie,1,issued_ballots,2483913
957,2010-07-04,president_b,PL9,Makroregion województwo mazowieckie,2,Kaczynski,1262440
958,2010-07-04,president_b,PL9,Makroregion województwo mazowieckie,2,Komorowski,1190175
959,2011-10-09,parliament,PL2,Makroregion południowy,0,eligible_voters,6338479
960,2011-10-09,parliament,PL2,Makroregion południowy,1,issued_ballots,3185169
961,2011-10-09,parliament,PL2,Makroregion południowy,2,MN,0
962,2011-10-09,parliament,PL2,Makroregion południowy,2,NP,40521
963,2011-10-09,parliament,PL2,Makroregion południowy,2,PIS,963544
964,2011-10-09,parliament,PL2,Makroregion południowy,2,PJN,79816
965,2011-10-09,parliament,PL2,Makroregion południowy,2,PO,1249397
966,2011-10-09,parliament,PL2,Makroregion południowy,2,PPP,19371
967,2011-10-09,parliament,PL2,Makroregion południowy,2,PRAWICA,11727
968,2011-10-09,parliament,PL2,Makroregion południowy,2,PSL,169451
969,2011-10-09,parliament,PL2,Makroregion południowy,2,RP,295154
970,2011-10-09,parliament,PL2,Makroregion południowy,2,SAMOOBRONA,0
971,2011-10-09,parliament,PL2,Makroregion południowy,2,SLD,217987
972,2011-10-09,parliament,PL4,Makroregion północno-zachodni,0,eligible_voters,4877150
973,2011-10-09,parliament,PL4,Makroregion północno-zachodni,1,issued_ballots,2318889
974,2011-10-09,parliament,PL4,Makroregion północno-zachodni,2,MN,0
975,2011-10-09,parliament,PL4,Makroregion północno-zachodni,2,NP,22470
976,2011-10-09,parliament,PL4,Makroregion północno-zachodni,2,PIS,481093
977,2011-10-09,parliament,PL4,Makroregion północno-zachodni,2,PJN,40410
978,2011-10-09,parliament,PL4,Makroregion północno-zachodni,2,PO,966633
979,2011-10-09,parliament,PL4,Makroregion północno-zachodni,2,PPP,11937
980,2011-10-09,parliament,PL4,Makroregion północno-zachodni,2,PRAWICA,2422
981,2011-10-09,parliament,PL4,Makroregion północno-zachodni,2,PSL,175896
982,2011-10-09,parliament,PL4,Makroregion północno-zachodni,2,RP,249637
983,2011-10-09,parliament,PL4,Makroregion północno-zachodni,2,SAMOOBRONA,0
984,2011-10-09,parliament,PL4,Makroregion północno-zachodni,2,SLD,238880
985,2011-10-09,parliament,PL5,Makroregion południowo-zachodni,0,eligible_voters,3167541
986,2011-10-09,parliament,PL5,Makroregion południowo-zachodni,1,issued_ballots,1456212
987,2011-10-09,parliament,PL5,Makroregion południowo-zachodni,2,MN,28014
988,2011-10-09,parliament,PL5,Makroregion południowo-zachodni,2,NP,11685
989,2011-10-09,parliament,PL5,Makroregion południowo-zachodni,2,PIS,342598
990,2011-10-09,parliament,PL5,Makroregion południowo-zachodni,2,PJN,25792
991,2011-10-09,parliament,PL5,Makroregion południowo-zachodni,2,PO,630561
992,2011-10-09,parliament,PL5,Makroregion południowo-zachodni,2,PPP,7893
993,2011-10-09,parliament,PL5,Makroregion południowo-zachodni,2,PRAWICA,1967
994,2011-10-09,parliament,PL5,Makroregion południowo-zachodni,2,PSL,72579
995,2011-10-09,parliament,PL5,Makroregion południowo-zachodni,2,RP,147297
996,2011-10-09,parliament,PL5,Makroregion południowo-zachodni,2,SAMOOBRONA,0
997,2011-10-09,parliament,PL5,Makroregion południowo-zachodni,2,SLD,117479
998,2011-10-09,parliament,PL6,Makroregion północny,0,eligible_voters,4559699
999,2011-10-09,parliament,PL6,Makroregion północny,1,issued_ballots,2155631
1000,2011-10-09,parliament,PL6,Makroregion północny,2,MN,0
1001,2011-10-09,parliament,PL6,Makroregion północny,2,NP,11342
1002,2011-10-09,parliament,PL6,Makroregion północny,2,PIS,492836
1003,2011-10-09,parliament,PL6,Makroregion północny,2,PJN,42524
1004,2011-10-09,parliament,PL6,Makroregion północny,2,PO,930362
1005,2011-10-09,parliament,PL6,Makroregion północny,2,PPP,12003
1006,2011-10-09,parliament,PL6,Makroregion północny,2,PRAWICA,1740
1007,2011-10-09,parliament,PL6,Makroregion północny,2,PSL,163330
1008,2011-10-09,parliament,PL6,Makroregion północny,2,RP,214825
1009,2011-10-09,parliament,PL6,Makroregion północny,2,SAMOOBRONA,1989
1010,2011-10-09,parliament,PL6,Makroregion północny,2,SLD,173095
1011,2011-10-09,parliament,PL7,Makroregion centralny,0,eligible_voters,3101930
1012,2011-10-09,parliament,PL7,Makroregion centralny,1,issued_ballots,1468211
1013,2011-10-09,parliament,PL7,Makroregion centralny,2,MN,0
1014,2011-10-09,parliament,PL7,Makroregion centralny,2,NP,20241
1015,2011-10-09,parliament,PL7,Makroregion centralny,2,PIS,441274
1016,2011-10-09,parliament,PL7,Makroregion centralny,2,PJN,23669
1017,2011-10-09,parliament,PL7,Makroregion centralny,2,PO,455156
1018,2011-10-09,parliament,PL7,Makroregion centralny,2,PPP,7956
1019,2011-10-09,parliament,PL7,Makroregion centralny,2,PRAWICA,4612
1020,2011-10-09,parliament,PL7,Makroregion centralny,2,PSL,172800
1021,2011-10-09,parliament,PL7,Makroregion centralny,2,RP,136168
1022,2011-10-09,parliament,PL7,Makroregion centralny,2,SAMOOBRONA,3240
1023,2011-10-09,parliament,PL7,Makroregion centralny,2,SLD,131086
1024,2011-10-09,parliament,PL8,Makroregion wschodni,0,eligible_voters,4403027
1025,2011-10-09,parliament,PL8,Makroregion wschodni,1,issued_ballots,2054669
1026,2011-10-09,parliament,PL8,Makroregion wschodni,2,MN,0
1027,2011-10-09,parliament,PL8,Makroregion wschodni,2,NP,28356
1028,2011-10-09,parliament,PL8,Makroregion wschodni,2,PIS,813148
1029,2011-10-09,parliament,PL8,Makroregion wschodni,2,PJN,41312
1030,2011-10-09,parliament,PL8,Makroregion wschodni,2,PO,493755
1031,2011-10-09,parliament,PL8,Makroregion wschodni,2,PPP,8309
1032,2011-10-09,parliament,PL8,Makroregion wschodni,2,PRAWICA,6849
1033,2011-10-09,parliament,PL8,Makroregion wschodni,2,PSL,248360
1034,2011-10-09,parliament,PL8,Makroregion wschodni,2,RP,178594
1035,2011-10-09,parliament,PL8,Makroregion wschodni,2,SAMOOBRONA,4504
1036,2011-10-09,parliament,PL8,Makroregion wschodni,2,SLD,138971
1037,2011-10-09,parliament,PL9,Makroregion województwo mazowieckie,0,eligible_voters,4175570
1038,2011-10-09,parliament,PL9,Makroregion województwo mazowieckie,1,issued_ballots,2310729
1039,2011-10-09,parliament,PL9,Makroregion województwo mazowieckie,2,MN,0
1040,2011-10-09,parliament,PL9,Makroregion województwo mazowieckie,2,NP,17222
1041,2011-10-09,parliament,PL9,Makroregion województwo mazowieckie,2,PIS,721680
1042,2011-10-09,parliament,PL9,Makroregion województwo mazowieckie,2,PJN,59794
1043,2011-10-09,parliament,PL9,Makroregion województwo mazowieckie,2,PO,847149
1044,2011-10-09,parliament,PL9,Makroregion województwo mazowieckie,2,PPP,11390
1045,2011-10-09,parliament,PL9,Makroregion województwo mazowieckie,2,PRAWICA,5852
1046,2011-10-09,parliament,PL9,Makroregion województwo mazowieckie,2,PSL,197351
1047,2011-10-09,parliament,PL9,Makroregion województwo mazowieckie,2,RP,204872
1048,2011-10-09,parliament,PL9,Makroregion województwo mazowieckie,2,SAMOOBRONA,0
1049,2011-10-09,parliament,PL9,Makroregion województwo mazowieckie,2,SLD,162004
1050,2014-05-25,european,PL2,Makroregion południowy,0,eligible_voters,6318312
1051,2014-05-25,european,PL2,Makroregion południowy,1,issued_ballots,1602683
1052,2014-05-25,european,PL2,Makroregion południowy,2,DB,7143
1053,2014-05-25,european,PL2,Makroregion południowy,2,EPTR,53602
1054,2014-05-25,european,PL2,Makroregion południowy,2,GOWIN,71768
1055,2014-05-25,european,PL2,Makroregion południowy,2,NP,131935
1056,2014-05-25,european,PL2,Makroregion południowy,2,PIS,475866
1057,2014-05-25,european,PL2,Makroregion południowy,2,PO,523683
1058,2014-05-25,european,PL2,Makroregion południowy,2,PSL,46107
1059,2014-05-25,european,PL2,Makroregion południowy,2,RN,18198
1060,2014-05-25,european,PL2,Makroregion południowy,2,SAMOOBRONA,0
1061,2014-05-25,european,PL2,Makroregion południowy,2,SLDUP,120122
1062,2014-05-25,european,PL2,Makroregion południowy,2,SOLIDARNA,98186
1063,2014-05-25,european,PL2,Makroregion południowy,2,ZIELONI,4757
1064,2014-05-25,european,PL4,Makroregion północno-zachodni,0,eligible_voters,4881612
1065,2014-05-25,european,PL4,Makroregion północno-zachodni,1,issued_ballots,1051496
1066,2014-05-25,european,PL4,Makroregion północno-zachodni,2,DB,0
1067,2014-05-25,european,PL4,Makroregion północno-zachodni,2,EPTR,42026
1068,2014-05-25,european,PL4,Makroregion północno-zachodni,2,GOWIN,26491
1069,2014-05-25,european,PL4,Makroregion północno-zachodni,2,NP,69893
1070,2014-05-25,european,PL4,Makroregion północno-zachodni,2,PIS,251647
1071,2014-05-25,european,PL4,Makroregion północno-zachodni,2,PO,352380
1072,2014-05-25,european,PL4,Makroregion północno-zachodni,2,PSL,83239
1073,2014-05-25,european,PL4,Makroregion północno-zachodni,2,RN,12422
1074,2014-05-25,european,PL4,Makroregion północno-zachodni,2,SAMOOBRONA,0
1075,2014-05-25,european,PL4,Makroregion północno-zachodni,2,SLDUP,138042
1076,2014-05-25,european,PL4,Makroregion północno-zachodni,2,SOLIDARNA,30586
1077,2014-05-25,european,PL4,Makroregion północno-zachodni,2,ZIELONI,4101
1078,2014-05-25,european,PL5,Makroregion południowo-zachodni,0,eligible_voters,3147531
1079,2014-05-25,european,PL5,Makroregion południowo-zachodni,1,issued_ballots,684230
1080,2014-05-25,european,PL5,Makroregion południowo-zachodni,2,DB,0
1081,2014-05-25,european,PL5,Makroregion południowo-zachodni,2,EPTR,20896
1082,2014-05-25,european,PL5,Makroregion południowo-zachodni,2,GOWIN,16369
1083,2014-05-25,european,PL5,Makroregion południowo-zachodni,2,NP,47615
1084,2014-05-25,european,PL5,Makroregion południowo-zachodni,2,PIS,179432
1085,2014-05-25,european,PL5,Makroregion południowo-zachodni,2,PO,252513
1086,2014-05-25,european,PL5,Makroregion południowo-zachodni,2,PSL,28087
1087,2014-05-25,european,PL5,Makroregion południowo-zachodni,2,RN,8285
1088,2014-05-25,european,PL5,Makroregion południowo-zachodni,2,SAMOOBRONA,0
1089,2014-05-25,european,PL5,Makroregion południowo-zachodni,2,SLDUP,78557
1090,2014-05-25,european,PL5,Makroregion południowo-zachodni,2,SOLIDARNA,30312
1091,2014-05-25,european,PL5,Makroregion południowo-zachodni,2,ZIELONI,0
1092,2014-05-25,european,PL6,Makroregion północny,0,eligible_voters,4566486
1093,2014-05-25,european,PL6,Makroregion północny,1,issued_ballots,1045044
1094,2014-05-25,european,PL6,Makroregion północny,2,DB,2537
1095,2014-05-25,european,PL6,Makroregion północny,2,EPTR,33523
1096,2014-05-25,european,PL6,Makroregion północny,2,GOWIN,20587
1097,2014-05-25,european,PL6,Makroregion północny,2,NP,64901
1098,2014-05-25,european,PL6,Makroregion północny,2,PIS,267401
1099,2014-05-25,european,PL6,Makroregion północny,2,PO,382742
1100,2014-05-25,european,PL6,Makroregion północny,2,PSL,63886
1101,2014-05-25,european,PL6,Makroregion północny,2,RN,11927
1102,2014-05-25,european,PL6,Makroregion północny,2,SAMOOBRONA,836
1103,2014-05-25,european,PL6,Makroregion północny,2,SLDUP,132985
1104,2014-05-25,european,PL6,Makroregion północny,2,SOLIDARNA,26126
1105,2014-05-25,european,PL6,Makroregion północny,2,ZIELONI,2937
1106,2014-05-25,european,PL7,Makroregion centralny,0,eligible_voters,3078401
1107,2014-05-25,european,PL7,Makroregion centralny,1,issued_ballots,702321
1108,2014-05-25,european,PL7,Makroregion centralny,2,DB,3664
1109,2014-05-25,european,PL7,Makroregion centralny,2,EPTR,17134
1110,2014-05-25,european,PL7,Makroregion centralny,2,GOWIN,17896
1111,2014-05-25,european,PL7,Makroregion centralny,2,NP,43233
1112,2014-05-25,european,PL7,Makroregion centralny,2,PIS,243927
1113,2014-05-25,european,PL7,Makroregion centralny,2,PO,195599
1114,2014-05-25,european,PL7,Makroregion centralny,2,PSL,60529
1115,2014-05-25,european,PL7,Makroregion centralny,2,RN,8950
1116,2014-05-25,european,PL7,Makroregion centralny,2,SAMOOBRONA,1212
1117,2014-05-25,european,PL7,Makroregion centralny,2,SLDUP,57513
1118,2014-05-25,european,PL7,Makroregion centralny,2,SOLIDARNA,26896
1119,2014-05-25,european,PL7,Makroregion centralny,2,ZIELONI,3177
1120,2014-05-25,european,PL8,Makroregion wschodni,0,eligible_voters,4422551
1121,2014-05-25,european,PL8,Makroregion wschodni,1,issued_ballots,1029842
1122,2014-05-25,european,PL8,Makroregion wschodni,2,DB,2877
1123,2014-05-25,european,PL8,Makroregion wschodni,2,EPTR,28696
1124,2014-05-25,european,PL8,Makroregion wschodni,2,GOWIN,29937
1125,2014-05-25,european,PL8,Makroregion wschodni,2,NP,70509
1126,2014-05-25,european,PL8,Makroregion wschodni,2,PIS,448023
1127,2014-05-25,european,PL8,Makroregion wschodni,2,PO,180387
1128,2014-05-25,european,PL8,Makroregion wschodni,2,PSL,118636
1129,2014-05-25,european,PL8,Makroregion wschodni,2,RN,19885
1130,2014-05-25,european,PL8,Makroregion wschodni,2,SAMOOBRONA,681
1131,2014-05-25,european,PL8,Makroregion wschodni,2,SLDUP,58430
1132,2014-05-25,european,PL8,Makroregion wschodni,2,SOLIDARNA,41917
1133,2014-05-25,european,PL8,Makroregion wschodni,2,ZIELONI,0
1134,2014-05-25,european,PL9,Makroregion województwo mazowieckie,0,eligible_voters,4185059
1135,2014-05-25,european,PL9,Makroregion województwo mazowieckie,1,issued_ballots,1153744
1136,2014-05-25,european,PL9,Makroregion województwo mazowieckie,2,DB,0
1137,2014-05-25,european,PL9,Makroregion województwo mazowieckie,2,EPTR,54656
1138,2014-05-25,european,PL9,Makroregion województwo mazowieckie,2,GOWIN,39761
1139,2014-05-25,european,PL9,Makroregion województwo mazowieckie,2,NP,72989
1140,2014-05-25,european,PL9,Makroregion województwo mazowieckie,2,PIS,371893
1141,2014-05-25,european,PL9,Makroregion województwo mazowieckie,2,PO,374009
1142,2014-05-25,european,PL9,Makroregion województwo mazowieckie,2,PSL,80096
1143,2014-05-25,european,PL9,Makroregion województwo mazowieckie,2,RN,17919
1144,2014-05-25,european,PL9,Makroregion województwo mazowieckie,2,SAMOOBRONA,0
1145,2014-05-25,european,PL9,Makroregion województwo mazowieckie,2,SLDUP,80402
1146,2014-05-25,european,PL9,Makroregion województwo mazowieckie,2,SOLIDARNA,26589
1147,2014-05-25,european,PL9,Makroregion województwo mazowieckie,2,ZIELONI,6809
1148,2015-05-10,president_a,PL2,Makroregion południowy,0,eligible_voters,6293417
1149,2015-05-10,president_a,PL2,Makroregion południowy,1,issued_ballots,3198424
1150,2015-05-10,president_a,PL2,Makroregion południowy,2,Braun,25600
1151,2015-05-10,president_a,PL2,Makroregion południowy,2,Duda,1172603
1152,2015-05-10,president_a,PL2,Makroregion południowy,2,Jarubas,29494
1153,2015-05-10,president_a,PL2,Makroregion południowy,2,Komorowski,1010055
1154,2015-05-10,president_a,PL2,Makroregion południowy,2,KorwinMikke,109211
1155,2015-05-10,president_a,PL2,Makroregion południowy,2,Kowalski,13059
1156,2015-05-10,president_a,PL2,Makroregion południowy,2,Kukiz,683072
1157,2015-05-10,president_a,PL2,Makroregion południowy,2,Ogorek,71250
1158,2015-05-10,president_a,PL2,Makroregion południowy,2,Palikot,39778
1159,2015-05-10,president_a,PL2,Makroregion południowy,2,Tanajno,5897
1160,2015-05-10,president_a,PL2,Makroregion południowy,2,Wilk,13916
1161,2015-05-10,president_a,PL4,Makroregion północno-zachodni,0,eligible_voters,4872911
1162,2015-05-10,president_a,PL4,Makroregion północno-zachodni,1,issued_ballots,2250961
1163,2015-05-10,president_a,PL4,Makroregion północno-zachodni,2,Braun,13966
1164,2015-05-10,president_a,PL4,Makroregion północno-zachodni,2,Duda,616748
1165,2015-05-10,president_a,PL4,Makroregion północno-zachodni,2,Jarubas,27734
1166,2015-05-10,president_a,PL4,Makroregion północno-zachodni,2,Komorowski,932686
1167,2015-05-10,president_a,PL4,Makroregion północno-zachodni,2,KorwinMikke,70648
1168,2015-05-10,president_a,PL4,Makroregion północno-zachodni,2,Kowalski,9793
1169,2015-05-10,president_a,PL4,Makroregion północno-zachodni,2,Kukiz,446212
1170,2015-05-10,president_a,PL4,Makroregion północno-zachodni,2,Ogorek,64363
1171,2015-05-10,president_a,PL4,Makroregion północno-zachodni,2,Palikot,35202
1172,2015-05-10,president_a,PL4,Makroregion północno-zachodni,2,Tanajno,4428
1173,2015-05-10,president_a,PL4,Makroregion północno-zachodni,2,Wilk,10061
1174,2015-05-10,president_a,PL5,Makroregion południowo-zachodni,0,eligible_voters,3130354
1175,2015-05-10,president_a,PL5,Makroregion południowo-zachodni,1,issued_ballots,1447434
1176,2015-05-10,president_a,PL5,Makroregion południowo-zachodni,2,Braun,11365
1177,2015-05-10,president_a,PL5,Makroregion południowo-zachodni,2,Duda,418003
1178,2015-05-10,president_a,PL5,Makroregion południowo-zachodni,2,Jarubas,12564
1179,2015-05-10,president_a,PL5,Makroregion południowo-zachodni,2,Komorowski,542857
1180,2015-05-10,president_a,PL5,Makroregion południowo-zachodni,2,KorwinMikke,44807
1181,2015-05-10,president_a,PL5,Makroregion południowo-zachodni,2,Kowalski,5822
1182,2015-05-10,president_a,PL5,Makroregion południowo-zachodni,2,Kukiz,335752
1183,2015-05-10,president_a,PL5,Makroregion południowo-zachodni,2,Ogorek,34024
1184,2015-05-10,president_a,PL5,Makroregion południowo-zachodni,2,Palikot,21391
1185,2015-05-10,president_a,PL5,Makroregion południowo-zachodni,2,Tanajno,2774
1186,2015-05-10,president_a,PL5,Makroregion południowo-zachodni,2,Wilk,6322
1187,2015-05-10,president_a,PL6,Makroregion północny,0,eligible_voters,4553511
1188,2015-05-10,president_a,PL6,Makroregion północny,1,issued_ballots,2095913
1189,2015-05-10,president_a,PL6,Makroregion północny,2,Braun,14727
1190,2015-05-10,president_a,PL6,Makroregion północny,2,Duda,599527
1191,2015-05-10,president_a,PL6,Makroregion północny,2,Jarubas,22896
1192,2015-05-10,president_a,PL6,Makroregion północny,2,Komorowski,850559
1193,2015-05-10,president_a,PL6,Makroregion północny,2,KorwinMikke,66401
1194,2015-05-10,president_a,PL6,Makroregion północny,2,Kowalski,10198
1195,2015-05-10,president_a,PL6,Makroregion północny,2,Kukiz,416606
1196,2015-05-10,president_a,PL6,Makroregion północny,2,Ogorek,53148
1197,2015-05-10,president_a,PL6,Makroregion północny,2,Palikot,30357
1198,2015-05-10,president_a,PL6,Makroregion północny,2,Tanajno,4158
1199,2015-05-10,president_a,PL6,Makroregion północny,2,Wilk,9937
1200,2015-05-10,president_a,PL7,Makroregion centralny,0,eligible_voters,3056875
1201,2015-05-10,president_a,PL7,Makroregion centralny,1,issued_ballots,1484550
1202,2015-05-10,president_a,PL7,Makroregion centralny,2,Braun,10297
1203,2015-05-10,president_a,PL7,Makroregion centralny,2,Duda,544312
1204,2015-05-10,president_a,PL7,Makroregion centralny,2,Jarubas,76970
1205,2015-05-10,president_a,PL7,Makroregion centralny,2,Komorowski,427862
1206,2015-05-10,president_a,PL7,Makroregion centralny,2,KorwinMikke,44822
1207,2015-05-10,president_a,PL7,Makroregion centralny,2,Kowalski,7637
1208,2015-05-10,president_a,PL7,Makroregion centralny,2,Kukiz,295131
1209,2015-05-10,president_a,PL7,Makroregion centralny,2,Ogorek,37114
1210,2015-05-10,president_a,PL7,Makroregion centralny,2,Palikot,19395
1211,2015-05-10,president_a,PL7,Makroregion centralny,2,Tanajno,2513
1212,2015-05-10,president_a,PL7,Makroregion centralny,2,Wilk,6604
1213,2015-05-10,president_a,PL8,Makroregion wschodni,0,eligible_voters,4390252
1214,2015-05-10,president_a,PL8,Makroregion wschodni,1,issued_ballots,2131989
1215,2015-05-10,president_a,PL8,Makroregion wschodni,2,Braun,21352
1216,2015-05-10,president_a,PL8,Makroregion wschodni,2,Duda,966896
1217,2015-05-10,president_a,PL8,Makroregion wschodni,2,Jarubas,39101
1218,2015-05-10,president_a,PL8,Makroregion wschodni,2,Komorowski,483864
1219,2015-05-10,president_a,PL8,Makroregion wschodni,2,KorwinMikke,69935
1220,2015-05-10,president_a,PL8,Makroregion wschodni,2,Kowalski,17737
1221,2015-05-10,president_a,PL8,Makroregion wschodni,2,Kukiz,435565
1222,2015-05-10,president_a,PL8,Makroregion wschodni,2,Ogorek,44881
1223,2015-05-10,president_a,PL8,Makroregion wschodni,2,Palikot,26327
1224,2015-05-10,president_a,PL8,Makroregion wschodni,2,Tanajno,2755
1225,2015-05-10,president_a,PL8,Makroregion wschodni,2,Wilk,8350
1226,2015-05-10,president_a,PL9,Makroregion województwo mazowieckie,0,eligible_voters,4195046
1227,2015-05-10,president_a,PL9,Makroregion województwo mazowieckie,1,issued_ballots,2245167
1228,2015-05-10,president_a,PL9,Makroregion województwo mazowieckie,2,Braun,22012
1229,2015-05-10,president_a,PL9,Makroregion województwo mazowieckie,2,Duda,820489
1230,2015-05-10,president_a,PL9,Makroregion województwo mazowieckie,2,Jarubas,29485
1231,2015-05-10,president_a,PL9,Makroregion województwo mazowieckie,2,Komorowski,748411
1232,2015-05-10,president_a,PL9,Makroregion województwo mazowieckie,2,KorwinMikke,67135
1233,2015-05-10,president_a,PL9,Makroregion województwo mazowieckie,2,Kowalski,11924
1234,2015-05-10,president_a,PL9,Makroregion województwo mazowieckie,2,Kukiz,423723
1235,2015-05-10,president_a,PL9,Makroregion województwo mazowieckie,2,Ogorek,47064
1236,2015-05-10,president_a,PL9,Makroregion województwo mazowieckie,2,Palikot,36073
1237,2015-05-10,president_a,PL9,Makroregion województwo mazowieckie,2,Tanajno,6632
1238,2015-05-10,president_a,PL9,Makroregion województwo mazowieckie,2,Wilk,12299
1239,2015-05-24,president_b,PL2,Makroregion południowy,0,eligible_voters,6281384
1240,2015-05-24,president_b,PL2,Makroregion południowy,1,issued_ballots,3559901
1241,2015-05-24,president_b,PL2,Makroregion południowy,2,Duda,1916808
1242,2015-05-24,president_b,PL2,Makroregion południowy,2,Komorowski,1592031
1243,2015-05-24,president_b,PL4,Makroregion północno-zachodni,0,eligible_voters,4870660
1244,2015-05-24,president_b,PL4,Makroregion północno-zachodni,1,issued_ballots,2591874
1245,2015-05-24,president_b,PL4,Makroregion północno-zachodni,2,Duda,1043751
1246,2015-05-24,president_b,PL4,Makroregion północno-zachodni,2,Komorowski,1510289
1247,2015-05-24,president_b,PL5,Makroregion południowo-zachodni,0,eligible_voters,3128781
1248,2015-05-24,president_b,PL5,Makroregion południowo-zachodni,1,issued_ballots,1617407
1249,2015-05-24,president_b,PL5,Makroregion południowo-zachodni,2,Duda,713814
1250,2015-05-24,president_b,PL5,Makroregion południowo-zachodni,2,Komorowski,879751
1251,2015-05-24,president_b,PL6,Makroregion północny,0,eligible_voters,4550280
1252,2015-05-24,president_b,PL6,Makroregion północny,1,issued_ballots,2405406
1253,2015-05-24,president_b,PL6,Makroregion północny,2,Duda,1000263
1254,2015-05-24,president_b,PL6,Makroregion północny,2,Komorowski,1370259
1255,2015-05-24,president_b,PL7,Makroregion centralny,0,eligible_voters,3049193
1256,2015-05-24,president_b,PL7,Makroregion centralny,1,issued_ballots,1688196
1257,2015-05-24,president_b,PL7,Makroregion centralny,2,Duda,936527
1258,2015-05-24,president_b,PL7,Makroregion centralny,2,Komorowski,726735
1259,2015-05-24,president_b,PL8,Makroregion wschodni,0,eligible_voters,4371788
1260,2015-05-24,president_b,PL8,Makroregion wschodni,1,issued_ballots,2378860
1261,2015-05-24,president_b,PL8,Makroregion wschodni,2,Duda,1570570
1262,2015-05-24,president_b,PL8,Makroregion wschodni,2,Komorowski,777445
1263,2015-05-24,president_b,PL9,Makroregion województwo mazowieckie,0,eligible_voters,4200034
1264,2015-05-24,president_b,PL9,Makroregion województwo mazowieckie,1,issued_ballots,2582493
1265,2015-05-24,president_b,PL9,Makroregion województwo mazowieckie,2,Duda,1360240
1266,2015-05-24,president_b,PL9,Makroregion województwo mazowieckie,2,Komorowski,1185956
1267,2015-10-25,parliament,PL2,Makroregion południowy,0,eligible_voters,6275287
1268,2015-10-25,parliament,PL2,Makroregion południowy,1,issued_ballots,3347948
1269,2015-10-25,parliament,PL2,Makroregion południowy,2,BEZPARTYJNI,0
1270,2015-10-25,parliament,PL2,Makroregion południowy,2,BRAUN,4991
1271,2015-10-25,parliament,PL2,Makroregion południowy,2,KORWIN,164149
1272,2015-10-25,parliament,PL2,Makroregion południowy,2,KUKIZ,313436
1273,2015-10-25,parliament,PL2,Makroregion południowy,2,LEWICA,221375
1274,2015-10-25,parliament,PL2,Makroregion południowy,2,MN,0
1275,2015-10-25,parliament,PL2,Makroregion południowy,2,NOWOCZESNA,242654
1276,2015-10-25,parliament,PL2,Makroregion południowy,2,ODP,0
1277,2015-10-25,parliament,PL2,Makroregion południowy,2,PIS,1327716
1278,2015-10-25,parliament,PL2,Makroregion południowy,2,PO,749025
1279,2015-10-25,parliament,PL2,Makroregion południowy,2,PRAWICA,2789
1280,2015-10-25,parliament,PL2,Makroregion południowy,2,PSL,105973
1281,2015-10-25,parliament,PL2,Makroregion południowy,2,RAZEM,116072
1282,2015-10-25,parliament,PL2,Makroregion południowy,2,RSRP,0
1283,2015-10-25,parliament,PL2,Makroregion południowy,2,SAMOOBRONA,0
1284,2015-10-25,parliament,PL2,Makroregion południowy,2,STONOGA,2984
1285,2015-10-25,parliament,PL2,Makroregion południowy,2,ZDŚ,18668
1286,2015-10-25,parliament,PL4,Makroregion północno-zachodni,0,eligible_voters,4860824
1287,2015-10-25,parliament,PL4,Makroregion północno-zachodni,1,issued_ballots,2335857
1288,2015-10-25,parliament,PL4,Makroregion północno-zachodni,2,BEZPARTYJNI,4240
1289,2015-10-25,parliament,PL4,Makroregion północno-zachodni,2,BRAUN,0
1290,2015-10-25,parliament,PL4,Makroregion północno-zachodni,2,KORWIN,104272
1291,2015-10-25,parliament,PL4,Makroregion północno-zachodni,2,KUKIZ,185408
1292,2015-10-25,parliament,PL4,Makroregion północno-zachodni,2,LEWICA,214475
1293,2015-10-25,parliament,PL4,Makroregion północno-zachodni,2,MN,0
1294,2015-10-25,parliament,PL4,Makroregion północno-zachodni,2,NOWOCZESNA,208078
1295,2015-10-25,parliament,PL4,Makroregion północno-zachodni,2,ODP,0
1296,2015-10-25,parliament,PL4,Makroregion północno-zachodni,2,PIS,661695
1297,2015-10-25,parliament,PL4,Makroregion północno-zachodni,2,PO,660182
1298,2015-10-25,parliament,PL4,Makroregion północno-zachodni,2,PRAWICA,0
1299,2015-10-25,parliament,PL4,Makroregion północno-zachodni,2,PSL,128913
1300,2015-10-25,parliament,PL4,Makroregion północno-zachodni,2,RAZEM,89943
1301,2015-10-25,parliament,PL4,Makroregion północno-zachodni,2,RSRP,0
1302,2015-10-25,parliament,PL4,Makroregion północno-zachodni,2,SAMOOBRONA,500
1303,2015-10-25,parliament,PL4,Makroregion północno-zachodni,2,STONOGA,6755
1304,2015-10-25,parliament,PL4,Makroregion północno-zachodni,2,ZDŚ,0
1305,2015-10-25,parliament,PL5,Makroregion południowo-zachodni,0,eligible_voters,3123953
1306,2015-10-25,parliament,PL5,Makroregion południowo-zachodni,1,issued_ballots,1492573
1307,2015-10-25,parliament,PL5,Makroregion południowo-zachodni,2,BEZPARTYJNI,4312
1308,2015-10-25,parliament,PL5,Makroregion południowo-zachodni,2,BRAUN,2020
1309,2015-10-25,parliament,PL5,Makroregion południowo-zachodni,2,KORWIN,66189
1310,2015-10-25,parliament,PL5,Makroregion południowo-zachodni,2,KUKIZ,143122
1311,2015-10-25,parliament,PL5,Makroregion południowo-zachodni,2,LEWICA,112588
1312,2015-10-25,parliament,PL5,Makroregion południowo-zachodni,2,MN,27530
1313,2015-10-25,parliament,PL5,Makroregion południowo-zachodni,2,NOWOCZESNA,120958
1314,2015-10-25,parliament,PL5,Makroregion południowo-zachodni,2,ODP,0
1315,2015-10-25,parliament,PL5,Makroregion południowo-zachodni,2,PIS,457548
1316,2015-10-25,parliament,PL5,Makroregion południowo-zachodni,2,PO,414797
1317,2015-10-25,parliament,PL5,Makroregion południowo-zachodni,2,PRAWICA,0
1318,2015-10-25,parliament,PL5,Makroregion południowo-zachodni,2,PSL,47402
1319,2015-10-25,parliament,PL5,Makroregion południowo-zachodni,2,RAZEM,53248
1320,2015-10-25,parliament,PL5,Makroregion południowo-zachodni,2,RSRP,0
1321,2015-10-25,parliament,PL5,Makroregion południowo-zachodni,2,SAMOOBRONA,0
1322,2015-10-25,parliament,PL5,Makroregion południowo-zachodni,2,STONOGA,2779
1323,2015-10-25,parliament,PL5,Makroregion południowo-zachodni,2,ZDŚ,0
1324,2015-10-25,parliament,PL6,Makroregion północny,0,eligible_voters,4542896
1325,2015-10-25,parliament,PL6,Makroregion północny,1,issued_ballots,2156930
1326,2015-10-25,parliament,PL6,Makroregion północny,2,BEZPARTYJNI,1426
1327,2015-10-25,parliament,PL6,Makroregion północny,2,BRAUN,0
1328,2015-10-25,parliament,PL6,Makroregion północny,2,KORWIN,96226
1329,2015-10-25,parliament,PL6,Makroregion północny,2,KUKIZ,167564
1330,2015-10-25,parliament,PL6,Makroregion północny,2,LEWICA,174435
1331,2015-10-25,parliament,PL6,Makroregion północny,2,MN,0
1332,2015-10-25,parliament,PL6,Makroregion północny,2,NOWOCZESNA,158214
1333,2015-10-25,parliament,PL6,Makroregion północny,2,ODP,0
1334,2015-10-25,parliament,PL6,Makroregion północny,2,PIS,651060
1335,2015-10-25,parliament,PL6,Makroregion północny,2,PO,641204
1336,2015-10-25,parliament,PL6,Makroregion północny,2,PRAWICA,0
1337,2015-10-25,parliament,PL6,Makroregion północny,2,PSL,111010
1338,2015-10-25,parliament,PL6,Makroregion północny,2,RAZEM,80750
1339,2015-10-25,parliament,PL6,Makroregion północny,2,RSRP,0
1340,2015-10-25,parliament,PL6,Makroregion północny,2,SAMOOBRONA,772
1341,2015-10-25,parliament,PL6,Makroregion północny,2,STONOGA,14334
1342,2015-10-25,parliament,PL6,Makroregion północny,2,ZDŚ,0
1343,2015-10-25,parliament,PL7,Makroregion centralny,0,eligible_voters,3045988
1344,2015-10-25,parliament,PL7,Makroregion centralny,1,issued_ballots,1522951
1345,2015-10-25,parliament,PL7,Makroregion centralny,2,BEZPARTYJNI,2344
1346,2015-10-25,parliament,PL7,Makroregion centralny,2,BRAUN,2147
1347,2015-10-25,parliament,PL7,Makroregion centralny,2,KORWIN,62889
1348,2015-10-25,parliament,PL7,Makroregion centralny,2,KUKIZ,131888
1349,2015-10-25,parliament,PL7,Makroregion centralny,2,LEWICA,126103
1350,2015-10-25,parliament,PL7,Makroregion centralny,2,MN,0
1351,2015-10-25,parliament,PL7,Makroregion centralny,2,NOWOCZESNA,91298
1352,2015-10-25,parliament,PL7,Makroregion centralny,2,ODP,0
1353,2015-10-25,parliament,PL7,Makroregion centralny,2,PIS,589759
1354,2015-10-25,parliament,PL7,Makroregion centralny,2,PO,315686
1355,2015-10-25,parliament,PL7,Makroregion centralny,2,PRAWICA,0
1356,2015-10-25,parliament,PL7,Makroregion centralny,2,PSL,104692
1357,2015-10-25,parliament,PL7,Makroregion centralny,2,RAZEM,51557
1358,2015-10-25,parliament,PL7,Makroregion centralny,2,RSRP,0
1359,2015-10-25,parliament,PL7,Makroregion centralny,2,SAMOOBRONA,1160
1360,2015-10-25,parliament,PL7,Makroregion centralny,2,STONOGA,3697
1361,2015-10-25,parliament,PL7,Makroregion centralny,2,ZDŚ,0
1362,2015-10-25,parliament,PL8,Makroregion wschodni,0,eligible_voters,4377714
1363,2015-10-25,parliament,PL8,Makroregion wschodni,1,issued_ballots,2151461
1364,2015-10-25,parliament,PL8,Makroregion wschodni,2,BEZPARTYJNI,2289
1365,2015-10-25,parliament,PL8,Makroregion wschodni,2,BRAUN,2716
1366,2015-10-25,parliament,PL8,Makroregion wschodni,2,KORWIN,98655
1367,2015-10-25,parliament,PL8,Makroregion wschodni,2,KUKIZ,197514
1368,2015-10-25,parliament,PL8,Makroregion wschodni,2,LEWICA,122650
1369,2015-10-25,parliament,PL8,Makroregion wschodni,2,MN,0
1370,2015-10-25,parliament,PL8,Makroregion wschodni,2,NOWOCZESNA,92351
1371,2015-10-25,parliament,PL8,Makroregion wschodni,2,ODP,0
1372,2015-10-25,parliament,PL8,Makroregion wschodni,2,PIS,1052253
1373,2015-10-25,parliament,PL8,Makroregion wschodni,2,PO,307096
1374,2015-10-25,parliament,PL8,Makroregion wschodni,2,PRAWICA,1407
1375,2015-10-25,parliament,PL8,Makroregion wschodni,2,PSL,159010
1376,2015-10-25,parliament,PL8,Makroregion wschodni,2,RAZEM,51987
1377,2015-10-25,parliament,PL8,Makroregion wschodni,2,RSRP,599
1378,2015-10-25,parliament,PL8,Makroregion wschodni,2,SAMOOBRONA,1834
1379,2015-10-25,parliament,PL8,Makroregion wschodni,2,STONOGA,6535
1380,2015-10-25,parliament,PL8,Makroregion wschodni,2,ZDŚ,0
1381,2015-10-25,parliament,PL9,Makroregion województwo mazowieckie,0,eligible_voters,4202871
1382,2015-10-25,parliament,PL9,Makroregion województwo mazowieckie,1,issued_ballots,2409570
1383,2015-10-25,parliament,PL9,Makroregion województwo mazowieckie,2,BEZPARTYJNI,1045
1384,2015-10-25,parliament,PL9,Makroregion województwo mazowieckie,2,BRAUN,1239
1385,2015-10-25,parliament,PL9,Makroregion województwo mazowieckie,2,KORWIN,108835
1386,2015-10-25,parliament,PL9,Makroregion województwo mazowieckie,2,KUKIZ,173566
1387,2015-10-25,parliament,PL9,Makroregion województwo mazowieckie,2,LEWICA,167509
1388,2015-10-25,parliament,PL9,Makroregion województwo mazowieckie,2,MN,0
1389,2015-10-25,parliament,PL9,Makroregion województwo mazowieckie,2,NOWOCZESNA,225849
1390,2015-10-25,parliament,PL9,Makroregion województwo mazowieckie,2,ODP,1698
1391,2015-10-25,parliament,PL9,Makroregion województwo mazowieckie,2,PIS,913276
1392,2015-10-25,parliament,PL9,Makroregion województwo mazowieckie,2,PO,541183
1393,2015-10-25,parliament,PL9,Makroregion województwo mazowieckie,2,PRAWICA,656
1394,2015-10-25,parliament,PL9,Makroregion województwo mazowieckie,2,PSL,122074
1395,2015-10-25,parliament,PL9,Makroregion województwo mazowieckie,2,RAZEM,97312
1396,2015-10-25,parliament,PL9,Makroregion województwo mazowieckie,2,RSRP,3156
1397,2015-10-25,parliament,PL9,Makroregion województwo mazowieckie,2,SAMOOBRONA,0
1398,2015-10-25,parliament,PL9,Makroregion województwo mazowieckie,2,STONOGA,5647
1399,2015-10-25,parliament,PL9,Makroregion województwo mazowieckie,2,ZDŚ,0
1400,2019-05-26,european,PL2,Makroregion południowy,0,eligible_voters,6169010
1401,2019-05-26,european,PL2,Makroregion południowy,1,issued_ballots,2917353
1402,2019-05-26,european,PL2,Makroregion południowy,2,EC,0
1403,2019-05-26,european,PL2,Makroregion południowy,2,GWIAZDOWSKI,28774
1404,2019-05-26,european,PL2,Makroregion południowy,2,JEDNOSC,0
1405,2019-05-26,european,PL2,Makroregion południowy,2,KE,1012148
1406,2019-05-26,european,PL2,Makroregion południowy,2,KONFEDERACJA,130528
1407,2019-05-26,european,PL2,Makroregion południowy,2,KUKIZ15,114380
1408,2019-05-26,european,PL2,Makroregion południowy,2,LEWICA,32725
1409,2019-05-26,european,PL2,Makroregion południowy,2,PIS,1414288
1410,2019-05-26,european,PL2,Makroregion południowy,2,POLEXIT,4424
1411,2019-05-26,european,PL2,Makroregion południowy,2,WIOSNA,156897
1412,2019-05-26,european,PL4,Makroregion północno-zachodni,0,eligible_voters,4804396
1413,2019-05-26,european,PL4,Makroregion północno-zachodni,1,issued_ballots,2097230
1414,2019-05-26,european,PL4,Makroregion północno-zachodni,2,EC,0
1415,2019-05-26,european,PL4,Makroregion północno-zachodni,2,GWIAZDOWSKI,0
1416,2019-05-26,european,PL4,Makroregion północno-zachodni,2,JEDNOSC,0
1417,2019-05-26,european,PL4,Makroregion północno-zachodni,2,KE,938525
1418,2019-05-26,european,PL4,Makroregion północno-zachodni,2,KONFEDERACJA,90041
1419,2019-05-26,european,PL4,Makroregion północno-zachodni,2,KUKIZ15,77441
1420,2019-05-26,european,PL4,Makroregion północno-zachodni,2,LEWICA,29015
1421,2019-05-26,european,PL4,Makroregion północno-zachodni,2,PIS,784361
1422,2019-05-26,european,PL4,Makroregion północno-zachodni,2,POLEXIT,0
1423,2019-05-26,european,PL4,Makroregion północno-zachodni,2,WIOSNA,159060
1424,2019-05-26,european,PL5,Makroregion południowo-zachodni,0,eligible_voters,3051668
1425,2019-05-26,european,PL5,Makroregion południowo-zachodni,1,issued_ballots,1319576
1426,2019-05-26,european,PL5,Makroregion południowo-zachodni,2,EC,0
1427,2019-05-26,european,PL5,Makroregion południowo-zachodni,2,GWIAZDOWSKI,0
1428,2019-05-26,european,PL5,Makroregion południowo-zachodni,2,JEDNOSC,0
1429,2019-05-26,european,PL5,Makroregion południowo-zachodni,2,KE,574397
1430,2019-05-26,european,PL5,Makroregion południowo-zachodni,2,KONFEDERACJA,65208
1431,2019-05-26,european,PL5,Makroregion południowo-zachodni,2,KUKIZ15,56807
1432,2019-05-26,european,PL5,Makroregion południowo-zachodni,2,LEWICA,17437
1433,2019-05-26,european,PL5,Makroregion południowo-zachodni,2,PIS,506921
1434,2019-05-26,european,PL5,Makroregion południowo-zachodni,2,POLEXIT,0
1435,2019-05-26,european,PL5,Makroregion południowo-zachodni,2,WIOSNA,88515
1436,2019-05-26,european,PL6,Makroregion północny,0,eligible_voters,4487890
1437,2019-05-26,european,PL6,Makroregion północny,1,issued_ballots,1920216
1438,2019-05-26,european,PL6,Makroregion północny,2,EC,0
1439,2019-05-26,european,PL6,Makroregion północny,2,GWIAZDOWSKI,8425
1440,2019-05-26,european,PL6,Makroregion północny,2,JEDNOSC,0
1441,2019-05-26,european,PL6,Makroregion północny,2,KE,898679
1442,2019-05-26,european,PL6,Makroregion północny,2,KONFEDERACJA,77283
1443,2019-05-26,european,PL6,Makroregion północny,2,KUKIZ15,62949
1444,2019-05-26,european,PL6,Makroregion północny,2,LEWICA,22016
1445,2019-05-26,european,PL6,Makroregion północny,2,PIS,714376
1446,2019-05-26,european,PL6,Makroregion północny,2,POLEXIT,0
1447,2019-05-26,european,PL6,Makroregion północny,2,WIOSNA,120453
1448,2019-05-26,european,PL7,Makroregion centralny,0,eligible_voters,2973149
1449,2019-05-26,european,PL7,Makroregion centralny,1,issued_ballots,1370664
1450,2019-05-26,european,PL7,Makroregion centralny,2,EC,0
1451,2019-05-26,european,PL7,Makroregion centralny,2,GWIAZDOWSKI,1971
1452,2019-05-26,european,PL7,Makroregion centralny,2,JEDNOSC,0
1453,2019-05-26,european,PL7,Makroregion centralny,2,KE,484439
1454,2019-05-26,european,PL7,Makroregion centralny,2,KONFEDERACJA,54745
1455,2019-05-26,european,PL7,Makroregion centralny,2,KUKIZ15,46180
1456,2019-05-26,european,PL7,Makroregion centralny,2,LEWICA,20750
1457,2019-05-26,european,PL7,Makroregion centralny,2,PIS,684215
1458,2019-05-26,european,PL7,Makroregion centralny,2,POLEXIT,1088
1459,2019-05-26,european,PL7,Makroregion centralny,2,WIOSNA,65487
1460,2019-05-26,european,PL8,Makroregion wschodni,0,eligible_voters,4343394
1461,2019-05-26,european,PL8,Makroregion wschodni,1,issued_ballots,1883974
1462,2019-05-26,european,PL8,Makroregion wschodni,2,EC,0
1463,2019-05-26,european,PL8,Makroregion wschodni,2,GWIAZDOWSKI,5071
1464,2019-05-26,european,PL8,Makroregion wschodni,2,JEDNOSC,0
1465,2019-05-26,european,PL8,Makroregion wschodni,2,KE,488922
1466,2019-05-26,european,PL8,Makroregion wschodni,2,KONFEDERACJA,96676
1467,2019-05-26,european,PL8,Makroregion wschodni,2,KUKIZ15,68154
1468,2019-05-26,european,PL8,Makroregion wschodni,2,LEWICA,15590
1469,2019-05-26,european,PL8,Makroregion wschodni,2,PIS,1128691
1470,2019-05-26,european,PL8,Makroregion wschodni,2,POLEXIT,2388
1471,2019-05-26,european,PL8,Makroregion wschodni,2,WIOSNA,60818
1472,2019-05-26,european,PL9,Makroregion województwo mazowieckie,0,eligible_voters,4177599
1473,2019-05-26,european,PL9,Makroregion województwo mazowieckie,1,issued_ballots,2153593
1474,2019-05-26,european,PL9,Makroregion województwo mazowieckie,2,EC,0
1475,2019-05-26,european,PL9,Makroregion województwo mazowieckie,2,GWIAZDOWSKI,28741
1476,2019-05-26,european,PL9,Makroregion województwo mazowieckie,2,JEDNOSC,2211
1477,2019-05-26,european,PL9,Makroregion województwo mazowieckie,2,KE,816935
1478,2019-05-26,european,PL9,Makroregion województwo mazowieckie,2,KONFEDERACJA,93837
1479,2019-05-26,european,PL9,Makroregion województwo mazowieckie,2,KUKIZ15,75061
1480,2019-05-26,european,PL9,Makroregion województwo mazowieckie,2,LEWICA,28727
1481,2019-05-26,european,PL9,Makroregion województwo mazowieckie,2,PIS,931426
1482,2019-05-26,european,PL9,Makroregion województwo mazowieckie,2,POLEXIT,0
1483,2019-05-26,european,PL9,Makroregion województwo mazowieckie,2,WIOSNA,161342
1484,2019-10-13,parliament,PL2,Makroregion południowy,0,eligible_voters,6158340
1485,2019-10-13,parliament,PL2,Makroregion południowy,1,issued_ballots,3874962
1486,2019-10-13,parliament,PL2,Makroregion południowy,2,BIS,31044
1487,2019-10-13,parliament,PL2,Makroregion południowy,2,KONFEDERACJA,276928
1488,2019-10-13,parliament,PL2,Makroregion południowy,2,LIROY,0
1489,2019-10-13,parliament,PL2,Makroregion południowy,2,MN,0
1490,2019-10-13,parliament,PL2,Makroregion południowy,2,PIS,1782720
1491,2019-10-13,parliament,PL2,Makroregion południowy,2,PO,1018582
1492,2019-10-13,parliament,PL2,Makroregion południowy,2,PRAWICA,1765
1493,2019-10-13,parliament,PL2,Makroregion południowy,2,PSL,274206
1494,2019-10-13,parliament,PL2,Makroregion południowy,2,SLD,450863
1495,2019-10-13,parliament,PL2,Makroregion południowy,2,ZER,0
1496,2019-10-13,parliament,PL4,Makroregion północno-zachodni,0,eligible_voters,4777253
1497,2019-10-13,parliament,PL4,Makroregion północno-zachodni,1,issued_ballots,2897214
1498,2019-10-13,parliament,PL4,Makroregion północno-zachodni,2,BIS,0
1499,2019-10-13,parliament,PL4,Makroregion północno-zachodni,2,KONFEDERACJA,189627
1500,2019-10-13,parliament,PL4,Makroregion północno-zachodni,2,LIROY,0
1501,2019-10-13,parliament,PL4,Makroregion północno-zachodni,2,MN,0
1502,2019-10-13,parliament,PL4,Makroregion północno-zachodni,2,PIS,1032195
1503,2019-10-13,parliament,PL4,Makroregion północno-zachodni,2,PO,918844
1504,2019-10-13,parliament,PL4,Makroregion północno-zachodni,2,PRAWICA,0
1505,2019-10-13,parliament,PL4,Makroregion północno-zachodni,2,PSL,285007
1506,2019-10-13,parliament,PL4,Makroregion północno-zachodni,2,SLD,427994
1507,2019-10-13,parliament,PL4,Makroregion północno-zachodni,2,ZER,2261
1508,2019-10-13,parliament,PL5,Makroregion południowo-zachodni,0,eligible_voters,3053277
1509,2019-10-13,parliament,PL5,Makroregion południowo-zachodni,1,issued_ballots,1797955
1510,2019-10-13,parliament,PL5,Makroregion południowo-zachodni,2,BIS,41150
1511,2019-10-13,parliament,PL5,Makroregion południowo-zachodni,2,KONFEDERACJA,112616
1512,2019-10-13,parliament,PL5,Makroregion południowo-zachodni,2,LIROY,0
1513,2019-10-13,parliament,PL5,Makroregion południowo-zachodni,2,MN,32094
1514,2019-10-13,parliament,PL5,Makroregion południowo-zachodni,2,PIS,678006
1515,2019-10-13,parliament,PL5,Makroregion południowo-zachodni,2,PO,522202
1516,2019-10-13,parliament,PL5,Makroregion południowo-zachodni,2,PRAWICA,0
1517,2019-10-13,parliament,PL5,Makroregion południowo-zachodni,2,PSL,135704
1518,2019-10-13,parliament,PL5,Makroregion południowo-zachodni,2,SLD,254560
1519,2019-10-13,parliament,PL5,Makroregion południowo-zachodni,2,ZER,0
1520,2019-10-13,parliament,PL6,Makroregion północny,0,eligible_voters,4462610
1521,2019-10-13,parliament,PL6,Makroregion północny,1,issued_ballots,2638354
1522,2019-10-13,parliament,PL6,Makroregion północny,2,BIS,17471
1523,2019-10-13,parliament,PL6,Makroregion północny,2,KONFEDERACJA,178869
1524,2019-10-13,parliament,PL6,Makroregion północny,2,LIROY,2340
1525,2019-10-13,parliament,PL6,Makroregion północny,2,MN,0
1526,2019-10-13,parliament,PL6,Makroregion północny,2,PIS,962771
1527,2019-10-13,parliament,PL6,Makroregion północny,2,PO,848162
1528,2019-10-13,parliament,PL6,Makroregion północny,2,PRAWICA,0
1529,2019-10-13,parliament,PL6,Makroregion północny,2,PSL,239134
1530,2019-10-13,parliament,PL6,Makroregion północny,2,SLD,355619
1531,2019-10-13,parliament,PL6,Makroregion północny,2,ZER,0
1532,2019-10-13,parliament,PL7,Makroregion centralny,0,eligible_voters,2944350
1533,2019-10-13,parliament,PL7,Makroregion centralny,1,issued_ballots,1812309
1534,2019-10-13,parliament,PL7,Makroregion centralny,2,BIS,12583
1535,2019-10-13,parliament,PL7,Makroregion centralny,2,KONFEDERACJA,112003
1536,2019-10-13,parliament,PL7,Makroregion centralny,2,LIROY,8273
1537,2019-10-13,parliament,PL7,Makroregion centralny,2,MN,0
1538,2019-10-13,parliament,PL7,Makroregion centralny,2,PIS,875089
1539,2019-10-13,parliament,PL7,Makroregion centralny,2,PO,392138
1540,2019-10-13,parliament,PL7,Makroregion centralny,2,PRAWICA,0
1541,2019-10-13,parliament,PL7,Makroregion centralny,2,PSL,158641
1542,2019-10-13,parliament,PL7,Makroregion centralny,2,SLD,233269
1543,2019-10-13,parliament,PL7,Makroregion centralny,2,ZER,0
1544,2019-10-13,parliament,PL8,Makroregion wschodni,0,eligible_voters,4298181
1545,2019-10-13,parliament,PL8,Makroregion wschodni,1,issued_ballots,2493287
1546,2019-10-13,parliament,PL8,Makroregion wschodni,2,BIS,16159
1547,2019-10-13,parliament,PL8,Makroregion wschodni,2,KONFEDERACJA,174873
1548,2019-10-13,parliament,PL8,Makroregion wschodni,2,LIROY,5802
1549,2019-10-13,parliament,PL8,Makroregion wschodni,2,MN,0
1550,2019-10-13,parliament,PL8,Makroregion wschodni,2,PIS,1437730
1551,2019-10-13,parliament,PL8,Makroregion wschodni,2,PO,425062
1552,2019-10-13,parliament,PL8,Makroregion wschodni,2,PRAWICA,0
1553,2019-10-13,parliament,PL8,Makroregion wschodni,2,PSL,224167
1554,2019-10-13,parliament,PL8,Makroregion wschodni,2,SLD,181292
1555,2019-10-13,parliament,PL8,Makroregion wschodni,2,ZER,1775
1556,2019-10-13,parliament,PL9,Makroregion województwo mazowieckie,0,eligible_voters,4209561
1557,2019-10-13,parliament,PL9,Makroregion województwo mazowieckie,1,issued_ballots,2851817
1558,2019-10-13,parliament,PL9,Makroregion województwo mazowieckie,2,BIS,26366
1559,2019-10-13,parliament,PL9,Makroregion województwo mazowieckie,2,KONFEDERACJA,176235
1560,2019-10-13,parliament,PL9,Makroregion województwo mazowieckie,2,LIROY,2503
1561,2019-10-13,parliament,PL9,Makroregion województwo mazowieckie,2,MN,0
1562,2019-10-13,parliament,PL9,Makroregion województwo mazowieckie,2,PIS,1205168
1563,2019-10-13,parliament,PL9,Makroregion województwo mazowieckie,2,PO,812899
1564,2019-10-13,parliament,PL9,Makroregion województwo mazowieckie,2,PRAWICA,0
1565,2019-10-13,parliament,PL9,Makroregion województwo mazowieckie,2,PSL,248735
1566,2019-10-13,parliament,PL9,Makroregion województwo mazowieckie,2,SLD,351368
1567,2019-10-13,parliament,PL9,Makroregion województwo mazowieckie,2,ZER,1412
1568,2020-06-28,president_a,PL2,Makroregion południowy,0,eligible_voters,6118732
1569,2020-06-28,president_a,PL2,Makroregion południowy,1,issued_ballots,3965091
1570,2020-06-28,president_a,PL2,Makroregion południowy,2,Biedron,85035
1571,2020-06-28,president_a,PL2,Makroregion południowy,2,Bosak,295613
1572,2020-06-28,president_a,PL2,Makroregion południowy,2,Duda,1825873
1573,2020-06-28,president_a,PL2,Makroregion południowy,2,Holownia,547203
1574,2020-06-28,president_a,PL2,Makroregion południowy,2,Jakubiak,6782
1575,2020-06-28,president_a,PL2,Makroregion południowy,2,KosiniakKamysz,95108
1576,2020-06-28,president_a,PL2,Makroregion południowy,2,Piotrowski,4192
1577,2020-06-28,president_a,PL2,Makroregion południowy,2,Tanajno,5651
1578,2020-06-28,president_a,PL2,Makroregion południowy,2,Trzaskowski,1120143
1579,2020-06-28,president_a,PL2,Makroregion południowy,2,Witkowski,5418
1580,2020-06-28,president_a,PL2,Makroregion południowy,2,Zoltek,10414
1581,2020-06-28,president_a,PL4,Makroregion północno-zachodni,0,eligible_voters,4790635
1582,2020-06-28,president_a,PL4,Makroregion północno-zachodni,1,issued_ballots,3030537
1583,2020-06-28,president_a,PL4,Makroregion północno-zachodni,2,Biedron,73275
1584,2020-06-28,president_a,PL4,Makroregion północno-zachodni,2,Bosak,180522
1585,2020-06-28,president_a,PL4,Makroregion północno-zachodni,2,Duda,1115761
1586,2020-06-28,president_a,PL4,Makroregion północno-zachodni,2,Holownia,504954
1587,2020-06-28,president_a,PL4,Makroregion północno-zachodni,2,Jakubiak,4440
1588,2020-06-28,president_a,PL4,Makroregion północno-zachodni,2,KosiniakKamysz,70452
1589,2020-06-28,president_a,PL4,Makroregion północno-zachodni,2,Piotrowski,2813
1590,2020-06-28,president_a,PL4,Makroregion północno-zachodni,2,Tanajno,4576
1591,2020-06-28,president_a,PL4,Makroregion północno-zachodni,2,Trzaskowski,1078555
1592,2020-06-28,president_a,PL4,Makroregion północno-zachodni,2,Witkowski,4859
1593,2020-06-28,president_a,PL4,Makroregion północno-zachodni,2,Zoltek,6462
1594,2020-06-28,president_a,PL5,Makroregion południowo-zachodni,0,eligible_voters,3027064
1595,2020-06-28,president_a,PL5,Makroregion południowo-zachodni,1,issued_ballots,1853216
1596,2020-06-28,president_a,PL5,Makroregion południowo-zachodni,2,Biedron,45284
1597,2020-06-28,president_a,PL5,Makroregion południowo-zachodni,2,Bosak,118454
1598,2020-06-28,president_a,PL5,Makroregion południowo-zachodni,2,Duda,721553
1599,2020-06-28,president_a,PL5,Makroregion południowo-zachodni,2,Holownia,273659
1600,2020-06-28,president_a,PL5,Makroregion południowo-zachodni,2,Jakubiak,3025
1601,2020-06-28,president_a,PL5,Makroregion południowo-zachodni,2,KosiniakKamysz,37356
1602,2020-06-28,president_a,PL5,Makroregion południowo-zachodni,2,Piotrowski,1793
1603,2020-06-28,president_a,PL5,Makroregion południowo-zachodni,2,Tanajno,2978
1604,2020-06-28,president_a,PL5,Makroregion południowo-zachodni,2,Trzaskowski,651482
1605,2020-06-28,president_a,PL5,Makroregion południowo-zachodni,2,Witkowski,2699
1606,2020-06-28,president_a,PL5,Makroregion południowo-zachodni,2,Zoltek,4461
1607,2020-06-28,president_a,PL6,Makroregion północny,0,eligible_voters,4488761
1608,2020-06-28,president_a,PL6,Makroregion północny,1,issued_ballots,2759052
1609,2020-06-28,president_a,PL6,Makroregion północny,2,Biedron,66430
1610,2020-06-28,president_a,PL6,Makroregion północny,2,Bosak,171875
1611,2020-06-28,president_a,PL6,Makroregion północny,2,Duda,1031290
1612,2020-06-28,president_a,PL6,Makroregion północny,2,Holownia,431585
1613,2020-06-28,president_a,PL6,Makroregion północny,2,Jakubiak,4074
1614,2020-06-28,president_a,PL6,Makroregion północny,2,KosiniakKamysz,62323
1615,2020-06-28,president_a,PL6,Makroregion północny,2,Piotrowski,2747
1616,2020-06-28,president_a,PL6,Makroregion północny,2,Tanajno,4063
1617,2020-06-28,president_a,PL6,Makroregion północny,2,Trzaskowski,984889
1618,2020-06-28,president_a,PL6,Makroregion północny,2,Witkowski,3508
1619,2020-06-28,president_a,PL6,Makroregion północny,2,Zoltek,6060
1620,2020-06-28,president_a,PL7,Makroregion centralny,0,eligible_voters,2922426
1621,2020-06-28,president_a,PL7,Makroregion centralny,1,issued_ballots,1868188
1622,2020-06-28,president_a,PL7,Makroregion centralny,2,Biedron,39750
1623,2020-06-28,president_a,PL7,Makroregion centralny,2,Bosak,120303
1624,2020-06-28,president_a,PL7,Makroregion centralny,2,Duda,932937
1625,2020-06-28,president_a,PL7,Makroregion centralny,2,Holownia,225677
1626,2020-06-28,president_a,PL7,Makroregion centralny,2,Jakubiak,3161
1627,2020-06-28,president_a,PL7,Makroregion centralny,2,KosiniakKamysz,50739
1628,2020-06-28,president_a,PL7,Makroregion centralny,2,Piotrowski,1936
1629,2020-06-28,president_a,PL7,Makroregion centralny,2,Tanajno,2492
1630,2020-06-28,president_a,PL7,Makroregion centralny,2,Trzaskowski,493879
1631,2020-06-28,president_a,PL7,Makroregion centralny,2,Witkowski,2258
1632,2020-06-28,president_a,PL7,Makroregion centralny,2,Zoltek,4115
1633,2020-06-28,president_a,PL8,Makroregion wschodni,0,eligible_voters,4284727
1634,2020-06-28,president_a,PL8,Makroregion wschodni,1,issued_ballots,2645383
1635,2020-06-28,president_a,PL8,Makroregion wschodni,2,Biedron,40558
1636,2020-06-28,president_a,PL8,Makroregion wschodni,2,Bosak,221576
1637,2020-06-28,president_a,PL8,Makroregion wschodni,2,Duda,1517450
1638,2020-06-28,president_a,PL8,Makroregion wschodni,2,Holownia,301817
1639,2020-06-28,president_a,PL8,Makroregion wschodni,2,Jakubiak,5066
1640,2020-06-28,president_a,PL8,Makroregion wschodni,2,KosiniakKamysz,70724
1641,2020-06-28,president_a,PL8,Makroregion wschodni,2,Piotrowski,4071
1642,2020-06-28,president_a,PL8,Makroregion wschodni,2,Tanajno,3299
1643,2020-06-28,president_a,PL8,Makroregion wschodni,2,Trzaskowski,488436
1644,2020-06-28,president_a,PL8,Makroregion wschodni,2,Witkowski,2420
1645,2020-06-28,president_a,PL8,Makroregion wschodni,2,Zoltek,6201
1646,2020-06-28,president_a,PL9,Makroregion województwo mazowieckie,0,eligible_voters,4197588
1647,2020-06-28,president_a,PL9,Makroregion województwo mazowieckie,1,issued_ballots,2877880
1648,2020-06-28,president_a,PL9,Makroregion województwo mazowieckie,2,Biedron,67466
1649,2020-06-28,president_a,PL9,Makroregion województwo mazowieckie,2,Bosak,181649
1650,2020-06-28,president_a,PL9,Makroregion województwo mazowieckie,2,Duda,1240695
1651,2020-06-28,president_a,PL9,Makroregion województwo mazowieckie,2,Holownia,359662
1652,2020-06-28,president_a,PL9,Makroregion województwo mazowieckie,2,Jakubiak,6500
1653,2020-06-28,president_a,PL9,Makroregion województwo mazowieckie,2,KosiniakKamysz,69372
1654,2020-06-28,president_a,PL9,Makroregion województwo mazowieckie,2,Piotrowski,3289
1655,2020-06-28,president_a,PL9,Makroregion województwo mazowieckie,2,Tanajno,4285
1656,2020-06-28,president_a,PL9,Makroregion województwo mazowieckie,2,Trzaskowski,950081
1657,2020-06-28,president_a,PL9,Makroregion województwo mazowieckie,2,Witkowski,5185
1658,2020-06-28,president_a,PL9,Makroregion województwo mazowieckie,2,Zoltek,7228
1659,2020-07-12,president_b,PL2,Makroregion południowy,0,eligible_voters,6080220
1660,2020-07-12,president_b,PL2,Makroregion południowy,1,issued_ballots,4104253
1661,2020-07-12,president_b,PL2,Makroregion południowy,2,Duda,2217823
1662,2020-07-12,president_b,PL2,Makroregion południowy,2,Trzaskowski,1905059
1663,2020-07-12,president_b,PL4,Makroregion północno-zachodni,0,eligible_voters,4802731
1664,2020-07-12,president_b,PL4,Makroregion północno-zachodni,1,issued_ballots,3223804
1665,2020-07-12,president_b,PL4,Makroregion północno-zachodni,2,Duda,1396275
1666,2020-07-12,president_b,PL4,Makroregion północno-zachodni,2,Trzaskowski,1831090
1667,2020-07-12,president_b,PL5,Makroregion południowo-zachodni,0,eligible_voters,3006822
1668,2020-07-12,president_b,PL5,Makroregion południowo-zachodni,1,issued_ballots,1941713
1669,2020-07-12,president_b,PL5,Makroregion południowo-zachodni,2,Duda,879479
1670,2020-07-12,president_b,PL5,Makroregion południowo-zachodni,2,Trzaskowski,1063791
1671,2020-07-12,president_b,PL6,Makroregion północny,0,eligible_voters,4540438
1672,2020-07-12,president_b,PL6,Makroregion północny,1,issued_ballots,2995113
1673,2020-07-12,president_b,PL6,Makroregion północny,2,Duda,1315367
1674,2020-07-12,president_b,PL6,Makroregion północny,2,Trzaskowski,1676571
1675,2020-07-12,president_b,PL7,Makroregion centralny,0,eligible_voters,2899193
1676,2020-07-12,president_b,PL7,Makroregion centralny,1,issued_ballots,1969571
1677,2020-07-12,president_b,PL7,Makroregion centralny,2,Duda,1137771
1678,2020-07-12,president_b,PL7,Makroregion centralny,2,Trzaskowski,832421
1679,2020-07-12,president_b,PL8,Makroregion wschodni,0,eligible_voters,4272269
1680,2020-07-12,president_b,PL8,Makroregion wschodni,1,issued_ballots,2784300
1681,2020-07-12,president_b,PL8,Makroregion wschodni,2,Duda,1863587
1682,2020-07-12,president_b,PL8,Makroregion wschodni,2,Trzaskowski,924384
1683,2020-07-12,president_b,PL9,Makroregion województwo mazowieckie,0,eligible_voters,4141048
1684,2020-07-12,president_b,PL9,Makroregion województwo mazowieckie,1,issued_ballots,2993275
1685,2020-07-12,president_b,PL9,Makroregion województwo mazowieckie,2,Duda,1522589
1686,2020-07-12,president_b,PL9,Makroregion województwo mazowieckie,2,Trzaskowski,1476393
1687,2023-10-15,parliament,PL2,Makroregion południowy,0,eligible_voters,5953792
1688,2023-10-15,parliament,PL2,Makroregion południowy,1,issued_ballots,4460431
1689,2023-10-15,parliament,PL2,Makroregion południowy,2,ANTYPARTIA,0
1690,2023-10-15,parliament,PL2,Makroregion południowy,2,BS,79582
1691,2023-10-15,parliament,PL2,Makroregion południowy,2,DIP,0
1692,2023-10-15,parliament,PL2,Makroregion południowy,2,KONFEDERACJA,327109
1693,2023-10-15,parliament,PL2,Makroregion południowy,2,LEWICA,388458
1694,2023-10-15,parliament,PL2,Makroregion południowy,2,MN,0
1695,2023-10-15,parliament,PL2,Makroregion południowy,2,NK,1242
1696,2023-10-15,parliament,PL2,Makroregion południowy,2,PIS,1632924
1697,2023-10-15,parliament,PL2,Makroregion południowy,2,PJJ,97537
1698,2023-10-15,parliament,PL2,Makroregion południowy,2,PO,1242921
1699,2023-10-15,parliament,PL2,Makroregion południowy,2,RNP,0
1700,2023-10-15,parliament,PL2,Makroregion południowy,2,TD,625722
1701,2023-10-15,parliament,PL4,Makroregion północno-zachodni,0,eligible_voters,4634598
1702,2023-10-15,parliament,PL4,Makroregion północno-zachodni,1,issued_ballots,3438655
1703,2023-10-15,parliament,PL4,Makroregion północno-zachodni,2,ANTYPARTIA,1156
1704,2023-10-15,parliament,PL4,Makroregion północno-zachodni,2,BS,66343
1705,2023-10-15,parliament,PL4,Makroregion północno-zachodni,2,DIP,4307
1706,2023-10-15,parliament,PL4,Makroregion północno-zachodni,2,KONFEDERACJA,216591
1707,2023-10-15,parliament,PL4,Makroregion północno-zachodni,2,LEWICA,319750
1708,2023-10-15,parliament,PL4,Makroregion północno-zachodni,2,MN,0
1709,2023-10-15,parliament,PL4,Makroregion północno-zachodni,2,NK,0
1710,2023-10-15,parliament,PL4,Makroregion północno-zachodni,2,PIS,997703
1711,2023-10-15,parliament,PL4,Makroregion północno-zachodni,2,PJJ,37206
1712,2023-10-15,parliament,PL4,Makroregion północno-zachodni,2,PO,1204606
1713,2023-10-15,parliament,PL4,Makroregion północno-zachodni,2,RNP,0
1714,2023-10-15,parliament,PL4,Makroregion północno-zachodni,2,TD,516619
1715,2023-10-15,parliament,PL5,Makroregion południowo-zachodni,0,eligible_voters,2936729
1716,2023-10-15,parliament,PL5,Makroregion południowo-zachodni,1,issued_ballots,2117833
1717,2023-10-15,parliament,PL5,Makroregion południowo-zachodni,2,ANTYPARTIA,0
1718,2023-10-15,parliament,PL5,Makroregion południowo-zachodni,2,BS,52489
1719,2023-10-15,parliament,PL5,Makroregion południowo-zachodni,2,DIP,0
1720,2023-10-15,parliament,PL5,Makroregion południowo-zachodni,2,KONFEDERACJA,136530
1721,2023-10-15,parliament,PL5,Makroregion południowo-zachodni,2,LEWICA,196373
1722,2023-10-15,parliament,PL5,Makroregion południowo-zachodni,2,MN,25778
1723,2023-10-15,parliament,PL5,Makroregion południowo-zachodni,2,NK,0
1724,2023-10-15,parliament,PL5,Makroregion południowo-zachodni,2,PIS,639361
1725,2023-10-15,parliament,PL5,Makroregion południowo-zachodni,2,PJJ,32087
1726,2023-10-15,parliament,PL5,Makroregion południowo-zachodni,2,PO,737682
1727,2023-10-15,parliament,PL5,Makroregion południowo-zachodni,2,RNP,0
1728,2023-10-15,parliament,PL5,Makroregion południowo-zachodni,2,TD,260952
1729,2023-10-15,parliament,PL6,Makroregion północny,0,eligible_voters,4322647
1730,2023-10-15,parliament,PL6,Makroregion północny,1,issued_ballots,3124017
1731,2023-10-15,parliament,PL6,Makroregion północny,2,ANTYPARTIA,0
1732,2023-10-15,parliament,PL6,Makroregion północny,2,BS,48668
1733,2023-10-15,parliament,PL6,Makroregion północny,2,DIP,2266
1734,2023-10-15,parliament,PL6,Makroregion północny,2,KONFEDERACJA,202816
1735,2023-10-15,parliament,PL6,Makroregion północny,2,LEWICA,284186
1736,2023-10-15,parliament,PL6,Makroregion północny,2,MN,0
1737,2023-10-15,parliament,PL6,Makroregion północny,2,NK,976
1738,2023-10-15,parliament,PL6,Makroregion północny,2,PIS,932566
1739,2023-10-15,parliament,PL6,Makroregion północny,2,PJJ,46128
1740,2023-10-15,parliament,PL6,Makroregion północny,2,PO,1086300
1741,2023-10-15,parliament,PL6,Makroregion północny,2,RNP,0
1742,2023-10-15,parliament,PL6,Makroregion północny,2,TD,457234
1743,2023-10-15,parliament,PL7,Makroregion centralny,0,eligible_voters,2799564
1744,2023-10-15,parliament,PL7,Makroregion centralny,1,issued_ballots,2084430
1745,2023-10-15,parliament,PL7,Makroregion centralny,2,ANTYPARTIA,0
1746,2023-10-15,parliament,PL7,Makroregion centralny,2,BS,41835
1747,2023-10-15,parliament,PL7,Makroregion centralny,2,DIP,6772
1748,2023-10-15,parliament,PL7,Makroregion centralny,2,KONFEDERACJA,135255
1749,2023-10-15,parliament,PL7,Makroregion centralny,2,LEWICA,167346
1750,2023-10-15,parliament,PL7,Makroregion centralny,2,MN,0
1751,2023-10-15,parliament,PL7,Makroregion centralny,2,NK,1344
1752,2023-10-15,parliament,PL7,Makroregion centralny,2,PIS,838659
1753,2023-10-15,parliament,PL7,Makroregion centralny,2,PJJ,27781
1754,2023-10-15,parliament,PL7,Makroregion centralny,2,PO,549589
1755,2023-10-15,parliament,PL7,Makroregion centralny,2,RNP,0
1756,2023-10-15,parliament,PL7,Makroregion centralny,2,TD,277050
1757,2023-10-15,parliament,PL8,Makroregion wschodni,0,eligible_voters,4096084
1758,2023-10-15,parliament,PL8,Makroregion wschodni,1,issued_ballots,2878053
1759,2023-10-15,parliament,PL8,Makroregion wschodni,2,ANTYPARTIA,0
1760,2023-10-15,parliament,PL8,Makroregion wschodni,2,BS,46414
1761,2023-10-15,parliament,PL8,Makroregion wschodni,2,DIP,9537
1762,2023-10-15,parliament,PL8,Makroregion wschodni,2,KONFEDERACJA,251501
1763,2023-10-15,parliament,PL8,Makroregion wschodni,2,LEWICA,144830
1764,2023-10-15,parliament,PL8,Makroregion wschodni,2,MN,0
1765,2023-10-15,parliament,PL8,Makroregion wschodni,2,NK,0
1766,2023-10-15,parliament,PL8,Makroregion wschodni,2,PIS,1374484
1767,2023-10-15,parliament,PL8,Makroregion wschodni,2,PJJ,53989
1768,2023-10-15,parliament,PL8,Makroregion wschodni,2,PO,527497
1769,2023-10-15,parliament,PL8,Makroregion wschodni,2,RNP,0
1770,2023-10-15,parliament,PL8,Makroregion wschodni,2,TD,421983
1771,2023-10-15,parliament,PL9,Makroregion województwo mazowieckie,0,eligible_voters,4152672
1772,2023-10-15,parliament,PL9,Makroregion województwo mazowieckie,1,issued_ballots,3292564
1773,2023-10-15,parliament,PL9,Makroregion województwo mazowieckie,2,ANTYPARTIA,0
1774,2023-10-15,parliament,PL9,Makroregion województwo mazowieckie,2,BS,59366
1775,2023-10-15,parliament,PL9,Makroregion województwo mazowieckie,2,DIP,1968
1776,2023-10-15,parliament,PL9,Makroregion województwo mazowieckie,2,KONFEDERACJA,226425
1777,2023-10-15,parliament,PL9,Makroregion województwo mazowieckie,2,LEWICA,275543
1778,2023-10-15,parliament,PL9,Makroregion województwo mazowieckie,2,MN,0
1779,2023-10-15,parliament,PL9,Makroregion województwo mazowieckie,2,NK,1044
1780,2023-10-15,parliament,PL9,Makroregion województwo mazowieckie,2,PIS,1132523
1781,2023-10-15,parliament,PL9,Makroregion województwo mazowieckie,2,PJJ,46092
1782,2023-10-15,parliament,PL9,Makroregion województwo mazowieckie,2,PO,1023353
1783,2023-10-15,parliament,PL9,Makroregion województwo mazowieckie,2,RNP,823
1784,2023-10-15,parliament,PL9,Makroregion województwo mazowieckie,2,TD,481728
1785,2024-06-09,european,PL2,Makroregion południowy,0,eligible_voters,5949667
1786,2024-06-09,european,PL2,Makroregion południowy,1,issued_ballots,2474115
1787,2024-06-09,european,PL2,Makroregion południowy,2,BSNPWNE,17832
1788,2024-06-09,european,PL2,Makroregion południowy,2,GSP,0
1789,2024-06-09,european,PL2,Makroregion południowy,2,KONFEDERACJA,300907
1790,2024-06-09,european,PL2,Makroregion południowy,2,LEWICA,115367
1791,2024-06-09,european,PL2,Makroregion południowy,2,NK,9461
1792,2024-06-09,european,PL2,Makroregion południowy,2,PIS,972654
1793,2024-06-09,european,PL2,Makroregion południowy,2,PLSP,2959
1794,2024-06-09,european,PL2,Makroregion południowy,2,PO,879805
1795,2024-06-09,european,PL2,Makroregion południowy,2,POLEXIT,5805
1796,2024-06-09,european,PL2,Makroregion południowy,2,RNP,3311
1797,2024-06-09,european,PL2,Makroregion południowy,2,TD,154173
1798,2024-06-09,european,PL4,Makroregion północno-zachodni,0,eligible_voters,4661414
1799,2024-06-09,european,PL4,Makroregion północno-zachodni,1,issued_ballots,1799125
1800,2024-06-09,european,PL4,Makroregion północno-zachodni,2,BSNPWNE,15036
1801,2024-06-09,european,PL4,Makroregion północno-zachodni,2,GSP,0
1802,2024-06-09,european,PL4,Makroregion północno-zachodni,2,KONFEDERACJA,205554
1803,2024-06-09,european,PL4,Makroregion północno-zachodni,2,LEWICA,154761
1804,2024-06-09,european,PL4,Makroregion północno-zachodni,2,NK,5460
1805,2024-06-09,european,PL4,Makroregion północno-zachodni,2,PIS,523372
1806,2024-06-09,european,PL4,Makroregion północno-zachodni,2,PLSP,2437
1807,2024-06-09,european,PL4,Makroregion północno-zachodni,2,PO,737119
1808,2024-06-09,european,PL4,Makroregion północno-zachodni,2,POLEXIT,4314
1809,2024-06-09,european,PL4,Makroregion północno-zachodni,2,RNP,0
1810,2024-06-09,european,PL4,Makroregion północno-zachodni,2,TD,139141
1811,2024-06-09,european,PL5,Makroregion południowo-zachodni,0,eligible_voters,2921817
1812,2024-06-09,european,PL5,Makroregion południowo-zachodni,1,issued_ballots,1152242
1813,2024-06-09,european,PL5,Makroregion południowo-zachodni,2,BSNPWNE,13981
1814,2024-06-09,european,PL5,Makroregion południowo-zachodni,2,GSP,0
1815,2024-06-09,european,PL5,Makroregion południowo-zachodni,2,KONFEDERACJA,134122
1816,2024-06-09,european,PL5,Makroregion południowo-zachodni,2,LEWICA,101362
1817,2024-06-09,european,PL5,Makroregion południowo-zachodni,2,NK,0
1818,2024-06-09,european,PL5,Makroregion południowo-zachodni,2,PIS,360558
1819,2024-06-09,european,PL5,Makroregion południowo-zachodni,2,PLSP,0
1820,2024-06-09,european,PL5,Makroregion południowo-zachodni,2,PO,476479
1821,2024-06-09,european,PL5,Makroregion południowo-zachodni,2,POLEXIT,2935
1822,2024-06-09,european,PL5,Makroregion południowo-zachodni,2,RNP,0
1823,2024-06-09,european,PL5,Makroregion południowo-zachodni,2,TD,56088
1824,2024-06-09,european,PL6,Makroregion północny,0,eligible_voters,4350185
1825,2024-06-09,european,PL6,Makroregion północny,1,issued_ballots,1653096
1826,2024-06-09,european,PL6,Makroregion północny,2,BSNPWNE,17225
1827,2024-06-09,european,PL6,Makroregion północny,2,GSP,0
1828,2024-06-09,european,PL6,Makroregion północny,2,KONFEDERACJA,164343
1829,2024-06-09,european,PL6,Makroregion północny,2,LEWICA,75425
1830,2024-06-09,european,PL6,Makroregion północny,2,NK,1677
1831,2024-06-09,european,PL6,Makroregion północny,2,PIS,491902
1832,2024-06-09,european,PL6,Makroregion północny,2,PLSP,1309
1833,2024-06-09,european,PL6,Makroregion północny,2,PO,780638
1834,2024-06-09,european,PL6,Makroregion północny,2,POLEXIT,4820
1835,2024-06-09,european,PL6,Makroregion północny,2,RNP,0
1836,2024-06-09,european,PL6,Makroregion północny,2,TD,105907
1837,2024-06-09,european,PL7,Makroregion centralny,0,eligible_voters,2809810
1838,2024-06-09,european,PL7,Makroregion centralny,1,issued_ballots,1122954
1839,2024-06-09,european,PL7,Makroregion centralny,2,BSNPWNE,8536
1840,2024-06-09,european,PL7,Makroregion centralny,2,GSP,0
1841,2024-06-09,european,PL7,Makroregion centralny,2,KONFEDERACJA,127939
1842,2024-06-09,european,PL7,Makroregion centralny,2,LEWICA,91974
1843,2024-06-09,european,PL7,Makroregion centralny,2,NK,737
1844,2024-06-09,european,PL7,Makroregion centralny,2,PIS,461224
1845,2024-06-09,european,PL7,Makroregion centralny,2,PLSP,2015
1846,2024-06-09,european,PL7,Makroregion centralny,2,PO,325666
1847,2024-06-09,european,PL7,Makroregion centralny,2,POLEXIT,2628
1848,2024-06-09,european,PL7,Makroregion centralny,2,RNP,0
1849,2024-06-09,european,PL7,Makroregion centralny,2,TD,95838
1850,2024-06-09,european,PL8,Makroregion wschodni,0,eligible_voters,4171797
1851,2024-06-09,european,PL8,Makroregion wschodni,1,issued_ballots,1593253
1852,2024-06-09,european,PL8,Makroregion wschodni,2,BSNPWNE,17519
1853,2024-06-09,european,PL8,Makroregion wschodni,2,GSP,0
1854,2024-06-09,european,PL8,Makroregion wschodni,2,KONFEDERACJA,238406
1855,2024-06-09,european,PL8,Makroregion wschodni,2,LEWICA,43044
1856,2024-06-09,european,PL8,Makroregion wschodni,2,NK,1377
1857,2024-06-09,european,PL8,Makroregion wschodni,2,PIS,766344
1858,2024-06-09,european,PL8,Makroregion wschodni,2,PLSP,0
1859,2024-06-09,european,PL8,Makroregion wschodni,2,PO,408698
1860,2024-06-09,european,PL8,Makroregion wschodni,2,POLEXIT,4200
1861,2024-06-09,european,PL8,Makroregion wschodni,2,RNP,0
1862,2024-06-09,european,PL8,Makroregion wschodni,2,TD,104581
1863,2024-06-09,european,PL9,Makroregion województwo mazowieckie,0,eligible_voters,4123048
1864,2024-06-09,european,PL9,Makroregion województwo mazowieckie,1,issued_ballots,1935424
1865,2024-06-09,european,PL9,Makroregion województwo mazowieckie,2,BSNPWNE,18089
1866,2024-06-09,european,PL9,Makroregion województwo mazowieckie,2,GSP,2167
1867,2024-06-09,european,PL9,Makroregion województwo mazowieckie,2,KONFEDERACJA,233314
1868,2024-06-09,european,PL9,Makroregion województwo mazowieckie,2,LEWICA,143492
1869,2024-06-09,european,PL9,Makroregion województwo mazowieckie,2,NK,1596
1870,2024-06-09,european,PL9,Makroregion województwo mazowieckie,2,PIS,657573
1871,2024-06-09,european,PL9,Makroregion województwo mazowieckie,2,PLSP,733
1872,2024-06-09,european,PL9,Makroregion województwo mazowieckie,2,PO,711542
1873,2024-06-09,european,PL9,Makroregion województwo mazowieckie,2,POLEXIT,4283
1874,2024-06-09,european,PL9,Makroregion województwo mazowieckie,2,RNP,1426
1875,2024-06-09,european,PL9,Makroregion województwo mazowieckie,2,TD,152165
1876,2025-05-18,president_a,PL2,Makroregion południowy,0,eligible_voters,5913636
1877,2025-05-18,president_a,PL2,Makroregion południowy,1,issued_ballots,4006147
1878,2025-05-18,president_a,PL2,Makroregion południowy,2,Bartoszewicz,18641
1879,2025-05-18,president_a,PL2,Makroregion południowy,2,Biejat,156195
1880,2025-05-18,president_a,PL2,Makroregion południowy,2,Braun,243029
1881,2025-05-18,president_a,PL2,Makroregion południowy,2,Holownia,205188
1882,2025-05-18,president_a,PL2,Makroregion południowy,2,Jakubiak,30166
1883,2025-05-18,president_a,PL2,Makroregion południowy,2,Maciak,6793
1884,2025-05-18,president_a,PL2,Makroregion południowy,2,Mentzen,618209
1885,2025-05-18,president_a,PL2,Makroregion południowy,2,Nawrocki,1242954
1886,2025-05-18,president_a,PL2,Makroregion południowy,2,Senyszyn,42623
1887,2025-05-18,president_a,PL2,Makroregion południowy,2,Stanowski,51581
1888,2025-05-18,president_a,PL2,Makroregion południowy,2,Trzaskowski,1168328
1889,2025-05-18,president_a,PL2,Makroregion południowy,2,Woch,3682
1890,2025-05-18,president_a,PL2,Makroregion południowy,2,Zandberg,204091
1891,2025-05-18,president_a,PL4,Makroregion północno-zachodni,0,eligible_voters,4618317
1892,2025-05-18,president_a,PL4,Makroregion północno-zachodni,1,issued_ballots,3016741
1893,2025-05-18,president_a,PL4,Makroregion północno-zachodni,2,Bartoszewicz,14048
1894,2025-05-18,president_a,PL4,Makroregion północno-zachodni,2,Biejat,139794
1895,2025-05-18,president_a,PL4,Makroregion północno-zachodni,2,Braun,165586
1896,2025-05-18,president_a,PL4,Makroregion północno-zachodni,2,Holownia,165307
1897,2025-05-18,president_a,PL4,Makroregion północno-zachodni,2,Jakubiak,19746
1898,2025-05-18,president_a,PL4,Makroregion północno-zachodni,2,Maciak,5207
1899,2025-05-18,president_a,PL4,Makroregion północno-zachodni,2,Mentzen,423707
1900,2025-05-18,president_a,PL4,Makroregion północno-zachodni,2,Nawrocki,728923
1901,2025-05-18,president_a,PL4,Makroregion północno-zachodni,2,Senyszyn,33849
1902,2025-05-18,president_a,PL4,Makroregion północno-zachodni,2,Stanowski,37175
1903,2025-05-18,president_a,PL4,Makroregion północno-zachodni,2,Trzaskowski,1118484
1904,2025-05-18,president_a,PL4,Makroregion północno-zachodni,2,Woch,2787
1905,2025-05-18,president_a,PL4,Makroregion północno-zachodni,2,Zandberg,149158
1906,2025-05-18,president_a,PL5,Makroregion południowo-zachodni,0,eligible_voters,2905692
1907,2025-05-18,president_a,PL5,Makroregion południowo-zachodni,1,issued_ballots,1846414
1908,2025-05-18,president_a,PL5,Makroregion południowo-zachodni,2,Bartoszewicz,8834
1909,2025-05-18,president_a,PL5,Makroregion południowo-zachodni,2,Biejat,81158
1910,2025-05-18,president_a,PL5,Makroregion południowo-zachodni,2,Braun,104671
1911,2025-05-18,president_a,PL5,Makroregion południowo-zachodni,2,Holownia,90177
1912,2025-05-18,president_a,PL5,Makroregion południowo-zachodni,2,Jakubiak,12483
1913,2025-05-18,president_a,PL5,Makroregion południowo-zachodni,2,Maciak,3653
1914,2025-05-18,president_a,PL5,Makroregion południowo-zachodni,2,Mentzen,256413
1915,2025-05-18,president_a,PL5,Makroregion południowo-zachodni,2,Nawrocki,469958
1916,2025-05-18,president_a,PL5,Makroregion południowo-zachodni,2,Senyszyn,21318
1917,2025-05-18,president_a,PL5,Makroregion południowo-zachodni,2,Stanowski,22546
1918,2025-05-18,president_a,PL5,Makroregion południowo-zachodni,2,Trzaskowski,667572
1919,2025-05-18,president_a,PL5,Makroregion południowo-zachodni,2,Woch,1657
1920,2025-05-18,president_a,PL5,Makroregion południowo-zachodni,2,Zandberg,97960
1921,2025-05-18,president_a,PL6,Makroregion północny,0,eligible_voters,4304388
1922,2025-05-18,president_a,PL6,Makroregion północny,1,issued_ballots,2797569
1923,2025-05-18,president_a,PL6,Makroregion północny,2,Bartoszewicz,13289
1924,2025-05-18,president_a,PL6,Makroregion północny,2,Biejat,128774
1925,2025-05-18,president_a,PL6,Makroregion północny,2,Braun,148257
1926,2025-05-18,president_a,PL6,Makroregion północny,2,Holownia,150927
1927,2025-05-18,president_a,PL6,Makroregion północny,2,Jakubiak,19073
1928,2025-05-18,president_a,PL6,Makroregion północny,2,Maciak,5389
1929,2025-05-18,president_a,PL6,Makroregion północny,2,Mentzen,409195
1930,2025-05-18,president_a,PL6,Makroregion północny,2,Nawrocki,687922
1931,2025-05-18,president_a,PL6,Makroregion północny,2,Senyszyn,32143
1932,2025-05-18,president_a,PL6,Makroregion północny,2,Stanowski,35909
1933,2025-05-18,president_a,PL6,Makroregion północny,2,Trzaskowski,1015094
1934,2025-05-18,president_a,PL6,Makroregion północny,2,Woch,2606
1935,2025-05-18,president_a,PL6,Makroregion północny,2,Zandberg,137006
1936,2025-05-18,president_a,PL7,Makroregion centralny,0,eligible_voters,2764432
1937,2025-05-18,president_a,PL7,Makroregion centralny,1,issued_ballots,1845194
1938,2025-05-18,president_a,PL7,Makroregion centralny,2,Bartoszewicz,8759
1939,2025-05-18,president_a,PL7,Makroregion centralny,2,Biejat,75264
1940,2025-05-18,president_a,PL7,Makroregion centralny,2,Braun,122564
1941,2025-05-18,president_a,PL7,Makroregion centralny,2,Holownia,82825
1942,2025-05-18,president_a,PL7,Makroregion centralny,2,Jakubiak,14883
1943,2025-05-18,president_a,PL7,Makroregion centralny,2,Maciak,3512
1944,2025-05-18,president_a,PL7,Makroregion centralny,2,Mentzen,257237
1945,2025-05-18,president_a,PL7,Makroregion centralny,2,Nawrocki,636968
1946,2025-05-18,president_a,PL7,Makroregion centralny,2,Senyszyn,18625
1947,2025-05-18,president_a,PL7,Makroregion centralny,2,Stanowski,21283
1948,2025-05-18,president_a,PL7,Makroregion centralny,2,Trzaskowski,517514
1949,2025-05-18,president_a,PL7,Makroregion centralny,2,Woch,1539
1950,2025-05-18,president_a,PL7,Makroregion centralny,2,Zandberg,76451
1951,2025-05-18,president_a,PL8,Makroregion wschodni,0,eligible_voters,4064765
1952,2025-05-18,president_a,PL8,Makroregion wschodni,1,issued_ballots,2654104
1953,2025-05-18,president_a,PL8,Makroregion wschodni,2,Bartoszewicz,14185
1954,2025-05-18,president_a,PL8,Makroregion wschodni,2,Biejat,68395
1955,2025-05-18,president_a,PL8,Makroregion wschodni,2,Braun,236880
1956,2025-05-18,president_a,PL8,Makroregion wschodni,2,Holownia,117970
1957,2025-05-18,president_a,PL8,Makroregion wschodni,2,Jakubiak,22969
1958,2025-05-18,president_a,PL8,Makroregion wschodni,2,Maciak,5956
1959,2025-05-18,president_a,PL8,Makroregion wschodni,2,Mentzen,451394
1960,2025-05-18,president_a,PL8,Makroregion wschodni,2,Nawrocki,1052102
1961,2025-05-18,president_a,PL8,Makroregion wschodni,2,Senyszyn,21667
1962,2025-05-18,president_a,PL8,Makroregion wschodni,2,Stanowski,28070
1963,2025-05-18,president_a,PL8,Makroregion wschodni,2,Trzaskowski,531940
1964,2025-05-18,president_a,PL8,Makroregion wschodni,2,Woch,3096
1965,2025-05-18,president_a,PL8,Makroregion wschodni,2,Zandberg,89083
1966,2025-05-18,president_a,PL9,Makroregion województwo mazowieckie,0,eligible_voters,4156733
1967,2025-05-18,president_a,PL9,Makroregion województwo mazowieckie,1,issued_ballots,3050437
1968,2025-05-18,president_a,PL9,Makroregion województwo mazowieckie,2,Bartoszewicz,15830
1969,2025-05-18,president_a,PL9,Makroregion województwo mazowieckie,2,Biejat,151315
1970,2025-05-18,president_a,PL9,Makroregion województwo mazowieckie,2,Braun,170378
1971,2025-05-18,president_a,PL9,Makroregion województwo mazowieckie,2,Holownia,150536
1972,2025-05-18,president_a,PL9,Makroregion województwo mazowieckie,2,Jakubiak,28446
1973,2025-05-18,president_a,PL9,Makroregion województwo mazowieckie,2,Maciak,4944
1974,2025-05-18,president_a,PL9,Makroregion województwo mazowieckie,2,Mentzen,409064
1975,2025-05-18,president_a,PL9,Makroregion województwo mazowieckie,2,Nawrocki,897133
1976,2025-05-18,president_a,PL9,Makroregion województwo mazowieckie,2,Senyszyn,38173
1977,2025-05-18,president_a,PL9,Makroregion województwo mazowieckie,2,Stanowski,42731
1978,2025-05-18,president_a,PL9,Makroregion województwo mazowieckie,2,Trzaskowski,957329
1979,2025-05-18,president_a,PL9,Makroregion województwo mazowieckie,2,Woch,2736
1980,2025-05-18,president_a,PL9,Makroregion województwo mazowieckie,2,Zandberg,168936
1981,2025-06-01,president_b,PL2,Makroregion południowy,0,eligible_voters,5887015
1982,2025-06-01,president_b,PL2,Makroregion południowy,1,issued_ballots,4244567
1983,2025-06-01,president_b,PL2,Makroregion południowy,2,Nawrocki,2243938
1984,2025-06-01,president_b,PL2,Makroregion południowy,2,Trzaskowski,1963837
1985,2025-06-01,president_b,PL4,Makroregion północno-zachodni,0,eligible_voters,4618960
1986,2025-06-01,president_b,PL4,Makroregion północno-zachodni,1,issued_ballots,3235413
1987,2025-06-01,president_b,PL4,Makroregion północno-zachodni,2,Nawrocki,1398378
1988,2025-06-01,president_b,PL4,Makroregion północno-zachodni,2,Trzaskowski,1808318
1989,2025-06-01,president_b,PL5,Makroregion południowo-zachodni,0,eligible_voters,2898249
1990,2025-06-01,president_b,PL5,Makroregion południowo-zachodni,1,issued_ballots,1988394
1991,2025-06-01,president_b,PL5,Makroregion południowo-zachodni,2,Nawrocki,883539
1992,2025-06-01,president_b,PL5,Makroregion południowo-zachodni,2,Trzaskowski,1087297
1993,2025-06-01,president_b,PL6,Makroregion północny,0,eligible_voters,4313148
1994,2025-06-01,president_b,PL6,Makroregion północny,1,issued_ballots,2977333
1995,2025-06-01,president_b,PL6,Makroregion północny,2,Nawrocki,1313182
1996,2025-06-01,president_b,PL6,Makroregion północny,2,Trzaskowski,1638166
1997,2025-06-01,president_b,PL7,Makroregion centralny,0,eligible_voters,2742785
1998,2025-06-01,president_b,PL7,Makroregion centralny,1,issued_ballots,1967871
1999,2025-06-01,president_b,PL7,Makroregion centralny,2,Nawrocki,1103722
2000,2025-06-01,president_b,PL7,Makroregion centralny,2,Trzaskowski,847245
2001,2025-06-01,president_b,PL8,Makroregion wschodni,0,eligible_voters,4029468
2002,2025-06-01,president_b,PL8,Makroregion wschodni,1,issued_ballots,2785833
2003,2025-06-01,president_b,PL8,Makroregion wschodni,2,Nawrocki,1858395
2004,2025-06-01,president_b,PL8,Makroregion wschodni,2,Trzaskowski,905600
2005,2025-06-01,president_b,PL9,Makroregion województwo mazowieckie,0,eligible_voters,4152285
2006,2025-06-01,president_b,PL9,Makroregion województwo mazowieckie,1,issued_ballots,3217220
2007,2025-06-01,president_b,PL9,Makroregion województwo mazowieckie,2,Nawrocki,1585019
2008,2025-06-01,president_b,PL9,Makroregion województwo mazowieckie,2,Trzaskowski,1602996
