,election_date,election_type,nuts_2_code,nuts_2_name,type,name,votes
0,2000-10-08,president_a,PL21,Małopolskie,0,eligible_voters,14371260
1,2000-10-08,president_a,PL21,Małopolskie,1,issued_ballots,8941554
2,2000-10-08,president_a,PL21,Małopolskie,2,Grabowski,41034
3,2000-10-08,president_a,PL21,Małopolskie,2,Ikonowicz,15990
4,2000-10-08,president_a,PL21,Małopolskie,2,Kalinowski,459018
5,2000-10-08,president_a,PL21,Małopolskie,2,KorwinMikke,148038
6,2000-10-08,president_a,PL21,Małopolskie,2,Krzaklewski,1951440
7,2000-10-08,president_a,PL21,Małopolskie,2,Kwasniewski,3658122
8,2000-10-08,president_a,PL21,Małopolskie,2,Lepper,220398
9,2000-10-08,president_a,PL21,Małopolskie,2,Lopuszanski,79638
10,2000-10-08,president_a,PL21,Małopolskie,2,Olechowski,2099004
11,2000-10-08,president_a,PL21,Małopolskie,2,Pawlowski,7566
12,2000-10-08,president_a,PL21,Małopolskie,2,Walesa,122256
13,2000-10-08,president_a,PL21,Małopolskie,2,Wilecki,13608
14,2000-10-08,president_a,PL22,Śląskie,0,eligible_voters,29562864
15,2000-10-08,president_a,PL22,Śląskie,1,issued_ballots,17985896
16,2000-10-08,president_a,PL22,Śląskie,2,Grabowski,94336
17,2000-10-08,president_a,PL22,Śląskie,2,Ikonowicz,49032
18,2000-10-08,president_a,PL22,Śląskie,2,Kalinowski,328712
19,2000-10-08,president_a,PL22,Śląskie,2,KorwinMikke,250480
20,2000-10-08,president_a,PL22,Śląskie,2,Krzaklewski,2523408
21,2000-10-08,president_a,PL22,Śląskie,2,Kwasniewski,10603264
22,2000-10-08,president_a,PL22,Śląskie,2,Lepper,320432
23,2000-10-08,president_a,PL22,Śląskie,2,Lopuszanski,95856
24,2000-10-08,president_a,PL22,Śląskie,2,Olechowski,3291480
25,2000-10-08,president_a,PL22,Śląskie,2,Pawlowski,15288
26,2000-10-08,president_a,PL22,Śląskie,2,Walesa,204616
27,2000-10-08,president_a,PL22,Śląskie,2,Wilecki,25440
28,2000-10-08,president_a,PL41,Wielkopolskie,0,eligible_voters,14958942
29,2000-10-08,president_a,PL41,Wielkopolskie,1,issued_ballots,9953808
30,2000-10-08,president_a,PL41,Wielkopolskie,2,Grabowski,39558
31,2000-10-08,president_a,PL41,Wielkopolskie,2,Ikonowicz,16884
32,2000-10-08,president_a,PL41,Wielkopolskie,2,Kalinowski,520836
33,2000-10-08,president_a,PL41,Wielkopolskie,2,KorwinMikke,116400
34,2000-10-08,president_a,PL41,Wielkopolskie,2,Krzaklewski,1092414
35,2000-10-08,president_a,PL41,Wielkopolskie,2,Kwasniewski,6060336
36,2000-10-08,president_a,PL41,Wielkopolskie,2,Lepper,315558
37,2000-10-08,president_a,PL41,Wielkopolskie,2,Lopuszanski,55818
38,2000-10-08,president_a,PL41,Wielkopolskie,2,Olechowski,1522416
39,2000-10-08,president_a,PL41,Wielkopolskie,2,Pawlowski,7824
40,2000-10-08,president_a,PL41,Wielkopolskie,2,Walesa,87936
41,2000-10-08,president_a,PL41,Wielkopolskie,2,Wilecki,11868
42,2000-10-08,president_a,PL42,Zachodniopomorskie,0,eligible_voters,5170480
43,2000-10-08,president_a,PL42,Zachodniopomorskie,1,issued_ballots,3107404
44,2000-10-08,president_a,PL42,Zachodniopomorskie,2,Grabowski,13936
45,2000-10-08,president_a,PL42,Zachodniopomorskie,2,Ikonowicz,6388
46,2000-10-08,president_a,PL42,Zachodniopomorskie,2,Kalinowski,69240
47,2000-10-08,president_a,PL42,Zachodniopomorskie,2,KorwinMikke,43576
48,2000-10-08,president_a,PL42,Zachodniopomorskie,2,Krzaklewski,342632
49,2000-10-08,president_a,PL42,Zachodniopomorskie,2,Kwasniewski,1971104
50,2000-10-08,president_a,PL42,Zachodniopomorskie,2,Lepper,89072
51,2000-10-08,president_a,PL42,Zachodniopomorskie,2,Lopuszanski,12812
52,2000-10-08,president_a,PL42,Zachodniopomorskie,2,Olechowski,497840
53,2000-10-08,president_a,PL42,Zachodniopomorskie,2,Pawlowski,2636
54,2000-10-08,president_a,PL42,Zachodniopomorskie,2,Walesa,25480
55,2000-10-08,president_a,PL42,Zachodniopomorskie,2,Wilecki,3936
56,2000-10-08,president_a,PL43,Lubuskie,0,eligible_voters,1518858
57,2000-10-08,president_a,PL43,Lubuskie,1,issued_ballots,926740
58,2000-10-08,president_a,PL43,Lubuskie,2,Grabowski,3984
59,2000-10-08,president_a,PL43,Lubuskie,2,Ikonowicz,1774
60,2000-10-08,president_a,PL43,Lubuskie,2,Kalinowski,23886
61,2000-10-08,president_a,PL43,Lubuskie,2,KorwinMikke,11064
62,2000-10-08,president_a,PL43,Lubuskie,2,Krzaklewski,109524
63,2000-10-08,president_a,PL43,Lubuskie,2,Kwasniewski,604216
64,2000-10-08,president_a,PL43,Lubuskie,2,Lepper,21174
65,2000-10-08,president_a,PL43,Lubuskie,2,Lopuszanski,3098
66,2000-10-08,president_a,PL43,Lubuskie,2,Olechowski,129668
67,2000-10-08,president_a,PL43,Lubuskie,2,Pawlowski,672
68,2000-10-08,president_a,PL43,Lubuskie,2,Walesa,7586
69,2000-10-08,president_a,PL43,Lubuskie,2,Wilecki,1242
70,2000-10-08,president_a,PL51,Dolnośląskie,0,eligible_voters,11291480
71,2000-10-08,president_a,PL51,Dolnośląskie,1,issued_ballots,6842530
72,2000-10-08,president_a,PL51,Dolnośląskie,2,Grabowski,34530
73,2000-10-08,president_a,PL51,Dolnośląskie,2,Ikonowicz,13920
74,2000-10-08,president_a,PL51,Dolnośląskie,2,Kalinowski,187820
75,2000-10-08,president_a,PL51,Dolnośląskie,2,KorwinMikke,96835
76,2000-10-08,president_a,PL51,Dolnośląskie,2,Krzaklewski,966795
77,2000-10-08,president_a,PL51,Dolnośląskie,2,Kwasniewski,4022740
78,2000-10-08,president_a,PL51,Dolnośląskie,2,Lepper,163480
79,2000-10-08,president_a,PL51,Dolnośląskie,2,Lopuszanski,42280
80,2000-10-08,president_a,PL51,Dolnośląskie,2,Olechowski,1171535
81,2000-10-08,president_a,PL51,Dolnośląskie,2,Pawlowski,5730
82,2000-10-08,president_a,PL51,Dolnośląskie,2,Walesa,58715
83,2000-10-08,president_a,PL51,Dolnośląskie,2,Wilecki,11400
84,2000-10-08,president_a,PL52,Opolskie,0,eligible_voters,1624640
85,2000-10-08,president_a,PL52,Opolskie,1,issued_ballots,833068
86,2000-10-08,president_a,PL52,Opolskie,2,Grabowski,3926
87,2000-10-08,president_a,PL52,Opolskie,2,Ikonowicz,1536
88,2000-10-08,president_a,PL52,Opolskie,2,Kalinowski,30576
89,2000-10-08,president_a,PL52,Opolskie,2,KorwinMikke,12216
90,2000-10-08,president_a,PL52,Opolskie,2,Krzaklewski,123180
91,2000-10-08,president_a,PL52,Opolskie,2,Kwasniewski,450746
92,2000-10-08,president_a,PL52,Opolskie,2,Lepper,26416
93,2000-10-08,president_a,PL52,Opolskie,2,Lopuszanski,4540
94,2000-10-08,president_a,PL52,Opolskie,2,Olechowski,155090
95,2000-10-08,president_a,PL52,Opolskie,2,Pawlowski,714
96,2000-10-08,president_a,PL52,Opolskie,2,Walesa,12594
97,2000-10-08,president_a,PL52,Opolskie,2,Wilecki,962
98,2000-10-08,president_a,PL61,Kujawsko-pomorskie,0,eligible_voters,7835600
99,2000-10-08,president_a,PL61,Kujawsko-pomorskie,1,issued_ballots,4864270
100,2000-10-08,president_a,PL61,Kujawsko-pomorskie,2,Grabowski,21505
101,2000-10-08,president_a,PL61,Kujawsko-pomorskie,2,Ikonowicz,9815
102,2000-10-08,president_a,PL61,Kujawsko-pomorskie,2,Kalinowski,234455
103,2000-10-08,president_a,PL61,Kujawsko-pomorskie,2,KorwinMikke,54190
104,2000-10-08,president_a,PL61,Kujawsko-pomorskie,2,Krzaklewski,537935
105,2000-10-08,president_a,PL61,Kujawsko-pomorskie,2,Kwasniewski,3071535
106,2000-10-08,president_a,PL61,Kujawsko-pomorskie,2,Lepper,152885
107,2000-10-08,president_a,PL61,Kujawsko-pomorskie,2,Lopuszanski,30470
108,2000-10-08,president_a,PL61,Kujawsko-pomorskie,2,Olechowski,649085
109,2000-10-08,president_a,PL61,Kujawsko-pomorskie,2,Pawlowski,3650
110,2000-10-08,president_a,PL61,Kujawsko-pomorskie,2,Walesa,43150
111,2000-10-08,president_a,PL61,Kujawsko-pomorskie,2,Wilecki,7755
112,2000-10-08,president_a,PL62,Warmińsko-mazurskie,0,eligible_voters,3221262
113,2000-10-08,president_a,PL62,Warmińsko-mazurskie,1,issued_ballots,1872378
114,2000-10-08,president_a,PL62,Warmińsko-mazurskie,2,Grabowski,8175
115,2000-10-08,president_a,PL62,Warmińsko-mazurskie,2,Ikonowicz,3819
116,2000-10-08,president_a,PL62,Warmińsko-mazurskie,2,Kalinowski,79917
117,2000-10-08,president_a,PL62,Warmińsko-mazurskie,2,KorwinMikke,21147
118,2000-10-08,president_a,PL62,Warmińsko-mazurskie,2,Krzaklewski,219468
119,2000-10-08,president_a,PL62,Warmińsko-mazurskie,2,Kwasniewski,1180278
120,2000-10-08,president_a,PL62,Warmińsko-mazurskie,2,Lepper,56439
121,2000-10-08,president_a,PL62,Warmińsko-mazurskie,2,Lopuszanski,12231
122,2000-10-08,president_a,PL62,Warmińsko-mazurskie,2,Olechowski,255021
123,2000-10-08,president_a,PL62,Warmińsko-mazurskie,2,Pawlowski,1551
124,2000-10-08,president_a,PL62,Warmińsko-mazurskie,2,Walesa,13323
125,2000-10-08,president_a,PL62,Warmińsko-mazurskie,2,Wilecki,2439
126,2000-10-08,president_a,PL63,Pomorskie,0,eligible_voters,8091340
127,2000-10-08,president_a,PL63,Pomorskie,1,issued_ballots,5082545
128,2000-10-08,president_a,PL63,Pomorskie,2,Grabowski,22860
129,2000-10-08,president_a,PL63,Pomorskie,2,Ikonowicz,8480
130,2000-10-08,president_a,PL63,Pomorskie,2,Kalinowski,130985
131,2000-10-08,president_a,PL63,Pomorskie,2,KorwinMikke,81500
132,2000-10-08,president_a,PL63,Pomorskie,2,Krzaklewski,877345
133,2000-10-08,president_a,PL63,Pomorskie,2,Kwasniewski,2491240
134,2000-10-08,president_a,PL63,Pomorskie,2,Lepper,122805
135,2000-10-08,president_a,PL63,Pomorskie,2,Lopuszanski,35755
136,2000-10-08,president_a,PL63,Pomorskie,2,Olechowski,1177140
137,2000-10-08,president_a,PL63,Pomorskie,2,Pawlowski,4455
138,2000-10-08,president_a,PL63,Pomorskie,2,Walesa,67000
139,2000-10-08,president_a,PL63,Pomorskie,2,Wilecki,6520
140,2000-10-08,president_a,PL71,Łódzkie,0,eligible_voters,10261880
141,2000-10-08,president_a,PL71,Łódzkie,1,issued_ballots,6306030
142,2000-10-08,president_a,PL71,Łódzkie,2,Grabowski,31080
143,2000-10-08,president_a,PL71,Łódzkie,2,Ikonowicz,18275
144,2000-10-08,president_a,PL71,Łódzkie,2,Kalinowski,481205
145,2000-10-08,president_a,PL71,Łódzkie,2,KorwinMikke,105425
146,2000-10-08,president_a,PL71,Łódzkie,2,Krzaklewski,782040
147,2000-10-08,president_a,PL71,Łódzkie,2,Kwasniewski,3512210
148,2000-10-08,president_a,PL71,Łódzkie,2,Lepper,259505
149,2000-10-08,president_a,PL71,Łódzkie,2,Lopuszanski,51070
150,2000-10-08,president_a,PL71,Łódzkie,2,Olechowski,911755
151,2000-10-08,president_a,PL71,Łódzkie,2,Pawlowski,7860
152,2000-10-08,president_a,PL71,Łódzkie,2,Walesa,55630
153,2000-10-08,president_a,PL71,Łódzkie,2,Wilecki,13715
154,2000-10-08,president_a,PL72,Świętokrzyskie,0,eligible_voters,2018414
155,2000-10-08,president_a,PL72,Świętokrzyskie,1,issued_ballots,1187742
156,2000-10-08,president_a,PL72,Świętokrzyskie,2,Grabowski,6450
157,2000-10-08,president_a,PL72,Świętokrzyskie,2,Ikonowicz,3220
158,2000-10-08,president_a,PL72,Świętokrzyskie,2,Kalinowski,120888
159,2000-10-08,president_a,PL72,Świętokrzyskie,2,KorwinMikke,13608
160,2000-10-08,president_a,PL72,Świętokrzyskie,2,Krzaklewski,124542
161,2000-10-08,president_a,PL72,Świętokrzyskie,2,Kwasniewski,710142
162,2000-10-08,president_a,PL72,Świętokrzyskie,2,Lepper,46930
163,2000-10-08,president_a,PL72,Świętokrzyskie,2,Lopuszanski,9912
164,2000-10-08,president_a,PL72,Świętokrzyskie,2,Olechowski,127192
165,2000-10-08,president_a,PL72,Świętokrzyskie,2,Pawlowski,1262
166,2000-10-08,president_a,PL72,Świętokrzyskie,2,Walesa,7716
167,2000-10-08,president_a,PL72,Świętokrzyskie,2,Wilecki,1792
168,2000-10-08,president_a,PL81,Lubelskie,0,eligible_voters,6728080
169,2000-10-08,president_a,PL81,Lubelskie,1,issued_ballots,3972264
170,2000-10-08,president_a,PL81,Lubelskie,2,Grabowski,22508
171,2000-10-08,president_a,PL81,Lubelskie,2,Ikonowicz,9536
172,2000-10-08,president_a,PL81,Lubelskie,2,Kalinowski,661240
173,2000-10-08,president_a,PL81,Lubelskie,2,KorwinMikke,52436
174,2000-10-08,president_a,PL81,Lubelskie,2,Krzaklewski,640624
175,2000-10-08,president_a,PL81,Lubelskie,2,Kwasniewski,1749016
176,2000-10-08,president_a,PL81,Lubelskie,2,Lepper,217792
177,2000-10-08,president_a,PL81,Lubelskie,2,Lopuszanski,41096
178,2000-10-08,president_a,PL81,Lubelskie,2,Olechowski,482180
179,2000-10-08,president_a,PL81,Lubelskie,2,Pawlowski,4860
180,2000-10-08,president_a,PL81,Lubelskie,2,Walesa,32944
181,2000-10-08,president_a,PL81,Lubelskie,2,Wilecki,9392
182,2000-10-08,president_a,PL82,Podkarpackie,0,eligible_voters,6211068
183,2000-10-08,president_a,PL82,Podkarpackie,1,issued_ballots,3821852
184,2000-10-08,president_a,PL82,Podkarpackie,2,Grabowski,29180
185,2000-10-08,president_a,PL82,Podkarpackie,2,Ikonowicz,6456
186,2000-10-08,president_a,PL82,Podkarpackie,2,Kalinowski,360920
187,2000-10-08,president_a,PL82,Podkarpackie,2,KorwinMikke,48648
188,2000-10-08,president_a,PL82,Podkarpackie,2,Krzaklewski,1004188
189,2000-10-08,president_a,PL82,Podkarpackie,2,Kwasniewski,1483056
190,2000-10-08,president_a,PL82,Podkarpackie,2,Lepper,165696
191,2000-10-08,president_a,PL82,Podkarpackie,2,Lopuszanski,52056
192,2000-10-08,president_a,PL82,Podkarpackie,2,Olechowski,567768
193,2000-10-08,president_a,PL82,Podkarpackie,2,Pawlowski,4228
194,2000-10-08,president_a,PL82,Podkarpackie,2,Walesa,38524
195,2000-10-08,president_a,PL82,Podkarpackie,2,Wilecki,8964
196,2000-10-08,president_a,PL84,Podlaskie,0,eligible_voters,2728884
197,2000-10-08,president_a,PL84,Podlaskie,1,issued_ballots,1595994
198,2000-10-08,president_a,PL84,Podlaskie,2,Grabowski,7866
199,2000-10-08,president_a,PL84,Podlaskie,2,Ikonowicz,3399
200,2000-10-08,president_a,PL84,Podlaskie,2,Kalinowski,172263
201,2000-10-08,president_a,PL84,Podlaskie,2,KorwinMikke,18411
202,2000-10-08,president_a,PL84,Podlaskie,2,Krzaklewski,354513
203,2000-10-08,president_a,PL84,Podlaskie,2,Kwasniewski,709779
204,2000-10-08,president_a,PL84,Podlaskie,2,Lepper,64878
205,2000-10-08,president_a,PL84,Podlaskie,2,Lopuszanski,16527
206,2000-10-08,president_a,PL84,Podlaskie,2,Olechowski,213690
207,2000-10-08,president_a,PL84,Podlaskie,2,Pawlowski,1272
208,2000-10-08,president_a,PL84,Podlaskie,2,Walesa,12780
209,2000-10-08,president_a,PL84,Podlaskie,2,Wilecki,3231
210,2000-10-08,president_a,PL91,Warszawski stołeczny,0,eligible_voters,6212496
211,2000-10-08,president_a,PL91,Warszawski stołeczny,1,issued_ballots,4011834
212,2000-10-08,president_a,PL91,Warszawski stołeczny,2,Grabowski,22152
213,2000-10-08,president_a,PL91,Warszawski stołeczny,2,Ikonowicz,10191
214,2000-10-08,president_a,PL91,Warszawski stołeczny,2,Kalinowski,110124
215,2000-10-08,president_a,PL91,Warszawski stołeczny,2,KorwinMikke,89571
216,2000-10-08,president_a,PL91,Warszawski stołeczny,2,Krzaklewski,765270
217,2000-10-08,president_a,PL91,Warszawski stołeczny,2,Kwasniewski,1749669
218,2000-10-08,president_a,PL91,Warszawski stołeczny,2,Lepper,46458
219,2000-10-08,president_a,PL91,Warszawski stołeczny,2,Lopuszanski,49755
220,2000-10-08,president_a,PL91,Warszawski stołeczny,2,Olechowski,1067019
221,2000-10-08,president_a,PL91,Warszawski stołeczny,2,Pawlowski,5895
222,2000-10-08,president_a,PL91,Warszawski stołeczny,2,Walesa,49212
223,2000-10-08,president_a,PL91,Warszawski stołeczny,2,Wilecki,6192
224,2000-10-08,president_a,PL92,Mazowiecki regionalny,0,eligible_voters,10848042
225,2000-10-08,president_a,PL92,Mazowiecki regionalny,1,issued_ballots,6178704
226,2000-10-08,president_a,PL92,Mazowiecki regionalny,2,Grabowski,32004
227,2000-10-08,president_a,PL92,Mazowiecki regionalny,2,Ikonowicz,13392
228,2000-10-08,president_a,PL92,Mazowiecki regionalny,2,Kalinowski,926322
229,2000-10-08,president_a,PL92,Mazowiecki regionalny,2,KorwinMikke,66120
230,2000-10-08,president_a,PL92,Mazowiecki regionalny,2,Krzaklewski,843216
231,2000-10-08,president_a,PL92,Mazowiecki regionalny,2,Kwasniewski,3028770
232,2000-10-08,president_a,PL92,Mazowiecki regionalny,2,Lepper,280686
233,2000-10-08,president_a,PL92,Mazowiecki regionalny,2,Lopuszanski,63576
234,2000-10-08,president_a,PL92,Mazowiecki regionalny,2,Olechowski,773334
235,2000-10-08,president_a,PL92,Mazowiecki regionalny,2,Pawlowski,6828
236,2000-10-08,president_a,PL92,Mazowiecki regionalny,2,Walesa,51378
237,2000-10-08,president_a,PL92,Mazowiecki regionalny,2,Wilecki,10974
238,2001-09-23,parliament,PL21,Małopolskie,0,eligible_voters,14519442
239,2001-09-23,parliament,PL21,Małopolskie,1,issued_ballots,7065144
240,2001-09-23,parliament,PL21,Małopolskie,2,ARS,29472
241,2001-09-23,parliament,PL21,Małopolskie,2,AWSP,517380
242,2001-09-23,parliament,PL21,Małopolskie,2,LPR,748206
243,2001-09-23,parliament,PL21,Małopolskie,2,MN,0
244,2001-09-23,parliament,PL21,Małopolskie,2,NMNGSL,0
245,2001-09-23,parliament,PL21,Małopolskie,2,PIS,851688
246,2001-09-23,parliament,PL21,Małopolskie,2,PO,1126608
247,2001-09-23,parliament,PL21,Małopolskie,2,PPS,0
248,2001-09-23,parliament,PL21,Małopolskie,2,PSL,651390
249,2001-09-23,parliament,PL21,Małopolskie,2,PUG,0
250,2001-09-23,parliament,PL21,Małopolskie,2,PWN,0
251,2001-09-23,parliament,PL21,Małopolskie,2,SAMOOBRONA,543138
252,2001-09-23,parliament,PL21,Małopolskie,2,SLDUP,2028048
253,2001-09-23,parliament,PL21,Małopolskie,2,UW,249336
254,2001-09-23,parliament,PL22,Śląskie,0,eligible_voters,29714816
255,2001-09-23,parliament,PL22,Śląskie,1,issued_ballots,13471712
256,2001-09-23,parliament,PL22,Śląskie,2,ARS,86008
257,2001-09-23,parliament,PL22,Śląskie,2,AWSP,1140272
258,2001-09-23,parliament,PL22,Śląskie,2,LPR,625936
259,2001-09-23,parliament,PL22,Śląskie,2,MN,39120
260,2001-09-23,parliament,PL22,Śląskie,2,NMNGSL,64192
261,2001-09-23,parliament,PL22,Śląskie,2,PIS,1243416
262,2001-09-23,parliament,PL22,Śląskie,2,PO,1787352
263,2001-09-23,parliament,PL22,Śląskie,2,PPS,15744
264,2001-09-23,parliament,PL22,Śląskie,2,PSL,532536
265,2001-09-23,parliament,PL22,Śląskie,2,PUG,10176
266,2001-09-23,parliament,PL22,Śląskie,2,PWN,0
267,2001-09-23,parliament,PL22,Śląskie,2,SAMOOBRONA,929816
268,2001-09-23,parliament,PL22,Śląskie,2,SLDUP,6004712
269,2001-09-23,parliament,PL22,Śląskie,2,UW,506712
270,2001-09-23,parliament,PL41,Wielkopolskie,0,eligible_voters,15120942
271,2001-09-23,parliament,PL41,Wielkopolskie,1,issued_ballots,7541946
272,2001-09-23,parliament,PL41,Wielkopolskie,2,ARS,22386
273,2001-09-23,parliament,PL41,Wielkopolskie,2,AWSP,310560
274,2001-09-23,parliament,PL41,Wielkopolskie,2,LPR,486048
275,2001-09-23,parliament,PL41,Wielkopolskie,2,MN,0
276,2001-09-23,parliament,PL41,Wielkopolskie,2,NMNGSL,0
277,2001-09-23,parliament,PL41,Wielkopolskie,2,PIS,477294
278,2001-09-23,parliament,PL41,Wielkopolskie,2,PO,902934
279,2001-09-23,parliament,PL41,Wielkopolskie,2,PPS,0
280,2001-09-23,parliament,PL41,Wielkopolskie,2,PSL,647172
281,2001-09-23,parliament,PL41,Wielkopolskie,2,PUG,10284
282,2001-09-23,parliament,PL41,Wielkopolskie,2,PWN,1626
283,2001-09-23,parliament,PL41,Wielkopolskie,2,SAMOOBRONA,759660
284,2001-09-23,parliament,PL41,Wielkopolskie,2,SLDUP,3290832
285,2001-09-23,parliament,PL41,Wielkopolskie,2,UW,205326
286,2001-09-23,parliament,PL42,Zachodniopomorskie,0,eligible_voters,5233000
287,2001-09-23,parliament,PL42,Zachodniopomorskie,1,issued_ballots,2276612
288,2001-09-23,parliament,PL42,Zachodniopomorskie,2,ARS,6664
289,2001-09-23,parliament,PL42,Zachodniopomorskie,2,AWSP,90876
290,2001-09-23,parliament,PL42,Zachodniopomorskie,2,LPR,114844
291,2001-09-23,parliament,PL42,Zachodniopomorskie,2,MN,0
292,2001-09-23,parliament,PL42,Zachodniopomorskie,2,NMNGSL,0
293,2001-09-23,parliament,PL42,Zachodniopomorskie,2,PIS,142892
294,2001-09-23,parliament,PL42,Zachodniopomorskie,2,PO,253728
295,2001-09-23,parliament,PL42,Zachodniopomorskie,2,PPS,2272
296,2001-09-23,parliament,PL42,Zachodniopomorskie,2,PSL,84628
297,2001-09-23,parliament,PL42,Zachodniopomorskie,2,PUG,0
298,2001-09-23,parliament,PL42,Zachodniopomorskie,2,PWN,0
299,2001-09-23,parliament,PL42,Zachodniopomorskie,2,SAMOOBRONA,326452
300,2001-09-23,parliament,PL42,Zachodniopomorskie,2,SLDUP,1073532
301,2001-09-23,parliament,PL42,Zachodniopomorskie,2,UW,82524
302,2001-09-23,parliament,PL43,Lubuskie,0,eligible_voters,1539818
303,2001-09-23,parliament,PL43,Lubuskie,1,issued_ballots,655588
304,2001-09-23,parliament,PL43,Lubuskie,2,ARS,2344
305,2001-09-23,parliament,PL43,Lubuskie,2,AWSP,37390
306,2001-09-23,parliament,PL43,Lubuskie,2,LPR,33956
307,2001-09-23,parliament,PL43,Lubuskie,2,MN,0
308,2001-09-23,parliament,PL43,Lubuskie,2,NMNGSL,0
309,2001-09-23,parliament,PL43,Lubuskie,2,PIS,35344
310,2001-09-23,parliament,PL43,Lubuskie,2,PO,61244
311,2001-09-23,parliament,PL43,Lubuskie,2,PPS,1598
312,2001-09-23,parliament,PL43,Lubuskie,2,PSL,46764
313,2001-09-23,parliament,PL43,Lubuskie,2,PUG,2868
314,2001-09-23,parliament,PL43,Lubuskie,2,PWN,0
315,2001-09-23,parliament,PL43,Lubuskie,2,SAMOOBRONA,59914
316,2001-09-23,parliament,PL43,Lubuskie,2,SLDUP,321580
317,2001-09-23,parliament,PL43,Lubuskie,2,UW,20984
318,2001-09-23,parliament,PL51,Dolnośląskie,0,eligible_voters,11391970
319,2001-09-23,parliament,PL51,Dolnośląskie,1,issued_ballots,5124550
320,2001-09-23,parliament,PL51,Dolnośląskie,2,ARS,22425
321,2001-09-23,parliament,PL51,Dolnośląskie,2,AWSP,226005
322,2001-09-23,parliament,PL51,Dolnośląskie,2,LPR,337600
323,2001-09-23,parliament,PL51,Dolnośląskie,2,MN,0
324,2001-09-23,parliament,PL51,Dolnośląskie,2,NMNGSL,0
325,2001-09-23,parliament,PL51,Dolnośląskie,2,PIS,385240
326,2001-09-23,parliament,PL51,Dolnośląskie,2,PO,684030
327,2001-09-23,parliament,PL51,Dolnośląskie,2,PPS,0
328,2001-09-23,parliament,PL51,Dolnośląskie,2,PSL,259165
329,2001-09-23,parliament,PL51,Dolnośląskie,2,PUG,0
330,2001-09-23,parliament,PL51,Dolnośląskie,2,PWN,0
331,2001-09-23,parliament,PL51,Dolnośląskie,2,SAMOOBRONA,482330
332,2001-09-23,parliament,PL51,Dolnośląskie,2,SLDUP,2322565
333,2001-09-23,parliament,PL51,Dolnośląskie,2,UW,195735
334,2001-09-23,parliament,PL52,Opolskie,0,eligible_voters,1640034
335,2001-09-23,parliament,PL52,Opolskie,1,issued_ballots,653262
336,2001-09-23,parliament,PL52,Opolskie,2,ARS,2546
337,2001-09-23,parliament,PL52,Opolskie,2,AWSP,22774
338,2001-09-23,parliament,PL52,Opolskie,2,LPR,41148
339,2001-09-23,parliament,PL52,Opolskie,2,MN,84680
340,2001-09-23,parliament,PL52,Opolskie,2,NMNGSL,0
341,2001-09-23,parliament,PL52,Opolskie,2,PIS,33152
342,2001-09-23,parliament,PL52,Opolskie,2,PO,74406
343,2001-09-23,parliament,PL52,Opolskie,2,PPS,0
344,2001-09-23,parliament,PL52,Opolskie,2,PSL,31604
345,2001-09-23,parliament,PL52,Opolskie,2,PUG,0
346,2001-09-23,parliament,PL52,Opolskie,2,PWN,2322
347,2001-09-23,parliament,PL52,Opolskie,2,SAMOOBRONA,68472
348,2001-09-23,parliament,PL52,Opolskie,2,SLDUP,241556
349,2001-09-23,parliament,PL52,Opolskie,2,UW,19192
350,2001-09-23,parliament,PL61,Kujawsko-pomorskie,0,eligible_voters,7904695
351,2001-09-23,parliament,PL61,Kujawsko-pomorskie,1,issued_ballots,3523400
352,2001-09-23,parliament,PL61,Kujawsko-pomorskie,2,ARS,8485
353,2001-09-23,parliament,PL61,Kujawsko-pomorskie,2,AWSP,154590
354,2001-09-23,parliament,PL61,Kujawsko-pomorskie,2,LPR,264630
355,2001-09-23,parliament,PL61,Kujawsko-pomorskie,2,MN,0
356,2001-09-23,parliament,PL61,Kujawsko-pomorskie,2,NMNGSL,0
357,2001-09-23,parliament,PL61,Kujawsko-pomorskie,2,PIS,240915
358,2001-09-23,parliament,PL61,Kujawsko-pomorskie,2,PO,310800
359,2001-09-23,parliament,PL61,Kujawsko-pomorskie,2,PPS,3330
360,2001-09-23,parliament,PL61,Kujawsko-pomorskie,2,PSL,279625
361,2001-09-23,parliament,PL61,Kujawsko-pomorskie,2,PUG,7150
362,2001-09-23,parliament,PL61,Kujawsko-pomorskie,2,PWN,0
363,2001-09-23,parliament,PL61,Kujawsko-pomorskie,2,SAMOOBRONA,361150
364,2001-09-23,parliament,PL61,Kujawsko-pomorskie,2,SLDUP,1639565
365,2001-09-23,parliament,PL61,Kujawsko-pomorskie,2,UW,82130
366,2001-09-23,parliament,PL62,Warmińsko-mazurskie,0,eligible_voters,3265077
367,2001-09-23,parliament,PL62,Warmińsko-mazurskie,1,issued_ballots,1338762
368,2001-09-23,parliament,PL62,Warmińsko-mazurskie,2,ARS,4155
369,2001-09-23,parliament,PL62,Warmińsko-mazurskie,2,AWSP,43269
370,2001-09-23,parliament,PL62,Warmińsko-mazurskie,2,LPR,98148
371,2001-09-23,parliament,PL62,Warmińsko-mazurskie,2,MN,0
372,2001-09-23,parliament,PL62,Warmińsko-mazurskie,2,NMNGSL,0
373,2001-09-23,parliament,PL62,Warmińsko-mazurskie,2,PIS,91422
374,2001-09-23,parliament,PL62,Warmińsko-mazurskie,2,PO,140733
375,2001-09-23,parliament,PL62,Warmińsko-mazurskie,2,PPS,2508
376,2001-09-23,parliament,PL62,Warmińsko-mazurskie,2,PSL,100854
377,2001-09-23,parliament,PL62,Warmińsko-mazurskie,2,PUG,0
378,2001-09-23,parliament,PL62,Warmińsko-mazurskie,2,PWN,0
379,2001-09-23,parliament,PL62,Warmińsko-mazurskie,2,SAMOOBRONA,140805
380,2001-09-23,parliament,PL62,Warmińsko-mazurskie,2,SLDUP,605520
381,2001-09-23,parliament,PL62,Warmińsko-mazurskie,2,UW,46557
382,2001-09-23,parliament,PL63,Pomorskie,0,eligible_voters,8197760
383,2001-09-23,parliament,PL63,Pomorskie,1,issued_ballots,3887555
384,2001-09-23,parliament,PL63,Pomorskie,2,ARS,10285
385,2001-09-23,parliament,PL63,Pomorskie,2,AWSP,170860
386,2001-09-23,parliament,PL63,Pomorskie,2,LPR,258310
387,2001-09-23,parliament,PL63,Pomorskie,2,MN,0
388,2001-09-23,parliament,PL63,Pomorskie,2,NMNGSL,0
389,2001-09-23,parliament,PL63,Pomorskie,2,PIS,467445
390,2001-09-23,parliament,PL63,Pomorskie,2,PO,946535
391,2001-09-23,parliament,PL63,Pomorskie,2,PPS,0
392,2001-09-23,parliament,PL63,Pomorskie,2,PSL,156830
393,2001-09-23,parliament,PL63,Pomorskie,2,PUG,0
394,2001-09-23,parliament,PL63,Pomorskie,2,PWN,0
395,2001-09-23,parliament,PL63,Pomorskie,2,SAMOOBRONA,292820
396,2001-09-23,parliament,PL63,Pomorskie,2,SLDUP,1326450
397,2001-09-23,parliament,PL63,Pomorskie,2,UW,102920
398,2001-09-23,parliament,PL71,Łódzkie,0,eligible_voters,10300300
399,2001-09-23,parliament,PL71,Łódzkie,1,issued_ballots,4798505
400,2001-09-23,parliament,PL71,Łódzkie,2,ARS,15825
401,2001-09-23,parliament,PL71,Łódzkie,2,AWSP,219710
402,2001-09-23,parliament,PL71,Łódzkie,2,LPR,342120
403,2001-09-23,parliament,PL71,Łódzkie,2,MN,0
404,2001-09-23,parliament,PL71,Łódzkie,2,NMNGSL,0
405,2001-09-23,parliament,PL71,Łódzkie,2,PIS,340810
406,2001-09-23,parliament,PL71,Łódzkie,2,PO,437880
407,2001-09-23,parliament,PL71,Łódzkie,2,PPS,14095
408,2001-09-23,parliament,PL71,Łódzkie,2,PSL,457230
409,2001-09-23,parliament,PL71,Łódzkie,2,PUG,0
410,2001-09-23,parliament,PL71,Łódzkie,2,PWN,2980
411,2001-09-23,parliament,PL71,Łódzkie,2,SAMOOBRONA,608295
412,2001-09-23,parliament,PL71,Łódzkie,2,SLDUP,2057480
413,2001-09-23,parliament,PL71,Łódzkie,2,UW,100880
414,2001-09-23,parliament,PL72,Świętokrzyskie,0,eligible_voters,2039568
415,2001-09-23,parliament,PL72,Świętokrzyskie,1,issued_ballots,900920
416,2001-09-23,parliament,PL72,Świętokrzyskie,2,ARS,8242
417,2001-09-23,parliament,PL72,Świętokrzyskie,2,AWSP,31770
418,2001-09-23,parliament,PL72,Świętokrzyskie,2,LPR,53880
419,2001-09-23,parliament,PL72,Świętokrzyskie,2,MN,0
420,2001-09-23,parliament,PL72,Świętokrzyskie,2,NMNGSL,0
421,2001-09-23,parliament,PL72,Świętokrzyskie,2,PIS,58132
422,2001-09-23,parliament,PL72,Świętokrzyskie,2,PO,61818
423,2001-09-23,parliament,PL72,Świętokrzyskie,2,PPS,3984
424,2001-09-23,parliament,PL72,Świętokrzyskie,2,PSL,130078
425,2001-09-23,parliament,PL72,Świętokrzyskie,2,PUG,0
426,2001-09-23,parliament,PL72,Świętokrzyskie,2,PWN,0
427,2001-09-23,parliament,PL72,Świętokrzyskie,2,SAMOOBRONA,110568
428,2001-09-23,parliament,PL72,Świętokrzyskie,2,SLDUP,389170
429,2001-09-23,parliament,PL72,Świętokrzyskie,2,UW,15568
430,2001-09-23,parliament,PL81,Lubelskie,0,eligible_voters,6794008
431,2001-09-23,parliament,PL81,Lubelskie,1,issued_ballots,3223112
432,2001-09-23,parliament,PL81,Lubelskie,2,ARS,12252
433,2001-09-23,parliament,PL81,Lubelskie,2,AWSP,130464
434,2001-09-23,parliament,PL81,Lubelskie,2,LPR,325652
435,2001-09-23,parliament,PL81,Lubelskie,2,MN,0
436,2001-09-23,parliament,PL81,Lubelskie,2,NMNGSL,0
437,2001-09-23,parliament,PL81,Lubelskie,2,PIS,234528
438,2001-09-23,parliament,PL81,Lubelskie,2,PO,227564
439,2001-09-23,parliament,PL81,Lubelskie,2,PPS,4716
440,2001-09-23,parliament,PL81,Lubelskie,2,PSL,590356
441,2001-09-23,parliament,PL81,Lubelskie,2,PUG,0
442,2001-09-23,parliament,PL81,Lubelskie,2,PWN,0
443,2001-09-23,parliament,PL81,Lubelskie,2,SAMOOBRONA,446604
444,2001-09-23,parliament,PL81,Lubelskie,2,SLDUP,1064764
445,2001-09-23,parliament,PL81,Lubelskie,2,UW,58120
446,2001-09-23,parliament,PL82,Podkarpackie,0,eligible_voters,6289948
447,2001-09-23,parliament,PL82,Podkarpackie,1,issued_ballots,3041224
448,2001-09-23,parliament,PL82,Podkarpackie,2,ARS,15596
449,2001-09-23,parliament,PL82,Podkarpackie,2,AWSP,291612
450,2001-09-23,parliament,PL82,Podkarpackie,2,LPR,410800
451,2001-09-23,parliament,PL82,Podkarpackie,2,MN,0
452,2001-09-23,parliament,PL82,Podkarpackie,2,NMNGSL,0
453,2001-09-23,parliament,PL82,Podkarpackie,2,PIS,248304
454,2001-09-23,parliament,PL82,Podkarpackie,2,PO,234772
455,2001-09-23,parliament,PL82,Podkarpackie,2,PPS,0
456,2001-09-23,parliament,PL82,Podkarpackie,2,PSL,424820
457,2001-09-23,parliament,PL82,Podkarpackie,2,PUG,0
458,2001-09-23,parliament,PL82,Podkarpackie,2,PWN,0
459,2001-09-23,parliament,PL82,Podkarpackie,2,SAMOOBRONA,319364
460,2001-09-23,parliament,PL82,Podkarpackie,2,SLDUP,909256
461,2001-09-23,parliament,PL82,Podkarpackie,2,UW,44192
462,2001-09-23,parliament,PL84,Podlaskie,0,eligible_voters,2756271
463,2001-09-23,parliament,PL84,Podlaskie,1,issued_ballots,1234482
464,2001-09-23,parliament,PL84,Podlaskie,2,ARS,2535
465,2001-09-23,parliament,PL84,Podlaskie,2,AWSP,58350
466,2001-09-23,parliament,PL84,Podlaskie,2,LPR,140637
467,2001-09-23,parliament,PL84,Podlaskie,2,MN,0
468,2001-09-23,parliament,PL84,Podlaskie,2,NMNGSL,0
469,2001-09-23,parliament,PL84,Podlaskie,2,PIS,137286
470,2001-09-23,parliament,PL84,Podlaskie,2,PO,100434
471,2001-09-23,parliament,PL84,Podlaskie,2,PPS,1467
472,2001-09-23,parliament,PL84,Podlaskie,2,PSL,130764
473,2001-09-23,parliament,PL84,Podlaskie,2,PUG,3306
474,2001-09-23,parliament,PL84,Podlaskie,2,PWN,0
475,2001-09-23,parliament,PL84,Podlaskie,2,SAMOOBRONA,143625
476,2001-09-23,parliament,PL84,Podlaskie,2,SLDUP,452277
477,2001-09-23,parliament,PL84,Podlaskie,2,UW,22314
478,2001-09-23,parliament,PL91,Warszawski stołeczny,0,eligible_voters,6252048
479,2001-09-23,parliament,PL91,Warszawski stołeczny,1,issued_ballots,3236346
480,2001-09-23,parliament,PL91,Warszawski stołeczny,2,ARS,7791
481,2001-09-23,parliament,PL91,Warszawski stołeczny,2,AWSP,133461
482,2001-09-23,parliament,PL91,Warszawski stołeczny,2,LPR,240357
483,2001-09-23,parliament,PL91,Warszawski stołeczny,2,MN,0
484,2001-09-23,parliament,PL91,Warszawski stołeczny,2,NMNGSL,0
485,2001-09-23,parliament,PL91,Warszawski stołeczny,2,PIS,638511
486,2001-09-23,parliament,PL91,Warszawski stołeczny,2,PO,564705
487,2001-09-23,parliament,PL91,Warszawski stołeczny,2,PPS,3816
488,2001-09-23,parliament,PL91,Warszawski stołeczny,2,PSL,134478
489,2001-09-23,parliament,PL91,Warszawski stołeczny,2,PUG,0
490,2001-09-23,parliament,PL91,Warszawski stołeczny,2,PWN,1776
491,2001-09-23,parliament,PL91,Warszawski stołeczny,2,SAMOOBRONA,154128
492,2001-09-23,parliament,PL91,Warszawski stołeczny,2,SLDUP,1106016
493,2001-09-23,parliament,PL91,Warszawski stołeczny,2,UW,167991
494,2001-09-23,parliament,PL92,Mazowiecki regionalny,0,eligible_voters,10966776
495,2001-09-23,parliament,PL92,Mazowiecki regionalny,1,issued_ballots,4810032
496,2001-09-23,parliament,PL92,Mazowiecki regionalny,2,ARS,20226
497,2001-09-23,parliament,PL92,Mazowiecki regionalny,2,AWSP,239502
498,2001-09-23,parliament,PL92,Mazowiecki regionalny,2,LPR,353544
499,2001-09-23,parliament,PL92,Mazowiecki regionalny,2,MN,0
500,2001-09-23,parliament,PL92,Mazowiecki regionalny,2,NMNGSL,0
501,2001-09-23,parliament,PL92,Mazowiecki regionalny,2,PIS,354396
502,2001-09-23,parliament,PL92,Mazowiecki regionalny,2,PO,377070
503,2001-09-23,parliament,PL92,Mazowiecki regionalny,2,PPS,4842
504,2001-09-23,parliament,PL92,Mazowiecki regionalny,2,PSL,920172
505,2001-09-23,parliament,PL92,Mazowiecki regionalny,2,PUG,1422
506,2001-09-23,parliament,PL92,Mazowiecki regionalny,2,PWN,0
507,2001-09-23,parliament,PL92,Mazowiecki regionalny,2,SAMOOBRONA,637134
508,2001-09-23,parliament,PL92,Mazowiecki regionalny,2,SLDUP,1616820
509,2001-09-23,parliament,PL92,Mazowiecki regionalny,2,UW,77562
510,2004-06-13,european,PL21,Małopolskie,0,eligible_voters,14940684
511,2004-06-13,european,PL21,Małopolskie,1,issued_ballots,3440766
512,2004-06-13,european,PL21,Małopolskie,2,DPL,0
513,2004-06-13,european,PL21,Małopolskie,2,IDP,29802
514,2004-06-13,european,PL21,Małopolskie,2,KPEIRPLD,19806
515,2004-06-13,european,PL21,Małopolskie,2,LPR,755622
516,2004-06-13,european,PL21,Małopolskie,2,NKWW,71892
517,2004-06-13,european,PL21,Małopolskie,2,NOP,0
518,2004-06-13,european,PL21,Małopolskie,2,OKO,12678
519,2004-06-13,european,PL21,Małopolskie,2,PIS,538536
520,2004-06-13,european,PL21,Małopolskie,2,PO,807960
521,2004-06-13,european,PL21,Małopolskie,2,PPN,0
522,2004-06-13,european,PL21,Małopolskie,2,PPP,13206
523,2004-06-13,european,PL21,Małopolskie,2,PSL,196338
524,2004-06-13,european,PL21,Małopolskie,2,RACJA,0
525,2004-06-13,european,PL21,Małopolskie,2,RDP,0
526,2004-06-13,european,PL21,Małopolskie,2,ROB,0
527,2004-06-13,european,PL21,Małopolskie,2,SAMOOBRONA,263088
528,2004-06-13,european,PL21,Małopolskie,2,SLDUP,185880
529,2004-06-13,european,PL21,Małopolskie,2,UPR,66354
530,2004-06-13,european,PL21,Małopolskie,2,UW,294456
531,2004-06-13,european,PL21,Małopolskie,2,WSP,100680
532,2004-06-13,european,PL21,Małopolskie,2,ZIELONI,0
533,2004-06-13,european,PL22,Śląskie,0,eligible_voters,30077312
534,2004-06-13,european,PL22,Śląskie,1,issued_ballots,6270432
535,2004-06-13,european,PL22,Śląskie,2,DPL,0
536,2004-06-13,european,PL22,Śląskie,2,IDP,138304
537,2004-06-13,european,PL22,Śląskie,2,KPEIRPLD,35096
538,2004-06-13,european,PL22,Śląskie,2,LPR,738608
539,2004-06-13,european,PL22,Śląskie,2,NKWW,58168
540,2004-06-13,european,PL22,Śląskie,2,NOP,0
541,2004-06-13,european,PL22,Śląskie,2,OKO,20792
542,2004-06-13,european,PL22,Śląskie,2,PIS,580568
543,2004-06-13,european,PL22,Śląskie,2,PO,2199880
544,2004-06-13,european,PL22,Śląskie,2,PPN,0
545,2004-06-13,european,PL22,Śląskie,2,PPP,39336
546,2004-06-13,european,PL22,Śląskie,2,PSL,187592
547,2004-06-13,european,PL22,Śląskie,2,RACJA,84960
548,2004-06-13,european,PL22,Śląskie,2,RDP,0
549,2004-06-13,european,PL22,Śląskie,2,ROB,80432
550,2004-06-13,european,PL22,Śląskie,2,SAMOOBRONA,392104
551,2004-06-13,european,PL22,Śląskie,2,SLDUP,768360
552,2004-06-13,european,PL22,Śląskie,2,UPR,68320
553,2004-06-13,european,PL22,Śląskie,2,UW,335104
554,2004-06-13,european,PL22,Śląskie,2,WSP,328416
555,2004-06-13,european,PL22,Śląskie,2,ZIELONI,52896
556,2004-06-13,european,PL41,Wielkopolskie,0,eligible_voters,15571536
557,2004-06-13,european,PL41,Wielkopolskie,1,issued_ballots,3304428
558,2004-06-13,european,PL41,Wielkopolskie,2,DPL,0
559,2004-06-13,european,PL41,Wielkopolskie,2,IDP,90366
560,2004-06-13,european,PL41,Wielkopolskie,2,KPEIRPLD,24672
561,2004-06-13,european,PL41,Wielkopolskie,2,LPR,418218
562,2004-06-13,european,PL41,Wielkopolskie,2,NKWW,87600
563,2004-06-13,european,PL41,Wielkopolskie,2,NOP,0
564,2004-06-13,european,PL41,Wielkopolskie,2,OKO,36420
565,2004-06-13,european,PL41,Wielkopolskie,2,PIS,344166
566,2004-06-13,european,PL41,Wielkopolskie,2,PO,659166
567,2004-06-13,european,PL41,Wielkopolskie,2,PPN,0
568,2004-06-13,european,PL41,Wielkopolskie,2,PPP,16554
569,2004-06-13,european,PL41,Wielkopolskie,2,PSL,226674
570,2004-06-13,european,PL41,Wielkopolskie,2,RACJA,0
571,2004-06-13,european,PL41,Wielkopolskie,2,RDP,0
572,2004-06-13,european,PL41,Wielkopolskie,2,ROB,38394
573,2004-06-13,european,PL41,Wielkopolskie,2,SAMOOBRONA,362934
574,2004-06-13,european,PL41,Wielkopolskie,2,SLDUP,378276
575,2004-06-13,european,PL41,Wielkopolskie,2,UPR,42852
576,2004-06-13,european,PL41,Wielkopolskie,2,UW,341094
577,2004-06-13,european,PL41,Wielkopolskie,2,WSP,112164
578,2004-06-13,european,PL41,Wielkopolskie,2,ZIELONI,0
579,2004-06-13,european,PL42,Zachodniopomorskie,0,eligible_voters,5350272
580,2004-06-13,european,PL42,Zachodniopomorskie,1,issued_ballots,1008440
581,2004-06-13,european,PL42,Zachodniopomorskie,2,DPL,16576
582,2004-06-13,european,PL42,Zachodniopomorskie,2,IDP,12156
583,2004-06-13,european,PL42,Zachodniopomorskie,2,KPEIRPLD,10836
584,2004-06-13,european,PL42,Zachodniopomorskie,2,LPR,109740
585,2004-06-13,european,PL42,Zachodniopomorskie,2,NKWW,14528
586,2004-06-13,european,PL42,Zachodniopomorskie,2,NOP,0
587,2004-06-13,european,PL42,Zachodniopomorskie,2,OKO,6828
588,2004-06-13,european,PL42,Zachodniopomorskie,2,PIS,114652
589,2004-06-13,european,PL42,Zachodniopomorskie,2,PO,262680
590,2004-06-13,european,PL42,Zachodniopomorskie,2,PPN,0
591,2004-06-13,european,PL42,Zachodniopomorskie,2,PPP,4804
592,2004-06-13,european,PL42,Zachodniopomorskie,2,PSL,33584
593,2004-06-13,european,PL42,Zachodniopomorskie,2,RACJA,0
594,2004-06-13,european,PL42,Zachodniopomorskie,2,RDP,0
595,2004-06-13,european,PL42,Zachodniopomorskie,2,ROB,12596
596,2004-06-13,european,PL42,Zachodniopomorskie,2,SAMOOBRONA,126916
597,2004-06-13,european,PL42,Zachodniopomorskie,2,SLDUP,112956
598,2004-06-13,european,PL42,Zachodniopomorskie,2,UPR,16716
599,2004-06-13,european,PL42,Zachodniopomorskie,2,UW,63516
600,2004-06-13,european,PL42,Zachodniopomorskie,2,WSP,61004
601,2004-06-13,european,PL42,Zachodniopomorskie,2,ZIELONI,0
602,2004-06-13,european,PL43,Lubuskie,0,eligible_voters,1582216
603,2004-06-13,european,PL43,Lubuskie,1,issued_ballots,265350
604,2004-06-13,european,PL43,Lubuskie,2,DPL,2736
605,2004-06-13,european,PL43,Lubuskie,2,IDP,1728
606,2004-06-13,european,PL43,Lubuskie,2,KPEIRPLD,2214
607,2004-06-13,european,PL43,Lubuskie,2,LPR,35254
608,2004-06-13,european,PL43,Lubuskie,2,NKWW,2844
609,2004-06-13,european,PL43,Lubuskie,2,NOP,0
610,2004-06-13,european,PL43,Lubuskie,2,OKO,1862
611,2004-06-13,european,PL43,Lubuskie,2,PIS,31126
612,2004-06-13,european,PL43,Lubuskie,2,PO,62340
613,2004-06-13,european,PL43,Lubuskie,2,PPN,0
614,2004-06-13,european,PL43,Lubuskie,2,PPP,1638
615,2004-06-13,european,PL43,Lubuskie,2,PSL,9636
616,2004-06-13,european,PL43,Lubuskie,2,RACJA,0
617,2004-06-13,european,PL43,Lubuskie,2,RDP,0
618,2004-06-13,european,PL43,Lubuskie,2,ROB,3904
619,2004-06-13,european,PL43,Lubuskie,2,SAMOOBRONA,36278
620,2004-06-13,european,PL43,Lubuskie,2,SLDUP,30164
621,2004-06-13,european,PL43,Lubuskie,2,UPR,4366
622,2004-06-13,european,PL43,Lubuskie,2,UW,12690
623,2004-06-13,european,PL43,Lubuskie,2,WSP,16792
624,2004-06-13,european,PL43,Lubuskie,2,ZIELONI,0
625,2004-06-13,european,PL51,Dolnośląskie,0,eligible_voters,11601845
626,2004-06-13,european,PL51,Dolnośląskie,1,issued_ballots,2369020
627,2004-06-13,european,PL51,Dolnośląskie,2,DPL,0
628,2004-06-13,european,PL51,Dolnośląskie,2,IDP,61440
629,2004-06-13,european,PL51,Dolnośląskie,2,KPEIRPLD,15350
630,2004-06-13,european,PL51,Dolnośląskie,2,LPR,325510
631,2004-06-13,european,PL51,Dolnośląskie,2,NKWW,24270
632,2004-06-13,european,PL51,Dolnośląskie,2,NOP,5290
633,2004-06-13,european,PL51,Dolnośląskie,2,OKO,10510
634,2004-06-13,european,PL51,Dolnośląskie,2,PIS,219515
635,2004-06-13,european,PL51,Dolnośląskie,2,PO,614930
636,2004-06-13,european,PL51,Dolnośląskie,2,PPN,0
637,2004-06-13,european,PL51,Dolnośląskie,2,PPP,11950
638,2004-06-13,european,PL51,Dolnośląskie,2,PSL,60070
639,2004-06-13,european,PL51,Dolnośląskie,2,RACJA,30350
640,2004-06-13,european,PL51,Dolnośląskie,2,RDP,0
641,2004-06-13,european,PL51,Dolnośląskie,2,ROB,6890
642,2004-06-13,european,PL51,Dolnośląskie,2,SAMOOBRONA,269850
643,2004-06-13,european,PL51,Dolnośląskie,2,SLDUP,282090
644,2004-06-13,european,PL51,Dolnośląskie,2,UPR,96050
645,2004-06-13,european,PL51,Dolnośląskie,2,UW,135460
646,2004-06-13,european,PL51,Dolnośląskie,2,WSP,121765
647,2004-06-13,european,PL51,Dolnośląskie,2,ZIELONI,18705
648,2004-06-13,european,PL52,Opolskie,0,eligible_voters,1656388
649,2004-06-13,european,PL52,Opolskie,1,issued_ballots,268296
650,2004-06-13,european,PL52,Opolskie,2,DPL,0
651,2004-06-13,european,PL52,Opolskie,2,IDP,2122
652,2004-06-13,european,PL52,Opolskie,2,KPEIRPLD,2412
653,2004-06-13,european,PL52,Opolskie,2,LPR,38020
654,2004-06-13,european,PL52,Opolskie,2,NKWW,4714
655,2004-06-13,european,PL52,Opolskie,2,NOP,796
656,2004-06-13,european,PL52,Opolskie,2,OKO,1344
657,2004-06-13,european,PL52,Opolskie,2,PIS,23348
658,2004-06-13,european,PL52,Opolskie,2,PO,77156
659,2004-06-13,european,PL52,Opolskie,2,PPN,0
660,2004-06-13,european,PL52,Opolskie,2,PPP,1918
661,2004-06-13,european,PL52,Opolskie,2,PSL,9726
662,2004-06-13,european,PL52,Opolskie,2,RACJA,2756
663,2004-06-13,european,PL52,Opolskie,2,RDP,0
664,2004-06-13,european,PL52,Opolskie,2,ROB,1062
665,2004-06-13,european,PL52,Opolskie,2,SAMOOBRONA,31500
666,2004-06-13,european,PL52,Opolskie,2,SLDUP,30860
667,2004-06-13,european,PL52,Opolskie,2,UPR,9946
668,2004-06-13,european,PL52,Opolskie,2,UW,9376
669,2004-06-13,european,PL52,Opolskie,2,WSP,9740
670,2004-06-13,european,PL52,Opolskie,2,ZIELONI,2192
671,2004-06-13,european,PL61,Kujawsko-pomorskie,0,eligible_voters,8094415
672,2004-06-13,european,PL61,Kujawsko-pomorskie,1,issued_ballots,1514160
673,2004-06-13,european,PL61,Kujawsko-pomorskie,2,DPL,0
674,2004-06-13,european,PL61,Kujawsko-pomorskie,2,IDP,16635
675,2004-06-13,european,PL61,Kujawsko-pomorskie,2,KPEIRPLD,17770
676,2004-06-13,european,PL61,Kujawsko-pomorskie,2,LPR,231105
677,2004-06-13,european,PL61,Kujawsko-pomorskie,2,NKWW,10305
678,2004-06-13,european,PL61,Kujawsko-pomorskie,2,NOP,0
679,2004-06-13,european,PL61,Kujawsko-pomorskie,2,OKO,9310
680,2004-06-13,european,PL61,Kujawsko-pomorskie,2,PIS,133555
681,2004-06-13,european,PL61,Kujawsko-pomorskie,2,PO,350965
682,2004-06-13,european,PL61,Kujawsko-pomorskie,2,PPN,0
683,2004-06-13,european,PL61,Kujawsko-pomorskie,2,PPP,9005
684,2004-06-13,european,PL61,Kujawsko-pomorskie,2,PSL,101280
685,2004-06-13,european,PL61,Kujawsko-pomorskie,2,RACJA,0
686,2004-06-13,european,PL61,Kujawsko-pomorskie,2,RDP,0
687,2004-06-13,european,PL61,Kujawsko-pomorskie,2,ROB,0
688,2004-06-13,european,PL61,Kujawsko-pomorskie,2,SAMOOBRONA,172415
689,2004-06-13,european,PL61,Kujawsko-pomorskie,2,SLDUP,156650
690,2004-06-13,european,PL61,Kujawsko-pomorskie,2,UPR,24065
691,2004-06-13,european,PL61,Kujawsko-pomorskie,2,UW,157180
692,2004-06-13,european,PL61,Kujawsko-pomorskie,2,WSP,70945
693,2004-06-13,european,PL61,Kujawsko-pomorskie,2,ZIELONI,0
694,2004-06-13,european,PL62,Warmińsko-mazurskie,0,eligible_voters,3354207
695,2004-06-13,european,PL62,Warmińsko-mazurskie,1,issued_ballots,557892
696,2004-06-13,european,PL62,Warmińsko-mazurskie,2,DPL,0
697,2004-06-13,european,PL62,Warmińsko-mazurskie,2,IDP,4830
698,2004-06-13,european,PL62,Warmińsko-mazurskie,2,KPEIRPLD,6060
699,2004-06-13,european,PL62,Warmińsko-mazurskie,2,LPR,80961
700,2004-06-13,european,PL62,Warmińsko-mazurskie,2,NKWW,2676
701,2004-06-13,european,PL62,Warmińsko-mazurskie,2,NOP,0
702,2004-06-13,european,PL62,Warmińsko-mazurskie,2,OKO,5241
703,2004-06-13,european,PL62,Warmińsko-mazurskie,2,PIS,64779
704,2004-06-13,european,PL62,Warmińsko-mazurskie,2,PO,152226
705,2004-06-13,european,PL62,Warmińsko-mazurskie,2,PPN,1473
706,2004-06-13,european,PL62,Warmińsko-mazurskie,2,PPP,4614
707,2004-06-13,european,PL62,Warmińsko-mazurskie,2,PSL,32304
708,2004-06-13,european,PL62,Warmińsko-mazurskie,2,RACJA,0
709,2004-06-13,european,PL62,Warmińsko-mazurskie,2,RDP,0
710,2004-06-13,european,PL62,Warmińsko-mazurskie,2,ROB,7143
711,2004-06-13,european,PL62,Warmińsko-mazurskie,2,SAMOOBRONA,65136
712,2004-06-13,european,PL62,Warmińsko-mazurskie,2,SLDUP,61995
713,2004-06-13,european,PL62,Warmińsko-mazurskie,2,UPR,6846
714,2004-06-13,european,PL62,Warmińsko-mazurskie,2,UW,20295
715,2004-06-13,european,PL62,Warmińsko-mazurskie,2,WSP,21690
716,2004-06-13,european,PL62,Warmińsko-mazurskie,2,ZIELONI,0
717,2004-06-13,european,PL63,Pomorskie,0,eligible_voters,8450390
718,2004-06-13,european,PL63,Pomorskie,1,issued_ballots,2031755
719,2004-06-13,european,PL63,Pomorskie,2,DPL,0
720,2004-06-13,european,PL63,Pomorskie,2,IDP,16790
721,2004-06-13,european,PL63,Pomorskie,2,KPEIRPLD,21705
722,2004-06-13,european,PL63,Pomorskie,2,LPR,272990
723,2004-06-13,european,PL63,Pomorskie,2,NKWW,67450
724,2004-06-13,european,PL63,Pomorskie,2,NOP,0
725,2004-06-13,european,PL63,Pomorskie,2,OKO,8035
726,2004-06-13,european,PL63,Pomorskie,2,PIS,229670
727,2004-06-13,european,PL63,Pomorskie,2,PO,712635
728,2004-06-13,european,PL63,Pomorskie,2,PPN,0
729,2004-06-13,european,PL63,Pomorskie,2,PPP,10200
730,2004-06-13,european,PL63,Pomorskie,2,PSL,50130
731,2004-06-13,european,PL63,Pomorskie,2,RACJA,0
732,2004-06-13,european,PL63,Pomorskie,2,RDP,0
733,2004-06-13,european,PL63,Pomorskie,2,ROB,0
734,2004-06-13,european,PL63,Pomorskie,2,SAMOOBRONA,163680
735,2004-06-13,european,PL63,Pomorskie,2,SLDUP,121905
736,2004-06-13,european,PL63,Pomorskie,2,UPR,36190
737,2004-06-13,european,PL63,Pomorskie,2,UW,151325
738,2004-06-13,european,PL63,Pomorskie,2,WSP,115960
739,2004-06-13,european,PL63,Pomorskie,2,ZIELONI,0
740,2004-06-13,european,PL71,Łódzkie,0,eligible_voters,10394870
741,2004-06-13,european,PL71,Łódzkie,1,issued_ballots,2028005
742,2004-06-13,european,PL71,Łódzkie,2,DPL,0
743,2004-06-13,european,PL71,Łódzkie,2,IDP,11590
744,2004-06-13,european,PL71,Łódzkie,2,KPEIRPLD,32675
745,2004-06-13,european,PL71,Łódzkie,2,LPR,331970
746,2004-06-13,european,PL71,Łódzkie,2,NKWW,23175
747,2004-06-13,european,PL71,Łódzkie,2,NOP,5450
748,2004-06-13,european,PL71,Łódzkie,2,OKO,11350
749,2004-06-13,european,PL71,Łódzkie,2,PIS,182020
750,2004-06-13,european,PL71,Łódzkie,2,PO,456655
751,2004-06-13,european,PL71,Łódzkie,2,PPN,4130
752,2004-06-13,european,PL71,Łódzkie,2,PPP,8505
753,2004-06-13,european,PL71,Łódzkie,2,PSL,205445
754,2004-06-13,european,PL71,Łódzkie,2,RACJA,0
755,2004-06-13,european,PL71,Łódzkie,2,RDP,0
756,2004-06-13,european,PL71,Łódzkie,2,ROB,20945
757,2004-06-13,european,PL71,Łódzkie,2,SAMOOBRONA,265600
758,2004-06-13,european,PL71,Łódzkie,2,SLDUP,194390
759,2004-06-13,european,PL71,Łódzkie,2,UPR,47075
760,2004-06-13,european,PL71,Łódzkie,2,UW,76255
761,2004-06-13,european,PL71,Łódzkie,2,WSP,90765
762,2004-06-13,european,PL71,Łódzkie,2,ZIELONI,0
763,2004-06-13,european,PL72,Świętokrzyskie,0,eligible_voters,2076036
764,2004-06-13,european,PL72,Świętokrzyskie,1,issued_ballots,345260
765,2004-06-13,european,PL72,Świętokrzyskie,2,DPL,0
766,2004-06-13,european,PL72,Świętokrzyskie,2,IDP,5432
767,2004-06-13,european,PL72,Świętokrzyskie,2,KPEIRPLD,1916
768,2004-06-13,european,PL72,Świętokrzyskie,2,LPR,48308
769,2004-06-13,european,PL72,Świętokrzyskie,2,NKWW,3144
770,2004-06-13,european,PL72,Świętokrzyskie,2,NOP,0
771,2004-06-13,european,PL72,Świętokrzyskie,2,OKO,1306
772,2004-06-13,european,PL72,Świętokrzyskie,2,PIS,36928
773,2004-06-13,european,PL72,Świętokrzyskie,2,PO,55266
774,2004-06-13,european,PL72,Świętokrzyskie,2,PPN,0
775,2004-06-13,european,PL72,Świętokrzyskie,2,PPP,3402
776,2004-06-13,european,PL72,Świętokrzyskie,2,PSL,43686
777,2004-06-13,european,PL72,Świętokrzyskie,2,RACJA,0
778,2004-06-13,european,PL72,Świętokrzyskie,2,RDP,0
779,2004-06-13,european,PL72,Świętokrzyskie,2,ROB,0
780,2004-06-13,european,PL72,Świętokrzyskie,2,SAMOOBRONA,57900
781,2004-06-13,european,PL72,Świętokrzyskie,2,SLDUP,41662
782,2004-06-13,european,PL72,Świętokrzyskie,2,UPR,3802
783,2004-06-13,european,PL72,Świętokrzyskie,2,UW,15990
784,2004-06-13,european,PL72,Świętokrzyskie,2,WSP,15832
785,2004-06-13,european,PL72,Świętokrzyskie,2,ZIELONI,0
786,2004-06-13,european,PL81,Lubelskie,0,eligible_voters,6921036
787,2004-06-13,european,PL81,Lubelskie,1,issued_ballots,1431016
788,2004-06-13,european,PL81,Lubelskie,2,DPL,0
789,2004-06-13,european,PL81,Lubelskie,2,IDP,13240
790,2004-06-13,european,PL81,Lubelskie,2,KPEIRPLD,8684
791,2004-06-13,european,PL81,Lubelskie,2,LPR,328648
792,2004-06-13,european,PL81,Lubelskie,2,NKWW,28920
793,2004-06-13,european,PL81,Lubelskie,2,NOP,0
794,2004-06-13,european,PL81,Lubelskie,2,OKO,8748
795,2004-06-13,european,PL81,Lubelskie,2,PIS,135616
796,2004-06-13,european,PL81,Lubelskie,2,PO,220068
797,2004-06-13,european,PL81,Lubelskie,2,PPN,0
798,2004-06-13,european,PL81,Lubelskie,2,PPP,7688
799,2004-06-13,european,PL81,Lubelskie,2,PSL,204224
800,2004-06-13,european,PL81,Lubelskie,2,RACJA,0
801,2004-06-13,european,PL81,Lubelskie,2,RDP,0
802,2004-06-13,european,PL81,Lubelskie,2,ROB,4904
803,2004-06-13,european,PL81,Lubelskie,2,SAMOOBRONA,223020
804,2004-06-13,european,PL81,Lubelskie,2,SLDUP,100472
805,2004-06-13,european,PL81,Lubelskie,2,UPR,19256
806,2004-06-13,european,PL81,Lubelskie,2,UW,31836
807,2004-06-13,european,PL81,Lubelskie,2,WSP,57344
808,2004-06-13,european,PL81,Lubelskie,2,ZIELONI,0
809,2004-06-13,european,PL82,Podkarpackie,0,eligible_voters,6459904
810,2004-06-13,european,PL82,Podkarpackie,1,issued_ballots,1395956
811,2004-06-13,european,PL82,Podkarpackie,2,DPL,0
812,2004-06-13,european,PL82,Podkarpackie,2,IDP,9652
813,2004-06-13,european,PL82,Podkarpackie,2,KPEIRPLD,11656
814,2004-06-13,european,PL82,Podkarpackie,2,LPR,325368
815,2004-06-13,european,PL82,Podkarpackie,2,NKWW,24404
816,2004-06-13,european,PL82,Podkarpackie,2,NOP,0
817,2004-06-13,european,PL82,Podkarpackie,2,OKO,13036
818,2004-06-13,european,PL82,Podkarpackie,2,PIS,266120
819,2004-06-13,european,PL82,Podkarpackie,2,PO,181852
820,2004-06-13,european,PL82,Podkarpackie,2,PPN,0
821,2004-06-13,european,PL82,Podkarpackie,2,PPP,6692
822,2004-06-13,european,PL82,Podkarpackie,2,PSL,151144
823,2004-06-13,european,PL82,Podkarpackie,2,RACJA,0
824,2004-06-13,european,PL82,Podkarpackie,2,RDP,0
825,2004-06-13,european,PL82,Podkarpackie,2,ROB,12348
826,2004-06-13,european,PL82,Podkarpackie,2,SAMOOBRONA,153640
827,2004-06-13,european,PL82,Podkarpackie,2,SLDUP,116836
828,2004-06-13,european,PL82,Podkarpackie,2,UPR,15224
829,2004-06-13,european,PL82,Podkarpackie,2,UW,26816
830,2004-06-13,european,PL82,Podkarpackie,2,WSP,40708
831,2004-06-13,european,PL82,Podkarpackie,2,ZIELONI,0
832,2004-06-13,european,PL84,Podlaskie,0,eligible_voters,2820036
833,2004-06-13,european,PL84,Podlaskie,1,issued_ballots,530391
834,2004-06-13,european,PL84,Podlaskie,2,DPL,0
835,2004-06-13,european,PL84,Podlaskie,2,IDP,11238
836,2004-06-13,european,PL84,Podlaskie,2,KPEIRPLD,4032
837,2004-06-13,european,PL84,Podlaskie,2,LPR,116817
838,2004-06-13,european,PL84,Podlaskie,2,NKWW,16437
839,2004-06-13,european,PL84,Podlaskie,2,NOP,0
840,2004-06-13,european,PL84,Podlaskie,2,OKO,4161
841,2004-06-13,european,PL84,Podlaskie,2,PIS,56457
842,2004-06-13,european,PL84,Podlaskie,2,PO,133092
843,2004-06-13,european,PL84,Podlaskie,2,PPN,843
844,2004-06-13,european,PL84,Podlaskie,2,PPP,2490
845,2004-06-13,european,PL84,Podlaskie,2,PSL,24084
846,2004-06-13,european,PL84,Podlaskie,2,RACJA,0
847,2004-06-13,european,PL84,Podlaskie,2,RDP,0
848,2004-06-13,european,PL84,Podlaskie,2,ROB,3858
849,2004-06-13,european,PL84,Podlaskie,2,SAMOOBRONA,72015
850,2004-06-13,european,PL84,Podlaskie,2,SLDUP,31365
851,2004-06-13,european,PL84,Podlaskie,2,UPR,5478
852,2004-06-13,european,PL84,Podlaskie,2,UW,18423
853,2004-06-13,european,PL84,Podlaskie,2,WSP,18234
854,2004-06-13,european,PL84,Podlaskie,2,ZIELONI,0
855,2004-06-13,european,PL91,Warszawski stołeczny,0,eligible_voters,6454125
856,2004-06-13,european,PL91,Warszawski stołeczny,1,issued_ballots,1978671
857,2004-06-13,european,PL91,Warszawski stołeczny,2,DPL,0
858,2004-06-13,european,PL91,Warszawski stołeczny,2,IDP,25293
859,2004-06-13,european,PL91,Warszawski stołeczny,2,KPEIRPLD,7755
860,2004-06-13,european,PL91,Warszawski stołeczny,2,LPR,212184
861,2004-06-13,european,PL91,Warszawski stołeczny,2,NKWW,12123
862,2004-06-13,european,PL91,Warszawski stołeczny,2,NOP,0
863,2004-06-13,european,PL91,Warszawski stołeczny,2,OKO,6951
864,2004-06-13,european,PL91,Warszawski stołeczny,2,PIS,441126
865,2004-06-13,european,PL91,Warszawski stołeczny,2,PO,327219
866,2004-06-13,european,PL91,Warszawski stołeczny,2,PPN,204
867,2004-06-13,european,PL91,Warszawski stołeczny,2,PPP,5679
868,2004-06-13,european,PL91,Warszawski stołeczny,2,PSL,41901
869,2004-06-13,european,PL91,Warszawski stołeczny,2,RACJA,0
870,2004-06-13,european,PL91,Warszawski stołeczny,2,RDP,8367
871,2004-06-13,european,PL91,Warszawski stołeczny,2,ROB,3720
872,2004-06-13,european,PL91,Warszawski stołeczny,2,SAMOOBRONA,76839
873,2004-06-13,european,PL91,Warszawski stołeczny,2,SLDUP,123639
874,2004-06-13,european,PL91,Warszawski stołeczny,2,UPR,43017
875,2004-06-13,european,PL91,Warszawski stołeczny,2,UW,356529
876,2004-06-13,european,PL91,Warszawski stołeczny,2,WSP,241230
877,2004-06-13,european,PL91,Warszawski stołeczny,2,ZIELONI,13899
878,2004-06-13,european,PL92,Mazowiecki regionalny,0,eligible_voters,11135724
879,2004-06-13,european,PL92,Mazowiecki regionalny,1,issued_ballots,1996776
880,2004-06-13,european,PL92,Mazowiecki regionalny,2,DPL,0
881,2004-06-13,european,PL92,Mazowiecki regionalny,2,IDP,14952
882,2004-06-13,european,PL92,Mazowiecki regionalny,2,KPEIRPLD,13746
883,2004-06-13,european,PL92,Mazowiecki regionalny,2,LPR,358212
884,2004-06-13,european,PL92,Mazowiecki regionalny,2,NKWW,18474
885,2004-06-13,european,PL92,Mazowiecki regionalny,2,NOP,0
886,2004-06-13,european,PL92,Mazowiecki regionalny,2,OKO,9630
887,2004-06-13,european,PL92,Mazowiecki regionalny,2,PIS,210084
888,2004-06-13,european,PL92,Mazowiecki regionalny,2,PO,303000
889,2004-06-13,european,PL92,Mazowiecki regionalny,2,PPN,5064
890,2004-06-13,european,PL92,Mazowiecki regionalny,2,PPP,14112
891,2004-06-13,european,PL92,Mazowiecki regionalny,2,PSL,283644
892,2004-06-13,european,PL92,Mazowiecki regionalny,2,RACJA,0
893,2004-06-13,european,PL92,Mazowiecki regionalny,2,RDP,0
894,2004-06-13,european,PL92,Mazowiecki regionalny,2,ROB,0
895,2004-06-13,european,PL92,Mazowiecki regionalny,2,SAMOOBRONA,412284
896,2004-06-13,european,PL92,Mazowiecki regionalny,2,SLDUP,127152
897,2004-06-13,european,PL92,Mazowiecki regionalny,2,UPR,34008
898,2004-06-13,european,PL92,Mazowiecki regionalny,2,UW,57012
899,2004-06-13,european,PL92,Mazowiecki regionalny,2,WSP,71802
900,2004-06-13,european,PL92,Mazowiecki regionalny,2,ZIELONI,0
901,2005-09-25,parliament,PL21,Małopolskie,0,eligible_voters,15127206
902,2005-09-25,parliament,PL21,Małopolskie,1,issued_ballots,6778512
903,2005-09-25,parliament,PL21,Małopolskie,2,CENTRUM,8166
904,2005-09-25,parliament,PL21,Małopolskie,2,DO,7620
905,2005-09-25,parliament,PL21,Małopolskie,2,GIP,2658
906,2005-09-25,parliament,PL21,Małopolskie,2,IRP,0
907,2005-09-25,parliament,PL21,Małopolskie,2,LPR,639852
908,2005-09-25,parliament,PL21,Małopolskie,2,MN,0
909,2005-09-25,parliament,PL21,Małopolskie,2,MNS,0
910,2005-09-25,parliament,PL21,Małopolskie,2,NOP,0
911,2005-09-25,parliament,PL21,Małopolskie,2,OKO,3762
912,2005-09-25,parliament,PL21,Małopolskie,2,PATRIOTYCZNY,57450
913,2005-09-25,parliament,PL21,Małopolskie,2,PD,132282
914,2005-09-25,parliament,PL21,Małopolskie,2,PIS,2366886
915,2005-09-25,parliament,PL21,Małopolskie,2,PKM,101508
916,2005-09-25,parliament,PL21,Małopolskie,2,PO,1630962
917,2005-09-25,parliament,PL21,Małopolskie,2,PPN,12696
918,2005-09-25,parliament,PL21,Małopolskie,2,PPP,51288
919,2005-09-25,parliament,PL21,Małopolskie,2,PSL,396150
920,2005-09-25,parliament,PL21,Małopolskie,2,SAMOOBRONA,488022
921,2005-09-25,parliament,PL21,Małopolskie,2,SD,178572
922,2005-09-25,parliament,PL21,Małopolskie,2,SLD,472500
923,2005-09-25,parliament,PL21,Małopolskie,2,SPRACY,0
924,2005-09-25,parliament,PL21,Małopolskie,2,SR,0
925,2005-09-25,parliament,PL22,Śląskie,0,eligible_voters,30157712
926,2005-09-25,parliament,PL22,Śląskie,1,issued_ballots,11883384
927,2005-09-25,parliament,PL22,Śląskie,2,CENTRUM,9352
928,2005-09-25,parliament,PL22,Śląskie,2,DO,0
929,2005-09-25,parliament,PL22,Śląskie,2,GIP,33744
930,2005-09-25,parliament,PL22,Śląskie,2,IRP,5568
931,2005-09-25,parliament,PL22,Śląskie,2,LPR,728000
932,2005-09-25,parliament,PL22,Śląskie,2,MN,0
933,2005-09-25,parliament,PL22,Śląskie,2,MNS,44648
934,2005-09-25,parliament,PL22,Śląskie,2,NOP,0
935,2005-09-25,parliament,PL22,Śląskie,2,OKO,14368
936,2005-09-25,parliament,PL22,Śląskie,2,PATRIOTYCZNY,96104
937,2005-09-25,parliament,PL22,Śląskie,2,PD,298688
938,2005-09-25,parliament,PL22,Śląskie,2,PIS,3456856
939,2005-09-25,parliament,PL22,Śląskie,2,PKM,206832
940,2005-09-25,parliament,PL22,Śląskie,2,PO,3453112
941,2005-09-25,parliament,PL22,Śląskie,2,PPN,34672
942,2005-09-25,parliament,PL22,Śląskie,2,PPP,122208
943,2005-09-25,parliament,PL22,Śląskie,2,PSL,328184
944,2005-09-25,parliament,PL22,Śląskie,2,SAMOOBRONA,737920
945,2005-09-25,parliament,PL22,Śląskie,2,SD,499288
946,2005-09-25,parliament,PL22,Śląskie,2,SLD,1405696
947,2005-09-25,parliament,PL22,Śląskie,2,SPRACY,0
948,2005-09-25,parliament,PL22,Śląskie,2,SR,0
949,2005-09-25,parliament,PL41,Wielkopolskie,0,eligible_voters,15755142
950,2005-09-25,parliament,PL41,Wielkopolskie,1,issued_ballots,6443502
951,2005-09-25,parliament,PL41,Wielkopolskie,2,CENTRUM,9252
952,2005-09-25,parliament,PL41,Wielkopolskie,2,DO,11682
953,2005-09-25,parliament,PL41,Wielkopolskie,2,GIP,7236
954,2005-09-25,parliament,PL41,Wielkopolskie,2,IRP,3366
955,2005-09-25,parliament,PL41,Wielkopolskie,2,LPR,404946
956,2005-09-25,parliament,PL41,Wielkopolskie,2,MN,0
957,2005-09-25,parliament,PL41,Wielkopolskie,2,MNS,0
958,2005-09-25,parliament,PL41,Wielkopolskie,2,NOP,1938
959,2005-09-25,parliament,PL41,Wielkopolskie,2,OKO,8982
960,2005-09-25,parliament,PL41,Wielkopolskie,2,PATRIOTYCZNY,53970
961,2005-09-25,parliament,PL41,Wielkopolskie,2,PD,132702
962,2005-09-25,parliament,PL41,Wielkopolskie,2,PIS,1288368
963,2005-09-25,parliament,PL41,Wielkopolskie,2,PKM,97776
964,2005-09-25,parliament,PL41,Wielkopolskie,2,PO,1632942
965,2005-09-25,parliament,PL41,Wielkopolskie,2,PPN,14088
966,2005-09-25,parliament,PL41,Wielkopolskie,2,PPP,43368
967,2005-09-25,parliament,PL41,Wielkopolskie,2,PSL,483342
968,2005-09-25,parliament,PL41,Wielkopolskie,2,SAMOOBRONA,849102
969,2005-09-25,parliament,PL41,Wielkopolskie,2,SD,310500
970,2005-09-25,parliament,PL41,Wielkopolskie,2,SLD,790974
971,2005-09-25,parliament,PL41,Wielkopolskie,2,SPRACY,0
972,2005-09-25,parliament,PL41,Wielkopolskie,2,SR,0
973,2005-09-25,parliament,PL42,Zachodniopomorskie,0,eligible_voters,5383368
974,2005-09-25,parliament,PL42,Zachodniopomorskie,1,issued_ballots,2004040
975,2005-09-25,parliament,PL42,Zachodniopomorskie,2,CENTRUM,0
976,2005-09-25,parliament,PL42,Zachodniopomorskie,2,DO,4508
977,2005-09-25,parliament,PL42,Zachodniopomorskie,2,GIP,0
978,2005-09-25,parliament,PL42,Zachodniopomorskie,2,IRP,0
979,2005-09-25,parliament,PL42,Zachodniopomorskie,2,LPR,107656
980,2005-09-25,parliament,PL42,Zachodniopomorskie,2,MN,0
981,2005-09-25,parliament,PL42,Zachodniopomorskie,2,MNS,0
982,2005-09-25,parliament,PL42,Zachodniopomorskie,2,NOP,0
983,2005-09-25,parliament,PL42,Zachodniopomorskie,2,OKO,0
984,2005-09-25,parliament,PL42,Zachodniopomorskie,2,PATRIOTYCZNY,4392
985,2005-09-25,parliament,PL42,Zachodniopomorskie,2,PD,63512
986,2005-09-25,parliament,PL42,Zachodniopomorskie,2,PIS,429004
987,2005-09-25,parliament,PL42,Zachodniopomorskie,2,PKM,33032
988,2005-09-25,parliament,PL42,Zachodniopomorskie,2,PO,500244
989,2005-09-25,parliament,PL42,Zachodniopomorskie,2,PPN,6280
990,2005-09-25,parliament,PL42,Zachodniopomorskie,2,PPP,18660
991,2005-09-25,parliament,PL42,Zachodniopomorskie,2,PSL,84136
992,2005-09-25,parliament,PL42,Zachodniopomorskie,2,SAMOOBRONA,301128
993,2005-09-25,parliament,PL42,Zachodniopomorskie,2,SD,100912
994,2005-09-25,parliament,PL42,Zachodniopomorskie,2,SLD,280172
995,2005-09-25,parliament,PL42,Zachodniopomorskie,2,SPRACY,0
996,2005-09-25,parliament,PL42,Zachodniopomorskie,2,SR,0
997,2005-09-25,parliament,PL43,Lubuskie,0,eligible_voters,1592900
998,2005-09-25,parliament,PL43,Lubuskie,1,issued_ballots,564450
999,2005-09-25,parliament,PL43,Lubuskie,2,CENTRUM,0
1000,2005-09-25,parliament,PL43,Lubuskie,2,DO,3004
1001,2005-09-25,parliament,PL43,Lubuskie,2,GIP,0
1002,2005-09-25,parliament,PL43,Lubuskie,2,IRP,0
1003,2005-09-25,parliament,PL43,Lubuskie,2,LPR,41276
1004,2005-09-25,parliament,PL43,Lubuskie,2,MN,0
1005,2005-09-25,parliament,PL43,Lubuskie,2,MNS,0
1006,2005-09-25,parliament,PL43,Lubuskie,2,NOP,0
1007,2005-09-25,parliament,PL43,Lubuskie,2,OKO,2240
1008,2005-09-25,parliament,PL43,Lubuskie,2,PATRIOTYCZNY,4268
1009,2005-09-25,parliament,PL43,Lubuskie,2,PD,10790
1010,2005-09-25,parliament,PL43,Lubuskie,2,PIS,123562
1011,2005-09-25,parliament,PL43,Lubuskie,2,PKM,8478
1012,2005-09-25,parliament,PL43,Lubuskie,2,PO,131004
1013,2005-09-25,parliament,PL43,Lubuskie,2,PPN,1292
1014,2005-09-25,parliament,PL43,Lubuskie,2,PPP,4338
1015,2005-09-25,parliament,PL43,Lubuskie,2,PSL,42488
1016,2005-09-25,parliament,PL43,Lubuskie,2,SAMOOBRONA,61736
1017,2005-09-25,parliament,PL43,Lubuskie,2,SD,19012
1018,2005-09-25,parliament,PL43,Lubuskie,2,SLD,87560
1019,2005-09-25,parliament,PL43,Lubuskie,2,SPRACY,0
1020,2005-09-25,parliament,PL43,Lubuskie,2,SR,0
1021,2005-09-25,parliament,PL51,Dolnośląskie,0,eligible_voters,11659270
1022,2005-09-25,parliament,PL51,Dolnośląskie,1,issued_ballots,4494240
1023,2005-09-25,parliament,PL51,Dolnośląskie,2,CENTRUM,9845
1024,2005-09-25,parliament,PL51,Dolnośląskie,2,DO,14455
1025,2005-09-25,parliament,PL51,Dolnośląskie,2,GIP,2625
1026,2005-09-25,parliament,PL51,Dolnośląskie,2,IRP,0
1027,2005-09-25,parliament,PL51,Dolnośląskie,2,LPR,299275
1028,2005-09-25,parliament,PL51,Dolnośląskie,2,MN,0
1029,2005-09-25,parliament,PL51,Dolnośląskie,2,MNS,0
1030,2005-09-25,parliament,PL51,Dolnośląskie,2,NOP,8270
1031,2005-09-25,parliament,PL51,Dolnośląskie,2,OKO,2520
1032,2005-09-25,parliament,PL51,Dolnośląskie,2,PATRIOTYCZNY,45025
1033,2005-09-25,parliament,PL51,Dolnośląskie,2,PD,159650
1034,2005-09-25,parliament,PL51,Dolnośląskie,2,PIS,1066935
1035,2005-09-25,parliament,PL51,Dolnośląskie,2,PKM,85840
1036,2005-09-25,parliament,PL51,Dolnośląskie,2,PO,1227450
1037,2005-09-25,parliament,PL51,Dolnośląskie,2,PPN,12305
1038,2005-09-25,parliament,PL51,Dolnośląskie,2,PPP,30615
1039,2005-09-25,parliament,PL51,Dolnośląskie,2,PSL,177185
1040,2005-09-25,parliament,PL51,Dolnośląskie,2,SAMOOBRONA,472430
1041,2005-09-25,parliament,PL51,Dolnośląskie,2,SD,175725
1042,2005-09-25,parliament,PL51,Dolnośląskie,2,SLD,545935
1043,2005-09-25,parliament,PL51,Dolnośląskie,2,SPRACY,0
1044,2005-09-25,parliament,PL51,Dolnośląskie,2,SR,0
1045,2005-09-25,parliament,PL52,Opolskie,0,eligible_voters,1661428
1046,2005-09-25,parliament,PL52,Opolskie,1,issued_ballots,556118
1047,2005-09-25,parliament,PL52,Opolskie,2,CENTRUM,0
1048,2005-09-25,parliament,PL52,Opolskie,2,DO,0
1049,2005-09-25,parliament,PL52,Opolskie,2,GIP,0
1050,2005-09-25,parliament,PL52,Opolskie,2,IRP,0
1051,2005-09-25,parliament,PL52,Opolskie,2,LPR,36408
1052,2005-09-25,parliament,PL52,Opolskie,2,MN,68938
1053,2005-09-25,parliament,PL52,Opolskie,2,MNS,0
1054,2005-09-25,parliament,PL52,Opolskie,2,NOP,1012
1055,2005-09-25,parliament,PL52,Opolskie,2,OKO,0
1056,2005-09-25,parliament,PL52,Opolskie,2,PATRIOTYCZNY,6682
1057,2005-09-25,parliament,PL52,Opolskie,2,PD,15426
1058,2005-09-25,parliament,PL52,Opolskie,2,PIS,109558
1059,2005-09-25,parliament,PL52,Opolskie,2,PKM,8612
1060,2005-09-25,parliament,PL52,Opolskie,2,PO,129366
1061,2005-09-25,parliament,PL52,Opolskie,2,PPN,1482
1062,2005-09-25,parliament,PL52,Opolskie,2,PPP,3720
1063,2005-09-25,parliament,PL52,Opolskie,2,PSL,25556
1064,2005-09-25,parliament,PL52,Opolskie,2,SAMOOBRONA,56488
1065,2005-09-25,parliament,PL52,Opolskie,2,SD,14964
1066,2005-09-25,parliament,PL52,Opolskie,2,SLD,55436
1067,2005-09-25,parliament,PL52,Opolskie,2,SPRACY,0
1068,2005-09-25,parliament,PL52,Opolskie,2,SR,0
1069,2005-09-25,parliament,PL61,Kujawsko-pomorskie,0,eligible_voters,8163550
1070,2005-09-25,parliament,PL61,Kujawsko-pomorskie,1,issued_ballots,3005610
1071,2005-09-25,parliament,PL61,Kujawsko-pomorskie,2,CENTRUM,10190
1072,2005-09-25,parliament,PL61,Kujawsko-pomorskie,2,DO,11585
1073,2005-09-25,parliament,PL61,Kujawsko-pomorskie,2,GIP,0
1074,2005-09-25,parliament,PL61,Kujawsko-pomorskie,2,IRP,5105
1075,2005-09-25,parliament,PL61,Kujawsko-pomorskie,2,LPR,209460
1076,2005-09-25,parliament,PL61,Kujawsko-pomorskie,2,MN,0
1077,2005-09-25,parliament,PL61,Kujawsko-pomorskie,2,MNS,0
1078,2005-09-25,parliament,PL61,Kujawsko-pomorskie,2,NOP,4695
1079,2005-09-25,parliament,PL61,Kujawsko-pomorskie,2,OKO,8255
1080,2005-09-25,parliament,PL61,Kujawsko-pomorskie,2,PATRIOTYCZNY,29950
1081,2005-09-25,parliament,PL61,Kujawsko-pomorskie,2,PD,79630
1082,2005-09-25,parliament,PL61,Kujawsko-pomorskie,2,PIS,675935
1083,2005-09-25,parliament,PL61,Kujawsko-pomorskie,2,PKM,33555
1084,2005-09-25,parliament,PL61,Kujawsko-pomorskie,2,PO,562775
1085,2005-09-25,parliament,PL61,Kujawsko-pomorskie,2,PPN,6290
1086,2005-09-25,parliament,PL61,Kujawsko-pomorskie,2,PPP,32680
1087,2005-09-25,parliament,PL61,Kujawsko-pomorskie,2,PSL,188540
1088,2005-09-25,parliament,PL61,Kujawsko-pomorskie,2,SAMOOBRONA,432200
1089,2005-09-25,parliament,PL61,Kujawsko-pomorskie,2,SD,123585
1090,2005-09-25,parliament,PL61,Kujawsko-pomorskie,2,SLD,434095
1091,2005-09-25,parliament,PL61,Kujawsko-pomorskie,2,SPRACY,5095
1092,2005-09-25,parliament,PL61,Kujawsko-pomorskie,2,SR,0
1093,2005-09-25,parliament,PL62,Warmińsko-mazurskie,0,eligible_voters,3384603
1094,2005-09-25,parliament,PL62,Warmińsko-mazurskie,1,issued_ballots,1166985
1095,2005-09-25,parliament,PL62,Warmińsko-mazurskie,2,CENTRUM,5721
1096,2005-09-25,parliament,PL62,Warmińsko-mazurskie,2,DO,0
1097,2005-09-25,parliament,PL62,Warmińsko-mazurskie,2,GIP,0
1098,2005-09-25,parliament,PL62,Warmińsko-mazurskie,2,IRP,0
1099,2005-09-25,parliament,PL62,Warmińsko-mazurskie,2,LPR,76098
1100,2005-09-25,parliament,PL62,Warmińsko-mazurskie,2,MN,0
1101,2005-09-25,parliament,PL62,Warmińsko-mazurskie,2,MNS,0
1102,2005-09-25,parliament,PL62,Warmińsko-mazurskie,2,NOP,0
1103,2005-09-25,parliament,PL62,Warmińsko-mazurskie,2,OKO,0
1104,2005-09-25,parliament,PL62,Warmińsko-mazurskie,2,PATRIOTYCZNY,9276
1105,2005-09-25,parliament,PL62,Warmińsko-mazurskie,2,PD,33813
1106,2005-09-25,parliament,PL62,Warmińsko-mazurskie,2,PIS,248922
1107,2005-09-25,parliament,PL62,Warmińsko-mazurskie,2,PKM,15579
1108,2005-09-25,parliament,PL62,Warmińsko-mazurskie,2,PO,266250
1109,2005-09-25,parliament,PL62,Warmińsko-mazurskie,2,PPN,3357
1110,2005-09-25,parliament,PL62,Warmińsko-mazurskie,2,PPP,9117
1111,2005-09-25,parliament,PL62,Warmińsko-mazurskie,2,PSL,103392
1112,2005-09-25,parliament,PL62,Warmińsko-mazurskie,2,SAMOOBRONA,161259
1113,2005-09-25,parliament,PL62,Warmińsko-mazurskie,2,SD,36906
1114,2005-09-25,parliament,PL62,Warmińsko-mazurskie,2,SLD,148443
1115,2005-09-25,parliament,PL62,Warmińsko-mazurskie,2,SPRACY,0
1116,2005-09-25,parliament,PL62,Warmińsko-mazurskie,2,SR,0
1117,2005-09-25,parliament,PL63,Pomorskie,0,eligible_voters,8531340
1118,2005-09-25,parliament,PL63,Pomorskie,1,issued_ballots,3702520
1119,2005-09-25,parliament,PL63,Pomorskie,2,CENTRUM,15555
1120,2005-09-25,parliament,PL63,Pomorskie,2,DO,18205
1121,2005-09-25,parliament,PL63,Pomorskie,2,GIP,0
1122,2005-09-25,parliament,PL63,Pomorskie,2,IRP,0
1123,2005-09-25,parliament,PL63,Pomorskie,2,LPR,238530
1124,2005-09-25,parliament,PL63,Pomorskie,2,MN,0
1125,2005-09-25,parliament,PL63,Pomorskie,2,MNS,0
1126,2005-09-25,parliament,PL63,Pomorskie,2,NOP,3315
1127,2005-09-25,parliament,PL63,Pomorskie,2,OKO,9890
1128,2005-09-25,parliament,PL63,Pomorskie,2,PATRIOTYCZNY,26275
1129,2005-09-25,parliament,PL63,Pomorskie,2,PD,69050
1130,2005-09-25,parliament,PL63,Pomorskie,2,PIS,943395
1131,2005-09-25,parliament,PL63,Pomorskie,2,PKM,53070
1132,2005-09-25,parliament,PL63,Pomorskie,2,PO,1298465
1133,2005-09-25,parliament,PL63,Pomorskie,2,PPN,9325
1134,2005-09-25,parliament,PL63,Pomorskie,2,PPP,22695
1135,2005-09-25,parliament,PL63,Pomorskie,2,PSL,102335
1136,2005-09-25,parliament,PL63,Pomorskie,2,SAMOOBRONA,290365
1137,2005-09-25,parliament,PL63,Pomorskie,2,SD,121010
1138,2005-09-25,parliament,PL63,Pomorskie,2,SLD,364490
1139,2005-09-25,parliament,PL63,Pomorskie,2,SPRACY,0
1140,2005-09-25,parliament,PL63,Pomorskie,2,SR,0
1141,2005-09-25,parliament,PL71,Łódzkie,0,eligible_voters,10401775
1142,2005-09-25,parliament,PL71,Łódzkie,1,issued_ballots,4192225
1143,2005-09-25,parliament,PL71,Łódzkie,2,CENTRUM,9720
1144,2005-09-25,parliament,PL71,Łódzkie,2,DO,0
1145,2005-09-25,parliament,PL71,Łódzkie,2,GIP,2090
1146,2005-09-25,parliament,PL71,Łódzkie,2,IRP,16475
1147,2005-09-25,parliament,PL71,Łódzkie,2,LPR,308605
1148,2005-09-25,parliament,PL71,Łódzkie,2,MN,0
1149,2005-09-25,parliament,PL71,Łódzkie,2,MNS,0
1150,2005-09-25,parliament,PL71,Łódzkie,2,NOP,4810
1151,2005-09-25,parliament,PL71,Łódzkie,2,OKO,11665
1152,2005-09-25,parliament,PL71,Łódzkie,2,PATRIOTYCZNY,47185
1153,2005-09-25,parliament,PL71,Łódzkie,2,PD,131795
1154,2005-09-25,parliament,PL71,Łódzkie,2,PIS,928255
1155,2005-09-25,parliament,PL71,Łódzkie,2,PKM,50795
1156,2005-09-25,parliament,PL71,Łódzkie,2,PO,743950
1157,2005-09-25,parliament,PL71,Łódzkie,2,PPN,13810
1158,2005-09-25,parliament,PL71,Łódzkie,2,PPP,38890
1159,2005-09-25,parliament,PL71,Łódzkie,2,PSL,327005
1160,2005-09-25,parliament,PL71,Łódzkie,2,SAMOOBRONA,681015
1161,2005-09-25,parliament,PL71,Łódzkie,2,SD,153115
1162,2005-09-25,parliament,PL71,Łódzkie,2,SLD,545620
1163,2005-09-25,parliament,PL71,Łódzkie,2,SPRACY,0
1164,2005-09-25,parliament,PL71,Łódzkie,2,SR,4910
1165,2005-09-25,parliament,PL72,Świętokrzyskie,0,eligible_voters,2082910
1166,2005-09-25,parliament,PL72,Świętokrzyskie,1,issued_ballots,760844
1167,2005-09-25,parliament,PL72,Świętokrzyskie,2,CENTRUM,5176
1168,2005-09-25,parliament,PL72,Świętokrzyskie,2,DO,3186
1169,2005-09-25,parliament,PL72,Świętokrzyskie,2,GIP,0
1170,2005-09-25,parliament,PL72,Świętokrzyskie,2,IRP,1524
1171,2005-09-25,parliament,PL72,Świętokrzyskie,2,LPR,44972
1172,2005-09-25,parliament,PL72,Świętokrzyskie,2,MN,0
1173,2005-09-25,parliament,PL72,Świętokrzyskie,2,MNS,0
1174,2005-09-25,parliament,PL72,Świętokrzyskie,2,NOP,0
1175,2005-09-25,parliament,PL72,Świętokrzyskie,2,OKO,2190
1176,2005-09-25,parliament,PL72,Świętokrzyskie,2,PATRIOTYCZNY,11460
1177,2005-09-25,parliament,PL72,Świętokrzyskie,2,PD,9576
1178,2005-09-25,parliament,PL72,Świętokrzyskie,2,PIS,173340
1179,2005-09-25,parliament,PL72,Świętokrzyskie,2,PKM,9158
1180,2005-09-25,parliament,PL72,Świętokrzyskie,2,PO,112266
1181,2005-09-25,parliament,PL72,Świętokrzyskie,2,PPN,1990
1182,2005-09-25,parliament,PL72,Świętokrzyskie,2,PPP,6256
1183,2005-09-25,parliament,PL72,Świętokrzyskie,2,PSL,103220
1184,2005-09-25,parliament,PL72,Świętokrzyskie,2,SAMOOBRONA,125702
1185,2005-09-25,parliament,PL72,Świętokrzyskie,2,SD,29600
1186,2005-09-25,parliament,PL72,Świętokrzyskie,2,SLD,89922
1187,2005-09-25,parliament,PL72,Świętokrzyskie,2,SPRACY,0
1188,2005-09-25,parliament,PL72,Świętokrzyskie,2,SR,0
1189,2005-09-25,parliament,PL81,Lubelskie,0,eligible_voters,6953876
1190,2005-09-25,parliament,PL81,Lubelskie,1,issued_ballots,2850076
1191,2005-09-25,parliament,PL81,Lubelskie,2,CENTRUM,3388
1192,2005-09-25,parliament,PL81,Lubelskie,2,DO,16652
1193,2005-09-25,parliament,PL81,Lubelskie,2,GIP,0
1194,2005-09-25,parliament,PL81,Lubelskie,2,IRP,2460
1195,2005-09-25,parliament,PL81,Lubelskie,2,LPR,339496
1196,2005-09-25,parliament,PL81,Lubelskie,2,MN,0
1197,2005-09-25,parliament,PL81,Lubelskie,2,MNS,0
1198,2005-09-25,parliament,PL81,Lubelskie,2,NOP,4932
1199,2005-09-25,parliament,PL81,Lubelskie,2,OKO,7180
1200,2005-09-25,parliament,PL81,Lubelskie,2,PATRIOTYCZNY,28544
1201,2005-09-25,parliament,PL81,Lubelskie,2,PD,36308
1202,2005-09-25,parliament,PL81,Lubelskie,2,PIS,651232
1203,2005-09-25,parliament,PL81,Lubelskie,2,PKM,30504
1204,2005-09-25,parliament,PL81,Lubelskie,2,PO,402620
1205,2005-09-25,parliament,PL81,Lubelskie,2,PPN,14176
1206,2005-09-25,parliament,PL81,Lubelskie,2,PPP,13380
1207,2005-09-25,parliament,PL81,Lubelskie,2,PSL,392904
1208,2005-09-25,parliament,PL81,Lubelskie,2,SAMOOBRONA,473264
1209,2005-09-25,parliament,PL81,Lubelskie,2,SD,105228
1210,2005-09-25,parliament,PL81,Lubelskie,2,SLD,224912
1211,2005-09-25,parliament,PL81,Lubelskie,2,SPRACY,0
1212,2005-09-25,parliament,PL81,Lubelskie,2,SR,0
1213,2005-09-25,parliament,PL82,Podkarpackie,0,eligible_voters,6528172
1214,2005-09-25,parliament,PL82,Podkarpackie,1,issued_ballots,2801316
1215,2005-09-25,parliament,PL82,Podkarpackie,2,CENTRUM,3936
1216,2005-09-25,parliament,PL82,Podkarpackie,2,DO,15964
1217,2005-09-25,parliament,PL82,Podkarpackie,2,GIP,2452
1218,2005-09-25,parliament,PL82,Podkarpackie,2,IRP,2164
1219,2005-09-25,parliament,PL82,Podkarpackie,2,LPR,360068
1220,2005-09-25,parliament,PL82,Podkarpackie,2,MN,0
1221,2005-09-25,parliament,PL82,Podkarpackie,2,MNS,0
1222,2005-09-25,parliament,PL82,Podkarpackie,2,NOP,0
1223,2005-09-25,parliament,PL82,Podkarpackie,2,OKO,0
1224,2005-09-25,parliament,PL82,Podkarpackie,2,PATRIOTYCZNY,22764
1225,2005-09-25,parliament,PL82,Podkarpackie,2,PD,25376
1226,2005-09-25,parliament,PL82,Podkarpackie,2,PIS,985280
1227,2005-09-25,parliament,PL82,Podkarpackie,2,PKM,32336
1228,2005-09-25,parliament,PL82,Podkarpackie,2,PO,430764
1229,2005-09-25,parliament,PL82,Podkarpackie,2,PPN,7284
1230,2005-09-25,parliament,PL82,Podkarpackie,2,PPP,12996
1231,2005-09-25,parliament,PL82,Podkarpackie,2,PSL,269692
1232,2005-09-25,parliament,PL82,Podkarpackie,2,SAMOOBRONA,256584
1233,2005-09-25,parliament,PL82,Podkarpackie,2,SD,59684
1234,2005-09-25,parliament,PL82,Podkarpackie,2,SLD,218480
1235,2005-09-25,parliament,PL82,Podkarpackie,2,SPRACY,0
1236,2005-09-25,parliament,PL82,Podkarpackie,2,SR,0
1237,2005-09-25,parliament,PL84,Podlaskie,0,eligible_voters,2839422
1238,2005-09-25,parliament,PL84,Podlaskie,1,issued_ballots,1090707
1239,2005-09-25,parliament,PL84,Podlaskie,2,CENTRUM,0
1240,2005-09-25,parliament,PL84,Podlaskie,2,DO,11979
1241,2005-09-25,parliament,PL84,Podlaskie,2,GIP,1371
1242,2005-09-25,parliament,PL84,Podlaskie,2,IRP,3009
1243,2005-09-25,parliament,PL84,Podlaskie,2,LPR,117927
1244,2005-09-25,parliament,PL84,Podlaskie,2,MN,0
1245,2005-09-25,parliament,PL84,Podlaskie,2,MNS,0
1246,2005-09-25,parliament,PL84,Podlaskie,2,NOP,0
1247,2005-09-25,parliament,PL84,Podlaskie,2,OKO,0
1248,2005-09-25,parliament,PL84,Podlaskie,2,PATRIOTYCZNY,26694
1249,2005-09-25,parliament,PL84,Podlaskie,2,PD,14646
1250,2005-09-25,parliament,PL84,Podlaskie,2,PIS,294942
1251,2005-09-25,parliament,PL84,Podlaskie,2,PKM,11787
1252,2005-09-25,parliament,PL84,Podlaskie,2,PO,158079
1253,2005-09-25,parliament,PL84,Podlaskie,2,PPN,3546
1254,2005-09-25,parliament,PL84,Podlaskie,2,PPP,12390
1255,2005-09-25,parliament,PL84,Podlaskie,2,PSL,86952
1256,2005-09-25,parliament,PL84,Podlaskie,2,SAMOOBRONA,125988
1257,2005-09-25,parliament,PL84,Podlaskie,2,SD,39573
1258,2005-09-25,parliament,PL84,Podlaskie,2,SLD,127575
1259,2005-09-25,parliament,PL84,Podlaskie,2,SPRACY,0
1260,2005-09-25,parliament,PL84,Podlaskie,2,SR,0
1261,2005-09-25,parliament,PL91,Warszawski stołeczny,0,eligible_voters,6545499
1262,2005-09-25,parliament,PL91,Warszawski stołeczny,1,issued_ballots,3350265
1263,2005-09-25,parliament,PL91,Warszawski stołeczny,2,CENTRUM,2133
1264,2005-09-25,parliament,PL91,Warszawski stołeczny,2,DO,9375
1265,2005-09-25,parliament,PL91,Warszawski stołeczny,2,GIP,1344
1266,2005-09-25,parliament,PL91,Warszawski stołeczny,2,IRP,696
1267,2005-09-25,parliament,PL91,Warszawski stołeczny,2,LPR,206733
1268,2005-09-25,parliament,PL91,Warszawski stołeczny,2,MN,0
1269,2005-09-25,parliament,PL91,Warszawski stołeczny,2,MNS,0
1270,2005-09-25,parliament,PL91,Warszawski stołeczny,2,NOP,1173
1271,2005-09-25,parliament,PL91,Warszawski stołeczny,2,OKO,3558
1272,2005-09-25,parliament,PL91,Warszawski stołeczny,2,PATRIOTYCZNY,49776
1273,2005-09-25,parliament,PL91,Warszawski stołeczny,2,PD,129051
1274,2005-09-25,parliament,PL91,Warszawski stołeczny,2,PIS,999948
1275,2005-09-25,parliament,PL91,Warszawski stołeczny,2,PKM,80148
1276,2005-09-25,parliament,PL91,Warszawski stołeczny,2,PO,1016628
1277,2005-09-25,parliament,PL91,Warszawski stołeczny,2,PPN,8289
1278,2005-09-25,parliament,PL91,Warszawski stołeczny,2,PPP,17391
1279,2005-09-25,parliament,PL91,Warszawski stołeczny,2,PSL,85140
1280,2005-09-25,parliament,PL91,Warszawski stołeczny,2,SAMOOBRONA,136260
1281,2005-09-25,parliament,PL91,Warszawski stołeczny,2,SD,174891
1282,2005-09-25,parliament,PL91,Warszawski stołeczny,2,SLD,332988
1283,2005-09-25,parliament,PL91,Warszawski stołeczny,2,SPRACY,0
1284,2005-09-25,parliament,PL91,Warszawski stołeczny,2,SR,0
1285,2005-09-25,parliament,PL92,Mazowiecki regionalny,0,eligible_voters,11217288
1286,2005-09-25,parliament,PL92,Mazowiecki regionalny,1,issued_ballots,4415190
1287,2005-09-25,parliament,PL92,Mazowiecki regionalny,2,CENTRUM,10050
1288,2005-09-25,parliament,PL92,Mazowiecki regionalny,2,DO,7590
1289,2005-09-25,parliament,PL92,Mazowiecki regionalny,2,GIP,0
1290,2005-09-25,parliament,PL92,Mazowiecki regionalny,2,IRP,19020
1291,2005-09-25,parliament,PL92,Mazowiecki regionalny,2,LPR,388734
1292,2005-09-25,parliament,PL92,Mazowiecki regionalny,2,MN,0
1293,2005-09-25,parliament,PL92,Mazowiecki regionalny,2,MNS,0
1294,2005-09-25,parliament,PL92,Mazowiecki regionalny,2,NOP,4002
1295,2005-09-25,parliament,PL92,Mazowiecki regionalny,2,OKO,3828
1296,2005-09-25,parliament,PL92,Mazowiecki regionalny,2,PATRIOTYCZNY,57450
1297,2005-09-25,parliament,PL92,Mazowiecki regionalny,2,PD,54618
1298,2005-09-25,parliament,PL92,Mazowiecki regionalny,2,PIS,1063068
1299,2005-09-25,parliament,PL92,Mazowiecki regionalny,2,PKM,49884
1300,2005-09-25,parliament,PL92,Mazowiecki regionalny,2,PO,562440
1301,2005-09-25,parliament,PL92,Mazowiecki regionalny,2,PPN,14748
1302,2005-09-25,parliament,PL92,Mazowiecki regionalny,2,PPP,22092
1303,2005-09-25,parliament,PL92,Mazowiecki regionalny,2,PSL,663612
1304,2005-09-25,parliament,PL92,Mazowiecki regionalny,2,SAMOOBRONA,814524
1305,2005-09-25,parliament,PL92,Mazowiecki regionalny,2,SD,103506
1306,2005-09-25,parliament,PL92,Mazowiecki regionalny,2,SLD,410592
1307,2005-09-25,parliament,PL92,Mazowiecki regionalny,2,SPRACY,0
1308,2005-09-25,parliament,PL92,Mazowiecki regionalny,2,SR,0
1309,2005-10-09,president_a,PL21,Małopolskie,0,eligible_voters,15161730
1310,2005-10-09,president_a,PL21,Małopolskie,1,issued_ballots,8032758
1311,2005-10-09,president_a,PL21,Małopolskie,2,Bochniarz,77784
1312,2005-10-09,president_a,PL21,Małopolskie,2,Borowski,549180
1313,2005-10-09,president_a,PL21,Małopolskie,2,Bubel,7416
1314,2005-10-09,president_a,PL21,Małopolskie,2,Ilasz,14046
1315,2005-10-09,president_a,PL21,Małopolskie,2,Kaczynski,3451530
1316,2005-10-09,president_a,PL21,Małopolskie,2,Kalinowski,112452
1317,2005-10-09,president_a,PL21,Małopolskie,2,KorwinMikke,120762
1318,2005-10-09,president_a,PL21,Małopolskie,2,Lepper,811422
1319,2005-10-09,president_a,PL21,Małopolskie,2,Pyszko,3624
1320,2005-10-09,president_a,PL21,Małopolskie,2,Slomka,3666
1321,2005-10-09,president_a,PL21,Małopolskie,2,Tusk,2819868
1322,2005-10-09,president_a,PL21,Małopolskie,2,Tyminski,9330
1323,2005-10-09,president_a,PL22,Śląskie,0,eligible_voters,30158248
1324,2005-10-09,president_a,PL22,Śląskie,1,issued_ballots,14837528
1325,2005-10-09,president_a,PL22,Śląskie,2,Bochniarz,211304
1326,2005-10-09,president_a,PL22,Śląskie,2,Borowski,1726008
1327,2005-10-09,president_a,PL22,Śląskie,2,Bubel,15048
1328,2005-10-09,president_a,PL22,Śląskie,2,Ilasz,35296
1329,2005-10-09,president_a,PL22,Śląskie,2,Kaczynski,4857064
1330,2005-10-09,president_a,PL22,Śląskie,2,Kalinowski,128824
1331,2005-10-09,president_a,PL22,Śląskie,2,KorwinMikke,217488
1332,2005-10-09,president_a,PL22,Śląskie,2,Lepper,1380680
1333,2005-10-09,president_a,PL22,Śląskie,2,Pyszko,10200
1334,2005-10-09,president_a,PL22,Śląskie,2,Slomka,10728
1335,2005-10-09,president_a,PL22,Śląskie,2,Tusk,6121632
1336,2005-10-09,president_a,PL22,Śląskie,2,Tyminski,24568
1337,2005-10-09,president_a,PL41,Wielkopolskie,0,eligible_voters,15763416
1338,2005-10-09,president_a,PL41,Wielkopolskie,1,issued_ballots,8081262
1339,2005-10-09,president_a,PL41,Wielkopolskie,2,Bochniarz,109254
1340,2005-10-09,president_a,PL41,Wielkopolskie,2,Borowski,996858
1341,2005-10-09,president_a,PL41,Wielkopolskie,2,Bubel,8658
1342,2005-10-09,president_a,PL41,Wielkopolskie,2,Ilasz,18822
1343,2005-10-09,president_a,PL41,Wielkopolskie,2,Kaczynski,2070720
1344,2005-10-09,president_a,PL41,Wielkopolskie,2,Kalinowski,160602
1345,2005-10-09,president_a,PL41,Wielkopolskie,2,KorwinMikke,103956
1346,2005-10-09,president_a,PL41,Wielkopolskie,2,Lepper,1360512
1347,2005-10-09,president_a,PL41,Wielkopolskie,2,Pyszko,5790
1348,2005-10-09,president_a,PL41,Wielkopolskie,2,Slomka,7542
1349,2005-10-09,president_a,PL41,Wielkopolskie,2,Tusk,3166452
1350,2005-10-09,president_a,PL41,Wielkopolskie,2,Tyminski,14196
1351,2005-10-09,president_a,PL42,Zachodniopomorskie,0,eligible_voters,5381492
1352,2005-10-09,president_a,PL42,Zachodniopomorskie,1,issued_ballots,2517656
1353,2005-10-09,president_a,PL42,Zachodniopomorskie,2,Bochniarz,39068
1354,2005-10-09,president_a,PL42,Zachodniopomorskie,2,Borowski,328140
1355,2005-10-09,president_a,PL42,Zachodniopomorskie,2,Bubel,3056
1356,2005-10-09,president_a,PL42,Zachodniopomorskie,2,Ilasz,5372
1357,2005-10-09,president_a,PL42,Zachodniopomorskie,2,Kaczynski,595436
1358,2005-10-09,president_a,PL42,Zachodniopomorskie,2,Kalinowski,26904
1359,2005-10-09,president_a,PL42,Zachodniopomorskie,2,KorwinMikke,37896
1360,2005-10-09,president_a,PL42,Zachodniopomorskie,2,Lepper,393208
1361,2005-10-09,president_a,PL42,Zachodniopomorskie,2,Pyszko,1604
1362,2005-10-09,president_a,PL42,Zachodniopomorskie,2,Slomka,1456
1363,2005-10-09,president_a,PL42,Zachodniopomorskie,2,Tusk,1063380
1364,2005-10-09,president_a,PL42,Zachodniopomorskie,2,Tyminski,4448
1365,2005-10-09,president_a,PL43,Lubuskie,0,eligible_voters,1592546
1366,2005-10-09,president_a,PL43,Lubuskie,1,issued_ballots,723958
1367,2005-10-09,president_a,PL43,Lubuskie,2,Bochniarz,12534
1368,2005-10-09,president_a,PL43,Lubuskie,2,Borowski,98088
1369,2005-10-09,president_a,PL43,Lubuskie,2,Bubel,764
1370,2005-10-09,president_a,PL43,Lubuskie,2,Ilasz,1876
1371,2005-10-09,president_a,PL43,Lubuskie,2,Kaczynski,179670
1372,2005-10-09,president_a,PL43,Lubuskie,2,Kalinowski,8530
1373,2005-10-09,president_a,PL43,Lubuskie,2,KorwinMikke,9674
1374,2005-10-09,president_a,PL43,Lubuskie,2,Lepper,112006
1375,2005-10-09,president_a,PL43,Lubuskie,2,Pyszko,508
1376,2005-10-09,president_a,PL43,Lubuskie,2,Slomka,426
1377,2005-10-09,president_a,PL43,Lubuskie,2,Tusk,293390
1378,2005-10-09,president_a,PL43,Lubuskie,2,Tyminski,1416
1379,2005-10-09,president_a,PL51,Dolnośląskie,0,eligible_voters,11671825
1380,2005-10-09,president_a,PL51,Dolnośląskie,1,issued_ballots,5617125
1381,2005-10-09,president_a,PL51,Dolnośląskie,2,Bochniarz,75025
1382,2005-10-09,president_a,PL51,Dolnośląskie,2,Borowski,641150
1383,2005-10-09,president_a,PL51,Dolnośląskie,2,Bubel,6315
1384,2005-10-09,president_a,PL51,Dolnośląskie,2,Ilasz,12260
1385,2005-10-09,president_a,PL51,Dolnośląskie,2,Kaczynski,1659700
1386,2005-10-09,president_a,PL51,Dolnośląskie,2,Kalinowski,61840
1387,2005-10-09,president_a,PL51,Dolnośląskie,2,KorwinMikke,87840
1388,2005-10-09,president_a,PL51,Dolnośląskie,2,Lepper,713695
1389,2005-10-09,president_a,PL51,Dolnośląskie,2,Pyszko,5065
1390,2005-10-09,president_a,PL51,Dolnośląskie,2,Slomka,2830
1391,2005-10-09,president_a,PL51,Dolnośląskie,2,Tusk,2303115
1392,2005-10-09,president_a,PL51,Dolnośląskie,2,Tyminski,9550
1393,2005-10-09,president_a,PL52,Opolskie,0,eligible_voters,1660972
1394,2005-10-09,president_a,PL52,Opolskie,1,issued_ballots,684964
1395,2005-10-09,president_a,PL52,Opolskie,2,Bochniarz,8688
1396,2005-10-09,president_a,PL52,Opolskie,2,Borowski,63462
1397,2005-10-09,president_a,PL52,Opolskie,2,Bubel,874
1398,2005-10-09,president_a,PL52,Opolskie,2,Ilasz,1872
1399,2005-10-09,president_a,PL52,Opolskie,2,Kaczynski,176074
1400,2005-10-09,president_a,PL52,Opolskie,2,Kalinowski,8562
1401,2005-10-09,president_a,PL52,Opolskie,2,KorwinMikke,10720
1402,2005-10-09,president_a,PL52,Opolskie,2,Lepper,101282
1403,2005-10-09,president_a,PL52,Opolskie,2,Pyszko,480
1404,2005-10-09,president_a,PL52,Opolskie,2,Slomka,476
1405,2005-10-09,president_a,PL52,Opolskie,2,Tusk,306486
1406,2005-10-09,president_a,PL52,Opolskie,2,Tyminski,1234
1407,2005-10-09,president_a,PL61,Kujawsko-pomorskie,0,eligible_voters,8163520
1408,2005-10-09,president_a,PL61,Kujawsko-pomorskie,1,issued_ballots,3876440
1409,2005-10-09,president_a,PL61,Kujawsko-pomorskie,2,Bochniarz,55485
1410,2005-10-09,president_a,PL61,Kujawsko-pomorskie,2,Borowski,533095
1411,2005-10-09,president_a,PL61,Kujawsko-pomorskie,2,Bubel,4280
1412,2005-10-09,president_a,PL61,Kujawsko-pomorskie,2,Ilasz,8960
1413,2005-10-09,president_a,PL61,Kujawsko-pomorskie,2,Kaczynski,1069405
1414,2005-10-09,president_a,PL61,Kujawsko-pomorskie,2,Kalinowski,64895
1415,2005-10-09,president_a,PL61,Kujawsko-pomorskie,2,KorwinMikke,42690
1416,2005-10-09,president_a,PL61,Kujawsko-pomorskie,2,Lepper,799490
1417,2005-10-09,president_a,PL61,Kujawsko-pomorskie,2,Pyszko,2340
1418,2005-10-09,president_a,PL61,Kujawsko-pomorskie,2,Slomka,2140
1419,2005-10-09,president_a,PL61,Kujawsko-pomorskie,2,Tusk,1261815
1420,2005-10-09,president_a,PL61,Kujawsko-pomorskie,2,Tyminski,6770
1421,2005-10-09,president_a,PL62,Warmińsko-mazurskie,0,eligible_voters,3377214
1422,2005-10-09,president_a,PL62,Warmińsko-mazurskie,1,issued_ballots,1497087
1423,2005-10-09,president_a,PL62,Warmińsko-mazurskie,2,Bochniarz,22878
1424,2005-10-09,president_a,PL62,Warmińsko-mazurskie,2,Borowski,165792
1425,2005-10-09,president_a,PL62,Warmińsko-mazurskie,2,Bubel,1653
1426,2005-10-09,president_a,PL62,Warmińsko-mazurskie,2,Ilasz,4053
1427,2005-10-09,president_a,PL62,Warmińsko-mazurskie,2,Kaczynski,393654
1428,2005-10-09,president_a,PL62,Warmińsko-mazurskie,2,Kalinowski,25593
1429,2005-10-09,president_a,PL62,Warmińsko-mazurskie,2,KorwinMikke,18948
1430,2005-10-09,president_a,PL62,Warmińsko-mazurskie,2,Lepper,269001
1431,2005-10-09,president_a,PL62,Warmińsko-mazurskie,2,Pyszko,1290
1432,2005-10-09,president_a,PL62,Warmińsko-mazurskie,2,Slomka,855
1433,2005-10-09,president_a,PL62,Warmińsko-mazurskie,2,Tusk,575190
1434,2005-10-09,president_a,PL62,Warmińsko-mazurskie,2,Tyminski,3120
1435,2005-10-09,president_a,PL63,Pomorskie,0,eligible_voters,8535475
1436,2005-10-09,president_a,PL63,Pomorskie,1,issued_ballots,4592115
1437,2005-10-09,president_a,PL63,Pomorskie,2,Bochniarz,49785
1438,2005-10-09,president_a,PL63,Pomorskie,2,Borowski,394625
1439,2005-10-09,president_a,PL63,Pomorskie,2,Bubel,4485
1440,2005-10-09,president_a,PL63,Pomorskie,2,Ilasz,8525
1441,2005-10-09,president_a,PL63,Pomorskie,2,Kaczynski,1338360
1442,2005-10-09,president_a,PL63,Pomorskie,2,Kalinowski,35915
1443,2005-10-09,president_a,PL63,Pomorskie,2,KorwinMikke,57130
1444,2005-10-09,president_a,PL63,Pomorskie,2,Lepper,439130
1445,2005-10-09,president_a,PL63,Pomorskie,2,Pyszko,2080
1446,2005-10-09,president_a,PL63,Pomorskie,2,Slomka,2270
1447,2005-10-09,president_a,PL63,Pomorskie,2,Tusk,2224305
1448,2005-10-09,president_a,PL63,Pomorskie,2,Tyminski,5555
1449,2005-10-09,president_a,PL71,Łódzkie,0,eligible_voters,10396275
1450,2005-10-09,president_a,PL71,Łódzkie,1,issued_ballots,5162565
1451,2005-10-09,president_a,PL71,Łódzkie,2,Bochniarz,72725
1452,2005-10-09,president_a,PL71,Łódzkie,2,Borowski,620535
1453,2005-10-09,president_a,PL71,Łódzkie,2,Bubel,8915
1454,2005-10-09,president_a,PL71,Łódzkie,2,Ilasz,10530
1455,2005-10-09,president_a,PL71,Łódzkie,2,Kaczynski,1604830
1456,2005-10-09,president_a,PL71,Łódzkie,2,Kalinowski,119265
1457,2005-10-09,president_a,PL71,Łódzkie,2,KorwinMikke,89005
1458,2005-10-09,president_a,PL71,Łódzkie,2,Lepper,1032730
1459,2005-10-09,president_a,PL71,Łódzkie,2,Pyszko,3160
1460,2005-10-09,president_a,PL71,Łódzkie,2,Slomka,3185
1461,2005-10-09,president_a,PL71,Łódzkie,2,Tusk,1548605
1462,2005-10-09,president_a,PL71,Łódzkie,2,Tyminski,9660
1463,2005-10-09,president_a,PL72,Świętokrzyskie,0,eligible_voters,2080000
1464,2005-10-09,president_a,PL72,Świętokrzyskie,1,issued_ballots,934464
1465,2005-10-09,president_a,PL72,Świętokrzyskie,2,Bochniarz,9168
1466,2005-10-09,president_a,PL72,Świętokrzyskie,2,Borowski,102344
1467,2005-10-09,president_a,PL72,Świętokrzyskie,2,Bubel,1446
1468,2005-10-09,president_a,PL72,Świętokrzyskie,2,Ilasz,2244
1469,2005-10-09,president_a,PL72,Świętokrzyskie,2,Kaczynski,281140
1470,2005-10-09,president_a,PL72,Świętokrzyskie,2,Kalinowski,30698
1471,2005-10-09,president_a,PL72,Świętokrzyskie,2,KorwinMikke,11954
1472,2005-10-09,president_a,PL72,Świętokrzyskie,2,Lepper,244756
1473,2005-10-09,president_a,PL72,Świętokrzyskie,2,Pyszko,592
1474,2005-10-09,president_a,PL72,Świętokrzyskie,2,Slomka,592
1475,2005-10-09,president_a,PL72,Świętokrzyskie,2,Tusk,241430
1476,2005-10-09,president_a,PL72,Świętokrzyskie,2,Tyminski,1336
1477,2005-10-09,president_a,PL81,Lubelskie,0,eligible_voters,6949212
1478,2005-10-09,president_a,PL81,Lubelskie,1,issued_ballots,3421952
1479,2005-10-09,president_a,PL81,Lubelskie,2,Bochniarz,35064
1480,2005-10-09,president_a,PL81,Lubelskie,2,Borowski,261596
1481,2005-10-09,president_a,PL81,Lubelskie,2,Bubel,6740
1482,2005-10-09,president_a,PL81,Lubelskie,2,Ilasz,7628
1483,2005-10-09,president_a,PL81,Lubelskie,2,Kaczynski,1240960
1484,2005-10-09,president_a,PL81,Lubelskie,2,Kalinowski,122736
1485,2005-10-09,president_a,PL81,Lubelskie,2,KorwinMikke,47500
1486,2005-10-09,president_a,PL81,Lubelskie,2,Lepper,885196
1487,2005-10-09,president_a,PL81,Lubelskie,2,Pyszko,3988
1488,2005-10-09,president_a,PL81,Lubelskie,2,Slomka,2236
1489,2005-10-09,president_a,PL81,Lubelskie,2,Tusk,778836
1490,2005-10-09,president_a,PL81,Lubelskie,2,Tyminski,5260
1491,2005-10-09,president_a,PL82,Podkarpackie,0,eligible_voters,6515028
1492,2005-10-09,president_a,PL82,Podkarpackie,1,issued_ballots,3257764
1493,2005-10-09,president_a,PL82,Podkarpackie,2,Bochniarz,27000
1494,2005-10-09,president_a,PL82,Podkarpackie,2,Borowski,210600
1495,2005-10-09,president_a,PL82,Podkarpackie,2,Bubel,4056
1496,2005-10-09,president_a,PL82,Podkarpackie,2,Ilasz,6972
1497,2005-10-09,president_a,PL82,Podkarpackie,2,Kaczynski,1598160
1498,2005-10-09,president_a,PL82,Podkarpackie,2,Kalinowski,78844
1499,2005-10-09,president_a,PL82,Podkarpackie,2,KorwinMikke,38352
1500,2005-10-09,president_a,PL82,Podkarpackie,2,Lepper,520356
1501,2005-10-09,president_a,PL82,Podkarpackie,2,Pyszko,1964
1502,2005-10-09,president_a,PL82,Podkarpackie,2,Slomka,1844
1503,2005-10-09,president_a,PL82,Podkarpackie,2,Tusk,744456
1504,2005-10-09,president_a,PL82,Podkarpackie,2,Tyminski,4436
1505,2005-10-09,president_a,PL84,Podlaskie,0,eligible_voters,2836950
1506,2005-10-09,president_a,PL84,Podlaskie,1,issued_ballots,1308795
1507,2005-10-09,president_a,PL84,Podlaskie,2,Bochniarz,13173
1508,2005-10-09,president_a,PL84,Podlaskie,2,Borowski,110358
1509,2005-10-09,president_a,PL84,Podlaskie,2,Bubel,1815
1510,2005-10-09,president_a,PL84,Podlaskie,2,Ilasz,2469
1511,2005-10-09,president_a,PL84,Podlaskie,2,Kaczynski,517251
1512,2005-10-09,president_a,PL84,Podlaskie,2,Kalinowski,31347
1513,2005-10-09,president_a,PL84,Podlaskie,2,KorwinMikke,16122
1514,2005-10-09,president_a,PL84,Podlaskie,2,Lepper,266787
1515,2005-10-09,president_a,PL84,Podlaskie,2,Pyszko,1824
1516,2005-10-09,president_a,PL84,Podlaskie,2,Slomka,570
1517,2005-10-09,president_a,PL84,Podlaskie,2,Tusk,336240
1518,2005-10-09,president_a,PL84,Podlaskie,2,Tyminski,1938
1519,2005-10-09,president_a,PL91,Warszawski stołeczny,0,eligible_voters,6576090
1520,2005-10-09,president_a,PL91,Warszawski stołeczny,1,issued_ballots,3966567
1521,2005-10-09,president_a,PL91,Warszawski stołeczny,2,Bochniarz,56628
1522,2005-10-09,president_a,PL91,Warszawski stołeczny,2,Borowski,408513
1523,2005-10-09,president_a,PL91,Warszawski stołeczny,2,Bubel,5652
1524,2005-10-09,president_a,PL91,Warszawski stołeczny,2,Ilasz,4860
1525,2005-10-09,president_a,PL91,Warszawski stołeczny,2,Kaczynski,1378962
1526,2005-10-09,president_a,PL91,Warszawski stołeczny,2,Kalinowski,38559
1527,2005-10-09,president_a,PL91,Warszawski stołeczny,2,KorwinMikke,74190
1528,2005-10-09,president_a,PL91,Warszawski stołeczny,2,Lepper,187968
1529,2005-10-09,president_a,PL91,Warszawski stołeczny,2,Pyszko,2004
1530,2005-10-09,president_a,PL91,Warszawski stołeczny,2,Slomka,1509
1531,2005-10-09,president_a,PL91,Warszawski stołeczny,2,Tusk,1777662
1532,2005-10-09,president_a,PL91,Warszawski stołeczny,2,Tyminski,4875
1533,2005-10-09,president_a,PL92,Mazowiecki regionalny,0,eligible_voters,11199936
1534,2005-10-09,president_a,PL92,Mazowiecki regionalny,1,issued_ballots,5276394
1535,2005-10-09,president_a,PL92,Mazowiecki regionalny,2,Bochniarz,50058
1536,2005-10-09,president_a,PL92,Mazowiecki regionalny,2,Borowski,418074
1537,2005-10-09,president_a,PL92,Mazowiecki regionalny,2,Bubel,8052
1538,2005-10-09,president_a,PL92,Mazowiecki regionalny,2,Ilasz,11604
1539,2005-10-09,president_a,PL92,Mazowiecki regionalny,2,Kaczynski,1949526
1540,2005-10-09,president_a,PL92,Mazowiecki regionalny,2,Kalinowski,229368
1541,2005-10-09,president_a,PL92,Mazowiecki regionalny,2,KorwinMikke,58776
1542,2005-10-09,president_a,PL92,Mazowiecki regionalny,2,Lepper,1239612
1543,2005-10-09,president_a,PL92,Mazowiecki regionalny,2,Pyszko,3324
1544,2005-10-09,president_a,PL92,Mazowiecki regionalny,2,Slomka,2844
1545,2005-10-09,president_a,PL92,Mazowiecki regionalny,2,Tusk,1258032
1546,2005-10-09,president_a,PL92,Mazowiecki regionalny,2,Tyminski,7908
1547,2005-10-23,president_b,PL21,Małopolskie,0,eligible_voters,15185466
1548,2005-10-23,president_b,PL21,Małopolskie,1,issued_ballots,8527524
1549,2005-10-23,president_b,PL21,Małopolskie,2,Kaczynski,5128128
1550,2005-10-23,president_b,PL21,Małopolskie,2,Tusk,3331716
1551,2005-10-23,president_b,PL22,Śląskie,0,eligible_voters,30168632
1552,2005-10-23,president_b,PL22,Śląskie,1,issued_ballots,15375672
1553,2005-10-23,president_b,PL22,Śląskie,2,Kaczynski,7474336
1554,2005-10-23,president_b,PL22,Śląskie,2,Tusk,7745728
1555,2005-10-23,president_b,PL41,Wielkopolskie,0,eligible_voters,15779292
1556,2005-10-23,president_b,PL41,Wielkopolskie,1,issued_ballots,8110800
1557,2005-10-23,president_b,PL41,Wielkopolskie,2,Kaczynski,3808200
1558,2005-10-23,president_b,PL41,Wielkopolskie,2,Tusk,4203522
1559,2005-10-23,president_b,PL42,Zachodniopomorskie,0,eligible_voters,5380496
1560,2005-10-23,president_b,PL42,Zachodniopomorskie,1,issued_ballots,2494600
1561,2005-10-23,president_b,PL42,Zachodniopomorskie,2,Kaczynski,1023164
1562,2005-10-23,president_b,PL42,Zachodniopomorskie,2,Tusk,1443864
1563,2005-10-23,president_b,PL43,Lubuskie,0,eligible_voters,1591948
1564,2005-10-23,president_b,PL43,Lubuskie,1,issued_ballots,726882
1565,2005-10-23,president_b,PL43,Lubuskie,2,Kaczynski,305218
1566,2005-10-23,president_b,PL43,Lubuskie,2,Tusk,413946
1567,2005-10-23,president_b,PL51,Dolnośląskie,0,eligible_voters,11683265
1568,2005-10-23,president_b,PL51,Dolnośląskie,1,issued_ballots,5755715
1569,2005-10-23,president_b,PL51,Dolnośląskie,2,Kaczynski,2669445
1570,2005-10-23,president_b,PL51,Dolnośląskie,2,Tusk,3029965
1571,2005-10-23,president_b,PL52,Opolskie,0,eligible_voters,1660922
1572,2005-10-23,president_b,PL52,Opolskie,1,issued_ballots,709616
1573,2005-10-23,president_b,PL52,Opolskie,2,Kaczynski,294262
1574,2005-10-23,president_b,PL52,Opolskie,2,Tusk,408560
1575,2005-10-23,president_b,PL61,Kujawsko-pomorskie,0,eligible_voters,8162150
1576,2005-10-23,president_b,PL61,Kujawsko-pomorskie,1,issued_ballots,3788095
1577,2005-10-23,president_b,PL61,Kujawsko-pomorskie,2,Kaczynski,1963945
1578,2005-10-23,president_b,PL61,Kujawsko-pomorskie,2,Tusk,1776205
1579,2005-10-23,president_b,PL62,Warmińsko-mazurskie,0,eligible_voters,3373998
1580,2005-10-23,president_b,PL62,Warmińsko-mazurskie,1,issued_ballots,1487208
1581,2005-10-23,president_b,PL62,Warmińsko-mazurskie,2,Kaczynski,694959
1582,2005-10-23,president_b,PL62,Warmińsko-mazurskie,2,Tusk,771987
1583,2005-10-23,president_b,PL63,Pomorskie,0,eligible_voters,8538565
1584,2005-10-23,president_b,PL63,Pomorskie,1,issued_ballots,4715660
1585,2005-10-23,president_b,PL63,Pomorskie,2,Kaczynski,1997905
1586,2005-10-23,president_b,PL63,Pomorskie,2,Tusk,2671585
1587,2005-10-23,president_b,PL71,Łódzkie,0,eligible_voters,10402685
1588,2005-10-23,president_b,PL71,Łódzkie,1,issued_ballots,5231365
1589,2005-10-23,president_b,PL71,Łódzkie,2,Kaczynski,3070425
1590,2005-10-23,president_b,PL71,Łódzkie,2,Tusk,2095590
1591,2005-10-23,president_b,PL72,Świętokrzyskie,0,eligible_voters,2078726
1592,2005-10-23,president_b,PL72,Świętokrzyskie,1,issued_ballots,945706
1593,2005-10-23,president_b,PL72,Świętokrzyskie,2,Kaczynski,607290
1594,2005-10-23,president_b,PL72,Świętokrzyskie,2,Tusk,328032
1595,2005-10-23,president_b,PL81,Lubelskie,0,eligible_voters,6941600
1596,2005-10-23,president_b,PL81,Lubelskie,1,issued_ballots,3504300
1597,2005-10-23,president_b,PL81,Lubelskie,2,Kaczynski,2446404
1598,2005-10-23,president_b,PL81,Lubelskie,2,Tusk,1024512
1599,2005-10-23,president_b,PL82,Podkarpackie,0,eligible_voters,6513776
1600,2005-10-23,president_b,PL82,Podkarpackie,1,issued_ballots,3476584
1601,2005-10-23,president_b,PL82,Podkarpackie,2,Kaczynski,2505488
1602,2005-10-23,president_b,PL82,Podkarpackie,2,Tusk,942708
1603,2005-10-23,president_b,PL84,Podlaskie,0,eligible_voters,2833374
1604,2005-10-23,president_b,PL84,Podlaskie,1,issued_ballots,1333329
1605,2005-10-23,president_b,PL84,Podlaskie,2,Kaczynski,839736
1606,2005-10-23,president_b,PL84,Podlaskie,2,Tusk,482034
1607,2005-10-23,president_b,PL91,Warszawski stołeczny,0,eligible_voters,6601401
1608,2005-10-23,president_b,PL91,Warszawski stołeczny,1,issued_ballots,4166550
1609,2005-10-23,president_b,PL91,Warszawski stołeczny,2,Kaczynski,1885482
1610,2005-10-23,president_b,PL91,Warszawski stołeczny,2,Tusk,2236725
1611,2005-10-23,president_b,PL92,Mazowiecki regionalny,0,eligible_voters,11192484
1612,2005-10-23,president_b,PL92,Mazowiecki regionalny,1,issued_ballots,5454864
1613,2005-10-23,president_b,PL92,Mazowiecki regionalny,2,Kaczynski,3808590
1614,2005-10-23,president_b,PL92,Mazowiecki regionalny,2,Tusk,1592760
1615,2007-10-21,parliament,PL21,Małopolskie,0,eligible_voters,15411696
1616,2007-10-21,parliament,PL21,Małopolskie,1,issued_ballots,8637642
1617,2007-10-21,parliament,PL21,Małopolskie,2,LID,735492
1618,2007-10-21,parliament,PL21,Małopolskie,2,LPR,115596
1619,2007-10-21,parliament,PL21,Małopolskie,2,MN,0
1620,2007-10-21,parliament,PL21,Małopolskie,2,PIS,3496614
1621,2007-10-21,parliament,PL21,Małopolskie,2,PK,28992
1622,2007-10-21,parliament,PL21,Małopolskie,2,PO,3237864
1623,2007-10-21,parliament,PL21,Małopolskie,2,PPP,98490
1624,2007-10-21,parliament,PL21,Małopolskie,2,PSL,659052
1625,2007-10-21,parliament,PL21,Małopolskie,2,SAMOOBRONA,77730
1626,2007-10-21,parliament,PL21,Małopolskie,2,SPATRIOTYCZNA,0
1627,2007-10-21,parliament,PL22,Śląskie,0,eligible_voters,30092864
1628,2007-10-21,parliament,PL22,Śląskie,1,issued_ballots,16522792
1629,2007-10-21,parliament,PL22,Śląskie,2,LID,2314712
1630,2007-10-21,parliament,PL22,Śląskie,2,LPR,179784
1631,2007-10-21,parliament,PL22,Śląskie,2,MN,0
1632,2007-10-21,parliament,PL22,Śląskie,2,PIS,5091272
1633,2007-10-21,parliament,PL22,Śląskie,2,PK,0
1634,2007-10-21,parliament,PL22,Śląskie,2,PO,7379736
1635,2007-10-21,parliament,PL22,Śląskie,2,PPP,223424
1636,2007-10-21,parliament,PL22,Śląskie,2,PSL,855680
1637,2007-10-21,parliament,PL22,Śląskie,2,SAMOOBRONA,147184
1638,2007-10-21,parliament,PL22,Śląskie,2,SPATRIOTYCZNA,0
1639,2007-10-21,parliament,PL41,Wielkopolskie,0,eligible_voters,15991278
1640,2007-10-21,parliament,PL41,Wielkopolskie,1,issued_ballots,8812794
1641,2007-10-21,parliament,PL41,Wielkopolskie,2,LID,1395744
1642,2007-10-21,parliament,PL41,Wielkopolskie,2,LPR,97692
1643,2007-10-21,parliament,PL41,Wielkopolskie,2,MN,0
1644,2007-10-21,parliament,PL41,Wielkopolskie,2,PIS,2090118
1645,2007-10-21,parliament,PL41,Wielkopolskie,2,PK,0
1646,2007-10-21,parliament,PL41,Wielkopolskie,2,PO,3828798
1647,2007-10-21,parliament,PL41,Wielkopolskie,2,PPP,91002
1648,2007-10-21,parliament,PL41,Wielkopolskie,2,PSL,929952
1649,2007-10-21,parliament,PL41,Wielkopolskie,2,SAMOOBRONA,147084
1650,2007-10-21,parliament,PL41,Wielkopolskie,2,SPATRIOTYCZNA,0
1651,2007-10-21,parliament,PL42,Zachodniopomorskie,0,eligible_voters,5416724
1652,2007-10-21,parliament,PL42,Zachodniopomorskie,1,issued_ballots,2808808
1653,2007-10-21,parliament,PL42,Zachodniopomorskie,2,LID,471688
1654,2007-10-21,parliament,PL42,Zachodniopomorskie,2,LPR,33572
1655,2007-10-21,parliament,PL42,Zachodniopomorskie,2,MN,0
1656,2007-10-21,parliament,PL42,Zachodniopomorskie,2,PIS,634680
1657,2007-10-21,parliament,PL42,Zachodniopomorskie,2,PK,0
1658,2007-10-21,parliament,PL42,Zachodniopomorskie,2,PO,1311716
1659,2007-10-21,parliament,PL42,Zachodniopomorskie,2,PPP,27180
1660,2007-10-21,parliament,PL42,Zachodniopomorskie,2,PSL,191988
1661,2007-10-21,parliament,PL42,Zachodniopomorskie,2,SAMOOBRONA,70352
1662,2007-10-21,parliament,PL42,Zachodniopomorskie,2,SPATRIOTYCZNA,0
1663,2007-10-21,parliament,PL43,Lubuskie,0,eligible_voters,1602980
1664,2007-10-21,parliament,PL43,Lubuskie,1,issued_ballots,807074
1665,2007-10-21,parliament,PL43,Lubuskie,2,LID,139046
1666,2007-10-21,parliament,PL43,Lubuskie,2,LPR,11328
1667,2007-10-21,parliament,PL43,Lubuskie,2,MN,0
1668,2007-10-21,parliament,PL43,Lubuskie,2,PIS,177126
1669,2007-10-21,parliament,PL43,Lubuskie,2,PK,0
1670,2007-10-21,parliament,PL43,Lubuskie,2,PO,371068
1671,2007-10-21,parliament,PL43,Lubuskie,2,PPP,10438
1672,2007-10-21,parliament,PL43,Lubuskie,2,PSL,66116
1673,2007-10-21,parliament,PL43,Lubuskie,2,SAMOOBRONA,13308
1674,2007-10-21,parliament,PL43,Lubuskie,2,SPATRIOTYCZNA,0
1675,2007-10-21,parliament,PL51,Dolnośląskie,0,eligible_voters,11727315
1676,2007-10-21,parliament,PL51,Dolnośląskie,1,issued_ballots,6283300
1677,2007-10-21,parliament,PL51,Dolnośląskie,2,LID,864260
1678,2007-10-21,parliament,PL51,Dolnośląskie,2,LPR,70060
1679,2007-10-21,parliament,PL51,Dolnośląskie,2,MN,0
1680,2007-10-21,parliament,PL51,Dolnośląskie,2,PIS,1731385
1681,2007-10-21,parliament,PL51,Dolnośląskie,2,PK,0
1682,2007-10-21,parliament,PL51,Dolnośląskie,2,PO,2977770
1683,2007-10-21,parliament,PL51,Dolnośląskie,2,PPP,60050
1684,2007-10-21,parliament,PL51,Dolnośląskie,2,PSL,373530
1685,2007-10-21,parliament,PL51,Dolnośląskie,2,SAMOOBRONA,82795
1686,2007-10-21,parliament,PL51,Dolnośląskie,2,SPATRIOTYCZNA,0
1687,2007-10-21,parliament,PL52,Opolskie,0,eligible_voters,1661806
1688,2007-10-21,parliament,PL52,Opolskie,1,issued_ballots,756662
1689,2007-10-21,parliament,PL52,Opolskie,2,LID,82500
1690,2007-10-21,parliament,PL52,Opolskie,2,LPR,9444
1691,2007-10-21,parliament,PL52,Opolskie,2,MN,64924
1692,2007-10-21,parliament,PL52,Opolskie,2,PIS,168590
1693,2007-10-21,parliament,PL52,Opolskie,2,PK,0
1694,2007-10-21,parliament,PL52,Opolskie,2,PO,343366
1695,2007-10-21,parliament,PL52,Opolskie,2,PPP,6682
1696,2007-10-21,parliament,PL52,Opolskie,2,PSL,48784
1697,2007-10-21,parliament,PL52,Opolskie,2,SAMOOBRONA,12790
1698,2007-10-21,parliament,PL52,Opolskie,2,SPATRIOTYCZNA,0
1699,2007-10-21,parliament,PL61,Kujawsko-pomorskie,0,eligible_voters,8206315
1700,2007-10-21,parliament,PL61,Kujawsko-pomorskie,1,issued_ballots,4156735
1701,2007-10-21,parliament,PL61,Kujawsko-pomorskie,2,LID,758235
1702,2007-10-21,parliament,PL61,Kujawsko-pomorskie,2,LPR,39700
1703,2007-10-21,parliament,PL61,Kujawsko-pomorskie,2,MN,0
1704,2007-10-21,parliament,PL61,Kujawsko-pomorskie,2,PIS,1032460
1705,2007-10-21,parliament,PL61,Kujawsko-pomorskie,2,PK,0
1706,2007-10-21,parliament,PL61,Kujawsko-pomorskie,2,PO,1694645
1707,2007-10-21,parliament,PL61,Kujawsko-pomorskie,2,PPP,46080
1708,2007-10-21,parliament,PL61,Kujawsko-pomorskie,2,PSL,405390
1709,2007-10-21,parliament,PL61,Kujawsko-pomorskie,2,SAMOOBRONA,81645
1710,2007-10-21,parliament,PL61,Kujawsko-pomorskie,2,SPATRIOTYCZNA,0
1711,2007-10-21,parliament,PL62,Warmińsko-mazurskie,0,eligible_voters,3399213
1712,2007-10-21,parliament,PL62,Warmińsko-mazurskie,1,issued_ballots,1631784
1713,2007-10-21,parliament,PL62,Warmińsko-mazurskie,2,LID,233022
1714,2007-10-21,parliament,PL62,Warmińsko-mazurskie,2,LPR,21354
1715,2007-10-21,parliament,PL62,Warmińsko-mazurskie,2,MN,0
1716,2007-10-21,parliament,PL62,Warmińsko-mazurskie,2,PIS,384621
1717,2007-10-21,parliament,PL62,Warmińsko-mazurskie,2,PK,0
1718,2007-10-21,parliament,PL62,Warmińsko-mazurskie,2,PO,706059
1719,2007-10-21,parliament,PL62,Warmińsko-mazurskie,2,PPP,16137
1720,2007-10-21,parliament,PL62,Warmińsko-mazurskie,2,PSL,192210
1721,2007-10-21,parliament,PL62,Warmińsko-mazurskie,2,SAMOOBRONA,36066
1722,2007-10-21,parliament,PL62,Warmińsko-mazurskie,2,SPATRIOTYCZNA,0
1723,2007-10-21,parliament,PL63,Pomorskie,0,eligible_voters,8650680
1724,2007-10-21,parliament,PL63,Pomorskie,1,issued_ballots,4976505
1725,2007-10-21,parliament,PL63,Pomorskie,2,LID,563490
1726,2007-10-21,parliament,PL63,Pomorskie,2,LPR,66160
1727,2007-10-21,parliament,PL63,Pomorskie,2,MN,0
1728,2007-10-21,parliament,PL63,Pomorskie,2,PIS,1308115
1729,2007-10-21,parliament,PL63,Pomorskie,2,PK,0
1730,2007-10-21,parliament,PL63,Pomorskie,2,PO,2574430
1731,2007-10-21,parliament,PL63,Pomorskie,2,PPP,42505
1732,2007-10-21,parliament,PL63,Pomorskie,2,PSL,257315
1733,2007-10-21,parliament,PL63,Pomorskie,2,SAMOOBRONA,67310
1734,2007-10-21,parliament,PL63,Pomorskie,2,SPATRIOTYCZNA,0
1735,2007-10-21,parliament,PL71,Łódzkie,0,eligible_voters,10380420
1736,2007-10-21,parliament,PL71,Łódzkie,1,issued_ballots,5603635
1737,2007-10-21,parliament,PL71,Łódzkie,2,LID,824095
1738,2007-10-21,parliament,PL71,Łódzkie,2,LPR,65740
1739,2007-10-21,parliament,PL71,Łódzkie,2,MN,0
1740,2007-10-21,parliament,PL71,Łódzkie,2,PIS,1865220
1741,2007-10-21,parliament,PL71,Łódzkie,2,PK,64190
1742,2007-10-21,parliament,PL71,Łódzkie,2,PO,1955705
1743,2007-10-21,parliament,PL71,Łódzkie,2,PPP,49935
1744,2007-10-21,parliament,PL71,Łódzkie,2,PSL,545070
1745,2007-10-21,parliament,PL71,Łódzkie,2,SAMOOBRONA,115660
1746,2007-10-21,parliament,PL71,Łódzkie,2,SPATRIOTYCZNA,0
1747,2007-10-21,parliament,PL72,Świętokrzyskie,0,eligible_voters,2087156
1748,2007-10-21,parliament,PL72,Świętokrzyskie,1,issued_ballots,990290
1749,2007-10-21,parliament,PL72,Świętokrzyskie,2,LID,133292
1750,2007-10-21,parliament,PL72,Świętokrzyskie,2,LPR,9442
1751,2007-10-21,parliament,PL72,Świętokrzyskie,2,MN,0
1752,2007-10-21,parliament,PL72,Świętokrzyskie,2,PIS,377112
1753,2007-10-21,parliament,PL72,Świętokrzyskie,2,PK,8692
1754,2007-10-21,parliament,PL72,Świętokrzyskie,2,PO,269698
1755,2007-10-21,parliament,PL72,Świętokrzyskie,2,PPP,9090
1756,2007-10-21,parliament,PL72,Świętokrzyskie,2,PSL,142068
1757,2007-10-21,parliament,PL72,Świętokrzyskie,2,SAMOOBRONA,15748
1758,2007-10-21,parliament,PL72,Świętokrzyskie,2,SPATRIOTYCZNA,0
1759,2007-10-21,parliament,PL81,Lubelskie,0,eligible_voters,6972776
1760,2007-10-21,parliament,PL81,Lubelskie,1,issued_ballots,3486712
1761,2007-10-21,parliament,PL81,Lubelskie,2,LID,358388
1762,2007-10-21,parliament,PL81,Lubelskie,2,LPR,67892
1763,2007-10-21,parliament,PL81,Lubelskie,2,MN,0
1764,2007-10-21,parliament,PL81,Lubelskie,2,PIS,1388820
1765,2007-10-21,parliament,PL81,Lubelskie,2,PK,19884
1766,2007-10-21,parliament,PL81,Lubelskie,2,PO,930172
1767,2007-10-21,parliament,PL81,Lubelskie,2,PPP,31392
1768,2007-10-21,parliament,PL81,Lubelskie,2,PSL,524388
1769,2007-10-21,parliament,PL81,Lubelskie,2,SAMOOBRONA,81756
1770,2007-10-21,parliament,PL81,Lubelskie,2,SPATRIOTYCZNA,10124
1771,2007-10-21,parliament,PL82,Podkarpackie,0,eligible_voters,6617448
1772,2007-10-21,parliament,PL82,Podkarpackie,1,issued_ballots,3362024
1773,2007-10-21,parliament,PL82,Podkarpackie,2,LID,294080
1774,2007-10-21,parliament,PL82,Podkarpackie,2,LPR,55980
1775,2007-10-21,parliament,PL82,Podkarpackie,2,MN,0
1776,2007-10-21,parliament,PL82,Podkarpackie,2,PIS,1535560
1777,2007-10-21,parliament,PL82,Podkarpackie,2,PK,0
1778,2007-10-21,parliament,PL82,Podkarpackie,2,PO,933672
1779,2007-10-21,parliament,PL82,Podkarpackie,2,PPP,31324
1780,2007-10-21,parliament,PL82,Podkarpackie,2,PSL,390516
1781,2007-10-21,parliament,PL82,Podkarpackie,2,SAMOOBRONA,45232
1782,2007-10-21,parliament,PL82,Podkarpackie,2,SPATRIOTYCZNA,0
1783,2007-10-21,parliament,PL84,Podlaskie,0,eligible_voters,2853708
1784,2007-10-21,parliament,PL84,Podlaskie,1,issued_ballots,1412724
1785,2007-10-21,parliament,PL84,Podlaskie,2,LID,203673
1786,2007-10-21,parliament,PL84,Podlaskie,2,LPR,19902
1787,2007-10-21,parliament,PL84,Podlaskie,2,MN,0
1788,2007-10-21,parliament,PL84,Podlaskie,2,PIS,536964
1789,2007-10-21,parliament,PL84,Podlaskie,2,PK,12426
1790,2007-10-21,parliament,PL84,Podlaskie,2,PO,447687
1791,2007-10-21,parliament,PL84,Podlaskie,2,PPP,8505
1792,2007-10-21,parliament,PL84,Podlaskie,2,PSL,126474
1793,2007-10-21,parliament,PL84,Podlaskie,2,SAMOOBRONA,27909
1794,2007-10-21,parliament,PL84,Podlaskie,2,SPATRIOTYCZNA,0
1795,2007-10-21,parliament,PL91,Warszawski stołeczny,0,eligible_voters,6732687
1796,2007-10-21,parliament,PL91,Warszawski stołeczny,1,issued_ballots,4621323
1797,2007-10-21,parliament,PL91,Warszawski stołeczny,2,LID,521199
1798,2007-10-21,parliament,PL91,Warszawski stołeczny,2,LPR,59460
1799,2007-10-21,parliament,PL91,Warszawski stołeczny,2,MN,0
1800,2007-10-21,parliament,PL91,Warszawski stołeczny,2,PIS,1379775
1801,2007-10-21,parliament,PL91,Warszawski stołeczny,2,PK,36990
1802,2007-10-21,parliament,PL91,Warszawski stołeczny,2,PO,2297133
1803,2007-10-21,parliament,PL91,Warszawski stołeczny,2,PPP,27654
1804,2007-10-21,parliament,PL91,Warszawski stołeczny,2,PSL,212832
1805,2007-10-21,parliament,PL91,Warszawski stołeczny,2,SAMOOBRONA,26109
1806,2007-10-21,parliament,PL91,Warszawski stołeczny,2,SPATRIOTYCZNA,0
1807,2007-10-21,parliament,PL92,Mazowiecki regionalny,0,eligible_voters,11279154
1808,2007-10-21,parliament,PL92,Mazowiecki regionalny,1,issued_ballots,5526354
1809,2007-10-21,parliament,PL92,Mazowiecki regionalny,2,LID,518040
1810,2007-10-21,parliament,PL92,Mazowiecki regionalny,2,LPR,77370
1811,2007-10-21,parliament,PL92,Mazowiecki regionalny,2,MN,0
1812,2007-10-21,parliament,PL92,Mazowiecki regionalny,2,PIS,2199000
1813,2007-10-21,parliament,PL92,Mazowiecki regionalny,2,PK,0
1814,2007-10-21,parliament,PL92,Mazowiecki regionalny,2,PO,1434696
1815,2007-10-21,parliament,PL92,Mazowiecki regionalny,2,PPP,46146
1816,2007-10-21,parliament,PL92,Mazowiecki regionalny,2,PSL,992622
1817,2007-10-21,parliament,PL92,Mazowiecki regionalny,2,SAMOOBRONA,128460
1818,2007-10-21,parliament,PL92,Mazowiecki regionalny,2,SPATRIOTYCZNA,0
1819,2009-06-07,european,PL21,Małopolskie,0,eligible_voters,15513774
1820,2009-06-07,european,PL21,Małopolskie,1,issued_ballots,4361916
1821,2009-06-07,european,PL21,Małopolskie,2,LIBERTAS,42540
1822,2009-06-07,european,PL21,Małopolskie,2,PIAST,0
1823,2009-06-07,european,PL21,Małopolskie,2,PIS,1830492
1824,2009-06-07,european,PL21,Małopolskie,2,PO,1644816
1825,2009-06-07,european,PL21,Małopolskie,2,PPP,20274
1826,2009-06-07,european,PL21,Małopolskie,2,PPS,0
1827,2009-06-07,european,PL21,Małopolskie,2,PRAWICA,58560
1828,2009-06-07,european,PL21,Małopolskie,2,PSL,193434
1829,2009-06-07,european,PL21,Małopolskie,2,SAMOOBRONA,30834
1830,2009-06-07,european,PL21,Małopolskie,2,SLDUP,336330
1831,2009-06-07,european,PL21,Małopolskie,2,UPR,51618
1832,2009-06-07,european,PL21,Małopolskie,2,ZIELONI,79830
1833,2009-06-07,european,PL22,Śląskie,0,eligible_voters,30024992
1834,2009-06-07,european,PL22,Śląskie,1,issued_ballots,7591136
1835,2009-06-07,european,PL22,Śląskie,2,LIBERTAS,47248
1836,2009-06-07,european,PL22,Śląskie,2,PIAST,12296
1837,2009-06-07,european,PL22,Śląskie,2,PIS,1659432
1838,2009-06-07,european,PL22,Śląskie,2,PO,4188816
1839,2009-06-07,european,PL22,Śląskie,2,PPP,61208
1840,2009-06-07,european,PL22,Śląskie,2,PPS,0
1841,2009-06-07,european,PL22,Śląskie,2,PRAWICA,99576
1842,2009-06-07,european,PL22,Śląskie,2,PSL,188528
1843,2009-06-07,european,PL22,Śląskie,2,SAMOOBRONA,61320
1844,2009-06-07,european,PL22,Śląskie,2,SLDUP,943072
1845,2009-06-07,european,PL22,Śląskie,2,UPR,65240
1846,2009-06-07,european,PL22,Śląskie,2,ZIELONI,130808
1847,2009-06-07,european,PL41,Wielkopolskie,0,eligible_voters,16110324
1848,2009-06-07,european,PL41,Wielkopolskie,1,issued_ballots,3892194
1849,2009-06-07,european,PL41,Wielkopolskie,2,LIBERTAS,40218
1850,2009-06-07,european,PL41,Wielkopolskie,2,PIAST,0
1851,2009-06-07,european,PL41,Wielkopolskie,2,PIS,727296
1852,2009-06-07,european,PL41,Wielkopolskie,2,PO,1736652
1853,2009-06-07,european,PL41,Wielkopolskie,2,PPP,33102
1854,2009-06-07,european,PL41,Wielkopolskie,2,PPS,0
1855,2009-06-07,european,PL41,Wielkopolskie,2,PRAWICA,109638
1856,2009-06-07,european,PL41,Wielkopolskie,2,PSL,316296
1857,2009-06-07,european,PL41,Wielkopolskie,2,SAMOOBRONA,76350
1858,2009-06-07,european,PL41,Wielkopolskie,2,SLDUP,565080
1859,2009-06-07,european,PL41,Wielkopolskie,2,UPR,45726
1860,2009-06-07,european,PL41,Wielkopolskie,2,ZIELONI,142662
1861,2009-06-07,european,PL42,Zachodniopomorskie,0,eligible_voters,5440556
1862,2009-06-07,european,PL42,Zachodniopomorskie,1,issued_ballots,1170060
1863,2009-06-07,european,PL42,Zachodniopomorskie,2,LIBERTAS,26028
1864,2009-06-07,european,PL42,Zachodniopomorskie,2,PIAST,0
1865,2009-06-07,european,PL42,Zachodniopomorskie,2,PIS,228532
1866,2009-06-07,european,PL42,Zachodniopomorskie,2,PO,526576
1867,2009-06-07,european,PL42,Zachodniopomorskie,2,PPP,11628
1868,2009-06-07,european,PL42,Zachodniopomorskie,2,PPS,0
1869,2009-06-07,european,PL42,Zachodniopomorskie,2,PRAWICA,14984
1870,2009-06-07,european,PL42,Zachodniopomorskie,2,PSL,55200
1871,2009-06-07,european,PL42,Zachodniopomorskie,2,SAMOOBRONA,21516
1872,2009-06-07,european,PL42,Zachodniopomorskie,2,SLDUP,227708
1873,2009-06-07,european,PL42,Zachodniopomorskie,2,UPR,14860
1874,2009-06-07,european,PL42,Zachodniopomorskie,2,ZIELONI,17184
1875,2009-06-07,european,PL43,Lubuskie,0,eligible_voters,1616948
1876,2009-06-07,european,PL43,Lubuskie,1,issued_ballots,319782
1877,2009-06-07,european,PL43,Lubuskie,2,LIBERTAS,3198
1878,2009-06-07,european,PL43,Lubuskie,2,PIAST,0
1879,2009-06-07,european,PL43,Lubuskie,2,PIS,64926
1880,2009-06-07,european,PL43,Lubuskie,2,PO,142752
1881,2009-06-07,european,PL43,Lubuskie,2,PPP,3290
1882,2009-06-07,european,PL43,Lubuskie,2,PPS,0
1883,2009-06-07,european,PL43,Lubuskie,2,PRAWICA,4196
1884,2009-06-07,european,PL43,Lubuskie,2,PSL,16970
1885,2009-06-07,european,PL43,Lubuskie,2,SAMOOBRONA,4780
1886,2009-06-07,european,PL43,Lubuskie,2,SLDUP,65074
1887,2009-06-07,european,PL43,Lubuskie,2,UPR,3784
1888,2009-06-07,european,PL43,Lubuskie,2,ZIELONI,3946
1889,2009-06-07,european,PL51,Dolnośląskie,0,eligible_voters,11697000
1890,2009-06-07,european,PL51,Dolnośląskie,1,issued_ballots,2795545
1891,2009-06-07,european,PL51,Dolnośląskie,2,LIBERTAS,32600
1892,2009-06-07,european,PL51,Dolnośląskie,2,PIAST,0
1893,2009-06-07,european,PL51,Dolnośląskie,2,PIS,657450
1894,2009-06-07,european,PL51,Dolnośląskie,2,PO,1347375
1895,2009-06-07,european,PL51,Dolnośląskie,2,PPP,23575
1896,2009-06-07,european,PL51,Dolnośląskie,2,PPS,0
1897,2009-06-07,european,PL51,Dolnośląskie,2,PRAWICA,29640
1898,2009-06-07,european,PL51,Dolnośląskie,2,PSL,113130
1899,2009-06-07,european,PL51,Dolnośląskie,2,SAMOOBRONA,41505
1900,2009-06-07,european,PL51,Dolnośląskie,2,SLDUP,383880
1901,2009-06-07,european,PL51,Dolnośląskie,2,UPR,32160
1902,2009-06-07,european,PL51,Dolnośląskie,2,ZIELONI,84745
1903,2009-06-07,european,PL52,Opolskie,0,eligible_voters,1661740
1904,2009-06-07,european,PL52,Opolskie,1,issued_ballots,326728
1905,2009-06-07,european,PL52,Opolskie,2,LIBERTAS,3492
1906,2009-06-07,european,PL52,Opolskie,2,PIAST,0
1907,2009-06-07,european,PL52,Opolskie,2,PIS,63414
1908,2009-06-07,european,PL52,Opolskie,2,PO,156284
1909,2009-06-07,european,PL52,Opolskie,2,PPP,3134
1910,2009-06-07,european,PL52,Opolskie,2,PPS,0
1911,2009-06-07,european,PL52,Opolskie,2,PRAWICA,5616
1912,2009-06-07,european,PL52,Opolskie,2,PSL,38698
1913,2009-06-07,european,PL52,Opolskie,2,SAMOOBRONA,6940
1914,2009-06-07,european,PL52,Opolskie,2,SLDUP,32792
1915,2009-06-07,european,PL52,Opolskie,2,UPR,3980
1916,2009-06-07,european,PL52,Opolskie,2,ZIELONI,4876
1917,2009-06-07,european,PL61,Kujawsko-pomorskie,0,eligible_voters,8249515
1918,2009-06-07,european,PL61,Kujawsko-pomorskie,1,issued_ballots,1929235
1919,2009-06-07,european,PL61,Kujawsko-pomorskie,2,LIBERTAS,16385
1920,2009-06-07,european,PL61,Kujawsko-pomorskie,2,PIAST,0
1921,2009-06-07,european,PL61,Kujawsko-pomorskie,2,PIS,365915
1922,2009-06-07,european,PL61,Kujawsko-pomorskie,2,PO,812780
1923,2009-06-07,european,PL61,Kujawsko-pomorskie,2,PPP,12565
1924,2009-06-07,european,PL61,Kujawsko-pomorskie,2,PPS,0
1925,2009-06-07,european,PL61,Kujawsko-pomorskie,2,PRAWICA,17945
1926,2009-06-07,european,PL61,Kujawsko-pomorskie,2,PSL,190460
1927,2009-06-07,european,PL61,Kujawsko-pomorskie,2,SAMOOBRONA,34790
1928,2009-06-07,european,PL61,Kujawsko-pomorskie,2,SLDUP,397000
1929,2009-06-07,european,PL61,Kujawsko-pomorskie,2,UPR,16325
1930,2009-06-07,european,PL61,Kujawsko-pomorskie,2,ZIELONI,22385
1931,2009-06-07,european,PL62,Warmińsko-mazurskie,0,eligible_voters,3436227
1932,2009-06-07,european,PL62,Warmińsko-mazurskie,1,issued_ballots,652014
1933,2009-06-07,european,PL62,Warmińsko-mazurskie,2,LIBERTAS,6774
1934,2009-06-07,european,PL62,Warmińsko-mazurskie,2,PIAST,0
1935,2009-06-07,european,PL62,Warmińsko-mazurskie,2,PIS,137364
1936,2009-06-07,european,PL62,Warmińsko-mazurskie,2,PO,278940
1937,2009-06-07,european,PL62,Warmińsko-mazurskie,2,PPP,6606
1938,2009-06-07,european,PL62,Warmińsko-mazurskie,2,PPS,2883
1939,2009-06-07,european,PL62,Warmińsko-mazurskie,2,PRAWICA,8514
1940,2009-06-07,european,PL62,Warmińsko-mazurskie,2,PSL,58545
1941,2009-06-07,european,PL62,Warmińsko-mazurskie,2,SAMOOBRONA,14202
1942,2009-06-07,european,PL62,Warmińsko-mazurskie,2,SLDUP,108750
1943,2009-06-07,european,PL62,Warmińsko-mazurskie,2,UPR,7656
1944,2009-06-07,european,PL62,Warmińsko-mazurskie,2,ZIELONI,8094
1945,2009-06-07,european,PL63,Pomorskie,0,eligible_voters,8729955
1946,2009-06-07,european,PL63,Pomorskie,1,issued_ballots,2450775
1947,2009-06-07,european,PL63,Pomorskie,2,LIBERTAS,18375
1948,2009-06-07,european,PL63,Pomorskie,2,PIAST,0
1949,2009-06-07,european,PL63,Pomorskie,2,PIS,529660
1950,2009-06-07,european,PL63,Pomorskie,2,PO,1426120
1951,2009-06-07,european,PL63,Pomorskie,2,PPP,12975
1952,2009-06-07,european,PL63,Pomorskie,2,PPS,0
1953,2009-06-07,european,PL63,Pomorskie,2,PRAWICA,31245
1954,2009-06-07,european,PL63,Pomorskie,2,PSL,65850
1955,2009-06-07,european,PL63,Pomorskie,2,SAMOOBRONA,28270
1956,2009-06-07,european,PL63,Pomorskie,2,SLDUP,252110
1957,2009-06-07,european,PL63,Pomorskie,2,UPR,24650
1958,2009-06-07,european,PL63,Pomorskie,2,ZIELONI,22325
1959,2009-06-07,european,PL71,Łódzkie,0,eligible_voters,10358245
1960,2009-06-07,european,PL71,Łódzkie,1,issued_ballots,2442695
1961,2009-06-07,european,PL71,Łódzkie,2,LIBERTAS,19940
1962,2009-06-07,european,PL71,Łódzkie,2,PIAST,0
1963,2009-06-07,european,PL71,Łódzkie,2,PIS,674735
1964,2009-06-07,european,PL71,Łódzkie,2,PO,1023990
1965,2009-06-07,european,PL71,Łódzkie,2,PPP,17265
1966,2009-06-07,european,PL71,Łódzkie,2,PPS,0
1967,2009-06-07,european,PL71,Łódzkie,2,PRAWICA,29830
1968,2009-06-07,european,PL71,Łódzkie,2,PSL,161950
1969,2009-06-07,european,PL71,Łódzkie,2,SAMOOBRONA,49135
1970,2009-06-07,european,PL71,Łódzkie,2,SLDUP,314615
1971,2009-06-07,european,PL71,Łódzkie,2,UPR,23885
1972,2009-06-07,european,PL71,Łódzkie,2,ZIELONI,80405
1973,2009-06-07,european,PL72,Świętokrzyskie,0,eligible_voters,2093748
1974,2009-06-07,european,PL72,Świętokrzyskie,1,issued_ballots,444468
1975,2009-06-07,european,PL72,Świętokrzyskie,2,LIBERTAS,3830
1976,2009-06-07,european,PL72,Świętokrzyskie,2,PIAST,0
1977,2009-06-07,european,PL72,Świętokrzyskie,2,PIS,157098
1978,2009-06-07,european,PL72,Świętokrzyskie,2,PO,107436
1979,2009-06-07,european,PL72,Świętokrzyskie,2,PPP,4098
1980,2009-06-07,european,PL72,Świętokrzyskie,2,PPS,0
1981,2009-06-07,european,PL72,Świętokrzyskie,2,PRAWICA,5094
1982,2009-06-07,european,PL72,Świętokrzyskie,2,PSL,57214
1983,2009-06-07,european,PL72,Świętokrzyskie,2,SAMOOBRONA,8582
1984,2009-06-07,european,PL72,Świętokrzyskie,2,SLDUP,78444
1985,2009-06-07,european,PL72,Świętokrzyskie,2,UPR,3266
1986,2009-06-07,european,PL72,Świętokrzyskie,2,ZIELONI,8680
1987,2009-06-07,european,PL81,Lubelskie,0,eligible_voters,7010580
1988,2009-06-07,european,PL81,Lubelskie,1,issued_ballots,1546248
1989,2009-06-07,european,PL81,Lubelskie,2,LIBERTAS,48828
1990,2009-06-07,european,PL81,Lubelskie,2,PIAST,0
1991,2009-06-07,european,PL81,Lubelskie,2,PIS,547944
1992,2009-06-07,european,PL81,Lubelskie,2,PO,448884
1993,2009-06-07,european,PL81,Lubelskie,2,PPP,9380
1994,2009-06-07,european,PL81,Lubelskie,2,PPS,0
1995,2009-06-07,european,PL81,Lubelskie,2,PRAWICA,23560
1996,2009-06-07,european,PL81,Lubelskie,2,PSL,207816
1997,2009-06-07,european,PL81,Lubelskie,2,SAMOOBRONA,41188
1998,2009-06-07,european,PL81,Lubelskie,2,SLDUP,98900
1999,2009-06-07,european,PL81,Lubelskie,2,UPR,21036
2000,2009-06-07,european,PL81,Lubelskie,2,ZIELONI,68356
2001,2009-06-07,european,PL82,Podkarpackie,0,eligible_voters,6718536
2002,2009-06-07,european,PL82,Podkarpackie,1,issued_ballots,1498436
2003,2009-06-07,european,PL82,Podkarpackie,2,LIBERTAS,15012
2004,2009-06-07,european,PL82,Podkarpackie,2,PIAST,0
2005,2009-06-07,european,PL82,Podkarpackie,2,PIS,614644
2006,2009-06-07,european,PL82,Podkarpackie,2,PO,428368
2007,2009-06-07,european,PL82,Podkarpackie,2,PPP,9096
2008,2009-06-07,european,PL82,Podkarpackie,2,PPS,0
2009,2009-06-07,european,PL82,Podkarpackie,2,PRAWICA,44544
2010,2009-06-07,european,PL82,Podkarpackie,2,PSL,182740
2011,2009-06-07,european,PL82,Podkarpackie,2,SAMOOBRONA,22936
2012,2009-06-07,european,PL82,Podkarpackie,2,SLDUP,108588
2013,2009-06-07,european,PL82,Podkarpackie,2,UPR,17240
2014,2009-06-07,european,PL82,Podkarpackie,2,ZIELONI,24376
2015,2009-06-07,european,PL84,Podlaskie,0,eligible_voters,2876499
2016,2009-06-07,european,PL84,Podlaskie,1,issued_ballots,623916
2017,2009-06-07,european,PL84,Podlaskie,2,LIBERTAS,6291
2018,2009-06-07,european,PL84,Podlaskie,2,PIAST,0
2019,2009-06-07,european,PL84,Podlaskie,2,PIS,228399
2020,2009-06-07,european,PL84,Podlaskie,2,PO,200889
2021,2009-06-07,european,PL84,Podlaskie,2,PPP,3084
2022,2009-06-07,european,PL84,Podlaskie,2,PPS,1110
2023,2009-06-07,european,PL84,Podlaskie,2,PRAWICA,13437
2024,2009-06-07,european,PL84,Podlaskie,2,PSL,55491
2025,2009-06-07,european,PL84,Podlaskie,2,SAMOOBRONA,11400
2026,2009-06-07,european,PL84,Podlaskie,2,SLDUP,68832
2027,2009-06-07,european,PL84,Podlaskie,2,UPR,7494
2028,2009-06-07,european,PL84,Podlaskie,2,ZIELONI,17694
2029,2009-06-07,european,PL91,Warszawski stołeczny,0,eligible_voters,6691308
2030,2009-06-07,european,PL91,Warszawski stołeczny,1,issued_ballots,2530557
2031,2009-06-07,european,PL91,Warszawski stołeczny,2,LIBERTAS,18642
2032,2009-06-07,european,PL91,Warszawski stołeczny,2,PIAST,0
2033,2009-06-07,european,PL91,Warszawski stołeczny,2,PIS,598113
2034,2009-06-07,european,PL91,Warszawski stołeczny,2,PO,1308561
2035,2009-06-07,european,PL91,Warszawski stołeczny,2,PPP,9684
2036,2009-06-07,european,PL91,Warszawski stołeczny,2,PPS,0
2037,2009-06-07,european,PL91,Warszawski stołeczny,2,PRAWICA,107175
2038,2009-06-07,european,PL91,Warszawski stołeczny,2,PSL,76791
2039,2009-06-07,european,PL91,Warszawski stołeczny,2,SAMOOBRONA,9285
2040,2009-06-07,european,PL91,Warszawski stołeczny,2,SLDUP,254478
2041,2009-06-07,european,PL91,Warszawski stołeczny,2,UPR,29076
2042,2009-06-07,european,PL91,Warszawski stołeczny,2,ZIELONI,91566
2043,2009-06-07,european,PL92,Mazowiecki regionalny,0,eligible_voters,11370774
2044,2009-06-07,european,PL92,Mazowiecki regionalny,1,issued_ballots,2217516
2045,2009-06-07,european,PL92,Mazowiecki regionalny,2,LIBERTAS,48402
2046,2009-06-07,european,PL92,Mazowiecki regionalny,2,PIAST,0
2047,2009-06-07,european,PL92,Mazowiecki regionalny,2,PIS,726102
2048,2009-06-07,european,PL92,Mazowiecki regionalny,2,PO,618318
2049,2009-06-07,european,PL92,Mazowiecki regionalny,2,PPP,16458
2050,2009-06-07,european,PL92,Mazowiecki regionalny,2,PPS,0
2051,2009-06-07,european,PL92,Mazowiecki regionalny,2,PRAWICA,57954
2052,2009-06-07,european,PL92,Mazowiecki regionalny,2,PSL,416892
2053,2009-06-07,european,PL92,Mazowiecki regionalny,2,SAMOOBRONA,45996
2054,2009-06-07,european,PL92,Mazowiecki regionalny,2,SLDUP,172044
2055,2009-06-07,european,PL92,Mazowiecki regionalny,2,UPR,21054
2056,2009-06-07,european,PL92,Mazowiecki regionalny,2,ZIELONI,46884
2057,2010-06-20,president_a,PL21,Małopolskie,0,eligible_voters,15675150
2058,2010-06-20,president_a,PL21,Małopolskie,1,issued_ballots,9006468
2059,2010-06-20,president_a,PL21,Małopolskie,2,Jurek,122514
2060,2010-06-20,president_a,PL21,Małopolskie,2,Kaczynski,4095288
2061,2010-06-20,president_a,PL21,Małopolskie,2,Komorowski,3162534
2062,2010-06-20,president_a,PL21,Małopolskie,2,KorwinMikke,267138
2063,2010-06-20,president_a,PL21,Małopolskie,2,Lepper,76926
2064,2010-06-20,president_a,PL21,Małopolskie,2,Morawiecki,9534
2065,2010-06-20,president_a,PL21,Małopolskie,2,Napieralski,938724
2066,2010-06-20,president_a,PL21,Małopolskie,2,Olechowski,129102
2067,2010-06-20,president_a,PL21,Małopolskie,2,Pawlak,132000
2068,2010-06-20,president_a,PL21,Małopolskie,2,Zietek,12342
2069,2010-06-20,president_a,PL22,Śląskie,0,eligible_voters,29800024
2070,2010-06-20,president_a,PL22,Śląskie,1,issued_ballots,16367392
2071,2010-06-20,president_a,PL22,Śląskie,2,Jurek,227264
2072,2010-06-20,president_a,PL22,Śląskie,2,Kaczynski,5287104
2073,2010-06-20,president_a,PL22,Śląskie,2,Komorowski,7338608
2074,2010-06-20,president_a,PL22,Śląskie,2,KorwinMikke,427040
2075,2010-06-20,president_a,PL22,Śląskie,2,Lepper,128376
2076,2010-06-20,president_a,PL22,Śląskie,2,Morawiecki,20200
2077,2010-06-20,president_a,PL22,Śląskie,2,Napieralski,2393736
2078,2010-06-20,president_a,PL22,Śląskie,2,Olechowski,251248
2079,2010-06-20,president_a,PL22,Śląskie,2,Pawlak,137008
2080,2010-06-20,president_a,PL22,Śląskie,2,Zietek,47648
2081,2010-06-20,president_a,PL41,Wielkopolskie,0,eligible_voters,16176354
2082,2010-06-20,president_a,PL41,Wielkopolskie,1,issued_ballots,9050772
2083,2010-06-20,president_a,PL41,Wielkopolskie,2,Jurek,70230
2084,2010-06-20,president_a,PL41,Wielkopolskie,2,Kaczynski,2549994
2085,2010-06-20,president_a,PL41,Wielkopolskie,2,Komorowski,4222536
2086,2010-06-20,president_a,PL41,Wielkopolskie,2,KorwinMikke,195288
2087,2010-06-20,president_a,PL41,Wielkopolskie,2,Lepper,141036
2088,2010-06-20,president_a,PL41,Wielkopolskie,2,Morawiecki,11622
2089,2010-06-20,president_a,PL41,Wielkopolskie,2,Napieralski,1449936
2090,2010-06-20,president_a,PL41,Wielkopolskie,2,Olechowski,131670
2091,2010-06-20,president_a,PL41,Wielkopolskie,2,Pawlak,195690
2092,2010-06-20,president_a,PL41,Wielkopolskie,2,Zietek,15906
2093,2010-06-20,president_a,PL42,Zachodniopomorskie,0,eligible_voters,5505716
2094,2010-06-20,president_a,PL42,Zachodniopomorskie,1,issued_ballots,2892184
2095,2010-06-20,president_a,PL42,Zachodniopomorskie,2,Jurek,18764
2096,2010-06-20,president_a,PL42,Zachodniopomorskie,2,Kaczynski,716928
2097,2010-06-20,president_a,PL42,Zachodniopomorskie,2,Komorowski,1434980
2098,2010-06-20,president_a,PL42,Zachodniopomorskie,2,KorwinMikke,69060
2099,2010-06-20,president_a,PL42,Zachodniopomorskie,2,Lepper,44860
2100,2010-06-20,president_a,PL42,Zachodniopomorskie,2,Morawiecki,3564
2101,2010-06-20,president_a,PL42,Zachodniopomorskie,2,Napieralski,505524
2102,2010-06-20,president_a,PL42,Zachodniopomorskie,2,Olechowski,41564
2103,2010-06-20,president_a,PL42,Zachodniopomorskie,2,Pawlak,31508
2104,2010-06-20,president_a,PL42,Zachodniopomorskie,2,Zietek,4024
2105,2010-06-20,president_a,PL43,Lubuskie,0,eligible_voters,1614626
2106,2010-06-20,president_a,PL43,Lubuskie,1,issued_ballots,819132
2107,2010-06-20,president_a,PL43,Lubuskie,2,Jurek,7096
2108,2010-06-20,president_a,PL43,Lubuskie,2,Kaczynski,205286
2109,2010-06-20,president_a,PL43,Lubuskie,2,Komorowski,415454
2110,2010-06-20,president_a,PL43,Lubuskie,2,KorwinMikke,18084
2111,2010-06-20,president_a,PL43,Lubuskie,2,Lepper,11078
2112,2010-06-20,president_a,PL43,Lubuskie,2,Morawiecki,1022
2113,2010-06-20,president_a,PL43,Lubuskie,2,Napieralski,133252
2114,2010-06-20,president_a,PL43,Lubuskie,2,Olechowski,10688
2115,2010-06-20,president_a,PL43,Lubuskie,2,Pawlak,9852
2116,2010-06-20,president_a,PL43,Lubuskie,2,Zietek,1384
2117,2010-06-20,president_a,PL51,Dolnośląskie,0,eligible_voters,11702045
2118,2010-06-20,president_a,PL51,Dolnośląskie,1,issued_ballots,6269335
2119,2010-06-20,president_a,PL51,Dolnośląskie,2,Jurek,50100
2120,2010-06-20,president_a,PL51,Dolnośląskie,2,Kaczynski,1921815
2121,2010-06-20,president_a,PL51,Dolnośląskie,2,Komorowski,2943325
2122,2010-06-20,president_a,PL51,Dolnośląskie,2,KorwinMikke,164070
2123,2010-06-20,president_a,PL51,Dolnośląskie,2,Lepper,71740
2124,2010-06-20,president_a,PL51,Dolnośląskie,2,Morawiecki,14395
2125,2010-06-20,president_a,PL51,Dolnośląskie,2,Napieralski,883565
2126,2010-06-20,president_a,PL51,Dolnośląskie,2,Olechowski,99555
2127,2010-06-20,president_a,PL51,Dolnośląskie,2,Pawlak,65065
2128,2010-06-20,president_a,PL51,Dolnośląskie,2,Zietek,10515
2129,2010-06-20,president_a,PL52,Opolskie,0,eligible_voters,1659840
2130,2010-06-20,president_a,PL52,Opolskie,1,issued_ballots,773264
2131,2010-06-20,president_a,PL52,Opolskie,2,Jurek,11456
2132,2010-06-20,president_a,PL52,Opolskie,2,Kaczynski,204522
2133,2010-06-20,president_a,PL52,Opolskie,2,Komorowski,395870
2134,2010-06-20,president_a,PL52,Opolskie,2,KorwinMikke,19596
2135,2010-06-20,president_a,PL52,Opolskie,2,Lepper,12510
2136,2010-06-20,president_a,PL52,Opolskie,2,Morawiecki,1076
2137,2010-06-20,president_a,PL52,Opolskie,2,Napieralski,98552
2138,2010-06-20,president_a,PL52,Opolskie,2,Olechowski,11438
2139,2010-06-20,president_a,PL52,Opolskie,2,Pawlak,10604
2140,2010-06-20,president_a,PL52,Opolskie,2,Zietek,1288
2141,2010-06-20,president_a,PL61,Kujawsko-pomorskie,0,eligible_voters,8253740
2142,2010-06-20,president_a,PL61,Kujawsko-pomorskie,1,issued_ballots,4329690
2143,2010-06-20,president_a,PL61,Kujawsko-pomorskie,2,Jurek,29685
2144,2010-06-20,president_a,PL61,Kujawsko-pomorskie,2,Kaczynski,1234880
2145,2010-06-20,president_a,PL61,Kujawsko-pomorskie,2,Komorowski,1969240
2146,2010-06-20,president_a,PL61,Kujawsko-pomorskie,2,KorwinMikke,88260
2147,2010-06-20,president_a,PL61,Kujawsko-pomorskie,2,Lepper,76845
2148,2010-06-20,president_a,PL61,Kujawsko-pomorskie,2,Morawiecki,5670
2149,2010-06-20,president_a,PL61,Kujawsko-pomorskie,2,Napieralski,743655
2150,2010-06-20,president_a,PL61,Kujawsko-pomorskie,2,Olechowski,57370
2151,2010-06-20,president_a,PL61,Kujawsko-pomorskie,2,Pawlak,84340
2152,2010-06-20,president_a,PL61,Kujawsko-pomorskie,2,Zietek,7925
2153,2010-06-20,president_a,PL62,Warmińsko-mazurskie,0,eligible_voters,3448149
2154,2010-06-20,president_a,PL62,Warmińsko-mazurskie,1,issued_ballots,1688574
2155,2010-06-20,president_a,PL62,Warmińsko-mazurskie,2,Jurek,13386
2156,2010-06-20,president_a,PL62,Warmińsko-mazurskie,2,Kaczynski,473676
2157,2010-06-20,president_a,PL62,Warmińsko-mazurskie,2,Komorowski,801549
2158,2010-06-20,president_a,PL62,Warmińsko-mazurskie,2,KorwinMikke,38529
2159,2010-06-20,president_a,PL62,Warmińsko-mazurskie,2,Lepper,30711
2160,2010-06-20,president_a,PL62,Warmińsko-mazurskie,2,Morawiecki,2052
2161,2010-06-20,president_a,PL62,Warmińsko-mazurskie,2,Napieralski,258246
2162,2010-06-20,president_a,PL62,Warmińsko-mazurskie,2,Olechowski,22809
2163,2010-06-20,president_a,PL62,Warmińsko-mazurskie,2,Pawlak,29982
2164,2010-06-20,president_a,PL62,Warmińsko-mazurskie,2,Zietek,2904
2165,2010-06-20,president_a,PL63,Pomorskie,0,eligible_voters,8840760
2166,2010-06-20,president_a,PL63,Pomorskie,1,issued_ballots,5113465
2167,2010-06-20,president_a,PL63,Pomorskie,2,Jurek,49325
2168,2010-06-20,president_a,PL63,Pomorskie,2,Kaczynski,1441565
2169,2010-06-20,president_a,PL63,Pomorskie,2,Komorowski,2672205
2170,2010-06-20,president_a,PL63,Pomorskie,2,KorwinMikke,123565
2171,2010-06-20,president_a,PL63,Pomorskie,2,Lepper,60600
2172,2010-06-20,president_a,PL63,Pomorskie,2,Morawiecki,6170
2173,2010-06-20,president_a,PL63,Pomorskie,2,Napieralski,575800
2174,2010-06-20,president_a,PL63,Pomorskie,2,Olechowski,86630
2175,2010-06-20,president_a,PL63,Pomorskie,2,Pawlak,51920
2176,2010-06-20,president_a,PL63,Pomorskie,2,Zietek,6585
2177,2010-06-20,president_a,PL71,Łódzkie,0,eligible_voters,10315735
2178,2010-06-20,president_a,PL71,Łódzkie,1,issued_ballots,5749395
2179,2010-06-20,president_a,PL71,Łódzkie,2,Jurek,44835
2180,2010-06-20,president_a,PL71,Łódzkie,2,Kaczynski,2267460
2181,2010-06-20,president_a,PL71,Łódzkie,2,Komorowski,2059890
2182,2010-06-20,president_a,PL71,Łódzkie,2,KorwinMikke,142460
2183,2010-06-20,president_a,PL71,Łódzkie,2,Lepper,86120
2184,2010-06-20,president_a,PL71,Łódzkie,2,Morawiecki,7035
2185,2010-06-20,president_a,PL71,Łódzkie,2,Napieralski,883820
2186,2010-06-20,president_a,PL71,Łódzkie,2,Olechowski,78505
2187,2010-06-20,president_a,PL71,Łódzkie,2,Pawlak,124710
2188,2010-06-20,president_a,PL71,Łódzkie,2,Zietek,10120
2189,2010-06-20,president_a,PL72,Świętokrzyskie,0,eligible_voters,2093840
2190,2010-06-20,president_a,PL72,Świętokrzyskie,1,issued_ballots,1036368
2191,2010-06-20,president_a,PL72,Świętokrzyskie,2,Jurek,7486
2192,2010-06-20,president_a,PL72,Świętokrzyskie,2,Kaczynski,457768
2193,2010-06-20,president_a,PL72,Świętokrzyskie,2,Komorowski,303890
2194,2010-06-20,president_a,PL72,Świętokrzyskie,2,KorwinMikke,22376
2195,2010-06-20,president_a,PL72,Świętokrzyskie,2,Lepper,15882
2196,2010-06-20,president_a,PL72,Świętokrzyskie,2,Morawiecki,1214
2197,2010-06-20,president_a,PL72,Świętokrzyskie,2,Napieralski,171814
2198,2010-06-20,president_a,PL72,Świętokrzyskie,2,Olechowski,11800
2199,2010-06-20,president_a,PL72,Świętokrzyskie,2,Pawlak,34616
2200,2010-06-20,president_a,PL72,Świętokrzyskie,2,Zietek,1980
2201,2010-06-20,president_a,PL81,Lubelskie,0,eligible_voters,7012988
2202,2010-06-20,president_a,PL81,Lubelskie,1,issued_ballots,3660568
2203,2010-06-20,president_a,PL81,Lubelskie,2,Jurek,42748
2204,2010-06-20,president_a,PL81,Lubelskie,2,Kaczynski,1772476
2205,2010-06-20,president_a,PL81,Lubelskie,2,Komorowski,1005148
2206,2010-06-20,president_a,PL81,Lubelskie,2,KorwinMikke,87964
2207,2010-06-20,president_a,PL81,Lubelskie,2,Lepper,78860
2208,2010-06-20,president_a,PL81,Lubelskie,2,Morawiecki,4804
2209,2010-06-20,president_a,PL81,Lubelskie,2,Napieralski,464608
2210,2010-06-20,president_a,PL81,Lubelskie,2,Olechowski,45524
2211,2010-06-20,president_a,PL81,Lubelskie,2,Pawlak,126144
2212,2010-06-20,president_a,PL81,Lubelskie,2,Zietek,7180
2213,2010-06-20,president_a,PL82,Podkarpackie,0,eligible_voters,6741040
2214,2010-06-20,president_a,PL82,Podkarpackie,1,issued_ballots,3626396
2215,2010-06-20,president_a,PL82,Podkarpackie,2,Jurek,56588
2216,2010-06-20,president_a,PL82,Podkarpackie,2,Kaczynski,1948824
2217,2010-06-20,president_a,PL82,Podkarpackie,2,Komorowski,961764
2218,2010-06-20,president_a,PL82,Podkarpackie,2,KorwinMikke,85092
2219,2010-06-20,president_a,PL82,Podkarpackie,2,Lepper,43832
2220,2010-06-20,president_a,PL82,Podkarpackie,2,Morawiecki,4064
2221,2010-06-20,president_a,PL82,Podkarpackie,2,Napieralski,380892
2222,2010-06-20,president_a,PL82,Podkarpackie,2,Olechowski,38508
2223,2010-06-20,president_a,PL82,Podkarpackie,2,Pawlak,77752
2224,2010-06-20,president_a,PL82,Podkarpackie,2,Zietek,5520
2225,2010-06-20,president_a,PL84,Podlaskie,0,eligible_voters,2879511
2226,2010-06-20,president_a,PL84,Podlaskie,1,issued_ballots,1487568
2227,2010-06-20,president_a,PL84,Podlaskie,2,Jurek,16047
2228,2010-06-20,president_a,PL84,Podlaskie,2,Kaczynski,643014
2229,2010-06-20,president_a,PL84,Podlaskie,2,Komorowski,536325
2230,2010-06-20,president_a,PL84,Podlaskie,2,KorwinMikke,32724
2231,2010-06-20,president_a,PL84,Podlaskie,2,Lepper,24726
2232,2010-06-20,president_a,PL84,Podlaskie,2,Morawiecki,1212
2233,2010-06-20,president_a,PL84,Podlaskie,2,Napieralski,171699
2234,2010-06-20,president_a,PL84,Podlaskie,2,Olechowski,16053
2235,2010-06-20,president_a,PL84,Podlaskie,2,Pawlak,33237
2236,2010-06-20,president_a,PL84,Podlaskie,2,Zietek,1818
2237,2010-06-20,president_a,PL91,Warszawski stołeczny,0,eligible_voters,6752292
2238,2010-06-20,president_a,PL91,Warszawski stołeczny,1,issued_ballots,4479675
2239,2010-06-20,president_a,PL91,Warszawski stołeczny,2,Jurek,53742
2240,2010-06-20,president_a,PL91,Warszawski stołeczny,2,Kaczynski,1510116
2241,2010-06-20,president_a,PL91,Warszawski stołeczny,2,Komorowski,2112261
2242,2010-06-20,president_a,PL91,Warszawski stołeczny,2,KorwinMikke,133734
2243,2010-06-20,president_a,PL91,Warszawski stołeczny,2,Lepper,20187
2244,2010-06-20,president_a,PL91,Warszawski stołeczny,2,Morawiecki,5409
2245,2010-06-20,president_a,PL91,Warszawski stołeczny,2,Napieralski,479055
2246,2010-06-20,president_a,PL91,Warszawski stołeczny,2,Olechowski,83868
2247,2010-06-20,president_a,PL91,Warszawski stołeczny,2,Pawlak,42372
2248,2010-06-20,president_a,PL91,Warszawski stołeczny,2,Zietek,6390
2249,2010-06-20,president_a,PL92,Mazowiecki regionalny,0,eligible_voters,11397366
2250,2010-06-20,president_a,PL92,Mazowiecki regionalny,1,issued_ballots,6004386
2251,2010-06-20,president_a,PL92,Mazowiecki regionalny,2,Jurek,60606
2252,2010-06-20,president_a,PL92,Mazowiecki regionalny,2,Kaczynski,3031476
2253,2010-06-20,president_a,PL92,Mazowiecki regionalny,2,Komorowski,1588830
2254,2010-06-20,president_a,PL92,Mazowiecki regionalny,2,KorwinMikke,110346
2255,2010-06-20,president_a,PL92,Mazowiecki regionalny,2,Lepper,95994
2256,2010-06-20,president_a,PL92,Mazowiecki regionalny,2,Morawiecki,6096
2257,2010-06-20,president_a,PL92,Mazowiecki regionalny,2,Napieralski,782946
2258,2010-06-20,president_a,PL92,Mazowiecki regionalny,2,Olechowski,63432
2259,2010-06-20,president_a,PL92,Mazowiecki regionalny,2,Pawlak,208914
2260,2010-06-20,president_a,PL92,Mazowiecki regionalny,2,Zietek,8868
2261,2010-07-04,president_b,PL21,Małopolskie,0,eligible_voters,15716988
2262,2010-07-04,president_b,PL21,Małopolskie,1,issued_ballots,9276870
2263,2010-07-04,president_b,PL21,Małopolskie,2,Kaczynski,5153034
2264,2010-07-04,president_b,PL21,Małopolskie,2,Komorowski,4028676
2265,2010-07-04,president_b,PL22,Śląskie,0,eligible_voters,29540376
2266,2010-07-04,president_b,PL22,Śląskie,1,issued_ballots,16036664
2267,2010-07-04,president_b,PL22,Śląskie,2,Kaczynski,6751000
2268,2010-07-04,president_b,PL22,Śląskie,2,Komorowski,9095400
2269,2010-07-04,president_b,PL41,Wielkopolskie,0,eligible_voters,16083534
2270,2010-07-04,president_b,PL41,Wielkopolskie,1,issued_ballots,8738424
2271,2010-07-04,president_b,PL41,Wielkopolskie,2,Kaczynski,3402822
2272,2010-07-04,president_b,PL41,Wielkopolskie,2,Komorowski,5222934
2273,2010-07-04,president_b,PL42,Zachodniopomorskie,0,eligible_voters,5614136
2274,2010-07-04,president_b,PL42,Zachodniopomorskie,1,issued_ballots,2934852
2275,2010-07-04,president_b,PL42,Zachodniopomorskie,2,Kaczynski,978580
2276,2010-07-04,president_b,PL42,Zachodniopomorskie,2,Komorowski,1921428
2277,2010-07-04,president_b,PL43,Lubuskie,0,eligible_voters,1610028
2278,2010-07-04,president_b,PL43,Lubuskie,1,issued_ballots,796110
2279,2010-07-04,president_b,PL43,Lubuskie,2,Kaczynski,261964
2280,2010-07-04,president_b,PL43,Lubuskie,2,Komorowski,524806
2281,2010-07-04,president_b,PL51,Dolnośląskie,0,eligible_voters,11617795
2282,2010-07-04,president_b,PL51,Dolnośląskie,1,issued_ballots,6136870
2283,2010-07-04,president_b,PL51,Dolnośląskie,2,Kaczynski,2421270
2284,2010-07-04,president_b,PL51,Dolnośląskie,2,Komorowski,3643800
2285,2010-07-04,president_b,PL52,Opolskie,0,eligible_voters,1655106
2286,2010-07-04,president_b,PL52,Opolskie,1,issued_ballots,772432
2287,2010-07-04,president_b,PL52,Opolskie,2,Kaczynski,270008
2288,2010-07-04,president_b,PL52,Opolskie,2,Komorowski,493052
2289,2010-07-04,president_b,PL61,Kujawsko-pomorskie,0,eligible_voters,8215635
2290,2010-07-04,president_b,PL61,Kujawsko-pomorskie,1,issued_ballots,4217000
2291,2010-07-04,president_b,PL61,Kujawsko-pomorskie,2,Kaczynski,1640930
2292,2010-07-04,president_b,PL61,Kujawsko-pomorskie,2,Komorowski,2523990
2293,2010-07-04,president_b,PL62,Warmińsko-mazurskie,0,eligible_voters,3485136
2294,2010-07-04,president_b,PL62,Warmińsko-mazurskie,1,issued_ballots,1733364
2295,2010-07-04,president_b,PL62,Warmińsko-mazurskie,2,Kaczynski,645192
2296,2010-07-04,president_b,PL62,Warmińsko-mazurskie,2,Komorowski,1066017
2297,2010-07-04,president_b,PL63,Pomorskie,0,eligible_voters,9106790
2298,2010-07-04,president_b,PL63,Pomorskie,1,issued_ballots,5342500
2299,2010-07-04,president_b,PL63,Pomorskie,2,Kaczynski,1863060
2300,2010-07-04,president_b,PL63,Pomorskie,2,Komorowski,3417220
2301,2010-07-04,president_b,PL71,Łódzkie,0,eligible_voters,10227955
2302,2010-07-04,president_b,PL71,Łódzkie,1,issued_ballots,5727260
2303,2010-07-04,president_b,PL71,Łódzkie,2,Kaczynski,2977350
2304,2010-07-04,president_b,PL71,Łódzkie,2,Komorowski,2675975
2305,2010-07-04,president_b,PL72,Świętokrzyskie,0,eligible_voters,2092518
2306,2010-07-04,president_b,PL72,Świętokrzyskie,1,issued_ballots,1105578
2307,2010-07-04,president_b,PL72,Świętokrzyskie,2,Kaczynski,650686
2308,2010-07-04,president_b,PL72,Świętokrzyskie,2,Komorowski,441842
2309,2010-07-04,president_b,PL81,Lubelskie,0,eligible_voters,7002380
2310,2010-07-04,president_b,PL81,Lubelskie,1,issued_ballots,3830520
2311,2010-07-04,president_b,PL81,Lubelskie,2,Kaczynski,2380924
2312,2010-07-04,president_b,PL81,Lubelskie,2,Komorowski,1407128
2313,2010-07-04,president_b,PL82,Podkarpackie,0,eligible_voters,6742668
2314,2010-07-04,president_b,PL82,Podkarpackie,1,issued_ballots,3769700
2315,2010-07-04,president_b,PL82,Podkarpackie,2,Kaczynski,2432484
2316,2010-07-04,president_b,PL82,Podkarpackie,2,Komorowski,1298864
2317,2010-07-04,president_b,PL84,Podlaskie,0,eligible_voters,2881110
2318,2010-07-04,president_b,PL84,Podlaskie,1,issued_ballots,1579362
2319,2010-07-04,president_b,PL84,Podlaskie,2,Kaczynski,815601
2320,2010-07-04,president_b,PL84,Podlaskie,2,Komorowski,746529
2321,2010-07-04,president_b,PL91,Warszawski stołeczny,0,eligible_voters,6573993
2322,2010-07-04,president_b,PL91,Warszawski stołeczny,1,issued_ballots,4286238
2323,2010-07-04,president_b,PL91,Warszawski stołeczny,2,Kaczynski,1772640
2324,2010-07-04,president_b,PL91,Warszawski stołeczny,2,Komorowski,2456778
2325,2010-07-04,president_b,PL92,Mazowiecki regionalny,0,eligible_voters,11390106
2326,2010-07-04,president_b,PL92,Mazowiecki regionalny,1,issued_ballots,6331002
2327,2010-07-04,president_b,PL92,Mazowiecki regionalny,2,Kaczynski,4029360
2328,2010-07-04,president_b,PL92,Mazowiecki regionalny,2,Komorowski,2227494
2329,2011-10-09,parliament,PL21,Małopolskie,0,eligible_voters,15723228
2330,2011-10-09,parliament,PL21,Małopolskie,1,issued_ballots,8057868
2331,2011-10-09,parliament,PL21,Małopolskie,2,MN,0
2332,2011-10-09,parliament,PL21,Małopolskie,2,NP,130368
2333,2011-10-09,parliament,PL21,Małopolskie,2,PIS,3027270
2334,2011-10-09,parliament,PL21,Małopolskie,2,PJN,190524
2335,2011-10-09,parliament,PL21,Małopolskie,2,PO,2790492
2336,2011-10-09,parliament,PL21,Małopolskie,2,PPP,35154
2337,2011-10-09,parliament,PL21,Małopolskie,2,PRAWICA,36594
2338,2011-10-09,parliament,PL21,Małopolskie,2,PSL,491208
2339,2011-10-09,parliament,PL21,Małopolskie,2,RP,577530
2340,2011-10-09,parliament,PL21,Małopolskie,2,SAMOOBRONA,0
2341,2011-10-09,parliament,PL21,Małopolskie,2,SLD,417330
2342,2011-10-09,parliament,PL22,Śląskie,0,eligible_voters,29743528
2343,2011-10-09,parliament,PL22,Śląskie,1,issued_ballots,14737528
2344,2011-10-09,parliament,PL22,Śląskie,2,MN,0
2345,2011-10-09,parliament,PL22,Śląskie,2,NP,150344
2346,2011-10-09,parliament,PL22,Śląskie,2,PIS,3671992
2347,2011-10-09,parliament,PL22,Śląskie,2,PJN,384496
2348,2011-10-09,parliament,PL22,Śląskie,2,PO,6274520
2349,2011-10-09,parliament,PL22,Śląskie,2,PPP,108096
2350,2011-10-09,parliament,PL22,Śląskie,2,PRAWICA,45024
2351,2011-10-09,parliament,PL22,Śląskie,2,PSL,700664
2352,2011-10-09,parliament,PL22,Śląskie,2,RP,1591192
2353,2011-10-09,parliament,PL22,Śląskie,2,SAMOOBRONA,0
2354,2011-10-09,parliament,PL22,Śląskie,2,SLD,1187456
2355,2011-10-09,parliament,PL41,Wielkopolskie,0,eligible_voters,16262694
2356,2011-10-09,parliament,PL41,Wielkopolskie,1,issued_ballots,8013720
2357,2011-10-09,parliament,PL41,Wielkopolskie,2,MN,0
2358,2011-10-09,parliament,PL41,Wielkopolskie,2,NP,63852
2359,2011-10-09,parliament,PL41,Wielkopolskie,2,PIS,1684224
2360,2011-10-09,parliament,PL41,Wielkopolskie,2,PJN,146484
2361,2011-10-09,parliament,PL41,Wielkopolskie,2,PO,3240198
2362,2011-10-09,parliament,PL41,Wielkopolskie,2,PPP,41316
2363,2011-10-09,parliament,PL41,Wielkopolskie,2,PRAWICA,6258
2364,2011-10-09,parliament,PL41,Wielkopolskie,2,PSL,720120
2365,2011-10-09,parliament,PL41,Wielkopolskie,2,RP,833916
2366,2011-10-09,parliament,PL41,Wielkopolskie,2,SAMOOBRONA,0
2367,2011-10-09,parliament,PL41,Wielkopolskie,2,SLD,827646
2368,2011-10-09,parliament,PL42,Zachodniopomorskie,0,eligible_voters,5434748
2369,2011-10-09,parliament,PL42,Zachodniopomorskie,1,issued_ballots,2518960
2370,2011-10-09,parliament,PL42,Zachodniopomorskie,2,MN,0
2371,2011-10-09,parliament,PL42,Zachodniopomorskie,2,NP,25160
2372,2011-10-09,parliament,PL42,Zachodniopomorskie,2,PIS,512348
2373,2011-10-09,parliament,PL42,Zachodniopomorskie,2,PJN,42812
2374,2011-10-09,parliament,PL42,Zachodniopomorskie,2,PO,1110520
2375,2011-10-09,parliament,PL42,Zachodniopomorskie,2,PPP,13324
2376,2011-10-09,parliament,PL42,Zachodniopomorskie,2,PRAWICA,5516
2377,2011-10-09,parliament,PL42,Zachodniopomorskie,2,PSL,121204
2378,2011-10-09,parliament,PL42,Zachodniopomorskie,2,RP,286772
2379,2011-10-09,parliament,PL42,Zachodniopomorskie,2,SAMOOBRONA,0
2380,2011-10-09,parliament,PL42,Zachodniopomorskie,2,SLD,266556
2381,2011-10-09,parliament,PL43,Lubuskie,0,eligible_voters,1616028
2382,2011-10-09,parliament,PL43,Lubuskie,1,issued_ballots,707058
2383,2011-10-09,parliament,PL43,Lubuskie,2,MN,0
2384,2011-10-09,parliament,PL43,Lubuskie,2,NP,11076
2385,2011-10-09,parliament,PL43,Lubuskie,2,PIS,144604
2386,2011-10-09,parliament,PL43,Lubuskie,2,PJN,10586
2387,2011-10-09,parliament,PL43,Lubuskie,2,PO,297940
2388,2011-10-09,parliament,PL43,Lubuskie,2,PPP,3440
2389,2011-10-09,parliament,PL43,Lubuskie,2,PRAWICA,0
2390,2011-10-09,parliament,PL43,Lubuskie,2,PSL,51150
2391,2011-10-09,parliament,PL43,Lubuskie,2,RP,77916
2392,2011-10-09,parliament,PL43,Lubuskie,2,SAMOOBRONA,0
2393,2011-10-09,parliament,PL43,Lubuskie,2,SLD,68600
2394,2011-10-09,parliament,PL51,Dolnośląskie,0,eligible_voters,11699750
2395,2011-10-09,parliament,PL51,Dolnośląskie,1,issued_ballots,5586240
2396,2011-10-09,parliament,PL51,Dolnośląskie,2,MN,0
2397,2011-10-09,parliament,PL51,Dolnośląskie,2,NP,58425
2398,2011-10-09,parliament,PL51,Dolnośląskie,2,PIS,1384295
2399,2011-10-09,parliament,PL51,Dolnośląskie,2,PJN,93355
2400,2011-10-09,parliament,PL51,Dolnośląskie,2,PO,2449600
2401,2011-10-09,parliament,PL51,Dolnośląskie,2,PPP,30835
2402,2011-10-09,parliament,PL51,Dolnośląskie,2,PRAWICA,0
2403,2011-10-09,parliament,PL51,Dolnośląskie,2,PSL,268815
2404,2011-10-09,parliament,PL51,Dolnośląskie,2,RP,581890
2405,2011-10-09,parliament,PL51,Dolnośląskie,2,SAMOOBRONA,0
2406,2011-10-09,parliament,PL51,Dolnośląskie,2,SLD,463780
2407,2011-10-09,parliament,PL52,Opolskie,0,eligible_voters,1655182
2408,2011-10-09,parliament,PL52,Opolskie,1,issued_ballots,677928
2409,2011-10-09,parliament,PL52,Opolskie,2,MN,56028
2410,2011-10-09,parliament,PL52,Opolskie,2,NP,0
2411,2011-10-09,parliament,PL52,Opolskie,2,PIS,131478
2412,2011-10-09,parliament,PL52,Opolskie,2,PJN,14242
2413,2011-10-09,parliament,PL52,Opolskie,2,PO,281282
2414,2011-10-09,parliament,PL52,Opolskie,2,PPP,3452
2415,2011-10-09,parliament,PL52,Opolskie,2,PRAWICA,3934
2416,2011-10-09,parliament,PL52,Opolskie,2,PSL,37632
2417,2011-10-09,parliament,PL52,Opolskie,2,RP,61838
2418,2011-10-09,parliament,PL52,Opolskie,2,SAMOOBRONA,0
2419,2011-10-09,parliament,PL52,Opolskie,2,SLD,49446
2420,2011-10-09,parliament,PL61,Kujawsko-pomorskie,0,eligible_voters,8268730
2421,2011-10-09,parliament,PL61,Kujawsko-pomorskie,1,issued_ballots,3791745
2422,2011-10-09,parliament,PL61,Kujawsko-pomorskie,2,MN,0
2423,2011-10-09,parliament,PL61,Kujawsko-pomorskie,2,NP,56710
2424,2011-10-09,parliament,PL61,Kujawsko-pomorskie,2,PIS,858405
2425,2011-10-09,parliament,PL61,Kujawsko-pomorskie,2,PJN,64080
2426,2011-10-09,parliament,PL61,Kujawsko-pomorskie,2,PO,1498095
2427,2011-10-09,parliament,PL61,Kujawsko-pomorskie,2,PPP,22185
2428,2011-10-09,parliament,PL61,Kujawsko-pomorskie,2,PRAWICA,0
2429,2011-10-09,parliament,PL61,Kujawsko-pomorskie,2,PSL,319760
2430,2011-10-09,parliament,PL61,Kujawsko-pomorskie,2,RP,410940
2431,2011-10-09,parliament,PL61,Kujawsko-pomorskie,2,SAMOOBRONA,0
2432,2011-10-09,parliament,PL61,Kujawsko-pomorskie,2,SLD,366270
2433,2011-10-09,parliament,PL62,Warmińsko-mazurskie,0,eligible_voters,3440184
2434,2011-10-09,parliament,PL62,Warmińsko-mazurskie,1,issued_ballots,1459842
2435,2011-10-09,parliament,PL62,Warmińsko-mazurskie,2,MN,0
2436,2011-10-09,parliament,PL62,Warmińsko-mazurskie,2,NP,0
2437,2011-10-09,parliament,PL62,Warmińsko-mazurskie,2,PIS,316197
2438,2011-10-09,parliament,PL62,Warmińsko-mazurskie,2,PJN,26118
2439,2011-10-09,parliament,PL62,Warmińsko-mazurskie,2,PO,574278
2440,2011-10-09,parliament,PL62,Warmińsko-mazurskie,2,PPP,8949
2441,2011-10-09,parliament,PL62,Warmińsko-mazurskie,2,PRAWICA,5220
2442,2011-10-09,parliament,PL62,Warmińsko-mazurskie,2,PSL,163749
2443,2011-10-09,parliament,PL62,Warmińsko-mazurskie,2,RP,155343
2444,2011-10-09,parliament,PL62,Warmińsko-mazurskie,2,SAMOOBRONA,2889
2445,2011-10-09,parliament,PL62,Warmińsko-mazurskie,2,SLD,114333
2446,2011-10-09,parliament,PL63,Pomorskie,0,eligible_voters,8796125
2447,2011-10-09,parliament,PL63,Pomorskie,1,issued_ballots,4553340
2448,2011-10-09,parliament,PL63,Pomorskie,2,MN,0
2449,2011-10-09,parliament,PL63,Pomorskie,2,NP,0
2450,2011-10-09,parliament,PL63,Pomorskie,2,PIS,1078780
2451,2011-10-09,parliament,PL63,Pomorskie,2,PJN,105010
2452,2011-10-09,parliament,PL63,Pomorskie,2,PO,2196585
2453,2011-10-09,parliament,PL63,Pomorskie,2,PPP,22915
2454,2011-10-09,parliament,PL63,Pomorskie,2,PRAWICA,0
2455,2011-10-09,parliament,PL63,Pomorskie,2,PSL,223975
2456,2011-10-09,parliament,PL63,Pomorskie,2,RP,404280
2457,2011-10-09,parliament,PL63,Pomorskie,2,SAMOOBRONA,5130
2458,2011-10-09,parliament,PL63,Pomorskie,2,SLD,308650
2459,2011-10-09,parliament,PL71,Łódzkie,0,eligible_voters,10279910
2460,2011-10-09,parliament,PL71,Łódzkie,1,issued_ballots,5050050
2461,2011-10-09,parliament,PL71,Łódzkie,2,MN,0
2462,2011-10-09,parliament,PL71,Łódzkie,2,NP,67435
2463,2011-10-09,parliament,PL71,Łódzkie,2,PIS,1516175
2464,2011-10-09,parliament,PL71,Łódzkie,2,PJN,83435
2465,2011-10-09,parliament,PL71,Łódzkie,2,PO,1726200
2466,2011-10-09,parliament,PL71,Łódzkie,2,PPP,27140
2467,2011-10-09,parliament,PL71,Łódzkie,2,PRAWICA,16030
2468,2011-10-09,parliament,PL71,Łódzkie,2,PSL,436050
2469,2011-10-09,parliament,PL71,Łódzkie,2,RP,489185
2470,2011-10-09,parliament,PL71,Łódzkie,2,SAMOOBRONA,9890
2471,2011-10-09,parliament,PL71,Łódzkie,2,SLD,444950
2472,2011-10-09,parliament,PL72,Świętokrzyskie,0,eligible_voters,2091896
2473,2011-10-09,parliament,PL72,Świętokrzyskie,1,issued_ballots,916402
2474,2011-10-09,parliament,PL72,Świętokrzyskie,2,MN,0
2475,2011-10-09,parliament,PL72,Świętokrzyskie,2,NP,13508
2476,2011-10-09,parliament,PL72,Świętokrzyskie,2,PIS,276078
2477,2011-10-09,parliament,PL72,Świętokrzyskie,2,PJN,13964
2478,2011-10-09,parliament,PL72,Świętokrzyskie,2,PO,219832
2479,2011-10-09,parliament,PL72,Świętokrzyskie,2,PPP,5056
2480,2011-10-09,parliament,PL72,Świętokrzyskie,2,PRAWICA,2812
2481,2011-10-09,parliament,PL72,Świętokrzyskie,2,PSL,171180
2482,2011-10-09,parliament,PL72,Świętokrzyskie,2,RP,76662
2483,2011-10-09,parliament,PL72,Świętokrzyskie,2,SAMOOBRONA,2524
2484,2011-10-09,parliament,PL72,Świętokrzyskie,2,SLD,84192
2485,2011-10-09,parliament,PL81,Lubelskie,0,eligible_voters,7011096
2486,2011-10-09,parliament,PL81,Lubelskie,1,issued_ballots,3259204
2487,2011-10-09,parliament,PL81,Lubelskie,2,MN,0
2488,2011-10-09,parliament,PL81,Lubelskie,2,NP,35116
2489,2011-10-09,parliament,PL81,Lubelskie,2,PIS,1206508
2490,2011-10-09,parliament,PL81,Lubelskie,2,PJN,75264
2491,2011-10-09,parliament,PL81,Lubelskie,2,PO,717028
2492,2011-10-09,parliament,PL81,Lubelskie,2,PPP,16324
2493,2011-10-09,parliament,PL81,Lubelskie,2,PRAWICA,7276
2494,2011-10-09,parliament,PL81,Lubelskie,2,PSL,461952
2495,2011-10-09,parliament,PL81,Lubelskie,2,RP,369740
2496,2011-10-09,parliament,PL81,Lubelskie,2,SAMOOBRONA,5880
2497,2011-10-09,parliament,PL81,Lubelskie,2,SLD,217248
2498,2011-10-09,parliament,PL82,Podkarpackie,0,eligible_voters,6765588
2499,2011-10-09,parliament,PL82,Podkarpackie,1,issued_ballots,3171476
2500,2011-10-09,parliament,PL82,Podkarpackie,2,MN,0
2501,2011-10-09,parliament,PL82,Podkarpackie,2,NP,51028
2502,2011-10-09,parliament,PL82,Podkarpackie,2,PIS,1411796
2503,2011-10-09,parliament,PL82,Podkarpackie,2,PJN,51520
2504,2011-10-09,parliament,PL82,Podkarpackie,2,PO,749096
2505,2011-10-09,parliament,PL82,Podkarpackie,2,PPP,10236
2506,2011-10-09,parliament,PL82,Podkarpackie,2,PRAWICA,15004
2507,2011-10-09,parliament,PL82,Podkarpackie,2,PSL,342136
2508,2011-10-09,parliament,PL82,Podkarpackie,2,RP,207048
2509,2011-10-09,parliament,PL82,Podkarpackie,2,SAMOOBRONA,7316
2510,2011-10-09,parliament,PL82,Podkarpackie,2,SLD,176224
2511,2011-10-09,parliament,PL84,Podlaskie,0,eligible_voters,2876568
2512,2011-10-09,parliament,PL84,Podlaskie,1,issued_ballots,1340997
2513,2011-10-09,parliament,PL84,Podlaskie,2,MN,0
2514,2011-10-09,parliament,PL84,Podlaskie,2,NP,20460
2515,2011-10-09,parliament,PL84,Podlaskie,2,PIS,475716
2516,2011-10-09,parliament,PL84,Podlaskie,2,PJN,28848
2517,2011-10-09,parliament,PL84,Podlaskie,2,PO,381672
2518,2011-10-09,parliament,PL84,Podlaskie,2,PPP,5007
2519,2011-10-09,parliament,PL84,Podlaskie,2,PRAWICA,3837
2520,2011-10-09,parliament,PL84,Podlaskie,2,PSL,142014
2521,2011-10-09,parliament,PL84,Podlaskie,2,RP,103191
2522,2011-10-09,parliament,PL84,Podlaskie,2,SAMOOBRONA,3615
2523,2011-10-09,parliament,PL84,Podlaskie,2,SLD,121809
2524,2011-10-09,parliament,PL91,Warszawski stołeczny,0,eligible_voters,6818139
2525,2011-10-09,parliament,PL91,Warszawski stołeczny,1,issued_ballots,4335393
2526,2011-10-09,parliament,PL91,Warszawski stołeczny,2,MN,0
2527,2011-10-09,parliament,PL91,Warszawski stołeczny,2,NP,38313
2528,2011-10-09,parliament,PL91,Warszawski stołeczny,2,PIS,1215624
2529,2011-10-09,parliament,PL91,Warszawski stołeczny,2,PJN,126525
2530,2011-10-09,parliament,PL91,Warszawski stołeczny,2,PO,1932075
2531,2011-10-09,parliament,PL91,Warszawski stołeczny,2,PPP,18315
2532,2011-10-09,parliament,PL91,Warszawski stołeczny,2,PRAWICA,5544
2533,2011-10-09,parliament,PL91,Warszawski stołeczny,2,PSL,162693
2534,2011-10-09,parliament,PL91,Warszawski stołeczny,2,RP,422100
2535,2011-10-09,parliament,PL91,Warszawski stołeczny,2,SAMOOBRONA,0
2536,2011-10-09,parliament,PL91,Warszawski stołeczny,2,SLD,299025
2537,2011-10-09,parliament,PL92,Mazowiecki regionalny,0,eligible_voters,11417142
2538,2011-10-09,parliament,PL92,Mazowiecki regionalny,1,issued_ballots,5193588
2539,2011-10-09,parliament,PL92,Mazowiecki regionalny,2,MN,0
2540,2011-10-09,parliament,PL92,Mazowiecki regionalny,2,NP,26706
2541,2011-10-09,parliament,PL92,Mazowiecki regionalny,2,PIS,1898832
2542,2011-10-09,parliament,PL92,Mazowiecki regionalny,2,PJN,105714
2543,2011-10-09,parliament,PL92,Mazowiecki regionalny,2,PO,1218744
2544,2011-10-09,parliament,PL92,Mazowiecki regionalny,2,PPP,31710
2545,2011-10-09,parliament,PL92,Mazowiecki regionalny,2,PRAWICA,24024
2546,2011-10-09,parliament,PL92,Mazowiecki regionalny,2,PSL,858720
2547,2011-10-09,parliament,PL92,Mazowiecki regionalny,2,RP,385032
2548,2011-10-09,parliament,PL92,Mazowiecki regionalny,2,SAMOOBRONA,0
2549,2011-10-09,parliament,PL92,Mazowiecki regionalny,2,SLD,373974
2550,2014-05-25,european,PL21,Małopolskie,0,eligible_voters,15867444
2551,2014-05-25,european,PL21,Małopolskie,1,issued_ballots,4380258
2552,2014-05-25,european,PL21,Małopolskie,2,DB,23394
2553,2014-05-25,european,PL21,Małopolskie,2,EPTR,130080
2554,2014-05-25,european,PL21,Małopolskie,2,GOWIN,292284
2555,2014-05-25,european,PL21,Małopolskie,2,NP,350172
2556,2014-05-25,european,PL21,Małopolskie,2,PIS,1448106
2557,2014-05-25,european,PL21,Małopolskie,2,PO,1117230
2558,2014-05-25,european,PL21,Małopolskie,2,PSL,165762
2559,2014-05-25,european,PL21,Małopolskie,2,RN,52296
2560,2014-05-25,european,PL21,Małopolskie,2,SAMOOBRONA,0
2561,2014-05-25,european,PL21,Małopolskie,2,SLDUP,243474
2562,2014-05-25,european,PL21,Małopolskie,2,SOLIDARNA,400890
2563,2014-05-25,european,PL21,Małopolskie,2,ZIELONI,0
2564,2014-05-25,european,PL22,Śląskie,0,eligible_voters,29389904
2565,2014-05-25,european,PL22,Śląskie,1,issued_ballots,6981120
2566,2014-05-25,european,PL22,Śląskie,2,DB,25952
2567,2014-05-25,european,PL22,Śląskie,2,EPTR,255376
2568,2014-05-25,european,PL22,Śląskie,2,GOWIN,184432
2569,2014-05-25,european,PL22,Śląskie,2,NP,588584
2570,2014-05-25,european,PL22,Śląskie,2,PIS,1876120
2571,2014-05-25,european,PL22,Śląskie,2,PO,2699824
2572,2014-05-25,european,PL22,Śląskie,2,PSL,147840
2573,2014-05-25,european,PL22,Śląskie,2,RN,75856
2574,2014-05-25,european,PL22,Śląskie,2,SAMOOBRONA,0
2575,2014-05-25,european,PL22,Śląskie,2,SLDUP,636344
2576,2014-05-25,european,PL22,Śląskie,2,SOLIDARNA,250968
2577,2014-05-25,european,PL22,Śląskie,2,ZIELONI,38056
2578,2014-05-25,european,PL41,Wielkopolskie,0,eligible_voters,16324956
2579,2014-05-25,european,PL41,Wielkopolskie,1,issued_ballots,3661074
2580,2014-05-25,european,PL41,Wielkopolskie,2,DB,0
2581,2014-05-25,european,PL41,Wielkopolskie,2,EPTR,174672
2582,2014-05-25,european,PL41,Wielkopolskie,2,GOWIN,96864
2583,2014-05-25,european,PL41,Wielkopolskie,2,NP,243240
2584,2014-05-25,european,PL41,Wielkopolskie,2,PIS,856050
2585,2014-05-25,european,PL41,Wielkopolskie,2,PO,1156806
2586,2014-05-25,european,PL41,Wielkopolskie,2,PSL,368586
2587,2014-05-25,european,PL41,Wielkopolskie,2,RN,41430
2588,2014-05-25,european,PL41,Wielkopolskie,2,SAMOOBRONA,0
2589,2014-05-25,european,PL41,Wielkopolskie,2,SLDUP,448170
2590,2014-05-25,european,PL41,Wielkopolskie,2,SOLIDARNA,124896
2591,2014-05-25,european,PL41,Wielkopolskie,2,ZIELONI,0
2592,2014-05-25,european,PL42,Zachodniopomorskie,0,eligible_voters,5411872
2593,2014-05-25,european,PL42,Zachodniopomorskie,1,issued_ballots,1141520
2594,2014-05-25,european,PL42,Zachodniopomorskie,2,DB,0
2595,2014-05-25,european,PL42,Zachodniopomorskie,2,EPTR,33256
2596,2014-05-25,european,PL42,Zachodniopomorskie,2,GOWIN,28444
2597,2014-05-25,european,PL42,Zachodniopomorskie,2,NP,75556
2598,2014-05-25,european,PL42,Zachodniopomorskie,2,PIS,280148
2599,2014-05-25,european,PL42,Zachodniopomorskie,2,PO,430996
2600,2014-05-25,european,PL42,Zachodniopomorskie,2,PSL,48880
2601,2014-05-25,european,PL42,Zachodniopomorskie,2,RN,12952
2602,2014-05-25,european,PL42,Zachodniopomorskie,2,SAMOOBRONA,0
2603,2014-05-25,european,PL42,Zachodniopomorskie,2,SLDUP,153004
2604,2014-05-25,european,PL42,Zachodniopomorskie,2,SOLIDARNA,26960
2605,2014-05-25,european,PL42,Zachodniopomorskie,2,ZIELONI,11740
2606,2014-05-25,european,PL43,Lubuskie,0,eligible_voters,1615636
2607,2014-05-25,european,PL43,Lubuskie,1,issued_ballots,311874
2608,2014-05-25,european,PL43,Lubuskie,2,DB,0
2609,2014-05-25,european,PL43,Lubuskie,2,EPTR,9200
2610,2014-05-25,european,PL43,Lubuskie,2,GOWIN,6472
2611,2014-05-25,european,PL43,Lubuskie,2,NP,20928
2612,2014-05-25,european,PL43,Lubuskie,2,PIS,77870
2613,2014-05-25,european,PL43,Lubuskie,2,PO,103660
2614,2014-05-25,european,PL43,Lubuskie,2,PSL,19176
2615,2014-05-25,european,PL43,Lubuskie,2,RN,4558
2616,2014-05-25,european,PL43,Lubuskie,2,SAMOOBRONA,0
2617,2014-05-25,european,PL43,Lubuskie,2,SLDUP,50192
2618,2014-05-25,european,PL43,Lubuskie,2,SOLIDARNA,6060
2619,2014-05-25,european,PL43,Lubuskie,2,ZIELONI,2332
2620,2014-05-25,european,PL51,Dolnośląskie,0,eligible_voters,11641805
2621,2014-05-25,european,PL51,Dolnośląskie,1,issued_ballots,2685975
2622,2014-05-25,european,PL51,Dolnośląskie,2,DB,0
2623,2014-05-25,european,PL51,Dolnośląskie,2,EPTR,84785
2624,2014-05-25,european,PL51,Dolnośląskie,2,GOWIN,62085
2625,2014-05-25,european,PL51,Dolnośląskie,2,NP,184505
2626,2014-05-25,european,PL51,Dolnośląskie,2,PIS,732190
2627,2014-05-25,european,PL51,Dolnośląskie,2,PO,978480
2628,2014-05-25,european,PL51,Dolnośląskie,2,PSL,95190
2629,2014-05-25,european,PL51,Dolnośląskie,2,RN,31950
2630,2014-05-25,european,PL51,Dolnośląskie,2,SAMOOBRONA,0
2631,2014-05-25,european,PL51,Dolnośląskie,2,SLDUP,324320
2632,2014-05-25,european,PL51,Dolnośląskie,2,SOLIDARNA,109990
2633,2014-05-25,european,PL51,Dolnośląskie,2,ZIELONI,0
2634,2014-05-25,european,PL52,Opolskie,0,eligible_voters,1638340
2635,2014-05-25,european,PL52,Opolskie,1,issued_ballots,294070
2636,2014-05-25,european,PL52,Opolskie,2,DB,0
2637,2014-05-25,european,PL52,Opolskie,2,EPTR,7878
2638,2014-05-25,european,PL52,Opolskie,2,GOWIN,7904
2639,2014-05-25,european,PL52,Opolskie,2,NP,21428
2640,2014-05-25,european,PL52,Opolskie,2,PIS,65988
2641,2014-05-25,european,PL52,Opolskie,2,PO,113634
2642,2014-05-25,european,PL52,Opolskie,2,PSL,18098
2643,2014-05-25,european,PL52,Opolskie,2,RN,3790
2644,2014-05-25,european,PL52,Opolskie,2,SAMOOBRONA,0
2645,2014-05-25,european,PL52,Opolskie,2,SLDUP,27386
2646,2014-05-25,european,PL52,Opolskie,2,SOLIDARNA,16628
2647,2014-05-25,european,PL52,Opolskie,2,ZIELONI,0
2648,2014-05-25,european,PL61,Kujawsko-pomorskie,0,eligible_voters,8240635
2649,2014-05-25,european,PL61,Kujawsko-pomorskie,1,issued_ballots,1861965
2650,2014-05-25,european,PL61,Kujawsko-pomorskie,2,DB,0
2651,2014-05-25,european,PL61,Kujawsko-pomorskie,2,EPTR,69990
2652,2014-05-25,european,PL61,Kujawsko-pomorskie,2,GOWIN,33475
2653,2014-05-25,european,PL61,Kujawsko-pomorskie,2,NP,103765
2654,2014-05-25,european,PL61,Kujawsko-pomorskie,2,PIS,483315
2655,2014-05-25,european,PL61,Kujawsko-pomorskie,2,PO,502150
2656,2014-05-25,european,PL61,Kujawsko-pomorskie,2,PSL,162535
2657,2014-05-25,european,PL61,Kujawsko-pomorskie,2,RN,19095
2658,2014-05-25,european,PL61,Kujawsko-pomorskie,2,SAMOOBRONA,0
2659,2014-05-25,european,PL61,Kujawsko-pomorskie,2,SLDUP,374165
2660,2014-05-25,european,PL61,Kujawsko-pomorskie,2,SOLIDARNA,45325
2661,2014-05-25,european,PL61,Kujawsko-pomorskie,2,ZIELONI,0
2662,2014-05-25,european,PL62,Warmińsko-mazurskie,0,eligible_voters,3447771
2663,2014-05-25,european,PL62,Warmińsko-mazurskie,1,issued_ballots,600525
2664,2014-05-25,european,PL62,Warmińsko-mazurskie,2,DB,2454
2665,2014-05-25,european,PL62,Warmińsko-mazurskie,2,EPTR,24540
2666,2014-05-25,european,PL62,Warmińsko-mazurskie,2,GOWIN,13071
2667,2014-05-25,european,PL62,Warmińsko-mazurskie,2,NP,41577
2668,2014-05-25,european,PL62,Warmińsko-mazurskie,2,PIS,159432
2669,2014-05-25,european,PL62,Warmińsko-mazurskie,2,PO,190272
2670,2014-05-25,european,PL62,Warmińsko-mazurskie,2,PSL,49701
2671,2014-05-25,european,PL62,Warmińsko-mazurskie,2,RN,8325
2672,2014-05-25,european,PL62,Warmińsko-mazurskie,2,SAMOOBRONA,2508
2673,2014-05-25,european,PL62,Warmińsko-mazurskie,2,SLDUP,69003
2674,2014-05-25,european,PL62,Warmińsko-mazurskie,2,SOLIDARNA,17208
2675,2014-05-25,european,PL62,Warmińsko-mazurskie,2,ZIELONI,0
2676,2014-05-25,european,PL63,Pomorskie,0,eligible_voters,8845510
2677,2014-05-25,european,PL63,Pomorskie,1,issued_ballots,2362380
2678,2014-05-25,european,PL63,Pomorskie,2,DB,8595
2679,2014-05-25,european,PL63,Pomorskie,2,EPTR,56725
2680,2014-05-25,european,PL63,Pomorskie,2,GOWIN,47675
2681,2014-05-25,european,PL63,Pomorskie,2,NP,151445
2682,2014-05-25,european,PL63,Pomorskie,2,PIS,587970
2683,2014-05-25,european,PL63,Pomorskie,2,PO,1094440
2684,2014-05-25,european,PL63,Pomorskie,2,PSL,74060
2685,2014-05-25,european,PL63,Pomorskie,2,RN,26665
2686,2014-05-25,european,PL63,Pomorskie,2,SAMOOBRONA,0
2687,2014-05-25,european,PL63,Pomorskie,2,SLDUP,175755
2688,2014-05-25,european,PL63,Pomorskie,2,SOLIDARNA,56625
2689,2014-05-25,european,PL63,Pomorskie,2,ZIELONI,14685
2690,2014-05-25,european,PL71,Łódzkie,0,eligible_voters,10180150
2691,2014-05-25,european,PL71,Łódzkie,1,issued_ballots,2415300
2692,2014-05-25,european,PL71,Łódzkie,2,DB,14230
2693,2014-05-25,european,PL71,Łódzkie,2,EPTR,57985
2694,2014-05-25,european,PL71,Łódzkie,2,GOWIN,56660
2695,2014-05-25,european,PL71,Łódzkie,2,NP,146010
2696,2014-05-25,european,PL71,Łódzkie,2,PIS,888270
2697,2014-05-25,european,PL71,Łódzkie,2,PO,747370
2698,2014-05-25,european,PL71,Łódzkie,2,PSL,148075
2699,2014-05-25,european,PL71,Łódzkie,2,RN,28680
2700,2014-05-25,european,PL71,Łódzkie,2,SAMOOBRONA,6060
2701,2014-05-25,european,PL71,Łódzkie,2,SLDUP,176720
2702,2014-05-25,european,PL71,Łódzkie,2,SOLIDARNA,56390
2703,2014-05-25,european,PL71,Łódzkie,2,ZIELONI,15885
2704,2014-05-25,european,PL72,Świętokrzyskie,0,eligible_voters,2084742
2705,2014-05-25,european,PL72,Świętokrzyskie,1,issued_ballots,438522
2706,2014-05-25,european,PL72,Świętokrzyskie,2,DB,1636
2707,2014-05-25,european,PL72,Świętokrzyskie,2,EPTR,11074
2708,2014-05-25,european,PL72,Świętokrzyskie,2,GOWIN,13128
2709,2014-05-25,european,PL72,Świętokrzyskie,2,NP,28062
2710,2014-05-25,european,PL72,Świętokrzyskie,2,PIS,132546
2711,2014-05-25,european,PL72,Świętokrzyskie,2,PO,92250
2712,2014-05-25,european,PL72,Świętokrzyskie,2,PSL,61828
2713,2014-05-25,european,PL72,Świętokrzyskie,2,RN,6428
2714,2014-05-25,european,PL72,Świętokrzyskie,2,SAMOOBRONA,0
2715,2014-05-25,european,PL72,Świętokrzyskie,2,SLDUP,44338
2716,2014-05-25,european,PL72,Świętokrzyskie,2,SOLIDARNA,31236
2717,2014-05-25,european,PL72,Świętokrzyskie,2,ZIELONI,0
2718,2014-05-25,european,PL81,Lubelskie,0,eligible_voters,7003968
2719,2014-05-25,european,PL81,Lubelskie,1,issued_ballots,1645376
2720,2014-05-25,european,PL81,Lubelskie,2,DB,8484
2721,2014-05-25,european,PL81,Lubelskie,2,EPTR,62880
2722,2014-05-25,european,PL81,Lubelskie,2,GOWIN,41856
2723,2014-05-25,european,PL81,Lubelskie,2,NP,109928
2724,2014-05-25,european,PL81,Lubelskie,2,PIS,658312
2725,2014-05-25,european,PL81,Lubelskie,2,PO,259556
2726,2014-05-25,european,PL81,Lubelskie,2,PSL,280220
2727,2014-05-25,european,PL81,Lubelskie,2,RN,35976
2728,2014-05-25,european,PL81,Lubelskie,2,SAMOOBRONA,0
2729,2014-05-25,european,PL81,Lubelskie,2,SLDUP,84992
2730,2014-05-25,european,PL81,Lubelskie,2,SOLIDARNA,55728
2731,2014-05-25,european,PL81,Lubelskie,2,ZIELONI,0
2732,2014-05-25,european,PL82,Podkarpackie,0,eligible_voters,6842116
2733,2014-05-25,european,PL82,Podkarpackie,1,issued_ballots,1642020
2734,2014-05-25,european,PL82,Podkarpackie,2,DB,0
2735,2014-05-25,european,PL82,Podkarpackie,2,EPTR,31304
2736,2014-05-25,european,PL82,Podkarpackie,2,GOWIN,55280
2737,2014-05-25,european,PL82,Podkarpackie,2,NP,113896
2738,2014-05-25,european,PL82,Podkarpackie,2,PIS,784988
2739,2014-05-25,european,PL82,Podkarpackie,2,PO,293524
2740,2014-05-25,european,PL82,Podkarpackie,2,PSL,115708
2741,2014-05-25,european,PL82,Podkarpackie,2,RN,28816
2742,2014-05-25,european,PL82,Podkarpackie,2,SAMOOBRONA,0
2743,2014-05-25,european,PL82,Podkarpackie,2,SLDUP,75044
2744,2014-05-25,european,PL82,Podkarpackie,2,SOLIDARNA,94048
2745,2014-05-25,european,PL82,Podkarpackie,2,ZIELONI,0
2746,2014-05-25,european,PL84,Podlaskie,0,eligible_voters,2883090
2747,2014-05-25,european,PL84,Podlaskie,1,issued_ballots,623979
2748,2014-05-25,european,PL84,Podlaskie,2,DB,2268
2749,2014-05-25,european,PL84,Podlaskie,2,EPTR,15450
2750,2014-05-25,european,PL84,Podlaskie,2,GOWIN,16959
2751,2014-05-25,european,PL84,Podlaskie,2,NP,43659
2752,2014-05-25,european,PL84,Podlaskie,2,PIS,261594
2753,2014-05-25,european,PL84,Podlaskie,2,PO,126351
2754,2014-05-25,european,PL84,Podlaskie,2,PSL,58962
2755,2014-05-25,european,PL84,Podlaskie,2,RN,11061
2756,2014-05-25,european,PL84,Podlaskie,2,SAMOOBRONA,2043
2757,2014-05-25,european,PL84,Podlaskie,2,SLDUP,55263
2758,2014-05-25,european,PL84,Podlaskie,2,SOLIDARNA,13419
2759,2014-05-25,european,PL84,Podlaskie,2,ZIELONI,0
2760,2014-05-25,european,PL91,Warszawski stołeczny,0,eligible_voters,6842241
2761,2014-05-25,european,PL91,Warszawski stołeczny,1,issued_ballots,2326977
2762,2014-05-25,european,PL91,Warszawski stołeczny,2,DB,0
2763,2014-05-25,european,PL91,Warszawski stołeczny,2,EPTR,134607
2764,2014-05-25,european,PL91,Warszawski stołeczny,2,GOWIN,89790
2765,2014-05-25,european,PL91,Warszawski stołeczny,2,NP,142446
2766,2014-05-25,european,PL91,Warszawski stołeczny,2,PIS,655437
2767,2014-05-25,european,PL91,Warszawski stołeczny,2,PO,916095
2768,2014-05-25,european,PL91,Warszawski stołeczny,2,PSL,66258
2769,2014-05-25,european,PL91,Warszawski stołeczny,2,RN,35388
2770,2014-05-25,european,PL91,Warszawski stołeczny,2,SAMOOBRONA,0
2771,2014-05-25,european,PL91,Warszawski stołeczny,2,SLDUP,171927
2772,2014-05-25,european,PL91,Warszawski stołeczny,2,SOLIDARNA,47493
2773,2014-05-25,european,PL91,Warszawski stołeczny,2,ZIELONI,20427
2774,2014-05-25,european,PL92,Mazowiecki regionalny,0,eligible_voters,11425872
2775,2014-05-25,european,PL92,Mazowiecki regionalny,1,issued_ballots,2268510
2776,2014-05-25,european,PL92,Mazowiecki regionalny,2,DB,0
2777,2014-05-25,european,PL92,Mazowiecki regionalny,2,EPTR,58722
2778,2014-05-25,european,PL92,Mazowiecki regionalny,2,GOWIN,58986
2779,2014-05-25,european,PL92,Mazowiecki regionalny,2,NP,153042
2780,2014-05-25,european,PL92,Mazowiecki regionalny,2,PIS,920484
2781,2014-05-25,european,PL92,Mazowiecki regionalny,2,PO,411864
2782,2014-05-25,european,PL92,Mazowiecki regionalny,2,PSL,348060
2783,2014-05-25,european,PL92,Mazowiecki regionalny,2,RN,36738
2784,2014-05-25,european,PL92,Mazowiecki regionalny,2,SAMOOBRONA,0
2785,2014-05-25,european,PL92,Mazowiecki regionalny,2,SLDUP,138558
2786,2014-05-25,european,PL92,Mazowiecki regionalny,2,SOLIDARNA,64548
2787,2014-05-25,european,PL92,Mazowiecki regionalny,2,ZIELONI,0
2788,2015-05-10,president_a,PL21,Małopolskie,0,eligible_voters,15903720
2789,2015-05-10,president_a,PL21,Małopolskie,1,issued_ballots,8293824
2790,2015-05-10,president_a,PL21,Małopolskie,2,Braun,75924
2791,2015-05-10,president_a,PL21,Małopolskie,2,Duda,3640944
2792,2015-05-10,president_a,PL21,Małopolskie,2,Jarubas,93114
2793,2015-05-10,president_a,PL21,Małopolskie,2,Komorowski,2248758
2794,2015-05-10,president_a,PL21,Małopolskie,2,KorwinMikke,305550
2795,2015-05-10,president_a,PL21,Małopolskie,2,Kowalski,35046
2796,2015-05-10,president_a,PL21,Małopolskie,2,Kukiz,1547736
2797,2015-05-10,president_a,PL21,Małopolskie,2,Ogorek,148728
2798,2015-05-10,president_a,PL21,Małopolskie,2,Palikot,84300
2799,2015-05-10,president_a,PL21,Małopolskie,2,Tanajno,15438
2800,2015-05-10,president_a,PL21,Małopolskie,2,Wilk,35592
2801,2015-05-10,president_a,PL22,Śląskie,0,eligible_voters,29142376
2802,2015-05-10,president_a,PL22,Śląskie,1,issued_ballots,14528960
2803,2015-05-10,president_a,PL22,Śląskie,2,Braun,103568
2804,2015-05-10,president_a,PL22,Śląskie,2,Duda,4526232
2805,2015-05-10,president_a,PL22,Śląskie,2,Jarubas,111800
2806,2015-05-10,president_a,PL22,Śląskie,2,Komorowski,5082096
2807,2015-05-10,president_a,PL22,Śląskie,2,KorwinMikke,466288
2808,2015-05-10,president_a,PL22,Śląskie,2,Kowalski,57744
2809,2015-05-10,president_a,PL22,Śląskie,2,Kukiz,3400928
2810,2015-05-10,president_a,PL22,Śląskie,2,Ogorek,371696
2811,2015-05-10,president_a,PL22,Śląskie,2,Palikot,205824
2812,2015-05-10,president_a,PL22,Śląskie,2,Tanajno,26592
2813,2015-05-10,president_a,PL22,Śląskie,2,Wilk,63872
2814,2015-05-10,president_a,PL41,Wielkopolskie,0,eligible_voters,16318848
2815,2015-05-10,president_a,PL41,Wielkopolskie,1,issued_ballots,7818516
2816,2015-05-10,president_a,PL41,Wielkopolskie,2,Braun,48582
2817,2015-05-10,president_a,PL41,Wielkopolskie,2,Duda,2216688
2818,2015-05-10,president_a,PL41,Wielkopolskie,2,Jarubas,106602
2819,2015-05-10,president_a,PL41,Wielkopolskie,2,Komorowski,3238194
2820,2015-05-10,president_a,PL41,Wielkopolskie,2,KorwinMikke,233382
2821,2015-05-10,president_a,PL41,Wielkopolskie,2,Kowalski,33024
2822,2015-05-10,president_a,PL41,Wielkopolskie,2,Kukiz,1483062
2823,2015-05-10,president_a,PL41,Wielkopolskie,2,Ogorek,223758
2824,2015-05-10,president_a,PL41,Wielkopolskie,2,Palikot,114300
2825,2015-05-10,president_a,PL41,Wielkopolskie,2,Tanajno,16950
2826,2015-05-10,president_a,PL41,Wielkopolskie,2,Wilk,36630
2827,2015-05-10,president_a,PL42,Zachodniopomorskie,0,eligible_voters,5394216
2828,2015-05-10,president_a,PL42,Zachodniopomorskie,1,issued_ballots,2396036
2829,2015-05-10,president_a,PL42,Zachodniopomorskie,2,Braun,14112
2830,2015-05-10,president_a,PL42,Zachodniopomorskie,2,Duda,619248
2831,2015-05-10,president_a,PL42,Zachodniopomorskie,2,Jarubas,24236
2832,2015-05-10,president_a,PL42,Zachodniopomorskie,2,Komorowski,997012
2833,2015-05-10,president_a,PL42,Zachodniopomorskie,2,KorwinMikke,79116
2834,2015-05-10,president_a,PL42,Zachodniopomorskie,2,Kowalski,10620
2835,2015-05-10,president_a,PL42,Zachodniopomorskie,2,Kukiz,508816
2836,2015-05-10,president_a,PL42,Zachodniopomorskie,2,Ogorek,66760
2837,2015-05-10,president_a,PL42,Zachodniopomorskie,2,Palikot,42324
2838,2015-05-10,president_a,PL42,Zachodniopomorskie,2,Tanajno,4052
2839,2015-05-10,president_a,PL42,Zachodniopomorskie,2,Wilk,9872
2840,2015-05-10,president_a,PL43,Lubuskie,0,eligible_voters,1609098
2841,2015-05-10,president_a,PL43,Lubuskie,1,issued_ballots,697732
2842,2015-05-10,president_a,PL43,Lubuskie,2,Braun,4682
2843,2015-05-10,president_a,PL43,Lubuskie,2,Duda,184976
2844,2015-05-10,president_a,PL43,Lubuskie,2,Jarubas,7816
2845,2015-05-10,president_a,PL43,Lubuskie,2,Komorowski,287468
2846,2015-05-10,president_a,PL43,Lubuskie,2,KorwinMikke,23944
2847,2015-05-10,president_a,PL43,Lubuskie,2,Kowalski,3268
2848,2015-05-10,president_a,PL43,Lubuskie,2,Kukiz,143662
2849,2015-05-10,president_a,PL43,Lubuskie,2,Ogorek,20760
2850,2015-05-10,president_a,PL43,Lubuskie,2,Palikot,11142
2851,2015-05-10,president_a,PL43,Lubuskie,2,Tanajno,1180
2852,2015-05-10,president_a,PL43,Lubuskie,2,Wilk,2976
2853,2015-05-10,president_a,PL51,Dolnośląskie,0,eligible_voters,11590890
2854,2015-05-10,president_a,PL51,Dolnośląskie,1,issued_ballots,5510300
2855,2015-05-10,president_a,PL51,Dolnośląskie,2,Braun,44680
2856,2015-05-10,president_a,PL51,Dolnośląskie,2,Duda,1646750
2857,2015-05-10,president_a,PL51,Dolnośląskie,2,Jarubas,48365
2858,2015-05-10,president_a,PL51,Dolnośląskie,2,Komorowski,2067965
2859,2015-05-10,president_a,PL51,Dolnośląskie,2,KorwinMikke,175920
2860,2015-05-10,president_a,PL51,Dolnośląskie,2,Kowalski,23255
2861,2015-05-10,president_a,PL51,Dolnośląskie,2,Kukiz,1201290
2862,2015-05-10,president_a,PL51,Dolnośląskie,2,Ogorek,132940
2863,2015-05-10,president_a,PL51,Dolnośląskie,2,Palikot,87565
2864,2015-05-10,president_a,PL51,Dolnośląskie,2,Tanajno,11725
2865,2015-05-10,president_a,PL51,Dolnośląskie,2,Wilk,25225
2866,2015-05-10,president_a,PL52,Opolskie,0,eligible_voters,1624352
2867,2015-05-10,president_a,PL52,Opolskie,1,issued_ballots,690748
2868,2015-05-10,president_a,PL52,Opolskie,2,Braun,4858
2869,2015-05-10,president_a,PL52,Opolskie,2,Duda,177306
2870,2015-05-10,president_a,PL52,Opolskie,2,Jarubas,5782
2871,2015-05-10,president_a,PL52,Opolskie,2,Komorowski,258528
2872,2015-05-10,president_a,PL52,Opolskie,2,KorwinMikke,19246
2873,2015-05-10,president_a,PL52,Opolskie,2,Kowalski,2342
2874,2015-05-10,president_a,PL52,Opolskie,2,Kukiz,190988
2875,2015-05-10,president_a,PL52,Opolskie,2,Ogorek,14872
2876,2015-05-10,president_a,PL52,Opolskie,2,Palikot,7756
2877,2015-05-10,president_a,PL52,Opolskie,2,Tanajno,858
2878,2015-05-10,president_a,PL52,Opolskie,2,Wilk,2554
2879,2015-05-10,president_a,PL61,Kujawsko-pomorskie,0,eligible_voters,8209110
2880,2015-05-10,president_a,PL61,Kujawsko-pomorskie,1,issued_ballots,3648165
2881,2015-05-10,president_a,PL61,Kujawsko-pomorskie,2,Braun,21890
2882,2015-05-10,president_a,PL61,Kujawsko-pomorskie,2,Duda,1079975
2883,2015-05-10,president_a,PL61,Kujawsko-pomorskie,2,Jarubas,49230
2884,2015-05-10,president_a,PL61,Kujawsko-pomorskie,2,Komorowski,1421080
2885,2015-05-10,president_a,PL61,Kujawsko-pomorskie,2,KorwinMikke,108705
2886,2015-05-10,president_a,PL61,Kujawsko-pomorskie,2,Kowalski,16450
2887,2015-05-10,president_a,PL61,Kujawsko-pomorskie,2,Kukiz,741365
2888,2015-05-10,president_a,PL61,Kujawsko-pomorskie,2,Ogorek,105595
2889,2015-05-10,president_a,PL61,Kujawsko-pomorskie,2,Palikot,53655
2890,2015-05-10,president_a,PL61,Kujawsko-pomorskie,2,Tanajno,6035
2891,2015-05-10,president_a,PL61,Kujawsko-pomorskie,2,Wilk,16130
2892,2015-05-10,president_a,PL62,Warmińsko-mazurskie,0,eligible_voters,3426882
2893,2015-05-10,president_a,PL62,Warmińsko-mazurskie,1,issued_ballots,1439793
2894,2015-05-10,president_a,PL62,Warmińsko-mazurskie,2,Braun,10290
2895,2015-05-10,president_a,PL62,Warmińsko-mazurskie,2,Duda,419577
2896,2015-05-10,president_a,PL62,Warmińsko-mazurskie,2,Jarubas,17913
2897,2015-05-10,president_a,PL62,Warmińsko-mazurskie,2,Komorowski,562275
2898,2015-05-10,president_a,PL62,Warmińsko-mazurskie,2,KorwinMikke,49764
2899,2015-05-10,president_a,PL62,Warmińsko-mazurskie,2,Kowalski,7818
2900,2015-05-10,president_a,PL62,Warmińsko-mazurskie,2,Kukiz,294324
2901,2015-05-10,president_a,PL62,Warmińsko-mazurskie,2,Ogorek,37368
2902,2015-05-10,president_a,PL62,Warmińsko-mazurskie,2,Palikot,19692
2903,2015-05-10,president_a,PL62,Warmińsko-mazurskie,2,Tanajno,2286
2904,2015-05-10,president_a,PL62,Warmińsko-mazurskie,2,Wilk,6111
2905,2015-05-10,president_a,PL63,Pomorskie,0,eligible_voters,8846975
2906,2015-05-10,president_a,PL63,Pomorskie,1,issued_ballots,4431745
2907,2015-05-10,president_a,PL63,Pomorskie,2,Braun,34595
2908,2015-05-10,president_a,PL63,Pomorskie,2,Duda,1218365
2909,2015-05-10,president_a,PL63,Pomorskie,2,Jarubas,35395
2910,2015-05-10,president_a,PL63,Pomorskie,2,Komorowski,1894590
2911,2015-05-10,president_a,PL63,Pomorskie,2,KorwinMikke,140360
2912,2015-05-10,president_a,PL63,Pomorskie,2,Kowalski,21510
2913,2015-05-10,president_a,PL63,Pomorskie,2,Kukiz,851125
2914,2015-05-10,president_a,PL63,Pomorskie,2,Ogorek,97865
2915,2015-05-10,president_a,PL63,Pomorskie,2,Palikot,65310
2916,2015-05-10,president_a,PL63,Pomorskie,2,Tanajno,10945
2917,2015-05-10,president_a,PL63,Pomorskie,2,Wilk,23370
2918,2015-05-10,president_a,PL71,Łódzkie,0,eligible_voters,10107860
2919,2015-05-10,president_a,PL71,Łódzkie,1,issued_ballots,5024440
2920,2015-05-10,president_a,PL71,Łódzkie,2,Braun,36550
2921,2015-05-10,president_a,PL71,Łódzkie,2,Duda,1814570
2922,2015-05-10,president_a,PL71,Łódzkie,2,Jarubas,75310
2923,2015-05-10,president_a,PL71,Łódzkie,2,Komorowski,1607045
2924,2015-05-10,president_a,PL71,Łódzkie,2,KorwinMikke,150670
2925,2015-05-10,president_a,PL71,Łódzkie,2,Kowalski,26090
2926,2015-05-10,president_a,PL71,Łódzkie,2,Kukiz,1033030
2927,2015-05-10,president_a,PL71,Łódzkie,2,Ogorek,134135
2928,2015-05-10,president_a,PL71,Łódzkie,2,Palikot,71270
2929,2015-05-10,president_a,PL71,Łódzkie,2,Tanajno,9770
2930,2015-05-10,president_a,PL71,Łódzkie,2,Wilk,24540
2931,2015-05-10,president_a,PL72,Świętokrzyskie,0,eligible_voters,2070606
2932,2015-05-10,president_a,PL72,Świętokrzyskie,1,issued_ballots,959324
2933,2015-05-10,president_a,PL72,Świętokrzyskie,2,Braun,5974
2934,2015-05-10,president_a,PL72,Świętokrzyskie,2,Duda,362796
2935,2015-05-10,president_a,PL72,Świętokrzyskie,2,Jarubas,123816
2936,2015-05-10,president_a,PL72,Świętokrzyskie,2,Komorowski,212906
2937,2015-05-10,president_a,PL72,Świętokrzyskie,2,KorwinMikke,29376
2938,2015-05-10,president_a,PL72,Świętokrzyskie,2,Kowalski,4838
2939,2015-05-10,president_a,PL72,Świętokrzyskie,2,Kukiz,177050
2940,2015-05-10,president_a,PL72,Świętokrzyskie,2,Ogorek,20574
2941,2015-05-10,president_a,PL72,Świętokrzyskie,2,Palikot,10282
2942,2015-05-10,president_a,PL72,Świętokrzyskie,2,Tanajno,1118
2943,2015-05-10,president_a,PL72,Świętokrzyskie,2,Wilk,3392
2944,2015-05-10,president_a,PL81,Lubelskie,0,eligible_voters,6947484
2945,2015-05-10,president_a,PL81,Lubelskie,1,issued_ballots,3372768
2946,2015-05-10,president_a,PL81,Lubelskie,2,Braun,35520
2947,2015-05-10,president_a,PL81,Lubelskie,2,Duda,1469556
2948,2015-05-10,president_a,PL81,Lubelskie,2,Jarubas,83740
2949,2015-05-10,president_a,PL81,Lubelskie,2,Komorowski,760260
2950,2015-05-10,president_a,PL81,Lubelskie,2,KorwinMikke,104200
2951,2015-05-10,president_a,PL81,Lubelskie,2,Kowalski,35232
2952,2015-05-10,president_a,PL81,Lubelskie,2,Kukiz,710716
2953,2015-05-10,president_a,PL81,Lubelskie,2,Ogorek,70652
2954,2015-05-10,president_a,PL81,Lubelskie,2,Palikot,57132
2955,2015-05-10,president_a,PL81,Lubelskie,2,Tanajno,4964
2956,2015-05-10,president_a,PL81,Lubelskie,2,Wilk,14792
2957,2015-05-10,president_a,PL82,Podkarpackie,0,eligible_voters,6804912
2958,2015-05-10,president_a,PL82,Podkarpackie,1,issued_ballots,3370232
2959,2015-05-10,president_a,PL82,Podkarpackie,2,Braun,32528
2960,2015-05-10,president_a,PL82,Podkarpackie,2,Duda,1677408
2961,2015-05-10,president_a,PL82,Podkarpackie,2,Jarubas,47104
2962,2015-05-10,president_a,PL82,Podkarpackie,2,Komorowski,683848
2963,2015-05-10,president_a,PL82,Podkarpackie,2,KorwinMikke,109584
2964,2015-05-10,president_a,PL82,Podkarpackie,2,Kowalski,23600
2965,2015-05-10,president_a,PL82,Podkarpackie,2,Kukiz,670572
2966,2015-05-10,president_a,PL82,Podkarpackie,2,Ogorek,61608
2967,2015-05-10,president_a,PL82,Podkarpackie,2,Palikot,27652
2968,2015-05-10,president_a,PL82,Podkarpackie,2,Tanajno,3564
2969,2015-05-10,president_a,PL82,Podkarpackie,2,Wilk,11432
2970,2015-05-10,president_a,PL84,Podlaskie,0,eligible_voters,2856459
2971,2015-05-10,president_a,PL84,Podlaskie,1,issued_ballots,1338717
2972,2015-05-10,president_a,PL84,Podlaskie,2,Braun,13020
2973,2015-05-10,president_a,PL84,Podlaskie,2,Duda,540465
2974,2015-05-10,president_a,PL84,Podlaskie,2,Jarubas,19170
2975,2015-05-10,president_a,PL84,Podlaskie,2,Komorowski,368511
2976,2015-05-10,president_a,PL84,Podlaskie,2,KorwinMikke,49467
2977,2015-05-10,president_a,PL84,Podlaskie,2,Kowalski,9087
2978,2015-05-10,president_a,PL84,Podlaskie,2,Kukiz,270729
2979,2015-05-10,president_a,PL84,Podlaskie,2,Ogorek,35448
2980,2015-05-10,president_a,PL84,Podlaskie,2,Palikot,15393
2981,2015-05-10,president_a,PL84,Podlaskie,2,Tanajno,1869
2982,2015-05-10,president_a,PL84,Podlaskie,2,Wilk,5382
2983,2015-05-10,president_a,PL91,Warszawski stołeczny,0,eligible_voters,6899466
2984,2015-05-10,president_a,PL91,Warszawski stołeczny,1,issued_ballots,4058142
2985,2015-05-10,president_a,PL91,Warszawski stołeczny,2,Braun,44295
2986,2015-05-10,president_a,PL91,Warszawski stołeczny,2,Duda,1237071
2987,2015-05-10,president_a,PL91,Warszawski stołeczny,2,Jarubas,30990
2988,2015-05-10,president_a,PL91,Warszawski stołeczny,2,Komorowski,1589832
2989,2015-05-10,president_a,PL91,Warszawski stołeczny,2,KorwinMikke,126147
2990,2015-05-10,president_a,PL91,Warszawski stołeczny,2,Kowalski,21021
2991,2015-05-10,president_a,PL91,Warszawski stołeczny,2,Kukiz,762807
2992,2015-05-10,president_a,PL91,Warszawski stołeczny,2,Ogorek,83469
2993,2015-05-10,president_a,PL91,Warszawski stołeczny,2,Palikot,81615
2994,2015-05-10,president_a,PL91,Warszawski stołeczny,2,Tanajno,16347
2995,2015-05-10,president_a,PL91,Warszawski stołeczny,2,Wilk,25617
2996,2015-05-10,president_a,PL92,Mazowiecki regionalny,0,eligible_voters,11371344
2997,2015-05-10,president_a,PL92,Mazowiecki regionalny,1,issued_ballots,5354718
2998,2015-05-10,president_a,PL92,Mazowiecki regionalny,2,Braun,43482
2999,2015-05-10,president_a,PL92,Mazowiecki regionalny,2,Duda,2448792
3000,2015-05-10,president_a,PL92,Mazowiecki regionalny,2,Jarubas,114930
3001,2015-05-10,president_a,PL92,Mazowiecki regionalny,2,Komorowski,1310802
3002,2015-05-10,president_a,PL92,Mazowiecki regionalny,2,KorwinMikke,150516
3003,2015-05-10,president_a,PL92,Mazowiecki regionalny,2,Kowalski,29502
3004,2015-05-10,president_a,PL92,Mazowiecki regionalny,2,Kukiz,1016724
3005,2015-05-10,president_a,PL92,Mazowiecki regionalny,2,Ogorek,115446
3006,2015-05-10,president_a,PL92,Mazowiecki regionalny,2,Palikot,53208
3007,2015-05-10,president_a,PL92,Mazowiecki regionalny,2,Tanajno,7098
3008,2015-05-10,president_a,PL92,Mazowiecki regionalny,2,Wilk,22560
3009,2015-05-24,president_b,PL21,Małopolskie,0,eligible_voters,15890682
3010,2015-05-24,president_b,PL21,Małopolskie,1,issued_ballots,9351288
3011,2015-05-24,president_b,PL21,Małopolskie,2,Duda,5730612
3012,2015-05-24,president_b,PL21,Małopolskie,2,Komorowski,3499092
3013,2015-05-24,president_b,PL22,Śląskie,0,eligible_voters,29063496
3014,2015-05-24,president_b,PL22,Śląskie,1,issued_ballots,16010824
3015,2015-05-24,president_b,PL22,Śląskie,2,Duda,7693648
3016,2015-05-24,president_b,PL22,Śląskie,2,Komorowski,8070792
3017,2015-05-24,president_b,PL41,Wielkopolskie,0,eligible_voters,16302576
3018,2015-05-24,president_b,PL41,Wielkopolskie,1,issued_ballots,9037356
3019,2015-05-24,president_b,PL41,Wielkopolskie,2,Duda,3703104
3020,2015-05-24,president_b,PL41,Wielkopolskie,2,Komorowski,5204424
3021,2015-05-24,president_b,PL42,Zachodniopomorskie,0,eligible_voters,5406228
3022,2015-05-24,president_b,PL42,Zachodniopomorskie,1,issued_ballots,2758220
3023,2015-05-24,president_b,PL42,Zachodniopomorskie,2,Duda,1084344
3024,2015-05-24,president_b,PL42,Zachodniopomorskie,2,Komorowski,1632484
3025,2015-05-24,president_b,PL43,Lubuskie,0,eligible_voters,1604014
3026,2015-05-24,president_b,PL43,Lubuskie,1,issued_ballots,792186
3027,2015-05-24,president_b,PL43,Lubuskie,2,Duda,310962
3028,2015-05-24,president_b,PL43,Lubuskie,2,Komorowski,469528
3029,2015-05-24,president_b,PL51,Dolnośląskie,0,eligible_voters,11592345
3030,2015-05-24,president_b,PL51,Dolnośląskie,1,issued_ballots,6172740
3031,2015-05-24,president_b,PL51,Dolnośląskie,2,Duda,2771345
3032,2015-05-24,president_b,PL51,Dolnośląskie,2,Komorowski,3311905
3033,2015-05-24,president_b,PL52,Opolskie,0,eligible_voters,1620624
3034,2015-05-24,president_b,PL52,Opolskie,1,issued_ballots,765718
3035,2015-05-24,president_b,PL52,Opolskie,2,Duda,319090
3036,2015-05-24,president_b,PL52,Opolskie,2,Komorowski,434740
3037,2015-05-24,president_b,PL61,Kujawsko-pomorskie,0,eligible_voters,8194940
3038,2015-05-24,president_b,PL61,Kujawsko-pomorskie,1,issued_ballots,4266930
3039,2015-05-24,president_b,PL61,Kujawsko-pomorskie,2,Duda,1830265
3040,2015-05-24,president_b,PL61,Kujawsko-pomorskie,2,Komorowski,2375885
3041,2015-05-24,president_b,PL62,Warmińsko-mazurskie,0,eligible_voters,3420405
3042,2015-05-24,president_b,PL62,Warmińsko-mazurskie,1,issued_ballots,1643865
3043,2015-05-24,president_b,PL62,Warmińsko-mazurskie,2,Duda,708942
3044,2015-05-24,president_b,PL62,Warmińsko-mazurskie,2,Komorowski,911262
3045,2015-05-24,president_b,PL63,Pomorskie,0,eligible_voters,8855785
3046,2015-05-24,president_b,PL63,Pomorskie,1,issued_ballots,5020325
3047,2015-05-24,president_b,PL63,Pomorskie,2,Duda,1989480
3048,2015-05-24,president_b,PL63,Pomorskie,2,Komorowski,2956640
3049,2015-05-24,president_b,PL71,Łódzkie,0,eligible_voters,10086265
3050,2015-05-24,president_b,PL71,Łódzkie,1,issued_ballots,5745275
3051,2015-05-24,president_b,PL71,Łódzkie,2,Duda,3041625
3052,2015-05-24,president_b,PL71,Łódzkie,2,Komorowski,2616795
3053,2015-05-24,president_b,PL72,Świętokrzyskie,0,eligible_voters,2063880
3054,2015-05-24,president_b,PL72,Świętokrzyskie,1,issued_ballots,1078282
3055,2015-05-24,president_b,PL72,Świętokrzyskie,2,Duda,656404
3056,2015-05-24,president_b,PL72,Świętokrzyskie,2,Komorowski,406752
3057,2015-05-24,president_b,PL81,Lubelskie,0,eligible_voters,6916588
3058,2015-05-24,president_b,PL81,Lubelskie,1,issued_ballots,3754380
3059,2015-05-24,president_b,PL81,Lubelskie,2,Duda,2458048
3060,2015-05-24,president_b,PL81,Lubelskie,2,Komorowski,1245508
3061,2015-05-24,president_b,PL82,Podkarpackie,0,eligible_voters,6780568
3062,2015-05-24,president_b,PL82,Podkarpackie,1,issued_ballots,3772536
3063,2015-05-24,president_b,PL82,Podkarpackie,2,Duda,2661508
3064,2015-05-24,president_b,PL82,Podkarpackie,2,Komorowski,1066624
3065,2015-05-24,president_b,PL84,Podlaskie,0,eligible_voters,2842497
3066,2015-05-24,president_b,PL84,Podlaskie,1,issued_ballots,1491393
3067,2015-05-24,president_b,PL84,Podlaskie,2,Duda,872043
3068,2015-05-24,president_b,PL84,Podlaskie,2,Komorowski,598236
3069,2015-05-24,president_b,PL91,Warszawski stołeczny,0,eligible_voters,6926733
3070,2015-05-24,president_b,PL91,Warszawski stołeczny,1,issued_ballots,4611840
3071,2015-05-24,president_b,PL91,Warszawski stołeczny,2,Duda,2061192
3072,2015-05-24,president_b,PL91,Warszawski stołeczny,2,Komorowski,2481735
3073,2015-05-24,president_b,PL92,Mazowiecki regionalny,0,eligible_voters,11346738
3074,2015-05-24,president_b,PL92,Mazowiecki regionalny,1,issued_ballots,6271278
3075,2015-05-24,president_b,PL92,Mazowiecki regionalny,2,Duda,4039056
3076,2015-05-24,president_b,PL92,Mazowiecki regionalny,2,Komorowski,2152266
3077,2015-10-25,parliament,PL21,Małopolskie,0,eligible_voters,15885192
3078,2015-10-25,parliament,PL21,Małopolskie,1,issued_ballots,8718420
3079,2015-10-25,parliament,PL21,Małopolskie,2,BEZPARTYJNI,0
3080,2015-10-25,parliament,PL21,Małopolskie,2,BRAUN,13668
3081,2015-10-25,parliament,PL21,Małopolskie,2,KORWIN,442080
3082,2015-10-25,parliament,PL21,Małopolskie,2,KUKIZ,691518
3083,2015-10-25,parliament,PL21,Małopolskie,2,LEWICA,401838
3084,2015-10-25,parliament,PL21,Małopolskie,2,MN,0
3085,2015-10-25,parliament,PL21,Małopolskie,2,NOWOCZESNA,559524
3086,2015-10-25,parliament,PL21,Małopolskie,2,ODP,0
3087,2015-10-25,parliament,PL21,Małopolskie,2,PIS,4094718
3088,2015-10-25,parliament,PL21,Małopolskie,2,PO,1651248
3089,2015-10-25,parliament,PL21,Małopolskie,2,PRAWICA,16734
3090,2015-10-25,parliament,PL21,Małopolskie,2,PSL,356106
3091,2015-10-25,parliament,PL21,Małopolskie,2,RAZEM,261612
3092,2015-10-25,parliament,PL21,Małopolskie,2,RSRP,0
3093,2015-10-25,parliament,PL21,Małopolskie,2,SAMOOBRONA,0
3094,2015-10-25,parliament,PL21,Małopolskie,2,STONOGA,9636
3095,2015-10-25,parliament,PL21,Małopolskie,2,ZDŚ,0
3096,2015-10-25,parliament,PL22,Śląskie,0,eligible_voters,29022040
3097,2015-10-25,parliament,PL22,Śląskie,1,issued_ballots,15159024
3098,2015-10-25,parliament,PL22,Śląskie,2,BEZPARTYJNI,0
3099,2015-10-25,parliament,PL22,Śląskie,2,BRAUN,21704
3100,2015-10-25,parliament,PL22,Śląskie,2,KORWIN,723752
3101,2015-10-25,parliament,PL22,Śląskie,2,KUKIZ,1585464
3102,2015-10-25,parliament,PL22,Śląskie,2,LEWICA,1235216
3103,2015-10-25,parliament,PL22,Śląskie,2,MN,0
3104,2015-10-25,parliament,PL22,Śląskie,2,NOWOCZESNA,1195200
3105,2015-10-25,parliament,PL22,Śląskie,2,ODP,0
3106,2015-10-25,parliament,PL22,Śląskie,2,PIS,5162104
3107,2015-10-25,parliament,PL22,Śląskie,2,PO,3790536
3108,2015-10-25,parliament,PL22,Śląskie,2,PRAWICA,0
3109,2015-10-25,parliament,PL22,Śląskie,2,PSL,372976
3110,2015-10-25,parliament,PL22,Śląskie,2,RAZEM,579760
3111,2015-10-25,parliament,PL22,Śląskie,2,RSRP,0
3112,2015-10-25,parliament,PL22,Śląskie,2,SAMOOBRONA,0
3113,2015-10-25,parliament,PL22,Śląskie,2,STONOGA,11024
3114,2015-10-25,parliament,PL22,Śląskie,2,ZDŚ,149344
3115,2015-10-25,parliament,PL41,Wielkopolskie,0,eligible_voters,16307232
3116,2015-10-25,parliament,PL41,Wielkopolskie,1,issued_ballots,8177754
3117,2015-10-25,parliament,PL41,Wielkopolskie,2,BEZPARTYJNI,25440
3118,2015-10-25,parliament,PL41,Wielkopolskie,2,BRAUN,0
3119,2015-10-25,parliament,PL41,Wielkopolskie,2,KORWIN,342210
3120,2015-10-25,parliament,PL41,Wielkopolskie,2,KUKIZ,615996
3121,2015-10-25,parliament,PL41,Wielkopolskie,2,LEWICA,734994
3122,2015-10-25,parliament,PL41,Wielkopolskie,2,MN,0
3123,2015-10-25,parliament,PL41,Wielkopolskie,2,NOWOCZESNA,738240
3124,2015-10-25,parliament,PL41,Wielkopolskie,2,ODP,0
3125,2015-10-25,parliament,PL41,Wielkopolskie,2,PIS,2346534
3126,2015-10-25,parliament,PL41,Wielkopolskie,2,PO,2254590
3127,2015-10-25,parliament,PL41,Wielkopolskie,2,PRAWICA,0
3128,2015-10-25,parliament,PL41,Wielkopolskie,2,PSL,524532
3129,2015-10-25,parliament,PL41,Wielkopolskie,2,RAZEM,311844
3130,2015-10-25,parliament,PL41,Wielkopolskie,2,RSRP,0
3131,2015-10-25,parliament,PL41,Wielkopolskie,2,SAMOOBRONA,3000
3132,2015-10-25,parliament,PL41,Wielkopolskie,2,STONOGA,26982
3133,2015-10-25,parliament,PL41,Wielkopolskie,2,ZDŚ,0
3134,2015-10-25,parliament,PL42,Zachodniopomorskie,0,eligible_voters,5369012
3135,2015-10-25,parliament,PL42,Zachodniopomorskie,1,issued_ballots,2462400
3136,2015-10-25,parliament,PL42,Zachodniopomorskie,2,BEZPARTYJNI,0
3137,2015-10-25,parliament,PL42,Zachodniopomorskie,2,BRAUN,0
3138,2015-10-25,parliament,PL42,Zachodniopomorskie,2,KORWIN,119852
3139,2015-10-25,parliament,PL42,Zachodniopomorskie,2,KUKIZ,209832
3140,2015-10-25,parliament,PL42,Zachodniopomorskie,2,LEWICA,229124
3141,2015-10-25,parliament,PL42,Zachodniopomorskie,2,MN,0
3142,2015-10-25,parliament,PL42,Zachodniopomorskie,2,NOWOCZESNA,201808
3143,2015-10-25,parliament,PL42,Zachodniopomorskie,2,ODP,0
3144,2015-10-25,parliament,PL42,Zachodniopomorskie,2,PIS,690916
3145,2015-10-25,parliament,PL42,Zachodniopomorskie,2,PO,746964
3146,2015-10-25,parliament,PL42,Zachodniopomorskie,2,PRAWICA,0
3147,2015-10-25,parliament,PL42,Zachodniopomorskie,2,PSL,94992
3148,2015-10-25,parliament,PL42,Zachodniopomorskie,2,RAZEM,96576
3149,2015-10-25,parliament,PL42,Zachodniopomorskie,2,RSRP,0
3150,2015-10-25,parliament,PL42,Zachodniopomorskie,2,SAMOOBRONA,0
3151,2015-10-25,parliament,PL42,Zachodniopomorskie,2,STONOGA,0
3152,2015-10-25,parliament,PL42,Zachodniopomorskie,2,ZDŚ,0
3153,2015-10-25,parliament,PL43,Lubuskie,0,eligible_voters,1601398
3154,2015-10-25,parliament,PL43,Lubuskie,1,issued_ballots,714596
3155,2015-10-25,parliament,PL43,Lubuskie,2,BEZPARTYJNI,0
3156,2015-10-25,parliament,PL43,Lubuskie,2,BRAUN,0
3157,2015-10-25,parliament,PL43,Lubuskie,2,KORWIN,34548
3158,2015-10-25,parliament,PL43,Lubuskie,2,KUKIZ,60568
3159,2015-10-25,parliament,PL43,Lubuskie,2,LEWICA,69390
3160,2015-10-25,parliament,PL43,Lubuskie,2,MN,0
3161,2015-10-25,parliament,PL43,Lubuskie,2,NOWOCZESNA,69172
3162,2015-10-25,parliament,PL43,Lubuskie,2,ODP,0
3163,2015-10-25,parliament,PL43,Lubuskie,2,PIS,195754
3164,2015-10-25,parliament,PL43,Lubuskie,2,PO,195352
3165,2015-10-25,parliament,PL43,Lubuskie,2,PRAWICA,0
3166,2015-10-25,parliament,PL43,Lubuskie,2,PSL,35486
3167,2015-10-25,parliament,PL43,Lubuskie,2,RAZEM,27650
3168,2015-10-25,parliament,PL43,Lubuskie,2,RSRP,0
3169,2015-10-25,parliament,PL43,Lubuskie,2,SAMOOBRONA,0
3170,2015-10-25,parliament,PL43,Lubuskie,2,STONOGA,4516
3171,2015-10-25,parliament,PL43,Lubuskie,2,ZDŚ,0
3172,2015-10-25,parliament,PL51,Dolnośląskie,0,eligible_voters,11575110
3173,2015-10-25,parliament,PL51,Dolnośląskie,1,issued_ballots,5718910
3174,2015-10-25,parliament,PL51,Dolnośląskie,2,BEZPARTYJNI,12700
3175,2015-10-25,parliament,PL51,Dolnośląskie,2,BRAUN,6345
3176,2015-10-25,parliament,PL51,Dolnośląskie,2,KORWIN,264215
3177,2015-10-25,parliament,PL51,Dolnośląskie,2,KUKIZ,502945
3178,2015-10-25,parliament,PL51,Dolnośląskie,2,LEWICA,448735
3179,2015-10-25,parliament,PL51,Dolnośląskie,2,MN,0
3180,2015-10-25,parliament,PL51,Dolnośląskie,2,NOWOCZESNA,484030
3181,2015-10-25,parliament,PL51,Dolnośląskie,2,ODP,0
3182,2015-10-25,parliament,PL51,Dolnośląskie,2,PIS,1818110
3183,2015-10-25,parliament,PL51,Dolnośląskie,2,PO,1630330
3184,2015-10-25,parliament,PL51,Dolnośląskie,2,PRAWICA,0
3185,2015-10-25,parliament,PL51,Dolnośląskie,2,PSL,174690
3186,2015-10-25,parliament,PL51,Dolnośląskie,2,RAZEM,215230
3187,2015-10-25,parliament,PL51,Dolnośląskie,2,RSRP,0
3188,2015-10-25,parliament,PL51,Dolnośląskie,2,SAMOOBRONA,0
3189,2015-10-25,parliament,PL51,Dolnośląskie,2,STONOGA,13895
3190,2015-10-25,parliament,PL51,Dolnośląskie,2,ZDŚ,0
3191,2015-10-25,parliament,PL52,Opolskie,0,eligible_voters,1617862
3192,2015-10-25,parliament,PL52,Opolskie,1,issued_ballots,697582
3193,2015-10-25,parliament,PL52,Opolskie,2,BEZPARTYJNI,3544
3194,2015-10-25,parliament,PL52,Opolskie,2,BRAUN,1502
3195,2015-10-25,parliament,PL52,Opolskie,2,KORWIN,26692
3196,2015-10-25,parliament,PL52,Opolskie,2,KUKIZ,85066
3197,2015-10-25,parliament,PL52,Opolskie,2,LEWICA,45682
3198,2015-10-25,parliament,PL52,Opolskie,2,MN,55060
3199,2015-10-25,parliament,PL52,Opolskie,2,NOWOCZESNA,48304
3200,2015-10-25,parliament,PL52,Opolskie,2,ODP,0
3201,2015-10-25,parliament,PL52,Opolskie,2,PIS,187852
3202,2015-10-25,parliament,PL52,Opolskie,2,PO,177462
3203,2015-10-25,parliament,PL52,Opolskie,2,PRAWICA,0
3204,2015-10-25,parliament,PL52,Opolskie,2,PSL,24928
3205,2015-10-25,parliament,PL52,Opolskie,2,RAZEM,20404
3206,2015-10-25,parliament,PL52,Opolskie,2,RSRP,0
3207,2015-10-25,parliament,PL52,Opolskie,2,SAMOOBRONA,0
3208,2015-10-25,parliament,PL52,Opolskie,2,STONOGA,0
3209,2015-10-25,parliament,PL52,Opolskie,2,ZDŚ,0
3210,2015-10-25,parliament,PL61,Kujawsko-pomorskie,0,eligible_voters,8182895
3211,2015-10-25,parliament,PL61,Kujawsko-pomorskie,1,issued_ballots,3792625
3212,2015-10-25,parliament,PL61,Kujawsko-pomorskie,2,BEZPARTYJNI,0
3213,2015-10-25,parliament,PL61,Kujawsko-pomorskie,2,BRAUN,0
3214,2015-10-25,parliament,PL61,Kujawsko-pomorskie,2,KORWIN,155680
3215,2015-10-25,parliament,PL61,Kujawsko-pomorskie,2,KUKIZ,296195
3216,2015-10-25,parliament,PL61,Kujawsko-pomorskie,2,LEWICA,382930
3217,2015-10-25,parliament,PL61,Kujawsko-pomorskie,2,MN,0
3218,2015-10-25,parliament,PL61,Kujawsko-pomorskie,2,NOWOCZESNA,254485
3219,2015-10-25,parliament,PL61,Kujawsko-pomorskie,2,ODP,0
3220,2015-10-25,parliament,PL61,Kujawsko-pomorskie,2,PIS,1173635
3221,2015-10-25,parliament,PL61,Kujawsko-pomorskie,2,PO,1021900
3222,2015-10-25,parliament,PL61,Kujawsko-pomorskie,2,PRAWICA,0
3223,2015-10-25,parliament,PL61,Kujawsko-pomorskie,2,PSL,235885
3224,2015-10-25,parliament,PL61,Kujawsko-pomorskie,2,RAZEM,136445
3225,2015-10-25,parliament,PL61,Kujawsko-pomorskie,2,RSRP,0
3226,2015-10-25,parliament,PL61,Kujawsko-pomorskie,2,SAMOOBRONA,3860
3227,2015-10-25,parliament,PL61,Kujawsko-pomorskie,2,STONOGA,22920
3228,2015-10-25,parliament,PL61,Kujawsko-pomorskie,2,ZDŚ,0
3229,2015-10-25,parliament,PL62,Warmińsko-mazurskie,0,eligible_voters,3417600
3230,2015-10-25,parliament,PL62,Warmińsko-mazurskie,1,issued_ballots,1445937
3231,2015-10-25,parliament,PL62,Warmińsko-mazurskie,2,BEZPARTYJNI,4278
3232,2015-10-25,parliament,PL62,Warmińsko-mazurskie,2,BRAUN,0
3233,2015-10-25,parliament,PL62,Warmińsko-mazurskie,2,KORWIN,69192
3234,2015-10-25,parliament,PL62,Warmińsko-mazurskie,2,KUKIZ,121206
3235,2015-10-25,parliament,PL62,Warmińsko-mazurskie,2,LEWICA,116157
3236,2015-10-25,parliament,PL62,Warmińsko-mazurskie,2,MN,0
3237,2015-10-25,parliament,PL62,Warmińsko-mazurskie,2,NOWOCZESNA,89427
3238,2015-10-25,parliament,PL62,Warmińsko-mazurskie,2,ODP,0
3239,2015-10-25,parliament,PL62,Warmińsko-mazurskie,2,PIS,432618
3240,2015-10-25,parliament,PL62,Warmińsko-mazurskie,2,PO,397242
3241,2015-10-25,parliament,PL62,Warmińsko-mazurskie,2,PRAWICA,0
3242,2015-10-25,parliament,PL62,Warmińsko-mazurskie,2,PSL,107607
3243,2015-10-25,parliament,PL62,Warmińsko-mazurskie,2,RAZEM,52668
3244,2015-10-25,parliament,PL62,Warmińsko-mazurskie,2,RSRP,0
3245,2015-10-25,parliament,PL62,Warmińsko-mazurskie,2,SAMOOBRONA,0
3246,2015-10-25,parliament,PL62,Warmińsko-mazurskie,2,STONOGA,9189
3247,2015-10-25,parliament,PL62,Warmińsko-mazurskie,2,ZDŚ,0
3248,2015-10-25,parliament,PL63,Pomorskie,0,eligible_voters,8835585
3249,2015-10-25,parliament,PL63,Pomorskie,1,issued_ballots,4582130
3250,2015-10-25,parliament,PL63,Pomorskie,2,BEZPARTYJNI,0
3251,2015-10-25,parliament,PL63,Pomorskie,2,BRAUN,0
3252,2015-10-25,parliament,PL63,Pomorskie,2,KORWIN,210130
3253,2015-10-25,parliament,PL63,Pomorskie,2,KUKIZ,339615
3254,2015-10-25,parliament,PL63,Pomorskie,2,LEWICA,295650
3255,2015-10-25,parliament,PL63,Pomorskie,2,MN,0
3256,2015-10-25,parliament,PL63,Pomorskie,2,NOWOCZESNA,387540
3257,2015-10-25,parliament,PL63,Pomorskie,2,ODP,0
3258,2015-10-25,parliament,PL63,Pomorskie,2,PIS,1360635
3259,2015-10-25,parliament,PL63,Pomorskie,2,PO,1522050
3260,2015-10-25,parliament,PL63,Pomorskie,2,PRAWICA,0
3261,2015-10-25,parliament,PL63,Pomorskie,2,PSL,139820
3262,2015-10-25,parliament,PL63,Pomorskie,2,RAZEM,179525
3263,2015-10-25,parliament,PL63,Pomorskie,2,RSRP,0
3264,2015-10-25,parliament,PL63,Pomorskie,2,SAMOOBRONA,0
3265,2015-10-25,parliament,PL63,Pomorskie,2,STONOGA,33435
3266,2015-10-25,parliament,PL63,Pomorskie,2,ZDŚ,0
3267,2015-10-25,parliament,PL71,Łódzkie,0,eligible_voters,10073835
3268,2015-10-25,parliament,PL71,Łódzkie,1,issued_ballots,5200895
3269,2015-10-25,parliament,PL71,Łódzkie,2,BEZPARTYJNI,0
3270,2015-10-25,parliament,PL71,Łódzkie,2,BRAUN,4945
3271,2015-10-25,parliament,PL71,Łódzkie,2,KORWIN,217470
3272,2015-10-25,parliament,PL71,Łódzkie,2,KUKIZ,438865
3273,2015-10-25,parliament,PL71,Łódzkie,2,LEWICA,446115
3274,2015-10-25,parliament,PL71,Łódzkie,2,MN,0
3275,2015-10-25,parliament,PL71,Łódzkie,2,NOWOCZESNA,339690
3276,2015-10-25,parliament,PL71,Łódzkie,2,ODP,0
3277,2015-10-25,parliament,PL71,Łódzkie,2,PIS,1945535
3278,2015-10-25,parliament,PL71,Łódzkie,2,PO,1174100
3279,2015-10-25,parliament,PL71,Łódzkie,2,PRAWICA,0
3280,2015-10-25,parliament,PL71,Łódzkie,2,PSL,300590
3281,2015-10-25,parliament,PL71,Łódzkie,2,RAZEM,192255
3282,2015-10-25,parliament,PL71,Łódzkie,2,RSRP,0
3283,2015-10-25,parliament,PL71,Łódzkie,2,SAMOOBRONA,3560
3284,2015-10-25,parliament,PL71,Łódzkie,2,STONOGA,9525
3285,2015-10-25,parliament,PL71,Łódzkie,2,ZDŚ,0
3286,2015-10-25,parliament,PL72,Świętokrzyskie,0,eligible_voters,2062442
3287,2015-10-25,parliament,PL72,Świętokrzyskie,1,issued_ballots,965544
3288,2015-10-25,parliament,PL72,Świętokrzyskie,2,BEZPARTYJNI,4688
3289,2015-10-25,parliament,PL72,Świętokrzyskie,2,BRAUN,2316
3290,2015-10-25,parliament,PL72,Świętokrzyskie,2,KORWIN,38790
3291,2015-10-25,parliament,PL72,Świętokrzyskie,2,KUKIZ,88230
3292,2015-10-25,parliament,PL72,Świętokrzyskie,2,LEWICA,73760
3293,2015-10-25,parliament,PL72,Świętokrzyskie,2,MN,0
3294,2015-10-25,parliament,PL72,Świętokrzyskie,2,NOWOCZESNA,46720
3295,2015-10-25,parliament,PL72,Świętokrzyskie,2,ODP,0
3296,2015-10-25,parliament,PL72,Świętokrzyskie,2,PIS,401304
3297,2015-10-25,parliament,PL72,Świętokrzyskie,2,PO,161732
3298,2015-10-25,parliament,PL72,Świętokrzyskie,2,PRAWICA,0
3299,2015-10-25,parliament,PL72,Świętokrzyskie,2,PSL,89148
3300,2015-10-25,parliament,PL72,Świętokrzyskie,2,RAZEM,26212
3301,2015-10-25,parliament,PL72,Świętokrzyskie,2,RSRP,0
3302,2015-10-25,parliament,PL72,Świętokrzyskie,2,SAMOOBRONA,896
3303,2015-10-25,parliament,PL72,Świętokrzyskie,2,STONOGA,3584
3304,2015-10-25,parliament,PL72,Świętokrzyskie,2,ZDŚ,0
3305,2015-10-25,parliament,PL81,Lubelskie,0,eligible_voters,6923300
3306,2015-10-25,parliament,PL81,Lubelskie,1,issued_ballots,3392876
3307,2015-10-25,parliament,PL81,Lubelskie,2,BEZPARTYJNI,0
3308,2015-10-25,parliament,PL81,Lubelskie,2,BRAUN,5412
3309,2015-10-25,parliament,PL81,Lubelskie,2,KORWIN,156844
3310,2015-10-25,parliament,PL81,Lubelskie,2,KUKIZ,324060
3311,2015-10-25,parliament,PL81,Lubelskie,2,LEWICA,213332
3312,2015-10-25,parliament,PL81,Lubelskie,2,MN,0
3313,2015-10-25,parliament,PL81,Lubelskie,2,NOWOCZESNA,139612
3314,2015-10-25,parliament,PL81,Lubelskie,2,ODP,0
3315,2015-10-25,parliament,PL81,Lubelskie,2,PIS,1580544
3316,2015-10-25,parliament,PL81,Lubelskie,2,PO,490860
3317,2015-10-25,parliament,PL81,Lubelskie,2,PRAWICA,0
3318,2015-10-25,parliament,PL81,Lubelskie,2,PSL,305688
3319,2015-10-25,parliament,PL81,Lubelskie,2,RAZEM,86044
3320,2015-10-25,parliament,PL81,Lubelskie,2,RSRP,2396
3321,2015-10-25,parliament,PL81,Lubelskie,2,SAMOOBRONA,4832
3322,2015-10-25,parliament,PL81,Lubelskie,2,STONOGA,0
3323,2015-10-25,parliament,PL81,Lubelskie,2,ZDŚ,0
3324,2015-10-25,parliament,PL82,Podkarpackie,0,eligible_voters,6796716
3325,2015-10-25,parliament,PL82,Podkarpackie,1,issued_ballots,3427428
3326,2015-10-25,parliament,PL82,Podkarpackie,2,BEZPARTYJNI,9156
3327,2015-10-25,parliament,PL82,Podkarpackie,2,BRAUN,5452
3328,2015-10-25,parliament,PL82,Podkarpackie,2,KORWIN,156588
3329,2015-10-25,parliament,PL82,Podkarpackie,2,KUKIZ,307960
3330,2015-10-25,parliament,PL82,Podkarpackie,2,LEWICA,149208
3331,2015-10-25,parliament,PL82,Podkarpackie,2,MN,0
3332,2015-10-25,parliament,PL82,Podkarpackie,2,NOWOCZESNA,136348
3333,2015-10-25,parliament,PL82,Podkarpackie,2,ODP,0
3334,2015-10-25,parliament,PL82,Podkarpackie,2,PIS,1838168
3335,2015-10-25,parliament,PL82,Podkarpackie,2,PO,445948
3336,2015-10-25,parliament,PL82,Podkarpackie,2,PRAWICA,3112
3337,2015-10-25,parliament,PL82,Podkarpackie,2,PSL,189888
3338,2015-10-25,parliament,PL82,Podkarpackie,2,RAZEM,76872
3339,2015-10-25,parliament,PL82,Podkarpackie,2,RSRP,0
3340,2015-10-25,parliament,PL82,Podkarpackie,2,SAMOOBRONA,0
3341,2015-10-25,parliament,PL82,Podkarpackie,2,STONOGA,17788
3342,2015-10-25,parliament,PL82,Podkarpackie,2,ZDŚ,0
3343,2015-10-25,parliament,PL84,Podlaskie,0,eligible_voters,2843130
3344,2015-10-25,parliament,PL84,Podlaskie,1,issued_ballots,1339155
3345,2015-10-25,parliament,PL84,Podlaskie,2,BEZPARTYJNI,0
3346,2015-10-25,parliament,PL84,Podlaskie,2,BRAUN,0
3347,2015-10-25,parliament,PL84,Podlaskie,2,KORWIN,60891
3348,2015-10-25,parliament,PL84,Podlaskie,2,KUKIZ,118527
3349,2015-10-25,parliament,PL84,Podlaskie,2,LEWICA,96045
3350,2015-10-25,parliament,PL84,Podlaskie,2,MN,0
3351,2015-10-25,parliament,PL84,Podlaskie,2,NOWOCZESNA,70083
3352,2015-10-25,parliament,PL84,Podlaskie,2,ODP,0
3353,2015-10-25,parliament,PL84,Podlaskie,2,PIS,592725
3354,2015-10-25,parliament,PL84,Podlaskie,2,PO,218682
3355,2015-10-25,parliament,PL84,Podlaskie,2,PRAWICA,1887
3356,2015-10-25,parliament,PL84,Podlaskie,2,PSL,105348
3357,2015-10-25,parliament,PL84,Podlaskie,2,RAZEM,33774
3358,2015-10-25,parliament,PL84,Podlaskie,2,RSRP,0
3359,2015-10-25,parliament,PL84,Podlaskie,2,SAMOOBRONA,1878
3360,2015-10-25,parliament,PL84,Podlaskie,2,STONOGA,6264
3361,2015-10-25,parliament,PL84,Podlaskie,2,ZDŚ,0
3362,2015-10-25,parliament,PL91,Warszawski stołeczny,0,eligible_voters,6936078
3363,2015-10-25,parliament,PL91,Warszawski stołeczny,1,issued_ballots,4484433
3364,2015-10-25,parliament,PL91,Warszawski stołeczny,2,BEZPARTYJNI,459
3365,2015-10-25,parliament,PL91,Warszawski stołeczny,2,BRAUN,405
3366,2015-10-25,parliament,PL91,Warszawski stołeczny,2,KORWIN,217854
3367,2015-10-25,parliament,PL91,Warszawski stołeczny,2,KUKIZ,298314
3368,2015-10-25,parliament,PL91,Warszawski stołeczny,2,LEWICA,350004
3369,2015-10-25,parliament,PL91,Warszawski stołeczny,2,MN,0
3370,2015-10-25,parliament,PL91,Warszawski stołeczny,2,NOWOCZESNA,551628
3371,2015-10-25,parliament,PL91,Warszawski stołeczny,2,ODP,5094
3372,2015-10-25,parliament,PL91,Warszawski stołeczny,2,PIS,1460571
3373,2015-10-25,parliament,PL91,Warszawski stołeczny,2,PO,1217877
3374,2015-10-25,parliament,PL91,Warszawski stołeczny,2,PRAWICA,0
3375,2015-10-25,parliament,PL91,Warszawski stołeczny,2,PSL,88371
3376,2015-10-25,parliament,PL91,Warszawski stołeczny,2,RAZEM,216882
3377,2015-10-25,parliament,PL91,Warszawski stołeczny,2,RSRP,8157
3378,2015-10-25,parliament,PL91,Warszawski stołeczny,2,SAMOOBRONA,0
3379,2015-10-25,parliament,PL91,Warszawski stołeczny,2,STONOGA,10791
3380,2015-10-25,parliament,PL91,Warszawski stołeczny,2,ZDŚ,0
3381,2015-10-25,parliament,PL92,Mazowiecki regionalny,0,eligible_voters,11345070
3382,2015-10-25,parliament,PL92,Mazowiecki regionalny,1,issued_ballots,5488554
3383,2015-10-25,parliament,PL92,Mazowiecki regionalny,2,BEZPARTYJNI,5352
3384,2015-10-25,parliament,PL92,Mazowiecki regionalny,2,BRAUN,6624
3385,2015-10-25,parliament,PL92,Mazowiecki regionalny,2,KORWIN,217302
3386,2015-10-25,parliament,PL92,Mazowiecki regionalny,2,KUKIZ,444768
3387,2015-10-25,parliament,PL92,Mazowiecki regionalny,2,LEWICA,305046
3388,2015-10-25,parliament,PL92,Mazowiecki regionalny,2,MN,0
3389,2015-10-25,parliament,PL92,Mazowiecki regionalny,2,NOWOCZESNA,251838
3390,2015-10-25,parliament,PL92,Mazowiecki regionalny,2,ODP,0
3391,2015-10-25,parliament,PL92,Mazowiecki regionalny,2,PIS,2558514
3392,2015-10-25,parliament,PL92,Mazowiecki regionalny,2,PO,811344
3393,2015-10-25,parliament,PL92,Mazowiecki regionalny,2,PRAWICA,3936
3394,2015-10-25,parliament,PL92,Mazowiecki regionalny,2,PSL,555702
3395,2015-10-25,parliament,PL92,Mazowiecki regionalny,2,RAZEM,150108
3396,2015-10-25,parliament,PL92,Mazowiecki regionalny,2,RSRP,2622
3397,2015-10-25,parliament,PL92,Mazowiecki regionalny,2,SAMOOBRONA,0
3398,2015-10-25,parliament,PL92,Mazowiecki regionalny,2,STONOGA,12300
3399,2015-10-25,parliament,PL92,Mazowiecki regionalny,2,ZDŚ,0
3400,2019-05-26,european,PL21,Małopolskie,0,eligible_voters,15926616
3401,2019-05-26,european,PL21,Małopolskie,1,issued_ballots,7833360
3402,2019-05-26,european,PL21,Małopolskie,2,EC,0
3403,2019-05-26,european,PL21,Małopolskie,2,GWIAZDOWSKI,66942
3404,2019-05-26,european,PL21,Małopolskie,2,JEDNOSC,0
3405,2019-05-26,european,PL21,Małopolskie,2,KE,2211486
3406,2019-05-26,european,PL21,Małopolskie,2,KONFEDERACJA,340602
3407,2019-05-26,european,PL21,Małopolskie,2,KUKIZ15,321408
3408,2019-05-26,european,PL21,Małopolskie,2,LEWICA,83472
3409,2019-05-26,european,PL21,Małopolskie,2,PIS,4335882
3410,2019-05-26,european,PL21,Małopolskie,2,POLEXIT,26544
3411,2019-05-26,european,PL21,Małopolskie,2,WIOSNA,382662
3412,2019-05-26,european,PL22,Śląskie,0,eligible_voters,28116592
3413,2019-05-26,european,PL22,Śląskie,1,issued_ballots,12894344
3414,2019-05-26,european,PL22,Śląskie,2,EC,0
3415,2019-05-26,european,PL22,Śląskie,2,GWIAZDOWSKI,140936
3416,2019-05-26,european,PL22,Śląskie,2,JEDNOSC,0
3417,2019-05-26,european,PL22,Śląskie,2,KE,5148536
3418,2019-05-26,european,PL22,Śląskie,2,KONFEDERACJA,590088
3419,2019-05-26,european,PL22,Śląskie,2,KUKIZ15,486496
3420,2019-05-26,european,PL22,Śląskie,2,LEWICA,150504
3421,2019-05-26,european,PL22,Śląskie,2,PIS,5533128
3422,2019-05-26,european,PL22,Śląskie,2,POLEXIT,0
3423,2019-05-26,european,PL22,Śląskie,2,WIOSNA,744960
3424,2019-05-26,european,PL41,Wielkopolskie,0,eligible_voters,16194324
3425,2019-05-26,european,PL41,Wielkopolskie,1,issued_ballots,7265454
3426,2019-05-26,european,PL41,Wielkopolskie,2,EC,0
3427,2019-05-26,european,PL41,Wielkopolskie,2,GWIAZDOWSKI,0
3428,2019-05-26,european,PL41,Wielkopolskie,2,JEDNOSC,0
3429,2019-05-26,european,PL41,Wielkopolskie,2,KE,3112236
3430,2019-05-26,european,PL41,Wielkopolskie,2,KONFEDERACJA,335820
3431,2019-05-26,european,PL41,Wielkopolskie,2,KUKIZ15,309000
3432,2019-05-26,european,PL41,Wielkopolskie,2,LEWICA,115356
3433,2019-05-26,european,PL41,Wielkopolskie,2,PIS,2762592
3434,2019-05-26,european,PL41,Wielkopolskie,2,POLEXIT,0
3435,2019-05-26,european,PL41,Wielkopolskie,2,WIOSNA,561024
3436,2019-05-26,european,PL42,Zachodniopomorskie,0,eligible_voters,5281904
3437,2019-05-26,european,PL42,Zachodniopomorskie,1,issued_ballots,2268884
3438,2019-05-26,european,PL42,Zachodniopomorskie,2,EC,0
3439,2019-05-26,european,PL42,Zachodniopomorskie,2,GWIAZDOWSKI,0
3440,2019-05-26,european,PL42,Zachodniopomorskie,2,JEDNOSC,0
3441,2019-05-26,european,PL42,Zachodniopomorskie,2,KE,1074420
3442,2019-05-26,european,PL42,Zachodniopomorskie,2,KONFEDERACJA,87032
3443,2019-05-26,european,PL42,Zachodniopomorskie,2,KUKIZ15,63360
3444,2019-05-26,european,PL42,Zachodniopomorskie,2,LEWICA,24396
3445,2019-05-26,european,PL42,Zachodniopomorskie,2,PIS,830508
3446,2019-05-26,european,PL42,Zachodniopomorskie,2,POLEXIT,0
3447,2019-05-26,european,PL42,Zachodniopomorskie,2,WIOSNA,171016
3448,2019-05-26,european,PL43,Lubuskie,0,eligible_voters,1569732
3449,2019-05-26,european,PL43,Lubuskie,1,issued_ballots,638200
3450,2019-05-26,european,PL43,Lubuskie,2,EC,0
3451,2019-05-26,european,PL43,Lubuskie,2,GWIAZDOWSKI,0
3452,2019-05-26,european,PL43,Lubuskie,2,JEDNOSC,0
3453,2019-05-26,european,PL43,Lubuskie,2,KE,302428
3454,2019-05-26,european,PL43,Lubuskie,2,KONFEDERACJA,24626
3455,2019-05-26,european,PL43,Lubuskie,2,KUKIZ15,20202
3456,2019-05-26,european,PL43,Lubuskie,2,LEWICA,7380
3457,2019-05-26,european,PL43,Lubuskie,2,PIS,232604
3458,2019-05-26,european,PL43,Lubuskie,2,POLEXIT,0
3459,2019-05-26,european,PL43,Lubuskie,2,WIOSNA,45604
3460,2019-05-26,european,PL51,Dolnośląskie,0,eligible_voters,11322200
3461,2019-05-26,european,PL51,Dolnośląskie,1,issued_ballots,5105745
3462,2019-05-26,european,PL51,Dolnośląskie,2,EC,0
3463,2019-05-26,european,PL51,Dolnośląskie,2,GWIAZDOWSKI,0
3464,2019-05-26,european,PL51,Dolnośląskie,2,JEDNOSC,0
3465,2019-05-26,european,PL51,Dolnośląskie,2,KE,2209690
3466,2019-05-26,european,PL51,Dolnośląskie,2,KONFEDERACJA,258320
3467,2019-05-26,european,PL51,Dolnośląskie,2,KUKIZ15,202125
3468,2019-05-26,european,PL51,Dolnośląskie,2,LEWICA,69685
3469,2019-05-26,european,PL51,Dolnośląskie,2,PIS,1960730
3470,2019-05-26,european,PL51,Dolnośląskie,2,POLEXIT,0
3471,2019-05-26,european,PL51,Dolnośląskie,2,WIOSNA,366685
3472,2019-05-26,european,PL52,Opolskie,0,eligible_voters,1574456
3473,2019-05-26,european,PL52,Opolskie,1,issued_ballots,596854
3474,2019-05-26,european,PL52,Opolskie,2,EC,0
3475,2019-05-26,european,PL52,Opolskie,2,GWIAZDOWSKI,0
3476,2019-05-26,european,PL52,Opolskie,2,JEDNOSC,0
3477,2019-05-26,european,PL52,Opolskie,2,KE,264918
3478,2019-05-26,european,PL52,Opolskie,2,KONFEDERACJA,27088
3479,2019-05-26,european,PL52,Opolskie,2,KUKIZ15,32764
3480,2019-05-26,european,PL52,Opolskie,2,LEWICA,7000
3481,2019-05-26,european,PL52,Opolskie,2,PIS,229550
3482,2019-05-26,european,PL52,Opolskie,2,POLEXIT,0
3483,2019-05-26,european,PL52,Opolskie,2,WIOSNA,30356
3484,2019-05-26,european,PL61,Kujawsko-pomorskie,0,eligible_voters,8017805
3485,2019-05-26,european,PL61,Kujawsko-pomorskie,1,issued_ballots,3347175
3486,2019-05-26,european,PL61,Kujawsko-pomorskie,2,EC,0
3487,2019-05-26,european,PL61,Kujawsko-pomorskie,2,GWIAZDOWSKI,0
3488,2019-05-26,european,PL61,Kujawsko-pomorskie,2,JEDNOSC,0
3489,2019-05-26,european,PL61,Kujawsko-pomorskie,2,KE,1526810
3490,2019-05-26,european,PL61,Kujawsko-pomorskie,2,KONFEDERACJA,126115
3491,2019-05-26,european,PL61,Kujawsko-pomorskie,2,KUKIZ15,128470
3492,2019-05-26,european,PL61,Kujawsko-pomorskie,2,LEWICA,37665
3493,2019-05-26,european,PL61,Kujawsko-pomorskie,2,PIS,1302040
3494,2019-05-26,european,PL61,Kujawsko-pomorskie,2,POLEXIT,0
3495,2019-05-26,european,PL61,Kujawsko-pomorskie,2,WIOSNA,197060
3496,2019-05-26,european,PL62,Warmińsko-mazurskie,0,eligible_voters,3357729
3497,2019-05-26,european,PL62,Warmińsko-mazurskie,1,issued_ballots,1250646
3498,2019-05-26,european,PL62,Warmińsko-mazurskie,2,EC,0
3499,2019-05-26,european,PL62,Warmińsko-mazurskie,2,GWIAZDOWSKI,0
3500,2019-05-26,european,PL62,Warmińsko-mazurskie,2,JEDNOSC,0
3501,2019-05-26,european,PL62,Warmińsko-mazurskie,2,KE,522405
3502,2019-05-26,european,PL62,Warmińsko-mazurskie,2,KONFEDERACJA,56616
3503,2019-05-26,european,PL62,Warmińsko-mazurskie,2,KUKIZ15,45423
3504,2019-05-26,european,PL62,Warmińsko-mazurskie,2,LEWICA,19611
3505,2019-05-26,european,PL62,Warmińsko-mazurskie,2,PIS,504684
3506,2019-05-26,european,PL62,Warmińsko-mazurskie,2,POLEXIT,0
3507,2019-05-26,european,PL62,Warmińsko-mazurskie,2,WIOSNA,90537
3508,2019-05-26,european,PL63,Pomorskie,0,eligible_voters,8825430
3509,2019-05-26,european,PL63,Pomorskie,1,issued_ballots,4169495
3510,2019-05-26,european,PL63,Pomorskie,2,EC,0
3511,2019-05-26,european,PL63,Pomorskie,2,GWIAZDOWSKI,42125
3512,2019-05-26,european,PL63,Pomorskie,2,JEDNOSC,0
3513,2019-05-26,european,PL63,Pomorskie,2,KE,2095910
3514,2019-05-26,european,PL63,Pomorskie,2,KONFEDERACJA,165940
3515,2019-05-26,european,PL63,Pomorskie,2,KUKIZ15,110570
3516,2019-05-26,european,PL63,Pomorskie,2,LEWICA,39730
3517,2019-05-26,european,PL63,Pomorskie,2,PIS,1428700
3518,2019-05-26,european,PL63,Pomorskie,2,POLEXIT,0
3519,2019-05-26,european,PL63,Pomorskie,2,WIOSNA,254310
3520,2019-05-26,european,PL71,Łódzkie,0,eligible_voters,9801260
3521,2019-05-26,european,PL71,Łódzkie,1,issued_ballots,4599955
3522,2019-05-26,european,PL71,Łódzkie,2,EC,0
3523,2019-05-26,european,PL71,Łódzkie,2,GWIAZDOWSKI,0
3524,2019-05-26,european,PL71,Łódzkie,2,JEDNOSC,0
3525,2019-05-26,european,PL71,Łódzkie,2,KE,1738100
3526,2019-05-26,european,PL71,Łódzkie,2,KONFEDERACJA,189495
3527,2019-05-26,european,PL71,Łódzkie,2,KUKIZ15,162380
3528,2019-05-26,european,PL71,Łódzkie,2,LEWICA,89245
3529,2019-05-26,european,PL71,Łódzkie,2,PIS,2130230
3530,2019-05-26,european,PL71,Łódzkie,2,POLEXIT,0
3531,2019-05-26,european,PL71,Łódzkie,2,WIOSNA,253480
3532,2019-05-26,european,PL72,Świętokrzyskie,0,eligible_voters,2025794
3533,2019-05-26,european,PL72,Świętokrzyskie,1,issued_ballots,901346
3534,2019-05-26,european,PL72,Świętokrzyskie,2,EC,0
3535,2019-05-26,european,PL72,Świętokrzyskie,2,GWIAZDOWSKI,3942
3536,2019-05-26,european,PL72,Świętokrzyskie,2,JEDNOSC,0
3537,2019-05-26,european,PL72,Świętokrzyskie,2,KE,273638
3538,2019-05-26,european,PL72,Świętokrzyskie,2,KONFEDERACJA,33692
3539,2019-05-26,european,PL72,Świętokrzyskie,2,KUKIZ15,27408
3540,2019-05-26,european,PL72,Świętokrzyskie,2,LEWICA,5802
3541,2019-05-26,european,PL72,Świętokrzyskie,2,PIS,516338
3542,2019-05-26,european,PL72,Świętokrzyskie,2,POLEXIT,2176
3543,2019-05-26,european,PL72,Świętokrzyskie,2,WIOSNA,29582
3544,2019-05-26,european,PL81,Lubelskie,0,eligible_voters,6824320
3545,2019-05-26,european,PL81,Lubelskie,1,issued_ballots,2992132
3546,2019-05-26,european,PL81,Lubelskie,2,EC,0
3547,2019-05-26,european,PL81,Lubelskie,2,GWIAZDOWSKI,20284
3548,2019-05-26,european,PL81,Lubelskie,2,JEDNOSC,0
3549,2019-05-26,european,PL81,Lubelskie,2,KE,833568
3550,2019-05-26,european,PL81,Lubelskie,2,KONFEDERACJA,130824
3551,2019-05-26,european,PL81,Lubelskie,2,KUKIZ15,118268
3552,2019-05-26,european,PL81,Lubelskie,2,LEWICA,21208
3553,2019-05-26,european,PL81,Lubelskie,2,PIS,1744556
3554,2019-05-26,european,PL81,Lubelskie,2,POLEXIT,0
3555,2019-05-26,european,PL81,Lubelskie,2,WIOSNA,90768
3556,2019-05-26,european,PL82,Podkarpackie,0,eligible_voters,6808444
3557,2019-05-26,european,PL82,Podkarpackie,1,issued_ballots,3011908
3558,2019-05-26,european,PL82,Podkarpackie,2,EC,0
3559,2019-05-26,european,PL82,Podkarpackie,2,GWIAZDOWSKI,0
3560,2019-05-26,european,PL82,Podkarpackie,2,JEDNOSC,0
3561,2019-05-26,european,PL82,Podkarpackie,2,KE,643952
3562,2019-05-26,european,PL82,Podkarpackie,2,KONFEDERACJA,175904
3563,2019-05-26,european,PL82,Podkarpackie,2,KUKIZ15,100864
3564,2019-05-26,european,PL82,Podkarpackie,2,LEWICA,21232
3565,2019-05-26,european,PL82,Podkarpackie,2,PIS,1943116
3566,2019-05-26,european,PL82,Podkarpackie,2,POLEXIT,9552
3567,2019-05-26,european,PL82,Podkarpackie,2,WIOSNA,91524
3568,2019-05-26,european,PL84,Podlaskie,0,eligible_voters,2805609
3569,2019-05-26,european,PL84,Podlaskie,1,issued_ballots,1148892
3570,2019-05-26,european,PL84,Podlaskie,2,EC,0
3571,2019-05-26,european,PL84,Podlaskie,2,GWIAZDOWSKI,0
3572,2019-05-26,european,PL84,Podlaskie,2,JEDNOSC,0
3573,2019-05-26,european,PL84,Podlaskie,2,KE,358626
3574,2019-05-26,european,PL84,Podlaskie,2,KONFEDERACJA,59982
3575,2019-05-26,european,PL84,Podlaskie,2,KUKIZ15,40113
3576,2019-05-26,european,PL84,Podlaskie,2,LEWICA,14940
3577,2019-05-26,european,PL84,Podlaskie,2,PIS,620319
3578,2019-05-26,european,PL84,Podlaskie,2,POLEXIT,0
3579,2019-05-26,european,PL84,Podlaskie,2,WIOSNA,45735
3580,2019-05-26,european,PL91,Warszawski stołeczny,0,eligible_voters,6940230
3581,2019-05-26,european,PL91,Warszawski stołeczny,1,issued_ballots,4057296
3582,2019-05-26,european,PL91,Warszawski stołeczny,2,EC,0
3583,2019-05-26,european,PL91,Warszawski stołeczny,2,GWIAZDOWSKI,67986
3584,2019-05-26,european,PL91,Warszawski stołeczny,2,JEDNOSC,480
3585,2019-05-26,european,PL91,Warszawski stołeczny,2,KE,1822746
3586,2019-05-26,european,PL91,Warszawski stołeczny,2,KONFEDERACJA,185637
3587,2019-05-26,european,PL91,Warszawski stołeczny,2,KUKIZ15,148455
3588,2019-05-26,european,PL91,Warszawski stołeczny,2,LEWICA,68754
3589,2019-05-26,european,PL91,Warszawski stołeczny,2,PIS,1346748
3590,2019-05-26,european,PL91,Warszawski stołeczny,2,POLEXIT,0
3591,2019-05-26,european,PL91,Warszawski stołeczny,2,WIOSNA,393285
3592,2019-05-26,european,PL92,Mazowiecki regionalny,0,eligible_voters,11185134
3593,2019-05-26,european,PL92,Mazowiecki regionalny,1,issued_ballots,4806966
3594,2019-05-26,european,PL92,Mazowiecki regionalny,2,EC,0
3595,2019-05-26,european,PL92,Mazowiecki regionalny,2,GWIAZDOWSKI,36474
3596,2019-05-26,european,PL92,Mazowiecki regionalny,2,JEDNOSC,12306
3597,2019-05-26,european,PL92,Mazowiecki regionalny,2,KE,1256118
3598,2019-05-26,european,PL92,Mazowiecki regionalny,2,KONFEDERACJA,191748
3599,2019-05-26,european,PL92,Mazowiecki regionalny,2,KUKIZ15,153456
3600,2019-05-26,european,PL92,Mazowiecki regionalny,2,LEWICA,34854
3601,2019-05-26,european,PL92,Mazowiecki regionalny,2,PIS,2895060
3602,2019-05-26,european,PL92,Mazowiecki regionalny,2,POLEXIT,0
3603,2019-05-26,european,PL92,Mazowiecki regionalny,2,WIOSNA,181482
3604,2019-10-13,parliament,PL21,Małopolskie,0,eligible_voters,15988764
3605,2019-10-13,parliament,PL21,Małopolskie,1,issued_ballots,10199430
3606,2019-10-13,parliament,PL21,Małopolskie,2,BIS,55284
3607,2019-10-13,parliament,PL21,Małopolskie,2,KONFEDERACJA,747786
3608,2019-10-13,parliament,PL21,Małopolskie,2,LIROY,0
3609,2019-10-13,parliament,PL21,Małopolskie,2,MN,0
3610,2019-10-13,parliament,PL21,Małopolskie,2,PIS,5258286
3611,2019-10-13,parliament,PL21,Małopolskie,2,PO,2223474
3612,2019-10-13,parliament,PL21,Małopolskie,2,PRAWICA,10590
3613,2019-10-13,parliament,PL21,Małopolskie,2,PSL,874506
3614,2019-10-13,parliament,PL21,Małopolskie,2,SLD,926802
3615,2019-10-13,parliament,PL21,Małopolskie,2,ZER,0
3616,2019-10-13,parliament,PL22,Śląskie,0,eligible_voters,27948368
3617,2019-10-13,parliament,PL22,Śląskie,1,issued_ballots,17400456
3618,2019-10-13,parliament,PL22,Śląskie,2,BIS,174640
3619,2019-10-13,parliament,PL22,Śląskie,2,KONFEDERACJA,1218376
3620,2019-10-13,parliament,PL22,Śląskie,2,LIROY,0
3621,2019-10-13,parliament,PL22,Śląskie,2,MN,0
3622,2019-10-13,parliament,PL22,Śląskie,2,PIS,7250712
3623,2019-10-13,parliament,PL22,Śląskie,2,PO,5184024
3624,2019-10-13,parliament,PL22,Śląskie,2,PRAWICA,0
3625,2019-10-13,parliament,PL22,Śląskie,2,PSL,1027640
3626,2019-10-13,parliament,PL22,Śląskie,2,SLD,2371168
3627,2019-10-13,parliament,PL22,Śląskie,2,ZER,0
3628,2019-10-13,parliament,PL41,Wielkopolskie,0,eligible_voters,16194726
3629,2019-10-13,parliament,PL41,Wielkopolskie,1,issued_ballots,10196784
3630,2019-10-13,parliament,PL41,Wielkopolskie,2,BIS,0
3631,2019-10-13,parliament,PL41,Wielkopolskie,2,KONFEDERACJA,666804
3632,2019-10-13,parliament,PL41,Wielkopolskie,2,LIROY,0
3633,2019-10-13,parliament,PL41,Wielkopolskie,2,MN,0
3634,2019-10-13,parliament,PL41,Wielkopolskie,2,PIS,3700374
3635,2019-10-13,parliament,PL41,Wielkopolskie,2,PO,3156408
3636,2019-10-13,parliament,PL41,Wielkopolskie,2,PRAWICA,0
3637,2019-10-13,parliament,PL41,Wielkopolskie,2,PSL,1041750
3638,2019-10-13,parliament,PL41,Wielkopolskie,2,SLD,1475724
3639,2019-10-13,parliament,PL41,Wielkopolskie,2,ZER,13566
3640,2019-10-13,parliament,PL42,Zachodniopomorskie,0,eligible_voters,5204788
3641,2019-10-13,parliament,PL42,Zachodniopomorskie,1,issued_ballots,3012808
3642,2019-10-13,parliament,PL42,Zachodniopomorskie,2,BIS,0
3643,2019-10-13,parliament,PL42,Zachodniopomorskie,2,KONFEDERACJA,188012
3644,2019-10-13,parliament,PL42,Zachodniopomorskie,2,LIROY,0
3645,2019-10-13,parliament,PL42,Zachodniopomorskie,2,MN,0
3646,2019-10-13,parliament,PL42,Zachodniopomorskie,2,PIS,1061112
3647,2019-10-13,parliament,PL42,Zachodniopomorskie,2,PO,1023284
3648,2019-10-13,parliament,PL42,Zachodniopomorskie,2,PRAWICA,0
3649,2019-10-13,parliament,PL42,Zachodniopomorskie,2,PSL,241756
3650,2019-10-13,parliament,PL42,Zachodniopomorskie,2,SLD,454796
3651,2019-10-13,parliament,PL42,Zachodniopomorskie,2,ZER,0
3652,2019-10-13,parliament,PL43,Lubuskie,0,eligible_voters,1553870
3653,2019-10-13,parliament,PL43,Lubuskie,1,issued_ballots,889096
3654,2019-10-13,parliament,PL43,Lubuskie,2,BIS,0
3655,2019-10-13,parliament,PL43,Lubuskie,2,KONFEDERACJA,62980
3656,2019-10-13,parliament,PL43,Lubuskie,2,LIROY,0
3657,2019-10-13,parliament,PL43,Lubuskie,2,MN,0
3658,2019-10-13,parliament,PL43,Lubuskie,2,PIS,300376
3659,2019-10-13,parliament,PL43,Lubuskie,2,PO,273910
3660,2019-10-13,parliament,PL43,Lubuskie,2,PRAWICA,0
3661,2019-10-13,parliament,PL43,Lubuskie,2,PSL,101886
3662,2019-10-13,parliament,PL43,Lubuskie,2,SLD,136682
3663,2019-10-13,parliament,PL43,Lubuskie,2,ZER,0
3664,2019-10-13,parliament,PL51,Dolnośląskie,0,eligible_voters,11368705
3665,2019-10-13,parliament,PL51,Dolnośląskie,1,issued_ballots,6927150
3666,2019-10-13,parliament,PL51,Dolnośląskie,2,BIS,205750
3667,2019-10-13,parliament,PL51,Dolnośląskie,2,KONFEDERACJA,447200
3668,2019-10-13,parliament,PL51,Dolnośląskie,2,LIROY,0
3669,2019-10-13,parliament,PL51,Dolnośląskie,2,MN,0
3670,2019-10-13,parliament,PL51,Dolnośląskie,2,PIS,2625035
3671,2019-10-13,parliament,PL51,Dolnośląskie,2,PO,2068160
3672,2019-10-13,parliament,PL51,Dolnośląskie,2,PRAWICA,0
3673,2019-10-13,parliament,PL51,Dolnośląskie,2,PSL,469015
3674,2019-10-13,parliament,PL51,Dolnośląskie,2,SLD,1034305
3675,2019-10-13,parliament,PL51,Dolnośląskie,2,ZER,0
3676,2019-10-13,parliament,PL52,Opolskie,0,eligible_voters,1559072
3677,2019-10-13,parliament,PL52,Opolskie,1,issued_ballots,825050
3678,2019-10-13,parliament,PL52,Opolskie,2,BIS,0
3679,2019-10-13,parliament,PL52,Opolskie,2,KONFEDERACJA,46352
3680,2019-10-13,parliament,PL52,Opolskie,2,LIROY,0
3681,2019-10-13,parliament,PL52,Opolskie,2,MN,64188
3682,2019-10-13,parliament,PL52,Opolskie,2,PIS,305998
3683,2019-10-13,parliament,PL52,Opolskie,2,PO,217140
3684,2019-10-13,parliament,PL52,Opolskie,2,PRAWICA,0
3685,2019-10-13,parliament,PL52,Opolskie,2,PSL,83802
3686,2019-10-13,parliament,PL52,Opolskie,2,SLD,95398
3687,2019-10-13,parliament,PL52,Opolskie,2,ZER,0
3688,2019-10-13,parliament,PL61,Kujawsko-pomorskie,0,eligible_voters,7958185
3689,2019-10-13,parliament,PL61,Kujawsko-pomorskie,1,issued_ballots,4624050
3690,2019-10-13,parliament,PL61,Kujawsko-pomorskie,2,BIS,55760
3691,2019-10-13,parliament,PL61,Kujawsko-pomorskie,2,KONFEDERACJA,305155
3692,2019-10-13,parliament,PL61,Kujawsko-pomorskie,2,LIROY,0
3693,2019-10-13,parliament,PL61,Kujawsko-pomorskie,2,MN,0
3694,2019-10-13,parliament,PL61,Kujawsko-pomorskie,2,PIS,1750990
3695,2019-10-13,parliament,PL61,Kujawsko-pomorskie,2,PO,1311850
3696,2019-10-13,parliament,PL61,Kujawsko-pomorskie,2,PRAWICA,0
3697,2019-10-13,parliament,PL61,Kujawsko-pomorskie,2,PSL,453610
3698,2019-10-13,parliament,PL61,Kujawsko-pomorskie,2,SLD,684195
3699,2019-10-13,parliament,PL61,Kujawsko-pomorskie,2,ZER,0
3700,2019-10-13,parliament,PL62,Warmińsko-mazurskie,0,eligible_voters,3312474
3701,2019-10-13,parliament,PL62,Warmińsko-mazurskie,1,issued_ballots,1776051
3702,2019-10-13,parliament,PL62,Warmińsko-mazurskie,2,BIS,18957
3703,2019-10-13,parliament,PL62,Warmińsko-mazurskie,2,KONFEDERACJA,111963
3704,2019-10-13,parliament,PL62,Warmińsko-mazurskie,2,LIROY,7020
3705,2019-10-13,parliament,PL62,Warmińsko-mazurskie,2,MN,0
3706,2019-10-13,parliament,PL62,Warmińsko-mazurskie,2,PIS,693714
3707,2019-10-13,parliament,PL62,Warmińsko-mazurskie,2,PO,477300
3708,2019-10-13,parliament,PL62,Warmińsko-mazurskie,2,PRAWICA,0
3709,2019-10-13,parliament,PL62,Warmińsko-mazurskie,2,PSL,213231
3710,2019-10-13,parliament,PL62,Warmińsko-mazurskie,2,SLD,225324
3711,2019-10-13,parliament,PL62,Warmińsko-mazurskie,2,ZER,0
3712,2019-10-13,parliament,PL63,Pomorskie,0,eligible_voters,8834075
3713,2019-10-13,parliament,PL63,Pomorskie,1,issued_ballots,5607635
3714,2019-10-13,parliament,PL63,Pomorskie,2,BIS,0
3715,2019-10-13,parliament,PL63,Pomorskie,2,KONFEDERACJA,402585
3716,2019-10-13,parliament,PL63,Pomorskie,2,LIROY,0
3717,2019-10-13,parliament,PL63,Pomorskie,2,MN,0
3718,2019-10-13,parliament,PL63,Pomorskie,2,PIS,1906675
3719,2019-10-13,parliament,PL63,Pomorskie,2,PO,2133460
3720,2019-10-13,parliament,PL63,Pomorskie,2,PRAWICA,0
3721,2019-10-13,parliament,PL63,Pomorskie,2,PSL,386675
3722,2019-10-13,parliament,PL63,Pomorskie,2,SLD,718360
3723,2019-10-13,parliament,PL63,Pomorskie,2,ZER,0
3724,2019-10-13,parliament,PL71,Łódzkie,0,eligible_voters,9727765
3725,2019-10-13,parliament,PL71,Łódzkie,1,issued_ballots,6179780
3726,2019-10-13,parliament,PL71,Łódzkie,2,BIS,35915
3727,2019-10-13,parliament,PL71,Łódzkie,2,KONFEDERACJA,390540
3728,2019-10-13,parliament,PL71,Łódzkie,2,LIROY,0
3729,2019-10-13,parliament,PL71,Łódzkie,2,MN,0
3730,2019-10-13,parliament,PL71,Łódzkie,2,PIS,2803170
3731,2019-10-13,parliament,PL71,Łódzkie,2,PO,1486290
3732,2019-10-13,parliament,PL71,Łódzkie,2,PRAWICA,0
3733,2019-10-13,parliament,PL71,Łódzkie,2,PSL,511760
3734,2019-10-13,parliament,PL71,Łódzkie,2,SLD,882850
3735,2019-10-13,parliament,PL71,Łódzkie,2,ZER,0
3736,2019-10-13,parliament,PL72,Świętokrzyskie,0,eligible_voters,1997594
3737,2019-10-13,parliament,PL72,Świętokrzyskie,1,issued_ballots,1152706
3738,2019-10-13,parliament,PL72,Świętokrzyskie,2,BIS,10800
3739,2019-10-13,parliament,PL72,Świętokrzyskie,2,KONFEDERACJA,67790
3740,2019-10-13,parliament,PL72,Świętokrzyskie,2,LIROY,16546
3741,2019-10-13,parliament,PL72,Świętokrzyskie,2,MN,0
3742,2019-10-13,parliament,PL72,Świętokrzyskie,2,PIS,628910
3743,2019-10-13,parliament,PL72,Świętokrzyskie,2,PO,189760
3744,2019-10-13,parliament,PL72,Świętokrzyskie,2,PRAWICA,0
3745,2019-10-13,parliament,PL72,Świętokrzyskie,2,PSL,112578
3746,2019-10-13,parliament,PL72,Świętokrzyskie,2,SLD,113398
3747,2019-10-13,parliament,PL72,Świętokrzyskie,2,ZER,0
3748,2019-10-13,parliament,PL81,Lubelskie,0,eligible_voters,6742732
3749,2019-10-13,parliament,PL81,Lubelskie,1,issued_ballots,3911356
3750,2019-10-13,parliament,PL81,Lubelskie,2,BIS,48632
3751,2019-10-13,parliament,PL81,Lubelskie,2,KONFEDERACJA,253804
3752,2019-10-13,parliament,PL81,Lubelskie,2,LIROY,0
3753,2019-10-13,parliament,PL81,Lubelskie,2,MN,0
3754,2019-10-13,parliament,PL81,Lubelskie,2,PIS,2208344
3755,2019-10-13,parliament,PL81,Lubelskie,2,PO,674344
3756,2019-10-13,parliament,PL81,Lubelskie,2,PRAWICA,0
3757,2019-10-13,parliament,PL81,Lubelskie,2,PSL,396312
3758,2019-10-13,parliament,PL81,Lubelskie,2,SLD,286224
3759,2019-10-13,parliament,PL81,Lubelskie,2,ZER,0
3760,2019-10-13,parliament,PL82,Podkarpackie,0,eligible_voters,6759920
3761,2019-10-13,parliament,PL82,Podkarpackie,1,issued_ballots,3959520
3762,2019-10-13,parliament,PL82,Podkarpackie,2,BIS,0
3763,2019-10-13,parliament,PL82,Podkarpackie,2,KONFEDERACJA,300860
3764,2019-10-13,parliament,PL82,Podkarpackie,2,LIROY,14120
3765,2019-10-13,parliament,PL82,Podkarpackie,2,MN,0
3766,2019-10-13,parliament,PL82,Podkarpackie,2,PIS,2459024
3767,2019-10-13,parliament,PL82,Podkarpackie,2,PO,587796
3768,2019-10-13,parliament,PL82,Podkarpackie,2,PRAWICA,0
3769,2019-10-13,parliament,PL82,Podkarpackie,2,PSL,306092
3770,2019-10-13,parliament,PL82,Podkarpackie,2,SLD,249576
3771,2019-10-13,parliament,PL82,Podkarpackie,2,ZER,0
3772,2019-10-13,parliament,PL84,Podlaskie,0,eligible_voters,2767554
3773,2019-10-13,parliament,PL84,Podlaskie,1,issued_ballots,1576704
3774,2019-10-13,parliament,PL84,Podlaskie,2,BIS,12003
3775,2019-10-13,parliament,PL84,Podlaskie,2,KONFEDERACJA,108621
3776,2019-10-13,parliament,PL84,Podlaskie,2,LIROY,6816
3777,2019-10-13,parliament,PL84,Podlaskie,2,MN,0
3778,2019-10-13,parliament,PL84,Podlaskie,2,PIS,812664
3779,2019-10-13,parliament,PL84,Podlaskie,2,PO,328581
3780,2019-10-13,parliament,PL84,Podlaskie,2,PRAWICA,0
3781,2019-10-13,parliament,PL84,Podlaskie,2,PSL,145698
3782,2019-10-13,parliament,PL84,Podlaskie,2,SLD,142026
3783,2019-10-13,parliament,PL84,Podlaskie,2,ZER,5325
3784,2019-10-13,parliament,PL91,Warszawski stołeczny,0,eligible_voters,7100949
3785,2019-10-13,parliament,PL91,Warszawski stołeczny,1,issued_ballots,5269863
3786,2019-10-13,parliament,PL91,Warszawski stołeczny,2,BIS,42198
3787,2019-10-13,parliament,PL91,Warszawski stołeczny,2,KONFEDERACJA,339978
3788,2019-10-13,parliament,PL91,Warszawski stołeczny,2,LIROY,0
3789,2019-10-13,parliament,PL91,Warszawski stołeczny,2,MN,0
3790,2019-10-13,parliament,PL91,Warszawski stołeczny,2,PIS,1756185
3791,2019-10-13,parliament,PL91,Warszawski stołeczny,2,PO,1947093
3792,2019-10-13,parliament,PL91,Warszawski stołeczny,2,PRAWICA,0
3793,2019-10-13,parliament,PL91,Warszawski stołeczny,2,PSL,331662
3794,2019-10-13,parliament,PL91,Warszawski stołeczny,2,SLD,813288
3795,2019-10-13,parliament,PL91,Warszawski stołeczny,2,ZER,918
3796,2019-10-13,parliament,PL92,Mazowiecki regionalny,0,eligible_voters,11055468
3797,2019-10-13,parliament,PL92,Mazowiecki regionalny,1,issued_ballots,6571176
3798,2019-10-13,parliament,PL92,Mazowiecki regionalny,2,BIS,73800
3799,2019-10-13,parliament,PL92,Mazowiecki regionalny,2,KONFEDERACJA,377454
3800,2019-10-13,parliament,PL92,Mazowiecki regionalny,2,LIROY,15018
3801,2019-10-13,parliament,PL92,Mazowiecki regionalny,2,MN,0
3802,2019-10-13,parliament,PL92,Mazowiecki regionalny,2,PIS,3718638
3803,2019-10-13,parliament,PL92,Mazowiecki regionalny,2,PO,983208
3804,2019-10-13,parliament,PL92,Mazowiecki regionalny,2,PRAWICA,0
3805,2019-10-13,parliament,PL92,Mazowiecki regionalny,2,PSL,829086
3806,2019-10-13,parliament,PL92,Mazowiecki regionalny,2,SLD,481632
3807,2019-10-13,parliament,PL92,Mazowiecki regionalny,2,ZER,6636
3808,2020-06-28,president_a,PL21,Małopolskie,0,eligible_voters,15978408
3809,2020-06-28,president_a,PL21,Małopolskie,1,issued_ballots,10617672
3810,2020-06-28,president_a,PL21,Małopolskie,2,Biedron,205380
3811,2020-06-28,president_a,PL21,Małopolskie,2,Bosak,831618
3812,2020-06-28,president_a,PL21,Małopolskie,2,Duda,5474712
3813,2020-06-28,president_a,PL21,Małopolskie,2,Holownia,1236204
3814,2020-06-28,president_a,PL21,Małopolskie,2,Jakubiak,19302
3815,2020-06-28,president_a,PL21,Małopolskie,2,KosiniakKamysz,314898
3816,2020-06-28,president_a,PL21,Małopolskie,2,Piotrowski,10578
3817,2020-06-28,president_a,PL21,Małopolskie,2,Tanajno,12696
3818,2020-06-28,president_a,PL21,Małopolskie,2,Trzaskowski,2561700
3819,2020-06-28,president_a,PL21,Małopolskie,2,Witkowski,14226
3820,2020-06-28,president_a,PL21,Małopolskie,2,Zoltek,30090
3821,2020-06-28,president_a,PL22,Śląskie,0,eligible_voters,27645312
3822,2020-06-28,president_a,PL22,Śląskie,1,issued_ballots,17563832
3823,2020-06-28,president_a,PL22,Śląskie,2,Biedron,406440
3824,2020-06-28,president_a,PL22,Śląskie,2,Bosak,1256080
3825,2020-06-28,president_a,PL22,Śląskie,2,Duda,7307368
3826,2020-06-28,president_a,PL22,Śląskie,2,Holownia,2729352
3827,2020-06-28,president_a,PL22,Śląskie,2,Jakubiak,28520
3828,2020-06-28,president_a,PL22,Śląskie,2,KosiniakKamysz,341000
3829,2020-06-28,president_a,PL22,Śląskie,2,Piotrowski,19432
3830,2020-06-28,president_a,PL22,Śląskie,2,Tanajno,28280
3831,2020-06-28,president_a,PL22,Śląskie,2,Trzaskowski,5545544
3832,2020-06-28,president_a,PL22,Śląskie,2,Witkowski,24376
3833,2020-06-28,president_a,PL22,Śląskie,2,Zoltek,43192
3834,2020-06-28,president_a,PL41,Wielkopolskie,0,eligible_voters,16176858
3835,2020-06-28,president_a,PL41,Wielkopolskie,1,issued_ballots,10494870
3836,2020-06-28,president_a,PL41,Wielkopolskie,2,Biedron,247200
3837,2020-06-28,president_a,PL41,Wielkopolskie,2,Bosak,638202
3838,2020-06-28,president_a,PL41,Wielkopolskie,2,Duda,3999234
3839,2020-06-28,president_a,PL41,Wielkopolskie,2,Holownia,1758642
3840,2020-06-28,president_a,PL41,Wielkopolskie,2,Jakubiak,15258
3841,2020-06-28,president_a,PL41,Wielkopolskie,2,KosiniakKamysz,264804
3842,2020-06-28,president_a,PL41,Wielkopolskie,2,Piotrowski,10188
3843,2020-06-28,president_a,PL41,Wielkopolskie,2,Tanajno,14988
3844,2020-06-28,president_a,PL41,Wielkopolskie,2,Trzaskowski,3574818
3845,2020-06-28,president_a,PL41,Wielkopolskie,2,Witkowski,19476
3846,2020-06-28,president_a,PL41,Wielkopolskie,2,Zoltek,23592
3847,2020-06-28,president_a,PL42,Zachodniopomorskie,0,eligible_voters,5283864
3848,2020-06-28,president_a,PL42,Zachodniopomorskie,1,issued_ballots,3237216
3849,2020-06-28,president_a,PL42,Zachodniopomorskie,2,Biedron,86648
3850,2020-06-28,president_a,PL42,Zachodniopomorskie,2,Bosak,181648
3851,2020-06-28,president_a,PL42,Zachodniopomorskie,2,Duda,1149312
3852,2020-06-28,president_a,PL42,Zachodniopomorskie,2,Holownia,509028
3853,2020-06-28,president_a,PL42,Zachodniopomorskie,2,Jakubiak,4844
3854,2020-06-28,president_a,PL42,Zachodniopomorskie,2,KosiniakKamysz,66940
3855,2020-06-28,president_a,PL42,Zachodniopomorskie,2,Piotrowski,2840
3856,2020-06-28,president_a,PL42,Zachodniopomorskie,2,Tanajno,5288
3857,2020-06-28,president_a,PL42,Zachodniopomorskie,2,Trzaskowski,1231432
3858,2020-06-28,president_a,PL42,Zachodniopomorskie,2,Witkowski,4164
3859,2020-06-28,president_a,PL42,Zachodniopomorskie,2,Zoltek,6468
3860,2020-06-28,president_a,PL43,Lubuskie,0,eligible_voters,1547052
3861,2020-06-28,president_a,PL43,Lubuskie,1,issued_ballots,944176
3862,2020-06-28,president_a,PL43,Lubuskie,2,Biedron,20826
3863,2020-06-28,president_a,PL43,Lubuskie,2,Bosak,57486
3864,2020-06-28,president_a,PL43,Lubuskie,2,Duda,323788
3865,2020-06-28,president_a,PL43,Lubuskie,2,Holownia,169180
3866,2020-06-28,president_a,PL43,Lubuskie,2,Jakubiak,1372
3867,2020-06-28,president_a,PL43,Lubuskie,2,KosiniakKamysz,19166
3868,2020-06-28,president_a,PL43,Lubuskie,2,Piotrowski,810
3869,2020-06-28,president_a,PL43,Lubuskie,2,Tanajno,1512
3870,2020-06-28,president_a,PL43,Lubuskie,2,Trzaskowski,349788
3871,2020-06-28,president_a,PL43,Lubuskie,2,Witkowski,1144
3872,2020-06-28,president_a,PL43,Lubuskie,2,Zoltek,1826
3873,2020-06-28,president_a,PL51,Dolnośląskie,0,eligible_voters,11273370
3874,2020-06-28,president_a,PL51,Dolnośląskie,1,issued_ballots,7096695
3875,2020-06-28,president_a,PL51,Dolnośląskie,2,Biedron,186225
3876,2020-06-28,president_a,PL51,Dolnośląskie,2,Bosak,458965
3877,2020-06-28,president_a,PL51,Dolnośląskie,2,Duda,2725005
3878,2020-06-28,president_a,PL51,Dolnośląskie,2,Holownia,1005250
3879,2020-06-28,president_a,PL51,Dolnośląskie,2,Jakubiak,11615
3880,2020-06-28,president_a,PL51,Dolnośląskie,2,KosiniakKamysz,136050
3881,2020-06-28,president_a,PL51,Dolnośląskie,2,Piotrowski,6765
3882,2020-06-28,president_a,PL51,Dolnośląskie,2,Tanajno,11780
3883,2020-06-28,president_a,PL51,Dolnośląskie,2,Trzaskowski,2561785
3884,2020-06-28,president_a,PL51,Dolnośląskie,2,Witkowski,10815
3885,2020-06-28,president_a,PL51,Dolnośląskie,2,Zoltek,17710
3886,2020-06-28,president_a,PL52,Opolskie,0,eligible_voters,1544780
3887,2020-06-28,president_a,PL52,Opolskie,1,issued_ballots,867754
3888,2020-06-28,president_a,PL52,Opolskie,2,Biedron,16078
3889,2020-06-28,president_a,PL52,Opolskie,2,Bosak,53322
3890,2020-06-28,president_a,PL52,Opolskie,2,Duda,353104
3891,2020-06-28,president_a,PL52,Opolskie,2,Holownia,145218
3892,2020-06-28,president_a,PL52,Opolskie,2,Jakubiak,1404
3893,2020-06-28,president_a,PL52,Opolskie,2,KosiniakKamysz,20292
3894,2020-06-28,president_a,PL52,Opolskie,2,Piotrowski,880
3895,2020-06-28,president_a,PL52,Opolskie,2,Tanajno,1244
3896,2020-06-28,president_a,PL52,Opolskie,2,Trzaskowski,278250
3897,2020-06-28,president_a,PL52,Opolskie,2,Witkowski,1072
3898,2020-06-28,president_a,PL52,Opolskie,2,Zoltek,1838
3899,2020-06-28,president_a,PL61,Kujawsko-pomorskie,0,eligible_voters,7900020
3900,2020-06-28,president_a,PL61,Kujawsko-pomorskie,1,issued_ballots,4787400
3901,2020-06-28,president_a,PL61,Kujawsko-pomorskie,2,Biedron,111250
3902,2020-06-28,president_a,PL61,Kujawsko-pomorskie,2,Bosak,282660
3903,2020-06-28,president_a,PL61,Kujawsko-pomorskie,2,Duda,1900950
3904,2020-06-28,president_a,PL61,Kujawsko-pomorskie,2,Holownia,742985
3905,2020-06-28,president_a,PL61,Kujawsko-pomorskie,2,Jakubiak,6550
3906,2020-06-28,president_a,PL61,Kujawsko-pomorskie,2,KosiniakKamysz,121170
3907,2020-06-28,president_a,PL61,Kujawsko-pomorskie,2,Piotrowski,4560
3908,2020-06-28,president_a,PL61,Kujawsko-pomorskie,2,Tanajno,6545
3909,2020-06-28,president_a,PL61,Kujawsko-pomorskie,2,Trzaskowski,1614805
3910,2020-06-28,president_a,PL61,Kujawsko-pomorskie,2,Witkowski,5410
3911,2020-06-28,president_a,PL61,Kujawsko-pomorskie,2,Zoltek,10415
3912,2020-06-28,president_a,PL62,Warmińsko-mazurskie,0,eligible_voters,3337005
3913,2020-06-28,president_a,PL62,Warmińsko-mazurskie,1,issued_ballots,1895889
3914,2020-06-28,president_a,PL62,Warmińsko-mazurskie,2,Biedron,42075
3915,2020-06-28,president_a,PL62,Warmińsko-mazurskie,2,Bosak,127095
3916,2020-06-28,president_a,PL62,Warmińsko-mazurskie,2,Duda,761793
3917,2020-06-28,president_a,PL62,Warmińsko-mazurskie,2,Holownia,280794
3918,2020-06-28,president_a,PL62,Warmińsko-mazurskie,2,Jakubiak,3186
3919,2020-06-28,president_a,PL62,Warmińsko-mazurskie,2,KosiniakKamysz,47067
3920,2020-06-28,president_a,PL62,Warmińsko-mazurskie,2,Piotrowski,1875
3921,2020-06-28,president_a,PL62,Warmińsko-mazurskie,2,Tanajno,2877
3922,2020-06-28,president_a,PL62,Warmińsko-mazurskie,2,Trzaskowski,626766
3923,2020-06-28,president_a,PL62,Warmińsko-mazurskie,2,Witkowski,2265
3924,2020-06-28,president_a,PL62,Warmińsko-mazurskie,2,Zoltek,3783
3925,2020-06-28,president_a,PL63,Pomorskie,0,eligible_voters,8982110
3926,2020-06-28,president_a,PL63,Pomorskie,1,issued_ballots,5848045
3927,2020-06-28,president_a,PL63,Pomorskie,2,Biedron,150775
3928,2020-06-28,president_a,PL63,Pomorskie,2,Bosak,364890
3929,2020-06-28,president_a,PL63,Pomorskie,2,Duda,1985845
3930,2020-06-28,president_a,PL63,Pomorskie,2,Holownia,946950
3931,2020-06-28,president_a,PL63,Pomorskie,2,Jakubiak,8510
3932,2020-06-28,president_a,PL63,Pomorskie,2,KosiniakKamysz,112000
3933,2020-06-28,president_a,PL63,Pomorskie,2,Piotrowski,6050
3934,2020-06-28,president_a,PL63,Pomorskie,2,Tanajno,8975
3935,2020-06-28,president_a,PL63,Pomorskie,2,Trzaskowski,2265030
3936,2020-06-28,president_a,PL63,Pomorskie,2,Witkowski,8355
3937,2020-06-28,president_a,PL63,Pomorskie,2,Zoltek,13580
3938,2020-06-28,president_a,PL71,Łódzkie,0,eligible_voters,9655090
3939,2020-06-28,president_a,PL71,Łódzkie,1,issued_ballots,6287315
3940,2020-06-28,president_a,PL71,Łódzkie,2,Biedron,145110
3941,2020-06-28,president_a,PL71,Łódzkie,2,Bosak,388795
3942,2020-06-28,president_a,PL71,Łódzkie,2,Duda,2945925
3943,2020-06-28,president_a,PL71,Łódzkie,2,Holownia,816470
3944,2020-06-28,president_a,PL71,Łódzkie,2,Jakubiak,10715
3945,2020-06-28,president_a,PL71,Łódzkie,2,KosiniakKamysz,156225
3946,2020-06-28,president_a,PL71,Łódzkie,2,Piotrowski,6610
3947,2020-06-28,president_a,PL71,Łódzkie,2,Tanajno,9120
3948,2020-06-28,president_a,PL71,Łódzkie,2,Trzaskowski,1816045
3949,2020-06-28,president_a,PL71,Łódzkie,2,Witkowski,8515
3950,2020-06-28,president_a,PL71,Łódzkie,2,Zoltek,14505
3951,2020-06-28,president_a,PL72,Świętokrzyskie,0,eligible_voters,1982816
3952,2020-06-28,president_a,PL72,Świętokrzyskie,1,issued_ballots,1221450
3953,2020-06-28,president_a,PL72,Świętokrzyskie,2,Biedron,21456
3954,2020-06-28,president_a,PL72,Świętokrzyskie,2,Bosak,85088
3955,2020-06-28,president_a,PL72,Świętokrzyskie,2,Duda,687504
3956,2020-06-28,president_a,PL72,Świętokrzyskie,2,Holownia,124766
3957,2020-06-28,president_a,PL72,Świętokrzyskie,2,Jakubiak,2036
3958,2020-06-28,president_a,PL72,Świętokrzyskie,2,KosiniakKamysz,38988
3959,2020-06-28,president_a,PL72,Świętokrzyskie,2,Piotrowski,1228
3960,2020-06-28,president_a,PL72,Świętokrzyskie,2,Tanajno,1336
3961,2020-06-28,president_a,PL72,Świętokrzyskie,2,Trzaskowski,261340
3962,2020-06-28,president_a,PL72,Świętokrzyskie,2,Witkowski,1110
3963,2020-06-28,president_a,PL72,Świętokrzyskie,2,Zoltek,2428
3964,2020-06-28,president_a,PL81,Lubelskie,0,eligible_voters,6718848
3965,2020-06-28,president_a,PL81,Lubelskie,1,issued_ballots,4150380
3966,2020-06-28,president_a,PL81,Lubelskie,2,Biedron,68040
3967,2020-06-28,president_a,PL81,Lubelskie,2,Bosak,333612
3968,2020-06-28,president_a,PL81,Lubelskie,2,Duda,2364936
3969,2020-06-28,president_a,PL81,Lubelskie,2,Holownia,435948
3970,2020-06-28,president_a,PL81,Lubelskie,2,Jakubiak,8380
3971,2020-06-28,president_a,PL81,Lubelskie,2,KosiniakKamysz,127024
3972,2020-06-28,president_a,PL81,Lubelskie,2,Piotrowski,9072
3973,2020-06-28,president_a,PL81,Lubelskie,2,Tanajno,5720
3974,2020-06-28,president_a,PL81,Lubelskie,2,Trzaskowski,806284
3975,2020-06-28,president_a,PL81,Lubelskie,2,Witkowski,4108
3976,2020-06-28,president_a,PL81,Lubelskie,2,Zoltek,10244
3977,2020-06-28,president_a,PL82,Podkarpackie,0,eligible_voters,6738752
3978,2020-06-28,president_a,PL82,Podkarpackie,1,issued_ballots,4227696
3979,2020-06-28,president_a,PL82,Podkarpackie,2,Biedron,59208
3980,2020-06-28,president_a,PL82,Podkarpackie,2,Bosak,381400
3981,2020-06-28,president_a,PL82,Podkarpackie,2,Duda,2584412
3982,2020-06-28,president_a,PL82,Podkarpackie,2,Holownia,402968
3983,2020-06-28,president_a,PL82,Podkarpackie,2,Jakubiak,7788
3984,2020-06-28,president_a,PL82,Podkarpackie,2,KosiniakKamysz,109148
3985,2020-06-28,president_a,PL82,Podkarpackie,2,Piotrowski,4804
3986,2020-06-28,president_a,PL82,Podkarpackie,2,Tanajno,4488
3987,2020-06-28,president_a,PL82,Podkarpackie,2,Trzaskowski,691156
3988,2020-06-28,president_a,PL82,Podkarpackie,2,Witkowski,3500
3989,2020-06-28,president_a,PL82,Podkarpackie,2,Zoltek,9364
3990,2020-06-28,president_a,PL84,Podlaskie,0,eligible_voters,2760981
3991,2020-06-28,president_a,PL84,Podlaskie,1,issued_ballots,1652592
3992,2020-06-28,president_a,PL84,Podlaskie,2,Biedron,26238
3993,2020-06-28,president_a,PL84,Podlaskie,2,Bosak,128469
3994,2020-06-28,president_a,PL84,Podlaskie,2,Duda,840339
3995,2020-06-28,president_a,PL84,Podlaskie,2,Holownia,276264
3996,2020-06-28,president_a,PL84,Podlaskie,2,Jakubiak,3072
3997,2020-06-28,president_a,PL84,Podlaskie,2,KosiniakKamysz,35043
3998,2020-06-28,president_a,PL84,Podlaskie,2,Piotrowski,1806
3999,2020-06-28,president_a,PL84,Podlaskie,2,Tanajno,2241
4000,2020-06-28,president_a,PL84,Podlaskie,2,Trzaskowski,342228
4001,2020-06-28,president_a,PL84,Podlaskie,2,Witkowski,1554
4002,2020-06-28,president_a,PL84,Podlaskie,2,Zoltek,3897
4003,2020-06-28,president_a,PL91,Warszawski stołeczny,0,eligible_voters,7081578
4004,2020-06-28,president_a,PL91,Warszawski stołeczny,1,issued_ballots,5146830
4005,2020-06-28,president_a,PL91,Warszawski stołeczny,2,Biedron,151119
4006,2020-06-28,president_a,PL91,Warszawski stołeczny,2,Bosak,306285
4007,2020-06-28,president_a,PL91,Warszawski stołeczny,2,Duda,1697418
4008,2020-06-28,president_a,PL91,Warszawski stołeczny,2,Holownia,721821
4009,2020-06-28,president_a,PL91,Warszawski stołeczny,2,Jakubiak,12246
4010,2020-06-28,president_a,PL91,Warszawski stołeczny,2,KosiniakKamysz,99552
4011,2020-06-28,president_a,PL91,Warszawski stołeczny,2,Piotrowski,6162
4012,2020-06-28,president_a,PL91,Warszawski stołeczny,2,Tanajno,8631
4013,2020-06-28,president_a,PL91,Warszawski stołeczny,2,Trzaskowski,2158275
4014,2020-06-28,president_a,PL91,Warszawski stołeczny,2,Witkowski,12258
4015,2020-06-28,president_a,PL91,Warszawski stołeczny,2,Zoltek,14457
4016,2020-06-28,president_a,PL92,Mazowiecki regionalny,0,eligible_voters,11022372
4017,2020-06-28,president_a,PL92,Mazowiecki regionalny,1,issued_ballots,6973620
4018,2020-06-28,president_a,PL92,Mazowiecki regionalny,2,Biedron,102558
4019,2020-06-28,president_a,PL92,Mazowiecki regionalny,2,Bosak,477324
4020,2020-06-28,president_a,PL92,Mazowiecki regionalny,2,Duda,4049334
4021,2020-06-28,president_a,PL92,Mazowiecki regionalny,2,Holownia,714330
4022,2020-06-28,president_a,PL92,Mazowiecki regionalny,2,Jakubiak,14508
4023,2020-06-28,president_a,PL92,Mazowiecki regionalny,2,KosiniakKamysz,217128
4024,2020-06-28,president_a,PL92,Mazowiecki regionalny,2,Piotrowski,7410
4025,2020-06-28,president_a,PL92,Mazowiecki regionalny,2,Tanajno,8448
4026,2020-06-28,president_a,PL92,Mazowiecki regionalny,2,Trzaskowski,1383936
4027,2020-06-28,president_a,PL92,Mazowiecki regionalny,2,Witkowski,6594
4028,2020-06-28,president_a,PL92,Mazowiecki regionalny,2,Zoltek,14454
4029,2020-07-12,president_b,PL21,Małopolskie,0,eligible_voters,15974652
4030,2020-07-12,president_b,PL21,Małopolskie,1,issued_ballots,11097282
4031,2020-07-12,president_b,PL21,Małopolskie,2,Duda,6645540
4032,2020-07-12,president_b,PL21,Małopolskie,2,Trzaskowski,4494990
4033,2020-07-12,president_b,PL22,Śląskie,0,eligible_voters,27342224
4034,2020-07-12,president_b,PL22,Śląskie,1,issued_ballots,18037648
4035,2020-07-12,president_b,PL22,Śląskie,2,Duda,8881864
4036,2020-07-12,president_b,PL22,Śląskie,2,Trzaskowski,9247152
4037,2020-07-12,president_b,PL41,Wielkopolskie,0,eligible_voters,16086348
4038,2020-07-12,president_b,PL41,Wielkopolskie,1,issued_ballots,11017692
4039,2020-07-12,president_b,PL41,Wielkopolskie,2,Duda,4977540
4040,2020-07-12,president_b,PL41,Wielkopolskie,2,Trzaskowski,6066768
4041,2020-07-12,president_b,PL42,Zachodniopomorskie,0,eligible_voters,5405456
4042,2020-07-12,president_b,PL42,Zachodniopomorskie,1,issued_ballots,3562764
4043,2020-07-12,president_b,PL42,Zachodniopomorskie,2,Duda,1468384
4044,2020-07-12,president_b,PL42,Zachodniopomorskie,2,Trzaskowski,2092452
4045,2020-07-12,president_b,PL43,Lubuskie,0,eligible_voters,1540618
4046,2020-07-12,president_b,PL43,Lubuskie,1,issued_ballots,993662
4047,2020-07-12,president_b,PL43,Lubuskie,2,Duda,399178
4048,2020-07-12,president_b,PL43,Lubuskie,2,Trzaskowski,593698
4049,2020-07-12,president_b,PL51,Dolnośląskie,0,eligible_voters,11201880
4050,2020-07-12,president_b,PL51,Dolnośląskie,1,issued_ballots,7435205
4051,2020-07-12,president_b,PL51,Dolnośląskie,2,Duda,3319155
4052,2020-07-12,president_b,PL51,Dolnośląskie,2,Trzaskowski,4120545
4053,2020-07-12,president_b,PL52,Opolskie,0,eligible_voters,1532892
4054,2020-07-12,president_b,PL52,Opolskie,1,issued_ballots,909344
4055,2020-07-12,president_b,PL52,Opolskie,2,Duda,431296
4056,2020-07-12,president_b,PL52,Opolskie,2,Trzaskowski,479364
4057,2020-07-12,president_b,PL61,Kujawsko-pomorskie,0,eligible_voters,7864665
4058,2020-07-12,president_b,PL61,Kujawsko-pomorskie,1,issued_ballots,5096720
4059,2020-07-12,president_b,PL61,Kujawsko-pomorskie,2,Duda,2383640
4060,2020-07-12,president_b,PL61,Kujawsko-pomorskie,2,Trzaskowski,2712360
4061,2020-07-12,president_b,PL62,Warmińsko-mazurskie,0,eligible_voters,3385323
4062,2020-07-12,president_b,PL62,Warmińsko-mazurskie,1,issued_ballots,2091621
4063,2020-07-12,president_b,PL62,Warmińsko-mazurskie,2,Duda,977169
4064,2020-07-12,president_b,PL62,Warmińsko-mazurskie,2,Trzaskowski,1109208
4065,2020-07-12,president_b,PL63,Pomorskie,0,eligible_voters,9195320
4066,2020-07-12,president_b,PL63,Pomorskie,1,issued_ballots,6392810
4067,2020-07-12,president_b,PL63,Pomorskie,2,Duda,2564580
4068,2020-07-12,president_b,PL63,Pomorskie,2,Trzaskowski,3821815
4069,2020-07-12,president_b,PL71,Łódzkie,0,eligible_voters,9549900
4070,2020-07-12,president_b,PL71,Łódzkie,1,issued_ballots,6592850
4071,2020-07-12,president_b,PL71,Łódzkie,2,Duda,3592020
4072,2020-07-12,president_b,PL71,Łódzkie,2,Trzaskowski,3003365
4073,2020-07-12,president_b,PL72,Świętokrzyskie,0,eligible_voters,1978426
4074,2020-07-12,president_b,PL72,Świętokrzyskie,1,issued_ballots,1302002
4075,2020-07-12,president_b,PL72,Świętokrzyskie,2,Duda,838734
4076,2020-07-12,president_b,PL72,Świętokrzyskie,2,Trzaskowski,463496
4077,2020-07-12,president_b,PL81,Lubelskie,0,eligible_voters,6686636
4078,2020-07-12,president_b,PL81,Lubelskie,1,issued_ballots,4372308
4079,2020-07-12,president_b,PL81,Lubelskie,2,Duda,2901812
4080,2020-07-12,president_b,PL81,Lubelskie,2,Trzaskowski,1474520
4081,2020-07-12,president_b,PL82,Podkarpackie,0,eligible_voters,6723380
4082,2020-07-12,president_b,PL82,Podkarpackie,1,issued_ballots,4419228
4083,2020-07-12,president_b,PL82,Podkarpackie,2,Duda,3142580
4084,2020-07-12,president_b,PL82,Podkarpackie,2,Trzaskowski,1288532
4085,2020-07-12,president_b,PL84,Podlaskie,0,eligible_voters,2759295
4086,2020-07-12,president_b,PL84,Podlaskie,1,issued_ballots,1759248
4087,2020-07-12,president_b,PL84,Podlaskie,2,Duda,1057467
4088,2020-07-12,president_b,PL84,Podlaskie,2,Trzaskowski,700863
4089,2020-07-12,president_b,PL91,Warszawski stołeczny,0,eligible_voters,6937212
4090,2020-07-12,president_b,PL91,Warszawski stołeczny,1,issued_ballots,5234040
4091,2020-07-12,president_b,PL91,Warszawski stołeczny,2,Duda,2063592
4092,2020-07-12,president_b,PL91,Warszawski stołeczny,2,Trzaskowski,3191640
4093,2020-07-12,president_b,PL92,Mazowiecki regionalny,0,eligible_voters,10971864
4094,2020-07-12,president_b,PL92,Mazowiecki regionalny,1,issued_ballots,7491570
4095,2020-07-12,president_b,PL92,Mazowiecki regionalny,2,Duda,5008350
4096,2020-07-12,president_b,PL92,Mazowiecki regionalny,2,Trzaskowski,2475078
4097,2023-10-15,parliament,PL21,Małopolskie,0,eligible_voters,15772224
4098,2023-10-15,parliament,PL21,Małopolskie,1,issued_ballots,11888268
4099,2023-10-15,parliament,PL21,Małopolskie,2,ANTYPARTIA,0
4100,2023-10-15,parliament,PL21,Małopolskie,2,BS,204672
4101,2023-10-15,parliament,PL21,Małopolskie,2,DIP,0
4102,2023-10-15,parliament,PL21,Małopolskie,2,KONFEDERACJA,940386
4103,2023-10-15,parliament,PL21,Małopolskie,2,LEWICA,812490
4104,2023-10-15,parliament,PL21,Małopolskie,2,MN,0
4105,2023-10-15,parliament,PL21,Małopolskie,2,NK,0
4106,2023-10-15,parliament,PL21,Małopolskie,2,PIS,4888548
4107,2023-10-15,parliament,PL21,Małopolskie,2,PJJ,278190
4108,2023-10-15,parliament,PL21,Małopolskie,2,PO,2752206
4109,2023-10-15,parliament,PL21,Małopolskie,2,RNP,0
4110,2023-10-15,parliament,PL21,Małopolskie,2,TD,1841964
4111,2023-10-15,parliament,PL22,Śląskie,0,eligible_voters,26600704
4112,2023-10-15,parliament,PL22,Śląskie,1,issued_ballots,19832424
4113,2023-10-15,parliament,PL22,Śląskie,2,ANTYPARTIA,0
4114,2023-10-15,parliament,PL22,Śląskie,2,BS,363760
4115,2023-10-15,parliament,PL22,Śląskie,2,DIP,0
4116,2023-10-15,parliament,PL22,Śląskie,2,KONFEDERACJA,1363024
4117,2023-10-15,parliament,PL22,Śląskie,2,LEWICA,2024344
4118,2023-10-15,parliament,PL22,Śląskie,2,MN,0
4119,2023-10-15,parliament,PL22,Śląskie,2,NK,9936
4120,2023-10-15,parliament,PL22,Śląskie,2,PIS,6545328
4121,2023-10-15,parliament,PL22,Śląskie,2,PJJ,409376
4122,2023-10-15,parliament,PL22,Śląskie,2,PO,6273760
4123,2023-10-15,parliament,PL22,Śląskie,2,RNP,0
4124,2023-10-15,parliament,PL22,Śląskie,2,TD,2549824
4125,2023-10-15,parliament,PL41,Wielkopolskie,0,eligible_voters,15873588
4126,2023-10-15,parliament,PL41,Wielkopolskie,1,issued_ballots,12083676
4127,2023-10-15,parliament,PL41,Wielkopolskie,2,ANTYPARTIA,0
4128,2023-10-15,parliament,PL41,Wielkopolskie,2,BS,240840
4129,2023-10-15,parliament,PL41,Wielkopolskie,2,DIP,12810
4130,2023-10-15,parliament,PL41,Wielkopolskie,2,KONFEDERACJA,783588
4131,2023-10-15,parliament,PL41,Wielkopolskie,2,LEWICA,1150236
4132,2023-10-15,parliament,PL41,Wielkopolskie,2,MN,0
4133,2023-10-15,parliament,PL41,Wielkopolskie,2,NK,0
4134,2023-10-15,parliament,PL41,Wielkopolskie,2,PIS,3561450
4135,2023-10-15,parliament,PL41,Wielkopolskie,2,PJJ,127278
4136,2023-10-15,parliament,PL41,Wielkopolskie,2,PO,3974778
4137,2023-10-15,parliament,PL41,Wielkopolskie,2,RNP,0
4138,2023-10-15,parliament,PL41,Wielkopolskie,2,TD,1973718
4139,2023-10-15,parliament,PL42,Zachodniopomorskie,0,eligible_voters,4988332
4140,2023-10-15,parliament,PL42,Zachodniopomorskie,1,issued_ballots,3580516
4141,2023-10-15,parliament,PL42,Zachodniopomorskie,2,ANTYPARTIA,0
4142,2023-10-15,parliament,PL42,Zachodniopomorskie,2,BS,56996
4143,2023-10-15,parliament,PL42,Zachodniopomorskie,2,DIP,8688
4144,2023-10-15,parliament,PL42,Zachodniopomorskie,2,KONFEDERACJA,209284
4145,2023-10-15,parliament,PL42,Zachodniopomorskie,2,LEWICA,320532
4146,2023-10-15,parliament,PL42,Zachodniopomorskie,2,MN,0
4147,2023-10-15,parliament,PL42,Zachodniopomorskie,2,NK,0
4148,2023-10-15,parliament,PL42,Zachodniopomorskie,2,PIS,1042392
4149,2023-10-15,parliament,PL42,Zachodniopomorskie,2,PJJ,40796
4150,2023-10-15,parliament,PL42,Zachodniopomorskie,2,PO,1388208
4151,2023-10-15,parliament,PL42,Zachodniopomorskie,2,RNP,0
4152,2023-10-15,parliament,PL42,Zachodniopomorskie,2,TD,438932
4153,2023-10-15,parliament,PL43,Lubuskie,0,eligible_voters,1483834
4154,2023-10-15,parliament,PL43,Lubuskie,1,issued_ballots,1059160
4155,2023-10-15,parliament,PL43,Lubuskie,2,ANTYPARTIA,2312
4156,2023-10-15,parliament,PL43,Lubuskie,2,BS,23908
4157,2023-10-15,parliament,PL43,Lubuskie,2,DIP,0
4158,2023-10-15,parliament,PL43,Lubuskie,2,KONFEDERACJA,67344
4159,2023-10-15,parliament,PL43,Lubuskie,2,LEWICA,95822
4160,2023-10-15,parliament,PL43,Lubuskie,2,MN,0
4161,2023-10-15,parliament,PL43,Lubuskie,2,NK,0
4162,2023-10-15,parliament,PL43,Lubuskie,2,PIS,287060
4163,2023-10-15,parliament,PL43,Lubuskie,2,PJJ,11588
4164,2023-10-15,parliament,PL43,Lubuskie,2,PO,390182
4165,2023-10-15,parliament,PL43,Lubuskie,2,RNP,0
4166,2023-10-15,parliament,PL43,Lubuskie,2,TD,155866
4167,2023-10-15,parliament,PL51,Dolnośląskie,0,eligible_voters,10997700
4168,2023-10-15,parliament,PL51,Dolnośląskie,1,issued_ballots,8135825
4169,2023-10-15,parliament,PL51,Dolnośląskie,2,ANTYPARTIA,0
4170,2023-10-15,parliament,PL51,Dolnośląskie,2,BS,224840
4171,2023-10-15,parliament,PL51,Dolnośląskie,2,DIP,0
4172,2023-10-15,parliament,PL51,Dolnośląskie,2,KONFEDERACJA,526900
4173,2023-10-15,parliament,PL51,Dolnośląskie,2,LEWICA,808050
4174,2023-10-15,parliament,PL51,Dolnośląskie,2,MN,0
4175,2023-10-15,parliament,PL51,Dolnośląskie,2,NK,0
4176,2023-10-15,parliament,PL51,Dolnośląskie,2,PIS,2446695
4177,2023-10-15,parliament,PL51,Dolnośląskie,2,PJJ,118745
4178,2023-10-15,parliament,PL51,Dolnośląskie,2,PO,2882205
4179,2023-10-15,parliament,PL51,Dolnośląskie,2,RNP,0
4180,2023-10-15,parliament,PL51,Dolnośląskie,2,TD,998985
4181,2023-10-15,parliament,PL52,Opolskie,0,eligible_voters,1474378
4182,2023-10-15,parliament,PL52,Opolskie,1,issued_ballots,981336
4183,2023-10-15,parliament,PL52,Opolskie,2,ANTYPARTIA,0
4184,2023-10-15,parliament,PL52,Opolskie,2,BS,15042
4185,2023-10-15,parliament,PL52,Opolskie,2,DIP,0
4186,2023-10-15,parliament,PL52,Opolskie,2,KONFEDERACJA,62300
4187,2023-10-15,parliament,PL52,Opolskie,2,LEWICA,69526
4188,2023-10-15,parliament,PL52,Opolskie,2,MN,51556
4189,2023-10-15,parliament,PL52,Opolskie,2,NK,0
4190,2023-10-15,parliament,PL52,Opolskie,2,PIS,300044
4191,2023-10-15,parliament,PL52,Opolskie,2,PJJ,16676
4192,2023-10-15,parliament,PL52,Opolskie,2,PO,322482
4193,2023-10-15,parliament,PL52,Opolskie,2,RNP,0
4194,2023-10-15,parliament,PL52,Opolskie,2,TD,122310
4195,2023-10-15,parliament,PL61,Kujawsko-pomorskie,0,eligible_voters,7624965
4196,2023-10-15,parliament,PL61,Kujawsko-pomorskie,1,issued_ballots,5471445
4197,2023-10-15,parliament,PL61,Kujawsko-pomorskie,2,ANTYPARTIA,0
4198,2023-10-15,parliament,PL61,Kujawsko-pomorskie,2,BS,83315
4199,2023-10-15,parliament,PL61,Kujawsko-pomorskie,2,DIP,11330
4200,2023-10-15,parliament,PL61,Kujawsko-pomorskie,2,KONFEDERACJA,342490
4201,2023-10-15,parliament,PL61,Kujawsko-pomorskie,2,LEWICA,567160
4202,2023-10-15,parliament,PL61,Kujawsko-pomorskie,2,MN,0
4203,2023-10-15,parliament,PL61,Kujawsko-pomorskie,2,NK,0
4204,2023-10-15,parliament,PL61,Kujawsko-pomorskie,2,PIS,1728670
4205,2023-10-15,parliament,PL61,Kujawsko-pomorskie,2,PJJ,72780
4206,2023-10-15,parliament,PL61,Kujawsko-pomorskie,2,PO,1728165
4207,2023-10-15,parliament,PL61,Kujawsko-pomorskie,2,RNP,0
4208,2023-10-15,parliament,PL61,Kujawsko-pomorskie,2,TD,823670
4209,2023-10-15,parliament,PL62,Warmińsko-mazurskie,0,eligible_voters,3133695
4210,2023-10-15,parliament,PL62,Warmińsko-mazurskie,1,issued_ballots,2127981
4211,2023-10-15,parliament,PL62,Warmińsko-mazurskie,2,ANTYPARTIA,0
4212,2023-10-15,parliament,PL62,Warmińsko-mazurskie,2,BS,36150
4213,2023-10-15,parliament,PL62,Warmińsko-mazurskie,2,DIP,0
4214,2023-10-15,parliament,PL62,Warmińsko-mazurskie,2,KONFEDERACJA,140127
4215,2023-10-15,parliament,PL62,Warmińsko-mazurskie,2,LEWICA,167700
4216,2023-10-15,parliament,PL62,Warmińsko-mazurskie,2,MN,0
4217,2023-10-15,parliament,PL62,Warmińsko-mazurskie,2,NK,2928
4218,2023-10-15,parliament,PL62,Warmińsko-mazurskie,2,PIS,695415
4219,2023-10-15,parliament,PL62,Warmińsko-mazurskie,2,PJJ,27423
4220,2023-10-15,parliament,PL62,Warmińsko-mazurskie,2,PO,674247
4221,2023-10-15,parliament,PL62,Warmińsko-mazurskie,2,RNP,0
4222,2023-10-15,parliament,PL62,Warmińsko-mazurskie,2,TD,327324
4223,2023-10-15,parliament,PL63,Pomorskie,0,eligible_voters,8765445
4224,2023-10-15,parliament,PL63,Pomorskie,1,issued_ballots,6602005
4225,2023-10-15,parliament,PL63,Pomorskie,2,ANTYPARTIA,0
4226,2023-10-15,parliament,PL63,Pomorskie,2,BS,99775
4227,2023-10-15,parliament,PL63,Pomorskie,2,DIP,0
4228,2023-10-15,parliament,PL63,Pomorskie,2,KONFEDERACJA,438045
4229,2023-10-15,parliament,PL63,Pomorskie,2,LEWICA,574270
4230,2023-10-15,parliament,PL63,Pomorskie,2,MN,0
4231,2023-10-15,parliament,PL63,Pomorskie,2,NK,0
4232,2023-10-15,parliament,PL63,Pomorskie,2,PIS,1775135
4233,2023-10-15,parliament,PL63,Pomorskie,2,PJJ,112155
4234,2023-10-15,parliament,PL63,Pomorskie,2,PO,2579590
4235,2023-10-15,parliament,PL63,Pomorskie,2,RNP,0
4236,2023-10-15,parliament,PL63,Pomorskie,2,TD,916960
4237,2023-10-15,parliament,PL71,Łódzkie,0,eligible_voters,9267555
4238,2023-10-15,parliament,PL71,Łódzkie,1,issued_ballots,7058790
4239,2023-10-15,parliament,PL71,Łódzkie,2,ANTYPARTIA,0
4240,2023-10-15,parliament,PL71,Łódzkie,2,BS,114370
4241,2023-10-15,parliament,PL71,Łódzkie,2,DIP,22310
4242,2023-10-15,parliament,PL71,Łódzkie,2,KONFEDERACJA,460290
4243,2023-10-15,parliament,PL71,Łódzkie,2,LEWICA,611490
4244,2023-10-15,parliament,PL71,Łódzkie,2,MN,0
4245,2023-10-15,parliament,PL71,Łódzkie,2,NK,0
4246,2023-10-15,parliament,PL71,Łódzkie,2,PIS,2641965
4247,2023-10-15,parliament,PL71,Łódzkie,2,PJJ,93455
4248,2023-10-15,parliament,PL71,Łódzkie,2,PO,2058240
4249,2023-10-15,parliament,PL71,Łódzkie,2,RNP,0
4250,2023-10-15,parliament,PL71,Łódzkie,2,TD,930375
4251,2023-10-15,parliament,PL72,Świętokrzyskie,0,eligible_voters,1892106
4252,2023-10-15,parliament,PL72,Świętokrzyskie,1,issued_ballots,1345344
4253,2023-10-15,parliament,PL72,Świętokrzyskie,2,ANTYPARTIA,0
4254,2023-10-15,parliament,PL72,Świętokrzyskie,2,BS,37922
4255,2023-10-15,parliament,PL72,Świętokrzyskie,2,DIP,4620
4256,2023-10-15,parliament,PL72,Świętokrzyskie,2,KONFEDERACJA,86394
4257,2023-10-15,parliament,PL72,Świętokrzyskie,2,LEWICA,90096
4258,2023-10-15,parliament,PL72,Świętokrzyskie,2,MN,0
4259,2023-10-15,parliament,PL72,Świętokrzyskie,2,NK,2688
4260,2023-10-15,parliament,PL72,Świętokrzyskie,2,PIS,620532
4261,2023-10-15,parliament,PL72,Świętokrzyskie,2,PJJ,18180
4262,2023-10-15,parliament,PL72,Świętokrzyskie,2,PO,275882
4263,2023-10-15,parliament,PL72,Świętokrzyskie,2,RNP,0
4264,2023-10-15,parliament,PL72,Świętokrzyskie,2,TD,181950
4265,2023-10-15,parliament,PL81,Lubelskie,0,eligible_voters,6386540
4266,2023-10-15,parliament,PL81,Lubelskie,1,issued_ballots,4503508
4267,2023-10-15,parliament,PL81,Lubelskie,2,ANTYPARTIA,0
4268,2023-10-15,parliament,PL81,Lubelskie,2,BS,79464
4269,2023-10-15,parliament,PL81,Lubelskie,2,DIP,17700
4270,2023-10-15,parliament,PL81,Lubelskie,2,KONFEDERACJA,359676
4271,2023-10-15,parliament,PL81,Lubelskie,2,LEWICA,251096
4272,2023-10-15,parliament,PL81,Lubelskie,2,MN,0
4273,2023-10-15,parliament,PL81,Lubelskie,2,NK,0
4274,2023-10-15,parliament,PL81,Lubelskie,2,PIS,2106916
4275,2023-10-15,parliament,PL81,Lubelskie,2,PJJ,111288
4276,2023-10-15,parliament,PL81,Lubelskie,2,PO,844852
4277,2023-10-15,parliament,PL81,Lubelskie,2,RNP,0
4278,2023-10-15,parliament,PL81,Lubelskie,2,TD,649884
4279,2023-10-15,parliament,PL82,Podkarpackie,0,eligible_voters,6473420
4280,2023-10-15,parliament,PL82,Podkarpackie,1,issued_ballots,4530556
4281,2023-10-15,parliament,PL82,Podkarpackie,2,ANTYPARTIA,0
4282,2023-10-15,parliament,PL82,Podkarpackie,2,BS,77868
4283,2023-10-15,parliament,PL82,Podkarpackie,2,DIP,8876
4284,2023-10-15,parliament,PL82,Podkarpackie,2,KONFEDERACJA,407736
4285,2023-10-15,parliament,PL82,Podkarpackie,2,LEWICA,210312
4286,2023-10-15,parliament,PL82,Podkarpackie,2,MN,0
4287,2023-10-15,parliament,PL82,Podkarpackie,2,NK,0
4288,2023-10-15,parliament,PL82,Podkarpackie,2,PIS,2357912
4289,2023-10-15,parliament,PL82,Podkarpackie,2,PJJ,64676
4290,2023-10-15,parliament,PL82,Podkarpackie,2,PO,757252
4291,2023-10-15,parliament,PL82,Podkarpackie,2,RNP,0
4292,2023-10-15,parliament,PL82,Podkarpackie,2,TD,578456
4293,2023-10-15,parliament,PL84,Podlaskie,0,eligible_voters,2643282
4294,2023-10-15,parliament,PL84,Podlaskie,1,issued_ballots,1858611
4295,2023-10-15,parliament,PL84,Podlaskie,2,ANTYPARTIA,0
4296,2023-10-15,parliament,PL84,Podlaskie,2,BS,21243
4297,2023-10-15,parliament,PL84,Podlaskie,2,DIP,8679
4298,2023-10-15,parliament,PL84,Podlaskie,2,KONFEDERACJA,178944
4299,2023-10-15,parliament,PL84,Podlaskie,2,LEWICA,88434
4300,2023-10-15,parliament,PL84,Podlaskie,2,MN,0
4301,2023-10-15,parliament,PL84,Podlaskie,2,NK,0
4302,2023-10-15,parliament,PL84,Podlaskie,2,PIS,774831
4303,2023-10-15,parliament,PL84,Podlaskie,2,PJJ,29994
4304,2023-10-15,parliament,PL84,Podlaskie,2,PO,380913
4305,2023-10-15,parliament,PL84,Podlaskie,2,RNP,0
4306,2023-10-15,parliament,PL84,Podlaskie,2,TD,344694
4307,2023-10-15,parliament,PL91,Warszawski stołeczny,0,eligible_voters,7138095
4308,2023-10-15,parliament,PL91,Warszawski stołeczny,1,issued_ballots,5974305
4309,2023-10-15,parliament,PL91,Warszawski stołeczny,2,ANTYPARTIA,0
4310,2023-10-15,parliament,PL91,Warszawski stołeczny,2,BS,106974
4311,2023-10-15,parliament,PL91,Warszawski stołeczny,2,DIP,0
4312,2023-10-15,parliament,PL91,Warszawski stołeczny,2,KONFEDERACJA,396366
4313,2023-10-15,parliament,PL91,Warszawski stołeczny,2,LEWICA,616671
4314,2023-10-15,parliament,PL91,Warszawski stołeczny,2,MN,0
4315,2023-10-15,parliament,PL91,Warszawski stołeczny,2,NK,483
4316,2023-10-15,parliament,PL91,Warszawski stołeczny,2,PIS,1566549
4317,2023-10-15,parliament,PL91,Warszawski stołeczny,2,PJJ,76944
4318,2023-10-15,parliament,PL91,Warszawski stołeczny,2,PO,2308992
4319,2023-10-15,parliament,PL91,Warszawski stołeczny,2,RNP,507
4320,2023-10-15,parliament,PL91,Warszawski stołeczny,2,TD,848067
4321,2023-10-15,parliament,PL92,Mazowiecki regionalny,0,eligible_voters,10639842
4322,2023-10-15,parliament,PL92,Mazowiecki regionalny,1,issued_ballots,7806774
4323,2023-10-15,parliament,PL92,Mazowiecki regionalny,2,ANTYPARTIA,0
4324,2023-10-15,parliament,PL92,Mazowiecki regionalny,2,BS,142248
4325,2023-10-15,parliament,PL92,Mazowiecki regionalny,2,DIP,11808
4326,2023-10-15,parliament,PL92,Mazowiecki regionalny,2,KONFEDERACJA,565818
4327,2023-10-15,parliament,PL92,Mazowiecki regionalny,2,LEWICA,419916
4328,2023-10-15,parliament,PL92,Mazowiecki regionalny,2,MN,0
4329,2023-10-15,parliament,PL92,Mazowiecki regionalny,2,NK,5298
4330,2023-10-15,parliament,PL92,Mazowiecki regionalny,2,PIS,3662040
4331,2023-10-15,parliament,PL92,Mazowiecki regionalny,2,PJJ,122664
4332,2023-10-15,parliament,PL92,Mazowiecki regionalny,2,PO,1522134
4333,2023-10-15,parliament,PL92,Mazowiecki regionalny,2,RNP,3924
4334,2023-10-15,parliament,PL92,Mazowiecki regionalny,2,TD,1194234
4335,2024-06-09,european,PL21,Małopolskie,0,eligible_voters,15764268
4336,2024-06-09,european,PL21,Małopolskie,1,issued_ballots,6812376
4337,2024-06-09,european,PL21,Małopolskie,2,BSNPWNE,50838
4338,2024-06-09,european,PL21,Małopolskie,2,GSP,0
4339,2024-06-09,european,PL21,Małopolskie,2,KONFEDERACJA,994272
4340,2024-06-09,european,PL21,Małopolskie,2,LEWICA,322284
4341,2024-06-09,european,PL21,Małopolskie,2,NK,19278
4342,2024-06-09,european,PL21,Małopolskie,2,PIS,2922894
4343,2024-06-09,european,PL21,Małopolskie,2,PLSP,5262
4344,2024-06-09,european,PL21,Małopolskie,2,PO,1968138
4345,2024-06-09,european,PL21,Małopolskie,2,POLEXIT,17664
4346,2024-06-09,european,PL21,Małopolskie,2,RNP,0
4347,2024-06-09,european,PL21,Małopolskie,2,TD,480288
4348,2024-06-09,european,PL22,Śląskie,0,eligible_voters,26578312
4349,2024-06-09,european,PL22,Śląskie,1,issued_ballots,10709752
4350,2024-06-09,european,PL22,Śląskie,2,BSNPWNE,74872
4351,2024-06-09,european,PL22,Śląskie,2,GSP,0
4352,2024-06-09,european,PL22,Śląskie,2,KONFEDERACJA,1081560
4353,2024-06-09,european,PL22,Śląskie,2,LEWICA,493224
4354,2024-06-09,european,PL22,Śląskie,2,NK,49984
4355,2024-06-09,european,PL22,Śląskie,2,PIS,3884040
4356,2024-06-09,european,PL22,Śląskie,2,PLSP,16656
4357,2024-06-09,european,PL22,Śląskie,2,PO,4414256
4358,2024-06-09,european,PL22,Śląskie,2,POLEXIT,22888
4359,2024-06-09,european,PL22,Śląskie,2,RNP,26488
4360,2024-06-09,european,PL22,Śląskie,2,TD,593000
4361,2024-06-09,european,PL41,Wielkopolskie,0,eligible_voters,15857160
4362,2024-06-09,european,PL41,Wielkopolskie,1,issued_ballots,6208332
4363,2024-06-09,european,PL41,Wielkopolskie,2,BSNPWNE,46566
4364,2024-06-09,european,PL41,Wielkopolskie,2,GSP,0
4365,2024-06-09,european,PL41,Wielkopolskie,2,KONFEDERACJA,812496
4366,2024-06-09,european,PL41,Wielkopolskie,2,LEWICA,497070
4367,2024-06-09,european,PL41,Wielkopolskie,2,NK,32760
4368,2024-06-09,european,PL41,Wielkopolskie,2,PIS,1783716
4369,2024-06-09,european,PL41,Wielkopolskie,2,PLSP,14622
4370,2024-06-09,european,PL41,Wielkopolskie,2,PO,2395794
4371,2024-06-09,european,PL41,Wielkopolskie,2,POLEXIT,14196
4372,2024-06-09,european,PL41,Wielkopolskie,2,RNP,0
4373,2024-06-09,european,PL41,Wielkopolskie,2,TD,569706
4374,2024-06-09,european,PL42,Zachodniopomorskie,0,eligible_voters,5080104
4375,2024-06-09,european,PL42,Zachodniopomorskie,1,issued_ballots,1990860
4376,2024-06-09,european,PL42,Zachodniopomorskie,2,BSNPWNE,18044
4377,2024-06-09,european,PL42,Zachodniopomorskie,2,GSP,0
4378,2024-06-09,european,PL42,Zachodniopomorskie,2,KONFEDERACJA,179968
4379,2024-06-09,european,PL42,Zachodniopomorskie,2,LEWICA,183512
4380,2024-06-09,european,PL42,Zachodniopomorskie,2,NK,0
4381,2024-06-09,european,PL42,Zachodniopomorskie,2,PIS,583420
4382,2024-06-09,european,PL42,Zachodniopomorskie,2,PLSP,0
4383,2024-06-09,european,PL42,Zachodniopomorskie,2,PO,887488
4384,2024-06-09,european,PL42,Zachodniopomorskie,2,POLEXIT,4996
4385,2024-06-09,european,PL42,Zachodniopomorskie,2,RNP,0
4386,2024-06-09,european,PL42,Zachodniopomorskie,2,TD,120284
4387,2024-06-09,european,PL43,Lubuskie,0,eligible_voters,1497056
4388,2024-06-09,european,PL43,Lubuskie,1,issued_ballots,533376
4389,2024-06-09,european,PL43,Lubuskie,2,BSNPWNE,5528
4390,2024-06-09,european,PL43,Lubuskie,2,GSP,0
4391,2024-06-09,european,PL43,Lubuskie,2,KONFEDERACJA,50292
4392,2024-06-09,european,PL43,Lubuskie,2,LEWICA,52076
4393,2024-06-09,european,PL43,Lubuskie,2,NK,0
4394,2024-06-09,european,PL43,Lubuskie,2,PIS,160462
4395,2024-06-09,european,PL43,Lubuskie,2,PLSP,0
4396,2024-06-09,european,PL43,Lubuskie,2,PO,231896
4397,2024-06-09,european,PL43,Lubuskie,2,POLEXIT,1398
4398,2024-06-09,european,PL43,Lubuskie,2,RNP,0
4399,2024-06-09,european,PL43,Lubuskie,2,TD,28238
4400,2024-06-09,european,PL51,Dolnośląskie,0,eligible_voters,10902620
4401,2024-06-09,european,PL51,Dolnośląskie,1,issued_ballots,4493160
4402,2024-06-09,european,PL51,Dolnośląskie,2,BSNPWNE,55130
4403,2024-06-09,european,PL51,Dolnośląskie,2,GSP,0
4404,2024-06-09,european,PL51,Dolnośląskie,2,KONFEDERACJA,522650
4405,2024-06-09,european,PL51,Dolnośląskie,2,LEWICA,432115
4406,2024-06-09,european,PL51,Dolnośląskie,2,NK,0
4407,2024-06-09,european,PL51,Dolnośląskie,2,PIS,1407170
4408,2024-06-09,european,PL51,Dolnośląskie,2,PLSP,0
4409,2024-06-09,european,PL51,Dolnośląskie,2,PO,1821275
4410,2024-06-09,european,PL51,Dolnośląskie,2,POLEXIT,11185
4411,2024-06-09,european,PL51,Dolnośląskie,2,RNP,0
4412,2024-06-09,european,PL51,Dolnośląskie,2,TD,218200
4413,2024-06-09,european,PL52,Opolskie,0,eligible_voters,1482586
4414,2024-06-09,european,PL52,Opolskie,1,issued_ballots,507220
4415,2024-06-09,european,PL52,Opolskie,2,BSNPWNE,5910
4416,2024-06-09,european,PL52,Opolskie,2,GSP,0
4417,2024-06-09,european,PL52,Opolskie,2,KONFEDERACJA,59184
4418,2024-06-09,european,PL52,Opolskie,2,LEWICA,29878
4419,2024-06-09,european,PL52,Opolskie,2,NK,0
4420,2024-06-09,european,PL52,Opolskie,2,PIS,158248
4421,2024-06-09,european,PL52,Opolskie,2,PLSP,0
4422,2024-06-09,european,PL52,Opolskie,2,PO,224448
4423,2024-06-09,european,PL52,Opolskie,2,POLEXIT,1396
4424,2024-06-09,european,PL52,Opolskie,2,RNP,0
4425,2024-06-09,european,PL52,Opolskie,2,TD,24896
4426,2024-06-09,european,PL61,Kujawsko-pomorskie,0,eligible_voters,7654030
4427,2024-06-09,european,PL61,Kujawsko-pomorskie,1,issued_ballots,2740975
4428,2024-06-09,european,PL61,Kujawsko-pomorskie,2,BSNPWNE,23735
4429,2024-06-09,european,PL61,Kujawsko-pomorskie,2,GSP,0
4430,2024-06-09,european,PL61,Kujawsko-pomorskie,2,KONFEDERACJA,278945
4431,2024-06-09,european,PL61,Kujawsko-pomorskie,2,LEWICA,128300
4432,2024-06-09,european,PL61,Kujawsko-pomorskie,2,NK,0
4433,2024-06-09,european,PL61,Kujawsko-pomorskie,2,PIS,852370
4434,2024-06-09,european,PL61,Kujawsko-pomorskie,2,PLSP,6545
4435,2024-06-09,european,PL61,Kujawsko-pomorskie,2,PO,1208685
4436,2024-06-09,european,PL61,Kujawsko-pomorskie,2,POLEXIT,7400
4437,2024-06-09,european,PL61,Kujawsko-pomorskie,2,RNP,0
4438,2024-06-09,european,PL61,Kujawsko-pomorskie,2,TD,217410
4439,2024-06-09,european,PL62,Warmińsko-mazurskie,0,eligible_voters,3197361
4440,2024-06-09,european,PL62,Warmińsko-mazurskie,1,issued_ballots,1073709
4441,2024-06-09,european,PL62,Warmińsko-mazurskie,2,BSNPWNE,12267
4442,2024-06-09,european,PL62,Warmińsko-mazurskie,2,GSP,0
4443,2024-06-09,european,PL62,Warmińsko-mazurskie,2,KONFEDERACJA,116700
4444,2024-06-09,european,PL62,Warmińsko-mazurskie,2,LEWICA,45585
4445,2024-06-09,european,PL62,Warmińsko-mazurskie,2,NK,5031
4446,2024-06-09,european,PL62,Warmińsko-mazurskie,2,PIS,338256
4447,2024-06-09,european,PL62,Warmińsko-mazurskie,2,PLSP,0
4448,2024-06-09,european,PL62,Warmińsko-mazurskie,2,PO,477972
4449,2024-06-09,european,PL62,Warmińsko-mazurskie,2,POLEXIT,2769
4450,2024-06-09,european,PL62,Warmińsko-mazurskie,2,RNP,0
4451,2024-06-09,european,PL62,Warmińsko-mazurskie,2,TD,66858
4452,2024-06-09,european,PL63,Pomorskie,0,eligible_voters,8767960
4453,2024-06-09,european,PL63,Pomorskie,1,issued_ballots,3734990
4454,2024-06-09,european,PL63,Pomorskie,2,BSNPWNE,41945
4455,2024-06-09,european,PL63,Pomorskie,2,GSP,0
4456,2024-06-09,european,PL63,Pomorskie,2,KONFEDERACJA,348270
4457,2024-06-09,european,PL63,Pomorskie,2,LEWICA,172850
4458,2024-06-09,european,PL63,Pomorskie,2,NK,0
4459,2024-06-09,european,PL63,Pomorskie,2,PIS,1043380
4460,2024-06-09,european,PL63,Pomorskie,2,PLSP,0
4461,2024-06-09,european,PL63,Pomorskie,2,PO,1897885
4462,2024-06-09,european,PL63,Pomorskie,2,POLEXIT,12085
4463,2024-06-09,european,PL63,Pomorskie,2,RNP,0
4464,2024-06-09,european,PL63,Pomorskie,2,TD,200695
4465,2024-06-09,european,PL71,Łódzkie,0,eligible_voters,9270540
4466,2024-06-09,european,PL71,Łódzkie,1,issued_ballots,3810305
4467,2024-06-09,european,PL71,Łódzkie,2,BSNPWNE,31590
4468,2024-06-09,european,PL71,Łódzkie,2,GSP,0
4469,2024-06-09,european,PL71,Łódzkie,2,KONFEDERACJA,415490
4470,2024-06-09,european,PL71,Łódzkie,2,LEWICA,376425
4471,2024-06-09,european,PL71,Łódzkie,2,NK,0
4472,2024-06-09,european,PL71,Łódzkie,2,PIS,1462980
4473,2024-06-09,european,PL71,Łódzkie,2,PLSP,8495
4474,2024-06-09,european,PL71,Łódzkie,2,PO,1261590
4475,2024-06-09,european,PL71,Łódzkie,2,POLEXIT,9340
4476,2024-06-09,european,PL71,Łódzkie,2,RNP,0
4477,2024-06-09,european,PL71,Łódzkie,2,TD,223900
4478,2024-06-09,european,PL72,Świętokrzyskie,0,eligible_voters,1911404
4479,2024-06-09,european,PL72,Świętokrzyskie,1,issued_ballots,721786
4480,2024-06-09,european,PL72,Świętokrzyskie,2,BSNPWNE,4436
4481,2024-06-09,european,PL72,Świętokrzyskie,2,GSP,0
4482,2024-06-09,european,PL72,Świętokrzyskie,2,KONFEDERACJA,89682
4483,2024-06-09,european,PL72,Świętokrzyskie,2,LEWICA,33378
4484,2024-06-09,european,PL72,Świętokrzyskie,2,NK,1474
4485,2024-06-09,european,PL72,Świętokrzyskie,2,PIS,337256
4486,2024-06-09,european,PL72,Świętokrzyskie,2,PLSP,632
4487,2024-06-09,european,PL72,Świętokrzyskie,2,PO,146696
4488,2024-06-09,european,PL72,Świętokrzyskie,2,POLEXIT,1520
4489,2024-06-09,european,PL72,Świętokrzyskie,2,RNP,0
4490,2024-06-09,european,PL72,Świętokrzyskie,2,TD,102116
4491,2024-06-09,european,PL81,Lubelskie,0,eligible_voters,6495064
4492,2024-06-09,european,PL81,Lubelskie,1,issued_ballots,2490388
4493,2024-06-09,european,PL81,Lubelskie,2,BSNPWNE,29368
4494,2024-06-09,european,PL81,Lubelskie,2,GSP,0
4495,2024-06-09,european,PL81,Lubelskie,2,KONFEDERACJA,374168
4496,2024-06-09,european,PL81,Lubelskie,2,LEWICA,81524
4497,2024-06-09,european,PL81,Lubelskie,2,NK,0
4498,2024-06-09,european,PL81,Lubelskie,2,PIS,1168076
4499,2024-06-09,european,PL81,Lubelskie,2,PLSP,0
4500,2024-06-09,european,PL81,Lubelskie,2,PO,644008
4501,2024-06-09,european,PL81,Lubelskie,2,POLEXIT,7456
4502,2024-06-09,european,PL81,Lubelskie,2,RNP,0
4503,2024-06-09,european,PL81,Lubelskie,2,TD,172052
4504,2024-06-09,european,PL82,Podkarpackie,0,eligible_voters,6613536
4505,2024-06-09,european,PL82,Podkarpackie,1,issued_ballots,2545332
4506,2024-06-09,european,PL82,Podkarpackie,2,BSNPWNE,29260
4507,2024-06-09,european,PL82,Podkarpackie,2,GSP,0
4508,2024-06-09,european,PL82,Podkarpackie,2,KONFEDERACJA,385504
4509,2024-06-09,european,PL82,Podkarpackie,2,LEWICA,52328
4510,2024-06-09,european,PL82,Podkarpackie,2,NK,0
4511,2024-06-09,european,PL82,Podkarpackie,2,PIS,1337756
4512,2024-06-09,european,PL82,Podkarpackie,2,PLSP,0
4513,2024-06-09,european,PL82,Podkarpackie,2,PO,600524
4514,2024-06-09,european,PL82,Podkarpackie,2,POLEXIT,6064
4515,2024-06-09,european,PL82,Podkarpackie,2,RNP,0
4516,2024-06-09,european,PL82,Podkarpackie,2,TD,119068
4517,2024-06-09,european,PL84,Podlaskie,0,eligible_voters,2683941
4518,2024-06-09,european,PL84,Podlaskie,1,issued_ballots,1002969
4519,2024-06-09,european,PL84,Podlaskie,2,BSNPWNE,8586
4520,2024-06-09,european,PL84,Podlaskie,2,GSP,0
4521,2024-06-09,european,PL84,Podlaskie,2,KONFEDERACJA,145464
4522,2024-06-09,european,PL84,Podlaskie,2,LEWICA,28743
4523,2024-06-09,european,PL84,Podlaskie,2,NK,4131
4524,2024-06-09,european,PL84,Podlaskie,2,PIS,419658
4525,2024-06-09,european,PL84,Podlaskie,2,PLSP,0
4526,2024-06-09,european,PL84,Podlaskie,2,PO,292695
4527,2024-06-09,european,PL84,Podlaskie,2,POLEXIT,2460
4528,2024-06-09,european,PL84,Podlaskie,2,RNP,0
4529,2024-06-09,european,PL84,Podlaskie,2,TD,95403
4530,2024-06-09,european,PL91,Warszawski stołeczny,0,eligible_voters,7006014
4531,2024-06-09,european,PL91,Warszawski stołeczny,1,issued_ballots,3801438
4532,2024-06-09,european,PL91,Warszawski stołeczny,2,BSNPWNE,40782
4533,2024-06-09,european,PL91,Warszawski stołeczny,2,GSP,333
4534,2024-06-09,european,PL91,Warszawski stołeczny,2,KONFEDERACJA,442902
4535,2024-06-09,european,PL91,Warszawski stołeczny,2,LEWICA,366810
4536,2024-06-09,european,PL91,Warszawski stołeczny,2,NK,321
4537,2024-06-09,european,PL91,Warszawski stołeczny,2,PIS,983199
4538,2024-06-09,european,PL91,Warszawski stołeczny,2,PLSP,96
4539,2024-06-09,european,PL91,Warszawski stołeczny,2,PO,1668417
4540,2024-06-09,european,PL91,Warszawski stołeczny,2,POLEXIT,8871
4541,2024-06-09,european,PL91,Warszawski stołeczny,2,RNP,369
4542,2024-06-09,european,PL91,Warszawski stołeczny,2,TD,274797
4543,2024-06-09,european,PL92,Mazowiecki regionalny,0,eligible_voters,10726260
4544,2024-06-09,european,PL92,Mazowiecki regionalny,1,issued_ballots,4009668
4545,2024-06-09,european,PL92,Mazowiecki regionalny,2,BSNPWNE,26970
4546,2024-06-09,european,PL92,Mazowiecki regionalny,2,GSP,12336
4547,2024-06-09,european,PL92,Mazowiecki regionalny,2,KONFEDERACJA,514080
4548,2024-06-09,european,PL92,Mazowiecki regionalny,2,LEWICA,127332
4549,2024-06-09,european,PL92,Mazowiecki regionalny,2,NK,8934
4550,2024-06-09,european,PL92,Mazowiecki regionalny,2,PIS,1979040
4551,2024-06-09,european,PL92,Mazowiecki regionalny,2,PLSP,4206
4552,2024-06-09,european,PL92,Mazowiecki regionalny,2,PO,932418
4553,2024-06-09,european,PL92,Mazowiecki regionalny,2,POLEXIT,7956
4554,2024-06-09,european,PL92,Mazowiecki regionalny,2,RNP,7818
4555,2024-06-09,european,PL92,Mazowiecki regionalny,2,TD,363396
4556,2025-05-18,president_a,PL21,Małopolskie,0,eligible_voters,15780330
4557,2025-05-18,president_a,PL21,Małopolskie,1,issued_ballots,10996230
4558,2025-05-18,president_a,PL21,Małopolskie,2,Bartoszewicz,48540
4559,2025-05-18,president_a,PL21,Małopolskie,2,Biejat,378312
4560,2025-05-18,president_a,PL21,Małopolskie,2,Braun,722550
4561,2025-05-18,president_a,PL21,Małopolskie,2,Holownia,537804
4562,2025-05-18,president_a,PL21,Małopolskie,2,Jakubiak,89508
4563,2025-05-18,president_a,PL21,Małopolskie,2,Maciak,17070
4564,2025-05-18,president_a,PL21,Małopolskie,2,Mentzen,1775082
4565,2025-05-18,president_a,PL21,Małopolskie,2,Nawrocki,3858324
4566,2025-05-18,president_a,PL21,Małopolskie,2,Senyszyn,113706
4567,2025-05-18,president_a,PL21,Małopolskie,2,Stanowski,135114
4568,2025-05-18,president_a,PL21,Małopolskie,2,Trzaskowski,2675154
4569,2025-05-18,president_a,PL21,Małopolskie,2,Woch,9552
4570,2025-05-18,president_a,PL21,Małopolskie,2,Zandberg,597312
4571,2025-05-18,president_a,PL22,Śląskie,0,eligible_voters,26268648
4572,2025-05-18,president_a,PL22,Śląskie,1,issued_ballots,17387536
4573,2025-05-18,president_a,PL22,Śląskie,2,Bartoszewicz,84408
4574,2025-05-18,president_a,PL22,Śląskie,2,Biejat,745144
4575,2025-05-18,president_a,PL22,Śląskie,2,Braun,980832
4576,2025-05-18,president_a,PL22,Śląskie,2,Holownia,924432
4577,2025-05-18,president_a,PL22,Śląskie,2,Jakubiak,121984
4578,2025-05-18,president_a,PL22,Śląskie,2,Maciak,31584
4579,2025-05-18,president_a,PL22,Śląskie,2,Mentzen,2578896
4580,2025-05-18,president_a,PL22,Śląskie,2,Nawrocki,4799200
4581,2025-05-18,president_a,PL22,Śląskie,2,Senyszyn,189376
4582,2025-05-18,president_a,PL22,Śląskie,2,Stanowski,232496
4583,2025-05-18,president_a,PL22,Śląskie,2,Trzaskowski,5779752
4584,2025-05-18,president_a,PL22,Śląskie,2,Woch,16720
4585,2025-05-18,president_a,PL22,Śląskie,2,Zandberg,836312
4586,2025-05-18,president_a,PL41,Wielkopolskie,0,eligible_voters,15847764
4587,2025-05-18,president_a,PL41,Wielkopolskie,1,issued_ballots,10646190
4588,2025-05-18,president_a,PL41,Wielkopolskie,2,Bartoszewicz,50118
4589,2025-05-18,president_a,PL41,Wielkopolskie,2,Biejat,523248
4590,2025-05-18,president_a,PL41,Wielkopolskie,2,Braun,584478
4591,2025-05-18,president_a,PL41,Wielkopolskie,2,Holownia,628728
4592,2025-05-18,president_a,PL41,Wielkopolskie,2,Jakubiak,73842
4593,2025-05-18,president_a,PL41,Wielkopolskie,2,Maciak,18360
4594,2025-05-18,president_a,PL41,Wielkopolskie,2,Mentzen,1552716
4595,2025-05-18,president_a,PL41,Wielkopolskie,2,Nawrocki,2599554
4596,2025-05-18,president_a,PL41,Wielkopolskie,2,Senyszyn,127044
4597,2025-05-18,president_a,PL41,Wielkopolskie,2,Stanowski,135960
4598,2025-05-18,president_a,PL41,Wielkopolskie,2,Trzaskowski,3715110
4599,2025-05-18,president_a,PL41,Wielkopolskie,2,Woch,10398
4600,2025-05-18,president_a,PL41,Wielkopolskie,2,Zandberg,583410
4601,2025-05-18,president_a,PL42,Zachodniopomorskie,0,eligible_voters,4967488
4602,2025-05-18,president_a,PL42,Zachodniopomorskie,1,issued_ballots,3150248
4603,2025-05-18,president_a,PL42,Zachodniopomorskie,2,Bartoszewicz,14248
4604,2025-05-18,president_a,PL42,Zachodniopomorskie,2,Biejat,140228
4605,2025-05-18,president_a,PL42,Zachodniopomorskie,2,Braun,168876
4606,2025-05-18,president_a,PL42,Zachodniopomorskie,2,Holownia,152668
4607,2025-05-18,president_a,PL42,Zachodniopomorskie,2,Jakubiak,19336
4608,2025-05-18,president_a,PL42,Zachodniopomorskie,2,Maciak,5472
4609,2025-05-18,president_a,PL42,Zachodniopomorskie,2,Mentzen,401872
4610,2025-05-18,president_a,PL42,Zachodniopomorskie,2,Nawrocki,761592
4611,2025-05-18,president_a,PL42,Zachodniopomorskie,2,Senyszyn,32620
4612,2025-05-18,president_a,PL42,Zachodniopomorskie,2,Stanowski,37424
4613,2025-05-18,president_a,PL42,Zachodniopomorskie,2,Trzaskowski,1263912
4614,2025-05-18,president_a,PL42,Zachodniopomorskie,2,Woch,2684
4615,2025-05-18,president_a,PL42,Zachodniopomorskie,2,Zandberg,134392
4616,2025-05-18,president_a,PL43,Lubuskie,0,eligible_voters,1470302
4617,2025-05-18,president_a,PL43,Lubuskie,1,issued_ballots,909628
4618,2025-05-18,president_a,PL43,Lubuskie,2,Bartoszewicz,4266
4619,2025-05-18,president_a,PL43,Lubuskie,2,Biejat,35058
4620,2025-05-18,president_a,PL43,Lubuskie,2,Braun,51908
4621,2025-05-18,president_a,PL43,Lubuskie,2,Holownia,44704
4622,2025-05-18,president_a,PL43,Lubuskie,2,Jakubiak,5210
4623,2025-05-18,president_a,PL43,Lubuskie,2,Maciak,1558
4624,2025-05-18,president_a,PL43,Lubuskie,2,Mentzen,128906
4625,2025-05-18,president_a,PL43,Lubuskie,2,Nawrocki,210532
4626,2025-05-18,president_a,PL43,Lubuskie,2,Senyszyn,9040
4627,2025-05-18,president_a,PL43,Lubuskie,2,Stanowski,10318
4628,2025-05-18,president_a,PL43,Lubuskie,2,Trzaskowski,366642
4629,2025-05-18,president_a,PL43,Lubuskie,2,Woch,766
4630,2025-05-18,president_a,PL43,Lubuskie,2,Zandberg,36650
4631,2025-05-18,president_a,PL51,Dolnośląskie,0,eligible_voters,10897575
4632,2025-05-18,president_a,PL51,Dolnośląskie,1,issued_ballots,7139785
4633,2025-05-18,president_a,PL51,Dolnośląskie,2,Bartoszewicz,33635
4634,2025-05-18,president_a,PL51,Dolnośląskie,2,Biejat,331600
4635,2025-05-18,president_a,PL51,Dolnośląskie,2,Braun,389605
4636,2025-05-18,president_a,PL51,Dolnośląskie,2,Holownia,333215
4637,2025-05-18,president_a,PL51,Dolnośląskie,2,Jakubiak,48310
4638,2025-05-18,president_a,PL51,Dolnośląskie,2,Maciak,13585
4639,2025-05-18,president_a,PL51,Dolnośląskie,2,Mentzen,963745
4640,2025-05-18,president_a,PL51,Dolnośląskie,2,Nawrocki,1813895
4641,2025-05-18,president_a,PL51,Dolnośląskie,2,Senyszyn,86710
4642,2025-05-18,president_a,PL51,Dolnośląskie,2,Stanowski,87150
4643,2025-05-18,president_a,PL51,Dolnośląskie,2,Trzaskowski,2596595
4644,2025-05-18,president_a,PL51,Dolnośląskie,2,Woch,6245
4645,2025-05-18,president_a,PL51,Dolnośląskie,2,Zandberg,404880
4646,2025-05-18,president_a,PL52,Opolskie,0,eligible_voters,1452354
4647,2025-05-18,president_a,PL52,Opolskie,1,issued_ballots,836914
4648,2025-05-18,president_a,PL52,Opolskie,2,Bartoszewicz,4214
4649,2025-05-18,president_a,PL52,Opolskie,2,Biejat,29676
4650,2025-05-18,president_a,PL52,Opolskie,2,Braun,53500
4651,2025-05-18,president_a,PL52,Opolskie,2,Holownia,47068
4652,2025-05-18,president_a,PL52,Opolskie,2,Jakubiak,5642
4653,2025-05-18,president_a,PL52,Opolskie,2,Maciak,1872
4654,2025-05-18,president_a,PL52,Opolskie,2,Mentzen,127328
4655,2025-05-18,president_a,PL52,Opolskie,2,Nawrocki,214358
4656,2025-05-18,president_a,PL52,Opolskie,2,Senyszyn,7952
4657,2025-05-18,president_a,PL52,Opolskie,2,Stanowski,10232
4658,2025-05-18,president_a,PL52,Opolskie,2,Trzaskowski,296506
4659,2025-05-18,president_a,PL52,Opolskie,2,Woch,816
4660,2025-05-18,president_a,PL52,Opolskie,2,Zandberg,33968
4661,2025-05-18,president_a,PL61,Kujawsko-pomorskie,0,eligible_voters,7544415
4662,2025-05-18,president_a,PL61,Kujawsko-pomorskie,1,issued_ballots,4782685
4663,2025-05-18,president_a,PL61,Kujawsko-pomorskie,2,Bartoszewicz,21480
4664,2025-05-18,president_a,PL61,Kujawsko-pomorskie,2,Biejat,220385
4665,2025-05-18,president_a,PL61,Kujawsko-pomorskie,2,Braun,248495
4666,2025-05-18,president_a,PL61,Kujawsko-pomorskie,2,Holownia,247475
4667,2025-05-18,president_a,PL61,Kujawsko-pomorskie,2,Jakubiak,31890
4668,2025-05-18,president_a,PL61,Kujawsko-pomorskie,2,Maciak,10435
4669,2025-05-18,president_a,PL61,Kujawsko-pomorskie,2,Mentzen,708565
4670,2025-05-18,president_a,PL61,Kujawsko-pomorskie,2,Nawrocki,1256615
4671,2025-05-18,president_a,PL61,Kujawsko-pomorskie,2,Senyszyn,51520
4672,2025-05-18,president_a,PL61,Kujawsko-pomorskie,2,Stanowski,60195
4673,2025-05-18,president_a,PL61,Kujawsko-pomorskie,2,Trzaskowski,1697210
4674,2025-05-18,president_a,PL61,Kujawsko-pomorskie,2,Woch,4395
4675,2025-05-18,president_a,PL61,Kujawsko-pomorskie,2,Zandberg,205260
4676,2025-05-18,president_a,PL62,Warmińsko-mazurskie,0,eligible_voters,3106611
4677,2025-05-18,president_a,PL62,Warmińsko-mazurskie,1,issued_ballots,1877700
4678,2025-05-18,president_a,PL62,Warmińsko-mazurskie,2,Bartoszewicz,9564
4679,2025-05-18,president_a,PL62,Warmińsko-mazurskie,2,Biejat,79731
4680,2025-05-18,president_a,PL62,Warmińsko-mazurskie,2,Braun,111432
4681,2025-05-18,president_a,PL62,Warmińsko-mazurskie,2,Holownia,94530
4682,2025-05-18,president_a,PL62,Warmińsko-mazurskie,2,Jakubiak,13791
4683,2025-05-18,president_a,PL62,Warmińsko-mazurskie,2,Maciak,3750
4684,2025-05-18,president_a,PL62,Warmińsko-mazurskie,2,Mentzen,289038
4685,2025-05-18,president_a,PL62,Warmińsko-mazurskie,2,Nawrocki,504474
4686,2025-05-18,president_a,PL62,Warmińsko-mazurskie,2,Senyszyn,17949
4687,2025-05-18,president_a,PL62,Warmińsko-mazurskie,2,Stanowski,21561
4688,2025-05-18,president_a,PL62,Warmińsko-mazurskie,2,Trzaskowski,645687
4689,2025-05-18,president_a,PL62,Warmińsko-mazurskie,2,Woch,1686
4690,2025-05-18,president_a,PL62,Warmińsko-mazurskie,2,Zandberg,75333
4691,2025-05-18,president_a,PL63,Pomorskie,0,eligible_voters,8799840
4692,2025-05-18,president_a,PL63,Pomorskie,1,issued_ballots,6075660
4693,2025-05-18,president_a,PL63,Pomorskie,2,Bartoszewicz,29025
4694,2025-05-18,president_a,PL63,Pomorskie,2,Biejat,290600
4695,2025-05-18,president_a,PL63,Pomorskie,2,Braun,307070
4696,2025-05-18,president_a,PL63,Pomorskie,2,Holownia,349610
4697,2025-05-18,president_a,PL63,Pomorskie,2,Jakubiak,40490
4698,2025-05-18,president_a,PL63,Pomorskie,2,Maciak,10260
4699,2025-05-18,president_a,PL63,Pomorskie,2,Mentzen,855680
4700,2025-05-18,president_a,PL63,Pomorskie,2,Nawrocki,1342205
4701,2025-05-18,president_a,PL63,Pomorskie,2,Senyszyn,79280
4702,2025-05-18,president_a,PL63,Pomorskie,2,Stanowski,83415
4703,2025-05-18,president_a,PL63,Pomorskie,2,Trzaskowski,2302115
4704,2025-05-18,president_a,PL63,Pomorskie,2,Woch,5825
4705,2025-05-18,president_a,PL63,Pomorskie,2,Zandberg,354215
4706,2025-05-18,president_a,PL71,Łódzkie,0,eligible_voters,9173540
4707,2025-05-18,president_a,PL71,Łódzkie,1,issued_ballots,6256880
4708,2025-05-18,president_a,PL71,Łódzkie,2,Bartoszewicz,30665
4709,2025-05-18,president_a,PL71,Łódzkie,2,Biejat,284905
4710,2025-05-18,president_a,PL71,Łódzkie,2,Braun,378205
4711,2025-05-18,president_a,PL71,Łódzkie,2,Holownia,290400
4712,2025-05-18,president_a,PL71,Łódzkie,2,Jakubiak,50905
4713,2025-05-18,president_a,PL71,Łódzkie,2,Maciak,11955
4714,2025-05-18,president_a,PL71,Łódzkie,2,Mentzen,860245
4715,2025-05-18,president_a,PL71,Łódzkie,2,Nawrocki,2004085
4716,2025-05-18,president_a,PL71,Łódzkie,2,Senyszyn,68145
4717,2025-05-18,president_a,PL71,Łódzkie,2,Stanowski,76240
4718,2025-05-18,president_a,PL71,Łódzkie,2,Trzaskowski,1885960
4719,2025-05-18,president_a,PL71,Łódzkie,2,Woch,5215
4720,2025-05-18,president_a,PL71,Łódzkie,2,Zandberg,283510
4721,2025-05-18,president_a,PL72,Świętokrzyskie,0,eligible_voters,1859448
4722,2025-05-18,president_a,PL72,Świętokrzyskie,1,issued_ballots,1187636
4723,2025-05-18,president_a,PL72,Świętokrzyskie,2,Bartoszewicz,5252
4724,2025-05-18,president_a,PL72,Świętokrzyskie,2,Biejat,36566
4725,2025-05-18,president_a,PL72,Świętokrzyskie,2,Braun,93846
4726,2025-05-18,president_a,PL72,Świętokrzyskie,2,Holownia,49490
4727,2025-05-18,president_a,PL72,Świętokrzyskie,2,Jakubiak,9404
4728,2025-05-18,president_a,PL72,Świętokrzyskie,2,Maciak,2242
4729,2025-05-18,president_a,PL72,Świętokrzyskie,2,Mentzen,170376
4730,2025-05-18,president_a,PL72,Świętokrzyskie,2,Nawrocki,472302
4731,2025-05-18,president_a,PL72,Świętokrzyskie,2,Senyszyn,9992
4732,2025-05-18,president_a,PL72,Świętokrzyskie,2,Stanowski,12070
4733,2025-05-18,president_a,PL72,Świętokrzyskie,2,Trzaskowski,280644
4734,2025-05-18,president_a,PL72,Świętokrzyskie,2,Woch,992
4735,2025-05-18,president_a,PL72,Świętokrzyskie,2,Zandberg,39498
4736,2025-05-18,president_a,PL81,Lubelskie,0,eligible_voters,6324624
4737,2025-05-18,president_a,PL81,Lubelskie,1,issued_ballots,4146460
4738,2025-05-18,president_a,PL81,Lubelskie,2,Bartoszewicz,22204
4739,2025-05-18,president_a,PL81,Lubelskie,2,Biejat,114500
4740,2025-05-18,president_a,PL81,Lubelskie,2,Braun,387448
4741,2025-05-18,president_a,PL81,Lubelskie,2,Holownia,178648
4742,2025-05-18,president_a,PL81,Lubelskie,2,Jakubiak,38536
4743,2025-05-18,president_a,PL81,Lubelskie,2,Maciak,8572
4744,2025-05-18,president_a,PL81,Lubelskie,2,Mentzen,683544
4745,2025-05-18,president_a,PL81,Lubelskie,2,Nawrocki,1611624
4746,2025-05-18,president_a,PL81,Lubelskie,2,Senyszyn,36036
4747,2025-05-18,president_a,PL81,Lubelskie,2,Stanowski,43312
4748,2025-05-18,president_a,PL81,Lubelskie,2,Trzaskowski,853076
4749,2025-05-18,president_a,PL81,Lubelskie,2,Woch,7244
4750,2025-05-18,president_a,PL81,Lubelskie,2,Zandberg,145884
4751,2025-05-18,president_a,PL82,Podkarpackie,0,eligible_voters,6437208
4752,2025-05-18,president_a,PL82,Podkarpackie,1,issued_ballots,4223168
4753,2025-05-18,president_a,PL82,Podkarpackie,2,Bartoszewicz,19296
4754,2025-05-18,president_a,PL82,Podkarpackie,2,Biejat,93580
4755,2025-05-18,president_a,PL82,Podkarpackie,2,Braun,387836
4756,2025-05-18,president_a,PL82,Podkarpackie,2,Holownia,163884
4757,2025-05-18,president_a,PL82,Podkarpackie,2,Jakubiak,35380
4758,2025-05-18,president_a,PL82,Podkarpackie,2,Maciak,8128
4759,2025-05-18,president_a,PL82,Podkarpackie,2,Mentzen,740084
4760,2025-05-18,president_a,PL82,Podkarpackie,2,Nawrocki,1799484
4761,2025-05-18,president_a,PL82,Podkarpackie,2,Senyszyn,30764
4762,2025-05-18,president_a,PL82,Podkarpackie,2,Stanowski,42780
4763,2025-05-18,president_a,PL82,Podkarpackie,2,Trzaskowski,753196
4764,2025-05-18,president_a,PL82,Podkarpackie,2,Woch,3544
4765,2025-05-18,president_a,PL82,Podkarpackie,2,Zandberg,129340
4766,2025-05-18,president_a,PL84,Podlaskie,0,eligible_voters,2622921
4767,2025-05-18,president_a,PL84,Podlaskie,1,issued_ballots,1685091
4768,2025-05-18,president_a,PL84,Podlaskie,2,Bartoszewicz,11430
4769,2025-05-18,president_a,PL84,Podlaskie,2,Biejat,49125
4770,2025-05-18,president_a,PL84,Podlaskie,2,Braun,129177
4771,2025-05-18,president_a,PL84,Podlaskie,2,Holownia,97011
4772,2025-05-18,president_a,PL84,Podlaskie,2,Jakubiak,13470
4773,2025-05-18,president_a,PL84,Podlaskie,2,Maciak,5343
4774,2025-05-18,president_a,PL84,Podlaskie,2,Mentzen,286461
4775,2025-05-18,president_a,PL84,Podlaskie,2,Nawrocki,597975
4776,2025-05-18,president_a,PL84,Podlaskie,2,Senyszyn,14901
4777,2025-05-18,president_a,PL84,Podlaskie,2,Stanowski,19641
4778,2025-05-18,president_a,PL84,Podlaskie,2,Trzaskowski,391116
4779,2025-05-18,president_a,PL84,Podlaskie,2,Woch,1197
4780,2025-05-18,president_a,PL84,Podlaskie,2,Zandberg,60831
4781,2025-05-18,president_a,PL91,Warszawski stołeczny,0,eligible_voters,7228116
4782,2025-05-18,president_a,PL91,Warszawski stołeczny,1,issued_ballots,5631861
4783,2025-05-18,president_a,PL91,Warszawski stołeczny,2,Bartoszewicz,30318
4784,2025-05-18,president_a,PL91,Warszawski stołeczny,2,Biejat,350886
4785,2025-05-18,president_a,PL91,Warszawski stołeczny,2,Braun,243606
4786,2025-05-18,president_a,PL91,Warszawski stołeczny,2,Holownia,307485
4787,2025-05-18,president_a,PL91,Warszawski stołeczny,2,Jakubiak,53421
4788,2025-05-18,president_a,PL91,Warszawski stołeczny,2,Maciak,8145
4789,2025-05-18,president_a,PL91,Warszawski stołeczny,2,Mentzen,643347
4790,2025-05-18,president_a,PL91,Warszawski stołeczny,2,Nawrocki,1249581
4791,2025-05-18,president_a,PL91,Warszawski stołeczny,2,Senyszyn,87693
4792,2025-05-18,president_a,PL91,Warszawski stołeczny,2,Stanowski,90927
4793,2025-05-18,president_a,PL91,Warszawski stołeczny,2,Trzaskowski,2144718
4794,2025-05-18,president_a,PL91,Warszawski stołeczny,2,Woch,5544
4795,2025-05-18,president_a,PL91,Warszawski stołeczny,2,Zandberg,394938
4796,2025-05-18,president_a,PL92,Mazowiecki regionalny,0,eligible_voters,10484166
4797,2025-05-18,president_a,PL92,Mazowiecki regionalny,1,issued_ballots,7038900
4798,2025-05-18,president_a,PL92,Mazowiecki regionalny,2,Bartoszewicz,34344
4799,2025-05-18,president_a,PL92,Mazowiecki regionalny,2,Biejat,206118
4800,2025-05-18,president_a,PL92,Mazowiecki regionalny,2,Braun,535056
4801,2025-05-18,president_a,PL92,Mazowiecki regionalny,2,Holownia,288246
4802,2025-05-18,president_a,PL92,Mazowiecki regionalny,2,Jakubiak,63834
4803,2025-05-18,president_a,PL92,Mazowiecki regionalny,2,Maciak,13374
4804,2025-05-18,president_a,PL92,Mazowiecki regionalny,2,Mentzen,1167690
4805,2025-05-18,president_a,PL92,Mazowiecki regionalny,2,Nawrocki,2883636
4806,2025-05-18,president_a,PL92,Mazowiecki regionalny,2,Senyszyn,53652
4807,2025-05-18,president_a,PL92,Mazowiecki regionalny,2,Stanowski,74532
4808,2025-05-18,president_a,PL92,Mazowiecki regionalny,2,Trzaskowski,1454538
4809,2025-05-18,president_a,PL92,Mazowiecki regionalny,2,Woch,5328
4810,2025-05-18,president_a,PL92,Mazowiecki regionalny,2,Zandberg,223740
4811,2025-06-01,president_b,PL21,Małopolskie,0,eligible_voters,15752874
4812,2025-06-01,president_b,PL21,Małopolskie,1,issued_ballots,11644164
4813,2025-06-01,president_b,PL21,Małopolskie,2,Nawrocki,6796398
4814,2025-06-01,president_b,PL21,Małopolskie,2,Trzaskowski,4748964
4815,2025-06-01,president_b,PL22,Śląskie,0,eligible_voters,26092288
4816,2025-06-01,president_b,PL22,Śląskie,1,issued_ballots,18430984
4817,2025-06-01,president_b,PL22,Śląskie,2,Nawrocki,8889640
4818,2025-06-01,president_b,PL22,Śląskie,2,Trzaskowski,9378744
4819,2025-06-01,president_b,PL41,Wielkopolskie,0,eligible_voters,15798312
4820,2025-06-01,president_b,PL41,Wielkopolskie,1,issued_ballots,11308248
4821,2025-06-01,president_b,PL41,Wielkopolskie,2,Nawrocki,5022774
4822,2025-06-01,president_b,PL41,Wielkopolskie,2,Trzaskowski,6181050
4823,2025-06-01,president_b,PL42,Zachodniopomorskie,0,eligible_voters,5019412
4824,2025-06-01,president_b,PL42,Zachodniopomorskie,1,issued_ballots,3452868
4825,2025-06-01,president_b,PL42,Zachodniopomorskie,2,Nawrocki,1437068
4826,2025-06-01,president_b,PL42,Zachodniopomorskie,2,Trzaskowski,1986664
4827,2025-06-01,president_b,PL43,Lubuskie,0,eligible_voters,1462110
4828,2025-06-01,president_b,PL43,Lubuskie,1,issued_ballots,974976
4829,2025-06-01,president_b,PL43,Lubuskie,2,Nawrocki,403964
4830,2025-06-01,president_b,PL43,Lubuskie,2,Trzaskowski,562954
4831,2025-06-01,president_b,PL51,Dolnośląskie,0,eligible_voters,10887035
4832,2025-06-01,president_b,PL51,Dolnośląskie,1,issued_ballots,7686390
4833,2025-06-01,president_b,PL51,Dolnośląskie,2,Nawrocki,3366090
4834,2025-06-01,president_b,PL51,Dolnośląskie,2,Trzaskowski,4251525
4835,2025-06-01,president_b,PL52,Opolskie,0,eligible_voters,1441684
4836,2025-06-01,president_b,PL52,Opolskie,1,issued_ballots,902232
4837,2025-06-01,president_b,PL52,Opolskie,2,Nawrocki,420642
4838,2025-06-01,president_b,PL52,Opolskie,2,Trzaskowski,473984
4839,2025-06-01,president_b,PL61,Kujawsko-pomorskie,0,eligible_voters,7509745
4840,2025-06-01,president_b,PL61,Kujawsko-pomorskie,1,issued_ballots,5095425
4841,2025-06-01,president_b,PL61,Kujawsko-pomorskie,2,Nawrocki,2353300
4842,2025-06-01,president_b,PL61,Kujawsko-pomorskie,2,Trzaskowski,2699300
4843,2025-06-01,president_b,PL62,Warmińsko-mazurskie,0,eligible_voters,3106188
4844,2025-06-01,president_b,PL62,Warmińsko-mazurskie,1,issued_ballots,2009475
4845,2025-06-01,president_b,PL62,Warmińsko-mazurskie,2,Nawrocki,962391
4846,2025-06-01,president_b,PL62,Warmińsko-mazurskie,2,Trzaskowski,1030449
4847,2025-06-01,president_b,PL63,Pomorskie,0,eligible_voters,8879015
4848,2025-06-01,president_b,PL63,Pomorskie,1,issued_ballots,6442115
4849,2025-06-01,president_b,PL63,Pomorskie,2,Nawrocki,2608625
4850,2025-06-01,president_b,PL63,Pomorskie,2,Trzaskowski,3774115
4851,2025-06-01,president_b,PL71,Łódzkie,0,eligible_voters,9107570
4852,2025-06-01,president_b,PL71,Łódzkie,1,issued_ballots,6656320
4853,2025-06-01,president_b,PL71,Łódzkie,2,Nawrocki,3509295
4854,2025-06-01,president_b,PL71,Łódzkie,2,Trzaskowski,3086750
4855,2025-06-01,president_b,PL72,Świętokrzyskie,0,eligible_voters,1842542
4856,2025-06-01,president_b,PL72,Świętokrzyskie,1,issued_ballots,1273214
4857,2025-06-01,president_b,PL72,Świętokrzyskie,2,Nawrocki,803726
4858,2025-06-01,president_b,PL72,Świętokrzyskie,2,Trzaskowski,459790
4859,2025-06-01,president_b,PL81,Lubelskie,0,eligible_voters,6271084
4860,2025-06-01,president_b,PL81,Lubelskie,1,issued_ballots,4364636
4861,2025-06-01,president_b,PL81,Lubelskie,2,Nawrocki,2880476
4862,2025-06-01,president_b,PL81,Lubelskie,2,Trzaskowski,1448212
4863,2025-06-01,president_b,PL82,Podkarpackie,0,eligible_voters,6376288
4864,2025-06-01,president_b,PL82,Podkarpackie,1,issued_ballots,4427488
4865,2025-06-01,president_b,PL82,Podkarpackie,2,Nawrocki,3121716
4866,2025-06-01,president_b,PL82,Podkarpackie,2,Trzaskowski,1273940
4867,2025-06-01,president_b,PL84,Podlaskie,0,eligible_voters,2602875
4868,2025-06-01,president_b,PL84,Podlaskie,1,issued_ballots,1763406
4869,2025-06-01,president_b,PL84,Podlaskie,2,Nawrocki,1073541
4870,2025-06-01,president_b,PL84,Podlaskie,2,Trzaskowski,675186
4871,2025-06-01,president_b,PL91,Warszawski stołeczny,0,eligible_voters,7253865
4872,2025-06-01,president_b,PL91,Warszawski stołeczny,1,issued_ballots,5925153
4873,2025-06-01,president_b,PL91,Warszawski stołeczny,2,Nawrocki,2271447
4874,2025-06-01,president_b,PL91,Warszawski stołeczny,2,Trzaskowski,3596223
4875,2025-06-01,president_b,PL92,Mazowiecki regionalny,0,eligible_voters,10405980
4876,2025-06-01,president_b,PL92,Mazowiecki regionalny,1,issued_ballots,7453014
4877,2025-06-01,president_b,PL92,Mazowiecki regionalny,2,Nawrocki,4967220
4878,2025-06-01,president_b,PL92,Mazowiecki regionalny,2,Trzaskowski,2425530
