{"type":"Topology","bbox":[14.123887249900827,49.00256912034177,24.14474752163291,54.83640991356294],"transform":{"scale":[0.0010021862457977883,0.0005834424235644735],"translate":[14.123887249900827,49.00256912034177]},"objects":{"poland_powiaty_clipped":{"type":"GeometryCollection","geometries":[{"type":"Polygon","arcs":[[0,1,2,3,4],[5]],"properties":{"teryt":"T_1807","pow_name":"krośnieński"}},{"type":"Polygon","arcs":[[6,7,8,9,10,11],[12]],"properties":{"teryt":"T_2804","pow_name":"elbląski"}},{"type":"Polygon","arcs":[[13,14,15,16,17,18,19,20],[21]],"properties":{"teryt":"T_1415","pow_name":"ostrołęcki"}},{"type":"Polygon","arcs":[[22,23,24,25,26,27,28]],"properties":{"teryt":"T_0413","pow_name":"sępoleński"}},{"type":"Polygon","arcs":[[29,-27,30,31,32,33,34]],"properties":{"teryt":"T_3019","pow_name":"pilski"}},{"type":"Polygon","arcs":[[35,36,37,38,39,40]],"properties":{"teryt":"T_3208","pow_name":"kołobrzeski"}},{"type":"Polygon","arcs":[[41,42,43,44,45,46]],"properties":{"teryt":"T_3011","pow_name":"kościański"}},{"type":"Polygon","arcs":[[47,48,49,50,51,52,53,54,-45,55],[56]],"properties":{"teryt":"T_3021","pow_name":"poznański"}},{"type":"Polygon","arcs":[[57,58,59,60,61,62,63,64,65,66,67],[68]],"properties":{"teryt":"T_0408","pow_name":"lipnowski"}},{"type":"Polygon","arcs":[[69,70,71,72,73,74,75,76,77]],"properties":{"teryt":"T_1428","pow_name":"sochaczewski"}},{"type":"Polygon","arcs":[[78,79,80,81,-77,82]],"properties":{"teryt":"T_1432","pow_name":"warszawski zachodni"}},{"type":"Polygon","arcs":[[83,84,85,86]],"properties":{"teryt":"T_0604","pow_name":"hrubieszowski"}},{"type":"MultiPolygon","arcs":[[[87,88,89,90]],[[91,92,93]],[[94,95,96,97]]],"properties":{"teryt":"T_2412","pow_name":"rybnicki"}},{"type":"Polygon","arcs":[[98,99,100,101,102,103]],"properties":{"teryt":"T_2261","pow_name":"Gdańsk"}},{"type":"Polygon","arcs":[[104,105,106,107,108,109]],"properties":{"teryt":"T_0802","pow_name":"krośnieński"}},{"type":"Polygon","arcs":[[110,111,112,113,114,115,116,117,118,119,120]],"properties":{"teryt":"T_0609","pow_name":"lubelski"}},{"type":"Polygon","arcs":[[121,122,123,124,125,126]],"properties":{"teryt":"T_3206","pow_name":"gryfiński"}},{"type":"Polygon","arcs":[[127,128,129,130,131]],"properties":{"teryt":"T_2215","pow_name":"wejherowski"}},{"type":"Polygon","arcs":[[132,133,134,135]],"properties":{"teryt":"T_1602","pow_name":"głubczycki"}},{"type":"Polygon","arcs":[[136,137,138,139,140,141,142,143,-112]],"properties":{"teryt":"T_0602","pow_name":"biłgorajski"}},{"type":"Polygon","arcs":[[144,145,146,147,148,-1]],"properties":{"teryt":"T_1817","pow_name":"sanocki"}},{"type":"Polygon","arcs":[[149,150,151,152,153,154],[155]],"properties":{"teryt":"T_1210","pow_name":"nowosądecki"}},{"type":"Polygon","arcs":[[156]],"properties":{"teryt":"T_1862","pow_name":"Przemyśl"}},{"type":"Polygon","arcs":[[157,158,159,160,161]],"properties":{"teryt":"T_0619","pow_name":"włodawski"}},{"type":"Polygon","arcs":[[162]],"properties":{"teryt":"T_1263","pow_name":"Tarnów"}},{"type":"Polygon","arcs":[[163,164,165,166,167]],"properties":{"teryt":"T_0812","pow_name":"wschowski"}},{"type":"Polygon","arcs":[[168,169,170,171,172,173]],"properties":{"teryt":"T_0803","pow_name":"międzyrzecki"}},{"type":"Polygon","arcs":[[174,175,176,177,-170,178,179,-48]],"properties":{"teryt":"T_3015","pow_name":"nowotomyski"}},{"type":"Polygon","arcs":[[-32,180,181,182,-51,183,184]],"properties":{"teryt":"T_3028","pow_name":"wągrowiecki"}},{"type":"Polygon","arcs":[[185,186,187,188]],"properties":{"teryt":"T_2003","pow_name":"bielski"}},{"type":"Polygon","arcs":[[189,190,191,192]],"properties":{"teryt":"T_2607","pow_name":"ostrowiecki"}},{"type":"Polygon","arcs":[[193,194,195,196]],"properties":{"teryt":"T_2610","pow_name":"skarżyski"}},{"type":"Polygon","arcs":[[197,198,199,200]],"properties":{"teryt":"T_2474","pow_name":"Siemianowice Śląskie"}},{"type":"Polygon","arcs":[[-13]],"properties":{"teryt":"T_2861","pow_name":"Elbląg"}},{"type":"Polygon","arcs":[[201,202,203,204,205,206]],"properties":{"teryt":"T_2462","pow_name":"Bytom"}},{"type":"Polygon","arcs":[[207,208,209,210,211]],"properties":{"teryt":"T_0226","pow_name":"złotoryjski"}},{"type":"Polygon","arcs":[[212,213,214,215,216,217,218,219]],"properties":{"teryt":"T_0223","pow_name":"wrocławski"}},{"type":"Polygon","arcs":[[220,221,222,223,224]],"properties":{"teryt":"T_0213","pow_name":"milicki"}},{"type":"Polygon","arcs":[[225,226,227,228,229]],"properties":{"teryt":"T_0211","pow_name":"lubiński"}},{"type":"Polygon","arcs":[[-182,230,231,232,233,234]],"properties":{"teryt":"T_0419","pow_name":"żniński"}},{"type":"Polygon","arcs":[[235,236,237,238,239]],"properties":{"teryt":"T_0411","pow_name":"radziejowski"}},{"type":"Polygon","arcs":[[-181,-31,-26,240,-231]],"properties":{"teryt":"T_0410","pow_name":"nakielski"}},{"type":"Polygon","arcs":[[241,242,243,244,245]],"properties":{"teryt":"T_2417","pow_name":"żywiecki"}},{"type":"Polygon","arcs":[[246,-3,247,248,249,250]],"properties":{"teryt":"T_1805","pow_name":"jasielski"}},{"type":"Polygon","arcs":[[251]],"properties":{"teryt":"T_1063","pow_name":"Skierniewice"}},{"type":"Polygon","arcs":[[252,253,254]],"properties":{"teryt":"T_1061","pow_name":"Łódź"}},{"type":"Polygon","arcs":[[255,256,257,258,259,260],[261]],"properties":{"teryt":"T_1010","pow_name":"piotrkowski"}},{"type":"Polygon","arcs":[[262,263,264,265,266,267]],"properties":{"teryt":"T_2213","pow_name":"starogardzki"}},{"type":"Polygon","arcs":[[268]],"properties":{"teryt":"T_3062","pow_name":"Konin"}},{"type":"Polygon","arcs":[[-57]],"properties":{"teryt":"T_3064","pow_name":"Poznań"}},{"type":"Polygon","arcs":[[269]],"properties":{"teryt":"T_1863","pow_name":"Rzeszów"}},{"type":"Polygon","arcs":[[270,271,272,273,274,275,276]],"properties":{"teryt":"T_1611","pow_name":"strzelecki"}},{"type":"Polygon","arcs":[[277,278,279,280,281]],"properties":{"teryt":"T_0404","pow_name":"chełmiński"}},{"type":"Polygon","arcs":[[282,283,284,-260,285]],"properties":{"teryt":"T_1007","pow_name":"opoczyński"}},{"type":"Polygon","arcs":[[-35,286,287,288,289,290]],"properties":{"teryt":"T_3217","pow_name":"wałecki"}},{"type":"Polygon","arcs":[[291,-151,292,293,294]],"properties":{"teryt":"T_1202","pow_name":"brzeski"}},{"type":"Polygon","arcs":[[295,296,297,298,299],[300]],"properties":{"teryt":"T_2212","pow_name":"słupski"}},{"type":"Polygon","arcs":[[-30,-291,301,302,303,-28]],"properties":{"teryt":"T_3031","pow_name":"złotowski"}},{"type":"Polygon","arcs":[[304,305,306,-46,-55]],"properties":{"teryt":"T_3026","pow_name":"śremski"}},{"type":"Polygon","arcs":[[307,308,309,310,311]],"properties":{"teryt":"T_1815","pow_name":"ropczycko-sędziszowski"}},{"type":"Polygon","arcs":[[312,313,314]],"properties":{"teryt":"T_1410","pow_name":"łosicki"}},{"type":"Polygon","arcs":[[315,316,317,-61,318]],"properties":{"teryt":"T_1427","pow_name":"sierpecki"}},{"type":"Polygon","arcs":[[319,-73,320,321,322]],"properties":{"teryt":"T_1404","pow_name":"gostyniński"}},{"type":"MultiPolygon","arcs":[[[323,324,-78,-82,325,326,327]],[[328]]],"properties":{"teryt":"T_1405","pow_name":"grodziski"}},{"type":"Polygon","arcs":[[329,330,331,332,333,334]],"properties":{"teryt":"T_0611","pow_name":"łukowski"}},{"type":"Polygon","arcs":[[335]],"properties":{"teryt":"T_0662","pow_name":"Chełm"}},{"type":"Polygon","arcs":[[336,337,338,339]],"properties":{"teryt":"T_1261","pow_name":"Kraków"}},{"type":"Polygon","arcs":[[340,341,-255,342,343,344,345]],"properties":{"teryt":"T_1020","pow_name":"zgierski"}},{"type":"Polygon","arcs":[[346,347,348]],"properties":{"teryt":"T_1810","pow_name":"łańcucki"}},{"type":"Polygon","arcs":[[349,350,351,352,353,354]],"properties":{"teryt":"T_3018","pow_name":"ostrzeszowski"}},{"type":"Polygon","arcs":[[355]],"properties":{"teryt":"T_1463","pow_name":"Radom"}},{"type":"Polygon","arcs":[[-325,356,357,358,-70]],"properties":{"teryt":"T_1438","pow_name":"żyrardowski"}},{"type":"Polygon","arcs":[[-184,-50,359,360,361]],"properties":{"teryt":"T_3016","pow_name":"obornicki"}},{"type":"Polygon","arcs":[[362]],"properties":{"teryt":"T_1464","pow_name":"Siedlce"}},{"type":"Polygon","arcs":[[363]],"properties":{"teryt":"T_3063","pow_name":"Leszno"}},{"type":"Polygon","arcs":[[364,365,366,367,368,369,-236]],"properties":{"teryt":"T_3009","pow_name":"kolski"}},{"type":"Polygon","arcs":[[370]],"properties":{"teryt":"T_2062","pow_name":"Łomża"}},{"type":"Polygon","arcs":[[-223,371,372,373,374,375]],"properties":{"teryt":"T_3022","pow_name":"rawicki"}},{"type":"Polygon","arcs":[[376,377,378,379,380]],"properties":{"teryt":"T_3023","pow_name":"słupecki"}},{"type":"Polygon","arcs":[[381,382,-268,383,384]],"properties":{"teryt":"T_2206","pow_name":"kościerski"}},{"type":"Polygon","arcs":[[385,386,387,388,389,390]],"properties":{"teryt":"T_2613","pow_name":"włoszczowski"}},{"type":"Polygon","arcs":[[391,392,393,394,-122,395,396,397]],"properties":{"teryt":"T_3214","pow_name":"stargardzki"}},{"type":"Polygon","arcs":[[398,-219,399]],"properties":{"teryt":"T_0264","pow_name":"Wrocław"}},{"type":"Polygon","arcs":[[400,401,402,403,404,405,406]],"properties":{"teryt":"T_2806","pow_name":"giżycki"}},{"type":"Polygon","arcs":[[407,-404,408,409,410]],"properties":{"teryt":"T_2810","pow_name":"mrągowski"}},{"type":"Polygon","arcs":[[411,-167,412,-230,413,414]],"properties":{"teryt":"T_0203","pow_name":"głogowski"}},{"type":"Polygon","arcs":[[-289,415,416,-393,417]],"properties":{"teryt":"T_3202","pow_name":"choszczeński"}},{"type":"Polygon","arcs":[[418,419,420]],"properties":{"teryt":"T_2466","pow_name":"Gliwice"}},{"type":"Polygon","arcs":[[421,422,423,424,425,426,427]],"properties":{"teryt":"T_0402","pow_name":"brodnicki"}},{"type":"Polygon","arcs":[[428]],"properties":{"teryt":"T_0463","pow_name":"Toruń"}},{"type":"Polygon","arcs":[[429,430,-24,431,-266]],"properties":{"teryt":"T_0416","pow_name":"tucholski"}},{"type":"Polygon","arcs":[[432,433,-244,434,435,436,437]],"properties":{"teryt":"T_2403","pow_name":"cieszyński"}},{"type":"Polygon","arcs":[[-54,438,439,-305]],"properties":{"teryt":"T_3025","pow_name":"średzki"}},{"type":"Polygon","arcs":[[440,441,442,-306,-440,443]],"properties":{"teryt":"T_3006","pow_name":"jarociński"}},{"type":"Polygon","arcs":[[-257,444,445,446,-343,-254,447]],"properties":{"teryt":"T_1008","pow_name":"pabianicki"}},{"type":"Polygon","arcs":[[448]],"properties":{"teryt":"T_1661","pow_name":"Opole"}},{"type":"Polygon","arcs":[[-7,449,450,451,452,453,454]],"properties":{"teryt":"T_2815","pow_name":"ostródzki"}},{"type":"Polygon","arcs":[[-198,455,-205,456,457]],"properties":{"teryt":"T_2471","pow_name":"Piekary Śląskie"}},{"type":"Polygon","arcs":[[458,459,460,461,462,463,464]],"properties":{"teryt":"T_2609","pow_name":"sandomierski"}},{"type":"Polygon","arcs":[[465,466,467,468,469,470]],"properties":{"teryt":"T_1424","pow_name":"pułtuski"}},{"type":"Polygon","arcs":[[471,-162,472,473,-335,474,-313,475],[476]],"properties":{"teryt":"T_0601","pow_name":"bialski"}},{"type":"Polygon","arcs":[[477,-137,-111,478,479]],"properties":{"teryt":"T_0606","pow_name":"krasnostawski"}},{"type":"Polygon","arcs":[[-256,480,481,482,483,-445]],"properties":{"teryt":"T_1001","pow_name":"bełchatowski"}},{"type":"Polygon","arcs":[[-446,-484,484,485,486,487]],"properties":{"teryt":"T_1003","pow_name":"łaski"}},{"type":"Polygon","arcs":[[-345,488,-367,489,490]],"properties":{"teryt":"T_1004","pow_name":"łęczycki"}},{"type":"Polygon","arcs":[[491,492,493,-482,494]],"properties":{"teryt":"T_1009","pow_name":"pajęczański"}},{"type":"Polygon","arcs":[[-285,495,-390,496,-495,-481,-261]],"properties":{"teryt":"T_1012","pow_name":"radomszczański"}},{"type":"MultiPolygon","arcs":[[[497,-487,498]],[[499]]],"properties":{"teryt":"T_1019","pow_name":"zduńskowolski"}},{"type":"Polygon","arcs":[[500,-168,-412,501,502,503,504]],"properties":{"teryt":"T_0804","pow_name":"nowosolski"}},{"type":"Polygon","arcs":[[505,-310,506,507,508,509]],"properties":{"teryt":"T_1811","pow_name":"mielecki"}},{"type":"Polygon","arcs":[[510,511,512,513,514,515]],"properties":{"teryt":"T_2008","pow_name":"moniecki"}},{"type":"Polygon","arcs":[[516,-193,517,518,519,520,521,-386,522,-194],[523]],"properties":{"teryt":"T_2604","pow_name":"kielecki"}},{"type":"Polygon","arcs":[[524,-377,525,-444,-439,-53]],"properties":{"teryt":"T_3030","pow_name":"wrzesiński"}},{"type":"Polygon","arcs":[[526,-378,-525,-52,-183,-235]],"properties":{"teryt":"T_3003","pow_name":"gnieźnieński"}},{"type":"Polygon","arcs":[[527,528,529,530,-9]],"properties":{"teryt":"T_2209","pow_name":"malborski"}},{"type":"Polygon","arcs":[[531,532,-411,533,534,-451,535],[536]],"properties":{"teryt":"T_2814","pow_name":"olsztyński"}},{"type":"Polygon","arcs":[[537,538,-299]],"properties":{"teryt":"T_3213","pow_name":"sławieński"}},{"type":"Polygon","arcs":[[539,540,-425,541,542,-453,543]],"properties":{"teryt":"T_2803","pow_name":"działdowski"}},{"type":"Polygon","arcs":[[-134,544,545,-273,546,547]],"properties":{"teryt":"T_1603","pow_name":"kędzierzyńsko-kozielski"}},{"type":"Polygon","arcs":[[548,549,-224,-376,550,-442]],"properties":{"teryt":"T_3012","pow_name":"krotoszyński"}},{"type":"Polygon","arcs":[[551]],"properties":{"teryt":"T_2061","pow_name":"Białystok"}},{"type":"Polygon","arcs":[[552,-164,-501,553,-176,554,-43]],"properties":{"teryt":"T_3029","pow_name":"wolsztyński"}},{"type":"Polygon","arcs":[[555,556,557,558,-37]],"properties":{"teryt":"T_3216","pow_name":"świdwiński"}},{"type":"Polygon","arcs":[[559,-409,-403,560,561,562,-21]],"properties":{"teryt":"T_2816","pow_name":"piski"}},{"type":"Polygon","arcs":[[-207,563,564]],"properties":{"teryt":"T_2476","pow_name":"Świętochłowice"}},{"type":"Polygon","arcs":[[565,-203,566,567,-419]],"properties":{"teryt":"T_2478","pow_name":"Zabrze"}},{"type":"Polygon","arcs":[[-537]],"properties":{"teryt":"T_2862","pow_name":"Olsztyn"}},{"type":"Polygon","arcs":[[568,569]],"properties":{"teryt":"T_2464","pow_name":"Częstochowa"}},{"type":"Polygon","arcs":[[570,571,-372,-222,572,-220,-399,573]],"properties":{"teryt":"T_0220","pow_name":"trzebnicki"}},{"type":"Polygon","arcs":[[-400,-218,574,575,576,577,-574]],"properties":{"teryt":"T_0218","pow_name":"średzki"}},{"type":"Polygon","arcs":[[578,579]],"properties":{"teryt":"T_0462","pow_name":"Grudziądz"}},{"type":"Polygon","arcs":[[580,-153,581,-249]],"properties":{"teryt":"T_1205","pow_name":"gorlicki"}},{"type":"Polygon","arcs":[[582,583,-246,584,585,586,587]],"properties":{"teryt":"T_1218","pow_name":"wadowicki"}},{"type":"Polygon","arcs":[[588,-463,589,-509,590,591,-519]],"properties":{"teryt":"T_2612","pow_name":"staszowski"}},{"type":"Polygon","arcs":[[-508,592,593,594,595,-591]],"properties":{"teryt":"T_1204","pow_name":"dąbrowski"}},{"type":"Polygon","arcs":[[-361,596,597,598,-287,-34,599]],"properties":{"teryt":"T_3002","pow_name":"czarnkowsko-trzcianecki"}},{"type":"Polygon","arcs":[[-582,-152,-292,600,601,-594,602,-250],[-163]],"properties":{"teryt":"T_1216","pow_name":"tarnowski"}},{"type":"Polygon","arcs":[[603,604,605,606,-294,607]],"properties":{"teryt":"T_1201","pow_name":"bocheński"}},{"type":"Polygon","arcs":[[-333,608,609,610,611,612,613]],"properties":{"teryt":"T_1403","pow_name":"garwoliński"}},{"type":"Polygon","arcs":[[-522,614,615,616,-387]],"properties":{"teryt":"T_2602","pow_name":"jędrzejowski"}},{"type":"Polygon","arcs":[[617,-135,-548,618,619,-93,620]],"properties":{"teryt":"T_2411","pow_name":"raciborski"}},{"type":"Polygon","arcs":[[-237,-370,621,622,623,-380,624,625],[-269]],"properties":{"teryt":"T_3010","pow_name":"koniński"}},{"type":"Polygon","arcs":[[-143,626,627,628,629,630]],"properties":{"teryt":"T_1812","pow_name":"niżański"}},{"type":"Polygon","arcs":[[631,632,633,-512,634,635,636,-188],[-552]],"properties":{"teryt":"T_2002","pow_name":"białostocki"}},{"type":"Polygon","arcs":[[637,638,639,640,641,642,643,644],[645]],"properties":{"teryt":"T_2012","pow_name":"suwalski"}},{"type":"Polygon","arcs":[[646,647,648,649,650]],"properties":{"teryt":"T_0225","pow_name":"zgorzelecki"}},{"type":"Polygon","arcs":[[-620,651,-98,652,-90,653,-94]],"properties":{"teryt":"T_2473","pow_name":"Rybnik"}},{"type":"Polygon","arcs":[[-214,654,655,656,657]],"properties":{"teryt":"T_0215","pow_name":"oławski"}},{"type":"Polygon","arcs":[[658,-396,-127,659]],"properties":{"teryt":"T_3262","pow_name":"Szczecin"}},{"type":"Polygon","arcs":[[660,661,-106,662,-177,-554,-505,663,-503]],"properties":{"teryt":"T_0809","pow_name":"zielonogórski"}},{"type":"Polygon","arcs":[[664,665,666,-545,-133,667]],"properties":{"teryt":"T_1610","pow_name":"prudnicki"}},{"type":"Polygon","arcs":[[668]],"properties":{"teryt":"T_0664","pow_name":"Zamość"}},{"type":"Polygon","arcs":[[669,-226,-413,-166,670,-373,-572]],"properties":{"teryt":"T_0204","pow_name":"górowski"}},{"type":"Polygon","arcs":[[671,672,673,-528,-8,-455]],"properties":{"teryt":"T_2216","pow_name":"sztumski"}},{"type":"Polygon","arcs":[[674,675,676,677,-673]],"properties":{"teryt":"T_2207","pow_name":"kwidzyński"}},{"type":"Polygon","arcs":[[678,679,680,681,682]],"properties":{"teryt":"T_2465","pow_name":"Dąbrowa Górnicza"}},{"type":"Polygon","arcs":[[683,-239,684,685,-68]],"properties":{"teryt":"T_0401","pow_name":"aleksandrowski"}},{"type":"Polygon","arcs":[[-441,-526,-381,-624,686,687,688,-549]],"properties":{"teryt":"T_3020","pow_name":"pleszewski"}},{"type":"Polygon","arcs":[[689,690,-242,-584,691]],"properties":{"teryt":"T_1215","pow_name":"suski"}},{"type":"Polygon","arcs":[[692,693,694,695,696]],"properties":{"teryt":"T_1434","pow_name":"wołomiński"}},{"type":"Polygon","arcs":[[697,698,699,700,-397,-659,701]],"properties":{"teryt":"T_3204","pow_name":"goleniowski"}},{"type":"Polygon","arcs":[[-275,702,-666,703,704,705,706,707],[-449]],"properties":{"teryt":"T_1609","pow_name":"opolski"}},{"type":"Polygon","arcs":[[-23,708,709,-384,-267,-432]],"properties":{"teryt":"T_2202","pow_name":"chojnicki"}},{"type":"Polygon","arcs":[[-566,-421,710,-271,711,712,713,-457,-204]],"properties":{"teryt":"T_2413","pow_name":"tarnogórski"}},{"type":"Polygon","arcs":[[714,-469,715,716,717]],"properties":{"teryt":"T_1402","pow_name":"ciechanowski"}},{"type":"Polygon","arcs":[[718,719,720,721,722,-276,-708]],"properties":{"teryt":"T_1608","pow_name":"oleski"}},{"type":"Polygon","arcs":[[723,724,-16,725,726,727,728]],"properties":{"teryt":"T_1416","pow_name":"ostrowski"}},{"type":"MultiPolygon","arcs":[[[-337,729,-606,730]],[[731,-588,732,733,734,735,-339,736]]],"properties":{"teryt":"T_1206","pow_name":"krakowski"}},{"type":"Polygon","arcs":[[737,-210,738,739,-648,740,741]],"properties":{"teryt":"T_0201","pow_name":"bolesławiecki"}},{"type":"Polygon","arcs":[[-232,-241,-25,-431,742,-280,743,744,745,746]],"properties":{"teryt":"T_0403","pow_name":"bydgoski"}},{"type":"Polygon","arcs":[[747,748,749,750]],"properties":{"teryt":"T_1401","pow_name":"białobrzeski"}},{"type":"Polygon","arcs":[[-99,751,-382,752,753,-128,754]],"properties":{"teryt":"T_2205","pow_name":"kartuski"}},{"type":"Polygon","arcs":[[755,756,757,758,759,-96,760]],"properties":{"teryt":"T_2408","pow_name":"mikołowski"}},{"type":"Polygon","arcs":[[-758,761,762,763]],"properties":{"teryt":"T_2477","pow_name":"Tychy"}},{"type":"Polygon","arcs":[[-527,-234,764,-625,-379]],"properties":{"teryt":"T_0409","pow_name":"mogileński"}},{"type":"Polygon","arcs":[[765,-459,766,767,-630,768]],"properties":{"teryt":"T_1818","pow_name":"stalowowolski"}},{"type":"Polygon","arcs":[[769,-101,770]],"properties":{"teryt":"T_2264","pow_name":"Sopot"}},{"type":"Polygon","arcs":[[771,-10,-531,772,-103,773]],"properties":{"teryt":"T_2210","pow_name":"nowodworski"}},{"type":"Polygon","arcs":[[774,-123,-395]],"properties":{"teryt":"T_3212","pow_name":"pyrzycki"}},{"type":"Polygon","arcs":[[775,-131,776]],"properties":{"teryt":"T_2211","pow_name":"pucki"}},{"type":"Polygon","arcs":[[-141,777,778,779,780,-347,781]],"properties":{"teryt":"T_1814","pow_name":"przeworski"}},{"type":"Polygon","arcs":[[-612,782,783,784,785]],"properties":{"teryt":"T_1417","pow_name":"otwocki"}},{"type":"Polygon","arcs":[[786,787,788,789,-751,790,-610]],"properties":{"teryt":"T_1407","pow_name":"kozienicki"}},{"type":"Polygon","arcs":[[-293,-150,791,792,-608]],"properties":{"teryt":"T_1207","pow_name":"limanowski"}},{"type":"Polygon","arcs":[[793,-604,-793,794,-692,-583,-732]],"properties":{"teryt":"T_1209","pow_name":"myślenicki"}},{"type":"Polygon","arcs":[[-734,795,796,797,-681,798,799]],"properties":{"teryt":"T_1212","pow_name":"olkuski"}},{"type":"Polygon","arcs":[[800,801,-586,802,803,804]],"properties":{"teryt":"T_1213","pow_name":"oświęcimski"}},{"type":"Polygon","arcs":[[-262]],"properties":{"teryt":"T_1062","pow_name":"Piotrków Trybunalski"}},{"type":"Polygon","arcs":[[-489,-344,-447,-488,-498,805,806,-368]],"properties":{"teryt":"T_1011","pow_name":"poddębicki"}},{"type":"Polygon","arcs":[[-485,-483,-494,807,-721,808,809]],"properties":{"teryt":"T_1017","pow_name":"wieluński"}},{"type":"Polygon","arcs":[[810,811,-145,-5,812]],"properties":{"teryt":"T_1802","pow_name":"brzozowski"}},{"type":"Polygon","arcs":[[-477]],"properties":{"teryt":"T_0661","pow_name":"Biała Podlaska"}},{"type":"Polygon","arcs":[[-156]],"properties":{"teryt":"T_1262","pow_name":"Nowy Sącz"}},{"type":"Polygon","arcs":[[-632,-187,813,814,-728,815]],"properties":{"teryt":"T_2013","pow_name":"wysokomazowiecki"}},{"type":"Polygon","arcs":[[-596,816,817,-520,-592]],"properties":{"teryt":"T_2601","pow_name":"buski"}},{"type":"Polygon","arcs":[[818,819,820,-352,821]],"properties":{"teryt":"T_3008","pow_name":"kępiński"}},{"type":"Polygon","arcs":[[822,-622,-369,-807,823]],"properties":{"teryt":"T_3027","pow_name":"turecki"}},{"type":"Polygon","arcs":[[824,825,-464,-589,-518,-192,826]],"properties":{"teryt":"T_2606","pow_name":"opatowski"}},{"type":"Polygon","arcs":[[-301]],"properties":{"teryt":"T_2263","pow_name":"Słupsk"}},{"type":"Polygon","arcs":[[827,828,829,-41,830,-538,-298],[831]],"properties":{"teryt":"T_3209","pow_name":"koszaliński"}},{"type":"Polygon","arcs":[[-585,-245,-434,832,-438,833,-803]],"properties":{"teryt":"T_2402","pow_name":"bielski"}},{"type":"Polygon","arcs":[[834,-436,835,836,-88,837]],"properties":{"teryt":"T_2467","pow_name":"Jastrzębie-Zdrój"}},{"type":"Polygon","arcs":[[838,839]],"properties":{"teryt":"T_1217","pow_name":"tatrzański"}},{"type":"Polygon","arcs":[[-155,840,-839,841,-690,-795,-792]],"properties":{"teryt":"T_1211","pow_name":"nowotarski"}},{"type":"Polygon","arcs":[[-79,842,-466,843,-696,844]],"properties":{"teryt":"T_1408","pow_name":"legionowski"}},{"type":"Polygon","arcs":[[845,-401,846,-639]],"properties":{"teryt":"T_2813","pow_name":"olecki"}},{"type":"Polygon","arcs":[[-633,-816,-727,847]],"properties":{"teryt":"T_2014","pow_name":"zambrowski"}},{"type":"MultiPolygon","arcs":[[[-682,-798,848,849]],[[850,851,-679,852,853,-199,-458,-714]]],"properties":{"teryt":"T_2401","pow_name":"będziński"}},{"type":"Polygon","arcs":[[854,-699,855,856]],"properties":{"teryt":"T_3207","pow_name":"kamieński"}},{"type":"Polygon","arcs":[[857,858,859,-729,-815]],"properties":{"teryt":"T_1429","pow_name":"sokołowski"}},{"type":"Polygon","arcs":[[-536,-450,-12,860,861]],"properties":{"teryt":"T_2809","pow_name":"lidzbarski"}},{"type":"Polygon","arcs":[[-683,-850,862,863,864,-853]],"properties":{"teryt":"T_2475","pow_name":"Sosnowiec"}},{"type":"Polygon","arcs":[[865,-319,-60,866,-427]],"properties":{"teryt":"T_0412","pow_name":"rypiński"}},{"type":"Polygon","arcs":[[867,-357,-324,868,-783,-611,-791,-750,869,870]],"properties":{"teryt":"T_1406","pow_name":"grójecki"}},{"type":"Polygon","arcs":[[871,-694,872,873,-613,-786]],"properties":{"teryt":"T_1412","pow_name":"miński"}},{"type":"Polygon","arcs":[[-385,-710,874,875,-828,-297,876,-753]],"properties":{"teryt":"T_2201","pow_name":"bytowski"}},{"type":"Polygon","arcs":[[-511,877,878,-635]],"properties":{"teryt":"T_2011","pow_name":"sokólski"}},{"type":"Polygon","arcs":[[879,-189,-637,880]],"properties":{"teryt":"T_2005","pow_name":"hajnowski"}},{"type":"Polygon","arcs":[[881,882,-856,-698]],"properties":{"teryt":"T_3263","pow_name":"Świnoujście"}},{"type":"Polygon","arcs":[[-846,-638,883,884,-561,-402]],"properties":{"teryt":"T_2805","pow_name":"ełcki"}},{"type":"Polygon","arcs":[[885,886,887,888,-212,889,-576]],"properties":{"teryt":"T_0205","pow_name":"jaworski"}},{"type":"Polygon","arcs":[[890,891]],"properties":{"teryt":"T_0261","pow_name":"Jelenia Góra"}},{"type":"Polygon","arcs":[[892,-888,893,894]],"properties":{"teryt":"T_0207","pow_name":"kamiennogórski"}},{"type":"Polygon","arcs":[[-74,-320,895,-62,-318,896],[897]],"properties":{"teryt":"T_1419","pow_name":"płocki"}},{"type":"Polygon","arcs":[[-346,-491,898,-321,-72,899,900]],"properties":{"teryt":"T_1005","pow_name":"łowicki"}},{"type":"Polygon","arcs":[[-359,901,902,903,-900,-71],[-252]],"properties":{"teryt":"T_1015","pow_name":"skierniewicki"}},{"type":"Polygon","arcs":[[904,905,-675,-672,-454,-543]],"properties":{"teryt":"T_2807","pow_name":"iławski"}},{"type":"Polygon","arcs":[[906]],"properties":{"teryt":"T_0861","pow_name":"Gorzów Wielkopolski"}},{"type":"Polygon","arcs":[[907,-685,-238,-626,-765,-233,-747]],"properties":{"teryt":"T_0407","pow_name":"inowrocławski"}},{"type":"Polygon","arcs":[[-348,-781,908,-811,909,-312,910,-628,911],[-270]],"properties":{"teryt":"T_1816","pow_name":"rzeszowski"}},{"type":"Polygon","arcs":[[912,-282,913,-579,914,-676,-906,915,-423]],"properties":{"teryt":"T_0406","pow_name":"grudziądzki"}},{"type":"Polygon","arcs":[[916,-129,-754,-877,-296]],"properties":{"teryt":"T_2208","pow_name":"lęborski"}},{"type":"Polygon","arcs":[[-414,-229,917,-742,918]],"properties":{"teryt":"T_0216","pow_name":"polkowicki"}},{"type":"Polygon","arcs":[[-392,919,-558,920,-302,-290,-418]],"properties":{"teryt":"T_3203","pow_name":"drawski"}},{"type":"Polygon","arcs":[[921,-661,-502,-415,-919,-741,-647]],"properties":{"teryt":"T_0810","pow_name":"żagański"}},{"type":"Polygon","arcs":[[922,-64,923,-66]],"properties":{"teryt":"T_0464","pow_name":"Włocławek"}},{"type":"Polygon","arcs":[[-851,-713,924,925,926]],"properties":{"teryt":"T_2409","pow_name":"myszkowski"}},{"type":"Polygon","arcs":[[-476,-315,927,-858,-814,-186,-880,928]],"properties":{"teryt":"T_2010","pow_name":"siemiatycki"}},{"type":"Polygon","arcs":[[929,-405,-408,-533,930,931]],"properties":{"teryt":"T_2808","pow_name":"kętrzyński"}},{"type":"Polygon","arcs":[[-513,-634,-848,-726,-15,932,933],[-371]],"properties":{"teryt":"T_2007","pow_name":"łomżyński"}},{"type":"Polygon","arcs":[[-869,-328,934,935,-784]],"properties":{"teryt":"T_1418","pow_name":"piaseczyński"}},{"type":"Polygon","arcs":[[-766,936,-510,-590,-462,937,-460]],"properties":{"teryt":"T_1820","pow_name":"tarnobrzeski"}},{"type":"Polygon","arcs":[[938,-467,-843,-83,-76]],"properties":{"teryt":"T_1414","pow_name":"nowodworski"}},{"type":"Polygon","arcs":[[939,-85,940,-480,941,942,-159],[-336]],"properties":{"teryt":"T_0603","pow_name":"chełmski"}},{"type":"Polygon","arcs":[[943,944,945,-473,-161]],"properties":{"teryt":"T_0613","pow_name":"parczewski"}},{"type":"Polygon","arcs":[[-942,-479,-121,946,-119,947]],"properties":{"teryt":"T_0617","pow_name":"świdnicki"}},{"type":"Polygon","arcs":[[-899,-490,-366,948,-322]],"properties":{"teryt":"T_1002","pow_name":"kutnowski"}},{"type":"Polygon","arcs":[[-258,-448,-253,-342,949,950]],"properties":{"teryt":"T_1006","pow_name":"łódzki wschodni"}},{"type":"Polygon","arcs":[[-629,-911,-311,-506,-937,-769]],"properties":{"teryt":"T_1806","pow_name":"kolbuszowski"}},{"type":"Polygon","arcs":[[-646]],"properties":{"teryt":"T_2063","pow_name":"Suwałki"}},{"type":"Polygon","arcs":[[-175,-56,-44,-555]],"properties":{"teryt":"T_3005","pow_name":"grodziski"}},{"type":"Polygon","arcs":[[-360,-49,-180,951,-597]],"properties":{"teryt":"T_3024","pow_name":"szamotulski"}},{"type":"Polygon","arcs":[[-524]],"properties":{"teryt":"T_2661","pow_name":"Kielce"}},{"type":"Polygon","arcs":[[952,953,954,955,956,-216]],"properties":{"teryt":"T_0202","pow_name":"dzierżoniowski"}},{"type":"Polygon","arcs":[[-529,-674,-678,957,-264,958]],"properties":{"teryt":"T_2214","pow_name":"tczewski"}},{"type":"Polygon","arcs":[[-832]],"properties":{"teryt":"T_3261","pow_name":"Koszalin"}},{"type":"Polygon","arcs":[[-570,959,960,-722,-808,-493,961]],"properties":{"teryt":"T_2406","pow_name":"kłobucki"}},{"type":"Polygon","arcs":[[-723,-961,962,-925,-712,-277]],"properties":{"teryt":"T_2407","pow_name":"lubliniecki"}},{"type":"Polygon","arcs":[[-833,-433]],"properties":{"teryt":"T_2461","pow_name":"Bielsko-Biała"}},{"type":"Polygon","arcs":[[963]],"properties":{"teryt":"T_0262","pow_name":"Legnica"}},{"type":"Polygon","arcs":[[964,-227,-670,-571,-578]],"properties":{"teryt":"T_0222","pow_name":"wołowski"}},{"type":"Polygon","arcs":[[965,-470,-715,966,-18]],"properties":{"teryt":"T_1411","pow_name":"makowski"}},{"type":"Polygon","arcs":[[-217,-957,967,968,969,-886,-575]],"properties":{"teryt":"T_0219","pow_name":"świdnicki"}},{"type":"Polygon","arcs":[[-416,-288,-599,970,-174,971,972]],"properties":{"teryt":"T_0806","pow_name":"strzelecko-drezdenecki"}},{"type":"Polygon","arcs":[[-782,-349,-912,-627,-142]],"properties":{"teryt":"T_1808","pow_name":"leżajski"}},{"type":"Polygon","arcs":[[-362,-600,-33,-185]],"properties":{"teryt":"T_3001","pow_name":"chodzieski"}},{"type":"Polygon","arcs":[[-952,-179,-169,-971,-598]],"properties":{"teryt":"T_3014","pow_name":"międzychodzki"}},{"type":"Polygon","arcs":[[973,-819,974,-719,-707]],"properties":{"teryt":"T_1604","pow_name":"kluczborski"}},{"type":"Polygon","arcs":[[-551,-375,975,-47,-307,-443]],"properties":{"teryt":"T_3004","pow_name":"gostyński"}},{"type":"Polygon","arcs":[[976,-817,-595,-602,977,978]],"properties":{"teryt":"T_2603","pow_name":"kazimierski"}},{"type":"Polygon","arcs":[[979,-355,980,981,-687,-623,-823]],"properties":{"teryt":"T_3007","pow_name":"kaliski"}},{"type":"Polygon","arcs":[[-530,-959,-263,-383,-752,-104,-773]],"properties":{"teryt":"T_2204","pow_name":"gdański"}},{"type":"Polygon","arcs":[[-38,-559,-920,-398,-701,982]],"properties":{"teryt":"T_3218","pow_name":"łobeski"}},{"type":"Polygon","arcs":[[-353,-821,983,-655,-213,-573,-221,984]],"properties":{"teryt":"T_0214","pow_name":"oleśnicki"}},{"type":"Polygon","arcs":[[985,986,-953,-215,-658,987]],"properties":{"teryt":"T_0217","pow_name":"strzeliński"}},{"type":"Polygon","arcs":[[988,989,-278,-913,-422]],"properties":{"teryt":"T_0417","pow_name":"wąbrzeski"}},{"type":"Polygon","arcs":[[-6]],"properties":{"teryt":"T_1861","pow_name":"Krosno"}},{"type":"Polygon","arcs":[[-664,-504]],"properties":{"teryt":"T_0862","pow_name":"Zielona Góra"}},{"type":"Polygon","arcs":[[-430,-265,-958,-677,-915,-580,-914,-281,-743]],"properties":{"teryt":"T_0414","pow_name":"świecki"}},{"type":"Polygon","arcs":[[-507,-309,990,-251,-603,-593]],"properties":{"teryt":"T_1803","pow_name":"dębicki"}},{"type":"Polygon","arcs":[[991,992,993,-864]],"properties":{"teryt":"T_2470","pow_name":"Mysłowice"}},{"type":"Polygon","arcs":[[-144,-631,-768,994,-113]],"properties":{"teryt":"T_0605","pow_name":"janowski"}},{"type":"MultiPolygon","arcs":[[[995,996,997,-283,998,-870,-749]],[[999]]],"properties":{"teryt":"T_1423","pow_name":"przysuski"}},{"type":"Polygon","arcs":[[-428,-867,-59,1000,-989]],"properties":{"teryt":"T_0405","pow_name":"golubsko-dobrzyński"}},{"type":"Polygon","arcs":[[-983,-700,-855,1001,-39]],"properties":{"teryt":"T_3205","pow_name":"gryficki"}},{"type":"Polygon","arcs":[[1002,-763,1003,-993,1004,-805]],"properties":{"teryt":"T_2414","pow_name":"bieruńsko-lędziński"}},{"type":"Polygon","arcs":[[-757,1005,1006,-200,-854,-865,-994,-1004,-762]],"properties":{"teryt":"T_2469","pow_name":"Katowice"}},{"type":"Polygon","arcs":[[1007,1008,-972,-173,1009,1010],[-907]],"properties":{"teryt":"T_0801","pow_name":"gorzowski"}},{"type":"Polygon","arcs":[[1011,-1011,1012,-109]],"properties":{"teryt":"T_0805","pow_name":"słubicki"}},{"type":"Polygon","arcs":[[-818,-977,1013,-615,-521]],"properties":{"teryt":"T_2608","pow_name":"pińczowski"}},{"type":"Polygon","arcs":[[-755,-132,-776,1014,-771,-100]],"properties":{"teryt":"T_2262","pow_name":"Gdynia"}},{"type":"Polygon","arcs":[[-97,-760,1015,-838,-91,-653]],"properties":{"teryt":"T_2479","pow_name":"Żory"}},{"type":"Polygon","arcs":[[1016,-406,-930,1017]],"properties":{"teryt":"T_2819","pow_name":"węgorzewski"}},{"type":"Polygon","arcs":[[1018,-87,1019,1020,-139]],"properties":{"teryt":"T_0618","pow_name":"tomaszowski"}},{"type":"MultiPolygon","arcs":[[[-644,1021,1022]],[[1023,-642]]],"properties":{"teryt":"T_2009","pow_name":"sejneński"}},{"type":"Polygon","arcs":[[-705,1024,-988,-657,1025]],"properties":{"teryt":"T_1601","pow_name":"brzeski"}},{"type":"Polygon","arcs":[[-667,-703,-274,-546]],"properties":{"teryt":"T_1605","pow_name":"krapkowicki"}},{"type":"Polygon","arcs":[[1026,-955,1027,1028]],"properties":{"teryt":"T_0208","pow_name":"kłodzki"}},{"type":"Polygon","arcs":[[-120,-947]],"properties":{"teryt":"T_0663","pow_name":"Lublin"}},{"type":"Polygon","arcs":[[-148,1029,1030]],"properties":{"teryt":"T_1821","pow_name":"leski"}},{"type":"Polygon","arcs":[[-945,1031,-117,1032,1033,-331,1034]],"properties":{"teryt":"T_0608","pow_name":"lubartowski"}},{"type":"Polygon","arcs":[[-116,1035,1036,-788,1037,-1033]],"properties":{"teryt":"T_0614","pow_name":"puławski"}},{"type":"Polygon","arcs":[[-474,-946,-1035,-330]],"properties":{"teryt":"T_0615","pow_name":"radzyński"}},{"type":"Polygon","arcs":[[-354,-985,-225,-550,-689,1038,-981]],"properties":{"teryt":"T_3017","pow_name":"ostrowski"}},{"type":"Polygon","arcs":[[-982,-1039,-688]],"properties":{"teryt":"T_3061","pow_name":"Kalisz"}},{"type":"Polygon","arcs":[[1039,-540,1040,1041,-717,1042]],"properties":{"teryt":"T_1413","pow_name":"mławski"}},{"type":"Polygon","arcs":[[-745,1043]],"properties":{"teryt":"T_0461","pow_name":"Bydgoszcz"}},{"type":"Polygon","arcs":[[-22]],"properties":{"teryt":"T_1461","pow_name":"Ostrołęka"}},{"type":"Polygon","arcs":[[-465,-826,1044,-114,-995,-767]],"properties":{"teryt":"T_0607","pow_name":"kraśnicki"}},{"type":"Polygon","arcs":[[-259,-951,1045,-903,1046,-871,-999,-286]],"properties":{"teryt":"T_1016","pow_name":"tomaszowski"}},{"type":"Polygon","arcs":[[-686,-908,-746,-1044,-744,-279,-990,-1001,-58],[-429]],"properties":{"teryt":"T_0415","pow_name":"toruński"}},{"type":"Polygon","arcs":[[-374,-671,-165,-553,-42,-976],[-364]],"properties":{"teryt":"T_3013","pow_name":"leszczyński"}},{"type":"Polygon","arcs":[[-420,-568,1047,-761,-95,-652,-619,-547,-272,-711]],"properties":{"teryt":"T_2405","pow_name":"gliwicki"}},{"type":"Polygon","arcs":[[-849,-797,1048,-801,-1005,-992,-863]],"properties":{"teryt":"T_2468","pow_name":"Jaworzno"}},{"type":"Polygon","arcs":[[-844,-471,-966,-17,-725,1049,-697]],"properties":{"teryt":"T_1435","pow_name":"wyszkowski"}},{"type":"MultiPolygon","arcs":[[[-896,-323,-949,-365,-240,-684,-67,-924,-63]],[[-65,-923]],[[-69]]],"properties":{"teryt":"T_0418","pow_name":"włocławski"}},{"type":"Polygon","arcs":[[-960,-569,-962,-492,-497,-389,1050,-926,-963]],"properties":{"teryt":"T_2404","pow_name":"częstochowski"}},{"type":"Polygon","arcs":[[-178,-663,-105,1051,-171]],"properties":{"teryt":"T_0808","pow_name":"świebodziński"}},{"type":"Polygon","arcs":[[-534,-410,-560,-20,1052,1053]],"properties":{"teryt":"T_2817","pow_name":"szczycieński"}},{"type":"Polygon","arcs":[[-799,-680,-852,-927,-1051,-388,-617,1054]],"properties":{"teryt":"T_2416","pow_name":"zawierciański"}},{"type":"Polygon","arcs":[[-709,-29,-304,1055,-875]],"properties":{"teryt":"T_2203","pow_name":"człuchowski"}},{"type":"Polygon","arcs":[[-847,-407,-1017,1056,-640]],"properties":{"teryt":"T_2818","pow_name":"gołdapski"}},{"type":"Polygon","arcs":[[-146,-812,-909,-780,1057,1058,1059],[-157]],"properties":{"teryt":"T_1813","pow_name":"przemyski"}},{"type":"Polygon","arcs":[[-1058,-779,1060,1061]],"properties":{"teryt":"T_1804","pow_name":"jarosławski"}},{"type":"Polygon","arcs":[[-563,1062,-933,-14]],"properties":{"teryt":"T_2006","pow_name":"kolneński"}},{"type":"Polygon","arcs":[[-738,-918,-228,-965,-577,-890,-211],[-964]],"properties":{"teryt":"T_0209","pow_name":"legnicki"}},{"type":"Polygon","arcs":[[-649,-740,1063,1064]],"properties":{"teryt":"T_0210","pow_name":"lubański"}},{"type":"Polygon","arcs":[[-891,1065,1066,-208,-889,-893,1067]],"properties":{"teryt":"T_0206","pow_name":"karkonoski"}},{"type":"Polygon","arcs":[[-837,1068,-621,-92,-654,-89]],"properties":{"teryt":"T_2415","pow_name":"wodzisławski"}},{"type":"Polygon","arcs":[[1069,-935,-327,-326,-81],[-329]],"properties":{"teryt":"T_1421","pow_name":"pruszkowski"}},{"type":"Polygon","arcs":[[-1028,-954,-987,1070,1071]],"properties":{"teryt":"T_0224","pow_name":"ząbkowicki"}},{"type":"Polygon","arcs":[[-394,-417,-973,-1009,1072,-124,-775]],"properties":{"teryt":"T_3210","pow_name":"myśliborski"}},{"type":"Polygon","arcs":[[-1071,-986,-1025,-704,-665,1073]],"properties":{"teryt":"T_1607","pow_name":"nyski"}},{"type":"Polygon","arcs":[[-1061,-778,-140,-1021,1074]],"properties":{"teryt":"T_1809","pow_name":"lubaczowski"}},{"type":"Polygon","arcs":[[-813,-4,-247,-991,-308,-910]],"properties":{"teryt":"T_1819","pow_name":"strzyżowski"}},{"type":"Polygon","arcs":[[-1037,1075,1076,1077,-789]],"properties":{"teryt":"T_1436","pow_name":"zwoleński"}},{"type":"Polygon","arcs":[[-866,-426,-541,-1040,1078,-316]],"properties":{"teryt":"T_1437","pow_name":"żuromiński"}},{"type":"Polygon","arcs":[[-295,-607,-730,-340,-736,1079,-978,-601]],"properties":{"teryt":"T_1214","pow_name":"proszowicki"}},{"type":"Polygon","arcs":[[-794,-737,-338,-731,-605]],"properties":{"teryt":"T_1219","pow_name":"wielicki"}},{"type":"Polygon","arcs":[[-806,-499,-486,-810,1080,-350,-980,-824],[-500]],"properties":{"teryt":"T_1014","pow_name":"sieradzki"}},{"type":"Polygon","arcs":[[-950,-341,-901,-904,-1046]],"properties":{"teryt":"T_1021","pow_name":"brzeziński"}},{"type":"Polygon","arcs":[[-834,-437,-835,-1016,-759,-764,-1003,-804]],"properties":{"teryt":"T_2410","pow_name":"pszczyński"}},{"type":"Polygon","arcs":[[-860,1081,-873,-693,-1050,-724]],"properties":{"teryt":"T_1433","pow_name":"węgrowski"}},{"type":"Polygon","arcs":[[-1052,-110,-1013,-1010,-172]],"properties":{"teryt":"T_0807","pow_name":"sulęciński"}},{"type":"Polygon","arcs":[[-967,-718,-1042,1082,-1053,-19]],"properties":{"teryt":"T_1422","pow_name":"przasnyski"}},{"type":"Polygon","arcs":[[-979,-1080,-735,-800,-1055,-616,-1014]],"properties":{"teryt":"T_1208","pow_name":"miechowski"}},{"type":"Polygon","arcs":[[-921,-557,1083,-829,-876,-1056,-303]],"properties":{"teryt":"T_3215","pow_name":"szczecinecki"}},{"type":"Polygon","arcs":[[-748,-790,-1078,1084,1085,1086,-996],[-356]],"properties":{"teryt":"T_1425","pow_name":"radomski"}},{"type":"Polygon","arcs":[[-196,1087,-997,-1087,1088],[-1000]],"properties":{"teryt":"T_1430","pow_name":"szydłowiecki"}},{"type":"Polygon","arcs":[[-861,-11,-772,1089,1090]],"properties":{"teryt":"T_2802","pow_name":"braniewski"}},{"type":"Polygon","arcs":[[-931,-532,-862,-1091,1091]],"properties":{"teryt":"T_2801","pow_name":"bartoszycki"}},{"type":"Polygon","arcs":[[-516,1092,1093,-884,-645,-1023,1094,-878]],"properties":{"teryt":"T_2001","pow_name":"augustowski"}},{"type":"Polygon","arcs":[[-1064,-739,-209,-1067,1095]],"properties":{"teryt":"T_0212","pow_name":"lwówecki"}},{"type":"Polygon","arcs":[[-887,-970,1096,-968,-956,-1027,1097,-894]],"properties":{"teryt":"T_0221","pow_name":"wałbrzyski"}},{"type":"Polygon","arcs":[[-695,-872,-785,-936,-1070,-80,-845]],"properties":{"teryt":"T_1465","pow_name":"Warszawa"}},{"type":"Polygon","arcs":[[1098,-882,-702,-660,-126]],"properties":{"teryt":"T_3211","pow_name":"policki"}},{"type":"Polygon","arcs":[[-1060,1099,-1030,-147]],"properties":{"teryt":"T_1801","pow_name":"bieszczadzki"}},{"type":"Polygon","arcs":[[-84,-1019,-138,-478,-941],[-669]],"properties":{"teryt":"T_0620","pow_name":"zamojski"}},{"type":"Polygon","arcs":[[-938,-461]],"properties":{"teryt":"T_1864","pow_name":"Tarnobrzeg"}},{"type":"Polygon","arcs":[[-939,-75,-897,-317,-1079,-1043,-716,-468]],"properties":{"teryt":"T_1420","pow_name":"płoński"}},{"type":"Polygon","arcs":[[-314,-475,-334,-614,-874,-1082,-859,-928],[-363]],"properties":{"teryt":"T_1426","pow_name":"siedlecki"}},{"type":"Polygon","arcs":[[-1085,-1077,1100,-827,-191,1101]],"properties":{"teryt":"T_1409","pow_name":"lipski"}},{"type":"Polygon","arcs":[[-160,-943,-948,-118,-1032,-944]],"properties":{"teryt":"T_0610","pow_name":"łęczyński"}},{"type":"Polygon","arcs":[[-1036,-115,-1045,-825,-1101,-1076]],"properties":{"teryt":"T_0612","pow_name":"opolski"}},{"type":"Polygon","arcs":[[-1038,-787,-609,-332,-1034]],"properties":{"teryt":"T_0616","pow_name":"rycki"}},{"type":"Polygon","arcs":[[-720,-975,-822,-351,-1081,-809]],"properties":{"teryt":"T_1018","pow_name":"wieruszowski"}},{"type":"Polygon","arcs":[[-922,-651,1102,-107,-662]],"properties":{"teryt":"T_0811","pow_name":"żarski"}},{"type":"Polygon","arcs":[[-974,-706,-1026,-656,-984,-820]],"properties":{"teryt":"T_1606","pow_name":"namysłowski"}},{"type":"Polygon","arcs":[[-898]],"properties":{"teryt":"T_1462","pow_name":"Płock"}},{"type":"MultiPolygon","arcs":[[[-514,-934,-1063,-562,-885,-1094]],[[-515,-1093]]],"properties":{"teryt":"T_2004","pow_name":"grajewski"}},{"type":"Polygon","arcs":[[-1089,-1086,-1102,-190,-517,-197]],"properties":{"teryt":"T_2611","pow_name":"starachowicki"}},{"type":"Polygon","arcs":[[-1088,-195,-523,-391,-496,-284,-998]],"properties":{"teryt":"T_2605","pow_name":"konecki"}},{"type":"Polygon","arcs":[[-452,-535,-1054,-1083,-1041,-544]],"properties":{"teryt":"T_2811","pow_name":"nidzicki"}},{"type":"Polygon","arcs":[[-424,-916,-905,-542]],"properties":{"teryt":"T_2812","pow_name":"nowomiejski"}},{"type":"Polygon","arcs":[[-567,-202,-565,1103,-1006,-756,-1048]],"properties":{"teryt":"T_2472","pow_name":"Ruda Śląska"}},{"type":"Polygon","arcs":[[-556,-36,-830,-1084]],"properties":{"teryt":"T_3201","pow_name":"białogardzki"}},{"type":"Polygon","arcs":[[-564,-206,-456,-201,-1007,-1104]],"properties":{"teryt":"T_2463","pow_name":"Chorzów"}},{"type":"Polygon","arcs":[[-1097,-969]],"properties":{"teryt":"T_0265","pow_name":"Wałbrzych"}},{"type":"Polygon","arcs":[[-1049,-796,-733,-587,-802]],"properties":{"teryt":"T_1203","pow_name":"chrzanowski"}},{"type":"Polygon","arcs":[[-358,-868,-1047,-902]],"properties":{"teryt":"T_1013","pow_name":"rawski"}}]}},"arcs":[[[7823,1054],[-18,-1],[-12,6],[-8,-28],[-17,0],[-2,-10],[9,-7],[0,-21],[15,-10],[2,-60],[-9,-14],[16,-49],[12,-6],[10,-18],[8,-3],[-21,-26],[9,-6],[15,-26],[-13,-18],[-17,-12],[-16,-3],[3,-26],[7,-1],[-6,-29],[9,-12],[-6,-16],[7,-34],[11,-29]],[[7811,595],[-21,-5],[-12,13],[-2,0],[-23,5],[-6,20],[-12,8],[-7,-4],[-10,-5],[0,1],[-10,22],[1,4],[-7,7],[-2,6],[-2,-1],[-1,1],[-11,-2],[-9,-10],[-3,-2],[-11,-3],[-3,-4],[-4,-2],[-17,-35],[-5,1],[-4,7],[-3,8],[-4,28],[-2,1],[-11,9],[-23,15],[-3,21],[-1,0],[0,1],[-2,0],[-20,13],[-3,-1],[-1,1],[-6,-6],[-9,-6],[-22,8],[-1,1],[-2,13],[-10,8],[-16,31],[-2,0],[-14,-4],[-13,-16],[-21,0]],[[7441,742],[-2,18],[-9,18],[21,24],[-2,22],[9,17],[16,6],[-10,26],[-2,32],[-8,25],[-12,7],[17,60],[14,14],[5,16],[-18,14],[14,1],[7,41],[-12,5],[-15,-8],[0,-11],[-22,10],[2,21],[15,12],[-5,11],[2,23],[-5,2],[-8,36],[22,-1],[6,19],[20,8],[2,36],[-16,18],[-3,10],[13,18],[-10,3],[5,8],[21,-2],[12,10],[2,12],[-13,-1],[-7,32],[-9,9]],[[7478,1363],[24,21],[-13,22],[22,21],[10,15],[26,-29],[30,-26],[18,-28],[20,-1],[17,10],[39,-34],[8,9],[18,8],[23,1],[34,-18]],[[7754,1334],[-11,-22],[-29,-23],[-2,-12],[36,1],[18,-15],[6,-25],[-10,-9],[-5,-15],[-10,-4],[-8,-25],[-1,-15],[-9,-12],[-17,-34],[6,-14],[-6,-11],[18,-6],[4,4],[9,-16],[16,0],[6,10],[12,2],[5,-16],[16,-12],[11,2],[14,-13]],[[7682,1113],[6,5],[-8,13],[-17,2],[-3,30],[11,33],[-6,0],[-21,21],[-26,16],[-30,-2],[-17,19],[-14,-26],[-2,-14],[12,-14],[-6,-6],[1,-22],[7,-12],[14,2],[24,-14],[29,-34],[8,-6],[4,14],[13,8],[21,-13]],[[5921,8697],[-9,-8],[-7,-43],[-10,-3],[-11,-21],[-17,2],[-9,8],[-17,1],[5,-34],[-13,-3],[-8,9],[-16,6],[-11,11],[-17,-1],[-14,8],[-19,-4],[-10,-32],[-11,1],[-31,-8],[-11,7],[-1,-8],[-14,-7],[-8,-14],[0,-12],[23,-13],[-11,-13],[-18,15],[-19,-16],[3,-15],[-10,3],[-15,5],[-8,-8],[-17,-6],[-20,4],[-9,-25],[-10,-2],[-7,-16],[-30,18],[-15,-7],[-2,8],[-25,19],[4,-13],[-12,-10],[-16,7],[-8,-10]],[[5440,8477],[-9,-8],[-8,6],[-24,-5],[-22,5],[-23,-1],[-31,-8],[-21,-17],[-21,-10],[-16,7],[1,7],[-28,2],[-5,4],[4,19],[-7,20],[12,42],[9,11],[24,14],[-38,4],[-12,4],[-36,27],[-4,12],[-27,-4],[-4,-14],[-10,-6],[-11,21]],[[5133,8609],[-10,17],[15,12],[9,-1],[-8,20],[-7,-4],[-30,24],[-16,8],[4,13],[29,11],[1,4],[-23,44],[-14,8]],[[5083,8765],[20,18],[20,49],[-11,10],[0,10],[14,16],[24,17],[33,7],[8,20],[-2,15],[-10,14],[3,12],[-13,17],[-3,14],[-13,19],[-35,26],[5,19],[33,30],[123,36],[81,44],[140,80]],[[5500,9238],[-11,-89],[1,-14],[11,-8],[-18,-44],[23,-13],[6,-10],[1,-20],[25,1],[6,-22],[24,5],[28,-2],[18,-7],[3,-13],[15,-2],[0,-9],[13,-4],[-3,-10],[3,-25],[-5,-27],[6,-6],[-2,-18],[4,-37],[26,-4],[4,-15],[-9,-14],[-11,3],[-5,-13],[-25,-4],[-11,5],[-15,-7],[9,-4],[-5,-20],[-11,3],[-12,-16],[20,-1],[12,-11],[3,-20],[6,11],[14,7],[12,-9],[1,-11],[18,0],[10,9],[15,-4],[12,24],[21,4],[35,2],[-4,-8],[19,-5],[0,10],[15,11],[2,-5],[48,13]],[[5842,8795],[11,-30],[23,-10],[13,7],[15,-17],[1,-17],[7,-17],[-4,-5],[13,-9]],[[5315,8804],[37,17],[-25,21],[8,9],[35,8],[1,15],[-17,4],[4,10],[11,2],[-2,29],[-5,-5],[-12,9],[-13,-8],[-2,14],[6,21],[19,3],[1,10],[12,1],[-4,28],[-10,-2],[-13,9],[-16,-4],[-6,9],[-20,13],[-11,-14],[11,-26],[-5,-11],[20,-4],[-21,-26],[-28,7],[-18,1],[-3,-24],[-10,0],[4,-18],[0,-29],[6,-12],[-12,-5],[-2,-10],[-11,0],[6,-18],[13,-20],[13,4],[34,-15],[17,4],[4,-5],[4,8]],[[7473,7676],[-14,-1],[7,-7],[1,-20],[-7,-8],[9,-17],[-1,-25],[17,-12],[-4,-11],[8,-9],[-4,-15],[28,-18],[-3,-12],[12,-7],[-3,-26],[25,-5],[-2,-10],[-14,-7],[-14,-15],[16,-23],[-16,0],[-2,-9],[18,-2],[15,13],[8,-3],[-7,-10],[18,-6],[5,-11],[11,-1],[15,-11]],[[7595,7388],[-22,-14],[-12,5],[0,9],[-13,-2],[-7,-10],[-3,11],[-20,7],[3,-37],[-14,-7],[1,-15],[12,-7],[-2,-28],[-31,8],[15,-23],[-2,-11],[10,4],[9,-10],[4,-24],[15,-23],[11,-1],[-13,-17],[4,-29],[6,-16],[21,-22],[-9,-26],[-5,-2],[7,-18],[-6,-2],[42,-49],[17,8],[26,-3],[29,4],[34,-60],[18,-13],[-2,-13],[15,-10],[16,0],[22,15],[1,15],[11,5],[18,-13],[-17,-21],[-2,-22],[17,-1],[1,-13],[-29,1],[-14,12],[-4,-31],[-16,-10],[1,-10],[15,-27],[16,-3],[-3,-6],[22,-16],[25,2],[7,-12]],[[7820,6817],[-10,-7],[4,-14],[-17,-18],[-7,-14],[-27,16],[-12,15],[-8,-11],[-19,-9],[-19,-15],[-14,3],[0,-15],[17,-12],[-1,-9],[33,-22],[-2,-19],[-13,14],[-22,7],[-41,-8],[-10,-15],[1,-9],[-59,13],[-19,-15],[-19,22],[-19,-9],[4,9],[-23,-4],[-5,5],[-20,-19],[-10,1],[-9,-10],[-16,9],[-7,-10],[23,-18],[8,-25],[2,-25],[-22,-31]],[[7462,6568],[0,-38],[-4,-7],[-25,-6],[-1,18],[-21,-6],[-3,-7],[-36,2],[-21,-18],[-12,5]],[[7339,6511],[-4,24],[-8,7],[-16,31],[-14,17],[6,12],[-12,9],[-12,20],[18,-3],[-3,23],[-7,-7],[21,44],[8,-3],[5,18],[7,0],[-6,14],[-20,27],[29,20],[-3,24],[21,9],[0,18],[8,10],[-21,12],[2,7],[-13,7],[-29,4],[-4,15],[-14,4],[-16,16],[-29,18],[-5,25],[2,17],[-32,-31],[-9,29],[-11,17],[-21,8],[1,15],[-23,7],[-5,11],[-12,6],[-11,-7],[9,-16],[-4,-5],[-35,44],[-12,3],[-13,15],[-10,2]],[[7042,7048],[32,31],[-10,6],[1,9],[-12,16],[-38,14],[5,13],[-13,13],[6,10],[26,2],[3,5],[-26,10],[4,10],[17,-1],[-3,10],[-13,8],[14,10],[-11,10],[5,21],[-13,14],[11,9],[-16,12],[5,13],[11,-7],[2,13],[19,4],[15,27],[-11,-2],[-12,19],[-19,11],[-10,15],[-33,3],[-30,16],[2,7],[-13,12],[-12,1],[-11,13]],[[6914,7425],[28,16],[10,10],[23,8],[22,19],[5,20],[37,30],[18,6],[22,18],[31,19],[32,12],[8,-4],[-6,-14],[9,-7],[10,20],[49,-16],[3,10],[19,2],[14,16],[22,-7],[13,5],[11,15],[11,-2],[-20,22],[21,-7],[-14,29],[84,24],[36,2]],[[7412,7671],[46,6],[15,-1]],[[7508,7001],[18,10],[-19,29],[-15,-8],[-11,12],[-17,-3],[0,-9],[-26,-10],[-11,7],[-8,-7],[-10,13],[-3,-15],[5,-9],[-12,-8],[8,-5],[-11,-17],[9,-20],[6,12],[4,-12],[15,-4],[21,-21],[16,-10],[17,23],[8,-4],[-6,19],[-6,-4],[-14,13],[10,26],[8,-3],[24,5]],[[3336,7883],[14,0],[19,10],[9,17],[14,-19],[6,-23],[15,-22],[35,-3],[25,32],[27,-18],[19,-8],[6,-18]],[[3525,7831],[-24,-24],[-30,-1],[4,-30],[16,6],[19,-21],[8,-25],[16,-7],[1,-7],[18,-15],[15,12],[20,-1],[2,-43],[6,-31],[3,-41],[-2,-7],[41,-2]],[[3638,7594],[1,-53],[-25,-2],[-8,-7],[2,-10],[-15,-12],[-18,-21],[3,-20],[-9,-5],[-13,-27],[5,-15],[38,4],[3,-19],[-5,-23],[-9,-14],[-13,-7],[6,-14],[-10,-7]],[[3571,7342],[-18,0],[-8,-10],[-21,3],[-26,13],[7,-17],[-22,-9],[-22,8],[-11,10],[-11,0],[-15,17],[-18,-22],[-11,-8],[-20,10],[-31,-2],[-23,2],[-1,-20],[-12,-7]],[[3308,7310],[-19,27],[-9,7],[-3,-8],[-15,14],[2,7],[-16,29],[-19,11],[-6,28],[-11,5],[-4,18],[-13,-1],[-34,11],[-34,17]],[[3127,7475],[-10,18],[0,10],[11,1],[9,14],[18,9],[11,21],[-5,20],[42,35],[1,11],[11,15],[7,0],[30,26],[8,38]],[[3260,7693],[5,11],[-2,18],[9,9],[1,17],[8,18],[11,9],[-8,33],[2,18],[8,18],[-3,9],[28,31],[17,-1]],[[2585,7364],[6,-11],[24,-18],[8,28],[28,-14],[18,2],[-8,-12],[3,-39],[12,-20],[16,-14],[-7,-3],[-2,-17],[-19,-16],[-7,-21],[2,-19],[-8,-14],[19,4],[13,-8],[45,-15],[-4,-15],[60,16],[-7,31],[9,3],[-1,14],[8,2],[27,23],[19,-4],[4,12],[23,14],[22,-5],[11,4],[16,-16],[28,13],[4,13],[62,-3],[10,24],[-7,18],[33,6],[14,10],[-3,30],[13,15],[24,18],[22,6],[9,10],[-5,10],[10,4],[6,16],[1,27],[-9,22]],[[3308,7310],[-20,-24],[9,-12],[-15,-9],[5,-17],[-13,-8],[-15,3],[-58,-18],[-11,-9],[14,-7],[13,-21],[-11,-21],[0,-21],[10,-14],[-11,-14],[18,-1],[-2,-6],[38,-12],[-6,-19],[-31,-4],[8,-23],[-3,-52],[-23,-17],[-11,2]],[[3193,6986],[-13,7],[-21,3]],[[3159,6996],[-8,-6],[-11,5],[-17,-1],[-17,-7],[-20,10],[-6,8],[-17,-3],[-22,-11],[-22,-1],[-35,-14],[-22,5],[-24,-15],[-46,4],[-4,9],[-16,-13],[-3,-11],[-27,-2],[-20,-9],[-18,5],[-23,-3],[-28,-8],[-10,6],[-6,-6],[-18,8],[-14,-4],[-26,1],[-2,-16],[-10,-1],[5,-29],[-11,4],[-3,-13],[-12,6],[5,-19],[-24,-17],[-15,-1],[-3,-40]],[[2609,6817],[-19,-9],[-21,-22],[2,-16],[-30,9],[-24,1],[1,16],[-7,4],[-7,33],[17,4],[0,53],[-24,38],[-14,-9],[-4,5],[16,18],[35,18],[-2,13],[11,3],[-2,19],[-8,5],[17,13],[17,-6],[5,20],[6,-1],[8,22],[9,6],[-24,19],[-15,-3],[-28,-15],[-4,11],[-11,-10],[19,-21],[-39,6],[-9,-7],[-11,12],[-30,15],[-3,-19],[-12,6],[2,11],[-14,3],[-7,9],[-14,3],[-22,-13],[-1,-13],[-9,8],[-9,-7],[-25,8],[-7,7],[-13,-1],[-14,10],[-30,3]],[[2261,7076],[2,20],[6,10],[-7,16],[18,10],[-4,-9],[11,-16],[8,-1],[8,14],[15,-3],[2,9],[27,18],[7,-11],[17,-1],[3,21],[9,16],[8,1],[7,24],[12,3],[-10,12],[6,20],[9,-5],[15,27],[17,-3],[3,-7],[17,4],[1,-20],[13,-16],[16,0],[-6,9],[15,11],[-10,11],[10,2],[-2,10],[-12,0],[1,13],[11,19],[12,6],[-15,7],[16,14],[15,-2],[-11,17],[12,3],[13,21],[39,14]],[[1752,8815],[0,-19],[-17,-31],[0,-14],[-9,1],[-11,-20],[-12,-5],[3,-18],[-13,-1],[-3,-12],[-25,2],[-1,-17],[-16,-2],[-27,18],[-6,-18],[-10,-1],[10,-16],[2,-36],[-5,-14],[14,-27],[-7,-19],[-19,1],[-8,-17],[12,-9],[6,-16],[-16,-7],[4,-14]],[[1598,8504],[-3,-7],[-23,-6],[-14,9],[-12,15],[-3,-12],[-25,1],[-16,-31],[-13,-10],[-29,-12],[-8,-21],[-26,-20],[-4,-10],[15,-29],[-29,1],[-4,7],[0,-30]],[[1404,8349],[-23,-1],[-29,7]],[[1352,8355],[7,21],[-32,6],[3,13],[-21,15],[4,6],[-6,16],[11,-2],[4,10],[17,4],[0,19],[-26,23],[-21,2],[7,19],[-6,46],[3,25],[8,8],[-11,13],[12,10],[4,27],[19,12],[-17,44],[-16,10],[-21,5],[-30,-14],[-14,5],[5,18],[14,17],[8,-1],[-3,15],[-19,16],[-12,5],[3,13],[11,9],[25,34],[-1,14]],[[1261,8838],[42,11],[55,1],[28,10],[7,4],[1,1],[20,12],[2,3],[10,7],[35,0],[87,23],[81,28],[35,17]],[[1664,8955],[13,-11],[-12,-29],[25,1],[-12,-18],[0,-17],[13,-18],[1,-12],[21,-8],[-4,-18],[10,-7],[33,-3]],[[2731,5013],[-10,-2],[-16,7],[-5,10],[-12,-1],[-2,15],[-15,6],[-22,1],[0,11],[-12,-2],[1,12],[-15,-5],[-19,9],[-10,-2],[-17,8],[-38,3],[-26,-6],[-14,16],[-4,-16],[-19,-4],[-24,10],[-12,-10],[-11,4],[-7,-17],[-12,4],[-6,21],[-5,-15],[-25,-3],[-5,-30],[-11,12],[3,9],[-28,2],[-15,-12],[-22,20],[-4,18],[5,7]],[[2297,5093],[7,29],[8,-1],[11,31],[13,0],[0,14],[-16,11],[-3,19]],[[2317,5196],[4,15],[11,6],[-11,12],[19,7],[-13,19],[8,-1],[2,25],[29,16],[20,-1],[9,6],[-2,29],[14,9],[22,-4],[7,-6],[10,7],[-9,13],[6,44],[10,22],[21,17]],[[2474,5431],[10,2],[16,13],[-2,17],[23,7],[12,26],[9,5],[12,-4],[27,-27],[11,22],[20,15],[38,-19],[4,-12],[-9,-21],[11,-11],[15,-3]],[[2671,5441],[3,-24],[-6,-8],[-7,-30],[22,-15],[10,-23],[18,-7],[9,9],[9,-8],[10,8],[-9,-31],[24,2],[5,-16],[-15,-3],[5,-19],[-2,-23],[15,-2],[27,4],[7,-8],[-9,-31],[-12,-11],[-16,-31],[12,-11],[27,6],[16,-4],[16,-18],[7,-1],[27,-18],[11,-24]],[[2875,5104],[5,-26],[-13,-9],[-29,-7],[1,-12],[-11,-1],[-15,-17],[-18,-5],[-4,11],[-11,-4],[-1,-39],[-15,9],[-32,12],[-1,-3]],[[2383,5600],[-16,12],[8,12],[1,30],[-15,-3],[-23,8],[14,4],[17,16],[-2,13],[14,26],[-9,7],[-23,7],[-11,8],[-4,12],[-11,5],[8,26]],[[2331,5783],[20,-5],[6,13],[23,5],[-3,13],[9,16],[6,-1],[6,-18],[24,2],[4,-21],[9,2],[19,30],[-5,3],[-2,22],[25,0],[-2,13],[-27,28],[-19,-3],[13,11],[18,3],[7,8],[11,-10],[7,14],[-6,18],[7,0],[-2,14],[16,11],[-1,13],[6,21],[21,34],[3,13],[-13,8],[20,8],[10,-2],[15,8],[20,-5],[4,-22],[13,5],[-5,7],[8,26],[9,1],[7,31],[-11,11]],[[2601,6108],[13,15],[1,-7],[16,-3],[4,-40],[19,-1],[3,20],[-6,18],[26,5],[9,-3],[35,21],[4,-17],[9,-1],[7,16],[13,8],[14,0],[26,26],[12,-10],[8,9],[-19,13],[-4,13],[-27,14],[9,22],[16,-1],[10,35],[12,2],[5,-7],[21,-6],[5,15],[28,25],[20,2],[2,13],[11,-7]],[[2903,6297],[21,-12],[7,-14],[-3,-33],[-10,2],[-4,-20],[16,7],[6,11],[15,-7],[7,-14],[13,-11],[21,8],[10,-4],[-7,-17],[3,-19],[-8,-4],[-2,-20],[6,-8],[6,-33],[17,5],[4,8]],[[3021,6122],[9,-25],[4,7],[23,2],[-1,-20],[33,-20],[16,2],[14,13],[13,0],[17,-22],[23,5],[2,10],[28,-6],[0,-11],[17,-3],[7,-15],[-31,-28],[-5,-10],[13,-1],[27,-16],[-6,-14],[-12,-1],[-4,-11],[8,-17],[13,-8],[11,4],[3,-28],[24,-17],[-10,-36],[-6,0]],[[3251,5856],[-20,-8],[-15,-19],[29,-41],[-18,-21],[9,-4],[-2,-23],[4,-10]],[[3238,5730],[-41,5],[7,-21],[-12,7],[-10,-18],[-36,2],[3,-21],[-21,-11],[-18,-1],[1,-6],[-13,-29],[-13,-18],[-23,6],[-4,-14],[9,-11],[-14,-21],[-12,12],[-16,-22],[-10,6],[-34,-21],[10,-13],[21,19],[35,-32],[-40,-13],[-7,-8],[24,-18],[-13,-22],[-13,-7],[-5,6],[-25,-13]],[[2968,5453],[-15,-6],[-17,-19],[-17,-13],[-4,-15],[-8,-2],[-6,23],[-19,12],[-11,2],[0,9],[-23,12],[-31,-31],[-1,21],[-15,12],[-6,-2],[-10,17],[-20,4],[-10,-21],[-11,-5],[-24,7],[-15,-3],[-9,-8],[-8,5],[-17,-11]],[[2474,5431],[-13,21],[0,10],[10,7],[-8,18],[3,21],[-15,9],[-7,15],[16,11],[19,35],[-6,27],[-13,15],[-18,6],[-6,-10],[-22,-8],[-30,0],[-1,-8]],[[2936,5851],[0,20],[-12,-12],[-21,16],[-21,-4],[-3,8],[18,10],[-7,19],[-14,-11],[4,-6],[-34,4],[-4,18],[7,7],[-8,50],[5,7],[-6,34],[-9,-8],[-14,4],[-9,-14],[-30,-7],[0,10],[-19,-10],[0,-27],[13,-13],[-5,-11],[-26,0],[-13,5],[-3,12],[-11,3],[-13,-13],[-13,4],[-4,9],[-18,7],[-2,-12],[-11,15],[-7,-7],[-18,-4],[-18,-19],[-1,-11],[15,-6],[18,20],[11,-4],[-1,-9],[10,-25],[10,-13],[1,-20],[-7,-25],[10,-11],[-8,-4],[14,-20],[-2,-7],[-20,-17],[36,3],[9,-13],[-9,-24],[17,-21],[24,25],[36,-6],[3,-12],[-5,-19],[22,-13],[0,-10],[25,-23],[11,1],[21,-13],[-2,-5],[18,-15],[7,7],[-9,20],[8,9],[-18,19],[16,23],[7,-12],[5,11],[25,-13],[21,43],[-1,28],[-8,26],[1,15],[-13,13],[8,11],[21,13]],[[4773,6570],[25,-1],[18,-8],[-7,24],[10,13],[28,-5],[18,1],[23,-7],[19,15],[0,11],[15,34],[6,5],[-12,55],[-12,6],[-11,-3],[3,23],[-13,4],[5,17],[-10,19],[-3,18],[28,5],[3,-6],[16,12],[14,-6],[23,3]],[[4959,6799],[14,-6],[14,2],[5,-9],[17,-2],[12,28],[17,-5],[3,-13],[9,8],[-8,28],[8,7],[23,4],[1,8],[30,5]],[[5104,6854],[12,-5],[7,10],[11,-14],[-12,-19],[18,-5],[21,-20],[11,-44],[21,13],[19,-5],[-4,-14],[15,-9],[25,-4],[-1,17],[8,-24],[11,-3],[0,13],[38,-2],[5,8]],[[5309,6747],[6,-23],[22,-14],[-7,-2],[-7,-16],[27,-36],[30,-44],[-22,10],[-19,-1],[-11,-16],[10,-10],[-18,-9],[-12,-13],[-18,6],[-3,-14],[9,-16],[-8,-13],[14,-2],[15,-17],[13,0],[-3,-17],[5,-15],[27,-13],[-4,-7],[14,-11],[-7,-13],[6,-20],[15,-2],[1,-9],[-19,-9],[6,-22],[-4,-16],[23,-13],[0,-6]],[[5390,6344],[-34,7],[1,12],[-27,10],[-11,9],[-13,-5],[-2,-19],[7,-10],[-10,-22],[0,-21],[7,3],[7,-18],[-18,8],[-2,-9],[-14,0],[-6,-30],[-8,-17],[-19,0],[-10,-11],[-5,-16]],[[5233,6215],[-27,10],[-3,-12],[-42,2],[1,5],[-31,11],[-18,3],[-43,19],[-29,9]],[[5041,6262],[7,9]],[[5048,6271],[-2,23],[8,9],[-19,26],[8,16],[-10,9],[8,27],[-10,-1],[-18,8],[-8,19],[-7,-3],[-31,6],[-2,13],[-9,1],[-4,-25],[-31,0],[-17,-19],[-7,2],[-5,-16],[1,-16],[-14,18],[-13,-6]],[[4866,6362],[-11,12],[-7,25]],[[4848,6399],[-18,14],[-7,14],[-5,35],[-14,17]],[[4804,6479],[-9,12],[0,16],[-22,48],[0,15]],[[4933,6434],[16,19],[-5,17],[-7,4],[-26,-11],[-6,-16],[22,-11],[6,-2]],[[6273,5378],[-20,-5],[3,-8],[-14,-5],[-3,10],[-29,-7],[-1,35],[-22,-4],[-13,-20],[-21,9],[-22,5],[0,-34],[-17,-15]],[[6114,5339],[-38,2],[-11,-7],[-13,12],[-11,19],[-17,17],[-1,15],[-25,-10],[-20,-3]],[[5978,5384],[2,5],[-26,10],[-4,27],[-25,34],[1,19],[17,58],[-15,13],[-27,11],[4,19],[-24,7],[-32,1],[-21,10],[-11,26],[-15,10],[-3,18]],[[5799,5652],[10,21],[39,39],[-2,4]],[[5846,5716],[17,34],[2,20],[-13,10],[-18,3],[11,19],[-1,16],[-14,14],[-5,19],[15,5],[15,-32],[16,-10],[7,-15],[17,-8],[18,0],[19,6],[22,-9],[14,2],[27,11],[27,-12],[35,-1],[16,7],[12,-3],[21,12],[8,-1]],[[6114,5803],[27,4],[40,1],[58,-6],[20,-11],[8,6]],[[6267,5797],[1,-17],[-8,-4],[21,-2],[3,-14],[2,-42],[-2,-13]],[[6284,5705],[-19,-3],[-23,-15],[-1,-21],[19,-4],[15,3],[-6,-15],[-9,9],[-12,-2],[-3,-14],[-18,-4],[-16,4],[-2,-15],[-20,4],[-14,-12],[27,-1],[-4,-42],[9,-4],[-5,-15],[-9,-3],[16,-9],[25,0],[6,-16],[6,23],[10,-5],[3,11],[20,-7],[-6,-20],[0,-18],[15,-1],[-2,22],[21,17],[23,-12],[22,6],[-1,-21],[-10,-2],[-3,-11],[13,0],[-2,-12],[4,-31],[-11,0],[5,-16]],[[6347,5453],[0,-15],[-25,20],[-21,6],[-21,0],[-4,8],[-19,-53],[18,-4],[-2,-37]],[[6682,5787],[21,-3],[34,4],[21,-8],[10,-9],[8,-26]],[[6776,5745],[11,-27],[-4,-25],[-27,-4],[-5,-13],[-15,0],[5,-10],[-4,-16],[0,-31],[5,-2],[-2,-25],[-15,-26],[27,-5],[-1,-26],[-17,-4],[2,-22],[-4,-13],[-15,-4],[-3,-16]],[[6714,5476],[-14,1],[-21,-11],[-28,4],[-15,-6],[-8,19],[-4,-9],[-15,6],[-7,-21],[-42,5],[6,-12],[-11,-2],[-15,8],[-23,-11],[-5,-8],[-9,10],[-3,-20],[-8,-8]],[[6492,5421],[-27,-13],[-35,4],[-23,9],[-13,42],[-16,3],[6,8],[-12,12],[-2,-9],[-23,-24]],[[6284,5705],[0,-17],[35,2],[-8,-32],[-17,2],[-2,-11],[9,-17],[18,1],[14,-6],[5,14],[38,3],[20,-1],[-5,29],[35,1],[-10,24],[50,13],[16,-39],[26,6],[42,29],[17,18],[26,11],[9,-45],[22,2],[14,33],[2,14],[23,-11],[19,3],[8,24],[-14,8],[6,24]],[[9478,2882],[-8,6],[2,19],[7,-1],[2,18],[-7,7],[27,-2],[26,3],[-11,30],[-16,13],[4,20],[11,5],[4,32],[-5,43],[-22,28],[4,16],[-18,8],[4,17],[16,-4],[7,32],[-14,9],[-7,-8],[-15,16],[-15,0],[-17,10],[-1,7]],[[9436,3206],[12,10],[22,-8],[-2,8],[-17,11],[5,59],[-1,20],[35,13],[16,2],[23,-3],[21,4],[2,16],[12,3],[12,-8],[-4,-13],[1,-22],[11,-13],[16,6],[1,9],[28,-8],[9,3],[3,12],[52,17],[49,-14],[-12,67],[6,-2],[46,5],[3,10],[14,3],[-14,16],[7,20]],[[9792,3429],[18,-20],[7,-14],[5,-9],[1,-22],[1,-25],[7,-3],[11,-7],[7,-18],[4,-12],[22,-19],[14,-15],[5,-7],[6,-5],[6,-7],[9,-6],[2,-1],[25,-7],[3,-5],[8,-14],[2,0],[1,-2],[17,-9],[1,-2],[3,0],[4,-3],[2,1],[8,-3],[7,5],[1,0],[-1,-8],[-1,-13],[-11,-15],[-7,-5],[-28,-16],[-32,-1],[-1,0],[-24,7],[-14,-1],[-6,3],[-17,-3],[-7,0],[-2,-2],[-4,-1],[-4,-5],[-1,-1],[-2,-3],[-1,-1],[-18,-30],[-5,-32],[-1,-1],[1,-1],[5,-22],[5,-6],[0,-6],[8,-2],[2,-3],[6,0],[13,-4],[13,5],[1,0],[4,-18],[-1,0],[-3,-14],[9,-8],[0,-2],[0,-13],[-2,-26],[13,-6],[13,-11],[2,4],[25,0],[0,-1],[1,-24],[-6,-28],[-4,-15],[1,1],[0,-2],[22,-13],[1,-1],[2,-28],[-7,-11],[-1,-2],[2,-2],[4,-8],[2,0],[5,-7],[-1,-16],[-1,-4],[1,-3],[-1,-9],[7,-29],[-1,-4],[-7,-33],[1,-27],[-2,-7],[-3,-12],[-14,-72],[-2,-8],[-7,-19],[-26,-65],[-3,-17],[0,-1],[-17,-9],[-12,-7],[0,-1],[-8,-39],[-23,1]],[[9829,2417],[-12,7],[31,4],[-5,22],[-17,1],[-20,12],[-13,0],[-24,20],[2,8],[-40,26],[6,17],[19,0],[13,19],[5,20],[12,2],[1,13],[8,-2],[8,16],[9,2],[4,19],[8,9],[-11,0],[-1,11],[9,7],[16,-8],[6,7],[-12,15],[-2,12],[-10,7],[-43,15],[-13,-22],[-11,1],[-8,-13],[-16,-2],[-6,-10],[-10,5],[-6,26],[2,9],[-20,9],[-20,22],[-35,-5],[-24,17],[8,33],[-5,11],[6,13],[12,5],[-2,10],[-28,7],[-7,-14],[-19,21],[0,25],[-4,14],[-3,-15],[-9,18],[27,50],[-36,-22],[-13,-4],[-10,7],[-6,-14],[-11,-3],[-31,5]],[[4477,1741],[3,-21],[-24,-13]],[[4456,1707],[-18,-1],[3,13],[-19,15],[-6,33],[-26,8]],[[4390,1775],[16,35],[18,-2],[8,-8],[11,14],[3,-20],[8,-12],[-1,-11],[14,9],[9,1]],[[4476,1781],[-7,-18],[8,-22]],[[4309,1857],[-13,1],[-25,-25],[-9,-2],[-16,7]],[[4246,1838],[-13,12],[-10,0],[-25,17],[-15,6],[-5,13],[-15,-4],[7,18],[-20,21],[6,13],[9,-8],[14,3],[6,14],[20,13],[13,2],[30,-11],[20,-1],[6,29],[43,1]],[[4317,1976],[11,-9],[5,-14],[-15,-37],[20,-3],[22,3],[-14,-48],[3,-15],[-18,-1],[-8,12],[-14,-7]],[[4425,2020],[29,-15],[24,10],[12,-10],[18,20],[20,-4],[13,-13],[13,4],[7,-2],[7,14],[10,-3],[-6,19],[2,15],[12,-3]],[[4586,2052],[1,-4],[2,-3],[3,-18],[20,-19],[5,-26],[-10,2],[-10,-9],[0,-41],[8,-1],[1,-33],[10,1],[2,-18],[-20,-18],[-5,-20],[-1,-23]],[[4592,1822],[-18,12],[-25,-1],[-26,16]],[[4523,1849],[-19,5],[-5,21],[5,2],[-6,22],[-12,-5],[-6,23],[-21,-8],[-1,12],[13,19],[5,-6],[8,18],[14,17],[-30,-5],[-26,-19],[-3,-22],[-13,9],[-7,5],[20,27],[-14,56]],[[4355,9109],[-10,16],[-21,10],[11,25],[-5,12],[-22,6],[5,35],[-16,10],[35,30],[0,11],[-23,1],[16,48],[-15,0],[8,12]],[[4318,9325],[10,4],[16,-24],[8,11],[6,-14],[16,-12]],[[4374,9290],[40,0],[36,5],[8,8]],[[4458,9303],[45,-35],[25,2],[36,-17],[20,13],[13,-9],[-23,-23],[10,-17],[23,-11],[40,-5],[43,-22],[32,-11],[41,-8],[27,0],[26,20],[0,-1]],[[4816,9179],[-13,-53],[-4,-46],[7,-34]],[[4806,9046],[-19,16],[-1,15],[-11,25],[-15,2],[-26,-4],[-12,18],[-14,7],[-9,19],[-17,12],[-23,3],[-16,-16],[-13,-6],[-20,13],[-16,1],[-22,-49],[-18,1],[3,-21],[-51,-18],[3,-19],[-4,-7],[-34,5],[-4,9],[11,14],[-20,24],[-16,-5],[-10,24],[-17,0],[-1,-8],[-12,8],[-4,27],[-26,5],[-10,-9],[-7,-23]],[[965,5525],[10,-36],[52,17],[2,-6],[42,13],[6,-22],[11,3],[6,-23],[33,24],[35,10],[16,-17],[10,-3],[-2,-13],[-9,-8],[-12,-77],[14,-24]],[[1179,5363],[-18,-27],[-2,-16],[3,-30],[7,-8],[-11,-1],[-6,-14],[-5,18],[-17,-2],[5,-31],[9,-14],[5,-32],[-7,-9],[9,-22],[-13,-10],[-3,-25],[10,-3],[10,-28],[-5,-13],[17,-23],[-19,-48],[-9,-5],[-15,4],[-14,-30],[3,-17],[-7,-12],[-22,3],[-29,-13],[-17,-19],[-58,-33]],[[980,4903],[-24,-4],[-12,7],[-1,14],[-19,9],[-19,4],[-16,13],[-30,-10],[-37,13],[-9,7],[-20,-11],[8,-15],[-20,-10],[-25,-2],[-22,17],[-11,-10],[10,-45],[-19,0],[-12,6],[-19,-10],[-22,5],[-5,11],[-19,6],[1,-11],[-9,-1],[4,-16],[14,-3],[1,-9],[-22,-1],[-28,4],[9,-22],[3,-26],[-14,0],[-8,8],[-20,-8],[-10,-30],[-9,-12],[-24,1]],[[525,4772],[-7,18],[-9,7],[-1,0],[-25,4],[-11,24],[-6,3],[0,1],[0,30],[12,15],[9,19],[7,1],[4,0],[28,27],[2,1],[8,23],[5,6],[27,17],[-1,8],[-1,4],[14,26],[0,7],[7,16],[2,6],[5,5],[2,13],[0,1],[0,3],[-13,21],[-1,1],[8,28],[2,3],[4,21],[-5,12],[10,11],[0,5],[15,18],[7,15],[0,1],[0,1],[-1,41],[10,7],[-2,16]],[[630,5258],[11,5],[11,14],[13,-18],[16,6],[-17,16],[15,19],[-8,24],[16,1],[-4,43],[24,21],[27,0],[12,-9],[-1,-12],[16,6],[-9,17],[7,8],[-15,3],[19,21],[-7,17],[15,11],[-13,19],[5,22],[9,-2],[15,8]],[[787,5498],[10,-9],[14,11],[24,-5],[21,18],[17,0],[10,-6],[15,2],[2,12],[10,-4],[20,6],[7,13],[14,-6],[10,8],[4,-13]],[[8671,3377],[-27,-15],[3,-25],[-8,-24],[6,2],[13,-19],[-27,-8],[-2,-20],[-14,5],[12,-32],[2,-16]],[[8629,3225],[11,-9],[-3,-7],[-23,1],[-6,10],[-38,-3],[-12,4],[15,-13],[-7,-5],[-30,-40],[-28,17],[-36,-27],[-13,-6],[-10,12],[-13,-13]],[[8436,3146],[-26,3],[4,5],[-24,8],[4,16],[12,9],[-7,7],[4,15],[-5,8],[-3,50],[-17,4],[1,-11],[-17,5],[0,-10],[-22,8],[3,10],[-10,1]],[[8333,3274],[-33,15],[1,7],[14,-3],[17,22],[5,20],[-1,25],[-9,-14],[-23,30],[7,19],[-26,14],[-39,13],[-8,56],[-25,31],[-13,-3],[-22,4],[-1,-20],[-46,-13],[-62,3],[-14,5],[-19,-1],[-10,15]],[[8026,3499],[2,7],[15,-5],[33,-3],[-1,38],[15,20],[1,21],[-11,-3],[11,34],[-4,19],[5,22],[-13,-8],[-30,8],[-14,12],[6,27],[-27,-6],[-2,7],[-28,-6],[-5,33],[25,5],[1,11],[20,13],[-2,9],[-14,7],[8,7],[2,15],[15,7],[-6,13],[-6,-5],[-27,-7],[-7,16],[21,-1],[0,11],[-21,-4],[14,20],[28,20],[-3,10]],[[8027,3863],[-2,10],[39,3],[19,5],[13,-8],[36,11],[14,-1],[8,10],[19,6],[-14,10],[1,7],[-24,8],[9,26],[-2,17],[-15,11],[-9,0],[-9,17],[31,16],[11,10],[-28,30],[8,25],[20,32],[-2,12],[11,4],[-11,6],[7,5],[3,22]],[[8160,4157],[13,2],[51,-6],[-1,-11],[12,-2],[2,9],[15,3],[-3,-36],[-12,-18],[9,-1],[31,-31],[16,4],[-9,23],[32,31],[16,-8],[15,0],[5,-10],[-15,-26],[8,-4],[17,5],[8,-14],[25,13],[9,-27],[13,5],[8,-7],[1,16],[-9,8],[-13,-2],[6,17],[14,4],[25,-17],[12,-3],[32,0],[-1,-7],[14,-5],[5,-29],[16,15]],[[8527,4048],[12,-13],[-5,-18],[24,-36],[21,-16],[5,3],[31,-16],[0,-7],[27,-7],[-13,-15],[-2,-23]],[[8627,3900],[-23,-16],[-22,-8],[17,-24],[-22,-27],[-55,14]],[[8522,3839],[9,18],[-13,-1],[-24,14],[-6,22],[8,14],[12,5],[-2,9],[-18,11],[-9,-16],[-16,-11],[-16,9],[-46,-3],[-21,4],[-21,-5],[-7,3],[1,-19],[-9,5],[-10,-18],[-8,-5],[-2,-14],[21,0],[-3,-21],[-18,-11],[-2,-10],[18,0],[-18,-15],[-9,-13],[11,-3],[35,8],[1,-8],[-17,-13],[31,-32],[-13,-15],[-5,6],[-14,-18],[3,-3],[-15,-18],[12,-25],[21,-6],[5,11],[45,3],[-1,48],[24,0],[10,-4],[9,15],[2,-8],[21,2],[2,27],[-8,2],[-2,22],[27,8]],[[8497,3790],[62,-39],[-14,-24],[2,-16],[-8,-27],[10,-25],[3,-25],[-5,-26],[10,-8],[29,0],[-1,-24],[10,-9],[21,-5],[18,6],[-4,-19],[13,-32],[27,-20],[-4,-11],[2,-31],[-14,-20],[-21,-22],[12,-17],[26,-19]],[[675,7410],[7,-16],[33,7],[10,-18],[25,-15],[-6,-12],[5,-28],[-16,-9],[4,-26],[-1,-19]],[[736,7274],[-26,1],[-21,-16],[-10,10],[-17,1],[-38,32],[0,7],[-33,11],[-14,-47],[-15,-10],[15,-10],[-2,-20],[9,-1],[-1,-17],[9,-6],[-22,0],[-5,-44],[-3,-5],[9,-16],[-13,-5],[-11,3],[-3,-8],[13,-4],[7,-12],[41,6],[3,-9],[-10,-4],[1,-25],[18,-11],[-8,-8],[14,-11],[-7,-14],[-3,-25],[4,-15],[-2,-19],[8,-14],[9,0],[-19,-37],[-6,-17]],[[607,6915],[-36,-52],[10,-32],[-3,-27],[12,-5],[-4,-8],[11,-24],[21,-12],[18,-5],[-2,-15],[-14,-4],[4,-16],[-10,2],[-12,17],[-32,-12],[-4,-28],[7,-8],[-3,-13],[-13,-7],[-16,2],[7,-15],[-10,-5],[22,-12],[-2,-12],[-11,4],[-14,-7],[-9,-17],[3,-18],[9,-2],[9,-14],[-35,-21],[2,-12],[-23,-4],[-7,-25],[1,-26],[-12,-3],[7,-11],[-19,-26],[-1,-11],[-16,9],[-14,-31],[-21,9],[-18,-28],[9,-9],[-32,-22],[-9,6],[-10,-21],[-5,8],[-14,-12],[11,-6],[-24,-24],[-3,-7]],[[312,6303],[-2,3],[-11,25],[-21,28],[-4,7],[-5,5],[-15,19],[-5,10],[-4,2],[-17,22],[-1,2],[-3,1],[-27,18],[-41,19],[-27,28],[-3,3],[-9,14],[-10,8],[-1,2],[-10,17],[-8,3],[-2,2],[-3,0],[-1,1],[-9,1],[-37,4],[-24,7],[-4,2],[-2,3],[-6,26],[0,2],[15,23],[16,21],[2,7],[2,3],[2,14],[1,5],[-4,8],[-6,13],[0,3],[0,12],[-7,31],[-3,19],[2,11],[-5,12],[6,17],[1,1],[16,5],[7,13],[47,27],[19,8],[5,3],[24,19],[18,16],[9,8],[3,3],[3,3],[12,16],[3,4],[26,19],[0,1],[14,21],[3,10],[2,4],[8,20],[1,1],[5,23],[-2,14],[0,1],[9,17],[0,3],[9,49],[0,1],[-7,10],[-7,10],[-5,23],[-2,7],[8,28],[3,23],[24,11],[1,3],[3,2],[3,20],[0,1],[11,14],[14,18],[8,21],[1,3],[7,6],[0,3],[1,2],[-5,21]],[[321,7322],[26,70],[14,-5],[6,24],[12,-2],[4,25],[22,5],[9,9],[8,23],[7,-12]],[[429,7459],[-23,-36],[27,-4],[13,-12],[14,0],[-10,16],[19,6],[-2,13],[14,18],[14,-2],[-2,14],[17,6],[23,-6],[1,-6],[19,-9],[16,10],[25,6],[-8,-18],[11,-6],[2,-18],[27,-17],[16,4],[1,9],[-10,6],[10,7],[33,-23],[-1,-7]],[[4275,9382],[2,-14],[8,-5],[0,-15],[-19,-20],[0,-9],[-32,-1],[-20,-26],[-15,5],[-10,-5],[-8,8],[-13,-8],[-25,14],[-13,-12],[-19,8],[4,18],[-18,6],[-3,-10],[-22,-3],[-24,-31],[-13,-2],[-22,-15],[-11,17],[-18,-4],[-13,7],[2,24],[-11,-8],[-28,9],[-18,-1],[-16,-10],[-5,-9],[-20,3],[-15,13],[-22,4],[-12,-5],[-11,-16],[-16,-6],[-3,-7],[-25,-7],[-22,-1]],[[3749,9268],[-2,10],[-26,48],[-7,33],[21,22],[20,8],[-12,19],[5,11],[-17,9],[6,5],[-10,14],[-9,-4],[-22,1],[-4,16],[13,5],[3,24],[-7,27],[14,5],[-4,15],[-16,-8],[-12,9],[-17,36],[-13,6],[-6,40],[23,-5],[14,-11],[1,23],[-3,30],[15,38],[-1,13],[-31,3],[1,14],[-9,3],[-6,41],[-14,7],[1,7],[-14,1],[-1,16],[-7,7],[16,17],[9,2],[-9,16],[-19,4],[-19,16],[-3,32],[-23,4],[-25,-10],[-8,21]],[[3535,9908],[89,31],[64,14],[80,25],[14,1]],[[3782,9979],[-3,-22],[6,-7],[0,-20],[10,-3],[-2,-12],[8,1],[-1,-17],[31,0],[10,-28],[26,-15],[40,7],[-16,34],[14,11],[0,20],[10,4],[10,-6],[12,-48],[7,-7],[9,-33],[8,-6],[-2,-15],[6,-21],[20,-32],[41,-7],[1,-6],[22,14],[5,-11],[-6,-13],[26,-14],[-2,-11],[18,-9],[11,11],[9,-42],[52,13],[-2,-20],[19,-3],[7,-10],[10,5],[7,-10],[9,1],[18,14],[19,-15],[-2,-18],[8,-15],[11,-5],[12,3],[-2,-11],[14,-25],[-5,-16],[13,-28]],[[4298,9536],[-3,-12],[-18,-5],[-7,-15],[-13,-9],[1,-11],[14,-11],[-22,-15],[-4,-12],[6,-6],[-15,-8],[-12,-21],[9,-6],[10,8],[15,0],[5,-16],[11,-15]],[[3620,2223],[18,3],[11,10],[16,1],[-5,14],[18,2],[2,9],[12,3],[-6,-18],[11,-31],[8,-11],[-9,-13],[21,-7],[17,1],[17,15],[22,-21],[7,5],[7,-21]],[[3787,2164],[4,-12],[2,-40],[-7,-13],[9,-29],[33,14],[18,-22],[-6,-34],[27,-3],[31,-17],[5,-6],[17,16],[8,-9]],[[3928,2009],[4,-12],[-8,-12],[10,-7],[-16,-32],[18,-14],[-8,-24],[12,-12],[-13,-21],[-2,-17],[-22,-36]],[[3903,1822],[-24,-17],[-6,-4],[-1,-27],[5,-11],[9,0],[5,10],[21,-1],[1,-26],[-4,-13],[-6,-5],[-29,2],[-2,11],[-14,-7],[-2,-4],[-1,0],[-33,-12],[-1,-1],[-28,-39],[-16,-9],[-20,6],[-2,-1],[-2,0],[-14,-10],[-2,-1],[-7,13],[-1,1],[-25,19],[-3,13],[4,6],[-9,14],[-26,3],[-5,3],[-2,5],[-17,4],[-5,43],[0,2],[-9,14],[-9,14],[5,2],[-7,18],[-2,2],[-1,4],[-20,18],[0,6],[1,9],[-26,30],[-21,5],[-3,-9],[-4,-16],[-3,2],[-24,13],[-10,34],[-6,3],[-17,10],[-12,18],[-2,6],[-9,11],[12,20],[4,0],[16,-4],[5,7],[14,4],[21,4],[4,3],[31,9],[4,0],[4,17],[3,8],[21,6],[2,-1],[24,7],[-2,26],[8,26],[-25,20],[-13,18],[0,1],[7,31],[18,38]],[[8629,3225],[32,-11],[1,-56],[7,-21],[54,-36],[6,14],[14,1],[12,-17],[-10,-5]],[[8745,3094],[-8,1],[2,-12],[-14,-30],[-28,13],[-10,-10],[-4,-14],[-19,-6],[-10,-9],[-10,5],[-20,-2],[2,-12],[-8,-2],[-5,-16],[17,4],[10,-48],[-7,-5],[42,-11],[9,-7],[12,7],[-5,-27],[-21,4],[-19,-28],[-1,-14],[10,-20],[-2,-19],[-14,-25],[16,-15],[10,-18],[12,-4],[-4,-18],[9,-4],[14,8],[-11,15],[2,18],[11,8],[26,6],[17,-37],[20,-6],[-6,-15],[-10,-7],[9,-13],[28,10],[12,-37],[1,-11],[20,1],[16,-16],[7,3],[12,-25],[-17,-9],[19,-16],[10,-30],[11,6],[9,17],[2,-16],[10,-3],[9,9],[22,4],[14,7],[24,2],[33,-21],[17,-15],[4,-12],[14,-17]],[[9036,2560],[-11,-8],[7,-17],[-21,11],[-6,-12],[-14,-9],[-14,9],[-13,-16],[9,-9],[9,-33],[-6,-10],[-20,17],[-5,9],[-46,-60],[93,-94]],[[8998,2338],[-52,-63],[-22,-12],[-13,-30],[-24,-21],[-2,-8],[-20,-2],[-23,12],[-48,-4],[-46,16],[-11,-1],[-24,-11],[-14,5]],[[8699,2219],[-20,8],[-45,-1],[-18,3],[-21,-2],[-30,-19],[-38,19],[-12,-2],[-13,9],[-6,-5]],[[8496,2229],[-31,14],[-1,24],[4,8],[31,11],[29,6],[17,9],[1,20],[-25,-4],[-16,7],[-23,-2],[-14,-11],[-15,-4],[-12,12],[-18,5],[-19,-2],[-23,-10],[-8,-10],[-13,0],[2,12],[-22,4],[-30,27],[1,30],[-18,7],[2,12],[-16,1],[-15,-10]],[[8264,2385],[6,50],[34,-8],[4,24],[10,2],[-3,20],[-9,-1],[9,12],[-12,17],[19,6],[7,-11],[26,-7],[13,3],[-3,19],[14,-6],[0,-15],[9,-15],[16,9],[12,28],[28,15],[0,10],[-19,0],[-41,-13],[-10,3],[-4,16],[21,-6],[36,20],[8,17],[-6,9],[-16,-7],[-14,0],[-12,12],[8,7],[-9,9],[7,4],[0,23],[-15,-6],[-8,8],[8,17],[19,2],[-3,5],[0,33],[-16,19]],[[8378,2709],[-7,11],[39,-9],[42,12],[26,31],[25,26],[1,8],[14,13],[21,2],[-3,24],[-23,20],[-13,58],[-29,22],[1,4],[36,22],[6,9],[-14,15],[34,53],[-19,19],[3,7],[-18,26],[-17,3],[1,31],[-15,-4],[3,24],[-12,8],[-24,2]],[[7823,1054],[8,2],[41,31],[27,-21],[5,6],[13,-17],[16,20],[2,19],[11,-6],[27,30],[37,-21],[8,8],[8,-5],[5,10],[13,5],[30,-44],[27,5],[13,12],[-3,23],[15,11],[-2,9],[14,-6],[7,8],[9,-3],[18,11],[4,22],[10,8]],[[8186,1171],[-4,-22],[20,-32],[29,-14],[20,-25],[-8,-9],[-2,-23],[8,0],[37,-34]],[[8286,1012],[-2,-17],[-29,-13],[5,-19],[21,-19]],[[8281,944],[-5,-14],[-9,4],[-13,-35],[-10,4],[-34,33],[-12,-19],[-10,-8],[-3,-17],[-12,-21],[-14,11],[-6,-19],[4,-5],[-5,-21],[-10,-11],[4,-34],[-1,-18],[9,-7],[-31,-60],[-11,-33],[-4,-2],[-14,-40],[1,-9],[-19,-32],[-3,-23],[3,-21],[-20,-21],[-9,-2],[7,-70],[10,-1],[15,-15],[6,2],[23,-28],[-6,-17],[2,-23],[-8,-19],[0,-14],[-15,-27]],[[8081,312],[-11,2],[-17,-19],[-1,0],[-18,14],[-32,18],[1,12],[-25,1],[-2,1],[-6,4],[-28,7],[-5,2],[-47,27],[0,4],[6,28],[2,2],[1,11],[2,10],[-1,2],[-1,0],[-7,11],[0,13],[2,6],[-1,2],[0,3],[-2,2],[-2,5],[-17,10],[-23,29],[-8,13],[-4,22],[-2,4],[0,3],[-12,25],[-3,8],[-4,1],[-5,0]],[[6224,911],[6,23],[11,8],[7,15],[-13,13],[-7,20],[-9,12],[12,0],[0,34],[-3,15],[10,9],[36,-11],[21,-11],[12,-26],[12,-4],[13,6],[24,-14],[-6,-13],[23,-1],[23,5],[17,17],[-10,12],[6,22],[-9,21],[-16,10],[3,28],[8,3],[19,-22],[10,16],[14,-1],[1,17],[-22,5],[9,35],[12,-2],[8,33],[6,10],[-14,6],[-24,22],[-26,6],[17,15],[-1,9],[24,4],[1,18],[9,8],[14,-2],[6,11],[-11,9]],[[6447,1301],[19,14],[10,15],[1,14],[17,7],[-3,9],[17,-2],[0,7],[20,12],[3,-10],[15,0],[9,11],[20,0]],[[6575,1378],[26,-11],[-3,-21],[19,2],[18,-6],[23,-20],[21,-10],[5,-7],[22,0],[7,-24],[14,2],[-1,-8],[11,-9],[-8,-8],[14,-8]],[[6743,1250],[11,-20],[-7,-25],[13,-26],[11,-13],[21,-9],[18,-18],[13,26],[41,11],[-1,-14],[8,-15],[48,-49],[-9,-17],[-3,-17],[-41,-26],[-6,-20],[7,-9],[4,-23],[20,-19],[-32,-61],[9,-9],[4,-28],[-3,-7],[10,-16],[16,-6],[11,-21],[-7,-16],[-18,-19],[29,-48],[5,-19]],[[6915,717],[-6,-3],[6,-26],[1,0],[12,-12],[0,-1],[17,-15],[20,-19],[-10,-20],[-27,1],[-1,0],[-1,0],[-21,0],[-1,-1],[-1,0],[-14,-14],[-1,0],[-11,-17],[-7,-2],[0,-7],[-11,-17],[-10,-8],[2,-5],[-2,-1],[6,-18],[-17,-7],[-7,2],[-8,-7],[-23,-11],[-9,-4],[-10,9],[-13,22],[-4,14],[-4,0],[-2,2],[-29,36],[-2,3],[-11,0],[-1,-2],[-1,0],[-5,-9],[-8,-10],[-7,-1],[-7,0],[-2,4],[-23,45],[-8,-3],[-5,2],[-4,9],[4,8],[-8,4],[-1,0],[-18,15],[0,2],[-10,11],[7,12],[0,1],[1,2],[-3,2],[-9,18],[-16,9],[-8,5],[-31,0],[-22,-20],[-9,-8],[-15,-3],[-9,12],[-8,2],[-11,11],[-2,3]],[[6477,712],[-10,19],[6,17],[-4,16],[-26,10],[-4,19],[-17,1],[-24,12],[-37,-1],[-3,-8],[-15,-5],[-18,24],[-8,21],[-11,3],[3,12],[-2,24],[-25,7],[-2,-7],[-12,5],[-15,24],[-18,9],[-11,-3]],[[6610,1057],[-3,28],[-18,5],[-1,16],[-10,16],[-8,-7],[-19,7],[-1,14],[-11,-2],[-1,-19],[-11,-20],[2,-34],[15,-2],[-3,-13],[-12,-21],[-15,-11],[-4,-22],[12,-24],[7,-3],[5,20],[23,-11],[0,-13],[23,-14],[13,24],[20,17],[-9,25],[1,13],[21,-5],[-16,36]],[[8596,1298],[-8,-2],[-8,-17],[-8,25],[16,7],[7,11],[-17,12],[11,6],[-7,11],[11,25],[-5,24],[13,-2],[7,-14],[25,-3],[17,7],[13,-8],[-13,-11],[9,-15],[32,4],[15,-19],[-4,-27],[-20,6],[-4,-20],[-8,-9],[-13,0],[-24,-14],[-37,23]],[[9386,4698],[-1,-9],[-2,-15],[0,-1],[7,-9],[2,1],[16,-15],[-5,-9],[2,-12],[11,-8],[-1,-2],[-9,-15],[0,-1],[-1,-2],[4,-20],[-1,-2],[2,-5],[1,-6],[-5,-6],[-5,-2],[-1,-5],[-5,-6],[1,-10],[-3,-10],[11,-6],[-9,-12],[6,-18],[-4,-36],[0,-3],[0,-1],[10,-16],[2,-13],[9,-5],[5,-8],[0,-24],[9,-11],[-11,-9],[0,-14],[0,-14],[48,-18],[5,-38],[1,-7],[1,-2],[18,-18],[0,-1],[5,3],[16,5],[2,-2],[10,-24],[-17,-24],[-8,-7],[3,-19],[1,0],[24,-7],[4,-22],[19,-44],[-12,-6],[-3,-5],[-6,-4],[2,-3],[-1,-2],[3,-1],[4,-5],[-5,-5],[0,-16],[1,-1],[-3,-10],[-2,-2],[-7,-1],[0,-4],[-11,-9],[0,-1],[-1,-1],[-3,-15],[0,-2],[0,-3],[-5,-13],[-1,0],[-11,-16],[4,-6],[-3,-9],[-2,-4],[6,-14],[0,-8],[7,-7],[3,-8],[-3,-18],[8,6],[1,-2],[22,4],[30,-24],[0,-1]],[[9565,3898],[-14,-10],[-8,6],[-34,3],[-3,-14],[-23,-6],[-22,1],[0,18],[-12,-8],[0,10],[-14,40],[-16,-2],[-9,-7],[5,37],[-38,13],[-13,1],[-9,40],[12,-2],[-5,24],[-11,5],[-17,17],[-11,-7],[-9,-26],[3,-12],[-24,16],[-5,12],[-46,-19],[-18,3],[-16,-9],[-18,6],[-14,10],[-35,6],[-1,-29],[-14,-27]],[[9126,3988],[-12,-4],[-24,2],[-17,35],[-21,16],[-15,-7],[-14,13],[5,11],[-7,9],[-10,-17],[-12,-4],[-3,9],[-13,-11],[2,12],[-10,-4],[0,14],[-19,-19],[-8,9],[3,19],[-11,7],[3,16],[-27,14],[14,24],[-10,13]],[[8920,4145],[4,21],[14,10],[-2,15],[20,-6],[-8,30],[8,7],[60,-11],[17,-1],[1,7],[15,6],[24,81],[-10,5],[-11,24],[-14,10],[-14,19],[-21,19],[17,33],[14,1],[1,30],[24,23],[-1,9],[26,8],[1,-23],[28,10],[-8,25],[4,11],[58,-8],[9,16],[1,33]],[[9177,4549],[15,1],[-8,19],[3,14],[28,17],[54,55],[1,7],[-14,11],[0,14],[16,11],[14,-5],[17,3],[4,20],[-4,15],[5,21],[13,10],[22,-6],[-4,-9],[35,-20],[-8,-18],[20,-11]],[[6774,1690],[8,15],[-17,5],[7,11],[-9,12],[-8,-3],[0,26],[16,15],[18,0],[3,14],[-5,11],[5,11],[-6,12],[8,4],[64,-3],[14,-4],[-3,-15],[25,-1],[1,-51],[9,0],[19,-13],[-24,-21],[-16,3],[2,-27],[-35,-3],[-10,3],[-12,-6],[-17,3],[-10,8],[-5,-11],[-9,0],[-13,5]],[[1882,5106],[27,-6],[23,-1],[18,10],[27,23],[16,-8],[12,-33],[4,-31],[-14,-5],[7,-14],[-5,-16]],[[1997,5025],[12,-15],[-19,-21],[-10,-16],[-10,-3],[2,-16],[6,6],[37,-2],[18,-4],[7,-14],[24,1],[7,-23],[15,-3],[25,24],[8,29],[21,-5],[18,4],[26,-24],[7,1],[31,-11],[-16,-16],[25,-25],[12,-4],[15,-13],[-8,-13],[21,-2],[-6,-33],[8,-12],[-1,-12],[-13,-23],[28,-11]],[[2287,4769],[-9,-21],[-12,-9],[-12,6],[-7,-15],[2,-15],[-16,-20],[7,-22],[-22,-34],[-21,-12],[-6,2],[-23,-14],[3,-8],[-24,-3],[-8,-20],[8,-7],[-6,-16]],[[2141,4561],[-18,39],[-13,3],[-16,13],[5,6],[-10,27],[-32,2],[-13,-11],[-13,4],[18,89],[-13,-7],[-29,0],[-2,10],[-17,-3],[-25,8],[-14,10],[-8,14],[-17,-1],[-18,6],[1,17],[-6,12],[-12,-2],[-23,6],[-15,-4],[-2,-11],[-9,-2],[0,-12]],[[1840,4774],[-14,8],[-4,14],[-22,1],[-25,-6],[-19,2],[-5,23],[1,20],[-31,4],[-8,5],[-5,15],[-11,14],[10,10],[19,5],[7,-5],[4,13],[12,-14],[19,2],[16,8],[-8,17],[24,6],[-2,8],[29,6],[-6,-13],[26,-2],[5,8],[-7,12],[4,15],[15,2],[-1,21],[-20,22],[0,16],[-23,14],[-3,6],[13,10],[12,-3],[26,9],[6,21],[9,10],[-1,28]],[[1665,6349],[20,-47],[1,-20],[-21,-4],[-7,4],[-3,-25],[-5,-6],[-1,-20],[19,-3],[-2,-13],[7,-7],[-15,-4],[-1,-8],[11,-20],[10,-2],[4,-17],[26,-14],[-8,-7],[-3,-26],[10,-4],[23,-36],[-23,-25],[28,-32],[14,0],[-7,-21],[16,-15],[-2,-11],[7,-17]],[[1763,5949],[-5,-14],[12,-30],[-23,-8],[3,-10],[-10,-3],[-11,8],[-1,-13],[-10,-2],[-15,7],[-2,27],[-15,-8],[-7,-14],[24,-37],[9,-18],[10,-8],[11,2],[23,-15],[13,0],[3,-19],[-12,-19],[2,-30],[-9,-4],[0,-16],[6,-8],[-5,-18],[8,-16],[0,-18],[-12,-23],[3,-6]],[[1753,5636],[-26,-10],[-28,-2],[24,20],[4,20],[-25,23],[-31,-4],[-39,-20],[6,-4],[-41,-23],[-14,-2],[-14,13],[-35,16],[-13,11],[-9,18],[-13,-4],[-4,37],[-38,5],[-13,-6],[-7,17],[-22,6],[-26,2],[-18,5],[-6,11],[-37,-9],[0,12],[-13,1],[-6,13]],[[1309,5782],[12,16],[-9,8],[3,9],[-26,27],[3,14],[-10,5],[-17,-5],[-20,2],[-2,-8],[-21,4],[1,9],[-16,5],[3,18],[-14,6],[-5,14],[4,12],[-23,11],[5,20],[-23,9],[-15,11],[-1,11],[20,5],[6,13],[-15,11],[1,56],[31,2],[2,10],[-4,72]],[[1179,6149],[44,3],[-2,20],[16,31],[9,28],[14,24],[21,21],[-18,11],[-2,37],[5,12],[7,-10],[31,12],[43,-1],[32,-8],[25,-2],[37,4],[35,31]],[[1476,6362],[10,-14],[17,-8],[28,0],[72,20],[13,-2],[36,-20],[13,11]],[[2383,5600],[-8,-24],[-20,-12],[-6,14],[-23,21],[-12,-25],[-17,0],[-6,-10],[-30,32],[-10,3],[-4,-24],[-6,19],[-33,21],[-7,10],[-25,-4],[-6,9],[-20,-11],[-53,-16],[-41,1],[-11,-7],[6,-25],[-16,-46],[-8,-1],[-7,11],[-28,-1],[4,14],[-7,5],[-9,-8],[-7,11],[-11,-7],[-1,11],[-10,10],[-7,-15]],[[1944,5556],[-18,5],[-12,-28],[-39,4],[-7,-2],[4,-26],[-15,-7],[-19,1],[-3,6],[-14,-3],[-10,-31],[-31,5],[-17,-17],[-1,-11],[-29,-1]],[[1733,5451],[0,26],[-11,26]],[[1722,5503],[11,25],[-3,35],[-6,24],[14,17],[5,16],[10,5],[0,11]],[[1763,5949],[15,3],[12,11],[25,-1],[23,-56],[12,1],[22,10],[13,-5],[4,11],[2,34],[6,18],[26,-1],[13,5],[7,27],[28,13],[29,-4],[9,-7],[5,-21],[-3,-9],[8,-10],[35,2],[11,6]],[[2065,5976],[12,4],[25,-4],[-3,-15],[25,-12],[32,3],[5,-6],[-3,-21],[27,-7],[10,-11],[-8,-4],[28,-17],[15,-19],[9,4],[5,-10],[19,4],[0,-17],[19,-20],[9,15],[22,-11],[-4,-14],[4,-19],[7,-1],[11,-15]],[[3193,6986],[7,-46],[6,-15],[-4,-39],[-14,1],[-5,-7],[-12,-37],[15,-8],[0,-28],[52,-1],[26,16],[16,-20],[15,-6],[32,-29],[33,-8],[7,-23],[21,-8],[-9,-17],[3,-16]],[[3382,6695],[6,-20],[-1,-19],[10,-2],[-4,-19],[3,-26],[-14,-6],[3,-22],[-4,-18],[9,-17],[-16,-30],[5,-14],[-12,-18],[-24,4],[-13,-2],[-8,18],[-20,-23],[-22,3],[-3,-24],[15,-8],[-15,-8],[11,-19],[21,-1],[19,-20]],[[3328,6404],[-5,-18],[-18,-6],[-8,-29],[11,-14],[-3,-18],[-19,2],[-22,-8],[1,-20],[-17,-5],[-10,20],[-33,0],[7,-7],[-7,-8],[3,-11],[-5,-26],[3,-13],[-20,2],[-11,-4],[-15,-14],[-17,-7],[-8,6],[-6,-21],[-9,-4],[-14,-18],[-12,-27],[4,-5],[-16,-15],[-27,-10],[-19,7],[-13,-1],[-2,-10]],[[2903,6297],[4,23],[7,-7],[42,-7],[20,12],[3,-11],[13,-14],[4,12],[-7,6],[-13,49],[8,21],[18,8],[-3,29],[-11,12],[-9,29],[5,5],[2,21],[-10,-9],[-7,4],[-21,-7],[-10,5],[2,-12],[-20,0],[-11,5],[-11,-7],[-1,10],[-20,5],[-4,39],[4,40]],[[2877,6558],[14,8],[27,-17],[21,7],[-26,17],[18,27],[9,24],[-12,17],[21,23],[11,1],[30,17],[19,1],[6,9],[20,2],[-1,18],[-8,13],[5,10],[17,6],[-4,9],[4,29],[6,0],[20,26],[-1,12],[-15,16],[-3,24],[3,21],[29,13],[36,-7],[22,16],[12,13],[11,23],[-5,8],[-4,52]],[[9031,6108],[-4,10],[-24,1],[-25,17],[-34,5],[-4,12],[-9,-27],[-61,-1],[-11,-17],[-6,3],[-1,32],[-27,3],[2,4],[-34,2],[-13,10],[3,18],[16,18],[-17,4],[-15,-2],[-16,32],[-11,-5],[-2,16],[-18,-6],[-24,-1],[5,16],[-4,10],[11,13],[-18,-3],[-40,-20],[-6,38],[-15,5],[16,37],[-10,-1],[-11,-18],[-23,4],[-6,-14],[-9,2],[-11,-11]],[[8575,6294],[-23,18],[0,11],[-18,22],[-15,-5],[-20,26],[-12,9],[2,7],[-17,10],[6,6],[-9,7],[15,18],[33,3],[16,8],[8,22],[9,7],[4,15],[-4,16],[11,20],[26,1],[5,13],[10,-1],[4,15],[15,-1],[7,19],[20,-2],[-14,22],[3,16],[-5,11]],[[8632,6607],[15,3],[2,-8],[21,4],[12,-8],[-2,15],[31,-1],[16,8],[-7,17],[17,15],[27,-26],[0,10],[15,19],[17,4],[-4,26],[0,32],[6,9],[12,-2],[17,-13],[14,-4],[11,-13],[20,1],[34,-6],[13,-6],[1,7],[30,2],[13,13],[14,-13],[20,2],[11,8],[28,-1],[8,-18],[8,6],[19,-8],[5,4],[23,-3],[19,8],[19,-1],[17,-19],[32,-1]],[[9186,6669],[4,-31],[1,-33],[-9,0],[24,-17],[-5,-10],[4,-11],[0,-28],[8,-22],[14,5],[1,-44],[4,0],[3,-45],[10,0],[-11,-50],[16,1],[3,-11],[-6,-23],[3,-22],[8,-16],[-5,-12],[-9,-1],[3,-18],[-14,-27],[1,-14],[-9,-4],[-12,7],[1,9],[-29,13],[-9,0],[7,-24],[-7,5],[-9,-13],[-15,-9],[-12,6],[-5,-22],[2,-13],[-7,-21],[3,-13],[-24,-15],[-20,18],[-15,4],[-3,-11],[8,-8],[-11,-14],[10,-1],[-1,-14],[-32,14],[5,-22],[-19,-4]],[[7018,3265],[10,17],[-6,15],[2,17],[19,2],[2,11],[16,5],[-9,16],[7,8],[-3,17],[12,16],[-1,12],[-8,1],[7,20],[15,5],[4,-14],[13,4],[12,-10],[8,12],[15,-25],[12,7],[9,42],[31,42],[57,1],[0,6]],[[7242,3492],[23,-8],[-3,-5],[29,-5],[-3,-7],[15,-5],[20,-16],[33,14],[-11,4],[19,14],[-18,6],[3,7],[27,-5],[-17,14],[13,19],[18,6],[13,-4],[2,-17],[17,15],[20,8],[8,-5],[25,13],[4,-10],[11,7]],[[7490,3532],[33,-68],[24,-7],[-4,-16],[-23,-17],[8,-18],[8,-4],[-19,-4],[-12,6],[-14,-2],[5,-13],[-23,-3],[-16,-21],[-6,-22],[14,-18],[11,-30],[-12,-9],[6,-6],[-11,-8],[-1,-11],[-14,3],[-16,-30],[9,-3],[-6,-26],[2,-33],[-24,7],[-2,-11],[-15,-11],[-4,-12],[-19,-18],[-13,-1],[-8,13],[-32,25],[8,6],[9,19],[-19,-3],[5,24],[-21,4],[-8,8],[-19,4],[-6,-21],[-13,1],[11,22],[-34,-6],[-9,-20],[-14,-3],[-13,6],[-9,-3],[-3,-12],[-30,-15],[-8,9],[-11,-2],[2,-20],[-5,-7],[-12,3],[1,-23],[-12,-6],[-13,-16],[-44,12],[-32,-5],[-4,-5],[-20,3]],[[6993,3118],[-4,7],[13,32],[-5,18],[0,51],[27,8],[10,18],[-10,1],[-6,12]],[[6774,3478],[-12,-13],[0,-14],[-22,10],[-22,-39],[-18,-6],[-11,-57],[27,-10],[-22,-38],[-28,18],[-10,-16],[0,25],[-31,-1],[-3,44],[-14,-7],[-9,11],[-6,24],[18,10],[-10,20],[-29,30],[-24,-27],[-11,12],[-27,9],[-8,9],[32,36],[-22,22],[-19,-2],[-2,-11],[-12,2],[-3,-16],[-10,8]],[[6466,3511],[-3,38],[14,26],[5,-1],[8,18],[26,4],[9,17],[5,-3],[6,20],[-3,13],[12,14],[2,25]],[[6547,3682],[12,-4],[9,23],[12,18],[52,-27],[-5,-12],[16,-8],[6,13],[25,-12],[9,21],[-13,5],[13,30],[28,-13],[30,-28],[25,43],[6,16],[10,11],[47,-32],[-3,-5],[18,-13]],[[6844,3708],[-15,-26],[-15,5],[-4,-18],[27,-19],[0,-17],[-16,-11],[17,-8],[-8,-5],[-2,-19],[-9,-22],[5,-14],[-7,-5],[-13,12],[-5,-5],[-16,4],[1,8],[-14,7],[-6,-10],[15,-28],[-9,-16],[0,-17],[6,-10],[-2,-16]],[[4851,2285],[25,-9],[14,10],[10,-4],[2,24],[5,1]],[[4907,2307],[19,-4],[-7,-15],[3,-19],[-8,-15],[-4,-29],[16,-9]],[[4926,2216],[-10,-35],[-17,6],[-2,11],[-30,19]],[[4867,2217],[-14,23],[-1,13],[11,8],[-12,5],[0,19]],[[4762,2266],[-3,6],[-31,0]],[[4728,2272],[-17,27],[-29,16],[5,27],[-6,21],[-13,2],[-2,-15]],[[4666,2350],[0,18],[-8,4],[-2,22],[12,0],[16,10],[11,-9],[5,21],[26,-11],[3,12],[11,-1],[10,-11],[-1,-12],[11,-3],[-10,-24],[30,-19]],[[4780,2347],[8,-10],[29,-10],[12,-8],[1,-16],[-5,-19]],[[4825,2284],[-8,-24],[-8,10],[4,-18],[-20,2]],[[4793,2254],[-2,4],[-29,8]],[[1805,3292],[-7,6],[-16,-1],[-7,17],[-21,22],[-35,-21],[-11,1],[-10,17],[-11,32],[7,26],[-27,12],[-22,20],[-35,20]],[[1610,3443],[-17,15],[26,3],[-2,10],[16,-6],[5,20],[-4,27],[-10,20],[-6,36],[-17,19],[-9,19],[7,57],[-9,15],[-12,6],[-8,12]],[[1570,3696],[14,8],[9,13],[11,-3],[11,6],[-2,9],[10,3],[7,18],[3,26],[-8,22]],[[1625,3798],[7,2],[-2,15],[22,4],[25,28],[-7,16],[10,10],[23,-6],[41,-20],[12,9],[21,-11],[23,-24],[-14,-13],[41,-22],[-10,-5],[8,-7],[32,-1],[11,3],[-15,22],[24,4],[4,6],[16,-6],[13,11],[25,-17],[-12,-6],[10,-33],[-30,-31],[1,-19],[-15,-11],[10,-6],[-3,-13],[12,-8],[1,-27],[10,-21]],[[1919,3621],[-3,-13],[-17,-4],[-17,-45],[-13,0],[-15,-14],[-7,11],[-35,-21],[-7,-7],[4,-17],[-3,-14],[8,-1],[0,-13],[34,-24],[6,-16],[-4,-7],[7,-19],[16,-10],[-16,-36],[-9,-36],[-16,-10],[-7,-23],[-9,-15],[-11,5]],[[3112,3881],[19,-25],[-10,-22],[24,-28],[19,4],[16,-19],[-8,-18],[-2,-25],[-11,-27],[16,-2],[8,-9],[11,5],[24,-5],[-22,-15],[-23,4],[-10,-3],[-2,-16],[15,-2],[4,-19],[14,13],[6,-10],[1,-40],[34,-10],[10,-11]],[[3245,3601],[-15,-12],[-22,-9],[-13,-20],[-4,-27],[-25,4],[-12,-18],[-15,-7],[26,-20],[-12,-15],[5,-28],[-16,12],[-11,15],[-7,-18],[-15,-13],[-13,-3],[-10,-10],[-19,7],[-10,-17],[-20,-18],[-7,-37],[-25,-4],[3,-13],[-23,7],[-10,-17],[-1,-13],[11,-11],[-3,-30],[-6,5],[-26,5],[-3,-27],[6,-11],[-14,-1]],[[2939,3257],[-13,3],[-4,21],[-10,4],[-9,-19],[-15,3],[-6,18],[-8,-6],[-7,-17],[-9,10],[-12,-8],[1,-14],[-18,7],[-7,-22],[6,-10],[-15,-18],[5,-9],[-7,-9],[-17,2],[-12,10],[-10,-2],[1,-27],[19,-16],[1,-13],[-9,-21],[-14,6],[-1,-17],[12,-9],[-5,-5],[-17,2]],[[2759,3101],[-1,11],[-11,8],[0,16],[-43,2],[-13,-10],[4,-13],[-20,2],[-2,23],[-8,-3],[-20,10],[1,10],[-21,-1],[-11,-12],[-15,1],[-21,12],[-10,-3]],[[2568,3154],[-10,-4],[-1,18],[-11,0],[3,35],[-6,9],[12,20],[12,0],[-6,48],[-15,1],[27,22],[-13,7],[1,9],[-39,-11],[2,-15],[-19,-1],[-16,8],[-1,-10],[-11,3],[-14,-15],[-17,14],[7,23],[-8,0],[-9,25],[18,-4],[8,20],[-10,25],[20,6],[5,-8],[9,9],[15,1],[-14,15],[0,11],[-13,11]],[[2474,3426],[5,14],[14,5],[11,-12],[18,5],[8,17],[25,-5],[5,27],[22,3],[11,13],[-8,11],[7,24],[17,5],[20,-16],[10,38],[-18,1],[3,19],[8,-1],[23,24],[25,-16],[15,16],[-5,5],[11,12]],[[2701,3615],[22,-5],[7,-15],[28,-12],[2,10],[13,-4],[20,2],[-3,-28],[18,1],[2,-9],[18,-16],[1,-23],[8,-9],[5,11],[19,2],[9,-12],[12,8],[-2,-13],[18,-7],[3,13],[20,-10],[15,10],[-1,15],[21,-21],[17,-2],[4,9],[-11,15],[5,3],[10,31],[9,7],[10,-7],[21,5],[25,41],[-15,21],[-24,16],[16,41],[-1,14],[5,32],[-26,2],[-6,-15],[-25,8]],[[2970,3724],[-2,32],[-8,17],[-2,17],[-15,32],[7,15],[7,-1],[4,13],[28,-9],[4,21],[10,-3],[14,-17],[26,2],[5,12],[4,40],[8,2],[11,-17],[11,13],[12,1],[18,-13]],[[3396,4207],[-14,0],[-33,-7],[1,-9],[-12,-16],[-7,8],[-20,-12],[-3,-16],[-13,7],[-7,-18],[7,1],[3,-13],[-17,-8],[-17,-16],[3,-17],[-14,3],[1,-18],[-14,-22],[-18,-1],[-12,9]],[[3210,4062],[-10,18],[-15,-1],[-2,22],[-34,-15],[3,14],[-13,-4],[-7,10],[-21,-10],[-25,7],[5,11],[-6,11],[-13,8],[-35,5],[-13,18],[-24,7],[-7,15],[10,0],[-21,13],[18,19],[28,18],[-36,-7],[-8,-8],[-22,-1],[18,16],[-12,24],[2,21],[-13,20],[-5,-2],[-19,50],[-23,-13],[-12,4],[-25,-1],[-3,14],[-10,7],[1,14]],[[2861,4366],[20,0],[1,7],[34,3],[8,-19],[5,12],[11,5],[-5,20],[44,17],[16,-19],[46,9],[17,11],[11,-3],[5,-15],[10,14],[-4,27],[5,16],[-7,20],[7,32],[26,7],[16,16]],[[3127,4526],[33,2],[40,7],[28,-9],[21,-12],[10,1],[29,-10],[19,4],[32,-11],[14,-15],[15,-3],[5,-12],[17,-6],[1,-27],[11,0],[23,-10]],[[3425,4425],[4,-23],[12,-8],[4,-46],[-3,-17],[-11,-14],[-27,-13],[-20,-5],[-2,-15],[13,-4],[-8,-14],[5,-12],[-3,-15],[9,-11],[-8,-13],[6,-8]],[[2226,4468],[32,6],[6,-7],[-8,-15],[4,-21],[15,-16],[28,-4],[16,-14],[16,-8],[-12,-23],[-1,-14],[10,-12],[2,-24],[13,0],[5,-11],[-14,-22]],[[2338,4283],[-13,-14],[-5,-28],[2,-16],[-13,-69],[8,-15],[-1,-21],[10,-7],[13,-34],[8,-30],[-8,-6],[-2,-15],[-13,-14],[8,-29],[-46,-59]],[[2286,3926],[-8,12],[-7,-2],[-14,21],[2,12],[-25,7],[-22,17],[-14,-26],[12,-7],[-6,-13],[-8,1],[-17,-26],[-24,9],[-5,-11],[-20,-11],[-27,12],[0,6],[-20,2],[-16,-20],[0,-20],[-5,12],[-33,24],[-28,1],[-1,-8],[-35,-3],[-9,11],[4,9],[-18,7],[6,-16],[-7,-3],[-16,16],[-20,6],[-19,-2],[2,6],[-12,19],[9,16]],[[1885,3984],[13,16],[10,2],[13,-7],[30,7],[15,15],[-16,1],[-7,15],[8,19],[-12,7],[2,17],[28,5],[9,36],[-8,23],[-11,-3],[-12,33],[-4,3],[1,27],[10,6],[1,10],[23,9],[7,-7],[5,10],[18,-3],[-7,-9],[7,-9],[16,4],[10,-10],[23,6],[9,22],[3,23],[-15,-6],[-5,13],[2,20],[7,22],[14,-2],[9,23],[34,-4],[7,28],[6,9],[14,1],[-9,9],[-1,13],[7,15],[11,6],[18,-2],[24,5],[-4,22],[11,26]],[[2199,4450],[20,-5],[7,23]],[[3382,6695],[27,-16],[13,9],[7,-15],[10,1],[35,19],[9,16],[26,-1],[19,10],[21,-7],[18,12],[18,-1],[9,-13],[39,13],[15,-7],[13,2],[-10,13],[3,8],[24,3],[-1,10],[20,25],[4,15],[-6,2],[26,22],[-4,29],[10,-1],[-1,22],[-9,9],[-10,-3],[-4,22],[17,5],[6,11],[21,16]],[[3747,6925],[11,-6],[4,-11],[32,5],[13,5],[14,-9],[8,4],[2,-26],[13,-2],[3,-18],[-6,-27],[12,0],[0,-19],[10,1],[8,-10],[6,-24]],[[3877,6788],[7,-31],[-27,-4],[1,-8],[-22,-24],[29,-30],[36,3],[21,-40],[5,-17],[-10,-29],[21,-15],[-14,-21],[12,-10],[-14,-18],[5,-4],[-7,-20],[-18,3],[-25,-6],[-13,-13]],[[3864,6504],[-18,6],[6,28],[-27,-7],[7,21],[-27,28],[-16,-9],[-22,-22],[-13,-3],[-8,19],[-15,-7],[-3,-13],[26,-14],[2,-21],[20,-12],[-8,-25],[16,-19],[-7,-14],[10,-6],[-2,-14],[-31,-13],[-16,-3],[-15,-27],[-22,-9],[-5,-13],[-20,-16],[-5,-18],[13,-24],[-14,-14],[4,-6],[-19,-12],[0,-11]],[[3655,6254],[-6,-5],[-3,-21],[-17,-3],[6,7],[-6,19],[4,9],[-26,-7],[-22,-19],[5,-11],[12,4],[11,12],[5,-17],[-28,-22],[-18,-26],[-9,8],[-5,-12],[-13,5],[1,26],[5,6],[-7,26],[2,16],[-31,-6],[-16,18],[9,15],[-9,16],[1,10],[16,17],[-7,6],[-13,27],[-13,-9],[-33,2],[-7,-22],[-17,-6],[-11,5],[-23,-23],[1,-8],[-18,1],[-5,19],[-34,-7],[4,5],[2,33],[5,7],[17,-5],[5,13],[-20,0],[8,17],[0,14],[-19,7],[-10,9]],[[4551,5872],[-8,-9],[-19,1]],[[4524,5864],[-7,28],[-1,18],[-23,9],[-16,-1],[-18,25],[-4,-14],[-17,6],[-11,-3],[-1,35],[-17,3],[-17,24],[-40,6],[1,-8],[-14,-15],[-10,1],[5,-16],[-4,-7],[-22,7],[-18,-2],[-3,-11],[-20,1],[-8,-6],[-8,8],[3,17],[-11,32],[10,49],[-9,9]],[[4244,6059],[20,8],[23,20],[24,9],[-5,18],[8,16],[29,0],[-2,12],[6,67],[-16,14],[-7,18],[4,21],[14,0],[-7,12],[4,16],[-3,29],[31,5],[3,29],[4,3]],[[4374,6356],[13,1],[27,10],[12,-1],[37,13],[19,-1],[35,4],[-3,-23],[30,-7],[3,22],[16,-5],[28,-17],[30,-35],[20,-11],[17,-22],[29,-31],[7,-4]],[[4694,6249],[-20,-47],[10,-3],[-8,-23],[-29,11],[-13,-23],[-16,-5],[-5,-10],[-1,-35],[-9,1],[-5,-15],[21,-21],[4,-17],[-13,-22],[4,-17],[-14,-38],[11,1],[-7,-16],[-2,-25],[-9,-32],[-13,-5],[-15,5],[-3,-24],[16,-5],[9,-13],[-17,-10],[-19,11]],[[3571,7342],[-7,-15],[3,-12],[-1,-38],[-12,-2],[2,-12],[9,-2],[-25,-15],[14,-32],[24,0],[1,-29],[4,-12],[32,-11],[7,-9],[3,-19],[-12,-13],[-1,-25],[40,-5],[7,-20],[-9,-26],[-3,-22],[14,-8],[12,6],[28,-3],[7,-8],[3,-35],[9,-18],[15,-12],[12,-20]],[[5279,1324],[17,-22],[13,-29],[0,-20],[-16,-11],[0,-16],[-21,-14],[-9,3],[-7,-25],[-21,-4],[19,-18],[2,-12],[16,3],[6,-11],[27,14],[19,-7],[5,-15],[13,-12],[-9,-22],[12,-40],[-13,-19]],[[5332,1047],[0,1],[-19,0],[0,-2],[-2,0],[0,-4],[-9,-24],[-27,-8],[-1,0],[0,-2],[-9,-28],[-29,-12],[-1,-20],[-4,-4],[0,-20],[-2,-5],[-45,-13],[-4,9],[-3,-1],[-2,2],[-23,-5],[-6,2],[-17,-5],[0,-1],[-3,-1],[-27,-35],[-1,-1],[4,-15],[0,-1],[-9,-15],[2,-3],[-9,-26],[0,-1],[-1,-2],[5,-7],[2,-6],[-1,-10],[-7,-19],[-1,-1],[-10,6],[-9,-6],[-1,-2],[-12,-21],[1,-3],[-1,-2],[7,-19],[4,-11],[-20,-1],[-5,-4],[-18,-13],[-8,5],[-8,5],[-14,-11],[-14,0],[-2,0],[-10,13],[-6,8],[-10,2],[-9,2],[-19,-5],[-15,-31],[-12,-5],[-3,1],[-52,13],[-2,10],[-1,9],[2,2],[15,12],[1,4],[2,12],[0,2],[-1,1],[-14,33],[-10,9],[1,9],[6,25],[-10,10],[12,22],[1,1],[-2,14],[-16,10],[-9,12]],[[4812,882],[6,7],[-2,18],[5,8],[25,4],[-2,41],[9,17],[-3,25],[17,16],[16,44],[-15,36],[-1,23]],[[4867,1121],[5,26],[18,14],[35,44],[24,2],[14,-6],[20,6],[-7,12],[12,7],[6,13],[-4,12],[-11,-1],[-4,16],[5,11],[7,-7],[18,34],[9,5],[-21,21],[12,35],[7,4],[-5,23],[16,5],[8,12],[20,7],[22,-35],[-8,-5],[20,-29],[12,-2],[17,7],[11,-11],[2,-12],[10,-4],[15,7],[30,-3]],[[5182,1329],[33,-11],[16,10],[6,-11],[14,-3],[15,-13],[8,4],[5,19]],[[7337,1436],[33,-8],[18,-10],[25,-4],[4,-27],[-1,-28],[4,-16],[29,2],[4,6],[25,12]],[[7441,742],[-17,10],[-6,-7],[-5,-6],[-20,3],[-1,-1],[-2,0],[-19,-26],[-15,16],[0,1],[-1,0],[-7,-1],[-8,-21],[-1,-2],[-22,1],[-1,0],[-22,-7],[0,1],[-35,36],[-1,0]],[[7258,739],[-6,38],[19,20],[-2,11],[-20,18],[2,8],[30,5],[-11,15],[-3,15],[-14,3],[-11,24],[10,4],[-12,19],[-22,11],[10,7],[-4,8],[15,28],[-32,15],[-14,12],[-6,13],[4,12],[14,13],[-1,6],[19,37],[-5,28],[-16,16],[5,53],[-7,13],[-7,-5],[-13,7],[11,36],[-15,15],[3,12],[-9,23],[-19,0],[-10,11],[-23,-5],[-4,18],[-12,23]],[[7102,1326],[10,27],[19,4],[10,20],[3,-8],[16,-8],[12,0],[24,19],[-4,5],[12,9],[-7,19],[-15,5],[-5,9],[-20,13]],[[7157,1440],[-6,17],[16,10],[0,-31],[20,-7],[20,2],[4,32],[-6,21],[4,6],[26,-6],[11,-13],[4,-18],[8,7],[8,-43],[12,-1],[13,8],[15,-2],[-7,9],[23,-1],[15,6]],[[6046,5052],[9,-3],[-14,-9],[6,-20],[-29,-2],[-23,5],[-9,-11],[-18,1],[2,21],[6,7],[0,16],[-6,23],[10,15],[33,22],[10,-1],[2,11],[11,-13],[29,-7],[18,7],[8,-5],[4,-16],[-11,-5],[-35,7],[-2,-19],[-1,-24]],[[5432,4860],[-21,-17],[0,-19],[13,-13],[18,11],[38,-2],[2,-53],[-9,-8],[15,-20],[-7,-6],[4,-14],[19,-2],[-12,-11],[1,-42],[-21,-44],[-8,-1],[-23,16],[-17,-7],[2,-9],[-25,-4],[-4,-7],[-15,-2],[-4,14],[-29,1],[-18,-5],[2,-12],[-37,-3]],[[5296,4601],[-11,1],[-2,10],[-16,7],[-2,-6],[-41,9],[-17,32],[3,19],[-9,-5],[2,22],[33,6],[3,24],[-22,6],[1,7],[-16,6],[5,21],[-5,8]],[[5202,4768],[12,1],[8,14],[-17,13],[-11,-8],[1,10],[-9,11],[14,0],[7,10],[1,28],[9,8],[32,2],[-4,-25],[19,14],[11,-3],[45,14],[2,22],[33,17],[16,2],[8,-18],[37,-10],[11,4],[5,-14]],[[5324,3913],[8,16],[20,21],[-15,38],[9,20],[-12,8],[27,15],[2,27],[-23,22],[-5,26],[-5,6],[19,11],[7,11],[-14,4],[4,33],[-8,12],[17,0],[0,12],[-24,-1],[-6,5],[3,26],[-23,-3],[-11,-8],[-7,10],[13,3],[6,28],[10,4],[6,12],[-10,5],[9,21],[-24,-3],[-5,22],[-13,8]],[[5279,4324],[2,19],[13,-4],[1,-19],[9,8],[19,6],[0,19],[10,0]],[[5333,4353],[14,2],[-1,-20],[18,2],[6,-20],[26,6],[9,-21],[31,-1],[27,-6],[-1,11],[12,54],[9,0],[-5,17],[-12,21],[-8,22],[5,10],[17,5],[7,25],[10,0],[-7,15],[-9,-2],[-7,16],[-11,0],[10,23],[28,-17],[11,10],[16,31],[26,1],[1,-38],[17,4]],[[5572,4503],[1,-11],[12,-18],[-4,-20],[7,-7],[-11,-43],[21,-4],[1,-17],[15,-5],[23,2],[3,-18],[15,-23],[12,-5],[10,14],[22,-9],[-14,15],[8,22],[-4,24],[16,16],[8,-1],[17,-24],[4,-12],[15,-11],[3,-18],[-7,-2],[-1,-19],[-17,0],[-7,-10],[14,-5],[2,-24],[22,19],[23,-28],[4,-14],[-3,-17],[39,-9],[-6,-35],[10,-7],[-6,-10],[-21,-10],[1,-24],[-9,-5]],[[5790,4150],[-24,-25],[-28,-10],[-9,1],[-5,-18],[5,-27],[15,-2],[11,-20],[24,0],[13,-13],[0,-9],[14,-6],[15,16],[33,-3],[-8,-20],[4,-19],[23,1],[7,-24],[9,-11],[8,-21],[15,-13],[-8,-25],[20,-22],[6,-13],[-3,-20],[-15,1],[-8,-15],[-12,9],[-14,-5],[0,-20],[-23,-16],[12,-17],[8,-1],[1,-16],[-21,-13],[1,-15]],[[5856,3739],[-28,30],[-5,1],[-6,-26],[-14,-12],[-11,5],[-14,-14],[-2,-14],[-10,-13],[9,-21],[0,-13],[-9,-17],[-1,-39],[-30,7],[-21,17],[-11,-1],[-2,17],[-10,16],[-7,-4],[-26,3],[-14,6],[-24,-1],[-22,15],[-3,20],[6,5],[-2,14],[-14,24],[-23,4],[-1,-45],[-19,-14],[-40,5],[-17,-15],[-22,9],[-5,-9],[-15,-2],[10,19],[-9,31],[-12,15],[4,1],[-1,24],[-16,-5],[2,19],[-19,24],[-17,5],[17,20],[-7,14],[9,1],[-13,9],[4,22],[-11,12],[-26,-20],[9,23],[-29,8],[-14,14]],[[5582,4077],[26,-5],[4,21],[-11,22],[8,2],[4,13],[32,38],[25,-25],[4,32],[-17,21],[-10,3],[-8,-9],[-7,7],[-9,-8],[-4,7],[-15,1],[0,-12],[-57,-4],[-27,0],[-14,-13],[-8,-37],[-7,2],[4,-25],[-8,-34],[11,10],[15,2],[29,-23],[18,3],[22,11]],[[4194,8807],[13,4],[8,-10],[7,10],[36,-38],[26,-1],[31,4],[34,-6],[24,2],[27,10],[-1,-30],[14,3],[9,-9],[6,6],[19,-9],[10,4]],[[4457,8747],[2,-15],[-5,-11],[-16,-8],[4,-19],[-10,-15],[-16,9],[11,-38],[8,7],[3,-20],[17,-7],[12,-13],[17,6],[11,-22],[10,-7],[19,3],[-4,-10],[20,-12],[-10,-16],[-4,-20],[7,-20],[13,-19],[-4,-10],[-26,-4],[-11,-12],[-1,-11],[-14,-35],[3,-9],[-11,-13],[-12,-23],[-1,-21],[9,-13],[-24,-20],[17,-34],[8,-29],[-10,0],[-10,-17],[6,-3],[-4,-21],[30,1],[9,-3],[1,-52],[6,-1],[39,10],[20,-2],[7,-15],[18,-8],[-8,-21],[15,-7],[2,-13],[-16,-2],[-4,-12],[-6,6],[-17,-19],[7,-19],[-1,-17]],[[4563,8051],[-9,-1],[-11,-15],[-13,10],[-10,-2],[-4,-11],[-19,-24],[-21,-7],[-24,5],[-7,7],[-11,-7],[15,-12],[-2,-15],[-18,1],[-9,-6],[-17,25],[-8,-1],[1,18],[-15,3],[-2,13],[11,5],[-9,21],[-20,-8],[-18,8],[-8,-24],[-13,-6],[0,13],[-37,-12],[2,9],[-66,-8],[-11,8],[-48,12],[-31,3]],[[4131,8053],[-9,18],[19,9],[2,11],[-10,3],[8,12],[-18,25],[-37,-11],[3,20],[-17,-20],[-3,28],[-20,-5],[-1,-11],[-10,-3],[-12,12],[-7,27],[-21,2],[-20,-19],[-2,20],[-9,-4],[-5,13],[-22,10]],[[3940,8190],[3,28],[19,24],[28,22],[-1,11],[-11,-1],[-15,10],[-8,-2],[-24,27],[20,0],[-11,25],[-1,15],[24,33],[13,1],[0,9],[22,-21],[9,13],[-38,50],[5,4]],[[3974,8438],[18,14],[12,-1],[-1,24],[29,25],[16,-7],[23,-3],[-4,-21],[20,-3],[1,9],[20,0],[1,9],[12,14],[13,-14],[8,2],[28,20],[15,23],[15,-5],[17,3],[-21,44],[-12,-3],[-14,-15],[-21,0],[4,20],[10,10],[-10,8],[10,18],[-8,12],[7,6],[24,4],[8,21],[17,-8],[17,25],[-13,13],[-1,22],[-14,1],[20,48],[-24,7],[-10,-1],[2,13],[10,12],[-8,17],[4,6]],[[4064,5517],[-4,24],[11,15],[-2,7],[29,1],[5,10],[17,4],[-6,27],[-23,19],[1,12],[-20,0],[11,15],[18,0],[-5,15],[3,21],[-5,14],[30,2],[-2,-12],[44,-3],[8,-7],[-5,-14],[15,-22],[-12,-10],[8,-17],[-8,-13],[5,-6],[-17,-6],[1,-25],[-16,-8],[2,-14],[19,10],[-2,-13],[15,20],[9,-9],[3,-24],[7,-14],[-31,3],[-6,10],[-11,-45],[14,-7],[-14,-7],[2,-19],[-16,1],[-3,8],[-23,-5],[-1,12],[-18,-6],[-10,13],[12,12],[0,16],[-7,4],[11,8],[-20,4],[-13,-1]],[[7911,1831],[19,7],[-5,-12],[11,2],[-11,-22],[-12,-11],[5,-15],[16,-11],[18,-31],[-1,-12],[-9,-2],[1,-21],[-18,-20],[-22,9],[-10,-34],[-17,8],[3,-19],[-24,-1],[-6,-40],[-15,-9],[-5,20],[-11,21],[0,33],[-3,12],[7,15],[-26,7],[2,37],[10,16],[-10,7],[-16,-7],[-20,14],[-21,-4],[-13,2],[-10,13],[12,10],[11,1],[8,11],[34,1],[10,9],[1,18],[17,8],[12,-2],[-1,18],[9,14],[10,-4],[3,-20],[17,-8],[19,-1],[17,-11],[14,4]],[[4468,2745],[-11,-49],[7,-12],[19,1],[-11,-28],[2,-5]],[[4474,2652],[-10,1],[-18,-9],[-7,5],[-13,-14],[-31,6],[-22,10],[-28,6],[-43,-14],[-5,-23],[8,-7],[10,-48],[18,0],[4,-34],[5,-11],[11,-5],[-5,-20],[-29,7],[0,25],[-12,6],[-26,-10],[-10,1],[-15,12],[-9,-1],[4,-35],[-1,-23],[6,-10],[-3,-19],[-19,-7],[-2,-13],[13,-10],[13,-36],[0,-12],[-15,-16],[13,-10],[-17,2],[1,-18],[-15,-8]],[[4225,2320],[-28,43],[-12,6],[-14,20],[-5,14],[-9,-6],[-15,-25],[-45,15],[0,-21],[-41,-11],[-12,13],[-23,4]],[[4021,2372],[-5,8],[12,15],[-16,10],[9,15],[-6,26],[8,5],[8,27],[-10,-11],[-7,24],[10,10],[-27,31],[-24,10],[-30,38],[16,8],[14,31],[13,40]],[[3986,2659],[9,7],[2,35],[-8,21],[5,5],[15,-6],[9,4],[9,17],[-1,12],[13,4],[9,24],[27,40],[33,-17],[21,-4],[17,10],[-1,39],[7,15],[26,-5],[7,13],[11,7],[3,12],[11,10]],[[4210,2902],[18,-10],[13,4],[-4,19],[14,-2],[43,-21],[2,-13],[11,-4],[7,7],[14,-15],[-6,-23],[7,-36],[-2,-10],[8,-17],[-5,-7],[20,-8],[26,8],[4,16]],[[4380,2790],[4,-9],[70,-20],[3,-12],[11,-4]],[[4590,7477],[4,-12],[-9,-12],[-10,6],[-14,-18],[13,-8],[-8,-19],[25,-7],[13,-8],[3,-37],[-8,-4],[-9,-18],[-10,-6],[25,-7],[-14,-25]],[[4591,7302],[-8,-22],[-14,-4],[-18,16],[-15,-27],[6,-1],[-21,-19],[-2,-8],[-22,8],[6,10],[-32,14],[-14,-25],[-16,-14],[-6,10],[-23,-10],[-6,-7],[-19,13],[-8,-1],[1,-15],[-23,-12],[-6,-19],[-12,-6],[-4,14],[-44,-43],[-8,12],[-29,-7],[-5,6],[-13,-20],[-19,-2]],[[4217,7143],[-4,10],[8,25],[-5,34],[-30,23],[-5,29],[-26,9],[-21,-2],[13,14]],[[4147,7285],[13,5],[3,10],[17,21],[14,45],[2,29],[39,53],[21,19],[28,11],[-6,5],[14,22],[6,-6],[19,2],[25,37],[3,19],[11,7],[26,-2],[29,3],[26,19],[39,7],[16,-7]],[[4492,7584],[-18,-4],[-9,-22],[8,-23],[21,7],[13,-17],[13,5],[22,1],[9,-5],[10,-16],[21,-9],[-8,-20],[16,-4]],[[6282,4452],[10,-1],[8,-29],[-5,-12],[8,-6],[20,5],[7,-25],[-9,-21],[-9,-53],[2,-23],[17,-8],[25,2],[6,10],[20,6],[3,-48],[3,1],[1,-41],[-15,-13],[-15,-4],[1,-12],[-14,-10],[8,-19],[-12,-26],[-25,-1],[-5,9],[-22,-68],[2,-9],[-8,-11],[11,-40]],[[6295,4005],[-9,-10],[-3,-14],[-11,1],[0,-13],[-26,0],[-20,-12],[18,-50],[9,-17],[-5,-16],[-11,-2],[5,-27],[-9,-16],[-11,8],[-6,15],[-23,6],[-21,-18],[-32,2],[-13,11],[-4,14],[-18,-3],[0,-25],[13,-8],[-4,-28],[13,-2],[-13,-24],[-13,2],[-6,-11],[-16,-3],[-2,17],[-8,-16],[-5,7],[-23,5],[1,-20],[-21,4],[0,-7],[-39,-7],[-9,7],[-15,-4],[-36,5],[-6,15],[-27,-4],[-15,-9],[-1,-8],[-16,-12]],[[5857,3738],[-1,1]],[[5790,4150],[1,-7],[20,14],[23,5],[29,6],[16,-6],[20,4],[18,14],[12,26],[-4,20],[16,4],[5,-10],[19,10],[17,-33],[10,20],[17,-2],[46,2],[-7,39],[14,-6],[11,17],[15,-6],[2,23],[19,7],[19,-8],[0,19],[-9,1],[-4,19],[15,7],[24,38],[9,3],[22,38],[-2,7],[14,11],[12,-17],[5,15],[15,-12],[35,24],[18,16]],[[2261,7076],[-27,-13],[-3,-15],[-14,-4],[18,-52],[-3,-11],[-10,-4],[-12,-22],[-15,-4],[0,-14],[-8,3],[-6,-11],[7,-14],[-22,2],[-7,11],[-17,8],[-30,-9],[-11,-8],[-44,-10],[-48,-34],[-17,-3],[-27,7],[-10,-2],[-29,12],[-9,12],[-22,12],[-13,-4],[-48,14]],[[1834,6923],[16,26],[11,-1],[-4,17],[10,16],[3,20],[-17,17],[1,32]],[[1854,7050],[4,11],[-23,12],[17,74],[15,21],[4,24],[11,4],[13,45],[14,9],[-20,4],[-4,11],[-10,-2]],[[1875,7263],[4,18],[12,9],[10,22],[47,35],[-14,11],[7,27],[-11,3],[-10,12],[-8,-6],[-16,2],[-2,-12],[-14,1],[-19,18],[9,26],[-13,21],[6,5],[-15,7],[-3,10],[11,15],[-11,6],[14,16],[-1,7],[23,28],[26,-6],[13,-16],[7,-36],[7,-8],[9,14],[-2,41],[-13,4],[5,13],[27,-15],[0,9],[18,-7],[4,-34],[40,-7],[66,34],[50,4],[24,18],[28,-2],[22,18],[21,5],[9,9],[-13,8],[26,15],[5,-27],[5,-4],[12,26],[16,9],[5,20],[12,10]],[[2310,7639],[24,1],[-4,-13],[-16,1],[23,-84],[11,-11],[-3,-13],[15,-11],[10,3],[9,-16],[15,-14],[12,18],[11,-20],[4,-17],[12,-6],[9,9],[13,-20],[10,-3],[30,2],[15,-19],[-3,-9],[17,-7],[4,-9],[21,-1],[8,-21],[10,-2],[18,-13]],[[6543,2053],[18,-17],[2,-28],[-5,-17],[10,-15],[40,-14],[18,-30],[-12,-2],[3,-14],[-21,-5],[9,-14],[13,4],[4,-16],[9,0],[12,-19],[-8,-6],[8,-30],[-13,-22],[-11,-8],[-1,-38],[35,-5],[6,-9],[-11,-10],[-1,-17],[-13,1],[7,17],[-15,4],[-2,-10],[-11,-1],[-6,-10],[12,-14],[-1,-9],[9,-21],[-10,-14],[0,-17],[37,-16],[-23,-21],[-14,-1],[-3,-7],[7,-29],[-8,-4],[25,-20],[-12,-14],[-26,9],[-16,-8],[14,-21],[-19,-17],[19,-27],[-4,-9],[-18,-8],[-4,-27],[-13,2],[13,-14],[4,-17],[-1,-20]],[[6447,1301],[-11,18],[-23,8],[-20,17],[-13,20]],[[6380,1364],[16,23],[-13,24],[-3,14],[16,-1],[31,8],[13,0],[-1,24],[-13,12],[-10,43],[12,20],[0,34],[-15,-4],[-2,13],[-8,3],[-8,18],[-8,3],[-1,19],[10,13],[16,6],[2,63],[25,8],[2,22],[8,15],[3,23],[8,18],[10,6],[7,-8],[17,23],[-9,16],[-11,7],[-12,-1],[-20,11],[-4,7],[-47,-2],[0,36],[-21,6],[4,10],[-3,23],[-9,15],[11,13]],[[6373,1947],[23,13],[17,-9],[13,1],[7,12],[10,-13],[9,-1],[-2,18],[24,6],[10,19],[15,9],[29,44],[15,7]],[[3360,9868],[1,-14],[35,4],[2,-14],[-12,2],[-20,-13],[-22,-19],[-35,-11],[-23,-16],[9,-19],[11,-9],[16,12],[-13,17],[19,1],[4,-13],[19,-6],[12,14],[-6,-20],[18,-1],[20,10],[17,-22],[-14,-2],[-5,-23],[-22,-17],[8,-10],[15,-1],[13,-9],[7,3],[32,-7],[27,-15],[14,-17],[-10,-34],[-27,-15],[-1,-27],[-12,-19],[-8,-32],[-9,-4],[-5,-16],[17,-8],[24,-3],[15,-14],[-37,-41],[-22,-15],[12,-16],[-5,-19],[20,5],[19,-4],[7,-13],[11,2],[12,-11],[-21,-8],[6,-16],[-4,-21]],[[3469,9324],[-7,0],[-11,-28],[-9,0],[-19,13],[-16,-3],[6,-7],[-29,-3],[-8,12],[-6,-28],[-16,-12],[-8,-26],[17,-21],[-20,-18],[-11,10],[-11,-10],[7,-8],[-5,-14],[3,-11],[-8,-7],[14,-3],[-7,-35],[-19,-8],[-7,-25],[8,-15],[-17,6],[7,-28],[-7,-9],[5,-18],[-5,-6],[-29,-16],[-2,-14],[-9,5],[-27,-14],[-7,25],[12,6],[-16,31],[13,3],[-10,24],[-1,31],[-20,1],[-10,-12],[-14,-7],[-7,-14],[-16,5],[-37,28],[-27,-13],[-34,-27],[-29,-14],[-17,13],[-8,-4],[-24,8],[-3,16],[-27,29],[-4,-7],[-23,-9],[-2,-17],[-15,0],[5,-10],[-3,-41],[-14,-9],[5,-6],[-7,-62],[16,-18],[0,-11],[-11,-19],[-9,-1],[0,-13],[-38,-4],[2,-55],[-11,4],[-45,-7],[5,-12],[12,5],[-1,-27],[-11,-10],[-16,12],[-17,-24],[-13,-9],[-4,7],[-8,-14],[-31,-21],[-32,-3],[0,-16],[-7,-5]],[[2664,8710],[1,26],[7,10],[1,22],[-9,5],[-14,-3],[-6,59],[-16,7],[-8,26],[-13,5],[-3,48],[-13,-3],[0,12],[-9,8],[16,17],[5,14]],[[2603,8963],[9,-3],[13,10],[6,-4],[14,12],[12,-1],[30,11],[15,-1],[34,26],[-2,46],[-10,25],[1,9],[-16,10],[-24,8],[10,23],[4,24],[-12,25],[-7,-1],[-1,18],[29,0],[20,14],[-4,18],[-13,17],[0,11],[-16,18],[15,28],[2,11],[-20,31],[7,4],[-9,24],[-8,2],[-1,13],[-10,-2],[-7,12],[-14,-5],[-16,5],[-14,23],[-10,29],[9,17],[-3,10],[-32,35],[-14,26]],[[2570,9541],[-1,0],[1,0],[48,-1],[8,2],[11,0],[16,9],[40,13],[31,11],[30,3],[17,10],[12,3],[26,17],[13,7],[6,5],[1,1],[2,2],[39,35],[51,55],[34,17],[95,48],[63,38],[70,20],[3,0],[2,1],[12,3],[11,7],[3,1],[42,7],[58,4],[20,4],[11,1],[8,3],[7,1]],[[2915,9290],[13,7],[6,13],[-21,10],[30,15],[15,-3],[4,8],[12,0],[-2,31],[-21,1],[0,27],[-30,10],[-7,6],[-27,-5],[-1,10],[-10,-4],[-5,-21],[-22,16],[-1,-14],[-26,-46],[53,-13],[19,-9],[-4,-24],[11,-12],[14,-3]],[[2310,7639],[-3,2],[18,48]],[[2325,7689],[28,-20],[8,-11],[42,13],[48,1],[4,9],[31,-1],[7,4],[24,-2],[49,58],[15,-4],[20,23],[-13,8],[2,20],[8,16],[1,21],[14,2],[4,12],[-7,14],[5,21],[16,37],[-2,11],[17,6],[39,6],[-1,16],[13,5],[15,-29],[14,10],[-2,11],[13,20],[3,-4],[23,14]],[[2763,7976],[8,-28],[-7,-19],[9,-3],[-6,-10],[14,-14],[4,-19],[11,-8],[8,-21],[7,-1],[-2,-21],[11,-26],[4,-26],[3,10],[13,2],[12,14],[19,-8],[6,-30],[-14,-5],[8,-11],[-2,-12],[15,3],[24,-6],[27,11],[8,16],[17,18],[11,-1],[16,-10],[15,0],[17,-12],[34,9],[14,-4],[11,7],[36,-9],[24,11],[13,-6],[15,-16],[6,7],[8,-8],[-5,-20],[19,1],[2,-18],[24,-16],[13,7],[23,-1],[4,-10]],[[2968,5453],[-3,-42],[18,-14],[1,-19],[12,-12],[17,0],[1,-27],[-6,-30],[13,-1],[11,7],[21,-7],[18,11],[18,-1],[6,8],[10,-7],[9,5],[17,-15],[10,5],[12,-11],[35,6],[5,-10],[-4,-19],[-27,-11],[-17,-16],[2,-19],[-5,-14],[1,-19],[16,-12],[13,10],[10,-1],[-4,-30],[18,-12]],[[3196,5156],[-3,-40],[-12,4],[-36,-6],[-39,4],[-33,-8],[-15,-28]],[[3058,5082],[-11,-10],[-13,11],[-3,-10],[-25,-23],[-10,-4],[5,-22],[-10,-15],[-15,9],[-14,-4],[-8,6],[-32,7],[-13,9],[-9,18],[15,15],[-2,20],[-38,15]],[[7608,1656],[-19,2],[-7,-8],[-12,2],[-19,-7],[6,-17],[-3,-18],[-16,-10],[-5,-19],[-32,-5],[-14,4],[-7,-8],[-21,3],[-12,-11],[-17,-3],[-12,-11],[-2,-13],[-14,-21],[-18,10]],[[7384,1526],[-18,40],[-5,47],[-19,13],[-15,28],[-3,46],[19,26],[18,-4],[22,9],[-17,15],[9,2],[13,19],[-2,9],[-15,-3],[-14,23],[4,45],[20,0],[8,7],[11,-3],[1,32],[5,22],[20,3],[-3,9],[5,21],[-23,3],[9,13],[-35,35],[-8,3]],[[7371,1986],[1,5],[24,4],[16,-4],[0,10],[57,13],[-5,8],[4,19],[-6,4],[1,23]],[[7463,2068],[10,-13],[18,-1],[11,-14],[-22,-21],[25,2],[24,-5],[28,-1],[15,-10],[4,-9],[15,0],[10,-16],[11,14],[20,12],[24,-6],[10,-19],[-3,-12]],[[7663,1969],[0,-20],[-7,-13],[-3,-19],[-11,-17],[5,-22],[8,-5],[17,3],[8,-28],[-22,-15],[-3,-20],[8,-27],[-1,-9],[17,-9],[-7,-18],[-4,-26],[-18,-23],[-7,4],[-9,-14],[2,-16],[-28,-19]],[[8985,5631],[-24,-38],[6,-7],[-8,-13],[-7,5],[-17,-37],[-12,2],[-35,-34],[0,-26],[12,-34],[19,-7],[9,-12],[-37,14],[-5,-8],[-34,2],[-18,-5],[9,-23],[-44,-24],[-9,-14],[13,-17],[22,-19],[-18,-23],[-22,16],[-5,-8],[-20,6],[-15,-31],[6,-1],[2,-17],[12,-8],[-6,-23],[-34,4],[-2,11],[-16,-12],[-12,25],[-31,-1],[-18,-19],[-23,22],[-5,18],[-7,6],[-23,2],[-32,21],[1,15],[-31,-21],[-20,-24]],[[8506,5294],[-37,45],[-12,7],[2,17],[-11,10],[-13,0],[-15,16],[5,11],[9,-1],[10,21],[-7,8],[11,20],[19,-4],[20,-11],[3,18],[-4,28],[17,0],[2,34],[-13,4],[2,30],[42,6],[3,-8],[19,5],[-1,12],[-24,-4],[0,11],[-9,36],[16,10],[2,-12],[21,13],[18,2],[3,10],[-4,18],[8,9],[-7,9],[-16,2],[-34,20],[2,9],[17,3],[19,-6],[12,11],[14,1],[3,27],[-9,13],[-2,15],[-14,3],[5,14]],[[8578,5776],[5,-10],[8,4],[6,22],[13,4],[11,-6],[7,-16],[23,5],[22,-12],[12,-2],[24,-12],[10,10],[7,-4],[23,4],[28,17],[37,-11],[14,-17],[6,-20],[13,-4],[-4,-9],[10,-12],[10,7],[10,-7],[22,-5],[10,-13],[10,-38],[-10,-16],[15,-14],[14,1],[11,14],[21,16],[11,-6],[8,-15]],[[5549,6788],[12,2],[1,17],[19,-15],[17,4],[35,-14],[20,-30],[22,-17],[12,-3],[-6,-16],[33,-8],[13,-19],[22,1],[2,6],[45,-14],[24,-18],[6,-10],[-5,-25],[-1,-24],[12,-19],[-9,-25],[11,-8],[21,4]],[[5855,6557],[9,-4],[-4,-14],[2,-17],[-25,7],[-4,-23],[-7,-10],[10,-18],[-9,-2]],[[5827,6476],[-9,-11],[-4,-19],[-18,-1],[-7,5],[-20,-8],[-10,-25],[-22,3],[-10,-14],[-3,-14],[-7,3],[-8,-10],[-29,13],[0,-6],[-21,-11],[6,-4],[-9,-11],[-1,-14],[-13,-5],[-21,-23],[-12,5],[-8,17],[-11,-21],[-14,3],[-14,-7],[-5,-11],[-36,-8],[-17,-1],[-20,17],[1,6],[-18,-4],[0,-6],[-26,2],[0,14],[-25,-4],[-15,2],[-18,-4],[0,15],[7,5]],[[5309,6747],[1,15],[12,-10],[27,4],[2,-7],[42,-6],[12,20],[34,14],[11,11],[-27,28],[-4,19],[13,-8],[21,-4],[23,-11],[12,1],[12,-13],[13,0],[6,-15],[16,-9],[10,1],[4,11]],[[5260,6017],[15,-4],[2,9],[22,13],[14,-4],[51,8],[18,-10],[-4,-15],[19,-7],[26,3],[10,-4],[-35,-18],[3,-11],[17,-4],[6,-7],[-7,-28],[11,-15],[-13,-8],[13,-24],[1,-27],[-8,-26],[5,-5],[24,-1],[18,-6],[14,8],[15,-1],[-6,11],[6,7],[18,-8],[13,1],[4,-16],[-6,-24],[11,1],[-1,-10],[24,1],[-13,-7],[6,-42],[31,-2],[5,-12],[-1,-18],[26,15],[4,11],[24,-4],[4,10],[14,-2],[15,12],[10,16],[-9,17],[0,19],[40,-16],[-6,-20],[10,4],[28,-12],[19,3],[3,-10],[-11,0],[7,-16],[15,0],[-5,-14],[13,1],[16,-6],[-8,-24],[24,0],[13,14],[12,3]],[[5799,5652],[-21,-2],[-13,9],[1,8],[-17,2],[-24,-32],[16,-6],[-30,-27],[-18,5],[-13,15],[-11,-8],[-16,1],[3,-10],[-27,-20],[-6,2],[-23,-8]],[[5600,5581],[-7,17],[-30,18],[-15,-28],[6,-5],[-29,-9],[-26,3],[-11,13],[10,18],[-3,6],[-17,-3],[-2,23],[-33,1],[-30,7],[-13,14],[-16,3],[-7,12],[-21,16],[10,22],[-38,16],[-16,15],[-8,-20],[-13,-4],[-19,3],[-2,10],[-25,-2],[-4,-5],[-19,2],[-10,9],[-25,2],[6,21],[-13,19],[-18,-5],[-5,15],[17,7],[-7,17],[-13,2]],[[5154,5811],[1,9],[-10,13],[13,10],[5,11],[-11,26],[-25,5],[-3,11],[9,11],[16,2],[15,-8],[20,6],[14,31],[6,22],[19,3],[-4,15],[9,23],[32,16]],[[6548,5061],[-4,-23],[-19,-2],[-11,9],[-11,-5],[2,-18],[29,-2],[-1,-10],[-14,0]],[[6519,5010],[-25,13],[2,25],[-10,1],[-16,36],[-13,-7],[2,23],[13,-4],[1,42],[-3,16],[5,26],[-10,20],[9,-8],[12,14],[-4,17],[-8,-3],[-14,9],[-13,-6],[-30,-4],[-33,6],[-12,-23],[-16,-9],[-18,5],[-14,11],[13,25],[-12,28],[-19,19],[8,8],[-13,11],[15,5],[-14,17],[-13,1],[6,11],[-3,14],[-9,-3],[-10,32]],[[6492,5421],[39,-11],[-15,-14],[15,-7],[12,-18],[-3,-12],[24,13],[1,-6],[20,-9],[1,6],[24,-8],[-3,-14],[32,-6],[5,-17],[-3,-13]],[[6641,5305],[-26,-5],[-12,30],[-27,3],[-13,20],[0,-18],[-11,-31],[21,-8],[4,3],[19,-19],[-5,-26],[4,-9],[-10,-26],[17,-13],[22,-37],[9,-30]],[[6633,5139],[-29,-28],[-24,1],[-21,-6],[-5,-24],[4,-14],[-10,-7]],[[6641,5305],[14,-8],[-9,-6],[-5,14]],[[8491,5085],[-12,8],[-6,-6],[-23,4],[-16,-8],[-7,-12],[1,-13],[-10,-11],[4,-10],[-14,-12],[17,-9],[0,-28],[4,-38],[9,-17],[-13,-1],[-6,18],[-34,-16],[-12,-13],[-24,22],[-9,-52],[-14,-17],[-12,-6],[-33,38],[-27,-19],[-9,21],[-18,-11],[5,10],[-5,14],[-10,-23],[11,-9],[-13,-21],[12,-2],[11,-12],[-13,-4],[-4,-17],[-10,-15],[13,-12],[29,-8],[6,-18],[0,-19],[15,-17],[9,-25],[12,-16],[-8,-18],[-6,1],[-12,-29],[-10,0],[-2,-10]],[[8257,4647],[1,-9],[-27,-69],[-5,-18],[-25,2],[-2,-29],[-3,14],[-13,1],[-3,15],[3,25],[-8,-6],[-13,3],[-7,-35],[-5,4],[-2,-28],[-28,5],[0,11],[-32,11],[-4,-9],[-32,20]],[[8052,4555],[-11,-4],[-25,18],[9,17],[-4,12],[-24,17],[1,18],[-24,20],[4,5],[-27,6],[-18,8],[-8,-34],[-5,0],[-15,37],[17,-2],[0,16],[-13,1],[0,10],[11,10],[-2,17],[6,34],[12,4],[-2,13],[-42,-18],[-33,5],[-20,7],[-23,13]],[[7816,4785],[-6,26],[-5,-1],[-3,30],[-22,23],[-26,-12],[-23,5],[0,-10],[-11,2],[-3,15],[-12,3],[0,14],[45,13],[-5,5],[15,27],[-3,13],[15,5],[-10,18],[6,11],[-23,15],[5,28],[-12,8],[-12,18],[3,17],[7,2],[4,28],[9,4]],[[7749,5092],[13,12],[8,-4],[27,24],[16,2],[15,-7],[18,19],[11,21],[9,-6],[20,12],[3,10],[21,-2],[13,-18],[21,-9],[24,-4],[22,3],[15,18],[6,24],[60,-25],[30,-7],[11,-9],[28,20],[13,19],[3,17],[25,-1],[2,-24],[-8,-18],[18,-24],[10,-3],[27,18],[7,14],[24,-2],[24,2],[15,13],[2,12],[11,-2],[8,16],[7,28],[13,22],[23,5],[16,-11],[-2,-11],[8,-11],[20,0],[0,-11],[28,-11],[32,-2],[1,-16],[14,-15]],[[8481,5170],[-6,-13],[9,-20],[7,-1],[3,-21],[-7,-7],[4,-23]],[[9339,3617],[-23,7],[-5,-4],[-16,15],[-2,16],[-13,7],[-4,22],[6,0],[-2,16],[19,-8],[8,2],[0,18],[12,1],[12,-11],[25,-15],[8,2],[13,-14],[25,-6],[13,-8],[-2,-10],[-23,-4],[-4,-31],[-16,12],[-1,-6],[-22,-13],[-1,-5],[-7,17]],[[6072,1907],[-13,-12],[-7,-45],[10,-13],[-6,-7],[13,-10],[11,-19]],[[6080,1801],[-16,-17],[-10,8],[-25,-8],[-24,4],[-13,-10],[-22,4],[-15,-8],[-5,12],[-5,-18],[-17,-17],[5,-10],[-4,-18],[-18,-7],[0,-8],[-30,9],[-15,-11],[11,-8],[5,-13],[-12,-19],[-26,-4],[1,15],[-17,-6],[-1,-15]],[[5827,1656],[-7,-1],[-31,22],[-37,-1],[-9,-16],[-17,9],[0,14],[-14,1],[1,16],[-30,4],[-10,-8],[-13,4],[-4,30],[13,24],[13,-10],[9,6],[-1,15],[-8,0],[-8,14],[10,28],[-16,9],[-3,12],[7,16],[10,4],[25,20],[18,0],[6,11],[-6,12],[15,11],[8,17],[14,6],[10,-13],[6,-30],[13,7],[-3,16],[23,9],[10,-19],[5,3],[24,-9],[10,4],[31,-5],[9,15],[15,-4],[6,7],[30,-6],[8,14],[24,-5],[1,-14],[22,-3],[1,8],[15,18],[22,-9],[20,7]],[[6064,1916],[8,-9]],[[5704,5056],[-41,-6],[-13,-8],[-21,2],[-14,-15],[-27,17],[-10,-7],[-8,4],[0,-24],[4,-7],[-9,-8],[-12,-21],[-13,-31],[28,4],[2,-25],[7,-2],[-41,-28],[-12,-14]],[[5524,4887],[-38,7],[-10,12],[-2,-30],[-19,-4],[-5,-15],[-18,3]],[[5202,4768],[-13,-11],[-14,3],[-13,-14],[-12,8],[-2,-8],[-9,16],[-16,9],[-18,18],[-21,3],[-18,-6],[-1,16],[-38,15],[-11,17],[-12,4]],[[5004,4838],[1,18],[15,19],[-5,5],[6,36],[27,13],[8,36],[-3,32],[-14,-16],[-12,7],[-17,-12],[-9,9],[0,30],[10,46],[6,16],[-13,19],[-11,4],[3,19],[-10,2],[8,18]],[[4994,5139],[-7,18],[28,1],[22,-4],[11,11],[37,-3],[3,18],[37,3],[-2,8],[18,8],[14,1],[4,-22],[20,-11],[1,5],[21,1],[9,9],[-4,11],[31,-11],[-10,-5],[8,-22],[18,-8],[21,1],[16,-6],[5,20],[7,-10],[16,-3],[-2,-13],[14,-3],[22,10],[-2,19],[11,6],[8,-20],[9,9],[10,-15],[17,23],[2,18],[15,-8],[4,22]],[[5426,5197],[15,-4],[15,8],[-1,-12],[30,-2],[10,-4],[3,-12],[18,12],[27,5],[14,-9],[16,-2],[29,9],[-5,-13],[-14,-12],[12,-29],[36,-15],[19,-2],[18,-21],[27,4],[9,-42]],[[8306,1920],[-5,-21],[-21,-2],[-5,-9],[0,-21],[-34,-3],[-5,4],[7,-28],[-10,-38],[-23,-4],[-4,-12],[-6,13],[9,-76],[-10,-10],[-31,-12],[-6,-32],[14,-7],[-9,-26],[11,-19],[-16,-2],[-11,6],[4,-25],[-20,-5],[1,-8],[-29,12],[-14,-3]],[[8093,1592],[-23,12],[13,8],[1,35],[-3,12],[-12,1],[-9,14],[-12,32],[-26,13],[-14,-4],[-15,26],[-5,37],[-6,6],[24,29],[5,25],[16,14],[0,22],[8,8],[-4,8],[-22,14],[-13,-9],[-9,11],[-2,27],[-10,17],[-11,-3],[-3,19],[9,6],[-14,6],[3,19],[-4,10],[26,2],[8,17],[30,-5],[17,-13],[8,7],[-6,12],[9,20],[-2,16],[13,14],[-5,18],[-9,6],[13,9],[27,3],[8,19]],[[8092,2132],[18,-27],[17,-6],[3,-15],[13,-24],[15,2],[15,-14],[8,-16],[32,-19],[32,-34],[-9,-8],[32,-46],[6,9],[32,-14]],[[4226,4342],[2,-8],[19,-23],[3,-70],[-25,-18],[-2,-17],[-15,-27],[0,-19],[-15,-17]],[[4193,4143],[-30,16],[-38,15],[-30,24],[-15,4],[3,-12],[-27,-11],[18,-14],[5,-17],[-6,-11],[2,-23],[-14,-18],[0,-8],[-44,6],[-12,-23],[-2,-30],[-9,-5],[-28,7]],[[3966,4043],[-15,38],[-20,-10],[-7,10],[5,9],[-14,7],[-24,-31],[-17,-13],[-2,-25],[-10,-12],[-14,16],[-11,-10],[-9,-18],[-20,12],[-10,27],[-8,7],[-16,-28],[-19,-4],[-13,11],[3,-19],[-7,-8],[-12,1],[-23,-13],[12,-9],[0,-12],[-12,7],[-11,-15],[11,-19],[-10,-15],[-21,-2],[1,18],[-31,3],[-13,8]],[[3629,3954],[2,18],[-19,14],[0,31],[-15,10],[-6,12],[-12,-1],[-6,14],[11,7],[5,26],[10,0],[-1,16],[7,7],[16,-2],[-3,22]],[[3618,4128],[0,28],[16,30],[35,17],[-16,18],[-31,-4],[-11,14],[-1,11],[23,29],[12,-14],[7,16],[47,-29],[8,1],[-13,29],[8,11],[13,-12],[3,-16],[23,36],[4,21],[13,10],[10,21],[33,17],[6,25],[9,12],[34,-11],[10,29],[12,-2],[-7,-16],[24,2],[-8,-21],[10,-3],[23,16],[4,-13],[10,-1],[8,-18],[13,2],[-2,-13],[16,6],[19,0],[17,-18],[6,-17],[13,23],[25,4],[2,10]],[[4045,4358],[27,-22],[25,5],[29,19],[15,-4],[19,5],[26,-2],[6,-8],[13,0],[21,-9]],[[7025,4034],[-10,-3],[-24,5],[-28,-8],[-9,-6],[-21,7],[4,13],[-17,2],[10,11],[-16,2],[10,15],[4,16],[-9,18],[47,16],[11,22],[11,-4],[-1,32],[-9,-4],[2,29],[25,14],[18,32],[15,3],[19,-16],[0,-8],[36,-33],[10,1],[15,-10],[-7,-14],[-31,-16],[-1,-11],[-9,0],[-8,-26],[13,-6],[-1,-7],[18,-3],[1,-12],[-16,-6],[4,-18],[-9,-20],[-17,-20],[-30,13]],[[6519,5010],[10,-16],[-10,-7],[3,-16],[-17,-2],[3,-16],[-3,-15],[2,-32],[-2,-23],[-19,-12],[-19,9]],[[6467,4880],[-15,0],[1,19],[-8,17],[-17,10],[5,20],[-8,-1],[-44,8]],[[6381,4953],[-9,4],[-12,-8],[-19,17],[12,18],[-5,18],[-8,-1],[-3,19],[-18,3],[-18,18],[-6,-10],[-9,6],[-10,-18],[-17,0],[-8,19],[-18,-6],[13,-2],[-11,-23],[-13,8],[-6,-15],[-30,4],[-5,-16],[-11,2],[4,8],[-2,28],[-18,9],[-23,-8],[-3,-7],[-23,6],[-2,28],[53,28],[-22,7],[1,19],[-17,22],[7,9],[-12,10],[-7,-13],[-18,10],[-27,36],[8,4],[47,47],[-6,10],[-2,24],[24,3],[-1,40],[-11,10],[-6,19]],[[2601,6108],[-22,-4],[-8,16],[-27,-10],[3,30],[-7,14],[-9,4],[-13,19],[-6,37],[-9,2],[-9,15],[10,12],[-10,6],[-12,22],[-10,7],[3,12],[24,14],[20,-8],[-1,13],[-10,15],[-18,13],[-17,6],[-21,16],[-6,21],[8,31]],[[2454,6411],[47,14],[19,-4],[16,5],[39,-3],[0,-21],[-6,-15],[10,-5],[23,6],[7,-5],[3,18],[21,24],[-30,-3],[-2,-15],[-13,-4],[-3,15],[6,17],[16,9],[12,-3],[18,10],[7,14],[27,17],[-2,19],[-17,11],[-6,-2],[-4,24],[-24,-1],[3,12],[12,2],[-21,5],[-16,16],[4,30],[-25,-1],[-1,18],[5,8],[12,-3],[12,5],[6,13],[2,-14],[20,-2],[15,16],[5,23]],[[2651,6661],[9,-11],[-1,-23],[12,10],[-4,-17],[12,-19],[15,14],[7,-6],[26,-9],[10,-14],[8,4],[10,-12],[2,-16],[14,1],[9,-10],[17,-7],[6,-10],[9,2],[31,26],[12,-6],[22,0]],[[8098,5391],[-5,4],[-2,26],[-7,9],[-3,44],[18,-16],[4,-11],[20,26],[25,-18],[19,-3],[-2,-13],[22,-5],[3,-21],[-27,-23],[-4,-13],[-17,13],[-17,-3],[-2,-18],[-22,-12],[-3,34]],[[2413,4820],[6,6],[-8,10],[-2,15],[-11,5],[19,10],[-8,12],[-2,23],[12,-10],[8,13],[-6,7],[21,10],[27,-10],[12,7],[14,-11],[-2,-17],[-8,-2],[-4,-40],[-8,-24],[-17,-5],[-7,5],[-29,-17],[-7,13]],[[4551,5872],[-8,-18],[6,-11],[-2,-19],[31,1],[6,-19],[7,-2],[8,-26],[7,0],[2,-15],[13,-6],[-4,-26],[5,-24],[4,8],[19,-4],[8,13],[27,18],[5,-9],[16,-7],[20,9],[15,20],[42,11],[-1,20],[19,0],[-9,32],[3,5],[16,-14],[13,-22],[22,-6],[5,-18],[-14,-6],[3,-10],[13,2],[26,-12],[-3,-17],[19,-6],[4,-7],[18,1]],[[4912,5708],[-2,-24],[-8,-6],[2,-27],[7,-6],[-14,-45],[23,7],[40,-5],[6,-8],[2,-40],[-22,-7],[-1,-14],[-9,-4],[12,-9],[7,-28],[-12,-11]],[[4943,5481],[-25,21],[-32,5],[-21,-7],[-7,5],[-12,-11],[-17,-2],[-12,-19],[-8,7],[-19,-6],[-6,-17],[-2,-40],[-7,-13],[2,-39],[20,-16],[11,8],[7,-14],[-5,-28],[-14,2],[-5,-43],[-21,1],[-4,7],[-14,-5],[-16,10],[-18,-3],[-10,-9],[-2,-14],[-12,-13]],[[4694,5248],[-9,10],[-32,-16],[-23,12],[-11,15],[-29,-20],[-6,2]],[[4584,5251],[-4,19],[-21,21],[-3,9],[-1,39],[-3,18],[-21,14],[-10,-15],[-24,-11],[-16,0],[-14,12],[-18,-4],[-23,13],[-33,6],[-15,16],[-24,9],[-22,34]],[[4332,5431],[-8,5],[2,52],[21,4],[4,19],[24,23],[19,13],[9,24],[-24,22],[-4,-7],[-18,8],[-11,12],[10,7],[5,15],[-9,19],[42,-4],[2,26],[18,-2],[22,8],[3,-9],[19,0],[-1,11],[11,34],[20,3],[7,10],[-19,10],[7,18],[-1,14],[-18,9],[5,9],[8,34],[-15,0],[0,37],[18,2],[9,10],[9,-13],[26,10]],[[7888,7107],[0,9],[-13,-4],[-5,31],[4,16],[21,19],[2,19],[22,-4],[-6,17],[-11,2],[-10,12],[4,9],[12,-16],[12,3],[22,-19],[5,-15],[8,-5],[-10,-17],[16,-11],[4,-21],[-22,-34],[-28,-1],[-27,10]],[[2861,4366],[-12,-9],[-16,0],[-6,13],[-29,0],[-11,9],[-15,29],[-14,12],[-19,-4],[-15,3],[-21,-8],[-4,-6]],[[2699,4405],[-17,25],[-18,6],[2,16],[7,2],[-18,17],[-12,5],[-6,24],[12,8],[5,15],[-14,6],[-41,-3],[-1,8],[-46,-1],[4,15],[-21,1],[-21,7],[-4,10],[3,29],[16,10],[6,17],[12,-12],[6,22]],[[2553,4632],[12,9],[7,18],[13,-1],[15,23]],[[2600,4681],[12,13],[35,-3],[17,11],[22,-3],[46,-21],[-3,-30],[23,-10],[5,-24],[45,2],[6,30],[22,-1],[24,-12],[11,-19],[42,7],[-4,10],[4,17],[42,10],[9,-10],[16,-7],[-2,-13],[8,5],[8,-11],[10,5]],[[2998,4627],[14,-2],[-4,-13],[16,-1],[23,-14],[14,-13],[19,9],[22,-18],[8,-29],[0,-22],[17,2]],[[3692,5289],[-6,1],[-30,21],[-4,11],[-13,3],[-4,16],[12,19],[1,22],[5,16],[13,7],[25,-7],[0,20],[11,37],[-2,12],[-32,-2],[-29,11],[-7,15],[-14,13],[-9,19],[24,10],[12,-1],[-6,17],[11,13],[-16,18],[-24,9],[-10,9],[-15,4],[-14,12],[-10,31],[-9,6],[4,12],[7,-9],[13,8],[22,2],[-1,6],[15,7],[-4,11],[-23,12],[6,14],[-17,7],[-9,14],[-2,24],[6,22]],[[3569,5781],[39,2],[13,-7],[13,1],[10,-8],[18,18],[8,-4],[41,11],[10,9],[-1,30],[8,13],[-4,11],[8,13],[16,5],[31,27],[0,17],[9,7],[3,19],[-10,8],[-1,20],[-6,23],[4,26],[22,13],[10,0],[18,23],[8,-6],[1,13],[18,21]],[[3855,6086],[0,-17],[11,-3],[4,23],[21,0],[36,-21],[5,16],[31,2],[11,-25],[-15,-12],[-1,-19],[16,-12],[18,5],[2,-17],[6,-1]],[[4000,6005],[-1,-8],[-57,-45],[-19,-21],[-19,-10],[-10,-11],[8,-12],[15,-10],[8,-17],[16,-15],[-6,-17],[1,-13],[16,-1],[0,-20],[5,-7],[-8,-25],[4,-4],[-33,-63],[-14,4],[-2,-7],[-14,4],[1,-15],[9,-15],[10,2],[-3,-22],[12,1],[16,-17],[-24,-8],[-10,-9],[7,-19],[-17,-33],[4,-17],[-18,-12],[7,-14],[7,-41],[5,-13],[-5,-6],[8,-18],[-6,-16],[-8,5],[-13,-32],[-20,-19],[21,-8],[23,-26],[1,-19],[-22,-2],[-36,-14],[-1,-15],[-11,-11],[-24,0]],[[3803,5294],[-49,-15],[-18,1],[-15,-16],[-20,8],[-9,17]],[[3669,8871],[34,1],[10,14],[18,7],[14,0],[20,-9],[11,-20],[27,8],[19,18],[38,15],[8,-14],[-5,-22],[45,1],[21,6],[14,-10],[-9,15],[28,34],[6,-7],[14,3],[24,-14],[-3,-9],[15,-2],[15,21],[19,-8],[26,-4],[12,-7]],[[4090,8888],[7,-10],[2,-20],[-7,-9],[17,3],[28,-16],[12,-14],[27,-2],[18,-13]],[[3974,8438],[-7,10],[-63,-48],[-14,-2],[-8,7],[7,8],[-9,7],[-17,-25],[-18,-5],[-6,-32],[-18,-1],[-11,-20],[-10,2],[-15,-11],[19,-20],[-1,-12],[-21,-13],[-49,2],[-12,16],[9,0],[16,16],[1,8],[-15,6],[-4,12],[5,16],[10,3],[-22,21],[-21,10],[-12,18],[-8,-4],[-15,18],[8,10],[7,33],[0,28],[-20,-10],[-22,12],[-11,-6],[-8,5],[-9,20],[2,9],[-14,25],[-5,17],[-12,-5],[-31,-4],[-2,22],[-16,0],[-16,29]],[[3516,8610],[4,3],[12,33],[6,35],[-7,22],[1,29],[9,13],[12,-3],[-5,-21],[18,-15],[0,10],[10,11],[17,-1],[13,16],[-15,16],[-1,27],[6,25],[6,1],[6,22],[30,-10],[5,-19],[17,56],[9,11]],[[5981,3397],[-26,-35],[14,-5],[18,-21],[8,-16],[21,-16],[10,10],[12,-11],[30,-16],[21,-34],[1,-12],[-28,-43],[26,-8],[17,8],[7,-6]],[[6112,3192],[-13,2],[-10,-6],[15,-25],[-25,-31],[6,-6],[-9,-12],[-18,10],[-16,23],[-24,6],[-4,-7],[-9,9],[-8,-15],[-15,-12],[2,-10],[-6,-25],[-11,-12],[0,-20],[-9,-27],[-15,-1],[2,-19],[-12,-4],[-9,-24],[-9,-8],[13,-17],[-2,-13],[14,-11],[19,-3],[5,-16],[-20,-19],[-9,-15],[1,-9],[-19,10],[-8,-6],[11,-24],[-15,4],[-14,-14],[-3,-10],[7,-40],[-34,-16],[-30,16],[-15,-8],[-2,-22],[-13,1],[2,7],[-15,5],[-2,-6],[-19,-1]],[[5767,2771],[5,18],[13,16],[-12,5],[-21,-10],[-3,12],[-10,6],[-18,-2],[-24,11],[8,18],[-9,8],[32,-5],[-6,11],[3,15],[11,6],[-1,17],[-21,-4],[-7,26],[-10,-3],[-25,3],[2,34],[-9,-15],[-23,8],[-23,-10],[-42,23]],[[5577,2959],[6,7],[-15,33],[7,3],[-5,13],[16,-4],[4,20],[8,-3],[7,-25],[24,29],[4,9],[26,11],[-20,26],[10,15],[-7,3],[10,18],[9,-14],[17,-16],[6,9],[-2,23],[14,-2],[-7,9],[-6,23],[-48,35],[-24,12]],[[5611,3193],[27,21],[2,12],[10,4],[2,20],[8,16],[13,-2],[20,14],[12,14],[7,21],[-7,22],[-8,2],[-6,23],[20,52],[16,19],[-2,24],[6,4],[-4,16],[9,12],[4,19],[10,-1],[11,-34],[22,-6],[17,0],[-1,-23],[12,4],[11,-19],[-3,-17],[62,-52],[10,19],[8,-1],[3,30]],[[5902,3406],[19,-16],[21,11],[11,-11],[28,7]],[[1577,7704],[6,4],[8,-13],[-17,-25],[-49,-40],[4,-11],[-12,-20],[-18,-5],[1,-5],[-27,-2],[-6,-7],[10,-4],[-4,-34],[-6,-9],[3,-30],[8,-6],[-12,-5],[-6,-14],[4,-30],[-7,-8]],[[1457,7440],[-13,1],[-25,-19],[-11,4],[-18,-7],[6,-10],[-20,-12],[-18,-4],[-14,-21],[8,-27],[-1,-12],[-9,-9],[22,-8],[-4,-9],[-17,-9],[8,-19],[16,8],[6,-17],[-8,-11],[-33,-7],[-43,23],[-25,2],[-20,6],[-19,-5],[-17,9],[-46,-6],[-6,4],[-22,-40],[-7,-19],[19,-32],[34,3],[12,12],[35,-20],[-10,-9],[13,-28],[10,-1],[1,-15],[-36,-6],[4,-25],[-13,-29],[-8,8],[-42,-38],[3,-15],[-8,-17],[-20,4],[-13,-11],[-14,7],[-15,-22]],[[1079,6992],[-7,6]],[[1072,6998],[-7,7],[12,22],[-5,11],[7,8],[-13,5],[2,10],[18,26],[-19,14],[-33,15],[-10,14],[22,1],[9,26],[-27,-5],[-21,2],[-28,-5],[-1,10],[-11,0],[-1,10],[-11,-4],[-32,18],[-5,-6],[-7,27],[14,-9],[13,15],[6,17],[-1,22],[-10,29],[-18,19],[-21,-4],[4,19],[-14,-14],[-6,5],[9,21],[-17,9],[-18,-38],[-32,-4],[5,-10],[-13,-7],[-3,14],[-73,-14]],[[675,7410],[4,15],[-11,9],[-7,20],[-18,-10],[-12,32],[-19,8],[-4,10],[25,14],[5,-11],[12,1],[-7,15],[22,15],[-12,14]],[[653,7542],[-1,39],[49,6],[29,10],[38,8],[-14,6],[-4,16],[10,2],[0,16],[12,-24],[18,-9],[25,19],[20,6],[46,3],[7,-9],[21,9],[26,18],[8,-19],[23,10],[29,26],[7,-19],[22,-1],[25,16],[-3,15],[6,5],[39,2],[9,16],[-16,17],[10,9],[16,27]],[[1110,7762],[14,11],[24,-24],[15,0],[-3,-33],[19,3],[19,15],[12,29],[8,-1],[22,11],[27,19],[5,-17],[-5,-12],[12,-24],[21,5],[9,-19],[-13,0],[5,-12],[19,-3],[10,-25],[11,-16],[47,-10],[16,16],[21,14],[4,14],[7,-5],[16,4],[6,16],[21,2],[18,-9],[2,-13],[-8,-5],[10,-16],[21,-1],[8,7],[21,-5],[10,4],[9,21],[7,1]],[[2776,3782],[4,-11],[13,-11],[26,11],[9,11],[15,-9],[18,-2],[10,-9],[-1,-27],[23,7],[3,-17],[17,-4],[22,-15],[12,-1],[3,18],[20,1]],[[2701,3615],[11,10],[-8,11],[-16,4],[3,20],[-13,1],[6,20],[12,2],[6,10],[-10,25],[6,20],[8,1],[20,-12],[20,6],[6,12],[19,-6],[1,8],[-14,3],[-5,22],[23,10]],[[8005,8877],[11,-5],[-20,-67],[-27,-11],[17,-22],[21,-21],[2,-11],[10,-1],[8,-11],[13,-6],[2,-11],[17,-41],[14,-13],[-3,-8],[-17,1],[-6,-20],[-15,2],[-22,-7],[5,-16],[-6,-10],[16,-27]],[[8025,8572],[-15,-3],[-9,-10],[-14,3],[13,-20],[-27,-10],[-6,-34],[-7,-11],[5,-6],[-18,-18],[6,-22],[-5,-4],[24,-15],[-16,-22],[24,-17],[-4,-9],[11,-6],[3,12],[7,-5],[15,6],[1,-17],[-18,-12],[8,-14],[-12,-5],[-20,7],[-38,1],[-14,-16]],[[7919,8325],[-16,-1],[-20,33],[-15,1],[-7,-22],[-16,8],[-21,-17],[-15,-3],[-26,35],[-17,10],[-8,13],[-21,-11],[-5,7],[3,16],[-9,-7],[-3,-21],[-13,-6],[-14,3],[0,7],[-17,3],[-10,8],[-12,-14],[-26,2],[-8,8],[-19,3]],[[7604,8380],[-19,6],[-14,-4],[0,-8],[-12,10],[-17,-6],[-9,-18],[-19,-5],[-13,11],[-26,-7],[-11,-25],[-19,9],[-22,1],[-18,-8],[-18,-20],[-20,23],[-4,10],[-6,-14],[-2,24],[-15,17],[-4,29],[-16,12],[0,13],[-12,15],[-10,-1],[-9,24],[2,7],[27,22]],[[7318,8497],[23,11],[7,20],[26,15],[24,-3],[14,21],[0,32],[-10,2],[8,42],[-8,27],[16,10],[7,18],[-2,12]],[[7423,8704],[11,12],[-8,9],[16,7],[14,22],[12,9],[24,3],[17,-4],[23,-21],[34,-2],[23,-7],[7,7],[10,-8],[10,8],[12,-1],[6,-15],[42,0],[9,15],[13,-1],[22,-11],[21,-5],[6,-6],[12,9],[20,33],[10,4],[4,31],[9,-2],[82,14],[1,20],[-5,7],[2,30]],[[7882,8861],[9,0],[20,11],[12,-15],[24,11],[31,-4],[27,13]],[[6988,8460],[19,36],[25,-3],[9,-33],[16,8],[18,-2],[24,7],[-7,14],[1,27],[21,9],[33,9],[26,24],[18,-25],[19,24],[34,3],[23,-48],[28,15],[23,-28]],[[7604,8380],[-25,-32],[-7,-17],[22,-31],[-6,-17],[5,-17],[-34,-7],[-9,-44],[17,6],[13,-5],[-40,-126],[-32,16],[-6,20],[-13,14],[2,10],[-16,13],[-4,-11],[-12,-2],[-7,-14],[-18,-13],[-7,-13],[-20,18],[-12,-4],[-11,8],[-13,-2],[12,-28],[-4,-7],[-18,-4],[-17,5],[-2,-9],[-20,2],[-4,-23],[8,-1],[-2,-16],[-7,-9],[9,-18],[4,-30],[-8,-22],[19,2],[-5,-37],[-55,11]],[[7281,7946],[-34,2],[-11,10],[-2,-24],[-11,-10],[-7,10],[-7,-9],[-12,10],[-23,-7],[-17,15],[-7,18],[-19,12],[-19,17],[-1,13],[-18,-3],[-2,-28],[-13,26],[-16,9],[-3,13],[14,-3],[1,9],[-15,21],[-17,9],[-10,19],[-8,0],[-13,19],[-30,18],[-6,-2],[-3,15],[4,12],[-11,14],[0,21]],[[6965,8172],[1,9],[-15,30],[32,10],[-13,17],[-5,27],[-21,1],[-20,50],[-12,21],[25,23],[51,100]],[[1706,4576],[11,6],[-3,10],[13,13],[13,0],[-5,22],[9,32],[13,1],[6,13],[10,3],[12,-8],[13,7],[4,13],[24,-2],[9,-5],[-2,17],[18,4],[-11,39],[12,9],[9,-8],[17,7],[-3,9],[-21,0],[-14,16]],[[2141,4561],[27,0],[9,-6],[2,-19],[8,-9],[14,1],[6,-7],[-7,-15],[5,-25],[21,-13]],[[2199,4450],[-13,4],[2,9],[-13,11],[-10,-3],[-33,9],[-7,-3],[-19,6],[-19,27],[-12,-3],[0,-9],[-16,0],[9,-13],[-13,-3],[-5,-10],[-8,10],[-29,-1],[1,-9],[-20,0],[-10,-7],[-7,10],[-16,-1],[-8,-18],[14,-3],[3,-16],[-11,-13],[-3,-16],[12,-19],[-2,-5],[-19,4],[-6,-12],[-36,6],[-14,-7],[-17,-30],[-15,7],[-5,9],[-20,-2],[13,21],[10,5],[16,45],[13,19],[5,18],[-20,12],[-16,-2],[-11,-8],[-14,7],[11,8],[3,11],[-10,23],[-21,5],[7,11],[-12,3],[-3,23],[-12,-4],[0,15],[-25,5],[-14,-6],[-17,7],[-15,-13]],[[1722,4564],[-16,12]],[[1854,7050],[-3,-9],[-66,16],[-1,7],[-32,-9],[-5,4],[-27,-10],[12,-37],[-48,-16],[10,-33],[-30,-10],[17,-24],[-21,-4],[-15,-28],[-10,1],[15,-20],[-9,-27],[-27,-15],[-21,-7],[-26,19],[-13,-1],[-20,-12],[-28,-24],[-18,14],[-27,-6],[-8,14],[-7,-4],[-18,42],[-8,6],[-7,-11],[-16,-8],[-36,-11],[-23,-15],[-21,2],[-24,-11],[-15,-15],[-16,-6],[2,-14],[-10,-6],[-18,-26],[-12,-2],[-35,16],[-29,8]],[[1160,6778],[10,18],[-8,22],[-6,49],[-35,14],[10,1],[0,15],[-8,3],[-4,-14],[-12,26],[-26,14],[-2,14],[8,12],[6,30],[-14,10]],[[1457,7440],[4,-12],[9,0],[-10,-17],[25,-30],[11,4],[11,-5],[-20,-27],[23,-6],[20,4],[27,-6],[-1,6],[17,14],[8,-5],[1,16],[21,8],[9,8],[23,-2],[16,-12],[-8,-18],[1,-18],[13,-22],[9,-6],[10,-25],[1,-12],[9,-11],[9,-26],[21,-23],[7,11],[18,11],[14,-5],[20,4],[5,-14],[-12,-5],[-4,-23],[27,10],[-2,16],[19,4],[11,-3],[45,6],[10,13],[1,21]],[[4598,2278],[7,-20],[-7,-9],[2,-33],[13,0],[-1,-26],[10,-8],[-20,-9]],[[4602,2173],[-11,3],[1,-21],[-4,-11],[-2,-31],[-14,1],[-2,-14],[-19,-1],[0,13],[-18,-4],[-8,14],[-28,-5],[9,7],[2,35],[-32,4],[-12,-10],[-18,5],[-5,-10],[-12,-2],[9,40],[1,29],[19,3],[6,21],[-10,9],[-18,3],[-22,12],[13,5],[-16,20],[20,10],[8,-10],[26,-18],[1,18],[-15,10],[19,18],[-5,18],[7,-4],[8,12],[15,1],[21,9],[8,-2]],[[4524,2350],[6,-3],[-1,-21],[-18,-9],[14,-10],[6,7],[9,-9],[1,-18],[9,3],[29,-18],[19,6]],[[5007,7242],[-8,20],[7,12],[-8,17],[-19,18],[26,18],[-10,50],[1,24],[9,6],[11,-3],[7,8],[-12,11],[-27,3],[4,7],[-19,21],[-20,10],[33,28],[-10,12]],[[4972,7504],[-2,3],[34,67],[-19,12],[20,16],[0,15],[10,-6],[36,-2],[11,19],[27,6]],[[5089,7634],[8,-7],[12,12],[-2,-11],[4,-31],[8,-6],[-4,-15],[-18,-14],[15,-8],[12,-23],[16,-3],[16,-9],[14,16],[-9,8],[11,14],[19,-10],[32,5],[8,7],[14,-3],[8,-13],[5,-26],[18,6],[6,-22],[30,-5],[-20,-28],[30,0],[8,17],[15,4],[-2,-17],[17,1],[23,14],[-1,-18],[10,-19],[-9,-17],[1,-15],[68,2],[8,11],[14,7],[2,-7],[29,11],[31,-12],[18,-2],[-3,-32],[3,-18],[28,-9]],[[5582,7369],[-6,-23],[14,-8],[-9,-5],[12,-19],[-16,8],[-10,-13],[-20,-14],[8,-12],[-2,-30],[11,4],[19,-9],[24,-5],[-2,-7],[10,-16],[-11,-20],[6,-15],[-3,-14],[7,-13],[11,-46]],[[5625,7112],[-29,-13],[-20,-17],[-2,-22],[-18,-3],[-7,6],[-2,-18],[-10,0],[-6,-11],[-15,1],[-6,9]],[[5510,7044],[-5,6],[-23,-1],[-14,-7],[-1,-10],[-10,1],[-5,-29],[2,-15],[-33,13],[-22,14],[-22,20],[-15,-13],[-11,0],[-15,28],[-38,-5],[-33,-11],[-32,1],[-10,23],[-21,6],[-4,9],[17,10],[-21,60],[16,3],[-9,15],[-17,14],[12,18],[-2,14],[12,-9],[1,10],[-11,12],[-13,3],[-11,-10],[-16,2],[-5,-8],[-14,2],[-2,-7],[-17,-9]],[[5118,7194],[-1,6],[-26,26],[-2,15],[-11,-6],[-4,12],[-40,12],[-4,-17],[-23,0]],[[4418,6805],[11,25],[-4,20],[4,6],[-21,10],[-21,3],[-16,-4],[-28,6],[-16,7],[18,4],[10,17],[36,-3],[-7,30],[14,7],[0,11],[13,10],[27,8],[2,-9],[23,7],[21,-10],[25,1],[9,13],[22,-7],[15,-9],[20,-3],[15,-13],[18,-6],[-22,-17],[1,-13],[10,-12],[-7,-12],[5,-19],[-11,-11],[-6,13],[-23,-7],[12,-36],[-26,-7],[-15,29],[-16,-7],[-24,-4],[-11,-16],[-41,2],[-17,-21],[1,17]],[[4131,8053],[-16,4],[-11,11],[-30,-19],[10,-21],[-5,-8],[15,-8],[7,-13],[-18,-15],[-4,-27],[-11,0],[-19,-18],[-1,-11],[-9,0],[-4,-21],[-14,-3],[7,-9],[17,-1],[9,-25],[-5,3],[-10,-18],[24,-41],[30,-2],[2,-11],[-12,-7],[-29,3],[2,-7],[22,-7],[-1,-8],[-20,-5],[-24,3],[-5,-21],[-34,2],[-15,-2],[2,-10],[14,7],[1,-14],[-10,-7],[4,-9],[-9,-4],[2,-54],[-5,-6],[-14,3],[-20,-5],[-6,-20],[-18,-23],[31,-9],[-12,-42],[-10,13],[-6,-29],[-9,-15],[-12,-1]],[[3902,7526],[-9,-6],[-28,2],[-12,-3],[-12,-13],[-15,35],[-18,14],[3,9],[-10,8],[-1,17],[-12,12],[-29,-1],[1,-11],[-12,-2],[-4,-15],[-16,2],[-12,-10],[-7,11],[-28,18],[-11,-6],[-25,1],[-7,6]],[[3525,7831],[19,1],[-1,20],[-19,7],[2,11],[11,13],[16,-14],[16,-3],[4,6],[26,-4],[5,36],[-9,-7],[-15,-1],[8,13],[0,12],[-8,21],[12,7],[15,27],[-5,10],[10,11],[-3,17],[11,1],[7,14],[5,-6],[0,19],[9,9],[25,-36],[10,0],[16,22],[24,-1],[4,-6],[12,9],[15,25],[20,6],[-7,10],[12,9],[-14,10],[-14,31],[-9,-1],[-7,17],[9,8],[32,-20],[31,2],[1,-8],[17,2],[4,-13],[10,2],[19,-11],[8,-15],[18,-1],[19,9],[4,-7],[18,28],[7,33],[9,12],[6,23]],[[4820,1271],[12,1],[20,-14]],[[4852,1258],[11,-37],[-3,-7],[-30,-37],[-10,-18],[6,-24],[17,-8],[12,-12],[12,6]],[[4812,882],[-5,3],[-9,0],[-3,0],[-5,-1],[-12,-1],[-14,-5],[-1,-1],[-3,1],[-19,2],[-10,6],[-11,-4],[-1,0],[-16,11],[20,24],[0,1],[2,21],[-8,9],[-14,13],[-5,31],[7,24],[-16,15],[1,18],[-18,63],[4,34],[0,1],[0,2],[-5,10],[-1,0],[-16,6],[-7,5],[-17,-1],[-13,-13],[-1,0],[-15,6],[-5,6],[-10,-1],[-1,1],[-3,9],[-1,11],[-3,0],[-3,7],[1,8],[-12,3],[-4,0],[-27,5],[0,1],[-3,1],[-32,14],[-5,18],[3,31],[-13,9],[-1,1],[0,1],[-5,30],[-6,11],[-5,22],[-5,8],[-1,10],[-10,13],[-1,1],[0,14],[0,1],[-2,4],[-11,24],[20,20],[-1,2],[15,17],[0,1],[-4,15],[-19,1],[-1,1],[-14,23],[5,13],[10,29],[-4,7],[-1,2]],[[4442,1556],[19,-14],[31,-10],[4,6]],[[4496,1538],[12,-19],[20,-17],[6,12],[54,20],[6,15],[-7,1],[4,13],[-14,14],[3,26],[16,-19],[13,0],[2,14],[10,-1],[21,-22],[4,-18],[27,8],[6,9],[9,-7],[30,6],[8,-18],[-5,-20],[9,10],[26,13]],[[4756,1558],[-5,-9],[-4,-33],[-19,4],[-9,-14],[-13,-7],[-13,-27],[14,-10],[-6,-13],[-2,-23],[11,-13],[11,-1],[0,-13],[-11,-1],[3,-9],[-16,3],[19,-10],[-2,-10],[9,-18],[15,-15],[20,-6],[14,-14],[9,-24],[14,-7],[12,1],[13,-18]],[[3238,5730],[15,-19],[12,11],[7,-2],[16,-27],[-4,-11],[-15,-6],[3,-22],[5,0],[-1,-27],[10,-9],[16,1],[-5,-14],[23,-5],[24,13],[13,-15],[-9,-25],[-9,-10],[-18,-5],[5,-16],[-9,-13],[11,-9],[4,-14],[8,0],[-6,-29],[-34,-6],[-4,-6],[-1,-25],[6,-25],[25,-37],[14,-1],[-4,-27],[-11,-8],[9,-12],[9,6],[15,-7],[0,17],[25,5]],[[3383,5351],[-2,-27],[8,-16],[-11,-17],[-30,-12],[0,-14],[-9,2],[7,-25],[15,-17],[-22,-13],[0,-8],[-23,-18],[-6,3],[-20,-17],[-2,-11],[-11,0],[-24,10],[-14,-8],[-28,13],[-15,-20]],[[3566,5246],[5,-23],[16,0],[5,-7],[-10,-17],[-18,-15],[-2,-19],[19,-32],[-17,-7],[-4,-15],[12,-13],[-1,-54],[16,-5],[-11,-29],[-9,0],[-18,-18],[-2,-11],[-11,-8],[10,-3],[17,-30],[-9,2],[-24,-7],[-5,24],[-26,14],[-12,-12],[-8,3],[-2,-11],[-32,-1],[-7,6],[-55,10]],[[3383,4968],[-47,-13],[-25,5],[-24,-26],[-14,-3],[-6,-10],[-20,4],[-7,-4],[-3,15],[-31,6]],[[3206,4942],[-13,15],[-16,4],[7,25],[-27,34],[-18,11],[0,27],[-23,-7],[-18,31],[-6,3],[-25,-7],[-9,4]],[[3383,5351],[13,4],[8,11],[-7,11],[12,-1],[8,10],[7,-6],[25,1],[-8,-10],[13,-3],[1,12],[38,6],[12,-6],[27,1],[5,-7],[-7,-30],[-2,-31],[19,-40],[18,-13],[1,-14]],[[5279,4324],[-31,7],[-33,-10],[-21,-3],[-28,9],[-12,8],[-10,38],[-6,2]],[[5138,4375],[-6,14],[-17,19],[-15,10],[-18,-8],[-39,-1],[-17,11],[44,5],[-3,21],[-10,13],[27,5],[-6,15],[5,10],[-14,-8],[-14,17],[-42,0],[3,14],[17,19],[12,19],[28,21],[-16,38],[6,8],[-12,1],[1,9],[20,8],[2,-12],[17,1],[-8,14],[-12,8],[-21,-9],[-9,40],[-16,12],[-12,33],[-31,11],[-15,-1],[-19,18],[-15,1],[-12,7]],[[4921,4758],[-12,15],[-16,6],[-29,50],[9,12],[16,-5],[10,15],[7,-11],[22,-4],[4,10],[11,-5],[7,6],[4,-14],[15,-5],[4,6],[31,4]],[[5296,4601],[5,-23],[-1,-46],[-17,-26],[9,-13],[20,-11],[9,0],[-14,-23],[24,-1],[-5,-39],[-9,-5],[24,-17],[-8,-44]],[[3900,2823],[0,-47],[-17,-1],[1,-11],[-9,3],[-12,-13],[-18,-3],[10,-31],[-22,-4],[-4,17],[-7,6],[6,35],[-21,3],[-3,24],[-15,-14],[-3,5],[-20,-1],[5,18],[-20,0],[-14,-11],[3,10],[-23,7],[-5,11],[-13,7],[20,10],[-9,34],[-12,-6],[-20,0],[-26,10],[-4,11],[19,17],[4,18],[11,-2],[12,9],[2,-8],[26,14],[15,-15],[8,-1],[4,14],[-21,25],[1,19],[17,-9],[-9,14],[5,9],[-16,13],[0,12],[14,8],[15,-11],[-1,-7],[15,11],[21,4],[25,-19],[-14,-17],[-6,5],[1,-33],[15,1],[-16,-31],[9,-13],[22,-9],[23,-31],[17,9],[4,8],[16,-20],[-14,-15],[-13,1],[11,-25],[24,-1],[0,-7],[6,-6]],[[5921,8697],[37,0],[8,-7],[-4,-16],[10,-4],[1,-12],[8,-3],[0,-13],[19,6],[3,-20],[17,0],[-12,-14],[4,-8],[-10,-18],[15,-23],[-2,-12],[9,-14]],[[6024,8539],[16,-7],[23,-33],[8,-3],[-19,-7],[-12,12],[-10,-7],[-6,8],[-17,0],[-7,-16],[-6,8],[-4,-16],[2,-18],[-16,-5],[3,-13],[-10,-24],[15,-34],[9,-1],[10,-14],[6,5],[32,-10],[-6,-33],[-22,-14],[-20,-6],[-6,-30],[9,-8],[5,-41],[17,-27],[11,-4],[3,-10],[13,-2],[-3,-8],[-15,3],[-13,13],[9,-28],[-14,-6],[-7,6],[-27,-4],[6,-27],[10,3],[-3,-22],[24,6],[18,-4],[4,-16],[-26,3],[-9,-8],[-1,-15],[-8,3],[-14,-15],[-3,-17],[10,-3],[23,3],[-10,-62],[4,-12],[12,-2],[-5,-31],[3,-10],[-24,-4],[-8,-29],[16,-17],[10,-36],[8,-3],[9,-28],[7,-4],[8,-33],[24,-9],[11,-22],[1,-17],[11,5],[3,13],[16,4],[-11,-11],[8,-20],[-18,-10],[32,2],[10,-15],[7,2],[3,-13],[-12,-3],[-1,-14],[-22,-9],[-2,-7]],[[6096,7661],[-8,6],[-40,-32],[13,-24],[-12,-5],[4,-8],[34,-28],[0,-18],[-12,3],[-11,-26]],[[6064,7529],[-44,28],[-23,22],[-39,19],[-9,-18],[11,-4],[3,-10],[12,-3],[-20,-63],[-25,16],[-1,6],[-23,8],[-9,-17],[-13,6],[6,8],[-27,16],[-11,-24],[-4,19],[8,9],[-13,12],[-8,22],[8,15],[-26,-5],[-6,12]],[[5811,7603],[-29,65],[-23,14],[7,48],[-18,23],[-8,21],[12,10],[-11,34],[-17,1],[-8,10],[-12,-2],[-7,11],[-15,7],[-7,10],[5,7],[-8,11],[2,9],[-25,5],[-20,12],[-15,2],[-12,8],[17,20],[4,14],[9,0],[12,18],[11,25],[17,16],[-18,29],[-28,-23],[-4,15],[-13,-3],[-4,18],[-29,9],[-12,23],[2,14],[26,13],[-7,20],[-2,20],[18,19],[-5,7],[10,16],[16,-3],[4,9],[-11,1],[1,11],[-7,17],[16,10],[4,15],[-19,2],[-6,36],[-13,3],[-12,20],[-3,35],[-11,10],[-1,11],[-13,-1],[-7,17],[-7,2],[-27,-24],[-3,15],[-11,8],[2,11],[-34,-10],[-15,8],[1,21],[8,9],[-23,-2],[2,10],[-13,3]],[[5424,8423],[-4,15],[25,3],[1,21],[-6,15]],[[4851,2285],[-16,3],[-10,-4]],[[4780,2347],[9,56],[-4,22],[8,5],[35,-3],[8,-9]],[[4836,2418],[10,-36],[-5,-14],[-16,-2],[-2,-10],[29,-16],[29,-11],[18,-21],[8,-1]],[[7724,3085],[-3,-27],[-21,-48],[3,-34]],[[7703,2976],[-16,-44],[-1,-25],[-7,-15],[-33,-17],[8,-8],[-16,-32],[1,-20]],[[7639,2815],[-18,5],[-1,12],[-10,0],[-17,-23],[-10,6],[-12,-26],[-40,-40],[-13,-58],[-10,-17],[-24,-30],[-10,-25],[-13,-19]],[[7461,2600],[-11,-5],[-27,7],[-11,-1],[-34,-19]],[[7378,2582],[-14,28],[-22,9],[-10,24],[6,12],[-10,5],[5,9],[-13,0],[-15,9],[5,14],[-21,9],[-15,24],[-11,-3],[-9,31],[17,5],[6,8],[-27,20],[6,17],[1,21],[-30,9],[-11,8],[-6,40]],[[7210,2881],[9,20],[28,-9],[12,15],[7,-1],[6,16],[21,-18],[12,2],[3,15],[20,-4],[7,12],[14,-11],[27,-44],[9,19],[16,10],[-7,28],[6,19],[8,-2],[8,15],[11,-8],[21,12],[-6,11],[-25,22],[-1,19],[19,9],[21,-7],[-2,13],[29,38],[20,-6],[30,-18],[4,-12],[12,-2],[28,11],[8,14],[-2,17],[9,11],[-14,6],[3,23],[-12,27],[10,15],[13,-11],[11,16],[5,-5],[22,20],[-11,8],[-7,21],[7,9],[40,-15],[23,13],[14,1]],[[7696,3215],[12,-35],[-7,-24],[5,-15],[18,-19],[5,-18],[-5,-19]],[[6982,6087],[13,21],[-38,-12],[-10,-17],[-26,-2],[-7,-23],[-19,0],[-20,19],[-8,-18],[-20,10],[-9,-5],[-6,33],[-41,3]],[[6791,6096],[-23,22],[2,28],[-19,23],[-22,4],[-13,20],[9,10],[-5,15],[2,14],[-33,-10],[-12,6],[-22,3],[-6,15],[-31,-9],[-10,-16],[-17,1],[-2,-22],[-13,-4]],[[6576,6196],[-13,-6],[-4,19],[7,-1],[2,21],[-12,25],[8,0],[8,20],[-15,23],[12,11],[22,8],[-7,15],[6,14]],[[6590,6345],[14,-3],[11,10],[28,8],[3,28],[-6,19],[8,4],[22,-13],[-20,24],[15,5],[-1,9],[22,7],[6,-17],[7,12],[21,-1],[13,17],[38,-20],[13,23],[-1,9],[-14,32],[9,-2],[17,7],[0,17],[7,6]],[[6802,6526],[14,-2],[5,-19],[19,-31],[9,2],[13,-20],[44,19],[19,19],[18,-17],[12,-3],[9,33],[28,8],[25,-19],[26,-12],[8,-33],[-3,-13],[25,-4],[2,12],[25,14],[34,5],[10,8],[23,1],[14,-5]],[[7181,6469],[8,-35],[-1,-13],[15,-5],[4,-16],[-9,-25],[0,-29],[-14,-16],[-34,-26],[-17,-8],[26,-16],[6,-10],[-8,-6],[-14,-40],[-22,6],[-15,-1],[9,-44],[12,-1],[-2,-30],[-12,7],[-21,-42],[1,-5],[-20,-2],[-12,9],[-15,-4],[0,8],[-13,-3],[1,-25],[-52,-10]],[[9035,5623],[20,-8],[4,-2],[-3,-13],[6,-19],[0,-1],[-7,-20],[-5,-12],[5,-11],[5,-11],[1,-1],[22,-6],[12,-5],[34,-8],[2,0],[20,10],[4,-15],[0,-1],[1,0],[17,-6],[3,1],[17,-4],[1,0],[1,0],[14,2],[0,-5],[9,6],[5,-3],[3,-12],[0,-2],[1,-1],[0,-2],[4,0],[5,-2],[2,1],[17,-2],[0,-9],[-2,-4],[2,-8],[0,-6],[1,0],[1,-2],[16,6],[2,-1],[9,-14],[3,3],[1,-1],[19,15],[12,-8],[0,-2],[7,-3],[1,-1],[14,12],[16,-4],[-14,-22],[-1,-1],[0,-2],[2,-22],[1,0],[12,-7],[2,2],[7,-3],[4,-16],[6,-4],[1,-4],[19,-7],[1,0],[6,-29],[9,0],[0,11],[1,0],[12,-4],[7,4],[15,0],[6,-2],[17,-35],[2,-2],[4,-7],[19,-9],[1,0],[0,-1],[2,-14],[10,-11],[-8,-7],[3,-5],[0,-2],[9,-23],[1,-10],[5,-6],[0,-27],[-5,-6],[9,-10],[13,-22],[8,-24],[-22,-15],[0,-1],[4,-24],[-13,-2],[-6,0],[-13,-22],[0,-2],[6,-30],[-13,-4],[0,-3],[-11,-5],[0,1],[-3,-6],[-5,-8],[7,-24],[18,-19],[-8,-8],[-21,-19],[2,-10],[1,-17],[7,-8],[-8,-20],[-9,-4],[5,-5],[-3,-9],[4,-1],[-3,-6],[13,3],[6,-6],[7,-21],[12,-27],[-13,-14],[0,-4],[2,-15],[-15,-5],[0,-3],[-12,-6],[-4,1],[-1,-3],[-3,-1],[-7,-16],[-1,-3],[0,-1],[-19,-2],[-6,5],[-4,-6],[-2,0],[-25,-24],[-1,0]],[[9177,4549],[-9,28],[-23,41],[-41,17],[-23,18],[-8,-5],[-20,4],[-25,-20],[-17,19],[-4,21],[-35,43],[-46,1],[-11,-5],[-18,18],[-1,15],[-16,17]],[[8880,4761],[9,26],[8,54],[6,27],[16,43],[-17,16],[-9,29],[-68,-2],[-25,-20],[-23,-25],[-39,-33],[1,26],[-16,0],[-50,-11],[-7,5],[-17,-3],[-7,-18],[-1,-17],[-19,-40],[-21,-1],[-14,28],[1,19],[11,25],[-5,6],[11,7],[9,19],[7,47],[16,7],[-1,25],[-5,11],[-11,0],[9,20],[-34,8],[-7,10],[-6,-14],[-18,15],[-5,-14],[-15,-9],[-14,13],[-18,-6],[-13,17],[-8,34]],[[8481,5170],[11,21],[27,10],[2,24],[6,20],[-5,14],[2,18],[-18,17]],[[8985,5631],[28,-13],[22,5]],[[9017,5149],[4,-4],[18,8],[20,18],[6,-4],[3,28],[-2,40],[-57,-8],[-5,13],[-24,4],[-2,-6],[-27,-7],[-10,-19],[4,-2],[-23,-15],[25,-2],[1,-14],[-16,0],[10,-15],[-13,-3],[2,-18],[22,6],[26,-17],[38,17]],[[9335,3249],[-14,-18],[-5,-18],[-10,0],[-8,11],[-24,19],[-28,2],[-15,-9],[-11,6],[-11,-3],[-38,12],[-13,15],[-12,-2],[-25,-34],[-16,1],[-7,-9],[18,-16],[-14,-31],[-30,-11],[-14,2],[-2,27],[-7,5],[-41,13],[2,-47],[-16,-13],[-20,-2],[-21,6],[-15,-2],[0,11],[11,1],[-27,8],[-3,8],[-29,18],[-10,-21],[-19,-21],[-2,-13],[-13,-25],[-18,4],[-12,-5],[-11,4],[-14,-35],[-23,11],[-23,-4]],[[8671,3377],[12,-1],[10,10],[42,-23],[40,20],[-1,21],[13,6],[-3,8],[20,7],[5,34],[-50,6],[-7,30],[1,11],[-15,2],[-3,17],[3,18],[7,-1],[10,29],[10,17],[8,25],[14,19],[9,-7],[21,3],[14,-14],[21,-9],[11,-23],[31,-8],[28,16]],[[8922,3590],[9,-24],[20,9],[31,6],[1,-12],[20,19],[12,-3],[12,8],[15,-31],[6,-6],[15,13],[15,-6],[8,-17],[44,-25],[16,-4],[25,2],[-5,-14],[13,1],[19,-6],[17,9],[45,-10],[10,0],[15,-10],[19,6],[6,-22],[1,-24],[-6,-12],[-10,0],[-11,-14],[-9,-2],[-15,-22],[-17,-5],[5,-16],[20,-17],[6,-16],[9,-4],[5,-33],[19,-16],[5,-24],[23,-19]],[[5324,3913],[-12,-8],[-31,-39],[6,-19],[-16,-1],[7,-9],[-10,-13],[-19,-5],[13,-16],[-3,-44],[-12,-2],[-27,-22],[-16,15],[-27,-11]],[[5177,3739],[-14,5],[-33,34],[1,-12],[-15,-10],[1,22],[-20,15],[-11,15],[-24,6],[-9,36],[-10,2],[-15,17],[-6,-27],[-7,-12],[-9,2],[-4,16],[-9,-1],[1,-20],[-20,9],[-12,-7],[-3,31],[17,-3],[-12,32],[3,12],[-12,31],[-10,5],[-20,-19],[-20,-3],[4,-5],[-12,-14],[-17,14],[-14,6],[-15,-7],[-30,10],[-46,-3],[-7,3],[-3,-16],[-33,1]],[[4732,3904],[-10,17],[32,25],[-6,19],[-21,12],[7,19],[17,19],[-8,11],[16,3],[-2,6],[22,2],[-16,11]],[[4763,4048],[6,3],[15,-10],[-2,-14],[12,1],[6,-9],[31,25],[31,-18],[19,-21],[0,26],[13,5],[19,-7],[7,32],[1,21],[14,9],[-11,18],[7,4],[-10,13],[1,11],[11,-1],[11,18],[2,19],[-8,3],[0,12],[8,2],[-6,35],[18,0],[15,13],[35,3],[17,9],[24,-12],[12,2],[10,20],[38,13],[-4,6],[18,26],[5,35],[-3,16],[13,19]],[[4763,4048],[-4,33],[-19,0],[-18,33],[-7,-10],[-19,-3],[-8,16],[-19,10]],[[4669,4127],[2,13],[25,50],[7,-7],[20,20],[11,-4],[10,23],[-11,3],[2,25],[-6,11]],[[4729,4261],[9,0],[-3,-13],[15,-16],[17,19],[5,-16],[16,-11],[11,6],[-2,9],[-13,10],[19,7],[6,22],[5,37],[8,20],[13,-6],[8,25],[-3,4],[21,7],[10,19],[12,8],[5,14],[19,18],[-1,16],[-20,19],[-2,8],[14,4],[-1,12],[-18,26],[-6,29],[20,26],[12,3],[7,-8],[4,9],[7,-12],[10,3],[-23,29],[-2,13],[28,-9],[16,11],[21,2],[-2,24],[-17,21],[-16,7],[-6,25],[-18,2],[-10,8],[6,21],[11,4],[-9,21]],[[4912,4738],[9,20]],[[4994,5139],[-14,1],[-18,21],[-19,-12],[-7,13],[-18,-11],[-21,3],[0,16],[-13,0],[-7,-13],[-14,-3],[-4,10],[-13,0],[-1,8],[-17,9],[-20,-23],[-12,-1],[-14,11],[0,-28],[-7,3],[-39,1],[8,5],[-7,10],[-9,-4],[0,14],[24,5],[-2,37],[-24,-6],[-20,4],[13,13],[-17,23],[-8,3]],[[4943,5481],[28,0],[11,-9],[19,1],[7,18],[21,-4],[15,3],[7,-14],[-10,-8],[6,-8],[23,7],[9,-17],[18,2],[15,13],[5,-18],[-4,-5],[19,-25],[15,7],[-4,8],[15,9],[11,-18],[14,13],[14,-31],[16,-15],[6,-58],[13,-8],[24,2],[21,8],[17,1],[1,6],[20,3],[4,18],[8,3],[12,-12],[13,7],[42,4],[2,-12]],[[5396,5352],[-2,-22],[-6,-18],[7,-13],[16,-14],[-33,-11],[25,-8],[-4,-34],[7,-13],[13,-3],[7,-19]],[[5108,3486],[0,-22],[7,-9],[3,-22],[-12,-26],[-17,-8],[-18,-1],[-41,16],[-3,10],[-17,2],[5,14],[-17,2],[-5,-9],[5,-11],[-9,0]],[[4989,3422],[-15,25],[-4,21],[-12,10],[-20,6],[-17,-19],[-9,7],[10,6],[-6,18],[-32,15],[-9,16],[2,10],[-18,16],[-32,15],[-3,8],[-20,4],[-19,11],[-18,-30],[-6,-24],[5,-7],[-17,-6],[-9,15],[-18,15],[1,-6],[-39,-8],[-1,8],[-16,-3],[2,-13],[-22,4],[-13,-2]],[[4634,3534],[-7,5],[10,25],[11,1],[3,14],[-6,9],[-18,-5],[-4,11],[-15,4],[7,5],[12,-6],[-9,30],[13,8],[1,14],[26,8],[-19,9],[6,41],[14,7],[22,-9],[19,4],[-13,6],[-4,26],[10,22],[-30,16],[-9,12],[2,15],[11,18],[-8,12],[3,20],[19,1],[0,12],[15,-3],[5,16],[11,4],[15,-3],[-3,12],[8,9]],[[5177,3739],[-11,-29],[-34,0],[-28,12],[-6,-41],[25,-11],[21,-22],[1,-41],[-10,6],[-17,-9],[-12,-17],[-19,-50],[-13,-9],[-4,-27],[9,-11],[12,7],[17,-11]],[[5857,3738],[32,-33],[-4,-16],[-9,0],[-25,-27],[14,-11],[-16,3],[7,-59],[-6,-38],[-5,-9],[63,-7],[0,-15],[11,-4],[-8,-6],[3,-37],[-3,-40],[-14,-31],[5,-2]],[[5611,3193],[-5,-24],[-14,-4],[0,-10],[-45,3],[-13,6],[-12,20],[2,26],[-21,7],[-21,1],[-4,-5],[-27,48],[-22,4],[-14,-14],[-26,-9],[-16,-23],[-22,-2],[-19,15],[6,6],[-9,7],[-2,24],[7,13],[-5,17],[-18,14],[-11,20],[-3,30],[-19,18],[-12,22],[1,10],[-10,12],[-18,-12],[-18,-3],[-5,6],[11,14],[-15,12],[-18,4],[-11,12],[0,13],[13,19],[-9,12],[-12,3],[-9,-8],[-9,4],[-22,-15],[-4,-8],[-17,14],[-6,-6]],[[4705,4670],[14,-11],[8,2],[3,16],[16,30],[21,10],[26,-3],[10,-10],[33,-5],[17,37],[22,14],[17,-10],[20,-2]],[[4729,4261],[6,4],[-12,12],[1,14],[10,5],[3,16],[-17,18],[8,15],[-8,-1],[-21,27],[-10,-8],[0,13],[-12,12],[26,26],[6,-1],[4,20],[24,4],[9,14],[-16,22],[9,8],[-26,32],[9,12],[-36,27],[1,8],[-14,5],[-5,38],[19,-5],[20,20],[-4,23],[2,29]],[[4660,4544],[24,6],[2,-11],[-19,-9],[-7,14]],[[1838,5184],[3,-42],[20,-10],[-4,13],[18,-15],[7,-24]],[[1706,4576],[-17,-8],[-12,4],[-3,-11],[-16,-7],[-29,1],[-6,-12],[-13,-1],[-9,-12],[-15,11],[-12,2],[-8,13],[-9,-7],[-3,12],[-22,11],[-32,-2],[-7,7],[-20,-5],[-2,17],[-19,25],[-27,-12],[-10,2],[-23,-9],[-6,25],[6,14],[0,26],[-15,4],[-2,25],[-18,11],[10,10],[-31,42],[-16,-3],[-5,15]],[[1315,4764],[26,9],[-18,18],[6,16],[13,19],[-3,16]],[[1339,4842],[19,-9],[29,-3],[15,5],[-11,35],[55,-11],[4,12],[17,1],[4,12],[31,-2],[3,-9],[14,3],[-9,22],[-1,15],[7,-3],[9,14],[-16,5],[3,14],[9,5],[-13,12],[3,15]],[[1511,4975],[27,-3],[19,-11],[24,-8],[10,13],[14,0],[28,8],[5,-7],[-4,-17],[26,-8],[14,5],[11,11],[4,19],[13,1],[23,20],[15,6],[-9,17],[-16,6],[9,11],[24,16],[-5,16],[21,-9],[14,10],[0,20],[27,13],[-12,31],[-2,30],[-8,26],[-10,10],[27,-1],[14,-11],[4,7],[7,-13],[13,1]],[[7459,2372],[7,-21],[17,-22],[1,-11],[14,-21],[-37,-1],[-34,-17],[9,-32],[-2,-30],[-10,-1],[-16,8],[-18,-11],[1,-13],[11,-15],[15,-2],[29,-31],[11,-1],[13,-14],[1,-9],[-11,-7],[1,-11],[-26,-6],[2,-13],[26,-23]],[[7371,1986],[-13,0],[-18,12],[-13,-13],[-15,3],[-8,8],[-16,-3],[-11,6],[-20,-8],[-22,9],[-6,-3],[2,-20],[-6,-9],[-22,4],[-26,-4],[-14,-19],[-1,-15],[-11,0],[-21,11],[4,20],[-20,9],[-7,-11],[5,-7],[-6,-15],[-25,-2],[-30,9],[-37,17]],[[7014,1965],[17,48],[-6,6],[2,36],[4,12],[-29,50],[37,0],[-33,33],[32,39],[6,12],[0,19],[9,10],[30,12],[-9,32],[6,11],[-11,33]],[[7069,2318],[11,4],[7,23],[22,10],[9,25],[21,-1],[2,30],[21,11],[9,12],[20,10],[35,23],[31,-4],[41,26],[13,16],[-9,37],[12,16],[28,4]],[[7342,2560],[2,-14],[25,-32],[15,-8],[8,3],[-1,-25],[23,-24],[12,-5],[-15,-51],[0,-8],[32,-13],[16,-11]],[[8787,7854],[6,-6],[22,17],[26,-21],[13,-1],[6,-38],[-11,-11],[29,-26],[19,4],[18,-3],[-5,-10],[7,-26],[5,-2],[9,-28],[-11,-40],[2,-54],[-4,-18],[6,-10],[-9,-41],[51,-7],[-7,-51],[-8,-37],[23,-12]],[[8974,7433],[9,-4],[-4,-16],[-13,-13],[-16,4],[-12,9],[-4,-37],[-24,3],[-2,-16],[-23,2],[-3,-32],[-26,2],[0,9],[-11,5],[-26,-18],[-18,2],[-10,12],[25,12],[-11,15],[-17,-13],[-8,-17],[-8,-2],[17,-10],[0,-9],[21,-1],[1,-20],[-30,0],[-17,-19],[-2,-14],[-7,2],[-16,-26],[-29,1],[-23,-21],[-12,14],[-10,-8],[-13,-1],[-21,-10],[3,13],[-6,28],[-10,13],[-14,-8],[-5,16],[-2,31],[-8,9],[-22,7],[-29,-31],[-15,-25],[-23,8],[-8,-10],[-26,-17],[10,-2],[2,-52],[-15,16],[-25,-5],[-18,3],[-14,17],[-35,-4],[-5,-5],[-28,-2]],[[8338,7218],[-12,5],[-28,-3],[-9,4],[11,38],[10,12],[0,15],[7,33],[13,16],[-5,8],[4,28],[-6,22],[6,28],[15,2],[12,23]],[[8356,7449],[-2,8],[13,30],[12,4],[3,30],[5,3],[15,21],[-8,8],[10,16],[-11,17],[17,19],[19,2],[-3,20],[11,10],[33,12],[7,16],[-11,22],[4,14],[12,3],[20,40],[-10,15],[64,67],[14,-12],[10,26],[16,-3],[-21,13],[-6,10],[-10,-3],[-8,11],[-18,2],[-5,20],[16,7],[16,25],[30,14],[20,1],[3,17],[11,6],[23,-4],[5,10],[-13,5],[-5,24],[19,5],[22,18]],[[8675,8018],[2,-8],[17,1],[7,-12],[0,29]],[[8701,8028],[8,6],[26,-26],[-10,-7],[15,-16],[-2,-55],[7,-45],[22,1],[-8,-15],[-29,-22],[-3,-18],[18,11],[11,-13],[31,25]],[[6774,3478],[47,-33],[25,17],[11,-7],[-26,-45],[14,-11],[3,-11],[13,-12],[16,-6],[-6,-29],[-16,4],[-3,-23],[9,-3],[-7,-38],[3,-15],[9,0],[2,12],[23,-12],[-4,-13],[21,-7],[24,2],[3,12],[24,7],[24,-13],[-4,11],[19,14],[9,-11],[11,-3]],[[6993,3118],[2,-17],[12,-1],[-11,-36],[0,-45],[7,-2],[27,-23],[-9,-15],[-2,-14],[7,-22],[-2,-10],[-26,11],[-5,-28],[6,-13],[7,4]],[[7006,2907],[20,-14],[-14,1],[-11,-24],[6,-14],[16,4],[-10,-24],[5,-17],[-20,-18],[-15,0],[-13,-10],[-7,10],[-39,-11],[-9,20],[-7,-3],[-12,9],[-2,-15],[-10,-28],[-10,1],[1,16],[-18,4],[2,61],[-25,10],[-17,-2],[-12,-25],[-8,-5],[-29,-2],[-29,12],[1,-25],[-5,-19]],[[6735,2799],[-27,-7],[-19,5],[-7,-28],[-7,-8],[11,-7],[-11,-14],[3,-16],[-10,-17],[-5,9],[-18,8],[15,-16],[-2,-8],[16,-16],[-15,-21],[-9,2],[-14,-36],[-25,12],[3,33],[-24,7],[-23,-10],[-21,-26]],[[6546,2645],[-43,18],[4,12],[-20,12],[4,23],[7,9],[22,4],[10,13],[-8,4],[-1,18],[18,3],[-19,3],[-8,13],[11,20],[-16,15],[-11,0],[13,30],[-15,3],[-6,13],[-14,1],[-10,-6],[-18,1]],[[6446,2854],[-3,14],[-24,22],[3,17],[-22,6],[-3,-9],[-18,19],[-1,22],[-12,11],[-5,-9],[-25,15],[-12,19],[-43,8],[-3,-9],[-6,14],[12,18],[-16,6],[-25,33],[-35,10],[-22,18],[-5,40],[-11,14],[0,30],[-11,7],[1,8],[-25,13],[-4,-13],[-19,14]],[[5981,3397],[18,3],[16,-8],[35,-37],[5,25],[8,2],[11,28],[12,5],[-6,11],[27,-6],[-3,21],[33,-8],[3,-23],[42,10],[3,15],[12,0],[10,-9],[9,21],[9,5],[22,29],[-2,14],[13,-10],[15,-4],[2,-18],[17,-2],[0,23],[11,11],[-10,9],[20,-1],[1,10],[56,16],[7,8],[1,-26],[21,0],[10,-5],[5,22],[4,-20],[9,-4],[6,14],[6,-8],[27,1]],[[6572,3181],[10,6],[-43,1],[0,37],[14,-3],[3,20],[-9,-4],[-9,7],[17,7],[-12,5],[4,14],[-23,0],[-2,-13],[-44,7],[0,8],[-13,5],[-18,-11],[-35,-11],[-10,-34],[7,-15],[-26,3],[-2,-12],[9,-5],[-7,-17],[-11,1],[6,-27],[19,-3],[14,-24],[4,-21],[9,-5],[11,10],[15,2],[7,-17],[7,6],[13,-8],[-2,-21],[7,0],[3,18],[9,7],[13,-1],[-2,22],[12,-3],[4,15],[13,-2],[-7,10],[7,21],[-3,14],[13,0],[14,-9],[12,4],[2,16]],[[3251,5856],[10,-11],[25,-7],[22,-12],[10,-13],[4,-20],[26,-5],[9,6],[-11,17],[-4,19],[4,12],[21,4],[35,-5],[-5,-17],[18,-2],[4,18],[31,-20],[14,-2],[2,-7],[26,-9],[9,6],[29,-8],[10,6],[2,-16],[12,-4],[9,9],[6,-14]],[[3692,5289],[-32,-13],[-31,-8],[-10,12],[-10,-10],[-19,-2],[-15,-7],[0,-12],[-9,-3]],[[3655,6254],[40,-15],[-1,-14],[21,-11],[30,10],[0,-9],[32,-35],[-1,-25],[-7,-12],[17,-10],[-2,-9],[17,-7],[-4,16],[17,-4],[0,-16],[24,11],[6,-13],[10,1],[5,-10],[-4,-16]],[[5133,8609],[-14,4],[-40,-30],[-31,9],[-9,-8],[-12,13],[-36,9],[-11,-3],[-35,-34],[-11,-24],[-14,10],[4,10],[-15,10],[-15,-29],[-23,7],[-23,14],[-7,-10],[-22,-7],[-24,-39],[-18,3],[-10,-6],[-6,-31],[-18,-9],[-16,6]],[[4727,8474],[11,22],[-2,17],[-27,27],[-6,16],[1,23],[-3,26],[-17,31],[-3,15],[0,35],[-7,23],[0,25],[9,18],[4,21],[8,15],[-1,20]],[[4694,8808],[8,24]],[[4702,8832],[26,-6],[20,6],[19,19],[13,-15],[6,13],[30,20],[13,0],[14,-17],[24,27],[28,-8],[18,-11],[-4,-10],[10,-10],[2,-19],[14,-8],[15,15],[10,3],[10,-19],[23,0],[17,5],[10,-17],[13,24],[7,-19],[36,9],[10,-24],[-7,-15],[4,-10]],[[6642,8692],[10,-48],[-2,-14],[19,-15],[36,-10],[12,27],[12,-6],[9,10],[26,-9],[18,-11],[25,36],[47,-37],[24,32],[19,17],[22,-6],[-11,-4],[7,-38],[5,11],[23,2]],[[6943,8629],[4,-67],[16,3],[3,-14],[8,4],[12,-14],[-9,-14],[0,-22],[-11,-15],[8,-9],[-10,-4],[12,-15],[12,-2]],[[6965,8172],[-37,-12],[2,-9],[-12,-2],[-10,15],[11,3],[-4,19],[5,3],[-7,18],[-18,-8],[-5,-13],[3,-20],[-12,-4],[-16,18],[-34,-18],[-12,33],[-49,-8],[-18,-20],[-33,-27],[-22,-24],[18,-10],[-23,-14],[7,-10],[-23,2],[-7,-4],[-37,-41],[-11,4],[-40,-41],[-8,2],[-10,-20],[0,-37],[-14,-17],[16,-22],[10,-6],[4,-14],[-21,3],[4,-11],[-15,15],[7,10],[-5,10],[-19,-11],[-22,10],[-23,-11],[27,-13],[2,-9],[-12,-13],[-8,-18],[-18,-11],[4,-17],[-25,-20],[-2,-21],[7,-20]],[[6460,7761],[-41,-15],[-7,3],[-26,-3],[-3,-12],[-10,27],[-29,-10],[-17,-26],[10,-13],[2,-13],[-10,-7],[2,-10],[-27,19],[-26,8],[-4,-7],[-13,9],[-3,-12],[-19,-14],[-10,19],[-10,-4],[13,-20],[3,-23],[-19,-5],[-4,-8],[-40,-1],[-14,-14],[-5,20],[-29,-8],[-9,14],[-19,6]],[[6024,8539],[-2,9],[56,18],[14,-30],[44,10],[-3,11],[15,20],[-10,12],[44,39],[-2,11],[58,13],[-2,14],[-11,1],[-7,19],[-12,-2],[-5,19],[17,5],[5,27],[11,8],[11,-9],[31,-15],[13,1],[5,-7],[-10,-5],[13,-4],[12,-18],[22,-10],[-9,-31],[6,-26],[35,-7],[3,-9],[-9,-11],[5,-11],[21,4],[10,20],[18,-21],[32,-14],[2,7],[21,-2],[18,-7],[9,3],[7,-8],[9,30],[21,-11],[54,30],[3,34],[15,25],[13,-7],[5,9],[-8,17],[30,2]],[[6286,8141],[11,5],[16,-24],[9,3],[12,-16],[8,0],[-5,-16],[17,10],[34,7],[-3,13],[24,10],[-8,5],[-10,20],[4,12],[20,-3],[6,26],[7,5],[-13,36],[-21,5],[5,11],[-10,-2],[-23,5],[-2,7],[-21,12],[-23,-27],[-13,22],[-17,5],[-5,-16],[-18,-1],[-2,-17],[-15,0],[-4,-12],[10,-13],[-27,-23],[32,-5],[0,-11],[15,-25],[10,-8]],[[2603,8963],[-6,14],[-16,3],[-14,-27],[6,-19],[-18,-1],[-20,-10],[-1,17],[-22,0],[-1,12],[-23,-4],[-12,-20],[7,-12],[-6,-20],[-41,-7],[-1,6],[-18,-2],[-6,11],[18,34],[11,5],[-1,11],[-12,0],[-25,18],[-23,5],[-13,-2],[3,-24],[-6,-6],[-24,2],[-34,-17],[-21,7],[14,28],[16,9],[2,18],[-14,5],[-35,5],[6,29],[10,16],[11,5],[-1,12],[-11,3],[1,17],[-7,14],[-8,-4],[-3,-28],[-48,-16],[-11,8],[-7,21],[-1,18],[-8,19],[-19,-3],[-7,15],[-13,10],[-18,-4],[-4,-25],[-6,-4],[-37,10]],[[2086,9115],[18,19],[36,37],[45,52],[26,35],[17,27],[2,5],[17,27],[13,9],[7,12],[3,2],[31,56],[15,19],[26,27],[25,20],[33,29],[1,1],[84,33],[84,16],[1,0]],[[6273,7219],[3,-4],[-14,-26],[-17,-13],[-6,-20],[-7,0],[-45,-30],[36,-8],[-7,-14],[-48,-9],[-15,-5],[-15,6],[-8,-4],[-52,19],[-17,0],[-33,8],[-1,-11],[-11,-12],[-18,0]],[[5998,7096],[-8,7],[-8,27],[-15,10],[-27,-5],[-1,-14],[-24,-3],[-13,7],[-5,-20],[-8,-5],[-6,14],[-42,-16],[-20,19],[-2,8],[-29,14],[1,7],[-20,9],[9,28],[1,23],[-4,8],[-17,-3],[-4,6],[-10,-18],[-12,-2],[-23,-16],[-22,-32],[13,-18],[2,-38],[-63,24],[-16,-5]],[[5582,7369],[20,2],[19,31],[9,-6],[23,17],[9,18],[-4,25],[57,4],[-13,22],[9,34],[-17,14],[6,29],[14,9],[10,19],[16,8],[22,-5],[5,9]],[[5767,7599],[4,4],[15,-9],[14,1],[11,8]],[[6064,7529],[-6,-27],[4,-6],[-10,-21],[6,-3],[0,-16],[-15,-38],[29,-18],[-4,-12],[25,-12],[18,-29],[9,-7],[-2,-19],[-13,-34],[7,-17],[-2,-10],[27,-2],[11,-12],[19,-8],[15,2],[11,16],[7,-3],[-2,-31],[18,19],[34,19],[23,-41]],[[3787,2164],[3,20],[8,-6],[6,26],[-20,10],[-5,15],[27,22],[9,0],[7,17],[9,-14],[45,11],[21,-2],[3,39]],[[3900,2302],[18,-4],[9,36],[-18,17],[-7,15],[3,10],[21,10],[-10,16],[14,10],[6,13],[16,2],[-9,-12],[13,-4],[6,11],[12,-7],[-5,-9],[11,-28],[-3,-26],[16,-8],[28,28]],[[4225,2320],[15,-17],[21,-14],[15,-36],[-17,-6],[2,-17],[14,-24],[-15,-23],[27,-4],[8,-16],[-8,-6],[6,-21]],[[4293,2136],[-20,10],[-29,-2],[-24,8],[9,-19],[-27,-3],[-10,-8],[-12,0],[-4,-17],[-34,-10],[-4,-8],[-20,4],[-1,-9],[-14,-7],[0,-21],[14,-6],[-2,-9],[-42,-4],[-20,-6],[0,-10],[-23,14],[-17,-16],[-12,8],[-13,-9],[2,-7],[-10,-12],[-7,2],[-4,15],[-18,-4],[-12,-8],[-11,7]],[[3383,4968],[4,-27],[-1,-20],[10,-21],[-6,-23],[9,-16],[32,-6],[9,7],[37,-15],[-4,-17],[6,-36],[5,-10],[19,-3],[12,7]],[[3515,4788],[-1,-9],[21,-16],[2,-9],[13,-2],[8,-25],[22,-6],[3,-10],[-7,-11],[-14,-3],[1,-12],[-15,5],[-19,-4],[-3,-13],[4,-23],[-34,-21],[5,-11],[-13,3],[-10,-31],[-9,-14],[-17,3],[-20,-4],[-4,-10],[-11,-2],[5,-24],[8,-1],[-4,-22],[-9,-17],[2,-7],[19,-2],[1,10],[16,2],[3,-16],[-15,-17],[-3,-35],[-15,-9]],[[2998,4627],[-1,22],[26,-7],[8,10],[15,-3],[7,40],[-7,0],[-23,14],[12,18],[0,9],[15,16],[-5,8],[5,27],[43,-18],[-2,-10],[22,-7],[14,4],[0,13],[12,-5],[7,-22],[-8,-19],[3,-5],[21,2],[0,7],[30,8],[8,37],[-12,7],[2,14],[-4,27],[12,8],[10,32],[-20,25],[-21,-4],[-2,25],[6,-9],[5,8],[17,-10],[13,15],[-21,20],[4,8],[15,2],[2,8]],[[9065,6992],[-7,7],[-18,0],[-2,9],[-21,3],[-9,-17],[-20,3],[-15,12],[12,11],[-9,12],[-22,6],[-10,-4],[-7,8],[-13,41],[7,48],[5,18],[-4,7],[34,19],[0,-11],[-12,-5],[12,-5],[0,-8],[24,9],[20,-5],[17,8],[30,2],[-2,-17],[42,-6],[-8,-61],[-4,0],[-8,-32],[12,-6],[-1,-8],[16,-7],[-4,-29],[-17,-7],[-3,-16],[-10,-5],[-5,26]],[[2297,5093],[-20,7],[-4,-5],[-12,11],[-9,-7],[-15,12],[20,19],[-18,-8],[-3,-11],[-20,-4],[-13,9],[-17,-24],[1,-23],[-8,3],[-5,-12],[-15,-15],[-9,-28],[-37,10],[-11,7],[-30,5],[-30,-11],[-28,1],[-17,-4]],[[1838,5184],[-2,12],[30,2],[-3,26],[14,7],[-6,10],[-12,3],[-1,14],[-17,9],[-2,11],[-26,12],[-9,-2],[-8,-34],[-25,16],[-9,12],[-13,7],[-17,-3],[-27,42],[16,4],[8,18],[18,12],[8,43],[0,12],[-25,11],[3,23]],[[1944,5556],[11,-13],[0,-21],[-8,-27],[8,-5],[2,-21],[-11,-7],[-11,-16],[20,5],[4,-12],[-14,-13],[33,-9],[20,16],[19,-1],[2,8],[24,-13],[-1,-15],[-11,8],[-12,-22],[12,-18],[11,-3],[9,-26],[11,-7],[7,-13],[15,11],[-9,-22],[10,-7],[1,-13],[37,8],[0,-8],[15,-29],[9,-11],[7,-23],[33,27],[7,10],[17,8],[6,-11],[12,3],[13,-8],[6,-35],[24,-9],[17,-12],[14,-1],[14,-13]],[[1598,8504],[6,-9],[32,-9],[-9,-19],[7,-14],[53,-3],[-37,-36],[8,-36],[22,13],[-9,9],[16,7],[7,-15],[17,5],[19,-26],[7,14],[-6,17],[5,19],[23,1],[15,11],[11,-2],[-1,-13],[22,-4],[21,5],[1,6],[22,-11],[10,-18],[25,1],[26,-31],[5,-17],[11,2],[-9,10],[22,30],[16,1],[12,-21],[48,-15],[0,-39],[9,-21],[0,-19],[-7,-12],[11,-19],[10,-8],[17,4],[-2,16],[18,8]],[[2072,8266],[10,-8],[-8,-31],[24,-22],[5,-28],[-17,-32],[30,-7],[22,-42],[-1,-16],[-18,-16],[1,-23],[-15,0]],[[2105,8041],[-31,-1],[-10,-15],[-34,-22],[-14,4],[-9,12],[-16,-22],[-17,19],[-6,21],[-15,-5],[-17,3],[-6,-12],[-12,-4],[-7,-19],[-16,-19],[20,-3],[-12,-13],[-7,9],[-13,0],[-10,11],[4,7],[-10,11],[-28,-1],[-24,13],[-11,-11],[4,-8],[-13,-14],[4,-11],[-8,-7],[-19,-2],[-8,8],[-26,3],[-9,-4],[-5,19],[-20,25],[-18,-1],[-8,-20],[-15,-9]],[[1663,7983],[-31,10],[-8,17],[-46,16],[-12,13],[-12,4],[-3,23],[-19,18],[-17,32],[-21,25],[-25,10],[-3,15],[-28,44],[-5,35],[-6,12],[6,18],[-5,30],[-12,6],[-6,12],[5,14],[-11,12]],[[7412,7671],[-2,14],[-19,11],[-2,-8],[-17,8],[-31,-1],[-6,23],[-19,7],[-27,127],[-6,34],[-13,7],[11,53]],[[7919,8325],[-6,-14],[-15,10],[-11,-5],[-4,-17],[13,-3],[3,-12],[37,22],[-16,-20],[42,-3],[4,-13],[20,-4],[-8,-4],[14,-18],[-15,-18],[11,-17],[-10,2],[11,-14],[15,5],[11,-21],[22,-6],[-4,-16],[17,1],[7,-41],[17,1],[-1,-17],[6,-3],[1,-20],[6,-12],[-5,-12],[-8,8],[-10,-4],[-9,-16],[-11,6],[-7,-35],[2,-14],[25,-12],[0,-11],[40,-13],[27,-22],[25,-7],[9,-10]],[[8164,7926],[-20,-6],[-13,-22],[-39,-31],[-3,-9],[-21,-16],[-10,-15],[-24,-19],[-13,-4],[-26,-19]],[[7995,7785],[-40,-21],[-14,6],[-28,-14],[-5,-20],[-18,-32],[-15,7],[-6,21],[-20,15],[-13,-12],[-24,-10],[-19,3],[-31,-31],[0,-18],[-11,-28],[-11,-9],[-22,-4],[-30,9],[-25,19],[-27,11],[-24,3],[-16,8],[-49,8],[-39,-20],[-35,0]],[[4793,2254],[3,-8],[-11,-18],[14,-18],[2,-12],[-6,-24]],[[4795,2174],[-30,11],[1,19],[-17,11],[9,10],[-5,11],[9,30]],[[4598,2278],[7,19],[15,-2],[5,8],[-8,7],[-6,31],[19,-2],[7,14],[13,-9],[16,6]],[[4728,2272],[-12,6],[-1,-14],[-18,-6],[0,-26],[12,-4],[1,-10],[-21,-18],[-1,-21],[-23,0],[-1,-22],[-6,-25]],[[4658,2132],[-11,-1],[-21,16],[-24,26]],[[4954,3193],[16,-2],[25,-17],[20,42],[16,1],[6,8],[11,-15],[-2,-20],[6,-30],[12,-5],[-5,-21],[14,-11],[25,1],[-14,-42],[-2,-14],[8,-8],[-21,-29],[-10,-33],[-19,7],[-29,4],[-16,-1],[-10,-13],[-17,4],[-17,-4],[-3,-22],[-8,-4],[-13,27],[-2,-10],[-26,6],[-15,25],[-7,44],[8,12],[4,33],[8,2],[-2,12]],[[4895,3120],[9,4],[1,27],[5,10],[16,12],[4,12],[17,-10],[7,18]],[[2671,3867],[7,11],[5,49],[-13,15],[11,1],[2,21],[-12,1],[8,32],[-15,15],[-16,0],[14,20],[-16,12],[9,24],[14,13],[1,13],[-9,3],[-15,17],[10,14],[7,-1],[6,17],[-9,8],[0,16],[9,9],[-2,28],[-14,22],[2,4],[-25,-2],[7,16],[-2,10]],[[2635,4255],[12,8],[2,11],[-18,15],[7,9],[19,-10],[34,14],[-5,17],[-16,0],[-8,10],[10,19],[6,24],[16,34],[5,-1]],[[3210,4062],[-26,-2],[5,-11],[-8,-28],[-24,-11],[-26,20],[-12,-11],[12,-21],[-6,-43],[13,-11],[-14,-11],[-2,-11],[13,-9],[-14,-15],[-9,-17]],[[2776,3782],[0,8],[-16,11],[-7,16],[-14,13],[-20,7],[-8,17],[-15,-2],[-7,15],[-18,0]],[[2474,3426],[-7,3],[-31,-13],[-5,7],[-34,-15],[-16,3],[-6,9],[-16,0],[-19,16],[-17,2],[-23,9],[2,-10],[-15,-7],[-11,10],[-16,-1],[-23,29],[-21,-10],[-8,15]],[[2208,3473],[6,8],[-11,22],[1,15],[10,1],[1,16],[12,10],[19,2],[-1,-15],[19,-10],[10,8],[2,14],[13,1],[7,15],[9,-6],[16,10],[11,-2],[19,8],[-9,16],[4,19],[-17,9],[-17,25]],[[2312,3639],[8,11],[-7,4],[12,22],[13,0],[-4,18],[-17,23],[-1,12],[17,27],[4,22],[-18,9],[4,31],[19,1]],[[2342,3819],[31,-8],[32,30],[8,-2],[19,7],[22,3],[15,-15],[9,10],[23,10],[15,-9],[26,7],[22,-16],[14,16],[11,4],[10,14],[20,-7],[14,8],[18,-7],[20,3]],[[4622,7750],[14,-6],[-4,-20],[14,-8],[17,13],[13,-8],[12,26],[8,3],[25,-19],[0,-17],[12,-9],[-29,-12],[-25,-7],[0,-15],[-15,-4],[-19,-30],[34,-21],[-6,-25],[-42,5],[-8,-16],[-14,1],[-4,-8],[-26,15],[-21,6],[13,11],[-1,21]],[[4570,7626],[12,13],[6,15],[15,16],[19,80]],[[7258,739],[-24,-2],[-2,2],[-9,14],[-11,7],[-5,6],[-4,0],[-6,3],[-30,-5],[-14,11],[-15,11],[-1,-2],[-10,-5],[0,-8],[-7,-10],[-1,0],[-1,-2],[-18,-18],[-6,4],[-10,-18],[3,-17],[-34,-27],[-39,44],[-1,0],[-29,17],[-10,-22],[-3,2],[-14,8],[-24,-8],[-17,-6],[0,-1],[-1,0]],[[6743,1250],[20,2],[7,12],[13,-16],[17,-4],[7,22],[13,10],[21,-9],[26,9],[-6,11],[3,13],[25,4],[12,12],[1,-12],[24,-29],[6,9],[21,15],[10,19],[11,-6],[7,10],[15,-7],[19,13],[3,7],[25,-5],[22,4],[37,-8]],[[5674,1513],[1,-5],[-22,-11],[-12,-15],[-1,-33],[-12,-10],[0,-18],[-7,-3]],[[5621,1418],[-17,0],[-9,-15],[-5,-24],[-18,-6],[-24,12],[-22,5],[0,-8],[-18,-2],[3,-21],[-23,3],[-18,-8],[-7,6],[-13,-3],[-46,13],[-12,-6],[0,-9],[-19,-11],[-4,6],[-13,-7],[-16,4],[-11,16],[-19,-4],[-7,-14],[-24,-21]],[[5182,1329],[-9,26],[-22,40],[4,58]],[[5155,1453],[25,32],[1,25],[-18,17],[3,18],[13,20],[18,13],[24,-5],[1,37],[21,27],[34,11],[9,-24],[30,-23],[11,3],[2,31],[8,35],[-2,22],[5,28],[6,4],[1,20],[12,9],[16,0]],[[5375,1753],[5,-5],[24,3],[20,-21]],[[5424,1730],[6,-17],[15,-23],[10,1],[8,19],[6,-21],[-4,-10],[23,4],[13,-7],[2,15],[10,2],[6,-17],[14,-3],[-17,-17],[7,-12],[-2,-10],[16,-6],[3,-7],[19,-1],[3,16],[21,1],[2,-22],[11,-47],[10,1],[0,-11],[16,9],[-1,-10],[16,-31],[13,-1],[24,-12]],[[7006,2907],[2,8],[13,2],[12,-6],[10,6],[15,-5],[0,-16],[10,-3],[11,10],[14,-9],[22,-4],[12,-7],[9,13],[16,10],[7,-12],[18,-1],[33,-12]],[[7378,2582],[-36,-22]],[[7069,2318],[-21,-8],[-2,-27],[-5,-7],[-14,4],[-1,16],[-19,20]],[[7007,2316],[-4,13],[-26,1],[-4,7],[-1,31],[14,7],[0,25],[-8,9],[-22,7],[-10,-2],[6,25],[-12,1],[1,12],[-26,-1],[-21,4],[1,9],[-27,19],[-27,11],[-4,9],[30,10],[9,35],[24,-5],[23,-17],[6,16],[12,4],[-5,-20],[16,7],[3,10],[16,3],[1,12],[-27,8],[1,15],[17,9],[-6,11],[-16,-4],[-9,4],[2,15],[-11,26],[1,20],[7,9],[-18,9],[-22,-6],[-7,-8],[-35,4],[-12,-4],[-45,-37],[-3,7],[22,47],[-6,8],[3,14],[-10,22],[6,20],[-21,9],[-17,-12],[11,18],[8,23],[-14,16],[-14,2],[-22,-4]],[[7014,1965],[-1,-3]],[[7013,1962],[-21,-20],[-5,-12],[13,-14],[1,-10],[-45,-4],[-8,5],[-30,-15],[-37,12],[-6,18],[-16,-2],[2,-10],[-14,0],[-8,-12],[-7,6],[-15,-2],[5,24],[-6,19],[10,17],[-17,2],[-16,16],[6,7],[-19,6],[-38,-8],[-16,13],[11,27],[-1,20],[-11,15],[-10,1],[2,16],[-8,1],[-17,14],[-18,-20],[-12,1],[-8,11],[-13,-4],[-21,-14],[-10,10],[1,18],[-22,31]],[[6589,2125],[0,13],[23,23],[20,11],[4,13]],[[6636,2185],[15,21],[22,-4],[20,-24],[13,5],[10,34],[25,-1],[15,19],[36,-15],[8,4],[6,21],[17,6],[10,-4],[19,3],[19,-5],[15,10],[23,-6],[16,5],[10,11],[5,16],[12,9],[20,-2],[14,26],[21,2]],[[2454,6411],[-26,-7],[-40,36],[-14,-10],[-35,-4],[-10,-11],[-3,-13],[-24,22],[13,10],[-5,17],[-17,-6],[-8,13],[-27,-19],[5,21],[-34,7],[2,-22],[11,-4],[-4,-8],[-32,-10],[2,18],[-10,26],[-17,-3],[-24,-13],[-25,34],[-19,12],[-28,-1],[-29,3],[-46,-15],[-26,-29],[-33,-16],[-13,-18],[0,-13],[-8,-24],[-18,11],[-27,2]],[[1885,6397],[-32,27],[-34,8]],[[1819,6432],[-20,40],[-1,10],[12,3],[-4,31],[-9,-4],[-22,7],[-10,12],[1,22],[10,2],[-4,11],[19,13],[4,-17],[29,21],[-6,19],[28,8],[-11,26],[12,-2],[5,13],[-6,25],[-7,6],[13,26],[-8,28],[7,5],[-10,28],[-9,12],[2,22],[-14,6],[8,6],[-5,15],[4,7],[-6,16],[9,27],[-4,5],[3,26],[-6,4],[11,12]],[[2609,6817],[5,-18],[24,-38],[8,-27],[-1,-37],[-4,-12],[10,-24]],[[6543,2053],[0,9]],[[6543,2062],[-2,15],[25,8],[5,15],[22,8],[-4,17]],[[7013,1962],[23,-8],[-11,-12],[-19,-2],[3,-14],[46,-11],[-14,-4],[-4,-10],[9,-8],[-1,-12],[14,-9],[-39,-9],[9,-18],[10,3],[-4,-19],[-9,-5],[3,-10],[-23,-12],[6,-15],[21,-11],[1,-6],[19,-11],[-14,-29],[-23,-13],[-5,-24],[0,-24],[10,-17],[0,-27],[10,-11],[9,-28],[13,6],[28,-5],[27,3],[12,-6],[18,2],[7,-7],[3,-25],[-9,-30],[-18,-12],[-35,-2],[3,-36],[-4,-17],[30,-21],[28,9],[14,-5]],[[6107,1417],[2,24],[-11,10],[-3,25]],[[6095,1476],[16,-1],[13,20],[-1,11],[11,19],[16,1],[-2,19],[20,16],[6,21],[-8,28],[13,14],[-7,22],[6,11],[-7,12],[20,-3],[14,34],[-8,8],[-11,-2],[-3,35],[67,6],[-4,13],[-4,60],[-14,1],[4,12],[-14,-3],[-3,33],[3,11],[-7,7]],[[6211,1881],[-9,14],[14,15]],[[6216,1910],[21,-5],[5,12],[16,1],[9,14],[-6,13],[12,9],[10,-14],[11,2],[10,12],[10,-17],[9,-1],[12,10],[25,-6],[13,7]],[[6380,1364],[-31,-2],[-13,8],[3,-17],[-7,-21],[-26,8],[-31,0],[-27,-12],[-5,7],[-17,-5],[-12,16],[1,17],[-6,16],[5,7],[-36,21],[0,-13],[-25,-18],[-18,13],[-13,28],[-15,0]],[[7816,4785],[-20,-14],[-9,-12],[-13,3],[-14,-5],[-3,-15],[-16,3],[-15,-4],[-7,-14],[-15,-3],[1,-10],[-10,-15],[13,-2],[-1,-10],[23,-8],[6,-35],[25,-8],[-6,-17],[-14,-6],[-4,-29],[-22,6],[1,-20],[-11,8],[-5,-10],[-2,-26],[-8,-7],[-27,-2],[-11,6],[-7,-11],[-25,-6],[2,-18],[-7,-2],[-6,-29],[-22,10],[-5,34],[-8,-4],[-47,28],[-16,14],[-15,-9],[5,-23],[-1,-26],[-13,-3],[-11,-12]],[[7476,4482],[-19,5],[-11,8],[-26,32],[-3,15],[-13,20],[-22,4],[-20,-1],[-19,-7],[-11,6],[-4,22],[-14,36],[-7,5],[-2,32],[-17,14],[-18,28],[2,15],[17,22],[6,29],[-22,34],[-31,32],[-60,31],[-12,4],[-14,13],[-10,20]],[[7146,4901],[-10,26]],[[7136,4927],[8,0],[6,-12],[21,18],[-18,19],[17,11],[8,16],[20,-21],[62,10],[8,-12],[12,18],[29,14],[21,-3],[21,-15],[2,19],[-11,-2],[-12,14],[7,11],[-12,-2],[-19,9],[-2,8],[17,4],[2,16],[18,1],[8,8],[-17,14],[-3,32],[9,6],[35,2],[-6,19],[13,3],[1,20],[9,5],[2,18],[32,7],[14,13]],[[7438,5195],[4,13],[18,-10],[7,-24],[8,-7],[17,1],[1,-25],[17,3],[-5,6],[4,34],[16,-6],[11,-17],[27,-8],[4,-21],[14,-2],[25,-12],[6,2],[19,-19],[-3,-8],[43,0],[7,7],[9,28],[55,-13],[5,5]],[[7747,5122],[2,-30]],[[6446,2854],[-12,-3],[-4,-31],[-14,-12],[-10,10],[-14,-10],[-28,-10],[-5,-34],[9,2],[-8,-21],[12,0],[4,-14],[-6,-27],[-10,-23],[-7,-2],[-21,-21],[-5,-22],[-12,-22],[-14,12],[-7,-8],[-16,19],[-35,3],[-16,-7],[5,16],[-28,-4],[-9,-23],[11,-6],[-8,-27],[-7,-9],[7,-16],[33,-17],[-7,-25],[-14,-8],[-14,2],[-8,-28],[2,-12],[-30,17],[-14,26],[-11,-4]],[[6135,2515],[-12,-4],[-13,13],[2,6],[-23,-1],[-6,20],[-10,0],[-5,10],[-12,0],[-22,-8],[-5,-11],[-20,2],[-16,7],[-16,-9],[-27,8],[10,11],[-13,6],[1,9],[-11,10],[-20,2],[-15,-20],[-11,2],[-1,13],[-19,12],[-20,7],[-17,1],[1,-7],[-22,-20]],[[5813,2574],[-15,-4],[-23,17],[-9,36],[0,11],[-19,5],[-28,2],[-11,19],[-56,0],[1,24],[15,-5],[12,12],[8,17],[18,18],[8,33],[11,16],[37,-10],[5,6]],[[4200,1623],[0,-37],[0,-1],[-3,-5],[-8,-15],[-8,6],[-24,16],[-2,4],[-9,16],[0,2],[3,16],[-4,21],[0,1],[-44,13],[-2,-1],[-11,-3],[-8,29],[-1,11],[-5,10],[-1,0],[-23,4],[-14,-3],[-1,0],[0,-2],[1,-15],[-15,-11],[-1,1],[-6,15],[-15,11],[-12,-5],[-6,4],[-20,30],[10,13],[-2,2],[-15,16],[3,19],[-22,16],[-4,2],[-2,8],[-8,-1],[-18,12]],[[4293,2136],[19,-1],[11,-14],[1,-24],[10,-3],[-8,-25],[18,-1],[-1,-14],[10,1],[1,-11],[16,-9],[-9,-17]],[[4361,2018],[-8,-8],[-24,-9],[5,-14],[-7,-10],[-10,-1]],[[4246,1838],[2,-12],[-32,-18],[0,-8],[-16,6],[-14,-1],[-12,-8],[-19,-4],[-15,2],[-13,14],[-13,0],[-8,-22],[24,-30],[1,-11],[16,-16],[-3,-11],[48,-87],[8,-9]],[[4332,5431],[-9,-10],[-21,-2],[-7,-7],[-5,18],[-2,-26],[-34,-6],[4,-25],[-39,16],[-4,-33],[-18,3],[-1,-11],[-42,5],[-4,-19],[-18,-12],[-33,-16],[-11,-16],[9,-7],[-11,-14],[3,-24],[7,-21],[0,-19]],[[4096,5205],[-3,-24],[-12,-18],[-20,2],[-3,-23],[-23,10],[-3,-15],[4,-23],[-58,-6],[-5,-12],[-56,11],[-59,27],[-35,6],[-8,-2]],[[3815,5138],[-6,2],[19,46],[9,8],[11,26],[-6,29],[-7,-1],[0,20],[-22,-2],[-10,28]],[[4000,6005],[22,6],[28,-10],[16,2],[6,-37],[16,-1],[21,9],[18,-11],[16,17],[23,14],[47,41],[-6,24],[12,10]],[[4219,6069],[25,-10]],[[8264,2385],[14,-16],[10,1],[12,-10],[-6,-19],[3,-25],[7,6],[10,-13],[-12,-10],[10,-15],[-19,-8],[-25,10],[-21,18],[-16,4],[1,27],[-19,14],[-4,25],[-14,15],[-4,-16],[7,-30],[-17,0],[-10,9],[5,19],[-8,12],[-17,-4],[-15,-11],[-20,10],[15,-43],[-4,-14],[-14,12],[-10,1],[-19,-22],[0,-9],[-12,8],[-11,-28],[-9,3]],[[8052,2286],[-3,9],[10,3],[-3,15],[-23,-6],[-3,-11],[-18,9],[0,11],[-27,2],[-19,19],[1,5],[-22,0],[2,-18],[14,-6],[-19,-20],[-9,-18],[-13,-5],[-62,-11],[7,-25]],[[7865,2239],[-14,-10],[-4,10],[-14,7],[-6,23],[27,10],[-3,15],[-9,6],[8,9],[-7,30]],[[7843,2339],[21,-10],[13,0],[10,26],[-9,5],[20,50],[16,-7],[7,20],[-3,63],[28,0],[-22,102],[9,24],[17,26],[0,12],[12,-9],[-2,12],[9,-4],[31,-2],[6,8],[9,-13],[-2,-15],[9,-13],[20,21],[19,-1],[14,13],[13,3],[-2,15],[6,12],[-24,-6],[-7,-11],[-2,13],[7,10],[43,11],[1,30],[13,21],[-14,10],[-17,0],[-11,14],[-25,-6],[-1,5],[21,12],[9,-4],[20,4]],[[8105,2780],[3,-7],[24,3],[36,-10],[6,5],[65,-28],[2,-9],[18,-8],[19,-22],[7,7],[39,13],[3,-10],[21,-12],[17,9],[3,-8],[10,6]],[[8632,6607],[-16,-13],[-4,17],[6,29],[-10,7],[5,7],[-22,32],[-23,14],[-3,16],[8,22],[7,-8],[13,2],[7,-8],[20,1],[8,23],[-3,18],[20,27],[-12,24],[-7,4],[1,14],[9,19],[-14,0],[-3,9],[12,14],[13,30],[18,3],[23,20],[35,16],[4,37],[-27,-8],[-16,3],[-8,9],[-3,25],[-10,13],[8,33],[-12,2],[-21,-11],[-28,-2],[-23,20],[-2,-5],[-25,5],[-3,8],[-13,0],[3,9],[-25,14],[-8,-7],[-16,5],[-23,-26],[4,-3],[-24,-54],[-5,0]],[[8447,7013],[0,9],[-40,17],[7,11],[-6,17],[-16,9],[-13,1],[-8,18],[-8,-2],[-6,42],[-15,0],[1,25],[-7,-1],[-9,41]],[[8327,7200],[15,4],[-4,14]],[[8974,7433],[3,23],[32,-4],[22,19],[-19,3],[5,34],[43,-6],[16,9],[12,-10],[6,5],[18,-4],[-2,-5],[65,-16],[-1,-14],[-11,-8],[19,-8],[13,4],[1,-17],[24,16],[3,-18],[-6,-16],[9,-20],[5,2],[18,-15],[3,-25],[8,-6],[-5,-29],[-11,2],[-3,-9],[30,0],[22,-18],[9,14],[4,-7],[18,-3],[44,-16],[-14,-38],[-9,4],[-2,-17],[-10,-12],[-9,7],[4,-33],[11,3],[13,-21],[-2,37],[31,2],[-9,-12],[18,-14],[3,15],[58,-22],[116,-47],[5,-25],[30,-10],[2,14],[18,5],[7,-10],[64,-8],[4,22],[28,-4],[2,13],[24,-9],[13,9]],[[9764,7139],[0,-1],[0,-1],[4,-26],[-3,-4],[5,-9],[1,-1],[-1,-1],[-11,-9],[-3,-6],[-4,-5],[-11,-28],[0,-2],[-1,-1],[2,-6],[1,-8],[0,-1],[-6,-5],[-10,-33],[1,-1],[0,-2],[8,-19],[1,-5],[2,-2],[1,-1],[13,-25],[8,-8],[11,-11],[-5,-16],[13,-8],[8,-62],[-1,-7],[-1,-14],[15,-30],[-4,-5],[-26,-29],[0,-59]],[[9771,6688],[-36,-2],[-14,12],[-12,3],[-34,-1],[-9,14],[-18,16],[-1,15],[-20,-3],[-13,9],[-18,-3],[-10,10],[-17,2],[-16,-19],[-54,-8],[-14,5],[-10,-4],[-3,42],[18,19],[-33,1],[-16,-11],[-3,-8],[-21,-2],[22,14],[-19,19],[-22,6],[-7,-10],[-18,-1],[-15,12],[2,6],[-11,14],[-11,-10],[-22,-10],[-26,-7],[-1,-28],[-14,2],[0,8],[-44,2],[0,-62],[-7,0],[2,-14],[16,0],[5,-28],[-22,-19],[-9,3],[-17,-7],[-13,4]],[[8636,8433],[-27,35],[-28,16]],[[8581,8484],[-9,8],[-6,19],[-12,9],[0,19],[-5,27],[-11,9],[-9,26],[-1,14],[-29,21],[-8,9],[-33,11],[-3,24],[8,12],[-1,14],[17,7],[14,12],[1,25],[-10,5],[-18,25],[-6,20],[-8,7],[-3,17],[-13,-7],[3,-8],[-34,-7],[-2,18],[-10,8],[2,12],[-18,2],[0,11],[-11,13],[-7,19],[9,1],[-6,11],[-16,1],[-6,14]],[[8340,8912],[2,10],[14,4],[-5,7],[17,10],[8,-5],[-2,14],[11,9],[5,31],[21,4],[6,-6],[10,18],[10,0],[-3,15],[35,-12],[17,20],[16,28],[24,-13],[26,-8],[33,15],[18,12],[6,12],[17,-15],[21,18],[-6,10],[9,30],[-16,8],[5,9],[21,13],[4,15],[-15,23]],[[8649,9188],[3,2],[17,11],[25,61],[13,5],[5,2],[33,-2],[0,-7],[-1,-9],[48,-6],[27,-9],[23,-11],[25,-3],[-15,-34],[-1,-2],[7,-5],[8,-6],[25,-7],[13,-4],[16,-14],[-2,-2],[-10,-11],[-9,-30],[7,-5],[43,-25],[48,30],[19,-11],[-5,-21]],[[9011,9075],[0,0]],[[9011,9075],[0,-1]],[[9011,9074],[-4,-16],[-13,-1],[-9,-17],[18,-18],[-5,-12],[-33,-24],[5,-7],[16,9],[-14,-19],[6,-12],[9,5],[9,-13],[-7,-9],[14,-7],[-7,-5],[14,-24],[-10,-46],[-29,6],[-9,-23],[-2,-27],[-13,7],[-10,-23],[14,-10],[-11,-14],[0,-24],[6,-15],[5,4],[26,-14],[-14,-17],[10,-12],[15,3],[10,9],[10,-11],[-2,-9],[-11,2],[-21,-6],[-6,-16],[-5,9],[-15,-12],[13,-15],[21,3],[17,-34],[-5,-20],[-10,2]],[[8984,8601],[-3,7],[-87,-26],[-20,10],[-14,-4],[-15,5],[-62,-15],[-4,-6],[-8,14],[-42,-27],[15,-48],[-36,-4],[-13,7],[0,-18],[19,-17],[-5,-11],[-30,-27],[-5,10],[-21,-18],[-7,10],[-10,-10]],[[8794,8654],[25,5],[11,8],[-13,24],[10,5],[5,-10],[18,-3],[0,12],[-12,9],[-5,15],[7,2],[-6,18],[12,3],[-13,9],[-7,13],[11,7],[-9,28],[-2,24],[4,7],[-23,18],[-18,-13],[-1,-31],[-39,-9],[-20,-32],[4,-22],[-12,-19],[17,5],[10,-28],[-7,-9],[12,-7],[5,-14],[-7,-13],[5,-6],[36,-15],[2,19]],[[960,4152],[26,5],[17,17],[21,7],[37,37],[14,-1],[-1,-29],[9,-4],[34,4],[24,-8],[8,-20]],[[1149,4160],[21,-40],[-40,-13],[12,-45],[-4,-7],[-16,-1],[19,-69],[0,-20],[18,6],[5,-27],[1,-32],[47,-45],[-29,-10],[-11,25],[-26,-8],[-21,6],[4,-11],[-16,-9],[2,-22],[-15,-22],[-21,-15],[8,-7],[0,-25],[4,-15]],[[1091,3754],[-11,-4],[6,-19],[-15,-30],[-27,7],[-14,-6],[-1,-32],[-26,-32],[-4,-22],[4,-8],[-7,-13],[9,-1],[-6,-21],[6,-3],[-10,-13],[23,-41],[1,-22],[16,-36],[7,-3]],[[1042,3455],[-21,-8],[-3,-1],[-13,-33],[-26,-4],[-8,17],[8,15],[1,1],[-17,3],[-12,2],[-1,6],[-8,4],[-10,5],[-2,-16],[-18,0],[-6,14],[-12,3],[-22,-23],[-1,-1],[-12,3],[0,-2],[-15,-30],[-2,-4],[21,-21],[12,11],[5,4],[1,-2],[10,-31],[0,-3],[-6,-5],[3,-15],[-3,-27],[-21,-28],[9,-16],[-3,-19],[0,-1],[5,-46],[1,-8],[-15,1],[-4,-2],[-4,-1],[-16,-10],[-17,9],[-8,4],[-23,7],[-15,4],[-15,-4],[-3,2],[-15,4],[-3,-11],[-40,0],[-4,22],[2,5],[14,16],[8,8],[1,3],[22,24],[1,1],[8,24],[4,4],[11,3],[6,9],[-1,21],[2,8],[6,18],[15,11],[2,24],[7,17],[1,0],[7,18],[2,5],[0,1],[3,20],[2,4],[3,0],[4,17],[7,23],[6,8],[7,23],[10,17],[0,1],[4,24],[0,18],[-5,8],[17,23],[1,0],[0,19],[-6,17],[3,5],[7,8],[-8,23],[1,1],[10,6],[-3,9],[8,18],[-1,3],[5,18],[1,1],[-1,1],[1,4],[-1,17],[0,1],[3,9],[0,3],[6,23],[16,26],[0,1],[0,1],[-1,21],[-4,63],[-20,11],[-4,27],[-8,5],[-5,4],[-1,1],[-1,8],[-7,8],[-6,11],[-6,40],[-1,4],[1,0]],[[849,4047],[37,-1],[-3,18],[9,33],[53,6],[12,20],[3,29]],[[4361,2018],[17,-9],[17,12],[9,-2],[8,9],[13,-8]],[[4523,1849],[-12,-1],[-1,-37],[8,-8],[-13,-9],[-21,-3],[-5,-8],[-3,-2]],[[4390,1775],[-18,-2],[-4,20],[-22,7],[1,11],[-25,0],[8,17],[-2,19],[-19,10]],[[3245,3601],[17,-1],[1,-8],[23,2],[16,-21],[-11,-16],[10,-18],[22,-3],[4,-8],[26,-1],[19,-5],[15,-11]],[[3387,3511],[16,-14],[-15,-30],[-5,-24],[15,-16],[15,-4]],[[3413,3423],[-2,-15],[-24,-7],[-19,10],[-8,-8],[24,-15],[-10,-17],[-3,10],[-33,-6],[-5,11],[-18,-14],[-14,-5],[0,-41],[8,-11],[-10,-19],[-3,-26],[-22,3],[-2,11],[-33,12],[1,-13],[-18,-30],[45,-20],[-3,-23],[-10,0],[0,-23],[-26,-8],[-9,-9],[-21,-3],[14,-39],[-24,-11]],[[3188,3117],[-13,4],[-24,-11],[4,14],[-40,38],[-5,28],[-9,2],[-5,-13],[-22,33],[-4,-37],[-10,8],[-26,0],[-12,12],[-8,-29],[-8,7],[-11,-23],[-16,19],[3,14],[-12,7],[-2,14],[-12,7],[2,15],[-17,4],[5,10],[-7,17]],[[510,7767],[4,-15],[12,4],[7,14],[19,1],[6,-9],[-4,-29],[14,-4],[9,-13],[-1,-17],[-7,-3],[4,-12],[-4,-26],[9,-1],[7,-12],[2,-22],[-12,-26],[8,-14],[10,1],[18,13],[9,16],[17,-5],[-15,-16],[5,-10],[-35,-23],[9,-14],[40,4],[12,-7]],[[429,7459],[7,9],[17,4],[8,9],[-34,13],[-19,-2],[3,15],[-44,19],[-23,13],[16,11],[0,17],[-16,1],[11,16],[3,16],[-37,13],[20,10],[5,16],[-12,23],[2,6],[-17,17],[6,15],[15,4],[3,-8],[39,-3],[1,8],[26,3],[16,-6],[4,9],[33,9],[-5,20],[-8,13],[-9,-3],[-11,8],[2,11],[15,8],[22,-11],[17,10],[25,-5]],[[1315,4764],[-45,-21],[7,-17],[10,-9],[-8,-7],[-8,7],[-14,-4],[-2,-10],[-26,-16],[-10,-1],[-9,15],[-26,-5],[0,24],[-13,-3],[-11,9],[-17,2],[-3,-22],[-15,4],[-5,-15],[-14,-2]],[[1106,4693],[-5,28],[-12,43],[-18,4],[-9,-29],[-10,-17],[-19,-8],[-23,9],[-1,15],[-17,7],[11,17],[13,-7],[1,12],[9,1],[-9,35],[27,4],[-17,68],[-76,-13],[29,41]],[[1179,5363],[20,-8],[2,-8],[27,-6],[10,-7],[48,3],[-14,-23],[7,-13],[32,26],[15,-3],[27,-13],[9,12],[10,2],[27,26],[14,3],[11,-6],[19,15],[21,11],[14,28],[9,3],[-5,17],[25,10],[-3,9],[25,10],[15,-37],[18,8],[1,14],[8,1],[3,-14],[20,5],[10,8],[6,18],[-1,13],[36,4],[30,27],[22,-5],[25,10]],[[1511,4975],[-8,16],[9,9],[-7,10],[17,11],[2,15],[-23,20],[-22,-8],[-1,29],[8,12],[14,6],[-8,9],[13,5],[3,12],[-6,10],[4,18],[-27,3],[-2,15],[-14,14],[-3,12],[-21,5],[-33,-2],[3,-13],[-10,2],[-18,-30],[-33,12],[-14,-3],[-9,6],[-18,-13],[10,-10],[5,-17],[-12,-18],[-8,2],[4,-16],[-27,-47],[33,-4],[10,-10],[12,-31],[12,-17],[4,-20],[-19,8],[-16,-8],[-22,16],[3,-18],[13,-3],[-15,-25],[0,-19],[5,-3],[-4,-37],[5,-11],[17,-4],[-1,-18],[23,-5]],[[3373,2180],[-21,9],[-7,15],[-14,14],[-10,2],[0,39],[12,15],[-7,15],[-2,50],[8,3],[-15,20],[0,7],[22,-6],[8,4],[-1,18],[19,14],[36,19],[1,-16],[18,-17],[3,16],[8,10],[15,5],[13,17],[14,9],[4,10],[24,19],[1,7],[18,0],[7,12],[12,3],[1,17],[-4,33],[7,-4],[16,6],[29,-3],[3,12],[-21,15],[61,91]],[[3631,2660],[51,-42]],[[3682,2618],[-44,-64],[-12,-12],[1,-29],[8,-21],[-4,-3],[-1,-27],[-10,-9],[2,-22],[12,-22],[10,25],[19,-10],[0,-14],[12,7],[10,-5],[8,17],[-6,9],[10,2],[18,-12],[-18,-37],[6,0],[23,25],[22,-11],[10,1],[-18,-16],[4,-15],[13,0],[-2,-12],[36,-14],[-7,-34],[4,-6],[8,21],[18,-5],[1,-8],[19,8],[4,-6],[27,-2],[9,4],[8,-10],[8,12],[10,-21]],[[3620,2223],[-16,4],[-7,2],[-1,4],[-5,21],[-3,2],[-1,2],[-4,2],[-5,4],[-20,7],[-3,1],[2,-45],[-18,-20],[-12,-9],[-8,-13],[-40,-19],[-19,22],[-3,-2],[0,1],[-7,-4],[-21,-9],[-11,-2],[-20,4],[-24,4],[-1,0]],[[9088,2905],[-11,9],[-15,22],[7,14],[-7,8],[29,8],[4,12],[10,0],[-7,17],[28,-13],[2,10],[35,-7],[-4,-24],[4,-12],[-13,-13],[-17,-35],[-18,-5],[-27,9]],[[2635,4255],[-23,1],[-32,9],[-15,9],[-33,-3],[-4,-7],[-15,3],[9,38],[-41,5],[-20,-12],[1,-10],[-10,-4],[-22,5],[1,8],[-20,2],[-16,-7],[-3,-8],[-17,12],[-12,-16],[-25,3]],[[2287,4769],[21,1],[11,5],[16,-7],[13,3],[15,-8],[21,1],[32,-3],[-6,-22],[4,-3],[33,5],[4,-28],[15,-3],[5,-8],[19,-2],[16,8],[13,-9],[-8,-15],[5,-23],[37,-29]],[[5424,8423],[-7,-39],[-19,-22],[-9,-36],[-11,-6],[-2,-14],[7,-3],[-39,-51],[21,-18],[-29,-37],[11,-8],[-23,6],[-3,23],[-79,27],[-54,2]],[[5188,8247],[-33,16],[-27,-1],[-52,28],[-38,4],[-48,-46],[-25,-16],[-9,8],[9,6],[-20,22],[-4,13],[12,13],[-9,9],[-13,-3],[-14,16],[2,10],[-22,12],[-3,-7],[-23,-16],[-7,4],[-5,18],[-17,1],[16,23],[-31,27],[10,14],[-39,-9],[-30,21],[-17,8],[-7,-11]],[[4744,8411],[-9,13],[-11,31],[3,19]],[[5188,8247],[-12,-17],[-1,-22],[-12,-35],[4,-30],[-10,-21],[-14,-15],[-13,-3],[-25,-32],[-16,-14],[-11,-21],[11,-39],[-10,1],[1,-36],[-12,-23],[-10,10],[-14,-1],[-16,-27],[-11,-7],[-13,-18],[-8,-3],[-2,-34]],[[4994,7860],[-31,14],[-48,0],[-41,-8],[-20,6],[-1,-9],[-45,-3],[-18,5],[-9,-20],[-12,-3],[6,21],[-19,16],[-14,0],[-50,9],[-52,4],[-12,-4]],[[4628,7888],[-23,54],[2,24],[15,27],[14,16],[19,46]],[[4655,8055],[19,17],[37,26],[12,23],[-2,18],[-13,27],[-4,23],[12,43],[-11,25],[1,26],[26,42],[20,45],[3,21],[-11,20]],[[5031,2246],[-4,29],[-7,3],[35,38],[-6,20],[-1,35],[9,21],[7,-16],[20,22],[20,3],[5,19],[-18,8],[6,20],[-3,18],[9,-1],[0,12],[12,-19]],[[5115,2458],[42,-23],[-2,-19],[7,-11],[-1,-20],[8,-6],[2,12],[9,-9],[14,8],[8,-7],[9,6],[6,-23],[9,5],[18,-19],[13,-8],[15,-17],[-4,-2],[49,1],[7,6]],[[5324,2332],[23,-11],[5,-17],[-7,-23],[3,-17],[-9,2],[-24,-10],[-35,22],[-1,-15],[-8,-10]],[[5271,2253],[-11,9],[-11,-1],[-30,7],[-3,-13],[-11,-11],[6,-7],[-23,-8],[-7,-9],[-15,2],[-16,-13]],[[5150,2209],[-22,11],[-11,-11],[2,20],[-24,-3],[-1,15],[-33,11],[-9,-5],[-21,-1]],[[4804,6479],[-38,-10],[-2,-7],[-38,-2],[-12,4],[-12,-9],[-9,-30],[-10,-14],[26,-4],[5,-17],[1,-39],[12,-7],[-4,-28],[0,-30],[-18,7],[6,-22],[13,-16],[7,-28],[-37,22]],[[4374,6356],[-2,46],[-5,18],[41,-8],[3,10],[17,13],[32,-8],[11,3],[11,34],[10,16],[-13,29],[-25,-4],[-4,15],[-12,14],[-19,-8],[-10,17],[-12,-1],[13,23],[-12,16],[7,2],[7,20],[8,-2],[11,43]],[[4431,6644],[7,-2],[9,-16],[-3,-5],[14,-12],[17,11],[-6,7],[6,9],[19,10],[-3,13],[10,9],[7,-7],[7,12],[15,-2],[12,7],[14,-2],[5,43],[13,2],[4,11],[11,6],[30,-32],[16,-8],[44,-7],[12,-11],[11,-33],[18,-21],[35,-15],[10,-10],[8,-31]],[[3815,5138],[16,-33],[13,-19],[4,-18],[-30,-9],[-16,-30],[12,-17],[5,-18],[-15,-1],[10,-17],[12,-11],[7,-19],[-6,-5],[4,-15],[18,-16],[2,-19],[10,-9],[17,-4],[7,-31],[-4,-9],[8,-18],[-6,-23],[13,-20],[15,-7],[-1,-10]],[[3910,4760],[-10,-12],[8,-5],[-6,-8],[-25,-9]],[[3877,4726],[-22,7],[3,25],[-21,11],[-18,2],[-15,-12],[-36,10],[-26,2],[1,6],[-22,9],[-43,8],[-6,-6],[-40,-12],[-14,2],[-2,12],[-14,19],[-2,14],[-35,-2],[-4,-8],[-30,-6],[-8,4],[-8,-8],[0,-15]],[[5757,1088],[-17,-1],[-5,-6],[3,-29],[-11,-28],[-12,-8],[-26,-6],[-27,3],[-22,-14],[-9,9],[-13,-11],[9,-6],[-11,-16],[-17,1],[-6,6],[-30,5],[-21,-7],[-5,12],[-17,16],[2,5],[-31,34],[-8,17],[-29,-2],[-2,-21],[8,-14],[-4,-15],[-15,-13],[-14,-2],[-13,-13],[-20,-6]],[[5394,978],[-1,0],[-18,14],[-32,11],[-1,1],[-9,13],[6,15],[-7,15]],[[5621,1418],[11,-17],[-11,0],[-8,-12],[6,-16],[-12,-23],[8,-7],[35,9],[13,-1],[4,-15],[1,-29],[-20,-8],[-12,-16],[16,-15],[-4,-12],[14,-14],[-6,-6],[5,-33],[43,9],[8,-1],[20,10],[26,-7],[13,3],[1,-12],[-12,-25],[-9,1],[-2,-14],[20,-42],[1,-21],[-13,-16]],[[7457,6086],[1,-11],[14,-28],[10,-4],[5,-19],[15,-9],[29,-8],[7,13],[20,-7],[5,5],[8,-22],[7,-3],[16,-31],[4,-20],[-6,-26],[-5,13],[-18,-9],[-43,14],[17,-14],[22,-37],[5,-31],[10,-20],[-3,-13],[-13,-13]],[[7564,5806],[2,-19],[-17,17],[-2,-9],[-14,7],[6,-18],[-11,-5],[-14,9],[-11,-1],[-10,-15],[-14,9],[11,-23],[-2,-6],[-15,7],[11,-23],[-30,18],[-14,3],[3,-29],[-15,-6],[-48,-5],[-10,-18],[-13,3],[-2,-17],[-9,-23],[11,-7],[-5,-17],[-29,18],[-28,4],[-34,0],[-10,-6],[26,-15],[-15,-10],[21,-3],[36,-24],[-16,-14],[-53,7],[-17,9],[-10,-3],[-17,7],[-26,1],[-22,7],[-8,-6],[5,-14],[-44,-8]],[[7111,5588],[-60,-11],[-11,1],[5,16],[-14,19],[-1,24],[-21,-20],[-44,-10],[-4,19],[-13,18],[-10,46],[12,3],[-4,23]],[[6946,5716],[2,9],[14,12],[15,29],[-9,7],[-10,22],[-1,32],[22,9],[-5,22],[-16,20],[14,18],[-3,24],[-17,25],[1,10],[-28,2],[16,51],[14,1],[36,18],[12,0]],[[7003,6027],[10,-2],[10,-14],[10,12],[4,20],[18,-3],[30,13],[15,-4],[20,3],[26,-6],[20,5],[9,-24],[-2,-28],[21,3],[18,-2],[4,-28],[28,-9],[-5,-17],[35,-9],[12,-6],[18,19],[34,6],[-3,-17],[14,11],[18,5],[0,11],[23,-1],[0,24],[11,27],[36,-4],[3,14],[-17,-2],[-6,6],[-5,28],[6,28],[16,5],[4,-6],[19,1]],[[257,8169],[59,7]],[[316,8176],[78,9],[60,16],[18,16],[18,-39],[9,-5],[16,8],[15,-5],[3,-9],[42,14],[-4,12],[23,2],[6,8],[2,42],[10,-5],[0,12],[10,-2],[6,-20],[8,-2],[31,14],[18,-4],[12,-26],[17,1],[20,18],[5,22],[13,-13],[18,7],[6,-16],[12,7],[17,-17],[15,-36],[18,-7],[-1,-10],[18,7],[30,25],[9,-6],[23,0],[24,8],[5,-5],[11,15]],[[957,8212],[15,-10],[48,-2],[16,-26],[7,-24],[22,-10],[-1,-15],[16,-6],[8,-17],[8,-5]],[[1096,8097],[9,-10],[-5,-14],[20,-3],[4,-16],[6,4],[5,-13],[-5,-7],[3,-21],[21,-12],[-6,-22],[27,1],[-2,-26],[13,-13],[-5,-9],[19,-3],[0,-6],[-17,-9],[-37,9],[-8,-17],[-11,-1],[-6,-9],[-7,17],[-31,9],[4,-29],[-1,-23],[-31,-11],[-7,12],[-1,-17],[-6,-4],[-3,-24],[-20,-12],[10,-18],[37,-4],[4,-8],[20,1],[9,-26],[12,-1]],[[510,7767],[-2,18],[-10,11],[-14,5],[-11,36],[0,43],[-11,6],[-6,15],[-7,34],[-13,31],[-28,34],[-10,7],[-18,40],[-21,25],[-102,97]],[[3986,2659],[-13,-1],[-10,12],[-28,-10],[-14,1],[-11,12],[-29,-22],[-16,5],[-6,-9],[-39,0],[-6,8],[-7,-12],[-23,5],[-19,-3],[-13,-35],[-5,-30],[-6,-11],[-59,49]],[[3631,2660],[-17,9],[-24,27],[-29,-31],[-32,-10],[-6,17],[-11,-3],[-18,14],[0,-17],[-18,-1],[-1,28],[-21,-1],[6,10],[-9,12],[-1,12],[-15,5],[-8,-17],[-14,7],[-1,-13],[-22,5],[-12,13],[-18,0],[-8,13],[-16,-1],[4,13],[-4,12]],[[3336,2763],[12,22],[-2,16],[7,3],[-6,11],[14,36],[0,16],[11,32],[2,36],[13,25],[20,4],[2,-20],[41,-13],[33,12],[-8,-15],[17,-25],[22,-26],[2,8],[18,-3],[5,11],[-13,8],[6,8],[-2,16],[8,25],[7,8],[26,-25],[10,14],[23,-6],[9,13],[-17,19],[11,-1],[-5,45],[19,4],[3,19],[-13,14],[-20,6],[-7,13],[-24,1],[-23,25],[-10,3],[0,12],[-16,-2],[-30,10],[-10,13],[5,27],[-13,13],[16,19],[33,-8],[-7,28],[14,4],[-3,8],[12,25],[15,-3],[4,8],[8,-9],[7,18],[-9,4],[-1,13],[9,2]],[[3561,3284],[6,-8],[33,-12],[16,10],[17,-16],[8,10],[12,-15],[19,-9],[12,-30],[-23,2],[26,-24],[2,3],[29,-9],[11,-13],[0,-13],[13,-15],[31,3],[-2,30],[3,6],[-17,3],[-3,21],[12,16],[7,45],[44,-8],[7,42],[8,7],[7,59],[41,-8]],[[3880,3361],[0,-11],[47,-28],[9,-30],[14,-11],[11,-16],[25,-6],[-13,-18],[-8,-57],[-5,-22],[2,-35],[5,-26],[27,7],[-3,19],[32,11],[9,-4],[5,9],[11,-6],[8,6],[17,-32],[-3,-23],[28,-13]],[[4098,3075],[-2,-24],[25,-3],[-8,-25],[12,5],[6,-15],[-14,-15],[1,-7],[-16,-7],[17,-21],[22,-15],[15,3],[9,8],[26,-43],[21,-1],[-2,-13]],[[3336,7883],[2,26],[21,21],[-19,10],[5,26],[16,-1],[8,21],[16,80],[5,13],[-28,8],[-25,-5],[-11,16],[4,12],[13,8],[-8,21],[0,15],[-19,28],[-9,20],[-8,-4],[-32,4],[-20,7],[-3,21],[-8,11],[-11,-3],[-5,21],[22,9],[-4,10],[-22,-2],[-4,52],[-12,-2],[-1,19],[-9,11],[-13,-12],[-10,3]],[[3167,8347],[6,8],[14,41],[8,8],[-2,10],[17,19],[7,17],[19,13],[12,-21],[11,16],[6,-25],[6,-7],[13,11],[14,2],[3,12],[28,-20],[19,-5],[12,6],[3,11],[12,9],[-7,6],[2,19],[19,35],[-1,14],[13,0],[0,11],[32,0],[0,11],[11,-1],[0,33],[6,-1],[1,40],[36,0],[29,-9]],[[4524,2350],[-1,52],[-11,26],[-12,5],[-2,15],[-18,11],[11,17],[3,20],[22,7],[4,15],[-18,3],[-2,9],[-11,-2],[7,24],[14,-3],[9,15],[-15,44],[12,3],[16,16],[-17,17],[-13,6],[-20,-10],[9,14],[-17,-2]],[[4468,2745],[55,-16],[11,-10],[24,-2],[18,-2],[16,15],[21,0],[5,-5],[27,-8],[-5,-2],[6,-26],[22,-8],[27,-16],[12,-17],[1,-10],[17,14],[-4,11],[15,12],[0,10],[-46,22],[-8,10],[26,38],[3,12],[21,-30],[10,-23],[31,-5],[-1,-12],[43,-4],[1,11],[15,-2],[2,-12],[24,-2],[12,8],[-2,-21],[28,-3],[-6,-11],[-1,-22],[16,2],[5,-6],[-12,-11],[-12,-2],[24,-24],[9,-43],[26,25]],[[4944,2580],[36,7],[19,18]],[[4999,2605],[-3,-19],[4,-12],[-19,-7],[-2,-13],[8,-3],[-6,-17],[-17,1],[5,-20],[-4,-11],[-10,0],[-1,-11],[-19,-6],[-6,-19],[-3,11],[-14,0],[-10,9],[-15,4],[2,-13],[-12,-34],[-23,3],[2,-14],[-5,-13],[-15,-3]],[[6723,6629],[10,-15],[9,-33],[-8,-10],[4,-8],[19,-10],[18,3],[27,-30]],[[6590,6345],[-10,5],[-6,-13],[-15,10],[-5,21],[-17,-10],[-18,-1],[-7,17],[-14,-1],[-22,8],[-1,18],[-30,-5],[3,-16],[-16,-7],[-1,-10],[-27,-12],[-1,16],[-21,-13],[-2,-14],[-22,16],[10,10],[-13,11],[-19,-8],[2,16],[-10,10],[-19,4],[-6,8],[-16,-2],[-23,-14],[-18,10],[1,14],[8,8],[-27,1],[-17,18],[6,16],[-8,8],[-21,-11],[-30,31],[-31,-14],[-18,6],[-30,27],[-4,23],[5,10],[-3,13],[26,13],[24,28]],[[6127,6590],[8,-6],[19,11],[17,-2],[3,-15],[40,13],[13,-2],[-3,11],[17,16],[12,-3],[13,12],[-5,7],[11,11],[-2,17],[12,21],[5,27],[27,6],[6,10],[0,16],[-14,24],[-1,10],[24,9],[37,1],[-9,26],[18,15],[14,18],[13,2],[4,-11],[9,3],[-7,11],[-9,30],[20,20],[3,15],[18,-11],[7,12],[-12,16],[-14,1],[-2,18],[19,-3],[0,17],[-6,16],[18,13],[0,23],[22,4],[11,12],[16,-11],[5,-10],[21,2],[2,-11]],[[6527,7001],[6,-18],[11,-4],[-3,-33],[3,-12],[-7,-13],[7,-15],[-14,-10],[16,-14],[11,-32],[-4,-9],[8,-10],[20,9],[1,9],[12,-11],[-5,-9],[27,-4],[-2,-7],[30,-5],[18,5],[1,-26],[-8,-12],[-20,-14],[12,-11],[21,-1],[-4,-16],[10,-10],[12,2],[2,-9],[-9,-8],[6,-14],[13,-7],[-6,-16],[7,-13],[13,-4],[0,-19],[11,-11]],[[4098,3075],[9,12],[26,20],[9,17],[22,-25],[-7,17],[12,-14],[15,-3],[7,-11],[27,12],[-21,38],[0,11],[26,12],[4,6],[-18,24],[0,18],[-6,16],[4,12],[-9,31],[13,30],[-13,18],[5,8],[32,-6],[13,13],[0,10],[-14,28],[-6,5],[-1,18],[-9,35],[2,11],[-17,5],[-21,13],[-3,-11],[-13,5],[1,13],[-8,8],[14,8],[1,14],[12,14],[19,8],[8,13],[-4,34],[6,21],[-33,9],[-2,20],[2,41]],[[4182,3653],[18,9],[17,-4]],[[4217,3658],[17,2],[14,-17],[25,-7],[13,3],[3,-15],[14,-5],[16,1],[12,9],[5,-27],[12,-8],[-3,-13],[11,-2],[9,15],[17,8],[5,20],[-5,31],[6,11],[16,-5],[16,2],[14,-34],[-5,-21],[16,-22],[-1,-20],[31,-1],[15,-8],[1,-9],[13,-14],[27,-16],[8,5]],[[4539,3521],[-1,-14],[24,-57],[-16,-13],[-24,-5],[12,-27],[-6,-34],[-18,-1],[-1,-6],[-20,0],[-10,-18],[18,-41],[18,0],[6,-20],[-5,-22],[-14,-26],[-2,-14],[-10,-22],[-8,-29]],[[4482,3172],[-27,-3],[-30,-30],[4,-21],[-1,-20],[-39,-14],[-18,-2],[-1,-7],[18,0],[-5,-14],[9,-4],[0,-17],[9,4],[0,-13],[23,-25],[14,0],[9,-7],[-10,-13],[-19,13],[-3,-35],[-29,-10],[-10,0],[-2,-22],[-23,-9],[0,-9],[17,-16],[-17,-14],[5,-13],[8,2],[9,-11],[-10,-3],[-2,-11],[28,-9],[-9,-2],[-7,-29],[10,-3],[-3,-15]],[[7859,6204],[3,14],[-8,1],[6,12],[-1,16],[-20,3],[-25,-1],[-10,5],[-16,-15],[3,26],[-12,5],[-7,-5],[8,21],[1,31],[-16,11],[-10,15],[-11,-16],[-14,9],[-29,-10],[-21,-15],[-9,-20],[-8,-4],[-10,8],[-20,-18]],[[7633,6277],[-11,15],[-10,-7],[-34,2],[-5,-15],[-14,-4],[-6,21],[12,12],[17,3],[-16,34],[-14,-2],[-15,18],[4,-19],[-21,0],[-9,51],[5,13],[41,-6],[-3,27],[13,0],[-6,13],[0,22],[-11,20],[11,-7],[12,1],[5,11],[-15,14],[2,9],[-29,-2],[0,23],[-25,0],[0,14],[-18,2],[-3,23],[-12,8],[-16,-3]],[[7820,6817],[15,-2]],[[7835,6815],[26,-11],[-2,-17],[-11,-8],[16,-1],[11,-12],[-4,-14],[17,-6],[-1,-7],[-16,-11],[1,-7],[-21,-7],[3,-15],[12,-6],[4,-13],[-6,-12],[3,-28],[17,16],[14,-6],[-12,-30],[13,-8],[-2,-16],[21,-1],[25,-14],[0,6],[17,28],[12,-22],[11,-11],[18,15],[8,-8],[24,19],[36,-6],[-3,49],[12,3],[22,-12],[38,15],[14,-26]],[[8152,6631],[-9,-12],[-6,-28],[9,10],[20,7],[2,-15],[-4,-17],[-31,-13],[2,18],[-15,4],[1,-13],[-19,-4],[19,-33],[22,-64],[17,9],[2,-28],[-3,-22],[11,2],[-8,-12],[20,0],[1,-10],[10,-3],[3,23],[9,6],[-5,13],[3,22],[9,-4],[29,4],[5,13],[-9,15],[11,2],[43,-5],[21,-7],[7,-30],[-10,-17],[0,-16],[-7,-17],[4,-6],[-2,-24],[-7,-18],[-4,-27],[10,-27],[-2,-30],[8,-20],[23,-12],[-14,-12],[-11,0],[3,-20],[-6,-9],[-13,-2],[-24,-19]],[[8267,6183],[-15,5],[-9,17],[-13,1],[2,20],[-24,37],[-41,20],[-30,2],[-18,19],[-29,8],[-14,21],[-37,2],[-16,-12],[-5,19],[-12,-8],[-35,-10],[-9,2],[-33,-17],[-9,-9],[-18,-3],[1,-6],[10,-20],[-9,-25],[4,-22],[-14,-21],[-35,1]],[[6072,1907],[25,-7],[28,15],[3,25],[14,-6],[3,29],[-6,18],[30,-7],[7,10],[9,-2],[10,-23],[-14,-14],[3,-26],[20,0],[12,-9]],[[6211,1881],[-13,-15],[-36,11],[-8,-8],[-1,-14],[-12,-12],[-15,-3],[-13,-19],[-16,5],[-6,-16],[-11,-9]],[[5864,1591],[-21,1],[-19,-17],[-17,4],[-9,-12],[-4,-23],[-10,1],[-14,-8],[-14,21],[-10,6],[0,15],[-23,4],[-10,9],[3,-32],[-21,-11],[-8,-22],[-13,-14]],[[5424,1730],[1,14],[26,3],[15,19],[21,-7],[4,15],[-20,20],[-1,19],[-16,25],[-1,11],[-14,21],[-24,10],[-11,18],[0,21],[-8,31],[15,-1],[-6,35],[2,16],[17,3],[-13,23],[-26,7],[12,11],[-7,9],[13,2],[25,-4],[14,4],[11,-6]],[[5453,2049],[11,-16],[10,5],[19,0],[19,14],[-4,15],[13,12],[6,29],[6,-3],[15,40],[2,15],[-10,4],[-3,20],[5,16],[-5,18],[16,-3],[15,8],[14,-13],[28,-6],[31,-22],[-3,-8],[19,4],[9,-7],[10,15],[22,-25],[3,-21],[9,-3],[4,12],[23,38],[4,-12],[16,-7],[8,14]],[[5765,2182],[10,7],[23,-12],[-13,-10],[-1,-13],[21,15],[0,18],[17,8],[32,-4],[26,13],[2,8],[15,-1],[13,9],[27,-6],[4,6],[18,-2],[2,13],[-8,4],[35,11],[-4,-14],[29,-9],[27,-16]],[[6040,2207],[-5,-25],[-16,-7],[-13,1],[-17,-20],[7,-14],[2,-18],[10,-7],[9,-19],[11,3],[13,-8],[-15,0],[-8,-34],[11,-4],[9,-26],[-15,-12],[8,-7],[0,-13],[-20,-10],[-2,-12],[35,-11],[13,-25],[9,-3],[-2,-20]],[[5827,1656],[6,-15],[12,0],[0,-19],[19,4],[6,-19],[-6,-16]],[[1712,4080],[-5,-3],[2,-20],[-11,-29],[-10,1],[-24,-40],[-20,-18],[-1,-31],[13,-21],[-13,-16],[-3,-19],[-21,-10],[6,-7],[-9,-10],[3,-20],[10,-17],[-4,-22]],[[1570,3696],[-25,14],[-7,14],[-9,2],[-18,15],[-27,-4],[-13,6],[2,-9],[-13,-4],[-10,11],[-11,0],[-1,24],[-10,-9],[-63,-32],[-14,0],[6,-15],[3,-27],[-7,-26],[-24,-24],[-12,-6],[0,-10],[-10,1],[-6,12]],[[1301,3629],[4,29],[-7,23],[-35,11],[-5,14],[9,17],[-38,25],[-20,17],[-34,-28],[-31,21],[0,-7],[-21,-5],[-32,8]],[[1149,4160],[14,2],[3,-14],[22,-9],[7,-16],[12,3],[-9,14],[4,19],[14,30],[-9,8],[6,39],[7,-5],[34,-1],[-2,19],[-8,-4],[-4,23],[4,26],[12,8],[2,25],[12,6],[10,-18],[42,9],[21,-13],[-1,-6],[17,-2],[2,24],[104,-97],[4,-2],[-15,-28],[20,-9],[22,27],[1,14],[10,0],[0,12],[11,0],[9,-12],[10,18],[3,28],[6,0],[5,23],[22,0],[0,9],[13,0]],[[1586,4310],[11,0],[5,-9],[25,2],[12,-11],[12,0],[0,-8],[29,0],[2,-17],[-8,-3],[23,-13],[30,-48],[-33,-7],[-6,-37],[3,-19],[-3,-14],[12,-9],[0,-8],[17,-9],[5,-12],[-10,-8]],[[3902,7526],[23,-13],[8,-12],[-6,-28],[-21,-1],[23,-13],[-11,-14],[3,-8],[30,-5],[7,12],[16,-1],[10,-25],[14,-16],[24,-18],[17,-22],[8,0],[6,-34],[48,-7],[8,-8],[34,7],[-15,-21],[19,-14]],[[4217,7143],[-11,-6],[2,-17],[-8,7],[-17,2],[-12,-13],[6,-18],[-6,-27],[-39,-16],[8,25],[-32,-8],[-36,-22],[-25,-19],[-18,9],[-15,-12]],[[4014,7028],[-8,10],[-3,20],[8,20],[11,11],[32,19],[12,19],[4,23],[-9,25],[-1,19],[-13,2],[-1,-30],[-15,2],[0,-13],[-29,2],[-17,-19],[-25,5],[-2,-10],[-17,-3],[-6,17],[-24,8],[-30,-1],[-18,6],[-3,-24],[-17,3],[4,24],[-6,1],[3,20],[8,12],[-5,13],[-18,1],[-27,-12],[15,-39],[-2,-13],[11,-37],[-15,-6],[4,-11],[-26,13],[-4,13],[7,15],[-16,0],[0,-7],[-14,-15],[-14,3],[-6,-19],[14,2],[0,-16],[13,-12],[14,10],[17,-13],[8,4],[4,-15],[7,0],[-3,-28],[13,-12],[10,6],[57,-6],[18,-31],[-6,-46],[33,14],[38,11],[-3,-17],[28,-5],[0,31],[5,29],[13,20]],[[4022,7021],[17,-9],[46,-4],[1,-7],[32,-6],[10,6],[45,-15],[16,-15],[26,-17],[30,-16],[29,-19],[-28,-41],[-2,-38],[-10,-11]],[[4234,6829],[-28,-2],[-21,-26],[-10,1],[4,15],[-5,19],[-15,-4],[4,-13],[-52,1],[-15,6],[0,-13],[15,-6],[8,-34],[-27,-2],[-7,-12],[-28,-3],[-32,1],[0,8],[-20,1],[-2,-10],[-23,-7],[-12,5],[-3,10],[-14,0],[-4,9],[-13,6],[3,7],[-32,17],[2,-7],[-30,-8]],[[7066,4433],[-55,1],[-20,-10],[0,-13],[-13,17],[-8,-9],[-21,-7],[3,-19],[-21,-8],[6,-16],[-4,-18],[-30,-3],[-17,-9],[5,-25],[-32,-3],[3,-27],[-18,-5],[-28,-1],[-22,3],[10,42],[-48,-5],[-4,-12],[-44,0],[-2,12],[-15,-3],[-31,-15]],[[6660,4300],[-4,14],[-27,15],[-5,7],[1,24],[-5,7],[-20,2],[-6,-15],[-11,-7],[-5,10],[-16,6],[0,13],[10,6],[-6,31],[-61,11]],[[6505,4424],[1,20],[7,20],[40,5],[0,8],[17,2],[5,15],[57,-1],[5,15],[18,7],[20,2],[-1,51],[-29,15],[-14,25],[47,26],[25,11],[13,-12],[26,4],[-3,24],[9,0],[2,31],[12,0],[14,17],[17,-7],[13,14],[7,-12],[21,-2],[1,-25],[14,2],[3,-12],[14,-6],[11,-21],[-9,-10],[8,-16],[8,2],[13,-18],[-6,-8],[17,3],[-1,17],[10,-3],[7,12],[10,2],[17,22],[10,30],[24,-1]],[[6985,4672],[14,-9],[10,16],[27,0],[-4,-71],[-16,20],[-2,-18],[5,-33],[25,-2],[13,-13],[3,8],[14,-4],[1,-24],[-8,-13],[12,7],[10,-4],[14,-17],[-11,-2],[-5,-11],[-3,-27],[-10,-13],[-9,4],[0,-16],[11,-4],[-10,-13]],[[4355,9109],[4,-15],[-7,-6],[-25,5],[-10,7],[6,-19],[-11,-18],[-12,-4],[3,-12],[-26,-5],[-16,1],[-20,-9],[-12,-19],[-34,5],[-23,-28],[-15,-11],[-21,-3],[-14,-13],[0,-12],[-10,-17],[-16,-16],[-2,-12],[-12,-7],[8,-13]],[[3669,8871],[-27,14],[-9,-17],[-18,15],[5,25],[-14,11],[-15,-15],[-14,-31],[5,25],[-24,-24],[-8,3],[21,13],[17,34],[5,21],[-11,-1],[3,9],[-7,11],[7,8],[-19,-1],[3,14],[11,9],[13,21],[0,11],[-10,13],[-1,16],[12,15],[-18,16],[8,32],[23,2],[9,27],[-6,16],[9,10]],[[3619,9173],[12,-2],[25,27],[9,3],[-8,8],[13,18],[-9,16],[6,28],[14,7],[36,-9],[8,-12],[24,11]],[[4275,9382],[10,5],[1,-16],[19,-12],[6,-10],[-5,-8],[12,-16]],[[4663,2131],[13,3],[10,-8],[7,-17],[10,3],[6,-25],[10,13],[16,-33],[18,5],[-5,9],[15,4]],[[4763,2085],[16,5],[13,-38],[9,-9],[-5,-18],[18,-30],[-14,-14]],[[4800,1981],[-7,-21],[7,-12],[-9,-13],[7,-17],[20,3],[2,-21],[-21,-50]],[[4799,1850],[-33,25],[-20,-3],[-6,9],[-17,-5],[-1,-20],[-9,-15],[1,-11],[13,0],[-3,-18],[-14,-4],[-26,4],[-13,-9],[-8,8],[2,12],[-11,-11],[-34,-9]],[[4620,1803],[-28,12],[0,7]],[[4586,2052],[8,11],[42,-13],[6,-9],[19,18],[-5,18],[12,27],[-8,14],[3,13]],[[4800,1981],[13,-6],[18,14],[25,13],[32,9],[2,-12],[15,-12],[-2,-29],[9,-9],[15,-2],[12,-15],[8,2]],[[4947,1934],[-6,-19],[11,-15],[-11,-5],[13,-3],[-1,-13],[-28,7],[-2,-22],[-8,2],[2,-16],[-9,2],[-6,-10]],[[4902,1842],[-1,7],[-20,-4],[-14,8],[-21,-7],[-18,0],[-6,8],[-23,-4]],[[3864,6504],[24,-25],[-7,-21],[25,-4],[-6,-9],[-3,-21],[3,-20],[-14,-5],[-7,-28],[-13,-7],[12,-5],[0,-52],[29,1],[3,-17],[24,8],[2,17],[14,4],[33,-1],[1,7],[19,-4],[5,-6],[11,8],[-8,5],[15,34],[17,-9],[5,17],[8,-7],[7,22],[32,7],[12,-32],[0,-23],[24,-5],[-9,-17],[-10,-6],[-9,-20],[17,-2],[10,-10],[-19,-7],[1,-36],[11,-11],[-2,-14],[-11,-11],[-1,-20],[18,-16],[23,-2],[18,-24],[8,1],[-3,14],[11,3],[44,-3],[-14,-46],[8,-22],[-3,-15]],[[7742,2520],[13,5],[-12,21],[82,26],[7,5],[-21,21],[17,2],[12,18],[-11,17],[9,32],[12,16],[-28,1],[1,9],[-28,11],[5,14],[-28,19],[-8,26],[-34,28],[-12,28],[14,52],[-13,-1],[5,16],[11,13],[5,15],[-10,11],[-4,27],[-23,24]],[[7724,3085],[15,-21],[-4,-19],[20,1],[25,-9],[30,-5],[22,28],[22,-8],[22,25],[23,18],[12,21],[20,-8],[23,-4],[36,-20],[32,-8]],[[8022,3076],[-1,-14],[-10,-30],[45,-19],[4,-14],[-31,-79],[6,-10],[-8,-21],[-13,-16],[-9,-2],[-4,-14],[43,-6],[21,0],[17,-11],[23,-42],[0,-18]],[[7843,2339],[-17,9],[7,30],[-22,-11],[0,28],[-17,-4],[-15,29],[-23,-20],[-5,-16],[-10,-3],[-29,121],[30,18]],[[4429,9361],[3,-17],[26,-41]],[[4374,9290],[4,9],[-7,29],[15,12],[1,10],[17,2],[25,9]],[[5513,9342],[-13,-104]],[[4702,8832],[20,42],[11,15],[33,18],[13,11],[16,26],[15,32],[4,39],[-8,31]],[[4816,9179],[39,-22],[45,-1],[110,8],[80,9],[106,21],[58,19],[18,5],[70,29],[12,6],[56,30],[51,34],[6,5],[35,30],[11,-10]],[[1072,6998],[-16,-24],[-24,-18],[-3,-21],[-16,-35],[-34,18],[-23,2],[-10,32],[-7,2],[-28,-10],[-17,-14],[-1,-18],[17,2],[13,-43],[1,-15],[-17,-16],[-11,-4],[-16,9],[-15,-2],[5,-9],[-20,-33],[-16,4],[-2,15],[-27,1],[-2,11],[-13,18],[-9,5],[3,-20],[-13,2],[-4,22],[15,-3],[-13,21],[4,7],[18,10],[4,17],[-5,14],[-10,-1],[-6,9],[4,10],[-32,-5],[-23,21],[-18,-12],[-3,-13],[-18,-17],[-1,-8],[12,-2],[-8,-14],[20,-15],[-20,-11],[-17,9],[-8,16],[-24,5],[-31,18]],[[4408,9567],[-8,-4],[3,-19],[-23,-13],[-35,1],[-16,-11],[-31,15]],[[3782,9979],[2,0],[52,13],[112,5],[11,-1],[38,-2],[10,0],[51,2],[14,-1],[29,0],[63,4],[4,0],[30,-3],[38,-35],[1,-1],[52,-27],[12,-15],[95,-58],[15,-9],[117,-67],[40,-28],[31,-22],[61,-58],[4,-4],[28,-38],[3,-27],[-15,-25],[-19,27],[-16,7],[-15,42],[-44,64],[-33,34],[-32,9],[-28,32],[-102,58],[-101,62],[-6,-32],[-20,-39],[1,-35],[21,-8],[14,-15],[40,-33],[-7,-13],[-2,-50],[10,-13],[-4,-21],[9,-12],[33,6],[-1,-34],[30,-51]],[[8699,2219],[-6,-47],[-11,-2],[-3,-31],[-24,-71]],[[8655,2068],[-12,6],[-60,-34],[0,-8],[28,-9],[24,-15],[-21,-12],[8,-17],[-1,-24],[-38,8],[-23,-11],[-6,-8],[-26,-14],[-19,8],[-32,4],[-18,9],[-4,-10],[-15,-12],[7,-9],[14,-44],[-9,-9],[0,-14],[7,-20],[-2,-54],[-39,-24],[-9,-45],[5,2],[12,-19],[10,0],[3,-15],[-25,2],[9,-35],[-16,-2],[-31,-16],[-48,-12],[-27,-44],[3,-5],[-35,-21],[8,-27]],[[8277,1518],[-23,4],[-18,-3],[-21,-15],[-16,10],[-13,-13],[-15,0],[-13,-10]],[[8158,1491],[-32,0],[-12,29],[-10,5],[-7,14],[7,9],[-13,19],[6,18],[-4,7]],[[8306,1920],[27,8],[6,-3],[26,8],[17,0],[-1,12],[15,12],[-11,1],[-7,10],[8,9],[-4,13],[9,14],[15,3],[-4,26],[-6,-6],[-3,15],[5,15],[13,-4],[9,14],[-10,19],[5,9],[13,1],[8,14],[2,-14],[20,-13],[9,14],[-21,15],[-14,28],[9,27],[9,15],[27,-15],[14,20],[-6,7],[4,18],[11,2],[-4,15]],[[7136,4927],[-8,13],[-23,19],[-6,10]],[[7099,4969],[-3,11],[9,25],[22,25],[13,25],[-1,20],[-18,27],[-30,23],[-9,20],[5,29],[-2,35],[-20,36],[3,17],[9,18],[-9,36],[-18,25],[-25,45]],[[7025,5386],[11,6],[39,7],[20,11],[21,-20],[6,10],[-8,8],[16,28],[-10,15],[5,6],[-25,17],[11,11],[-3,6],[14,7],[-11,21]],[[7111,5519],[34,-2],[7,-17],[21,-3],[10,5],[16,-3],[9,-10],[5,12],[5,-13],[13,-8],[2,-16],[12,3],[11,-6],[0,-13],[-12,-6],[-12,-19],[23,-17],[8,16],[14,13],[2,-8],[16,-9],[-5,-11],[10,-3],[2,-24],[9,8],[12,-2],[20,-12],[-7,-22],[2,-7],[23,2],[1,-12],[20,3],[14,-27],[-24,-6],[1,-11],[11,-1],[5,-12],[19,7],[16,-37],[16,3],[-4,-22],[2,-37]],[[7476,4482],[18,-18],[18,-12],[2,-27],[7,-8],[18,-4],[17,-12],[13,-2],[44,-15],[11,1],[18,14],[42,-12],[9,-24]],[[7693,4363],[-2,-16],[13,-32],[10,-14],[1,-17],[-8,-18],[4,-19],[10,-9],[12,-1],[-5,-21],[-8,-10],[-10,-36],[1,-9],[-12,-22],[-11,14],[-27,3],[-13,-13]],[[7648,4143],[-25,4],[-18,19],[9,9],[-18,26],[8,10],[-8,8],[-19,4],[-1,7],[26,3],[0,10],[-12,13],[7,15],[-3,10],[-30,-10],[-2,-20],[-9,-19],[-21,8],[-20,-12],[-27,11],[-17,-6],[6,-25],[-7,-11],[-22,2],[-28,-2],[-7,-12]],[[7410,4185],[-12,15],[0,17],[9,23],[-1,24],[18,34],[3,23],[-8,32],[-7,-16],[-12,21],[-16,5],[5,5],[-10,11],[-32,-21],[-15,-15],[-8,6],[-7,-12],[3,-10],[-22,-22],[-20,36],[-7,-4],[-15,7],[-41,5],[-8,7],[-17,2],[-19,9],[0,11],[-20,1],[-33,14],[-23,31],[-15,1],[-14,8]],[[6985,4672],[6,8],[-13,11],[1,8],[17,3],[-5,9],[11,9],[7,-9],[9,12],[-9,8],[13,14],[15,-19],[24,22],[3,18],[32,5],[-3,7],[12,6],[-2,8],[42,30],[2,18],[-19,14],[-2,13],[-10,9],[5,10],[25,15]],[[6224,911],[-30,13],[-11,33],[-13,12],[-15,3],[-11,-6],[-20,3],[-27,-19],[-21,-10],[-56,-6],[-8,-9],[-13,5],[-22,0],[-16,7],[-5,9],[-23,9],[-30,0],[-3,14],[-9,8],[-2,14],[-11,17],[-4,21],[-8,7],[-5,23],[7,8],[0,19],[-13,21],[0,9]],[[5855,1116],[9,3],[11,28],[-1,28],[-9,22],[6,16],[9,2],[8,15],[-4,17],[18,28],[19,-16],[19,-11],[19,1],[8,6],[7,18],[17,-3],[15,16],[-5,23],[11,17],[-1,24],[8,21],[16,-3],[7,9],[11,-3],[9,8],[15,-2],[-5,9],[13,8],[-1,8],[17,4],[6,8]],[[5864,1591],[4,-20],[13,-18],[12,13],[15,6],[19,-10],[11,9],[1,16],[9,-2],[17,-16],[2,8],[15,-18],[-3,-23],[11,-18],[28,0],[13,9],[9,-30],[20,4],[5,-16],[30,-9]],[[5855,1116],[-18,11],[-26,0],[0,-18],[8,-16],[-8,-11],[-1,-27],[-9,7],[-18,1],[-26,25]],[[5453,2049],[-2,11],[-24,11],[-25,-1],[-13,11],[6,9],[-25,0],[-23,12],[-31,-8],[-10,4]],[[5306,2098],[-13,-2],[-17,13],[-14,-3],[-57,31],[-17,16]],[[5188,2153],[30,13],[7,-5],[8,11],[14,6],[6,27],[8,2],[4,15],[10,6],[-9,4],[-2,14],[7,7]],[[5324,2332],[1,16],[31,-11],[-4,53],[17,7],[15,23],[16,10],[10,-12],[28,-3],[5,-8],[8,6],[16,-11],[11,1],[13,17],[10,-9],[35,11],[-7,13],[14,19],[15,1],[8,22],[23,-12],[3,5],[20,-3],[19,4],[7,-6],[30,2],[2,-10],[14,-3],[19,8],[5,-9]],[[5708,2453],[-2,-32],[5,1],[3,-22],[-15,-6],[16,-11],[-4,-40],[7,0],[-11,-26],[-11,-3],[-7,-44],[15,-7],[11,-13],[16,-1],[16,-11],[9,3],[28,-20],[-20,-24],[1,-15]],[[5119,1939],[5,-29]],[[5124,1910],[4,-17],[13,-6],[-1,-9],[11,-5],[-7,-11],[11,-19],[-9,-2],[9,-12],[-16,-25],[3,-12],[22,15],[13,-19],[18,12],[4,-11],[14,12],[10,-19],[11,7],[5,-14],[15,0],[14,-14],[15,-5],[10,12],[3,-17],[11,15],[16,-5],[6,17],[7,-2],[5,-19],[15,0],[15,12],[4,-16]],[[5155,1453],[-19,18],[-34,7],[-16,-3],[0,9],[-18,5],[-10,-6],[4,-13],[-26,-13],[-14,23],[16,23],[22,11],[-2,39],[-7,18],[-3,22],[4,31],[-21,-6],[-4,-12],[-21,-3],[-22,2],[-21,22],[-15,-3],[8,11]],[[4956,1635],[2,0],[16,8],[7,-5],[8,14],[-14,18],[13,18],[-11,14],[10,17],[-3,6],[10,15],[11,6],[5,31]],[[5010,1777],[8,23],[16,13],[9,-6],[17,14],[25,-9],[5,22],[-13,3],[11,23],[1,14],[30,65]],[[4705,4670],[-17,7],[-6,9],[-33,17],[-19,6],[-3,19],[-14,-3],[3,-18],[-17,-11],[1,-13],[-20,9],[-37,3],[-25,12],[10,44],[-1,19],[7,0],[2,31],[14,12],[2,18]],[[4552,4831],[1,21],[14,34],[-4,22],[12,9],[14,1],[0,14],[18,23],[-4,13],[12,12],[19,34],[-25,16],[-5,44],[-8,-14],[-14,27],[17,-3],[-2,29],[-13,16],[17,14],[-9,17],[3,14],[-12,19],[1,28],[4,9],[-4,21]],[[4634,3534],[-15,-4],[-21,7],[-29,-4],[-30,-12]],[[4217,3658],[4,40],[-5,13],[-1,32],[18,52],[-4,24],[6,28],[2,29],[18,19],[8,-2],[7,14],[2,58],[13,-2],[14,11],[28,7],[7,-22],[10,-1],[-2,-15],[13,-11],[14,6],[-5,8],[7,9],[-2,26],[-12,5],[2,11],[17,-2],[38,12],[-11,40],[6,2],[-5,14],[25,7],[-1,11]],[[4428,4081],[12,-2],[19,-14],[4,6],[20,5],[4,-23],[47,-15],[5,5],[13,-17],[14,13],[6,-5],[19,1],[5,7],[37,7],[1,25],[14,9],[8,16],[-9,4],[2,23],[15,-4],[5,5]],[[7879,1431],[7,-11],[22,-8],[15,-1],[34,17],[10,-27],[15,-18],[29,-43],[19,-5],[25,13],[10,11],[6,-7],[23,-3],[-2,-10],[-10,-2],[-3,-20],[14,0],[28,-13],[32,-32]],[[8153,1272],[-7,-19],[-34,-41],[13,2],[13,-10],[23,-8],[26,-1],[-1,-24]],[[7754,1334],[33,9],[10,14],[8,32],[17,16],[25,-4],[12,-14],[18,-6],[-6,14],[8,36]],[[8575,6294],[1,-8],[-15,-6],[-5,-61],[-15,-12],[-13,-4],[-16,3],[-16,-10],[-2,-10],[-10,0],[-23,-21],[-36,-2],[-10,21],[7,16],[-6,4],[-12,-17],[-8,5],[3,-15],[-16,12],[-4,-6],[-20,13],[2,13],[-19,-12],[-8,-26],[13,-7],[-22,-10],[-9,-13]],[[8316,6141],[-40,24],[-9,18]],[[8152,6631],[7,8],[6,-9],[11,31],[24,4],[6,38],[-2,38],[11,6],[1,25],[-7,3],[-1,28],[34,9],[0,11],[21,5],[-7,15],[7,21],[8,9],[23,14],[7,10],[-5,18],[4,6],[19,4],[7,-7],[26,21],[22,12],[39,7],[19,16],[8,30],[7,9]],[[6636,2185],[-50,11],[-4,-5],[-24,6],[-8,9],[3,29],[13,13],[-10,11],[-10,-19],[-14,-3],[-27,11],[-8,21],[-9,8]],[[6488,2277],[2,12],[-8,17],[-16,14],[17,21],[20,9],[8,-5],[-1,25],[-8,-1],[-8,17],[-12,3],[11,22],[10,45],[23,-13],[-4,18],[-18,23],[-8,-7],[-14,5],[-14,15],[15,7],[19,43],[8,8],[-1,11],[-20,14],[-22,25],[58,11],[12,-2],[9,31]],[[4031,3719],[-26,-1],[-13,-6],[-20,-26],[-26,22],[-8,-18],[11,-2],[-13,-8],[5,-9],[-14,-5],[-24,-20],[-96,-36]],[[3807,3610],[-17,8],[-13,-10],[-23,-7],[-11,14],[-11,5],[-12,-4],[-3,7],[-30,10],[-6,26],[19,-1],[2,14],[17,47],[-3,19],[-22,19],[-14,-14],[-16,13]],[[3664,3756],[-18,6],[-21,32],[-2,32],[-11,14],[-1,24],[7,22],[-11,10],[13,9],[-1,16],[16,18],[-6,15]],[[3966,4043],[-24,-20],[19,-15],[-1,-27],[20,-25],[-4,-7],[5,-17],[-2,-12],[9,-6],[-15,-2],[-2,-8],[14,-5],[-14,-16],[7,-14],[16,15],[12,-8],[15,0],[-3,15],[20,-3],[1,-17],[-5,-19],[6,-16],[5,-29],[-15,-32],[0,-23],[14,-2],[-10,-14],[-3,-17]],[[4339,4883],[9,9],[-7,23],[-36,2],[-15,4],[1,12],[-11,16],[3,10],[-6,26],[-21,1],[-10,-13],[-14,-3],[0,7],[-20,7],[-1,11],[-17,17],[5,7],[-12,21],[-18,4],[21,1],[-26,61],[-16,8],[-29,38],[9,21],[13,18],[-19,17],[1,6],[-16,2],[1,-10],[-12,-1]],[[4552,4831],[-20,9],[-17,1],[-6,12],[-12,-5],[-17,6],[-3,9],[-16,15],[-25,-7],[-19,2],[-15,-6],[-1,-10],[-19,-3],[-8,34],[-23,-7],[-12,2]],[[7663,3547],[18,-23],[5,-26],[-21,-19],[-2,-18],[16,-22],[3,-34],[-5,-26]],[[7677,3379],[3,-12],[-7,-21],[0,-35],[18,-56],[-1,-26],[6,-14]],[[7490,3532],[-6,13],[16,9],[10,-12],[26,15],[16,-22],[6,-26],[7,-13],[14,-3],[11,11],[22,-17],[6,8],[22,1],[-8,11],[17,18],[-7,2],[3,14],[18,6]],[[2664,8710],[0,-16],[10,7],[9,-10],[0,-20],[-15,-11],[-3,-17],[3,-17],[-14,-21],[5,-14],[9,-8],[4,-17],[-8,-25]],[[2664,8541],[-4,7],[-31,-2],[1,-19],[-8,-3],[11,-16],[-25,-14],[-5,5],[-13,-13],[-29,-6],[21,-23],[3,3],[13,-26],[-16,-7],[6,-25],[14,-7],[4,-16],[-14,-3],[-21,4],[-19,-4],[-17,34],[-10,-11],[-20,-6],[-13,2],[-5,10],[-22,-4],[-5,-21],[-13,-11],[-16,14],[-26,-9],[-2,16],[-33,17],[-32,2],[-18,-10],[-9,2]],[[2311,8401],[7,32],[-14,3],[14,8],[1,15],[-5,20],[14,3],[-25,18],[-2,9],[-29,13],[-9,-10],[-20,8],[-3,21],[-16,1],[5,-9],[-13,-2],[-17,8],[2,23],[19,24],[-20,3],[-9,6],[-28,3],[-21,13],[-11,1],[-1,-9],[-14,0],[-10,-10],[0,12],[-40,22],[-7,12],[-19,1],[-28,13],[-18,12],[-17,23],[-6,22],[-13,2],[4,20],[-17,26],[-17,5],[-3,-15],[5,-14],[-34,-21],[-22,-22],[-14,13],[-9,-11],[-23,-5],[-12,-10],[-12,20],[-22,-1],[-1,21],[9,13],[14,7],[4,10],[-23,33],[9,16],[-4,6],[-25,4],[-13,8]],[[1664,8955],[61,24],[17,3],[37,5],[49,6],[16,3],[3,0],[4,1],[24,5],[11,3],[16,4],[18,6],[18,6],[27,11],[4,2],[5,2],[10,5],[14,8],[24,15],[4,2],[1,1],[6,4],[38,30],[14,13],[1,1]],[[2070,8802],[20,7],[-1,21],[-19,11],[10,8],[19,4],[35,-16],[19,13],[8,-12],[14,-3],[-12,15],[-5,21],[14,8],[0,13],[11,0],[11,19],[-20,28],[-7,3],[-11,-11],[-7,14],[-52,5],[-9,8],[-8,-12],[-16,-11],[-13,25],[24,21],[0,14],[-8,12],[-4,28],[-23,2],[3,-21],[-12,-6],[-21,-20],[-6,4],[-4,-14],[8,-14],[-27,-20],[5,-9],[3,-27],[7,-7],[11,-26],[1,-14],[13,10],[11,-14],[4,-16],[28,-17],[-12,-25],[18,1]],[[4852,1258],[9,6],[-2,12],[9,23],[30,12],[9,-9],[21,2],[14,23],[7,-5],[17,18],[4,-5],[19,10],[-5,22],[-12,-7],[-7,9],[7,18],[11,8],[9,-5],[4,11],[-12,15],[-1,27],[-5,27],[4,5],[-4,22],[-17,-14],[-8,8],[-33,13],[-7,12],[-11,-10],[5,-22],[-24,3],[-8,-25],[4,-14],[-40,-12],[1,-10],[-21,-30],[0,-14],[14,0],[9,-30],[-3,-18],[-8,-3],[-20,-45],[9,-15]],[[4756,1558],[2,18],[24,-11],[13,24],[11,-18],[35,6],[17,26],[13,11],[23,7],[-1,5],[24,9],[15,-8],[24,8]],[[4546,1717],[-12,9],[-3,-23],[-8,-26],[2,-13],[-5,-16],[-14,-3],[11,-7],[31,-1],[5,-6],[-4,-24],[-13,-45],[-38,12],[-14,-24],[12,-12]],[[4442,1556],[-3,19],[-12,-6],[-20,12],[-1,1]],[[4406,1582],[-25,14],[11,23],[19,-1],[12,15],[0,16],[6,13],[12,8],[34,-1],[-1,16],[-18,22]],[[4477,1741],[28,-3],[3,9],[10,-2],[14,-15],[3,11],[11,-12],[0,-12]],[[5659,591],[48,11],[11,-17],[24,-14],[9,-16],[12,1],[0,22],[19,19],[23,5],[2,24],[-2,25],[28,-14],[17,8],[13,17],[-4,11],[25,-1],[6,8],[11,-7],[-2,13],[13,13],[2,27],[29,-10],[5,14],[16,-9],[-3,-6],[18,-10],[-4,-22],[5,-8],[37,-17],[1,-12],[17,-20],[-3,-10],[21,-41]],[[6053,575],[0,-1],[-6,-17],[-1,0],[-13,0],[-3,-7],[8,-16],[-1,-2],[-15,-11],[-5,8],[-3,13],[-4,-1],[-1,0],[0,-1],[-1,0],[-14,-36],[-1,-2],[-2,-33],[-25,-39],[-1,-1],[-4,-25],[0,-2],[0,-4],[2,-14],[1,-7],[-13,-24],[-1,-2],[-3,-19],[4,-29],[-1,0],[-14,2],[-32,28],[-1,1],[-19,7],[-1,2],[-10,29],[-1,0],[0,1],[-2,1],[-23,17],[-2,2],[-2,-1],[-7,-2],[-10,2],[-30,9],[-6,-2],[-7,1],[-14,-8],[-2,-1],[-1,-30],[-1,-1],[-15,-8],[-16,-16],[-26,-6],[-15,11],[-4,-2],[-18,9],[-1,-1],[-11,-11],[-16,8],[-1,3],[-14,4],[-1,0],[0,1],[1,22],[3,3],[-1,20],[5,7],[8,12],[6,2],[2,10],[3,5],[2,22],[30,15],[-13,32],[-17,12],[5,14],[8,21],[-10,42]],[[6477,712],[0,-1],[-4,-7],[2,-20],[-12,-13],[-6,-13],[-5,-4],[-5,2],[-6,-11],[-5,-4],[-27,15],[-21,8],[-16,6],[-3,14],[-3,2],[0,2],[-27,17],[-2,1],[-3,1],[-38,5],[0,-1],[-2,0],[-13,-22],[-2,2],[-9,-22],[-12,-1],[-13,-2],[-4,25],[-2,2],[-1,2],[-1,-1],[-2,1],[-3,-7],[-7,-9],[-3,0],[-22,6],[-1,-2],[-12,3],[-7,-24],[13,4],[-7,-19],[-3,-6],[5,-13],[-5,-35],[-3,-4],[-6,-3],[-18,12],[-1,0],[-19,0],[-6,-7],[-1,-1],[-4,2],[-19,5],[-1,-1],[-14,-4],[-7,6],[-12,-12],[-14,-4],[-5,-7]],[[5659,591],[3,4],[4,6],[0,3],[0,26],[-5,7],[-5,7],[-2,55],[-14,3],[-1,0],[-8,1],[-21,-8],[-17,-28],[-13,-1],[-16,14],[-1,1],[-36,13],[-4,1],[-20,6],[-1,14],[3,10],[8,17],[-11,8],[2,22],[1,8],[-1,-1],[-28,-17],[-2,2],[-4,9],[-5,4],[-3,5],[-18,5],[-13,16],[2,6],[-15,26],[0,23],[-2,6],[0,2],[-6,12],[-15,41],[-1,47],[0,12]],[[6682,5787],[-21,22],[-38,22],[-25,3],[2,13],[17,4],[6,15],[-3,37],[6,5],[-2,33],[17,11],[6,-6],[8,10],[25,13],[22,3],[36,-5],[15,2],[3,31],[8,25],[-3,3],[19,16],[8,28],[3,24]],[[6982,6087],[-4,-8],[2,-30],[21,1],[9,-8],[-7,-15]],[[6946,5716],[-4,29],[-8,22],[-13,-8],[-16,3],[-21,-12],[-14,-1],[-4,13],[-34,-9],[-5,16],[-23,-3],[-4,-14],[-15,2],[-9,-9]],[[8581,8484],[-58,-7],[-14,-17],[-14,2],[-15,-16],[5,-16],[-16,1],[1,-7],[-13,-3],[-8,-11],[4,-11],[-29,-24],[-9,13],[-14,-6],[-18,1],[-6,9],[-11,-13],[-18,0],[-20,11],[-3,27],[-27,-15],[-6,9],[1,16],[-7,14],[-8,-3],[-3,21],[18,1],[-4,10],[-50,-18],[-7,9],[-14,-9],[-4,8],[-26,-16],[-1,17],[-19,13],[-5,-4],[-17,18],[-10,-24],[-20,6],[6,20],[-28,1],[8,36],[-6,4],[-31,39],[-16,-2],[-1,9],[-17,-12],[-6,7]],[[8005,8877],[-2,17],[10,1],[1,15],[7,-12],[22,7],[-2,-7],[28,-22],[23,4],[-1,-14],[12,4],[11,-8],[-7,-8],[8,-18],[11,23],[30,36],[29,-5],[31,-10],[22,2],[-10,22],[30,17],[13,-7],[19,9],[6,-5],[23,15],[21,-21]],[[7835,6815],[1,4],[34,9],[14,-1],[14,46],[19,10],[-2,16],[7,27],[7,3],[-17,47],[14,1],[-10,43],[7,3],[-3,16],[32,14],[7,-24],[-16,-5],[0,-6],[36,9],[12,-6],[-3,-21],[-27,5],[0,-30],[-6,-20],[4,-11],[11,-5],[24,13],[8,15],[13,2],[0,-12],[10,-7],[7,-15],[29,-6],[17,-8],[16,13],[0,15],[17,20],[5,15],[7,-7],[50,25],[-8,23],[-13,16],[11,5],[25,-2],[-9,11],[-3,17],[21,10],[24,5],[-6,24],[12,2],[13,21],[-1,16],[21,1],[6,23],[5,-7],[31,7],[7,7],[-4,17],[22,2]],[[5188,2153],[-11,-1]],[[5177,2152],[2,33],[-8,6],[-26,-1],[5,19]],[[4999,2605],[19,10],[30,9],[31,-21],[33,4],[2,11],[19,11],[32,-14],[7,-12]],[[5172,2603],[-14,-6],[-18,-25],[-4,-28],[16,-74],[-7,0],[13,-18],[-23,-1],[-20,7]],[[5031,2246],[-16,-5],[-5,-15],[-8,4],[-26,-4],[-39,-12]],[[4937,2214],[-11,2]],[[771,8659],[5,-16],[24,4],[4,-14],[24,2],[7,13],[9,-24],[11,-8],[-14,-19],[4,-12],[-6,-6],[14,-12],[14,8],[13,-7],[3,-15],[27,-23],[6,-23],[16,-2],[-3,-35],[21,-27],[-18,5],[-19,-13],[-12,0],[-3,-20],[31,-16],[6,-17],[-11,-7],[-9,-17],[1,-11],[13,-39],[-13,-10],[-3,-11],[16,-11],[-1,-18],[5,-9],[37,-4],[0,-24],[-12,0],[-1,-9]],[[316,8176],[-20,156],[-12,51],[5,9],[-11,0],[-11,29]],[[267,8421],[37,17],[25,18],[46,47],[30,11],[14,5],[53,26],[55,20],[50,23],[26,17],[135,45],[32,9],[1,0]],[[8316,6141],[9,-31],[17,-11],[6,-24],[37,-44],[-17,-53],[2,-15],[14,-18],[5,-16],[18,11],[5,-8],[-13,-41],[1,-28],[14,-9],[7,-12]],[[8421,5842],[-11,-19],[11,-6],[0,-13],[-26,-5],[-18,2],[18,-17],[3,-20],[12,5],[0,-28],[-28,4],[-14,-29],[0,-13],[-19,-18],[-28,3],[-48,-12],[-12,8],[-21,-7],[-4,12],[-15,1],[5,-31],[-18,-3],[-17,3],[-15,-5],[-2,8],[-15,-8],[-7,18],[-23,10],[-5,-12],[-19,3],[-3,-19],[-19,8],[-10,-3],[-3,-27],[-14,5],[-11,15],[-15,-4],[3,27],[-8,5],[-32,0],[-20,-4],[-26,35],[-12,7]],[[7935,5718],[30,8],[25,20],[3,12],[-7,15],[-46,33],[12,38],[43,23],[20,30],[9,5],[-9,12],[4,9],[-10,13],[8,2],[17,-13],[7,2],[-27,39],[-21,-11],[-2,16],[-8,4],[8,20],[-23,11],[-13,-3],[1,18],[-13,30],[-23,1],[-11,8],[-8,17],[22,22],[-12,11],[-13,0],[1,11],[-25,1],[-8,-7],[-9,33],[-14,1],[7,34],[-17,-1],[26,22]],[[5842,8795],[-3,9],[-26,-1],[1,15],[-7,4],[8,11],[-8,14],[7,11],[13,18],[28,-6],[13,10],[-8,18],[13,9],[9,-6],[2,-13],[13,-5],[3,-16],[-7,-5],[32,-2],[-6,11],[15,2],[18,10],[-2,-12],[13,-11],[3,-15],[25,12],[-13,39],[10,0],[42,13],[19,3],[10,-23],[24,11],[48,-22],[8,21],[10,-5],[-3,-9],[20,-2],[14,-7],[1,11],[14,0],[7,31],[0,17],[-13,1],[2,22],[43,-5],[0,-11],[22,4]],[[6256,8946],[12,-6],[3,-17],[40,-8],[24,-21],[14,2],[5,-13],[17,9],[19,3],[9,-6],[10,17],[7,-4],[22,11],[15,-18],[29,8],[56,24],[16,-21],[20,16],[6,-2],[14,12],[23,-41],[-4,-2],[36,-60],[10,-24],[-5,-25],[24,-11],[0,-21],[-16,-50],[-19,2],[-1,-8]],[[5177,2152],[-28,-5],[-9,7],[-7,-7],[-34,4],[-2,6],[-26,-16],[2,-24],[-12,-17],[-35,-3]],[[5026,2097],[-12,14],[-12,41],[-12,13]],[[4990,2165],[-26,21],[-2,7],[-22,-3],[-3,24]],[[5510,7044],[-12,-1],[5,-29],[8,-13],[1,-20],[12,-2],[0,-9],[-13,-4],[-1,-21],[5,-7],[1,-22],[14,5],[12,-14],[0,-14],[12,-4],[-12,-13],[2,-12],[-15,-35],[15,-14],[5,-27]],[[5104,6854],[-1,6],[-33,8],[-5,17],[13,3],[-33,20],[2,28],[18,1],[4,12],[19,9],[-7,12],[19,22],[-8,21],[30,18],[-9,12],[-23,17],[13,13],[-8,9],[-24,-9],[-20,41],[9,-2],[1,16],[13,1],[-9,10],[9,3],[19,23],[10,4],[4,11],[6,-8],[5,22]],[[6247,4524],[11,9],[-5,24],[9,20],[39,15],[3,17],[6,-8],[6,11],[13,7],[0,-8],[21,-15],[26,3],[1,-19],[7,4],[1,-19],[12,5],[48,-10],[14,-6],[23,-3],[4,20],[9,1],[3,11],[17,2],[6,36],[-5,32],[4,8],[-20,27],[-36,16],[-20,2],[2,24],[11,13],[-9,15],[-7,25],[3,31],[-22,2],[1,15],[46,-8],[12,7],[0,13],[-20,-1],[-3,21],[9,17]],[[6548,5061],[4,-11],[12,5],[1,-11],[25,-2],[25,9],[17,-4],[31,20],[14,-22],[11,0],[13,-26],[23,-4],[40,9],[24,1],[13,-21],[10,12],[6,-5],[-4,-13],[12,-3],[-12,-11],[22,-3],[14,18],[14,5],[4,9],[20,4],[0,13],[18,-16],[17,12],[26,8],[22,-3],[17,-10],[9,5],[21,-2],[2,-10],[11,-4],[14,5],[5,-27],[18,0],[-13,-34],[7,9],[19,-3],[1,-11],[12,5],[-3,10],[9,5]],[[6505,4424],[-4,-24],[-20,-3],[-15,18],[-33,-2],[6,-27],[-12,-9],[-10,9],[-17,2],[-17,-5],[-26,1],[5,20],[-3,16],[16,20],[36,11],[-3,18],[-8,5],[-18,-1],[-26,-8],[-22,0],[-14,15],[-20,1],[-13,-9]],[[6287,4472],[-10,39],[-24,3],[-6,10]],[[7111,5519],[4,28],[-15,-4],[-2,15],[16,1],[-3,29]],[[7564,5806],[25,-4],[3,13],[14,-45],[7,-3],[1,-15],[43,-9],[6,-17],[-14,-10],[-25,-4],[-31,0],[-9,-14],[6,-7],[12,2],[-4,-18],[27,-5],[12,2],[7,-7],[-16,-28],[11,3],[16,-5],[-3,-46],[24,-8],[11,-14],[7,15],[13,-4],[-4,-22],[16,0],[15,-21],[-13,-10],[-1,-18],[9,-7],[4,17],[17,11],[9,13],[22,4],[3,-11],[-3,-24],[20,-1]],[[7801,5509],[-8,-35],[-12,-3],[-15,-22],[10,-11],[-16,-24],[14,-3],[5,-18],[12,6],[6,-9],[-1,-22],[10,-48],[21,-15],[9,-12],[-6,-9],[-24,-12],[-19,-24],[-5,-16],[-10,1],[-19,-12],[-23,-21],[4,-17],[13,-8],[-7,-11],[7,-42]],[[3167,8347],[-2,-2],[-31,32],[0,17],[11,10],[-7,10],[-15,41],[-23,24],[-4,16],[4,9],[1,30],[-23,0],[-9,10],[-18,3],[2,35],[-27,-2],[-13,-10],[-12,12],[-11,3],[-14,-7],[6,-6],[-14,-25],[10,-22],[-1,-9],[16,-9],[-18,1],[-6,16],[-27,-3],[-23,-16],[-18,13],[-26,-25],[12,-18],[3,-13],[-18,-24],[-3,7],[-12,-14],[-5,-28]],[[2852,8403],[-17,-1],[-14,13],[-9,0],[-18,15],[-2,8],[-13,-1],[-46,44],[14,2],[3,22],[-5,21],[-29,16],[-3,20],[-13,-5],[-4,16],[-11,-6],[-10,-16],[9,-21],[-25,2],[5,9]],[[3469,9324],[31,-33],[23,1],[-2,-26],[12,-46],[-3,-8],[20,5],[35,-7],[4,24],[10,-5],[-1,-12],[15,-10],[-2,-20],[8,-14]],[[8787,7854],[-1,38],[18,4],[14,16],[-3,-32],[47,17],[3,28],[39,9],[24,29],[-4,13],[10,16],[15,2],[9,11],[7,-7],[11,12],[19,9],[9,18],[19,5],[13,11],[22,11],[4,11],[18,1],[3,7],[20,-19],[25,7],[20,-7],[25,10],[9,-3],[14,18],[85,-38],[12,9],[29,-3],[26,-16],[19,0],[-8,9],[14,4],[15,15],[27,-3],[3,-11],[26,-11]],[[9444,8044],[18,-74],[14,-66],[6,-31],[25,-89],[8,-39],[7,-14],[1,-1],[36,-116],[4,-14],[0,-1],[1,-4],[13,-34],[5,-12],[20,-59],[7,-23],[13,-48],[28,-84],[4,-14],[20,-51],[19,-11],[17,-10],[6,-19],[0,-5],[-4,-13],[6,-21],[0,-2],[46,-50]],[[9170,5869],[-13,20],[-3,-8],[-30,2],[-6,10],[19,1],[-8,27],[-3,25],[6,4],[-18,28],[34,12],[23,-1],[0,8],[-48,52],[-48,17],[-13,-3],[-13,6],[-18,39]],[[9771,6688],[8,-8],[2,-2],[-1,-17],[-2,-59],[1,-40],[15,-30],[-1,-172],[-20,-20],[-18,-18],[-3,-8],[-5,-11],[-13,0],[-98,-90],[-21,-19],[-14,-6],[-7,-1],[-1,-2],[-19,6],[-77,-12],[-3,-2],[-51,-21],[-38,-20],[-9,-4],[-40,-27],[-5,-4],[-3,-2],[-26,-19],[-1,-2],[-28,-31],[-1,-1],[-28,-31],[-51,-73],[-43,-73]],[[257,8169],[-107,28]],[[150,8197],[-13,28],[-49,113],[3,23],[-1,8],[-2,26],[-2,5],[-2,21],[4,5],[14,16],[14,-2],[10,-5],[20,1],[2,-1],[8,23],[10,-5],[11,-7],[1,-6],[1,-12],[2,-1],[11,-6],[25,-5],[3,-2],[4,1],[18,1],[10,3],[15,2]],[[8636,8433],[4,-12],[-7,-21],[5,-29],[5,-5],[-7,-31],[-12,-11],[-8,-16],[-32,-28],[-1,-55],[-16,-36],[-6,-22],[-7,-10]],[[8554,8157],[-16,-9],[-21,-3],[-18,-12],[-4,15],[-13,-6],[2,-19],[-10,-17],[-5,-22],[-16,0],[-10,13],[0,13],[-19,-22],[-61,-43],[-13,7],[-24,-3],[7,-4],[-9,-11],[6,-20],[-5,-7],[6,-19],[-32,3],[4,13],[-22,16],[-22,-25],[-4,2],[-34,-23],[-36,-39],[-21,-9]],[[2208,3473],[-17,-10],[0,-17],[-21,10],[-17,-3],[-13,-9],[-4,-17],[-22,10],[-27,18],[-17,-3],[-3,-22],[11,-9],[-6,-43],[3,-4],[-26,-13],[-18,-22],[18,-26],[-1,-10],[10,-23],[13,-3],[1,-15],[-6,-21],[9,-14]],[[2075,3227],[-6,-24],[-19,-13],[-19,3],[-22,-10],[-10,-10],[-25,8]],[[1974,3181],[11,1],[8,11],[-11,11],[-40,-3],[4,24],[-24,11],[9,18],[-26,-9],[14,25],[-9,5],[-5,-22],[-14,14],[-2,-27],[-16,4],[-1,7],[-20,3],[-10,-5],[10,-5],[-18,-1]],[[1834,3243],[-14,7],[-13,-5],[-5,31],[3,16]],[[1919,3621],[19,10],[3,-26],[27,-9],[11,17],[18,-5],[7,12],[4,23],[15,6],[1,8],[19,-6],[2,-9],[21,-9],[3,-30],[19,8],[1,9],[18,-27],[13,18],[20,-5],[21,4],[13,11],[9,24],[12,13],[3,13],[29,8],[17,-15],[-3,-8],[16,-5],[1,-7],[19,-7],[8,11],[27,-9]],[[1451,3044],[8,35],[-3,23],[12,12],[11,-2],[4,27],[7,-7],[6,21],[-3,7],[19,16],[-9,11],[14,11],[13,3],[7,24],[-15,17],[8,3],[10,26],[17,-1],[23,22],[3,12],[17,-6],[6,-11],[29,13],[20,-3],[8,-14],[14,-3],[16,13],[7,14],[20,-10],[-3,-18],[10,3],[15,-8],[7,-22],[-8,2],[-38,-14],[-13,13],[-17,-1],[-6,-6],[3,-22],[-11,16],[-17,-18],[-5,-12],[13,-13],[-12,-21],[-18,6],[-1,14],[-15,9],[-15,-16],[3,-7],[-11,-20],[-13,6],[-15,-2],[-20,-10],[3,-7],[-12,-19],[-18,-8],[5,-17],[-9,-12],[19,-10],[-16,-46],[-12,-12]],[[1493,3025],[-19,16],[-23,3]],[[1704,2982],[30,5],[4,15],[-7,6],[8,20],[25,36],[-3,24],[10,5],[7,13],[17,14],[4,18],[31,29],[-6,30],[10,46]],[[1974,3181],[-17,4],[-18,-60],[14,0],[5,-13],[-18,-12],[4,-19],[-5,-16],[8,-3],[0,-17],[27,-23],[5,-10],[-7,-19],[11,-20],[2,-18],[13,-14],[7,-16],[22,5],[18,-6],[6,-26],[-15,-18],[-11,6],[-11,-11],[-32,-4],[-3,-27]],[[1979,2844],[-7,0],[-3,-10],[-27,-26],[-3,-2],[-10,-37],[0,-2],[-14,-5],[-1,0],[-1,-2],[-12,-16],[-12,3],[-2,1],[-3,-1],[-6,1],[-13,10],[-7,5],[26,21],[9,5],[-10,7],[-5,15],[-1,10],[0,4],[-1,13],[-2,7],[-3,17],[-5,6],[-3,10],[0,2],[-2,2],[0,1],[-18,10],[-4,2],[-36,-9],[-11,-3],[-1,0],[-2,-1],[-30,-14],[-2,-1],[-21,8],[-1,2],[0,1],[-5,25],[-7,21],[-1,1],[-12,16],[-8,10],[2,31]],[[5260,6017],[-11,11],[-48,10],[-15,7],[-2,10],[19,-2],[10,-10],[7,15],[-6,14],[-8,38],[8,3],[29,-1],[16,15],[1,22],[24,16],[7,21],[-58,29]],[[5827,6476],[13,-18],[24,9],[26,-6],[18,-16],[0,-6],[20,1],[-5,-39],[-16,-11],[-2,-15],[19,-11],[-1,-15],[-13,-5],[16,-18],[17,6],[-1,-13],[13,-5],[-4,-17],[11,-12],[12,-2],[14,25],[24,-6],[13,-12],[-14,-32],[19,-6],[-20,-59],[9,-22],[-1,-17],[18,-21],[-10,-11],[0,-11],[23,-9],[14,-26],[-7,-45],[-5,-13],[19,5],[19,-5],[-3,-18],[15,6],[-5,-18],[9,-3],[-1,-28],[5,-34],[-24,-12],[2,-8],[15,-5],[0,-10],[-10,-9],[13,-33],[9,-43]],[[5570,5971],[13,10],[11,-4],[16,5],[-13,20],[-2,33],[5,-8],[36,-20],[5,10],[23,-2],[5,23],[-39,15],[3,5],[-3,27],[-26,0],[-10,34],[14,4],[1,8],[-17,4],[-15,17],[-18,8],[-44,1],[-4,-40],[-9,-10],[-7,-25],[14,-4],[22,-14],[-19,-22],[-12,0],[9,-12],[-20,-5],[3,-7],[28,-9],[-18,-14],[10,-6],[6,-13],[16,-5],[25,-25],[11,21]],[[5396,5352],[45,-6],[3,4],[29,-14],[11,10],[16,0],[10,28],[15,-9],[5,20],[32,-1],[3,16],[-12,33],[11,11],[17,1],[-5,22],[1,20],[10,7],[14,0],[6,25],[11,1],[10,11],[-3,22],[-11,19],[-14,9]],[[5978,5384],[-6,-7],[3,-14],[-13,-3],[3,-13],[11,6],[11,-54],[-31,-14],[5,-30],[21,2],[6,-14],[-7,-18],[11,-2],[-2,-12],[-15,-24],[10,-9],[-44,8],[11,-11],[-22,-14],[-15,-16],[10,-16],[-42,-11],[-15,-8],[-3,21],[-41,-7],[3,-15],[-19,-3],[3,-21],[-24,-4],[3,-17],[-10,-12],[-10,-1],[2,-29],[16,3],[5,-18],[-31,-8],[2,-16],[-32,11]],[[5732,4994],[-11,6],[-14,28],[-3,28]],[[6381,4953],[-10,-17],[1,-26],[-32,2],[-5,-10],[-15,1],[-6,-12],[-19,-13],[-18,37],[-35,-16],[-12,8],[-11,-1],[-6,8],[-19,2],[-3,-13],[12,-23],[-26,-4],[1,-10],[-32,6],[3,7],[-68,3],[-12,-4],[0,-16],[-19,-8],[-13,14],[-23,-4],[-13,7],[-2,-15],[-14,-17],[-3,-11],[5,-13],[44,-15],[21,-5],[-3,-38],[-7,3],[-5,-14],[-8,-3],[-1,-19],[-19,3],[-8,-31],[-22,-3]],[[5979,4693],[-15,3],[-7,-6],[-14,19],[-6,1],[-13,21],[-16,3],[-29,16]],[[5879,4750],[-11,1],[-18,11],[3,23],[12,-6],[3,14],[-10,1],[0,26],[7,1],[12,20],[-19,17],[-9,-4],[-17,15],[-3,14],[-20,-10],[-23,7],[-19,16],[-8,0],[-19,23],[1,19],[8,8],[-12,12],[-5,36]],[[5767,7599],[-32,13],[-19,-14],[-9,13],[1,9],[-10,11],[-31,-6],[-26,-20],[-18,14],[-10,-11],[-13,14],[-21,-9],[-16,39],[-29,-21],[-14,18],[-6,-3],[-21,16],[2,13],[-27,23],[14,5],[-9,15],[5,25],[-3,7],[-26,5],[-1,6],[-15,-21],[0,16],[-8,-1],[-23,9],[-34,20],[-37,16],[-3,17],[-52,11],[-15,-9],[-18,-29],[16,-13],[6,-21],[-6,-4],[-3,26],[-15,-1],[-14,13],[0,19],[-17,4],[-31,-28],[-53,-30],[-19,-6],[-12,-9],[-11,10]],[[5084,7750],[-11,41],[-13,-7],[-6,7],[8,19],[3,19],[-18,15],[-21,9],[-3,-5],[-29,12]],[[1154,6406],[17,-8],[-2,-8],[-14,2],[-5,-8],[15,-9],[16,6],[3,-12],[-9,-36],[-14,-21],[-10,9],[-14,0],[-14,-9],[-43,20],[-31,24],[-20,-6],[-4,8],[-17,-3],[-7,23],[14,10],[-17,32],[7,19],[18,-18],[-3,23],[-17,12],[2,12],[27,-11],[10,0],[19,-11],[3,-7],[25,7],[2,11],[12,7],[53,-7],[-1,-35],[5,-3],[-6,-13]],[[4234,6829],[41,3],[-1,-8],[-25,-5],[3,-10],[-9,-13],[-15,-37],[79,17],[6,-23],[49,11],[18,-70],[12,-9],[-7,-6],[12,-4],[34,-31]],[[8158,1491],[11,-5],[-6,-21],[6,-9],[-10,-12],[8,-22],[-6,-15],[19,-14],[-12,-21],[-15,-3],[4,-15],[19,-14],[19,-31],[-9,-30],[-15,7],[-18,-14]],[[7879,1431],[-4,12],[-12,1],[-19,13],[-4,10],[-17,9],[-18,19],[-13,22],[-2,13],[-20,37],[-9,9],[0,18],[15,25],[-21,17],[-27,-11],[-8,16],[-20,13],[-14,-4],[-13,9],[-21,4],[-25,-1],[-19,-6]],[[7663,1969],[4,-2],[52,1],[5,45],[24,14],[17,0],[9,-6],[20,33],[-6,12],[0,33],[-8,14],[30,23],[25,-1],[14,-11],[11,-17],[49,-1],[-4,21],[23,27],[25,16],[2,19],[-15,11],[-2,23],[10,5],[-3,8],[-78,-8],[-2,11]],[[8052,2286],[-4,-31],[18,-11],[-4,-12],[9,-9],[-13,-24],[-3,-21],[15,7],[2,-10],[18,-1],[9,-16],[12,4],[-19,-30]],[[4972,7504],[-14,-4],[-16,25],[-17,-16],[-12,-26],[1,-17],[-10,-13],[-10,9],[-21,-4],[-3,19],[-24,-4],[3,-11],[-8,-11],[-39,-17],[-4,12],[-22,-5],[-11,-8],[-7,5],[-7,-17],[-29,48],[-16,9],[-15,27],[-15,9],[-17,-1],[-22,-13],[-22,0],[1,-17],[-15,-3],[2,-8],[-13,5]],[[4492,7584],[13,-2],[0,9],[22,4],[19,9],[24,22]],[[4622,7750],[8,41],[-3,47],[1,50]],[[5084,7750],[-16,-3],[-14,-19],[16,-24],[21,-15],[-3,-14],[14,-22],[-13,-19]],[[3360,9868],[39,12],[21,5],[49,8],[26,5],[40,10]],[[1885,3984],[-16,3],[-44,25],[-7,-10],[-24,12],[5,8],[-14,11],[-7,13],[-12,-1],[-6,15],[-12,-4],[-15,7],[-7,11],[-14,6]],[[1586,4310],[-3,10],[2,40],[-9,0],[3,16],[17,-7],[19,7],[27,24],[38,7],[16,-1],[-8,50],[7,19],[11,15],[-4,25],[8,15],[19,9],[-1,12],[-13,7],[7,6]],[[1577,7704],[-3,15],[15,5],[10,28],[-26,4],[1,24],[6,-2],[6,24],[1,30],[17,-2],[18,38],[6,7],[19,-8],[2,28],[-4,6],[11,16],[-11,9],[0,16],[27,6],[-12,21],[3,14]],[[2105,8041],[5,-19],[24,-22],[4,2],[12,-19],[7,-27],[9,1],[6,-27],[-24,-18],[-14,-1],[9,-11],[14,1],[21,-12],[-4,-25],[18,-16],[-6,-20],[25,2],[19,-25],[20,9],[18,-6],[5,7],[5,-15],[10,-5],[-7,-43],[28,1],[4,-17],[15,-13],[-10,-10],[10,-14],[-3,-10]],[[960,4152],[3,7],[-14,7],[-28,5],[2,78],[-56,1],[-5,23],[12,0],[0,-11],[11,0],[1,31],[12,16],[-7,11],[9,15],[-3,6],[-21,2],[15,8],[1,10],[11,5],[22,-6],[11,26],[49,-28],[35,7],[10,6],[14,-5],[10,18],[-12,19],[-3,20],[6,6],[22,-8],[23,4],[19,11],[4,12],[13,9],[11,28],[-3,11],[1,34],[5,-1],[1,21],[6,3],[-3,17],[-19,11],[3,18],[-7,2],[-14,20],[19,13],[-9,13],[-11,46]],[[4866,6362],[23,-47],[19,5],[14,-9],[26,-9],[26,-18],[49,-4],[12,5],[3,-11],[10,-3]],[[5041,6262],[-10,-30],[6,-6],[-22,-14],[-14,5],[-28,1],[3,-12],[-5,-18],[-9,-4],[-7,19],[-19,6],[-1,10],[-11,6],[-8,-29],[-4,-29],[-36,-10],[-7,14],[21,36],[-4,17],[8,7],[-9,12],[-13,-2],[15,15],[15,6],[-27,28],[8,6],[-30,20],[-25,4],[-23,12],[0,19],[6,1],[-2,18],[11,4],[-2,18],[30,7]],[[4944,2580],[15,14],[-11,30],[-6,38],[11,7],[15,31],[6,-1],[-3,16],[-12,8],[-18,32],[-2,10],[36,8],[-12,25]],[[4963,2798],[11,9],[22,1],[33,7],[3,9],[11,-2],[-3,19],[-12,9],[7,19],[12,11],[-4,9],[15,-6],[5,13],[22,-12],[18,11],[-2,19],[9,3],[10,-8],[26,-11],[9,-18],[9,-5],[26,13],[13,-1],[11,9],[17,-15],[14,0],[-5,-29],[10,-3],[29,8],[0,7],[35,25],[7,-14],[17,11],[26,-7],[0,-13],[19,-8],[20,20],[3,11],[21,-15],[1,-11],[-14,-24],[-26,-9],[31,-1],[23,10],[-3,-15],[24,-4],[10,17],[14,0]],[[5487,2837],[0,-16],[6,-21],[-10,1],[1,-24],[-25,-9],[-14,9],[-17,3],[-22,-22],[-17,9],[-12,-4],[1,-11],[-13,-10],[-15,-1],[3,-21],[-23,-13],[-33,10],[-6,11],[-11,1],[-6,-10],[-28,-2],[-4,-9],[14,1],[-19,-44],[6,1],[6,-19],[7,-38],[-11,-11],[-14,1],[-7,-17],[-14,-4],[-38,25]],[[8578,5776],[2,19],[-16,15],[-19,1],[-21,-12],[-8,13],[-15,-9],[-13,8],[-11,-8],[-12,18],[-15,0],[-8,-9],[-8,18],[-8,-2],[-5,14]],[[9170,5869],[0,-1],[-14,-38],[-22,-19],[-39,-66],[-23,-42],[-9,-19],[-28,-61]],[[7420,9118],[-9,-11],[0,-16],[11,-10],[-1,-17],[7,-13],[-3,-9],[-17,-9],[-12,-28],[2,-22],[12,-11],[15,-4],[0,-18],[17,-14],[4,12],[17,-5],[-8,-42],[-41,-17],[10,-22],[14,-17],[-4,-29],[-15,-5],[-15,7],[13,-29],[-18,2],[-7,-15],[12,-57],[15,-4],[4,-11]],[[6943,8629],[-1,16],[-9,11],[16,14],[-19,37],[35,19],[-8,18],[-29,26],[-10,15],[-18,-7],[-17,3],[3,29],[8,3],[-1,24],[5,14],[-4,21],[14,-1],[-2,25],[11,8],[-4,22],[3,7],[-24,15],[15,40],[13,16],[-2,5],[35,-4],[5,48],[24,-14],[17,-33],[14,6],[27,-1],[5,28],[-13,-1],[-9,28],[6,8],[30,6],[-1,14],[19,7],[-7,30],[11,8]],[[7081,9139],[53,-11],[29,9],[14,-4],[7,-3],[4,0],[52,3],[34,-8],[20,0],[3,-1],[9,-13],[50,10],[38,1],[26,-4]],[[7595,7388],[27,8],[17,21],[9,-4],[16,13],[14,-13],[1,-23],[11,-7],[1,-13],[10,-1],[-4,15],[-10,4],[-2,16],[26,-3],[6,9],[4,-10],[17,0],[4,-35],[11,-9],[-10,-5],[-12,-16],[23,-11],[15,-3],[19,9],[10,-3],[18,6],[-2,-21],[-17,1],[-5,-17],[20,-7],[-6,-15],[17,-1],[6,-8],[18,-3],[4,16],[11,-4],[19,46],[32,0],[-2,-7],[20,-7],[4,5],[18,-9],[4,-13],[9,6],[-7,6],[15,2],[13,41],[11,1],[-6,16],[20,18],[22,7],[1,-14],[20,-17],[8,-12],[8,10],[-7,11],[19,1],[21,13],[-8,32],[4,6],[-24,4],[3,15],[31,-3],[-1,13],[-14,7],[1,33],[6,-1],[19,15],[-5,16],[10,8],[-8,22],[-19,36],[39,21]],[[8138,7602],[5,-11],[12,-52],[29,13],[7,-3],[-11,-25],[14,-7],[6,5],[0,17],[29,-5],[-12,-16],[8,-8],[-16,-9],[21,-18],[4,6],[30,-11],[0,-24],[49,2],[9,-4],[34,-3]],[[6633,5139],[29,23],[11,14],[1,24],[22,-3],[-6,13],[-19,16],[1,15],[9,10],[20,-7],[17,2],[-3,16],[10,-3],[-3,14],[14,24],[17,-3],[10,19],[13,-4],[-4,21],[17,13],[16,-1],[10,-15],[10,15],[22,-2]],[[6847,5340],[-2,-21],[8,-4],[43,5],[8,12],[35,-26],[22,18],[29,32],[5,-7],[4,14],[16,21],[10,2]],[[7742,2520],[-16,16],[-14,-20],[-51,-20],[-25,-17],[17,-23],[-1,-17],[5,-34],[-7,-11],[-33,-20],[-17,21],[-19,11],[-14,18],[-22,21],[-9,32],[-5,-19],[-28,-37],[-6,-22],[0,-21],[-38,-6]],[[7461,2600],[5,-9],[17,-3],[7,20],[16,-1],[20,23],[33,3],[13,-8],[21,29],[4,19],[11,27],[4,-4],[27,42],[17,23],[-23,15],[1,28],[5,11]],[[6267,5797],[92,64],[-13,10],[1,28],[13,3],[21,20],[23,16],[31,-4],[9,38],[0,28],[8,19],[16,10],[14,17],[-3,31],[-11,31],[12,14],[11,3],[8,12],[20,-5],[6,10],[-4,16],[42,-9],[13,3],[-3,13],[12,11],[-9,20]],[[9565,3898],[-4,-4],[6,-4],[12,-38],[0,-6],[3,-18],[1,-1],[14,-17],[1,-5],[-4,-17],[0,-1],[1,0],[18,-2],[3,-14],[9,-2],[13,-18],[3,-1],[1,-3],[15,-4],[6,-3],[1,-2],[5,-21],[0,-1],[8,-11],[10,-3],[7,-5],[19,-3],[12,-31],[-1,-18],[-19,-8],[3,-9],[-1,-1],[3,-8],[2,-9],[6,-13],[3,-6],[4,-14],[3,-13],[1,0],[2,-9],[5,5],[9,-5],[2,-4],[7,0],[12,-6],[2,-24],[2,-23],[-2,-2],[2,-2],[1,-23],[14,-18],[-4,-6],[-11,-3],[2,-11],[13,-2],[7,-2]],[[9436,3206],[-10,-6],[-22,24],[-36,19],[-3,-13],[-21,-2],[-11,5],[2,16]],[[8922,3590],[-8,3],[-5,22],[17,23],[-25,4],[8,16],[-9,8],[9,8],[16,-1],[-7,12],[-21,1],[4,39],[-3,13]],[[8898,3738],[-4,16],[3,21],[22,8],[9,20],[-17,19],[37,18],[29,-9],[18,-1],[15,6],[-5,11],[15,21],[49,2],[14,-4],[10,19],[-4,8],[-15,1],[3,38],[11,0],[2,29],[11,1],[25,26]],[[8920,4145],[-13,-21],[-6,4],[9,12],[-33,28],[-16,-29],[-23,11]],[[8838,4150],[1,24],[-6,14],[2,14],[-5,26],[22,1],[11,10],[6,-15],[3,24],[-14,0],[1,23],[16,10],[-6,16],[-9,6],[4,12],[-13,9],[-29,1],[-15,9],[-15,16],[-14,5],[-6,18],[-11,10],[-25,3],[0,-47],[-6,-5],[-26,-1],[-7,-12],[3,-12],[-18,0],[-39,7],[0,68],[-60,19],[-18,21],[-30,17]],[[8535,4441],[6,42],[-14,-3],[0,24],[29,-2],[11,6],[0,18],[14,18],[-4,10],[11,9],[-7,22],[22,6],[10,-8],[20,1],[4,18],[8,9],[34,68],[18,2],[15,-9],[19,23],[16,5],[4,-8],[9,10],[7,-4],[17,47],[7,-1],[10,35],[40,-8],[-6,-20],[11,-6],[13,2],[21,14]],[[8497,3790],[12,3],[3,24],[-2,24],[12,-2]],[[8627,3900],[39,11],[15,-22],[18,-2],[7,-18],[9,-1],[1,-17],[-15,-6],[9,-12],[-8,-7],[15,-33],[5,-35],[-4,-12],[15,-13],[27,-3],[20,-9],[15,4],[6,16],[32,18],[26,1],[-3,-31],[30,3],[12,6]],[[4912,5708],[18,-2],[-9,11],[13,0],[29,17],[18,-7],[36,5],[8,-10],[21,14],[6,-1],[12,20],[2,-15],[17,-17],[7,5],[-16,16],[1,21],[15,-8],[12,2],[-1,12],[27,25],[-2,6],[12,11],[16,-2]],[[5524,4887],[9,-15],[-15,-29],[15,-13],[0,-17],[9,-10],[-1,-29],[3,-15],[-6,-10],[-30,-27],[15,-16],[9,-17],[4,16],[15,-2],[-2,10],[45,-3],[4,15],[16,-1],[6,-16],[12,5],[-2,15],[16,8],[10,-12],[11,11],[7,-3],[0,19],[-15,-2],[2,10],[43,-3],[12,8],[15,-19],[4,6],[51,7],[-2,-14],[15,-11],[-3,-21],[-16,0],[-13,-34],[9,-4],[21,5],[6,13],[13,-8],[6,11],[-8,11],[27,-7],[3,-5]],[[5844,4694],[1,-24],[-13,2],[-13,-15],[0,-11],[-9,-6],[7,-6],[-41,-71],[-34,-7],[-2,33],[-20,25],[-11,-7],[-20,17],[-35,14],[-10,-1],[-1,-21],[-8,1],[1,17],[-20,7],[-19,-30],[13,-9],[-14,-12],[-11,-71],[6,-7],[-19,-9]],[[2065,5976],[-8,20],[1,11],[28,15],[13,-5],[11,19],[-12,31],[0,13],[16,-4],[13,6],[5,10],[-4,22],[33,10],[-19,34],[3,5],[-15,7],[10,28],[47,-5],[10,-4],[12,12],[-16,27],[-4,26],[-8,-5],[-3,-14],[-19,0],[-6,18],[-15,-4],[-8,14],[-4,-15],[-11,16],[2,21],[-26,-6],[-13,21],[-55,11],[-2,14],[-26,-9],[-16,21],[-29,8],[-22,33],[-24,-5],[-14,8],[-5,16]],[[2759,3101],[-5,-11],[12,-12],[-11,-14],[18,-6],[-6,-15],[-6,4],[-9,-22],[8,-16],[-16,-24],[-16,-39],[20,5],[18,-6],[-14,-20]],[[2752,2925],[-5,-41],[-9,-14],[-16,3],[-13,-13],[-15,-2],[-24,-18],[1,17],[-18,-5],[-5,-13],[-12,1],[-36,14],[-28,-14],[1,-32],[-32,9],[-25,-20],[-30,-17],[-21,35],[-14,-16],[2,-13]],[[2453,2786],[-34,19],[-6,16],[-8,1],[-10,13],[-8,-1],[-15,29],[-22,14]],[[2350,2877],[5,4],[-4,17],[11,7],[2,10],[-10,10],[5,9]],[[2359,2934],[9,-6],[13,17],[9,-1],[15,22],[13,4],[16,15],[-5,11],[12,16],[-11,7],[-12,22],[8,8],[25,13],[14,16],[-16,33],[7,15],[29,-14],[25,13],[-4,-15],[15,9],[19,-4],[2,10],[21,15],[5,14]],[[4655,8055],[-7,3],[-19,-8],[-18,-21],[-33,-2],[-17,12],[2,12]],[[4457,8747],[5,24],[22,7],[11,10],[0,21],[7,1],[19,-17],[6,12],[13,-2],[11,22],[13,-9],[49,10],[59,4],[6,-20],[16,-2]],[[4895,3120],[-25,4],[-19,-23],[-21,7],[-9,17],[11,4],[-11,13],[-16,-2],[2,-24],[-42,-5],[11,-6],[-1,-20],[-44,-6],[-9,-14],[6,-7],[-13,-36]],[[4715,3022],[-10,4],[-29,0],[-6,50],[-71,-9],[-8,-4],[-9,17],[-37,31],[-26,11],[-11,0],[-26,31],[0,19]],[[4989,3422],[4,-11],[-9,-36],[-13,9],[-4,-17],[-25,-6],[-3,-15],[10,-9],[3,-19],[25,-4],[-18,-22],[-20,-3],[-13,-11],[4,-16],[13,2],[-8,-13],[3,-25],[14,-13],[2,-20]],[[4715,3022],[18,-8],[47,5],[4,-42],[-5,-11],[23,-28],[7,-25],[20,-8],[12,-14],[12,-6],[-4,-10],[1,-30],[19,5],[13,-6],[27,-4],[20,3],[-16,-24],[14,-22],[34,15],[2,-14]],[[1999,3702],[-22,7],[-7,23],[-15,0],[30,20],[10,11],[-1,23],[11,2],[-1,15],[13,-2],[5,22],[-11,24],[5,3],[16,-23],[5,21],[14,-1],[-1,-7],[17,-4],[16,9],[9,-11],[-6,-21],[9,-12],[9,1],[-7,-13],[4,-23],[-12,-20],[-23,8],[-11,-55],[-9,-1],[-47,4]],[[2342,3819],[-2,22],[4,9],[-14,12],[5,16],[-13,15],[-16,2],[-11,25],[-9,6]],[[7339,6511],[-20,-25],[0,-8],[-21,-15],[-19,10],[-16,20],[-14,-9],[-22,1],[-15,8],[-10,-10],[-10,10],[-10,-8],[-1,-16]],[[6723,6629],[30,-10],[-1,19],[11,-1],[-4,14],[12,13],[2,-20],[29,-4],[-2,14],[19,2],[21,-6],[0,5],[19,15],[13,0],[6,10],[-12,10],[4,10],[-11,2],[-12,28],[-4,-2],[-10,23],[30,6],[36,1],[-5,31],[2,24],[-9,1],[-23,23],[5,26],[-13,6],[2,24],[14,51],[12,-1],[0,11],[33,31],[26,8],[3,43],[8,-1],[22,21],[3,-12],[7,8],[-3,38],[8,-25],[16,22],[22,-20],[13,-19]],[[2359,2934],[-6,24],[-9,2],[-1,11],[-13,3],[3,14],[-29,22],[-19,-1],[-5,16],[-15,-4],[-14,18],[-3,17],[-11,12],[-15,1]],[[2222,3069],[4,4],[-23,25],[22,20],[-12,28],[-14,1],[-9,11],[-6,-5],[-13,12],[-19,-3],[-9,11]],[[2143,3173],[10,10],[-8,6],[5,13],[-21,11],[-13,-10],[-6,5],[1,21],[-19,-4],[-17,2]],[[1819,6432],[-2,-44],[-25,-10],[-12,-14],[-20,0],[-23,-9],[-28,-6],[-27,5],[-17,-5]],[[1476,6362],[2,19],[-18,2],[0,30],[-8,20],[4,19],[-22,-5],[-23,10],[-15,-9],[-24,-23],[-9,2],[-34,42],[-10,3],[23,18],[-35,35],[-19,1],[-7,8],[23,-1],[2,7],[-13,27],[5,9],[20,6],[-5,12],[6,20],[-8,27],[-15,16],[-37,-2],[-21,14],[1,14],[-34,5]],[[1205,6688],[-9,-3],[-21,41],[-10,11],[-9,22],[4,19]],[[3880,3361],[-16,14],[7,12],[-14,10],[-15,-5],[-40,2],[6,21],[-4,15],[-12,15],[9,18],[-3,25],[7,18],[10,2],[6,12],[-4,24],[-14,40],[8,22],[-4,4]],[[4031,3719],[4,-15],[17,-10],[31,-5],[44,4],[18,-17],[11,-2],[16,-19],[10,-2]],[[2600,4681],[9,97],[3,4],[28,-14],[11,13],[20,5],[1,-12],[19,7],[10,-2],[5,9],[14,5],[-2,14],[15,11],[-1,13],[-10,36],[16,23],[19,4],[18,20],[-5,3],[0,19],[-11,-2],[-5,18],[-10,14],[-2,19],[-11,7],[0,21]],[[6168,2285],[22,5],[24,-2],[11,-7],[8,15],[-9,8],[11,16],[17,5],[19,-9],[23,0],[9,16],[11,-3],[1,9],[16,4],[-5,26],[5,9],[22,1],[27,-28],[1,-14],[10,-3],[4,-26],[10,-17],[19,0],[13,-5],[4,-11],[26,5],[21,-2]],[[6543,2062],[-29,-3],[-18,13],[-11,-18],[-17,6],[-1,-8],[-12,3],[-12,-12],[2,-10],[-11,-4],[-15,26],[-18,-7],[1,-11],[-11,0],[-16,-10],[-1,7],[-19,4],[-16,13],[-8,-5],[-16,4],[-1,-10],[-9,4],[-27,-7],[-6,35],[-25,-7],[-10,15],[1,22],[24,16],[-42,30],[-5,13],[-19,7],[13,18],[15,5],[-5,13],[-16,-3],[2,32],[-11,0],[-4,22],[-25,8],[-10,-2]],[[6155,2261],[1,13],[12,11]],[[4339,4883],[-1,-19],[-7,-4],[8,-31],[-25,13],[-8,-3],[5,-46],[-7,-9],[-28,-3],[20,-32],[1,-27],[-9,1],[-6,-22],[8,-16],[-2,-15],[-20,-5],[9,-14],[2,-26],[-19,1],[4,-9],[-12,-2],[-6,-19],[-13,-2],[-8,-17],[-3,-21],[26,-14],[-11,-31],[-17,-1],[-3,-12],[15,-5],[4,-12],[-16,-16],[-4,-10],[28,-2],[2,-14],[-9,-2],[3,-23],[-8,-23],[9,-29],[-15,-20]],[[4045,4358],[10,4],[1,18],[-8,33],[-18,15],[-30,10],[-6,7],[-32,16],[3,18],[-9,4],[-1,17],[-6,-1],[-7,18],[5,28],[32,22],[-1,12],[8,15],[2,18],[-22,-5],[-18,2],[7,25]],[[3955,4634],[32,6],[7,10],[2,26],[21,6],[3,43],[-18,0],[-7,18],[-27,27],[-4,15],[-18,-14],[-36,-11]],[[1096,8097],[17,6],[4,16],[20,5],[0,9],[18,13],[18,-5],[28,16],[-2,7],[11,26],[21,-3],[3,20],[-8,2],[14,14],[-4,8],[-12,-10],[-11,3],[9,25],[10,11],[-5,9],[15,8],[-1,13],[19,13],[9,-4],[6,28],[6,1],[11,-16],[21,-10],[28,17],[-4,37],[15,-1]],[[3664,3756],[-16,-19],[-26,6],[-3,-12],[-13,-10],[-21,2],[-18,-5],[1,-12],[-17,3],[-13,-10],[-13,10],[-17,2],[1,9],[-20,4],[-1,15],[-8,11],[-15,-21],[7,-4],[-14,-8],[-11,-16],[-10,6],[-9,-15],[-14,-4],[0,-19],[23,-10],[-3,-7],[11,-7],[-5,-20],[7,-12],[-16,-31],[20,-19],[-24,-24],[-24,3],[-15,-18],[-1,-13]],[[3396,4207],[21,-25],[4,-13],[-11,-24],[13,-18],[17,-10],[18,9],[15,-1],[9,23],[12,-7],[15,8],[12,-19],[9,-4],[7,10],[35,-28],[16,9],[-5,23],[9,7],[25,-13],[1,-6]],[[3102,2762],[-46,4],[-21,-5]],[[3035,2761],[-14,32],[-14,6],[-5,12],[-12,2],[17,15],[9,17],[-23,1],[-4,15],[-15,0],[-35,14],[-4,23],[-20,13],[-20,-16],[-20,7],[-24,-4],[1,-11],[-24,10],[-6,14],[-12,-2],[-2,11],[-15,5],[0,10],[-23,-15],[-18,5]],[[3188,3117],[21,-22],[11,-2],[4,-22],[-9,-18],[-12,5],[-27,2],[-21,12],[-12,-12],[-2,-13],[-17,-15],[14,-7],[29,-25],[-6,-11],[10,-6],[-7,-10],[-19,12],[-13,-9],[2,-8],[-12,-29],[-31,-7],[-1,-21],[39,-18],[-12,-15],[-13,-1],[5,-15],[0,-37],[-9,-18],[4,-15],[8,-6],[2,-16],[-12,-8]],[[5007,7242],[-3,-25],[-21,3],[-16,-17],[5,-9],[-11,-12],[11,-6],[-20,-8],[-13,6],[-9,-6],[3,-9],[-19,-5],[0,-6],[-31,-1],[-9,20],[-9,2],[13,30],[-24,14],[-22,-39],[-26,-7],[-4,10],[-22,-10],[-15,-1],[-10,25],[-14,-23],[-29,4],[-34,-5],[-26,13],[-24,16]],[[4628,7196],[0,9],[21,17],[10,-3],[9,10],[-29,14],[9,23],[15,16],[-20,-9],[-15,3],[-30,18],[-7,8]],[[7384,1526],[-3,-14],[-34,-10],[-8,-36],[-2,-30]],[[5026,2097],[2,-16],[16,-21],[9,1],[4,-15],[12,-6],[17,-27],[12,-9],[9,-18]],[[5107,1986],[-19,-4],[-37,18],[-1,-17],[-16,-9],[-8,10],[-11,0],[-20,-14],[-20,15]],[[4975,1985],[-13,49],[-6,8],[5,16],[-27,4],[23,7],[11,50],[-1,14],[9,5],[11,29],[3,-2]],[[8022,3076],[10,21],[15,14],[4,-7],[22,19],[11,21],[10,-4],[13,13],[10,-3],[4,-16],[17,-12],[-4,-17],[6,-14],[-7,-16],[18,3],[5,27],[6,-13],[11,-1],[5,-12],[12,10],[-1,-12],[9,-18],[23,13],[-1,17],[-9,16],[15,4],[6,12],[31,-9],[-6,27],[5,1],[10,52],[5,2],[-15,13],[14,27],[11,-7],[41,0],[0,29],[5,18]],[[6660,4300],[-9,-34],[4,-10],[-8,-9],[-1,-31],[8,-6],[-19,-3],[-12,6],[-4,-14],[25,-9],[-18,-49],[16,-7],[6,7],[19,-4],[9,-14],[4,12],[17,-1],[15,12],[26,-13],[9,-9],[0,-13],[-13,-16],[-25,-12],[10,-14],[-20,-22],[3,-14],[17,3],[-3,-25]],[[6716,4011],[-24,-21],[-15,-25],[-19,-4],[-19,9],[-1,-11],[-10,-3],[-6,-25],[9,-5],[8,8],[1,-17],[-11,-16],[-9,-24],[-10,7],[-17,-17],[-18,6],[-7,15],[-11,-10],[-13,-3],[-16,-21],[-14,0],[0,20],[-13,2],[-5,-24],[-20,-1],[-4,-12]],[[6472,3839],[-34,2],[-10,-21],[-23,-1],[-8,36],[4,5],[-14,9],[12,16],[-12,19],[-4,-6],[-20,17],[10,12],[-13,-2],[-5,25],[4,5],[16,-4],[4,15],[-10,25],[-43,1],[-1,8],[-30,10],[0,-5]],[[6282,4452],[-5,8],[10,12]],[[6479,3841],[8,-4],[-4,-11],[-4,15]],[[4959,6799],[1,18],[-20,23],[-12,-7],[-12,4],[-5,15],[-11,10],[-13,-6],[3,-22],[-9,6],[-5,-11],[-10,4],[-18,-3],[-3,-17],[-21,-6],[-2,24],[-22,9],[12,15],[5,23],[-24,11],[-5,7],[-14,-2],[-6,11],[-37,23],[-5,28],[5,11],[-18,-1],[-2,7],[-18,0],[2,14],[-18,11],[8,7],[-7,19],[3,7],[-12,42],[-22,19],[-8,-3],[-10,16],[-35,8],[8,10],[16,-5],[9,18],[-17,24],[8,9],[10,27]],[[771,8659],[33,12],[130,57],[36,9],[82,34],[69,26],[16,9],[31,13],[93,19]],[[5010,1777],[-43,-12],[1,-7],[-52,-19],[3,18],[-4,18],[-16,6],[11,33],[-10,17],[2,11]],[[4947,1934],[-6,5],[12,22],[13,-6],[6,12],[-2,25],[5,-7]],[[5107,1986],[3,-4],[9,-43]],[[4763,2085],[-6,24],[4,5],[10,-12],[23,0],[20,6],[8,11]],[[4822,2119],[3,17],[-4,37],[13,29],[24,-26],[14,15],[-5,26]],[[512,6124],[-4,2],[-16,12],[-2,5],[-11,32],[-6,5],[-2,4],[-28,21],[-4,4]],[[439,6209],[9,14],[10,-1],[55,46],[9,-14],[15,-5],[-4,-10],[12,-8],[20,-3],[0,-5],[32,-4],[10,17],[11,1],[4,10],[3,34],[13,6],[15,20],[13,26],[0,12],[8,57],[-10,25],[21,24],[6,15],[13,-3],[19,7],[2,14],[-6,8],[20,2],[-3,19],[4,15],[-11,2],[4,9],[-8,18],[23,10],[-10,16],[2,7],[22,-1],[10,-23],[21,17],[-8,21],[-15,0],[-5,9],[13,40],[22,10],[-3,-12],[32,-15],[-6,-4],[20,-4],[14,-14],[-4,-13],[9,-5],[3,-14],[19,9],[-3,10],[21,6],[9,9],[12,-32],[16,-8],[7,-15],[142,64],[71,31],[47,23],[-1,9]],[[1179,6149],[-66,-4],[-30,-6],[1,41],[-13,16],[-1,15],[10,13],[-11,3],[-38,28],[-7,-10],[-14,-4],[-24,-39],[-10,-6],[-22,0],[-19,8],[-1,10],[-13,16],[-15,11],[-23,-9],[-10,3],[-47,-27],[-34,-11],[-37,-4],[-34,10],[-33,-21],[-26,-12],[-27,3],[-24,-11],[-33,-10],[-47,-20],[-9,-14]],[[522,6118],[-10,6]],[[630,5258],[-9,19],[-2,2],[-3,5],[-17,14],[-3,1],[-1,1],[-16,4],[-4,2],[-18,31],[-1,2],[3,9],[-3,35],[20,32],[2,4],[2,14],[0,2],[0,1],[-6,14],[-14,17],[19,25],[1,2],[6,20],[4,30],[-14,23],[-5,4],[-3,5],[-4,1],[-2,2],[-25,8],[-15,1],[-1,0],[-29,15],[-8,2],[-16,4],[-5,15],[-11,12],[8,26],[0,1],[-7,23],[-2,2],[-1,3],[-14,14],[1,18],[-8,17],[-3,43],[-15,35],[10,24],[0,1],[0,2],[0,26],[6,12],[3,4],[23,6],[2,3],[1,1],[24,31],[5,6],[0,1],[3,16],[16,21],[3,3],[3,17],[-3,3],[0,3],[-10,6],[-7,7],[-7,24],[-3,15],[2,7],[5,10],[5,21],[2,4],[18,16],[0,2],[2,3],[-2,10],[0,1]],[[522,6118],[19,-15],[49,-30],[54,-4],[11,8],[6,-6],[27,-9],[-8,-22],[7,-26],[11,-7],[22,11],[31,-3],[24,22],[24,8],[26,-7],[11,2],[32,-11],[-3,-11],[-20,-15],[0,-22],[20,-2],[-4,-24],[1,-19],[15,-17],[30,-2],[8,-5],[3,-18],[-20,-15],[11,-35],[-8,-35],[-20,3],[-23,-4],[-2,21],[-35,11],[-19,-18],[-8,-19],[-2,-48],[-21,3],[-10,8],[-12,-7],[3,-9],[-3,-26],[8,-15],[23,-11],[-7,-18],[-16,-6],[-14,-37],[12,-20],[18,3],[18,-27],[0,-22],[-15,8],[-18,-7],[13,-22],[16,-52]],[[6168,2285],[-13,17],[11,6],[23,4],[13,10],[-15,16],[-4,30],[-15,8],[-2,16],[-10,11],[-4,25],[-23,13],[-6,25],[12,39],[0,10]],[[4408,9567],[18,-56],[2,-59],[-10,-3],[17,-52],[-6,-36]],[[4620,1803],[-5,-50],[21,-7],[4,-10],[0,-25],[-21,-6],[-12,3],[-18,-5],[7,23],[-27,8],[-9,-23],[-14,6]],[[7797,9137],[4,-12],[16,-23],[10,-3],[-5,-9],[0,-37],[25,-48],[-27,-22],[4,-11],[11,-6],[-7,-8],[26,-57],[3,-31],[9,-8],[16,-1]],[[7420,9118],[14,5],[18,1],[43,3],[2,0],[10,-2],[19,1],[10,0],[22,1],[15,1],[39,3],[185,6]],[[9036,2560],[7,-9],[12,14],[17,11],[3,-12],[13,-4],[3,-16],[26,-1],[0,-12],[8,-9],[31,33],[-3,10],[22,7],[-5,26],[-23,7],[4,8],[18,-8],[1,10],[12,20],[-15,3],[-1,8],[-15,2],[8,38],[7,9],[1,60],[26,-1],[39,3],[20,-4],[9,-22],[26,-8],[58,3],[4,16],[10,1],[0,-13],[25,6],[29,3],[-1,-19],[17,2],[11,-12],[4,11],[-11,10],[-2,11],[23,20],[-5,23],[5,0],[6,29],[-5,29],[-8,-3],[0,21],[5,12],[27,-3],[-1,12]],[[9829,2417],[-34,2],[-52,-9],[-4,-1],[-80,-6],[-1,0],[-24,-6],[-52,-23],[-23,-21],[-1,0],[0,-1],[-12,-37],[-2,-21],[-2,-16],[-48,-19],[-8,-27],[-16,-8],[-3,-2],[-31,-57],[-32,-24]],[[9404,2141],[-6,11],[-14,7],[-19,-2],[5,30],[-13,11],[17,8],[2,10],[-11,-2],[-15,9],[-24,-10],[-13,16],[-29,-2],[-15,10],[-10,-11],[33,74],[-22,11],[-9,23],[-26,7],[-5,14],[9,11],[-17,10],[4,18],[14,-1],[4,11],[-30,9],[-4,-15],[-38,-17],[-10,-20],[-27,-7],[-28,-29],[2,9],[-19,15],[-16,18],[2,7],[-26,5],[-2,7],[-14,-5],[-36,-43]],[[9011,9074],[2,0],[20,-10],[26,-4],[9,-18],[5,-4],[16,-24],[1,-1],[2,-1],[11,-6],[1,0],[1,0],[24,4],[9,2],[7,-6],[21,-4],[28,-5],[21,-32],[1,-1],[2,-3],[19,-3],[0,-1],[6,-17],[9,-7],[7,-23],[3,-8],[13,-9],[5,-23],[11,-1],[24,-3],[2,-13],[11,-6],[2,-3],[-1,-8],[12,-8],[1,0],[0,-3],[5,-27],[4,-5],[-3,-27],[1,-1],[13,-23],[1,-6],[11,-17],[0,-19],[10,-22],[-1,-24],[-3,-35],[-8,-4],[-5,-22],[-3,-8],[-13,-10],[-13,-10],[0,-4],[5,-33],[3,-5],[1,-3],[4,-4],[5,-7],[15,-12],[-4,-76]],[[9367,8421],[-7,-12],[-13,-9],[-11,7],[-17,-22],[-38,12],[-8,-13],[-13,21],[-10,3],[-1,16],[-9,4],[4,13],[-17,12],[-34,5],[17,4],[-20,19],[-14,0],[-17,-10],[-27,17],[-10,-16],[-39,24],[-63,-14],[-14,9],[-2,8],[8,25],[-17,0],[-2,-25],[-23,0],[-1,16],[-13,0],[1,-18],[-20,3],[15,35],[-5,12],[39,26],[-2,28]],[[9011,9075],[0,0]],[[3336,2763],[-10,3],[-19,-9],[-18,0],[-10,-6],[1,24],[5,20],[-17,19],[16,16],[-16,5],[7,12],[20,-3],[-7,9],[-11,-3],[-34,7],[-14,-48],[-27,-16],[-3,-13],[6,-17],[-14,-1],[-16,-10],[-3,-8],[-29,-3],[-3,-8],[9,-10],[-3,-12],[-28,2],[-6,-12],[-24,6],[2,7],[-14,0],[11,32],[15,16]],[[3413,3423],[5,-10],[11,-3],[-2,-18],[17,-14],[13,8],[3,21],[11,-10],[35,-12],[15,12],[14,-18],[-12,-19],[22,-36],[-10,-24],[13,-1],[13,-15]],[[2249,2801],[8,10],[15,2],[3,17],[13,0],[32,-12],[-2,9],[10,14],[12,4],[11,21],[-1,11]],[[2453,2786],[5,-18],[10,-7],[6,-36],[20,-20],[13,-18],[-10,-12],[16,-19],[44,-26],[-10,-12],[-1,-24],[13,-7],[2,-17],[10,-9],[2,-25],[6,-10],[28,-2],[21,-37],[0,-18],[11,-31],[24,-2],[1,-11],[15,-31],[19,-4],[23,6],[10,12]],[[2731,2408],[29,-18],[10,-13],[8,3],[11,-39],[-3,-9],[0,-1],[14,-29],[6,-6],[1,-6],[-2,-14],[6,-19],[15,-13],[0,1],[16,-6],[1,-1],[21,-11],[6,2],[1,0],[16,-35],[0,-25],[-1,-1],[-14,-18],[0,-1],[-1,0],[9,-23],[1,-1],[8,-10],[9,-11],[-13,-18],[-16,-6],[-1,1],[-5,17],[-12,16],[-3,14],[-17,-15],[5,-7],[-10,-15],[-2,0],[-36,6],[-1,0],[-19,-7],[-9,-10],[-1,-2],[-3,-3],[-2,-22],[-8,-4],[-3,-2],[-24,18],[-5,-3],[-5,-4],[-3,-2],[-19,-17],[-1,-1],[-5,-4],[-1,-5],[-8,-11],[-4,-21],[-5,-14],[-10,-14],[2,-10],[-5,-3],[-19,-14],[-13,-1],[-1,-1],[-1,0],[-6,-15],[-14,-30],[-18,-19],[0,-1],[-1,0],[-26,11],[-1,1],[-37,15],[-1,0],[-13,11],[-1,3],[-12,9],[-1,11],[-2,1],[-15,13],[-10,2],[-6,4],[5,13],[-7,11],[-11,7],[-6,4],[0,1],[3,26],[-1,0],[-9,29],[7,14],[-4,26],[-8,14],[-1,2],[-9,13],[-2,3],[-18,7],[-4,6],[-7,21],[-1,1],[0,1],[-20,19],[-22,37],[-1,5],[-6,6],[-14,24],[0,1],[-7,13],[-1,0],[-5,6],[-17,0],[-1,0],[-1,-1],[-3,0],[-8,-7],[-2,-1],[-8,9],[-8,7],[-8,23],[-6,5],[-7,14],[6,23],[-7,22],[-19,-3],[-33,9],[-5,-2],[-2,0],[-1,-1],[-2,-1],[-2,-5],[-8,-13],[-5,-2],[-6,7],[-1,5],[-10,9],[-1,4],[-3,17],[-3,0],[-7,21],[-15,14],[-16,-11],[-2,3],[-9,30],[-1,0],[-5,2],[-6,2],[0,21],[1,1],[20,16],[2,-1],[2,-15],[10,11],[-8,10],[30,23],[-6,11],[12,9],[13,-5],[-5,11],[24,-6],[19,25],[-1,21],[15,-3],[16,-14],[1,-1],[0,1],[0,-1],[16,9],[14,26],[26,19],[0,3],[2,2],[-3,4],[-1,3],[-10,13],[8,4],[15,6],[-3,20],[-3,17],[14,-1],[26,19],[-2,12],[-2,4],[-1,2],[-16,25],[0,1],[-2,3],[-2,2],[-15,15],[-11,3],[-15,30],[-1,1]],[[8281,944],[25,-16],[18,-1],[3,10],[11,-8],[-10,-10],[13,-9],[-4,-11],[17,-11],[-5,-41],[-15,-11],[14,-9],[22,-22],[22,-16],[-5,-16],[-18,-16],[-19,-7],[-11,-13],[-7,-31],[-8,-6],[6,-24],[20,-17],[-5,-11],[-11,-4],[1,-14],[9,-1],[0,-18],[14,-4],[9,-16],[10,1],[0,-42],[-22,-1],[8,-22],[-5,-8],[-11,16],[-10,-32],[-14,-7],[0,-19],[-15,-59],[6,-15],[21,-16],[2,-21],[-1,-42],[12,-18],[27,-15],[36,-27],[-5,-29],[-9,-15],[-1,-35],[11,-17],[-3,-15]],[[8404,153],[-7,5],[-23,-4],[-5,0],[-24,-7],[-1,1],[-17,19],[-13,6],[-1,0],[-41,-2],[-23,41],[0,2],[-4,2],[-8,5],[-9,22],[0,2],[-35,2],[-14,-19],[-23,10],[-16,1],[-2,1],[-32,18],[-7,0],[-5,2],[0,24],[1,0],[-4,19],[-10,9]],[[8838,4150],[-5,-43],[-18,4],[-5,-10],[-16,21],[-9,1],[1,-14],[-24,0],[-33,-24],[-21,-1],[-3,-7],[-23,4],[5,8],[-7,13],[-23,3],[0,8],[-20,-1],[-12,16],[-30,-43],[-25,2],[-5,-9],[-24,-5],[-17,-11],[3,-14]],[[8160,4157],[-31,5],[-5,-6],[-20,-3],[-5,14],[13,5],[-30,28],[-13,9],[-14,27],[-6,23],[1,17],[31,12],[-8,22],[20,-6],[0,-6],[21,-1],[11,9],[-4,24],[-14,5],[1,32],[6,6],[-18,6],[-11,9],[-4,20],[-7,-1],[-5,15],[-22,4]],[[8047,4426],[5,13],[-4,19],[7,4],[8,-14],[14,3],[-6,9],[29,3],[2,12],[-18,7],[-18,15],[4,6],[-9,16],[-13,9],[4,27]],[[8257,4647],[19,-2],[31,-17],[35,-14],[-5,-13],[15,-7],[18,-22],[36,-19],[17,3],[26,-35],[17,-9],[7,-12],[-5,-10],[26,-17],[27,-36],[14,4]],[[8027,3863],[-9,-8],[-31,18],[3,9],[-43,18],[7,17],[-7,-2],[-26,12],[-22,-24],[-27,14],[3,16],[-17,5],[-4,-6],[-15,7],[-29,-15],[5,-17],[10,0],[-2,-10],[-10,2],[-1,-11],[-15,0],[-12,11],[-3,13],[-32,40],[-24,-24],[-5,-11],[-1,-23]],[[7720,3894],[-24,15],[-4,10],[-9,-15],[-11,8],[5,7],[-14,3],[-16,-10],[2,14],[34,17],[1,20],[12,31],[-8,11],[17,25],[8,-4],[-15,46],[-6,3],[-16,-15],[-10,6],[-22,38],[-16,-11],[-7,18],[7,21],[12,-3],[8,14]],[[7693,4363],[13,-1],[21,-12],[18,-20],[7,13],[25,2],[16,12],[16,-16],[30,37],[-2,15],[8,-3],[3,15],[38,2],[1,-13],[9,16],[21,-12],[2,9],[31,-7],[18,6],[6,-6],[20,-2],[2,7],[29,6],[22,15]],[[3877,4726],[-3,-19],[-11,-13],[10,-1],[13,-13],[-10,-15],[-6,3],[-4,-14],[15,-10],[4,6],[17,-10],[3,7],[14,-3],[12,-18],[24,8]],[[6011,6657],[-17,4],[-17,-24],[-13,-4],[-8,36],[8,-1],[1,26],[5,18],[-11,-18],[-25,-4],[-21,-8],[7,17],[-10,11],[0,15],[-14,5],[6,20],[-6,12],[9,5],[-5,29],[7,16],[14,6],[-19,10],[2,21],[-5,3],[1,21],[41,4],[-6,11],[-29,21],[12,18],[22,4],[15,-8],[-7,18],[1,31],[15,-5],[2,15],[11,20],[8,40],[16,1],[-1,14],[-13,13],[11,26]],[[6273,7219],[13,13],[34,43],[16,-22],[33,1],[0,-10],[18,-10],[11,7],[-5,9],[15,-5],[8,-9],[8,4],[13,24],[7,-13],[27,10],[3,23],[45,-1],[10,25],[8,6]],[[6537,7314],[-1,-13],[10,-18],[-6,-4],[13,-25],[17,-16],[-18,-11],[7,-10],[2,-20],[12,-1],[8,-31],[-12,-5],[0,-26],[-7,-2],[0,-43],[-12,-6],[14,-19],[12,-1],[9,-13],[3,-15],[-12,-13],[-5,3],[-17,-9],[-1,-11],[-26,-4]],[[6127,6590],[-29,15],[14,24],[-26,11],[-5,23],[-13,-4],[-18,14],[-17,1],[-8,-16],[-14,-1]],[[4014,7028],[8,-7]],[[7677,3379],[25,13],[14,-5],[19,0],[32,-22],[4,5],[2,-28],[15,9],[0,21],[22,-17],[10,4],[11,25],[11,6],[7,16],[-8,11],[3,-20],[-14,1],[5,21],[10,6],[10,-16],[16,-3],[19,-10],[4,6],[-7,21],[4,17],[-10,11],[-2,36],[11,25],[9,-7],[13,20],[11,-13],[18,-8],[13,4],[42,2],[30,-11]],[[5844,4694],[15,11],[-7,14],[3,13],[15,5],[9,13]],[[5979,4693],[-2,-13],[20,-15],[15,-2],[3,-11],[-14,-12],[31,-15],[8,16],[21,14],[3,-4],[19,15],[12,-20],[32,-5],[2,-23],[13,7],[6,-21],[-5,-35],[9,-19],[15,-6],[16,4],[-3,-9],[9,-5],[32,0],[0,-13],[13,-13],[13,16]],[[4658,2132],[5,-1]],[[5306,2098],[-25,-28],[0,-16],[-11,10],[-3,-9],[-19,-4],[-10,-12],[-36,-5],[2,-13],[12,-8],[16,4],[-6,-14],[-13,3],[6,-33],[-8,-4],[-15,-13],[-43,-6],[-18,5],[8,-41],[-19,-4]],[[7633,6277],[-45,-20],[2,-17],[-12,-6],[-14,5],[-9,-11],[-20,-10],[9,-15],[-16,-8],[-13,0],[15,-8],[-13,-15],[-12,20],[-28,-4],[4,-19],[-30,1],[-6,5],[-17,-6],[1,-14],[13,1],[4,-12],[-7,-8],[6,-18],[12,-10],[0,-22]],[[5577,2959],[11,-19],[-8,-4],[7,-19],[11,-14],[10,-3],[6,-16],[19,-15],[10,0],[7,-14],[-13,-20],[-8,5],[-14,-5],[-19,-34],[-18,3],[-11,9],[-3,24],[13,30],[-3,25],[-14,8],[-12,-32],[-3,-22],[-9,2],[-8,-13],[-41,2]],[[965,5525],[5,9],[25,7],[10,-9],[24,13],[3,13],[-13,15],[23,21],[7,-19],[11,5],[10,20],[9,4],[8,15],[14,8],[-28,20],[3,22],[6,3],[34,0],[-1,12],[-14,40],[15,1],[15,37],[0,13],[26,1],[6,7],[16,3],[0,-12],[20,-1],[19,-8],[4,22],[42,-4],[14,-10],[31,9]],[[6914,7425],[-16,16],[-6,13],[-31,10],[-9,7],[-17,-16],[-41,11],[-3,-11],[-16,-6],[-5,-10],[12,-13],[-5,-17],[14,-2],[-3,-7],[-21,1],[0,-18],[-11,9],[-23,10],[1,-15],[-8,-15],[-14,-4],[0,-15],[-27,20],[-32,9]],[[6653,7382],[25,42],[-16,5],[-8,21],[-7,6],[4,18],[-13,20],[-8,25],[-20,-4],[5,9],[-3,47],[-14,-9],[-24,1],[-5,29],[-12,-4],[-11,25],[1,17],[-8,-1],[1,15],[-46,-17],[-8,21],[2,13],[-21,-7],[-10,32],[12,1],[9,20],[-7,22],[-7,7],[-4,25]],[[5813,2574],[3,-18],[11,-9],[7,-25],[-10,5],[-28,2],[-5,-6],[-27,-2],[-9,-13],[11,-16],[-3,-6],[-22,-7],[-26,-4],[2,-20],[-9,-2]],[[2763,7976],[-12,56],[-5,45],[2,7],[-20,48],[43,24],[3,7],[29,24],[16,45],[-28,-11],[-11,5],[-3,19],[5,8],[-26,20],[-17,8],[2,28],[-10,3],[11,10],[1,18],[23,7],[-3,10],[33,-6],[29,0],[-4,8],[26,0],[5,44]],[[7797,9137],[2,0],[30,-1],[31,5],[48,0],[12,0],[4,0],[73,1],[3,0],[12,0],[35,4],[23,5],[14,4],[23,-4],[12,-2],[122,7],[19,3],[20,4],[16,0],[89,1],[1,0],[43,8],[25,-1],[20,4],[15,-2],[10,-1],[39,11],[3,0],[40,1],[27,2],[40,2],[1,0]],[[8277,1518],[16,-15],[4,-10],[12,-2],[7,-13],[-9,-13],[4,-16],[27,2],[17,-11],[20,3],[27,-10],[23,4],[24,-6],[29,17],[43,31],[15,22],[-7,21],[1,12],[12,11],[26,7],[3,14],[13,15],[8,-15],[22,6],[14,-19],[1,-11],[-8,-10],[19,-2],[14,11],[20,-10],[1,15],[18,3],[7,-17],[10,3],[5,-19],[36,1],[-2,33],[23,-2],[3,24],[-3,22],[11,1],[3,-10],[14,-13],[13,6],[4,18],[0,25],[19,2],[12,-10],[12,1],[31,-7],[7,-10],[14,2],[-1,-20],[38,8]],[[8949,1587],[-6,-8],[-21,-27],[-32,-46],[-38,-67],[-24,-6],[-2,-7],[-12,-40],[1,-1],[-4,-13],[-21,-17],[-8,-10],[-27,-39],[-1,-19],[0,-3],[-23,-19],[-4,-6],[-1,-1],[-1,-2],[-16,-26],[-4,-17],[-11,-11],[-15,-16],[-16,-2],[-4,-6],[-8,-12],[-7,-11],[-3,-33],[-34,-44],[-6,-9],[-37,-57],[-20,-34]],[[8544,978],[-2,10],[-20,24],[-29,-7],[-4,10],[-13,-4],[3,14],[-11,18],[-15,-3],[8,12],[-7,33],[-12,27],[1,31],[-16,1],[-9,-12],[-10,6],[-24,-4],[10,-29],[1,-20],[-21,-18],[-23,-14],[-8,-15],[-10,4],[-3,-23],[-9,-12],[-22,-2],[-13,7]],[[8655,2068],[71,-34],[-1,-22],[12,-22],[-6,-23],[20,-2],[-8,27],[40,14],[17,1],[-8,-8],[-22,-77],[1,-9],[-21,-3],[0,-5],[30,-6],[-7,-20],[32,-11],[6,-32],[17,-9],[27,0],[22,-10],[9,-11],[42,-6],[-2,-7],[-22,-13],[-10,-36],[-20,-21],[-10,-18],[31,-2],[-3,-10],[12,-6],[22,1],[5,-8],[17,9],[10,-8],[17,5],[35,-10]],[[9010,1676],[-39,-41],[-4,-15],[-3,-10],[-5,-8],[-10,-15]],[[7995,7785],[6,-21],[32,8],[2,-30],[9,-16],[23,9],[-1,35],[10,-9],[22,16],[3,-22],[6,-4],[5,-20],[13,1],[1,-17],[-17,-20],[-10,-23],[8,-7],[10,11],[5,-5],[-13,-14],[2,-10],[-7,-13],[-14,2],[0,-29],[18,1],[30,-6]],[[1301,3629],[-8,1],[1,-18],[-13,-17],[6,-14],[2,-30],[-20,-39],[12,-16],[-13,-21],[-17,-10],[1,-11],[13,-5],[-1,-17],[-7,-14],[-24,0],[-10,-5],[0,16],[-19,-7],[-25,-22],[1,-13],[11,-26],[14,-1],[9,-37],[-9,-22],[13,-2],[6,-42],[14,-7],[12,6],[-3,-17],[-12,-3],[-25,10],[-3,14],[-13,0],[-3,16],[-11,-4],[-25,-21],[-4,-8]],[[1151,3243],[-1,5],[-7,48],[2,17],[20,30],[1,1],[-15,13],[-4,3],[0,1],[4,13],[-3,13],[0,1],[-1,0],[-27,7],[-10,26],[-2,0],[-30,-10],[-2,-4],[-5,-2],[1,-3],[-9,-12],[-14,14],[0,2],[-1,36],[-2,4],[0,12],[-4,-3]],[[1451,3044],[-14,-4],[-1,0],[-18,7],[-8,-2],[-2,0],[-10,-3],[-1,-1],[-1,3],[-12,21],[-9,-2],[-8,-2],[-19,12],[-2,2],[-34,21],[-14,-5],[-2,-4],[-2,-1],[-2,-8],[-9,-16],[-12,-16],[-9,-6],[-8,2],[-7,4],[-3,13],[2,14],[-5,9],[-1,2],[6,7],[-2,10],[3,13],[2,3],[-6,20],[-1,5]],[[1242,3142],[14,5],[28,-12],[2,36],[26,-1],[7,13],[10,43],[20,-12],[20,10],[5,16],[-13,9],[-1,23],[21,5],[-5,14],[14,14],[5,14],[14,-3],[26,2],[24,17],[21,-1],[9,8],[5,-6],[17,0],[-5,10],[15,-3],[7,7],[11,-3],[8,7],[20,-7],[3,15],[-20,35],[16,8],[-7,7],[5,11],[28,-6],[3,19],[15,7]],[[1704,2982],[0,1],[-16,21],[-15,-3],[-9,-1],[-11,-16],[-1,-2],[-6,0],[-12,2],[-1,-1],[-2,1],[-22,-11],[-13,4],[-18,-4],[-5,3],[-12,7],[-2,5],[-6,15],[-19,8],[-13,0],[-2,1],[-26,13]],[[4406,1582],[0,-23],[-8,-21],[-17,5],[-6,0],[-16,4],[-14,10],[-15,20],[-19,2],[-11,10],[-2,14],[-11,-2],[-2,2],[-26,-7],[-16,3],[-8,2],[-13,13],[-22,9]],[[6714,5476],[3,-16],[11,5],[0,-14],[31,0],[17,5],[-4,-10],[8,-4],[5,-19],[30,-17],[0,-6],[31,-24],[-5,-11],[6,-25]],[[3035,2761],[-41,-9],[-9,-36],[-16,-20],[-2,-15],[-21,-19],[-15,-32],[14,-34],[-18,-21],[6,-14],[-4,-9],[3,-28],[-20,-21],[-25,9],[3,20],[-12,-1],[-4,-9],[-28,2],[5,12],[-7,12],[-15,-2],[-13,-19],[-5,-27],[-33,-20]],[[2778,2480],[-15,-11],[-11,-1],[-1,-11],[-15,-35],[-6,-14],[1,0]],[[439,6209],[-1,0],[-24,13],[-11,8],[-6,1],[-11,6],[-42,32],[-16,29],[0,1],[-13,3],[-3,1]],[[3373,2180],[-8,1],[-9,-4],[-29,-5],[-4,-23],[-15,-7],[-16,36],[-2,7],[-14,-6],[-6,5],[-12,10],[-22,-1],[-1,0],[-1,-14],[-2,-15],[-1,0],[-15,4],[-1,4],[-3,19],[2,9],[4,2],[-2,9],[7,27],[-10,5],[-6,3],[3,16],[8,10],[-21,-2],[-6,-4],[-6,-5],[-22,-6],[-4,-1],[-5,3],[-21,15],[-10,3],[-3,2],[-14,13],[-4,5],[-14,17],[-5,10],[-12,11],[0,1],[2,35],[1,2],[-20,7],[-5,-7],[-36,-9],[-4,4],[-9,14],[-2,1],[-17,22],[-1,1],[-2,-1],[-32,-1],[-23,5],[-27,24],[-2,1],[-10,-5],[-15,15],[-1,1],[-3,-3],[-14,-9],[-24,14],[-8,6],[-22,11],[-5,3],[-14,15]],[[9404,2141],[-1,0],[-39,-34],[-2,-3],[-36,-21],[-41,-58],[-36,-31],[-13,-11],[-14,-16],[-24,-29],[-28,-37],[-2,-1],[-15,-14],[-11,-4],[-7,-1],[0,-1],[0,-12],[0,-11],[-1,-1],[-13,-12],[-13,-20],[-1,-2],[-11,-19],[-24,-12],[-3,-28],[-59,-87]],[[7720,3894],[-39,-21]],[[7681,3873],[-5,10],[-15,2],[-13,-13],[-15,5],[4,7],[-58,27],[-29,24],[-6,-3],[-7,13],[-12,-1],[4,-18],[-7,-25],[-8,-7],[-22,-1],[0,-13],[-20,19],[-19,12],[-53,18],[0,-21],[18,-6],[-4,-4],[10,-16],[-10,-10],[-7,10],[-15,0],[-6,-8],[-13,2],[-11,14],[-17,-11],[-18,-23],[-7,-40],[-9,-15],[-28,4],[-7,-3]],[[7276,3802],[5,11],[-58,3],[0,-11],[-14,1],[-14,10],[10,5],[-9,31],[12,-7],[5,6],[-17,13],[7,11],[-18,15],[26,10],[15,24],[0,20],[-5,27],[-10,20],[23,6],[16,23],[13,6],[28,4],[4,16],[10,14],[2,23],[17,3],[7,26],[14,7],[23,-1],[4,12],[25,8],[27,14],[-14,33]],[[6011,6657],[-10,-19],[6,-3],[0,-16],[-15,-15],[15,-7],[-9,-14],[-9,-29],[-10,1],[-28,15],[-24,-6],[-19,6],[-13,-8],[-7,-19],[-3,38],[-11,-3],[6,14],[-17,10],[-8,-45]],[[6040,2207],[16,15],[43,1],[11,9],[22,-3],[-1,10],[24,0],[0,22]],[[4428,4081],[-40,1],[-2,10],[-18,10],[-37,6],[-9,-4],[-48,-3],[-3,-4],[-36,-6],[-32,-1],[-9,19],[5,12],[-6,22]],[[7935,5718],[-11,-9],[16,-11],[11,-21],[-26,-21],[2,-8],[-25,-8],[-1,-28],[13,-18],[-2,-19],[12,-14],[-3,-6],[15,-6],[-4,-25],[-22,4],[-2,-31],[-23,1],[-2,8],[-17,7],[-23,-3],[-18,6],[-24,-7]],[[6537,7314],[17,32],[0,24],[21,-4],[0,16],[23,-8],[10,5],[-4,18],[9,-9],[13,5],[5,-7],[22,-4]],[[2072,8266],[-4,12],[11,1],[5,10],[42,7],[9,24],[10,4],[-9,20],[15,8],[16,-3],[6,5],[24,0],[12,16],[-4,5],[12,28],[16,11],[4,9],[20,-13],[12,3],[16,-4],[13,-14],[13,6]],[[7276,3802],[-15,-16],[7,-13],[-14,3],[8,-20],[13,2],[10,-19],[-6,-13],[-20,13],[-15,-18],[0,16],[-22,0],[0,-12],[-18,0],[-16,-47],[8,-4],[-15,-34],[3,-8],[-13,-65]],[[7171,3567],[-158,-6],[-2,33],[10,4],[-7,40],[10,5],[-29,0],[-6,22],[-37,24],[5,16],[20,25],[2,22],[-11,2],[3,13],[-40,18],[-2,-7]],[[6929,3778],[-12,4],[-15,14],[-10,16],[-14,13],[-3,45],[3,8],[-16,18],[30,10],[8,18],[-8,12],[6,6],[-15,9],[9,17],[0,20],[-17,8],[-9,16],[-14,8],[-3,10],[-15,9],[-46,6],[-5,-5],[-9,13],[-22,-4],[7,-22],[-15,-5],[3,-10],[-8,-21],[-23,20]],[[6547,3682],[3,13],[-5,17],[4,12],[14,11],[-1,24],[-25,24],[-33,19],[-21,15],[-11,22]],[[6929,3778],[7,-15],[-6,-41],[-13,-30],[-33,3],[1,-14],[-26,-10],[-5,13],[8,13],[-18,11]],[[5513,9342],[125,-15],[36,-4],[158,-24],[38,-6],[9,0],[94,-10],[111,-17],[92,-11],[1,0]],[[6177,9255],[13,-11],[-4,-7],[12,-35],[-32,-41],[-13,-9],[-20,3],[8,-17],[-11,-36],[1,-16],[10,2],[-10,-21],[-8,-30],[48,-6],[12,-10],[27,-13],[15,-18],[16,-9],[10,-12],[5,-23]],[[6177,9255],[46,-11],[1,0],[69,-12],[8,-2],[14,-2],[62,-10],[61,-4],[8,-1],[8,-2],[28,-9],[11,-9],[17,9],[2,0],[39,1],[5,0],[23,-5],[18,1],[3,0],[25,-5],[55,-12],[37,-1],[35,-2],[28,-2],[7,-1],[2,0],[30,-3],[22,-1],[27,0],[31,-9],[1,0],[43,-4],[7,2],[1,0],[53,-8],[21,-9],[54,-5],[2,0]],[[8701,8028],[-9,-10],[-11,13],[-6,-13]],[[8675,8018],[-7,12],[-25,-10],[-13,13],[-39,7],[-5,9],[-7,-8],[2,-14],[-16,-1],[-2,13],[14,14],[4,24],[12,19],[10,8],[-10,29],[-11,17],[1,-10],[-29,17]],[[9367,8421],[13,-75],[0,-16],[0,-1],[3,-1],[20,-15],[-2,-8],[7,-12],[-6,-24],[0,-1],[0,-1],[-2,-51],[3,-26],[2,-23],[29,-36],[4,-5],[4,-49],[-1,-16],[3,-17]],[[1242,3142],[0,1],[-10,19],[-1,0],[-2,3],[-8,5],[-9,8],[-7,2],[-3,1],[-5,1],[-12,4],[-8,11],[-26,46]],[[2143,3173],[-18,-8],[-5,-19],[11,-5],[-13,-20],[30,-12],[-13,-17],[17,-16],[-3,-11],[-9,-1],[-9,13],[-20,-4],[-9,5],[4,-18],[-6,-26],[5,-3],[-6,-17],[11,-29],[16,-4],[-4,-24],[13,-20],[23,10],[17,2],[5,31],[14,3],[23,41],[-19,23],[13,16],[11,6]],[[2249,2801],[-15,20],[-1,0],[-1,0],[-10,-1],[-8,23],[-21,9],[-17,-13],[-23,4],[-2,11],[-9,0],[-36,7],[-13,-35],[-1,-26],[-19,-9],[-15,-3],[-9,18],[-1,0],[-8,10],[-20,13],[-19,7],[-6,6],[-16,2]],[[321,7322],[-4,0],[-20,3],[-4,23],[-3,21],[-8,12],[8,25],[1,2],[-10,39],[-15,11],[5,27],[-6,31],[-1,2],[-11,22],[-9,53],[2,20],[1,21],[-1,0],[-12,1],[-1,22],[-6,40],[-1,5],[-23,13],[-6,19],[-6,18],[1,9],[0,11],[-1,1],[-13,27],[11,19],[1,2],[-1,10],[0,21],[4,59],[-1,0],[-18,14],[-14,14],[1,42],[-2,1],[-9,11],[7,12],[2,15],[0,1],[-16,27],[0,1],[7,78],[-7,16],[10,19],[6,13],[-7,18],[-2,4]],[[8544,978],[-3,-8],[-9,-33],[-10,-17],[-1,-1],[-23,-15],[11,-37],[8,-8],[11,-11],[26,-4],[0,-2],[12,-74],[2,-9],[1,-4],[1,-9],[3,-10],[5,-21],[11,-34],[1,-2],[13,-63],[1,-4],[-2,-23],[0,-3],[-1,-15],[7,-33],[-4,-19],[-3,-11],[-3,-62],[-1,-21],[0,-6],[-18,-10],[-7,-25],[1,-1],[5,-9],[25,-6],[1,-1],[-12,-8],[-3,-10],[-1,-2],[-7,-15],[-1,-1],[-3,-8],[-11,-27],[-1,-2],[10,-16],[13,18],[1,9],[3,3],[14,-14],[-6,-9],[-4,-15],[1,-1],[11,-10],[8,-1],[1,-1],[2,0],[17,6],[10,3],[0,-1],[5,-30],[0,-3],[20,-13],[2,-3],[-3,-6],[18,-14],[2,-11],[7,3],[3,-4],[20,-17],[13,-6],[14,-7],[-8,-19],[-14,-7],[0,-1],[-3,-17],[0,-2],[0,-1],[4,-9],[6,-17],[-8,-17],[10,-18],[3,-10],[5,-3],[2,-4],[4,-19],[0,-2],[-43,-8],[-1,0],[-2,8],[-6,24],[-5,8],[-20,-1],[-4,16],[-1,1],[-25,18],[-10,10],[-4,0],[-4,3],[-2,-2],[-2,0],[-5,-13],[-2,-3],[-1,1],[-18,10],[-4,0],[-14,6],[-18,-5],[-8,-9],[-8,-10],[-23,14],[-22,25],[-5,13],[-7,19],[-1,0],[-20,7],[-1,2],[-4,14],[-8,3],[-8,3],[-21,-16],[-17,7]],[[7681,3873],[-13,-14],[0,-16],[8,-25],[-8,-6],[-20,-44],[-5,-38],[9,2],[0,-16],[-7,-35],[14,-27],[-9,-32],[3,-28],[7,-22],[3,-25]],[[7242,3492],[1,31],[-11,1],[-2,11],[-16,2],[1,32],[-44,-2]],[[849,4047],[4,8],[5,9],[0,1],[-17,18],[-2,11],[0,7],[4,4],[-3,7],[0,23],[1,1],[-1,13],[1,5],[3,14],[4,14],[-1,1],[-16,32],[0,2],[-9,14],[-1,2],[-1,0],[-19,3],[-3,9],[-1,5],[-3,0],[-24,2],[-7,7],[-19,-4],[-4,9],[-13,-2],[-18,17],[-2,8],[-11,2],[-16,14],[-2,3],[-2,1],[-5,4],[-13,1],[-11,1],[-35,12],[-2,1],[-4,32],[-3,4],[1,4],[-7,5],[-11,17],[16,22],[1,2],[2,12],[0,1],[32,33],[0,3],[3,11],[-3,7],[0,8],[-8,11],[0,9],[3,48],[-3,8],[-8,20],[-6,1],[-1,2],[-3,19],[-8,-1],[-27,28],[-11,7],[-4,6],[-10,19],[-2,1],[-17,28],[5,29],[1,2],[-13,45],[0,3]],[[4795,2174],[7,-20],[1,-20],[19,-15]]]}
