{"type":"Topology","objects":{"data":{"geometries":[{"properties":{"index":987,"nuts_3_code":"PL224","nuts_3_name":"Cz\u0119stochowski"},"type":"MultiPolygon","arcs":[[[-123,-122,-121,-245,-12,-4,-84,-142],[12]],[[252]]],"id":0},{"properties":{"index":988,"nuts_3_code":"PL225","nuts_3_name":"Bielski"},"type":"Polygon","arcs":[[-30,0,-2,-16,-15,14,-34]],"id":1},{"properties":{"index":990,"nuts_3_code":"PL227","nuts_3_name":"Rybnicki"},"type":"Polygon","arcs":[[-17,1,2,-68,-87,-6]],"id":2},{"properties":{"index":991,"nuts_3_code":"PL228","nuts_3_name":"Bytomski"},"type":"Polygon","arcs":[[-11,-10,-8,-5,-85,3]],"id":3},{"properties":{"index":992,"nuts_3_code":"PL229","nuts_3_name":"Gliwicki"},"type":"Polygon","arcs":[[4,-7,-18,5,-86]],"id":4},{"properties":{"index":993,"nuts_3_code":"PL22A","nuts_3_name":"Katowicki"},"type":"Polygon","arcs":[[-19,6,7,-10,-9]],"id":5},{"properties":{"index":995,"nuts_3_code":"PL22B","nuts_3_name":"Sosnowiecki"},"type":"MultiPolygon","arcs":[[[-244,-22,-38,-14,8,9,10,11]],[[12]]],"id":6},{"properties":{"index":996,"nuts_3_code":"PL22C","nuts_3_name":"Tyski"},"type":"Polygon","arcs":[[13,-37,-36,35,-35,-15,14,15,16,17,18]],"id":7},{"properties":{"index":997,"nuts_3_code":"PL415","nuts_3_name":"Miasto Pozna\u0144"},"type":"Polygon","arcs":[[111]],"id":8},{"properties":{"index":998,"nuts_3_code":"PL416","nuts_3_name":"Kaliski"},"type":"Polygon","arcs":[[-146,-145,144,-144,-91,-67,-54,-97,-109,-20],[150]],"id":9},{"properties":{"index":1000,"nuts_3_code":"PL411","nuts_3_name":"Pilski"},"type":"MultiPolygon","arcs":[[[-333,-155,-130,-21,-111,-102,-263,-170]],[[131]]],"id":10},{"properties":{"index":1001,"nuts_3_code":"PL414","nuts_3_name":"Koni\u0144ski"},"type":"MultiPolygon","arcs":[[[-180,-167,-166,165,-165,-149,-148,-147,19,-108,-107,106,-106,20,-129]],[[130]]],"id":11},{"properties":{"index":1006,"nuts_3_code":"PL213","nuts_3_name":"Miasto Krak\u00f3w"},"type":"Polygon","arcs":[[22]],"id":12},{"properties":{"index":1008,"nuts_3_code":"PL214","nuts_3_name":"Krakowski"},"type":"Polygon","arcs":[[-24,-27,-31,-32,21,-243],[22]],"id":13},{"properties":{"index":1009,"nuts_3_code":"PL217","nuts_3_name":"Tarnowski"},"type":"Polygon","arcs":[[-41,-25,23,-242,-63]],"id":14},{"properties":{"index":1010,"nuts_3_code":"PL218","nuts_3_name":"Nowos\u0105decki"},"type":"Polygon","arcs":[[24,-40,25,-28,26]],"id":15},{"properties":{"index":1013,"nuts_3_code":"PL219","nuts_3_name":"Nowotarski"},"type":"Polygon","arcs":[[27,28,29,-33,30]],"id":16},{"properties":{"index":1014,"nuts_3_code":"PL21A","nuts_3_name":"O\u015bwi\u0119cimski"},"type":"Polygon","arcs":[[31,32,33,34,-36,35,36,37]],"id":17},{"properties":{"index":1139,"nuts_3_code":"PL638","nuts_3_name":"Starogardzki"},"type":"Polygon","arcs":[[-222,-115,-158,-157,156,-156,-331,-302,-301,-300]],"id":18},{"properties":{"index":1140,"nuts_3_code":"PL711","nuts_3_name":"Miasto \u0141\u00f3d\u017a"},"type":"Polygon","arcs":[[104]],"id":19},{"properties":{"index":1142,"nuts_3_code":"PL815","nuts_3_name":"Pu\u0142awski"},"type":"MultiPolygon","arcs":[[[-257,-313,-312,-311,-310,309,-309,-308,307,-307,-285,-66,-65,64,-64,-240,-95,-94,93,-93,-187]],[[192]]],"id":20},{"properties":{"index":1143,"nuts_3_code":"PL821","nuts_3_name":"Kro\u015bnie\u0144ski"},"type":"Polygon","arcs":[[-51,-44,38,39,40,-62]],"id":21},{"properties":{"index":1144,"nuts_3_code":"PL516","nuts_3_name":"Legnicko-g\u0142ogowski"},"type":"Polygon","arcs":[[-101,-100,99,-99,-53,-326,-289]],"id":22},{"properties":{"index":1145,"nuts_3_code":"PL842","nuts_3_name":"\u0141om\u017cy\u0144ski"},"type":"Polygon","arcs":[[-46,-80,-79,78,-78,41,-255,-186,-133,-270,-269]],"id":23},{"properties":{"index":1147,"nuts_3_code":"PL822","nuts_3_name":"Przemyski"},"type":"Polygon","arcs":[[42,43,-50,-49,48,-48,-56,-283,281,-281]],"id":24},{"properties":{"index":1148,"nuts_3_code":"PL517","nuts_3_name":"Wa\u0142brzyski"},"type":"Polygon","arcs":[[-70,44,-328,-52]],"id":25},{"properties":{"index":1149,"nuts_3_code":"PL843","nuts_3_name":"Suwalski"},"type":"Polygon","arcs":[[-83,-82,81,-81,45,-268,46]],"id":26},{"properties":{"index":1150,"nuts_3_code":"PL911","nuts_3_name":"Miasto Warszawa"},"type":"Polygon","arcs":[[-75,-55]],"id":27},{"properties":{"index":1152,"nuts_3_code":"PL823","nuts_3_name":"Rzeszowski"},"type":"Polygon","arcs":[[47,-49,48,49,50,-61,-60,59,-59,-58,57,-57]],"id":28},{"properties":{"index":1153,"nuts_3_code":"PL518","nuts_3_name":"Wroc\u0142awski"},"type":"Polygon","arcs":[[-71,51,-327,52,-98,53],[316]],"id":29},{"properties":{"index":1154,"nuts_3_code":"PL912","nuts_3_name":"Warszawski wschodni"},"type":"Polygon","arcs":[[-189,-201,-76,54,-74,-73,72,-72,-103,-134]],"id":30},{"properties":{"index":1156,"nuts_3_code":"PL824","nuts_3_name":"Tarnobrzeski"},"type":"MultiPolygon","arcs":[[[-284,55,56,-58,57,58,-60,59,60,61,62,-241,63,-65,64,65]],[[286]]],"id":31},{"properties":{"index":1157,"nuts_3_code":"PL523","nuts_3_name":"Nyski"},"type":"MultiPolygon","arcs":[[[66,-90,-89,88,-88,67,68,69,70]],[[91]]],"id":32},{"properties":{"index":1158,"nuts_3_code":"PL913","nuts_3_name":"Warszawski zachodni"},"type":"Polygon","arcs":[[71,-73,72,73,74,75,-200,-199,198,-198,-197,196,-196,-104]],"id":33},{"properties":{"index":1160,"nuts_3_code":"PL841","nuts_3_name":"Bia\u0142ostocki"},"type":"Polygon","arcs":[[76,77,-79,78,79,80,-82,81,82]],"id":34},{"properties":{"index":1161,"nuts_3_code":"PL524","nuts_3_name":"Opolski"},"type":"Polygon","arcs":[[83,84,85,86,87,-89,88,89,90,-143],[91]],"id":35},{"properties":{"index":1162,"nuts_3_code":"PL921","nuts_3_name":"Radomski"},"type":"Polygon","arcs":[[92,-94,93,94,-252,-251,-250,-217,-216,215,-215,-214,95,-205,-204,203,-203,-188],[208]],"id":36},{"properties":{"index":1165,"nuts_3_code":"PL417","nuts_3_name":"Leszczy\u0144ski"},"type":"MultiPolygon","arcs":[[[96,97,98,-100,99,100,-288,-264,101,-110]],[[266]]],"id":37},{"properties":{"index":1166,"nuts_3_code":"PL613","nuts_3_name":"Bydgosko-toru\u0144ski"},"type":"Polygon","arcs":[[-114,-184,-183,182,-182,-128,-153],[158]],"id":38},{"properties":{"index":1167,"nuts_3_code":"PL922","nuts_3_name":"Ciechanowski"},"type":"Polygon","arcs":[[102,103,-195,-118,-117,116,-116,-113,-218,-236,-137,-136,-135]],"id":39},{"properties":{"index":1168,"nuts_3_code":"PL712","nuts_3_name":"\u0141\u00f3dzki"},"type":"Polygon","arcs":[[-126,-125,124,-124,-138,-161],[104]],"id":40},{"properties":{"index":1169,"nuts_3_code":"PL418","nuts_3_name":"Pozna\u0144ski"},"type":"Polygon","arcs":[[105,-107,106,107,108,109,110],[111]],"id":41},{"properties":{"index":1170,"nuts_3_code":"PL616","nuts_3_name":"Grudzi\u0105dzki"},"type":"Polygon","arcs":[[-221,-220,-219,112,-119,-185,113,-152,114]],"id":42},{"properties":{"index":1171,"nuts_3_code":"PL923","nuts_3_name":"P\u0142ocki"},"type":"Polygon","arcs":[[115,-117,116,117,-208,-168,-178,-177,176,-176,-175,-174,173,-173,118]],"id":43},{"properties":{"index":1172,"nuts_3_code":"PL713","nuts_3_name":"Piotrkowski"},"type":"MultiPolygon","arcs":[[[-206,119,-214,-213,-212,211,-211,-246,120,121,122,-141,-140,139,-139,123,-125,124,125,-160]],[[168]],[[149]]],"id":44},{"properties":{"index":1173,"nuts_3_code":"PL424","nuts_3_name":"Miasto Szczecin"},"type":"Polygon","arcs":[[230]],"id":45},{"properties":{"index":1174,"nuts_3_code":"PL426","nuts_3_name":"Koszali\u0144ski"},"type":"Polygon","arcs":[[-172,-230,126,-321,-320,319,-319]],"id":46},{"properties":{"index":1175,"nuts_3_code":"PL617","nuts_3_name":"Inowroc\u0142awski"},"type":"Polygon","arcs":[[127,-181,128,129,-154],[130],[131]],"id":47},{"properties":{"index":1176,"nuts_3_code":"PL924","nuts_3_name":"Ostro\u0142\u0119cki"},"type":"Polygon","arcs":[[269,132,-192,-191,190,-190,133,134,-136,136,-235,-271,-270],[193]],"id":48},{"properties":{"index":1177,"nuts_3_code":"PL714","nuts_3_name":"Sieradzki"},"type":"MultiPolygon","arcs":[[[-164,-163,162,-162,137,138,-140,139,140,141,142,143,-145,144,145,146,147,148],[149]],[[150]]],"id":49},{"properties":{"index":1178,"nuts_3_code":"PL618","nuts_3_name":"\u015awiecki"},"type":"MultiPolygon","arcs":[[[151,152,153,154,-332,155,-157,156,157]],[[158]]],"id":50},{"properties":{"index":1179,"nuts_3_code":"PL715","nuts_3_name":"Skierniewicki"},"type":"Polygon","arcs":[[-207,159,160,161,-163,162,163,164,-166,165,166,-179,167],[209],[168]],"id":51},{"properties":{"index":1180,"nuts_3_code":"PL427","nuts_3_name":"Szczecinecko-pyrzycki"},"type":"Polygon","arcs":[[-334,169,-266,170,-228,-227,226,-226,-225,224,-224,171,-318]],"id":52},{"properties":{"index":1181,"nuts_3_code":"PL619","nuts_3_name":"W\u0142oc\u0142awski"},"type":"Polygon","arcs":[[172,-174,173,174,175,-177,176,177,178,179,180,181,-183,182,183,184]],"id":53},{"properties":{"index":1182,"nuts_3_code":"PL925","nuts_3_name":"Siedlecki"},"type":"MultiPolygon","arcs":[[[185,-262,-261,-260,-259,258,-258,186,187,-202,188,189,-191,190,191],[192]],[[193]]],"id":54},{"properties":{"index":1183,"nuts_3_code":"PL926","nuts_3_name":"\u017byrardowski"},"type":"MultiPolygon","arcs":[[[194,195,-197,196,197,-199,198,199,200,201,202,-204,203,204,205,206,207]],[[208]],[[209]]],"id":55},{"properties":{"index":1184,"nuts_3_code":"PL721","nuts_3_name":"Kielecki"},"type":"Polygon","arcs":[[-249,-248,247,-247,210,-212,211,212,213,214,-216,215,216],[253]],"id":56},{"properties":{"index":1185,"nuts_3_code":"PL621","nuts_3_name":"Elbl\u0105ski"},"type":"Polygon","arcs":[[217,218,219,220,221,-299,222,-237],[238]],"id":57},{"properties":{"index":1188,"nuts_3_code":"PL428","nuts_3_name":"Szczeci\u0144ski"},"type":"MultiPolygon","arcs":[[[223,-225,224,225,-227,226,227,228,229],[230]],[[231]],[[232]],[[233]]],"id":58},{"properties":{"index":1189,"nuts_3_code":"PL622","nuts_3_name":"Olszty\u0144ski"},"type":"MultiPolygon","arcs":[[[-276,-275,274,-274,-273,272,-272,234,235,236,237]],[[277]],[[238]]],"id":59},{"properties":{"index":1191,"nuts_3_code":"PL722","nuts_3_name":"Sandomiersko-j\u0119drzejowski"},"type":"MultiPolygon","arcs":[[[239,240,241,242,243,244,245,246,-248,247,248,249,250,251],[252]],[[253]]],"id":60},{"properties":{"index":1192,"nuts_3_code":"PL811","nuts_3_name":"Bialski"},"type":"Polygon","arcs":[[254,255,-286,-316,-315,314,-314,256,257,-259,258,259,260,261]],"id":61},{"properties":{"index":1193,"nuts_3_code":"PL431","nuts_3_name":"Gorzowski"},"type":"Polygon","arcs":[[262,263,-291,264,265],[266],[291]],"id":62},{"properties":{"index":1194,"nuts_3_code":"PL623","nuts_3_name":"E\u0142cki"},"type":"Polygon","arcs":[[267,268,269,270,271,-273,272,273,-275,274,275,276],[277]],"id":63},{"properties":{"index":1195,"nuts_3_code":"PL633","nuts_3_name":"Tr\u00f3jmiejski"},"type":"Polygon","arcs":[[278,-297,-296,295,-295,-294,293,-293]],"id":64},{"properties":{"index":1197,"nuts_3_code":"PL812","nuts_3_name":"Che\u0142msko-zamojski"},"type":"Polygon","arcs":[[279,280,281,282,283,284,-306,-305,304,-304,285],[286]],"id":65},{"properties":{"index":1198,"nuts_3_code":"PL432","nuts_3_name":"Zielonog\u00f3rski"},"type":"MultiPolygon","arcs":[[[287,288,-330,289,290]],[[291]]],"id":66},{"properties":{"index":1199,"nuts_3_code":"PL634","nuts_3_name":"Gda\u0144ski"},"type":"MultiPolygon","arcs":[[[292,-294,293,294,-296,295,296,297,298,299,300,301,-338,-337,336,-336,-323,302]],[[323]],[[324]]],"id":67},{"properties":{"index":1202,"nuts_3_code":"PL814","nuts_3_name":"Lubelski"},"type":"Polygon","arcs":[[303,-305,304,305,306,-308,307,308,-310,309,310,311,312,313,-315,314,315]],"id":68},{"properties":{"index":1203,"nuts_3_code":"PL514","nuts_3_name":"Miasto Wroc\u0142aw"},"type":"Polygon","arcs":[[316]],"id":69},{"properties":{"index":1204,"nuts_3_code":"PL636","nuts_3_name":"S\u0142upski"},"type":"Polygon","arcs":[[-335,317,318,-320,319,320,321,322],[323],[324]],"id":70},{"properties":{"index":1206,"nuts_3_code":"PL515","nuts_3_name":"Jeleniog\u00f3rski"},"type":"Polygon","arcs":[[325,326,327,328,329]],"id":71},{"properties":{"index":1207,"nuts_3_code":"PL637","nuts_3_name":"Chojnicki"},"type":"Polygon","arcs":[[330,331,332,333,334,335,-337,336,337]],"id":72}],"type":"GeometryCollection"}},"bbox":[14.123472923286556,49.00285376074976,24.145281040429964,54.83534746586942],"transform":{"scale":[0.010031839957100509,0.005838332037156817],"translate":[14.123472923286556,49.00285376074976]},"arcs":[[[533,105],[-1,-1],[-2,0],[0,-2],[-2,-1],[-1,0],[0,-2],[-1,-1],[-2,-1],[-1,0],[0,-5],[-5,-2],[0,1],[-6,0],[0,-1],[-1,-1],[-1,-2],[0,-2],[-1,-1],[0,-2],[-1,-2],[1,0],[0,-3],[-1,-1],[-1,1],[-1,-1],[-1,-2],[0,-2],[1,-1],[-1,-1],[-1,0],[-2,-1],[-1,0],[-1,1],[-2,-2],[-1,1],[-1,0],[-1,2],[-2,0],[0,-1],[-1,1],[-1,-3],[-1,0],[-1,-1],[-2,0],[-2,1],[-1,-1],[-1,1],[0,2],[2,2],[0,1],[-2,4],[-1,0],[1,3],[0,2],[-1,0],[1,2],[0,2],[-2,1],[0,1],[-10,0],[-1,1],[0,1],[1,0],[-1,1],[1,0],[1,1],[0,2],[-1,1],[0,1],[-1,0],[-1,4],[1,1],[0,1],[-1,0],[-1,1],[1,2],[-1,0],[0,1],[-1,5],[0,5],[-3,1],[-2,0],[0,-1],[-1,0],[0,-1],[-2,2],[-1,0],[0,1],[-1,2],[-4,0],[0,1],[-1,0],[-3,2],[0,5],[-1,1],[0,1],[-1,1],[-1,3],[0,1],[-1,2],[0,1],[-1,1],[0,1],[-1,1],[0,1],[2,2],[0,2],[2,0],[0,1],[-1,1],[-2,0],[-1,1],[0,4],[1,1],[0,1]],[[449,154],[0,-1],[-2,1],[-3,1]],[[444,155],[0,2],[-2,0],[-2,1],[0,-2],[1,-1],[-1,-1],[-5,0],[-1,2],[-1,1],[-1,0],[0,1],[-1,0],[-2,2],[-6,0],[-1,1],[-2,1],[0,-1],[1,-1],[0,-1],[-1,-1],[-1,1],[0,-3],[-3,2],[0,1],[-1,0],[-1,2],[0,4],[-4,1],[-1,0],[0,-1],[-1,1],[0,3],[-1,1],[-2,0],[0,1],[-2,-1],[0,-1],[-1,-1],[-1,0],[0,1],[-1,1],[-2,0],[-1,1],[-1,2],[0,1],[1,1],[-1,0],[0,1],[-1,0],[0,2],[-1,1],[-1,0],[0,1],[-1,1],[-1,0],[-1,1]],[[448,317],[0,-2],[1,-2],[2,-1],[1,0],[2,-1],[3,-2],[2,-4],[0,1],[6,1],[2,0],[0,-4],[4,-1],[2,-1],[3,1],[2,0],[0,-6],[2,-2],[0,-3],[1,0],[1,-1],[1,0],[0,-1],[2,0],[0,-2],[-1,-2],[1,-1],[1,1],[3,-1],[3,0],[0,-1],[-1,-1],[1,-2],[1,0],[3,1],[0,-2],[1,-2],[-1,0],[-3,-1],[2,-4],[1,0],[1,-1],[0,-1],[-1,-1],[-1,-2],[-1,-1],[0,-4],[1,-2],[0,-1],[-1,-1],[3,1],[2,1]],[[447,265],[1,0],[0,-1],[1,0],[1,1],[3,-3],[-2,-1],[-1,0],[1,-2],[0,-4],[-2,0],[0,-2],[2,-1],[1,0],[-1,-2],[-1,-1],[-1,0],[0,-2],[-1,0],[0,-2],[1,0],[1,-1],[0,-1],[1,0],[1,-3],[0,-6],[1,0],[0,-1],[-2,-2],[2,0],[1,-1],[0,-1],[3,-2],[2,1],[1,0],[0,1],[2,0],[0,1],[-1,1],[0,3],[2,0],[0,1],[1,0],[2,-1],[0,2],[2,0],[0,-5],[1,0],[2,-1],[1,-3]],[[458,205],[-1,0],[0,-3],[-1,0],[0,-1],[-2,0],[-2,1],[-1,0],[0,1],[-2,-2],[-2,0],[-2,-1],[-3,2],[-2,0],[-2,-1],[-1,0],[-1,1],[0,1],[1,0],[-1,1],[-1,0],[0,1],[-1,0],[0,2],[-2,0],[1,1],[0,1],[-1,1],[0,2],[-1,1],[-2,0]],[[466,213],[-1,0],[1,5],[2,0],[1,1],[0,1],[2,2],[-1,1],[-1,0],[0,3],[2,0],[0,1],[1,0]],[[472,227],[3,0],[1,-1],[1,0],[2,-1],[2,0],[0,1],[1,1],[0,1],[1,1],[2,-1],[1,0],[1,-1],[1,1],[2,0],[0,2]],[[510,198],[-1,2],[-1,1],[-1,3],[-2,0],[0,2],[-1,0],[-2,2],[0,2],[-1,1],[-1,3],[0,1],[-4,4],[-2,0],[-1,2],[0,1],[-1,-1],[0,1],[-1,0],[0,4],[1,1],[0,4],[-1,0],[-1,-1]],[[490,230],[0,1]],[[490,231],[-1,0],[-2,2],[-2,1],[-3,2],[1,1],[1,0],[0,3],[-1,2],[1,0],[0,-1],[1,1],[0,3],[1,0],[1,-1],[1,3],[0,2],[4,-1],[0,-1],[2,2],[1,0],[0,1],[1,0],[0,3],[1,0],[1,2],[0,2],[2,0],[-1,1],[0,2]],[[499,260],[2,1],[3,1],[1,0],[2,-2],[4,0],[0,1],[2,2],[3,-2],[1,-1],[1,1],[0,-2],[2,-1],[2,0],[0,1],[1,1],[2,0],[0,2],[-1,1],[1,1],[0,1],[-2,2],[1,1],[1,2],[0,1],[-1,0],[0,1],[3,0],[1,1],[2,-2],[3,0],[2,1],[0,2],[1,0],[1,1],[0,1],[3,0],[1,1],[2,1],[1,0],[1,-1],[3,1],[-1,1],[1,1],[1,0],[0,1],[-1,1],[0,2],[2,-1],[3,0],[0,2],[1,0],[0,2],[2,3],[0,-1],[1,0],[0,-4],[-1,-1],[0,-3],[1,-1],[2,0],[1,1],[1,2],[2,0],[1,1],[0,3],[-1,0],[-1,1],[-1,0],[-1,2],[-1,0],[-2,3],[1,1],[-1,2]],[[538,277],[0,1],[1,0],[0,-1],[-1,0]],[[510,198],[1,-3],[0,-1]],[[495,164],[0,-1]],[[495,163],[-5,0],[-1,-1],[-1,0],[0,-1],[-2,0],[-1,-1],[-1,-2],[-3,-1],[-1,0],[-1,1],[-1,-1],[0,-1],[-2,1],[-1,0],[0,-1],[-1,-1],[-2,-1],[0,1],[-1,2],[-4,0],[-2,-2],[-2,2],[1,0],[-3,3],[0,-1],[-1,-1],[-1,0],[-1,1],[0,1],[-1,-3],[1,-1],[0,-1],[1,0],[-1,-2],[-1,0],[-3,-1],[-2,-2],[-3,4]],[[449,154],[-1,1],[1,2],[3,0],[1,-1],[1,1],[1,6],[-1,1],[-3,0],[0,1],[1,1],[0,2],[1,4],[1,0],[1,-1],[1,2],[3,0],[0,-3],[1,1],[1,0],[1,-1],[1,1],[1,3],[-1,1],[-2,0],[0,2],[1,3],[-1,0],[-2,1],[0,5],[2,2],[0,2],[-1,0],[0,3],[-1,0],[0,4],[1,1],[1,0],[0,2],[-2,2],[0,2],[-1,1]],[[458,205],[1,1],[2,0],[1,-1],[1,0],[1,-1],[2,2],[-1,2],[1,2],[0,3]],[[466,213],[1,0],[2,-2],[1,0],[0,-2],[1,0],[1,1],[1,-3],[1,0],[1,1],[1,0],[2,1],[1,-5],[1,0],[0,-4],[1,1],[0,-1],[-1,-1],[0,-1],[1,0],[2,1],[2,0],[0,1],[3,1],[0,-1],[1,0],[0,-1],[1,0],[0,-3],[1,-1],[1,0],[1,-1],[0,-1],[1,0],[0,2],[1,0],[0,1],[1,0],[0,-1],[1,1],[-1,1],[0,2],[1,-1],[2,-1],[1,1],[3,0],[0,-1],[2,2],[0,1],[1,0],[0,-1],[2,-1],[2,0]],[[433,488],[1,1],[0,2],[-4,0],[-1,1],[0,1],[-1,0],[0,3],[-1,2],[-1,0],[-2,-1],[-3,0],[0,2],[-2,2],[0,2],[-1,1],[0,1],[-2,5],[-1,1],[-1,0],[-2,4],[0,2],[1,0],[0,2],[-1,2],[-2,0],[0,-1],[-1,0],[0,-2],[-1,-2],[-2,0],[0,-1],[-1,-1],[-1,0],[-1,1],[0,-4],[-4,0],[-2,-1],[0,-1],[-2,0],[-3,1],[-1,1],[-6,2],[-4,0],[0,1],[1,4],[1,0],[0,1],[1,3],[0,2],[-1,1],[0,1],[-2,0],[-1,2],[0,1],[-5,-1],[-2,0],[-1,-2],[-2,1],[-1,1],[-1,0],[-4,-2],[-2,0],[0,1],[-2,0],[-2,-1],[-1,0],[0,-1],[-1,-1],[0,2],[-1,0],[0,1],[-2,3],[0,1],[-1,2],[1,1],[0,4],[-8,0],[0,-2],[-1,0],[0,2],[-3,0],[-1,-1],[0,-1],[-2,-1]],[[302,612],[0,1],[2,-1],[1,0],[3,1],[1,2],[0,1],[3,3],[0,1],[1,0],[0,2],[2,0],[2,2],[1,-1],[0,1],[2,0],[0,5],[1,0],[0,1],[2,0],[2,-2],[1,1],[0,1],[2,2],[1,0],[1,-1],[0,7],[2,0],[0,2]],[[570,245],[1,0],[0,2],[3,1],[2,1],[0,1],[-1,0],[1,2],[4,1],[2,-1],[1,0],[-1,2],[0,1],[-1,1],[0,1]],[[582,165],[0,2],[1,1],[1,-1],[0,-1],[2,1],[1,0],[1,1],[-1,2],[-1,1],[5,0],[1,1],[1,2],[-1,1],[2,3],[1,0],[0,-1],[1,1],[3,0],[1,1],[0,-1],[1,0],[2,1],[2,0],[1,-1],[1,1],[0,1],[-1,2],[-1,1],[0,6],[2,2],[-5,0],[0,1],[-2,-2],[0,-1],[-2,0],[0,2],[-3,0],[-1,-2],[-1,1],[-3,0],[-1,-1],[-5,0],[-2,1],[-1,0],[-1,1],[-2,-1],[0,-1],[1,0],[-2,-1],[0,3],[-1,1],[-1,0],[-3,-3],[0,-2],[-2,0],[-4,-4],[0,-2],[2,0],[-1,-2],[0,-2],[2,-2],[-1,-1],[-1,1],[-1,0],[-1,-2],[0,-3],[6,0],[0,-2],[1,0],[0,-1],[1,-1],[1,0],[0,1],[1,0],[2,1],[1,-1],[2,-1],[1,0],[0,-1],[1,0]],[[637,136],[1,1],[1,2],[-1,1],[0,2],[1,1],[4,0],[1,1],[-1,2],[-1,1],[-1,4],[1,1],[0,4],[-1,0],[0,1],[-3,3],[0,2],[1,1],[1,0],[1,1],[0,1],[-1,0],[0,1],[1,1],[0,2],[2,2],[1,4],[2,3],[0,1],[1,0],[0,-1],[2,2],[-1,1],[-1,2],[-2,0],[-3,1],[-3,0],[-1,1],[0,3],[-1,0],[-1,1],[1,0],[0,2],[-1,1],[0,1],[1,2],[2,1],[1,0],[2,-1],[1,1],[1,-1],[1,0],[0,2],[2,0],[1,2],[2,1],[2,4],[1,1],[1,0],[0,1]],[[637,136],[1,-1],[3,-2],[1,-1],[1,0],[0,-1],[1,-1],[3,2],[0,2],[1,1],[1,0],[0,1],[1,0],[0,1],[4,0],[1,1],[2,0],[2,-2],[1,0],[-1,-1],[1,-1],[1,1],[2,-1],[3,-2],[2,-2],[2,0],[0,-1],[1,-1],[1,0],[0,-1],[1,0],[0,-1],[1,-1],[2,0],[0,1],[2,-1],[1,-1],[1,1],[0,1],[1,1],[2,0],[3,1],[0,2],[2,0],[1,1],[3,-3],[3,2],[0,1],[1,1],[0,-1],[1,0],[0,1],[1,0],[1,-1],[2,2],[5,0],[4,-1]],[[725,74],[-2,0],[-3,3],[-2,0],[0,-1],[-1,0],[-1,1],[-2,1],[-2,0],[0,-2],[-1,0],[-3,-3],[0,-2],[-2,-3],[0,1],[-2,0],[-1,-1],[0,2],[-2,2],[0,1],[-2,1],[-2,0],[0,-2],[-1,1],[-1,0],[-2,-1],[-2,0],[-1,-1],[1,-2],[1,0],[0,-2],[2,-1],[2,-2],[-1,-2],[-1,0],[-1,-1],[-1,1],[-2,0],[-1,-1],[-3,-2],[0,-2],[-1,-1],[-1,0],[0,-1],[1,-1],[0,-1],[-1,-1],[-1,0],[0,1],[-1,-1],[-2,-1],[-1,0],[0,-1],[-1,0],[0,1],[-2,2],[0,2],[-1,0],[-1,-1],[-1,1],[1,2],[-2,2],[-1,0],[-2,-2],[-1,0],[0,1],[-1,0],[0,1],[-2,0],[1,2],[0,0],[-2,1],[0,1],[-1,1],[-1,-1],[-1,1],[1,1],[-2,2],[1,1],[-1,1],[0,1],[-1,1],[-4,0],[-1,-1],[-1,0],[-2,-2],[-1,0],[0,1],[-1,0],[-1,1],[0,1],[-1,0]],[[585,111],[1,1],[1,3],[0,3],[-1,2],[1,1],[0,1],[1,1],[0,2],[2,2],[1,-1],[3,-1],[2,0],[0,1],[1,1],[2,0],[1,1],[0,4],[1,1],[0,4],[2,0],[1,1],[0,-1],[1,0],[0,1],[2,0],[0,1],[2,2],[1,0],[0,1],[2,0],[0,-1],[1,-2],[1,-1],[1,0],[1,1],[1,0],[0,1],[2,0],[2,-2],[-1,0],[1,-1],[0,-2],[1,-2],[4,0],[1,1],[2,0],[3,-1],[1,2],[0,2],[1,-1],[3,0]],[[585,111],[1,-2],[0,-6],[1,-1],[0,-1],[2,-3],[0,-1],[1,-2],[3,0],[2,-1],[1,0],[2,-1],[3,-1],[0,1],[2,0],[4,1],[2,1],[3,2],[2,0],[1,1],[3,-2],[1,-3],[0,-1],[2,0],[1,-1],[2,0],[3,-3],[2,0],[1,-1],[0,-3],[1,0],[1,-1],[0,-2],[1,-1],[0,-1],[2,1],[6,0],[0,-1],[1,0],[1,1],[0,-1],[1,-2],[1,0],[1,-1],[0,-1],[1,0],[-1,-1],[0,-1],[1,-1],[0,-1]],[[647,71],[0,-3],[-1,0],[0,-2],[-1,-1],[-1,0],[-1,-1],[-2,0],[-2,2],[-2,1],[-1,1],[0,1],[-3,2],[-4,0],[0,-3],[-1,0],[-1,1],[0,-2],[-3,-1],[0,2],[-1,1],[-1,-1],[-4,0],[0,-2],[1,0],[-1,-1],[0,-5],[-1,-1],[0,-1],[-2,1],[0,1],[-2,0],[0,-1],[-1,0],[-1,1],[-1,-1],[-1,0],[-1,1],[-1,-2],[-2,0],[0,-1],[-1,-1],[-1,0],[0,-3],[-1,-1],[-1,1],[0,1],[-1,0],[-1,-4],[0,-3],[-1,-1],[-1,-2],[-1,-1],[0,-6],[-1,-2],[-1,0],[0,-2],[1,-1],[0,-2],[-2,0],[-4,4],[-1,0],[-1,2],[0,1],[-3,2],[-1,0],[-4,1],[-3,-1],[0,-3],[-3,-3],[-3,0],[-1,1],[-1,0],[-1,1],[-1,-1],[-1,0],[-3,1],[0,1],[1,2],[0,3],[1,1],[1,3],[2,1],[0,1],[1,0],[-1,3],[-1,0],[-1,1],[0,1],[1,1],[0,4],[-1,2],[1,1],[0,3],[-1,2],[0,5],[-3,0],[-2,-1],[-1,-1],[0,-1],[-1,-1],[-2,2],[-4,1],[-1,1],[-2,0],[2,4],[-1,0],[0,4],[-1,-1],[-1,0],[-1,-1],[0,1],[-1,1],[-2,0],[0,1],[-1,0],[0,3],[-2,1],[0,3],[-1,3],[0,1],[-1,2],[0,6],[-1,0],[-1,1],[-1,0],[-2,1],[-1,2],[0,3]],[[533,105],[1,1],[0,2],[-1,2],[0,1],[1,2],[-1,0],[-1,1],[0,1],[-1,1],[-1,0],[-3,-1],[0,1],[-2,0],[0,1],[-2,2],[2,0],[1,2],[1,0],[1,1],[1,0],[0,2],[1,1],[0,4],[-3,3]],[[562,142],[0,-1],[1,-1],[-1,0],[-1,-1],[0,-3],[-1,-1],[1,-1],[3,1],[2,0],[0,-5],[-2,0],[-1,-2],[1,0],[1,-1],[0,-2],[1,-1],[-1,0],[0,-1],[1,-3],[5,1],[2,1],[2,-1],[2,1],[-1,-2],[0,-1],[-1,-1],[0,-3],[1,-3],[0,-3],[-1,0],[3,-3],[2,0],[0,-1],[1,1],[0,6],[2,1],[2,-2]],[[570,245],[1,-1],[-1,0],[0,-2],[1,-2],[-1,-1],[1,-1],[0,-5],[-2,-2],[0,-2],[-1,-2],[3,-2],[2,-1],[2,0],[3,-2],[-2,-2],[0,-2],[-1,-2],[-1,1],[0,1],[-1,0],[-1,-2],[-2,-2],[-1,1],[0,1],[-2,2],[-1,-1],[-1,1],[-1,-1],[-1,0],[0,1],[-2,2],[0,1],[-1,-1],[-3,1],[-1,1],[-1,-1],[-2,1],[1,-2],[-1,-2],[0,-1],[1,-1],[0,-4],[-2,-2],[0,-1],[-1,-1],[0,-1],[-1,0],[0,-1],[1,-1],[-2,-1],[-3,-1],[-1,1],[0,1],[-6,0],[0,-2],[1,0],[0,-1],[2,-2],[-2,0],[0,-5],[-1,0],[1,-3],[0,-2],[1,-2],[2,-1],[2,-2],[0,-2],[1,-2],[1,-1],[0,-1],[2,-2],[0,-1],[-4,0],[-1,-2],[-2,0],[0,-1],[1,-2],[0,-1],[1,-1],[1,0],[0,1],[1,1],[0,-3],[2,0],[1,-1],[1,1],[0,1],[1,-1],[2,-1],[-1,-1],[-1,0],[1,-2],[0,-1],[2,-1],[1,0],[1,1],[2,1],[0,-2],[1,-3],[0,-2],[1,0],[0,-1],[2,0],[0,-2],[1,-1],[4,-2],[-2,-1],[-1,-2],[0,-2],[-1,-1],[0,-1],[-1,0],[0,-2]],[[562,142],[-2,0],[-1,-2],[0,-2],[-1,0],[-1,-1],[-2,1],[-1,1],[-2,0],[0,-1],[-2,0],[0,-1],[1,-1],[-2,0],[-2,-1],[-2,1],[-1,0],[-3,1],[-1,0],[-1,-1],[-4,-2],[-1,1],[-1,0],[-1,1],[-1,0],[-4,-4]],[[527,132],[0,-2],[-1,0],[0,1],[-2,0],[-2,2],[-1,-1],[-3,1],[-1,1],[-1,2],[0,2],[-1,1],[0,6],[-2,2],[-2,0],[-1,1],[0,-1],[-2,0],[0,1],[-1,1],[-2,-1],[0,-1],[-1,-1],[-1,0],[-1,2],[1,2],[1,1],[2,1],[-1,4],[0,6],[-2,0],[-1,-1],[-3,-1],[-1,0],[-2,2],[-1,0],[0,1]],[[495,163],[1,0],[1,1],[1,0],[0,2],[-1,0],[0,1],[1,0],[0,3],[-1,0],[1,2],[1,1],[0,1],[1,1],[0,3],[1,0]],[[501,179],[0,-1]],[[501,178],[1,1],[0,2],[2,0],[2,1],[1,-1],[0,1],[1,-1],[0,1],[1,0],[0,1],[-1,1],[-1,0],[1,1],[0,2],[1,2],[1,1],[0,1],[1,1],[0,2]],[[511,194],[1,-1],[0,-2],[2,0],[-1,2],[1,1],[-1,1],[5,0],[1,1],[2,1],[0,3],[1,0],[1,1],[-2,0],[-1,1],[0,1],[1,0],[4,2],[1,0],[1,1],[1,0],[0,2],[2,2],[-1,0],[-2,1],[-1,0],[-8,4],[3,1],[1,-1],[1,2],[1,1],[2,4],[1,1],[-1,0],[0,1],[1,1],[0,1],[1,2],[3,-3],[2,1],[1,0],[0,2],[1,2],[-1,1],[0,1],[-2,1],[0,2],[2,-1],[1,0],[0,5],[1,0],[0,1],[2,2],[2,1],[2,-2],[3,0],[1,-1],[1,0],[2,2],[0,-1],[1,0],[3,1],[0,2],[-1,0],[2,1],[1,0],[0,1],[1,2],[2,-2],[1,1],[3,0],[2,-1],[2,1],[1,-1],[0,-1],[1,1],[1,0],[1,-1]],[[854,98],[-2,-5],[-3,-3],[1,-4],[2,-1],[1,0],[1,-1],[1,0],[0,-2],[1,-7],[3,-11],[0,-1],[1,-2],[-1,-1],[0,-3],[1,-2],[0,-3],[-1,-2],[0,-8],[-1,-1],[-1,0],[-1,-3],[1,-1],[3,0],[-2,-1],[0,-3],[-1,0],[0,-2],[-1,-1],[0,-1],[1,-1],[0,1],[1,2],[2,0],[0,-2],[-1,-1],[0,-1],[1,-1],[4,0],[0,-3],[2,-1],[0,-1],[1,0],[1,-1],[0,-1],[1,-1],[0,1],[2,0],[-1,-1],[0,-1],[1,0],[1,-1],[2,0],[0,-1],[-1,-2],[-1,0],[0,-1],[-1,-1],[1,-1],[0,-4],[1,0],[-1,-1],[1,-1],[0,-1],[1,-1],[0,-1],[-2,-1],[-2,0],[-1,3],[-1,1],[-2,0],[0,1],[-4,4],[-2,-2],[-3,1],[-2,0],[-2,-2],[0,1],[-1,0],[0,1],[-2,0],[-2,4],[0,1],[-1,0],[-2,2],[0,1],[-2,0],[-1,-1],[-2,0],[-1,1],[-4,-1],[0,-1],[-1,1],[-1,0],[0,1],[-1,0],[0,1],[-3,0],[-1,-1],[-2,1],[-1,1],[-1,2],[0,2],[-1,0],[-1,1],[0,2],[-4,-1],[-1,-1],[-1,0],[-6,3],[-2,0],[0,2],[1,1],[-2,2],[-1,0],[-2,-2],[-1,2],[-3,1],[0,1],[-1,0],[0,1],[-3,0],[-5,2],[-2,2],[-1,0],[0,1],[1,1],[-1,1],[1,0],[0,3],[-1,1],[0,1],[1,1],[-2,2],[-1,0],[-1,2],[-2,2],[0,2],[-1,2],[0,2],[-4,0],[-1,1],[-2,0],[-1,1],[0,2],[-3,0],[-1,1],[0,2],[-1,1],[-2,-2],[-1,0],[-2,-2],[0,-3],[-2,2],[0,3],[-1,1],[-1,0],[-1,2],[-1,0],[0,2],[-1,0],[-2,1],[-1,-1],[-2,1],[-1,0],[0,2],[-1,0],[-1,1],[-1,2],[-1,0],[-2,-2],[-2,0],[-1,1],[-2,-1],[-2,0],[-1,-2],[1,-1],[-1,0],[-2,2],[-1,0],[0,-1],[-2,-2],[-1,1],[-1,-1],[-2,0],[-2,2],[0,1],[-1,1]],[[725,74],[0,4],[1,2],[0,1],[-1,0],[-1,1],[0,1],[2,0],[1,1],[0,1],[-1,0],[0,2],[-1,0],[-1,2],[0,1],[-1,2],[-1,0],[-1,1],[2,4],[-1,1],[-4,2],[0,2],[2,2],[2,4],[-1,3],[-1,1],[0,6],[-1,1],[-1,0],[0,4],[-1,1],[0,2],[-1,2],[-1,0],[-2,1],[-1,0],[-1,-1],[-1,4]],[[710,132],[0,3],[2,0],[1,1],[0,1],[1,0],[1,-1],[1,0],[2,1],[1,1],[0,1],[1,0],[-1,2],[-1,0],[0,1],[-1,0],[0,1],[-2,1]],[[976,668],[1,0],[0,-13],[1,-1],[0,-18],[-1,-2],[-3,-3],[0,-1],[-2,0],[-11,-11],[-3,-1],[-2,1],[-7,-2],[-2,0],[-8,-4],[-4,-3],[-1,0],[-9,-9],[-5,-7],[-4,-8],[0,-2],[-4,-4],[-3,-5],[-2,-5],[-4,-8]],[[939,214],[-4,-4],[-2,-1],[-2,-2],[-1,-2],[-2,-3],[-5,-4],[-2,-2],[-5,-6],[-2,-2],[-1,0],[0,-2],[-2,-2],[-2,-4],[-1,0],[-2,-1],[0,-3],[-6,-8],[-1,-2],[0,-1],[-1,0],[-2,-2],[0,-2],[-1,-2],[-1,0],[-1,-2],[-5,-6],[-3,-6],[-2,-2],[-1,0],[-1,-4],[0,-2],[-1,0],[0,-1],[-1,0],[-2,-2],[-1,-2],[-1,-1],[0,-1],[-1,-2],[-2,-2],[-2,-3],[0,-1],[-4,-4],[-1,0],[-1,-1],[0,-2],[-1,-2],[0,-1],[-1,-1],[-2,-4],[-3,-4],[-3,-5]],[[854,98],[-1,1],[-1,2],[-2,0],[-2,-1],[0,1],[-1,0],[0,1],[-1,2],[-1,0],[0,1],[-1,3],[0,1],[-1,2],[0,3],[-1,0],[-1,-1],[-1,1],[-2,-1],[0,-2],[1,-2],[-2,-2],[-2,-1],[-2,-2],[-1,0],[0,-2],[-1,-1],[-2,-1],[-1,1],[-4,3],[-1,1],[1,1],[0,2],[-1,2],[-1,1],[-1,0],[-2,1],[-1,2],[-1,1],[1,1],[0,3],[-2,1],[-3,0],[-1,1],[-2,0],[3,3],[2,3]],[[278,248],[-3,-1],[-2,-6],[2,-2],[1,0],[1,-1],[1,0],[1,-4],[-1,-1],[2,-2],[0,-2],[1,-1],[-1,0],[0,-1],[1,-1],[1,-2],[1,1],[1,0],[0,-2],[2,0],[2,-2],[1,-3],[-1,-1],[0,-1],[-1,-2],[1,-1],[0,-1],[2,-2],[-2,-2],[-1,0],[-1,2],[-2,3],[-1,-1],[0,-2],[-1,-1],[-5,0],[-2,-2],[0,-2],[-2,0],[-1,1],[-2,0],[0,-1],[-1,-2],[-1,0],[-1,-1],[0,-2],[-1,-1],[-1,-2],[0,-1],[-2,-2],[-2,0],[0,-1],[-2,-5],[-2,-1],[-1,1],[-3,1],[-1,1],[-2,0],[0,1],[-1,0],[-1,1],[0,1],[-2,2],[-1,0],[0,2],[-2,2],[0,4],[-1,1],[1,1],[0,1],[-1,2],[1,1],[-2,3],[-2,0],[-1,1],[0,2],[-2,1],[-2,4],[-1,1],[-2,4],[0,1],[-4,0],[-2,1],[0,1],[-1,1],[0,1],[-1,1],[0,1],[1,2],[-1,2],[-6,0],[0,-1],[-1,-1],[-1,0],[0,1],[-1,1],[0,1],[-1,1],[-1,0],[0,2],[-1,2],[-2,-2],[-1,1],[0,3],[-1,0],[0,4],[2,0],[0,-1],[1,0],[0,2],[-1,1],[1,0],[0,1],[1,-1],[1,1],[0,1],[1,1],[1,-1],[0,2],[1,-1],[1,0],[1,2],[1,0],[0,2],[1,1],[2,-2],[2,1],[1,2],[2,2],[1,0],[-1,2],[0,1],[1,0],[1,1],[0,2],[-1,1],[2,0],[2,2],[0,1],[-2,4],[-2,2],[-1,0],[-1,2],[0,1],[-1,0],[-1,2],[-1,0],[-1,2],[-2,1],[-1,-1],[-3,0],[0,1],[-1,0],[-4,1],[-1,-4],[0,-3],[-3,-1],[-1,0],[0,2],[-3,3],[-1,-1],[-2,2],[-1,0]],[[833,721],[-1,0],[0,1],[-3,-1],[-1,1],[1,3],[1,1],[0,2],[1,2],[0,2],[1,0],[0,9],[1,1],[1,0],[1,2],[-2,1],[-7,0],[-1,1],[0,1],[-1,1],[-2,0],[-2,1],[1,1],[0,1],[1,2],[-3,0],[0,-1],[-1,-1],[-1,1],[1,1],[0,1],[-1,0],[-2,-1],[-1,3],[0,2],[-1,2],[-5,0],[0,3],[2,0],[0,2],[1,1],[0,1],[-1,0],[0,-1],[-1,1],[1,1],[0,1],[2,2],[0,1],[-1,1],[-1,0],[0,2],[-1,0],[0,2],[-2,-1],[-1,0],[0,-3],[-2,-1],[-1,2],[0,1],[-1,1],[-3,0],[0,2]],[[864,918],[2,2],[1,2],[1,3],[2,1],[3,0],[1,-2],[7,-1],[2,0],[1,-1],[1,0],[1,-1],[-1,-1],[-1,-2],[2,-1],[1,-1],[3,0],[1,-2],[-1,-2],[-1,0],[0,-2],[1,0],[4,-3],[2,1],[3,2],[2,-1],[-1,-2],[3,-1],[1,0],[2,-2],[2,-3],[1,-1],[2,0],[2,1],[1,-1],[3,-1],[2,0],[1,-1],[0,-1],[2,-2],[1,0],[0,-2],[1,0],[1,-1],[0,-2],[1,-1],[1,0],[0,-3],[3,0],[2,-2],[0,-1],[1,-1],[1,-3],[0,-3],[1,-1],[0,-2],[1,-1],[0,-1],[1,-1],[0,-9],[-1,0],[0,-3],[-1,0],[0,-1],[-1,0],[-1,-1],[1,-4],[1,-1],[1,-2],[0,-7],[1,-6],[0,-4],[2,0],[0,-1],[1,0],[-1,-1],[0,-1],[1,0],[0,-2],[-1,-1],[0,-5],[1,-5],[2,-2],[1,-2],[1,-8]],[[830,192],[0,-3],[-1,0],[-1,1],[-1,-1],[0,-3],[-3,0],[-1,1],[0,-7],[-3,0],[0,-1]],[[820,178],[0,1]],[[820,179],[-1,1],[1,-4],[0,-4],[-1,-1],[-2,-1],[-1,0],[0,-8],[1,-1],[-1,0],[-1,1],[-1,0],[1,-2],[0,-1],[-2,0],[0,-1],[-1,1],[-4,0],[1,-1],[0,-1],[-1,0],[2,-2],[-1,0],[0,-1],[1,-2],[1,0],[0,-2],[1,0],[0,-1],[3,0],[1,-1],[0,-3],[-1,-1],[1,-1],[0,-1],[-1,-1],[2,-2],[-1,-1],[0,-1],[-1,0],[0,-2],[1,0],[1,-1],[1,-3],[1,0],[-1,-1],[0,-2],[-2,0],[-1,-1]],[[815,127],[-4,3],[-1,1],[-3,0],[0,2],[1,0],[0,2],[-2,0],[0,1],[-2,-2],[-2,-1],[-2,2],[-2,1],[-1,2],[0,1],[-1,1],[0,1],[-1,2],[-4,-2],[-1,0],[-2,1],[-1,1],[-1,-3],[1,0],[0,-2],[-2,1],[-1,1],[-3,0],[-1,-1],[-1,-3],[-2,-2],[-2,-1],[-2,1],[-1,1],[-4,0],[-2,-2],[0,1],[-1,0],[-1,1],[0,1],[-2,1],[-2,-2],[-9,9],[-3,-3],[1,-1],[0,-2],[-1,-2],[-1,0],[-3,-1],[-1,-1],[-2,0],[0,4],[-1,3],[-7,2]],[[303,276],[-1,3],[-1,0],[0,1],[-1,1],[-1,0],[0,1],[1,0],[1,1],[0,1],[-2,0],[0,2],[-2,0],[-3,1],[-1,1],[0,2],[-2,1],[0,-1],[-1,0],[-1,-1],[-1,1],[-3,0],[0,-2],[-1,0],[0,1],[-1,1],[-1,0],[0,1],[-1,0],[0,1],[-2,0],[0,1],[-1,0],[-1,-1],[-2,0],[1,1],[0,1],[-1,1],[-1,0],[-1,-1],[0,3],[2,2],[0,4],[1,1],[1,0],[0,2],[-2,0],[1,1],[0,1],[-1,1],[0,1],[1,0],[-1,1],[0,2],[-1,0],[-4,1],[0,-1],[-1,0],[0,-2],[-1,0],[-1,1],[0,2],[-2,0],[-1,1],[-3,0],[0,-1],[-2,1],[-3,0],[-1,1],[0,4],[-1,1],[2,2],[0,5],[-1,0],[2,2],[-1,1],[0,1],[-2,-1],[-2,0],[0,-2],[-2,0],[-1,1],[-1,-1],[-1,0],[0,-1],[-3,0],[0,1],[1,1],[0,1],[-1,1],[0,1],[2,2],[-1,2],[0,1],[1,1],[1,-1],[1,0],[1,1],[-1,2],[-1,1],[0,1],[-3,-2],[-1,1],[-3,-1],[-2,0],[-1,1],[-2,0],[-1,1],[-4,1],[0,-1],[-2,0],[-1,1],[-2,0],[0,1],[-1,1],[-3,0],[0,1]],[[231,364],[1,1],[-1,0],[1,1],[0,1],[1,0],[1,1],[-2,2],[0,4],[1,1],[0,1],[1,1],[-1,1],[-1,0],[0,3],[1,1],[1,0],[0,3],[-1,1],[0,2],[-1,1],[-1,0],[-3,3],[3,4],[2,2],[0,1],[-1,1],[0,1],[2,2],[0,1],[1,1],[-2,4],[0,2],[-1,0],[-1,1],[0,3],[1,7],[0,5],[2,1],[2,0],[1,1],[2,-1],[0,1],[2,1],[4,-2],[1,1],[0,1],[1,0],[1,1],[3,-1],[1,0],[0,-1],[-1,-2],[0,-1],[1,0],[1,1],[3,0],[3,-1],[1,0],[3,-1],[2,2],[-1,1],[-1,0],[0,1],[4,0],[2,1],[-3,3],[2,6],[1,1],[1,0]],[[312,452],[8,1],[5,-2],[3,-1],[3,0],[2,-1],[1,0],[3,-3],[2,0],[0,-3],[2,-1],[1,0],[0,-1],[1,-1],[0,-1],[1,0],[0,-6],[-1,-2],[-2,0],[-1,-1],[-1,0],[-1,-1],[0,-1],[1,0],[0,-2],[-1,0],[1,-1],[0,-5],[3,-3],[-1,-1],[0,-2],[1,-2],[5,0],[0,1],[1,1],[1,0],[1,1],[3,-3],[0,1],[1,0],[1,-1],[0,-1],[3,0],[0,3],[2,0],[2,-2],[0,-1],[-1,0],[-1,-1],[0,-2],[-1,0],[-1,-2],[-1,-1],[4,-4],[0,-3],[1,-1],[1,0],[0,-1],[-1,-1],[1,0],[0,-2],[-1,0],[-1,-1],[1,-1],[0,-1],[-1,0],[0,-7],[1,-1],[0,-3],[1,-2],[1,-1],[2,-1]],[[702,538],[2,1],[3,0],[1,1],[1,0],[2,-1],[1,1],[-1,0],[0,1],[1,0],[0,2],[-1,2],[1,0],[-2,1],[0,3],[1,0],[0,1],[-1,1],[0,2],[1,0],[0,1],[-2,0],[0,1],[1,0],[1,1],[-1,2],[-4,0],[-2,-1],[0,2],[-1,1],[0,3],[-1,0],[-2,-2],[-4,-1],[0,1],[-1,1],[-1,2],[0,2],[-1,2],[1,1],[0,4],[-1,3],[-2,-1],[-3,1],[0,-1],[-1,-1],[-1,1],[0,1],[-1,-1],[-2,0],[-1,1],[-2,0],[-1,-1],[-1,0],[-1,-1]],[[849,223],[0,-2],[-1,0],[0,-2],[-1,-2],[-1,0],[-2,1],[-1,-1],[0,-2],[-1,-1],[2,-2],[0,-2],[2,0],[0,-1],[-2,-1],[-1,1],[0,2],[-3,-2],[0,-1],[1,0],[0,-1],[-1,-2],[-1,0],[0,-2],[1,0],[0,-2],[-1,-1],[-1,0],[0,-2],[-1,-2],[1,0],[0,-1],[-1,-2],[-4,0],[-2,-1],[-1,0]],[[830,192],[-1,1],[0,-1],[-1,0],[0,1],[-2,0],[-3,4],[1,1],[-2,1],[-4,4],[-1,0],[-1,2],[0,1],[-3,0],[-1,2],[0,2],[-2,0],[-2,3],[1,1],[1,2],[-1,0],[-1,1],[-1,0],[-1,1],[-1,0],[0,2],[1,2],[-1,1],[1,1],[-2,2],[0,3],[1,1],[0,1],[-2,-1],[-3,0],[0,1],[-2,1],[-1,1],[-2,1],[-1,0],[0,-2],[1,-1],[-3,-3],[-4,-1],[-3,-1],[0,-1],[1,-1],[-1,0],[0,-1],[-1,0],[0,1],[-2,1],[0,2],[1,0],[2,1],[-1,1],[0,1]],[[783,230],[1,0]],[[784,230],[0,4],[-2,0],[0,1],[1,2],[-3,0],[0,2],[-1,0],[-1,1],[0,1],[-1,1],[-1,-1],[0,-1],[-2,-2],[-1,0],[-3,12],[1,0],[2,2],[0,1],[-2,0],[-1,-2],[-5,-2],[-2,-1],[1,-2],[1,-1],[0,-5],[-1,-1],[-3,-2],[-2,2],[-3,2],[-2,3],[0,1],[-1,2],[-1,-1],[-2,-4],[0,-1],[-1,0],[0,-3],[-2,-1],[-2,0],[1,-2],[1,-1],[0,-1],[2,-3],[-3,-1],[-1,0],[-3,-1],[0,-2],[1,-1],[0,-3],[-4,0],[-1,-1],[1,-1],[0,-2],[2,0],[3,-3],[1,0],[1,-1],[0,-1],[-1,-1],[0,-1],[-1,0],[-1,-1],[0,-1],[1,-1],[2,-1],[-1,-2],[1,-1],[0,-3],[-2,0],[-3,-1],[0,-1],[-4,0],[-1,-1],[3,-2],[1,-1],[0,-2],[2,0],[0,-3],[-2,0],[-1,-3],[0,-2],[1,0],[-3,-1],[-1,0],[-1,-1],[0,-4],[1,-1],[0,-1],[2,0],[0,-1],[-1,-1],[-1,0],[0,-1],[1,0],[0,-1],[-1,-1],[-1,0],[-1,1],[0,-1],[-2,-1],[0,-3],[1,-1],[-1,0],[0,-2],[1,-2],[1,-1],[1,0],[1,-4],[0,-2]],[[737,156],[-1,0]],[[736,156],[0,-1],[1,0],[1,-3],[-1,-1],[-2,-1],[-1,0],[-1,-4],[0,-3]],[[733,143],[-3,0],[0,-1],[-2,0],[-1,-1],[-1,1],[0,1],[-1,2],[0,1],[-1,-1],[0,1],[-1,2],[-1,1],[-2,0],[0,-6],[-4,0],[0,3],[-1,0],[0,-2]],[[715,144],[-4,0],[-3,2],[0,5],[3,0],[2,2],[1,3],[0,2],[-1,0],[-3,1],[-6,0],[0,-1],[-1,2],[-1,1],[0,2],[-1,2],[0,2],[-1,3],[1,2],[1,0],[1,1],[2,3],[-3,1],[-2,2],[0,1],[1,0],[1,1],[0,1],[1,1],[0,1],[-1,1],[0,1],[1,1],[1,0],[0,2],[-1,1],[1,0],[0,1],[-1,1],[-3,1],[0,1],[2,0],[0,1],[-1,1],[0,1],[1,4],[0,8],[-2,2],[1,0],[3,1],[-2,1],[-2,2],[1,1],[2,3],[1,1],[0,2],[1,1],[1,0],[2,1],[-1,2],[0,3],[-1,3]],[[772,308],[1,-1],[0,-3],[2,0],[3,-1],[2,0],[1,1],[1,2],[2,-1],[1,0],[4,4],[0,1],[1,1],[3,0],[1,-1],[2,0],[0,-1],[2,0],[0,-1],[3,0],[0,-4],[-1,-1],[1,0],[3,-1],[2,-2],[-1,-1],[-3,-7],[1,-1],[-1,-2],[-1,-1],[0,-1],[-1,0],[-1,-2],[7,0],[0,-1],[1,0],[1,-1],[2,-4],[0,-2],[7,0],[3,-1],[3,-2],[0,-1],[2,0],[0,-1],[2,-2],[3,2],[2,0],[0,-1],[1,0],[1,-1],[0,1],[1,0],[1,-1]],[[836,269],[0,1]],[[836,270],[1,1]],[[366,375],[2,-1],[1,1],[2,-1],[0,-1],[1,-1],[-2,-6],[-2,0],[0,-3],[1,-1],[2,0],[3,-1],[0,-1],[3,0],[2,2],[1,-1]],[[392,201],[1,-1],[0,-1],[-1,0],[0,-1],[1,0],[-1,-2],[0,-1],[-1,0],[2,-2],[0,-3],[1,0],[-2,-3],[0,-1],[-2,-4]],[[390,182],[-3,-2],[0,-3],[1,-1],[1,1],[2,0],[0,-5],[-1,0],[-3,1],[0,1],[-2,-1],[0,-1],[-3,0],[-1,-2],[-2,-3],[-5,0],[-1,-1],[-4,4],[1,1],[-1,2],[-3,0],[0,1],[-2,0],[0,5],[-2,2],[0,1],[-2,4],[0,1],[-4,4],[-1,0],[-1,-1],[0,-1],[-2,1],[-1,1],[0,2],[-2,1],[-1,1],[-2,3],[1,2],[2,0],[1,1],[4,1],[2,0],[2,2],[0,2],[1,0],[2,-1],[1,1],[0,4],[1,1],[-4,4],[0,3],[1,0],[2,4],[-1,0],[-2,1],[0,2],[-1,1],[-3,1],[0,-5],[-3,-4],[-2,0],[-2,-1],[-1,0],[-1,1],[-2,0],[-1,-1],[-4,0],[-2,1],[-3,-1],[-2,0],[0,-3],[-2,0],[0,2],[-1,2],[-2,0],[-1,1],[-3,0],[0,-3],[-1,0],[-1,1],[0,2],[-1,0],[1,1],[0,2],[1,1],[-2,2],[1,1],[0,1],[-1,0],[-4,-2],[-4,3],[-2,1],[-2,3],[-1,1],[0,4],[-1,0],[-1,1],[-2,-2],[-2,0],[-2,2],[-1,0],[0,2],[-3,0],[-3,1],[-1,0],[-2,2],[-2,0],[0,1],[-1,-1],[-2,-1],[-1,2],[-1,1],[-1,0],[-1,1],[-1,0],[-1,2]],[[278,248],[2,1],[1,1],[0,3],[1,0],[1,1],[2,0],[0,-2],[1,1],[1,-1],[0,1],[2,0],[0,-2],[3,-1],[0,2],[1,1],[0,3],[-1,1],[2,2],[0,1],[-1,1],[0,2],[1,3],[1,0],[1,1],[1,3],[1,1],[1,3],[0,1],[4,1]],[[303,276],[7,0],[1,1],[0,1],[-1,1],[0,5],[1,0],[0,2],[-1,1],[2,2],[-1,1],[-2,1],[0,2],[1,0],[2,1],[1,2],[0,1],[1,1],[1,0],[1,-1],[0,3],[-3,3],[1,3],[1,1],[6,-2],[1,1],[0,3],[-1,0],[-2,2],[-1,0],[2,1],[1,1],[0,1],[-1,1],[0,2],[1,0],[2,1],[2,0],[0,3],[1,0],[0,2],[-4,2],[1,3],[1,0],[0,1],[2,-1],[1,0],[0,-1],[2,0],[1,1],[0,8],[3,2],[1,-1],[2,1],[1,0],[0,-1],[1,1],[0,1],[-1,0],[-1,1],[0,1],[1,-1],[3,0],[1,2],[-2,1],[-1,1],[1,2],[0,2],[1,1],[-2,2],[1,0],[0,2],[1,1],[2,0],[3,2],[-2,2],[0,1],[1,2],[0,3],[-1,1],[0,1],[-1,0],[-1,1],[0,1],[2,2],[1,0],[1,1],[1,0],[1,1],[-1,1],[2,2],[0,-2],[1,-1],[1,0],[1,-1],[2,-1],[2,1],[2,-1],[-1,1],[1,1],[3,0],[2,2],[3,0],[1,1]],[[679,609],[-1,-3],[-1,-2],[0,-1],[-1,-1],[-1,-2],[0,-4],[-7,0],[-2,-1],[-1,0],[-1,-1],[-1,0],[-1,-1],[0,-3],[-1,0],[1,-3],[0,-2],[-1,0],[-1,-1],[-1,0],[0,-1],[3,0],[1,-1],[2,-1],[3,-3],[7,0],[1,-1]],[[676,576],[0,1]],[[676,577],[1,-2],[0,-1]],[[677,574],[0,-1],[1,-1],[0,-3],[-2,0],[-2,-2],[-1,0],[0,-6],[1,0],[-1,-2],[0,-1],[-1,-2],[2,0],[1,-1],[-1,-2],[-1,0],[0,-4],[-2,0],[0,-3],[1,0],[0,-1],[5,0],[0,-2],[2,-2],[2,-1],[0,-1],[1,0],[2,-2],[0,-1],[-1,0],[1,-2],[0,-3],[5,1],[1,1],[1,-1],[3,-2],[0,1],[1,0],[1,1],[0,1],[2,2],[1,0],[0,1],[2,2],[1,0]],[[702,538],[1,-1],[1,-2],[0,-1],[1,-2],[1,-1],[0,-1],[1,-1],[0,-1],[-1,-2],[0,-2],[1,-2],[1,-1],[0,-8],[4,-4],[1,-2],[0,-2],[-1,-2],[-3,-4],[0,-2]],[[944,804],[3,-16],[1,-3],[3,-11],[0,-2],[3,-7],[2,-6],[0,-2],[1,-2],[2,-6],[2,-5],[0,-3],[5,-14],[1,-1],[2,-1],[2,-2],[0,-2],[-1,0],[1,-3],[3,-3],[1,0],[0,-2],[1,0],[0,-4],[-2,-2],[-1,-3],[0,-3],[-1,-2],[1,-2],[0,-1],[1,-1],[1,0],[0,-2],[1,-2],[0,-1],[1,-1],[1,-6],[0,-4],[1,-2],[-2,-1],[-1,-2],[0,-6]],[[976,668],[-3,0],[-2,1],[-4,0],[-3,3],[0,2],[-3,0],[-1,1],[0,-1],[-1,0],[-1,1],[-3,0],[0,-1],[-5,-1],[-3,0],[-1,4],[1,0],[1,1],[0,1],[-3,0],[-2,-2],[-1,0],[0,1],[1,1],[-3,2],[-1,0],[-1,-1],[-2,0],[-1,1],[0,1],[-1,1],[-6,-3],[0,-2],[-6,0],[0,-7],[1,0],[0,-1],[1,-2],[-2,-2],[-7,0],[-1,2],[-10,0],[-1,1],[-2,1],[-2,-1],[-2,0],[-1,1],[-1,0],[-1,-1],[-3,0],[0,-1],[-4,1],[-3,0],[0,1],[-1,0],[-3,2],[-1,0],[-1,-2],[0,-2],[1,-2],[-1,-1],[-1,0],[-1,-3],[-2,1],[-1,2],[-2,-1],[1,-2],[-1,-1],[-4,0],[0,-2],[-1,1],[-4,0],[-1,-1],[-1,2],[1,1],[0,1],[-1,1],[0,1],[-2,3],[-1,1],[-1,0],[0,4],[1,0],[2,-1],[2,0],[1,2],[0,2],[1,1],[0,1],[1,1],[-1,2],[-1,0],[0,2],[-1,0],[0,1],[1,0],[1,1],[-2,0],[0,1],[2,2],[1,2],[1,0],[3,3],[2,0],[1,1],[1,3],[0,1],[-2,-1],[-3,0],[0,1],[-2,4],[1,1],[0,2],[-3,0],[-3,-1],[-2,2],[-3,0],[-1,1],[-1,0],[0,1],[-2,1],[-2,0],[-2,-2],[0,-1],[-1,-1],[-2,-4],[0,1],[-4,1],[0,3],[-2,1],[-1,0],[-1,2],[-1,1],[0,1]],[[834,711],[1,0]],[[835,711],[0,2],[-2,0],[0,3],[-1,3],[1,1],[0,1]],[[833,721],[6,1],[1,0],[1,-1],[2,-1],[1,1],[1,0],[2,-2],[0,5],[-1,1],[3,2],[3,0],[1,1],[2,4],[3,-1],[1,-1],[0,-2],[1,-1],[0,-1],[1,0],[1,-1],[0,-2],[1,0],[-1,-2],[4,1],[0,1],[1,0],[1,-1],[2,1],[1,1],[1,0],[1,-1],[0,1],[1,2],[1,0],[0,1],[1,0],[1,2],[2,0],[1,1],[0,1],[-1,1],[-1,0],[-2,1],[2,2],[2,1],[1,-1],[-2,-1],[-1,0],[1,-1],[3,0],[1,1],[2,0],[0,-1],[2,0],[0,2],[1,1],[2,0],[0,1],[3,0],[0,4],[1,-1],[2,-1],[1,2]],[[898,741],[-1,0]],[[897,741],[0,2],[-2,1],[-1,0],[0,2],[1,1],[0,1],[1,5],[-2,0],[-3,1],[0,13],[1,2],[0,2],[-1,2],[0,1],[-1,1],[0,1],[-3,0],[-3,2],[0,1],[1,1],[0,3],[-2,1],[-2,2],[-1,0],[-2,-2],[0,5],[3,1],[0,-2],[4,1],[0,2],[1,1],[1,0],[4,2],[1,2],[0,2],[3,2],[1,-1],[4,4],[1,0],[3,2],[1,2],[3,0],[2,-1],[4,0],[3,1],[1,1],[1,0],[5,-2],[1,-1],[5,0],[2,-1],[3,-1],[1,0],[-1,1],[3,2],[2,0],[1,-1],[3,-1]],[[454,352],[0,-1],[-1,-1],[2,-3],[0,-1],[1,-1],[-2,-1],[-1,-1],[-1,0],[0,-1],[1,-2],[-1,-3],[-1,0],[-1,-1],[-1,0],[-1,-2],[1,-4],[2,0],[1,-2],[-2,-4],[-2,-7]],[[448,317],[-3,0],[-3,-3],[0,-5],[-2,0],[-3,-1],[0,-1],[1,0],[0,-1],[1,-1],[0,-1],[1,0],[0,-1],[1,-2],[1,0],[2,-1],[-1,-1],[-1,0],[-1,-1],[0,-2],[-2,0],[-2,-1],[0,-2],[-1,0],[-1,-1],[0,-2],[1,-1],[-1,0],[0,-2],[1,0],[0,-3],[2,0],[-1,-2],[0,-1],[1,-1],[0,-2],[3,-1],[4,-1],[0,-1],[1,-1],[0,-2],[-1,-2],[1,-2],[2,0],[-1,-2],[0,-1]],[[447,265],[-4,0],[-1,-1],[0,-1],[-5,2],[-4,0],[-3,-1],[-1,-1],[0,-1],[1,-1],[1,-3],[0,-2],[2,0],[0,-3],[1,0],[0,-2],[1,0],[-1,-2],[-2,1],[-1,1],[0,2],[-2,0],[-1,-1],[-1,0],[-2,2],[-1,-1],[0,-1],[1,-2],[0,-5],[-1,-1],[-1,0],[0,-1],[1,-1],[0,-1],[2,-4],[-1,-1],[-1,0],[0,-1],[1,0],[-2,-2],[0,-1],[-1,0],[1,-2],[1,0],[2,-2],[0,-2],[1,0],[0,-1],[-1,0],[0,-3],[1,-2],[-1,-1],[0,-1],[2,0],[1,-1],[0,-1],[-1,-1],[1,-2]],[[429,213],[-2,1],[-5,1],[0,-2],[-2,-1],[-2,0],[-1,-1],[-3,-2],[-2,0],[-2,-2],[0,-2],[1,0],[0,-1],[-6,-1],[0,-1],[-2,1],[-1,0],[0,-1],[-2,0],[-2,-2],[-1,0],[-1,1],[-1,0],[-1,-1],[-2,1]],[[392,201],[0,1],[-2,-2],[-3,2],[-2,0],[-1,1],[0,3],[-1,1],[0,1],[-1,0],[-2,-1],[-1,0],[-1,3],[1,0],[0,5],[-1,1],[0,1],[1,0],[0,1],[1,2],[-1,0],[-1,1],[0,2],[1,1],[2,1],[0,1],[1,0],[1,-1],[4,1],[2,0],[1,4],[-1,2],[-1,-1],[-1,1],[-6,0],[-1,1],[-2,-2],[0,2],[1,1],[0,1],[-2,1],[-2,0],[0,1],[-1,1],[0,1],[1,1],[-1,1],[-2,0],[-2,-2],[0,3],[1,1],[-2,1],[0,-2],[-1,-1],[-2,0],[0,1],[-2,1],[-1,-1],[0,-1],[-1,2],[0,3],[1,1],[0,4],[-1,0],[0,3],[2,2],[4,6],[-5,4],[-2,1],[-2,2],[-2,-1],[-1,-2],[-4,-1],[0,2],[-2,0],[-1,1],[0,-2],[-1,0],[-1,1],[0,2],[-1,0],[0,1],[-1,1],[0,1],[-2,1],[0,-1],[-1,-1],[0,1],[-1,0],[0,-1],[-2,0],[-1,1],[-2,0],[-1,2],[-2,0],[1,1],[-1,1],[1,2],[0,2],[1,0],[0,1],[2,9],[0,3],[1,1],[0,1],[1,1],[1,0],[0,-1],[1,-1],[3,-1],[2,0],[2,1],[0,-1],[-1,0],[2,-4],[2,-1],[2,0],[1,1],[-1,1],[-1,0],[1,3],[1,2],[2,-1],[1,-1],[0,1],[1,0],[1,1],[1,-1],[1,1],[-1,1],[0,5],[1,1],[1,0],[0,1],[1,1],[-1,0],[-2,1],[-2,2],[-2,0],[-4,4],[-1,0],[-3,1],[-1,1],[0,3],[-1,1],[2,2],[1,0],[2,-1],[0,1],[-1,2],[1,1],[0,1],[1,2],[3,0],[1,1],[-1,1],[0,1],[1,0],[0,-1],[4,-1],[0,1],[1,-1],[0,1],[1,-1],[3,0],[0,-1],[2,-1],[1,-3],[-2,0],[2,-2],[1,0],[3,-1],[0,-1],[1,0],[0,-1],[1,-2],[1,0],[2,1],[0,3],[-1,0],[0,1],[-1,1],[1,1],[0,1],[1,3],[0,1],[4,0],[1,3],[0,1],[1,1],[0,1]],[[382,332],[1,0]],[[383,332],[0,2],[1,2],[4,0],[-2,1],[0,1],[1,0],[-2,1],[-5,0],[0,2],[-1,2],[0,2],[1,1],[0,4],[2,2],[-1,1],[0,1],[-1,3],[0,2],[1,1],[-1,1]],[[380,361],[2,0],[2,1],[1,1],[2,0],[1,1],[1,0],[2,1],[1,1],[1,0],[1,1],[0,4],[2,-2],[1,0],[2,2],[3,1],[1,0]],[[348,317],[0,1],[-1,0],[0,-1],[1,0]],[[747,448],[1,-1],[0,-1],[2,-1],[0,-1],[1,-2],[4,-2],[6,-2],[1,1],[5,0],[1,-1],[0,-2],[1,0],[0,-2],[1,-3],[1,-2],[0,-1],[-1,-1],[0,-2],[2,-2],[-1,-4],[-1,-3],[-1,-2],[-1,1],[-2,1],[-2,-2],[0,-1],[-2,0],[-1,-1],[1,-1],[-1,0],[1,-2],[1,1],[1,0],[1,-2],[0,-1],[2,-1],[1,1],[1,-1],[1,-4]],[[770,403],[0,-1]],[[770,402],[-2,-2],[1,-1],[-1,-1],[0,-1],[-1,-3],[0,-1],[-1,1],[-2,-2],[0,-1],[2,1],[1,0],[0,-2],[1,1],[1,0],[2,-2],[-1,-1],[-2,0],[0,-1],[-1,0],[-1,-1],[0,-3],[1,-1],[-1,-1],[-2,-4],[0,-9],[1,-2],[0,-2],[-1,0],[0,-5],[1,-1],[0,-3],[1,-1]],[[629,400],[0,2],[-1,1],[0,2],[1,1],[0,3],[1,1],[0,2],[1,1],[0,-1],[2,0],[1,1],[1,2],[-1,1],[0,1],[1,1],[0,1],[2,0],[1,1],[0,1],[1,0],[-1,1],[0,7],[-2,0],[-1,-1],[-4,0],[0,7],[1,1],[0,4],[-2,0],[-1,1],[0,3],[-2,2],[1,1]],[[306,508],[0,-1],[2,1],[1,0],[1,-1],[1,-2],[2,0],[1,-1],[0,-1],[2,-2],[0,-1],[2,-2],[0,-2],[2,-2],[0,-1],[-1,0],[-1,-1],[2,-2],[-1,-1],[-2,0],[-1,1],[0,-3],[3,0],[0,-1],[1,-1],[0,-3],[-1,-1],[-1,0],[1,-2],[-1,-2],[1,0],[1,-1],[0,-1],[-1,-3],[-3,0],[0,-1],[-2,0],[0,2],[-1,2],[0,1],[-1,-1],[0,-1],[-1,0],[-2,1],[0,1],[-4,2],[-1,-3],[1,-1],[-1,-1],[-1,0],[0,-2],[-1,-1],[2,-1],[1,-1],[-1,-2],[1,-1],[-2,0],[-1,-1],[-1,0],[-1,1],[0,-3],[1,0],[0,-1],[1,0],[1,-1],[3,-2],[1,1],[1,0],[1,-1],[2,-4],[0,-2],[1,0]],[[312,452],[-1,-1],[0,-1],[-1,1],[-2,-1],[0,-10],[-1,-1],[0,1],[-1,0],[0,1],[-1,-1],[-1,0],[-5,-1],[0,1],[-1,1],[-5,-2],[0,-1],[1,-1],[-1,0],[-1,-1],[-1,1],[-3,0],[0,-1],[-3,0],[-1,-1],[-1,0],[0,2],[-3,0],[-2,1],[0,1],[-1,1],[-1,2],[-4,-1],[-2,0],[0,-1]],[[270,440],[-2,2],[-2,1],[0,2],[1,0],[-2,2],[-1,0],[0,3],[1,0],[0,2],[-5,0],[0,1],[-5,0],[0,1],[-2,1],[-1,0],[-1,1],[0,3],[1,0],[1,1],[0,1]],[[253,462],[0,-1]],[[253,461],[1,0],[0,1],[1,1],[-1,1],[-1,0],[-2,2],[0,4],[-4,0],[-1,1],[-1,0],[0,3],[-2,-1],[-2,0],[0,3],[-5,0],[-4,1],[-3,0]],[[182,643],[3,-1],[3,-3]],[[698,608],[0,2],[-2,-1],[-1,0],[0,-1],[-1,0],[-1,-1],[-1,0],[-1,1],[0,-3],[-2,0],[-2,2],[-1,-2],[-1,1],[-2,0],[0,3],[-4,0]],[[679,609],[-3,2],[0,3],[-1,2],[-1,0],[-2,1],[-1,1],[0,1],[1,1],[-1,1],[0,2],[-1,-1],[-1,0],[-1,-1],[-1,1],[-1,0],[-1,1],[0,1],[-4,0],[0,-2],[-2,0],[-1,-2],[0,-1],[-1,0],[0,-1],[1,-1],[-1,-1],[0,-1],[-1,-1],[-3,1],[-2,0],[1,-1],[-1,-1],[-2,0],[-3,-3],[1,-2],[0,-1],[1,-3],[-2,-2],[-1,0],[0,-1],[-1,-1],[0,-3],[-1,-4],[-3,0],[-1,-1],[-3,-2],[-1,0],[-1,-1],[0,-3],[1,0],[0,-1],[-1,0],[-2,-2],[-1,0],[-1,-1],[-1,0],[0,-1],[-2,-1],[0,-1],[-1,0]],[[543,486],[-1,1],[-1,0],[-3,1],[-1,1],[-2,0],[-3,-1],[-2,0],[1,-1],[0,-2],[-4,-1],[-2,0],[-1,-1],[0,2],[-2,0],[-1,1],[0,-2],[-1,0],[0,-3],[-2,-1],[1,-1],[1,0],[1,-1],[0,-1],[-1,0],[0,-4],[1,0],[0,-1],[1,0],[1,-1],[0,-2],[-3,0],[0,-2],[1,0],[-1,-1],[0,-1],[2,-3],[1,0],[3,-1],[2,0],[0,-1],[5,0],[0,1],[2,1],[2,0],[1,-1],[0,-1],[1,0],[1,1],[2,0],[0,2],[3,0],[0,-1],[2,0],[2,4],[0,4],[1,1],[-1,0],[-1,1],[0,2],[-1,1],[0,1],[1,0],[0,2],[-1,3],[-2,1],[-1,0],[-1,-1],[-1,0],[-1,1],[0,2],[2,2]],[[302,612],[1,-2]],[[303,609],[0,1]],[[303,610],[2,0],[0,-2],[4,-2],[1,0],[2,1],[0,1],[1,-1],[2,-1],[2,0],[0,1],[1,0],[1,-1],[1,0],[0,-1],[2,0],[0,-2],[-1,0],[-1,-1],[-1,-2],[4,-2],[-1,-1],[0,-1],[-1,0],[0,-1],[1,-2],[2,0],[0,-2],[2,-2],[0,-3],[-1,-1],[-2,0],[-1,-1],[-1,-2],[2,-2],[1,-2],[-1,-1],[0,-5],[2,-1],[1,1],[1,-1],[1,-2],[0,-1],[-1,-1],[0,-5],[1,-1],[1,0],[1,1],[0,-2],[3,0],[1,1],[1,-2],[-1,-2],[-1,-1],[-1,0],[0,-2],[-1,-1],[2,-2],[0,-1],[1,0],[-1,-1],[1,-1],[-1,-1],[-3,0],[-1,-1],[0,-2],[1,-3],[2,-4],[1,0],[0,-2],[-1,-1],[0,-1],[3,0],[1,1],[2,1]],[[338,535],[0,-6],[-1,0],[-1,-1],[-2,0],[0,-4],[2,-2],[-1,-1],[-1,0],[0,-1],[-1,0],[-2,-2],[-1,0],[-1,-1],[0,-1],[-3,0],[0,1],[-1,-1],[-2,0],[-1,1],[-1,0],[-2,-2],[0,-4],[-12,0],[-1,-2],[-1,0],[1,-1]],[[306,508],[-2,-1],[-1,1],[-1,-1],[-1,-2],[-1,0],[-1,-1],[0,-1],[1,-1],[-1,-1],[-4,0],[-1,1],[-2,0],[-1,1],[-1,0],[0,2],[1,2],[0,1],[-3,1],[-1,1],[0,1],[-3,3],[-1,0],[-2,2],[-3,0],[-2,1],[1,2],[0,1],[1,1],[1,3],[-1,1],[-4,0],[1,2],[-1,1],[0,1],[1,0],[1,1],[-1,1],[-2,0],[0,3],[-1,-1],[-1,0],[-2,1],[0,1],[-3,3],[1,2],[0,4],[-2,0],[-1,1],[1,1],[0,2],[-4,2],[-2,-1],[0,-1],[-1,-1],[-1,0],[-2,2],[-2,0],[-1,-1],[0,-1],[-1,-1],[-1,0],[-1,-2],[-1,-1],[-1,0],[-1,2],[0,1],[1,0],[-1,1],[0,4],[-1,0],[-1,2],[1,1],[1,0],[2,3],[0,1],[-2,4],[-2,0],[-1,-1],[-2,-1],[-3,0],[-1,1],[0,4],[-3,0],[2,2],[1,0],[1,4],[-2,1],[-3,3],[0,3],[-2,2],[0,3],[-2,1],[0,-1],[-1,-1],[-2,2],[0,2],[-2,0],[0,1],[-1,-1],[-1,1],[-1,2],[-2,0],[0,1],[-1,1],[-2,1],[0,3],[-2,0],[-2,-1],[-2,2],[0,1],[-4,0],[0,3],[2,2],[2,-1],[0,1],[1,1],[-1,2],[0,3],[1,-1],[1,0],[1,1],[0,3],[1,0],[2,1],[-2,3],[0,1],[-1,0],[0,1],[1,2],[2,0],[4,-1],[1,2],[-2,2],[0,2],[-1,1],[0,-1],[-1,-1],[-1,0],[-1,2],[-1,0],[-1,1],[-1,0],[0,-1],[-1,1],[0,2],[-1,0],[-1,-1],[0,1],[-1,1],[-2,1],[-3,1],[-1,0],[0,1],[-2,-1],[-1,0],[-1,1],[0,1],[-2,1],[-1,0],[-1,1],[-1,2],[-4,0],[-1,2]],[[188,639],[3,0],[2,-1],[0,2],[1,2],[2,2],[2,1],[3,3],[4,1],[6,0],[2,-1],[1,-2],[2,-1],[1,0],[1,1],[2,0],[1,-2],[0,-2],[3,1],[0,1],[-1,0],[0,2],[3,0],[0,-1],[-1,-1],[1,-1],[0,1],[2,1],[3,-1],[0,-1],[-1,-1],[2,-2],[2,2],[3,1],[2,0],[2,-1],[2,-2],[1,0],[1,1],[5,1],[7,0],[0,-4],[4,0],[1,4],[-1,0],[-2,-2],[-1,1],[1,1],[3,2],[4,4],[0,2],[-1,1],[-1,0],[0,2],[-2,0],[0,2],[-2,1],[0,2],[-1,1],[-2,1],[1,2],[2,0],[0,1],[1,-1],[2,0],[1,1],[0,1],[1,2],[1,-1],[0,-2],[1,0],[0,-3],[1,0],[1,1],[0,-1],[3,-1],[1,0],[0,-1],[1,0],[2,-2],[1,0],[2,-2],[1,0],[0,-1],[1,1],[1,0],[2,2],[3,-1],[0,-8],[2,0],[1,-1],[1,1],[2,-1],[1,1],[3,0],[1,1],[0,-5],[2,-2],[0,-3],[-2,0],[0,-2],[-1,-1],[0,-1],[1,-2],[0,-1],[1,-1],[0,-1],[-1,0],[0,1],[-1,1],[-1,0],[-1,-1],[-2,0],[-1,1],[-2,0],[0,-2],[2,-1],[1,-1],[0,-3],[-2,-2],[2,0],[0,1],[2,0],[1,-2],[1,-1],[1,0],[1,1],[1,-1],[-1,-2],[0,-7],[2,0],[1,1]],[[284,601],[-1,-1],[-2,0],[0,-1],[-1,0],[-1,-1],[-1,0],[-1,1],[-1,-1],[0,-2],[1,-2],[-1,-1],[-3,0],[0,1],[-1,1],[-1,0],[-1,-1],[-1,0],[-1,1],[-2,1],[0,-1],[-1,1],[-1,-1],[-1,0],[-3,-2],[0,-1],[2,-1],[2,2],[1,0],[1,-3],[1,-2],[0,-2],[-1,-2],[1,-1],[0,-2],[1,-1],[-1,0],[1,-1],[-1,0],[-1,-1],[3,0],[1,-1],[0,-2],[-1,-1],[2,-2],[2,2],[0,1],[4,-1],[0,-3],[1,0],[1,-1],[0,-1],[2,-2],[1,0],[1,-1],[1,0],[0,-1],[2,-1],[0,-1],[1,1],[-1,2],[1,1],[-2,2],[2,2],[0,-1],[1,1],[2,-1],[2,2],[0,9],[-1,1],[1,2],[2,2],[-1,1],[-1,-1],[-1,1],[-1,-1],[0,1],[-2,0],[0,1],[1,1],[0,1],[-2,-1],[-3,0],[0,2],[1,1],[-1,2],[0,7]],[[562,711],[-3,-2],[-2,-1],[0,-3],[-2,0],[-1,1],[0,-2],[-1,0],[0,-1],[-2,0],[0,1],[-2,0],[1,-3],[0,-1],[1,-2],[0,-1],[1,0],[-1,-1],[0,-4],[1,-1],[1,0],[1,-2],[1,-1],[-1,-1],[0,-2],[-1,-2],[0,-1],[1,-1],[0,-3]],[[495,679],[0,2],[-1,2],[-3,0],[-1,3],[-2,-1],[0,-2],[-1,-1],[-2,1],[-1,-2],[-2,-1],[0,2],[-2,1],[1,2],[0,2],[-3,2],[-1,0],[0,1],[-4,2],[-1,3],[1,1],[-2,0],[0,1],[-2,0],[0,1],[-1,1],[-1,0],[1,1],[0,1],[-1,1],[0,3],[-1,2],[-1,0],[0,1],[-1,1],[0,-1],[-1,0],[0,1],[-1,1],[-1,0],[-2,1],[1,1],[1,-1],[1,1],[0,2],[-1,2],[1,3],[1,1],[2,1],[0,1],[-1,1],[0,3],[2,2],[-2,-1],[-1,0],[-3,2],[-1,1],[-1,-1],[0,-1],[-2,-1],[0,1],[-1,0],[0,1],[-1,-2],[-1,-1],[-2,-3],[-2,1],[1,0],[0,1],[-3,1],[-1,-1],[-1,-2],[-3,0],[-2,-1],[-2,1],[0,-1],[-1,-1],[-1,0],[-1,-1],[0,-2],[-2,0],[0,1],[-4,-4],[-1,0],[0,1],[-2,0],[0,-1],[-1,0],[0,1],[-1,0],[0,-1],[-1,-1],[-2,0],[0,2],[1,1],[-1,4],[-3,2],[0,2],[-2,2],[-3,0],[1,1]],[[462,788],[1,1],[0,-1],[6,0],[6,-1],[2,-1],[0,-2],[1,0],[0,1],[1,1],[4,-1],[1,0],[0,1],[1,1],[2,-1],[1,0],[3,1],[4,0],[4,-2]],[[554,678],[2,1],[0,1],[1,-1],[3,0],[3,-1],[0,-1],[2,-2],[0,-1],[2,-1],[1,0],[0,-2],[2,0],[2,-2],[0,-1],[2,0],[1,1],[4,-1],[3,-3],[0,-3],[-1,-1],[1,-1],[1,-2],[-1,-1],[0,-1],[1,-1],[3,0],[0,-3],[-3,0],[0,-2],[-1,-1],[1,-1],[0,-1],[-1,0],[2,-2],[1,1],[3,0],[2,-2],[0,-1],[2,0],[0,-3],[-2,-2],[0,-1],[1,0],[0,-1],[1,-1],[-2,-2],[2,-1],[1,0],[1,1],[0,-2],[1,0],[0,-2],[1,-1],[1,0],[1,2],[3,0],[0,-1],[1,-1],[-1,-1],[0,-2],[1,0],[0,-2],[-1,-1],[0,-7],[2,-2],[0,-1],[-1,0],[0,-1],[1,-1],[1,0],[2,-3],[0,-1],[-1,-1],[0,-4],[1,1],[1,0],[1,-1],[0,-2],[1,1],[0,-2],[1,0],[0,-1]],[[609,597],[1,0]],[[610,597],[0,-5],[-1,0],[0,-1],[-1,-1],[1,0],[1,-1],[0,-1],[-1,0],[0,-3],[1,-1],[1,-2],[0,-2]],[[530,674],[1,1],[4,0],[4,-1],[1,2],[3,1],[1,1],[0,1],[-2,2],[0,2],[6,-2],[1,-1],[2,-1],[1,-1],[2,-1],[0,1]],[[628,447],[-1,-1],[2,-2],[0,-3],[1,-1],[2,0],[0,-4],[-1,-1],[0,-7],[4,0],[1,1],[2,0],[0,-7],[1,-1],[-1,0],[0,-1],[-1,-1],[-2,0],[0,-1],[-1,-1],[0,-1],[1,-1],[-1,-2],[-1,-1],[-2,0],[0,1],[-1,-1],[0,-2],[-1,-1],[0,-3],[-1,-1],[0,-2],[1,-1],[0,-1]],[[561,319],[-1,-2],[-2,-2],[-4,1],[-2,1],[0,4],[-5,0],[0,1],[-2,3],[-1,1],[-1,0],[-4,-2],[-2,-2],[-1,0],[-1,-1],[-2,2],[0,1],[-1,1],[0,2],[1,0],[0,1],[-1,2],[-1,0],[0,1],[-1,2],[-1,1],[0,2],[-1,2],[-1,0]],[[527,338],[0,-1],[-1,1],[1,0]],[[527,338],[0,1],[-1,2],[-1,1],[-1,-1],[-3,0],[1,1],[0,1],[-1,1],[-2,0],[0,1],[-1,1],[0,1],[1,1],[0,1],[-1,1],[-3,0],[-2,-2],[-1,0],[-1,1],[-1,-1]],[[513,437],[1,0],[0,-2],[1,0],[0,-2],[4,-1],[1,0],[5,1],[1,0],[0,-1],[1,0],[1,1],[0,1],[1,0],[0,-2],[1,0],[0,1],[2,0],[0,2],[2,0],[0,-2],[2,0],[1,-1],[2,0],[1,-2],[5,-1],[1,0],[0,2],[1,4],[1,1],[0,1],[-2,2],[-1,3],[1,1],[1,0],[1,2],[0,1],[1,0],[0,1],[-1,0],[-1,1],[-1,0],[0,1],[1,2],[2,-1],[1,-1],[1,1],[0,1],[2,2],[2,0],[0,-3],[3,0],[0,1]],[[559,451],[-1,0]],[[558,451],[0,1],[1,5],[0,1],[1,1],[0,1],[-1,1],[2,3],[1,-1],[1,0],[0,-2],[1,0],[0,2],[1,0],[3,-1],[0,-1],[1,0],[1,-1],[1,1],[1,0],[1,-2],[0,-2],[1,-1],[0,-1],[2,1],[1,0],[4,7],[0,2],[1,0],[1,2],[1,0],[0,2],[1,1],[0,3],[1,0],[1,2]],[[126,883],[3,1],[7,0],[3,1],[3,2],[1,1],[4,0],[8,2],[11,5],[2,0],[4,2],[1,0],[1,1],[15,2],[7,2],[4,2],[5,4],[3,3],[4,3],[0,1],[1,1],[10,12],[1,2],[0,2],[2,0],[1,1],[3,6],[3,3],[1,2],[2,1],[4,4],[7,3],[7,1],[3,0]],[[357,734],[0,-2],[-1,0],[0,-5],[-1,0],[0,-1],[1,-1],[-1,0],[-1,-1],[1,-3],[2,0],[0,-2],[1,-1],[0,-1],[2,-1],[2,-2],[0,-1],[-1,-1],[0,-3],[4,0],[0,-6],[-1,-1],[2,-1],[1,0],[1,1],[2,-1],[1,-1],[0,-4],[3,-4],[2,-2],[2,1],[2,0],[2,-1],[1,1],[0,-3],[1,0],[0,-5],[1,0],[0,-1],[1,0],[1,-1],[0,-3],[1,1],[2,0],[0,1],[1,0],[0,-1],[1,0],[1,-1],[0,-1],[1,0],[1,-1],[1,0],[1,-1],[2,0],[1,1],[2,0],[0,-1],[1,1],[1,-1],[4,0],[1,1],[2,1],[1,0],[-1,3],[-1,0],[-1,1],[0,1],[2,0],[1,-1],[4,0],[0,2],[1,0],[0,-3],[1,0],[1,1],[1,0],[0,1],[3,0],[3,1],[1,-1],[-2,-1],[0,-1],[-3,-5],[4,1],[1,0],[3,1],[1,-1],[0,-1],[3,0],[2,1],[1,-5],[0,-1],[1,-1],[0,-1],[1,-1],[4,-3]],[[424,605],[-2,1],[-2,-1],[0,-1],[1,0],[0,-1],[-4,-3],[-3,-2],[0,-1],[-2,-1],[-1,1],[-1,0],[-1,-1],[-2,0],[-1,1],[0,1],[1,1],[-1,1],[-1,0],[-3,1],[-2,-1],[-1,0],[0,2],[-1,0],[-1,-1],[-1,1],[0,3],[1,1],[0,1],[-1,1],[-3,0],[-1,-1],[0,-1],[-2,1],[-1,1],[-3,0],[0,-2],[-1,0],[0,2],[1,2],[-1,1],[0,-1],[-1,0],[-1,1],[0,1],[-1,-1],[-1,0],[0,1],[-1,2],[-1,-1],[0,-2],[-2,2],[0,5],[-1,0],[0,1],[-2,3],[-1,-1],[-2,0],[-2,1],[0,1],[-4,2],[0,-1],[-1,-1],[0,-1],[-1,0],[-1,1],[1,0],[0,3],[-3,-1],[-2,-2],[1,-1],[1,1],[1,0],[0,-1],[-2,-2],[-2,-3],[-1,1],[-1,-1],[-1,0],[0,2],[1,1],[0,1],[-1,1],[0,1],[1,2],[-2,-1],[-3,0],[0,6],[1,1],[0,1],[-1,0],[-1,3],[-1,-1],[-3,0],[0,-1],[-1,-1],[-2,-1],[0,1],[-1,0],[-1,-2],[-1,0],[0,-1],[-2,0],[0,1],[-2,1],[0,-1],[-1,0],[0,4],[2,0],[1,1],[-2,0],[0,3],[-3,2]],[[332,640],[-1,2],[-2,0],[-2,2],[1,0],[0,4],[2,0],[2,2],[0,-1],[1,-1],[4,0],[0,4],[1,2],[1,0],[-1,2],[0,4],[1,0],[0,5],[-1,0],[0,7],[-1,1],[-2,3],[-2,0],[-2,1],[-5,5],[-2,-2],[-6,0],[0,3],[-1,1],[1,4],[2,0],[0,6],[-1,4],[2,0],[1,2],[1,5],[-1,0],[0,2],[3,0],[1,1],[0,1],[-2,1],[-1,0],[-1,1],[-1,0],[0,2],[-1,1],[0,2],[1,1],[0,2],[-2,2],[0,1],[1,-1],[0,1],[4,1],[2,1],[2,0],[0,2],[1,1],[0,1],[1,2]],[[357,619],[0,0]],[[329,645],[-1,0],[1,-1],[0,1]],[[745,767],[1,-1],[-1,-1],[1,-1],[0,-5],[1,-1],[1,0],[0,-3],[2,-2],[0,-1],[1,-1],[0,-3],[1,0],[1,-1],[-2,-2],[0,-1],[1,-1],[-1,-1],[1,-1],[1,1],[1,0],[0,-1],[1,0],[1,-1],[3,-2],[-3,-1],[-1,1],[-1,0],[0,-1],[-1,1],[-1,0],[0,1],[-1,0],[0,-1],[1,-1],[-1,-1],[0,-1],[-1,0],[0,-1],[1,-1],[0,-3],[-1,0],[-2,-1],[2,-2],[1,0],[1,-4],[2,-2],[-1,0],[-1,-1],[2,-4],[0,-1],[1,0],[1,-2],[-1,-2],[0,-3],[4,-4],[4,0],[0,-1],[1,1],[2,0],[2,-3],[1,-2],[0,-1],[2,-1],[0,-2],[4,0],[1,1],[1,2],[1,0],[1,-1],[-1,-2],[0,-1],[-1,-1],[1,-1],[1,0],[0,-1],[-2,0],[-1,1],[-1,0],[-1,-3],[-1,-1],[1,-2],[4,-4],[3,0],[0,-1],[2,0],[2,-1],[0,-2],[-1,0],[0,-1],[2,0],[1,-1],[0,-1],[1,-1],[0,-1],[-2,-1],[0,-1],[-2,0],[0,-1],[1,0],[1,-1],[0,-5],[1,1],[2,0],[-1,-2],[0,-1],[1,-1],[0,-2],[2,0],[3,-1],[0,1],[1,2],[1,-2],[2,-1],[1,1],[1,0],[0,-1],[1,1],[2,1],[3,0],[0,5],[1,0],[0,-1],[4,0],[1,1],[1,0],[1,-2],[0,-2],[-1,-2],[1,1],[2,0],[0,-3],[-3,-1],[-1,1],[0,1],[-2,-2],[1,-2],[2,-6],[1,-1],[1,0],[0,-4],[1,-1],[-1,-1],[3,0],[0,-1],[1,1],[0,1],[1,1],[-1,1],[0,1],[2,2],[2,0],[1,1],[-1,1],[6,0],[1,-1],[0,-1],[1,-1],[-1,-2],[0,-6],[-1,-2],[0,-6],[1,0],[-1,-3],[1,-2],[2,0],[0,-1],[-1,0],[0,-1],[-1,0],[0,-3],[-3,-1],[0,-1],[-1,0]],[[745,608],[-2,0],[-1,1],[-1,-1],[0,-5],[1,-1],[1,0],[0,-1],[-4,0],[-1,-3],[0,-2],[-2,0],[0,-1],[-2,-1],[-1,-1],[0,2],[-1,0],[-4,-2],[-2,0],[-3,1],[1,2],[-3,1],[-1,3],[-3,0],[0,2],[-1,3],[-2,-1],[-6,1],[-3,-1],[-2,0],[0,-1],[-1,-2],[-1,0],[-1,1],[0,2],[-1,0],[-2,1],[0,2],[1,1]],[[698,608],[1,0],[0,1],[4,0],[0,3],[1,-1],[5,0],[0,2],[2,2],[1,0],[0,3],[-1,0],[-1,4],[4,0],[0,1],[1,3],[1,0],[0,1],[-1,1],[-2,1],[1,1],[4,2],[1,2],[0,3],[1,0],[0,4],[-1,1],[-1,0],[0,4],[-1,0],[-1,1],[-2,0],[-6,-2],[-1,-1],[0,-1],[-3,0],[0,5],[-3,1],[-2,2],[-2,0],[-1,-1],[-1,-2],[0,-1],[-2,0],[0,1],[-1,1],[-2,-2],[-4,-2],[-2,2],[-1,0],[-1,3],[-1,1],[0,1],[-2,0],[0,1],[-2,2],[-2,0],[-2,1],[0,5],[-2,2],[0,1],[-1,1],[0,1],[-1,1],[0,2],[-1,0],[0,3],[-2,1],[0,2],[-2,0],[-1,1],[1,1],[1,0],[0,1],[1,2],[0,1],[-2,0],[-1,1],[0,-1],[-2,0],[0,1],[-3,0],[0,1]],[[658,683],[1,0],[-1,1],[0,-1]],[[658,683],[-2,0],[-1,1],[0,2],[-1,2],[-1,0],[0,2],[1,0],[0,1],[-1,1],[1,3],[0,2],[-2,2],[0,1],[2,0],[1,1],[2,1],[1,1],[0,2],[-1,1],[-1,0],[-2,2],[1,0],[1,1],[0,6],[1,1],[0,3],[-1,0],[-1,2],[0,1],[1,1],[0,1],[-1,1],[-1,2],[0,1],[-1,1],[0,1],[1,0],[-1,1]],[[499,513],[-1,0],[0,-1],[1,0],[0,-2],[1,-1],[1,-2],[0,-2],[-1,-1],[0,-6],[1,-1],[1,1],[2,0],[0,1],[1,0],[0,-3],[-1,-3],[0,-1],[-1,-1],[-1,0],[-1,-2],[0,-2],[-1,-2],[0,-2],[-1,0],[-3,-1],[-1,1],[0,1],[-2,0],[-1,-1],[-1,0],[-2,2],[0,-1],[-1,-1],[-1,1],[-1,-1],[0,-2],[6,-6],[2,0],[0,-1],[1,0],[1,-1],[3,0],[2,-1],[1,-2],[0,-2],[2,-1],[0,-2],[1,0],[0,-2],[1,1],[1,0],[1,-1],[0,-1],[-1,0],[0,1],[-1,0],[-1,-1],[0,-1],[1,0],[-1,-1],[1,-1],[0,-1],[1,0],[0,-1],[-1,0],[0,-1],[-1,-1],[-1,0],[0,-1],[-3,-3],[0,-1],[2,-1],[2,0],[1,-1],[2,0],[0,-2],[-1,0],[-1,-1],[0,-3],[-3,0],[0,-1],[7,0],[2,-2],[1,-2]],[[513,437],[-1,-2],[0,-5],[-1,-2],[-1,0],[0,-1],[-1,-1],[-2,-1],[0,1],[-1,-1],[0,-1],[-3,0],[-1,1],[-1,-1],[-3,0],[-1,-1],[-2,-1],[-1,0],[0,-3],[-1,0],[0,-2],[1,0],[0,-2],[-1,-1],[0,-1],[-1,0],[0,-1],[1,-1],[-1,0],[0,-1],[1,-1],[-1,-1],[-1,-3],[0,-2],[-3,0],[0,-2],[-3,1],[-2,2],[-1,-1],[-2,-1],[-1,0],[-1,1],[0,1],[-1,1],[-1,-1],[1,0],[-2,-1],[-1,-1],[0,-2],[-1,-1],[-1,-2],[2,0],[0,-1],[1,-2],[-2,-1],[-1,-1],[0,-1],[1,-1],[3,0],[0,1],[1,1],[5,0],[2,-1],[2,0],[3,-1]],[[489,388],[0,2]],[[489,390],[1,0],[0,1],[3,1],[1,1],[1,0],[1,-2],[0,-2],[1,-3],[-1,0],[0,-3],[2,0],[1,-1],[0,2],[1,-1],[1,0],[1,1],[0,3],[3,-3],[1,-2],[0,-1],[1,0],[2,-2],[2,-1],[0,-3],[2,2],[1,0],[0,-1],[2,-2],[1,0],[0,-1],[-1,-2],[-3,0],[-3,1],[0,-1],[-1,-3],[2,-1],[1,0],[2,-2],[0,-5],[-1,1],[-1,0],[-1,-2],[-1,-1],[-2,-4],[-1,-1],[0,-4],[2,0],[1,-1]],[[510,348],[1,-1],[-1,-1],[1,-1],[1,-2],[-1,0],[0,-1],[-1,-1],[-4,-2],[0,1],[-2,0],[-2,2],[0,1],[-1,-1],[0,2],[-2,0],[0,-2],[-1,0],[-1,2],[0,2],[-2,2],[-2,0],[-1,-1],[0,-1],[-1,1],[1,1],[-1,1],[-2,1],[-2,2],[0,1],[-1,2],[-3,1],[-1,1],[-4,2],[-2,-3],[0,-3],[-2,-1],[0,2],[-2,1],[-1,0],[-3,-1],[0,1],[-1,-1],[-1,0],[0,-1],[-8,0],[-4,-1]],[[454,352],[-2,-1],[-3,3],[-1,2],[-4,0],[0,2],[-1,1],[-1,2],[1,0],[0,2],[-1,3],[-4,0],[0,-6],[-2,-1],[-1,-1],[-1,0],[0,1],[-1,1],[0,2],[-5,0],[0,2],[-1,-1],[-3,1],[0,1],[-1,1],[-4,0],[-1,-1],[-1,0],[-3,3],[-1,0],[0,1],[-8,0],[-2,1],[0,2]],[[403,372],[1,3],[-1,0],[0,3],[1,1],[0,4],[-1,1],[0,4],[-1,1],[0,-1],[-1,-1],[-1,0],[0,1],[-1,0],[-1,-1],[-1,0],[0,2],[1,0],[-1,1],[0,1],[1,0],[-1,1],[1,1],[-1,1],[0,1],[1,0],[-1,1],[-1,2],[0,3],[-1,0],[-1,1],[2,2],[1,0],[2,-1],[1,1],[0,3],[1,2],[2,0],[2,-1],[2,3],[0,5],[-2,2],[2,0],[1,1],[0,1],[1,0],[3,-3],[7,-3],[1,2],[0,2],[2,2],[0,2],[1,1],[2,1],[-1,7],[0,1],[-2,2],[0,1],[1,0],[1,1],[-1,0],[0,3],[1,2],[-1,2],[1,0],[0,2],[-3,0],[1,1],[0,1],[1,1],[0,1],[-2,0],[1,2],[2,0],[0,3],[-2,1],[0,3],[1,1],[1,0],[0,2],[2,0],[0,1],[2,0],[-1,3],[-1,1],[1,0],[2,2],[-1,1],[0,1]],[[427,470],[1,0]],[[428,470],[0,2],[1,0],[0,2],[-2,4],[3,0],[1,1],[0,2],[-1,3],[1,0],[1,-1],[1,0],[0,5]],[[433,488],[4,0],[0,-2],[1,-1],[2,0],[0,1],[1,1],[5,0],[1,-1],[0,-1],[1,0],[1,-1],[1,1],[1,-1],[4,-1],[0,2],[1,2],[0,3],[1,1],[1,0],[0,1],[2,3],[0,1],[1,1],[0,1],[2,3],[-2,1],[0,1],[-1,1],[0,3]],[[460,507],[0,-1]],[[460,506],[-1,0],[-1,2],[1,0],[1,1],[-1,2],[-1,0],[0,1],[2,2],[-1,1],[0,2],[-1,1],[0,7],[1,0],[2,1],[1,-1],[1,0],[2,-1],[1,0],[2,1],[1,-1]],[[494,422],[0,0]],[[429,479],[0,0]],[[462,788],[0,-8],[1,-1],[-1,-5],[-2,-7],[-3,-5],[-3,-2],[-3,-1],[-1,0],[0,-1],[-7,0],[-2,-1],[0,-1],[-6,0],[-1,-1],[0,-2],[-3,-3],[0,-1],[-1,1],[-1,0],[-1,-1],[0,-2],[-1,0],[-2,-1],[-3,-3],[-3,-4],[0,-2],[-1,-4],[-2,-4],[-2,-1]],[[414,728],[-1,1],[0,2],[-2,0],[-6,1],[0,2],[-2,2],[0,2],[-2,1],[-1,0],[-1,2],[-2,3],[-1,0],[-1,-1],[-3,0],[-1,-1],[1,2],[0,2],[-1,0],[1,1],[1,3],[-1,1],[-2,1],[-1,0],[-1,-1],[-4,0],[0,-1],[-1,1],[-1,2],[0,1],[-1,1],[0,1],[-1,0],[0,2],[-2,2],[0,1],[-1,-1],[-1,0],[0,-1],[-1,-1],[-1,0],[0,-1],[-1,0],[-2,-1],[-1,2],[-1,0],[-1,1],[-1,-1],[-3,0],[-1,1],[0,-6],[-3,0],[0,-1],[-1,-2],[-2,-1],[0,-3],[-1,0],[0,-2],[-1,-1],[1,-1],[4,0],[0,-2],[-1,-2],[0,-1],[-2,-1],[1,-1],[0,-1],[-1,0]],[[357,734],[-2,0],[-1,-1],[-2,0],[-1,1],[-1,0],[0,-1],[-2,-1],[-2,0],[-2,2],[-1,0],[-1,1],[-1,-1],[-1,-2],[-1,1],[-7,0],[0,-1],[-2,-2]],[[330,730],[0,1],[-2,2],[0,1],[-1,-1],[-1,1],[0,1],[-1,1],[0,1],[-3,3],[0,2],[-1,0],[0,1],[-1,1],[-2,1],[-2,0],[-4,2],[0,2],[-1,1],[1,0],[1,1],[2,1],[1,1],[0,4],[1,0],[3,3],[1,2],[3,2],[1,1],[1,3],[0,1]],[[394,818],[2,-1],[0,-1],[1,0],[0,-1],[2,1],[2,0],[1,-1],[0,-1],[1,-2],[1,0],[0,1],[1,1],[1,0],[0,-3],[1,0],[0,1],[1,1],[0,-2],[1,1],[3,0],[2,-2],[-1,-1],[1,-1],[0,-1],[-1,0],[-1,-1],[1,-1],[3,-1],[2,0],[2,-1],[1,0],[1,-1],[2,1],[4,0],[0,-1],[1,1],[3,0],[0,-1],[1,1],[0,1],[1,1],[2,-1],[2,1],[0,-4],[1,0],[0,-2],[1,0],[1,-2],[1,0],[3,1],[-2,2],[1,1],[1,-1],[4,0],[1,2],[2,2],[1,0],[1,-1],[2,2],[0,-2],[1,-1],[2,0],[1,1],[1,0]],[[461,802],[0,1]],[[461,803],[2,1],[1,1],[1,0],[-2,-4],[-2,-3],[-1,-3],[0,-2],[2,-5]],[[377,760],[1,0],[0,-1],[-1,0],[0,1]],[[624,452],[-2,-2],[0,2],[-1,1],[-1,0],[-1,1],[0,-1],[-1,0],[0,1],[-4,0],[0,8],[-2,0],[0,2],[-2,0],[0,-1],[-2,2],[0,1],[-1,-1],[-2,0],[-1,-1],[-1,-2],[-2,1],[-1,1],[1,0],[0,2],[-1,0],[-2,1],[-1,1],[0,1],[-2,0],[-2,2],[-1,2],[-3,0],[-2,2]],[[587,475],[-2,0],[0,3],[1,0],[0,1],[-1,0],[0,2],[1,1],[1,2],[-2,1],[-1,0],[-1,1],[0,1],[-1,1],[-1,-1],[-1,0],[-2,1],[-3,1],[-2,3],[1,1],[0,2],[-1,0],[0,4],[-1,0],[0,1],[-2,2],[0,4],[-1,2],[0,1],[-3,0],[-1,2],[-1,0],[-2,1],[-3,1],[-1,3],[2,2],[-2,0],[-1,-1],[-1,1],[-3,0],[-3,-1],[-1,0],[0,1],[-1,0],[-3,1],[-3,0],[0,-2],[-1,0],[-1,1],[0,-2],[-2,-2],[0,1],[-2,0],[0,1],[-1,0],[-1,1],[1,-3],[-1,-1],[0,1],[-1,-1],[-2,0],[0,1],[-2,2],[0,-1],[-1,-1],[-4,0],[0,1],[-1,0],[-1,2],[1,1],[-1,0],[0,1],[-2,0],[0,-1],[-1,-1],[-2,-1],[-2,2],[0,2],[-3,-1],[0,-1],[-4,0],[0,-2],[-4,0],[-1,-1],[-5,0],[1,-1],[0,-1]],[[499,513],[-1,1],[-1,0],[-1,1],[0,1],[-1,-1],[-1,0],[-1,1],[-1,-1],[-2,0],[0,-1],[-1,1],[0,2],[-2,-2],[-1,0],[-1,1],[-1,0],[-1,2],[-1,0],[0,-1],[-2,-2],[-1,0],[-1,1],[0,-2],[-5,0],[0,1]],[[474,515],[-1,0]],[[473,515],[-1,1],[1,1],[2,0],[-1,3],[-3,0],[0,2],[-2,2]],[[469,524],[1,2],[0,1],[1,0],[1,1],[2,0],[1,-1],[1,1],[0,-1],[3,0],[0,4],[1,0],[1,3],[-1,1],[-1,0],[-1,1],[-1,0],[0,3],[1,2],[0,4],[1,2],[2,0],[1,1]],[[482,549],[0,-1]],[[482,548],[1,0],[2,1],[0,1],[6,0],[1,-1],[2,-1],[1,1],[-1,2],[-1,1],[1,1],[0,1],[2,1],[1,0],[-1,4],[0,1],[-7,0],[1,1],[1,3],[-1,0],[0,4],[1,0],[0,2]],[[515,581],[2,-2],[-1,0],[0,-1],[-1,-1],[3,0],[0,-1],[1,-1],[0,-1],[-1,-1],[3,0],[1,-1],[5,0],[0,-1],[2,0],[1,1],[0,1],[2,0],[0,-1],[3,-1],[1,-1],[0,-1],[-1,-1],[1,-1],[1,0],[1,-2],[1,0],[1,1],[0,-1],[1,-1],[4,-1],[3,0],[-1,-1],[0,-1],[2,0],[0,-2],[-1,0],[1,-1],[0,-1],[3,0],[3,1],[-1,0],[0,1],[2,2],[3,-2],[0,-1],[4,0],[2,2],[0,1],[2,0],[1,1],[0,-1],[1,-1],[2,0],[2,2],[0,1],[-1,1],[2,2],[2,0],[0,-1],[3,0]],[[607,466],[-1,0],[0,-1],[1,1]],[[276,797],[-2,-1],[-1,0],[-1,-2],[0,-1],[-1,-1],[-1,2],[-1,1],[-1,-1],[0,-1],[-3,-1],[-2,-1],[0,-1],[-1,-2],[-1,-1],[0,-5],[-1,0],[-1,-1],[0,-7],[-1,-1],[-2,0],[-5,-5],[-4,-1],[-7,0],[-3,-1],[-1,-1],[-2,2],[-2,1],[-1,-4],[0,-1],[2,0],[0,-1],[-2,0],[2,-8],[1,0],[1,-1],[0,-2],[1,0],[1,-1],[1,0],[0,-1],[1,-1],[1,1],[1,0],[0,-1],[1,-2],[1,-1],[1,1],[2,-2],[4,0],[0,-1],[1,-1],[0,-1],[2,-2],[2,0],[0,-1],[2,-2],[1,1],[0,-1],[-3,-1],[0,-1],[-2,-1],[-1,0],[0,-2],[-2,-2],[1,0],[0,-1],[-1,0],[0,-1],[-1,-1],[0,-1],[1,-1],[0,-2],[-1,-1],[0,-1],[-1,1],[-1,0],[0,2],[-1,1],[-3,0],[-1,-1],[0,-1],[-2,0],[0,-3],[-1,-2],[-1,-1],[0,-1],[-1,-1],[0,-1],[-2,0],[-1,1],[-2,-2],[-1,0],[0,-1],[-1,0],[-1,-1],[-1,1],[0,2],[-1,0],[0,-1],[-1,0],[1,-2],[-1,-1],[0,-2],[-1,0],[0,-1],[-1,1],[-1,-1],[0,-2],[-1,0],[0,-2],[1,-2],[0,-2],[-2,-2],[0,-1],[-2,-1],[0,-1],[-1,0],[1,-1],[-1,-1],[-4,2],[-2,0],[-2,-2],[-4,-1],[-3,-2],[-2,-1],[-6,0],[-2,1],[-1,1],[0,1],[-3,1],[-1,0],[-5,1]],[[44,620],[-7,4],[-3,2],[-1,3],[-2,1]],[[135,835],[3,-1],[2,0],[0,3],[1,-1],[1,0],[2,1],[-2,2],[3,3],[1,2],[0,1],[1,0],[3,2],[1,2],[1,1],[2,0],[1,1],[0,-1],[3,-2],[2,2],[0,-1],[2,0],[1,-1],[0,-3],[3,0],[2,-1],[-3,-3],[1,-4],[2,1],[0,1],[-1,0],[2,1],[0,-1],[2,0],[2,-2],[1,1],[-1,1],[0,1],[1,1],[4,2],[0,-1],[1,-1],[3,0],[1,1],[3,-3],[2,0],[3,-3],[0,-1],[1,-1],[0,2],[2,2],[0,1],[2,-1],[1,-1],[2,-1],[1,-1],[1,0],[1,-4],[0,-5],[1,-2],[1,-1],[1,0],[0,1],[2,2],[0,2],[1,-1],[0,1],[1,0],[1,1],[2,0],[1,1],[0,1],[1,1],[0,2],[1,0],[2,1],[3,0],[1,1],[0,3],[3,3],[2,-2],[2,0],[1,-1],[1,0],[1,1],[0,-1],[1,0],[3,1],[2,0],[3,-1],[0,-2],[2,0],[1,1],[2,-2],[1,2],[0,1],[2,1],[1,0],[0,-1],[3,0],[0,1],[1,0],[1,-2],[1,-1],[5,0],[0,1],[-1,1],[0,1],[-1,1],[0,1],[1,0],[0,2],[-1,1],[-1,2],[3,2],[1,0],[1,1],[0,2],[1,1],[0,1],[2,0],[1,-1]],[[530,674],[1,-2],[1,-1],[1,0],[0,-1],[-1,0],[0,-2],[3,-4],[3,-3],[-3,1],[-2,-1],[0,-1]],[[532,660],[1,0]],[[533,660],[0,-1],[-3,-2],[-1,0],[-1,-1],[1,-2],[-1,-1],[2,0],[1,-2],[1,0],[0,-2],[1,-1],[1,0],[1,-1],[0,-1],[1,-1],[0,-3],[2,0],[0,-1],[-2,-2],[0,-3],[1,0],[1,-1],[0,-1]],[[538,634],[0,0],[1,0],[-3,1],[-1,1],[-2,1],[-1,1],[-2,-1],[0,-3]],[[531,634],[-1,0]],[[530,634],[0,-4],[1,-1],[0,-1],[-1,1],[-1,-1],[-1,0],[-2,-4],[-2,0],[-1,-2],[0,-1],[2,-1],[1,0],[3,-2],[-1,-2],[-1,-1],[-1,0],[-1,-2],[0,-1],[-1,-1],[-2,0],[-2,-1],[1,-3],[0,-3],[-1,1],[-2,0],[0,-1],[1,-1],[3,0],[4,-2],[-2,-1],[-2,0],[-1,-3],[1,0],[0,-1],[-1,0],[-2,-2],[0,-1],[-1,-3],[-5,0],[-1,-1],[0,-1],[2,0],[2,-2],[0,-1],[-1,0],[0,-1],[-1,-1],[1,-1],[0,-1]],[[515,581],[-2,0],[-1,-2],[-2,-2],[0,-1],[-3,0],[0,-2],[1,-2],[-1,1],[-1,0],[0,2],[-1,-2],[-3,-1],[-1,1],[-2,-1],[-2,1],[-1,0],[-2,-1],[-1,-1],[-1,0],[0,-1],[-1,0]],[[491,570],[-2,0],[0,1],[-1,0],[-1,1],[0,1],[-1,1],[-3,0],[0,2],[1,0],[0,2],[-3,0],[-1,2],[-2,2],[1,-3],[0,-1],[-2,0],[0,-2],[-2,-1],[-2,0],[0,-1],[-1,-1],[-3,-1],[-2,2],[-3,-2],[0,-1],[-2,0],[0,-1],[-1,2],[0,2],[1,1],[-3,3],[0,1],[-1,1],[0,2],[-4,0],[0,3],[1,2],[-2,-1],[-1,0],[-1,2],[0,3],[-1,0],[-3,1],[-1,1],[0,1],[-1,-1],[0,-1],[-3,1],[0,3],[-2,0],[0,2],[-1,0],[0,1],[-4,1],[-2,-3],[0,-2],[-1,0],[-2,1],[-1,-1],[-1,0],[0,-1],[-3,0],[0,3],[-1,1],[0,2],[1,2],[0,2],[-1,1]],[[424,605],[2,1],[2,2],[2,1],[0,2],[2,2],[2,0],[0,8],[-1,1],[-1,2],[0,2],[2,0],[-1,1],[0,4],[1,0],[1,1],[1,0],[0,2],[1,1],[0,5],[-1,0],[0,1],[4,0],[2,2],[3,-1],[1,0],[3,5],[0,1],[-1,2],[-3,0],[0,1],[-1,1],[0,1],[-1,-1],[-1,0],[-1,2],[-1,0],[0,1],[1,2],[-1,0],[-1,1],[1,0],[1,2],[1,0],[1,4]],[[443,664],[1,-1],[0,-2],[1,-1],[2,1],[0,1],[2,2],[0,1],[2,2],[4,0],[0,3],[2,2],[0,1],[1,0],[2,-1],[1,-2],[1,0],[1,-1],[4,0],[2,-2],[0,-1],[1,-1],[0,-2],[1,-1],[1,0],[1,-1],[2,0],[1,-1],[0,-1],[1,-1],[0,-1],[2,-1],[2,0],[0,3],[2,0],[5,-1],[2,2],[0,1],[2,3],[0,1],[-1,5],[-1,1],[-1,0]],[[489,670],[0,1]],[[489,671],[0,2],[-1,0],[0,5],[-1,0],[3,1],[2,1],[3,-1]],[[495,679],[3,0],[1,-1],[2,0],[0,2],[1,1],[2,-2],[0,4],[2,0],[4,2],[1,-1],[0,1],[2,0],[0,-1],[-1,-1],[0,-1],[1,0],[3,-3],[0,-3],[1,-1],[1,1],[3,0],[0,-2],[3,-1],[0,2],[1,-2],[1,-1],[0,2],[2,-1],[1,0],[1,1]],[[826,618],[1,-2],[3,-2],[1,0],[0,-3],[2,-1],[0,-1],[1,0],[0,-2],[2,-2],[1,-2],[1,-1],[-1,-1],[0,-1],[-1,-3],[0,-1],[1,-2],[1,0],[0,-1],[2,0],[0,-2],[-1,-2],[0,-3],[1,-1],[1,0],[0,-2],[1,0],[1,-1],[0,-1],[1,1],[2,0],[0,-1],[1,-1],[1,1],[0,-1],[2,0],[1,1],[0,-1],[2,0],[1,1],[1,0],[2,-2],[0,-2],[1,-1],[0,1],[2,2],[1,0],[0,-1],[1,-1],[2,0],[2,-1],[4,-1],[1,1],[3,0],[3,1],[1,0],[3,-1],[1,-1],[1,-2],[1,-1],[0,-2],[1,1],[4,-2],[2,-4],[-1,0],[0,-3],[2,0],[2,1],[2,2],[2,-2]],[[847,517],[-1,1],[0,2],[-4,0],[-2,1],[0,1],[-2,0],[-1,1],[0,1],[-1,1],[-2,0],[-1,-1],[-2,-3],[0,-2],[-1,-1],[-1,0],[0,-1],[-1,-1],[-5,0],[0,-1],[-1,-1],[-2,-1],[-1,0],[-2,2],[0,5],[-2,0],[-2,-4],[-2,-2],[-4,1],[-1,1],[-6,2],[0,-2],[-1,-1],[-2,-1],[-5,1],[-2,2],[-2,0],[0,-1],[-1,-1],[-2,0],[-1,-1],[-1,-2],[-5,0],[-1,-2],[-2,0],[-2,-2],[0,-2],[-1,-1],[0,-2],[1,0],[0,-1],[1,-1],[0,-3],[1,0],[1,-1],[0,-3],[-1,-1],[0,-2],[-1,0],[0,-2],[-1,0],[-3,-1],[0,-2],[1,0],[0,-2],[1,0],[0,1],[4,0],[1,1],[1,0],[0,-1],[1,-2],[1,-1],[0,-1],[1,-3],[-1,0],[0,-1],[-2,-2],[-1,1],[-2,-1],[0,-1],[-3,0],[-1,-2],[-1,0],[0,-1],[-1,-1],[0,-1],[1,0],[0,-1],[1,0],[1,-1],[1,0],[-1,-1],[1,-2],[2,-1],[0,-1],[-2,-1],[0,-3],[-2,0],[0,-1],[-1,0],[-1,-1],[0,-2],[-1,0],[0,-1],[-4,0],[0,-1],[-3,0],[0,-2],[-1,-3],[-2,1],[0,1],[-1,2],[-3,2],[-4,2],[-1,-1],[0,-5],[-1,0],[-1,-1]],[[747,448],[-2,0],[-4,4],[0,1],[-1,2],[0,1],[-4,0],[-2,-1],[-1,1],[-1,0],[0,4],[-1,1],[-1,2],[0,3],[-1,0],[0,1],[-1,0],[-1,1],[0,1],[-1,1],[1,1],[0,1],[2,2],[0,2],[-1,1],[0,1],[-1,2],[-1,1],[-1,0],[0,1],[-1,0],[0,1],[-1,0],[-2,1],[-1,0],[-2,2],[-2,0],[0,1],[-1,0],[0,1],[-1,1],[0,1]],[[713,492],[1,0],[1,-1],[1,1],[0,2],[-1,1],[2,2],[2,-2],[4,1],[3,0],[0,-1],[1,0],[0,1],[1,1],[2,1],[2,0],[3,-1],[0,1],[-1,0],[-1,1],[0,2],[-3,0],[0,1],[2,2],[1,0],[1,1],[0,1],[-1,0],[0,1],[-1,3],[3,0],[2,1],[-1,1],[0,1],[1,0],[0,2],[1,0],[1,2],[1,0],[1,1],[2,1],[1,1],[1,-1],[1,-2],[1,-1],[1,0],[0,-1],[1,-1],[1,0],[0,4],[1,0],[2,-2],[1,0],[1,-1],[0,-1],[1,0],[0,-1],[2,-1],[2,0],[2,-2],[0,-1],[3,0],[2,1],[0,2],[1,1],[3,-1],[2,-1],[1,1],[-1,4],[1,1],[-1,1],[-1,2],[2,1],[2,2],[1,0],[1,1],[2,3],[2,1],[1,1],[-3,3],[-1,4],[0,3],[-2,0],[0,1],[-1,1],[0,1],[1,1],[-1,1],[1,2],[1,1],[1,3],[-1,1],[-1,0],[0,1],[1,1],[-1,1],[-1,-1],[-1,0],[-3,-3],[-1,0],[0,2],[1,0],[1,1],[-2,1],[0,1],[-1,0],[0,2],[-1,1],[-1,-1],[0,-1],[-1,2],[-2,0],[0,5],[-3,0],[1,2],[0,2],[-4,0],[0,2],[-1,0],[0,1],[1,1],[2,-1],[3,1],[1,1],[0,2],[-3,1],[-1,0],[-1,1],[0,1],[-1,1],[-1,3],[0,-1],[-2,0],[0,1],[1,1],[0,1],[-1,2],[0,2],[-2,4],[-2,2],[1,0],[3,-1],[2,0],[0,-1],[1,3],[0,2],[-1,1],[-1,2],[-1,0],[0,2],[-3,0],[-1,-1],[-3,1],[-1,1],[-1,2],[-1,0],[-1,3],[0,1]],[[745,608],[0,2],[-1,1],[0,1],[-1,1],[0,1],[1,0],[0,1],[-2,0],[0,1],[1,1],[2,0],[1,-1],[1,0],[0,2],[1,1],[0,-1],[2,0],[1,-1],[1,1],[0,1],[2,1],[-1,1],[3,2],[1,-1],[0,1],[1,0],[0,3],[2,0],[3,1],[1,2],[2,0]],[[766,628],[0,1]],[[766,629],[1,2],[2,1],[3,1],[1,-1],[2,2],[2,-3],[0,-5],[1,0],[0,-2],[1,0],[1,1],[5,-1],[0,-4],[4,0],[1,2],[0,7],[1,1],[1,0],[3,2],[1,0],[3,1],[2,1],[0,-2],[2,1],[4,0],[0,-1],[1,-1],[2,-1],[1,0],[2,-2],[4,0],[3,-2],[0,-1],[2,-3],[0,-2],[2,0],[0,-2],[2,0]],[[763,453],[0,0]],[[751,619],[0,0]],[[611,580],[12,0],[2,-1],[1,0]],[[626,579],[0,-2],[1,0],[1,-2],[0,-5],[-2,-1],[-1,0],[-1,-1],[0,-2],[3,0],[-1,-1],[-2,0],[0,-1],[-3,0],[-1,-1],[0,-1],[-2,1],[-1,-2],[3,0],[-1,-2],[0,-2],[1,0],[0,-1],[-1,-1],[1,-1],[3,0],[0,-1],[1,1],[0,1],[1,-1],[1,1],[1,0],[0,-4],[1,0],[0,2],[2,2],[3,-1],[1,0],[1,-1],[0,-1],[-1,0],[-1,-1],[2,0],[0,-4],[-1,-1],[0,-3],[-2,2],[-2,1],[-2,0],[-1,1],[-2,-5],[1,-1],[1,0],[0,-5],[1,-2],[1,0],[0,-2],[1,0],[1,-2],[-1,0],[0,-1]],[[631,529],[-1,0]],[[630,529],[0,-1],[2,-2],[1,-3],[0,-1],[-1,-1],[1,-2],[2,0],[2,1],[0,1],[1,1],[10,0],[0,-2],[-1,-1],[-1,0],[1,-1],[0,-7],[-1,-1],[0,-1],[-1,1],[0,-2],[1,0],[1,-1],[0,-2],[2,-1],[0,-2],[2,-1],[2,0],[-2,1],[-1,0],[0,1],[1,1],[1,0],[0,-1],[2,0],[0,3],[1,-1],[1,0],[0,-1],[4,0]],[[660,505],[0,-1]],[[660,504],[3,0],[0,1],[2,1],[1,0],[1,-2],[1,0],[1,-1],[0,-1],[3,-1],[1,0],[2,1],[0,-1],[1,0],[0,1],[2,1],[1,-2],[0,-1],[1,1],[1,0],[0,-3],[3,0],[0,1],[1,1],[1,0],[0,1],[2,0],[0,1],[1,0],[1,-1],[2,1],[1,1],[2,0],[3,-1],[3,0],[0,-1],[3,0],[0,-3],[2,0],[0,-1],[-1,-2],[1,1],[1,0],[0,-1],[1,0],[1,1],[0,1]],[[709,497],[4,-5]],[[713,492],[1,-2]],[[714,490],[-3,-3],[1,-1],[0,-1],[1,-1],[1,0],[0,-2],[-1,-1],[-3,-2],[0,-1],[-1,-1],[-2,0],[-1,-1],[0,-1],[-1,-1],[-1,-2],[-1,0],[-1,1],[0,1],[-1,0],[0,-3],[-2,0],[0,-1],[-1,-1],[-1,0],[1,-1],[0,-1],[-2,0],[-1,-1],[-2,-4],[-1,-1],[-1,0],[-1,-1],[0,-1],[-1,0],[0,1],[-1,1],[-1,0],[-1,1],[1,1],[0,1],[-1,1],[0,1],[-1,0],[-1,1],[-1,0],[0,3],[-2,0],[-1,1],[-1,0],[0,-1],[-3,0]],[[676,471],[0,-1]],[[676,470],[0,-1],[-1,0],[-1,-1],[0,-2],[-1,0],[1,-1],[0,-1],[-1,-1],[-2,0],[-1,1],[-1,0],[-3,-2],[-4,-2],[2,-2],[2,-1],[1,-1],[0,-5],[-3,0],[-1,-1],[0,-1],[-6,0],[-2,-2],[0,-1],[-1,1],[-1,0],[-1,-1],[-1,0],[-1,-2],[0,-4],[-1,0],[-1,-1],[-2,2],[-3,0],[0,-1],[1,-1],[-2,-2],[0,1],[-7,0],[1,2],[-1,2],[2,2],[3,1],[0,2],[-4,-1],[-3,0],[-2,2],[-2,0],[-1,-1]],[[628,447],[0,1],[-1,2],[0,1],[-2,0],[-1,1]],[[624,452],[1,1],[0,2],[1,2],[2,1],[1,1],[1,0],[-1,1],[2,0],[1,1],[2,-2],[3,0],[0,-1],[1,0],[0,-2],[1,0],[0,1],[4,-1],[1,0],[1,-1],[3,0],[0,2],[2,1],[1,0],[0,9],[-1,0],[-1,1],[0,1],[-2,1],[-3,0],[0,3],[1,1],[0,1],[-1,1],[0,5],[-2,0],[-1,1],[1,1],[1,0],[2,-1],[1,0],[1,1],[0,1],[-1,0],[-1,2],[1,1],[0,1],[-1,0],[0,2],[-1,1],[-1,0],[-1,1],[0,2],[-4,1],[-3,0],[-1,1],[0,1],[1,1],[-2,2],[0,1],[-2,1],[-1,1],[-1,0],[-1,1],[0,-1],[-1,-1],[-1,0],[-1,1],[-2,0],[1,-1],[-1,-1],[-1,0],[-1,-1],[-3,0],[0,-2],[-2,1],[1,1],[0,1],[-2,2],[-2,-1],[-3,0],[0,3],[1,1],[3,2],[-1,1],[0,1],[-2,4],[-2,0],[-3,3],[0,1],[1,0],[3,3],[1,2],[0,2],[-1,1],[1,0],[2,1],[0,3],[-2,2],[0,1],[-4,1],[-1,-1],[-4,4],[0,2],[-3,-1],[-2,0],[0,1],[-2,0],[-1,1],[0,4],[-2,2],[0,2],[1,1],[1,4],[-1,1],[-2,1],[-1,1],[0,1],[-2,1],[-3,0],[-3,1],[0,3],[-1,0],[-1,1],[-1,2]],[[579,565],[1,1],[3,4],[1,1],[2,4],[0,1],[-2,2],[-1,0],[1,1],[0,2],[-1,1],[0,1],[-1,1],[1,1],[1,-2],[1,-1],[2,-1],[1,-2],[6,0],[1,-1],[1,0],[0,1],[2,0],[0,1],[2,0],[0,-1],[1,0],[1,-1],[2,0],[0,1],[1,-1],[1,1],[3,0],[1,1],[1,0]],[[655,445],[1,0],[0,-1],[-1,1]],[[615,498],[1,1],[0,-1],[-1,0]],[[590,340],[-1,1],[1,1],[0,1],[1,2],[0,8],[-1,0],[0,1],[-4,0],[-2,1],[0,1],[1,3],[0,7],[3,3],[0,1],[-1,1],[-2,3],[2,2],[4,1],[1,-1],[0,-1],[1,1],[4,-1],[4,0],[0,1],[3,0],[0,1],[2,0],[0,-1],[1,1]],[[607,378],[0,-1]],[[607,377],[1,-1],[1,1],[0,1],[2,0],[1,1],[0,1],[-1,0],[0,3],[-1,1],[0,2],[2,0],[0,-1],[1,-1],[4,0],[2,2],[2,-1],[0,-1],[1,-1],[1,0],[1,1],[-1,1],[0,2],[1,0],[1,2],[-3,6],[2,2],[3,0],[0,1],[1,0],[0,1],[1,0],[0,1]],[[629,400],[0,1]],[[629,401],[2,-1],[1,0],[0,-1],[4,0],[1,-3],[0,-1],[-2,0],[0,-2],[1,-1],[0,-1],[2,-1],[1,-1],[0,-1],[-1,-1],[1,-1],[0,-2],[1,-2],[2,0],[2,2],[3,0],[0,-1],[1,-1],[1,-2],[2,-1],[1,0],[1,-1],[3,-2],[0,-3],[-1,0],[-1,-2],[0,-3],[1,0],[1,2],[2,2],[4,-3],[0,-1],[1,0],[1,-1],[0,1],[2,-1],[1,0],[1,2],[-1,0],[-1,1],[2,3],[3,-2]],[[671,372],[0,-1]],[[671,371],[2,-2],[2,2],[1,2],[1,1],[1,2],[1,-2],[1,0],[3,-3],[1,0],[1,-2],[0,-2],[3,1],[-1,1],[4,0],[1,3],[1,2],[0,3],[-1,1],[1,0],[3,-1],[0,-2],[1,0],[0,-3],[-2,-2],[0,-1],[3,-3],[1,-2],[2,0],[0,-8],[8,0],[7,1],[5,0],[0,-4],[2,0],[0,-1],[1,0],[0,-3],[1,-1],[1,0],[0,-1],[2,0],[0,-1],[4,-2],[3,3],[0,1],[1,1],[0,1],[1,2],[2,0],[1,-1],[1,0],[2,1],[1,0],[2,1],[2,0]],[[627,721],[-1,-3],[-2,-1],[0,-1],[-1,-1],[-4,-2],[0,-1],[1,0],[1,-1],[0,-1],[-2,0],[-3,-1],[-4,0],[-3,1],[-4,1],[-3,0],[0,-1],[-1,-1],[-2,0],[0,1],[-1,1],[0,1],[-1,1],[-4,0],[0,-1],[-2,-1],[-1,1],[-1,-2],[-1,0],[0,1],[-3,-1],[-1,-1],[-4,4],[-1,0],[0,1],[-1,0],[0,1],[-1,0],[0,2],[1,3],[-1,1],[-2,0],[-1,-1],[0,-1],[-3,-2],[-2,-1],[0,-3],[1,0],[0,-4],[-2,1],[-4,1],[-2,0]],[[562,711],[-1,5],[-1,1],[0,3],[1,1],[0,1],[-1,1],[0,1],[-3,1],[-2,0],[0,3],[-1,1],[1,1],[2,1],[1,1],[0,2],[-1,0],[0,1],[1,1],[-2,1],[-1,0],[0,5],[-2,0],[-3,2],[-1,-1],[-3,0],[-1,-1],[0,-1],[-7,0],[0,2],[1,2],[-1,1],[0,2],[-2,0],[0,-1],[-1,0],[-1,-1],[0,2],[-1,0],[-1,-1],[0,-1],[-3,0],[1,2],[0,1],[-1,0],[-2,2],[0,1],[-1,0],[-1,-1],[0,3],[-1,1],[-2,0],[-3,-1],[-1,1],[-1,0],[-1,-1],[0,-1],[-1,-1],[0,-1],[-3,2],[-1,2],[-2,2],[2,0],[0,2],[-1,1],[0,3]],[[510,763],[0,-1]],[[510,762],[-1,0],[-1,1],[2,2],[-2,2],[0,2],[-1,0],[-1,1],[-1,2],[0,1],[2,1],[1,0],[-1,4],[-2,0],[0,1],[1,2],[0,1],[-2,2],[-2,1],[0,-1],[-3,1]],[[499,785],[0,4],[2,2],[1,0],[2,3],[3,0],[0,5],[1,0],[0,3],[-1,1],[3,3],[2,4],[2,0],[2,4],[0,4],[1,2],[0,2],[1,2],[5,0],[8,-3],[1,-1],[0,-1],[2,-2],[0,1],[-1,1],[2,2],[1,2],[-2,2],[1,1],[2,3],[0,2],[1,1],[1,2],[1,1],[-1,1],[2,2],[1,3],[0,2],[1,0],[1,1],[0,3],[-1,-1],[-1,0],[0,1],[-2,0],[-1,-1],[-1,1],[-3,0],[-1,-1],[-3,0],[0,-1],[-1,-1],[-1,0],[-1,-1],[-2,1],[0,1],[-2,0],[-1,1],[0,4],[1,3],[0,1],[2,2],[-2,0],[-4,2],[-2,2],[-3,0],[-1,-2],[-1,1],[0,1],[-1,2],[1,1],[1,0],[0,2],[-1,0],[-5,3],[3,3],[-2,4],[-1,1]],[[512,904],[0,-1],[3,0],[6,-1],[3,-1],[1,1],[0,-1],[-1,-2],[0,-1],[-1,-2],[0,-1],[-1,0],[0,-1],[2,0],[0,1],[1,0],[0,3],[1,1],[0,2],[5,5],[1,0],[2,3],[2,2],[1,0],[6,3],[5,0],[4,2],[3,3],[0,2],[1,0],[1,1],[0,2],[1,1],[1,0],[1,2],[1,0],[0,1],[-1,1],[1,1],[1,0],[3,1],[1,1],[20,-3],[11,-1],[20,-3]],[[135,835],[-1,0],[0,-4],[-3,-1],[-1,0],[0,1],[-1,0],[-1,1],[-1,-1],[0,-2],[-1,1],[-1,-1],[-1,0],[0,-2],[-1,0],[0,-2],[-1,-1],[0,-1],[-1,0],[1,-1],[2,0],[-1,-1],[0,-3],[-2,0],[-1,-2],[0,-1],[-2,-1],[-3,0],[-1,-1],[0,-1],[-1,0],[-1,-1],[0,-1],[-1,0],[-1,-1],[0,-2],[1,-1],[1,0],[0,-1],[1,0],[0,-4],[1,0],[1,-1],[0,-2],[2,0],[0,-3],[1,-1],[0,-1],[2,0],[0,-1],[-2,-1],[-1,1],[-2,0],[-1,-1],[-2,-1],[-1,1],[-3,1],[1,-2],[-1,-3],[-1,-1],[-2,0]],[[105,787],[0,-1]],[[105,786],[0,-1],[-1,0],[0,-3],[-2,0],[0,-2],[1,-1],[3,0],[1,-1],[2,0],[1,-2],[2,0],[0,1],[3,-3],[1,1],[0,-4],[2,0],[2,2],[0,1],[1,2],[2,0],[4,3],[0,-5],[1,-1],[1,1],[1,0],[1,-2],[-1,0],[0,-1],[1,0],[1,-1],[1,-3],[1,-1],[5,-1],[4,4],[0,1],[1,-1],[2,2],[3,0],[1,-1],[0,-1],[-1,0],[1,-2],[1,0],[2,1],[2,-1],[1,1],[1,2],[1,0],[1,-1],[-2,-3],[-1,0],[-4,-4],[0,-1],[1,0],[-3,-3],[-3,0],[0,-1],[1,0],[-1,-3],[0,-5],[-1,-1],[1,0],[0,-1],[-1,0],[0,-4],[-2,0],[-2,-1],[-3,0],[0,-2],[-3,-1],[0,-1],[-1,0],[-1,-2],[1,-1],[0,-2],[-1,-1],[1,-1],[1,0],[0,-1],[-1,0],[-1,-1],[1,-2],[1,1],[1,0],[0,-2],[-1,-1],[-4,0],[-1,1],[-2,1],[-3,1],[-4,-1],[-1,1],[-5,0],[-3,-6],[1,-2],[0,-1],[3,0],[1,1]],[[118,719],[0,1]],[[118,720],[1,0],[3,-2],[0,-1],[1,-1],[0,-1],[1,-1],[0,-1],[-3,0],[0,-3],[-1,-2],[0,-1],[-1,0],[-1,1],[-3,-4],[0,-1],[-1,-2],[-3,0],[0,-1],[-1,0],[-1,1],[0,-1],[-1,-1],[-1,0],[0,6],[1,2],[0,1],[-2,2],[-2,1],[-1,1],[1,0],[0,1],[1,2],[-4,0],[-3,-1],[-1,1],[0,1],[-2,0],[-2,1],[-1,1],[0,-1],[-1,2],[2,0],[1,2],[0,3],[-1,3],[-2,2],[-1,0],[-1,1],[-1,0],[0,2],[-1,1],[0,-1],[-1,-1],[-1,-2],[-3,0],[0,-1],[-1,-1],[0,1],[-7,-1],[-3,0],[-2,-2],[-1,1],[-2,0],[-4,4],[-3,1],[-1,-3],[0,-1],[-1,0],[-1,-1],[1,-2],[1,-1],[0,-1],[1,-1],[-1,-1],[-1,0],[0,-6],[-1,0],[-2,-1],[1,0],[2,-2],[2,1],[1,0],[1,-1],[-1,-1],[0,-1],[2,-2],[-1,-1],[1,-1],[0,-1],[-1,-3],[1,-3],[0,-2],[1,0],[-2,-3],[0,-2],[-1,-2],[-3,-3],[1,-3],[0,-3],[1,-1],[0,-2],[4,-2],[0,-2],[-1,-1],[0,-1],[-2,2],[-3,-1],[0,-5],[-1,-1],[-1,0],[0,-1],[-1,-1],[1,0],[1,-1],[0,-1],[-3,0],[-1,-2],[1,-2],[1,-1],[-3,-3],[0,-1],[-2,0],[-1,-2],[0,-3],[-1,-1],[1,-1],[-1,-1],[-1,-2],[-2,0],[-1,-2],[-2,0],[-2,-1],[0,-3],[-2,-1],[-1,0],[-1,-1],[0,-1],[-2,0],[0,-1],[-2,-3]],[[31,630],[0,1],[-2,2],[-4,6],[-1,1],[-1,2],[-3,2],[-3,1],[-1,1],[-3,2],[0,1],[-4,4],[-1,0],[-2,1],[-4,1],[-1,0],[-1,1],[0,3],[2,3],[1,1],[1,2],[-1,2],[0,1],[-1,2],[0,8],[2,1],[1,2],[3,1],[1,1],[2,0],[1,1],[5,4],[0,1],[2,2],[2,1],[1,1],[2,6],[1,2],[0,3],[1,3],[0,2],[-1,2],[0,2],[-1,1],[1,2],[0,3],[2,1],[1,1],[0,2],[1,2],[1,0],[1,1],[0,1],[1,1],[0,1],[1,0],[-1,3],[-2,0],[-1,3],[0,2],[-1,1],[1,1],[0,2],[-1,3],[-1,1],[0,4],[-1,2],[0,1],[-1,1],[0,2],[-1,4],[1,2],[0,2],[-2,0],[0,7],[-2,1],[-1,0],[-1,3],[0,3],[-1,1],[0,2],[1,1],[0,9],[-3,3],[0,4],[-1,1],[0,1],[1,1],[0,1],[-1,1],[0,1],[-1,1],[3,0],[1,1],[0,2],[-1,1],[-1,0],[1,1],[0,2],[1,1],[2,-2],[1,-2],[7,-7],[3,-1],[3,0],[2,-1],[2,0],[4,-4],[1,-3],[2,-4],[2,-2],[0,6],[1,0],[1,1],[0,1],[1,1],[-1,1],[-1,0],[0,1],[-3,0],[0,1],[-1,1],[-2,1],[0,5],[1,5],[0,4],[1,0],[0,1],[1,0],[1,-1],[1,1],[1,0],[1,1],[0,7],[-1,2],[1,1],[0,1],[1,1],[-1,1],[0,-2],[-1,0],[-2,-2],[1,-1],[0,-1],[-1,-1],[-1,1],[0,4],[1,0],[0,1],[-1,2],[-4,2],[-4,0],[-3,1],[-4,0],[0,3],[1,1],[0,2],[-1,-1],[0,-1],[-1,0],[-1,1],[0,-1],[-2,0],[-2,-2],[2,-2],[-1,0],[-1,-1],[-3,2],[-2,0],[-2,-1],[-1,0],[-1,2],[0,2],[-1,0],[3,-6],[4,2],[1,-1],[3,-1],[1,0],[1,1],[2,0],[0,-2],[-1,0],[0,-1],[-3,-1],[-2,-1],[-2,-2],[-1,1],[-1,-1],[-4,2],[-4,4],[-1,2],[-1,0],[0,6],[-1,1],[0,1],[-1,0],[3,3],[5,-2],[0,-1],[-1,-1],[0,-1],[2,2],[0,1],[3,0],[3,-1],[5,1],[3,1],[1,1],[1,0],[0,1],[4,3],[2,2],[9,4],[6,2],[6,3],[1,1],[0,-1],[3,0],[0,1],[1,0],[0,-2],[-6,-3],[-1,0],[0,-4],[-1,-3],[1,-3],[-2,-2],[-1,-3],[-1,0],[-2,-1],[-1,-3],[0,-2],[-1,-1],[1,-3],[0,1],[1,1],[0,4],[2,2],[0,1],[1,0],[1,1],[1,2],[1,0],[0,1],[3,3],[2,-1],[0,-2],[1,0],[0,2],[1,2],[0,4],[1,0],[0,1],[-1,1],[0,3],[1,1],[2,0],[1,1],[0,3],[-1,0],[-2,-1],[-3,0],[0,-1],[-1,0],[-1,1],[1,0],[8,3],[8,2],[11,5],[5,2],[3,1],[1,0],[8,3],[2,1],[5,2],[1,1],[1,0],[2,1],[3,1],[7,1]],[[126,883],[0,-1],[-2,-2],[-1,-2],[0,-2],[2,-2],[0,-1],[-2,-2],[0,-2],[1,0],[3,1],[1,0],[3,-1],[1,-4],[1,-1],[-2,-1],[0,-2],[-2,-2],[0,-1],[1,0],[0,-1],[-1,-3],[1,-4],[-1,-2],[2,0],[1,-1],[2,-1],[0,-2],[-2,-1],[-1,-1],[0,-2],[2,-2],[1,0],[1,-1],[0,1],[1,0],[0,-1],[-1,-2]],[[65,754],[-4,0],[-1,1],[-1,0],[3,3],[0,1],[1,1],[-1,0],[-2,-2],[-2,0],[0,3],[1,1],[-1,2],[0,1],[-1,0],[0,6],[-1,1],[0,3],[-1,1],[-2,0],[0,-1],[-2,0],[0,1],[-6,0],[-1,1],[-1,-1],[0,-1],[1,-1],[1,0],[1,-1],[0,-2],[-2,-1],[-1,0],[-1,-1],[0,1],[-3,0],[-1,-1],[-2,0],[-1,1],[-1,-1],[0,1],[-2,0],[0,-3],[2,-2],[0,-2],[1,-1],[-1,-1],[-2,0],[4,-2],[0,-1],[-1,-1],[0,-1],[1,0],[0,-2],[-1,0],[1,-2],[1,0],[2,-1],[1,0],[1,-1],[0,-1],[2,0],[2,-1],[1,-1],[-1,0],[-2,-2],[-2,-3],[4,-2],[1,0],[0,2],[1,0],[0,1],[1,2],[1,0],[1,2],[3,0],[2,-2],[3,1],[1,0],[0,-2],[2,-2],[2,-1],[1,1],[0,1],[1,0],[3,-3],[0,2],[-2,2],[-2,0],[-1,3],[-2,1],[2,2],[1,0],[1,-1],[-1,2],[2,1],[-1,2]],[[63,849],[0,-1],[-2,0],[-2,-1],[-1,0],[0,3],[1,1],[0,2],[3,-1],[1,-1],[0,-2]],[[60,846],[-1,0],[0,1],[1,-1]],[[41,800],[-1,0],[1,1],[0,-1]],[[740,767],[-3,-1],[-8,-2],[0,-1],[1,-2],[-1,0],[0,-1],[-2,-2],[-3,0],[-1,-1],[-2,0],[0,-1],[-3,0],[-2,1],[-2,-2],[0,2],[-1,0],[-3,-1],[-5,-3],[-1,-1],[-4,-3],[-1,-1],[0,-1],[-2,-2],[-3,-1],[-1,-1],[-1,0],[-1,-1],[-3,3],[-3,1],[-1,0],[-2,-1],[-2,1],[-1,0],[-2,-2],[0,-3],[1,-1],[-1,-1],[0,1],[-1,-1],[0,-1],[-1,1],[-2,0],[0,-1],[-3,-3],[-2,2],[-3,1],[-5,1],[0,-2],[-2,1],[-1,0],[0,-2],[-2,0],[0,-2],[-2,-3]],[[653,731],[-1,-1],[0,-1],[-1,-1],[-4,0],[0,-2],[-3,-1],[-1,1],[-1,-1],[0,-2],[-1,0],[-2,1],[0,-1],[-1,0],[-2,2],[-3,0],[-2,2],[-4,-6]],[[627,721],[-3,4],[-3,-2],[-1,-1],[-1,1],[0,2],[-2,-2],[-3,1],[-1,1],[-1,0],[-1,1],[-1,2],[0,3],[1,0],[0,4],[-2,2],[-1,0],[-2,1],[0,2],[-1,0],[-1,1],[1,3],[0,4],[1,1],[-1,0],[0,1],[1,2],[1,3],[1,0],[0,1],[-2,2],[-1,0],[0,4],[-1,1],[4,3],[1,0],[2,1],[1,2],[1,1],[-2,1],[-2,0],[0,4],[-1,0],[0,-1],[-1,-1],[-1,2],[0,2],[-2,1],[-1,0],[-1,2],[0,1],[-1,2],[-2,3],[0,2],[-1,1],[-1,2],[1,1],[0,1],[2,0],[0,1],[1,3],[-2,2],[1,3],[0,3],[-3,0],[0,2],[2,1],[1,2],[3,0],[-2,2],[-2,0],[-1,1],[0,1],[-1,1],[1,1],[3,0],[0,2],[2,0],[0,-1],[1,0],[0,1],[-2,1],[-2,2],[0,3],[-1,3],[-1,1],[1,2],[4,2],[1,4],[-4,1],[0,-1],[-1,1],[0,1],[-2,1],[0,1],[-1,1],[1,3],[0,1],[1,1],[1,0],[0,2],[1,0],[1,2],[2,-1],[1,0],[1,-1],[1,1],[-2,3],[-1,0],[-1,1],[-1,2],[0,1],[-1,2],[0,3],[1,0],[0,1],[-1,0],[0,1],[-1,1],[-1,0],[0,1],[-1,0],[-1,2],[0,1],[-1,1],[-1,-1],[0,2],[-1,-1],[-1,0],[-1,1],[-1,0],[1,1],[-1,1],[0,1],[-1,2],[-3,0],[-2,2],[0,2],[-1,1],[-2,0],[-1,2],[1,1],[-1,1],[1,0],[1,2],[0,1],[1,-1],[3,1],[0,2],[1,1],[1,-2],[1,-1],[0,-1],[2,-1],[1,1],[0,1],[2,0],[1,-1],[1,-2],[2,1],[0,4],[6,1],[1,0],[0,-2],[3,1],[4,-2],[1,1],[0,1],[1,0],[0,-1],[3,-1],[1,1],[1,0],[1,3],[0,2],[-2,0],[1,2],[4,0],[0,-1],[2,0],[-1,3],[-4,3],[-4,2],[-4,1],[1,3],[0,8],[2,1],[1,0],[3,4],[-1,3],[0,2],[-1,1]],[[617,925],[3,-1],[17,-3],[7,0],[4,-1],[1,-1],[2,1],[4,0],[12,-2],[7,-1],[7,0],[12,-2],[7,0],[2,-1],[5,-1],[6,-1],[3,1],[2,-1],[5,1],[3,-1],[3,0],[1,-2],[8,2],[3,-1]],[[595,866],[0,1],[1,0],[0,-1],[-1,0]],[[766,354],[2,-4],[-2,-2],[0,-2],[1,-3],[0,-7],[-1,-3],[1,-3],[1,-4],[0,-2],[2,-6],[-1,-3],[3,-4],[0,-3]],[[772,308],[-1,-3],[0,-1],[-1,-2],[-1,-1],[0,-2],[1,-2],[-1,-2],[-1,-1],[0,-3],[-1,-1],[-1,-2],[-1,0],[-1,-1],[0,-2],[-1,-1],[0,-3],[-1,1],[-1,0],[0,1],[-1,0],[-1,-1],[0,-1],[-1,0],[-2,-2],[-3,-4],[-1,-1],[0,-3],[-1,0],[0,-3],[-1,0],[0,-1],[-2,-2],[-2,-4],[-1,-1],[0,-1],[-2,0],[0,1],[-3,0],[-2,-1],[-1,-1],[-1,0],[-2,-2],[-3,-1],[-1,0],[0,-5],[-5,-4],[-3,0],[-3,-1],[-5,-4],[-1,-2],[0,-1],[-2,0],[0,-2],[-1,-1],[-2,0],[0,-2],[-1,-1],[-1,0]],[[706,232],[-2,-1],[0,-3],[-1,-1],[-1,1],[0,2],[-2,1],[-2,0],[-1,-1],[0,-1],[-3,0],[-1,-2],[0,-1],[-2,-1],[-4,0],[-1,-1],[-1,1],[-5,0],[0,-2],[-1,-1],[-2,0],[-2,1],[-2,-2],[-2,0],[-1,-1],[0,-2],[-1,0],[-2,2],[-3,0],[-1,-1],[0,-1],[-4,-4],[-1,-2],[1,-1],[-1,-1],[-1,0],[-1,-1],[0,-1],[-2,0],[0,-2]],[[654,206],[-3,0],[-1,1],[0,-1],[-1,1],[0,-1],[-1,-1],[-1,1],[-1,0],[0,-1],[-1,0],[-1,-1],[0,-1],[-2,0],[0,2],[-2,0],[0,-1],[-1,-1],[-3,0],[-2,1],[-1,1],[0,-1],[-1,0],[0,1],[-1,-1],[-4,0],[0,3],[-3,0],[-1,1],[0,2],[2,2],[-1,0],[-3,3],[0,1],[-1,0],[-1,1],[2,2],[1,0],[-1,1],[-1,0],[0,3],[-1,0],[0,1],[-2,2],[-2,0],[0,1],[1,1],[0,1],[-1,1],[0,1],[4,0],[1,1],[-2,2],[0,3],[-1,0],[-1,1],[0,1],[-1,1],[0,3],[-1,0],[-2,1],[0,2],[1,3],[0,2],[-1,0],[-1,1],[0,1],[-3,0],[0,2],[-2,0],[0,1],[-2,-1],[-1,0],[-1,-1],[-3,1],[0,-1],[-2,0],[-2,1],[0,1],[-1,0],[0,1],[-1,1],[-2,0],[0,-1],[-2,0],[-1,1],[-2,1],[-3,1],[0,-1],[-2,-2]],[[581,257],[-2,0],[-2,1],[0,2],[-1,3],[-2,0],[-2,1],[-2,2],[-5,0],[0,2],[2,0],[0,1],[3,3],[1,3],[1,2],[2,0],[1,-1],[1,1],[1,2],[1,1],[-1,1],[-2,-1],[-1,1],[-2,0],[-3,2],[1,1],[-1,1],[3,0],[0,2],[1,1],[0,2],[-1,-1],[-1,0],[0,2],[-1,1],[-3,0],[0,3],[-1,0],[0,-1],[-3,0],[-1,-1],[-5,3]],[[557,296],[1,0],[-1,1],[0,4],[1,0],[0,1],[1,1],[0,-1],[1,-1],[2,1],[0,1],[1,0],[0,1],[1,0],[1,1],[0,1],[-1,1],[0,4],[1,0],[1,-2],[1,-1],[1,1],[0,2],[1,1],[-1,2],[-1,1],[-4,2],[-2,2]],[[561,319],[3,3],[0,1],[1,3],[2,0],[2,2],[1,2],[1,1],[-1,2],[-1,0],[0,4],[3,6],[0,2],[1,1],[-1,1],[1,2],[1,1],[2,-3],[3,-1],[1,-2],[1,0],[1,-1],[0,-3],[6,-4],[0,1],[1,1],[1,2]],[[590,340],[2,-1],[1,1],[1,0],[0,-1],[4,0],[-3,-3],[1,0],[0,-1],[2,-1],[1,-2],[1,-1]],[[600,330],[0,1]],[[600,331],[1,-1],[1,1],[0,1],[1,-1],[0,-1],[1,0],[2,-2],[2,-3],[0,-3],[-1,0],[-1,-2],[0,-1],[5,0],[0,-1],[2,0],[0,1],[1,-1],[1,0],[0,-1],[1,-1],[0,-2],[1,-2],[1,-1],[0,-3],[3,-3],[0,1],[1,0],[2,-1],[2,-3],[1,0],[1,-1],[-1,-1],[0,-2],[1,0],[0,1],[4,-1],[0,-1],[1,-1],[2,-1],[1,0],[1,-1],[0,-2],[2,-2],[1,1],[1,0],[0,-2],[2,-2],[1,0],[0,-2],[4,0],[2,-1],[0,-2],[-1,-1],[1,-1],[1,0],[0,-2],[1,-2],[0,-3],[-1,-1],[-2,-1],[-1,-2],[2,-2],[0,-1],[1,0],[3,-2],[0,1],[1,0],[0,1],[1,1],[4,1],[1,-1],[0,-3],[2,-1],[1,2],[1,1],[1,0],[0,4],[-1,1],[1,0],[1,1],[0,5],[1,3],[2,-1],[3,1],[0,4],[1,0],[2,-1],[3,0],[2,2],[0,1],[2,0],[2,-1],[0,-6],[2,0],[0,-2],[1,0],[0,2],[1,2],[1,-1],[1,1],[1,-1],[0,-1],[4,1],[0,-1],[1,1],[2,0],[2,2],[0,4],[-1,0],[0,3],[1,0],[-1,1],[-1,0],[0,4],[1,0],[2,-1],[0,2],[-1,1],[1,1],[0,2],[-1,2],[-1,0],[-1,1],[0,4],[1,2],[0,2],[-1,0],[0,2],[1,-1],[1,0],[3,1],[4,-1],[1,0],[0,1],[1,0],[0,1],[1,0],[0,2],[2,0],[0,3],[1,0],[0,-1],[3,2],[1,0],[0,1],[3,0],[1,1],[0,1],[3,0],[0,1],[1,-1],[-1,-1],[0,-1],[1,0],[0,1],[1,1],[4,-1],[0,-3],[1,1],[1,-1],[-1,0],[0,-1],[-1,-1],[2,-2],[1,0],[1,-2],[1,1],[1,0],[0,1],[1,1],[1,0],[1,2],[0,1],[1,-1],[1,0],[0,4],[1,2],[-1,0],[0,1],[1,0],[1,2],[2,0],[-1,1],[1,0],[0,2],[1,0],[-1,3],[-2,2],[2,4],[1,0],[2,1],[-1,1],[1,1],[1,-1],[2,0],[0,2],[1,2],[1,0],[0,2],[-2,0],[-4,7]],[[748,353],[0,1],[-1,1]],[[747,355],[-1,0]],[[746,355],[4,0],[0,-1],[2,1],[1,0],[1,-1],[1,-3],[1,-2],[1,0],[1,1],[2,-1],[1,-1],[0,1],[2,0],[0,2],[1,1],[0,1],[-1,0],[1,1],[2,0]],[[565,309],[0,1],[-1,-1],[1,0]],[[664,266],[0,0]],[[898,563],[2,-2],[3,1]],[[903,562],[2,-2],[0,-5],[-1,-1],[1,-2],[6,-2],[2,1],[2,0],[0,-1],[1,-1],[5,0],[1,-1],[0,-1],[1,0],[1,1],[1,-1],[0,-1],[-1,-1],[1,-1],[1,0],[0,0],[1,-1],[2,1],[0,1],[2,0],[0,-2],[2,1],[2,0],[0,-1],[-1,0],[0,-1],[-1,0],[1,-3],[2,0],[1,-3],[2,-1],[0,-2],[1,-1],[0,1],[1,1],[3,-1],[2,-1],[0,-2],[2,-2],[1,0],[0,-2],[1,0],[0,-1],[-1,0],[1,-1],[-1,-1],[1,-1],[1,-2],[0,-5],[2,-1],[0,-2],[-2,-2],[0,-2],[-3,-3],[0,-1],[1,0],[0,-2],[-1,0],[0,-1],[-2,-2],[1,-2],[0,-1],[1,-1],[-1,-1],[0,-2],[-2,0],[1,-1],[0,-4],[-1,0],[0,-2],[1,0],[1,-1],[1,-2],[1,-3],[-1,-1],[0,-2],[-1,0],[-1,-1],[0,-1],[-2,0],[0,-1],[-1,-1],[-2,0],[-3,-3],[0,-1],[-1,-1],[1,-1],[1,0],[1,-1],[0,-3],[1,0],[-1,-1],[0,-5],[-1,-1],[0,-10],[1,-1],[0,-2],[1,-1],[0,-1],[1,-1],[0,-2],[-1,-1],[0,-2],[2,-1],[1,0],[0,1],[1,-1],[1,0],[1,-3],[-1,-1],[0,-1],[1,0],[0,-1],[1,-2],[2,0],[1,1],[1,-1],[0,-2],[-1,0],[-2,-3],[1,-1],[2,-1],[1,0],[0,-2],[-1,0],[1,-2],[1,0],[0,-1],[1,-1],[0,-1],[-1,0],[-1,-1],[0,-5],[-1,0],[-2,-2],[0,-2],[-2,-4],[1,-1],[0,-2],[1,-1],[-1,-1],[4,0],[3,-2]],[[825,464],[0,1],[1,1],[1,2],[1,0],[1,2],[-2,2],[0,2],[-1,0],[-1,2],[0,2],[-2,2],[-1,0],[-2,1],[2,3],[0,2],[-1,0],[0,1],[1,1],[-1,1],[1,2],[0,-1],[2,0],[0,-1],[2,0],[1,1],[2,-1],[2,-2],[1,0],[2,4],[0,3],[1,-1],[2,-1],[2,2],[2,0],[1,-1],[1,0],[0,1],[-1,0],[0,7],[-1,0],[-1,1],[1,1],[0,1],[1,1],[0,2],[2,2],[2,-1],[1,1],[1,-1],[0,5],[-1,2],[0,2]],[[847,517],[1,2],[2,0],[1,1],[0,1],[1,3],[-1,1],[0,2],[-1,2],[5,5],[0,-2],[2,-1],[1,-1],[2,0],[1,-1],[0,-1],[1,-1],[1,-2],[1,1],[2,1],[3,0],[0,-1],[1,-1],[1,0],[0,1],[1,-1]],[[872,524],[0,1]],[[872,525],[3,-1],[1,2],[-1,1],[-1,2],[0,2],[1,1],[4,0],[1,-1],[2,2],[-1,1],[-1,0],[-1,1],[-1,2],[1,1],[3,2],[1,1],[0,2],[5,0],[0,1],[1,-1],[3,0]],[[892,543],[-1,0]],[[891,543],[-2,2],[-1,2],[0,4],[3,3],[2,0],[0,1],[1,2],[1,0],[1,1],[-1,1],[3,4]],[[183,692],[0,-5],[-1,-1],[0,-4],[1,-1],[-1,-1],[1,-1],[0,-2],[1,-2],[1,-1],[0,-1],[-1,-1],[1,0],[0,-3],[-1,-2],[0,-1],[1,-2],[0,-1],[-2,0],[1,-1],[0,-2],[-2,0],[0,-2],[-2,-2],[-1,1],[-2,-1],[0,-4],[2,-1],[1,0],[1,-3],[-1,0],[0,-1],[2,-4]],[[182,643],[0,-5],[-2,0],[0,-1],[-2,-1],[-3,0],[-4,-2],[-2,1],[-1,0],[-2,-1],[2,-4],[0,-2],[-1,-1],[-1,0],[0,1],[-1,-5],[1,-1],[1,-2],[-1,0],[0,-1],[1,-2],[1,0],[0,-2],[1,0],[1,-1],[0,-4],[1,-1],[0,-1],[2,-1],[0,-1],[-2,-2],[1,-2],[1,-1],[2,0],[-1,-1],[0,-1],[2,-2],[0,-5],[1,-2],[-2,-1],[0,-1],[-1,0],[-1,1],[0,-1],[-1,-1],[-2,2],[0,2],[-2,-2],[0,-1],[1,-2],[1,0],[1,-2],[0,-2],[2,0],[1,-1],[3,-1],[0,-2],[-1,0],[0,-4],[-1,-1],[0,-1],[1,-1],[-1,-2],[1,0],[0,-3],[-1,0],[0,-3]],[[63,525],[-2,4],[-3,1],[-1,0],[-1,3],[0,3],[-1,2],[1,1],[2,3],[0,2],[-1,1],[-1,2],[2,2],[1,2],[0,3],[-2,3],[-2,1],[-3,0],[-1,1],[-2,1],[-2,0],[-1,2],[-1,1],[0,2],[1,0],[0,1],[-1,2],[-1,1],[0,3],[-1,0],[0,6],[-2,3],[1,3],[0,4],[2,1],[1,0],[3,4],[1,1],[0,1],[2,2],[0,2],[-2,1],[0,1],[-1,2],[0,2],[1,2],[0,1],[1,1],[1,2],[0,1],[-2,1],[0,1],[-2,4],[-3,2]],[[44,620],[1,2],[1,0],[4,3],[0,1],[2,0],[2,-2],[-1,-1],[1,0],[3,-1],[3,0],[2,2],[0,2],[1,2],[1,0],[0,1],[1,1],[2,3],[0,8],[-1,1],[1,1],[1,0],[0,2],[1,1],[1,0],[2,1],[0,2],[2,0],[0,3],[-1,1],[0,2],[1,1],[1,0],[-1,1],[0,1],[2,0],[1,-1],[0,-1],[2,2],[0,1],[-1,1],[-1,0],[-1,1],[2,4],[1,1],[1,0],[0,-1],[1,-1],[1,0],[1,-1],[0,-1],[1,0],[1,-1],[0,-2],[1,0],[0,-1],[2,1],[0,1],[1,0],[2,1],[0,-1],[1,-1],[0,-1],[2,-1],[1,-1],[11,5],[1,0],[8,4],[1,-1],[0,1],[4,2],[0,1],[-2,4],[-2,1],[0,4],[2,0],[5,-2],[3,3],[0,2],[2,0],[1,2],[3,1],[2,0],[2,1],[5,2],[0,1],[2,0],[0,-2],[1,-2],[1,0],[1,-1],[2,0],[2,-1],[1,0],[1,1],[3,2],[2,0],[1,-1],[2,0],[4,2],[1,2],[-1,2],[2,2],[1,2],[0,1],[-1,1],[2,0],[1,1],[0,3],[4,2],[-1,2],[0,1],[3,1],[2,0],[1,1],[0,-1],[3,0],[4,-1],[0,-2],[2,-2],[0,-1],[-1,-2],[0,-3],[-1,0],[-2,-2]],[[176,593],[-1,1],[0,-1],[1,0]],[[864,918],[1,-2],[0,-2],[-1,-1],[-1,0],[0,-1],[1,0],[0,-2],[-1,-1],[0,-1],[1,-1],[-2,-2],[-2,2],[-3,-3],[-3,-1],[-1,1],[-4,1],[-1,-2],[-2,-2],[-3,0],[0,-1],[-1,0],[-1,-1],[0,-1],[-1,1],[-2,-1],[0,-3],[-1,0],[0,-2],[-1,0],[0,1],[-2,-1],[1,-1],[-2,-1],[0,-1],[1,-1],[1,0],[1,-1],[-1,0],[0,-1],[1,-1],[0,-1],[1,0],[0,-1],[2,-2],[0,-1],[1,0],[0,-1],[3,0],[0,1],[1,1],[0,-2],[3,-5],[1,0],[0,-1],[1,-1],[-2,-2],[-2,-1],[0,-5],[2,-1],[1,0],[4,-3],[0,-3],[2,-2],[0,-4],[2,-2],[0,-1],[1,-1],[3,-2],[3,-3],[0,-10],[-3,-4],[-2,-2],[0,-5],[-1,-2],[-2,-5],[-2,-1],[-2,0],[-2,-1],[0,1],[-2,0],[0,-2],[-1,-4],[-2,0],[0,1],[-1,0],[0,1],[-2,-2],[-5,-4],[-4,0],[0,-5],[1,-1],[-3,0],[-1,1],[0,2],[-2,0],[-2,-2],[-1,0],[-3,-2],[-1,-1],[0,-1],[-2,-1],[0,-1],[-2,-1],[-1,0],[-2,-1],[0,-1],[-4,-4],[-1,0],[0,-1],[-1,0],[0,-1],[-1,0],[-1,-2],[-1,0],[-5,-4]],[[799,778],[-1,-1],[-2,0],[0,-1],[-3,0],[-2,-1],[-1,0],[0,-2],[-1,-2],[-1,-1],[-1,0],[0,1],[-1,2],[-2,1],[-1,-1],[-3,-1],[-3,0],[0,-2],[-1,-1],[-1,0],[0,-3],[-2,-2],[-2,-1],[-4,2],[-3,2],[-2,0],[-8,2],[-1,-1],[-3,-1],[-3,0]],[[747,767],[-2,0]],[[745,767],[-5,0]],[[740,767],[0,1],[-1,1],[-1,0],[0,-1],[-1,1],[-3,0],[-1,1],[0,1],[-1,0],[0,1],[-1,0],[-1,3],[0,3],[-2,10],[-1,0],[-1,1],[1,3],[0,2],[2,0],[4,-1],[0,4],[-1,0],[0,5],[-1,1],[1,2],[0,1],[-1,0],[0,2],[2,0],[1,1],[3,0],[0,3]],[[737,814],[0,-2]],[[737,812],[2,0]],[[739,811],[0,1]],[[739,812],[1,0],[1,-1],[1,0],[3,3],[2,1],[1,-1],[0,-1],[2,-3],[3,-2],[4,13],[-3,0],[0,1],[1,0],[0,3],[2,1],[1,0],[0,2],[1,1],[-2,4],[0,1],[3,3],[-3,1],[-1,-1],[-1,1],[-3,-3],[-2,0],[-1,1],[-2,-1],[-1,-1],[0,-1],[-1,0],[-1,1],[-2,0],[-2,-1],[-2,-2],[-1,1],[0,1],[-1,1],[-1,-1],[0,2],[-1,1],[-1,2],[0,2],[-1,0],[0,1],[-1,1],[0,1],[-1,1],[-1,0],[-1,2],[3,3],[2,1],[1,1],[0,1],[1,1],[2,1],[2,0],[1,2],[0,9],[-1,1],[1,0],[2,2],[0,2],[-2,2],[-1,0],[-1,5],[1,0],[0,1],[2,0],[-1,2],[0,1],[3,0],[0,3],[-1,1],[-1,3],[2,1],[2,0],[0,4],[-1,1],[0,-1],[-2,0],[0,3],[-1,0],[-2,2],[0,3],[1,2],[1,0],[1,1],[0,1],[-1,1],[0,2],[-1,1],[1,1],[0,1]],[[741,911],[2,1],[16,0],[40,2],[8,1],[1,-1],[8,0],[2,1],[16,1],[4,0],[9,1],[3,0],[3,1],[11,0]],[[734,840],[-1,1],[0,-1],[1,0]],[[440,956],[2,-6],[1,-2],[-1,-1],[0,-3],[-1,0],[1,-2],[1,-3],[-1,-2],[0,-2],[1,0],[0,-1],[1,-2],[0,-1],[2,-2],[4,-3],[4,0],[0,-1],[1,0],[1,-2],[3,-3],[1,0],[8,-2],[1,-1],[5,-1],[1,-1],[3,0],[2,1],[0,1],[1,1],[0,-1]],[[956,390],[0,-2],[1,-1],[0,-4],[2,-2],[0,-1],[-1,0],[1,-1],[0,-1],[1,0],[2,-2],[1,0],[0,-1],[2,-1],[1,-1],[0,-2],[1,0],[0,-1],[2,0],[1,-1],[1,0],[0,-5],[-1,0],[0,-1],[1,-3],[-1,-1],[1,0],[1,-3],[1,0],[1,-1],[1,0],[1,-1],[0,-5],[1,0],[0,-1],[-1,-1],[1,-1],[0,-2],[-1,0],[0,-1],[2,0],[2,-2],[1,-2],[0,-3],[1,-2],[0,-1],[2,-2],[0,-1],[2,-2],[1,0],[2,-3],[2,-2],[2,0],[1,-1],[0,-1],[2,0],[0,-1],[2,0],[1,-1],[0,-1],[-1,-2],[-4,-2],[-5,0],[0,1],[-1,-1],[-1,1],[-3,0],[-1,-2],[-2,-3],[0,-6],[2,-1],[2,0],[2,-1],[0,-1],[-1,0],[0,-1],[1,-1],[0,-4],[2,-1],[3,0],[0,-1],[-1,-1],[1,-1],[-1,-2],[0,-2],[1,0],[1,-1],[0,-5],[1,-1],[0,-13],[-3,-10],[-1,-3],[0,-2],[-2,-5],[-2,-1],[-1,-1],[0,-1],[-1,-2],[-6,0],[-1,-1],[-6,0],[-6,-1],[-6,-2],[-2,-1],[-2,-2],[-1,-3],[0,-2],[-1,-2],[-2,-2],[-2,0],[-1,-1],[0,-2],[-1,0],[-1,-1],[-3,-5],[0,-1],[-4,-2]],[[939,214],[0,1],[-1,1],[-2,0],[0,2],[-1,1],[0,1],[1,1]],[[936,221],[1,0],[-1,1],[0,-1]],[[936,221],[-1,1],[-1,0],[-2,-1],[-2,2],[-4,0],[-1,-1],[2,6],[1,2],[-1,1],[-1,0],[0,1],[-1,1],[-2,1],[-1,0],[0,2],[1,0],[-1,1],[-1,0],[0,1],[1,1],[1,0],[0,1],[-2,1],[-1,-1],[-2,-1],[-3,-3],[-4,-2],[-1,-1],[-3,3],[0,1],[-4,2],[-3,-5],[-1,0],[-2,-3],[-3,-4],[-1,0],[-2,-2],[-1,-2],[-2,-3],[-2,0],[-1,1],[-6,0],[-4,1],[-2,0],[-2,-1],[-2,1],[-2,0],[0,1],[-7,0],[-2,-1],[-1,-1],[-1,0],[-4,1],[-1,0],[-2,1]],[[849,223],[-3,1],[0,3],[1,1],[4,1],[1,0],[0,1],[2,0],[0,2],[-2,-1],[-3,1],[-2,0],[-1,-1],[-1,0],[-2,1],[-5,0],[0,-1],[-2,-1],[-1,0],[0,1],[-2,0],[0,1],[-3,2],[0,3],[-1,1],[0,1],[-2,0],[-1,-1],[-1,0],[0,1],[1,4],[4,0],[0,2],[1,0],[0,2],[-1,0],[1,1],[-1,1],[0,1],[2,0],[0,-1],[4,0],[0,2],[1,-1],[0,-2],[2,0],[1,2],[1,0],[0,1],[2,1],[0,1],[-3,0],[-2,-1],[-2,1],[0,1],[4,0],[2,1],[0,3],[-4,0],[0,4],[-1,0],[-1,1],[1,2],[2,0],[0,3],[-2,3]],[[837,271],[0,1],[2,-1],[1,0],[4,1],[3,3],[2,3],[2,2],[2,0],[0,3],[-2,1],[-1,0],[0,5],[-1,0],[0,1],[-3,3],[3,2],[1,0],[0,2],[-1,1],[1,1],[2,3],[1,0],[-1,2],[-2,2],[-1,2],[-1,0],[0,1],[-1,2],[-1,0],[0,2],[-1,1],[-2,0]],[[912,399],[1,2],[0,3],[4,0],[2,-2],[2,1],[3,0],[3,1],[1,0],[2,-2],[1,0],[0,3],[1,1],[3,-2],[1,-2],[-1,0],[0,-4],[3,-1],[2,-1],[0,-3],[3,0],[1,-3],[0,-1],[1,0],[0,-1],[2,-1],[3,1],[0,1],[4,0],[2,1]],[[842,250],[-1,0],[0,-1],[1,1]],[[175,563],[0,-1],[-1,-1],[0,-1],[-1,0],[-1,-2],[0,-1],[1,-1],[0,-5],[-1,-1],[0,-1],[1,-2],[0,-5],[1,0],[1,-1],[0,-5],[-3,-3],[-1,0],[0,-2],[2,-3],[2,0],[4,-2],[0,-1],[1,2],[0,1],[1,0],[3,-1],[0,-1],[2,-1],[0,-1],[1,-1],[0,-1],[-1,0],[0,-3],[-2,0],[0,-5],[2,-1],[0,1],[2,-2],[0,-2],[5,-1],[3,2],[2,2],[1,-1],[2,-6],[-1,-1],[0,-4],[1,-1],[-1,0],[0,-1],[-1,0],[-1,-2],[-1,0],[0,-2],[2,1],[4,-1],[1,-1],[0,-1],[2,0],[0,1],[1,-2],[0,-1],[1,0],[4,4],[0,1],[1,0],[1,-1],[1,1],[3,-2],[2,-1],[2,0],[0,-1],[-1,0],[0,-1],[3,-3],[2,-1],[-1,-1],[2,0],[0,-1],[-1,-2],[1,-2],[0,-1],[-1,-1],[0,-2],[3,0]],[[229,477],[-1,-1],[-1,-2],[-2,0],[0,-3],[-2,-2],[0,-1],[1,-1],[-1,-2],[-1,0],[0,-1],[-2,-2],[-3,0],[0,-2],[-2,0],[-1,-1],[0,-3],[-1,1],[-1,2],[-1,1],[-2,1],[1,1],[-1,1],[0,1],[-2,1],[-2,-1],[-2,0],[0,1],[1,3],[1,5],[-1,-1],[-4,0],[0,1],[-1,0],[-3,1],[-1,0],[0,1],[-1,1],[-4,0],[0,4],[-5,0],[0,-1],[-1,-1],[0,-2],[1,-1],[3,0],[-2,-1],[-2,0],[0,-2],[1,-2],[-1,0],[-1,-1],[0,-1],[-3,0],[0,-1],[-1,0],[-1,-1],[-1,1],[-2,-2],[-1,1],[-1,-4],[1,-1],[0,-1],[-1,0],[-1,-1],[-1,0],[0,-2],[1,-1],[0,-1],[1,0],[0,-1],[-1,-1],[-2,-1],[0,-3],[-1,-3],[0,-6],[-5,0],[-3,-3],[-3,0],[0,-4],[1,-2]],[[85,404],[1,2],[-1,1],[-1,0],[0,5],[-1,0],[1,1],[0,2],[-1,1],[2,0],[0,2],[-3,5],[-2,0],[0,1],[-1,1],[-2,0],[-1,1],[0,-1],[-1,0],[-1,1],[-1,0],[-2,2],[-2,1],[-2,2],[-3,0],[-1,1],[-3,1],[0,4],[-1,0],[0,1],[1,2],[0,2],[2,2],[2,1],[0,3],[-1,1],[0,7],[-1,2],[-1,0],[0,2],[-1,0],[-3,3],[-2,3],[-1,1],[-1,2],[0,2],[1,1],[-1,0],[0,5],[-2,2],[-2,1],[-1,0],[-1,2],[0,4],[1,0],[0,1],[1,0],[-1,1],[1,1],[1,0],[3,3],[0,1],[1,1],[0,1],[1,0],[2,1],[0,3],[1,1],[0,2],[1,1],[0,1],[1,1],[-2,2],[0,3],[1,0],[1,3],[-1,1],[1,1],[0,1],[1,0],[0,1],[1,1],[0,5],[1,0],[0,2]],[[63,525],[2,2],[1,0],[0,-2],[2,1],[-1,1],[0,2],[1,1],[-1,1],[0,1],[1,0],[1,1],[-1,2],[0,2],[3,2],[1,0],[2,-1],[0,-2],[2,1],[0,2],[-1,1],[0,1],[1,1],[0,1],[1,1],[-1,2],[0,3],[7,0],[1,1],[2,1],[2,0],[0,-1],[2,1],[0,1],[1,-1],[1,0],[1,2],[3,0],[0,-1],[1,1],[1,0],[1,1],[1,0],[0,-1],[2,1],[1,0],[0,1],[-1,1],[0,1],[2,2],[1,-1],[0,-1],[5,5],[-3,3],[1,1],[2,1],[1,0],[0,2],[-1,2],[0,1],[1,0],[1,2],[1,1],[0,2],[3,0],[0,1],[2,0],[0,-1],[1,0],[3,-1],[0,2],[4,0],[1,-1],[3,0],[1,1],[0,-1],[1,0],[1,-1],[0,-1],[2,1],[2,0],[0,-1],[1,0],[4,-1],[1,0],[1,-1],[0,-1],[5,0],[1,-2],[0,-2],[1,1],[1,-1],[0,-2],[3,-1],[2,-1],[0,-1],[1,0],[4,1],[2,2],[3,2],[3,0],[2,-2],[0,-2],[-1,-1],[-1,0],[0,-1],[3,0],[2,1]],[[144,573],[1,1],[0,-1],[-1,0]],[[440,956],[0,-2],[-3,-2],[-1,0],[-2,1],[-1,-1],[-1,0]],[[432,951],[0,1]],[[432,952],[-2,0],[-1,1],[0,-1],[-2,-2],[-2,-1],[0,-1],[2,0],[0,-1],[-3,-3],[1,-1],[-1,0],[-1,-1],[-1,-2],[2,0],[0,1],[3,-3]],[[427,937],[0,1]],[[427,938],[1,0],[0,-2],[2,-1],[1,-1],[-1,-1],[1,-1],[0,-1],[1,-1],[-1,-1],[0,-3],[2,0],[0,-1],[-3,-3],[0,-1],[1,-1],[0,-3],[1,0],[1,-1],[0,-2],[-1,-1],[2,-1],[1,-2],[0,1],[1,0],[0,2],[3,0],[1,-1],[0,-2],[3,0],[0,-2],[3,0],[1,-2],[0,-2],[2,-1],[1,0],[0,3],[4,1],[1,0],[0,2],[1,1],[1,0],[2,4],[2,0],[0,-1],[1,0],[4,2],[2,0],[1,-1],[1,-2],[2,-1],[0,-1],[1,-1],[2,0],[1,1],[2,-2],[0,-1],[1,-2],[0,-1],[1,0],[0,3],[-1,1],[0,1],[1,0],[0,6],[1,1],[0,1]],[[481,917],[1,0],[1,-1],[1,0],[0,-1],[1,0],[11,1],[5,0],[11,1],[7,2],[4,1],[5,1],[2,1],[1,1],[4,1],[0,1],[9,5],[1,1],[3,2],[1,1],[2,0],[-4,-4],[-2,-1],[-5,-4],[-1,0],[-5,-2],[-2,-1],[-1,-1],[-3,-2],[-1,0],[-6,-3],[-8,0],[-1,-1],[-3,-1],[0,-2],[2,0],[0,-2],[1,0],[0,-2],[-1,-1],[0,-2],[1,0],[0,-1]],[[512,904],[-1,-2],[1,0],[1,-1],[2,-1],[1,-2],[0,-2],[2,-1],[0,-3],[1,-1],[-1,-1],[0,-1],[-3,-1],[-1,0],[-3,-3],[0,-2],[1,0],[0,-1],[-2,-4],[-2,-2]],[[508,876],[0,2],[-1,3],[-1,-1],[-2,0],[-1,1],[-1,0],[-1,-2],[0,2],[-5,0],[-1,1],[-1,-1],[-1,0],[-2,2],[0,2],[-2,1],[-3,1],[-2,-2],[-1,0],[0,1],[-2,0],[-1,-1],[-1,0],[-1,-2],[-1,1],[-2,0],[-1,-1],[-2,-1],[-2,1],[-1,-2],[0,-1],[-2,0],[0,2],[-7,0],[-3,-1],[-1,0],[-1,1],[-1,-1],[0,-1],[-2,0],[0,-1],[-2,1],[-1,0],[0,-2],[-2,-1],[-1,0],[0,-2],[-1,-1],[-4,0],[0,1],[-1,0]],[[440,875],[0,-1]],[[440,874],[0,3],[-1,1],[0,-1],[-4,0],[-1,-1],[-3,1],[-5,0],[-3,2],[-1,1],[-3,0]],[[353,990],[8,3],[6,1],[1,0],[10,3],[3,1],[2,0],[6,1],[30,0],[3,-2],[1,-2],[1,0],[9,-6],[1,0],[4,-3],[2,-2],[8,-4],[5,-3],[6,-5],[3,-2],[6,-6],[1,-2],[0,-3],[-1,-1],[-1,0],[-1,1],[0,1],[-1,0],[-1,1],[0,2],[-1,2],[-1,1],[-1,2],[-6,6],[-3,2],[-1,1],[-3,2],[-1,1],[-7,4],[-1,0],[-1,1],[-4,2],[0,1],[-2,0],[-2,2],[-1,0],[-2,-4],[0,-1],[-1,-1],[0,-3],[1,-1],[1,0],[5,-5],[0,-7],[1,-1],[-1,-1],[0,-2],[4,0],[0,0],[0,-2],[1,-1],[0,-2],[1,-2],[1,-1]],[[912,399],[-3,-3],[-1,0],[0,-3],[-1,0],[-1,-2],[1,0],[-1,-1],[1,-1],[1,0],[0,-1],[-1,-2],[-1,1]],[[906,386],[0,1]],[[906,387],[-1,-1],[0,1],[-4,0],[-1,-2],[0,-2],[-5,0],[-1,1],[-1,-1],[-3,-1],[2,-2],[0,-1],[-1,-1],[-1,0],[-1,-1],[0,-9],[3,0],[0,-1],[-2,0],[0,-2],[-1,-1],[2,0],[1,-1],[-1,0],[0,-1],[-1,0],[0,-3],[1,0],[-3,-2],[-3,1],[0,2],[-2,1],[-1,0],[-1,1],[-2,0],[-1,1],[-1,-2],[-3,-7],[-1,0],[0,-3],[1,-1],[0,-1],[1,-1],[0,-2],[5,0],[0,-3],[-1,-1],[-1,0],[0,-1],[-1,-1],[0,-2],[-4,-2],[-3,2],[-2,0],[-1,-1],[-1,1],[-1,-1],[0,-1],[-1,0],[0,-3],[-1,-2],[1,0],[1,-1],[-1,-1],[-2,0],[0,-2],[-1,0],[0,-2],[1,-1],[0,-2],[1,-1],[-3,0],[0,1],[-5,0],[0,-1],[1,0],[0,-1],[-3,-4],[-1,1],[-2,1],[-3,-3],[-2,0],[-1,1],[-1,-2]],[[843,314],[-3,1],[-2,1],[1,2],[1,1],[-1,1],[0,6],[-2,1],[0,-1],[-1,0],[-1,-1],[-2,1],[0,2],[-1,-1],[-1,1],[-1,0],[-1,1],[2,0],[0,1],[1,1],[1,2],[0,3],[-1,-1],[-2,2],[0,2],[-3,2],[-3,1],[-1,3],[0,3],[-1,1],[-1,2],[-2,-1],[-2,1],[0,-2],[-1,-1],[-13,0],[-1,2],[5,0],[0,4],[1,1],[1,2],[-2,0],[1,1],[0,6],[-3,0],[-2,1],[0,3],[-2,0],[-1,1],[-2,-1],[-1,1],[0,2],[2,1],[1,0],[0,1],[2,2],[-1,0],[0,2],[1,2],[-1,1],[-2,-1],[0,1],[1,1],[-1,1],[2,3],[1,0],[0,2],[1,0],[4,1],[2,-1],[3,1],[2,0],[2,2],[-2,2],[-1,0],[0,2],[1,1],[0,1],[-1,1],[-1,0],[-2,2],[2,1],[2,2],[0,1],[-2,2],[0,2],[1,1],[1,2],[0,1],[1,1],[0,3],[-2,1],[-2,-1],[-2,0],[0,1],[1,1],[-4,4],[-1,2],[-1,3],[0,1],[2,1],[1,0],[0,2]],[[807,431],[0,-1]],[[807,430],[2,0],[2,-1],[0,1],[1,1],[-1,2],[-1,0],[0,4],[-2,1],[0,1],[-2,2],[0,1],[-2,0],[0,3],[1,1],[0,-2],[1,0],[1,1],[-1,0],[1,1],[2,0],[0,1],[-1,1],[-1,0],[-1,1],[0,1],[-1,2],[-1,1],[0,2],[3,-2],[1,1],[3,-1],[0,-1],[3,-1],[0,3],[1,0],[0,3],[2,0]],[[817,458],[0,-1]],[[817,457],[0,-2],[1,0],[0,-1],[1,-1]],[[819,453],[0,-1]],[[819,452],[0,3],[3,0],[0,2],[3,6],[0,1]],[[825,464],[2,0],[2,-1],[1,-1],[3,-1],[0,-1],[4,-4],[2,0],[0,-1],[3,0],[0,-1],[4,-4],[0,-2],[2,-1],[1,0],[2,-4],[1,1],[1,0],[3,-2],[1,-1],[0,-1],[4,-1],[2,-1],[0,-7],[6,0],[0,1],[1,1],[3,0],[0,5],[3,-1],[0,-1],[1,-1],[4,-3],[3,0],[2,-1],[-1,-1],[2,-2],[-1,-1],[-1,0],[0,-2],[1,0],[0,-2]],[[886,422],[0,1]],[[886,423],[-1,0],[0,1],[-1,-2],[-2,0],[1,-2],[-1,-1],[1,-3],[0,-1],[2,-1],[2,2],[0,1],[3,-3],[0,-1],[-1,0],[1,-1],[1,1],[0,1],[1,-1],[-1,-2],[0,-1],[1,0],[2,-2],[-1,0],[1,-1],[0,-2],[1,0],[0,-1],[2,2],[0,-1],[1,0],[0,-1],[1,1],[0,-1],[1,0],[0,1],[1,0],[0,1],[1,-1],[-1,-1],[1,-1],[2,0],[2,-1],[2,-4],[4,1]],[[277,374],[-2,2],[0,1],[2,1],[2,-2],[1,0],[1,1],[2,1],[1,-1],[2,0],[1,-1],[0,-3],[1,0],[0,1],[1,0],[0,-1],[1,-1],[3,-2],[1,0],[1,1],[0,1],[2,0],[2,-1],[1,1],[0,1],[2,0],[0,-6],[-1,-2],[0,-1],[3,-3],[0,-2],[-1,-1],[0,-1],[-1,-1],[-4,0],[-2,-4],[1,-1],[0,-1],[-2,0],[-1,1],[0,1],[-1,-1],[0,-1],[-2,0],[-1,1],[0,-2],[-2,1],[0,2],[-1,-1],[-1,0],[0,1],[-1,-1],[-2,0],[-1,1],[0,2],[-2,2],[-1,0],[0,3],[-3,0],[-1,-1],[-2,1],[0,1],[-1,1],[-2,0],[0,1],[1,0],[-2,2],[0,2],[-1,0],[0,2],[1,0],[1,1],[-1,1],[0,3],[5,0],[1,1],[2,0]],[[285,840],[-3,0],[0,1],[-2,0],[-1,1],[0,1],[-1,0],[-1,1],[-3,2],[0,1],[-1,0],[0,1],[2,0],[0,2],[-1,2],[-1,0],[-2,1],[0,2],[-1,0],[0,1],[-1,0],[0,1],[-1,-1],[0,-1],[-1,0],[0,-2],[1,0],[-1,-1],[-1,1]],[[266,853],[0,1],[1,3],[-1,0],[0,1],[-1,2],[1,1],[0,4],[1,1],[1,0],[0,2],[-1,1],[-1,0],[0,4],[1,0],[0,3],[-1,1],[-1,-1],[0,3],[-1,0],[0,3],[-2,2],[0,2],[-1,0],[-1,1],[0,4],[-1,0],[0,1],[-1,1],[2,1],[0,2],[1,0],[0,-1],[1,1],[2,1],[4,1],[2,0],[3,3],[0,4],[-1,4],[-1,1],[-2,0],[-1,1],[1,1],[0,5],[-1,1],[0,1],[2,0],[1,1],[1,0],[0,1],[-1,3],[0,2],[-1,0],[-1,1],[1,2],[1,1],[0,1],[-1,1],[-1,2],[0,2]],[[269,937],[0,-1]],[[269,936],[-1,0],[0,2],[-1,0],[-1,1],[-3,0],[-1,2],[-1,3],[0,2],[1,0],[-2,2],[-2,3],[-1,2]],[[257,953],[6,0],[6,3],[3,1],[3,0],[7,4],[5,4],[2,3],[3,3],[3,1],[10,5],[1,1],[1,0],[3,2],[1,1],[2,0],[7,2],[1,1],[1,0],[14,2],[17,4]],[[353,990],[1,-2],[1,1],[4,0],[0,-4],[1,-1],[1,0],[1,-1],[1,0],[1,-1],[0,-1],[-1,0],[-1,-1],[0,-2],[1,-1],[2,-1],[0,-4],[1,0],[0,-2],[3,0],[0,-1],[-1,-3],[0,-6],[-2,1],[-2,0],[1,-3],[1,-1],[2,-4],[1,-1],[1,1],[1,-1],[0,-1],[-1,0],[0,-5],[-1,-1],[0,-1],[3,0],[1,-1],[0,-1],[1,-1],[0,-1],[1,-1],[0,-1],[-2,0],[-1,-2],[-1,-1],[1,-3],[3,-6],[-3,-1],[-1,1],[-2,1],[-3,-1],[0,-3],[1,-1],[-1,-1],[0,-2],[-2,-1],[-1,-1],[-1,0],[-1,-1],[0,-4],[-1,-1],[-2,0],[-1,-2],[1,-1],[0,-1],[1,-1],[-1,-1],[0,-2],[1,-1],[0,-1],[-1,-1],[0,-1],[-2,-2],[1,0],[1,-1],[0,-2],[1,0],[0,-2],[-1,-1],[-1,-2],[1,0],[-1,-2],[2,3],[1,1],[2,-2],[-1,-1],[2,-2],[1,1],[0,1],[3,-2]],[[356,886],[0,0]],[[356,888],[-1,-1],[1,0],[0,1]],[[159,431],[1,0],[0,-1],[3,0],[2,-1],[0,-1],[3,0],[0,-2],[1,-1],[1,0],[2,-4],[0,-1],[-1,0],[-2,-1],[0,-7],[3,-3],[-1,-1],[0,-3],[-1,-2],[-1,0],[0,-1],[-5,-5],[0,-3],[1,-2],[1,0],[-1,-1],[0,-1],[-1,0],[0,-2],[-1,0],[-1,-1],[0,-1],[-1,-1],[1,-2],[1,-1],[-1,-1],[0,-1],[1,0],[0,1],[2,1],[3,3],[-1,0],[0,1],[1,1],[2,-1],[1,0],[3,-1],[1,0],[3,-1],[2,-2],[-1,-1],[0,-1],[1,0],[2,-1],[0,-1],[1,-1],[3,0],[1,1],[-1,0],[-1,2],[5,0],[1,1],[2,-1],[0,-1],[-1,-1],[1,-1],[0,-2],[-3,-3],[0,-2],[-1,-1],[1,0],[0,-2],[1,0],[0,-4],[1,-1],[1,0],[1,1],[0,-3],[2,-1],[2,2],[2,0],[0,1],[1,2],[1,1],[2,0],[0,-1],[1,0],[1,-1],[1,-2],[-1,-1],[2,0],[0,1],[1,1],[1,-1],[0,-1],[1,-1],[0,1],[1,1],[2,0],[1,1],[0,-1],[1,0],[1,1],[2,4],[1,1],[2,1],[1,-1],[1,0],[0,-2],[1,0],[1,-1],[5,0]],[[231,364],[2,-3],[1,-1],[0,-1],[1,-2],[-2,-1],[-1,0],[-1,-1],[-1,1],[-1,-2],[-1,0],[-2,-2],[-2,1],[0,2],[-2,-1],[-1,-1],[0,-1],[-1,-1],[0,-1],[1,-2],[0,-1]],[[221,347],[-2,-1],[0,-2],[-2,1],[-1,0],[-2,-1],[0,-1],[-3,0],[0,1],[-1,0],[-1,1],[-2,0],[0,-3],[1,0],[-1,-5],[-1,-1],[-2,0],[0,-1],[-1,-1],[1,-1],[1,-2],[0,-1],[1,-2],[1,-1],[0,-2],[-1,-1],[1,0],[0,-4],[-2,-1],[-3,0],[-1,-1],[-2,-1],[-1,0],[-1,1],[-1,0],[0,-1],[-1,0],[0,-3],[-1,-2],[1,0],[1,-1],[-1,0],[-1,-1],[0,-4],[1,0],[0,-2],[1,0],[1,-2],[1,-1],[-1,-1],[0,-1],[3,-6],[2,0],[2,-1],[1,-1],[0,-1],[-1,-2],[-3,0],[0,-1],[-3,0],[0,-3]],[[198,284],[-1,0],[0,-1],[-4,-4],[0,-4],[-2,1],[-2,-3],[-1,2],[-2,0],[0,1],[3,3],[-2,2],[0,5],[-1,1],[0,1],[-2,1],[-2,0],[-2,-1],[-1,0],[-3,-1],[-1,-1],[-2,0],[0,4],[-2,4],[-1,1],[0,3],[-1,2],[-3,0],[0,-1],[-1,-1],[-2,0],[-2,-1],[-4,0],[-1,1],[-1,2],[-4,1],[-2,1],[0,1],[-1,1],[-8,0],[-2,2],[-3,0],[-3,3],[-2,0],[-1,-3],[-2,-2],[-3,0],[1,2],[-1,2],[0,1],[1,0],[-1,1],[1,2],[-1,2],[-4,4],[-2,0],[-3,5],[0,1],[-1,4],[0,3],[1,0],[0,1],[1,1],[0,2],[-1,1],[0,2],[-2,1],[-1,0],[-1,1],[0,2],[-3,-1],[-1,-1],[0,-1],[-1,0],[-1,1],[0,4],[-1,2],[0,-1],[-2,-1],[-1,-1],[0,-2],[-3,0],[-1,1],[0,1],[1,0],[0,1],[-3,0],[0,1],[-1,0],[-1,1],[0,-2],[-2,0],[0,2],[-2,0],[0,-1],[-1,-1],[-2,0],[-2,-4],[2,-1],[1,0],[1,1],[0,-1],[1,-2],[0,-5],[-1,-2],[-2,-1],[1,-1],[0,-2],[1,0],[-1,-1],[0,-1],[1,-4],[-1,0],[-4,-2],[-3,2],[-2,1],[0,-1],[-2,0],[-1,1],[-1,-1],[-4,0],[-1,1],[1,2],[0,1],[2,1],[0,1],[3,3],[0,1],[2,2],[0,2],[1,3],[1,1],[0,3],[1,1],[1,2],[0,2],[1,1],[0,1],[1,2],[1,1],[0,3],[1,1],[0,2],[1,1],[0,1],[-1,1],[1,2],[1,1],[0,7],[1,1],[0,4],[1,1],[-1,0],[0,1],[1,1],[-1,1],[1,0],[0,2],[1,1],[0,1],[1,1],[-1,0],[0,2],[1,0],[0,6],[-2,1],[0,1],[-1,2],[-1,1],[-2,3],[0,3],[-1,1],[1,0]],[[85,404],[4,0],[-1,2],[1,3],[3,1],[3,0],[1,2],[0,3],[2,0],[2,1],[5,5],[2,0],[0,-2],[1,-1],[1,0],[2,1],[1,0],[3,-3],[1,0],[0,-1],[1,-1],[2,0],[0,-1],[1,-1],[0,4],[1,3],[0,4],[4,0],[0,1],[-1,1],[0,4],[1,0],[0,1],[1,2],[1,1],[1,-1],[0,-1],[1,1],[2,0],[3,-1],[0,-1],[2,0],[0,2],[10,-9],[1,-1],[-1,-2],[-1,0],[1,-1],[1,0],[2,2],[0,1],[1,0],[0,1],[1,0],[0,1],[1,0],[1,-1],[0,3],[1,0],[0,1],[1,1],[0,2],[2,0],[0,1],[2,0]],[[419,880],[0,-3],[-1,-1],[0,-1],[4,0],[-1,-2],[-1,-1],[-1,-2],[1,0],[1,-1],[0,-1],[1,-1],[0,-1],[-1,-2],[-2,0],[-2,-2],[-2,0],[0,-1],[1,-1],[-1,-1],[0,-1],[1,0],[-1,-1],[-1,-2],[3,0],[1,1],[1,0],[1,-1],[1,-2],[0,-1],[-3,0],[-1,-1],[0,-1],[-4,-2],[-1,1],[-2,-2],[-2,0],[0,-1],[-2,0],[0,2],[1,0],[-4,1],[-3,-2],[0,-2],[-1,0],[0,-1],[-1,0],[-1,-1],[1,-2],[2,-3],[0,-1],[-1,0],[-1,1],[-2,0],[0,-1],[-1,0],[0,-1],[-1,-2],[0,-2],[1,-1],[0,-1],[-1,0],[0,1],[-1,-1],[2,-3],[3,0],[1,-1],[-1,-1],[-2,-1],[0,-1],[-2,-2],[0,-3]],[[394,818],[-1,-1],[-1,-2],[0,-1],[-1,-2],[0,-1],[-1,-2],[-4,0],[-1,1],[-1,0],[0,1],[-2,0],[-1,1],[-1,0],[-1,1],[-2,0],[-4,2],[0,-2],[1,-1],[1,-3],[1,0],[1,-1],[-1,-1],[0,-1],[-2,0],[0,-1],[-2,-2],[-3,0],[-2,-2],[-1,0],[0,1],[-2,3],[-1,-1],[0,-2],[-1,0],[0,-1],[-1,0],[0,-2],[-1,-1],[0,-1],[-2,-4],[0,-4],[2,0],[0,-2],[-5,-1],[-1,1],[-1,0],[-1,-1],[1,-1],[1,0],[0,-2],[-1,-1],[-1,0],[0,2],[-1,0],[-4,3],[-1,-2],[-2,-1],[-3,0],[-1,2],[-1,1],[0,1],[-1,2],[-1,0],[0,-1],[-1,0],[-3,-1],[-2,0],[-1,-2],[-1,-1],[0,-1],[-1,-2],[0,-1],[1,-2],[0,-2],[-1,-1],[-1,-2],[0,-2],[-1,0],[0,-3]],[[326,769],[-1,1],[-2,0],[-1,-1],[-1,1],[-1,0],[0,1],[-1,0],[0,1],[-1,1],[-1,0],[1,1],[-1,1],[-1,0],[-1,1],[-2,1],[0,-1],[-8,0],[-2,-1],[-1,1],[-2,1],[-4,1],[-2,-2],[-1,-2],[-3,-1],[-2,1],[-1,-1],[0,2],[-1,0],[0,1],[1,0],[0,3],[-2,1],[-1,-1],[-2,-1],[0,2],[-1,2],[0,3],[-1,0],[-1,2],[-1,1],[1,0],[-2,2],[0,2],[-1,0],[1,1],[0,2],[-1,2]],[[276,797],[-1,6],[-1,5],[0,2],[-1,0],[0,3],[3,2],[1,0],[1,2],[1,0],[1,1],[1,4],[0,1],[-1,-1],[-2,0],[0,3],[-1,1],[-2,1],[-1,0],[0,3],[-1,1],[1,0],[0,2],[1,1],[1,0],[0,1],[1,-1],[0,1],[1,0],[4,-1],[0,1],[2,0],[0,1],[1,4]],[[285,840],[0,3],[1,1],[2,0],[0,3],[-1,2],[3,2],[2,-1],[1,1],[3,1],[1,-1],[0,-1],[2,0],[-1,1],[-1,2],[0,1],[1,2],[0,1],[1,1],[2,-2],[4,2],[0,-1],[-1,0],[1,-1],[0,-1],[2,-1],[1,-1],[2,0],[0,-3],[-1,-1],[1,-2],[2,-2],[0,-1],[2,-4],[0,-1],[-1,0],[0,-2],[3,-3],[3,6],[1,1],[0,1],[3,3],[1,0],[0,-1],[1,1],[1,-2],[1,-1],[2,1],[1,1],[1,0],[1,-1],[2,0],[0,-1],[2,1],[0,1],[1,0],[0,3],[1,3],[0,1],[1,1],[1,0],[0,1],[3,0],[0,1],[1,0],[0,3],[1,1],[0,3],[3,0],[3,-1],[2,4],[0,9],[2,0],[0,-2],[1,0],[0,-1],[1,1],[0,2],[1,-1],[1,0],[1,1],[0,1],[-1,1],[0,5],[1,1],[1,2],[2,-1],[0,-1],[1,-1],[1,2],[0,3],[2,1]],[[367,886],[3,1],[0,1],[1,0],[2,1],[2,0],[3,-3],[2,1],[1,0],[1,1],[1,0],[2,2],[1,-1],[0,-3],[7,1]],[[394,886],[-1,1]],[[393,887],[0,1],[3,3],[1,-1],[2,0],[1,-1],[0,-1],[1,0],[2,2],[1,-1],[2,0],[3,-1],[0,-4],[4,0],[0,-1],[1,-2],[2,1],[1,0],[2,-2]]]}