{
"type": "FeatureCollection",
"name": "poland_nuts_2",
"crs": { "type": "name", "properties": { "name": "urn:ogc:def:crs:OGC:1.3:CRS84" } },
"features": [
{ "type": "Feature", "properties": { "index": 1559, "nuts_2_code": "PL21", "nuts_2_name": "Małopolskie" }, "geometry": { "type": "Polygon", "coordinates": [ [ [ 20.681552762797111, 50.205892233135131 ], [ 20.680073941426201, 50.212427794842057 ], [ 20.68336021113933, 50.216685812317778 ], [ 20.68976843707992, 50.216883859642238 ], [ 20.700941754104534, 50.217378977953359 ], [ 20.707021353073813, 50.224310634309191 ], [ 20.709814682329977, 50.227380367838208 ], [ 20.717866043127131, 50.228964746433817 ], [ 20.728710733180435, 50.231143267002793 ], [ 20.730518181522655, 50.235500308140743 ], [ 20.729367987123069, 50.238867112656436 ], [ 20.728053479237815, 50.242729035483251 ], [ 20.73068249500831, 50.252235307056964 ], [ 20.743827573860813, 50.259563058061701 ], [ 20.752864815571897, 50.264613264835234 ], [ 20.76781734276662, 50.268574211324278 ], [ 20.774718509164174, 50.277684388249085 ], [ 20.776361644020739, 50.279367790506925 ], [ 20.783920064360927, 50.286695541511662 ], [ 20.798708278069981, 50.290161369689571 ], [ 20.815632567092578, 50.284913115591593 ], [ 20.823355300918408, 50.279169743182479 ], [ 20.830420780801632, 50.273921489084486 ], [ 20.846687815881594, 50.277882435573531 ], [ 20.849316831652089, 50.287487730809474 ], [ 20.850467026051689, 50.291547700960749 ], [ 20.854574863193093, 50.295409623787563 ], [ 20.862297597018937, 50.295409623787563 ], [ 20.877414437699301, 50.295211576463103 ], [ 20.890066576094839, 50.303133469441207 ], [ 20.894667353693208, 50.306005155645764 ], [ 20.917999868656395, 50.300954948872231 ], [ 20.931144947508884, 50.298083262667674 ], [ 20.938210427392107, 50.300954948872231 ], [ 20.943468458933097, 50.307391486916927 ], [ 20.948726490474101, 50.314125095948299 ], [ 20.958585299613475, 50.316006545530598 ], [ 20.970415870580723, 50.314323143272759 ], [ 20.974030767265162, 50.313828024961623 ], [ 20.988326040517251, 50.314917285246111 ], [ 20.991283683259056, 50.315115332570556 ], [ 20.99194093720169, 50.315016308908341 ], [ 21.007879345310329, 50.312837788339365 ], [ 21.018888348849302, 50.315907521868368 ], [ 21.03006166587393, 50.319076279059615 ], [ 21.042220863812489, 50.31669971116618 ], [ 21.048629089753078, 50.315412403557247 ], [ 21.058816525863762, 50.316303616517274 ], [ 21.071468664259285, 50.322542107237524 ], [ 21.076069441857655, 50.32719621936215 ], [ 21.086256877968353, 50.337395656571445 ], [ 21.101866659105681, 50.338385893193703 ], [ 21.11402585704424, 50.339178082491514 ], [ 21.119119575099589, 50.345911691522886 ], [ 21.123556039212303, 50.351655063932014 ], [ 21.132264653952078, 50.354130655487666 ], [ 21.14655992720418, 50.35383358450099 ], [ 21.164305783655038, 50.343337076305019 ], [ 21.165127351083328, 50.340861484749354 ], [ 21.168249307310788, 50.332345449797913 ], [ 21.176629295079266, 50.330166929228938 ], [ 21.185173596333385, 50.335415183326916 ], [ 21.187966925589535, 50.345119502225089 ], [ 21.1896100604461, 50.351258969283109 ], [ 21.208834738267882, 50.354922844785477 ], [ 21.218036293464621, 50.340960508411584 ], [ 21.218364920435931, 50.335613230651376 ], [ 21.214750023751506, 50.330662047540073 ], [ 21.213928456323217, 50.329572787255586 ], [ 21.216064531636746, 50.324918675130945 ], [ 21.222637071063005, 50.310857315094836 ], [ 21.206698662954352, 50.306896368605791 ], [ 21.194868091987104, 50.304024682401234 ], [ 21.18500928284773, 50.297786191680984 ], [ 21.184352028905096, 50.294617434489751 ], [ 21.1828732075342, 50.286992612498338 ], [ 21.178272429935816, 50.280853145440318 ], [ 21.155268541943954, 50.264118146524098 ], [ 21.145738359775891, 50.25708746650605 ], [ 21.163648529712418, 50.246689981972295 ], [ 21.164798724112018, 50.245996816336714 ], [ 21.181558699648946, 50.241144656887641 ], [ 21.158554811657083, 50.237183710398597 ], [ 21.14869600251771, 50.235500308140743 ], [ 21.154118347544355, 50.229855959393859 ], [ 21.162005394855854, 50.22173601909131 ], [ 21.169235188224732, 50.206981493419619 ], [ 21.167263426396858, 50.173511495587178 ], [ 21.156418736343554, 50.154498952439766 ], [ 21.153296780116079, 50.149151674679558 ], [ 21.152475212687804, 50.147666319746165 ], [ 21.162169708341509, 50.14360634959489 ], [ 21.169235188224732, 50.140635639728103 ], [ 21.164141470169383, 50.136872740563504 ], [ 21.158226184685759, 50.135783480279017 ], [ 21.14968188343164, 50.134199101683407 ], [ 21.149188942974675, 50.129148894909875 ], [ 21.171699890509572, 50.123405522500761 ], [ 21.183530461476821, 50.120434812633974 ], [ 21.181394386163291, 50.114790463887076 ], [ 21.180079878278036, 50.111423659371397 ], [ 21.185173596333385, 50.104293955691105 ], [ 21.190103000903065, 50.097164252010828 ], [ 21.173507338851792, 50.091915997912849 ], [ 21.163812843198073, 50.088846264383832 ], [ 21.167756366853823, 50.081716560703555 ], [ 21.171206950052607, 50.079934134783485 ], [ 21.177122235536231, 50.076864401254468 ], [ 21.173343025366137, 50.070922981520894 ], [ 21.166113231997258, 50.067556177005216 ], [ 21.165291664568983, 50.06716008235631 ], [ 21.165455978054638, 50.066863011369634 ], [ 21.167920680339478, 50.063892301502847 ], [ 21.166770485939892, 50.06082256797383 ], [ 21.155432855429609, 50.056564550498109 ], [ 21.146066986747201, 50.053197745982416 ], [ 21.14540973280458, 50.050128012453413 ], [ 21.15001051040295, 50.04695925526218 ], [ 21.170714009595642, 50.038443220310725 ], [ 21.192896330159229, 50.029234019723702 ], [ 21.178272429935816, 50.012102926158576 ], [ 21.161841081370198, 50.006161506425002 ], [ 21.156418736343554, 50.004280056842703 ], [ 21.14968188343164, 49.994179643295638 ], [ 21.15083207783124, 49.977444644379432 ], [ 21.160197946513634, 49.96605692322342 ], [ 21.161512454398888, 49.95189653952508 ], [ 21.165620291540293, 49.945460001480384 ], [ 21.170221069138663, 49.943578551898085 ], [ 21.172685771423517, 49.936349824555577 ], [ 21.182708894048545, 49.927932813266352 ], [ 21.190595941360044, 49.930210357497558 ], [ 21.194046524558814, 49.931299617782045 ], [ 21.22805941608965, 49.928824026226394 ], [ 21.247612720882742, 49.930309381159788 ], [ 21.280804044985302, 49.926843552981865 ], [ 21.284747568641052, 49.92278358283059 ], [ 21.288033838354167, 49.910801719701226 ], [ 21.280804044985302, 49.89396769712279 ], [ 21.259936232306956, 49.884956543860213 ], [ 21.235124895972874, 49.885253614846889 ], [ 21.22674490820441, 49.885352638509119 ], [ 21.227895102603995, 49.864161574792718 ], [ 21.227895102603995, 49.862973290846 ], [ 21.227566475632685, 49.861884030561512 ], [ 21.22493745986219, 49.852575806312259 ], [ 21.253692319852021, 49.841188085156261 ], [ 21.26338681550574, 49.842574416427425 ], [ 21.283104433784487, 49.845347078969752 ], [ 21.297071080065265, 49.842871487414101 ], [ 21.314981250001793, 49.835939831058269 ], [ 21.318596146686218, 49.833167168515942 ], [ 21.323032610798947, 49.829701340338019 ], [ 21.329769463710846, 49.82801793808018 ], [ 21.337327884051035, 49.82613648849788 ], [ 21.345379244848189, 49.814748767341882 ], [ 21.339463959364565, 49.811877081137311 ], [ 21.33502749525185, 49.811183915501729 ], [ 21.334205927823561, 49.810985868177283 ], [ 21.333877300852251, 49.810490749866148 ], [ 21.331248285081756, 49.804846401119264 ], [ 21.309887531946444, 49.796627437154498 ], [ 21.301014603721015, 49.79702353180339 ], [ 21.290991481095986, 49.800588383643543 ], [ 21.279325223614393, 49.804846401119264 ], [ 21.271766803274204, 49.797518650114526 ], [ 21.26798759310411, 49.793755750949941 ], [ 21.266015831276235, 49.793359656301035 ], [ 21.250734677110216, 49.790091875447573 ], [ 21.241697435399118, 49.776129539073679 ], [ 21.258621724421701, 49.752660931126087 ], [ 21.26618014476189, 49.753255073099439 ], [ 21.281132671956613, 49.754542380708386 ], [ 21.291813048524261, 49.748699984637042 ], [ 21.3033149925202, 49.74978924492153 ], [ 21.311037726346044, 49.747412677028095 ], [ 21.318267519714908, 49.738995665738884 ], [ 21.317610265772288, 49.735727884885421 ], [ 21.316460071372688, 49.728796228529589 ], [ 21.325168686112477, 49.722755785133785 ], [ 21.329933777196501, 49.719388980618106 ], [ 21.327962015368627, 49.711467087640017 ], [ 21.325661626569442, 49.706812975515376 ], [ 21.321718102913692, 49.698395964226165 ], [ 21.331412598567411, 49.695425254359378 ], [ 21.333220046909631, 49.69601939633273 ], [ 21.338478078450621, 49.697603774928353 ], [ 21.348665514561304, 49.691959426181455 ], [ 21.347186693190409, 49.690375047585846 ], [ 21.3445576774199, 49.67146152810065 ], [ 21.34275022907768, 49.658786499335704 ], [ 21.347515320161719, 49.655716765806702 ], [ 21.356388248387148, 49.649874369735358 ], [ 21.362139220385117, 49.634228631103625 ], [ 21.344064736962935, 49.608482478924827 ], [ 21.343078856049004, 49.607888336951476 ], [ 21.331248285081756, 49.600560585946738 ], [ 21.327304761426007, 49.593034787617555 ], [ 21.331083971596101, 49.587687509857332 ], [ 21.348665514561304, 49.579072451243661 ], [ 21.369533327239651, 49.573131031510087 ], [ 21.379392136379025, 49.57025934530553 ], [ 21.368547446325707, 49.556297008931651 ], [ 21.359674518100277, 49.544711240451193 ], [ 21.366082744040867, 49.542631743544447 ], [ 21.38087095774992, 49.537680560433131 ], [ 21.388100751118799, 49.527976241534972 ], [ 21.38481448140567, 49.525599673641551 ], [ 21.383828600491739, 49.524807484343739 ], [ 21.392208588260203, 49.512924644876605 ], [ 21.399767008600392, 49.508864674725331 ], [ 21.403381905284832, 49.508765651063101 ], [ 21.407818369397546, 49.508567603738655 ], [ 21.410283071682386, 49.502527160342851 ], [ 21.410776012139351, 49.501437900058363 ], [ 21.4158697301947, 49.496882811595967 ], [ 21.42014188082176, 49.493317959755828 ], [ 21.402231710885232, 49.490050178902365 ], [ 21.390894080374949, 49.48797068199562 ], [ 21.391222707346273, 49.483217546208763 ], [ 21.399438381629082, 49.478662457746353 ], [ 21.407982682883201, 49.474008345621726 ], [ 21.410118758196731, 49.467769854901476 ], [ 21.400752889514322, 49.461036245870105 ], [ 21.393030155688493, 49.455589944447667 ], [ 21.392701528717168, 49.450341690349674 ], [ 21.397630933286862, 49.433804738757914 ], [ 21.374462731809331, 49.432616454811196 ], [ 21.365918430555212, 49.44034030046484 ], [ 21.365589803583902, 49.440637371451515 ], [ 21.353266292159688, 49.444499294278344 ], [ 21.346529439247774, 49.450341690349674 ], [ 21.344721990905555, 49.450341690349674 ], [ 21.34242160210637, 49.45093583232304 ], [ 21.337327884051035, 49.451331926971946 ], [ 21.331248285081756, 49.450341690349674 ], [ 21.323689864741567, 49.449945595700768 ], [ 21.321882416399347, 49.449450477389647 ], [ 21.316460071372688, 49.447866098794023 ], [ 21.302329111606255, 49.450341690349674 ], [ 21.286226390011947, 49.456778228394384 ], [ 21.276860521329553, 49.460442103896753 ], [ 21.26831622007542, 49.457273346705506 ], [ 21.267166025675834, 49.453609471203137 ], [ 21.26618014476189, 49.450341690349674 ], [ 21.26552289081927, 49.447370980482901 ], [ 21.258621724421701, 49.445984649211724 ], [ 21.240547240999518, 49.434398880731266 ], [ 21.235946463401149, 49.435191070029077 ], [ 21.233153134144999, 49.435785212002443 ], [ 21.22493745986219, 49.426476987753176 ], [ 21.225101773347845, 49.425684798455364 ], [ 21.226416281233085, 49.419446307735129 ], [ 21.208177484325248, 49.402513261494448 ], [ 21.204726901126477, 49.40340447445449 ], [ 21.201604944899003, 49.404196663752302 ], [ 21.190760254845699, 49.403107403467814 ], [ 21.180408505249346, 49.402117166845542 ], [ 21.179586937821071, 49.405483971361235 ], [ 21.178601056907141, 49.409147846863604 ], [ 21.156911676800519, 49.420535568019616 ], [ 21.151653645259515, 49.426873082402082 ], [ 21.133907788808642, 49.433606691433468 ], [ 21.121912904355739, 49.435389117353537 ], [ 21.119612515556554, 49.43222036016229 ], [ 21.11402585704424, 49.424595538170877 ], [ 21.103838420933556, 49.4261799167665 ], [ 21.097265881507312, 49.428358437335476 ], [ 21.095294119679437, 49.429051602971057 ], [ 21.07311179911585, 49.424991632819783 ], [ 21.055201629179322, 49.421327757317414 ], [ 21.048300462781768, 49.416574621530572 ], [ 21.053722807808413, 49.405384947699005 ], [ 21.062431422548201, 49.402810332481138 ], [ 21.066210632718295, 49.401721072196651 ], [ 21.067360827117881, 49.399641575289891 ], [ 21.069332588945755, 49.395383557814171 ], [ 21.084120802654809, 49.388451901458339 ], [ 21.084285116140478, 49.388352877796109 ], [ 21.104167047904866, 49.376371014666759 ], [ 21.102030972591336, 49.37429151776 ], [ 21.094965492708127, 49.36646864844414 ], [ 21.090200401624102, 49.365082317172977 ], [ 21.086092564482684, 49.365082317172977 ], [ 21.075083560943725, 49.36023015772389 ], [ 21.066210632718295, 49.364884269848517 ], [ 21.052243986437517, 49.363200867590677 ], [ 21.051093792037918, 49.363894033226259 ], [ 21.048629089753078, 49.365379388159653 ], [ 21.044192625640363, 49.365181340835193 ], [ 21.033676562558355, 49.358447731803821 ], [ 21.009522480166893, 49.344485395429942 ], [ 21.008207972281653, 49.339138117669719 ], [ 21.008043658795998, 49.338345928371922 ], [ 21.006236210453778, 49.334186934558417 ], [ 20.99654171480006, 49.330622082718278 ], [ 20.989640548402491, 49.328047467500397 ], [ 20.988818980974216, 49.322601166077959 ], [ 20.990790742802091, 49.318640219588914 ], [ 20.993584072058241, 49.313292941828706 ], [ 20.986518592175031, 49.30655933279732 ], [ 20.979946052748787, 49.307945664068484 ], [ 20.971730378465963, 49.309629066326337 ], [ 20.962528823269224, 49.307747616744038 ], [ 20.940182189219982, 49.300122794752625 ], [ 20.938210427392107, 49.299429629117043 ], [ 20.931966514937173, 49.297251108548068 ], [ 20.923750840654364, 49.29626087192581 ], [ 20.922272019283454, 49.300221818414855 ], [ 20.904854789803892, 49.314877320424316 ], [ 20.905676357232167, 49.318145101277779 ], [ 20.906169297689146, 49.320422645508984 ], [ 20.902554401004707, 49.323591402700217 ], [ 20.894010099750588, 49.324680662984704 ], [ 20.890066576094839, 49.322898237064635 ], [ 20.882343842268995, 49.319432408886726 ], [ 20.877250124213646, 49.321610929455701 ], [ 20.8785646320989, 49.325967970593652 ], [ 20.88070070741243, 49.33319669793616 ], [ 20.863776418389847, 49.346861963323363 ], [ 20.854081922736128, 49.346069774025551 ], [ 20.844551740568065, 49.338940070345274 ], [ 20.83830782811313, 49.334285958220647 ], [ 20.825655689717607, 49.334979123856229 ], [ 20.820561971662258, 49.339534212318625 ], [ 20.816125507549543, 49.34369320613213 ], [ 20.809881595094609, 49.346861963323363 ], [ 20.804294936582295, 49.345871726701105 ], [ 20.798543964584326, 49.344980513741064 ], [ 20.799201218526946, 49.349238531216784 ], [ 20.8005157264122, 49.358447731803821 ], [ 20.808074146752389, 49.354783856301452 ], [ 20.808074146752389, 49.358546755466051 ], [ 20.803966309610985, 49.361220394346148 ], [ 20.789506722873242, 49.36191355998173 ], [ 20.783591437389617, 49.36211160730619 ], [ 20.784905945274858, 49.367954003377534 ], [ 20.785727512703147, 49.371815926204349 ], [ 20.778990659791233, 49.374984683395581 ], [ 20.772418120364989, 49.373697375786648 ], [ 20.762559311225615, 49.371815926204349 ], [ 20.758615787569866, 49.375182730720041 ], [ 20.760258922426431, 49.382708529049225 ], [ 20.760423235912086, 49.383896812995943 ], [ 20.75960166848381, 49.384292907644848 ], [ 20.753850696485841, 49.3867684992005 ], [ 20.748264037973527, 49.392214800622938 ], [ 20.753850696485841, 49.39706696007201 ], [ 20.756808339227646, 49.399641575289891 ], [ 20.750728740258367, 49.401523024872191 ], [ 20.743498946889503, 49.403800569103396 ], [ 20.744156200832123, 49.407365420943535 ], [ 20.744977768260398, 49.412415627717067 ], [ 20.739062482776774, 49.416079503219436 ], [ 20.693876274221324, 49.41994142604625 ], [ 20.681717076282766, 49.414198053637136 ], [ 20.670215132286827, 49.408949799539158 ], [ 20.665614354688458, 49.403899592765626 ], [ 20.651812021893335, 49.402018143183327 ], [ 20.642939093667891, 49.400829859236609 ], [ 20.639324196983466, 49.406375184321277 ], [ 20.638995570012156, 49.406672255307953 ], [ 20.637845375612557, 49.407068349956859 ], [ 20.625357550702688, 49.410534178134768 ], [ 20.622728534932179, 49.414198053637136 ], [ 20.621085400075629, 49.416475597868342 ], [ 20.615005801106349, 49.417861929139505 ], [ 20.61171953139322, 49.412019533068161 ], [ 20.612869725792805, 49.402711308818908 ], [ 20.605639932423941, 49.400334740925473 ], [ 20.600217587397282, 49.388947019769475 ], [ 20.592166226600128, 49.383005600035901 ], [ 20.584279179288629, 49.384292907644848 ], [ 20.583457611860354, 49.384391931307064 ], [ 20.582636044432064, 49.383698765671483 ], [ 20.5754062510632, 49.376965156640111 ], [ 20.557660394612327, 49.378054416924599 ], [ 20.546487077587699, 49.385184120604876 ], [ 20.535971014505705, 49.38686752286273 ], [ 20.510995364685968, 49.393304060907425 ], [ 20.506065960116274, 49.400631811912163 ], [ 20.504422825259709, 49.40320642713003 ], [ 20.474353457384623, 49.414594148286042 ], [ 20.445598597394792, 49.415980479557206 ], [ 20.431467637628359, 49.417168763503923 ], [ 20.429495875800484, 49.414396100961596 ], [ 20.429331562314829, 49.408850775876928 ], [ 20.432946458999268, 49.408157610241346 ], [ 20.433768026427543, 49.407662491930211 ], [ 20.435739788255418, 49.406276160659047 ], [ 20.434260966884509, 49.397661102045376 ], [ 20.432946458999268, 49.396373794436428 ], [ 20.428838621857864, 49.400235717263257 ], [ 20.426373919573024, 49.402513261494448 ], [ 20.418158245290201, 49.405186900374559 ], [ 20.411257078892646, 49.396076723449752 ], [ 20.410106884493047, 49.394393321191913 ], [ 20.386610056044219, 49.390828469351774 ], [ 20.38184496496018, 49.39300698992075 ], [ 20.379708889646651, 49.400631811912163 ], [ 20.378230068275741, 49.405682018685695 ], [ 20.373464977191716, 49.407266397281305 ], [ 20.369685767021622, 49.404691782063423 ], [ 20.369028513079002, 49.40330545079226 ], [ 20.367549691708092, 49.400532788249933 ], [ 20.361470092738813, 49.398552315005404 ], [ 20.34405286325925, 49.401027906561055 ], [ 20.336494442919076, 49.402117166845542 ], [ 20.324499558466172, 49.402216190507772 ], [ 20.318419959496893, 49.393898202880777 ], [ 20.318255646011238, 49.389838232729502 ], [ 20.327292887722322, 49.389937256391732 ], [ 20.329264649550197, 49.389937256391732 ], [ 20.324663871951827, 49.382114387075873 ], [ 20.322034856181318, 49.377262227626787 ], [ 20.322527796638298, 49.375281754382272 ], [ 20.325321125894448, 49.364686222524071 ], [ 20.322856423609608, 49.351615099110219 ], [ 20.318091332525583, 49.346069774025551 ], [ 20.310039971728415, 49.343891253456576 ], [ 20.296730579390271, 49.348941460230108 ], [ 20.290486666935337, 49.351318028123544 ], [ 20.273891004884049, 49.351020957136868 ], [ 20.2710976756279, 49.348743412905662 ], [ 20.267647092429115, 49.345970750363321 ], [ 20.259431418146306, 49.348644389243432 ], [ 20.252365938263097, 49.350921933474638 ], [ 20.241192621238469, 49.348446341918986 ], [ 20.233798514383935, 49.346861963323363 ], [ 20.22936205027122, 49.348347318256756 ], [ 20.221310689474066, 49.351219004461313 ], [ 20.210794626392072, 49.344287348105482 ], [ 20.195842099197364, 49.341811756549831 ], [ 20.190091127199395, 49.337751786398556 ], [ 20.184175841715771, 49.327849420175937 ], [ 20.173659778633763, 49.327453325527046 ], [ 20.169059001035393, 49.323492379038001 ], [ 20.173002524691142, 49.316461699019939 ], [ 20.174481346062052, 49.313788060139828 ], [ 20.158871564924709, 49.303885693917223 ], [ 20.15525666824027, 49.310718326610825 ], [ 20.15131314458452, 49.317848030291103 ], [ 20.146712366986151, 49.317749006628873 ], [ 20.131102585848808, 49.296755990236932 ], [ 20.129623764477913, 49.288140931623261 ], [ 20.127980629621348, 49.27962489667182 ], [ 20.123872792479943, 49.269821554111431 ], [ 20.109413205742186, 49.257938714644283 ], [ 20.102183412373321, 49.251997294910723 ], [ 20.099390083117157, 49.239817384456899 ], [ 20.098239888717572, 49.237638863887923 ], [ 20.097911261746262, 49.234470106696691 ], [ 20.098075575231917, 49.234371083034461 ], [ 20.099390083117157, 49.232291586127715 ], [ 20.099718710088482, 49.228231615976441 ], [ 20.101854785402011, 49.225260906109668 ], [ 20.099390083117157, 49.221200935958393 ], [ 20.089366960492129, 49.208922001842353 ], [ 20.086902258207289, 49.205852268313336 ], [ 20.085423436836379, 49.197138186037435 ], [ 20.084930496379414, 49.194365523495108 ], [ 20.088216766092543, 49.187532890801506 ], [ 20.088052452606888, 49.179610997823417 ], [ 20.072114044498235, 49.179908068810093 ], [ 20.047795648621118, 49.190206529681603 ], [ 20.04122310919486, 49.195454783779596 ], [ 20.038265466453055, 49.197732328010801 ], [ 20.028406657313681, 49.200108895904222 ], [ 20.020355296516527, 49.201891321824291 ], [ 20.007867471606659, 49.212783924669168 ], [ 20.008689039034934, 49.216348776509307 ], [ 20.009346292977568, 49.219418510038324 ], [ 19.981741627387322, 49.231301349505458 ], [ 19.974347520532788, 49.230608183869876 ], [ 19.970568310362694, 49.2303111128832 ], [ 19.967282040649579, 49.230806231194322 ], [ 19.932283268204799, 49.23645057994122 ], [ 19.904349975643242, 49.230608183869876 ], [ 19.904514289128898, 49.224270669487396 ], [ 19.904678602614553, 49.221002888633933 ], [ 19.901556646387093, 49.213774161291425 ], [ 19.889068821477224, 49.209219072829029 ], [ 19.883975103421875, 49.204168866055497 ], [ 19.868365322284532, 49.196643067726313 ], [ 19.84174653760823, 49.193969428846202 ], [ 19.837803013952481, 49.196246973077407 ], [ 19.829094399212707, 49.20119815618871 ], [ 19.819071276587678, 49.200405966890898 ], [ 19.80789795956305, 49.205159102677754 ], [ 19.802311301050736, 49.202386440135427 ], [ 19.795081507681871, 49.198722564633059 ], [ 19.763533318435876, 49.20743664690896 ], [ 19.759096854323161, 49.215259516224819 ], [ 19.766819588149005, 49.224864811460762 ], [ 19.766819588149005, 49.236549603603436 ], [ 19.772077619689995, 49.239817384456899 ], [ 19.785879952485118, 49.248234395746124 ], [ 19.791630924483087, 49.262790874093369 ], [ 19.793602686310962, 49.267940104529131 ], [ 19.807076392134775, 49.274277618911597 ], [ 19.80756933259174, 49.274376642573827 ], [ 19.820550097958574, 49.276357115818357 ], [ 19.822193232815138, 49.27962489667182 ], [ 19.81003403487658, 49.294478446005741 ], [ 19.802146987565081, 49.295468682627998 ], [ 19.799846598765896, 49.295864777276904 ], [ 19.793766999796617, 49.298736463481461 ], [ 19.795574448138836, 49.307252498432902 ], [ 19.797381896481056, 49.310619302948595 ], [ 19.804447376364266, 49.323195308051311 ], [ 19.799682285280241, 49.336365455127392 ], [ 19.795574448138836, 49.348149270932296 ], [ 19.801325420136806, 49.353496548692519 ], [ 19.801818360593771, 49.354090690665871 ], [ 19.80296855499337, 49.367557908728628 ], [ 19.799189344823276, 49.372013973528809 ], [ 19.791959551454397, 49.380926103129156 ], [ 19.790480730083488, 49.400730835574379 ], [ 19.789823476140867, 49.410237107148092 ], [ 19.776349770317054, 49.412217580392621 ], [ 19.76764115557728, 49.413009769690419 ], [ 19.760082735237091, 49.411128320108133 ], [ 19.743980013642783, 49.406573231645723 ], [ 19.736092966331285, 49.398255244018728 ], [ 19.730834934790295, 49.39290796625852 ], [ 19.720318871708287, 49.387362641173851 ], [ 19.713253391825077, 49.39122456400068 ], [ 19.698793805087334, 49.399245480640985 ], [ 19.664287973099519, 49.406375184321277 ], [ 19.647527997562591, 49.408850775876928 ], [ 19.633889978253123, 49.410930272783673 ], [ 19.642598592992911, 49.425981869442055 ], [ 19.647035057105626, 49.433903762420144 ], [ 19.643420160421186, 49.437072519611377 ], [ 19.638162128880182, 49.441726631736003 ], [ 19.640298204193726, 49.451331926971946 ], [ 19.641777025564622, 49.457669441354412 ], [ 19.631425275968283, 49.45271825824311 ], [ 19.625674303970314, 49.449846572038552 ], [ 19.6133507925461, 49.447370980482901 ], [ 19.607106880091166, 49.451628997958622 ], [ 19.597248070951792, 49.458164559665548 ], [ 19.593797487753008, 49.457669441354412 ], [ 19.590018277582914, 49.45707529938106 ], [ 19.58130966284314, 49.455887015434342 ], [ 19.579995154957885, 49.460244056572293 ], [ 19.57983084147223, 49.461234293194551 ], [ 19.57424418295993, 49.465888405319177 ], [ 19.568328897476306, 49.470839588430493 ], [ 19.565864195191452, 49.47965269436861 ], [ 19.553704997252893, 49.489852131577905 ], [ 19.552226175881998, 49.502329113018405 ], [ 19.551568921939364, 49.507280296129707 ], [ 19.54171011279999, 49.519658253907977 ], [ 19.536287767773345, 49.526391862939349 ], [ 19.529222287890121, 49.542631743544447 ], [ 19.529386601375776, 49.559366742460654 ], [ 19.529550914861431, 49.573131031510087 ], [ 19.520842300121657, 49.573230055172317 ], [ 19.519692105722058, 49.573329078834547 ], [ 19.518541911322473, 49.574121268132359 ], [ 19.509668983097029, 49.581052924488191 ], [ 19.499152920015035, 49.581746090123772 ], [ 19.49800272561545, 49.581746090123772 ], [ 19.478942361279323, 49.588083604506238 ], [ 19.469740806082569, 49.596302568471017 ], [ 19.472534135338734, 49.601649846231226 ], [ 19.474012956709643, 49.604224461449107 ], [ 19.467440417283385, 49.613730733022805 ], [ 19.479763928707598, 49.624326264881006 ], [ 19.479270988250633, 49.632050110534649 ], [ 19.476970599451448, 49.634822773076976 ], [ 19.468754925168639, 49.645121233948501 ], [ 19.473191389281354, 49.65284507960213 ], [ 19.477792166879738, 49.660766972580234 ], [ 19.470726686996514, 49.665024990055954 ], [ 19.4651400284842, 49.668391794571647 ], [ 19.463496893627635, 49.670471291478393 ], [ 19.459060429514921, 49.675917592900831 ], [ 19.447229858547672, 49.6795814684032 ], [ 19.441643200035358, 49.678393184456482 ], [ 19.413709907473816, 49.672748835709598 ], [ 19.406315800619282, 49.678096113469806 ], [ 19.392677781309814, 49.677402947834224 ], [ 19.38856994416841, 49.684136556865596 ], [ 19.370002520289262, 49.694930136048242 ], [ 19.387584063254479, 49.697207680279448 ], [ 19.390213079024974, 49.697504751266123 ], [ 19.39136327342456, 49.699287177186193 ], [ 19.398757380279093, 49.709387590733257 ], [ 19.411245205188962, 49.710674898342205 ], [ 19.416010296273001, 49.71285341891118 ], [ 19.42734792678327, 49.718002649346943 ], [ 19.428169494211559, 49.721765548511527 ], [ 19.429319688611145, 49.727211849933965 ], [ 19.437535362893954, 49.731469867409686 ], [ 19.444929469748487, 49.735331790236515 ], [ 19.445093783234142, 49.743847825187956 ], [ 19.436878108951333, 49.756324806628456 ], [ 19.415024415359056, 49.775238326113652 ], [ 19.410916578217652, 49.772762734557986 ], [ 19.410423637760687, 49.771574450611283 ], [ 19.408287562447157, 49.764543770593221 ], [ 19.400564828621313, 49.7621672026998 ], [ 19.395306797080309, 49.764939865242127 ], [ 19.3882413171971, 49.768801788068942 ], [ 19.375424865315907, 49.769891048353429 ], [ 19.369180952860972, 49.774743207802516 ], [ 19.364251548291293, 49.777119775695937 ], [ 19.351763723381424, 49.772762734557986 ], [ 19.34929902109657, 49.771970545260189 ], [ 19.316764950936644, 49.777911964993748 ], [ 19.314793189108769, 49.784546550362904 ], [ 19.314464562137459, 49.785833857971838 ], [ 19.312492800309585, 49.787616283891907 ], [ 19.299676348428406, 49.799301076034595 ], [ 19.296061451743967, 49.808906371270538 ], [ 19.295404197801346, 49.810787820852838 ], [ 19.293268122487802, 49.812471223110677 ], [ 19.286531269575903, 49.818016548195345 ], [ 19.289324598832067, 49.83851444627615 ], [ 19.289981852774687, 49.84029687219622 ], [ 19.293761062944782, 49.848614859823215 ], [ 19.289981852774687, 49.850595333067744 ], [ 19.265827770383225, 49.861983054223742 ], [ 19.248410540903663, 49.863765480143812 ], [ 19.240359180106509, 49.864557669441623 ], [ 19.235758402508139, 49.862082077885972 ], [ 19.223434891083926, 49.86307231450823 ], [ 19.219984307885142, 49.868122521281762 ], [ 19.219819994399487, 49.868320568606222 ], [ 19.204703153719109, 49.871489325797455 ], [ 19.19402277715146, 49.867924473957316 ], [ 19.19435140412277, 49.862775243521554 ], [ 19.194515717608425, 49.859309415343645 ], [ 19.175126726301002, 49.853863113921207 ], [ 19.170361635216963, 49.854061161245653 ], [ 19.157052242878819, 49.865151811414975 ], [ 19.173483591444437, 49.879510242437775 ], [ 19.180877698298957, 49.882282904980102 ], [ 19.195008658065404, 49.88763018274031 ], [ 19.19369415018015, 49.913376334919107 ], [ 19.190736507438331, 49.919119707328221 ], [ 19.188764745610456, 49.919812872963817 ], [ 19.185149848926031, 49.921100180572751 ], [ 19.184985535440376, 49.939320534422365 ], [ 19.184985535440376, 49.950114113605011 ], [ 19.167568305960813, 49.946549261764872 ], [ 19.164446349733339, 49.944370741195897 ], [ 19.15836675076406, 49.939914676395716 ], [ 19.127311501975043, 49.938726392448999 ], [ 19.12271072437666, 49.938528345124553 ], [ 19.105786435354077, 49.943182457249179 ], [ 19.097570761071267, 49.951302397551729 ], [ 19.085740190104019, 49.950213137267241 ], [ 19.087054697989274, 49.95387701276961 ], [ 19.093134296958553, 49.956649675311937 ], [ 19.102993106097927, 49.956451627987477 ], [ 19.108415451124571, 49.960511598138751 ], [ 19.115809557979105, 49.959224290529818 ], [ 19.121889156948384, 49.963284260681093 ], [ 19.119095827692234, 49.968037396467935 ], [ 19.12271072437666, 49.971206153659182 ], [ 19.117945633292635, 49.972196390281439 ], [ 19.111701720837701, 49.973384674228157 ], [ 19.111208780380736, 49.977543668041648 ], [ 19.116466811921725, 49.980613401570665 ], [ 19.115809557979105, 49.983980206086343 ], [ 19.11712406586436, 49.985564584681967 ], [ 19.120081708606165, 49.989525531171012 ], [ 19.11663112540738, 49.99309038301115 ], [ 19.113016228722955, 49.996655234851289 ], [ 19.12024602209182, 50.009132216291789 ], [ 19.124353859233224, 50.011904878834116 ], [ 19.127311501975043, 50.013885352078645 ], [ 19.132076593059068, 50.016955085607648 ], [ 19.140785207798842, 50.024579907599062 ], [ 19.139635013399257, 50.031907658603799 ], [ 19.144071477511972, 50.032798871563841 ], [ 19.144400104483282, 50.038344196648495 ], [ 19.144400104483282, 50.039433456932983 ], [ 19.145550298882881, 50.039928575244119 ], [ 19.148179314653376, 50.041017835528606 ], [ 19.148179314653376, 50.043493427084258 ], [ 19.148507941624686, 50.047751444559978 ], [ 19.150808330423871, 50.045770971315463 ], [ 19.152780092251746, 50.044186592719839 ], [ 19.15590204847922, 50.047652420897762 ], [ 19.15557342150791, 50.04874168118225 ], [ 19.15475185407962, 50.051811414711253 ], [ 19.159516945163659, 50.051811414711253 ], [ 19.163131841848099, 50.057158692471461 ], [ 19.169047127331723, 50.059535260364896 ], [ 19.174962412815347, 50.058545023742639 ], [ 19.178412996014117, 50.057950881769273 ], [ 19.182027892698557, 50.059337213040436 ], [ 19.195337285036715, 50.064585467138428 ], [ 19.206839229032639, 50.062505970231683 ], [ 19.207332169489618, 50.062406946569453 ], [ 19.208153736917893, 50.062704017556129 ], [ 19.213576081944552, 50.064288396151753 ], [ 19.214397649372827, 50.063496206853941 ], [ 19.218012546057267, 50.060129402338248 ], [ 19.223927831540891, 50.06716008235631 ], [ 19.23362232719461, 50.065773751085146 ], [ 19.228528609139261, 50.0713190761698 ], [ 19.217190978628992, 50.074388809698817 ], [ 19.211932947087988, 50.075874164632211 ], [ 19.218012546057267, 50.082904844650258 ], [ 19.222284696684326, 50.087757004099345 ], [ 19.222613323655636, 50.089638453681644 ], [ 19.224092145026546, 50.095777920739664 ], [ 19.234443894622885, 50.10647247626008 ], [ 19.239701926163889, 50.111819754020303 ], [ 19.242166628448729, 50.117563126429417 ], [ 19.245288584676203, 50.124593806447464 ], [ 19.253832885930322, 50.134199101683407 ], [ 19.256461901700817, 50.132515699425554 ], [ 19.256133274729507, 50.131525462803296 ], [ 19.255311707301232, 50.128455729274293 ], [ 19.259255230956981, 50.116968984456051 ], [ 19.277822654836129, 50.119741646998392 ], [ 19.273550504209069, 50.131822533789972 ], [ 19.273221877237759, 50.132416675763338 ], [ 19.274043444666034, 50.132515699425554 ], [ 19.27519363906562, 50.132713746750014 ], [ 19.27486501209431, 50.133902030696731 ], [ 19.27207168283816, 50.143309278608214 ], [ 19.282752059405809, 50.141823923674821 ], [ 19.288995971860743, 50.140932710714779 ], [ 19.315121816080079, 50.142418065648172 ], [ 19.331717478131367, 50.144497562554918 ], [ 19.351599409895769, 50.151825313559655 ], [ 19.353571171723644, 50.153805786804185 ], [ 19.349134707610915, 50.164104247675695 ], [ 19.3458484378978, 50.165787649933549 ], [ 19.347820199725675, 50.170837856707081 ], [ 19.350942155953135, 50.173115400938272 ], [ 19.350942155953135, 50.173115400938272 ], [ 19.364251548291293, 50.17252125896492 ], [ 19.366058996633512, 50.178264631374034 ], [ 19.351763723381424, 50.178165607711804 ], [ 19.34798451321133, 50.178165607711804 ], [ 19.34371236258427, 50.180146080956334 ], [ 19.337797077100646, 50.182918743498661 ], [ 19.335825315272771, 50.187968950272193 ], [ 19.349956275039204, 50.189355281543371 ], [ 19.366716250576133, 50.19113770746344 ], [ 19.38741974976881, 50.199950813401557 ], [ 19.399743261193038, 50.200941050023829 ], [ 19.407301681533212, 50.206585398770713 ], [ 19.415517355816021, 50.20341664157948 ], [ 19.41781774461522, 50.211140487233109 ], [ 19.422582835699245, 50.214309244424356 ], [ 19.42307577615621, 50.214507291748802 ], [ 19.441971827006682, 50.226588178540396 ], [ 19.428826748154179, 50.22599403656703 ], [ 19.411902459131596, 50.232727645598416 ], [ 19.403522471363118, 50.232529598273956 ], [ 19.395471110565964, 50.23223252728728 ], [ 19.341247660299416, 50.249363620852407 ], [ 19.323501803848558, 50.259166963412795 ], [ 19.3458484378978, 50.265108383146369 ], [ 19.353406858237975, 50.264811312159679 ], [ 19.354721366123229, 50.264019122861882 ], [ 19.361293905549473, 50.260157200035053 ], [ 19.370495460746227, 50.270851755555483 ], [ 19.383804853084385, 50.274911725706744 ], [ 19.386926809311845, 50.284913115591593 ], [ 19.388077003711444, 50.288378943769501 ], [ 19.390541705996284, 50.289765275040665 ], [ 19.403851098334442, 50.296994002383187 ], [ 19.409273443361087, 50.302539327467841 ], [ 19.402865217420498, 50.305014919023492 ], [ 19.402372276963533, 50.305510037334628 ], [ 19.399250320736058, 50.310263173121484 ], [ 19.406480114104937, 50.317392876801762 ], [ 19.413545593988147, 50.322542107237524 ], [ 19.416503236729966, 50.331157165851195 ], [ 19.432277331352964, 50.325908911753217 ], [ 19.452159263117366, 50.319274326384061 ], [ 19.473848643223988, 50.324423556819823 ], [ 19.483871765849017, 50.323631367522012 ], [ 19.481078436592853, 50.333632757406846 ], [ 19.486993722076477, 50.34749607011851 ], [ 19.483707452363348, 50.354229679149896 ], [ 19.476313345508828, 50.357002341692223 ], [ 19.459389056486231, 50.363240832412473 ], [ 19.457417294658356, 50.367399826225963 ], [ 19.461689445285415, 50.372351009337279 ], [ 19.480092555678922, 50.368984204821587 ], [ 19.491101559217881, 50.366904707914841 ], [ 19.489622737846972, 50.383045564857696 ], [ 19.488308229961731, 50.396314735595993 ], [ 19.499152920015035, 50.399681540111686 ], [ 19.504246638070384, 50.40126591870731 ], [ 19.510819177496629, 50.408494646049817 ], [ 19.517884657379838, 50.416317515365677 ], [ 19.538423843086875, 50.419882367205815 ], [ 19.544010501599189, 50.418694083259112 ], [ 19.547789711769269, 50.41354485282335 ], [ 19.561756358050047, 50.411861450565496 ], [ 19.566028508677121, 50.411366332254374 ], [ 19.567343016562361, 50.407999527738681 ], [ 19.588868083183328, 50.409880977320981 ], [ 19.593797487753008, 50.408098551400911 ], [ 19.602999042949762, 50.404830770547449 ], [ 19.611871971175191, 50.405127841534124 ], [ 19.621730780314564, 50.410574142956563 ], [ 19.627481752312534, 50.413742900147795 ], [ 19.634547232195757, 50.410277071969887 ], [ 19.636518994023632, 50.409385859009845 ], [ 19.667902869783958, 50.416020444379001 ], [ 19.669381691154868, 50.41958529621914 ], [ 19.666752675384373, 50.424734526654902 ], [ 19.665931107956084, 50.426219881588295 ], [ 19.678747559837277, 50.433943727241939 ], [ 19.687456174577051, 50.434933963864196 ], [ 19.69353577354633, 50.435528105837548 ], [ 19.69600047583117, 50.439092957677687 ], [ 19.702080074800449, 50.448005087278048 ], [ 19.707173792855798, 50.447708016291372 ], [ 19.708159673769728, 50.445034377411261 ], [ 19.708652614226708, 50.443648046140098 ], [ 19.723769454907071, 50.441271478246662 ], [ 19.729684740390695, 50.443449998815638 ], [ 19.73067062130464, 50.443846093464543 ], [ 19.758439600380527, 50.443945117126773 ], [ 19.782265055800679, 50.44047928894885 ], [ 19.799189344823276, 50.443053904166732 ], [ 19.809541094419615, 50.437013460770942 ], [ 19.812334423675765, 50.435429082175318 ], [ 19.819071276587678, 50.43622127147313 ], [ 19.836159879095916, 50.438399792042105 ], [ 19.84453986686438, 50.434240798228615 ], [ 19.852426914175879, 50.435726153162008 ], [ 19.851605346747604, 50.440776359935541 ], [ 19.851112406290639, 50.443945117126773 ], [ 19.854234362518099, 50.447311921642466 ], [ 19.877073937024321, 50.450579702495929 ], [ 19.900242138501838, 50.453847483349392 ], [ 19.900570765473148, 50.458006477162883 ], [ 19.898434690159618, 50.460383045056318 ], [ 19.893998226046904, 50.46523520450539 ], [ 19.900077825016183, 50.472067837198992 ], [ 19.939020121116698, 50.478702422568148 ], [ 19.96185969562292, 50.476622925661403 ], [ 19.971389877790983, 50.475731712701361 ], [ 19.96399577093645, 50.487614552168495 ], [ 19.958409112424135, 50.491278427670863 ], [ 19.953151080883146, 50.494645232186556 ], [ 19.950029124655671, 50.504745645733621 ], [ 19.970239683391384, 50.515539224916267 ], [ 19.973525953104513, 50.520391384365354 ], [ 20.007045904178369, 50.515539224916267 ], [ 20.027092149428427, 50.508112450249314 ], [ 20.029556851713281, 50.504151503760269 ], [ 20.03169292702681, 50.500685675582346 ], [ 20.0381011529674, 50.500586651920131 ], [ 20.041551736166184, 50.504151503760269 ], [ 20.04303055753708, 50.505537835031433 ], [ 20.049603096963338, 50.505834906018109 ], [ 20.050096037420303, 50.505933929680339 ], [ 20.050096037420303, 50.506032953342569 ], [ 20.055354068961293, 50.511182183778317 ], [ 20.076386195125295, 50.509597805182707 ], [ 20.083780301979829, 50.504151503760269 ], [ 20.085094809865069, 50.499794462622319 ], [ 20.085094809865069, 50.499497391635643 ], [ 20.086080690779013, 50.499200320648953 ], [ 20.095610872947077, 50.496427658106626 ], [ 20.094132051576167, 50.494150113875421 ], [ 20.091503035805673, 50.490189167386376 ], [ 20.113849669854915, 50.484742865963938 ], [ 20.127816316135693, 50.488406741466306 ], [ 20.131595526305787, 50.489396978088564 ], [ 20.134717482533247, 50.489000883439672 ], [ 20.165115477379643, 50.484742865963938 ], [ 20.173331151662452, 50.491179404008648 ], [ 20.184175841715771, 50.492664758942027 ], [ 20.203729146508849, 50.495239374159908 ], [ 20.207344043193288, 50.492961829928717 ], [ 20.211451880334693, 50.490189167386376 ], [ 20.215395403990442, 50.489694049075254 ], [ 20.219996181588826, 50.489099907101888 ], [ 20.221310689474066, 50.487317481181819 ], [ 20.22722597495769, 50.478603398905918 ], [ 20.240371053810193, 50.479692659190405 ], [ 20.243493010037653, 50.479989730177081 ], [ 20.248915355064312, 50.477811209608106 ], [ 20.249408295521278, 50.476127807350267 ], [ 20.249901235978257, 50.474444405092427 ], [ 20.263374941802056, 50.468205914372177 ], [ 20.26748277894346, 50.468899080007759 ], [ 20.272905123970119, 50.469988340292247 ], [ 20.271261989113555, 50.460085974069628 ], [ 20.268468659857405, 50.45493674363388 ], [ 20.261238866488526, 50.441370501908892 ], [ 20.26682552500084, 50.426615976237201 ], [ 20.279806290367674, 50.422060887774791 ], [ 20.288679218593117, 50.418892130583558 ], [ 20.290322353449682, 50.413940947472256 ], [ 20.293279996191487, 50.40562295984526 ], [ 20.30281017835955, 50.398691303489429 ], [ 20.302974491845205, 50.398592279827199 ], [ 20.302974491845205, 50.398493256164969 ], [ 20.306260761558335, 50.389581126564622 ], [ 20.31201173355629, 50.387303582333416 ], [ 20.320063094353443, 50.384233848804413 ], [ 20.322034856181318, 50.375222695541837 ], [ 20.323020737095263, 50.370568583417196 ], [ 20.330414843949796, 50.364924234670312 ], [ 20.33846620474695, 50.358685743950062 ], [ 20.328771709093232, 50.352348229567596 ], [ 20.311354479613669, 50.348783377727457 ], [ 20.303631745787825, 50.350763850971973 ], [ 20.297716460304201, 50.352249205905366 ], [ 20.293444309677142, 50.346109738847346 ], [ 20.30034547607471, 50.340168319113772 ], [ 20.30527488064439, 50.335910301638052 ], [ 20.300181162589055, 50.332543497122359 ], [ 20.293444309677142, 50.328186455984408 ], [ 20.292622742248867, 50.322245036250848 ], [ 20.312340360527614, 50.320264563006319 ], [ 20.326471320294047, 50.318878231735155 ], [ 20.329100336064542, 50.313530953974947 ], [ 20.333536800177257, 50.304618824374586 ], [ 20.339780712632191, 50.304123706063464 ], [ 20.34487443068754, 50.303826635076788 ], [ 20.347832073429345, 50.299370570276608 ], [ 20.342245414917045, 50.297786191680984 ], [ 20.34060228006048, 50.297291073369863 ], [ 20.340109339603501, 50.288973085742867 ], [ 20.346353252058449, 50.289072109405083 ], [ 20.354404612855603, 50.289270156729543 ], [ 20.361470092738813, 50.282239476711482 ], [ 20.353090104970349, 50.27976388515583 ], [ 20.345695998115815, 50.277486340924625 ], [ 20.342245414917045, 50.272931252462229 ], [ 20.333372486691601, 50.271544921191065 ], [ 20.331729351835037, 50.268574211324278 ], [ 20.342902668859665, 50.26312790990184 ], [ 20.34454580371623, 50.26322693356407 ], [ 20.352925791484694, 50.263623028212976 ], [ 20.356869315140443, 50.257780632141632 ], [ 20.362620287138412, 50.253918709314803 ], [ 20.375765365990901, 50.245105603376686 ], [ 20.384473980730689, 50.242828059145481 ], [ 20.392032401070864, 50.240748562238736 ], [ 20.384966921187655, 50.234609095180716 ], [ 20.377244187361811, 50.22797450981156 ], [ 20.37658693341919, 50.215992646682196 ], [ 20.386281429072909, 50.208862943001918 ], [ 20.402384150667217, 50.20935806131304 ], [ 20.409121003579116, 50.2095561086375 ], [ 20.412242959806576, 50.201634215659411 ], [ 20.415364916034051, 50.193712322681321 ], [ 20.430153129743104, 50.195890843250297 ], [ 20.431467637628359, 50.196088890574742 ], [ 20.432617832027958, 50.195989866912512 ], [ 20.447570359222667, 50.194108417330213 ], [ 20.455457406534165, 50.196385961561418 ], [ 20.458743676247295, 50.197475221845906 ], [ 20.46104406504648, 50.196584008885878 ], [ 20.469752679786254, 50.193118180707955 ], [ 20.472710322528073, 50.196782056210324 ], [ 20.474189143898968, 50.198861553117069 ], [ 20.487827163208436, 50.194603535641349 ], [ 20.499986361146995, 50.190642589152304 ], [ 20.505080079202344, 50.190246494503398 ], [ 20.509516543315058, 50.189850399854492 ], [ 20.510831051200313, 50.188761139570005 ], [ 20.513953007427773, 50.186384571676584 ], [ 20.529069848108151, 50.19093966013898 ], [ 20.5330133717639, 50.189454305205587 ], [ 20.539257284218834, 50.191830873099022 ], [ 20.541229046046709, 50.195692795925837 ], [ 20.542707867417619, 50.198465458468164 ], [ 20.559467842954547, 50.200643979037139 ], [ 20.563739993581606, 50.194900606628025 ], [ 20.566697636323411, 50.190642589152304 ], [ 20.57359880272098, 50.186879689987705 ], [ 20.581814477003789, 50.189058210556681 ], [ 20.583293298374699, 50.192524038734604 ], [ 20.585100746716918, 50.196683032548094 ], [ 20.594137988428002, 50.201040073686045 ], [ 20.604325424538686, 50.200544955374923 ], [ 20.608761888651401, 50.204208830877292 ], [ 20.615498741563314, 50.202822499606114 ], [ 20.622892848417834, 50.201337144672735 ], [ 20.629794014815403, 50.207476611730755 ], [ 20.633244598014187, 50.210546345259758 ], [ 20.635052046356407, 50.209160013988594 ], [ 20.639159883497811, 50.206090280459577 ], [ 20.641460272296996, 50.2095561086375 ], [ 20.642446153210926, 50.210744392584218 ], [ 20.645075168981435, 50.209160013988594 ], [ 20.651812021893335, 50.205496138486225 ], [ 20.653619470235554, 50.204406878201738 ], [ 20.668900624401573, 50.205892233135131 ], [ 20.674815909885197, 50.202822499606114 ], [ 20.681552762797111, 50.205892233135131 ] ] ] } },
{ "type": "Feature", "properties": { "index": 1560, "nuts_2_code": "PL92", "nuts_2_name": "Mazowiecki regionalny" }, "geometry": { "type": "MultiPolygon", "coordinates": [ [ [ [ 21.61288159949649, 53.480802790278048 ], [ 21.601872595957531, 53.478228175060167 ], [ 21.60400867127106, 53.474663323220028 ], [ 21.602201222928841, 53.468622879824224 ], [ 21.610252583725995, 53.464265838686273 ], [ 21.602858476871461, 53.460502939521689 ], [ 21.607787881441155, 53.449709360339043 ], [ 21.60893807584074, 53.436341165938501 ], [ 21.621425900750609, 53.429310485920453 ], [ 21.622740408635863, 53.428518296622642 ], [ 21.622904722121518, 53.427330012675924 ], [ 21.626190991834648, 53.409109658826324 ], [ 21.645087042685105, 53.399900458239287 ], [ 21.649359193312165, 53.397721937670312 ], [ 21.652152522568329, 53.391087352301156 ], [ 21.659218002451539, 53.386235192852084 ], [ 21.660039569879828, 53.381184986078551 ], [ 21.660368196851138, 53.379105489171792 ], [ 21.657081927138009, 53.37237188014042 ], [ 21.665790541877797, 53.370391406895905 ], [ 21.68238620392907, 53.366430460406846 ], [ 21.678278366787666, 53.361479277295544 ], [ 21.668583871133947, 53.357320283482053 ], [ 21.657081927138009, 53.352369100370737 ], [ 21.656917613652354, 53.347516940921665 ], [ 21.666283482334762, 53.338109693010182 ], [ 21.655931732738424, 53.335634101454517 ], [ 21.654288597881859, 53.332366320601054 ], [ 21.669076811590912, 53.330583894680984 ], [ 21.681564636500781, 53.334148746521137 ], [ 21.688465802898349, 53.336129219765652 ], [ 21.691094818668844, 53.333851675534447 ], [ 21.68978031078359, 53.328108303125333 ], [ 21.701117941293873, 53.326424900867494 ], [ 21.709990869519316, 53.32058250479615 ], [ 21.735459459796019, 53.31275963548029 ], [ 21.732994757511179, 53.308699665329016 ], [ 21.711634004375867, 53.305134813488877 ], [ 21.702761076150438, 53.307412357720068 ], [ 21.699310492951653, 53.312957682804736 ], [ 21.693559520953684, 53.313551824778088 ], [ 21.689287370326625, 53.311670375195803 ], [ 21.68912305684097, 53.306917239408946 ], [ 21.683700711814311, 53.305530908137783 ], [ 21.679099934215941, 53.310581114911315 ], [ 21.677949739816356, 53.311670375195803 ], [ 21.667926617191327, 53.311472327871343 ], [ 21.667269363248693, 53.315730345347063 ], [ 21.659053688965884, 53.315730345347063 ], [ 21.657739181080629, 53.309590878289043 ], [ 21.663161526107288, 53.304243600528835 ], [ 21.658067808051953, 53.300084606715345 ], [ 21.659875256394173, 53.295232447266258 ], [ 21.649030566340855, 53.291667595426119 ], [ 21.646894491027325, 53.285429104705869 ], [ 21.653959970910549, 53.279586708634525 ], [ 21.657739181080629, 53.276516975105523 ], [ 21.656424673195389, 53.264733159300604 ], [ 21.647223117998635, 53.263445851691671 ], [ 21.631613336861292, 53.261267331122696 ], [ 21.642622340400266, 53.247998160384384 ], [ 21.655767419252768, 53.244928426855381 ], [ 21.666940736277382, 53.225915883707955 ], [ 21.671212886904442, 53.222252008205587 ], [ 21.676963858902411, 53.217498872418744 ], [ 21.68517953318522, 53.214726209876403 ], [ 21.682879144386035, 53.211062334374034 ], [ 21.678442680273321, 53.209477955778425 ], [ 21.671212886904442, 53.206903340560544 ], [ 21.685672473642185, 53.180860117395071 ], [ 21.68698698152744, 53.178483549501635 ], [ 21.692737953525409, 53.174720650337051 ], [ 21.703418330093058, 53.167590946656759 ], [ 21.706868913291842, 53.163233905518808 ], [ 21.700460687351253, 53.155807130851855 ], [ 21.695695596267214, 53.150162782104957 ], [ 21.697503044609434, 53.145112575331424 ], [ 21.698981865980343, 53.134814114459914 ], [ 21.734309265396433, 53.11035526989005 ], [ 21.752876689275581, 53.113226956094607 ], [ 21.755505705046076, 53.113623050743513 ], [ 21.770951172697764, 53.112632814121255 ], [ 21.773580188468259, 53.11045429355228 ], [ 21.775223323324823, 53.108968938618887 ], [ 21.778180966066643, 53.109860151578928 ], [ 21.790997417947821, 53.113920121730189 ], [ 21.808907587884349, 53.114118169054649 ], [ 21.828625206163096, 53.094610507596101 ], [ 21.837498134388525, 53.0858964253202 ], [ 21.842756165929529, 53.077182343044299 ], [ 21.860337708894747, 53.071637017959631 ], [ 21.860502022380402, 53.06302195934596 ], [ 21.874632982146835, 53.058862965532455 ], [ 21.897636870138697, 53.061041486101431 ], [ 21.908810187163326, 53.066784858510559 ], [ 21.913082337790385, 53.068963379079534 ], [ 21.91390390521866, 53.076291130084257 ], [ 21.91817605584572, 53.078370626991017 ], [ 21.926391730128529, 53.078271603328787 ], [ 21.939865435952342, 53.072330183595213 ], [ 21.925077222243289, 53.059061012856915 ], [ 21.923434087386724, 53.052921545798895 ], [ 21.922612519958449, 53.049950835932108 ], [ 21.922448206472779, 53.049554741283202 ], [ 21.927377611042473, 53.04450453450967 ], [ 21.938550928067102, 53.045296723807482 ], [ 21.939701122466687, 53.038662138438326 ], [ 21.913410964761695, 53.038662138438326 ], [ 21.909631754591601, 53.04024651703395 ], [ 21.898294124081318, 53.044999652820806 ], [ 21.892378838597693, 53.027076369957868 ], [ 21.876440430489055, 53.019451547966455 ], [ 21.886463553114083, 53.005489211592575 ], [ 21.893529032997293, 53.000637052143489 ], [ 21.908481560192016, 52.998359507912284 ], [ 21.909467441105946, 52.994893679734375 ], [ 21.920805071616229, 52.988556165351895 ], [ 21.932471329097808, 52.985585455485122 ], [ 21.948081110235151, 52.986080573796244 ], [ 21.9531748282905, 52.986278621120704 ], [ 21.959254427259779, 52.984199124213944 ], [ 21.960240308173709, 52.9802381777249 ], [ 21.960404621659364, 52.979842083075994 ], [ 21.961390502573309, 52.979743059413778 ], [ 21.976178716282362, 52.978851846453736 ], [ 22.000825739130804, 52.971623119111229 ], [ 21.999018290788584, 52.963107084159788 ], [ 21.996717901989399, 52.962909036835327 ], [ 21.990473989534451, 52.962314894861976 ], [ 21.98915948164921, 52.958155901048471 ], [ 21.991788497419705, 52.957858830061795 ], [ 22.001975933530389, 52.956670546115078 ], [ 22.005262203243518, 52.956274451466186 ], [ 22.015285325868547, 52.94944181877257 ], [ 22.014463758440257, 52.941816996781156 ], [ 22.028101777749725, 52.93726190831876 ], [ 22.024486881065286, 52.932310725207458 ], [ 22.012656310098038, 52.927656613082831 ], [ 22.010684548270163, 52.923695666593773 ], [ 22.006905338100083, 52.922705429971515 ], [ 21.99261006484798, 52.919041554469146 ], [ 21.99343163227627, 52.915872797277913 ], [ 21.994581826675855, 52.912010874451099 ], [ 22.004112008843919, 52.906861644015336 ], [ 22.008548472956633, 52.904386052459685 ], [ 22.006741024614428, 52.893889544263715 ], [ 22.003947695358264, 52.877847710983076 ], [ 22.008877099927957, 52.877154545347494 ], [ 22.019228849524296, 52.882501823107702 ], [ 22.024486881065286, 52.885175461987814 ], [ 22.036481765518189, 52.88369010705442 ], [ 22.03155236094851, 52.87141117293838 ], [ 22.029251972149325, 52.865667800529266 ], [ 22.038617840831719, 52.859726380795692 ], [ 22.038946467803044, 52.850715227533115 ], [ 22.059157026538756, 52.850121085559763 ], [ 22.083968362872838, 52.841803097932768 ], [ 22.083968362872838, 52.845764044421813 ], [ 22.089555021385152, 52.850913274857561 ], [ 22.101385592352401, 52.862003925026897 ], [ 22.111901655434394, 52.850319132884209 ], [ 22.113051849833994, 52.848932801613046 ], [ 22.124225166858608, 52.842694310892796 ], [ 22.138849067082006, 52.849625967248627 ], [ 22.142299650280791, 52.851309369506467 ], [ 22.14525729302261, 52.849427919924167 ], [ 22.149858070620979, 52.84665525738184 ], [ 22.155937669590259, 52.849526943586397 ], [ 22.174176466498096, 52.858042978537853 ], [ 22.192250949920279, 52.856260552617783 ], [ 22.209668179399841, 52.854478126697714 ], [ 22.208517985000242, 52.867252179124876 ], [ 22.207532104086312, 52.878342829294212 ], [ 22.207203477114987, 52.882996941418838 ], [ 22.21755522671134, 52.882897917756608 ], [ 22.22281325825233, 52.882006704796581 ], [ 22.230864619049484, 52.880521349863187 ], [ 22.252225372184796, 52.876758450698588 ], [ 22.26208418132417, 52.881313539160985 ], [ 22.269478288178703, 52.884680343676678 ], [ 22.278022589432823, 52.885769603961165 ], [ 22.293139430113186, 52.871114101951704 ], [ 22.287059831143907, 52.865370729542576 ], [ 22.284759442344722, 52.863291232635831 ], [ 22.279665724289387, 52.849923038235303 ], [ 22.283280620973812, 52.848932801613046 ], [ 22.292646489656221, 52.854181055711024 ], [ 22.296754326797625, 52.856458599942229 ], [ 22.3054629415374, 52.856557623604459 ], [ 22.308256270793564, 52.849031825275276 ], [ 22.304477060623469, 52.840713837648281 ], [ 22.277201022004533, 52.833089015656867 ], [ 22.273586125320108, 52.836455820172546 ], [ 22.273421811834439, 52.839030435390427 ], [ 22.273257498348784, 52.841307979621632 ], [ 22.264713197094665, 52.843486500190608 ], [ 22.26027673298195, 52.836950938483682 ], [ 22.247624594586426, 52.833287062981313 ], [ 22.256497522811856, 52.820017892243015 ], [ 22.269478288178703, 52.800807301771144 ], [ 22.279830037775042, 52.785458634126087 ], [ 22.286238263715632, 52.779121119743621 ], [ 22.291824922227946, 52.779814285379203 ], [ 22.30053353696772, 52.780903545663691 ], [ 22.303819806680849, 52.773278723672277 ], [ 22.301355104395995, 52.770704108454396 ], [ 22.301355104395995, 52.767535351263149 ], [ 22.301026477424685, 52.756543724756057 ], [ 22.307270389879619, 52.753077896578134 ], [ 22.303655493195194, 52.748027689804601 ], [ 22.322387230559997, 52.747829642480156 ], [ 22.325180559816147, 52.742383341057717 ], [ 22.33224603969937, 52.740798962462094 ], [ 22.335367995926831, 52.742878459368853 ], [ 22.338489952154305, 52.753771062213715 ], [ 22.345884059008839, 52.757335914053868 ], [ 22.342762102781364, 52.763772452098564 ], [ 22.341283281410455, 52.766842185627567 ], [ 22.344898178094894, 52.776744551850186 ], [ 22.362808348031422, 52.777536741147998 ], [ 22.382197339338859, 52.778328930445809 ], [ 22.386962430422884, 52.784963515814951 ], [ 22.385154982080664, 52.787241060046156 ], [ 22.381375771910569, 52.792192243157459 ], [ 22.382361652824514, 52.794568811050894 ], [ 22.434941968234497, 52.791994195833013 ], [ 22.453838019084955, 52.788231296668414 ], [ 22.453838019084955, 52.7824879242593 ], [ 22.459917618054234, 52.771595321414424 ], [ 22.4536737055993, 52.765257807031958 ], [ 22.453180765142335, 52.763673428436334 ], [ 22.45022312240053, 52.75169156530697 ], [ 22.445129404345181, 52.743967719653341 ], [ 22.447429793144366, 52.730500501590583 ], [ 22.440857253718121, 52.715151833945527 ], [ 22.435434908691462, 52.696931480095913 ], [ 22.444636463888216, 52.680889646815288 ], [ 22.444965090859526, 52.680196481179706 ], [ 22.444965090859526, 52.67960233920634 ], [ 22.443814896459926, 52.662174174654538 ], [ 22.451044689828805, 52.652865950405285 ], [ 22.45186625725708, 52.65266790308084 ], [ 22.471748189021483, 52.649202074902917 ], [ 22.472405442964117, 52.64623136503613 ], [ 22.463861141709984, 52.645340152076102 ], [ 22.461396439425144, 52.639695803329204 ], [ 22.45186625725708, 52.639200685018082 ], [ 22.449894495429206, 52.639101661355852 ], [ 22.449730181943551, 52.636527046137971 ], [ 22.449237241486586, 52.623951041035255 ], [ 22.421468262410684, 52.614741840448218 ], [ 22.418510619668879, 52.609790657336916 ], [ 22.408651810529506, 52.609691633674686 ], [ 22.418017679211914, 52.599591220127621 ], [ 22.447922733601345, 52.586817167700445 ], [ 22.452194884228405, 52.586223025727094 ], [ 22.457781542740705, 52.585331812767052 ], [ 22.459917618054234, 52.58057867698021 ], [ 22.464189768681308, 52.570775334419821 ], [ 22.477006220562487, 52.562853441441717 ], [ 22.481771311646511, 52.560773944534972 ], [ 22.486043462273585, 52.558793471290457 ], [ 22.488179537587115, 52.556020808748116 ], [ 22.48834385107277, 52.554634477476952 ], [ 22.48867247804408, 52.552852051556883 ], [ 22.49113718032892, 52.547108679147769 ], [ 22.499517168097384, 52.54334577998317 ], [ 22.510854798607667, 52.534136579396147 ], [ 22.524164190945825, 52.523442023875717 ], [ 22.525807325802376, 52.517995722453279 ], [ 22.520713607747041, 52.51452989427537 ], [ 22.516605770605636, 52.503142173119357 ], [ 22.510854798607667, 52.487199363500949 ], [ 22.513319500892507, 52.480069659820671 ], [ 22.523013996546226, 52.47303897980261 ], [ 22.524821444888445, 52.471751672193676 ], [ 22.525478698831066, 52.470464364584728 ], [ 22.52958653597247, 52.462839542593315 ], [ 22.537144956312659, 52.464919039500074 ], [ 22.546510824995067, 52.467394631055726 ], [ 22.553083364421312, 52.463631731891127 ], [ 22.547989646365963, 52.452144987072899 ], [ 22.542238674368008, 52.439568981970183 ], [ 22.542567301339318, 52.426596882218561 ], [ 22.544539063167193, 52.421744722769475 ], [ 22.553904931849587, 52.41788279994266 ], [ 22.556533947620096, 52.416793539658173 ], [ 22.56277786007503, 52.410555048937923 ], [ 22.56458530841725, 52.407584339071136 ], [ 22.566885697216435, 52.403920463568767 ], [ 22.578223327726704, 52.402039013986467 ], [ 22.580523716525903, 52.394216144670608 ], [ 22.592518600978806, 52.398177091159653 ], [ 22.593668795378392, 52.398474162146329 ], [ 22.60549936634564, 52.398276114821883 ], [ 22.611907592286229, 52.392136647763863 ], [ 22.615686802456324, 52.388274724937034 ], [ 22.621109147482983, 52.390552269168239 ], [ 22.626202865538318, 52.392631766074985 ], [ 22.633925599364161, 52.390849340154915 ], [ 22.642798527589605, 52.3888688669104 ], [ 22.651835769300689, 52.391245434803821 ], [ 22.657422427813003, 52.392730789737215 ], [ 22.659229876155223, 52.391443482128281 ], [ 22.666131042552777, 52.386195228030289 ], [ 22.68354827203234, 52.391938600439403 ], [ 22.68568434734587, 52.392631766074985 ], [ 22.705401965624617, 52.392235671426079 ], [ 22.721833314190235, 52.382828423514596 ], [ 22.722983508589834, 52.377679193078848 ], [ 22.722983508589834, 52.377382122092158 ], [ 22.72051880630498, 52.372232891656409 ], [ 22.730541928930009, 52.367182684882877 ], [ 22.733663885157483, 52.372430938980855 ], [ 22.738428976241508, 52.380253808296715 ], [ 22.750916801151391, 52.383719636474638 ], [ 22.760611296805095, 52.382135257879014 ], [ 22.76225443166166, 52.379758689985593 ], [ 22.766690895774374, 52.373916293914249 ], [ 22.772441867772343, 52.371143631371922 ], [ 22.790023410737561, 52.373322151940897 ], [ 22.793473993936345, 52.373817270252019 ], [ 22.811877104329838, 52.368271945167365 ], [ 22.815820627985588, 52.367182684882877 ], [ 22.849176265573803, 52.358864697255868 ], [ 22.854434297114793, 52.361241265149303 ], [ 22.859692328655797, 52.363617833042724 ], [ 22.87382328842223, 52.363716856704954 ], [ 22.886146799846443, 52.363716856704954 ], [ 22.893705220186632, 52.366192448260605 ], [ 22.918023616063749, 52.373916293914249 ], [ 22.929196933088363, 52.373619222927573 ], [ 22.963702765076178, 52.365004164313902 ], [ 22.967810602217583, 52.359458839229234 ], [ 22.968467856160203, 52.358666649931422 ], [ 22.977340784385632, 52.346783810464288 ], [ 22.983420383354925, 52.345991621166476 ], [ 22.988021160953295, 52.345298455530894 ], [ 22.98785684746764, 52.342129698339662 ], [ 22.987692533981985, 52.338267775512833 ], [ 22.994429386893884, 52.332920497752625 ], [ 22.999687418434888, 52.334306829023788 ], [ 23.006095644375478, 52.336089254943857 ], [ 23.043559119105097, 52.325790794072347 ], [ 23.058183019328496, 52.304005588382594 ], [ 23.055554003557987, 52.300341712880225 ], [ 23.048817150646087, 52.290736417644297 ], [ 23.053089301273147, 52.284894021572953 ], [ 23.074121427437149, 52.282220382692842 ], [ 23.088252387203582, 52.288854968061997 ], [ 23.111420588681099, 52.29984659456909 ], [ 23.117335874164723, 52.297965144986804 ], [ 23.128344877703697, 52.287864731439726 ], [ 23.10566961668313, 52.266970738710015 ], [ 23.10649118411142, 52.265683431101081 ], [ 23.108955886396259, 52.261326389963131 ], [ 23.10714843805404, 52.258454703758574 ], [ 23.102383346970015, 52.254394733607299 ], [ 23.095810807543771, 52.254889851918421 ], [ 23.093510418744572, 52.255087899242881 ], [ 23.084473177033487, 52.243502130762423 ], [ 23.078722205035518, 52.235976332433239 ], [ 23.073299860008859, 52.235877308771009 ], [ 23.06442693178343, 52.235679261446549 ], [ 23.035179131336619, 52.21973645182814 ], [ 23.03090698070956, 52.214290150405716 ], [ 23.032221488594814, 52.198842459098429 ], [ 23.040437162877623, 52.184484028075644 ], [ 23.046681075332557, 52.182305507506669 ], [ 23.066727320582615, 52.175373851150837 ], [ 23.07149241166664, 52.170422668039535 ], [ 23.045695194418627, 52.175868969461973 ], [ 23.0333716829944, 52.178344561017624 ], [ 23.02811365145341, 52.174779709177486 ], [ 23.02729208402512, 52.17418556720412 ], [ 23.020390917627566, 52.17428459086635 ], [ 22.997387029635689, 52.174779709177486 ], [ 22.978490978785231, 52.172106070297374 ], [ 22.981448621527051, 52.165075390279313 ], [ 22.984241950783201, 52.158539828572387 ], [ 22.974054514672517, 52.155173024056708 ], [ 22.944806714225706, 52.145468705158535 ], [ 22.934290651143712, 52.13744778851823 ], [ 22.946121222110961, 52.126060067362218 ], [ 22.955651404279024, 52.121207907913131 ], [ 22.960252181877394, 52.11893036368194 ], [ 22.967317661760603, 52.115365511841802 ], [ 22.95006474576671, 52.10219536476572 ], [ 22.936591039942897, 52.107740689850388 ], [ 22.929196933088363, 52.110810423379391 ], [ 22.921309885776878, 52.107245571539252 ], [ 22.902249521440751, 52.109523115770457 ], [ 22.896005608985817, 52.104373885334695 ], [ 22.890090323502193, 52.093184211503143 ], [ 22.894033847157942, 52.090213501636356 ], [ 22.896827176414092, 52.081202348373779 ], [ 22.901263640526821, 52.078924804142574 ], [ 22.906521672067811, 52.076350188924692 ], [ 22.902413834926406, 52.064962467768694 ], [ 22.870044078252135, 52.065754657066492 ], [ 22.866757808539006, 52.063675160159747 ], [ 22.866264868082041, 52.067834153973251 ], [ 22.866100554596386, 52.07149802947562 ], [ 22.856406058942667, 52.068329272284373 ], [ 22.850655086944698, 52.066447822702088 ], [ 22.845232741918053, 52.071696076800066 ], [ 22.837674321577865, 52.079221875129249 ], [ 22.829787274266366, 52.081301372036009 ], [ 22.807276326731468, 52.079023827804804 ], [ 22.794788501821586, 52.073577526382365 ], [ 22.784272438739592, 52.069121461582185 ], [ 22.766526582288719, 52.080608206400427 ], [ 22.763568939546914, 52.08565841317396 ], [ 22.760939923776419, 52.090114477974126 ], [ 22.754696011321471, 52.094273471787631 ], [ 22.742701126868567, 52.095560779396564 ], [ 22.727255659216894, 52.097244181654418 ], [ 22.718218417505796, 52.100809033494556 ], [ 22.700308247569268, 52.107839713512604 ], [ 22.699486680140993, 52.117742079735223 ], [ 22.670403193179837, 52.105760216605859 ], [ 22.64822087261625, 52.090906667271938 ], [ 22.663337713296627, 52.081796490347131 ], [ 22.665473788610157, 52.080410159075967 ], [ 22.664816534667537, 52.070705840177808 ], [ 22.668102804380652, 52.062387852550813 ], [ 22.663337713296627, 52.044959687999011 ], [ 22.660051443583498, 52.036641700372016 ], [ 22.649535380501504, 52.034364156140811 ], [ 22.634089912849817, 52.030898327962902 ], [ 22.622916595825203, 52.018718417509078 ], [ 22.616672683370268, 52.019807677793565 ], [ 22.610593084400989, 52.025452026540464 ], [ 22.608621322573114, 52.031195398949578 ], [ 22.606813874230895, 52.036740724034246 ], [ 22.593175854921427, 52.037334866007598 ], [ 22.587589196409112, 52.037532913332043 ], [ 22.587096255952147, 52.038127055305409 ], [ 22.585288807609928, 52.041295812496642 ], [ 22.577401760298429, 52.039414362914343 ], [ 22.572636669214404, 52.038325102629855 ], [ 22.550125721679493, 52.043870427714523 ], [ 22.548646900308597, 52.047138208567986 ], [ 22.547003765452033, 52.050505013083679 ], [ 22.541417106939718, 52.051000131394801 ], [ 22.526300266259355, 52.052485486328194 ], [ 22.521206548204006, 52.057139598452821 ], [ 22.520713607747041, 52.062288828888583 ], [ 22.520713607747041, 52.063279065510841 ], [ 22.513976754835127, 52.068329272284373 ], [ 22.485714835302261, 52.067537082986576 ], [ 22.477006220562487, 52.059912260995162 ], [ 22.464682709138273, 52.045850900959039 ], [ 22.462710947310399, 52.04238507278113 ], [ 22.45580978091283, 52.03020516232732 ], [ 22.446115285259125, 52.029313949367278 ], [ 22.443814896459926, 52.029115902042832 ], [ 22.442500388574686, 52.026442263162721 ], [ 22.440199999775501, 52.021887174700325 ], [ 22.433463146863588, 52.017431109900144 ], [ 22.406351421730321, 52.014163329046681 ], [ 22.389262819222068, 52.015747707642305 ], [ 22.380389890996639, 52.016638920602333 ], [ 22.375953426883925, 52.012281879464382 ], [ 22.369873827914645, 52.006241436068592 ], [ 22.344733864609239, 51.996735164494879 ], [ 22.338489952154305, 51.997527353792691 ], [ 22.317457825990303, 52.012281879464382 ], [ 22.322387230559997, 52.020797914415837 ], [ 22.324030365416561, 52.02376862428261 ], [ 22.322222917074342, 52.03614658206088 ], [ 22.300697850453375, 52.037334866007598 ], [ 22.293632370570165, 52.029313949367278 ], [ 22.283937874916447, 52.018223299197956 ], [ 22.255183014926601, 52.00525119944632 ], [ 22.22281325825233, 52.01168773749103 ], [ 22.212132881684681, 52.013767234397775 ], [ 22.176312541811626, 52.022184245687001 ], [ 22.152322772905819, 52.027828594433885 ], [ 22.14837924925007, 52.025055931891558 ], [ 22.14624317393654, 52.016737944264563 ], [ 22.145750233479575, 52.014856494682263 ], [ 22.139999261481606, 52.008320932975337 ], [ 22.114530671204889, 52.001488300281736 ], [ 22.06786564127853, 52.008419956637567 ], [ 22.058335459110467, 52.014955518344493 ], [ 22.050284098313313, 52.020500843429147 ], [ 22.031388047462855, 52.021491080051419 ], [ 22.02760883729276, 52.01772818088682 ], [ 22.02514413500792, 52.015351612993399 ], [ 22.013642191011982, 52.010697500868758 ], [ 22.011999056155418, 52.010796524530988 ], [ 21.997375155932019, 52.011093595517664 ], [ 21.986859092850025, 52.0009931819706 ], [ 21.975521462339742, 51.994457620263674 ], [ 21.967305788056933, 51.989704484476817 ], [ 21.95843285983149, 51.991883005045793 ], [ 21.95383208223312, 51.99297226533028 ], [ 21.934607404411352, 51.992279099694699 ], [ 21.930992507726913, 51.989506437152372 ], [ 21.919326250245319, 51.980297236565335 ], [ 21.9107819489912, 51.978118715996359 ], [ 21.903223528651012, 51.979604070929753 ], [ 21.902401961222722, 51.979802118254213 ], [ 21.899115691509607, 51.978118715996359 ], [ 21.890242763284164, 51.973761674858409 ], [ 21.889092568884578, 51.973167532885057 ], [ 21.880383954144804, 51.970989012316082 ], [ 21.879891013687825, 51.968216349773755 ], [ 21.87726199791733, 51.955937415657715 ], [ 21.876769057460365, 51.954353037062091 ], [ 21.875947490032075, 51.954254013399861 ], [ 21.869539264091486, 51.95356084776428 ], [ 21.866417307864026, 51.943460434217215 ], [ 21.870853771976741, 51.94138093731047 ], [ 21.874961609118145, 51.9395985113904 ], [ 21.880383954144804, 51.931478571087851 ], [ 21.889256882370233, 51.928012742909942 ], [ 21.887613747513669, 51.917318187389512 ], [ 21.886956493571049, 51.911574814980398 ], [ 21.893693346482948, 51.908703128775841 ], [ 21.904538036536266, 51.904148040313444 ], [ 21.906838425335451, 51.902464638055591 ], [ 21.903880782593632, 51.896424194659801 ], [ 21.911767829905131, 51.887115970410548 ], [ 21.906509798364141, 51.885531591814924 ], [ 21.898951378023952, 51.883254047583719 ], [ 21.899280004995262, 51.876619462214578 ], [ 21.899444318480917, 51.875134107281184 ], [ 21.895336481339513, 51.871668279103261 ], [ 21.890900017226798, 51.867806356276446 ], [ 21.889585509341543, 51.864340528098523 ], [ 21.886463553114083, 51.85691375343157 ], [ 21.87726199791733, 51.855329374835947 ], [ 21.847192630042244, 51.849982097075738 ], [ 21.845056554728714, 51.84473384297776 ], [ 21.846371062613969, 51.841664109448743 ], [ 21.854093796439798, 51.839485588879768 ], [ 21.857051439181618, 51.838693399581956 ], [ 21.857544379638583, 51.836712926337441 ], [ 21.858858887523837, 51.830177364630515 ], [ 21.869703577577141, 51.829979317306055 ], [ 21.871511025919361, 51.832950027172842 ], [ 21.87298984729027, 51.835128547741817 ], [ 21.886299239628414, 51.833841240132884 ], [ 21.892871779054673, 51.833148074497302 ], [ 21.894350600425568, 51.83423733478179 ], [ 21.896815302710422, 51.836019760701859 ], [ 21.908974500648981, 51.835425618728493 ], [ 21.9175188019031, 51.839089494230862 ], [ 21.925898789671564, 51.837901210284144 ], [ 21.927541924528128, 51.83413831111956 ], [ 21.942330138237182, 51.824830086870293 ], [ 21.944137586579401, 51.816116004594406 ], [ 21.945287780979001, 51.810966774158643 ], [ 21.946930915835566, 51.810075561198602 ], [ 21.950217185548681, 51.808293135278532 ], [ 21.956461098003615, 51.793835680593517 ], [ 21.95103875297697, 51.794033727917963 ], [ 21.945452094464656, 51.787795237197727 ], [ 21.926063103157219, 51.77868506027292 ], [ 21.914396845675626, 51.780170415206314 ], [ 21.914068218704315, 51.780170415206314 ], [ 21.901909020765757, 51.777694823650663 ], [ 21.899772945452227, 51.77432801913497 ], [ 21.896486675739112, 51.769475859685883 ], [ 21.886792180085394, 51.769178788699207 ], [ 21.866581621349681, 51.768683670388072 ], [ 21.858201633581203, 51.76026665909886 ], [ 21.845385181700024, 51.757989114867655 ], [ 21.844234987300425, 51.752641837107447 ], [ 21.83667656696025, 51.748779914280618 ], [ 21.83634793998894, 51.744719944129358 ], [ 21.84127734455862, 51.74363068384487 ], [ 21.846864003070934, 51.742343376235922 ], [ 21.848507137927498, 51.73927364270692 ], [ 21.850150272784049, 51.736401956502363 ], [ 21.861159276323022, 51.734124412271157 ], [ 21.870853771976741, 51.732044915364412 ], [ 21.87331847426158, 51.727291779577556 ], [ 21.871839652890671, 51.723132785764051 ], [ 21.871018085462396, 51.72075621787063 ], [ 21.87660474397471, 51.71283432489254 ], [ 21.882848656429644, 51.711249946296917 ], [ 21.901416080308792, 51.706298763185615 ], [ 21.902401961222722, 51.704120242616639 ], [ 21.898294124081318, 51.700555390776486 ], [ 21.894186286939913, 51.698574917531971 ], [ 21.881041208087424, 51.692336426811721 ], [ 21.87824787883126, 51.682434060589117 ], [ 21.87660474397471, 51.676987759166678 ], [ 21.870360831519776, 51.67768092480226 ], [ 21.856722812210307, 51.679166279735654 ], [ 21.856229871753328, 51.67302681267762 ], [ 21.856065558267673, 51.669560984499711 ], [ 21.850807526726683, 51.671145363095334 ], [ 21.846042435642644, 51.672630718028728 ], [ 21.845056554728714, 51.668273676890777 ], [ 21.841113031072965, 51.666293203646248 ], [ 21.841441658044275, 51.662926399130555 ], [ 21.841770285015585, 51.659460570952646 ], [ 21.838155388331145, 51.65292500924572 ], [ 21.833225983761466, 51.652132819947909 ], [ 21.831911475876211, 51.651934772623463 ], [ 21.830432654505316, 51.650152346703393 ], [ 21.828789519648751, 51.648369920783324 ], [ 21.814494246396663, 51.647577731485512 ], [ 21.805128377714254, 51.647082613174376 ], [ 21.792804866290041, 51.650449417690069 ], [ 21.783438997607632, 51.644309950632049 ], [ 21.760599423101425, 51.640051933156315 ], [ 21.75862766127355, 51.636586104978406 ], [ 21.759613542187481, 51.634605631733891 ], [ 21.7614209905297, 51.630545661582616 ], [ 21.755834332017386, 51.628070070026965 ], [ 21.747947284705887, 51.612622378719678 ], [ 21.72724378551321, 51.618563798453252 ], [ 21.72477908322837, 51.626485691431341 ], [ 21.721657127000896, 51.63638805765396 ], [ 21.716399095459906, 51.635793915680594 ], [ 21.713934393175066, 51.635397821031688 ], [ 21.68386502529998, 51.64658749486324 ], [ 21.647223117998635, 51.660252760250458 ], [ 21.636707054916641, 51.65292500924572 ], [ 21.638678816744516, 51.64688456584993 ], [ 21.640157638115426, 51.64223045372529 ], [ 21.639500384172791, 51.626782762418017 ], [ 21.630463142461707, 51.624604241849042 ], [ 21.624054916521118, 51.623118886915648 ], [ 21.615510615266984, 51.617573561830994 ], [ 21.626355305320303, 51.610047763501797 ], [ 21.628491380633832, 51.609255574203985 ], [ 21.648701939369545, 51.602224894185937 ], [ 21.652316836053984, 51.594005930221172 ], [ 21.657903494566298, 51.581132854131766 ], [ 21.698653239009033, 51.569745132975768 ], [ 21.757148839902641, 51.560733979713177 ], [ 21.770458232240799, 51.564694926202222 ], [ 21.783274684121977, 51.568358801704591 ], [ 21.817287575652813, 51.5641998078911 ], [ 21.821395412794217, 51.563110547606612 ], [ 21.823695801593402, 51.562120310984355 ], [ 21.825996190392587, 51.560932027037637 ], [ 21.828625206163096, 51.558852530130892 ], [ 21.830596967990971, 51.556376938575227 ], [ 21.832075789361866, 51.55380232335736 ], [ 21.832897356790156, 51.551128684477248 ], [ 21.833061670275811, 51.548356021934922 ], [ 21.833390297247121, 51.539839986983466 ], [ 21.833390297247121, 51.53528489852107 ], [ 21.845713808671334, 51.520728420173825 ], [ 21.854915363868088, 51.509835817328948 ], [ 21.855079677353743, 51.503498302946468 ], [ 21.851300467183648, 51.497754930537354 ], [ 21.847685570499209, 51.4922096054527 ], [ 21.848671451413153, 51.484386736136827 ], [ 21.857873006609893, 51.477158008794319 ], [ 21.860994962837367, 51.476563866820968 ], [ 21.872168279861981, 51.474484369914208 ], [ 21.87298984729027, 51.470523423425163 ], [ 21.855736931296363, 51.448639194073195 ], [ 21.850150272784049, 51.430517863885811 ], [ 21.83881264227378, 51.417941858783095 ], [ 21.834376178161065, 51.417644787796405 ], [ 21.833390297247121, 51.42190280527214 ], [ 21.828625206163096, 51.424675467814467 ], [ 21.826982071306531, 51.425665704436724 ], [ 21.811043663197879, 51.428735437965742 ], [ 21.787711148234692, 51.42012037935207 ], [ 21.785575072921162, 51.414971148916308 ], [ 21.781631549265413, 51.41556529088966 ], [ 21.780152727894517, 51.411604344400615 ], [ 21.767664902984635, 51.413485793982915 ], [ 21.7614209905297, 51.405761948329271 ], [ 21.764050006300209, 51.402197096489132 ], [ 21.760928050072735, 51.401206859866875 ], [ 21.769143724355544, 51.391700588293162 ], [ 21.780317041380172, 51.394374227173273 ], [ 21.788204088691671, 51.396156653093342 ], [ 21.795433882060536, 51.385660144897372 ], [ 21.7982272113167, 51.381600174746097 ], [ 21.816301694738883, 51.37248999782129 ], [ 21.823531488107747, 51.376153873323659 ], [ 21.832240102847535, 51.38051091446161 ], [ 21.840291463644689, 51.375361684025847 ], [ 21.852779288554558, 51.352685265376067 ], [ 21.844563614271749, 51.352982336362743 ], [ 21.843906360329115, 51.352487218051607 ], [ 21.829775400562681, 51.340703402246703 ], [ 21.834376178161065, 51.333672722228641 ], [ 21.835362059074995, 51.332187367295248 ], [ 21.831747162390556, 51.328523491792879 ], [ 21.830268341019661, 51.327038136859485 ], [ 21.828953833134406, 51.323077190370441 ], [ 21.822709920679472, 51.303767576236353 ], [ 21.818109143081088, 51.300202724396215 ], [ 21.811700917140499, 51.301490032005148 ], [ 21.811536603654844, 51.301589055667378 ], [ 21.784096251550267, 51.291587665782529 ], [ 21.788039775206002, 51.285745269711185 ], [ 21.807593079999094, 51.28990426352469 ], [ 21.812686798054443, 51.290894500146948 ], [ 21.815808754281903, 51.289310121551338 ], [ 21.815973067767558, 51.286834529995673 ], [ 21.816466008224538, 51.283269678155534 ], [ 21.821559726279872, 51.281190181248789 ], [ 21.825503249935622, 51.283368701817764 ], [ 21.83454049164672, 51.288517932253527 ], [ 21.838319701816815, 51.282972607168858 ], [ 21.860173395409078, 51.274654619541863 ], [ 21.856229871753328, 51.274258524892957 ], [ 21.849164391870119, 51.270495625728373 ], [ 21.839305582730745, 51.269208318119425 ], [ 21.834376178161065, 51.267821986848261 ], [ 21.830432654505316, 51.266831750226004 ], [ 21.823695801593402, 51.263861040359217 ], [ 21.821724039765527, 51.262672756412499 ], [ 21.808743274398694, 51.253859650474368 ], [ 21.808578960913039, 51.245838733834063 ], [ 21.811865230626154, 51.239105124802677 ], [ 21.815644440796248, 51.231282255486818 ], [ 21.808907587884349, 51.22583595406438 ], [ 21.807921706970404, 51.224944741104338 ], [ 21.789189969605602, 51.201971251467882 ], [ 21.785575072921162, 51.190088412000733 ], [ 21.783603311093287, 51.180582140427035 ], [ 21.788532715662981, 51.179096785493641 ], [ 21.789354283091257, 51.178799714506965 ], [ 21.791161731433476, 51.171372939839998 ], [ 21.790011537033877, 51.167312969688723 ], [ 21.785410759435507, 51.149686757812475 ], [ 21.793790747203971, 51.13948732060318 ], [ 21.799377405716285, 51.132951758896255 ], [ 21.798720151773665, 51.127802528460492 ], [ 21.795598195546191, 51.126713268176005 ], [ 21.792804866290041, 51.125723031553747 ], [ 21.790668790976511, 51.116018712655588 ], [ 21.792804866290041, 51.101264186983897 ], [ 21.797569957374066, 51.095421790912553 ], [ 21.79987034617325, 51.087004779623328 ], [ 21.798062897831031, 51.082449691160932 ], [ 21.799706032687595, 51.076211200440682 ], [ 21.802992302400725, 51.072052206627177 ], [ 21.784753505492887, 51.067497118164781 ], [ 21.782617430179357, 51.061951793080112 ], [ 21.783603311093287, 51.061060580120085 ], [ 21.786068013378127, 51.059080106875555 ], [ 21.784753505492887, 51.055218184048741 ], [ 21.776702144695733, 51.050960166573006 ], [ 21.773744501953914, 51.049375787977397 ], [ 21.775059009839168, 51.048484575017355 ], [ 21.779331160466228, 51.045513865150568 ], [ 21.778345279552298, 51.042939249932701 ], [ 21.76536451418545, 51.042642178946011 ], [ 21.76109236355839, 51.042543155283795 ], [ 21.759449228701826, 51.040859753025941 ], [ 21.755998645503041, 51.037393924848033 ], [ 21.748933165619832, 51.039968540065914 ], [ 21.731022995683304, 51.046603125435055 ], [ 21.72198575397222, 51.042543155283795 ], [ 21.720013992144345, 51.041750965985983 ], [ 21.706375972834877, 51.042741202608241 ], [ 21.698488925523378, 51.053336734466441 ], [ 21.68632972758482, 51.070071733382662 ], [ 21.675485037531502, 51.077399484387385 ], [ 21.667597990220003, 51.075022916493964 ], [ 21.650509387711764, 51.070071733382662 ], [ 21.642622340400266, 51.074329750858382 ], [ 21.640157638115426, 51.075716082129546 ], [ 21.626683932291613, 51.0736365852228 ], [ 21.612060032068214, 51.076112176778452 ], [ 21.615017674810019, 51.072547324938313 ], [ 21.623890603035463, 51.070962946342689 ], [ 21.627834126691212, 51.066407857880293 ], [ 21.630298828976052, 51.063437148013506 ], [ 21.621261587264954, 51.061357651106761 ], [ 21.619454138922734, 51.061753745755667 ], [ 21.610909837668615, 51.063635195337952 ], [ 21.591356532875523, 51.058783035888879 ], [ 21.578211454023034, 51.059080106875555 ], [ 21.555864819973792, 51.051851379533048 ], [ 21.548306399633603, 51.049474811639627 ], [ 21.543212681578254, 51.05274259249309 ], [ 21.532203678039295, 51.059971319835597 ], [ 21.513307627188823, 51.057792799266622 ], [ 21.503120191078139, 51.046207030786164 ], [ 21.505091952906014, 51.042048036972659 ], [ 21.506406460791268, 51.039176350768102 ], [ 21.502298623649864, 51.03848318513252 ], [ 21.49243981451049, 51.036997830199127 ], [ 21.49704059210886, 51.031848599763364 ], [ 21.498190786508459, 51.030561292154431 ], [ 21.488331977369086, 51.021055020580718 ], [ 21.463520641035004, 51.013133127602629 ], [ 21.430329316932443, 51.025511085380899 ], [ 21.430329316932443, 51.025709132705344 ], [ 21.429179122532858, 51.029670079194389 ], [ 21.41619835716601, 51.030462268492201 ], [ 21.410776012139351, 51.030858363141107 ], [ 21.402560337856542, 51.032739812723406 ], [ 21.404203472713107, 51.034621262305706 ], [ 21.404860726655727, 51.035413451603503 ], [ 21.395659171458988, 51.037492948510263 ], [ 21.382514092606485, 51.040463658377035 ], [ 21.382842719577795, 51.050167977275208 ], [ 21.383171346549119, 51.058287917577744 ], [ 21.37627018015155, 51.058882059551109 ], [ 21.372819596952766, 51.059179130537785 ], [ 21.371505089067526, 51.061258627444531 ], [ 21.368711759811362, 51.065615668582481 ], [ 21.361481966442497, 51.066110786893617 ], [ 21.355073740501908, 51.066605905204739 ], [ 21.355402367473218, 51.072151230289407 ], [ 21.356059621415838, 51.07977605228082 ], [ 21.351458843817468, 51.084826259054353 ], [ 21.311037726346044, 51.084232117081001 ], [ 21.240218614028208, 51.082449691160932 ], [ 21.155925795886574, 51.080370194254172 ], [ 21.151982272230825, 51.087004779623328 ], [ 21.152310899202135, 51.100471997686086 ], [ 21.156911676800519, 51.103739778539548 ], [ 21.159212065599704, 51.105324157135158 ], [ 21.155432855429609, 51.126911315500465 ], [ 21.14902462948902, 51.127307410149371 ], [ 21.137522685493082, 51.128198623109398 ], [ 21.127663876353708, 51.139190249616505 ], [ 21.125363487554523, 51.141665841172156 ], [ 21.113861543558585, 51.146716047945688 ], [ 21.092336476937632, 51.156420366843847 ], [ 21.096608627564692, 51.16404518883526 ], [ 21.11090390081678, 51.177611430560248 ], [ 21.117640753728679, 51.184047968604943 ], [ 21.118133694185644, 51.189395246365152 ], [ 21.112054095216365, 51.192762050880845 ], [ 21.109589392931525, 51.194148382152008 ], [ 21.10942507944587, 51.196623973707659 ], [ 21.10909645247456, 51.2012780858323 ], [ 21.07245454517323, 51.210784357405998 ], [ 21.068346708031825, 51.206922434579184 ], [ 21.071140037287975, 51.202862464427909 ], [ 21.074590620486759, 51.198109328641053 ], [ 21.07311179911585, 51.184642110578295 ], [ 21.069003961974445, 51.173452436746743 ], [ 21.056023196607597, 51.157509627128334 ], [ 21.044685566097328, 51.157806698115024 ], [ 21.024146380390306, 51.158400840088376 ], [ 21.019874229763232, 51.154736964586007 ], [ 21.021845991591107, 51.151271136408099 ], [ 21.022503245533741, 51.150181876123611 ], [ 20.998184849656624, 51.144933622025619 ], [ 20.99440563948653, 51.152558444017032 ], [ 20.99752759571399, 51.156816461492753 ], [ 20.999499357541865, 51.159589124035094 ], [ 20.983725262918867, 51.166520780390925 ], [ 20.977481350463933, 51.168996371946577 ], [ 20.965322152525374, 51.173848531395649 ], [ 20.965815092982339, 51.174244626044555 ], [ 20.967951168295883, 51.17652217027576 ], [ 20.941332383619567, 51.187216725796176 ], [ 20.938210427392107, 51.188405009742894 ], [ 20.920793197912545, 51.195336666098726 ], [ 20.913563404543666, 51.188206962418448 ], [ 20.911098702258826, 51.189197199040706 ], [ 20.908962626945296, 51.180978235075941 ], [ 20.908141059517021, 51.178205572533599 ], [ 20.906333611174801, 51.178898738169181 ], [ 20.904854789803892, 51.179492880142547 ], [ 20.895324607635828, 51.169986608568834 ], [ 20.8797148264985, 51.154439893599331 ], [ 20.868705822959527, 51.160876431644027 ], [ 20.859175640791463, 51.166421756728695 ], [ 20.859339954277118, 51.169293442933252 ], [ 20.853588982279163, 51.172957318435621 ], [ 20.849974085594724, 51.170580750542186 ], [ 20.821547852576202, 51.178403619858059 ], [ 20.809224341151975, 51.161173502630703 ], [ 20.816782761492163, 51.159094005723958 ], [ 20.821712166061857, 51.157806698115024 ], [ 20.813003551322069, 51.14582483498566 ], [ 20.804952190524915, 51.148003355554636 ], [ 20.789342409387572, 51.152162349368126 ], [ 20.784248691332238, 51.148102379216851 ], [ 20.781455362076088, 51.146022882310106 ], [ 20.770117731565804, 51.148696521190217 ], [ 20.767160088823985, 51.150577970772517 ], [ 20.767488715795309, 51.15186527838145 ], [ 20.76913185065186, 51.157509627128334 ], [ 20.723124074668121, 51.172264152800039 ], [ 20.714579773414002, 51.169887584906604 ], [ 20.706857039588158, 51.160876431644027 ], [ 20.697655484391419, 51.150082852461381 ], [ 20.68582491342417, 51.151271136408099 ], [ 20.687796675252045, 51.159292053048404 ], [ 20.687468048280735, 51.160777407981797 ], [ 20.686317853881135, 51.166223709404235 ], [ 20.68516765948155, 51.171769034488904 ], [ 20.695683722563544, 51.178700690844735 ], [ 20.701763321532823, 51.18266163733378 ], [ 20.699791559704948, 51.195336666098726 ], [ 20.674815909885197, 51.210388262757093 ], [ 20.663971219831893, 51.213854090935016 ], [ 20.651812021893335, 51.21781503742406 ], [ 20.634394792413772, 51.223360362508728 ], [ 20.620099519161684, 51.231480302811264 ], [ 20.612541098821495, 51.240194385087165 ], [ 20.61056933699362, 51.24247192931837 ], [ 20.605311305452631, 51.246531899469645 ], [ 20.579349774718949, 51.244353378900669 ], [ 20.569819592550886, 51.238808053816001 ], [ 20.569490965579575, 51.238312935504865 ], [ 20.566040382380791, 51.231579326473494 ], [ 20.545665510159424, 51.231084208162358 ], [ 20.533177685249555, 51.247621159754132 ], [ 20.536792581933994, 51.25465183977218 ], [ 20.527262399765931, 51.261088377816876 ], [ 20.533177685249555, 51.267326868537126 ], [ 20.534656506620451, 51.268812223470519 ], [ 20.53087729645037, 51.276734116448608 ], [ 20.525454951423711, 51.278516542368678 ], [ 20.505737333144964, 51.285052104075604 ], [ 20.503929884802744, 51.287824766617945 ], [ 20.506558900573239, 51.293370091702599 ], [ 20.506723214058908, 51.293667162689289 ], [ 20.505901646630619, 51.293766186351505 ], [ 20.498836166747409, 51.294360328324871 ], [ 20.49489264309166, 51.299707606085079 ], [ 20.495385583548625, 51.307827546387614 ], [ 20.506230273601929, 51.30852071202321 ], [ 20.510502424228989, 51.308817783009886 ], [ 20.515431828798683, 51.317036746974651 ], [ 20.507216154515874, 51.33129615433522 ], [ 20.484705206980976, 51.331593225321896 ], [ 20.466466410073124, 51.331791272646342 ], [ 20.463673080816974, 51.334761982513129 ], [ 20.462522886417389, 51.335950266459847 ], [ 20.450035061507506, 51.339019999988849 ], [ 20.434918220827143, 51.341891686193406 ], [ 20.432782145513613, 51.339416094637755 ], [ 20.429002935343519, 51.349318460860374 ], [ 20.423087649859895, 51.354962809607258 ], [ 20.42210176894595, 51.361597394976414 ], [ 20.424895098202114, 51.365162246816553 ], [ 20.427195487001299, 51.367934909358894 ], [ 20.429331562314829, 51.373579258105778 ], [ 20.434918220827143, 51.388234760115253 ], [ 20.440011938882478, 51.393879108862137 ], [ 20.442476641167332, 51.396849818728924 ], [ 20.447570359222667, 51.407544374249341 ], [ 20.450528001964486, 51.41368384130736 ], [ 20.456936227905075, 51.40932680016941 ], [ 20.456936227905075, 51.40932680016941 ], [ 20.473367576470693, 51.408732658196058 ], [ 20.482404818181777, 51.411307273413939 ], [ 20.491935000349841, 51.424180349503331 ], [ 20.487498536237126, 51.429725674587999 ], [ 20.485855401380562, 51.431904195156974 ], [ 20.487334222751471, 51.439925111797294 ], [ 20.490291865493276, 51.440618277432876 ], [ 20.49670009143388, 51.442301679690715 ], [ 20.4973573453765, 51.444975318570826 ], [ 20.49834322629043, 51.448441146748735 ], [ 20.508530662401114, 51.450421619993264 ], [ 20.512802813028188, 51.451213809291076 ], [ 20.524469070509767, 51.456561087051284 ], [ 20.527426713251586, 51.462304459460398 ], [ 20.532849058278245, 51.462007388473722 ], [ 20.527098086280276, 51.467354666233931 ], [ 20.527098086280276, 51.467849784545066 ], [ 20.526769459308966, 51.472602920331923 ], [ 20.526276518851986, 51.482505286554527 ], [ 20.523647503081492, 51.483495523176799 ], [ 20.522661622167561, 51.483792594163475 ], [ 20.521675741253617, 51.490031084883725 ], [ 20.518882411997467, 51.509142651693367 ], [ 20.50228674994618, 51.506369989151025 ], [ 20.4973573453765, 51.503399279284253 ], [ 20.492920881263785, 51.500725640404141 ], [ 20.456443287448096, 51.501913924350859 ], [ 20.451020942421451, 51.506667060137715 ], [ 20.450528001964486, 51.519045017915971 ], [ 20.45677191441942, 51.543899957134741 ], [ 20.462522886417389, 51.550336495179437 ], [ 20.466795037044449, 51.555089630966293 ], [ 20.467616604472724, 51.55984276675315 ], [ 20.45956524367557, 51.573805103127029 ], [ 20.452335450306691, 51.573012913829231 ], [ 20.442148014196007, 51.571824629882514 ], [ 20.434918220827143, 51.574795339749301 ], [ 20.435904101741073, 51.578657262576115 ], [ 20.436889982655018, 51.583113327376296 ], [ 20.431960578085324, 51.595491285154552 ], [ 20.428017054429574, 51.599650278968056 ], [ 20.423087649859895, 51.599947349954732 ], [ 20.42029432060373, 51.600145397279192 ], [ 20.416350796947995, 51.605096580390494 ], [ 20.424895098202114, 51.61163214209742 ], [ 20.4193084396898, 51.620346224373321 ], [ 20.418158245290201, 51.629357377635898 ], [ 20.413557467691831, 51.633714418773849 ], [ 20.392525341527843, 51.635991963005054 ], [ 20.384966921187655, 51.641636311751938 ], [ 20.394990043812683, 51.648072849796634 ], [ 20.392853968499153, 51.654509387841344 ], [ 20.391210833642589, 51.659361547290416 ], [ 20.398769253982778, 51.67124438675755 ], [ 20.418815499232835, 51.676393617193312 ], [ 20.437547236597638, 51.681146752980169 ], [ 20.440997819796422, 51.684711604820308 ], [ 20.440997819796422, 51.684711604820308 ], [ 20.437875863568948, 51.688276456660446 ], [ 20.441819387224697, 51.691346190189464 ], [ 20.448063299679632, 51.687484267362649 ], [ 20.449049180593576, 51.686890125389283 ], [ 20.449706434536196, 51.688078409336001 ], [ 20.451020942421451, 51.690355953567206 ], [ 20.465973469616159, 51.69619834963855 ], [ 20.470738560700198, 51.691049119202788 ], [ 20.471067187671508, 51.690752048216112 ], [ 20.487827163208436, 51.684216486509186 ], [ 20.502122436460525, 51.684810628482538 ], [ 20.512967126513843, 51.685305746793674 ], [ 20.514610261370393, 51.6793643270601 ], [ 20.515760455769993, 51.674908262259919 ], [ 20.520689860339687, 51.675502404233285 ], [ 20.522168681710582, 51.675700451557731 ], [ 20.522332995196237, 51.674512167611013 ], [ 20.524140443538457, 51.666293203646248 ], [ 20.533177685249555, 51.667877582241871 ], [ 20.536628268448325, 51.668471724215223 ], [ 20.57573487803451, 51.663619564766137 ], [ 20.583621925346009, 51.662728351806109 ], [ 20.594302301913658, 51.658272287005929 ], [ 20.621578340532594, 51.657876192357023 ], [ 20.623550102360468, 51.664213706739503 ], [ 20.624864610245709, 51.668174653228547 ], [ 20.639159883497811, 51.676096546206637 ], [ 20.641460272296996, 51.676393617193312 ], [ 20.651812021893335, 51.67758190114003 ], [ 20.65411241069252, 51.680255540020141 ], [ 20.659041815262214, 51.699664177816459 ], [ 20.654933978120795, 51.714319679825934 ], [ 20.657562993891304, 51.723429856750727 ], [ 20.651812021893335, 51.727489826902001 ], [ 20.647211244294965, 51.730658584093234 ], [ 20.640310077897396, 51.732143939026628 ], [ 20.637845375612557, 51.73729316946239 ], [ 20.633737538471152, 51.738877548058014 ], [ 20.611226590936255, 51.744224825818222 ], [ 20.601860722253846, 51.746403346387197 ], [ 20.585758000659538, 51.746898464698333 ], [ 20.582964671403388, 51.7494730799162 ], [ 20.584114865802974, 51.760464706423306 ], [ 20.586908195059138, 51.763138345303418 ], [ 20.594302301913658, 51.770268048983695 ], [ 20.592166226600128, 51.776011421392809 ], [ 20.585593687173883, 51.779477249570732 ], [ 20.585593687173883, 51.785616716628752 ], [ 20.580335655632879, 51.792548372984584 ], [ 20.579842715175914, 51.793142514957935 ], [ 20.580007028661569, 51.794132751580193 ], [ 20.581650163518134, 51.810075561198602 ], [ 20.576227818491475, 51.810669703171968 ], [ 20.561439604782421, 51.812452129092037 ], [ 20.558481962040602, 51.817601359527785 ], [ 20.562589799182007, 51.820770116719032 ], [ 20.572612921807035, 51.820968164043478 ], [ 20.589537210829633, 51.818690619812273 ], [ 20.605804245909596, 51.816512099243297 ], [ 20.618292070819464, 51.820671093056802 ], [ 20.617799130362499, 51.827107631101498 ], [ 20.605804245909596, 51.828493962372661 ], [ 20.599231706483351, 51.829286151670473 ], [ 20.597095631169822, 51.839881683528674 ], [ 20.600381900882937, 51.843644582693273 ], [ 20.605475618938286, 51.849586002426832 ], [ 20.598081512083752, 51.849784049751293 ], [ 20.591508972657508, 51.849982097075738 ], [ 20.590687405229218, 51.858498132027194 ], [ 20.590523091743563, 51.860775676258385 ], [ 20.583293298374699, 51.869687805858746 ], [ 20.57639213197713, 51.872262421076627 ], [ 20.568340771179976, 51.875134107281184 ], [ 20.567683517237356, 51.880580408703622 ], [ 20.566861949809081, 51.887314017734994 ], [ 20.518882411997467, 51.892364224508526 ], [ 20.510009483772023, 51.89394860310415 ], [ 20.508694975886783, 51.893552508455244 ], [ 20.497850285833465, 51.890284727601781 ], [ 20.481583250753502, 51.899097833539898 ], [ 20.487498536237126, 51.906821679193541 ], [ 20.489963238521966, 51.910287507371464 ], [ 20.487005595780161, 51.918704518660675 ], [ 20.478625608011697, 51.920982062891881 ], [ 20.474846397841603, 51.930686381790039 ], [ 20.45463583910589, 51.934251233630178 ], [ 20.445269970423482, 51.939004369417034 ], [ 20.445762910880447, 51.940984842661564 ], [ 20.431303324142704, 51.9395985113904 ], [ 20.42325196334555, 51.943163363230539 ], [ 20.419472753175455, 51.938014132794777 ], [ 20.416186483462326, 51.93345904433238 ], [ 20.401726896724583, 51.931181500101175 ], [ 20.392689655013498, 51.937618038145871 ], [ 20.388746131357749, 51.940291677025982 ], [ 20.380201830103616, 51.941083866323794 ], [ 20.375765365990901, 51.938410227443683 ], [ 20.379215949189685, 51.936033659550262 ], [ 20.380366143589285, 51.93524147025245 ], [ 20.372807723249096, 51.926230316989873 ], [ 20.360812838796193, 51.926428364314319 ], [ 20.35013246222853, 51.920486944580745 ], [ 20.333865427148567, 51.920784015567435 ], [ 20.326964260751012, 51.920883039229651 ], [ 20.323020737095263, 51.917120140065066 ], [ 20.318584272982548, 51.912862122589345 ], [ 20.305110567158735, 51.913852359211603 ], [ 20.311683106584979, 51.920982062891881 ], [ 20.311683106584979, 51.921873275851922 ], [ 20.311518793099324, 51.930389310803363 ], [ 20.307575269443575, 51.935340493914666 ], [ 20.289993726478357, 51.939301440403725 ], [ 20.274219631855374, 51.936132683212477 ], [ 20.270604735170934, 51.935439517576896 ], [ 20.264525136201655, 51.931379547425621 ], [ 20.242671442609378, 51.934548304616868 ], [ 20.246286339293817, 51.95187744550644 ], [ 20.255980834947536, 51.956234486644391 ], [ 20.282763933109493, 51.968414397098201 ], [ 20.274055318369719, 51.973563627533963 ], [ 20.273726691398394, 51.973761674858409 ], [ 20.26830434637175, 51.982277709809864 ], [ 20.256145148433191, 52.001884394930642 ], [ 20.247929474150382, 52.002082442255087 ], [ 20.233962827869604, 52.002577560566223 ], [ 20.201593071195319, 52.022877411322582 ], [ 20.201428757709664, 52.029710044016184 ], [ 20.208001297135922, 52.029313949367278 ], [ 20.238399291982319, 52.04684113758131 ], [ 20.253023192205717, 52.055357172532752 ], [ 20.249079668549967, 52.05912007169735 ], [ 20.248751041578657, 52.065556609742046 ], [ 20.248586728093002, 52.067438059324346 ], [ 20.244478890951598, 52.073676550044596 ], [ 20.256638088890156, 52.075657023289111 ], [ 20.268797286828715, 52.07763749653364 ], [ 20.270111794713969, 52.094867613760982 ], [ 20.267647092429115, 52.101106104481232 ], [ 20.260910239517216, 52.105166074632507 ], [ 20.257131029347121, 52.107344595201482 ], [ 20.256145148433191, 52.109226044783782 ], [ 20.251872997806117, 52.117246961424087 ], [ 20.213752269133877, 52.118237198046359 ], [ 20.211123253363382, 52.117643056072993 ], [ 20.201100130738354, 52.115464535504017 ], [ 20.164622536922678, 52.139329238100515 ], [ 20.163800969494403, 52.144280421211832 ], [ 20.163143715551769, 52.147845273051971 ], [ 20.159693132352999, 52.150915006580973 ], [ 20.129788077963568, 52.146062847131901 ], [ 20.115492804711465, 52.143785302900696 ], [ 20.11467123728319, 52.146656989105253 ], [ 20.11467123728319, 52.146855036429713 ], [ 20.110892027113096, 52.147746249389741 ], [ 20.090845781863038, 52.152598408838827 ], [ 20.086573631235979, 52.158440804910171 ], [ 20.086902258207289, 52.162599798723662 ], [ 20.087395198664254, 52.16824414747056 ], [ 20.081315599694975, 52.174779709177486 ], [ 20.078522270438825, 52.176364087773095 ], [ 20.071785417526925, 52.182503554831115 ], [ 20.062419548844517, 52.19082154245811 ], [ 20.063734056729771, 52.199634648396241 ], [ 20.068663461299451, 52.210527251241118 ], [ 20.0793438378671, 52.233302693553128 ], [ 20.070963850098636, 52.23825387666443 ], [ 20.049931723934648, 52.243898225411328 ], [ 20.038922720395675, 52.246769911615885 ], [ 20.039579974338309, 52.251225976416066 ], [ 20.04056585525224, 52.257563490798532 ], [ 20.017397653774722, 52.261821508274252 ], [ 20.009839233434533, 52.262019555598712 ], [ 19.987492599385291, 52.262316626585388 ], [ 19.965145965336049, 52.268357069981178 ], [ 19.959066366366756, 52.277566270568215 ], [ 19.959066366366756, 52.277863341554891 ], [ 19.95857342590979, 52.284299879599587 ], [ 19.949864811170016, 52.286676447493022 ], [ 19.940334629001953, 52.289053015386443 ], [ 19.936062478374893, 52.299747570906874 ], [ 19.912237022954741, 52.29984659456909 ], [ 19.905664483528497, 52.3044016830315 ], [ 19.899913511530528, 52.308362629520545 ], [ 19.890054702391154, 52.309847984453938 ], [ 19.881181774165725, 52.306679227262705 ], [ 19.865736306514037, 52.29390517483553 ], [ 19.869844143655442, 52.291825677928784 ], [ 19.874773548225122, 52.289251062710903 ], [ 19.874116294282501, 52.28598328185744 ], [ 19.849140644462764, 52.27340727675471 ], [ 19.831559101497547, 52.274397513376982 ], [ 19.826136756470888, 52.277566270568215 ], [ 19.817428141731114, 52.282616477341747 ], [ 19.808390900020015, 52.280041862123866 ], [ 19.8051046303069, 52.279150649163824 ], [ 19.798203463909331, 52.279249672826055 ], [ 19.790973670540467, 52.279348696488285 ], [ 19.790973670540467, 52.276774081270403 ], [ 19.790973670540467, 52.272912158443589 ], [ 19.76698390163466, 52.26291076855874 ], [ 19.735928652845629, 52.258553727420789 ], [ 19.731820815704225, 52.263603934194322 ], [ 19.728041605534131, 52.268258046318962 ], [ 19.699615372515609, 52.277764317892661 ], [ 19.685648726234831, 52.263801981518782 ], [ 19.685813039720486, 52.262613697572064 ], [ 19.686305980177451, 52.259048845731925 ], [ 19.656893866244999, 52.253998638958393 ], [ 19.642598592992911, 52.254592780931745 ], [ 19.635368799624032, 52.256375206851814 ], [ 19.632739783853538, 52.259940058691967 ], [ 19.631589589453938, 52.261722484612037 ], [ 19.630110768083028, 52.262217602923158 ], [ 19.625017050027694, 52.264396123492133 ], [ 19.629453514140408, 52.26934730660345 ], [ 19.632904097339193, 52.273308253092495 ], [ 19.632082529910903, 52.276576033945958 ], [ 19.626331557912948, 52.276477010283728 ], [ 19.613515106031755, 52.276278962959267 ], [ 19.615322554373975, 52.284894021572953 ], [ 19.615979808316595, 52.288161802426416 ], [ 19.603163356435417, 52.289350086373119 ], [ 19.593797487753008, 52.290142275670931 ], [ 19.549761473597144, 52.294202245822206 ], [ 19.540066977943439, 52.301827067813619 ], [ 19.536452081259, 52.304599730355946 ], [ 19.526757585605282, 52.3044016830315 ], [ 19.519856419207713, 52.30430265936927 ], [ 19.511805058410559, 52.310739197413966 ], [ 19.508190161726134, 52.313610883618523 ], [ 19.503753697613405, 52.315492333200822 ], [ 19.492909007560101, 52.320245468987679 ], [ 19.497345471672816, 52.326483959707929 ], [ 19.502110562756855, 52.3332175687393 ], [ 19.486665095105167, 52.337079491566129 ], [ 19.464318461055925, 52.342525792988567 ], [ 19.456595727230081, 52.347080881450964 ], [ 19.450023187803836, 52.351041827940008 ], [ 19.444600842777177, 52.345991621166476 ], [ 19.438192616836588, 52.339951177770686 ], [ 19.42636204586934, 52.337673633539481 ], [ 19.408780502904122, 52.339059964810644 ], [ 19.407630308504537, 52.340446296081808 ], [ 19.404015411820097, 52.344704313557543 ], [ 19.38216171822782, 52.343119934961919 ], [ 19.360965278578163, 52.341634580028526 ], [ 19.348806080639605, 52.346684786802058 ], [ 19.347491572754365, 52.347179905113194 ], [ 19.340426092871141, 52.34747697609987 ], [ 19.322187295963303, 52.348467212722127 ], [ 19.325144938705108, 52.354012537806796 ], [ 19.327773954475617, 52.358666649931422 ], [ 19.324159057791178, 52.366687566571741 ], [ 19.318079458821899, 52.37015339474965 ], [ 19.309699471053435, 52.369559252776298 ], [ 19.300497915856681, 52.368965110802947 ], [ 19.294089689916092, 52.371143631371922 ], [ 19.294911257344367, 52.377283098429942 ], [ 19.300990856313646, 52.380550879283405 ], [ 19.307563395739905, 52.384115731123543 ], [ 19.300333602371026, 52.391047387479375 ], [ 19.289160285346398, 52.392730789737215 ], [ 19.289160285346398, 52.399068304119695 ], [ 19.282752059405809, 52.403722416244321 ], [ 19.290639106717308, 52.410059930626787 ], [ 19.292282241573872, 52.411248214573504 ], [ 19.293761062944782, 52.416991586982618 ], [ 19.297211646143552, 52.418873036564918 ], [ 19.296225765229622, 52.423428125027314 ], [ 19.287188523518523, 52.432340254627675 ], [ 19.281437551520568, 52.433231467587703 ], [ 19.262870127641406, 52.436004130130044 ], [ 19.259255230956981, 52.442638715499186 ], [ 19.26993560752463, 52.44867915889499 ], [ 19.284559507748028, 52.449669395517247 ], [ 19.293925376430437, 52.447193803961596 ], [ 19.298854781000117, 52.446005520014879 ], [ 19.317915145336244, 52.448877206219436 ], [ 19.331060224188732, 52.463631731891127 ], [ 19.331224537674387, 52.464225873864493 ], [ 19.332210418588332, 52.471850695855906 ], [ 19.337961390586301, 52.478485281225048 ], [ 19.34831314018264, 52.480069659820671 ], [ 19.356857441436759, 52.481356967429605 ], [ 19.355542933551519, 52.486704245189827 ], [ 19.354721366123229, 52.489575931394384 ], [ 19.365073115719568, 52.504132409741629 ], [ 19.378546821543381, 52.507994332568444 ], [ 19.395635424051633, 52.512846492017516 ], [ 19.38281897217044, 52.519778148373348 ], [ 19.359322143721599, 52.522352763591229 ], [ 19.333031986016607, 52.525323473458016 ], [ 19.321858668991993, 52.529977585582643 ], [ 19.320872788078049, 52.534334626720593 ], [ 19.336811196186702, 52.533542437422781 ], [ 19.346670005326075, 52.528096136000343 ], [ 19.34831314018264, 52.529680514595967 ], [ 19.354721366123229, 52.535720957991757 ], [ 19.34864176715395, 52.542256519698682 ], [ 19.347491572754365, 52.546217466187727 ], [ 19.341083346813761, 52.567012435255222 ], [ 19.364580175262603, 52.56820071920194 ], [ 19.377889567600761, 52.568794861175292 ], [ 19.389555825082354, 52.573151902313242 ], [ 19.394156602680724, 52.577409919788963 ], [ 19.395142483594654, 52.583153292198077 ], [ 19.396621304965564, 52.591372256162856 ], [ 19.407465995018867, 52.594640037016319 ], [ 19.416503236729966, 52.597412699558646 ], [ 19.426033418898029, 52.611474059594755 ], [ 19.401550709535243, 52.61989107088398 ], [ 19.393499348738089, 52.62187154412851 ], [ 19.367866444975732, 52.628308082173206 ], [ 19.373781730459356, 52.637121188111323 ], [ 19.38364053959873, 52.643557726156033 ], [ 19.391691900395884, 52.644250891791614 ], [ 19.402536590449188, 52.645142104751642 ], [ 19.408780502904122, 52.65682689689433 ], [ 19.416503236729966, 52.671185327917115 ], [ 19.42915537512549, 52.671977517214927 ], [ 19.435399287580424, 52.676631629339553 ], [ 19.435727914551748, 52.676631629339553 ], [ 19.441807513521027, 52.675740416379526 ], [ 19.446572604605052, 52.671383375241575 ], [ 19.449858874318181, 52.672571659188293 ], [ 19.443450648377578, 52.681978907099776 ], [ 19.438356930322243, 52.68138476512641 ], [ 19.436878108951333, 52.681285741464194 ], [ 19.437371049408299, 52.694257841215816 ], [ 19.444272215805867, 52.703467041802838 ], [ 19.445915350662432, 52.705744586034044 ], [ 19.445093783234142, 52.706734822656301 ], [ 19.440821632607083, 52.711785029429834 ], [ 19.442629080949303, 52.72267763227471 ], [ 19.45807454860099, 52.725054200168145 ], [ 19.46727610379773, 52.720202040719059 ], [ 19.487979602990421, 52.715944023243338 ], [ 19.490772932246571, 52.715349881269987 ], [ 19.490937245732226, 52.715250857607757 ], [ 19.495702336816251, 52.707328964629667 ], [ 19.525771704691337, 52.703764112789528 ], [ 19.525114450748717, 52.707130917305207 ], [ 19.519527792236403, 52.71029967449644 ], [ 19.508190161726134, 52.713270384363227 ], [ 19.503753697613405, 52.714458668309945 ], [ 19.503918011099074, 52.728520028346054 ], [ 19.499481546986345, 52.732679022159559 ], [ 19.501617622299875, 52.736342897661928 ], [ 19.510490550525319, 52.739709702177606 ], [ 19.518213284351162, 52.742680412044393 ], [ 19.522156808006912, 52.748225737129061 ], [ 19.512297998867538, 52.749215973751319 ], [ 19.49833135258676, 52.750503281360267 ], [ 19.501288995328565, 52.756543724756057 ], [ 19.49898860652938, 52.75961345828506 ], [ 19.50145330881422, 52.760306623920641 ], [ 19.50539683246997, 52.761296860542913 ], [ 19.503096443670785, 52.768228516898745 ], [ 19.492416067103136, 52.773476770996723 ], [ 19.492416067103136, 52.779418190730297 ], [ 19.487979602990421, 52.780705498339231 ], [ 19.479106674764978, 52.783379137219342 ], [ 19.468426298197329, 52.786547894410575 ], [ 19.463989834084614, 52.794271740064218 ], [ 19.464318461055925, 52.798529757539939 ], [ 19.46448277454158, 52.800807301771144 ], [ 19.46481140151289, 52.803877035300147 ], [ 19.455938473287461, 52.804867271922404 ], [ 19.451337695689077, 52.80536239023354 ], [ 19.436220855008713, 52.814967685469483 ], [ 19.423733030098845, 52.815561827442835 ], [ 19.42701929981196, 52.820017892243015 ], [ 19.4294840020968, 52.823285673096478 ], [ 19.42455459752712, 52.831207566074568 ], [ 19.428005180725904, 52.838733364403751 ], [ 19.436220855008713, 52.838535317079305 ], [ 19.444600842777177, 52.838337269754845 ], [ 19.468590611682984, 52.848734754288586 ], [ 19.470726686996514, 52.850715227533115 ], [ 19.467769044254709, 52.853883984724348 ], [ 19.465304341969855, 52.856557623604459 ], [ 19.466290222883799, 52.85883516783565 ], [ 19.474012956709643, 52.864281469258088 ], [ 19.487979602990421, 52.866459989827064 ], [ 19.491923126646171, 52.865568776867036 ], [ 19.516077209037633, 52.860221499106828 ], [ 19.510983490982284, 52.8650736585559 ], [ 19.508683102183099, 52.867846321098241 ], [ 19.492580380588791, 52.878144781969752 ], [ 19.489787051332627, 52.880521349863187 ], [ 19.487979602990421, 52.882006704796581 ], [ 19.460374937400175, 52.905376289081943 ], [ 19.464647088027235, 52.913100134735586 ], [ 19.466125909398144, 52.915872797277913 ], [ 19.467440417283385, 52.918249365171349 ], [ 19.457088667687046, 52.923002500958191 ], [ 19.451173382203422, 52.925577116176072 ], [ 19.444600842777177, 52.939044334238829 ], [ 19.446243977633742, 52.946570132568013 ], [ 19.45807454860099, 52.942114067767847 ], [ 19.483050198420727, 52.943698446363456 ], [ 19.487979602990421, 52.941024807483359 ], [ 19.527250526062247, 52.93726190831876 ], [ 19.54171011279999, 52.948055487501406 ], [ 19.575394377359515, 52.956274451466186 ], [ 19.582459857242739, 52.958551995697377 ], [ 19.583610051642324, 52.965186581066533 ], [ 19.567343016562361, 52.975088947289152 ], [ 19.560934790621772, 52.978950870115966 ], [ 19.557155580451678, 52.989051283663031 ], [ 19.593797487753008, 52.982119627307199 ], [ 19.623866855628094, 52.976574302222545 ], [ 19.635040172652722, 52.971028977137877 ], [ 19.647692311048246, 52.968949480231132 ], [ 19.659687195501149, 52.959542232319649 ], [ 19.681047948636461, 52.956472498790632 ], [ 19.684827158806556, 52.963008060497557 ], [ 19.678418932865966, 52.979346964764872 ], [ 19.672503647382342, 52.983010840267241 ], [ 19.666095421441739, 52.986872763094055 ], [ 19.670696199040123, 52.992913206489845 ], [ 19.677597365437677, 53.002122407076882 ], [ 19.679733440751207, 53.014896459504058 ], [ 19.687456174577051, 53.020540808250942 ], [ 19.681540889093426, 53.023412494455499 ], [ 19.672339333896687, 53.036780688856027 ], [ 19.661494643843369, 53.038860185762786 ], [ 19.65360759653187, 53.040444564358395 ], [ 19.65327896956056, 53.04628696042974 ], [ 19.65295034258925, 53.052426427487759 ], [ 19.649992699847431, 53.053614711434477 ], [ 19.646377803163006, 53.055100066367871 ], [ 19.646542116648661, 53.064012195968218 ], [ 19.65295034258925, 53.067775095132816 ], [ 19.659029941558529, 53.071240923310725 ], [ 19.654100536988835, 53.07351846754193 ], [ 19.647363684076936, 53.076687224733163 ], [ 19.645884862706026, 53.08767885124027 ], [ 19.642598592992911, 53.090946632093733 ], [ 19.638983696308472, 53.094313436609426 ], [ 19.635368799624032, 53.110949411863416 ], [ 19.642598592992911, 53.112038672147904 ], [ 19.646542116648661, 53.112236719472349 ], [ 19.651307207732685, 53.108770891294441 ], [ 19.65393622350318, 53.106988465374371 ], [ 19.666095421441739, 53.106592370725465 ], [ 19.668560123726593, 53.108473820307751 ], [ 19.673653841781928, 53.11243476679681 ], [ 19.682198143036047, 53.113722074405743 ], [ 19.685648726234831, 53.12263420400609 ], [ 19.69534322188855, 53.119762517801533 ], [ 19.698793805087334, 53.120257636112669 ], [ 19.709309868169328, 53.121643967383832 ], [ 19.710295749083258, 53.126595150495135 ], [ 19.711938883939823, 53.134616067135454 ], [ 19.732642383132514, 53.144518433358073 ], [ 19.761561556608001, 53.15174716070058 ], [ 19.780621920944128, 53.154222752256231 ], [ 19.820221470987264, 53.146003788291466 ], [ 19.838460267895101, 53.142240889126867 ], [ 19.837967327438136, 53.163233905518808 ], [ 19.833859490296732, 53.167392899332313 ], [ 19.826958323899177, 53.174324555688145 ], [ 19.834352430753697, 53.180860117395071 ], [ 19.847004569149234, 53.191851743902163 ], [ 19.880853147194401, 53.202843370409269 ], [ 19.88479667085015, 53.208982837467289 ], [ 19.892519404675994, 53.212349641982982 ], [ 19.897120182274378, 53.210369168738453 ], [ 19.897777436216998, 53.210072097751777 ], [ 19.902871154272333, 53.210369168738453 ], [ 19.912237022954741, 53.210963310711819 ], [ 19.91733074101009, 53.20541798562715 ], [ 19.916344860096146, 53.191257601928811 ], [ 19.914373098268271, 53.189871270657648 ], [ 19.911086828555156, 53.187395679101996 ], [ 19.909608007184247, 53.180860117395071 ], [ 19.908786439755957, 53.177196241892702 ], [ 19.917495054495745, 53.174621626674821 ], [ 19.925875042264209, 53.172146035119169 ], [ 19.927025236663809, 53.169967514550194 ], [ 19.928339744549049, 53.167491922994543 ], [ 19.937705613231458, 53.164818284114432 ], [ 19.943292271743772, 53.163233905518808 ], [ 19.953808334825766, 53.160164171989805 ], [ 19.963009890022505, 53.152539349998392 ], [ 19.968925175506129, 53.14748914322486 ], [ 19.980920059959033, 53.144419409695843 ], [ 19.991107496069716, 53.146597930264818 ], [ 20.018219221202997, 53.152539349998392 ], [ 20.024463133657932, 53.148281332522672 ], [ 20.028570970799336, 53.14560769364256 ], [ 20.03415762931165, 53.148281332522672 ], [ 20.035143510225581, 53.150261805767187 ], [ 20.03908703388133, 53.158381746069736 ], [ 20.053053680162108, 53.155708107189625 ], [ 20.056832890332203, 53.156005178176301 ], [ 20.074250119811765, 53.157391509447464 ], [ 20.075728941182675, 53.161055384949833 ], [ 20.07655050861095, 53.163233905518808 ], [ 20.077372076039225, 53.165412426087784 ], [ 20.102347725858976, 53.167788993981219 ], [ 20.11467123728319, 53.163233905518808 ], [ 20.117628880025009, 53.162144645234321 ], [ 20.124858673393874, 53.151153018727229 ], [ 20.127652002650038, 53.146895001251494 ], [ 20.135210422990212, 53.142339912789097 ], [ 20.15492804126896, 53.143627220398031 ], [ 20.162815088580459, 53.148776450833793 ], [ 20.164622536922678, 53.15164813703835 ], [ 20.166758612236208, 53.155212988878489 ], [ 20.19551347222604, 53.152341302673932 ], [ 20.229526363756875, 53.148875474496023 ], [ 20.233962827869604, 53.148380356184887 ], [ 20.265839644086896, 53.140557486869028 ], [ 20.30773958292923, 53.140557486869028 ], [ 20.334522681091201, 53.145211598993654 ], [ 20.352432851027729, 53.1472910959004 ], [ 20.357690882568718, 53.155113965216273 ], [ 20.34586031160147, 53.156995414798573 ], [ 20.331236411378072, 53.159371982691994 ], [ 20.329593276521507, 53.162540739883227 ], [ 20.331729351835037, 53.163233905518808 ], [ 20.356705001654788, 53.171155798496898 ], [ 20.37625830644788, 53.177394289217148 ], [ 20.378558695247065, 53.180860117395071 ], [ 20.381680651474525, 53.185811300506373 ], [ 20.383816726788055, 53.18888103403539 ], [ 20.386281429072909, 53.190168341644323 ], [ 20.398933567468433, 53.196505856026789 ], [ 20.412571586777901, 53.210468192400683 ], [ 20.411092765406991, 53.214132067903051 ], [ 20.458250735790315, 53.245918663477639 ], [ 20.465316215673539, 53.240472362055201 ], [ 20.472381695556749, 53.234927036970532 ], [ 20.486184028351872, 53.234728989646086 ], [ 20.505573019659309, 53.234332894997181 ], [ 20.508859289372438, 53.228391475263606 ], [ 20.509187916343748, 53.228292451601391 ], [ 20.525126324452401, 53.223242244827858 ], [ 20.531041609936025, 53.225618812721279 ], [ 20.531041609936025, 53.22571783638351 ], [ 20.53268474479259, 53.231857303441529 ], [ 20.549280406843863, 53.226212954694631 ], [ 20.551909422614358, 53.225321741734604 ], [ 20.559303529468892, 53.22581686004574 ], [ 20.568505084665631, 53.233837776686045 ], [ 20.5754062510632, 53.239977243744065 ], [ 20.579514088204604, 53.237204581201738 ], [ 20.586086627630849, 53.232847540063787 ], [ 20.60925482910838, 53.239086030784037 ], [ 20.610405023507965, 53.245720616153193 ], [ 20.61171953139322, 53.252355201522334 ], [ 20.631437149671967, 53.252157154197889 ], [ 20.651812021893335, 53.251860083211213 ], [ 20.656412799491704, 53.251860083211213 ], [ 20.661835144518363, 53.258692715904814 ], [ 20.666928862573698, 53.26522827761174 ], [ 20.675966104284797, 53.269486295087461 ], [ 20.691740198907794, 53.290677358803862 ], [ 20.69256176633607, 53.294737328955122 ], [ 20.693711960735669, 53.300975819675372 ], [ 20.701270381075858, 53.300975819675372 ], [ 20.711950757643507, 53.300876796013142 ], [ 20.714744086899657, 53.30652114476004 ], [ 20.716880162213187, 53.310284043924625 ], [ 20.722631134211156, 53.309095759977922 ], [ 20.740376990662028, 53.305629931799999 ], [ 20.744977768260398, 53.30820454701788 ], [ 20.742348752489903, 53.313056706466966 ], [ 20.741691498547283, 53.314145966751454 ], [ 20.744484827803433, 53.316621558307105 ], [ 20.791478484701116, 53.309491854626827 ], [ 20.825655689717607, 53.303748482217699 ], [ 20.837814887656165, 53.298302180795275 ], [ 20.848166637252504, 53.293747092332865 ], [ 20.852603101365219, 53.300084606715345 ], [ 20.853753295764818, 53.301768008973184 ], [ 20.856053684564003, 53.302659221933212 ], [ 20.867884255531251, 53.307313334057852 ], [ 20.871334838730021, 53.3143440140759 ], [ 20.874292481471841, 53.319988362822798 ], [ 20.892695591865333, 53.314740108724806 ], [ 20.904033222375617, 53.311472327871343 ], [ 20.906004984203491, 53.315235227035942 ], [ 20.908633999973986, 53.320186410147244 ], [ 20.914713598943266, 53.320978599445056 ], [ 20.91734261471376, 53.318998126200526 ], [ 20.919314376541635, 53.317413747604917 ], [ 20.926215542939204, 53.322265907053989 ], [ 20.92030025745558, 53.325236616920776 ], [ 20.918328495627705, 53.326325877205264 ], [ 20.918657122599015, 53.331673154965472 ], [ 20.91882143608467, 53.334445817507813 ], [ 20.917671241685071, 53.335238006805625 ], [ 20.912577523629736, 53.338802858645764 ], [ 20.911920269687116, 53.343655018094836 ], [ 20.938210427392107, 53.358805638415447 ], [ 20.943797085904421, 53.357320283482053 ], [ 20.964007644640134, 53.351774958397385 ], [ 20.989804861888146, 53.358409543766541 ], [ 20.996706028285715, 53.36009294602438 ], [ 21.030225979359585, 53.350586674450668 ], [ 21.039098907585014, 53.344546231054878 ], [ 21.053887121294068, 53.334346793845583 ], [ 21.055858883121942, 53.334643864832259 ], [ 21.067525140603536, 53.338604811321304 ], [ 21.07278317214454, 53.340090166254697 ], [ 21.077383949742909, 53.342169663161442 ], [ 21.088557266767538, 53.348606201206152 ], [ 21.115176051443839, 53.355042739250848 ], [ 21.136536804579151, 53.366430460406846 ], [ 21.139165820349646, 53.370787501544797 ], [ 21.143437970976706, 53.37841232353621 ], [ 21.181230072677636, 53.394850251465755 ], [ 21.200126123528094, 53.399207292603705 ], [ 21.244983705112247, 53.417724717439995 ], [ 21.275710326929953, 53.425349539431409 ], [ 21.286719330468912, 53.422774924213527 ], [ 21.286555016983257, 53.417922764764441 ], [ 21.286555016983257, 53.41544717320879 ], [ 21.290662854124662, 53.411486226719745 ], [ 21.298878528407485, 53.417427646453319 ], [ 21.30643694874766, 53.422774924213527 ], [ 21.327797701882972, 53.419408119697835 ], [ 21.349980022446559, 53.415942291519926 ], [ 21.352937665188378, 53.417427646453319 ], [ 21.358688637186333, 53.420200308995646 ], [ 21.373969791352366, 53.422477853226852 ], [ 21.387279183690524, 53.429112438595993 ], [ 21.400095635571702, 53.427131965351478 ], [ 21.412747773967226, 53.428716343947102 ], [ 21.42014188082176, 53.429508533244899 ], [ 21.439859499100507, 53.438717733831936 ], [ 21.437394796815667, 53.443272822294333 ], [ 21.435094408016468, 53.447134745121161 ], [ 21.437887737272632, 53.447233768783377 ], [ 21.446432038526751, 53.447530839770067 ], [ 21.439366558643542, 53.45664101669486 ], [ 21.434601467559503, 53.462780483752894 ], [ 21.516429583416297, 53.476742820126773 ], [ 21.551756982832387, 53.478129151397937 ], [ 21.56588794259882, 53.480901813940278 ], [ 21.57147460111112, 53.480109624642466 ], [ 21.574267930367284, 53.480010600980236 ], [ 21.587248695734118, 53.480307671966912 ], [ 21.593163981217742, 53.480901813940278 ], [ 21.598093385787436, 53.481793026900306 ], [ 21.604172984756715, 53.481793026900306 ], [ 21.61074552418296, 53.481000837602494 ], [ 21.61288159949649, 53.480802790278048 ] ], [ [ 20.404848852952057, 52.384313778447989 ], [ 20.405341793409022, 52.376193838145454 ], [ 20.401726896724583, 52.372133867994179 ], [ 20.409942571007392, 52.371242655034138 ], [ 20.417993931804546, 52.370450465736326 ], [ 20.42210176894595, 52.361142241487073 ], [ 20.422266082431605, 52.358666649931422 ], [ 20.423744903802515, 52.341040438055174 ], [ 20.420130007118075, 52.336881444241669 ], [ 20.42144451500333, 52.331039048170325 ], [ 20.402219837181548, 52.32707810168128 ], [ 20.388581817872094, 52.324305439138953 ], [ 20.37938026267534, 52.317967924756474 ], [ 20.380201830103616, 52.308263605858315 ], [ 20.394661416841373, 52.307669463884963 ], [ 20.411585705863956, 52.306976298249381 ], [ 20.407313555236897, 52.29984659456909 ], [ 20.398933567468433, 52.303015351760337 ], [ 20.394332789870063, 52.300737807529131 ], [ 20.390224952728644, 52.301430973164713 ], [ 20.386610056044219, 52.302025115138065 ], [ 20.385295548158965, 52.29984659456909 ], [ 20.38184496496018, 52.294796387795557 ], [ 20.367878318679402, 52.294499316808881 ], [ 20.349968148742875, 52.294103222159976 ], [ 20.346353252058449, 52.28776570777751 ], [ 20.345695998115815, 52.286577423830792 ], [ 20.34306698234532, 52.286775471155238 ], [ 20.327785828179287, 52.28776570777751 ], [ 20.312504674013269, 52.281032098746124 ], [ 20.332879546234636, 52.280239909448312 ], [ 20.338630518232605, 52.280041862123866 ], [ 20.337480323833006, 52.268059998994502 ], [ 20.336330129433421, 52.257662514460762 ], [ 20.342902668859665, 52.253503520647257 ], [ 20.34421717674492, 52.25261230768723 ], [ 20.343559922802285, 52.251721094727188 ], [ 20.340109339603501, 52.24627479330475 ], [ 20.333043859720291, 52.245878698655844 ], [ 20.331893665320692, 52.243205059775747 ], [ 20.345367371144505, 52.238055829339984 ], [ 20.361305779253158, 52.238055829339984 ], [ 20.370343020964256, 52.237956805677754 ], [ 20.371164588392531, 52.235778285108779 ], [ 20.373300663706061, 52.229935889037435 ], [ 20.377737127818776, 52.230331983686341 ], [ 20.381352024503215, 52.236075356095455 ], [ 20.384309667245034, 52.241026539206771 ], [ 20.393346908956119, 52.239838255260054 ], [ 20.398933567468433, 52.245383580344722 ], [ 20.416022169976671, 52.241224586531217 ], [ 20.412407273292246, 52.23211440960641 ], [ 20.412242959806576, 52.231619291295289 ], [ 20.413393154206176, 52.219241333517019 ], [ 20.42292333637424, 52.219439380841465 ], [ 20.424402157745149, 52.226569084521756 ], [ 20.425880979116045, 52.233203669890898 ], [ 20.435082534312798, 52.234986095810967 ], [ 20.443626835566917, 52.240927515544541 ], [ 20.469095425843634, 52.234490977499846 ], [ 20.487991476694091, 52.237560711028848 ], [ 20.490291865493276, 52.231718314957504 ], [ 20.488977357608036, 52.226371037197296 ], [ 20.486184028351872, 52.225380800575039 ], [ 20.475503651784223, 52.22161790141044 ], [ 20.477475413612098, 52.218647191543653 ], [ 20.487005595780161, 52.217260860272489 ], [ 20.488813044122381, 52.217062812948043 ], [ 20.489963238521966, 52.194287370636033 ], [ 20.485033833952286, 52.193297134013761 ], [ 20.481418937267847, 52.192504944715964 ], [ 20.483062072124412, 52.188345950902459 ], [ 20.484869520466631, 52.183790862440063 ], [ 20.485855401380562, 52.178146513693164 ], [ 20.483719326067032, 52.175967993124189 ], [ 20.468109544929689, 52.183097696804481 ], [ 20.460058184132535, 52.18676157230685 ], [ 20.441162133282077, 52.190128376822528 ], [ 20.422430395917274, 52.189534234849177 ], [ 20.413393154206176, 52.194386394298249 ], [ 20.395318670783993, 52.165174413941543 ], [ 20.404191599009422, 52.162797846048122 ], [ 20.412571586777901, 52.160619325479146 ], [ 20.411257078892646, 52.14329018458956 ], [ 20.411092765406991, 52.140220451060557 ], [ 20.409942571007392, 52.13724974119377 ], [ 20.414543348605775, 52.134279031326983 ], [ 20.415364916034051, 52.133783913015861 ], [ 20.416022169976671, 52.132298558082468 ], [ 20.42078726106071, 52.122495215522079 ], [ 20.426538233058679, 52.121504978899821 ], [ 20.431631951114014, 52.12061376593978 ], [ 20.432124891570979, 52.115563559166247 ], [ 20.432124891570979, 52.115068440855111 ], [ 20.428674308372209, 52.109622139432673 ], [ 20.439518998425513, 52.107641666188158 ], [ 20.439847625396823, 52.107542642525928 ], [ 20.452006823335381, 52.099917820534515 ], [ 20.453321331220636, 52.0960558977077 ], [ 20.446913105280046, 52.095560779396564 ], [ 20.443298208595607, 52.095263708409888 ], [ 20.448227613165287, 52.08991643064968 ], [ 20.448720553622266, 52.089520336000774 ], [ 20.448391926650942, 52.089025217689638 ], [ 20.445434283909137, 52.084074034578336 ], [ 20.449213494079231, 52.080608206400427 ], [ 20.453157017734981, 52.078528709493668 ], [ 20.461208378532135, 52.074171668355717 ], [ 20.473531889956348, 52.057139598452821 ], [ 20.472053068585438, 52.050009894772543 ], [ 20.470902874185853, 52.049019658150286 ], [ 20.462194259446065, 52.041988978132224 ], [ 20.477475413612098, 52.035849511074204 ], [ 20.495056956577315, 52.033472943180783 ], [ 20.510009483772023, 52.038523149954315 ], [ 20.515103201827372, 52.043672380390063 ], [ 20.521675741253617, 52.050306965759219 ], [ 20.53728552239096, 52.049316729136962 ], [ 20.555852946270107, 52.048029421528014 ], [ 20.562261172210697, 52.04862356350138 ], [ 20.583293298374699, 52.050405989421449 ], [ 20.599231706483351, 52.053376699288236 ], [ 20.619935205676029, 52.049118681812502 ], [ 20.623385788874813, 52.040107528549925 ], [ 20.61418423367806, 52.031888564585159 ], [ 20.61171953139322, 52.031690517260714 ], [ 20.608104634708781, 52.031294422611808 ], [ 20.610405023507965, 52.026145192176045 ], [ 20.611883844878875, 52.022778387660352 ], [ 20.61024071002231, 52.013767234397775 ], [ 20.60925482910838, 52.008221909313107 ], [ 20.61024071002231, 52.000399039997248 ], [ 20.611555217907565, 51.988120105881208 ], [ 20.610076396536655, 51.985545490663327 ], [ 20.60744738076616, 51.981287473187606 ], [ 20.60744738076616, 51.980990402200916 ], [ 20.608433261680091, 51.976138242751844 ], [ 20.603996797567376, 51.977029455711872 ], [ 20.598245825569407, 51.978118715996359 ], [ 20.596274063741532, 51.966136852866995 ], [ 20.601203468311226, 51.967325136813713 ], [ 20.607283067280505, 51.969008539071567 ], [ 20.615170114592004, 51.961284693417923 ], [ 20.616484622477245, 51.953263776777604 ], [ 20.6166489359629, 51.952867682128698 ], [ 20.617141876419879, 51.952669634804252 ], [ 20.633901851956807, 51.946431144084002 ], [ 20.633737538471152, 51.937419990821425 ], [ 20.633573224985497, 51.93316197334569 ], [ 20.649347319608495, 51.928210790234388 ], [ 20.651812021893335, 51.927418600936576 ], [ 20.657891620862614, 51.925438127692061 ], [ 20.669557878344207, 51.925339104029831 ], [ 20.671693953657737, 51.929894192492227 ], [ 20.656412799491704, 51.931478571087851 ], [ 20.651812021893335, 51.931973689398987 ], [ 20.645403795952745, 51.932567831372339 ], [ 20.644089288067491, 51.937419990821425 ], [ 20.642939093667891, 51.942371173932727 ], [ 20.651812021893335, 51.945044812812839 ], [ 20.65411241069252, 51.94573797844842 ], [ 20.661013577090074, 51.942866292243863 ], [ 20.664957100745823, 51.94118288998601 ], [ 20.680402568397511, 51.941777031959376 ], [ 20.684181778567606, 51.950491114235277 ], [ 20.685989226909825, 51.954848155373227 ], [ 20.690590004508195, 51.953164753115374 ], [ 20.69108294496516, 51.950986232546398 ], [ 20.691575885422139, 51.949203806626329 ], [ 20.696340976506164, 51.949896972261911 ], [ 20.701599008047168, 51.950788185221953 ], [ 20.702584888961098, 51.948609664652977 ], [ 20.703899396846353, 51.945837002110636 ], [ 20.707842920502102, 51.944252623515027 ], [ 20.72723191180954, 51.944054576190567 ], [ 20.741855812032938, 51.947124309719584 ], [ 20.748099724487872, 51.948411617328517 ], [ 20.748592664944837, 51.948213570004071 ], [ 20.754343636942806, 51.943955552528351 ], [ 20.762230684254305, 51.948213570004071 ], [ 20.771103612479735, 51.94761942803072 ], [ 20.776690270992049, 51.951382327195304 ], [ 20.790985544244137, 51.954947179035443 ], [ 20.80199454778311, 51.957620817915554 ], [ 20.814810999664289, 51.947124309719584 ], [ 20.815303940121254, 51.946629191408448 ], [ 20.815632567092578, 51.946629191408448 ], [ 20.827134511088502, 51.945440907461744 ], [ 20.831735288686886, 51.937519014483641 ], [ 20.832392542629506, 51.936528777861383 ], [ 20.831078034744252, 51.93345904433238 ], [ 20.863612104904192, 51.92880493220774 ], [ 20.874621108443151, 51.929894192492227 ], [ 20.891545397465734, 51.931478571087851 ], [ 20.896474802035428, 51.928507861221064 ], [ 20.901404206605108, 51.925438127692061 ], [ 20.903704595404307, 51.929201026856646 ], [ 20.906004984203491, 51.933062949683475 ], [ 20.925722602482224, 51.936726825185843 ], [ 20.932623768879793, 51.929894192492227 ], [ 20.938210427392107, 51.924249843745343 ], [ 20.940675129676947, 51.924943009380925 ], [ 20.949055117445411, 51.927319577274361 ], [ 20.953491581558126, 51.925537151354291 ], [ 20.95447746247207, 51.919199636971811 ], [ 20.95940686704175, 51.916030879780578 ], [ 20.95842098612782, 51.913852359211603 ], [ 20.95694216475691, 51.910287507371464 ], [ 20.974523707722128, 51.908406057789165 ], [ 20.978302917892222, 51.912862122589345 ], [ 20.984053889890191, 51.913060169913791 ], [ 20.988654667488561, 51.918407447673999 ], [ 20.999992297998844, 51.921279133878556 ], [ 21.003442881197614, 51.924051796420898 ], [ 21.006729150910743, 51.926626411638779 ], [ 21.013466003822643, 51.927814695585482 ], [ 21.025132261304236, 51.929894192492227 ], [ 21.026282455703836, 51.932666855034569 ], [ 21.027596963589076, 51.936231706874707 ], [ 21.03285499513008, 51.933855138981286 ], [ 21.045178506554294, 51.928408837558848 ], [ 21.061116914662946, 51.934845375603544 ], [ 21.077219636257254, 51.937816085470331 ], [ 21.087078445396628, 51.9395985113904 ], [ 21.099073329849531, 51.937419990821425 ], [ 21.126185054982798, 51.932369784047893 ], [ 21.131936026980767, 51.932963926021245 ], [ 21.152475212687804, 51.934944399265774 ], [ 21.158061871200104, 51.929498097843336 ], [ 21.159540692571014, 51.927814695585482 ], [ 21.170549696109987, 51.925636175016507 ], [ 21.178929683878451, 51.926626411638779 ], [ 21.183694774962476, 51.927220553612131 ], [ 21.18566653679035, 51.922071323176368 ], [ 21.18928143347479, 51.913060169913791 ], [ 21.199468869585473, 51.912168956953749 ], [ 21.205384155069098, 51.911574814980398 ], [ 21.202919452784258, 51.907415821166907 ], [ 21.193882211073159, 51.892463248170756 ], [ 21.203412393241223, 51.897414431282058 ], [ 21.209984932667467, 51.896622241984247 ], [ 21.217050412550691, 51.895830052686449 ], [ 21.217214726036346, 51.895731029024219 ], [ 21.222637071063005, 51.89196812985962 ], [ 21.23019549140318, 51.893255437468568 ], [ 21.231674312774089, 51.897216383957613 ], [ 21.232167253231054, 51.898602715228776 ], [ 21.239068419628623, 51.901672448757779 ], [ 21.275874640415608, 51.876817509539023 ], [ 21.283268747270142, 51.876817509539023 ], [ 21.285569136069327, 51.875134107281184 ], [ 21.291320108067296, 51.870182924169868 ], [ 21.298221274464851, 51.871866326427721 ], [ 21.30150754417798, 51.875134107281184 ], [ 21.309558904975134, 51.881174550676974 ], [ 21.30364361949151, 51.885234520828249 ], [ 21.294606377780411, 51.891473011548499 ], [ 21.310051845432099, 51.898503691566546 ], [ 21.316295757887033, 51.90622753722019 ], [ 21.327797701882972, 51.900682212135521 ], [ 21.338806705421931, 51.895433958037543 ], [ 21.374134104838021, 51.898404667904316 ], [ 21.398288187229483, 51.900484164811076 ], [ 21.404039159227452, 51.897018336633153 ], [ 21.407982682883201, 51.894542745077501 ], [ 21.414883849280756, 51.89394860310415 ], [ 21.415705416709045, 51.899295880864358 ], [ 21.4158697301947, 51.89998904649994 ], [ 21.42293521007791, 51.904940229611242 ], [ 21.450868502639466, 51.912069933291534 ], [ 21.471243374860848, 51.910188483709234 ], [ 21.471572001832158, 51.910089460047004 ], [ 21.4927684414818, 51.903157803691172 ], [ 21.49523314376664, 51.906425584544635 ], [ 21.493261381938765, 51.911970909629304 ], [ 21.482252378399807, 51.912664075264885 ], [ 21.473708077145687, 51.918803542322905 ], [ 21.477980227772747, 51.926626411638779 ], [ 21.464835148920244, 51.926032269665413 ], [ 21.464177894977624, 51.926230316989873 ], [ 21.448896740811591, 51.930092239816688 ], [ 21.445117530641497, 51.934746351941314 ], [ 21.459905744350564, 51.937717061808101 ], [ 21.464013581491969, 51.946827238732908 ], [ 21.471900628803468, 51.94732235704403 ], [ 21.480444930057587, 51.947817475355166 ], [ 21.486524529026866, 51.950986232546398 ], [ 21.485867275084246, 51.954650108048767 ], [ 21.477322973830127, 51.958413007213366 ], [ 21.473215136688708, 51.960195433133435 ], [ 21.469435926518628, 51.977623597685238 ], [ 21.480116303086277, 51.982277709809864 ], [ 21.497204905594515, 51.983168922769892 ], [ 21.512650373246203, 51.983961112067703 ], [ 21.513636254160147, 51.988021082218978 ], [ 21.511335865360948, 51.991387886734671 ], [ 21.508542536104798, 51.995645904210392 ], [ 21.517086837358917, 51.997626377454921 ], [ 21.519551539643771, 51.998121495766043 ], [ 21.519715853129426, 52.000399039997248 ], [ 21.520208793586391, 52.006736554379714 ], [ 21.528753094840511, 52.01168773749103 ], [ 21.53236799152495, 52.021293032726959 ], [ 21.548142086147948, 52.023471553295934 ], [ 21.561780105457416, 52.025253979216004 ], [ 21.576075378709504, 52.032383682896295 ], [ 21.577718513566069, 52.033274895856323 ], [ 21.582483604650093, 52.0404045995366 ], [ 21.591356532875523, 52.039810457563249 ], [ 21.599079266701366, 52.034562203465271 ], [ 21.6076235679555, 52.020995961740283 ], [ 21.61008827024034, 52.020995961740283 ], [ 21.611567091611235, 52.020797914415837 ], [ 21.611731405096904, 52.020104748780241 ], [ 21.616660809666584, 52.016737944264563 ], [ 21.629970202004742, 52.017233062575684 ], [ 21.632270590803927, 52.010202382557637 ], [ 21.634406666117457, 52.003468773526251 ], [ 21.646894491027325, 52.004359986486293 ], [ 21.64705880451298, 52.014955518344493 ], [ 21.64705880451298, 52.024560813580422 ], [ 21.656424673195389, 52.028323712745021 ], [ 21.667269363248693, 52.020896938078053 ], [ 21.675320724045847, 52.015351612993399 ], [ 21.686494041070475, 52.013074068762194 ], [ 21.700132060379943, 52.010400429882083 ], [ 21.700296373865598, 52.007528743677526 ], [ 21.700296373865598, 52.006439483393038 ], [ 21.707526167234462, 52.002379513241763 ], [ 21.709333615576682, 51.998121495766043 ], [ 21.731680249625924, 51.99485371491258 ], [ 21.734637892367743, 51.994457620263674 ], [ 21.745646895906702, 51.989407413490142 ], [ 21.751890808361637, 51.989902531801278 ], [ 21.759942169158791, 51.985446467001097 ], [ 21.768979410869889, 51.979901141916429 ], [ 21.768979410869889, 51.979802118254213 ], [ 21.769636664812509, 51.975148006129587 ], [ 21.793790747203971, 51.973761674858409 ], [ 21.817616202624123, 51.979406023605307 ], [ 21.819423650966343, 51.984456230378839 ], [ 21.821231099308562, 51.989407413490142 ], [ 21.828132265706117, 51.995150785899256 ], [ 21.861323589808677, 51.990694721099089 ], [ 21.880219640659135, 51.988120105881208 ], [ 21.887778060999324, 51.990793744761305 ], [ 21.881534148544389, 52.013866258060006 ], [ 21.885641985685794, 52.020995961740283 ], [ 21.878576505802585, 52.024857884567098 ], [ 21.873154160775925, 52.027828594433885 ], [ 21.867896129234921, 52.037532913332043 ], [ 21.891064330712453, 52.04664309025685 ], [ 21.911767829905131, 52.0547630305594 ], [ 21.921462325558849, 52.0547630305594 ], [ 21.926884670585508, 52.063378089173071 ], [ 21.946930915835566, 52.078330662169222 ], [ 21.969606176856118, 52.085262318525054 ], [ 21.976835970224997, 52.090708619947492 ], [ 21.958597173317159, 52.100610986170096 ], [ 21.946930915835566, 52.106849476890346 ], [ 21.937565047153157, 52.132595629069144 ], [ 21.937072106696192, 52.136457551895958 ], [ 21.935428971839627, 52.148835509674228 ], [ 21.930663880755603, 52.151608172216569 ], [ 21.925570162700254, 52.150716959256528 ], [ 21.92031213115925, 52.14972672263427 ], [ 21.91423253218997, 52.158440804910171 ], [ 21.903223528651012, 52.16022323083024 ], [ 21.910946262476855, 52.169729502403953 ], [ 21.91505409961826, 52.174680685515256 ], [ 21.912096456876441, 52.176958229746461 ], [ 21.906345484878472, 52.181414294546627 ], [ 21.918997623274009, 52.19260396837818 ], [ 21.920147817673595, 52.193000063027085 ], [ 21.932964269554788, 52.197753198813942 ], [ 21.941837197780217, 52.216468670974692 ], [ 21.928034864985094, 52.217458907596949 ], [ 21.922448206472779, 52.217855002245855 ], [ 21.923105460415414, 52.224588611277227 ], [ 21.923598400872379, 52.230034912699665 ], [ 21.92031213115925, 52.236867545393267 ], [ 21.916204294017845, 52.237461687366633 ], [ 21.905523917450196, 52.233599764539804 ], [ 21.898622751052642, 52.23419390651317 ], [ 21.891721584655073, 52.228450534104041 ], [ 21.893036092540328, 52.223697398317199 ], [ 21.883177283400954, 52.22617298987285 ], [ 21.87446866866118, 52.221518877748224 ], [ 21.87331847426158, 52.220825712112628 ], [ 21.868882010148866, 52.212408700823417 ], [ 21.866581621349681, 52.212309677161187 ], [ 21.861159276323022, 52.21567648167688 ], [ 21.861159276323022, 52.224885682263903 ], [ 21.864609859521806, 52.227262250157338 ], [ 21.873482787747236, 52.233203669890898 ], [ 21.859023201009492, 52.2400363025845 ], [ 21.857708693124238, 52.243403107100193 ], [ 21.855079677353743, 52.243700178086868 ], [ 21.844399300786094, 52.24469041470914 ], [ 21.845220868214369, 52.249641597820442 ], [ 21.846535376099624, 52.256078135865138 ], [ 21.833883237704086, 52.258949822069695 ], [ 21.830268341019661, 52.255087899242881 ], [ 21.826982071306531, 52.251424023740512 ], [ 21.814987186853628, 52.258751774745249 ], [ 21.793790747203971, 52.263405886869876 ], [ 21.794119374175295, 52.277368223243755 ], [ 21.79428368766095, 52.289548133697579 ], [ 21.784589192007232, 52.291627630604324 ], [ 21.780152727894517, 52.292518843564366 ], [ 21.768322156927269, 52.291330559617649 ], [ 21.777688025609663, 52.301926091475849 ], [ 21.782781743665012, 52.307867511209409 ], [ 21.775716263781788, 52.311135292062872 ], [ 21.76355706584323, 52.311927481360684 ], [ 21.740224550880058, 52.313412836294077 ], [ 21.741046118308333, 52.323216178854466 ], [ 21.729051233855429, 52.323315202516696 ], [ 21.72510771019968, 52.32905857492581 ], [ 21.734309265396433, 52.334603900010464 ], [ 21.757477466873951, 52.332920497752625 ], [ 21.760928050072735, 52.332722450428179 ], [ 21.789682910062567, 52.337970704526157 ], [ 21.802499361943759, 52.343516029610825 ], [ 21.797405643888411, 52.353022301184538 ], [ 21.766514708585049, 52.357478365984704 ], [ 21.758463347787895, 52.358666649931422 ], [ 21.754848451103456, 52.359161768242558 ], [ 21.752383748818616, 52.366489519247281 ], [ 21.744168074535807, 52.371242655034138 ], [ 21.742360626193587, 52.374708483212061 ], [ 21.732173190082904, 52.393721026359472 ], [ 21.72790103945583, 52.387779606625912 ], [ 21.72330026185746, 52.388274724937034 ], [ 21.704239897521347, 52.389958127194888 ], [ 21.707854794205772, 52.395503452279542 ], [ 21.712455571804156, 52.397087830875165 ], [ 21.717056349402526, 52.398771233133004 ], [ 21.719521051687366, 52.403722416244321 ], [ 21.709990869519316, 52.416991586982618 ], [ 21.706868913291842, 52.431647088992094 ], [ 21.694381088381974, 52.444520165081485 ], [ 21.685015219699565, 52.454224483979644 ], [ 21.666447795820417, 52.463631731891127 ], [ 21.668255244162637, 52.466503418095684 ], [ 21.676470918445446, 52.462344424282193 ], [ 21.707197540263152, 52.456898122859755 ], [ 21.707526167234462, 52.456799099197525 ], [ 21.72543633717099, 52.461156140335476 ], [ 21.728065352941499, 52.456204957224173 ], [ 21.732501817054214, 52.455115696939686 ], [ 21.737266908138238, 52.470662411909188 ], [ 21.733487697968144, 52.482842322362998 ], [ 21.725929277627969, 52.491061286327778 ], [ 21.716563408945561, 52.501458770861518 ], [ 21.709662242547992, 52.501854865510424 ], [ 21.704239897521347, 52.512846492017516 ], [ 21.680085815129885, 52.51443087061314 ], [ 21.678606993758976, 52.512351373706394 ], [ 21.676799545416756, 52.509578711164053 ], [ 21.669569752047877, 52.507598237919538 ], [ 21.636049800974021, 52.511856255395259 ], [ 21.627669813205557, 52.517104509493251 ], [ 21.622083154693243, 52.527204923040316 ], [ 21.61140277812558, 52.5309678222049 ], [ 21.598750639730056, 52.546613560836633 ], [ 21.596778877902182, 52.553347169868019 ], [ 21.578704394479999, 52.553050098881329 ], [ 21.5719675415681, 52.55572373776144 ], [ 21.559808343629541, 52.553644240854695 ], [ 21.554057371631572, 52.539582880818585 ], [ 21.556850700887722, 52.521263503306741 ], [ 21.563916180770946, 52.517203533155467 ], [ 21.578211454023034, 52.517500604142157 ], [ 21.576732632652124, 52.511658208070813 ], [ 21.540419352322104, 52.511460160746353 ], [ 21.528588781354856, 52.493239806896753 ], [ 21.52809584089789, 52.483238417011904 ], [ 21.508706849590453, 52.482941346025228 ], [ 21.507063714733889, 52.476801878967208 ], [ 21.485538648112936, 52.472741908815934 ], [ 21.477815914287092, 52.467592678380171 ], [ 21.477651600801437, 52.476801878967208 ], [ 21.464999462405899, 52.477197973616114 ], [ 21.442981455327967, 52.472939956140394 ], [ 21.426221479791039, 52.463532708228911 ], [ 21.404696413170072, 52.467691702042401 ], [ 21.381199584721244, 52.47125655388254 ], [ 21.383171346549119, 52.481356967429605 ], [ 21.357702756272403, 52.487001316176503 ], [ 21.350308649417869, 52.502944125794912 ], [ 21.313995369087849, 52.503043149457142 ], [ 21.313995369087849, 52.519283030062226 ], [ 21.305944008290695, 52.53304731911166 ], [ 21.283104433784487, 52.529878561920412 ], [ 21.225430400319155, 52.533443413760565 ], [ 21.195689659415379, 52.52680882839141 ], [ 21.177943802964506, 52.527700041351437 ], [ 21.173507338851792, 52.524432260497974 ], [ 21.170549696109987, 52.514133799626464 ], [ 21.163155589255453, 52.509875782150743 ], [ 21.156583049829209, 52.511757231733029 ], [ 21.15033913737426, 52.518292793439954 ], [ 21.142780717034086, 52.519084982737766 ], [ 21.14787443508942, 52.528591254311479 ], [ 21.140316014749231, 52.531660987840496 ], [ 21.119941142527864, 52.532552200800524 ], [ 21.118462321156969, 52.548990128730068 ], [ 21.121748590870084, 52.553545217192465 ], [ 21.128156816810673, 52.563744654401759 ], [ 21.107617631103651, 52.561269062846108 ], [ 21.098087448935587, 52.558892494952673 ], [ 21.096937254536002, 52.556713974383698 ], [ 21.094801179222472, 52.552753027894653 ], [ 21.089214520710158, 52.54978231802788 ], [ 21.076562382314634, 52.548693057743392 ], [ 21.063910243919096, 52.547702821121121 ], [ 21.052572613408827, 52.550475483663462 ], [ 21.051258105523573, 52.547108679147769 ], [ 21.058816525863762, 52.541761401387561 ], [ 21.059145152835072, 52.541563354063101 ], [ 21.052079672951848, 52.535126816018405 ], [ 21.035155383929265, 52.535027792356175 ], [ 21.033347935587045, 52.535919005316217 ], [ 21.014616198222242, 52.544831134916564 ], [ 21.007386404853364, 52.537899478560732 ], [ 21.005414643025489, 52.535819981653987 ], [ 20.992433877658655, 52.538988738845219 ], [ 20.987833100060271, 52.540077999129707 ], [ 20.984875457318466, 52.539582880818585 ], [ 20.978302917892222, 52.538394596871868 ], [ 20.973866453779493, 52.54948524704119 ], [ 20.970744497552033, 52.557506163681509 ], [ 20.938210427392107, 52.558694447628227 ], [ 20.930487693566263, 52.558892494952673 ], [ 20.907976746031366, 52.572062642028754 ], [ 20.908305373002676, 52.575924564855569 ], [ 20.908962626945296, 52.581766960926913 ], [ 20.906333611174801, 52.588005451647163 ], [ 20.894667353693208, 52.598402936180904 ], [ 20.885630111982124, 52.600383409425433 ], [ 20.869527390387802, 52.604047284927802 ], [ 20.857532505934898, 52.613256485514825 ], [ 20.856546625020968, 52.615930124394936 ], [ 20.860983089133683, 52.61979204722175 ], [ 20.863447791418523, 52.621970567790726 ], [ 20.859504267762773, 52.630486602742181 ], [ 20.859832894734097, 52.637319235435783 ], [ 20.84718075633856, 52.636229975151295 ], [ 20.832721169600816, 52.63236805232448 ], [ 20.824669808803662, 52.630189531755505 ], [ 20.818097269377418, 52.63405145458232 ], [ 20.814482372692979, 52.636229975151295 ], [ 20.812181983893794, 52.636031927826835 ], [ 20.80413062309664, 52.635437785853483 ], [ 20.794436127442921, 52.63830947205804 ], [ 20.790163976815862, 52.643161631507127 ], [ 20.787370647559712, 52.64623136503613 ], [ 20.757465593170281, 52.643458702493803 ], [ 20.750235799801402, 52.637022164449107 ], [ 20.745306395231722, 52.632566099648926 ], [ 20.742841692946868, 52.632467075986696 ], [ 20.730846808493965, 52.631872934013344 ], [ 20.72788916575216, 52.622960804412998 ], [ 20.726903284838215, 52.620386189195116 ], [ 20.72148093981157, 52.618999857923939 ], [ 20.714908400385312, 52.617316455666099 ], [ 20.717701729641476, 52.613355509177055 ], [ 20.722631134211156, 52.606621900145683 ], [ 20.712772325071782, 52.599690243789851 ], [ 20.713593892500072, 52.592065421798438 ], [ 20.704228023817663, 52.588995688269421 ], [ 20.671365326686427, 52.593253705745155 ], [ 20.657727307376959, 52.595036131665225 ], [ 20.660027696176144, 52.589886901229463 ], [ 20.661835144518363, 52.586124002064864 ], [ 20.657234366919994, 52.580875747966886 ], [ 20.6523049623503, 52.581370866278007 ], [ 20.651812021893335, 52.581370866278007 ], [ 20.638831256526487, 52.582757197549185 ], [ 20.629301074358438, 52.579093322046816 ], [ 20.606132872880906, 52.565130985672923 ], [ 20.612869725792805, 52.554733501139182 ], [ 20.61632030899159, 52.549386223378974 ], [ 20.620099519161684, 52.529878561920412 ], [ 20.60711875379485, 52.519976195697808 ], [ 20.599396019969006, 52.517203533155467 ], [ 20.591837599628818, 52.5146289179376 ], [ 20.590194464772253, 52.510866018773001 ], [ 20.588387016430033, 52.506905072283956 ], [ 20.584772119745594, 52.505518741012793 ], [ 20.581650163518134, 52.504231433403845 ], [ 20.582143103975099, 52.497695871696919 ], [ 20.582800357917719, 52.487991552798761 ], [ 20.572284294835725, 52.465414157811196 ], [ 20.552238049585668, 52.466206347109008 ], [ 20.541886299989329, 52.466602441757914 ], [ 20.530548669479046, 52.461156140335476 ], [ 20.500643615089629, 52.447094780299366 ], [ 20.492592254292475, 52.445609425365973 ], [ 20.484869520466631, 52.444223094094809 ], [ 20.486676968808851, 52.436895343090072 ], [ 20.483390699095722, 52.428973450111982 ], [ 20.487662849722781, 52.426893953205237 ], [ 20.497521658862155, 52.421942770093921 ], [ 20.490456178978931, 52.41946717853827 ], [ 20.486841282294506, 52.418774012902688 ], [ 20.486348341837527, 52.418674989240458 ], [ 20.482733445153102, 52.417090610644848 ], [ 20.481747564239157, 52.416595492333713 ], [ 20.478625608011697, 52.414912090075873 ], [ 20.472710322528073, 52.412337474857992 ], [ 20.46104406504648, 52.407980433720041 ], [ 20.456443287448096, 52.406198007799972 ], [ 20.449706434536196, 52.404217534555443 ], [ 20.444612716480862, 52.401939990324252 ], [ 20.437875863568948, 52.398276114821883 ], [ 20.435904101741073, 52.397087830875165 ], [ 20.430481756714428, 52.394513215657284 ], [ 20.417665304833235, 52.389562032545982 ], [ 20.413557467691831, 52.387482535639222 ], [ 20.408792376607806, 52.385403038732477 ], [ 20.404848852952057, 52.384313778447989 ] ], [ [ 21.775880577267444, 51.645498234578753 ], [ 21.775551950296133, 51.649954299378933 ], [ 21.769308037841199, 51.648270897121094 ], [ 21.773251561496949, 51.644706045280955 ], [ 21.775880577267444, 51.645498234578753 ] ] ], [ [ [ 20.294594504076741, 51.912565051602655 ], [ 20.299195281675111, 51.915931856118348 ], [ 20.302317237902585, 51.914248453860509 ], [ 20.299852535617731, 51.910881649344816 ], [ 20.294594504076741, 51.912565051602655 ] ] ] ] } },
{ "type": "Feature", "properties": { "index": 1561, "nuts_2_code": "PL51", "nuts_2_name": "Dolnośląskie" }, "geometry": { "type": "Polygon", "coordinates": [ [ [ 16.416138988647617, 51.78482452733094 ], [ 16.449494626235818, 51.787795237197727 ], [ 16.485972220051508, 51.782546983099735 ], [ 16.493694953877352, 51.781457722815247 ], [ 16.522285500381528, 51.781358699153017 ], [ 16.540359983803711, 51.781259675490801 ], [ 16.544139193973805, 51.779576273232948 ], [ 16.541838805174621, 51.772149498565994 ], [ 16.540688610775021, 51.768881717712532 ], [ 16.542331745631586, 51.76640612615688 ], [ 16.556298391912364, 51.767297339116908 ], [ 16.576673264133731, 51.768584646725856 ], [ 16.578973652932916, 51.762544203330052 ], [ 16.583081490074321, 51.751156482174054 ], [ 16.589982656471889, 51.750562340200688 ], [ 16.594254807098949, 51.750166245551796 ], [ 16.597705390297719, 51.748680890618402 ], [ 16.605756751094873, 51.745017015116034 ], [ 16.62333829406009, 51.747096512022779 ], [ 16.634840238056029, 51.748482843293942 ], [ 16.646177868566312, 51.744422873142668 ], [ 16.642398658396218, 51.73749121678685 ], [ 16.640098269597033, 51.733431246635575 ], [ 16.644699047195402, 51.728975181835395 ], [ 16.644863360681057, 51.728777134510949 ], [ 16.645027674166712, 51.727687874226461 ], [ 16.645520614623678, 51.722241572804023 ], [ 16.662116276674965, 51.71273530123031 ], [ 16.66688136775899, 51.711547017283593 ], [ 16.680519387068458, 51.70827923643013 ], [ 16.682491148896332, 51.704912431914437 ], [ 16.676247236441398, 51.697386633585253 ], [ 16.675918609470074, 51.692930568785087 ], [ 16.666388427302024, 51.696594444287442 ], [ 16.66260921713193, 51.697980775558619 ], [ 16.659487260904456, 51.691841308500599 ], [ 16.657351185590926, 51.687484267362649 ], [ 16.650450019193372, 51.685503794118119 ], [ 16.643220225824493, 51.683424297211374 ], [ 16.639441015654398, 51.677878972126706 ], [ 16.638948075197433, 51.669858055486387 ], [ 16.641905717939238, 51.662530304481649 ], [ 16.648971197822462, 51.658470334330389 ], [ 16.658665693476181, 51.657777168694807 ], [ 16.683312716324608, 51.656093766436953 ], [ 16.681998208439353, 51.649558204730027 ], [ 16.681340954496733, 51.646983589512146 ], [ 16.691199763636106, 51.647379684161052 ], [ 16.716504040427168, 51.648369920783324 ], [ 16.725869909109562, 51.647379684161052 ], [ 16.729156178822691, 51.644805068943171 ], [ 16.731785194593186, 51.642725572036426 ], [ 16.748052229673149, 51.643616784996468 ], [ 16.766783967037966, 51.644607021618725 ], [ 16.783543942574894, 51.640943146116356 ], [ 16.777135716634305, 51.632328087502685 ], [ 16.775821208749051, 51.631733945529319 ], [ 16.767112594009276, 51.627772999040275 ], [ 16.771713371607646, 51.614998946613113 ], [ 16.77828591103389, 51.612226284070772 ], [ 16.800139604626168, 51.602819036159289 ], [ 16.801289799025767, 51.60103661023922 ], [ 16.795703140513453, 51.598461995021339 ], [ 16.795703140513453, 51.598263947696893 ], [ 16.794224319142543, 51.590342054718803 ], [ 16.810819981193831, 51.586183060905299 ], [ 16.812298802564726, 51.585885989918623 ], [ 16.828401524159034, 51.572220724531419 ], [ 16.833002301757418, 51.575785576371558 ], [ 16.852062666093531, 51.579944570185049 ], [ 16.888375946423551, 51.580538712158415 ], [ 16.901028084819089, 51.574399245100395 ], [ 16.910065326530173, 51.564793949864452 ], [ 16.915816298528142, 51.558753506468662 ], [ 16.93257627406507, 51.552316968423966 ], [ 16.940627634862224, 51.552316968423966 ], [ 16.957551923884822, 51.552316968423966 ], [ 16.963138582397136, 51.549643329543855 ], [ 16.963302895882791, 51.547662856299326 ], [ 16.963467209368446, 51.545187264743674 ], [ 16.970368375766, 51.544197028121417 ], [ 16.978748363534464, 51.545979454041486 ], [ 16.981377379304973, 51.548653092921597 ], [ 16.982691887190214, 51.550039424192761 ], [ 16.990578934501713, 51.549940400530531 ], [ 16.991400501930002, 51.549940400530531 ], [ 17.007010283067331, 51.549346258557179 ], [ 17.01062517975177, 51.550336495179437 ], [ 17.011118120208749, 51.552316968423966 ], [ 17.011611060665714, 51.554495488992941 ], [ 17.045131011739585, 51.555485725615199 ], [ 17.048910221909665, 51.551227708139479 ], [ 17.053510999508049, 51.546177501365946 ], [ 17.057618836649453, 51.54558335939258 ], [ 17.060576479391258, 51.551425755463924 ], [ 17.069285094131047, 51.55380232335736 ], [ 17.067477645788827, 51.561625192673219 ], [ 17.066327451389228, 51.566576375784521 ], [ 17.108556017202872, 51.576082647358234 ], [ 17.119072080284866, 51.569943180300214 ], [ 17.1264661871394, 51.565586139162264 ], [ 17.168694752953044, 51.569547085651308 ], [ 17.181511204834237, 51.573904126789259 ], [ 17.188412371231792, 51.576181671020464 ], [ 17.19810686688551, 51.574399245100395 ], [ 17.202543330998225, 51.570636345935796 ], [ 17.206158227682664, 51.567665636069009 ], [ 17.213880961508508, 51.574003150451489 ], [ 17.212730767108908, 51.581627972442902 ], [ 17.211909199680633, 51.588064510487598 ], [ 17.213552334537184, 51.594005930221172 ], [ 17.214538215451128, 51.597471758399081 ], [ 17.213880961508508, 51.599056136994705 ], [ 17.209115870424469, 51.609849716177351 ], [ 17.215359782879403, 51.627574951715829 ], [ 17.237377789957335, 51.634209537084985 ], [ 17.23770641692866, 51.634407584409431 ], [ 17.24148562709874, 51.629555424960344 ], [ 17.243786015897939, 51.636982199627312 ], [ 17.243950329383594, 51.637774388925124 ], [ 17.257424035207393, 51.642824595698656 ], [ 17.328900401467848, 51.647874802472188 ], [ 17.336130194836727, 51.646191400214349 ], [ 17.382795224763086, 51.635694892018378 ], [ 17.416479489322612, 51.630743708907062 ], [ 17.436525734572669, 51.632130040178225 ], [ 17.439976317771439, 51.632427111164915 ], [ 17.466102161990776, 51.626683738755787 ], [ 17.478261359929334, 51.621534508320039 ], [ 17.486641347697812, 51.617078443519858 ], [ 17.498307605179392, 51.615494064924235 ], [ 17.504387204148685, 51.609651668852891 ], [ 17.519504044829048, 51.606086817012752 ], [ 17.521640120142578, 51.597768829385757 ], [ 17.523447568484798, 51.589945960069898 ], [ 17.548587531790204, 51.585588918931947 ], [ 17.556310265616034, 51.584301611322999 ], [ 17.555817325159069, 51.581132854131766 ], [ 17.555488698187759, 51.577964096940534 ], [ 17.561075356700073, 51.57043829861135 ], [ 17.566004761269753, 51.568358801704591 ], [ 17.571755733267722, 51.5660812574734 ], [ 17.575042002980851, 51.549247234894949 ], [ 17.575863570409126, 51.541127294592414 ], [ 17.571755733267722, 51.529937620760847 ], [ 17.561403983671383, 51.521520609471636 ], [ 17.545958516019695, 51.517064544671456 ], [ 17.535278139452046, 51.515678213400292 ], [ 17.522461687570868, 51.513994811142439 ], [ 17.512931505402804, 51.506865107462161 ], [ 17.514410326773714, 51.502012948013075 ], [ 17.517532283001174, 51.501022711390817 ], [ 17.523940508941763, 51.498745167159626 ], [ 17.519504044829048, 51.490427179532617 ], [ 17.518025223458139, 51.48765451699029 ], [ 17.520489925742993, 51.485674043745774 ], [ 17.522461687570868, 51.484188688812381 ], [ 17.521804433628233, 51.478742387389943 ], [ 17.521147179685613, 51.473989251603086 ], [ 17.522954628027833, 51.472899991318599 ], [ 17.527719719111857, 51.469731234127366 ], [ 17.524269135913073, 51.465572240313861 ], [ 17.521804433628233, 51.462502506784858 ], [ 17.527062465169237, 51.457155229024636 ], [ 17.536099706880321, 51.450520643655494 ], [ 17.549080472247169, 51.441014372081781 ], [ 17.551052234075044, 51.434775881361531 ], [ 17.547437337390605, 51.429824698250229 ], [ 17.541522051906981, 51.42190280527214 ], [ 17.548916158761514, 51.417149669485283 ], [ 17.557131833044323, 51.409227776507194 ], [ 17.571262792810757, 51.405365853680365 ], [ 17.585558066062845, 51.40942582383164 ], [ 17.603303922513717, 51.409821918480546 ], [ 17.607904700112087, 51.415367243565214 ], [ 17.613655672110056, 51.422100852596586 ], [ 17.625157616105994, 51.419526237378705 ], [ 17.638302694958483, 51.423289136543303 ], [ 17.644710920899072, 51.419031119067583 ], [ 17.655391297466736, 51.411901415387291 ], [ 17.660320702036415, 51.410713131440573 ], [ 17.66409991220651, 51.412990675671779 ], [ 17.667879122376604, 51.415268219902984 ], [ 17.672972840431953, 51.415070172578524 ], [ 17.687596740655351, 51.405761948329271 ], [ 17.688911248540606, 51.404969759031459 ], [ 17.704356716192279, 51.399919552257927 ], [ 17.718323362473058, 51.404177569733662 ], [ 17.717337481559127, 51.408435587209382 ], [ 17.714872779274273, 51.417941858783095 ], [ 17.717830422016092, 51.42170475794768 ], [ 17.734426084067366, 51.42012037935207 ], [ 17.749871551719053, 51.411406297076169 ], [ 17.755129583260057, 51.405860971991501 ], [ 17.752829194460858, 51.399820528595711 ], [ 17.746420968520269, 51.399622481271251 ], [ 17.73853392120877, 51.399325410284575 ], [ 17.736562159380895, 51.395760558444437 ], [ 17.73639784589524, 51.395364463795531 ], [ 17.735576278466965, 51.395364463795531 ], [ 17.730318246925961, 51.395166416471071 ], [ 17.73113981435425, 51.391700588293162 ], [ 17.731961381782526, 51.387640618141887 ], [ 17.726539036755867, 51.38665038151963 ], [ 17.720623751272242, 51.385561121235142 ], [ 17.716022973673873, 51.375064613039171 ], [ 17.714872779274273, 51.372291950496844 ], [ 17.712901017446399, 51.371598784861249 ], [ 17.705178283620569, 51.368826122318922 ], [ 17.710600628647214, 51.359418874407439 ], [ 17.715858660188218, 51.359121803420763 ], [ 17.723417080528407, 51.358527661447411 ], [ 17.732947262696456, 51.349318460860374 ], [ 17.742313131378864, 51.346545798318047 ], [ 17.7406699965223, 51.342584851829002 ], [ 17.743463325778464, 51.333870769553101 ], [ 17.745270774120684, 51.327533255170621 ], [ 17.756115464173988, 51.322185977410413 ], [ 17.763509571028521, 51.318522101908044 ], [ 17.760058987829737, 51.314858226405676 ], [ 17.757101345087932, 51.311689469214443 ], [ 17.760387614801047, 51.309708995969913 ], [ 17.760551928286702, 51.309609972307697 ], [ 17.763838197999831, 51.299410535098403 ], [ 17.757429972059242, 51.294855446635992 ], [ 17.749378611262088, 51.289013050564648 ], [ 17.750035865204708, 51.284656009426698 ], [ 17.750693119147329, 51.281289204911019 ], [ 17.745928028063304, 51.278912637017584 ], [ 17.74034136955099, 51.276040950813027 ], [ 17.744120579721084, 51.272971217284024 ], [ 17.748885670805109, 51.269010270794979 ], [ 17.744284893206739, 51.259404975559036 ], [ 17.743299012292809, 51.257226454990061 ], [ 17.744120579721084, 51.242967047629506 ], [ 17.748392730348144, 51.239402195789353 ], [ 17.753979388860458, 51.234649060002496 ], [ 17.757101345087932, 51.226826190686637 ], [ 17.756608404630953, 51.223558409833174 ], [ 17.755951150688333, 51.218211132072966 ], [ 17.767617408169926, 51.204149772036857 ], [ 17.77780484428061, 51.198010304978837 ], [ 17.795222073760172, 51.194148382152008 ], [ 17.793250311932297, 51.189593293689612 ], [ 17.783720129764234, 51.187810867769542 ], [ 17.77879072519454, 51.183750897618268 ], [ 17.760058987829737, 51.185632347200567 ], [ 17.754472329317423, 51.186127465511689 ], [ 17.752664880975203, 51.183750897618268 ], [ 17.749378611262088, 51.179591903804763 ], [ 17.738698234694425, 51.174541697031231 ], [ 17.709614747733283, 51.173353413084527 ], [ 17.70287789482137, 51.173056342097837 ], [ 17.699591625108255, 51.170877821528862 ], [ 17.698934371165635, 51.17048172687997 ], [ 17.700248879050875, 51.163252999537463 ], [ 17.683653216999602, 51.166520780390925 ], [ 17.668700689804879, 51.161569597279609 ], [ 17.640931710728992, 51.168303206310995 ], [ 17.638302694958483, 51.173452436746743 ], [ 17.62104977896459, 51.176126075626854 ], [ 17.61924233062237, 51.182067495360428 ], [ 17.618585076679736, 51.184246015929403 ], [ 17.611519596796526, 51.190484506649639 ], [ 17.598045890972713, 51.179789951129223 ], [ 17.599031771886658, 51.178700690844735 ], [ 17.601496474171498, 51.175729980977948 ], [ 17.597717264001403, 51.168600277297671 ], [ 17.589337276232939, 51.17048172687997 ], [ 17.577999645722656, 51.162856904888557 ], [ 17.572412987210342, 51.16424323615972 ], [ 17.568798090525917, 51.165134449119748 ], [ 17.558939281386543, 51.157509627128334 ], [ 17.54513694859142, 51.152954538665938 ], [ 17.54645145647666, 51.143745338078901 ], [ 17.554995757730794, 51.14136877018548 ], [ 17.565676134298442, 51.138299036656463 ], [ 17.566826328698042, 51.13334785354516 ], [ 17.575699256923471, 51.12889178874498 ], [ 17.572412987210342, 51.118197233224564 ], [ 17.577013764808726, 51.11057241123315 ], [ 17.568140836583282, 51.098788595428232 ], [ 17.563540058984913, 51.092649128370212 ], [ 17.572741614181666, 51.087301850610004 ], [ 17.58210748286406, 51.081855549187566 ], [ 17.557296146529978, 51.067992236475902 ], [ 17.54579420253404, 51.068388331124808 ], [ 17.534785198995081, 51.068883449435944 ], [ 17.526405211226603, 51.066011763231387 ], [ 17.519996985286014, 51.059872296173367 ], [ 17.523776195456108, 51.057693775604392 ], [ 17.523611881970453, 51.054326971088699 ], [ 17.518353850429449, 51.051554308546372 ], [ 17.523447568484798, 51.048286527692909 ], [ 17.532649123681551, 51.042345107959335 ], [ 17.527226778654892, 51.03214567075004 ], [ 17.521311493171268, 51.026798392989832 ], [ 17.519504044829048, 51.025214014394223 ], [ 17.515396207687644, 51.011845819993681 ], [ 17.525255016827018, 51.004121974340052 ], [ 17.526240897740948, 51.003824903353376 ], [ 17.54365812722051, 50.999764933202101 ], [ 17.537085587794266, 50.989664519655037 ], [ 17.516053461630264, 50.987485999086061 ], [ 17.50915229523271, 50.989268425006131 ], [ 17.498964859122026, 50.991942063886228 ], [ 17.492392319695782, 50.988971354019455 ], [ 17.494692708494966, 50.985703573165992 ], [ 17.50520877157696, 50.984515289219274 ], [ 17.507509160376145, 50.983227981610327 ], [ 17.513753072831079, 50.979762153432418 ], [ 17.513095818888459, 50.973424639049938 ], [ 17.508987981747055, 50.969859787209799 ], [ 17.501758188378176, 50.97431585200998 ], [ 17.499950740035956, 50.975306088632237 ], [ 17.491735065753147, 50.974513899334426 ], [ 17.46988137216087, 50.97243440242768 ], [ 17.46708804290472, 50.975207064970022 ], [ 17.464130400162901, 50.978276798499024 ], [ 17.432253583945609, 50.96649298269412 ], [ 17.431596330002975, 50.945698013626625 ], [ 17.43258221091692, 50.944311682355462 ], [ 17.438826123371854, 50.936389789377372 ], [ 17.4307747625747, 50.92510109188359 ], [ 17.432253583945609, 50.917080175243271 ], [ 17.42715986589026, 50.910544613536345 ], [ 17.408099501554133, 50.911138755509697 ], [ 17.403663037441419, 50.915297749323202 ], [ 17.398405005900429, 50.920446979758964 ], [ 17.369814459396238, 50.92490304455913 ], [ 17.369157205453618, 50.917575293554407 ], [ 17.368828578482308, 50.917278222567717 ], [ 17.367678384082708, 50.915891891296553 ], [ 17.35371173780193, 50.900939318300416 ], [ 17.378030133679047, 50.894403756593491 ], [ 17.39331128784508, 50.890343786442216 ], [ 17.394954422701645, 50.876777544717228 ], [ 17.386574434933181, 50.874896095134929 ], [ 17.385588554019236, 50.874599024148253 ], [ 17.385259927047926, 50.87321269287709 ], [ 17.382302284306121, 50.861725948058861 ], [ 17.368664264996653, 50.859547427489886 ], [ 17.361927412084739, 50.858458167205399 ], [ 17.345989003976101, 50.852120652822919 ], [ 17.329721968896123, 50.850734321551755 ], [ 17.330379222838758, 50.845188996467087 ], [ 17.334815686951472, 50.840633908004691 ], [ 17.340730972435097, 50.834494440946671 ], [ 17.342374107291661, 50.828850092199787 ], [ 17.332515298152288, 50.825681335008539 ], [ 17.318384338385854, 50.821126246546143 ], [ 17.325942758726043, 50.819046749639398 ], [ 17.340238031978132, 50.808451217781197 ], [ 17.343688615176902, 50.808055123132291 ], [ 17.35026115460316, 50.807064886510034 ], [ 17.35371173780193, 50.794290834082858 ], [ 17.348946646717906, 50.788052343362608 ], [ 17.342045480320351, 50.785081633495821 ], [ 17.3170698305006, 50.78706210674035 ], [ 17.309018469703446, 50.78884453266042 ], [ 17.287986343539458, 50.793597668447276 ], [ 17.275498518629576, 50.788349414349284 ], [ 17.260217364463557, 50.773000746704241 ], [ 17.272376562402115, 50.76606909034841 ], [ 17.292587121137828, 50.754582345530181 ], [ 17.293244375080448, 50.746957523538768 ], [ 17.298173779650142, 50.7414121984541 ], [ 17.293408688566103, 50.739134654222894 ], [ 17.285850268225929, 50.742204387751912 ], [ 17.283714192912385, 50.742996577049709 ], [ 17.273855383773025, 50.743194624374169 ], [ 17.264325201604962, 50.738540512249543 ], [ 17.262846380234052, 50.734183471111592 ], [ 17.261367558863142, 50.730024477298088 ], [ 17.252166003666403, 50.719230898115441 ], [ 17.23589896858644, 50.716359211910884 ], [ 17.220782127906062, 50.713685573030773 ], [ 17.221932322305662, 50.701109567928057 ], [ 17.244114642869249, 50.694375958896686 ], [ 17.257916975664372, 50.690216965083181 ], [ 17.247236599096709, 50.682592143091767 ], [ 17.245593464240144, 50.682295072105092 ], [ 17.235734655100785, 50.680314598860562 ], [ 17.238856611328245, 50.672194658558027 ], [ 17.238856611328245, 50.672194658558027 ], [ 17.238527984356935, 50.660806937402015 ], [ 17.23655622252906, 50.658331345846364 ], [ 17.233927206758565, 50.655063564992901 ], [ 17.236720536014715, 50.652191878788344 ], [ 17.237870730414315, 50.651102618503856 ], [ 17.23688484950037, 50.649518239908232 ], [ 17.230805250531091, 50.63862563706337 ], [ 17.233598579787241, 50.632981288316472 ], [ 17.23770641692866, 50.630406673098591 ], [ 17.241814254070064, 50.62783205788071 ], [ 17.243950329383594, 50.61981114124039 ], [ 17.23770641692866, 50.614265816155736 ], [ 17.232119758416346, 50.614463863480182 ], [ 17.191698640944921, 50.616147265738036 ], [ 17.188576684717447, 50.616345313062482 ], [ 17.16491554278295, 50.613473626857925 ], [ 17.12285129045496, 50.607433183462135 ], [ 17.12038658817012, 50.601887858377467 ], [ 17.113814048743876, 50.587034309043545 ], [ 17.100668969891373, 50.576933895496481 ], [ 17.093603490008164, 50.564555937718211 ], [ 17.077993708870821, 50.556634044740122 ], [ 17.076186260528601, 50.55574283178008 ], [ 17.063205495161768, 50.540592211459483 ], [ 17.063041181676098, 50.530689845236864 ], [ 17.067806272760137, 50.527224017058955 ], [ 17.074378812186382, 50.522569904934329 ], [ 17.073721558243761, 50.516925556187431 ], [ 17.065341570475297, 50.510687065467195 ], [ 17.057454523163798, 50.504745645733621 ], [ 17.060247852419948, 50.499299344311183 ], [ 17.061562360305203, 50.496724729093302 ], [ 17.060576479391258, 50.493754019226515 ], [ 17.059919225448638, 50.491872569644229 ], [ 17.060740792876913, 50.491179404008648 ], [ 17.063205495161768, 50.488703812452982 ], [ 17.062548241219133, 50.477811209608106 ], [ 17.056961582706819, 50.475632689039131 ], [ 17.054825507393289, 50.474741476079103 ], [ 17.054496880421979, 50.473058073821264 ], [ 17.053839626479359, 50.468701032683313 ], [ 17.049238848880989, 50.464443015207578 ], [ 17.019333794491558, 50.465730322816526 ], [ 17.017690659634994, 50.468106890709947 ], [ 17.020976929348109, 50.470681505927828 ], [ 17.021305556319433, 50.470879553252288 ], [ 17.020483988891144, 50.471770766212316 ], [ 17.018183600091959, 50.473949286781291 ], [ 17.018676540548924, 50.475038547065779 ], [ 17.019662421462868, 50.477811209608106 ], [ 17.020648302376799, 50.479989730177081 ], [ 17.01029655278046, 50.479197540879284 ], [ 17.007010283067331, 50.477118043972524 ], [ 17.004381267296836, 50.475335618052455 ], [ 16.999287549241501, 50.476523901999172 ], [ 16.995508339071407, 50.477415114959214 ], [ 16.984827962503743, 50.475632689039131 ], [ 16.980391498391029, 50.474840499741333 ], [ 16.978091109591844, 50.476325854674727 ], [ 16.978255423077499, 50.478999493554824 ], [ 16.978255423077499, 50.483059463706098 ], [ 16.97283307805084, 50.487416504844049 ], [ 16.958537804798752, 50.486822362870697 ], [ 16.947857428231103, 50.480583872150447 ], [ 16.945885666403228, 50.477811209608106 ], [ 16.943585277604043, 50.467908843385501 ], [ 16.942928023661423, 50.46513618084316 ], [ 16.93257627406507, 50.457907453500653 ], [ 16.907929251216643, 50.449490442211442 ], [ 16.882296347454272, 50.44245976219338 ], [ 16.860935594318974, 50.408098551400911 ], [ 16.881639093511652, 50.399879587436146 ], [ 16.885911244138711, 50.398196185178293 ], [ 16.888704573394875, 50.396413759258223 ], [ 16.89807044207727, 50.390472339524649 ], [ 16.901356711790399, 50.390175268537973 ], [ 16.909736699558863, 50.389581126564622 ], [ 16.918609627784292, 50.370964678066102 ], [ 16.918445314298637, 50.37027151243052 ], [ 16.916802179442087, 50.362547666776891 ], [ 16.928797063894976, 50.349377519700809 ], [ 16.93257627406507, 50.345119502225089 ], [ 16.936848424692144, 50.34145562672272 ], [ 16.937834305606074, 50.334028852055752 ], [ 16.937012738177799, 50.332642520784589 ], [ 16.935205289835579, 50.329770834580032 ], [ 16.939313126976984, 50.322146012588618 ], [ 16.953444086743417, 50.313035835663811 ], [ 16.959359372227041, 50.314026072286069 ], [ 16.964288776796721, 50.314917285246111 ], [ 16.96790367348116, 50.315115332570556 ], [ 16.974476212907405, 50.308480747201415 ], [ 16.974969153364384, 50.307985628890279 ], [ 16.977269542163569, 50.307391486916927 ], [ 16.997151473927971, 50.302242256481165 ], [ 17.001587938040686, 50.301846161832259 ], [ 17.00963929883784, 50.29382524519194 ], [ 17.019169481005903, 50.278179506560207 ], [ 17.016047524778429, 50.267187880053115 ], [ 17.011118120208749, 50.262335720604028 ], [ 17.002902445925926, 50.254611874950385 ], [ 17.006517342610366, 50.251839212408058 ], [ 17.010460866266115, 50.248769478879055 ], [ 17.011446747180059, 50.245402674363362 ], [ 17.012268314608335, 50.242332940834345 ], [ 17.017362032663684, 50.2383719943453 ], [ 17.028371036202643, 50.229954983056089 ], [ 17.014733016893175, 50.219458474860119 ], [ 16.997644414384936, 50.216883859642238 ], [ 16.990578934501713, 50.22599403656703 ], [ 16.976612288220934, 50.244115366754414 ], [ 16.963302895882791, 50.23847101800753 ], [ 16.964124463311066, 50.233420811233998 ], [ 16.964617403768031, 50.229756935731629 ], [ 16.955415848571292, 50.222825279375797 ], [ 16.93257627406507, 50.223320397686933 ], [ 16.930275885265885, 50.223716492335839 ], [ 16.917788060356017, 50.225895012904815 ], [ 16.899713576933834, 50.222132113740216 ], [ 16.886075557624366, 50.213616078788775 ], [ 16.883446541853871, 50.204604925526198 ], [ 16.882296347454272, 50.200346908050463 ], [ 16.872766165286222, 50.197376198183676 ], [ 16.863235983118159, 50.198168387481488 ], [ 16.847790515466471, 50.206486375108483 ], [ 16.837274452384477, 50.20331761791725 ], [ 16.835959944499223, 50.202723475943898 ], [ 16.835302690556603, 50.200346908050463 ], [ 16.834809750099637, 50.197970340157042 ], [ 16.822814865646734, 50.189751376192277 ], [ 16.81607801273482, 50.190444541827858 ], [ 16.81295605650736, 50.190840636476764 ], [ 16.801125485540112, 50.179749986307428 ], [ 16.798660783255272, 50.171729069667109 ], [ 16.796689021427397, 50.164797413311277 ], [ 16.786830212288024, 50.155291141737578 ], [ 16.783051002117929, 50.151528242572979 ], [ 16.783215315603584, 50.150141911301816 ], [ 16.783543942574894, 50.146577059461677 ], [ 16.758568292755157, 50.135090314643435 ], [ 16.751174185900624, 50.134496172670083 ], [ 16.745094586931344, 50.134001054358947 ], [ 16.73983655539034, 50.127465492652021 ], [ 16.720447564082917, 50.103006648082172 ], [ 16.70565935037385, 50.096966204686382 ], [ 16.693828779406601, 50.098055464970869 ], [ 16.657844126047891, 50.108155878517934 ], [ 16.649957078736392, 50.110235375424679 ], [ 16.644534733709747, 50.110829517398031 ], [ 16.634347297599064, 50.111918777682519 ], [ 16.62728181771584, 50.118553363051674 ], [ 16.62662456377322, 50.119345552349486 ], [ 16.626131623316255, 50.119543599673932 ], [ 16.615122619777281, 50.124692830109694 ], [ 16.613479484920717, 50.129247918572105 ], [ 16.612493604006787, 50.132119604776662 ], [ 16.595897941955513, 50.139942474092521 ], [ 16.580288160818171, 50.142814160297078 ], [ 16.583410117045631, 50.145487799177189 ], [ 16.581438355217756, 50.148755580030652 ], [ 16.58390305750261, 50.152518479195237 ], [ 16.574865815791512, 50.157271614982093 ], [ 16.562049363910333, 50.164104247675695 ], [ 16.558434467225894, 50.169946643747039 ], [ 16.560241915568113, 50.173907590236084 ], [ 16.563035244824263, 50.179849009969658 ], [ 16.558763094197204, 50.18480019308096 ], [ 16.558434467225894, 50.185196287729866 ], [ 16.555312510998419, 50.196385961561418 ], [ 16.556627018883674, 50.201238121010505 ], [ 16.557284272826294, 50.20351566524171 ], [ 16.561392109967699, 50.206585398770713 ], [ 16.554983884027109, 50.215200457384384 ], [ 16.556298391912364, 50.220250664157916 ], [ 16.538059595004526, 50.237777852371948 ], [ 16.529843920721717, 50.238669065331976 ], [ 16.523435694781114, 50.239461254629788 ], [ 16.51291963169912, 50.247878265919013 ], [ 16.510619242899935, 50.251938236070288 ], [ 16.50651140575853, 50.259265987075025 ], [ 16.494023580848662, 50.263424980888516 ], [ 16.490408684164223, 50.264613264835234 ], [ 16.46773342314367, 50.287388707147244 ], [ 16.467076169201036, 50.288775038418407 ], [ 16.463625586002266, 50.295904742098699 ], [ 16.453766776862892, 50.302143232818935 ], [ 16.448673058807543, 50.305311990010182 ], [ 16.441771892409989, 50.314224119610529 ], [ 16.436513860868985, 50.320957728641901 ], [ 16.428791127043141, 50.324918675130945 ], [ 16.413017032420143, 50.324720627806499 ], [ 16.410880957106613, 50.323532343859782 ], [ 16.407101746936519, 50.321452846953036 ], [ 16.39921469962502, 50.319769444695197 ], [ 16.385576680315566, 50.32719621936215 ], [ 16.380975902717182, 50.33353373374463 ], [ 16.375060617233558, 50.341752697709396 ], [ 16.369473958721258, 50.345218525887304 ], [ 16.362244165352379, 50.349773614349715 ], [ 16.363722986723289, 50.354823821123247 ], [ 16.367173569922059, 50.366607636928151 ], [ 16.360929657467125, 50.379282665693097 ], [ 16.349592026956856, 50.378688523719745 ], [ 16.340554785245757, 50.378193405408609 ], [ 16.321494420909644, 50.380470949639815 ], [ 16.304898758858357, 50.382451422884344 ], [ 16.299147786860402, 50.377500239773028 ], [ 16.290932112577579, 50.37027151243052 ], [ 16.28140193040953, 50.367201778901517 ], [ 16.276143898868526, 50.375915861177418 ], [ 16.266285089729152, 50.380966067950951 ], [ 16.266613716700462, 50.386412369373389 ], [ 16.266778030186117, 50.387402605995646 ], [ 16.263656073958657, 50.392254765444733 ], [ 16.261027058188162, 50.392551836431409 ], [ 16.250182368134844, 50.393740120378112 ], [ 16.248374919792624, 50.397899114191617 ], [ 16.251496876020099, 50.402949320965149 ], [ 16.252811383905339, 50.404830770547449 ], [ 16.23720160276801, 50.414039971134471 ], [ 16.227014166657327, 50.409286835347629 ], [ 16.221920448601978, 50.406910267454194 ], [ 16.211733012491294, 50.411168284929914 ], [ 16.212883206890893, 50.414535089445607 ], [ 16.213211833862204, 50.415723373392325 ], [ 16.209103996720799, 50.426814023561647 ], [ 16.202367143808885, 50.429289615117298 ], [ 16.196780485296571, 50.431468135686274 ], [ 16.19940950106708, 50.441667572895568 ], [ 16.204996159579395, 50.448401181926954 ], [ 16.210911445063019, 50.450084584184793 ], [ 16.221591821630668, 50.450381655171469 ], [ 16.221263194659358, 50.446420708682425 ], [ 16.221263194659358, 50.446321685020195 ], [ 16.224385150886818, 50.442657809517826 ], [ 16.229643182427822, 50.442954880504516 ], [ 16.232929452140951, 50.446321685020195 ], [ 16.229807495913477, 50.453253341376026 ], [ 16.228328674542567, 50.454144554336068 ], [ 16.225699658772072, 50.455728932931677 ], [ 16.224220837401162, 50.459689879420722 ], [ 16.229643182427822, 50.460482068718534 ], [ 16.235065527454481, 50.461175234354116 ], [ 16.234243960026191, 50.463353754923091 ], [ 16.233093765626606, 50.465829346478756 ], [ 16.236872975796686, 50.465037157180944 ], [ 16.243445515222945, 50.463749849571997 ], [ 16.253632951333628, 50.46721567774992 ], [ 16.249689427677879, 50.47335514480794 ], [ 16.249196487220914, 50.473949286781291 ], [ 16.259219609845943, 50.480088753839311 ], [ 16.265134895329567, 50.478306327919242 ], [ 16.270228613384901, 50.476622925661403 ], [ 16.270557240356212, 50.478999493554824 ], [ 16.271050180813191, 50.48375262934168 ], [ 16.2848525136083, 50.480979966799353 ], [ 16.294054068805053, 50.479197540879284 ], [ 16.302105429602207, 50.48979307273747 ], [ 16.302434056573517, 50.490387214710836 ], [ 16.302598370059172, 50.490486238373052 ], [ 16.311635611770271, 50.494150113875421 ], [ 16.311799925255926, 50.500685675582346 ], [ 16.312128552227236, 50.505438811369203 ], [ 16.32017991302439, 50.507716355600408 ], [ 16.326588138964979, 50.504844669395851 ], [ 16.344005368444542, 50.496922776417762 ], [ 16.36043671701016, 50.501675912204618 ], [ 16.364380240665909, 50.505636858693663 ], [ 16.374896303747903, 50.516430437876309 ], [ 16.3918205927705, 50.524649401841074 ], [ 16.400364894024619, 50.528808395654579 ], [ 16.392806473684431, 50.536928335957114 ], [ 16.387548442143441, 50.542572684704012 ], [ 16.39790019173978, 50.545345347246339 ], [ 16.410388016649648, 50.548712151762032 ], [ 16.410388016649648, 50.556634044740122 ], [ 16.407266060422174, 50.563565701095953 ], [ 16.404637044651679, 50.569309073505067 ], [ 16.414660167276708, 50.569309073505067 ], [ 16.421397020188607, 50.569408097167297 ], [ 16.444893848637449, 50.579607534376578 ], [ 16.442264832866954, 50.587232356367991 ], [ 16.423204468530827, 50.605650757542065 ], [ 16.404144104194714, 50.617236526022523 ], [ 16.396257056883215, 50.619415046591499 ], [ 16.3918205927705, 50.620702354200432 ], [ 16.382126097116782, 50.629020341827427 ], [ 16.381468843174162, 50.629614483800779 ], [ 16.378346886946687, 50.636942234805517 ], [ 16.370624153120843, 50.639714897347858 ], [ 16.36323004626631, 50.647438743001487 ], [ 16.353864177583915, 50.648131908637069 ], [ 16.351728102270386, 50.648329955961529 ], [ 16.349427713471201, 50.651102618503856 ], [ 16.341047725702722, 50.661599126699826 ], [ 16.321494420909644, 50.666154215162237 ], [ 16.31804383771086, 50.664668860228844 ], [ 16.306377580229267, 50.659717677117527 ], [ 16.298819159889078, 50.660707913739799 ], [ 16.283538005723059, 50.661302055713151 ], [ 16.279430168581655, 50.666748357135589 ], [ 16.278772914639021, 50.667639570095616 ], [ 16.271871748241466, 50.667540546433401 ], [ 16.233093765626606, 50.670115161651282 ], [ 16.222084762087633, 50.651696760477208 ], [ 16.221263194659358, 50.644269985810254 ], [ 16.220441627231068, 50.637635400441098 ], [ 16.217319671003608, 50.633377382965378 ], [ 16.187743243585487, 50.627733034218494 ], [ 16.179363255817023, 50.628624247178522 ], [ 16.177227180503493, 50.636645163818841 ], [ 16.176405613075204, 50.639516850023398 ], [ 16.169011506220684, 50.645359246094742 ], [ 16.149622514913247, 50.65268699709948 ], [ 16.145350364286188, 50.652191878788344 ], [ 16.139599392288218, 50.651597736814992 ], [ 16.133026852861974, 50.655459659641807 ], [ 16.12464686509351, 50.660311819090893 ], [ 16.116431190810687, 50.659717677117527 ], [ 16.113309234583227, 50.659519629793081 ], [ 16.107393949099603, 50.662094245010962 ], [ 16.101807290587288, 50.662292292335408 ], [ 16.096220632074974, 50.654469423019549 ], [ 16.085704568992981, 50.647834837650393 ], [ 16.067630085570798, 50.638823684387816 ], [ 16.061386173115864, 50.629020341827427 ], [ 16.05612814157486, 50.609710727693326 ], [ 16.042161495294081, 50.613473626857925 ], [ 16.023922698386244, 50.599214219497355 ], [ 16.014228202732525, 50.606046852190957 ], [ 15.991881568683283, 50.610007798680016 ], [ 15.986294910170983, 50.614760934466858 ], [ 16.016364278046069, 50.630208625774145 ], [ 16.002890572222256, 50.644071938485808 ], [ 16.003054885707911, 50.659321582468621 ], [ 15.997961167652562, 50.671798563909121 ], [ 15.991552941711973, 50.676452676033747 ], [ 15.988102358513189, 50.684374569011837 ], [ 15.966741605377891, 50.691504272692129 ], [ 15.946202419670868, 50.688731610149787 ], [ 15.9325644003614, 50.68605797126969 ], [ 15.926977741849086, 50.68170093013174 ], [ 15.919255008023242, 50.683780427038485 ], [ 15.887706818777247, 50.67556146307372 ], [ 15.882613100721912, 50.671501492922445 ], [ 15.86092372061529, 50.674868297438138 ], [ 15.862566855471854, 50.68160190646951 ], [ 15.85665156998823, 50.696950574114567 ], [ 15.849750403590662, 50.708140247946119 ], [ 15.834633562910298, 50.720320158399929 ], [ 15.830525725768894, 50.725469388835691 ], [ 15.832004547139803, 50.742699506063033 ], [ 15.815737512059826, 50.754681369192397 ], [ 15.808343405205306, 50.754384298205721 ], [ 15.792076370125343, 50.752106753974516 ], [ 15.787804219498284, 50.746462405227632 ], [ 15.77975285870113, 50.742699506063033 ], [ 15.759049359508438, 50.743194624374169 ], [ 15.74015330865798, 50.736163944356107 ], [ 15.725858035405892, 50.73943172520957 ], [ 15.6995678777009, 50.738837583236219 ], [ 15.689709068561527, 50.742699506063033 ], [ 15.680343199879118, 50.754780392854627 ], [ 15.642222471206878, 50.760721812588201 ], [ 15.620040150643291, 50.767752492606249 ], [ 15.615275059559266, 50.772505628393105 ], [ 15.603444488592018, 50.776268527557704 ], [ 15.577975898315302, 50.778744119113355 ], [ 15.563351998091903, 50.77636755121992 ], [ 15.54708496301194, 50.780130450384519 ], [ 15.535254392044692, 50.779338261086707 ], [ 15.524409701991374, 50.777654858828868 ], [ 15.516194027708565, 50.785081633495821 ], [ 15.510607369196251, 50.790032816607138 ], [ 15.502391694913442, 50.789141603647096 ], [ 15.499598365657292, 50.78884453266042 ], [ 15.481523882235109, 50.790924029567165 ], [ 15.458684307728888, 50.802212727060947 ], [ 15.448496871618204, 50.80726293383448 ], [ 15.43732355459359, 50.808649265105643 ], [ 15.422699654370192, 50.804193200305477 ], [ 15.413498099173438, 50.791320124216071 ], [ 15.406596932775869, 50.786071870118093 ], [ 15.394602048322966, 50.776763645868826 ], [ 15.384578925697937, 50.775971456571014 ], [ 15.371598160331104, 50.780526545033425 ], [ 15.373076981702013, 50.789834769282677 ], [ 15.367326009704044, 50.802905892696529 ], [ 15.370940906388483, 50.806371720874452 ], [ 15.373241295187668, 50.808748288767873 ], [ 15.370776592902828, 50.815580921461475 ], [ 15.373898549130288, 50.821918435843955 ], [ 15.368147577132319, 50.836078819542294 ], [ 15.352209169023666, 50.850635297889525 ], [ 15.338735463199868, 50.856180622974193 ], [ 15.328548027089184, 50.857765001569817 ], [ 15.315238634751026, 50.859844498476562 ], [ 15.309816289724367, 50.861428877072186 ], [ 15.278925354421006, 50.88984866813108 ], [ 15.277610846535751, 50.893710590957895 ], [ 15.277282219564441, 50.894205709269031 ], [ 15.267752037396377, 50.92074405074564 ], [ 15.271202620595162, 50.936488813039588 ], [ 15.272188501509092, 50.936785884026278 ], [ 15.282047310648466, 50.942925351084298 ], [ 15.289441417502999, 50.947579463208925 ], [ 15.290755925388254, 50.954709166889202 ], [ 15.28451201293332, 50.957976947742665 ], [ 15.274981830765256, 50.962928130853967 ], [ 15.276296338650511, 50.970354905520935 ], [ 15.276789279107476, 50.97263244975214 ], [ 15.273995949851312, 50.97867289314793 ], [ 15.258386168713983, 50.979366058783512 ], [ 15.248527359574609, 50.979762153432418 ], [ 15.24064031226311, 50.985505525841532 ], [ 15.239654431349166, 50.989268425006131 ], [ 15.238175609978256, 50.994120584455203 ], [ 15.240968939234421, 50.996893246997544 ], [ 15.237025415578671, 50.998279578268708 ], [ 15.203341151019146, 50.991744016561782 ], [ 15.198083119478156, 50.988773306694995 ], [ 15.198083119478156, 50.988278188383859 ], [ 15.198576059935121, 50.983822123583693 ], [ 15.191839207023207, 50.980851413716906 ], [ 15.177215306799809, 50.985010407530396 ], [ 15.174421977543659, 50.987188928099371 ], [ 15.174586291029314, 51.002933690393334 ], [ 15.174586291029314, 51.009964370411396 ], [ 15.17179296177315, 51.02006478395846 ], [ 15.168178065088725, 51.018480405362837 ], [ 15.144188296182918, 51.011845819993681 ], [ 15.140080459041513, 51.005508305611215 ], [ 15.135315367957475, 50.997982507282032 ], [ 15.134822427500509, 50.992635229521809 ], [ 15.112640106936922, 50.992140111210688 ], [ 15.104424432654113, 50.992239134872918 ], [ 15.099495028084419, 50.99699227065976 ], [ 15.098016206713524, 51.00342880870447 ], [ 15.102288357340584, 51.005706352935661 ], [ 15.105081686596733, 51.007290731531285 ], [ 15.105246000082388, 51.010657536046978 ], [ 15.09489425048605, 51.011944843655911 ], [ 15.078627215406087, 51.013925316900441 ], [ 15.071561735522863, 51.017490168740579 ], [ 15.068439779295403, 51.019173570998419 ], [ 15.058909597127339, 51.022144280865206 ], [ 15.058416656670374, 51.018183334376161 ], [ 15.057923716213409, 51.01372726957598 ], [ 15.038699038391627, 51.012340938304817 ], [ 15.034262574278912, 51.014816529860468 ], [ 15.033441006850623, 51.016896026767213 ], [ 15.031962185479728, 51.020955996918488 ], [ 15.019802987541169, 51.022936470163017 ], [ 15.017338285256315, 51.020361854945136 ], [ 15.013887702057545, 51.016598955780537 ], [ 15.002221444575952, 51.011548749007005 ], [ 14.992691262407888, 51.011152654358099 ], [ 14.984968528582044, 51.010954607033653 ], [ 14.969523060930371, 50.990159637966158 ], [ 14.986940290409919, 50.979564106107972 ], [ 14.999592428805457, 50.983822123583693 ], [ 15.004850460346447, 50.985703573165992 ], [ 15.009451237944816, 50.983128957948111 ], [ 15.019967301026824, 50.96807736128973 ], [ 15.016352404342385, 50.965205675085173 ], [ 15.011422999772691, 50.961541799582804 ], [ 15.013394761600566, 50.947183368560019 ], [ 15.01438064251451, 50.939855617555281 ], [ 15.002878698518572, 50.93114153527938 ], [ 14.990555187094358, 50.921932334692357 ], [ 14.993677143321833, 50.916585056932135 ], [ 14.999428115319787, 50.907276832682882 ], [ 15.006164968231701, 50.907474880007342 ], [ 14.996634786063638, 50.899652010691469 ], [ 14.995484591664038, 50.891631094051149 ], [ 15.002057131090297, 50.871925385268156 ], [ 15.000578309719387, 50.869350770050275 ], [ 14.994334397264453, 50.869350770050275 ], [ 14.960485819219272, 50.862023019045537 ], [ 14.923350971460977, 50.870935148645884 ], [ 14.903797666667884, 50.875589260770525 ], [ 14.90182590484001, 50.873707811188225 ], [ 14.896567873299006, 50.868360533428003 ], [ 14.883587107932172, 50.872915621890414 ], [ 14.871263596507958, 50.877272663028364 ], [ 14.864855370567355, 50.872222456254832 ], [ 14.86255498176817, 50.870440030334763 ], [ 14.856311069313236, 50.869152722725815 ], [ 14.840208347718928, 50.871232219632574 ], [ 14.831664046464809, 50.872321479917062 ], [ 14.823284058696345, 50.870539053996978 ], [ 14.817861713669686, 50.879154112610664 ], [ 14.821805237325435, 50.887373076575429 ], [ 14.830185225093899, 50.892522307011191 ], [ 14.842180109546803, 50.899850058015929 ], [ 14.848588335487392, 50.90648464338507 ], [ 14.852367545657486, 50.910544613536345 ], [ 14.856311069313236, 50.912426063118644 ], [ 14.867648699823519, 50.918070411865529 ], [ 14.872085163936234, 50.924506949910224 ], [ 14.877014568505913, 50.931834700914962 ], [ 14.886544750673977, 50.935597600079561 ], [ 14.894760424956786, 50.938865380933024 ], [ 14.894596111471131, 50.943222422070974 ], [ 14.894267484499821, 50.951243338711294 ], [ 14.906590995924034, 50.972137331441004 ], [ 14.913327848835948, 50.974018781023304 ], [ 14.918585880376938, 50.975504135956697 ], [ 14.918421566891283, 50.982237744988069 ], [ 14.917928626434318, 50.994912773753015 ], [ 14.928444689516311, 50.998774696579844 ], [ 14.929101943458932, 50.998972743904289 ], [ 14.938303498655685, 51.013133127602629 ], [ 14.937974871684375, 51.014321411549346 ], [ 14.93633173682781, 51.020658925931812 ], [ 14.945861918995874, 51.027293511300968 ], [ 14.946190545967184, 51.027491558625414 ], [ 14.946519172938494, 51.028184724260996 ], [ 14.948326621280714, 51.033135907372312 ], [ 14.952598771907773, 51.044919723177216 ], [ 14.958349743905742, 51.047593362057327 ], [ 14.963607775446746, 51.050167977275208 ], [ 14.962621894532802, 51.054723065737605 ], [ 14.962457581047147, 51.055911349684322 ], [ 14.966565418188551, 51.061159603782301 ], [ 14.970673255329956, 51.066209810555833 ], [ 14.970344628358646, 51.067200047178105 ], [ 14.968865806987736, 51.071260017329365 ], [ 14.97560265989965, 51.075815105791776 ], [ 14.978560302641455, 51.077795579036291 ], [ 14.9783959891558, 51.081261407214214 ], [ 14.97806736218449, 51.086212590325516 ], [ 14.98020343749802, 51.088490134556722 ], [ 14.982832453268514, 51.091064749774603 ], [ 14.983818334182459, 51.099580784726044 ], [ 14.98332539372548, 51.100471997686086 ], [ 14.97938187006973, 51.107205606717457 ], [ 14.981846572354584, 51.116216759980034 ], [ 14.987926171323863, 51.118197233224564 ], [ 14.996141845606672, 51.120870872104675 ], [ 14.996141845606672, 51.13344687720739 ], [ 14.993348516350508, 51.138992202292044 ], [ 14.991869694979613, 51.142061935821062 ], [ 14.994991651207073, 51.145032645687849 ], [ 14.999921055776767, 51.149686757812475 ], [ 14.997456353491913, 51.154439893599331 ], [ 14.993677143321833, 51.161272526292933 ], [ 15.000249682748077, 51.165332496444208 ], [ 15.003700265946861, 51.167511017013183 ], [ 15.002550071547262, 51.172462200124485 ], [ 15.008136730059576, 51.183849921280498 ], [ 15.006329281717356, 51.1888011043918 ], [ 15.005836341260391, 51.190583530311869 ], [ 15.007150849145631, 51.191870837920817 ], [ 15.0140520155432, 51.198307375965513 ], [ 15.009122610973506, 51.199594683574446 ], [ 15.008793984002196, 51.199693707236676 ], [ 15.007972416573921, 51.203060511752369 ], [ 15.01158731325836, 51.207912671201441 ], [ 15.012408880686635, 51.208902907823713 ], [ 15.012408880686635, 51.209100955148159 ], [ 15.010601432344416, 51.213061901637204 ], [ 15.015530836914095, 51.214943351219503 ], [ 15.017831225713294, 51.219993557993035 ], [ 15.017009658285005, 51.226925214348867 ], [ 15.025389646053469, 51.232470539433521 ], [ 15.028347288795288, 51.240689503398301 ], [ 15.031469245022748, 51.241877787345018 ], [ 15.036234336106787, 51.243858260589533 ], [ 15.030154737137508, 51.247621159754132 ], [ 15.024239451653884, 51.251285035256501 ], [ 15.029661796680543, 51.254354768785504 ], [ 15.036234336106787, 51.258315715274549 ], [ 15.037384530506372, 51.268317105159397 ], [ 15.037548843992028, 51.269802460092777 ], [ 15.038863351877282, 51.271188791363954 ], [ 15.040835113705157, 51.273466335595145 ], [ 15.037055903535062, 51.276536069124163 ], [ 15.035084141707188, 51.278021424057556 ], [ 15.033769633821947, 51.285844293373415 ], [ 15.032290812451038, 51.293667162689289 ], [ 15.021281808912065, 51.300103700733985 ], [ 15.020624554969444, 51.300598819045106 ], [ 15.013066134629256, 51.300895890031796 ], [ 15.008629670516541, 51.312382634850024 ], [ 15.006986535659976, 51.316343581339069 ], [ 15.001235563662007, 51.319413314868072 ], [ 14.995813218635362, 51.322285001072643 ], [ 14.97905324309842, 51.341099496895609 ], [ 14.97445246550005, 51.356349140878436 ], [ 14.969030120473391, 51.360904229340832 ], [ 14.97412383852874, 51.363973962869849 ], [ 14.990555187094358, 51.363775915545389 ], [ 15.011751626744015, 51.364370057518741 ], [ 15.010601432344416, 51.371400737536803 ], [ 15.009944178401796, 51.375460707688077 ], [ 15.01931004708419, 51.393086919564325 ], [ 15.048886474502311, 51.396057629431112 ], [ 15.073369183865083, 51.398533220986764 ], [ 15.082077798604871, 51.407148279600435 ], [ 15.084542500889711, 51.417644787796405 ], [ 15.086349949231931, 51.425566680774509 ], [ 15.09242954820121, 51.428537390641281 ], [ 15.09522287745736, 51.426853988383442 ], [ 15.096701698828269, 51.425863751761185 ], [ 15.108860896766828, 51.42794324866793 ], [ 15.124142050932861, 51.434478810374856 ], [ 15.148953387266943, 51.442004608704039 ], [ 15.178529814685064, 51.458244489309124 ], [ 15.188552937310092, 51.463591767069346 ], [ 15.201862329648236, 51.462106412135952 ], [ 15.200876448734306, 51.452303069575564 ], [ 15.200547821762996, 51.448441146748735 ], [ 15.202683897076525, 51.445866531530854 ], [ 15.217472110785579, 51.444381176597474 ], [ 15.233574832379887, 51.44626262617976 ], [ 15.251485002316414, 51.448342123086519 ], [ 15.269559485738597, 51.440024135459524 ], [ 15.270381053166886, 51.43853878052613 ], [ 15.275474771222221, 51.429824698250229 ], [ 15.285662207332905, 51.430913958534717 ], [ 15.289770044474309, 51.431409076845839 ], [ 15.292070433273494, 51.42774520134347 ], [ 15.296178270414899, 51.421308663298774 ], [ 15.311788051552242, 51.417941858783095 ], [ 15.314745694294061, 51.417347716809729 ], [ 15.316388829150611, 51.41566431455189 ], [ 15.32361862251949, 51.408138516222706 ], [ 15.331834296802299, 51.40952484749387 ], [ 15.328383713603515, 51.414575054267402 ], [ 15.325919011318675, 51.418337953431987 ], [ 15.329040967546149, 51.429923721912445 ], [ 15.331998610287954, 51.433587597414814 ], [ 15.342021732912983, 51.44626262617976 ], [ 15.335449193486738, 51.451807951264428 ], [ 15.334298999087139, 51.452798187886685 ], [ 15.339064090171178, 51.472206825683017 ], [ 15.36141072422042, 51.470622447087393 ], [ 15.373076981702013, 51.469731234127366 ], [ 15.380635402042202, 51.471513660047435 ], [ 15.379649521128258, 51.480227742323336 ], [ 15.375705997472508, 51.480821884296688 ], [ 15.370612279417173, 51.48151504993227 ], [ 15.367983263646664, 51.493397889399404 ], [ 15.371105219874138, 51.506865107462161 ], [ 15.378335013243003, 51.510330935640084 ], [ 15.379485207642603, 51.510826053951206 ], [ 15.380142461585223, 51.51250945620906 ], [ 15.385893433583192, 51.527263981880751 ], [ 15.39739537757913, 51.529937620760847 ], [ 15.402817722605789, 51.524392295676193 ], [ 15.407089873232849, 51.520233301862689 ], [ 15.417934563286153, 51.52280791708057 ], [ 15.43699492762228, 51.527363005542981 ], [ 15.463449398812926, 51.521421585809406 ], [ 15.466899982011711, 51.518252828618174 ], [ 15.47084350566746, 51.514588953115805 ], [ 15.481359568749454, 51.513202621844641 ], [ 15.484974465433893, 51.514291882129129 ], [ 15.486781913776099, 51.518945994253755 ], [ 15.489410929546608, 51.526372768920709 ], [ 15.592435485053045, 51.471018541736299 ], [ 15.594900187337885, 51.469038068491784 ], [ 15.593257052481334, 51.465869311300537 ], [ 15.585862945626801, 51.457749370998002 ], [ 15.581919421971051, 51.453590377184497 ], [ 15.58980646928255, 51.449926501682128 ], [ 15.593421365966989, 51.45061966731771 ], [ 15.59506450082354, 51.4509167383044 ], [ 15.597364889622739, 51.448936265059871 ], [ 15.599665278421924, 51.446856768153125 ], [ 15.616753880930162, 51.460224962553653 ], [ 15.622833479899441, 51.463789814393792 ], [ 15.624147987784696, 51.46933513947846 ], [ 15.624640928241661, 51.470919518074069 ], [ 15.626941317040846, 51.471414636385205 ], [ 15.633842483438414, 51.472999014980829 ], [ 15.634828364352344, 51.47547460653648 ], [ 15.636142872237599, 51.478643363727713 ], [ 15.645344427434352, 51.478742387389943 ], [ 15.648795010633123, 51.476365819496507 ], [ 15.653724415202817, 51.472899991318599 ], [ 15.657667938858566, 51.474484369914208 ], [ 15.663254597370866, 51.481911144581176 ], [ 15.662597343428246, 51.484980878110193 ], [ 15.662104402971281, 51.48775354065252 ], [ 15.66571929965572, 51.489535966572589 ], [ 15.66703380754096, 51.490229132208171 ], [ 15.667362434512285, 51.49191253446601 ], [ 15.668019688454905, 51.497853954199584 ], [ 15.675578108795094, 51.50429049224428 ], [ 15.678207124565589, 51.506469012813255 ], [ 15.679193005479519, 51.509538746342272 ], [ 15.680014572907808, 51.511915314235694 ], [ 15.691845143875057, 51.512311408884599 ], [ 15.699074937243921, 51.512608479871275 ], [ 15.699896504672211, 51.514192858466899 ], [ 15.70170395301443, 51.517064544671456 ], [ 15.714027464438644, 51.517361615658132 ], [ 15.711069821696825, 51.529838597098632 ], [ 15.712055702610769, 51.539839986983466 ], [ 15.712548643067734, 51.544494099108093 ], [ 15.711727075639459, 51.544791170094769 ], [ 15.703675714842305, 51.547266761650434 ], [ 15.70384002832796, 51.557070104210823 ], [ 15.713205897010354, 51.555188654628523 ], [ 15.725858035405892, 51.552614039410642 ], [ 15.742782324428475, 51.556079867588551 ], [ 15.759542299965403, 51.56410078422887 ], [ 15.770715616990032, 51.569646109313538 ], [ 15.795198326352804, 51.571032440584702 ], [ 15.823624559371325, 51.572715842842541 ], [ 15.819845349201245, 51.590044983732128 ], [ 15.817216333430736, 51.602224894185937 ], [ 15.822638678457395, 51.608958503217309 ], [ 15.832497487596768, 51.621831579306715 ], [ 15.832826114568078, 51.626782762418017 ], [ 15.833811995482009, 51.640150956818545 ], [ 15.845149625992292, 51.64658749486324 ], [ 15.854844121646011, 51.652033796285679 ], [ 15.854022554217735, 51.657678145032577 ], [ 15.849421776619351, 51.660153736588228 ], [ 15.846464133877546, 51.661738115183852 ], [ 15.848928836162386, 51.664312730401733 ], [ 15.849750403590662, 51.66520394336176 ], [ 15.848764522676731, 51.665600038010666 ], [ 15.834304935938988, 51.672234623379822 ], [ 15.843342177650072, 51.675205333246595 ], [ 15.843670804621382, 51.681245776642399 ], [ 15.851393538447226, 51.68382039186028 ], [ 15.855830002559941, 51.688672551309352 ], [ 15.85911627227307, 51.688969622296028 ], [ 15.867989200498513, 51.68986083525607 ], [ 15.865688811699314, 51.69600030231409 ], [ 15.863552736385785, 51.701149532749852 ], [ 15.871768410668594, 51.72075621787063 ], [ 15.882777414207567, 51.720459146883954 ], [ 15.896744060488345, 51.730262489444343 ], [ 15.910875020254778, 51.726004471968608 ], [ 15.912353841625688, 51.725509353657486 ], [ 15.921884023793737, 51.728975181835395 ], [ 15.925991860935142, 51.730460536768788 ], [ 15.931085578990491, 51.73729316946239 ], [ 15.947681241041764, 51.735807814528997 ], [ 15.962469454750831, 51.734520506920063 ], [ 15.962140827779507, 51.739768761018041 ], [ 15.961812200808197, 51.74333361285818 ], [ 15.965427097492636, 51.744125802155992 ], [ 15.976107474060285, 51.746304322724967 ], [ 15.972328263890205, 51.759474469801049 ], [ 15.969863561605351, 51.767792457428044 ], [ 15.976436101031609, 51.768683670388072 ], [ 15.980379624687359, 51.772743640539346 ], [ 15.984158834857439, 51.771555356592643 ], [ 15.990402747312388, 51.769673907010343 ], [ 16.007491349820626, 51.775318255757227 ], [ 16.004369393593166, 51.778883107597366 ], [ 15.984651775314418, 51.778883107597366 ], [ 15.982351386515234, 51.778883107597366 ], [ 15.972163950404536, 51.782943077748641 ], [ 15.968056113263131, 51.787894260859943 ], [ 15.968056113263131, 51.793736656931287 ], [ 15.97775060891685, 51.796509319473628 ], [ 15.984158834857439, 51.803044881180554 ], [ 16.026880341128063, 51.802450739207188 ], [ 16.033945821011272, 51.796113224824722 ], [ 16.034274447982583, 51.790171805091148 ], [ 16.034438761468252, 51.78462648000648 ], [ 16.037067777238747, 51.781457722815247 ], [ 16.048898348205995, 51.781754793801923 ], [ 16.068780279970397, 51.782348935775289 ], [ 16.079624970023701, 51.773337782512712 ], [ 16.081432418365921, 51.77264461687713 ], [ 16.094084556761445, 51.767693433765814 ], [ 16.114952369439791, 51.764128581925675 ], [ 16.12711156737835, 51.764821747561257 ], [ 16.131876658462375, 51.765118818547933 ], [ 16.132205285433685, 51.764326629250121 ], [ 16.134012733775904, 51.759771540787725 ], [ 16.139928019259528, 51.759672517125495 ], [ 16.159481324052621, 51.759177398814373 ], [ 16.166711117421485, 51.760761777409982 ], [ 16.177062867017838, 51.763039321641187 ], [ 16.16802562530674, 51.73749121678685 ], [ 16.161946026337461, 51.719865004910588 ], [ 16.159809951023931, 51.717884531666073 ], [ 16.16096014542353, 51.712042135594729 ], [ 16.168189938792395, 51.709467520376847 ], [ 16.183635406444083, 51.713428466865892 ], [ 16.198587933638791, 51.717191366030491 ], [ 16.216333790089664, 51.714319679825934 ], [ 16.223727896944197, 51.703724147967733 ], [ 16.226685539686002, 51.699565154154229 ], [ 16.223234956487232, 51.695406160340738 ], [ 16.24393845567991, 51.688177432998231 ], [ 16.251661189505754, 51.685503794118119 ], [ 16.264313327901277, 51.67312583633985 ], [ 16.265134895329567, 51.671739505068686 ], [ 16.270064299899246, 51.663520541103921 ], [ 16.274829390983271, 51.672432670704268 ], [ 16.271707434755811, 51.675403380571055 ], [ 16.268421165042682, 51.678572137762288 ], [ 16.270557240356212, 51.685107699469214 ], [ 16.2781156606964, 51.688375480322676 ], [ 16.285838394522244, 51.689068645958258 ], [ 16.297997592460803, 51.690157906242746 ], [ 16.298326219432113, 51.694019829069575 ], [ 16.298326219432113, 51.694118852731791 ], [ 16.304898758858357, 51.699070035843107 ], [ 16.31590776239733, 51.700753438100946 ], [ 16.328231273821544, 51.702733911345462 ], [ 16.347948892100291, 51.709665567701293 ], [ 16.349756340442511, 51.714022608839244 ], [ 16.350084967413821, 51.714715774474826 ], [ 16.350742221356441, 51.714913821799286 ], [ 16.35715044729703, 51.717290389692707 ], [ 16.368159450836004, 51.728282016199813 ], [ 16.364380240665909, 51.735114648893415 ], [ 16.363887300208944, 51.736203909177902 ], [ 16.362079851866724, 51.740461926653623 ], [ 16.371281407063464, 51.748185772307266 ], [ 16.376868065575778, 51.752938908094123 ], [ 16.376868065575778, 51.757097901907613 ], [ 16.376703752090123, 51.762148108681146 ], [ 16.379825708317597, 51.767594410103584 ], [ 16.384262172430311, 51.769871954334789 ], [ 16.38935589048566, 51.768881717712532 ], [ 16.394449608540995, 51.767792457428044 ], [ 16.405458612079968, 51.772248522228224 ], [ 16.414331540305398, 51.782348935775289 ], [ 16.416138988647617, 51.78482452733094 ] ] ] } },
{ "type": "Feature", "properties": { "index": 1562, "nuts_2_code": "PL62", "nuts_2_name": "Warmińsko-mazurskie" }, "geometry": { "type": "Polygon", "coordinates": [ [ [ 21.559315403172562, 54.322503919200244 ], [ 21.577718513566069, 54.325474629067017 ], [ 21.739238669966113, 54.329732646542752 ], [ 21.938057987610122, 54.33329749838289 ], [ 22.138849067082006, 54.336466255574123 ], [ 22.22281325825233, 54.343397911929955 ], [ 22.233165007848669, 54.340922320374304 ], [ 22.314171556277188, 54.340823296712074 ], [ 22.330438591357151, 54.344190101227767 ], [ 22.49080855335761, 54.349537378987975 ], [ 22.527286147173285, 54.349240308001299 ], [ 22.616672683370268, 54.355478798721549 ], [ 22.645920483817065, 54.353993443788156 ], [ 22.68289101808972, 54.360330958170621 ], [ 22.791995172565436, 54.363400691699638 ], [ 22.804811624446614, 54.349834449974651 ], [ 22.804975937932284, 54.346566669121188 ], [ 22.802018295190464, 54.34112036769875 ], [ 22.790516351194526, 54.335872113600772 ], [ 22.779343034169912, 54.330623859502779 ], [ 22.780000288112532, 54.328346315271574 ], [ 22.786737141024432, 54.326662913013735 ], [ 22.792652426508056, 54.325078534418111 ], [ 22.789201843309286, 54.312898623964301 ], [ 22.785422633139191, 54.308838653813027 ], [ 22.784601065710902, 54.308046464515215 ], [ 22.785258319653536, 54.306759156906281 ], [ 22.788708902852306, 54.299629453226004 ], [ 22.768005403659629, 54.289430016016709 ], [ 22.761432864233385, 54.292895844194618 ], [ 22.752066995550976, 54.297648979981474 ], [ 22.744508575210787, 54.290915370950103 ], [ 22.730541928930009, 54.285469069527664 ], [ 22.718218417505796, 54.282300312336432 ], [ 22.693735708143024, 54.275863774291722 ], [ 22.675661224720841, 54.280022768105226 ], [ 22.64444166244617, 54.287251495447734 ], [ 22.631789524050632, 54.275665726967276 ], [ 22.624724044167422, 54.26913016526035 ], [ 22.611086024857954, 54.260713153971125 ], [ 22.593997422349702, 54.2628916745401 ], [ 22.578551954698028, 54.264773124122399 ], [ 22.578387641212373, 54.262594603553424 ], [ 22.578223327726704, 54.258831704388825 ], [ 22.57165078830046, 54.258039515091028 ], [ 22.568528832073, 54.257643420442122 ], [ 22.563928054474616, 54.252791260993035 ], [ 22.563928054474616, 54.252791260993035 ], [ 22.56458530841725, 54.249622503801803 ], [ 22.558998649904936, 54.247443983232827 ], [ 22.554726499277876, 54.249226409152897 ], [ 22.550454348650817, 54.251008835072966 ], [ 22.53139398431469, 54.247543006895043 ], [ 22.529750849458125, 54.240809397863671 ], [ 22.527286147173285, 54.230411913329931 ], [ 22.520056353804407, 54.227045108814238 ], [ 22.517098711062602, 54.225658777543075 ], [ 22.516934397576946, 54.222787091338517 ], [ 22.516770084091291, 54.218033955551661 ], [ 22.513155187406852, 54.218727121187243 ], [ 22.509540290722413, 54.219420286822825 ], [ 22.494423450042049, 54.214865198360428 ], [ 22.49573795792729, 54.210112062573572 ], [ 22.484564640902676, 54.207141352706785 ], [ 22.481606998160856, 54.202487240582158 ], [ 22.479470922847327, 54.199516530715371 ], [ 22.48686502970186, 54.195357536901881 ], [ 22.499681481583039, 54.191990732386188 ], [ 22.506582647980608, 54.190109282803888 ], [ 22.504610886152733, 54.187039549274871 ], [ 22.502639124324858, 54.184266886732544 ], [ 22.506254021009298, 54.178028396012294 ], [ 22.513483814378162, 54.17228502360318 ], [ 22.516441457119981, 54.169809432047529 ], [ 22.518413218947856, 54.16604653288293 ], [ 22.520220667290076, 54.162481681042792 ], [ 22.523671250488846, 54.16168949174498 ], [ 22.534680254027819, 54.159312923851559 ], [ 22.536980642827004, 54.151985172846821 ], [ 22.544046122710213, 54.147331060722195 ], [ 22.545853571052433, 54.143568161557596 ], [ 22.547989646365963, 54.139310144081875 ], [ 22.559820217333211, 54.139607215068551 ], [ 22.577237446812774, 54.141587688313081 ], [ 22.579044895154993, 54.145251563815449 ], [ 22.579702149097614, 54.146637895086613 ], [ 22.590053898693952, 54.149905675940076 ], [ 22.593504481892737, 54.14337011423315 ], [ 22.594983303263646, 54.140498428028593 ], [ 22.620780520511673, 54.113464968240862 ], [ 22.629489135251447, 54.109999140062939 ], [ 22.635240107249416, 54.107622572169518 ], [ 22.637047555591636, 54.099403608204739 ], [ 22.634747166792451, 54.093363164808949 ], [ 22.625052671138732, 54.08969928930658 ], [ 22.60484211240302, 54.081876419990721 ], [ 22.60451348543171, 54.078113520826122 ], [ 22.60402054497473, 54.073756479688171 ], [ 22.60237741011818, 54.071676982781426 ], [ 22.597612319034141, 54.065339468398946 ], [ 22.599912707833326, 54.05276346329623 ], [ 22.618808758683798, 54.049000564131632 ], [ 22.630639329651046, 54.04672301990044 ], [ 22.670403193179837, 54.029294855348638 ], [ 22.671389074093781, 54.022759293641712 ], [ 22.671882014550746, 54.01929346546379 ], [ 22.675168284263876, 54.01345106939246 ], [ 22.677961613520026, 54.008400862618927 ], [ 22.6799333753479, 54.00701453134775 ], [ 22.690449438429894, 53.999785804005242 ], [ 22.695050216028278, 53.987407846226972 ], [ 22.695378842999588, 53.978891811275531 ], [ 22.695543156485243, 53.975227935773162 ], [ 22.702280009397143, 53.970969918297442 ], [ 22.707538040938147, 53.967702137443979 ], [ 22.711317251108241, 53.962156812359311 ], [ 22.714767834307025, 53.957205629248008 ], [ 22.72380507601811, 53.952551517123382 ], [ 22.748123471895227, 53.944530600483063 ], [ 22.761761491204695, 53.933935068624862 ], [ 22.766526582288719, 53.930766311433629 ], [ 22.778357153255968, 53.92284441845554 ], [ 22.782136363426062, 53.916209833086384 ], [ 22.776221077942438, 53.906604537850455 ], [ 22.779507347655567, 53.900465070792421 ], [ 22.776056764456783, 53.895612911343349 ], [ 22.784601065710902, 53.882541787929497 ], [ 22.779507347655567, 53.867589214933346 ], [ 22.746151710067352, 53.842239157403455 ], [ 22.726762718759929, 53.832435814843066 ], [ 22.725776837845984, 53.80312481082413 ], [ 22.718218417505796, 53.792331231641484 ], [ 22.696857664370498, 53.761633896351384 ], [ 22.68206945066143, 53.756880760564528 ], [ 22.665473788610157, 53.755989547604486 ], [ 22.64214127364697, 53.748364725613072 ], [ 22.6386906904482, 53.753910050697741 ], [ 22.637376182562946, 53.75589052394227 ], [ 22.629817762222757, 53.756286618591162 ], [ 22.624559730681767, 53.753018837737699 ], [ 22.623080909310858, 53.744799873772934 ], [ 22.623080909310858, 53.744502802786258 ], [ 22.625052671138732, 53.741036974608335 ], [ 22.60796406863048, 53.717766413985203 ], [ 22.595311930234956, 53.719449816243042 ], [ 22.585946061552548, 53.726480496261104 ], [ 22.585124494124273, 53.728559993167849 ], [ 22.583481359267708, 53.733313128954705 ], [ 22.574115490585299, 53.727371709221131 ], [ 22.561956292646741, 53.719647863567502 ], [ 22.509868917693723, 53.696971444917708 ], [ 22.494916390499014, 53.698159728864425 ], [ 22.477006220562487, 53.699645083797819 ], [ 22.472569756449772, 53.698951918162237 ], [ 22.470597994621897, 53.697862657877749 ], [ 22.473719950849357, 53.694396829699826 ], [ 22.466325843994838, 53.689346622926294 ], [ 22.469776427193608, 53.680929611637069 ], [ 22.470597994621897, 53.678751091068094 ], [ 22.467968978851403, 53.674196002605697 ], [ 22.469612113707953, 53.667660440898771 ], [ 22.475527399191577, 53.663204376098591 ], [ 22.44907292800093, 53.663600470747497 ], [ 22.439214118861557, 53.666274109627608 ], [ 22.442829015545996, 53.670631150765558 ], [ 22.443814896459926, 53.671819434712276 ], [ 22.436913730062372, 53.676572570499118 ], [ 22.421632575896339, 53.680731564312623 ], [ 22.413581215099185, 53.675582333876861 ], [ 22.401750644131937, 53.667957511885447 ], [ 22.392713402420853, 53.66518484934312 ], [ 22.357714629976087, 53.65449029382269 ], [ 22.351635031006793, 53.650034229022523 ], [ 22.350649150092863, 53.645974258871249 ], [ 22.33372486107028, 53.63607189264863 ], [ 22.329452710443206, 53.633497277430749 ], [ 22.326659381187056, 53.631813875172909 ], [ 22.326166440730091, 53.632408017146261 ], [ 22.324851932844837, 53.634091419404115 ], [ 22.308913524736184, 53.627951952346095 ], [ 22.307270389879619, 53.627357810372729 ], [ 22.305627255023069, 53.626763668399377 ], [ 22.301026477424685, 53.62567440811489 ], [ 22.281473172631607, 53.621218343314709 ], [ 22.277693962461512, 53.617455444150124 ], [ 22.270957109549599, 53.610325740469833 ], [ 22.248610475500357, 53.599829232273862 ], [ 22.235301083162199, 53.593590741553612 ], [ 22.231028932535139, 53.589332724077892 ], [ 22.228399916764644, 53.586461037873335 ], [ 22.22281325825233, 53.583886422655453 ], [ 22.22034855596749, 53.582797162370966 ], [ 22.211475627742061, 53.578836215881921 ], [ 22.200630937688743, 53.570914322903832 ], [ 22.194058398262499, 53.566260210779205 ], [ 22.135727110854546, 53.544574028751683 ], [ 22.127840063543047, 53.541504295222666 ], [ 22.121431837602458, 53.539721869302596 ], [ 22.118802821831949, 53.538731632680339 ], [ 22.112887536348325, 53.536850183098039 ], [ 22.11025852057783, 53.535760922813552 ], [ 22.105493429493805, 53.534671662529064 ], [ 22.10105696538109, 53.5332853312579 ], [ 22.098427949610581, 53.532988260271225 ], [ 22.095798933840086, 53.532295094635643 ], [ 22.084461303329803, 53.534275567880158 ], [ 22.076902882989629, 53.535661899151322 ], [ 22.056363697282592, 53.528235124484368 ], [ 22.051598606198567, 53.525165390955351 ], [ 22.044697439800998, 53.514272788110475 ], [ 22.039439408260009, 53.505855776821264 ], [ 22.025801388950541, 53.496250481585321 ], [ 22.017421401182077, 53.499716309763244 ], [ 22.013806504497637, 53.505756753159034 ], [ 22.009534353870578, 53.513084504163771 ], [ 21.990638303020106, 53.521402491790766 ], [ 21.977986164624582, 53.517540568963938 ], [ 21.95284620131919, 53.509816723310308 ], [ 21.937236420181847, 53.510212817959214 ], [ 21.930992507726913, 53.51031184162143 ], [ 21.923105460415414, 53.507935273728009 ], [ 21.91784742887441, 53.501597759345529 ], [ 21.917683115388755, 53.501498735683313 ], [ 21.91686154796048, 53.501102641034407 ], [ 21.903552155622322, 53.494270008340806 ], [ 21.903059215165356, 53.489912967202855 ], [ 21.902566274708391, 53.483773500144835 ], [ 21.896650989224767, 53.472979920962175 ], [ 21.881041208087424, 53.461790247130622 ], [ 21.858694574038182, 53.459116608250525 ], [ 21.84094871758731, 53.461394152481716 ], [ 21.816958948681503, 53.469910187433172 ], [ 21.791490358404786, 53.478921340695749 ], [ 21.768979410869889, 53.481793026900306 ], [ 21.765200200699795, 53.482090097886982 ], [ 21.730694368711994, 53.488625659593907 ], [ 21.687808548955715, 53.492586606082952 ], [ 21.674006216160606, 53.488724683256137 ], [ 21.647716058455615, 53.48129790858917 ], [ 21.61288159949649, 53.480802790278048 ], [ 21.61074552418296, 53.481000837602494 ], [ 21.604172984756715, 53.481793026900306 ], [ 21.598093385787436, 53.481793026900306 ], [ 21.593163981217742, 53.480901813940278 ], [ 21.587248695734118, 53.480307671966912 ], [ 21.574267930367284, 53.480010600980236 ], [ 21.57147460111112, 53.480109624642466 ], [ 21.56588794259882, 53.480901813940278 ], [ 21.551756982832387, 53.478129151397937 ], [ 21.516429583416297, 53.476742820126773 ], [ 21.434601467559503, 53.462780483752894 ], [ 21.439366558643542, 53.45664101669486 ], [ 21.446432038526751, 53.447530839770067 ], [ 21.437887737272632, 53.447233768783377 ], [ 21.435094408016468, 53.447134745121161 ], [ 21.437394796815667, 53.443272822294333 ], [ 21.439859499100507, 53.438717733831936 ], [ 21.42014188082176, 53.429508533244899 ], [ 21.412747773967226, 53.428716343947102 ], [ 21.400095635571702, 53.427131965351478 ], [ 21.387279183690524, 53.429112438595993 ], [ 21.373969791352366, 53.422477853226852 ], [ 21.358688637186333, 53.420200308995646 ], [ 21.352937665188378, 53.417427646453319 ], [ 21.349980022446559, 53.415942291519926 ], [ 21.327797701882972, 53.419408119697835 ], [ 21.30643694874766, 53.422774924213527 ], [ 21.298878528407485, 53.417427646453319 ], [ 21.290662854124662, 53.411486226719745 ], [ 21.286555016983257, 53.41544717320879 ], [ 21.286555016983257, 53.417922764764441 ], [ 21.286719330468912, 53.422774924213527 ], [ 21.275710326929953, 53.425349539431409 ], [ 21.244983705112247, 53.417724717439995 ], [ 21.200126123528094, 53.399207292603705 ], [ 21.181230072677636, 53.394850251465755 ], [ 21.143437970976706, 53.37841232353621 ], [ 21.139165820349646, 53.370787501544797 ], [ 21.136536804579151, 53.366430460406846 ], [ 21.115176051443839, 53.355042739250848 ], [ 21.088557266767538, 53.348606201206152 ], [ 21.077383949742909, 53.342169663161442 ], [ 21.07278317214454, 53.340090166254697 ], [ 21.067525140603536, 53.338604811321304 ], [ 21.055858883121942, 53.334643864832259 ], [ 21.053887121294068, 53.334346793845583 ], [ 21.039098907585014, 53.344546231054878 ], [ 21.030225979359585, 53.350586674450668 ], [ 20.996706028285715, 53.36009294602438 ], [ 20.989804861888146, 53.358409543766541 ], [ 20.964007644640134, 53.351774958397385 ], [ 20.943797085904421, 53.357320283482053 ], [ 20.938210427392107, 53.358805638415447 ], [ 20.911920269687116, 53.343655018094836 ], [ 20.912577523629736, 53.338802858645764 ], [ 20.917671241685071, 53.335238006805625 ], [ 20.91882143608467, 53.334445817507813 ], [ 20.918657122599015, 53.331673154965472 ], [ 20.918328495627705, 53.326325877205264 ], [ 20.92030025745558, 53.325236616920776 ], [ 20.926215542939204, 53.322265907053989 ], [ 20.919314376541635, 53.317413747604917 ], [ 20.91734261471376, 53.318998126200526 ], [ 20.914713598943266, 53.320978599445056 ], [ 20.908633999973986, 53.320186410147244 ], [ 20.906004984203491, 53.315235227035942 ], [ 20.904033222375617, 53.311472327871343 ], [ 20.892695591865333, 53.314740108724806 ], [ 20.874292481471841, 53.319988362822798 ], [ 20.871334838730021, 53.3143440140759 ], [ 20.867884255531251, 53.307313334057852 ], [ 20.856053684564003, 53.302659221933212 ], [ 20.853753295764818, 53.301768008973184 ], [ 20.852603101365219, 53.300084606715345 ], [ 20.848166637252504, 53.293747092332865 ], [ 20.837814887656165, 53.298302180795275 ], [ 20.825655689717607, 53.303748482217699 ], [ 20.791478484701116, 53.309491854626827 ], [ 20.744484827803433, 53.316621558307105 ], [ 20.741691498547283, 53.314145966751454 ], [ 20.742348752489903, 53.313056706466966 ], [ 20.744977768260398, 53.30820454701788 ], [ 20.740376990662028, 53.305629931799999 ], [ 20.722631134211156, 53.309095759977922 ], [ 20.716880162213187, 53.310284043924625 ], [ 20.714744086899657, 53.30652114476004 ], [ 20.711950757643507, 53.300876796013142 ], [ 20.701270381075858, 53.300975819675372 ], [ 20.693711960735669, 53.300975819675372 ], [ 20.69256176633607, 53.294737328955122 ], [ 20.691740198907794, 53.290677358803862 ], [ 20.675966104284797, 53.269486295087461 ], [ 20.666928862573698, 53.26522827761174 ], [ 20.661835144518363, 53.258692715904814 ], [ 20.656412799491704, 53.251860083211213 ], [ 20.651812021893335, 53.251860083211213 ], [ 20.631437149671967, 53.252157154197889 ], [ 20.61171953139322, 53.252355201522334 ], [ 20.610405023507965, 53.245720616153193 ], [ 20.60925482910838, 53.239086030784037 ], [ 20.586086627630849, 53.232847540063787 ], [ 20.579514088204604, 53.237204581201738 ], [ 20.5754062510632, 53.239977243744065 ], [ 20.568505084665631, 53.233837776686045 ], [ 20.559303529468892, 53.22581686004574 ], [ 20.551909422614358, 53.225321741734604 ], [ 20.549280406843863, 53.226212954694631 ], [ 20.53268474479259, 53.231857303441529 ], [ 20.531041609936025, 53.22571783638351 ], [ 20.531041609936025, 53.225618812721279 ], [ 20.525126324452401, 53.223242244827858 ], [ 20.509187916343748, 53.228292451601391 ], [ 20.508859289372438, 53.228391475263606 ], [ 20.505573019659309, 53.234332894997181 ], [ 20.486184028351872, 53.234728989646086 ], [ 20.472381695556749, 53.234927036970532 ], [ 20.465316215673539, 53.240472362055201 ], [ 20.458250735790315, 53.245918663477639 ], [ 20.411092765406991, 53.214132067903051 ], [ 20.412571586777901, 53.210468192400683 ], [ 20.398933567468433, 53.196505856026789 ], [ 20.386281429072909, 53.190168341644323 ], [ 20.383816726788055, 53.18888103403539 ], [ 20.381680651474525, 53.185811300506373 ], [ 20.378558695247065, 53.180860117395071 ], [ 20.37625830644788, 53.177394289217148 ], [ 20.356705001654788, 53.171155798496898 ], [ 20.331729351835037, 53.163233905518808 ], [ 20.329593276521507, 53.162540739883227 ], [ 20.331236411378072, 53.159371982691994 ], [ 20.34586031160147, 53.156995414798573 ], [ 20.357690882568718, 53.155113965216273 ], [ 20.352432851027729, 53.1472910959004 ], [ 20.334522681091201, 53.145211598993654 ], [ 20.30773958292923, 53.140557486869028 ], [ 20.265839644086896, 53.140557486869028 ], [ 20.233962827869604, 53.148380356184887 ], [ 20.229526363756875, 53.148875474496023 ], [ 20.19551347222604, 53.152341302673932 ], [ 20.166758612236208, 53.155212988878489 ], [ 20.164622536922678, 53.15164813703835 ], [ 20.162815088580459, 53.148776450833793 ], [ 20.15492804126896, 53.143627220398031 ], [ 20.135210422990212, 53.142339912789097 ], [ 20.127652002650038, 53.146895001251494 ], [ 20.124858673393874, 53.151153018727229 ], [ 20.117628880025009, 53.162144645234321 ], [ 20.11467123728319, 53.163233905518808 ], [ 20.102347725858976, 53.167788993981219 ], [ 20.077372076039225, 53.165412426087784 ], [ 20.07655050861095, 53.163233905518808 ], [ 20.075728941182675, 53.161055384949833 ], [ 20.074250119811765, 53.157391509447464 ], [ 20.056832890332203, 53.156005178176301 ], [ 20.053053680162108, 53.155708107189625 ], [ 20.03908703388133, 53.158381746069736 ], [ 20.035143510225581, 53.150261805767187 ], [ 20.03415762931165, 53.148281332522672 ], [ 20.028570970799336, 53.14560769364256 ], [ 20.024463133657932, 53.148281332522672 ], [ 20.018219221202997, 53.152539349998392 ], [ 19.991107496069716, 53.146597930264818 ], [ 19.980920059959033, 53.144419409695843 ], [ 19.968925175506129, 53.14748914322486 ], [ 19.963009890022505, 53.152539349998392 ], [ 19.953808334825766, 53.160164171989805 ], [ 19.943292271743772, 53.163233905518808 ], [ 19.937705613231458, 53.164818284114432 ], [ 19.928339744549049, 53.167491922994543 ], [ 19.927025236663809, 53.169967514550194 ], [ 19.925875042264209, 53.172146035119169 ], [ 19.917495054495745, 53.174621626674821 ], [ 19.908786439755957, 53.177196241892702 ], [ 19.909608007184247, 53.180860117395071 ], [ 19.911086828555156, 53.187395679101996 ], [ 19.914373098268271, 53.189871270657648 ], [ 19.916344860096146, 53.191257601928811 ], [ 19.91733074101009, 53.20541798562715 ], [ 19.912237022954741, 53.210963310711819 ], [ 19.902871154272333, 53.210369168738453 ], [ 19.897777436216998, 53.210072097751777 ], [ 19.897120182274378, 53.210369168738453 ], [ 19.892519404675994, 53.212349641982982 ], [ 19.88479667085015, 53.208982837467289 ], [ 19.880853147194401, 53.202843370409269 ], [ 19.847004569149234, 53.191851743902163 ], [ 19.834352430753697, 53.180860117395071 ], [ 19.826958323899177, 53.174324555688145 ], [ 19.833859490296732, 53.167392899332313 ], [ 19.837967327438136, 53.163233905518808 ], [ 19.838460267895101, 53.142240889126867 ], [ 19.820221470987264, 53.146003788291466 ], [ 19.780621920944128, 53.154222752256231 ], [ 19.761561556608001, 53.15174716070058 ], [ 19.748252164269843, 53.180860117395071 ], [ 19.748909418212477, 53.182246448666234 ], [ 19.749895299126408, 53.184424969235209 ], [ 19.747266283355913, 53.185910324168603 ], [ 19.742994132728853, 53.188484939386484 ], [ 19.744472954099749, 53.192742956862205 ], [ 19.745130208042383, 53.19472343010672 ], [ 19.742336878786219, 53.197793163635737 ], [ 19.737900414673504, 53.202843370409269 ], [ 19.745951775470658, 53.208784790142843 ], [ 19.751702747468627, 53.212745736631888 ], [ 19.747101969870258, 53.217498872418744 ], [ 19.743487073185818, 53.221261771583329 ], [ 19.743158446214508, 53.22373736313898 ], [ 19.742665505757543, 53.227500262303579 ], [ 19.713910645767697, 53.233243634712693 ], [ 19.700765566915209, 53.235818249930574 ], [ 19.692221265661075, 53.233045587388247 ], [ 19.689427936404925, 53.237402628526198 ], [ 19.69041381731887, 53.246215734464315 ], [ 19.69107107126149, 53.251860083211213 ], [ 19.689756563376235, 53.2529493434957 ], [ 19.684827158806556, 53.256910289984745 ], [ 19.69320714657502, 53.263445851691671 ], [ 19.712431824396802, 53.272556028616478 ], [ 19.712760451368112, 53.272655052278694 ], [ 19.723440827935761, 53.273645288900966 ], [ 19.719661617765667, 53.285627152030315 ], [ 19.718347109880412, 53.286815435977033 ], [ 19.714732213195987, 53.290479311479402 ], [ 19.716211034566882, 53.295529518252934 ], [ 19.718182796394757, 53.30206507995986 ], [ 19.705037717542268, 53.303748482217699 ], [ 19.687291861091396, 53.306026026448905 ], [ 19.688277742005326, 53.318007889578269 ], [ 19.689427936404925, 53.335337030467841 ], [ 19.672010706925363, 53.337515551036816 ], [ 19.642598592992911, 53.344150136405972 ], [ 19.633889978253123, 53.342565757810348 ], [ 19.618937451058414, 53.339694071605791 ], [ 19.6145009869457, 53.338802858645764 ], [ 19.611379030718226, 53.340189189916927 ], [ 19.608092761005096, 53.341476497525861 ], [ 19.603163356435417, 53.339297976956885 ], [ 19.593797487753008, 53.335039959481165 ], [ 19.586732007869799, 53.331871202289932 ], [ 19.519692105722058, 53.330484871018768 ], [ 19.521499554064278, 53.340585284565833 ], [ 19.522321121492567, 53.342169663161442 ], [ 19.527907780004867, 53.351774958397385 ], [ 19.518706224808128, 53.359795875037705 ], [ 19.518706224808128, 53.369896288584769 ], [ 19.509833296582684, 53.370688477882581 ], [ 19.504575265041694, 53.367717768015794 ], [ 19.49652390424454, 53.363261703215613 ], [ 19.487979602990421, 53.361281229971098 ], [ 19.483871765849017, 53.360290993348826 ], [ 19.479599615221943, 53.362172442931126 ], [ 19.480092555678922, 53.365341200122359 ], [ 19.480585496135888, 53.370787501544797 ], [ 19.471876881396113, 53.371084572531487 ], [ 19.461853758771085, 53.363558774202289 ], [ 19.457088667687046, 53.35999392236215 ], [ 19.430962823467709, 53.358805638415447 ], [ 19.428826748154179, 53.360489040673286 ], [ 19.436713795465678, 53.368906051962512 ], [ 19.442793394434958, 53.375441613669437 ], [ 19.434906347123459, 53.376530873953925 ], [ 19.41995381992875, 53.3787093945229 ], [ 19.412724026559872, 53.386037145527624 ], [ 19.406973054561902, 53.391780517936738 ], [ 19.396128364508598, 53.393562943856821 ], [ 19.395964051022943, 53.393166849207915 ], [ 19.394649543137689, 53.389106879056641 ], [ 19.392184840852849, 53.389205902718871 ], [ 19.389720138568009, 53.3969297483725 ], [ 19.388077003711444, 53.402078978808262 ], [ 19.380518583371256, 53.410892084746393 ], [ 19.368688012404007, 53.412476463342003 ], [ 19.360143711149888, 53.410892084746393 ], [ 19.329581402817837, 53.405346759661725 ], [ 19.320872788078049, 53.409406729813 ], [ 19.319229653221484, 53.410198919110812 ], [ 19.308877903625145, 53.411090132070839 ], [ 19.301812423741936, 53.404257499377238 ], [ 19.302633991170211, 53.401385813172681 ], [ 19.3034555585985, 53.398712174292569 ], [ 19.292610868545182, 53.39079028131448 ], [ 19.290474793231652, 53.387324453136571 ], [ 19.261062679299187, 53.396632677385824 ], [ 19.246274465590133, 53.409406729813 ], [ 19.235594089022484, 53.413763770950951 ], [ 19.234443894622885, 53.419606167022295 ], [ 19.241180747534798, 53.420398356320106 ], [ 19.246110152104478, 53.420992498293458 ], [ 19.252682691530723, 53.430399746204941 ], [ 19.248246227418008, 53.435152881991797 ], [ 19.244138390276603, 53.439707970454194 ], [ 19.243152509362673, 53.447035721458931 ], [ 19.242166628448729, 53.454957614437021 ], [ 19.236579969936415, 53.454165425139209 ], [ 19.23033605748148, 53.453274212179181 ], [ 19.224256458512201, 53.45664101669486 ], [ 19.23000743051017, 53.46287950741511 ], [ 19.235265462051174, 53.468523856162008 ], [ 19.229021549596226, 53.47535648885561 ], [ 19.223927831540891, 53.481099861264724 ], [ 19.223927831540891, 53.485159831415999 ], [ 19.223927831540891, 53.489615896216165 ], [ 19.214561962858483, 53.494270008340806 ], [ 19.201252570520339, 53.500904593709947 ], [ 19.190407880467021, 53.510905983594796 ], [ 19.191065134409655, 53.514668882759381 ], [ 19.205853348118708, 53.523184917710836 ], [ 19.210618439202733, 53.523581012359742 ], [ 19.218834113485542, 53.524274177995323 ], [ 19.207660796460928, 53.546356454671752 ], [ 19.203060018862558, 53.54566328903617 ], [ 19.195665912008025, 53.544574028751683 ], [ 19.190243566981366, 53.547742785942916 ], [ 19.193201209723185, 53.55348615835203 ], [ 19.196980419893265, 53.560714885694537 ], [ 19.197966300807209, 53.570716275579386 ], [ 19.175619666757967, 53.580618641801991 ], [ 19.162967528362444, 53.583589351668778 ], [ 19.155409108022255, 53.582103996735384 ], [ 19.129283263802918, 53.588243463793404 ], [ 19.128461696374629, 53.603196036789555 ], [ 19.131090712145138, 53.607949172576411 ], [ 19.142921283112386, 53.614088639634431 ], [ 19.153273032708725, 53.61943591739464 ], [ 19.161817333962844, 53.62379295853259 ], [ 19.178741622985427, 53.639339673502093 ], [ 19.184656908469051, 53.637854318568699 ], [ 19.193201209723185, 53.640726004773256 ], [ 19.19615885246499, 53.639735768150999 ], [ 19.201088257034684, 53.638052365893159 ], [ 19.205524721147398, 53.637458223919793 ], [ 19.214397649372827, 53.649341063386942 ], [ 19.214233335887172, 53.667858488223217 ], [ 19.214233335887172, 53.668749701183259 ], [ 19.214397649372827, 53.668749701183259 ], [ 19.222284696684326, 53.667957511885447 ], [ 19.217683919085957, 53.682315942908247 ], [ 19.214397649372827, 53.692317332793081 ], [ 19.226063906854421, 53.704596266909121 ], [ 19.23641565645076, 53.707666000438138 ], [ 19.263198754612731, 53.729154135141201 ], [ 19.27207168283816, 53.731530703034636 ], [ 19.277329714379164, 53.7329170343058 ], [ 19.293761062944782, 53.743908660812906 ], [ 19.302141050713246, 53.754108098022186 ], [ 19.300333602371026, 53.762228038324736 ], [ 19.302962618141521, 53.766783126787132 ], [ 19.302141050713246, 53.767575316084944 ], [ 19.299512034942751, 53.770248954965055 ], [ 19.301976737227591, 53.777180611320887 ], [ 19.300004975399716, 53.780646439498796 ], [ 19.305755947397685, 53.787875166841303 ], [ 19.311671232881309, 53.790251734734738 ], [ 19.314793189108769, 53.791539042343672 ], [ 19.312821427280895, 53.792925373614835 ], [ 19.30986378453909, 53.795103894183811 ], [ 19.310685351967365, 53.802728716175224 ], [ 19.323008863391578, 53.813918390006776 ], [ 19.372302909088447, 53.813819366344561 ], [ 19.453802397973931, 53.797282414752786 ], [ 19.455609846316136, 53.791737089668132 ], [ 19.457252981172701, 53.787082977543491 ], [ 19.480914123107198, 53.775101114414127 ], [ 19.481735690535473, 53.779854250200984 ], [ 19.474834524137918, 53.783518125703353 ], [ 19.474505897166608, 53.78648883557014 ], [ 19.487979602990421, 53.797381438415016 ], [ 19.499152920015035, 53.806491615339823 ], [ 19.491758813160502, 53.810947680140004 ], [ 19.487979602990421, 53.813225224371195 ], [ 19.480914123107198, 53.817384218184699 ], [ 19.487979602990421, 53.822929543269353 ], [ 19.490608618760916, 53.825009040176113 ], [ 19.514762701152378, 53.843823535999078 ], [ 19.514105447209758, 53.855112233492861 ], [ 19.514105447209758, 53.855310280817307 ], [ 19.514434074181068, 53.855409304479537 ], [ 19.524621510291752, 53.861350724213096 ], [ 19.530865422746686, 53.87343161100469 ], [ 19.53710933520162, 53.876006226222572 ], [ 19.535137573373746, 53.881155456658334 ], [ 19.553212056795928, 53.895315840356673 ], [ 19.558141461365622, 53.910070366028364 ], [ 19.560277536679152, 53.91670495139752 ], [ 19.558634401822587, 53.925121962686731 ], [ 19.571779480675076, 53.927201459593491 ], [ 19.58130966284314, 53.928587790864654 ], [ 19.581473976328795, 53.930766311433629 ], [ 19.58196691678576, 53.938292109762813 ], [ 19.576215944787805, 53.943342316536345 ], [ 19.57605163130215, 53.948293499647647 ], [ 19.568164583990651, 53.944926695131969 ], [ 19.565371254734487, 53.943639387523021 ], [ 19.559784596222173, 53.94571888442978 ], [ 19.554526564681183, 53.947699357674296 ], [ 19.544174815084844, 53.946114979078672 ], [ 19.535301886859401, 53.944629624145293 ], [ 19.524785823777407, 53.945025718794184 ], [ 19.489951364818296, 53.946114979078672 ], [ 19.487979602990421, 53.945223766118644 ], [ 19.483378825392037, 53.943144269211899 ], [ 19.459224743000576, 53.941955985265182 ], [ 19.454295338430896, 53.939678441033976 ], [ 19.448215739461617, 53.936905778491649 ], [ 19.438356930322243, 53.932449713691469 ], [ 19.432277331352964, 53.930766311433629 ], [ 19.417653431129565, 53.9269043886068 ], [ 19.400564828621313, 53.930172169460263 ], [ 19.398593066793438, 53.93324190298928 ], [ 19.398100126336473, 53.934034092287092 ], [ 19.391856213881539, 53.934430186935998 ], [ 19.376246432744196, 53.935519447220486 ], [ 19.370166833774917, 53.939678441033976 ], [ 19.371481341660157, 53.950075925567731 ], [ 19.367866444975732, 53.963741190954934 ], [ 19.377725254115106, 53.984140065373523 ], [ 19.383147599141751, 53.987605893551432 ], [ 19.391856213881539, 53.99305219497387 ], [ 19.397278558908184, 53.99909263836966 ], [ 19.379861329428635, 54.002162371898677 ], [ 19.358829203264634, 54.005826247401046 ], [ 19.343055108641636, 54.01345106939246 ], [ 19.331717478131367, 54.018897370814898 ], [ 19.317915145336244, 54.025531956184039 ], [ 19.297211646143552, 54.024145624912876 ], [ 19.293103809002147, 54.021967104343901 ], [ 19.280944611063589, 54.015035447988069 ], [ 19.273386190723414, 54.01780811053041 ], [ 19.267963845696755, 54.025135861535134 ], [ 19.260241111870911, 54.035533346068888 ], [ 19.27207168283816, 54.041573789464678 ], [ 19.272235996323815, 54.041573789464678 ], [ 19.282259118948843, 54.041672813126908 ], [ 19.275029325579965, 54.052169321322879 ], [ 19.26566345689757, 54.051773226673973 ], [ 19.265170516440591, 54.051773226673973 ], [ 19.221956069713016, 54.069399438550221 ], [ 19.226556847311386, 54.077222307866094 ], [ 19.243645449819638, 54.082569585626302 ], [ 19.254325826387287, 54.085936390141995 ], [ 19.231321938395425, 54.111979613307469 ], [ 19.218834113485542, 54.115148370498702 ], [ 19.217355292114647, 54.115544465147607 ], [ 19.217683919085957, 54.116138607120959 ], [ 19.238058791307324, 54.127427304614741 ], [ 19.256626215186472, 54.149806652277846 ], [ 19.256790528672127, 54.156045142998096 ], [ 19.250875243188503, 54.16000608948714 ], [ 19.247096033018408, 54.162382657380576 ], [ 19.248246227418008, 54.167333840491878 ], [ 19.260241111870911, 54.175849875443319 ], [ 19.284395194262373, 54.185752241665938 ], [ 19.292117928088217, 54.186940525612656 ], [ 19.318901026250174, 54.191099519426146 ], [ 19.324651998248143, 54.197536057470856 ], [ 19.326130819619053, 54.204467713826674 ], [ 19.323994744305523, 54.210409133560248 ], [ 19.315121816080079, 54.218727121187243 ], [ 19.315943383508369, 54.226252919516426 ], [ 19.304770066483741, 54.235462120103463 ], [ 19.299347721457096, 54.24635472294834 ], [ 19.287517150489847, 54.254771734237565 ], [ 19.267635218725445, 54.263188745526776 ], [ 19.258926603985657, 54.266951644691375 ], [ 19.256626215186472, 54.268139928638092 ], [ 19.253504258959012, 54.270318449207068 ], [ 19.256954842157782, 54.278438389509603 ], [ 19.259090917471312, 54.277250105562885 ], [ 19.263034441127061, 54.274972561331694 ], [ 19.26845678615372, 54.272199898789353 ], [ 19.27026423449594, 54.27328915907384 ], [ 19.275522266036944, 54.276457916265088 ], [ 19.277658341350474, 54.277745223874021 ], [ 19.290310479745997, 54.276655963589533 ], [ 19.348148826696985, 54.271308685829325 ], [ 19.375424865315907, 54.265664337082427 ], [ 19.37969701594298, 54.264773124122399 ], [ 19.381340150799531, 54.265070195109075 ], [ 19.382983285656096, 54.265268242433535 ], [ 19.38889857113972, 54.266159455393563 ], [ 19.387255436283155, 54.262000461580072 ], [ 19.382654658684785, 54.249919574788478 ], [ 19.38249034519913, 54.247245935908367 ], [ 19.38249034519913, 54.246948864921691 ], [ 19.38216171822782, 54.246651793935015 ], [ 19.381668777770855, 54.246453746610555 ], [ 19.381504464285186, 54.246453746610555 ], [ 19.381175837313876, 54.246552770272785 ], [ 19.380847210342566, 54.246750817597245 ], [ 19.368359385432697, 54.232986528547812 ], [ 19.365730369662202, 54.230114842343255 ], [ 19.364744488748258, 54.228926558396537 ], [ 19.362937040406038, 54.226847061489792 ], [ 19.362937040406038, 54.224668540920817 ], [ 19.361458219035129, 54.222886115000748 ], [ 19.367537818004422, 54.21981638147173 ], [ 19.376739373201161, 54.221004665418448 ], [ 19.38249034519913, 54.225658777543075 ], [ 19.385612301426605, 54.228233392760956 ], [ 19.392513467824159, 54.241997681810389 ], [ 19.393006408281124, 54.242888894770417 ], [ 19.396785618451219, 54.254177592264199 ], [ 19.399743261193038, 54.262594603553424 ], [ 19.405987173647972, 54.267545786664726 ], [ 19.410916578217652, 54.271506733153771 ], [ 19.439342811236173, 54.28754856643441 ], [ 19.445915350662432, 54.290024157990061 ], [ 19.446243977633742, 54.290123181652291 ], [ 19.454295338430896, 54.293192915181294 ], [ 19.457581608144011, 54.294381199128011 ], [ 19.479599615221943, 54.307947440852999 ], [ 19.487979602990421, 54.313096671288761 ], [ 19.491758813160502, 54.315374215519952 ], [ 19.493073321045756, 54.316265428479994 ], [ 19.50112468184291, 54.321216611591296 ], [ 19.513612506752779, 54.323197084835826 ], [ 19.531522676689306, 54.326167794702599 ], [ 19.546146576912719, 54.332802380071755 ], [ 19.552554802853308, 54.335674066276312 ], [ 19.568821837933271, 54.338743799805329 ], [ 19.569643405361546, 54.338842823467544 ], [ 19.57555869084517, 54.339040870792005 ], [ 19.593797487753008, 54.33953598910314 ], [ 19.598069638380068, 54.339635012765356 ], [ 19.618937451058414, 54.340130131076492 ], [ 19.624688423056384, 54.340229154738722 ], [ 19.642598592992911, 54.343992053903307 ], [ 19.657058179730655, 54.349933473636881 ], [ 19.664452286585188, 54.352805159841438 ], [ 19.675461290124147, 54.358350484926106 ], [ 19.681047948636461, 54.361123147468433 ], [ 19.68679892063443, 54.365678235930829 ], [ 19.690249503833201, 54.372213797637755 ], [ 19.69107107126149, 54.373699152571149 ], [ 19.693042833089365, 54.377264004411288 ], [ 19.704051836628324, 54.381224950900332 ], [ 19.709802808626293, 54.383304447807092 ], [ 19.712103197425478, 54.387859536269488 ], [ 19.712267510911133, 54.388255630918394 ], [ 19.716211034566882, 54.395781429247577 ], [ 19.721962006564851, 54.402812109265639 ], [ 19.727877292048476, 54.405584771807966 ], [ 19.728698859476765, 54.405980866456872 ], [ 19.744801581071073, 54.413506664786055 ], [ 19.746444715927623, 54.416972492963978 ], [ 19.748087850784188, 54.420438321141887 ], [ 19.746937656384603, 54.422715865373092 ], [ 19.745787461985003, 54.424696338617622 ], [ 19.744472954099749, 54.427270953835489 ], [ 19.745787461985003, 54.428954356093342 ], [ 19.747430596841568, 54.430934829337858 ], [ 19.760575675694071, 54.432420184271251 ], [ 19.790809357054812, 54.435886012449174 ], [ 19.803954435907301, 54.44222352683164 ], [ 19.998008662467285, 54.42568657523988 ], [ 20.109906146199165, 54.418556871559588 ], [ 20.313983495384164, 54.402118943630057 ], [ 20.346024625087125, 54.398554091789919 ], [ 20.515431828798683, 54.380729832589211 ], [ 20.583621925346009, 54.377957170046884 ], [ 20.620592459618649, 54.371322584677728 ], [ 20.631437149671967, 54.366767496215317 ], [ 20.650004573551115, 54.371322584677728 ], [ 20.69256176633607, 54.372015750313309 ], [ 20.810703162522884, 54.361123147468433 ], [ 20.886615992896054, 54.358449508588322 ], [ 20.938210427392107, 54.357261224641618 ], [ 20.950205311845011, 54.356964153654928 ], [ 21.077383949742909, 54.346764716445648 ], [ 21.141137582177521, 54.342704746294373 ], [ 21.163812843198073, 54.337456492196381 ], [ 21.220500995749461, 54.334782853316284 ], [ 21.272424057216824, 54.328544362596034 ], [ 21.30183617114929, 54.33339652204512 ], [ 21.324182805198532, 54.329534599218292 ], [ 21.37840625546508, 54.331019954151685 ], [ 21.410940325625006, 54.326464865689289 ], [ 21.434272840588193, 54.326662913013735 ], [ 21.446103411555441, 54.318245901724509 ], [ 21.5284244678692, 54.325276581742571 ], [ 21.559315403172562, 54.322503919200244 ] ] ] } },
{ "type": "Feature", "properties": { "index": 1565, "nuts_2_code": "PL52", "nuts_2_name": "Opolskie" }, "geometry": { "type": "Polygon", "coordinates": [ [ [ 17.795222073760172, 51.194148382152008 ], [ 17.813132243696685, 51.188504033405124 ], [ 17.822662425864749, 51.192365956231939 ], [ 17.826770263006154, 51.194049358489792 ], [ 17.843858865514406, 51.187315749458406 ], [ 17.848131016141465, 51.18256261367155 ], [ 17.850595718426305, 51.172957318435621 ], [ 17.831206727118868, 51.138398060318693 ], [ 17.824305560721314, 51.139190249616505 ], [ 17.820033410094254, 51.13958634426541 ], [ 17.813296557182355, 51.137011729047529 ], [ 17.812803616725375, 51.13354590086962 ], [ 17.817075767352435, 51.130971285651739 ], [ 17.819704783122944, 51.122158179713608 ], [ 17.823812620264349, 51.118494304211239 ], [ 17.840901222772587, 51.116117736317818 ], [ 17.874749800817767, 51.111265576868732 ], [ 17.877871757045241, 51.107898772353039 ], [ 17.880172145844426, 51.105324157135158 ], [ 17.886908998756326, 51.104036849526224 ], [ 17.896932121381354, 51.105819275446294 ], [ 17.906790930520728, 51.107502677704133 ], [ 17.920921890287161, 51.113444097437707 ], [ 17.932095207311789, 51.112750931802125 ], [ 17.939489314166309, 51.108889008975311 ], [ 17.954441841361032, 51.112552884477665 ], [ 17.977610042838549, 51.117801138575658 ], [ 17.979910431637748, 51.118197233224564 ], [ 17.988454732891867, 51.119979659144633 ], [ 17.995191585803767, 51.121564037740256 ], [ 18.003735887057886, 51.121861108726932 ], [ 18.012608815283329, 51.125822055215977 ], [ 18.015073517568169, 51.126911315500465 ], [ 18.026246834592797, 51.12899081240721 ], [ 18.04103504830185, 51.131664451287321 ], [ 18.048757782127694, 51.135724421438596 ], [ 18.059273845209688, 51.14136877018548 ], [ 18.062888741894128, 51.142259983145507 ], [ 18.073076178004811, 51.144735574701173 ], [ 18.072418924062191, 51.149983828799151 ], [ 18.075869507260961, 51.153845751625965 ], [ 18.074719312861376, 51.155034035572683 ], [ 18.071761670119557, 51.158301816426146 ], [ 18.078662836517125, 51.16612468574202 ], [ 18.087042824285589, 51.160876431644027 ], [ 18.092300855826593, 51.157608650790564 ], [ 18.097394573881928, 51.15790572177724 ], [ 18.101173784052023, 51.1581037691017 ], [ 18.103145545879897, 51.156222319519401 ], [ 18.105117307707772, 51.154340869937101 ], [ 18.116454938218055, 51.162163739252975 ], [ 18.125656493414795, 51.168501253635441 ], [ 18.15934075797432, 51.174145602382325 ], [ 18.16361290860138, 51.172561223786715 ], [ 18.167556432257129, 51.16424323615972 ], [ 18.186288169621946, 51.1581037691017 ], [ 18.219479493724492, 51.154835988248237 ], [ 18.232131632120016, 51.157509627128334 ], [ 18.236075155775765, 51.158301816426146 ], [ 18.262200999995102, 51.156717437830537 ], [ 18.26877353942136, 51.152360396692586 ], [ 18.271402555191855, 51.150577970772517 ], [ 18.27583901930457, 51.149389686825799 ], [ 18.288326844214438, 51.146319953296782 ], [ 18.298678593810791, 51.140180486238762 ], [ 18.305908387179656, 51.135922468763042 ], [ 18.314945628890754, 51.133941995518512 ], [ 18.320203660431744, 51.135823445100812 ], [ 18.328583648200208, 51.138794154967599 ], [ 18.349780087849865, 51.137209776371975 ], [ 18.357831448647019, 51.137407823696435 ], [ 18.361610658817114, 51.137506847358665 ], [ 18.366704376872448, 51.137605871020881 ], [ 18.372126721899107, 51.134239066505202 ], [ 18.379027888296676, 51.129882025367252 ], [ 18.402360403259848, 51.124435723944814 ], [ 18.403674911145103, 51.124534747607029 ], [ 18.418134497882846, 51.125227913242611 ], [ 18.421913708052941, 51.118890398860145 ], [ 18.422735275481216, 51.117702114913428 ], [ 18.438837997075524, 51.114236286735519 ], [ 18.453626210784591, 51.117107972940076 ], [ 18.464142273866585, 51.119187469846821 ], [ 18.46759285706537, 51.110770458557596 ], [ 18.469893245864554, 51.105126109810712 ], [ 18.477123039233433, 51.101363210646113 ], [ 18.480244995460893, 51.099679808388274 ], [ 18.480080681975238, 51.09829347711711 ], [ 18.479423428032618, 51.092649128370212 ], [ 18.489282237171992, 51.091163773436818 ], [ 18.499469673282675, 51.099283713739368 ], [ 18.518365724133133, 51.107502677704133 ], [ 18.519187291561423, 51.116315783642264 ], [ 18.518201410647478, 51.121564037740256 ], [ 18.515901021848293, 51.132456640585133 ], [ 18.520008858989698, 51.139091225954274 ], [ 18.536604521040971, 51.138200012994247 ], [ 18.546299016694689, 51.14126974652325 ], [ 18.554350377491843, 51.137803918345341 ], [ 18.566016634973437, 51.121960132389148 ], [ 18.566838202401712, 51.117801138575658 ], [ 18.564209186631217, 51.112849955464355 ], [ 18.562073111317687, 51.108393890664175 ], [ 18.572260547428371, 51.098986642752692 ], [ 18.579326027311595, 51.092253033721306 ], [ 18.57866877336896, 51.08779696892114 ], [ 18.57768289245503, 51.082053596512026 ], [ 18.592635419649739, 51.081954572849796 ], [ 18.604794617588297, 51.081954572849796 ], [ 18.618104009926455, 51.078884839320779 ], [ 18.627305565123194, 51.071557088316055 ], [ 18.637493001233892, 51.063635195337952 ], [ 18.66131845665403, 51.054822089399835 ], [ 18.672984714135623, 51.05690158630658 ], [ 18.675449416420463, 51.053336734466441 ], [ 18.674956475963498, 51.05274259249309 ], [ 18.671998833221693, 51.049078716990721 ], [ 18.686787046930746, 51.026402298340926 ], [ 18.688101554816001, 51.024718896083087 ], [ 18.69549566167052, 51.015806766482726 ], [ 18.681200388418432, 51.008875110126908 ], [ 18.667069428651999, 51.006399518571243 ], [ 18.65737493299828, 51.004815139975634 ], [ 18.661154143168375, 50.998972743904289 ], [ 18.667233742137654, 50.989466472330577 ], [ 18.662632964539284, 50.971048071156517 ], [ 18.65425297677082, 50.970057834534259 ], [ 18.646694556430631, 50.969166621574217 ], [ 18.638478882147822, 50.964908604098497 ], [ 18.624512235867044, 50.965799817058539 ], [ 18.613338918842416, 50.954709166889202 ], [ 18.629605953922393, 50.932131771901638 ], [ 18.640943584432662, 50.931438606266056 ], [ 18.647844750830231, 50.93104251161715 ], [ 18.654745917227785, 50.915891891296553 ], [ 18.640614957461352, 50.896780324486912 ], [ 18.637000060776913, 50.891928165037825 ], [ 18.61580362112727, 50.853606007756312 ], [ 18.588856209479644, 50.851526510849567 ], [ 18.559444095547192, 50.834791511933346 ], [ 18.557965274176283, 50.830335447133166 ], [ 18.561087230403743, 50.822413554155077 ], [ 18.562237424803342, 50.81954186795052 ], [ 18.560265662975468, 50.808352194118967 ], [ 18.536933148012281, 50.80538148425218 ], [ 18.506206526194575, 50.801519561425366 ], [ 18.50669946665154, 50.797558614936321 ], [ 18.520008858989698, 50.795380094367346 ], [ 18.518365724133133, 50.789240627309326 ], [ 18.524116696131102, 50.785675775469187 ], [ 18.528060219786852, 50.778645095451125 ], [ 18.534632759213096, 50.77656559854438 ], [ 18.53742608846926, 50.769931013175224 ], [ 18.547449211094289, 50.761712049210459 ], [ 18.555664885377098, 50.759137433992578 ], [ 18.577025638512396, 50.752304801298976 ], [ 18.568809964229587, 50.74586826325428 ], [ 18.557472333719318, 50.749037020445513 ], [ 18.552542929149624, 50.750423351716677 ], [ 18.548435092008219, 50.742897553387493 ], [ 18.548435092008219, 50.738639535911773 ], [ 18.548270778522564, 50.732004950542617 ], [ 18.528388846758162, 50.728638146026924 ], [ 18.511464557735579, 50.725766459822367 ], [ 18.507521034079829, 50.718240661493184 ], [ 18.504727704823665, 50.712893383732975 ], [ 18.500291240710951, 50.711408028799582 ], [ 18.485174400030587, 50.70635782202605 ], [ 18.486324594430172, 50.702792970185897 ], [ 18.491582625971176, 50.698733000034636 ], [ 18.49930535979702, 50.692890603963292 ], [ 18.491911252942486, 50.688335515500881 ], [ 18.485995967458862, 50.684671639998513 ], [ 18.488296356258047, 50.679522409562765 ], [ 18.493718701284706, 50.677640959980465 ], [ 18.50144143511055, 50.675066344762584 ], [ 18.498483792368731, 50.66922394869124 ], [ 18.496347717055201, 50.664965931215519 ], [ 18.501605748596205, 50.663381552619896 ], [ 18.514586513963039, 50.659618653455311 ], [ 18.509985736364669, 50.648528003285975 ], [ 18.508013974536794, 50.644170962148024 ], [ 18.515079454420004, 50.63842758973891 ], [ 18.513272006077798, 50.630703744085267 ], [ 18.517544156704858, 50.625455489987289 ], [ 18.54482019532378, 50.620900401524878 ], [ 18.587213074623079, 50.613869721506831 ], [ 18.590170717364899, 50.606343923177647 ], [ 18.601672661360837, 50.604462473595348 ], [ 18.595593062391558, 50.588420640314709 ], [ 18.591649538735808, 50.578320226767644 ], [ 18.599865213018617, 50.568615907869486 ], [ 18.606930692901827, 50.568615907869486 ], [ 18.615146367184636, 50.568615907869486 ], [ 18.608738141244046, 50.557921352349055 ], [ 18.606437752444862, 50.553861382197795 ], [ 18.607423633358806, 50.549999459370966 ], [ 18.572260547428371, 50.547523867815315 ], [ 18.560265662975468, 50.542176590055107 ], [ 18.555336258405788, 50.540097093148361 ], [ 18.507685347565484, 50.547919962464221 ], [ 18.481559503346148, 50.552177979939941 ], [ 18.469893245864554, 50.551286766979914 ], [ 18.439166624046848, 50.546632654855273 ], [ 18.431279576735349, 50.535938099334857 ], [ 18.43078663627837, 50.531878129183582 ], [ 18.435058786905444, 50.528610348330119 ], [ 18.437852116161594, 50.526530851423374 ], [ 18.445739163473093, 50.509894876169383 ], [ 18.446396417415713, 50.505735882355879 ], [ 18.447546611815312, 50.498903249662277 ], [ 18.457405420954686, 50.499002273324507 ], [ 18.465292468266185, 50.499101296986737 ], [ 18.467757170551025, 50.491278427670863 ], [ 18.468743051464955, 50.488406741466306 ], [ 18.470057559350209, 50.481078990461569 ], [ 18.473672456034649, 50.477811209608106 ], [ 18.475315590891213, 50.473850263119061 ], [ 18.481230876374838, 50.471077600576734 ], [ 18.484845773059263, 50.469394198318895 ], [ 18.480409308946548, 50.45899671378514 ], [ 18.452968956841957, 50.462957660274185 ], [ 18.451818762442372, 50.468304938034407 ], [ 18.449682687128842, 50.477811209608106 ], [ 18.440152504960778, 50.480583872150447 ], [ 18.437030548733318, 50.47939558820373 ], [ 18.435058786905444, 50.478504375243702 ], [ 18.430950949764039, 50.477811209608106 ], [ 18.42766468005091, 50.477316091296984 ], [ 18.42552860473738, 50.477118043972524 ], [ 18.421585081081631, 50.476127807350267 ], [ 18.418463124854156, 50.475929760025821 ], [ 18.414355287712752, 50.474840499741333 ], [ 18.409754510114382, 50.474642452416873 ], [ 18.404825105544688, 50.475335618052455 ], [ 18.399567074003699, 50.477811209608106 ], [ 18.395459236862294, 50.479296564541499 ], [ 18.384450233323321, 50.483059463706098 ], [ 18.380506709667571, 50.481574108772705 ], [ 18.380506709667571, 50.477811209608106 ], [ 18.381163963610206, 50.475929760025821 ], [ 18.381328277095861, 50.473652215794615 ], [ 18.381821217552826, 50.471869789874546 ], [ 18.384285919837666, 50.463749849571997 ], [ 18.385764741208575, 50.45899671378514 ], [ 18.3849431737803, 50.456521122229489 ], [ 18.382971411952425, 50.449193371224752 ], [ 18.386257681665541, 50.444539259100125 ], [ 18.388558070464725, 50.441271478246662 ], [ 18.387243562579485, 50.432260324984085 ], [ 18.377549066925766, 50.428893520468392 ], [ 18.368511825214668, 50.425724763277159 ], [ 18.366540063386793, 50.420575532841397 ], [ 18.372948289327397, 50.415822397054555 ], [ 18.380506709667571, 50.410277071969887 ], [ 18.392501594120475, 50.387897724306782 ], [ 18.384121606352011, 50.382451422884344 ], [ 18.378863574811021, 50.379084618368651 ], [ 18.380013769210606, 50.377599263435258 ], [ 18.383792979380701, 50.372251985675049 ], [ 18.374591424183947, 50.370667607079426 ], [ 18.370812214013867, 50.361260359167943 ], [ 18.363911047616298, 50.358784767612292 ], [ 18.357667135161364, 50.356606247043317 ], [ 18.371798094927797, 50.347198999131834 ], [ 18.374098483726982, 50.346406809834022 ], [ 18.39020120532129, 50.340267342776002 ], [ 18.399238447032388, 50.332048378811237 ], [ 18.399895700975009, 50.326701101051029 ], [ 18.400224327946319, 50.323928438508688 ], [ 18.403181970688138, 50.323730391184242 ], [ 18.405318046001668, 50.323532343859782 ], [ 18.408111375257818, 50.318878231735155 ], [ 18.397759625661479, 50.315214356232786 ], [ 18.392994534577454, 50.313431930312717 ], [ 18.393980415491384, 50.305113942685722 ], [ 18.399238447032388, 50.299568617601054 ], [ 18.400552954917629, 50.297687168018768 ], [ 18.406961180858232, 50.289468204053989 ], [ 18.401210208860263, 50.283427760658199 ], [ 18.395459236862294, 50.277387317262409 ], [ 18.406468240401253, 50.275901962329016 ], [ 18.417641557425881, 50.274416607395622 ], [ 18.42552860473738, 50.269564447946536 ], [ 18.42684311262262, 50.263524004550746 ], [ 18.423556842909505, 50.261642554968446 ], [ 18.421092140624665, 50.260157200035053 ], [ 18.42585723170869, 50.248967526203501 ], [ 18.405318046001668, 50.254413827625939 ], [ 18.356516940761765, 50.25688941918159 ], [ 18.357009881218744, 50.254017732977033 ], [ 18.358488702589639, 50.247878265919013 ], [ 18.331869917913338, 50.243422201118833 ], [ 18.314617001919444, 50.24045149125206 ], [ 18.31001622432106, 50.23421300053181 ], [ 18.308373089464496, 50.231935456300604 ], [ 18.276824900218514, 50.225003799944773 ], [ 18.270745301249235, 50.221042853455728 ], [ 18.264008448337322, 50.222231137402446 ], [ 18.261708059538137, 50.222231137402446 ], [ 18.252835131312708, 50.222627232051352 ], [ 18.250534742513523, 50.21985456950901 ], [ 18.248562980685648, 50.217577025277819 ], [ 18.246262591886449, 50.216784835980008 ], [ 18.236896723204055, 50.213418031464315 ], [ 18.2367324097184, 50.200544955374923 ], [ 18.238704171546274, 50.199356671428205 ], [ 18.241661814288079, 50.197574245508136 ], [ 18.249548861599578, 50.197673269170366 ], [ 18.246591218857773, 50.192623062396834 ], [ 18.187274050535876, 50.186879689987705 ], [ 18.184152094308402, 50.181235341240821 ], [ 18.170021134541969, 50.187176760974396 ], [ 18.168049372714094, 50.187968950272193 ], [ 18.16081957934523, 50.188266021258883 ], [ 18.153589785976351, 50.184503122094284 ], [ 18.145867052150507, 50.18034412828078 ], [ 18.142909409408702, 50.180938270254146 ], [ 18.131571778898419, 50.183314838147567 ], [ 18.122041596730355, 50.179254867996292 ], [ 18.12154865627339, 50.174600755871666 ], [ 18.119248267474205, 50.173214424600502 ], [ 18.110211025763121, 50.167867146840294 ], [ 18.105610248164737, 50.169451525435917 ], [ 18.104295740279497, 50.171035904031527 ], [ 18.099859276166768, 50.176779276440641 ], [ 18.08277067365853, 50.175491968831707 ], [ 18.076855388174906, 50.173313448262732 ], [ 18.071268729662592, 50.171233951355987 ], [ 18.059766785666653, 50.174600755871666 ], [ 18.063053055379783, 50.16806519416474 ], [ 18.061245607037563, 50.164995460635737 ], [ 18.058287964295758, 50.164005224013479 ], [ 18.057630710353124, 50.163807176689019 ], [ 18.057630710353124, 50.160935490484462 ], [ 18.057795023838779, 50.160836466822232 ], [ 18.064860503722002, 50.15598430737316 ], [ 18.055658948525249, 50.146775106786123 ], [ 18.053029932754754, 50.144101467906026 ], [ 18.050893857441224, 50.138457119159128 ], [ 18.055330321553939, 50.133604959710041 ], [ 18.057795023838779, 50.132614723087784 ], [ 18.067325206006842, 50.128950847585415 ], [ 18.063053055379783, 50.119741646998392 ], [ 18.061574234008873, 50.116671913469375 ], [ 18.065353444178967, 50.113899250927048 ], [ 18.071268729662592, 50.109641233451327 ], [ 18.059109531724033, 50.095777920739664 ], [ 18.056316202467883, 50.086865791139303 ], [ 18.035119762818226, 50.065773751085146 ], [ 18.006364902828395, 50.053197745982416 ], [ 18.005214708428795, 50.036957865377332 ], [ 18.013266069225949, 50.030620350994866 ], [ 18.017538219853009, 50.033293989874963 ], [ 18.025589580650163, 50.038443220310725 ], [ 18.043006810129725, 50.036660794390656 ], [ 18.048264841670729, 50.028342806763661 ], [ 18.044157004529325, 50.022203339705641 ], [ 18.04645739332851, 50.015964848985391 ], [ 18.04251386967276, 50.014182423065321 ], [ 18.04464994498629, 50.006854672060584 ], [ 18.037091524646101, 50.008835145305113 ], [ 18.008500978141925, 50.011409760522994 ], [ 18.00620058934274, 50.014182423065321 ], [ 18.003407260086576, 50.017450203918784 ], [ 17.990097867748432, 50.01348925742974 ], [ 17.989933554262777, 50.013192186443064 ], [ 17.983361014836518, 50.005072246140514 ], [ 17.971366130383615, 50.008340026993977 ], [ 17.970708876440995, 50.008439050656207 ], [ 17.954113214389722, 50.004577127829393 ], [ 17.940968135537219, 49.993783548646732 ], [ 17.922893652115036, 49.978731951988365 ], [ 17.906297990063763, 49.976850502406066 ], [ 17.901697212465393, 49.977741715366108 ], [ 17.889538014526835, 49.980118283259529 ], [ 17.875735681731712, 49.975662218459348 ], [ 17.868341574877178, 49.973285650565927 ], [ 17.858482765737804, 49.980316330583989 ], [ 17.850267091454995, 49.986257750317549 ], [ 17.837614953059472, 49.990515767793269 ], [ 17.826605949520498, 49.994278666957868 ], [ 17.830220846204938, 49.997942542460237 ], [ 17.835807504717252, 50.003487867544905 ], [ 17.828577711348373, 50.010320500238507 ], [ 17.817404394323759, 50.01170683150967 ], [ 17.795057760274503, 50.014578517714227 ], [ 17.793578938903607, 50.01794532222992 ], [ 17.793414625417952, 50.018143369554366 ], [ 17.791114236618753, 50.018539464203272 ], [ 17.777969157766265, 50.020618961110017 ], [ 17.773039753196571, 50.024480883936846 ], [ 17.775504455481425, 50.028540854088106 ], [ 17.77665464988101, 50.030521327332636 ], [ 17.771889558796985, 50.035076415795032 ], [ 17.770246423940421, 50.036660794390656 ], [ 17.770575050911731, 50.037353960026238 ], [ 17.77320406668224, 50.042206119475324 ], [ 17.770410737426076, 50.048345586533344 ], [ 17.758415852973172, 50.059436236702666 ], [ 17.756772718116608, 50.06082256797383 ], [ 17.756937031602263, 50.062010851920547 ], [ 17.757429972059242, 50.066863011369634 ], [ 17.749871551719053, 50.076963424916698 ], [ 17.744613520178049, 50.079934134783485 ], [ 17.730646873897271, 50.087558956774899 ], [ 17.730811187382926, 50.092906234535107 ], [ 17.730975500868581, 50.097164252010828 ], [ 17.706492791505809, 50.113503156278142 ], [ 17.69696260933776, 50.116770937131605 ], [ 17.683653216999602, 50.116671913469375 ], [ 17.679216752886887, 50.109245138802422 ], [ 17.675930483173758, 50.103996884704429 ], [ 17.652269341239261, 50.110631470073585 ], [ 17.648654444554822, 50.116275818820469 ], [ 17.640274456786358, 50.130040107869902 ], [ 17.62630781050558, 50.134793243656759 ], [ 17.615627433937931, 50.138952237470264 ], [ 17.611190969825216, 50.140734663390333 ], [ 17.593773740345654, 50.160638419497786 ], [ 17.604454116913303, 50.170441762058175 ], [ 17.612998418167436, 50.170243714733715 ], [ 17.625486243077304, 50.169946643747039 ], [ 17.637152500558898, 50.174105637560544 ], [ 17.676094796659413, 50.180938270254146 ], [ 17.690883010368466, 50.183512885472027 ], [ 17.694333593567251, 50.184008003783148 ], [ 17.704028089220969, 50.185394335054326 ], [ 17.710436315161559, 50.193217204370185 ], [ 17.710929255618524, 50.196088890574742 ], [ 17.711422196075503, 50.199257647765975 ], [ 17.718980616415692, 50.205595162148455 ], [ 17.726867663727177, 50.204505901863968 ], [ 17.741327250464934, 50.202624452281668 ], [ 17.757594285544897, 50.207080517081849 ], [ 17.759237420401462, 50.215992646682196 ], [ 17.758087226001862, 50.220349687820146 ], [ 17.757429972059242, 50.222528208389122 ], [ 17.759237420401462, 50.22599403656703 ], [ 17.764166824971142, 50.235896402789649 ], [ 17.754800956288733, 50.240748562238736 ], [ 17.742148817893209, 50.247185100283431 ], [ 17.726210409784557, 50.256592348194914 ], [ 17.725717469327591, 50.262434744266258 ], [ 17.726539036755867, 50.272832228799999 ], [ 17.73426177058171, 50.277882435573531 ], [ 17.740834310007955, 50.28610139953831 ], [ 17.751514686575618, 50.299667641263284 ], [ 17.744120579721084, 50.300855925210001 ], [ 17.728839425555051, 50.303331516765653 ], [ 17.721445318700532, 50.315808498206152 ], [ 17.718323362473058, 50.320957728641901 ], [ 17.688089681112316, 50.327295243024381 ], [ 17.688582621569282, 50.316402640179504 ], [ 17.689075562026261, 50.301846161832259 ], [ 17.650297579411387, 50.278080482897991 ], [ 17.634523484788389, 50.272733205137769 ], [ 17.617270568794495, 50.266989832728655 ], [ 17.605932938284212, 50.267484951039791 ], [ 17.595088248230908, 50.275208796693434 ], [ 17.590651784118194, 50.278377553884667 ], [ 17.577178078294381, 50.274416607395622 ], [ 17.563211432013603, 50.270356637244348 ], [ 17.560089475786128, 50.271346873866605 ], [ 17.559760848814818, 50.271346873866605 ], [ 17.550723607103734, 50.270653708231023 ], [ 17.545629889048385, 50.270158589919902 ], [ 17.527226778654892, 50.272337110488877 ], [ 17.503565636720396, 50.275109773031204 ], [ 17.476289598101459, 50.270851755555483 ], [ 17.463966086677246, 50.267682998364236 ], [ 17.458215114679277, 50.268970305973184 ], [ 17.456571979822726, 50.262236696941798 ], [ 17.455750412394437, 50.258572821439444 ], [ 17.449177872968193, 50.255106993261521 ], [ 17.439976317771439, 50.252037259732518 ], [ 17.4296245681751, 50.254512851288169 ], [ 17.430117508632065, 50.264811312159679 ], [ 17.419930072521382, 50.276496104302367 ], [ 17.413686160066447, 50.27550586768011 ], [ 17.407606561097168, 50.274515631057852 ], [ 17.395611676644265, 50.27996193248029 ], [ 17.390353645103275, 50.282338500373712 ], [ 17.368335638025343, 50.282140453049266 ], [ 17.363406233455649, 50.278872672195803 ], [ 17.362584666027374, 50.271049802879929 ], [ 17.362091725570409, 50.265306430470815 ], [ 17.350754095060125, 50.264514241173003 ], [ 17.346153317461756, 50.268376163999818 ], [ 17.343359988205592, 50.277090246275719 ], [ 17.342209793806006, 50.280457050791412 ], [ 17.341388226377717, 50.280952169102548 ], [ 17.337937643178947, 50.283328736995969 ], [ 17.343031361234281, 50.285705304889404 ], [ 17.346974884890031, 50.28758675447169 ], [ 17.345989003976101, 50.294518410827521 ], [ 17.345660377004776, 50.295904742098699 ], [ 17.347139198375686, 50.298479357316566 ], [ 17.35239722991669, 50.307391486916927 ], [ 17.347467825346996, 50.309966102134808 ], [ 17.338430583635912, 50.314818261583881 ], [ 17.340566658949442, 50.321650894277482 ], [ 17.341552539863372, 50.321848941601942 ], [ 17.348289392775285, 50.323631367522012 ], [ 17.348453706260941, 50.327493290348826 ], [ 17.328900401467848, 50.326998172037705 ], [ 17.314440814730105, 50.321353823290806 ], [ 17.31279767987354, 50.320759681317455 ], [ 17.289958105367333, 50.317491900463992 ], [ 17.249701301381563, 50.331355213175655 ], [ 17.232612698873311, 50.341752697709396 ], [ 17.232119758416346, 50.341752697709396 ], [ 17.213059394080219, 50.356309176056641 ], [ 17.201393136598625, 50.364726187345866 ], [ 17.19958568825642, 50.374430506244025 ], [ 17.200407255684695, 50.377203168786352 ], [ 17.20303627145519, 50.385125061764441 ], [ 17.196956672485911, 50.387798700644552 ], [ 17.184961788033007, 50.389482102902392 ], [ 17.165079856268605, 50.383144588519926 ], [ 17.15752143592843, 50.380768020626491 ], [ 17.143554789647652, 50.380371925977585 ], [ 17.125973246682435, 50.392749883755855 ], [ 17.125480306225469, 50.39304695474253 ], [ 17.125480306225469, 50.39304695474253 ], [ 17.112006600401656, 50.394334262351478 ], [ 17.111185032973367, 50.401364942369526 ], [ 17.110692092516402, 50.404929794209679 ], [ 17.08686663709625, 50.40562295984526 ], [ 17.086045069667975, 50.405226865196354 ], [ 17.080787038126971, 50.402751273640703 ], [ 17.052525118594104, 50.407009291116424 ], [ 17.037901218370706, 50.412752663525538 ], [ 17.030342798030517, 50.415723373392325 ], [ 17.023605945118618, 50.421169674814763 ], [ 17.016211838264084, 50.419882367205815 ], [ 17.013254195522279, 50.419387248894694 ], [ 17.007174596553, 50.422853077072602 ], [ 16.999616176212811, 50.427012070886107 ], [ 16.988935799645148, 50.423249171721508 ], [ 16.974969153364384, 50.418496035934652 ], [ 16.963631522854101, 50.424734526654902 ], [ 16.950815070972908, 50.431765206672964 ], [ 16.941942142747479, 50.434339821890831 ], [ 16.93257627406507, 50.437112484433172 ], [ 16.923046091897021, 50.440182217962175 ], [ 16.907929251216643, 50.449490442211442 ], [ 16.93257627406507, 50.457907453500653 ], [ 16.942928023661423, 50.46513618084316 ], [ 16.943585277604043, 50.467908843385501 ], [ 16.945885666403228, 50.477811209608106 ], [ 16.947857428231103, 50.480583872150447 ], [ 16.958537804798752, 50.486822362870697 ], [ 16.97283307805084, 50.487416504844049 ], [ 16.978255423077499, 50.483059463706098 ], [ 16.978255423077499, 50.478999493554824 ], [ 16.978091109591844, 50.476325854674727 ], [ 16.980391498391029, 50.474840499741333 ], [ 16.984827962503743, 50.475632689039131 ], [ 16.995508339071407, 50.477415114959214 ], [ 16.999287549241501, 50.476523901999172 ], [ 17.004381267296836, 50.475335618052455 ], [ 17.007010283067331, 50.477118043972524 ], [ 17.01029655278046, 50.479197540879284 ], [ 17.020648302376799, 50.479989730177081 ], [ 17.019662421462868, 50.477811209608106 ], [ 17.018676540548924, 50.475038547065779 ], [ 17.018183600091959, 50.473949286781291 ], [ 17.020483988891144, 50.471770766212316 ], [ 17.021305556319433, 50.470879553252288 ], [ 17.020976929348109, 50.470681505927828 ], [ 17.017690659634994, 50.468106890709947 ], [ 17.019333794491558, 50.465730322816526 ], [ 17.049238848880989, 50.464443015207578 ], [ 17.053839626479359, 50.468701032683313 ], [ 17.054496880421979, 50.473058073821264 ], [ 17.054825507393289, 50.474741476079103 ], [ 17.056961582706819, 50.475632689039131 ], [ 17.062548241219133, 50.477811209608106 ], [ 17.063205495161768, 50.488703812452982 ], [ 17.060740792876913, 50.491179404008648 ], [ 17.059919225448638, 50.491872569644229 ], [ 17.060576479391258, 50.493754019226515 ], [ 17.061562360305203, 50.496724729093302 ], [ 17.060247852419948, 50.499299344311183 ], [ 17.057454523163798, 50.504745645733621 ], [ 17.065341570475297, 50.510687065467195 ], [ 17.073721558243761, 50.516925556187431 ], [ 17.074378812186382, 50.522569904934329 ], [ 17.067806272760137, 50.527224017058955 ], [ 17.063041181676098, 50.530689845236864 ], [ 17.063205495161768, 50.540592211459483 ], [ 17.076186260528601, 50.55574283178008 ], [ 17.077993708870821, 50.556634044740122 ], [ 17.093603490008164, 50.564555937718211 ], [ 17.100668969891373, 50.576933895496481 ], [ 17.113814048743876, 50.587034309043545 ], [ 17.12038658817012, 50.601887858377467 ], [ 17.12285129045496, 50.607433183462135 ], [ 17.16491554278295, 50.613473626857925 ], [ 17.188576684717447, 50.616345313062482 ], [ 17.191698640944921, 50.616147265738036 ], [ 17.232119758416346, 50.614463863480182 ], [ 17.23770641692866, 50.614265816155736 ], [ 17.243950329383594, 50.61981114124039 ], [ 17.241814254070064, 50.62783205788071 ], [ 17.23770641692866, 50.630406673098591 ], [ 17.233598579787241, 50.632981288316472 ], [ 17.230805250531091, 50.63862563706337 ], [ 17.23688484950037, 50.649518239908232 ], [ 17.237870730414315, 50.651102618503856 ], [ 17.236720536014715, 50.652191878788344 ], [ 17.233927206758565, 50.655063564992901 ], [ 17.23655622252906, 50.658331345846364 ], [ 17.238527984356935, 50.660806937402015 ], [ 17.238856611328245, 50.672194658558027 ], [ 17.238856611328245, 50.672194658558027 ], [ 17.235734655100785, 50.680314598860562 ], [ 17.245593464240144, 50.682295072105092 ], [ 17.247236599096709, 50.682592143091767 ], [ 17.257916975664372, 50.690216965083181 ], [ 17.244114642869249, 50.694375958896686 ], [ 17.221932322305662, 50.701109567928057 ], [ 17.220782127906062, 50.713685573030773 ], [ 17.23589896858644, 50.716359211910884 ], [ 17.252166003666403, 50.719230898115441 ], [ 17.261367558863142, 50.730024477298088 ], [ 17.262846380234052, 50.734183471111592 ], [ 17.264325201604962, 50.738540512249543 ], [ 17.273855383773025, 50.743194624374169 ], [ 17.283714192912385, 50.742996577049709 ], [ 17.285850268225929, 50.742204387751912 ], [ 17.293408688566103, 50.739134654222894 ], [ 17.298173779650142, 50.7414121984541 ], [ 17.293244375080448, 50.746957523538768 ], [ 17.292587121137828, 50.754582345530181 ], [ 17.272376562402115, 50.76606909034841 ], [ 17.260217364463557, 50.773000746704241 ], [ 17.275498518629576, 50.788349414349284 ], [ 17.287986343539458, 50.793597668447276 ], [ 17.309018469703446, 50.78884453266042 ], [ 17.3170698305006, 50.78706210674035 ], [ 17.342045480320351, 50.785081633495821 ], [ 17.348946646717906, 50.788052343362608 ], [ 17.35371173780193, 50.794290834082858 ], [ 17.35026115460316, 50.807064886510034 ], [ 17.343688615176902, 50.808055123132291 ], [ 17.340238031978132, 50.808451217781197 ], [ 17.325942758726043, 50.819046749639398 ], [ 17.318384338385854, 50.821126246546143 ], [ 17.332515298152288, 50.825681335008539 ], [ 17.342374107291661, 50.828850092199787 ], [ 17.340730972435097, 50.834494440946671 ], [ 17.334815686951472, 50.840633908004691 ], [ 17.330379222838758, 50.845188996467087 ], [ 17.329721968896123, 50.850734321551755 ], [ 17.345989003976101, 50.852120652822919 ], [ 17.361927412084739, 50.858458167205399 ], [ 17.368664264996653, 50.859547427489886 ], [ 17.382302284306121, 50.861725948058861 ], [ 17.385259927047926, 50.87321269287709 ], [ 17.385588554019236, 50.874599024148253 ], [ 17.386574434933181, 50.874896095134929 ], [ 17.394954422701645, 50.876777544717228 ], [ 17.39331128784508, 50.890343786442216 ], [ 17.378030133679047, 50.894403756593491 ], [ 17.35371173780193, 50.900939318300416 ], [ 17.367678384082708, 50.915891891296553 ], [ 17.368828578482308, 50.917278222567717 ], [ 17.369157205453618, 50.917575293554407 ], [ 17.369814459396238, 50.92490304455913 ], [ 17.398405005900429, 50.920446979758964 ], [ 17.403663037441419, 50.915297749323202 ], [ 17.408099501554133, 50.911138755509697 ], [ 17.42715986589026, 50.910544613536345 ], [ 17.432253583945609, 50.917080175243271 ], [ 17.4307747625747, 50.92510109188359 ], [ 17.438826123371854, 50.936389789377372 ], [ 17.43258221091692, 50.944311682355462 ], [ 17.431596330002975, 50.945698013626625 ], [ 17.432253583945609, 50.96649298269412 ], [ 17.464130400162901, 50.978276798499024 ], [ 17.46708804290472, 50.975207064970022 ], [ 17.46988137216087, 50.97243440242768 ], [ 17.491735065753147, 50.974513899334426 ], [ 17.499950740035956, 50.975306088632237 ], [ 17.501758188378176, 50.97431585200998 ], [ 17.508987981747055, 50.969859787209799 ], [ 17.513095818888459, 50.973424639049938 ], [ 17.513753072831079, 50.979762153432418 ], [ 17.507509160376145, 50.983227981610327 ], [ 17.50520877157696, 50.984515289219274 ], [ 17.494692708494966, 50.985703573165992 ], [ 17.492392319695782, 50.988971354019455 ], [ 17.498964859122026, 50.991942063886228 ], [ 17.50915229523271, 50.989268425006131 ], [ 17.516053461630264, 50.987485999086061 ], [ 17.537085587794266, 50.989664519655037 ], [ 17.54365812722051, 50.999764933202101 ], [ 17.526240897740948, 51.003824903353376 ], [ 17.525255016827018, 51.004121974340052 ], [ 17.515396207687644, 51.011845819993681 ], [ 17.519504044829048, 51.025214014394223 ], [ 17.521311493171268, 51.026798392989832 ], [ 17.527226778654892, 51.03214567075004 ], [ 17.532649123681551, 51.042345107959335 ], [ 17.523447568484798, 51.048286527692909 ], [ 17.518353850429449, 51.051554308546372 ], [ 17.523611881970453, 51.054326971088699 ], [ 17.523776195456108, 51.057693775604392 ], [ 17.519996985286014, 51.059872296173367 ], [ 17.526405211226603, 51.066011763231387 ], [ 17.534785198995081, 51.068883449435944 ], [ 17.54579420253404, 51.068388331124808 ], [ 17.557296146529978, 51.067992236475902 ], [ 17.58210748286406, 51.081855549187566 ], [ 17.572741614181666, 51.087301850610004 ], [ 17.563540058984913, 51.092649128370212 ], [ 17.568140836583282, 51.098788595428232 ], [ 17.577013764808726, 51.11057241123315 ], [ 17.572412987210342, 51.118197233224564 ], [ 17.575699256923471, 51.12889178874498 ], [ 17.566826328698042, 51.13334785354516 ], [ 17.565676134298442, 51.138299036656463 ], [ 17.554995757730794, 51.14136877018548 ], [ 17.54645145647666, 51.143745338078901 ], [ 17.54513694859142, 51.152954538665938 ], [ 17.558939281386543, 51.157509627128334 ], [ 17.568798090525917, 51.165134449119748 ], [ 17.572412987210342, 51.16424323615972 ], [ 17.577999645722656, 51.162856904888557 ], [ 17.589337276232939, 51.17048172687997 ], [ 17.597717264001403, 51.168600277297671 ], [ 17.601496474171498, 51.175729980977948 ], [ 17.599031771886658, 51.178700690844735 ], [ 17.598045890972713, 51.179789951129223 ], [ 17.611519596796526, 51.190484506649639 ], [ 17.618585076679736, 51.184246015929403 ], [ 17.61924233062237, 51.182067495360428 ], [ 17.62104977896459, 51.176126075626854 ], [ 17.638302694958483, 51.173452436746743 ], [ 17.640931710728992, 51.168303206310995 ], [ 17.668700689804879, 51.161569597279609 ], [ 17.683653216999602, 51.166520780390925 ], [ 17.700248879050875, 51.163252999537463 ], [ 17.698934371165635, 51.17048172687997 ], [ 17.699591625108255, 51.170877821528862 ], [ 17.70287789482137, 51.173056342097837 ], [ 17.709614747733283, 51.173353413084527 ], [ 17.738698234694425, 51.174541697031231 ], [ 17.749378611262088, 51.179591903804763 ], [ 17.752664880975203, 51.183750897618268 ], [ 17.754472329317423, 51.186127465511689 ], [ 17.760058987829737, 51.185632347200567 ], [ 17.77879072519454, 51.183750897618268 ], [ 17.783720129764234, 51.187810867769542 ], [ 17.793250311932297, 51.189593293689612 ], [ 17.795222073760172, 51.194148382152008 ] ] ] } },
{ "type": "Feature", "properties": { "index": 1566, "nuts_2_code": "PL63", "nuts_2_name": "Pomorskie" }, "geometry": { "type": "Polygon", "coordinates": [ [ [ 18.54169823909632, 54.5845205294506 ], [ 18.559115468575868, 54.550753460631498 ], [ 18.559772722518503, 54.547782750764711 ], [ 18.562566051774652, 54.536395029608698 ], [ 18.562073111317687, 54.533820414390817 ], [ 18.561415857375067, 54.530651657199584 ], [ 18.561087230403743, 54.51857077040799 ], [ 18.555007631434464, 54.516095178852339 ], [ 18.552542929149624, 54.515104942230082 ], [ 18.550899794293059, 54.51451080025673 ], [ 18.559608409032847, 54.500548463882836 ], [ 18.568152710286967, 54.487081245820079 ], [ 18.565852321487782, 54.482229086371007 ], [ 18.562401738288997, 54.475099382690715 ], [ 18.561908797832032, 54.467276513374856 ], [ 18.561744484346377, 54.463909708859163 ], [ 18.562894678745963, 54.4606419280057 ], [ 18.565195067545147, 54.454304413623234 ], [ 18.57587544411281, 54.442619621480546 ], [ 18.579326027311595, 54.438856722315947 ], [ 18.580969162168145, 54.437569414707013 ], [ 18.584584058852585, 54.434598704840226 ], [ 18.591156598278829, 54.430142640040046 ], [ 18.593292673592359, 54.429251427080018 ], [ 18.635849866377328, 54.410337907594823 ], [ 18.636835747291258, 54.410238883932593 ], [ 18.651952587971635, 54.408753528999213 ], [ 18.655896111627385, 54.409644741959241 ], [ 18.663947472424539, 54.41152619154154 ], [ 18.674792162477843, 54.408555481674753 ], [ 18.679392940076212, 54.404990629834614 ], [ 18.684650971617216, 54.400633588696664 ], [ 18.697138796527085, 54.390731222474045 ], [ 18.708805054008678, 54.385383944713837 ], [ 18.728358358801771, 54.37647181511349 ], [ 18.73542383868498, 54.375679625815678 ], [ 18.780774360726099, 54.370530395379916 ], [ 18.817251954541774, 54.360429981832851 ], [ 18.832697422193462, 54.356171964357131 ], [ 18.882813035318605, 54.347953000392351 ], [ 18.884127543203846, 54.347754953067906 ], [ 18.923398466275685, 54.34745788208123 ], [ 18.936707858613843, 54.352706136179208 ], [ 18.937693739527774, 54.353696372801465 ], [ 18.944594905925342, 54.361024123806203 ], [ 18.950017250951987, 54.358350484926106 ], [ 18.956754103863901, 54.358944626899458 ], [ 18.963655270261455, 54.354983680410413 ], [ 18.972528198486899, 54.349834449974651 ], [ 18.975321527743048, 54.348250071379042 ], [ 18.979922305341418, 54.347358858419 ], [ 18.991095622366046, 54.345180337850024 ], [ 19.098556641985198, 54.347853976730136 ], [ 19.127311501975043, 54.348646166027933 ], [ 19.144893044940261, 54.349042260676839 ], [ 19.260734052327876, 54.35785536661497 ], [ 19.331388851160057, 54.366668472553101 ], [ 19.373781730459356, 54.374392318206731 ], [ 19.419460879471771, 54.382710305833726 ], [ 19.441643200035358, 54.388255630918394 ], [ 19.454295338430896, 54.391325364447411 ], [ 19.487979602990421, 54.399742375736622 ], [ 19.489458424361317, 54.400138470385528 ], [ 19.494552142416666, 54.401326754332246 ], [ 19.58163828981445, 54.431330923986764 ], [ 19.593797487753008, 54.436975272733662 ], [ 19.618937451058414, 54.448858112200796 ], [ 19.634218605224447, 54.455987815881073 ], [ 19.639148009794127, 54.458265360112279 ], [ 19.642598592992911, 54.456086839543303 ], [ 19.646542116648661, 54.453710271649868 ], [ 19.648513878476535, 54.453215153338746 ], [ 19.643255846935531, 54.450145419809729 ], [ 19.642598592992911, 54.449749325160823 ], [ 19.618937451058414, 54.437866485693689 ], [ 19.609571582376006, 54.433113349906833 ], [ 19.593797487753008, 54.425290480590974 ], [ 19.539409724000805, 54.40538672448352 ], [ 19.526428958633971, 54.402118943630057 ], [ 19.479763928707598, 54.390335127825139 ], [ 19.463989834084614, 54.386275157673879 ], [ 19.448872993404237, 54.380927879913656 ], [ 19.415845982787346, 54.369243087770982 ], [ 19.410916578217652, 54.367559685513129 ], [ 19.394649543137689, 54.363697762686314 ], [ 19.345355497440821, 54.352111994205856 ], [ 19.311835546366964, 54.35181492321918 ], [ 19.293432435973472, 54.35161687589472 ], [ 19.26812815918241, 54.348151047716811 ], [ 19.266156397354536, 54.347853976730136 ], [ 19.259912484899601, 54.346269598134512 ], [ 19.231650565366735, 54.338941847129774 ], [ 19.22935017656755, 54.337456492196381 ], [ 19.225406652911801, 54.3348818769785 ], [ 19.228035668682296, 54.330920930489455 ], [ 19.228692922624916, 54.330029717529428 ], [ 19.239701926163889, 54.329138504569386 ], [ 19.248410540903663, 54.328445338933804 ], [ 19.249067794846283, 54.32260294286246 ], [ 19.249725048788918, 54.318344925386739 ], [ 19.251039556674158, 54.317651759751158 ], [ 19.253504258959012, 54.316265428479994 ], [ 19.256297588215162, 54.314780073546601 ], [ 19.263527381584041, 54.305273801972888 ], [ 19.253668572444667, 54.297847027305934 ], [ 19.247096033018408, 54.292697796870172 ], [ 19.252354064559412, 54.288538803056667 ], [ 19.258105036557382, 54.283884690932041 ], [ 19.257612096100416, 54.28131007571416 ], [ 19.256954842157782, 54.278438389509603 ], [ 19.253504258959012, 54.270318449207068 ], [ 19.256626215186472, 54.268139928638092 ], [ 19.258926603985657, 54.266951644691375 ], [ 19.267635218725445, 54.263188745526776 ], [ 19.287517150489847, 54.254771734237565 ], [ 19.299347721457096, 54.24635472294834 ], [ 19.304770066483741, 54.235462120103463 ], [ 19.315943383508369, 54.226252919516426 ], [ 19.315121816080079, 54.218727121187243 ], [ 19.323994744305523, 54.210409133560248 ], [ 19.326130819619053, 54.204467713826674 ], [ 19.324651998248143, 54.197536057470856 ], [ 19.318901026250174, 54.191099519426146 ], [ 19.292117928088217, 54.186940525612656 ], [ 19.284395194262373, 54.185752241665938 ], [ 19.260241111870911, 54.175849875443319 ], [ 19.248246227418008, 54.167333840491878 ], [ 19.247096033018408, 54.162382657380576 ], [ 19.250875243188503, 54.16000608948714 ], [ 19.256790528672127, 54.156045142998096 ], [ 19.256626215186472, 54.149806652277846 ], [ 19.238058791307324, 54.127427304614741 ], [ 19.217683919085957, 54.116138607120959 ], [ 19.217355292114647, 54.115544465147607 ], [ 19.218834113485542, 54.115148370498702 ], [ 19.231321938395425, 54.111979613307469 ], [ 19.254325826387287, 54.085936390141995 ], [ 19.243645449819638, 54.082569585626302 ], [ 19.226556847311386, 54.077222307866094 ], [ 19.221956069713016, 54.069399438550221 ], [ 19.265170516440591, 54.051773226673973 ], [ 19.26566345689757, 54.051773226673973 ], [ 19.275029325579965, 54.052169321322879 ], [ 19.282259118948843, 54.041672813126908 ], [ 19.272235996323815, 54.041573789464678 ], [ 19.27207168283816, 54.041573789464678 ], [ 19.260241111870911, 54.035533346068888 ], [ 19.267963845696755, 54.025135861535134 ], [ 19.273386190723414, 54.01780811053041 ], [ 19.280944611063589, 54.015035447988069 ], [ 19.293103809002147, 54.021967104343901 ], [ 19.297211646143552, 54.024145624912876 ], [ 19.317915145336244, 54.025531956184039 ], [ 19.331717478131367, 54.018897370814898 ], [ 19.343055108641636, 54.01345106939246 ], [ 19.358829203264634, 54.005826247401046 ], [ 19.379861329428635, 54.002162371898677 ], [ 19.397278558908184, 53.99909263836966 ], [ 19.391856213881539, 53.99305219497387 ], [ 19.383147599141751, 53.987605893551432 ], [ 19.377725254115106, 53.984140065373523 ], [ 19.367866444975732, 53.963741190954934 ], [ 19.371481341660157, 53.950075925567731 ], [ 19.370166833774917, 53.939678441033976 ], [ 19.376246432744196, 53.935519447220486 ], [ 19.391856213881539, 53.934430186935998 ], [ 19.398100126336473, 53.934034092287092 ], [ 19.398593066793438, 53.93324190298928 ], [ 19.400564828621313, 53.930172169460263 ], [ 19.417653431129565, 53.9269043886068 ], [ 19.432277331352964, 53.930766311433629 ], [ 19.438356930322243, 53.932449713691469 ], [ 19.448215739461617, 53.936905778491649 ], [ 19.454295338430896, 53.939678441033976 ], [ 19.459224743000576, 53.941955985265182 ], [ 19.483378825392037, 53.943144269211899 ], [ 19.487979602990421, 53.945223766118644 ], [ 19.489951364818296, 53.946114979078672 ], [ 19.524785823777407, 53.945025718794184 ], [ 19.535301886859401, 53.944629624145293 ], [ 19.544174815084844, 53.946114979078672 ], [ 19.554526564681183, 53.947699357674296 ], [ 19.559784596222173, 53.94571888442978 ], [ 19.565371254734487, 53.943639387523021 ], [ 19.568164583990651, 53.944926695131969 ], [ 19.57605163130215, 53.948293499647647 ], [ 19.576215944787805, 53.943342316536345 ], [ 19.58196691678576, 53.938292109762813 ], [ 19.581473976328795, 53.930766311433629 ], [ 19.58130966284314, 53.928587790864654 ], [ 19.571779480675076, 53.927201459593491 ], [ 19.558634401822587, 53.925121962686731 ], [ 19.560277536679152, 53.91670495139752 ], [ 19.558141461365622, 53.910070366028364 ], [ 19.553212056795928, 53.895315840356673 ], [ 19.535137573373746, 53.881155456658334 ], [ 19.53710933520162, 53.876006226222572 ], [ 19.530865422746686, 53.87343161100469 ], [ 19.524621510291752, 53.861350724213096 ], [ 19.514434074181068, 53.855409304479537 ], [ 19.514105447209758, 53.855310280817307 ], [ 19.514105447209758, 53.855112233492861 ], [ 19.514762701152378, 53.843823535999078 ], [ 19.490608618760916, 53.825009040176113 ], [ 19.487979602990421, 53.822929543269353 ], [ 19.480914123107198, 53.817384218184699 ], [ 19.487979602990421, 53.813225224371195 ], [ 19.491758813160502, 53.810947680140004 ], [ 19.499152920015035, 53.806491615339823 ], [ 19.487979602990421, 53.797381438415016 ], [ 19.474505897166608, 53.78648883557014 ], [ 19.474834524137918, 53.783518125703353 ], [ 19.481735690535473, 53.779854250200984 ], [ 19.480914123107198, 53.775101114414127 ], [ 19.457252981172701, 53.787082977543491 ], [ 19.455609846316136, 53.791737089668132 ], [ 19.453802397973931, 53.797282414752786 ], [ 19.372302909088447, 53.813819366344561 ], [ 19.323008863391578, 53.813918390006776 ], [ 19.310685351967365, 53.802728716175224 ], [ 19.30986378453909, 53.795103894183811 ], [ 19.312821427280895, 53.792925373614835 ], [ 19.314793189108769, 53.791539042343672 ], [ 19.311671232881309, 53.790251734734738 ], [ 19.305755947397685, 53.787875166841303 ], [ 19.300004975399716, 53.780646439498796 ], [ 19.301976737227591, 53.777180611320887 ], [ 19.299512034942751, 53.770248954965055 ], [ 19.302141050713246, 53.767575316084944 ], [ 19.302962618141521, 53.766783126787132 ], [ 19.300333602371026, 53.762228038324736 ], [ 19.302141050713246, 53.754108098022186 ], [ 19.293761062944782, 53.743908660812906 ], [ 19.277329714379164, 53.7329170343058 ], [ 19.27207168283816, 53.731530703034636 ], [ 19.263198754612731, 53.729154135141201 ], [ 19.23641565645076, 53.707666000438138 ], [ 19.226063906854421, 53.704596266909121 ], [ 19.214397649372827, 53.692317332793081 ], [ 19.217683919085957, 53.682315942908247 ], [ 19.222284696684326, 53.667957511885447 ], [ 19.214397649372827, 53.668749701183259 ], [ 19.214233335887172, 53.668749701183259 ], [ 19.214233335887172, 53.667858488223217 ], [ 19.214397649372827, 53.649341063386942 ], [ 19.205524721147398, 53.637458223919793 ], [ 19.201088257034684, 53.638052365893159 ], [ 19.19615885246499, 53.639735768150999 ], [ 19.193201209723185, 53.640726004773256 ], [ 19.184656908469051, 53.637854318568699 ], [ 19.178741622985427, 53.639339673502093 ], [ 19.161817333962844, 53.62379295853259 ], [ 19.153273032708725, 53.61943591739464 ], [ 19.142921283112386, 53.614088639634431 ], [ 19.131090712145138, 53.607949172576411 ], [ 19.128461696374629, 53.603196036789555 ], [ 19.129283263802918, 53.588243463793404 ], [ 19.127311501975043, 53.58863955844231 ], [ 19.088369205874514, 53.597155593393765 ], [ 19.053041806458438, 53.596858522407075 ], [ 19.045812013089559, 53.595868285784817 ], [ 19.016071272185783, 53.591709291971327 ], [ 19.010813240644794, 53.592501481269124 ], [ 18.993067384193921, 53.595274143811466 ], [ 18.981729753683638, 53.589629795064567 ], [ 18.978114856999198, 53.587847369144498 ], [ 18.968584674831149, 53.588441511117864 ], [ 18.926191795531835, 53.590917102673515 ], [ 18.918633375191661, 53.583589351668778 ], [ 18.914689851535911, 53.579826452504179 ], [ 18.906309863767447, 53.577746955597433 ], [ 18.903845161482593, 53.579628405179733 ], [ 18.905816923310468, 53.587055179846701 ], [ 18.907295744681377, 53.592699528593585 ], [ 18.890207142173139, 53.599532161287186 ], [ 18.831054287336897, 53.604681391722949 ], [ 18.769108103244506, 53.606364793980788 ], [ 18.764178698674826, 53.610127693145387 ], [ 18.761549682904317, 53.604879439047394 ], [ 18.740681870225984, 53.632507040808491 ], [ 18.740024616283364, 53.646469377182385 ], [ 18.748404604051828, 53.659243429609546 ], [ 18.752512441193232, 53.662412186800793 ], [ 18.770586924615415, 53.676473546836903 ], [ 18.788990035008908, 53.70212067535347 ], [ 18.782746122553974, 53.703407982962403 ], [ 18.765493206560066, 53.699447036473359 ], [ 18.752676754678888, 53.693505616739799 ], [ 18.751197933307978, 53.691426119833039 ], [ 18.748733231023138, 53.687465173343995 ], [ 18.744461080396079, 53.690336859548552 ], [ 18.741832064625584, 53.692218309130851 ], [ 18.736245406113269, 53.689049551939618 ], [ 18.727536791373481, 53.684197392490532 ], [ 18.719156803605017, 53.687960291655131 ], [ 18.708805054008678, 53.686672984046197 ], [ 18.699932125783249, 53.690534906873012 ], [ 18.69845330441234, 53.691228072508594 ], [ 18.695824288641845, 53.693604640402015 ], [ 18.696481542584465, 53.699942154784495 ], [ 18.687279987387711, 53.698456799851101 ], [ 18.679392940076212, 53.692911474766433 ], [ 18.676928237791373, 53.691228072508594 ], [ 18.668876876994219, 53.694099758713151 ], [ 18.663783158938884, 53.69598120829545 ], [ 18.656881992541315, 53.695189018997638 ], [ 18.641436524889627, 53.683108132206044 ], [ 18.631084775293289, 53.674889168241279 ], [ 18.608738141244046, 53.670928221752234 ], [ 18.591485225250153, 53.673997955281251 ], [ 18.575382503655845, 53.676869641485808 ], [ 18.568481337258277, 53.67320576598344 ], [ 18.57587544411281, 53.669343843156611 ], [ 18.581462102625125, 53.666472156952054 ], [ 18.58294092399602, 53.660332689894034 ], [ 18.560429976461123, 53.656965885378355 ], [ 18.550735480807404, 53.656173696080543 ], [ 18.542191179553285, 53.666076062303148 ], [ 18.529539041157761, 53.668452630196583 ], [ 18.530196295100382, 53.678156949094742 ], [ 18.514750827448694, 53.681721800934881 ], [ 18.513272006077798, 53.688257362641806 ], [ 18.517215529733548, 53.68994076489966 ], [ 18.522309247788883, 53.692119285468635 ], [ 18.515408081391328, 53.703110911975728 ], [ 18.496019090083891, 53.699645083797819 ], [ 18.473672456034649, 53.703011888313497 ], [ 18.469071678436279, 53.697565586891059 ], [ 18.46825011100799, 53.693010498428663 ], [ 18.46759285706537, 53.68964369391297 ], [ 18.462006198553055, 53.687168102357319 ], [ 18.456090913069431, 53.687168102357319 ], [ 18.454940718669832, 53.690237835886336 ], [ 18.453954837755902, 53.693208545753123 ], [ 18.428814874450495, 53.689049551939618 ], [ 18.420763513653341, 53.687663220668455 ], [ 18.419941946225066, 53.688851504615172 ], [ 18.418134497882846, 53.691624167157499 ], [ 18.404989419030358, 53.690732954197458 ], [ 18.401210208860263, 53.690534906873012 ], [ 18.375741618583547, 53.688851504615172 ], [ 18.355859686819144, 53.687564197006225 ], [ 18.346165191165426, 53.692020261806405 ], [ 18.336470695511707, 53.693406593077569 ], [ 18.316753077232974, 53.696377302944356 ], [ 18.295392324097662, 53.698258752526655 ], [ 18.263679821366011, 53.701031415068982 ], [ 18.255135520111892, 53.710933781291601 ], [ 18.266144523650851, 53.71449863313174 ], [ 18.272552749591455, 53.716578130038485 ], [ 18.27583901930457, 53.721232242163111 ], [ 18.267130404564796, 53.725391235976616 ], [ 18.27271706307711, 53.731728750359082 ], [ 18.266801777593486, 53.738957477701589 ], [ 18.255957087540168, 53.745294992084069 ], [ 18.23771829063233, 53.742621353203958 ], [ 18.228516735435591, 53.741334045595025 ], [ 18.219972434181457, 53.740640879959443 ], [ 18.220301061152767, 53.744502802786258 ], [ 18.220794001609747, 53.750048127870926 ], [ 18.218493612810562, 53.751335435479859 ], [ 18.210935192470373, 53.745493039408515 ], [ 18.204691280015439, 53.740541856297213 ], [ 18.196311292246975, 53.739353572350495 ], [ 18.195161097847375, 53.741433069257241 ], [ 18.20025481590271, 53.746384252368557 ], [ 18.20025481590271, 53.746582299693003 ], [ 18.19861168104616, 53.756187594928946 ], [ 18.183001899908817, 53.753513956048835 ], [ 18.180044257166998, 53.748661796599748 ], [ 18.178565435796102, 53.746384252368557 ], [ 18.168542313171073, 53.745988157719651 ], [ 18.155561547804226, 53.753612979711065 ], [ 18.152932532033731, 53.760346588742436 ], [ 18.149810575806256, 53.76807043439608 ], [ 18.131078838441454, 53.768763600031662 ], [ 18.121712969759045, 53.764109487907035 ], [ 18.111032593191396, 53.758762210146827 ], [ 18.108403577420901, 53.761039754378018 ], [ 18.108567890906556, 53.765495819178199 ], [ 18.108567890906556, 53.768565552707216 ], [ 18.102159664965967, 53.768268481720526 ], [ 18.099859276166768, 53.76816945805831 ], [ 18.098051827824563, 53.769951883978379 ], [ 18.093286736740524, 53.774903067089681 ], [ 18.072090297090881, 53.781042534147701 ], [ 18.070611475719971, 53.7742099014541 ], [ 18.060259726123633, 53.762723156635872 ], [ 18.057959337324448, 53.76014854141799 ], [ 18.056644829439193, 53.756880760564528 ], [ 18.050400916984259, 53.742720376866188 ], [ 18.046293079842854, 53.740838927283889 ], [ 18.04251386967276, 53.73915552502605 ], [ 18.04284249664407, 53.738660406714914 ], [ 18.045471512414565, 53.735293602199221 ], [ 18.031997806590766, 53.72499514132771 ], [ 18.026739775049762, 53.728361945843389 ], [ 18.013430382711604, 53.724400999354344 ], [ 17.991576689119327, 53.72499514132771 ], [ 17.984675522721773, 53.732025821345758 ], [ 17.978595923752493, 53.734402389239193 ], [ 17.97153044386927, 53.73737309910598 ], [ 17.954277527875377, 53.738759430377144 ], [ 17.948197928906097, 53.746186205044097 ], [ 17.935381477024904, 53.744502802786258 ], [ 17.925851294856855, 53.74955300955979 ], [ 17.901532898979738, 53.748067654626396 ], [ 17.867848634420213, 53.759158304795719 ], [ 17.861111781508299, 53.754999310982228 ], [ 17.865712559106683, 53.747374488990815 ], [ 17.876064308703022, 53.745195968421839 ], [ 17.889538014526835, 53.728460969505619 ], [ 17.892002716811675, 53.727272685558901 ], [ 17.902683093379324, 53.722222478785369 ], [ 17.893481538182584, 53.716875201025161 ], [ 17.893810165153894, 53.708656237060396 ], [ 17.883787042528866, 53.707269905789232 ], [ 17.878529010987862, 53.70657674015365 ], [ 17.873928233389492, 53.701823604366794 ], [ 17.868834515334143, 53.696674373931032 ], [ 17.854210615110745, 53.688851504615172 ], [ 17.843530238543096, 53.68994076489966 ], [ 17.826605949520498, 53.691822214481945 ], [ 17.814611065067595, 53.683999345166086 ], [ 17.808860093069626, 53.680236446001487 ], [ 17.799987164844197, 53.67924620937923 ], [ 17.790621296161788, 53.686276889397291 ], [ 17.772218185768295, 53.700041178446725 ], [ 17.764002511485486, 53.694297806037611 ], [ 17.765809959827706, 53.688851504615172 ], [ 17.765974273313361, 53.688455409966267 ], [ 17.764166824971142, 53.684989581788344 ], [ 17.759566047372772, 53.685385676437249 ], [ 17.758908793430138, 53.685484700099479 ], [ 17.753486448403493, 53.680137422339271 ], [ 17.741162936979279, 53.67746378345916 ], [ 17.743463325778464, 53.669442866818841 ], [ 17.734590397553021, 53.662610234125239 ], [ 17.736562159380895, 53.657956122000613 ], [ 17.737712353780495, 53.655678577769407 ], [ 17.726539036755867, 53.645776211546789 ], [ 17.712736703960744, 53.633695324755209 ], [ 17.718159048987403, 53.617158373163434 ], [ 17.716187287159528, 53.610919882443199 ], [ 17.724238647956682, 53.611018906105414 ], [ 17.73426177058171, 53.611216953429874 ], [ 17.734590397553021, 53.602601894816203 ], [ 17.730318246925961, 53.595076096487006 ], [ 17.687925367626661, 53.593392694229166 ], [ 17.678395185458598, 53.596561451420399 ], [ 17.667550495405294, 53.600126303260538 ], [ 17.658677567179851, 53.594382930851424 ], [ 17.656541491866321, 53.589530771402352 ], [ 17.659992075065105, 53.586163966886659 ], [ 17.666071674034384, 53.584876659277725 ], [ 17.672315586489319, 53.583490328006548 ], [ 17.673630094374573, 53.573092843472807 ], [ 17.669686570718824, 53.570716275579386 ], [ 17.656705805351976, 53.571112370228292 ], [ 17.650297579411387, 53.580519618139775 ], [ 17.649476011983111, 53.581707902086478 ], [ 17.604947057370282, 53.596264380433723 ], [ 17.593280799888689, 53.58863955844231 ], [ 17.577999645722656, 53.578638168557475 ], [ 17.54480832162011, 53.580420594477545 ], [ 17.529855794425387, 53.59289757591803 ], [ 17.527555405626202, 53.597551688042671 ], [ 17.523611881970453, 53.60547358102076 ], [ 17.51161699751755, 53.612999379349944 ], [ 17.512931505402804, 53.617356420487894 ], [ 17.507509160376145, 53.616069112878947 ], [ 17.499622113064646, 53.609038432860899 ], [ 17.497978978208081, 53.607652101589736 ], [ 17.4664307889621, 53.601512634531716 ], [ 17.462815892277661, 53.601413610869486 ], [ 17.446384543712043, 53.60101751622058 ], [ 17.429131627718135, 53.589332724077892 ], [ 17.422723401777546, 53.583589351668778 ], [ 17.423709282691476, 53.578638168557475 ], [ 17.417958310693507, 53.568636778672627 ], [ 17.418451251150486, 53.564576808521366 ], [ 17.414836354466047, 53.560219767383416 ], [ 17.420587326464016, 53.551505685107514 ], [ 17.421408893892291, 53.550416424823027 ], [ 17.421901834349256, 53.537147254084715 ], [ 17.415822235379977, 53.534176544217928 ], [ 17.409742636410698, 53.531205834351155 ], [ 17.402841470013144, 53.520709326155185 ], [ 17.402019902584854, 53.512094267541499 ], [ 17.394625795730335, 53.507638202741333 ], [ 17.394954422701645, 53.49823095482985 ], [ 17.394954422701645, 53.496349505247551 ], [ 17.390682272074585, 53.491002227487343 ], [ 17.384109732648341, 53.496547552571997 ], [ 17.363406233455649, 53.496943647220903 ], [ 17.35699800751506, 53.495359268625293 ], [ 17.35206860294538, 53.494170984678576 ], [ 17.340073718492476, 53.496052434260875 ], [ 17.337773329693277, 53.497636812856484 ], [ 17.338101956664602, 53.49981533342546 ], [ 17.338430583635912, 53.502191901318895 ], [ 17.332022357695323, 53.502984090616707 ], [ 17.327092953125629, 53.503677256252288 ], [ 17.326107072211698, 53.50625187147017 ], [ 17.323478056441189, 53.512490362190405 ], [ 17.313454933816161, 53.512985480501541 ], [ 17.305896513475986, 53.513282551488217 ], [ 17.306882394389916, 53.51645130867945 ], [ 17.309018469703446, 53.523878083346418 ], [ 17.305896513475986, 53.527145864199881 ], [ 17.295380450393978, 53.525561485604257 ], [ 17.281249490627545, 53.533978496893482 ], [ 17.267775784803746, 53.536751159435809 ], [ 17.260217364463557, 53.5351667808402 ], [ 17.243457388926615, 53.531601929000061 ], [ 17.229326429160182, 53.5332853312579 ], [ 17.209115870424469, 53.535760922813552 ], [ 17.197285299457221, 53.532691189284549 ], [ 17.184468847576042, 53.534374591542388 ], [ 17.165901423696894, 53.529522432093302 ], [ 17.160150451698925, 53.528037077159908 ], [ 17.150291642559552, 53.530908763364465 ], [ 17.131231278223424, 53.536355064786903 ], [ 17.090645847266345, 53.542197460858247 ], [ 17.074214498700726, 53.531106810688925 ], [ 17.059426284991673, 53.521006397141861 ], [ 17.033136127286681, 53.516055214030544 ], [ 17.015390270835809, 53.519521042208467 ], [ 17.001094997583721, 53.518332758261749 ], [ 16.999451862727156, 53.524769296306445 ], [ 16.992715009815242, 53.526551722226529 ], [ 16.993700890729187, 53.530710716040019 ], [ 16.996987160442302, 53.532196070973413 ], [ 17.004874207753801, 53.535661899151322 ], [ 17.001423624555031, 53.549822282849661 ], [ 16.981213065819318, 53.556258820894371 ], [ 16.975955034278314, 53.552792992716448 ], [ 16.970204062280345, 53.549030093551849 ], [ 16.951143697944232, 53.544673052413899 ], [ 16.949829190058978, 53.553783229338705 ], [ 16.949171936116358, 53.55774417582775 ], [ 16.943092337147078, 53.566854352752557 ], [ 16.939148813491329, 53.572795772486131 ], [ 16.939313126976984, 53.574479174743971 ], [ 16.939641753948294, 53.583490328006548 ], [ 16.93438372240729, 53.585668848575523 ], [ 16.923046091897021, 53.59913606663828 ], [ 16.918773941269947, 53.600522397909444 ], [ 16.915816298528142, 53.601512634531716 ], [ 16.916637865956417, 53.602898965802879 ], [ 16.917788060356017, 53.604978462709624 ], [ 16.906121802874424, 53.614187663296661 ], [ 16.897413188134649, 53.621020295990263 ], [ 16.900370830876454, 53.625971479101565 ], [ 16.900535144362109, 53.626268550088241 ], [ 16.900370830876454, 53.626268550088241 ], [ 16.894619858878485, 53.628744141643892 ], [ 16.89807044207727, 53.633200206444073 ], [ 16.898234755562925, 53.633893372079655 ], [ 16.899056322991214, 53.641419170408838 ], [ 16.8923194700793, 53.655876625093867 ], [ 16.879995958655087, 53.68964369391297 ], [ 16.879831645169432, 53.691228072508594 ], [ 16.876545375456303, 53.719152745256366 ], [ 16.873752046200153, 53.723509786394317 ], [ 16.868001074202184, 53.730639490074594 ], [ 16.865536371917344, 53.734105318252517 ], [ 16.863564610089469, 53.737868217417102 ], [ 16.862743042661194, 53.739452596012725 ], [ 16.857649324605845, 53.747077418004139 ], [ 16.89199084310799, 53.758465139160137 ], [ 16.899056322991214, 53.760841707053572 ], [ 16.901192398304744, 53.762228038324736 ], [ 16.916966492927742, 53.772724546520706 ], [ 16.921895897497421, 53.774506972440776 ], [ 16.93093313920852, 53.777774753294239 ], [ 16.947035860802828, 53.804709189419754 ], [ 16.940627634862224, 53.805798449704241 ], [ 16.936026857263855, 53.801738479552967 ], [ 16.93438372240729, 53.801540432228521 ], [ 16.922553151440042, 53.799460935321761 ], [ 16.913187282757647, 53.800550195606249 ], [ 16.910229640015828, 53.802530668850778 ], [ 16.907764937730988, 53.812234987748937 ], [ 16.907929251216643, 53.812829129722289 ], [ 16.910558266987138, 53.817681289171375 ], [ 16.908915132130588, 53.820453951713702 ], [ 16.901192398304744, 53.823226614256043 ], [ 16.881967720482962, 53.830158270611875 ], [ 16.878681450769847, 53.830455341598551 ], [ 16.871615970886623, 53.831247530896363 ], [ 16.871780284372278, 53.840852826132291 ], [ 16.871780284372278, 53.844912796283566 ], [ 16.869644209058748, 53.847784482488123 ], [ 16.865207744946034, 53.853131760248331 ], [ 16.868986955116128, 53.856399541101794 ], [ 16.870465776487023, 53.857785872372958 ], [ 16.870958716944003, 53.859766345617487 ], [ 16.872766165286222, 53.867886285920022 ], [ 16.886239871110021, 53.870757972124579 ], [ 16.89412691842152, 53.872540398044663 ], [ 16.89412691842152, 53.873035516355785 ], [ 16.89379829145021, 53.878085723129317 ], [ 16.900042203905144, 53.874916965938084 ], [ 16.901192398304744, 53.87511501326253 ], [ 16.910722580472793, 53.876699391858153 ], [ 16.916637865956417, 53.876402320871478 ], [ 16.949664876573323, 53.874718918613638 ], [ 16.951965265372507, 53.878877912427129 ], [ 16.969218181366415, 53.878382794115993 ], [ 16.975790720792659, 53.880363267360522 ], [ 16.977433855649224, 53.884225190187337 ], [ 16.982034633247594, 53.904921135592602 ], [ 16.965931911653286, 53.904822111930372 ], [ 16.954265654171692, 53.907594774472713 ], [ 16.949007622630702, 53.912050839272879 ], [ 16.936848424692144, 53.913635217868503 ], [ 16.925346480696206, 53.919774684926523 ], [ 16.922060210983076, 53.924626844375609 ], [ 16.908257878187953, 53.925815128322313 ], [ 16.89807044207727, 53.930766311433629 ], [ 16.877038315913282, 53.94106477230514 ], [ 16.873916359685808, 53.944431576820833 ], [ 16.872930478771877, 53.94552083710532 ], [ 16.871780284372278, 53.94571888442978 ], [ 16.862907356146849, 53.946808144714268 ], [ 16.863728923575124, 53.950967138527758 ], [ 16.872273224829243, 53.95156128050111 ], [ 16.874080673171463, 53.95166030416334 ], [ 16.877531256370247, 53.955225156003479 ], [ 16.878845764255502, 53.96393923827938 ], [ 16.875559494542372, 53.974534770137581 ], [ 16.865864998888654, 53.977901574653274 ], [ 16.846640321066886, 53.984536160022415 ], [ 16.843354051353757, 53.99285414764941 ], [ 16.841710916497192, 53.996914117800685 ], [ 16.834645436613982, 53.996319975827333 ], [ 16.829223091587323, 53.995923881178427 ], [ 16.827908583702069, 53.998201425409633 ], [ 16.825279567931574, 54.003053584858705 ], [ 16.820514476847549, 54.003746750494287 ], [ 16.81574938576351, 53.99919166203189 ], [ 16.811970175593416, 53.995626810191752 ], [ 16.809505473308576, 53.99483462089394 ], [ 16.805069009195861, 53.993349265960546 ], [ 16.802439993425352, 53.986219562280269 ], [ 16.805890576624137, 53.985724443969133 ], [ 16.810655667708176, 53.985130301995781 ], [ 16.81295605650736, 53.980476189871155 ], [ 16.806547830566771, 53.978495716626625 ], [ 16.792252557314669, 53.980575213533371 ], [ 16.792745497771648, 53.985526396644687 ], [ 16.796196080970418, 53.987407846226972 ], [ 16.799318037197892, 54.003548703169841 ], [ 16.794717259599523, 54.00721257867221 ], [ 16.790609422458118, 54.010381335863443 ], [ 16.789294914572864, 54.01345106939246 ], [ 16.784529823488839, 54.023452459277294 ], [ 16.789787855029829, 54.028799737037502 ], [ 16.796196080970418, 54.035236275082198 ], [ 16.796031767484763, 54.040781600166866 ], [ 16.795867453999108, 54.051179084700607 ], [ 16.804740382224551, 54.057318551758641 ], [ 16.809505473308576, 54.060586332612104 ], [ 16.81049135422252, 54.072271124754778 ], [ 16.803590187824952, 54.077222307866094 ], [ 16.799810977654857, 54.077024260541634 ], [ 16.794552946113868, 54.076826213217188 ], [ 16.793238438228613, 54.084550058870818 ], [ 16.793895692171233, 54.099502631866969 ], [ 16.798167842798293, 54.101879199760404 ], [ 16.798660783255272, 54.10217627074708 ], [ 16.803425874339297, 54.116237630783189 ], [ 16.794552946113868, 54.120891742907816 ], [ 16.787158839259334, 54.12049564825891 ], [ 16.779929045890455, 54.120000529947788 ], [ 16.778121597548235, 54.126338044330254 ], [ 16.780586299833089, 54.128516564899229 ], [ 16.783051002117929, 54.130794109130434 ], [ 16.778614538005215, 54.134854079281709 ], [ 16.776807089662995, 54.136537481539548 ], [ 16.775985522234706, 54.14327109057092 ], [ 16.774999641320775, 54.152777362144633 ], [ 16.767605534466242, 54.154856859051378 ], [ 16.758568292755157, 54.157431474269259 ], [ 16.754624769099408, 54.164462154287321 ], [ 16.753967515156774, 54.165650438234039 ], [ 16.747887916187494, 54.172879165576546 ], [ 16.738029107048121, 54.176741088403361 ], [ 16.730635000193601, 54.179711798270148 ], [ 16.729484805794002, 54.183375673772517 ], [ 16.733592642935406, 54.186742478288195 ], [ 16.735235777791971, 54.188128809559359 ], [ 16.732771075507131, 54.202091145933252 ], [ 16.728005984423092, 54.202388216919928 ], [ 16.720776191054227, 54.20298235889328 ], [ 16.719133056197663, 54.208527683977948 ], [ 16.712724830257073, 54.213973985400386 ], [ 16.727184416994817, 54.224272446271911 ], [ 16.731785194593186, 54.231897268263324 ], [ 16.73885067447641, 54.231402149952189 ], [ 16.744765959960034, 54.230907031641053 ], [ 16.753474574699808, 54.23387774150784 ], [ 16.772041998578956, 54.24011623222809 ], [ 16.809176846337266, 54.243384013081553 ], [ 16.820514476847549, 54.246849841259461 ], [ 16.830373285986909, 54.246651793935015 ], [ 16.833330928728728, 54.246651793935015 ], [ 16.863893237060779, 54.261109248620031 ], [ 16.865043431460379, 54.276953034576209 ], [ 16.862907356146849, 54.288637826718897 ], [ 16.853048547007475, 54.307848417190769 ], [ 16.839574841183662, 54.314780073546601 ], [ 16.826265448845504, 54.316958594115576 ], [ 16.81509213182089, 54.318741020035645 ], [ 16.82035016336188, 54.326464865689289 ], [ 16.822814865646734, 54.330029717529428 ], [ 16.826429762331159, 54.343595959254401 ], [ 16.826922702788139, 54.34567545616116 ], [ 16.817392520620075, 54.358053413939416 ], [ 16.817392520620075, 54.358053413939416 ], [ 16.810327040736851, 54.361420218455109 ], [ 16.808848219365956, 54.367064567202007 ], [ 16.818378401534005, 54.368351874810941 ], [ 16.834152496157003, 54.37033234805547 ], [ 16.840889349068917, 54.374986460180097 ], [ 16.849433650323036, 54.374491341868961 ], [ 16.856992070663225, 54.381422998224792 ], [ 16.842203856954157, 54.397761902492107 ], [ 16.837438765870132, 54.40716915040359 ], [ 16.830537599472564, 54.411724238865986 ], [ 16.824458000503284, 54.415685185355031 ], [ 16.833166615243073, 54.424993409604298 ], [ 16.839574841183662, 54.432024089622345 ], [ 16.839903468154972, 54.439054769640407 ], [ 16.834645436613982, 54.443510834440588 ], [ 16.822979179132389, 54.453512224325422 ], [ 16.826758389302483, 54.458562431098954 ], [ 16.826922702788139, 54.458661454761184 ], [ 16.824786627474609, 54.462919472236905 ], [ 16.826265448845504, 54.465494087454786 ], [ 16.820514476847549, 54.472128672823942 ], [ 16.817063893648765, 54.470346246903873 ], [ 16.81640663970613, 54.469950152254967 ], [ 16.81509213182089, 54.472029649161712 ], [ 16.809505473308576, 54.480545684113153 ], [ 16.804576068738896, 54.480941778762059 ], [ 16.801454112511422, 54.481238849748735 ], [ 16.796853334913052, 54.484704677926658 ], [ 16.793238438228613, 54.487477340468985 ], [ 16.787651779716299, 54.486388080184497 ], [ 16.77910747846218, 54.484902725251104 ], [ 16.763004756867872, 54.487279293144539 ], [ 16.751831439843244, 54.498369943313861 ], [ 16.74016518236165, 54.516293226176799 ], [ 16.741151063275595, 54.522828787883725 ], [ 16.74312282510347, 54.524512190141564 ], [ 16.747230662244874, 54.527978018319473 ], [ 16.745094586931344, 54.53292920143079 ], [ 16.735893031734591, 54.53906866848881 ], [ 16.712396203285763, 54.554714407120542 ], [ 16.699086810947605, 54.569270885467773 ], [ 16.762676129896562, 54.569567956454463 ], [ 16.77910747846218, 54.573033784632372 ], [ 16.820514476847549, 54.581846890570503 ], [ 16.823143492618044, 54.582441032543855 ], [ 16.852555606550496, 54.588679523264105 ], [ 16.865372058431689, 54.589570736224132 ], [ 16.884103795796491, 54.59085804383308 ], [ 16.953115459772107, 54.613138367833955 ], [ 17.000437743641086, 54.637597212403819 ], [ 17.022127123747708, 54.651658572439928 ], [ 17.033464754257992, 54.658986323444665 ], [ 17.047102773567445, 54.667700405720566 ], [ 17.053675312993704, 54.669779902627312 ], [ 17.085223502239685, 54.67968226884993 ], [ 17.102805045204903, 54.685029546610139 ], [ 17.180196696948983, 54.708201083571055 ], [ 17.193506089287126, 54.712162030060099 ], [ 17.20057156917035, 54.714637621615751 ], [ 17.232941325844621, 54.726025342771763 ], [ 17.244443269840559, 54.730085312923038 ], [ 17.262189126291432, 54.732956999127595 ], [ 17.328900401467848, 54.743453507323565 ], [ 17.341059599406407, 54.747018359163704 ], [ 17.345989003976101, 54.748503714097097 ], [ 17.35453330523022, 54.749196879732679 ], [ 17.491242125296182, 54.75969338792865 ], [ 17.494528395009311, 54.760089482577555 ], [ 17.66656461449135, 54.783261019538472 ], [ 17.748064103376834, 54.800194065779138 ], [ 17.802451867129037, 54.806927674810524 ], [ 17.810996168383156, 54.808016935094997 ], [ 17.915499545260502, 54.825940217957935 ], [ 17.942775583879438, 54.828514833175817 ], [ 17.96775123369919, 54.830792377407022 ], [ 18.022796251394013, 54.832475779664861 ], [ 18.068804027377752, 54.833862110936025 ], [ 18.118591013531585, 54.833565039949349 ], [ 18.195161097847375, 54.833168945300443 ], [ 18.256942968454112, 54.834555276571606 ], [ 18.291284486956258, 54.835347465869418 ], [ 18.294899383640697, 54.835149418544972 ], [ 18.330062469571118, 54.832475779664861 ], [ 18.352573417106015, 54.821880247806661 ], [ 18.368347511729013, 54.814354449477477 ], [ 18.376727499497477, 54.81158178693515 ], [ 18.404989419030358, 54.801976491699207 ], [ 18.433251338563224, 54.788113178987544 ], [ 18.462499139010021, 54.779102025724967 ], [ 18.466606976151425, 54.777913741778264 ], [ 18.475808531348179, 54.774546937262571 ], [ 18.513929260020419, 54.760881671875367 ], [ 18.528553160243817, 54.754742204817347 ], [ 18.535290013155731, 54.750385163679397 ], [ 18.617118129012511, 54.725926319109533 ], [ 18.62040439872564, 54.722262443607164 ], [ 18.66345453196756, 54.708399130895501 ], [ 18.731808942000555, 54.67968226884993 ], [ 18.761056742447352, 54.664828719516009 ], [ 18.781924555125698, 54.654134163995579 ], [ 18.818237835455719, 54.629675319425729 ], [ 18.818566462427029, 54.629378248439053 ], [ 18.827439390652458, 54.616505172349648 ], [ 18.828425271566402, 54.607791090073746 ], [ 18.826782136709838, 54.605018427531419 ], [ 18.823824493968019, 54.600364315406793 ], [ 18.819880970312269, 54.597492629202236 ], [ 18.819388029855304, 54.59709653455333 ], [ 18.81560881968521, 54.594422895673219 ], [ 18.8152801927139, 54.594422895673219 ], [ 18.80952922071593, 54.593531682713191 ], [ 18.802135113861411, 54.599176031460075 ], [ 18.800820605976156, 54.600166268082333 ], [ 18.798684530662626, 54.606503782464813 ], [ 18.790797483351128, 54.60937546866937 ], [ 18.780117106783479, 54.613237391496185 ], [ 18.779131225869534, 54.615812006714066 ], [ 18.776502210099039, 54.622644639407667 ], [ 18.773873194328544, 54.6258133965989 ], [ 18.766150460502701, 54.635121620848167 ], [ 18.764671639131791, 54.636904046768237 ], [ 18.760399488504731, 54.640567922270606 ], [ 18.746597155709608, 54.65235173807551 ], [ 18.720142684518962, 54.674731085738614 ], [ 18.691387824529116, 54.690772919019253 ], [ 18.65638905208435, 54.701467474539683 ], [ 18.645544362031046, 54.704537208068686 ], [ 18.617118129012511, 54.720777088673771 ], [ 18.612681664899796, 54.724143893189463 ], [ 18.532989624356532, 54.748602737759313 ], [ 18.528388846758162, 54.750682234666073 ], [ 18.513929260020419, 54.756029512426281 ], [ 18.478930487575639, 54.767912351893415 ], [ 18.476301471805144, 54.768803564853457 ], [ 18.464799527809205, 54.772467440355825 ], [ 18.461020317639125, 54.773754747964759 ], [ 18.436208981305029, 54.782765901227336 ], [ 18.428979187936164, 54.785439540107447 ], [ 18.423556842909505, 54.782171759253984 ], [ 18.417312930454571, 54.77009087246239 ], [ 18.406796867372563, 54.758703151306392 ], [ 18.402853343716828, 54.754247086506211 ], [ 18.398088252632789, 54.749097856070449 ], [ 18.396280804290569, 54.739789631821196 ], [ 18.39480198291966, 54.732758951803135 ], [ 18.396938058233204, 54.727708745029602 ], [ 18.404989419030358, 54.725530224460627 ], [ 18.408932942686107, 54.724539987838369 ], [ 18.417970184397191, 54.722163419944934 ], [ 18.418956065311136, 54.721965372620488 ], [ 18.433744279020189, 54.713251290344587 ], [ 18.47038618632152, 54.694436794521621 ], [ 18.467099916608404, 54.686019783232396 ], [ 18.465949722208805, 54.683148097027839 ], [ 18.464470900837895, 54.662254104298128 ], [ 18.46677128963708, 54.659085347106895 ], [ 18.471043440264154, 54.653143927373321 ], [ 18.473343829063339, 54.649975170182088 ], [ 18.472029321178084, 54.644924963408556 ], [ 18.471865007692429, 54.644231797772974 ], [ 18.470057559350209, 54.637102094092683 ], [ 18.47038618632152, 54.635022597185937 ], [ 18.47071481329283, 54.633042123941408 ], [ 18.479094801061308, 54.630566532385757 ], [ 18.49963398676833, 54.632646029292516 ], [ 18.50242731602448, 54.632943100279192 ], [ 18.512943379106474, 54.63393333690145 ], [ 18.512286125163854, 54.629378248439053 ], [ 18.511793184706889, 54.626803633221172 ], [ 18.510807303792944, 54.620664166163152 ], [ 18.512614752135164, 54.614722746429578 ], [ 18.513600633049109, 54.611058870927209 ], [ 18.522309247788883, 54.600958457380145 ], [ 18.531182176014312, 54.59085804383308 ], [ 18.54169823909632, 54.5845205294506 ] ] ] } },
{ "type": "Feature", "properties": { "index": 1567, "nuts_2_code": "PL61", "nuts_2_name": "Kujawsko-pomorskie" }, "geometry": { "type": "Polygon", "coordinates": [ [ [ 18.761549682904317, 53.604879439047394 ], [ 18.764178698674826, 53.610127693145387 ], [ 18.769108103244506, 53.606364793980788 ], [ 18.831054287336897, 53.604681391722949 ], [ 18.890207142173139, 53.599532161287186 ], [ 18.907295744681377, 53.592699528593585 ], [ 18.905816923310468, 53.587055179846701 ], [ 18.903845161482593, 53.579628405179733 ], [ 18.906309863767447, 53.577746955597433 ], [ 18.914689851535911, 53.579826452504179 ], [ 18.918633375191661, 53.583589351668778 ], [ 18.926191795531835, 53.590917102673515 ], [ 18.968584674831149, 53.588441511117864 ], [ 18.978114856999198, 53.587847369144498 ], [ 18.981729753683638, 53.589629795064567 ], [ 18.993067384193921, 53.595274143811466 ], [ 19.010813240644794, 53.592501481269124 ], [ 19.016071272185783, 53.591709291971327 ], [ 19.045812013089559, 53.595868285784817 ], [ 19.053041806458438, 53.596858522407075 ], [ 19.088369205874514, 53.597155593393765 ], [ 19.127311501975043, 53.58863955844231 ], [ 19.129283263802918, 53.588243463793404 ], [ 19.155409108022255, 53.582103996735384 ], [ 19.162967528362444, 53.583589351668778 ], [ 19.175619666757967, 53.580618641801991 ], [ 19.197966300807209, 53.570716275579386 ], [ 19.196980419893265, 53.560714885694537 ], [ 19.193201209723185, 53.55348615835203 ], [ 19.190243566981366, 53.547742785942916 ], [ 19.195665912008025, 53.544574028751683 ], [ 19.203060018862558, 53.54566328903617 ], [ 19.207660796460928, 53.546356454671752 ], [ 19.218834113485542, 53.524274177995323 ], [ 19.210618439202733, 53.523581012359742 ], [ 19.205853348118708, 53.523184917710836 ], [ 19.191065134409655, 53.514668882759381 ], [ 19.190407880467021, 53.510905983594796 ], [ 19.201252570520339, 53.500904593709947 ], [ 19.214561962858483, 53.494270008340806 ], [ 19.223927831540891, 53.489615896216165 ], [ 19.223927831540891, 53.485159831415999 ], [ 19.223927831540891, 53.481099861264724 ], [ 19.229021549596226, 53.47535648885561 ], [ 19.235265462051174, 53.468523856162008 ], [ 19.23000743051017, 53.46287950741511 ], [ 19.224256458512201, 53.45664101669486 ], [ 19.23033605748148, 53.453274212179181 ], [ 19.236579969936415, 53.454165425139209 ], [ 19.242166628448729, 53.454957614437021 ], [ 19.243152509362673, 53.447035721458931 ], [ 19.244138390276603, 53.439707970454194 ], [ 19.248246227418008, 53.435152881991797 ], [ 19.252682691530723, 53.430399746204941 ], [ 19.246110152104478, 53.420992498293458 ], [ 19.241180747534798, 53.420398356320106 ], [ 19.234443894622885, 53.419606167022295 ], [ 19.235594089022484, 53.413763770950951 ], [ 19.246274465590133, 53.409406729813 ], [ 19.261062679299187, 53.396632677385824 ], [ 19.290474793231652, 53.387324453136571 ], [ 19.292610868545182, 53.39079028131448 ], [ 19.3034555585985, 53.398712174292569 ], [ 19.302633991170211, 53.401385813172681 ], [ 19.301812423741936, 53.404257499377238 ], [ 19.308877903625145, 53.411090132070839 ], [ 19.319229653221484, 53.410198919110812 ], [ 19.320872788078049, 53.409406729813 ], [ 19.329581402817837, 53.405346759661725 ], [ 19.360143711149888, 53.410892084746393 ], [ 19.368688012404007, 53.412476463342003 ], [ 19.380518583371256, 53.410892084746393 ], [ 19.388077003711444, 53.402078978808262 ], [ 19.389720138568009, 53.3969297483725 ], [ 19.392184840852849, 53.389205902718871 ], [ 19.394649543137689, 53.389106879056641 ], [ 19.395964051022943, 53.393166849207915 ], [ 19.396128364508598, 53.393562943856821 ], [ 19.406973054561902, 53.391780517936738 ], [ 19.412724026559872, 53.386037145527624 ], [ 19.41995381992875, 53.3787093945229 ], [ 19.434906347123459, 53.376530873953925 ], [ 19.442793394434958, 53.375441613669437 ], [ 19.436713795465678, 53.368906051962512 ], [ 19.428826748154179, 53.360489040673286 ], [ 19.430962823467709, 53.358805638415447 ], [ 19.457088667687046, 53.35999392236215 ], [ 19.461853758771085, 53.363558774202289 ], [ 19.471876881396113, 53.371084572531487 ], [ 19.480585496135888, 53.370787501544797 ], [ 19.480092555678922, 53.365341200122359 ], [ 19.479599615221943, 53.362172442931126 ], [ 19.483871765849017, 53.360290993348826 ], [ 19.487979602990421, 53.361281229971098 ], [ 19.49652390424454, 53.363261703215613 ], [ 19.504575265041694, 53.367717768015794 ], [ 19.509833296582684, 53.370688477882581 ], [ 19.518706224808128, 53.369896288584769 ], [ 19.518706224808128, 53.359795875037705 ], [ 19.527907780004867, 53.351774958397385 ], [ 19.522321121492567, 53.342169663161442 ], [ 19.521499554064278, 53.340585284565833 ], [ 19.519692105722058, 53.330484871018768 ], [ 19.586732007869799, 53.331871202289932 ], [ 19.593797487753008, 53.335039959481165 ], [ 19.603163356435417, 53.339297976956885 ], [ 19.608092761005096, 53.341476497525861 ], [ 19.611379030718226, 53.340189189916927 ], [ 19.6145009869457, 53.338802858645764 ], [ 19.618937451058414, 53.339694071605791 ], [ 19.633889978253123, 53.342565757810348 ], [ 19.642598592992911, 53.344150136405972 ], [ 19.672010706925363, 53.337515551036816 ], [ 19.689427936404925, 53.335337030467841 ], [ 19.688277742005326, 53.318007889578269 ], [ 19.687291861091396, 53.306026026448905 ], [ 19.705037717542268, 53.303748482217699 ], [ 19.718182796394757, 53.30206507995986 ], [ 19.716211034566882, 53.295529518252934 ], [ 19.714732213195987, 53.290479311479402 ], [ 19.718347109880412, 53.286815435977033 ], [ 19.719661617765667, 53.285627152030315 ], [ 19.723440827935761, 53.273645288900966 ], [ 19.712760451368112, 53.272655052278694 ], [ 19.712431824396802, 53.272556028616478 ], [ 19.69320714657502, 53.263445851691671 ], [ 19.684827158806556, 53.256910289984745 ], [ 19.689756563376235, 53.2529493434957 ], [ 19.69107107126149, 53.251860083211213 ], [ 19.69041381731887, 53.246215734464315 ], [ 19.689427936404925, 53.237402628526198 ], [ 19.692221265661075, 53.233045587388247 ], [ 19.700765566915209, 53.235818249930574 ], [ 19.713910645767697, 53.233243634712693 ], [ 19.742665505757543, 53.227500262303579 ], [ 19.743158446214508, 53.22373736313898 ], [ 19.743487073185818, 53.221261771583329 ], [ 19.747101969870258, 53.217498872418744 ], [ 19.751702747468627, 53.212745736631888 ], [ 19.745951775470658, 53.208784790142843 ], [ 19.737900414673504, 53.202843370409269 ], [ 19.742336878786219, 53.197793163635737 ], [ 19.745130208042383, 53.19472343010672 ], [ 19.744472954099749, 53.192742956862205 ], [ 19.742994132728853, 53.188484939386484 ], [ 19.747266283355913, 53.185910324168603 ], [ 19.749895299126408, 53.184424969235209 ], [ 19.748909418212477, 53.182246448666234 ], [ 19.748252164269843, 53.180860117395071 ], [ 19.761561556608001, 53.15174716070058 ], [ 19.732642383132514, 53.144518433358073 ], [ 19.711938883939823, 53.134616067135454 ], [ 19.710295749083258, 53.126595150495135 ], [ 19.709309868169328, 53.121643967383832 ], [ 19.698793805087334, 53.120257636112669 ], [ 19.69534322188855, 53.119762517801533 ], [ 19.685648726234831, 53.12263420400609 ], [ 19.682198143036047, 53.113722074405743 ], [ 19.673653841781928, 53.11243476679681 ], [ 19.668560123726593, 53.108473820307751 ], [ 19.666095421441739, 53.106592370725465 ], [ 19.65393622350318, 53.106988465374371 ], [ 19.651307207732685, 53.108770891294441 ], [ 19.646542116648661, 53.112236719472349 ], [ 19.642598592992911, 53.112038672147904 ], [ 19.635368799624032, 53.110949411863416 ], [ 19.638983696308472, 53.094313436609426 ], [ 19.642598592992911, 53.090946632093733 ], [ 19.645884862706026, 53.08767885124027 ], [ 19.647363684076936, 53.076687224733163 ], [ 19.654100536988835, 53.07351846754193 ], [ 19.659029941558529, 53.071240923310725 ], [ 19.65295034258925, 53.067775095132816 ], [ 19.646542116648661, 53.064012195968218 ], [ 19.646377803163006, 53.055100066367871 ], [ 19.649992699847431, 53.053614711434477 ], [ 19.65295034258925, 53.052426427487759 ], [ 19.65327896956056, 53.04628696042974 ], [ 19.65360759653187, 53.040444564358395 ], [ 19.661494643843369, 53.038860185762786 ], [ 19.672339333896687, 53.036780688856027 ], [ 19.681540889093426, 53.023412494455499 ], [ 19.687456174577051, 53.020540808250942 ], [ 19.679733440751207, 53.014896459504058 ], [ 19.677597365437677, 53.002122407076882 ], [ 19.670696199040123, 52.992913206489845 ], [ 19.666095421441739, 52.986872763094055 ], [ 19.672503647382342, 52.983010840267241 ], [ 19.678418932865966, 52.979346964764872 ], [ 19.684827158806556, 52.963008060497557 ], [ 19.681047948636461, 52.956472498790632 ], [ 19.659687195501149, 52.959542232319649 ], [ 19.647692311048246, 52.968949480231132 ], [ 19.635040172652722, 52.971028977137877 ], [ 19.623866855628094, 52.976574302222545 ], [ 19.593797487753008, 52.982119627307199 ], [ 19.557155580451678, 52.989051283663031 ], [ 19.560934790621772, 52.978950870115966 ], [ 19.567343016562361, 52.975088947289152 ], [ 19.583610051642324, 52.965186581066533 ], [ 19.582459857242739, 52.958551995697377 ], [ 19.575394377359515, 52.956274451466186 ], [ 19.54171011279999, 52.948055487501406 ], [ 19.527250526062247, 52.93726190831876 ], [ 19.487979602990421, 52.941024807483359 ], [ 19.483050198420727, 52.943698446363456 ], [ 19.45807454860099, 52.942114067767847 ], [ 19.446243977633742, 52.946570132568013 ], [ 19.444600842777177, 52.939044334238829 ], [ 19.451173382203422, 52.925577116176072 ], [ 19.457088667687046, 52.923002500958191 ], [ 19.467440417283385, 52.918249365171349 ], [ 19.466125909398144, 52.915872797277913 ], [ 19.464647088027235, 52.913100134735586 ], [ 19.460374937400175, 52.905376289081943 ], [ 19.487979602990421, 52.882006704796581 ], [ 19.489787051332627, 52.880521349863187 ], [ 19.492580380588791, 52.878144781969752 ], [ 19.508683102183099, 52.867846321098241 ], [ 19.510983490982284, 52.8650736585559 ], [ 19.516077209037633, 52.860221499106828 ], [ 19.491923126646171, 52.865568776867036 ], [ 19.487979602990421, 52.866459989827064 ], [ 19.474012956709643, 52.864281469258088 ], [ 19.466290222883799, 52.85883516783565 ], [ 19.465304341969855, 52.856557623604459 ], [ 19.467769044254709, 52.853883984724348 ], [ 19.470726686996514, 52.850715227533115 ], [ 19.468590611682984, 52.848734754288586 ], [ 19.444600842777177, 52.838337269754845 ], [ 19.436220855008713, 52.838535317079305 ], [ 19.428005180725904, 52.838733364403751 ], [ 19.42455459752712, 52.831207566074568 ], [ 19.4294840020968, 52.823285673096478 ], [ 19.42701929981196, 52.820017892243015 ], [ 19.423733030098845, 52.815561827442835 ], [ 19.436220855008713, 52.814967685469483 ], [ 19.451337695689077, 52.80536239023354 ], [ 19.455938473287461, 52.804867271922404 ], [ 19.46481140151289, 52.803877035300147 ], [ 19.46448277454158, 52.800807301771144 ], [ 19.464318461055925, 52.798529757539939 ], [ 19.463989834084614, 52.794271740064218 ], [ 19.468426298197329, 52.786547894410575 ], [ 19.479106674764978, 52.783379137219342 ], [ 19.487979602990421, 52.780705498339231 ], [ 19.492416067103136, 52.779418190730297 ], [ 19.492416067103136, 52.773476770996723 ], [ 19.503096443670785, 52.768228516898745 ], [ 19.50539683246997, 52.761296860542913 ], [ 19.50145330881422, 52.760306623920641 ], [ 19.49898860652938, 52.75961345828506 ], [ 19.501288995328565, 52.756543724756057 ], [ 19.49833135258676, 52.750503281360267 ], [ 19.512297998867538, 52.749215973751319 ], [ 19.522156808006912, 52.748225737129061 ], [ 19.518213284351162, 52.742680412044393 ], [ 19.510490550525319, 52.739709702177606 ], [ 19.501617622299875, 52.736342897661928 ], [ 19.499481546986345, 52.732679022159559 ], [ 19.503918011099074, 52.728520028346054 ], [ 19.503753697613405, 52.714458668309945 ], [ 19.508190161726134, 52.713270384363227 ], [ 19.519527792236403, 52.71029967449644 ], [ 19.525114450748717, 52.707130917305207 ], [ 19.525771704691337, 52.703764112789528 ], [ 19.495702336816251, 52.707328964629667 ], [ 19.490937245732226, 52.715250857607757 ], [ 19.490772932246571, 52.715349881269987 ], [ 19.487979602990421, 52.715944023243338 ], [ 19.46727610379773, 52.720202040719059 ], [ 19.45807454860099, 52.725054200168145 ], [ 19.442629080949303, 52.72267763227471 ], [ 19.440821632607083, 52.711785029429834 ], [ 19.445093783234142, 52.706734822656301 ], [ 19.445915350662432, 52.705744586034044 ], [ 19.444272215805867, 52.703467041802838 ], [ 19.437371049408299, 52.694257841215816 ], [ 19.436878108951333, 52.681285741464194 ], [ 19.438356930322243, 52.68138476512641 ], [ 19.443450648377578, 52.681978907099776 ], [ 19.449858874318181, 52.672571659188293 ], [ 19.446572604605052, 52.671383375241575 ], [ 19.441807513521027, 52.675740416379526 ], [ 19.435727914551748, 52.676631629339553 ], [ 19.435399287580424, 52.676631629339553 ], [ 19.42915537512549, 52.671977517214927 ], [ 19.416503236729966, 52.671185327917115 ], [ 19.408780502904122, 52.65682689689433 ], [ 19.402536590449188, 52.645142104751642 ], [ 19.391691900395884, 52.644250891791614 ], [ 19.38364053959873, 52.643557726156033 ], [ 19.373781730459356, 52.637121188111323 ], [ 19.367866444975732, 52.628308082173206 ], [ 19.393499348738089, 52.62187154412851 ], [ 19.401550709535243, 52.61989107088398 ], [ 19.426033418898029, 52.611474059594755 ], [ 19.416503236729966, 52.597412699558646 ], [ 19.407465995018867, 52.594640037016319 ], [ 19.396621304965564, 52.591372256162856 ], [ 19.395142483594654, 52.583153292198077 ], [ 19.394156602680724, 52.577409919788963 ], [ 19.389555825082354, 52.573151902313242 ], [ 19.377889567600761, 52.568794861175292 ], [ 19.364580175262603, 52.56820071920194 ], [ 19.341083346813761, 52.567012435255222 ], [ 19.347491572754365, 52.546217466187727 ], [ 19.34864176715395, 52.542256519698682 ], [ 19.354721366123229, 52.535720957991757 ], [ 19.34831314018264, 52.529680514595967 ], [ 19.346670005326075, 52.528096136000343 ], [ 19.336811196186702, 52.533542437422781 ], [ 19.320872788078049, 52.534334626720593 ], [ 19.321858668991993, 52.529977585582643 ], [ 19.333031986016607, 52.525323473458016 ], [ 19.359322143721599, 52.522352763591229 ], [ 19.38281897217044, 52.519778148373348 ], [ 19.395635424051633, 52.512846492017516 ], [ 19.378546821543381, 52.507994332568444 ], [ 19.365073115719568, 52.504132409741629 ], [ 19.354721366123229, 52.489575931394384 ], [ 19.355542933551519, 52.486704245189827 ], [ 19.356857441436759, 52.481356967429605 ], [ 19.34831314018264, 52.480069659820671 ], [ 19.337961390586301, 52.478485281225048 ], [ 19.332210418588332, 52.471850695855906 ], [ 19.331224537674387, 52.464225873864493 ], [ 19.331060224188732, 52.463631731891127 ], [ 19.317915145336244, 52.448877206219436 ], [ 19.298854781000117, 52.446005520014879 ], [ 19.293925376430437, 52.447193803961596 ], [ 19.284559507748028, 52.449669395517247 ], [ 19.26993560752463, 52.44867915889499 ], [ 19.259255230956981, 52.442638715499186 ], [ 19.262870127641406, 52.436004130130044 ], [ 19.281437551520568, 52.433231467587703 ], [ 19.287188523518523, 52.432340254627675 ], [ 19.296225765229622, 52.423428125027314 ], [ 19.297211646143552, 52.418873036564918 ], [ 19.293761062944782, 52.416991586982618 ], [ 19.292282241573872, 52.411248214573504 ], [ 19.290639106717308, 52.410059930626787 ], [ 19.282752059405809, 52.403722416244321 ], [ 19.289160285346398, 52.399068304119695 ], [ 19.289160285346398, 52.392730789737215 ], [ 19.27141442889554, 52.392433718750539 ], [ 19.259255230956981, 52.381541115905662 ], [ 19.251861124102447, 52.377382122092158 ], [ 19.239044672221254, 52.37015339474965 ], [ 19.234772521594195, 52.363122714731603 ], [ 19.219491367428176, 52.363914904029414 ], [ 19.211768633602333, 52.364310998678306 ], [ 19.208318050403548, 52.358666649931422 ], [ 19.210454125717078, 52.352923277522308 ], [ 19.213247454973242, 52.351140851602239 ], [ 19.223599204569581, 52.344506266233083 ], [ 19.218341173028577, 52.34123848537962 ], [ 19.204867467204764, 52.349160378357709 ], [ 19.204045899776489, 52.349655496668845 ], [ 19.203881586290834, 52.356191058375771 ], [ 19.199938062635084, 52.358567626269192 ], [ 19.186300043325616, 52.348764283708803 ], [ 19.185478475897341, 52.348566236384357 ], [ 19.163131841848099, 52.342228722001877 ], [ 19.148015001167721, 52.346189668490922 ], [ 19.127311501975043, 52.343119934961919 ], [ 19.125832680604134, 52.342921887637459 ], [ 19.109072705067206, 52.34579357384203 ], [ 19.107265256724986, 52.345991621166476 ], [ 19.098063701528233, 52.34727892877541 ], [ 19.07900333719212, 52.340743367068484 ], [ 19.073909619136771, 52.338960941148414 ], [ 19.071116289880621, 52.338762893823969 ], [ 19.059450032399027, 52.337970704526157 ], [ 19.059450032399027, 52.335891207619412 ], [ 19.059450032399027, 52.332821474090395 ], [ 19.047126520974814, 52.332821474090395 ], [ 19.028723410581321, 52.332722450428179 ], [ 19.024286946468592, 52.3350990183216 ], [ 19.018864601441948, 52.337970704526157 ], [ 19.017057153099728, 52.338267775512833 ], [ 19.006869716989044, 52.340050201432902 ], [ 19.007034030474699, 52.346288692153152 ], [ 19.007034030474699, 52.349061354695493 ], [ 18.998982669677545, 52.352923277522308 ], [ 18.985180336882422, 52.354408632455701 ], [ 18.969899182716389, 52.356092034713541 ], [ 18.969077615288114, 52.358666649931422 ], [ 18.968256047859825, 52.361142241487073 ], [ 18.973185452429519, 52.362825643744927 ], [ 18.978772110941833, 52.364806116989442 ], [ 18.974828587286083, 52.369262181789622 ], [ 18.974335646829104, 52.375203601523182 ], [ 18.966777226488929, 52.376787980118806 ], [ 18.952646266722496, 52.379560642661133 ], [ 18.943609025011398, 52.387680582963682 ], [ 18.939501187869993, 52.391641529452727 ], [ 18.920933763990845, 52.398870256795234 ], [ 18.924055720218306, 52.385700109719153 ], [ 18.925863168560525, 52.378075287727739 ], [ 18.919783569591246, 52.377382122092158 ], [ 18.912718089708036, 52.376688956456576 ], [ 18.911732208794092, 52.371638749683044 ], [ 18.911074954851472, 52.367677803193999 ], [ 18.908117312109653, 52.365598306287254 ], [ 18.88971420171616, 52.360647123175951 ], [ 18.88724949943132, 52.360944194162627 ], [ 18.877555003777601, 52.362330525433791 ], [ 18.867860508123883, 52.358666649931422 ], [ 18.864902865382078, 52.356290082038001 ], [ 18.856029937156634, 52.349160378357709 ], [ 18.832204481736497, 52.343912124259731 ], [ 18.823167240025398, 52.34747697609987 ], [ 18.812651176943405, 52.35163596991336 ], [ 18.781267301183064, 52.341535556366296 ], [ 18.779459852840844, 52.338267775512833 ], [ 18.777159464041659, 52.334603900010464 ], [ 18.766479087474011, 52.335594136632736 ], [ 18.763521444732191, 52.335792183957182 ], [ 18.759249294105132, 52.334207805361572 ], [ 18.755634397420692, 52.332821474090395 ], [ 18.752183814221922, 52.339852154108456 ], [ 18.752841068164543, 52.354012537806796 ], [ 18.753169695135853, 52.358666649931422 ], [ 18.753334008621508, 52.362033454447115 ], [ 18.748404604051828, 52.363221738393818 ], [ 18.744132453424768, 52.36421197501609 ], [ 18.740024616283364, 52.371242655034138 ], [ 18.739038735369419, 52.372926057291991 ], [ 18.738052854455489, 52.373124104616437 ], [ 18.73328776337145, 52.374312388563155 ], [ 18.731480315029231, 52.379560642661133 ], [ 18.730987374572265, 52.380748926607851 ], [ 18.726222283488241, 52.384610849434665 ], [ 18.718499549662397, 52.390750316492685 ], [ 18.717185041777142, 52.39322590804835 ], [ 18.713898772064027, 52.39926635144414 ], [ 18.696810169555775, 52.400256588066398 ], [ 18.681200388418432, 52.40114780102644 ], [ 18.682350582818032, 52.408178481044487 ], [ 18.682514896303687, 52.409861883302341 ], [ 18.679721567047537, 52.414912090075873 ], [ 18.677914118705317, 52.417981823604876 ], [ 18.678242745676627, 52.418476941916012 ], [ 18.684815285102871, 52.428082237151941 ], [ 18.672820400649968, 52.422239841080611 ], [ 18.671998833221693, 52.422338864742827 ], [ 18.657703559969605, 52.423626172351774 ], [ 18.649816512658106, 52.438083627036789 ], [ 18.649487885686781, 52.44253969183697 ], [ 18.648830631744161, 52.450461584815059 ], [ 18.637493001233892, 52.452144987072899 ], [ 18.608738141244046, 52.456303980886403 ], [ 18.597893451190743, 52.46531513414898 ], [ 18.592799733135394, 52.469474127962471 ], [ 18.590170717364899, 52.465909276122332 ], [ 18.587541701594404, 52.462047353295517 ], [ 18.561251543889398, 52.463928802877803 ], [ 18.561908797832032, 52.471454601207 ], [ 18.562237424803342, 52.474326287411557 ], [ 18.558293901147593, 52.484327677296392 ], [ 18.552871556120934, 52.484030606309716 ], [ 18.53775471544057, 52.483139393349674 ], [ 18.538904909840156, 52.490269097029966 ], [ 18.532496683899566, 52.492447617598941 ], [ 18.530689235557347, 52.49581442211462 ], [ 18.529539041157761, 52.497992942683595 ], [ 18.489939491114612, 52.504132409741629 ], [ 18.472193634663739, 52.490269097029966 ], [ 18.463485019923965, 52.48987300238106 ], [ 18.46578540872315, 52.48363451166081 ], [ 18.46644266266577, 52.482050133065187 ], [ 18.462663452495676, 52.476999926291654 ], [ 18.454119151241557, 52.478287233900602 ], [ 18.441302699360378, 52.480168683482901 ], [ 18.424871350794746, 52.47937649418509 ], [ 18.420106259710721, 52.475316524033815 ], [ 18.417970184397191, 52.4733360507893 ], [ 18.403346284173793, 52.471454601207 ], [ 18.398745506575409, 52.4733360507893 ], [ 18.398416879604099, 52.473534098113745 ], [ 18.397923939147134, 52.4733360507893 ], [ 18.3916800266922, 52.470266317260283 ], [ 18.3849431737803, 52.475910666007167 ], [ 18.385764741208575, 52.484228653634162 ], [ 18.38592905469423, 52.486308150540921 ], [ 18.381985531038481, 52.493635901545645 ], [ 18.376563186011822, 52.503340220443818 ], [ 18.38280709846677, 52.517005485831021 ], [ 18.386750622122506, 52.525521520782462 ], [ 18.384614546808976, 52.532057082489388 ], [ 18.377220439954456, 52.537503383911826 ], [ 18.35240910362036, 52.54334577998317 ], [ 18.340414219167457, 52.536711194614028 ], [ 18.340414219167457, 52.53126489319159 ], [ 18.342057354024021, 52.528789301635925 ], [ 18.345507937222806, 52.524036165849083 ], [ 18.343536175394931, 52.521461550631201 ], [ 18.310509164778026, 52.506806048621726 ], [ 18.278139408103755, 52.492546641261157 ], [ 18.272388436105786, 52.489080813083248 ], [ 18.260722178624206, 52.482050133065187 ], [ 18.246919845829083, 52.485515961243109 ], [ 18.240018679431515, 52.487298387163179 ], [ 18.228845362406901, 52.485020842931974 ], [ 18.219150866753182, 52.483040369687458 ], [ 18.204034026072804, 52.483931582647486 ], [ 18.200090502417055, 52.488882765758802 ], [ 18.201076383330999, 52.495517351127944 ], [ 18.20173363727362, 52.500765605225936 ], [ 18.19746148664656, 52.504528504390521 ], [ 18.187274050535876, 52.504132409741629 ], [ 18.182016018994872, 52.503934362417169 ], [ 18.156383115232515, 52.509281640177377 ], [ 18.132886286783673, 52.505815811999469 ], [ 18.124834925986519, 52.50819237989289 ], [ 18.123191791129955, 52.515124036248721 ], [ 18.1230274776443, 52.515718178222087 ], [ 18.12089140233077, 52.515520130897627 ], [ 18.106431815593027, 52.514133799626464 ], [ 18.091479288398304, 52.520372290346714 ], [ 18.092465169312248, 52.53106684586713 ], [ 18.100187903138092, 52.536018028978447 ], [ 18.106267502107372, 52.539978975467491 ], [ 18.104295740279497, 52.545227229565469 ], [ 18.095422812054053, 52.553149122543559 ], [ 18.066503638578567, 52.551564743947949 ], [ 18.062724428408472, 52.54968329436565 ], [ 18.058945218238378, 52.547702821121121 ], [ 18.057137769896158, 52.54334577998317 ], [ 18.039884853902265, 52.549089152392284 ], [ 18.023124878365323, 52.554733501139182 ], [ 18.004557454486175, 52.554931548463628 ], [ 17.999628049916481, 52.551564743947949 ], [ 17.998970795973861, 52.548197939432256 ], [ 17.998149228545586, 52.5434448036454 ], [ 17.995520212775077, 52.541860425049776 ], [ 17.988126105920557, 52.543741874632076 ], [ 17.987140225006613, 52.553347169868019 ], [ 17.987797478949247, 52.555327643112534 ], [ 17.990755121691052, 52.565230009335153 ], [ 17.987140225006613, 52.572953854988796 ], [ 17.983196701350863, 52.56622024595741 ], [ 17.980074745123403, 52.565725127646289 ], [ 17.972023384326249, 52.564536843699571 ], [ 17.970380249469684, 52.568398766526386 ], [ 17.967422606727865, 52.574934328233311 ], [ 17.955592035760617, 52.571567523717619 ], [ 17.948526555877407, 52.569587050473103 ], [ 17.946719107535188, 52.573547996962148 ], [ 17.944911659192968, 52.577706990775638 ], [ 17.932423834283099, 52.58483669445593 ], [ 17.929794818512605, 52.582460126562495 ], [ 17.92913756456997, 52.577310896126747 ], [ 17.928644624113005, 52.5722606893532 ], [ 17.906133676578108, 52.583846457833658 ], [ 17.903997601264578, 52.587807404322717 ], [ 17.908598378862948, 52.596422462936388 ], [ 17.908927005834258, 52.599096101816485 ], [ 17.910241513719512, 52.610483822972498 ], [ 17.899889764123174, 52.613454532839285 ], [ 17.898903883209229, 52.613751603825961 ], [ 17.893974478639549, 52.617613526652775 ], [ 17.875735681731712, 52.63217000500002 ], [ 17.864233737735773, 52.631080744715533 ], [ 17.843530238543096, 52.629298318795463 ], [ 17.828413397862718, 52.63415047824455 ], [ 17.825455755120913, 52.640587016289246 ], [ 17.825127128149589, 52.641478229249273 ], [ 17.786677772506039, 52.651479619134122 ], [ 17.78059817353676, 52.648013790956199 ], [ 17.77813347125192, 52.641280181924827 ], [ 17.776490336395355, 52.636923140786877 ], [ 17.762852317085887, 52.634942667542347 ], [ 17.759894674344082, 52.637715330084689 ], [ 17.765645646342051, 52.639497756004758 ], [ 17.761373495714992, 52.648607932929565 ], [ 17.761702122686302, 52.649697193214053 ], [ 17.763673884514176, 52.655836660272072 ], [ 17.73574059195262, 52.649598169551822 ], [ 17.717501795044782, 52.638903614031406 ], [ 17.722759826585772, 52.633556336271184 ], [ 17.736233532409585, 52.638804590369176 ], [ 17.743627639264119, 52.641775300235963 ], [ 17.747899789891179, 52.632764146973372 ], [ 17.725553155841936, 52.621475449479604 ], [ 17.704192402706624, 52.606423852821223 ], [ 17.698770057679965, 52.611474059594755 ], [ 17.689732815968881, 52.60325509562999 ], [ 17.679381066372542, 52.602759977318854 ], [ 17.675930483173758, 52.616326219043842 ], [ 17.681024201229107, 52.624347135684161 ], [ 17.682010082143037, 52.625832490617555 ], [ 17.678230871972943, 52.634744620217901 ], [ 17.675930483173758, 52.640487992627016 ], [ 17.676423423630723, 52.641478229249273 ], [ 17.680695574257783, 52.649697193214053 ], [ 17.667057554948329, 52.647815743631753 ], [ 17.646846996212616, 52.645142104751642 ], [ 17.635345052216678, 52.648013790956199 ], [ 17.633373290388803, 52.652865950405285 ], [ 17.631565842046584, 52.655242518298706 ], [ 17.636988187073243, 52.66296636395235 ], [ 17.638138381472828, 52.664550742547974 ], [ 17.637316814044553, 52.665640002832461 ], [ 17.631401528560929, 52.67356189581055 ], [ 17.632058782503549, 52.678315031597407 ], [ 17.639781516329393, 52.684553522317657 ], [ 17.646518369241292, 52.689900800077865 ], [ 17.638959948901118, 52.69396077022914 ], [ 17.627950945362144, 52.707328964629667 ], [ 17.613327045138746, 52.703368018140623 ], [ 17.581943169378405, 52.70435825476288 ], [ 17.579642780579221, 52.700397308273836 ], [ 17.574713376009541, 52.692376391633516 ], [ 17.556967519558668, 52.688613492468917 ], [ 17.55039498013241, 52.689999823740081 ], [ 17.54612282950535, 52.690891036700123 ], [ 17.530184421396697, 52.682771096397573 ], [ 17.527555405626202, 52.68148378878864 ], [ 17.523118941513488, 52.673066777499415 ], [ 17.507180533404835, 52.67346287214832 ], [ 17.50455151763434, 52.677720889624041 ], [ 17.500607993978591, 52.683761333019845 ], [ 17.485819780269523, 52.68762325584666 ], [ 17.483026451013373, 52.686930090211078 ], [ 17.483026451013373, 52.683464262033169 ], [ 17.483026451013373, 52.682077930761992 ], [ 17.47020999913218, 52.680790623153058 ], [ 17.475139403701874, 52.70435825476288 ], [ 17.478918613871969, 52.70623970434518 ], [ 17.485326839812558, 52.705447515047368 ], [ 17.494692708494966, 52.70435825476288 ], [ 17.499786426550301, 52.709903579847548 ], [ 17.485491153298213, 52.711487958443158 ], [ 17.480726062214188, 52.712082100416524 ], [ 17.480890375699843, 52.716835236203366 ], [ 17.483519391470338, 52.719409851421247 ], [ 17.487462915126088, 52.723469821572522 ], [ 17.486641347697812, 52.729312217643866 ], [ 17.458543741650601, 52.738917512879794 ], [ 17.439812004285784, 52.749909139386901 ], [ 17.430610449089045, 52.750701328684713 ], [ 17.419930072521382, 52.75169156530697 ], [ 17.410728517324642, 52.756939819404963 ], [ 17.408756755496768, 52.760999789556237 ], [ 17.413850473552102, 52.764564641396376 ], [ 17.409085382468078, 52.771892392401099 ], [ 17.412371652181207, 52.777932835796904 ], [ 17.410728517324642, 52.785260586801641 ], [ 17.43143201651732, 52.784765468490505 ], [ 17.434225345773484, 52.784666444828275 ], [ 17.441948079599314, 52.789518604277362 ], [ 17.452628456166977, 52.796252213308733 ], [ 17.458708055136256, 52.790409817237389 ], [ 17.462158638335026, 52.787043012721711 ], [ 17.50241544232081, 52.78674594173502 ], [ 17.508659354775745, 52.795361000348706 ], [ 17.506851906433525, 52.800807301771144 ], [ 17.506523279462215, 52.801896562055632 ], [ 17.505701712033925, 52.804570200935729 ], [ 17.507837787347455, 52.80714481615361 ], [ 17.518189536943794, 52.820017892243015 ], [ 17.520325612257324, 52.822790554785342 ], [ 17.513588759345424, 52.831504637061244 ], [ 17.513260132374114, 52.831999755372379 ], [ 17.515396207687644, 52.839921648350469 ], [ 17.513753072831079, 52.853586913737672 ], [ 17.519339731343393, 52.855171292333296 ], [ 17.523940508941763, 52.856557623604459 ], [ 17.526076584255293, 52.860518570093504 ], [ 17.524762076370052, 52.876758450698588 ], [ 17.527719719111857, 52.884086201703326 ], [ 17.518518163915118, 52.886759840583423 ], [ 17.518353850429449, 52.896761230468272 ], [ 17.512602878431494, 52.908842117259852 ], [ 17.511124057060584, 52.915872797277913 ], [ 17.514410326773714, 52.927953684069507 ], [ 17.499457799578991, 52.933598032816391 ], [ 17.485819780269523, 52.947758416514731 ], [ 17.477932732958024, 52.948451582150312 ], [ 17.463637459705936, 52.94973888975926 ], [ 17.444905722341133, 52.958155901048471 ], [ 17.410728517324642, 52.971425071786783 ], [ 17.403334410470109, 52.976079183911409 ], [ 17.394297168759024, 52.981723532658293 ], [ 17.378851701107337, 52.976772349546991 ], [ 17.369814459396238, 52.973900663342434 ], [ 17.317891397928889, 52.974494805315786 ], [ 17.317562770957565, 52.988655189014125 ], [ 17.302774557248512, 52.995685869032187 ], [ 17.31526238215838, 53.018065216695291 ], [ 17.324299623869479, 53.018560335006427 ], [ 17.330214909353103, 53.018857405993103 ], [ 17.334651373465817, 53.02598710967338 ], [ 17.336294508322382, 53.042524061265141 ], [ 17.330543536324413, 53.052129356501084 ], [ 17.330214909353103, 53.053317640447801 ], [ 17.323970996898169, 53.078271603328787 ], [ 17.335144313922783, 53.077974532342111 ], [ 17.338759210607222, 53.07955891093772 ], [ 17.357162321000715, 53.087183732929134 ], [ 17.360612904199499, 53.118079115543694 ], [ 17.358641142371624, 53.121643967383832 ], [ 17.35371173780193, 53.130655120646409 ], [ 17.366692503168778, 53.131744380930897 ], [ 17.384766986590961, 53.13332875952652 ], [ 17.389696391160641, 53.138477989962283 ], [ 17.389696391160641, 53.142537960113543 ], [ 17.375565431394207, 53.148083285198211 ], [ 17.358969769342934, 53.150558876753863 ], [ 17.355026245687185, 53.151153018727229 ], [ 17.35124703551709, 53.154717870567367 ], [ 17.340238031978132, 53.155708107189625 ], [ 17.345331750033466, 53.163233905518808 ], [ 17.337773329693277, 53.171749940470264 ], [ 17.336130194836727, 53.179077691475001 ], [ 17.337116075750657, 53.180860117395071 ], [ 17.341223912892062, 53.187791773750902 ], [ 17.345003123062156, 53.194129288133368 ], [ 17.344674496090846, 53.200169731529158 ], [ 17.337937643178947, 53.205120914640474 ], [ 17.333829806037528, 53.208190648169477 ], [ 17.321177667642004, 53.21145842902294 ], [ 17.322656489012914, 53.215518399174215 ], [ 17.330872163295723, 53.214627186214173 ], [ 17.334487059980162, 53.218192038054326 ], [ 17.370307399853218, 53.226708073005767 ], [ 17.3939685417877, 53.227104167654673 ], [ 17.406620680183238, 53.227302214979119 ], [ 17.417301056750887, 53.230966090481488 ], [ 17.414672040980392, 53.238788959797361 ], [ 17.413850473552102, 53.241264551353012 ], [ 17.418286937664831, 53.243046977273082 ], [ 17.426666925433295, 53.246413781788775 ], [ 17.424037909662786, 53.249978633628913 ], [ 17.421244580406636, 53.253939580117958 ], [ 17.438826123371854, 53.267505821842946 ], [ 17.435868480630035, 53.269684342411907 ], [ 17.418286937664831, 53.284042773434706 ], [ 17.411221457781608, 53.286320317665911 ], [ 17.406620680183238, 53.283844726110246 ], [ 17.405799112754949, 53.283448631461354 ], [ 17.39479010921599, 53.288993956546008 ], [ 17.394954422701645, 53.290380287817172 ], [ 17.395283049672955, 53.294638305292906 ], [ 17.387231688875801, 53.299391441079749 ], [ 17.385095613562271, 53.305431884475553 ], [ 17.378030133679047, 53.311472327871343 ], [ 17.368335638025343, 53.315631321684847 ], [ 17.355354872658495, 53.321077623107286 ], [ 17.35666938054375, 53.32672197185417 ], [ 17.356833694029405, 53.328009279463117 ], [ 17.35486193220153, 53.332465344263284 ], [ 17.346810571404376, 53.336030196103422 ], [ 17.343031361234281, 53.337713598361276 ], [ 17.340895285920752, 53.341575521188091 ], [ 17.337773329693277, 53.347318893597205 ], [ 17.317234143986255, 53.350289603463992 ], [ 17.293573002051758, 53.353656407979685 ], [ 17.257259721721738, 53.363360726877843 ], [ 17.256273840807808, 53.363756821526749 ], [ 17.255945213836497, 53.367024602380212 ], [ 17.249372674410239, 53.373263093100462 ], [ 17.247729539553688, 53.379897678469604 ], [ 17.258081289150027, 53.381085962416321 ], [ 17.266954217375456, 53.387918595109923 ], [ 17.28075655017058, 53.393959038505713 ], [ 17.289793791881664, 53.397919984994772 ], [ 17.295216136908323, 53.405247735999495 ], [ 17.293573002051758, 53.410000871786352 ], [ 17.291272613252573, 53.416437409831047 ], [ 17.298338093135797, 53.422378829564622 ], [ 17.304253378619421, 53.424854421120273 ], [ 17.327750207068249, 53.434756787342891 ], [ 17.334651373465817, 53.442678680320981 ], [ 17.340566658949442, 53.449511313014582 ], [ 17.370800340310183, 53.463671696712922 ], [ 17.381809343849142, 53.468919950810914 ], [ 17.39265403390246, 53.489417848891719 ], [ 17.390682272074585, 53.491002227487343 ], [ 17.394954422701645, 53.496349505247551 ], [ 17.394954422701645, 53.49823095482985 ], [ 17.394625795730335, 53.507638202741333 ], [ 17.402019902584854, 53.512094267541499 ], [ 17.402841470013144, 53.520709326155185 ], [ 17.409742636410698, 53.531205834351155 ], [ 17.415822235379977, 53.534176544217928 ], [ 17.421901834349256, 53.537147254084715 ], [ 17.421408893892291, 53.550416424823027 ], [ 17.420587326464016, 53.551505685107514 ], [ 17.414836354466047, 53.560219767383416 ], [ 17.418451251150486, 53.564576808521366 ], [ 17.417958310693507, 53.568636778672627 ], [ 17.423709282691476, 53.578638168557475 ], [ 17.422723401777546, 53.583589351668778 ], [ 17.429131627718135, 53.589332724077892 ], [ 17.446384543712043, 53.60101751622058 ], [ 17.462815892277661, 53.601413610869486 ], [ 17.4664307889621, 53.601512634531716 ], [ 17.497978978208081, 53.607652101589736 ], [ 17.499622113064646, 53.609038432860899 ], [ 17.507509160376145, 53.616069112878947 ], [ 17.512931505402804, 53.617356420487894 ], [ 17.51161699751755, 53.612999379349944 ], [ 17.523611881970453, 53.60547358102076 ], [ 17.527555405626202, 53.597551688042671 ], [ 17.529855794425387, 53.59289757591803 ], [ 17.54480832162011, 53.580420594477545 ], [ 17.577999645722656, 53.578638168557475 ], [ 17.593280799888689, 53.58863955844231 ], [ 17.604947057370282, 53.596264380433723 ], [ 17.649476011983111, 53.581707902086478 ], [ 17.650297579411387, 53.580519618139775 ], [ 17.656705805351976, 53.571112370228292 ], [ 17.669686570718824, 53.570716275579386 ], [ 17.673630094374573, 53.573092843472807 ], [ 17.672315586489319, 53.583490328006548 ], [ 17.666071674034384, 53.584876659277725 ], [ 17.659992075065105, 53.586163966886659 ], [ 17.656541491866321, 53.589530771402352 ], [ 17.658677567179851, 53.594382930851424 ], [ 17.667550495405294, 53.600126303260538 ], [ 17.678395185458598, 53.596561451420399 ], [ 17.687925367626661, 53.593392694229166 ], [ 17.730318246925961, 53.595076096487006 ], [ 17.734590397553021, 53.602601894816203 ], [ 17.73426177058171, 53.611216953429874 ], [ 17.724238647956682, 53.611018906105414 ], [ 17.716187287159528, 53.610919882443199 ], [ 17.718159048987403, 53.617158373163434 ], [ 17.712736703960744, 53.633695324755209 ], [ 17.726539036755867, 53.645776211546789 ], [ 17.737712353780495, 53.655678577769407 ], [ 17.736562159380895, 53.657956122000613 ], [ 17.734590397553021, 53.662610234125239 ], [ 17.743463325778464, 53.669442866818841 ], [ 17.741162936979279, 53.67746378345916 ], [ 17.753486448403493, 53.680137422339271 ], [ 17.758908793430138, 53.685484700099479 ], [ 17.759566047372772, 53.685385676437249 ], [ 17.764166824971142, 53.684989581788344 ], [ 17.765974273313361, 53.688455409966267 ], [ 17.765809959827706, 53.688851504615172 ], [ 17.764002511485486, 53.694297806037611 ], [ 17.772218185768295, 53.700041178446725 ], [ 17.790621296161788, 53.686276889397291 ], [ 17.799987164844197, 53.67924620937923 ], [ 17.808860093069626, 53.680236446001487 ], [ 17.814611065067595, 53.683999345166086 ], [ 17.826605949520498, 53.691822214481945 ], [ 17.843530238543096, 53.68994076489966 ], [ 17.854210615110745, 53.688851504615172 ], [ 17.868834515334143, 53.696674373931032 ], [ 17.873928233389492, 53.701823604366794 ], [ 17.878529010987862, 53.70657674015365 ], [ 17.883787042528866, 53.707269905789232 ], [ 17.893810165153894, 53.708656237060396 ], [ 17.893481538182584, 53.716875201025161 ], [ 17.902683093379324, 53.722222478785369 ], [ 17.892002716811675, 53.727272685558901 ], [ 17.889538014526835, 53.728460969505619 ], [ 17.876064308703022, 53.745195968421839 ], [ 17.865712559106683, 53.747374488990815 ], [ 17.861111781508299, 53.754999310982228 ], [ 17.867848634420213, 53.759158304795719 ], [ 17.901532898979738, 53.748067654626396 ], [ 17.925851294856855, 53.74955300955979 ], [ 17.935381477024904, 53.744502802786258 ], [ 17.948197928906097, 53.746186205044097 ], [ 17.954277527875377, 53.738759430377144 ], [ 17.97153044386927, 53.73737309910598 ], [ 17.978595923752493, 53.734402389239193 ], [ 17.984675522721773, 53.732025821345758 ], [ 17.991576689119327, 53.72499514132771 ], [ 18.013430382711604, 53.724400999354344 ], [ 18.026739775049762, 53.728361945843389 ], [ 18.031997806590766, 53.72499514132771 ], [ 18.045471512414565, 53.735293602199221 ], [ 18.04284249664407, 53.738660406714914 ], [ 18.04251386967276, 53.73915552502605 ], [ 18.046293079842854, 53.740838927283889 ], [ 18.050400916984259, 53.742720376866188 ], [ 18.056644829439193, 53.756880760564528 ], [ 18.057959337324448, 53.76014854141799 ], [ 18.060259726123633, 53.762723156635872 ], [ 18.070611475719971, 53.7742099014541 ], [ 18.072090297090881, 53.781042534147701 ], [ 18.093286736740524, 53.774903067089681 ], [ 18.098051827824563, 53.769951883978379 ], [ 18.099859276166768, 53.76816945805831 ], [ 18.102159664965967, 53.768268481720526 ], [ 18.108567890906556, 53.768565552707216 ], [ 18.108567890906556, 53.765495819178199 ], [ 18.108403577420901, 53.761039754378018 ], [ 18.111032593191396, 53.758762210146827 ], [ 18.121712969759045, 53.764109487907035 ], [ 18.131078838441454, 53.768763600031662 ], [ 18.149810575806256, 53.76807043439608 ], [ 18.152932532033731, 53.760346588742436 ], [ 18.155561547804226, 53.753612979711065 ], [ 18.168542313171073, 53.745988157719651 ], [ 18.178565435796102, 53.746384252368557 ], [ 18.180044257166998, 53.748661796599748 ], [ 18.183001899908817, 53.753513956048835 ], [ 18.19861168104616, 53.756187594928946 ], [ 18.20025481590271, 53.746582299693003 ], [ 18.20025481590271, 53.746384252368557 ], [ 18.195161097847375, 53.741433069257241 ], [ 18.196311292246975, 53.739353572350495 ], [ 18.204691280015439, 53.740541856297213 ], [ 18.210935192470373, 53.745493039408515 ], [ 18.218493612810562, 53.751335435479859 ], [ 18.220794001609747, 53.750048127870926 ], [ 18.220301061152767, 53.744502802786258 ], [ 18.219972434181457, 53.740640879959443 ], [ 18.228516735435591, 53.741334045595025 ], [ 18.23771829063233, 53.742621353203958 ], [ 18.255957087540168, 53.745294992084069 ], [ 18.266801777593486, 53.738957477701589 ], [ 18.27271706307711, 53.731728750359082 ], [ 18.267130404564796, 53.725391235976616 ], [ 18.27583901930457, 53.721232242163111 ], [ 18.272552749591455, 53.716578130038485 ], [ 18.266144523650851, 53.71449863313174 ], [ 18.255135520111892, 53.710933781291601 ], [ 18.263679821366011, 53.701031415068982 ], [ 18.295392324097662, 53.698258752526655 ], [ 18.316753077232974, 53.696377302944356 ], [ 18.336470695511707, 53.693406593077569 ], [ 18.346165191165426, 53.692020261806405 ], [ 18.355859686819144, 53.687564197006225 ], [ 18.375741618583547, 53.688851504615172 ], [ 18.401210208860263, 53.690534906873012 ], [ 18.404989419030358, 53.690732954197458 ], [ 18.418134497882846, 53.691624167157499 ], [ 18.419941946225066, 53.688851504615172 ], [ 18.420763513653341, 53.687663220668455 ], [ 18.428814874450495, 53.689049551939618 ], [ 18.453954837755902, 53.693208545753123 ], [ 18.454940718669832, 53.690237835886336 ], [ 18.456090913069431, 53.687168102357319 ], [ 18.462006198553055, 53.687168102357319 ], [ 18.46759285706537, 53.68964369391297 ], [ 18.46825011100799, 53.693010498428663 ], [ 18.469071678436279, 53.697565586891059 ], [ 18.473672456034649, 53.703011888313497 ], [ 18.496019090083891, 53.699645083797819 ], [ 18.515408081391328, 53.703110911975728 ], [ 18.522309247788883, 53.692119285468635 ], [ 18.517215529733548, 53.68994076489966 ], [ 18.513272006077798, 53.688257362641806 ], [ 18.514750827448694, 53.681721800934881 ], [ 18.530196295100382, 53.678156949094742 ], [ 18.529539041157761, 53.668452630196583 ], [ 18.542191179553285, 53.666076062303148 ], [ 18.550735480807404, 53.656173696080543 ], [ 18.560429976461123, 53.656965885378355 ], [ 18.58294092399602, 53.660332689894034 ], [ 18.581462102625125, 53.666472156952054 ], [ 18.57587544411281, 53.669343843156611 ], [ 18.568481337258277, 53.67320576598344 ], [ 18.575382503655845, 53.676869641485808 ], [ 18.591485225250153, 53.673997955281251 ], [ 18.608738141244046, 53.670928221752234 ], [ 18.631084775293289, 53.674889168241279 ], [ 18.641436524889627, 53.683108132206044 ], [ 18.656881992541315, 53.695189018997638 ], [ 18.663783158938884, 53.69598120829545 ], [ 18.668876876994219, 53.694099758713151 ], [ 18.676928237791373, 53.691228072508594 ], [ 18.679392940076212, 53.692911474766433 ], [ 18.687279987387711, 53.698456799851101 ], [ 18.696481542584465, 53.699942154784495 ], [ 18.695824288641845, 53.693604640402015 ], [ 18.69845330441234, 53.691228072508594 ], [ 18.699932125783249, 53.690534906873012 ], [ 18.708805054008678, 53.686672984046197 ], [ 18.719156803605017, 53.687960291655131 ], [ 18.727536791373481, 53.684197392490532 ], [ 18.736245406113269, 53.689049551939618 ], [ 18.741832064625584, 53.692218309130851 ], [ 18.744461080396079, 53.690336859548552 ], [ 18.748733231023138, 53.687465173343995 ], [ 18.751197933307978, 53.691426119833039 ], [ 18.752676754678888, 53.693505616739799 ], [ 18.765493206560066, 53.699447036473359 ], [ 18.782746122553974, 53.703407982962403 ], [ 18.788990035008908, 53.70212067535347 ], [ 18.770586924615415, 53.676473546836903 ], [ 18.752512441193232, 53.662412186800793 ], [ 18.748404604051828, 53.659243429609546 ], [ 18.740024616283364, 53.646469377182385 ], [ 18.740681870225984, 53.632507040808491 ], [ 18.761549682904317, 53.604879439047394 ] ], [ [ 17.705671224077534, 52.614642816785988 ], [ 17.705835537563189, 52.6154350060838 ], [ 17.70074181950784, 52.617118408341653 ], [ 17.701399073450474, 52.612761367203703 ], [ 17.70156338693613, 52.611870154243661 ], [ 17.70468534316359, 52.611077964945849 ], [ 17.705671224077534, 52.614642816785988 ] ], [ [ 17.424530850119766, 52.766545114640891 ], [ 17.419272818578762, 52.768129493236515 ], [ 17.415986548865632, 52.766248043654215 ], [ 17.421901834349256, 52.763475381111888 ], [ 17.424530850119766, 52.766545114640891 ] ] ] } },
{ "type": "Feature", "properties": { "index": 1570, "nuts_2_code": "PL71", "nuts_2_name": "Łódzkie" }, "geometry": { "type": "MultiPolygon", "coordinates": [ [ [ [ 19.936062478374893, 52.299747570906874 ], [ 19.940334629001953, 52.289053015386443 ], [ 19.949864811170016, 52.286676447493022 ], [ 19.95857342590979, 52.284299879599587 ], [ 19.959066366366756, 52.277863341554891 ], [ 19.959066366366756, 52.277566270568215 ], [ 19.965145965336049, 52.268357069981178 ], [ 19.987492599385291, 52.262316626585388 ], [ 20.009839233434533, 52.262019555598712 ], [ 20.017397653774722, 52.261821508274252 ], [ 20.04056585525224, 52.257563490798532 ], [ 20.039579974338309, 52.251225976416066 ], [ 20.038922720395675, 52.246769911615885 ], [ 20.049931723934648, 52.243898225411328 ], [ 20.070963850098636, 52.23825387666443 ], [ 20.0793438378671, 52.233302693553128 ], [ 20.068663461299451, 52.210527251241118 ], [ 20.063734056729771, 52.199634648396241 ], [ 20.062419548844517, 52.19082154245811 ], [ 20.071785417526925, 52.182503554831115 ], [ 20.078522270438825, 52.176364087773095 ], [ 20.081315599694975, 52.174779709177486 ], [ 20.087395198664254, 52.16824414747056 ], [ 20.086902258207289, 52.162599798723662 ], [ 20.086573631235979, 52.158440804910171 ], [ 20.090845781863038, 52.152598408838827 ], [ 20.110892027113096, 52.147746249389741 ], [ 20.11467123728319, 52.146855036429713 ], [ 20.11467123728319, 52.146656989105253 ], [ 20.115492804711465, 52.143785302900696 ], [ 20.129788077963568, 52.146062847131901 ], [ 20.159693132352999, 52.150915006580973 ], [ 20.163143715551769, 52.147845273051971 ], [ 20.163800969494403, 52.144280421211832 ], [ 20.164622536922678, 52.139329238100515 ], [ 20.201100130738354, 52.115464535504017 ], [ 20.211123253363382, 52.117643056072993 ], [ 20.213752269133877, 52.118237198046359 ], [ 20.251872997806117, 52.117246961424087 ], [ 20.256145148433191, 52.109226044783782 ], [ 20.257131029347121, 52.107344595201482 ], [ 20.260910239517216, 52.105166074632507 ], [ 20.267647092429115, 52.101106104481232 ], [ 20.270111794713969, 52.094867613760982 ], [ 20.268797286828715, 52.07763749653364 ], [ 20.256638088890156, 52.075657023289111 ], [ 20.244478890951598, 52.073676550044596 ], [ 20.248586728093002, 52.067438059324346 ], [ 20.248751041578657, 52.065556609742046 ], [ 20.249079668549967, 52.05912007169735 ], [ 20.253023192205717, 52.055357172532752 ], [ 20.238399291982319, 52.04684113758131 ], [ 20.208001297135922, 52.029313949367278 ], [ 20.201428757709664, 52.029710044016184 ], [ 20.201593071195319, 52.022877411322582 ], [ 20.233962827869604, 52.002577560566223 ], [ 20.247929474150382, 52.002082442255087 ], [ 20.256145148433191, 52.001884394930642 ], [ 20.26830434637175, 51.982277709809864 ], [ 20.273726691398394, 51.973761674858409 ], [ 20.274055318369719, 51.973563627533963 ], [ 20.282763933109493, 51.968414397098201 ], [ 20.255980834947536, 51.956234486644391 ], [ 20.246286339293817, 51.95187744550644 ], [ 20.242671442609378, 51.934548304616868 ], [ 20.264525136201655, 51.931379547425621 ], [ 20.270604735170934, 51.935439517576896 ], [ 20.274219631855374, 51.936132683212477 ], [ 20.289993726478357, 51.939301440403725 ], [ 20.307575269443575, 51.935340493914666 ], [ 20.311518793099324, 51.930389310803363 ], [ 20.311683106584979, 51.921873275851922 ], [ 20.311683106584979, 51.920982062891881 ], [ 20.305110567158735, 51.913852359211603 ], [ 20.318584272982548, 51.912862122589345 ], [ 20.323020737095263, 51.917120140065066 ], [ 20.326964260751012, 51.920883039229651 ], [ 20.333865427148567, 51.920784015567435 ], [ 20.35013246222853, 51.920486944580745 ], [ 20.360812838796193, 51.926428364314319 ], [ 20.372807723249096, 51.926230316989873 ], [ 20.380366143589285, 51.93524147025245 ], [ 20.379215949189685, 51.936033659550262 ], [ 20.375765365990901, 51.938410227443683 ], [ 20.380201830103616, 51.941083866323794 ], [ 20.388746131357749, 51.940291677025982 ], [ 20.392689655013498, 51.937618038145871 ], [ 20.401726896724583, 51.931181500101175 ], [ 20.416186483462326, 51.93345904433238 ], [ 20.419472753175455, 51.938014132794777 ], [ 20.42325196334555, 51.943163363230539 ], [ 20.431303324142704, 51.9395985113904 ], [ 20.445762910880447, 51.940984842661564 ], [ 20.445269970423482, 51.939004369417034 ], [ 20.45463583910589, 51.934251233630178 ], [ 20.474846397841603, 51.930686381790039 ], [ 20.478625608011697, 51.920982062891881 ], [ 20.487005595780161, 51.918704518660675 ], [ 20.489963238521966, 51.910287507371464 ], [ 20.487498536237126, 51.906821679193541 ], [ 20.481583250753502, 51.899097833539898 ], [ 20.497850285833465, 51.890284727601781 ], [ 20.508694975886783, 51.893552508455244 ], [ 20.510009483772023, 51.89394860310415 ], [ 20.518882411997467, 51.892364224508526 ], [ 20.566861949809081, 51.887314017734994 ], [ 20.567683517237356, 51.880580408703622 ], [ 20.568340771179976, 51.875134107281184 ], [ 20.57639213197713, 51.872262421076627 ], [ 20.583293298374699, 51.869687805858746 ], [ 20.590523091743563, 51.860775676258385 ], [ 20.590687405229218, 51.858498132027194 ], [ 20.591508972657508, 51.849982097075738 ], [ 20.598081512083752, 51.849784049751293 ], [ 20.605475618938286, 51.849586002426832 ], [ 20.600381900882937, 51.843644582693273 ], [ 20.597095631169822, 51.839881683528674 ], [ 20.599231706483351, 51.829286151670473 ], [ 20.605804245909596, 51.828493962372661 ], [ 20.617799130362499, 51.827107631101498 ], [ 20.618292070819464, 51.820671093056802 ], [ 20.605804245909596, 51.816512099243297 ], [ 20.589537210829633, 51.818690619812273 ], [ 20.572612921807035, 51.820968164043478 ], [ 20.562589799182007, 51.820770116719032 ], [ 20.558481962040602, 51.817601359527785 ], [ 20.561439604782421, 51.812452129092037 ], [ 20.576227818491475, 51.810669703171968 ], [ 20.581650163518134, 51.810075561198602 ], [ 20.580007028661569, 51.794132751580193 ], [ 20.579842715175914, 51.793142514957935 ], [ 20.580335655632879, 51.792548372984584 ], [ 20.585593687173883, 51.785616716628752 ], [ 20.585593687173883, 51.779477249570732 ], [ 20.592166226600128, 51.776011421392809 ], [ 20.594302301913658, 51.770268048983695 ], [ 20.586908195059138, 51.763138345303418 ], [ 20.584114865802974, 51.760464706423306 ], [ 20.582964671403388, 51.7494730799162 ], [ 20.585758000659538, 51.746898464698333 ], [ 20.601860722253846, 51.746403346387197 ], [ 20.611226590936255, 51.744224825818222 ], [ 20.633737538471152, 51.738877548058014 ], [ 20.637845375612557, 51.73729316946239 ], [ 20.640310077897396, 51.732143939026628 ], [ 20.647211244294965, 51.730658584093234 ], [ 20.651812021893335, 51.727489826902001 ], [ 20.657562993891304, 51.723429856750727 ], [ 20.654933978120795, 51.714319679825934 ], [ 20.659041815262214, 51.699664177816459 ], [ 20.65411241069252, 51.680255540020141 ], [ 20.651812021893335, 51.67758190114003 ], [ 20.641460272296996, 51.676393617193312 ], [ 20.639159883497811, 51.676096546206637 ], [ 20.624864610245709, 51.668174653228547 ], [ 20.623550102360468, 51.664213706739503 ], [ 20.621578340532594, 51.657876192357023 ], [ 20.594302301913658, 51.658272287005929 ], [ 20.583621925346009, 51.662728351806109 ], [ 20.57573487803451, 51.663619564766137 ], [ 20.536628268448325, 51.668471724215223 ], [ 20.533177685249555, 51.667877582241871 ], [ 20.524140443538457, 51.666293203646248 ], [ 20.522332995196237, 51.674512167611013 ], [ 20.522168681710582, 51.675700451557731 ], [ 20.520689860339687, 51.675502404233285 ], [ 20.515760455769993, 51.674908262259919 ], [ 20.514610261370393, 51.6793643270601 ], [ 20.512967126513843, 51.685305746793674 ], [ 20.502122436460525, 51.684810628482538 ], [ 20.487827163208436, 51.684216486509186 ], [ 20.471067187671508, 51.690752048216112 ], [ 20.470738560700198, 51.691049119202788 ], [ 20.465973469616159, 51.69619834963855 ], [ 20.451020942421451, 51.690355953567206 ], [ 20.449706434536196, 51.688078409336001 ], [ 20.449049180593576, 51.686890125389283 ], [ 20.448063299679632, 51.687484267362649 ], [ 20.441819387224697, 51.691346190189464 ], [ 20.437875863568948, 51.688276456660446 ], [ 20.440997819796422, 51.684711604820308 ], [ 20.440997819796422, 51.684711604820308 ], [ 20.437547236597638, 51.681146752980169 ], [ 20.418815499232835, 51.676393617193312 ], [ 20.398769253982778, 51.67124438675755 ], [ 20.391210833642589, 51.659361547290416 ], [ 20.392853968499153, 51.654509387841344 ], [ 20.394990043812683, 51.648072849796634 ], [ 20.384966921187655, 51.641636311751938 ], [ 20.392525341527843, 51.635991963005054 ], [ 20.413557467691831, 51.633714418773849 ], [ 20.418158245290201, 51.629357377635898 ], [ 20.4193084396898, 51.620346224373321 ], [ 20.424895098202114, 51.61163214209742 ], [ 20.416350796947995, 51.605096580390494 ], [ 20.42029432060373, 51.600145397279192 ], [ 20.423087649859895, 51.599947349954732 ], [ 20.428017054429574, 51.599650278968056 ], [ 20.431960578085324, 51.595491285154552 ], [ 20.436889982655018, 51.583113327376296 ], [ 20.435904101741073, 51.578657262576115 ], [ 20.434918220827143, 51.574795339749301 ], [ 20.442148014196007, 51.571824629882514 ], [ 20.452335450306691, 51.573012913829231 ], [ 20.45956524367557, 51.573805103127029 ], [ 20.467616604472724, 51.55984276675315 ], [ 20.466795037044449, 51.555089630966293 ], [ 20.462522886417389, 51.550336495179437 ], [ 20.45677191441942, 51.543899957134741 ], [ 20.450528001964486, 51.519045017915971 ], [ 20.451020942421451, 51.506667060137715 ], [ 20.456443287448096, 51.501913924350859 ], [ 20.492920881263785, 51.500725640404141 ], [ 20.4973573453765, 51.503399279284253 ], [ 20.50228674994618, 51.506369989151025 ], [ 20.518882411997467, 51.509142651693367 ], [ 20.521675741253617, 51.490031084883725 ], [ 20.522661622167561, 51.483792594163475 ], [ 20.523647503081492, 51.483495523176799 ], [ 20.526276518851986, 51.482505286554527 ], [ 20.526769459308966, 51.472602920331923 ], [ 20.527098086280276, 51.467849784545066 ], [ 20.527098086280276, 51.467354666233931 ], [ 20.532849058278245, 51.462007388473722 ], [ 20.527426713251586, 51.462304459460398 ], [ 20.524469070509767, 51.456561087051284 ], [ 20.512802813028188, 51.451213809291076 ], [ 20.508530662401114, 51.450421619993264 ], [ 20.49834322629043, 51.448441146748735 ], [ 20.4973573453765, 51.444975318570826 ], [ 20.49670009143388, 51.442301679690715 ], [ 20.490291865493276, 51.440618277432876 ], [ 20.487334222751471, 51.439925111797294 ], [ 20.485855401380562, 51.431904195156974 ], [ 20.487498536237126, 51.429725674587999 ], [ 20.491935000349841, 51.424180349503331 ], [ 20.482404818181777, 51.411307273413939 ], [ 20.473367576470693, 51.408732658196058 ], [ 20.456936227905075, 51.40932680016941 ], [ 20.456936227905075, 51.40932680016941 ], [ 20.450528001964486, 51.41368384130736 ], [ 20.447570359222667, 51.407544374249341 ], [ 20.442476641167332, 51.396849818728924 ], [ 20.440011938882478, 51.393879108862137 ], [ 20.434918220827143, 51.388234760115253 ], [ 20.429331562314829, 51.373579258105778 ], [ 20.427195487001299, 51.367934909358894 ], [ 20.424895098202114, 51.365162246816553 ], [ 20.42210176894595, 51.361597394976414 ], [ 20.423087649859895, 51.354962809607258 ], [ 20.429002935343519, 51.349318460860374 ], [ 20.432782145513613, 51.339416094637755 ], [ 20.432124891570979, 51.335158077162035 ], [ 20.425059411687769, 51.33307858025529 ], [ 20.421608828488985, 51.326642042210594 ], [ 20.415693543005361, 51.326344971223904 ], [ 20.409613944036082, 51.326146923899458 ], [ 20.411750019349611, 51.323374261357131 ], [ 20.413393154206176, 51.321294764450371 ], [ 20.411257078892646, 51.319215267543626 ], [ 20.403205718095492, 51.31901722021918 ], [ 20.386281429072909, 51.31872014923249 ], [ 20.365742243365872, 51.309609972307697 ], [ 20.37938026267534, 51.288319884929066 ], [ 20.389403385300369, 51.272575122635118 ], [ 20.384802607701999, 51.263762016696987 ], [ 20.382830845874125, 51.263068851061405 ], [ 20.375929679476556, 51.26098935415466 ], [ 20.377901441304431, 51.253166484838786 ], [ 20.379708889646651, 51.245937757496279 ], [ 20.370178707478587, 51.237421722544838 ], [ 20.359991271367903, 51.241580716358328 ], [ 20.355719120740844, 51.24692799411855 ], [ 20.352761477999039, 51.250492845958689 ], [ 20.331729351835037, 51.256533289354479 ], [ 20.319570153896478, 51.249700656660877 ], [ 20.308232523386209, 51.243363142278398 ], [ 20.275534139740614, 51.245046544536251 ], [ 20.261238866488526, 51.251384058918717 ], [ 20.261896120431146, 51.253661603149922 ], [ 20.262389060888125, 51.255444029069992 ], [ 20.259924358603286, 51.258018644287873 ], [ 20.241028307752813, 51.255543052732222 ], [ 20.244971831408563, 51.25286941385211 ], [ 20.244478890951598, 51.250789916945365 ], [ 20.243657323523308, 51.247027017780766 ], [ 20.242835756095033, 51.243462165940628 ], [ 20.246122025808162, 51.24247192931837 ], [ 20.252037311291787, 51.24049145607384 ], [ 20.254994954033592, 51.23643148592258 ], [ 20.253351819177027, 51.228707640268937 ], [ 20.252037311291787, 51.222469149548687 ], [ 20.257952596775411, 51.220191605317481 ], [ 20.263703568773366, 51.218013084748506 ], [ 20.251544370834807, 51.207516576552536 ], [ 20.241356934724124, 51.20741755289032 ], [ 20.237413411068374, 51.20731852922809 ], [ 20.234784395297879, 51.204248795699073 ], [ 20.232155379527384, 51.20108003850784 ], [ 20.218353046732261, 51.199495659912216 ], [ 20.216874225361352, 51.202565393441233 ], [ 20.213752269133877, 51.208803884161483 ], [ 20.207836983650267, 51.203555630063491 ], [ 20.203729146508849, 51.199792730898906 ], [ 20.198635428453514, 51.204545866685763 ], [ 20.197649547539569, 51.20543707964579 ], [ 20.180232318060021, 51.206526339930278 ], [ 20.179082123660422, 51.200881991183394 ], [ 20.178260556232146, 51.196128855396537 ], [ 20.170044881949337, 51.196822021032119 ], [ 20.160021759324309, 51.197614210329931 ], [ 20.1573927435538, 51.195336666098726 ], [ 20.15492804126896, 51.19325716919198 ], [ 20.11680731259672, 51.190682553974099 ], [ 20.067841893871176, 51.195831784409862 ], [ 20.059133279131387, 51.19325716919198 ], [ 20.058147398217457, 51.198802494276634 ], [ 20.058147398217457, 51.19919858892554 ], [ 20.048945843020704, 51.202070275130097 ], [ 20.015261578461192, 51.196425926383213 ], [ 19.993900825325881, 51.183948944942713 ], [ 20.013289816633318, 51.17048172687997 ], [ 20.023970193200967, 51.163054952213002 ], [ 20.019862356059562, 51.155034035572683 ], [ 20.011810995262408, 51.153449656977074 ], [ 20.009839233434533, 51.153053562328168 ], [ 19.990943182584061, 51.140378533563222 ], [ 19.992257690469316, 51.138200012994247 ], [ 19.993736511840225, 51.135625397776366 ], [ 19.990121615155786, 51.13334785354516 ], [ 19.987985539842256, 51.131961522273997 ], [ 19.989300047727511, 51.121663061402472 ], [ 19.992093376983661, 51.100670045010531 ], [ 19.986671031957002, 51.083340904120959 ], [ 19.983877702700852, 51.074428774520612 ], [ 20.003923947950909, 51.072448301276083 ], [ 20.04089448222355, 51.068883449435944 ], [ 20.045988200278899, 51.061852769417882 ], [ 20.051574858791213, 51.062743982377924 ], [ 20.055025441989983, 51.057990846591068 ], [ 20.050096037420303, 51.054128923764253 ], [ 20.048617216049394, 51.052841616155305 ], [ 20.048781529535049, 51.046207030786164 ], [ 20.050096037420303, 51.016598955780537 ], [ 20.042701930565769, 51.002636619406658 ], [ 20.041387422680529, 51.001547359122171 ], [ 20.033171748397706, 50.995209844739691 ], [ 20.03448625628296, 50.991446945575106 ], [ 20.039415660852654, 50.990159637966158 ], [ 20.03629370462518, 50.97431585200998 ], [ 20.026927835942772, 50.971741236792099 ], [ 20.017726280746032, 50.962234965218386 ], [ 19.958080485452825, 50.990555732615064 ], [ 19.95725891802455, 51.004022950677822 ], [ 19.948385989799107, 51.012340938304817 ], [ 19.937048359288838, 51.010855583371423 ], [ 19.935733851403583, 51.024223777771951 ], [ 19.898270376673963, 51.028580818909901 ], [ 19.88446804387884, 51.047593362057327 ], [ 19.876745310052996, 51.047593362057327 ], [ 19.872801786397247, 51.039968540065914 ], [ 19.864750425600093, 51.030165197505525 ], [ 19.867379441370602, 51.023134517487463 ], [ 19.860971215430013, 51.016103837469416 ], [ 19.862450036800908, 51.004617092651173 ], [ 19.8474975096062, 50.994120584455203 ], [ 19.829094399212707, 50.968869550587542 ], [ 19.834681057725007, 50.949361889128994 ], [ 19.84355398595045, 50.944905824328814 ], [ 19.848319077034475, 50.935399552755101 ], [ 19.845525747778325, 50.930250322319353 ], [ 19.833695176811077, 50.916882127918825 ], [ 19.808390900020015, 50.907177809020652 ], [ 19.794752880710561, 50.907078785358436 ], [ 19.785715638999463, 50.886976981926523 ], [ 19.777171337745344, 50.884303343046412 ], [ 19.77404938151787, 50.877965828663946 ], [ 19.760082735237091, 50.872222456254832 ], [ 19.747101969870258, 50.865983965534582 ], [ 19.743158446214508, 50.8528138184585 ], [ 19.72984905387635, 50.849447013942822 ], [ 19.726069843706256, 50.843505594209248 ], [ 19.685155785777866, 50.844990949142641 ], [ 19.661330330357714, 50.854497220716354 ], [ 19.658537001101564, 50.863310326654471 ], [ 19.658865628072874, 50.866677131170164 ], [ 19.659687195501149, 50.874995118797159 ], [ 19.638819382822817, 50.879649230921785 ], [ 19.623209601685474, 50.878857041623974 ], [ 19.613515106031755, 50.878361923312852 ], [ 19.607764134033786, 50.884501390370872 ], [ 19.593797487753008, 50.899354939704793 ], [ 19.577530452673045, 50.907177809020652 ], [ 19.566357135648431, 50.907771950994018 ], [ 19.553047743310273, 50.900543223651511 ], [ 19.526428958633971, 50.894304732931261 ], [ 19.514105447209758, 50.884798461357548 ], [ 19.509176042640064, 50.881035562192949 ], [ 19.50326075715644, 50.883115059099708 ], [ 19.502110562756855, 50.883511153748614 ], [ 19.50145330881422, 50.883115059099708 ], [ 19.49685253121585, 50.880045325570691 ], [ 19.487979602990421, 50.879847278246245 ], [ 19.468919238654294, 50.887670147562105 ], [ 19.472534135338734, 50.892126212362285 ], [ 19.472862762310044, 50.892522307011191 ], [ 19.470891000482169, 50.893908638282355 ], [ 19.46415414757027, 50.898364703082535 ], [ 19.46333258014198, 50.908663163954046 ], [ 19.464975714998545, 50.909653400576303 ], [ 19.46727610379773, 50.911039731847481 ], [ 19.469083552139949, 50.916287985945459 ], [ 19.463496893627635, 50.927378636114796 ], [ 19.454623965402206, 50.931636653590516 ], [ 19.448051425975962, 50.934805410781749 ], [ 19.437535362893954, 50.944806800666584 ], [ 19.434413406666494, 50.954511119564756 ], [ 19.430962823467709, 50.965007627760727 ], [ 19.415681669301691, 50.97431585200998 ], [ 19.411573832160272, 50.97421682834775 ], [ 19.411409518674617, 50.97421682834775 ], [ 19.410095010789377, 50.971147094818747 ], [ 19.404672665762718, 50.974810970321116 ], [ 19.407137368047557, 50.977583632863443 ], [ 19.410095010789377, 50.98065336639246 ], [ 19.400564828621313, 50.994516679104109 ], [ 19.390377392510629, 51.000854193486589 ], [ 19.380682896856911, 50.996200081361962 ], [ 19.378711135029036, 50.995209844739691 ], [ 19.356364500979794, 50.993031324170715 ], [ 19.352749604295354, 50.996101057699732 ], [ 19.357186068408069, 51.001349311797711 ], [ 19.360143711149888, 51.004815139975634 ], [ 19.346670005326075, 51.010855583371423 ], [ 19.339604525442866, 51.011647772669235 ], [ 19.327445327504307, 51.013133127602629 ], [ 19.325802192647743, 51.017985287051701 ], [ 19.319558280192808, 51.020658925931812 ], [ 19.319393966707153, 51.027491558625414 ], [ 19.325309252190763, 51.033631025683434 ], [ 19.330895910703077, 51.039275374430332 ], [ 19.321201415049359, 51.046108007123934 ], [ 19.31265711379524, 51.047395314732867 ], [ 19.301976737227591, 51.043731439230498 ], [ 19.289817539289032, 51.04472167585277 ], [ 19.279958730149659, 51.039770492741454 ], [ 19.264841889469281, 51.03214567075004 ], [ 19.260405425356566, 51.0323437180745 ], [ 19.253339945473357, 51.037591972172478 ], [ 19.251368183645482, 51.039077327105872 ], [ 19.242988195877004, 51.036799782874681 ], [ 19.246438779075788, 51.030957386803337 ], [ 19.245617211647513, 51.02778862961209 ], [ 19.244467017247914, 51.022441351851882 ], [ 19.248246227418008, 51.018876500011743 ], [ 19.250546616217193, 51.016697979442768 ], [ 19.255968961243852, 51.00342880870447 ], [ 19.252682691530723, 51.004419045326728 ], [ 19.251368183645482, 51.004716116313404 ], [ 19.247917600446698, 51.000062004188777 ], [ 19.241016434049129, 50.9910508509262 ], [ 19.204210213262144, 50.982435792312529 ], [ 19.204210213262144, 50.985208454854856 ], [ 19.204210213262144, 50.985901620490438 ], [ 19.201252570520339, 50.986396738801574 ], [ 19.177098488128877, 50.990060614303943 ], [ 19.166582425046869, 50.994417655441893 ], [ 19.163789095790719, 51.000854193486589 ], [ 19.162967528362444, 51.002636619406658 ], [ 19.159516945163659, 51.002537595744428 ], [ 19.146536179796811, 51.001943453771077 ], [ 19.147193433739446, 51.007290731531285 ], [ 19.147522060710756, 51.009667299424706 ], [ 19.133062473973013, 51.010261441398072 ], [ 19.128297382888974, 51.005409281948985 ], [ 19.129283263802918, 51.003923927015592 ], [ 19.131912279573413, 51.000161027851007 ], [ 19.127311501975043, 50.999863956864317 ], [ 19.123532291804949, 50.999566885877641 ], [ 19.109894272495481, 51.013628245913765 ], [ 19.109565645524171, 51.014321411549346 ], [ 19.104471927468822, 51.025808156367574 ], [ 19.091326848616333, 51.032640789061176 ], [ 19.073745305651116, 51.035215404279057 ], [ 19.062407675140832, 51.028382771585456 ], [ 19.056656703142878, 51.024916943407533 ], [ 19.048441028860054, 51.027293511300968 ], [ 19.052384552515804, 51.031353481452243 ], [ 19.055835135714588, 51.035017356954597 ], [ 19.051398671601874, 51.041750965985983 ], [ 19.030366545437872, 51.047890433044003 ], [ 19.016728526128418, 51.051950403195278 ], [ 19.009991673216504, 51.060466438146719 ], [ 19.010155986702159, 51.062050816742342 ], [ 19.010320300187814, 51.066605905204739 ], [ 18.994053265107851, 51.07541901114287 ], [ 18.973185452429519, 51.080271170591956 ], [ 18.970063496202044, 51.080964336227538 ], [ 18.969241928773769, 51.08145945453866 ], [ 18.955932536435611, 51.089678418503439 ], [ 18.939336874384338, 51.091262797099048 ], [ 18.919454942619936, 51.097897382468204 ], [ 18.900558891769478, 51.078983862983009 ], [ 18.896615368113729, 51.068883449435944 ], [ 18.896286741142418, 51.067992236475902 ], [ 18.897272622056349, 51.062347887729018 ], [ 18.883470289261226, 51.059080106875555 ], [ 18.877062063320636, 51.065120550271345 ], [ 18.875418928464072, 51.066704928866969 ], [ 18.859151893384109, 51.074527798182828 ], [ 18.84814288984515, 51.072844395924989 ], [ 18.820702537740559, 51.068586378449268 ], [ 18.818566462427029, 51.070170757044878 ], [ 18.815115879228244, 51.072547324938313 ], [ 18.803449621746651, 51.071458064653825 ], [ 18.802628054318376, 51.068685402111498 ], [ 18.800984919461811, 51.063635195337952 ], [ 18.767793595359251, 51.064724455622439 ], [ 18.749226171480103, 51.062446911391248 ], [ 18.744625393881734, 51.063437148013506 ], [ 18.731316001543576, 51.066110786893617 ], [ 18.713570145092703, 51.065615668582481 ], [ 18.672984714135623, 51.05690158630658 ], [ 18.66131845665403, 51.054822089399835 ], [ 18.637493001233892, 51.063635195337952 ], [ 18.627305565123194, 51.071557088316055 ], [ 18.618104009926455, 51.078884839320779 ], [ 18.604794617588297, 51.081954572849796 ], [ 18.592635419649739, 51.081954572849796 ], [ 18.57768289245503, 51.082053596512026 ], [ 18.57866877336896, 51.08779696892114 ], [ 18.579326027311595, 51.092253033721306 ], [ 18.572260547428371, 51.098986642752692 ], [ 18.562073111317687, 51.108393890664175 ], [ 18.564209186631217, 51.112849955464355 ], [ 18.566838202401712, 51.117801138575658 ], [ 18.566016634973437, 51.121960132389148 ], [ 18.554350377491843, 51.137803918345341 ], [ 18.546299016694689, 51.14126974652325 ], [ 18.536604521040971, 51.138200012994247 ], [ 18.520008858989698, 51.139091225954274 ], [ 18.515901021848293, 51.132456640585133 ], [ 18.518201410647478, 51.121564037740256 ], [ 18.519187291561423, 51.116315783642264 ], [ 18.518365724133133, 51.107502677704133 ], [ 18.499469673282675, 51.099283713739368 ], [ 18.489282237171992, 51.091163773436818 ], [ 18.479423428032618, 51.092649128370212 ], [ 18.480080681975238, 51.09829347711711 ], [ 18.480244995460893, 51.099679808388274 ], [ 18.477123039233433, 51.101363210646113 ], [ 18.469893245864554, 51.105126109810712 ], [ 18.46759285706537, 51.110770458557596 ], [ 18.464142273866585, 51.119187469846821 ], [ 18.453626210784591, 51.117107972940076 ], [ 18.438837997075524, 51.114236286735519 ], [ 18.422735275481216, 51.117702114913428 ], [ 18.421913708052941, 51.118890398860145 ], [ 18.418134497882846, 51.125227913242611 ], [ 18.403674911145103, 51.124534747607029 ], [ 18.402360403259848, 51.124435723944814 ], [ 18.379027888296676, 51.129882025367252 ], [ 18.372126721899107, 51.134239066505202 ], [ 18.366704376872448, 51.137605871020881 ], [ 18.361610658817114, 51.137506847358665 ], [ 18.357831448647019, 51.137407823696435 ], [ 18.349780087849865, 51.137209776371975 ], [ 18.328583648200208, 51.138794154967599 ], [ 18.320203660431744, 51.135823445100812 ], [ 18.314945628890754, 51.133941995518512 ], [ 18.305908387179656, 51.135922468763042 ], [ 18.298678593810791, 51.140180486238762 ], [ 18.288326844214438, 51.146319953296782 ], [ 18.27583901930457, 51.149389686825799 ], [ 18.271402555191855, 51.150577970772517 ], [ 18.26877353942136, 51.152360396692586 ], [ 18.262200999995102, 51.156717437830537 ], [ 18.236075155775765, 51.158301816426146 ], [ 18.232131632120016, 51.157509627128334 ], [ 18.219479493724492, 51.154835988248237 ], [ 18.186288169621946, 51.1581037691017 ], [ 18.167556432257129, 51.16424323615972 ], [ 18.16361290860138, 51.172561223786715 ], [ 18.173800344712063, 51.190385482987423 ], [ 18.169856821056314, 51.191375719609681 ], [ 18.162955654658759, 51.19315814552975 ], [ 18.162627027687449, 51.204842937672439 ], [ 18.165584670429254, 51.21147752304158 ], [ 18.171335642427223, 51.216032611503991 ], [ 18.179387003224377, 51.222469149548687 ], [ 18.176757987453882, 51.227222285335543 ], [ 18.175114852597318, 51.2300939715401 ], [ 18.174950539111663, 51.235639296624768 ], [ 18.174786225626008, 51.237025627895932 ], [ 18.174457598654698, 51.237421722544838 ], [ 18.169199567113694, 51.243066071291722 ], [ 18.167227805285819, 51.252671366527665 ], [ 18.170021134541969, 51.258216691612319 ], [ 18.170185448027624, 51.258612786261224 ], [ 18.170021134541969, 51.270396602066143 ], [ 18.159833698431285, 51.27316926460847 ], [ 18.151782337634131, 51.272575122635118 ], [ 18.151289397177166, 51.26722784487491 ], [ 18.150960770205856, 51.264158111345893 ], [ 18.139294512724263, 51.264356158670338 ], [ 18.136829810439423, 51.266732726563774 ], [ 18.134036481183259, 51.269505389106101 ], [ 18.126313747357429, 51.266336631914868 ], [ 18.113004355019271, 51.26089033049243 ], [ 18.105281621193427, 51.264752253319244 ], [ 18.103309859365552, 51.268218081497167 ], [ 18.108403577420901, 51.271683909675076 ], [ 18.115633370789766, 51.276734116448608 ], [ 18.108896517877866, 51.280397991950977 ], [ 18.105281621193427, 51.282378465195507 ], [ 18.106431815593027, 51.285052104075604 ], [ 18.109225144849177, 51.285547222386739 ], [ 18.11694787867502, 51.286834529995673 ], [ 18.111032593191396, 51.293370091702599 ], [ 18.113004355019271, 51.298123227489455 ], [ 18.110539652734431, 51.304658789196381 ], [ 18.109882398791797, 51.306243167792005 ], [ 18.110703966220086, 51.307728522725398 ], [ 18.112182787590996, 51.310402161605495 ], [ 18.105117307707772, 51.316145534014623 ], [ 18.092629482797904, 51.326245947561688 ], [ 18.092465169312248, 51.33307858025529 ], [ 18.092300855826593, 51.341198520557825 ], [ 18.08277067365853, 51.346149703669141 ], [ 18.075705193775306, 51.34981357917151 ], [ 18.098873395252838, 51.36199348962532 ], [ 18.107910636963922, 51.360508134691926 ], [ 18.12401335855823, 51.357834495811815 ], [ 18.134529421640238, 51.361696418638644 ], [ 18.136501183468113, 51.369717335278963 ], [ 18.138472945295987, 51.378431417554864 ], [ 18.149810575806256, 51.39090839899535 ], [ 18.162791341173104, 51.389423044061957 ], [ 18.189738752820716, 51.3865513578574 ], [ 18.206663041843314, 51.402395143813578 ], [ 18.204691280015439, 51.414773101591848 ], [ 18.204526966529784, 51.41556529088966 ], [ 18.205677160929369, 51.417050645823053 ], [ 18.210770878984718, 51.423388160205533 ], [ 18.205019906986749, 51.433191502765908 ], [ 18.202390891216254, 51.434379786712626 ], [ 18.188259931449821, 51.441212419406227 ], [ 18.204855593501094, 51.445074342233056 ], [ 18.211921073384303, 51.446757744490895 ], [ 18.212742640812593, 51.450124549006588 ], [ 18.213399894755213, 51.453788424508957 ], [ 18.221779882523677, 51.453293306197821 ], [ 18.242812008687679, 51.444282152935244 ], [ 18.255135520111892, 51.439132922499482 ], [ 18.326283259401023, 51.41982330836538 ], [ 18.339592651739181, 51.429725674587999 ], [ 18.341564413567056, 51.441608514055133 ], [ 18.355038119390869, 51.454976708455661 ], [ 18.356845567733089, 51.462700554109304 ], [ 18.357831448647019, 51.467750760882836 ], [ 18.369662019614267, 51.472107802020787 ], [ 18.382478471495446, 51.476860937807643 ], [ 18.379685142239296, 51.516965521009226 ], [ 18.372291035384762, 51.522609869756124 ], [ 18.362103599274079, 51.530333715409753 ], [ 18.358488702589639, 51.536374158805557 ], [ 18.361282031845803, 51.54122631825463 ], [ 18.368018884757703, 51.544791170094769 ], [ 18.373934170241327, 51.547959927286016 ], [ 18.370483587042543, 51.549643329543855 ], [ 18.369169079157302, 51.550237471517207 ], [ 18.365718495958518, 51.564991997188912 ], [ 18.371962408413452, 51.57657776566937 ], [ 18.371305154470832, 51.590044983732128 ], [ 18.373276916298707, 51.590936196692155 ], [ 18.377549066925766, 51.592718622612225 ], [ 18.377384753440111, 51.597174687412405 ], [ 18.374920051155271, 51.599947349954732 ], [ 18.357995762132674, 51.60103661023922 ], [ 18.34994440133552, 51.601531728550356 ], [ 18.352902044077339, 51.606978029972794 ], [ 18.360789091388838, 51.612622378719678 ], [ 18.367525944300738, 51.617474538168764 ], [ 18.362925166702368, 51.624505218186812 ], [ 18.356516940761765, 51.625693502133529 ], [ 18.350108714821175, 51.626881786080247 ], [ 18.35421655196258, 51.633219300462713 ], [ 18.359803210474894, 51.634110513422755 ], [ 18.372455348870417, 51.63609098666727 ], [ 18.380342396181916, 51.648369920783324 ], [ 18.378370634354042, 51.653222080232396 ], [ 18.372455348870417, 51.655301577139142 ], [ 18.35635262727611, 51.66084690222381 ], [ 18.360460464417514, 51.677086782828894 ], [ 18.365389868987208, 51.681839918615751 ], [ 18.378534947839697, 51.684513557495862 ], [ 18.381656904067171, 51.691544237513909 ], [ 18.395623550347949, 51.69609932597632 ], [ 18.397266685204514, 51.70035734345204 ], [ 18.405810986458633, 51.701050509087622 ], [ 18.412219212399222, 51.701545627398758 ], [ 18.409918823600037, 51.715309916448192 ], [ 18.406468240401253, 51.718577697301654 ], [ 18.402031776288538, 51.722934738439605 ], [ 18.410247450571347, 51.72511325900858 ], [ 18.420599200167686, 51.727786897888677 ], [ 18.422899588966885, 51.735213672555645 ], [ 18.420270573196376, 51.741551186938111 ], [ 18.418463124854156, 51.742739470884828 ], [ 18.415341168626696, 51.745215062440479 ], [ 18.404989419030358, 51.746700417373873 ], [ 18.406303926915598, 51.74967112724066 ], [ 18.416819989997592, 51.749374056253984 ], [ 18.420599200167686, 51.756701807258722 ], [ 18.42339252942385, 51.757097901907613 ], [ 18.429143501421819, 51.757791067543209 ], [ 18.431608203706659, 51.763732487276769 ], [ 18.42865056096484, 51.7725455932149 ], [ 18.420434886682031, 51.780764557179666 ], [ 18.409261569657417, 51.791657160024542 ], [ 18.42585723170869, 51.792944467633475 ], [ 18.434565846448464, 51.793538609606841 ], [ 18.443110147702598, 51.798786863704819 ], [ 18.442288580274308, 51.810273608523062 ], [ 18.441302699360378, 51.825820323492565 ], [ 18.448696806214897, 51.826711536452592 ], [ 18.458391301868616, 51.824334968559171 ], [ 18.469728932378899, 51.821562306016844 ], [ 18.467428543579715, 51.827503725750404 ], [ 18.46430658735224, 51.836118784364075 ], [ 18.469893245864554, 51.84037680183981 ], [ 18.47038618632152, 51.840673872826486 ], [ 18.472029321178084, 51.850972333697996 ], [ 18.485338713516242, 51.850180144400198 ], [ 18.493390074313396, 51.851566475671362 ], [ 18.50702809362285, 51.853744996240337 ], [ 18.510150049850324, 51.850081120737968 ], [ 18.510642990307289, 51.84631822157337 ], [ 18.511628871221234, 51.839782659866444 ], [ 18.518201410647478, 51.834336358444006 ], [ 18.532989624356532, 51.836019760701859 ], [ 18.533646878299166, 51.837208044648563 ], [ 18.536440207555316, 51.841763133110973 ], [ 18.550899794293059, 51.845228961288882 ], [ 18.567659769830001, 51.844337748328854 ], [ 18.594935808448923, 51.848001623831223 ], [ 18.596907570276798, 51.847407481857857 ], [ 18.600029526504272, 51.846021150586694 ], [ 18.602165601817802, 51.843842630017718 ], [ 18.605123244559607, 51.842357275084325 ], [ 18.606930692901827, 51.841069967475391 ], [ 18.610545589586266, 51.839386565217538 ], [ 18.612188724442831, 51.837109020986347 ], [ 18.612353037928486, 51.837009997324117 ], [ 18.613010291871106, 51.834831476755141 ], [ 18.629934580893703, 51.831068577590543 ], [ 18.632070656207233, 51.831464672239449 ], [ 18.641929465346607, 51.833247098159518 ], [ 18.647187496887597, 51.829088104346027 ], [ 18.649652199172451, 51.827008607439268 ], [ 18.685636852531161, 51.820968164043478 ], [ 18.689087435729931, 51.824929110532523 ], [ 18.687937241330346, 51.832553932523936 ], [ 18.691387824529116, 51.835425618728493 ], [ 18.69565997515619, 51.848694789466805 ], [ 18.700096439268904, 51.851764522995808 ], [ 18.698617617897995, 51.860181534285033 ], [ 18.697796050469719, 51.865528812045241 ], [ 18.707490546123424, 51.870281947832098 ], [ 18.709790934922623, 51.870479995156543 ], [ 18.720471311490272, 51.871173160792139 ], [ 18.721128565432892, 51.875134107281184 ], [ 18.737066973541545, 51.892562271832986 ], [ 18.737888540969834, 51.894839816064177 ], [ 18.73936736234073, 51.898998809877682 ], [ 18.738381481426799, 51.901573425095563 ], [ 18.747747350109194, 51.907118750180217 ], [ 18.751362246793633, 51.91068360202037 ], [ 18.766150460502701, 51.925240080367601 ], [ 18.765493206560066, 51.928606884883294 ], [ 18.751362246793633, 51.934053186305732 ], [ 18.744132453424768, 51.936726825185843 ], [ 18.741503437654259, 51.944252623515027 ], [ 18.736081092627614, 51.944648718163933 ], [ 18.740681870225984, 51.951184279870859 ], [ 18.740681870225984, 51.951382327195304 ], [ 18.739203048855074, 51.960987622431247 ], [ 18.735259525199325, 51.958809101862272 ], [ 18.72983718017268, 51.955838391995485 ], [ 18.723100327260767, 51.958512030875596 ], [ 18.715706220406247, 51.968018302449295 ], [ 18.722278759832491, 51.968315373435971 ], [ 18.731644628514886, 51.968612444422661 ], [ 18.73328776337145, 51.972870461898381 ], [ 18.72983718017268, 51.984555254041069 ], [ 18.724907775602986, 51.98693182193449 ], [ 18.722443073318146, 51.988120105881208 ], [ 18.718663863148052, 51.993665430965862 ], [ 18.726222283488241, 51.998319543090503 ], [ 18.733452076857105, 52.002676584228453 ], [ 18.72802973183046, 52.010796524530988 ], [ 18.727208164402171, 52.011885784815476 ], [ 18.727372477887826, 52.012281879464382 ], [ 18.729344239715701, 52.015351612993399 ], [ 18.727536791373481, 52.021689127375865 ], [ 18.721128565432892, 52.028422736407251 ], [ 18.717677982234108, 52.031987588247389 ], [ 18.717677982234108, 52.03614658206088 ], [ 18.717349355262797, 52.045850900959039 ], [ 18.719321117090672, 52.049811847448098 ], [ 18.721950132861181, 52.055159125208306 ], [ 18.720142684518962, 52.059714213670702 ], [ 18.717842295719777, 52.065754657066492 ], [ 18.725729343031276, 52.065754657066492 ], [ 18.751197933307978, 52.075359952302435 ], [ 18.760728115476041, 52.069913650879997 ], [ 18.765000266103101, 52.067339035662116 ], [ 18.785539451810124, 52.061298592266326 ], [ 18.794248066549912, 52.061694686915232 ], [ 18.796548455349097, 52.062585899875259 ], [ 18.816430387113499, 52.070408769191133 ], [ 18.820702537740559, 52.0653585624176 ], [ 18.827768017623768, 52.064170278470883 ], [ 18.839105648134051, 52.071696076800066 ], [ 18.842884858304146, 52.079716993440385 ], [ 18.85159347304392, 52.081400395698225 ], [ 18.856687191099269, 52.085955484160635 ], [ 18.867860508123883, 52.087143768107339 ], [ 18.875090301492762, 52.084470129227242 ], [ 18.88511342411779, 52.080707230062643 ], [ 18.897929875998969, 52.082885750631618 ], [ 18.900887518740788, 52.083380868942754 ], [ 18.903516534511283, 52.082489655982712 ], [ 18.916168672906807, 52.078429685831452 ], [ 18.92504160113225, 52.079221875129249 ], [ 18.92684904947447, 52.086549626133987 ], [ 18.930792573130219, 52.102789506739072 ], [ 18.940158441812613, 52.103086577725747 ], [ 18.942951771068778, 52.103086577725747 ], [ 18.949031370038057, 52.120415718615334 ], [ 18.941965890154833, 52.12695128032226 ], [ 18.935229037242934, 52.125267878064406 ], [ 18.930299632673254, 52.123980570455473 ], [ 18.913703970621967, 52.130318084837938 ], [ 18.910746327880162, 52.134378054989213 ], [ 18.908774566052287, 52.14972672263427 ], [ 18.915347105478531, 52.161609562101404 ], [ 18.919126315648626, 52.187256690617971 ], [ 18.92438434718963, 52.195475654582737 ], [ 18.940651382269593, 52.198743435436199 ], [ 18.943609025011398, 52.199337577409565 ], [ 18.951331758837242, 52.196267843880548 ], [ 18.961519194947925, 52.204387784183098 ], [ 18.96250507586187, 52.205179973480909 ], [ 18.963326643290145, 52.204882902494219 ], [ 18.968584674831149, 52.202704381925244 ], [ 18.984358769454133, 52.210527251241118 ], [ 18.992245816765632, 52.214488197730162 ], [ 18.997175221335326, 52.212606748147863 ], [ 18.999968550591475, 52.211517487863375 ], [ 19.003254820304605, 52.212111629836741 ], [ 19.021000676755477, 52.215181363365744 ], [ 19.050741417659253, 52.212705771810093 ], [ 19.060600226798613, 52.208150683347682 ], [ 19.077688829306865, 52.200129766707377 ], [ 19.088862146331493, 52.208150683347682 ], [ 19.082618233876545, 52.221320830423764 ], [ 19.078839023706465, 52.222212043383806 ], [ 19.073745305651116, 52.223400327330509 ], [ 19.071937857308896, 52.228450534104041 ], [ 19.075881380964645, 52.230034912699665 ], [ 19.079167650677775, 52.231322220308613 ], [ 19.079824904620395, 52.232906598904222 ], [ 19.08179666644827, 52.23835290032666 ], [ 19.096256253186013, 52.241323610193447 ], [ 19.104471927468822, 52.243007012451287 ], [ 19.100199776841762, 52.264693194478809 ], [ 19.094777431815118, 52.270634614212383 ], [ 19.053041806458438, 52.27340727675471 ], [ 19.045647699603904, 52.272417040132453 ], [ 19.031845366808781, 52.270634614212383 ], [ 19.031188112866161, 52.27350630041694 ], [ 19.037432025321095, 52.280041862123866 ], [ 19.03792496577806, 52.280536980435002 ], [ 19.044497505204305, 52.294796387795557 ], [ 19.04088260851988, 52.297569050337898 ], [ 19.038582219720695, 52.299351476257968 ], [ 19.0348030095506, 52.31668061714754 ], [ 19.03907516017766, 52.318165972080934 ], [ 19.04433319171865, 52.320146445325449 ], [ 19.047126520974814, 52.332821474090395 ], [ 19.059450032399027, 52.332821474090395 ], [ 19.059450032399027, 52.335891207619412 ], [ 19.059450032399027, 52.337970704526157 ], [ 19.071116289880621, 52.338762893823969 ], [ 19.073909619136771, 52.338960941148414 ], [ 19.07900333719212, 52.340743367068484 ], [ 19.098063701528233, 52.34727892877541 ], [ 19.107265256724986, 52.345991621166476 ], [ 19.109072705067206, 52.34579357384203 ], [ 19.125832680604134, 52.342921887637459 ], [ 19.127311501975043, 52.343119934961919 ], [ 19.148015001167721, 52.346189668490922 ], [ 19.163131841848099, 52.342228722001877 ], [ 19.185478475897341, 52.348566236384357 ], [ 19.186300043325616, 52.348764283708803 ], [ 19.199938062635084, 52.358567626269192 ], [ 19.203881586290834, 52.356191058375771 ], [ 19.204045899776489, 52.349655496668845 ], [ 19.204867467204764, 52.349160378357709 ], [ 19.218341173028577, 52.34123848537962 ], [ 19.223599204569581, 52.344506266233083 ], [ 19.213247454973242, 52.351140851602239 ], [ 19.210454125717078, 52.352923277522308 ], [ 19.208318050403548, 52.358666649931422 ], [ 19.211768633602333, 52.364310998678306 ], [ 19.219491367428176, 52.363914904029414 ], [ 19.234772521594195, 52.363122714731603 ], [ 19.239044672221254, 52.37015339474965 ], [ 19.251861124102447, 52.377382122092158 ], [ 19.259255230956981, 52.381541115905662 ], [ 19.27141442889554, 52.392433718750539 ], [ 19.289160285346398, 52.392730789737215 ], [ 19.300333602371026, 52.391047387479375 ], [ 19.307563395739905, 52.384115731123543 ], [ 19.300990856313646, 52.380550879283405 ], [ 19.294911257344367, 52.377283098429942 ], [ 19.294089689916092, 52.371143631371922 ], [ 19.300497915856681, 52.368965110802947 ], [ 19.309699471053435, 52.369559252776298 ], [ 19.318079458821899, 52.37015339474965 ], [ 19.324159057791178, 52.366687566571741 ], [ 19.327773954475617, 52.358666649931422 ], [ 19.325144938705108, 52.354012537806796 ], [ 19.322187295963303, 52.348467212722127 ], [ 19.340426092871141, 52.34747697609987 ], [ 19.347491572754365, 52.347179905113194 ], [ 19.348806080639605, 52.346684786802058 ], [ 19.360965278578163, 52.341634580028526 ], [ 19.38216171822782, 52.343119934961919 ], [ 19.404015411820097, 52.344704313557543 ], [ 19.407630308504537, 52.340446296081808 ], [ 19.408780502904122, 52.339059964810644 ], [ 19.42636204586934, 52.337673633539481 ], [ 19.438192616836588, 52.339951177770686 ], [ 19.444600842777177, 52.345991621166476 ], [ 19.450023187803836, 52.351041827940008 ], [ 19.456595727230081, 52.347080881450964 ], [ 19.464318461055925, 52.342525792988567 ], [ 19.486665095105167, 52.337079491566129 ], [ 19.502110562756855, 52.3332175687393 ], [ 19.497345471672816, 52.326483959707929 ], [ 19.492909007560101, 52.320245468987679 ], [ 19.503753697613405, 52.315492333200822 ], [ 19.508190161726134, 52.313610883618523 ], [ 19.511805058410559, 52.310739197413966 ], [ 19.519856419207713, 52.30430265936927 ], [ 19.526757585605282, 52.3044016830315 ], [ 19.536452081259, 52.304599730355946 ], [ 19.540066977943439, 52.301827067813619 ], [ 19.549761473597144, 52.294202245822206 ], [ 19.593797487753008, 52.290142275670931 ], [ 19.603163356435417, 52.289350086373119 ], [ 19.615979808316595, 52.288161802426416 ], [ 19.615322554373975, 52.284894021572953 ], [ 19.613515106031755, 52.276278962959267 ], [ 19.626331557912948, 52.276477010283728 ], [ 19.632082529910903, 52.276576033945958 ], [ 19.632904097339193, 52.273308253092495 ], [ 19.629453514140408, 52.26934730660345 ], [ 19.625017050027694, 52.264396123492133 ], [ 19.630110768083028, 52.262217602923158 ], [ 19.631589589453938, 52.261722484612037 ], [ 19.632739783853538, 52.259940058691967 ], [ 19.635368799624032, 52.256375206851814 ], [ 19.642598592992911, 52.254592780931745 ], [ 19.656893866244999, 52.253998638958393 ], [ 19.686305980177451, 52.259048845731925 ], [ 19.685813039720486, 52.262613697572064 ], [ 19.685648726234831, 52.263801981518782 ], [ 19.699615372515609, 52.277764317892661 ], [ 19.728041605534131, 52.268258046318962 ], [ 19.731820815704225, 52.263603934194322 ], [ 19.735928652845629, 52.258553727420789 ], [ 19.76698390163466, 52.26291076855874 ], [ 19.790973670540467, 52.272912158443589 ], [ 19.790973670540467, 52.276774081270403 ], [ 19.790973670540467, 52.279348696488285 ], [ 19.798203463909331, 52.279249672826055 ], [ 19.8051046303069, 52.279150649163824 ], [ 19.808390900020015, 52.280041862123866 ], [ 19.817428141731114, 52.282616477341747 ], [ 19.826136756470888, 52.277566270568215 ], [ 19.831559101497547, 52.274397513376982 ], [ 19.849140644462764, 52.27340727675471 ], [ 19.874116294282501, 52.28598328185744 ], [ 19.874773548225122, 52.289251062710903 ], [ 19.869844143655442, 52.291825677928784 ], [ 19.865736306514037, 52.29390517483553 ], [ 19.881181774165725, 52.306679227262705 ], [ 19.890054702391154, 52.309847984453938 ], [ 19.899913511530528, 52.308362629520545 ], [ 19.905664483528497, 52.3044016830315 ], [ 19.912237022954741, 52.29984659456909 ], [ 19.936062478374893, 52.299747570906874 ] ], [ [ 20.294594504076741, 51.912565051602655 ], [ 20.299852535617731, 51.910881649344816 ], [ 20.302317237902585, 51.914248453860509 ], [ 20.299195281675111, 51.915931856118348 ], [ 20.294594504076741, 51.912565051602655 ] ] ], [ [ [ 18.424542723823436, 51.800767336949349 ], [ 18.428979187936164, 51.801856597233837 ], [ 18.42700742610829, 51.796410295811398 ], [ 18.423885469880815, 51.794924940878005 ], [ 18.424542723823436, 51.800767336949349 ] ] ] ] } },
{ "type": "Feature", "properties": { "index": 1572, "nuts_2_code": "PL72", "nuts_2_name": "Świętokrzyskie" }, "geometry": { "type": "Polygon", "coordinates": [ [ [ 21.630298828976052, 51.063437148013506 ], [ 21.627834126691212, 51.066407857880293 ], [ 21.623890603035463, 51.070962946342689 ], [ 21.615017674810019, 51.072547324938313 ], [ 21.612060032068214, 51.076112176778452 ], [ 21.626683932291613, 51.0736365852228 ], [ 21.640157638115426, 51.075716082129546 ], [ 21.642622340400266, 51.074329750858382 ], [ 21.650509387711764, 51.070071733382662 ], [ 21.667597990220003, 51.075022916493964 ], [ 21.675485037531502, 51.077399484387385 ], [ 21.68632972758482, 51.070071733382662 ], [ 21.698488925523378, 51.053336734466441 ], [ 21.706375972834877, 51.042741202608241 ], [ 21.720013992144345, 51.041750965985983 ], [ 21.72198575397222, 51.042543155283795 ], [ 21.731022995683304, 51.046603125435055 ], [ 21.748933165619832, 51.039968540065914 ], [ 21.755998645503041, 51.037393924848033 ], [ 21.759449228701826, 51.040859753025941 ], [ 21.76109236355839, 51.042543155283795 ], [ 21.76536451418545, 51.042642178946011 ], [ 21.778345279552298, 51.042939249932701 ], [ 21.779331160466228, 51.045513865150568 ], [ 21.775059009839168, 51.048484575017355 ], [ 21.773744501953914, 51.049375787977397 ], [ 21.776702144695733, 51.050960166573006 ], [ 21.784753505492887, 51.055218184048741 ], [ 21.786068013378127, 51.059080106875555 ], [ 21.783603311093287, 51.061060580120085 ], [ 21.782617430179357, 51.061951793080112 ], [ 21.784753505492887, 51.067497118164781 ], [ 21.802992302400725, 51.072052206627177 ], [ 21.820738158851597, 51.058981083213325 ], [ 21.825996190392587, 51.047197267408421 ], [ 21.822709920679472, 51.040859753025941 ], [ 21.806278572113854, 51.032541765398946 ], [ 21.802992302400725, 51.026600345665386 ], [ 21.804306810285979, 51.021253067905164 ], [ 21.820080904908963, 51.006498542233473 ], [ 21.821231099308562, 50.986990880774925 ], [ 21.817123262167158, 50.974018781023304 ], [ 21.819259337480688, 50.965106651422943 ], [ 21.812029544111809, 50.948767747155642 ], [ 21.814494246396663, 50.932131771901638 ], [ 21.830104027533991, 50.905989525073949 ], [ 21.829775400562681, 50.892819377997867 ], [ 21.835854999531961, 50.878262899650622 ], [ 21.847521257013554, 50.860537664112144 ], [ 21.842920479415184, 50.840039766031339 ], [ 21.868060442720576, 50.818353584003802 ], [ 21.864281232550482, 50.802707845372083 ], [ 21.858694574038182, 50.781615805317912 ], [ 21.854258109925453, 50.776862669531056 ], [ 21.846206749128299, 50.768049563592925 ], [ 21.840291463644689, 50.757454031734738 ], [ 21.842263225472564, 50.74586826325428 ], [ 21.843413419872149, 50.739233677885125 ], [ 21.83486911861803, 50.7270537674313 ], [ 21.828953833134406, 50.718339685155414 ], [ 21.826817757820876, 50.705961727377144 ], [ 21.825503249935622, 50.699030071021312 ], [ 21.821888353251182, 50.693088651287738 ], [ 21.809071901370004, 50.685760900283 ], [ 21.794119374175295, 50.681998001118416 ], [ 21.786232326863797, 50.680017527873886 ], [ 21.788861342634291, 50.676947794344883 ], [ 21.791326044919131, 50.673878060815866 ], [ 21.784096251550267, 50.664668860228844 ], [ 21.779824100923193, 50.659420606130851 ], [ 21.779495473951883, 50.653281139072831 ], [ 21.779166846980573, 50.644963151445836 ], [ 21.76355706584323, 50.647438743001487 ], [ 21.76174961750101, 50.650112381881598 ], [ 21.759120601730515, 50.654370399357319 ], [ 21.753041002761236, 50.655162588655131 ], [ 21.747618657734577, 50.653479186397291 ], [ 21.742524939679242, 50.648825074272651 ], [ 21.735623773281674, 50.642586583552415 ], [ 21.732830444025524, 50.643081701863537 ], [ 21.72445045625706, 50.64466608045916 ], [ 21.710155183004971, 50.629713507463009 ], [ 21.673020335246662, 50.607928301773256 ], [ 21.667105049763038, 50.600105432457397 ], [ 21.665133287935163, 50.59089623187036 ], [ 21.665133287935163, 50.590698184545914 ], [ 21.664147407021233, 50.587529427354681 ], [ 21.662339958679013, 50.582974338892271 ], [ 21.660368196851138, 50.578320226767644 ], [ 21.657410554109319, 50.573071972669652 ], [ 21.653467030453569, 50.56812078955835 ], [ 21.65165958211135, 50.56623933997605 ], [ 21.649687820283475, 50.564555937718211 ], [ 21.64607292359905, 50.561783275175884 ], [ 21.642950967371576, 50.559604754606909 ], [ 21.640979205543701, 50.558317446997961 ], [ 21.631941963832617, 50.552475050926617 ], [ 21.628655694119487, 50.549306293735384 ], [ 21.609102389326395, 50.528214253681213 ], [ 21.601215342014896, 50.519698218729772 ], [ 21.597764758816126, 50.518311887458609 ], [ 21.595628683502596, 50.517816769147473 ], [ 21.592999667732087, 50.517321650836337 ], [ 21.590206338475937, 50.517024579849661 ], [ 21.588070263162408, 50.517024579849661 ], [ 21.576732632652124, 50.517717745485243 ], [ 21.574432243852939, 50.518113840134149 ], [ 21.57048872019719, 50.519302124080866 ], [ 21.566545196541441, 50.520193337040894 ], [ 21.56555931562751, 50.520490408027584 ], [ 21.562437359400036, 50.52078747901426 ], [ 21.557179327859032, 50.520985526338706 ], [ 21.555207566031157, 50.52078747901426 ], [ 21.549456594033202, 50.519401147743096 ], [ 21.53171073758233, 50.514152893645104 ], [ 21.526945646498291, 50.51256851504948 ], [ 21.517744091301552, 50.509300734196032 ], [ 21.514786448559732, 50.508013426587084 ], [ 21.511500178846617, 50.50652807165369 ], [ 21.501805683192899, 50.503458338124688 ], [ 21.499998234850679, 50.502666148826876 ], [ 21.491618247082215, 50.499497391635643 ], [ 21.48997511222565, 50.498705202337831 ], [ 21.482088064914151, 50.496427658106626 ], [ 21.456948101608745, 50.493060853590933 ], [ 21.448568113840281, 50.491872569644229 ], [ 21.443310082299291, 50.485931149910655 ], [ 21.445939098069786, 50.477811209608106 ], [ 21.446924978983716, 50.475434641714685 ], [ 21.451032816125121, 50.466225441127648 ], [ 21.448075173383316, 50.459590855758506 ], [ 21.399931322086047, 50.439092957677687 ], [ 21.397466619801207, 50.438795886691011 ], [ 21.389908199461019, 50.438795886691011 ], [ 21.384650167920014, 50.439191981339917 ], [ 21.382514092606485, 50.439489052326593 ], [ 21.38234977912083, 50.439489052326593 ], [ 21.366575684497832, 50.440677336273311 ], [ 21.339135332393255, 50.430576922726246 ], [ 21.281625612413578, 50.408197575063141 ], [ 21.279653850585703, 50.398097161516063 ], [ 21.278503656186103, 50.391660623471367 ], [ 21.273081311159459, 50.391462576146921 ], [ 21.257142903050806, 50.390571363186879 ], [ 21.253363692880711, 50.387204558671201 ], [ 21.251884871509802, 50.379579736679787 ], [ 21.245312332083557, 50.376113908501864 ], [ 21.231017058831469, 50.373737340608443 ], [ 21.2241158924339, 50.363636927061378 ], [ 21.22066530923513, 50.358388672963386 ], [ 21.208834738267882, 50.354922844785477 ], [ 21.1896100604461, 50.351258969283109 ], [ 21.187966925589535, 50.345119502225089 ], [ 21.185173596333385, 50.335415183326916 ], [ 21.176629295079266, 50.330166929228938 ], [ 21.168249307310788, 50.332345449797913 ], [ 21.165127351083328, 50.340861484749354 ], [ 21.164305783655038, 50.343337076305019 ], [ 21.14655992720418, 50.35383358450099 ], [ 21.132264653952078, 50.354130655487666 ], [ 21.123556039212303, 50.351655063932014 ], [ 21.119119575099589, 50.345911691522886 ], [ 21.11402585704424, 50.339178082491514 ], [ 21.101866659105681, 50.338385893193703 ], [ 21.086256877968353, 50.337395656571445 ], [ 21.076069441857655, 50.32719621936215 ], [ 21.071468664259285, 50.322542107237524 ], [ 21.058816525863762, 50.316303616517274 ], [ 21.048629089753078, 50.315412403557247 ], [ 21.042220863812489, 50.31669971116618 ], [ 21.03006166587393, 50.319076279059615 ], [ 21.018888348849302, 50.315907521868368 ], [ 21.007879345310329, 50.312837788339365 ], [ 20.99194093720169, 50.315016308908341 ], [ 20.991283683259056, 50.315115332570556 ], [ 20.988326040517251, 50.314917285246111 ], [ 20.974030767265162, 50.313828024961623 ], [ 20.970415870580723, 50.314323143272759 ], [ 20.958585299613475, 50.316006545530598 ], [ 20.948726490474101, 50.314125095948299 ], [ 20.943468458933097, 50.307391486916927 ], [ 20.938210427392107, 50.300954948872231 ], [ 20.931144947508884, 50.298083262667674 ], [ 20.917999868656395, 50.300954948872231 ], [ 20.894667353693208, 50.306005155645764 ], [ 20.890066576094839, 50.303133469441207 ], [ 20.877414437699301, 50.295211576463103 ], [ 20.862297597018937, 50.295409623787563 ], [ 20.854574863193093, 50.295409623787563 ], [ 20.850467026051689, 50.291547700960749 ], [ 20.849316831652089, 50.287487730809474 ], [ 20.846687815881594, 50.277882435573531 ], [ 20.830420780801632, 50.273921489084486 ], [ 20.823355300918408, 50.279169743182479 ], [ 20.815632567092578, 50.284913115591593 ], [ 20.798708278069981, 50.290161369689571 ], [ 20.783920064360927, 50.286695541511662 ], [ 20.776361644020739, 50.279367790506925 ], [ 20.774718509164174, 50.277684388249085 ], [ 20.76781734276662, 50.268574211324278 ], [ 20.752864815571897, 50.264613264835234 ], [ 20.743827573860813, 50.259563058061701 ], [ 20.73068249500831, 50.252235307056964 ], [ 20.728053479237815, 50.242729035483251 ], [ 20.729367987123069, 50.238867112656436 ], [ 20.730518181522655, 50.235500308140743 ], [ 20.728710733180435, 50.231143267002793 ], [ 20.717866043127131, 50.228964746433817 ], [ 20.709814682329977, 50.227380367838208 ], [ 20.707021353073813, 50.224310634309191 ], [ 20.700941754104534, 50.217378977953359 ], [ 20.68976843707992, 50.216883859642238 ], [ 20.68336021113933, 50.216685812317778 ], [ 20.680073941426201, 50.212427794842057 ], [ 20.681552762797111, 50.205892233135131 ], [ 20.674815909885197, 50.202822499606114 ], [ 20.668900624401573, 50.205892233135131 ], [ 20.653619470235554, 50.204406878201738 ], [ 20.651812021893335, 50.205496138486225 ], [ 20.645075168981435, 50.209160013988594 ], [ 20.642446153210926, 50.210744392584218 ], [ 20.641460272296996, 50.2095561086375 ], [ 20.639159883497811, 50.206090280459577 ], [ 20.635052046356407, 50.209160013988594 ], [ 20.633244598014187, 50.210546345259758 ], [ 20.629794014815403, 50.207476611730755 ], [ 20.622892848417834, 50.201337144672735 ], [ 20.615498741563314, 50.202822499606114 ], [ 20.608761888651401, 50.204208830877292 ], [ 20.604325424538686, 50.200544955374923 ], [ 20.594137988428002, 50.201040073686045 ], [ 20.585100746716918, 50.196683032548094 ], [ 20.583293298374699, 50.192524038734604 ], [ 20.581814477003789, 50.189058210556681 ], [ 20.57359880272098, 50.186879689987705 ], [ 20.566697636323411, 50.190642589152304 ], [ 20.563739993581606, 50.194900606628025 ], [ 20.559467842954547, 50.200643979037139 ], [ 20.542707867417619, 50.198465458468164 ], [ 20.541229046046709, 50.195692795925837 ], [ 20.539257284218834, 50.191830873099022 ], [ 20.5330133717639, 50.189454305205587 ], [ 20.529069848108151, 50.19093966013898 ], [ 20.513953007427773, 50.186384571676584 ], [ 20.510831051200313, 50.188761139570005 ], [ 20.509516543315058, 50.189850399854492 ], [ 20.505080079202344, 50.190246494503398 ], [ 20.499986361146995, 50.190642589152304 ], [ 20.487827163208436, 50.194603535641349 ], [ 20.474189143898968, 50.198861553117069 ], [ 20.472710322528073, 50.196782056210324 ], [ 20.469752679786254, 50.193118180707955 ], [ 20.46104406504648, 50.196584008885878 ], [ 20.458743676247295, 50.197475221845906 ], [ 20.455457406534165, 50.196385961561418 ], [ 20.447570359222667, 50.194108417330213 ], [ 20.432617832027958, 50.195989866912512 ], [ 20.431467637628359, 50.196088890574742 ], [ 20.430153129743104, 50.195890843250297 ], [ 20.415364916034051, 50.193712322681321 ], [ 20.412242959806576, 50.201634215659411 ], [ 20.409121003579116, 50.2095561086375 ], [ 20.402384150667217, 50.20935806131304 ], [ 20.386281429072909, 50.208862943001918 ], [ 20.37658693341919, 50.215992646682196 ], [ 20.377244187361811, 50.22797450981156 ], [ 20.384966921187655, 50.234609095180716 ], [ 20.392032401070864, 50.240748562238736 ], [ 20.384473980730689, 50.242828059145481 ], [ 20.375765365990901, 50.245105603376686 ], [ 20.362620287138412, 50.253918709314803 ], [ 20.356869315140443, 50.257780632141632 ], [ 20.352925791484694, 50.263623028212976 ], [ 20.34454580371623, 50.26322693356407 ], [ 20.342902668859665, 50.26312790990184 ], [ 20.331729351835037, 50.268574211324278 ], [ 20.333372486691601, 50.271544921191065 ], [ 20.342245414917045, 50.272931252462229 ], [ 20.345695998115815, 50.277486340924625 ], [ 20.353090104970349, 50.27976388515583 ], [ 20.361470092738813, 50.282239476711482 ], [ 20.354404612855603, 50.289270156729543 ], [ 20.346353252058449, 50.289072109405083 ], [ 20.340109339603501, 50.288973085742867 ], [ 20.34060228006048, 50.297291073369863 ], [ 20.342245414917045, 50.297786191680984 ], [ 20.347832073429345, 50.299370570276608 ], [ 20.34487443068754, 50.303826635076788 ], [ 20.339780712632191, 50.304123706063464 ], [ 20.333536800177257, 50.304618824374586 ], [ 20.329100336064542, 50.313530953974947 ], [ 20.326471320294047, 50.318878231735155 ], [ 20.312340360527614, 50.320264563006319 ], [ 20.292622742248867, 50.322245036250848 ], [ 20.293444309677142, 50.328186455984408 ], [ 20.300181162589055, 50.332543497122359 ], [ 20.30527488064439, 50.335910301638052 ], [ 20.30034547607471, 50.340168319113772 ], [ 20.293444309677142, 50.346109738847346 ], [ 20.297716460304201, 50.352249205905366 ], [ 20.303631745787825, 50.350763850971973 ], [ 20.311354479613669, 50.348783377727457 ], [ 20.328771709093232, 50.352348229567596 ], [ 20.33846620474695, 50.358685743950062 ], [ 20.330414843949796, 50.364924234670312 ], [ 20.323020737095263, 50.370568583417196 ], [ 20.322034856181318, 50.375222695541837 ], [ 20.320063094353443, 50.384233848804413 ], [ 20.31201173355629, 50.387303582333416 ], [ 20.306260761558335, 50.389581126564622 ], [ 20.302974491845205, 50.398493256164969 ], [ 20.302974491845205, 50.398592279827199 ], [ 20.30281017835955, 50.398691303489429 ], [ 20.293279996191487, 50.40562295984526 ], [ 20.290322353449682, 50.413940947472256 ], [ 20.288679218593117, 50.418892130583558 ], [ 20.279806290367674, 50.422060887774791 ], [ 20.26682552500084, 50.426615976237201 ], [ 20.261238866488526, 50.441370501908892 ], [ 20.268468659857405, 50.45493674363388 ], [ 20.271261989113555, 50.460085974069628 ], [ 20.272905123970119, 50.469988340292247 ], [ 20.26748277894346, 50.468899080007759 ], [ 20.263374941802056, 50.468205914372177 ], [ 20.249901235978257, 50.474444405092427 ], [ 20.249408295521278, 50.476127807350267 ], [ 20.248915355064312, 50.477811209608106 ], [ 20.243493010037653, 50.479989730177081 ], [ 20.240371053810193, 50.479692659190405 ], [ 20.22722597495769, 50.478603398905918 ], [ 20.221310689474066, 50.487317481181819 ], [ 20.219996181588826, 50.489099907101888 ], [ 20.215395403990442, 50.489694049075254 ], [ 20.211451880334693, 50.490189167386376 ], [ 20.207344043193288, 50.492961829928717 ], [ 20.203729146508849, 50.495239374159908 ], [ 20.184175841715771, 50.492664758942027 ], [ 20.173331151662452, 50.491179404008648 ], [ 20.165115477379643, 50.484742865963938 ], [ 20.134717482533247, 50.489000883439672 ], [ 20.131595526305787, 50.489396978088564 ], [ 20.127816316135693, 50.488406741466306 ], [ 20.113849669854915, 50.484742865963938 ], [ 20.091503035805673, 50.490189167386376 ], [ 20.094132051576167, 50.494150113875421 ], [ 20.095610872947077, 50.496427658106626 ], [ 20.086080690779013, 50.499200320648953 ], [ 20.085094809865069, 50.499497391635643 ], [ 20.085094809865069, 50.499794462622319 ], [ 20.083780301979829, 50.504151503760269 ], [ 20.076386195125295, 50.509597805182707 ], [ 20.055354068961293, 50.511182183778317 ], [ 20.050096037420303, 50.506032953342569 ], [ 20.050096037420303, 50.505933929680339 ], [ 20.049603096963338, 50.505834906018109 ], [ 20.04303055753708, 50.505537835031433 ], [ 20.041551736166184, 50.504151503760269 ], [ 20.0381011529674, 50.500586651920131 ], [ 20.03169292702681, 50.500685675582346 ], [ 20.029556851713281, 50.504151503760269 ], [ 20.027092149428427, 50.508112450249314 ], [ 20.007045904178369, 50.515539224916267 ], [ 19.973525953104513, 50.520391384365354 ], [ 19.970239683391384, 50.515539224916267 ], [ 19.950029124655671, 50.504745645733621 ], [ 19.935076597460963, 50.502765172489106 ], [ 19.913058590383031, 50.511281207440547 ], [ 19.909115066727281, 50.521678691974287 ], [ 19.902213900329713, 50.53930490385055 ], [ 19.885782551764095, 50.540889282446159 ], [ 19.857192005259918, 50.5436619449885 ], [ 19.851441033261949, 50.548118009788666 ], [ 19.842403791550851, 50.554851618820052 ], [ 19.819564217044643, 50.554653571495592 ], [ 19.788673281741282, 50.554455524171146 ], [ 19.789823476140867, 50.567328600260538 ], [ 19.80362580893599, 50.565942268989374 ], [ 19.80822658653436, 50.568417860545026 ], [ 19.816113633845859, 50.57257685435853 ], [ 19.824329308128668, 50.581984102270013 ], [ 19.840103402751666, 50.591193302857036 ], [ 19.847990450063165, 50.605749781204281 ], [ 19.85061946583366, 50.610799987977813 ], [ 19.859656707544758, 50.620306259551526 ], [ 19.88413941690753, 50.617632620671429 ], [ 19.896462928331744, 50.616246289400252 ], [ 19.903528408214967, 50.619613093915945 ], [ 19.909936634155557, 50.629911554787469 ], [ 19.91979544329493, 50.636249069169935 ], [ 19.91979544329493, 50.639021731712262 ], [ 19.909115066727281, 50.641398299605697 ], [ 19.890547642848119, 50.637833447765559 ], [ 19.889890388905499, 50.637734424103328 ], [ 19.889233134962879, 50.638229542414464 ], [ 19.87953863930916, 50.645557293419188 ], [ 19.865736306514037, 50.645953388068094 ], [ 19.857027691774263, 50.646250459054784 ], [ 19.834681057725007, 50.652389926112804 ], [ 19.839610462294701, 50.660014748104217 ], [ 19.836159879095916, 50.668629806717888 ], [ 19.84782613657751, 50.667342499108941 ], [ 19.862121409829598, 50.665857144175547 ], [ 19.860642588458688, 50.672986847855839 ], [ 19.860149648001723, 50.675957557722626 ], [ 19.862614350286563, 50.677640959980465 ], [ 19.871487278512006, 50.683879450700715 ], [ 19.871651591997662, 50.693088651287738 ], [ 19.861957096343943, 50.691900367341034 ], [ 19.851769660233259, 50.690712083394317 ], [ 19.849140644462764, 50.697445692425688 ], [ 19.8474975096062, 50.701802733563639 ], [ 19.842403791550851, 50.705268561741562 ], [ 19.830573220583602, 50.705466609066008 ], [ 19.81003403487658, 50.705664656390468 ], [ 19.80691207864912, 50.713190454719651 ], [ 19.80724070562043, 50.715467998950842 ], [ 19.808883840476994, 50.725172317849015 ], [ 19.80477600333559, 50.724281104888973 ], [ 19.800503852708516, 50.717745543182048 ], [ 19.800175225737206, 50.717547495857602 ], [ 19.798696404366311, 50.717745543182048 ], [ 19.779307413058874, 50.721409418684416 ], [ 19.76698390163466, 50.717745543182048 ], [ 19.760082735237091, 50.715864093599748 ], [ 19.712924764853767, 50.72913326433806 ], [ 19.717525542452137, 50.733787376462686 ], [ 19.713910645767697, 50.739134654222894 ], [ 19.706680852398833, 50.749532138756635 ], [ 19.709474181654983, 50.760721812588201 ], [ 19.721140439136576, 50.760919859912647 ], [ 19.723769454907071, 50.766960303308437 ], [ 19.729684740390695, 50.769831989512994 ], [ 19.734778458446044, 50.767554445281803 ], [ 19.737078847245229, 50.762108143859365 ], [ 19.737736101187849, 50.760325717939295 ], [ 19.745130208042383, 50.75804817370809 ], [ 19.759261167808816, 50.767752492606249 ], [ 19.764026258892841, 50.771119297121942 ], [ 19.76550508026375, 50.771020273459712 ], [ 19.77010585786212, 50.770723202473036 ], [ 19.76911997694819, 50.772901723042011 ], [ 19.76665527466335, 50.777357787842192 ], [ 19.778157218659274, 50.778348024464449 ], [ 19.780621920944128, 50.778546071788895 ], [ 19.791795237968742, 50.782903112926846 ], [ 19.787194460370372, 50.791023053229395 ], [ 19.784401131114208, 50.7933005974606 ], [ 19.777992905173619, 50.798449827896349 ], [ 19.784729758085533, 50.816967252732638 ], [ 19.795245821167526, 50.816769205408193 ], [ 19.8051046303069, 50.806569768198898 ], [ 19.80789795956305, 50.803797105656571 ], [ 19.821043038415553, 50.805975626225546 ], [ 19.819728530530298, 50.815184826812569 ], [ 19.819235590073333, 50.818749678652708 ], [ 19.823507740700393, 50.820235033586101 ], [ 19.829915966640982, 50.822512577817307 ], [ 19.821043038415553, 50.83627686686674 ], [ 19.80855521350567, 50.843802665195923 ], [ 19.776349770317054, 50.85479429170303 ], [ 19.760082735237091, 50.860339616787698 ], [ 19.758275286894872, 50.86103278242328 ], [ 19.755646271124377, 50.862716184681119 ], [ 19.753838822782157, 50.863805444965607 ], [ 19.747101969870258, 50.865983965534582 ], [ 19.760082735237091, 50.872222456254832 ], [ 19.77404938151787, 50.877965828663946 ], [ 19.777171337745344, 50.884303343046412 ], [ 19.785715638999463, 50.886976981926523 ], [ 19.794752880710561, 50.907078785358436 ], [ 19.808390900020015, 50.907177809020652 ], [ 19.833695176811077, 50.916882127918825 ], [ 19.845525747778325, 50.930250322319353 ], [ 19.848319077034475, 50.935399552755101 ], [ 19.84355398595045, 50.944905824328814 ], [ 19.834681057725007, 50.949361889128994 ], [ 19.829094399212707, 50.968869550587542 ], [ 19.8474975096062, 50.994120584455203 ], [ 19.862450036800908, 51.004617092651173 ], [ 19.860971215430013, 51.016103837469416 ], [ 19.867379441370602, 51.023134517487463 ], [ 19.864750425600093, 51.030165197505525 ], [ 19.872801786397247, 51.039968540065914 ], [ 19.876745310052996, 51.047593362057327 ], [ 19.88446804387884, 51.047593362057327 ], [ 19.898270376673963, 51.028580818909901 ], [ 19.935733851403583, 51.024223777771951 ], [ 19.937048359288838, 51.010855583371423 ], [ 19.948385989799107, 51.012340938304817 ], [ 19.95725891802455, 51.004022950677822 ], [ 19.958080485452825, 50.990555732615064 ], [ 20.017726280746032, 50.962234965218386 ], [ 20.026927835942772, 50.971741236792099 ], [ 20.03629370462518, 50.97431585200998 ], [ 20.039415660852654, 50.990159637966158 ], [ 20.03448625628296, 50.991446945575106 ], [ 20.033171748397706, 50.995209844739691 ], [ 20.041387422680529, 51.001547359122171 ], [ 20.042701930565769, 51.002636619406658 ], [ 20.050096037420303, 51.016598955780537 ], [ 20.048781529535049, 51.046207030786164 ], [ 20.048617216049394, 51.052841616155305 ], [ 20.050096037420303, 51.054128923764253 ], [ 20.055025441989983, 51.057990846591068 ], [ 20.051574858791213, 51.062743982377924 ], [ 20.045988200278899, 51.061852769417882 ], [ 20.04089448222355, 51.068883449435944 ], [ 20.003923947950909, 51.072448301276083 ], [ 19.983877702700852, 51.074428774520612 ], [ 19.986671031957002, 51.083340904120959 ], [ 19.992093376983661, 51.100670045010531 ], [ 19.989300047727511, 51.121663061402472 ], [ 19.987985539842256, 51.131961522273997 ], [ 19.990121615155786, 51.13334785354516 ], [ 19.993736511840225, 51.135625397776366 ], [ 19.992257690469316, 51.138200012994247 ], [ 19.990943182584061, 51.140378533563222 ], [ 20.009839233434533, 51.153053562328168 ], [ 20.011810995262408, 51.153449656977074 ], [ 20.019862356059562, 51.155034035572683 ], [ 20.023970193200967, 51.163054952213002 ], [ 20.013289816633318, 51.17048172687997 ], [ 19.993900825325881, 51.183948944942713 ], [ 20.015261578461192, 51.196425926383213 ], [ 20.048945843020704, 51.202070275130097 ], [ 20.058147398217457, 51.19919858892554 ], [ 20.058147398217457, 51.198802494276634 ], [ 20.059133279131387, 51.19325716919198 ], [ 20.067841893871176, 51.195831784409862 ], [ 20.11680731259672, 51.190682553974099 ], [ 20.15492804126896, 51.19325716919198 ], [ 20.1573927435538, 51.195336666098726 ], [ 20.160021759324309, 51.197614210329931 ], [ 20.170044881949337, 51.196822021032119 ], [ 20.178260556232146, 51.196128855396537 ], [ 20.179082123660422, 51.200881991183394 ], [ 20.180232318060021, 51.206526339930278 ], [ 20.197649547539569, 51.20543707964579 ], [ 20.198635428453514, 51.204545866685763 ], [ 20.203729146508849, 51.199792730898906 ], [ 20.207836983650267, 51.203555630063491 ], [ 20.213752269133877, 51.208803884161483 ], [ 20.216874225361352, 51.202565393441233 ], [ 20.218353046732261, 51.199495659912216 ], [ 20.232155379527384, 51.20108003850784 ], [ 20.234784395297879, 51.204248795699073 ], [ 20.237413411068374, 51.20731852922809 ], [ 20.241356934724124, 51.20741755289032 ], [ 20.251544370834807, 51.207516576552536 ], [ 20.263703568773366, 51.218013084748506 ], [ 20.257952596775411, 51.220191605317481 ], [ 20.252037311291787, 51.222469149548687 ], [ 20.253351819177027, 51.228707640268937 ], [ 20.254994954033592, 51.23643148592258 ], [ 20.252037311291787, 51.24049145607384 ], [ 20.246122025808162, 51.24247192931837 ], [ 20.242835756095033, 51.243462165940628 ], [ 20.243657323523308, 51.247027017780766 ], [ 20.244478890951598, 51.250789916945365 ], [ 20.244971831408563, 51.25286941385211 ], [ 20.241028307752813, 51.255543052732222 ], [ 20.259924358603286, 51.258018644287873 ], [ 20.262389060888125, 51.255444029069992 ], [ 20.261896120431146, 51.253661603149922 ], [ 20.261238866488526, 51.251384058918717 ], [ 20.275534139740614, 51.245046544536251 ], [ 20.308232523386209, 51.243363142278398 ], [ 20.319570153896478, 51.249700656660877 ], [ 20.331729351835037, 51.256533289354479 ], [ 20.352761477999039, 51.250492845958689 ], [ 20.355719120740844, 51.24692799411855 ], [ 20.359991271367903, 51.241580716358328 ], [ 20.370178707478587, 51.237421722544838 ], [ 20.379708889646651, 51.245937757496279 ], [ 20.377901441304431, 51.253166484838786 ], [ 20.375929679476556, 51.26098935415466 ], [ 20.382830845874125, 51.263068851061405 ], [ 20.384802607701999, 51.263762016696987 ], [ 20.389403385300369, 51.272575122635118 ], [ 20.37938026267534, 51.288319884929066 ], [ 20.365742243365872, 51.309609972307697 ], [ 20.386281429072909, 51.31872014923249 ], [ 20.403205718095492, 51.31901722021918 ], [ 20.411257078892646, 51.319215267543626 ], [ 20.413393154206176, 51.321294764450371 ], [ 20.411750019349611, 51.323374261357131 ], [ 20.409613944036082, 51.326146923899458 ], [ 20.415693543005361, 51.326344971223904 ], [ 20.421608828488985, 51.326642042210594 ], [ 20.425059411687769, 51.33307858025529 ], [ 20.432124891570979, 51.335158077162035 ], [ 20.432782145513613, 51.339416094637755 ], [ 20.434918220827143, 51.341891686193406 ], [ 20.450035061507506, 51.339019999988849 ], [ 20.462522886417389, 51.335950266459847 ], [ 20.463673080816974, 51.334761982513129 ], [ 20.466466410073124, 51.331791272646342 ], [ 20.484705206980976, 51.331593225321896 ], [ 20.507216154515874, 51.33129615433522 ], [ 20.515431828798683, 51.317036746974651 ], [ 20.510502424228989, 51.308817783009886 ], [ 20.506230273601929, 51.30852071202321 ], [ 20.495385583548625, 51.307827546387614 ], [ 20.49489264309166, 51.299707606085079 ], [ 20.498836166747409, 51.294360328324871 ], [ 20.505901646630619, 51.293766186351505 ], [ 20.506723214058908, 51.293667162689289 ], [ 20.506558900573239, 51.293370091702599 ], [ 20.503929884802744, 51.287824766617945 ], [ 20.505737333144964, 51.285052104075604 ], [ 20.525454951423711, 51.278516542368678 ], [ 20.53087729645037, 51.276734116448608 ], [ 20.534656506620451, 51.268812223470519 ], [ 20.533177685249555, 51.267326868537126 ], [ 20.527262399765931, 51.261088377816876 ], [ 20.536792581933994, 51.25465183977218 ], [ 20.533177685249555, 51.247621159754132 ], [ 20.545665510159424, 51.231084208162358 ], [ 20.566040382380791, 51.231579326473494 ], [ 20.569490965579575, 51.238312935504865 ], [ 20.569819592550886, 51.238808053816001 ], [ 20.579349774718949, 51.244353378900669 ], [ 20.605311305452631, 51.246531899469645 ], [ 20.61056933699362, 51.24247192931837 ], [ 20.612541098821495, 51.240194385087165 ], [ 20.620099519161684, 51.231480302811264 ], [ 20.634394792413772, 51.223360362508728 ], [ 20.651812021893335, 51.21781503742406 ], [ 20.663971219831893, 51.213854090935016 ], [ 20.674815909885197, 51.210388262757093 ], [ 20.699791559704948, 51.195336666098726 ], [ 20.701763321532823, 51.18266163733378 ], [ 20.695683722563544, 51.178700690844735 ], [ 20.68516765948155, 51.171769034488904 ], [ 20.686317853881135, 51.166223709404235 ], [ 20.687468048280735, 51.160777407981797 ], [ 20.687796675252045, 51.159292053048404 ], [ 20.68582491342417, 51.151271136408099 ], [ 20.697655484391419, 51.150082852461381 ], [ 20.706857039588158, 51.160876431644027 ], [ 20.714579773414002, 51.169887584906604 ], [ 20.723124074668121, 51.172264152800039 ], [ 20.76913185065186, 51.157509627128334 ], [ 20.767488715795309, 51.15186527838145 ], [ 20.767160088823985, 51.150577970772517 ], [ 20.770117731565804, 51.148696521190217 ], [ 20.781455362076088, 51.146022882310106 ], [ 20.784248691332238, 51.148102379216851 ], [ 20.789342409387572, 51.152162349368126 ], [ 20.804952190524915, 51.148003355554636 ], [ 20.813003551322069, 51.14582483498566 ], [ 20.821712166061857, 51.157806698115024 ], [ 20.816782761492163, 51.159094005723958 ], [ 20.809224341151975, 51.161173502630703 ], [ 20.821547852576202, 51.178403619858059 ], [ 20.849974085594724, 51.170580750542186 ], [ 20.853588982279163, 51.172957318435621 ], [ 20.859339954277118, 51.169293442933252 ], [ 20.859175640791463, 51.166421756728695 ], [ 20.868705822959527, 51.160876431644027 ], [ 20.8797148264985, 51.154439893599331 ], [ 20.895324607635828, 51.169986608568834 ], [ 20.904854789803892, 51.179492880142547 ], [ 20.906333611174801, 51.178898738169181 ], [ 20.908141059517021, 51.178205572533599 ], [ 20.908962626945296, 51.180978235075941 ], [ 20.911098702258826, 51.189197199040706 ], [ 20.913563404543666, 51.188206962418448 ], [ 20.920793197912545, 51.195336666098726 ], [ 20.938210427392107, 51.188405009742894 ], [ 20.941332383619567, 51.187216725796176 ], [ 20.967951168295883, 51.17652217027576 ], [ 20.965815092982339, 51.174244626044555 ], [ 20.965322152525374, 51.173848531395649 ], [ 20.977481350463933, 51.168996371946577 ], [ 20.983725262918867, 51.166520780390925 ], [ 20.999499357541865, 51.159589124035094 ], [ 20.99752759571399, 51.156816461492753 ], [ 20.99440563948653, 51.152558444017032 ], [ 20.998184849656624, 51.144933622025619 ], [ 21.022503245533741, 51.150181876123611 ], [ 21.021845991591107, 51.151271136408099 ], [ 21.019874229763232, 51.154736964586007 ], [ 21.024146380390306, 51.158400840088376 ], [ 21.044685566097328, 51.157806698115024 ], [ 21.056023196607597, 51.157509627128334 ], [ 21.069003961974445, 51.173452436746743 ], [ 21.07311179911585, 51.184642110578295 ], [ 21.074590620486759, 51.198109328641053 ], [ 21.071140037287975, 51.202862464427909 ], [ 21.068346708031825, 51.206922434579184 ], [ 21.07245454517323, 51.210784357405998 ], [ 21.10909645247456, 51.2012780858323 ], [ 21.10942507944587, 51.196623973707659 ], [ 21.109589392931525, 51.194148382152008 ], [ 21.112054095216365, 51.192762050880845 ], [ 21.118133694185644, 51.189395246365152 ], [ 21.117640753728679, 51.184047968604943 ], [ 21.11090390081678, 51.177611430560248 ], [ 21.096608627564692, 51.16404518883526 ], [ 21.092336476937632, 51.156420366843847 ], [ 21.113861543558585, 51.146716047945688 ], [ 21.125363487554523, 51.141665841172156 ], [ 21.127663876353708, 51.139190249616505 ], [ 21.137522685493082, 51.128198623109398 ], [ 21.14902462948902, 51.127307410149371 ], [ 21.155432855429609, 51.126911315500465 ], [ 21.159212065599704, 51.105324157135158 ], [ 21.156911676800519, 51.103739778539548 ], [ 21.152310899202135, 51.100471997686086 ], [ 21.151982272230825, 51.087004779623328 ], [ 21.155925795886574, 51.080370194254172 ], [ 21.240218614028208, 51.082449691160932 ], [ 21.311037726346044, 51.084232117081001 ], [ 21.351458843817468, 51.084826259054353 ], [ 21.356059621415838, 51.07977605228082 ], [ 21.355402367473218, 51.072151230289407 ], [ 21.355073740501908, 51.066605905204739 ], [ 21.361481966442497, 51.066110786893617 ], [ 21.368711759811362, 51.065615668582481 ], [ 21.371505089067526, 51.061258627444531 ], [ 21.372819596952766, 51.059179130537785 ], [ 21.37627018015155, 51.058882059551109 ], [ 21.383171346549119, 51.058287917577744 ], [ 21.382842719577795, 51.050167977275208 ], [ 21.382514092606485, 51.040463658377035 ], [ 21.395659171458988, 51.037492948510263 ], [ 21.404860726655727, 51.035413451603503 ], [ 21.404203472713107, 51.034621262305706 ], [ 21.402560337856542, 51.032739812723406 ], [ 21.410776012139351, 51.030858363141107 ], [ 21.41619835716601, 51.030462268492201 ], [ 21.429179122532858, 51.029670079194389 ], [ 21.430329316932443, 51.025709132705344 ], [ 21.430329316932443, 51.025511085380899 ], [ 21.463520641035004, 51.013133127602629 ], [ 21.488331977369086, 51.021055020580718 ], [ 21.498190786508459, 51.030561292154431 ], [ 21.49704059210886, 51.031848599763364 ], [ 21.49243981451049, 51.036997830199127 ], [ 21.502298623649864, 51.03848318513252 ], [ 21.506406460791268, 51.039176350768102 ], [ 21.505091952906014, 51.042048036972659 ], [ 21.503120191078139, 51.046207030786164 ], [ 21.513307627188823, 51.057792799266622 ], [ 21.532203678039295, 51.059971319835597 ], [ 21.543212681578254, 51.05274259249309 ], [ 21.548306399633603, 51.049474811639627 ], [ 21.555864819973792, 51.051851379533048 ], [ 21.578211454023034, 51.059080106875555 ], [ 21.591356532875523, 51.058783035888879 ], [ 21.610909837668615, 51.063635195337952 ], [ 21.619454138922734, 51.061753745755667 ], [ 21.621261587264954, 51.061357651106761 ], [ 21.630298828976052, 51.063437148013506 ] ], [ [ 19.791959551454397, 50.80538148425218 ], [ 19.789823476140867, 50.809936572714591 ], [ 19.784894071571188, 50.807064886510034 ], [ 19.789001908712592, 50.804490271292153 ], [ 19.791959551454397, 50.80538148425218 ] ] ] } },
{ "type": "Feature", "properties": { "index": 1573, "nuts_2_code": "PL22", "nuts_2_name": "Śląskie" }, "geometry": { "type": "MultiPolygon", "coordinates": [ [ [ [ 19.242988195877004, 51.036799782874681 ], [ 19.251368183645482, 51.039077327105872 ], [ 19.253339945473357, 51.037591972172478 ], [ 19.260405425356566, 51.0323437180745 ], [ 19.264841889469281, 51.03214567075004 ], [ 19.279958730149659, 51.039770492741454 ], [ 19.289817539289032, 51.04472167585277 ], [ 19.301976737227591, 51.043731439230498 ], [ 19.31265711379524, 51.047395314732867 ], [ 19.321201415049359, 51.046108007123934 ], [ 19.330895910703077, 51.039275374430332 ], [ 19.325309252190763, 51.033631025683434 ], [ 19.319393966707153, 51.027491558625414 ], [ 19.319558280192808, 51.020658925931812 ], [ 19.325802192647743, 51.017985287051701 ], [ 19.327445327504307, 51.013133127602629 ], [ 19.339604525442866, 51.011647772669235 ], [ 19.346670005326075, 51.010855583371423 ], [ 19.360143711149888, 51.004815139975634 ], [ 19.357186068408069, 51.001349311797711 ], [ 19.352749604295354, 50.996101057699732 ], [ 19.356364500979794, 50.993031324170715 ], [ 19.378711135029036, 50.995209844739691 ], [ 19.380682896856911, 50.996200081361962 ], [ 19.390377392510629, 51.000854193486589 ], [ 19.400564828621313, 50.994516679104109 ], [ 19.410095010789377, 50.98065336639246 ], [ 19.407137368047557, 50.977583632863443 ], [ 19.404672665762718, 50.974810970321116 ], [ 19.410095010789377, 50.971147094818747 ], [ 19.411409518674617, 50.97421682834775 ], [ 19.411573832160272, 50.97421682834775 ], [ 19.415681669301691, 50.97431585200998 ], [ 19.430962823467709, 50.965007627760727 ], [ 19.434413406666494, 50.954511119564756 ], [ 19.437535362893954, 50.944806800666584 ], [ 19.448051425975962, 50.934805410781749 ], [ 19.454623965402206, 50.931636653590516 ], [ 19.463496893627635, 50.927378636114796 ], [ 19.469083552139949, 50.916287985945459 ], [ 19.46727610379773, 50.911039731847481 ], [ 19.464975714998545, 50.909653400576303 ], [ 19.46333258014198, 50.908663163954046 ], [ 19.46415414757027, 50.898364703082535 ], [ 19.470891000482169, 50.893908638282355 ], [ 19.472862762310044, 50.892522307011191 ], [ 19.472534135338734, 50.892126212362285 ], [ 19.468919238654294, 50.887670147562105 ], [ 19.487979602990421, 50.879847278246245 ], [ 19.49685253121585, 50.880045325570691 ], [ 19.50145330881422, 50.883115059099708 ], [ 19.502110562756855, 50.883511153748614 ], [ 19.50326075715644, 50.883115059099708 ], [ 19.509176042640064, 50.881035562192949 ], [ 19.514105447209758, 50.884798461357548 ], [ 19.526428958633971, 50.894304732931261 ], [ 19.553047743310273, 50.900543223651511 ], [ 19.566357135648431, 50.907771950994018 ], [ 19.577530452673045, 50.907177809020652 ], [ 19.593797487753008, 50.899354939704793 ], [ 19.607764134033786, 50.884501390370872 ], [ 19.613515106031755, 50.878361923312852 ], [ 19.623209601685474, 50.878857041623974 ], [ 19.638819382822817, 50.879649230921785 ], [ 19.659687195501149, 50.874995118797159 ], [ 19.658865628072874, 50.866677131170164 ], [ 19.658537001101564, 50.863310326654471 ], [ 19.661330330357714, 50.854497220716354 ], [ 19.685155785777866, 50.844990949142641 ], [ 19.726069843706256, 50.843505594209248 ], [ 19.72984905387635, 50.849447013942822 ], [ 19.743158446214508, 50.8528138184585 ], [ 19.747101969870258, 50.865983965534582 ], [ 19.753838822782157, 50.863805444965607 ], [ 19.755646271124377, 50.862716184681119 ], [ 19.758275286894872, 50.86103278242328 ], [ 19.760082735237091, 50.860339616787698 ], [ 19.776349770317054, 50.85479429170303 ], [ 19.80855521350567, 50.843802665195923 ], [ 19.821043038415553, 50.83627686686674 ], [ 19.829915966640982, 50.822512577817307 ], [ 19.823507740700393, 50.820235033586101 ], [ 19.819235590073333, 50.818749678652708 ], [ 19.819728530530298, 50.815184826812569 ], [ 19.821043038415553, 50.805975626225546 ], [ 19.80789795956305, 50.803797105656571 ], [ 19.8051046303069, 50.806569768198898 ], [ 19.795245821167526, 50.816769205408193 ], [ 19.784729758085533, 50.816967252732638 ], [ 19.777992905173619, 50.798449827896349 ], [ 19.784401131114208, 50.7933005974606 ], [ 19.787194460370372, 50.791023053229395 ], [ 19.791795237968742, 50.782903112926846 ], [ 19.780621920944128, 50.778546071788895 ], [ 19.778157218659274, 50.778348024464449 ], [ 19.76665527466335, 50.777357787842192 ], [ 19.76911997694819, 50.772901723042011 ], [ 19.77010585786212, 50.770723202473036 ], [ 19.76550508026375, 50.771020273459712 ], [ 19.764026258892841, 50.771119297121942 ], [ 19.759261167808816, 50.767752492606249 ], [ 19.745130208042383, 50.75804817370809 ], [ 19.737736101187849, 50.760325717939295 ], [ 19.737078847245229, 50.762108143859365 ], [ 19.734778458446044, 50.767554445281803 ], [ 19.729684740390695, 50.769831989512994 ], [ 19.723769454907071, 50.766960303308437 ], [ 19.721140439136576, 50.760919859912647 ], [ 19.709474181654983, 50.760721812588201 ], [ 19.706680852398833, 50.749532138756635 ], [ 19.713910645767697, 50.739134654222894 ], [ 19.717525542452137, 50.733787376462686 ], [ 19.712924764853767, 50.72913326433806 ], [ 19.760082735237091, 50.715864093599748 ], [ 19.76698390163466, 50.717745543182048 ], [ 19.779307413058874, 50.721409418684416 ], [ 19.798696404366311, 50.717745543182048 ], [ 19.800175225737206, 50.717547495857602 ], [ 19.800503852708516, 50.717745543182048 ], [ 19.80477600333559, 50.724281104888973 ], [ 19.808883840476994, 50.725172317849015 ], [ 19.80724070562043, 50.715467998950842 ], [ 19.80691207864912, 50.713190454719651 ], [ 19.81003403487658, 50.705664656390468 ], [ 19.830573220583602, 50.705466609066008 ], [ 19.842403791550851, 50.705268561741562 ], [ 19.8474975096062, 50.701802733563639 ], [ 19.849140644462764, 50.697445692425688 ], [ 19.851769660233259, 50.690712083394317 ], [ 19.861957096343943, 50.691900367341034 ], [ 19.871651591997662, 50.693088651287738 ], [ 19.871487278512006, 50.683879450700715 ], [ 19.862614350286563, 50.677640959980465 ], [ 19.860149648001723, 50.675957557722626 ], [ 19.860642588458688, 50.672986847855839 ], [ 19.862121409829598, 50.665857144175547 ], [ 19.84782613657751, 50.667342499108941 ], [ 19.836159879095916, 50.668629806717888 ], [ 19.839610462294701, 50.660014748104217 ], [ 19.834681057725007, 50.652389926112804 ], [ 19.857027691774263, 50.646250459054784 ], [ 19.865736306514037, 50.645953388068094 ], [ 19.87953863930916, 50.645557293419188 ], [ 19.889233134962879, 50.638229542414464 ], [ 19.889890388905499, 50.637734424103328 ], [ 19.890547642848119, 50.637833447765559 ], [ 19.909115066727281, 50.641398299605697 ], [ 19.91979544329493, 50.639021731712262 ], [ 19.91979544329493, 50.636249069169935 ], [ 19.909936634155557, 50.629911554787469 ], [ 19.903528408214967, 50.619613093915945 ], [ 19.896462928331744, 50.616246289400252 ], [ 19.88413941690753, 50.617632620671429 ], [ 19.859656707544758, 50.620306259551526 ], [ 19.85061946583366, 50.610799987977813 ], [ 19.847990450063165, 50.605749781204281 ], [ 19.840103402751666, 50.591193302857036 ], [ 19.824329308128668, 50.581984102270013 ], [ 19.816113633845859, 50.57257685435853 ], [ 19.80822658653436, 50.568417860545026 ], [ 19.80362580893599, 50.565942268989374 ], [ 19.789823476140867, 50.567328600260538 ], [ 19.788673281741282, 50.554455524171146 ], [ 19.819564217044643, 50.554653571495592 ], [ 19.842403791550851, 50.554851618820052 ], [ 19.851441033261949, 50.548118009788666 ], [ 19.857192005259918, 50.5436619449885 ], [ 19.885782551764095, 50.540889282446159 ], [ 19.902213900329713, 50.53930490385055 ], [ 19.909115066727281, 50.521678691974287 ], [ 19.913058590383031, 50.511281207440547 ], [ 19.935076597460963, 50.502765172489106 ], [ 19.950029124655671, 50.504745645733621 ], [ 19.953151080883146, 50.494645232186556 ], [ 19.958409112424135, 50.491278427670863 ], [ 19.96399577093645, 50.487614552168495 ], [ 19.971389877790983, 50.475731712701361 ], [ 19.96185969562292, 50.476622925661403 ], [ 19.939020121116698, 50.478702422568148 ], [ 19.900077825016183, 50.472067837198992 ], [ 19.893998226046904, 50.46523520450539 ], [ 19.898434690159618, 50.460383045056318 ], [ 19.900570765473148, 50.458006477162883 ], [ 19.900242138501838, 50.453847483349392 ], [ 19.877073937024321, 50.450579702495929 ], [ 19.854234362518099, 50.447311921642466 ], [ 19.851112406290639, 50.443945117126773 ], [ 19.851605346747604, 50.440776359935541 ], [ 19.852426914175879, 50.435726153162008 ], [ 19.84453986686438, 50.434240798228615 ], [ 19.836159879095916, 50.438399792042105 ], [ 19.819071276587678, 50.43622127147313 ], [ 19.812334423675765, 50.435429082175318 ], [ 19.809541094419615, 50.437013460770942 ], [ 19.799189344823276, 50.443053904166732 ], [ 19.782265055800679, 50.44047928894885 ], [ 19.758439600380527, 50.443945117126773 ], [ 19.73067062130464, 50.443846093464543 ], [ 19.729684740390695, 50.443449998815638 ], [ 19.723769454907071, 50.441271478246662 ], [ 19.708652614226708, 50.443648046140098 ], [ 19.708159673769728, 50.445034377411261 ], [ 19.707173792855798, 50.447708016291372 ], [ 19.702080074800449, 50.448005087278048 ], [ 19.69600047583117, 50.439092957677687 ], [ 19.69353577354633, 50.435528105837548 ], [ 19.687456174577051, 50.434933963864196 ], [ 19.678747559837277, 50.433943727241939 ], [ 19.665931107956084, 50.426219881588295 ], [ 19.666752675384373, 50.424734526654902 ], [ 19.669381691154868, 50.41958529621914 ], [ 19.667902869783958, 50.416020444379001 ], [ 19.636518994023632, 50.409385859009845 ], [ 19.634547232195757, 50.410277071969887 ], [ 19.627481752312534, 50.413742900147795 ], [ 19.621730780314564, 50.410574142956563 ], [ 19.611871971175191, 50.405127841534124 ], [ 19.602999042949762, 50.404830770547449 ], [ 19.593797487753008, 50.408098551400911 ], [ 19.588868083183328, 50.409880977320981 ], [ 19.567343016562361, 50.407999527738681 ], [ 19.566028508677121, 50.411366332254374 ], [ 19.561756358050047, 50.411861450565496 ], [ 19.547789711769269, 50.41354485282335 ], [ 19.544010501599189, 50.418694083259112 ], [ 19.538423843086875, 50.419882367205815 ], [ 19.517884657379838, 50.416317515365677 ], [ 19.510819177496629, 50.408494646049817 ], [ 19.504246638070384, 50.40126591870731 ], [ 19.499152920015035, 50.399681540111686 ], [ 19.488308229961731, 50.396314735595993 ], [ 19.489622737846972, 50.383045564857696 ], [ 19.491101559217881, 50.366904707914841 ], [ 19.480092555678922, 50.368984204821587 ], [ 19.461689445285415, 50.372351009337279 ], [ 19.457417294658356, 50.367399826225963 ], [ 19.459389056486231, 50.363240832412473 ], [ 19.476313345508828, 50.357002341692223 ], [ 19.483707452363348, 50.354229679149896 ], [ 19.486993722076477, 50.34749607011851 ], [ 19.481078436592853, 50.333632757406846 ], [ 19.483871765849017, 50.323631367522012 ], [ 19.473848643223988, 50.324423556819823 ], [ 19.452159263117366, 50.319274326384061 ], [ 19.432277331352964, 50.325908911753217 ], [ 19.416503236729966, 50.331157165851195 ], [ 19.413545593988147, 50.322542107237524 ], [ 19.406480114104937, 50.317392876801762 ], [ 19.399250320736058, 50.310263173121484 ], [ 19.402372276963533, 50.305510037334628 ], [ 19.402865217420498, 50.305014919023492 ], [ 19.409273443361087, 50.302539327467841 ], [ 19.403851098334442, 50.296994002383187 ], [ 19.390541705996284, 50.289765275040665 ], [ 19.388077003711444, 50.288378943769501 ], [ 19.386926809311845, 50.284913115591593 ], [ 19.383804853084385, 50.274911725706744 ], [ 19.370495460746227, 50.270851755555483 ], [ 19.361293905549473, 50.260157200035053 ], [ 19.354721366123229, 50.264019122861882 ], [ 19.353406858237975, 50.264811312159679 ], [ 19.3458484378978, 50.265108383146369 ], [ 19.323501803848558, 50.259166963412795 ], [ 19.341247660299416, 50.249363620852407 ], [ 19.395471110565964, 50.23223252728728 ], [ 19.403522471363118, 50.232529598273956 ], [ 19.411902459131596, 50.232727645598416 ], [ 19.428826748154179, 50.22599403656703 ], [ 19.441971827006682, 50.226588178540396 ], [ 19.42307577615621, 50.214507291748802 ], [ 19.422582835699245, 50.214309244424356 ], [ 19.41781774461522, 50.211140487233109 ], [ 19.415517355816021, 50.20341664157948 ], [ 19.407301681533212, 50.206585398770713 ], [ 19.399743261193038, 50.200941050023829 ], [ 19.38741974976881, 50.199950813401557 ], [ 19.366716250576133, 50.19113770746344 ], [ 19.349956275039204, 50.189355281543371 ], [ 19.335825315272771, 50.187968950272193 ], [ 19.337797077100646, 50.182918743498661 ], [ 19.34371236258427, 50.180146080956334 ], [ 19.34798451321133, 50.178165607711804 ], [ 19.351763723381424, 50.178165607711804 ], [ 19.366058996633512, 50.178264631374034 ], [ 19.364251548291293, 50.17252125896492 ], [ 19.350942155953135, 50.173115400938272 ], [ 19.350942155953135, 50.173115400938272 ], [ 19.347820199725675, 50.170837856707081 ], [ 19.3458484378978, 50.165787649933549 ], [ 19.349134707610915, 50.164104247675695 ], [ 19.353571171723644, 50.153805786804185 ], [ 19.351599409895769, 50.151825313559655 ], [ 19.331717478131367, 50.144497562554918 ], [ 19.315121816080079, 50.142418065648172 ], [ 19.288995971860743, 50.140932710714779 ], [ 19.282752059405809, 50.141823923674821 ], [ 19.27207168283816, 50.143309278608214 ], [ 19.27486501209431, 50.133902030696731 ], [ 19.27519363906562, 50.132713746750014 ], [ 19.274043444666034, 50.132515699425554 ], [ 19.273221877237759, 50.132416675763338 ], [ 19.273550504209069, 50.131822533789972 ], [ 19.277822654836129, 50.119741646998392 ], [ 19.259255230956981, 50.116968984456051 ], [ 19.255311707301232, 50.128455729274293 ], [ 19.256133274729507, 50.131525462803296 ], [ 19.256461901700817, 50.132515699425554 ], [ 19.253832885930322, 50.134199101683407 ], [ 19.245288584676203, 50.124593806447464 ], [ 19.242166628448729, 50.117563126429417 ], [ 19.239701926163889, 50.111819754020303 ], [ 19.234443894622885, 50.10647247626008 ], [ 19.224092145026546, 50.095777920739664 ], [ 19.222613323655636, 50.089638453681644 ], [ 19.222284696684326, 50.087757004099345 ], [ 19.218012546057267, 50.082904844650258 ], [ 19.211932947087988, 50.075874164632211 ], [ 19.217190978628992, 50.074388809698817 ], [ 19.228528609139261, 50.0713190761698 ], [ 19.23362232719461, 50.065773751085146 ], [ 19.223927831540891, 50.06716008235631 ], [ 19.218012546057267, 50.060129402338248 ], [ 19.214397649372827, 50.063496206853941 ], [ 19.213576081944552, 50.064288396151753 ], [ 19.208153736917893, 50.062704017556129 ], [ 19.207332169489618, 50.062406946569453 ], [ 19.206839229032639, 50.062505970231683 ], [ 19.195337285036715, 50.064585467138428 ], [ 19.182027892698557, 50.059337213040436 ], [ 19.178412996014117, 50.057950881769273 ], [ 19.174962412815347, 50.058545023742639 ], [ 19.169047127331723, 50.059535260364896 ], [ 19.163131841848099, 50.057158692471461 ], [ 19.159516945163659, 50.051811414711253 ], [ 19.15475185407962, 50.051811414711253 ], [ 19.15557342150791, 50.04874168118225 ], [ 19.15590204847922, 50.047652420897762 ], [ 19.152780092251746, 50.044186592719839 ], [ 19.150808330423871, 50.045770971315463 ], [ 19.148507941624686, 50.047751444559978 ], [ 19.148179314653376, 50.043493427084258 ], [ 19.148179314653376, 50.041017835528606 ], [ 19.145550298882881, 50.039928575244119 ], [ 19.144400104483282, 50.039433456932983 ], [ 19.144400104483282, 50.038344196648495 ], [ 19.144071477511972, 50.032798871563841 ], [ 19.139635013399257, 50.031907658603799 ], [ 19.140785207798842, 50.024579907599062 ], [ 19.132076593059068, 50.016955085607648 ], [ 19.127311501975043, 50.013885352078645 ], [ 19.124353859233224, 50.011904878834116 ], [ 19.12024602209182, 50.009132216291789 ], [ 19.113016228722955, 49.996655234851289 ], [ 19.11663112540738, 49.99309038301115 ], [ 19.120081708606165, 49.989525531171012 ], [ 19.11712406586436, 49.985564584681967 ], [ 19.115809557979105, 49.983980206086343 ], [ 19.116466811921725, 49.980613401570665 ], [ 19.111208780380736, 49.977543668041648 ], [ 19.111701720837701, 49.973384674228157 ], [ 19.117945633292635, 49.972196390281439 ], [ 19.12271072437666, 49.971206153659182 ], [ 19.119095827692234, 49.968037396467935 ], [ 19.121889156948384, 49.963284260681093 ], [ 19.115809557979105, 49.959224290529818 ], [ 19.108415451124571, 49.960511598138751 ], [ 19.102993106097927, 49.956451627987477 ], [ 19.093134296958553, 49.956649675311937 ], [ 19.087054697989274, 49.95387701276961 ], [ 19.085740190104019, 49.950213137267241 ], [ 19.097570761071267, 49.951302397551729 ], [ 19.105786435354077, 49.943182457249179 ], [ 19.12271072437666, 49.938528345124553 ], [ 19.127311501975043, 49.938726392448999 ], [ 19.15836675076406, 49.939914676395716 ], [ 19.164446349733339, 49.944370741195897 ], [ 19.167568305960813, 49.946549261764872 ], [ 19.184985535440376, 49.950114113605011 ], [ 19.184985535440376, 49.939320534422365 ], [ 19.185149848926031, 49.921100180572751 ], [ 19.188764745610456, 49.919812872963817 ], [ 19.190736507438331, 49.919119707328221 ], [ 19.19369415018015, 49.913376334919107 ], [ 19.195008658065404, 49.88763018274031 ], [ 19.180877698298957, 49.882282904980102 ], [ 19.173483591444437, 49.879510242437775 ], [ 19.157052242878819, 49.865151811414975 ], [ 19.170361635216963, 49.854061161245653 ], [ 19.175126726301002, 49.853863113921207 ], [ 19.194515717608425, 49.859309415343645 ], [ 19.19435140412277, 49.862775243521554 ], [ 19.19402277715146, 49.867924473957316 ], [ 19.204703153719109, 49.871489325797455 ], [ 19.219819994399487, 49.868320568606222 ], [ 19.219984307885142, 49.868122521281762 ], [ 19.223434891083926, 49.86307231450823 ], [ 19.235758402508139, 49.862082077885972 ], [ 19.240359180106509, 49.864557669441623 ], [ 19.248410540903663, 49.863765480143812 ], [ 19.265827770383225, 49.861983054223742 ], [ 19.289981852774687, 49.850595333067744 ], [ 19.293761062944782, 49.848614859823215 ], [ 19.289981852774687, 49.84029687219622 ], [ 19.289324598832067, 49.83851444627615 ], [ 19.286531269575903, 49.818016548195345 ], [ 19.293268122487802, 49.812471223110677 ], [ 19.295404197801346, 49.810787820852838 ], [ 19.296061451743967, 49.808906371270538 ], [ 19.299676348428406, 49.799301076034595 ], [ 19.312492800309585, 49.787616283891907 ], [ 19.314464562137459, 49.785833857971838 ], [ 19.314793189108769, 49.784546550362904 ], [ 19.316764950936644, 49.777911964993748 ], [ 19.34929902109657, 49.771970545260189 ], [ 19.351763723381424, 49.772762734557986 ], [ 19.364251548291293, 49.777119775695937 ], [ 19.369180952860972, 49.774743207802516 ], [ 19.375424865315907, 49.769891048353429 ], [ 19.3882413171971, 49.768801788068942 ], [ 19.395306797080309, 49.764939865242127 ], [ 19.400564828621313, 49.7621672026998 ], [ 19.408287562447157, 49.764543770593221 ], [ 19.410423637760687, 49.771574450611283 ], [ 19.410916578217652, 49.772762734557986 ], [ 19.415024415359056, 49.775238326113652 ], [ 19.436878108951333, 49.756324806628456 ], [ 19.445093783234142, 49.743847825187956 ], [ 19.444929469748487, 49.735331790236515 ], [ 19.437535362893954, 49.731469867409686 ], [ 19.429319688611145, 49.727211849933965 ], [ 19.428169494211559, 49.721765548511527 ], [ 19.42734792678327, 49.718002649346943 ], [ 19.416010296273001, 49.71285341891118 ], [ 19.411245205188962, 49.710674898342205 ], [ 19.398757380279093, 49.709387590733257 ], [ 19.39136327342456, 49.699287177186193 ], [ 19.390213079024974, 49.697504751266123 ], [ 19.387584063254479, 49.697207680279448 ], [ 19.370002520289262, 49.694930136048242 ], [ 19.38856994416841, 49.684136556865596 ], [ 19.392677781309814, 49.677402947834224 ], [ 19.406315800619282, 49.678096113469806 ], [ 19.413709907473816, 49.672748835709598 ], [ 19.441643200035358, 49.678393184456482 ], [ 19.447229858547672, 49.6795814684032 ], [ 19.459060429514921, 49.675917592900831 ], [ 19.463496893627635, 49.670471291478393 ], [ 19.4651400284842, 49.668391794571647 ], [ 19.470726686996514, 49.665024990055954 ], [ 19.477792166879738, 49.660766972580234 ], [ 19.473191389281354, 49.65284507960213 ], [ 19.468754925168639, 49.645121233948501 ], [ 19.476970599451448, 49.634822773076976 ], [ 19.479270988250633, 49.632050110534649 ], [ 19.479763928707598, 49.624326264881006 ], [ 19.467440417283385, 49.613730733022805 ], [ 19.455609846316136, 49.611354165129384 ], [ 19.452159263117366, 49.611948307102736 ], [ 19.446736918090707, 49.612938543725008 ], [ 19.442957707920613, 49.608086384275921 ], [ 19.442957707920613, 49.607789313289246 ], [ 19.442136140492337, 49.598976207351114 ], [ 19.42028244690006, 49.594223071564258 ], [ 19.411573832160272, 49.592341621981959 ], [ 19.407958935475847, 49.588182628168468 ], [ 19.407794621990192, 49.586697273235075 ], [ 19.406808741076247, 49.580458782514825 ], [ 19.401222082563933, 49.575309552079062 ], [ 19.37969701594298, 49.569863250656624 ], [ 19.373124476516722, 49.568179848398785 ], [ 19.372960163031067, 49.562337452327441 ], [ 19.372795849545412, 49.558475529500626 ], [ 19.369345266346627, 49.554910677660487 ], [ 19.367209191033098, 49.552930204415958 ], [ 19.367373504518753, 49.551246802158118 ], [ 19.368030758461387, 49.545107335100099 ], [ 19.365237429205223, 49.537977631419807 ], [ 19.318736712764519, 49.531045975063989 ], [ 19.317422204879279, 49.534313755917452 ], [ 19.317093577907954, 49.53520496887748 ], [ 19.311671232881309, 49.536789347473103 ], [ 19.260734052327876, 49.531244022388435 ], [ 19.259419544442636, 49.527877217872742 ], [ 19.259090917471312, 49.526688933926039 ], [ 19.252025437588102, 49.522133845463628 ], [ 19.234772521594195, 49.510944171632076 ], [ 19.235429775536829, 49.504804704574056 ], [ 19.236087029479449, 49.499061332164942 ], [ 19.23280075976632, 49.495694527649249 ], [ 19.229021549596226, 49.49203065214688 ], [ 19.230500370967135, 49.48767361100893 ], [ 19.230500370967135, 49.487574587346714 ], [ 19.23033605748148, 49.487376540022254 ], [ 19.227707041710985, 49.484306806493251 ], [ 19.220477248342107, 49.471829825052751 ], [ 19.224749398969166, 49.467769854901476 ], [ 19.22754272822533, 49.464997192359149 ], [ 19.225242339426146, 49.455094826136531 ], [ 19.218176859542922, 49.449351453727417 ], [ 19.212918828001918, 49.450341690349674 ], [ 19.208153736917893, 49.451331926971946 ], [ 19.197801987321554, 49.447172933158441 ], [ 19.186464356811271, 49.434596928055726 ], [ 19.19122944789531, 49.428754531984382 ], [ 19.192379642294895, 49.427368200713218 ], [ 19.192051015323585, 49.420436544357386 ], [ 19.19615885246499, 49.414693171948272 ], [ 19.194187090637115, 49.412613675041527 ], [ 19.187614551210871, 49.410237107148092 ], [ 19.181534952241591, 49.411920509405931 ], [ 19.175948293729277, 49.413405864339325 ], [ 19.161160080020224, 49.407167373619089 ], [ 19.154587540593965, 49.404394711076748 ], [ 19.147193433739446, 49.405186900374559 ], [ 19.146371866311156, 49.405483971361235 ], [ 19.137170311114417, 49.40944491785028 ], [ 19.127311501975043, 49.405186900374559 ], [ 19.125668367118479, 49.404493734738978 ], [ 19.121560529977074, 49.402711308818908 ], [ 19.107922510667606, 49.404196663752302 ], [ 19.102007225183982, 49.408058586579116 ], [ 19.090340967702389, 49.41568340857053 ], [ 19.072759424737185, 49.417960952801735 ], [ 19.068980214567091, 49.413207817014879 ], [ 19.054356314343678, 49.414495124623812 ], [ 19.045483386118249, 49.402612285156678 ], [ 19.04400456474734, 49.400631811912163 ], [ 19.029873604980907, 49.394690392178589 ], [ 19.011306181101759, 49.396472818098658 ], [ 18.992574443736956, 49.398156220356498 ], [ 18.988137979624227, 49.39716598373424 ], [ 18.979922305341418, 49.395185510489725 ], [ 18.972528198486899, 49.401523024872191 ], [ 18.969241928773769, 49.410039059823646 ], [ 18.970392123173369, 49.41390098265046 ], [ 18.975978781685669, 49.416673645192787 ], [ 18.979429364884453, 49.418357047450641 ], [ 18.985344650368077, 49.422417017601902 ], [ 18.987973666138572, 49.430635981566681 ], [ 18.979593678370108, 49.43855787454477 ], [ 18.973514079400829, 49.45093583232304 ], [ 18.967927420888515, 49.453015329229785 ], [ 18.961847821919235, 49.455094826136531 ], [ 18.96529840511802, 49.471532754066075 ], [ 18.965462718603675, 49.472522990688333 ], [ 18.969077615288114, 49.476681984501838 ], [ 18.96595565906064, 49.479256599719719 ], [ 18.963326643290145, 49.481435120288694 ], [ 18.96168350843358, 49.483217546208763 ], [ 18.965791345574985, 49.491634557497974 ], [ 18.966941539974584, 49.492624794120246 ], [ 18.972528198486899, 49.497179882582643 ], [ 18.971870944544264, 49.502626184005081 ], [ 18.949524310495022, 49.513221715863281 ], [ 18.946566667753217, 49.517380709676772 ], [ 18.930792573130219, 49.519361182921301 ], [ 18.92257689884741, 49.518271922636814 ], [ 18.896615368113729, 49.514707070796675 ], [ 18.878212257720236, 49.517578757001232 ], [ 18.867038940695608, 49.519361182921301 ], [ 18.85159347304392, 49.517182662352326 ], [ 18.838448394191431, 49.52282701109921 ], [ 18.841734663904546, 49.526193815614903 ], [ 18.843706425732421, 49.528273312521648 ], [ 18.843706425732421, 49.529659643792812 ], [ 18.843377798761111, 49.532531329997383 ], [ 18.84666406847424, 49.533917661268546 ], [ 18.856522877613614, 49.537977631419807 ], [ 18.858823266412799, 49.549068281589143 ], [ 18.846828381959895, 49.559564789785114 ], [ 18.844363679675055, 49.560456002745141 ], [ 18.838119767220121, 49.562733546976347 ], [ 18.831875854765173, 49.584617776328329 ], [ 18.835819378420922, 49.590559196061889 ], [ 18.839105648134051, 49.595312331848746 ], [ 18.834833497506992, 49.595906473822112 ], [ 18.826617823224183, 49.596995734106599 ], [ 18.823002926539743, 49.60551176905804 ], [ 18.824153120939343, 49.613136591049454 ], [ 18.820045283797938, 49.61798875049854 ], [ 18.819716656826614, 49.624524312205466 ], [ 18.807228831916746, 49.651359724668751 ], [ 18.807721772373711, 49.657004073415635 ], [ 18.80952922071593, 49.671857622749556 ], [ 18.804599816146251, 49.678888302767618 ], [ 18.777981031469949, 49.684433627852272 ], [ 18.763028504275226, 49.68374046221669 ], [ 18.759084980619477, 49.681462917985485 ], [ 18.751690873764943, 49.67750197149644 ], [ 18.743475199482134, 49.676610758536413 ], [ 18.737888540969834, 49.679779515727645 ], [ 18.731151688057921, 49.683542414892244 ], [ 18.724743462117331, 49.683542414892244 ], [ 18.717185041777142, 49.683542414892244 ], [ 18.717020728291487, 49.687206290394613 ], [ 18.716856414805832, 49.689186763639128 ], [ 18.706504665209494, 49.704337383959725 ], [ 18.695002721213555, 49.706218833542025 ], [ 18.689580376186896, 49.705723715230889 ], [ 18.669698444422508, 49.703743241986373 ], [ 18.666083547738069, 49.708397354111 ], [ 18.664769039852814, 49.709981732706623 ], [ 18.65885375436919, 49.709288567071042 ], [ 18.653267095856876, 49.70859540143546 ], [ 18.632399283178543, 49.718596791320294 ], [ 18.631577715750268, 49.71879483864474 ], [ 18.626648311180574, 49.722755785133785 ], [ 18.627634192094519, 49.735034719249839 ], [ 18.628620073008449, 49.746422440405837 ], [ 18.624347922381389, 49.748898031961488 ], [ 18.614982053698981, 49.754146286059481 ], [ 18.614160486270706, 49.76018672945527 ], [ 18.610052649129301, 49.770485190326795 ], [ 18.598386391647708, 49.784249479376228 ], [ 18.598879332104673, 49.787616283891907 ], [ 18.599372272561638, 49.790190899109788 ], [ 18.598222078162053, 49.791478206718736 ], [ 18.592142479192773, 49.801479596603571 ], [ 18.587870328565714, 49.804450306470358 ], [ 18.58441974536693, 49.806925898026009 ], [ 18.583762491424309, 49.810787820852838 ], [ 18.58261229702471, 49.817224358897533 ], [ 18.575711130627155, 49.822967731306647 ], [ 18.570781726057461, 49.827126725120138 ], [ 18.569631531657876, 49.833464239502618 ], [ 18.585241312795205, 49.843267582063007 ], [ 18.588198955537024, 49.845149031645306 ], [ 18.587870328565714, 49.846139268267564 ], [ 18.585734253252184, 49.852575806312259 ], [ 18.596578943305488, 49.855645539841277 ], [ 18.602987169246077, 49.857427965761346 ], [ 18.604958931073952, 49.861190864925931 ], [ 18.598386391647708, 49.866241071699463 ], [ 18.588691895993989, 49.866835213672829 ], [ 18.5811334756538, 49.867429355646181 ], [ 18.569795845143531, 49.875054177637594 ], [ 18.566345261944747, 49.881886810331196 ], [ 18.571274666514427, 49.886639946118052 ], [ 18.572424860914026, 49.88782823006477 ], [ 18.572096233942716, 49.891492105567139 ], [ 18.571931920457061, 49.892977460500532 ], [ 18.572589174399681, 49.89396769712279 ], [ 18.578833086854615, 49.90446420531876 ], [ 18.575711130627155, 49.910405625052334 ], [ 18.573082114856646, 49.920704085923845 ], [ 18.565359381030817, 49.919416778314911 ], [ 18.558951155090213, 49.918327518030424 ], [ 18.553035869606589, 49.920704085923845 ], [ 18.539726477268445, 49.925754292697377 ], [ 18.54235549303894, 49.921694322546102 ], [ 18.540712358182375, 49.912485121959079 ], [ 18.54169823909632, 49.911791956323498 ], [ 18.545806076237724, 49.908722222794481 ], [ 18.533646878299166, 49.90020618784304 ], [ 18.490432431571577, 49.904761276305436 ], [ 18.478766174089984, 49.911494885336822 ], [ 18.466278349180115, 49.91684216309703 ], [ 18.464799527809205, 49.918822636341545 ], [ 18.462170512038711, 49.922189440857238 ], [ 18.456255226555086, 49.92278358283059 ], [ 18.444588969073493, 49.923872843115078 ], [ 18.433744279020189, 49.928625978901934 ], [ 18.431115263249694, 49.934369351311048 ], [ 18.429307814907474, 49.937934203151201 ], [ 18.418298811368501, 49.937538108502295 ], [ 18.402360403259848, 49.936349824555577 ], [ 18.38313572543808, 49.934963493284414 ], [ 18.368347511729013, 49.937142013853389 ], [ 18.361282031845803, 49.940706865693528 ], [ 18.355202432876524, 49.943875622884761 ], [ 18.333513052769902, 49.949024853320523 ], [ 18.335484814597777, 49.940310771044622 ], [ 18.342221667509676, 49.939815652733486 ], [ 18.346493818136736, 49.93951858174681 ], [ 18.35060165527814, 49.93526056427109 ], [ 18.344850683280185, 49.933676185675466 ], [ 18.342385980995331, 49.933082043702115 ], [ 18.343207548423621, 49.930507428484233 ], [ 18.343700488880586, 49.929418168199746 ], [ 18.341071473110091, 49.926645505657419 ], [ 18.336635008997362, 49.927833789604122 ], [ 18.330884036999407, 49.929319144537516 ], [ 18.329569529114153, 49.924962103399565 ], [ 18.328912275171533, 49.92288260649282 ], [ 18.321846795288309, 49.915851926474772 ], [ 18.301143296095631, 49.923278701141726 ], [ 18.298678593810791, 49.927437694955231 ], [ 18.298185653353812, 49.928229884253028 ], [ 18.296706831982917, 49.928427931577488 ], [ 18.289969979071003, 49.929418168199746 ], [ 18.279289602503354, 49.940211747382392 ], [ 18.280604110388609, 49.946846332751548 ], [ 18.281425677816884, 49.951203373889498 ], [ 18.276496273247204, 49.963878402654444 ], [ 18.23985436594586, 49.97041396436137 ], [ 18.228188108464266, 49.969621775063558 ], [ 18.227530854521646, 49.969522751401328 ], [ 18.221615569038022, 49.968235443792395 ], [ 18.215371656583088, 49.971899319294764 ], [ 18.214221462183488, 49.979821212272853 ], [ 18.213235581269558, 49.98714896327759 ], [ 18.207320295785934, 49.996457187526843 ], [ 18.199761875445745, 49.995664998229032 ], [ 18.194010903447776, 49.99507085625568 ], [ 18.189738752820716, 49.997150353162425 ], [ 18.183001899908817, 50.000418134015888 ], [ 18.169199567113694, 49.998140589784683 ], [ 18.169363880599349, 49.993783548646732 ], [ 18.169528194085004, 49.987347010602036 ], [ 18.153589785976351, 49.982890945801856 ], [ 18.150632143234546, 49.986455797642009 ], [ 18.146852933064451, 49.991109909766635 ], [ 18.133214913754983, 49.997348400486885 ], [ 18.1218772832447, 49.99516987991791 ], [ 18.118591013531585, 49.994476714282314 ], [ 18.106103188621717, 50.000121063029212 ], [ 18.093286736740524, 50.014974612363133 ], [ 18.098544768281528, 50.019331653501084 ], [ 18.101995351480298, 50.022203339705641 ], [ 18.095915752511019, 50.026857451830267 ], [ 18.093451050226179, 50.028342806763661 ], [ 18.086056943371659, 50.032699847901611 ], [ 18.087042824285589, 50.039433456932983 ], [ 18.088028705199534, 50.044582687368745 ], [ 18.079813030916711, 50.045869994977693 ], [ 18.067982459949476, 50.047850468222208 ], [ 18.067818146463807, 50.051217272737901 ], [ 18.067653832978152, 50.0530987223202 ], [ 18.065846384635933, 50.05290067499574 ], [ 18.064367563265037, 50.052801651333525 ], [ 18.063874622808058, 50.052702627671295 ], [ 18.063710309322403, 50.0530987223202 ], [ 18.060916980066253, 50.058644047404854 ], [ 18.050893857441224, 50.058743071067084 ], [ 18.050729543955569, 50.058743071067084 ], [ 18.035119762818226, 50.065773751085146 ], [ 18.056316202467883, 50.086865791139303 ], [ 18.059109531724033, 50.095777920739664 ], [ 18.071268729662592, 50.109641233451327 ], [ 18.065353444178967, 50.113899250927048 ], [ 18.061574234008873, 50.116671913469375 ], [ 18.063053055379783, 50.119741646998392 ], [ 18.067325206006842, 50.128950847585415 ], [ 18.057795023838779, 50.132614723087784 ], [ 18.055330321553939, 50.133604959710041 ], [ 18.050893857441224, 50.138457119159128 ], [ 18.053029932754754, 50.144101467906026 ], [ 18.055658948525249, 50.146775106786123 ], [ 18.064860503722002, 50.15598430737316 ], [ 18.057795023838779, 50.160836466822232 ], [ 18.057630710353124, 50.160935490484462 ], [ 18.057630710353124, 50.163807176689019 ], [ 18.058287964295758, 50.164005224013479 ], [ 18.061245607037563, 50.164995460635737 ], [ 18.063053055379783, 50.16806519416474 ], [ 18.059766785666653, 50.174600755871666 ], [ 18.071268729662592, 50.171233951355987 ], [ 18.076855388174906, 50.173313448262732 ], [ 18.08277067365853, 50.175491968831707 ], [ 18.099859276166768, 50.176779276440641 ], [ 18.104295740279497, 50.171035904031527 ], [ 18.105610248164737, 50.169451525435917 ], [ 18.110211025763121, 50.167867146840294 ], [ 18.119248267474205, 50.173214424600502 ], [ 18.12154865627339, 50.174600755871666 ], [ 18.122041596730355, 50.179254867996292 ], [ 18.131571778898419, 50.183314838147567 ], [ 18.142909409408702, 50.180938270254146 ], [ 18.145867052150507, 50.18034412828078 ], [ 18.153589785976351, 50.184503122094284 ], [ 18.16081957934523, 50.188266021258883 ], [ 18.168049372714094, 50.187968950272193 ], [ 18.170021134541969, 50.187176760974396 ], [ 18.184152094308402, 50.181235341240821 ], [ 18.187274050535876, 50.186879689987705 ], [ 18.246591218857773, 50.192623062396834 ], [ 18.249548861599578, 50.197673269170366 ], [ 18.241661814288079, 50.197574245508136 ], [ 18.238704171546274, 50.199356671428205 ], [ 18.2367324097184, 50.200544955374923 ], [ 18.236896723204055, 50.213418031464315 ], [ 18.246262591886449, 50.216784835980008 ], [ 18.248562980685648, 50.217577025277819 ], [ 18.250534742513523, 50.21985456950901 ], [ 18.252835131312708, 50.222627232051352 ], [ 18.261708059538137, 50.222231137402446 ], [ 18.264008448337322, 50.222231137402446 ], [ 18.270745301249235, 50.221042853455728 ], [ 18.276824900218514, 50.225003799944773 ], [ 18.308373089464496, 50.231935456300604 ], [ 18.31001622432106, 50.23421300053181 ], [ 18.314617001919444, 50.24045149125206 ], [ 18.331869917913338, 50.243422201118833 ], [ 18.358488702589639, 50.247878265919013 ], [ 18.357009881218744, 50.254017732977033 ], [ 18.356516940761765, 50.25688941918159 ], [ 18.405318046001668, 50.254413827625939 ], [ 18.42585723170869, 50.248967526203501 ], [ 18.421092140624665, 50.260157200035053 ], [ 18.423556842909505, 50.261642554968446 ], [ 18.42684311262262, 50.263524004550746 ], [ 18.42552860473738, 50.269564447946536 ], [ 18.417641557425881, 50.274416607395622 ], [ 18.406468240401253, 50.275901962329016 ], [ 18.395459236862294, 50.277387317262409 ], [ 18.401210208860263, 50.283427760658199 ], [ 18.406961180858232, 50.289468204053989 ], [ 18.400552954917629, 50.297687168018768 ], [ 18.399238447032388, 50.299568617601054 ], [ 18.393980415491384, 50.305113942685722 ], [ 18.392994534577454, 50.313431930312717 ], [ 18.397759625661479, 50.315214356232786 ], [ 18.408111375257818, 50.318878231735155 ], [ 18.405318046001668, 50.323532343859782 ], [ 18.403181970688138, 50.323730391184242 ], [ 18.400224327946319, 50.323928438508688 ], [ 18.399895700975009, 50.326701101051029 ], [ 18.399238447032388, 50.332048378811237 ], [ 18.39020120532129, 50.340267342776002 ], [ 18.374098483726982, 50.346406809834022 ], [ 18.371798094927797, 50.347198999131834 ], [ 18.357667135161364, 50.356606247043317 ], [ 18.363911047616298, 50.358784767612292 ], [ 18.370812214013867, 50.361260359167943 ], [ 18.374591424183947, 50.370667607079426 ], [ 18.383792979380701, 50.372251985675049 ], [ 18.380013769210606, 50.377599263435258 ], [ 18.378863574811021, 50.379084618368651 ], [ 18.384121606352011, 50.382451422884344 ], [ 18.392501594120475, 50.387897724306782 ], [ 18.380506709667571, 50.410277071969887 ], [ 18.372948289327397, 50.415822397054555 ], [ 18.366540063386793, 50.420575532841397 ], [ 18.368511825214668, 50.425724763277159 ], [ 18.377549066925766, 50.428893520468392 ], [ 18.387243562579485, 50.432260324984085 ], [ 18.388558070464725, 50.441271478246662 ], [ 18.386257681665541, 50.444539259100125 ], [ 18.382971411952425, 50.449193371224752 ], [ 18.3849431737803, 50.456521122229489 ], [ 18.385764741208575, 50.45899671378514 ], [ 18.384285919837666, 50.463749849571997 ], [ 18.381821217552826, 50.471869789874546 ], [ 18.381328277095861, 50.473652215794615 ], [ 18.381163963610206, 50.475929760025821 ], [ 18.380506709667571, 50.477811209608106 ], [ 18.380506709667571, 50.481574108772705 ], [ 18.384450233323321, 50.483059463706098 ], [ 18.395459236862294, 50.479296564541499 ], [ 18.399567074003699, 50.477811209608106 ], [ 18.404825105544688, 50.475335618052455 ], [ 18.409754510114382, 50.474642452416873 ], [ 18.414355287712752, 50.474840499741333 ], [ 18.418463124854156, 50.475929760025821 ], [ 18.421585081081631, 50.476127807350267 ], [ 18.42552860473738, 50.477118043972524 ], [ 18.42766468005091, 50.477316091296984 ], [ 18.430950949764039, 50.477811209608106 ], [ 18.435058786905444, 50.478504375243702 ], [ 18.437030548733318, 50.47939558820373 ], [ 18.440152504960778, 50.480583872150447 ], [ 18.449682687128842, 50.477811209608106 ], [ 18.451818762442372, 50.468304938034407 ], [ 18.452968956841957, 50.462957660274185 ], [ 18.480409308946548, 50.45899671378514 ], [ 18.484845773059263, 50.469394198318895 ], [ 18.481230876374838, 50.471077600576734 ], [ 18.475315590891213, 50.473850263119061 ], [ 18.473672456034649, 50.477811209608106 ], [ 18.470057559350209, 50.481078990461569 ], [ 18.468743051464955, 50.488406741466306 ], [ 18.467757170551025, 50.491278427670863 ], [ 18.465292468266185, 50.499101296986737 ], [ 18.457405420954686, 50.499002273324507 ], [ 18.447546611815312, 50.498903249662277 ], [ 18.446396417415713, 50.505735882355879 ], [ 18.445739163473093, 50.509894876169383 ], [ 18.437852116161594, 50.526530851423374 ], [ 18.435058786905444, 50.528610348330119 ], [ 18.43078663627837, 50.531878129183582 ], [ 18.431279576735349, 50.535938099334857 ], [ 18.439166624046848, 50.546632654855273 ], [ 18.469893245864554, 50.551286766979914 ], [ 18.481559503346148, 50.552177979939941 ], [ 18.507685347565484, 50.547919962464221 ], [ 18.555336258405788, 50.540097093148361 ], [ 18.560265662975468, 50.542176590055107 ], [ 18.572260547428371, 50.547523867815315 ], [ 18.607423633358806, 50.549999459370966 ], [ 18.606437752444862, 50.553861382197795 ], [ 18.608738141244046, 50.557921352349055 ], [ 18.615146367184636, 50.568615907869486 ], [ 18.606930692901827, 50.568615907869486 ], [ 18.599865213018617, 50.568615907869486 ], [ 18.591649538735808, 50.578320226767644 ], [ 18.595593062391558, 50.588420640314709 ], [ 18.601672661360837, 50.604462473595348 ], [ 18.590170717364899, 50.606343923177647 ], [ 18.587213074623079, 50.613869721506831 ], [ 18.54482019532378, 50.620900401524878 ], [ 18.517544156704858, 50.625455489987289 ], [ 18.513272006077798, 50.630703744085267 ], [ 18.515079454420004, 50.63842758973891 ], [ 18.508013974536794, 50.644170962148024 ], [ 18.509985736364669, 50.648528003285975 ], [ 18.514586513963039, 50.659618653455311 ], [ 18.501605748596205, 50.663381552619896 ], [ 18.496347717055201, 50.664965931215519 ], [ 18.498483792368731, 50.66922394869124 ], [ 18.50144143511055, 50.675066344762584 ], [ 18.493718701284706, 50.677640959980465 ], [ 18.488296356258047, 50.679522409562765 ], [ 18.485995967458862, 50.684671639998513 ], [ 18.491911252942486, 50.688335515500881 ], [ 18.49930535979702, 50.692890603963292 ], [ 18.491582625971176, 50.698733000034636 ], [ 18.486324594430172, 50.702792970185897 ], [ 18.485174400030587, 50.70635782202605 ], [ 18.500291240710951, 50.711408028799582 ], [ 18.504727704823665, 50.712893383732975 ], [ 18.507521034079829, 50.718240661493184 ], [ 18.511464557735579, 50.725766459822367 ], [ 18.528388846758162, 50.728638146026924 ], [ 18.548270778522564, 50.732004950542617 ], [ 18.548435092008219, 50.738639535911773 ], [ 18.548435092008219, 50.742897553387493 ], [ 18.552542929149624, 50.750423351716677 ], [ 18.557472333719318, 50.749037020445513 ], [ 18.568809964229587, 50.74586826325428 ], [ 18.577025638512396, 50.752304801298976 ], [ 18.555664885377098, 50.759137433992578 ], [ 18.547449211094289, 50.761712049210459 ], [ 18.53742608846926, 50.769931013175224 ], [ 18.534632759213096, 50.77656559854438 ], [ 18.528060219786852, 50.778645095451125 ], [ 18.524116696131102, 50.785675775469187 ], [ 18.518365724133133, 50.789240627309326 ], [ 18.520008858989698, 50.795380094367346 ], [ 18.50669946665154, 50.797558614936321 ], [ 18.506206526194575, 50.801519561425366 ], [ 18.536933148012281, 50.80538148425218 ], [ 18.560265662975468, 50.808352194118967 ], [ 18.562237424803342, 50.81954186795052 ], [ 18.561087230403743, 50.822413554155077 ], [ 18.557965274176283, 50.830335447133166 ], [ 18.559444095547192, 50.834791511933346 ], [ 18.588856209479644, 50.851526510849567 ], [ 18.61580362112727, 50.853606007756312 ], [ 18.637000060776913, 50.891928165037825 ], [ 18.640614957461352, 50.896780324486912 ], [ 18.654745917227785, 50.915891891296553 ], [ 18.647844750830231, 50.93104251161715 ], [ 18.640943584432662, 50.931438606266056 ], [ 18.629605953922393, 50.932131771901638 ], [ 18.613338918842416, 50.954709166889202 ], [ 18.624512235867044, 50.965799817058539 ], [ 18.638478882147822, 50.964908604098497 ], [ 18.646694556430631, 50.969166621574217 ], [ 18.65425297677082, 50.970057834534259 ], [ 18.662632964539284, 50.971048071156517 ], [ 18.667233742137654, 50.989466472330577 ], [ 18.661154143168375, 50.998972743904289 ], [ 18.65737493299828, 51.004815139975634 ], [ 18.667069428651999, 51.006399518571243 ], [ 18.681200388418432, 51.008875110126908 ], [ 18.69549566167052, 51.015806766482726 ], [ 18.688101554816001, 51.024718896083087 ], [ 18.686787046930746, 51.026402298340926 ], [ 18.671998833221693, 51.049078716990721 ], [ 18.674956475963498, 51.05274259249309 ], [ 18.675449416420463, 51.053336734466441 ], [ 18.672984714135623, 51.05690158630658 ], [ 18.713570145092703, 51.065615668582481 ], [ 18.731316001543576, 51.066110786893617 ], [ 18.744625393881734, 51.063437148013506 ], [ 18.749226171480103, 51.062446911391248 ], [ 18.767793595359251, 51.064724455622439 ], [ 18.800984919461811, 51.063635195337952 ], [ 18.802628054318376, 51.068685402111498 ], [ 18.803449621746651, 51.071458064653825 ], [ 18.815115879228244, 51.072547324938313 ], [ 18.818566462427029, 51.070170757044878 ], [ 18.820702537740559, 51.068586378449268 ], [ 18.84814288984515, 51.072844395924989 ], [ 18.859151893384109, 51.074527798182828 ], [ 18.875418928464072, 51.066704928866969 ], [ 18.877062063320636, 51.065120550271345 ], [ 18.883470289261226, 51.059080106875555 ], [ 18.897272622056349, 51.062347887729018 ], [ 18.896286741142418, 51.067992236475902 ], [ 18.896615368113729, 51.068883449435944 ], [ 18.900558891769478, 51.078983862983009 ], [ 18.919454942619936, 51.097897382468204 ], [ 18.939336874384338, 51.091262797099048 ], [ 18.955932536435611, 51.089678418503439 ], [ 18.969241928773769, 51.08145945453866 ], [ 18.970063496202044, 51.080964336227538 ], [ 18.973185452429519, 51.080271170591956 ], [ 18.994053265107851, 51.07541901114287 ], [ 19.010320300187814, 51.066605905204739 ], [ 19.010155986702159, 51.062050816742342 ], [ 19.009991673216504, 51.060466438146719 ], [ 19.016728526128418, 51.051950403195278 ], [ 19.030366545437872, 51.047890433044003 ], [ 19.051398671601874, 51.041750965985983 ], [ 19.055835135714588, 51.035017356954597 ], [ 19.052384552515804, 51.031353481452243 ], [ 19.048441028860054, 51.027293511300968 ], [ 19.056656703142878, 51.024916943407533 ], [ 19.062407675140832, 51.028382771585456 ], [ 19.073745305651116, 51.035215404279057 ], [ 19.091326848616333, 51.032640789061176 ], [ 19.104471927468822, 51.025808156367574 ], [ 19.109565645524171, 51.014321411549346 ], [ 19.109894272495481, 51.013628245913765 ], [ 19.123532291804949, 50.999566885877641 ], [ 19.127311501975043, 50.999863956864317 ], [ 19.131912279573413, 51.000161027851007 ], [ 19.129283263802918, 51.003923927015592 ], [ 19.128297382888974, 51.005409281948985 ], [ 19.133062473973013, 51.010261441398072 ], [ 19.147522060710756, 51.009667299424706 ], [ 19.147193433739446, 51.007290731531285 ], [ 19.146536179796811, 51.001943453771077 ], [ 19.159516945163659, 51.002537595744428 ], [ 19.162967528362444, 51.002636619406658 ], [ 19.163789095790719, 51.000854193486589 ], [ 19.166582425046869, 50.994417655441893 ], [ 19.177098488128877, 50.990060614303943 ], [ 19.201252570520339, 50.986396738801574 ], [ 19.204210213262144, 50.985901620490438 ], [ 19.204210213262144, 50.985208454854856 ], [ 19.204210213262144, 50.982435792312529 ], [ 19.241016434049129, 50.9910508509262 ], [ 19.247917600446698, 51.000062004188777 ], [ 19.251368183645482, 51.004716116313404 ], [ 19.252682691530723, 51.004419045326728 ], [ 19.255968961243852, 51.00342880870447 ], [ 19.250546616217193, 51.016697979442768 ], [ 19.248246227418008, 51.018876500011743 ], [ 19.244467017247914, 51.022441351851882 ], [ 19.245617211647513, 51.02778862961209 ], [ 19.246438779075788, 51.030957386803337 ], [ 19.242988195877004, 51.036799782874681 ] ] ], [ [ [ 19.791959551454397, 50.80538148425218 ], [ 19.789001908712592, 50.804490271292153 ], [ 19.784894071571188, 50.807064886510034 ], [ 19.789823476140867, 50.809936572714591 ], [ 19.791959551454397, 50.80538148425218 ] ] ] ] } },
{ "type": "Feature", "properties": { "index": 1574, "nuts_2_code": "PL81", "nuts_2_name": "Lubelskie" }, "geometry": { "type": "MultiPolygon", "coordinates": [ [ [ [ 23.128344877703697, 52.287864731439726 ], [ 23.152991900552124, 52.280239909448312 ], [ 23.17846049082884, 52.283210619315099 ], [ 23.1815824470563, 52.283210619315099 ], [ 23.202614573220302, 52.27518970267478 ], [ 23.200807124878082, 52.266772691385569 ], [ 23.204093394591212, 52.255781064878462 ], [ 23.198342422593242, 52.245086509358046 ], [ 23.195549093337078, 52.239937278922284 ], [ 23.204257708076867, 52.227262250157338 ], [ 23.265875265197934, 52.215379410690204 ], [ 23.283292494677497, 52.217557931259179 ], [ 23.302845799470589, 52.220132546477046 ], [ 23.305474815241084, 52.217656954921395 ], [ 23.303503053413209, 52.214983316041298 ], [ 23.301531291585334, 52.212408700823417 ], [ 23.308761084954213, 52.2093389672944 ], [ 23.326014000948106, 52.210032132929982 ], [ 23.33735163145839, 52.207061423063195 ], [ 23.348196321511693, 52.209140919969954 ], [ 23.351153964253513, 52.209636038281076 ], [ 23.352468472138767, 52.208546777996588 ], [ 23.355919055337537, 52.205873139116491 ], [ 23.362655908249451, 52.205873139116491 ], [ 23.367420999333476, 52.205972162778707 ], [ 23.370214328589626, 52.202407310938568 ], [ 23.374979419673664, 52.196267843880548 ], [ 23.380894705157289, 52.197357104165036 ], [ 23.392889589610192, 52.199535624734011 ], [ 23.399133502065126, 52.194782488947155 ], [ 23.400776636921691, 52.192504944715964 ], [ 23.399462129036436, 52.188643021889135 ], [ 23.397818994179872, 52.183889886102278 ], [ 23.401926831321276, 52.177948466368719 ], [ 23.41392171577418, 52.181711365533303 ], [ 23.415236223659434, 52.182107460182209 ], [ 23.416879358515999, 52.18032503426214 ], [ 23.423123270970933, 52.173987519879674 ], [ 23.427888362054958, 52.172898259595186 ], [ 23.438075798165642, 52.17854260834207 ], [ 23.44530559153452, 52.182503554831115 ], [ 23.45171381747511, 52.182503554831115 ], [ 23.459765178272264, 52.182899649480021 ], [ 23.461079686157518, 52.181414294546627 ], [ 23.467487912098107, 52.175076780164162 ], [ 23.482604752778471, 52.179829915951018 ], [ 23.485398082034635, 52.180622105248816 ], [ 23.501829430600253, 52.177849442706489 ], [ 23.504622759856403, 52.173888496217444 ], [ 23.494928264202699, 52.173492401568538 ], [ 23.491477681003914, 52.169234384092817 ], [ 23.48769847083382, 52.164481248305961 ], [ 23.490656113575625, 52.151014030243203 ], [ 23.498871787858448, 52.147845273051971 ], [ 23.499693355286723, 52.147845273051971 ], [ 23.511030985797007, 52.148142344038646 ], [ 23.521054108422035, 52.134279031326983 ], [ 23.541264667157748, 52.127050303984475 ], [ 23.547344266127027, 52.116751843112965 ], [ 23.550630535840142, 52.111107494366067 ], [ 23.555231313438526, 52.111701636339433 ], [ 23.556874448295076, 52.113979180570624 ], [ 23.560160718008206, 52.118138174384129 ], [ 23.595488117424296, 52.117544032410777 ], [ 23.615698676160008, 52.107641666188158 ], [ 23.614219854789098, 52.105166074632507 ], [ 23.612248092961224, 52.101898293779044 ], [ 23.613562600846478, 52.097046134329958 ], [ 23.623092783014528, 52.09001545431191 ], [ 23.634430413524811, 52.086945720782893 ], [ 23.638866877637525, 52.08565841317396 ], [ 23.641495893408035, 52.080707230062643 ], [ 23.64297471477893, 52.07753847287141 ], [ 23.646918238434679, 52.075756046951341 ], [ 23.653655091346593, 52.072587289760108 ], [ 23.650697448604774, 52.069517556231091 ], [ 23.646425297977714, 52.0653585624176 ], [ 23.652504896946994, 52.06080347395519 ], [ 23.652997837403959, 52.060407379306284 ], [ 23.652669210432649, 52.060209331981838 ], [ 23.647904119348624, 52.057634716763957 ], [ 23.654148031803558, 52.053079628301546 ], [ 23.654476658774868, 52.0528815809771 ], [ 23.661706452143747, 52.039315339252113 ], [ 23.662199392600712, 52.026244215838275 ], [ 23.660884884715458, 52.022382293011447 ], [ 23.659570376830217, 52.018619393846862 ], [ 23.667128797170392, 52.012182855802152 ], [ 23.67895936813764, 52.001983418592872 ], [ 23.686517788477829, 51.991090815747995 ], [ 23.678795054651985, 51.985941585312233 ], [ 23.668278991569991, 51.978811881631941 ], [ 23.667293110656061, 51.971088035978312 ], [ 23.666800170199082, 51.966334900191455 ], [ 23.658420182430618, 51.96415637962248 ], [ 23.652340583461338, 51.962572001026857 ], [ 23.632951592153901, 51.950986232546398 ], [ 23.638538250666215, 51.94732235704403 ], [ 23.6408386394654, 51.945837002110636 ], [ 23.643139028264585, 51.934053186305732 ], [ 23.63738805626663, 51.931874665736757 ], [ 23.634101786553501, 51.930488334465593 ], [ 23.631472770783006, 51.927319577274361 ], [ 23.628515128041187, 51.924051796420898 ], [ 23.626707679698967, 51.923853749096438 ], [ 23.619477886330102, 51.923259607123086 ], [ 23.614712795246064, 51.918902565985135 ], [ 23.620463767244033, 51.90434608763789 ], [ 23.627364933641601, 51.899592951851034 ], [ 23.634759040496121, 51.894344697753056 ], [ 23.630158262897751, 51.889987656615105 ], [ 23.625393171813727, 51.885432568152694 ], [ 23.626379052727657, 51.881174550676974 ], [ 23.627693560612911, 51.875728249254536 ], [ 23.622764156043218, 51.876520438552348 ], [ 23.615534362674353, 51.877708722499065 ], [ 23.608140255819819, 51.874638988970048 ], [ 23.610276331133349, 51.868499521912028 ], [ 23.615041422217374, 51.855032303849271 ], [ 23.611097898561638, 51.846615292560045 ], [ 23.607318688391544, 51.843545559031043 ], [ 23.605018299592345, 51.841664109448743 ], [ 23.605675553534979, 51.833742216470654 ], [ 23.610933585075969, 51.832058814212814 ], [ 23.620299453758378, 51.829187128008243 ], [ 23.629993949412096, 51.815818933607716 ], [ 23.640674325979745, 51.801559526247161 ], [ 23.635744921410065, 51.795816153838047 ], [ 23.63590923489572, 51.792251301997894 ], [ 23.631801397754316, 51.79086497072673 ], [ 23.629665322440786, 51.790072781428918 ], [ 23.629829635926441, 51.787696213535497 ], [ 23.630322576383406, 51.781160651828571 ], [ 23.624735917871092, 51.779477249570732 ], [ 23.617341811016573, 51.777298729001757 ], [ 23.613398287360823, 51.773733877161618 ], [ 23.612248092961224, 51.77264461687713 ], [ 23.611097898561638, 51.7725455932149 ], [ 23.59778850622348, 51.771951451241534 ], [ 23.589244204969361, 51.762742250654512 ], [ 23.586779502684507, 51.7600686117744 ], [ 23.571662662004144, 51.757097901907613 ], [ 23.56673325743445, 51.758484233178791 ], [ 23.559174837094275, 51.760761777409982 ], [ 23.544222309899553, 51.747690653996131 ], [ 23.53041997710443, 51.742937518209288 ], [ 23.531734484989684, 51.736699027489038 ], [ 23.531898798475339, 51.736699027489038 ], [ 23.530584290590085, 51.734322459595603 ], [ 23.5282839017909, 51.729965418457653 ], [ 23.536663889559364, 51.723033762101821 ], [ 23.542907802014312, 51.725311306333026 ], [ 23.545865444756117, 51.726400566617514 ], [ 23.551780730239742, 51.716003082083773 ], [ 23.550630535840142, 51.713923585177028 ], [ 23.548494460526612, 51.710556780661335 ], [ 23.552437984182362, 51.708576307416806 ], [ 23.554245432524581, 51.707586070794548 ], [ 23.553095238124996, 51.70659583417229 ], [ 23.549808968411867, 51.703922195292179 ], [ 23.555066999952871, 51.701248556412082 ], [ 23.559174837094275, 51.698971012180877 ], [ 23.555888567381146, 51.694415923718466 ], [ 23.549644654926212, 51.685503794118119 ], [ 23.554409746010236, 51.681146752980169 ], [ 23.552930924639341, 51.674413143948797 ], [ 23.554574059495891, 51.670947315770874 ], [ 23.557038761780746, 51.665699061672896 ], [ 23.552602297668017, 51.664213706739503 ], [ 23.545536817784807, 51.661936162508297 ], [ 23.540443099729458, 51.656588884748089 ], [ 23.542414861557333, 51.651835748961233 ], [ 23.540114472758148, 51.649459181067812 ], [ 23.538471337901584, 51.645399210916537 ], [ 23.540443099729458, 51.644309950632049 ], [ 23.548165833555302, 51.639952909494099 ], [ 23.541428980643403, 51.633813442436079 ], [ 23.541100353672093, 51.633516371449403 ], [ 23.541428980643403, 51.632328087502685 ], [ 23.545536817784807, 51.621435484657809 ], [ 23.543400742471277, 51.610245810826257 ], [ 23.541593294129058, 51.601729775874801 ], [ 23.546522698698737, 51.598461995021339 ], [ 23.548823087497922, 51.596877616425729 ], [ 23.550794849325797, 51.592124480638873 ], [ 23.554574059495891, 51.583212351038512 ], [ 23.557696015723366, 51.582024067091808 ], [ 23.56673325743445, 51.578756286238345 ], [ 23.565090122577899, 51.571428535233608 ], [ 23.564761495606575, 51.57043829861135 ], [ 23.566568943948795, 51.569250014664632 ], [ 23.56886933274798, 51.567566612406793 ], [ 23.56886933274798, 51.565784186486709 ], [ 23.569033646233649, 51.561724216335449 ], [ 23.573305796860708, 51.559248624779798 ], [ 23.576756380059479, 51.557169127873038 ], [ 23.571334035032834, 51.55350525237067 ], [ 23.56492580909223, 51.549049187570503 ], [ 23.56459718212092, 51.53528489852107 ], [ 23.584150486914012, 51.529640549774172 ], [ 23.590065772397637, 51.532809306965405 ], [ 23.593516355596421, 51.534591732885488 ], [ 23.601896343364885, 51.530036644423078 ], [ 23.60353947822145, 51.529244455125266 ], [ 23.608304569305474, 51.528650313151914 ], [ 23.611919465989914, 51.528254218503008 ], [ 23.623914350442817, 51.514489929453575 ], [ 23.617506124502228, 51.509538746342272 ], [ 23.617177497530918, 51.503696350270928 ], [ 23.622764156043218, 51.501022711390817 ], [ 23.621285334672322, 51.496467622928421 ], [ 23.638538250666215, 51.486367209381356 ], [ 23.649547254205189, 51.48597111473245 ], [ 23.649547254205189, 51.48597111473245 ], [ 23.658748809401928, 51.489932061221495 ], [ 23.670086439912211, 51.48171309725673 ], [ 23.674358590539271, 51.471315612722975 ], [ 23.669100558998267, 51.470721470749623 ], [ 23.667457424141716, 51.470523423425163 ], [ 23.647246865406004, 51.457353276349096 ], [ 23.651519016033063, 51.446658720828665 ], [ 23.675180157967546, 51.442004608704039 ], [ 23.67797348722371, 51.442301679690715 ], [ 23.684546026649954, 51.443192892650757 ], [ 23.684053086192989, 51.434280763050396 ], [ 23.681424070422494, 51.433290526428138 ], [ 23.67863074116633, 51.43230028980588 ], [ 23.677809173738055, 51.429032508952417 ], [ 23.688653863791359, 51.420417450338746 ], [ 23.688653863791359, 51.420417450338746 ], [ 23.697691105502457, 51.418833071743123 ], [ 23.695555030188928, 51.414377006942942 ], [ 23.699334240359022, 51.411010202427263 ], [ 23.699005613387698, 51.403979522409202 ], [ 23.693911895332363, 51.401801001840226 ], [ 23.686189161506519, 51.398632244648994 ], [ 23.681752697393804, 51.392492777590974 ], [ 23.685367594078244, 51.388135736453023 ], [ 23.679945249051585, 51.379916772488258 ], [ 23.68224563785077, 51.373975352754684 ], [ 23.684053086192989, 51.369618311616733 ], [ 23.675180157967546, 51.36813295668334 ], [ 23.669100558998267, 51.367043696398852 ], [ 23.667128797170392, 51.363577868220943 ], [ 23.665978602770807, 51.361597394976414 ], [ 23.660884884715458, 51.359220827082993 ], [ 23.657598615002343, 51.357636448487369 ], [ 23.656777047574053, 51.353180383687189 ], [ 23.654148031803558, 51.341297544220055 ], [ 23.643467655235909, 51.333969793215317 ], [ 23.63952413158016, 51.33129615433522 ], [ 23.637552369752285, 51.319413314868072 ], [ 23.640674325979745, 51.315551392041257 ], [ 23.64231746083631, 51.313471895134512 ], [ 23.642153147350655, 51.309609972307697 ], [ 23.642153147350655, 51.307134380752032 ], [ 23.645439417063784, 51.304163670885259 ], [ 23.649875881176499, 51.300202724396215 ], [ 23.649382940719534, 51.297727132840549 ], [ 23.648232746319934, 51.292280831418111 ], [ 23.650204508147809, 51.289409145213554 ], [ 23.668771932026957, 51.290201334511366 ], [ 23.682409951336425, 51.290795476484718 ], [ 23.709193049498381, 51.27762532940865 ], [ 23.710507557383636, 51.272674146297348 ], [ 23.712315005725856, 51.271980980661752 ], [ 23.716915783324225, 51.269901483755007 ], [ 23.723488322750484, 51.260395212181294 ], [ 23.726774592463599, 51.245244591860697 ], [ 23.726774592463599, 51.245145568198467 ], [ 23.727924786863198, 51.23643148592258 ], [ 23.733511445375512, 51.232569563095751 ], [ 23.741727119658321, 51.226925214348867 ], [ 23.741891433143977, 51.221577936588659 ], [ 23.740083984801757, 51.220488676304171 ], [ 23.737126342059938, 51.218706250384088 ], [ 23.740083984801757, 51.21335897262388 ], [ 23.747149464684966, 51.212467759663852 ], [ 23.75520082548212, 51.211378499379364 ], [ 23.763580813250599, 51.204545866685763 ], [ 23.767688650392003, 51.20108003850784 ], [ 23.772125114504718, 51.200287849210028 ], [ 23.780669415758837, 51.198802494276634 ], [ 23.782641177586711, 51.195237642436496 ], [ 23.785270193357206, 51.190088412000733 ], [ 23.801044287980204, 51.186325512836149 ], [ 23.808602708320393, 51.184543086916079 ], [ 23.812874858947453, 51.180087022115899 ], [ 23.814189366832707, 51.175234862666812 ], [ 23.815339561232292, 51.17028367955551 ], [ 23.819447398373697, 51.169293442933252 ], [ 23.821419160201572, 51.168798324622117 ], [ 23.823062295058136, 51.165233472781978 ], [ 23.824212489457736, 51.162757881226327 ], [ 23.83538580648235, 51.160777407981797 ], [ 23.837850508767204, 51.160381313332891 ], [ 23.842122659394263, 51.163054952213002 ], [ 23.851324214591003, 51.156222319519401 ], [ 23.860361456302101, 51.157212556141658 ], [ 23.866276741785725, 51.149884805136921 ], [ 23.869398698013185, 51.144933622025619 ], [ 23.86857713058491, 51.130575191002833 ], [ 23.861347337216031, 51.129485930718346 ], [ 23.854281857332822, 51.128396670433858 ], [ 23.850995587619693, 51.123940605633678 ], [ 23.861018710244721, 51.104730015161806 ], [ 23.858225380988571, 51.099778832050504 ], [ 23.867098309214001, 51.096511051197041 ], [ 23.876957118353374, 51.078785815658563 ], [ 23.882379463380033, 51.080271170591956 ], [ 23.884022598236598, 51.080766288903078 ], [ 23.889937883720222, 51.077993626360751 ], [ 23.895524542232522, 51.07531998748064 ], [ 23.898317871488686, 51.07541901114287 ], [ 23.90916256154199, 51.075815105791776 ], [ 23.90981981548461, 51.068883449435944 ], [ 23.910477069427245, 51.063437148013506 ], [ 23.918364116738744, 51.046702149097285 ], [ 23.914749220054304, 51.041651942323753 ], [ 23.923622148279733, 51.038780256119196 ], [ 23.928222925878117, 51.037195877523573 ], [ 23.923950775251058, 51.03412614399457 ], [ 23.916885295367834, 51.028877889896577 ], [ 23.922307640394493, 51.022639399176342 ], [ 23.929044493306392, 51.015014577184928 ], [ 23.920993132509238, 51.012935080278169 ], [ 23.916885295367834, 51.011944843655911 ], [ 23.916392354910869, 51.007191707869055 ], [ 23.924443715708023, 51.005607329273445 ], [ 23.936438600160926, 51.00332978504224 ], [ 23.954841710554419, 50.991744016561782 ], [ 23.965522087122068, 50.979762153432418 ], [ 23.968479729863887, 50.963027154516197 ], [ 23.970451491691762, 50.951540409697969 ], [ 23.977681285060626, 50.948569699831182 ], [ 23.98967616951353, 50.94351949305765 ], [ 23.993126752712314, 50.93738002599963 ], [ 23.998056157281994, 50.928566920061499 ], [ 24.019252596931651, 50.918565530176664 ], [ 24.026318076814874, 50.915198725660971 ], [ 24.048664710864117, 50.899156892380333 ], [ 24.050143532235012, 50.89618618251356 ], [ 24.052279607548542, 50.892126212362285 ], [ 24.06131684925964, 50.891135975740028 ], [ 24.086128185593722, 50.888462336859916 ], [ 24.095658367761786, 50.880738491206273 ], [ 24.09976620490319, 50.877371686690594 ], [ 24.112418343298714, 50.875094142459389 ], [ 24.116690493925788, 50.870836124983668 ], [ 24.133450469462716, 50.869251746388045 ], [ 24.145281040429964, 50.868063462441327 ], [ 24.142816338145124, 50.858755238192074 ], [ 24.132300275063116, 50.849645061267267 ], [ 24.098616010503605, 50.836078819542294 ], [ 24.044228246751388, 50.834296393622211 ], [ 24.041763544466548, 50.837366127151228 ], [ 24.040284723095652, 50.839247576733527 ], [ 24.032890616241119, 50.837465150813458 ], [ 24.031740421841519, 50.837267103488998 ], [ 24.030918854413244, 50.837564174475673 ], [ 24.021552985730835, 50.840930978991366 ], [ 23.995920081968464, 50.839247576733527 ], [ 23.984089511001216, 50.832513967702141 ], [ 23.967329535464287, 50.814689708501447 ], [ 23.960592682552388, 50.79498399971844 ], [ 23.967493848949943, 50.779437284748937 ], [ 23.980967554773756, 50.770030036837454 ], [ 23.992469498769694, 50.770624178810806 ], [ 24.009393787792277, 50.771515391770848 ], [ 24.02171729921649, 50.76606909034841 ], [ 24.02253886664478, 50.761414978223783 ], [ 24.018759656474685, 50.760523765263741 ], [ 24.017280835103776, 50.760127670614835 ], [ 24.014816132818936, 50.756067700463561 ], [ 24.020074164359926, 50.750324328054447 ], [ 24.020238477845595, 50.750027257067771 ], [ 24.020238477845595, 50.748145807485471 ], [ 24.02040279133125, 50.723785986577852 ], [ 24.043078052351802, 50.717052377546466 ], [ 24.051458040120266, 50.718042614168724 ], [ 24.0655889998867, 50.719626992764347 ], [ 24.071504285370324, 50.717250424870926 ], [ 24.074133301140819, 50.710912910488446 ], [ 24.069368210056794, 50.707348058648307 ], [ 24.068546642628519, 50.706555869350495 ], [ 24.069203896571139, 50.705070514417102 ], [ 24.071668598855979, 50.699327142007988 ], [ 24.067067821257609, 50.688038444514206 ], [ 24.063617238058825, 50.679324362238305 ], [ 24.071011344913359, 50.677145841669329 ], [ 24.080705840567077, 50.674274155464772 ], [ 24.085142304679792, 50.669620043340146 ], [ 24.088428574392921, 50.660509866415339 ], [ 24.087935633935942, 50.65090457117941 ], [ 24.085306618165447, 50.648428979623759 ], [ 24.081527407995353, 50.644864127783606 ], [ 24.091221903649071, 50.636546140156611 ], [ 24.098123070046626, 50.637437353116653 ], [ 24.092043471077346, 50.62169259082269 ], [ 24.095329740790476, 50.610998035302273 ], [ 24.09845169701795, 50.600699574430749 ], [ 24.092207784563001, 50.582677267905595 ], [ 24.090728963192106, 50.578221203105414 ], [ 24.090728963192106, 50.569309073505067 ], [ 24.090893276677761, 50.561585227851424 ], [ 24.070025463999414, 50.503953456435809 ], [ 24.058687833489145, 50.486129197235101 ], [ 24.055565877261671, 50.481277037786029 ], [ 24.049979218749357, 50.472067837198992 ], [ 24.034040810640704, 50.445232424735707 ], [ 24.016459267675501, 50.438597839366565 ], [ 24.005943204593493, 50.434636892877521 ], [ 24.001999680937743, 50.424734526654902 ], [ 23.997234589853718, 50.412950710849984 ], [ 23.974723642318821, 50.412950710849984 ], [ 23.962235817408953, 50.413247781836674 ], [ 23.940710750787986, 50.413940947472256 ], [ 23.932495076505177, 50.413049734512214 ], [ 23.921486072966204, 50.411960474227726 ], [ 23.917049608853489, 50.41156437957882 ], [ 23.898482184974341, 50.409682929996521 ], [ 23.884022598236598, 50.408296598725357 ], [ 23.881229268980434, 50.408692693374263 ], [ 23.864797920414816, 50.407801480414236 ], [ 23.802030168894149, 50.404533699560773 ], [ 23.740576925258722, 50.391264528822461 ], [ 23.725131457607034, 50.38710553500897 ], [ 23.702784823557792, 50.374628553568471 ], [ 23.692268760475798, 50.356012105069965 ], [ 23.689639744705303, 50.346802904482928 ], [ 23.685531907563899, 50.331949355149007 ], [ 23.67797348722371, 50.329968881904477 ], [ 23.659077436373238, 50.325215746117635 ], [ 23.63952413158016, 50.320264563006319 ], [ 23.636402175352686, 50.315016308908341 ], [ 23.630651203354716, 50.305311990010182 ], [ 23.621285334672322, 50.302044209156719 ], [ 23.611262212047293, 50.298578380978796 ], [ 23.586286562227542, 50.271941015839971 ], [ 23.581028530686552, 50.266395690755303 ], [ 23.547672893098337, 50.251641165083612 ], [ 23.541921921100368, 50.258077703128308 ], [ 23.529762723161809, 50.261939625955122 ], [ 23.519246660079816, 50.261741578630676 ], [ 23.510045104883062, 50.261642554968446 ], [ 23.511852553225282, 50.265702525119721 ], [ 23.513824315053157, 50.270158589919902 ], [ 23.513167061110536, 50.277981459235761 ], [ 23.507744716083877, 50.27986290881806 ], [ 23.504294132885093, 50.281051192764778 ], [ 23.502815311514198, 50.284417997280457 ], [ 23.507909029569532, 50.286398470524986 ], [ 23.517767838708906, 50.290359417014031 ], [ 23.519246660079816, 50.294122316178616 ], [ 23.516946271280631, 50.296300836747591 ], [ 23.512345493682247, 50.295904742098699 ], [ 23.509223537454787, 50.295607671112009 ], [ 23.502486684542873, 50.297489120694308 ], [ 23.494763950717029, 50.299568617601054 ], [ 23.491149054032604, 50.298776428303256 ], [ 23.470445554839912, 50.294221339840846 ], [ 23.456150281587824, 50.302935422116747 ], [ 23.455985968102169, 50.302935422116747 ], [ 23.455657341130859, 50.302935422116747 ], [ 23.429202869940212, 50.302440303805611 ], [ 23.41392171577418, 50.306995392268021 ], [ 23.403241339206531, 50.301252019858907 ], [ 23.426573854169703, 50.332147402473453 ], [ 23.436104036337767, 50.344822431238399 ], [ 23.433803647538582, 50.34749607011851 ], [ 23.421151509143058, 50.350070685336391 ], [ 23.413100148345904, 50.35175408759423 ], [ 23.40932093817581, 50.356309176056641 ], [ 23.403405652692186, 50.363438879736918 ], [ 23.386809990640913, 50.368192015523775 ], [ 23.376951181501539, 50.370964678066102 ], [ 23.374815106188009, 50.37641097948854 ], [ 23.376622554530229, 50.378589500057515 ], [ 23.380566078185979, 50.383342635844372 ], [ 23.372514717388825, 50.386808464022295 ], [ 23.367256685847821, 50.389086008253486 ], [ 23.36692805887651, 50.392749883755855 ], [ 23.370707269046605, 50.39938446912501 ], [ 23.37826568938678, 50.39948349278724 ], [ 23.383688034413439, 50.399582516449456 ], [ 23.387631558069188, 50.4054249125208 ], [ 23.358055130651067, 50.410475119294333 ], [ 23.354111606995318, 50.404632723222988 ], [ 23.351811218196133, 50.401463966031756 ], [ 23.336530064030114, 50.397403995880481 ], [ 23.318619894093587, 50.392749883755855 ], [ 23.313197549066928, 50.387897724306782 ], [ 23.304160307355829, 50.379975831328679 ], [ 23.286085823933647, 50.376906097799676 ], [ 23.277870149650838, 50.375420742866282 ], [ 23.265382324740969, 50.368390062848221 ], [ 23.254209007716355, 50.362151572127985 ], [ 23.219538862242885, 50.383342635844372 ], [ 23.21871729481461, 50.385224085426671 ], [ 23.217402786929355, 50.388194795293458 ], [ 23.183554208884175, 50.395423522635966 ], [ 23.148555436439409, 50.371558820039468 ], [ 23.14132564307053, 50.366706660590381 ], [ 23.123744100105313, 50.354328702812111 ], [ 23.090059835545802, 50.330563023877843 ], [ 23.081351220806013, 50.327790361335516 ], [ 23.06837045543918, 50.323631367522012 ], [ 23.060647721613336, 50.314224119610529 ], [ 23.053417928244457, 50.305708084659074 ], [ 23.0277850244821, 50.289567227716219 ], [ 23.012503870316067, 50.287190659822798 ], [ 22.997058402664379, 50.290854535325153 ], [ 22.982598815926636, 50.294320363503076 ], [ 22.966003153875363, 50.293726221529724 ], [ 22.937412607371186, 50.292537937583006 ], [ 22.897813057328037, 50.299865688587744 ], [ 22.889761696530883, 50.301351043521123 ], [ 22.885982486360788, 50.300558854223326 ], [ 22.857391939856612, 50.295013529138657 ], [ 22.841289218262304, 50.297588144356538 ], [ 22.821242973012247, 50.301648114507813 ], [ 22.819271211184372, 50.302044209156719 ], [ 22.749437979780481, 50.302935422116747 ], [ 22.733992512128793, 50.301152996196677 ], [ 22.718218417505796, 50.295706694774239 ], [ 22.706880786995526, 50.291646724622964 ], [ 22.669088685294597, 50.301549090845583 ], [ 22.655779292956439, 50.301450067183353 ], [ 22.64477028941748, 50.305311990010182 ], [ 22.638197749991221, 50.303034445778977 ], [ 22.608128382116135, 50.311055362419296 ], [ 22.60664956074524, 50.32274015456197 ], [ 22.608785636058769, 50.327988408659962 ], [ 22.620451893540363, 50.333038615433495 ], [ 22.657422427813003, 50.337989798544797 ], [ 22.667116923466722, 50.339277106153745 ], [ 22.674511030321241, 50.343832194616141 ], [ 22.685848660831525, 50.345416573211764 ], [ 22.687656109173744, 50.352447253229812 ], [ 22.68634160128849, 50.356408199718871 ], [ 22.667609863923687, 50.354130655487666 ], [ 22.644113035474845, 50.358487696625616 ], [ 22.625052671138732, 50.357200389016668 ], [ 22.618480131712488, 50.354823821123247 ], [ 22.612893473200174, 50.352843347878718 ], [ 22.596790751605866, 50.348981425051903 ], [ 22.583481359267708, 50.355318939434383 ], [ 22.577730387269739, 50.356309176056641 ], [ 22.56425668144594, 50.358586720287846 ], [ 22.53353005962822, 50.354724797461017 ], [ 22.527614774144595, 50.352249205905366 ], [ 22.508390096322827, 50.344228289265047 ], [ 22.502967751296168, 50.346208762509576 ], [ 22.500503049011328, 50.351357992945324 ], [ 22.500010108554349, 50.352546276892042 ], [ 22.497216779298199, 50.352645300554272 ], [ 22.484236013931366, 50.353239442527624 ], [ 22.477006220562487, 50.357794530990034 ], [ 22.453509392113645, 50.368687133834911 ], [ 22.45301645165668, 50.377797310759703 ], [ 22.45235919771406, 50.387699676982322 ], [ 22.439049805375902, 50.391957694458043 ], [ 22.436420789605407, 50.392848907418085 ], [ 22.436256476119752, 50.39334402572922 ], [ 22.435927849148442, 50.39938446912501 ], [ 22.422125516353319, 50.399879587436146 ], [ 22.420318068011099, 50.39938446912501 ], [ 22.405529854302031, 50.394433286013708 ], [ 22.402900838531536, 50.395225475311506 ], [ 22.404379659902446, 50.397304972218265 ], [ 22.412266707213945, 50.422456982423697 ], [ 22.425576099552089, 50.421268698476979 ], [ 22.445129404345181, 50.41948627255691 ], [ 22.450387435886185, 50.432161301321855 ], [ 22.458438796683339, 50.434636892877521 ], [ 22.456959975312429, 50.444242188113449 ], [ 22.454002332570624, 50.445529495722397 ], [ 22.45022312240053, 50.447113874318006 ], [ 22.455974094398499, 50.451272868131511 ], [ 22.447429793144366, 50.456521122229489 ], [ 22.445786658287801, 50.461967423651927 ], [ 22.461889379882109, 50.46513618084316 ], [ 22.465504276566548, 50.460581092380764 ], [ 22.474048577820682, 50.458897690122924 ], [ 22.477006220562487, 50.458303548149559 ], [ 22.497216779298199, 50.455233814620556 ], [ 22.500667362496984, 50.45493674363388 ], [ 22.502639124324858, 50.455233814620556 ], [ 22.507075588437573, 50.456422098567259 ], [ 22.509375977236758, 50.457115264202855 ], [ 22.508883036779793, 50.465631299154296 ], [ 22.512990873921197, 50.466027393803202 ], [ 22.519727726833096, 50.463749849571997 ], [ 22.523506937003191, 50.455233814620556 ], [ 22.524164190945825, 50.453550412362702 ], [ 22.533037119171254, 50.448005087278048 ], [ 22.544703376652848, 50.452164081091539 ], [ 22.549632781222527, 50.460581092380764 ], [ 22.555383753220497, 50.461274258016346 ], [ 22.556369634134441, 50.465532275492066 ], [ 22.557026888077061, 50.467611772398826 ], [ 22.56310648704634, 50.469691269305571 ], [ 22.583645672753363, 50.476424878336942 ], [ 22.585288807609928, 50.482267274408287 ], [ 22.564420994931595, 50.482663369057192 ], [ 22.550947289107782, 50.480187777501541 ], [ 22.528764968544195, 50.476028783688037 ], [ 22.512826560435542, 50.481078990461569 ], [ 22.514469695292107, 50.485634078923979 ], [ 22.536816329341349, 50.484049700328356 ], [ 22.547825332880308, 50.487614552168495 ], [ 22.56639275675947, 50.493654995564299 ], [ 22.574772744527934, 50.504349551084715 ], [ 22.569350399501275, 50.508805615884896 ], [ 22.553904931849587, 50.507419284613732 ], [ 22.542238674368008, 50.506330024329245 ], [ 22.531722611286, 50.511875349413899 ], [ 22.534351627056509, 50.516727508862985 ], [ 22.53139398431469, 50.521084550000936 ], [ 22.532215551742979, 50.522767952258775 ], [ 22.534187313570854, 50.526431827761144 ], [ 22.53353005962822, 50.535244933699275 ], [ 22.524492817917135, 50.535244933699275 ], [ 22.520220667290076, 50.535145910037045 ], [ 22.514141068320797, 50.539601974837225 ], [ 22.521535175175316, 50.548018986126451 ], [ 22.527943401115905, 50.549306293735384 ], [ 22.536652015855694, 50.550989695993223 ], [ 22.535994761913059, 50.56831883688281 ], [ 22.519727726833096, 50.583271409878947 ], [ 22.511183425578977, 50.58039972367439 ], [ 22.514634008777762, 50.576834871834251 ], [ 22.510854798607667, 50.575547564225317 ], [ 22.506418334494953, 50.576438777185345 ], [ 22.504939513124043, 50.583865551852313 ], [ 22.49294462867114, 50.582578244243365 ], [ 22.489822672443665, 50.577032919158711 ], [ 22.48719365667317, 50.58039972367439 ], [ 22.477006220562487, 50.583271409878947 ], [ 22.469447800222298, 50.585647977772382 ], [ 22.465997217023528, 50.589014782288061 ], [ 22.463532514738674, 50.591391350181496 ], [ 22.45055174937184, 50.588222592990263 ], [ 22.420153754525444, 50.58059777099885 ], [ 22.407994556586885, 50.585548954110152 ], [ 22.403886719445481, 50.589113805950291 ], [ 22.398300060933167, 50.594164012723823 ], [ 22.383511847224099, 50.598124959212868 ], [ 22.378089502197454, 50.603670284297536 ], [ 22.349334642207609, 50.613077532209019 ], [ 22.318608020389902, 50.619018951942593 ], [ 22.292810803141876, 50.618523833631457 ], [ 22.289195906457437, 50.622088685471596 ], [ 22.26487751058032, 50.621098448849338 ], [ 22.251896745213486, 50.620603330538202 ], [ 22.246310086701172, 50.624861348013937 ], [ 22.246310086701172, 50.629812531125239 ], [ 22.246310086701172, 50.63426859592542 ], [ 22.234643829219578, 50.646052411730324 ], [ 22.232507753906049, 50.65268699709948 ], [ 22.22281325825233, 50.659519629793081 ], [ 22.213940330026901, 50.662094245010962 ], [ 22.211968568199026, 50.66298545797099 ], [ 22.210161119856807, 50.663678623606572 ], [ 22.204245834373182, 50.666253238824453 ], [ 22.194551338719464, 50.665163978539965 ], [ 22.190279188092404, 50.664668860228844 ], [ 22.141806709823825, 50.669620043340146 ], [ 22.147393368336139, 50.677839007304911 ], [ 22.156101983075914, 50.680215575198346 ], [ 22.159223939303388, 50.682592143091767 ], [ 22.167603927071852, 50.689127704798693 ], [ 22.175162347412041, 50.700614449616921 ], [ 22.174669406955061, 50.701901757225869 ], [ 22.171876077698911, 50.708140247946119 ], [ 22.198987802832178, 50.749730186081095 ], [ 22.199480743289158, 50.750027257067771 ], [ 22.204574461344492, 50.753196014259004 ], [ 22.18436390260878, 50.766366161335085 ], [ 22.162510209016503, 50.77032710782413 ], [ 22.153637280791074, 50.771911486419754 ], [ 22.157087863989844, 50.779041190100031 ], [ 22.161688641588228, 50.788448438011514 ], [ 22.163003149473468, 50.797261543949645 ], [ 22.159059625817719, 50.798350804234133 ], [ 22.153144340334109, 50.79934104085639 ], [ 22.14410709862301, 50.800232253816432 ], [ 22.138520440110696, 50.800826395789784 ], [ 22.131126333256177, 50.802311750723177 ], [ 22.128497317485667, 50.803301987345435 ], [ 22.125046734286897, 50.804589294954368 ], [ 22.120117329717203, 50.805975626225546 ], [ 22.115352238633179, 50.807064886510034 ], [ 22.11272322286267, 50.808055123132291 ], [ 22.109436953149554, 50.808946336092319 ], [ 22.10598636995077, 50.810134620039037 ], [ 22.100892651895421, 50.812214116945782 ], [ 22.097606382182306, 50.81330337723027 ], [ 22.094484425954832, 50.813996542865866 ], [ 22.092348350641302, 50.814095566528081 ], [ 22.086926005614657, 50.814788732163663 ], [ 22.081175033616688, 50.815778968785935 ], [ 22.071316224477314, 50.816373110759287 ], [ 22.068687208706805, 50.816868229070423 ], [ 22.06326486368016, 50.81766041836822 ], [ 22.058499772596122, 50.818551631328262 ], [ 22.049133903913727, 50.819145773301614 ], [ 22.042397051001814, 50.812115093283566 ], [ 22.038946467803044, 50.808451217781197 ], [ 21.995074767132834, 50.784091396873563 ], [ 21.990309676048795, 50.784685538846915 ], [ 21.971413625198338, 50.78696308307812 ], [ 21.956789724974939, 50.77666462220661 ], [ 21.95169600691959, 50.773000746704241 ], [ 21.923598400872379, 50.774387077975405 ], [ 21.903059215165356, 50.778149977139989 ], [ 21.896322362253443, 50.779338261086707 ], [ 21.891721584655073, 50.779437284748937 ], [ 21.87693337094602, 50.779635332073383 ], [ 21.875618863060765, 50.783002136589076 ], [ 21.87693337094602, 50.785576751806957 ], [ 21.878905132773895, 50.789240627309326 ], [ 21.876440430489055, 50.79498399971844 ], [ 21.864281232550482, 50.802707845372083 ], [ 21.868060442720576, 50.818353584003802 ], [ 21.842920479415184, 50.840039766031339 ], [ 21.847521257013554, 50.860537664112144 ], [ 21.835854999531961, 50.878262899650622 ], [ 21.829775400562681, 50.892819377997867 ], [ 21.830104027533991, 50.905989525073949 ], [ 21.814494246396663, 50.932131771901638 ], [ 21.812029544111809, 50.948767747155642 ], [ 21.819259337480688, 50.965106651422943 ], [ 21.817123262167158, 50.974018781023304 ], [ 21.821231099308562, 50.986990880774925 ], [ 21.820080904908963, 51.006498542233473 ], [ 21.804306810285979, 51.021253067905164 ], [ 21.802992302400725, 51.026600345665386 ], [ 21.806278572113854, 51.032541765398946 ], [ 21.822709920679472, 51.040859753025941 ], [ 21.825996190392587, 51.047197267408421 ], [ 21.820738158851597, 51.058981083213325 ], [ 21.802992302400725, 51.072052206627177 ], [ 21.799706032687595, 51.076211200440682 ], [ 21.798062897831031, 51.082449691160932 ], [ 21.79987034617325, 51.087004779623328 ], [ 21.797569957374066, 51.095421790912553 ], [ 21.792804866290041, 51.101264186983897 ], [ 21.790668790976511, 51.116018712655588 ], [ 21.792804866290041, 51.125723031553747 ], [ 21.795598195546191, 51.126713268176005 ], [ 21.798720151773665, 51.127802528460492 ], [ 21.799377405716285, 51.132951758896255 ], [ 21.793790747203971, 51.13948732060318 ], [ 21.785410759435507, 51.149686757812475 ], [ 21.790011537033877, 51.167312969688723 ], [ 21.791161731433476, 51.171372939839998 ], [ 21.789354283091257, 51.178799714506965 ], [ 21.788532715662981, 51.179096785493641 ], [ 21.783603311093287, 51.180582140427035 ], [ 21.785575072921162, 51.190088412000733 ], [ 21.789189969605602, 51.201971251467882 ], [ 21.807921706970404, 51.224944741104338 ], [ 21.808907587884349, 51.22583595406438 ], [ 21.815644440796248, 51.231282255486818 ], [ 21.811865230626154, 51.239105124802677 ], [ 21.808578960913039, 51.245838733834063 ], [ 21.808743274398694, 51.253859650474368 ], [ 21.821724039765527, 51.262672756412499 ], [ 21.823695801593402, 51.263861040359217 ], [ 21.830432654505316, 51.266831750226004 ], [ 21.834376178161065, 51.267821986848261 ], [ 21.839305582730745, 51.269208318119425 ], [ 21.849164391870119, 51.270495625728373 ], [ 21.856229871753328, 51.274258524892957 ], [ 21.860173395409078, 51.274654619541863 ], [ 21.838319701816815, 51.282972607168858 ], [ 21.83454049164672, 51.288517932253527 ], [ 21.825503249935622, 51.283368701817764 ], [ 21.821559726279872, 51.281190181248789 ], [ 21.816466008224538, 51.283269678155534 ], [ 21.815973067767558, 51.286834529995673 ], [ 21.815808754281903, 51.289310121551338 ], [ 21.812686798054443, 51.290894500146948 ], [ 21.807593079999094, 51.28990426352469 ], [ 21.788039775206002, 51.285745269711185 ], [ 21.784096251550267, 51.291587665782529 ], [ 21.811536603654844, 51.301589055667378 ], [ 21.811700917140499, 51.301490032005148 ], [ 21.818109143081088, 51.300202724396215 ], [ 21.822709920679472, 51.303767576236353 ], [ 21.828953833134406, 51.323077190370441 ], [ 21.830268341019661, 51.327038136859485 ], [ 21.831747162390556, 51.328523491792879 ], [ 21.835362059074995, 51.332187367295248 ], [ 21.834376178161065, 51.333672722228641 ], [ 21.829775400562681, 51.340703402246703 ], [ 21.843906360329115, 51.352487218051607 ], [ 21.844563614271749, 51.352982336362743 ], [ 21.852779288554558, 51.352685265376067 ], [ 21.840291463644689, 51.375361684025847 ], [ 21.832240102847535, 51.38051091446161 ], [ 21.823531488107747, 51.376153873323659 ], [ 21.816301694738883, 51.37248999782129 ], [ 21.7982272113167, 51.381600174746097 ], [ 21.795433882060536, 51.385660144897372 ], [ 21.788204088691671, 51.396156653093342 ], [ 21.780317041380172, 51.394374227173273 ], [ 21.769143724355544, 51.391700588293162 ], [ 21.760928050072735, 51.401206859866875 ], [ 21.764050006300209, 51.402197096489132 ], [ 21.7614209905297, 51.405761948329271 ], [ 21.767664902984635, 51.413485793982915 ], [ 21.780152727894517, 51.411604344400615 ], [ 21.781631549265413, 51.41556529088966 ], [ 21.785575072921162, 51.414971148916308 ], [ 21.787711148234692, 51.42012037935207 ], [ 21.811043663197879, 51.428735437965742 ], [ 21.826982071306531, 51.425665704436724 ], [ 21.828625206163096, 51.424675467814467 ], [ 21.833390297247121, 51.42190280527214 ], [ 21.834376178161065, 51.417644787796405 ], [ 21.83881264227378, 51.417941858783095 ], [ 21.850150272784049, 51.430517863885811 ], [ 21.855736931296363, 51.448639194073195 ], [ 21.87298984729027, 51.470523423425163 ], [ 21.872168279861981, 51.474484369914208 ], [ 21.860994962837367, 51.476563866820968 ], [ 21.857873006609893, 51.477158008794319 ], [ 21.848671451413153, 51.484386736136827 ], [ 21.847685570499209, 51.4922096054527 ], [ 21.851300467183648, 51.497754930537354 ], [ 21.855079677353743, 51.503498302946468 ], [ 21.854915363868088, 51.509835817328948 ], [ 21.845713808671334, 51.520728420173825 ], [ 21.833390297247121, 51.53528489852107 ], [ 21.833390297247121, 51.539839986983466 ], [ 21.833061670275811, 51.548356021934922 ], [ 21.832897356790156, 51.551128684477248 ], [ 21.832075789361866, 51.55380232335736 ], [ 21.830596967990971, 51.556376938575227 ], [ 21.828625206163096, 51.558852530130892 ], [ 21.825996190392587, 51.560932027037637 ], [ 21.823695801593402, 51.562120310984355 ], [ 21.821395412794217, 51.563110547606612 ], [ 21.817287575652813, 51.5641998078911 ], [ 21.783274684121977, 51.568358801704591 ], [ 21.770458232240799, 51.564694926202222 ], [ 21.757148839902641, 51.560733979713177 ], [ 21.698653239009033, 51.569745132975768 ], [ 21.657903494566298, 51.581132854131766 ], [ 21.652316836053984, 51.594005930221172 ], [ 21.648701939369545, 51.602224894185937 ], [ 21.628491380633832, 51.609255574203985 ], [ 21.626355305320303, 51.610047763501797 ], [ 21.615510615266984, 51.617573561830994 ], [ 21.624054916521118, 51.623118886915648 ], [ 21.630463142461707, 51.624604241849042 ], [ 21.639500384172791, 51.626782762418017 ], [ 21.640157638115426, 51.64223045372529 ], [ 21.638678816744516, 51.64688456584993 ], [ 21.636707054916641, 51.65292500924572 ], [ 21.647223117998635, 51.660252760250458 ], [ 21.68386502529998, 51.64658749486324 ], [ 21.713934393175066, 51.635397821031688 ], [ 21.716399095459906, 51.635793915680594 ], [ 21.721657127000896, 51.63638805765396 ], [ 21.72477908322837, 51.626485691431341 ], [ 21.72724378551321, 51.618563798453252 ], [ 21.747947284705887, 51.612622378719678 ], [ 21.755834332017386, 51.628070070026965 ], [ 21.7614209905297, 51.630545661582616 ], [ 21.759613542187481, 51.634605631733891 ], [ 21.75862766127355, 51.636586104978406 ], [ 21.760599423101425, 51.640051933156315 ], [ 21.783438997607632, 51.644309950632049 ], [ 21.792804866290041, 51.650449417690069 ], [ 21.805128377714254, 51.647082613174376 ], [ 21.814494246396663, 51.647577731485512 ], [ 21.828789519648751, 51.648369920783324 ], [ 21.830432654505316, 51.650152346703393 ], [ 21.831911475876211, 51.651934772623463 ], [ 21.833225983761466, 51.652132819947909 ], [ 21.838155388331145, 51.65292500924572 ], [ 21.841770285015585, 51.659460570952646 ], [ 21.841441658044275, 51.662926399130555 ], [ 21.841113031072965, 51.666293203646248 ], [ 21.845056554728714, 51.668273676890777 ], [ 21.846042435642644, 51.672630718028728 ], [ 21.850807526726683, 51.671145363095334 ], [ 21.856065558267673, 51.669560984499711 ], [ 21.856229871753328, 51.67302681267762 ], [ 21.856722812210307, 51.679166279735654 ], [ 21.870360831519776, 51.67768092480226 ], [ 21.87660474397471, 51.676987759166678 ], [ 21.87824787883126, 51.682434060589117 ], [ 21.881041208087424, 51.692336426811721 ], [ 21.894186286939913, 51.698574917531971 ], [ 21.898294124081318, 51.700555390776486 ], [ 21.902401961222722, 51.704120242616639 ], [ 21.901416080308792, 51.706298763185615 ], [ 21.882848656429644, 51.711249946296917 ], [ 21.87660474397471, 51.71283432489254 ], [ 21.871018085462396, 51.72075621787063 ], [ 21.871839652890671, 51.723132785764051 ], [ 21.87331847426158, 51.727291779577556 ], [ 21.870853771976741, 51.732044915364412 ], [ 21.861159276323022, 51.734124412271157 ], [ 21.850150272784049, 51.736401956502363 ], [ 21.848507137927498, 51.73927364270692 ], [ 21.846864003070934, 51.742343376235922 ], [ 21.84127734455862, 51.74363068384487 ], [ 21.83634793998894, 51.744719944129358 ], [ 21.83667656696025, 51.748779914280618 ], [ 21.844234987300425, 51.752641837107447 ], [ 21.845385181700024, 51.757989114867655 ], [ 21.858201633581203, 51.76026665909886 ], [ 21.866581621349681, 51.768683670388072 ], [ 21.886792180085394, 51.769178788699207 ], [ 21.896486675739112, 51.769475859685883 ], [ 21.899772945452227, 51.77432801913497 ], [ 21.901909020765757, 51.777694823650663 ], [ 21.914068218704315, 51.780170415206314 ], [ 21.914396845675626, 51.780170415206314 ], [ 21.926063103157219, 51.77868506027292 ], [ 21.945452094464656, 51.787795237197727 ], [ 21.95103875297697, 51.794033727917963 ], [ 21.956461098003615, 51.793835680593517 ], [ 21.950217185548681, 51.808293135278532 ], [ 21.946930915835566, 51.810075561198602 ], [ 21.945287780979001, 51.810966774158643 ], [ 21.944137586579401, 51.816116004594406 ], [ 21.942330138237182, 51.824830086870293 ], [ 21.927541924528128, 51.83413831111956 ], [ 21.925898789671564, 51.837901210284144 ], [ 21.9175188019031, 51.839089494230862 ], [ 21.908974500648981, 51.835425618728493 ], [ 21.896815302710422, 51.836019760701859 ], [ 21.894350600425568, 51.83423733478179 ], [ 21.892871779054673, 51.833148074497302 ], [ 21.886299239628414, 51.833841240132884 ], [ 21.87298984729027, 51.835128547741817 ], [ 21.871511025919361, 51.832950027172842 ], [ 21.869703577577141, 51.829979317306055 ], [ 21.858858887523837, 51.830177364630515 ], [ 21.857544379638583, 51.836712926337441 ], [ 21.857051439181618, 51.838693399581956 ], [ 21.854093796439798, 51.839485588879768 ], [ 21.846371062613969, 51.841664109448743 ], [ 21.845056554728714, 51.84473384297776 ], [ 21.847192630042244, 51.849982097075738 ], [ 21.87726199791733, 51.855329374835947 ], [ 21.886463553114083, 51.85691375343157 ], [ 21.889585509341543, 51.864340528098523 ], [ 21.890900017226798, 51.867806356276446 ], [ 21.895336481339513, 51.871668279103261 ], [ 21.899444318480917, 51.875134107281184 ], [ 21.899280004995262, 51.876619462214578 ], [ 21.898951378023952, 51.883254047583719 ], [ 21.906509798364141, 51.885531591814924 ], [ 21.911767829905131, 51.887115970410548 ], [ 21.903880782593632, 51.896424194659801 ], [ 21.906838425335451, 51.902464638055591 ], [ 21.904538036536266, 51.904148040313444 ], [ 21.893693346482948, 51.908703128775841 ], [ 21.886956493571049, 51.911574814980398 ], [ 21.887613747513669, 51.917318187389512 ], [ 21.889256882370233, 51.928012742909942 ], [ 21.880383954144804, 51.931478571087851 ], [ 21.874961609118145, 51.9395985113904 ], [ 21.870853771976741, 51.94138093731047 ], [ 21.866417307864026, 51.943460434217215 ], [ 21.869539264091486, 51.95356084776428 ], [ 21.875947490032075, 51.954254013399861 ], [ 21.876769057460365, 51.954353037062091 ], [ 21.87726199791733, 51.955937415657715 ], [ 21.879891013687825, 51.968216349773755 ], [ 21.880383954144804, 51.970989012316082 ], [ 21.889092568884578, 51.973167532885057 ], [ 21.890242763284164, 51.973761674858409 ], [ 21.899115691509607, 51.978118715996359 ], [ 21.902401961222722, 51.979802118254213 ], [ 21.903223528651012, 51.979604070929753 ], [ 21.9107819489912, 51.978118715996359 ], [ 21.919326250245319, 51.980297236565335 ], [ 21.930992507726913, 51.989506437152372 ], [ 21.934607404411352, 51.992279099694699 ], [ 21.95383208223312, 51.99297226533028 ], [ 21.95843285983149, 51.991883005045793 ], [ 21.967305788056933, 51.989704484476817 ], [ 21.975521462339742, 51.994457620263674 ], [ 21.986859092850025, 52.0009931819706 ], [ 21.997375155932019, 52.011093595517664 ], [ 22.011999056155418, 52.010796524530988 ], [ 22.013642191011982, 52.010697500868758 ], [ 22.02514413500792, 52.015351612993399 ], [ 22.02760883729276, 52.01772818088682 ], [ 22.031388047462855, 52.021491080051419 ], [ 22.050284098313313, 52.020500843429147 ], [ 22.058335459110467, 52.014955518344493 ], [ 22.06786564127853, 52.008419956637567 ], [ 22.114530671204889, 52.001488300281736 ], [ 22.139999261481606, 52.008320932975337 ], [ 22.145750233479575, 52.014856494682263 ], [ 22.14624317393654, 52.016737944264563 ], [ 22.14837924925007, 52.025055931891558 ], [ 22.152322772905819, 52.027828594433885 ], [ 22.176312541811626, 52.022184245687001 ], [ 22.212132881684681, 52.013767234397775 ], [ 22.22281325825233, 52.01168773749103 ], [ 22.255183014926601, 52.00525119944632 ], [ 22.283937874916447, 52.018223299197956 ], [ 22.293632370570165, 52.029313949367278 ], [ 22.300697850453375, 52.037334866007598 ], [ 22.322222917074342, 52.03614658206088 ], [ 22.324030365416561, 52.02376862428261 ], [ 22.322387230559997, 52.020797914415837 ], [ 22.317457825990303, 52.012281879464382 ], [ 22.338489952154305, 51.997527353792691 ], [ 22.344733864609239, 51.996735164494879 ], [ 22.369873827914645, 52.006241436068592 ], [ 22.375953426883925, 52.012281879464382 ], [ 22.380389890996639, 52.016638920602333 ], [ 22.389262819222068, 52.015747707642305 ], [ 22.406351421730321, 52.014163329046681 ], [ 22.433463146863588, 52.017431109900144 ], [ 22.440199999775501, 52.021887174700325 ], [ 22.442500388574686, 52.026442263162721 ], [ 22.443814896459926, 52.029115902042832 ], [ 22.446115285259125, 52.029313949367278 ], [ 22.45580978091283, 52.03020516232732 ], [ 22.462710947310399, 52.04238507278113 ], [ 22.464682709138273, 52.045850900959039 ], [ 22.477006220562487, 52.059912260995162 ], [ 22.485714835302261, 52.067537082986576 ], [ 22.513976754835127, 52.068329272284373 ], [ 22.520713607747041, 52.063279065510841 ], [ 22.520713607747041, 52.062288828888583 ], [ 22.521206548204006, 52.057139598452821 ], [ 22.526300266259355, 52.052485486328194 ], [ 22.541417106939718, 52.051000131394801 ], [ 22.547003765452033, 52.050505013083679 ], [ 22.548646900308597, 52.047138208567986 ], [ 22.550125721679493, 52.043870427714523 ], [ 22.572636669214404, 52.038325102629855 ], [ 22.577401760298429, 52.039414362914343 ], [ 22.585288807609928, 52.041295812496642 ], [ 22.587096255952147, 52.038127055305409 ], [ 22.587589196409112, 52.037532913332043 ], [ 22.593175854921427, 52.037334866007598 ], [ 22.606813874230895, 52.036740724034246 ], [ 22.608621322573114, 52.031195398949578 ], [ 22.610593084400989, 52.025452026540464 ], [ 22.616672683370268, 52.019807677793565 ], [ 22.622916595825203, 52.018718417509078 ], [ 22.634089912849817, 52.030898327962902 ], [ 22.649535380501504, 52.034364156140811 ], [ 22.660051443583498, 52.036641700372016 ], [ 22.663337713296627, 52.044959687999011 ], [ 22.668102804380652, 52.062387852550813 ], [ 22.664816534667537, 52.070705840177808 ], [ 22.665473788610157, 52.080410159075967 ], [ 22.663337713296627, 52.081796490347131 ], [ 22.64822087261625, 52.090906667271938 ], [ 22.670403193179837, 52.105760216605859 ], [ 22.699486680140993, 52.117742079735223 ], [ 22.700308247569268, 52.107839713512604 ], [ 22.718218417505796, 52.100809033494556 ], [ 22.727255659216894, 52.097244181654418 ], [ 22.742701126868567, 52.095560779396564 ], [ 22.754696011321471, 52.094273471787631 ], [ 22.760939923776419, 52.090114477974126 ], [ 22.763568939546914, 52.08565841317396 ], [ 22.766526582288719, 52.080608206400427 ], [ 22.784272438739592, 52.069121461582185 ], [ 22.794788501821586, 52.073577526382365 ], [ 22.807276326731468, 52.079023827804804 ], [ 22.829787274266366, 52.081301372036009 ], [ 22.837674321577865, 52.079221875129249 ], [ 22.845232741918053, 52.071696076800066 ], [ 22.850655086944698, 52.066447822702088 ], [ 22.856406058942667, 52.068329272284373 ], [ 22.866100554596386, 52.07149802947562 ], [ 22.866264868082041, 52.067834153973251 ], [ 22.866757808539006, 52.063675160159747 ], [ 22.870044078252135, 52.065754657066492 ], [ 22.902413834926406, 52.064962467768694 ], [ 22.906521672067811, 52.076350188924692 ], [ 22.901263640526821, 52.078924804142574 ], [ 22.896827176414092, 52.081202348373779 ], [ 22.894033847157942, 52.090213501636356 ], [ 22.890090323502193, 52.093184211503143 ], [ 22.896005608985817, 52.104373885334695 ], [ 22.902249521440751, 52.109523115770457 ], [ 22.921309885776878, 52.107245571539252 ], [ 22.929196933088363, 52.110810423379391 ], [ 22.936591039942897, 52.107740689850388 ], [ 22.95006474576671, 52.10219536476572 ], [ 22.967317661760603, 52.115365511841802 ], [ 22.960252181877394, 52.11893036368194 ], [ 22.955651404279024, 52.121207907913131 ], [ 22.946121222110961, 52.126060067362218 ], [ 22.934290651143712, 52.13744778851823 ], [ 22.944806714225706, 52.145468705158535 ], [ 22.974054514672517, 52.155173024056708 ], [ 22.984241950783201, 52.158539828572387 ], [ 22.981448621527051, 52.165075390279313 ], [ 22.978490978785231, 52.172106070297374 ], [ 22.997387029635689, 52.174779709177486 ], [ 23.020390917627566, 52.17428459086635 ], [ 23.02729208402512, 52.17418556720412 ], [ 23.02811365145341, 52.174779709177486 ], [ 23.0333716829944, 52.178344561017624 ], [ 23.045695194418627, 52.175868969461973 ], [ 23.07149241166664, 52.170422668039535 ], [ 23.066727320582615, 52.175373851150837 ], [ 23.046681075332557, 52.182305507506669 ], [ 23.040437162877623, 52.184484028075644 ], [ 23.032221488594814, 52.198842459098429 ], [ 23.03090698070956, 52.214290150405716 ], [ 23.035179131336619, 52.21973645182814 ], [ 23.06442693178343, 52.235679261446549 ], [ 23.073299860008859, 52.235877308771009 ], [ 23.078722205035518, 52.235976332433239 ], [ 23.084473177033487, 52.243502130762423 ], [ 23.093510418744572, 52.255087899242881 ], [ 23.095810807543771, 52.254889851918421 ], [ 23.102383346970015, 52.254394733607299 ], [ 23.10714843805404, 52.258454703758574 ], [ 23.108955886396259, 52.261326389963131 ], [ 23.10649118411142, 52.265683431101081 ], [ 23.10566961668313, 52.266970738710015 ], [ 23.128344877703697, 52.287864731439726 ] ], [ [ 22.56918608601562, 50.461868399989697 ], [ 22.56491393538856, 50.463947896896457 ], [ 22.559655903847556, 50.461472305340806 ], [ 22.56524256235987, 50.459392808434046 ], [ 22.56918608601562, 50.461868399989697 ] ] ], [ [ [ 21.775880577267444, 51.645498234578753 ], [ 21.773251561496949, 51.644706045280955 ], [ 21.769308037841199, 51.648270897121094 ], [ 21.775551950296133, 51.649954299378933 ], [ 21.775880577267444, 51.645498234578753 ] ] ] ] } },
{ "type": "Feature", "properties": { "index": 1575, "nuts_2_code": "PL82", "nuts_2_name": "Podkarpackie" }, "geometry": { "type": "MultiPolygon", "coordinates": [ [ [ [ 22.519727726833096, 50.583271409878947 ], [ 22.535994761913059, 50.56831883688281 ], [ 22.536652015855694, 50.550989695993223 ], [ 22.527943401115905, 50.549306293735384 ], [ 22.521535175175316, 50.548018986126451 ], [ 22.514141068320797, 50.539601974837225 ], [ 22.520220667290076, 50.535145910037045 ], [ 22.524492817917135, 50.535244933699275 ], [ 22.53353005962822, 50.535244933699275 ], [ 22.534187313570854, 50.526431827761144 ], [ 22.532215551742979, 50.522767952258775 ], [ 22.53139398431469, 50.521084550000936 ], [ 22.534351627056509, 50.516727508862985 ], [ 22.531722611286, 50.511875349413899 ], [ 22.542238674368008, 50.506330024329245 ], [ 22.553904931849587, 50.507419284613732 ], [ 22.569350399501275, 50.508805615884896 ], [ 22.574772744527934, 50.504349551084715 ], [ 22.56639275675947, 50.493654995564299 ], [ 22.547825332880308, 50.487614552168495 ], [ 22.536816329341349, 50.484049700328356 ], [ 22.514469695292107, 50.485634078923979 ], [ 22.512826560435542, 50.481078990461569 ], [ 22.528764968544195, 50.476028783688037 ], [ 22.550947289107782, 50.480187777501541 ], [ 22.564420994931595, 50.482663369057192 ], [ 22.585288807609928, 50.482267274408287 ], [ 22.583645672753363, 50.476424878336942 ], [ 22.56310648704634, 50.469691269305571 ], [ 22.557026888077061, 50.467611772398826 ], [ 22.556369634134441, 50.465532275492066 ], [ 22.555383753220497, 50.461274258016346 ], [ 22.549632781222527, 50.460581092380764 ], [ 22.544703376652848, 50.452164081091539 ], [ 22.533037119171254, 50.448005087278048 ], [ 22.524164190945825, 50.453550412362702 ], [ 22.523506937003191, 50.455233814620556 ], [ 22.519727726833096, 50.463749849571997 ], [ 22.512990873921197, 50.466027393803202 ], [ 22.508883036779793, 50.465631299154296 ], [ 22.509375977236758, 50.457115264202855 ], [ 22.507075588437573, 50.456422098567259 ], [ 22.502639124324858, 50.455233814620556 ], [ 22.500667362496984, 50.45493674363388 ], [ 22.497216779298199, 50.455233814620556 ], [ 22.477006220562487, 50.458303548149559 ], [ 22.474048577820682, 50.458897690122924 ], [ 22.465504276566548, 50.460581092380764 ], [ 22.461889379882109, 50.46513618084316 ], [ 22.445786658287801, 50.461967423651927 ], [ 22.447429793144366, 50.456521122229489 ], [ 22.455974094398499, 50.451272868131511 ], [ 22.45022312240053, 50.447113874318006 ], [ 22.454002332570624, 50.445529495722397 ], [ 22.456959975312429, 50.444242188113449 ], [ 22.458438796683339, 50.434636892877521 ], [ 22.450387435886185, 50.432161301321855 ], [ 22.445129404345181, 50.41948627255691 ], [ 22.425576099552089, 50.421268698476979 ], [ 22.412266707213945, 50.422456982423697 ], [ 22.404379659902446, 50.397304972218265 ], [ 22.402900838531536, 50.395225475311506 ], [ 22.405529854302031, 50.394433286013708 ], [ 22.420318068011099, 50.39938446912501 ], [ 22.422125516353319, 50.399879587436146 ], [ 22.435927849148442, 50.39938446912501 ], [ 22.436256476119752, 50.39334402572922 ], [ 22.436420789605407, 50.392848907418085 ], [ 22.439049805375902, 50.391957694458043 ], [ 22.45235919771406, 50.387699676982322 ], [ 22.45301645165668, 50.377797310759703 ], [ 22.453509392113645, 50.368687133834911 ], [ 22.477006220562487, 50.357794530990034 ], [ 22.484236013931366, 50.353239442527624 ], [ 22.497216779298199, 50.352645300554272 ], [ 22.500010108554349, 50.352546276892042 ], [ 22.500503049011328, 50.351357992945324 ], [ 22.502967751296168, 50.346208762509576 ], [ 22.508390096322827, 50.344228289265047 ], [ 22.527614774144595, 50.352249205905366 ], [ 22.53353005962822, 50.354724797461017 ], [ 22.56425668144594, 50.358586720287846 ], [ 22.577730387269739, 50.356309176056641 ], [ 22.583481359267708, 50.355318939434383 ], [ 22.596790751605866, 50.348981425051903 ], [ 22.612893473200174, 50.352843347878718 ], [ 22.618480131712488, 50.354823821123247 ], [ 22.625052671138732, 50.357200389016668 ], [ 22.644113035474845, 50.358487696625616 ], [ 22.667609863923687, 50.354130655487666 ], [ 22.68634160128849, 50.356408199718871 ], [ 22.687656109173744, 50.352447253229812 ], [ 22.685848660831525, 50.345416573211764 ], [ 22.674511030321241, 50.343832194616141 ], [ 22.667116923466722, 50.339277106153745 ], [ 22.657422427813003, 50.337989798544797 ], [ 22.620451893540363, 50.333038615433495 ], [ 22.608785636058769, 50.327988408659962 ], [ 22.60664956074524, 50.32274015456197 ], [ 22.608128382116135, 50.311055362419296 ], [ 22.638197749991221, 50.303034445778977 ], [ 22.64477028941748, 50.305311990010182 ], [ 22.655779292956439, 50.301450067183353 ], [ 22.669088685294597, 50.301549090845583 ], [ 22.706880786995526, 50.291646724622964 ], [ 22.718218417505796, 50.295706694774239 ], [ 22.733992512128793, 50.301152996196677 ], [ 22.749437979780481, 50.302935422116747 ], [ 22.819271211184372, 50.302044209156719 ], [ 22.821242973012247, 50.301648114507813 ], [ 22.841289218262304, 50.297588144356538 ], [ 22.857391939856612, 50.295013529138657 ], [ 22.885982486360788, 50.300558854223326 ], [ 22.889761696530883, 50.301351043521123 ], [ 22.897813057328037, 50.299865688587744 ], [ 22.937412607371186, 50.292537937583006 ], [ 22.966003153875363, 50.293726221529724 ], [ 22.982598815926636, 50.294320363503076 ], [ 22.997058402664379, 50.290854535325153 ], [ 23.012503870316067, 50.287190659822798 ], [ 23.0277850244821, 50.289567227716219 ], [ 23.053417928244457, 50.305708084659074 ], [ 23.060647721613336, 50.314224119610529 ], [ 23.06837045543918, 50.323631367522012 ], [ 23.081351220806013, 50.327790361335516 ], [ 23.090059835545802, 50.330563023877843 ], [ 23.123744100105313, 50.354328702812111 ], [ 23.14132564307053, 50.366706660590381 ], [ 23.148555436439409, 50.371558820039468 ], [ 23.183554208884175, 50.395423522635966 ], [ 23.217402786929355, 50.388194795293458 ], [ 23.21871729481461, 50.385224085426671 ], [ 23.219538862242885, 50.383342635844372 ], [ 23.254209007716355, 50.362151572127985 ], [ 23.265382324740969, 50.368390062848221 ], [ 23.277870149650838, 50.375420742866282 ], [ 23.286085823933647, 50.376906097799676 ], [ 23.304160307355829, 50.379975831328679 ], [ 23.313197549066928, 50.387897724306782 ], [ 23.318619894093587, 50.392749883755855 ], [ 23.336530064030114, 50.397403995880481 ], [ 23.351811218196133, 50.401463966031756 ], [ 23.354111606995318, 50.404632723222988 ], [ 23.358055130651067, 50.410475119294333 ], [ 23.387631558069188, 50.4054249125208 ], [ 23.383688034413439, 50.399582516449456 ], [ 23.37826568938678, 50.39948349278724 ], [ 23.370707269046605, 50.39938446912501 ], [ 23.36692805887651, 50.392749883755855 ], [ 23.367256685847821, 50.389086008253486 ], [ 23.372514717388825, 50.386808464022295 ], [ 23.380566078185979, 50.383342635844372 ], [ 23.376622554530229, 50.378589500057515 ], [ 23.374815106188009, 50.37641097948854 ], [ 23.376951181501539, 50.370964678066102 ], [ 23.386809990640913, 50.368192015523775 ], [ 23.403405652692186, 50.363438879736918 ], [ 23.40932093817581, 50.356309176056641 ], [ 23.413100148345904, 50.35175408759423 ], [ 23.421151509143058, 50.350070685336391 ], [ 23.433803647538582, 50.34749607011851 ], [ 23.436104036337767, 50.344822431238399 ], [ 23.426573854169703, 50.332147402473453 ], [ 23.403241339206531, 50.301252019858907 ], [ 23.41392171577418, 50.306995392268021 ], [ 23.429202869940212, 50.302440303805611 ], [ 23.455657341130859, 50.302935422116747 ], [ 23.455985968102169, 50.302935422116747 ], [ 23.456150281587824, 50.302935422116747 ], [ 23.470445554839912, 50.294221339840846 ], [ 23.491149054032604, 50.298776428303256 ], [ 23.494763950717029, 50.299568617601054 ], [ 23.502486684542873, 50.297489120694308 ], [ 23.509223537454787, 50.295607671112009 ], [ 23.512345493682247, 50.295904742098699 ], [ 23.516946271280631, 50.296300836747591 ], [ 23.519246660079816, 50.294122316178616 ], [ 23.517767838708906, 50.290359417014031 ], [ 23.507909029569532, 50.286398470524986 ], [ 23.502815311514198, 50.284417997280457 ], [ 23.504294132885093, 50.281051192764778 ], [ 23.507744716083877, 50.27986290881806 ], [ 23.513167061110536, 50.277981459235761 ], [ 23.513824315053157, 50.270158589919902 ], [ 23.511852553225282, 50.265702525119721 ], [ 23.510045104883062, 50.261642554968446 ], [ 23.519246660079816, 50.261741578630676 ], [ 23.529762723161809, 50.261939625955122 ], [ 23.541921921100368, 50.258077703128308 ], [ 23.547672893098337, 50.251641165083612 ], [ 23.506430208198623, 50.230450101367211 ], [ 23.479975737007976, 50.221141877117958 ], [ 23.470281241354257, 50.217676048940035 ], [ 23.465844777241543, 50.214012173437681 ], [ 23.450070682618545, 50.201139097348275 ], [ 23.429531496911522, 50.184404098432054 ], [ 23.381059018642944, 50.159648182875529 ], [ 23.358548071108046, 50.144695609879378 ], [ 23.314840683923492, 50.11280999064256 ], [ 23.300381097185749, 50.107660760206798 ], [ 23.29430149821647, 50.10221445878436 ], [ 23.285921510447992, 50.10033300920206 ], [ 23.280006224964367, 50.099045701593127 ], [ 23.279513284507402, 50.095282802428528 ], [ 23.278198776622162, 50.086172625503721 ], [ 23.264396443827039, 50.078448779850092 ], [ 23.250101170574951, 50.064882538125104 ], [ 23.239092167035977, 50.05468310091581 ], [ 23.230383552296203, 50.051712391049037 ], [ 23.216745532986735, 50.047157302586626 ], [ 23.213787890244916, 50.036957865377332 ], [ 23.211651814931386, 50.0300262090215 ], [ 23.154306408437378, 49.981108519881786 ], [ 23.142640150955785, 49.971206153659182 ], [ 23.137217805929126, 49.968334467454625 ], [ 23.135081730615596, 49.967245207170137 ], [ 23.134917417129941, 49.967146183507907 ], [ 23.133109968787721, 49.96615594688565 ], [ 23.114871171879884, 49.956451627987477 ], [ 23.110599021252824, 49.947935593036036 ], [ 23.109448826853225, 49.94585609612929 ], [ 23.108298632453639, 49.943380504573639 ], [ 23.10747706502535, 49.941895149640246 ], [ 23.097289628914666, 49.932685949053209 ], [ 23.093510418744572, 49.929319144537516 ], [ 23.082337101719958, 49.920407014937169 ], [ 23.034193250422689, 49.882084857655656 ], [ 23.002809374662348, 49.849902167432163 ], [ 22.996565462207414, 49.843564653049683 ], [ 22.987692533981985, 49.841089061494031 ], [ 22.980791367584416, 49.840098824871774 ], [ 22.970603931473732, 49.83861346993838 ], [ 22.958280420049519, 49.814253649030746 ], [ 22.956637285192954, 49.811084891839513 ], [ 22.959101987477794, 49.808213205634956 ], [ 22.960745122334359, 49.806232732390427 ], [ 22.961895316733958, 49.804648353794803 ], [ 22.957294539135589, 49.803856164497006 ], [ 22.954501209879425, 49.80326202252364 ], [ 22.947435729996215, 49.799499123359055 ], [ 22.942013384969556, 49.796627437154498 ], [ 22.932811829772803, 49.793260632638805 ], [ 22.924103215033028, 49.785833857971838 ], [ 22.908493433895686, 49.773158829206892 ], [ 22.907836179953065, 49.77266371089577 ], [ 22.899456192184601, 49.765930101864384 ], [ 22.898963251727622, 49.763751581295409 ], [ 22.895512668528852, 49.751175576192693 ], [ 22.87480916933616, 49.739787855036681 ], [ 22.868729570366881, 49.736322026858772 ], [ 22.853284102715207, 49.721369453862621 ], [ 22.849669206030768, 49.715428034129062 ], [ 22.848519011631168, 49.713447560884532 ], [ 22.845725682375019, 49.708892472422136 ], [ 22.822721794383142, 49.695128183372702 ], [ 22.813848866157713, 49.693939899425985 ], [ 22.805140251417939, 49.692652591817051 ], [ 22.794952815307255, 49.68364143855446 ], [ 22.787230081481411, 49.675719545576371 ], [ 22.783615184796972, 49.662054280189167 ], [ 22.781972049940407, 49.656013836793377 ], [ 22.771784613829723, 49.648190967477504 ], [ 22.747794844923916, 49.629772566303444 ], [ 22.718218417505796, 49.602640082853483 ], [ 22.686177287802835, 49.573131031510087 ], [ 22.672867895464691, 49.54758292665575 ], [ 22.662844772839662, 49.538967868042079 ], [ 22.660544384040477, 49.537779584095361 ], [ 22.64181264667566, 49.528867454495014 ], [ 22.653150277185944, 49.507280296129707 ], [ 22.670403193179837, 49.497774024555994 ], [ 22.677632986548716, 49.497080858920413 ], [ 22.694721589056968, 49.495199409338127 ], [ 22.698665112712717, 49.491535533835759 ], [ 22.700965501511902, 49.482623404235397 ], [ 22.712631758993496, 49.43845885088254 ], [ 22.741386618983327, 49.375380778044487 ], [ 22.744344261725132, 49.368845216337562 ], [ 22.746480337038662, 49.359536992088309 ], [ 22.745658769610387, 49.352605335732477 ], [ 22.744508575210787, 49.344188324443252 ], [ 22.743687007782512, 49.335078147518459 ], [ 22.748616412352192, 49.321412882131241 ], [ 22.750423860694411, 49.316263651695479 ], [ 22.747301904466951, 49.307351522095132 ], [ 22.744015634753822, 49.297647203196973 ], [ 22.740236424583728, 49.263186968742275 ], [ 22.739907797612418, 49.258037738306513 ], [ 22.739086230184142, 49.248036348421678 ], [ 22.731527809843953, 49.244966614892661 ], [ 22.72101174676196, 49.240510550092495 ], [ 22.715425088249646, 49.227439426678643 ], [ 22.720354492819325, 49.221696054269515 ], [ 22.729720361501734, 49.21961655736277 ], [ 22.745987396581697, 49.216051705522631 ], [ 22.735142706528393, 49.211100522411328 ], [ 22.734649766071414, 49.210902475086868 ], [ 22.733992512128793, 49.209219072829029 ], [ 22.729391734530424, 49.198524517308599 ], [ 22.726269778302949, 49.197039162375219 ], [ 22.722983508589834, 49.195553807441826 ], [ 22.717232536591865, 49.185453393894761 ], [ 22.708523921852077, 49.180304163458999 ], [ 22.708688235337746, 49.174065672738749 ], [ 22.718711357962775, 49.165648661449524 ], [ 22.723312135561144, 49.17050082089861 ], [ 22.734156825614448, 49.181987565716838 ], [ 22.746644650524317, 49.183869015299138 ], [ 22.755024638292795, 49.181789518392392 ], [ 22.747301904466951, 49.173471530765397 ], [ 22.742865440354237, 49.168619371316311 ], [ 22.739743484126762, 49.158617981431476 ], [ 22.751574055094011, 49.153567774657944 ], [ 22.760611296805095, 49.153072656346808 ], [ 22.775563823999818, 49.155152153253553 ], [ 22.788873216337976, 49.157033602835853 ], [ 22.791337918622816, 49.148121473235506 ], [ 22.793802620907655, 49.138417154337333 ], [ 22.808919461588033, 49.129406001074756 ], [ 22.812698671758113, 49.129703072061432 ], [ 22.814834747071643, 49.129802095723662 ], [ 22.814341806614678, 49.128316740790268 ], [ 22.813355925700748, 49.124652865287899 ], [ 22.818285330270427, 49.124949936274589 ], [ 22.818285330270427, 49.124949936274589 ], [ 22.827158258495871, 49.119998753163273 ], [ 22.828637079866766, 49.116334877660904 ], [ 22.830444528208986, 49.111878812860738 ], [ 22.841289218262304, 49.11049248158956 ], [ 22.842603726147544, 49.110987599900696 ], [ 22.849504892545113, 49.113958309767483 ], [ 22.856734685913978, 49.111284670887372 ], [ 22.856077431971357, 49.105838369464934 ], [ 22.855913118485702, 49.10465008551823 ], [ 22.861992717454982, 49.100986210015861 ], [ 22.874644855850505, 49.098807689446886 ], [ 22.890254636987848, 49.096134050566775 ], [ 22.891569144873102, 49.09385650633557 ], [ 22.887954248188663, 49.089895559846525 ], [ 22.882203276190694, 49.081082453908408 ], [ 22.876780931164035, 49.079498075312785 ], [ 22.869058197338205, 49.077319554743809 ], [ 22.869386824309515, 49.071972276983601 ], [ 22.865607614139421, 49.066724022885609 ], [ 22.867250748995986, 49.059396271880871 ], [ 22.86955113779517, 49.057415798636356 ], [ 22.875137796307484, 49.052662662849499 ], [ 22.87267309402263, 49.048701716360455 ], [ 22.867743689452951, 49.04028470507123 ], [ 22.877109558135359, 49.038898373800066 ], [ 22.878917006477565, 49.03870032647562 ], [ 22.878095439049289, 49.036818876893321 ], [ 22.875302109793139, 49.030481362510841 ], [ 22.880560141334129, 49.023846777141699 ], [ 22.884667978475534, 49.021668256572724 ], [ 22.893212279729667, 49.017212191772543 ], [ 22.889761696530883, 49.007408849212155 ], [ 22.867743689452951, 49.002853760749758 ], [ 22.846382936317639, 49.00334887906088 ], [ 22.839646083405739, 49.018895594030383 ], [ 22.83389511140777, 49.025035061088403 ], [ 22.823707675297086, 49.023351658830563 ], [ 22.814013179643368, 49.025431155737309 ], [ 22.808262207645399, 49.034541332662116 ], [ 22.768334030630939, 49.052860710173945 ], [ 22.762747372118625, 49.052167544538364 ], [ 22.753874443893196, 49.043156391275787 ], [ 22.717889790534485, 49.052365591862824 ], [ 22.699815307112303, 49.049493905658267 ], [ 22.692749827229093, 49.045136864520316 ], [ 22.68387689900365, 49.039591539435648 ], [ 22.676482792149116, 49.041076894369041 ], [ 22.670238879694182, 49.045731006493668 ], [ 22.667938490894997, 49.047414408751521 ], [ 22.661694578440063, 49.048800740022685 ], [ 22.651671455815034, 49.05097926059166 ], [ 22.638362063476876, 49.061376745125401 ], [ 22.631953837536287, 49.071873253321371 ], [ 22.628010313880537, 49.078309791366067 ], [ 22.620616207026018, 49.080488311935042 ], [ 22.60582799331695, 49.084845353072993 ], [ 22.60237741011818, 49.089895559846525 ], [ 22.602213096632511, 49.090093607170985 ], [ 22.598762513433741, 49.093460411686664 ], [ 22.584467240181652, 49.096926239864587 ], [ 22.56885745904431, 49.089895559846525 ], [ 22.566885697216435, 49.088410204913131 ], [ 22.557848455505336, 49.087518991953104 ], [ 22.555219439734842, 49.088311181250916 ], [ 22.550290035165162, 49.089895559846525 ], [ 22.547003765452033, 49.091578962104379 ], [ 22.538952404654879, 49.094252600984476 ], [ 22.503296378267478, 49.089895559846525 ], [ 22.500831675982639, 49.088014110264226 ], [ 22.498531287183454, 49.086231684344156 ], [ 22.49113718032892, 49.08781606293978 ], [ 22.485057581359641, 49.089895559846525 ], [ 22.483085819531766, 49.091876033091054 ], [ 22.477006220562487, 49.093361388024448 ], [ 22.473555637363702, 49.095836979580099 ], [ 22.467640351880078, 49.09999597339359 ], [ 22.45580978091283, 49.103263754247052 ], [ 22.439707059318522, 49.102669612273701 ], [ 22.435270595205807, 49.101085233678077 ], [ 22.428698055779563, 49.098708665784656 ], [ 22.41423846904182, 49.102768635935931 ], [ 22.404708286873756, 49.109898339616208 ], [ 22.392220461963888, 49.118612421892109 ], [ 22.389755759679048, 49.125841149234617 ], [ 22.389262819222068, 49.12722748050578 ], [ 22.385976549508953, 49.128712835439174 ], [ 22.37923969659704, 49.131683545305961 ], [ 22.37463891899867, 49.137426917715075 ], [ 22.367409125629791, 49.146140999990976 ], [ 22.334217801527245, 49.14574490534207 ], [ 22.324358992387872, 49.139011296310699 ], [ 22.320415468732122, 49.136337657430587 ], [ 22.308256270793564, 49.137030823066169 ], [ 22.293139430113186, 49.140892745892998 ], [ 22.247295967615102, 49.152676561697902 ], [ 22.234808142705234, 49.152874609022348 ], [ 22.226592468422425, 49.153072656346808 ], [ 22.226099527965459, 49.160499431013761 ], [ 22.231686186477774, 49.165054519476172 ], [ 22.233822261791303, 49.166737921734011 ], [ 22.234808142705234, 49.171788128507544 ], [ 22.232014813449084, 49.177531500916658 ], [ 22.221991690824055, 49.184463157272489 ], [ 22.211968568199026, 49.184760228259165 ], [ 22.198823489346523, 49.178620761201145 ], [ 22.190114874606749, 49.174560791049885 ], [ 22.179270184553445, 49.180997329094581 ], [ 22.176641168782936, 49.18258170769019 ], [ 22.174505093469406, 49.183175849663556 ], [ 22.153801594276729, 49.188622151085994 ], [ 22.14410709862301, 49.192781144899485 ], [ 22.142628277252101, 49.197435257024111 ], [ 22.141806709823825, 49.200009872241992 ], [ 22.134741229940602, 49.200604014215358 ], [ 22.131454960227487, 49.201000108864264 ], [ 22.106807937379045, 49.204069842393267 ], [ 22.061950355794906, 49.21159564072245 ], [ 22.034838630661639, 49.222488243567327 ], [ 22.031059420491545, 49.226053095407465 ], [ 22.033359809290729, 49.231598420492134 ], [ 22.034510003690315, 49.234272059372245 ], [ 22.03434569020466, 49.235757414305638 ], [ 22.033359809290729, 49.241698834039198 ], [ 22.035988825061224, 49.243679307283728 ], [ 22.037960586889099, 49.244966614892661 ], [ 22.040918229630918, 49.255661170413092 ], [ 22.037139019460824, 49.258532856617649 ], [ 22.03155236094851, 49.262691850431139 ], [ 22.033524122776385, 49.271108861720364 ], [ 22.034838630661639, 49.276456139480572 ], [ 22.02760883729276, 49.283585843160864 ], [ 22.020214730438227, 49.286259482040961 ], [ 22.011670429184107, 49.289527262894424 ], [ 21.997703782903329, 49.300914984050436 ], [ 21.983408509651241, 49.311114421259731 ], [ 21.977986164624582, 49.322700189740189 ], [ 21.972892446569247, 49.333493768922835 ], [ 21.963526577886839, 49.346960986985593 ], [ 21.952188947376555, 49.350030720514596 ], [ 21.941344257323252, 49.347951223607851 ], [ 21.934114463954373, 49.346564892336687 ], [ 21.927213297556818, 49.34983267319015 ], [ 21.91998350418794, 49.353298501368059 ], [ 21.908974500648981, 49.353595572354735 ], [ 21.906509798364141, 49.352704359394707 ], [ 21.902894901679701, 49.351318028123544 ], [ 21.892378838597693, 49.358447731803821 ], [ 21.889914136312854, 49.363497938577353 ], [ 21.887285120542359, 49.368449121688656 ], [ 21.87759062488864, 49.37270713916439 ], [ 21.869046323634521, 49.371122760568767 ], [ 21.858365947066872, 49.368944239999792 ], [ 21.848671451413153, 49.378054416924599 ], [ 21.848342824441843, 49.380133913831344 ], [ 21.847685570499209, 49.385679238916012 ], [ 21.839305582730745, 49.39112554033845 ], [ 21.825667563421277, 49.390432374702868 ], [ 21.815480127310593, 49.383698765671483 ], [ 21.805128377714254, 49.381817316089197 ], [ 21.797898584345376, 49.378549535235734 ], [ 21.789189969605602, 49.369043263662022 ], [ 21.789189969605602, 49.364686222524071 ], [ 21.789189969605602, 49.355477021937034 ], [ 21.777523712124008, 49.356665305883752 ], [ 21.771444113154729, 49.363101843928447 ], [ 21.76289981190061, 49.376965156640111 ], [ 21.76289981190061, 49.379836842844668 ], [ 21.76289981190061, 49.383104623698131 ], [ 21.754026883675181, 49.387362641173851 ], [ 21.750411986990741, 49.389145067093921 ], [ 21.734966519339054, 49.397760125707606 ], [ 21.729872801283705, 49.397760125707606 ], [ 21.725600650656645, 49.400730835574379 ], [ 21.723957515800095, 49.407464444605765 ], [ 21.72330026185746, 49.409940036161416 ], [ 21.718699484259091, 49.413207817014879 ], [ 21.699146179465998, 49.418159000126181 ], [ 21.691094818668844, 49.414396100961596 ], [ 21.684686592728255, 49.411326367432579 ], [ 21.663325839592943, 49.415386337583854 ], [ 21.658232121537608, 49.417960952801735 ], [ 21.655110165310134, 49.424298467184201 ], [ 21.654124284396204, 49.426476987753176 ], [ 21.649852133769144, 49.428457460997706 ], [ 21.64459410222814, 49.430933052553357 ], [ 21.639336070687136, 49.436676424962471 ], [ 21.629970202004742, 49.446875862171765 ], [ 21.614196107381744, 49.444301246953884 ], [ 21.605651806127625, 49.438161779895864 ], [ 21.601543968986206, 49.435290093691307 ], [ 21.586427128305843, 49.435290093691307 ], [ 21.580347529336564, 49.435290093691307 ], [ 21.576075378709504, 49.435389117353537 ], [ 21.564244807742256, 49.440736395113746 ], [ 21.551592669346732, 49.433903762420144 ], [ 21.550278161461478, 49.433210596784562 ], [ 21.542555427635634, 49.433507667771238 ], [ 21.528588781354856, 49.43410180974459 ], [ 21.519715853129426, 49.425090656482013 ], [ 21.519715853129426, 49.424991632819783 ], [ 21.523495063299521, 49.41994142604625 ], [ 21.514786448559732, 49.418555094775087 ], [ 21.507063714733889, 49.422912135913037 ], [ 21.496219024680585, 49.428853555646612 ], [ 21.490468052682616, 49.429249650295517 ], [ 21.487181782969486, 49.425486751130919 ], [ 21.478637481715367, 49.415980479557206 ], [ 21.469107299547304, 49.413702935326015 ], [ 21.45612653418047, 49.41578243223276 ], [ 21.444788903670187, 49.412217580392621 ], [ 21.430329316932443, 49.414099029974906 ], [ 21.409132877282801, 49.425387727468689 ], [ 21.404532099684417, 49.430735005228897 ], [ 21.403710532256142, 49.431626218188939 ], [ 21.397630933286862, 49.433804738757914 ], [ 21.392701528717168, 49.450341690349674 ], [ 21.393030155688493, 49.455589944447667 ], [ 21.400752889514322, 49.461036245870105 ], [ 21.410118758196731, 49.467769854901476 ], [ 21.407982682883201, 49.474008345621726 ], [ 21.399438381629082, 49.478662457746353 ], [ 21.391222707346273, 49.483217546208763 ], [ 21.390894080374949, 49.48797068199562 ], [ 21.402231710885232, 49.490050178902365 ], [ 21.42014188082176, 49.493317959755828 ], [ 21.4158697301947, 49.496882811595967 ], [ 21.410776012139351, 49.501437900058363 ], [ 21.410283071682386, 49.502527160342851 ], [ 21.407818369397546, 49.508567603738655 ], [ 21.403381905284832, 49.508765651063101 ], [ 21.399767008600392, 49.508864674725331 ], [ 21.392208588260203, 49.512924644876605 ], [ 21.383828600491739, 49.524807484343739 ], [ 21.38481448140567, 49.525599673641551 ], [ 21.388100751118799, 49.527976241534972 ], [ 21.38087095774992, 49.537680560433131 ], [ 21.366082744040867, 49.542631743544447 ], [ 21.359674518100277, 49.544711240451193 ], [ 21.368547446325707, 49.556297008931651 ], [ 21.379392136379025, 49.57025934530553 ], [ 21.369533327239651, 49.573131031510087 ], [ 21.348665514561304, 49.579072451243661 ], [ 21.331083971596101, 49.587687509857332 ], [ 21.327304761426007, 49.593034787617555 ], [ 21.331248285081756, 49.600560585946738 ], [ 21.343078856049004, 49.607888336951476 ], [ 21.344064736962935, 49.608482478924827 ], [ 21.362139220385117, 49.634228631103625 ], [ 21.356388248387148, 49.649874369735358 ], [ 21.347515320161719, 49.655716765806702 ], [ 21.34275022907768, 49.658786499335704 ], [ 21.3445576774199, 49.67146152810065 ], [ 21.347186693190409, 49.690375047585846 ], [ 21.348665514561304, 49.691959426181455 ], [ 21.338478078450621, 49.697603774928353 ], [ 21.333220046909631, 49.69601939633273 ], [ 21.331412598567411, 49.695425254359378 ], [ 21.321718102913692, 49.698395964226165 ], [ 21.325661626569442, 49.706812975515376 ], [ 21.327962015368627, 49.711467087640017 ], [ 21.329933777196501, 49.719388980618106 ], [ 21.325168686112477, 49.722755785133785 ], [ 21.316460071372688, 49.728796228529589 ], [ 21.317610265772288, 49.735727884885421 ], [ 21.318267519714908, 49.738995665738884 ], [ 21.311037726346044, 49.747412677028095 ], [ 21.3033149925202, 49.74978924492153 ], [ 21.291813048524261, 49.748699984637042 ], [ 21.281132671956613, 49.754542380708386 ], [ 21.26618014476189, 49.753255073099439 ], [ 21.258621724421701, 49.752660931126087 ], [ 21.241697435399118, 49.776129539073679 ], [ 21.250734677110216, 49.790091875447573 ], [ 21.266015831276235, 49.793359656301035 ], [ 21.26798759310411, 49.793755750949941 ], [ 21.271766803274204, 49.797518650114526 ], [ 21.279325223614393, 49.804846401119264 ], [ 21.290991481095986, 49.800588383643543 ], [ 21.301014603721015, 49.79702353180339 ], [ 21.309887531946444, 49.796627437154498 ], [ 21.331248285081756, 49.804846401119264 ], [ 21.333877300852251, 49.810490749866148 ], [ 21.334205927823561, 49.810985868177283 ], [ 21.33502749525185, 49.811183915501729 ], [ 21.339463959364565, 49.811877081137311 ], [ 21.345379244848189, 49.814748767341882 ], [ 21.337327884051035, 49.82613648849788 ], [ 21.329769463710846, 49.82801793808018 ], [ 21.323032610798947, 49.829701340338019 ], [ 21.318596146686218, 49.833167168515942 ], [ 21.314981250001793, 49.835939831058269 ], [ 21.297071080065265, 49.842871487414101 ], [ 21.283104433784487, 49.845347078969752 ], [ 21.26338681550574, 49.842574416427425 ], [ 21.253692319852021, 49.841188085156261 ], [ 21.22493745986219, 49.852575806312259 ], [ 21.227566475632685, 49.861884030561512 ], [ 21.227895102603995, 49.862973290846 ], [ 21.227895102603995, 49.864161574792718 ], [ 21.22674490820441, 49.885352638509119 ], [ 21.235124895972874, 49.885253614846889 ], [ 21.259936232306956, 49.884956543860213 ], [ 21.280804044985302, 49.89396769712279 ], [ 21.288033838354167, 49.910801719701226 ], [ 21.284747568641052, 49.92278358283059 ], [ 21.280804044985302, 49.926843552981865 ], [ 21.247612720882742, 49.930309381159788 ], [ 21.22805941608965, 49.928824026226394 ], [ 21.194046524558814, 49.931299617782045 ], [ 21.190595941360044, 49.930210357497558 ], [ 21.182708894048545, 49.927932813266352 ], [ 21.172685771423517, 49.936349824555577 ], [ 21.170221069138663, 49.943578551898085 ], [ 21.165620291540293, 49.945460001480384 ], [ 21.161512454398888, 49.95189653952508 ], [ 21.160197946513634, 49.96605692322342 ], [ 21.15083207783124, 49.977444644379432 ], [ 21.14968188343164, 49.994179643295638 ], [ 21.156418736343554, 50.004280056842703 ], [ 21.161841081370198, 50.006161506425002 ], [ 21.178272429935816, 50.012102926158576 ], [ 21.192896330159229, 50.029234019723702 ], [ 21.170714009595642, 50.038443220310725 ], [ 21.15001051040295, 50.04695925526218 ], [ 21.14540973280458, 50.050128012453413 ], [ 21.146066986747201, 50.053197745982416 ], [ 21.155432855429609, 50.056564550498109 ], [ 21.166770485939892, 50.06082256797383 ], [ 21.167920680339478, 50.063892301502847 ], [ 21.165455978054638, 50.066863011369634 ], [ 21.165291664568983, 50.06716008235631 ], [ 21.166113231997258, 50.067556177005216 ], [ 21.173343025366137, 50.070922981520894 ], [ 21.177122235536231, 50.076864401254468 ], [ 21.171206950052607, 50.079934134783485 ], [ 21.167756366853823, 50.081716560703555 ], [ 21.163812843198073, 50.088846264383832 ], [ 21.173507338851792, 50.091915997912849 ], [ 21.190103000903065, 50.097164252010828 ], [ 21.185173596333385, 50.104293955691105 ], [ 21.180079878278036, 50.111423659371397 ], [ 21.181394386163291, 50.114790463887076 ], [ 21.183530461476821, 50.120434812633974 ], [ 21.171699890509572, 50.123405522500761 ], [ 21.149188942974675, 50.129148894909875 ], [ 21.14968188343164, 50.134199101683407 ], [ 21.158226184685759, 50.135783480279017 ], [ 21.164141470169383, 50.136872740563504 ], [ 21.169235188224732, 50.140635639728103 ], [ 21.162169708341509, 50.14360634959489 ], [ 21.152475212687804, 50.147666319746165 ], [ 21.153296780116079, 50.149151674679558 ], [ 21.156418736343554, 50.154498952439766 ], [ 21.167263426396858, 50.173511495587178 ], [ 21.169235188224732, 50.206981493419619 ], [ 21.162005394855854, 50.22173601909131 ], [ 21.154118347544355, 50.229855959393859 ], [ 21.14869600251771, 50.235500308140743 ], [ 21.158554811657083, 50.237183710398597 ], [ 21.181558699648946, 50.241144656887641 ], [ 21.164798724112018, 50.245996816336714 ], [ 21.163648529712418, 50.246689981972295 ], [ 21.145738359775891, 50.25708746650605 ], [ 21.155268541943954, 50.264118146524098 ], [ 21.178272429935816, 50.280853145440318 ], [ 21.1828732075342, 50.286992612498338 ], [ 21.184352028905096, 50.294617434489751 ], [ 21.18500928284773, 50.297786191680984 ], [ 21.194868091987104, 50.304024682401234 ], [ 21.206698662954352, 50.306896368605791 ], [ 21.222637071063005, 50.310857315094836 ], [ 21.216064531636746, 50.324918675130945 ], [ 21.213928456323217, 50.329572787255586 ], [ 21.214750023751506, 50.330662047540073 ], [ 21.218364920435931, 50.335613230651376 ], [ 21.218036293464621, 50.340960508411584 ], [ 21.208834738267882, 50.354922844785477 ], [ 21.22066530923513, 50.358388672963386 ], [ 21.2241158924339, 50.363636927061378 ], [ 21.231017058831469, 50.373737340608443 ], [ 21.245312332083557, 50.376113908501864 ], [ 21.251884871509802, 50.379579736679787 ], [ 21.253363692880711, 50.387204558671201 ], [ 21.257142903050806, 50.390571363186879 ], [ 21.273081311159459, 50.391462576146921 ], [ 21.278503656186103, 50.391660623471367 ], [ 21.279653850585703, 50.398097161516063 ], [ 21.281625612413578, 50.408197575063141 ], [ 21.339135332393255, 50.430576922726246 ], [ 21.366575684497832, 50.440677336273311 ], [ 21.38234977912083, 50.439489052326593 ], [ 21.382514092606485, 50.439489052326593 ], [ 21.384650167920014, 50.439191981339917 ], [ 21.389908199461019, 50.438795886691011 ], [ 21.397466619801207, 50.438795886691011 ], [ 21.399931322086047, 50.439092957677687 ], [ 21.448075173383316, 50.459590855758506 ], [ 21.451032816125121, 50.466225441127648 ], [ 21.446924978983716, 50.475434641714685 ], [ 21.445939098069786, 50.477811209608106 ], [ 21.443310082299291, 50.485931149910655 ], [ 21.448568113840281, 50.491872569644229 ], [ 21.456948101608745, 50.493060853590933 ], [ 21.482088064914151, 50.496427658106626 ], [ 21.48997511222565, 50.498705202337831 ], [ 21.491618247082215, 50.499497391635643 ], [ 21.499998234850679, 50.502666148826876 ], [ 21.501805683192899, 50.503458338124688 ], [ 21.511500178846617, 50.50652807165369 ], [ 21.514786448559732, 50.508013426587084 ], [ 21.517744091301552, 50.509300734196032 ], [ 21.526945646498291, 50.51256851504948 ], [ 21.53171073758233, 50.514152893645104 ], [ 21.549456594033202, 50.519401147743096 ], [ 21.555207566031157, 50.52078747901426 ], [ 21.557179327859032, 50.520985526338706 ], [ 21.562437359400036, 50.52078747901426 ], [ 21.56555931562751, 50.520490408027584 ], [ 21.566545196541441, 50.520193337040894 ], [ 21.57048872019719, 50.519302124080866 ], [ 21.574432243852939, 50.518113840134149 ], [ 21.576732632652124, 50.517717745485243 ], [ 21.588070263162408, 50.517024579849661 ], [ 21.590206338475937, 50.517024579849661 ], [ 21.592999667732087, 50.517321650836337 ], [ 21.595628683502596, 50.517816769147473 ], [ 21.597764758816126, 50.518311887458609 ], [ 21.601215342014896, 50.519698218729772 ], [ 21.609102389326395, 50.528214253681213 ], [ 21.628655694119487, 50.549306293735384 ], [ 21.631941963832617, 50.552475050926617 ], [ 21.640979205543701, 50.558317446997961 ], [ 21.642950967371576, 50.559604754606909 ], [ 21.64607292359905, 50.561783275175884 ], [ 21.649687820283475, 50.564555937718211 ], [ 21.65165958211135, 50.56623933997605 ], [ 21.653467030453569, 50.56812078955835 ], [ 21.657410554109319, 50.573071972669652 ], [ 21.660368196851138, 50.578320226767644 ], [ 21.662339958679013, 50.582974338892271 ], [ 21.664147407021233, 50.587529427354681 ], [ 21.665133287935163, 50.590698184545914 ], [ 21.665133287935163, 50.59089623187036 ], [ 21.667105049763038, 50.600105432457397 ], [ 21.673020335246662, 50.607928301773256 ], [ 21.710155183004971, 50.629713507463009 ], [ 21.72445045625706, 50.64466608045916 ], [ 21.732830444025524, 50.643081701863537 ], [ 21.735623773281674, 50.642586583552415 ], [ 21.742524939679242, 50.648825074272651 ], [ 21.747618657734577, 50.653479186397291 ], [ 21.753041002761236, 50.655162588655131 ], [ 21.759120601730515, 50.654370399357319 ], [ 21.76174961750101, 50.650112381881598 ], [ 21.76355706584323, 50.647438743001487 ], [ 21.779166846980573, 50.644963151445836 ], [ 21.779495473951883, 50.653281139072831 ], [ 21.779824100923193, 50.659420606130851 ], [ 21.784096251550267, 50.664668860228844 ], [ 21.791326044919131, 50.673878060815866 ], [ 21.788861342634291, 50.676947794344883 ], [ 21.786232326863797, 50.680017527873886 ], [ 21.794119374175295, 50.681998001118416 ], [ 21.809071901370004, 50.685760900283 ], [ 21.821888353251182, 50.693088651287738 ], [ 21.825503249935622, 50.699030071021312 ], [ 21.826817757820876, 50.705961727377144 ], [ 21.828953833134406, 50.718339685155414 ], [ 21.83486911861803, 50.7270537674313 ], [ 21.843413419872149, 50.739233677885125 ], [ 21.842263225472564, 50.74586826325428 ], [ 21.840291463644689, 50.757454031734738 ], [ 21.846206749128299, 50.768049563592925 ], [ 21.854258109925453, 50.776862669531056 ], [ 21.858694574038182, 50.781615805317912 ], [ 21.864281232550482, 50.802707845372083 ], [ 21.876440430489055, 50.79498399971844 ], [ 21.878905132773895, 50.789240627309326 ], [ 21.87693337094602, 50.785576751806957 ], [ 21.875618863060765, 50.783002136589076 ], [ 21.87693337094602, 50.779635332073383 ], [ 21.891721584655073, 50.779437284748937 ], [ 21.896322362253443, 50.779338261086707 ], [ 21.903059215165356, 50.778149977139989 ], [ 21.923598400872379, 50.774387077975405 ], [ 21.95169600691959, 50.773000746704241 ], [ 21.956789724974939, 50.77666462220661 ], [ 21.971413625198338, 50.78696308307812 ], [ 21.990309676048795, 50.784685538846915 ], [ 21.995074767132834, 50.784091396873563 ], [ 22.038946467803044, 50.808451217781197 ], [ 22.042397051001814, 50.812115093283566 ], [ 22.049133903913727, 50.819145773301614 ], [ 22.058499772596122, 50.818551631328262 ], [ 22.06326486368016, 50.81766041836822 ], [ 22.068687208706805, 50.816868229070423 ], [ 22.071316224477314, 50.816373110759287 ], [ 22.081175033616688, 50.815778968785935 ], [ 22.086926005614657, 50.814788732163663 ], [ 22.092348350641302, 50.814095566528081 ], [ 22.094484425954832, 50.813996542865866 ], [ 22.097606382182306, 50.81330337723027 ], [ 22.100892651895421, 50.812214116945782 ], [ 22.10598636995077, 50.810134620039037 ], [ 22.109436953149554, 50.808946336092319 ], [ 22.11272322286267, 50.808055123132291 ], [ 22.115352238633179, 50.807064886510034 ], [ 22.120117329717203, 50.805975626225546 ], [ 22.125046734286897, 50.804589294954368 ], [ 22.128497317485667, 50.803301987345435 ], [ 22.131126333256177, 50.802311750723177 ], [ 22.138520440110696, 50.800826395789784 ], [ 22.14410709862301, 50.800232253816432 ], [ 22.153144340334109, 50.79934104085639 ], [ 22.159059625817719, 50.798350804234133 ], [ 22.163003149473468, 50.797261543949645 ], [ 22.161688641588228, 50.788448438011514 ], [ 22.157087863989844, 50.779041190100031 ], [ 22.153637280791074, 50.771911486419754 ], [ 22.162510209016503, 50.77032710782413 ], [ 22.18436390260878, 50.766366161335085 ], [ 22.204574461344492, 50.753196014259004 ], [ 22.199480743289158, 50.750027257067771 ], [ 22.198987802832178, 50.749730186081095 ], [ 22.171876077698911, 50.708140247946119 ], [ 22.174669406955061, 50.701901757225869 ], [ 22.175162347412041, 50.700614449616921 ], [ 22.167603927071852, 50.689127704798693 ], [ 22.159223939303388, 50.682592143091767 ], [ 22.156101983075914, 50.680215575198346 ], [ 22.147393368336139, 50.677839007304911 ], [ 22.141806709823825, 50.669620043340146 ], [ 22.190279188092404, 50.664668860228844 ], [ 22.194551338719464, 50.665163978539965 ], [ 22.204245834373182, 50.666253238824453 ], [ 22.210161119856807, 50.663678623606572 ], [ 22.211968568199026, 50.66298545797099 ], [ 22.213940330026901, 50.662094245010962 ], [ 22.22281325825233, 50.659519629793081 ], [ 22.232507753906049, 50.65268699709948 ], [ 22.234643829219578, 50.646052411730324 ], [ 22.246310086701172, 50.63426859592542 ], [ 22.246310086701172, 50.629812531125239 ], [ 22.246310086701172, 50.624861348013937 ], [ 22.251896745213486, 50.620603330538202 ], [ 22.26487751058032, 50.621098448849338 ], [ 22.289195906457437, 50.622088685471596 ], [ 22.292810803141876, 50.618523833631457 ], [ 22.318608020389902, 50.619018951942593 ], [ 22.349334642207609, 50.613077532209019 ], [ 22.378089502197454, 50.603670284297536 ], [ 22.383511847224099, 50.598124959212868 ], [ 22.398300060933167, 50.594164012723823 ], [ 22.403886719445481, 50.589113805950291 ], [ 22.407994556586885, 50.585548954110152 ], [ 22.420153754525444, 50.58059777099885 ], [ 22.45055174937184, 50.588222592990263 ], [ 22.463532514738674, 50.591391350181496 ], [ 22.465997217023528, 50.589014782288061 ], [ 22.469447800222298, 50.585647977772382 ], [ 22.477006220562487, 50.583271409878947 ], [ 22.48719365667317, 50.58039972367439 ], [ 22.489822672443665, 50.577032919158711 ], [ 22.49294462867114, 50.582578244243365 ], [ 22.504939513124043, 50.583865551852313 ], [ 22.506418334494953, 50.576438777185345 ], [ 22.510854798607667, 50.575547564225317 ], [ 22.514634008777762, 50.576834871834251 ], [ 22.511183425578977, 50.58039972367439 ], [ 22.519727726833096, 50.583271409878947 ] ] ], [ [ [ 22.56918608601562, 50.461868399989697 ], [ 22.56524256235987, 50.459392808434046 ], [ 22.559655903847556, 50.461472305340806 ], [ 22.56491393538856, 50.463947896896457 ], [ 22.56918608601562, 50.461868399989697 ] ] ] ] } },
{ "type": "Feature", "properties": { "index": 1576, "nuts_2_code": "PL41", "nuts_2_name": "Wielkopolskie" }, "geometry": { "type": "MultiPolygon", "coordinates": [ [ [ [ 16.8923194700793, 53.655876625093867 ], [ 16.899056322991214, 53.641419170408838 ], [ 16.898234755562925, 53.633893372079655 ], [ 16.89807044207727, 53.633200206444073 ], [ 16.894619858878485, 53.628744141643892 ], [ 16.900370830876454, 53.626268550088241 ], [ 16.900535144362109, 53.626268550088241 ], [ 16.900370830876454, 53.625971479101565 ], [ 16.897413188134649, 53.621020295990263 ], [ 16.906121802874424, 53.614187663296661 ], [ 16.917788060356017, 53.604978462709624 ], [ 16.916637865956417, 53.602898965802879 ], [ 16.915816298528142, 53.601512634531716 ], [ 16.918773941269947, 53.600522397909444 ], [ 16.923046091897021, 53.59913606663828 ], [ 16.93438372240729, 53.585668848575523 ], [ 16.939641753948294, 53.583490328006548 ], [ 16.939313126976984, 53.574479174743971 ], [ 16.939148813491329, 53.572795772486131 ], [ 16.943092337147078, 53.566854352752557 ], [ 16.949171936116358, 53.55774417582775 ], [ 16.949829190058978, 53.553783229338705 ], [ 16.951143697944232, 53.544673052413899 ], [ 16.970204062280345, 53.549030093551849 ], [ 16.975955034278314, 53.552792992716448 ], [ 16.981213065819318, 53.556258820894371 ], [ 17.001423624555031, 53.549822282849661 ], [ 17.004874207753801, 53.535661899151322 ], [ 16.996987160442302, 53.532196070973413 ], [ 16.993700890729187, 53.530710716040019 ], [ 16.992715009815242, 53.526551722226529 ], [ 16.999451862727156, 53.524769296306445 ], [ 17.001094997583721, 53.518332758261749 ], [ 17.015390270835809, 53.519521042208467 ], [ 17.033136127286681, 53.516055214030544 ], [ 17.059426284991673, 53.521006397141861 ], [ 17.074214498700726, 53.531106810688925 ], [ 17.090645847266345, 53.542197460858247 ], [ 17.131231278223424, 53.536355064786903 ], [ 17.150291642559552, 53.530908763364465 ], [ 17.160150451698925, 53.528037077159908 ], [ 17.165901423696894, 53.529522432093302 ], [ 17.184468847576042, 53.534374591542388 ], [ 17.197285299457221, 53.532691189284549 ], [ 17.209115870424469, 53.535760922813552 ], [ 17.229326429160182, 53.5332853312579 ], [ 17.243457388926615, 53.531601929000061 ], [ 17.260217364463557, 53.5351667808402 ], [ 17.267775784803746, 53.536751159435809 ], [ 17.281249490627545, 53.533978496893482 ], [ 17.295380450393978, 53.525561485604257 ], [ 17.305896513475986, 53.527145864199881 ], [ 17.309018469703446, 53.523878083346418 ], [ 17.306882394389916, 53.51645130867945 ], [ 17.305896513475986, 53.513282551488217 ], [ 17.313454933816161, 53.512985480501541 ], [ 17.323478056441189, 53.512490362190405 ], [ 17.326107072211698, 53.50625187147017 ], [ 17.327092953125629, 53.503677256252288 ], [ 17.332022357695323, 53.502984090616707 ], [ 17.338430583635912, 53.502191901318895 ], [ 17.338101956664602, 53.49981533342546 ], [ 17.337773329693277, 53.497636812856484 ], [ 17.340073718492476, 53.496052434260875 ], [ 17.35206860294538, 53.494170984678576 ], [ 17.35699800751506, 53.495359268625293 ], [ 17.363406233455649, 53.496943647220903 ], [ 17.384109732648341, 53.496547552571997 ], [ 17.390682272074585, 53.491002227487343 ], [ 17.39265403390246, 53.489417848891719 ], [ 17.381809343849142, 53.468919950810914 ], [ 17.370800340310183, 53.463671696712922 ], [ 17.340566658949442, 53.449511313014582 ], [ 17.334651373465817, 53.442678680320981 ], [ 17.327750207068249, 53.434756787342891 ], [ 17.304253378619421, 53.424854421120273 ], [ 17.298338093135797, 53.422378829564622 ], [ 17.291272613252573, 53.416437409831047 ], [ 17.293573002051758, 53.410000871786352 ], [ 17.295216136908323, 53.405247735999495 ], [ 17.289793791881664, 53.397919984994772 ], [ 17.28075655017058, 53.393959038505713 ], [ 17.266954217375456, 53.387918595109923 ], [ 17.258081289150027, 53.381085962416321 ], [ 17.247729539553688, 53.379897678469604 ], [ 17.249372674410239, 53.373263093100462 ], [ 17.255945213836497, 53.367024602380212 ], [ 17.256273840807808, 53.363756821526749 ], [ 17.257259721721738, 53.363360726877843 ], [ 17.293573002051758, 53.353656407979685 ], [ 17.317234143986255, 53.350289603463992 ], [ 17.337773329693277, 53.347318893597205 ], [ 17.340895285920752, 53.341575521188091 ], [ 17.343031361234281, 53.337713598361276 ], [ 17.346810571404376, 53.336030196103422 ], [ 17.35486193220153, 53.332465344263284 ], [ 17.356833694029405, 53.328009279463117 ], [ 17.35666938054375, 53.32672197185417 ], [ 17.355354872658495, 53.321077623107286 ], [ 17.368335638025343, 53.315631321684847 ], [ 17.378030133679047, 53.311472327871343 ], [ 17.385095613562271, 53.305431884475553 ], [ 17.387231688875801, 53.299391441079749 ], [ 17.395283049672955, 53.294638305292906 ], [ 17.394954422701645, 53.290380287817172 ], [ 17.39479010921599, 53.288993956546008 ], [ 17.405799112754949, 53.283448631461354 ], [ 17.406620680183238, 53.283844726110246 ], [ 17.411221457781608, 53.286320317665911 ], [ 17.418286937664831, 53.284042773434706 ], [ 17.435868480630035, 53.269684342411907 ], [ 17.438826123371854, 53.267505821842946 ], [ 17.421244580406636, 53.253939580117958 ], [ 17.424037909662786, 53.249978633628913 ], [ 17.426666925433295, 53.246413781788775 ], [ 17.418286937664831, 53.243046977273082 ], [ 17.413850473552102, 53.241264551353012 ], [ 17.414672040980392, 53.238788959797361 ], [ 17.417301056750887, 53.230966090481488 ], [ 17.406620680183238, 53.227302214979119 ], [ 17.3939685417877, 53.227104167654673 ], [ 17.370307399853218, 53.226708073005767 ], [ 17.334487059980162, 53.218192038054326 ], [ 17.330872163295723, 53.214627186214173 ], [ 17.322656489012914, 53.215518399174215 ], [ 17.321177667642004, 53.21145842902294 ], [ 17.333829806037528, 53.208190648169477 ], [ 17.337937643178947, 53.205120914640474 ], [ 17.344674496090846, 53.200169731529158 ], [ 17.345003123062156, 53.194129288133368 ], [ 17.341223912892062, 53.187791773750902 ], [ 17.337116075750657, 53.180860117395071 ], [ 17.336130194836727, 53.179077691475001 ], [ 17.337773329693277, 53.171749940470264 ], [ 17.345331750033466, 53.163233905518808 ], [ 17.340238031978132, 53.155708107189625 ], [ 17.35124703551709, 53.154717870567367 ], [ 17.355026245687185, 53.151153018727229 ], [ 17.358969769342934, 53.150558876753863 ], [ 17.375565431394207, 53.148083285198211 ], [ 17.389696391160641, 53.142537960113543 ], [ 17.389696391160641, 53.138477989962283 ], [ 17.384766986590961, 53.13332875952652 ], [ 17.366692503168778, 53.131744380930897 ], [ 17.35371173780193, 53.130655120646409 ], [ 17.358641142371624, 53.121643967383832 ], [ 17.360612904199499, 53.118079115543694 ], [ 17.357162321000715, 53.087183732929134 ], [ 17.338759210607222, 53.07955891093772 ], [ 17.335144313922783, 53.077974532342111 ], [ 17.323970996898169, 53.078271603328787 ], [ 17.330214909353103, 53.053317640447801 ], [ 17.330543536324413, 53.052129356501084 ], [ 17.336294508322382, 53.042524061265141 ], [ 17.334651373465817, 53.02598710967338 ], [ 17.330214909353103, 53.018857405993103 ], [ 17.324299623869479, 53.018560335006427 ], [ 17.31526238215838, 53.018065216695291 ], [ 17.302774557248512, 52.995685869032187 ], [ 17.317562770957565, 52.988655189014125 ], [ 17.317891397928889, 52.974494805315786 ], [ 17.369814459396238, 52.973900663342434 ], [ 17.378851701107337, 52.976772349546991 ], [ 17.394297168759024, 52.981723532658293 ], [ 17.403334410470109, 52.976079183911409 ], [ 17.410728517324642, 52.971425071786783 ], [ 17.444905722341133, 52.958155901048471 ], [ 17.463637459705936, 52.94973888975926 ], [ 17.477932732958024, 52.948451582150312 ], [ 17.485819780269523, 52.947758416514731 ], [ 17.499457799578991, 52.933598032816391 ], [ 17.514410326773714, 52.927953684069507 ], [ 17.511124057060584, 52.915872797277913 ], [ 17.512602878431494, 52.908842117259852 ], [ 17.518353850429449, 52.896761230468272 ], [ 17.518518163915118, 52.886759840583423 ], [ 17.527719719111857, 52.884086201703326 ], [ 17.524762076370052, 52.876758450698588 ], [ 17.526076584255293, 52.860518570093504 ], [ 17.523940508941763, 52.856557623604459 ], [ 17.519339731343393, 52.855171292333296 ], [ 17.513753072831079, 52.853586913737672 ], [ 17.515396207687644, 52.839921648350469 ], [ 17.513260132374114, 52.831999755372379 ], [ 17.513588759345424, 52.831504637061244 ], [ 17.520325612257324, 52.822790554785342 ], [ 17.518189536943794, 52.820017892243015 ], [ 17.507837787347455, 52.80714481615361 ], [ 17.505701712033925, 52.804570200935729 ], [ 17.506523279462215, 52.801896562055632 ], [ 17.506851906433525, 52.800807301771144 ], [ 17.508659354775745, 52.795361000348706 ], [ 17.50241544232081, 52.78674594173502 ], [ 17.462158638335026, 52.787043012721711 ], [ 17.458708055136256, 52.790409817237389 ], [ 17.452628456166977, 52.796252213308733 ], [ 17.441948079599314, 52.789518604277362 ], [ 17.434225345773484, 52.784666444828275 ], [ 17.43143201651732, 52.784765468490505 ], [ 17.410728517324642, 52.785260586801641 ], [ 17.412371652181207, 52.777932835796904 ], [ 17.409085382468078, 52.771892392401099 ], [ 17.413850473552102, 52.764564641396376 ], [ 17.408756755496768, 52.760999789556237 ], [ 17.410728517324642, 52.756939819404963 ], [ 17.419930072521382, 52.75169156530697 ], [ 17.430610449089045, 52.750701328684713 ], [ 17.439812004285784, 52.749909139386901 ], [ 17.458543741650601, 52.738917512879794 ], [ 17.486641347697812, 52.729312217643866 ], [ 17.487462915126088, 52.723469821572522 ], [ 17.483519391470338, 52.719409851421247 ], [ 17.480890375699843, 52.716835236203366 ], [ 17.480726062214188, 52.712082100416524 ], [ 17.485491153298213, 52.711487958443158 ], [ 17.499786426550301, 52.709903579847548 ], [ 17.494692708494966, 52.70435825476288 ], [ 17.485326839812558, 52.705447515047368 ], [ 17.478918613871969, 52.70623970434518 ], [ 17.475139403701874, 52.70435825476288 ], [ 17.47020999913218, 52.680790623153058 ], [ 17.483026451013373, 52.682077930761992 ], [ 17.483026451013373, 52.683464262033169 ], [ 17.483026451013373, 52.686930090211078 ], [ 17.485819780269523, 52.68762325584666 ], [ 17.500607993978591, 52.683761333019845 ], [ 17.50455151763434, 52.677720889624041 ], [ 17.507180533404835, 52.67346287214832 ], [ 17.523118941513488, 52.673066777499415 ], [ 17.527555405626202, 52.68148378878864 ], [ 17.530184421396697, 52.682771096397573 ], [ 17.54612282950535, 52.690891036700123 ], [ 17.55039498013241, 52.689999823740081 ], [ 17.556967519558668, 52.688613492468917 ], [ 17.574713376009541, 52.692376391633516 ], [ 17.579642780579221, 52.700397308273836 ], [ 17.581943169378405, 52.70435825476288 ], [ 17.613327045138746, 52.703368018140623 ], [ 17.627950945362144, 52.707328964629667 ], [ 17.638959948901118, 52.69396077022914 ], [ 17.646518369241292, 52.689900800077865 ], [ 17.639781516329393, 52.684553522317657 ], [ 17.632058782503549, 52.678315031597407 ], [ 17.631401528560929, 52.67356189581055 ], [ 17.637316814044553, 52.665640002832461 ], [ 17.638138381472828, 52.664550742547974 ], [ 17.636988187073243, 52.66296636395235 ], [ 17.631565842046584, 52.655242518298706 ], [ 17.633373290388803, 52.652865950405285 ], [ 17.635345052216678, 52.648013790956199 ], [ 17.646846996212616, 52.645142104751642 ], [ 17.667057554948329, 52.647815743631753 ], [ 17.680695574257783, 52.649697193214053 ], [ 17.676423423630723, 52.641478229249273 ], [ 17.675930483173758, 52.640487992627016 ], [ 17.678230871972943, 52.634744620217901 ], [ 17.682010082143037, 52.625832490617555 ], [ 17.681024201229107, 52.624347135684161 ], [ 17.675930483173758, 52.616326219043842 ], [ 17.679381066372542, 52.602759977318854 ], [ 17.689732815968881, 52.60325509562999 ], [ 17.698770057679965, 52.611474059594755 ], [ 17.704192402706624, 52.606423852821223 ], [ 17.725553155841936, 52.621475449479604 ], [ 17.747899789891179, 52.632764146973372 ], [ 17.743627639264119, 52.641775300235963 ], [ 17.736233532409585, 52.638804590369176 ], [ 17.722759826585772, 52.633556336271184 ], [ 17.717501795044782, 52.638903614031406 ], [ 17.73574059195262, 52.649598169551822 ], [ 17.763673884514176, 52.655836660272072 ], [ 17.761702122686302, 52.649697193214053 ], [ 17.761373495714992, 52.648607932929565 ], [ 17.765645646342051, 52.639497756004758 ], [ 17.759894674344082, 52.637715330084689 ], [ 17.762852317085887, 52.634942667542347 ], [ 17.776490336395355, 52.636923140786877 ], [ 17.77813347125192, 52.641280181924827 ], [ 17.78059817353676, 52.648013790956199 ], [ 17.786677772506039, 52.651479619134122 ], [ 17.825127128149589, 52.641478229249273 ], [ 17.825455755120913, 52.640587016289246 ], [ 17.828413397862718, 52.63415047824455 ], [ 17.843530238543096, 52.629298318795463 ], [ 17.864233737735773, 52.631080744715533 ], [ 17.875735681731712, 52.63217000500002 ], [ 17.893974478639549, 52.617613526652775 ], [ 17.898903883209229, 52.613751603825961 ], [ 17.899889764123174, 52.613454532839285 ], [ 17.910241513719512, 52.610483822972498 ], [ 17.908927005834258, 52.599096101816485 ], [ 17.908598378862948, 52.596422462936388 ], [ 17.903997601264578, 52.587807404322717 ], [ 17.906133676578108, 52.583846457833658 ], [ 17.928644624113005, 52.5722606893532 ], [ 17.92913756456997, 52.577310896126747 ], [ 17.929794818512605, 52.582460126562495 ], [ 17.932423834283099, 52.58483669445593 ], [ 17.944911659192968, 52.577706990775638 ], [ 17.946719107535188, 52.573547996962148 ], [ 17.948526555877407, 52.569587050473103 ], [ 17.955592035760617, 52.571567523717619 ], [ 17.967422606727865, 52.574934328233311 ], [ 17.970380249469684, 52.568398766526386 ], [ 17.972023384326249, 52.564536843699571 ], [ 17.980074745123403, 52.565725127646289 ], [ 17.983196701350863, 52.56622024595741 ], [ 17.987140225006613, 52.572953854988796 ], [ 17.990755121691052, 52.565230009335153 ], [ 17.987797478949247, 52.555327643112534 ], [ 17.987140225006613, 52.553347169868019 ], [ 17.988126105920557, 52.543741874632076 ], [ 17.995520212775077, 52.541860425049776 ], [ 17.998149228545586, 52.5434448036454 ], [ 17.998970795973861, 52.548197939432256 ], [ 17.999628049916481, 52.551564743947949 ], [ 18.004557454486175, 52.554931548463628 ], [ 18.023124878365323, 52.554733501139182 ], [ 18.039884853902265, 52.549089152392284 ], [ 18.057137769896158, 52.54334577998317 ], [ 18.058945218238378, 52.547702821121121 ], [ 18.062724428408472, 52.54968329436565 ], [ 18.066503638578567, 52.551564743947949 ], [ 18.095422812054053, 52.553149122543559 ], [ 18.104295740279497, 52.545227229565469 ], [ 18.106267502107372, 52.539978975467491 ], [ 18.100187903138092, 52.536018028978447 ], [ 18.092465169312248, 52.53106684586713 ], [ 18.091479288398304, 52.520372290346714 ], [ 18.106431815593027, 52.514133799626464 ], [ 18.12089140233077, 52.515520130897627 ], [ 18.1230274776443, 52.515718178222087 ], [ 18.123191791129955, 52.515124036248721 ], [ 18.124834925986519, 52.50819237989289 ], [ 18.132886286783673, 52.505815811999469 ], [ 18.156383115232515, 52.509281640177377 ], [ 18.182016018994872, 52.503934362417169 ], [ 18.187274050535876, 52.504132409741629 ], [ 18.19746148664656, 52.504528504390521 ], [ 18.20173363727362, 52.500765605225936 ], [ 18.201076383330999, 52.495517351127944 ], [ 18.200090502417055, 52.488882765758802 ], [ 18.204034026072804, 52.483931582647486 ], [ 18.219150866753182, 52.483040369687458 ], [ 18.228845362406901, 52.485020842931974 ], [ 18.240018679431515, 52.487298387163179 ], [ 18.246919845829083, 52.485515961243109 ], [ 18.260722178624206, 52.482050133065187 ], [ 18.272388436105786, 52.489080813083248 ], [ 18.278139408103755, 52.492546641261157 ], [ 18.310509164778026, 52.506806048621726 ], [ 18.343536175394931, 52.521461550631201 ], [ 18.345507937222806, 52.524036165849083 ], [ 18.342057354024021, 52.528789301635925 ], [ 18.340414219167457, 52.53126489319159 ], [ 18.340414219167457, 52.536711194614028 ], [ 18.35240910362036, 52.54334577998317 ], [ 18.377220439954456, 52.537503383911826 ], [ 18.384614546808976, 52.532057082489388 ], [ 18.386750622122506, 52.525521520782462 ], [ 18.38280709846677, 52.517005485831021 ], [ 18.376563186011822, 52.503340220443818 ], [ 18.381985531038481, 52.493635901545645 ], [ 18.38592905469423, 52.486308150540921 ], [ 18.385764741208575, 52.484228653634162 ], [ 18.3849431737803, 52.475910666007167 ], [ 18.3916800266922, 52.470266317260283 ], [ 18.397923939147134, 52.4733360507893 ], [ 18.398416879604099, 52.473534098113745 ], [ 18.398745506575409, 52.4733360507893 ], [ 18.403346284173793, 52.471454601207 ], [ 18.417970184397191, 52.4733360507893 ], [ 18.420106259710721, 52.475316524033815 ], [ 18.424871350794746, 52.47937649418509 ], [ 18.441302699360378, 52.480168683482901 ], [ 18.454119151241557, 52.478287233900602 ], [ 18.462663452495676, 52.476999926291654 ], [ 18.46644266266577, 52.482050133065187 ], [ 18.46578540872315, 52.48363451166081 ], [ 18.463485019923965, 52.48987300238106 ], [ 18.472193634663739, 52.490269097029966 ], [ 18.489939491114612, 52.504132409741629 ], [ 18.529539041157761, 52.497992942683595 ], [ 18.530689235557347, 52.49581442211462 ], [ 18.532496683899566, 52.492447617598941 ], [ 18.538904909840156, 52.490269097029966 ], [ 18.53775471544057, 52.483139393349674 ], [ 18.552871556120934, 52.484030606309716 ], [ 18.558293901147593, 52.484327677296392 ], [ 18.562237424803342, 52.474326287411557 ], [ 18.561908797832032, 52.471454601207 ], [ 18.561251543889398, 52.463928802877803 ], [ 18.587541701594404, 52.462047353295517 ], [ 18.590170717364899, 52.465909276122332 ], [ 18.592799733135394, 52.469474127962471 ], [ 18.597893451190743, 52.46531513414898 ], [ 18.608738141244046, 52.456303980886403 ], [ 18.637493001233892, 52.452144987072899 ], [ 18.648830631744161, 52.450461584815059 ], [ 18.649487885686781, 52.44253969183697 ], [ 18.649816512658106, 52.438083627036789 ], [ 18.657703559969605, 52.423626172351774 ], [ 18.671998833221693, 52.422338864742827 ], [ 18.672820400649968, 52.422239841080611 ], [ 18.684815285102871, 52.428082237151941 ], [ 18.678242745676627, 52.418476941916012 ], [ 18.677914118705317, 52.417981823604876 ], [ 18.679721567047537, 52.414912090075873 ], [ 18.682514896303687, 52.409861883302341 ], [ 18.682350582818032, 52.408178481044487 ], [ 18.681200388418432, 52.40114780102644 ], [ 18.696810169555775, 52.400256588066398 ], [ 18.713898772064027, 52.39926635144414 ], [ 18.717185041777142, 52.39322590804835 ], [ 18.718499549662397, 52.390750316492685 ], [ 18.726222283488241, 52.384610849434665 ], [ 18.730987374572265, 52.380748926607851 ], [ 18.731480315029231, 52.379560642661133 ], [ 18.73328776337145, 52.374312388563155 ], [ 18.738052854455489, 52.373124104616437 ], [ 18.739038735369419, 52.372926057291991 ], [ 18.740024616283364, 52.371242655034138 ], [ 18.744132453424768, 52.36421197501609 ], [ 18.748404604051828, 52.363221738393818 ], [ 18.753334008621508, 52.362033454447115 ], [ 18.753169695135853, 52.358666649931422 ], [ 18.752841068164543, 52.354012537806796 ], [ 18.752183814221922, 52.339852154108456 ], [ 18.755634397420692, 52.332821474090395 ], [ 18.759249294105132, 52.334207805361572 ], [ 18.763521444732191, 52.335792183957182 ], [ 18.766479087474011, 52.335594136632736 ], [ 18.777159464041659, 52.334603900010464 ], [ 18.779459852840844, 52.338267775512833 ], [ 18.781267301183064, 52.341535556366296 ], [ 18.812651176943405, 52.35163596991336 ], [ 18.823167240025398, 52.34747697609987 ], [ 18.832204481736497, 52.343912124259731 ], [ 18.856029937156634, 52.349160378357709 ], [ 18.864902865382078, 52.356290082038001 ], [ 18.867860508123883, 52.358666649931422 ], [ 18.877555003777601, 52.362330525433791 ], [ 18.88724949943132, 52.360944194162627 ], [ 18.88971420171616, 52.360647123175951 ], [ 18.908117312109653, 52.365598306287254 ], [ 18.911074954851472, 52.367677803193999 ], [ 18.911732208794092, 52.371638749683044 ], [ 18.912718089708036, 52.376688956456576 ], [ 18.919783569591246, 52.377382122092158 ], [ 18.925863168560525, 52.378075287727739 ], [ 18.924055720218306, 52.385700109719153 ], [ 18.920933763990845, 52.398870256795234 ], [ 18.939501187869993, 52.391641529452727 ], [ 18.943609025011398, 52.387680582963682 ], [ 18.952646266722496, 52.379560642661133 ], [ 18.966777226488929, 52.376787980118806 ], [ 18.974335646829104, 52.375203601523182 ], [ 18.974828587286083, 52.369262181789622 ], [ 18.978772110941833, 52.364806116989442 ], [ 18.973185452429519, 52.362825643744927 ], [ 18.968256047859825, 52.361142241487073 ], [ 18.969077615288114, 52.358666649931422 ], [ 18.969899182716389, 52.356092034713541 ], [ 18.985180336882422, 52.354408632455701 ], [ 18.998982669677545, 52.352923277522308 ], [ 19.007034030474699, 52.349061354695493 ], [ 19.007034030474699, 52.346288692153152 ], [ 19.006869716989044, 52.340050201432902 ], [ 19.017057153099728, 52.338267775512833 ], [ 19.018864601441948, 52.337970704526157 ], [ 19.024286946468592, 52.3350990183216 ], [ 19.028723410581321, 52.332722450428179 ], [ 19.047126520974814, 52.332821474090395 ], [ 19.04433319171865, 52.320146445325449 ], [ 19.03907516017766, 52.318165972080934 ], [ 19.0348030095506, 52.31668061714754 ], [ 19.038582219720695, 52.299351476257968 ], [ 19.04088260851988, 52.297569050337898 ], [ 19.044497505204305, 52.294796387795557 ], [ 19.03792496577806, 52.280536980435002 ], [ 19.037432025321095, 52.280041862123866 ], [ 19.031188112866161, 52.27350630041694 ], [ 19.031845366808781, 52.270634614212383 ], [ 19.045647699603904, 52.272417040132453 ], [ 19.053041806458438, 52.27340727675471 ], [ 19.094777431815118, 52.270634614212383 ], [ 19.100199776841762, 52.264693194478809 ], [ 19.104471927468822, 52.243007012451287 ], [ 19.096256253186013, 52.241323610193447 ], [ 19.08179666644827, 52.23835290032666 ], [ 19.079824904620395, 52.232906598904222 ], [ 19.079167650677775, 52.231322220308613 ], [ 19.075881380964645, 52.230034912699665 ], [ 19.071937857308896, 52.228450534104041 ], [ 19.073745305651116, 52.223400327330509 ], [ 19.078839023706465, 52.222212043383806 ], [ 19.082618233876545, 52.221320830423764 ], [ 19.088862146331493, 52.208150683347682 ], [ 19.077688829306865, 52.200129766707377 ], [ 19.060600226798613, 52.208150683347682 ], [ 19.050741417659253, 52.212705771810093 ], [ 19.021000676755477, 52.215181363365744 ], [ 19.003254820304605, 52.212111629836741 ], [ 18.999968550591475, 52.211517487863375 ], [ 18.997175221335326, 52.212606748147863 ], [ 18.992245816765632, 52.214488197730162 ], [ 18.984358769454133, 52.210527251241118 ], [ 18.968584674831149, 52.202704381925244 ], [ 18.963326643290145, 52.204882902494219 ], [ 18.96250507586187, 52.205179973480909 ], [ 18.961519194947925, 52.204387784183098 ], [ 18.951331758837242, 52.196267843880548 ], [ 18.943609025011398, 52.199337577409565 ], [ 18.940651382269593, 52.198743435436199 ], [ 18.92438434718963, 52.195475654582737 ], [ 18.919126315648626, 52.187256690617971 ], [ 18.915347105478531, 52.161609562101404 ], [ 18.908774566052287, 52.14972672263427 ], [ 18.910746327880162, 52.134378054989213 ], [ 18.913703970621967, 52.130318084837938 ], [ 18.930299632673254, 52.123980570455473 ], [ 18.935229037242934, 52.125267878064406 ], [ 18.941965890154833, 52.12695128032226 ], [ 18.949031370038057, 52.120415718615334 ], [ 18.942951771068778, 52.103086577725747 ], [ 18.940158441812613, 52.103086577725747 ], [ 18.930792573130219, 52.102789506739072 ], [ 18.92684904947447, 52.086549626133987 ], [ 18.92504160113225, 52.079221875129249 ], [ 18.916168672906807, 52.078429685831452 ], [ 18.903516534511283, 52.082489655982712 ], [ 18.900887518740788, 52.083380868942754 ], [ 18.897929875998969, 52.082885750631618 ], [ 18.88511342411779, 52.080707230062643 ], [ 18.875090301492762, 52.084470129227242 ], [ 18.867860508123883, 52.087143768107339 ], [ 18.856687191099269, 52.085955484160635 ], [ 18.85159347304392, 52.081400395698225 ], [ 18.842884858304146, 52.079716993440385 ], [ 18.839105648134051, 52.071696076800066 ], [ 18.827768017623768, 52.064170278470883 ], [ 18.820702537740559, 52.0653585624176 ], [ 18.816430387113499, 52.070408769191133 ], [ 18.796548455349097, 52.062585899875259 ], [ 18.794248066549912, 52.061694686915232 ], [ 18.785539451810124, 52.061298592266326 ], [ 18.765000266103101, 52.067339035662116 ], [ 18.760728115476041, 52.069913650879997 ], [ 18.751197933307978, 52.075359952302435 ], [ 18.725729343031276, 52.065754657066492 ], [ 18.717842295719777, 52.065754657066492 ], [ 18.720142684518962, 52.059714213670702 ], [ 18.721950132861181, 52.055159125208306 ], [ 18.719321117090672, 52.049811847448098 ], [ 18.717349355262797, 52.045850900959039 ], [ 18.717677982234108, 52.03614658206088 ], [ 18.717677982234108, 52.031987588247389 ], [ 18.721128565432892, 52.028422736407251 ], [ 18.727536791373481, 52.021689127375865 ], [ 18.729344239715701, 52.015351612993399 ], [ 18.727372477887826, 52.012281879464382 ], [ 18.727208164402171, 52.011885784815476 ], [ 18.72802973183046, 52.010796524530988 ], [ 18.733452076857105, 52.002676584228453 ], [ 18.726222283488241, 51.998319543090503 ], [ 18.718663863148052, 51.993665430965862 ], [ 18.722443073318146, 51.988120105881208 ], [ 18.724907775602986, 51.98693182193449 ], [ 18.72983718017268, 51.984555254041069 ], [ 18.73328776337145, 51.972870461898381 ], [ 18.731644628514886, 51.968612444422661 ], [ 18.722278759832491, 51.968315373435971 ], [ 18.715706220406247, 51.968018302449295 ], [ 18.723100327260767, 51.958512030875596 ], [ 18.72983718017268, 51.955838391995485 ], [ 18.735259525199325, 51.958809101862272 ], [ 18.739203048855074, 51.960987622431247 ], [ 18.740681870225984, 51.951382327195304 ], [ 18.740681870225984, 51.951184279870859 ], [ 18.736081092627614, 51.944648718163933 ], [ 18.741503437654259, 51.944252623515027 ], [ 18.744132453424768, 51.936726825185843 ], [ 18.751362246793633, 51.934053186305732 ], [ 18.765493206560066, 51.928606884883294 ], [ 18.766150460502701, 51.925240080367601 ], [ 18.751362246793633, 51.91068360202037 ], [ 18.747747350109194, 51.907118750180217 ], [ 18.738381481426799, 51.901573425095563 ], [ 18.73936736234073, 51.898998809877682 ], [ 18.737888540969834, 51.894839816064177 ], [ 18.737066973541545, 51.892562271832986 ], [ 18.721128565432892, 51.875134107281184 ], [ 18.720471311490272, 51.871173160792139 ], [ 18.709790934922623, 51.870479995156543 ], [ 18.707490546123424, 51.870281947832098 ], [ 18.697796050469719, 51.865528812045241 ], [ 18.698617617897995, 51.860181534285033 ], [ 18.700096439268904, 51.851764522995808 ], [ 18.69565997515619, 51.848694789466805 ], [ 18.691387824529116, 51.835425618728493 ], [ 18.687937241330346, 51.832553932523936 ], [ 18.689087435729931, 51.824929110532523 ], [ 18.685636852531161, 51.820968164043478 ], [ 18.649652199172451, 51.827008607439268 ], [ 18.647187496887597, 51.829088104346027 ], [ 18.641929465346607, 51.833247098159518 ], [ 18.632070656207233, 51.831464672239449 ], [ 18.629934580893703, 51.831068577590543 ], [ 18.613010291871106, 51.834831476755141 ], [ 18.612353037928486, 51.837009997324117 ], [ 18.612188724442831, 51.837109020986347 ], [ 18.610545589586266, 51.839386565217538 ], [ 18.606930692901827, 51.841069967475391 ], [ 18.605123244559607, 51.842357275084325 ], [ 18.602165601817802, 51.843842630017718 ], [ 18.600029526504272, 51.846021150586694 ], [ 18.596907570276798, 51.847407481857857 ], [ 18.594935808448923, 51.848001623831223 ], [ 18.567659769830001, 51.844337748328854 ], [ 18.550899794293059, 51.845228961288882 ], [ 18.536440207555316, 51.841763133110973 ], [ 18.533646878299166, 51.837208044648563 ], [ 18.532989624356532, 51.836019760701859 ], [ 18.518201410647478, 51.834336358444006 ], [ 18.511628871221234, 51.839782659866444 ], [ 18.510642990307289, 51.84631822157337 ], [ 18.510150049850324, 51.850081120737968 ], [ 18.50702809362285, 51.853744996240337 ], [ 18.493390074313396, 51.851566475671362 ], [ 18.485338713516242, 51.850180144400198 ], [ 18.472029321178084, 51.850972333697996 ], [ 18.47038618632152, 51.840673872826486 ], [ 18.469893245864554, 51.84037680183981 ], [ 18.46430658735224, 51.836118784364075 ], [ 18.467428543579715, 51.827503725750404 ], [ 18.469728932378899, 51.821562306016844 ], [ 18.458391301868616, 51.824334968559171 ], [ 18.448696806214897, 51.826711536452592 ], [ 18.441302699360378, 51.825820323492565 ], [ 18.442288580274308, 51.810273608523062 ], [ 18.443110147702598, 51.798786863704819 ], [ 18.434565846448464, 51.793538609606841 ], [ 18.42585723170869, 51.792944467633475 ], [ 18.409261569657417, 51.791657160024542 ], [ 18.420434886682031, 51.780764557179666 ], [ 18.42865056096484, 51.7725455932149 ], [ 18.431608203706659, 51.763732487276769 ], [ 18.429143501421819, 51.757791067543209 ], [ 18.42339252942385, 51.757097901907613 ], [ 18.420599200167686, 51.756701807258722 ], [ 18.416819989997592, 51.749374056253984 ], [ 18.406303926915598, 51.74967112724066 ], [ 18.404989419030358, 51.746700417373873 ], [ 18.415341168626696, 51.745215062440479 ], [ 18.418463124854156, 51.742739470884828 ], [ 18.420270573196376, 51.741551186938111 ], [ 18.422899588966885, 51.735213672555645 ], [ 18.420599200167686, 51.727786897888677 ], [ 18.410247450571347, 51.72511325900858 ], [ 18.402031776288538, 51.722934738439605 ], [ 18.406468240401253, 51.718577697301654 ], [ 18.409918823600037, 51.715309916448192 ], [ 18.412219212399222, 51.701545627398758 ], [ 18.405810986458633, 51.701050509087622 ], [ 18.397266685204514, 51.70035734345204 ], [ 18.395623550347949, 51.69609932597632 ], [ 18.381656904067171, 51.691544237513909 ], [ 18.378534947839697, 51.684513557495862 ], [ 18.365389868987208, 51.681839918615751 ], [ 18.360460464417514, 51.677086782828894 ], [ 18.35635262727611, 51.66084690222381 ], [ 18.372455348870417, 51.655301577139142 ], [ 18.378370634354042, 51.653222080232396 ], [ 18.380342396181916, 51.648369920783324 ], [ 18.372455348870417, 51.63609098666727 ], [ 18.359803210474894, 51.634110513422755 ], [ 18.35421655196258, 51.633219300462713 ], [ 18.350108714821175, 51.626881786080247 ], [ 18.356516940761765, 51.625693502133529 ], [ 18.362925166702368, 51.624505218186812 ], [ 18.367525944300738, 51.617474538168764 ], [ 18.360789091388838, 51.612622378719678 ], [ 18.352902044077339, 51.606978029972794 ], [ 18.34994440133552, 51.601531728550356 ], [ 18.357995762132674, 51.60103661023922 ], [ 18.374920051155271, 51.599947349954732 ], [ 18.377384753440111, 51.597174687412405 ], [ 18.377549066925766, 51.592718622612225 ], [ 18.373276916298707, 51.590936196692155 ], [ 18.371305154470832, 51.590044983732128 ], [ 18.371962408413452, 51.57657776566937 ], [ 18.365718495958518, 51.564991997188912 ], [ 18.369169079157302, 51.550237471517207 ], [ 18.370483587042543, 51.549643329543855 ], [ 18.373934170241327, 51.547959927286016 ], [ 18.368018884757703, 51.544791170094769 ], [ 18.361282031845803, 51.54122631825463 ], [ 18.358488702589639, 51.536374158805557 ], [ 18.362103599274079, 51.530333715409753 ], [ 18.372291035384762, 51.522609869756124 ], [ 18.379685142239296, 51.516965521009226 ], [ 18.382478471495446, 51.476860937807643 ], [ 18.369662019614267, 51.472107802020787 ], [ 18.357831448647019, 51.467750760882836 ], [ 18.356845567733089, 51.462700554109304 ], [ 18.355038119390869, 51.454976708455661 ], [ 18.341564413567056, 51.441608514055133 ], [ 18.339592651739181, 51.429725674587999 ], [ 18.326283259401023, 51.41982330836538 ], [ 18.255135520111892, 51.439132922499482 ], [ 18.242812008687679, 51.444282152935244 ], [ 18.221779882523677, 51.453293306197821 ], [ 18.213399894755213, 51.453788424508957 ], [ 18.212742640812593, 51.450124549006588 ], [ 18.211921073384303, 51.446757744490895 ], [ 18.204855593501094, 51.445074342233056 ], [ 18.188259931449821, 51.441212419406227 ], [ 18.202390891216254, 51.434379786712626 ], [ 18.205019906986749, 51.433191502765908 ], [ 18.210770878984718, 51.423388160205533 ], [ 18.205677160929369, 51.417050645823053 ], [ 18.204526966529784, 51.41556529088966 ], [ 18.204691280015439, 51.414773101591848 ], [ 18.206663041843314, 51.402395143813578 ], [ 18.189738752820716, 51.3865513578574 ], [ 18.162791341173104, 51.389423044061957 ], [ 18.149810575806256, 51.39090839899535 ], [ 18.138472945295987, 51.378431417554864 ], [ 18.136501183468113, 51.369717335278963 ], [ 18.134529421640238, 51.361696418638644 ], [ 18.12401335855823, 51.357834495811815 ], [ 18.107910636963922, 51.360508134691926 ], [ 18.098873395252838, 51.36199348962532 ], [ 18.075705193775306, 51.34981357917151 ], [ 18.08277067365853, 51.346149703669141 ], [ 18.092300855826593, 51.341198520557825 ], [ 18.092465169312248, 51.33307858025529 ], [ 18.092629482797904, 51.326245947561688 ], [ 18.105117307707772, 51.316145534014623 ], [ 18.112182787590996, 51.310402161605495 ], [ 18.110703966220086, 51.307728522725398 ], [ 18.109882398791797, 51.306243167792005 ], [ 18.110539652734431, 51.304658789196381 ], [ 18.113004355019271, 51.298123227489455 ], [ 18.111032593191396, 51.293370091702599 ], [ 18.11694787867502, 51.286834529995673 ], [ 18.109225144849177, 51.285547222386739 ], [ 18.106431815593027, 51.285052104075604 ], [ 18.105281621193427, 51.282378465195507 ], [ 18.108896517877866, 51.280397991950977 ], [ 18.115633370789766, 51.276734116448608 ], [ 18.108403577420901, 51.271683909675076 ], [ 18.103309859365552, 51.268218081497167 ], [ 18.105281621193427, 51.264752253319244 ], [ 18.113004355019271, 51.26089033049243 ], [ 18.126313747357429, 51.266336631914868 ], [ 18.134036481183259, 51.269505389106101 ], [ 18.136829810439423, 51.266732726563774 ], [ 18.139294512724263, 51.264356158670338 ], [ 18.150960770205856, 51.264158111345893 ], [ 18.151289397177166, 51.26722784487491 ], [ 18.151782337634131, 51.272575122635118 ], [ 18.159833698431285, 51.27316926460847 ], [ 18.170021134541969, 51.270396602066143 ], [ 18.170185448027624, 51.258612786261224 ], [ 18.170021134541969, 51.258216691612319 ], [ 18.167227805285819, 51.252671366527665 ], [ 18.169199567113694, 51.243066071291722 ], [ 18.174457598654698, 51.237421722544838 ], [ 18.174786225626008, 51.237025627895932 ], [ 18.174950539111663, 51.235639296624768 ], [ 18.175114852597318, 51.2300939715401 ], [ 18.176757987453882, 51.227222285335543 ], [ 18.179387003224377, 51.222469149548687 ], [ 18.171335642427223, 51.216032611503991 ], [ 18.165584670429254, 51.21147752304158 ], [ 18.162627027687449, 51.204842937672439 ], [ 18.162955654658759, 51.19315814552975 ], [ 18.169856821056314, 51.191375719609681 ], [ 18.173800344712063, 51.190385482987423 ], [ 18.16361290860138, 51.172561223786715 ], [ 18.15934075797432, 51.174145602382325 ], [ 18.125656493414795, 51.168501253635441 ], [ 18.116454938218055, 51.162163739252975 ], [ 18.105117307707772, 51.154340869937101 ], [ 18.103145545879897, 51.156222319519401 ], [ 18.101173784052023, 51.1581037691017 ], [ 18.097394573881928, 51.15790572177724 ], [ 18.092300855826593, 51.157608650790564 ], [ 18.087042824285589, 51.160876431644027 ], [ 18.078662836517125, 51.16612468574202 ], [ 18.071761670119557, 51.158301816426146 ], [ 18.074719312861376, 51.155034035572683 ], [ 18.075869507260961, 51.153845751625965 ], [ 18.072418924062191, 51.149983828799151 ], [ 18.073076178004811, 51.144735574701173 ], [ 18.062888741894128, 51.142259983145507 ], [ 18.059273845209688, 51.14136877018548 ], [ 18.048757782127694, 51.135724421438596 ], [ 18.04103504830185, 51.131664451287321 ], [ 18.026246834592797, 51.12899081240721 ], [ 18.015073517568169, 51.126911315500465 ], [ 18.012608815283329, 51.125822055215977 ], [ 18.003735887057886, 51.121861108726932 ], [ 17.995191585803767, 51.121564037740256 ], [ 17.988454732891867, 51.119979659144633 ], [ 17.979910431637748, 51.118197233224564 ], [ 17.977610042838549, 51.117801138575658 ], [ 17.954441841361032, 51.112552884477665 ], [ 17.939489314166309, 51.108889008975311 ], [ 17.932095207311789, 51.112750931802125 ], [ 17.920921890287161, 51.113444097437707 ], [ 17.906790930520728, 51.107502677704133 ], [ 17.896932121381354, 51.105819275446294 ], [ 17.886908998756326, 51.104036849526224 ], [ 17.880172145844426, 51.105324157135158 ], [ 17.877871757045241, 51.107898772353039 ], [ 17.874749800817767, 51.111265576868732 ], [ 17.840901222772587, 51.116117736317818 ], [ 17.823812620264349, 51.118494304211239 ], [ 17.819704783122944, 51.122158179713608 ], [ 17.817075767352435, 51.130971285651739 ], [ 17.812803616725375, 51.13354590086962 ], [ 17.813296557182355, 51.137011729047529 ], [ 17.820033410094254, 51.13958634426541 ], [ 17.824305560721314, 51.139190249616505 ], [ 17.831206727118868, 51.138398060318693 ], [ 17.850595718426305, 51.172957318435621 ], [ 17.848131016141465, 51.18256261367155 ], [ 17.843858865514406, 51.187315749458406 ], [ 17.826770263006154, 51.194049358489792 ], [ 17.822662425864749, 51.192365956231939 ], [ 17.813132243696685, 51.188504033405124 ], [ 17.795222073760172, 51.194148382152008 ], [ 17.77780484428061, 51.198010304978837 ], [ 17.767617408169926, 51.204149772036857 ], [ 17.755951150688333, 51.218211132072966 ], [ 17.756608404630953, 51.223558409833174 ], [ 17.757101345087932, 51.226826190686637 ], [ 17.753979388860458, 51.234649060002496 ], [ 17.748392730348144, 51.239402195789353 ], [ 17.744120579721084, 51.242967047629506 ], [ 17.743299012292809, 51.257226454990061 ], [ 17.744284893206739, 51.259404975559036 ], [ 17.748885670805109, 51.269010270794979 ], [ 17.744120579721084, 51.272971217284024 ], [ 17.74034136955099, 51.276040950813027 ], [ 17.745928028063304, 51.278912637017584 ], [ 17.750693119147329, 51.281289204911019 ], [ 17.750035865204708, 51.284656009426698 ], [ 17.749378611262088, 51.289013050564648 ], [ 17.757429972059242, 51.294855446635992 ], [ 17.763838197999831, 51.299410535098403 ], [ 17.760551928286702, 51.309609972307697 ], [ 17.760387614801047, 51.309708995969913 ], [ 17.757101345087932, 51.311689469214443 ], [ 17.760058987829737, 51.314858226405676 ], [ 17.763509571028521, 51.318522101908044 ], [ 17.756115464173988, 51.322185977410413 ], [ 17.745270774120684, 51.327533255170621 ], [ 17.743463325778464, 51.333870769553101 ], [ 17.7406699965223, 51.342584851829002 ], [ 17.742313131378864, 51.346545798318047 ], [ 17.732947262696456, 51.349318460860374 ], [ 17.723417080528407, 51.358527661447411 ], [ 17.715858660188218, 51.359121803420763 ], [ 17.710600628647214, 51.359418874407439 ], [ 17.705178283620569, 51.368826122318922 ], [ 17.712901017446399, 51.371598784861249 ], [ 17.714872779274273, 51.372291950496844 ], [ 17.716022973673873, 51.375064613039171 ], [ 17.720623751272242, 51.385561121235142 ], [ 17.726539036755867, 51.38665038151963 ], [ 17.731961381782526, 51.387640618141887 ], [ 17.73113981435425, 51.391700588293162 ], [ 17.730318246925961, 51.395166416471071 ], [ 17.735576278466965, 51.395364463795531 ], [ 17.73639784589524, 51.395364463795531 ], [ 17.736562159380895, 51.395760558444437 ], [ 17.73853392120877, 51.399325410284575 ], [ 17.746420968520269, 51.399622481271251 ], [ 17.752829194460858, 51.399820528595711 ], [ 17.755129583260057, 51.405860971991501 ], [ 17.749871551719053, 51.411406297076169 ], [ 17.734426084067366, 51.42012037935207 ], [ 17.717830422016092, 51.42170475794768 ], [ 17.714872779274273, 51.417941858783095 ], [ 17.717337481559127, 51.408435587209382 ], [ 17.718323362473058, 51.404177569733662 ], [ 17.704356716192279, 51.399919552257927 ], [ 17.688911248540606, 51.404969759031459 ], [ 17.687596740655351, 51.405761948329271 ], [ 17.672972840431953, 51.415070172578524 ], [ 17.667879122376604, 51.415268219902984 ], [ 17.66409991220651, 51.412990675671779 ], [ 17.660320702036415, 51.410713131440573 ], [ 17.655391297466736, 51.411901415387291 ], [ 17.644710920899072, 51.419031119067583 ], [ 17.638302694958483, 51.423289136543303 ], [ 17.625157616105994, 51.419526237378705 ], [ 17.613655672110056, 51.422100852596586 ], [ 17.607904700112087, 51.415367243565214 ], [ 17.603303922513717, 51.409821918480546 ], [ 17.585558066062845, 51.40942582383164 ], [ 17.571262792810757, 51.405365853680365 ], [ 17.557131833044323, 51.409227776507194 ], [ 17.548916158761514, 51.417149669485283 ], [ 17.541522051906981, 51.42190280527214 ], [ 17.547437337390605, 51.429824698250229 ], [ 17.551052234075044, 51.434775881361531 ], [ 17.549080472247169, 51.441014372081781 ], [ 17.536099706880321, 51.450520643655494 ], [ 17.527062465169237, 51.457155229024636 ], [ 17.521804433628233, 51.462502506784858 ], [ 17.524269135913073, 51.465572240313861 ], [ 17.527719719111857, 51.469731234127366 ], [ 17.522954628027833, 51.472899991318599 ], [ 17.521147179685613, 51.473989251603086 ], [ 17.521804433628233, 51.478742387389943 ], [ 17.522461687570868, 51.484188688812381 ], [ 17.520489925742993, 51.485674043745774 ], [ 17.518025223458139, 51.48765451699029 ], [ 17.519504044829048, 51.490427179532617 ], [ 17.523940508941763, 51.498745167159626 ], [ 17.517532283001174, 51.501022711390817 ], [ 17.514410326773714, 51.502012948013075 ], [ 17.512931505402804, 51.506865107462161 ], [ 17.522461687570868, 51.513994811142439 ], [ 17.535278139452046, 51.515678213400292 ], [ 17.545958516019695, 51.517064544671456 ], [ 17.561403983671383, 51.521520609471636 ], [ 17.571755733267722, 51.529937620760847 ], [ 17.575863570409126, 51.541127294592414 ], [ 17.575042002980851, 51.549247234894949 ], [ 17.571755733267722, 51.5660812574734 ], [ 17.566004761269753, 51.568358801704591 ], [ 17.561075356700073, 51.57043829861135 ], [ 17.555488698187759, 51.577964096940534 ], [ 17.555817325159069, 51.581132854131766 ], [ 17.556310265616034, 51.584301611322999 ], [ 17.548587531790204, 51.585588918931947 ], [ 17.523447568484798, 51.589945960069898 ], [ 17.521640120142578, 51.597768829385757 ], [ 17.519504044829048, 51.606086817012752 ], [ 17.504387204148685, 51.609651668852891 ], [ 17.498307605179392, 51.615494064924235 ], [ 17.486641347697812, 51.617078443519858 ], [ 17.478261359929334, 51.621534508320039 ], [ 17.466102161990776, 51.626683738755787 ], [ 17.439976317771439, 51.632427111164915 ], [ 17.436525734572669, 51.632130040178225 ], [ 17.416479489322612, 51.630743708907062 ], [ 17.382795224763086, 51.635694892018378 ], [ 17.336130194836727, 51.646191400214349 ], [ 17.328900401467848, 51.647874802472188 ], [ 17.257424035207393, 51.642824595698656 ], [ 17.243950329383594, 51.637774388925124 ], [ 17.243786015897939, 51.636982199627312 ], [ 17.24148562709874, 51.629555424960344 ], [ 17.23770641692866, 51.634407584409431 ], [ 17.237377789957335, 51.634209537084985 ], [ 17.215359782879403, 51.627574951715829 ], [ 17.209115870424469, 51.609849716177351 ], [ 17.213880961508508, 51.599056136994705 ], [ 17.214538215451128, 51.597471758399081 ], [ 17.213552334537184, 51.594005930221172 ], [ 17.211909199680633, 51.588064510487598 ], [ 17.212730767108908, 51.581627972442902 ], [ 17.213880961508508, 51.574003150451489 ], [ 17.206158227682664, 51.567665636069009 ], [ 17.202543330998225, 51.570636345935796 ], [ 17.19810686688551, 51.574399245100395 ], [ 17.188412371231792, 51.576181671020464 ], [ 17.181511204834237, 51.573904126789259 ], [ 17.168694752953044, 51.569547085651308 ], [ 17.1264661871394, 51.565586139162264 ], [ 17.119072080284866, 51.569943180300214 ], [ 17.108556017202872, 51.576082647358234 ], [ 17.066327451389228, 51.566576375784521 ], [ 17.067477645788827, 51.561625192673219 ], [ 17.069285094131047, 51.55380232335736 ], [ 17.060576479391258, 51.551425755463924 ], [ 17.057618836649453, 51.54558335939258 ], [ 17.053510999508049, 51.546177501365946 ], [ 17.048910221909665, 51.551227708139479 ], [ 17.045131011739585, 51.555485725615199 ], [ 17.011611060665714, 51.554495488992941 ], [ 17.011118120208749, 51.552316968423966 ], [ 17.01062517975177, 51.550336495179437 ], [ 17.007010283067331, 51.549346258557179 ], [ 16.991400501930002, 51.549940400530531 ], [ 16.990578934501713, 51.549940400530531 ], [ 16.982691887190214, 51.550039424192761 ], [ 16.981377379304973, 51.548653092921597 ], [ 16.978748363534464, 51.545979454041486 ], [ 16.970368375766, 51.544197028121417 ], [ 16.963467209368446, 51.545187264743674 ], [ 16.963302895882791, 51.547662856299326 ], [ 16.963138582397136, 51.549643329543855 ], [ 16.957551923884822, 51.552316968423966 ], [ 16.940627634862224, 51.552316968423966 ], [ 16.93257627406507, 51.552316968423966 ], [ 16.915816298528142, 51.558753506468662 ], [ 16.910065326530173, 51.564793949864452 ], [ 16.901028084819089, 51.574399245100395 ], [ 16.888375946423551, 51.580538712158415 ], [ 16.852062666093531, 51.579944570185049 ], [ 16.833002301757418, 51.575785576371558 ], [ 16.828401524159034, 51.572220724531419 ], [ 16.812298802564726, 51.585885989918623 ], [ 16.810819981193831, 51.586183060905299 ], [ 16.794224319142543, 51.590342054718803 ], [ 16.795703140513453, 51.598263947696893 ], [ 16.795703140513453, 51.598461995021339 ], [ 16.801289799025767, 51.60103661023922 ], [ 16.800139604626168, 51.602819036159289 ], [ 16.77828591103389, 51.612226284070772 ], [ 16.771713371607646, 51.614998946613113 ], [ 16.767112594009276, 51.627772999040275 ], [ 16.775821208749051, 51.631733945529319 ], [ 16.777135716634305, 51.632328087502685 ], [ 16.783543942574894, 51.640943146116356 ], [ 16.766783967037966, 51.644607021618725 ], [ 16.748052229673149, 51.643616784996468 ], [ 16.731785194593186, 51.642725572036426 ], [ 16.729156178822691, 51.644805068943171 ], [ 16.725869909109562, 51.647379684161052 ], [ 16.716504040427168, 51.648369920783324 ], [ 16.691199763636106, 51.647379684161052 ], [ 16.681340954496733, 51.646983589512146 ], [ 16.681998208439353, 51.649558204730027 ], [ 16.683312716324608, 51.656093766436953 ], [ 16.658665693476181, 51.657777168694807 ], [ 16.648971197822462, 51.658470334330389 ], [ 16.641905717939238, 51.662530304481649 ], [ 16.638948075197433, 51.669858055486387 ], [ 16.639441015654398, 51.677878972126706 ], [ 16.643220225824493, 51.683424297211374 ], [ 16.650450019193372, 51.685503794118119 ], [ 16.657351185590926, 51.687484267362649 ], [ 16.659487260904456, 51.691841308500599 ], [ 16.66260921713193, 51.697980775558619 ], [ 16.666388427302024, 51.696594444287442 ], [ 16.675918609470074, 51.692930568785087 ], [ 16.676247236441398, 51.697386633585253 ], [ 16.682491148896332, 51.704912431914437 ], [ 16.680519387068458, 51.70827923643013 ], [ 16.66688136775899, 51.711547017283593 ], [ 16.662116276674965, 51.71273530123031 ], [ 16.645520614623678, 51.722241572804023 ], [ 16.645027674166712, 51.727687874226461 ], [ 16.644863360681057, 51.728777134510949 ], [ 16.644699047195402, 51.728975181835395 ], [ 16.640098269597033, 51.733431246635575 ], [ 16.642398658396218, 51.73749121678685 ], [ 16.646177868566312, 51.744422873142668 ], [ 16.634840238056029, 51.748482843293942 ], [ 16.62333829406009, 51.747096512022779 ], [ 16.605756751094873, 51.745017015116034 ], [ 16.597705390297719, 51.748680890618402 ], [ 16.594254807098949, 51.750166245551796 ], [ 16.589982656471889, 51.750562340200688 ], [ 16.583081490074321, 51.751156482174054 ], [ 16.578973652932916, 51.762544203330052 ], [ 16.576673264133731, 51.768584646725856 ], [ 16.556298391912364, 51.767297339116908 ], [ 16.542331745631586, 51.76640612615688 ], [ 16.540688610775021, 51.768881717712532 ], [ 16.541838805174621, 51.772149498565994 ], [ 16.544139193973805, 51.779576273232948 ], [ 16.540359983803711, 51.781259675490801 ], [ 16.522285500381528, 51.781358699153017 ], [ 16.493694953877352, 51.781457722815247 ], [ 16.485972220051508, 51.782546983099735 ], [ 16.449494626235818, 51.787795237197727 ], [ 16.416138988647617, 51.78482452733094 ], [ 16.400036267053309, 51.789082544806661 ], [ 16.393463727627065, 51.787399142548821 ], [ 16.38935589048566, 51.79096399438896 ], [ 16.394778235512305, 51.797499556095886 ], [ 16.401679401909874, 51.805817543722881 ], [ 16.401186461452895, 51.812749200078713 ], [ 16.39461392202665, 51.820869140381248 ], [ 16.399707640081999, 51.833544169146194 ], [ 16.396914310825835, 51.837802186621929 ], [ 16.385412366829911, 51.838990470568632 ], [ 16.382126097116782, 51.839386565217538 ], [ 16.382783351059402, 51.840772896488701 ], [ 16.385740993801221, 51.846912363546735 ], [ 16.372595914948718, 51.853844019902553 ], [ 16.356657506840065, 51.858597155689409 ], [ 16.356000252897445, 51.858795203013869 ], [ 16.337925769475262, 51.870281947832098 ], [ 16.337925769475262, 51.874837036294494 ], [ 16.340719098731412, 51.8752331309434 ], [ 16.346305757243726, 51.876025320241212 ], [ 16.347948892100291, 51.880877479690298 ], [ 16.334639499762133, 51.883254047583719 ], [ 16.312950119655511, 51.887016946748318 ], [ 16.309499536456741, 51.888601325343927 ], [ 16.2848525136083, 51.89998904649994 ], [ 16.273021942641066, 51.895731029024219 ], [ 16.272857629155396, 51.895632005361989 ], [ 16.259219609845943, 51.898404667904316 ], [ 16.249525114192224, 51.900385141148845 ], [ 16.245252963565164, 51.891770082535174 ], [ 16.243445515222945, 51.888106207032806 ], [ 16.224713777858128, 51.875134107281184 ], [ 16.214690655233099, 51.870182924169868 ], [ 16.200066755009701, 51.871965350089937 ], [ 16.197273425753551, 51.875134107281184 ], [ 16.196451858325261, 51.876718485876793 ], [ 16.191851080726892, 51.884541355192667 ], [ 16.186593049185888, 51.881966739974786 ], [ 16.180184823245298, 51.882758929272597 ], [ 16.171476208505524, 51.883848189557085 ], [ 16.1655609230219, 51.888106207032806 ], [ 16.159645637538276, 51.892265200846296 ], [ 16.1231680437226, 51.896424194659801 ], [ 16.117417071724631, 51.895830052686449 ], [ 16.099835528759414, 51.89394860310415 ], [ 16.101150036644668, 51.903355851015633 ], [ 16.109037083956167, 51.90444511130012 ], [ 16.120374714466436, 51.914050406536049 ], [ 16.12563274600744, 51.915535761469442 ], [ 16.131876658462375, 51.917219163727282 ], [ 16.128754702234914, 51.920189873594069 ], [ 16.12776882132097, 51.921081086554111 ], [ 16.1299048966345, 51.921972299514138 ], [ 16.136970376517723, 51.924645938394249 ], [ 16.134669987718539, 51.930686381790039 ], [ 16.132205285433685, 51.931577594750081 ], [ 16.126125686464405, 51.933855138981286 ], [ 16.12957626966319, 51.944054576190567 ], [ 16.12497549206482, 51.951085256208628 ], [ 16.13236959891934, 51.95375889508874 ], [ 16.136477436060744, 51.955343273684349 ], [ 16.132205285433685, 51.974454840493991 ], [ 16.120374714466436, 51.99307128899251 ], [ 16.107558262585258, 51.995744927872622 ], [ 16.09030534659135, 51.989011318841236 ], [ 16.060728919173243, 51.977425550360778 ], [ 16.010120365591121, 51.981485520512052 ], [ 16.008148603763246, 51.986436703623355 ], [ 16.005519587992751, 51.992873241668065 ], [ 15.997303913709942, 51.998715637739409 ], [ 15.986787850627948, 52.003468773526251 ], [ 15.987280791084913, 52.001290252957276 ], [ 15.988430985484513, 51.996834188157109 ], [ 15.984980402285728, 51.995744927872622 ], [ 15.97068512903364, 52.001587323943966 ], [ 15.965427097492636, 52.01792622821128 ], [ 15.965920037949601, 52.026739334149397 ], [ 15.966248664920926, 52.033770014167459 ], [ 15.981365505601289, 52.034661227127486 ], [ 15.993031763082882, 52.035453416425298 ], [ 15.990731374283698, 52.040899717847736 ], [ 15.989745493369753, 52.043474333065618 ], [ 15.991224314740663, 52.048821610825826 ], [ 15.994674897939447, 52.050405989421449 ], [ 16.004205080107496, 52.05456498323494 ], [ 16.000261556451747, 52.05902104803512 ], [ 15.990402747312388, 52.06100152127965 ], [ 15.987445104570568, 52.06506149143091 ], [ 15.986459223656638, 52.069022437919955 ], [ 15.972985517832825, 52.075062881315759 ], [ 15.967234545834856, 52.081697466684901 ], [ 15.942423209500774, 52.088134004729611 ], [ 15.93289302733271, 52.086945720782893 ], [ 15.928785190191306, 52.078825780480344 ], [ 15.923362845164647, 52.068329272284373 ], [ 15.914325603453563, 52.072191195111202 ], [ 15.878505263580507, 52.087341815431799 ], [ 15.866674692613259, 52.086549626133987 ], [ 15.862238228500544, 52.086153531485081 ], [ 15.837426892166448, 52.105463145619183 ], [ 15.835783757309883, 52.110711399717161 ], [ 15.843342177650072, 52.11259284929946 ], [ 15.851393538447226, 52.114672346206206 ], [ 15.854351181189045, 52.119920600304198 ], [ 15.85632294301692, 52.123188381157661 ], [ 15.865688811699314, 52.127248351308936 ], [ 15.874561739924758, 52.13111027413575 ], [ 15.881298592836657, 52.148439415025322 ], [ 15.882941727693222, 52.154578882083342 ], [ 15.880805652379692, 52.162203704074756 ], [ 15.865360184728004, 52.167451958172748 ], [ 15.859280585758725, 52.169630478741723 ], [ 15.85993783970136, 52.175472874813067 ], [ 15.86092372061529, 52.182701602155575 ], [ 15.85878764530176, 52.187454737942431 ], [ 15.86026646667267, 52.198743435436199 ], [ 15.853036673303791, 52.208645801658818 ], [ 15.849586090105007, 52.213299913783445 ], [ 15.855008435131666, 52.221023759437088 ], [ 15.860102153187015, 52.22805443945515 ], [ 15.85763745090216, 52.246670887953655 ], [ 15.85698019695954, 52.247661124575913 ], [ 15.852215105875516, 52.255285946567327 ], [ 15.853529613760756, 52.26300979222097 ], [ 15.862238228500544, 52.269545353927896 ], [ 15.866674692613259, 52.272813134781359 ], [ 15.872425664611228, 52.280834051421678 ], [ 15.880148398437072, 52.283903784950681 ], [ 15.880805652379692, 52.290439346657607 ], [ 15.878669577066162, 52.296182719066721 ], [ 15.882613100721912, 52.307768487547193 ], [ 15.883434668150187, 52.307966534871639 ], [ 15.889514267119466, 52.309154818818357 ], [ 15.887871132262902, 52.322324965894424 ], [ 15.886063683920696, 52.324008368152278 ], [ 15.883434668150187, 52.326186888721253 ], [ 15.887706818777247, 52.335396089308276 ], [ 15.881955846779292, 52.342030674677432 ], [ 15.881462906322312, 52.350051591317751 ], [ 15.889842894090776, 52.354111561469026 ], [ 15.889514267119466, 52.358666649931422 ], [ 15.888692699691191, 52.366687566571741 ], [ 15.891157401976031, 52.374807506874276 ], [ 15.894279358203505, 52.377778216741063 ], [ 15.900194643687129, 52.383620612812408 ], [ 15.899208762773185, 52.391542505790497 ], [ 15.872589978096883, 52.396097594252907 ], [ 15.86092372061529, 52.402237061310927 ], [ 15.853036673303791, 52.402534132297603 ], [ 15.843506491135727, 52.402930226946509 ], [ 15.835783757309883, 52.414119900778061 ], [ 15.825924948170524, 52.422140817418381 ], [ 15.826253575141834, 52.42402226700068 ], [ 15.826582202113144, 52.425705669258519 ], [ 15.824610440285269, 52.425705669258519 ], [ 15.819681035715575, 52.425705669258519 ], [ 15.806864583834397, 52.43630120111672 ], [ 15.805221448977832, 52.443232857472552 ], [ 15.827732396512729, 52.450461584815059 ], [ 15.832333174111113, 52.445609425365973 ], [ 15.833154741539389, 52.440955313241346 ], [ 15.834304935938988, 52.434320727872191 ], [ 15.853858240732066, 52.432340254627675 ], [ 15.85763745090216, 52.437192414076748 ], [ 15.85977352621569, 52.439767029294629 ], [ 15.865031557756694, 52.438380698023465 ], [ 15.874561739924758, 52.435905106467814 ], [ 15.876040561295667, 52.440262147605765 ], [ 15.876862128723943, 52.442737739161416 ], [ 15.882120160264947, 52.444124070432579 ], [ 15.89723700094531, 52.447886969597178 ], [ 15.892471909861285, 52.459373714415406 ], [ 15.890993088490376, 52.460363951037664 ], [ 15.887706818777247, 52.462542471606639 ], [ 15.890500148033411, 52.465810252460102 ], [ 15.89197896940432, 52.467592678380171 ], [ 15.891650342432996, 52.47313800346484 ], [ 15.884749176035442, 52.483337440674134 ], [ 15.884749176035442, 52.489278860407708 ], [ 15.879326831008783, 52.493239806896753 ], [ 15.871604097182939, 52.498884155643637 ], [ 15.870782529754663, 52.504033386079399 ], [ 15.872589978096883, 52.506310930310605 ], [ 15.875383307353033, 52.509776758488513 ], [ 15.866839006098914, 52.510568947786325 ], [ 15.862731168957509, 52.510965042435231 ], [ 15.852543732846826, 52.515718178222087 ], [ 15.836112384281208, 52.528888325298155 ], [ 15.847450014791477, 52.536513147289568 ], [ 15.855501375588631, 52.541959448712007 ], [ 15.857473137416505, 52.545821371538821 ], [ 15.843670804621382, 52.554535453814722 ], [ 15.843342177650072, 52.554733501139182 ], [ 15.841534729307853, 52.556713974383698 ], [ 15.833811995482009, 52.564932938348477 ], [ 15.833319055025044, 52.565130985672923 ], [ 15.826910829084454, 52.567111458917452 ], [ 15.825432007713545, 52.569389003148643 ], [ 15.827568083027074, 52.577607967113423 ], [ 15.830032785311928, 52.586916191362675 ], [ 15.819023781772955, 52.591867374473978 ], [ 15.809822226576216, 52.595927344625252 ], [ 15.805385762463487, 52.60315607196776 ], [ 15.796348520752403, 52.606918971132359 ], [ 15.78747559252696, 52.616524266368287 ], [ 15.787639906012615, 52.621079354830698 ], [ 15.790597548754434, 52.622069591452956 ], [ 15.796184207266748, 52.623951041035255 ], [ 15.793555191496239, 52.635239738529037 ], [ 15.784517949785155, 52.636626069800201 ], [ 15.776302275502346, 52.637913377409134 ], [ 15.78566814418474, 52.666432192130273 ], [ 15.791747743154033, 52.665739026494677 ], [ 15.795362639838459, 52.665342931845785 ], [ 15.813437123260641, 52.66900680734814 ], [ 15.811958301889746, 52.67970136286857 ], [ 15.803578314121268, 52.69198029698461 ], [ 15.793226564524929, 52.706932869980761 ], [ 15.811301047947111, 52.709606508860858 ], [ 15.820173976172555, 52.708616272238601 ], [ 15.836769638223828, 52.706734822656301 ], [ 15.877683696152218, 52.713567455349903 ], [ 15.885406429978062, 52.714854762958851 ], [ 15.890171521062101, 52.714656715634391 ], [ 15.90150915157237, 52.714062573661039 ], [ 15.911860901168708, 52.718815709447895 ], [ 15.925005980021211, 52.724757129181469 ], [ 15.931578519447456, 52.726440531439309 ], [ 15.945052225271269, 52.730104406941678 ], [ 15.947352614070454, 52.736639968648603 ], [ 15.946859673613488, 52.754860322498203 ], [ 15.926813428363431, 52.780606474677001 ], [ 15.927634995791706, 52.784072302854923 ], [ 15.931578519447456, 52.785260586801641 ], [ 15.93782243190239, 52.787142036383926 ], [ 15.934207535217965, 52.800807301771144 ], [ 15.924020099107267, 52.802886798677889 ], [ 15.902659345971969, 52.80734286347807 ], [ 15.895922493060056, 52.811798928278236 ], [ 15.89625112003138, 52.821602270838625 ], [ 15.902495032486314, 52.827345643247739 ], [ 15.902330719000659, 52.833881204954665 ], [ 15.917283246195367, 52.839723601026009 ], [ 15.919912261965862, 52.837743127781494 ], [ 15.926649114877776, 52.832890968332407 ], [ 15.948338494984398, 52.84219919258166 ], [ 15.948995748927018, 52.84843768330191 ], [ 15.949488689383983, 52.854181055711024 ], [ 15.963783962636072, 52.853983008386578 ], [ 15.970027875091006, 52.853883984724348 ], [ 15.966741605377891, 52.856854694591135 ], [ 15.972985517832825, 52.85883516783565 ], [ 15.971999636918881, 52.86517268221813 ], [ 15.970192188576675, 52.866162918840388 ], [ 15.962140827779507, 52.870817030965014 ], [ 15.964605530064361, 52.873589693507355 ], [ 15.973971398746755, 52.873391646182895 ], [ 15.974792966175045, 52.873391646182895 ], [ 15.979065116802104, 52.878441852956428 ], [ 15.97413571223241, 52.891413952708064 ], [ 15.97282120434717, 52.894879780885972 ], [ 15.9682204267488, 52.899335845686153 ], [ 15.974464339203735, 52.90646554936643 ], [ 15.979393743773414, 52.912208921775544 ], [ 15.97807923588816, 52.915872797277913 ], [ 15.97462865268939, 52.924685903216044 ], [ 15.973314144804135, 52.928151731393953 ], [ 15.974792966175045, 52.929934157314023 ], [ 15.979065116802104, 52.935083387749785 ], [ 15.97068512903364, 52.945381848621309 ], [ 15.961154946865577, 52.957165664426213 ], [ 15.959840438980322, 52.968553385582226 ], [ 15.951460451211858, 52.973009450382392 ], [ 15.954418093953677, 52.980040130400454 ], [ 15.953925153496698, 52.982218650969429 ], [ 15.953760840011043, 52.982911816605011 ], [ 15.950967510754893, 52.99687415297889 ], [ 15.954253780468022, 53.007667732161551 ], [ 15.955896915324573, 53.013312080908435 ], [ 15.954746720924987, 53.029353914189073 ], [ 15.954418093953677, 53.035097286598187 ], [ 15.962469454750831, 53.041335777318437 ], [ 16.007819976791936, 53.034305097300376 ], [ 16.024415638843223, 53.035097286598187 ], [ 16.044790511064591, 53.028561724891262 ], [ 16.050212856091235, 53.025095896713353 ], [ 16.056292455060515, 53.021134950224308 ], [ 16.074695565454022, 53.016084743450762 ], [ 16.118074325667251, 53.012123796961717 ], [ 16.138613511374274, 53.014104270206246 ], [ 16.158824070110001, 53.022422257833242 ], [ 16.185442854786302, 53.033215837015888 ], [ 16.227507107114292, 53.039157256749462 ], [ 16.253468637847973, 53.046584031416415 ], [ 16.271707434755811, 53.048168410012039 ], [ 16.286495648464864, 53.044108439860764 ], [ 16.286331334979209, 53.043019179576277 ], [ 16.286002708007899, 53.041038706331761 ], [ 16.315414821940365, 53.037077759842717 ], [ 16.316400702854295, 53.043316250562953 ], [ 16.31557913542602, 53.043811368874088 ], [ 16.311306984798961, 53.046088913105294 ], [ 16.31344306011249, 53.049554741283202 ], [ 16.32297324228054, 53.050346930581014 ], [ 16.324780690622759, 53.057179563274616 ], [ 16.336446948104353, 53.060249296803633 ], [ 16.338418709932228, 53.060744415114755 ], [ 16.345155562844127, 53.067081929497235 ], [ 16.350742221356441, 53.072231159932983 ], [ 16.353042610155626, 53.073221396555255 ], [ 16.362572792323689, 53.077182343044299 ], [ 16.363887300208944, 53.081836455168926 ], [ 16.359615149581884, 53.092233939702666 ], [ 16.35369986409826, 53.100848998316351 ], [ 16.346634384215037, 53.111147459187862 ], [ 16.36010809003885, 53.114910358352461 ], [ 16.365530435065509, 53.120059588788209 ], [ 16.364544554151564, 53.123723464290578 ], [ 16.372431601463063, 53.128476600077434 ], [ 16.376868065575778, 53.127189292468501 ], [ 16.380647275745872, 53.128278552752988 ], [ 16.390506084885246, 53.130952191633085 ], [ 16.391656279284845, 53.140359439544568 ], [ 16.397571564768469, 53.148677427171563 ], [ 16.396585683854525, 53.150558876753863 ], [ 16.392806473684431, 53.15778760409637 ], [ 16.400200580538964, 53.160758313963157 ], [ 16.400693520995929, 53.163233905518808 ], [ 16.408087627850463, 53.163233905518808 ], [ 16.407923314364808, 53.1578866277586 ], [ 16.411866838020558, 53.155411036202949 ], [ 16.421232706702952, 53.149568640131605 ], [ 16.431420142813636, 53.154717870567367 ], [ 16.43355621812718, 53.155708107189625 ], [ 16.43634954738333, 53.155708107189625 ], [ 16.444400908180484, 53.155510059865179 ], [ 16.445715416065738, 53.157589556771924 ], [ 16.447522864407958, 53.160956361287617 ], [ 16.457381673547317, 53.163233905518808 ], [ 16.472169887256385, 53.169175325252382 ], [ 16.483178890795344, 53.165412426087784 ], [ 16.485972220051508, 53.164422189465526 ], [ 16.498624358447032, 53.164719260452202 ], [ 16.504211016959346, 53.174027484701469 ], [ 16.506840032729841, 53.178483549501635 ], [ 16.510619242899935, 53.180860117395071 ], [ 16.513905512613064, 53.182939614301816 ], [ 16.519820798096688, 53.186603489804185 ], [ 16.523764321752438, 53.191851743902163 ], [ 16.528529412836463, 53.198486329271319 ], [ 16.529679607236048, 53.198981447582455 ], [ 16.535430579234017, 53.201655086462551 ], [ 16.533130190434832, 53.206408222249408 ], [ 16.530501174664337, 53.211755500009616 ], [ 16.532637249977867, 53.217399848756514 ], [ 16.543153313059861, 53.218984227352124 ], [ 16.551204673857015, 53.220172511298841 ], [ 16.555641137969729, 53.226014907370185 ], [ 16.560241915568113, 53.231857303441529 ], [ 16.581931295674735, 53.227797333290255 ], [ 16.594583434070259, 53.228391475263606 ], [ 16.598198330754698, 53.221063724258883 ], [ 16.601320286982158, 53.214528162551957 ], [ 16.610028901721947, 53.209378932116195 ], [ 16.62235241314616, 53.208289671831707 ], [ 16.62333829406009, 53.214627186214173 ], [ 16.632704162742499, 53.219182274676584 ], [ 16.628924952572405, 53.225222718072374 ], [ 16.633032789713809, 53.229579759210324 ], [ 16.627774758172805, 53.232055350765975 ], [ 16.62300966708878, 53.234332894997181 ], [ 16.62300966708878, 53.238590912472901 ], [ 16.630403773943314, 53.249285467993332 ], [ 16.634347297599064, 53.251364964900077 ], [ 16.641905717939238, 53.255325911389122 ], [ 16.638455134740468, 53.258197597593679 ], [ 16.636319059426938, 53.259980023513748 ], [ 16.636647686398248, 53.262851709718305 ], [ 16.644370420224092, 53.26512925394951 ], [ 16.656036677705671, 53.268496058465203 ], [ 16.655050796791741, 53.272159933967572 ], [ 16.653079034963866, 53.279586708634525 ], [ 16.662773530617585, 53.280180850607891 ], [ 16.677726057812293, 53.290875406128308 ], [ 16.686270359066427, 53.292855879372837 ], [ 16.714532278599293, 53.299094370093073 ], [ 16.707959739173035, 53.302956292919902 ], [ 16.696786422148421, 53.30226312728432 ], [ 16.694157406377911, 53.30642212109781 ], [ 16.683148402838953, 53.310185020262409 ], [ 16.678876252211893, 53.31889910253831 ], [ 16.666717054273334, 53.319790315498338 ], [ 16.659651574390111, 53.320186410147244 ], [ 16.651928840564267, 53.325632711569682 ], [ 16.637633567312179, 53.329098539747605 ], [ 16.637633567312179, 53.335337030467841 ], [ 16.630239460457659, 53.339397000619115 ], [ 16.62974652000068, 53.341179426539185 ], [ 16.628432012115439, 53.346724751623853 ], [ 16.614465365834661, 53.346625727961623 ], [ 16.58669638675876, 53.346427680637177 ], [ 16.578973652932916, 53.352567147695197 ], [ 16.572729740477982, 53.357518330806499 ], [ 16.565664260594758, 53.354844691926388 ], [ 16.562377990881643, 53.353557384317455 ], [ 16.552354868256614, 53.356528094184242 ], [ 16.543646253516826, 53.36791581534024 ], [ 16.536252146662306, 53.377224039589507 ], [ 16.531487055578268, 53.373560164087138 ], [ 16.524421575695058, 53.36801483900247 ], [ 16.50979767547166, 53.375639660993883 ], [ 16.508811794557715, 53.38019474945628 ], [ 16.50831885410075, 53.38049182044297 ], [ 16.504211016959346, 53.383264482985297 ], [ 16.492709072963407, 53.385244956229826 ], [ 16.47726360531172, 53.387918595109923 ], [ 16.476113410912134, 53.397622914008082 ], [ 16.472169887256385, 53.404059452052792 ], [ 16.465761661315796, 53.406237972621767 ], [ 16.444729535151794, 53.451689833583558 ], [ 16.446536983494013, 53.454363472463669 ], [ 16.458860494918227, 53.452779093868045 ], [ 16.462639705088321, 53.457037111343766 ], [ 16.454095403834202, 53.460205868535013 ], [ 16.446372670008358, 53.457829300641578 ], [ 16.439471503610804, 53.459314655574971 ], [ 16.437499741782929, 53.462285365441758 ], [ 16.454095403834202, 53.488526635931677 ], [ 16.472169887256385, 53.479911577318006 ], [ 16.491230251592498, 53.470801400393199 ], [ 16.503882389988036, 53.472979920962175 ], [ 16.533130190434832, 53.478228175060167 ], [ 16.557777213283259, 53.478624269709073 ], [ 16.578480712475951, 53.478921340695749 ], [ 16.582259922646045, 53.481099861264724 ], [ 16.58521756538785, 53.482981310847023 ], [ 16.605592437609218, 53.483575452820375 ], [ 16.645520614623678, 53.484664713104863 ], [ 16.655379423763051, 53.491200274811789 ], [ 16.693993092892256, 53.516946426990586 ], [ 16.702701707632045, 53.516253261355004 ], [ 16.708288366144359, 53.515857166706098 ], [ 16.720776191054227, 53.522293704750794 ], [ 16.725048341681287, 53.529621455755532 ], [ 16.721433444996848, 53.532394118297859 ], [ 16.717818548312408, 53.5351667808402 ], [ 16.719790310140283, 53.54566328903617 ], [ 16.726527163052197, 53.555169560609883 ], [ 16.725869909109562, 53.561507074992349 ], [ 16.728991865337036, 53.567448494725923 ], [ 16.733756956421061, 53.567250447401463 ], [ 16.73950792841903, 53.567052400077017 ], [ 16.744930273445689, 53.573686985446159 ], [ 16.740000868875995, 53.584678611953265 ], [ 16.739672241904685, 53.585173730264401 ], [ 16.743287138589125, 53.594085859864748 ], [ 16.741808317218215, 53.598938019313835 ], [ 16.747230662244874, 53.60091849255835 ], [ 16.749531051044059, 53.601809705518392 ], [ 16.761525935496962, 53.618049586123476 ], [ 16.761197308525652, 53.618841775421288 ], [ 16.759225546697778, 53.62369393487036 ], [ 16.7809149268044, 53.626664644737147 ], [ 16.812463116050381, 53.630922662212868 ], [ 16.8154207587922, 53.634091419404115 ], [ 16.814106250906946, 53.636765058284212 ], [ 16.813120369993015, 53.638448460542065 ], [ 16.814434877878256, 53.640924052097716 ], [ 16.820514476847549, 53.641914288719974 ], [ 16.826594075816828, 53.64231038336888 ], [ 16.832180734329128, 53.63607189264863 ], [ 16.839410527698007, 53.628149999670541 ], [ 16.846968948038196, 53.626961715723823 ], [ 16.853705800950095, 53.631219733199558 ], [ 16.854527368378371, 53.636567010959766 ], [ 16.854855995349695, 53.639339673502093 ], [ 16.865207744946034, 53.648845945075806 ], [ 16.871451657400968, 53.64854887408913 ], [ 16.8923194700793, 53.655876625093867 ] ], [ [ 18.424542723823436, 51.800767336949349 ], [ 18.423885469880815, 51.794924940878005 ], [ 18.42700742610829, 51.796410295811398 ], [ 18.428979187936164, 51.801856597233837 ], [ 18.424542723823436, 51.800767336949349 ] ] ], [ [ [ 17.705671224077534, 52.614642816785988 ], [ 17.70468534316359, 52.611077964945849 ], [ 17.70156338693613, 52.611870154243661 ], [ 17.701399073450474, 52.612761367203703 ], [ 17.70074181950784, 52.617118408341653 ], [ 17.705835537563189, 52.6154350060838 ], [ 17.705671224077534, 52.614642816785988 ] ] ], [ [ [ 17.424530850119766, 52.766545114640891 ], [ 17.421901834349256, 52.763475381111888 ], [ 17.415986548865632, 52.766248043654215 ], [ 17.419272818578762, 52.768129493236515 ], [ 17.424530850119766, 52.766545114640891 ] ] ], [ [ [ 15.884256235578476, 52.466206347109008 ], [ 15.879819771465748, 52.465414157811196 ], [ 15.876697815238288, 52.470068269935837 ], [ 15.880477025408382, 52.470365340922513 ], [ 15.884256235578476, 52.466206347109008 ] ] ] ] } },
{ "type": "Feature", "properties": { "index": 1577, "nuts_2_code": "PL84", "nuts_2_name": "Podlaskie" }, "geometry": { "type": "Polygon", "coordinates": [ [ [ 23.321577536835392, 54.253286379304171 ], [ 23.340802214657174, 54.250018598450708 ], [ 23.349839456368258, 54.24427522604158 ], [ 23.354604547452297, 54.23843282997025 ], [ 23.359205325050667, 54.232887504885582 ], [ 23.376293927558905, 54.228728511072077 ], [ 23.383852347899094, 54.226946085152008 ], [ 23.384509601841728, 54.225064635569723 ], [ 23.386645677155258, 54.219222239498379 ], [ 23.392725276124537, 54.216251529631592 ], [ 23.395189978409377, 54.215063245684874 ], [ 23.398476248122492, 54.210013038911342 ], [ 23.407349176347935, 54.196149726199678 ], [ 23.414414656231145, 54.19248585069731 ], [ 23.418193866401239, 54.190604401115024 ], [ 23.421315822628713, 54.185059076030356 ], [ 23.425095032798808, 54.178127419674524 ], [ 23.444319710620576, 54.176444017416685 ], [ 23.457957729930044, 54.175255733469967 ], [ 23.460915372671863, 54.170007479371975 ], [ 23.462229880557103, 54.167828958803 ], [ 23.464694582841958, 54.166937745842972 ], [ 23.474389078495662, 54.163174846678373 ], [ 23.474717705466986, 54.158421710891517 ], [ 23.474882018952641, 54.157629521593719 ], [ 23.477346721237481, 54.156342213984772 ], [ 23.486383962948565, 54.151688101860145 ], [ 23.494106696774409, 54.133665795334991 ], [ 23.494763950717029, 54.131784345752692 ], [ 23.493613756317444, 54.116435678107635 ], [ 23.501993744085908, 54.111979613307469 ], [ 23.507416089112567, 54.099601655529199 ], [ 23.511852553225282, 54.095541685377924 ], [ 23.517274898251941, 54.090392454942162 ], [ 23.518753719622836, 54.080490088719557 ], [ 23.519082346594161, 54.077915473501676 ], [ 23.521382735393345, 54.074944763634889 ], [ 23.52795527481959, 54.065933610372312 ], [ 23.52516194556344, 54.032364588877641 ], [ 23.516946271280631, 54.028007547739691 ], [ 23.516453330823651, 54.027809500415245 ], [ 23.516289017337996, 54.027314382104109 ], [ 23.512016866710937, 54.016916897570368 ], [ 23.508566283512152, 54.01345106939246 ], [ 23.504787073342058, 54.009688170227861 ], [ 23.498543160887124, 54.008004767970021 ], [ 23.492134934946534, 54.006321365712168 ], [ 23.481783185350196, 53.997706307098497 ], [ 23.49049180008997, 53.975128912110932 ], [ 23.501500803628943, 53.968494326741791 ], [ 23.512674120653557, 53.961760717710405 ], [ 23.514645882481432, 53.956512463612427 ], [ 23.513167061110536, 53.933935068624862 ], [ 23.513002747624881, 53.930766311433629 ], [ 23.511523926253972, 53.915912762099708 ], [ 23.520725481450711, 53.8856115214585 ], [ 23.525654886020405, 53.869371640853416 ], [ 23.525654886020405, 53.867985309582252 ], [ 23.525654886020405, 53.862340960835368 ], [ 23.539128591844218, 53.858479038008539 ], [ 23.546851325670048, 53.856300517439564 ], [ 23.550630535840142, 53.851646405314938 ], [ 23.547015639155717, 53.846794245865865 ], [ 23.546194071727427, 53.845605961919148 ], [ 23.547837206583992, 53.843922559661308 ], [ 23.551123476297121, 53.840753802470061 ], [ 23.550137595383177, 53.836495784994341 ], [ 23.549808968411867, 53.835109453723177 ], [ 23.550301908868832, 53.834515311749811 ], [ 23.553095238124996, 53.831247530896363 ], [ 23.550137595383177, 53.829069010327387 ], [ 23.546522698698737, 53.826296347785046 ], [ 23.544879563842173, 53.796292178130528 ], [ 23.548987400983592, 53.769159694680567 ], [ 23.570019527147579, 53.752523719426577 ], [ 23.581850098114828, 53.74321549517731 ], [ 23.588751264512382, 53.69588218463322 ], [ 23.624900231356747, 53.601215563545026 ], [ 23.632458651696936, 53.584777635615495 ], [ 23.659570376830217, 53.522293704750794 ], [ 23.662363706086367, 53.518431781923979 ], [ 23.668443305055646, 53.51031184162143 ], [ 23.690954252590544, 53.468028737850872 ], [ 23.709193049498381, 53.43386557438285 ], [ 23.717737350752515, 53.420992498293458 ], [ 23.725953025035324, 53.408614540515188 ], [ 23.746163583771036, 53.374748448033856 ], [ 23.759801603080504, 53.347021822610529 ], [ 23.768838844791588, 53.328702445098699 ], [ 23.816325442146237, 53.247800113059938 ], [ 23.820761906258952, 53.243443071921988 ], [ 23.846066183050013, 53.234728989646086 ], [ 23.854610484304132, 53.231758279779299 ], [ 23.860361456302101, 53.222351031867817 ], [ 23.861183023730376, 53.215023280863079 ], [ 23.860032829330791, 53.212844760294104 ], [ 23.858225380988571, 53.209378932116195 ], [ 23.863812039500885, 53.197000974337925 ], [ 23.876628491382064, 53.18868298671093 ], [ 23.888787689320623, 53.180860117395071 ], [ 23.894045720861627, 53.177394289217148 ], [ 23.903575903029676, 53.175116744985957 ], [ 23.9094911885133, 53.167392899332313 ], [ 23.912941771712084, 53.164818284114432 ], [ 23.914091966111684, 53.163233905518808 ], [ 23.916228041425214, 53.157094438460788 ], [ 23.91343471216905, 53.15184618436281 ], [ 23.911791577312485, 53.148677427171563 ], [ 23.91376333914036, 53.144617457020303 ], [ 23.914749220054304, 53.142438936451327 ], [ 23.90604060531453, 53.136596540379983 ], [ 23.898317871488686, 53.131348286281991 ], [ 23.886980240978403, 53.115405476663582 ], [ 23.887308867949713, 53.111642577498998 ], [ 23.888130435378002, 53.105404086778748 ], [ 23.880243388066503, 53.09362027097383 ], [ 23.87317790818328, 53.083222786440089 ], [ 23.881229268980434, 53.072330183595213 ], [ 23.884844165664873, 53.064606337941584 ], [ 23.892073959033752, 53.061734651737012 ], [ 23.900289633316561, 53.058565894545779 ], [ 23.901768454687456, 53.049851812269878 ], [ 23.901932768173126, 53.049158646634297 ], [ 23.903082962572711, 53.048168410012039 ], [ 23.914420593082994, 53.039652375060584 ], [ 23.91343471216905, 53.035394357584863 ], [ 23.912613144740774, 53.030938292784683 ], [ 23.921979013423183, 53.024798825726663 ], [ 23.924936656164988, 53.022917376144377 ], [ 23.932495076505177, 52.991526875218682 ], [ 23.932330763019522, 52.989645425636382 ], [ 23.931180568619922, 52.978158680818154 ], [ 23.939560556388386, 52.964790486417627 ], [ 23.943832707015446, 52.957858830061795 ], [ 23.928880179820737, 52.947164274541379 ], [ 23.928387239363772, 52.946768179892473 ], [ 23.916720981882179, 52.937558979305436 ], [ 23.916392354910869, 52.915872797277913 ], [ 23.916228041425214, 52.904782147108591 ], [ 23.922964894337113, 52.901316318930668 ], [ 23.925593910107608, 52.896662206806042 ], [ 23.925100969650643, 52.859231262484556 ], [ 23.924772342679333, 52.832791944670177 ], [ 23.928387239363772, 52.826355406625481 ], [ 23.933152330447797, 52.820017892243015 ], [ 23.934795465304362, 52.817938395336256 ], [ 23.939396242902731, 52.812095999264912 ], [ 23.939231929417076, 52.800807301771144 ], [ 23.939067615931421, 52.778031859459134 ], [ 23.939067615931421, 52.771793368738884 ], [ 23.938903302445766, 52.765257807031958 ], [ 23.938903302445766, 52.75961345828506 ], [ 23.938903302445766, 52.756345677431597 ], [ 23.938903302445766, 52.753969109538176 ], [ 23.938410361988801, 52.714359644647715 ], [ 23.928387239363772, 52.707130917305207 ], [ 23.920828819023583, 52.702872899829487 ], [ 23.901275514230491, 52.691683225997934 ], [ 23.896017482689501, 52.685147664291009 ], [ 23.892238272519407, 52.680295504841922 ], [ 23.887473181435368, 52.67970136286857 ], [ 23.877285745324684, 52.678513078921853 ], [ 23.773110995418648, 52.622267638777402 ], [ 23.765716888564128, 52.618207668626141 ], [ 23.734004385832478, 52.608404326065752 ], [ 23.730718116119348, 52.609691633674686 ], [ 23.7188875451521, 52.614642816785988 ], [ 23.643139028264585, 52.607612136767941 ], [ 23.621778275129287, 52.602264859007732 ], [ 23.541428980643403, 52.58057867698021 ], [ 23.500514922714999, 52.564635867361801 ], [ 23.495585518145319, 52.562358323130596 ], [ 23.474224765010007, 52.552852051556883 ], [ 23.407349176347935, 52.510766995110771 ], [ 23.357069249737137, 52.469177056975795 ], [ 23.313854803009548, 52.426695905880777 ], [ 23.312868922095618, 52.423428125027314 ], [ 23.309746965868143, 52.414020877115831 ], [ 23.302024232042299, 52.405900936813296 ], [ 23.274419566452067, 52.38857179592371 ], [ 23.271954864167213, 52.3869874173281 ], [ 23.244021571605657, 52.358666649931422 ], [ 23.217402786929355, 52.331633190143691 ], [ 23.188647926939524, 52.296281742728951 ], [ 23.17846049082884, 52.283210619315099 ], [ 23.152991900552124, 52.280239909448312 ], [ 23.128344877703697, 52.287864731439726 ], [ 23.117335874164723, 52.297965144986804 ], [ 23.111420588681099, 52.29984659456909 ], [ 23.088252387203582, 52.288854968061997 ], [ 23.074121427437149, 52.282220382692842 ], [ 23.053089301273147, 52.284894021572953 ], [ 23.048817150646087, 52.290736417644297 ], [ 23.055554003557987, 52.300341712880225 ], [ 23.058183019328496, 52.304005588382594 ], [ 23.043559119105097, 52.325790794072347 ], [ 23.006095644375478, 52.336089254943857 ], [ 22.999687418434888, 52.334306829023788 ], [ 22.994429386893884, 52.332920497752625 ], [ 22.987692533981985, 52.338267775512833 ], [ 22.98785684746764, 52.342129698339662 ], [ 22.988021160953295, 52.345298455530894 ], [ 22.983420383354925, 52.345991621166476 ], [ 22.977340784385632, 52.346783810464288 ], [ 22.968467856160203, 52.358666649931422 ], [ 22.967810602217583, 52.359458839229234 ], [ 22.963702765076178, 52.365004164313902 ], [ 22.929196933088363, 52.373619222927573 ], [ 22.918023616063749, 52.373916293914249 ], [ 22.893705220186632, 52.366192448260605 ], [ 22.886146799846443, 52.363716856704954 ], [ 22.87382328842223, 52.363716856704954 ], [ 22.859692328655797, 52.363617833042724 ], [ 22.854434297114793, 52.361241265149303 ], [ 22.849176265573803, 52.358864697255868 ], [ 22.815820627985588, 52.367182684882877 ], [ 22.811877104329838, 52.368271945167365 ], [ 22.793473993936345, 52.373817270252019 ], [ 22.790023410737561, 52.373322151940897 ], [ 22.772441867772343, 52.371143631371922 ], [ 22.766690895774374, 52.373916293914249 ], [ 22.76225443166166, 52.379758689985593 ], [ 22.760611296805095, 52.382135257879014 ], [ 22.750916801151391, 52.383719636474638 ], [ 22.738428976241508, 52.380253808296715 ], [ 22.733663885157483, 52.372430938980855 ], [ 22.730541928930009, 52.367182684882877 ], [ 22.72051880630498, 52.372232891656409 ], [ 22.722983508589834, 52.377382122092158 ], [ 22.722983508589834, 52.377679193078848 ], [ 22.721833314190235, 52.382828423514596 ], [ 22.705401965624617, 52.392235671426079 ], [ 22.68568434734587, 52.392631766074985 ], [ 22.68354827203234, 52.391938600439403 ], [ 22.666131042552777, 52.386195228030289 ], [ 22.659229876155223, 52.391443482128281 ], [ 22.657422427813003, 52.392730789737215 ], [ 22.651835769300689, 52.391245434803821 ], [ 22.642798527589605, 52.3888688669104 ], [ 22.633925599364161, 52.390849340154915 ], [ 22.626202865538318, 52.392631766074985 ], [ 22.621109147482983, 52.390552269168239 ], [ 22.615686802456324, 52.388274724937034 ], [ 22.611907592286229, 52.392136647763863 ], [ 22.60549936634564, 52.398276114821883 ], [ 22.593668795378392, 52.398474162146329 ], [ 22.592518600978806, 52.398177091159653 ], [ 22.580523716525903, 52.394216144670608 ], [ 22.578223327726704, 52.402039013986467 ], [ 22.566885697216435, 52.403920463568767 ], [ 22.56458530841725, 52.407584339071136 ], [ 22.56277786007503, 52.410555048937923 ], [ 22.556533947620096, 52.416793539658173 ], [ 22.553904931849587, 52.41788279994266 ], [ 22.544539063167193, 52.421744722769475 ], [ 22.542567301339318, 52.426596882218561 ], [ 22.542238674368008, 52.439568981970183 ], [ 22.547989646365963, 52.452144987072899 ], [ 22.553083364421312, 52.463631731891127 ], [ 22.546510824995067, 52.467394631055726 ], [ 22.537144956312659, 52.464919039500074 ], [ 22.52958653597247, 52.462839542593315 ], [ 22.525478698831066, 52.470464364584728 ], [ 22.524821444888445, 52.471751672193676 ], [ 22.523013996546226, 52.47303897980261 ], [ 22.513319500892507, 52.480069659820671 ], [ 22.510854798607667, 52.487199363500949 ], [ 22.516605770605636, 52.503142173119357 ], [ 22.520713607747041, 52.51452989427537 ], [ 22.525807325802376, 52.517995722453279 ], [ 22.524164190945825, 52.523442023875717 ], [ 22.510854798607667, 52.534136579396147 ], [ 22.499517168097384, 52.54334577998317 ], [ 22.49113718032892, 52.547108679147769 ], [ 22.48867247804408, 52.552852051556883 ], [ 22.48834385107277, 52.554634477476952 ], [ 22.488179537587115, 52.556020808748116 ], [ 22.486043462273585, 52.558793471290457 ], [ 22.481771311646511, 52.560773944534972 ], [ 22.477006220562487, 52.562853441441717 ], [ 22.464189768681308, 52.570775334419821 ], [ 22.459917618054234, 52.58057867698021 ], [ 22.457781542740705, 52.585331812767052 ], [ 22.452194884228405, 52.586223025727094 ], [ 22.447922733601345, 52.586817167700445 ], [ 22.418017679211914, 52.599591220127621 ], [ 22.408651810529506, 52.609691633674686 ], [ 22.418510619668879, 52.609790657336916 ], [ 22.421468262410684, 52.614741840448218 ], [ 22.449237241486586, 52.623951041035255 ], [ 22.449730181943551, 52.636527046137971 ], [ 22.449894495429206, 52.639101661355852 ], [ 22.45186625725708, 52.639200685018082 ], [ 22.461396439425144, 52.639695803329204 ], [ 22.463861141709984, 52.645340152076102 ], [ 22.472405442964117, 52.64623136503613 ], [ 22.471748189021483, 52.649202074902917 ], [ 22.45186625725708, 52.65266790308084 ], [ 22.451044689828805, 52.652865950405285 ], [ 22.443814896459926, 52.662174174654538 ], [ 22.444965090859526, 52.67960233920634 ], [ 22.444965090859526, 52.680196481179706 ], [ 22.444636463888216, 52.680889646815288 ], [ 22.435434908691462, 52.696931480095913 ], [ 22.440857253718121, 52.715151833945527 ], [ 22.447429793144366, 52.730500501590583 ], [ 22.445129404345181, 52.743967719653341 ], [ 22.45022312240053, 52.75169156530697 ], [ 22.453180765142335, 52.763673428436334 ], [ 22.4536737055993, 52.765257807031958 ], [ 22.459917618054234, 52.771595321414424 ], [ 22.453838019084955, 52.7824879242593 ], [ 22.453838019084955, 52.788231296668414 ], [ 22.434941968234497, 52.791994195833013 ], [ 22.382361652824514, 52.794568811050894 ], [ 22.381375771910569, 52.792192243157459 ], [ 22.385154982080664, 52.787241060046156 ], [ 22.386962430422884, 52.784963515814951 ], [ 22.382197339338859, 52.778328930445809 ], [ 22.362808348031422, 52.777536741147998 ], [ 22.344898178094894, 52.776744551850186 ], [ 22.341283281410455, 52.766842185627567 ], [ 22.342762102781364, 52.763772452098564 ], [ 22.345884059008839, 52.757335914053868 ], [ 22.338489952154305, 52.753771062213715 ], [ 22.335367995926831, 52.742878459368853 ], [ 22.33224603969937, 52.740798962462094 ], [ 22.325180559816147, 52.742383341057717 ], [ 22.322387230559997, 52.747829642480156 ], [ 22.303655493195194, 52.748027689804601 ], [ 22.307270389879619, 52.753077896578134 ], [ 22.301026477424685, 52.756543724756057 ], [ 22.301355104395995, 52.767535351263149 ], [ 22.301355104395995, 52.770704108454396 ], [ 22.303819806680849, 52.773278723672277 ], [ 22.30053353696772, 52.780903545663691 ], [ 22.291824922227946, 52.779814285379203 ], [ 22.286238263715632, 52.779121119743621 ], [ 22.279830037775042, 52.785458634126087 ], [ 22.269478288178703, 52.800807301771144 ], [ 22.256497522811856, 52.820017892243015 ], [ 22.247624594586426, 52.833287062981313 ], [ 22.26027673298195, 52.836950938483682 ], [ 22.264713197094665, 52.843486500190608 ], [ 22.273257498348784, 52.841307979621632 ], [ 22.273421811834439, 52.839030435390427 ], [ 22.273586125320108, 52.836455820172546 ], [ 22.277201022004533, 52.833089015656867 ], [ 22.304477060623469, 52.840713837648281 ], [ 22.308256270793564, 52.849031825275276 ], [ 22.3054629415374, 52.856557623604459 ], [ 22.296754326797625, 52.856458599942229 ], [ 22.292646489656221, 52.854181055711024 ], [ 22.283280620973812, 52.848932801613046 ], [ 22.279665724289387, 52.849923038235303 ], [ 22.284759442344722, 52.863291232635831 ], [ 22.287059831143907, 52.865370729542576 ], [ 22.293139430113186, 52.871114101951704 ], [ 22.278022589432823, 52.885769603961165 ], [ 22.269478288178703, 52.884680343676678 ], [ 22.26208418132417, 52.881313539160985 ], [ 22.252225372184796, 52.876758450698588 ], [ 22.230864619049484, 52.880521349863187 ], [ 22.22281325825233, 52.882006704796581 ], [ 22.21755522671134, 52.882897917756608 ], [ 22.207203477114987, 52.882996941418838 ], [ 22.207532104086312, 52.878342829294212 ], [ 22.208517985000242, 52.867252179124876 ], [ 22.209668179399841, 52.854478126697714 ], [ 22.192250949920279, 52.856260552617783 ], [ 22.174176466498096, 52.858042978537853 ], [ 22.155937669590259, 52.849526943586397 ], [ 22.149858070620979, 52.84665525738184 ], [ 22.14525729302261, 52.849427919924167 ], [ 22.142299650280791, 52.851309369506467 ], [ 22.138849067082006, 52.849625967248627 ], [ 22.124225166858608, 52.842694310892796 ], [ 22.113051849833994, 52.848932801613046 ], [ 22.111901655434394, 52.850319132884209 ], [ 22.101385592352401, 52.862003925026897 ], [ 22.089555021385152, 52.850913274857561 ], [ 22.083968362872838, 52.845764044421813 ], [ 22.083968362872838, 52.841803097932768 ], [ 22.059157026538756, 52.850121085559763 ], [ 22.038946467803044, 52.850715227533115 ], [ 22.038617840831719, 52.859726380795692 ], [ 22.029251972149325, 52.865667800529266 ], [ 22.03155236094851, 52.87141117293838 ], [ 22.036481765518189, 52.88369010705442 ], [ 22.024486881065286, 52.885175461987814 ], [ 22.019228849524296, 52.882501823107702 ], [ 22.008877099927957, 52.877154545347494 ], [ 22.003947695358264, 52.877847710983076 ], [ 22.006741024614428, 52.893889544263715 ], [ 22.008548472956633, 52.904386052459685 ], [ 22.004112008843919, 52.906861644015336 ], [ 21.994581826675855, 52.912010874451099 ], [ 21.99343163227627, 52.915872797277913 ], [ 21.99261006484798, 52.919041554469146 ], [ 22.006905338100083, 52.922705429971515 ], [ 22.010684548270163, 52.923695666593773 ], [ 22.012656310098038, 52.927656613082831 ], [ 22.024486881065286, 52.932310725207458 ], [ 22.028101777749725, 52.93726190831876 ], [ 22.014463758440257, 52.941816996781156 ], [ 22.015285325868547, 52.94944181877257 ], [ 22.005262203243518, 52.956274451466186 ], [ 22.001975933530389, 52.956670546115078 ], [ 21.991788497419705, 52.957858830061795 ], [ 21.98915948164921, 52.958155901048471 ], [ 21.990473989534451, 52.962314894861976 ], [ 21.996717901989399, 52.962909036835327 ], [ 21.999018290788584, 52.963107084159788 ], [ 22.000825739130804, 52.971623119111229 ], [ 21.976178716282362, 52.978851846453736 ], [ 21.961390502573309, 52.979743059413778 ], [ 21.960404621659364, 52.979842083075994 ], [ 21.960240308173709, 52.9802381777249 ], [ 21.959254427259779, 52.984199124213944 ], [ 21.9531748282905, 52.986278621120704 ], [ 21.948081110235151, 52.986080573796244 ], [ 21.932471329097808, 52.985585455485122 ], [ 21.920805071616229, 52.988556165351895 ], [ 21.909467441105946, 52.994893679734375 ], [ 21.908481560192016, 52.998359507912284 ], [ 21.893529032997293, 53.000637052143489 ], [ 21.886463553114083, 53.005489211592575 ], [ 21.876440430489055, 53.019451547966455 ], [ 21.892378838597693, 53.027076369957868 ], [ 21.898294124081318, 53.044999652820806 ], [ 21.909631754591601, 53.04024651703395 ], [ 21.913410964761695, 53.038662138438326 ], [ 21.939701122466687, 53.038662138438326 ], [ 21.938550928067102, 53.045296723807482 ], [ 21.927377611042473, 53.04450453450967 ], [ 21.922448206472779, 53.049554741283202 ], [ 21.922612519958449, 53.049950835932108 ], [ 21.923434087386724, 53.052921545798895 ], [ 21.925077222243289, 53.059061012856915 ], [ 21.939865435952342, 53.072330183595213 ], [ 21.926391730128529, 53.078271603328787 ], [ 21.91817605584572, 53.078370626991017 ], [ 21.91390390521866, 53.076291130084257 ], [ 21.913082337790385, 53.068963379079534 ], [ 21.908810187163326, 53.066784858510559 ], [ 21.897636870138697, 53.061041486101431 ], [ 21.874632982146835, 53.058862965532455 ], [ 21.860502022380402, 53.06302195934596 ], [ 21.860337708894747, 53.071637017959631 ], [ 21.842756165929529, 53.077182343044299 ], [ 21.837498134388525, 53.0858964253202 ], [ 21.828625206163096, 53.094610507596101 ], [ 21.808907587884349, 53.114118169054649 ], [ 21.790997417947821, 53.113920121730189 ], [ 21.778180966066643, 53.109860151578928 ], [ 21.775223323324823, 53.108968938618887 ], [ 21.773580188468259, 53.11045429355228 ], [ 21.770951172697764, 53.112632814121255 ], [ 21.755505705046076, 53.113623050743513 ], [ 21.752876689275581, 53.113226956094607 ], [ 21.734309265396433, 53.11035526989005 ], [ 21.698981865980343, 53.134814114459914 ], [ 21.697503044609434, 53.145112575331424 ], [ 21.695695596267214, 53.150162782104957 ], [ 21.700460687351253, 53.155807130851855 ], [ 21.706868913291842, 53.163233905518808 ], [ 21.703418330093058, 53.167590946656759 ], [ 21.692737953525409, 53.174720650337051 ], [ 21.68698698152744, 53.178483549501635 ], [ 21.685672473642185, 53.180860117395071 ], [ 21.671212886904442, 53.206903340560544 ], [ 21.678442680273321, 53.209477955778425 ], [ 21.682879144386035, 53.211062334374034 ], [ 21.68517953318522, 53.214726209876403 ], [ 21.676963858902411, 53.217498872418744 ], [ 21.671212886904442, 53.222252008205587 ], [ 21.666940736277382, 53.225915883707955 ], [ 21.655767419252768, 53.244928426855381 ], [ 21.642622340400266, 53.247998160384384 ], [ 21.631613336861292, 53.261267331122696 ], [ 21.647223117998635, 53.263445851691671 ], [ 21.656424673195389, 53.264733159300604 ], [ 21.657739181080629, 53.276516975105523 ], [ 21.653959970910549, 53.279586708634525 ], [ 21.646894491027325, 53.285429104705869 ], [ 21.649030566340855, 53.291667595426119 ], [ 21.659875256394173, 53.295232447266258 ], [ 21.658067808051953, 53.300084606715345 ], [ 21.663161526107288, 53.304243600528835 ], [ 21.657739181080629, 53.309590878289043 ], [ 21.659053688965884, 53.315730345347063 ], [ 21.667269363248693, 53.315730345347063 ], [ 21.667926617191327, 53.311472327871343 ], [ 21.677949739816356, 53.311670375195803 ], [ 21.679099934215941, 53.310581114911315 ], [ 21.683700711814311, 53.305530908137783 ], [ 21.68912305684097, 53.306917239408946 ], [ 21.689287370326625, 53.311670375195803 ], [ 21.693559520953684, 53.313551824778088 ], [ 21.699310492951653, 53.312957682804736 ], [ 21.702761076150438, 53.307412357720068 ], [ 21.711634004375867, 53.305134813488877 ], [ 21.732994757511179, 53.308699665329016 ], [ 21.735459459796019, 53.31275963548029 ], [ 21.709990869519316, 53.32058250479615 ], [ 21.701117941293873, 53.326424900867494 ], [ 21.68978031078359, 53.328108303125333 ], [ 21.691094818668844, 53.333851675534447 ], [ 21.688465802898349, 53.336129219765652 ], [ 21.681564636500781, 53.334148746521137 ], [ 21.669076811590912, 53.330583894680984 ], [ 21.654288597881859, 53.332366320601054 ], [ 21.655931732738424, 53.335634101454517 ], [ 21.666283482334762, 53.338109693010182 ], [ 21.656917613652354, 53.347516940921665 ], [ 21.657081927138009, 53.352369100370737 ], [ 21.668583871133947, 53.357320283482053 ], [ 21.678278366787666, 53.361479277295544 ], [ 21.68238620392907, 53.366430460406846 ], [ 21.665790541877797, 53.370391406895905 ], [ 21.657081927138009, 53.37237188014042 ], [ 21.660368196851138, 53.379105489171792 ], [ 21.660039569879828, 53.381184986078551 ], [ 21.659218002451539, 53.386235192852084 ], [ 21.652152522568329, 53.391087352301156 ], [ 21.649359193312165, 53.397721937670312 ], [ 21.645087042685105, 53.399900458239287 ], [ 21.626190991834648, 53.409109658826324 ], [ 21.622904722121518, 53.427330012675924 ], [ 21.622740408635863, 53.428518296622642 ], [ 21.621425900750609, 53.429310485920453 ], [ 21.60893807584074, 53.436341165938501 ], [ 21.607787881441155, 53.449709360339043 ], [ 21.602858476871461, 53.460502939521689 ], [ 21.610252583725995, 53.464265838686273 ], [ 21.602201222928841, 53.468622879824224 ], [ 21.60400867127106, 53.474663323220028 ], [ 21.601872595957531, 53.478228175060167 ], [ 21.61288159949649, 53.480802790278048 ], [ 21.647716058455615, 53.48129790858917 ], [ 21.674006216160606, 53.488724683256137 ], [ 21.687808548955715, 53.492586606082952 ], [ 21.730694368711994, 53.488625659593907 ], [ 21.765200200699795, 53.482090097886982 ], [ 21.768979410869889, 53.481793026900306 ], [ 21.791490358404786, 53.478921340695749 ], [ 21.816958948681503, 53.469910187433172 ], [ 21.84094871758731, 53.461394152481716 ], [ 21.858694574038182, 53.459116608250525 ], [ 21.881041208087424, 53.461790247130622 ], [ 21.896650989224767, 53.472979920962175 ], [ 21.902566274708391, 53.483773500144835 ], [ 21.903059215165356, 53.489912967202855 ], [ 21.903552155622322, 53.494270008340806 ], [ 21.91686154796048, 53.501102641034407 ], [ 21.917683115388755, 53.501498735683313 ], [ 21.91784742887441, 53.501597759345529 ], [ 21.923105460415414, 53.507935273728009 ], [ 21.930992507726913, 53.51031184162143 ], [ 21.937236420181847, 53.510212817959214 ], [ 21.95284620131919, 53.509816723310308 ], [ 21.977986164624582, 53.517540568963938 ], [ 21.990638303020106, 53.521402491790766 ], [ 22.009534353870578, 53.513084504163771 ], [ 22.013806504497637, 53.505756753159034 ], [ 22.017421401182077, 53.499716309763244 ], [ 22.025801388950541, 53.496250481585321 ], [ 22.039439408260009, 53.505855776821264 ], [ 22.044697439800998, 53.514272788110475 ], [ 22.051598606198567, 53.525165390955351 ], [ 22.056363697282592, 53.528235124484368 ], [ 22.076902882989629, 53.535661899151322 ], [ 22.084461303329803, 53.534275567880158 ], [ 22.095798933840086, 53.532295094635643 ], [ 22.098427949610581, 53.532988260271225 ], [ 22.10105696538109, 53.5332853312579 ], [ 22.105493429493805, 53.534671662529064 ], [ 22.11025852057783, 53.535760922813552 ], [ 22.112887536348325, 53.536850183098039 ], [ 22.118802821831949, 53.538731632680339 ], [ 22.121431837602458, 53.539721869302596 ], [ 22.127840063543047, 53.541504295222666 ], [ 22.135727110854546, 53.544574028751683 ], [ 22.194058398262499, 53.566260210779205 ], [ 22.200630937688743, 53.570914322903832 ], [ 22.211475627742061, 53.578836215881921 ], [ 22.22034855596749, 53.582797162370966 ], [ 22.22281325825233, 53.583886422655453 ], [ 22.228399916764644, 53.586461037873335 ], [ 22.231028932535139, 53.589332724077892 ], [ 22.235301083162199, 53.593590741553612 ], [ 22.248610475500357, 53.599829232273862 ], [ 22.270957109549599, 53.610325740469833 ], [ 22.277693962461512, 53.617455444150124 ], [ 22.281473172631607, 53.621218343314709 ], [ 22.301026477424685, 53.62567440811489 ], [ 22.305627255023069, 53.626763668399377 ], [ 22.307270389879619, 53.627357810372729 ], [ 22.308913524736184, 53.627951952346095 ], [ 22.324851932844837, 53.634091419404115 ], [ 22.326166440730091, 53.632408017146261 ], [ 22.326659381187056, 53.631813875172909 ], [ 22.329452710443206, 53.633497277430749 ], [ 22.33372486107028, 53.63607189264863 ], [ 22.350649150092863, 53.645974258871249 ], [ 22.351635031006793, 53.650034229022523 ], [ 22.357714629976087, 53.65449029382269 ], [ 22.392713402420853, 53.66518484934312 ], [ 22.401750644131937, 53.667957511885447 ], [ 22.413581215099185, 53.675582333876861 ], [ 22.421632575896339, 53.680731564312623 ], [ 22.436913730062372, 53.676572570499118 ], [ 22.443814896459926, 53.671819434712276 ], [ 22.442829015545996, 53.670631150765558 ], [ 22.439214118861557, 53.666274109627608 ], [ 22.44907292800093, 53.663600470747497 ], [ 22.475527399191577, 53.663204376098591 ], [ 22.469612113707953, 53.667660440898771 ], [ 22.467968978851403, 53.674196002605697 ], [ 22.470597994621897, 53.678751091068094 ], [ 22.469776427193608, 53.680929611637069 ], [ 22.466325843994838, 53.689346622926294 ], [ 22.473719950849357, 53.694396829699826 ], [ 22.470597994621897, 53.697862657877749 ], [ 22.472569756449772, 53.698951918162237 ], [ 22.477006220562487, 53.699645083797819 ], [ 22.494916390499014, 53.698159728864425 ], [ 22.509868917693723, 53.696971444917708 ], [ 22.561956292646741, 53.719647863567502 ], [ 22.574115490585299, 53.727371709221131 ], [ 22.583481359267708, 53.733313128954705 ], [ 22.585124494124273, 53.728559993167849 ], [ 22.585946061552548, 53.726480496261104 ], [ 22.595311930234956, 53.719449816243042 ], [ 22.60796406863048, 53.717766413985203 ], [ 22.625052671138732, 53.741036974608335 ], [ 22.623080909310858, 53.744502802786258 ], [ 22.623080909310858, 53.744799873772934 ], [ 22.624559730681767, 53.753018837737699 ], [ 22.629817762222757, 53.756286618591162 ], [ 22.637376182562946, 53.75589052394227 ], [ 22.6386906904482, 53.753910050697741 ], [ 22.64214127364697, 53.748364725613072 ], [ 22.665473788610157, 53.755989547604486 ], [ 22.68206945066143, 53.756880760564528 ], [ 22.696857664370498, 53.761633896351384 ], [ 22.718218417505796, 53.792331231641484 ], [ 22.725776837845984, 53.80312481082413 ], [ 22.726762718759929, 53.832435814843066 ], [ 22.746151710067352, 53.842239157403455 ], [ 22.779507347655567, 53.867589214933346 ], [ 22.784601065710902, 53.882541787929497 ], [ 22.776056764456783, 53.895612911343349 ], [ 22.779507347655567, 53.900465070792421 ], [ 22.776221077942438, 53.906604537850455 ], [ 22.782136363426062, 53.916209833086384 ], [ 22.778357153255968, 53.92284441845554 ], [ 22.766526582288719, 53.930766311433629 ], [ 22.761761491204695, 53.933935068624862 ], [ 22.748123471895227, 53.944530600483063 ], [ 22.72380507601811, 53.952551517123382 ], [ 22.714767834307025, 53.957205629248008 ], [ 22.711317251108241, 53.962156812359311 ], [ 22.707538040938147, 53.967702137443979 ], [ 22.702280009397143, 53.970969918297442 ], [ 22.695543156485243, 53.975227935773162 ], [ 22.695378842999588, 53.978891811275531 ], [ 22.695050216028278, 53.987407846226972 ], [ 22.690449438429894, 53.999785804005242 ], [ 22.6799333753479, 54.00701453134775 ], [ 22.677961613520026, 54.008400862618927 ], [ 22.675168284263876, 54.01345106939246 ], [ 22.671882014550746, 54.01929346546379 ], [ 22.671389074093781, 54.022759293641712 ], [ 22.670403193179837, 54.029294855348638 ], [ 22.630639329651046, 54.04672301990044 ], [ 22.618808758683798, 54.049000564131632 ], [ 22.599912707833326, 54.05276346329623 ], [ 22.597612319034141, 54.065339468398946 ], [ 22.60237741011818, 54.071676982781426 ], [ 22.60402054497473, 54.073756479688171 ], [ 22.60451348543171, 54.078113520826122 ], [ 22.60484211240302, 54.081876419990721 ], [ 22.625052671138732, 54.08969928930658 ], [ 22.634747166792451, 54.093363164808949 ], [ 22.637047555591636, 54.099403608204739 ], [ 22.635240107249416, 54.107622572169518 ], [ 22.629489135251447, 54.109999140062939 ], [ 22.620780520511673, 54.113464968240862 ], [ 22.594983303263646, 54.140498428028593 ], [ 22.593504481892737, 54.14337011423315 ], [ 22.590053898693952, 54.149905675940076 ], [ 22.579702149097614, 54.146637895086613 ], [ 22.579044895154993, 54.145251563815449 ], [ 22.577237446812774, 54.141587688313081 ], [ 22.559820217333211, 54.139607215068551 ], [ 22.547989646365963, 54.139310144081875 ], [ 22.545853571052433, 54.143568161557596 ], [ 22.544046122710213, 54.147331060722195 ], [ 22.536980642827004, 54.151985172846821 ], [ 22.534680254027819, 54.159312923851559 ], [ 22.523671250488846, 54.16168949174498 ], [ 22.520220667290076, 54.162481681042792 ], [ 22.518413218947856, 54.16604653288293 ], [ 22.516441457119981, 54.169809432047529 ], [ 22.513483814378162, 54.17228502360318 ], [ 22.506254021009298, 54.178028396012294 ], [ 22.502639124324858, 54.184266886732544 ], [ 22.504610886152733, 54.187039549274871 ], [ 22.506582647980608, 54.190109282803888 ], [ 22.499681481583039, 54.191990732386188 ], [ 22.48686502970186, 54.195357536901881 ], [ 22.479470922847327, 54.199516530715371 ], [ 22.481606998160856, 54.202487240582158 ], [ 22.484564640902676, 54.207141352706785 ], [ 22.49573795792729, 54.210112062573572 ], [ 22.494423450042049, 54.214865198360428 ], [ 22.509540290722413, 54.219420286822825 ], [ 22.513155187406852, 54.218727121187243 ], [ 22.516770084091291, 54.218033955551661 ], [ 22.516934397576946, 54.222787091338517 ], [ 22.517098711062602, 54.225658777543075 ], [ 22.520056353804407, 54.227045108814238 ], [ 22.527286147173285, 54.230411913329931 ], [ 22.529750849458125, 54.240809397863671 ], [ 22.53139398431469, 54.247543006895043 ], [ 22.550454348650817, 54.251008835072966 ], [ 22.554726499277876, 54.249226409152897 ], [ 22.558998649904936, 54.247443983232827 ], [ 22.56458530841725, 54.249622503801803 ], [ 22.563928054474616, 54.252791260993035 ], [ 22.563928054474616, 54.252791260993035 ], [ 22.568528832073, 54.257643420442122 ], [ 22.57165078830046, 54.258039515091028 ], [ 22.578223327726704, 54.258831704388825 ], [ 22.578387641212373, 54.262594603553424 ], [ 22.578551954698028, 54.264773124122399 ], [ 22.593997422349702, 54.2628916745401 ], [ 22.611086024857954, 54.260713153971125 ], [ 22.624724044167422, 54.26913016526035 ], [ 22.631789524050632, 54.275665726967276 ], [ 22.64444166244617, 54.287251495447734 ], [ 22.675661224720841, 54.280022768105226 ], [ 22.693735708143024, 54.275863774291722 ], [ 22.718218417505796, 54.282300312336432 ], [ 22.730541928930009, 54.285469069527664 ], [ 22.744508575210787, 54.290915370950103 ], [ 22.752066995550976, 54.297648979981474 ], [ 22.761432864233385, 54.292895844194618 ], [ 22.768005403659629, 54.289430016016709 ], [ 22.788708902852306, 54.299629453226004 ], [ 22.785258319653536, 54.306759156906281 ], [ 22.784601065710902, 54.308046464515215 ], [ 22.785422633139191, 54.308838653813027 ], [ 22.789201843309286, 54.312898623964301 ], [ 22.792652426508056, 54.325078534418111 ], [ 22.786737141024432, 54.326662913013735 ], [ 22.780000288112532, 54.328346315271574 ], [ 22.779343034169912, 54.330623859502779 ], [ 22.790516351194526, 54.335872113600772 ], [ 22.802018295190464, 54.34112036769875 ], [ 22.804975937932284, 54.346566669121188 ], [ 22.804811624446614, 54.349834449974651 ], [ 22.791995172565436, 54.363400691699638 ], [ 22.811712790844183, 54.371718679326634 ], [ 22.820257092098302, 54.383601518793768 ], [ 22.8360311867213, 54.40548574814575 ], [ 22.855255864543082, 54.409941812945917 ], [ 22.857884880313577, 54.409842789283701 ], [ 22.885489545903823, 54.409248647310335 ], [ 22.889268756073918, 54.400237494047758 ], [ 22.961895316733958, 54.391028293460721 ], [ 22.981612935012706, 54.389641962189557 ], [ 22.98670665306804, 54.384591755416025 ], [ 23.001987807234073, 54.383700542455998 ], [ 23.009217600602938, 54.381819092873698 ], [ 23.003138001633658, 54.372906963273337 ], [ 22.995579581293484, 54.361519242117339 ], [ 23.010860735459502, 54.355478798721549 ], [ 23.022855619912406, 54.35339930181479 ], [ 23.048652837160432, 54.348844213352393 ], [ 23.061797916012935, 54.341912556996562 ], [ 23.050460285502652, 54.330128741191658 ], [ 23.045695194418627, 54.325177558080341 ], [ 23.043066178648118, 54.31656249946667 ], [ 23.049803031560032, 54.312997647626531 ], [ 23.094003359201551, 54.298738240265962 ], [ 23.108955886396259, 54.303788447039494 ], [ 23.14313309141275, 54.315374215519952 ], [ 23.158578559064438, 54.309531819448608 ], [ 23.155620916322619, 54.301114808159397 ], [ 23.154142094951723, 54.297054838008123 ], [ 23.17813186385753, 54.290816347287873 ], [ 23.190619688767399, 54.289529039678939 ], [ 23.201135751849392, 54.288538803056667 ], [ 23.213459263273606, 54.278339365847373 ], [ 23.233505508523663, 54.261703390593382 ], [ 23.246979214347476, 54.257544396779892 ], [ 23.259467039257345, 54.258633657064379 ], [ 23.280663478907002, 54.260515106646679 ], [ 23.294137184730801, 54.256059041846498 ], [ 23.321577536835392, 54.253286379304171 ] ] ] } },
{ "type": "Feature", "properties": { "index": 1578, "nuts_2_code": "PL91", "nuts_2_name": "Warszawski stołeczny" }, "geometry": { "type": "Polygon", "coordinates": [ [ [ 20.930487693566263, 52.558892494952673 ], [ 20.938210427392107, 52.558694447628227 ], [ 20.970744497552033, 52.557506163681509 ], [ 20.973866453779493, 52.54948524704119 ], [ 20.978302917892222, 52.538394596871868 ], [ 20.984875457318466, 52.539582880818585 ], [ 20.987833100060271, 52.540077999129707 ], [ 20.992433877658655, 52.538988738845219 ], [ 21.005414643025489, 52.535819981653987 ], [ 21.007386404853364, 52.537899478560732 ], [ 21.014616198222242, 52.544831134916564 ], [ 21.033347935587045, 52.535919005316217 ], [ 21.035155383929265, 52.535027792356175 ], [ 21.052079672951848, 52.535126816018405 ], [ 21.059145152835072, 52.541563354063101 ], [ 21.058816525863762, 52.541761401387561 ], [ 21.051258105523573, 52.547108679147769 ], [ 21.052572613408827, 52.550475483663462 ], [ 21.063910243919096, 52.547702821121121 ], [ 21.076562382314634, 52.548693057743392 ], [ 21.089214520710158, 52.54978231802788 ], [ 21.094801179222472, 52.552753027894653 ], [ 21.096937254536002, 52.556713974383698 ], [ 21.098087448935587, 52.558892494952673 ], [ 21.107617631103651, 52.561269062846108 ], [ 21.128156816810673, 52.563744654401759 ], [ 21.121748590870084, 52.553545217192465 ], [ 21.118462321156969, 52.548990128730068 ], [ 21.119941142527864, 52.532552200800524 ], [ 21.140316014749231, 52.531660987840496 ], [ 21.14787443508942, 52.528591254311479 ], [ 21.142780717034086, 52.519084982737766 ], [ 21.15033913737426, 52.518292793439954 ], [ 21.156583049829209, 52.511757231733029 ], [ 21.163155589255453, 52.509875782150743 ], [ 21.170549696109987, 52.514133799626464 ], [ 21.173507338851792, 52.524432260497974 ], [ 21.177943802964506, 52.527700041351437 ], [ 21.195689659415379, 52.52680882839141 ], [ 21.225430400319155, 52.533443413760565 ], [ 21.283104433784487, 52.529878561920412 ], [ 21.305944008290695, 52.53304731911166 ], [ 21.313995369087849, 52.519283030062226 ], [ 21.313995369087849, 52.503043149457142 ], [ 21.350308649417869, 52.502944125794912 ], [ 21.357702756272403, 52.487001316176503 ], [ 21.383171346549119, 52.481356967429605 ], [ 21.381199584721244, 52.47125655388254 ], [ 21.404696413170072, 52.467691702042401 ], [ 21.426221479791039, 52.463532708228911 ], [ 21.442981455327967, 52.472939956140394 ], [ 21.464999462405899, 52.477197973616114 ], [ 21.477651600801437, 52.476801878967208 ], [ 21.477815914287092, 52.467592678380171 ], [ 21.485538648112936, 52.472741908815934 ], [ 21.507063714733889, 52.476801878967208 ], [ 21.508706849590453, 52.482941346025228 ], [ 21.52809584089789, 52.483238417011904 ], [ 21.528588781354856, 52.493239806896753 ], [ 21.540419352322104, 52.511460160746353 ], [ 21.576732632652124, 52.511658208070813 ], [ 21.578211454023034, 52.517500604142157 ], [ 21.563916180770946, 52.517203533155467 ], [ 21.556850700887722, 52.521263503306741 ], [ 21.554057371631572, 52.539582880818585 ], [ 21.559808343629541, 52.553644240854695 ], [ 21.5719675415681, 52.55572373776144 ], [ 21.578704394479999, 52.553050098881329 ], [ 21.596778877902182, 52.553347169868019 ], [ 21.598750639730056, 52.546613560836633 ], [ 21.61140277812558, 52.5309678222049 ], [ 21.622083154693243, 52.527204923040316 ], [ 21.627669813205557, 52.517104509493251 ], [ 21.636049800974021, 52.511856255395259 ], [ 21.669569752047877, 52.507598237919538 ], [ 21.676799545416756, 52.509578711164053 ], [ 21.678606993758976, 52.512351373706394 ], [ 21.680085815129885, 52.51443087061314 ], [ 21.704239897521347, 52.512846492017516 ], [ 21.709662242547992, 52.501854865510424 ], [ 21.716563408945561, 52.501458770861518 ], [ 21.725929277627969, 52.491061286327778 ], [ 21.733487697968144, 52.482842322362998 ], [ 21.737266908138238, 52.470662411909188 ], [ 21.732501817054214, 52.455115696939686 ], [ 21.728065352941499, 52.456204957224173 ], [ 21.72543633717099, 52.461156140335476 ], [ 21.707526167234462, 52.456799099197525 ], [ 21.707197540263152, 52.456898122859755 ], [ 21.676470918445446, 52.462344424282193 ], [ 21.668255244162637, 52.466503418095684 ], [ 21.666447795820417, 52.463631731891127 ], [ 21.685015219699565, 52.454224483979644 ], [ 21.694381088381974, 52.444520165081485 ], [ 21.706868913291842, 52.431647088992094 ], [ 21.709990869519316, 52.416991586982618 ], [ 21.719521051687366, 52.403722416244321 ], [ 21.717056349402526, 52.398771233133004 ], [ 21.712455571804156, 52.397087830875165 ], [ 21.707854794205772, 52.395503452279542 ], [ 21.704239897521347, 52.389958127194888 ], [ 21.72330026185746, 52.388274724937034 ], [ 21.72790103945583, 52.387779606625912 ], [ 21.732173190082904, 52.393721026359472 ], [ 21.742360626193587, 52.374708483212061 ], [ 21.744168074535807, 52.371242655034138 ], [ 21.752383748818616, 52.366489519247281 ], [ 21.754848451103456, 52.359161768242558 ], [ 21.758463347787895, 52.358666649931422 ], [ 21.766514708585049, 52.357478365984704 ], [ 21.797405643888411, 52.353022301184538 ], [ 21.802499361943759, 52.343516029610825 ], [ 21.789682910062567, 52.337970704526157 ], [ 21.760928050072735, 52.332722450428179 ], [ 21.757477466873951, 52.332920497752625 ], [ 21.734309265396433, 52.334603900010464 ], [ 21.72510771019968, 52.32905857492581 ], [ 21.729051233855429, 52.323315202516696 ], [ 21.741046118308333, 52.323216178854466 ], [ 21.740224550880058, 52.313412836294077 ], [ 21.76355706584323, 52.311927481360684 ], [ 21.775716263781788, 52.311135292062872 ], [ 21.782781743665012, 52.307867511209409 ], [ 21.777688025609663, 52.301926091475849 ], [ 21.768322156927269, 52.291330559617649 ], [ 21.780152727894517, 52.292518843564366 ], [ 21.784589192007232, 52.291627630604324 ], [ 21.79428368766095, 52.289548133697579 ], [ 21.794119374175295, 52.277368223243755 ], [ 21.793790747203971, 52.263405886869876 ], [ 21.814987186853628, 52.258751774745249 ], [ 21.826982071306531, 52.251424023740512 ], [ 21.830268341019661, 52.255087899242881 ], [ 21.833883237704086, 52.258949822069695 ], [ 21.846535376099624, 52.256078135865138 ], [ 21.845220868214369, 52.249641597820442 ], [ 21.844399300786094, 52.24469041470914 ], [ 21.855079677353743, 52.243700178086868 ], [ 21.857708693124238, 52.243403107100193 ], [ 21.859023201009492, 52.2400363025845 ], [ 21.873482787747236, 52.233203669890898 ], [ 21.864609859521806, 52.227262250157338 ], [ 21.861159276323022, 52.224885682263903 ], [ 21.861159276323022, 52.21567648167688 ], [ 21.866581621349681, 52.212309677161187 ], [ 21.868882010148866, 52.212408700823417 ], [ 21.87331847426158, 52.220825712112628 ], [ 21.87446866866118, 52.221518877748224 ], [ 21.883177283400954, 52.22617298987285 ], [ 21.893036092540328, 52.223697398317199 ], [ 21.891721584655073, 52.228450534104041 ], [ 21.898622751052642, 52.23419390651317 ], [ 21.905523917450196, 52.233599764539804 ], [ 21.916204294017845, 52.237461687366633 ], [ 21.92031213115925, 52.236867545393267 ], [ 21.923598400872379, 52.230034912699665 ], [ 21.923105460415414, 52.224588611277227 ], [ 21.922448206472779, 52.217855002245855 ], [ 21.928034864985094, 52.217458907596949 ], [ 21.941837197780217, 52.216468670974692 ], [ 21.932964269554788, 52.197753198813942 ], [ 21.920147817673595, 52.193000063027085 ], [ 21.918997623274009, 52.19260396837818 ], [ 21.906345484878472, 52.181414294546627 ], [ 21.912096456876441, 52.176958229746461 ], [ 21.91505409961826, 52.174680685515256 ], [ 21.910946262476855, 52.169729502403953 ], [ 21.903223528651012, 52.16022323083024 ], [ 21.91423253218997, 52.158440804910171 ], [ 21.92031213115925, 52.14972672263427 ], [ 21.925570162700254, 52.150716959256528 ], [ 21.930663880755603, 52.151608172216569 ], [ 21.935428971839627, 52.148835509674228 ], [ 21.937072106696192, 52.136457551895958 ], [ 21.937565047153157, 52.132595629069144 ], [ 21.946930915835566, 52.106849476890346 ], [ 21.958597173317159, 52.100610986170096 ], [ 21.976835970224997, 52.090708619947492 ], [ 21.969606176856118, 52.085262318525054 ], [ 21.946930915835566, 52.078330662169222 ], [ 21.926884670585508, 52.063378089173071 ], [ 21.921462325558849, 52.0547630305594 ], [ 21.911767829905131, 52.0547630305594 ], [ 21.891064330712453, 52.04664309025685 ], [ 21.867896129234921, 52.037532913332043 ], [ 21.873154160775925, 52.027828594433885 ], [ 21.878576505802585, 52.024857884567098 ], [ 21.885641985685794, 52.020995961740283 ], [ 21.881534148544389, 52.013866258060006 ], [ 21.887778060999324, 51.990793744761305 ], [ 21.880219640659135, 51.988120105881208 ], [ 21.861323589808677, 51.990694721099089 ], [ 21.828132265706117, 51.995150785899256 ], [ 21.821231099308562, 51.989407413490142 ], [ 21.819423650966343, 51.984456230378839 ], [ 21.817616202624123, 51.979406023605307 ], [ 21.793790747203971, 51.973761674858409 ], [ 21.769636664812509, 51.975148006129587 ], [ 21.768979410869889, 51.979802118254213 ], [ 21.768979410869889, 51.979901141916429 ], [ 21.759942169158791, 51.985446467001097 ], [ 21.751890808361637, 51.989902531801278 ], [ 21.745646895906702, 51.989407413490142 ], [ 21.734637892367743, 51.994457620263674 ], [ 21.731680249625924, 51.99485371491258 ], [ 21.709333615576682, 51.998121495766043 ], [ 21.707526167234462, 52.002379513241763 ], [ 21.700296373865598, 52.006439483393038 ], [ 21.700296373865598, 52.007528743677526 ], [ 21.700132060379943, 52.010400429882083 ], [ 21.686494041070475, 52.013074068762194 ], [ 21.675320724045847, 52.015351612993399 ], [ 21.667269363248693, 52.020896938078053 ], [ 21.656424673195389, 52.028323712745021 ], [ 21.64705880451298, 52.024560813580422 ], [ 21.64705880451298, 52.014955518344493 ], [ 21.646894491027325, 52.004359986486293 ], [ 21.634406666117457, 52.003468773526251 ], [ 21.632270590803927, 52.010202382557637 ], [ 21.629970202004742, 52.017233062575684 ], [ 21.616660809666584, 52.016737944264563 ], [ 21.611731405096904, 52.020104748780241 ], [ 21.611567091611235, 52.020797914415837 ], [ 21.61008827024034, 52.020995961740283 ], [ 21.6076235679555, 52.020995961740283 ], [ 21.599079266701366, 52.034562203465271 ], [ 21.591356532875523, 52.039810457563249 ], [ 21.582483604650093, 52.0404045995366 ], [ 21.577718513566069, 52.033274895856323 ], [ 21.576075378709504, 52.032383682896295 ], [ 21.561780105457416, 52.025253979216004 ], [ 21.548142086147948, 52.023471553295934 ], [ 21.53236799152495, 52.021293032726959 ], [ 21.528753094840511, 52.01168773749103 ], [ 21.520208793586391, 52.006736554379714 ], [ 21.519715853129426, 52.000399039997248 ], [ 21.519551539643771, 51.998121495766043 ], [ 21.517086837358917, 51.997626377454921 ], [ 21.508542536104798, 51.995645904210392 ], [ 21.511335865360948, 51.991387886734671 ], [ 21.513636254160147, 51.988021082218978 ], [ 21.512650373246203, 51.983961112067703 ], [ 21.497204905594515, 51.983168922769892 ], [ 21.480116303086277, 51.982277709809864 ], [ 21.469435926518628, 51.977623597685238 ], [ 21.473215136688708, 51.960195433133435 ], [ 21.477322973830127, 51.958413007213366 ], [ 21.485867275084246, 51.954650108048767 ], [ 21.486524529026866, 51.950986232546398 ], [ 21.480444930057587, 51.947817475355166 ], [ 21.471900628803468, 51.94732235704403 ], [ 21.464013581491969, 51.946827238732908 ], [ 21.459905744350564, 51.937717061808101 ], [ 21.445117530641497, 51.934746351941314 ], [ 21.448896740811591, 51.930092239816688 ], [ 21.464177894977624, 51.926230316989873 ], [ 21.464835148920244, 51.926032269665413 ], [ 21.477980227772747, 51.926626411638779 ], [ 21.473708077145687, 51.918803542322905 ], [ 21.482252378399807, 51.912664075264885 ], [ 21.493261381938765, 51.911970909629304 ], [ 21.49523314376664, 51.906425584544635 ], [ 21.4927684414818, 51.903157803691172 ], [ 21.471572001832158, 51.910089460047004 ], [ 21.471243374860848, 51.910188483709234 ], [ 21.450868502639466, 51.912069933291534 ], [ 21.42293521007791, 51.904940229611242 ], [ 21.4158697301947, 51.89998904649994 ], [ 21.415705416709045, 51.899295880864358 ], [ 21.414883849280756, 51.89394860310415 ], [ 21.407982682883201, 51.894542745077501 ], [ 21.404039159227452, 51.897018336633153 ], [ 21.398288187229483, 51.900484164811076 ], [ 21.374134104838021, 51.898404667904316 ], [ 21.338806705421931, 51.895433958037543 ], [ 21.327797701882972, 51.900682212135521 ], [ 21.316295757887033, 51.90622753722019 ], [ 21.310051845432099, 51.898503691566546 ], [ 21.294606377780411, 51.891473011548499 ], [ 21.30364361949151, 51.885234520828249 ], [ 21.309558904975134, 51.881174550676974 ], [ 21.30150754417798, 51.875134107281184 ], [ 21.298221274464851, 51.871866326427721 ], [ 21.291320108067296, 51.870182924169868 ], [ 21.285569136069327, 51.875134107281184 ], [ 21.283268747270142, 51.876817509539023 ], [ 21.275874640415608, 51.876817509539023 ], [ 21.239068419628623, 51.901672448757779 ], [ 21.232167253231054, 51.898602715228776 ], [ 21.231674312774089, 51.897216383957613 ], [ 21.23019549140318, 51.893255437468568 ], [ 21.222637071063005, 51.89196812985962 ], [ 21.217214726036346, 51.895731029024219 ], [ 21.217050412550691, 51.895830052686449 ], [ 21.209984932667467, 51.896622241984247 ], [ 21.203412393241223, 51.897414431282058 ], [ 21.193882211073159, 51.892463248170756 ], [ 21.202919452784258, 51.907415821166907 ], [ 21.205384155069098, 51.911574814980398 ], [ 21.199468869585473, 51.912168956953749 ], [ 21.18928143347479, 51.913060169913791 ], [ 21.18566653679035, 51.922071323176368 ], [ 21.183694774962476, 51.927220553612131 ], [ 21.178929683878451, 51.926626411638779 ], [ 21.170549696109987, 51.925636175016507 ], [ 21.159540692571014, 51.927814695585482 ], [ 21.158061871200104, 51.929498097843336 ], [ 21.152475212687804, 51.934944399265774 ], [ 21.131936026980767, 51.932963926021245 ], [ 21.126185054982798, 51.932369784047893 ], [ 21.099073329849531, 51.937419990821425 ], [ 21.087078445396628, 51.9395985113904 ], [ 21.077219636257254, 51.937816085470331 ], [ 21.061116914662946, 51.934845375603544 ], [ 21.045178506554294, 51.928408837558848 ], [ 21.03285499513008, 51.933855138981286 ], [ 21.027596963589076, 51.936231706874707 ], [ 21.026282455703836, 51.932666855034569 ], [ 21.025132261304236, 51.929894192492227 ], [ 21.013466003822643, 51.927814695585482 ], [ 21.006729150910743, 51.926626411638779 ], [ 21.003442881197614, 51.924051796420898 ], [ 20.999992297998844, 51.921279133878556 ], [ 20.988654667488561, 51.918407447673999 ], [ 20.984053889890191, 51.913060169913791 ], [ 20.978302917892222, 51.912862122589345 ], [ 20.974523707722128, 51.908406057789165 ], [ 20.95694216475691, 51.910287507371464 ], [ 20.95842098612782, 51.913852359211603 ], [ 20.95940686704175, 51.916030879780578 ], [ 20.95447746247207, 51.919199636971811 ], [ 20.953491581558126, 51.925537151354291 ], [ 20.949055117445411, 51.927319577274361 ], [ 20.940675129676947, 51.924943009380925 ], [ 20.938210427392107, 51.924249843745343 ], [ 20.932623768879793, 51.929894192492227 ], [ 20.925722602482224, 51.936726825185843 ], [ 20.906004984203491, 51.933062949683475 ], [ 20.903704595404307, 51.929201026856646 ], [ 20.901404206605108, 51.925438127692061 ], [ 20.896474802035428, 51.928507861221064 ], [ 20.891545397465734, 51.931478571087851 ], [ 20.874621108443151, 51.929894192492227 ], [ 20.863612104904192, 51.92880493220774 ], [ 20.831078034744252, 51.93345904433238 ], [ 20.832392542629506, 51.936528777861383 ], [ 20.831735288686886, 51.937519014483641 ], [ 20.827134511088502, 51.945440907461744 ], [ 20.815632567092578, 51.946629191408448 ], [ 20.815303940121254, 51.946629191408448 ], [ 20.814810999664289, 51.947124309719584 ], [ 20.80199454778311, 51.957620817915554 ], [ 20.790985544244137, 51.954947179035443 ], [ 20.776690270992049, 51.951382327195304 ], [ 20.771103612479735, 51.94761942803072 ], [ 20.762230684254305, 51.948213570004071 ], [ 20.754343636942806, 51.943955552528351 ], [ 20.748592664944837, 51.948213570004071 ], [ 20.748099724487872, 51.948411617328517 ], [ 20.741855812032938, 51.947124309719584 ], [ 20.72723191180954, 51.944054576190567 ], [ 20.707842920502102, 51.944252623515027 ], [ 20.703899396846353, 51.945837002110636 ], [ 20.702584888961098, 51.948609664652977 ], [ 20.701599008047168, 51.950788185221953 ], [ 20.696340976506164, 51.949896972261911 ], [ 20.691575885422139, 51.949203806626329 ], [ 20.69108294496516, 51.950986232546398 ], [ 20.690590004508195, 51.953164753115374 ], [ 20.685989226909825, 51.954848155373227 ], [ 20.684181778567606, 51.950491114235277 ], [ 20.680402568397511, 51.941777031959376 ], [ 20.664957100745823, 51.94118288998601 ], [ 20.661013577090074, 51.942866292243863 ], [ 20.65411241069252, 51.94573797844842 ], [ 20.651812021893335, 51.945044812812839 ], [ 20.642939093667891, 51.942371173932727 ], [ 20.644089288067491, 51.937419990821425 ], [ 20.645403795952745, 51.932567831372339 ], [ 20.651812021893335, 51.931973689398987 ], [ 20.656412799491704, 51.931478571087851 ], [ 20.671693953657737, 51.929894192492227 ], [ 20.669557878344207, 51.925339104029831 ], [ 20.657891620862614, 51.925438127692061 ], [ 20.651812021893335, 51.927418600936576 ], [ 20.649347319608495, 51.928210790234388 ], [ 20.633573224985497, 51.93316197334569 ], [ 20.633737538471152, 51.937419990821425 ], [ 20.633901851956807, 51.946431144084002 ], [ 20.617141876419879, 51.952669634804252 ], [ 20.6166489359629, 51.952867682128698 ], [ 20.616484622477245, 51.953263776777604 ], [ 20.615170114592004, 51.961284693417923 ], [ 20.607283067280505, 51.969008539071567 ], [ 20.601203468311226, 51.967325136813713 ], [ 20.596274063741532, 51.966136852866995 ], [ 20.598245825569407, 51.978118715996359 ], [ 20.603996797567376, 51.977029455711872 ], [ 20.608433261680091, 51.976138242751844 ], [ 20.60744738076616, 51.980990402200916 ], [ 20.60744738076616, 51.981287473187606 ], [ 20.610076396536655, 51.985545490663327 ], [ 20.611555217907565, 51.988120105881208 ], [ 20.61024071002231, 52.000399039997248 ], [ 20.60925482910838, 52.008221909313107 ], [ 20.61024071002231, 52.013767234397775 ], [ 20.611883844878875, 52.022778387660352 ], [ 20.610405023507965, 52.026145192176045 ], [ 20.608104634708781, 52.031294422611808 ], [ 20.61171953139322, 52.031690517260714 ], [ 20.61418423367806, 52.031888564585159 ], [ 20.623385788874813, 52.040107528549925 ], [ 20.619935205676029, 52.049118681812502 ], [ 20.599231706483351, 52.053376699288236 ], [ 20.583293298374699, 52.050405989421449 ], [ 20.562261172210697, 52.04862356350138 ], [ 20.555852946270107, 52.048029421528014 ], [ 20.53728552239096, 52.049316729136962 ], [ 20.521675741253617, 52.050306965759219 ], [ 20.515103201827372, 52.043672380390063 ], [ 20.510009483772023, 52.038523149954315 ], [ 20.495056956577315, 52.033472943180783 ], [ 20.477475413612098, 52.035849511074204 ], [ 20.462194259446065, 52.041988978132224 ], [ 20.470902874185853, 52.049019658150286 ], [ 20.472053068585438, 52.050009894772543 ], [ 20.473531889956348, 52.057139598452821 ], [ 20.461208378532135, 52.074171668355717 ], [ 20.453157017734981, 52.078528709493668 ], [ 20.449213494079231, 52.080608206400427 ], [ 20.445434283909137, 52.084074034578336 ], [ 20.448391926650942, 52.089025217689638 ], [ 20.448720553622266, 52.089520336000774 ], [ 20.448227613165287, 52.08991643064968 ], [ 20.443298208595607, 52.095263708409888 ], [ 20.446913105280046, 52.095560779396564 ], [ 20.453321331220636, 52.0960558977077 ], [ 20.452006823335381, 52.099917820534515 ], [ 20.439847625396823, 52.107542642525928 ], [ 20.439518998425513, 52.107641666188158 ], [ 20.428674308372209, 52.109622139432673 ], [ 20.432124891570979, 52.115068440855111 ], [ 20.432124891570979, 52.115563559166247 ], [ 20.431631951114014, 52.12061376593978 ], [ 20.426538233058679, 52.121504978899821 ], [ 20.42078726106071, 52.122495215522079 ], [ 20.416022169976671, 52.132298558082468 ], [ 20.415364916034051, 52.133783913015861 ], [ 20.414543348605775, 52.134279031326983 ], [ 20.409942571007392, 52.13724974119377 ], [ 20.411092765406991, 52.140220451060557 ], [ 20.411257078892646, 52.14329018458956 ], [ 20.412571586777901, 52.160619325479146 ], [ 20.404191599009422, 52.162797846048122 ], [ 20.395318670783993, 52.165174413941543 ], [ 20.413393154206176, 52.194386394298249 ], [ 20.422430395917274, 52.189534234849177 ], [ 20.441162133282077, 52.190128376822528 ], [ 20.460058184132535, 52.18676157230685 ], [ 20.468109544929689, 52.183097696804481 ], [ 20.483719326067032, 52.175967993124189 ], [ 20.485855401380562, 52.178146513693164 ], [ 20.484869520466631, 52.183790862440063 ], [ 20.483062072124412, 52.188345950902459 ], [ 20.481418937267847, 52.192504944715964 ], [ 20.485033833952286, 52.193297134013761 ], [ 20.489963238521966, 52.194287370636033 ], [ 20.488813044122381, 52.217062812948043 ], [ 20.487005595780161, 52.217260860272489 ], [ 20.477475413612098, 52.218647191543653 ], [ 20.475503651784223, 52.22161790141044 ], [ 20.486184028351872, 52.225380800575039 ], [ 20.488977357608036, 52.226371037197296 ], [ 20.490291865493276, 52.231718314957504 ], [ 20.487991476694091, 52.237560711028848 ], [ 20.469095425843634, 52.234490977499846 ], [ 20.443626835566917, 52.240927515544541 ], [ 20.435082534312798, 52.234986095810967 ], [ 20.425880979116045, 52.233203669890898 ], [ 20.424402157745149, 52.226569084521756 ], [ 20.42292333637424, 52.219439380841465 ], [ 20.413393154206176, 52.219241333517019 ], [ 20.412242959806576, 52.231619291295289 ], [ 20.412407273292246, 52.23211440960641 ], [ 20.416022169976671, 52.241224586531217 ], [ 20.398933567468433, 52.245383580344722 ], [ 20.393346908956119, 52.239838255260054 ], [ 20.384309667245034, 52.241026539206771 ], [ 20.381352024503215, 52.236075356095455 ], [ 20.377737127818776, 52.230331983686341 ], [ 20.373300663706061, 52.229935889037435 ], [ 20.371164588392531, 52.235778285108779 ], [ 20.370343020964256, 52.237956805677754 ], [ 20.361305779253158, 52.238055829339984 ], [ 20.345367371144505, 52.238055829339984 ], [ 20.331893665320692, 52.243205059775747 ], [ 20.333043859720291, 52.245878698655844 ], [ 20.340109339603501, 52.24627479330475 ], [ 20.343559922802285, 52.251721094727188 ], [ 20.34421717674492, 52.25261230768723 ], [ 20.342902668859665, 52.253503520647257 ], [ 20.336330129433421, 52.257662514460762 ], [ 20.337480323833006, 52.268059998994502 ], [ 20.338630518232605, 52.280041862123866 ], [ 20.332879546234636, 52.280239909448312 ], [ 20.312504674013269, 52.281032098746124 ], [ 20.327785828179287, 52.28776570777751 ], [ 20.34306698234532, 52.286775471155238 ], [ 20.345695998115815, 52.286577423830792 ], [ 20.346353252058449, 52.28776570777751 ], [ 20.349968148742875, 52.294103222159976 ], [ 20.367878318679402, 52.294499316808881 ], [ 20.38184496496018, 52.294796387795557 ], [ 20.385295548158965, 52.29984659456909 ], [ 20.386610056044219, 52.302025115138065 ], [ 20.390224952728644, 52.301430973164713 ], [ 20.394332789870063, 52.300737807529131 ], [ 20.398933567468433, 52.303015351760337 ], [ 20.407313555236897, 52.29984659456909 ], [ 20.411585705863956, 52.306976298249381 ], [ 20.394661416841373, 52.307669463884963 ], [ 20.380201830103616, 52.308263605858315 ], [ 20.37938026267534, 52.317967924756474 ], [ 20.388581817872094, 52.324305439138953 ], [ 20.402219837181548, 52.32707810168128 ], [ 20.42144451500333, 52.331039048170325 ], [ 20.420130007118075, 52.336881444241669 ], [ 20.423744903802515, 52.341040438055174 ], [ 20.422266082431605, 52.358666649931422 ], [ 20.42210176894595, 52.361142241487073 ], [ 20.417993931804546, 52.370450465736326 ], [ 20.409942571007392, 52.371242655034138 ], [ 20.401726896724583, 52.372133867994179 ], [ 20.405341793409022, 52.376193838145454 ], [ 20.404848852952057, 52.384313778447989 ], [ 20.408792376607806, 52.385403038732477 ], [ 20.413557467691831, 52.387482535639222 ], [ 20.417665304833235, 52.389562032545982 ], [ 20.430481756714428, 52.394513215657284 ], [ 20.435904101741073, 52.397087830875165 ], [ 20.437875863568948, 52.398276114821883 ], [ 20.444612716480862, 52.401939990324252 ], [ 20.449706434536196, 52.404217534555443 ], [ 20.456443287448096, 52.406198007799972 ], [ 20.46104406504648, 52.407980433720041 ], [ 20.472710322528073, 52.412337474857992 ], [ 20.478625608011697, 52.414912090075873 ], [ 20.481747564239157, 52.416595492333713 ], [ 20.482733445153102, 52.417090610644848 ], [ 20.486348341837527, 52.418674989240458 ], [ 20.486841282294506, 52.418774012902688 ], [ 20.490456178978931, 52.41946717853827 ], [ 20.497521658862155, 52.421942770093921 ], [ 20.487662849722781, 52.426893953205237 ], [ 20.483390699095722, 52.428973450111982 ], [ 20.486676968808851, 52.436895343090072 ], [ 20.484869520466631, 52.444223094094809 ], [ 20.492592254292475, 52.445609425365973 ], [ 20.500643615089629, 52.447094780299366 ], [ 20.530548669479046, 52.461156140335476 ], [ 20.541886299989329, 52.466602441757914 ], [ 20.552238049585668, 52.466206347109008 ], [ 20.572284294835725, 52.465414157811196 ], [ 20.582800357917719, 52.487991552798761 ], [ 20.582143103975099, 52.497695871696919 ], [ 20.581650163518134, 52.504231433403845 ], [ 20.584772119745594, 52.505518741012793 ], [ 20.588387016430033, 52.506905072283956 ], [ 20.590194464772253, 52.510866018773001 ], [ 20.591837599628818, 52.5146289179376 ], [ 20.599396019969006, 52.517203533155467 ], [ 20.60711875379485, 52.519976195697808 ], [ 20.620099519161684, 52.529878561920412 ], [ 20.61632030899159, 52.549386223378974 ], [ 20.612869725792805, 52.554733501139182 ], [ 20.606132872880906, 52.565130985672923 ], [ 20.629301074358438, 52.579093322046816 ], [ 20.638831256526487, 52.582757197549185 ], [ 20.651812021893335, 52.581370866278007 ], [ 20.6523049623503, 52.581370866278007 ], [ 20.657234366919994, 52.580875747966886 ], [ 20.661835144518363, 52.586124002064864 ], [ 20.660027696176144, 52.589886901229463 ], [ 20.657727307376959, 52.595036131665225 ], [ 20.671365326686427, 52.593253705745155 ], [ 20.704228023817663, 52.588995688269421 ], [ 20.713593892500072, 52.592065421798438 ], [ 20.712772325071782, 52.599690243789851 ], [ 20.722631134211156, 52.606621900145683 ], [ 20.717701729641476, 52.613355509177055 ], [ 20.714908400385312, 52.617316455666099 ], [ 20.72148093981157, 52.618999857923939 ], [ 20.726903284838215, 52.620386189195116 ], [ 20.72788916575216, 52.622960804412998 ], [ 20.730846808493965, 52.631872934013344 ], [ 20.742841692946868, 52.632467075986696 ], [ 20.745306395231722, 52.632566099648926 ], [ 20.750235799801402, 52.637022164449107 ], [ 20.757465593170281, 52.643458702493803 ], [ 20.787370647559712, 52.64623136503613 ], [ 20.790163976815862, 52.643161631507127 ], [ 20.794436127442921, 52.63830947205804 ], [ 20.80413062309664, 52.635437785853483 ], [ 20.812181983893794, 52.636031927826835 ], [ 20.814482372692979, 52.636229975151295 ], [ 20.818097269377418, 52.63405145458232 ], [ 20.824669808803662, 52.630189531755505 ], [ 20.832721169600816, 52.63236805232448 ], [ 20.84718075633856, 52.636229975151295 ], [ 20.859832894734097, 52.637319235435783 ], [ 20.859504267762773, 52.630486602742181 ], [ 20.863447791418523, 52.621970567790726 ], [ 20.860983089133683, 52.61979204722175 ], [ 20.856546625020968, 52.615930124394936 ], [ 20.857532505934898, 52.613256485514825 ], [ 20.869527390387802, 52.604047284927802 ], [ 20.885630111982124, 52.600383409425433 ], [ 20.894667353693208, 52.598402936180904 ], [ 20.906333611174801, 52.588005451647163 ], [ 20.908962626945296, 52.581766960926913 ], [ 20.908305373002676, 52.575924564855569 ], [ 20.907976746031366, 52.572062642028754 ], [ 20.930487693566263, 52.558892494952673 ] ] ] } },
{ "type": "Feature", "properties": { "index": 1579, "nuts_2_code": "PL42", "nuts_2_name": "Zachodniopomorskie" }, "geometry": { "type": "MultiPolygon", "coordinates": [ [ [ [ 16.792745497771648, 53.985526396644687 ], [ 16.792252557314669, 53.980575213533371 ], [ 16.806547830566771, 53.978495716626625 ], [ 16.81295605650736, 53.980476189871155 ], [ 16.810655667708176, 53.985130301995781 ], [ 16.805890576624137, 53.985724443969133 ], [ 16.802439993425352, 53.986219562280269 ], [ 16.805069009195861, 53.993349265960546 ], [ 16.809505473308576, 53.99483462089394 ], [ 16.811970175593416, 53.995626810191752 ], [ 16.81574938576351, 53.99919166203189 ], [ 16.820514476847549, 54.003746750494287 ], [ 16.825279567931574, 54.003053584858705 ], [ 16.827908583702069, 53.998201425409633 ], [ 16.829223091587323, 53.995923881178427 ], [ 16.834645436613982, 53.996319975827333 ], [ 16.841710916497192, 53.996914117800685 ], [ 16.843354051353757, 53.99285414764941 ], [ 16.846640321066886, 53.984536160022415 ], [ 16.865864998888654, 53.977901574653274 ], [ 16.875559494542372, 53.974534770137581 ], [ 16.878845764255502, 53.96393923827938 ], [ 16.877531256370247, 53.955225156003479 ], [ 16.874080673171463, 53.95166030416334 ], [ 16.872273224829243, 53.95156128050111 ], [ 16.863728923575124, 53.950967138527758 ], [ 16.862907356146849, 53.946808144714268 ], [ 16.871780284372278, 53.94571888442978 ], [ 16.872930478771877, 53.94552083710532 ], [ 16.873916359685808, 53.944431576820833 ], [ 16.877038315913282, 53.94106477230514 ], [ 16.89807044207727, 53.930766311433629 ], [ 16.908257878187953, 53.925815128322313 ], [ 16.922060210983076, 53.924626844375609 ], [ 16.925346480696206, 53.919774684926523 ], [ 16.936848424692144, 53.913635217868503 ], [ 16.949007622630702, 53.912050839272879 ], [ 16.954265654171692, 53.907594774472713 ], [ 16.965931911653286, 53.904822111930372 ], [ 16.982034633247594, 53.904921135592602 ], [ 16.977433855649224, 53.884225190187337 ], [ 16.975790720792659, 53.880363267360522 ], [ 16.969218181366415, 53.878382794115993 ], [ 16.951965265372507, 53.878877912427129 ], [ 16.949664876573323, 53.874718918613638 ], [ 16.916637865956417, 53.876402320871478 ], [ 16.910722580472793, 53.876699391858153 ], [ 16.901192398304744, 53.87511501326253 ], [ 16.900042203905144, 53.874916965938084 ], [ 16.89379829145021, 53.878085723129317 ], [ 16.89412691842152, 53.873035516355785 ], [ 16.89412691842152, 53.872540398044663 ], [ 16.886239871110021, 53.870757972124579 ], [ 16.872766165286222, 53.867886285920022 ], [ 16.870958716944003, 53.859766345617487 ], [ 16.870465776487023, 53.857785872372958 ], [ 16.868986955116128, 53.856399541101794 ], [ 16.865207744946034, 53.853131760248331 ], [ 16.869644209058748, 53.847784482488123 ], [ 16.871780284372278, 53.844912796283566 ], [ 16.871780284372278, 53.840852826132291 ], [ 16.871615970886623, 53.831247530896363 ], [ 16.878681450769847, 53.830455341598551 ], [ 16.881967720482962, 53.830158270611875 ], [ 16.901192398304744, 53.823226614256043 ], [ 16.908915132130588, 53.820453951713702 ], [ 16.910558266987138, 53.817681289171375 ], [ 16.907929251216643, 53.812829129722289 ], [ 16.907764937730988, 53.812234987748937 ], [ 16.910229640015828, 53.802530668850778 ], [ 16.913187282757647, 53.800550195606249 ], [ 16.922553151440042, 53.799460935321761 ], [ 16.93438372240729, 53.801540432228521 ], [ 16.936026857263855, 53.801738479552967 ], [ 16.940627634862224, 53.805798449704241 ], [ 16.947035860802828, 53.804709189419754 ], [ 16.93093313920852, 53.777774753294239 ], [ 16.921895897497421, 53.774506972440776 ], [ 16.916966492927742, 53.772724546520706 ], [ 16.901192398304744, 53.762228038324736 ], [ 16.899056322991214, 53.760841707053572 ], [ 16.89199084310799, 53.758465139160137 ], [ 16.857649324605845, 53.747077418004139 ], [ 16.862743042661194, 53.739452596012725 ], [ 16.863564610089469, 53.737868217417102 ], [ 16.865536371917344, 53.734105318252517 ], [ 16.868001074202184, 53.730639490074594 ], [ 16.873752046200153, 53.723509786394317 ], [ 16.876545375456303, 53.719152745256366 ], [ 16.879831645169432, 53.691228072508594 ], [ 16.879995958655087, 53.68964369391297 ], [ 16.8923194700793, 53.655876625093867 ], [ 16.871451657400968, 53.64854887408913 ], [ 16.865207744946034, 53.648845945075806 ], [ 16.854855995349695, 53.639339673502093 ], [ 16.854527368378371, 53.636567010959766 ], [ 16.853705800950095, 53.631219733199558 ], [ 16.846968948038196, 53.626961715723823 ], [ 16.839410527698007, 53.628149999670541 ], [ 16.832180734329128, 53.63607189264863 ], [ 16.826594075816828, 53.64231038336888 ], [ 16.820514476847549, 53.641914288719974 ], [ 16.814434877878256, 53.640924052097716 ], [ 16.813120369993015, 53.638448460542065 ], [ 16.814106250906946, 53.636765058284212 ], [ 16.8154207587922, 53.634091419404115 ], [ 16.812463116050381, 53.630922662212868 ], [ 16.7809149268044, 53.626664644737147 ], [ 16.759225546697778, 53.62369393487036 ], [ 16.761197308525652, 53.618841775421288 ], [ 16.761525935496962, 53.618049586123476 ], [ 16.749531051044059, 53.601809705518392 ], [ 16.747230662244874, 53.60091849255835 ], [ 16.741808317218215, 53.598938019313835 ], [ 16.743287138589125, 53.594085859864748 ], [ 16.739672241904685, 53.585173730264401 ], [ 16.740000868875995, 53.584678611953265 ], [ 16.744930273445689, 53.573686985446159 ], [ 16.73950792841903, 53.567052400077017 ], [ 16.733756956421061, 53.567250447401463 ], [ 16.728991865337036, 53.567448494725923 ], [ 16.725869909109562, 53.561507074992349 ], [ 16.726527163052197, 53.555169560609883 ], [ 16.719790310140283, 53.54566328903617 ], [ 16.717818548312408, 53.5351667808402 ], [ 16.721433444996848, 53.532394118297859 ], [ 16.725048341681287, 53.529621455755532 ], [ 16.720776191054227, 53.522293704750794 ], [ 16.708288366144359, 53.515857166706098 ], [ 16.702701707632045, 53.516253261355004 ], [ 16.693993092892256, 53.516946426990586 ], [ 16.655379423763051, 53.491200274811789 ], [ 16.645520614623678, 53.484664713104863 ], [ 16.605592437609218, 53.483575452820375 ], [ 16.58521756538785, 53.482981310847023 ], [ 16.582259922646045, 53.481099861264724 ], [ 16.578480712475951, 53.478921340695749 ], [ 16.557777213283259, 53.478624269709073 ], [ 16.533130190434832, 53.478228175060167 ], [ 16.503882389988036, 53.472979920962175 ], [ 16.491230251592498, 53.470801400393199 ], [ 16.472169887256385, 53.479911577318006 ], [ 16.454095403834202, 53.488526635931677 ], [ 16.437499741782929, 53.462285365441758 ], [ 16.439471503610804, 53.459314655574971 ], [ 16.446372670008358, 53.457829300641578 ], [ 16.454095403834202, 53.460205868535013 ], [ 16.462639705088321, 53.457037111343766 ], [ 16.458860494918227, 53.452779093868045 ], [ 16.446536983494013, 53.454363472463669 ], [ 16.444729535151794, 53.451689833583558 ], [ 16.465761661315796, 53.406237972621767 ], [ 16.472169887256385, 53.404059452052792 ], [ 16.476113410912134, 53.397622914008082 ], [ 16.47726360531172, 53.387918595109923 ], [ 16.492709072963407, 53.385244956229826 ], [ 16.504211016959346, 53.383264482985297 ], [ 16.50831885410075, 53.38049182044297 ], [ 16.508811794557715, 53.38019474945628 ], [ 16.50979767547166, 53.375639660993883 ], [ 16.524421575695058, 53.36801483900247 ], [ 16.531487055578268, 53.373560164087138 ], [ 16.536252146662306, 53.377224039589507 ], [ 16.543646253516826, 53.36791581534024 ], [ 16.552354868256614, 53.356528094184242 ], [ 16.562377990881643, 53.353557384317455 ], [ 16.565664260594758, 53.354844691926388 ], [ 16.572729740477982, 53.357518330806499 ], [ 16.578973652932916, 53.352567147695197 ], [ 16.58669638675876, 53.346427680637177 ], [ 16.614465365834661, 53.346625727961623 ], [ 16.628432012115439, 53.346724751623853 ], [ 16.62974652000068, 53.341179426539185 ], [ 16.630239460457659, 53.339397000619115 ], [ 16.637633567312179, 53.335337030467841 ], [ 16.637633567312179, 53.329098539747605 ], [ 16.651928840564267, 53.325632711569682 ], [ 16.659651574390111, 53.320186410147244 ], [ 16.666717054273334, 53.319790315498338 ], [ 16.678876252211893, 53.31889910253831 ], [ 16.683148402838953, 53.310185020262409 ], [ 16.694157406377911, 53.30642212109781 ], [ 16.696786422148421, 53.30226312728432 ], [ 16.707959739173035, 53.302956292919902 ], [ 16.714532278599293, 53.299094370093073 ], [ 16.686270359066427, 53.292855879372837 ], [ 16.677726057812293, 53.290875406128308 ], [ 16.662773530617585, 53.280180850607891 ], [ 16.653079034963866, 53.279586708634525 ], [ 16.655050796791741, 53.272159933967572 ], [ 16.656036677705671, 53.268496058465203 ], [ 16.644370420224092, 53.26512925394951 ], [ 16.636647686398248, 53.262851709718305 ], [ 16.636319059426938, 53.259980023513748 ], [ 16.638455134740468, 53.258197597593679 ], [ 16.641905717939238, 53.255325911389122 ], [ 16.634347297599064, 53.251364964900077 ], [ 16.630403773943314, 53.249285467993332 ], [ 16.62300966708878, 53.238590912472901 ], [ 16.62300966708878, 53.234332894997181 ], [ 16.627774758172805, 53.232055350765975 ], [ 16.633032789713809, 53.229579759210324 ], [ 16.628924952572405, 53.225222718072374 ], [ 16.632704162742499, 53.219182274676584 ], [ 16.62333829406009, 53.214627186214173 ], [ 16.62235241314616, 53.208289671831707 ], [ 16.610028901721947, 53.209378932116195 ], [ 16.601320286982158, 53.214528162551957 ], [ 16.598198330754698, 53.221063724258883 ], [ 16.594583434070259, 53.228391475263606 ], [ 16.581931295674735, 53.227797333290255 ], [ 16.560241915568113, 53.231857303441529 ], [ 16.555641137969729, 53.226014907370185 ], [ 16.551204673857015, 53.220172511298841 ], [ 16.543153313059861, 53.218984227352124 ], [ 16.532637249977867, 53.217399848756514 ], [ 16.530501174664337, 53.211755500009616 ], [ 16.533130190434832, 53.206408222249408 ], [ 16.535430579234017, 53.201655086462551 ], [ 16.529679607236048, 53.198981447582455 ], [ 16.528529412836463, 53.198486329271319 ], [ 16.523764321752438, 53.191851743902163 ], [ 16.519820798096688, 53.186603489804185 ], [ 16.513905512613064, 53.182939614301816 ], [ 16.510619242899935, 53.180860117395071 ], [ 16.506840032729841, 53.178483549501635 ], [ 16.504211016959346, 53.174027484701469 ], [ 16.498624358447032, 53.164719260452202 ], [ 16.485972220051508, 53.164422189465526 ], [ 16.483178890795344, 53.165412426087784 ], [ 16.472169887256385, 53.169175325252382 ], [ 16.457381673547317, 53.163233905518808 ], [ 16.447522864407958, 53.160956361287617 ], [ 16.445715416065738, 53.157589556771924 ], [ 16.444400908180484, 53.155510059865179 ], [ 16.43634954738333, 53.155708107189625 ], [ 16.43355621812718, 53.155708107189625 ], [ 16.431420142813636, 53.154717870567367 ], [ 16.421232706702952, 53.149568640131605 ], [ 16.411866838020558, 53.155411036202949 ], [ 16.407923314364808, 53.1578866277586 ], [ 16.408087627850463, 53.163233905518808 ], [ 16.400693520995929, 53.163233905518808 ], [ 16.400200580538964, 53.160758313963157 ], [ 16.392806473684431, 53.15778760409637 ], [ 16.396585683854525, 53.150558876753863 ], [ 16.397571564768469, 53.148677427171563 ], [ 16.391656279284845, 53.140359439544568 ], [ 16.390506084885246, 53.130952191633085 ], [ 16.380647275745872, 53.128278552752988 ], [ 16.376868065575778, 53.127189292468501 ], [ 16.372431601463063, 53.128476600077434 ], [ 16.364544554151564, 53.123723464290578 ], [ 16.365530435065509, 53.120059588788209 ], [ 16.36010809003885, 53.114910358352461 ], [ 16.346634384215037, 53.111147459187862 ], [ 16.35369986409826, 53.100848998316351 ], [ 16.359615149581884, 53.092233939702666 ], [ 16.363887300208944, 53.081836455168926 ], [ 16.362572792323689, 53.077182343044299 ], [ 16.353042610155626, 53.073221396555255 ], [ 16.350742221356441, 53.072231159932983 ], [ 16.345155562844127, 53.067081929497235 ], [ 16.338418709932228, 53.060744415114755 ], [ 16.336446948104353, 53.060249296803633 ], [ 16.324780690622759, 53.057179563274616 ], [ 16.32297324228054, 53.050346930581014 ], [ 16.31344306011249, 53.049554741283202 ], [ 16.311306984798961, 53.046088913105294 ], [ 16.31557913542602, 53.043811368874088 ], [ 16.316400702854295, 53.043316250562953 ], [ 16.315414821940365, 53.037077759842717 ], [ 16.286002708007899, 53.041038706331761 ], [ 16.286331334979209, 53.043019179576277 ], [ 16.286495648464864, 53.044108439860764 ], [ 16.271707434755811, 53.048168410012039 ], [ 16.253468637847973, 53.046584031416415 ], [ 16.227507107114292, 53.039157256749462 ], [ 16.185442854786302, 53.033215837015888 ], [ 16.158824070110001, 53.022422257833242 ], [ 16.138613511374274, 53.014104270206246 ], [ 16.118074325667251, 53.012123796961717 ], [ 16.074695565454022, 53.016084743450762 ], [ 16.056292455060515, 53.021134950224308 ], [ 16.050212856091235, 53.025095896713353 ], [ 16.044790511064591, 53.028561724891262 ], [ 16.024415638843223, 53.035097286598187 ], [ 16.007819976791936, 53.034305097300376 ], [ 15.962469454750831, 53.041335777318437 ], [ 15.976436101031609, 53.055496161016777 ], [ 15.981365505601289, 53.055793232003452 ], [ 15.986787850627948, 53.056090302990128 ], [ 15.986130596685314, 53.061437580750336 ], [ 15.985801969714004, 53.065893645550517 ], [ 15.990731374283698, 53.070646781337373 ], [ 15.993853330511158, 53.073617491204161 ], [ 15.997468227195597, 53.085401307009064 ], [ 15.994510584453792, 53.090154442795921 ], [ 15.986787850627948, 53.093521247311614 ], [ 15.980379624687359, 53.103423613534218 ], [ 15.983994521371784, 53.113325979756837 ], [ 15.982022759543909, 53.115504500325812 ], [ 15.976271787545954, 53.110751364538956 ], [ 15.93437184870362, 53.116890831596976 ], [ 15.915804424824458, 53.119564470477087 ], [ 15.913339722539618, 53.121148849072696 ], [ 15.909724825855179, 53.123525416966132 ], [ 15.897729941402275, 53.121544943721602 ], [ 15.882120160264947, 53.119069352165951 ], [ 15.877190755695253, 53.120059588788209 ], [ 15.874397426439103, 53.120554707099345 ], [ 15.848107268734111, 53.115207429339137 ], [ 15.851722165418536, 53.104908968467612 ], [ 15.855172748617321, 53.094610507596101 ], [ 15.835948070795553, 53.089461277160339 ], [ 15.817216333430736, 53.084510094049037 ], [ 15.816887706459426, 53.075300893462 ], [ 15.816559079488115, 53.066091692874963 ], [ 15.805057135492177, 53.06312098300819 ], [ 15.791583429668364, 53.059556131168037 ], [ 15.796019893781093, 53.054010806083383 ], [ 15.801277925322083, 53.047277197051997 ], [ 15.787311279041305, 53.038662138438326 ], [ 15.767429347276902, 53.026284180660056 ], [ 15.768415228190847, 53.024798825726663 ], [ 15.774494827160126, 53.014104270206246 ], [ 15.765786212420352, 52.999943886507907 ], [ 15.723721960092362, 52.988457141689679 ], [ 15.711727075639459, 52.991922969867588 ], [ 15.70203257998574, 52.994695632409915 ], [ 15.681822021250028, 52.995784892694402 ], [ 15.652409907317562, 52.98469424252508 ], [ 15.635485618294979, 52.978257704480384 ], [ 15.624969555212971, 52.98043622504936 ], [ 15.607059385276443, 52.984100100551728 ], [ 15.595721754766174, 52.982614745618335 ], [ 15.58865627488295, 52.981723532658293 ], [ 15.581262168028431, 52.988259094365219 ], [ 15.571896299346022, 52.987664952391867 ], [ 15.560558668835739, 53.003013620036924 ], [ 15.55480769683777, 53.010935513015013 ], [ 15.546920649526271, 53.014500364855152 ], [ 15.542484185413556, 53.011232584001689 ], [ 15.537226153872567, 53.007469684837091 ], [ 15.486781913776099, 52.99697317664112 ], [ 15.464435279726857, 52.988754212676355 ], [ 15.448496871618204, 52.989546401974167 ], [ 15.443238840077214, 52.989843472960843 ], [ 15.418920444200097, 52.982911816605011 ], [ 15.40413223049103, 52.974494805315786 ], [ 15.389672643753286, 52.971623119111229 ], [ 15.387865195411067, 52.962710989510882 ], [ 15.387700881925412, 52.96181977655084 ], [ 15.383921671755317, 52.95993832696854 ], [ 15.381621282956132, 52.957858830061795 ], [ 15.369955025474539, 52.947857440176961 ], [ 15.352866422966301, 52.942411138754522 ], [ 15.307680214410837, 52.952511552301587 ], [ 15.286812401732504, 52.957165664426213 ], [ 15.283854758990685, 52.952412528639357 ], [ 15.284183385961995, 52.944490635661268 ], [ 15.292070433273494, 52.933201938167485 ], [ 15.305215512125997, 52.923893713918233 ], [ 15.312280992009207, 52.915872797277913 ], [ 15.322797055091215, 52.903791910486319 ], [ 15.326904892232619, 52.904088981473009 ], [ 15.331669983316644, 52.904386052459685 ], [ 15.331834296802299, 52.899038774699477 ], [ 15.327233519203929, 52.895671970183784 ], [ 15.29009867144562, 52.887056911570113 ], [ 15.288455536589069, 52.886660816921207 ], [ 15.288455536589069, 52.886660816921207 ], [ 15.287141028703815, 52.881313539160985 ], [ 15.280075548820591, 52.884185225365556 ], [ 15.200547821762996, 52.863984398271413 ], [ 15.196111357650281, 52.862796114324709 ], [ 15.186252548510907, 52.860320522769044 ], [ 15.071726049008518, 52.830613424101202 ], [ 15.065646450039239, 52.838535317079305 ], [ 15.048722161016656, 52.844575760475095 ], [ 15.043957069932631, 52.85269570077763 ], [ 15.040835113705157, 52.858340049524529 ], [ 15.036398649592442, 52.860320522769044 ], [ 15.015695150399765, 52.856656647266689 ], [ 15.008301043545231, 52.853388866413226 ], [ 15.008301043545231, 52.851210345844251 ], [ 15.008301043545231, 52.848041588653004 ], [ 14.991048127551323, 52.843288452866148 ], [ 14.988747738752139, 52.847348423017422 ], [ 14.987268917381229, 52.850022061897533 ], [ 14.986447349952954, 52.850220109221979 ], [ 14.980367750983675, 52.851705464155373 ], [ 14.980696377954985, 52.857547860226717 ], [ 14.98118931841195, 52.863192208973601 ], [ 14.968865806987736, 52.869628747018311 ], [ 14.964429342875022, 52.869628747018311 ], [ 14.957528176477467, 52.869529723356081 ], [ 14.954570533735648, 52.872599456885098 ], [ 14.950134069622933, 52.87745161633417 ], [ 14.934359974999936, 52.880719397187633 ], [ 14.925651360260161, 52.885076438325584 ], [ 14.924008225403597, 52.889235432139088 ], [ 14.916614118549063, 52.888740313827952 ], [ 14.904783547581815, 52.88378913071665 ], [ 14.890323960844071, 52.86071661741795 ], [ 14.89574630587073, 52.855765434306647 ], [ 14.89936120255517, 52.855369339657742 ], [ 14.910698833065439, 52.854082032048808 ], [ 14.918585880376938, 52.847942564990788 ], [ 14.917271372491683, 52.84239723990612 ], [ 14.896403559813351, 52.834079252279125 ], [ 14.895089051928096, 52.837545080457033 ], [ 14.893774544042856, 52.841010908634956 ], [ 14.887366318102266, 52.846160139070705 ], [ 14.866005564966954, 52.846457210057395 ], [ 14.865348311024334, 52.84239723990612 ], [ 14.868963207708759, 52.837545080457033 ], [ 14.871920850450579, 52.833683157630219 ], [ 14.863540862682115, 52.831207566074568 ], [ 14.852203232171831, 52.827840761558875 ], [ 14.854996561427981, 52.822493483798667 ], [ 14.856311069313236, 52.820017892243015 ], [ 14.856311069313236, 52.817047182376228 ], [ 14.856311069313236, 52.81348233053609 ], [ 14.85729695022718, 52.812987212224954 ], [ 14.86370517616777, 52.809620407709261 ], [ 14.863540862682115, 52.800807301771144 ], [ 14.86337654919646, 52.7930834561175 ], [ 14.853189113085776, 52.791102982872971 ], [ 14.847109514116482, 52.790013722588483 ], [ 14.847766768059117, 52.787736178357292 ], [ 14.849409902915681, 52.783082066232666 ], [ 14.846616573659517, 52.777833812134674 ], [ 14.828213463266025, 52.775160173254562 ], [ 14.817533086698376, 52.773674818321183 ], [ 14.810138979843842, 52.766347067316445 ], [ 14.801266051618413, 52.759118339973938 ], [ 14.792557436878624, 52.757038843067178 ], [ 14.790421361565095, 52.752186683618106 ], [ 14.795843706591754, 52.742977483031069 ], [ 14.798637035847904, 52.738026299919767 ], [ 14.796172333563064, 52.73525363737744 ], [ 14.797651154933973, 52.725747365803727 ], [ 14.79091430202206, 52.697030503758143 ], [ 14.776290401798661, 52.680790623153058 ], [ 14.766595906144943, 52.67356189581055 ], [ 14.763145322946173, 52.671185327917115 ], [ 14.751972005921544, 52.667719499739206 ], [ 14.749835930608015, 52.654846423649815 ], [ 14.748028482265795, 52.64464698644052 ], [ 14.738662613583386, 52.642369442209315 ], [ 14.733404582042397, 52.641181158262597 ], [ 14.733240268556742, 52.640983110938151 ], [ 14.720916757132528, 52.631575863026669 ], [ 14.696434047769742, 52.633358288946738 ], [ 14.67014389006475, 52.637715330084689 ], [ 14.659627826982756, 52.642270418547085 ], [ 14.662421156238906, 52.646627459685035 ], [ 14.662421156238906, 52.646726483347265 ], [ 14.660613707896701, 52.648607932929565 ], [ 14.650919212242982, 52.65078645349854 ], [ 14.640403149160974, 52.658411275489954 ], [ 14.62857257819374, 52.660391748734469 ], [ 14.626107875908886, 52.654054234352003 ], [ 14.625943562423231, 52.653658139703097 ], [ 14.584043623580897, 52.633259265284508 ], [ 14.583386369638276, 52.633358288946738 ], [ 14.575499322326777, 52.635437785853483 ], [ 14.564983259244784, 52.624545183008607 ], [ 14.498436297554022, 52.647320625320617 ], [ 14.467873989221957, 52.659995654085563 ], [ 14.453743029455524, 52.676532605677338 ], [ 14.43649011346163, 52.679899410193016 ], [ 14.430739141463661, 52.684058404006521 ], [ 14.430246201006696, 52.684850593304333 ], [ 14.424823855980037, 52.695050030513627 ], [ 14.413486225469754, 52.701288521233863 ], [ 14.374215302397928, 52.735748755688562 ], [ 14.36205610445937, 52.740303844150972 ], [ 14.361563164002391, 52.740501891475418 ], [ 14.36057728308846, 52.741492128097676 ], [ 14.350718473949087, 52.751295470658064 ], [ 14.324756943215405, 52.761197836880683 ], [ 14.297480904596469, 52.768921682534327 ], [ 14.281213869516506, 52.773575794658953 ], [ 14.257388414096354, 52.787142036383926 ], [ 14.253116263469295, 52.789815675264038 ], [ 14.238328049760241, 52.800807301771144 ], [ 14.231426883362673, 52.805857508544676 ], [ 14.216967296624929, 52.816651087727323 ], [ 14.204808098686371, 52.81783937167404 ], [ 14.183447345551073, 52.820017892243015 ], [ 14.141711720194394, 52.824275909718736 ], [ 14.130538403169766, 52.828434903532226 ], [ 14.123637236772211, 52.835663630874734 ], [ 14.123472923286556, 52.843981618501729 ], [ 14.127416446942306, 52.849824014573073 ], [ 14.146641124764074, 52.866261942502618 ], [ 14.157485814817392, 52.875570166751871 ], [ 14.160936398016162, 52.888047148192371 ], [ 14.156664247389102, 52.895572946521554 ], [ 14.152720723733353, 52.900920224281762 ], [ 14.148448573106293, 52.915872797277913 ], [ 14.145983870821453, 52.923893713918233 ], [ 14.142697601108324, 52.934489245776433 ], [ 14.142861914593979, 52.936469719020948 ], [ 14.143519168536614, 52.944688682985728 ], [ 14.142533287622669, 52.946471108905797 ], [ 14.139739958366519, 52.952016433990451 ], [ 14.142204660651359, 52.957858830061795 ], [ 14.143683482022269, 52.961324658239718 ], [ 14.162415219387071, 52.965780723039884 ], [ 14.174738730811285, 52.975980160249179 ], [ 14.207108487485556, 52.987466905067407 ], [ 14.218281804510184, 52.988754212676355 ], [ 14.229619435020467, 52.992021993529818 ], [ 14.240464125073771, 52.995091727058821 ], [ 14.291236992141535, 53.01994666627759 ], [ 14.297973845053448, 53.024798825726663 ], [ 14.313419312705122, 53.035889475895999 ], [ 14.332151050069939, 53.044801605496346 ], [ 14.342667113151933, 53.049851812269878 ], [ 14.35778395383231, 53.067676071470586 ], [ 14.368792957371269, 53.0858964253202 ], [ 14.370107465256524, 53.097779264787334 ], [ 14.370764719199144, 53.103918731845354 ], [ 14.373558048455294, 53.107384560023263 ], [ 14.379144706967608, 53.114019145392419 ], [ 14.382102349709427, 53.130259025997503 ], [ 14.383252544109013, 53.133526806850966 ], [ 14.384238425022957, 53.136992635028889 ], [ 14.386210186850832, 53.142835031100233 ], [ 14.377008631654078, 53.152341302673932 ], [ 14.371093346170454, 53.158381746069736 ], [ 14.369943151770869, 53.163233905518808 ], [ 14.367149822514705, 53.173730413714779 ], [ 14.369943151770869, 53.180860117395071 ], [ 14.377830199082354, 53.201258991813646 ], [ 14.396233309475861, 53.207002364222774 ], [ 14.403791729816035, 53.209378932116195 ], [ 14.40576349164391, 53.214132067903051 ], [ 14.409378388328349, 53.223638339476764 ], [ 14.419401510953378, 53.232847540063787 ], [ 14.426795617807912, 53.237303604863968 ], [ 14.431889335863247, 53.24037333839297 ], [ 14.43829756180385, 53.249879609966683 ], [ 14.441255204545655, 53.254335674766864 ], [ 14.44569166865837, 53.258098573931449 ], [ 14.449963819285429, 53.261663425771602 ], [ 14.445198728201404, 53.274437478198763 ], [ 14.437804621346871, 53.275031620172129 ], [ 14.422687780666507, 53.276219904118832 ], [ 14.420387391867322, 53.278497448350038 ], [ 14.416936808668538, 53.292459784723931 ], [ 14.414800733355008, 53.301173866999832 ], [ 14.412171717584513, 53.304045553204389 ], [ 14.407735253471785, 53.308996736315692 ], [ 14.410692896213604, 53.315037179711481 ], [ 14.414636419869353, 53.322860049027355 ], [ 14.412171717584513, 53.329593658058727 ], [ 14.40477761072998, 53.346922798948299 ], [ 14.39590468250455, 53.351180816424034 ], [ 14.390318023992236, 53.3537554316419 ], [ 14.392289785820111, 53.359498804051029 ], [ 14.394754488104951, 53.366034365757955 ], [ 14.394590174619296, 53.375441613669437 ], [ 14.389003516106982, 53.387918595109923 ], [ 14.383252544109013, 53.395246346114661 ], [ 14.377830199082354, 53.401880931483817 ], [ 14.373558048455294, 53.409604777137446 ], [ 14.369121584342579, 53.43396459804508 ], [ 14.370107465256524, 53.44634255582335 ], [ 14.370929032684799, 53.455056638099251 ], [ 14.36386355280159, 53.457235158668226 ], [ 14.357455326860986, 53.459215631912741 ], [ 14.356140818975746, 53.467731666864196 ], [ 14.353676116690892, 53.484070571131511 ], [ 14.350225533492122, 53.495656339611969 ], [ 14.335765946754378, 53.501300688358853 ], [ 14.326893018528935, 53.504766516536776 ], [ 14.316705582418251, 53.524175154333093 ], [ 14.316869895903906, 53.526155627577623 ], [ 14.317198522875216, 53.534176544217928 ], [ 14.309147162078062, 53.541603318884896 ], [ 14.306682459793223, 53.543979886778317 ], [ 14.306682459793223, 53.546752549320658 ], [ 14.306682459793223, 53.550416424823027 ], [ 14.306518146307567, 53.550515448485243 ], [ 14.303724817051418, 53.554179323987611 ], [ 14.307668340707167, 53.558734412450022 ], [ 14.313090685733812, 53.564873879508042 ], [ 14.312104804819882, 53.574578198406201 ], [ 14.311940491334227, 53.576756718975176 ], [ 14.311940491334227, 53.579430357855287 ], [ 14.312269118305537, 53.582995209695426 ], [ 14.312597745276847, 53.585668848575523 ], [ 14.316376955446941, 53.616960325838988 ], [ 14.303560503565748, 53.623198816559238 ], [ 14.296495023682539, 53.626763668399377 ], [ 14.294523261854664, 53.627951952346095 ], [ 14.28433582574398, 53.635279703350818 ], [ 14.284171512258325, 53.641716241395528 ], [ 14.28400719877267, 53.658649287636194 ], [ 14.277598972832081, 53.661619997502982 ], [ 14.274805643575917, 53.662808281449685 ], [ 14.272340941291077, 53.66706629892542 ], [ 14.275791524489861, 53.669739937805517 ], [ 14.281378183002161, 53.673898931619021 ], [ 14.283185631344381, 53.681622777272651 ], [ 14.278420540260356, 53.685088605450574 ], [ 14.273819762661986, 53.688554433628482 ], [ 14.267575850207052, 53.697862657877749 ], [ 14.271026433405822, 53.697961681539965 ], [ 14.296823650653849, 53.698753870837777 ], [ 14.305203638422313, 53.703804077611309 ], [ 14.306025205850602, 53.706972834802556 ], [ 14.306846773278878, 53.709745497344883 ], [ 14.306353832821912, 53.710537686642695 ], [ 14.304053444022728, 53.714597656793956 ], [ 14.296002083225574, 53.718360555958554 ], [ 14.288443662885385, 53.721925407798693 ], [ 14.286964841514475, 53.722618573434275 ], [ 14.294851888825974, 53.726480496261104 ], [ 14.297809531567793, 53.727965851194497 ], [ 14.297809531567793, 53.729847300776783 ], [ 14.297316591110814, 53.740046737986077 ], [ 14.302738936137473, 53.741334045595025 ], [ 14.327221645500245, 53.733808247265827 ], [ 14.339052216467493, 53.721826384136477 ], [ 14.351211414406052, 53.709745497344883 ], [ 14.404284670273015, 53.680731564312623 ], [ 14.43649011346163, 53.676374523174673 ], [ 14.464423406023187, 53.672611624010074 ], [ 14.482826516416679, 53.670037008792193 ], [ 14.505337463951577, 53.665481920329796 ], [ 14.5191397967467, 53.662709257787469 ], [ 14.543458192623817, 53.644191832951179 ], [ 14.554960136619755, 53.626763668399377 ], [ 14.564161691816494, 53.61349449766108 ], [ 14.571720112156683, 53.602403847491743 ], [ 14.5904518495215, 53.59289757591803 ], [ 14.595216940605525, 53.592600504931355 ], [ 14.597353015919055, 53.596264380433723 ], [ 14.597188702433399, 53.600126303260538 ], [ 14.593409492263305, 53.611018906105414 ], [ 14.592423611349375, 53.613692544985526 ], [ 14.594888313634215, 53.626763668399377 ], [ 14.603761241859644, 53.628843165306122 ], [ 14.616577693740837, 53.631912898835139 ], [ 14.614770245398617, 53.636963105608672 ], [ 14.613948677970328, 53.639438697164323 ], [ 14.614934558884272, 53.640131862799905 ], [ 14.620192590425262, 53.644191832951179 ], [ 14.619206709511332, 53.649143016062482 ], [ 14.608362019458013, 53.650925441982551 ], [ 14.607704765515393, 53.655183459458271 ], [ 14.607704765515393, 53.655678577769407 ], [ 14.604089868830954, 53.657361980027247 ], [ 14.59291655180634, 53.656569790729449 ], [ 14.585686758437461, 53.656074672418313 ], [ 14.578456965068597, 53.655678577769407 ], [ 14.570076977300118, 53.659936595245128 ], [ 14.568105215472244, 53.665382896667566 ], [ 14.548716224164821, 53.674295026267927 ], [ 14.547401716279566, 53.675780381201321 ], [ 14.545265640966036, 53.677958901770296 ], [ 14.543951133080782, 53.694198782375381 ], [ 14.540171922910687, 53.70212067535347 ], [ 14.539843295939377, 53.703011888313497 ], [ 14.55052367250704, 53.734699460225869 ], [ 14.55758915239025, 53.755395405631134 ], [ 14.562189929988619, 53.75589052394227 ], [ 14.564818945759129, 53.756088571266716 ], [ 14.564818945759129, 53.756682713240068 ], [ 14.564490318787819, 53.759257328457949 ], [ 14.564326005302149, 53.761039754378018 ], [ 14.566955021072658, 53.763218274946993 ], [ 14.567447961529624, 53.763713393258129 ], [ 14.569584036843153, 53.762228038324736 ], [ 14.573691873984558, 53.759455375782409 ], [ 14.579935786439492, 53.755098334644458 ], [ 14.581578921296057, 53.756187594928946 ], [ 14.590616163007155, 53.762228038324736 ], [ 14.607376138544083, 53.762525109311412 ], [ 14.613455737513362, 53.766882150449362 ], [ 14.613948677970328, 53.768565552707216 ], [ 14.615591812826892, 53.773516735818518 ], [ 14.611155348714178, 53.786785906556815 ], [ 14.611483975685488, 53.793717562912647 ], [ 14.611976916142453, 53.805303331393105 ], [ 14.610169467800233, 53.810056467179962 ], [ 14.606061630658829, 53.821246141011514 ], [ 14.605897317173174, 53.821939306647096 ], [ 14.606061630658829, 53.822038330309326 ], [ 14.614441618427293, 53.828078773705116 ], [ 14.619042396025677, 53.831445578220809 ], [ 14.620685530882241, 53.837486021616598 ], [ 14.618549455568711, 53.841149897118967 ], [ 14.614605931912962, 53.831841672869714 ], [ 14.602775360945714, 53.828771939340697 ], [ 14.594066746205925, 53.826494395109506 ], [ 14.587822833750991, 53.817681289171375 ], [ 14.588808714664935, 53.816592028886888 ], [ 14.59291655180634, 53.811640845775585 ], [ 14.594559686662905, 53.809759396193286 ], [ 14.590123222550176, 53.805303331393105 ], [ 14.586179698894426, 53.801738479552967 ], [ 14.585029504494841, 53.804016023784172 ], [ 14.583550683123931, 53.804412118433078 ], [ 14.579607159468182, 53.805303331393105 ], [ 14.571555798671028, 53.817681289171375 ], [ 14.571227171699718, 53.818077383820281 ], [ 14.571062858214063, 53.822236377633772 ], [ 14.570734231242753, 53.828276821029576 ], [ 14.576320889755053, 53.829861199625185 ], [ 14.576813830212032, 53.829960223287415 ], [ 14.581578921296057, 53.831247530896363 ], [ 14.582071861753022, 53.832435814843066 ], [ 14.583550683123931, 53.836000666683205 ], [ 14.574677754898502, 53.848081553474799 ], [ 14.551509553420971, 53.855409304479537 ], [ 14.539514668968067, 53.859172203644121 ], [ 14.530148800285659, 53.859271227306351 ], [ 14.529162919371728, 53.859271227306351 ], [ 14.513717451720041, 53.859469274630811 ], [ 14.497943357097043, 53.861251700550881 ], [ 14.465080659965807, 53.865113623377695 ], [ 14.44388422031615, 53.864717528728789 ], [ 14.427124244779222, 53.864519481404344 ], [ 14.425316796437002, 53.867886285920022 ], [ 14.422852094152162, 53.872243327057973 ], [ 14.423345034609127, 53.87343161100469 ], [ 14.423673661580438, 53.874520871289178 ], [ 14.425974050379637, 53.88145252764501 ], [ 14.430410514492351, 53.887195900054124 ], [ 14.435339919062031, 53.893236343449914 ], [ 14.435668546033341, 53.89373146176105 ], [ 14.43616148649032, 53.900663118116881 ], [ 14.428274439178821, 53.897296313601188 ], [ 14.426631304322257, 53.893929509085496 ], [ 14.423180721123472, 53.887294923716354 ], [ 14.411514463641879, 53.891651964854304 ], [ 14.408556820900074, 53.892741225138792 ], [ 14.401327027531195, 53.89204805950321 ], [ 14.383581171080323, 53.890463680907587 ], [ 14.371750600113074, 53.882640811591727 ], [ 14.368135703428649, 53.876105249884802 ], [ 14.36764276297167, 53.87521403692476 ], [ 14.372079227084399, 53.872837469031339 ], [ 14.372736481027019, 53.872540398044663 ], [ 14.379473333938918, 53.86897554620451 ], [ 14.377008631654078, 53.866995072959995 ], [ 14.374215302397928, 53.864717528728789 ], [ 14.368792957371269, 53.860459511253069 ], [ 14.338066335553563, 53.872441374382433 ], [ 14.315391074532997, 53.870956019449039 ], [ 14.290251111227604, 53.864915576053249 ], [ 14.28762209545711, 53.867688238595576 ], [ 14.276941718889447, 53.878976936089359 ], [ 14.276284464946826, 53.886898829067448 ], [ 14.267082909750073, 53.889275396960869 ], [ 14.291894246084169, 53.856993683075146 ], [ 14.334780065840434, 53.866499954648859 ], [ 14.348911025606867, 53.862439984497584 ], [ 14.374379615883583, 53.855013209830631 ], [ 14.384238425022957, 53.856102470115118 ], [ 14.392454099305766, 53.860162440266393 ], [ 14.398533698275045, 53.863133150133166 ], [ 14.404941924215635, 53.862439984497584 ], [ 14.410692896213604, 53.857785872372958 ], [ 14.410857209699259, 53.851151287003816 ], [ 14.407406626500475, 53.847388387839217 ], [ 14.4054348646726, 53.845209867270242 ], [ 14.373886675426618, 53.837981139927734 ], [ 14.353018862748272, 53.833327027803108 ], [ 14.343981621037187, 53.826197324122816 ], [ 14.333958498412159, 53.818572502131403 ], [ 14.320320479102691, 53.822731495944907 ], [ 14.318513030760471, 53.82164223566042 ], [ 14.311611864362902, 53.817879336495821 ], [ 14.274969957061572, 53.828573892016252 ], [ 14.238492363245896, 53.852933712923885 ], [ 14.222225328165933, 53.863826315768762 ], [ 14.218939058452804, 53.864915576053249 ], [ 14.216802983139274, 53.865509718026601 ], [ 14.21302377296918, 53.866499954648859 ], [ 14.214173967368779, 53.874520871289178 ], [ 14.214995534797055, 53.880858385671658 ], [ 14.21335239994049, 53.889671491609775 ], [ 14.212859459483525, 53.892939272463238 ], [ 14.212859459483525, 53.893038296125468 ], [ 14.211873578569595, 53.89977190515684 ], [ 14.206286920057281, 53.904624064605926 ], [ 14.203986531258096, 53.906604537850455 ], [ 14.201686142458911, 53.91046646067727 ], [ 14.190019884977318, 53.912545957584015 ], [ 14.190512825434283, 53.915615691113032 ], [ 14.207601427942535, 53.916209833086384 ], [ 14.226333165307338, 53.928686814526884 ], [ 14.271355060377132, 53.920566874224335 ], [ 14.271190746891477, 53.918883471966495 ], [ 14.271026433405822, 53.914724478152991 ], [ 14.259853116381208, 53.905317230241508 ], [ 14.260017429866863, 53.901950425725815 ], [ 14.276448778432481, 53.909773295041688 ], [ 14.282364063916106, 53.915021549139666 ], [ 14.28367857180136, 53.916209833086384 ], [ 14.288115035914075, 53.920071755913199 ], [ 14.310790296934627, 53.916308856748614 ], [ 14.339380843438803, 53.911456697299528 ], [ 14.391632531877477, 53.915912762099708 ], [ 14.425645423408312, 53.926508293957909 ], [ 14.43928344271778, 53.930766311433629 ], [ 14.44076226408869, 53.931261429744751 ], [ 14.448156370943224, 53.933538973975956 ], [ 14.483976710816265, 53.953937848394546 ], [ 14.500736686353207, 53.963543143630474 ], [ 14.596695761976434, 53.988001988200338 ], [ 14.651905093156913, 53.999785804005242 ], [ 14.700048944454181, 54.01345106939246 ], [ 14.71155088845012, 54.016718850245923 ], [ 14.727324983073117, 54.022066128006131 ], [ 14.729789685357957, 54.020580773072737 ], [ 14.733733209013707, 54.01939248912602 ], [ 14.738662613583386, 54.018798347152668 ], [ 14.743427704667425, 54.019095418139344 ], [ 14.747042601351865, 54.018897370814898 ], [ 14.754108081235074, 54.019986631099385 ], [ 14.756901410491238, 54.023353435615064 ], [ 14.761830815060918, 54.025135861535134 ], [ 14.765117084774047, 54.024442695899552 ], [ 14.767910414030197, 54.022858317303942 ], [ 14.767253160087577, 54.01345106939246 ], [ 14.764788457802723, 54.010678406850118 ], [ 14.705635602966495, 53.997112165125145 ], [ 14.696926988226721, 53.995131691880616 ], [ 14.695776793827122, 53.991467816378247 ], [ 14.698734436568941, 53.985526396644687 ], [ 14.699884630968526, 53.983248852413482 ], [ 14.699720317482871, 53.98265471044013 ], [ 14.700048944454181, 53.982258615791224 ], [ 14.699556003997216, 53.980872284520061 ], [ 14.699720317482871, 53.978990834937761 ], [ 14.699884630968526, 53.977703527328813 ], [ 14.699391690511561, 53.97651524338211 ], [ 14.699063063540251, 53.975525006759838 ], [ 14.700048944454181, 53.972752344217511 ], [ 14.700213257939836, 53.9700787053374 ], [ 14.699556003997216, 53.969781634350724 ], [ 14.696598361255397, 53.969682610688494 ], [ 14.689039940915222, 53.952056398812246 ], [ 14.691833270171372, 53.937004802153879 ], [ 14.683288968917253, 53.931063382420305 ], [ 14.682960341945943, 53.930766311433629 ], [ 14.673265846292225, 53.924032702402243 ], [ 14.661435275324976, 53.908287940108295 ], [ 14.656012930298317, 53.90610941953932 ], [ 14.6384313873331, 53.898880692196812 ], [ 14.628408264708071, 53.882343740605037 ], [ 14.624629054537991, 53.878679865102683 ], [ 14.620192590425262, 53.874520871289178 ], [ 14.616906320712147, 53.863925339430978 ], [ 14.621671411796171, 53.846794245865865 ], [ 14.624300427566666, 53.849467884745962 ], [ 14.627093756822831, 53.852042499963844 ], [ 14.630544340021615, 53.861251700550881 ], [ 14.635473744591295, 53.874520871289178 ], [ 14.637774133390479, 53.880957409333874 ], [ 14.638102760361789, 53.881650574969456 ], [ 14.650754898757327, 53.896801195290067 ], [ 14.656341557269627, 53.900167999805745 ], [ 14.656505870755282, 53.900267023467975 ], [ 14.659299200011446, 53.901950425725815 ], [ 14.660613707896701, 53.902346520374721 ], [ 14.670308203550405, 53.905119182917062 ], [ 14.683617595888563, 53.917596164357548 ], [ 14.686410925144713, 53.917596164357548 ], [ 14.696105420798432, 53.917497140695318 ], [ 14.696762674741066, 53.925220986348961 ], [ 14.707114424337405, 53.930766311433629 ], [ 14.720095189704239, 53.937896015113907 ], [ 14.726667729130483, 53.941460866954046 ], [ 14.729461058386647, 53.940965748642924 ], [ 14.741620256325206, 53.938886251736164 ], [ 14.746549660894885, 53.930766311433629 ], [ 14.749835930608015, 53.925617080997867 ], [ 14.754601021692039, 53.925716104660097 ], [ 14.755258275634674, 53.925716104660097 ], [ 14.755751216091639, 53.927498530580166 ], [ 14.756901410491238, 53.930766311433629 ], [ 14.758873172319099, 53.936410660180513 ], [ 14.762981009460518, 53.947897404998756 ], [ 14.763638263403138, 53.969088468715142 ], [ 14.772182564657257, 53.972950391541957 ], [ 14.778262163626536, 53.975723054084298 ], [ 14.768896294944128, 53.980377166208925 ], [ 14.767417473573232, 53.990378556093759 ], [ 14.766595906144943, 53.996220952165103 ], [ 14.770046489343727, 53.999389709356336 ], [ 14.778755104083501, 54.00711355500998 ], [ 14.78138411985401, 54.007410625996656 ], [ 14.78384882213885, 54.007707696983331 ], [ 14.793050377335604, 54.008598909943373 ], [ 14.801594678589723, 54.009490122903415 ], [ 14.802251932532343, 54.01345106939246 ], [ 14.802744872989308, 54.015530566299205 ], [ 14.804388007845873, 54.024046601250646 ], [ 14.802909186474963, 54.029294855348638 ], [ 14.797651154933973, 54.031176304930938 ], [ 14.770868056772002, 54.025333908859594 ], [ 14.769882175858072, 54.024541719561782 ], [ 14.768896294944128, 54.024937814210688 ], [ 14.767417473573232, 54.025829027170715 ], [ 14.762323755517883, 54.026225121819621 ], [ 14.758215918376479, 54.025432932521824 ], [ 14.754601021692039, 54.0238485539262 ], [ 14.749507303636705, 54.021273938708319 ], [ 14.741291629353896, 54.020382725748277 ], [ 14.736033597812892, 54.019689560112695 ], [ 14.733075955071087, 54.020184678423831 ], [ 14.728639490958358, 54.022561246317252 ], [ 14.729132431415337, 54.022660269979482 ], [ 14.733568895528052, 54.024145624912876 ], [ 14.817204459727066, 54.039890387206839 ], [ 14.89574630587073, 54.05464491287853 ], [ 15.004521833375136, 54.081381301679585 ], [ 15.057759402727754, 54.094452425093436 ], [ 15.089307591973736, 54.099304584542523 ], [ 15.094401310029085, 54.10009677384032 ], [ 15.177872560742429, 54.119703458961098 ], [ 15.195947044164612, 54.123763429112373 ], [ 15.24639128426108, 54.134854079281709 ], [ 15.261179497970133, 54.139409167744105 ], [ 15.269888112709907, 54.141983782961987 ], [ 15.286319461275539, 54.147033989735519 ], [ 15.314581380808406, 54.150301770588982 ], [ 15.388029508896722, 54.158916829202653 ], [ 15.420727892542317, 54.164363130625091 ], [ 15.421056519513627, 54.164363130625091 ], [ 15.441760018706304, 54.165056296260673 ], [ 15.469528997782206, 54.165848485558485 ], [ 15.483167017091674, 54.16624458020739 ], [ 15.51323638496676, 54.171987952616504 ], [ 15.546263395583651, 54.184068839408098 ], [ 15.554643383352115, 54.187138572937101 ], [ 15.562530430663614, 54.187237596599331 ], [ 15.572389239802988, 54.187435643923777 ], [ 15.588163334425985, 54.187633691248237 ], [ 15.59506450082354, 54.188722951532725 ], [ 15.675085168338114, 54.200902861986535 ], [ 15.792076370125343, 54.227243156138698 ], [ 15.805550075949142, 54.230312889667701 ], [ 15.847614328277132, 54.24001720856586 ], [ 15.85813039135914, 54.242492800121511 ], [ 15.866839006098914, 54.243284989419323 ], [ 16.023922698386244, 54.257643420442122 ], [ 16.091291227505295, 54.271605756816001 ], [ 16.12628999995006, 54.282399335998647 ], [ 16.183306779472773, 54.304778683661752 ], [ 16.201381262894955, 54.313987884248789 ], [ 16.214197714776134, 54.320622469617945 ], [ 16.247717665850004, 54.340724273049844 ], [ 16.251332562534444, 54.342902793618819 ], [ 16.252482756934029, 54.343595959254401 ], [ 16.264149014415622, 54.351220781245814 ], [ 16.313771687083801, 54.383403471469308 ], [ 16.359122209124905, 54.422418794386417 ], [ 16.368323764321659, 54.431826042297899 ], [ 16.372760228434373, 54.436381130760296 ], [ 16.373253168891338, 54.441332313871612 ], [ 16.381797470145472, 54.442025479507194 ], [ 16.385248053344242, 54.4424215741561 ], [ 16.386398247743841, 54.443213763453898 ], [ 16.3985574456824, 54.452224916716489 ], [ 16.408087627850463, 54.462226306601323 ], [ 16.418275063961147, 54.472821838459524 ], [ 16.43207739675627, 54.487378316806755 ], [ 16.456067165662077, 54.50213284247846 ], [ 16.47233420074204, 54.512233256025524 ], [ 16.494845148276937, 54.522927811545941 ], [ 16.534773325291397, 54.541940354693367 ], [ 16.604606556695288, 54.558081211636221 ], [ 16.669839010500795, 54.567587483209934 ], [ 16.691364077121762, 54.568775767156652 ], [ 16.699086810947605, 54.569270885467773 ], [ 16.712396203285763, 54.554714407120542 ], [ 16.735893031734591, 54.53906866848881 ], [ 16.745094586931344, 54.53292920143079 ], [ 16.747230662244874, 54.527978018319473 ], [ 16.74312282510347, 54.524512190141564 ], [ 16.741151063275595, 54.522828787883725 ], [ 16.74016518236165, 54.516293226176799 ], [ 16.751831439843244, 54.498369943313861 ], [ 16.763004756867872, 54.487279293144539 ], [ 16.77910747846218, 54.484902725251104 ], [ 16.787651779716299, 54.486388080184497 ], [ 16.793238438228613, 54.487477340468985 ], [ 16.796853334913052, 54.484704677926658 ], [ 16.801454112511422, 54.481238849748735 ], [ 16.804576068738896, 54.480941778762059 ], [ 16.809505473308576, 54.480545684113153 ], [ 16.81509213182089, 54.472029649161712 ], [ 16.81640663970613, 54.469950152254967 ], [ 16.817063893648765, 54.470346246903873 ], [ 16.820514476847549, 54.472128672823942 ], [ 16.826265448845504, 54.465494087454786 ], [ 16.824786627474609, 54.462919472236905 ], [ 16.826922702788139, 54.458661454761184 ], [ 16.826758389302483, 54.458562431098954 ], [ 16.822979179132389, 54.453512224325422 ], [ 16.834645436613982, 54.443510834440588 ], [ 16.839903468154972, 54.439054769640407 ], [ 16.839574841183662, 54.432024089622345 ], [ 16.833166615243073, 54.424993409604298 ], [ 16.824458000503284, 54.415685185355031 ], [ 16.830537599472564, 54.411724238865986 ], [ 16.837438765870132, 54.40716915040359 ], [ 16.842203856954157, 54.397761902492107 ], [ 16.856992070663225, 54.381422998224792 ], [ 16.849433650323036, 54.374491341868961 ], [ 16.840889349068917, 54.374986460180097 ], [ 16.834152496157003, 54.37033234805547 ], [ 16.818378401534005, 54.368351874810941 ], [ 16.808848219365956, 54.367064567202007 ], [ 16.810327040736851, 54.361420218455109 ], [ 16.817392520620075, 54.358053413939416 ], [ 16.817392520620075, 54.358053413939416 ], [ 16.826922702788139, 54.34567545616116 ], [ 16.826429762331159, 54.343595959254401 ], [ 16.822814865646734, 54.330029717529428 ], [ 16.82035016336188, 54.326464865689289 ], [ 16.81509213182089, 54.318741020035645 ], [ 16.826265448845504, 54.316958594115576 ], [ 16.839574841183662, 54.314780073546601 ], [ 16.853048547007475, 54.307848417190769 ], [ 16.862907356146849, 54.288637826718897 ], [ 16.865043431460379, 54.276953034576209 ], [ 16.863893237060779, 54.261109248620031 ], [ 16.833330928728728, 54.246651793935015 ], [ 16.830373285986909, 54.246651793935015 ], [ 16.820514476847549, 54.246849841259461 ], [ 16.809176846337266, 54.243384013081553 ], [ 16.772041998578956, 54.24011623222809 ], [ 16.753474574699808, 54.23387774150784 ], [ 16.744765959960034, 54.230907031641053 ], [ 16.73885067447641, 54.231402149952189 ], [ 16.731785194593186, 54.231897268263324 ], [ 16.727184416994817, 54.224272446271911 ], [ 16.712724830257073, 54.213973985400386 ], [ 16.719133056197663, 54.208527683977948 ], [ 16.720776191054227, 54.20298235889328 ], [ 16.728005984423092, 54.202388216919928 ], [ 16.732771075507131, 54.202091145933252 ], [ 16.735235777791971, 54.188128809559359 ], [ 16.733592642935406, 54.186742478288195 ], [ 16.729484805794002, 54.183375673772517 ], [ 16.730635000193601, 54.179711798270148 ], [ 16.738029107048121, 54.176741088403361 ], [ 16.747887916187494, 54.172879165576546 ], [ 16.753967515156774, 54.165650438234039 ], [ 16.754624769099408, 54.164462154287321 ], [ 16.758568292755157, 54.157431474269259 ], [ 16.767605534466242, 54.154856859051378 ], [ 16.774999641320775, 54.152777362144633 ], [ 16.775985522234706, 54.14327109057092 ], [ 16.776807089662995, 54.136537481539548 ], [ 16.778614538005215, 54.134854079281709 ], [ 16.783051002117929, 54.130794109130434 ], [ 16.780586299833089, 54.128516564899229 ], [ 16.778121597548235, 54.126338044330254 ], [ 16.779929045890455, 54.120000529947788 ], [ 16.787158839259334, 54.12049564825891 ], [ 16.794552946113868, 54.120891742907816 ], [ 16.803425874339297, 54.116237630783189 ], [ 16.798660783255272, 54.10217627074708 ], [ 16.798167842798293, 54.101879199760404 ], [ 16.793895692171233, 54.099502631866969 ], [ 16.793238438228613, 54.084550058870818 ], [ 16.794552946113868, 54.076826213217188 ], [ 16.799810977654857, 54.077024260541634 ], [ 16.803590187824952, 54.077222307866094 ], [ 16.81049135422252, 54.072271124754778 ], [ 16.809505473308576, 54.060586332612104 ], [ 16.804740382224551, 54.057318551758641 ], [ 16.795867453999108, 54.051179084700607 ], [ 16.796031767484763, 54.040781600166866 ], [ 16.796196080970418, 54.035236275082198 ], [ 16.789787855029829, 54.028799737037502 ], [ 16.784529823488839, 54.023452459277294 ], [ 16.789294914572864, 54.01345106939246 ], [ 16.790609422458118, 54.010381335863443 ], [ 16.794717259599523, 54.00721257867221 ], [ 16.799318037197892, 54.003548703169841 ], [ 16.796196080970418, 53.987407846226972 ], [ 16.792745497771648, 53.985526396644687 ] ] ], [ [ [ 14.759859053233043, 53.958988055168078 ], [ 14.753943767749419, 53.951957375150016 ], [ 14.742277510267826, 53.954531990367897 ], [ 14.732747328099762, 53.951957375150016 ], [ 14.731104193243212, 53.95156128050111 ], [ 14.712372455878395, 53.946511073727578 ], [ 14.709907753593555, 53.946907168376484 ], [ 14.70481403553822, 53.947600334012066 ], [ 14.701199138853781, 53.952353469798922 ], [ 14.70760736479437, 53.963345096306028 ], [ 14.715165785134559, 53.97027675266186 ], [ 14.714837158163249, 53.970969918297442 ], [ 14.71072932102183, 53.979089858599977 ], [ 14.713358336792339, 53.980278142546695 ], [ 14.74720691483752, 53.976812314368786 ], [ 14.74786416878014, 53.97651524338211 ], [ 14.755751216091639, 53.972356249568605 ], [ 14.759859053233043, 53.958988055168078 ] ] ], [ [ [ 14.722395578503424, 53.942451103576317 ], [ 14.719437935761619, 53.93948039370953 ], [ 14.716315979534144, 53.941658914278506 ], [ 14.715165785134559, 53.942352079914087 ], [ 14.719930876218584, 53.945025718794184 ], [ 14.722395578503424, 53.942451103576317 ] ] ], [ [ [ 14.536721339711917, 53.674096978943467 ], [ 14.531791935142223, 53.670928221752234 ], [ 14.524562141773359, 53.674096978943467 ], [ 14.531791935142223, 53.677067688810254 ], [ 14.536721339711917, 53.674096978943467 ] ] ] ] } },
{ "type": "Feature", "properties": { "index": 1580, "nuts_2_code": "PL43", "nuts_2_name": "Lubuskie" }, "geometry": { "type": "Polygon", "coordinates": [ [ [ 15.962469454750831, 53.041335777318437 ], [ 15.954418093953677, 53.035097286598187 ], [ 15.954746720924987, 53.029353914189073 ], [ 15.955896915324573, 53.013312080908435 ], [ 15.954253780468022, 53.007667732161551 ], [ 15.950967510754893, 52.99687415297889 ], [ 15.953760840011043, 52.982911816605011 ], [ 15.953925153496698, 52.982218650969429 ], [ 15.954418093953677, 52.980040130400454 ], [ 15.951460451211858, 52.973009450382392 ], [ 15.959840438980322, 52.968553385582226 ], [ 15.961154946865577, 52.957165664426213 ], [ 15.97068512903364, 52.945381848621309 ], [ 15.979065116802104, 52.935083387749785 ], [ 15.974792966175045, 52.929934157314023 ], [ 15.973314144804135, 52.928151731393953 ], [ 15.97462865268939, 52.924685903216044 ], [ 15.97807923588816, 52.915872797277913 ], [ 15.979393743773414, 52.912208921775544 ], [ 15.974464339203735, 52.90646554936643 ], [ 15.9682204267488, 52.899335845686153 ], [ 15.97282120434717, 52.894879780885972 ], [ 15.97413571223241, 52.891413952708064 ], [ 15.979065116802104, 52.878441852956428 ], [ 15.974792966175045, 52.873391646182895 ], [ 15.973971398746755, 52.873391646182895 ], [ 15.964605530064361, 52.873589693507355 ], [ 15.962140827779507, 52.870817030965014 ], [ 15.970192188576675, 52.866162918840388 ], [ 15.971999636918881, 52.86517268221813 ], [ 15.972985517832825, 52.85883516783565 ], [ 15.966741605377891, 52.856854694591135 ], [ 15.970027875091006, 52.853883984724348 ], [ 15.963783962636072, 52.853983008386578 ], [ 15.949488689383983, 52.854181055711024 ], [ 15.948995748927018, 52.84843768330191 ], [ 15.948338494984398, 52.84219919258166 ], [ 15.926649114877776, 52.832890968332407 ], [ 15.919912261965862, 52.837743127781494 ], [ 15.917283246195367, 52.839723601026009 ], [ 15.902330719000659, 52.833881204954665 ], [ 15.902495032486314, 52.827345643247739 ], [ 15.89625112003138, 52.821602270838625 ], [ 15.895922493060056, 52.811798928278236 ], [ 15.902659345971969, 52.80734286347807 ], [ 15.924020099107267, 52.802886798677889 ], [ 15.934207535217965, 52.800807301771144 ], [ 15.93782243190239, 52.787142036383926 ], [ 15.931578519447456, 52.785260586801641 ], [ 15.927634995791706, 52.784072302854923 ], [ 15.926813428363431, 52.780606474677001 ], [ 15.946859673613488, 52.754860322498203 ], [ 15.947352614070454, 52.736639968648603 ], [ 15.945052225271269, 52.730104406941678 ], [ 15.931578519447456, 52.726440531439309 ], [ 15.925005980021211, 52.724757129181469 ], [ 15.911860901168708, 52.718815709447895 ], [ 15.90150915157237, 52.714062573661039 ], [ 15.890171521062101, 52.714656715634391 ], [ 15.885406429978062, 52.714854762958851 ], [ 15.877683696152218, 52.713567455349903 ], [ 15.836769638223828, 52.706734822656301 ], [ 15.820173976172555, 52.708616272238601 ], [ 15.811301047947111, 52.709606508860858 ], [ 15.793226564524929, 52.706932869980761 ], [ 15.803578314121268, 52.69198029698461 ], [ 15.811958301889746, 52.67970136286857 ], [ 15.813437123260641, 52.66900680734814 ], [ 15.795362639838459, 52.665342931845785 ], [ 15.791747743154033, 52.665739026494677 ], [ 15.78566814418474, 52.666432192130273 ], [ 15.776302275502346, 52.637913377409134 ], [ 15.784517949785155, 52.636626069800201 ], [ 15.793555191496239, 52.635239738529037 ], [ 15.796184207266748, 52.623951041035255 ], [ 15.790597548754434, 52.622069591452956 ], [ 15.787639906012615, 52.621079354830698 ], [ 15.78747559252696, 52.616524266368287 ], [ 15.796348520752403, 52.606918971132359 ], [ 15.805385762463487, 52.60315607196776 ], [ 15.809822226576216, 52.595927344625252 ], [ 15.819023781772955, 52.591867374473978 ], [ 15.830032785311928, 52.586916191362675 ], [ 15.827568083027074, 52.577607967113423 ], [ 15.825432007713545, 52.569389003148643 ], [ 15.826910829084454, 52.567111458917452 ], [ 15.833319055025044, 52.565130985672923 ], [ 15.833811995482009, 52.564932938348477 ], [ 15.841534729307853, 52.556713974383698 ], [ 15.843342177650072, 52.554733501139182 ], [ 15.843670804621382, 52.554535453814722 ], [ 15.857473137416505, 52.545821371538821 ], [ 15.855501375588631, 52.541959448712007 ], [ 15.847450014791477, 52.536513147289568 ], [ 15.836112384281208, 52.528888325298155 ], [ 15.852543732846826, 52.515718178222087 ], [ 15.862731168957509, 52.510965042435231 ], [ 15.866839006098914, 52.510568947786325 ], [ 15.875383307353033, 52.509776758488513 ], [ 15.872589978096883, 52.506310930310605 ], [ 15.870782529754663, 52.504033386079399 ], [ 15.871604097182939, 52.498884155643637 ], [ 15.879326831008783, 52.493239806896753 ], [ 15.884749176035442, 52.489278860407708 ], [ 15.884749176035442, 52.483337440674134 ], [ 15.891650342432996, 52.47313800346484 ], [ 15.89197896940432, 52.467592678380171 ], [ 15.890500148033411, 52.465810252460102 ], [ 15.887706818777247, 52.462542471606639 ], [ 15.890993088490376, 52.460363951037664 ], [ 15.892471909861285, 52.459373714415406 ], [ 15.89723700094531, 52.447886969597178 ], [ 15.882120160264947, 52.444124070432579 ], [ 15.876862128723943, 52.442737739161416 ], [ 15.876040561295667, 52.440262147605765 ], [ 15.874561739924758, 52.435905106467814 ], [ 15.865031557756694, 52.438380698023465 ], [ 15.85977352621569, 52.439767029294629 ], [ 15.85763745090216, 52.437192414076748 ], [ 15.853858240732066, 52.432340254627675 ], [ 15.834304935938988, 52.434320727872191 ], [ 15.833154741539389, 52.440955313241346 ], [ 15.832333174111113, 52.445609425365973 ], [ 15.827732396512729, 52.450461584815059 ], [ 15.805221448977832, 52.443232857472552 ], [ 15.806864583834397, 52.43630120111672 ], [ 15.819681035715575, 52.425705669258519 ], [ 15.824610440285269, 52.425705669258519 ], [ 15.826582202113144, 52.425705669258519 ], [ 15.826253575141834, 52.42402226700068 ], [ 15.825924948170524, 52.422140817418381 ], [ 15.835783757309883, 52.414119900778061 ], [ 15.843506491135727, 52.402930226946509 ], [ 15.853036673303791, 52.402534132297603 ], [ 15.86092372061529, 52.402237061310927 ], [ 15.872589978096883, 52.396097594252907 ], [ 15.899208762773185, 52.391542505790497 ], [ 15.900194643687129, 52.383620612812408 ], [ 15.894279358203505, 52.377778216741063 ], [ 15.891157401976031, 52.374807506874276 ], [ 15.888692699691191, 52.366687566571741 ], [ 15.889514267119466, 52.358666649931422 ], [ 15.889842894090776, 52.354111561469026 ], [ 15.881462906322312, 52.350051591317751 ], [ 15.881955846779292, 52.342030674677432 ], [ 15.887706818777247, 52.335396089308276 ], [ 15.883434668150187, 52.326186888721253 ], [ 15.886063683920696, 52.324008368152278 ], [ 15.887871132262902, 52.322324965894424 ], [ 15.889514267119466, 52.309154818818357 ], [ 15.883434668150187, 52.307966534871639 ], [ 15.882613100721912, 52.307768487547193 ], [ 15.878669577066162, 52.296182719066721 ], [ 15.880805652379692, 52.290439346657607 ], [ 15.880148398437072, 52.283903784950681 ], [ 15.872425664611228, 52.280834051421678 ], [ 15.866674692613259, 52.272813134781359 ], [ 15.862238228500544, 52.269545353927896 ], [ 15.853529613760756, 52.26300979222097 ], [ 15.852215105875516, 52.255285946567327 ], [ 15.85698019695954, 52.247661124575913 ], [ 15.85763745090216, 52.246670887953655 ], [ 15.860102153187015, 52.22805443945515 ], [ 15.855008435131666, 52.221023759437088 ], [ 15.849586090105007, 52.213299913783445 ], [ 15.853036673303791, 52.208645801658818 ], [ 15.86026646667267, 52.198743435436199 ], [ 15.85878764530176, 52.187454737942431 ], [ 15.86092372061529, 52.182701602155575 ], [ 15.85993783970136, 52.175472874813067 ], [ 15.859280585758725, 52.169630478741723 ], [ 15.865360184728004, 52.167451958172748 ], [ 15.880805652379692, 52.162203704074756 ], [ 15.882941727693222, 52.154578882083342 ], [ 15.881298592836657, 52.148439415025322 ], [ 15.874561739924758, 52.13111027413575 ], [ 15.865688811699314, 52.127248351308936 ], [ 15.85632294301692, 52.123188381157661 ], [ 15.854351181189045, 52.119920600304198 ], [ 15.851393538447226, 52.114672346206206 ], [ 15.843342177650072, 52.11259284929946 ], [ 15.835783757309883, 52.110711399717161 ], [ 15.837426892166448, 52.105463145619183 ], [ 15.862238228500544, 52.086153531485081 ], [ 15.866674692613259, 52.086549626133987 ], [ 15.878505263580507, 52.087341815431799 ], [ 15.914325603453563, 52.072191195111202 ], [ 15.923362845164647, 52.068329272284373 ], [ 15.928785190191306, 52.078825780480344 ], [ 15.93289302733271, 52.086945720782893 ], [ 15.942423209500774, 52.088134004729611 ], [ 15.967234545834856, 52.081697466684901 ], [ 15.972985517832825, 52.075062881315759 ], [ 15.986459223656638, 52.069022437919955 ], [ 15.987445104570568, 52.06506149143091 ], [ 15.990402747312388, 52.06100152127965 ], [ 16.000261556451747, 52.05902104803512 ], [ 16.004205080107496, 52.05456498323494 ], [ 15.994674897939447, 52.050405989421449 ], [ 15.991224314740663, 52.048821610825826 ], [ 15.989745493369753, 52.043474333065618 ], [ 15.990731374283698, 52.040899717847736 ], [ 15.993031763082882, 52.035453416425298 ], [ 15.981365505601289, 52.034661227127486 ], [ 15.966248664920926, 52.033770014167459 ], [ 15.965920037949601, 52.026739334149397 ], [ 15.965427097492636, 52.01792622821128 ], [ 15.97068512903364, 52.001587323943966 ], [ 15.984980402285728, 51.995744927872622 ], [ 15.988430985484513, 51.996834188157109 ], [ 15.987280791084913, 52.001290252957276 ], [ 15.986787850627948, 52.003468773526251 ], [ 15.997303913709942, 51.998715637739409 ], [ 16.005519587992751, 51.992873241668065 ], [ 16.008148603763246, 51.986436703623355 ], [ 16.010120365591121, 51.981485520512052 ], [ 16.060728919173243, 51.977425550360778 ], [ 16.09030534659135, 51.989011318841236 ], [ 16.107558262585258, 51.995744927872622 ], [ 16.120374714466436, 51.99307128899251 ], [ 16.132205285433685, 51.974454840493991 ], [ 16.136477436060744, 51.955343273684349 ], [ 16.13236959891934, 51.95375889508874 ], [ 16.12497549206482, 51.951085256208628 ], [ 16.12957626966319, 51.944054576190567 ], [ 16.126125686464405, 51.933855138981286 ], [ 16.132205285433685, 51.931577594750081 ], [ 16.134669987718539, 51.930686381790039 ], [ 16.136970376517723, 51.924645938394249 ], [ 16.1299048966345, 51.921972299514138 ], [ 16.12776882132097, 51.921081086554111 ], [ 16.128754702234914, 51.920189873594069 ], [ 16.131876658462375, 51.917219163727282 ], [ 16.12563274600744, 51.915535761469442 ], [ 16.120374714466436, 51.914050406536049 ], [ 16.109037083956167, 51.90444511130012 ], [ 16.101150036644668, 51.903355851015633 ], [ 16.099835528759414, 51.89394860310415 ], [ 16.117417071724631, 51.895830052686449 ], [ 16.1231680437226, 51.896424194659801 ], [ 16.159645637538276, 51.892265200846296 ], [ 16.1655609230219, 51.888106207032806 ], [ 16.171476208505524, 51.883848189557085 ], [ 16.180184823245298, 51.882758929272597 ], [ 16.186593049185888, 51.881966739974786 ], [ 16.191851080726892, 51.884541355192667 ], [ 16.196451858325261, 51.876718485876793 ], [ 16.197273425753551, 51.875134107281184 ], [ 16.200066755009701, 51.871965350089937 ], [ 16.214690655233099, 51.870182924169868 ], [ 16.224713777858128, 51.875134107281184 ], [ 16.243445515222945, 51.888106207032806 ], [ 16.245252963565164, 51.891770082535174 ], [ 16.249525114192224, 51.900385141148845 ], [ 16.259219609845943, 51.898404667904316 ], [ 16.272857629155396, 51.895632005361989 ], [ 16.273021942641066, 51.895731029024219 ], [ 16.2848525136083, 51.89998904649994 ], [ 16.309499536456741, 51.888601325343927 ], [ 16.312950119655511, 51.887016946748318 ], [ 16.334639499762133, 51.883254047583719 ], [ 16.347948892100291, 51.880877479690298 ], [ 16.346305757243726, 51.876025320241212 ], [ 16.340719098731412, 51.8752331309434 ], [ 16.337925769475262, 51.874837036294494 ], [ 16.337925769475262, 51.870281947832098 ], [ 16.356000252897445, 51.858795203013869 ], [ 16.356657506840065, 51.858597155689409 ], [ 16.372595914948718, 51.853844019902553 ], [ 16.385740993801221, 51.846912363546735 ], [ 16.382783351059402, 51.840772896488701 ], [ 16.382126097116782, 51.839386565217538 ], [ 16.385412366829911, 51.838990470568632 ], [ 16.396914310825835, 51.837802186621929 ], [ 16.399707640081999, 51.833544169146194 ], [ 16.39461392202665, 51.820869140381248 ], [ 16.401186461452895, 51.812749200078713 ], [ 16.401679401909874, 51.805817543722881 ], [ 16.394778235512305, 51.797499556095886 ], [ 16.38935589048566, 51.79096399438896 ], [ 16.393463727627065, 51.787399142548821 ], [ 16.400036267053309, 51.789082544806661 ], [ 16.416138988647617, 51.78482452733094 ], [ 16.414331540305398, 51.782348935775289 ], [ 16.405458612079968, 51.772248522228224 ], [ 16.394449608540995, 51.767792457428044 ], [ 16.38935589048566, 51.768881717712532 ], [ 16.384262172430311, 51.769871954334789 ], [ 16.379825708317597, 51.767594410103584 ], [ 16.376703752090123, 51.762148108681146 ], [ 16.376868065575778, 51.757097901907613 ], [ 16.376868065575778, 51.752938908094123 ], [ 16.371281407063464, 51.748185772307266 ], [ 16.362079851866724, 51.740461926653623 ], [ 16.363887300208944, 51.736203909177902 ], [ 16.364380240665909, 51.735114648893415 ], [ 16.368159450836004, 51.728282016199813 ], [ 16.35715044729703, 51.717290389692707 ], [ 16.350742221356441, 51.714913821799286 ], [ 16.350084967413821, 51.714715774474826 ], [ 16.349756340442511, 51.714022608839244 ], [ 16.347948892100291, 51.709665567701293 ], [ 16.328231273821544, 51.702733911345462 ], [ 16.31590776239733, 51.700753438100946 ], [ 16.304898758858357, 51.699070035843107 ], [ 16.298326219432113, 51.694118852731791 ], [ 16.298326219432113, 51.694019829069575 ], [ 16.297997592460803, 51.690157906242746 ], [ 16.285838394522244, 51.689068645958258 ], [ 16.2781156606964, 51.688375480322676 ], [ 16.270557240356212, 51.685107699469214 ], [ 16.268421165042682, 51.678572137762288 ], [ 16.271707434755811, 51.675403380571055 ], [ 16.274829390983271, 51.672432670704268 ], [ 16.270064299899246, 51.663520541103921 ], [ 16.265134895329567, 51.671739505068686 ], [ 16.264313327901277, 51.67312583633985 ], [ 16.251661189505754, 51.685503794118119 ], [ 16.24393845567991, 51.688177432998231 ], [ 16.223234956487232, 51.695406160340738 ], [ 16.226685539686002, 51.699565154154229 ], [ 16.223727896944197, 51.703724147967733 ], [ 16.216333790089664, 51.714319679825934 ], [ 16.198587933638791, 51.717191366030491 ], [ 16.183635406444083, 51.713428466865892 ], [ 16.168189938792395, 51.709467520376847 ], [ 16.16096014542353, 51.712042135594729 ], [ 16.159809951023931, 51.717884531666073 ], [ 16.161946026337461, 51.719865004910588 ], [ 16.16802562530674, 51.73749121678685 ], [ 16.177062867017838, 51.763039321641187 ], [ 16.166711117421485, 51.760761777409982 ], [ 16.159481324052621, 51.759177398814373 ], [ 16.139928019259528, 51.759672517125495 ], [ 16.134012733775904, 51.759771540787725 ], [ 16.132205285433685, 51.764326629250121 ], [ 16.131876658462375, 51.765118818547933 ], [ 16.12711156737835, 51.764821747561257 ], [ 16.114952369439791, 51.764128581925675 ], [ 16.094084556761445, 51.767693433765814 ], [ 16.081432418365921, 51.77264461687713 ], [ 16.079624970023701, 51.773337782512712 ], [ 16.068780279970397, 51.782348935775289 ], [ 16.048898348205995, 51.781754793801923 ], [ 16.037067777238747, 51.781457722815247 ], [ 16.034438761468252, 51.78462648000648 ], [ 16.034274447982583, 51.790171805091148 ], [ 16.033945821011272, 51.796113224824722 ], [ 16.026880341128063, 51.802450739207188 ], [ 15.984158834857439, 51.803044881180554 ], [ 15.97775060891685, 51.796509319473628 ], [ 15.968056113263131, 51.793736656931287 ], [ 15.968056113263131, 51.787894260859943 ], [ 15.972163950404536, 51.782943077748641 ], [ 15.982351386515234, 51.778883107597366 ], [ 15.984651775314418, 51.778883107597366 ], [ 16.004369393593166, 51.778883107597366 ], [ 16.007491349820626, 51.775318255757227 ], [ 15.990402747312388, 51.769673907010343 ], [ 15.984158834857439, 51.771555356592643 ], [ 15.980379624687359, 51.772743640539346 ], [ 15.976436101031609, 51.768683670388072 ], [ 15.969863561605351, 51.767792457428044 ], [ 15.972328263890205, 51.759474469801049 ], [ 15.976107474060285, 51.746304322724967 ], [ 15.965427097492636, 51.744125802155992 ], [ 15.961812200808197, 51.74333361285818 ], [ 15.962140827779507, 51.739768761018041 ], [ 15.962469454750831, 51.734520506920063 ], [ 15.947681241041764, 51.735807814528997 ], [ 15.931085578990491, 51.73729316946239 ], [ 15.925991860935142, 51.730460536768788 ], [ 15.921884023793737, 51.728975181835395 ], [ 15.912353841625688, 51.725509353657486 ], [ 15.910875020254778, 51.726004471968608 ], [ 15.896744060488345, 51.730262489444343 ], [ 15.882777414207567, 51.720459146883954 ], [ 15.871768410668594, 51.72075621787063 ], [ 15.863552736385785, 51.701149532749852 ], [ 15.865688811699314, 51.69600030231409 ], [ 15.867989200498513, 51.68986083525607 ], [ 15.85911627227307, 51.688969622296028 ], [ 15.855830002559941, 51.688672551309352 ], [ 15.851393538447226, 51.68382039186028 ], [ 15.843670804621382, 51.681245776642399 ], [ 15.843342177650072, 51.675205333246595 ], [ 15.834304935938988, 51.672234623379822 ], [ 15.848764522676731, 51.665600038010666 ], [ 15.849750403590662, 51.66520394336176 ], [ 15.848928836162386, 51.664312730401733 ], [ 15.846464133877546, 51.661738115183852 ], [ 15.849421776619351, 51.660153736588228 ], [ 15.854022554217735, 51.657678145032577 ], [ 15.854844121646011, 51.652033796285679 ], [ 15.845149625992292, 51.64658749486324 ], [ 15.833811995482009, 51.640150956818545 ], [ 15.832826114568078, 51.626782762418017 ], [ 15.832497487596768, 51.621831579306715 ], [ 15.822638678457395, 51.608958503217309 ], [ 15.817216333430736, 51.602224894185937 ], [ 15.819845349201245, 51.590044983732128 ], [ 15.823624559371325, 51.572715842842541 ], [ 15.795198326352804, 51.571032440584702 ], [ 15.770715616990032, 51.569646109313538 ], [ 15.759542299965403, 51.56410078422887 ], [ 15.742782324428475, 51.556079867588551 ], [ 15.725858035405892, 51.552614039410642 ], [ 15.713205897010354, 51.555188654628523 ], [ 15.70384002832796, 51.557070104210823 ], [ 15.703675714842305, 51.547266761650434 ], [ 15.711727075639459, 51.544791170094769 ], [ 15.712548643067734, 51.544494099108093 ], [ 15.712055702610769, 51.539839986983466 ], [ 15.711069821696825, 51.529838597098632 ], [ 15.714027464438644, 51.517361615658132 ], [ 15.70170395301443, 51.517064544671456 ], [ 15.699896504672211, 51.514192858466899 ], [ 15.699074937243921, 51.512608479871275 ], [ 15.691845143875057, 51.512311408884599 ], [ 15.680014572907808, 51.511915314235694 ], [ 15.679193005479519, 51.509538746342272 ], [ 15.678207124565589, 51.506469012813255 ], [ 15.675578108795094, 51.50429049224428 ], [ 15.668019688454905, 51.497853954199584 ], [ 15.667362434512285, 51.49191253446601 ], [ 15.66703380754096, 51.490229132208171 ], [ 15.66571929965572, 51.489535966572589 ], [ 15.662104402971281, 51.48775354065252 ], [ 15.662597343428246, 51.484980878110193 ], [ 15.663254597370866, 51.481911144581176 ], [ 15.657667938858566, 51.474484369914208 ], [ 15.653724415202817, 51.472899991318599 ], [ 15.648795010633123, 51.476365819496507 ], [ 15.645344427434352, 51.478742387389943 ], [ 15.636142872237599, 51.478643363727713 ], [ 15.634828364352344, 51.47547460653648 ], [ 15.633842483438414, 51.472999014980829 ], [ 15.626941317040846, 51.471414636385205 ], [ 15.624640928241661, 51.470919518074069 ], [ 15.624147987784696, 51.46933513947846 ], [ 15.622833479899441, 51.463789814393792 ], [ 15.616753880930162, 51.460224962553653 ], [ 15.599665278421924, 51.446856768153125 ], [ 15.597364889622739, 51.448936265059871 ], [ 15.59506450082354, 51.4509167383044 ], [ 15.593421365966989, 51.45061966731771 ], [ 15.58980646928255, 51.449926501682128 ], [ 15.581919421971051, 51.453590377184497 ], [ 15.585862945626801, 51.457749370998002 ], [ 15.593257052481334, 51.465869311300537 ], [ 15.594900187337885, 51.469038068491784 ], [ 15.592435485053045, 51.471018541736299 ], [ 15.489410929546608, 51.526372768920709 ], [ 15.486781913776099, 51.518945994253755 ], [ 15.484974465433893, 51.514291882129129 ], [ 15.481359568749454, 51.513202621844641 ], [ 15.47084350566746, 51.514588953115805 ], [ 15.466899982011711, 51.518252828618174 ], [ 15.463449398812926, 51.521421585809406 ], [ 15.43699492762228, 51.527363005542981 ], [ 15.417934563286153, 51.52280791708057 ], [ 15.407089873232849, 51.520233301862689 ], [ 15.402817722605789, 51.524392295676193 ], [ 15.39739537757913, 51.529937620760847 ], [ 15.385893433583192, 51.527263981880751 ], [ 15.380142461585223, 51.51250945620906 ], [ 15.379485207642603, 51.510826053951206 ], [ 15.378335013243003, 51.510330935640084 ], [ 15.371105219874138, 51.506865107462161 ], [ 15.367983263646664, 51.493397889399404 ], [ 15.370612279417173, 51.48151504993227 ], [ 15.375705997472508, 51.480821884296688 ], [ 15.379649521128258, 51.480227742323336 ], [ 15.380635402042202, 51.471513660047435 ], [ 15.373076981702013, 51.469731234127366 ], [ 15.36141072422042, 51.470622447087393 ], [ 15.339064090171178, 51.472206825683017 ], [ 15.334298999087139, 51.452798187886685 ], [ 15.335449193486738, 51.451807951264428 ], [ 15.342021732912983, 51.44626262617976 ], [ 15.331998610287954, 51.433587597414814 ], [ 15.329040967546149, 51.429923721912445 ], [ 15.325919011318675, 51.418337953431987 ], [ 15.328383713603515, 51.414575054267402 ], [ 15.331834296802299, 51.40952484749387 ], [ 15.32361862251949, 51.408138516222706 ], [ 15.316388829150611, 51.41566431455189 ], [ 15.314745694294061, 51.417347716809729 ], [ 15.311788051552242, 51.417941858783095 ], [ 15.296178270414899, 51.421308663298774 ], [ 15.292070433273494, 51.42774520134347 ], [ 15.289770044474309, 51.431409076845839 ], [ 15.285662207332905, 51.430913958534717 ], [ 15.275474771222221, 51.429824698250229 ], [ 15.270381053166886, 51.43853878052613 ], [ 15.269559485738597, 51.440024135459524 ], [ 15.251485002316414, 51.448342123086519 ], [ 15.233574832379887, 51.44626262617976 ], [ 15.217472110785579, 51.444381176597474 ], [ 15.202683897076525, 51.445866531530854 ], [ 15.200547821762996, 51.448441146748735 ], [ 15.200876448734306, 51.452303069575564 ], [ 15.201862329648236, 51.462106412135952 ], [ 15.188552937310092, 51.463591767069346 ], [ 15.178529814685064, 51.458244489309124 ], [ 15.148953387266943, 51.442004608704039 ], [ 15.124142050932861, 51.434478810374856 ], [ 15.108860896766828, 51.42794324866793 ], [ 15.096701698828269, 51.425863751761185 ], [ 15.09522287745736, 51.426853988383442 ], [ 15.09242954820121, 51.428537390641281 ], [ 15.086349949231931, 51.425566680774509 ], [ 15.084542500889711, 51.417644787796405 ], [ 15.082077798604871, 51.407148279600435 ], [ 15.073369183865083, 51.398533220986764 ], [ 15.048886474502311, 51.396057629431112 ], [ 15.01931004708419, 51.393086919564325 ], [ 15.009944178401796, 51.375460707688077 ], [ 15.010601432344416, 51.371400737536803 ], [ 15.011751626744015, 51.364370057518741 ], [ 14.990555187094358, 51.363775915545389 ], [ 14.97412383852874, 51.363973962869849 ], [ 14.982503826297204, 51.373480234443548 ], [ 14.975766973385305, 51.376847038959241 ], [ 14.969851687901681, 51.379817748826028 ], [ 14.961307386647547, 51.395760558444437 ], [ 14.964100715903712, 51.397344937040046 ], [ 14.968372866530771, 51.399820528595711 ], [ 14.963279148475422, 51.405860971991501 ], [ 14.959992878762307, 51.40952484749387 ], [ 14.963936402418057, 51.414079935956266 ], [ 14.966565418188551, 51.417347716809729 ], [ 14.965908164245931, 51.421506710623234 ], [ 14.965086596817642, 51.42616082274786 ], [ 14.959992878762307, 51.432498337130326 ], [ 14.969194433959046, 51.433587597414814 ], [ 14.971166195786921, 51.433785644739274 ], [ 14.973137957614796, 51.441509490392903 ], [ 14.948162307795059, 51.471216589060759 ], [ 14.928116062545001, 51.47359315695418 ], [ 14.927623122088036, 51.47359315695418 ], [ 14.927623122088036, 51.47369218061641 ], [ 14.923679598432287, 51.480821884296688 ], [ 14.917928626434318, 51.483297475852339 ], [ 14.89853963512688, 51.482208215567852 ], [ 14.887037691130942, 51.487258422341384 ], [ 14.882272600046917, 51.486664280368032 ], [ 14.872413790907544, 51.485277949096869 ], [ 14.86436243011039, 51.490328155870401 ], [ 14.852203232171831, 51.490031084883725 ], [ 14.838236585891053, 51.499240285470748 ], [ 14.831335419493499, 51.503696350270928 ], [ 14.812110741671717, 51.507063154786621 ], [ 14.806031142702437, 51.513301645506857 ], [ 14.796500960534374, 51.517163568333686 ], [ 14.78483470305278, 51.518153804955944 ], [ 14.762159442032228, 51.520926467498271 ], [ 14.750821811521945, 51.522312798769434 ], [ 14.729953998843612, 51.530729810058659 ], [ 14.727489296558772, 51.53964193965902 ], [ 14.728146550501393, 51.542216554876902 ], [ 14.729625371872302, 51.548554069259367 ], [ 14.720916757132528, 51.553406228708454 ], [ 14.717794800905054, 51.555089630966293 ], [ 14.712372455878395, 51.562120310984355 ], [ 14.722066951532113, 51.571032440584702 ], [ 14.728310863987048, 51.576775812993816 ], [ 14.729789685357957, 51.581826019767348 ], [ 14.741784569810861, 51.592223504301103 ], [ 14.74326339118177, 51.5930156935989 ], [ 14.760680620661319, 51.602720012497073 ], [ 14.764952771288392, 51.608265337581727 ], [ 14.762816695974848, 51.618959893102158 ], [ 14.758873172319099, 51.623217910577878 ], [ 14.754272394720729, 51.628070070026965 ], [ 14.755258275634674, 51.645201163592077 ], [ 14.752136319407199, 51.651340630650097 ], [ 14.754436708206384, 51.65480645882802 ], [ 14.755093962149019, 51.655895719112507 ], [ 14.756737097005569, 51.660351783912674 ], [ 14.752629259864165, 51.66708539294406 ], [ 14.746549660894885, 51.675502404233285 ], [ 14.742770450724791, 51.677086782828894 ], [ 14.738333986612076, 51.678869208748964 ], [ 14.737348105698146, 51.683127226224698 ], [ 14.736197911298547, 51.687682314687095 ], [ 14.730282625814922, 51.689167669620488 ], [ 14.725353221245243, 51.690355953567206 ], [ 14.691668956685717, 51.70827923643013 ], [ 14.677209369947974, 51.722538643790699 ], [ 14.677209369947974, 51.722538643790699 ], [ 14.677045056462319, 51.722637667452929 ], [ 14.667843501265565, 51.72689568492865 ], [ 14.657491751669227, 51.741155092289205 ], [ 14.658149005611847, 51.752344766120771 ], [ 14.658806259554481, 51.753037931756353 ], [ 14.662914096695886, 51.757295949232073 ], [ 14.656341557269627, 51.7600686117744 ], [ 14.651247839214292, 51.762247132343376 ], [ 14.653383914527822, 51.768584646725856 ], [ 14.654698422413077, 51.7725455932149 ], [ 14.651083525728637, 51.785913787615428 ], [ 14.644675299788048, 51.795420059189141 ], [ 14.63317335579211, 51.800965384273795 ], [ 14.614277304941638, 51.803539999491676 ], [ 14.605897317173174, 51.804728283438394 ], [ 14.59784595637602, 51.816314051918852 ], [ 14.590123222550176, 51.821067187705708 ], [ 14.591930670892395, 51.839188517893092 ], [ 14.596202821519455, 51.841565085786513 ], [ 14.602939674431369, 51.840871920150931 ], [ 14.604582809287933, 51.840772896488701 ], [ 14.604582809287933, 51.843149464382137 ], [ 14.604747122773588, 51.847110410871181 ], [ 14.607540452029738, 51.846912363546735 ], [ 14.610991035228523, 51.846813339884505 ], [ 14.609676527343268, 51.849685026089062 ], [ 14.608197705972358, 51.852853783280295 ], [ 14.611648289171143, 51.85681472976934 ], [ 14.617234947683457, 51.857408871742706 ], [ 14.624464741052321, 51.858201061040504 ], [ 14.652726660585202, 51.875134107281184 ], [ 14.654698422413077, 51.880679432365838 ], [ 14.656012930298317, 51.883947213219301 ], [ 14.663735664124161, 51.889888632952875 ], [ 14.669650949607785, 51.889987656615105 ], [ 14.672937219320914, 51.889987656615105 ], [ 14.675073294634444, 51.893354461130784 ], [ 14.675401921605754, 51.893651532117474 ], [ 14.676387802519685, 51.894146650428596 ], [ 14.692819151085317, 51.901474401433333 ], [ 14.692819151085317, 51.905732418909054 ], [ 14.692819151085317, 51.909891412722558 ], [ 14.697584242169341, 51.913159193576021 ], [ 14.699227377025906, 51.914446501184955 ], [ 14.704321095081241, 51.923457654447532 ], [ 14.704485408566896, 51.924249843745343 ], [ 14.705306975995185, 51.93345904433238 ], [ 14.71220814239274, 51.936627801523613 ], [ 14.71253676936405, 51.936825848848059 ], [ 14.718780681818998, 51.942866292243863 ], [ 14.720588130161204, 51.951481350857534 ], [ 14.712865396335374, 51.9597003148223 ], [ 14.70826461873699, 51.964651497933616 ], [ 14.705635602966495, 51.976732384725196 ], [ 14.709579126622245, 51.979108952618631 ], [ 14.715658725591524, 51.982772828121 ], [ 14.721245384103838, 51.996141022521527 ], [ 14.716644606505454, 52.00119122929506 ], [ 14.715494412105869, 52.004459010148523 ], [ 14.722888518960403, 52.007825814664201 ], [ 14.724695967302608, 52.008717027624243 ], [ 14.726503415644828, 52.011786761153246 ], [ 14.728310863987048, 52.014955518344493 ], [ 14.731268506728867, 52.016935991589008 ], [ 14.739812807982986, 52.022778387660352 ], [ 14.740798688896916, 52.027432499784979 ], [ 14.741127315868241, 52.028818831056142 ], [ 14.74326339118177, 52.03010613866509 ], [ 14.747699855294485, 52.032779777545201 ], [ 14.74934299015105, 52.04238507278113 ], [ 14.748685736208415, 52.044860664336781 ], [ 14.74605672043792, 52.053772793937142 ], [ 14.751972005921544, 52.058030811412863 ], [ 14.757394350948204, 52.061892734239677 ], [ 14.758215918376479, 52.065952704390952 ], [ 14.755093962149019, 52.070111698204443 ], [ 14.745235153009645, 52.081796490347131 ], [ 14.744577899067011, 52.082390632320497 ], [ 14.734061835985017, 52.089124241351868 ], [ 14.708428932222645, 52.096253945032146 ], [ 14.699227377025906, 52.098828560250027 ], [ 14.682796028460288, 52.114078204232854 ], [ 14.683288968917253, 52.122495215522079 ], [ 14.683617595888563, 52.126060067362218 ], [ 14.682796028460288, 52.129426871877911 ], [ 14.679509758747159, 52.142696042616208 ], [ 14.689039940915222, 52.152103290527691 ], [ 14.70481403553822, 52.167550981834978 ], [ 14.702842273710345, 52.178047490030949 ], [ 14.694133658970557, 52.186068406671254 ], [ 14.685753671202093, 52.193594205000451 ], [ 14.688875627429567, 52.198842459098429 ], [ 14.698241496111962, 52.204090713196422 ], [ 14.704485408566896, 52.207556541374331 ], [ 14.710893634507499, 52.217260860272489 ], [ 14.715330098620214, 52.234490977499846 ], [ 14.692654837599648, 52.255781064878462 ], [ 14.674580354177465, 52.258454703758574 ], [ 14.645168240245013, 52.26300979222097 ], [ 14.637116879447859, 52.265386360114391 ], [ 14.617563574654767, 52.271228756185735 ], [ 14.600967912603494, 52.272020945483547 ], [ 14.59357380574896, 52.274694584363658 ], [ 14.588480087693625, 52.28152721705726 ], [ 14.587329893294026, 52.282913548328423 ], [ 14.584207937066552, 52.284794997910723 ], [ 14.575499322326777, 52.289746181022025 ], [ 14.575663635812433, 52.295687600755599 ], [ 14.579771472953837, 52.299153428933508 ], [ 14.582564802210001, 52.301529996826943 ], [ 14.584043623580897, 52.306679227262705 ], [ 14.575335008841122, 52.321730823921072 ], [ 14.567776588500934, 52.325493723085671 ], [ 14.561861303017309, 52.328464432952444 ], [ 14.562189929988619, 52.3350990183216 ], [ 14.562189929988619, 52.33965410678401 ], [ 14.559560914218125, 52.343317982286365 ], [ 14.55265974782057, 52.352923277522308 ], [ 14.55233112084926, 52.358666649931422 ], [ 14.551673866906626, 52.368965110802947 ], [ 14.551345239935316, 52.375104577860967 ], [ 14.534420950912732, 52.39500833396842 ], [ 14.545922894908657, 52.412436498520222 ], [ 14.545101327480381, 52.420160344173851 ], [ 14.544608387023416, 52.424913479960708 ], [ 14.549537791593096, 52.433429514912163 ], [ 14.56005385467509, 52.438875816334601 ], [ 14.563997378330839, 52.439469958307953 ], [ 14.577635397640307, 52.441351407890252 ], [ 14.608854959914993, 52.463829779215587 ], [ 14.610826721742868, 52.469276080638025 ], [ 14.611319662199833, 52.470959482895864 ], [ 14.614770245398617, 52.47749504460279 ], [ 14.622000038767482, 52.482248180389647 ], [ 14.63103728047858, 52.488090576460991 ], [ 14.634980804134329, 52.495715398452404 ], [ 14.630544340021615, 52.50225096015933 ], [ 14.618878082540022, 52.507598237919538 ], [ 14.613455737513362, 52.510073829475189 ], [ 14.606225944144484, 52.525917615431368 ], [ 14.604911436259243, 52.534136579396147 ], [ 14.613291424027707, 52.544633087592118 ], [ 14.616577693740837, 52.554535453814722 ], [ 14.626272189394541, 52.560278826223851 ], [ 14.6384313873331, 52.567408529904128 ], [ 14.639252954761389, 52.571468500055403 ], [ 14.636952565962204, 52.575330422882217 ], [ 14.630872966992925, 52.577905038100099 ], [ 14.619535336482642, 52.582658173886955 ], [ 14.611812602656798, 52.589094711931651 ], [ 14.608033392486703, 52.598799030829809 ], [ 14.607869079001048, 52.599294149140945 ], [ 14.596860075462089, 52.609790657336916 ], [ 14.564983259244784, 52.624545183008607 ], [ 14.575499322326777, 52.635437785853483 ], [ 14.583386369638276, 52.633358288946738 ], [ 14.584043623580897, 52.633259265284508 ], [ 14.625943562423231, 52.653658139703097 ], [ 14.626107875908886, 52.654054234352003 ], [ 14.62857257819374, 52.660391748734469 ], [ 14.640403149160974, 52.658411275489954 ], [ 14.650919212242982, 52.65078645349854 ], [ 14.660613707896701, 52.648607932929565 ], [ 14.662421156238906, 52.646726483347265 ], [ 14.662421156238906, 52.646627459685035 ], [ 14.659627826982756, 52.642270418547085 ], [ 14.67014389006475, 52.637715330084689 ], [ 14.696434047769742, 52.633358288946738 ], [ 14.720916757132528, 52.631575863026669 ], [ 14.733240268556742, 52.640983110938151 ], [ 14.733404582042397, 52.641181158262597 ], [ 14.738662613583386, 52.642369442209315 ], [ 14.748028482265795, 52.64464698644052 ], [ 14.749835930608015, 52.654846423649815 ], [ 14.751972005921544, 52.667719499739206 ], [ 14.763145322946173, 52.671185327917115 ], [ 14.766595906144943, 52.67356189581055 ], [ 14.776290401798661, 52.680790623153058 ], [ 14.79091430202206, 52.697030503758143 ], [ 14.797651154933973, 52.725747365803727 ], [ 14.796172333563064, 52.73525363737744 ], [ 14.798637035847904, 52.738026299919767 ], [ 14.795843706591754, 52.742977483031069 ], [ 14.790421361565095, 52.752186683618106 ], [ 14.792557436878624, 52.757038843067178 ], [ 14.801266051618413, 52.759118339973938 ], [ 14.810138979843842, 52.766347067316445 ], [ 14.817533086698376, 52.773674818321183 ], [ 14.828213463266025, 52.775160173254562 ], [ 14.846616573659517, 52.777833812134674 ], [ 14.849409902915681, 52.783082066232666 ], [ 14.847766768059117, 52.787736178357292 ], [ 14.847109514116482, 52.790013722588483 ], [ 14.853189113085776, 52.791102982872971 ], [ 14.86337654919646, 52.7930834561175 ], [ 14.863540862682115, 52.800807301771144 ], [ 14.86370517616777, 52.809620407709261 ], [ 14.85729695022718, 52.812987212224954 ], [ 14.856311069313236, 52.81348233053609 ], [ 14.856311069313236, 52.817047182376228 ], [ 14.856311069313236, 52.820017892243015 ], [ 14.854996561427981, 52.822493483798667 ], [ 14.852203232171831, 52.827840761558875 ], [ 14.863540862682115, 52.831207566074568 ], [ 14.871920850450579, 52.833683157630219 ], [ 14.868963207708759, 52.837545080457033 ], [ 14.865348311024334, 52.84239723990612 ], [ 14.866005564966954, 52.846457210057395 ], [ 14.887366318102266, 52.846160139070705 ], [ 14.893774544042856, 52.841010908634956 ], [ 14.895089051928096, 52.837545080457033 ], [ 14.896403559813351, 52.834079252279125 ], [ 14.917271372491683, 52.84239723990612 ], [ 14.918585880376938, 52.847942564990788 ], [ 14.910698833065439, 52.854082032048808 ], [ 14.89936120255517, 52.855369339657742 ], [ 14.89574630587073, 52.855765434306647 ], [ 14.890323960844071, 52.86071661741795 ], [ 14.904783547581815, 52.88378913071665 ], [ 14.916614118549063, 52.888740313827952 ], [ 14.924008225403597, 52.889235432139088 ], [ 14.925651360260161, 52.885076438325584 ], [ 14.934359974999936, 52.880719397187633 ], [ 14.950134069622933, 52.87745161633417 ], [ 14.954570533735648, 52.872599456885098 ], [ 14.957528176477467, 52.869529723356081 ], [ 14.964429342875022, 52.869628747018311 ], [ 14.968865806987736, 52.869628747018311 ], [ 14.98118931841195, 52.863192208973601 ], [ 14.980696377954985, 52.857547860226717 ], [ 14.980367750983675, 52.851705464155373 ], [ 14.986447349952954, 52.850220109221979 ], [ 14.987268917381229, 52.850022061897533 ], [ 14.988747738752139, 52.847348423017422 ], [ 14.991048127551323, 52.843288452866148 ], [ 15.008301043545231, 52.848041588653004 ], [ 15.008301043545231, 52.851210345844251 ], [ 15.008301043545231, 52.853388866413226 ], [ 15.015695150399765, 52.856656647266689 ], [ 15.036398649592442, 52.860320522769044 ], [ 15.040835113705157, 52.858340049524529 ], [ 15.043957069932631, 52.85269570077763 ], [ 15.048722161016656, 52.844575760475095 ], [ 15.065646450039239, 52.838535317079305 ], [ 15.071726049008518, 52.830613424101202 ], [ 15.186252548510907, 52.860320522769044 ], [ 15.196111357650281, 52.862796114324709 ], [ 15.200547821762996, 52.863984398271413 ], [ 15.280075548820591, 52.884185225365556 ], [ 15.287141028703815, 52.881313539160985 ], [ 15.288455536589069, 52.886660816921207 ], [ 15.288455536589069, 52.886660816921207 ], [ 15.29009867144562, 52.887056911570113 ], [ 15.327233519203929, 52.895671970183784 ], [ 15.331834296802299, 52.899038774699477 ], [ 15.331669983316644, 52.904386052459685 ], [ 15.326904892232619, 52.904088981473009 ], [ 15.322797055091215, 52.903791910486319 ], [ 15.312280992009207, 52.915872797277913 ], [ 15.305215512125997, 52.923893713918233 ], [ 15.292070433273494, 52.933201938167485 ], [ 15.284183385961995, 52.944490635661268 ], [ 15.283854758990685, 52.952412528639357 ], [ 15.286812401732504, 52.957165664426213 ], [ 15.307680214410837, 52.952511552301587 ], [ 15.352866422966301, 52.942411138754522 ], [ 15.369955025474539, 52.947857440176961 ], [ 15.381621282956132, 52.957858830061795 ], [ 15.383921671755317, 52.95993832696854 ], [ 15.387700881925412, 52.96181977655084 ], [ 15.387865195411067, 52.962710989510882 ], [ 15.389672643753286, 52.971623119111229 ], [ 15.40413223049103, 52.974494805315786 ], [ 15.418920444200097, 52.982911816605011 ], [ 15.443238840077214, 52.989843472960843 ], [ 15.448496871618204, 52.989546401974167 ], [ 15.464435279726857, 52.988754212676355 ], [ 15.486781913776099, 52.99697317664112 ], [ 15.537226153872567, 53.007469684837091 ], [ 15.542484185413556, 53.011232584001689 ], [ 15.546920649526271, 53.014500364855152 ], [ 15.55480769683777, 53.010935513015013 ], [ 15.560558668835739, 53.003013620036924 ], [ 15.571896299346022, 52.987664952391867 ], [ 15.581262168028431, 52.988259094365219 ], [ 15.58865627488295, 52.981723532658293 ], [ 15.595721754766174, 52.982614745618335 ], [ 15.607059385276443, 52.984100100551728 ], [ 15.624969555212971, 52.98043622504936 ], [ 15.635485618294979, 52.978257704480384 ], [ 15.652409907317562, 52.98469424252508 ], [ 15.681822021250028, 52.995784892694402 ], [ 15.70203257998574, 52.994695632409915 ], [ 15.711727075639459, 52.991922969867588 ], [ 15.723721960092362, 52.988457141689679 ], [ 15.765786212420352, 52.999943886507907 ], [ 15.774494827160126, 53.014104270206246 ], [ 15.768415228190847, 53.024798825726663 ], [ 15.767429347276902, 53.026284180660056 ], [ 15.787311279041305, 53.038662138438326 ], [ 15.801277925322083, 53.047277197051997 ], [ 15.796019893781093, 53.054010806083383 ], [ 15.791583429668364, 53.059556131168037 ], [ 15.805057135492177, 53.06312098300819 ], [ 15.816559079488115, 53.066091692874963 ], [ 15.816887706459426, 53.075300893462 ], [ 15.817216333430736, 53.084510094049037 ], [ 15.835948070795553, 53.089461277160339 ], [ 15.855172748617321, 53.094610507596101 ], [ 15.851722165418536, 53.104908968467612 ], [ 15.848107268734111, 53.115207429339137 ], [ 15.874397426439103, 53.120554707099345 ], [ 15.877190755695253, 53.120059588788209 ], [ 15.882120160264947, 53.119069352165951 ], [ 15.897729941402275, 53.121544943721602 ], [ 15.909724825855179, 53.123525416966132 ], [ 15.913339722539618, 53.121148849072696 ], [ 15.915804424824458, 53.119564470477087 ], [ 15.93437184870362, 53.116890831596976 ], [ 15.976271787545954, 53.110751364538956 ], [ 15.982022759543909, 53.115504500325812 ], [ 15.983994521371784, 53.113325979756837 ], [ 15.980379624687359, 53.103423613534218 ], [ 15.986787850627948, 53.093521247311614 ], [ 15.994510584453792, 53.090154442795921 ], [ 15.997468227195597, 53.085401307009064 ], [ 15.993853330511158, 53.073617491204161 ], [ 15.990731374283698, 53.070646781337373 ], [ 15.985801969714004, 53.065893645550517 ], [ 15.986130596685314, 53.061437580750336 ], [ 15.986787850627948, 53.056090302990128 ], [ 15.981365505601289, 53.055793232003452 ], [ 15.976436101031609, 53.055496161016777 ], [ 15.962469454750831, 53.041335777318437 ] ], [ [ 15.884256235578476, 52.466206347109008 ], [ 15.880477025408382, 52.470365340922513 ], [ 15.876697815238288, 52.470068269935837 ], [ 15.879819771465748, 52.465414157811196 ], [ 15.884256235578476, 52.466206347109008 ] ] ] } }
]
}
