,election_date,election_type,nuts_1_code,nuts_1_name,type,name,votes
0,1992-09-27,parliament,RO1,Macroregiunea Unu,0,eligible_voters,4044707
1,1992-09-27,parliament,RO1,Macroregiunea Unu,1,issued_ballots,3202484
2,1992-09-27,parliament,RO1,Macroregiunea Unu,2,A.D.N.,2194
3,1992-09-27,parliament,RO1,Macroregiunea Unu,2,C.D.R,480100
4,1992-09-27,parliament,RO1,Macroregiunea Unu,2,C.I.,20300
5,1992-09-27,parliament,RO1,Macroregiunea Unu,2,C.I.R.,1129
6,1992-09-27,parliament,RO1,Macroregiunea Unu,2,C.R.L.R.,483
7,1992-09-27,parliament,RO1,Macroregiunea Unu,2,C.S.S.,6237
8,1992-09-27,parliament,RO1,Macroregiunea Unu,2,F.D.R.16-20.XII.89.T,3854
9,1992-09-27,parliament,RO1,Macroregiunea Unu,2,F.D.S.N.,327992
10,1992-09-27,parliament,RO1,Macroregiunea Unu,2,F.S.N.,200040
11,1992-09-27,parliament,RO1,Macroregiunea Unu,2,FDGR,18580
12,1992-09-27,parliament,RO1,Macroregiunea Unu,2,L.N.E.R.,2317
13,1992-09-27,parliament,RO1,Macroregiunea Unu,2,M.E.R.,59028
14,1992-09-27,parliament,RO1,Macroregiunea Unu,2,N.P.L.,17087
15,1992-09-27,parliament,RO1,Macroregiunea Unu,2,P.A.J.N.,1128
16,1992-09-27,parliament,RO1,Macroregiunea Unu,2,P.C.E.R.S.N.,5738
17,1992-09-27,parliament,RO1,Macroregiunea Unu,2,P.D.A.R.,51528
18,1992-09-27,parliament,RO1,Macroregiunea Unu,2,P.D.C.,5619
19,1992-09-27,parliament,RO1,Macroregiunea Unu,2,P.D.N.,1759
20,1992-09-27,parliament,RO1,Macroregiunea Unu,2,P.D.S.(N.D.)N-V.R.,2775
21,1992-09-27,parliament,RO1,Macroregiunea Unu,2,P.L.M.R.,5943
22,1992-09-27,parliament,RO1,Macroregiunea Unu,2,P.L.REP.,3146
23,1992-09-27,parliament,RO1,Macroregiunea Unu,2,P.L.S.,931
24,1992-09-27,parliament,RO1,Macroregiunea Unu,2,P.M.P.L.I.R.,651
25,1992-09-27,parliament,RO1,Macroregiunea Unu,2,P.N.P.L.R.,5960
26,1992-09-27,parliament,RO1,Macroregiunea Unu,2,P.N.R.,678
27,1992-09-27,parliament,RO1,Macroregiunea Unu,2,P.N.T.C.D.I.,1892
28,1992-09-27,parliament,RO1,Macroregiunea Unu,2,P.R.,45504
29,1992-09-27,parliament,RO1,Macroregiunea Unu,2,P.R.I.R.,4448
30,1992-09-27,parliament,RO1,Macroregiunea Unu,2,P.R.N.S.,432
31,1992-09-27,parliament,RO1,Macroregiunea Unu,2,P.R.U.R.,7173
32,1992-09-27,parliament,RO1,Macroregiunea Unu,2,"P.S.D.""C.T.P.""",1140
33,1992-09-27,parliament,RO1,Macroregiunea Unu,2,P.S.D.I.,355
34,1992-09-27,parliament,RO1,Macroregiunea Unu,2,P.S.D.T.,2914
35,1992-09-27,parliament,RO1,Macroregiunea Unu,2,P.T.R.,590
36,1992-09-27,parliament,RO1,Macroregiunea Unu,2,P.TR.REP.,48
37,1992-09-27,parliament,RO1,Macroregiunea Unu,2,P.U.N.R.,546899
38,1992-09-27,parliament,RO1,Macroregiunea Unu,2,P.U.S-D.,10506
39,1992-09-27,parliament,RO1,Macroregiunea Unu,2,P.V.P.,1294
40,1992-09-27,parliament,RO1,Macroregiunea Unu,2,PDSR-PUR-PSDR,11923
41,1992-09-27,parliament,RO1,Macroregiunea Unu,2,PNL,60911
42,1992-09-27,parliament,RO1,Macroregiunea Unu,2,PNTCD,11412
43,1992-09-27,parliament,RO1,Macroregiunea Unu,2,PRM,70176
44,1992-09-27,parliament,RO1,Macroregiunea Unu,2,PRO,12766
45,1992-09-27,parliament,RO1,Macroregiunea Unu,2,PSM,28587
46,1992-09-27,parliament,RO1,Macroregiunea Unu,2,PUR,3572
47,1992-09-27,parliament,RO1,Macroregiunea Unu,2,S.N-D.,17883
48,1992-09-27,parliament,RO1,Macroregiunea Unu,2,U.A.R.,887
49,1992-09-27,parliament,RO1,Macroregiunea Unu,2,U.D.C.,160
50,1992-09-27,parliament,RO1,Macroregiunea Unu,2,U.D.SL.CE.R.,1909
51,1992-09-27,parliament,RO1,Macroregiunea Unu,2,U.E.R.,759
52,1992-09-27,parliament,RO1,Macroregiunea Unu,2,U.G.R.R.,7138
53,1992-09-27,parliament,RO1,Macroregiunea Unu,2,U.L.B.,12541
54,1992-09-27,parliament,RO1,Macroregiunea Unu,2,U.L.D.R.R.,10585
55,1992-09-27,parliament,RO1,Macroregiunea Unu,2,U.U.R.,3892
56,1992-09-27,parliament,RO1,Macroregiunea Unu,2,UDMR,723862
57,1992-09-27,parliament,RO2,Macroregiunea Doi,0,eligible_voters,4665825
58,1992-09-27,parliament,RO2,Macroregiunea Doi,1,issued_ballots,3708238
59,1992-09-27,parliament,RO2,Macroregiunea Doi,2,A.D.N.,2636
60,1992-09-27,parliament,RO2,Macroregiunea Doi,2,C.D.R,530960
61,1992-09-27,parliament,RO2,Macroregiunea Doi,2,C.D.U.,1389
62,1992-09-27,parliament,RO2,Macroregiunea Doi,2,C.I.,10814
63,1992-09-27,parliament,RO2,Macroregiunea Doi,2,C.I.R.,406
64,1992-09-27,parliament,RO2,Macroregiunea Doi,2,C.R.L.R.,12937
65,1992-09-27,parliament,RO2,Macroregiunea Doi,2,C.S.S.,11248
66,1992-09-27,parliament,RO2,Macroregiunea Doi,2,F.D.R.16-20.XII.89.T,1911
67,1992-09-27,parliament,RO2,Macroregiunea Doi,2,F.D.S.N.,1250546
68,1992-09-27,parliament,RO2,Macroregiunea Doi,2,F.S.N.,370892
69,1992-09-27,parliament,RO2,Macroregiunea Doi,2,FDGR,2879
70,1992-09-27,parliament,RO2,Macroregiunea Doi,2,L.N.E.R.,1519
71,1992-09-27,parliament,RO2,Macroregiunea Doi,2,M.E.R.,85127
72,1992-09-27,parliament,RO2,Macroregiunea Doi,2,M.I.E.,1367
73,1992-09-27,parliament,RO2,Macroregiunea Doi,2,N.P.L.,20269
74,1992-09-27,parliament,RO2,Macroregiunea Doi,2,P.A.J.N.,2347
75,1992-09-27,parliament,RO2,Macroregiunea Doi,2,P.C.E.R.S.N.,13030
76,1992-09-27,parliament,RO2,Macroregiunea Doi,2,P.D.A.R.,143077
77,1992-09-27,parliament,RO2,Macroregiunea Doi,2,P.D.C.,12200
78,1992-09-27,parliament,RO2,Macroregiunea Doi,2,P.D.I.,687
79,1992-09-27,parliament,RO2,Macroregiunea Doi,2,P.D.N.,424
80,1992-09-27,parliament,RO2,Macroregiunea Doi,2,P.D.S.D.R.,2687
81,1992-09-27,parliament,RO2,Macroregiunea Doi,2,P.L.M.R.,10790
82,1992-09-27,parliament,RO2,Macroregiunea Doi,2,P.L.REP.,6892
83,1992-09-27,parliament,RO2,Macroregiunea Doi,2,P.L.S.,2879
84,1992-09-27,parliament,RO2,Macroregiunea Doi,2,"P.M.N.""S.P.""",45
85,1992-09-27,parliament,RO2,Macroregiunea Doi,2,P.N.D.C.,3845
86,1992-09-27,parliament,RO2,Macroregiunea Doi,2,P.N.P.L.R.,11200
87,1992-09-27,parliament,RO2,Macroregiunea Doi,2,P.N.R.,444
88,1992-09-27,parliament,RO2,Macroregiunea Doi,2,P.N.T.C.D.I.,3456
89,1992-09-27,parliament,RO2,Macroregiunea Doi,2,P.R.,52836
90,1992-09-27,parliament,RO2,Macroregiunea Doi,2,P.R.C.R.,7765
91,1992-09-27,parliament,RO2,Macroregiunea Doi,2,P.R.D.P.R.R.,410
92,1992-09-27,parliament,RO2,Macroregiunea Doi,2,P.R.I.R.,1023
93,1992-09-27,parliament,RO2,Macroregiunea Doi,2,P.R.N.S.,2800
94,1992-09-27,parliament,RO2,Macroregiunea Doi,2,P.R.U.R.,7681
95,1992-09-27,parliament,RO2,Macroregiunea Doi,2,"P.S.D.""C.T.P.""",1236
96,1992-09-27,parliament,RO2,Macroregiunea Doi,2,P.S.D.I.,6780
97,1992-09-27,parliament,RO2,Macroregiunea Doi,2,P.S.D.T.,9322
98,1992-09-27,parliament,RO2,Macroregiunea Doi,2,P.T.R.,2644
99,1992-09-27,parliament,RO2,Macroregiunea Doi,2,P.U.D.M.,2358
100,1992-09-27,parliament,RO2,Macroregiunea Doi,2,P.U.N.R.,98977
101,1992-09-27,parliament,RO2,Macroregiunea Doi,2,P.U.P.,1173
102,1992-09-27,parliament,RO2,Macroregiunea Doi,2,P.U.S-D.,13789
103,1992-09-27,parliament,RO2,Macroregiunea Doi,2,PDSR,1573
104,1992-09-27,parliament,RO2,Macroregiunea Doi,2,PDSR-PUR-PSDR,22924
105,1992-09-27,parliament,RO2,Macroregiunea Doi,2,PLR,6770
106,1992-09-27,parliament,RO2,Macroregiunea Doi,2,PNL,88512
107,1992-09-27,parliament,RO2,Macroregiunea Doi,2,PNTCD,10181
108,1992-09-27,parliament,RO2,Macroregiunea Doi,2,PO,2665
109,1992-09-27,parliament,RO2,Macroregiunea Doi,2,PRM,122778
110,1992-09-27,parliament,RO2,Macroregiunea Doi,2,PRO,12249
111,1992-09-27,parliament,RO2,Macroregiunea Doi,2,PSM,75737
112,1992-09-27,parliament,RO2,Macroregiunea Doi,2,PUR,7672
113,1992-09-27,parliament,RO2,Macroregiunea Doi,2,S.N-D.,20490
114,1992-09-27,parliament,RO2,Macroregiunea Doi,2,U.A.R.,3701
115,1992-09-27,parliament,RO2,Macroregiunea Doi,2,U.D.C.,3370
116,1992-09-27,parliament,RO2,Macroregiunea Doi,2,U.D.T.R.,2569
117,1992-09-27,parliament,RO2,Macroregiunea Doi,2,U.D.T.T-M.R.,7269
118,1992-09-27,parliament,RO2,Macroregiunea Doi,2,U.E.R.,4470
119,1992-09-27,parliament,RO2,Macroregiunea Doi,2,U.G.R.R.,4020
120,1992-09-27,parliament,RO2,Macroregiunea Doi,2,U.L.B.,16737
121,1992-09-27,parliament,RO2,Macroregiunea Doi,2,U.L.D.R.R.,7533
122,1992-09-27,parliament,RO2,Macroregiunea Doi,2,U.U.R.,2096
123,1992-09-27,parliament,RO2,Macroregiunea Doi,2,UDMR,13905
124,1992-09-27,parliament,RO3,Macroregiunea Trei,0,eligible_voters,4376522
125,1992-09-27,parliament,RO3,Macroregiunea Trei,1,issued_ballots,3167053
126,1992-09-27,parliament,RO3,Macroregiunea Trei,2,A.D.N.,1094
127,1992-09-27,parliament,RO3,Macroregiunea Trei,2,C.D.R,660757
128,1992-09-27,parliament,RO3,Macroregiunea Trei,2,C.D.U.,6529
129,1992-09-27,parliament,RO3,Macroregiunea Trei,2,C.I.,7601
130,1992-09-27,parliament,RO3,Macroregiunea Trei,2,C.I.R.,1664
131,1992-09-27,parliament,RO3,Macroregiunea Trei,2,C.R.L.R.,868
132,1992-09-27,parliament,RO3,Macroregiunea Trei,2,C.S.S.,10306
133,1992-09-27,parliament,RO3,Macroregiunea Trei,2,F.D.R.16-20.XII.89.T,3029
134,1992-09-27,parliament,RO3,Macroregiunea Trei,2,F.D.S.N.,907495
135,1992-09-27,parliament,RO3,Macroregiunea Trei,2,F.D.U.N.R.,3008
136,1992-09-27,parliament,RO3,Macroregiunea Trei,2,F.S.N.,316084
137,1992-09-27,parliament,RO3,Macroregiunea Trei,2,FDGR,2466
138,1992-09-27,parliament,RO3,Macroregiunea Trei,2,L.N.E.R.,1339
139,1992-09-27,parliament,RO3,Macroregiunea Trei,2,M.E.R.,51194
140,1992-09-27,parliament,RO3,Macroregiunea Trei,2,N.P.L.,15330
141,1992-09-27,parliament,RO3,Macroregiunea Trei,2,P.A.J.N.,1106
142,1992-09-27,parliament,RO3,Macroregiunea Trei,2,P.C.E.R.S.N.,3316
143,1992-09-27,parliament,RO3,Macroregiunea Trei,2,P.D.A.R.,68496
144,1992-09-27,parliament,RO3,Macroregiunea Trei,2,P.D.C.,8056
145,1992-09-27,parliament,RO3,Macroregiunea Trei,2,P.D.I.,2703
146,1992-09-27,parliament,RO3,Macroregiunea Trei,2,P.D.M.R.,2303
147,1992-09-27,parliament,RO3,Macroregiunea Trei,2,P.D.N.,2085
148,1992-09-27,parliament,RO3,Macroregiunea Trei,2,P.L.M.R.,14910
149,1992-09-27,parliament,RO3,Macroregiunea Trei,2,P.L.REP.,3273
150,1992-09-27,parliament,RO3,Macroregiunea Trei,2,P.L.S.,8211
151,1992-09-27,parliament,RO3,Macroregiunea Trei,2,"P.M.N.""S.P.""",1577
152,1992-09-27,parliament,RO3,Macroregiunea Trei,2,P.N.D.C.,5770
153,1992-09-27,parliament,RO3,Macroregiunea Trei,2,P.N.P.L.R.,6226
154,1992-09-27,parliament,RO3,Macroregiunea Trei,2,P.N.R.,1026
155,1992-09-27,parliament,RO3,Macroregiunea Trei,2,P.N.T.C.D.I.,5370
156,1992-09-27,parliament,RO3,Macroregiunea Trei,2,P.R.,41852
157,1992-09-27,parliament,RO3,Macroregiunea Trei,2,P.R.C.D.,1020
158,1992-09-27,parliament,RO3,Macroregiunea Trei,2,P.R.C.R.,7128
159,1992-09-27,parliament,RO3,Macroregiunea Trei,2,P.R.D.P.R.R.,529
160,1992-09-27,parliament,RO3,Macroregiunea Trei,2,P.R.I.R.,841
161,1992-09-27,parliament,RO3,Macroregiunea Trei,2,P.R.N.S.,1855
162,1992-09-27,parliament,RO3,Macroregiunea Trei,2,P.R.U.R.,4211
163,1992-09-27,parliament,RO3,Macroregiunea Trei,2,"P.S.D.""C.T.P.""",4266
164,1992-09-27,parliament,RO3,Macroregiunea Trei,2,P.S.D.I.,3543
165,1992-09-27,parliament,RO3,Macroregiunea Trei,2,P.S.D.T.,3799
166,1992-09-27,parliament,RO3,Macroregiunea Trei,2,P.T.R.,4709
167,1992-09-27,parliament,RO3,Macroregiunea Trei,2,P.U.N.R.,82470
168,1992-09-27,parliament,RO3,Macroregiunea Trei,2,P.U.S-D.,12695
169,1992-09-27,parliament,RO3,Macroregiunea Trei,2,P.V.D.P.,2839
170,1992-09-27,parliament,RO3,Macroregiunea Trei,2,P.V.P.,724
171,1992-09-27,parliament,RO3,Macroregiunea Trei,2,PDSR-PUR-PSDR,32348
172,1992-09-27,parliament,RO3,Macroregiunea Trei,2,PLR,9587
173,1992-09-27,parliament,RO3,Macroregiunea Trei,2,PNL,75520
174,1992-09-27,parliament,RO3,Macroregiunea Trei,2,PNTCD,17168
175,1992-09-27,parliament,RO3,Macroregiunea Trei,2,PO,317
176,1992-09-27,parliament,RO3,Macroregiunea Trei,2,PPMT,2480
177,1992-09-27,parliament,RO3,Macroregiunea Trei,2,PRM,153218
178,1992-09-27,parliament,RO3,Macroregiunea Trei,2,PRO,18994
179,1992-09-27,parliament,RO3,Macroregiunea Trei,2,PSM,83972
180,1992-09-27,parliament,RO3,Macroregiunea Trei,2,PUR,5413
181,1992-09-27,parliament,RO3,Macroregiunea Trei,2,S.N-D.,23659
182,1992-09-27,parliament,RO3,Macroregiunea Trei,2,U.A.R.,1735
183,1992-09-27,parliament,RO3,Macroregiunea Trei,2,U.D.C.,2075
184,1992-09-27,parliament,RO3,Macroregiunea Trei,2,U.D.T.T-M.R.,379
185,1992-09-27,parliament,RO3,Macroregiunea Trei,2,U.E.R.,3205
186,1992-09-27,parliament,RO3,Macroregiunea Trei,2,U.G.R.R.,4459
187,1992-09-27,parliament,RO3,Macroregiunea Trei,2,U.L.B.,18011
188,1992-09-27,parliament,RO3,Macroregiunea Trei,2,U.L.D.R.R.,7822
189,1992-09-27,parliament,RO3,Macroregiunea Trei,2,UDMR,11994
190,1992-09-27,parliament,RO4,Macroregiunea Patru,0,eligible_voters,3293609
191,1992-09-27,parliament,RO4,Macroregiunea Patru,1,issued_ballots,2374773
192,1992-09-27,parliament,RO4,Macroregiunea Patru,2,A.D.N.,73
193,1992-09-27,parliament,RO4,Macroregiunea Patru,2,C.D.R,485818
194,1992-09-27,parliament,RO4,Macroregiunea Patru,2,C.D.U.,643
195,1992-09-27,parliament,RO4,Macroregiunea Patru,2,C.I.,19140
196,1992-09-27,parliament,RO4,Macroregiunea Patru,2,C.I.R.,876
197,1992-09-27,parliament,RO4,Macroregiunea Patru,2,C.R.L.R.,449
198,1992-09-27,parliament,RO4,Macroregiunea Patru,2,C.S.S.,7376
199,1992-09-27,parliament,RO4,Macroregiunea Patru,2,F.D.R.16-20.XII.89.T,5942
200,1992-09-27,parliament,RO4,Macroregiunea Patru,2,F.D.S.N.,510819
201,1992-09-27,parliament,RO4,Macroregiunea Patru,2,F.S.N.,212074
202,1992-09-27,parliament,RO4,Macroregiunea Patru,2,FDGR,10472
203,1992-09-27,parliament,RO4,Macroregiunea Patru,2,L.N.E.R.,1694
204,1992-09-27,parliament,RO4,Macroregiunea Patru,2,M.E.R.,47625
205,1992-09-27,parliament,RO4,Macroregiunea Patru,2,N.P.L.,10250
206,1992-09-27,parliament,RO4,Macroregiunea Patru,2,P.C.E.R.S.N.,3664
207,1992-09-27,parliament,RO4,Macroregiunea Patru,2,P.D.A.R.,59416
208,1992-09-27,parliament,RO4,Macroregiunea Patru,2,P.D.C.,6547
209,1992-09-27,parliament,RO4,Macroregiunea Patru,2,P.D.I.,1715
210,1992-09-27,parliament,RO4,Macroregiunea Patru,2,P.D.M.R.,1529
211,1992-09-27,parliament,RO4,Macroregiunea Patru,2,P.D.N.,1274
212,1992-09-27,parliament,RO4,Macroregiunea Patru,2,P.D.S.(N.D.)N-V.R.,288
213,1992-09-27,parliament,RO4,Macroregiunea Patru,2,P.L.M.R.,6593
214,1992-09-27,parliament,RO4,Macroregiunea Patru,2,"P.M.N.""S.P.""",17
215,1992-09-27,parliament,RO4,Macroregiunea Patru,2,P.N.D.C.,1634
216,1992-09-27,parliament,RO4,Macroregiunea Patru,2,P.N.P.L.R.,6209
217,1992-09-27,parliament,RO4,Macroregiunea Patru,2,P.N.T.C.D.I.,3948
218,1992-09-27,parliament,RO4,Macroregiunea Patru,2,P.R.,36609
219,1992-09-27,parliament,RO4,Macroregiunea Patru,2,P.R.C.R.,3389
220,1992-09-27,parliament,RO4,Macroregiunea Patru,2,P.R.D.P.R.R.,165
221,1992-09-27,parliament,RO4,Macroregiunea Patru,2,P.R.I.R.,7221
222,1992-09-27,parliament,RO4,Macroregiunea Patru,2,P.R.N.S.,133
223,1992-09-27,parliament,RO4,Macroregiunea Patru,2,P.R.U.R.,4301
224,1992-09-27,parliament,RO4,Macroregiunea Patru,2,"P.S.D.""C.T.P.""",361
225,1992-09-27,parliament,RO4,Macroregiunea Patru,2,P.S.D.I.,777
226,1992-09-27,parliament,RO4,Macroregiunea Patru,2,P.S.D.T.,5727
227,1992-09-27,parliament,RO4,Macroregiunea Patru,2,P.T.R.,1736
228,1992-09-27,parliament,RO4,Macroregiunea Patru,2,P.U.C.,101
229,1992-09-27,parliament,RO4,Macroregiunea Patru,2,P.U.N.R.,106571
230,1992-09-27,parliament,RO4,Macroregiunea Patru,2,P.U.S-D.,13065
231,1992-09-27,parliament,RO4,Macroregiunea Patru,2,P.V.D.P.,1475
232,1992-09-27,parliament,RO4,Macroregiunea Patru,2,P.V.P.,686
233,1992-09-27,parliament,RO4,Macroregiunea Patru,2,PDSR,952
234,1992-09-27,parliament,RO4,Macroregiunea Patru,2,PDSR-PUR-PSDR,26354
235,1992-09-27,parliament,RO4,Macroregiunea Patru,2,PNL,58376
236,1992-09-27,parliament,RO4,Macroregiunea Patru,2,PNTCD,8939
237,1992-09-27,parliament,RO4,Macroregiunea Patru,2,PRM,74229
238,1992-09-27,parliament,RO4,Macroregiunea Patru,2,PRO,7693
239,1992-09-27,parliament,RO4,Macroregiunea Patru,2,PSM,139439
240,1992-09-27,parliament,RO4,Macroregiunea Patru,2,PUR,6211
241,1992-09-27,parliament,RO4,Macroregiunea Patru,2,S.N-D.,16476
242,1992-09-27,parliament,RO4,Macroregiunea Patru,2,U.A.R.,692
243,1992-09-27,parliament,RO4,Macroregiunea Patru,2,U.B.B-R.,1886
244,1992-09-27,parliament,RO4,Macroregiunea Patru,2,U.D.SI.CR.R.,5306
245,1992-09-27,parliament,RO4,Macroregiunea Patru,2,U.D.SL.CE.R.,2753
246,1992-09-27,parliament,RO4,Macroregiunea Patru,2,U.E.R.,438
247,1992-09-27,parliament,RO4,Macroregiunea Patru,2,U.G.R.R.,5946
248,1992-09-27,parliament,RO4,Macroregiunea Patru,2,U.L.B.,7103
249,1992-09-27,parliament,RO4,Macroregiunea Patru,2,U.L.D.R.R.,4933
250,1992-09-27,parliament,RO4,Macroregiunea Patru,2,U.U.R.,1653
251,1992-09-27,parliament,RO4,Macroregiunea Patru,2,UDMR,65897
252,1992-09-27,parliament,RO4,Macroregiunea Patru,2,UUR,217
253,1992-09-27,president_a,RO1,Macroregiunea Unu,0,eligible_voters,4044707
254,1992-09-27,president_a,RO1,Macroregiunea Unu,1,issued_ballots,3202484
255,1992-09-27,president_a,RO1,Macroregiunea Unu,2,CAIUS TRAIAN DRAGOMIR,102806
256,1992-09-27,president_a,RO1,Macroregiunea Unu,2,EMIL CONSTANTINESCU,1404487
257,1992-09-27,president_a,RO1,Macroregiunea Unu,2,GHEORGHE FUNAR,712035
258,1992-09-27,president_a,RO1,Macroregiunea Unu,2,IOAN MANZATU,98604
259,1992-09-27,president_a,RO1,Macroregiunea Unu,2,ION ILIESCU,688081
260,1992-09-27,president_a,RO1,Macroregiunea Unu,2,MIRCEA DRUC,65182
261,1992-09-27,president_a,RO2,Macroregiunea Doi,0,eligible_voters,4665825
262,1992-09-27,president_a,RO2,Macroregiunea Doi,1,issued_ballots,3708238
263,1992-09-27,president_a,RO2,Macroregiunea Doi,2,CAIUS TRAIAN DRAGOMIR,186476
264,1992-09-27,president_a,RO2,Macroregiunea Doi,2,EMIL CONSTANTINESCU,715700
265,1992-09-27,president_a,RO2,Macroregiunea Doi,2,GHEORGHE FUNAR,199562
266,1992-09-27,president_a,RO2,Macroregiunea Doi,2,IOAN MANZATU,113716
267,1992-09-27,president_a,RO2,Macroregiunea Doi,2,ION ILIESCU,2175580
268,1992-09-27,president_a,RO2,Macroregiunea Doi,2,MIRCEA DRUC,118011
269,1992-09-27,president_a,RO3,Macroregiunea Trei,0,eligible_voters,4376522
270,1992-09-27,president_a,RO3,Macroregiunea Trei,1,issued_ballots,3167053
271,1992-09-27,president_a,RO3,Macroregiunea Trei,2,CAIUS TRAIAN DRAGOMIR,165240
272,1992-09-27,president_a,RO3,Macroregiunea Trei,2,EMIL CONSTANTINESCU,879798
273,1992-09-27,president_a,RO3,Macroregiunea Trei,2,GHEORGHE FUNAR,157862
274,1992-09-27,president_a,RO3,Macroregiunea Trei,2,IOAN MANZATU,75722
275,1992-09-27,president_a,RO3,Macroregiunea Trei,2,ION ILIESCU,1652778
276,1992-09-27,president_a,RO3,Macroregiunea Trei,2,MIRCEA DRUC,83730
277,1992-09-27,president_a,RO4,Macroregiunea Patru,0,eligible_voters,3293609
278,1992-09-27,president_a,RO4,Macroregiunea Patru,1,issued_ballots,2374773
279,1992-09-27,president_a,RO4,Macroregiunea Patru,2,CAIUS TRAIAN DRAGOMIR,107787
280,1992-09-27,president_a,RO4,Macroregiunea Patru,2,EMIL CONSTANTINESCU,691053
281,1992-09-27,president_a,RO4,Macroregiunea Patru,2,GHEORGHE FUNAR,220847
282,1992-09-27,president_a,RO4,Macroregiunea Patru,2,IOAN MANZATU,73278
283,1992-09-27,president_a,RO4,Macroregiunea Patru,2,ION ILIESCU,1100245
284,1992-09-27,president_a,RO4,Macroregiunea Patru,2,MIRCEA DRUC,58389
285,1992-09-27,president_b,RO1,Macroregiunea Unu,0,eligible_voters,4071390
286,1992-09-27,president_b,RO1,Macroregiunea Unu,1,issued_ballots,3073612
287,1992-09-27,president_b,RO1,Macroregiunea Unu,2,EMIL CONSTANTINESCU,1748980
288,1992-09-27,president_b,RO1,Macroregiunea Unu,2,ION ILIESCU,1296972
289,1992-09-27,president_b,RO2,Macroregiunea Doi,0,eligible_voters,4723566
290,1992-09-27,president_b,RO2,Macroregiunea Doi,1,issued_ballots,3594215
291,1992-09-27,president_b,RO2,Macroregiunea Doi,2,EMIL CONSTANTINESCU,933590
292,1992-09-27,president_b,RO2,Macroregiunea Doi,2,ION ILIESCU,2623333
293,1992-09-27,president_b,RO3,Macroregiunea Trei,0,eligible_voters,4472753
294,1992-09-27,president_b,RO3,Macroregiunea Trei,1,issued_ballots,3103762
295,1992-09-27,president_b,RO3,Macroregiunea Trei,2,EMIL CONSTANTINESCU,1047876
296,1992-09-27,president_b,RO3,Macroregiunea Trei,2,ION ILIESCU,2027678
297,1992-09-27,president_b,RO4,Macroregiunea Patru,0,eligible_voters,3329799
298,1992-09-27,president_b,RO4,Macroregiunea Patru,1,issued_ballots,2336115
299,1992-09-27,president_b,RO4,Macroregiunea Patru,2,EMIL CONSTANTINESCU,882202
300,1992-09-27,president_b,RO4,Macroregiunea Patru,2,ION ILIESCU,1428577
301,1996-11-03,parliament,RO1,Macroregiunea Unu,0,eligible_voters,4185201
302,1996-11-03,parliament,RO1,Macroregiunea Unu,1,issued_ballots,3301674
303,1996-11-03,parliament,RO1,Macroregiunea Unu,2,ANL,41645
304,1996-11-03,parliament,RO1,Macroregiunea Unu,2,ANLE,25402
305,1996-11-03,parliament,RO1,Macroregiunea Unu,2,ASCR,439
306,1996-11-03,parliament,RO1,Macroregiunea Unu,2,CDR,795875
307,1996-11-03,parliament,RO1,Macroregiunea Unu,2,CERR,1977
308,1996-11-03,parliament,RO1,Macroregiunea Unu,2,CITRO-IS14,4439
309,1996-11-03,parliament,RO1,Macroregiunea Unu,2,CRLR,517
310,1996-11-03,parliament,RO1,Macroregiunea Unu,2,FCER,1802
311,1996-11-03,parliament,RO1,Macroregiunea Unu,2,FDGR,11832
312,1996-11-03,parliament,RO1,Macroregiunea Unu,2,FITR,291
313,1996-11-03,parliament,RO1,Macroregiunea Unu,2,FTSEC,2142
314,1996-11-03,parliament,RO1,Macroregiunea Unu,2,PCER,5795
315,1996-11-03,parliament,RO1,Macroregiunea Unu,2,PDSR,326010
316,1996-11-03,parliament,RO1,Macroregiunea Unu,2,PFNDP,2291
317,1996-11-03,parliament,RO1,Macroregiunea Unu,2,PLDMRO,11503
318,1996-11-03,parliament,RO1,Macroregiunea Unu,2,PLR,7634
319,1996-11-03,parliament,RO1,Macroregiunea Unu,2,PMR,2992
320,1996-11-03,parliament,RO1,Macroregiunea Unu,2,PNA,14952
321,1996-11-03,parliament,RO1,Macroregiunea Unu,2,PNDC,15775
322,1996-11-03,parliament,RO1,Macroregiunea Unu,2,PNRO,7246
323,1996-11-03,parliament,RO1,Macroregiunea Unu,2,PNTCD,21441
324,1996-11-03,parliament,RO1,Macroregiunea Unu,2,PPDD,4531
325,1996-11-03,parliament,RO1,Macroregiunea Unu,2,PPR,35026
326,1996-11-03,parliament,RO1,Macroregiunea Unu,2,PPSR,4756
327,1996-11-03,parliament,RO1,Macroregiunea Unu,2,PPU,61343
328,1996-11-03,parliament,RO1,Macroregiunea Unu,2,PRM,94188
329,1996-11-03,parliament,RO1,Macroregiunea Unu,2,PRO,3438
330,1996-11-03,parliament,RO1,Macroregiunea Unu,2,PROD,6087
331,1996-11-03,parliament,RO1,Macroregiunea Unu,2,PRRO,1388
332,1996-11-03,parliament,RO1,Macroregiunea Unu,2,PRROM,1970
333,1996-11-03,parliament,RO1,Macroregiunea Unu,2,PSM,97496
334,1996-11-03,parliament,RO1,Macroregiunea Unu,2,PSMR,26532
335,1996-11-03,parliament,RO1,Macroregiunea Unu,2,PTP,683
336,1996-11-03,parliament,RO1,Macroregiunea Unu,2,PUNR,338445
337,1996-11-03,parliament,RO1,Macroregiunea Unu,2,RO.AS.IT,2842
338,1996-11-03,parliament,RO1,Macroregiunea Unu,2,ROMII,17998
339,1996-11-03,parliament,RO1,Macroregiunea Unu,2,U-ROMI,30566
340,1996-11-03,parliament,RO1,Macroregiunea Unu,2,U-SLOVACI,3520
341,1996-11-03,parliament,RO1,Macroregiunea Unu,2,U-UCRAINIENI,1514
342,1996-11-03,parliament,RO1,Macroregiunea Unu,2,UAR,195
343,1996-11-03,parliament,RO1,Macroregiunea Unu,2,UCAR,683
344,1996-11-03,parliament,RO1,Macroregiunea Unu,2,UDC,2189
345,1996-11-03,parliament,RO1,Macroregiunea Unu,2,UDMR,736399
346,1996-11-03,parliament,RO1,Macroregiunea Unu,2,UDUR,3156
347,1996-11-03,parliament,RO1,Macroregiunea Unu,2,USD,349443
348,1996-11-03,parliament,RO2,Macroregiunea Doi,0,eligible_voters,5052745
349,1996-11-03,parliament,RO2,Macroregiunea Doi,1,issued_ballots,3858003
350,1996-11-03,parliament,RO2,Macroregiunea Doi,2,ANL,68162
351,1996-11-03,parliament,RO2,Macroregiunea Doi,2,ANLE,25428
352,1996-11-03,parliament,RO2,Macroregiunea Doi,2,BRATSVO,1382
353,1996-11-03,parliament,RO2,Macroregiunea Doi,2,CDR,972269
354,1996-11-03,parliament,RO2,Macroregiunea Doi,2,CERR,1011
355,1996-11-03,parliament,RO2,Macroregiunea Doi,2,CIG,791
356,1996-11-03,parliament,RO2,Macroregiunea Doi,2,CITRO-IS14,3968
357,1996-11-03,parliament,RO2,Macroregiunea Doi,2,CRLR,10140
358,1996-11-03,parliament,RO2,Macroregiunea Doi,2,FCER,4149
359,1996-11-03,parliament,RO2,Macroregiunea Doi,2,FDGR,861
360,1996-11-03,parliament,RO2,Macroregiunea Doi,2,FITR,590
361,1996-11-03,parliament,RO2,Macroregiunea Doi,2,OVI,311
362,1996-11-03,parliament,RO2,Macroregiunea Doi,2,PCER,10727
363,1996-11-03,parliament,RO2,Macroregiunea Doi,2,PDSR,1039110
364,1996-11-03,parliament,RO2,Macroregiunea Doi,2,PFNDP,9495
365,1996-11-03,parliament,RO2,Macroregiunea Doi,2,PLC,1425
366,1996-11-03,parliament,RO2,Macroregiunea Doi,2,PLDMRO,111
367,1996-11-03,parliament,RO2,Macroregiunea Doi,2,PLR,11045
368,1996-11-03,parliament,RO2,Macroregiunea Doi,2,PMR,14512
369,1996-11-03,parliament,RO2,Macroregiunea Doi,2,PNA,14912
370,1996-11-03,parliament,RO2,Macroregiunea Doi,2,PNDC,29705
371,1996-11-03,parliament,RO2,Macroregiunea Doi,2,PNRO,10460
372,1996-11-03,parliament,RO2,Macroregiunea Doi,2,PNTCD,24444
373,1996-11-03,parliament,RO2,Macroregiunea Doi,2,PO,1302
374,1996-11-03,parliament,RO2,Macroregiunea Doi,2,PPDD,6078
375,1996-11-03,parliament,RO2,Macroregiunea Doi,2,PPR,51039
376,1996-11-03,parliament,RO2,Macroregiunea Doi,2,PPSR,4538
377,1996-11-03,parliament,RO2,Macroregiunea Doi,2,PPU,69851
378,1996-11-03,parliament,RO2,Macroregiunea Doi,2,PRM,189381
379,1996-11-03,parliament,RO2,Macroregiunea Doi,2,PRO,6462
380,1996-11-03,parliament,RO2,Macroregiunea Doi,2,PROD,7304
381,1996-11-03,parliament,RO2,Macroregiunea Doi,2,PRRO,3337
382,1996-11-03,parliament,RO2,Macroregiunea Doi,2,PRROM,261
383,1996-11-03,parliament,RO2,Macroregiunea Doi,2,PSM,190828
384,1996-11-03,parliament,RO2,Macroregiunea Doi,2,PSMR,98378
385,1996-11-03,parliament,RO2,Macroregiunea Doi,2,PSR,2255
386,1996-11-03,parliament,RO2,Macroregiunea Doi,2,PTP,3695
387,1996-11-03,parliament,RO2,Macroregiunea Doi,2,PUNR,68573
388,1996-11-03,parliament,RO2,Macroregiunea Doi,2,RO.AS.IT,2871
389,1996-11-03,parliament,RO2,Macroregiunea Doi,2,ROMII,29474
390,1996-11-03,parliament,RO2,Macroregiunea Doi,2,U-ELENA,5379
391,1996-11-03,parliament,RO2,Macroregiunea Doi,2,U-HUTULE,646
392,1996-11-03,parliament,RO2,Macroregiunea Doi,2,U-ROMI,11114
393,1996-11-03,parliament,RO2,Macroregiunea Doi,2,U-TATARI,5609
394,1996-11-03,parliament,RO2,Macroregiunea Doi,2,U-TURCA,4326
395,1996-11-03,parliament,RO2,Macroregiunea Doi,2,U-UCRAINIENI,4076
396,1996-11-03,parliament,RO2,Macroregiunea Doi,2,UAR,7227
397,1996-11-03,parliament,RO2,Macroregiunea Doi,2,UCAR,2786
398,1996-11-03,parliament,RO2,Macroregiunea Doi,2,UDC,8371
399,1996-11-03,parliament,RO2,Macroregiunea Doi,2,UDMR,8387
400,1996-11-03,parliament,RO2,Macroregiunea Doi,2,UDUR,976
401,1996-11-03,parliament,RO2,Macroregiunea Doi,2,URCT,640
402,1996-11-03,parliament,RO2,Macroregiunea Doi,2,USD,511919
403,1996-11-03,parliament,RO3,Macroregiunea Trei,0,eligible_voters,4554077
404,1996-11-03,parliament,RO3,Macroregiunea Trei,1,issued_ballots,3324460
405,1996-11-03,parliament,RO3,Macroregiunea Trei,2,ANL,38607
406,1996-11-03,parliament,RO3,Macroregiunea Trei,2,ANLE,23128
407,1996-11-03,parliament,RO3,Macroregiunea Trei,2,BRATSVO,3699
408,1996-11-03,parliament,RO3,Macroregiunea Trei,2,CDR,1117492
409,1996-11-03,parliament,RO3,Macroregiunea Trei,2,CERR,950
410,1996-11-03,parliament,RO3,Macroregiunea Trei,2,CIPH,437
411,1996-11-03,parliament,RO3,Macroregiunea Trei,2,CIPR,695
412,1996-11-03,parliament,RO3,Macroregiunea Trei,2,CITRO-IS14,1732
413,1996-11-03,parliament,RO3,Macroregiunea Trei,2,CRLR,843
414,1996-11-03,parliament,RO3,Macroregiunea Trei,2,FCER,4175
415,1996-11-03,parliament,RO3,Macroregiunea Trei,2,FDGR,1905
416,1996-11-03,parliament,RO3,Macroregiunea Trei,2,FITR,285
417,1996-11-03,parliament,RO3,Macroregiunea Trei,2,PCER,7032
418,1996-11-03,parliament,RO3,Macroregiunea Trei,2,PDSR,754489
419,1996-11-03,parliament,RO3,Macroregiunea Trei,2,PFNDP,6018
420,1996-11-03,parliament,RO3,Macroregiunea Trei,2,PLC,5199
421,1996-11-03,parliament,RO3,Macroregiunea Trei,2,PLR,5701
422,1996-11-03,parliament,RO3,Macroregiunea Trei,2,PMR,19422
423,1996-11-03,parliament,RO3,Macroregiunea Trei,2,PNA,15808
424,1996-11-03,parliament,RO3,Macroregiunea Trei,2,PNDC,13904
425,1996-11-03,parliament,RO3,Macroregiunea Trei,2,PNRO,4763
426,1996-11-03,parliament,RO3,Macroregiunea Trei,2,PNTCD,38471
427,1996-11-03,parliament,RO3,Macroregiunea Trei,2,PO,489
428,1996-11-03,parliament,RO3,Macroregiunea Trei,2,PPDD,5009
429,1996-11-03,parliament,RO3,Macroregiunea Trei,2,PPR,45986
430,1996-11-03,parliament,RO3,Macroregiunea Trei,2,PPSR,3977
431,1996-11-03,parliament,RO3,Macroregiunea Trei,2,PPU,35503
432,1996-11-03,parliament,RO3,Macroregiunea Trei,2,PRM,159833
433,1996-11-03,parliament,RO3,Macroregiunea Trei,2,PRO,4384
434,1996-11-03,parliament,RO3,Macroregiunea Trei,2,PROD,5995
435,1996-11-03,parliament,RO3,Macroregiunea Trei,2,PRRO,1969
436,1996-11-03,parliament,RO3,Macroregiunea Trei,2,PRROM,3284
437,1996-11-03,parliament,RO3,Macroregiunea Trei,2,PSM,184144
438,1996-11-03,parliament,RO3,Macroregiunea Trei,2,PSMR,53715
439,1996-11-03,parliament,RO3,Macroregiunea Trei,2,PSR,4363
440,1996-11-03,parliament,RO3,Macroregiunea Trei,2,PTP,4717
441,1996-11-03,parliament,RO3,Macroregiunea Trei,2,PUNR,58488
442,1996-11-03,parliament,RO3,Macroregiunea Trei,2,RO.AS.IT,3554
443,1996-11-03,parliament,RO3,Macroregiunea Trei,2,ROMII,21993
444,1996-11-03,parliament,RO3,Macroregiunea Trei,2,U-ELENA,2342
445,1996-11-03,parliament,RO3,Macroregiunea Trei,2,U-ROMI,16810
446,1996-11-03,parliament,RO3,Macroregiunea Trei,2,U-TATARI,602
447,1996-11-03,parliament,RO3,Macroregiunea Trei,2,U-UCRAINIENI,285
448,1996-11-03,parliament,RO3,Macroregiunea Trei,2,UAR,3940
449,1996-11-03,parliament,RO3,Macroregiunea Trei,2,UBBR,861
450,1996-11-03,parliament,RO3,Macroregiunea Trei,2,UCAR,2863
451,1996-11-03,parliament,RO3,Macroregiunea Trei,2,UDC,6703
452,1996-11-03,parliament,RO3,Macroregiunea Trei,2,UDMR,6211
453,1996-11-03,parliament,RO3,Macroregiunea Trei,2,UEPH,1509
454,1996-11-03,parliament,RO3,Macroregiunea Trei,2,USD,413825
455,1996-11-03,parliament,RO4,Macroregiunea Patru,0,eligible_voters,3426631
456,1996-11-03,parliament,RO4,Macroregiunea Patru,1,issued_ballots,2531893
457,1996-11-03,parliament,RO4,Macroregiunea Patru,2,ANL,42725
458,1996-11-03,parliament,RO4,Macroregiunea Patru,2,ANLE,21600
459,1996-11-03,parliament,RO4,Macroregiunea Patru,2,BRATSVO,236
460,1996-11-03,parliament,RO4,Macroregiunea Patru,2,CDR,774399
461,1996-11-03,parliament,RO4,Macroregiunea Patru,2,CERR,1207
462,1996-11-03,parliament,RO4,Macroregiunea Patru,2,CITRO-IS14,1263
463,1996-11-03,parliament,RO4,Macroregiunea Patru,2,CRLR,125
464,1996-11-03,parliament,RO4,Macroregiunea Patru,2,FCER,1737
465,1996-11-03,parliament,RO4,Macroregiunea Patru,2,FDGR,9170
466,1996-11-03,parliament,RO4,Macroregiunea Patru,2,FITR,545
467,1996-11-03,parliament,RO4,Macroregiunea Patru,2,PCER,3727
468,1996-11-03,parliament,RO4,Macroregiunea Patru,2,PDSR,506812
469,1996-11-03,parliament,RO4,Macroregiunea Patru,2,PFNDP,3110
470,1996-11-03,parliament,RO4,Macroregiunea Patru,2,PLC,3234
471,1996-11-03,parliament,RO4,Macroregiunea Patru,2,PLDMRO,2719
472,1996-11-03,parliament,RO4,Macroregiunea Patru,2,PLR,5050
473,1996-11-03,parliament,RO4,Macroregiunea Patru,2,PMR,12906
474,1996-11-03,parliament,RO4,Macroregiunea Patru,2,PNA,10068
475,1996-11-03,parliament,RO4,Macroregiunea Patru,2,PNDC,9623
476,1996-11-03,parliament,RO4,Macroregiunea Patru,2,PNRO,11107
477,1996-11-03,parliament,RO4,Macroregiunea Patru,2,PNTCD,16323
478,1996-11-03,parliament,RO4,Macroregiunea Patru,2,PPDD,2162
479,1996-11-03,parliament,RO4,Macroregiunea Patru,2,PPR,42777
480,1996-11-03,parliament,RO4,Macroregiunea Patru,2,PPSR,3290
481,1996-11-03,parliament,RO4,Macroregiunea Patru,2,PPU,81871
482,1996-11-03,parliament,RO4,Macroregiunea Patru,2,PRM,100569
483,1996-11-03,parliament,RO4,Macroregiunea Patru,2,PRO,2818
484,1996-11-03,parliament,RO4,Macroregiunea Patru,2,PROD,6100
485,1996-11-03,parliament,RO4,Macroregiunea Patru,2,PRRO,522
486,1996-11-03,parliament,RO4,Macroregiunea Patru,2,PRROM,2154
487,1996-11-03,parliament,RO4,Macroregiunea Patru,2,PSM,174127
488,1996-11-03,parliament,RO4,Macroregiunea Patru,2,PSMR,32970
489,1996-11-03,parliament,RO4,Macroregiunea Patru,2,PSR,2389
490,1996-11-03,parliament,RO4,Macroregiunea Patru,2,PTP,2646
491,1996-11-03,parliament,RO4,Macroregiunea Patru,2,PUNR,65629
492,1996-11-03,parliament,RO4,Macroregiunea Patru,2,RO.AS.IT,480
493,1996-11-03,parliament,RO4,Macroregiunea Patru,2,ROMII,12476
494,1996-11-03,parliament,RO4,Macroregiunea Patru,2,U-CROATI,486
495,1996-11-03,parliament,RO4,Macroregiunea Patru,2,U-ELENA,611
496,1996-11-03,parliament,RO4,Macroregiunea Patru,2,U-ROMI,12279
497,1996-11-03,parliament,RO4,Macroregiunea Patru,2,U-SARBI,6851
498,1996-11-03,parliament,RO4,Macroregiunea Patru,2,U-SLOVACI,3011
499,1996-11-03,parliament,RO4,Macroregiunea Patru,2,U-UCRAINIENI,1264
500,1996-11-03,parliament,RO4,Macroregiunea Patru,2,UBBR,3184
501,1996-11-03,parliament,RO4,Macroregiunea Patru,2,UCAR,2297
502,1996-11-03,parliament,RO4,Macroregiunea Patru,2,UDC,2224
503,1996-11-03,parliament,RO4,Macroregiunea Patru,2,UDMR,58117
504,1996-11-03,parliament,RO4,Macroregiunea Patru,2,USD,300272
505,1996-11-03,president_a,RO1,Macroregiunea Unu,0,eligible_voters,4185201
506,1996-11-03,president_a,RO1,Macroregiunea Unu,1,issued_ballots,3301674
507,1996-11-03,president_a,RO1,Macroregiunea Unu,2,ADRIAN PAUNESCU,13336
508,1996-11-03,president_a,RO1,Macroregiunea Unu,2,CONSTANTIN MUDAVA,7838
509,1996-11-03,president_a,RO1,Macroregiunea Unu,2,CONSTANTIN NICULESCU,8198
510,1996-11-03,president_a,RO1,Macroregiunea Unu,2,CORNELIU VADIM TUDOR,103451
511,1996-11-03,president_a,RO1,Macroregiunea Unu,2,EMIL CONSTANTINESCU,852129
512,1996-11-03,president_a,RO1,Macroregiunea Unu,2,GEORGE MUNTEAN,12525
513,1996-11-03,president_a,RO1,Macroregiunea Unu,2,GHEORGHE FUNAR,242019
514,1996-11-03,president_a,RO1,Macroregiunea Unu,2,GYORGY FRUNDA,696795
515,1996-11-03,president_a,RO1,Macroregiunea Unu,2,IOAN POP DE POPA,11789
516,1996-11-03,president_a,RO1,Macroregiunea Unu,2,ION ILIESCU,562984
517,1996-11-03,president_a,RO1,Macroregiunea Unu,2,NICOLAE MANOLESCU,18200
518,1996-11-03,president_a,RO1,Macroregiunea Unu,2,NICOLAE MILITARU,7986
519,1996-11-03,president_a,RO1,Macroregiunea Unu,2,NUTU ANGHELINA,8855
520,1996-11-03,president_a,RO1,Macroregiunea Unu,2,PETRE ROMAN,627026
521,1996-11-03,president_a,RO1,Macroregiunea Unu,2,RADU CAMPEANU,10008
522,1996-11-03,president_a,RO1,Macroregiunea Unu,2,TUDOR MOHORA,21522
523,1996-11-03,president_a,RO2,Macroregiunea Doi,0,eligible_voters,5052745
524,1996-11-03,president_a,RO2,Macroregiunea Doi,1,issued_ballots,3858003
525,1996-11-03,president_a,RO2,Macroregiunea Doi,2,ADRIAN PAUNESCU,26081
526,1996-11-03,president_a,RO2,Macroregiunea Doi,2,CONSTANTIN MUDAVA,13268
527,1996-11-03,president_a,RO2,Macroregiunea Doi,2,CONSTANTIN NICULESCU,9111
528,1996-11-03,president_a,RO2,Macroregiunea Doi,2,CORNELIU VADIM TUDOR,219713
529,1996-11-03,president_a,RO2,Macroregiunea Doi,2,EMIL CONSTANTINESCU,906578
530,1996-11-03,president_a,RO2,Macroregiunea Doi,2,GEORGE MUNTEAN,15886
531,1996-11-03,president_a,RO2,Macroregiunea Doi,2,GHEORGHE FUNAR,60388
532,1996-11-03,president_a,RO2,Macroregiunea Doi,2,GYORGY FRUNDA,7354
533,1996-11-03,president_a,RO2,Macroregiunea Doi,2,IOAN POP DE POPA,17340
534,1996-11-03,president_a,RO2,Macroregiunea Doi,2,ION ILIESCU,1546303
535,1996-11-03,president_a,RO2,Macroregiunea Doi,2,NICOLAE MANOLESCU,29933
536,1996-11-03,president_a,RO2,Macroregiunea Doi,2,NICOLAE MILITARU,9040
537,1996-11-03,president_a,RO2,Macroregiunea Doi,2,NUTU ANGHELINA,16980
538,1996-11-03,president_a,RO2,Macroregiunea Doi,2,PETRE ROMAN,773919
539,1996-11-03,president_a,RO2,Macroregiunea Doi,2,RADU CAMPEANU,13532
540,1996-11-03,president_a,RO2,Macroregiunea Doi,2,TUDOR MOHORA,47327
541,1996-11-03,president_a,RO3,Macroregiunea Trei,0,eligible_voters,4554077
542,1996-11-03,president_a,RO3,Macroregiunea Trei,1,issued_ballots,3324460
543,1996-11-03,president_a,RO3,Macroregiunea Trei,2,ADRIAN PAUNESCU,22018
544,1996-11-03,president_a,RO3,Macroregiunea Trei,2,CONSTANTIN MUDAVA,9934
545,1996-11-03,president_a,RO3,Macroregiunea Trei,2,CONSTANTIN NICULESCU,6773
546,1996-11-03,president_a,RO3,Macroregiunea Trei,2,CORNELIU VADIM TUDOR,157841
547,1996-11-03,president_a,RO3,Macroregiunea Trei,2,EMIL CONSTANTINESCU,1026325
548,1996-11-03,president_a,RO3,Macroregiunea Trei,2,GEORGE MUNTEAN,12817
549,1996-11-03,president_a,RO3,Macroregiunea Trei,2,GHEORGHE FUNAR,47147
550,1996-11-03,president_a,RO3,Macroregiunea Trei,2,GYORGY FRUNDA,7206
551,1996-11-03,president_a,RO3,Macroregiunea Trei,2,IOAN POP DE POPA,18177
552,1996-11-03,president_a,RO3,Macroregiunea Trei,2,ION ILIESCU,1125843
553,1996-11-03,president_a,RO3,Macroregiunea Trei,2,NICOLAE MANOLESCU,22257
554,1996-11-03,president_a,RO3,Macroregiunea Trei,2,NICOLAE MILITARU,6130
555,1996-11-03,president_a,RO3,Macroregiunea Trei,2,NUTU ANGHELINA,9887
556,1996-11-03,president_a,RO3,Macroregiunea Trei,2,PETRE ROMAN,687137
557,1996-11-03,president_a,RO3,Macroregiunea Trei,2,RADU CAMPEANU,10289
558,1996-11-03,president_a,RO3,Macroregiunea Trei,2,TUDOR MOHORA,50884
559,1996-11-03,president_a,RO4,Macroregiunea Patru,0,eligible_voters,3426631
560,1996-11-03,president_a,RO4,Macroregiunea Patru,1,issued_ballots,2531893
561,1996-11-03,president_a,RO4,Macroregiunea Patru,2,ADRIAN PAUNESCU,25099
562,1996-11-03,president_a,RO4,Macroregiunea Patru,2,CONSTANTIN MUDAVA,8270
563,1996-11-03,president_a,RO4,Macroregiunea Patru,2,CONSTANTIN NICULESCU,5657
564,1996-11-03,president_a,RO4,Macroregiunea Patru,2,CORNELIU VADIM TUDOR,113858
565,1996-11-03,president_a,RO4,Macroregiunea Patru,2,EMIL CONSTANTINESCU,751735
566,1996-11-03,president_a,RO4,Macroregiunea Patru,2,GEORGE MUNTEAN,12874
567,1996-11-03,president_a,RO4,Macroregiunea Patru,2,GHEORGHE FUNAR,56531
568,1996-11-03,president_a,RO4,Macroregiunea Patru,2,GYORGY FRUNDA,46823
569,1996-11-03,president_a,RO4,Macroregiunea Patru,2,IOAN POP DE POPA,11983
570,1996-11-03,president_a,RO4,Macroregiunea Patru,2,ION ILIESCU,832176
571,1996-11-03,president_a,RO4,Macroregiunea Patru,2,NICOLAE MANOLESCU,18879
572,1996-11-03,president_a,RO4,Macroregiunea Patru,2,NICOLAE MILITARU,5026
573,1996-11-03,president_a,RO4,Macroregiunea Patru,2,NUTU ANGHELINA,7386
574,1996-11-03,president_a,RO4,Macroregiunea Patru,2,PETRE ROMAN,497346
575,1996-11-03,president_a,RO4,Macroregiunea Patru,2,RADU CAMPEANU,9665
576,1996-11-03,president_a,RO4,Macroregiunea Patru,2,TUDOR MOHORA,40215
577,1996-11-03,president_b,RO1,Macroregiunea Unu,0,eligible_voters,4185810
578,1996-11-03,president_b,RO1,Macroregiunea Unu,1,issued_ballots,3299328
579,1996-11-03,president_b,RO1,Macroregiunea Unu,2,EMIL CONSTANTINESCU,2289655
580,1996-11-03,president_b,RO1,Macroregiunea Unu,2,ION ILIESCU,987776
581,1996-11-03,president_b,RO2,Macroregiunea Doi,0,eligible_voters,5059242
582,1996-11-03,president_b,RO2,Macroregiunea Doi,1,issued_ballots,3819243
583,1996-11-03,president_b,RO2,Macroregiunea Doi,2,EMIL CONSTANTINESCU,1687763
584,1996-11-03,president_b,RO2,Macroregiunea Doi,2,ION ILIESCU,2094302
585,1996-11-03,president_b,RO3,Macroregiunea Trei,0,eligible_voters,4554072
586,1996-11-03,president_b,RO3,Macroregiunea Trei,1,issued_ballots,3325401
587,1996-11-03,president_b,RO3,Macroregiunea Trei,2,EMIL CONSTANTINESCU,1684403
588,1996-11-03,president_b,RO3,Macroregiunea Trei,2,ION ILIESCU,1614558
589,1996-11-03,president_b,RO4,Macroregiunea Patru,0,eligible_voters,3431530
590,1996-11-03,president_b,RO4,Macroregiunea Patru,1,issued_ballots,2549954
591,1996-11-03,president_b,RO4,Macroregiunea Patru,2,EMIL CONSTANTINESCU,1330929
592,1996-11-03,president_b,RO4,Macroregiunea Patru,2,ION ILIESCU,1198784
593,2000-11-26,parliament,RO1,Macroregiunea Unu,0,eligible_voters,4311325
594,2000-11-26,parliament,RO1,Macroregiunea Unu,1,issued_ballots,2841550
595,2000-11-26,parliament,RO1,Macroregiunea Unu,2,AMSR,1090
596,2000-11-26,parliament,RO1,Macroregiunea Unu,2,ApR,116099
597,2000-11-26,parliament,RO1,Macroregiunea Unu,2,BRATSTVO,94
598,2000-11-26,parliament,RO1,Macroregiunea Unu,2,C - ROMII,7571
599,2000-11-26,parliament,RO1,Macroregiunea Unu,2,C ELENA PH,204
600,2000-11-26,parliament,RO1,Macroregiunea Unu,2,C ITRO - IS2,6403
601,2000-11-26,parliament,RO1,Macroregiunea Unu,2,C LIPOVENI,128
602,2000-11-26,parliament,RO1,Macroregiunea Unu,2,CDR,127056
603,2000-11-26,parliament,RO1,Macroregiunea Unu,2,ECOLOGISTII,25258
604,2000-11-26,parliament,RO1,Macroregiunea Unu,2,F - EVREI,2859
605,2000-11-26,parliament,RO1,Macroregiunea Unu,2,FDGR,28297
606,2000-11-26,parliament,RO1,Macroregiunea Unu,2,G2K,3189
607,2000-11-26,parliament,RO1,Macroregiunea Unu,2,L C- ITALIENI,904
608,2000-11-26,parliament,RO1,Macroregiunea Unu,2,LDCR,1329
609,2000-11-26,parliament,RO1,Macroregiunea Unu,2,P ROMII,23270
610,2000-11-26,parliament,RO1,Macroregiunea Unu,2,PD,173905
611,2000-11-26,parliament,RO1,Macroregiunea Unu,2,PDPRD,4991
612,2000-11-26,parliament,RO1,Macroregiunea Unu,2,PDSR,531398
613,2000-11-26,parliament,RO1,Macroregiunea Unu,2,PLDMRO,378
614,2000-11-26,parliament,RO1,Macroregiunea Unu,2,PLDR,11106
615,2000-11-26,parliament,RO1,Macroregiunea Unu,2,PLRSD,8491
616,2000-11-26,parliament,RO1,Macroregiunea Unu,2,PMP,2481
617,2000-11-26,parliament,RO1,Macroregiunea Unu,2,PMR,10760
618,2000-11-26,parliament,RO1,Macroregiunea Unu,2,PNDC,11000
619,2000-11-26,parliament,RO1,Macroregiunea Unu,2,PNG,6427
620,2000-11-26,parliament,RO1,Macroregiunea Unu,2,PNL,220136
621,2000-11-26,parliament,RO1,Macroregiunea Unu,2,PNTCD,10868
622,2000-11-26,parliament,RO1,Macroregiunea Unu,2,PO,172
623,2000-11-26,parliament,RO1,Macroregiunea Unu,2,PPDD,4199
624,2000-11-26,parliament,RO1,Macroregiunea Unu,2,PPU,45553
625,2000-11-26,parliament,RO1,Macroregiunea Unu,2,PRM,484964
626,2000-11-26,parliament,RO1,Macroregiunea Unu,2,PRN,7081
627,2000-11-26,parliament,RO1,Macroregiunea Unu,2,PRO,1881
628,2000-11-26,parliament,RO1,Macroregiunea Unu,2,PSAP,16033
629,2000-11-26,parliament,RO1,Macroregiunea Unu,2,PSDCTP,3113
630,2000-11-26,parliament,RO1,Macroregiunea Unu,2,PSM,15755
631,2000-11-26,parliament,RO1,Macroregiunea Unu,2,PSR,2140
632,2000-11-26,parliament,RO1,Macroregiunea Unu,2,PUNR,74941
633,2000-11-26,parliament,RO1,Macroregiunea Unu,2,PVR,11182
634,2000-11-26,parliament,RO1,Macroregiunea Unu,2,U - ARMENI,2729
635,2000-11-26,parliament,RO1,Macroregiunea Unu,2,U - CEHI,2242
636,2000-11-26,parliament,RO1,Macroregiunea Unu,2,U - CROATI,3706
637,2000-11-26,parliament,RO1,Macroregiunea Unu,2,U - ELENA,2023
638,2000-11-26,parliament,RO1,Macroregiunea Unu,2,U - POLONEZI,515
639,2000-11-26,parliament,RO1,Macroregiunea Unu,2,U - RUTENI,2310
640,2000-11-26,parliament,RO1,Macroregiunea Unu,2,U - UCRAINENI,3516
641,2000-11-26,parliament,RO1,Macroregiunea Unu,2,U D - UCRAINENI,2013
642,2000-11-26,parliament,RO1,Macroregiunea Unu,2,UBBR,5220
643,2000-11-26,parliament,RO1,Macroregiunea Unu,2,UCAR,1172
644,2000-11-26,parliament,RO1,Macroregiunea Unu,2,UDMR,660282
645,2000-11-26,parliament,RO2,Macroregiunea Doi,0,eligible_voters,5242664
646,2000-11-26,parliament,RO2,Macroregiunea Doi,1,issued_ballots,3436978
647,2000-11-26,parliament,RO2,Macroregiunea Doi,2,A - BULGARI,4709
648,2000-11-26,parliament,RO2,Macroregiunea Doi,2,ApR,137929
649,2000-11-26,parliament,RO2,Macroregiunea Doi,2,BRATSTVO,948
650,2000-11-26,parliament,RO2,Macroregiunea Doi,2,C - ELPIS CT,449
651,2000-11-26,parliament,RO2,Macroregiunea Doi,2,C - TURCA,2191
652,2000-11-26,parliament,RO2,Macroregiunea Doi,2,C ELENA PH,122
653,2000-11-26,parliament,RO2,Macroregiunea Doi,2,C ITRO - IS2,6005
654,2000-11-26,parliament,RO2,Macroregiunea Doi,2,C LIPOVENI,9478
655,2000-11-26,parliament,RO2,Macroregiunea Doi,2,C- ELENA IS,2072
656,2000-11-26,parliament,RO2,Macroregiunea Doi,2,CDR,119261
657,2000-11-26,parliament,RO2,Macroregiunea Doi,2,ECOLOGISTII,34323
658,2000-11-26,parliament,RO2,Macroregiunea Doi,2,F - EVREI,3372
659,2000-11-26,parliament,RO2,Macroregiunea Doi,2,FDGR,1664
660,2000-11-26,parliament,RO2,Macroregiunea Doi,2,G2K,2725
661,2000-11-26,parliament,RO2,Macroregiunea Doi,2,L C- ITALIENI,2012
662,2000-11-26,parliament,RO2,Macroregiunea Doi,2,P ROMII,17717
663,2000-11-26,parliament,RO2,Macroregiunea Doi,2,PD,179526
664,2000-11-26,parliament,RO2,Macroregiunea Doi,2,PDPRD,8105
665,2000-11-26,parliament,RO2,Macroregiunea Doi,2,PDSR,1476659
666,2000-11-26,parliament,RO2,Macroregiunea Doi,2,PLDMRO,388
667,2000-11-26,parliament,RO2,Macroregiunea Doi,2,PLDR,15346
668,2000-11-26,parliament,RO2,Macroregiunea Doi,2,PLRSD,10466
669,2000-11-26,parliament,RO2,Macroregiunea Doi,2,PMP,3449
670,2000-11-26,parliament,RO2,Macroregiunea Doi,2,PMR,22919
671,2000-11-26,parliament,RO2,Macroregiunea Doi,2,PNDC,9471
672,2000-11-26,parliament,RO2,Macroregiunea Doi,2,PNG,5316
673,2000-11-26,parliament,RO2,Macroregiunea Doi,2,PNL,259485
674,2000-11-26,parliament,RO2,Macroregiunea Doi,2,PNTCD,17678
675,2000-11-26,parliament,RO2,Macroregiunea Doi,2,PO,212
676,2000-11-26,parliament,RO2,Macroregiunea Doi,2,PP,401
677,2000-11-26,parliament,RO2,Macroregiunea Doi,2,PPDD,5504
678,2000-11-26,parliament,RO2,Macroregiunea Doi,2,PPU,48225
679,2000-11-26,parliament,RO2,Macroregiunea Doi,2,PRM,608764
680,2000-11-26,parliament,RO2,Macroregiunea Doi,2,PRN,7037
681,2000-11-26,parliament,RO2,Macroregiunea Doi,2,PRO,5354
682,2000-11-26,parliament,RO2,Macroregiunea Doi,2,PSAP,19818
683,2000-11-26,parliament,RO2,Macroregiunea Doi,2,PSDCTP,5472
684,2000-11-26,parliament,RO2,Macroregiunea Doi,2,PSM,28966
685,2000-11-26,parliament,RO2,Macroregiunea Doi,2,PSR,3735
686,2000-11-26,parliament,RO2,Macroregiunea Doi,2,PUNR,26858
687,2000-11-26,parliament,RO2,Macroregiunea Doi,2,PVR,13967
688,2000-11-26,parliament,RO2,Macroregiunea Doi,2,U - ARMENI,11283
689,2000-11-26,parliament,RO2,Macroregiunea Doi,2,U - ELENA,5699
690,2000-11-26,parliament,RO2,Macroregiunea Doi,2,U - POLONEZI,4426
691,2000-11-26,parliament,RO2,Macroregiunea Doi,2,U - RUTENI,1245
692,2000-11-26,parliament,RO2,Macroregiunea Doi,2,U - TATARI,9954
693,2000-11-26,parliament,RO2,Macroregiunea Doi,2,U - TURCA,4919
694,2000-11-26,parliament,RO2,Macroregiunea Doi,2,U - UCRAINENI,3142
695,2000-11-26,parliament,RO2,Macroregiunea Doi,2,U D - UCRAINENI,1556
696,2000-11-26,parliament,RO2,Macroregiunea Doi,2,U-HUTULI,1225
697,2000-11-26,parliament,RO2,Macroregiunea Doi,2,UBBR,3560
698,2000-11-26,parliament,RO2,Macroregiunea Doi,2,UCAR,2596
699,2000-11-26,parliament,RO2,Macroregiunea Doi,2,UDC,1680
700,2000-11-26,parliament,RO2,Macroregiunea Doi,2,UDMR,5967
701,2000-11-26,parliament,RO2,Macroregiunea Doi,2,ULB,299
702,2000-11-26,parliament,RO3,Macroregiunea Trei,0,eligible_voters,4642152
703,2000-11-26,parliament,RO3,Macroregiunea Trei,1,issued_ballots,2969111
704,2000-11-26,parliament,RO3,Macroregiunea Trei,2,A - BULGARI,1923
705,2000-11-26,parliament,RO3,Macroregiunea Trei,2,AMSR,6195
706,2000-11-26,parliament,RO3,Macroregiunea Trei,2,ApR,98589
707,2000-11-26,parliament,RO3,Macroregiunea Trei,2,BRATSTVO,2344
708,2000-11-26,parliament,RO3,Macroregiunea Trei,2,C - ROMII,3682
709,2000-11-26,parliament,RO3,Macroregiunea Trei,2,C - TURCA,1259
710,2000-11-26,parliament,RO3,Macroregiunea Trei,2,C ELENA PH,1648
711,2000-11-26,parliament,RO3,Macroregiunea Trei,2,C ITRO - IS2,5904
712,2000-11-26,parliament,RO3,Macroregiunea Trei,2,C LIPOVENI,1391
713,2000-11-26,parliament,RO3,Macroregiunea Trei,2,CDR,193865
714,2000-11-26,parliament,RO3,Macroregiunea Trei,2,ECOLOGISTII,18604
715,2000-11-26,parliament,RO3,Macroregiunea Trei,2,F - EVREI,3474
716,2000-11-26,parliament,RO3,Macroregiunea Trei,2,FDGR,2096
717,2000-11-26,parliament,RO3,Macroregiunea Trei,2,G2K,4578
718,2000-11-26,parliament,RO3,Macroregiunea Trei,2,L C- ITALIENI,11213
719,2000-11-26,parliament,RO3,Macroregiunea Trei,2,LIR,484
720,2000-11-26,parliament,RO3,Macroregiunea Trei,2,P ROMII,18809
721,2000-11-26,parliament,RO3,Macroregiunea Trei,2,PD,244912
722,2000-11-26,parliament,RO3,Macroregiunea Trei,2,PDPRD,6022
723,2000-11-26,parliament,RO3,Macroregiunea Trei,2,PDSR,1160257
724,2000-11-26,parliament,RO3,Macroregiunea Trei,2,PLDMRO,2019
725,2000-11-26,parliament,RO3,Macroregiunea Trei,2,PLDR,12889
726,2000-11-26,parliament,RO3,Macroregiunea Trei,2,PLRSD,7135
727,2000-11-26,parliament,RO3,Macroregiunea Trei,2,PMP,2076
728,2000-11-26,parliament,RO3,Macroregiunea Trei,2,PMR,15532
729,2000-11-26,parliament,RO3,Macroregiunea Trei,2,PNDC,5933
730,2000-11-26,parliament,RO3,Macroregiunea Trei,2,PNG,4059
731,2000-11-26,parliament,RO3,Macroregiunea Trei,2,PNL,249330
732,2000-11-26,parliament,RO3,Macroregiunea Trei,2,PNTCD,13989
733,2000-11-26,parliament,RO3,Macroregiunea Trei,2,PO,1050
734,2000-11-26,parliament,RO3,Macroregiunea Trei,2,PPDD,5073
735,2000-11-26,parliament,RO3,Macroregiunea Trei,2,PPU,25374
736,2000-11-26,parliament,RO3,Macroregiunea Trei,2,PREV,1588
737,2000-11-26,parliament,RO3,Macroregiunea Trei,2,PRM,536494
738,2000-11-26,parliament,RO3,Macroregiunea Trei,2,PRN,4353
739,2000-11-26,parliament,RO3,Macroregiunea Trei,2,PRO,612
740,2000-11-26,parliament,RO3,Macroregiunea Trei,2,PSAP,22236
741,2000-11-26,parliament,RO3,Macroregiunea Trei,2,PSDCTP,5492
742,2000-11-26,parliament,RO3,Macroregiunea Trei,2,PSM,20674
743,2000-11-26,parliament,RO3,Macroregiunea Trei,2,PSR,5021
744,2000-11-26,parliament,RO3,Macroregiunea Trei,2,PUNR,19451
745,2000-11-26,parliament,RO3,Macroregiunea Trei,2,PUPPD,489
746,2000-11-26,parliament,RO3,Macroregiunea Trei,2,PVR,12996
747,2000-11-26,parliament,RO3,Macroregiunea Trei,2,U - ARMENI,5881
748,2000-11-26,parliament,RO3,Macroregiunea Trei,2,U - CROATI,2645
749,2000-11-26,parliament,RO3,Macroregiunea Trei,2,U - ELENA,3708
750,2000-11-26,parliament,RO3,Macroregiunea Trei,2,U - RUTENI,2105
751,2000-11-26,parliament,RO3,Macroregiunea Trei,2,U - TATARI,389
752,2000-11-26,parliament,RO3,Macroregiunea Trei,2,U - TURCA,1712
753,2000-11-26,parliament,RO3,Macroregiunea Trei,2,U - UCRAINENI,512
754,2000-11-26,parliament,RO3,Macroregiunea Trei,2,U D - UCRAINENI,1200
755,2000-11-26,parliament,RO3,Macroregiunea Trei,2,UBBR,4657
756,2000-11-26,parliament,RO3,Macroregiunea Trei,2,UCAR,2069
757,2000-11-26,parliament,RO3,Macroregiunea Trei,2,UDC,1565
758,2000-11-26,parliament,RO3,Macroregiunea Trei,2,UDMR,7779
759,2000-11-26,parliament,RO3,Macroregiunea Trei,2,ULB,2653
760,2000-11-26,parliament,RO4,Macroregiunea Patru,0,eligible_voters,3503586
761,2000-11-26,parliament,RO4,Macroregiunea Patru,1,issued_ballots,2278650
762,2000-11-26,parliament,RO4,Macroregiunea Patru,2,A - BULGARI,1446
763,2000-11-26,parliament,RO4,Macroregiunea Patru,2,AMSR,1479
764,2000-11-26,parliament,RO4,Macroregiunea Patru,2,ApR,88011
765,2000-11-26,parliament,RO4,Macroregiunea Patru,2,BRATSTVO,2537
766,2000-11-26,parliament,RO4,Macroregiunea Patru,2,C - ROMII,884
767,2000-11-26,parliament,RO4,Macroregiunea Patru,2,C - TURCA,461
768,2000-11-26,parliament,RO4,Macroregiunea Patru,2,C ITRO - IS2,2860
769,2000-11-26,parliament,RO4,Macroregiunea Patru,2,C LIPOVENI,512
770,2000-11-26,parliament,RO4,Macroregiunea Patru,2,CDR,98258
771,2000-11-26,parliament,RO4,Macroregiunea Patru,2,ECOLOGISTII,22524
772,2000-11-26,parliament,RO4,Macroregiunea Patru,2,F - EVREI,2156
773,2000-11-26,parliament,RO4,Macroregiunea Patru,2,FDGR,8614
774,2000-11-26,parliament,RO4,Macroregiunea Patru,2,G2K,2918
775,2000-11-26,parliament,RO4,Macroregiunea Patru,2,L C- ITALIENI,2115
776,2000-11-26,parliament,RO4,Macroregiunea Patru,2,P ROMII,11922
777,2000-11-26,parliament,RO4,Macroregiunea Patru,2,PD,162009
778,2000-11-26,parliament,RO4,Macroregiunea Patru,2,PDPRD,1764
779,2000-11-26,parliament,RO4,Macroregiunea Patru,2,PDSR,796115
780,2000-11-26,parliament,RO4,Macroregiunea Patru,2,PLDMRO,515
781,2000-11-26,parliament,RO4,Macroregiunea Patru,2,PLDR,12967
782,2000-11-26,parliament,RO4,Macroregiunea Patru,2,PLRSD,6598
783,2000-11-26,parliament,RO4,Macroregiunea Patru,2,PMP,2503
784,2000-11-26,parliament,RO4,Macroregiunea Patru,2,PMR,19462
785,2000-11-26,parliament,RO4,Macroregiunea Patru,2,PNDC,6868
786,2000-11-26,parliament,RO4,Macroregiunea Patru,2,PNG,3860
787,2000-11-26,parliament,RO4,Macroregiunea Patru,2,PNL,177828
788,2000-11-26,parliament,RO4,Macroregiunea Patru,2,PNTCD,5525
789,2000-11-26,parliament,RO4,Macroregiunea Patru,2,PO,168
790,2000-11-26,parliament,RO4,Macroregiunea Patru,2,PPDD,2163
791,2000-11-26,parliament,RO4,Macroregiunea Patru,2,PPU,18214
792,2000-11-26,parliament,RO4,Macroregiunea Patru,2,PRM,478737
793,2000-11-26,parliament,RO4,Macroregiunea Patru,2,PRN,3832
794,2000-11-26,parliament,RO4,Macroregiunea Patru,2,PRO,2993
795,2000-11-26,parliament,RO4,Macroregiunea Patru,2,PSAP,18399
796,2000-11-26,parliament,RO4,Macroregiunea Patru,2,PSDCTP,3553
797,2000-11-26,parliament,RO4,Macroregiunea Patru,2,PSM,25472
798,2000-11-26,parliament,RO4,Macroregiunea Patru,2,PSR,996
799,2000-11-26,parliament,RO4,Macroregiunea Patru,2,PUNR,27717
800,2000-11-26,parliament,RO4,Macroregiunea Patru,2,PUPPD,3002
801,2000-11-26,parliament,RO4,Macroregiunea Patru,2,PVR,7858
802,2000-11-26,parliament,RO4,Macroregiunea Patru,2,U - ARMENI,1354
803,2000-11-26,parliament,RO4,Macroregiunea Patru,2,U - CEHI,3444
804,2000-11-26,parliament,RO4,Macroregiunea Patru,2,U - CROATI,4689
805,2000-11-26,parliament,RO4,Macroregiunea Patru,2,U - ELENA,3524
806,2000-11-26,parliament,RO4,Macroregiunea Patru,2,U - POLONEZI,114
807,2000-11-26,parliament,RO4,Macroregiunea Patru,2,U - RUTENI,1278
808,2000-11-26,parliament,RO4,Macroregiunea Patru,2,U - SARBI,8748
809,2000-11-26,parliament,RO4,Macroregiunea Patru,2,U - UCRAINENI,2208
810,2000-11-26,parliament,RO4,Macroregiunea Patru,2,U D - UCRAINENI,986
811,2000-11-26,parliament,RO4,Macroregiunea Patru,2,U-CEHIR,1539
812,2000-11-26,parliament,RO4,Macroregiunea Patru,2,UBBR,6598
813,2000-11-26,parliament,RO4,Macroregiunea Patru,2,UBPR,497
814,2000-11-26,parliament,RO4,Macroregiunea Patru,2,UCAR,1948
815,2000-11-26,parliament,RO4,Macroregiunea Patru,2,UDCR,2059
816,2000-11-26,parliament,RO4,Macroregiunea Patru,2,UDMR,59357
817,2000-11-26,parliament,RO4,Macroregiunea Patru,2,ULB,768
818,2000-11-26,president_a,RO1,Macroregiunea Unu,0,eligible_voters,4311325
819,2000-11-26,president_a,RO1,Macroregiunea Unu,1,issued_ballots,2841550
820,2000-11-26,president_a,RO1,Macroregiunea Unu,2,CONSTANTIN MUGUREL ISARESCU,245870
821,2000-11-26,president_a,RO1,Macroregiunea Unu,2,CORNELIU VADIM TUDOR,776269
822,2000-11-26,president_a,RO1,Macroregiunea Unu,2,GHEORGHE EDUARD MANOLE,35467
823,2000-11-26,president_a,RO1,Macroregiunea Unu,2,GRAZIELA-ELENA BIRLA,15280
824,2000-11-26,president_a,RO1,Macroregiunea Unu,2,GYORGY FRUNDA,626642
825,2000-11-26,president_a,RO1,Macroregiunea Unu,2,ION ILIESCU,539696
826,2000-11-26,president_a,RO1,Macroregiunea Unu,2,ION SASU,8654
827,2000-11-26,president_a,RO1,Macroregiunea Unu,2,NICULAE CERVENI,7323
828,2000-11-26,president_a,RO1,Macroregiunea Unu,2,PAUL-PHILIPPE HOHENZOLLERN,16342
829,2000-11-26,president_a,RO1,Macroregiunea Unu,2,PETRE ROMAN,77524
830,2000-11-26,president_a,RO1,Macroregiunea Unu,2,TEODOR VIOREL MELESCANU,58052
831,2000-11-26,president_a,RO1,Macroregiunea Unu,2,THEODOR DUMITRU STOLOJAN,361297
832,2000-11-26,president_a,RO2,Macroregiunea Doi,0,eligible_voters,5242664
833,2000-11-26,president_a,RO2,Macroregiunea Doi,1,issued_ballots,3436978
834,2000-11-26,president_a,RO2,Macroregiunea Doi,2,CONSTANTIN MUGUREL ISARESCU,256154
835,2000-11-26,president_a,RO2,Macroregiunea Doi,2,CORNELIU VADIM TUDOR,921655
836,2000-11-26,president_a,RO2,Macroregiunea Doi,2,GHEORGHE EDUARD MANOLE,37394
837,2000-11-26,president_a,RO2,Macroregiunea Doi,2,GRAZIELA-ELENA BIRLA,20301
838,2000-11-26,president_a,RO2,Macroregiunea Doi,2,GYORGY FRUNDA,8592
839,2000-11-26,president_a,RO2,Macroregiunea Doi,2,ION ILIESCU,1524295
840,2000-11-26,president_a,RO2,Macroregiunea Doi,2,ION SASU,11806
841,2000-11-26,president_a,RO2,Macroregiunea Doi,2,NICULAE CERVENI,9344
842,2000-11-26,president_a,RO2,Macroregiunea Doi,2,PAUL-PHILIPPE HOHENZOLLERN,15624
843,2000-11-26,president_a,RO2,Macroregiunea Doi,2,PETRE ROMAN,87672
844,2000-11-26,president_a,RO2,Macroregiunea Doi,2,TEODOR VIOREL MELESCANU,62362
845,2000-11-26,president_a,RO2,Macroregiunea Doi,2,THEODOR DUMITRU STOLOJAN,359234
846,2000-11-26,president_a,RO3,Macroregiunea Trei,0,eligible_voters,4642152
847,2000-11-26,president_a,RO3,Macroregiunea Trei,1,issued_ballots,2969111
848,2000-11-26,president_a,RO3,Macroregiunea Trei,2,CONSTANTIN MUGUREL ISARESCU,351862
849,2000-11-26,president_a,RO3,Macroregiunea Trei,2,CORNELIU VADIM TUDOR,769004
850,2000-11-26,president_a,RO3,Macroregiunea Trei,2,GHEORGHE EDUARD MANOLE,34120
851,2000-11-26,president_a,RO3,Macroregiunea Trei,2,GRAZIELA-ELENA BIRLA,13417
852,2000-11-26,president_a,RO3,Macroregiunea Trei,2,GYORGY FRUNDA,8553
853,2000-11-26,president_a,RO3,Macroregiunea Trei,2,ION ILIESCU,1188359
854,2000-11-26,president_a,RO3,Macroregiunea Trei,2,ION SASU,8870
855,2000-11-26,president_a,RO3,Macroregiunea Trei,2,NICULAE CERVENI,8958
856,2000-11-26,president_a,RO3,Macroregiunea Trei,2,PAUL-PHILIPPE HOHENZOLLERN,9743
857,2000-11-26,president_a,RO3,Macroregiunea Trei,2,PETRE ROMAN,100547
858,2000-11-26,president_a,RO3,Macroregiunea Trei,2,TEODOR VIOREL MELESCANU,45724
859,2000-11-26,president_a,RO3,Macroregiunea Trei,2,THEODOR DUMITRU STOLOJAN,347765
860,2000-11-26,president_a,RO4,Macroregiunea Patru,0,eligible_voters,3503586
861,2000-11-26,president_a,RO4,Macroregiunea Patru,1,issued_ballots,2278650
862,2000-11-26,president_a,RO4,Macroregiunea Patru,2,CONSTANTIN MUGUREL ISARESCU,202812
863,2000-11-26,president_a,RO4,Macroregiunea Patru,2,CORNELIU VADIM TUDOR,707863
864,2000-11-26,president_a,RO4,Macroregiunea Patru,2,GHEORGHE EDUARD MANOLE,26850
865,2000-11-26,president_a,RO4,Macroregiunea Patru,2,GRAZIELA-ELENA BIRLA,12330
866,2000-11-26,president_a,RO4,Macroregiunea Patru,2,GYORGY FRUNDA,50103
867,2000-11-26,president_a,RO4,Macroregiunea Patru,2,ION ILIESCU,819912
868,2000-11-26,president_a,RO4,Macroregiunea Patru,2,ION SASU,9016
869,2000-11-26,president_a,RO4,Macroregiunea Patru,2,NICULAE CERVENI,6263
870,2000-11-26,president_a,RO4,Macroregiunea Patru,2,PAUL-PHILIPPE HOHENZOLLERN,13366
871,2000-11-26,president_a,RO4,Macroregiunea Patru,2,PETRE ROMAN,67818
872,2000-11-26,president_a,RO4,Macroregiunea Patru,2,TEODOR VIOREL MELESCANU,47932
873,2000-11-26,president_a,RO4,Macroregiunea Patru,2,THEODOR DUMITRU STOLOJAN,246055
874,2000-11-26,president_b,RO1,Macroregiunea Unu,0,eligible_voters,4313657
875,2000-11-26,president_b,RO1,Macroregiunea Unu,1,issued_ballots,2339235
876,2000-11-26,president_b,RO1,Macroregiunea Unu,2,CORNELIU VADIM TUDOR,826663
877,2000-11-26,president_b,RO1,Macroregiunea Unu,2,ION ILIESCU,1473743
878,2000-11-26,president_b,RO2,Macroregiunea Doi,0,eligible_voters,5244029
879,2000-11-26,president_b,RO2,Macroregiunea Doi,1,issued_ballots,3233329
880,2000-11-26,president_b,RO2,Macroregiunea Doi,2,CORNELIU VADIM TUDOR,987769
881,2000-11-26,president_b,RO2,Macroregiunea Doi,2,ION ILIESCU,2196447
882,2000-11-26,president_b,RO3,Macroregiunea Trei,0,eligible_voters,4646590
883,2000-11-26,president_b,RO3,Macroregiunea Trei,1,issued_ballots,2594811
884,2000-11-26,president_b,RO3,Macroregiunea Trei,2,CORNELIU VADIM TUDOR,750416
885,2000-11-26,president_b,RO3,Macroregiunea Trei,2,ION ILIESCU,1800903
886,2000-11-26,president_b,RO4,Macroregiunea Patru,0,eligible_voters,3507481
887,2000-11-26,president_b,RO4,Macroregiunea Patru,1,issued_ballots,2001009
888,2000-11-26,president_b,RO4,Macroregiunea Patru,2,CORNELIU VADIM TUDOR,754617
889,2000-11-26,president_b,RO4,Macroregiunea Patru,2,ION ILIESCU,1214367
890,2004-11-28,parliament,RO1,Macroregiunea Unu,0,eligible_voters,4462557
891,2004-11-28,parliament,RO1,Macroregiunea Unu,1,issued_ballots,2535077
892,2004-11-28,parliament,RO1,Macroregiunea Unu,2,A-BULGARI,1595
893,2004-11-28,parliament,RO1,Macroregiunea Unu,2,A-POLONEZI,1687
894,2004-11-28,parliament,RO1,Macroregiunea Unu,2,A-RROMI,4765
895,2004-11-28,parliament,RO1,Macroregiunea Unu,2,A-TURCI,834
896,2004-11-28,parliament,RO1,Macroregiunea Unu,2,AC-MACEDONENI,965
897,2004-11-28,parliament,RO1,Macroregiunea Unu,2,AD,478
898,2004-11-28,parliament,RO1,Macroregiunea Unu,2,AMR,2378
899,2004-11-28,parliament,RO1,Macroregiunea Unu,2,APCD,1048
900,2004-11-28,parliament,RO1,Macroregiunea Unu,2,AUR,16048
901,2004-11-28,parliament,RO1,Macroregiunea Unu,2,BRATSTVO,972
902,2004-11-28,parliament,RO1,Macroregiunea Unu,2,C-ITALIANA,1100
903,2004-11-28,parliament,RO1,Macroregiunea Unu,2,C-RUSI LIPOVENI,711
904,2004-11-28,parliament,RO1,Macroregiunea Unu,2,D.A. PNL-PD,652798
905,2004-11-28,parliament,RO1,Macroregiunea Unu,2,F-EVREI,1627
906,2004-11-28,parliament,RO1,Macroregiunea Unu,2,FDGR,28395
907,2004-11-28,parliament,RO1,Macroregiunea Unu,2,FDR,14981
908,2004-11-28,parliament,RO1,Macroregiunea Unu,2,PAS,5519
909,2004-11-28,parliament,RO1,Macroregiunea Unu,2,PER,17667
910,2004-11-28,parliament,RO1,Macroregiunea Unu,2,PM3,3961
911,2004-11-28,parliament,RO1,Macroregiunea Unu,2,PMR,3469
912,2004-11-28,parliament,RO1,Macroregiunea Unu,2,PND,2972
913,2004-11-28,parliament,RO1,Macroregiunea Unu,2,PNDC,4858
914,2004-11-28,parliament,RO1,Macroregiunea Unu,2,PNG,41666
915,2004-11-28,parliament,RO1,Macroregiunea Unu,2,PNL-Aripa tânără,900
916,2004-11-28,parliament,RO1,Macroregiunea Unu,2,PNTCD,46541
917,2004-11-28,parliament,RO1,Macroregiunea Unu,2,PO,956
918,2004-11-28,parliament,RO1,Macroregiunea Unu,2,PPP,3105
919,2004-11-28,parliament,RO1,Macroregiunea Unu,2,PPU,16984
920,2004-11-28,parliament,RO1,Macroregiunea Unu,2,PRM,270042
921,2004-11-28,parliament,RO1,Macroregiunea Unu,2,PSD,618349
922,2004-11-28,parliament,RO1,Macroregiunea Unu,2,PSDCTP,4530
923,2004-11-28,parliament,RO1,Macroregiunea Unu,2,PSR,4610
924,2004-11-28,parliament,RO1,Macroregiunea Unu,2,PSU,8716
925,2004-11-28,parliament,RO1,Macroregiunea Unu,2,PTD,4087
926,2004-11-28,parliament,RO1,Macroregiunea Unu,2,PUNR,16823
927,2004-11-28,parliament,RO1,Macroregiunea Unu,2,RO.AS.IT.,1497
928,2004-11-28,parliament,RO1,Macroregiunea Unu,2,ROMII,16941
929,2004-11-28,parliament,RO1,Macroregiunea Unu,2,U- TATARI,168
930,2004-11-28,parliament,RO1,Macroregiunea Unu,2,U-CROATI,2448
931,2004-11-28,parliament,RO1,Macroregiunea Unu,2,U-ELENA,1654
932,2004-11-28,parliament,RO1,Macroregiunea Unu,2,U-RUTENI,836
933,2004-11-28,parliament,RO1,Macroregiunea Unu,2,U-SARBI,95
934,2004-11-28,parliament,RO1,Macroregiunea Unu,2,U-SLOVACI,2506
935,2004-11-28,parliament,RO1,Macroregiunea Unu,2,U-TURCA,1417
936,2004-11-28,parliament,RO1,Macroregiunea Unu,2,U-UCRAINENI,4026
937,2004-11-28,parliament,RO1,Macroregiunea Unu,2,UAR,2500
938,2004-11-28,parliament,RO1,Macroregiunea Unu,2,UBBR,3570
939,2004-11-28,parliament,RO1,Macroregiunea Unu,2,UCR,648
940,2004-11-28,parliament,RO1,Macroregiunea Unu,2,UDMR,554784
941,2004-11-28,parliament,RO1,Macroregiunea Unu,2,URR,9146
942,2004-11-28,parliament,RO1,Macroregiunea Unu,2,UTM,731
943,2004-11-28,parliament,RO2,Macroregiunea Doi,0,eligible_voters,5495551
944,2004-11-28,parliament,RO2,Macroregiunea Doi,1,issued_ballots,3269330
945,2004-11-28,parliament,RO2,Macroregiunea Doi,2,A-BULGARI,1887
946,2004-11-28,parliament,RO2,Macroregiunea Doi,2,A-POLONEZI,1674
947,2004-11-28,parliament,RO2,Macroregiunea Doi,2,A-RROMI,3240
948,2004-11-28,parliament,RO2,Macroregiunea Doi,2,A-TURCI,3552
949,2004-11-28,parliament,RO2,Macroregiunea Doi,2,AC-MACEDONENI,1419
950,2004-11-28,parliament,RO2,Macroregiunea Doi,2,AD,3487
951,2004-11-28,parliament,RO2,Macroregiunea Doi,2,AMR,3060
952,2004-11-28,parliament,RO2,Macroregiunea Doi,2,APCD,7367
953,2004-11-28,parliament,RO2,Macroregiunea Doi,2,AUR,11065
954,2004-11-28,parliament,RO2,Macroregiunea Doi,2,BRATSTVO,1039
955,2004-11-28,parliament,RO2,Macroregiunea Doi,2,C-ITALIANA,1759
956,2004-11-28,parliament,RO2,Macroregiunea Doi,2,C-RUSI LIPOVENI,8339
957,2004-11-28,parliament,RO2,Macroregiunea Doi,2,D.A. PNL-PD,924000
958,2004-11-28,parliament,RO2,Macroregiunea Doi,2,F-EVREI,3284
959,2004-11-28,parliament,RO2,Macroregiunea Doi,2,FDGR,1297
960,2004-11-28,parliament,RO2,Macroregiunea Doi,2,FDR,20630
961,2004-11-28,parliament,RO2,Macroregiunea Doi,2,PAS,8565
962,2004-11-28,parliament,RO2,Macroregiunea Doi,2,PER,24799
963,2004-11-28,parliament,RO2,Macroregiunea Doi,2,PM3,5511
964,2004-11-28,parliament,RO2,Macroregiunea Doi,2,PMR,10466
965,2004-11-28,parliament,RO2,Macroregiunea Doi,2,PND,9165
966,2004-11-28,parliament,RO2,Macroregiunea Doi,2,PNDC,10574
967,2004-11-28,parliament,RO2,Macroregiunea Doi,2,PNG,73784
968,2004-11-28,parliament,RO2,Macroregiunea Doi,2,PNL-Aripa tânără,1461
969,2004-11-28,parliament,RO2,Macroregiunea Doi,2,PNTCD,31664
970,2004-11-28,parliament,RO2,Macroregiunea Doi,2,PO,3182
971,2004-11-28,parliament,RO2,Macroregiunea Doi,2,PPP,4441
972,2004-11-28,parliament,RO2,Macroregiunea Doi,2,PPR,246
973,2004-11-28,parliament,RO2,Macroregiunea Doi,2,PPU,7369
974,2004-11-28,parliament,RO2,Macroregiunea Doi,2,PRM,407183
975,2004-11-28,parliament,RO2,Macroregiunea Doi,2,PSD,1328695
976,2004-11-28,parliament,RO2,Macroregiunea Doi,2,PSDCTP,6966
977,2004-11-28,parliament,RO2,Macroregiunea Doi,2,PSR,11814
978,2004-11-28,parliament,RO2,Macroregiunea Doi,2,PSU,17316
979,2004-11-28,parliament,RO2,Macroregiunea Doi,2,PTD,5308
980,2004-11-28,parliament,RO2,Macroregiunea Doi,2,PUNR,14852
981,2004-11-28,parliament,RO2,Macroregiunea Doi,2,RO.AS.IT.,2475
982,2004-11-28,parliament,RO2,Macroregiunea Doi,2,ROMII,16161
983,2004-11-28,parliament,RO2,Macroregiunea Doi,2,U- TATARI,5528
984,2004-11-28,parliament,RO2,Macroregiunea Doi,2,U-CROATI,2910
985,2004-11-28,parliament,RO2,Macroregiunea Doi,2,U-ELENA,2544
986,2004-11-28,parliament,RO2,Macroregiunea Doi,2,U-RUTENI,900
987,2004-11-28,parliament,RO2,Macroregiunea Doi,2,U-TURCA,4474
988,2004-11-28,parliament,RO2,Macroregiunea Doi,2,U-UCRAINENI,3327
989,2004-11-28,parliament,RO2,Macroregiunea Doi,2,UAR,3806
990,2004-11-28,parliament,RO2,Macroregiunea Doi,2,UBBR,3609
991,2004-11-28,parliament,RO2,Macroregiunea Doi,2,UCR,1400
992,2004-11-28,parliament,RO2,Macroregiunea Doi,2,UDMR,6645
993,2004-11-28,parliament,RO2,Macroregiunea Doi,2,UFD,878
994,2004-11-28,parliament,RO2,Macroregiunea Doi,2,URR,9676
995,2004-11-28,parliament,RO2,Macroregiunea Doi,2,UTM,4175
996,2004-11-28,parliament,RO3,Macroregiunea Trei,0,eligible_voters,4855963
997,2004-11-28,parliament,RO3,Macroregiunea Trei,1,issued_ballots,2855578
998,2004-11-28,parliament,RO3,Macroregiunea Trei,2,A-BULGARI,1784
999,2004-11-28,parliament,RO3,Macroregiunea Trei,2,A-POLONEZI,1056
1000,2004-11-28,parliament,RO3,Macroregiunea Trei,2,A-RROMI,4017
1001,2004-11-28,parliament,RO3,Macroregiunea Trei,2,A-TURCI,1357
1002,2004-11-28,parliament,RO3,Macroregiunea Trei,2,AC-MACEDONENI,278
1003,2004-11-28,parliament,RO3,Macroregiunea Trei,2,AD,1109
1004,2004-11-28,parliament,RO3,Macroregiunea Trei,2,AMR,2349
1005,2004-11-28,parliament,RO3,Macroregiunea Trei,2,APCD,6134
1006,2004-11-28,parliament,RO3,Macroregiunea Trei,2,AUR,13287
1007,2004-11-28,parliament,RO3,Macroregiunea Trei,2,BRATSTVO,808
1008,2004-11-28,parliament,RO3,Macroregiunea Trei,2,C-ITALIANA,1191
1009,2004-11-28,parliament,RO3,Macroregiunea Trei,2,C-RUSI LIPOVENI,956
1010,2004-11-28,parliament,RO3,Macroregiunea Trei,2,D.A. PNL-PD,1005660
1011,2004-11-28,parliament,RO3,Macroregiunea Trei,2,F-EVREI,2107
1012,2004-11-28,parliament,RO3,Macroregiunea Trei,2,FDGR,1028
1013,2004-11-28,parliament,RO3,Macroregiunea Trei,2,FDR,28703
1014,2004-11-28,parliament,RO3,Macroregiunea Trei,2,PAS,6792
1015,2004-11-28,parliament,RO3,Macroregiunea Trei,2,PER,14667
1016,2004-11-28,parliament,RO3,Macroregiunea Trei,2,PM3,3465
1017,2004-11-28,parliament,RO3,Macroregiunea Trei,2,PMR,13456
1018,2004-11-28,parliament,RO3,Macroregiunea Trei,2,PND,5513
1019,2004-11-28,parliament,RO3,Macroregiunea Trei,2,PNDC,5460
1020,2004-11-28,parliament,RO3,Macroregiunea Trei,2,PNG,65970
1021,2004-11-28,parliament,RO3,Macroregiunea Trei,2,PNL-Aripa tânără,1738
1022,2004-11-28,parliament,RO3,Macroregiunea Trei,2,PNTCD,40306
1023,2004-11-28,parliament,RO3,Macroregiunea Trei,2,PO,800
1024,2004-11-28,parliament,RO3,Macroregiunea Trei,2,PPP,4313
1025,2004-11-28,parliament,RO3,Macroregiunea Trei,2,PPR,2008
1026,2004-11-28,parliament,RO3,Macroregiunea Trei,2,PPU,843
1027,2004-11-28,parliament,RO3,Macroregiunea Trei,2,PRM,335998
1028,2004-11-28,parliament,RO3,Macroregiunea Trei,2,PSD,1057645
1029,2004-11-28,parliament,RO3,Macroregiunea Trei,2,PSDCTP,4389
1030,2004-11-28,parliament,RO3,Macroregiunea Trei,2,PSR,8863
1031,2004-11-28,parliament,RO3,Macroregiunea Trei,2,PSU,8942
1032,2004-11-28,parliament,RO3,Macroregiunea Trei,2,PTD,3185
1033,2004-11-28,parliament,RO3,Macroregiunea Trei,2,PUNR,10315
1034,2004-11-28,parliament,RO3,Macroregiunea Trei,2,RO.AS.IT.,1052
1035,2004-11-28,parliament,RO3,Macroregiunea Trei,2,ROMII,12934
1036,2004-11-28,parliament,RO3,Macroregiunea Trei,2,U- TATARI,416
1037,2004-11-28,parliament,RO3,Macroregiunea Trei,2,U-CROATI,1890
1038,2004-11-28,parliament,RO3,Macroregiunea Trei,2,U-ELENA,1892
1039,2004-11-28,parliament,RO3,Macroregiunea Trei,2,U-RUTENI,395
1040,2004-11-28,parliament,RO3,Macroregiunea Trei,2,U-SARBI,339
1041,2004-11-28,parliament,RO3,Macroregiunea Trei,2,U-SLOVACI,156
1042,2004-11-28,parliament,RO3,Macroregiunea Trei,2,U-TURCA,880
1043,2004-11-28,parliament,RO3,Macroregiunea Trei,2,U-UCRAINENI,1306
1044,2004-11-28,parliament,RO3,Macroregiunea Trei,2,UAR,2022
1045,2004-11-28,parliament,RO3,Macroregiunea Trei,2,UBBR,1859
1046,2004-11-28,parliament,RO3,Macroregiunea Trei,2,UCR,1762
1047,2004-11-28,parliament,RO3,Macroregiunea Trei,2,UDMR,16246
1048,2004-11-28,parliament,RO3,Macroregiunea Trei,2,URR,6667
1049,2004-11-28,parliament,RO3,Macroregiunea Trei,2,UTM,645
1050,2004-11-28,parliament,RO4,Macroregiunea Patru,0,eligible_voters,3630473
1051,2004-11-28,parliament,RO4,Macroregiunea Patru,1,issued_ballots,2093799
1052,2004-11-28,parliament,RO4,Macroregiunea Patru,2,A-BULGARI,968
1053,2004-11-28,parliament,RO4,Macroregiunea Patru,2,A-POLONEZI,718
1054,2004-11-28,parliament,RO4,Macroregiunea Patru,2,A-RROMI,2979
1055,2004-11-28,parliament,RO4,Macroregiunea Patru,2,A-TURCI,1638
1056,2004-11-28,parliament,RO4,Macroregiunea Patru,2,AC-MACEDONENI,6930
1057,2004-11-28,parliament,RO4,Macroregiunea Patru,2,AD,1260
1058,2004-11-28,parliament,RO4,Macroregiunea Patru,2,AMR,1940
1059,2004-11-28,parliament,RO4,Macroregiunea Patru,2,APCD,4045
1060,2004-11-28,parliament,RO4,Macroregiunea Patru,2,AUR,7574
1061,2004-11-28,parliament,RO4,Macroregiunea Patru,2,BRATSTVO,1237
1062,2004-11-28,parliament,RO4,Macroregiunea Patru,2,C-ITALIANA,1115
1063,2004-11-28,parliament,RO4,Macroregiunea Patru,2,C-RUSI LIPOVENI,525
1064,2004-11-28,parliament,RO4,Macroregiunea Patru,2,D.A. PNL-PD,589048
1065,2004-11-28,parliament,RO4,Macroregiunea Patru,2,F-EVREI,1218
1066,2004-11-28,parliament,RO4,Macroregiunea Patru,2,FDGR,5342
1067,2004-11-28,parliament,RO4,Macroregiunea Patru,2,FDR,14767
1068,2004-11-28,parliament,RO4,Macroregiunea Patru,2,PAS,7490
1069,2004-11-28,parliament,RO4,Macroregiunea Patru,2,PER,15387
1070,2004-11-28,parliament,RO4,Macroregiunea Patru,2,PM3,2147
1071,2004-11-28,parliament,RO4,Macroregiunea Patru,2,PMR,7761
1072,2004-11-28,parliament,RO4,Macroregiunea Patru,2,PND,3199
1073,2004-11-28,parliament,RO4,Macroregiunea Patru,2,PNDC,6487
1074,2004-11-28,parliament,RO4,Macroregiunea Patru,2,PNG,45726
1075,2004-11-28,parliament,RO4,Macroregiunea Patru,2,PNL-Aripa tânără,898
1076,2004-11-28,parliament,RO4,Macroregiunea Patru,2,PNTCD,67914
1077,2004-11-28,parliament,RO4,Macroregiunea Patru,2,PO,528
1078,2004-11-28,parliament,RO4,Macroregiunea Patru,2,PPP,2919
1079,2004-11-28,parliament,RO4,Macroregiunea Patru,2,PPU,26450
1080,2004-11-28,parliament,RO4,Macroregiunea Patru,2,PRM,300389
1081,2004-11-28,parliament,RO4,Macroregiunea Patru,2,PSD,716929
1082,2004-11-28,parliament,RO4,Macroregiunea Patru,2,PSDCTP,4338
1083,2004-11-28,parliament,RO4,Macroregiunea Patru,2,PSR,2709
1084,2004-11-28,parliament,RO4,Macroregiunea Patru,2,PSU,9465
1085,2004-11-28,parliament,RO4,Macroregiunea Patru,2,PTD,3599
1086,2004-11-28,parliament,RO4,Macroregiunea Patru,2,PUNR,11083
1087,2004-11-28,parliament,RO4,Macroregiunea Patru,2,RO.AS.IT.,1134
1088,2004-11-28,parliament,RO4,Macroregiunea Patru,2,ROMII,9994
1089,2004-11-28,parliament,RO4,Macroregiunea Patru,2,U- TATARI,281
1090,2004-11-28,parliament,RO4,Macroregiunea Patru,2,U-CROATI,3069
1091,2004-11-28,parliament,RO4,Macroregiunea Patru,2,U-ELENA,1043
1092,2004-11-28,parliament,RO4,Macroregiunea Patru,2,U-RUTENI,740
1093,2004-11-28,parliament,RO4,Macroregiunea Patru,2,U-SARBI,6203
1094,2004-11-28,parliament,RO4,Macroregiunea Patru,2,U-SLOVACI,3262
1095,2004-11-28,parliament,RO4,Macroregiunea Patru,2,U-TURCA,937
1096,2004-11-28,parliament,RO4,Macroregiunea Patru,2,U-UCRAINENI,2197
1097,2004-11-28,parliament,RO4,Macroregiunea Patru,2,UAR,1458
1098,2004-11-28,parliament,RO4,Macroregiunea Patru,2,UBBR,6237
1099,2004-11-28,parliament,RO4,Macroregiunea Patru,2,UCR,3945
1100,2004-11-28,parliament,RO4,Macroregiunea Patru,2,UDMR,47303
1101,2004-11-28,parliament,RO4,Macroregiunea Patru,2,UFD,245
1102,2004-11-28,parliament,RO4,Macroregiunea Patru,2,URR,7055
1103,2004-11-28,parliament,RO4,Macroregiunea Patru,2,UTM,960
1104,2004-11-28,president_a,RO1,Macroregiunea Unu,0,eligible_voters,4462557
1105,2004-11-28,president_a,RO1,Macroregiunea Unu,1,issued_ballots,2535077
1106,2004-11-28,president_a,RO1,Macroregiunea Unu,2,ADRIAN NASTASE,761333
1107,2004-11-28,president_a,RO1,Macroregiunea Unu,2,ALEXANDRU RAJ TUNARU,5369
1108,2004-11-28,president_a,RO1,Macroregiunea Unu,2,AUREL RADULESCU,6623
1109,2004-11-28,president_a,RO1,Macroregiunea Unu,2,CORNELIU VADIM TUDOR,258705
1110,2004-11-28,president_a,RO1,Macroregiunea Unu,2,GEORGE BECALI,36910
1111,2004-11-28,president_a,RO1,Macroregiunea Unu,2,GHEORGHE CORIOLAN CIUHANDU,46666
1112,2004-11-28,president_a,RO1,Macroregiunea Unu,2,GHEORGHE DINU,22201
1113,2004-11-28,president_a,RO1,Macroregiunea Unu,2,MARIAN PETRE MILUT,10182
1114,2004-11-28,president_a,RO1,Macroregiunea Unu,2,MARKO BELA,491627
1115,2004-11-28,president_a,RO1,Macroregiunea Unu,2,OVIDIU TUDORICI,9145
1116,2004-11-28,president_a,RO1,Macroregiunea Unu,2,PETRE ROMAN,29560
1117,2004-11-28,president_a,RO1,Macroregiunea Unu,2,TRAIAN BASESCU,784475
1118,2004-11-28,president_a,RO2,Macroregiunea Doi,0,eligible_voters,5495551
1119,2004-11-28,president_a,RO2,Macroregiunea Doi,1,issued_ballots,3269330
1120,2004-11-28,president_a,RO2,Macroregiunea Doi,2,ADRIAN NASTASE,1506361
1121,2004-11-28,president_a,RO2,Macroregiunea Doi,2,ALEXANDRU RAJ TUNARU,9323
1122,2004-11-28,president_a,RO2,Macroregiunea Doi,2,AUREL RADULESCU,14291
1123,2004-11-28,president_a,RO2,Macroregiunea Doi,2,CORNELIU VADIM TUDOR,405587
1124,2004-11-28,president_a,RO2,Macroregiunea Doi,2,GEORGE BECALI,55026
1125,2004-11-28,president_a,RO2,Macroregiunea Doi,2,GHEORGHE CORIOLAN CIUHANDU,26410
1126,2004-11-28,president_a,RO2,Macroregiunea Doi,2,GHEORGHE DINU,38235
1127,2004-11-28,president_a,RO2,Macroregiunea Doi,2,MARIAN PETRE MILUT,11580
1128,2004-11-28,president_a,RO2,Macroregiunea Doi,2,MARKO BELA,4578
1129,2004-11-28,president_a,RO2,Macroregiunea Doi,2,OVIDIU TUDORICI,13641
1130,2004-11-28,president_a,RO2,Macroregiunea Doi,2,PETRE ROMAN,39275
1131,2004-11-28,president_a,RO2,Macroregiunea Doi,2,TRAIAN BASESCU,1019154
1132,2004-11-28,president_a,RO3,Macroregiunea Trei,0,eligible_voters,4855963
1133,2004-11-28,president_a,RO3,Macroregiunea Trei,1,issued_ballots,2855578
1134,2004-11-28,president_a,RO3,Macroregiunea Trei,2,ADRIAN NASTASE,1175134
1135,2004-11-28,president_a,RO3,Macroregiunea Trei,2,ALEXANDRU RAJ TUNARU,6059
1136,2004-11-28,president_a,RO3,Macroregiunea Trei,2,AUREL RADULESCU,7543
1137,2004-11-28,president_a,RO3,Macroregiunea Trei,2,CORNELIU VADIM TUDOR,330575
1138,2004-11-28,president_a,RO3,Macroregiunea Trei,2,GEORGE BECALI,59684
1139,2004-11-28,president_a,RO3,Macroregiunea Trei,2,GHEORGHE CORIOLAN CIUHANDU,39276
1140,2004-11-28,president_a,RO3,Macroregiunea Trei,2,GHEORGHE DINU,31146
1141,2004-11-28,president_a,RO3,Macroregiunea Trei,2,MARIAN PETRE MILUT,13908
1142,2004-11-28,president_a,RO3,Macroregiunea Trei,2,MARKO BELA,3751
1143,2004-11-28,president_a,RO3,Macroregiunea Trei,2,OVIDIU TUDORICI,7434
1144,2004-11-28,president_a,RO3,Macroregiunea Trei,2,PETRE ROMAN,46667
1145,2004-11-28,president_a,RO3,Macroregiunea Trei,2,TRAIAN BASESCU,1057392
1146,2004-11-28,president_a,RO4,Macroregiunea Patru,0,eligible_voters,3630473
1147,2004-11-28,president_a,RO4,Macroregiunea Patru,1,issued_ballots,2093799
1148,2004-11-28,president_a,RO4,Macroregiunea Patru,2,ADRIAN NASTASE,825568
1149,2004-11-28,president_a,RO4,Macroregiunea Patru,2,ALEXANDRU RAJ TUNARU,6421
1150,2004-11-28,president_a,RO4,Macroregiunea Patru,2,AUREL RADULESCU,6937
1151,2004-11-28,president_a,RO4,Macroregiunea Patru,2,CORNELIU VADIM TUDOR,316203
1152,2004-11-28,president_a,RO4,Macroregiunea Patru,2,GEORGE BECALI,32621
1153,2004-11-28,president_a,RO4,Macroregiunea Patru,2,GHEORGHE CORIOLAN CIUHANDU,84345
1154,2004-11-28,president_a,RO4,Macroregiunea Patru,2,GHEORGHE DINU,21501
1155,2004-11-28,president_a,RO4,Macroregiunea Patru,2,MARIAN PETRE MILUT,7544
1156,2004-11-28,president_a,RO4,Macroregiunea Patru,2,MARKO BELA,31191
1157,2004-11-28,president_a,RO4,Macroregiunea Patru,2,OVIDIU TUDORICI,7592
1158,2004-11-28,president_a,RO4,Macroregiunea Patru,2,PETRE ROMAN,24557
1159,2004-11-28,president_a,RO4,Macroregiunea Patru,2,TRAIAN BASESCU,662228
1160,2004-11-28,president_b,RO1,Macroregiunea Unu,0,eligible_voters,4440869
1161,2004-11-28,president_b,RO1,Macroregiunea Unu,1,issued_ballots,2253252
1162,2004-11-28,president_b,RO1,Macroregiunea Unu,2,ADRIAN NASTASE,1041445
1163,2004-11-28,president_b,RO1,Macroregiunea Unu,2,TRAIAN BASESCU,1190966
1164,2004-11-28,president_b,RO2,Macroregiunea Doi,0,eligible_voters,5456239
1165,2004-11-28,president_b,RO2,Macroregiunea Doi,1,issued_ballots,3145814
1166,2004-11-28,president_b,RO2,Macroregiunea Doi,2,ADRIAN NASTASE,1654903
1167,2004-11-28,president_b,RO2,Macroregiunea Doi,2,TRAIAN BASESCU,1454983
1168,2004-11-28,president_b,RO3,Macroregiunea Trei,0,eligible_voters,4815106
1169,2004-11-28,president_b,RO3,Macroregiunea Trei,1,issued_ballots,2715310
1170,2004-11-28,president_b,RO3,Macroregiunea Trei,2,ADRIAN NASTASE,1256091
1171,2004-11-28,president_b,RO3,Macroregiunea Trei,2,TRAIAN BASESCU,1432179
1172,2004-11-28,president_b,RO4,Macroregiunea Patru,0,eligible_voters,3601243
1173,2004-11-28,president_b,RO4,Macroregiunea Patru,1,issued_ballots,1957737
1174,2004-11-28,president_b,RO4,Macroregiunea Patru,2,ADRIAN NASTASE,917933
1175,2004-11-28,president_b,RO4,Macroregiunea Patru,2,TRAIAN BASESCU,1019828
1176,2007-11-25,european,RO1,Macroregiunea Unu,0,eligible_voters,4448599
1177,2007-11-25,european,RO1,Macroregiunea Unu,1,issued_ballots,1407246
1178,2007-11-25,european,RO1,Macroregiunea Unu,2,CANDIDAT INDEPENDENT,152552
1179,2007-11-25,european,RO1,Macroregiunea Unu,2,PAS,7084
1180,2007-11-25,european,RO1,Macroregiunea Unu,2,PC,24490
1181,2007-11-25,european,RO1,Macroregiunea Unu,2,PD,345135
1182,2007-11-25,european,RO1,Macroregiunea Unu,2,PIN,29626
1183,2007-11-25,european,RO1,Macroregiunea Unu,2,PLD,66597
1184,2007-11-25,european,RO1,Macroregiunea Unu,2,PNG-CD,45979
1185,2007-11-25,european,RO1,Macroregiunea Unu,2,PNL,141123
1186,2007-11-25,european,RO1,Macroregiunea Unu,2,PNTCD,18537
1187,2007-11-25,european,RO1,Macroregiunea Unu,2,PRM,51538
1188,2007-11-25,european,RO1,Macroregiunea Unu,2,PRPE,15052
1189,2007-11-25,european,RO1,Macroregiunea Unu,2,PSD,200174
1190,2007-11-25,european,RO1,Macroregiunea Unu,2,PV,4223
1191,2007-11-25,european,RO1,Macroregiunea Unu,2,UDMR,251339
1192,2007-11-25,european,RO2,Macroregiunea Doi,0,eligible_voters,5431123
1193,2007-11-25,european,RO2,Macroregiunea Doi,1,issued_ballots,1662526
1194,2007-11-25,european,RO2,Macroregiunea Doi,2,CANDIDAT INDEPENDENT,10048
1195,2007-11-25,european,RO2,Macroregiunea Doi,2,PAS,11192
1196,2007-11-25,european,RO2,Macroregiunea Doi,2,PC,51262
1197,2007-11-25,european,RO2,Macroregiunea Doi,2,PD,415433
1198,2007-11-25,european,RO2,Macroregiunea Doi,2,PIN,39841
1199,2007-11-25,european,RO2,Macroregiunea Doi,2,PLD,161003
1200,2007-11-25,european,RO2,Macroregiunea Doi,2,PNG-CD,80143
1201,2007-11-25,european,RO2,Macroregiunea Doi,2,PNL,233916
1202,2007-11-25,european,RO2,Macroregiunea Doi,2,PNTCD,14581
1203,2007-11-25,european,RO2,Macroregiunea Doi,2,PRM,66898
1204,2007-11-25,european,RO2,Macroregiunea Doi,2,PRPE,17942
1205,2007-11-25,european,RO2,Macroregiunea Doi,2,PSD,455894
1206,2007-11-25,european,RO2,Macroregiunea Doi,2,PV,6330
1207,2007-11-25,european,RO2,Macroregiunea Doi,2,UDMR,4163
1208,2007-11-25,european,RO3,Macroregiunea Trei,0,eligible_voters,4774844
1209,2007-11-25,european,RO3,Macroregiunea Trei,1,issued_ballots,1230126
1210,2007-11-25,european,RO3,Macroregiunea Trei,2,CANDIDAT INDEPENDENT,4746
1211,2007-11-25,european,RO3,Macroregiunea Trei,2,PAS,5009
1212,2007-11-25,european,RO3,Macroregiunea Trei,2,PC,40894
1213,2007-11-25,european,RO3,Macroregiunea Trei,2,PD,371737
1214,2007-11-25,european,RO3,Macroregiunea Trei,2,PIN,30814
1215,2007-11-25,european,RO3,Macroregiunea Trei,2,PLD,104256
1216,2007-11-25,european,RO3,Macroregiunea Trei,2,PNG-CD,74983
1217,2007-11-25,european,RO3,Macroregiunea Trei,2,PNL,172646
1218,2007-11-25,european,RO3,Macroregiunea Trei,2,PNTCD,18700
1219,2007-11-25,european,RO3,Macroregiunea Trei,2,PRM,46344
1220,2007-11-25,european,RO3,Macroregiunea Trei,2,PRPE,14927
1221,2007-11-25,european,RO3,Macroregiunea Trei,2,PSD,280940
1222,2007-11-25,european,RO3,Macroregiunea Trei,2,PV,5389
1223,2007-11-25,european,RO3,Macroregiunea Trei,2,UDMR,3584
1224,2007-11-25,european,RO4,Macroregiunea Patru,0,eligible_voters,3570031
1225,2007-11-25,european,RO4,Macroregiunea Patru,1,issued_ballots,1047716
1226,2007-11-25,european,RO4,Macroregiunea Patru,2,CANDIDAT INDEPENDENT,7271
1227,2007-11-25,european,RO4,Macroregiunea Patru,2,PAS,5145
1228,2007-11-25,european,RO4,Macroregiunea Patru,2,PC,33490
1229,2007-11-25,european,RO4,Macroregiunea Patru,2,PD,334012
1230,2007-11-25,european,RO4,Macroregiunea Patru,2,PIN,24002
1231,2007-11-25,european,RO4,Macroregiunea Patru,2,PLD,64675
1232,2007-11-25,european,RO4,Macroregiunea Patru,2,PNG-CD,47033
1233,2007-11-25,european,RO4,Macroregiunea Patru,2,PNL,138885
1234,2007-11-25,european,RO4,Macroregiunea Patru,2,PNTCD,18619
1235,2007-11-25,european,RO4,Macroregiunea Patru,2,PRM,47113
1236,2007-11-25,european,RO4,Macroregiunea Patru,2,PRPE,10840
1237,2007-11-25,european,RO4,Macroregiunea Patru,2,PSD,245049
1238,2007-11-25,european,RO4,Macroregiunea Patru,2,PV,3608
1239,2007-11-25,european,RO4,Macroregiunea Patru,2,UDMR,23227
1240,2008-11-30,parliament,RO1,Macroregiunea Unu,0,eligible_voters,4492770
1241,2008-11-30,parliament,RO1,Macroregiunea Unu,1,issued_ballots,1746603
1242,2008-11-30,parliament,RO1,Macroregiunea Unu,2,A-Albanezi,1232
1243,2008-11-30,parliament,RO1,Macroregiunea Unu,2,A-Macedoni,1815
1244,2008-11-30,parliament,RO1,Macroregiunea Unu,2,C-Rusi,1091
1245,2008-11-30,parliament,RO1,Macroregiunea Unu,2,FC-Evrei,2862
1246,2008-11-30,parliament,RO1,Macroregiunea Unu,2,FDGR,10154
1247,2008-11-30,parliament,RO1,Macroregiunea Unu,2,PD,496936
1248,2008-11-30,parliament,RO1,Macroregiunea Unu,2,PHR,11770
1249,2008-11-30,parliament,RO1,Macroregiunea Unu,2,PNG,29628
1250,2008-11-30,parliament,RO1,Macroregiunea Unu,2,PNL,284359
1251,2008-11-30,parliament,RO1,Macroregiunea Unu,2,PPPS,701
1252,2008-11-30,parliament,RO1,Macroregiunea Unu,2,PPU,16699
1253,2008-11-30,parliament,RO1,Macroregiunea Unu,2,PRM,52432
1254,2008-11-30,parliament,RO1,Macroregiunea Unu,2,PSD,353493
1255,2008-11-30,parliament,RO1,Macroregiunea Unu,2,PVE,4722
1256,2008-11-30,parliament,RO1,Macroregiunea Unu,2,RO.AS.IT,1514
1257,2008-11-30,parliament,RO1,Macroregiunea Unu,2,U-Armeni,2202
1258,2008-11-30,parliament,RO1,Macroregiunea Unu,2,U-Croati,1492
1259,2008-11-30,parliament,RO1,Macroregiunea Unu,2,U-Eleni,1596
1260,2008-11-30,parliament,RO1,Macroregiunea Unu,2,U-Polonezi,921
1261,2008-11-30,parliament,RO1,Macroregiunea Unu,2,U-Ruteni,1006
1262,2008-11-30,parliament,RO1,Macroregiunea Unu,2,U-Sirbi,1053
1263,2008-11-30,parliament,RO1,Macroregiunea Unu,2,U-Slovaci,4792
1264,2008-11-30,parliament,RO1,Macroregiunea Unu,2,U-Tatari,1378
1265,2008-11-30,parliament,RO1,Macroregiunea Unu,2,U-Turca,1355
1266,2008-11-30,parliament,RO1,Macroregiunea Unu,2,U-Ucrainen,2180
1267,2008-11-30,parliament,RO1,Macroregiunea Unu,2,UBBR,2822
1268,2008-11-30,parliament,RO1,Macroregiunea Unu,2,UDMR,384724
1269,2008-11-30,parliament,RO2,Macroregiunea Doi,0,eligible_voters,5502416
1270,2008-11-30,parliament,RO2,Macroregiunea Doi,1,issued_ballots,2210075
1271,2008-11-30,parliament,RO2,Macroregiunea Doi,2,A-Albanezi,3752
1272,2008-11-30,parliament,RO2,Macroregiunea Doi,2,A-Macedoni,6088
1273,2008-11-30,parliament,RO2,Macroregiunea Doi,2,C-Rusi,5823
1274,2008-11-30,parliament,RO2,Macroregiunea Doi,2,FC-Evrei,11277
1275,2008-11-30,parliament,RO2,Macroregiunea Doi,2,FDGR,5477
1276,2008-11-30,parliament,RO2,Macroregiunea Doi,2,PD,642217
1277,2008-11-30,parliament,RO2,Macroregiunea Doi,2,PHR,16681
1278,2008-11-30,parliament,RO2,Macroregiunea Doi,2,PNDC,316
1279,2008-11-30,parliament,RO2,Macroregiunea Doi,2,PNG,44541
1280,2008-11-30,parliament,RO2,Macroregiunea Doi,2,PNL,392008
1281,2008-11-30,parliament,RO2,Macroregiunea Doi,2,PPPS,3853
1282,2008-11-30,parliament,RO2,Macroregiunea Doi,2,PPU,4176
1283,2008-11-30,parliament,RO2,Macroregiunea Doi,2,PRM,63056
1284,2008-11-30,parliament,RO2,Macroregiunea Doi,2,PSD,821474
1285,2008-11-30,parliament,RO2,Macroregiunea Doi,2,PVE,2788
1286,2008-11-30,parliament,RO2,Macroregiunea Doi,2,RO.AS.IT,4323
1287,2008-11-30,parliament,RO2,Macroregiunea Doi,2,U-Armeni,4915
1288,2008-11-30,parliament,RO2,Macroregiunea Doi,2,U-Croati,3465
1289,2008-11-30,parliament,RO2,Macroregiunea Doi,2,U-Eleni,3595
1290,2008-11-30,parliament,RO2,Macroregiunea Doi,2,U-Polonezi,4975
1291,2008-11-30,parliament,RO2,Macroregiunea Doi,2,U-Ruteni,1431
1292,2008-11-30,parliament,RO2,Macroregiunea Doi,2,U-Sirbi,2805
1293,2008-11-30,parliament,RO2,Macroregiunea Doi,2,U-Slovaci,5365
1294,2008-11-30,parliament,RO2,Macroregiunea Doi,2,U-Tatari,7543
1295,2008-11-30,parliament,RO2,Macroregiunea Doi,2,U-Turca,5065
1296,2008-11-30,parliament,RO2,Macroregiunea Doi,2,U-Ucrainen,3563
1297,2008-11-30,parliament,RO2,Macroregiunea Doi,2,UBBR,5157
1298,2008-11-30,parliament,RO2,Macroregiunea Doi,2,UDMR,4888
1299,2008-11-30,parliament,RO3,Macroregiunea Trei,0,eligible_voters,4836902
1300,2008-11-30,parliament,RO3,Macroregiunea Trei,1,issued_ballots,1798313
1301,2008-11-30,parliament,RO3,Macroregiunea Trei,2,A-Albanezi,1706
1302,2008-11-30,parliament,RO3,Macroregiunea Trei,2,A-Macedoni,2030
1303,2008-11-30,parliament,RO3,Macroregiunea Trei,2,C-Rusi,1290
1304,2008-11-30,parliament,RO3,Macroregiunea Trei,2,FC-Evrei,4580
1305,2008-11-30,parliament,RO3,Macroregiunea Trei,2,FDGR,2875
1306,2008-11-30,parliament,RO3,Macroregiunea Trei,2,PD,594556
1307,2008-11-30,parliament,RO3,Macroregiunea Trei,2,PHR,8463
1308,2008-11-30,parliament,RO3,Macroregiunea Trei,2,PNG,56008
1309,2008-11-30,parliament,RO3,Macroregiunea Trei,2,PNL,353728
1310,2008-11-30,parliament,RO3,Macroregiunea Trei,2,PPPS,3679
1311,2008-11-30,parliament,RO3,Macroregiunea Trei,2,PPU,6062
1312,2008-11-30,parliament,RO3,Macroregiunea Trei,2,PRE,87
1313,2008-11-30,parliament,RO3,Macroregiunea Trei,2,PRM,57813
1314,2008-11-30,parliament,RO3,Macroregiunea Trei,2,PSD,590046
1315,2008-11-30,parliament,RO3,Macroregiunea Trei,2,PVE,4454
1316,2008-11-30,parliament,RO3,Macroregiunea Trei,2,RO.AS.IT,2136
1317,2008-11-30,parliament,RO3,Macroregiunea Trei,2,U-Armeni,4336
1318,2008-11-30,parliament,RO3,Macroregiunea Trei,2,U-Croati,2157
1319,2008-11-30,parliament,RO3,Macroregiunea Trei,2,U-Eleni,2513
1320,2008-11-30,parliament,RO3,Macroregiunea Trei,2,U-Polonezi,1045
1321,2008-11-30,parliament,RO3,Macroregiunea Trei,2,U-Ruteni,661
1322,2008-11-30,parliament,RO3,Macroregiunea Trei,2,U-Sirbi,2191
1323,2008-11-30,parliament,RO3,Macroregiunea Trei,2,U-Slovaci,2046
1324,2008-11-30,parliament,RO3,Macroregiunea Trei,2,U-Tatari,1490
1325,2008-11-30,parliament,RO3,Macroregiunea Trei,2,U-Turca,1493
1326,2008-11-30,parliament,RO3,Macroregiunea Trei,2,U-Ucrainen,1638
1327,2008-11-30,parliament,RO3,Macroregiunea Trei,2,UBBR,1720
1328,2008-11-30,parliament,RO3,Macroregiunea Trei,2,UDMR,3929
1329,2008-11-30,parliament,RO4,Macroregiunea Patru,0,eligible_voters,3608178
1330,2008-11-30,parliament,RO4,Macroregiunea Patru,1,issued_ballots,1459872
1331,2008-11-30,parliament,RO4,Macroregiunea Patru,2,A-Albanezi,2081
1332,2008-11-30,parliament,RO4,Macroregiunea Patru,2,A-Macedoni,1841
1333,2008-11-30,parliament,RO4,Macroregiunea Patru,2,C-Rusi,958
1334,2008-11-30,parliament,RO4,Macroregiunea Patru,2,FC-Evrei,3502
1335,2008-11-30,parliament,RO4,Macroregiunea Patru,2,FDGR,4527
1336,2008-11-30,parliament,RO4,Macroregiunea Patru,2,PD,484192
1337,2008-11-30,parliament,RO4,Macroregiunea Patru,2,PHR,7045
1338,2008-11-30,parliament,RO4,Macroregiunea Patru,2,PNG,26035
1339,2008-11-30,parliament,RO4,Macroregiunea Patru,2,PNL,243968
1340,2008-11-30,parliament,RO4,Macroregiunea Patru,2,PPPS,155
1341,2008-11-30,parliament,RO4,Macroregiunea Patru,2,PPU,1067
1342,2008-11-30,parliament,RO4,Macroregiunea Patru,2,PRM,43275
1343,2008-11-30,parliament,RO4,Macroregiunea Patru,2,PSD,510861
1344,2008-11-30,parliament,RO4,Macroregiunea Patru,2,PSR,585
1345,2008-11-30,parliament,RO4,Macroregiunea Patru,2,PVE,6315
1346,2008-11-30,parliament,RO4,Macroregiunea Patru,2,RO.AS.IT,1493
1347,2008-11-30,parliament,RO4,Macroregiunea Patru,2,U-Armeni,2245
1348,2008-11-30,parliament,RO4,Macroregiunea Patru,2,U-Croati,1914
1349,2008-11-30,parliament,RO4,Macroregiunea Patru,2,U-Eleni,1137
1350,2008-11-30,parliament,RO4,Macroregiunea Patru,2,U-Polonezi,707
1351,2008-11-30,parliament,RO4,Macroregiunea Patru,2,U-Ruteni,1407
1352,2008-11-30,parliament,RO4,Macroregiunea Patru,2,U-Sirbi,4805
1353,2008-11-30,parliament,RO4,Macroregiunea Patru,2,U-Slovaci,3157
1354,2008-11-30,parliament,RO4,Macroregiunea Patru,2,U-Tatari,1409
1355,2008-11-30,parliament,RO4,Macroregiunea Patru,2,U-Turca,1545
1356,2008-11-30,parliament,RO4,Macroregiunea Patru,2,U-Ucrainen,1938
1357,2008-11-30,parliament,RO4,Macroregiunea Patru,2,UBBR,4318
1358,2008-11-30,parliament,RO4,Macroregiunea Patru,2,UDMR,30474
1359,2009-06-07,european,RO1,Macroregiunea Unu,0,eligible_voters,4443912
1360,2009-06-07,european,RO1,Macroregiunea Unu,1,issued_ballots,1313516
1361,2009-06-07,european,RO1,Macroregiunea Unu,2,CANDIDAT INDEPENDENT,55807
1362,2009-06-07,european,RO1,Macroregiunea Unu,2,PD,312579
1363,2009-06-07,european,RO1,Macroregiunea Unu,2,PNL,149738
1364,2009-06-07,european,RO1,Macroregiunea Unu,2,PNTCD,17484
1365,2009-06-07,european,RO1,Macroregiunea Unu,2,PRM,81195
1366,2009-06-07,european,RO1,Macroregiunea Unu,2,PSD,254193
1367,2009-06-07,european,RO1,Macroregiunea Unu,2,UDMR,397202
1368,2009-06-07,european,RO2,Macroregiunea Doi,0,eligible_voters,5420982
1369,2009-06-07,european,RO2,Macroregiunea Doi,1,issued_ballots,1385896
1370,2009-06-07,european,RO2,Macroregiunea Doi,2,CANDIDAT INDEPENDENT,84624
1371,2009-06-07,european,RO2,Macroregiunea Doi,2,PD,400618
1372,2009-06-07,european,RO2,Macroregiunea Doi,2,PNL,206248
1373,2009-06-07,european,RO2,Macroregiunea Doi,2,PNTCD,16749
1374,2009-06-07,european,RO2,Macroregiunea Doi,2,PRM,121903
1375,2009-06-07,european,RO2,Macroregiunea Doi,2,PSD,476188
1376,2009-06-07,european,RO2,Macroregiunea Doi,2,UDMR,4133
1377,2009-06-07,european,RO3,Macroregiunea Trei,0,eligible_voters,4773200
1378,2009-06-07,european,RO3,Macroregiunea Trei,1,issued_ballots,1274479
1379,2009-06-07,european,RO3,Macroregiunea Trei,2,CANDIDAT INDEPENDENT,64537
1380,2009-06-07,european,RO3,Macroregiunea Trei,2,PD,384709
1381,2009-06-07,european,RO3,Macroregiunea Trei,2,PNL,198604
1382,2009-06-07,european,RO3,Macroregiunea Trei,2,PNTCD,20102
1383,2009-06-07,european,RO3,Macroregiunea Trei,2,PRM,127285
1384,2009-06-07,european,RO3,Macroregiunea Trei,2,PSD,420582
1385,2009-06-07,european,RO3,Macroregiunea Trei,2,UDMR,3324
1386,2009-06-07,european,RO4,Macroregiunea Patru,0,eligible_voters,3559222
1387,2009-06-07,european,RO4,Macroregiunea Patru,1,issued_ballots,1047078
1388,2009-06-07,european,RO4,Macroregiunea Patru,2,CANDIDAT INDEPENDENT,47467
1389,2009-06-07,european,RO4,Macroregiunea Patru,2,PD,334982
1390,2009-06-07,european,RO4,Macroregiunea Patru,2,PNL,146225
1391,2009-06-07,european,RO4,Macroregiunea Patru,2,PNTCD,15811
1392,2009-06-07,european,RO4,Macroregiunea Patru,2,PRM,87328
1393,2009-06-07,european,RO4,Macroregiunea Patru,2,PSD,351207
1394,2009-06-07,european,RO4,Macroregiunea Patru,2,UDMR,26094
1395,2009-11-22,president_a,RO1,Macroregiunea Unu,0,eligible_voters,4467645
1396,2009-11-22,president_a,RO1,Macroregiunea Unu,1,issued_ballots,2301248
1397,2009-11-22,president_a,RO1,Macroregiunea Unu,2,Constantin Ninel Potarca,6181
1398,2009-11-22,president_a,RO1,Macroregiunea Unu,2,Constantin Rotaru,9541
1399,2009-11-22,president_a,RO1,Macroregiunea Unu,2,Corneliu Vadim Tudor,98664
1400,2009-11-22,president_a,RO1,Macroregiunea Unu,2,Crin Antonescu,437627
1401,2009-11-22,president_a,RO1,Macroregiunea Unu,2,Gheorghe-Eduard Manole,6970
1402,2009-11-22,president_a,RO1,Macroregiunea Unu,2,Hunor Kelemen,341307
1403,2009-11-22,president_a,RO1,Macroregiunea Unu,2,Mircea Geoana,471687
1404,2009-11-22,president_a,RO1,Macroregiunea Unu,2,Ovidiu Cristian Iane,6119
1405,2009-11-22,president_a,RO1,Macroregiunea Unu,2,PNG,34721
1406,2009-11-22,president_a,RO1,Macroregiunea Unu,2,Remus Cernea,15658
1407,2009-11-22,president_a,RO1,Macroregiunea Unu,2,Sorin Oprescu,46586
1408,2009-11-22,president_a,RO1,Macroregiunea Unu,2,Traian Basescu,774395
1409,2009-11-22,president_a,RO2,Macroregiunea Doi,0,eligible_voters,5453721
1410,2009-11-22,president_a,RO2,Macroregiunea Doi,1,issued_ballots,2886254
1411,2009-11-22,president_a,RO2,Macroregiunea Doi,2,Constantin Ninel Potarca,6408
1412,2009-11-22,president_a,RO2,Macroregiunea Doi,2,Constantin Rotaru,14561
1413,2009-11-22,president_a,RO2,Macroregiunea Doi,2,Corneliu Vadim Tudor,171564
1414,2009-11-22,president_a,RO2,Macroregiunea Doi,2,Crin Antonescu,527614
1415,2009-11-22,president_a,RO2,Macroregiunea Doi,2,Gheorghe-Eduard Manole,10123
1416,2009-11-22,president_a,RO2,Macroregiunea Doi,2,Hunor Kelemen,4807
1417,2009-11-22,president_a,RO2,Macroregiunea Doi,2,Mircea Geoana,1020376
1418,2009-11-22,president_a,RO2,Macroregiunea Doi,2,Ovidiu Cristian Iane,6954
1419,2009-11-22,president_a,RO2,Macroregiunea Doi,2,PNG,62454
1420,2009-11-22,president_a,RO2,Macroregiunea Doi,2,Remus Cernea,15890
1421,2009-11-22,president_a,RO2,Macroregiunea Doi,2,Sorin Oprescu,100516
1422,2009-11-22,president_a,RO2,Macroregiunea Doi,2,Traian Basescu,864883
1423,2009-11-22,president_a,RO3,Macroregiunea Trei,0,eligible_voters,4794946
1424,2009-11-22,president_a,RO3,Macroregiunea Trei,1,issued_ballots,2675869
1425,2009-11-22,president_a,RO3,Macroregiunea Trei,2,Constantin Ninel Potarca,4739
1426,2009-11-22,president_a,RO3,Macroregiunea Trei,2,Constantin Rotaru,10603
1427,2009-11-22,president_a,RO3,Macroregiunea Trei,2,Corneliu Vadim Tudor,155330
1428,2009-11-22,president_a,RO3,Macroregiunea Trei,2,Crin Antonescu,581186
1429,2009-11-22,president_a,RO3,Macroregiunea Trei,2,Gheorghe-Eduard Manole,10730
1430,2009-11-22,president_a,RO3,Macroregiunea Trei,2,Hunor Kelemen,3176
1431,2009-11-22,president_a,RO3,Macroregiunea Trei,2,Mircea Geoana,849695
1432,2009-11-22,president_a,RO3,Macroregiunea Trei,2,Ovidiu Cristian Iane,5075
1433,2009-11-22,president_a,RO3,Macroregiunea Trei,2,PNG,53559
1434,2009-11-22,president_a,RO3,Macroregiunea Trei,2,Remus Cernea,17694
1435,2009-11-22,president_a,RO3,Macroregiunea Trei,2,Sorin Oprescu,111011
1436,2009-11-22,president_a,RO3,Macroregiunea Trei,2,Traian Basescu,816971
1437,2009-11-22,president_a,RO4,Macroregiunea Patru,0,eligible_voters,3576965
1438,2009-11-22,president_a,RO4,Macroregiunea Patru,1,issued_ballots,1988309
1439,2009-11-22,president_a,RO4,Macroregiunea Patru,2,Constantin Ninel Potarca,3868
1440,2009-11-22,president_a,RO4,Macroregiunea Patru,2,Constantin Rotaru,8877
1441,2009-11-22,president_a,RO4,Macroregiunea Patru,2,Corneliu Vadim Tudor,109742
1442,2009-11-22,president_a,RO4,Macroregiunea Patru,2,Crin Antonescu,382955
1443,2009-11-22,president_a,RO4,Macroregiunea Patru,2,Gheorghe-Eduard Manole,5999
1444,2009-11-22,president_a,RO4,Macroregiunea Patru,2,Hunor Kelemen,22475
1445,2009-11-22,president_a,RO4,Macroregiunea Patru,2,Mircea Geoana,674363
1446,2009-11-22,president_a,RO4,Macroregiunea Patru,2,Ovidiu Cristian Iane,4136
1447,2009-11-22,president_a,RO4,Macroregiunea Patru,2,PNG,33371
1448,2009-11-22,president_a,RO4,Macroregiunea Patru,2,Remus Cernea,10348
1449,2009-11-22,president_a,RO4,Macroregiunea Patru,2,Sorin Oprescu,48461
1450,2009-11-22,president_a,RO4,Macroregiunea Patru,2,Traian Basescu,644487
1451,2009-11-22,president_b,RO1,Macroregiunea Unu,0,eligible_voters,4468215
1452,2009-11-22,president_b,RO1,Macroregiunea Unu,1,issued_ballots,2387946
1453,2009-11-22,president_b,RO1,Macroregiunea Unu,2,PSD,1028791
1454,2009-11-22,president_b,RO1,Macroregiunea Unu,2,Traian Basescu,1330301
1455,2009-11-22,president_b,RO2,Macroregiunea Doi,0,eligible_voters,5453991
1456,2009-11-22,president_b,RO2,Macroregiunea Doi,1,issued_ballots,3039875
1457,2009-11-22,president_b,RO2,Macroregiunea Doi,2,PSD,1577558
1458,2009-11-22,president_b,RO2,Macroregiunea Doi,2,Traian Basescu,1419422
1459,2009-11-22,president_b,RO3,Macroregiunea Trei,0,eligible_voters,4802868
1460,2009-11-22,president_b,RO3,Macroregiunea Trei,1,issued_ballots,2884799
1461,2009-11-22,president_b,RO3,Macroregiunea Trei,2,PSD,1473579
1462,2009-11-22,president_b,RO3,Macroregiunea Trei,2,Traian Basescu,1370402
1463,2009-11-22,president_b,RO4,Macroregiunea Patru,0,eligible_voters,3578150
1464,2009-11-22,president_b,RO4,Macroregiunea Patru,1,issued_ballots,2159742
1465,2009-11-22,president_b,RO4,Macroregiunea Patru,2,PSD,1094787
1466,2009-11-22,president_b,RO4,Macroregiunea Patru,2,Traian Basescu,1039852
1467,2012-12-09,parliament,RO1,Macroregiunea Unu,0,eligible_voters,4474305
1468,2012-12-09,parliament,RO1,Macroregiunea Unu,1,issued_ballots,1761471
1469,2012-12-09,parliament,RO1,Macroregiunea Unu,2,AMR,2722
1470,2012-12-09,parliament,RO1,Macroregiunea Unu,2,ARD,289371
1471,2012-12-09,parliament,RO1,Macroregiunea Unu,2,C.R.L.R.,780
1472,2012-12-09,parliament,RO1,Macroregiunea Unu,2,EMNP-PPMT,47955
1473,2012-12-09,parliament,RO1,Macroregiunea Unu,2,FCER,2074
1474,2012-12-09,parliament,RO1,Macroregiunea Unu,2,FDGR,20360
1475,2012-12-09,parliament,RO1,Macroregiunea Unu,2,PER,13798
1476,2012-12-09,parliament,RO1,Macroregiunea Unu,2,PHR,7437
1477,2012-12-09,parliament,RO1,Macroregiunea Unu,2,PNL-Aripa tânără,2223
1478,2012-12-09,parliament,RO1,Macroregiunea Unu,2,PPDD,169904
1479,2012-12-09,parliament,RO1,Macroregiunea Unu,2,PPU,4425
1480,2012-12-09,parliament,RO1,Macroregiunea Unu,2,PRM,17010
1481,2012-12-09,parliament,RO1,Macroregiunea Unu,2,RO.AS.IT.,1806
1482,2012-12-09,parliament,RO1,Macroregiunea Unu,2,UAR,1821
1483,2012-12-09,parliament,RO1,Macroregiunea Unu,2,UBBR,1688
1484,2012-12-09,parliament,RO1,Macroregiunea Unu,2,UCRR,1852
1485,2012-12-09,parliament,RO1,Macroregiunea Unu,2,UDMR,346859
1486,2012-12-09,parliament,RO1,Macroregiunea Unu,2,UDSCR,3720
1487,2012-12-09,parliament,RO1,Macroregiunea Unu,2,UDTR,1177
1488,2012-12-09,parliament,RO1,Macroregiunea Unu,2,UDTTMR,1133
1489,2012-12-09,parliament,RO1,Macroregiunea Unu,2,UER,1813
1490,2012-12-09,parliament,RO1,Macroregiunea Unu,2,UPR,1046
1491,2012-12-09,parliament,RO1,Macroregiunea Unu,2,USL,753783
1492,2012-12-09,parliament,RO1,Macroregiunea Unu,2,USR-PLUS,1115
1493,2012-12-09,parliament,RO1,Macroregiunea Unu,2,UUR,3307
1494,2012-12-09,parliament,RO2,Macroregiunea Doi,0,eligible_voters,5489268
1495,2012-12-09,parliament,RO2,Macroregiunea Doi,1,issued_ballots,2212537
1496,2012-12-09,parliament,RO2,Macroregiunea Doi,2,AMR,4337
1497,2012-12-09,parliament,RO2,Macroregiunea Doi,2,ARD,317291
1498,2012-12-09,parliament,RO2,Macroregiunea Doi,2,C.R.L.R.,5560
1499,2012-12-09,parliament,RO2,Macroregiunea Doi,2,FCER,2918
1500,2012-12-09,parliament,RO2,Macroregiunea Doi,2,FDGR,6118
1501,2012-12-09,parliament,RO2,Macroregiunea Doi,2,PAS,228
1502,2012-12-09,parliament,RO2,Macroregiunea Doi,2,PER,28905
1503,2012-12-09,parliament,RO2,Macroregiunea Doi,2,PHR,5727
1504,2012-12-09,parliament,RO2,Macroregiunea Doi,2,PNL-Aripa tânără,3337
1505,2012-12-09,parliament,RO2,Macroregiunea Doi,2,PPDD,338113
1506,2012-12-09,parliament,RO2,Macroregiunea Doi,2,PPPS,102
1507,2012-12-09,parliament,RO2,Macroregiunea Doi,2,PPU,478
1508,2012-12-09,parliament,RO2,Macroregiunea Doi,2,PRM,24972
1509,2012-12-09,parliament,RO2,Macroregiunea Doi,2,PSDM,231
1510,2012-12-09,parliament,RO2,Macroregiunea Doi,2,RO.AS.IT.,2550
1511,2012-12-09,parliament,RO2,Macroregiunea Doi,2,UAR,3166
1512,2012-12-09,parliament,RO2,Macroregiunea Doi,2,UBBR,2423
1513,2012-12-09,parliament,RO2,Macroregiunea Doi,2,UCRR,1231
1514,2012-12-09,parliament,RO2,Macroregiunea Doi,2,UDMR,5795
1515,2012-12-09,parliament,RO2,Macroregiunea Doi,2,UDSCR,1773
1516,2012-12-09,parliament,RO2,Macroregiunea Doi,2,UDTR,3439
1517,2012-12-09,parliament,RO2,Macroregiunea Doi,2,UDTTMR,6322
1518,2012-12-09,parliament,RO2,Macroregiunea Doi,2,UER,3776
1519,2012-12-09,parliament,RO2,Macroregiunea Doi,2,UPR,4431
1520,2012-12-09,parliament,RO2,Macroregiunea Doi,2,USL,1337656
1521,2012-12-09,parliament,RO2,Macroregiunea Doi,2,USR-PLUS,1987
1522,2012-12-09,parliament,RO2,Macroregiunea Doi,2,UUR,4197
1523,2012-12-09,parliament,RO3,Macroregiunea Trei,0,eligible_voters,4827840
1524,2012-12-09,parliament,RO3,Macroregiunea Trei,1,issued_ballots,2133921
1525,2012-12-09,parliament,RO3,Macroregiunea Trei,2,AMR,2629
1526,2012-12-09,parliament,RO3,Macroregiunea Trei,2,ARD,359644
1527,2012-12-09,parliament,RO3,Macroregiunea Trei,2,C.R.L.R.,1139
1528,2012-12-09,parliament,RO3,Macroregiunea Trei,2,FCER,2850
1529,2012-12-09,parliament,RO3,Macroregiunea Trei,2,FDGR,6051
1530,2012-12-09,parliament,RO3,Macroregiunea Trei,2,PAS,250
1531,2012-12-09,parliament,RO3,Macroregiunea Trei,2,PER,11366
1532,2012-12-09,parliament,RO3,Macroregiunea Trei,2,PHR,5621
1533,2012-12-09,parliament,RO3,Macroregiunea Trei,2,PNL-Aripa tânără,2523
1534,2012-12-09,parliament,RO3,Macroregiunea Trei,2,PPDD,267799
1535,2012-12-09,parliament,RO3,Macroregiunea Trei,2,PPPS,727
1536,2012-12-09,parliament,RO3,Macroregiunea Trei,2,PPU,2095
1537,2012-12-09,parliament,RO3,Macroregiunea Trei,2,PRM,27548
1538,2012-12-09,parliament,RO3,Macroregiunea Trei,2,RO.AS.IT.,2219
1539,2012-12-09,parliament,RO3,Macroregiunea Trei,2,UAR,3982
1540,2012-12-09,parliament,RO3,Macroregiunea Trei,2,UBBR,1916
1541,2012-12-09,parliament,RO3,Macroregiunea Trei,2,UCRR,880
1542,2012-12-09,parliament,RO3,Macroregiunea Trei,2,UDMR,4913
1543,2012-12-09,parliament,RO3,Macroregiunea Trei,2,UDSCR,939
1544,2012-12-09,parliament,RO3,Macroregiunea Trei,2,UDTR,1590
1545,2012-12-09,parliament,RO3,Macroregiunea Trei,2,UDTTMR,1134
1546,2012-12-09,parliament,RO3,Macroregiunea Trei,2,UER,3008
1547,2012-12-09,parliament,RO3,Macroregiunea Trei,2,UPR,1393
1548,2012-12-09,parliament,RO3,Macroregiunea Trei,2,USL,1343383
1549,2012-12-09,parliament,RO3,Macroregiunea Trei,2,USR-PLUS,1199
1550,2012-12-09,parliament,RO3,Macroregiunea Trei,2,UUR,2329
1551,2012-12-09,parliament,RO4,Macroregiunea Patru,0,eligible_voters,3570639
1552,2012-12-09,parliament,RO4,Macroregiunea Patru,1,issued_ballots,1525373
1553,2012-12-09,parliament,RO4,Macroregiunea Patru,2,AMR,2474
1554,2012-12-09,parliament,RO4,Macroregiunea Patru,2,ARD,231283
1555,2012-12-09,parliament,RO4,Macroregiunea Patru,2,C.R.L.R.,779
1556,2012-12-09,parliament,RO4,Macroregiunea Patru,2,FCER,1975
1557,2012-12-09,parliament,RO4,Macroregiunea Patru,2,FDGR,6332
1558,2012-12-09,parliament,RO4,Macroregiunea Patru,2,PAS,1853
1559,2012-12-09,parliament,RO4,Macroregiunea Patru,2,PER,3666
1560,2012-12-09,parliament,RO4,Macroregiunea Patru,2,PHR,3233
1561,2012-12-09,parliament,RO4,Macroregiunea Patru,2,PNL-Aripa tânără,1906
1562,2012-12-09,parliament,RO4,Macroregiunea Patru,2,PPDD,256742
1563,2012-12-09,parliament,RO4,Macroregiunea Patru,2,PPPS,100
1564,2012-12-09,parliament,RO4,Macroregiunea Patru,2,PPU,5391
1565,2012-12-09,parliament,RO4,Macroregiunea Patru,2,PRM,21693
1566,2012-12-09,parliament,RO4,Macroregiunea Patru,2,RO.AS.IT.,1225
1567,2012-12-09,parliament,RO4,Macroregiunea Patru,2,UAR,1628
1568,2012-12-09,parliament,RO4,Macroregiunea Patru,2,UBBR,4063
1569,2012-12-09,parliament,RO4,Macroregiunea Patru,2,UCRR,1284
1570,2012-12-09,parliament,RO4,Macroregiunea Patru,2,UDMR,21935
1571,2012-12-09,parliament,RO4,Macroregiunea Patru,2,UDSCR,2201
1572,2012-12-09,parliament,RO4,Macroregiunea Patru,2,UDTR,1084
1573,2012-12-09,parliament,RO4,Macroregiunea Patru,2,UDTTMR,653
1574,2012-12-09,parliament,RO4,Macroregiunea Patru,2,UER,1199
1575,2012-12-09,parliament,RO4,Macroregiunea Patru,2,UPR,1137
1576,2012-12-09,parliament,RO4,Macroregiunea Patru,2,USL,892780
1577,2012-12-09,parliament,RO4,Macroregiunea Patru,2,USR-PLUS,3866
1578,2012-12-09,parliament,RO4,Macroregiunea Patru,2,UUR,3731
1579,2014-11-02,president_a,RO1,Macroregiunea Unu,0,eligible_voters,4464217
1580,2014-11-02,president_a,RO1,Macroregiunea Unu,1,issued_ballots,2263545
1581,2014-11-02,president_a,RO1,Macroregiunea Unu,2,AMARITEI MIREL-MIRCEA,1569
1582,2014-11-02,president_a,RO1,Macroregiunea Unu,2,BRINZA WILLIAM GABRIEL,8958
1583,2014-11-02,president_a,RO1,Macroregiunea Unu,2,DIACONESCU CRISTIAN-DAN,57612
1584,2014-11-02,president_a,RO1,Macroregiunea Unu,2,FUNAR GHEORGHE,16463
1585,2014-11-02,president_a,RO1,Macroregiunea Unu,2,IOHANNIS KLAUS-WERNER,884727
1586,2014-11-02,president_a,RO1,Macroregiunea Unu,2,KELEMEN HUNOR,287398
1587,2014-11-02,president_a,RO1,Macroregiunea Unu,2,MACOVEI MONICA-LUISA,74871
1588,2014-11-02,president_a,RO1,Macroregiunea Unu,2,MELESCANU TEODOR-VIOREL,16159
1589,2014-11-02,president_a,RO1,Macroregiunea Unu,2,PONTA VICTOR-VIOREL,603543
1590,2014-11-02,president_a,RO1,Macroregiunea Unu,2,POPESCU-TARICEANU CALIN-CONSTANTIN-ANTON,84788
1591,2014-11-02,president_a,RO1,Macroregiunea Unu,2,ROTARU CONSTANTIN,5491
1592,2014-11-02,president_a,RO1,Macroregiunea Unu,2,SZILAGYI ZSOLT,44497
1593,2014-11-02,president_a,RO1,Macroregiunea Unu,2,UDREA ELENA-GABRIELA,83680
1594,2014-11-02,president_a,RO1,Macroregiunea Unu,2,VADIM-TUDOR CORNELIU,46637
1595,2014-11-02,president_a,RO2,Macroregiunea Doi,0,eligible_voters,5485856
1596,2014-11-02,president_a,RO2,Macroregiunea Doi,1,issued_ballots,2758942
1597,2014-11-02,president_a,RO2,Macroregiunea Doi,2,AMARITEI MIREL-MIRCEA,2623
1598,2014-11-02,president_a,RO2,Macroregiunea Doi,2,BRINZA WILLIAM GABRIEL,14343
1599,2014-11-02,president_a,RO2,Macroregiunea Doi,2,DIACONESCU CRISTIAN-DAN,123999
1600,2014-11-02,president_a,RO2,Macroregiunea Doi,2,FUNAR GHEORGHE,11506
1601,2014-11-02,president_a,RO2,Macroregiunea Doi,2,IOHANNIS KLAUS-WERNER,695436
1602,2014-11-02,president_a,RO2,Macroregiunea Doi,2,KELEMEN HUNOR,12256
1603,2014-11-02,president_a,RO2,Macroregiunea Doi,2,MACOVEI MONICA-LUISA,104089
1604,2014-11-02,president_a,RO2,Macroregiunea Doi,2,MELESCANU TEODOR-VIOREL,29492
1605,2014-11-02,president_a,RO2,Macroregiunea Doi,2,PONTA VICTOR-VIOREL,1271824
1606,2014-11-02,president_a,RO2,Macroregiunea Doi,2,POPESCU-TARICEANU CALIN-CONSTANTIN-ANTON,129511
1607,2014-11-02,president_a,RO2,Macroregiunea Doi,2,ROTARU CONSTANTIN,9033
1608,2014-11-02,president_a,RO2,Macroregiunea Doi,2,SZILAGYI ZSOLT,3093
1609,2014-11-02,president_a,RO2,Macroregiunea Doi,2,UDREA ELENA-GABRIELA,156035
1610,2014-11-02,president_a,RO2,Macroregiunea Doi,2,VADIM-TUDOR CORNELIU,118817
1611,2014-11-02,president_a,RO3,Macroregiunea Trei,0,eligible_voters,4800963
1612,2014-11-02,president_a,RO3,Macroregiunea Trei,1,issued_ballots,2654369
1613,2014-11-02,president_a,RO3,Macroregiunea Trei,2,AMARITEI MIREL-MIRCEA,2157
1614,2014-11-02,president_a,RO3,Macroregiunea Trei,2,BRINZA WILLIAM GABRIEL,12575
1615,2014-11-02,president_a,RO3,Macroregiunea Trei,2,DIACONESCU CRISTIAN-DAN,109507
1616,2014-11-02,president_a,RO3,Macroregiunea Trei,2,FUNAR GHEORGHE,9828
1617,2014-11-02,president_a,RO3,Macroregiunea Trei,2,IOHANNIS KLAUS-WERNER,655458
1618,2014-11-02,president_a,RO3,Macroregiunea Trei,2,KELEMEN HUNOR,6952
1619,2014-11-02,president_a,RO3,Macroregiunea Trei,2,MACOVEI MONICA-LUISA,168799
1620,2014-11-02,president_a,RO3,Macroregiunea Trei,2,MELESCANU TEODOR-VIOREL,41634
1621,2014-11-02,president_a,RO3,Macroregiunea Trei,2,PONTA VICTOR-VIOREL,1098595
1622,2014-11-02,president_a,RO3,Macroregiunea Trei,2,POPESCU-TARICEANU CALIN-CONSTANTIN-ANTON,199242
1623,2014-11-02,president_a,RO3,Macroregiunea Trei,2,ROTARU CONSTANTIN,7193
1624,2014-11-02,president_a,RO3,Macroregiunea Trei,2,SZILAGYI ZSOLT,2008
1625,2014-11-02,president_a,RO3,Macroregiunea Trei,2,UDREA ELENA-GABRIELA,149803
1626,2014-11-02,president_a,RO3,Macroregiunea Trei,2,VADIM-TUDOR CORNELIU,120217
1627,2014-11-02,president_a,RO4,Macroregiunea Patru,0,eligible_voters,3533030
1628,2014-11-02,president_a,RO4,Macroregiunea Patru,1,issued_ballots,1885114
1629,2014-11-02,president_a,RO4,Macroregiunea Patru,2,AMARITEI MIREL-MIRCEA,1456
1630,2014-11-02,president_a,RO4,Macroregiunea Patru,2,BRINZA WILLIAM GABRIEL,6462
1631,2014-11-02,president_a,RO4,Macroregiunea Patru,2,DIACONESCU CRISTIAN-DAN,84591
1632,2014-11-02,president_a,RO4,Macroregiunea Patru,2,FUNAR GHEORGHE,6736
1633,2014-11-02,president_a,RO4,Macroregiunea Patru,2,IOHANNIS KLAUS-WERNER,571873
1634,2014-11-02,president_a,RO4,Macroregiunea Patru,2,KELEMEN HUNOR,22242
1635,2014-11-02,president_a,RO4,Macroregiunea Patru,2,MACOVEI MONICA-LUISA,49547
1636,2014-11-02,president_a,RO4,Macroregiunea Patru,2,MELESCANU TEODOR-VIOREL,15472
1637,2014-11-02,president_a,RO4,Macroregiunea Patru,2,PONTA VICTOR-VIOREL,836665
1638,2014-11-02,president_a,RO4,Macroregiunea Patru,2,POPESCU-TARICEANU CALIN-CONSTANTIN-ANTON,90309
1639,2014-11-02,president_a,RO4,Macroregiunea Patru,2,ROTARU CONSTANTIN,6906
1640,2014-11-02,president_a,RO4,Macroregiunea Patru,2,SZILAGYI ZSOLT,3261
1641,2014-11-02,president_a,RO4,Macroregiunea Patru,2,UDREA ELENA-GABRIELA,88202
1642,2014-11-02,president_a,RO4,Macroregiunea Patru,2,VADIM-TUDOR CORNELIU,59135
1643,2014-11-02,president_b,RO1,Macroregiunea Unu,0,eligible_voters,4463527
1644,2014-11-02,president_b,RO1,Macroregiunea Unu,1,issued_ballots,2725231
1645,2014-11-02,president_b,RO1,Macroregiunea Unu,2,IOHANNIS KLAUS-WERNER,1846456
1646,2014-11-02,president_b,RO1,Macroregiunea Unu,2,PONTA VICTOR-VIOREL,849590
1647,2014-11-02,president_b,RO2,Macroregiunea Doi,0,eligible_voters,5485608
1648,2014-11-02,president_b,RO2,Macroregiunea Doi,1,issued_ballots,3198607
1649,2014-11-02,president_b,RO2,Macroregiunea Doi,2,IOHANNIS KLAUS-WERNER,1484334
1650,2014-11-02,president_b,RO2,Macroregiunea Doi,2,PONTA VICTOR-VIOREL,1665943
1651,2014-11-02,president_b,RO3,Macroregiunea Trei,0,eligible_voters,4799817
1652,2014-11-02,president_b,RO3,Macroregiunea Trei,1,issued_ballots,3170736
1653,2014-11-02,president_b,RO3,Macroregiunea Trei,2,IOHANNIS KLAUS-WERNER,1521790
1654,2014-11-02,president_b,RO3,Macroregiunea Trei,2,PONTA VICTOR-VIOREL,1591810
1655,2014-11-02,president_b,RO4,Macroregiunea Patru,0,eligible_voters,3532042
1656,2014-11-02,president_b,RO4,Macroregiunea Patru,1,issued_ballots,2245654
1657,2014-11-02,president_b,RO4,Macroregiunea Patru,2,IOHANNIS KLAUS-WERNER,1097316
1658,2014-11-02,president_b,RO4,Macroregiunea Patru,2,PONTA VICTOR-VIOREL,1118262
1659,2016-12-11,parliament,RO1,Macroregiunea Unu,0,eligible_voters,4458575
1660,2016-12-11,parliament,RO1,Macroregiunea Unu,1,issued_ballots,1734555
1661,2016-12-11,parliament,RO1,Macroregiunea Unu,2,(CRLR),459
1662,2016-12-11,parliament,RO1,Macroregiunea Unu,2,ALDE,77093
1663,2016-12-11,parliament,RO1,Macroregiunea Unu,2,AMR,1297
1664,2016-12-11,parliament,RO1,Macroregiunea Unu,2,ANR,12208
1665,2016-12-11,parliament,RO1,Macroregiunea Unu,2,COSTEL NEACSU,894
1666,2016-12-11,parliament,RO1,Macroregiunea Unu,2,DUMITRU FLUCUS,3003
1667,2016-12-11,parliament,RO1,Macroregiunea Unu,2,FCER,1202
1668,2016-12-11,parliament,RO1,Macroregiunea Unu,2,FDGR,5643
1669,2016-12-11,parliament,RO1,Macroregiunea Unu,2,GHEORGHE BLEDEA,474
1670,2016-12-11,parliament,RO1,Macroregiunea Unu,2,NICU RADULESCU,891
1671,2016-12-11,parliament,RO1,Macroregiunea Unu,2,PER,16643
1672,2016-12-11,parliament,RO1,Macroregiunea Unu,2,PMP,63489
1673,2016-12-11,parliament,RO1,Macroregiunea Unu,2,PNL,384270
1674,2016-12-11,parliament,RO1,Macroregiunea Unu,2,PNL-Aripa tânără,891
1675,2016-12-11,parliament,RO1,Macroregiunea Unu,2,PNR,302
1676,2016-12-11,parliament,RO1,Macroregiunea Unu,2,PO,422
1677,2016-12-11,parliament,RO1,Macroregiunea Unu,2,PRM,11867
1678,2016-12-11,parliament,RO1,Macroregiunea Unu,2,PRO,3448
1679,2016-12-11,parliament,RO1,Macroregiunea Unu,2,PRU,48264
1680,2016-12-11,parliament,RO1,Macroregiunea Unu,2,PSD,501958
1681,2016-12-11,parliament,RO1,Macroregiunea Unu,2,PSR,2461
1682,2016-12-11,parliament,RO1,Macroregiunea Unu,2,ROASIT,609
1683,2016-12-11,parliament,RO1,Macroregiunea Unu,2,UAR,975
1684,2016-12-11,parliament,RO1,Macroregiunea Unu,2,UBBR,720
1685,2016-12-11,parliament,RO1,Macroregiunea Unu,2,UCRR,892
1686,2016-12-11,parliament,RO1,Macroregiunea Unu,2,UDMR,398932
1687,2016-12-11,parliament,RO1,Macroregiunea Unu,2,UDSCR,2124
1688,2016-12-11,parliament,RO1,Macroregiunea Unu,2,UDTR,627
1689,2016-12-11,parliament,RO1,Macroregiunea Unu,2,UER,1089
1690,2016-12-11,parliament,RO1,Macroregiunea Unu,2,USR-PLUS,135266
1691,2016-12-11,parliament,RO1,Macroregiunea Unu,2,UUR,1589
1692,2016-12-11,parliament,RO1,Macroregiunea Unu,2,VASILE-MARINEL REVNIC,1423
1693,2016-12-11,parliament,RO1,Macroregiunea Unu,2,VERZII,292
1694,2016-12-11,parliament,RO2,Macroregiunea Doi,0,eligible_voters,5526609
1695,2016-12-11,parliament,RO2,Macroregiunea Doi,1,issued_ballots,2073364
1696,2016-12-11,parliament,RO2,Macroregiunea Doi,2,(CRLR),4572
1697,2016-12-11,parliament,RO2,Macroregiunea Doi,2,ALDE,112712
1698,2016-12-11,parliament,RO2,Macroregiunea Doi,2,ALEXANDRU PAZIUC,3142
1699,2016-12-11,parliament,RO2,Macroregiunea Doi,2,AMR,1664
1700,2016-12-11,parliament,RO2,Macroregiunea Doi,2,ANR,19169
1701,2016-12-11,parliament,RO2,Macroregiunea Doi,2,COSTEL MARIN,357
1702,2016-12-11,parliament,RO2,Macroregiunea Doi,2,COSTEL-IOAN CIOBAN,1077
1703,2016-12-11,parliament,RO2,Macroregiunea Doi,2,DANIELA PEPENE,2031
1704,2016-12-11,parliament,RO2,Macroregiunea Doi,2,DANIELA-SIMONA VREME,2410
1705,2016-12-11,parliament,RO2,Macroregiunea Doi,2,FCER,1814
1706,2016-12-11,parliament,RO2,Macroregiunea Doi,2,FDGR,2375
1707,2016-12-11,parliament,RO2,Macroregiunea Doi,2,GHEORGHE DINU,4538
1708,2016-12-11,parliament,RO2,Macroregiunea Doi,2,GICA DUTA,1425
1709,2016-12-11,parliament,RO2,Macroregiunea Doi,2,IOAN SPIRIDON,899
1710,2016-12-11,parliament,RO2,Macroregiunea Doi,2,IOAN-COSMIN CURELEA,1202
1711,2016-12-11,parliament,RO2,Macroregiunea Doi,2,MIRCEA ION,1039
1712,2016-12-11,parliament,RO2,Macroregiunea Doi,2,NECULAI GALATANU,465
1713,2016-12-11,parliament,RO2,Macroregiunea Doi,2,NEVISER ZAHARCU,1659
1714,2016-12-11,parliament,RO2,Macroregiunea Doi,2,PER,20598
1715,2016-12-11,parliament,RO2,Macroregiunea Doi,2,PMP,112991
1716,2016-12-11,parliament,RO2,Macroregiunea Doi,2,PNL,383787
1717,2016-12-11,parliament,RO2,Macroregiunea Doi,2,PNL-Aripa tânără,1618
1718,2016-12-11,parliament,RO2,Macroregiunea Doi,2,PNR,515
1719,2016-12-11,parliament,RO2,Macroregiunea Doi,2,PO,2044
1720,2016-12-11,parliament,RO2,Macroregiunea Doi,2,PRD,523
1721,2016-12-11,parliament,RO2,Macroregiunea Doi,2,PRM,26891
1722,2016-12-11,parliament,RO2,Macroregiunea Doi,2,PRO,4180
1723,2016-12-11,parliament,RO2,Macroregiunea Doi,2,PRU,51130
1724,2016-12-11,parliament,RO2,Macroregiunea Doi,2,PSD,1046905
1725,2016-12-11,parliament,RO2,Macroregiunea Doi,2,PSR,8954
1726,2016-12-11,parliament,RO2,Macroregiunea Doi,2,PVN,511
1727,2016-12-11,parliament,RO2,Macroregiunea Doi,2,ROASIT,1431
1728,2016-12-11,parliament,RO2,Macroregiunea Doi,2,SEBASTIAN-IOAN BURDUJA,6430
1729,2016-12-11,parliament,RO2,Macroregiunea Doi,2,SERGIU-SORIN CHELMU,1259
1730,2016-12-11,parliament,RO2,Macroregiunea Doi,2,SORIN SOVA,2029
1731,2016-12-11,parliament,RO2,Macroregiunea Doi,2,TIBERIU-MIHAI-ANTONIU JALBA,1687
1732,2016-12-11,parliament,RO2,Macroregiunea Doi,2,UAR,2053
1733,2016-12-11,parliament,RO2,Macroregiunea Doi,2,UBBR,1347
1734,2016-12-11,parliament,RO2,Macroregiunea Doi,2,UCRR,733
1735,2016-12-11,parliament,RO2,Macroregiunea Doi,2,UDMR,4827
1736,2016-12-11,parliament,RO2,Macroregiunea Doi,2,UDSCR,1816
1737,2016-12-11,parliament,RO2,Macroregiunea Doi,2,UDTR,3451
1738,2016-12-11,parliament,RO2,Macroregiunea Doi,2,UER,2085
1739,2016-12-11,parliament,RO2,Macroregiunea Doi,2,USR-PLUS,123301
1740,2016-12-11,parliament,RO2,Macroregiunea Doi,2,UUR,1024
1741,2016-12-11,parliament,RO2,Macroregiunea Doi,2,VERZII,274
1742,2016-12-11,parliament,RO3,Macroregiunea Trei,0,eligible_voters,4782943
1743,2016-12-11,parliament,RO3,Macroregiunea Trei,1,issued_ballots,1970493
1744,2016-12-11,parliament,RO3,Macroregiunea Trei,2,(CRLR),675
1745,2016-12-11,parliament,RO3,Macroregiunea Trei,2,ALDE,123748
1746,2016-12-11,parliament,RO3,Macroregiunea Trei,2,AMR,1220
1747,2016-12-11,parliament,RO3,Macroregiunea Trei,2,ANR,19202
1748,2016-12-11,parliament,RO3,Macroregiunea Trei,2,DANUT DINU,3783
1749,2016-12-11,parliament,RO3,Macroregiunea Trei,2,ELENA NICOLACHE,960
1750,2016-12-11,parliament,RO3,Macroregiunea Trei,2,ELENA-GABRIELA UDREA,3174
1751,2016-12-11,parliament,RO3,Macroregiunea Trei,2,FCER,1206
1752,2016-12-11,parliament,RO3,Macroregiunea Trei,2,FDGR,1650
1753,2016-12-11,parliament,RO3,Macroregiunea Trei,2,GEORGE-ALEXANDRU MANCIU,1512
1754,2016-12-11,parliament,RO3,Macroregiunea Trei,2,ION-GABRIEL LINTA,477
1755,2016-12-11,parliament,RO3,Macroregiunea Trei,2,ION-MARIUS FENICHIU,1750
1756,2016-12-11,parliament,RO3,Macroregiunea Trei,2,PACT Galați,609
1757,2016-12-11,parliament,RO3,Macroregiunea Trei,2,PER,15953
1758,2016-12-11,parliament,RO3,Macroregiunea Trei,2,PMP,108728
1759,2016-12-11,parliament,RO3,Macroregiunea Trei,2,PNL,322597
1760,2016-12-11,parliament,RO3,Macroregiunea Trei,2,PNL-Aripa tânără,829
1761,2016-12-11,parliament,RO3,Macroregiunea Trei,2,PO,489
1762,2016-12-11,parliament,RO3,Macroregiunea Trei,2,PPU,464
1763,2016-12-11,parliament,RO3,Macroregiunea Trei,2,PRM,19305
1764,2016-12-11,parliament,RO3,Macroregiunea Trei,2,PRO,3589
1765,2016-12-11,parliament,RO3,Macroregiunea Trei,2,PRU,57087
1766,2016-12-11,parliament,RO3,Macroregiunea Trei,2,PSD,921288
1767,2016-12-11,parliament,RO3,Macroregiunea Trei,2,PSR,6510
1768,2016-12-11,parliament,RO3,Macroregiunea Trei,2,REMUS-FLORINEL CERNEA,4295
1769,2016-12-11,parliament,RO3,Macroregiunea Trei,2,ROASIT,673
1770,2016-12-11,parliament,RO3,Macroregiunea Trei,2,THEODOR PALEOLOGU,8352
1771,2016-12-11,parliament,RO3,Macroregiunea Trei,2,UAR,1087
1772,2016-12-11,parliament,RO3,Macroregiunea Trei,2,UBBR,716
1773,2016-12-11,parliament,RO3,Macroregiunea Trei,2,UCRR,286
1774,2016-12-11,parliament,RO3,Macroregiunea Trei,2,UDMR,2985
1775,2016-12-11,parliament,RO3,Macroregiunea Trei,2,UDSCR,594
1776,2016-12-11,parliament,RO3,Macroregiunea Trei,2,UDTR,851
1777,2016-12-11,parliament,RO3,Macroregiunea Trei,2,UER,1702
1778,2016-12-11,parliament,RO3,Macroregiunea Trei,2,USR-PLUS,256809
1779,2016-12-11,parliament,RO3,Macroregiunea Trei,2,UUR,898
1780,2016-12-11,parliament,RO3,Macroregiunea Trei,2,VERONICA ZAMFIR,870
1781,2016-12-11,parliament,RO3,Macroregiunea Trei,2,VISINEL-COSTEL BALAN,1770
1782,2016-12-11,parliament,RO4,Macroregiunea Patru,0,eligible_voters,3517828
1783,2016-12-11,parliament,RO4,Macroregiunea Patru,1,issued_ballots,1434350
1784,2016-12-11,parliament,RO4,Macroregiunea Patru,2,(CRLR),333
1785,2016-12-11,parliament,RO4,Macroregiunea Patru,2,ALDE,79702
1786,2016-12-11,parliament,RO4,Macroregiunea Patru,2,AMR,1265
1787,2016-12-11,parliament,RO4,Macroregiunea Patru,2,ANR,8428
1788,2016-12-11,parliament,RO4,Macroregiunea Patru,2,ARD,1605
1789,2016-12-11,parliament,RO4,Macroregiunea Patru,2,BUN,518
1790,2016-12-11,parliament,RO4,Macroregiunea Patru,2,DUMITRU-NICU CORNOIU,843
1791,2016-12-11,parliament,RO4,Macroregiunea Patru,2,FCER,718
1792,2016-12-11,parliament,RO4,Macroregiunea Patru,2,FDGR,2413
1793,2016-12-11,parliament,RO4,Macroregiunea Patru,2,ION CALINOIU,3457
1794,2016-12-11,parliament,RO4,Macroregiunea Patru,2,PER,9220
1795,2016-12-11,parliament,RO4,Macroregiunea Patru,2,PETRICA FOLICA,381
1796,2016-12-11,parliament,RO4,Macroregiunea Patru,2,PMP,66429
1797,2016-12-11,parliament,RO4,Macroregiunea Patru,2,PNL,293469
1798,2016-12-11,parliament,RO4,Macroregiunea Patru,2,PNL-Aripa tânără,1275
1799,2016-12-11,parliament,RO4,Macroregiunea Patru,2,PNR,947
1800,2016-12-11,parliament,RO4,Macroregiunea Patru,2,PO,359
1801,2016-12-11,parliament,RO4,Macroregiunea Patru,2,PPU,2135
1802,2016-12-11,parliament,RO4,Macroregiunea Patru,2,PRM,15201
1803,2016-12-11,parliament,RO4,Macroregiunea Patru,2,PRO,1793
1804,2016-12-11,parliament,RO4,Macroregiunea Patru,2,PRU,35963
1805,2016-12-11,parliament,RO4,Macroregiunea Patru,2,PSD,723864
1806,2016-12-11,parliament,RO4,Macroregiunea Patru,2,PSR,6655
1807,2016-12-11,parliament,RO4,Macroregiunea Patru,2,REMI RADULESCU,636
1808,2016-12-11,parliament,RO4,Macroregiunea Patru,2,ROASIT,661
1809,2016-12-11,parliament,RO4,Macroregiunea Patru,2,RODICA BARNA,574
1810,2016-12-11,parliament,RO4,Macroregiunea Patru,2,ROMEO RADULESCU,2632
1811,2016-12-11,parliament,RO4,Macroregiunea Patru,2,TIBERIU MANESCU,1359
1812,2016-12-11,parliament,RO4,Macroregiunea Patru,2,UAR,691
1813,2016-12-11,parliament,RO4,Macroregiunea Patru,2,UBBR,1730
1814,2016-12-11,parliament,RO4,Macroregiunea Patru,2,UCRR,877
1815,2016-12-11,parliament,RO4,Macroregiunea Patru,2,UDMR,26683
1816,2016-12-11,parliament,RO4,Macroregiunea Patru,2,UDSCR,1977
1817,2016-12-11,parliament,RO4,Macroregiunea Patru,2,UDTR,562
1818,2016-12-11,parliament,RO4,Macroregiunea Patru,2,UER,870
1819,2016-12-11,parliament,RO4,Macroregiunea Patru,2,USR-PLUS,83703
1820,2016-12-11,parliament,RO4,Macroregiunea Patru,2,UUR,1159
1821,2019-05-26,european,RO1,Macroregiunea Unu,0,eligible_voters,4452023
1822,2019-05-26,european,RO1,Macroregiunea Unu,1,issued_ballots,2283477
1823,2019-05-26,european,RO1,Macroregiunea Unu,2,ALDE,65779
1824,2019-05-26,european,RO1,Macroregiunea Unu,2,BUN,3616
1825,2019-05-26,european,RO1,Macroregiunea Unu,2,COSTEA PETER,40763
1826,2019-05-26,european,RO1,Macroregiunea Unu,2,PMP,89715
1827,2019-05-26,european,RO1,Macroregiunea Unu,2,PNL,668168
1828,2019-05-26,european,RO1,Macroregiunea Unu,2,PP,10357
1829,2019-05-26,european,RO1,Macroregiunea Unu,2,PRO,102416
1830,2019-05-26,european,RO1,Macroregiunea Unu,2,PRU,9539
1831,2019-05-26,european,RO1,Macroregiunea Unu,2,PSD,319859
1832,2019-05-26,european,RO1,Macroregiunea Unu,2,PSDI,4880
1833,2019-05-26,european,RO1,Macroregiunea Unu,2,PSR,6922
1834,2019-05-26,european,RO1,Macroregiunea Unu,2,SIMION GEORGE-NICOLAE,17016
1835,2019-05-26,european,RO1,Macroregiunea Unu,2,TUDORAN GREGORIANA CARMEN,12957
1836,2019-05-26,european,RO1,Macroregiunea Unu,2,UDMR,414299
1837,2019-05-26,european,RO1,Macroregiunea Unu,2,USR,459235
1838,2019-05-26,european,RO2,Macroregiunea Doi,0,eligible_voters,5562629
1839,2019-05-26,european,RO2,Macroregiunea Doi,1,issued_ballots,2454110
1840,2019-05-26,european,RO2,Macroregiunea Doi,2,ALDE,101471
1841,2019-05-26,european,RO2,Macroregiunea Doi,2,BUN,6786
1842,2019-05-26,european,RO2,Macroregiunea Doi,2,COSTEA PETER,27580
1843,2019-05-26,european,RO2,Macroregiunea Doi,2,PMP,147487
1844,2019-05-26,european,RO2,Macroregiunea Doi,2,PNL,645775
1845,2019-05-26,european,RO2,Macroregiunea Doi,2,PP,18167
1846,2019-05-26,european,RO2,Macroregiunea Doi,2,PRO,207580
1847,2019-05-26,european,RO2,Macroregiunea Doi,2,PRU,15916
1848,2019-05-26,european,RO2,Macroregiunea Doi,2,PSD,618319
1849,2019-05-26,european,RO2,Macroregiunea Doi,2,PSDI,9135
1850,2019-05-26,european,RO2,Macroregiunea Doi,2,PSR,13392
1851,2019-05-26,european,RO2,Macroregiunea Doi,2,SIMION GEORGE-NICOLAE,37721
1852,2019-05-26,european,RO2,Macroregiunea Doi,2,TUDORAN GREGORIANA CARMEN,43368
1853,2019-05-26,european,RO2,Macroregiunea Doi,2,UDMR,17092
1854,2019-05-26,european,RO2,Macroregiunea Doi,2,USR,448450
1855,2019-05-26,european,RO3,Macroregiunea Trei,0,eligible_voters,4786541
1856,2019-05-26,european,RO3,Macroregiunea Trei,1,issued_ballots,2503391
1857,2019-05-26,european,RO3,Macroregiunea Trei,2,ALDE,115212
1858,2019-05-26,european,RO3,Macroregiunea Trei,2,BUN,6579
1859,2019-05-26,european,RO3,Macroregiunea Trei,2,COSTEA PETER,23470
1860,2019-05-26,european,RO3,Macroregiunea Trei,2,PMP,168662
1861,2019-05-26,european,RO3,Macroregiunea Trei,2,PNL,555147
1862,2019-05-26,european,RO3,Macroregiunea Trei,2,PP,14186
1863,2019-05-26,european,RO3,Macroregiunea Trei,2,PRO,190844
1864,2019-05-26,european,RO3,Macroregiunea Trei,2,PRU,15011
1865,2019-05-26,european,RO3,Macroregiunea Trei,2,PSD,595402
1866,2019-05-26,european,RO3,Macroregiunea Trei,2,PSDI,7232
1867,2019-05-26,european,RO3,Macroregiunea Trei,2,PSR,10782
1868,2019-05-26,european,RO3,Macroregiunea Trei,2,SIMION GEORGE-NICOLAE,36286
1869,2019-05-26,european,RO3,Macroregiunea Trei,2,TUDORAN GREGORIANA CARMEN,28070
1870,2019-05-26,european,RO3,Macroregiunea Trei,2,UDMR,12476
1871,2019-05-26,european,RO3,Macroregiunea Trei,2,USR,653743
1872,2019-05-26,european,RO4,Macroregiunea Patru,0,eligible_voters,3466063
1873,2019-05-26,european,RO4,Macroregiunea Patru,1,issued_ballots,1726551
1874,2019-05-26,european,RO4,Macroregiunea Patru,2,ALDE,85876
1875,2019-05-26,european,RO4,Macroregiunea Patru,2,BUN,2665
1876,2019-05-26,european,RO4,Macroregiunea Patru,2,COSTEA PETER,30432
1877,2019-05-26,european,RO4,Macroregiunea Patru,2,PMP,86235
1878,2019-05-26,european,RO4,Macroregiunea Patru,2,PNL,458898
1879,2019-05-26,european,RO4,Macroregiunea Patru,2,PP,9140
1880,2019-05-26,european,RO4,Macroregiunea Patru,2,PRO,126264
1881,2019-05-26,european,RO4,Macroregiunea Patru,2,PRU,8423
1882,2019-05-26,european,RO4,Macroregiunea Patru,2,PSD,498005
1883,2019-05-26,european,RO4,Macroregiunea Patru,2,PSDI,4506
1884,2019-05-26,european,RO4,Macroregiunea Patru,2,PSR,7505
1885,2019-05-26,european,RO4,Macroregiunea Patru,2,SIMION GEORGE-NICOLAE,13797
1886,2019-05-26,european,RO4,Macroregiunea Patru,2,TUDORAN GREGORIANA CARMEN,12326
1887,2019-05-26,european,RO4,Macroregiunea Patru,2,UDMR,29195
1888,2019-05-26,european,RO4,Macroregiunea Patru,2,USR,300227
1889,2019-11-10,president_a,RO1,Macroregiunea Unu,0,eligible_voters,4439634
1890,2019-11-10,president_a,RO1,Macroregiunea Unu,1,issued_ballots,2148660
1891,2019-11-10,president_a,RO1,Macroregiunea Unu,2,ALEXANDRU CUMPĂNAŞU,19286
1892,2019-11-10,president_a,RO1,Macroregiunea Unu,2,BOGDAN-DRAGOS-AURELIU MARIAN-STANOEVICI,5822
1893,2019-11-10,president_a,RO1,Macroregiunea Unu,2,CĂTĂLIN-SORIN IVAN,6237
1894,2019-11-10,president_a,RO1,Macroregiunea Unu,2,HUNOR KELEMEN,319305
1895,2019-11-10,president_a,RO1,Macroregiunea Unu,2,ILIE-DAN BARNA,281514
1896,2019-11-10,president_a,RO1,Macroregiunea Unu,2,JOHN-ION BANU,5942
1897,2019-11-10,president_a,RO1,Macroregiunea Unu,2,KLAUS-WERNER IOHANNIS,863049
1898,2019-11-10,president_a,RO1,Macroregiunea Unu,2,MIRCEA DIACONU,135769
1899,2019-11-10,president_a,RO1,Macroregiunea Unu,2,NINEL PEIA,5636
1900,2019-11-10,president_a,RO1,Macroregiunea Unu,2,RAMONA-IOANA BRUYNSEELS,47215
1901,2019-11-10,president_a,RO1,Macroregiunea Unu,2,SEBASTIAN-CONSTANTIN POPESCU,5435
1902,2019-11-10,president_a,RO1,Macroregiunea Unu,2,THEODOR PALEOLOGU,113805
1903,2019-11-10,president_a,RO1,Macroregiunea Unu,2,VASILICA-VIORICA DĂNCILĂ,301756
1904,2019-11-10,president_a,RO1,Macroregiunea Unu,2,VIOREL CATARAMĂ,8213
1905,2019-11-10,president_a,RO2,Macroregiunea Doi,0,eligible_voters,5551573
1906,2019-11-10,president_a,RO2,Macroregiunea Doi,1,issued_ballots,2436369
1907,2019-11-10,president_a,RO2,Macroregiunea Doi,2,ALEXANDRU CUMPĂNAŞU,40886
1908,2019-11-10,president_a,RO2,Macroregiunea Doi,2,BOGDAN-DRAGOS-AURELIU MARIAN-STANOEVICI,11378
1909,2019-11-10,president_a,RO2,Macroregiunea Doi,2,CĂTĂLIN-SORIN IVAN,11685
1910,2019-11-10,president_a,RO2,Macroregiunea Doi,2,HUNOR KELEMEN,9414
1911,2019-11-10,president_a,RO2,Macroregiunea Doi,2,ILIE-DAN BARNA,306861
1912,2019-11-10,president_a,RO2,Macroregiunea Doi,2,JOHN-ION BANU,8985
1913,2019-11-10,president_a,RO2,Macroregiunea Doi,2,KLAUS-WERNER IOHANNIS,866141
1914,2019-11-10,president_a,RO2,Macroregiunea Doi,2,MIRCEA DIACONU,252044
1915,2019-11-10,president_a,RO2,Macroregiunea Doi,2,NINEL PEIA,9435
1916,2019-11-10,president_a,RO2,Macroregiunea Doi,2,RAMONA-IOANA BRUYNSEELS,74325
1917,2019-11-10,president_a,RO2,Macroregiunea Doi,2,SEBASTIAN-CONSTANTIN POPESCU,10327
1918,2019-11-10,president_a,RO2,Macroregiunea Doi,2,THEODOR PALEOLOGU,141164
1919,2019-11-10,president_a,RO2,Macroregiunea Doi,2,VASILICA-VIORICA DĂNCILĂ,631885
1920,2019-11-10,president_a,RO2,Macroregiunea Doi,2,VIOREL CATARAMĂ,16928
1921,2019-11-10,president_a,RO3,Macroregiunea Trei,0,eligible_voters,4774279
1922,2019-11-10,president_a,RO3,Macroregiunea Trei,1,issued_ballots,2440344
1923,2019-11-10,president_a,RO3,Macroregiunea Trei,2,ALEXANDRU CUMPĂNAŞU,36434
1924,2019-11-10,president_a,RO3,Macroregiunea Trei,2,BOGDAN-DRAGOS-AURELIU MARIAN-STANOEVICI,13301
1925,2019-11-10,president_a,RO3,Macroregiunea Trei,2,CĂTĂLIN-SORIN IVAN,8104
1926,2019-11-10,president_a,RO3,Macroregiunea Trei,2,HUNOR KELEMEN,6151
1927,2019-11-10,president_a,RO3,Macroregiunea Trei,2,ILIE-DAN BARNA,407584
1928,2019-11-10,president_a,RO3,Macroregiunea Trei,2,JOHN-ION BANU,5985
1929,2019-11-10,president_a,RO3,Macroregiunea Trei,2,KLAUS-WERNER IOHANNIS,809496
1930,2019-11-10,president_a,RO3,Macroregiunea Trei,2,MIRCEA DIACONU,258153
1931,2019-11-10,president_a,RO3,Macroregiunea Trei,2,NINEL PEIA,8527
1932,2019-11-10,president_a,RO3,Macroregiunea Trei,2,RAMONA-IOANA BRUYNSEELS,64768
1933,2019-11-10,president_a,RO3,Macroregiunea Trei,2,SEBASTIAN-CONSTANTIN POPESCU,7478
1934,2019-11-10,president_a,RO3,Macroregiunea Trei,2,THEODOR PALEOLOGU,148010
1935,2019-11-10,president_a,RO3,Macroregiunea Trei,2,VASILICA-VIORICA DĂNCILĂ,614857
1936,2019-11-10,president_a,RO3,Macroregiunea Trei,2,VIOREL CATARAMĂ,13783
1937,2019-11-10,president_a,RO4,Macroregiunea Patru,0,eligible_voters,3451660
1938,2019-11-10,president_a,RO4,Macroregiunea Patru,1,issued_ballots,1659024
1939,2019-11-10,president_a,RO4,Macroregiunea Patru,2,ALEXANDRU CUMPĂNAŞU,28450
1940,2019-11-10,president_a,RO4,Macroregiunea Patru,2,BOGDAN-DRAGOS-AURELIU MARIAN-STANOEVICI,5888
1941,2019-11-10,president_a,RO4,Macroregiunea Patru,2,CĂTĂLIN-SORIN IVAN,5474
1942,2019-11-10,president_a,RO4,Macroregiunea Patru,2,HUNOR KELEMEN,18714
1943,2019-11-10,president_a,RO4,Macroregiunea Patru,2,ILIE-DAN BARNA,200314
1944,2019-11-10,president_a,RO4,Macroregiunea Patru,2,JOHN-ION BANU,4829
1945,2019-11-10,president_a,RO4,Macroregiunea Patru,2,KLAUS-WERNER IOHANNIS,594503
1946,2019-11-10,president_a,RO4,Macroregiunea Patru,2,MIRCEA DIACONU,145060
1947,2019-11-10,president_a,RO4,Macroregiunea Patru,2,NINEL PEIA,4864
1948,2019-11-10,president_a,RO4,Macroregiunea Patru,2,RAMONA-IOANA BRUYNSEELS,46554
1949,2019-11-10,president_a,RO4,Macroregiunea Patru,2,SEBASTIAN-CONSTANTIN POPESCU,4996
1950,2019-11-10,president_a,RO4,Macroregiunea Patru,2,THEODOR PALEOLOGU,81090
1951,2019-11-10,president_a,RO4,Macroregiunea Patru,2,VASILICA-VIORICA DĂNCILĂ,485259
1952,2019-11-10,president_a,RO4,Macroregiunea Patru,2,VIOREL CATARAMĂ,7665
1953,2019-11-10,president_b,RO1,Macroregiunea Unu,0,eligible_voters,4439663
1954,2019-11-10,president_b,RO1,Macroregiunea Unu,1,issued_ballots,2164961
1955,2019-11-10,president_b,RO1,Macroregiunea Unu,2,KLAUS-WERNER IOHANNIS,1575918
1956,2019-11-10,president_b,RO1,Macroregiunea Unu,2,VASILICA-VIORICA DĂNCILĂ,544906
1957,2019-11-10,president_b,RO2,Macroregiunea Doi,0,eligible_voters,5552120
1958,2019-11-10,president_b,RO2,Macroregiunea Doi,1,issued_ballots,2538884
1959,2019-11-10,president_b,RO2,Macroregiunea Doi,2,KLAUS-WERNER IOHANNIS,1503872
1960,2019-11-10,president_b,RO2,Macroregiunea Doi,2,VASILICA-VIORICA DĂNCILĂ,988949
1961,2019-11-10,president_b,RO3,Macroregiunea Trei,0,eligible_voters,4774660
1962,2019-11-10,president_b,RO3,Macroregiunea Trei,1,issued_ballots,2596311
1963,2019-11-10,president_b,RO3,Macroregiunea Trei,2,KLAUS-WERNER IOHANNIS,1533693
1964,2019-11-10,president_b,RO3,Macroregiunea Trei,2,VASILICA-VIORICA DĂNCILĂ,1011518
1965,2019-11-10,president_b,RO4,Macroregiunea Patru,0,eligible_voters,3450957
1966,2019-11-10,president_b,RO4,Macroregiunea Patru,1,issued_ballots,1787434
1967,2019-11-10,president_b,RO4,Macroregiunea Patru,2,KLAUS-WERNER IOHANNIS,1016719
1968,2019-11-10,president_b,RO4,Macroregiunea Patru,2,VASILICA-VIORICA DĂNCILĂ,738477
1969,2020-12-06,parliament,RO1,Macroregiunea Unu,0,eligible_voters,4435888
1970,2020-12-06,parliament,RO1,Macroregiunea Unu,1,issued_ballots,1466272
1971,2020-12-06,parliament,RO1,Macroregiunea Unu,2,AD,601
1972,2020-12-06,parliament,RO1,Macroregiunea Unu,2,ALBU ERWIN-VLAD-CANDIDAT INDEPENDENT,1895
1973,2020-12-06,parliament,RO1,Macroregiunea Unu,2,ARN,8106
1974,2020-12-06,parliament,RO1,Macroregiunea Unu,2,ASOCIAȚIA ITALIENILOR DIN ROMÂNIA – RO.AS.IT.,896
1975,2020-12-06,parliament,RO1,Macroregiunea Unu,2,ASOCIAȚIA LIGA ALBANEZILOR DIN ROMÂNIA,3432
1976,2020-12-06,parliament,RO1,Macroregiunea Unu,2,ASOCIAȚIA MACEDONENILOR DIN ROMÂNIA,1376
1977,2020-12-06,parliament,RO1,Macroregiunea Unu,2,ASOCIAȚIA PARTIDA ROMILOR “PRO-EUROPA”,3971
1978,2020-12-06,parliament,RO1,Macroregiunea Unu,2,AUR,99366
1979,2020-12-06,parliament,RO1,Macroregiunea Unu,2,BENDORFEAN TRAIAN-CANDIDAT INDEPENDENT,994
1980,2020-12-06,parliament,RO1,Macroregiunea Unu,2,BLOCUL UNITĂȚII NAȚIONALE,293
1981,2020-12-06,parliament,RO1,Macroregiunea Unu,2,CIOANCA NICOLAE-ILIE-CANDIDAT INDEPENDENT,2147
1982,2020-12-06,parliament,RO1,Macroregiunea Unu,2,CRISTEA GEORGE-CANDIDAT INDEPENDENT,135
1983,2020-12-06,parliament,RO1,Macroregiunea Unu,2,CRLR,428
1984,2020-12-06,parliament,RO1,Macroregiunea Unu,2,DUMA VICTOR-SEBASTIAN-CANDIDAT INDEPENDENT,606
1985,2020-12-06,parliament,RO1,Macroregiunea Unu,2,FDGR,3172
1986,2020-12-06,parliament,RO1,Macroregiunea Unu,2,FEDERAȚIA COMUNITĂȚILOR EVREIEȘTI DIN ROMÂNIA,820
1987,2020-12-06,parliament,RO1,Macroregiunea Unu,2,NAŞ SORIN-VALERIU-CANDIDAT INDEPENDENT,693
1988,2020-12-06,parliament,RO1,Macroregiunea Unu,2,PAPICI MARCELA ANAMARIA-CANDIDAT INDEPENDENT,2790
1989,2020-12-06,parliament,RO1,Macroregiunea Unu,2,PARTIDUL NAȚIUNEA ROMÂNĂ,503
1990,2020-12-06,parliament,RO1,Macroregiunea Unu,2,PARTIDUL NOUA DREAPTĂ,322
1991,2020-12-06,parliament,RO1,Macroregiunea Unu,2,PARTIDUL NOUA ROMÂNIE,1357
1992,2020-12-06,parliament,RO1,Macroregiunea Unu,2,PER,13073
1993,2020-12-06,parliament,RO1,Macroregiunea Unu,2,PMP,60273
1994,2020-12-06,parliament,RO1,Macroregiunea Unu,2,PNL,377948
1995,2020-12-06,parliament,RO1,Macroregiunea Unu,2,PNȚMM,1641
1996,2020-12-06,parliament,RO1,Macroregiunea Unu,2,PPU,11734
1997,2020-12-06,parliament,RO1,Macroregiunea Unu,2,PRM,6246
1998,2020-12-06,parliament,RO1,Macroregiunea Unu,2,PRO,46712
1999,2020-12-06,parliament,RO1,Macroregiunea Unu,2,PSD,245383
2000,2020-12-06,parliament,RO1,Macroregiunea Unu,2,PSR,1398
2001,2020-12-06,parliament,RO1,Macroregiunea Unu,2,PV,3828
2002,2020-12-06,parliament,RO1,Macroregiunea Unu,2,RAŢIU OVIDIU-IOAN-CANDIDAT INDEPENDENT,740
2003,2020-12-06,parliament,RO1,Macroregiunea Unu,2,TRĂSCĂIAN PETRU-VASILE-CANDIDAT INDEPENDENT,401
2004,2020-12-06,parliament,RO1,Macroregiunea Unu,2,UAR,647
2005,2020-12-06,parliament,RO1,Macroregiunea Unu,2,UBBR,739
2006,2020-12-06,parliament,RO1,Macroregiunea Unu,2,UCR,728
2007,2020-12-06,parliament,RO1,Macroregiunea Unu,2,UCRR,1327
2008,2020-12-06,parliament,RO1,Macroregiunea Unu,2,UDMR,310317
2009,2020-12-06,parliament,RO1,Macroregiunea Unu,2,UDSCR,2826
2010,2020-12-06,parliament,RO1,Macroregiunea Unu,2,UER,870
2011,2020-12-06,parliament,RO1,Macroregiunea Unu,2,UNIUNEA DEMOCRATĂ TURCĂ DIN ROMÂNIA,658
2012,2020-12-06,parliament,RO1,Macroregiunea Unu,2,UNIUNEA POLONEZILOR DIN ROMÂNIA,463
2013,2020-12-06,parliament,RO1,Macroregiunea Unu,2,USR-PLUS,204663
2014,2020-12-06,parliament,RO1,Macroregiunea Unu,2,USbR,641
2015,2020-12-06,parliament,RO1,Macroregiunea Unu,2,UUR,2254
2016,2020-12-06,parliament,RO1,Macroregiunea Unu,2,VECERDEA MARIUS-DANIEL-CANDIDAT INDEPENDENT,948
2017,2020-12-06,parliament,RO2,Macroregiunea Doi,0,eligible_voters,5552758
2018,2020-12-06,parliament,RO2,Macroregiunea Doi,1,issued_ballots,1617915
2019,2020-12-06,parliament,RO2,Macroregiunea Doi,2,AD,415
2020,2020-12-06,parliament,RO2,Macroregiunea Doi,2,ANDRIAN TIBERIU-CANDIDAT INDEPENDENT,662
2021,2020-12-06,parliament,RO2,Macroregiunea Doi,2,ARN,4134
2022,2020-12-06,parliament,RO2,Macroregiunea Doi,2,ASOCIAȚIA ITALIENILOR DIN ROMÂNIA – RO.AS.IT.,1867
2023,2020-12-06,parliament,RO2,Macroregiunea Doi,2,ASOCIAȚIA LIGA ALBANEZILOR DIN ROMÂNIA,1934
2024,2020-12-06,parliament,RO2,Macroregiunea Doi,2,ASOCIAȚIA MACEDONENILOR DIN ROMÂNIA,2363
2025,2020-12-06,parliament,RO2,Macroregiunea Doi,2,ASOCIAȚIA PARTIDA ROMILOR “PRO-EUROPA”,4726
2026,2020-12-06,parliament,RO2,Macroregiunea Doi,2,AUR,190633
2027,2020-12-06,parliament,RO2,Macroregiunea Doi,2,CALU NECULAI-CANDIDAT INDEPENDENT,354
2028,2020-12-06,parliament,RO2,Macroregiunea Doi,2,CRLR,3685
2029,2020-12-06,parliament,RO2,Macroregiunea Doi,2,DAVID FELICIA-CANDIDAT INDEPENDENT,599
2030,2020-12-06,parliament,RO2,Macroregiunea Doi,2,FDGR,1638
2031,2020-12-06,parliament,RO2,Macroregiunea Doi,2,FEDERAȚIA COMUNITĂȚILOR EVREIEȘTI DIN ROMÂNIA,1231
2032,2020-12-06,parliament,RO2,Macroregiunea Doi,2,HOLICOV MONICA-CANDIDAT INDEPENDENT,730
2033,2020-12-06,parliament,RO2,Macroregiunea Doi,2,ICHIM COSTICĂ-ROMICĂ-CANDIDAT INDEPENDENT,293
2034,2020-12-06,parliament,RO2,Macroregiunea Doi,2,JALBĂ TIBERIU-MIHAI-ANTONIU-CANDIDAT INDEPENDENT,748
2035,2020-12-06,parliament,RO2,Macroregiunea Doi,2,MARTIN CORINA-CANDIDAT INDEPENDENT,1684
2036,2020-12-06,parliament,RO2,Macroregiunea Doi,2,MITOŞERIU CIPRIAN OLIMPIU-CANDIDAT INDEPENDENT,507
2037,2020-12-06,parliament,RO2,Macroregiunea Doi,2,PARTIDUL FORȚA NAȚIONALĂ,148
2038,2020-12-06,parliament,RO2,Macroregiunea Doi,2,PARTIDUL NOUA DREAPTĂ,287
2039,2020-12-06,parliament,RO2,Macroregiunea Doi,2,PARTIDUL NOUA ROMÂNIE,5750
2040,2020-12-06,parliament,RO2,Macroregiunea Doi,2,PARTIDUL RE:START ROMÂNIA,223
2041,2020-12-06,parliament,RO2,Macroregiunea Doi,2,PER,20701
2042,2020-12-06,parliament,RO2,Macroregiunea Doi,2,PETREA IONEL-CANDIDAT INDEPENDENT,1305
2043,2020-12-06,parliament,RO2,Macroregiunea Doi,2,PMP,78454
2044,2020-12-06,parliament,RO2,Macroregiunea Doi,2,PNL,363626
2045,2020-12-06,parliament,RO2,Macroregiunea Doi,2,PPU,24416
2046,2020-12-06,parliament,RO2,Macroregiunea Doi,2,PRM,11360
2047,2020-12-06,parliament,RO2,Macroregiunea Doi,2,PRO,70500
2048,2020-12-06,parliament,RO2,Macroregiunea Doi,2,PSD,530733
2049,2020-12-06,parliament,RO2,Macroregiunea Doi,2,PSR,5868
2050,2020-12-06,parliament,RO2,Macroregiunea Doi,2,PV,6931
2051,2020-12-06,parliament,RO2,Macroregiunea Doi,2,TABARAC ADRIAN-CANDIDAT INDEPENDENT,1479
2052,2020-12-06,parliament,RO2,Macroregiunea Doi,2,UAR,1425
2053,2020-12-06,parliament,RO2,Macroregiunea Doi,2,UBBR,1465
2054,2020-12-06,parliament,RO2,Macroregiunea Doi,2,UCR,938
2055,2020-12-06,parliament,RO2,Macroregiunea Doi,2,UCRR,545
2056,2020-12-06,parliament,RO2,Macroregiunea Doi,2,UDMR,5635
2057,2020-12-06,parliament,RO2,Macroregiunea Doi,2,UDSCR,713
2058,2020-12-06,parliament,RO2,Macroregiunea Doi,2,UER,2509
2059,2020-12-06,parliament,RO2,Macroregiunea Doi,2,UNIUNEA DEMOCRATĂ A TĂTARILOR TURCO-MUSULMANI DIN ROMÂNIA,2862
2060,2020-12-06,parliament,RO2,Macroregiunea Doi,2,UNIUNEA DEMOCRATĂ TURCĂ DIN ROMÂNIA,1643
2061,2020-12-06,parliament,RO2,Macroregiunea Doi,2,UNIUNEA POLONEZILOR DIN ROMÂNIA,2471
2062,2020-12-06,parliament,RO2,Macroregiunea Doi,2,USR-PLUS,200862
2063,2020-12-06,parliament,RO2,Macroregiunea Doi,2,USbR,1009
2064,2020-12-06,parliament,RO2,Macroregiunea Doi,2,UUR,1639
2065,2020-12-06,parliament,RO2,Macroregiunea Doi,2,ZAMFIR-IGNAT ŞTEFAN-COSTIN-CANDIDAT INDEPENDENT,1218
2066,2020-12-06,parliament,RO3,Macroregiunea Trei,0,eligible_voters,4770917
2067,2020-12-06,parliament,RO3,Macroregiunea Trei,1,issued_ballots,1536028
2068,2020-12-06,parliament,RO3,Macroregiunea Trei,2,AD,630
2069,2020-12-06,parliament,RO3,Macroregiunea Trei,2,APOSTOLACHE MIHAI CRISTIAN-CANDIDAT INDEPENDENT,2583
2070,2020-12-06,parliament,RO3,Macroregiunea Trei,2,ARN,1907
2071,2020-12-06,parliament,RO3,Macroregiunea Trei,2,ASOCIAȚIA ITALIENILOR DIN ROMÂNIA – RO.AS.IT.,568
2072,2020-12-06,parliament,RO3,Macroregiunea Trei,2,ASOCIAȚIA LIGA ALBANEZILOR DIN ROMÂNIA,1034
2073,2020-12-06,parliament,RO3,Macroregiunea Trei,2,ASOCIAȚIA MACEDONENILOR DIN ROMÂNIA,1134
2074,2020-12-06,parliament,RO3,Macroregiunea Trei,2,ASOCIAȚIA PARTIDA ROMILOR “PRO-EUROPA”,3213
2075,2020-12-06,parliament,RO3,Macroregiunea Trei,2,AUR,98796
2076,2020-12-06,parliament,RO3,Macroregiunea Trei,2,BACIU VIRGIL-CANDIDAT INDEPENDENT,3572
2077,2020-12-06,parliament,RO3,Macroregiunea Trei,2,BOGDAN DUMITRU-CANDIDAT INDEPENDENT,668
2078,2020-12-06,parliament,RO3,Macroregiunea Trei,2,COSTEA VLAD-CANDIDAT INDEPENDENT,658
2079,2020-12-06,parliament,RO3,Macroregiunea Trei,2,CRLR,541
2080,2020-12-06,parliament,RO3,Macroregiunea Trei,2,DUŢĂ MARIA-MIHAELA-CANDIDAT INDEPENDENT,742
2081,2020-12-06,parliament,RO3,Macroregiunea Trei,2,FDGR,892
2082,2020-12-06,parliament,RO3,Macroregiunea Trei,2,FEDERAȚIA COMUNITĂȚILOR EVREIEȘTI DIN ROMÂNIA,720
2083,2020-12-06,parliament,RO3,Macroregiunea Trei,2,GEONEA IONELA-ALINA-CANDIDAT INDEPENDENT,326
2084,2020-12-06,parliament,RO3,Macroregiunea Trei,2,IVAN ANDREI-CANDIDAT INDEPENDENT,195
2085,2020-12-06,parliament,RO3,Macroregiunea Trei,2,MATEI SERGIU-LUCIAN-CANDIDAT INDEPENDENT,590
2086,2020-12-06,parliament,RO3,Macroregiunea Trei,2,NICOLAE VALERIU-CIOLAN-CANDIDAT INDEPENDENT,16343
2087,2020-12-06,parliament,RO3,Macroregiunea Trei,2,OPREA GABRIEL-CANDIDAT INDEPENDENT,825
2088,2020-12-06,parliament,RO3,Macroregiunea Trei,2,PARTIDUL NAȚIUNEA ROMÂNĂ,1252
2089,2020-12-06,parliament,RO3,Macroregiunea Trei,2,PARTIDUL NOUA DREAPTĂ,2221
2090,2020-12-06,parliament,RO3,Macroregiunea Trei,2,PARTIDUL NOUA ROMÂNIE,3641
2091,2020-12-06,parliament,RO3,Macroregiunea Trei,2,PARTIDUL SOCIAL DEMOCRAT AL MUNCITORILOR,1434
2092,2020-12-06,parliament,RO3,Macroregiunea Trei,2,PER,15147
2093,2020-12-06,parliament,RO3,Macroregiunea Trei,2,PMP,68371
2094,2020-12-06,parliament,RO3,Macroregiunea Trei,2,PNL,386529
2095,2020-12-06,parliament,RO3,Macroregiunea Trei,2,PNȚMM,1086
2096,2020-12-06,parliament,RO3,Macroregiunea Trei,2,PPU,11695
2097,2020-12-06,parliament,RO3,Macroregiunea Trei,2,PRM,8582
2098,2020-12-06,parliament,RO3,Macroregiunea Trei,2,PRO,69411
2099,2020-12-06,parliament,RO3,Macroregiunea Trei,2,PSD,495135
2100,2020-12-06,parliament,RO3,Macroregiunea Trei,2,PSR,6072
2101,2020-12-06,parliament,RO3,Macroregiunea Trei,2,PV,5981
2102,2020-12-06,parliament,RO3,Macroregiunea Trei,2,RĂDULESCU VIRGIL-FLORIN-CANDIDAT INDEPENDENT,339
2103,2020-12-06,parliament,RO3,Macroregiunea Trei,2,STOCHIŢĂ AUREL-CĂTĂLIN-CANDIDAT INDEPENDENT,375
2104,2020-12-06,parliament,RO3,Macroregiunea Trei,2,UAR,1008
2105,2020-12-06,parliament,RO3,Macroregiunea Trei,2,UBBR,739
2106,2020-12-06,parliament,RO3,Macroregiunea Trei,2,UCR,330
2107,2020-12-06,parliament,RO3,Macroregiunea Trei,2,UCRR,419
2108,2020-12-06,parliament,RO3,Macroregiunea Trei,2,UDMR,3053
2109,2020-12-06,parliament,RO3,Macroregiunea Trei,2,UDSCR,536
2110,2020-12-06,parliament,RO3,Macroregiunea Trei,2,UER,1617
2111,2020-12-06,parliament,RO3,Macroregiunea Trei,2,UNIUNEA DEMOCRATĂ TURCĂ DIN ROMÂNIA,712
2112,2020-12-06,parliament,RO3,Macroregiunea Trei,2,UNIUNEA POLONEZILOR DIN ROMÂNIA,394
2113,2020-12-06,parliament,RO3,Macroregiunea Trei,2,USR-PLUS,275497
2114,2020-12-06,parliament,RO3,Macroregiunea Trei,2,USbR,454
2115,2020-12-06,parliament,RO3,Macroregiunea Trei,2,UUR,389
2116,2020-12-06,parliament,RO3,Macroregiunea Trei,2,ZAINEA CORNEL-CANDIDAT INDEPENDENT,1271
2117,2020-12-06,parliament,RO3,Macroregiunea Trei,2,ZMARANDA FLORIN-CANDIDAT INDEPENDENT,165
2118,2020-12-06,parliament,RO3,Macroregiunea Trei,2,ŞERBAN DANIELA-CANDIDAT INDEPENDENT,1035
2119,2020-12-06,parliament,RO4,Macroregiunea Patru,0,eligible_voters,3431833
2120,2020-12-06,parliament,RO4,Macroregiunea Patru,1,issued_ballots,1172920
2121,2020-12-06,parliament,RO4,Macroregiunea Patru,2,AD,359
2122,2020-12-06,parliament,RO4,Macroregiunea Patru,2,ARN,7515
2123,2020-12-06,parliament,RO4,Macroregiunea Patru,2,ASOCIAȚIA ITALIENILOR DIN ROMÂNIA – RO.AS.IT.,446
2124,2020-12-06,parliament,RO4,Macroregiunea Patru,2,ASOCIAȚIA LIGA ALBANEZILOR DIN ROMÂNIA,2435
2125,2020-12-06,parliament,RO4,Macroregiunea Patru,2,ASOCIAȚIA MACEDONENILOR DIN ROMÂNIA,2072
2126,2020-12-06,parliament,RO4,Macroregiunea Patru,2,ASOCIAȚIA PARTIDA ROMILOR “PRO-EUROPA”,2167
2127,2020-12-06,parliament,RO4,Macroregiunea Patru,2,AUR,86101
2128,2020-12-06,parliament,RO4,Macroregiunea Patru,2,BULAT FLORIN-CANDIDAT INDEPENDENT,316
2129,2020-12-06,parliament,RO4,Macroregiunea Patru,2,CARALICEA GHEORGHE-CANDIDAT INDEPENDENT,371
2130,2020-12-06,parliament,RO4,Macroregiunea Patru,2,CRLR,261
2131,2020-12-06,parliament,RO4,Macroregiunea Patru,2,FDGR,1399
2132,2020-12-06,parliament,RO4,Macroregiunea Patru,2,FEDERAȚIA COMUNITĂȚILOR EVREIEȘTI DIN ROMÂNIA,607
2133,2020-12-06,parliament,RO4,Macroregiunea Patru,2,PARTIDUL COMUNIȘTILOR,213
2134,2020-12-06,parliament,RO4,Macroregiunea Patru,2,PARTIDUL NOUA DREAPTĂ,722
2135,2020-12-06,parliament,RO4,Macroregiunea Patru,2,PARTIDUL NOUA ROMÂNIE,3345
2136,2020-12-06,parliament,RO4,Macroregiunea Patru,2,PARTIDUL RE:START ROMÂNIA,314
2137,2020-12-06,parliament,RO4,Macroregiunea Patru,2,PARTIDUL SOCIAL DEMOCRAT AL MUNCITORILOR,478
2138,2020-12-06,parliament,RO4,Macroregiunea Patru,2,PER,13395
2139,2020-12-06,parliament,RO4,Macroregiunea Patru,2,PESCARU NICUŞOR-CANDIDAT INDEPENDENT,115
2140,2020-12-06,parliament,RO4,Macroregiunea Patru,2,PMP,55152
2141,2020-12-06,parliament,RO4,Macroregiunea Patru,2,PNL,292928
2142,2020-12-06,parliament,RO4,Macroregiunea Patru,2,PPU,11620
2143,2020-12-06,parliament,RO4,Macroregiunea Patru,2,PRM,6467
2144,2020-12-06,parliament,RO4,Macroregiunea Patru,2,PRO,49745
2145,2020-12-06,parliament,RO4,Macroregiunea Patru,2,PSD,425700
2146,2020-12-06,parliament,RO4,Macroregiunea Patru,2,PSR,6357
2147,2020-12-06,parliament,RO4,Macroregiunea Patru,2,PV,3875
2148,2020-12-06,parliament,RO4,Macroregiunea Patru,2,ROŞU GICĂ-CANDIDAT INDEPENDENT,495
2149,2020-12-06,parliament,RO4,Macroregiunea Patru,2,UAR,610
2150,2020-12-06,parliament,RO4,Macroregiunea Patru,2,UBBR,1784
2151,2020-12-06,parliament,RO4,Macroregiunea Patru,2,UCR,1262
2152,2020-12-06,parliament,RO4,Macroregiunea Patru,2,UCRR,1371
2153,2020-12-06,parliament,RO4,Macroregiunea Patru,2,UDMR,17000
2154,2020-12-06,parliament,RO4,Macroregiunea Patru,2,UDSCR,1170
2155,2020-12-06,parliament,RO4,Macroregiunea Patru,2,UER,795
2156,2020-12-06,parliament,RO4,Macroregiunea Patru,2,UNIUNEA DEMOCRATĂ TURCĂ DIN ROMÂNIA,422
2157,2020-12-06,parliament,RO4,Macroregiunea Patru,2,UNIUNEA POLONEZILOR DIN ROMÂNIA,342
2158,2020-12-06,parliament,RO4,Macroregiunea Patru,2,USR-PLUS,140490
2159,2020-12-06,parliament,RO4,Macroregiunea Patru,2,USbR,2452
2160,2020-12-06,parliament,RO4,Macroregiunea Patru,2,UUR,953
2161,2024-06-09,european,RO1,Macroregiunea Unu,0,eligible_voters,4415308
2162,2024-06-09,european,RO1,Macroregiunea Unu,1,issued_ballots,2359224
2163,2024-06-09,european,RO1,Macroregiunea Unu,2,AD,9206
2164,2024-06-09,european,RO1,Macroregiunea Unu,2,ALIANȚA AUR,295700
2165,2024-06-09,european,RO1,Macroregiunea Unu,2,GHEORGHE VLAD-DAN,49077
2166,2024-06-09,european,RO1,Macroregiunea Unu,2,PARTIDUL DIASPORA UNITĂ,36967
2167,2024-06-09,european,RO1,Macroregiunea Unu,2,PARTIDUL PATRIOȚILOR,18517
2168,2024-06-09,european,RO1,Macroregiunea Unu,2,PRM,13504
2169,2024-06-09,european,RO1,Macroregiunea Unu,2,PSD-PNL,866612
2170,2024-06-09,european,RO1,Macroregiunea Unu,2,PSR - PSDM,7088
2171,2024-06-09,european,RO1,Macroregiunea Unu,2,PUSL,17488
2172,2024-06-09,european,RO1,Macroregiunea Unu,2,PÎRVĂNESCU PAULA-MARINELA,10861
2173,2024-06-09,european,RO1,Macroregiunea Unu,2,REPER,80056
2174,2024-06-09,european,RO1,Macroregiunea Unu,2,SOS,78142
2175,2024-06-09,european,RO1,Macroregiunea Unu,2,UDMR,500254
2176,2024-06-09,european,RO1,Macroregiunea Unu,2,USR - PMP - FORȚA DREPTEI,168401
2177,2024-06-09,european,RO1,Macroregiunea Unu,2,ȘOȘOACĂ DUMITRU-SILVESTRU,16401
2178,2024-06-09,european,RO1,Macroregiunea Unu,2,ȘTEFĂNUȚĂ NICOLAE-BOGDĂNEL,68209
2179,2024-06-09,european,RO2,Macroregiunea Doi,0,eligible_voters,5521078
2180,2024-06-09,european,RO2,Macroregiunea Doi,1,issued_ballots,2588103
2181,2024-06-09,european,RO2,Macroregiunea Doi,2,AD,9975
2182,2024-06-09,european,RO2,Macroregiunea Doi,2,ALIANȚA AUR,383459
2183,2024-06-09,european,RO2,Macroregiunea Doi,2,GHEORGHE VLAD-DAN,56289
2184,2024-06-09,european,RO2,Macroregiunea Doi,2,PARTIDUL DIASPORA UNITĂ,42083
2185,2024-06-09,european,RO2,Macroregiunea Doi,2,PARTIDUL PATRIOȚILOR,17954
2186,2024-06-09,european,RO2,Macroregiunea Doi,2,PRM,17214
2187,2024-06-09,european,RO2,Macroregiunea Doi,2,PSD-PNL,1344588
2188,2024-06-09,european,RO2,Macroregiunea Doi,2,PSR - PSDM,11368
2189,2024-06-09,european,RO2,Macroregiunea Doi,2,PUSL,33635
2190,2024-06-09,european,RO2,Macroregiunea Doi,2,PÎRVĂNESCU PAULA-MARINELA,15528
2191,2024-06-09,european,RO2,Macroregiunea Doi,2,REPER,69509
2192,2024-06-09,european,RO2,Macroregiunea Doi,2,SOS,145660
2193,2024-06-09,european,RO2,Macroregiunea Doi,2,UDMR,19785
2194,2024-06-09,european,RO2,Macroregiunea Doi,2,USR - PMP - FORȚA DREPTEI,181314
2195,2024-06-09,european,RO2,Macroregiunea Doi,2,ȘOȘOACĂ DUMITRU-SILVESTRU,25137
2196,2024-06-09,european,RO2,Macroregiunea Doi,2,ȘTEFĂNUȚĂ NICOLAE-BOGDĂNEL,63024
2197,2024-06-09,european,RO3,Macroregiunea Trei,0,eligible_voters,4733376
2198,2024-06-09,european,RO3,Macroregiunea Trei,1,issued_ballots,2453619
2199,2024-06-09,european,RO3,Macroregiunea Trei,2,AD,12227
2200,2024-06-09,european,RO3,Macroregiunea Trei,2,ALIANȚA AUR,326740
2201,2024-06-09,european,RO3,Macroregiunea Trei,2,GHEORGHE VLAD-DAN,71449
2202,2024-06-09,european,RO3,Macroregiunea Trei,2,PARTIDUL DIASPORA UNITĂ,41318
2203,2024-06-09,european,RO3,Macroregiunea Trei,2,PARTIDUL PATRIOȚILOR,17862
2204,2024-06-09,european,RO3,Macroregiunea Trei,2,PRM,17080
2205,2024-06-09,european,RO3,Macroregiunea Trei,2,PSD-PNL,1136054
2206,2024-06-09,european,RO3,Macroregiunea Trei,2,PSR - PSDM,11325
2207,2024-06-09,european,RO3,Macroregiunea Trei,2,PUSL,59050
2208,2024-06-09,european,RO3,Macroregiunea Trei,2,PÎRVĂNESCU PAULA-MARINELA,15124
2209,2024-06-09,european,RO3,Macroregiunea Trei,2,REPER,120536
2210,2024-06-09,european,RO3,Macroregiunea Trei,2,SOS,112716
2211,2024-06-09,european,RO3,Macroregiunea Trei,2,UDMR,16256
2212,2024-06-09,european,RO3,Macroregiunea Trei,2,USR - PMP - FORȚA DREPTEI,267095
2213,2024-06-09,european,RO3,Macroregiunea Trei,2,ȘOȘOACĂ DUMITRU-SILVESTRU,20116
2214,2024-06-09,european,RO3,Macroregiunea Trei,2,ȘTEFĂNUȚĂ NICOLAE-BOGDĂNEL,94964
2215,2024-06-09,european,RO4,Macroregiunea Patru,0,eligible_voters,3355567
2216,2024-06-09,european,RO4,Macroregiunea Patru,1,issued_ballots,1814255
2217,2024-06-09,european,RO4,Macroregiunea Patru,2,AD,7528
2218,2024-06-09,european,RO4,Macroregiunea Patru,2,ALIANȚA AUR,298176
2219,2024-06-09,european,RO4,Macroregiunea Patru,2,GHEORGHE VLAD-DAN,34033
2220,2024-06-09,european,RO4,Macroregiunea Patru,2,PARTIDUL DIASPORA UNITĂ,24748
2221,2024-06-09,european,RO4,Macroregiunea Patru,2,PARTIDUL PATRIOȚILOR,10031
2222,2024-06-09,european,RO4,Macroregiunea Patru,2,PRM,9851
2223,2024-06-09,european,RO4,Macroregiunea Patru,2,PSD-PNL,949507
2224,2024-06-09,european,RO4,Macroregiunea Patru,2,PSR - PSDM,6721
2225,2024-06-09,european,RO4,Macroregiunea Patru,2,PUSL,20391
2226,2024-06-09,european,RO4,Macroregiunea Patru,2,PÎRVĂNESCU PAULA-MARINELA,8648
2227,2024-06-09,european,RO4,Macroregiunea Patru,2,REPER,44184
2228,2024-06-09,european,RO4,Macroregiunea Patru,2,SOS,85065
2229,2024-06-09,european,RO4,Macroregiunea Patru,2,UDMR,40699
2230,2024-06-09,european,RO4,Macroregiunea Patru,2,USR - PMP - FORȚA DREPTEI,127718
2231,2024-06-09,european,RO4,Macroregiunea Patru,2,ȘOȘOACĂ DUMITRU-SILVESTRU,14825
2232,2024-06-09,european,RO4,Macroregiunea Patru,2,ȘTEFĂNUȚĂ NICOLAE-BOGDĂNEL,37177
