,election_date,election_type,nuts_2_code,nuts_2_name,type,name,votes
0,1992-09-27,parliament,RO11,Nord-Vest,0,eligible_voters,2120201
1,1992-09-27,parliament,RO11,Nord-Vest,1,issued_ballots,1612263
2,1992-09-27,parliament,RO11,Nord-Vest,2,A.D.N.,536
3,1992-09-27,parliament,RO11,Nord-Vest,2,C.D.R,252218
4,1992-09-27,parliament,RO11,Nord-Vest,2,C.I.,20300
5,1992-09-27,parliament,RO11,Nord-Vest,2,C.I.R.,454
6,1992-09-27,parliament,RO11,Nord-Vest,2,C.S.S.,4064
7,1992-09-27,parliament,RO11,Nord-Vest,2,F.D.R.16-20.XII.89.T,1699
8,1992-09-27,parliament,RO11,Nord-Vest,2,F.D.S.N.,194020
9,1992-09-27,parliament,RO11,Nord-Vest,2,F.S.N.,95787
10,1992-09-27,parliament,RO11,Nord-Vest,2,FDGR,3434
11,1992-09-27,parliament,RO11,Nord-Vest,2,L.N.E.R.,1158
12,1992-09-27,parliament,RO11,Nord-Vest,2,M.E.R.,23760
13,1992-09-27,parliament,RO11,Nord-Vest,2,N.P.L.,9764
14,1992-09-27,parliament,RO11,Nord-Vest,2,P.C.E.R.S.N.,2259
15,1992-09-27,parliament,RO11,Nord-Vest,2,P.D.A.R.,29571
16,1992-09-27,parliament,RO11,Nord-Vest,2,P.D.C.,2978
17,1992-09-27,parliament,RO11,Nord-Vest,2,P.D.N.,846
18,1992-09-27,parliament,RO11,Nord-Vest,2,P.D.S.(N.D.)N-V.R.,1924
19,1992-09-27,parliament,RO11,Nord-Vest,2,P.L.M.R.,2867
20,1992-09-27,parliament,RO11,Nord-Vest,2,P.L.REP.,2172
21,1992-09-27,parliament,RO11,Nord-Vest,2,P.L.S.,442
22,1992-09-27,parliament,RO11,Nord-Vest,2,P.M.P.L.I.R.,651
23,1992-09-27,parliament,RO11,Nord-Vest,2,P.N.P.L.R.,2397
24,1992-09-27,parliament,RO11,Nord-Vest,2,P.N.T.C.D.I.,1892
25,1992-09-27,parliament,RO11,Nord-Vest,2,P.R.,28025
26,1992-09-27,parliament,RO11,Nord-Vest,2,P.R.I.R.,4448
27,1992-09-27,parliament,RO11,Nord-Vest,2,P.R.U.R.,4733
28,1992-09-27,parliament,RO11,Nord-Vest,2,P.S.D.I.,355
29,1992-09-27,parliament,RO11,Nord-Vest,2,P.S.D.T.,440
30,1992-09-27,parliament,RO11,Nord-Vest,2,P.U.N.R.,292594
31,1992-09-27,parliament,RO11,Nord-Vest,2,P.U.S-D.,6412
32,1992-09-27,parliament,RO11,Nord-Vest,2,PDSR-PUR-PSDR,6555
33,1992-09-27,parliament,RO11,Nord-Vest,2,PNL,31374
34,1992-09-27,parliament,RO11,Nord-Vest,2,PNTCD,8405
35,1992-09-27,parliament,RO11,Nord-Vest,2,PRM,37746
36,1992-09-27,parliament,RO11,Nord-Vest,2,PRO,5375
37,1992-09-27,parliament,RO11,Nord-Vest,2,PSM,16655
38,1992-09-27,parliament,RO11,Nord-Vest,2,PUR,2102
39,1992-09-27,parliament,RO11,Nord-Vest,2,S.N-D.,9674
40,1992-09-27,parliament,RO11,Nord-Vest,2,U.A.R.,426
41,1992-09-27,parliament,RO11,Nord-Vest,2,U.D.SL.CE.R.,1909
42,1992-09-27,parliament,RO11,Nord-Vest,2,U.G.R.R.,2854
43,1992-09-27,parliament,RO11,Nord-Vest,2,U.L.B.,6692
44,1992-09-27,parliament,RO11,Nord-Vest,2,U.L.D.R.R.,8123
45,1992-09-27,parliament,RO11,Nord-Vest,2,U.U.R.,3892
46,1992-09-27,parliament,RO11,Nord-Vest,2,UDMR,286497
47,1992-09-27,parliament,RO12,Centru,0,eligible_voters,1924506
48,1992-09-27,parliament,RO12,Centru,1,issued_ballots,1590221
49,1992-09-27,parliament,RO12,Centru,2,A.D.N.,1658
50,1992-09-27,parliament,RO12,Centru,2,C.D.R,227882
51,1992-09-27,parliament,RO12,Centru,2,C.I.R.,675
52,1992-09-27,parliament,RO12,Centru,2,C.R.L.R.,483
53,1992-09-27,parliament,RO12,Centru,2,C.S.S.,2173
54,1992-09-27,parliament,RO12,Centru,2,F.D.R.16-20.XII.89.T,2155
55,1992-09-27,parliament,RO12,Centru,2,F.D.S.N.,133972
56,1992-09-27,parliament,RO12,Centru,2,F.S.N.,104253
57,1992-09-27,parliament,RO12,Centru,2,FDGR,15146
58,1992-09-27,parliament,RO12,Centru,2,L.N.E.R.,1159
59,1992-09-27,parliament,RO12,Centru,2,M.E.R.,35268
60,1992-09-27,parliament,RO12,Centru,2,N.P.L.,7323
61,1992-09-27,parliament,RO12,Centru,2,P.A.J.N.,1128
62,1992-09-27,parliament,RO12,Centru,2,P.C.E.R.S.N.,3479
63,1992-09-27,parliament,RO12,Centru,2,P.D.A.R.,21957
64,1992-09-27,parliament,RO12,Centru,2,P.D.C.,2641
65,1992-09-27,parliament,RO12,Centru,2,P.D.N.,913
66,1992-09-27,parliament,RO12,Centru,2,P.D.S.(N.D.)N-V.R.,851
67,1992-09-27,parliament,RO12,Centru,2,P.L.M.R.,3076
68,1992-09-27,parliament,RO12,Centru,2,P.L.REP.,974
69,1992-09-27,parliament,RO12,Centru,2,P.L.S.,489
70,1992-09-27,parliament,RO12,Centru,2,P.N.P.L.R.,3563
71,1992-09-27,parliament,RO12,Centru,2,P.N.R.,678
72,1992-09-27,parliament,RO12,Centru,2,P.R.,17479
73,1992-09-27,parliament,RO12,Centru,2,P.R.N.S.,432
74,1992-09-27,parliament,RO12,Centru,2,P.R.U.R.,2440
75,1992-09-27,parliament,RO12,Centru,2,"P.S.D.""C.T.P.""",1140
76,1992-09-27,parliament,RO12,Centru,2,P.S.D.T.,2474
77,1992-09-27,parliament,RO12,Centru,2,P.T.R.,590
78,1992-09-27,parliament,RO12,Centru,2,P.TR.REP.,48
79,1992-09-27,parliament,RO12,Centru,2,P.U.N.R.,254305
80,1992-09-27,parliament,RO12,Centru,2,P.U.S-D.,4094
81,1992-09-27,parliament,RO12,Centru,2,P.V.P.,1294
82,1992-09-27,parliament,RO12,Centru,2,PDSR-PUR-PSDR,5368
83,1992-09-27,parliament,RO12,Centru,2,PNL,29537
84,1992-09-27,parliament,RO12,Centru,2,PNTCD,3007
85,1992-09-27,parliament,RO12,Centru,2,PRM,32430
86,1992-09-27,parliament,RO12,Centru,2,PRO,7391
87,1992-09-27,parliament,RO12,Centru,2,PSM,11932
88,1992-09-27,parliament,RO12,Centru,2,PUR,1470
89,1992-09-27,parliament,RO12,Centru,2,S.N-D.,8209
90,1992-09-27,parliament,RO12,Centru,2,U.A.R.,461
91,1992-09-27,parliament,RO12,Centru,2,U.D.C.,160
92,1992-09-27,parliament,RO12,Centru,2,U.E.R.,759
93,1992-09-27,parliament,RO12,Centru,2,U.G.R.R.,4284
94,1992-09-27,parliament,RO12,Centru,2,U.L.B.,5849
95,1992-09-27,parliament,RO12,Centru,2,U.L.D.R.R.,2462
96,1992-09-27,parliament,RO12,Centru,2,UDMR,437365
97,1992-09-27,parliament,RO21,Nord-Est,0,eligible_voters,2578996
98,1992-09-27,parliament,RO21,Nord-Est,1,issued_ballots,2062094
99,1992-09-27,parliament,RO21,Nord-Est,2,A.D.N.,1676
100,1992-09-27,parliament,RO21,Nord-Est,2,C.D.R,274958
101,1992-09-27,parliament,RO21,Nord-Est,2,C.I.,10814
102,1992-09-27,parliament,RO21,Nord-Est,2,C.I.R.,406
103,1992-09-27,parliament,RO21,Nord-Est,2,C.R.L.R.,4366
104,1992-09-27,parliament,RO21,Nord-Est,2,C.S.S.,6230
105,1992-09-27,parliament,RO21,Nord-Est,2,F.D.S.N.,687931
106,1992-09-27,parliament,RO21,Nord-Est,2,F.S.N.,207468
107,1992-09-27,parliament,RO21,Nord-Est,2,FDGR,2879
108,1992-09-27,parliament,RO21,Nord-Est,2,L.N.E.R.,867
109,1992-09-27,parliament,RO21,Nord-Est,2,M.E.R.,52562
110,1992-09-27,parliament,RO21,Nord-Est,2,M.I.E.,1367
111,1992-09-27,parliament,RO21,Nord-Est,2,N.P.L.,12775
112,1992-09-27,parliament,RO21,Nord-Est,2,P.A.J.N.,1712
113,1992-09-27,parliament,RO21,Nord-Est,2,P.C.E.R.S.N.,10030
114,1992-09-27,parliament,RO21,Nord-Est,2,P.D.A.R.,71885
115,1992-09-27,parliament,RO21,Nord-Est,2,P.D.C.,7762
116,1992-09-27,parliament,RO21,Nord-Est,2,P.D.S.D.R.,2687
117,1992-09-27,parliament,RO21,Nord-Est,2,P.L.M.R.,7125
118,1992-09-27,parliament,RO21,Nord-Est,2,P.L.REP.,6892
119,1992-09-27,parliament,RO21,Nord-Est,2,P.L.S.,1449
120,1992-09-27,parliament,RO21,Nord-Est,2,P.N.D.C.,2436
121,1992-09-27,parliament,RO21,Nord-Est,2,P.N.P.L.R.,3039
122,1992-09-27,parliament,RO21,Nord-Est,2,P.R.,31296
123,1992-09-27,parliament,RO21,Nord-Est,2,P.R.C.R.,5460
124,1992-09-27,parliament,RO21,Nord-Est,2,P.R.I.R.,1023
125,1992-09-27,parliament,RO21,Nord-Est,2,P.R.N.S.,2657
126,1992-09-27,parliament,RO21,Nord-Est,2,P.R.U.R.,4409
127,1992-09-27,parliament,RO21,Nord-Est,2,P.S.D.I.,5169
128,1992-09-27,parliament,RO21,Nord-Est,2,P.S.D.T.,7084
129,1992-09-27,parliament,RO21,Nord-Est,2,P.T.R.,1337
130,1992-09-27,parliament,RO21,Nord-Est,2,P.U.D.M.,2358
131,1992-09-27,parliament,RO21,Nord-Est,2,P.U.N.R.,58107
132,1992-09-27,parliament,RO21,Nord-Est,2,P.U.P.,1173
133,1992-09-27,parliament,RO21,Nord-Est,2,P.U.S-D.,6058
134,1992-09-27,parliament,RO21,Nord-Est,2,PDSR-PUR-PSDR,12571
135,1992-09-27,parliament,RO21,Nord-Est,2,PLR,5766
136,1992-09-27,parliament,RO21,Nord-Est,2,PNL,48816
137,1992-09-27,parliament,RO21,Nord-Est,2,PNTCD,4995
138,1992-09-27,parliament,RO21,Nord-Est,2,PO,2665
139,1992-09-27,parliament,RO21,Nord-Est,2,PRM,67413
140,1992-09-27,parliament,RO21,Nord-Est,2,PRO,5512
141,1992-09-27,parliament,RO21,Nord-Est,2,PSM,40134
142,1992-09-27,parliament,RO21,Nord-Est,2,PUR,4333
143,1992-09-27,parliament,RO21,Nord-Est,2,S.N-D.,7623
144,1992-09-27,parliament,RO21,Nord-Est,2,U.A.R.,2534
145,1992-09-27,parliament,RO21,Nord-Est,2,U.D.C.,1034
146,1992-09-27,parliament,RO21,Nord-Est,2,U.E.R.,1897
147,1992-09-27,parliament,RO21,Nord-Est,2,U.G.R.R.,2887
148,1992-09-27,parliament,RO21,Nord-Est,2,U.L.B.,11794
149,1992-09-27,parliament,RO21,Nord-Est,2,U.L.D.R.R.,3269
150,1992-09-27,parliament,RO21,Nord-Est,2,U.U.R.,1541
151,1992-09-27,parliament,RO21,Nord-Est,2,UDMR,8461
152,1992-09-27,parliament,RO22,Sud-Est,0,eligible_voters,2086829
153,1992-09-27,parliament,RO22,Sud-Est,1,issued_ballots,1646144
154,1992-09-27,parliament,RO22,Sud-Est,2,A.D.N.,960
155,1992-09-27,parliament,RO22,Sud-Est,2,C.D.R,256002
156,1992-09-27,parliament,RO22,Sud-Est,2,C.D.U.,1389
157,1992-09-27,parliament,RO22,Sud-Est,2,C.R.L.R.,8571
158,1992-09-27,parliament,RO22,Sud-Est,2,C.S.S.,5018
159,1992-09-27,parliament,RO22,Sud-Est,2,F.D.R.16-20.XII.89.T,1911
160,1992-09-27,parliament,RO22,Sud-Est,2,F.D.S.N.,562615
161,1992-09-27,parliament,RO22,Sud-Est,2,F.S.N.,163424
162,1992-09-27,parliament,RO22,Sud-Est,2,L.N.E.R.,652
163,1992-09-27,parliament,RO22,Sud-Est,2,M.E.R.,32565
164,1992-09-27,parliament,RO22,Sud-Est,2,N.P.L.,7494
165,1992-09-27,parliament,RO22,Sud-Est,2,P.A.J.N.,635
166,1992-09-27,parliament,RO22,Sud-Est,2,P.C.E.R.S.N.,3000
167,1992-09-27,parliament,RO22,Sud-Est,2,P.D.A.R.,71192
168,1992-09-27,parliament,RO22,Sud-Est,2,P.D.C.,4438
169,1992-09-27,parliament,RO22,Sud-Est,2,P.D.I.,687
170,1992-09-27,parliament,RO22,Sud-Est,2,P.D.N.,424
171,1992-09-27,parliament,RO22,Sud-Est,2,P.L.M.R.,3665
172,1992-09-27,parliament,RO22,Sud-Est,2,P.L.S.,1430
173,1992-09-27,parliament,RO22,Sud-Est,2,"P.M.N.""S.P.""",45
174,1992-09-27,parliament,RO22,Sud-Est,2,P.N.D.C.,1409
175,1992-09-27,parliament,RO22,Sud-Est,2,P.N.P.L.R.,8161
176,1992-09-27,parliament,RO22,Sud-Est,2,P.N.R.,444
177,1992-09-27,parliament,RO22,Sud-Est,2,P.N.T.C.D.I.,3456
178,1992-09-27,parliament,RO22,Sud-Est,2,P.R.,21540
179,1992-09-27,parliament,RO22,Sud-Est,2,P.R.C.R.,2305
180,1992-09-27,parliament,RO22,Sud-Est,2,P.R.D.P.R.R.,410
181,1992-09-27,parliament,RO22,Sud-Est,2,P.R.N.S.,143
182,1992-09-27,parliament,RO22,Sud-Est,2,P.R.U.R.,3272
183,1992-09-27,parliament,RO22,Sud-Est,2,"P.S.D.""C.T.P.""",1236
184,1992-09-27,parliament,RO22,Sud-Est,2,P.S.D.I.,1611
185,1992-09-27,parliament,RO22,Sud-Est,2,P.S.D.T.,2238
186,1992-09-27,parliament,RO22,Sud-Est,2,P.T.R.,1307
187,1992-09-27,parliament,RO22,Sud-Est,2,P.U.N.R.,40870
188,1992-09-27,parliament,RO22,Sud-Est,2,P.U.S-D.,7731
189,1992-09-27,parliament,RO22,Sud-Est,2,PDSR,1573
190,1992-09-27,parliament,RO22,Sud-Est,2,PDSR-PUR-PSDR,10353
191,1992-09-27,parliament,RO22,Sud-Est,2,PLR,1004
192,1992-09-27,parliament,RO22,Sud-Est,2,PNL,39696
193,1992-09-27,parliament,RO22,Sud-Est,2,PNTCD,5186
194,1992-09-27,parliament,RO22,Sud-Est,2,PRM,55365
195,1992-09-27,parliament,RO22,Sud-Est,2,PRO,6737
196,1992-09-27,parliament,RO22,Sud-Est,2,PSM,35603
197,1992-09-27,parliament,RO22,Sud-Est,2,PUR,3339
198,1992-09-27,parliament,RO22,Sud-Est,2,S.N-D.,12867
199,1992-09-27,parliament,RO22,Sud-Est,2,U.A.R.,1167
200,1992-09-27,parliament,RO22,Sud-Est,2,U.D.C.,2336
201,1992-09-27,parliament,RO22,Sud-Est,2,U.D.T.R.,2569
202,1992-09-27,parliament,RO22,Sud-Est,2,U.D.T.T-M.R.,7269
203,1992-09-27,parliament,RO22,Sud-Est,2,U.E.R.,2573
204,1992-09-27,parliament,RO22,Sud-Est,2,U.G.R.R.,1133
205,1992-09-27,parliament,RO22,Sud-Est,2,U.L.B.,4943
206,1992-09-27,parliament,RO22,Sud-Est,2,U.L.D.R.R.,4264
207,1992-09-27,parliament,RO22,Sud-Est,2,U.U.R.,555
208,1992-09-27,parliament,RO22,Sud-Est,2,UDMR,5444
209,1992-09-27,parliament,RO31,Sud-Muntenia,0,eligible_voters,2586920
210,1992-09-27,parliament,RO31,Sud-Muntenia,1,issued_ballots,1881673
211,1992-09-27,parliament,RO31,Sud-Muntenia,2,A.D.N.,232
212,1992-09-27,parliament,RO31,Sud-Muntenia,2,C.D.R,268856
213,1992-09-27,parliament,RO31,Sud-Muntenia,2,C.D.U.,2211
214,1992-09-27,parliament,RO31,Sud-Muntenia,2,C.I.,7450
215,1992-09-27,parliament,RO31,Sud-Muntenia,2,C.I.R.,1108
216,1992-09-27,parliament,RO31,Sud-Muntenia,2,C.R.L.R.,357
217,1992-09-27,parliament,RO31,Sud-Muntenia,2,C.S.S.,5551
218,1992-09-27,parliament,RO31,Sud-Muntenia,2,F.D.R.16-20.XII.89.T,2059
219,1992-09-27,parliament,RO31,Sud-Muntenia,2,F.D.S.N.,587074
220,1992-09-27,parliament,RO31,Sud-Muntenia,2,F.S.N.,200624
221,1992-09-27,parliament,RO31,Sud-Muntenia,2,FDGR,1186
222,1992-09-27,parliament,RO31,Sud-Muntenia,2,L.N.E.R.,407
223,1992-09-27,parliament,RO31,Sud-Muntenia,2,M.E.R.,36069
224,1992-09-27,parliament,RO31,Sud-Muntenia,2,N.P.L.,8554
225,1992-09-27,parliament,RO31,Sud-Muntenia,2,P.A.J.N.,244
226,1992-09-27,parliament,RO31,Sud-Muntenia,2,P.C.E.R.S.N.,2403
227,1992-09-27,parliament,RO31,Sud-Muntenia,2,P.D.A.R.,49232
228,1992-09-27,parliament,RO31,Sud-Muntenia,2,P.D.C.,5215
229,1992-09-27,parliament,RO31,Sud-Muntenia,2,P.D.I.,1716
230,1992-09-27,parliament,RO31,Sud-Muntenia,2,P.D.M.R.,1049
231,1992-09-27,parliament,RO31,Sud-Muntenia,2,P.D.N.,475
232,1992-09-27,parliament,RO31,Sud-Muntenia,2,P.L.M.R.,6095
233,1992-09-27,parliament,RO31,Sud-Muntenia,2,P.L.REP.,637
234,1992-09-27,parliament,RO31,Sud-Muntenia,2,P.L.S.,3202
235,1992-09-27,parliament,RO31,Sud-Muntenia,2,"P.M.N.""S.P.""",90
236,1992-09-27,parliament,RO31,Sud-Muntenia,2,P.N.D.C.,1965
237,1992-09-27,parliament,RO31,Sud-Muntenia,2,P.N.P.L.R.,2461
238,1992-09-27,parliament,RO31,Sud-Muntenia,2,P.N.T.C.D.I.,2493
239,1992-09-27,parliament,RO31,Sud-Muntenia,2,P.R.,29143
240,1992-09-27,parliament,RO31,Sud-Muntenia,2,P.R.C.D.,139
241,1992-09-27,parliament,RO31,Sud-Muntenia,2,P.R.C.R.,3676
242,1992-09-27,parliament,RO31,Sud-Muntenia,2,P.R.D.P.R.R.,303
243,1992-09-27,parliament,RO31,Sud-Muntenia,2,P.R.N.S.,1099
244,1992-09-27,parliament,RO31,Sud-Muntenia,2,P.R.U.R.,2534
245,1992-09-27,parliament,RO31,Sud-Muntenia,2,"P.S.D.""C.T.P.""",594
246,1992-09-27,parliament,RO31,Sud-Muntenia,2,P.S.D.I.,2251
247,1992-09-27,parliament,RO31,Sud-Muntenia,2,P.S.D.T.,2469
248,1992-09-27,parliament,RO31,Sud-Muntenia,2,P.T.R.,4709
249,1992-09-27,parliament,RO31,Sud-Muntenia,2,P.U.N.R.,44705
250,1992-09-27,parliament,RO31,Sud-Muntenia,2,P.U.S-D.,7295
251,1992-09-27,parliament,RO31,Sud-Muntenia,2,P.V.D.P.,2384
252,1992-09-27,parliament,RO31,Sud-Muntenia,2,P.V.P.,724
253,1992-09-27,parliament,RO31,Sud-Muntenia,2,PDSR-PUR-PSDR,18948
254,1992-09-27,parliament,RO31,Sud-Muntenia,2,PLR,7560
255,1992-09-27,parliament,RO31,Sud-Muntenia,2,PNL,37254
256,1992-09-27,parliament,RO31,Sud-Muntenia,2,PNTCD,10216
257,1992-09-27,parliament,RO31,Sud-Muntenia,2,PO,161
258,1992-09-27,parliament,RO31,Sud-Muntenia,2,PRM,72763
259,1992-09-27,parliament,RO31,Sud-Muntenia,2,PRO,10224
260,1992-09-27,parliament,RO31,Sud-Muntenia,2,PSM,56653
261,1992-09-27,parliament,RO31,Sud-Muntenia,2,PUR,3603
262,1992-09-27,parliament,RO31,Sud-Muntenia,2,S.N-D.,13580
263,1992-09-27,parliament,RO31,Sud-Muntenia,2,U.A.R.,568
264,1992-09-27,parliament,RO31,Sud-Muntenia,2,U.D.C.,2023
265,1992-09-27,parliament,RO31,Sud-Muntenia,2,U.E.R.,2449
266,1992-09-27,parliament,RO31,Sud-Muntenia,2,U.G.R.R.,1469
267,1992-09-27,parliament,RO31,Sud-Muntenia,2,U.L.B.,5615
268,1992-09-27,parliament,RO31,Sud-Muntenia,2,U.L.D.R.R.,4079
269,1992-09-27,parliament,RO31,Sud-Muntenia,2,UDMR,6156
270,1992-09-27,parliament,RO32,Bucureşti-Ilfov,0,eligible_voters,1789602
271,1992-09-27,parliament,RO32,Bucureşti-Ilfov,1,issued_ballots,1285380
272,1992-09-27,parliament,RO32,Bucureşti-Ilfov,2,A.D.N.,862
273,1992-09-27,parliament,RO32,Bucureşti-Ilfov,2,C.D.R,391901
274,1992-09-27,parliament,RO32,Bucureşti-Ilfov,2,C.D.U.,4318
275,1992-09-27,parliament,RO32,Bucureşti-Ilfov,2,C.I.,151
276,1992-09-27,parliament,RO32,Bucureşti-Ilfov,2,C.I.R.,556
277,1992-09-27,parliament,RO32,Bucureşti-Ilfov,2,C.R.L.R.,511
278,1992-09-27,parliament,RO32,Bucureşti-Ilfov,2,C.S.S.,4755
279,1992-09-27,parliament,RO32,Bucureşti-Ilfov,2,F.D.R.16-20.XII.89.T,970
280,1992-09-27,parliament,RO32,Bucureşti-Ilfov,2,F.D.S.N.,320421
281,1992-09-27,parliament,RO32,Bucureşti-Ilfov,2,F.D.U.N.R.,3008
282,1992-09-27,parliament,RO32,Bucureşti-Ilfov,2,F.S.N.,115460
283,1992-09-27,parliament,RO32,Bucureşti-Ilfov,2,FDGR,1280
284,1992-09-27,parliament,RO32,Bucureşti-Ilfov,2,L.N.E.R.,932
285,1992-09-27,parliament,RO32,Bucureşti-Ilfov,2,M.E.R.,15125
286,1992-09-27,parliament,RO32,Bucureşti-Ilfov,2,N.P.L.,6776
287,1992-09-27,parliament,RO32,Bucureşti-Ilfov,2,P.A.J.N.,862
288,1992-09-27,parliament,RO32,Bucureşti-Ilfov,2,P.C.E.R.S.N.,913
289,1992-09-27,parliament,RO32,Bucureşti-Ilfov,2,P.D.A.R.,19264
290,1992-09-27,parliament,RO32,Bucureşti-Ilfov,2,P.D.C.,2841
291,1992-09-27,parliament,RO32,Bucureşti-Ilfov,2,P.D.I.,987
292,1992-09-27,parliament,RO32,Bucureşti-Ilfov,2,P.D.M.R.,1254
293,1992-09-27,parliament,RO32,Bucureşti-Ilfov,2,P.D.N.,1610
294,1992-09-27,parliament,RO32,Bucureşti-Ilfov,2,P.L.M.R.,8815
295,1992-09-27,parliament,RO32,Bucureşti-Ilfov,2,P.L.REP.,2636
296,1992-09-27,parliament,RO32,Bucureşti-Ilfov,2,P.L.S.,5009
297,1992-09-27,parliament,RO32,Bucureşti-Ilfov,2,"P.M.N.""S.P.""",1487
298,1992-09-27,parliament,RO32,Bucureşti-Ilfov,2,P.N.D.C.,3805
299,1992-09-27,parliament,RO32,Bucureşti-Ilfov,2,P.N.P.L.R.,3765
300,1992-09-27,parliament,RO32,Bucureşti-Ilfov,2,P.N.R.,1026
301,1992-09-27,parliament,RO32,Bucureşti-Ilfov,2,P.N.T.C.D.I.,2877
302,1992-09-27,parliament,RO32,Bucureşti-Ilfov,2,P.R.,12709
303,1992-09-27,parliament,RO32,Bucureşti-Ilfov,2,P.R.C.D.,881
304,1992-09-27,parliament,RO32,Bucureşti-Ilfov,2,P.R.C.R.,3452
305,1992-09-27,parliament,RO32,Bucureşti-Ilfov,2,P.R.D.P.R.R.,226
306,1992-09-27,parliament,RO32,Bucureşti-Ilfov,2,P.R.I.R.,841
307,1992-09-27,parliament,RO32,Bucureşti-Ilfov,2,P.R.N.S.,756
308,1992-09-27,parliament,RO32,Bucureşti-Ilfov,2,P.R.U.R.,1677
309,1992-09-27,parliament,RO32,Bucureşti-Ilfov,2,"P.S.D.""C.T.P.""",3672
310,1992-09-27,parliament,RO32,Bucureşti-Ilfov,2,P.S.D.I.,1292
311,1992-09-27,parliament,RO32,Bucureşti-Ilfov,2,P.S.D.T.,1330
312,1992-09-27,parliament,RO32,Bucureşti-Ilfov,2,P.U.N.R.,37765
313,1992-09-27,parliament,RO32,Bucureşti-Ilfov,2,P.U.S-D.,5400
314,1992-09-27,parliament,RO32,Bucureşti-Ilfov,2,P.V.D.P.,455
315,1992-09-27,parliament,RO32,Bucureşti-Ilfov,2,PDSR-PUR-PSDR,13400
316,1992-09-27,parliament,RO32,Bucureşti-Ilfov,2,PLR,2027
317,1992-09-27,parliament,RO32,Bucureşti-Ilfov,2,PNL,38266
318,1992-09-27,parliament,RO32,Bucureşti-Ilfov,2,PNTCD,6952
319,1992-09-27,parliament,RO32,Bucureşti-Ilfov,2,PO,156
320,1992-09-27,parliament,RO32,Bucureşti-Ilfov,2,PPMT,2480
321,1992-09-27,parliament,RO32,Bucureşti-Ilfov,2,PRM,80455
322,1992-09-27,parliament,RO32,Bucureşti-Ilfov,2,PRO,8770
323,1992-09-27,parliament,RO32,Bucureşti-Ilfov,2,PSM,27319
324,1992-09-27,parliament,RO32,Bucureşti-Ilfov,2,PUR,1810
325,1992-09-27,parliament,RO32,Bucureşti-Ilfov,2,S.N-D.,10079
326,1992-09-27,parliament,RO32,Bucureşti-Ilfov,2,U.A.R.,1167
327,1992-09-27,parliament,RO32,Bucureşti-Ilfov,2,U.D.C.,52
328,1992-09-27,parliament,RO32,Bucureşti-Ilfov,2,U.D.T.T-M.R.,379
329,1992-09-27,parliament,RO32,Bucureşti-Ilfov,2,U.E.R.,756
330,1992-09-27,parliament,RO32,Bucureşti-Ilfov,2,U.G.R.R.,2990
331,1992-09-27,parliament,RO32,Bucureşti-Ilfov,2,U.L.B.,12396
332,1992-09-27,parliament,RO32,Bucureşti-Ilfov,2,U.L.D.R.R.,3743
333,1992-09-27,parliament,RO32,Bucureşti-Ilfov,2,UDMR,5838
334,1992-09-27,parliament,RO41,Sud-Vest Oltenia,0,eligible_voters,1755371
335,1992-09-27,parliament,RO41,Sud-Vest Oltenia,1,issued_ballots,1216799
336,1992-09-27,parliament,RO41,Sud-Vest Oltenia,2,A.D.N.,73
337,1992-09-27,parliament,RO41,Sud-Vest Oltenia,2,C.D.R,172072
338,1992-09-27,parliament,RO41,Sud-Vest Oltenia,2,C.D.U.,643
339,1992-09-27,parliament,RO41,Sud-Vest Oltenia,2,C.I.,13050
340,1992-09-27,parliament,RO41,Sud-Vest Oltenia,2,C.I.R.,237
341,1992-09-27,parliament,RO41,Sud-Vest Oltenia,2,C.S.S.,3567
342,1992-09-27,parliament,RO41,Sud-Vest Oltenia,2,F.D.R.16-20.XII.89.T,1686
343,1992-09-27,parliament,RO41,Sud-Vest Oltenia,2,F.D.S.N.,342943
344,1992-09-27,parliament,RO41,Sud-Vest Oltenia,2,F.S.N.,119272
345,1992-09-27,parliament,RO41,Sud-Vest Oltenia,2,L.N.E.R.,458
346,1992-09-27,parliament,RO41,Sud-Vest Oltenia,2,M.E.R.,17686
347,1992-09-27,parliament,RO41,Sud-Vest Oltenia,2,N.P.L.,3219
348,1992-09-27,parliament,RO41,Sud-Vest Oltenia,2,P.C.E.R.S.N.,2787
349,1992-09-27,parliament,RO41,Sud-Vest Oltenia,2,P.D.A.R.,32567
350,1992-09-27,parliament,RO41,Sud-Vest Oltenia,2,P.D.C.,3506
351,1992-09-27,parliament,RO41,Sud-Vest Oltenia,2,P.D.I.,332
352,1992-09-27,parliament,RO41,Sud-Vest Oltenia,2,P.D.M.R.,1529
353,1992-09-27,parliament,RO41,Sud-Vest Oltenia,2,P.D.N.,650
354,1992-09-27,parliament,RO41,Sud-Vest Oltenia,2,P.L.M.R.,2671
355,1992-09-27,parliament,RO41,Sud-Vest Oltenia,2,"P.M.N.""S.P.""",17
356,1992-09-27,parliament,RO41,Sud-Vest Oltenia,2,P.N.P.L.R.,1998
357,1992-09-27,parliament,RO41,Sud-Vest Oltenia,2,P.N.T.C.D.I.,2295
358,1992-09-27,parliament,RO41,Sud-Vest Oltenia,2,P.R.,11411
359,1992-09-27,parliament,RO41,Sud-Vest Oltenia,2,P.R.C.R.,1312
360,1992-09-27,parliament,RO41,Sud-Vest Oltenia,2,P.R.D.P.R.R.,165
361,1992-09-27,parliament,RO41,Sud-Vest Oltenia,2,P.R.N.S.,133
362,1992-09-27,parliament,RO41,Sud-Vest Oltenia,2,P.R.U.R.,1382
363,1992-09-27,parliament,RO41,Sud-Vest Oltenia,2,P.S.D.I.,777
364,1992-09-27,parliament,RO41,Sud-Vest Oltenia,2,P.S.D.T.,2144
365,1992-09-27,parliament,RO41,Sud-Vest Oltenia,2,P.T.R.,879
366,1992-09-27,parliament,RO41,Sud-Vest Oltenia,2,P.U.C.,101
367,1992-09-27,parliament,RO41,Sud-Vest Oltenia,2,P.U.N.R.,29758
368,1992-09-27,parliament,RO41,Sud-Vest Oltenia,2,P.U.S-D.,4644
369,1992-09-27,parliament,RO41,Sud-Vest Oltenia,2,P.V.D.P.,1475
370,1992-09-27,parliament,RO41,Sud-Vest Oltenia,2,P.V.P.,686
371,1992-09-27,parliament,RO41,Sud-Vest Oltenia,2,PDSR,226
372,1992-09-27,parliament,RO41,Sud-Vest Oltenia,2,PDSR-PUR-PSDR,8648
373,1992-09-27,parliament,RO41,Sud-Vest Oltenia,2,PNL,25232
374,1992-09-27,parliament,RO41,Sud-Vest Oltenia,2,PNTCD,3729
375,1992-09-27,parliament,RO41,Sud-Vest Oltenia,2,PRM,36100
376,1992-09-27,parliament,RO41,Sud-Vest Oltenia,2,PRO,2447
377,1992-09-27,parliament,RO41,Sud-Vest Oltenia,2,PSM,115492
378,1992-09-27,parliament,RO41,Sud-Vest Oltenia,2,PUR,2758
379,1992-09-27,parliament,RO41,Sud-Vest Oltenia,2,S.N-D.,5994
380,1992-09-27,parliament,RO41,Sud-Vest Oltenia,2,U.A.R.,423
381,1992-09-27,parliament,RO41,Sud-Vest Oltenia,2,U.D.SL.CE.R.,519
382,1992-09-27,parliament,RO41,Sud-Vest Oltenia,2,U.E.R.,438
383,1992-09-27,parliament,RO41,Sud-Vest Oltenia,2,U.G.R.R.,2780
384,1992-09-27,parliament,RO41,Sud-Vest Oltenia,2,U.L.B.,4253
385,1992-09-27,parliament,RO41,Sud-Vest Oltenia,2,U.L.D.R.R.,1954
386,1992-09-27,parliament,RO41,Sud-Vest Oltenia,2,UDMR,4993
387,1992-09-27,parliament,RO42,Vest,0,eligible_voters,1538238
388,1992-09-27,parliament,RO42,Vest,1,issued_ballots,1157974
389,1992-09-27,parliament,RO42,Vest,2,C.D.R,313746
390,1992-09-27,parliament,RO42,Vest,2,C.I.,6090
391,1992-09-27,parliament,RO42,Vest,2,C.I.R.,639
392,1992-09-27,parliament,RO42,Vest,2,C.R.L.R.,449
393,1992-09-27,parliament,RO42,Vest,2,C.S.S.,3809
394,1992-09-27,parliament,RO42,Vest,2,F.D.R.16-20.XII.89.T,4256
395,1992-09-27,parliament,RO42,Vest,2,F.D.S.N.,167876
396,1992-09-27,parliament,RO42,Vest,2,F.S.N.,92802
397,1992-09-27,parliament,RO42,Vest,2,FDGR,10472
398,1992-09-27,parliament,RO42,Vest,2,L.N.E.R.,1236
399,1992-09-27,parliament,RO42,Vest,2,M.E.R.,29939
400,1992-09-27,parliament,RO42,Vest,2,N.P.L.,7031
401,1992-09-27,parliament,RO42,Vest,2,P.C.E.R.S.N.,877
402,1992-09-27,parliament,RO42,Vest,2,P.D.A.R.,26849
403,1992-09-27,parliament,RO42,Vest,2,P.D.C.,3041
404,1992-09-27,parliament,RO42,Vest,2,P.D.I.,1383
405,1992-09-27,parliament,RO42,Vest,2,P.D.N.,624
406,1992-09-27,parliament,RO42,Vest,2,P.D.S.(N.D.)N-V.R.,288
407,1992-09-27,parliament,RO42,Vest,2,P.L.M.R.,3922
408,1992-09-27,parliament,RO42,Vest,2,P.N.D.C.,1634
409,1992-09-27,parliament,RO42,Vest,2,P.N.P.L.R.,4211
410,1992-09-27,parliament,RO42,Vest,2,P.N.T.C.D.I.,1653
411,1992-09-27,parliament,RO42,Vest,2,P.R.,25198
412,1992-09-27,parliament,RO42,Vest,2,P.R.C.R.,2077
413,1992-09-27,parliament,RO42,Vest,2,P.R.I.R.,7221
414,1992-09-27,parliament,RO42,Vest,2,P.R.U.R.,2919
415,1992-09-27,parliament,RO42,Vest,2,"P.S.D.""C.T.P.""",361
416,1992-09-27,parliament,RO42,Vest,2,P.S.D.T.,3583
417,1992-09-27,parliament,RO42,Vest,2,P.T.R.,857
418,1992-09-27,parliament,RO42,Vest,2,P.U.N.R.,76813
419,1992-09-27,parliament,RO42,Vest,2,P.U.S-D.,8421
420,1992-09-27,parliament,RO42,Vest,2,PDSR,726
421,1992-09-27,parliament,RO42,Vest,2,PDSR-PUR-PSDR,17706
422,1992-09-27,parliament,RO42,Vest,2,PNL,33144
423,1992-09-27,parliament,RO42,Vest,2,PNTCD,5210
424,1992-09-27,parliament,RO42,Vest,2,PRM,38129
425,1992-09-27,parliament,RO42,Vest,2,PRO,5246
426,1992-09-27,parliament,RO42,Vest,2,PSM,23947
427,1992-09-27,parliament,RO42,Vest,2,PUR,3453
428,1992-09-27,parliament,RO42,Vest,2,S.N-D.,10482
429,1992-09-27,parliament,RO42,Vest,2,U.A.R.,269
430,1992-09-27,parliament,RO42,Vest,2,U.B.B-R.,1886
431,1992-09-27,parliament,RO42,Vest,2,U.D.SI.CR.R.,5306
432,1992-09-27,parliament,RO42,Vest,2,U.D.SL.CE.R.,2234
433,1992-09-27,parliament,RO42,Vest,2,U.G.R.R.,3166
434,1992-09-27,parliament,RO42,Vest,2,U.L.B.,2850
435,1992-09-27,parliament,RO42,Vest,2,U.L.D.R.R.,2979
436,1992-09-27,parliament,RO42,Vest,2,U.U.R.,1653
437,1992-09-27,parliament,RO42,Vest,2,UDMR,60904
438,1992-09-27,parliament,RO42,Vest,2,UUR,217
439,1992-09-27,president_a,RO11,Nord-Vest,0,eligible_voters,2120201
440,1992-09-27,president_a,RO11,Nord-Vest,1,issued_ballots,1612263
441,1992-09-27,president_a,RO11,Nord-Vest,2,CAIUS TRAIAN DRAGOMIR,50202
442,1992-09-27,president_a,RO11,Nord-Vest,2,EMIL CONSTANTINESCU,630084
443,1992-09-27,president_a,RO11,Nord-Vest,2,GHEORGHE FUNAR,384167
444,1992-09-27,president_a,RO11,Nord-Vest,2,IOAN MANZATU,52889
445,1992-09-27,president_a,RO11,Nord-Vest,2,ION ILIESCU,391264
446,1992-09-27,president_a,RO11,Nord-Vest,2,MIRCEA DRUC,33647
447,1992-09-27,president_a,RO12,Centru,0,eligible_voters,1924506
448,1992-09-27,president_a,RO12,Centru,1,issued_ballots,1590221
449,1992-09-27,president_a,RO12,Centru,2,CAIUS TRAIAN DRAGOMIR,52604
450,1992-09-27,president_a,RO12,Centru,2,EMIL CONSTANTINESCU,774403
451,1992-09-27,president_a,RO12,Centru,2,GHEORGHE FUNAR,327868
452,1992-09-27,president_a,RO12,Centru,2,IOAN MANZATU,45715
453,1992-09-27,president_a,RO12,Centru,2,ION ILIESCU,296817
454,1992-09-27,president_a,RO12,Centru,2,MIRCEA DRUC,31535
455,1992-09-27,president_a,RO21,Nord-Est,0,eligible_voters,2578996
456,1992-09-27,president_a,RO21,Nord-Est,1,issued_ballots,2062094
457,1992-09-27,president_a,RO21,Nord-Est,2,CAIUS TRAIAN DRAGOMIR,101548
458,1992-09-27,president_a,RO21,Nord-Est,2,EMIL CONSTANTINESCU,364410
459,1992-09-27,president_a,RO21,Nord-Est,2,GHEORGHE FUNAR,112885
460,1992-09-27,president_a,RO21,Nord-Est,2,IOAN MANZATU,62060
461,1992-09-27,president_a,RO21,Nord-Est,2,ION ILIESCU,1229716
462,1992-09-27,president_a,RO21,Nord-Est,2,MIRCEA DRUC,78289
463,1992-09-27,president_a,RO22,Sud-Est,0,eligible_voters,2086829
464,1992-09-27,president_a,RO22,Sud-Est,1,issued_ballots,1646144
465,1992-09-27,president_a,RO22,Sud-Est,2,CAIUS TRAIAN DRAGOMIR,84928
466,1992-09-27,president_a,RO22,Sud-Est,2,EMIL CONSTANTINESCU,351290
467,1992-09-27,president_a,RO22,Sud-Est,2,GHEORGHE FUNAR,86677
468,1992-09-27,president_a,RO22,Sud-Est,2,IOAN MANZATU,51656
469,1992-09-27,president_a,RO22,Sud-Est,2,ION ILIESCU,945864
470,1992-09-27,president_a,RO22,Sud-Est,2,MIRCEA DRUC,39722
471,1992-09-27,president_a,RO31,Sud-Muntenia,0,eligible_voters,2586920
472,1992-09-27,president_a,RO31,Sud-Muntenia,1,issued_ballots,1881673
473,1992-09-27,president_a,RO31,Sud-Muntenia,2,CAIUS TRAIAN DRAGOMIR,102509
474,1992-09-27,president_a,RO31,Sud-Muntenia,2,EMIL CONSTANTINESCU,384179
475,1992-09-27,president_a,RO31,Sud-Muntenia,2,GHEORGHE FUNAR,86929
476,1992-09-27,president_a,RO31,Sud-Muntenia,2,IOAN MANZATU,42305
477,1992-09-27,president_a,RO31,Sud-Muntenia,2,ION ILIESCU,1106717
478,1992-09-27,president_a,RO31,Sud-Muntenia,2,MIRCEA DRUC,41154
479,1992-09-27,president_a,RO32,Bucureşti-Ilfov,0,eligible_voters,1789602
480,1992-09-27,president_a,RO32,Bucureşti-Ilfov,1,issued_ballots,1285380
481,1992-09-27,president_a,RO32,Bucureşti-Ilfov,2,CAIUS TRAIAN DRAGOMIR,62731
482,1992-09-27,president_a,RO32,Bucureşti-Ilfov,2,EMIL CONSTANTINESCU,495619
483,1992-09-27,president_a,RO32,Bucureşti-Ilfov,2,GHEORGHE FUNAR,70933
484,1992-09-27,president_a,RO32,Bucureşti-Ilfov,2,IOAN MANZATU,33417
485,1992-09-27,president_a,RO32,Bucureşti-Ilfov,2,ION ILIESCU,546061
486,1992-09-27,president_a,RO32,Bucureşti-Ilfov,2,MIRCEA DRUC,42576
487,1992-09-27,president_a,RO41,Sud-Vest Oltenia,0,eligible_voters,1755371
488,1992-09-27,president_a,RO41,Sud-Vest Oltenia,1,issued_ballots,1216799
489,1992-09-27,president_a,RO41,Sud-Vest Oltenia,2,CAIUS TRAIAN DRAGOMIR,52127
490,1992-09-27,president_a,RO41,Sud-Vest Oltenia,2,EMIL CONSTANTINESCU,245082
491,1992-09-27,president_a,RO41,Sud-Vest Oltenia,2,GHEORGHE FUNAR,66487
492,1992-09-27,president_a,RO41,Sud-Vest Oltenia,2,IOAN MANZATU,21607
493,1992-09-27,president_a,RO41,Sud-Vest Oltenia,2,ION ILIESCU,734654
494,1992-09-27,president_a,RO41,Sud-Vest Oltenia,2,MIRCEA DRUC,25141
495,1992-09-27,president_a,RO42,Vest,0,eligible_voters,1538238
496,1992-09-27,president_a,RO42,Vest,1,issued_ballots,1157974
497,1992-09-27,president_a,RO42,Vest,2,CAIUS TRAIAN DRAGOMIR,55660
498,1992-09-27,president_a,RO42,Vest,2,EMIL CONSTANTINESCU,445971
499,1992-09-27,president_a,RO42,Vest,2,GHEORGHE FUNAR,154360
500,1992-09-27,president_a,RO42,Vest,2,IOAN MANZATU,51671
501,1992-09-27,president_a,RO42,Vest,2,ION ILIESCU,365591
502,1992-09-27,president_a,RO42,Vest,2,MIRCEA DRUC,33248
503,1992-09-27,president_b,RO11,Nord-Vest,0,eligible_voters,2143553
504,1992-09-27,president_b,RO11,Nord-Vest,1,issued_ballots,1532605
505,1992-09-27,president_b,RO11,Nord-Vest,2,EMIL CONSTANTINESCU,789489
506,1992-09-27,president_b,RO11,Nord-Vest,2,ION ILIESCU,728234
507,1992-09-27,president_b,RO12,Centru,0,eligible_voters,1927837
508,1992-09-27,president_b,RO12,Centru,1,issued_ballots,1541007
509,1992-09-27,president_b,RO12,Centru,2,EMIL CONSTANTINESCU,959491
510,1992-09-27,president_b,RO12,Centru,2,ION ILIESCU,568738
511,1992-09-27,president_b,RO21,Nord-Est,0,eligible_voters,2608548
512,1992-09-27,president_b,RO21,Nord-Est,1,issued_ballots,2002096
513,1992-09-27,president_b,RO21,Nord-Est,2,EMIL CONSTANTINESCU,490624
514,1992-09-27,president_b,RO21,Nord-Est,2,ION ILIESCU,1489712
515,1992-09-27,president_b,RO22,Sud-Est,0,eligible_voters,2115018
516,1992-09-27,president_b,RO22,Sud-Est,1,issued_ballots,1592119
517,1992-09-27,president_b,RO22,Sud-Est,2,EMIL CONSTANTINESCU,442966
518,1992-09-27,president_b,RO22,Sud-Est,2,ION ILIESCU,1133621
519,1992-09-27,president_b,RO31,Sud-Muntenia,0,eligible_voters,2611664
520,1992-09-27,president_b,RO31,Sud-Muntenia,1,issued_ballots,1846351
521,1992-09-27,president_b,RO31,Sud-Muntenia,2,EMIL CONSTANTINESCU,472131
522,1992-09-27,president_b,RO31,Sud-Muntenia,2,ION ILIESCU,1355604
523,1992-09-27,president_b,RO32,Bucureşti-Ilfov,0,eligible_voters,1861089
524,1992-09-27,president_b,RO32,Bucureşti-Ilfov,1,issued_ballots,1257411
525,1992-09-27,president_b,RO32,Bucureşti-Ilfov,2,EMIL CONSTANTINESCU,575745
526,1992-09-27,president_b,RO32,Bucureşti-Ilfov,2,ION ILIESCU,672074
527,1992-09-27,president_b,RO41,Sud-Vest Oltenia,0,eligible_voters,1772916
528,1992-09-27,president_b,RO41,Sud-Vest Oltenia,1,issued_ballots,1217571
529,1992-09-27,president_b,RO41,Sud-Vest Oltenia,2,EMIL CONSTANTINESCU,304767
530,1992-09-27,president_b,RO41,Sud-Vest Oltenia,2,ION ILIESCU,898550
531,1992-09-27,president_b,RO42,Vest,0,eligible_voters,1556883
532,1992-09-27,president_b,RO42,Vest,1,issued_ballots,1118544
533,1992-09-27,president_b,RO42,Vest,2,EMIL CONSTANTINESCU,577435
534,1992-09-27,president_b,RO42,Vest,2,ION ILIESCU,530027
535,1996-11-03,parliament,RO11,Nord-Vest,0,eligible_voters,2192168
536,1996-11-03,parliament,RO11,Nord-Vest,1,issued_ballots,1660780
537,1996-11-03,parliament,RO11,Nord-Vest,2,ANL,20906
538,1996-11-03,parliament,RO11,Nord-Vest,2,ANLE,10908
539,1996-11-03,parliament,RO11,Nord-Vest,2,ASCR,439
540,1996-11-03,parliament,RO11,Nord-Vest,2,CDR,425408
541,1996-11-03,parliament,RO11,Nord-Vest,2,CERR,1520
542,1996-11-03,parliament,RO11,Nord-Vest,2,CITRO-IS14,3428
543,1996-11-03,parliament,RO11,Nord-Vest,2,FCER,1348
544,1996-11-03,parliament,RO11,Nord-Vest,2,FDGR,2706
545,1996-11-03,parliament,RO11,Nord-Vest,2,PCER,2199
546,1996-11-03,parliament,RO11,Nord-Vest,2,PDSR,178897
547,1996-11-03,parliament,RO11,Nord-Vest,2,PLDMRO,5031
548,1996-11-03,parliament,RO11,Nord-Vest,2,PLR,3678
549,1996-11-03,parliament,RO11,Nord-Vest,2,PMR,763
550,1996-11-03,parliament,RO11,Nord-Vest,2,PNA,8793
551,1996-11-03,parliament,RO11,Nord-Vest,2,PNDC,12407
552,1996-11-03,parliament,RO11,Nord-Vest,2,PNRO,2429
553,1996-11-03,parliament,RO11,Nord-Vest,2,PNTCD,11928
554,1996-11-03,parliament,RO11,Nord-Vest,2,PPDD,1257
555,1996-11-03,parliament,RO11,Nord-Vest,2,PPR,22240
556,1996-11-03,parliament,RO11,Nord-Vest,2,PPSR,2989
557,1996-11-03,parliament,RO11,Nord-Vest,2,PPU,37401
558,1996-11-03,parliament,RO11,Nord-Vest,2,PRM,50736
559,1996-11-03,parliament,RO11,Nord-Vest,2,PRO,1900
560,1996-11-03,parliament,RO11,Nord-Vest,2,PROD,3167
561,1996-11-03,parliament,RO11,Nord-Vest,2,PRROM,1451
562,1996-11-03,parliament,RO11,Nord-Vest,2,PSM,57750
563,1996-11-03,parliament,RO11,Nord-Vest,2,PSMR,15456
564,1996-11-03,parliament,RO11,Nord-Vest,2,PUNR,198957
565,1996-11-03,parliament,RO11,Nord-Vest,2,RO.AS.IT,942
566,1996-11-03,parliament,RO11,Nord-Vest,2,ROMII,8802
567,1996-11-03,parliament,RO11,Nord-Vest,2,U-ROMI,11812
568,1996-11-03,parliament,RO11,Nord-Vest,2,U-SLOVACI,3520
569,1996-11-03,parliament,RO11,Nord-Vest,2,U-UCRAINIENI,1514
570,1996-11-03,parliament,RO11,Nord-Vest,2,UAR,195
571,1996-11-03,parliament,RO11,Nord-Vest,2,UCAR,158
572,1996-11-03,parliament,RO11,Nord-Vest,2,UDC,463
573,1996-11-03,parliament,RO11,Nord-Vest,2,UDMR,283158
574,1996-11-03,parliament,RO11,Nord-Vest,2,UDUR,3156
575,1996-11-03,parliament,RO11,Nord-Vest,2,USD,168204
576,1996-11-03,parliament,RO12,Centru,0,eligible_voters,1993033
577,1996-11-03,parliament,RO12,Centru,1,issued_ballots,1640894
578,1996-11-03,parliament,RO12,Centru,2,ANL,20739
579,1996-11-03,parliament,RO12,Centru,2,ANLE,14494
580,1996-11-03,parliament,RO12,Centru,2,CDR,370467
581,1996-11-03,parliament,RO12,Centru,2,CERR,457
582,1996-11-03,parliament,RO12,Centru,2,CITRO-IS14,1011
583,1996-11-03,parliament,RO12,Centru,2,CRLR,517
584,1996-11-03,parliament,RO12,Centru,2,FCER,454
585,1996-11-03,parliament,RO12,Centru,2,FDGR,9126
586,1996-11-03,parliament,RO12,Centru,2,FITR,291
587,1996-11-03,parliament,RO12,Centru,2,FTSEC,2142
588,1996-11-03,parliament,RO12,Centru,2,PCER,3596
589,1996-11-03,parliament,RO12,Centru,2,PDSR,147113
590,1996-11-03,parliament,RO12,Centru,2,PFNDP,2291
591,1996-11-03,parliament,RO12,Centru,2,PLDMRO,6472
592,1996-11-03,parliament,RO12,Centru,2,PLR,3956
593,1996-11-03,parliament,RO12,Centru,2,PMR,2229
594,1996-11-03,parliament,RO12,Centru,2,PNA,6159
595,1996-11-03,parliament,RO12,Centru,2,PNDC,3368
596,1996-11-03,parliament,RO12,Centru,2,PNRO,4817
597,1996-11-03,parliament,RO12,Centru,2,PNTCD,9513
598,1996-11-03,parliament,RO12,Centru,2,PPDD,3274
599,1996-11-03,parliament,RO12,Centru,2,PPR,12786
600,1996-11-03,parliament,RO12,Centru,2,PPSR,1767
601,1996-11-03,parliament,RO12,Centru,2,PPU,23942
602,1996-11-03,parliament,RO12,Centru,2,PRM,43452
603,1996-11-03,parliament,RO12,Centru,2,PRO,1538
604,1996-11-03,parliament,RO12,Centru,2,PROD,2920
605,1996-11-03,parliament,RO12,Centru,2,PRRO,1388
606,1996-11-03,parliament,RO12,Centru,2,PRROM,519
607,1996-11-03,parliament,RO12,Centru,2,PSM,39746
608,1996-11-03,parliament,RO12,Centru,2,PSMR,11076
609,1996-11-03,parliament,RO12,Centru,2,PTP,683
610,1996-11-03,parliament,RO12,Centru,2,PUNR,139488
611,1996-11-03,parliament,RO12,Centru,2,RO.AS.IT,1900
612,1996-11-03,parliament,RO12,Centru,2,ROMII,9196
613,1996-11-03,parliament,RO12,Centru,2,U-ROMI,18754
614,1996-11-03,parliament,RO12,Centru,2,UCAR,525
615,1996-11-03,parliament,RO12,Centru,2,UDC,1726
616,1996-11-03,parliament,RO12,Centru,2,UDMR,453241
617,1996-11-03,parliament,RO12,Centru,2,USD,181239
618,1996-11-03,parliament,RO21,Nord-Est,0,eligible_voters,2814254
619,1996-11-03,parliament,RO21,Nord-Est,1,issued_ballots,2137035
620,1996-11-03,parliament,RO21,Nord-Est,2,ANL,50556
621,1996-11-03,parliament,RO21,Nord-Est,2,ANLE,16062
622,1996-11-03,parliament,RO21,Nord-Est,2,CDR,487223
623,1996-11-03,parliament,RO21,Nord-Est,2,CERR,256
624,1996-11-03,parliament,RO21,Nord-Est,2,CITRO-IS14,1311
625,1996-11-03,parliament,RO21,Nord-Est,2,CRLR,2521
626,1996-11-03,parliament,RO21,Nord-Est,2,FCER,3745
627,1996-11-03,parliament,RO21,Nord-Est,2,FDGR,861
628,1996-11-03,parliament,RO21,Nord-Est,2,PCER,4842
629,1996-11-03,parliament,RO21,Nord-Est,2,PDSR,603202
630,1996-11-03,parliament,RO21,Nord-Est,2,PFNDP,7747
631,1996-11-03,parliament,RO21,Nord-Est,2,PLR,7470
632,1996-11-03,parliament,RO21,Nord-Est,2,PMR,4695
633,1996-11-03,parliament,RO21,Nord-Est,2,PNA,8286
634,1996-11-03,parliament,RO21,Nord-Est,2,PNDC,19681
635,1996-11-03,parliament,RO21,Nord-Est,2,PNRO,5715
636,1996-11-03,parliament,RO21,Nord-Est,2,PNTCD,15904
637,1996-11-03,parliament,RO21,Nord-Est,2,PO,1302
638,1996-11-03,parliament,RO21,Nord-Est,2,PPDD,3784
639,1996-11-03,parliament,RO21,Nord-Est,2,PPR,24759
640,1996-11-03,parliament,RO21,Nord-Est,2,PPSR,2090
641,1996-11-03,parliament,RO21,Nord-Est,2,PPU,35575
642,1996-11-03,parliament,RO21,Nord-Est,2,PRM,118378
643,1996-11-03,parliament,RO21,Nord-Est,2,PRO,4174
644,1996-11-03,parliament,RO21,Nord-Est,2,PROD,4905
645,1996-11-03,parliament,RO21,Nord-Est,2,PSM,94942
646,1996-11-03,parliament,RO21,Nord-Est,2,PSMR,67093
647,1996-11-03,parliament,RO21,Nord-Est,2,PSR,1249
648,1996-11-03,parliament,RO21,Nord-Est,2,PTP,3326
649,1996-11-03,parliament,RO21,Nord-Est,2,PUNR,39555
650,1996-11-03,parliament,RO21,Nord-Est,2,RO.AS.IT,2210
651,1996-11-03,parliament,RO21,Nord-Est,2,ROMII,15628
652,1996-11-03,parliament,RO21,Nord-Est,2,U-ELENA,3355
653,1996-11-03,parliament,RO21,Nord-Est,2,U-HUTULE,646
654,1996-11-03,parliament,RO21,Nord-Est,2,U-ROMI,4004
655,1996-11-03,parliament,RO21,Nord-Est,2,U-UCRAINIENI,3005
656,1996-11-03,parliament,RO21,Nord-Est,2,UAR,4752
657,1996-11-03,parliament,RO21,Nord-Est,2,UCAR,1440
658,1996-11-03,parliament,RO21,Nord-Est,2,UDC,6044
659,1996-11-03,parliament,RO21,Nord-Est,2,UDMR,5154
660,1996-11-03,parliament,RO21,Nord-Est,2,UDUR,976
661,1996-11-03,parliament,RO21,Nord-Est,2,USD,267918
662,1996-11-03,parliament,RO22,Sud-Est,0,eligible_voters,2238491
663,1996-11-03,parliament,RO22,Sud-Est,1,issued_ballots,1720968
664,1996-11-03,parliament,RO22,Sud-Est,2,ANL,17606
665,1996-11-03,parliament,RO22,Sud-Est,2,ANLE,9366
666,1996-11-03,parliament,RO22,Sud-Est,2,BRATSVO,1382
667,1996-11-03,parliament,RO22,Sud-Est,2,CDR,485046
668,1996-11-03,parliament,RO22,Sud-Est,2,CERR,755
669,1996-11-03,parliament,RO22,Sud-Est,2,CIG,791
670,1996-11-03,parliament,RO22,Sud-Est,2,CITRO-IS14,2657
671,1996-11-03,parliament,RO22,Sud-Est,2,CRLR,7619
672,1996-11-03,parliament,RO22,Sud-Est,2,FCER,404
673,1996-11-03,parliament,RO22,Sud-Est,2,FITR,590
674,1996-11-03,parliament,RO22,Sud-Est,2,OVI,311
675,1996-11-03,parliament,RO22,Sud-Est,2,PCER,5885
676,1996-11-03,parliament,RO22,Sud-Est,2,PDSR,435908
677,1996-11-03,parliament,RO22,Sud-Est,2,PFNDP,1748
678,1996-11-03,parliament,RO22,Sud-Est,2,PLC,1425
679,1996-11-03,parliament,RO22,Sud-Est,2,PLDMRO,111
680,1996-11-03,parliament,RO22,Sud-Est,2,PLR,3575
681,1996-11-03,parliament,RO22,Sud-Est,2,PMR,9817
682,1996-11-03,parliament,RO22,Sud-Est,2,PNA,6626
683,1996-11-03,parliament,RO22,Sud-Est,2,PNDC,10024
684,1996-11-03,parliament,RO22,Sud-Est,2,PNRO,4745
685,1996-11-03,parliament,RO22,Sud-Est,2,PNTCD,8540
686,1996-11-03,parliament,RO22,Sud-Est,2,PPDD,2294
687,1996-11-03,parliament,RO22,Sud-Est,2,PPR,26280
688,1996-11-03,parliament,RO22,Sud-Est,2,PPSR,2448
689,1996-11-03,parliament,RO22,Sud-Est,2,PPU,34276
690,1996-11-03,parliament,RO22,Sud-Est,2,PRM,71003
691,1996-11-03,parliament,RO22,Sud-Est,2,PRO,2288
692,1996-11-03,parliament,RO22,Sud-Est,2,PROD,2399
693,1996-11-03,parliament,RO22,Sud-Est,2,PRRO,3337
694,1996-11-03,parliament,RO22,Sud-Est,2,PRROM,261
695,1996-11-03,parliament,RO22,Sud-Est,2,PSM,95886
696,1996-11-03,parliament,RO22,Sud-Est,2,PSMR,31285
697,1996-11-03,parliament,RO22,Sud-Est,2,PSR,1006
698,1996-11-03,parliament,RO22,Sud-Est,2,PTP,369
699,1996-11-03,parliament,RO22,Sud-Est,2,PUNR,29018
700,1996-11-03,parliament,RO22,Sud-Est,2,RO.AS.IT,661
701,1996-11-03,parliament,RO22,Sud-Est,2,ROMII,13846
702,1996-11-03,parliament,RO22,Sud-Est,2,U-ELENA,2024
703,1996-11-03,parliament,RO22,Sud-Est,2,U-ROMI,7110
704,1996-11-03,parliament,RO22,Sud-Est,2,U-TATARI,5609
705,1996-11-03,parliament,RO22,Sud-Est,2,U-TURCA,4326
706,1996-11-03,parliament,RO22,Sud-Est,2,U-UCRAINIENI,1071
707,1996-11-03,parliament,RO22,Sud-Est,2,UAR,2475
708,1996-11-03,parliament,RO22,Sud-Est,2,UCAR,1346
709,1996-11-03,parliament,RO22,Sud-Est,2,UDC,2327
710,1996-11-03,parliament,RO22,Sud-Est,2,UDMR,3233
711,1996-11-03,parliament,RO22,Sud-Est,2,URCT,640
712,1996-11-03,parliament,RO22,Sud-Est,2,USD,244001
713,1996-11-03,parliament,RO31,Sud-Muntenia,0,eligible_voters,2683410
714,1996-11-03,parliament,RO31,Sud-Muntenia,1,issued_ballots,1974869
715,1996-11-03,parliament,RO31,Sud-Muntenia,2,ANL,20669
716,1996-11-03,parliament,RO31,Sud-Muntenia,2,ANLE,14508
717,1996-11-03,parliament,RO31,Sud-Muntenia,2,BRATSVO,3166
718,1996-11-03,parliament,RO31,Sud-Muntenia,2,CDR,514616
719,1996-11-03,parliament,RO31,Sud-Muntenia,2,CERR,171
720,1996-11-03,parliament,RO31,Sud-Muntenia,2,CIPH,437
721,1996-11-03,parliament,RO31,Sud-Muntenia,2,CIPR,695
722,1996-11-03,parliament,RO31,Sud-Muntenia,2,CITRO-IS14,1291
723,1996-11-03,parliament,RO31,Sud-Muntenia,2,FDGR,775
724,1996-11-03,parliament,RO31,Sud-Muntenia,2,FITR,285
725,1996-11-03,parliament,RO31,Sud-Muntenia,2,PCER,5030
726,1996-11-03,parliament,RO31,Sud-Muntenia,2,PDSR,537269
727,1996-11-03,parliament,RO31,Sud-Muntenia,2,PFNDP,4642
728,1996-11-03,parliament,RO31,Sud-Muntenia,2,PLC,1940
729,1996-11-03,parliament,RO31,Sud-Muntenia,2,PLR,4406
730,1996-11-03,parliament,RO31,Sud-Muntenia,2,PMR,16395
731,1996-11-03,parliament,RO31,Sud-Muntenia,2,PNA,9567
732,1996-11-03,parliament,RO31,Sud-Muntenia,2,PNDC,9895
733,1996-11-03,parliament,RO31,Sud-Muntenia,2,PNRO,3410
734,1996-11-03,parliament,RO31,Sud-Muntenia,2,PNTCD,19087
735,1996-11-03,parliament,RO31,Sud-Muntenia,2,PPDD,3972
736,1996-11-03,parliament,RO31,Sud-Muntenia,2,PPR,21904
737,1996-11-03,parliament,RO31,Sud-Muntenia,2,PPSR,1782
738,1996-11-03,parliament,RO31,Sud-Muntenia,2,PPU,27866
739,1996-11-03,parliament,RO31,Sud-Muntenia,2,PRM,91287
740,1996-11-03,parliament,RO31,Sud-Muntenia,2,PRO,2823
741,1996-11-03,parliament,RO31,Sud-Muntenia,2,PROD,4298
742,1996-11-03,parliament,RO31,Sud-Muntenia,2,PRRO,744
743,1996-11-03,parliament,RO31,Sud-Muntenia,2,PRROM,1976
744,1996-11-03,parliament,RO31,Sud-Muntenia,2,PSM,120638
745,1996-11-03,parliament,RO31,Sud-Muntenia,2,PSMR,35918
746,1996-11-03,parliament,RO31,Sud-Muntenia,2,PSR,2256
747,1996-11-03,parliament,RO31,Sud-Muntenia,2,PTP,2353
748,1996-11-03,parliament,RO31,Sud-Muntenia,2,PUNR,33361
749,1996-11-03,parliament,RO31,Sud-Muntenia,2,RO.AS.IT,2328
750,1996-11-03,parliament,RO31,Sud-Muntenia,2,ROMII,14330
751,1996-11-03,parliament,RO31,Sud-Muntenia,2,U-ELENA,946
752,1996-11-03,parliament,RO31,Sud-Muntenia,2,U-ROMI,11427
753,1996-11-03,parliament,RO31,Sud-Muntenia,2,UAR,1989
754,1996-11-03,parliament,RO31,Sud-Muntenia,2,UCAR,1828
755,1996-11-03,parliament,RO31,Sud-Muntenia,2,UDC,4032
756,1996-11-03,parliament,RO31,Sud-Muntenia,2,UDMR,2752
757,1996-11-03,parliament,RO31,Sud-Muntenia,2,UEPH,1509
758,1996-11-03,parliament,RO31,Sud-Muntenia,2,USD,257914
759,1996-11-03,parliament,RO32,Bucureşti-Ilfov,0,eligible_voters,1870667
760,1996-11-03,parliament,RO32,Bucureşti-Ilfov,1,issued_ballots,1349591
761,1996-11-03,parliament,RO32,Bucureşti-Ilfov,2,ANL,17938
762,1996-11-03,parliament,RO32,Bucureşti-Ilfov,2,ANLE,8620
763,1996-11-03,parliament,RO32,Bucureşti-Ilfov,2,BRATSVO,533
764,1996-11-03,parliament,RO32,Bucureşti-Ilfov,2,CDR,602876
765,1996-11-03,parliament,RO32,Bucureşti-Ilfov,2,CERR,779
766,1996-11-03,parliament,RO32,Bucureşti-Ilfov,2,CITRO-IS14,441
767,1996-11-03,parliament,RO32,Bucureşti-Ilfov,2,CRLR,843
768,1996-11-03,parliament,RO32,Bucureşti-Ilfov,2,FCER,4175
769,1996-11-03,parliament,RO32,Bucureşti-Ilfov,2,FDGR,1130
770,1996-11-03,parliament,RO32,Bucureşti-Ilfov,2,PCER,2002
771,1996-11-03,parliament,RO32,Bucureşti-Ilfov,2,PDSR,217220
772,1996-11-03,parliament,RO32,Bucureşti-Ilfov,2,PFNDP,1376
773,1996-11-03,parliament,RO32,Bucureşti-Ilfov,2,PLC,3259
774,1996-11-03,parliament,RO32,Bucureşti-Ilfov,2,PLR,1295
775,1996-11-03,parliament,RO32,Bucureşti-Ilfov,2,PMR,3027
776,1996-11-03,parliament,RO32,Bucureşti-Ilfov,2,PNA,6241
777,1996-11-03,parliament,RO32,Bucureşti-Ilfov,2,PNDC,4009
778,1996-11-03,parliament,RO32,Bucureşti-Ilfov,2,PNRO,1353
779,1996-11-03,parliament,RO32,Bucureşti-Ilfov,2,PNTCD,19384
780,1996-11-03,parliament,RO32,Bucureşti-Ilfov,2,PO,489
781,1996-11-03,parliament,RO32,Bucureşti-Ilfov,2,PPDD,1037
782,1996-11-03,parliament,RO32,Bucureşti-Ilfov,2,PPR,24082
783,1996-11-03,parliament,RO32,Bucureşti-Ilfov,2,PPSR,2195
784,1996-11-03,parliament,RO32,Bucureşti-Ilfov,2,PPU,7637
785,1996-11-03,parliament,RO32,Bucureşti-Ilfov,2,PRM,68546
786,1996-11-03,parliament,RO32,Bucureşti-Ilfov,2,PRO,1561
787,1996-11-03,parliament,RO32,Bucureşti-Ilfov,2,PROD,1697
788,1996-11-03,parliament,RO32,Bucureşti-Ilfov,2,PRRO,1225
789,1996-11-03,parliament,RO32,Bucureşti-Ilfov,2,PRROM,1308
790,1996-11-03,parliament,RO32,Bucureşti-Ilfov,2,PSM,63506
791,1996-11-03,parliament,RO32,Bucureşti-Ilfov,2,PSMR,17797
792,1996-11-03,parliament,RO32,Bucureşti-Ilfov,2,PSR,2107
793,1996-11-03,parliament,RO32,Bucureşti-Ilfov,2,PTP,2364
794,1996-11-03,parliament,RO32,Bucureşti-Ilfov,2,PUNR,25127
795,1996-11-03,parliament,RO32,Bucureşti-Ilfov,2,RO.AS.IT,1226
796,1996-11-03,parliament,RO32,Bucureşti-Ilfov,2,ROMII,7663
797,1996-11-03,parliament,RO32,Bucureşti-Ilfov,2,U-ELENA,1396
798,1996-11-03,parliament,RO32,Bucureşti-Ilfov,2,U-ROMI,5383
799,1996-11-03,parliament,RO32,Bucureşti-Ilfov,2,U-TATARI,602
800,1996-11-03,parliament,RO32,Bucureşti-Ilfov,2,U-UCRAINIENI,285
801,1996-11-03,parliament,RO32,Bucureşti-Ilfov,2,UAR,1951
802,1996-11-03,parliament,RO32,Bucureşti-Ilfov,2,UBBR,861
803,1996-11-03,parliament,RO32,Bucureşti-Ilfov,2,UCAR,1035
804,1996-11-03,parliament,RO32,Bucureşti-Ilfov,2,UDC,2671
805,1996-11-03,parliament,RO32,Bucureşti-Ilfov,2,UDMR,3459
806,1996-11-03,parliament,RO32,Bucureşti-Ilfov,2,USD,155911
807,1996-11-03,parliament,RO41,Sud-Vest Oltenia,0,eligible_voters,1840949
808,1996-11-03,parliament,RO41,Sud-Vest Oltenia,1,issued_ballots,1299879
809,1996-11-03,parliament,RO41,Sud-Vest Oltenia,2,ANL,18478
810,1996-11-03,parliament,RO41,Sud-Vest Oltenia,2,ANLE,9535
811,1996-11-03,parliament,RO41,Sud-Vest Oltenia,2,BRATSVO,236
812,1996-11-03,parliament,RO41,Sud-Vest Oltenia,2,CDR,354456
813,1996-11-03,parliament,RO41,Sud-Vest Oltenia,2,CERR,650
814,1996-11-03,parliament,RO41,Sud-Vest Oltenia,2,FITR,545
815,1996-11-03,parliament,RO41,Sud-Vest Oltenia,2,PCER,2299
816,1996-11-03,parliament,RO41,Sud-Vest Oltenia,2,PDSR,327579
817,1996-11-03,parliament,RO41,Sud-Vest Oltenia,2,PFNDP,3110
818,1996-11-03,parliament,RO41,Sud-Vest Oltenia,2,PLC,2002
819,1996-11-03,parliament,RO41,Sud-Vest Oltenia,2,PLDMRO,164
820,1996-11-03,parliament,RO41,Sud-Vest Oltenia,2,PLR,2653
821,1996-11-03,parliament,RO41,Sud-Vest Oltenia,2,PMR,9248
822,1996-11-03,parliament,RO41,Sud-Vest Oltenia,2,PNA,4040
823,1996-11-03,parliament,RO41,Sud-Vest Oltenia,2,PNDC,3880
824,1996-11-03,parliament,RO41,Sud-Vest Oltenia,2,PNRO,8431
825,1996-11-03,parliament,RO41,Sud-Vest Oltenia,2,PNTCD,8646
826,1996-11-03,parliament,RO41,Sud-Vest Oltenia,2,PPDD,1253
827,1996-11-03,parliament,RO41,Sud-Vest Oltenia,2,PPR,18192
828,1996-11-03,parliament,RO41,Sud-Vest Oltenia,2,PPSR,2416
829,1996-11-03,parliament,RO41,Sud-Vest Oltenia,2,PPU,27506
830,1996-11-03,parliament,RO41,Sud-Vest Oltenia,2,PRM,58992
831,1996-11-03,parliament,RO41,Sud-Vest Oltenia,2,PRO,2107
832,1996-11-03,parliament,RO41,Sud-Vest Oltenia,2,PROD,4221
833,1996-11-03,parliament,RO41,Sud-Vest Oltenia,2,PRRO,522
834,1996-11-03,parliament,RO41,Sud-Vest Oltenia,2,PRROM,429
835,1996-11-03,parliament,RO41,Sud-Vest Oltenia,2,PSM,109174
836,1996-11-03,parliament,RO41,Sud-Vest Oltenia,2,PSMR,20144
837,1996-11-03,parliament,RO41,Sud-Vest Oltenia,2,PSR,2389
838,1996-11-03,parliament,RO41,Sud-Vest Oltenia,2,PTP,1881
839,1996-11-03,parliament,RO41,Sud-Vest Oltenia,2,PUNR,19175
840,1996-11-03,parliament,RO41,Sud-Vest Oltenia,2,ROMII,6704
841,1996-11-03,parliament,RO41,Sud-Vest Oltenia,2,U-CROATI,60
842,1996-11-03,parliament,RO41,Sud-Vest Oltenia,2,U-ELENA,611
843,1996-11-03,parliament,RO41,Sud-Vest Oltenia,2,U-ROMI,7808
844,1996-11-03,parliament,RO41,Sud-Vest Oltenia,2,U-SARBI,886
845,1996-11-03,parliament,RO41,Sud-Vest Oltenia,2,U-SLOVACI,630
846,1996-11-03,parliament,RO41,Sud-Vest Oltenia,2,UBBR,340
847,1996-11-03,parliament,RO41,Sud-Vest Oltenia,2,UCAR,2297
848,1996-11-03,parliament,RO41,Sud-Vest Oltenia,2,UDC,1159
849,1996-11-03,parliament,RO41,Sud-Vest Oltenia,2,UDMR,2876
850,1996-11-03,parliament,RO41,Sud-Vest Oltenia,2,USD,145086
851,1996-11-03,parliament,RO42,Vest,0,eligible_voters,1585682
852,1996-11-03,parliament,RO42,Vest,1,issued_ballots,1232014
853,1996-11-03,parliament,RO42,Vest,2,ANL,24247
854,1996-11-03,parliament,RO42,Vest,2,ANLE,12065
855,1996-11-03,parliament,RO42,Vest,2,CDR,419943
856,1996-11-03,parliament,RO42,Vest,2,CERR,557
857,1996-11-03,parliament,RO42,Vest,2,CITRO-IS14,1263
858,1996-11-03,parliament,RO42,Vest,2,CRLR,125
859,1996-11-03,parliament,RO42,Vest,2,FCER,1737
860,1996-11-03,parliament,RO42,Vest,2,FDGR,9170
861,1996-11-03,parliament,RO42,Vest,2,PCER,1428
862,1996-11-03,parliament,RO42,Vest,2,PDSR,179233
863,1996-11-03,parliament,RO42,Vest,2,PLC,1232
864,1996-11-03,parliament,RO42,Vest,2,PLDMRO,2555
865,1996-11-03,parliament,RO42,Vest,2,PLR,2397
866,1996-11-03,parliament,RO42,Vest,2,PMR,3658
867,1996-11-03,parliament,RO42,Vest,2,PNA,6028
868,1996-11-03,parliament,RO42,Vest,2,PNDC,5743
869,1996-11-03,parliament,RO42,Vest,2,PNRO,2676
870,1996-11-03,parliament,RO42,Vest,2,PNTCD,7677
871,1996-11-03,parliament,RO42,Vest,2,PPDD,909
872,1996-11-03,parliament,RO42,Vest,2,PPR,24585
873,1996-11-03,parliament,RO42,Vest,2,PPSR,874
874,1996-11-03,parliament,RO42,Vest,2,PPU,54365
875,1996-11-03,parliament,RO42,Vest,2,PRM,41577
876,1996-11-03,parliament,RO42,Vest,2,PRO,711
877,1996-11-03,parliament,RO42,Vest,2,PROD,1879
878,1996-11-03,parliament,RO42,Vest,2,PRROM,1725
879,1996-11-03,parliament,RO42,Vest,2,PSM,64953
880,1996-11-03,parliament,RO42,Vest,2,PSMR,12826
881,1996-11-03,parliament,RO42,Vest,2,PTP,765
882,1996-11-03,parliament,RO42,Vest,2,PUNR,46454
883,1996-11-03,parliament,RO42,Vest,2,RO.AS.IT,480
884,1996-11-03,parliament,RO42,Vest,2,ROMII,5772
885,1996-11-03,parliament,RO42,Vest,2,U-CROATI,426
886,1996-11-03,parliament,RO42,Vest,2,U-ROMI,4471
887,1996-11-03,parliament,RO42,Vest,2,U-SARBI,5965
888,1996-11-03,parliament,RO42,Vest,2,U-SLOVACI,2381
889,1996-11-03,parliament,RO42,Vest,2,U-UCRAINIENI,1264
890,1996-11-03,parliament,RO42,Vest,2,UBBR,2844
891,1996-11-03,parliament,RO42,Vest,2,UDC,1065
892,1996-11-03,parliament,RO42,Vest,2,UDMR,55241
893,1996-11-03,parliament,RO42,Vest,2,USD,155186
894,1996-11-03,president_a,RO11,Nord-Vest,0,eligible_voters,2192168
895,1996-11-03,president_a,RO11,Nord-Vest,1,issued_ballots,1660780
896,1996-11-03,president_a,RO11,Nord-Vest,2,ADRIAN PAUNESCU,7840
897,1996-11-03,president_a,RO11,Nord-Vest,2,CONSTANTIN MUDAVA,5091
898,1996-11-03,president_a,RO11,Nord-Vest,2,CONSTANTIN NICULESCU,4457
899,1996-11-03,president_a,RO11,Nord-Vest,2,CORNELIU VADIM TUDOR,56666
900,1996-11-03,president_a,RO11,Nord-Vest,2,EMIL CONSTANTINESCU,465752
901,1996-11-03,president_a,RO11,Nord-Vest,2,GEORGE MUNTEAN,7218
902,1996-11-03,president_a,RO11,Nord-Vest,2,GHEORGHE FUNAR,143412
903,1996-11-03,president_a,RO11,Nord-Vest,2,GYORGY FRUNDA,251883
904,1996-11-03,president_a,RO11,Nord-Vest,2,IOAN POP DE POPA,6200
905,1996-11-03,president_a,RO11,Nord-Vest,2,ION ILIESCU,319408
906,1996-11-03,president_a,RO11,Nord-Vest,2,NICOLAE MANOLESCU,9571
907,1996-11-03,president_a,RO11,Nord-Vest,2,NICOLAE MILITARU,4116
908,1996-11-03,president_a,RO11,Nord-Vest,2,NUTU ANGHELINA,4901
909,1996-11-03,president_a,RO11,Nord-Vest,2,PETRE ROMAN,306661
910,1996-11-03,president_a,RO11,Nord-Vest,2,RADU CAMPEANU,5289
911,1996-11-03,president_a,RO11,Nord-Vest,2,TUDOR MOHORA,11127
912,1996-11-03,president_a,RO12,Centru,0,eligible_voters,1993033
913,1996-11-03,president_a,RO12,Centru,1,issued_ballots,1640894
914,1996-11-03,president_a,RO12,Centru,2,ADRIAN PAUNESCU,5496
915,1996-11-03,president_a,RO12,Centru,2,CONSTANTIN MUDAVA,2747
916,1996-11-03,president_a,RO12,Centru,2,CONSTANTIN NICULESCU,3741
917,1996-11-03,president_a,RO12,Centru,2,CORNELIU VADIM TUDOR,46785
918,1996-11-03,president_a,RO12,Centru,2,EMIL CONSTANTINESCU,386377
919,1996-11-03,president_a,RO12,Centru,2,GEORGE MUNTEAN,5307
920,1996-11-03,president_a,RO12,Centru,2,GHEORGHE FUNAR,98607
921,1996-11-03,president_a,RO12,Centru,2,GYORGY FRUNDA,444912
922,1996-11-03,president_a,RO12,Centru,2,IOAN POP DE POPA,5589
923,1996-11-03,president_a,RO12,Centru,2,ION ILIESCU,243576
924,1996-11-03,president_a,RO12,Centru,2,NICOLAE MANOLESCU,8629
925,1996-11-03,president_a,RO12,Centru,2,NICOLAE MILITARU,3870
926,1996-11-03,president_a,RO12,Centru,2,NUTU ANGHELINA,3954
927,1996-11-03,president_a,RO12,Centru,2,PETRE ROMAN,320365
928,1996-11-03,president_a,RO12,Centru,2,RADU CAMPEANU,4719
929,1996-11-03,president_a,RO12,Centru,2,TUDOR MOHORA,10395
930,1996-11-03,president_a,RO21,Nord-Est,0,eligible_voters,2814254
931,1996-11-03,president_a,RO21,Nord-Est,1,issued_ballots,2137035
932,1996-11-03,president_a,RO21,Nord-Est,2,ADRIAN PAUNESCU,12375
933,1996-11-03,president_a,RO21,Nord-Est,2,CONSTANTIN MUDAVA,7035
934,1996-11-03,president_a,RO21,Nord-Est,2,CONSTANTIN NICULESCU,5263
935,1996-11-03,president_a,RO21,Nord-Est,2,CORNELIU VADIM TUDOR,132350
936,1996-11-03,president_a,RO21,Nord-Est,2,EMIL CONSTANTINESCU,453619
937,1996-11-03,president_a,RO21,Nord-Est,2,GEORGE MUNTEAN,8326
938,1996-11-03,president_a,RO21,Nord-Est,2,GHEORGHE FUNAR,34438
939,1996-11-03,president_a,RO21,Nord-Est,2,GYORGY FRUNDA,4308
940,1996-11-03,president_a,RO21,Nord-Est,2,IOAN POP DE POPA,9096
941,1996-11-03,president_a,RO21,Nord-Est,2,ION ILIESCU,899232
942,1996-11-03,president_a,RO21,Nord-Est,2,NICOLAE MANOLESCU,18990
943,1996-11-03,president_a,RO21,Nord-Est,2,NICOLAE MILITARU,5137
944,1996-11-03,president_a,RO21,Nord-Est,2,NUTU ANGHELINA,10767
945,1996-11-03,president_a,RO21,Nord-Est,2,PETRE ROMAN,423091
946,1996-11-03,president_a,RO21,Nord-Est,2,RADU CAMPEANU,7904
947,1996-11-03,president_a,RO21,Nord-Est,2,TUDOR MOHORA,21141
948,1996-11-03,president_a,RO22,Sud-Est,0,eligible_voters,2238491
949,1996-11-03,president_a,RO22,Sud-Est,1,issued_ballots,1720968
950,1996-11-03,president_a,RO22,Sud-Est,2,ADRIAN PAUNESCU,13706
951,1996-11-03,president_a,RO22,Sud-Est,2,CONSTANTIN MUDAVA,6233
952,1996-11-03,president_a,RO22,Sud-Est,2,CONSTANTIN NICULESCU,3848
953,1996-11-03,president_a,RO22,Sud-Est,2,CORNELIU VADIM TUDOR,87363
954,1996-11-03,president_a,RO22,Sud-Est,2,EMIL CONSTANTINESCU,452959
955,1996-11-03,president_a,RO22,Sud-Est,2,GEORGE MUNTEAN,7560
956,1996-11-03,president_a,RO22,Sud-Est,2,GHEORGHE FUNAR,25950
957,1996-11-03,president_a,RO22,Sud-Est,2,GYORGY FRUNDA,3046
958,1996-11-03,president_a,RO22,Sud-Est,2,IOAN POP DE POPA,8244
959,1996-11-03,president_a,RO22,Sud-Est,2,ION ILIESCU,647071
960,1996-11-03,president_a,RO22,Sud-Est,2,NICOLAE MANOLESCU,10943
961,1996-11-03,president_a,RO22,Sud-Est,2,NICOLAE MILITARU,3903
962,1996-11-03,president_a,RO22,Sud-Est,2,NUTU ANGHELINA,6213
963,1996-11-03,president_a,RO22,Sud-Est,2,PETRE ROMAN,350828
964,1996-11-03,president_a,RO22,Sud-Est,2,RADU CAMPEANU,5628
965,1996-11-03,president_a,RO22,Sud-Est,2,TUDOR MOHORA,26186
966,1996-11-03,president_a,RO31,Sud-Muntenia,0,eligible_voters,2683410
967,1996-11-03,president_a,RO31,Sud-Muntenia,1,issued_ballots,1974869
968,1996-11-03,president_a,RO31,Sud-Muntenia,2,ADRIAN PAUNESCU,13557
969,1996-11-03,president_a,RO31,Sud-Muntenia,2,CONSTANTIN MUDAVA,6174
970,1996-11-03,president_a,RO31,Sud-Muntenia,2,CONSTANTIN NICULESCU,4545
971,1996-11-03,president_a,RO31,Sud-Muntenia,2,CORNELIU VADIM TUDOR,95121
972,1996-11-03,president_a,RO31,Sud-Muntenia,2,EMIL CONSTANTINESCU,468710
973,1996-11-03,president_a,RO31,Sud-Muntenia,2,GEORGE MUNTEAN,8337
974,1996-11-03,president_a,RO31,Sud-Muntenia,2,GHEORGHE FUNAR,27559
975,1996-11-03,president_a,RO31,Sud-Muntenia,2,GYORGY FRUNDA,3001
976,1996-11-03,president_a,RO31,Sud-Muntenia,2,IOAN POP DE POPA,8891
977,1996-11-03,president_a,RO31,Sud-Muntenia,2,ION ILIESCU,766868
978,1996-11-03,president_a,RO31,Sud-Muntenia,2,NICOLAE MANOLESCU,13006
979,1996-11-03,president_a,RO31,Sud-Muntenia,2,NICOLAE MILITARU,4460
980,1996-11-03,president_a,RO31,Sud-Muntenia,2,NUTU ANGHELINA,6696
981,1996-11-03,president_a,RO31,Sud-Muntenia,2,PETRE ROMAN,422465
982,1996-11-03,president_a,RO31,Sud-Muntenia,2,RADU CAMPEANU,7011
983,1996-11-03,president_a,RO31,Sud-Muntenia,2,TUDOR MOHORA,36754
984,1996-11-03,president_a,RO32,Bucureşti-Ilfov,0,eligible_voters,1870667
985,1996-11-03,president_a,RO32,Bucureşti-Ilfov,1,issued_ballots,1349591
986,1996-11-03,president_a,RO32,Bucureşti-Ilfov,2,ADRIAN PAUNESCU,8461
987,1996-11-03,president_a,RO32,Bucureşti-Ilfov,2,CONSTANTIN MUDAVA,3760
988,1996-11-03,president_a,RO32,Bucureşti-Ilfov,2,CONSTANTIN NICULESCU,2228
989,1996-11-03,president_a,RO32,Bucureşti-Ilfov,2,CORNELIU VADIM TUDOR,62720
990,1996-11-03,president_a,RO32,Bucureşti-Ilfov,2,EMIL CONSTANTINESCU,557615
991,1996-11-03,president_a,RO32,Bucureşti-Ilfov,2,GEORGE MUNTEAN,4480
992,1996-11-03,president_a,RO32,Bucureşti-Ilfov,2,GHEORGHE FUNAR,19588
993,1996-11-03,president_a,RO32,Bucureşti-Ilfov,2,GYORGY FRUNDA,4205
994,1996-11-03,president_a,RO32,Bucureşti-Ilfov,2,IOAN POP DE POPA,9286
995,1996-11-03,president_a,RO32,Bucureşti-Ilfov,2,ION ILIESCU,358975
996,1996-11-03,president_a,RO32,Bucureşti-Ilfov,2,NICOLAE MANOLESCU,9251
997,1996-11-03,president_a,RO32,Bucureşti-Ilfov,2,NICOLAE MILITARU,1670
998,1996-11-03,president_a,RO32,Bucureşti-Ilfov,2,NUTU ANGHELINA,3191
999,1996-11-03,president_a,RO32,Bucureşti-Ilfov,2,PETRE ROMAN,264672
1000,1996-11-03,president_a,RO32,Bucureşti-Ilfov,2,RADU CAMPEANU,3278
1001,1996-11-03,president_a,RO32,Bucureşti-Ilfov,2,TUDOR MOHORA,14130
1002,1996-11-03,president_a,RO41,Sud-Vest Oltenia,0,eligible_voters,1840949
1003,1996-11-03,president_a,RO41,Sud-Vest Oltenia,1,issued_ballots,1299879
1004,1996-11-03,president_a,RO41,Sud-Vest Oltenia,2,ADRIAN PAUNESCU,17921
1005,1996-11-03,president_a,RO41,Sud-Vest Oltenia,2,CONSTANTIN MUDAVA,5186
1006,1996-11-03,president_a,RO41,Sud-Vest Oltenia,2,CONSTANTIN NICULESCU,2319
1007,1996-11-03,president_a,RO41,Sud-Vest Oltenia,2,CORNELIU VADIM TUDOR,66766
1008,1996-11-03,president_a,RO41,Sud-Vest Oltenia,2,EMIL CONSTANTINESCU,324643
1009,1996-11-03,president_a,RO41,Sud-Vest Oltenia,2,GEORGE MUNTEAN,4809
1010,1996-11-03,president_a,RO41,Sud-Vest Oltenia,2,GHEORGHE FUNAR,17333
1011,1996-11-03,president_a,RO41,Sud-Vest Oltenia,2,GYORGY FRUNDA,2233
1012,1996-11-03,president_a,RO41,Sud-Vest Oltenia,2,IOAN POP DE POPA,5118
1013,1996-11-03,president_a,RO41,Sud-Vest Oltenia,2,ION ILIESCU,536816
1014,1996-11-03,president_a,RO41,Sud-Vest Oltenia,2,NICOLAE MANOLESCU,8167
1015,1996-11-03,president_a,RO41,Sud-Vest Oltenia,2,NICOLAE MILITARU,2733
1016,1996-11-03,president_a,RO41,Sud-Vest Oltenia,2,NUTU ANGHELINA,3609
1017,1996-11-03,president_a,RO41,Sud-Vest Oltenia,2,PETRE ROMAN,215415
1018,1996-11-03,president_a,RO41,Sud-Vest Oltenia,2,RADU CAMPEANU,4794
1019,1996-11-03,president_a,RO41,Sud-Vest Oltenia,2,TUDOR MOHORA,26659
1020,1996-11-03,president_a,RO42,Vest,0,eligible_voters,1585682
1021,1996-11-03,president_a,RO42,Vest,1,issued_ballots,1232014
1022,1996-11-03,president_a,RO42,Vest,2,ADRIAN PAUNESCU,7178
1023,1996-11-03,president_a,RO42,Vest,2,CONSTANTIN MUDAVA,3084
1024,1996-11-03,president_a,RO42,Vest,2,CONSTANTIN NICULESCU,3338
1025,1996-11-03,president_a,RO42,Vest,2,CORNELIU VADIM TUDOR,47092
1026,1996-11-03,president_a,RO42,Vest,2,EMIL CONSTANTINESCU,427092
1027,1996-11-03,president_a,RO42,Vest,2,GEORGE MUNTEAN,8065
1028,1996-11-03,president_a,RO42,Vest,2,GHEORGHE FUNAR,39198
1029,1996-11-03,president_a,RO42,Vest,2,GYORGY FRUNDA,44590
1030,1996-11-03,president_a,RO42,Vest,2,IOAN POP DE POPA,6865
1031,1996-11-03,president_a,RO42,Vest,2,ION ILIESCU,295360
1032,1996-11-03,president_a,RO42,Vest,2,NICOLAE MANOLESCU,10712
1033,1996-11-03,president_a,RO42,Vest,2,NICOLAE MILITARU,2293
1034,1996-11-03,president_a,RO42,Vest,2,NUTU ANGHELINA,3777
1035,1996-11-03,president_a,RO42,Vest,2,PETRE ROMAN,281931
1036,1996-11-03,president_a,RO42,Vest,2,RADU CAMPEANU,4871
1037,1996-11-03,president_a,RO42,Vest,2,TUDOR MOHORA,13556
1038,1996-11-03,president_b,RO11,Nord-Vest,0,eligible_voters,2193511
1039,1996-11-03,president_b,RO11,Nord-Vest,1,issued_ballots,1663286
1040,1996-11-03,president_b,RO11,Nord-Vest,2,EMIL CONSTANTINESCU,1092918
1041,1996-11-03,president_b,RO11,Nord-Vest,2,ION ILIESCU,558861
1042,1996-11-03,president_b,RO12,Centru,0,eligible_voters,1992299
1043,1996-11-03,president_b,RO12,Centru,1,issued_ballots,1636042
1044,1996-11-03,president_b,RO12,Centru,2,EMIL CONSTANTINESCU,1196737
1045,1996-11-03,president_b,RO12,Centru,2,ION ILIESCU,428915
1046,1996-11-03,president_b,RO21,Nord-Est,0,eligible_voters,2817827
1047,1996-11-03,president_b,RO21,Nord-Est,1,issued_ballots,2119358
1048,1996-11-03,president_b,RO21,Nord-Est,2,EMIL CONSTANTINESCU,892824
1049,1996-11-03,president_b,RO21,Nord-Est,2,ION ILIESCU,1204618
1050,1996-11-03,president_b,RO22,Sud-Est,0,eligible_voters,2241415
1051,1996-11-03,president_b,RO22,Sud-Est,1,issued_ballots,1699885
1052,1996-11-03,president_b,RO22,Sud-Est,2,EMIL CONSTANTINESCU,794939
1053,1996-11-03,president_b,RO22,Sud-Est,2,ION ILIESCU,889684
1054,1996-11-03,president_b,RO31,Sud-Muntenia,0,eligible_voters,2683413
1055,1996-11-03,president_b,RO31,Sud-Muntenia,1,issued_ballots,1954503
1056,1996-11-03,president_b,RO31,Sud-Muntenia,2,EMIL CONSTANTINESCU,849811
1057,1996-11-03,president_b,RO31,Sud-Muntenia,2,ION ILIESCU,1086941
1058,1996-11-03,president_b,RO32,Bucureşti-Ilfov,0,eligible_voters,1870659
1059,1996-11-03,president_b,RO32,Bucureşti-Ilfov,1,issued_ballots,1370898
1060,1996-11-03,president_b,RO32,Bucureşti-Ilfov,2,EMIL CONSTANTINESCU,834592
1061,1996-11-03,president_b,RO32,Bucureşti-Ilfov,2,ION ILIESCU,527617
1062,1996-11-03,president_b,RO41,Sud-Vest Oltenia,0,eligible_voters,1841900
1063,1996-11-03,president_b,RO41,Sud-Vest Oltenia,1,issued_ballots,1307546
1064,1996-11-03,president_b,RO41,Sud-Vest Oltenia,2,EMIL CONSTANTINESCU,543752
1065,1996-11-03,president_b,RO41,Sud-Vest Oltenia,2,ION ILIESCU,751494
1066,1996-11-03,president_b,RO42,Vest,0,eligible_voters,1589630
1067,1996-11-03,president_b,RO42,Vest,1,issued_ballots,1242408
1068,1996-11-03,president_b,RO42,Vest,2,EMIL CONSTANTINESCU,787177
1069,1996-11-03,president_b,RO42,Vest,2,ION ILIESCU,447290
1070,2000-11-26,parliament,RO11,Nord-Vest,0,eligible_voters,2237589
1071,2000-11-26,parliament,RO11,Nord-Vest,1,issued_ballots,1412706
1072,2000-11-26,parliament,RO11,Nord-Vest,2,AMSR,1090
1073,2000-11-26,parliament,RO11,Nord-Vest,2,ApR,57907
1074,2000-11-26,parliament,RO11,Nord-Vest,2,C - ROMII,1550
1075,2000-11-26,parliament,RO11,Nord-Vest,2,C ITRO - IS2,3633
1076,2000-11-26,parliament,RO11,Nord-Vest,2,CDR,70266
1077,2000-11-26,parliament,RO11,Nord-Vest,2,ECOLOGISTII,9360
1078,2000-11-26,parliament,RO11,Nord-Vest,2,F - EVREI,1469
1079,2000-11-26,parliament,RO11,Nord-Vest,2,FDGR,4281
1080,2000-11-26,parliament,RO11,Nord-Vest,2,G2K,2439
1081,2000-11-26,parliament,RO11,Nord-Vest,2,LDCR,1329
1082,2000-11-26,parliament,RO11,Nord-Vest,2,P ROMII,10371
1083,2000-11-26,parliament,RO11,Nord-Vest,2,PD,115259
1084,2000-11-26,parliament,RO11,Nord-Vest,2,PDPRD,3047
1085,2000-11-26,parliament,RO11,Nord-Vest,2,PDSR,275611
1086,2000-11-26,parliament,RO11,Nord-Vest,2,PLDR,5839
1087,2000-11-26,parliament,RO11,Nord-Vest,2,PLRSD,4317
1088,2000-11-26,parliament,RO11,Nord-Vest,2,PMP,911
1089,2000-11-26,parliament,RO11,Nord-Vest,2,PMR,4881
1090,2000-11-26,parliament,RO11,Nord-Vest,2,PNDC,5636
1091,2000-11-26,parliament,RO11,Nord-Vest,2,PNG,1324
1092,2000-11-26,parliament,RO11,Nord-Vest,2,PNL,119032
1093,2000-11-26,parliament,RO11,Nord-Vest,2,PNTCD,5705
1094,2000-11-26,parliament,RO11,Nord-Vest,2,PPDD,972
1095,2000-11-26,parliament,RO11,Nord-Vest,2,PPU,31896
1096,2000-11-26,parliament,RO11,Nord-Vest,2,PRM,257591
1097,2000-11-26,parliament,RO11,Nord-Vest,2,PRN,3967
1098,2000-11-26,parliament,RO11,Nord-Vest,2,PRO,1312
1099,2000-11-26,parliament,RO11,Nord-Vest,2,PSAP,8300
1100,2000-11-26,parliament,RO11,Nord-Vest,2,PSDCTP,1263
1101,2000-11-26,parliament,RO11,Nord-Vest,2,PSM,10210
1102,2000-11-26,parliament,RO11,Nord-Vest,2,PSR,171
1103,2000-11-26,parliament,RO11,Nord-Vest,2,PUNR,40413
1104,2000-11-26,parliament,RO11,Nord-Vest,2,PVR,5674
1105,2000-11-26,parliament,RO11,Nord-Vest,2,U - ARMENI,955
1106,2000-11-26,parliament,RO11,Nord-Vest,2,U - CEHI,2242
1107,2000-11-26,parliament,RO11,Nord-Vest,2,U - CROATI,960
1108,2000-11-26,parliament,RO11,Nord-Vest,2,U - ELENA,1358
1109,2000-11-26,parliament,RO11,Nord-Vest,2,U - POLONEZI,407
1110,2000-11-26,parliament,RO11,Nord-Vest,2,U - RUTENI,1375
1111,2000-11-26,parliament,RO11,Nord-Vest,2,U - UCRAINENI,3516
1112,2000-11-26,parliament,RO11,Nord-Vest,2,U D - UCRAINENI,2013
1113,2000-11-26,parliament,RO11,Nord-Vest,2,UBBR,3208
1114,2000-11-26,parliament,RO11,Nord-Vest,2,UCAR,688
1115,2000-11-26,parliament,RO11,Nord-Vest,2,UDMR,255066
1116,2000-11-26,parliament,RO12,Centru,0,eligible_voters,2073736
1117,2000-11-26,parliament,RO12,Centru,1,issued_ballots,1428844
1118,2000-11-26,parliament,RO12,Centru,2,ApR,58192
1119,2000-11-26,parliament,RO12,Centru,2,BRATSTVO,94
1120,2000-11-26,parliament,RO12,Centru,2,C - ROMII,6021
1121,2000-11-26,parliament,RO12,Centru,2,C ELENA PH,204
1122,2000-11-26,parliament,RO12,Centru,2,C ITRO - IS2,2770
1123,2000-11-26,parliament,RO12,Centru,2,C LIPOVENI,128
1124,2000-11-26,parliament,RO12,Centru,2,CDR,56790
1125,2000-11-26,parliament,RO12,Centru,2,ECOLOGISTII,15898
1126,2000-11-26,parliament,RO12,Centru,2,F - EVREI,1390
1127,2000-11-26,parliament,RO12,Centru,2,FDGR,24016
1128,2000-11-26,parliament,RO12,Centru,2,G2K,750
1129,2000-11-26,parliament,RO12,Centru,2,L C- ITALIENI,904
1130,2000-11-26,parliament,RO12,Centru,2,P ROMII,12899
1131,2000-11-26,parliament,RO12,Centru,2,PD,58646
1132,2000-11-26,parliament,RO12,Centru,2,PDPRD,1944
1133,2000-11-26,parliament,RO12,Centru,2,PDSR,255787
1134,2000-11-26,parliament,RO12,Centru,2,PLDMRO,378
1135,2000-11-26,parliament,RO12,Centru,2,PLDR,5267
1136,2000-11-26,parliament,RO12,Centru,2,PLRSD,4174
1137,2000-11-26,parliament,RO12,Centru,2,PMP,1570
1138,2000-11-26,parliament,RO12,Centru,2,PMR,5879
1139,2000-11-26,parliament,RO12,Centru,2,PNDC,5364
1140,2000-11-26,parliament,RO12,Centru,2,PNG,5103
1141,2000-11-26,parliament,RO12,Centru,2,PNL,101104
1142,2000-11-26,parliament,RO12,Centru,2,PNTCD,5163
1143,2000-11-26,parliament,RO12,Centru,2,PO,172
1144,2000-11-26,parliament,RO12,Centru,2,PPDD,3227
1145,2000-11-26,parliament,RO12,Centru,2,PPU,13657
1146,2000-11-26,parliament,RO12,Centru,2,PRM,227373
1147,2000-11-26,parliament,RO12,Centru,2,PRN,3114
1148,2000-11-26,parliament,RO12,Centru,2,PRO,569
1149,2000-11-26,parliament,RO12,Centru,2,PSAP,7733
1150,2000-11-26,parliament,RO12,Centru,2,PSDCTP,1850
1151,2000-11-26,parliament,RO12,Centru,2,PSM,5545
1152,2000-11-26,parliament,RO12,Centru,2,PSR,1969
1153,2000-11-26,parliament,RO12,Centru,2,PUNR,34528
1154,2000-11-26,parliament,RO12,Centru,2,PVR,5508
1155,2000-11-26,parliament,RO12,Centru,2,U - ARMENI,1774
1156,2000-11-26,parliament,RO12,Centru,2,U - CROATI,2746
1157,2000-11-26,parliament,RO12,Centru,2,U - ELENA,665
1158,2000-11-26,parliament,RO12,Centru,2,U - POLONEZI,108
1159,2000-11-26,parliament,RO12,Centru,2,U - RUTENI,935
1160,2000-11-26,parliament,RO12,Centru,2,UBBR,2012
1161,2000-11-26,parliament,RO12,Centru,2,UCAR,484
1162,2000-11-26,parliament,RO12,Centru,2,UDMR,405216
1163,2000-11-26,parliament,RO21,Nord-Est,0,eligible_voters,2925154
1164,2000-11-26,parliament,RO21,Nord-Est,1,issued_ballots,1904885
1165,2000-11-26,parliament,RO21,Nord-Est,2,A - BULGARI,4326
1166,2000-11-26,parliament,RO21,Nord-Est,2,ApR,63520
1167,2000-11-26,parliament,RO21,Nord-Est,2,C - TURCA,260
1168,2000-11-26,parliament,RO21,Nord-Est,2,C ITRO - IS2,3966
1169,2000-11-26,parliament,RO21,Nord-Est,2,C LIPOVENI,2516
1170,2000-11-26,parliament,RO21,Nord-Est,2,C- ELENA IS,2072
1171,2000-11-26,parliament,RO21,Nord-Est,2,CDR,66832
1172,2000-11-26,parliament,RO21,Nord-Est,2,ECOLOGISTII,19810
1173,2000-11-26,parliament,RO21,Nord-Est,2,F - EVREI,2689
1174,2000-11-26,parliament,RO21,Nord-Est,2,FDGR,1257
1175,2000-11-26,parliament,RO21,Nord-Est,2,G2K,821
1176,2000-11-26,parliament,RO21,Nord-Est,2,L C- ITALIENI,638
1177,2000-11-26,parliament,RO21,Nord-Est,2,P ROMII,9853
1178,2000-11-26,parliament,RO21,Nord-Est,2,PD,100310
1179,2000-11-26,parliament,RO21,Nord-Est,2,PDPRD,7683
1180,2000-11-26,parliament,RO21,Nord-Est,2,PDSR,841549
1181,2000-11-26,parliament,RO21,Nord-Est,2,PLDMRO,388
1182,2000-11-26,parliament,RO21,Nord-Est,2,PLDR,10708
1183,2000-11-26,parliament,RO21,Nord-Est,2,PLRSD,6702
1184,2000-11-26,parliament,RO21,Nord-Est,2,PMP,2248
1185,2000-11-26,parliament,RO21,Nord-Est,2,PMR,11891
1186,2000-11-26,parliament,RO21,Nord-Est,2,PNDC,5756
1187,2000-11-26,parliament,RO21,Nord-Est,2,PNG,3175
1188,2000-11-26,parliament,RO21,Nord-Est,2,PNL,129248
1189,2000-11-26,parliament,RO21,Nord-Est,2,PNTCD,7289
1190,2000-11-26,parliament,RO21,Nord-Est,2,PPDD,3640
1191,2000-11-26,parliament,RO21,Nord-Est,2,PPU,31349
1192,2000-11-26,parliament,RO21,Nord-Est,2,PRM,332452
1193,2000-11-26,parliament,RO21,Nord-Est,2,PRN,1517
1194,2000-11-26,parliament,RO21,Nord-Est,2,PRO,3419
1195,2000-11-26,parliament,RO21,Nord-Est,2,PSAP,9857
1196,2000-11-26,parliament,RO21,Nord-Est,2,PSDCTP,2951
1197,2000-11-26,parliament,RO21,Nord-Est,2,PSM,16773
1198,2000-11-26,parliament,RO21,Nord-Est,2,PSR,1806
1199,2000-11-26,parliament,RO21,Nord-Est,2,PUNR,18455
1200,2000-11-26,parliament,RO21,Nord-Est,2,PVR,6813
1201,2000-11-26,parliament,RO21,Nord-Est,2,U - ARMENI,4314
1202,2000-11-26,parliament,RO21,Nord-Est,2,U - ELENA,3124
1203,2000-11-26,parliament,RO21,Nord-Est,2,U - POLONEZI,4130
1204,2000-11-26,parliament,RO21,Nord-Est,2,U - RUTENI,1128
1205,2000-11-26,parliament,RO21,Nord-Est,2,U - UCRAINENI,2348
1206,2000-11-26,parliament,RO21,Nord-Est,2,U D - UCRAINENI,1230
1207,2000-11-26,parliament,RO21,Nord-Est,2,U-HUTULI,1225
1208,2000-11-26,parliament,RO21,Nord-Est,2,UBBR,2359
1209,2000-11-26,parliament,RO21,Nord-Est,2,UCAR,1233
1210,2000-11-26,parliament,RO21,Nord-Est,2,UDC,1109
1211,2000-11-26,parliament,RO21,Nord-Est,2,UDMR,3903
1212,2000-11-26,parliament,RO22,Sud-Est,0,eligible_voters,2317510
1213,2000-11-26,parliament,RO22,Sud-Est,1,issued_ballots,1532093
1214,2000-11-26,parliament,RO22,Sud-Est,2,A - BULGARI,383
1215,2000-11-26,parliament,RO22,Sud-Est,2,ApR,74409
1216,2000-11-26,parliament,RO22,Sud-Est,2,BRATSTVO,948
1217,2000-11-26,parliament,RO22,Sud-Est,2,C - ELPIS CT,449
1218,2000-11-26,parliament,RO22,Sud-Est,2,C - TURCA,1931
1219,2000-11-26,parliament,RO22,Sud-Est,2,C ELENA PH,122
1220,2000-11-26,parliament,RO22,Sud-Est,2,C ITRO - IS2,2039
1221,2000-11-26,parliament,RO22,Sud-Est,2,C LIPOVENI,6962
1222,2000-11-26,parliament,RO22,Sud-Est,2,CDR,52429
1223,2000-11-26,parliament,RO22,Sud-Est,2,ECOLOGISTII,14513
1224,2000-11-26,parliament,RO22,Sud-Est,2,F - EVREI,683
1225,2000-11-26,parliament,RO22,Sud-Est,2,FDGR,407
1226,2000-11-26,parliament,RO22,Sud-Est,2,G2K,1904
1227,2000-11-26,parliament,RO22,Sud-Est,2,L C- ITALIENI,1374
1228,2000-11-26,parliament,RO22,Sud-Est,2,P ROMII,7864
1229,2000-11-26,parliament,RO22,Sud-Est,2,PD,79216
1230,2000-11-26,parliament,RO22,Sud-Est,2,PDPRD,422
1231,2000-11-26,parliament,RO22,Sud-Est,2,PDSR,635110
1232,2000-11-26,parliament,RO22,Sud-Est,2,PLDR,4638
1233,2000-11-26,parliament,RO22,Sud-Est,2,PLRSD,3764
1234,2000-11-26,parliament,RO22,Sud-Est,2,PMP,1201
1235,2000-11-26,parliament,RO22,Sud-Est,2,PMR,11028
1236,2000-11-26,parliament,RO22,Sud-Est,2,PNDC,3715
1237,2000-11-26,parliament,RO22,Sud-Est,2,PNG,2141
1238,2000-11-26,parliament,RO22,Sud-Est,2,PNL,130237
1239,2000-11-26,parliament,RO22,Sud-Est,2,PNTCD,10389
1240,2000-11-26,parliament,RO22,Sud-Est,2,PO,212
1241,2000-11-26,parliament,RO22,Sud-Est,2,PP,401
1242,2000-11-26,parliament,RO22,Sud-Est,2,PPDD,1864
1243,2000-11-26,parliament,RO22,Sud-Est,2,PPU,16876
1244,2000-11-26,parliament,RO22,Sud-Est,2,PRM,276312
1245,2000-11-26,parliament,RO22,Sud-Est,2,PRN,5520
1246,2000-11-26,parliament,RO22,Sud-Est,2,PRO,1935
1247,2000-11-26,parliament,RO22,Sud-Est,2,PSAP,9961
1248,2000-11-26,parliament,RO22,Sud-Est,2,PSDCTP,2521
1249,2000-11-26,parliament,RO22,Sud-Est,2,PSM,12193
1250,2000-11-26,parliament,RO22,Sud-Est,2,PSR,1929
1251,2000-11-26,parliament,RO22,Sud-Est,2,PUNR,8403
1252,2000-11-26,parliament,RO22,Sud-Est,2,PVR,7154
1253,2000-11-26,parliament,RO22,Sud-Est,2,U - ARMENI,6969
1254,2000-11-26,parliament,RO22,Sud-Est,2,U - ELENA,2575
1255,2000-11-26,parliament,RO22,Sud-Est,2,U - POLONEZI,296
1256,2000-11-26,parliament,RO22,Sud-Est,2,U - RUTENI,117
1257,2000-11-26,parliament,RO22,Sud-Est,2,U - TATARI,9954
1258,2000-11-26,parliament,RO22,Sud-Est,2,U - TURCA,4919
1259,2000-11-26,parliament,RO22,Sud-Est,2,U - UCRAINENI,794
1260,2000-11-26,parliament,RO22,Sud-Est,2,U D - UCRAINENI,326
1261,2000-11-26,parliament,RO22,Sud-Est,2,UBBR,1201
1262,2000-11-26,parliament,RO22,Sud-Est,2,UCAR,1363
1263,2000-11-26,parliament,RO22,Sud-Est,2,UDC,571
1264,2000-11-26,parliament,RO22,Sud-Est,2,UDMR,2064
1265,2000-11-26,parliament,RO22,Sud-Est,2,ULB,299
1266,2000-11-26,parliament,RO31,Sud-Muntenia,0,eligible_voters,2723724
1267,2000-11-26,parliament,RO31,Sud-Muntenia,1,issued_ballots,1752911
1268,2000-11-26,parliament,RO31,Sud-Muntenia,2,A - BULGARI,998
1269,2000-11-26,parliament,RO31,Sud-Muntenia,2,ApR,75710
1270,2000-11-26,parliament,RO31,Sud-Muntenia,2,BRATSTVO,2344
1271,2000-11-26,parliament,RO31,Sud-Muntenia,2,C - ROMII,1935
1272,2000-11-26,parliament,RO31,Sud-Muntenia,2,C - TURCA,240
1273,2000-11-26,parliament,RO31,Sud-Muntenia,2,C ELENA PH,1140
1274,2000-11-26,parliament,RO31,Sud-Muntenia,2,C ITRO - IS2,2595
1275,2000-11-26,parliament,RO31,Sud-Muntenia,2,C LIPOVENI,956
1276,2000-11-26,parliament,RO31,Sud-Muntenia,2,CDR,62248
1277,2000-11-26,parliament,RO31,Sud-Muntenia,2,ECOLOGISTII,9131
1278,2000-11-26,parliament,RO31,Sud-Muntenia,2,F - EVREI,827
1279,2000-11-26,parliament,RO31,Sud-Muntenia,2,G2K,2616
1280,2000-11-26,parliament,RO31,Sud-Muntenia,2,L C- ITALIENI,3830
1281,2000-11-26,parliament,RO31,Sud-Muntenia,2,P ROMII,11309
1282,2000-11-26,parliament,RO31,Sud-Muntenia,2,PD,120117
1283,2000-11-26,parliament,RO31,Sud-Muntenia,2,PDPRD,1447
1284,2000-11-26,parliament,RO31,Sud-Muntenia,2,PDSR,755800
1285,2000-11-26,parliament,RO31,Sud-Muntenia,2,PLDR,8524
1286,2000-11-26,parliament,RO31,Sud-Muntenia,2,PLRSD,4835
1287,2000-11-26,parliament,RO31,Sud-Muntenia,2,PMP,776
1288,2000-11-26,parliament,RO31,Sud-Muntenia,2,PMR,13210
1289,2000-11-26,parliament,RO31,Sud-Muntenia,2,PNDC,4658
1290,2000-11-26,parliament,RO31,Sud-Muntenia,2,PNG,3853
1291,2000-11-26,parliament,RO31,Sud-Muntenia,2,PNL,125015
1292,2000-11-26,parliament,RO31,Sud-Muntenia,2,PNTCD,8004
1293,2000-11-26,parliament,RO31,Sud-Muntenia,2,PO,249
1294,2000-11-26,parliament,RO31,Sud-Muntenia,2,PPDD,3896
1295,2000-11-26,parliament,RO31,Sud-Muntenia,2,PPU,15374
1296,2000-11-26,parliament,RO31,Sud-Muntenia,2,PREV,399
1297,2000-11-26,parliament,RO31,Sud-Muntenia,2,PRM,312113
1298,2000-11-26,parliament,RO31,Sud-Muntenia,2,PRN,2352
1299,2000-11-26,parliament,RO31,Sud-Muntenia,2,PRO,612
1300,2000-11-26,parliament,RO31,Sud-Muntenia,2,PSAP,11207
1301,2000-11-26,parliament,RO31,Sud-Muntenia,2,PSDCTP,2785
1302,2000-11-26,parliament,RO31,Sud-Muntenia,2,PSM,12803
1303,2000-11-26,parliament,RO31,Sud-Muntenia,2,PSR,3970
1304,2000-11-26,parliament,RO31,Sud-Muntenia,2,PUNR,11835
1305,2000-11-26,parliament,RO31,Sud-Muntenia,2,PVR,7012
1306,2000-11-26,parliament,RO31,Sud-Muntenia,2,U - ARMENI,3722
1307,2000-11-26,parliament,RO31,Sud-Muntenia,2,U - CROATI,568
1308,2000-11-26,parliament,RO31,Sud-Muntenia,2,U - ELENA,2523
1309,2000-11-26,parliament,RO31,Sud-Muntenia,2,U - RUTENI,1874
1310,2000-11-26,parliament,RO31,Sud-Muntenia,2,U - TURCA,127
1311,2000-11-26,parliament,RO31,Sud-Muntenia,2,UBBR,2986
1312,2000-11-26,parliament,RO31,Sud-Muntenia,2,UCAR,1253
1313,2000-11-26,parliament,RO31,Sud-Muntenia,2,UDC,416
1314,2000-11-26,parliament,RO31,Sud-Muntenia,2,UDMR,2599
1315,2000-11-26,parliament,RO31,Sud-Muntenia,2,ULB,1776
1316,2000-11-26,parliament,RO32,Bucureşti-Ilfov,0,eligible_voters,1918428
1317,2000-11-26,parliament,RO32,Bucureşti-Ilfov,1,issued_ballots,1216200
1318,2000-11-26,parliament,RO32,Bucureşti-Ilfov,2,A - BULGARI,925
1319,2000-11-26,parliament,RO32,Bucureşti-Ilfov,2,AMSR,6195
1320,2000-11-26,parliament,RO32,Bucureşti-Ilfov,2,ApR,22879
1321,2000-11-26,parliament,RO32,Bucureşti-Ilfov,2,C - ROMII,1747
1322,2000-11-26,parliament,RO32,Bucureşti-Ilfov,2,C - TURCA,1019
1323,2000-11-26,parliament,RO32,Bucureşti-Ilfov,2,C ELENA PH,508
1324,2000-11-26,parliament,RO32,Bucureşti-Ilfov,2,C ITRO - IS2,3309
1325,2000-11-26,parliament,RO32,Bucureşti-Ilfov,2,C LIPOVENI,435
1326,2000-11-26,parliament,RO32,Bucureşti-Ilfov,2,CDR,131617
1327,2000-11-26,parliament,RO32,Bucureşti-Ilfov,2,ECOLOGISTII,9473
1328,2000-11-26,parliament,RO32,Bucureşti-Ilfov,2,F - EVREI,2647
1329,2000-11-26,parliament,RO32,Bucureşti-Ilfov,2,FDGR,2096
1330,2000-11-26,parliament,RO32,Bucureşti-Ilfov,2,G2K,1962
1331,2000-11-26,parliament,RO32,Bucureşti-Ilfov,2,L C- ITALIENI,7383
1332,2000-11-26,parliament,RO32,Bucureşti-Ilfov,2,LIR,484
1333,2000-11-26,parliament,RO32,Bucureşti-Ilfov,2,P ROMII,7500
1334,2000-11-26,parliament,RO32,Bucureşti-Ilfov,2,PD,124795
1335,2000-11-26,parliament,RO32,Bucureşti-Ilfov,2,PDPRD,4575
1336,2000-11-26,parliament,RO32,Bucureşti-Ilfov,2,PDSR,404457
1337,2000-11-26,parliament,RO32,Bucureşti-Ilfov,2,PLDMRO,2019
1338,2000-11-26,parliament,RO32,Bucureşti-Ilfov,2,PLDR,4365
1339,2000-11-26,parliament,RO32,Bucureşti-Ilfov,2,PLRSD,2300
1340,2000-11-26,parliament,RO32,Bucureşti-Ilfov,2,PMP,1300
1341,2000-11-26,parliament,RO32,Bucureşti-Ilfov,2,PMR,2322
1342,2000-11-26,parliament,RO32,Bucureşti-Ilfov,2,PNDC,1275
1343,2000-11-26,parliament,RO32,Bucureşti-Ilfov,2,PNG,206
1344,2000-11-26,parliament,RO32,Bucureşti-Ilfov,2,PNL,124315
1345,2000-11-26,parliament,RO32,Bucureşti-Ilfov,2,PNTCD,5985
1346,2000-11-26,parliament,RO32,Bucureşti-Ilfov,2,PO,801
1347,2000-11-26,parliament,RO32,Bucureşti-Ilfov,2,PPDD,1177
1348,2000-11-26,parliament,RO32,Bucureşti-Ilfov,2,PPU,10000
1349,2000-11-26,parliament,RO32,Bucureşti-Ilfov,2,PREV,1189
1350,2000-11-26,parliament,RO32,Bucureşti-Ilfov,2,PRM,224381
1351,2000-11-26,parliament,RO32,Bucureşti-Ilfov,2,PRN,2001
1352,2000-11-26,parliament,RO32,Bucureşti-Ilfov,2,PSAP,11029
1353,2000-11-26,parliament,RO32,Bucureşti-Ilfov,2,PSDCTP,2707
1354,2000-11-26,parliament,RO32,Bucureşti-Ilfov,2,PSM,7871
1355,2000-11-26,parliament,RO32,Bucureşti-Ilfov,2,PSR,1051
1356,2000-11-26,parliament,RO32,Bucureşti-Ilfov,2,PUNR,7616
1357,2000-11-26,parliament,RO32,Bucureşti-Ilfov,2,PUPPD,489
1358,2000-11-26,parliament,RO32,Bucureşti-Ilfov,2,PVR,5984
1359,2000-11-26,parliament,RO32,Bucureşti-Ilfov,2,U - ARMENI,2159
1360,2000-11-26,parliament,RO32,Bucureşti-Ilfov,2,U - CROATI,2077
1361,2000-11-26,parliament,RO32,Bucureşti-Ilfov,2,U - ELENA,1185
1362,2000-11-26,parliament,RO32,Bucureşti-Ilfov,2,U - RUTENI,231
1363,2000-11-26,parliament,RO32,Bucureşti-Ilfov,2,U - TATARI,389
1364,2000-11-26,parliament,RO32,Bucureşti-Ilfov,2,U - TURCA,1585
1365,2000-11-26,parliament,RO32,Bucureşti-Ilfov,2,U - UCRAINENI,512
1366,2000-11-26,parliament,RO32,Bucureşti-Ilfov,2,U D - UCRAINENI,1200
1367,2000-11-26,parliament,RO32,Bucureşti-Ilfov,2,UBBR,1671
1368,2000-11-26,parliament,RO32,Bucureşti-Ilfov,2,UCAR,816
1369,2000-11-26,parliament,RO32,Bucureşti-Ilfov,2,UDC,1149
1370,2000-11-26,parliament,RO32,Bucureşti-Ilfov,2,UDMR,5180
1371,2000-11-26,parliament,RO32,Bucureşti-Ilfov,2,ULB,877
1372,2000-11-26,parliament,RO41,Sud-Vest Oltenia,0,eligible_voters,1869819
1373,2000-11-26,parliament,RO41,Sud-Vest Oltenia,1,issued_ballots,1202174
1374,2000-11-26,parliament,RO41,Sud-Vest Oltenia,2,A - BULGARI,347
1375,2000-11-26,parliament,RO41,Sud-Vest Oltenia,2,ApR,38933
1376,2000-11-26,parliament,RO41,Sud-Vest Oltenia,2,BRATSTVO,1444
1377,2000-11-26,parliament,RO41,Sud-Vest Oltenia,2,C - ROMII,433
1378,2000-11-26,parliament,RO41,Sud-Vest Oltenia,2,C ITRO - IS2,1068
1379,2000-11-26,parliament,RO41,Sud-Vest Oltenia,2,CDR,43443
1380,2000-11-26,parliament,RO41,Sud-Vest Oltenia,2,ECOLOGISTII,7694
1381,2000-11-26,parliament,RO41,Sud-Vest Oltenia,2,F - EVREI,869
1382,2000-11-26,parliament,RO41,Sud-Vest Oltenia,2,G2K,1776
1383,2000-11-26,parliament,RO41,Sud-Vest Oltenia,2,L C- ITALIENI,647
1384,2000-11-26,parliament,RO41,Sud-Vest Oltenia,2,P ROMII,5830
1385,2000-11-26,parliament,RO41,Sud-Vest Oltenia,2,PD,76933
1386,2000-11-26,parliament,RO41,Sud-Vest Oltenia,2,PDPRD,1764
1387,2000-11-26,parliament,RO41,Sud-Vest Oltenia,2,PDSR,522404
1388,2000-11-26,parliament,RO41,Sud-Vest Oltenia,2,PLDR,4543
1389,2000-11-26,parliament,RO41,Sud-Vest Oltenia,2,PLRSD,3189
1390,2000-11-26,parliament,RO41,Sud-Vest Oltenia,2,PMP,1858
1391,2000-11-26,parliament,RO41,Sud-Vest Oltenia,2,PMR,10735
1392,2000-11-26,parliament,RO41,Sud-Vest Oltenia,2,PNDC,1805
1393,2000-11-26,parliament,RO41,Sud-Vest Oltenia,2,PNG,1971
1394,2000-11-26,parliament,RO41,Sud-Vest Oltenia,2,PNL,67848
1395,2000-11-26,parliament,RO41,Sud-Vest Oltenia,2,PNTCD,4476
1396,2000-11-26,parliament,RO41,Sud-Vest Oltenia,2,PO,168
1397,2000-11-26,parliament,RO41,Sud-Vest Oltenia,2,PPDD,877
1398,2000-11-26,parliament,RO41,Sud-Vest Oltenia,2,PPU,6467
1399,2000-11-26,parliament,RO41,Sud-Vest Oltenia,2,PRM,258528
1400,2000-11-26,parliament,RO41,Sud-Vest Oltenia,2,PRO,958
1401,2000-11-26,parliament,RO41,Sud-Vest Oltenia,2,PSAP,7128
1402,2000-11-26,parliament,RO41,Sud-Vest Oltenia,2,PSDCTP,1836
1403,2000-11-26,parliament,RO41,Sud-Vest Oltenia,2,PSM,14947
1404,2000-11-26,parliament,RO41,Sud-Vest Oltenia,2,PSR,996
1405,2000-11-26,parliament,RO41,Sud-Vest Oltenia,2,PUNR,8739
1406,2000-11-26,parliament,RO41,Sud-Vest Oltenia,2,PUPPD,1222
1407,2000-11-26,parliament,RO41,Sud-Vest Oltenia,2,PVR,4018
1408,2000-11-26,parliament,RO41,Sud-Vest Oltenia,2,U - CROATI,561
1409,2000-11-26,parliament,RO41,Sud-Vest Oltenia,2,U - ELENA,2399
1410,2000-11-26,parliament,RO41,Sud-Vest Oltenia,2,U - POLONEZI,114
1411,2000-11-26,parliament,RO41,Sud-Vest Oltenia,2,U - RUTENI,86
1412,2000-11-26,parliament,RO41,Sud-Vest Oltenia,2,U - SARBI,175
1413,2000-11-26,parliament,RO41,Sud-Vest Oltenia,2,U-CEHIR,319
1414,2000-11-26,parliament,RO41,Sud-Vest Oltenia,2,UBBR,1238
1415,2000-11-26,parliament,RO41,Sud-Vest Oltenia,2,UCAR,1203
1416,2000-11-26,parliament,RO41,Sud-Vest Oltenia,2,UDMR,1938
1417,2000-11-26,parliament,RO41,Sud-Vest Oltenia,2,ULB,366
1418,2000-11-26,parliament,RO42,Vest,0,eligible_voters,1633767
1419,2000-11-26,parliament,RO42,Vest,1,issued_ballots,1076476
1420,2000-11-26,parliament,RO42,Vest,2,A - BULGARI,1099
1421,2000-11-26,parliament,RO42,Vest,2,AMSR,1479
1422,2000-11-26,parliament,RO42,Vest,2,ApR,49078
1423,2000-11-26,parliament,RO42,Vest,2,BRATSTVO,1093
1424,2000-11-26,parliament,RO42,Vest,2,C - ROMII,451
1425,2000-11-26,parliament,RO42,Vest,2,C - TURCA,461
1426,2000-11-26,parliament,RO42,Vest,2,C ITRO - IS2,1792
1427,2000-11-26,parliament,RO42,Vest,2,C LIPOVENI,512
1428,2000-11-26,parliament,RO42,Vest,2,CDR,54815
1429,2000-11-26,parliament,RO42,Vest,2,ECOLOGISTII,14830
1430,2000-11-26,parliament,RO42,Vest,2,F - EVREI,1287
1431,2000-11-26,parliament,RO42,Vest,2,FDGR,8614
1432,2000-11-26,parliament,RO42,Vest,2,G2K,1142
1433,2000-11-26,parliament,RO42,Vest,2,L C- ITALIENI,1468
1434,2000-11-26,parliament,RO42,Vest,2,P ROMII,6092
1435,2000-11-26,parliament,RO42,Vest,2,PD,85076
1436,2000-11-26,parliament,RO42,Vest,2,PDSR,273711
1437,2000-11-26,parliament,RO42,Vest,2,PLDMRO,515
1438,2000-11-26,parliament,RO42,Vest,2,PLDR,8424
1439,2000-11-26,parliament,RO42,Vest,2,PLRSD,3409
1440,2000-11-26,parliament,RO42,Vest,2,PMP,645
1441,2000-11-26,parliament,RO42,Vest,2,PMR,8727
1442,2000-11-26,parliament,RO42,Vest,2,PNDC,5063
1443,2000-11-26,parliament,RO42,Vest,2,PNG,1889
1444,2000-11-26,parliament,RO42,Vest,2,PNL,109980
1445,2000-11-26,parliament,RO42,Vest,2,PNTCD,1049
1446,2000-11-26,parliament,RO42,Vest,2,PPDD,1286
1447,2000-11-26,parliament,RO42,Vest,2,PPU,11747
1448,2000-11-26,parliament,RO42,Vest,2,PRM,220209
1449,2000-11-26,parliament,RO42,Vest,2,PRN,3832
1450,2000-11-26,parliament,RO42,Vest,2,PRO,2035
1451,2000-11-26,parliament,RO42,Vest,2,PSAP,11271
1452,2000-11-26,parliament,RO42,Vest,2,PSDCTP,1717
1453,2000-11-26,parliament,RO42,Vest,2,PSM,10525
1454,2000-11-26,parliament,RO42,Vest,2,PUNR,18978
1455,2000-11-26,parliament,RO42,Vest,2,PUPPD,1780
1456,2000-11-26,parliament,RO42,Vest,2,PVR,3840
1457,2000-11-26,parliament,RO42,Vest,2,U - ARMENI,1354
1458,2000-11-26,parliament,RO42,Vest,2,U - CEHI,3444
1459,2000-11-26,parliament,RO42,Vest,2,U - CROATI,4128
1460,2000-11-26,parliament,RO42,Vest,2,U - ELENA,1125
1461,2000-11-26,parliament,RO42,Vest,2,U - RUTENI,1192
1462,2000-11-26,parliament,RO42,Vest,2,U - SARBI,8573
1463,2000-11-26,parliament,RO42,Vest,2,U - UCRAINENI,2208
1464,2000-11-26,parliament,RO42,Vest,2,U D - UCRAINENI,986
1465,2000-11-26,parliament,RO42,Vest,2,U-CEHIR,1220
1466,2000-11-26,parliament,RO42,Vest,2,UBBR,5360
1467,2000-11-26,parliament,RO42,Vest,2,UBPR,497
1468,2000-11-26,parliament,RO42,Vest,2,UCAR,745
1469,2000-11-26,parliament,RO42,Vest,2,UDCR,2059
1470,2000-11-26,parliament,RO42,Vest,2,UDMR,57419
1471,2000-11-26,parliament,RO42,Vest,2,ULB,402
1472,2000-11-26,president_a,RO11,Nord-Vest,0,eligible_voters,2237589
1473,2000-11-26,president_a,RO11,Nord-Vest,1,issued_ballots,1412706
1474,2000-11-26,president_a,RO11,Nord-Vest,2,CONSTANTIN MUGUREL ISARESCU,135177
1475,2000-11-26,president_a,RO11,Nord-Vest,2,CORNELIU VADIM TUDOR,416061
1476,2000-11-26,president_a,RO11,Nord-Vest,2,GHEORGHE EDUARD MANOLE,17967
1477,2000-11-26,president_a,RO11,Nord-Vest,2,GRAZIELA-ELENA BIRLA,7470
1478,2000-11-26,president_a,RO11,Nord-Vest,2,GYORGY FRUNDA,233921
1479,2000-11-26,president_a,RO11,Nord-Vest,2,ION ILIESCU,296729
1480,2000-11-26,president_a,RO11,Nord-Vest,2,ION SASU,4971
1481,2000-11-26,president_a,RO11,Nord-Vest,2,NICULAE CERVENI,4038
1482,2000-11-26,president_a,RO11,Nord-Vest,2,PAUL-PHILIPPE HOHENZOLLERN,8383
1483,2000-11-26,president_a,RO11,Nord-Vest,2,PETRE ROMAN,43486
1484,2000-11-26,president_a,RO11,Nord-Vest,2,TEODOR VIOREL MELESCANU,28024
1485,2000-11-26,president_a,RO11,Nord-Vest,2,THEODOR DUMITRU STOLOJAN,179043
1486,2000-11-26,president_a,RO12,Centru,0,eligible_voters,2073736
1487,2000-11-26,president_a,RO12,Centru,1,issued_ballots,1428844
1488,2000-11-26,president_a,RO12,Centru,2,CONSTANTIN MUGUREL ISARESCU,110693
1489,2000-11-26,president_a,RO12,Centru,2,CORNELIU VADIM TUDOR,360208
1490,2000-11-26,president_a,RO12,Centru,2,GHEORGHE EDUARD MANOLE,17500
1491,2000-11-26,president_a,RO12,Centru,2,GRAZIELA-ELENA BIRLA,7810
1492,2000-11-26,president_a,RO12,Centru,2,GYORGY FRUNDA,392721
1493,2000-11-26,president_a,RO12,Centru,2,ION ILIESCU,242967
1494,2000-11-26,president_a,RO12,Centru,2,ION SASU,3683
1495,2000-11-26,president_a,RO12,Centru,2,NICULAE CERVENI,3285
1496,2000-11-26,president_a,RO12,Centru,2,PAUL-PHILIPPE HOHENZOLLERN,7959
1497,2000-11-26,president_a,RO12,Centru,2,PETRE ROMAN,34038
1498,2000-11-26,president_a,RO12,Centru,2,TEODOR VIOREL MELESCANU,30028
1499,2000-11-26,president_a,RO12,Centru,2,THEODOR DUMITRU STOLOJAN,182254
1500,2000-11-26,president_a,RO21,Nord-Est,0,eligible_voters,2925154
1501,2000-11-26,president_a,RO21,Nord-Est,1,issued_ballots,1904885
1502,2000-11-26,president_a,RO21,Nord-Est,2,CONSTANTIN MUGUREL ISARESCU,143322
1503,2000-11-26,president_a,RO21,Nord-Est,2,CORNELIU VADIM TUDOR,498670
1504,2000-11-26,president_a,RO21,Nord-Est,2,GHEORGHE EDUARD MANOLE,17301
1505,2000-11-26,president_a,RO21,Nord-Est,2,GRAZIELA-ELENA BIRLA,11775
1506,2000-11-26,president_a,RO21,Nord-Est,2,GYORGY FRUNDA,5310
1507,2000-11-26,president_a,RO21,Nord-Est,2,ION ILIESCU,874007
1508,2000-11-26,president_a,RO21,Nord-Est,2,ION SASU,6340
1509,2000-11-26,president_a,RO21,Nord-Est,2,NICULAE CERVENI,5149
1510,2000-11-26,president_a,RO21,Nord-Est,2,PAUL-PHILIPPE HOHENZOLLERN,9122
1511,2000-11-26,president_a,RO21,Nord-Est,2,PETRE ROMAN,48233
1512,2000-11-26,president_a,RO21,Nord-Est,2,TEODOR VIOREL MELESCANU,32599
1513,2000-11-26,president_a,RO21,Nord-Est,2,THEODOR DUMITRU STOLOJAN,185489
1514,2000-11-26,president_a,RO22,Sud-Est,0,eligible_voters,2317510
1515,2000-11-26,president_a,RO22,Sud-Est,1,issued_ballots,1532093
1516,2000-11-26,president_a,RO22,Sud-Est,2,CONSTANTIN MUGUREL ISARESCU,112832
1517,2000-11-26,president_a,RO22,Sud-Est,2,CORNELIU VADIM TUDOR,422985
1518,2000-11-26,president_a,RO22,Sud-Est,2,GHEORGHE EDUARD MANOLE,20093
1519,2000-11-26,president_a,RO22,Sud-Est,2,GRAZIELA-ELENA BIRLA,8526
1520,2000-11-26,president_a,RO22,Sud-Est,2,GYORGY FRUNDA,3282
1521,2000-11-26,president_a,RO22,Sud-Est,2,ION ILIESCU,650288
1522,2000-11-26,president_a,RO22,Sud-Est,2,ION SASU,5466
1523,2000-11-26,president_a,RO22,Sud-Est,2,NICULAE CERVENI,4195
1524,2000-11-26,president_a,RO22,Sud-Est,2,PAUL-PHILIPPE HOHENZOLLERN,6502
1525,2000-11-26,president_a,RO22,Sud-Est,2,PETRE ROMAN,39439
1526,2000-11-26,president_a,RO22,Sud-Est,2,TEODOR VIOREL MELESCANU,29763
1527,2000-11-26,president_a,RO22,Sud-Est,2,THEODOR DUMITRU STOLOJAN,173745
1528,2000-11-26,president_a,RO31,Sud-Muntenia,0,eligible_voters,2723724
1529,2000-11-26,president_a,RO31,Sud-Muntenia,1,issued_ballots,1752911
1530,2000-11-26,president_a,RO31,Sud-Muntenia,2,CONSTANTIN MUGUREL ISARESCU,118322
1531,2000-11-26,president_a,RO31,Sud-Muntenia,2,CORNELIU VADIM TUDOR,477159
1532,2000-11-26,president_a,RO31,Sud-Muntenia,2,GHEORGHE EDUARD MANOLE,16493
1533,2000-11-26,president_a,RO31,Sud-Muntenia,2,GRAZIELA-ELENA BIRLA,9112
1534,2000-11-26,president_a,RO31,Sud-Muntenia,2,GYORGY FRUNDA,4100
1535,2000-11-26,president_a,RO31,Sud-Muntenia,2,ION ILIESCU,794015
1536,2000-11-26,president_a,RO31,Sud-Muntenia,2,ION SASU,6341
1537,2000-11-26,president_a,RO31,Sud-Muntenia,2,NICULAE CERVENI,5231
1538,2000-11-26,president_a,RO31,Sud-Muntenia,2,PAUL-PHILIPPE HOHENZOLLERN,6328
1539,2000-11-26,president_a,RO31,Sud-Muntenia,2,PETRE ROMAN,54619
1540,2000-11-26,president_a,RO31,Sud-Muntenia,2,TEODOR VIOREL MELESCANU,32097
1541,2000-11-26,president_a,RO31,Sud-Muntenia,2,THEODOR DUMITRU STOLOJAN,165328
1542,2000-11-26,president_a,RO32,Bucureşti-Ilfov,0,eligible_voters,1918428
1543,2000-11-26,president_a,RO32,Bucureşti-Ilfov,1,issued_ballots,1216200
1544,2000-11-26,president_a,RO32,Bucureşti-Ilfov,2,CONSTANTIN MUGUREL ISARESCU,233540
1545,2000-11-26,president_a,RO32,Bucureşti-Ilfov,2,CORNELIU VADIM TUDOR,291845
1546,2000-11-26,president_a,RO32,Bucureşti-Ilfov,2,GHEORGHE EDUARD MANOLE,17627
1547,2000-11-26,president_a,RO32,Bucureşti-Ilfov,2,GRAZIELA-ELENA BIRLA,4305
1548,2000-11-26,president_a,RO32,Bucureşti-Ilfov,2,GYORGY FRUNDA,4453
1549,2000-11-26,president_a,RO32,Bucureşti-Ilfov,2,ION ILIESCU,394344
1550,2000-11-26,president_a,RO32,Bucureşti-Ilfov,2,ION SASU,2529
1551,2000-11-26,president_a,RO32,Bucureşti-Ilfov,2,NICULAE CERVENI,3727
1552,2000-11-26,president_a,RO32,Bucureşti-Ilfov,2,PAUL-PHILIPPE HOHENZOLLERN,3415
1553,2000-11-26,president_a,RO32,Bucureşti-Ilfov,2,PETRE ROMAN,45928
1554,2000-11-26,president_a,RO32,Bucureşti-Ilfov,2,TEODOR VIOREL MELESCANU,13627
1555,2000-11-26,president_a,RO32,Bucureşti-Ilfov,2,THEODOR DUMITRU STOLOJAN,182437
1556,2000-11-26,president_a,RO41,Sud-Vest Oltenia,0,eligible_voters,1869819
1557,2000-11-26,president_a,RO41,Sud-Vest Oltenia,1,issued_ballots,1202174
1558,2000-11-26,president_a,RO41,Sud-Vest Oltenia,2,CONSTANTIN MUGUREL ISARESCU,93595
1559,2000-11-26,president_a,RO41,Sud-Vest Oltenia,2,CORNELIU VADIM TUDOR,375633
1560,2000-11-26,president_a,RO41,Sud-Vest Oltenia,2,GHEORGHE EDUARD MANOLE,9119
1561,2000-11-26,president_a,RO41,Sud-Vest Oltenia,2,GRAZIELA-ELENA BIRLA,4670
1562,2000-11-26,president_a,RO41,Sud-Vest Oltenia,2,GYORGY FRUNDA,2435
1563,2000-11-26,president_a,RO41,Sud-Vest Oltenia,2,ION ILIESCU,524427
1564,2000-11-26,president_a,RO41,Sud-Vest Oltenia,2,ION SASU,5495
1565,2000-11-26,president_a,RO41,Sud-Vest Oltenia,2,NICULAE CERVENI,2736
1566,2000-11-26,president_a,RO41,Sud-Vest Oltenia,2,PAUL-PHILIPPE HOHENZOLLERN,4265
1567,2000-11-26,president_a,RO41,Sud-Vest Oltenia,2,PETRE ROMAN,31975
1568,2000-11-26,president_a,RO41,Sud-Vest Oltenia,2,TEODOR VIOREL MELESCANU,17606
1569,2000-11-26,president_a,RO41,Sud-Vest Oltenia,2,THEODOR DUMITRU STOLOJAN,87159
1570,2000-11-26,president_a,RO42,Vest,0,eligible_voters,1633767
1571,2000-11-26,president_a,RO42,Vest,1,issued_ballots,1076476
1572,2000-11-26,president_a,RO42,Vest,2,CONSTANTIN MUGUREL ISARESCU,109217
1573,2000-11-26,president_a,RO42,Vest,2,CORNELIU VADIM TUDOR,332230
1574,2000-11-26,president_a,RO42,Vest,2,GHEORGHE EDUARD MANOLE,17731
1575,2000-11-26,president_a,RO42,Vest,2,GRAZIELA-ELENA BIRLA,7660
1576,2000-11-26,president_a,RO42,Vest,2,GYORGY FRUNDA,47668
1577,2000-11-26,president_a,RO42,Vest,2,ION ILIESCU,295485
1578,2000-11-26,president_a,RO42,Vest,2,ION SASU,3521
1579,2000-11-26,president_a,RO42,Vest,2,NICULAE CERVENI,3527
1580,2000-11-26,president_a,RO42,Vest,2,PAUL-PHILIPPE HOHENZOLLERN,9101
1581,2000-11-26,president_a,RO42,Vest,2,PETRE ROMAN,35843
1582,2000-11-26,president_a,RO42,Vest,2,TEODOR VIOREL MELESCANU,30326
1583,2000-11-26,president_a,RO42,Vest,2,THEODOR DUMITRU STOLOJAN,158896
1584,2000-11-26,president_b,RO11,Nord-Vest,0,eligible_voters,2237648
1585,2000-11-26,president_b,RO11,Nord-Vest,1,issued_ballots,1176616
1586,2000-11-26,president_b,RO11,Nord-Vest,2,CORNELIU VADIM TUDOR,452530
1587,2000-11-26,president_b,RO11,Nord-Vest,2,ION ILIESCU,707940
1588,2000-11-26,president_b,RO12,Centru,0,eligible_voters,2076009
1589,2000-11-26,president_b,RO12,Centru,1,issued_ballots,1162619
1590,2000-11-26,president_b,RO12,Centru,2,CORNELIU VADIM TUDOR,374133
1591,2000-11-26,president_b,RO12,Centru,2,ION ILIESCU,765803
1592,2000-11-26,president_b,RO21,Nord-Est,0,eligible_voters,2923247
1593,2000-11-26,president_b,RO21,Nord-Est,1,issued_ballots,1820622
1594,2000-11-26,president_b,RO21,Nord-Est,2,CORNELIU VADIM TUDOR,545513
1595,2000-11-26,president_b,RO21,Nord-Est,2,ION ILIESCU,1246470
1596,2000-11-26,president_b,RO22,Sud-Est,0,eligible_voters,2320782
1597,2000-11-26,president_b,RO22,Sud-Est,1,issued_ballots,1412707
1598,2000-11-26,president_b,RO22,Sud-Est,2,CORNELIU VADIM TUDOR,442256
1599,2000-11-26,president_b,RO22,Sud-Est,2,ION ILIESCU,949977
1600,2000-11-26,president_b,RO31,Sud-Muntenia,0,eligible_voters,2727978
1601,2000-11-26,president_b,RO31,Sud-Muntenia,1,issued_ballots,1579087
1602,2000-11-26,president_b,RO31,Sud-Muntenia,2,CORNELIU VADIM TUDOR,484518
1603,2000-11-26,president_b,RO31,Sud-Muntenia,2,ION ILIESCU,1071600
1604,2000-11-26,president_b,RO32,Bucureşti-Ilfov,0,eligible_voters,1918612
1605,2000-11-26,president_b,RO32,Bucureşti-Ilfov,1,issued_ballots,1015724
1606,2000-11-26,president_b,RO32,Bucureşti-Ilfov,2,CORNELIU VADIM TUDOR,265898
1607,2000-11-26,president_b,RO32,Bucureşti-Ilfov,2,ION ILIESCU,729303
1608,2000-11-26,president_b,RO41,Sud-Vest Oltenia,0,eligible_voters,1871594
1609,2000-11-26,president_b,RO41,Sud-Vest Oltenia,1,issued_ballots,1100226
1610,2000-11-26,president_b,RO41,Sud-Vest Oltenia,2,CORNELIU VADIM TUDOR,393026
1611,2000-11-26,president_b,RO41,Sud-Vest Oltenia,2,ION ILIESCU,691557
1612,2000-11-26,president_b,RO42,Vest,0,eligible_voters,1635887
1613,2000-11-26,president_b,RO42,Vest,1,issued_ballots,900783
1614,2000-11-26,president_b,RO42,Vest,2,CORNELIU VADIM TUDOR,361591
1615,2000-11-26,president_b,RO42,Vest,2,ION ILIESCU,522810
1616,2004-11-28,parliament,RO11,Nord-Vest,0,eligible_voters,2310381
1617,2004-11-28,parliament,RO11,Nord-Vest,1,issued_ballots,1262560
1618,2004-11-28,parliament,RO11,Nord-Vest,2,A-BULGARI,729
1619,2004-11-28,parliament,RO11,Nord-Vest,2,A-POLONEZI,1212
1620,2004-11-28,parliament,RO11,Nord-Vest,2,A-RROMI,2067
1621,2004-11-28,parliament,RO11,Nord-Vest,2,A-TURCI,341
1622,2004-11-28,parliament,RO11,Nord-Vest,2,AC-MACEDONENI,523
1623,2004-11-28,parliament,RO11,Nord-Vest,2,AD,141
1624,2004-11-28,parliament,RO11,Nord-Vest,2,AMR,1047
1625,2004-11-28,parliament,RO11,Nord-Vest,2,APCD,1048
1626,2004-11-28,parliament,RO11,Nord-Vest,2,AUR,3443
1627,2004-11-28,parliament,RO11,Nord-Vest,2,BRATSTVO,560
1628,2004-11-28,parliament,RO11,Nord-Vest,2,C-ITALIANA,262
1629,2004-11-28,parliament,RO11,Nord-Vest,2,C-RUSI LIPOVENI,290
1630,2004-11-28,parliament,RO11,Nord-Vest,2,D.A. PNL-PD,332834
1631,2004-11-28,parliament,RO11,Nord-Vest,2,F-EVREI,959
1632,2004-11-28,parliament,RO11,Nord-Vest,2,FDGR,2908
1633,2004-11-28,parliament,RO11,Nord-Vest,2,FDR,8301
1634,2004-11-28,parliament,RO11,Nord-Vest,2,PAS,3191
1635,2004-11-28,parliament,RO11,Nord-Vest,2,PER,7524
1636,2004-11-28,parliament,RO11,Nord-Vest,2,PM3,1067
1637,2004-11-28,parliament,RO11,Nord-Vest,2,PMR,974
1638,2004-11-28,parliament,RO11,Nord-Vest,2,PND,2389
1639,2004-11-28,parliament,RO11,Nord-Vest,2,PNDC,1791
1640,2004-11-28,parliament,RO11,Nord-Vest,2,PNG,20391
1641,2004-11-28,parliament,RO11,Nord-Vest,2,PNL-Aripa tânără,402
1642,2004-11-28,parliament,RO11,Nord-Vest,2,PNTCD,29004
1643,2004-11-28,parliament,RO11,Nord-Vest,2,PO,477
1644,2004-11-28,parliament,RO11,Nord-Vest,2,PPP,1734
1645,2004-11-28,parliament,RO11,Nord-Vest,2,PPU,5034
1646,2004-11-28,parliament,RO11,Nord-Vest,2,PRM,149061
1647,2004-11-28,parliament,RO11,Nord-Vest,2,PSD,352291
1648,2004-11-28,parliament,RO11,Nord-Vest,2,PSDCTP,1729
1649,2004-11-28,parliament,RO11,Nord-Vest,2,PSR,1878
1650,2004-11-28,parliament,RO11,Nord-Vest,2,PSU,5053
1651,2004-11-28,parliament,RO11,Nord-Vest,2,PTD,1193
1652,2004-11-28,parliament,RO11,Nord-Vest,2,PUNR,11445
1653,2004-11-28,parliament,RO11,Nord-Vest,2,RO.AS.IT.,717
1654,2004-11-28,parliament,RO11,Nord-Vest,2,ROMII,7460
1655,2004-11-28,parliament,RO11,Nord-Vest,2,U- TATARI,168
1656,2004-11-28,parliament,RO11,Nord-Vest,2,U-CROATI,1419
1657,2004-11-28,parliament,RO11,Nord-Vest,2,U-ELENA,665
1658,2004-11-28,parliament,RO11,Nord-Vest,2,U-RUTENI,370
1659,2004-11-28,parliament,RO11,Nord-Vest,2,U-SARBI,95
1660,2004-11-28,parliament,RO11,Nord-Vest,2,U-SLOVACI,2506
1661,2004-11-28,parliament,RO11,Nord-Vest,2,U-TURCA,876
1662,2004-11-28,parliament,RO11,Nord-Vest,2,U-UCRAINENI,2890
1663,2004-11-28,parliament,RO11,Nord-Vest,2,UAR,1244
1664,2004-11-28,parliament,RO11,Nord-Vest,2,UBBR,2112
1665,2004-11-28,parliament,RO11,Nord-Vest,2,UCR,211
1666,2004-11-28,parliament,RO11,Nord-Vest,2,UDMR,222030
1667,2004-11-28,parliament,RO11,Nord-Vest,2,URR,5445
1668,2004-11-28,parliament,RO11,Nord-Vest,2,UTM,237
1669,2004-11-28,parliament,RO12,Centru,0,eligible_voters,2152176
1670,2004-11-28,parliament,RO12,Centru,1,issued_ballots,1272517
1671,2004-11-28,parliament,RO12,Centru,2,A-BULGARI,866
1672,2004-11-28,parliament,RO12,Centru,2,A-POLONEZI,475
1673,2004-11-28,parliament,RO12,Centru,2,A-RROMI,2698
1674,2004-11-28,parliament,RO12,Centru,2,A-TURCI,493
1675,2004-11-28,parliament,RO12,Centru,2,AC-MACEDONENI,442
1676,2004-11-28,parliament,RO12,Centru,2,AD,337
1677,2004-11-28,parliament,RO12,Centru,2,AMR,1331
1678,2004-11-28,parliament,RO12,Centru,2,AUR,12605
1679,2004-11-28,parliament,RO12,Centru,2,BRATSTVO,412
1680,2004-11-28,parliament,RO12,Centru,2,C-ITALIANA,838
1681,2004-11-28,parliament,RO12,Centru,2,C-RUSI LIPOVENI,421
1682,2004-11-28,parliament,RO12,Centru,2,D.A. PNL-PD,319964
1683,2004-11-28,parliament,RO12,Centru,2,F-EVREI,668
1684,2004-11-28,parliament,RO12,Centru,2,FDGR,25487
1685,2004-11-28,parliament,RO12,Centru,2,FDR,6680
1686,2004-11-28,parliament,RO12,Centru,2,PAS,2328
1687,2004-11-28,parliament,RO12,Centru,2,PER,10143
1688,2004-11-28,parliament,RO12,Centru,2,PM3,2894
1689,2004-11-28,parliament,RO12,Centru,2,PMR,2495
1690,2004-11-28,parliament,RO12,Centru,2,PND,583
1691,2004-11-28,parliament,RO12,Centru,2,PNDC,3067
1692,2004-11-28,parliament,RO12,Centru,2,PNG,21275
1693,2004-11-28,parliament,RO12,Centru,2,PNL-Aripa tânără,498
1694,2004-11-28,parliament,RO12,Centru,2,PNTCD,17537
1695,2004-11-28,parliament,RO12,Centru,2,PO,479
1696,2004-11-28,parliament,RO12,Centru,2,PPP,1371
1697,2004-11-28,parliament,RO12,Centru,2,PPU,11950
1698,2004-11-28,parliament,RO12,Centru,2,PRM,120981
1699,2004-11-28,parliament,RO12,Centru,2,PSD,266058
1700,2004-11-28,parliament,RO12,Centru,2,PSDCTP,2801
1701,2004-11-28,parliament,RO12,Centru,2,PSR,2732
1702,2004-11-28,parliament,RO12,Centru,2,PSU,3663
1703,2004-11-28,parliament,RO12,Centru,2,PTD,2894
1704,2004-11-28,parliament,RO12,Centru,2,PUNR,5378
1705,2004-11-28,parliament,RO12,Centru,2,RO.AS.IT.,780
1706,2004-11-28,parliament,RO12,Centru,2,ROMII,9481
1707,2004-11-28,parliament,RO12,Centru,2,U-CROATI,1029
1708,2004-11-28,parliament,RO12,Centru,2,U-ELENA,989
1709,2004-11-28,parliament,RO12,Centru,2,U-RUTENI,466
1710,2004-11-28,parliament,RO12,Centru,2,U-TURCA,541
1711,2004-11-28,parliament,RO12,Centru,2,U-UCRAINENI,1136
1712,2004-11-28,parliament,RO12,Centru,2,UAR,1256
1713,2004-11-28,parliament,RO12,Centru,2,UBBR,1458
1714,2004-11-28,parliament,RO12,Centru,2,UCR,437
1715,2004-11-28,parliament,RO12,Centru,2,UDMR,332754
1716,2004-11-28,parliament,RO12,Centru,2,URR,3701
1717,2004-11-28,parliament,RO12,Centru,2,UTM,494
1718,2004-11-28,parliament,RO21,Nord-Est,0,eligible_voters,3076296
1719,2004-11-28,parliament,RO21,Nord-Est,1,issued_ballots,1798934
1720,2004-11-28,parliament,RO21,Nord-Est,2,A-BULGARI,1175
1721,2004-11-28,parliament,RO21,Nord-Est,2,A-POLONEZI,1228
1722,2004-11-28,parliament,RO21,Nord-Est,2,A-RROMI,291
1723,2004-11-28,parliament,RO21,Nord-Est,2,A-TURCI,994
1724,2004-11-28,parliament,RO21,Nord-Est,2,AC-MACEDONENI,595
1725,2004-11-28,parliament,RO21,Nord-Est,2,AD,756
1726,2004-11-28,parliament,RO21,Nord-Est,2,AMR,1653
1727,2004-11-28,parliament,RO21,Nord-Est,2,APCD,3077
1728,2004-11-28,parliament,RO21,Nord-Est,2,AUR,4980
1729,2004-11-28,parliament,RO21,Nord-Est,2,BRATSTVO,585
1730,2004-11-28,parliament,RO21,Nord-Est,2,C-ITALIANA,1161
1731,2004-11-28,parliament,RO21,Nord-Est,2,C-RUSI LIPOVENI,2151
1732,2004-11-28,parliament,RO21,Nord-Est,2,D.A. PNL-PD,496487
1733,2004-11-28,parliament,RO21,Nord-Est,2,F-EVREI,1845
1734,2004-11-28,parliament,RO21,Nord-Est,2,FDGR,1025
1735,2004-11-28,parliament,RO21,Nord-Est,2,FDR,9660
1736,2004-11-28,parliament,RO21,Nord-Est,2,PAS,4894
1737,2004-11-28,parliament,RO21,Nord-Est,2,PER,15845
1738,2004-11-28,parliament,RO21,Nord-Est,2,PM3,2741
1739,2004-11-28,parliament,RO21,Nord-Est,2,PMR,7663
1740,2004-11-28,parliament,RO21,Nord-Est,2,PND,6212
1741,2004-11-28,parliament,RO21,Nord-Est,2,PNDC,7341
1742,2004-11-28,parliament,RO21,Nord-Est,2,PNG,47361
1743,2004-11-28,parliament,RO21,Nord-Est,2,PNL-Aripa tânără,878
1744,2004-11-28,parliament,RO21,Nord-Est,2,PNTCD,15348
1745,2004-11-28,parliament,RO21,Nord-Est,2,PO,2745
1746,2004-11-28,parliament,RO21,Nord-Est,2,PPP,2321
1747,2004-11-28,parliament,RO21,Nord-Est,2,PPU,3878
1748,2004-11-28,parliament,RO21,Nord-Est,2,PRM,205324
1749,2004-11-28,parliament,RO21,Nord-Est,2,PSD,756476
1750,2004-11-28,parliament,RO21,Nord-Est,2,PSDCTP,3483
1751,2004-11-28,parliament,RO21,Nord-Est,2,PSR,6266
1752,2004-11-28,parliament,RO21,Nord-Est,2,PSU,10047
1753,2004-11-28,parliament,RO21,Nord-Est,2,PTD,1186
1754,2004-11-28,parliament,RO21,Nord-Est,2,PUNR,8262
1755,2004-11-28,parliament,RO21,Nord-Est,2,RO.AS.IT.,1591
1756,2004-11-28,parliament,RO21,Nord-Est,2,ROMII,8764
1757,2004-11-28,parliament,RO21,Nord-Est,2,U- TATARI,73
1758,2004-11-28,parliament,RO21,Nord-Est,2,U-CROATI,1703
1759,2004-11-28,parliament,RO21,Nord-Est,2,U-ELENA,1328
1760,2004-11-28,parliament,RO21,Nord-Est,2,U-RUTENI,590
1761,2004-11-28,parliament,RO21,Nord-Est,2,U-TURCA,1138
1762,2004-11-28,parliament,RO21,Nord-Est,2,U-UCRAINENI,2480
1763,2004-11-28,parliament,RO21,Nord-Est,2,UAR,2152
1764,2004-11-28,parliament,RO21,Nord-Est,2,UBBR,2368
1765,2004-11-28,parliament,RO21,Nord-Est,2,UCR,557
1766,2004-11-28,parliament,RO21,Nord-Est,2,UDMR,4356
1767,2004-11-28,parliament,RO21,Nord-Est,2,UFD,878
1768,2004-11-28,parliament,RO21,Nord-Est,2,URR,6829
1769,2004-11-28,parliament,RO21,Nord-Est,2,UTM,791
1770,2004-11-28,parliament,RO22,Sud-Est,0,eligible_voters,2419255
1771,2004-11-28,parliament,RO22,Sud-Est,1,issued_ballots,1470396
1772,2004-11-28,parliament,RO22,Sud-Est,2,A-BULGARI,712
1773,2004-11-28,parliament,RO22,Sud-Est,2,A-POLONEZI,446
1774,2004-11-28,parliament,RO22,Sud-Est,2,A-RROMI,2949
1775,2004-11-28,parliament,RO22,Sud-Est,2,A-TURCI,2558
1776,2004-11-28,parliament,RO22,Sud-Est,2,AC-MACEDONENI,824
1777,2004-11-28,parliament,RO22,Sud-Est,2,AD,2731
1778,2004-11-28,parliament,RO22,Sud-Est,2,AMR,1407
1779,2004-11-28,parliament,RO22,Sud-Est,2,APCD,4290
1780,2004-11-28,parliament,RO22,Sud-Est,2,AUR,6085
1781,2004-11-28,parliament,RO22,Sud-Est,2,BRATSTVO,454
1782,2004-11-28,parliament,RO22,Sud-Est,2,C-ITALIANA,598
1783,2004-11-28,parliament,RO22,Sud-Est,2,C-RUSI LIPOVENI,6188
1784,2004-11-28,parliament,RO22,Sud-Est,2,D.A. PNL-PD,427513
1785,2004-11-28,parliament,RO22,Sud-Est,2,F-EVREI,1439
1786,2004-11-28,parliament,RO22,Sud-Est,2,FDGR,272
1787,2004-11-28,parliament,RO22,Sud-Est,2,FDR,10970
1788,2004-11-28,parliament,RO22,Sud-Est,2,PAS,3671
1789,2004-11-28,parliament,RO22,Sud-Est,2,PER,8954
1790,2004-11-28,parliament,RO22,Sud-Est,2,PM3,2770
1791,2004-11-28,parliament,RO22,Sud-Est,2,PMR,2803
1792,2004-11-28,parliament,RO22,Sud-Est,2,PND,2953
1793,2004-11-28,parliament,RO22,Sud-Est,2,PNDC,3233
1794,2004-11-28,parliament,RO22,Sud-Est,2,PNG,26423
1795,2004-11-28,parliament,RO22,Sud-Est,2,PNL-Aripa tânără,583
1796,2004-11-28,parliament,RO22,Sud-Est,2,PNTCD,16316
1797,2004-11-28,parliament,RO22,Sud-Est,2,PO,437
1798,2004-11-28,parliament,RO22,Sud-Est,2,PPP,2120
1799,2004-11-28,parliament,RO22,Sud-Est,2,PPR,246
1800,2004-11-28,parliament,RO22,Sud-Est,2,PPU,3491
1801,2004-11-28,parliament,RO22,Sud-Est,2,PRM,201859
1802,2004-11-28,parliament,RO22,Sud-Est,2,PSD,572219
1803,2004-11-28,parliament,RO22,Sud-Est,2,PSDCTP,3483
1804,2004-11-28,parliament,RO22,Sud-Est,2,PSR,5548
1805,2004-11-28,parliament,RO22,Sud-Est,2,PSU,7269
1806,2004-11-28,parliament,RO22,Sud-Est,2,PTD,4122
1807,2004-11-28,parliament,RO22,Sud-Est,2,PUNR,6590
1808,2004-11-28,parliament,RO22,Sud-Est,2,RO.AS.IT.,884
1809,2004-11-28,parliament,RO22,Sud-Est,2,ROMII,7397
1810,2004-11-28,parliament,RO22,Sud-Est,2,U- TATARI,5455
1811,2004-11-28,parliament,RO22,Sud-Est,2,U-CROATI,1207
1812,2004-11-28,parliament,RO22,Sud-Est,2,U-ELENA,1216
1813,2004-11-28,parliament,RO22,Sud-Est,2,U-RUTENI,310
1814,2004-11-28,parliament,RO22,Sud-Est,2,U-TURCA,3336
1815,2004-11-28,parliament,RO22,Sud-Est,2,U-UCRAINENI,847
1816,2004-11-28,parliament,RO22,Sud-Est,2,UAR,1654
1817,2004-11-28,parliament,RO22,Sud-Est,2,UBBR,1241
1818,2004-11-28,parliament,RO22,Sud-Est,2,UCR,843
1819,2004-11-28,parliament,RO22,Sud-Est,2,UDMR,2289
1820,2004-11-28,parliament,RO22,Sud-Est,2,URR,2847
1821,2004-11-28,parliament,RO22,Sud-Est,2,UTM,3384
1822,2004-11-28,parliament,RO31,Sud-Muntenia,0,eligible_voters,2826723
1823,2004-11-28,parliament,RO31,Sud-Muntenia,1,issued_ballots,1683915
1824,2004-11-28,parliament,RO31,Sud-Muntenia,2,A-BULGARI,1195
1825,2004-11-28,parliament,RO31,Sud-Muntenia,2,A-POLONEZI,431
1826,2004-11-28,parliament,RO31,Sud-Muntenia,2,A-RROMI,2426
1827,2004-11-28,parliament,RO31,Sud-Muntenia,2,A-TURCI,1010
1828,2004-11-28,parliament,RO31,Sud-Muntenia,2,AC-MACEDONENI,115
1829,2004-11-28,parliament,RO31,Sud-Muntenia,2,AD,767
1830,2004-11-28,parliament,RO31,Sud-Muntenia,2,AMR,1754
1831,2004-11-28,parliament,RO31,Sud-Muntenia,2,APCD,5423
1832,2004-11-28,parliament,RO31,Sud-Muntenia,2,AUR,9013
1833,2004-11-28,parliament,RO31,Sud-Muntenia,2,BRATSTVO,575
1834,2004-11-28,parliament,RO31,Sud-Muntenia,2,C-ITALIANA,820
1835,2004-11-28,parliament,RO31,Sud-Muntenia,2,C-RUSI LIPOVENI,506
1836,2004-11-28,parliament,RO31,Sud-Muntenia,2,D.A. PNL-PD,482555
1837,2004-11-28,parliament,RO31,Sud-Muntenia,2,F-EVREI,417
1838,2004-11-28,parliament,RO31,Sud-Muntenia,2,FDR,15986
1839,2004-11-28,parliament,RO31,Sud-Muntenia,2,PAS,4998
1840,2004-11-28,parliament,RO31,Sud-Muntenia,2,PER,8804
1841,2004-11-28,parliament,RO31,Sud-Muntenia,2,PM3,2337
1842,2004-11-28,parliament,RO31,Sud-Muntenia,2,PMR,8824
1843,2004-11-28,parliament,RO31,Sud-Muntenia,2,PND,3416
1844,2004-11-28,parliament,RO31,Sud-Muntenia,2,PNDC,2656
1845,2004-11-28,parliament,RO31,Sud-Muntenia,2,PNG,35485
1846,2004-11-28,parliament,RO31,Sud-Muntenia,2,PNL-Aripa tânără,1275
1847,2004-11-28,parliament,RO31,Sud-Muntenia,2,PNTCD,15529
1848,2004-11-28,parliament,RO31,Sud-Muntenia,2,PO,595
1849,2004-11-28,parliament,RO31,Sud-Muntenia,2,PPP,1977
1850,2004-11-28,parliament,RO31,Sud-Muntenia,2,PRM,218913
1851,2004-11-28,parliament,RO31,Sud-Muntenia,2,PSD,694086
1852,2004-11-28,parliament,RO31,Sud-Muntenia,2,PSDCTP,2822
1853,2004-11-28,parliament,RO31,Sud-Muntenia,2,PSR,7303
1854,2004-11-28,parliament,RO31,Sud-Muntenia,2,PSU,7576
1855,2004-11-28,parliament,RO31,Sud-Muntenia,2,PTD,1587
1856,2004-11-28,parliament,RO31,Sud-Muntenia,2,PUNR,7862
1857,2004-11-28,parliament,RO31,Sud-Muntenia,2,RO.AS.IT.,852
1858,2004-11-28,parliament,RO31,Sud-Muntenia,2,ROMII,9826
1859,2004-11-28,parliament,RO31,Sud-Muntenia,2,U- TATARI,62
1860,2004-11-28,parliament,RO31,Sud-Muntenia,2,U-CROATI,1016
1861,2004-11-28,parliament,RO31,Sud-Muntenia,2,U-ELENA,1127
1862,2004-11-28,parliament,RO31,Sud-Muntenia,2,U-RUTENI,299
1863,2004-11-28,parliament,RO31,Sud-Muntenia,2,U-SARBI,138
1864,2004-11-28,parliament,RO31,Sud-Muntenia,2,U-TURCA,656
1865,2004-11-28,parliament,RO31,Sud-Muntenia,2,U-UCRAINENI,1052
1866,2004-11-28,parliament,RO31,Sud-Muntenia,2,UAR,1169
1867,2004-11-28,parliament,RO31,Sud-Muntenia,2,UBBR,1507
1868,2004-11-28,parliament,RO31,Sud-Muntenia,2,UCR,1253
1869,2004-11-28,parliament,RO31,Sud-Muntenia,2,UDMR,2602
1870,2004-11-28,parliament,RO31,Sud-Muntenia,2,URR,3674
1871,2004-11-28,parliament,RO31,Sud-Muntenia,2,UTM,412
1872,2004-11-28,parliament,RO32,Bucureşti-Ilfov,0,eligible_voters,2029240
1873,2004-11-28,parliament,RO32,Bucureşti-Ilfov,1,issued_ballots,1171663
1874,2004-11-28,parliament,RO32,Bucureşti-Ilfov,2,A-BULGARI,589
1875,2004-11-28,parliament,RO32,Bucureşti-Ilfov,2,A-POLONEZI,625
1876,2004-11-28,parliament,RO32,Bucureşti-Ilfov,2,A-RROMI,1591
1877,2004-11-28,parliament,RO32,Bucureşti-Ilfov,2,A-TURCI,347
1878,2004-11-28,parliament,RO32,Bucureşti-Ilfov,2,AC-MACEDONENI,163
1879,2004-11-28,parliament,RO32,Bucureşti-Ilfov,2,AD,342
1880,2004-11-28,parliament,RO32,Bucureşti-Ilfov,2,AMR,595
1881,2004-11-28,parliament,RO32,Bucureşti-Ilfov,2,APCD,711
1882,2004-11-28,parliament,RO32,Bucureşti-Ilfov,2,AUR,4274
1883,2004-11-28,parliament,RO32,Bucureşti-Ilfov,2,BRATSTVO,233
1884,2004-11-28,parliament,RO32,Bucureşti-Ilfov,2,C-ITALIANA,371
1885,2004-11-28,parliament,RO32,Bucureşti-Ilfov,2,C-RUSI LIPOVENI,450
1886,2004-11-28,parliament,RO32,Bucureşti-Ilfov,2,D.A. PNL-PD,523105
1887,2004-11-28,parliament,RO32,Bucureşti-Ilfov,2,F-EVREI,1690
1888,2004-11-28,parliament,RO32,Bucureşti-Ilfov,2,FDGR,1028
1889,2004-11-28,parliament,RO32,Bucureşti-Ilfov,2,FDR,12717
1890,2004-11-28,parliament,RO32,Bucureşti-Ilfov,2,PAS,1794
1891,2004-11-28,parliament,RO32,Bucureşti-Ilfov,2,PER,5863
1892,2004-11-28,parliament,RO32,Bucureşti-Ilfov,2,PM3,1128
1893,2004-11-28,parliament,RO32,Bucureşti-Ilfov,2,PMR,4632
1894,2004-11-28,parliament,RO32,Bucureşti-Ilfov,2,PND,2097
1895,2004-11-28,parliament,RO32,Bucureşti-Ilfov,2,PNDC,2804
1896,2004-11-28,parliament,RO32,Bucureşti-Ilfov,2,PNG,30485
1897,2004-11-28,parliament,RO32,Bucureşti-Ilfov,2,PNL-Aripa tânără,463
1898,2004-11-28,parliament,RO32,Bucureşti-Ilfov,2,PNTCD,24777
1899,2004-11-28,parliament,RO32,Bucureşti-Ilfov,2,PO,205
1900,2004-11-28,parliament,RO32,Bucureşti-Ilfov,2,PPP,2336
1901,2004-11-28,parliament,RO32,Bucureşti-Ilfov,2,PPR,2008
1902,2004-11-28,parliament,RO32,Bucureşti-Ilfov,2,PPU,843
1903,2004-11-28,parliament,RO32,Bucureşti-Ilfov,2,PRM,117085
1904,2004-11-28,parliament,RO32,Bucureşti-Ilfov,2,PSD,363559
1905,2004-11-28,parliament,RO32,Bucureşti-Ilfov,2,PSDCTP,1567
1906,2004-11-28,parliament,RO32,Bucureşti-Ilfov,2,PSR,1560
1907,2004-11-28,parliament,RO32,Bucureşti-Ilfov,2,PSU,1366
1908,2004-11-28,parliament,RO32,Bucureşti-Ilfov,2,PTD,1598
1909,2004-11-28,parliament,RO32,Bucureşti-Ilfov,2,PUNR,2453
1910,2004-11-28,parliament,RO32,Bucureşti-Ilfov,2,RO.AS.IT.,200
1911,2004-11-28,parliament,RO32,Bucureşti-Ilfov,2,ROMII,3108
1912,2004-11-28,parliament,RO32,Bucureşti-Ilfov,2,U- TATARI,354
1913,2004-11-28,parliament,RO32,Bucureşti-Ilfov,2,U-CROATI,874
1914,2004-11-28,parliament,RO32,Bucureşti-Ilfov,2,U-ELENA,765
1915,2004-11-28,parliament,RO32,Bucureşti-Ilfov,2,U-RUTENI,96
1916,2004-11-28,parliament,RO32,Bucureşti-Ilfov,2,U-SARBI,201
1917,2004-11-28,parliament,RO32,Bucureşti-Ilfov,2,U-SLOVACI,156
1918,2004-11-28,parliament,RO32,Bucureşti-Ilfov,2,U-TURCA,224
1919,2004-11-28,parliament,RO32,Bucureşti-Ilfov,2,U-UCRAINENI,254
1920,2004-11-28,parliament,RO32,Bucureşti-Ilfov,2,UAR,853
1921,2004-11-28,parliament,RO32,Bucureşti-Ilfov,2,UBBR,352
1922,2004-11-28,parliament,RO32,Bucureşti-Ilfov,2,UCR,509
1923,2004-11-28,parliament,RO32,Bucureşti-Ilfov,2,UDMR,13644
1924,2004-11-28,parliament,RO32,Bucureşti-Ilfov,2,URR,2993
1925,2004-11-28,parliament,RO32,Bucureşti-Ilfov,2,UTM,233
1926,2004-11-28,parliament,RO41,Sud-Vest Oltenia,0,eligible_voters,1929959
1927,2004-11-28,parliament,RO41,Sud-Vest Oltenia,1,issued_ballots,1127214
1928,2004-11-28,parliament,RO41,Sud-Vest Oltenia,2,A-BULGARI,453
1929,2004-11-28,parliament,RO41,Sud-Vest Oltenia,2,A-POLONEZI,250
1930,2004-11-28,parliament,RO41,Sud-Vest Oltenia,2,A-RROMI,1766
1931,2004-11-28,parliament,RO41,Sud-Vest Oltenia,2,A-TURCI,1117
1932,2004-11-28,parliament,RO41,Sud-Vest Oltenia,2,AC-MACEDONENI,587
1933,2004-11-28,parliament,RO41,Sud-Vest Oltenia,2,AD,626
1934,2004-11-28,parliament,RO41,Sud-Vest Oltenia,2,AMR,779
1935,2004-11-28,parliament,RO41,Sud-Vest Oltenia,2,APCD,1475
1936,2004-11-28,parliament,RO41,Sud-Vest Oltenia,2,AUR,4325
1937,2004-11-28,parliament,RO41,Sud-Vest Oltenia,2,BRATSTVO,442
1938,2004-11-28,parliament,RO41,Sud-Vest Oltenia,2,C-ITALIANA,409
1939,2004-11-28,parliament,RO41,Sud-Vest Oltenia,2,C-RUSI LIPOVENI,89
1940,2004-11-28,parliament,RO41,Sud-Vest Oltenia,2,D.A. PNL-PD,283888
1941,2004-11-28,parliament,RO41,Sud-Vest Oltenia,2,F-EVREI,321
1942,2004-11-28,parliament,RO41,Sud-Vest Oltenia,2,FDR,7425
1943,2004-11-28,parliament,RO41,Sud-Vest Oltenia,2,PAS,5026
1944,2004-11-28,parliament,RO41,Sud-Vest Oltenia,2,PER,5863
1945,2004-11-28,parliament,RO41,Sud-Vest Oltenia,2,PM3,1526
1946,2004-11-28,parliament,RO41,Sud-Vest Oltenia,2,PMR,5814
1947,2004-11-28,parliament,RO41,Sud-Vest Oltenia,2,PND,3199
1948,2004-11-28,parliament,RO41,Sud-Vest Oltenia,2,PNDC,1682
1949,2004-11-28,parliament,RO41,Sud-Vest Oltenia,2,PNG,20832
1950,2004-11-28,parliament,RO41,Sud-Vest Oltenia,2,PNL-Aripa tânără,458
1951,2004-11-28,parliament,RO41,Sud-Vest Oltenia,2,PNTCD,13193
1952,2004-11-28,parliament,RO41,Sud-Vest Oltenia,2,PO,223
1953,2004-11-28,parliament,RO41,Sud-Vest Oltenia,2,PPP,677
1954,2004-11-28,parliament,RO41,Sud-Vest Oltenia,2,PPU,22544
1955,2004-11-28,parliament,RO41,Sud-Vest Oltenia,2,PRM,180410
1956,2004-11-28,parliament,RO41,Sud-Vest Oltenia,2,PSD,449418
1957,2004-11-28,parliament,RO41,Sud-Vest Oltenia,2,PSDCTP,2095
1958,2004-11-28,parliament,RO41,Sud-Vest Oltenia,2,PSR,2709
1959,2004-11-28,parliament,RO41,Sud-Vest Oltenia,2,PSU,5524
1960,2004-11-28,parliament,RO41,Sud-Vest Oltenia,2,PTD,1646
1961,2004-11-28,parliament,RO41,Sud-Vest Oltenia,2,PUNR,4665
1962,2004-11-28,parliament,RO41,Sud-Vest Oltenia,2,RO.AS.IT.,440
1963,2004-11-28,parliament,RO41,Sud-Vest Oltenia,2,ROMII,6257
1964,2004-11-28,parliament,RO41,Sud-Vest Oltenia,2,U- TATARI,281
1965,2004-11-28,parliament,RO41,Sud-Vest Oltenia,2,U-CROATI,796
1966,2004-11-28,parliament,RO41,Sud-Vest Oltenia,2,U-ELENA,601
1967,2004-11-28,parliament,RO41,Sud-Vest Oltenia,2,U-RUTENI,164
1968,2004-11-28,parliament,RO41,Sud-Vest Oltenia,2,U-SARBI,336
1969,2004-11-28,parliament,RO41,Sud-Vest Oltenia,2,U-SLOVACI,248
1970,2004-11-28,parliament,RO41,Sud-Vest Oltenia,2,U-TURCA,481
1971,2004-11-28,parliament,RO41,Sud-Vest Oltenia,2,U-UCRAINENI,349
1972,2004-11-28,parliament,RO41,Sud-Vest Oltenia,2,UAR,989
1973,2004-11-28,parliament,RO41,Sud-Vest Oltenia,2,UBBR,433
1974,2004-11-28,parliament,RO41,Sud-Vest Oltenia,2,UCR,1320
1975,2004-11-28,parliament,RO41,Sud-Vest Oltenia,2,UDMR,2116
1976,2004-11-28,parliament,RO41,Sud-Vest Oltenia,2,UFD,245
1977,2004-11-28,parliament,RO41,Sud-Vest Oltenia,2,URR,2987
1978,2004-11-28,parliament,RO41,Sud-Vest Oltenia,2,UTM,528
1979,2004-11-28,parliament,RO42,Vest,0,eligible_voters,1700514
1980,2004-11-28,parliament,RO42,Vest,1,issued_ballots,966585
1981,2004-11-28,parliament,RO42,Vest,2,A-BULGARI,515
1982,2004-11-28,parliament,RO42,Vest,2,A-POLONEZI,468
1983,2004-11-28,parliament,RO42,Vest,2,A-RROMI,1213
1984,2004-11-28,parliament,RO42,Vest,2,A-TURCI,521
1985,2004-11-28,parliament,RO42,Vest,2,AC-MACEDONENI,6343
1986,2004-11-28,parliament,RO42,Vest,2,AD,634
1987,2004-11-28,parliament,RO42,Vest,2,AMR,1161
1988,2004-11-28,parliament,RO42,Vest,2,APCD,2570
1989,2004-11-28,parliament,RO42,Vest,2,AUR,3249
1990,2004-11-28,parliament,RO42,Vest,2,BRATSTVO,795
1991,2004-11-28,parliament,RO42,Vest,2,C-ITALIANA,706
1992,2004-11-28,parliament,RO42,Vest,2,C-RUSI LIPOVENI,436
1993,2004-11-28,parliament,RO42,Vest,2,D.A. PNL-PD,305160
1994,2004-11-28,parliament,RO42,Vest,2,F-EVREI,897
1995,2004-11-28,parliament,RO42,Vest,2,FDGR,5342
1996,2004-11-28,parliament,RO42,Vest,2,FDR,7342
1997,2004-11-28,parliament,RO42,Vest,2,PAS,2464
1998,2004-11-28,parliament,RO42,Vest,2,PER,9524
1999,2004-11-28,parliament,RO42,Vest,2,PM3,621
2000,2004-11-28,parliament,RO42,Vest,2,PMR,1947
2001,2004-11-28,parliament,RO42,Vest,2,PNDC,4805
2002,2004-11-28,parliament,RO42,Vest,2,PNG,24894
2003,2004-11-28,parliament,RO42,Vest,2,PNL-Aripa tânără,440
2004,2004-11-28,parliament,RO42,Vest,2,PNTCD,54721
2005,2004-11-28,parliament,RO42,Vest,2,PO,305
2006,2004-11-28,parliament,RO42,Vest,2,PPP,2242
2007,2004-11-28,parliament,RO42,Vest,2,PPU,3906
2008,2004-11-28,parliament,RO42,Vest,2,PRM,119979
2009,2004-11-28,parliament,RO42,Vest,2,PSD,267511
2010,2004-11-28,parliament,RO42,Vest,2,PSDCTP,2243
2011,2004-11-28,parliament,RO42,Vest,2,PSU,3941
2012,2004-11-28,parliament,RO42,Vest,2,PTD,1953
2013,2004-11-28,parliament,RO42,Vest,2,PUNR,6418
2014,2004-11-28,parliament,RO42,Vest,2,RO.AS.IT.,694
2015,2004-11-28,parliament,RO42,Vest,2,ROMII,3737
2016,2004-11-28,parliament,RO42,Vest,2,U-CROATI,2273
2017,2004-11-28,parliament,RO42,Vest,2,U-ELENA,442
2018,2004-11-28,parliament,RO42,Vest,2,U-RUTENI,576
2019,2004-11-28,parliament,RO42,Vest,2,U-SARBI,5867
2020,2004-11-28,parliament,RO42,Vest,2,U-SLOVACI,3014
2021,2004-11-28,parliament,RO42,Vest,2,U-TURCA,456
2022,2004-11-28,parliament,RO42,Vest,2,U-UCRAINENI,1848
2023,2004-11-28,parliament,RO42,Vest,2,UAR,469
2024,2004-11-28,parliament,RO42,Vest,2,UBBR,5804
2025,2004-11-28,parliament,RO42,Vest,2,UCR,2625
2026,2004-11-28,parliament,RO42,Vest,2,UDMR,45187
2027,2004-11-28,parliament,RO42,Vest,2,URR,4068
2028,2004-11-28,parliament,RO42,Vest,2,UTM,432
2029,2004-11-28,president_a,RO11,Nord-Vest,0,eligible_voters,2310381
2030,2004-11-28,president_a,RO11,Nord-Vest,1,issued_ballots,1262560
2031,2004-11-28,president_a,RO11,Nord-Vest,2,ADRIAN NASTASE,435293
2032,2004-11-28,president_a,RO11,Nord-Vest,2,ALEXANDRU RAJ TUNARU,2577
2033,2004-11-28,president_a,RO11,Nord-Vest,2,AUREL RADULESCU,3659
2034,2004-11-28,president_a,RO11,Nord-Vest,2,CORNELIU VADIM TUDOR,137632
2035,2004-11-28,president_a,RO11,Nord-Vest,2,GEORGE BECALI,18980
2036,2004-11-28,president_a,RO11,Nord-Vest,2,GHEORGHE CORIOLAN CIUHANDU,27937
2037,2004-11-28,president_a,RO11,Nord-Vest,2,GHEORGHE DINU,11336
2038,2004-11-28,president_a,RO11,Nord-Vest,2,MARIAN PETRE MILUT,3545
2039,2004-11-28,president_a,RO11,Nord-Vest,2,MARKO BELA,187789
2040,2004-11-28,president_a,RO11,Nord-Vest,2,OVIDIU TUDORICI,4938
2041,2004-11-28,president_a,RO11,Nord-Vest,2,PETRE ROMAN,14962
2042,2004-11-28,president_a,RO11,Nord-Vest,2,TRAIAN BASESCU,379237
2043,2004-11-28,president_a,RO12,Centru,0,eligible_voters,2152176
2044,2004-11-28,president_a,RO12,Centru,1,issued_ballots,1272517
2045,2004-11-28,president_a,RO12,Centru,2,ADRIAN NASTASE,326040
2046,2004-11-28,president_a,RO12,Centru,2,ALEXANDRU RAJ TUNARU,2792
2047,2004-11-28,president_a,RO12,Centru,2,AUREL RADULESCU,2964
2048,2004-11-28,president_a,RO12,Centru,2,CORNELIU VADIM TUDOR,121073
2049,2004-11-28,president_a,RO12,Centru,2,GEORGE BECALI,17930
2050,2004-11-28,president_a,RO12,Centru,2,GHEORGHE CORIOLAN CIUHANDU,18729
2051,2004-11-28,president_a,RO12,Centru,2,GHEORGHE DINU,10865
2052,2004-11-28,president_a,RO12,Centru,2,MARIAN PETRE MILUT,6637
2053,2004-11-28,president_a,RO12,Centru,2,MARKO BELA,303838
2054,2004-11-28,president_a,RO12,Centru,2,OVIDIU TUDORICI,4207
2055,2004-11-28,president_a,RO12,Centru,2,PETRE ROMAN,14598
2056,2004-11-28,president_a,RO12,Centru,2,TRAIAN BASESCU,405238
2057,2004-11-28,president_a,RO21,Nord-Est,0,eligible_voters,3076296
2058,2004-11-28,president_a,RO21,Nord-Est,1,issued_ballots,1798934
2059,2004-11-28,president_a,RO21,Nord-Est,2,ADRIAN NASTASE,871931
2060,2004-11-28,president_a,RO21,Nord-Est,2,ALEXANDRU RAJ TUNARU,5158
2061,2004-11-28,president_a,RO21,Nord-Est,2,AUREL RADULESCU,7776
2062,2004-11-28,president_a,RO21,Nord-Est,2,CORNELIU VADIM TUDOR,199234
2063,2004-11-28,president_a,RO21,Nord-Est,2,GEORGE BECALI,31262
2064,2004-11-28,president_a,RO21,Nord-Est,2,GHEORGHE CORIOLAN CIUHANDU,13863
2065,2004-11-28,president_a,RO21,Nord-Est,2,GHEORGHE DINU,19583
2066,2004-11-28,president_a,RO21,Nord-Est,2,MARIAN PETRE MILUT,5676
2067,2004-11-28,president_a,RO21,Nord-Est,2,MARKO BELA,2879
2068,2004-11-28,president_a,RO21,Nord-Est,2,OVIDIU TUDORICI,8628
2069,2004-11-28,president_a,RO21,Nord-Est,2,PETRE ROMAN,19402
2070,2004-11-28,president_a,RO21,Nord-Est,2,TRAIAN BASESCU,541491
2071,2004-11-28,president_a,RO22,Sud-Est,0,eligible_voters,2419255
2072,2004-11-28,president_a,RO22,Sud-Est,1,issued_ballots,1470396
2073,2004-11-28,president_a,RO22,Sud-Est,2,ADRIAN NASTASE,634430
2074,2004-11-28,president_a,RO22,Sud-Est,2,ALEXANDRU RAJ TUNARU,4165
2075,2004-11-28,president_a,RO22,Sud-Est,2,AUREL RADULESCU,6515
2076,2004-11-28,president_a,RO22,Sud-Est,2,CORNELIU VADIM TUDOR,206353
2077,2004-11-28,president_a,RO22,Sud-Est,2,GEORGE BECALI,23764
2078,2004-11-28,president_a,RO22,Sud-Est,2,GHEORGHE CORIOLAN CIUHANDU,12547
2079,2004-11-28,president_a,RO22,Sud-Est,2,GHEORGHE DINU,18652
2080,2004-11-28,president_a,RO22,Sud-Est,2,MARIAN PETRE MILUT,5904
2081,2004-11-28,president_a,RO22,Sud-Est,2,MARKO BELA,1699
2082,2004-11-28,president_a,RO22,Sud-Est,2,OVIDIU TUDORICI,5013
2083,2004-11-28,president_a,RO22,Sud-Est,2,PETRE ROMAN,19873
2084,2004-11-28,president_a,RO22,Sud-Est,2,TRAIAN BASESCU,477663
2085,2004-11-28,president_a,RO31,Sud-Muntenia,0,eligible_voters,2826723
2086,2004-11-28,president_a,RO31,Sud-Muntenia,1,issued_ballots,1683915
2087,2004-11-28,president_a,RO31,Sud-Muntenia,2,ADRIAN NASTASE,772309
2088,2004-11-28,president_a,RO31,Sud-Muntenia,2,ALEXANDRU RAJ TUNARU,4143
2089,2004-11-28,president_a,RO31,Sud-Muntenia,2,AUREL RADULESCU,5659
2090,2004-11-28,president_a,RO31,Sud-Muntenia,2,CORNELIU VADIM TUDOR,222578
2091,2004-11-28,president_a,RO31,Sud-Muntenia,2,GEORGE BECALI,30336
2092,2004-11-28,president_a,RO31,Sud-Muntenia,2,GHEORGHE CORIOLAN CIUHANDU,13920
2093,2004-11-28,president_a,RO31,Sud-Muntenia,2,GHEORGHE DINU,17123
2094,2004-11-28,president_a,RO31,Sud-Muntenia,2,MARIAN PETRE MILUT,8963
2095,2004-11-28,president_a,RO31,Sud-Muntenia,2,MARKO BELA,1536
2096,2004-11-28,president_a,RO31,Sud-Muntenia,2,OVIDIU TUDORICI,5067
2097,2004-11-28,president_a,RO31,Sud-Muntenia,2,PETRE ROMAN,23326
2098,2004-11-28,president_a,RO31,Sud-Muntenia,2,TRAIAN BASESCU,518319
2099,2004-11-28,president_a,RO32,Bucureşti-Ilfov,0,eligible_voters,2029240
2100,2004-11-28,president_a,RO32,Bucureşti-Ilfov,1,issued_ballots,1171663
2101,2004-11-28,president_a,RO32,Bucureşti-Ilfov,2,ADRIAN NASTASE,402825
2102,2004-11-28,president_a,RO32,Bucureşti-Ilfov,2,ALEXANDRU RAJ TUNARU,1916
2103,2004-11-28,president_a,RO32,Bucureşti-Ilfov,2,AUREL RADULESCU,1884
2104,2004-11-28,president_a,RO32,Bucureşti-Ilfov,2,CORNELIU VADIM TUDOR,107997
2105,2004-11-28,president_a,RO32,Bucureşti-Ilfov,2,GEORGE BECALI,29348
2106,2004-11-28,president_a,RO32,Bucureşti-Ilfov,2,GHEORGHE CORIOLAN CIUHANDU,25356
2107,2004-11-28,president_a,RO32,Bucureşti-Ilfov,2,GHEORGHE DINU,14023
2108,2004-11-28,president_a,RO32,Bucureşti-Ilfov,2,MARIAN PETRE MILUT,4945
2109,2004-11-28,president_a,RO32,Bucureşti-Ilfov,2,MARKO BELA,2215
2110,2004-11-28,president_a,RO32,Bucureşti-Ilfov,2,OVIDIU TUDORICI,2367
2111,2004-11-28,president_a,RO32,Bucureşti-Ilfov,2,PETRE ROMAN,23341
2112,2004-11-28,president_a,RO32,Bucureşti-Ilfov,2,TRAIAN BASESCU,539073
2113,2004-11-28,president_a,RO41,Sud-Vest Oltenia,0,eligible_voters,1929959
2114,2004-11-28,president_a,RO41,Sud-Vest Oltenia,1,issued_ballots,1127214
2115,2004-11-28,president_a,RO41,Sud-Vest Oltenia,2,ADRIAN NASTASE,505750
2116,2004-11-28,president_a,RO41,Sud-Vest Oltenia,2,ALEXANDRU RAJ TUNARU,2642
2117,2004-11-28,president_a,RO41,Sud-Vest Oltenia,2,AUREL RADULESCU,3827
2118,2004-11-28,president_a,RO41,Sud-Vest Oltenia,2,CORNELIU VADIM TUDOR,191897
2119,2004-11-28,president_a,RO41,Sud-Vest Oltenia,2,GEORGE BECALI,16293
2120,2004-11-28,president_a,RO41,Sud-Vest Oltenia,2,GHEORGHE CORIOLAN CIUHANDU,12517
2121,2004-11-28,president_a,RO41,Sud-Vest Oltenia,2,GHEORGHE DINU,10589
2122,2004-11-28,president_a,RO41,Sud-Vest Oltenia,2,MARIAN PETRE MILUT,4277
2123,2004-11-28,president_a,RO41,Sud-Vest Oltenia,2,MARKO BELA,1195
2124,2004-11-28,president_a,RO41,Sud-Vest Oltenia,2,OVIDIU TUDORICI,3606
2125,2004-11-28,president_a,RO41,Sud-Vest Oltenia,2,PETRE ROMAN,11892
2126,2004-11-28,president_a,RO41,Sud-Vest Oltenia,2,TRAIAN BASESCU,319425
2127,2004-11-28,president_a,RO42,Vest,0,eligible_voters,1700514
2128,2004-11-28,president_a,RO42,Vest,1,issued_ballots,966585
2129,2004-11-28,president_a,RO42,Vest,2,ADRIAN NASTASE,319818
2130,2004-11-28,president_a,RO42,Vest,2,ALEXANDRU RAJ TUNARU,3779
2131,2004-11-28,president_a,RO42,Vest,2,AUREL RADULESCU,3110
2132,2004-11-28,president_a,RO42,Vest,2,CORNELIU VADIM TUDOR,124306
2133,2004-11-28,president_a,RO42,Vest,2,GEORGE BECALI,16328
2134,2004-11-28,president_a,RO42,Vest,2,GHEORGHE CORIOLAN CIUHANDU,71828
2135,2004-11-28,president_a,RO42,Vest,2,GHEORGHE DINU,10912
2136,2004-11-28,president_a,RO42,Vest,2,MARIAN PETRE MILUT,3267
2137,2004-11-28,president_a,RO42,Vest,2,MARKO BELA,29996
2138,2004-11-28,president_a,RO42,Vest,2,OVIDIU TUDORICI,3986
2139,2004-11-28,president_a,RO42,Vest,2,PETRE ROMAN,12665
2140,2004-11-28,president_a,RO42,Vest,2,TRAIAN BASESCU,342803
2141,2004-11-28,president_b,RO11,Nord-Vest,0,eligible_voters,2297299
2142,2004-11-28,president_b,RO11,Nord-Vest,1,issued_ballots,1132835
2143,2004-11-28,president_b,RO11,Nord-Vest,2,ADRIAN NASTASE,546055
2144,2004-11-28,president_b,RO11,Nord-Vest,2,TRAIAN BASESCU,576536
2145,2004-11-28,president_b,RO12,Centru,0,eligible_voters,2143570
2146,2004-11-28,president_b,RO12,Centru,1,issued_ballots,1120417
2147,2004-11-28,president_b,RO12,Centru,2,ADRIAN NASTASE,495390
2148,2004-11-28,president_b,RO12,Centru,2,TRAIAN BASESCU,614430
2149,2004-11-28,president_b,RO21,Nord-Est,0,eligible_voters,3048704
2150,2004-11-28,president_b,RO21,Nord-Est,1,issued_ballots,1744251
2151,2004-11-28,president_b,RO21,Nord-Est,2,ADRIAN NASTASE,965896
2152,2004-11-28,president_b,RO21,Nord-Est,2,TRAIAN BASESCU,757142
2153,2004-11-28,president_b,RO22,Sud-Est,0,eligible_voters,2407535
2154,2004-11-28,president_b,RO22,Sud-Est,1,issued_ballots,1401563
2155,2004-11-28,president_b,RO22,Sud-Est,2,ADRIAN NASTASE,689007
2156,2004-11-28,president_b,RO22,Sud-Est,2,TRAIAN BASESCU,697841
2157,2004-11-28,president_b,RO31,Sud-Muntenia,0,eligible_voters,2795106
2158,2004-11-28,president_b,RO31,Sud-Muntenia,1,issued_ballots,1592409
2159,2004-11-28,president_b,RO31,Sud-Muntenia,2,ADRIAN NASTASE,825943
2160,2004-11-28,president_b,RO31,Sud-Muntenia,2,TRAIAN BASESCU,748496
2161,2004-11-28,president_b,RO32,Bucureşti-Ilfov,0,eligible_voters,2020000
2162,2004-11-28,president_b,RO32,Bucureşti-Ilfov,1,issued_ballots,1122901
2163,2004-11-28,president_b,RO32,Bucureşti-Ilfov,2,ADRIAN NASTASE,430148
2164,2004-11-28,president_b,RO32,Bucureşti-Ilfov,2,TRAIAN BASESCU,683683
2165,2004-11-28,president_b,RO41,Sud-Vest Oltenia,0,eligible_voters,1909913
2166,2004-11-28,president_b,RO41,Sud-Vest Oltenia,1,issued_ballots,1064802
2167,2004-11-28,president_b,RO41,Sud-Vest Oltenia,2,ADRIAN NASTASE,558633
2168,2004-11-28,president_b,RO41,Sud-Vest Oltenia,2,TRAIAN BASESCU,494306
2169,2004-11-28,president_b,RO42,Vest,0,eligible_voters,1691330
2170,2004-11-28,president_b,RO42,Vest,1,issued_ballots,892935
2171,2004-11-28,president_b,RO42,Vest,2,ADRIAN NASTASE,359300
2172,2004-11-28,president_b,RO42,Vest,2,TRAIAN BASESCU,525522
2173,2007-11-25,european,RO11,Nord-Vest,0,eligible_voters,2299466
2174,2007-11-25,european,RO11,Nord-Vest,1,issued_ballots,704322
2175,2007-11-25,european,RO11,Nord-Vest,2,CANDIDAT INDEPENDENT,45820
2176,2007-11-25,european,RO11,Nord-Vest,2,PAS,3456
2177,2007-11-25,european,RO11,Nord-Vest,2,PC,13378
2178,2007-11-25,european,RO11,Nord-Vest,2,PD,192777
2179,2007-11-25,european,RO11,Nord-Vest,2,PIN,16506
2180,2007-11-25,european,RO11,Nord-Vest,2,PLD,31621
2181,2007-11-25,european,RO11,Nord-Vest,2,PNG-CD,23434
2182,2007-11-25,european,RO11,Nord-Vest,2,PNL,80815
2183,2007-11-25,european,RO11,Nord-Vest,2,PNTCD,10620
2184,2007-11-25,european,RO11,Nord-Vest,2,PRM,28378
2185,2007-11-25,european,RO11,Nord-Vest,2,PRPE,6676
2186,2007-11-25,european,RO11,Nord-Vest,2,PSD,116549
2187,2007-11-25,european,RO11,Nord-Vest,2,PV,1954
2188,2007-11-25,european,RO11,Nord-Vest,2,UDMR,107382
2189,2007-11-25,european,RO12,Centru,0,eligible_voters,2149133
2190,2007-11-25,european,RO12,Centru,1,issued_ballots,702924
2191,2007-11-25,european,RO12,Centru,2,CANDIDAT INDEPENDENT,106732
2192,2007-11-25,european,RO12,Centru,2,PAS,3628
2193,2007-11-25,european,RO12,Centru,2,PC,11112
2194,2007-11-25,european,RO12,Centru,2,PD,152358
2195,2007-11-25,european,RO12,Centru,2,PIN,13120
2196,2007-11-25,european,RO12,Centru,2,PLD,34976
2197,2007-11-25,european,RO12,Centru,2,PNG-CD,22545
2198,2007-11-25,european,RO12,Centru,2,PNL,60308
2199,2007-11-25,european,RO12,Centru,2,PNTCD,7917
2200,2007-11-25,european,RO12,Centru,2,PRM,23160
2201,2007-11-25,european,RO12,Centru,2,PRPE,8376
2202,2007-11-25,european,RO12,Centru,2,PSD,83625
2203,2007-11-25,european,RO12,Centru,2,PV,2269
2204,2007-11-25,european,RO12,Centru,2,UDMR,143957
2205,2007-11-25,european,RO21,Nord-Est,0,eligible_voters,3032417
2206,2007-11-25,european,RO21,Nord-Est,1,issued_ballots,943366
2207,2007-11-25,european,RO21,Nord-Est,2,CANDIDAT INDEPENDENT,6784
2208,2007-11-25,european,RO21,Nord-Est,2,PAS,7469
2209,2007-11-25,european,RO21,Nord-Est,2,PC,21704
2210,2007-11-25,european,RO21,Nord-Est,2,PD,210085
2211,2007-11-25,european,RO21,Nord-Est,2,PIN,18199
2212,2007-11-25,european,RO21,Nord-Est,2,PLD,105563
2213,2007-11-25,european,RO21,Nord-Est,2,PNG-CD,43777
2214,2007-11-25,european,RO21,Nord-Est,2,PNL,140943
2215,2007-11-25,european,RO21,Nord-Est,2,PNTCD,7507
2216,2007-11-25,european,RO21,Nord-Est,2,PRM,41454
2217,2007-11-25,european,RO21,Nord-Est,2,PRPE,7841
2218,2007-11-25,european,RO21,Nord-Est,2,PSD,272358
2219,2007-11-25,european,RO21,Nord-Est,2,PV,2696
2220,2007-11-25,european,RO21,Nord-Est,2,UDMR,2521
2221,2007-11-25,european,RO22,Sud-Est,0,eligible_voters,2398706
2222,2007-11-25,european,RO22,Sud-Est,1,issued_ballots,719160
2223,2007-11-25,european,RO22,Sud-Est,2,CANDIDAT INDEPENDENT,3264
2224,2007-11-25,european,RO22,Sud-Est,2,PAS,3723
2225,2007-11-25,european,RO22,Sud-Est,2,PC,29558
2226,2007-11-25,european,RO22,Sud-Est,2,PD,205348
2227,2007-11-25,european,RO22,Sud-Est,2,PIN,21642
2228,2007-11-25,european,RO22,Sud-Est,2,PLD,55440
2229,2007-11-25,european,RO22,Sud-Est,2,PNG-CD,36366
2230,2007-11-25,european,RO22,Sud-Est,2,PNL,92973
2231,2007-11-25,european,RO22,Sud-Est,2,PNTCD,7074
2232,2007-11-25,european,RO22,Sud-Est,2,PRM,25444
2233,2007-11-25,european,RO22,Sud-Est,2,PRPE,10101
2234,2007-11-25,european,RO22,Sud-Est,2,PSD,183536
2235,2007-11-25,european,RO22,Sud-Est,2,PV,3634
2236,2007-11-25,european,RO22,Sud-Est,2,UDMR,1642
2237,2007-11-25,european,RO31,Sud-Muntenia,0,eligible_voters,2759717
2238,2007-11-25,european,RO31,Sud-Muntenia,1,issued_ballots,784933
2239,2007-11-25,european,RO31,Sud-Muntenia,2,CANDIDAT INDEPENDENT,3065
2240,2007-11-25,european,RO31,Sud-Muntenia,2,PAS,3521
2241,2007-11-25,european,RO31,Sud-Muntenia,2,PC,30851
2242,2007-11-25,european,RO31,Sud-Muntenia,2,PD,204774
2243,2007-11-25,european,RO31,Sud-Muntenia,2,PIN,14656
2244,2007-11-25,european,RO31,Sud-Muntenia,2,PLD,65764
2245,2007-11-25,european,RO31,Sud-Muntenia,2,PNG-CD,46127
2246,2007-11-25,european,RO31,Sud-Muntenia,2,PNL,111720
2247,2007-11-25,european,RO31,Sud-Muntenia,2,PNTCD,9494
2248,2007-11-25,european,RO31,Sud-Muntenia,2,PRM,29264
2249,2007-11-25,european,RO31,Sud-Muntenia,2,PRPE,11646
2250,2007-11-25,european,RO31,Sud-Muntenia,2,PSD,209707
2251,2007-11-25,european,RO31,Sud-Muntenia,2,PV,2714
2252,2007-11-25,european,RO31,Sud-Muntenia,2,UDMR,1732
2253,2007-11-25,european,RO32,Bucureşti-Ilfov,0,eligible_voters,2015127
2254,2007-11-25,european,RO32,Bucureşti-Ilfov,1,issued_ballots,445193
2255,2007-11-25,european,RO32,Bucureşti-Ilfov,2,CANDIDAT INDEPENDENT,1681
2256,2007-11-25,european,RO32,Bucureşti-Ilfov,2,PAS,1488
2257,2007-11-25,european,RO32,Bucureşti-Ilfov,2,PC,10043
2258,2007-11-25,european,RO32,Bucureşti-Ilfov,2,PD,166963
2259,2007-11-25,european,RO32,Bucureşti-Ilfov,2,PIN,16158
2260,2007-11-25,european,RO32,Bucureşti-Ilfov,2,PLD,38492
2261,2007-11-25,european,RO32,Bucureşti-Ilfov,2,PNG-CD,28856
2262,2007-11-25,european,RO32,Bucureşti-Ilfov,2,PNL,60926
2263,2007-11-25,european,RO32,Bucureşti-Ilfov,2,PNTCD,9206
2264,2007-11-25,european,RO32,Bucureşti-Ilfov,2,PRM,17080
2265,2007-11-25,european,RO32,Bucureşti-Ilfov,2,PRPE,3281
2266,2007-11-25,european,RO32,Bucureşti-Ilfov,2,PSD,71233
2267,2007-11-25,european,RO32,Bucureşti-Ilfov,2,PV,2675
2268,2007-11-25,european,RO32,Bucureşti-Ilfov,2,UDMR,1852
2269,2007-11-25,european,RO41,Sud-Vest Oltenia,0,eligible_voters,1883952
2270,2007-11-25,european,RO41,Sud-Vest Oltenia,1,issued_ballots,583813
2271,2007-11-25,european,RO41,Sud-Vest Oltenia,2,CANDIDAT INDEPENDENT,1542
2272,2007-11-25,european,RO41,Sud-Vest Oltenia,2,PAS,3214
2273,2007-11-25,european,RO41,Sud-Vest Oltenia,2,PC,17227
2274,2007-11-25,european,RO41,Sud-Vest Oltenia,2,PD,167661
2275,2007-11-25,european,RO41,Sud-Vest Oltenia,2,PIN,13706
2276,2007-11-25,european,RO41,Sud-Vest Oltenia,2,PLD,31596
2277,2007-11-25,european,RO41,Sud-Vest Oltenia,2,PNG-CD,27000
2278,2007-11-25,european,RO41,Sud-Vest Oltenia,2,PNL,80901
2279,2007-11-25,european,RO41,Sud-Vest Oltenia,2,PNTCD,7281
2280,2007-11-25,european,RO41,Sud-Vest Oltenia,2,PRM,28104
2281,2007-11-25,european,RO41,Sud-Vest Oltenia,2,PRPE,7416
2282,2007-11-25,european,RO41,Sud-Vest Oltenia,2,PSD,166528
2283,2007-11-25,european,RO41,Sud-Vest Oltenia,2,PV,1671
2284,2007-11-25,european,RO41,Sud-Vest Oltenia,2,UDMR,1942
2285,2007-11-25,european,RO42,Vest,0,eligible_voters,1686079
2286,2007-11-25,european,RO42,Vest,1,issued_ballots,463903
2287,2007-11-25,european,RO42,Vest,2,CANDIDAT INDEPENDENT,5729
2288,2007-11-25,european,RO42,Vest,2,PAS,1931
2289,2007-11-25,european,RO42,Vest,2,PC,16263
2290,2007-11-25,european,RO42,Vest,2,PD,166351
2291,2007-11-25,european,RO42,Vest,2,PIN,10296
2292,2007-11-25,european,RO42,Vest,2,PLD,33079
2293,2007-11-25,european,RO42,Vest,2,PNG-CD,20033
2294,2007-11-25,european,RO42,Vest,2,PNL,57984
2295,2007-11-25,european,RO42,Vest,2,PNTCD,11338
2296,2007-11-25,european,RO42,Vest,2,PRM,19009
2297,2007-11-25,european,RO42,Vest,2,PRPE,3424
2298,2007-11-25,european,RO42,Vest,2,PSD,78521
2299,2007-11-25,european,RO42,Vest,2,PV,1937
2300,2007-11-25,european,RO42,Vest,2,UDMR,21285
2301,2008-11-30,parliament,RO11,Nord-Vest,0,eligible_voters,2326452
2302,2008-11-30,parliament,RO11,Nord-Vest,1,issued_ballots,905227
2303,2008-11-30,parliament,RO11,Nord-Vest,2,A-Albanezi,646
2304,2008-11-30,parliament,RO11,Nord-Vest,2,A-Macedoni,960
2305,2008-11-30,parliament,RO11,Nord-Vest,2,C-Rusi,594
2306,2008-11-30,parliament,RO11,Nord-Vest,2,FC-Evrei,1439
2307,2008-11-30,parliament,RO11,Nord-Vest,2,FDGR,2170
2308,2008-11-30,parliament,RO11,Nord-Vest,2,PD,264041
2309,2008-11-30,parliament,RO11,Nord-Vest,2,PHR,5917
2310,2008-11-30,parliament,RO11,Nord-Vest,2,PNG,18476
2311,2008-11-30,parliament,RO11,Nord-Vest,2,PNL,158361
2312,2008-11-30,parliament,RO11,Nord-Vest,2,PPPS,411
2313,2008-11-30,parliament,RO11,Nord-Vest,2,PPU,814
2314,2008-11-30,parliament,RO11,Nord-Vest,2,PRM,30641
2315,2008-11-30,parliament,RO11,Nord-Vest,2,PSD,204548
2316,2008-11-30,parliament,RO11,Nord-Vest,2,PVE,823
2317,2008-11-30,parliament,RO11,Nord-Vest,2,RO.AS.IT,793
2318,2008-11-30,parliament,RO11,Nord-Vest,2,U-Armeni,1314
2319,2008-11-30,parliament,RO11,Nord-Vest,2,U-Croati,889
2320,2008-11-30,parliament,RO11,Nord-Vest,2,U-Eleni,757
2321,2008-11-30,parliament,RO11,Nord-Vest,2,U-Polonezi,412
2322,2008-11-30,parliament,RO11,Nord-Vest,2,U-Ruteni,490
2323,2008-11-30,parliament,RO11,Nord-Vest,2,U-Sirbi,558
2324,2008-11-30,parliament,RO11,Nord-Vest,2,U-Slovaci,3774
2325,2008-11-30,parliament,RO11,Nord-Vest,2,U-Tatari,722
2326,2008-11-30,parliament,RO11,Nord-Vest,2,U-Turca,671
2327,2008-11-30,parliament,RO11,Nord-Vest,2,U-Ucrainen,1503
2328,2008-11-30,parliament,RO11,Nord-Vest,2,UBBR,1570
2329,2008-11-30,parliament,RO11,Nord-Vest,2,UDMR,168726
2330,2008-11-30,parliament,RO12,Centru,0,eligible_voters,2166318
2331,2008-11-30,parliament,RO12,Centru,1,issued_ballots,841376
2332,2008-11-30,parliament,RO12,Centru,2,A-Albanezi,586
2333,2008-11-30,parliament,RO12,Centru,2,A-Macedoni,855
2334,2008-11-30,parliament,RO12,Centru,2,C-Rusi,497
2335,2008-11-30,parliament,RO12,Centru,2,FC-Evrei,1423
2336,2008-11-30,parliament,RO12,Centru,2,FDGR,7984
2337,2008-11-30,parliament,RO12,Centru,2,PD,232895
2338,2008-11-30,parliament,RO12,Centru,2,PHR,5853
2339,2008-11-30,parliament,RO12,Centru,2,PNG,11152
2340,2008-11-30,parliament,RO12,Centru,2,PNL,125998
2341,2008-11-30,parliament,RO12,Centru,2,PPPS,290
2342,2008-11-30,parliament,RO12,Centru,2,PPU,15885
2343,2008-11-30,parliament,RO12,Centru,2,PRM,21791
2344,2008-11-30,parliament,RO12,Centru,2,PSD,148945
2345,2008-11-30,parliament,RO12,Centru,2,PVE,3899
2346,2008-11-30,parliament,RO12,Centru,2,RO.AS.IT,721
2347,2008-11-30,parliament,RO12,Centru,2,U-Armeni,888
2348,2008-11-30,parliament,RO12,Centru,2,U-Croati,603
2349,2008-11-30,parliament,RO12,Centru,2,U-Eleni,839
2350,2008-11-30,parliament,RO12,Centru,2,U-Polonezi,509
2351,2008-11-30,parliament,RO12,Centru,2,U-Ruteni,516
2352,2008-11-30,parliament,RO12,Centru,2,U-Sirbi,495
2353,2008-11-30,parliament,RO12,Centru,2,U-Slovaci,1018
2354,2008-11-30,parliament,RO12,Centru,2,U-Tatari,656
2355,2008-11-30,parliament,RO12,Centru,2,U-Turca,684
2356,2008-11-30,parliament,RO12,Centru,2,U-Ucrainen,677
2357,2008-11-30,parliament,RO12,Centru,2,UBBR,1252
2358,2008-11-30,parliament,RO12,Centru,2,UDMR,215998
2359,2008-11-30,parliament,RO21,Nord-Est,0,eligible_voters,3076243
2360,2008-11-30,parliament,RO21,Nord-Est,1,issued_ballots,1210436
2361,2008-11-30,parliament,RO21,Nord-Est,2,A-Albanezi,2551
2362,2008-11-30,parliament,RO21,Nord-Est,2,A-Macedoni,4676
2363,2008-11-30,parliament,RO21,Nord-Est,2,C-Rusi,2554
2364,2008-11-30,parliament,RO21,Nord-Est,2,FC-Evrei,8194
2365,2008-11-30,parliament,RO21,Nord-Est,2,FDGR,3637
2366,2008-11-30,parliament,RO21,Nord-Est,2,PD,379029
2367,2008-11-30,parliament,RO21,Nord-Est,2,PHR,9061
2368,2008-11-30,parliament,RO21,Nord-Est,2,PNG,24929
2369,2008-11-30,parliament,RO21,Nord-Est,2,PNL,226951
2370,2008-11-30,parliament,RO21,Nord-Est,2,PPPS,2208
2371,2008-11-30,parliament,RO21,Nord-Est,2,PPU,1212
2372,2008-11-30,parliament,RO21,Nord-Est,2,PRM,35851
2373,2008-11-30,parliament,RO21,Nord-Est,2,PSD,399586
2374,2008-11-30,parliament,RO21,Nord-Est,2,PVE,2179
2375,2008-11-30,parliament,RO21,Nord-Est,2,RO.AS.IT,2847
2376,2008-11-30,parliament,RO21,Nord-Est,2,U-Armeni,3322
2377,2008-11-30,parliament,RO21,Nord-Est,2,U-Croati,2051
2378,2008-11-30,parliament,RO21,Nord-Est,2,U-Eleni,1865
2379,2008-11-30,parliament,RO21,Nord-Est,2,U-Polonezi,4075
2380,2008-11-30,parliament,RO21,Nord-Est,2,U-Ruteni,994
2381,2008-11-30,parliament,RO21,Nord-Est,2,U-Sirbi,1361
2382,2008-11-30,parliament,RO21,Nord-Est,2,U-Slovaci,2822
2383,2008-11-30,parliament,RO21,Nord-Est,2,U-Tatari,2449
2384,2008-11-30,parliament,RO21,Nord-Est,2,U-Turca,2055
2385,2008-11-30,parliament,RO21,Nord-Est,2,U-Ucrainen,2526
2386,2008-11-30,parliament,RO21,Nord-Est,2,UBBR,3505
2387,2008-11-30,parliament,RO21,Nord-Est,2,UDMR,3082
2388,2008-11-30,parliament,RO22,Sud-Est,0,eligible_voters,2426173
2389,2008-11-30,parliament,RO22,Sud-Est,1,issued_ballots,999639
2390,2008-11-30,parliament,RO22,Sud-Est,2,A-Albanezi,1201
2391,2008-11-30,parliament,RO22,Sud-Est,2,A-Macedoni,1412
2392,2008-11-30,parliament,RO22,Sud-Est,2,C-Rusi,3269
2393,2008-11-30,parliament,RO22,Sud-Est,2,FC-Evrei,3083
2394,2008-11-30,parliament,RO22,Sud-Est,2,FDGR,1840
2395,2008-11-30,parliament,RO22,Sud-Est,2,PD,263188
2396,2008-11-30,parliament,RO22,Sud-Est,2,PHR,7620
2397,2008-11-30,parliament,RO22,Sud-Est,2,PNDC,316
2398,2008-11-30,parliament,RO22,Sud-Est,2,PNG,19612
2399,2008-11-30,parliament,RO22,Sud-Est,2,PNL,165057
2400,2008-11-30,parliament,RO22,Sud-Est,2,PPPS,1645
2401,2008-11-30,parliament,RO22,Sud-Est,2,PPU,2964
2402,2008-11-30,parliament,RO22,Sud-Est,2,PRM,27205
2403,2008-11-30,parliament,RO22,Sud-Est,2,PSD,421888
2404,2008-11-30,parliament,RO22,Sud-Est,2,PVE,609
2405,2008-11-30,parliament,RO22,Sud-Est,2,RO.AS.IT,1476
2406,2008-11-30,parliament,RO22,Sud-Est,2,U-Armeni,1593
2407,2008-11-30,parliament,RO22,Sud-Est,2,U-Croati,1414
2408,2008-11-30,parliament,RO22,Sud-Est,2,U-Eleni,1730
2409,2008-11-30,parliament,RO22,Sud-Est,2,U-Polonezi,900
2410,2008-11-30,parliament,RO22,Sud-Est,2,U-Ruteni,437
2411,2008-11-30,parliament,RO22,Sud-Est,2,U-Sirbi,1444
2412,2008-11-30,parliament,RO22,Sud-Est,2,U-Slovaci,2543
2413,2008-11-30,parliament,RO22,Sud-Est,2,U-Tatari,5094
2414,2008-11-30,parliament,RO22,Sud-Est,2,U-Turca,3010
2415,2008-11-30,parliament,RO22,Sud-Est,2,U-Ucrainen,1037
2416,2008-11-30,parliament,RO22,Sud-Est,2,UBBR,1652
2417,2008-11-30,parliament,RO22,Sud-Est,2,UDMR,1806
2418,2008-11-30,parliament,RO31,Sud-Muntenia,0,eligible_voters,2793960
2419,2008-11-30,parliament,RO31,Sud-Muntenia,1,issued_ballots,1136769
2420,2008-11-30,parliament,RO31,Sud-Muntenia,2,A-Albanezi,1207
2421,2008-11-30,parliament,RO31,Sud-Muntenia,2,A-Macedoni,1290
2422,2008-11-30,parliament,RO31,Sud-Muntenia,2,C-Rusi,865
2423,2008-11-30,parliament,RO31,Sud-Muntenia,2,FC-Evrei,2246
2424,2008-11-30,parliament,RO31,Sud-Muntenia,2,FDGR,1644
2425,2008-11-30,parliament,RO31,Sud-Muntenia,2,PD,354052
2426,2008-11-30,parliament,RO31,Sud-Muntenia,2,PHR,6378
2427,2008-11-30,parliament,RO31,Sud-Muntenia,2,PNG,26598
2428,2008-11-30,parliament,RO31,Sud-Muntenia,2,PNL,243981
2429,2008-11-30,parliament,RO31,Sud-Muntenia,2,PPPS,2614
2430,2008-11-30,parliament,RO31,Sud-Muntenia,2,PPU,2473
2431,2008-11-30,parliament,RO31,Sud-Muntenia,2,PRM,33919
2432,2008-11-30,parliament,RO31,Sud-Muntenia,2,PSD,381378
2433,2008-11-30,parliament,RO31,Sud-Muntenia,2,PVE,314
2434,2008-11-30,parliament,RO31,Sud-Muntenia,2,RO.AS.IT,1581
2435,2008-11-30,parliament,RO31,Sud-Muntenia,2,U-Armeni,2286
2436,2008-11-30,parliament,RO31,Sud-Muntenia,2,U-Croati,1694
2437,2008-11-30,parliament,RO31,Sud-Muntenia,2,U-Eleni,1854
2438,2008-11-30,parliament,RO31,Sud-Muntenia,2,U-Polonezi,663
2439,2008-11-30,parliament,RO31,Sud-Muntenia,2,U-Ruteni,474
2440,2008-11-30,parliament,RO31,Sud-Muntenia,2,U-Sirbi,1677
2441,2008-11-30,parliament,RO31,Sud-Muntenia,2,U-Slovaci,1739
2442,2008-11-30,parliament,RO31,Sud-Muntenia,2,U-Tatari,1011
2443,2008-11-30,parliament,RO31,Sud-Muntenia,2,U-Turca,1168
2444,2008-11-30,parliament,RO31,Sud-Muntenia,2,U-Ucrainen,1412
2445,2008-11-30,parliament,RO31,Sud-Muntenia,2,UBBR,1249
2446,2008-11-30,parliament,RO31,Sud-Muntenia,2,UDMR,1805
2447,2008-11-30,parliament,RO32,Bucureşti-Ilfov,0,eligible_voters,2042942
2448,2008-11-30,parliament,RO32,Bucureşti-Ilfov,1,issued_ballots,661544
2449,2008-11-30,parliament,RO32,Bucureşti-Ilfov,2,A-Albanezi,499
2450,2008-11-30,parliament,RO32,Bucureşti-Ilfov,2,A-Macedoni,740
2451,2008-11-30,parliament,RO32,Bucureşti-Ilfov,2,C-Rusi,425
2452,2008-11-30,parliament,RO32,Bucureşti-Ilfov,2,FC-Evrei,2334
2453,2008-11-30,parliament,RO32,Bucureşti-Ilfov,2,FDGR,1231
2454,2008-11-30,parliament,RO32,Bucureşti-Ilfov,2,PD,240504
2455,2008-11-30,parliament,RO32,Bucureşti-Ilfov,2,PHR,2085
2456,2008-11-30,parliament,RO32,Bucureşti-Ilfov,2,PNG,29410
2457,2008-11-30,parliament,RO32,Bucureşti-Ilfov,2,PNL,109747
2458,2008-11-30,parliament,RO32,Bucureşti-Ilfov,2,PPPS,1065
2459,2008-11-30,parliament,RO32,Bucureşti-Ilfov,2,PPU,3589
2460,2008-11-30,parliament,RO32,Bucureşti-Ilfov,2,PRE,87
2461,2008-11-30,parliament,RO32,Bucureşti-Ilfov,2,PRM,23894
2462,2008-11-30,parliament,RO32,Bucureşti-Ilfov,2,PSD,208668
2463,2008-11-30,parliament,RO32,Bucureşti-Ilfov,2,PVE,4140
2464,2008-11-30,parliament,RO32,Bucureşti-Ilfov,2,RO.AS.IT,555
2465,2008-11-30,parliament,RO32,Bucureşti-Ilfov,2,U-Armeni,2050
2466,2008-11-30,parliament,RO32,Bucureşti-Ilfov,2,U-Croati,463
2467,2008-11-30,parliament,RO32,Bucureşti-Ilfov,2,U-Eleni,659
2468,2008-11-30,parliament,RO32,Bucureşti-Ilfov,2,U-Polonezi,382
2469,2008-11-30,parliament,RO32,Bucureşti-Ilfov,2,U-Ruteni,187
2470,2008-11-30,parliament,RO32,Bucureşti-Ilfov,2,U-Sirbi,514
2471,2008-11-30,parliament,RO32,Bucureşti-Ilfov,2,U-Slovaci,307
2472,2008-11-30,parliament,RO32,Bucureşti-Ilfov,2,U-Tatari,479
2473,2008-11-30,parliament,RO32,Bucureşti-Ilfov,2,U-Turca,325
2474,2008-11-30,parliament,RO32,Bucureşti-Ilfov,2,U-Ucrainen,226
2475,2008-11-30,parliament,RO32,Bucureşti-Ilfov,2,UBBR,471
2476,2008-11-30,parliament,RO32,Bucureşti-Ilfov,2,UDMR,2124
2477,2008-11-30,parliament,RO41,Sud-Vest Oltenia,0,eligible_voters,1901477
2478,2008-11-30,parliament,RO41,Sud-Vest Oltenia,1,issued_ballots,834035
2479,2008-11-30,parliament,RO41,Sud-Vest Oltenia,2,A-Albanezi,1371
2480,2008-11-30,parliament,RO41,Sud-Vest Oltenia,2,A-Macedoni,1240
2481,2008-11-30,parliament,RO41,Sud-Vest Oltenia,2,C-Rusi,493
2482,2008-11-30,parliament,RO41,Sud-Vest Oltenia,2,FC-Evrei,2023
2483,2008-11-30,parliament,RO41,Sud-Vest Oltenia,2,FDGR,1135
2484,2008-11-30,parliament,RO41,Sud-Vest Oltenia,2,PD,249619
2485,2008-11-30,parliament,RO41,Sud-Vest Oltenia,2,PHR,4390
2486,2008-11-30,parliament,RO41,Sud-Vest Oltenia,2,PNG,12359
2487,2008-11-30,parliament,RO41,Sud-Vest Oltenia,2,PNL,134831
2488,2008-11-30,parliament,RO41,Sud-Vest Oltenia,2,PPPS,155
2489,2008-11-30,parliament,RO41,Sud-Vest Oltenia,2,PPU,1067
2490,2008-11-30,parliament,RO41,Sud-Vest Oltenia,2,PRM,22044
2491,2008-11-30,parliament,RO41,Sud-Vest Oltenia,2,PSD,345437
2492,2008-11-30,parliament,RO41,Sud-Vest Oltenia,2,PSR,585
2493,2008-11-30,parliament,RO41,Sud-Vest Oltenia,2,PVE,2480
2494,2008-11-30,parliament,RO41,Sud-Vest Oltenia,2,RO.AS.IT,830
2495,2008-11-30,parliament,RO41,Sud-Vest Oltenia,2,U-Armeni,1158
2496,2008-11-30,parliament,RO41,Sud-Vest Oltenia,2,U-Croati,613
2497,2008-11-30,parliament,RO41,Sud-Vest Oltenia,2,U-Eleni,705
2498,2008-11-30,parliament,RO41,Sud-Vest Oltenia,2,U-Polonezi,449
2499,2008-11-30,parliament,RO41,Sud-Vest Oltenia,2,U-Ruteni,626
2500,2008-11-30,parliament,RO41,Sud-Vest Oltenia,2,U-Sirbi,731
2501,2008-11-30,parliament,RO41,Sud-Vest Oltenia,2,U-Slovaci,1491
2502,2008-11-30,parliament,RO41,Sud-Vest Oltenia,2,U-Tatari,1050
2503,2008-11-30,parliament,RO41,Sud-Vest Oltenia,2,U-Turca,883
2504,2008-11-30,parliament,RO41,Sud-Vest Oltenia,2,U-Ucrainen,788
2505,2008-11-30,parliament,RO41,Sud-Vest Oltenia,2,UBBR,873
2506,2008-11-30,parliament,RO41,Sud-Vest Oltenia,2,UDMR,1811
2507,2008-11-30,parliament,RO42,Vest,0,eligible_voters,1706701
2508,2008-11-30,parliament,RO42,Vest,1,issued_ballots,625837
2509,2008-11-30,parliament,RO42,Vest,2,A-Albanezi,710
2510,2008-11-30,parliament,RO42,Vest,2,A-Macedoni,601
2511,2008-11-30,parliament,RO42,Vest,2,C-Rusi,465
2512,2008-11-30,parliament,RO42,Vest,2,FC-Evrei,1479
2513,2008-11-30,parliament,RO42,Vest,2,FDGR,3392
2514,2008-11-30,parliament,RO42,Vest,2,PD,234573
2515,2008-11-30,parliament,RO42,Vest,2,PHR,2655
2516,2008-11-30,parliament,RO42,Vest,2,PNG,13676
2517,2008-11-30,parliament,RO42,Vest,2,PNL,109137
2518,2008-11-30,parliament,RO42,Vest,2,PRM,21231
2519,2008-11-30,parliament,RO42,Vest,2,PSD,165424
2520,2008-11-30,parliament,RO42,Vest,2,PVE,3835
2521,2008-11-30,parliament,RO42,Vest,2,RO.AS.IT,663
2522,2008-11-30,parliament,RO42,Vest,2,U-Armeni,1087
2523,2008-11-30,parliament,RO42,Vest,2,U-Croati,1301
2524,2008-11-30,parliament,RO42,Vest,2,U-Eleni,432
2525,2008-11-30,parliament,RO42,Vest,2,U-Polonezi,258
2526,2008-11-30,parliament,RO42,Vest,2,U-Ruteni,781
2527,2008-11-30,parliament,RO42,Vest,2,U-Sirbi,4074
2528,2008-11-30,parliament,RO42,Vest,2,U-Slovaci,1666
2529,2008-11-30,parliament,RO42,Vest,2,U-Tatari,359
2530,2008-11-30,parliament,RO42,Vest,2,U-Turca,662
2531,2008-11-30,parliament,RO42,Vest,2,U-Ucrainen,1150
2532,2008-11-30,parliament,RO42,Vest,2,UBBR,3445
2533,2008-11-30,parliament,RO42,Vest,2,UDMR,28663
2534,2009-06-07,european,RO11,Nord-Vest,0,eligible_voters,2298626
2535,2009-06-07,european,RO11,Nord-Vest,1,issued_ballots,679953
2536,2009-06-07,european,RO11,Nord-Vest,2,CANDIDAT INDEPENDENT,29704
2537,2009-06-07,european,RO11,Nord-Vest,2,PD,180556
2538,2009-06-07,european,RO11,Nord-Vest,2,PNL,88552
2539,2009-06-07,european,RO11,Nord-Vest,2,PNTCD,10577
2540,2009-06-07,european,RO11,Nord-Vest,2,PRM,45019
2541,2009-06-07,european,RO11,Nord-Vest,2,PSD,150669
2542,2009-06-07,european,RO11,Nord-Vest,2,UDMR,152941
2543,2009-06-07,european,RO12,Centru,0,eligible_voters,2145286
2544,2009-06-07,european,RO12,Centru,1,issued_ballots,633563
2545,2009-06-07,european,RO12,Centru,2,CANDIDAT INDEPENDENT,26103
2546,2009-06-07,european,RO12,Centru,2,PD,132023
2547,2009-06-07,european,RO12,Centru,2,PNL,61186
2548,2009-06-07,european,RO12,Centru,2,PNTCD,6907
2549,2009-06-07,european,RO12,Centru,2,PRM,36176
2550,2009-06-07,european,RO12,Centru,2,PSD,103524
2551,2009-06-07,european,RO12,Centru,2,UDMR,244261
2552,2009-06-07,european,RO21,Nord-Est,0,eligible_voters,3030638
2553,2009-06-07,european,RO21,Nord-Est,1,issued_ballots,780857
2554,2009-06-07,european,RO21,Nord-Est,2,CANDIDAT INDEPENDENT,50137
2555,2009-06-07,european,RO21,Nord-Est,2,PD,238131
2556,2009-06-07,european,RO21,Nord-Est,2,PNL,113477
2557,2009-06-07,european,RO21,Nord-Est,2,PNTCD,9497
2558,2009-06-07,european,RO21,Nord-Est,2,PRM,67107
2559,2009-06-07,european,RO21,Nord-Est,2,PSD,254445
2560,2009-06-07,european,RO21,Nord-Est,2,UDMR,2720
2561,2009-06-07,european,RO22,Sud-Est,0,eligible_voters,2390344
2562,2009-06-07,european,RO22,Sud-Est,1,issued_ballots,605039
2563,2009-06-07,european,RO22,Sud-Est,2,CANDIDAT INDEPENDENT,34487
2564,2009-06-07,european,RO22,Sud-Est,2,PD,162487
2565,2009-06-07,european,RO22,Sud-Est,2,PNL,92771
2566,2009-06-07,european,RO22,Sud-Est,2,PNTCD,7252
2567,2009-06-07,european,RO22,Sud-Est,2,PRM,54796
2568,2009-06-07,european,RO22,Sud-Est,2,PSD,221743
2569,2009-06-07,european,RO22,Sud-Est,2,UDMR,1413
2570,2009-06-07,european,RO31,Sud-Muntenia,0,eligible_voters,2749140
2571,2009-06-07,european,RO31,Sud-Muntenia,1,issued_ballots,884930
2572,2009-06-07,european,RO31,Sud-Muntenia,2,CANDIDAT INDEPENDENT,42106
2573,2009-06-07,european,RO31,Sud-Muntenia,2,PD,266974
2574,2009-06-07,european,RO31,Sud-Muntenia,2,PNL,127821
2575,2009-06-07,european,RO31,Sud-Muntenia,2,PNTCD,12126
2576,2009-06-07,european,RO31,Sud-Muntenia,2,PRM,73435
2577,2009-06-07,european,RO31,Sud-Muntenia,2,PSD,322525
2578,2009-06-07,european,RO31,Sud-Muntenia,2,UDMR,1617
2579,2009-06-07,european,RO32,Bucureşti-Ilfov,0,eligible_voters,2024060
2580,2009-06-07,european,RO32,Bucureşti-Ilfov,1,issued_ballots,389549
2581,2009-06-07,european,RO32,Bucureşti-Ilfov,2,CANDIDAT INDEPENDENT,22431
2582,2009-06-07,european,RO32,Bucureşti-Ilfov,2,PD,117735
2583,2009-06-07,european,RO32,Bucureşti-Ilfov,2,PNL,70783
2584,2009-06-07,european,RO32,Bucureşti-Ilfov,2,PNTCD,7976
2585,2009-06-07,european,RO32,Bucureşti-Ilfov,2,PRM,53850
2586,2009-06-07,european,RO32,Bucureşti-Ilfov,2,PSD,98057
2587,2009-06-07,european,RO32,Bucureşti-Ilfov,2,UDMR,1707
2588,2009-06-07,european,RO41,Sud-Vest Oltenia,0,eligible_voters,1875720
2589,2009-06-07,european,RO41,Sud-Vest Oltenia,1,issued_ballots,623495
2590,2009-06-07,european,RO41,Sud-Vest Oltenia,2,CANDIDAT INDEPENDENT,21230
2591,2009-06-07,european,RO41,Sud-Vest Oltenia,2,PD,195141
2592,2009-06-07,european,RO41,Sud-Vest Oltenia,2,PNL,81619
2593,2009-06-07,european,RO41,Sud-Vest Oltenia,2,PNTCD,7687
2594,2009-06-07,european,RO41,Sud-Vest Oltenia,2,PRM,51603
2595,2009-06-07,european,RO41,Sud-Vest Oltenia,2,PSD,242975
2596,2009-06-07,european,RO41,Sud-Vest Oltenia,2,UDMR,1888
2597,2009-06-07,european,RO42,Vest,0,eligible_voters,1683502
2598,2009-06-07,european,RO42,Vest,1,issued_ballots,423583
2599,2009-06-07,european,RO42,Vest,2,CANDIDAT INDEPENDENT,26237
2600,2009-06-07,european,RO42,Vest,2,PD,139841
2601,2009-06-07,european,RO42,Vest,2,PNL,64606
2602,2009-06-07,european,RO42,Vest,2,PNTCD,8124
2603,2009-06-07,european,RO42,Vest,2,PRM,35725
2604,2009-06-07,european,RO42,Vest,2,PSD,108232
2605,2009-06-07,european,RO42,Vest,2,UDMR,24206
2606,2009-11-22,president_a,RO11,Nord-Vest,0,eligible_voters,2311271
2607,2009-11-22,president_a,RO11,Nord-Vest,1,issued_ballots,1191001
2608,2009-11-22,president_a,RO11,Nord-Vest,2,Constantin Ninel Potarca,3038
2609,2009-11-22,president_a,RO11,Nord-Vest,2,Constantin Rotaru,5557
2610,2009-11-22,president_a,RO11,Nord-Vest,2,Corneliu Vadim Tudor,53069
2611,2009-11-22,president_a,RO11,Nord-Vest,2,Crin Antonescu,228353
2612,2009-11-22,president_a,RO11,Nord-Vest,2,Gheorghe-Eduard Manole,3611
2613,2009-11-22,president_a,RO11,Nord-Vest,2,Hunor Kelemen,134462
2614,2009-11-22,president_a,RO11,Nord-Vest,2,Mircea Geoana,269937
2615,2009-11-22,president_a,RO11,Nord-Vest,2,Ovidiu Cristian Iane,2772
2616,2009-11-22,president_a,RO11,Nord-Vest,2,PNG,16890
2617,2009-11-22,president_a,RO11,Nord-Vest,2,Remus Cernea,8385
2618,2009-11-22,president_a,RO11,Nord-Vest,2,Sorin Oprescu,23098
2619,2009-11-22,president_a,RO11,Nord-Vest,2,Traian Basescu,418235
2620,2009-11-22,president_a,RO12,Centru,0,eligible_voters,2156374
2621,2009-11-22,president_a,RO12,Centru,1,issued_ballots,1110247
2622,2009-11-22,president_a,RO12,Centru,2,Constantin Ninel Potarca,3143
2623,2009-11-22,president_a,RO12,Centru,2,Constantin Rotaru,3984
2624,2009-11-22,president_a,RO12,Centru,2,Corneliu Vadim Tudor,45595
2625,2009-11-22,president_a,RO12,Centru,2,Crin Antonescu,209274
2626,2009-11-22,president_a,RO12,Centru,2,Gheorghe-Eduard Manole,3359
2627,2009-11-22,president_a,RO12,Centru,2,Hunor Kelemen,206845
2628,2009-11-22,president_a,RO12,Centru,2,Mircea Geoana,201750
2629,2009-11-22,president_a,RO12,Centru,2,Ovidiu Cristian Iane,3347
2630,2009-11-22,president_a,RO12,Centru,2,PNG,17831
2631,2009-11-22,president_a,RO12,Centru,2,Remus Cernea,7273
2632,2009-11-22,president_a,RO12,Centru,2,Sorin Oprescu,23488
2633,2009-11-22,president_a,RO12,Centru,2,Traian Basescu,356160
2634,2009-11-22,president_a,RO21,Nord-Est,0,eligible_voters,3050501
2635,2009-11-22,president_a,RO21,Nord-Est,1,issued_ballots,1584476
2636,2009-11-22,president_a,RO21,Nord-Est,2,Constantin Ninel Potarca,3618
2637,2009-11-22,president_a,RO21,Nord-Est,2,Constantin Rotaru,8135
2638,2009-11-22,president_a,RO21,Nord-Est,2,Corneliu Vadim Tudor,95240
2639,2009-11-22,president_a,RO21,Nord-Est,2,Crin Antonescu,294457
2640,2009-11-22,president_a,RO21,Nord-Est,2,Gheorghe-Eduard Manole,4943
2641,2009-11-22,president_a,RO21,Nord-Est,2,Hunor Kelemen,3208
2642,2009-11-22,president_a,RO21,Nord-Est,2,Mircea Geoana,566573
2643,2009-11-22,president_a,RO21,Nord-Est,2,Ovidiu Cristian Iane,3985
2644,2009-11-22,president_a,RO21,Nord-Est,2,PNG,34580
2645,2009-11-22,president_a,RO21,Nord-Est,2,Remus Cernea,8691
2646,2009-11-22,president_a,RO21,Nord-Est,2,Sorin Oprescu,53968
2647,2009-11-22,president_a,RO21,Nord-Est,2,Traian Basescu,459958
2648,2009-11-22,president_a,RO22,Sud-Est,0,eligible_voters,2403220
2649,2009-11-22,president_a,RO22,Sud-Est,1,issued_ballots,1301778
2650,2009-11-22,president_a,RO22,Sud-Est,2,Constantin Ninel Potarca,2790
2651,2009-11-22,president_a,RO22,Sud-Est,2,Constantin Rotaru,6426
2652,2009-11-22,president_a,RO22,Sud-Est,2,Corneliu Vadim Tudor,76324
2653,2009-11-22,president_a,RO22,Sud-Est,2,Crin Antonescu,233157
2654,2009-11-22,president_a,RO22,Sud-Est,2,Gheorghe-Eduard Manole,5180
2655,2009-11-22,president_a,RO22,Sud-Est,2,Hunor Kelemen,1599
2656,2009-11-22,president_a,RO22,Sud-Est,2,Mircea Geoana,453803
2657,2009-11-22,president_a,RO22,Sud-Est,2,Ovidiu Cristian Iane,2969
2658,2009-11-22,president_a,RO22,Sud-Est,2,PNG,27874
2659,2009-11-22,president_a,RO22,Sud-Est,2,Remus Cernea,7199
2660,2009-11-22,president_a,RO22,Sud-Est,2,Sorin Oprescu,46548
2661,2009-11-22,president_a,RO22,Sud-Est,2,Traian Basescu,404925
2662,2009-11-22,president_a,RO31,Sud-Muntenia,0,eligible_voters,2758238
2663,2009-11-22,president_a,RO31,Sud-Muntenia,1,issued_ballots,1597544
2664,2009-11-22,president_a,RO31,Sud-Muntenia,2,Constantin Ninel Potarca,3358
2665,2009-11-22,president_a,RO31,Sud-Muntenia,2,Constantin Rotaru,7960
2666,2009-11-22,president_a,RO31,Sud-Muntenia,2,Corneliu Vadim Tudor,100206
2667,2009-11-22,president_a,RO31,Sud-Muntenia,2,Crin Antonescu,283144
2668,2009-11-22,president_a,RO31,Sud-Muntenia,2,Gheorghe-Eduard Manole,5164
2669,2009-11-22,president_a,RO31,Sud-Muntenia,2,Hunor Kelemen,1493
2670,2009-11-22,president_a,RO31,Sud-Muntenia,2,Mircea Geoana,577893
2671,2009-11-22,president_a,RO31,Sud-Muntenia,2,Ovidiu Cristian Iane,2293
2672,2009-11-22,president_a,RO31,Sud-Muntenia,2,PNG,33170
2673,2009-11-22,president_a,RO31,Sud-Muntenia,2,Remus Cernea,8002
2674,2009-11-22,president_a,RO31,Sud-Muntenia,2,Sorin Oprescu,54533
2675,2009-11-22,president_a,RO31,Sud-Muntenia,2,Traian Basescu,479918
2676,2009-11-22,president_a,RO32,Bucureşti-Ilfov,0,eligible_voters,2036708
2677,2009-11-22,president_a,RO32,Bucureşti-Ilfov,1,issued_ballots,1078325
2678,2009-11-22,president_a,RO32,Bucureşti-Ilfov,2,Constantin Ninel Potarca,1381
2679,2009-11-22,president_a,RO32,Bucureşti-Ilfov,2,Constantin Rotaru,2643
2680,2009-11-22,president_a,RO32,Bucureşti-Ilfov,2,Corneliu Vadim Tudor,55124
2681,2009-11-22,president_a,RO32,Bucureşti-Ilfov,2,Crin Antonescu,298042
2682,2009-11-22,president_a,RO32,Bucureşti-Ilfov,2,Gheorghe-Eduard Manole,5566
2683,2009-11-22,president_a,RO32,Bucureşti-Ilfov,2,Hunor Kelemen,1683
2684,2009-11-22,president_a,RO32,Bucureşti-Ilfov,2,Mircea Geoana,271802
2685,2009-11-22,president_a,RO32,Bucureşti-Ilfov,2,Ovidiu Cristian Iane,2782
2686,2009-11-22,president_a,RO32,Bucureşti-Ilfov,2,PNG,20389
2687,2009-11-22,president_a,RO32,Bucureşti-Ilfov,2,Remus Cernea,9692
2688,2009-11-22,president_a,RO32,Bucureşti-Ilfov,2,Sorin Oprescu,56478
2689,2009-11-22,president_a,RO32,Bucureşti-Ilfov,2,Traian Basescu,337053
2690,2009-11-22,president_a,RO41,Sud-Vest Oltenia,0,eligible_voters,1881004
2691,2009-11-22,president_a,RO41,Sud-Vest Oltenia,1,issued_ballots,1104886
2692,2009-11-22,president_a,RO41,Sud-Vest Oltenia,2,Constantin Ninel Potarca,1957
2693,2009-11-22,president_a,RO41,Sud-Vest Oltenia,2,Constantin Rotaru,5424
2694,2009-11-22,president_a,RO41,Sud-Vest Oltenia,2,Corneliu Vadim Tudor,62928
2695,2009-11-22,president_a,RO41,Sud-Vest Oltenia,2,Crin Antonescu,195061
2696,2009-11-22,president_a,RO41,Sud-Vest Oltenia,2,Gheorghe-Eduard Manole,2221
2697,2009-11-22,president_a,RO41,Sud-Vest Oltenia,2,Hunor Kelemen,1604
2698,2009-11-22,president_a,RO41,Sud-Vest Oltenia,2,Mircea Geoana,448034
2699,2009-11-22,president_a,RO41,Sud-Vest Oltenia,2,Ovidiu Cristian Iane,1732
2700,2009-11-22,president_a,RO41,Sud-Vest Oltenia,2,PNG,15645
2701,2009-11-22,president_a,RO41,Sud-Vest Oltenia,2,Remus Cernea,4849
2702,2009-11-22,president_a,RO41,Sud-Vest Oltenia,2,Sorin Oprescu,20397
2703,2009-11-22,president_a,RO41,Sud-Vest Oltenia,2,Traian Basescu,320490
2704,2009-11-22,president_a,RO42,Vest,0,eligible_voters,1695961
2705,2009-11-22,president_a,RO42,Vest,1,issued_ballots,883423
2706,2009-11-22,president_a,RO42,Vest,2,Constantin Ninel Potarca,1911
2707,2009-11-22,president_a,RO42,Vest,2,Constantin Rotaru,3453
2708,2009-11-22,president_a,RO42,Vest,2,Corneliu Vadim Tudor,46814
2709,2009-11-22,president_a,RO42,Vest,2,Crin Antonescu,187894
2710,2009-11-22,president_a,RO42,Vest,2,Gheorghe-Eduard Manole,3778
2711,2009-11-22,president_a,RO42,Vest,2,Hunor Kelemen,20871
2712,2009-11-22,president_a,RO42,Vest,2,Mircea Geoana,226329
2713,2009-11-22,president_a,RO42,Vest,2,Ovidiu Cristian Iane,2404
2714,2009-11-22,president_a,RO42,Vest,2,PNG,17726
2715,2009-11-22,president_a,RO42,Vest,2,Remus Cernea,5499
2716,2009-11-22,president_a,RO42,Vest,2,Sorin Oprescu,28064
2717,2009-11-22,president_a,RO42,Vest,2,Traian Basescu,323997
2718,2009-11-22,president_b,RO11,Nord-Vest,0,eligible_voters,2311489
2719,2009-11-22,president_b,RO11,Nord-Vest,1,issued_ballots,1264853
2720,2009-11-22,president_b,RO11,Nord-Vest,2,PSD,549340
2721,2009-11-22,president_b,RO11,Nord-Vest,2,Traian Basescu,702473
2722,2009-11-22,president_b,RO12,Centru,0,eligible_voters,2156726
2723,2009-11-22,president_b,RO12,Centru,1,issued_ballots,1123093
2724,2009-11-22,president_b,RO12,Centru,2,PSD,479451
2725,2009-11-22,president_b,RO12,Centru,2,Traian Basescu,627828
2726,2009-11-22,president_b,RO21,Nord-Est,0,eligible_voters,3050687
2727,2009-11-22,president_b,RO21,Nord-Est,1,issued_ballots,1663413
2728,2009-11-22,president_b,RO21,Nord-Est,2,PSD,883984
2729,2009-11-22,president_b,RO21,Nord-Est,2,Traian Basescu,755025
2730,2009-11-22,president_b,RO22,Sud-Est,0,eligible_voters,2403304
2731,2009-11-22,president_b,RO22,Sud-Est,1,issued_ballots,1376462
2732,2009-11-22,president_b,RO22,Sud-Est,2,PSD,693574
2733,2009-11-22,president_b,RO22,Sud-Est,2,Traian Basescu,664397
2734,2009-11-22,president_b,RO31,Sud-Muntenia,0,eligible_voters,2757790
2735,2009-11-22,president_b,RO31,Sud-Muntenia,1,issued_ballots,1715416
2736,2009-11-22,president_b,RO31,Sud-Muntenia,2,PSD,895485
2737,2009-11-22,president_b,RO31,Sud-Muntenia,2,Traian Basescu,796117
2738,2009-11-22,president_b,RO32,Bucureşti-Ilfov,0,eligible_voters,2045078
2739,2009-11-22,president_b,RO32,Bucureşti-Ilfov,1,issued_ballots,1169383
2740,2009-11-22,president_b,RO32,Bucureşti-Ilfov,2,PSD,578094
2741,2009-11-22,president_b,RO32,Bucureşti-Ilfov,2,Traian Basescu,574285
2742,2009-11-22,president_b,RO41,Sud-Vest Oltenia,0,eligible_voters,1881864
2743,2009-11-22,president_b,RO41,Sud-Vest Oltenia,1,issued_ballots,1192411
2744,2009-11-22,president_b,RO41,Sud-Vest Oltenia,2,PSD,660204
2745,2009-11-22,president_b,RO41,Sud-Vest Oltenia,2,Traian Basescu,517551
2746,2009-11-22,president_b,RO42,Vest,0,eligible_voters,1696286
2747,2009-11-22,president_b,RO42,Vest,1,issued_ballots,967331
2748,2009-11-22,president_b,RO42,Vest,2,PSD,434583
2749,2009-11-22,president_b,RO42,Vest,2,Traian Basescu,522301
2750,2012-12-09,parliament,RO11,Nord-Vest,0,eligible_voters,2320717
2751,2012-12-09,parliament,RO11,Nord-Vest,1,issued_ballots,880602
2752,2012-12-09,parliament,RO11,Nord-Vest,2,AMR,1464
2753,2012-12-09,parliament,RO11,Nord-Vest,2,ARD,156640
2754,2012-12-09,parliament,RO11,Nord-Vest,2,C.R.L.R.,324
2755,2012-12-09,parliament,RO11,Nord-Vest,2,EMNP-PPMT,14333
2756,2012-12-09,parliament,RO11,Nord-Vest,2,FCER,1137
2757,2012-12-09,parliament,RO11,Nord-Vest,2,FDGR,3804
2758,2012-12-09,parliament,RO11,Nord-Vest,2,PER,6442
2759,2012-12-09,parliament,RO11,Nord-Vest,2,PHR,2745
2760,2012-12-09,parliament,RO11,Nord-Vest,2,PNL-Aripa tânără,1176
2761,2012-12-09,parliament,RO11,Nord-Vest,2,PPDD,93098
2762,2012-12-09,parliament,RO11,Nord-Vest,2,PPU,3442
2763,2012-12-09,parliament,RO11,Nord-Vest,2,PRM,8217
2764,2012-12-09,parliament,RO11,Nord-Vest,2,RO.AS.IT.,1015
2765,2012-12-09,parliament,RO11,Nord-Vest,2,UAR,838
2766,2012-12-09,parliament,RO11,Nord-Vest,2,UBBR,949
2767,2012-12-09,parliament,RO11,Nord-Vest,2,UCRR,784
2768,2012-12-09,parliament,RO11,Nord-Vest,2,UDMR,137820
2769,2012-12-09,parliament,RO11,Nord-Vest,2,UDSCR,3147
2770,2012-12-09,parliament,RO11,Nord-Vest,2,UDTR,458
2771,2012-12-09,parliament,RO11,Nord-Vest,2,UDTTMR,605
2772,2012-12-09,parliament,RO11,Nord-Vest,2,UER,783
2773,2012-12-09,parliament,RO11,Nord-Vest,2,UPR,490
2774,2012-12-09,parliament,RO11,Nord-Vest,2,USL,410191
2775,2012-12-09,parliament,RO11,Nord-Vest,2,USR-PLUS,587
2776,2012-12-09,parliament,RO11,Nord-Vest,2,UUR,1737
2777,2012-12-09,parliament,RO12,Centru,0,eligible_voters,2153588
2778,2012-12-09,parliament,RO12,Centru,1,issued_ballots,880869
2779,2012-12-09,parliament,RO12,Centru,2,AMR,1258
2780,2012-12-09,parliament,RO12,Centru,2,ARD,132731
2781,2012-12-09,parliament,RO12,Centru,2,C.R.L.R.,456
2782,2012-12-09,parliament,RO12,Centru,2,EMNP-PPMT,33622
2783,2012-12-09,parliament,RO12,Centru,2,FCER,937
2784,2012-12-09,parliament,RO12,Centru,2,FDGR,16556
2785,2012-12-09,parliament,RO12,Centru,2,PER,7356
2786,2012-12-09,parliament,RO12,Centru,2,PHR,4692
2787,2012-12-09,parliament,RO12,Centru,2,PNL-Aripa tânără,1047
2788,2012-12-09,parliament,RO12,Centru,2,PPDD,76806
2789,2012-12-09,parliament,RO12,Centru,2,PPU,983
2790,2012-12-09,parliament,RO12,Centru,2,PRM,8793
2791,2012-12-09,parliament,RO12,Centru,2,RO.AS.IT.,791
2792,2012-12-09,parliament,RO12,Centru,2,UAR,983
2793,2012-12-09,parliament,RO12,Centru,2,UBBR,739
2794,2012-12-09,parliament,RO12,Centru,2,UCRR,1068
2795,2012-12-09,parliament,RO12,Centru,2,UDMR,209039
2796,2012-12-09,parliament,RO12,Centru,2,UDSCR,573
2797,2012-12-09,parliament,RO12,Centru,2,UDTR,719
2798,2012-12-09,parliament,RO12,Centru,2,UDTTMR,528
2799,2012-12-09,parliament,RO12,Centru,2,UER,1030
2800,2012-12-09,parliament,RO12,Centru,2,UPR,556
2801,2012-12-09,parliament,RO12,Centru,2,USL,343592
2802,2012-12-09,parliament,RO12,Centru,2,USR-PLUS,528
2803,2012-12-09,parliament,RO12,Centru,2,UUR,1570
2804,2012-12-09,parliament,RO21,Nord-Est,0,eligible_voters,3086668
2805,2012-12-09,parliament,RO21,Nord-Est,1,issued_ballots,1207130
2806,2012-12-09,parliament,RO21,Nord-Est,2,AMR,2526
2807,2012-12-09,parliament,RO21,Nord-Est,2,ARD,187394
2808,2012-12-09,parliament,RO21,Nord-Est,2,C.R.L.R.,2037
2809,2012-12-09,parliament,RO21,Nord-Est,2,FCER,1717
2810,2012-12-09,parliament,RO21,Nord-Est,2,FDGR,3765
2811,2012-12-09,parliament,RO21,Nord-Est,2,PAS,228
2812,2012-12-09,parliament,RO21,Nord-Est,2,PER,15546
2813,2012-12-09,parliament,RO21,Nord-Est,2,PHR,2516
2814,2012-12-09,parliament,RO21,Nord-Est,2,PNL-Aripa tânără,2249
2815,2012-12-09,parliament,RO21,Nord-Est,2,PPDD,179451
2816,2012-12-09,parliament,RO21,Nord-Est,2,PPU,478
2817,2012-12-09,parliament,RO21,Nord-Est,2,PRM,13874
2818,2012-12-09,parliament,RO21,Nord-Est,2,PSDM,74
2819,2012-12-09,parliament,RO21,Nord-Est,2,RO.AS.IT.,1282
2820,2012-12-09,parliament,RO21,Nord-Est,2,UAR,1616
2821,2012-12-09,parliament,RO21,Nord-Est,2,UBBR,1574
2822,2012-12-09,parliament,RO21,Nord-Est,2,UCRR,685
2823,2012-12-09,parliament,RO21,Nord-Est,2,UDMR,3347
2824,2012-12-09,parliament,RO21,Nord-Est,2,UDSCR,872
2825,2012-12-09,parliament,RO21,Nord-Est,2,UDTR,1159
2826,2012-12-09,parliament,RO21,Nord-Est,2,UDTTMR,833
2827,2012-12-09,parliament,RO21,Nord-Est,2,UER,1587
2828,2012-12-09,parliament,RO21,Nord-Est,2,UPR,3740
2829,2012-12-09,parliament,RO21,Nord-Est,2,USL,723383
2830,2012-12-09,parliament,RO21,Nord-Est,2,USR-PLUS,667
2831,2012-12-09,parliament,RO21,Nord-Est,2,UUR,2453
2832,2012-12-09,parliament,RO22,Sud-Est,0,eligible_voters,2402600
2833,2012-12-09,parliament,RO22,Sud-Est,1,issued_ballots,1005407
2834,2012-12-09,parliament,RO22,Sud-Est,2,AMR,1811
2835,2012-12-09,parliament,RO22,Sud-Est,2,ARD,129897
2836,2012-12-09,parliament,RO22,Sud-Est,2,C.R.L.R.,3523
2837,2012-12-09,parliament,RO22,Sud-Est,2,FCER,1201
2838,2012-12-09,parliament,RO22,Sud-Est,2,FDGR,2353
2839,2012-12-09,parliament,RO22,Sud-Est,2,PER,13359
2840,2012-12-09,parliament,RO22,Sud-Est,2,PHR,3211
2841,2012-12-09,parliament,RO22,Sud-Est,2,PNL-Aripa tânără,1088
2842,2012-12-09,parliament,RO22,Sud-Est,2,PPDD,158662
2843,2012-12-09,parliament,RO22,Sud-Est,2,PPPS,102
2844,2012-12-09,parliament,RO22,Sud-Est,2,PRM,11098
2845,2012-12-09,parliament,RO22,Sud-Est,2,PSDM,157
2846,2012-12-09,parliament,RO22,Sud-Est,2,RO.AS.IT.,1268
2847,2012-12-09,parliament,RO22,Sud-Est,2,UAR,1550
2848,2012-12-09,parliament,RO22,Sud-Est,2,UBBR,849
2849,2012-12-09,parliament,RO22,Sud-Est,2,UCRR,546
2850,2012-12-09,parliament,RO22,Sud-Est,2,UDMR,2448
2851,2012-12-09,parliament,RO22,Sud-Est,2,UDSCR,901
2852,2012-12-09,parliament,RO22,Sud-Est,2,UDTR,2280
2853,2012-12-09,parliament,RO22,Sud-Est,2,UDTTMR,5489
2854,2012-12-09,parliament,RO22,Sud-Est,2,UER,2189
2855,2012-12-09,parliament,RO22,Sud-Est,2,UPR,691
2856,2012-12-09,parliament,RO22,Sud-Est,2,USL,614273
2857,2012-12-09,parliament,RO22,Sud-Est,2,USR-PLUS,1320
2858,2012-12-09,parliament,RO22,Sud-Est,2,UUR,1744
2859,2012-12-09,parliament,RO31,Sud-Muntenia,0,eligible_voters,2745580
2860,2012-12-09,parliament,RO31,Sud-Muntenia,1,issued_ballots,1291862
2861,2012-12-09,parliament,RO31,Sud-Muntenia,2,AMR,1983
2862,2012-12-09,parliament,RO31,Sud-Muntenia,2,ARD,208357
2863,2012-12-09,parliament,RO31,Sud-Muntenia,2,C.R.L.R.,586
2864,2012-12-09,parliament,RO31,Sud-Muntenia,2,FCER,1593
2865,2012-12-09,parliament,RO31,Sud-Muntenia,2,FDGR,3528
2866,2012-12-09,parliament,RO31,Sud-Muntenia,2,PAS,250
2867,2012-12-09,parliament,RO31,Sud-Muntenia,2,PER,3311
2868,2012-12-09,parliament,RO31,Sud-Muntenia,2,PHR,3912
2869,2012-12-09,parliament,RO31,Sud-Muntenia,2,PNL-Aripa tânără,1990
2870,2012-12-09,parliament,RO31,Sud-Muntenia,2,PPDD,185225
2871,2012-12-09,parliament,RO31,Sud-Muntenia,2,PPPS,727
2872,2012-12-09,parliament,RO31,Sud-Muntenia,2,PPU,341
2873,2012-12-09,parliament,RO31,Sud-Muntenia,2,PRM,10076
2874,2012-12-09,parliament,RO31,Sud-Muntenia,2,RO.AS.IT.,1402
2875,2012-12-09,parliament,RO31,Sud-Muntenia,2,UAR,1875
2876,2012-12-09,parliament,RO31,Sud-Muntenia,2,UBBR,1227
2877,2012-12-09,parliament,RO31,Sud-Muntenia,2,UCRR,714
2878,2012-12-09,parliament,RO31,Sud-Muntenia,2,UDMR,2628
2879,2012-12-09,parliament,RO31,Sud-Muntenia,2,UDSCR,733
2880,2012-12-09,parliament,RO31,Sud-Muntenia,2,UDTR,1060
2881,2012-12-09,parliament,RO31,Sud-Muntenia,2,UDTTMR,777
2882,2012-12-09,parliament,RO31,Sud-Muntenia,2,UER,2255
2883,2012-12-09,parliament,RO31,Sud-Muntenia,2,UPR,977
2884,2012-12-09,parliament,RO31,Sud-Muntenia,2,USL,803209
2885,2012-12-09,parliament,RO31,Sud-Muntenia,2,USR-PLUS,827
2886,2012-12-09,parliament,RO31,Sud-Muntenia,2,UUR,1801
2887,2012-12-09,parliament,RO32,Bucureşti-Ilfov,0,eligible_voters,2082260
2888,2012-12-09,parliament,RO32,Bucureşti-Ilfov,1,issued_ballots,842059
2889,2012-12-09,parliament,RO32,Bucureşti-Ilfov,2,AMR,646
2890,2012-12-09,parliament,RO32,Bucureşti-Ilfov,2,ARD,151287
2891,2012-12-09,parliament,RO32,Bucureşti-Ilfov,2,C.R.L.R.,553
2892,2012-12-09,parliament,RO32,Bucureşti-Ilfov,2,FCER,1257
2893,2012-12-09,parliament,RO32,Bucureşti-Ilfov,2,FDGR,2523
2894,2012-12-09,parliament,RO32,Bucureşti-Ilfov,2,PER,8055
2895,2012-12-09,parliament,RO32,Bucureşti-Ilfov,2,PHR,1709
2896,2012-12-09,parliament,RO32,Bucureşti-Ilfov,2,PNL-Aripa tânără,533
2897,2012-12-09,parliament,RO32,Bucureşti-Ilfov,2,PPDD,82574
2898,2012-12-09,parliament,RO32,Bucureşti-Ilfov,2,PPU,1754
2899,2012-12-09,parliament,RO32,Bucureşti-Ilfov,2,PRM,17472
2900,2012-12-09,parliament,RO32,Bucureşti-Ilfov,2,RO.AS.IT.,817
2901,2012-12-09,parliament,RO32,Bucureşti-Ilfov,2,UAR,2107
2902,2012-12-09,parliament,RO32,Bucureşti-Ilfov,2,UBBR,689
2903,2012-12-09,parliament,RO32,Bucureşti-Ilfov,2,UCRR,166
2904,2012-12-09,parliament,RO32,Bucureşti-Ilfov,2,UDMR,2285
2905,2012-12-09,parliament,RO32,Bucureşti-Ilfov,2,UDSCR,206
2906,2012-12-09,parliament,RO32,Bucureşti-Ilfov,2,UDTR,530
2907,2012-12-09,parliament,RO32,Bucureşti-Ilfov,2,UDTTMR,357
2908,2012-12-09,parliament,RO32,Bucureşti-Ilfov,2,UER,753
2909,2012-12-09,parliament,RO32,Bucureşti-Ilfov,2,UPR,416
2910,2012-12-09,parliament,RO32,Bucureşti-Ilfov,2,USL,540174
2911,2012-12-09,parliament,RO32,Bucureşti-Ilfov,2,USR-PLUS,372
2912,2012-12-09,parliament,RO32,Bucureşti-Ilfov,2,UUR,528
2913,2012-12-09,parliament,RO41,Sud-Vest Oltenia,0,eligible_voters,1875606
2914,2012-12-09,parliament,RO41,Sud-Vest Oltenia,1,issued_ballots,903782
2915,2012-12-09,parliament,RO41,Sud-Vest Oltenia,2,AMR,1605
2916,2012-12-09,parliament,RO41,Sud-Vest Oltenia,2,ARD,115033
2917,2012-12-09,parliament,RO41,Sud-Vest Oltenia,2,C.R.L.R.,442
2918,2012-12-09,parliament,RO41,Sud-Vest Oltenia,2,FCER,1111
2919,2012-12-09,parliament,RO41,Sud-Vest Oltenia,2,FDGR,2163
2920,2012-12-09,parliament,RO41,Sud-Vest Oltenia,2,PAS,653
2921,2012-12-09,parliament,RO41,Sud-Vest Oltenia,2,PER,2852
2922,2012-12-09,parliament,RO41,Sud-Vest Oltenia,2,PHR,2117
2923,2012-12-09,parliament,RO41,Sud-Vest Oltenia,2,PNL-Aripa tânără,1068
2924,2012-12-09,parliament,RO41,Sud-Vest Oltenia,2,PPDD,165326
2925,2012-12-09,parliament,RO41,Sud-Vest Oltenia,2,PPPS,100
2926,2012-12-09,parliament,RO41,Sud-Vest Oltenia,2,PPU,2573
2927,2012-12-09,parliament,RO41,Sud-Vest Oltenia,2,PRM,11090
2928,2012-12-09,parliament,RO41,Sud-Vest Oltenia,2,RO.AS.IT.,785
2929,2012-12-09,parliament,RO41,Sud-Vest Oltenia,2,UAR,746
2930,2012-12-09,parliament,RO41,Sud-Vest Oltenia,2,UBBR,672
2931,2012-12-09,parliament,RO41,Sud-Vest Oltenia,2,UCRR,362
2932,2012-12-09,parliament,RO41,Sud-Vest Oltenia,2,UDMR,2270
2933,2012-12-09,parliament,RO41,Sud-Vest Oltenia,2,UDSCR,412
2934,2012-12-09,parliament,RO41,Sud-Vest Oltenia,2,UDTR,589
2935,2012-12-09,parliament,RO41,Sud-Vest Oltenia,2,UDTTMR,351
2936,2012-12-09,parliament,RO41,Sud-Vest Oltenia,2,UER,759
2937,2012-12-09,parliament,RO41,Sud-Vest Oltenia,2,UPR,815
2938,2012-12-09,parliament,RO41,Sud-Vest Oltenia,2,USL,556550
2939,2012-12-09,parliament,RO41,Sud-Vest Oltenia,2,USR-PLUS,548
2940,2012-12-09,parliament,RO41,Sud-Vest Oltenia,2,UUR,975
2941,2012-12-09,parliament,RO42,Vest,0,eligible_voters,1695033
2942,2012-12-09,parliament,RO42,Vest,1,issued_ballots,621591
2943,2012-12-09,parliament,RO42,Vest,2,AMR,869
2944,2012-12-09,parliament,RO42,Vest,2,ARD,116250
2945,2012-12-09,parliament,RO42,Vest,2,C.R.L.R.,337
2946,2012-12-09,parliament,RO42,Vest,2,FCER,864
2947,2012-12-09,parliament,RO42,Vest,2,FDGR,4169
2948,2012-12-09,parliament,RO42,Vest,2,PAS,1200
2949,2012-12-09,parliament,RO42,Vest,2,PER,814
2950,2012-12-09,parliament,RO42,Vest,2,PHR,1116
2951,2012-12-09,parliament,RO42,Vest,2,PNL-Aripa tânără,838
2952,2012-12-09,parliament,RO42,Vest,2,PPDD,91416
2953,2012-12-09,parliament,RO42,Vest,2,PPU,2818
2954,2012-12-09,parliament,RO42,Vest,2,PRM,10603
2955,2012-12-09,parliament,RO42,Vest,2,RO.AS.IT.,440
2956,2012-12-09,parliament,RO42,Vest,2,UAR,882
2957,2012-12-09,parliament,RO42,Vest,2,UBBR,3391
2958,2012-12-09,parliament,RO42,Vest,2,UCRR,922
2959,2012-12-09,parliament,RO42,Vest,2,UDMR,19665
2960,2012-12-09,parliament,RO42,Vest,2,UDSCR,1789
2961,2012-12-09,parliament,RO42,Vest,2,UDTR,495
2962,2012-12-09,parliament,RO42,Vest,2,UDTTMR,302
2963,2012-12-09,parliament,RO42,Vest,2,UER,440
2964,2012-12-09,parliament,RO42,Vest,2,UPR,322
2965,2012-12-09,parliament,RO42,Vest,2,USL,336230
2966,2012-12-09,parliament,RO42,Vest,2,USR-PLUS,3318
2967,2012-12-09,parliament,RO42,Vest,2,UUR,2756
2968,2014-11-02,president_a,RO11,Nord-Vest,0,eligible_voters,2315595
2969,2014-11-02,president_a,RO11,Nord-Vest,1,issued_ballots,1155962
2970,2014-11-02,president_a,RO11,Nord-Vest,2,AMARITEI MIREL-MIRCEA,910
2971,2014-11-02,president_a,RO11,Nord-Vest,2,BRINZA WILLIAM GABRIEL,4520
2972,2014-11-02,president_a,RO11,Nord-Vest,2,DIACONESCU CRISTIAN-DAN,32153
2973,2014-11-02,president_a,RO11,Nord-Vest,2,FUNAR GHEORGHE,9488
2974,2014-11-02,president_a,RO11,Nord-Vest,2,IOHANNIS KLAUS-WERNER,439350
2975,2014-11-02,president_a,RO11,Nord-Vest,2,KELEMEN HUNOR,107054
2976,2014-11-02,president_a,RO11,Nord-Vest,2,MACOVEI MONICA-LUISA,44622
2977,2014-11-02,president_a,RO11,Nord-Vest,2,MELESCANU TEODOR-VIOREL,8384
2978,2014-11-02,president_a,RO11,Nord-Vest,2,PONTA VICTOR-VIOREL,350213
2979,2014-11-02,president_a,RO11,Nord-Vest,2,POPESCU-TARICEANU CALIN-CONSTANTIN-ANTON,45291
2980,2014-11-02,president_a,RO11,Nord-Vest,2,ROTARU CONSTANTIN,2842
2981,2014-11-02,president_a,RO11,Nord-Vest,2,SZILAGYI ZSOLT,16539
2982,2014-11-02,president_a,RO11,Nord-Vest,2,UDREA ELENA-GABRIELA,49905
2983,2014-11-02,president_a,RO11,Nord-Vest,2,VADIM-TUDOR CORNELIU,22824
2984,2014-11-02,president_a,RO12,Centru,0,eligible_voters,2148622
2985,2014-11-02,president_a,RO12,Centru,1,issued_ballots,1107583
2986,2014-11-02,president_a,RO12,Centru,2,AMARITEI MIREL-MIRCEA,659
2987,2014-11-02,president_a,RO12,Centru,2,BRINZA WILLIAM GABRIEL,4438
2988,2014-11-02,president_a,RO12,Centru,2,DIACONESCU CRISTIAN-DAN,25459
2989,2014-11-02,president_a,RO12,Centru,2,FUNAR GHEORGHE,6975
2990,2014-11-02,president_a,RO12,Centru,2,IOHANNIS KLAUS-WERNER,445377
2991,2014-11-02,president_a,RO12,Centru,2,KELEMEN HUNOR,180344
2992,2014-11-02,president_a,RO12,Centru,2,MACOVEI MONICA-LUISA,30249
2993,2014-11-02,president_a,RO12,Centru,2,MELESCANU TEODOR-VIOREL,7775
2994,2014-11-02,president_a,RO12,Centru,2,PONTA VICTOR-VIOREL,253330
2995,2014-11-02,president_a,RO12,Centru,2,POPESCU-TARICEANU CALIN-CONSTANTIN-ANTON,39497
2996,2014-11-02,president_a,RO12,Centru,2,ROTARU CONSTANTIN,2649
2997,2014-11-02,president_a,RO12,Centru,2,SZILAGYI ZSOLT,27958
2998,2014-11-02,president_a,RO12,Centru,2,UDREA ELENA-GABRIELA,33775
2999,2014-11-02,president_a,RO12,Centru,2,VADIM-TUDOR CORNELIU,23813
3000,2014-11-02,president_a,RO21,Nord-Est,0,eligible_voters,3110509
3001,2014-11-02,president_a,RO21,Nord-Est,1,issued_ballots,1518059
3002,2014-11-02,president_a,RO21,Nord-Est,2,AMARITEI MIREL-MIRCEA,1478
3003,2014-11-02,president_a,RO21,Nord-Est,2,BRINZA WILLIAM GABRIEL,8504
3004,2014-11-02,president_a,RO21,Nord-Est,2,DIACONESCU CRISTIAN-DAN,62647
3005,2014-11-02,president_a,RO21,Nord-Est,2,FUNAR GHEORGHE,6673
3006,2014-11-02,president_a,RO21,Nord-Est,2,IOHANNIS KLAUS-WERNER,392422
3007,2014-11-02,president_a,RO21,Nord-Est,2,KELEMEN HUNOR,7615
3008,2014-11-02,president_a,RO21,Nord-Est,2,MACOVEI MONICA-LUISA,53892
3009,2014-11-02,president_a,RO21,Nord-Est,2,MELESCANU TEODOR-VIOREL,14735
3010,2014-11-02,president_a,RO21,Nord-Est,2,PONTA VICTOR-VIOREL,711803
3011,2014-11-02,president_a,RO21,Nord-Est,2,POPESCU-TARICEANU CALIN-CONSTANTIN-ANTON,69732
3012,2014-11-02,president_a,RO21,Nord-Est,2,ROTARU CONSTANTIN,5163
3013,2014-11-02,president_a,RO21,Nord-Est,2,SZILAGYI ZSOLT,1887
3014,2014-11-02,president_a,RO21,Nord-Est,2,UDREA ELENA-GABRIELA,77038
3015,2014-11-02,president_a,RO21,Nord-Est,2,VADIM-TUDOR CORNELIU,60888
3016,2014-11-02,president_a,RO22,Sud-Est,0,eligible_voters,2375347
3017,2014-11-02,president_a,RO22,Sud-Est,1,issued_ballots,1240883
3018,2014-11-02,president_a,RO22,Sud-Est,2,AMARITEI MIREL-MIRCEA,1145
3019,2014-11-02,president_a,RO22,Sud-Est,2,BRINZA WILLIAM GABRIEL,5839
3020,2014-11-02,president_a,RO22,Sud-Est,2,DIACONESCU CRISTIAN-DAN,61352
3021,2014-11-02,president_a,RO22,Sud-Est,2,FUNAR GHEORGHE,4833
3022,2014-11-02,president_a,RO22,Sud-Est,2,IOHANNIS KLAUS-WERNER,303014
3023,2014-11-02,president_a,RO22,Sud-Est,2,KELEMEN HUNOR,4641
3024,2014-11-02,president_a,RO22,Sud-Est,2,MACOVEI MONICA-LUISA,50197
3025,2014-11-02,president_a,RO22,Sud-Est,2,MELESCANU TEODOR-VIOREL,14757
3026,2014-11-02,president_a,RO22,Sud-Est,2,PONTA VICTOR-VIOREL,560021
3027,2014-11-02,president_a,RO22,Sud-Est,2,POPESCU-TARICEANU CALIN-CONSTANTIN-ANTON,59779
3028,2014-11-02,president_a,RO22,Sud-Est,2,ROTARU CONSTANTIN,3870
3029,2014-11-02,president_a,RO22,Sud-Est,2,SZILAGYI ZSOLT,1206
3030,2014-11-02,president_a,RO22,Sud-Est,2,UDREA ELENA-GABRIELA,78997
3031,2014-11-02,president_a,RO22,Sud-Est,2,VADIM-TUDOR CORNELIU,57929
3032,2014-11-02,president_a,RO31,Sud-Muntenia,0,eligible_voters,2708461
3033,2014-11-02,president_a,RO31,Sud-Muntenia,1,issued_ballots,1484447
3034,2014-11-02,president_a,RO31,Sud-Muntenia,2,AMARITEI MIREL-MIRCEA,1208
3035,2014-11-02,president_a,RO31,Sud-Muntenia,2,BRINZA WILLIAM GABRIEL,6746
3036,2014-11-02,president_a,RO31,Sud-Muntenia,2,DIACONESCU CRISTIAN-DAN,71797
3037,2014-11-02,president_a,RO31,Sud-Muntenia,2,FUNAR GHEORGHE,4256
3038,2014-11-02,president_a,RO31,Sud-Muntenia,2,IOHANNIS KLAUS-WERNER,338021
3039,2014-11-02,president_a,RO31,Sud-Muntenia,2,KELEMEN HUNOR,4735
3040,2014-11-02,president_a,RO31,Sud-Muntenia,2,MACOVEI MONICA-LUISA,42804
3041,2014-11-02,president_a,RO31,Sud-Muntenia,2,MELESCANU TEODOR-VIOREL,15255
3042,2014-11-02,president_a,RO31,Sud-Muntenia,2,PONTA VICTOR-VIOREL,720565
3043,2014-11-02,president_a,RO31,Sud-Muntenia,2,POPESCU-TARICEANU CALIN-CONSTANTIN-ANTON,85913
3044,2014-11-02,president_a,RO31,Sud-Muntenia,2,ROTARU CONSTANTIN,4745
3045,2014-11-02,president_a,RO31,Sud-Muntenia,2,SZILAGYI ZSOLT,1487
3046,2014-11-02,president_a,RO31,Sud-Muntenia,2,UDREA ELENA-GABRIELA,79255
3047,2014-11-02,president_a,RO31,Sud-Muntenia,2,VADIM-TUDOR CORNELIU,67424
3048,2014-11-02,president_a,RO32,Bucureşti-Ilfov,0,eligible_voters,2092502
3049,2014-11-02,president_a,RO32,Bucureşti-Ilfov,1,issued_ballots,1169922
3050,2014-11-02,president_a,RO32,Bucureşti-Ilfov,2,AMARITEI MIREL-MIRCEA,949
3051,2014-11-02,president_a,RO32,Bucureşti-Ilfov,2,BRINZA WILLIAM GABRIEL,5829
3052,2014-11-02,president_a,RO32,Bucureşti-Ilfov,2,DIACONESCU CRISTIAN-DAN,37710
3053,2014-11-02,president_a,RO32,Bucureşti-Ilfov,2,FUNAR GHEORGHE,5572
3054,2014-11-02,president_a,RO32,Bucureşti-Ilfov,2,IOHANNIS KLAUS-WERNER,317437
3055,2014-11-02,president_a,RO32,Bucureşti-Ilfov,2,KELEMEN HUNOR,2217
3056,2014-11-02,president_a,RO32,Bucureşti-Ilfov,2,MACOVEI MONICA-LUISA,125995
3057,2014-11-02,president_a,RO32,Bucureşti-Ilfov,2,MELESCANU TEODOR-VIOREL,26379
3058,2014-11-02,president_a,RO32,Bucureşti-Ilfov,2,PONTA VICTOR-VIOREL,378030
3059,2014-11-02,president_a,RO32,Bucureşti-Ilfov,2,POPESCU-TARICEANU CALIN-CONSTANTIN-ANTON,113329
3060,2014-11-02,president_a,RO32,Bucureşti-Ilfov,2,ROTARU CONSTANTIN,2448
3061,2014-11-02,president_a,RO32,Bucureşti-Ilfov,2,SZILAGYI ZSOLT,521
3062,2014-11-02,president_a,RO32,Bucureşti-Ilfov,2,UDREA ELENA-GABRIELA,70548
3063,2014-11-02,president_a,RO32,Bucureşti-Ilfov,2,VADIM-TUDOR CORNELIU,52793
3064,2014-11-02,president_a,RO41,Sud-Vest Oltenia,0,eligible_voters,1847316
3065,2014-11-02,president_a,RO41,Sud-Vest Oltenia,1,issued_ballots,1023572
3066,2014-11-02,president_a,RO41,Sud-Vest Oltenia,2,AMARITEI MIREL-MIRCEA,745
3067,2014-11-02,president_a,RO41,Sud-Vest Oltenia,2,BRINZA WILLIAM GABRIEL,2889
3068,2014-11-02,president_a,RO41,Sud-Vest Oltenia,2,DIACONESCU CRISTIAN-DAN,49491
3069,2014-11-02,president_a,RO41,Sud-Vest Oltenia,2,FUNAR GHEORGHE,2252
3070,2014-11-02,president_a,RO41,Sud-Vest Oltenia,2,IOHANNIS KLAUS-WERNER,244498
3071,2014-11-02,president_a,RO41,Sud-Vest Oltenia,2,KELEMEN HUNOR,4075
3072,2014-11-02,president_a,RO41,Sud-Vest Oltenia,2,MACOVEI MONICA-LUISA,17164
3073,2014-11-02,president_a,RO41,Sud-Vest Oltenia,2,MELESCANU TEODOR-VIOREL,6515
3074,2014-11-02,president_a,RO41,Sud-Vest Oltenia,2,PONTA VICTOR-VIOREL,539985
3075,2014-11-02,president_a,RO41,Sud-Vest Oltenia,2,POPESCU-TARICEANU CALIN-CONSTANTIN-ANTON,49323
3076,2014-11-02,president_a,RO41,Sud-Vest Oltenia,2,ROTARU CONSTANTIN,4172
3077,2014-11-02,president_a,RO41,Sud-Vest Oltenia,2,SZILAGYI ZSOLT,932
3078,2014-11-02,president_a,RO41,Sud-Vest Oltenia,2,UDREA ELENA-GABRIELA,44579
3079,2014-11-02,president_a,RO41,Sud-Vest Oltenia,2,VADIM-TUDOR CORNELIU,33158
3080,2014-11-02,president_a,RO42,Vest,0,eligible_voters,1685714
3081,2014-11-02,president_a,RO42,Vest,1,issued_ballots,861542
3082,2014-11-02,president_a,RO42,Vest,2,AMARITEI MIREL-MIRCEA,711
3083,2014-11-02,president_a,RO42,Vest,2,BRINZA WILLIAM GABRIEL,3573
3084,2014-11-02,president_a,RO42,Vest,2,DIACONESCU CRISTIAN-DAN,35100
3085,2014-11-02,president_a,RO42,Vest,2,FUNAR GHEORGHE,4484
3086,2014-11-02,president_a,RO42,Vest,2,IOHANNIS KLAUS-WERNER,327375
3087,2014-11-02,president_a,RO42,Vest,2,KELEMEN HUNOR,18167
3088,2014-11-02,president_a,RO42,Vest,2,MACOVEI MONICA-LUISA,32383
3089,2014-11-02,president_a,RO42,Vest,2,MELESCANU TEODOR-VIOREL,8957
3090,2014-11-02,president_a,RO42,Vest,2,PONTA VICTOR-VIOREL,296680
3091,2014-11-02,president_a,RO42,Vest,2,POPESCU-TARICEANU CALIN-CONSTANTIN-ANTON,40986
3092,2014-11-02,president_a,RO42,Vest,2,ROTARU CONSTANTIN,2734
3093,2014-11-02,president_a,RO42,Vest,2,SZILAGYI ZSOLT,2329
3094,2014-11-02,president_a,RO42,Vest,2,UDREA ELENA-GABRIELA,43623
3095,2014-11-02,president_a,RO42,Vest,2,VADIM-TUDOR CORNELIU,25977
3096,2014-11-02,president_b,RO11,Nord-Vest,0,eligible_voters,2315216
3097,2014-11-02,president_b,RO11,Nord-Vest,1,issued_ballots,1430345
3098,2014-11-02,president_b,RO11,Nord-Vest,2,IOHANNIS KLAUS-WERNER,934931
3099,2014-11-02,president_b,RO11,Nord-Vest,2,PONTA VICTOR-VIOREL,481863
3100,2014-11-02,president_b,RO12,Centru,0,eligible_voters,2148311
3101,2014-11-02,president_b,RO12,Centru,1,issued_ballots,1294886
3102,2014-11-02,president_b,RO12,Centru,2,IOHANNIS KLAUS-WERNER,911525
3103,2014-11-02,president_b,RO12,Centru,2,PONTA VICTOR-VIOREL,367727
3104,2014-11-02,president_b,RO21,Nord-Est,0,eligible_voters,3111009
3105,2014-11-02,president_b,RO21,Nord-Est,1,issued_ballots,1751945
3106,2014-11-02,president_b,RO21,Nord-Est,2,IOHANNIS KLAUS-WERNER,800700
3107,2014-11-02,president_b,RO21,Nord-Est,2,PONTA VICTOR-VIOREL,924684
3108,2014-11-02,president_b,RO22,Sud-Est,0,eligible_voters,2374599
3109,2014-11-02,president_b,RO22,Sud-Est,1,issued_ballots,1446662
3110,2014-11-02,president_b,RO22,Sud-Est,2,IOHANNIS KLAUS-WERNER,683634
3111,2014-11-02,president_b,RO22,Sud-Est,2,PONTA VICTOR-VIOREL,741259
3112,2014-11-02,president_b,RO31,Sud-Muntenia,0,eligible_voters,2707426
3113,2014-11-02,president_b,RO31,Sud-Muntenia,1,issued_ballots,1755024
3114,2014-11-02,president_b,RO31,Sud-Muntenia,2,IOHANNIS KLAUS-WERNER,740144
3115,2014-11-02,president_b,RO31,Sud-Muntenia,2,PONTA VICTOR-VIOREL,988049
3116,2014-11-02,president_b,RO32,Bucureşti-Ilfov,0,eligible_voters,2092391
3117,2014-11-02,president_b,RO32,Bucureşti-Ilfov,1,issued_ballots,1415712
3118,2014-11-02,president_b,RO32,Bucureşti-Ilfov,2,IOHANNIS KLAUS-WERNER,781646
3119,2014-11-02,president_b,RO32,Bucureşti-Ilfov,2,PONTA VICTOR-VIOREL,603761
3120,2014-11-02,president_b,RO41,Sud-Vest Oltenia,0,eligible_voters,1846612
3121,2014-11-02,president_b,RO41,Sud-Vest Oltenia,1,issued_ballots,1206590
3122,2014-11-02,president_b,RO41,Sud-Vest Oltenia,2,IOHANNIS KLAUS-WERNER,480167
3123,2014-11-02,president_b,RO41,Sud-Vest Oltenia,2,PONTA VICTOR-VIOREL,709808
3124,2014-11-02,president_b,RO42,Vest,0,eligible_voters,1685430
3125,2014-11-02,president_b,RO42,Vest,1,issued_ballots,1039064
3126,2014-11-02,president_b,RO42,Vest,2,IOHANNIS KLAUS-WERNER,617149
3127,2014-11-02,president_b,RO42,Vest,2,PONTA VICTOR-VIOREL,408454
3128,2016-12-11,parliament,RO11,Nord-Vest,0,eligible_voters,2314782
3129,2016-12-11,parliament,RO11,Nord-Vest,1,issued_ballots,893473
3130,2016-12-11,parliament,RO11,Nord-Vest,2,(CRLR),236
3131,2016-12-11,parliament,RO11,Nord-Vest,2,ALDE,45353
3132,2016-12-11,parliament,RO11,Nord-Vest,2,AMR,610
3133,2016-12-11,parliament,RO11,Nord-Vest,2,ANR,6339
3134,2016-12-11,parliament,RO11,Nord-Vest,2,FCER,695
3135,2016-12-11,parliament,RO11,Nord-Vest,2,FDGR,1214
3136,2016-12-11,parliament,RO11,Nord-Vest,2,GHEORGHE BLEDEA,474
3137,2016-12-11,parliament,RO11,Nord-Vest,2,PER,8929
3138,2016-12-11,parliament,RO11,Nord-Vest,2,PMP,33047
3139,2016-12-11,parliament,RO11,Nord-Vest,2,PNL,213608
3140,2016-12-11,parliament,RO11,Nord-Vest,2,PNL-Aripa tânără,411
3141,2016-12-11,parliament,RO11,Nord-Vest,2,PNR,302
3142,2016-12-11,parliament,RO11,Nord-Vest,2,PO,191
3143,2016-12-11,parliament,RO11,Nord-Vest,2,PRM,5101
3144,2016-12-11,parliament,RO11,Nord-Vest,2,PRO,1442
3145,2016-12-11,parliament,RO11,Nord-Vest,2,PRU,25419
3146,2016-12-11,parliament,RO11,Nord-Vest,2,PSD,286427
3147,2016-12-11,parliament,RO11,Nord-Vest,2,PSR,895
3148,2016-12-11,parliament,RO11,Nord-Vest,2,ROASIT,290
3149,2016-12-11,parliament,RO11,Nord-Vest,2,UAR,560
3150,2016-12-11,parliament,RO11,Nord-Vest,2,UBBR,406
3151,2016-12-11,parliament,RO11,Nord-Vest,2,UCRR,377
3152,2016-12-11,parliament,RO11,Nord-Vest,2,UDMR,162339
3153,2016-12-11,parliament,RO11,Nord-Vest,2,UDSCR,1840
3154,2016-12-11,parliament,RO11,Nord-Vest,2,UDTR,303
3155,2016-12-11,parliament,RO11,Nord-Vest,2,UER,475
3156,2016-12-11,parliament,RO11,Nord-Vest,2,USR-PLUS,68773
3157,2016-12-11,parliament,RO11,Nord-Vest,2,UUR,1348
3158,2016-12-11,parliament,RO11,Nord-Vest,2,VASILE-MARINEL REVNIC,1423
3159,2016-12-11,parliament,RO11,Nord-Vest,2,VERZII,292
3160,2016-12-11,parliament,RO12,Centru,0,eligible_voters,2143793
3161,2016-12-11,parliament,RO12,Centru,1,issued_ballots,841082
3162,2016-12-11,parliament,RO12,Centru,2,(CRLR),223
3163,2016-12-11,parliament,RO12,Centru,2,ALDE,31740
3164,2016-12-11,parliament,RO12,Centru,2,AMR,687
3165,2016-12-11,parliament,RO12,Centru,2,ANR,5869
3166,2016-12-11,parliament,RO12,Centru,2,COSTEL NEACSU,894
3167,2016-12-11,parliament,RO12,Centru,2,DUMITRU FLUCUS,3003
3168,2016-12-11,parliament,RO12,Centru,2,FCER,507
3169,2016-12-11,parliament,RO12,Centru,2,FDGR,4429
3170,2016-12-11,parliament,RO12,Centru,2,NICU RADULESCU,891
3171,2016-12-11,parliament,RO12,Centru,2,PER,7714
3172,2016-12-11,parliament,RO12,Centru,2,PMP,30442
3173,2016-12-11,parliament,RO12,Centru,2,PNL,170662
3174,2016-12-11,parliament,RO12,Centru,2,PNL-Aripa tânără,480
3175,2016-12-11,parliament,RO12,Centru,2,PO,231
3176,2016-12-11,parliament,RO12,Centru,2,PRM,6766
3177,2016-12-11,parliament,RO12,Centru,2,PRO,2006
3178,2016-12-11,parliament,RO12,Centru,2,PRU,22845
3179,2016-12-11,parliament,RO12,Centru,2,PSD,215531
3180,2016-12-11,parliament,RO12,Centru,2,PSR,1566
3181,2016-12-11,parliament,RO12,Centru,2,ROASIT,319
3182,2016-12-11,parliament,RO12,Centru,2,UAR,415
3183,2016-12-11,parliament,RO12,Centru,2,UBBR,314
3184,2016-12-11,parliament,RO12,Centru,2,UCRR,515
3185,2016-12-11,parliament,RO12,Centru,2,UDMR,236593
3186,2016-12-11,parliament,RO12,Centru,2,UDSCR,284
3187,2016-12-11,parliament,RO12,Centru,2,UDTR,324
3188,2016-12-11,parliament,RO12,Centru,2,UER,614
3189,2016-12-11,parliament,RO12,Centru,2,USR-PLUS,66493
3190,2016-12-11,parliament,RO12,Centru,2,UUR,241
3191,2016-12-11,parliament,RO21,Nord-Est,0,eligible_voters,3167129
3192,2016-12-11,parliament,RO21,Nord-Est,1,issued_ballots,1137065
3193,2016-12-11,parliament,RO21,Nord-Est,2,(CRLR),1738
3194,2016-12-11,parliament,RO21,Nord-Est,2,ALDE,62280
3195,2016-12-11,parliament,RO21,Nord-Est,2,ALEXANDRU PAZIUC,3142
3196,2016-12-11,parliament,RO21,Nord-Est,2,AMR,941
3197,2016-12-11,parliament,RO21,Nord-Est,2,ANR,10158
3198,2016-12-11,parliament,RO21,Nord-Est,2,COSTEL-IOAN CIOBAN,1077
3199,2016-12-11,parliament,RO21,Nord-Est,2,DANIELA PEPENE,2031
3200,2016-12-11,parliament,RO21,Nord-Est,2,FCER,978
3201,2016-12-11,parliament,RO21,Nord-Est,2,FDGR,1327
3202,2016-12-11,parliament,RO21,Nord-Est,2,IOAN SPIRIDON,899
3203,2016-12-11,parliament,RO21,Nord-Est,2,IOAN-COSMIN CURELEA,1202
3204,2016-12-11,parliament,RO21,Nord-Est,2,PER,10787
3205,2016-12-11,parliament,RO21,Nord-Est,2,PMP,54490
3206,2016-12-11,parliament,RO21,Nord-Est,2,PNL,227422
3207,2016-12-11,parliament,RO21,Nord-Est,2,PNL-Aripa tânără,731
3208,2016-12-11,parliament,RO21,Nord-Est,2,PNR,515
3209,2016-12-11,parliament,RO21,Nord-Est,2,PO,1695
3210,2016-12-11,parliament,RO21,Nord-Est,2,PRD,523
3211,2016-12-11,parliament,RO21,Nord-Est,2,PRM,15953
3212,2016-12-11,parliament,RO21,Nord-Est,2,PRO,1862
3213,2016-12-11,parliament,RO21,Nord-Est,2,PRU,28027
3214,2016-12-11,parliament,RO21,Nord-Est,2,PSD,570014
3215,2016-12-11,parliament,RO21,Nord-Est,2,PSR,3704
3216,2016-12-11,parliament,RO21,Nord-Est,2,ROASIT,808
3217,2016-12-11,parliament,RO21,Nord-Est,2,SEBASTIAN-IOAN BURDUJA,6430
3218,2016-12-11,parliament,RO21,Nord-Est,2,SERGIU-SORIN CHELMU,1259
3219,2016-12-11,parliament,RO21,Nord-Est,2,SORIN SOVA,2029
3220,2016-12-11,parliament,RO21,Nord-Est,2,UAR,1179
3221,2016-12-11,parliament,RO21,Nord-Est,2,UBBR,899
3222,2016-12-11,parliament,RO21,Nord-Est,2,UCRR,475
3223,2016-12-11,parliament,RO21,Nord-Est,2,UDMR,2930
3224,2016-12-11,parliament,RO21,Nord-Est,2,UDSCR,985
3225,2016-12-11,parliament,RO21,Nord-Est,2,UDTR,994
3226,2016-12-11,parliament,RO21,Nord-Est,2,UER,869
3227,2016-12-11,parliament,RO21,Nord-Est,2,USR-PLUS,62356
3228,2016-12-11,parliament,RO21,Nord-Est,2,UUR,588
3229,2016-12-11,parliament,RO22,Sud-Est,0,eligible_voters,2359480
3230,2016-12-11,parliament,RO22,Sud-Est,1,issued_ballots,936299
3231,2016-12-11,parliament,RO22,Sud-Est,2,(CRLR),2834
3232,2016-12-11,parliament,RO22,Sud-Est,2,ALDE,50432
3233,2016-12-11,parliament,RO22,Sud-Est,2,AMR,723
3234,2016-12-11,parliament,RO22,Sud-Est,2,ANR,9011
3235,2016-12-11,parliament,RO22,Sud-Est,2,COSTEL MARIN,357
3236,2016-12-11,parliament,RO22,Sud-Est,2,DANIELA-SIMONA VREME,2410
3237,2016-12-11,parliament,RO22,Sud-Est,2,FCER,836
3238,2016-12-11,parliament,RO22,Sud-Est,2,FDGR,1048
3239,2016-12-11,parliament,RO22,Sud-Est,2,GHEORGHE DINU,4538
3240,2016-12-11,parliament,RO22,Sud-Est,2,GICA DUTA,1425
3241,2016-12-11,parliament,RO22,Sud-Est,2,MIRCEA ION,1039
3242,2016-12-11,parliament,RO22,Sud-Est,2,NECULAI GALATANU,465
3243,2016-12-11,parliament,RO22,Sud-Est,2,NEVISER ZAHARCU,1659
3244,2016-12-11,parliament,RO22,Sud-Est,2,PER,9811
3245,2016-12-11,parliament,RO22,Sud-Est,2,PMP,58501
3246,2016-12-11,parliament,RO22,Sud-Est,2,PNL,156365
3247,2016-12-11,parliament,RO22,Sud-Est,2,PNL-Aripa tânără,887
3248,2016-12-11,parliament,RO22,Sud-Est,2,PO,349
3249,2016-12-11,parliament,RO22,Sud-Est,2,PRM,10938
3250,2016-12-11,parliament,RO22,Sud-Est,2,PRO,2318
3251,2016-12-11,parliament,RO22,Sud-Est,2,PRU,23103
3252,2016-12-11,parliament,RO22,Sud-Est,2,PSD,476891
3253,2016-12-11,parliament,RO22,Sud-Est,2,PSR,5250
3254,2016-12-11,parliament,RO22,Sud-Est,2,PVN,511
3255,2016-12-11,parliament,RO22,Sud-Est,2,ROASIT,623
3256,2016-12-11,parliament,RO22,Sud-Est,2,TIBERIU-MIHAI-ANTONIU JALBA,1687
3257,2016-12-11,parliament,RO22,Sud-Est,2,UAR,874
3258,2016-12-11,parliament,RO22,Sud-Est,2,UBBR,448
3259,2016-12-11,parliament,RO22,Sud-Est,2,UCRR,258
3260,2016-12-11,parliament,RO22,Sud-Est,2,UDMR,1897
3261,2016-12-11,parliament,RO22,Sud-Est,2,UDSCR,831
3262,2016-12-11,parliament,RO22,Sud-Est,2,UDTR,2457
3263,2016-12-11,parliament,RO22,Sud-Est,2,UER,1216
3264,2016-12-11,parliament,RO22,Sud-Est,2,USR-PLUS,60945
3265,2016-12-11,parliament,RO22,Sud-Est,2,UUR,436
3266,2016-12-11,parliament,RO22,Sud-Est,2,VERZII,274
3267,2016-12-11,parliament,RO31,Sud-Muntenia,0,eligible_voters,2685201
3268,2016-12-11,parliament,RO31,Sud-Muntenia,1,issued_ballots,1094605
3269,2016-12-11,parliament,RO31,Sud-Muntenia,2,(CRLR),268
3270,2016-12-11,parliament,RO31,Sud-Muntenia,2,ALDE,71632
3271,2016-12-11,parliament,RO31,Sud-Muntenia,2,AMR,755
3272,2016-12-11,parliament,RO31,Sud-Muntenia,2,ANR,5533
3273,2016-12-11,parliament,RO31,Sud-Muntenia,2,DANUT DINU,3783
3274,2016-12-11,parliament,RO31,Sud-Muntenia,2,ELENA NICOLACHE,960
3275,2016-12-11,parliament,RO31,Sud-Muntenia,2,FCER,463
3276,2016-12-11,parliament,RO31,Sud-Muntenia,2,FDGR,937
3277,2016-12-11,parliament,RO31,Sud-Muntenia,2,ION-MARIUS FENICHIU,1750
3278,2016-12-11,parliament,RO31,Sud-Muntenia,2,PACT Galați,609
3279,2016-12-11,parliament,RO31,Sud-Muntenia,2,PER,8294
3280,2016-12-11,parliament,RO31,Sud-Muntenia,2,PMP,50032
3281,2016-12-11,parliament,RO31,Sud-Muntenia,2,PNL,197812
3282,2016-12-11,parliament,RO31,Sud-Muntenia,2,PNL-Aripa tânără,581
3283,2016-12-11,parliament,RO31,Sud-Muntenia,2,PO,330
3284,2016-12-11,parliament,RO31,Sud-Muntenia,2,PPU,464
3285,2016-12-11,parliament,RO31,Sud-Muntenia,2,PRM,11534
3286,2016-12-11,parliament,RO31,Sud-Muntenia,2,PRO,2783
3287,2016-12-11,parliament,RO31,Sud-Muntenia,2,PRU,29110
3288,2016-12-11,parliament,RO31,Sud-Muntenia,2,PSD,593893
3289,2016-12-11,parliament,RO31,Sud-Muntenia,2,PSR,3780
3290,2016-12-11,parliament,RO31,Sud-Muntenia,2,ROASIT,419
3291,2016-12-11,parliament,RO31,Sud-Muntenia,2,UAR,514
3292,2016-12-11,parliament,RO31,Sud-Muntenia,2,UBBR,472
3293,2016-12-11,parliament,RO31,Sud-Muntenia,2,UCRR,175
3294,2016-12-11,parliament,RO31,Sud-Muntenia,2,UDMR,1372
3295,2016-12-11,parliament,RO31,Sud-Muntenia,2,UDSCR,386
3296,2016-12-11,parliament,RO31,Sud-Muntenia,2,UDTR,578
3297,2016-12-11,parliament,RO31,Sud-Muntenia,2,UER,1014
3298,2016-12-11,parliament,RO31,Sud-Muntenia,2,USR-PLUS,58296
3299,2016-12-11,parliament,RO31,Sud-Muntenia,2,UUR,359
3300,2016-12-11,parliament,RO32,Bucureşti-Ilfov,0,eligible_voters,2097742
3301,2016-12-11,parliament,RO32,Bucureşti-Ilfov,1,issued_ballots,875888
3302,2016-12-11,parliament,RO32,Bucureşti-Ilfov,2,(CRLR),407
3303,2016-12-11,parliament,RO32,Bucureşti-Ilfov,2,ALDE,52116
3304,2016-12-11,parliament,RO32,Bucureşti-Ilfov,2,AMR,465
3305,2016-12-11,parliament,RO32,Bucureşti-Ilfov,2,ANR,13669
3306,2016-12-11,parliament,RO32,Bucureşti-Ilfov,2,ELENA-GABRIELA UDREA,3174
3307,2016-12-11,parliament,RO32,Bucureşti-Ilfov,2,FCER,743
3308,2016-12-11,parliament,RO32,Bucureşti-Ilfov,2,FDGR,713
3309,2016-12-11,parliament,RO32,Bucureşti-Ilfov,2,GEORGE-ALEXANDRU MANCIU,1512
3310,2016-12-11,parliament,RO32,Bucureşti-Ilfov,2,ION-GABRIEL LINTA,477
3311,2016-12-11,parliament,RO32,Bucureşti-Ilfov,2,PER,7659
3312,2016-12-11,parliament,RO32,Bucureşti-Ilfov,2,PMP,58696
3313,2016-12-11,parliament,RO32,Bucureşti-Ilfov,2,PNL,124785
3314,2016-12-11,parliament,RO32,Bucureşti-Ilfov,2,PNL-Aripa tânără,248
3315,2016-12-11,parliament,RO32,Bucureşti-Ilfov,2,PO,159
3316,2016-12-11,parliament,RO32,Bucureşti-Ilfov,2,PRM,7771
3317,2016-12-11,parliament,RO32,Bucureşti-Ilfov,2,PRO,806
3318,2016-12-11,parliament,RO32,Bucureşti-Ilfov,2,PRU,27977
3319,2016-12-11,parliament,RO32,Bucureşti-Ilfov,2,PSD,327395
3320,2016-12-11,parliament,RO32,Bucureşti-Ilfov,2,PSR,2730
3321,2016-12-11,parliament,RO32,Bucureşti-Ilfov,2,REMUS-FLORINEL CERNEA,4295
3322,2016-12-11,parliament,RO32,Bucureşti-Ilfov,2,ROASIT,254
3323,2016-12-11,parliament,RO32,Bucureşti-Ilfov,2,THEODOR PALEOLOGU,8352
3324,2016-12-11,parliament,RO32,Bucureşti-Ilfov,2,UAR,573
3325,2016-12-11,parliament,RO32,Bucureşti-Ilfov,2,UBBR,244
3326,2016-12-11,parliament,RO32,Bucureşti-Ilfov,2,UCRR,111
3327,2016-12-11,parliament,RO32,Bucureşti-Ilfov,2,UDMR,1613
3328,2016-12-11,parliament,RO32,Bucureşti-Ilfov,2,UDSCR,208
3329,2016-12-11,parliament,RO32,Bucureşti-Ilfov,2,UDTR,273
3330,2016-12-11,parliament,RO32,Bucureşti-Ilfov,2,UER,688
3331,2016-12-11,parliament,RO32,Bucureşti-Ilfov,2,USR-PLUS,198513
3332,2016-12-11,parliament,RO32,Bucureşti-Ilfov,2,UUR,539
3333,2016-12-11,parliament,RO32,Bucureşti-Ilfov,2,VERONICA ZAMFIR,870
3334,2016-12-11,parliament,RO32,Bucureşti-Ilfov,2,VISINEL-COSTEL BALAN,1770
3335,2016-12-11,parliament,RO41,Sud-Vest Oltenia,0,eligible_voters,1839656
3336,2016-12-11,parliament,RO41,Sud-Vest Oltenia,1,issued_ballots,803377
3337,2016-12-11,parliament,RO41,Sud-Vest Oltenia,2,(CRLR),166
3338,2016-12-11,parliament,RO41,Sud-Vest Oltenia,2,ALDE,47349
3339,2016-12-11,parliament,RO41,Sud-Vest Oltenia,2,AMR,750
3340,2016-12-11,parliament,RO41,Sud-Vest Oltenia,2,ANR,3080
3341,2016-12-11,parliament,RO41,Sud-Vest Oltenia,2,BUN,160
3342,2016-12-11,parliament,RO41,Sud-Vest Oltenia,2,DUMITRU-NICU CORNOIU,843
3343,2016-12-11,parliament,RO41,Sud-Vest Oltenia,2,FCER,204
3344,2016-12-11,parliament,RO41,Sud-Vest Oltenia,2,FDGR,566
3345,2016-12-11,parliament,RO41,Sud-Vest Oltenia,2,ION CALINOIU,3457
3346,2016-12-11,parliament,RO41,Sud-Vest Oltenia,2,PER,2951
3347,2016-12-11,parliament,RO41,Sud-Vest Oltenia,2,PMP,35186
3348,2016-12-11,parliament,RO41,Sud-Vest Oltenia,2,PNL,134951
3349,2016-12-11,parliament,RO41,Sud-Vest Oltenia,2,PNL-Aripa tânără,992
3350,2016-12-11,parliament,RO41,Sud-Vest Oltenia,2,PNR,480
3351,2016-12-11,parliament,RO41,Sud-Vest Oltenia,2,PO,200
3352,2016-12-11,parliament,RO41,Sud-Vest Oltenia,2,PPU,409
3353,2016-12-11,parliament,RO41,Sud-Vest Oltenia,2,PRM,7873
3354,2016-12-11,parliament,RO41,Sud-Vest Oltenia,2,PRO,964
3355,2016-12-11,parliament,RO41,Sud-Vest Oltenia,2,PRU,20663
3356,2016-12-11,parliament,RO41,Sud-Vest Oltenia,2,PSD,466832
3357,2016-12-11,parliament,RO41,Sud-Vest Oltenia,2,PSR,3884
3358,2016-12-11,parliament,RO41,Sud-Vest Oltenia,2,ROASIT,428
3359,2016-12-11,parliament,RO41,Sud-Vest Oltenia,2,ROMEO RADULESCU,2632
3360,2016-12-11,parliament,RO41,Sud-Vest Oltenia,2,UAR,269
3361,2016-12-11,parliament,RO41,Sud-Vest Oltenia,2,UBBR,148
3362,2016-12-11,parliament,RO41,Sud-Vest Oltenia,2,UCRR,169
3363,2016-12-11,parliament,RO41,Sud-Vest Oltenia,2,UDMR,2166
3364,2016-12-11,parliament,RO41,Sud-Vest Oltenia,2,UDSCR,361
3365,2016-12-11,parliament,RO41,Sud-Vest Oltenia,2,UDTR,358
3366,2016-12-11,parliament,RO41,Sud-Vest Oltenia,2,UER,515
3367,2016-12-11,parliament,RO41,Sud-Vest Oltenia,2,USR-PLUS,33273
3368,2016-12-11,parliament,RO41,Sud-Vest Oltenia,2,UUR,90
3369,2016-12-11,parliament,RO42,Vest,0,eligible_voters,1678172
3370,2016-12-11,parliament,RO42,Vest,1,issued_ballots,630973
3371,2016-12-11,parliament,RO42,Vest,2,(CRLR),167
3372,2016-12-11,parliament,RO42,Vest,2,ALDE,32353
3373,2016-12-11,parliament,RO42,Vest,2,AMR,515
3374,2016-12-11,parliament,RO42,Vest,2,ANR,5348
3375,2016-12-11,parliament,RO42,Vest,2,ARD,1605
3376,2016-12-11,parliament,RO42,Vest,2,BUN,358
3377,2016-12-11,parliament,RO42,Vest,2,FCER,514
3378,2016-12-11,parliament,RO42,Vest,2,FDGR,1847
3379,2016-12-11,parliament,RO42,Vest,2,PER,6269
3380,2016-12-11,parliament,RO42,Vest,2,PETRICA FOLICA,381
3381,2016-12-11,parliament,RO42,Vest,2,PMP,31243
3382,2016-12-11,parliament,RO42,Vest,2,PNL,158518
3383,2016-12-11,parliament,RO42,Vest,2,PNL-Aripa tânără,283
3384,2016-12-11,parliament,RO42,Vest,2,PNR,467
3385,2016-12-11,parliament,RO42,Vest,2,PO,159
3386,2016-12-11,parliament,RO42,Vest,2,PPU,1726
3387,2016-12-11,parliament,RO42,Vest,2,PRM,7328
3388,2016-12-11,parliament,RO42,Vest,2,PRO,829
3389,2016-12-11,parliament,RO42,Vest,2,PRU,15300
3390,2016-12-11,parliament,RO42,Vest,2,PSD,257032
3391,2016-12-11,parliament,RO42,Vest,2,PSR,2771
3392,2016-12-11,parliament,RO42,Vest,2,REMI RADULESCU,636
3393,2016-12-11,parliament,RO42,Vest,2,ROASIT,233
3394,2016-12-11,parliament,RO42,Vest,2,RODICA BARNA,574
3395,2016-12-11,parliament,RO42,Vest,2,TIBERIU MANESCU,1359
3396,2016-12-11,parliament,RO42,Vest,2,UAR,422
3397,2016-12-11,parliament,RO42,Vest,2,UBBR,1582
3398,2016-12-11,parliament,RO42,Vest,2,UCRR,708
3399,2016-12-11,parliament,RO42,Vest,2,UDMR,24517
3400,2016-12-11,parliament,RO42,Vest,2,UDSCR,1616
3401,2016-12-11,parliament,RO42,Vest,2,UDTR,204
3402,2016-12-11,parliament,RO42,Vest,2,UER,355
3403,2016-12-11,parliament,RO42,Vest,2,USR-PLUS,50430
3404,2016-12-11,parliament,RO42,Vest,2,UUR,1069
3405,2019-05-26,european,RO11,Nord-Vest,0,eligible_voters,2312201
3406,2019-05-26,european,RO11,Nord-Vest,1,issued_ballots,1185507
3407,2019-05-26,european,RO11,Nord-Vest,2,ALDE,38200
3408,2019-05-26,european,RO11,Nord-Vest,2,BUN,1482
3409,2019-05-26,european,RO11,Nord-Vest,2,COSTEA PETER,28325
3410,2019-05-26,european,RO11,Nord-Vest,2,PMP,51686
3411,2019-05-26,european,RO11,Nord-Vest,2,PNL,352699
3412,2019-05-26,european,RO11,Nord-Vest,2,PP,5270
3413,2019-05-26,european,RO11,Nord-Vest,2,PRO,56140
3414,2019-05-26,european,RO11,Nord-Vest,2,PRU,4487
3415,2019-05-26,european,RO11,Nord-Vest,2,PSD,187338
3416,2019-05-26,european,RO11,Nord-Vest,2,PSDI,2388
3417,2019-05-26,european,RO11,Nord-Vest,2,PSR,3539
3418,2019-05-26,european,RO11,Nord-Vest,2,SIMION GEORGE-NICOLAE,7497
3419,2019-05-26,european,RO11,Nord-Vest,2,TUDORAN GREGORIANA CARMEN,5707
3420,2019-05-26,european,RO11,Nord-Vest,2,UDMR,163035
3421,2019-05-26,european,RO11,Nord-Vest,2,USR,250886
3422,2019-05-26,european,RO12,Centru,0,eligible_voters,2139822
3423,2019-05-26,european,RO12,Centru,1,issued_ballots,1097970
3424,2019-05-26,european,RO12,Centru,2,ALDE,27579
3425,2019-05-26,european,RO12,Centru,2,BUN,2134
3426,2019-05-26,european,RO12,Centru,2,COSTEA PETER,12438
3427,2019-05-26,european,RO12,Centru,2,PMP,38029
3428,2019-05-26,european,RO12,Centru,2,PNL,315469
3429,2019-05-26,european,RO12,Centru,2,PP,5087
3430,2019-05-26,european,RO12,Centru,2,PRO,46276
3431,2019-05-26,european,RO12,Centru,2,PRU,5052
3432,2019-05-26,european,RO12,Centru,2,PSD,132521
3433,2019-05-26,european,RO12,Centru,2,PSDI,2492
3434,2019-05-26,european,RO12,Centru,2,PSR,3383
3435,2019-05-26,european,RO12,Centru,2,SIMION GEORGE-NICOLAE,9519
3436,2019-05-26,european,RO12,Centru,2,TUDORAN GREGORIANA CARMEN,7250
3437,2019-05-26,european,RO12,Centru,2,UDMR,251264
3438,2019-05-26,european,RO12,Centru,2,USR,208349
3439,2019-05-26,european,RO21,Nord-Est,0,eligible_voters,3231012
3440,2019-05-26,european,RO21,Nord-Est,1,issued_ballots,1351392
3441,2019-05-26,european,RO21,Nord-Est,2,ALDE,54726
3442,2019-05-26,european,RO21,Nord-Est,2,BUN,3866
3443,2019-05-26,european,RO21,Nord-Est,2,COSTEA PETER,18803
3444,2019-05-26,european,RO21,Nord-Est,2,PMP,73350
3445,2019-05-26,european,RO21,Nord-Est,2,PNL,366541
3446,2019-05-26,european,RO21,Nord-Est,2,PP,10945
3447,2019-05-26,european,RO21,Nord-Est,2,PRO,96735
3448,2019-05-26,european,RO21,Nord-Est,2,PRU,8692
3449,2019-05-26,european,RO21,Nord-Est,2,PSD,345077
3450,2019-05-26,european,RO21,Nord-Est,2,PSDI,5372
3451,2019-05-26,european,RO21,Nord-Est,2,PSR,7486
3452,2019-05-26,european,RO21,Nord-Est,2,SIMION GEORGE-NICOLAE,19179
3453,2019-05-26,european,RO21,Nord-Est,2,TUDORAN GREGORIANA CARMEN,28962
3454,2019-05-26,european,RO21,Nord-Est,2,UDMR,10425
3455,2019-05-26,european,RO21,Nord-Est,2,USR,245764
3456,2019-05-26,european,RO22,Sud-Est,0,eligible_voters,2331617
3457,2019-05-26,european,RO22,Sud-Est,1,issued_ballots,1102718
3458,2019-05-26,european,RO22,Sud-Est,2,ALDE,46745
3459,2019-05-26,european,RO22,Sud-Est,2,BUN,2920
3460,2019-05-26,european,RO22,Sud-Est,2,COSTEA PETER,8777
3461,2019-05-26,european,RO22,Sud-Est,2,PMP,74137
3462,2019-05-26,european,RO22,Sud-Est,2,PNL,279234
3463,2019-05-26,european,RO22,Sud-Est,2,PP,7222
3464,2019-05-26,european,RO22,Sud-Est,2,PRO,110845
3465,2019-05-26,european,RO22,Sud-Est,2,PRU,7224
3466,2019-05-26,european,RO22,Sud-Est,2,PSD,273242
3467,2019-05-26,european,RO22,Sud-Est,2,PSDI,3763
3468,2019-05-26,european,RO22,Sud-Est,2,PSR,5906
3469,2019-05-26,european,RO22,Sud-Est,2,SIMION GEORGE-NICOLAE,18542
3470,2019-05-26,european,RO22,Sud-Est,2,TUDORAN GREGORIANA CARMEN,14406
3471,2019-05-26,european,RO22,Sud-Est,2,UDMR,6667
3472,2019-05-26,european,RO22,Sud-Est,2,USR,202686
3473,2019-05-26,european,RO31,Sud-Muntenia,0,eligible_voters,2631839
3474,2019-05-26,european,RO31,Sud-Muntenia,1,issued_ballots,1331768
3475,2019-05-26,european,RO31,Sud-Muntenia,2,ALDE,69106
3476,2019-05-26,european,RO31,Sud-Muntenia,2,BUN,3025
3477,2019-05-26,european,RO31,Sud-Muntenia,2,COSTEA PETER,11739
3478,2019-05-26,european,RO31,Sud-Muntenia,2,PMP,77652
3479,2019-05-26,european,RO31,Sud-Muntenia,2,PNL,340720
3480,2019-05-26,european,RO31,Sud-Muntenia,2,PP,7664
3481,2019-05-26,european,RO31,Sud-Muntenia,2,PRO,106852
3482,2019-05-26,european,RO31,Sud-Muntenia,2,PRU,7209
3483,2019-05-26,european,RO31,Sud-Muntenia,2,PSD,401826
3484,2019-05-26,european,RO31,Sud-Muntenia,2,PSDI,4140
3485,2019-05-26,european,RO31,Sud-Muntenia,2,PSR,6798
3486,2019-05-26,european,RO31,Sud-Muntenia,2,SIMION GEORGE-NICOLAE,14221
3487,2019-05-26,european,RO31,Sud-Muntenia,2,TUDORAN GREGORIANA CARMEN,12164
3488,2019-05-26,european,RO31,Sud-Muntenia,2,UDMR,8003
3489,2019-05-26,european,RO31,Sud-Muntenia,2,USR,213562
3490,2019-05-26,european,RO32,Bucureşti-Ilfov,0,eligible_voters,2154702
3491,2019-05-26,european,RO32,Bucureşti-Ilfov,1,issued_ballots,1171623
3492,2019-05-26,european,RO32,Bucureşti-Ilfov,2,ALDE,46106
3493,2019-05-26,european,RO32,Bucureşti-Ilfov,2,BUN,3554
3494,2019-05-26,european,RO32,Bucureşti-Ilfov,2,COSTEA PETER,11731
3495,2019-05-26,european,RO32,Bucureşti-Ilfov,2,PMP,91010
3496,2019-05-26,european,RO32,Bucureşti-Ilfov,2,PNL,214427
3497,2019-05-26,european,RO32,Bucureşti-Ilfov,2,PP,6522
3498,2019-05-26,european,RO32,Bucureşti-Ilfov,2,PRO,83992
3499,2019-05-26,european,RO32,Bucureşti-Ilfov,2,PRU,7802
3500,2019-05-26,european,RO32,Bucureşti-Ilfov,2,PSD,193576
3501,2019-05-26,european,RO32,Bucureşti-Ilfov,2,PSDI,3092
3502,2019-05-26,european,RO32,Bucureşti-Ilfov,2,PSR,3984
3503,2019-05-26,european,RO32,Bucureşti-Ilfov,2,SIMION GEORGE-NICOLAE,22065
3504,2019-05-26,european,RO32,Bucureşti-Ilfov,2,TUDORAN GREGORIANA CARMEN,15906
3505,2019-05-26,european,RO32,Bucureşti-Ilfov,2,UDMR,4473
3506,2019-05-26,european,RO32,Bucureşti-Ilfov,2,USR,440181
3507,2019-05-26,european,RO41,Sud-Vest Oltenia,0,eligible_voters,1798376
3508,2019-05-26,european,RO41,Sud-Vest Oltenia,1,issued_ballots,900990
3509,2019-05-26,european,RO41,Sud-Vest Oltenia,2,ALDE,54678
3510,2019-05-26,european,RO41,Sud-Vest Oltenia,2,BUN,1191
3511,2019-05-26,european,RO41,Sud-Vest Oltenia,2,COSTEA PETER,4650
3512,2019-05-26,european,RO41,Sud-Vest Oltenia,2,PMP,42087
3513,2019-05-26,european,RO41,Sud-Vest Oltenia,2,PNL,215507
3514,2019-05-26,european,RO41,Sud-Vest Oltenia,2,PP,4562
3515,2019-05-26,european,RO41,Sud-Vest Oltenia,2,PRO,68376
3516,2019-05-26,european,RO41,Sud-Vest Oltenia,2,PRU,4149
3517,2019-05-26,european,RO41,Sud-Vest Oltenia,2,PSD,335637
3518,2019-05-26,european,RO41,Sud-Vest Oltenia,2,PSDI,2352
3519,2019-05-26,european,RO41,Sud-Vest Oltenia,2,PSR,4246
3520,2019-05-26,european,RO41,Sud-Vest Oltenia,2,SIMION GEORGE-NICOLAE,6041
3521,2019-05-26,european,RO41,Sud-Vest Oltenia,2,TUDORAN GREGORIANA CARMEN,5466
3522,2019-05-26,european,RO41,Sud-Vest Oltenia,2,UDMR,4884
3523,2019-05-26,european,RO41,Sud-Vest Oltenia,2,USR,116809
3524,2019-05-26,european,RO42,Vest,0,eligible_voters,1667687
3525,2019-05-26,european,RO42,Vest,1,issued_ballots,825561
3526,2019-05-26,european,RO42,Vest,2,ALDE,31198
3527,2019-05-26,european,RO42,Vest,2,BUN,1474
3528,2019-05-26,european,RO42,Vest,2,COSTEA PETER,25782
3529,2019-05-26,european,RO42,Vest,2,PMP,44148
3530,2019-05-26,european,RO42,Vest,2,PNL,243391
3531,2019-05-26,european,RO42,Vest,2,PP,4578
3532,2019-05-26,european,RO42,Vest,2,PRO,57888
3533,2019-05-26,european,RO42,Vest,2,PRU,4274
3534,2019-05-26,european,RO42,Vest,2,PSD,162368
3535,2019-05-26,european,RO42,Vest,2,PSDI,2154
3536,2019-05-26,european,RO42,Vest,2,PSR,3259
3537,2019-05-26,european,RO42,Vest,2,SIMION GEORGE-NICOLAE,7756
3538,2019-05-26,european,RO42,Vest,2,TUDORAN GREGORIANA CARMEN,6860
3539,2019-05-26,european,RO42,Vest,2,UDMR,24311
3540,2019-05-26,european,RO42,Vest,2,USR,183418
3541,2019-11-10,president_a,RO11,Nord-Vest,0,eligible_voters,2306292
3542,2019-11-10,president_a,RO11,Nord-Vest,1,issued_ballots,1109871
3543,2019-11-10,president_a,RO11,Nord-Vest,2,ALEXANDRU CUMPĂNAŞU,10148
3544,2019-11-10,president_a,RO11,Nord-Vest,2,BOGDAN-DRAGOS-AURELIU MARIAN-STANOEVICI,2892
3545,2019-11-10,president_a,RO11,Nord-Vest,2,CĂTĂLIN-SORIN IVAN,3233
3546,2019-11-10,president_a,RO11,Nord-Vest,2,HUNOR KELEMEN,121843
3547,2019-11-10,president_a,RO11,Nord-Vest,2,ILIE-DAN BARNA,160220
3548,2019-11-10,president_a,RO11,Nord-Vest,2,JOHN-ION BANU,3237
3549,2019-11-10,president_a,RO11,Nord-Vest,2,KLAUS-WERNER IOHANNIS,436703
3550,2019-11-10,president_a,RO11,Nord-Vest,2,MIRCEA DIACONU,72213
3551,2019-11-10,president_a,RO11,Nord-Vest,2,NINEL PEIA,2939
3552,2019-11-10,president_a,RO11,Nord-Vest,2,RAMONA-IOANA BRUYNSEELS,26386
3553,2019-11-10,president_a,RO11,Nord-Vest,2,SEBASTIAN-CONSTANTIN POPESCU,2930
3554,2019-11-10,president_a,RO11,Nord-Vest,2,THEODOR PALEOLOGU,73358
3555,2019-11-10,president_a,RO11,Nord-Vest,2,VASILICA-VIORICA DĂNCILĂ,175536
3556,2019-11-10,president_a,RO11,Nord-Vest,2,VIOREL CATARAMĂ,4412
3557,2019-11-10,president_a,RO12,Centru,0,eligible_voters,2133342
3558,2019-11-10,president_a,RO12,Centru,1,issued_ballots,1038789
3559,2019-11-10,president_a,RO12,Centru,2,ALEXANDRU CUMPĂNAŞU,9138
3560,2019-11-10,president_a,RO12,Centru,2,BOGDAN-DRAGOS-AURELIU MARIAN-STANOEVICI,2930
3561,2019-11-10,president_a,RO12,Centru,2,CĂTĂLIN-SORIN IVAN,3004
3562,2019-11-10,president_a,RO12,Centru,2,HUNOR KELEMEN,197462
3563,2019-11-10,president_a,RO12,Centru,2,ILIE-DAN BARNA,121294
3564,2019-11-10,president_a,RO12,Centru,2,JOHN-ION BANU,2705
3565,2019-11-10,president_a,RO12,Centru,2,KLAUS-WERNER IOHANNIS,426346
3566,2019-11-10,president_a,RO12,Centru,2,MIRCEA DIACONU,63556
3567,2019-11-10,president_a,RO12,Centru,2,NINEL PEIA,2697
3568,2019-11-10,president_a,RO12,Centru,2,RAMONA-IOANA BRUYNSEELS,20829
3569,2019-11-10,president_a,RO12,Centru,2,SEBASTIAN-CONSTANTIN POPESCU,2505
3570,2019-11-10,president_a,RO12,Centru,2,THEODOR PALEOLOGU,40447
3571,2019-11-10,president_a,RO12,Centru,2,VASILICA-VIORICA DĂNCILĂ,126220
3572,2019-11-10,president_a,RO12,Centru,2,VIOREL CATARAMĂ,3801
3573,2019-11-10,president_a,RO21,Nord-Est,0,eligible_voters,3231205
3574,2019-11-10,president_a,RO21,Nord-Est,1,issued_ballots,1346953
3575,2019-11-10,president_a,RO21,Nord-Est,2,ALEXANDRU CUMPĂNAŞU,22543
3576,2019-11-10,president_a,RO21,Nord-Est,2,BOGDAN-DRAGOS-AURELIU MARIAN-STANOEVICI,5931
3577,2019-11-10,president_a,RO21,Nord-Est,2,CĂTĂLIN-SORIN IVAN,7427
3578,2019-11-10,president_a,RO21,Nord-Est,2,HUNOR KELEMEN,5924
3579,2019-11-10,president_a,RO21,Nord-Est,2,ILIE-DAN BARNA,172986
3580,2019-11-10,president_a,RO21,Nord-Est,2,JOHN-ION BANU,5087
3581,2019-11-10,president_a,RO21,Nord-Est,2,KLAUS-WERNER IOHANNIS,476864
3582,2019-11-10,president_a,RO21,Nord-Est,2,MIRCEA DIACONU,135109
3583,2019-11-10,president_a,RO21,Nord-Est,2,NINEL PEIA,5628
3584,2019-11-10,president_a,RO21,Nord-Est,2,RAMONA-IOANA BRUYNSEELS,38674
3585,2019-11-10,president_a,RO21,Nord-Est,2,SEBASTIAN-CONSTANTIN POPESCU,5976
3586,2019-11-10,president_a,RO21,Nord-Est,2,THEODOR PALEOLOGU,82914
3587,2019-11-10,president_a,RO21,Nord-Est,2,VASILICA-VIORICA DĂNCILĂ,346096
3588,2019-11-10,president_a,RO21,Nord-Est,2,VIOREL CATARAMĂ,9921
3589,2019-11-10,president_a,RO22,Sud-Est,0,eligible_voters,2320368
3590,2019-11-10,president_a,RO22,Sud-Est,1,issued_ballots,1089416
3591,2019-11-10,president_a,RO22,Sud-Est,2,ALEXANDRU CUMPĂNAŞU,18343
3592,2019-11-10,president_a,RO22,Sud-Est,2,BOGDAN-DRAGOS-AURELIU MARIAN-STANOEVICI,5447
3593,2019-11-10,president_a,RO22,Sud-Est,2,CĂTĂLIN-SORIN IVAN,4258
3594,2019-11-10,president_a,RO22,Sud-Est,2,HUNOR KELEMEN,3490
3595,2019-11-10,president_a,RO22,Sud-Est,2,ILIE-DAN BARNA,133875
3596,2019-11-10,president_a,RO22,Sud-Est,2,JOHN-ION BANU,3898
3597,2019-11-10,president_a,RO22,Sud-Est,2,KLAUS-WERNER IOHANNIS,389277
3598,2019-11-10,president_a,RO22,Sud-Est,2,MIRCEA DIACONU,116935
3599,2019-11-10,president_a,RO22,Sud-Est,2,NINEL PEIA,3807
3600,2019-11-10,president_a,RO22,Sud-Est,2,RAMONA-IOANA BRUYNSEELS,35651
3601,2019-11-10,president_a,RO22,Sud-Est,2,SEBASTIAN-CONSTANTIN POPESCU,4351
3602,2019-11-10,president_a,RO22,Sud-Est,2,THEODOR PALEOLOGU,58250
3603,2019-11-10,president_a,RO22,Sud-Est,2,VASILICA-VIORICA DĂNCILĂ,285789
3604,2019-11-10,president_a,RO22,Sud-Est,2,VIOREL CATARAMĂ,7007
3605,2019-11-10,president_a,RO31,Sud-Muntenia,0,eligible_voters,2618327
3606,2019-11-10,president_a,RO31,Sud-Muntenia,1,issued_ballots,1289642
3607,2019-11-10,president_a,RO31,Sud-Muntenia,2,ALEXANDRU CUMPĂNAŞU,22322
3608,2019-11-10,president_a,RO31,Sud-Muntenia,2,BOGDAN-DRAGOS-AURELIU MARIAN-STANOEVICI,5830
3609,2019-11-10,president_a,RO31,Sud-Muntenia,2,CĂTĂLIN-SORIN IVAN,4932
3610,2019-11-10,president_a,RO31,Sud-Muntenia,2,HUNOR KELEMEN,3721
3611,2019-11-10,president_a,RO31,Sud-Muntenia,2,ILIE-DAN BARNA,137500
3612,2019-11-10,president_a,RO31,Sud-Muntenia,2,JOHN-ION BANU,4002
3613,2019-11-10,president_a,RO31,Sud-Muntenia,2,KLAUS-WERNER IOHANNIS,431746
3614,2019-11-10,president_a,RO31,Sud-Muntenia,2,MIRCEA DIACONU,133692
3615,2019-11-10,president_a,RO31,Sud-Muntenia,2,NINEL PEIA,4002
3616,2019-11-10,president_a,RO31,Sud-Muntenia,2,RAMONA-IOANA BRUYNSEELS,36334
3617,2019-11-10,president_a,RO31,Sud-Muntenia,2,SEBASTIAN-CONSTANTIN POPESCU,4500
3618,2019-11-10,president_a,RO31,Sud-Muntenia,2,THEODOR PALEOLOGU,60238
3619,2019-11-10,president_a,RO31,Sud-Muntenia,2,VASILICA-VIORICA DĂNCILĂ,410010
3620,2019-11-10,president_a,RO31,Sud-Muntenia,2,VIOREL CATARAMĂ,7631
3621,2019-11-10,president_a,RO32,Bucureşti-Ilfov,0,eligible_voters,2155952
3622,2019-11-10,president_a,RO32,Bucureşti-Ilfov,1,issued_ballots,1150702
3623,2019-11-10,president_a,RO32,Bucureşti-Ilfov,2,ALEXANDRU CUMPĂNAŞU,14112
3624,2019-11-10,president_a,RO32,Bucureşti-Ilfov,2,BOGDAN-DRAGOS-AURELIU MARIAN-STANOEVICI,7471
3625,2019-11-10,president_a,RO32,Bucureşti-Ilfov,2,CĂTĂLIN-SORIN IVAN,3172
3626,2019-11-10,president_a,RO32,Bucureşti-Ilfov,2,HUNOR KELEMEN,2430
3627,2019-11-10,president_a,RO32,Bucureşti-Ilfov,2,ILIE-DAN BARNA,270084
3628,2019-11-10,president_a,RO32,Bucureşti-Ilfov,2,JOHN-ION BANU,1983
3629,2019-11-10,president_a,RO32,Bucureşti-Ilfov,2,KLAUS-WERNER IOHANNIS,377750
3630,2019-11-10,president_a,RO32,Bucureşti-Ilfov,2,MIRCEA DIACONU,124461
3631,2019-11-10,president_a,RO32,Bucureşti-Ilfov,2,NINEL PEIA,4525
3632,2019-11-10,president_a,RO32,Bucureşti-Ilfov,2,RAMONA-IOANA BRUYNSEELS,28434
3633,2019-11-10,president_a,RO32,Bucureşti-Ilfov,2,SEBASTIAN-CONSTANTIN POPESCU,2978
3634,2019-11-10,president_a,RO32,Bucureşti-Ilfov,2,THEODOR PALEOLOGU,87772
3635,2019-11-10,president_a,RO32,Bucureşti-Ilfov,2,VASILICA-VIORICA DĂNCILĂ,204847
3636,2019-11-10,president_a,RO32,Bucureşti-Ilfov,2,VIOREL CATARAMĂ,6152
3637,2019-11-10,president_a,RO41,Sud-Vest Oltenia,0,eligible_voters,1790244
3638,2019-11-10,president_a,RO41,Sud-Vest Oltenia,1,issued_ballots,867195
3639,2019-11-10,president_a,RO41,Sud-Vest Oltenia,2,ALEXANDRU CUMPĂNAŞU,18324
3640,2019-11-10,president_a,RO41,Sud-Vest Oltenia,2,BOGDAN-DRAGOS-AURELIU MARIAN-STANOEVICI,2664
3641,2019-11-10,president_a,RO41,Sud-Vest Oltenia,2,CĂTĂLIN-SORIN IVAN,3426
3642,2019-11-10,president_a,RO41,Sud-Vest Oltenia,2,HUNOR KELEMEN,2949
3643,2019-11-10,president_a,RO41,Sud-Vest Oltenia,2,ILIE-DAN BARNA,80460
3644,2019-11-10,president_a,RO41,Sud-Vest Oltenia,2,JOHN-ION BANU,2380
3645,2019-11-10,president_a,RO41,Sud-Vest Oltenia,2,KLAUS-WERNER IOHANNIS,276266
3646,2019-11-10,president_a,RO41,Sud-Vest Oltenia,2,MIRCEA DIACONU,79591
3647,2019-11-10,president_a,RO41,Sud-Vest Oltenia,2,NINEL PEIA,2460
3648,2019-11-10,president_a,RO41,Sud-Vest Oltenia,2,RAMONA-IOANA BRUYNSEELS,21503
3649,2019-11-10,president_a,RO41,Sud-Vest Oltenia,2,SEBASTIAN-CONSTANTIN POPESCU,2551
3650,2019-11-10,president_a,RO41,Sud-Vest Oltenia,2,THEODOR PALEOLOGU,33355
3651,2019-11-10,president_a,RO41,Sud-Vest Oltenia,2,VASILICA-VIORICA DĂNCILĂ,322838
3652,2019-11-10,president_a,RO41,Sud-Vest Oltenia,2,VIOREL CATARAMĂ,3783
3653,2019-11-10,president_a,RO42,Vest,0,eligible_voters,1661416
3654,2019-11-10,president_a,RO42,Vest,1,issued_ballots,791829
3655,2019-11-10,president_a,RO42,Vest,2,ALEXANDRU CUMPĂNAŞU,10126
3656,2019-11-10,president_a,RO42,Vest,2,BOGDAN-DRAGOS-AURELIU MARIAN-STANOEVICI,3224
3657,2019-11-10,president_a,RO42,Vest,2,CĂTĂLIN-SORIN IVAN,2048
3658,2019-11-10,president_a,RO42,Vest,2,HUNOR KELEMEN,15765
3659,2019-11-10,president_a,RO42,Vest,2,ILIE-DAN BARNA,119854
3660,2019-11-10,president_a,RO42,Vest,2,JOHN-ION BANU,2449
3661,2019-11-10,president_a,RO42,Vest,2,KLAUS-WERNER IOHANNIS,318237
3662,2019-11-10,president_a,RO42,Vest,2,MIRCEA DIACONU,65469
3663,2019-11-10,president_a,RO42,Vest,2,NINEL PEIA,2404
3664,2019-11-10,president_a,RO42,Vest,2,RAMONA-IOANA BRUYNSEELS,25051
3665,2019-11-10,president_a,RO42,Vest,2,SEBASTIAN-CONSTANTIN POPESCU,2445
3666,2019-11-10,president_a,RO42,Vest,2,THEODOR PALEOLOGU,47735
3667,2019-11-10,president_a,RO42,Vest,2,VASILICA-VIORICA DĂNCILĂ,162421
3668,2019-11-10,president_a,RO42,Vest,2,VIOREL CATARAMĂ,3882
3669,2019-11-10,president_b,RO11,Nord-Vest,0,eligible_voters,2306384
3670,2019-11-10,president_b,RO11,Nord-Vest,1,issued_ballots,1163780
3671,2019-11-10,president_b,RO11,Nord-Vest,2,KLAUS-WERNER IOHANNIS,835019
3672,2019-11-10,president_b,RO11,Nord-Vest,2,VASILICA-VIORICA DĂNCILĂ,310364
3673,2019-11-10,president_b,RO12,Centru,0,eligible_voters,2133279
3674,2019-11-10,president_b,RO12,Centru,1,issued_ballots,1001181
3675,2019-11-10,president_b,RO12,Centru,2,KLAUS-WERNER IOHANNIS,740899
3676,2019-11-10,president_b,RO12,Centru,2,VASILICA-VIORICA DĂNCILĂ,234542
3677,2019-11-10,president_b,RO21,Nord-Est,0,eligible_voters,3232000
3678,2019-11-10,president_b,RO21,Nord-Est,1,issued_ballots,1407904
3679,2019-11-10,president_b,RO21,Nord-Est,2,KLAUS-WERNER IOHANNIS,831987
3680,2019-11-10,president_b,RO21,Nord-Est,2,VASILICA-VIORICA DĂNCILĂ,549502
3681,2019-11-10,president_b,RO22,Sud-Est,0,eligible_voters,2320120
3682,2019-11-10,president_b,RO22,Sud-Est,1,issued_ballots,1130980
3683,2019-11-10,president_b,RO22,Sud-Est,2,KLAUS-WERNER IOHANNIS,671885
3684,2019-11-10,president_b,RO22,Sud-Est,2,VASILICA-VIORICA DĂNCILĂ,439447
3685,2019-11-10,president_b,RO31,Sud-Muntenia,0,eligible_voters,2617400
3686,2019-11-10,president_b,RO31,Sud-Muntenia,1,issued_ballots,1371447
3687,2019-11-10,president_b,RO31,Sud-Muntenia,2,KLAUS-WERNER IOHANNIS,723394
3688,2019-11-10,president_b,RO31,Sud-Muntenia,2,VASILICA-VIORICA DĂNCILĂ,624237
3689,2019-11-10,president_b,RO32,Bucureşti-Ilfov,0,eligible_voters,2157260
3690,2019-11-10,president_b,RO32,Bucureşti-Ilfov,1,issued_ballots,1224864
3691,2019-11-10,president_b,RO32,Bucureşti-Ilfov,2,KLAUS-WERNER IOHANNIS,810299
3692,2019-11-10,president_b,RO32,Bucureşti-Ilfov,2,VASILICA-VIORICA DĂNCILĂ,387281
3693,2019-11-10,president_b,RO41,Sud-Vest Oltenia,0,eligible_voters,1789557
3694,2019-11-10,president_b,RO41,Sud-Vest Oltenia,1,issued_ballots,935193
3695,2019-11-10,president_b,RO41,Sud-Vest Oltenia,2,KLAUS-WERNER IOHANNIS,455984
3696,2019-11-10,president_b,RO41,Sud-Vest Oltenia,2,VASILICA-VIORICA DĂNCILĂ,463222
3697,2019-11-10,president_b,RO42,Vest,0,eligible_voters,1661400
3698,2019-11-10,president_b,RO42,Vest,1,issued_ballots,852241
3699,2019-11-10,president_b,RO42,Vest,2,KLAUS-WERNER IOHANNIS,560735
3700,2019-11-10,president_b,RO42,Vest,2,VASILICA-VIORICA DĂNCILĂ,275255
3701,2020-12-06,parliament,RO11,Nord-Vest,0,eligible_voters,2305247
3702,2020-12-06,parliament,RO11,Nord-Vest,1,issued_ballots,764859
3703,2020-12-06,parliament,RO11,Nord-Vest,2,AD,601
3704,2020-12-06,parliament,RO11,Nord-Vest,2,ARN,5830
3705,2020-12-06,parliament,RO11,Nord-Vest,2,ASOCIAȚIA ITALIENILOR DIN ROMÂNIA – RO.AS.IT.,395
3706,2020-12-06,parliament,RO11,Nord-Vest,2,ASOCIAȚIA LIGA ALBANEZILOR DIN ROMÂNIA,1359
3707,2020-12-06,parliament,RO11,Nord-Vest,2,ASOCIAȚIA MACEDONENILOR DIN ROMÂNIA,685
3708,2020-12-06,parliament,RO11,Nord-Vest,2,ASOCIAȚIA PARTIDA ROMILOR “PRO-EUROPA”,2072
3709,2020-12-06,parliament,RO11,Nord-Vest,2,AUR,51601
3710,2020-12-06,parliament,RO11,Nord-Vest,2,CIOANCA NICOLAE-ILIE-CANDIDAT INDEPENDENT,2147
3711,2020-12-06,parliament,RO11,Nord-Vest,2,CRLR,144
3712,2020-12-06,parliament,RO11,Nord-Vest,2,DUMA VICTOR-SEBASTIAN-CANDIDAT INDEPENDENT,606
3713,2020-12-06,parliament,RO11,Nord-Vest,2,FDGR,1036
3714,2020-12-06,parliament,RO11,Nord-Vest,2,FEDERAȚIA COMUNITĂȚILOR EVREIEȘTI DIN ROMÂNIA,538
3715,2020-12-06,parliament,RO11,Nord-Vest,2,NAŞ SORIN-VALERIU-CANDIDAT INDEPENDENT,693
3716,2020-12-06,parliament,RO11,Nord-Vest,2,PAPICI MARCELA ANAMARIA-CANDIDAT INDEPENDENT,2790
3717,2020-12-06,parliament,RO11,Nord-Vest,2,PARTIDUL NOUA ROMÂNIE,1147
3718,2020-12-06,parliament,RO11,Nord-Vest,2,PER,6040
3719,2020-12-06,parliament,RO11,Nord-Vest,2,PMP,35441
3720,2020-12-06,parliament,RO11,Nord-Vest,2,PNL,219721
3721,2020-12-06,parliament,RO11,Nord-Vest,2,PNȚMM,1641
3722,2020-12-06,parliament,RO11,Nord-Vest,2,PPU,6371
3723,2020-12-06,parliament,RO11,Nord-Vest,2,PRM,4132
3724,2020-12-06,parliament,RO11,Nord-Vest,2,PRO,27833
3725,2020-12-06,parliament,RO11,Nord-Vest,2,PSD,142226
3726,2020-12-06,parliament,RO11,Nord-Vest,2,PSR,550
3727,2020-12-06,parliament,RO11,Nord-Vest,2,PV,822
3728,2020-12-06,parliament,RO11,Nord-Vest,2,RAŢIU OVIDIU-IOAN-CANDIDAT INDEPENDENT,740
3729,2020-12-06,parliament,RO11,Nord-Vest,2,UAR,352
3730,2020-12-06,parliament,RO11,Nord-Vest,2,UBBR,404
3731,2020-12-06,parliament,RO11,Nord-Vest,2,UCR,433
3732,2020-12-06,parliament,RO11,Nord-Vest,2,UCRR,596
3733,2020-12-06,parliament,RO11,Nord-Vest,2,UDMR,121972
3734,2020-12-06,parliament,RO11,Nord-Vest,2,UDSCR,2596
3735,2020-12-06,parliament,RO11,Nord-Vest,2,UER,510
3736,2020-12-06,parliament,RO11,Nord-Vest,2,UNIUNEA DEMOCRATĂ TURCĂ DIN ROMÂNIA,319
3737,2020-12-06,parliament,RO11,Nord-Vest,2,UNIUNEA POLONEZILOR DIN ROMÂNIA,266
3738,2020-12-06,parliament,RO11,Nord-Vest,2,USR-PLUS,100244
3739,2020-12-06,parliament,RO11,Nord-Vest,2,USbR,328
3740,2020-12-06,parliament,RO11,Nord-Vest,2,UUR,2003
3741,2020-12-06,parliament,RO12,Centru,0,eligible_voters,2130641
3742,2020-12-06,parliament,RO12,Centru,1,issued_ballots,701413
3743,2020-12-06,parliament,RO12,Centru,2,ALBU ERWIN-VLAD-CANDIDAT INDEPENDENT,1895
3744,2020-12-06,parliament,RO12,Centru,2,ARN,2276
3745,2020-12-06,parliament,RO12,Centru,2,ASOCIAȚIA ITALIENILOR DIN ROMÂNIA – RO.AS.IT.,501
3746,2020-12-06,parliament,RO12,Centru,2,ASOCIAȚIA LIGA ALBANEZILOR DIN ROMÂNIA,2073
3747,2020-12-06,parliament,RO12,Centru,2,ASOCIAȚIA MACEDONENILOR DIN ROMÂNIA,691
3748,2020-12-06,parliament,RO12,Centru,2,ASOCIAȚIA PARTIDA ROMILOR “PRO-EUROPA”,1899
3749,2020-12-06,parliament,RO12,Centru,2,AUR,47765
3750,2020-12-06,parliament,RO12,Centru,2,BENDORFEAN TRAIAN-CANDIDAT INDEPENDENT,994
3751,2020-12-06,parliament,RO12,Centru,2,BLOCUL UNITĂȚII NAȚIONALE,293
3752,2020-12-06,parliament,RO12,Centru,2,CRISTEA GEORGE-CANDIDAT INDEPENDENT,135
3753,2020-12-06,parliament,RO12,Centru,2,CRLR,284
3754,2020-12-06,parliament,RO12,Centru,2,FDGR,2136
3755,2020-12-06,parliament,RO12,Centru,2,FEDERAȚIA COMUNITĂȚILOR EVREIEȘTI DIN ROMÂNIA,282
3756,2020-12-06,parliament,RO12,Centru,2,PARTIDUL NAȚIUNEA ROMÂNĂ,503
3757,2020-12-06,parliament,RO12,Centru,2,PARTIDUL NOUA DREAPTĂ,322
3758,2020-12-06,parliament,RO12,Centru,2,PARTIDUL NOUA ROMÂNIE,210
3759,2020-12-06,parliament,RO12,Centru,2,PER,7033
3760,2020-12-06,parliament,RO12,Centru,2,PMP,24832
3761,2020-12-06,parliament,RO12,Centru,2,PNL,158227
3762,2020-12-06,parliament,RO12,Centru,2,PPU,5363
3763,2020-12-06,parliament,RO12,Centru,2,PRM,2114
3764,2020-12-06,parliament,RO12,Centru,2,PRO,18879
3765,2020-12-06,parliament,RO12,Centru,2,PSD,103157
3766,2020-12-06,parliament,RO12,Centru,2,PSR,848
3767,2020-12-06,parliament,RO12,Centru,2,PV,3006
3768,2020-12-06,parliament,RO12,Centru,2,TRĂSCĂIAN PETRU-VASILE-CANDIDAT INDEPENDENT,401
3769,2020-12-06,parliament,RO12,Centru,2,UAR,295
3770,2020-12-06,parliament,RO12,Centru,2,UBBR,335
3771,2020-12-06,parliament,RO12,Centru,2,UCR,295
3772,2020-12-06,parliament,RO12,Centru,2,UCRR,731
3773,2020-12-06,parliament,RO12,Centru,2,UDMR,188345
3774,2020-12-06,parliament,RO12,Centru,2,UDSCR,230
3775,2020-12-06,parliament,RO12,Centru,2,UER,360
3776,2020-12-06,parliament,RO12,Centru,2,UNIUNEA DEMOCRATĂ TURCĂ DIN ROMÂNIA,339
3777,2020-12-06,parliament,RO12,Centru,2,UNIUNEA POLONEZILOR DIN ROMÂNIA,197
3778,2020-12-06,parliament,RO12,Centru,2,USR-PLUS,104419
3779,2020-12-06,parliament,RO12,Centru,2,USbR,313
3780,2020-12-06,parliament,RO12,Centru,2,UUR,251
3781,2020-12-06,parliament,RO12,Centru,2,VECERDEA MARIUS-DANIEL-CANDIDAT INDEPENDENT,948
3782,2020-12-06,parliament,RO21,Nord-Est,0,eligible_voters,3241811
3783,2020-12-06,parliament,RO21,Nord-Est,1,issued_ballots,893706
3784,2020-12-06,parliament,RO21,Nord-Est,2,AD,415
3785,2020-12-06,parliament,RO21,Nord-Est,2,ANDRIAN TIBERIU-CANDIDAT INDEPENDENT,662
3786,2020-12-06,parliament,RO21,Nord-Est,2,ARN,3562
3787,2020-12-06,parliament,RO21,Nord-Est,2,ASOCIAȚIA ITALIENILOR DIN ROMÂNIA – RO.AS.IT.,1060
3788,2020-12-06,parliament,RO21,Nord-Est,2,ASOCIAȚIA LIGA ALBANEZILOR DIN ROMÂNIA,1033
3789,2020-12-06,parliament,RO21,Nord-Est,2,ASOCIAȚIA MACEDONENILOR DIN ROMÂNIA,1358
3790,2020-12-06,parliament,RO21,Nord-Est,2,ASOCIAȚIA PARTIDA ROMILOR “PRO-EUROPA”,2698
3791,2020-12-06,parliament,RO21,Nord-Est,2,AUR,112843
3792,2020-12-06,parliament,RO21,Nord-Est,2,CRLR,1444
3793,2020-12-06,parliament,RO21,Nord-Est,2,DAVID FELICIA-CANDIDAT INDEPENDENT,599
3794,2020-12-06,parliament,RO21,Nord-Est,2,FDGR,1079
3795,2020-12-06,parliament,RO21,Nord-Est,2,FEDERAȚIA COMUNITĂȚILOR EVREIEȘTI DIN ROMÂNIA,704
3796,2020-12-06,parliament,RO21,Nord-Est,2,HOLICOV MONICA-CANDIDAT INDEPENDENT,730
3797,2020-12-06,parliament,RO21,Nord-Est,2,ICHIM COSTICĂ-ROMICĂ-CANDIDAT INDEPENDENT,293
3798,2020-12-06,parliament,RO21,Nord-Est,2,MITOŞERIU CIPRIAN OLIMPIU-CANDIDAT INDEPENDENT,507
3799,2020-12-06,parliament,RO21,Nord-Est,2,PARTIDUL NOUA ROMÂNIE,4052
3800,2020-12-06,parliament,RO21,Nord-Est,2,PARTIDUL RE:START ROMÂNIA,223
3801,2020-12-06,parliament,RO21,Nord-Est,2,PER,12593
3802,2020-12-06,parliament,RO21,Nord-Est,2,PMP,41335
3803,2020-12-06,parliament,RO21,Nord-Est,2,PNL,196127
3804,2020-12-06,parliament,RO21,Nord-Est,2,PPU,17613
3805,2020-12-06,parliament,RO21,Nord-Est,2,PRM,5611
3806,2020-12-06,parliament,RO21,Nord-Est,2,PRO,38250
3807,2020-12-06,parliament,RO21,Nord-Est,2,PSD,282342
3808,2020-12-06,parliament,RO21,Nord-Est,2,PSR,3652
3809,2020-12-06,parliament,RO21,Nord-Est,2,PV,4840
3810,2020-12-06,parliament,RO21,Nord-Est,2,UAR,1025
3811,2020-12-06,parliament,RO21,Nord-Est,2,UBBR,930
3812,2020-12-06,parliament,RO21,Nord-Est,2,UCR,635
3813,2020-12-06,parliament,RO21,Nord-Est,2,UCRR,329
3814,2020-12-06,parliament,RO21,Nord-Est,2,UDMR,3684
3815,2020-12-06,parliament,RO21,Nord-Est,2,UDSCR,420
3816,2020-12-06,parliament,RO21,Nord-Est,2,UER,1267
3817,2020-12-06,parliament,RO21,Nord-Est,2,UNIUNEA DEMOCRATĂ TURCĂ DIN ROMÂNIA,489
3818,2020-12-06,parliament,RO21,Nord-Est,2,UNIUNEA POLONEZILOR DIN ROMÂNIA,2084
3819,2020-12-06,parliament,RO21,Nord-Est,2,USR-PLUS,112955
3820,2020-12-06,parliament,RO21,Nord-Est,2,USbR,536
3821,2020-12-06,parliament,RO21,Nord-Est,2,UUR,1222
3822,2020-12-06,parliament,RO21,Nord-Est,2,ZAMFIR-IGNAT ŞTEFAN-COSTIN-CANDIDAT INDEPENDENT,1218
3823,2020-12-06,parliament,RO22,Sud-Est,0,eligible_voters,2310947
3824,2020-12-06,parliament,RO22,Sud-Est,1,issued_ballots,724209
3825,2020-12-06,parliament,RO22,Sud-Est,2,ARN,572
3826,2020-12-06,parliament,RO22,Sud-Est,2,ASOCIAȚIA ITALIENILOR DIN ROMÂNIA – RO.AS.IT.,807
3827,2020-12-06,parliament,RO22,Sud-Est,2,ASOCIAȚIA LIGA ALBANEZILOR DIN ROMÂNIA,901
3828,2020-12-06,parliament,RO22,Sud-Est,2,ASOCIAȚIA MACEDONENILOR DIN ROMÂNIA,1005
3829,2020-12-06,parliament,RO22,Sud-Est,2,ASOCIAȚIA PARTIDA ROMILOR “PRO-EUROPA”,2028
3830,2020-12-06,parliament,RO22,Sud-Est,2,AUR,77790
3831,2020-12-06,parliament,RO22,Sud-Est,2,CALU NECULAI-CANDIDAT INDEPENDENT,354
3832,2020-12-06,parliament,RO22,Sud-Est,2,CRLR,2241
3833,2020-12-06,parliament,RO22,Sud-Est,2,FDGR,559
3834,2020-12-06,parliament,RO22,Sud-Est,2,FEDERAȚIA COMUNITĂȚILOR EVREIEȘTI DIN ROMÂNIA,527
3835,2020-12-06,parliament,RO22,Sud-Est,2,JALBĂ TIBERIU-MIHAI-ANTONIU-CANDIDAT INDEPENDENT,748
3836,2020-12-06,parliament,RO22,Sud-Est,2,MARTIN CORINA-CANDIDAT INDEPENDENT,1684
3837,2020-12-06,parliament,RO22,Sud-Est,2,PARTIDUL FORȚA NAȚIONALĂ,148
3838,2020-12-06,parliament,RO22,Sud-Est,2,PARTIDUL NOUA DREAPTĂ,287
3839,2020-12-06,parliament,RO22,Sud-Est,2,PARTIDUL NOUA ROMÂNIE,1698
3840,2020-12-06,parliament,RO22,Sud-Est,2,PER,8108
3841,2020-12-06,parliament,RO22,Sud-Est,2,PETREA IONEL-CANDIDAT INDEPENDENT,1305
3842,2020-12-06,parliament,RO22,Sud-Est,2,PMP,37119
3843,2020-12-06,parliament,RO22,Sud-Est,2,PNL,167499
3844,2020-12-06,parliament,RO22,Sud-Est,2,PPU,6803
3845,2020-12-06,parliament,RO22,Sud-Est,2,PRM,5749
3846,2020-12-06,parliament,RO22,Sud-Est,2,PRO,32250
3847,2020-12-06,parliament,RO22,Sud-Est,2,PSD,248391
3848,2020-12-06,parliament,RO22,Sud-Est,2,PSR,2216
3849,2020-12-06,parliament,RO22,Sud-Est,2,PV,2091
3850,2020-12-06,parliament,RO22,Sud-Est,2,TABARAC ADRIAN-CANDIDAT INDEPENDENT,1479
3851,2020-12-06,parliament,RO22,Sud-Est,2,UAR,400
3852,2020-12-06,parliament,RO22,Sud-Est,2,UBBR,535
3853,2020-12-06,parliament,RO22,Sud-Est,2,UCR,303
3854,2020-12-06,parliament,RO22,Sud-Est,2,UCRR,216
3855,2020-12-06,parliament,RO22,Sud-Est,2,UDMR,1951
3856,2020-12-06,parliament,RO22,Sud-Est,2,UDSCR,293
3857,2020-12-06,parliament,RO22,Sud-Est,2,UER,1242
3858,2020-12-06,parliament,RO22,Sud-Est,2,UNIUNEA DEMOCRATĂ A TĂTARILOR TURCO-MUSULMANI DIN ROMÂNIA,2862
3859,2020-12-06,parliament,RO22,Sud-Est,2,UNIUNEA DEMOCRATĂ TURCĂ DIN ROMÂNIA,1154
3860,2020-12-06,parliament,RO22,Sud-Est,2,UNIUNEA POLONEZILOR DIN ROMÂNIA,387
3861,2020-12-06,parliament,RO22,Sud-Est,2,USR-PLUS,87907
3862,2020-12-06,parliament,RO22,Sud-Est,2,USbR,473
3863,2020-12-06,parliament,RO22,Sud-Est,2,UUR,417
3864,2020-12-06,parliament,RO31,Sud-Muntenia,0,eligible_voters,2594650
3865,2020-12-06,parliament,RO31,Sud-Muntenia,1,issued_ballots,843436
3866,2020-12-06,parliament,RO31,Sud-Muntenia,2,APOSTOLACHE MIHAI CRISTIAN-CANDIDAT INDEPENDENT,2583
3867,2020-12-06,parliament,RO31,Sud-Muntenia,2,ARN,1907
3868,2020-12-06,parliament,RO31,Sud-Muntenia,2,ASOCIAȚIA ITALIENILOR DIN ROMÂNIA – RO.AS.IT.,381
3869,2020-12-06,parliament,RO31,Sud-Muntenia,2,ASOCIAȚIA LIGA ALBANEZILOR DIN ROMÂNIA,851
3870,2020-12-06,parliament,RO31,Sud-Muntenia,2,ASOCIAȚIA MACEDONENILOR DIN ROMÂNIA,858
3871,2020-12-06,parliament,RO31,Sud-Muntenia,2,ASOCIAȚIA PARTIDA ROMILOR “PRO-EUROPA”,2404
3872,2020-12-06,parliament,RO31,Sud-Muntenia,2,AUR,61366
3873,2020-12-06,parliament,RO31,Sud-Muntenia,2,BACIU VIRGIL-CANDIDAT INDEPENDENT,3572
3874,2020-12-06,parliament,RO31,Sud-Muntenia,2,BOGDAN DUMITRU-CANDIDAT INDEPENDENT,668
3875,2020-12-06,parliament,RO31,Sud-Muntenia,2,COSTEA VLAD-CANDIDAT INDEPENDENT,658
3876,2020-12-06,parliament,RO31,Sud-Muntenia,2,CRLR,183
3877,2020-12-06,parliament,RO31,Sud-Muntenia,2,DUŢĂ MARIA-MIHAELA-CANDIDAT INDEPENDENT,742
3878,2020-12-06,parliament,RO31,Sud-Muntenia,2,FDGR,633
3879,2020-12-06,parliament,RO31,Sud-Muntenia,2,FEDERAȚIA COMUNITĂȚILOR EVREIEȘTI DIN ROMÂNIA,345
3880,2020-12-06,parliament,RO31,Sud-Muntenia,2,IVAN ANDREI-CANDIDAT INDEPENDENT,195
3881,2020-12-06,parliament,RO31,Sud-Muntenia,2,PARTIDUL NAȚIUNEA ROMÂNĂ,779
3882,2020-12-06,parliament,RO31,Sud-Muntenia,2,PARTIDUL NOUA DREAPTĂ,357
3883,2020-12-06,parliament,RO31,Sud-Muntenia,2,PARTIDUL NOUA ROMÂNIE,2378
3884,2020-12-06,parliament,RO31,Sud-Muntenia,2,PARTIDUL SOCIAL DEMOCRAT AL MUNCITORILOR,453
3885,2020-12-06,parliament,RO31,Sud-Muntenia,2,PER,7556
3886,2020-12-06,parliament,RO31,Sud-Muntenia,2,PMP,32026
3887,2020-12-06,parliament,RO31,Sud-Muntenia,2,PNL,227980
3888,2020-12-06,parliament,RO31,Sud-Muntenia,2,PPU,6988
3889,2020-12-06,parliament,RO31,Sud-Muntenia,2,PRM,5913
3890,2020-12-06,parliament,RO31,Sud-Muntenia,2,PRO,39665
3891,2020-12-06,parliament,RO31,Sud-Muntenia,2,PSD,319455
3892,2020-12-06,parliament,RO31,Sud-Muntenia,2,PSR,4800
3893,2020-12-06,parliament,RO31,Sud-Muntenia,2,PV,677
3894,2020-12-06,parliament,RO31,Sud-Muntenia,2,RĂDULESCU VIRGIL-FLORIN-CANDIDAT INDEPENDENT,339
3895,2020-12-06,parliament,RO31,Sud-Muntenia,2,UAR,571
3896,2020-12-06,parliament,RO31,Sud-Muntenia,2,UBBR,556
3897,2020-12-06,parliament,RO31,Sud-Muntenia,2,UCR,250
3898,2020-12-06,parliament,RO31,Sud-Muntenia,2,UCRR,301
3899,2020-12-06,parliament,RO31,Sud-Muntenia,2,UDMR,1842
3900,2020-12-06,parliament,RO31,Sud-Muntenia,2,UDSCR,447
3901,2020-12-06,parliament,RO31,Sud-Muntenia,2,UER,1265
3902,2020-12-06,parliament,RO31,Sud-Muntenia,2,UNIUNEA DEMOCRATĂ TURCĂ DIN ROMÂNIA,459
3903,2020-12-06,parliament,RO31,Sud-Muntenia,2,UNIUNEA POLONEZILOR DIN ROMÂNIA,230
3904,2020-12-06,parliament,RO31,Sud-Muntenia,2,USR-PLUS,85884
3905,2020-12-06,parliament,RO31,Sud-Muntenia,2,USbR,330
3906,2020-12-06,parliament,RO31,Sud-Muntenia,2,UUR,255
3907,2020-12-06,parliament,RO32,Bucureşti-Ilfov,0,eligible_voters,2176267
3908,2020-12-06,parliament,RO32,Bucureşti-Ilfov,1,issued_ballots,692592
3909,2020-12-06,parliament,RO32,Bucureşti-Ilfov,2,AD,630
3910,2020-12-06,parliament,RO32,Bucureşti-Ilfov,2,ASOCIAȚIA ITALIENILOR DIN ROMÂNIA – RO.AS.IT.,187
3911,2020-12-06,parliament,RO32,Bucureşti-Ilfov,2,ASOCIAȚIA LIGA ALBANEZILOR DIN ROMÂNIA,183
3912,2020-12-06,parliament,RO32,Bucureşti-Ilfov,2,ASOCIAȚIA MACEDONENILOR DIN ROMÂNIA,276
3913,2020-12-06,parliament,RO32,Bucureşti-Ilfov,2,ASOCIAȚIA PARTIDA ROMILOR “PRO-EUROPA”,809
3914,2020-12-06,parliament,RO32,Bucureşti-Ilfov,2,AUR,37430
3915,2020-12-06,parliament,RO32,Bucureşti-Ilfov,2,CRLR,358
3916,2020-12-06,parliament,RO32,Bucureşti-Ilfov,2,FDGR,259
3917,2020-12-06,parliament,RO32,Bucureşti-Ilfov,2,FEDERAȚIA COMUNITĂȚILOR EVREIEȘTI DIN ROMÂNIA,375
3918,2020-12-06,parliament,RO32,Bucureşti-Ilfov,2,GEONEA IONELA-ALINA-CANDIDAT INDEPENDENT,326
3919,2020-12-06,parliament,RO32,Bucureşti-Ilfov,2,MATEI SERGIU-LUCIAN-CANDIDAT INDEPENDENT,590
3920,2020-12-06,parliament,RO32,Bucureşti-Ilfov,2,NICOLAE VALERIU-CIOLAN-CANDIDAT INDEPENDENT,16343
3921,2020-12-06,parliament,RO32,Bucureşti-Ilfov,2,OPREA GABRIEL-CANDIDAT INDEPENDENT,825
3922,2020-12-06,parliament,RO32,Bucureşti-Ilfov,2,PARTIDUL NAȚIUNEA ROMÂNĂ,473
3923,2020-12-06,parliament,RO32,Bucureşti-Ilfov,2,PARTIDUL NOUA DREAPTĂ,1864
3924,2020-12-06,parliament,RO32,Bucureşti-Ilfov,2,PARTIDUL NOUA ROMÂNIE,1263
3925,2020-12-06,parliament,RO32,Bucureşti-Ilfov,2,PARTIDUL SOCIAL DEMOCRAT AL MUNCITORILOR,981
3926,2020-12-06,parliament,RO32,Bucureşti-Ilfov,2,PER,7591
3927,2020-12-06,parliament,RO32,Bucureşti-Ilfov,2,PMP,36345
3928,2020-12-06,parliament,RO32,Bucureşti-Ilfov,2,PNL,158549
3929,2020-12-06,parliament,RO32,Bucureşti-Ilfov,2,PNȚMM,1086
3930,2020-12-06,parliament,RO32,Bucureşti-Ilfov,2,PPU,4707
3931,2020-12-06,parliament,RO32,Bucureşti-Ilfov,2,PRM,2669
3932,2020-12-06,parliament,RO32,Bucureşti-Ilfov,2,PRO,29746
3933,2020-12-06,parliament,RO32,Bucureşti-Ilfov,2,PSD,175680
3934,2020-12-06,parliament,RO32,Bucureşti-Ilfov,2,PSR,1272
3935,2020-12-06,parliament,RO32,Bucureşti-Ilfov,2,PV,5304
3936,2020-12-06,parliament,RO32,Bucureşti-Ilfov,2,STOCHIŢĂ AUREL-CĂTĂLIN-CANDIDAT INDEPENDENT,375
3937,2020-12-06,parliament,RO32,Bucureşti-Ilfov,2,UAR,437
3938,2020-12-06,parliament,RO32,Bucureşti-Ilfov,2,UBBR,183
3939,2020-12-06,parliament,RO32,Bucureşti-Ilfov,2,UCR,80
3940,2020-12-06,parliament,RO32,Bucureşti-Ilfov,2,UCRR,118
3941,2020-12-06,parliament,RO32,Bucureşti-Ilfov,2,UDMR,1211
3942,2020-12-06,parliament,RO32,Bucureşti-Ilfov,2,UDSCR,89
3943,2020-12-06,parliament,RO32,Bucureşti-Ilfov,2,UER,352
3944,2020-12-06,parliament,RO32,Bucureşti-Ilfov,2,UNIUNEA DEMOCRATĂ TURCĂ DIN ROMÂNIA,253
3945,2020-12-06,parliament,RO32,Bucureşti-Ilfov,2,UNIUNEA POLONEZILOR DIN ROMÂNIA,164
3946,2020-12-06,parliament,RO32,Bucureşti-Ilfov,2,USR-PLUS,189613
3947,2020-12-06,parliament,RO32,Bucureşti-Ilfov,2,USbR,124
3948,2020-12-06,parliament,RO32,Bucureşti-Ilfov,2,UUR,134
3949,2020-12-06,parliament,RO32,Bucureşti-Ilfov,2,ZAINEA CORNEL-CANDIDAT INDEPENDENT,1271
3950,2020-12-06,parliament,RO32,Bucureşti-Ilfov,2,ZMARANDA FLORIN-CANDIDAT INDEPENDENT,165
3951,2020-12-06,parliament,RO32,Bucureşti-Ilfov,2,ŞERBAN DANIELA-CANDIDAT INDEPENDENT,1035
3952,2020-12-06,parliament,RO41,Sud-Vest Oltenia,0,eligible_voters,1776124
3953,2020-12-06,parliament,RO41,Sud-Vest Oltenia,1,issued_ballots,662112
3954,2020-12-06,parliament,RO41,Sud-Vest Oltenia,2,AD,359
3955,2020-12-06,parliament,RO41,Sud-Vest Oltenia,2,ARN,712
3956,2020-12-06,parliament,RO41,Sud-Vest Oltenia,2,ASOCIAȚIA ITALIENILOR DIN ROMÂNIA – RO.AS.IT.,238
3957,2020-12-06,parliament,RO41,Sud-Vest Oltenia,2,ASOCIAȚIA LIGA ALBANEZILOR DIN ROMÂNIA,1978
3958,2020-12-06,parliament,RO41,Sud-Vest Oltenia,2,ASOCIAȚIA MACEDONENILOR DIN ROMÂNIA,1497
3959,2020-12-06,parliament,RO41,Sud-Vest Oltenia,2,ASOCIAȚIA PARTIDA ROMILOR “PRO-EUROPA”,1596
3960,2020-12-06,parliament,RO41,Sud-Vest Oltenia,2,AUR,38197
3961,2020-12-06,parliament,RO41,Sud-Vest Oltenia,2,BULAT FLORIN-CANDIDAT INDEPENDENT,316
3962,2020-12-06,parliament,RO41,Sud-Vest Oltenia,2,CARALICEA GHEORGHE-CANDIDAT INDEPENDENT,371
3963,2020-12-06,parliament,RO41,Sud-Vest Oltenia,2,CRLR,143
3964,2020-12-06,parliament,RO41,Sud-Vest Oltenia,2,FDGR,318
3965,2020-12-06,parliament,RO41,Sud-Vest Oltenia,2,FEDERAȚIA COMUNITĂȚILOR EVREIEȘTI DIN ROMÂNIA,248
3966,2020-12-06,parliament,RO41,Sud-Vest Oltenia,2,PARTIDUL NOUA DREAPTĂ,425
3967,2020-12-06,parliament,RO41,Sud-Vest Oltenia,2,PARTIDUL NOUA ROMÂNIE,1667
3968,2020-12-06,parliament,RO41,Sud-Vest Oltenia,2,PARTIDUL RE:START ROMÂNIA,231
3969,2020-12-06,parliament,RO41,Sud-Vest Oltenia,2,PER,6279
3970,2020-12-06,parliament,RO41,Sud-Vest Oltenia,2,PESCARU NICUŞOR-CANDIDAT INDEPENDENT,115
3971,2020-12-06,parliament,RO41,Sud-Vest Oltenia,2,PMP,30838
3972,2020-12-06,parliament,RO41,Sud-Vest Oltenia,2,PNL,163918
3973,2020-12-06,parliament,RO41,Sud-Vest Oltenia,2,PPU,5682
3974,2020-12-06,parliament,RO41,Sud-Vest Oltenia,2,PRM,3413
3975,2020-12-06,parliament,RO41,Sud-Vest Oltenia,2,PRO,28881
3976,2020-12-06,parliament,RO41,Sud-Vest Oltenia,2,PSD,291298
3977,2020-12-06,parliament,RO41,Sud-Vest Oltenia,2,PSR,5258
3978,2020-12-06,parliament,RO41,Sud-Vest Oltenia,2,PV,2910
3979,2020-12-06,parliament,RO41,Sud-Vest Oltenia,2,UAR,307
3980,2020-12-06,parliament,RO41,Sud-Vest Oltenia,2,UBBR,213
3981,2020-12-06,parliament,RO41,Sud-Vest Oltenia,2,UCR,260
3982,2020-12-06,parliament,RO41,Sud-Vest Oltenia,2,UCRR,122
3983,2020-12-06,parliament,RO41,Sud-Vest Oltenia,2,UDMR,2089
3984,2020-12-06,parliament,RO41,Sud-Vest Oltenia,2,UDSCR,320
3985,2020-12-06,parliament,RO41,Sud-Vest Oltenia,2,UER,389
3986,2020-12-06,parliament,RO41,Sud-Vest Oltenia,2,UNIUNEA DEMOCRATĂ TURCĂ DIN ROMÂNIA,301
3987,2020-12-06,parliament,RO41,Sud-Vest Oltenia,2,UNIUNEA POLONEZILOR DIN ROMÂNIA,155
3988,2020-12-06,parliament,RO41,Sud-Vest Oltenia,2,USR-PLUS,52358
3989,2020-12-06,parliament,RO41,Sud-Vest Oltenia,2,USbR,296
3990,2020-12-06,parliament,RO41,Sud-Vest Oltenia,2,UUR,127
3991,2020-12-06,parliament,RO42,Vest,0,eligible_voters,1655709
3992,2020-12-06,parliament,RO42,Vest,1,issued_ballots,510808
3993,2020-12-06,parliament,RO42,Vest,2,ARN,6803
3994,2020-12-06,parliament,RO42,Vest,2,ASOCIAȚIA ITALIENILOR DIN ROMÂNIA – RO.AS.IT.,208
3995,2020-12-06,parliament,RO42,Vest,2,ASOCIAȚIA LIGA ALBANEZILOR DIN ROMÂNIA,457
3996,2020-12-06,parliament,RO42,Vest,2,ASOCIAȚIA MACEDONENILOR DIN ROMÂNIA,575
3997,2020-12-06,parliament,RO42,Vest,2,ASOCIAȚIA PARTIDA ROMILOR “PRO-EUROPA”,571
3998,2020-12-06,parliament,RO42,Vest,2,AUR,47904
3999,2020-12-06,parliament,RO42,Vest,2,CRLR,118
4000,2020-12-06,parliament,RO42,Vest,2,FDGR,1081
4001,2020-12-06,parliament,RO42,Vest,2,FEDERAȚIA COMUNITĂȚILOR EVREIEȘTI DIN ROMÂNIA,359
4002,2020-12-06,parliament,RO42,Vest,2,PARTIDUL COMUNIȘTILOR,213
4003,2020-12-06,parliament,RO42,Vest,2,PARTIDUL NOUA DREAPTĂ,297
4004,2020-12-06,parliament,RO42,Vest,2,PARTIDUL NOUA ROMÂNIE,1678
4005,2020-12-06,parliament,RO42,Vest,2,PARTIDUL RE:START ROMÂNIA,83
4006,2020-12-06,parliament,RO42,Vest,2,PARTIDUL SOCIAL DEMOCRAT AL MUNCITORILOR,478
4007,2020-12-06,parliament,RO42,Vest,2,PER,7116
4008,2020-12-06,parliament,RO42,Vest,2,PMP,24314
4009,2020-12-06,parliament,RO42,Vest,2,PNL,129010
4010,2020-12-06,parliament,RO42,Vest,2,PPU,5938
4011,2020-12-06,parliament,RO42,Vest,2,PRM,3054
4012,2020-12-06,parliament,RO42,Vest,2,PRO,20864
4013,2020-12-06,parliament,RO42,Vest,2,PSD,134402
4014,2020-12-06,parliament,RO42,Vest,2,PSR,1099
4015,2020-12-06,parliament,RO42,Vest,2,PV,965
4016,2020-12-06,parliament,RO42,Vest,2,ROŞU GICĂ-CANDIDAT INDEPENDENT,495
4017,2020-12-06,parliament,RO42,Vest,2,UAR,303
4018,2020-12-06,parliament,RO42,Vest,2,UBBR,1571
4019,2020-12-06,parliament,RO42,Vest,2,UCR,1002
4020,2020-12-06,parliament,RO42,Vest,2,UCRR,1249
4021,2020-12-06,parliament,RO42,Vest,2,UDMR,14911
4022,2020-12-06,parliament,RO42,Vest,2,UDSCR,850
4023,2020-12-06,parliament,RO42,Vest,2,UER,406
4024,2020-12-06,parliament,RO42,Vest,2,UNIUNEA DEMOCRATĂ TURCĂ DIN ROMÂNIA,121
4025,2020-12-06,parliament,RO42,Vest,2,UNIUNEA POLONEZILOR DIN ROMÂNIA,187
4026,2020-12-06,parliament,RO42,Vest,2,USR-PLUS,88132
4027,2020-12-06,parliament,RO42,Vest,2,USbR,2156
4028,2020-12-06,parliament,RO42,Vest,2,UUR,826
4029,2024-06-09,european,RO11,Nord-Vest,0,eligible_voters,2294520
4030,2024-06-09,european,RO11,Nord-Vest,1,issued_ballots,1249185
4031,2024-06-09,european,RO11,Nord-Vest,2,AD,5698
4032,2024-06-09,european,RO11,Nord-Vest,2,ALIANȚA AUR,165441
4033,2024-06-09,european,RO11,Nord-Vest,2,GHEORGHE VLAD-DAN,27038
4034,2024-06-09,european,RO11,Nord-Vest,2,PARTIDUL DIASPORA UNITĂ,19296
4035,2024-06-09,european,RO11,Nord-Vest,2,PARTIDUL PATRIOȚILOR,7190
4036,2024-06-09,european,RO11,Nord-Vest,2,PRM,6530
4037,2024-06-09,european,RO11,Nord-Vest,2,PSD-PNL,508876
4038,2024-06-09,european,RO11,Nord-Vest,2,PSR - PSDM,3534
4039,2024-06-09,european,RO11,Nord-Vest,2,PUSL,10506
4040,2024-06-09,european,RO11,Nord-Vest,2,PÎRVĂNESCU PAULA-MARINELA,5166
4041,2024-06-09,european,RO11,Nord-Vest,2,REPER,49782
4042,2024-06-09,european,RO11,Nord-Vest,2,SOS,42593
4043,2024-06-09,european,RO11,Nord-Vest,2,UDMR,207913
4044,2024-06-09,european,RO11,Nord-Vest,2,USR - PMP - FORȚA DREPTEI,82833
4045,2024-06-09,european,RO11,Nord-Vest,2,ȘOȘOACĂ DUMITRU-SILVESTRU,8730
4046,2024-06-09,european,RO11,Nord-Vest,2,ȘTEFĂNUȚĂ NICOLAE-BOGDĂNEL,37421
4047,2024-06-09,european,RO12,Centru,0,eligible_voters,2120788
4048,2024-06-09,european,RO12,Centru,1,issued_ballots,1110039
4049,2024-06-09,european,RO12,Centru,2,AD,3508
4050,2024-06-09,european,RO12,Centru,2,ALIANȚA AUR,130259
4051,2024-06-09,european,RO12,Centru,2,GHEORGHE VLAD-DAN,22039
4052,2024-06-09,european,RO12,Centru,2,PARTIDUL DIASPORA UNITĂ,17671
4053,2024-06-09,european,RO12,Centru,2,PARTIDUL PATRIOȚILOR,11327
4054,2024-06-09,european,RO12,Centru,2,PRM,6974
4055,2024-06-09,european,RO12,Centru,2,PSD-PNL,357736
4056,2024-06-09,european,RO12,Centru,2,PSR - PSDM,3554
4057,2024-06-09,european,RO12,Centru,2,PUSL,6982
4058,2024-06-09,european,RO12,Centru,2,PÎRVĂNESCU PAULA-MARINELA,5695
4059,2024-06-09,european,RO12,Centru,2,REPER,30274
4060,2024-06-09,european,RO12,Centru,2,SOS,35549
4061,2024-06-09,european,RO12,Centru,2,UDMR,292341
4062,2024-06-09,european,RO12,Centru,2,USR - PMP - FORȚA DREPTEI,85568
4063,2024-06-09,european,RO12,Centru,2,ȘOȘOACĂ DUMITRU-SILVESTRU,7671
4064,2024-06-09,european,RO12,Centru,2,ȘTEFĂNUȚĂ NICOLAE-BOGDĂNEL,30788
4065,2024-06-09,european,RO21,Nord-Est,0,eligible_voters,3258200
4066,2024-06-09,european,RO21,Nord-Est,1,issued_ballots,1467155
4067,2024-06-09,european,RO21,Nord-Est,2,AD,4967
4068,2024-06-09,european,RO21,Nord-Est,2,ALIANȚA AUR,221339
4069,2024-06-09,european,RO21,Nord-Est,2,GHEORGHE VLAD-DAN,32475
4070,2024-06-09,european,RO21,Nord-Est,2,PARTIDUL DIASPORA UNITĂ,22947
4071,2024-06-09,european,RO21,Nord-Est,2,PARTIDUL PATRIOȚILOR,10252
4072,2024-06-09,european,RO21,Nord-Est,2,PRM,9395
4073,2024-06-09,european,RO21,Nord-Est,2,PSD-PNL,750610
4074,2024-06-09,european,RO21,Nord-Est,2,PSR - PSDM,6002
4075,2024-06-09,european,RO21,Nord-Est,2,PUSL,18438
4076,2024-06-09,european,RO21,Nord-Est,2,PÎRVĂNESCU PAULA-MARINELA,8833
4077,2024-06-09,european,RO21,Nord-Est,2,REPER,44888
4078,2024-06-09,european,RO21,Nord-Est,2,SOS,80479
4079,2024-06-09,european,RO21,Nord-Est,2,UDMR,12801
4080,2024-06-09,european,RO21,Nord-Est,2,USR - PMP - FORȚA DREPTEI,103502
4081,2024-06-09,european,RO21,Nord-Est,2,ȘOȘOACĂ DUMITRU-SILVESTRU,14312
4082,2024-06-09,european,RO21,Nord-Est,2,ȘTEFĂNUȚĂ NICOLAE-BOGDĂNEL,37860
4083,2024-06-09,european,RO22,Sud-Est,0,eligible_voters,2262878
4084,2024-06-09,european,RO22,Sud-Est,1,issued_ballots,1120948
4085,2024-06-09,european,RO22,Sud-Est,2,AD,5008
4086,2024-06-09,european,RO22,Sud-Est,2,ALIANȚA AUR,162120
4087,2024-06-09,european,RO22,Sud-Est,2,GHEORGHE VLAD-DAN,23814
4088,2024-06-09,european,RO22,Sud-Est,2,PARTIDUL DIASPORA UNITĂ,19136
4089,2024-06-09,european,RO22,Sud-Est,2,PARTIDUL PATRIOȚILOR,7702
4090,2024-06-09,european,RO22,Sud-Est,2,PRM,7819
4091,2024-06-09,european,RO22,Sud-Est,2,PSD-PNL,593978
4092,2024-06-09,european,RO22,Sud-Est,2,PSR - PSDM,5366
4093,2024-06-09,european,RO22,Sud-Est,2,PUSL,15197
4094,2024-06-09,european,RO22,Sud-Est,2,PÎRVĂNESCU PAULA-MARINELA,6695
4095,2024-06-09,european,RO22,Sud-Est,2,REPER,24621
4096,2024-06-09,european,RO22,Sud-Est,2,SOS,65181
4097,2024-06-09,european,RO22,Sud-Est,2,UDMR,6984
4098,2024-06-09,european,RO22,Sud-Est,2,USR - PMP - FORȚA DREPTEI,77812
4099,2024-06-09,european,RO22,Sud-Est,2,ȘOȘOACĂ DUMITRU-SILVESTRU,10825
4100,2024-06-09,european,RO22,Sud-Est,2,ȘTEFĂNUȚĂ NICOLAE-BOGDĂNEL,25164
4101,2024-06-09,european,RO31,Sud-Muntenia,0,eligible_voters,2519745
4102,2024-06-09,european,RO31,Sud-Muntenia,1,issued_ballots,1423155
4103,2024-06-09,european,RO31,Sud-Muntenia,2,AD,4450
4104,2024-06-09,european,RO31,Sud-Muntenia,2,ALIANȚA AUR,200180
4105,2024-06-09,european,RO31,Sud-Muntenia,2,GHEORGHE VLAD-DAN,26407
4106,2024-06-09,european,RO31,Sud-Muntenia,2,PARTIDUL DIASPORA UNITĂ,18674
4107,2024-06-09,european,RO31,Sud-Muntenia,2,PARTIDUL PATRIOȚILOR,10099
4108,2024-06-09,european,RO31,Sud-Muntenia,2,PRM,9023
4109,2024-06-09,european,RO31,Sud-Muntenia,2,PSD-PNL,803281
4110,2024-06-09,european,RO31,Sud-Muntenia,2,PSR - PSDM,5830
4111,2024-06-09,european,RO31,Sud-Muntenia,2,PUSL,19288
4112,2024-06-09,european,RO31,Sud-Muntenia,2,PÎRVĂNESCU PAULA-MARINELA,7355
4113,2024-06-09,european,RO31,Sud-Muntenia,2,REPER,26432
4114,2024-06-09,european,RO31,Sud-Muntenia,2,SOS,69772
4115,2024-06-09,european,RO31,Sud-Muntenia,2,UDMR,9898
4116,2024-06-09,european,RO31,Sud-Muntenia,2,USR - PMP - FORȚA DREPTEI,90973
4117,2024-06-09,european,RO31,Sud-Muntenia,2,ȘOȘOACĂ DUMITRU-SILVESTRU,13667
4118,2024-06-09,european,RO31,Sud-Muntenia,2,ȘTEFĂNUȚĂ NICOLAE-BOGDĂNEL,27466
4119,2024-06-09,european,RO32,Bucureşti-Ilfov,0,eligible_voters,2213631
4120,2024-06-09,european,RO32,Bucureşti-Ilfov,1,issued_ballots,1030464
4121,2024-06-09,european,RO32,Bucureşti-Ilfov,2,AD,7777
4122,2024-06-09,european,RO32,Bucureşti-Ilfov,2,ALIANȚA AUR,126560
4123,2024-06-09,european,RO32,Bucureşti-Ilfov,2,GHEORGHE VLAD-DAN,45042
4124,2024-06-09,european,RO32,Bucureşti-Ilfov,2,PARTIDUL DIASPORA UNITĂ,22644
4125,2024-06-09,european,RO32,Bucureşti-Ilfov,2,PARTIDUL PATRIOȚILOR,7763
4126,2024-06-09,european,RO32,Bucureşti-Ilfov,2,PRM,8057
4127,2024-06-09,european,RO32,Bucureşti-Ilfov,2,PSD-PNL,332773
4128,2024-06-09,european,RO32,Bucureşti-Ilfov,2,PSR - PSDM,5495
4129,2024-06-09,european,RO32,Bucureşti-Ilfov,2,PUSL,39762
4130,2024-06-09,european,RO32,Bucureşti-Ilfov,2,PÎRVĂNESCU PAULA-MARINELA,7769
4131,2024-06-09,european,RO32,Bucureşti-Ilfov,2,REPER,94104
4132,2024-06-09,european,RO32,Bucureşti-Ilfov,2,SOS,42944
4133,2024-06-09,european,RO32,Bucureşti-Ilfov,2,UDMR,6358
4134,2024-06-09,european,RO32,Bucureşti-Ilfov,2,USR - PMP - FORȚA DREPTEI,176122
4135,2024-06-09,european,RO32,Bucureşti-Ilfov,2,ȘOȘOACĂ DUMITRU-SILVESTRU,6449
4136,2024-06-09,european,RO32,Bucureşti-Ilfov,2,ȘTEFĂNUȚĂ NICOLAE-BOGDĂNEL,67498
4137,2024-06-09,european,RO41,Sud-Vest Oltenia,0,eligible_voters,1727056
4138,2024-06-09,european,RO41,Sud-Vest Oltenia,1,issued_ballots,988414
4139,2024-06-09,european,RO41,Sud-Vest Oltenia,2,AD,2745
4140,2024-06-09,european,RO41,Sud-Vest Oltenia,2,ALIANȚA AUR,155218
4141,2024-06-09,european,RO41,Sud-Vest Oltenia,2,GHEORGHE VLAD-DAN,13935
4142,2024-06-09,european,RO41,Sud-Vest Oltenia,2,PARTIDUL DIASPORA UNITĂ,9623
4143,2024-06-09,european,RO41,Sud-Vest Oltenia,2,PARTIDUL PATRIOȚILOR,5197
4144,2024-06-09,european,RO41,Sud-Vest Oltenia,2,PRM,4877
4145,2024-06-09,european,RO41,Sud-Vest Oltenia,2,PSD-PNL,586111
4146,2024-06-09,european,RO41,Sud-Vest Oltenia,2,PSR - PSDM,3403
4147,2024-06-09,european,RO41,Sud-Vest Oltenia,2,PUSL,7652
4148,2024-06-09,european,RO41,Sud-Vest Oltenia,2,PÎRVĂNESCU PAULA-MARINELA,4192
4149,2024-06-09,european,RO41,Sud-Vest Oltenia,2,REPER,14672
4150,2024-06-09,european,RO41,Sud-Vest Oltenia,2,SOS,44448
4151,2024-06-09,european,RO41,Sud-Vest Oltenia,2,UDMR,8622
4152,2024-06-09,european,RO41,Sud-Vest Oltenia,2,USR - PMP - FORȚA DREPTEI,47956
4153,2024-06-09,european,RO41,Sud-Vest Oltenia,2,ȘOȘOACĂ DUMITRU-SILVESTRU,7388
4154,2024-06-09,european,RO41,Sud-Vest Oltenia,2,ȘTEFĂNUȚĂ NICOLAE-BOGDĂNEL,15569
4155,2024-06-09,european,RO42,Vest,0,eligible_voters,1628511
4156,2024-06-09,european,RO42,Vest,1,issued_ballots,825841
4157,2024-06-09,european,RO42,Vest,2,AD,4783
4158,2024-06-09,european,RO42,Vest,2,ALIANȚA AUR,142958
4159,2024-06-09,european,RO42,Vest,2,GHEORGHE VLAD-DAN,20098
4160,2024-06-09,european,RO42,Vest,2,PARTIDUL DIASPORA UNITĂ,15125
4161,2024-06-09,european,RO42,Vest,2,PARTIDUL PATRIOȚILOR,4834
4162,2024-06-09,european,RO42,Vest,2,PRM,4974
4163,2024-06-09,european,RO42,Vest,2,PSD-PNL,363396
4164,2024-06-09,european,RO42,Vest,2,PSR - PSDM,3318
4165,2024-06-09,european,RO42,Vest,2,PUSL,12739
4166,2024-06-09,european,RO42,Vest,2,PÎRVĂNESCU PAULA-MARINELA,4456
4167,2024-06-09,european,RO42,Vest,2,REPER,29512
4168,2024-06-09,european,RO42,Vest,2,SOS,40617
4169,2024-06-09,european,RO42,Vest,2,UDMR,32077
4170,2024-06-09,european,RO42,Vest,2,USR - PMP - FORȚA DREPTEI,79762
4171,2024-06-09,european,RO42,Vest,2,ȘOȘOACĂ DUMITRU-SILVESTRU,7437
4172,2024-06-09,european,RO42,Vest,2,ȘTEFĂNUȚĂ NICOLAE-BOGDĂNEL,21608
