,election_date,election_type,nuts_1_code,nuts_1_name,type,name,votes
0,1993-06-06,parliament,ES1,Noroeste,0,eligible_voters,21802578.0
1,1993-06-06,parliament,ES1,Noroeste,1,issued_ballots,15738708.0
2,1993-06-06,parliament,ES1,Noroeste,2,aa,4722.0
3,1993-06-06,parliament,ES1,Noroeste,2,abe,0.0
4,1993-06-06,parliament,ES1,Noroeste,2,aci,0.0
5,1993-06-06,parliament,ES1,Noroeste,2,ag,19716.0
6,1993-06-06,parliament,ES1,Noroeste,2,aigranc,0.0
7,1993-06-06,parliament,ES1,Noroeste,2,app,0.0
8,1993-06-06,parliament,ES1,Noroeste,2,arcoiris,0.0
9,1993-06-06,parliament,ES1,Noroeste,2,arde,912.0
10,1993-06-06,parliament,ES1,Noroeste,2,armade,32340.0
11,1993-06-06,parliament,ES1,Noroeste,2,atf,0.0
12,1993-06-06,parliament,ES1,Noroeste,2,bng,761790.0
13,1993-06-06,parliament,ES1,Noroeste,2,cc,0.0
14,1993-06-06,parliament,ES1,Noroeste,2,ccl,0.0
15,1993-06-06,parliament,ES1,Noroeste,2,cds,328266.0
16,1993-06-06,parliament,ES1,Noroeste,2,cha,0.0
17,1993-06-06,parliament,ES1,Noroeste,2,ciu,0.0
18,1993-06-06,parliament,ES1,Noroeste,2,cng,27978.0
19,1993-06-06,parliament,ES1,Noroeste,2,conceyu,3168.0
20,1993-06-06,parliament,ES1,Noroeste,2,e_u,0.0
21,1993-06-06,parliament,ES1,Noroeste,2,eaeue,0.0
22,1993-06-06,parliament,ES1,Noroeste,2,eajpnv,0.0
23,1993-06-06,parliament,ES1,Noroeste,2,env,0.0
24,1993-06-06,parliament,ES1,Noroeste,2,erc,0.0
25,1993-06-06,parliament,ES1,Noroeste,2,fe_a,0.0
26,1993-06-06,parliament,ES1,Noroeste,2,fe_i,0.0
27,1993-06-06,parliament,ES1,Noroeste,2,fejons,2130.0
28,1993-06-06,parliament,ES1,Noroeste,2,fpe,0.0
29,1993-06-06,parliament,ES1,Noroeste,2,freixes,0.0
30,1993-06-06,parliament,ES1,Noroeste,2,gil,0.0
31,1993-06-06,parliament,ES1,Noroeste,2,hb,0.0
32,1993-06-06,parliament,ES1,Noroeste,2,if,0.0
33,1993-06-06,parliament,ES1,Noroeste,2,ince,0.0
34,1993-06-06,parliament,ES1,Noroeste,2,iu,1234890.0
35,1993-06-06,parliament,ES1,Noroeste,2,le,40812.0
36,1993-06-06,parliament,ES1,Noroeste,2,lg,0.0
37,1993-06-06,parliament,ES1,Noroeste,2,mce,0.0
38,1993-06-06,parliament,ES1,Noroeste,2,mces,0.0
39,1993-06-06,parliament,ES1,Noroeste,2,nps,7578.0
40,1993-06-06,parliament,ES1,Noroeste,2,os,0.0
41,1993-06-06,parliament,ES1,Noroeste,2,p_riojano,0.0
42,1993-06-06,parliament,ES1,Noroeste,2,p_tagoror,0.0
43,1993-06-06,parliament,ES1,Noroeste,2,pa,0.0
44,1993-06-06,parliament,ES1,Noroeste,2,pancal,0.0
45,1993-06-06,parliament,ES1,Noroeste,2,pap,0.0
46,1993-06-06,parliament,ES1,Noroeste,2,par,0.0
47,1993-06-06,parliament,ES1,Noroeste,2,pas,66528.0
48,1993-06-06,parliament,ES1,Noroeste,2,pb,4794.0
49,1993-06-06,parliament,ES1,Noroeste,2,pc,0.0
50,1993-06-06,parliament,ES1,Noroeste,2,pcpe,16524.0
51,1993-06-06,parliament,ES1,Noroeste,2,pecverde,0.0
52,1993-06-06,parliament,ES1,Noroeste,2,ped,0.0
53,1993-06-06,parliament,ES1,Noroeste,2,pgc,0.0
54,1993-06-06,parliament,ES1,Noroeste,2,ph,7668.0
55,1993-06-06,parliament,ES1,Noroeste,2,piap,0.0
56,1993-06-06,parliament,ES1,Noroeste,2,pitrcg,0.0
57,1993-06-06,parliament,ES1,Noroeste,2,pln,7032.0
58,1993-06-06,parliament,ES1,Noroeste,2,pnc,2298.0
59,1993-06-06,parliament,ES1,Noroeste,2,por,0.0
60,1993-06-06,parliament,ES1,Noroeste,2,pp,6763716.0
61,1993-06-06,parliament,ES1,Noroeste,2,prb,0.0
62,1993-06-06,parliament,ES1,Noroeste,2,prc,111648.0
63,1993-06-06,parliament,ES1,Noroeste,2,prepal,0.0
64,1993-06-06,parliament,ES1,Noroeste,2,prex,0.0
65,1993-06-06,parliament,ES1,Noroeste,2,prgu,0.0
66,1993-06-06,parliament,ES1,Noroeste,2,prim,0.0
67,1993-06-06,parliament,ES1,Noroeste,2,psmene,0.0
68,1993-06-06,parliament,ES1,Noroeste,2,psoe,5785164.0
69,1993-06-06,parliament,ES1,Noroeste,2,pspc,0.0
70,1993-06-06,parliament,ES1,Noroeste,2,pst,25998.0
71,1993-06-06,parliament,ES1,Noroeste,2,pvpa,0.0
72,1993-06-06,parliament,ES1,Noroeste,2,sees,0.0
73,1993-06-06,parliament,ES1,Noroeste,2,tcpnc,0.0
74,1993-06-06,parliament,ES1,Noroeste,2,ua,0.0
75,1993-06-06,parliament,ES1,Noroeste,2,uc,0.0
76,1993-06-06,parliament,ES1,Noroeste,2,uce,0.0
77,1993-06-06,parliament,ES1,Noroeste,2,udla,0.0
78,1993-06-06,parliament,ES1,Noroeste,2,ummp,0.0
79,1993-06-06,parliament,ES1,Noroeste,2,unida,0.0
80,1993-06-06,parliament,ES1,Noroeste,2,upca,162030.0
81,1993-06-06,parliament,ES1,Noroeste,2,upl,1458.0
82,1993-06-06,parliament,ES1,Noroeste,2,upv,0.0
83,1993-06-06,parliament,ES1,Noroeste,2,urcl,0.0
84,1993-06-06,parliament,ES1,Noroeste,2,us,0.0
85,1993-06-06,parliament,ES1,Noroeste,2,uv,0.0
86,1993-06-06,parliament,ES1,Noroeste,2,verdes,70650.0
87,1993-06-06,parliament,ES2,Noreste,0,eligible_voters,26785640.0
88,1993-06-06,parliament,ES2,Noreste,1,issued_ballots,19644208.0
89,1993-06-06,parliament,ES2,Noreste,2,aa,0.0
90,1993-06-06,parliament,ES2,Noreste,2,abe,0.0
91,1993-06-06,parliament,ES2,Noreste,2,aci,0.0
92,1993-06-06,parliament,ES2,Noreste,2,ag,0.0
93,1993-06-06,parliament,ES2,Noreste,2,aigranc,0.0
94,1993-06-06,parliament,ES2,Noreste,2,app,0.0
95,1993-06-06,parliament,ES2,Noreste,2,arcoiris,0.0
96,1993-06-06,parliament,ES2,Noreste,2,arde,584.0
97,1993-06-06,parliament,ES2,Noreste,2,armade,41712.0
98,1993-06-06,parliament,ES2,Noreste,2,atf,0.0
99,1993-06-06,parliament,ES2,Noreste,2,bng,0.0
100,1993-06-06,parliament,ES2,Noreste,2,cc,0.0
101,1993-06-06,parliament,ES2,Noreste,2,ccl,0.0
102,1993-06-06,parliament,ES2,Noreste,2,cds,225968.0
103,1993-06-06,parliament,ES2,Noreste,2,cha,50752.0
104,1993-06-06,parliament,ES2,Noreste,2,ciu,0.0
105,1993-06-06,parliament,ES2,Noreste,2,cng,0.0
106,1993-06-06,parliament,ES2,Noreste,2,conceyu,0.0
107,1993-06-06,parliament,ES2,Noreste,2,e_u,0.0
108,1993-06-06,parliament,ES2,Noreste,2,eaeue,1034344.0
109,1993-06-06,parliament,ES2,Noreste,2,eajpnv,2331584.0
110,1993-06-06,parliament,ES2,Noreste,2,env,0.0
111,1993-06-06,parliament,ES2,Noreste,2,erc,0.0
112,1993-06-06,parliament,ES2,Noreste,2,fe_a,0.0
113,1993-06-06,parliament,ES2,Noreste,2,fe_i,0.0
114,1993-06-06,parliament,ES2,Noreste,2,fejons,0.0
115,1993-06-06,parliament,ES2,Noreste,2,fpe,0.0
116,1993-06-06,parliament,ES2,Noreste,2,freixes,0.0
117,1993-06-06,parliament,ES2,Noreste,2,gil,0.0
118,1993-06-06,parliament,ES2,Noreste,2,hb,1655008.0
119,1993-06-06,parliament,ES2,Noreste,2,if,2424.0
120,1993-06-06,parliament,ES2,Noreste,2,ince,0.0
121,1993-06-06,parliament,ES2,Noreste,2,iu,1506280.0
122,1993-06-06,parliament,ES2,Noreste,2,le,60568.0
123,1993-06-06,parliament,ES2,Noreste,2,lg,0.0
124,1993-06-06,parliament,ES2,Noreste,2,mce,0.0
125,1993-06-06,parliament,ES2,Noreste,2,mces,0.0
126,1993-06-06,parliament,ES2,Noreste,2,nps,7992.0
127,1993-06-06,parliament,ES2,Noreste,2,os,0.0
128,1993-06-06,parliament,ES2,Noreste,2,p_riojano,60256.0
129,1993-06-06,parliament,ES2,Noreste,2,p_tagoror,0.0
130,1993-06-06,parliament,ES2,Noreste,2,pa,0.0
131,1993-06-06,parliament,ES2,Noreste,2,pancal,0.0
132,1993-06-06,parliament,ES2,Noreste,2,pap,0.0
133,1993-06-06,parliament,ES2,Noreste,2,par,1156352.0
134,1993-06-06,parliament,ES2,Noreste,2,pas,0.0
135,1993-06-06,parliament,ES2,Noreste,2,pb,0.0
136,1993-06-06,parliament,ES2,Noreste,2,pc,0.0
137,1993-06-06,parliament,ES2,Noreste,2,pcpe,0.0
138,1993-06-06,parliament,ES2,Noreste,2,pecverde,0.0
139,1993-06-06,parliament,ES2,Noreste,2,ped,0.0
140,1993-06-06,parliament,ES2,Noreste,2,pgc,0.0
141,1993-06-06,parliament,ES2,Noreste,2,ph,6904.0
142,1993-06-06,parliament,ES2,Noreste,2,piap,0.0
143,1993-06-06,parliament,ES2,Noreste,2,pitrcg,3264.0
144,1993-06-06,parliament,ES2,Noreste,2,pln,14880.0
145,1993-06-06,parliament,ES2,Noreste,2,pnc,0.0
146,1993-06-06,parliament,ES2,Noreste,2,por,10968.0
147,1993-06-06,parliament,ES2,Noreste,2,pp,4935064.0
148,1993-06-06,parliament,ES2,Noreste,2,prb,0.0
149,1993-06-06,parliament,ES2,Noreste,2,prc,0.0
150,1993-06-06,parliament,ES2,Noreste,2,prepal,0.0
151,1993-06-06,parliament,ES2,Noreste,2,prex,0.0
152,1993-06-06,parliament,ES2,Noreste,2,prgu,0.0
153,1993-06-06,parliament,ES2,Noreste,2,prim,0.0
154,1993-06-06,parliament,ES2,Noreste,2,psmene,0.0
155,1993-06-06,parliament,ES2,Noreste,2,psoe,5815136.0
156,1993-06-06,parliament,ES2,Noreste,2,pspc,0.0
157,1993-06-06,parliament,ES2,Noreste,2,pst,37960.0
158,1993-06-06,parliament,ES2,Noreste,2,pvpa,0.0
159,1993-06-06,parliament,ES2,Noreste,2,sees,4480.0
160,1993-06-06,parliament,ES2,Noreste,2,tcpnc,0.0
161,1993-06-06,parliament,ES2,Noreste,2,ua,132984.0
162,1993-06-06,parliament,ES2,Noreste,2,uc,0.0
163,1993-06-06,parliament,ES2,Noreste,2,uce,0.0
164,1993-06-06,parliament,ES2,Noreste,2,udla,0.0
165,1993-06-06,parliament,ES2,Noreste,2,ummp,0.0
166,1993-06-06,parliament,ES2,Noreste,2,unida,0.0
167,1993-06-06,parliament,ES2,Noreste,2,upca,0.0
168,1993-06-06,parliament,ES2,Noreste,2,upl,0.0
169,1993-06-06,parliament,ES2,Noreste,2,upv,0.0
170,1993-06-06,parliament,ES2,Noreste,2,urcl,0.0
171,1993-06-06,parliament,ES2,Noreste,2,us,0.0
172,1993-06-06,parliament,ES2,Noreste,2,uv,0.0
173,1993-06-06,parliament,ES2,Noreste,2,verdes,162512.0
174,1993-06-06,parliament,ES3,Comunidad de Madrid,0,eligible_voters,3977062.0
175,1993-06-06,parliament,ES3,Comunidad de Madrid,1,issued_ballots,3138511.0
176,1993-06-06,parliament,ES3,Comunidad de Madrid,2,aa,0.0
177,1993-06-06,parliament,ES3,Comunidad de Madrid,2,abe,0.0
178,1993-06-06,parliament,ES3,Comunidad de Madrid,2,aci,1189.0
179,1993-06-06,parliament,ES3,Comunidad de Madrid,2,ag,0.0
180,1993-06-06,parliament,ES3,Comunidad de Madrid,2,aigranc,0.0
181,1993-06-06,parliament,ES3,Comunidad de Madrid,2,app,0.0
182,1993-06-06,parliament,ES3,Comunidad de Madrid,2,arcoiris,0.0
183,1993-06-06,parliament,ES3,Comunidad de Madrid,2,arde,1202.0
184,1993-06-06,parliament,ES3,Comunidad de Madrid,2,armade,13782.0
185,1993-06-06,parliament,ES3,Comunidad de Madrid,2,atf,0.0
186,1993-06-06,parliament,ES3,Comunidad de Madrid,2,bng,0.0
187,1993-06-06,parliament,ES3,Comunidad de Madrid,2,cc,0.0
188,1993-06-06,parliament,ES3,Comunidad de Madrid,2,ccl,0.0
189,1993-06-06,parliament,ES3,Comunidad de Madrid,2,cds,93347.0
190,1993-06-06,parliament,ES3,Comunidad de Madrid,2,cha,0.0
191,1993-06-06,parliament,ES3,Comunidad de Madrid,2,ciu,0.0
192,1993-06-06,parliament,ES3,Comunidad de Madrid,2,cng,0.0
193,1993-06-06,parliament,ES3,Comunidad de Madrid,2,conceyu,0.0
194,1993-06-06,parliament,ES3,Comunidad de Madrid,2,e_u,3745.0
195,1993-06-06,parliament,ES3,Comunidad de Madrid,2,eaeue,0.0
196,1993-06-06,parliament,ES3,Comunidad de Madrid,2,eajpnv,0.0
197,1993-06-06,parliament,ES3,Comunidad de Madrid,2,env,0.0
198,1993-06-06,parliament,ES3,Comunidad de Madrid,2,erc,0.0
199,1993-06-06,parliament,ES3,Comunidad de Madrid,2,fe_a,0.0
200,1993-06-06,parliament,ES3,Comunidad de Madrid,2,fe_i,1212.0
201,1993-06-06,parliament,ES3,Comunidad de Madrid,2,fejons,1488.0
202,1993-06-06,parliament,ES3,Comunidad de Madrid,2,fpe,641.0
203,1993-06-06,parliament,ES3,Comunidad de Madrid,2,freixes,0.0
204,1993-06-06,parliament,ES3,Comunidad de Madrid,2,gil,0.0
205,1993-06-06,parliament,ES3,Comunidad de Madrid,2,hb,0.0
206,1993-06-06,parliament,ES3,Comunidad de Madrid,2,if,0.0
207,1993-06-06,parliament,ES3,Comunidad de Madrid,2,ince,0.0
208,1993-06-06,parliament,ES3,Comunidad de Madrid,2,iu,455685.0
209,1993-06-06,parliament,ES3,Comunidad de Madrid,2,le,10429.0
210,1993-06-06,parliament,ES3,Comunidad de Madrid,2,lg,0.0
211,1993-06-06,parliament,ES3,Comunidad de Madrid,2,mce,1178.0
212,1993-06-06,parliament,ES3,Comunidad de Madrid,2,mces,0.0
213,1993-06-06,parliament,ES3,Comunidad de Madrid,2,nps,529.0
214,1993-06-06,parliament,ES3,Comunidad de Madrid,2,os,0.0
215,1993-06-06,parliament,ES3,Comunidad de Madrid,2,p_riojano,0.0
216,1993-06-06,parliament,ES3,Comunidad de Madrid,2,p_tagoror,0.0
217,1993-06-06,parliament,ES3,Comunidad de Madrid,2,pa,0.0
218,1993-06-06,parliament,ES3,Comunidad de Madrid,2,pancal,0.0
219,1993-06-06,parliament,ES3,Comunidad de Madrid,2,pap,0.0
220,1993-06-06,parliament,ES3,Comunidad de Madrid,2,par,0.0
221,1993-06-06,parliament,ES3,Comunidad de Madrid,2,pas,0.0
222,1993-06-06,parliament,ES3,Comunidad de Madrid,2,pb,0.0
223,1993-06-06,parliament,ES3,Comunidad de Madrid,2,pc,0.0
224,1993-06-06,parliament,ES3,Comunidad de Madrid,2,pcpe,0.0
225,1993-06-06,parliament,ES3,Comunidad de Madrid,2,pecverde,0.0
226,1993-06-06,parliament,ES3,Comunidad de Madrid,2,ped,0.0
227,1993-06-06,parliament,ES3,Comunidad de Madrid,2,pgc,0.0
228,1993-06-06,parliament,ES3,Comunidad de Madrid,2,ph,1079.0
229,1993-06-06,parliament,ES3,Comunidad de Madrid,2,piap,0.0
230,1993-06-06,parliament,ES3,Comunidad de Madrid,2,pitrcg,0.0
231,1993-06-06,parliament,ES3,Comunidad de Madrid,2,pln,1209.0
232,1993-06-06,parliament,ES3,Comunidad de Madrid,2,pnc,0.0
233,1993-06-06,parliament,ES3,Comunidad de Madrid,2,por,1391.0
234,1993-06-06,parliament,ES3,Comunidad de Madrid,2,pp,1373042.0
235,1993-06-06,parliament,ES3,Comunidad de Madrid,2,prb,0.0
236,1993-06-06,parliament,ES3,Comunidad de Madrid,2,prc,0.0
237,1993-06-06,parliament,ES3,Comunidad de Madrid,2,prepal,0.0
238,1993-06-06,parliament,ES3,Comunidad de Madrid,2,prex,0.0
239,1993-06-06,parliament,ES3,Comunidad de Madrid,2,prgu,0.0
240,1993-06-06,parliament,ES3,Comunidad de Madrid,2,prim,1917.0
241,1993-06-06,parliament,ES3,Comunidad de Madrid,2,psmene,0.0
242,1993-06-06,parliament,ES3,Comunidad de Madrid,2,psoe,1093015.0
243,1993-06-06,parliament,ES3,Comunidad de Madrid,2,pspc,0.0
244,1993-06-06,parliament,ES3,Comunidad de Madrid,2,pst,4808.0
245,1993-06-06,parliament,ES3,Comunidad de Madrid,2,pvpa,0.0
246,1993-06-06,parliament,ES3,Comunidad de Madrid,2,sees,0.0
247,1993-06-06,parliament,ES3,Comunidad de Madrid,2,tcpnc,805.0
248,1993-06-06,parliament,ES3,Comunidad de Madrid,2,ua,0.0
249,1993-06-06,parliament,ES3,Comunidad de Madrid,2,uc,0.0
250,1993-06-06,parliament,ES3,Comunidad de Madrid,2,uce,0.0
251,1993-06-06,parliament,ES3,Comunidad de Madrid,2,udla,0.0
252,1993-06-06,parliament,ES3,Comunidad de Madrid,2,ummp,0.0
253,1993-06-06,parliament,ES3,Comunidad de Madrid,2,unida,0.0
254,1993-06-06,parliament,ES3,Comunidad de Madrid,2,upca,0.0
255,1993-06-06,parliament,ES3,Comunidad de Madrid,2,upl,608.0
256,1993-06-06,parliament,ES3,Comunidad de Madrid,2,upv,0.0
257,1993-06-06,parliament,ES3,Comunidad de Madrid,2,urcl,0.0
258,1993-06-06,parliament,ES3,Comunidad de Madrid,2,us,0.0
259,1993-06-06,parliament,ES3,Comunidad de Madrid,2,uv,0.0
260,1993-06-06,parliament,ES3,Comunidad de Madrid,2,verdes,33295.0
261,1993-06-06,parliament,ES4,Centro (ES),0,eligible_voters,67966736.0
262,1993-06-06,parliament,ES4,Centro (ES),1,issued_ballots,54303760.0
263,1993-06-06,parliament,ES4,Centro (ES),2,aa,0.0
264,1993-06-06,parliament,ES4,Centro (ES),2,abe,0.0
265,1993-06-06,parliament,ES4,Centro (ES),2,aci,2576.0
266,1993-06-06,parliament,ES4,Centro (ES),2,ag,0.0
267,1993-06-06,parliament,ES4,Centro (ES),2,aigranc,0.0
268,1993-06-06,parliament,ES4,Centro (ES),2,app,22560.0
269,1993-06-06,parliament,ES4,Centro (ES),2,arcoiris,0.0
270,1993-06-06,parliament,ES4,Centro (ES),2,arde,0.0
271,1993-06-06,parliament,ES4,Centro (ES),2,armade,109840.0
272,1993-06-06,parliament,ES4,Centro (ES),2,atf,0.0
273,1993-06-06,parliament,ES4,Centro (ES),2,bng,0.0
274,1993-06-06,parliament,ES4,Centro (ES),2,cc,0.0
275,1993-06-06,parliament,ES4,Centro (ES),2,ccl,0.0
276,1993-06-06,parliament,ES4,Centro (ES),2,cds,1647728.0
277,1993-06-06,parliament,ES4,Centro (ES),2,cha,0.0
278,1993-06-06,parliament,ES4,Centro (ES),2,ciu,0.0
279,1993-06-06,parliament,ES4,Centro (ES),2,cng,0.0
280,1993-06-06,parliament,ES4,Centro (ES),2,conceyu,0.0
281,1993-06-06,parliament,ES4,Centro (ES),2,e_u,110528.0
282,1993-06-06,parliament,ES4,Centro (ES),2,eaeue,0.0
283,1993-06-06,parliament,ES4,Centro (ES),2,eajpnv,0.0
284,1993-06-06,parliament,ES4,Centro (ES),2,env,0.0
285,1993-06-06,parliament,ES4,Centro (ES),2,erc,0.0
286,1993-06-06,parliament,ES4,Centro (ES),2,fe_a,0.0
287,1993-06-06,parliament,ES4,Centro (ES),2,fe_i,0.0
288,1993-06-06,parliament,ES4,Centro (ES),2,fejons,19472.0
289,1993-06-06,parliament,ES4,Centro (ES),2,fpe,0.0
290,1993-06-06,parliament,ES4,Centro (ES),2,freixes,0.0
291,1993-06-06,parliament,ES4,Centro (ES),2,gil,0.0
292,1993-06-06,parliament,ES4,Centro (ES),2,hb,0.0
293,1993-06-06,parliament,ES4,Centro (ES),2,if,0.0
294,1993-06-06,parliament,ES4,Centro (ES),2,ince,0.0
295,1993-06-06,parliament,ES4,Centro (ES),2,iu,4152304.0
296,1993-06-06,parliament,ES4,Centro (ES),2,le,148816.0
297,1993-06-06,parliament,ES4,Centro (ES),2,lg,0.0
298,1993-06-06,parliament,ES4,Centro (ES),2,mce,0.0
299,1993-06-06,parliament,ES4,Centro (ES),2,mces,3904.0
300,1993-06-06,parliament,ES4,Centro (ES),2,nps,20688.0
301,1993-06-06,parliament,ES4,Centro (ES),2,os,0.0
302,1993-06-06,parliament,ES4,Centro (ES),2,p_riojano,0.0
303,1993-06-06,parliament,ES4,Centro (ES),2,p_tagoror,0.0
304,1993-06-06,parliament,ES4,Centro (ES),2,pa,0.0
305,1993-06-06,parliament,ES4,Centro (ES),2,pancal,1120.0
306,1993-06-06,parliament,ES4,Centro (ES),2,pap,0.0
307,1993-06-06,parliament,ES4,Centro (ES),2,par,0.0
308,1993-06-06,parliament,ES4,Centro (ES),2,pas,0.0
309,1993-06-06,parliament,ES4,Centro (ES),2,pb,30112.0
310,1993-06-06,parliament,ES4,Centro (ES),2,pc,0.0
311,1993-06-06,parliament,ES4,Centro (ES),2,pcpe,2352.0
312,1993-06-06,parliament,ES4,Centro (ES),2,pecverde,0.0
313,1993-06-06,parliament,ES4,Centro (ES),2,ped,0.0
314,1993-06-06,parliament,ES4,Centro (ES),2,pgc,0.0
315,1993-06-06,parliament,ES4,Centro (ES),2,ph,19984.0
316,1993-06-06,parliament,ES4,Centro (ES),2,piap,0.0
317,1993-06-06,parliament,ES4,Centro (ES),2,pitrcg,0.0
318,1993-06-06,parliament,ES4,Centro (ES),2,pln,26256.0
319,1993-06-06,parliament,ES4,Centro (ES),2,pnc,0.0
320,1993-06-06,parliament,ES4,Centro (ES),2,por,0.0
321,1993-06-06,parliament,ES4,Centro (ES),2,pp,23571056.0
322,1993-06-06,parliament,ES4,Centro (ES),2,prb,0.0
323,1993-06-06,parliament,ES4,Centro (ES),2,prc,0.0
324,1993-06-06,parliament,ES4,Centro (ES),2,prepal,19088.0
325,1993-06-06,parliament,ES4,Centro (ES),2,prex,33376.0
326,1993-06-06,parliament,ES4,Centro (ES),2,prgu,4272.0
327,1993-06-06,parliament,ES4,Centro (ES),2,prim,0.0
328,1993-06-06,parliament,ES4,Centro (ES),2,psmene,0.0
329,1993-06-06,parliament,ES4,Centro (ES),2,psoe,22859968.0
330,1993-06-06,parliament,ES4,Centro (ES),2,pspc,0.0
331,1993-06-06,parliament,ES4,Centro (ES),2,pst,0.0
332,1993-06-06,parliament,ES4,Centro (ES),2,pvpa,0.0
333,1993-06-06,parliament,ES4,Centro (ES),2,sees,0.0
334,1993-06-06,parliament,ES4,Centro (ES),2,tcpnc,61472.0
335,1993-06-06,parliament,ES4,Centro (ES),2,ua,0.0
336,1993-06-06,parliament,ES4,Centro (ES),2,uc,15184.0
337,1993-06-06,parliament,ES4,Centro (ES),2,uce,0.0
338,1993-06-06,parliament,ES4,Centro (ES),2,udla,0.0
339,1993-06-06,parliament,ES4,Centro (ES),2,ummp,0.0
340,1993-06-06,parliament,ES4,Centro (ES),2,unida,0.0
341,1993-06-06,parliament,ES4,Centro (ES),2,upca,0.0
342,1993-06-06,parliament,ES4,Centro (ES),2,upl,195936.0
343,1993-06-06,parliament,ES4,Centro (ES),2,upv,0.0
344,1993-06-06,parliament,ES4,Centro (ES),2,urcl,43440.0
345,1993-06-06,parliament,ES4,Centro (ES),2,us,1568.0
346,1993-06-06,parliament,ES4,Centro (ES),2,uv,0.0
347,1993-06-06,parliament,ES4,Centro (ES),2,verdes,328496.0
348,1993-06-06,parliament,ES5,Este,0,eligible_voters,93002426.0
349,1993-06-06,parliament,ES5,Este,1,issued_ballots,72012182.0
350,1993-06-06,parliament,ES5,Este,2,aa,0.0
351,1993-06-06,parliament,ES5,Este,2,abe,4576.0
352,1993-06-06,parliament,ES5,Este,2,aci,3234.0
353,1993-06-06,parliament,ES5,Este,2,ag,0.0
354,1993-06-06,parliament,ES5,Este,2,aigranc,0.0
355,1993-06-06,parliament,ES5,Este,2,app,0.0
356,1993-06-06,parliament,ES5,Este,2,arcoiris,0.0
357,1993-06-06,parliament,ES5,Este,2,arde,17996.0
358,1993-06-06,parliament,ES5,Este,2,armade,154231.0
359,1993-06-06,parliament,ES5,Este,2,atf,0.0
360,1993-06-06,parliament,ES5,Este,2,bng,0.0
361,1993-06-06,parliament,ES5,Este,2,cc,0.0
362,1993-06-06,parliament,ES5,Este,2,ccl,0.0
363,1993-06-06,parliament,ES5,Este,2,cds,826617.0
364,1993-06-06,parliament,ES5,Este,2,cha,0.0
365,1993-06-06,parliament,ES5,Este,2,ciu,12823613.0
366,1993-06-06,parliament,ES5,Este,2,cng,0.0
367,1993-06-06,parliament,ES5,Este,2,conceyu,0.0
368,1993-06-06,parliament,ES5,Este,2,e_u,0.0
369,1993-06-06,parliament,ES5,Este,2,eaeue,0.0
370,1993-06-06,parliament,ES5,Este,2,eajpnv,0.0
371,1993-06-06,parliament,ES5,Este,2,env,16687.0
372,1993-06-06,parliament,ES5,Este,2,erc,2085952.0
373,1993-06-06,parliament,ES5,Este,2,fe_a,8217.0
374,1993-06-06,parliament,ES5,Este,2,fe_i,0.0
375,1993-06-06,parliament,ES5,Este,2,fejons,30910.0
376,1993-06-06,parliament,ES5,Este,2,fpe,0.0
377,1993-06-06,parliament,ES5,Este,2,freixes,0.0
378,1993-06-06,parliament,ES5,Este,2,gil,0.0
379,1993-06-06,parliament,ES5,Este,2,hb,0.0
380,1993-06-06,parliament,ES5,Este,2,if,0.0
381,1993-06-06,parliament,ES5,Este,2,ince,0.0
382,1993-06-06,parliament,ES5,Este,2,iu,6104417.0
383,1993-06-06,parliament,ES5,Este,2,le,209143.0
384,1993-06-06,parliament,ES5,Este,2,lg,0.0
385,1993-06-06,parliament,ES5,Este,2,mce,0.0
386,1993-06-06,parliament,ES5,Este,2,mces,0.0
387,1993-06-06,parliament,ES5,Este,2,nps,24112.0
388,1993-06-06,parliament,ES5,Este,2,os,0.0
389,1993-06-06,parliament,ES5,Este,2,p_riojano,0.0
390,1993-06-06,parliament,ES5,Este,2,p_tagoror,0.0
391,1993-06-06,parliament,ES5,Este,2,pa,0.0
392,1993-06-06,parliament,ES5,Este,2,pancal,0.0
393,1993-06-06,parliament,ES5,Este,2,pap,0.0
394,1993-06-06,parliament,ES5,Este,2,par,0.0
395,1993-06-06,parliament,ES5,Este,2,pas,0.0
396,1993-06-06,parliament,ES5,Este,2,pb,0.0
397,1993-06-06,parliament,ES5,Este,2,pc,14300.0
398,1993-06-06,parliament,ES5,Este,2,pcpe,12628.0
399,1993-06-06,parliament,ES5,Este,2,pecverde,101739.0
400,1993-06-06,parliament,ES5,Este,2,ped,0.0
401,1993-06-06,parliament,ES5,Este,2,pgc,0.0
402,1993-06-06,parliament,ES5,Este,2,ph,25047.0
403,1993-06-06,parliament,ES5,Este,2,piap,0.0
404,1993-06-06,parliament,ES5,Este,2,pitrcg,0.0
405,1993-06-06,parliament,ES5,Este,2,pln,33165.0
406,1993-06-06,parliament,ES5,Este,2,pnc,0.0
407,1993-06-06,parliament,ES5,Este,2,por,57409.0
408,1993-06-06,parliament,ES5,Este,2,pp,19835981.0
409,1993-06-06,parliament,ES5,Este,2,prb,3102.0
410,1993-06-06,parliament,ES5,Este,2,prc,0.0
411,1993-06-06,parliament,ES5,Este,2,prepal,0.0
412,1993-06-06,parliament,ES5,Este,2,prex,0.0
413,1993-06-06,parliament,ES5,Este,2,prgu,0.0
414,1993-06-06,parliament,ES5,Este,2,prim,0.0
415,1993-06-06,parliament,ES5,Este,2,psmene,221298.0
416,1993-06-06,parliament,ES5,Este,2,psoe,25886388.0
417,1993-06-06,parliament,ES5,Este,2,pspc,0.0
418,1993-06-06,parliament,ES5,Este,2,pst,120857.0
419,1993-06-06,parliament,ES5,Este,2,pvpa,15125.0
420,1993-06-06,parliament,ES5,Este,2,sees,9031.0
421,1993-06-06,parliament,ES5,Este,2,tcpnc,0.0
422,1993-06-06,parliament,ES5,Este,2,ua,0.0
423,1993-06-06,parliament,ES5,Este,2,uc,0.0
424,1993-06-06,parliament,ES5,Este,2,uce,0.0
425,1993-06-06,parliament,ES5,Este,2,udla,6534.0
426,1993-06-06,parliament,ES5,Este,2,ummp,110583.0
427,1993-06-06,parliament,ES5,Este,2,unida,7865.0
428,1993-06-06,parliament,ES5,Este,2,upca,0.0
429,1993-06-06,parliament,ES5,Este,2,upl,0.0
430,1993-06-06,parliament,ES5,Este,2,upv,451572.0
431,1993-06-06,parliament,ES5,Este,2,urcl,0.0
432,1993-06-06,parliament,ES5,Este,2,us,0.0
433,1993-06-06,parliament,ES5,Este,2,uv,1235751.0
434,1993-06-06,parliament,ES5,Este,2,verdes,754875.0
435,1993-06-06,parliament,ES6,Sur,0,eligible_voters,68038234.0
436,1993-06-06,parliament,ES6,Sur,1,issued_ballots,52188488.0
437,1993-06-06,parliament,ES6,Sur,2,aa,0.0
438,1993-06-06,parliament,ES6,Sur,2,abe,0.0
439,1993-06-06,parliament,ES6,Sur,2,aci,0.0
440,1993-06-06,parliament,ES6,Sur,2,ag,0.0
441,1993-06-06,parliament,ES6,Sur,2,aigranc,0.0
442,1993-06-06,parliament,ES6,Sur,2,app,0.0
443,1993-06-06,parliament,ES6,Sur,2,arcoiris,15477.0
444,1993-06-06,parliament,ES6,Sur,2,arde,0.0
445,1993-06-06,parliament,ES6,Sur,2,armade,89804.0
446,1993-06-06,parliament,ES6,Sur,2,atf,0.0
447,1993-06-06,parliament,ES6,Sur,2,bng,0.0
448,1993-06-06,parliament,ES6,Sur,2,cc,0.0
449,1993-06-06,parliament,ES6,Sur,2,ccl,0.0
450,1993-06-06,parliament,ES6,Sur,2,cds,554356.0
451,1993-06-06,parliament,ES6,Sur,2,cha,0.0
452,1993-06-06,parliament,ES6,Sur,2,ciu,0.0
453,1993-06-06,parliament,ES6,Sur,2,cng,0.0
454,1993-06-06,parliament,ES6,Sur,2,conceyu,0.0
455,1993-06-06,parliament,ES6,Sur,2,e_u,0.0
456,1993-06-06,parliament,ES6,Sur,2,eaeue,0.0
457,1993-06-06,parliament,ES6,Sur,2,eajpnv,0.0
458,1993-06-06,parliament,ES6,Sur,2,env,0.0
459,1993-06-06,parliament,ES6,Sur,2,erc,0.0
460,1993-06-06,parliament,ES6,Sur,2,fe_a,0.0
461,1993-06-06,parliament,ES6,Sur,2,fe_i,2233.0
462,1993-06-06,parliament,ES6,Sur,2,fejons,23430.0
463,1993-06-06,parliament,ES6,Sur,2,fpe,0.0
464,1993-06-06,parliament,ES6,Sur,2,freixes,0.0
465,1993-06-06,parliament,ES6,Sur,2,gil,180972.0
466,1993-06-06,parliament,ES6,Sur,2,hb,0.0
467,1993-06-06,parliament,ES6,Sur,2,if,0.0
468,1993-06-06,parliament,ES6,Sur,2,ince,462.0
469,1993-06-06,parliament,ES6,Sur,2,iu,6040727.0
470,1993-06-06,parliament,ES6,Sur,2,le,126214.0
471,1993-06-06,parliament,ES6,Sur,2,lg,0.0
472,1993-06-06,parliament,ES6,Sur,2,mce,0.0
473,1993-06-06,parliament,ES6,Sur,2,mces,0.0
474,1993-06-06,parliament,ES6,Sur,2,nps,10285.0
475,1993-06-06,parliament,ES6,Sur,2,os,5940.0
476,1993-06-06,parliament,ES6,Sur,2,p_riojano,0.0
477,1993-06-06,parliament,ES6,Sur,2,p_tagoror,0.0
478,1993-06-06,parliament,ES6,Sur,2,pa,1061643.0
479,1993-06-06,parliament,ES6,Sur,2,pancal,0.0
480,1993-06-06,parliament,ES6,Sur,2,pap,474859.0
481,1993-06-06,parliament,ES6,Sur,2,par,0.0
482,1993-06-06,parliament,ES6,Sur,2,pas,0.0
483,1993-06-06,parliament,ES6,Sur,2,pb,0.0
484,1993-06-06,parliament,ES6,Sur,2,pc,0.0
485,1993-06-06,parliament,ES6,Sur,2,pcpe,58300.0
486,1993-06-06,parliament,ES6,Sur,2,pecverde,0.0
487,1993-06-06,parliament,ES6,Sur,2,ped,0.0
488,1993-06-06,parliament,ES6,Sur,2,pgc,0.0
489,1993-06-06,parliament,ES6,Sur,2,ph,16731.0
490,1993-06-06,parliament,ES6,Sur,2,piap,5126.0
491,1993-06-06,parliament,ES6,Sur,2,pitrcg,0.0
492,1993-06-06,parliament,ES6,Sur,2,pln,21252.0
493,1993-06-06,parliament,ES6,Sur,2,pnc,0.0
494,1993-06-06,parliament,ES6,Sur,2,por,7546.0
495,1993-06-06,parliament,ES6,Sur,2,pp,16864364.0
496,1993-06-06,parliament,ES6,Sur,2,prb,0.0
497,1993-06-06,parliament,ES6,Sur,2,prc,0.0
498,1993-06-06,parliament,ES6,Sur,2,prepal,0.0
499,1993-06-06,parliament,ES6,Sur,2,prex,0.0
500,1993-06-06,parliament,ES6,Sur,2,prgu,0.0
501,1993-06-06,parliament,ES6,Sur,2,prim,0.0
502,1993-06-06,parliament,ES6,Sur,2,psmene,0.0
503,1993-06-06,parliament,ES6,Sur,2,psoe,25765058.0
504,1993-06-06,parliament,ES6,Sur,2,pspc,12705.0
505,1993-06-06,parliament,ES6,Sur,2,pst,33693.0
506,1993-06-06,parliament,ES6,Sur,2,pvpa,0.0
507,1993-06-06,parliament,ES6,Sur,2,sees,6358.0
508,1993-06-06,parliament,ES6,Sur,2,tcpnc,0.0
509,1993-06-06,parliament,ES6,Sur,2,ua,0.0
510,1993-06-06,parliament,ES6,Sur,2,uc,0.0
511,1993-06-06,parliament,ES6,Sur,2,uce,0.0
512,1993-06-06,parliament,ES6,Sur,2,udla,0.0
513,1993-06-06,parliament,ES6,Sur,2,ummp,0.0
514,1993-06-06,parliament,ES6,Sur,2,unida,0.0
515,1993-06-06,parliament,ES6,Sur,2,upca,0.0
516,1993-06-06,parliament,ES6,Sur,2,upl,0.0
517,1993-06-06,parliament,ES6,Sur,2,upv,0.0
518,1993-06-06,parliament,ES6,Sur,2,urcl,0.0
519,1993-06-06,parliament,ES6,Sur,2,us,0.0
520,1993-06-06,parliament,ES6,Sur,2,uv,0.0
521,1993-06-06,parliament,ES6,Sur,2,verdes,318428.0
522,1993-06-06,parliament,ES7,Canarias,0,eligible_voters,10651500.0
523,1993-06-06,parliament,ES7,Canarias,1,issued_ballots,7340823.0
524,1993-06-06,parliament,ES7,Canarias,2,aa,0.0
525,1993-06-06,parliament,ES7,Canarias,2,abe,0.0
526,1993-06-06,parliament,ES7,Canarias,2,aci,0.0
527,1993-06-06,parliament,ES7,Canarias,2,ag,0.0
528,1993-06-06,parliament,ES7,Canarias,2,aigranc,9081.0
529,1993-06-06,parliament,ES7,Canarias,2,app,0.0
530,1993-06-06,parliament,ES7,Canarias,2,arcoiris,0.0
531,1993-06-06,parliament,ES7,Canarias,2,arde,0.0
532,1993-06-06,parliament,ES7,Canarias,2,armade,9738.0
533,1993-06-06,parliament,ES7,Canarias,2,atf,10431.0
534,1993-06-06,parliament,ES7,Canarias,2,bng,0.0
535,1993-06-06,parliament,ES7,Canarias,2,cc,1863693.0
536,1993-06-06,parliament,ES7,Canarias,2,ccl,0.0
537,1993-06-06,parliament,ES7,Canarias,2,cds,89190.0
538,1993-06-06,parliament,ES7,Canarias,2,cha,0.0
539,1993-06-06,parliament,ES7,Canarias,2,ciu,0.0
540,1993-06-06,parliament,ES7,Canarias,2,cng,0.0
541,1993-06-06,parliament,ES7,Canarias,2,conceyu,0.0
542,1993-06-06,parliament,ES7,Canarias,2,e_u,0.0
543,1993-06-06,parliament,ES7,Canarias,2,eaeue,0.0
544,1993-06-06,parliament,ES7,Canarias,2,eajpnv,0.0
545,1993-06-06,parliament,ES7,Canarias,2,env,0.0
546,1993-06-06,parliament,ES7,Canarias,2,erc,0.0
547,1993-06-06,parliament,ES7,Canarias,2,fe_a,0.0
548,1993-06-06,parliament,ES7,Canarias,2,fe_i,0.0
549,1993-06-06,parliament,ES7,Canarias,2,fejons,0.0
550,1993-06-06,parliament,ES7,Canarias,2,fpe,0.0
551,1993-06-06,parliament,ES7,Canarias,2,freixes,0.0
552,1993-06-06,parliament,ES7,Canarias,2,gil,0.0
553,1993-06-06,parliament,ES7,Canarias,2,hb,0.0
554,1993-06-06,parliament,ES7,Canarias,2,if,0.0
555,1993-06-06,parliament,ES7,Canarias,2,ince,0.0
556,1993-06-06,parliament,ES7,Canarias,2,iu,362826.0
557,1993-06-06,parliament,ES7,Canarias,2,le,38349.0
558,1993-06-06,parliament,ES7,Canarias,2,lg,3465.0
559,1993-06-06,parliament,ES7,Canarias,2,mce,0.0
560,1993-06-06,parliament,ES7,Canarias,2,mces,0.0
561,1993-06-06,parliament,ES7,Canarias,2,nps,7020.0
562,1993-06-06,parliament,ES7,Canarias,2,os,0.0
563,1993-06-06,parliament,ES7,Canarias,2,p_riojano,0.0
564,1993-06-06,parliament,ES7,Canarias,2,p_tagoror,2502.0
565,1993-06-06,parliament,ES7,Canarias,2,pa,0.0
566,1993-06-06,parliament,ES7,Canarias,2,pancal,0.0
567,1993-06-06,parliament,ES7,Canarias,2,pap,0.0
568,1993-06-06,parliament,ES7,Canarias,2,par,0.0
569,1993-06-06,parliament,ES7,Canarias,2,pas,0.0
570,1993-06-06,parliament,ES7,Canarias,2,pb,0.0
571,1993-06-06,parliament,ES7,Canarias,2,pc,0.0
572,1993-06-06,parliament,ES7,Canarias,2,pcpe,7956.0
573,1993-06-06,parliament,ES7,Canarias,2,pecverde,0.0
574,1993-06-06,parliament,ES7,Canarias,2,ped,0.0
575,1993-06-06,parliament,ES7,Canarias,2,pgc,137214.0
576,1993-06-06,parliament,ES7,Canarias,2,ph,5103.0
577,1993-06-06,parliament,ES7,Canarias,2,piap,0.0
578,1993-06-06,parliament,ES7,Canarias,2,pitrcg,0.0
579,1993-06-06,parliament,ES7,Canarias,2,pln,5067.0
580,1993-06-06,parliament,ES7,Canarias,2,pnc,0.0
581,1993-06-06,parliament,ES7,Canarias,2,por,0.0
582,1993-06-06,parliament,ES7,Canarias,2,pp,2471994.0
583,1993-06-06,parliament,ES7,Canarias,2,prb,0.0
584,1993-06-06,parliament,ES7,Canarias,2,prc,0.0
585,1993-06-06,parliament,ES7,Canarias,2,prepal,0.0
586,1993-06-06,parliament,ES7,Canarias,2,prex,0.0
587,1993-06-06,parliament,ES7,Canarias,2,prgu,0.0
588,1993-06-06,parliament,ES7,Canarias,2,prim,0.0
589,1993-06-06,parliament,ES7,Canarias,2,psmene,0.0
590,1993-06-06,parliament,ES7,Canarias,2,psoe,2174832.0
591,1993-06-06,parliament,ES7,Canarias,2,pspc,0.0
592,1993-06-06,parliament,ES7,Canarias,2,pst,19188.0
593,1993-06-06,parliament,ES7,Canarias,2,pvpa,0.0
594,1993-06-06,parliament,ES7,Canarias,2,sees,0.0
595,1993-06-06,parliament,ES7,Canarias,2,tcpnc,0.0
596,1993-06-06,parliament,ES7,Canarias,2,ua,0.0
597,1993-06-06,parliament,ES7,Canarias,2,uc,0.0
598,1993-06-06,parliament,ES7,Canarias,2,uce,0.0
599,1993-06-06,parliament,ES7,Canarias,2,udla,0.0
600,1993-06-06,parliament,ES7,Canarias,2,ummp,0.0
601,1993-06-06,parliament,ES7,Canarias,2,unida,0.0
602,1993-06-06,parliament,ES7,Canarias,2,upca,0.0
603,1993-06-06,parliament,ES7,Canarias,2,upl,0.0
604,1993-06-06,parliament,ES7,Canarias,2,upv,0.0
605,1993-06-06,parliament,ES7,Canarias,2,urcl,0.0
606,1993-06-06,parliament,ES7,Canarias,2,us,0.0
607,1993-06-06,parliament,ES7,Canarias,2,uv,0.0
608,1993-06-06,parliament,ES7,Canarias,2,verdes,22068.0
609,1996-03-03,parliament,ES1,Noroeste,0,eligible_voters,22890054.0
610,1996-03-03,parliament,ES1,Noroeste,1,issued_ballots,16812138.0
611,1996-03-03,parliament,ES1,Noroeste,2,aba,0.0
612,1996-03-03,parliament,ES1,Noroeste,2,adec,0.0
613,1996-03-03,parliament,ES1,Noroeste,2,afit,0.0
614,1996-03-03,parliament,ES1,Noroeste,2,alas,0.0
615,1996-03-03,parliament,ES1,Noroeste,2,ar,1542.0
616,1996-03-03,parliament,ES1,Noroeste,2,aun,0.0
617,1996-03-03,parliament,ES1,Noroeste,2,bng,1320882.0
618,1996-03-03,parliament,ES1,Noroeste,2,cc,0.0
619,1996-03-03,parliament,ES1,Noroeste,2,ccv,0.0
620,1996-03-03,parliament,ES1,Noroeste,2,cdn,0.0
621,1996-03-03,parliament,ES1,Noroeste,2,cex,0.0
622,1996-03-03,parliament,ES1,Noroeste,2,cha,0.0
623,1996-03-03,parliament,ES1,Noroeste,2,ciu,0.0
624,1996-03-03,parliament,ES1,Noroeste,2,cr,0.0
625,1996-03-03,parliament,ES1,Noroeste,2,dsa,0.0
626,1996-03-03,parliament,ES1,Noroeste,2,ea,0.0
627,1996-03-03,parliament,ES1,Noroeste,2,eajpnv,0.0
628,1996-03-03,parliament,ES1,Noroeste,2,env,0.0
629,1996-03-03,parliament,ES1,Noroeste,2,erc,0.0
630,1996-03-03,parliament,ES1,Noroeste,2,fea,3648.0
631,1996-03-03,parliament,ES1,Noroeste,2,fei,0.0
632,1996-03-03,parliament,ES1,Noroeste,2,fpg,12390.0
633,1996-03-03,parliament,ES1,Noroeste,2,frepic,0.0
634,1996-03-03,parliament,ES1,Noroeste,2,hb,0.0
635,1996-03-03,parliament,ES1,Noroeste,2,icvgorordo,0.0
636,1996-03-03,parliament,ES1,Noroeste,2,iu,1284798.0
637,1996-03-03,parliament,ES1,Noroeste,2,lae,0.0
638,1996-03-03,parliament,ES1,Noroeste,2,lg,0.0
639,1996-03-03,parliament,ES1,Noroeste,2,lv,0.0
640,1996-03-03,parliament,ES1,Noroeste,2,lve,61026.0
641,1996-03-03,parliament,ES1,Noroeste,2,lvgv,0.0
642,1996-03-03,parliament,ES1,Noroeste,2,n,0.0
643,1996-03-03,parliament,ES1,Noroeste,2,nacion_andaluza,0.0
644,1996-03-03,parliament,ES1,Noroeste,2,nr,0.0
645,1996-03-03,parliament,ES1,Noroeste,2,pa,0.0
646,1996-03-03,parliament,ES1,Noroeste,2,pae,0.0
647,1996-03-03,parliament,ES1,Noroeste,2,pas,73278.0
648,1996-03-03,parliament,ES1,Noroeste,2,pb,0.0
649,1996-03-03,parliament,ES1,Noroeste,2,pcn,0.0
650,1996-03-03,parliament,ES1,Noroeste,2,pcpe,8718.0
651,1996-03-03,parliament,ES1,Noroeste,2,pec,0.0
652,1996-03-03,parliament,ES1,Noroeste,2,ph,12312.0
653,1996-03-03,parliament,ES1,Noroeste,2,picc,0.0
654,1996-03-03,parliament,ES1,Noroeste,2,piz,0.0
655,1996-03-03,parliament,ES1,Noroeste,2,pnm,0.0
656,1996-03-03,parliament,ES1,Noroeste,2,por,0.0
657,1996-03-03,parliament,ES1,Noroeste,2,pp,7800810.0
658,1996-03-03,parliament,ES1,Noroeste,2,prcm,0.0
659,1996-03-03,parliament,ES1,Noroeste,2,prepal,0.0
660,1996-03-03,parliament,ES1,Noroeste,2,prgu,0.0
661,1996-03-03,parliament,ES1,Noroeste,2,prim,0.0
662,1996-03-03,parliament,ES1,Noroeste,2,priojano,0.0
663,1996-03-03,parliament,ES1,Noroeste,2,prt,5244.0
664,1996-03-03,parliament,ES1,Noroeste,2,prv,0.0
665,1996-03-03,parliament,ES1,Noroeste,2,psmene,0.0
666,1996-03-03,parliament,ES1,Noroeste,2,psoe,5921934.0
667,1996-03-03,parliament,ES1,Noroeste,2,pspc,0.0
668,1996-03-03,parliament,ES1,Noroeste,2,siex,0.0
669,1996-03-03,parliament,ES1,Noroeste,2,sos,0.0
670,1996-03-03,parliament,ES1,Noroeste,2,tcpnc,0.0
671,1996-03-03,parliament,ES1,Noroeste,2,uad,0.0
672,1996-03-03,parliament,ES1,Noroeste,2,uc,34380.0
673,1996-03-03,parliament,ES1,Noroeste,2,um,0.0
674,1996-03-03,parliament,ES1,Noroeste,2,upl,0.0
675,1996-03-03,parliament,ES1,Noroeste,2,upra,0.0
676,1996-03-03,parliament,ES1,Noroeste,2,upvbn,0.0
677,1996-03-03,parliament,ES1,Noroeste,2,urcl,0.0
678,1996-03-03,parliament,ES1,Noroeste,2,uv,0.0
679,1996-03-03,parliament,ES1,Noroeste,2,vdpa,0.0
680,1996-03-03,parliament,ES2,Noreste,0,eligible_voters,27566072.0
681,1996-03-03,parliament,ES2,Noreste,1,issued_ballots,20428640.0
682,1996-03-03,parliament,ES2,Noreste,2,aba,0.0
683,1996-03-03,parliament,ES2,Noreste,2,adec,0.0
684,1996-03-03,parliament,ES2,Noreste,2,afit,0.0
685,1996-03-03,parliament,ES2,Noreste,2,alas,0.0
686,1996-03-03,parliament,ES2,Noreste,2,ar,0.0
687,1996-03-03,parliament,ES2,Noreste,2,aun,0.0
688,1996-03-03,parliament,ES2,Noreste,2,bng,0.0
689,1996-03-03,parliament,ES2,Noreste,2,cc,0.0
690,1996-03-03,parliament,ES2,Noreste,2,ccv,0.0
691,1996-03-03,parliament,ES2,Noreste,2,cdn,136160.0
692,1996-03-03,parliament,ES2,Noreste,2,cex,0.0
693,1996-03-03,parliament,ES2,Noreste,2,cha,397912.0
694,1996-03-03,parliament,ES2,Noreste,2,ciu,0.0
695,1996-03-03,parliament,ES2,Noreste,2,cr,2648.0
696,1996-03-03,parliament,ES2,Noreste,2,dsa,2120.0
697,1996-03-03,parliament,ES2,Noreste,2,ea,926888.0
698,1996-03-03,parliament,ES2,Noreste,2,eajpnv,2551608.0
699,1996-03-03,parliament,ES2,Noreste,2,env,0.0
700,1996-03-03,parliament,ES2,Noreste,2,erc,0.0
701,1996-03-03,parliament,ES2,Noreste,2,fea,8920.0
702,1996-03-03,parliament,ES2,Noreste,2,fei,1104.0
703,1996-03-03,parliament,ES2,Noreste,2,fpg,0.0
704,1996-03-03,parliament,ES2,Noreste,2,frepic,0.0
705,1996-03-03,parliament,ES2,Noreste,2,hb,1450432.0
706,1996-03-03,parliament,ES2,Noreste,2,icvgorordo,94664.0
707,1996-03-03,parliament,ES2,Noreste,2,iu,1942176.0
708,1996-03-03,parliament,ES2,Noreste,2,lae,0.0
709,1996-03-03,parliament,ES2,Noreste,2,lg,0.0
710,1996-03-03,parliament,ES2,Noreste,2,lv,0.0
711,1996-03-03,parliament,ES2,Noreste,2,lve,48248.0
712,1996-03-03,parliament,ES2,Noreste,2,lvgv,0.0
713,1996-03-03,parliament,ES2,Noreste,2,n,0.0
714,1996-03-03,parliament,ES2,Noreste,2,nacion_andaluza,0.0
715,1996-03-03,parliament,ES2,Noreste,2,nr,0.0
716,1996-03-03,parliament,ES2,Noreste,2,pa,0.0
717,1996-03-03,parliament,ES2,Noreste,2,pae,0.0
718,1996-03-03,parliament,ES2,Noreste,2,pas,0.0
719,1996-03-03,parliament,ES2,Noreste,2,pb,0.0
720,1996-03-03,parliament,ES2,Noreste,2,pcn,0.0
721,1996-03-03,parliament,ES2,Noreste,2,pcpe,0.0
722,1996-03-03,parliament,ES2,Noreste,2,pec,0.0
723,1996-03-03,parliament,ES2,Noreste,2,ph,10056.0
724,1996-03-03,parliament,ES2,Noreste,2,picc,0.0
725,1996-03-03,parliament,ES2,Noreste,2,piz,0.0
726,1996-03-03,parliament,ES2,Noreste,2,pnm,0.0
727,1996-03-03,parliament,ES2,Noreste,2,por,0.0
728,1996-03-03,parliament,ES2,Noreste,2,pp,6485320.0
729,1996-03-03,parliament,ES2,Noreste,2,prcm,0.0
730,1996-03-03,parliament,ES2,Noreste,2,prepal,0.0
731,1996-03-03,parliament,ES2,Noreste,2,prgu,0.0
732,1996-03-03,parliament,ES2,Noreste,2,prim,0.0
733,1996-03-03,parliament,ES2,Noreste,2,priojano,48520.0
734,1996-03-03,parliament,ES2,Noreste,2,prt,19656.0
735,1996-03-03,parliament,ES2,Noreste,2,prv,0.0
736,1996-03-03,parliament,ES2,Noreste,2,psmene,0.0
737,1996-03-03,parliament,ES2,Noreste,2,psoe,5840808.0
738,1996-03-03,parliament,ES2,Noreste,2,pspc,0.0
739,1996-03-03,parliament,ES2,Noreste,2,siex,0.0
740,1996-03-03,parliament,ES2,Noreste,2,sos,22024.0
741,1996-03-03,parliament,ES2,Noreste,2,tcpnc,0.0
742,1996-03-03,parliament,ES2,Noreste,2,uad,0.0
743,1996-03-03,parliament,ES2,Noreste,2,uc,17824.0
744,1996-03-03,parliament,ES2,Noreste,2,um,0.0
745,1996-03-03,parliament,ES2,Noreste,2,upl,0.0
746,1996-03-03,parliament,ES2,Noreste,2,upra,0.0
747,1996-03-03,parliament,ES2,Noreste,2,upvbn,0.0
748,1996-03-03,parliament,ES2,Noreste,2,urcl,0.0
749,1996-03-03,parliament,ES2,Noreste,2,uv,0.0
750,1996-03-03,parliament,ES2,Noreste,2,vdpa,0.0
751,1996-03-03,parliament,ES3,Comunidad de Madrid,0,eligible_voters,4199799.0
752,1996-03-03,parliament,ES3,Comunidad de Madrid,1,issued_ballots,3342628.0
753,1996-03-03,parliament,ES3,Comunidad de Madrid,2,aba,0.0
754,1996-03-03,parliament,ES3,Comunidad de Madrid,2,adec,598.0
755,1996-03-03,parliament,ES3,Comunidad de Madrid,2,afit,0.0
756,1996-03-03,parliament,ES3,Comunidad de Madrid,2,alas,0.0
757,1996-03-03,parliament,ES3,Comunidad de Madrid,2,ar,656.0
758,1996-03-03,parliament,ES3,Comunidad de Madrid,2,aun,1907.0
759,1996-03-03,parliament,ES3,Comunidad de Madrid,2,bng,0.0
760,1996-03-03,parliament,ES3,Comunidad de Madrid,2,cc,0.0
761,1996-03-03,parliament,ES3,Comunidad de Madrid,2,ccv,0.0
762,1996-03-03,parliament,ES3,Comunidad de Madrid,2,cdn,0.0
763,1996-03-03,parliament,ES3,Comunidad de Madrid,2,cex,0.0
764,1996-03-03,parliament,ES3,Comunidad de Madrid,2,cha,0.0
765,1996-03-03,parliament,ES3,Comunidad de Madrid,2,ciu,0.0
766,1996-03-03,parliament,ES3,Comunidad de Madrid,2,cr,712.0
767,1996-03-03,parliament,ES3,Comunidad de Madrid,2,dsa,0.0
768,1996-03-03,parliament,ES3,Comunidad de Madrid,2,ea,0.0
769,1996-03-03,parliament,ES3,Comunidad de Madrid,2,eajpnv,0.0
770,1996-03-03,parliament,ES3,Comunidad de Madrid,2,env,0.0
771,1996-03-03,parliament,ES3,Comunidad de Madrid,2,erc,0.0
772,1996-03-03,parliament,ES3,Comunidad de Madrid,2,fea,1031.0
773,1996-03-03,parliament,ES3,Comunidad de Madrid,2,fei,867.0
774,1996-03-03,parliament,ES3,Comunidad de Madrid,2,fpg,0.0
775,1996-03-03,parliament,ES3,Comunidad de Madrid,2,frepic,0.0
776,1996-03-03,parliament,ES3,Comunidad de Madrid,2,hb,0.0
777,1996-03-03,parliament,ES3,Comunidad de Madrid,2,icvgorordo,0.0
778,1996-03-03,parliament,ES3,Comunidad de Madrid,2,iu,547901.0
779,1996-03-03,parliament,ES3,Comunidad de Madrid,2,lae,0.0
780,1996-03-03,parliament,ES3,Comunidad de Madrid,2,lg,0.0
781,1996-03-03,parliament,ES3,Comunidad de Madrid,2,lv,8483.0
782,1996-03-03,parliament,ES3,Comunidad de Madrid,2,lve,5492.0
783,1996-03-03,parliament,ES3,Comunidad de Madrid,2,lvgv,12975.0
784,1996-03-03,parliament,ES3,Comunidad de Madrid,2,n,0.0
785,1996-03-03,parliament,ES3,Comunidad de Madrid,2,nacion_andaluza,0.0
786,1996-03-03,parliament,ES3,Comunidad de Madrid,2,nr,0.0
787,1996-03-03,parliament,ES3,Comunidad de Madrid,2,pa,0.0
788,1996-03-03,parliament,ES3,Comunidad de Madrid,2,pae,0.0
789,1996-03-03,parliament,ES3,Comunidad de Madrid,2,pas,0.0
790,1996-03-03,parliament,ES3,Comunidad de Madrid,2,pb,0.0
791,1996-03-03,parliament,ES3,Comunidad de Madrid,2,pcn,0.0
792,1996-03-03,parliament,ES3,Comunidad de Madrid,2,pcpe,1588.0
793,1996-03-03,parliament,ES3,Comunidad de Madrid,2,pec,0.0
794,1996-03-03,parliament,ES3,Comunidad de Madrid,2,ph,1495.0
795,1996-03-03,parliament,ES3,Comunidad de Madrid,2,picc,0.0
796,1996-03-03,parliament,ES3,Comunidad de Madrid,2,piz,0.0
797,1996-03-03,parliament,ES3,Comunidad de Madrid,2,pnm,0.0
798,1996-03-03,parliament,ES3,Comunidad de Madrid,2,por,0.0
799,1996-03-03,parliament,ES3,Comunidad de Madrid,2,pp,1642489.0
800,1996-03-03,parliament,ES3,Comunidad de Madrid,2,prcm,0.0
801,1996-03-03,parliament,ES3,Comunidad de Madrid,2,prepal,815.0
802,1996-03-03,parliament,ES3,Comunidad de Madrid,2,prgu,0.0
803,1996-03-03,parliament,ES3,Comunidad de Madrid,2,prim,1671.0
804,1996-03-03,parliament,ES3,Comunidad de Madrid,2,priojano,0.0
805,1996-03-03,parliament,ES3,Comunidad de Madrid,2,prt,1339.0
806,1996-03-03,parliament,ES3,Comunidad de Madrid,2,prv,976.0
807,1996-03-03,parliament,ES3,Comunidad de Madrid,2,psmene,0.0
808,1996-03-03,parliament,ES3,Comunidad de Madrid,2,psoe,1046904.0
809,1996-03-03,parliament,ES3,Comunidad de Madrid,2,pspc,0.0
810,1996-03-03,parliament,ES3,Comunidad de Madrid,2,siex,0.0
811,1996-03-03,parliament,ES3,Comunidad de Madrid,2,sos,0.0
812,1996-03-03,parliament,ES3,Comunidad de Madrid,2,tcpnc,0.0
813,1996-03-03,parliament,ES3,Comunidad de Madrid,2,uad,0.0
814,1996-03-03,parliament,ES3,Comunidad de Madrid,2,uc,12220.0
815,1996-03-03,parliament,ES3,Comunidad de Madrid,2,um,0.0
816,1996-03-03,parliament,ES3,Comunidad de Madrid,2,upl,0.0
817,1996-03-03,parliament,ES3,Comunidad de Madrid,2,upra,0.0
818,1996-03-03,parliament,ES3,Comunidad de Madrid,2,upvbn,0.0
819,1996-03-03,parliament,ES3,Comunidad de Madrid,2,urcl,0.0
820,1996-03-03,parliament,ES3,Comunidad de Madrid,2,uv,0.0
821,1996-03-03,parliament,ES3,Comunidad de Madrid,2,vdpa,0.0
822,1996-03-03,parliament,ES4,Centro (ES),0,eligible_voters,69981952.0
823,1996-03-03,parliament,ES4,Centro (ES),1,issued_ballots,56644192.0
824,1996-03-03,parliament,ES4,Centro (ES),2,aba,0.0
825,1996-03-03,parliament,ES4,Centro (ES),2,adec,0.0
826,1996-03-03,parliament,ES4,Centro (ES),2,afit,0.0
827,1996-03-03,parliament,ES4,Centro (ES),2,alas,0.0
828,1996-03-03,parliament,ES4,Centro (ES),2,ar,0.0
829,1996-03-03,parliament,ES4,Centro (ES),2,aun,0.0
830,1996-03-03,parliament,ES4,Centro (ES),2,bng,0.0
831,1996-03-03,parliament,ES4,Centro (ES),2,cc,0.0
832,1996-03-03,parliament,ES4,Centro (ES),2,ccv,0.0
833,1996-03-03,parliament,ES4,Centro (ES),2,cdn,0.0
834,1996-03-03,parliament,ES4,Centro (ES),2,cex,116992.0
835,1996-03-03,parliament,ES4,Centro (ES),2,cha,0.0
836,1996-03-03,parliament,ES4,Centro (ES),2,ciu,0.0
837,1996-03-03,parliament,ES4,Centro (ES),2,cr,2880.0
838,1996-03-03,parliament,ES4,Centro (ES),2,dsa,0.0
839,1996-03-03,parliament,ES4,Centro (ES),2,ea,0.0
840,1996-03-03,parliament,ES4,Centro (ES),2,eajpnv,0.0
841,1996-03-03,parliament,ES4,Centro (ES),2,env,0.0
842,1996-03-03,parliament,ES4,Centro (ES),2,erc,0.0
843,1996-03-03,parliament,ES4,Centro (ES),2,fea,35312.0
844,1996-03-03,parliament,ES4,Centro (ES),2,fei,3184.0
845,1996-03-03,parliament,ES4,Centro (ES),2,fpg,0.0
846,1996-03-03,parliament,ES4,Centro (ES),2,frepic,0.0
847,1996-03-03,parliament,ES4,Centro (ES),2,hb,0.0
848,1996-03-03,parliament,ES4,Centro (ES),2,icvgorordo,0.0
849,1996-03-03,parliament,ES4,Centro (ES),2,iu,4982496.0
850,1996-03-03,parliament,ES4,Centro (ES),2,lae,0.0
851,1996-03-03,parliament,ES4,Centro (ES),2,lg,0.0
852,1996-03-03,parliament,ES4,Centro (ES),2,lv,0.0
853,1996-03-03,parliament,ES4,Centro (ES),2,lve,17744.0
854,1996-03-03,parliament,ES4,Centro (ES),2,lvgv,13440.0
855,1996-03-03,parliament,ES4,Centro (ES),2,n,0.0
856,1996-03-03,parliament,ES4,Centro (ES),2,nacion_andaluza,0.0
857,1996-03-03,parliament,ES4,Centro (ES),2,nr,0.0
858,1996-03-03,parliament,ES4,Centro (ES),2,pa,0.0
859,1996-03-03,parliament,ES4,Centro (ES),2,pae,0.0
860,1996-03-03,parliament,ES4,Centro (ES),2,pas,0.0
861,1996-03-03,parliament,ES4,Centro (ES),2,pb,16000.0
862,1996-03-03,parliament,ES4,Centro (ES),2,pcn,0.0
863,1996-03-03,parliament,ES4,Centro (ES),2,pcpe,17232.0
864,1996-03-03,parliament,ES4,Centro (ES),2,pec,0.0
865,1996-03-03,parliament,ES4,Centro (ES),2,ph,41472.0
866,1996-03-03,parliament,ES4,Centro (ES),2,picc,0.0
867,1996-03-03,parliament,ES4,Centro (ES),2,piz,3440.0
868,1996-03-03,parliament,ES4,Centro (ES),2,pnm,0.0
869,1996-03-03,parliament,ES4,Centro (ES),2,por,0.0
870,1996-03-03,parliament,ES4,Centro (ES),2,pp,27146592.0
871,1996-03-03,parliament,ES4,Centro (ES),2,prcm,36464.0
872,1996-03-03,parliament,ES4,Centro (ES),2,prepal,31152.0
873,1996-03-03,parliament,ES4,Centro (ES),2,prgu,5408.0
874,1996-03-03,parliament,ES4,Centro (ES),2,prim,0.0
875,1996-03-03,parliament,ES4,Centro (ES),2,priojano,0.0
876,1996-03-03,parliament,ES4,Centro (ES),2,prt,42496.0
877,1996-03-03,parliament,ES4,Centro (ES),2,prv,10880.0
878,1996-03-03,parliament,ES4,Centro (ES),2,psmene,0.0
879,1996-03-03,parliament,ES4,Centro (ES),2,psoe,22608368.0
880,1996-03-03,parliament,ES4,Centro (ES),2,pspc,0.0
881,1996-03-03,parliament,ES4,Centro (ES),2,siex,26848.0
882,1996-03-03,parliament,ES4,Centro (ES),2,sos,0.0
883,1996-03-03,parliament,ES4,Centro (ES),2,tcpnc,99296.0
884,1996-03-03,parliament,ES4,Centro (ES),2,uad,0.0
885,1996-03-03,parliament,ES4,Centro (ES),2,uc,188128.0
886,1996-03-03,parliament,ES4,Centro (ES),2,um,0.0
887,1996-03-03,parliament,ES4,Centro (ES),2,upl,192784.0
888,1996-03-03,parliament,ES4,Centro (ES),2,upra,0.0
889,1996-03-03,parliament,ES4,Centro (ES),2,upvbn,0.0
890,1996-03-03,parliament,ES4,Centro (ES),2,urcl,64976.0
891,1996-03-03,parliament,ES4,Centro (ES),2,uv,0.0
892,1996-03-03,parliament,ES4,Centro (ES),2,vdpa,0.0
893,1996-03-03,parliament,ES5,Este,0,eligible_voters,97777724.0
894,1996-03-03,parliament,ES5,Este,1,issued_ballots,76295428.0
895,1996-03-03,parliament,ES5,Este,2,aba,4169.0
896,1996-03-03,parliament,ES5,Este,2,adec,0.0
897,1996-03-03,parliament,ES5,Este,2,afit,0.0
898,1996-03-03,parliament,ES5,Este,2,alas,4422.0
899,1996-03-03,parliament,ES5,Este,2,ar,3564.0
900,1996-03-03,parliament,ES5,Este,2,aun,4708.0
901,1996-03-03,parliament,ES5,Este,2,bng,0.0
902,1996-03-03,parliament,ES5,Este,2,cc,0.0
903,1996-03-03,parliament,ES5,Este,2,ccv,0.0
904,1996-03-03,parliament,ES5,Este,2,cdn,0.0
905,1996-03-03,parliament,ES5,Este,2,cex,0.0
906,1996-03-03,parliament,ES5,Este,2,cha,0.0
907,1996-03-03,parliament,ES5,Este,2,ciu,12667963.0
908,1996-03-03,parliament,ES5,Este,2,cr,16731.0
909,1996-03-03,parliament,ES5,Este,2,dsa,0.0
910,1996-03-03,parliament,ES5,Este,2,ea,0.0
911,1996-03-03,parliament,ES5,Este,2,eajpnv,0.0
912,1996-03-03,parliament,ES5,Este,2,env,11253.0
913,1996-03-03,parliament,ES5,Este,2,erc,1844051.0
914,1996-03-03,parliament,ES5,Este,2,fea,35585.0
915,1996-03-03,parliament,ES5,Este,2,fei,0.0
916,1996-03-03,parliament,ES5,Este,2,fpg,0.0
917,1996-03-03,parliament,ES5,Este,2,frepic,0.0
918,1996-03-03,parliament,ES5,Este,2,hb,0.0
919,1996-03-03,parliament,ES5,Este,2,icvgorordo,0.0
920,1996-03-03,parliament,ES5,Este,2,iu,6784701.0
921,1996-03-03,parliament,ES5,Este,2,lae,3256.0
922,1996-03-03,parliament,ES5,Este,2,lg,0.0
923,1996-03-03,parliament,ES5,Este,2,lv,0.0
924,1996-03-03,parliament,ES5,Este,2,lve,415459.0
925,1996-03-03,parliament,ES5,Este,2,lvgv,0.0
926,1996-03-03,parliament,ES5,Este,2,n,5445.0
927,1996-03-03,parliament,ES5,Este,2,nacion_andaluza,0.0
928,1996-03-03,parliament,ES5,Este,2,nr,0.0
929,1996-03-03,parliament,ES5,Este,2,pa,0.0
930,1996-03-03,parliament,ES5,Este,2,pae,0.0
931,1996-03-03,parliament,ES5,Este,2,pas,0.0
932,1996-03-03,parliament,ES5,Este,2,pb,0.0
933,1996-03-03,parliament,ES5,Este,2,pcn,0.0
934,1996-03-03,parliament,ES5,Este,2,pcpe,42966.0
935,1996-03-03,parliament,ES5,Este,2,pec,47355.0
936,1996-03-03,parliament,ES5,Este,2,ph,27797.0
937,1996-03-03,parliament,ES5,Este,2,picc,13519.0
938,1996-03-03,parliament,ES5,Este,2,piz,0.0
939,1996-03-03,parliament,ES5,Este,2,pnm,0.0
940,1996-03-03,parliament,ES5,Este,2,por,0.0
941,1996-03-03,parliament,ES5,Este,2,pp,22264792.0
942,1996-03-03,parliament,ES5,Este,2,prcm,0.0
943,1996-03-03,parliament,ES5,Este,2,prepal,0.0
944,1996-03-03,parliament,ES5,Este,2,prgu,0.0
945,1996-03-03,parliament,ES5,Este,2,prim,0.0
946,1996-03-03,parliament,ES5,Este,2,priojano,0.0
947,1996-03-03,parliament,ES5,Este,2,prt,41404.0
948,1996-03-03,parliament,ES5,Este,2,prv,0.0
949,1996-03-03,parliament,ES5,Este,2,psmene,271084.0
950,1996-03-03,parliament,ES5,Este,2,psoe,29451180.0
951,1996-03-03,parliament,ES5,Este,2,pspc,0.0
952,1996-03-03,parliament,ES5,Este,2,siex,0.0
953,1996-03-03,parliament,ES5,Este,2,sos,0.0
954,1996-03-03,parliament,ES5,Este,2,tcpnc,0.0
955,1996-03-03,parliament,ES5,Este,2,uad,0.0
956,1996-03-03,parliament,ES5,Este,2,uc,72413.0
957,1996-03-03,parliament,ES5,Este,2,um,76373.0
958,1996-03-03,parliament,ES5,Este,2,upl,0.0
959,1996-03-03,parliament,ES5,Este,2,upra,7161.0
960,1996-03-03,parliament,ES5,Este,2,upvbn,294547.0
961,1996-03-03,parliament,ES5,Este,2,urcl,0.0
962,1996-03-03,parliament,ES5,Este,2,uv,1007325.0
963,1996-03-03,parliament,ES5,Este,2,vdpa,0.0
964,1996-03-03,parliament,ES6,Sur,0,eligible_voters,71858556.0
965,1996-03-03,parliament,ES6,Sur,1,issued_ballots,56269994.0
966,1996-03-03,parliament,ES6,Sur,2,aba,0.0
967,1996-03-03,parliament,ES6,Sur,2,adec,0.0
968,1996-03-03,parliament,ES6,Sur,2,afit,0.0
969,1996-03-03,parliament,ES6,Sur,2,alas,0.0
970,1996-03-03,parliament,ES6,Sur,2,ar,0.0
971,1996-03-03,parliament,ES6,Sur,2,aun,11682.0
972,1996-03-03,parliament,ES6,Sur,2,bng,0.0
973,1996-03-03,parliament,ES6,Sur,2,cc,0.0
974,1996-03-03,parliament,ES6,Sur,2,ccv,0.0
975,1996-03-03,parliament,ES6,Sur,2,cdn,0.0
976,1996-03-03,parliament,ES6,Sur,2,cex,0.0
977,1996-03-03,parliament,ES6,Sur,2,cha,0.0
978,1996-03-03,parliament,ES6,Sur,2,ciu,0.0
979,1996-03-03,parliament,ES6,Sur,2,cr,0.0
980,1996-03-03,parliament,ES6,Sur,2,dsa,0.0
981,1996-03-03,parliament,ES6,Sur,2,ea,0.0
982,1996-03-03,parliament,ES6,Sur,2,eajpnv,0.0
983,1996-03-03,parliament,ES6,Sur,2,env,0.0
984,1996-03-03,parliament,ES6,Sur,2,erc,0.0
985,1996-03-03,parliament,ES6,Sur,2,fea,43098.0
986,1996-03-03,parliament,ES6,Sur,2,fei,3806.0
987,1996-03-03,parliament,ES6,Sur,2,fpg,0.0
988,1996-03-03,parliament,ES6,Sur,2,frepic,0.0
989,1996-03-03,parliament,ES6,Sur,2,hb,0.0
990,1996-03-03,parliament,ES6,Sur,2,icvgorordo,0.0
991,1996-03-03,parliament,ES6,Sur,2,iu,7244589.0
992,1996-03-03,parliament,ES6,Sur,2,lae,0.0
993,1996-03-03,parliament,ES6,Sur,2,lg,0.0
994,1996-03-03,parliament,ES6,Sur,2,lv,0.0
995,1996-03-03,parliament,ES6,Sur,2,lve,0.0
996,1996-03-03,parliament,ES6,Sur,2,lvgv,0.0
997,1996-03-03,parliament,ES6,Sur,2,n,0.0
998,1996-03-03,parliament,ES6,Sur,2,nacion_andaluza,38555.0
999,1996-03-03,parliament,ES6,Sur,2,nr,15972.0
1000,1996-03-03,parliament,ES6,Sur,2,pa,1482800.0
1001,1996-03-03,parliament,ES6,Sur,2,pae,0.0
1002,1996-03-03,parliament,ES6,Sur,2,pas,0.0
1003,1996-03-03,parliament,ES6,Sur,2,pb,0.0
1004,1996-03-03,parliament,ES6,Sur,2,pcn,0.0
1005,1996-03-03,parliament,ES6,Sur,2,pcpe,58399.0
1006,1996-03-03,parliament,ES6,Sur,2,pec,0.0
1007,1996-03-03,parliament,ES6,Sur,2,ph,31075.0
1008,1996-03-03,parliament,ES6,Sur,2,picc,0.0
1009,1996-03-03,parliament,ES6,Sur,2,piz,0.0
1010,1996-03-03,parliament,ES6,Sur,2,pnm,2200.0
1011,1996-03-03,parliament,ES6,Sur,2,por,0.0
1012,1996-03-03,parliament,ES6,Sur,2,pp,21026170.0
1013,1996-03-03,parliament,ES6,Sur,2,prcm,0.0
1014,1996-03-03,parliament,ES6,Sur,2,prepal,0.0
1015,1996-03-03,parliament,ES6,Sur,2,prgu,0.0
1016,1996-03-03,parliament,ES6,Sur,2,prim,0.0
1017,1996-03-03,parliament,ES6,Sur,2,priojano,0.0
1018,1996-03-03,parliament,ES6,Sur,2,prt,41404.0
1019,1996-03-03,parliament,ES6,Sur,2,prv,0.0
1020,1996-03-03,parliament,ES6,Sur,2,psmene,0.0
1021,1996-03-03,parliament,ES6,Sur,2,psoe,25388352.0
1022,1996-03-03,parliament,ES6,Sur,2,pspc,26015.0
1023,1996-03-03,parliament,ES6,Sur,2,siex,0.0
1024,1996-03-03,parliament,ES6,Sur,2,sos,0.0
1025,1996-03-03,parliament,ES6,Sur,2,tcpnc,0.0
1026,1996-03-03,parliament,ES6,Sur,2,uad,6897.0
1027,1996-03-03,parliament,ES6,Sur,2,uc,55902.0
1028,1996-03-03,parliament,ES6,Sur,2,um,0.0
1029,1996-03-03,parliament,ES6,Sur,2,upl,0.0
1030,1996-03-03,parliament,ES6,Sur,2,upra,0.0
1031,1996-03-03,parliament,ES6,Sur,2,upvbn,0.0
1032,1996-03-03,parliament,ES6,Sur,2,urcl,0.0
1033,1996-03-03,parliament,ES6,Sur,2,uv,0.0
1034,1996-03-03,parliament,ES6,Sur,2,vdpa,5819.0
1035,1996-03-03,parliament,ES7,Canarias,0,eligible_voters,11483226.0
1036,1996-03-03,parliament,ES7,Canarias,1,issued_ballots,7939467.0
1037,1996-03-03,parliament,ES7,Canarias,2,aba,0.0
1038,1996-03-03,parliament,ES7,Canarias,2,adec,0.0
1039,1996-03-03,parliament,ES7,Canarias,2,afit,0.0
1040,1996-03-03,parliament,ES7,Canarias,2,alas,0.0
1041,1996-03-03,parliament,ES7,Canarias,2,ar,0.0
1042,1996-03-03,parliament,ES7,Canarias,2,aun,0.0
1043,1996-03-03,parliament,ES7,Canarias,2,bng,0.0
1044,1996-03-03,parliament,ES7,Canarias,2,cc,1983762.0
1045,1996-03-03,parliament,ES7,Canarias,2,ccv,0.0
1046,1996-03-03,parliament,ES7,Canarias,2,cdn,0.0
1047,1996-03-03,parliament,ES7,Canarias,2,cex,0.0
1048,1996-03-03,parliament,ES7,Canarias,2,cha,0.0
1049,1996-03-03,parliament,ES7,Canarias,2,ciu,0.0
1050,1996-03-03,parliament,ES7,Canarias,2,cr,0.0
1051,1996-03-03,parliament,ES7,Canarias,2,dsa,0.0
1052,1996-03-03,parliament,ES7,Canarias,2,ea,0.0
1053,1996-03-03,parliament,ES7,Canarias,2,eajpnv,0.0
1054,1996-03-03,parliament,ES7,Canarias,2,env,0.0
1055,1996-03-03,parliament,ES7,Canarias,2,erc,0.0
1056,1996-03-03,parliament,ES7,Canarias,2,fea,0.0
1057,1996-03-03,parliament,ES7,Canarias,2,fei,0.0
1058,1996-03-03,parliament,ES7,Canarias,2,fpg,0.0
1059,1996-03-03,parliament,ES7,Canarias,2,frepic,23103.0
1060,1996-03-03,parliament,ES7,Canarias,2,hb,0.0
1061,1996-03-03,parliament,ES7,Canarias,2,icvgorordo,0.0
1062,1996-03-03,parliament,ES7,Canarias,2,iu,433548.0
1063,1996-03-03,parliament,ES7,Canarias,2,lae,0.0
1064,1996-03-03,parliament,ES7,Canarias,2,lg,2187.0
1065,1996-03-03,parliament,ES7,Canarias,2,lv,0.0
1066,1996-03-03,parliament,ES7,Canarias,2,lve,10053.0
1067,1996-03-03,parliament,ES7,Canarias,2,lvgv,30258.0
1068,1996-03-03,parliament,ES7,Canarias,2,n,0.0
1069,1996-03-03,parliament,ES7,Canarias,2,nacion_andaluza,0.0
1070,1996-03-03,parliament,ES7,Canarias,2,nr,0.0
1071,1996-03-03,parliament,ES7,Canarias,2,pa,0.0
1072,1996-03-03,parliament,ES7,Canarias,2,pae,0.0
1073,1996-03-03,parliament,ES7,Canarias,2,pas,0.0
1074,1996-03-03,parliament,ES7,Canarias,2,pb,0.0
1075,1996-03-03,parliament,ES7,Canarias,2,pcn,6498.0
1076,1996-03-03,parliament,ES7,Canarias,2,pcpe,10620.0
1077,1996-03-03,parliament,ES7,Canarias,2,pec,0.0
1078,1996-03-03,parliament,ES7,Canarias,2,ph,6606.0
1079,1996-03-03,parliament,ES7,Canarias,2,picc,0.0
1080,1996-03-03,parliament,ES7,Canarias,2,piz,0.0
1081,1996-03-03,parliament,ES7,Canarias,2,pnm,0.0
1082,1996-03-03,parliament,ES7,Canarias,2,por,0.0
1083,1996-03-03,parliament,ES7,Canarias,2,pp,2974617.0
1084,1996-03-03,parliament,ES7,Canarias,2,prcm,0.0
1085,1996-03-03,parliament,ES7,Canarias,2,prepal,0.0
1086,1996-03-03,parliament,ES7,Canarias,2,prgu,0.0
1087,1996-03-03,parliament,ES7,Canarias,2,prim,0.0
1088,1996-03-03,parliament,ES7,Canarias,2,priojano,0.0
1089,1996-03-03,parliament,ES7,Canarias,2,prt,0.0
1090,1996-03-03,parliament,ES7,Canarias,2,prv,0.0
1091,1996-03-03,parliament,ES7,Canarias,2,psmene,0.0
1092,1996-03-03,parliament,ES7,Canarias,2,psoe,2369241.0
1093,1996-03-03,parliament,ES7,Canarias,2,pspc,0.0
1094,1996-03-03,parliament,ES7,Canarias,2,siex,0.0
1095,1996-03-03,parliament,ES7,Canarias,2,sos,0.0
1096,1996-03-03,parliament,ES7,Canarias,2,tcpnc,0.0
1097,1996-03-03,parliament,ES7,Canarias,2,uad,0.0
1098,1996-03-03,parliament,ES7,Canarias,2,uc,10530.0
1099,1996-03-03,parliament,ES7,Canarias,2,um,0.0
1100,1996-03-03,parliament,ES7,Canarias,2,upl,0.0
1101,1996-03-03,parliament,ES7,Canarias,2,upra,0.0
1102,1996-03-03,parliament,ES7,Canarias,2,upvbn,0.0
1103,1996-03-03,parliament,ES7,Canarias,2,urcl,0.0
1104,1996-03-03,parliament,ES7,Canarias,2,uv,0.0
1105,1996-03-03,parliament,ES7,Canarias,2,vdpa,0.0
1106,1999-06-13,european,ES1,Noroeste,0,eligible_voters,23861784.0
1107,1999-06-13,european,ES1,Noroeste,1,issued_ballots,14858544.0
1108,1999-06-13,european,ES1,Noroeste,2,bng,2015148.0
1109,1999-06-13,european,ES1,Noroeste,2,ce,3984.0
1110,1999-06-13,european,ES1,Noroeste,2,ciu,5052.0
1111,1999-06-13,european,ES1,Noroeste,2,cnep,6480.0
1112,1999-06-13,european,ES1,Noroeste,2,hb,18576.0
1113,1999-06-13,european,ES1,Noroeste,2,iueuia,581430.0
1114,1999-06-13,european,ES1,Noroeste,2,other,412764.0
1115,1999-06-13,european,ES1,Noroeste,2,pp,7047546.0
1116,1999-06-13,european,ES1,Noroeste,2,psoe,4343700.0
1117,1999-06-13,european,ES1,Noroeste,2,verdes,51666.0
1118,1999-06-13,european,ES2,Noreste,0,eligible_voters,28160736.0
1119,1999-06-13,european,ES2,Noreste,1,issued_ballots,18243360.0
1120,1999-06-13,european,ES2,Noreste,2,bng,10344.0
1121,1999-06-13,european,ES2,Noreste,2,ce,484432.0
1122,1999-06-13,european,ES2,Noreste,2,ciu,13392.0
1123,1999-06-13,european,ES2,Noreste,2,cnep,3281784.0
1124,1999-06-13,european,ES2,Noreste,2,hb,2176008.0
1125,1999-06-13,european,ES2,Noreste,2,iueuia,749224.0
1126,1999-06-13,european,ES2,Noreste,2,other,266712.0
1127,1999-06-13,european,ES2,Noreste,2,pp,5707328.0
1128,1999-06-13,european,ES2,Noreste,2,psoe,4608744.0
1129,1999-06-13,european,ES2,Noreste,2,verdes,419160.0
1130,1999-06-13,european,ES3,Comunidad de Madrid,0,eligible_voters,4287497.0
1131,1999-06-13,european,ES3,Comunidad de Madrid,1,issued_ballots,2605318.0
1132,1999-06-13,european,ES3,Comunidad de Madrid,2,bng,3274.0
1133,1999-06-13,european,ES3,Comunidad de Madrid,2,ce,814.0
1134,1999-06-13,european,ES3,Comunidad de Madrid,2,ciu,1261.0
1135,1999-06-13,european,ES3,Comunidad de Madrid,2,cnep,1506.0
1136,1999-06-13,european,ES3,Comunidad de Madrid,2,hb,3569.0
1137,1999-06-13,european,ES3,Comunidad de Madrid,2,iueuia,208377.0
1138,1999-06-13,european,ES3,Comunidad de Madrid,2,other,66228.0
1139,1999-06-13,european,ES3,Comunidad de Madrid,2,pp,1278583.0
1140,1999-06-13,european,ES3,Comunidad de Madrid,2,psoe,954721.0
1141,1999-06-13,european,ES3,Comunidad de Madrid,2,verdes,22723.0
1142,1999-06-13,european,ES4,Centro (ES),0,eligible_voters,71658096.0
1143,1999-06-13,european,ES4,Centro (ES),1,issued_ballots,50768512.0
1144,1999-06-13,european,ES4,Centro (ES),2,bng,28608.0
1145,1999-06-13,european,ES4,Centro (ES),2,ce,11120.0
1146,1999-06-13,european,ES4,Centro (ES),2,ciu,14752.0
1147,1999-06-13,european,ES4,Centro (ES),2,cnep,16992.0
1148,1999-06-13,european,ES4,Centro (ES),2,hb,35584.0
1149,1999-06-13,european,ES4,Centro (ES),2,iueuia,2480512.0
1150,1999-06-13,european,ES4,Centro (ES),2,other,1754608.0
1151,1999-06-13,european,ES4,Centro (ES),2,pp,24623584.0
1152,1999-06-13,european,ES4,Centro (ES),2,psoe,20278000.0
1153,1999-06-13,european,ES4,Centro (ES),2,verdes,176512.0
1154,1999-06-13,european,ES5,Este,0,eligible_voters,102248223.0
1155,1999-06-13,european,ES5,Este,1,issued_ballots,61069206.0
1156,1999-06-13,european,ES5,Este,2,bng,49973.0
1157,1999-06-13,european,ES5,Este,2,ce,1002056.0
1158,1999-06-13,european,ES5,Este,2,ciu,10239955.0
1159,1999-06-13,european,ES5,Este,2,cnep,2173446.0
1160,1999-06-13,european,ES5,Este,2,hb,246906.0
1161,1999-06-13,european,ES5,Este,2,iueuia,2236333.0
1162,1999-06-13,european,ES5,Este,2,other,1581426.0
1163,1999-06-13,european,ES5,Este,2,pp,19107286.0
1164,1999-06-13,european,ES5,Este,2,psoe,20950963.0
1165,1999-06-13,european,ES5,Este,2,verdes,1978152.0
1166,1999-06-13,european,ES6,Sur,0,eligible_voters,75991938.0
1167,1999-06-13,european,ES6,Sur,1,issued_ballots,48641956.0
1168,1999-06-13,european,ES6,Sur,2,bng,16632.0
1169,1999-06-13,european,ES6,Sur,2,ce,2717935.0
1170,1999-06-13,european,ES6,Sur,2,ciu,18854.0
1171,1999-06-13,european,ES6,Sur,2,cnep,18722.0
1172,1999-06-13,european,ES6,Sur,2,hb,27313.0
1173,1999-06-13,european,ES6,Sur,2,iueuia,4847282.0
1174,1999-06-13,european,ES6,Sur,2,other,778723.0
1175,1999-06-13,european,ES6,Sur,2,pp,18646177.0
1176,1999-06-13,european,ES6,Sur,2,psoe,20354653.0
1177,1999-06-13,european,ES6,Sur,2,verdes,197956.0
1178,1999-06-13,european,ES7,Canarias,0,eligible_voters,12362373.0
1179,1999-06-13,european,ES7,Canarias,1,issued_ballots,7434108.0
1180,1999-06-13,european,ES7,Canarias,2,bng,7299.0
1181,1999-06-13,european,ES7,Canarias,2,ce,2485674.0
1182,1999-06-13,european,ES7,Canarias,2,ciu,3321.0
1183,1999-06-13,european,ES7,Canarias,2,cnep,7281.0
1184,1999-06-13,european,ES7,Canarias,2,hb,9936.0
1185,1999-06-13,european,ES7,Canarias,2,iueuia,212706.0
1186,1999-06-13,european,ES7,Canarias,2,other,180819.0
1187,1999-06-13,european,ES7,Canarias,2,pp,2459664.0
1188,1999-06-13,european,ES7,Canarias,2,psoe,1805652.0
1189,1999-06-13,european,ES7,Canarias,2,verdes,74565.0
1190,2000-03-12,parliament,ES1,Noroeste,0,eligible_voters,23987352.0
1191,2000-03-12,parliament,ES1,Noroeste,1,issued_ballots,15904338.0
1192,2000-03-12,parliament,ES1,Noroeste,2,a,0.0
1193,2000-03-12,parliament,ES1,Noroeste,2,aa,12216.0
1194,2000-03-12,parliament,ES1,Noroeste,2,alas,0.0
1195,2000-03-12,parliament,ES1,Noroeste,2,an,0.0
1196,2000-03-12,parliament,ES1,Noroeste,2,ar,0.0
1197,2000-03-12,parliament,ES1,Noroeste,2,autonomo,25308.0
1198,2000-03-12,parliament,ES1,Noroeste,2,bia,6510.0
1199,2000-03-12,parliament,ES1,Noroeste,2,blm,0.0
1200,2000-03-12,parliament,ES1,Noroeste,2,blocverds,0.0
1201,2000-03-12,parliament,ES1,Noroeste,2,bng,1837608.0
1202,2000-03-12,parliament,ES1,Noroeste,2,cc,0.0
1203,2000-03-12,parliament,ES1,Noroeste,2,ccs,0.0
1204,2000-03-12,parliament,ES1,Noroeste,2,cdn,0.0
1205,2000-03-12,parliament,ES1,Noroeste,2,cg,14166.0
1206,2000-03-12,parliament,ES1,Noroeste,2,cha,0.0
1207,2000-03-12,parliament,ES1,Noroeste,2,ciu,0.0
1208,2000-03-12,parliament,ES1,Noroeste,2,cives,0.0
1209,2000-03-12,parliament,ES1,Noroeste,2,cnc,12618.0
1210,2000-03-12,parliament,ES1,Noroeste,2,csdl,0.0
1211,2000-03-12,parliament,ES1,Noroeste,2,dg,17748.0
1212,2000-03-12,parliament,ES1,Noroeste,2,ea,0.0
1213,2000-03-12,parliament,ES1,Noroeste,2,eajpnv,0.0
1214,2000-03-12,parliament,ES1,Noroeste,2,ec,0.0
1215,2000-03-12,parliament,ES1,Noroeste,2,eh,0.0
1216,2000-03-12,parliament,ES1,Noroeste,2,elpapi,0.0
1217,2000-03-12,parliament,ES1,Noroeste,2,env,0.0
1218,2000-03-12,parliament,ES1,Noroeste,2,erc,0.0
1219,2000-03-12,parliament,ES1,Noroeste,2,es,10314.0
1220,2000-03-12,parliament,ES1,Noroeste,2,eu,0.0
1221,2000-03-12,parliament,ES1,Noroeste,2,evav,0.0
1222,2000-03-12,parliament,ES1,Noroeste,2,fe,8886.0
1223,2000-03-12,parliament,ES1,Noroeste,2,feife,4176.0
1224,2000-03-12,parliament,ES1,Noroeste,2,fn,0.0
1225,2000-03-12,parliament,ES1,Noroeste,2,fpg,13512.0
1226,2000-03-12,parliament,ES1,Noroeste,2,gil,8058.0
1227,2000-03-12,parliament,ES1,Noroeste,2,ia,0.0
1228,2000-03-12,parliament,ES1,Noroeste,2,icv,0.0
1229,2000-03-12,parliament,ES1,Noroeste,2,ii,0.0
1230,2000-03-12,parliament,ES1,Noroeste,2,inar,0.0
1231,2000-03-12,parliament,ES1,Noroeste,2,irpre,0.0
1232,2000-03-12,parliament,ES1,Noroeste,2,iu,629190.0
1233,2000-03-12,parliament,ES1,Noroeste,2,li_litci,0.0
1234,2000-03-12,parliament,ES1,Noroeste,2,lvcm,0.0
1235,2000-03-12,parliament,ES1,Noroeste,2,lve,0.0
1236,2000-03-12,parliament,ES1,Noroeste,2,lvgv,0.0
1237,2000-03-12,parliament,ES1,Noroeste,2,mash,0.0
1238,2000-03-12,parliament,ES1,Noroeste,2,n,0.0
1239,2000-03-12,parliament,ES1,Noroeste,2,nacion_andaluza,0.0
1240,2000-03-12,parliament,ES1,Noroeste,2,nr,0.0
1241,2000-03-12,parliament,ES1,Noroeste,2,pa,0.0
1242,2000-03-12,parliament,ES1,Noroeste,2,pade,5460.0
1243,2000-03-12,parliament,ES1,Noroeste,2,pae,0.0
1244,2000-03-12,parliament,ES1,Noroeste,2,par,0.0
1245,2000-03-12,parliament,ES1,Noroeste,2,pas,35256.0
1246,2000-03-12,parliament,ES1,Noroeste,2,paviel,0.0
1247,2000-03-12,parliament,ES1,Noroeste,2,pb,0.0
1248,2000-03-12,parliament,ES1,Noroeste,2,pc,0.0
1249,2000-03-12,parliament,ES1,Noroeste,2,pcl,0.0
1250,2000-03-12,parliament,ES1,Noroeste,2,pcpe,3216.0
1251,2000-03-12,parliament,ES1,Noroeste,2,pdep,0.0
1252,2000-03-12,parliament,ES1,Noroeste,2,peda,0.0
1253,2000-03-12,parliament,ES1,Noroeste,2,pf,0.0
1254,2000-03-12,parliament,ES1,Noroeste,2,ph,15558.0
1255,2000-03-12,parliament,ES1,Noroeste,2,pil,0.0
1256,2000-03-12,parliament,ES1,Noroeste,2,pkd,0.0
1257,2000-03-12,parliament,ES1,Noroeste,2,pln,9564.0
1258,2000-03-12,parliament,ES1,Noroeste,2,pnca,0.0
1259,2000-03-12,parliament,ES1,Noroeste,2,posi,1968.0
1260,2000-03-12,parliament,ES1,Noroeste,2,pp,8280960.0
1261,2000-03-12,parliament,ES1,Noroeste,2,ppcr,0.0
1262,2000-03-12,parliament,ES1,Noroeste,2,prepal,0.0
1263,2000-03-12,parliament,ES1,Noroeste,2,prexcrex,0.0
1264,2000-03-12,parliament,ES1,Noroeste,2,prgu,0.0
1265,2000-03-12,parliament,ES1,Noroeste,2,prib,0.0
1266,2000-03-12,parliament,ES1,Noroeste,2,prim,0.0
1267,2000-03-12,parliament,ES1,Noroeste,2,priojano,0.0
1268,2000-03-12,parliament,ES1,Noroeste,2,psmen,0.0
1269,2000-03-12,parliament,ES1,Noroeste,2,psoeprogr,4460310.0
1270,2000-03-12,parliament,ES1,Noroeste,2,pspc,0.0
1271,2000-03-12,parliament,ES1,Noroeste,2,siex,0.0
1272,2000-03-12,parliament,ES1,Noroeste,2,tcpnc,0.0
1273,2000-03-12,parliament,ES1,Noroeste,2,tpc,0.0
1274,2000-03-12,parliament,ES1,Noroeste,2,uccds,18750.0
1275,2000-03-12,parliament,ES1,Noroeste,2,uminme,0.0
1276,2000-03-12,parliament,ES1,Noroeste,2,un,0.0
1277,2000-03-12,parliament,ES1,Noroeste,2,unib,0.0
1278,2000-03-12,parliament,ES1,Noroeste,2,upb,0.0
1279,2000-03-12,parliament,ES1,Noroeste,2,upcan,0.0
1280,2000-03-12,parliament,ES1,Noroeste,2,upl,0.0
1281,2000-03-12,parliament,ES1,Noroeste,2,upz,0.0
1282,2000-03-12,parliament,ES1,Noroeste,2,ural,0.0
1283,2000-03-12,parliament,ES1,Noroeste,2,uras,80160.0
1284,2000-03-12,parliament,ES1,Noroeste,2,urcl,0.0
1285,2000-03-12,parliament,ES1,Noroeste,2,usi,0.0
1286,2000-03-12,parliament,ES1,Noroeste,2,uv,0.0
1287,2000-03-12,parliament,ES1,Noroeste,2,vdpa,0.0
1288,2000-03-12,parliament,ES1,Noroeste,2,verdes,29244.0
1289,2000-03-12,parliament,ES2,Noreste,0,eligible_voters,28198640.0
1290,2000-03-12,parliament,ES2,Noreste,1,issued_ballots,18892400.0
1291,2000-03-12,parliament,ES2,Noreste,2,a,0.0
1292,2000-03-12,parliament,ES2,Noreste,2,aa,0.0
1293,2000-03-12,parliament,ES2,Noreste,2,alas,0.0
1294,2000-03-12,parliament,ES2,Noreste,2,an,0.0
1295,2000-03-12,parliament,ES2,Noreste,2,ar,3608.0
1296,2000-03-12,parliament,ES2,Noreste,2,autonomo,0.0
1297,2000-03-12,parliament,ES2,Noreste,2,bia,0.0
1298,2000-03-12,parliament,ES2,Noreste,2,blm,0.0
1299,2000-03-12,parliament,ES2,Noreste,2,blocverds,0.0
1300,2000-03-12,parliament,ES2,Noreste,2,bng,0.0
1301,2000-03-12,parliament,ES2,Noreste,2,cc,0.0
1302,2000-03-12,parliament,ES2,Noreste,2,ccs,0.0
1303,2000-03-12,parliament,ES2,Noreste,2,cdn,69168.0
1304,2000-03-12,parliament,ES2,Noreste,2,cg,0.0
1305,2000-03-12,parliament,ES2,Noreste,2,cha,602848.0
1306,2000-03-12,parliament,ES2,Noreste,2,ciu,0.0
1307,2000-03-12,parliament,ES2,Noreste,2,cives,0.0
1308,2000-03-12,parliament,ES2,Noreste,2,cnc,0.0
1309,2000-03-12,parliament,ES2,Noreste,2,csdl,0.0
1310,2000-03-12,parliament,ES2,Noreste,2,dg,0.0
1311,2000-03-12,parliament,ES2,Noreste,2,ea,805936.0
1312,2000-03-12,parliament,ES2,Noreste,2,eajpnv,2831624.0
1313,2000-03-12,parliament,ES2,Noreste,2,ec,1296.0
1314,2000-03-12,parliament,ES2,Noreste,2,eh,0.0
1315,2000-03-12,parliament,ES2,Noreste,2,elpapi,0.0
1316,2000-03-12,parliament,ES2,Noreste,2,env,0.0
1317,2000-03-12,parliament,ES2,Noreste,2,erc,0.0
1318,2000-03-12,parliament,ES2,Noreste,2,es,8160.0
1319,2000-03-12,parliament,ES2,Noreste,2,eu,0.0
1320,2000-03-12,parliament,ES2,Noreste,2,evav,0.0
1321,2000-03-12,parliament,ES2,Noreste,2,fe,10744.0
1322,2000-03-12,parliament,ES2,Noreste,2,feife,4792.0
1323,2000-03-12,parliament,ES2,Noreste,2,fn,0.0
1324,2000-03-12,parliament,ES2,Noreste,2,fpg,0.0
1325,2000-03-12,parliament,ES2,Noreste,2,gil,0.0
1326,2000-03-12,parliament,ES2,Noreste,2,ia,0.0
1327,2000-03-12,parliament,ES2,Noreste,2,icv,0.0
1328,2000-03-12,parliament,ES2,Noreste,2,ii,0.0
1329,2000-03-12,parliament,ES2,Noreste,2,inar,8456.0
1330,2000-03-12,parliament,ES2,Noreste,2,irpre,0.0
1331,2000-03-12,parliament,ES2,Noreste,2,iu,940448.0
1332,2000-03-12,parliament,ES2,Noreste,2,li_litci,4752.0
1333,2000-03-12,parliament,ES2,Noreste,2,lvcm,0.0
1334,2000-03-12,parliament,ES2,Noreste,2,lve,0.0
1335,2000-03-12,parliament,ES2,Noreste,2,lvgv,30192.0
1336,2000-03-12,parliament,ES2,Noreste,2,mash,968.0
1337,2000-03-12,parliament,ES2,Noreste,2,n,0.0
1338,2000-03-12,parliament,ES2,Noreste,2,nacion_andaluza,0.0
1339,2000-03-12,parliament,ES2,Noreste,2,nr,0.0
1340,2000-03-12,parliament,ES2,Noreste,2,pa,0.0
1341,2000-03-12,parliament,ES2,Noreste,2,pade,2056.0
1342,2000-03-12,parliament,ES2,Noreste,2,pae,0.0
1343,2000-03-12,parliament,ES2,Noreste,2,par,311064.0
1344,2000-03-12,parliament,ES2,Noreste,2,pas,0.0
1345,2000-03-12,parliament,ES2,Noreste,2,paviel,0.0
1346,2000-03-12,parliament,ES2,Noreste,2,pb,0.0
1347,2000-03-12,parliament,ES2,Noreste,2,pc,9088.0
1348,2000-03-12,parliament,ES2,Noreste,2,pcl,0.0
1349,2000-03-12,parliament,ES2,Noreste,2,pcpe,4272.0
1350,2000-03-12,parliament,ES2,Noreste,2,pdep,0.0
1351,2000-03-12,parliament,ES2,Noreste,2,peda,0.0
1352,2000-03-12,parliament,ES2,Noreste,2,pf,0.0
1353,2000-03-12,parliament,ES2,Noreste,2,ph,35640.0
1354,2000-03-12,parliament,ES2,Noreste,2,pil,0.0
1355,2000-03-12,parliament,ES2,Noreste,2,pkd,22072.0
1356,2000-03-12,parliament,ES2,Noreste,2,pln,32848.0
1357,2000-03-12,parliament,ES2,Noreste,2,pnca,0.0
1358,2000-03-12,parliament,ES2,Noreste,2,posi,10376.0
1359,2000-03-12,parliament,ES2,Noreste,2,pp,7259488.0
1360,2000-03-12,parliament,ES2,Noreste,2,ppcr,0.0
1361,2000-03-12,parliament,ES2,Noreste,2,prepal,0.0
1362,2000-03-12,parliament,ES2,Noreste,2,prexcrex,0.0
1363,2000-03-12,parliament,ES2,Noreste,2,prgu,0.0
1364,2000-03-12,parliament,ES2,Noreste,2,prib,0.0
1365,2000-03-12,parliament,ES2,Noreste,2,prim,0.0
1366,2000-03-12,parliament,ES2,Noreste,2,priojano,49240.0
1367,2000-03-12,parliament,ES2,Noreste,2,psmen,0.0
1368,2000-03-12,parliament,ES2,Noreste,2,psoeprogr,5064736.0
1369,2000-03-12,parliament,ES2,Noreste,2,pspc,0.0
1370,2000-03-12,parliament,ES2,Noreste,2,siex,0.0
1371,2000-03-12,parliament,ES2,Noreste,2,tcpnc,0.0
1372,2000-03-12,parliament,ES2,Noreste,2,tpc,0.0
1373,2000-03-12,parliament,ES2,Noreste,2,uccds,12504.0
1374,2000-03-12,parliament,ES2,Noreste,2,uminme,0.0
1375,2000-03-12,parliament,ES2,Noreste,2,un,0.0
1376,2000-03-12,parliament,ES2,Noreste,2,unib,0.0
1377,2000-03-12,parliament,ES2,Noreste,2,upb,0.0
1378,2000-03-12,parliament,ES2,Noreste,2,upcan,0.0
1379,2000-03-12,parliament,ES2,Noreste,2,upl,0.0
1380,2000-03-12,parliament,ES2,Noreste,2,upz,0.0
1381,2000-03-12,parliament,ES2,Noreste,2,ural,0.0
1382,2000-03-12,parliament,ES2,Noreste,2,uras,0.0
1383,2000-03-12,parliament,ES2,Noreste,2,urcl,0.0
1384,2000-03-12,parliament,ES2,Noreste,2,usi,0.0
1385,2000-03-12,parliament,ES2,Noreste,2,uv,0.0
1386,2000-03-12,parliament,ES2,Noreste,2,vdpa,0.0
1387,2000-03-12,parliament,ES2,Noreste,2,verdes,94640.0
1388,2000-03-12,parliament,ES3,Comunidad de Madrid,0,eligible_voters,4317146.0
1389,2000-03-12,parliament,ES3,Comunidad de Madrid,1,issued_ballots,3111662.0
1390,2000-03-12,parliament,ES3,Comunidad de Madrid,2,a,0.0
1391,2000-03-12,parliament,ES3,Comunidad de Madrid,2,aa,0.0
1392,2000-03-12,parliament,ES3,Comunidad de Madrid,2,alas,0.0
1393,2000-03-12,parliament,ES3,Comunidad de Madrid,2,an,0.0
1394,2000-03-12,parliament,ES3,Comunidad de Madrid,2,ar,1089.0
1395,2000-03-12,parliament,ES3,Comunidad de Madrid,2,autonomo,0.0
1396,2000-03-12,parliament,ES3,Comunidad de Madrid,2,bia,0.0
1397,2000-03-12,parliament,ES3,Comunidad de Madrid,2,blm,0.0
1398,2000-03-12,parliament,ES3,Comunidad de Madrid,2,blocverds,0.0
1399,2000-03-12,parliament,ES3,Comunidad de Madrid,2,bng,0.0
1400,2000-03-12,parliament,ES3,Comunidad de Madrid,2,cc,0.0
1401,2000-03-12,parliament,ES3,Comunidad de Madrid,2,ccs,0.0
1402,2000-03-12,parliament,ES3,Comunidad de Madrid,2,cdn,0.0
1403,2000-03-12,parliament,ES3,Comunidad de Madrid,2,cg,0.0
1404,2000-03-12,parliament,ES3,Comunidad de Madrid,2,cha,0.0
1405,2000-03-12,parliament,ES3,Comunidad de Madrid,2,ciu,0.0
1406,2000-03-12,parliament,ES3,Comunidad de Madrid,2,cives,0.0
1407,2000-03-12,parliament,ES3,Comunidad de Madrid,2,cnc,0.0
1408,2000-03-12,parliament,ES3,Comunidad de Madrid,2,csdl,650.0
1409,2000-03-12,parliament,ES3,Comunidad de Madrid,2,dg,0.0
1410,2000-03-12,parliament,ES3,Comunidad de Madrid,2,ea,0.0
1411,2000-03-12,parliament,ES3,Comunidad de Madrid,2,eajpnv,0.0
1412,2000-03-12,parliament,ES3,Comunidad de Madrid,2,ec,0.0
1413,2000-03-12,parliament,ES3,Comunidad de Madrid,2,eh,0.0
1414,2000-03-12,parliament,ES3,Comunidad de Madrid,2,elpapi,2336.0
1415,2000-03-12,parliament,ES3,Comunidad de Madrid,2,env,0.0
1416,2000-03-12,parliament,ES3,Comunidad de Madrid,2,erc,0.0
1417,2000-03-12,parliament,ES3,Comunidad de Madrid,2,es,773.0
1418,2000-03-12,parliament,ES3,Comunidad de Madrid,2,eu,0.0
1419,2000-03-12,parliament,ES3,Comunidad de Madrid,2,evav,0.0
1420,2000-03-12,parliament,ES3,Comunidad de Madrid,2,fe,1955.0
1421,2000-03-12,parliament,ES3,Comunidad de Madrid,2,feife,1469.0
1422,2000-03-12,parliament,ES3,Comunidad de Madrid,2,fn,0.0
1423,2000-03-12,parliament,ES3,Comunidad de Madrid,2,fpg,0.0
1424,2000-03-12,parliament,ES3,Comunidad de Madrid,2,gil,32432.0
1425,2000-03-12,parliament,ES3,Comunidad de Madrid,2,ia,0.0
1426,2000-03-12,parliament,ES3,Comunidad de Madrid,2,icv,0.0
1427,2000-03-12,parliament,ES3,Comunidad de Madrid,2,ii,0.0
1428,2000-03-12,parliament,ES3,Comunidad de Madrid,2,inar,0.0
1429,2000-03-12,parliament,ES3,Comunidad de Madrid,2,irpre,0.0
1430,2000-03-12,parliament,ES3,Comunidad de Madrid,2,iu,282180.0
1431,2000-03-12,parliament,ES3,Comunidad de Madrid,2,li_litci,306.0
1432,2000-03-12,parliament,ES3,Comunidad de Madrid,2,lvcm,21087.0
1433,2000-03-12,parliament,ES3,Comunidad de Madrid,2,lve,0.0
1434,2000-03-12,parliament,ES3,Comunidad de Madrid,2,lvgv,0.0
1435,2000-03-12,parliament,ES3,Comunidad de Madrid,2,mash,0.0
1436,2000-03-12,parliament,ES3,Comunidad de Madrid,2,n,0.0
1437,2000-03-12,parliament,ES3,Comunidad de Madrid,2,nacion_andaluza,0.0
1438,2000-03-12,parliament,ES3,Comunidad de Madrid,2,nr,0.0
1439,2000-03-12,parliament,ES3,Comunidad de Madrid,2,pa,0.0
1440,2000-03-12,parliament,ES3,Comunidad de Madrid,2,pade,1306.0
1441,2000-03-12,parliament,ES3,Comunidad de Madrid,2,pae,1194.0
1442,2000-03-12,parliament,ES3,Comunidad de Madrid,2,par,0.0
1443,2000-03-12,parliament,ES3,Comunidad de Madrid,2,pas,0.0
1444,2000-03-12,parliament,ES3,Comunidad de Madrid,2,paviel,1690.0
1445,2000-03-12,parliament,ES3,Comunidad de Madrid,2,pb,0.0
1446,2000-03-12,parliament,ES3,Comunidad de Madrid,2,pc,384.0
1447,2000-03-12,parliament,ES3,Comunidad de Madrid,2,pcl,0.0
1448,2000-03-12,parliament,ES3,Comunidad de Madrid,2,pcpe,2836.0
1449,2000-03-12,parliament,ES3,Comunidad de Madrid,2,pdep,0.0
1450,2000-03-12,parliament,ES3,Comunidad de Madrid,2,peda,0.0
1451,2000-03-12,parliament,ES3,Comunidad de Madrid,2,pf,609.0
1452,2000-03-12,parliament,ES3,Comunidad de Madrid,2,ph,2050.0
1453,2000-03-12,parliament,ES3,Comunidad de Madrid,2,pil,0.0
1454,2000-03-12,parliament,ES3,Comunidad de Madrid,2,pkd,0.0
1455,2000-03-12,parliament,ES3,Comunidad de Madrid,2,pln,1263.0
1456,2000-03-12,parliament,ES3,Comunidad de Madrid,2,pnca,0.0
1457,2000-03-12,parliament,ES3,Comunidad de Madrid,2,posi,1757.0
1458,2000-03-12,parliament,ES3,Comunidad de Madrid,2,pp,1625831.0
1459,2000-03-12,parliament,ES3,Comunidad de Madrid,2,ppcr,0.0
1460,2000-03-12,parliament,ES3,Comunidad de Madrid,2,prepal,0.0
1461,2000-03-12,parliament,ES3,Comunidad de Madrid,2,prexcrex,0.0
1462,2000-03-12,parliament,ES3,Comunidad de Madrid,2,prgu,0.0
1463,2000-03-12,parliament,ES3,Comunidad de Madrid,2,prib,0.0
1464,2000-03-12,parliament,ES3,Comunidad de Madrid,2,prim,1363.0
1465,2000-03-12,parliament,ES3,Comunidad de Madrid,2,priojano,0.0
1466,2000-03-12,parliament,ES3,Comunidad de Madrid,2,psmen,0.0
1467,2000-03-12,parliament,ES3,Comunidad de Madrid,2,psoeprogr,1023212.0
1468,2000-03-12,parliament,ES3,Comunidad de Madrid,2,pspc,0.0
1469,2000-03-12,parliament,ES3,Comunidad de Madrid,2,siex,0.0
1470,2000-03-12,parliament,ES3,Comunidad de Madrid,2,tcpnc,1264.0
1471,2000-03-12,parliament,ES3,Comunidad de Madrid,2,tpc,0.0
1472,2000-03-12,parliament,ES3,Comunidad de Madrid,2,uccds,3557.0
1473,2000-03-12,parliament,ES3,Comunidad de Madrid,2,uminme,0.0
1474,2000-03-12,parliament,ES3,Comunidad de Madrid,2,un,0.0
1475,2000-03-12,parliament,ES3,Comunidad de Madrid,2,unib,388.0
1476,2000-03-12,parliament,ES3,Comunidad de Madrid,2,upb,0.0
1477,2000-03-12,parliament,ES3,Comunidad de Madrid,2,upcan,0.0
1478,2000-03-12,parliament,ES3,Comunidad de Madrid,2,upl,0.0
1479,2000-03-12,parliament,ES3,Comunidad de Madrid,2,upz,0.0
1480,2000-03-12,parliament,ES3,Comunidad de Madrid,2,ural,0.0
1481,2000-03-12,parliament,ES3,Comunidad de Madrid,2,uras,0.0
1482,2000-03-12,parliament,ES3,Comunidad de Madrid,2,urcl,0.0
1483,2000-03-12,parliament,ES3,Comunidad de Madrid,2,usi,0.0
1484,2000-03-12,parliament,ES3,Comunidad de Madrid,2,uv,0.0
1485,2000-03-12,parliament,ES3,Comunidad de Madrid,2,vdpa,0.0
1486,2000-03-12,parliament,ES3,Comunidad de Madrid,2,verdes,24372.0
1487,2000-03-12,parliament,ES4,Centro (ES),0,eligible_voters,71773520.0
1488,2000-03-12,parliament,ES4,Centro (ES),1,issued_ballots,53337264.0
1489,2000-03-12,parliament,ES4,Centro (ES),2,a,0.0
1490,2000-03-12,parliament,ES4,Centro (ES),2,aa,0.0
1491,2000-03-12,parliament,ES4,Centro (ES),2,alas,0.0
1492,2000-03-12,parliament,ES4,Centro (ES),2,an,0.0
1493,2000-03-12,parliament,ES4,Centro (ES),2,ar,976.0
1494,2000-03-12,parliament,ES4,Centro (ES),2,autonomo,0.0
1495,2000-03-12,parliament,ES4,Centro (ES),2,bia,0.0
1496,2000-03-12,parliament,ES4,Centro (ES),2,blm,0.0
1497,2000-03-12,parliament,ES4,Centro (ES),2,blocverds,0.0
1498,2000-03-12,parliament,ES4,Centro (ES),2,bng,0.0
1499,2000-03-12,parliament,ES4,Centro (ES),2,cc,0.0
1500,2000-03-12,parliament,ES4,Centro (ES),2,ccs,0.0
1501,2000-03-12,parliament,ES4,Centro (ES),2,cdn,0.0
1502,2000-03-12,parliament,ES4,Centro (ES),2,cg,0.0
1503,2000-03-12,parliament,ES4,Centro (ES),2,cha,0.0
1504,2000-03-12,parliament,ES4,Centro (ES),2,ciu,0.0
1505,2000-03-12,parliament,ES4,Centro (ES),2,cives,3296.0
1506,2000-03-12,parliament,ES4,Centro (ES),2,cnc,0.0
1507,2000-03-12,parliament,ES4,Centro (ES),2,csdl,0.0
1508,2000-03-12,parliament,ES4,Centro (ES),2,dg,0.0
1509,2000-03-12,parliament,ES4,Centro (ES),2,ea,0.0
1510,2000-03-12,parliament,ES4,Centro (ES),2,eajpnv,0.0
1511,2000-03-12,parliament,ES4,Centro (ES),2,ec,0.0
1512,2000-03-12,parliament,ES4,Centro (ES),2,eh,0.0
1513,2000-03-12,parliament,ES4,Centro (ES),2,elpapi,6032.0
1514,2000-03-12,parliament,ES4,Centro (ES),2,env,0.0
1515,2000-03-12,parliament,ES4,Centro (ES),2,erc,0.0
1516,2000-03-12,parliament,ES4,Centro (ES),2,es,23856.0
1517,2000-03-12,parliament,ES4,Centro (ES),2,eu,76336.0
1518,2000-03-12,parliament,ES4,Centro (ES),2,evav,0.0
1519,2000-03-12,parliament,ES4,Centro (ES),2,fe,42944.0
1520,2000-03-12,parliament,ES4,Centro (ES),2,feife,13184.0
1521,2000-03-12,parliament,ES4,Centro (ES),2,fn,0.0
1522,2000-03-12,parliament,ES4,Centro (ES),2,fpg,0.0
1523,2000-03-12,parliament,ES4,Centro (ES),2,gil,43168.0
1524,2000-03-12,parliament,ES4,Centro (ES),2,ia,0.0
1525,2000-03-12,parliament,ES4,Centro (ES),2,icv,0.0
1526,2000-03-12,parliament,ES4,Centro (ES),2,ii,0.0
1527,2000-03-12,parliament,ES4,Centro (ES),2,inar,0.0
1528,2000-03-12,parliament,ES4,Centro (ES),2,irpre,0.0
1529,2000-03-12,parliament,ES4,Centro (ES),2,iu,2359136.0
1530,2000-03-12,parliament,ES4,Centro (ES),2,li_litci,0.0
1531,2000-03-12,parliament,ES4,Centro (ES),2,lvcm,0.0
1532,2000-03-12,parliament,ES4,Centro (ES),2,lve,0.0
1533,2000-03-12,parliament,ES4,Centro (ES),2,lvgv,27968.0
1534,2000-03-12,parliament,ES4,Centro (ES),2,mash,0.0
1535,2000-03-12,parliament,ES4,Centro (ES),2,n,0.0
1536,2000-03-12,parliament,ES4,Centro (ES),2,nacion_andaluza,0.0
1537,2000-03-12,parliament,ES4,Centro (ES),2,nr,0.0
1538,2000-03-12,parliament,ES4,Centro (ES),2,pa,0.0
1539,2000-03-12,parliament,ES4,Centro (ES),2,pade,30672.0
1540,2000-03-12,parliament,ES4,Centro (ES),2,pae,4288.0
1541,2000-03-12,parliament,ES4,Centro (ES),2,par,0.0
1542,2000-03-12,parliament,ES4,Centro (ES),2,pas,0.0
1543,2000-03-12,parliament,ES4,Centro (ES),2,paviel,0.0
1544,2000-03-12,parliament,ES4,Centro (ES),2,pb,19056.0
1545,2000-03-12,parliament,ES4,Centro (ES),2,pc,3456.0
1546,2000-03-12,parliament,ES4,Centro (ES),2,pcl,66944.0
1547,2000-03-12,parliament,ES4,Centro (ES),2,pcpe,14016.0
1548,2000-03-12,parliament,ES4,Centro (ES),2,pdep,0.0
1549,2000-03-12,parliament,ES4,Centro (ES),2,peda,0.0
1550,2000-03-12,parliament,ES4,Centro (ES),2,pf,0.0
1551,2000-03-12,parliament,ES4,Centro (ES),2,ph,48832.0
1552,2000-03-12,parliament,ES4,Centro (ES),2,pil,0.0
1553,2000-03-12,parliament,ES4,Centro (ES),2,pkd,0.0
1554,2000-03-12,parliament,ES4,Centro (ES),2,pln,74880.0
1555,2000-03-12,parliament,ES4,Centro (ES),2,pnca,0.0
1556,2000-03-12,parliament,ES4,Centro (ES),2,posi,0.0
1557,2000-03-12,parliament,ES4,Centro (ES),2,pp,28011568.0
1558,2000-03-12,parliament,ES4,Centro (ES),2,ppcr,0.0
1559,2000-03-12,parliament,ES4,Centro (ES),2,prepal,33888.0
1560,2000-03-12,parliament,ES4,Centro (ES),2,prexcrex,37936.0
1561,2000-03-12,parliament,ES4,Centro (ES),2,prgu,6400.0
1562,2000-03-12,parliament,ES4,Centro (ES),2,prib,0.0
1563,2000-03-12,parliament,ES4,Centro (ES),2,prim,0.0
1564,2000-03-12,parliament,ES4,Centro (ES),2,priojano,0.0
1565,2000-03-12,parliament,ES4,Centro (ES),2,psmen,0.0
1566,2000-03-12,parliament,ES4,Centro (ES),2,psoeprogr,19824896.0
1567,2000-03-12,parliament,ES4,Centro (ES),2,pspc,0.0
1568,2000-03-12,parliament,ES4,Centro (ES),2,siex,22592.0
1569,2000-03-12,parliament,ES4,Centro (ES),2,tcpnc,272416.0
1570,2000-03-12,parliament,ES4,Centro (ES),2,tpc,0.0
1571,2000-03-12,parliament,ES4,Centro (ES),2,uccds,116000.0
1572,2000-03-12,parliament,ES4,Centro (ES),2,uminme,0.0
1573,2000-03-12,parliament,ES4,Centro (ES),2,un,0.0
1574,2000-03-12,parliament,ES4,Centro (ES),2,unib,0.0
1575,2000-03-12,parliament,ES4,Centro (ES),2,upb,0.0
1576,2000-03-12,parliament,ES4,Centro (ES),2,upcan,0.0
1577,2000-03-12,parliament,ES4,Centro (ES),2,upl,667040.0
1578,2000-03-12,parliament,ES4,Centro (ES),2,upz,37552.0
1579,2000-03-12,parliament,ES4,Centro (ES),2,ural,0.0
1580,2000-03-12,parliament,ES4,Centro (ES),2,uras,0.0
1581,2000-03-12,parliament,ES4,Centro (ES),2,urcl,90928.0
1582,2000-03-12,parliament,ES4,Centro (ES),2,usi,22656.0
1583,2000-03-12,parliament,ES4,Centro (ES),2,uv,0.0
1584,2000-03-12,parliament,ES4,Centro (ES),2,vdpa,0.0
1585,2000-03-12,parliament,ES4,Centro (ES),2,verdes,54672.0
1586,2000-03-12,parliament,ES5,Este,0,eligible_voters,102428524.0
1587,2000-03-12,parliament,ES5,Este,1,issued_ballots,68596748.0
1588,2000-03-12,parliament,ES5,Este,2,a,0.0
1589,2000-03-12,parliament,ES5,Este,2,aa,0.0
1590,2000-03-12,parliament,ES5,Este,2,alas,3729.0
1591,2000-03-12,parliament,ES5,Este,2,an,0.0
1592,2000-03-12,parliament,ES5,Este,2,ar,10494.0
1593,2000-03-12,parliament,ES5,Este,2,autonomo,0.0
1594,2000-03-12,parliament,ES5,Este,2,bia,0.0
1595,2000-03-12,parliament,ES5,Este,2,blm,0.0
1596,2000-03-12,parliament,ES5,Este,2,blocverds,644061.0
1597,2000-03-12,parliament,ES5,Este,2,bng,0.0
1598,2000-03-12,parliament,ES5,Este,2,cc,0.0
1599,2000-03-12,parliament,ES5,Este,2,ccs,0.0
1600,2000-03-12,parliament,ES5,Este,2,cdn,0.0
1601,2000-03-12,parliament,ES5,Este,2,cg,0.0
1602,2000-03-12,parliament,ES5,Este,2,cha,0.0
1603,2000-03-12,parliament,ES5,Este,2,ciu,10674631.0
1604,2000-03-12,parliament,ES5,Este,2,cives,0.0
1605,2000-03-12,parliament,ES5,Este,2,cnc,0.0
1606,2000-03-12,parliament,ES5,Este,2,csdl,0.0
1607,2000-03-12,parliament,ES5,Este,2,dg,0.0
1608,2000-03-12,parliament,ES5,Este,2,ea,0.0
1609,2000-03-12,parliament,ES5,Este,2,eajpnv,0.0
1610,2000-03-12,parliament,ES5,Este,2,ec,32901.0
1611,2000-03-12,parliament,ES5,Este,2,eh,0.0
1612,2000-03-12,parliament,ES5,Este,2,elpapi,0.0
1613,2000-03-12,parliament,ES5,Este,2,env,10120.0
1614,2000-03-12,parliament,ES5,Este,2,erc,2141865.0
1615,2000-03-12,parliament,ES5,Este,2,es,28512.0
1616,2000-03-12,parliament,ES5,Este,2,eu,0.0
1617,2000-03-12,parliament,ES5,Este,2,evav,127369.0
1618,2000-03-12,parliament,ES5,Este,2,fe,33286.0
1619,2000-03-12,parliament,ES5,Este,2,feife,19712.0
1620,2000-03-12,parliament,ES5,Este,2,fn,3773.0
1621,2000-03-12,parliament,ES5,Este,2,fpg,0.0
1622,2000-03-12,parliament,ES5,Este,2,gil,92906.0
1623,2000-03-12,parliament,ES5,Este,2,ia,0.0
1624,2000-03-12,parliament,ES5,Este,2,icv,1312190.0
1625,2000-03-12,parliament,ES5,Este,2,ii,4675.0
1626,2000-03-12,parliament,ES5,Este,2,inar,0.0
1627,2000-03-12,parliament,ES5,Este,2,irpre,16951.0
1628,2000-03-12,parliament,ES5,Este,2,iu,2556653.0
1629,2000-03-12,parliament,ES5,Este,2,li_litci,8976.0
1630,2000-03-12,parliament,ES5,Este,2,lvcm,0.0
1631,2000-03-12,parliament,ES5,Este,2,lve,244420.0
1632,2000-03-12,parliament,ES5,Este,2,lvgv,164142.0
1633,2000-03-12,parliament,ES5,Este,2,mash,0.0
1634,2000-03-12,parliament,ES5,Este,2,n,7810.0
1635,2000-03-12,parliament,ES5,Este,2,nacion_andaluza,0.0
1636,2000-03-12,parliament,ES5,Este,2,nr,0.0
1637,2000-03-12,parliament,ES5,Este,2,pa,0.0
1638,2000-03-12,parliament,ES5,Este,2,pade,20229.0
1639,2000-03-12,parliament,ES5,Este,2,pae,0.0
1640,2000-03-12,parliament,ES5,Este,2,par,0.0
1641,2000-03-12,parliament,ES5,Este,2,pas,0.0
1642,2000-03-12,parliament,ES5,Este,2,paviel,0.0
1643,2000-03-12,parliament,ES5,Este,2,pb,0.0
1644,2000-03-12,parliament,ES5,Este,2,pc,4345.0
1645,2000-03-12,parliament,ES5,Este,2,pcl,0.0
1646,2000-03-12,parliament,ES5,Este,2,pcpe,34639.0
1647,2000-03-12,parliament,ES5,Este,2,pdep,935.0
1648,2000-03-12,parliament,ES5,Este,2,peda,8514.0
1649,2000-03-12,parliament,ES5,Este,2,pf,0.0
1650,2000-03-12,parliament,ES5,Este,2,ph,35255.0
1651,2000-03-12,parliament,ES5,Este,2,pil,0.0
1652,2000-03-12,parliament,ES5,Este,2,pkd,0.0
1653,2000-03-12,parliament,ES5,Este,2,pln,27379.0
1654,2000-03-12,parliament,ES5,Este,2,pnca,14641.0
1655,2000-03-12,parliament,ES5,Este,2,posi,86955.0
1656,2000-03-12,parliament,ES5,Este,2,pp,24747008.0
1657,2000-03-12,parliament,ES5,Este,2,ppcr,0.0
1658,2000-03-12,parliament,ES5,Este,2,prepal,0.0
1659,2000-03-12,parliament,ES5,Este,2,prexcrex,0.0
1660,2000-03-12,parliament,ES5,Este,2,prgu,0.0
1661,2000-03-12,parliament,ES5,Este,2,prib,3674.0
1662,2000-03-12,parliament,ES5,Este,2,prim,0.0
1663,2000-03-12,parliament,ES5,Este,2,priojano,0.0
1664,2000-03-12,parliament,ES5,Este,2,psmen,258302.0
1665,2000-03-12,parliament,ES5,Este,2,psoeprogr,23030073.0
1666,2000-03-12,parliament,ES5,Este,2,pspc,0.0
1667,2000-03-12,parliament,ES5,Este,2,siex,0.0
1668,2000-03-12,parliament,ES5,Este,2,tcpnc,0.0
1669,2000-03-12,parliament,ES5,Este,2,tpc,0.0
1670,2000-03-12,parliament,ES5,Este,2,uccds,47091.0
1671,2000-03-12,parliament,ES5,Este,2,uminme,92092.0
1672,2000-03-12,parliament,ES5,Este,2,un,0.0
1673,2000-03-12,parliament,ES5,Este,2,unib,0.0
1674,2000-03-12,parliament,ES5,Este,2,upb,5764.0
1675,2000-03-12,parliament,ES5,Este,2,upcan,0.0
1676,2000-03-12,parliament,ES5,Este,2,upl,0.0
1677,2000-03-12,parliament,ES5,Este,2,upz,0.0
1678,2000-03-12,parliament,ES5,Este,2,ural,0.0
1679,2000-03-12,parliament,ES5,Este,2,uras,0.0
1680,2000-03-12,parliament,ES5,Este,2,urcl,0.0
1681,2000-03-12,parliament,ES5,Este,2,usi,0.0
1682,2000-03-12,parliament,ES5,Este,2,uv,636130.0
1683,2000-03-12,parliament,ES5,Este,2,vdpa,0.0
1684,2000-03-12,parliament,ES5,Este,2,verdes,105116.0
1685,2000-03-12,parliament,ES6,Sur,0,eligible_voters,76327163.0
1686,2000-03-12,parliament,ES6,Sur,1,issued_ballots,52806160.0
1687,2000-03-12,parliament,ES6,Sur,2,a,29997.0
1688,2000-03-12,parliament,ES6,Sur,2,aa,0.0
1689,2000-03-12,parliament,ES6,Sur,2,alas,0.0
1690,2000-03-12,parliament,ES6,Sur,2,an,660.0
1691,2000-03-12,parliament,ES6,Sur,2,ar,3333.0
1692,2000-03-12,parliament,ES6,Sur,2,autonomo,0.0
1693,2000-03-12,parliament,ES6,Sur,2,bia,0.0
1694,2000-03-12,parliament,ES6,Sur,2,blm,71654.0
1695,2000-03-12,parliament,ES6,Sur,2,blocverds,0.0
1696,2000-03-12,parliament,ES6,Sur,2,bng,0.0
1697,2000-03-12,parliament,ES6,Sur,2,cc,0.0
1698,2000-03-12,parliament,ES6,Sur,2,ccs,7095.0
1699,2000-03-12,parliament,ES6,Sur,2,cdn,0.0
1700,2000-03-12,parliament,ES6,Sur,2,cg,0.0
1701,2000-03-12,parliament,ES6,Sur,2,cha,0.0
1702,2000-03-12,parliament,ES6,Sur,2,ciu,0.0
1703,2000-03-12,parliament,ES6,Sur,2,cives,0.0
1704,2000-03-12,parliament,ES6,Sur,2,cnc,0.0
1705,2000-03-12,parliament,ES6,Sur,2,csdl,0.0
1706,2000-03-12,parliament,ES6,Sur,2,dg,0.0
1707,2000-03-12,parliament,ES6,Sur,2,ea,0.0
1708,2000-03-12,parliament,ES6,Sur,2,eajpnv,0.0
1709,2000-03-12,parliament,ES6,Sur,2,ec,2233.0
1710,2000-03-12,parliament,ES6,Sur,2,eh,0.0
1711,2000-03-12,parliament,ES6,Sur,2,elpapi,0.0
1712,2000-03-12,parliament,ES6,Sur,2,env,0.0
1713,2000-03-12,parliament,ES6,Sur,2,erc,0.0
1714,2000-03-12,parliament,ES6,Sur,2,es,21637.0
1715,2000-03-12,parliament,ES6,Sur,2,eu,0.0
1716,2000-03-12,parliament,ES6,Sur,2,evav,0.0
1717,2000-03-12,parliament,ES6,Sur,2,fe,34463.0
1718,2000-03-12,parliament,ES6,Sur,2,feife,13651.0
1719,2000-03-12,parliament,ES6,Sur,2,fn,0.0
1720,2000-03-12,parliament,ES6,Sur,2,fpg,0.0
1721,2000-03-12,parliament,ES6,Sur,2,gil,299673.0
1722,2000-03-12,parliament,ES6,Sur,2,ia,89925.0
1723,2000-03-12,parliament,ES6,Sur,2,icv,0.0
1724,2000-03-12,parliament,ES6,Sur,2,ii,0.0
1725,2000-03-12,parliament,ES6,Sur,2,inar,0.0
1726,2000-03-12,parliament,ES6,Sur,2,irpre,0.0
1727,2000-03-12,parliament,ES6,Sur,2,iu,3941949.0
1728,2000-03-12,parliament,ES6,Sur,2,li_litci,0.0
1729,2000-03-12,parliament,ES6,Sur,2,lvcm,0.0
1730,2000-03-12,parliament,ES6,Sur,2,lve,0.0
1731,2000-03-12,parliament,ES6,Sur,2,lvgv,1914.0
1732,2000-03-12,parliament,ES6,Sur,2,mash,0.0
1733,2000-03-12,parliament,ES6,Sur,2,n,0.0
1734,2000-03-12,parliament,ES6,Sur,2,nacion_andaluza,35882.0
1735,2000-03-12,parliament,ES6,Sur,2,nr,6578.0
1736,2000-03-12,parliament,ES6,Sur,2,pa,2268805.0
1737,2000-03-12,parliament,ES6,Sur,2,pade,31977.0
1738,2000-03-12,parliament,ES6,Sur,2,pae,0.0
1739,2000-03-12,parliament,ES6,Sur,2,par,0.0
1740,2000-03-12,parliament,ES6,Sur,2,pas,0.0
1741,2000-03-12,parliament,ES6,Sur,2,paviel,0.0
1742,2000-03-12,parliament,ES6,Sur,2,pb,0.0
1743,2000-03-12,parliament,ES6,Sur,2,pc,0.0
1744,2000-03-12,parliament,ES6,Sur,2,pcl,0.0
1745,2000-03-12,parliament,ES6,Sur,2,pcpe,39149.0
1746,2000-03-12,parliament,ES6,Sur,2,pdep,0.0
1747,2000-03-12,parliament,ES6,Sur,2,peda,12430.0
1748,2000-03-12,parliament,ES6,Sur,2,pf,0.0
1749,2000-03-12,parliament,ES6,Sur,2,ph,35167.0
1750,2000-03-12,parliament,ES6,Sur,2,pil,0.0
1751,2000-03-12,parliament,ES6,Sur,2,pkd,0.0
1752,2000-03-12,parliament,ES6,Sur,2,pln,32329.0
1753,2000-03-12,parliament,ES6,Sur,2,pnca,0.0
1754,2000-03-12,parliament,ES6,Sur,2,posi,10131.0
1755,2000-03-12,parliament,ES6,Sur,2,pp,22618090.0
1756,2000-03-12,parliament,ES6,Sur,2,ppcr,6006.0
1757,2000-03-12,parliament,ES6,Sur,2,prepal,0.0
1758,2000-03-12,parliament,ES6,Sur,2,prexcrex,0.0
1759,2000-03-12,parliament,ES6,Sur,2,prgu,0.0
1760,2000-03-12,parliament,ES6,Sur,2,prib,0.0
1761,2000-03-12,parliament,ES6,Sur,2,prim,0.0
1762,2000-03-12,parliament,ES6,Sur,2,priojano,0.0
1763,2000-03-12,parliament,ES6,Sur,2,psmen,0.0
1764,2000-03-12,parliament,ES6,Sur,2,psoeprogr,22000011.0
1765,2000-03-12,parliament,ES6,Sur,2,pspc,8668.0
1766,2000-03-12,parliament,ES6,Sur,2,siex,0.0
1767,2000-03-12,parliament,ES6,Sur,2,tcpnc,0.0
1768,2000-03-12,parliament,ES6,Sur,2,tpc,0.0
1769,2000-03-12,parliament,ES6,Sur,2,uccds,30140.0
1770,2000-03-12,parliament,ES6,Sur,2,uminme,0.0
1771,2000-03-12,parliament,ES6,Sur,2,un,3454.0
1772,2000-03-12,parliament,ES6,Sur,2,unib,0.0
1773,2000-03-12,parliament,ES6,Sur,2,upb,0.0
1774,2000-03-12,parliament,ES6,Sur,2,upcan,0.0
1775,2000-03-12,parliament,ES6,Sur,2,upl,0.0
1776,2000-03-12,parliament,ES6,Sur,2,upz,0.0
1777,2000-03-12,parliament,ES6,Sur,2,ural,9218.0
1778,2000-03-12,parliament,ES6,Sur,2,uras,0.0
1779,2000-03-12,parliament,ES6,Sur,2,urcl,0.0
1780,2000-03-12,parliament,ES6,Sur,2,usi,0.0
1781,2000-03-12,parliament,ES6,Sur,2,uv,0.0
1782,2000-03-12,parliament,ES6,Sur,2,vdpa,5423.0
1783,2000-03-12,parliament,ES6,Sur,2,verdes,72105.0
1784,2000-03-12,parliament,ES7,Canarias,0,eligible_voters,12540690.0
1785,2000-03-12,parliament,ES7,Canarias,1,issued_ballots,7608132.0
1786,2000-03-12,parliament,ES7,Canarias,2,a,0.0
1787,2000-03-12,parliament,ES7,Canarias,2,aa,0.0
1788,2000-03-12,parliament,ES7,Canarias,2,alas,0.0
1789,2000-03-12,parliament,ES7,Canarias,2,an,0.0
1790,2000-03-12,parliament,ES7,Canarias,2,ar,0.0
1791,2000-03-12,parliament,ES7,Canarias,2,autonomo,0.0
1792,2000-03-12,parliament,ES7,Canarias,2,bia,0.0
1793,2000-03-12,parliament,ES7,Canarias,2,blm,0.0
1794,2000-03-12,parliament,ES7,Canarias,2,blocverds,0.0
1795,2000-03-12,parliament,ES7,Canarias,2,bng,0.0
1796,2000-03-12,parliament,ES7,Canarias,2,cc,2234349.0
1797,2000-03-12,parliament,ES7,Canarias,2,ccs,0.0
1798,2000-03-12,parliament,ES7,Canarias,2,cdn,0.0
1799,2000-03-12,parliament,ES7,Canarias,2,cg,0.0
1800,2000-03-12,parliament,ES7,Canarias,2,cha,0.0
1801,2000-03-12,parliament,ES7,Canarias,2,ciu,0.0
1802,2000-03-12,parliament,ES7,Canarias,2,cives,0.0
1803,2000-03-12,parliament,ES7,Canarias,2,cnc,0.0
1804,2000-03-12,parliament,ES7,Canarias,2,csdl,0.0
1805,2000-03-12,parliament,ES7,Canarias,2,dg,0.0
1806,2000-03-12,parliament,ES7,Canarias,2,ea,0.0
1807,2000-03-12,parliament,ES7,Canarias,2,eajpnv,0.0
1808,2000-03-12,parliament,ES7,Canarias,2,ec,0.0
1809,2000-03-12,parliament,ES7,Canarias,2,eh,0.0
1810,2000-03-12,parliament,ES7,Canarias,2,elpapi,0.0
1811,2000-03-12,parliament,ES7,Canarias,2,env,0.0
1812,2000-03-12,parliament,ES7,Canarias,2,erc,0.0
1813,2000-03-12,parliament,ES7,Canarias,2,es,0.0
1814,2000-03-12,parliament,ES7,Canarias,2,eu,0.0
1815,2000-03-12,parliament,ES7,Canarias,2,evav,0.0
1816,2000-03-12,parliament,ES7,Canarias,2,fe,7281.0
1817,2000-03-12,parliament,ES7,Canarias,2,feife,0.0
1818,2000-03-12,parliament,ES7,Canarias,2,fn,0.0
1819,2000-03-12,parliament,ES7,Canarias,2,fpg,0.0
1820,2000-03-12,parliament,ES7,Canarias,2,gil,0.0
1821,2000-03-12,parliament,ES7,Canarias,2,ia,0.0
1822,2000-03-12,parliament,ES7,Canarias,2,icv,0.0
1823,2000-03-12,parliament,ES7,Canarias,2,ii,0.0
1824,2000-03-12,parliament,ES7,Canarias,2,inar,0.0
1825,2000-03-12,parliament,ES7,Canarias,2,irpre,0.0
1826,2000-03-12,parliament,ES7,Canarias,2,iu,181926.0
1827,2000-03-12,parliament,ES7,Canarias,2,li_litci,0.0
1828,2000-03-12,parliament,ES7,Canarias,2,lvcm,0.0
1829,2000-03-12,parliament,ES7,Canarias,2,lve,0.0
1830,2000-03-12,parliament,ES7,Canarias,2,lvgv,0.0
1831,2000-03-12,parliament,ES7,Canarias,2,mash,0.0
1832,2000-03-12,parliament,ES7,Canarias,2,n,0.0
1833,2000-03-12,parliament,ES7,Canarias,2,nacion_andaluza,0.0
1834,2000-03-12,parliament,ES7,Canarias,2,nr,0.0
1835,2000-03-12,parliament,ES7,Canarias,2,pa,0.0
1836,2000-03-12,parliament,ES7,Canarias,2,pade,0.0
1837,2000-03-12,parliament,ES7,Canarias,2,pae,0.0
1838,2000-03-12,parliament,ES7,Canarias,2,par,0.0
1839,2000-03-12,parliament,ES7,Canarias,2,pas,0.0
1840,2000-03-12,parliament,ES7,Canarias,2,paviel,0.0
1841,2000-03-12,parliament,ES7,Canarias,2,pb,0.0
1842,2000-03-12,parliament,ES7,Canarias,2,pc,0.0
1843,2000-03-12,parliament,ES7,Canarias,2,pcl,0.0
1844,2000-03-12,parliament,ES7,Canarias,2,pcpe,12672.0
1845,2000-03-12,parliament,ES7,Canarias,2,pdep,0.0
1846,2000-03-12,parliament,ES7,Canarias,2,peda,0.0
1847,2000-03-12,parliament,ES7,Canarias,2,pf,0.0
1848,2000-03-12,parliament,ES7,Canarias,2,ph,10179.0
1849,2000-03-12,parliament,ES7,Canarias,2,pil,92907.0
1850,2000-03-12,parliament,ES7,Canarias,2,pkd,0.0
1851,2000-03-12,parliament,ES7,Canarias,2,pln,2709.0
1852,2000-03-12,parliament,ES7,Canarias,2,pnca,0.0
1853,2000-03-12,parliament,ES7,Canarias,2,posi,0.0
1854,2000-03-12,parliament,ES7,Canarias,2,pp,3159990.0
1855,2000-03-12,parliament,ES7,Canarias,2,ppcr,0.0
1856,2000-03-12,parliament,ES7,Canarias,2,prepal,0.0
1857,2000-03-12,parliament,ES7,Canarias,2,prexcrex,0.0
1858,2000-03-12,parliament,ES7,Canarias,2,prgu,0.0
1859,2000-03-12,parliament,ES7,Canarias,2,prib,0.0
1860,2000-03-12,parliament,ES7,Canarias,2,prim,0.0
1861,2000-03-12,parliament,ES7,Canarias,2,priojano,0.0
1862,2000-03-12,parliament,ES7,Canarias,2,psmen,0.0
1863,2000-03-12,parliament,ES7,Canarias,2,psoeprogr,1677267.0
1864,2000-03-12,parliament,ES7,Canarias,2,pspc,0.0
1865,2000-03-12,parliament,ES7,Canarias,2,siex,0.0
1866,2000-03-12,parliament,ES7,Canarias,2,tcpnc,0.0
1867,2000-03-12,parliament,ES7,Canarias,2,tpc,2871.0
1868,2000-03-12,parliament,ES7,Canarias,2,uccds,9540.0
1869,2000-03-12,parliament,ES7,Canarias,2,uminme,0.0
1870,2000-03-12,parliament,ES7,Canarias,2,un,0.0
1871,2000-03-12,parliament,ES7,Canarias,2,unib,0.0
1872,2000-03-12,parliament,ES7,Canarias,2,upb,0.0
1873,2000-03-12,parliament,ES7,Canarias,2,upcan,8820.0
1874,2000-03-12,parliament,ES7,Canarias,2,upl,0.0
1875,2000-03-12,parliament,ES7,Canarias,2,upz,0.0
1876,2000-03-12,parliament,ES7,Canarias,2,ural,0.0
1877,2000-03-12,parliament,ES7,Canarias,2,uras,0.0
1878,2000-03-12,parliament,ES7,Canarias,2,urcl,0.0
1879,2000-03-12,parliament,ES7,Canarias,2,usi,0.0
1880,2000-03-12,parliament,ES7,Canarias,2,uv,0.0
1881,2000-03-12,parliament,ES7,Canarias,2,vdpa,0.0
1882,2000-03-12,parliament,ES7,Canarias,2,verdes,92718.0
1883,2004-03-14,parliament,ES1,Noroeste,0,eligible_voters,24422562.0
1884,2004-03-14,parliament,ES1,Noroeste,1,issued_ballots,17558646.0
1885,2004-03-14,parliament,ES1,Noroeste,2,a,0.0
1886,2004-03-14,parliament,ES1,Noroeste,2,aa,11820.0
1887,2004-03-14,parliament,ES1,Noroeste,2,adn,0.0
1888,2004-03-14,parliament,ES1,Noroeste,2,aiz,0.0
1889,2004-03-14,parliament,ES1,Noroeste,2,amaga,0.0
1890,2004-03-14,parliament,ES1,Noroeste,2,apca,0.0
1891,2004-03-14,parliament,ES1,Noroeste,2,aralarzutik,0.0
1892,2004-03-14,parliament,ES1,Noroeste,2,asi,0.0
1893,2004-03-14,parliament,ES1,Noroeste,2,aun,0.0
1894,2004-03-14,parliament,ES1,Noroeste,2,autonomo,18744.0
1895,2004-03-14,parliament,ES1,Noroeste,2,axgc,0.0
1896,2004-03-14,parliament,ES1,Noroeste,2,blocev,0.0
1897,2004-03-14,parliament,ES1,Noroeste,2,bng,1252128.0
1898,2004-03-14,parliament,ES1,Noroeste,2,cc,0.0
1899,2004-03-14,parliament,ES1,Noroeste,2,ccse,0.0
1900,2004-03-14,parliament,ES1,Noroeste,2,cdn,0.0
1901,2004-03-14,parliament,ES1,Noroeste,2,cds,23910.0
1902,2004-03-14,parliament,ES1,Noroeste,2,cenb,16044.0
1903,2004-03-14,parliament,ES1,Noroeste,2,cg,13410.0
1904,2004-03-14,parliament,ES1,Noroeste,2,cha,0.0
1905,2004-03-14,parliament,ES1,Noroeste,2,ci,0.0
1906,2004-03-14,parliament,ES1,Noroeste,2,ciu,0.0
1907,2004-03-14,parliament,ES1,Noroeste,2,cnc,8586.0
1908,2004-03-14,parliament,ES1,Noroeste,2,dn,8922.0
1909,2004-03-14,parliament,ES1,Noroeste,2,ea,0.0
1910,2004-03-14,parliament,ES1,Noroeste,2,eajpnv,0.0
1911,2004-03-14,parliament,ES1,Noroeste,2,ei,0.0
1912,2004-03-14,parliament,ES1,Noroeste,2,erc,0.0
1913,2004-03-14,parliament,ES1,Noroeste,2,espana,0.0
1914,2004-03-14,parliament,ES1,Noroeste,2,eu,0.0
1915,2004-03-14,parliament,ES1,Noroeste,2,evae,0.0
1916,2004-03-14,parliament,ES1,Noroeste,2,evav,0.0
1917,2004-03-14,parliament,ES1,Noroeste,2,fa,1914.0
1918,2004-03-14,parliament,ES1,Noroeste,2,fde,0.0
1919,2004-03-14,parliament,ES1,Noroeste,2,fe,5844.0
1920,2004-03-14,parliament,ES1,Noroeste,2,fe_de_las_jons,7062.0
1921,2004-03-14,parliament,ES1,Noroeste,2,fpg,13542.0
1922,2004-03-14,parliament,ES1,Noroeste,2,gphae,0.0
1923,2004-03-14,parliament,ES1,Noroeste,2,gve,0.0
1924,2004-03-14,parliament,ES1,Noroeste,2,ias,5124.0
1925,2004-03-14,parliament,ES1,Noroeste,2,ides,0.0
1926,2004-03-14,parliament,ES1,Noroeste,2,ir,12276.0
1927,2004-03-14,parliament,ES1,Noroeste,2,irv,0.0
1928,2004-03-14,parliament,ES1,Noroeste,2,iu,619842.0
1929,2004-03-14,parliament,ES1,Noroeste,2,lg,0.0
1930,2004-03-14,parliament,ES1,Noroeste,2,li_litci,0.0
1931,2004-03-14,parliament,ES1,Noroeste,2,lv,0.0
1932,2004-03-14,parliament,ES1,Noroeste,2,lvcm,0.0
1933,2004-03-14,parliament,ES1,Noroeste,2,lve,0.0
1934,2004-03-14,parliament,ES1,Noroeste,2,lvgv,0.0
1935,2004-03-14,parliament,ES1,Noroeste,2,lvrm,0.0
1936,2004-03-14,parliament,ES1,Noroeste,2,msr,7530.0
1937,2004-03-14,parliament,ES1,Noroeste,2,n,0.0
1938,2004-03-14,parliament,ES1,Noroeste,2,nabai,0.0
1939,2004-03-14,parliament,ES1,Noroeste,2,otradem,0.0
1940,2004-03-14,parliament,ES1,Noroeste,2,pa,0.0
1941,2004-03-14,parliament,ES1,Noroeste,2,pade,3918.0
1942,2004-03-14,parliament,ES1,Noroeste,2,pae,0.0
1943,2004-03-14,parliament,ES1,Noroeste,2,par,0.0
1944,2004-03-14,parliament,ES1,Noroeste,2,pas,25752.0
1945,2004-03-14,parliament,ES1,Noroeste,2,pc,756.0
1946,2004-03-14,parliament,ES1,Noroeste,2,pcannabis,0.0
1947,2004-03-14,parliament,ES1,Noroeste,2,pcpe,7374.0
1948,2004-03-14,parliament,ES1,Noroeste,2,pdn,0.0
1949,2004-03-14,parliament,ES1,Noroeste,2,pfyv,0.0
1950,2004-03-14,parliament,ES1,Noroeste,2,ph,23094.0
1951,2004-03-14,parliament,ES1,Noroeste,2,pkd,0.0
1952,2004-03-14,parliament,ES1,Noroeste,2,pmar,0.0
1953,2004-03-14,parliament,ES1,Noroeste,2,pnc,0.0
1954,2004-03-14,parliament,ES1,Noroeste,2,pnca,0.0
1955,2004-03-14,parliament,ES1,Noroeste,2,pnt,0.0
1956,2004-03-14,parliament,ES1,Noroeste,2,posi,0.0
1957,2004-03-14,parliament,ES1,Noroeste,2,pp,8182920.0
1958,2004-03-14,parliament,ES1,Noroeste,2,ppcr,0.0
1959,2004-03-14,parliament,ES1,Noroeste,2,prepal,0.0
1960,2004-03-14,parliament,ES1,Noroeste,2,prf,0.0
1961,2004-03-14,parliament,ES1,Noroeste,2,prgu,0.0
1962,2004-03-14,parliament,ES1,Noroeste,2,psa,0.0
1963,2004-03-14,parliament,ES1,Noroeste,2,psda,0.0
1964,2004-03-14,parliament,ES1,Noroeste,2,psicv,0.0
1965,2004-03-14,parliament,ES1,Noroeste,2,psmeneuever,0.0
1966,2004-03-14,parliament,ES1,Noroeste,2,psoe,6826980.0
1967,2004-03-14,parliament,ES1,Noroeste,2,pspc,0.0
1968,2004-03-14,parliament,ES1,Noroeste,2,ptpre,0.0
1969,2004-03-14,parliament,ES1,Noroeste,2,tcpnc,0.0
1970,2004-03-14,parliament,ES1,Noroeste,2,td,0.0
1971,2004-03-14,parliament,ES1,Noroeste,2,ucl,0.0
1972,2004-03-14,parliament,ES1,Noroeste,2,ucm,0.0
1973,2004-03-14,parliament,ES1,Noroeste,2,ud_ca,0.0
1974,2004-03-14,parliament,ES1,Noroeste,2,um,0.0
1975,2004-03-14,parliament,ES1,Noroeste,2,un,0.0
1976,2004-03-14,parliament,ES1,Noroeste,2,upb,0.0
1977,2004-03-14,parliament,ES1,Noroeste,2,upl,0.0
1978,2004-03-14,parliament,ES1,Noroeste,2,upsa,0.0
1979,2004-03-14,parliament,ES1,Noroeste,2,verdes,30078.0
1980,2004-03-14,parliament,ES1,Noroeste,2,zu,0.0
1981,2004-03-14,parliament,ES2,Noreste,0,eligible_voters,28198536.0
1982,2004-03-14,parliament,ES2,Noreste,1,issued_ballots,21439600.0
1983,2004-03-14,parliament,ES2,Noreste,2,a,0.0
1984,2004-03-14,parliament,ES2,Noreste,2,aa,0.0
1985,2004-03-14,parliament,ES2,Noreste,2,adn,0.0
1986,2004-03-14,parliament,ES2,Noreste,2,aiz,0.0
1987,2004-03-14,parliament,ES2,Noreste,2,amaga,0.0
1988,2004-03-14,parliament,ES2,Noreste,2,apca,0.0
1989,2004-03-14,parliament,ES2,Noreste,2,aralarzutik,308480.0
1990,2004-03-14,parliament,ES2,Noreste,2,asi,0.0
1991,2004-03-14,parliament,ES2,Noreste,2,aun,0.0
1992,2004-03-14,parliament,ES2,Noreste,2,autonomo,0.0
1993,2004-03-14,parliament,ES2,Noreste,2,axgc,0.0
1994,2004-03-14,parliament,ES2,Noreste,2,blocev,0.0
1995,2004-03-14,parliament,ES2,Noreste,2,bng,0.0
1996,2004-03-14,parliament,ES2,Noreste,2,cc,0.0
1997,2004-03-14,parliament,ES2,Noreste,2,ccse,0.0
1998,2004-03-14,parliament,ES2,Noreste,2,cdn,44584.0
1999,2004-03-14,parliament,ES2,Noreste,2,cds,26256.0
2000,2004-03-14,parliament,ES2,Noreste,2,cenb,15704.0
2001,2004-03-14,parliament,ES2,Noreste,2,cg,0.0
2002,2004-03-14,parliament,ES2,Noreste,2,cha,754016.0
2003,2004-03-14,parliament,ES2,Noreste,2,ci,0.0
2004,2004-03-14,parliament,ES2,Noreste,2,ciu,0.0
2005,2004-03-14,parliament,ES2,Noreste,2,cnc,0.0
2006,2004-03-14,parliament,ES2,Noreste,2,dn,14096.0
2007,2004-03-14,parliament,ES2,Noreste,2,ea,647240.0
2008,2004-03-14,parliament,ES2,Noreste,2,eajpnv,3367840.0
2009,2004-03-14,parliament,ES2,Noreste,2,ei,0.0
2010,2004-03-14,parliament,ES2,Noreste,2,erc,0.0
2011,2004-03-14,parliament,ES2,Noreste,2,espana,1768.0
2012,2004-03-14,parliament,ES2,Noreste,2,eu,0.0
2013,2004-03-14,parliament,ES2,Noreste,2,evae,0.0
2014,2004-03-14,parliament,ES2,Noreste,2,evav,0.0
2015,2004-03-14,parliament,ES2,Noreste,2,fa,2088.0
2016,2004-03-14,parliament,ES2,Noreste,2,fde,0.0
2017,2004-03-14,parliament,ES2,Noreste,2,fe,6984.0
2018,2004-03-14,parliament,ES2,Noreste,2,fe_de_las_jons,5040.0
2019,2004-03-14,parliament,ES2,Noreste,2,fpg,0.0
2020,2004-03-14,parliament,ES2,Noreste,2,gphae,0.0
2021,2004-03-14,parliament,ES2,Noreste,2,gve,0.0
2022,2004-03-14,parliament,ES2,Noreste,2,ias,0.0
2023,2004-03-14,parliament,ES2,Noreste,2,ides,0.0
2024,2004-03-14,parliament,ES2,Noreste,2,ir,20064.0
2025,2004-03-14,parliament,ES2,Noreste,2,irv,0.0
2026,2004-03-14,parliament,ES2,Noreste,2,iu,1193536.0
2027,2004-03-14,parliament,ES2,Noreste,2,lg,0.0
2028,2004-03-14,parliament,ES2,Noreste,2,li_litci,0.0
2029,2004-03-14,parliament,ES2,Noreste,2,lv,0.0
2030,2004-03-14,parliament,ES2,Noreste,2,lvcm,0.0
2031,2004-03-14,parliament,ES2,Noreste,2,lve,0.0
2032,2004-03-14,parliament,ES2,Noreste,2,lvgv,0.0
2033,2004-03-14,parliament,ES2,Noreste,2,lvrm,0.0
2034,2004-03-14,parliament,ES2,Noreste,2,msr,7720.0
2035,2004-03-14,parliament,ES2,Noreste,2,n,0.0
2036,2004-03-14,parliament,ES2,Noreste,2,nabai,488360.0
2037,2004-03-14,parliament,ES2,Noreste,2,otradem,0.0
2038,2004-03-14,parliament,ES2,Noreste,2,pa,0.0
2039,2004-03-14,parliament,ES2,Noreste,2,pade,184.0
2040,2004-03-14,parliament,ES2,Noreste,2,pae,0.0
2041,2004-03-14,parliament,ES2,Noreste,2,par,292320.0
2042,2004-03-14,parliament,ES2,Noreste,2,pas,0.0
2043,2004-03-14,parliament,ES2,Noreste,2,pc,10376.0
2044,2004-03-14,parliament,ES2,Noreste,2,pcannabis,0.0
2045,2004-03-14,parliament,ES2,Noreste,2,pcpe,3680.0
2046,2004-03-14,parliament,ES2,Noreste,2,pdn,0.0
2047,2004-03-14,parliament,ES2,Noreste,2,pfyv,15448.0
2048,2004-03-14,parliament,ES2,Noreste,2,ph,42712.0
2049,2004-03-14,parliament,ES2,Noreste,2,pkd,18400.0
2050,2004-03-14,parliament,ES2,Noreste,2,pmar,0.0
2051,2004-03-14,parliament,ES2,Noreste,2,pnc,0.0
2052,2004-03-14,parliament,ES2,Noreste,2,pnca,0.0
2053,2004-03-14,parliament,ES2,Noreste,2,pnt,0.0
2054,2004-03-14,parliament,ES2,Noreste,2,posi,13456.0
2055,2004-03-14,parliament,ES2,Noreste,2,pp,5926176.0
2056,2004-03-14,parliament,ES2,Noreste,2,ppcr,0.0
2057,2004-03-14,parliament,ES2,Noreste,2,prepal,0.0
2058,2004-03-14,parliament,ES2,Noreste,2,prf,0.0
2059,2004-03-14,parliament,ES2,Noreste,2,prgu,0.0
2060,2004-03-14,parliament,ES2,Noreste,2,psa,0.0
2061,2004-03-14,parliament,ES2,Noreste,2,psda,0.0
2062,2004-03-14,parliament,ES2,Noreste,2,psicv,0.0
2063,2004-03-14,parliament,ES2,Noreste,2,psmeneuever,0.0
2064,2004-03-14,parliament,ES2,Noreste,2,psoe,6859800.0
2065,2004-03-14,parliament,ES2,Noreste,2,pspc,0.0
2066,2004-03-14,parliament,ES2,Noreste,2,ptpre,0.0
2067,2004-03-14,parliament,ES2,Noreste,2,tcpnc,0.0
2068,2004-03-14,parliament,ES2,Noreste,2,td,0.0
2069,2004-03-14,parliament,ES2,Noreste,2,ucl,0.0
2070,2004-03-14,parliament,ES2,Noreste,2,ucm,0.0
2071,2004-03-14,parliament,ES2,Noreste,2,ud_ca,0.0
2072,2004-03-14,parliament,ES2,Noreste,2,um,0.0
2073,2004-03-14,parliament,ES2,Noreste,2,un,0.0
2074,2004-03-14,parliament,ES2,Noreste,2,upb,0.0
2075,2004-03-14,parliament,ES2,Noreste,2,upl,0.0
2076,2004-03-14,parliament,ES2,Noreste,2,upsa,0.0
2077,2004-03-14,parliament,ES2,Noreste,2,verdes,0.0
2078,2004-03-14,parliament,ES2,Noreste,2,zu,0.0
2079,2004-03-14,parliament,ES3,Comunidad de Madrid,0,eligible_voters,4458540.0
2080,2004-03-14,parliament,ES3,Comunidad de Madrid,1,issued_ballots,3519243.0
2081,2004-03-14,parliament,ES3,Comunidad de Madrid,2,a,0.0
2082,2004-03-14,parliament,ES3,Comunidad de Madrid,2,aa,0.0
2083,2004-03-14,parliament,ES3,Comunidad de Madrid,2,adn,2215.0
2084,2004-03-14,parliament,ES3,Comunidad de Madrid,2,aiz,0.0
2085,2004-03-14,parliament,ES3,Comunidad de Madrid,2,amaga,0.0
2086,2004-03-14,parliament,ES3,Comunidad de Madrid,2,apca,0.0
2087,2004-03-14,parliament,ES3,Comunidad de Madrid,2,aralarzutik,0.0
2088,2004-03-14,parliament,ES3,Comunidad de Madrid,2,asi,0.0
2089,2004-03-14,parliament,ES3,Comunidad de Madrid,2,aun,923.0
2090,2004-03-14,parliament,ES3,Comunidad de Madrid,2,autonomo,0.0
2091,2004-03-14,parliament,ES3,Comunidad de Madrid,2,axgc,0.0
2092,2004-03-14,parliament,ES3,Comunidad de Madrid,2,blocev,0.0
2093,2004-03-14,parliament,ES3,Comunidad de Madrid,2,bng,0.0
2094,2004-03-14,parliament,ES3,Comunidad de Madrid,2,cc,0.0
2095,2004-03-14,parliament,ES3,Comunidad de Madrid,2,ccse,0.0
2096,2004-03-14,parliament,ES3,Comunidad de Madrid,2,cdn,0.0
2097,2004-03-14,parliament,ES3,Comunidad de Madrid,2,cds,7528.0
2098,2004-03-14,parliament,ES3,Comunidad de Madrid,2,cenb,9990.0
2099,2004-03-14,parliament,ES3,Comunidad de Madrid,2,cg,0.0
2100,2004-03-14,parliament,ES3,Comunidad de Madrid,2,cha,0.0
2101,2004-03-14,parliament,ES3,Comunidad de Madrid,2,ci,0.0
2102,2004-03-14,parliament,ES3,Comunidad de Madrid,2,ciu,0.0
2103,2004-03-14,parliament,ES3,Comunidad de Madrid,2,cnc,0.0
2104,2004-03-14,parliament,ES3,Comunidad de Madrid,2,dn,4036.0
2105,2004-03-14,parliament,ES3,Comunidad de Madrid,2,ea,0.0
2106,2004-03-14,parliament,ES3,Comunidad de Madrid,2,eajpnv,0.0
2107,2004-03-14,parliament,ES3,Comunidad de Madrid,2,ei,0.0
2108,2004-03-14,parliament,ES3,Comunidad de Madrid,2,erc,0.0
2109,2004-03-14,parliament,ES3,Comunidad de Madrid,2,espana,528.0
2110,2004-03-14,parliament,ES3,Comunidad de Madrid,2,eu,0.0
2111,2004-03-14,parliament,ES3,Comunidad de Madrid,2,evae,0.0
2112,2004-03-14,parliament,ES3,Comunidad de Madrid,2,evav,0.0
2113,2004-03-14,parliament,ES3,Comunidad de Madrid,2,fa,909.0
2114,2004-03-14,parliament,ES3,Comunidad de Madrid,2,fde,0.0
2115,2004-03-14,parliament,ES3,Comunidad de Madrid,2,fe,1943.0
2116,2004-03-14,parliament,ES3,Comunidad de Madrid,2,fe_de_las_jons,2676.0
2117,2004-03-14,parliament,ES3,Comunidad de Madrid,2,fpg,0.0
2118,2004-03-14,parliament,ES3,Comunidad de Madrid,2,gphae,0.0
2119,2004-03-14,parliament,ES3,Comunidad de Madrid,2,gve,0.0
2120,2004-03-14,parliament,ES3,Comunidad de Madrid,2,ias,0.0
2121,2004-03-14,parliament,ES3,Comunidad de Madrid,2,ides,0.0
2122,2004-03-14,parliament,ES3,Comunidad de Madrid,2,ir,1530.0
2123,2004-03-14,parliament,ES3,Comunidad de Madrid,2,irv,0.0
2124,2004-03-14,parliament,ES3,Comunidad de Madrid,2,iu,225109.0
2125,2004-03-14,parliament,ES3,Comunidad de Madrid,2,lg,0.0
2126,2004-03-14,parliament,ES3,Comunidad de Madrid,2,li_litci,181.0
2127,2004-03-14,parliament,ES3,Comunidad de Madrid,2,lv,0.0
2128,2004-03-14,parliament,ES3,Comunidad de Madrid,2,lvcm,19600.0
2129,2004-03-14,parliament,ES3,Comunidad de Madrid,2,lve,15984.0
2130,2004-03-14,parliament,ES3,Comunidad de Madrid,2,lvgv,0.0
2131,2004-03-14,parliament,ES3,Comunidad de Madrid,2,lvrm,0.0
2132,2004-03-14,parliament,ES3,Comunidad de Madrid,2,msr,684.0
2133,2004-03-14,parliament,ES3,Comunidad de Madrid,2,n,0.0
2134,2004-03-14,parliament,ES3,Comunidad de Madrid,2,nabai,0.0
2135,2004-03-14,parliament,ES3,Comunidad de Madrid,2,otradem,1302.0
2136,2004-03-14,parliament,ES3,Comunidad de Madrid,2,pa,0.0
2137,2004-03-14,parliament,ES3,Comunidad de Madrid,2,pade,1024.0
2138,2004-03-14,parliament,ES3,Comunidad de Madrid,2,pae,2082.0
2139,2004-03-14,parliament,ES3,Comunidad de Madrid,2,par,0.0
2140,2004-03-14,parliament,ES3,Comunidad de Madrid,2,pas,0.0
2141,2004-03-14,parliament,ES3,Comunidad de Madrid,2,pc,238.0
2142,2004-03-14,parliament,ES3,Comunidad de Madrid,2,pcannabis,0.0
2143,2004-03-14,parliament,ES3,Comunidad de Madrid,2,pcpe,1746.0
2144,2004-03-14,parliament,ES3,Comunidad de Madrid,2,pdn,0.0
2145,2004-03-14,parliament,ES3,Comunidad de Madrid,2,pfyv,2888.0
2146,2004-03-14,parliament,ES3,Comunidad de Madrid,2,ph,1770.0
2147,2004-03-14,parliament,ES3,Comunidad de Madrid,2,pkd,0.0
2148,2004-03-14,parliament,ES3,Comunidad de Madrid,2,pmar,1211.0
2149,2004-03-14,parliament,ES3,Comunidad de Madrid,2,pnc,0.0
2150,2004-03-14,parliament,ES3,Comunidad de Madrid,2,pnca,0.0
2151,2004-03-14,parliament,ES3,Comunidad de Madrid,2,pnt,0.0
2152,2004-03-14,parliament,ES3,Comunidad de Madrid,2,posi,892.0
2153,2004-03-14,parliament,ES3,Comunidad de Madrid,2,pp,1576636.0
2154,2004-03-14,parliament,ES3,Comunidad de Madrid,2,ppcr,0.0
2155,2004-03-14,parliament,ES3,Comunidad de Madrid,2,prepal,0.0
2156,2004-03-14,parliament,ES3,Comunidad de Madrid,2,prf,0.0
2157,2004-03-14,parliament,ES3,Comunidad de Madrid,2,prgu,0.0
2158,2004-03-14,parliament,ES3,Comunidad de Madrid,2,psa,0.0
2159,2004-03-14,parliament,ES3,Comunidad de Madrid,2,psda,0.0
2160,2004-03-14,parliament,ES3,Comunidad de Madrid,2,psicv,0.0
2161,2004-03-14,parliament,ES3,Comunidad de Madrid,2,psmeneuever,0.0
2162,2004-03-14,parliament,ES3,Comunidad de Madrid,2,psoe,1544676.0
2163,2004-03-14,parliament,ES3,Comunidad de Madrid,2,pspc,0.0
2164,2004-03-14,parliament,ES3,Comunidad de Madrid,2,ptpre,0.0
2165,2004-03-14,parliament,ES3,Comunidad de Madrid,2,tcpnc,1029.0
2166,2004-03-14,parliament,ES3,Comunidad de Madrid,2,td,0.0
2167,2004-03-14,parliament,ES3,Comunidad de Madrid,2,ucl,410.0
2168,2004-03-14,parliament,ES3,Comunidad de Madrid,2,ucm,0.0
2169,2004-03-14,parliament,ES3,Comunidad de Madrid,2,ud_ca,0.0
2170,2004-03-14,parliament,ES3,Comunidad de Madrid,2,um,0.0
2171,2004-03-14,parliament,ES3,Comunidad de Madrid,2,un,0.0
2172,2004-03-14,parliament,ES3,Comunidad de Madrid,2,upb,0.0
2173,2004-03-14,parliament,ES3,Comunidad de Madrid,2,upl,0.0
2174,2004-03-14,parliament,ES3,Comunidad de Madrid,2,upsa,0.0
2175,2004-03-14,parliament,ES3,Comunidad de Madrid,2,verdes,0.0
2176,2004-03-14,parliament,ES3,Comunidad de Madrid,2,zu,0.0
2177,2004-03-14,parliament,ES4,Centro (ES),0,eligible_voters,72382000.0
2178,2004-03-14,parliament,ES4,Centro (ES),1,issued_ballots,57015600.0
2179,2004-03-14,parliament,ES4,Centro (ES),2,a,0.0
2180,2004-03-14,parliament,ES4,Centro (ES),2,aa,0.0
2181,2004-03-14,parliament,ES4,Centro (ES),2,adn,0.0
2182,2004-03-14,parliament,ES4,Centro (ES),2,aiz,0.0
2183,2004-03-14,parliament,ES4,Centro (ES),2,amaga,0.0
2184,2004-03-14,parliament,ES4,Centro (ES),2,apca,0.0
2185,2004-03-14,parliament,ES4,Centro (ES),2,aralarzutik,0.0
2186,2004-03-14,parliament,ES4,Centro (ES),2,asi,0.0
2187,2004-03-14,parliament,ES4,Centro (ES),2,aun,0.0
2188,2004-03-14,parliament,ES4,Centro (ES),2,autonomo,0.0
2189,2004-03-14,parliament,ES4,Centro (ES),2,axgc,0.0
2190,2004-03-14,parliament,ES4,Centro (ES),2,blocev,0.0
2191,2004-03-14,parliament,ES4,Centro (ES),2,bng,0.0
2192,2004-03-14,parliament,ES4,Centro (ES),2,cc,0.0
2193,2004-03-14,parliament,ES4,Centro (ES),2,ccse,0.0
2194,2004-03-14,parliament,ES4,Centro (ES),2,cdn,0.0
2195,2004-03-14,parliament,ES4,Centro (ES),2,cds,90592.0
2196,2004-03-14,parliament,ES4,Centro (ES),2,cenb,107520.0
2197,2004-03-14,parliament,ES4,Centro (ES),2,cg,0.0
2198,2004-03-14,parliament,ES4,Centro (ES),2,cha,0.0
2199,2004-03-14,parliament,ES4,Centro (ES),2,ci,38736.0
2200,2004-03-14,parliament,ES4,Centro (ES),2,ciu,0.0
2201,2004-03-14,parliament,ES4,Centro (ES),2,cnc,0.0
2202,2004-03-14,parliament,ES4,Centro (ES),2,dn,26640.0
2203,2004-03-14,parliament,ES4,Centro (ES),2,ea,0.0
2204,2004-03-14,parliament,ES4,Centro (ES),2,eajpnv,0.0
2205,2004-03-14,parliament,ES4,Centro (ES),2,ei,0.0
2206,2004-03-14,parliament,ES4,Centro (ES),2,erc,0.0
2207,2004-03-14,parliament,ES4,Centro (ES),2,espana,1904.0
2208,2004-03-14,parliament,ES4,Centro (ES),2,eu,62656.0
2209,2004-03-14,parliament,ES4,Centro (ES),2,evae,0.0
2210,2004-03-14,parliament,ES4,Centro (ES),2,evav,0.0
2211,2004-03-14,parliament,ES4,Centro (ES),2,fa,15920.0
2212,2004-03-14,parliament,ES4,Centro (ES),2,fde,0.0
2213,2004-03-14,parliament,ES4,Centro (ES),2,fe,22848.0
2214,2004-03-14,parliament,ES4,Centro (ES),2,fe_de_las_jons,25840.0
2215,2004-03-14,parliament,ES4,Centro (ES),2,fpg,0.0
2216,2004-03-14,parliament,ES4,Centro (ES),2,gphae,832.0
2217,2004-03-14,parliament,ES4,Centro (ES),2,gve,0.0
2218,2004-03-14,parliament,ES4,Centro (ES),2,ias,0.0
2219,2004-03-14,parliament,ES4,Centro (ES),2,ides,46944.0
2220,2004-03-14,parliament,ES4,Centro (ES),2,ir,32640.0
2221,2004-03-14,parliament,ES4,Centro (ES),2,irv,0.0
2222,2004-03-14,parliament,ES4,Centro (ES),2,iu,1773632.0
2223,2004-03-14,parliament,ES4,Centro (ES),2,lg,0.0
2224,2004-03-14,parliament,ES4,Centro (ES),2,li_litci,0.0
2225,2004-03-14,parliament,ES4,Centro (ES),2,lv,50128.0
2226,2004-03-14,parliament,ES4,Centro (ES),2,lvcm,0.0
2227,2004-03-14,parliament,ES4,Centro (ES),2,lve,0.0
2228,2004-03-14,parliament,ES4,Centro (ES),2,lvgv,25296.0
2229,2004-03-14,parliament,ES4,Centro (ES),2,lvrm,0.0
2230,2004-03-14,parliament,ES4,Centro (ES),2,msr,13344.0
2231,2004-03-14,parliament,ES4,Centro (ES),2,n,0.0
2232,2004-03-14,parliament,ES4,Centro (ES),2,nabai,0.0
2233,2004-03-14,parliament,ES4,Centro (ES),2,otradem,0.0
2234,2004-03-14,parliament,ES4,Centro (ES),2,pa,0.0
2235,2004-03-14,parliament,ES4,Centro (ES),2,pade,18096.0
2236,2004-03-14,parliament,ES4,Centro (ES),2,pae,0.0
2237,2004-03-14,parliament,ES4,Centro (ES),2,par,0.0
2238,2004-03-14,parliament,ES4,Centro (ES),2,pas,0.0
2239,2004-03-14,parliament,ES4,Centro (ES),2,pc,1456.0
2240,2004-03-14,parliament,ES4,Centro (ES),2,pcannabis,29616.0
2241,2004-03-14,parliament,ES4,Centro (ES),2,pcpe,39968.0
2242,2004-03-14,parliament,ES4,Centro (ES),2,pdn,0.0
2243,2004-03-14,parliament,ES4,Centro (ES),2,pfyv,54720.0
2244,2004-03-14,parliament,ES4,Centro (ES),2,ph,39024.0
2245,2004-03-14,parliament,ES4,Centro (ES),2,pkd,0.0
2246,2004-03-14,parliament,ES4,Centro (ES),2,pmar,5600.0
2247,2004-03-14,parliament,ES4,Centro (ES),2,pnc,0.0
2248,2004-03-14,parliament,ES4,Centro (ES),2,pnca,0.0
2249,2004-03-14,parliament,ES4,Centro (ES),2,pnt,0.0
2250,2004-03-14,parliament,ES4,Centro (ES),2,posi,2432.0
2251,2004-03-14,parliament,ES4,Centro (ES),2,pp,27035408.0
2252,2004-03-14,parliament,ES4,Centro (ES),2,ppcr,0.0
2253,2004-03-14,parliament,ES4,Centro (ES),2,prepal,21152.0
2254,2004-03-14,parliament,ES4,Centro (ES),2,prf,0.0
2255,2004-03-14,parliament,ES4,Centro (ES),2,prgu,5280.0
2256,2004-03-14,parliament,ES4,Centro (ES),2,psa,0.0
2257,2004-03-14,parliament,ES4,Centro (ES),2,psda,0.0
2258,2004-03-14,parliament,ES4,Centro (ES),2,psicv,0.0
2259,2004-03-14,parliament,ES4,Centro (ES),2,psmeneuever,0.0
2260,2004-03-14,parliament,ES4,Centro (ES),2,psoe,25588544.0
2261,2004-03-14,parliament,ES4,Centro (ES),2,pspc,0.0
2262,2004-03-14,parliament,ES4,Centro (ES),2,ptpre,0.0
2263,2004-03-14,parliament,ES4,Centro (ES),2,tcpnc,125392.0
2264,2004-03-14,parliament,ES4,Centro (ES),2,td,0.0
2265,2004-03-14,parliament,ES4,Centro (ES),2,ucl,2240.0
2266,2004-03-14,parliament,ES4,Centro (ES),2,ucm,0.0
2267,2004-03-14,parliament,ES4,Centro (ES),2,ud_ca,9616.0
2268,2004-03-14,parliament,ES4,Centro (ES),2,um,0.0
2269,2004-03-14,parliament,ES4,Centro (ES),2,un,0.0
2270,2004-03-14,parliament,ES4,Centro (ES),2,upb,0.0
2271,2004-03-14,parliament,ES4,Centro (ES),2,upl,226560.0
2272,2004-03-14,parliament,ES4,Centro (ES),2,upsa,29936.0
2273,2004-03-14,parliament,ES4,Centro (ES),2,verdes,0.0
2274,2004-03-14,parliament,ES4,Centro (ES),2,zu,12064.0
2275,2004-03-14,parliament,ES5,Este,0,eligible_voters,103811840.0
2276,2004-03-14,parliament,ES5,Este,1,issued_ballots,78980990.0
2277,2004-03-14,parliament,ES5,Este,2,a,0.0
2278,2004-03-14,parliament,ES5,Este,2,aa,0.0
2279,2004-03-14,parliament,ES5,Este,2,adn,0.0
2280,2004-03-14,parliament,ES5,Este,2,aiz,0.0
2281,2004-03-14,parliament,ES5,Este,2,amaga,0.0
2282,2004-03-14,parliament,ES5,Este,2,apca,0.0
2283,2004-03-14,parliament,ES5,Este,2,aralarzutik,0.0
2284,2004-03-14,parliament,ES5,Este,2,asi,13607.0
2285,2004-03-14,parliament,ES5,Este,2,aun,0.0
2286,2004-03-14,parliament,ES5,Este,2,autonomo,0.0
2287,2004-03-14,parliament,ES5,Este,2,axgc,0.0
2288,2004-03-14,parliament,ES5,Este,2,blocev,448349.0
2289,2004-03-14,parliament,ES5,Este,2,bng,0.0
2290,2004-03-14,parliament,ES5,Este,2,cc,0.0
2291,2004-03-14,parliament,ES5,Este,2,ccse,0.0
2292,2004-03-14,parliament,ES5,Este,2,cdn,0.0
2293,2004-03-14,parliament,ES5,Este,2,cds,83831.0
2294,2004-03-14,parliament,ES5,Este,2,cenb,123761.0
2295,2004-03-14,parliament,ES5,Este,2,cg,0.0
2296,2004-03-14,parliament,ES5,Este,2,cha,0.0
2297,2004-03-14,parliament,ES5,Este,2,ci,0.0
2298,2004-03-14,parliament,ES5,Este,2,ciu,9190181.0
2299,2004-03-14,parliament,ES5,Este,2,cnc,0.0
2300,2004-03-14,parliament,ES5,Este,2,dn,37477.0
2301,2004-03-14,parliament,ES5,Este,2,ea,0.0
2302,2004-03-14,parliament,ES5,Este,2,eajpnv,0.0
2303,2004-03-14,parliament,ES5,Este,2,ei,25652.0
2304,2004-03-14,parliament,ES5,Este,2,erc,7174156.0
2305,2004-03-14,parliament,ES5,Este,2,espana,31218.0
2306,2004-03-14,parliament,ES5,Este,2,eu,0.0
2307,2004-03-14,parliament,ES5,Este,2,evae,335808.0
2308,2004-03-14,parliament,ES5,Este,2,evav,20196.0
2309,2004-03-14,parliament,ES5,Este,2,fa,11000.0
2310,2004-03-14,parliament,ES5,Este,2,fde,6809.0
2311,2004-03-14,parliament,ES5,Este,2,fe,29051.0
2312,2004-03-14,parliament,ES5,Este,2,fe_de_las_jons,34507.0
2313,2004-03-14,parliament,ES5,Este,2,fpg,0.0
2314,2004-03-14,parliament,ES5,Este,2,gphae,0.0
2315,2004-03-14,parliament,ES5,Este,2,gve,29282.0
2316,2004-03-14,parliament,ES5,Este,2,ias,0.0
2317,2004-03-14,parliament,ES5,Este,2,ides,0.0
2318,2004-03-14,parliament,ES5,Este,2,ir,45650.0
2319,2004-03-14,parliament,ES5,Este,2,irv,23221.0
2320,2004-03-14,parliament,ES5,Este,2,iu,3942411.0
2321,2004-03-14,parliament,ES5,Este,2,lg,0.0
2322,2004-03-14,parliament,ES5,Este,2,li_litci,5357.0
2323,2004-03-14,parliament,ES5,Este,2,lv,0.0
2324,2004-03-14,parliament,ES5,Este,2,lvcm,0.0
2325,2004-03-14,parliament,ES5,Este,2,lve,236665.0
2326,2004-03-14,parliament,ES5,Este,2,lvgv,0.0
2327,2004-03-14,parliament,ES5,Este,2,lvrm,0.0
2328,2004-03-14,parliament,ES5,Este,2,msr,14410.0
2329,2004-03-14,parliament,ES5,Este,2,n,4510.0
2330,2004-03-14,parliament,ES5,Este,2,nabai,0.0
2331,2004-03-14,parliament,ES5,Este,2,otradem,0.0
2332,2004-03-14,parliament,ES5,Este,2,pa,0.0
2333,2004-03-14,parliament,ES5,Este,2,pade,14707.0
2334,2004-03-14,parliament,ES5,Este,2,pae,0.0
2335,2004-03-14,parliament,ES5,Este,2,par,0.0
2336,2004-03-14,parliament,ES5,Este,2,pas,0.0
2337,2004-03-14,parliament,ES5,Este,2,pc,671.0
2338,2004-03-14,parliament,ES5,Este,2,pcannabis,165737.0
2339,2004-03-14,parliament,ES5,Este,2,pcpe,51293.0
2340,2004-03-14,parliament,ES5,Este,2,pdn,0.0
2341,2004-03-14,parliament,ES5,Este,2,pfyv,57277.0
2342,2004-03-14,parliament,ES5,Este,2,ph,37521.0
2343,2004-03-14,parliament,ES5,Este,2,pkd,0.0
2344,2004-03-14,parliament,ES5,Este,2,pmar,0.0
2345,2004-03-14,parliament,ES5,Este,2,pnc,0.0
2346,2004-03-14,parliament,ES5,Este,2,pnca,8327.0
2347,2004-03-14,parliament,ES5,Este,2,pnt,0.0
2348,2004-03-14,parliament,ES5,Este,2,posi,51645.0
2349,2004-03-14,parliament,ES5,Este,2,pp,22931084.0
2350,2004-03-14,parliament,ES5,Este,2,ppcr,0.0
2351,2004-03-14,parliament,ES5,Este,2,prepal,0.0
2352,2004-03-14,parliament,ES5,Este,2,prf,11561.0
2353,2004-03-14,parliament,ES5,Este,2,prgu,0.0
2354,2004-03-14,parliament,ES5,Este,2,psa,0.0
2355,2004-03-14,parliament,ES5,Este,2,psda,0.0
2356,2004-03-14,parliament,ES5,Este,2,psicv,12056.0
2357,2004-03-14,parliament,ES5,Este,2,psmeneuever,443179.0
2358,2004-03-14,parliament,ES5,Este,2,psoe,31900781.0
2359,2004-03-14,parliament,ES5,Este,2,pspc,0.0
2360,2004-03-14,parliament,ES5,Este,2,ptpre,0.0
2361,2004-03-14,parliament,ES5,Este,2,tcpnc,0.0
2362,2004-03-14,parliament,ES5,Este,2,td,4477.0
2363,2004-03-14,parliament,ES5,Este,2,ucl,2728.0
2364,2004-03-14,parliament,ES5,Este,2,ucm,8261.0
2365,2004-03-14,parliament,ES5,Este,2,ud_ca,0.0
2366,2004-03-14,parliament,ES5,Este,2,um,116138.0
2367,2004-03-14,parliament,ES5,Este,2,un,0.0
2368,2004-03-14,parliament,ES5,Este,2,upb,4521.0
2369,2004-03-14,parliament,ES5,Este,2,upl,0.0
2370,2004-03-14,parliament,ES5,Este,2,upsa,0.0
2371,2004-03-14,parliament,ES5,Este,2,verdes,0.0
2372,2004-03-14,parliament,ES5,Este,2,zu,0.0
2373,2004-03-14,parliament,ES6,Sur,0,eligible_voters,78086734.0
2374,2004-03-14,parliament,ES6,Sur,1,issued_ballots,58451371.0
2375,2004-03-14,parliament,ES6,Sur,2,a,32230.0
2376,2004-03-14,parliament,ES6,Sur,2,aa,0.0
2377,2004-03-14,parliament,ES6,Sur,2,adn,0.0
2378,2004-03-14,parliament,ES6,Sur,2,aiz,9911.0
2379,2004-03-14,parliament,ES6,Sur,2,amaga,0.0
2380,2004-03-14,parliament,ES6,Sur,2,apca,0.0
2381,2004-03-14,parliament,ES6,Sur,2,aralarzutik,0.0
2382,2004-03-14,parliament,ES6,Sur,2,asi,0.0
2383,2004-03-14,parliament,ES6,Sur,2,aun,0.0
2384,2004-03-14,parliament,ES6,Sur,2,autonomo,0.0
2385,2004-03-14,parliament,ES6,Sur,2,axgc,0.0
2386,2004-03-14,parliament,ES6,Sur,2,blocev,0.0
2387,2004-03-14,parliament,ES6,Sur,2,bng,0.0
2388,2004-03-14,parliament,ES6,Sur,2,cc,0.0
2389,2004-03-14,parliament,ES6,Sur,2,ccse,3388.0
2390,2004-03-14,parliament,ES6,Sur,2,cdn,0.0
2391,2004-03-14,parliament,ES6,Sur,2,cds,50358.0
2392,2004-03-14,parliament,ES6,Sur,2,cenb,83710.0
2393,2004-03-14,parliament,ES6,Sur,2,cg,0.0
2394,2004-03-14,parliament,ES6,Sur,2,cha,0.0
2395,2004-03-14,parliament,ES6,Sur,2,ci,0.0
2396,2004-03-14,parliament,ES6,Sur,2,ciu,0.0
2397,2004-03-14,parliament,ES6,Sur,2,cnc,0.0
2398,2004-03-14,parliament,ES6,Sur,2,dn,25366.0
2399,2004-03-14,parliament,ES6,Sur,2,ea,0.0
2400,2004-03-14,parliament,ES6,Sur,2,eajpnv,0.0
2401,2004-03-14,parliament,ES6,Sur,2,ei,0.0
2402,2004-03-14,parliament,ES6,Sur,2,erc,0.0
2403,2004-03-14,parliament,ES6,Sur,2,espana,5775.0
2404,2004-03-14,parliament,ES6,Sur,2,eu,0.0
2405,2004-03-14,parliament,ES6,Sur,2,evae,0.0
2406,2004-03-14,parliament,ES6,Sur,2,evav,0.0
2407,2004-03-14,parliament,ES6,Sur,2,fa,7139.0
2408,2004-03-14,parliament,ES6,Sur,2,fde,0.0
2409,2004-03-14,parliament,ES6,Sur,2,fe,23078.0
2410,2004-03-14,parliament,ES6,Sur,2,fe_de_las_jons,27973.0
2411,2004-03-14,parliament,ES6,Sur,2,fpg,0.0
2412,2004-03-14,parliament,ES6,Sur,2,gphae,0.0
2413,2004-03-14,parliament,ES6,Sur,2,gve,0.0
2414,2004-03-14,parliament,ES6,Sur,2,ias,0.0
2415,2004-03-14,parliament,ES6,Sur,2,ides,0.0
2416,2004-03-14,parliament,ES6,Sur,2,ir,44847.0
2417,2004-03-14,parliament,ES6,Sur,2,irv,0.0
2418,2004-03-14,parliament,ES6,Sur,2,iu,3504688.0
2419,2004-03-14,parliament,ES6,Sur,2,lg,0.0
2420,2004-03-14,parliament,ES6,Sur,2,li_litci,0.0
2421,2004-03-14,parliament,ES6,Sur,2,lv,0.0
2422,2004-03-14,parliament,ES6,Sur,2,lvcm,0.0
2423,2004-03-14,parliament,ES6,Sur,2,lve,0.0
2424,2004-03-14,parliament,ES6,Sur,2,lvgv,1485.0
2425,2004-03-14,parliament,ES6,Sur,2,lvrm,77814.0
2426,2004-03-14,parliament,ES6,Sur,2,msr,16049.0
2427,2004-03-14,parliament,ES6,Sur,2,n,0.0
2428,2004-03-14,parliament,ES6,Sur,2,nabai,0.0
2429,2004-03-14,parliament,ES6,Sur,2,otradem,0.0
2430,2004-03-14,parliament,ES6,Sur,2,pa,2000548.0
2431,2004-03-14,parliament,ES6,Sur,2,pade,16599.0
2432,2004-03-14,parliament,ES6,Sur,2,pae,0.0
2433,2004-03-14,parliament,ES6,Sur,2,par,0.0
2434,2004-03-14,parliament,ES6,Sur,2,pas,0.0
2435,2004-03-14,parliament,ES6,Sur,2,pc,0.0
2436,2004-03-14,parliament,ES6,Sur,2,pcannabis,0.0
2437,2004-03-14,parliament,ES6,Sur,2,pcpe,8701.0
2438,2004-03-14,parliament,ES6,Sur,2,pdn,2552.0
2439,2004-03-14,parliament,ES6,Sur,2,pfyv,35783.0
2440,2004-03-14,parliament,ES6,Sur,2,ph,44605.0
2441,2004-03-14,parliament,ES6,Sur,2,pkd,0.0
2442,2004-03-14,parliament,ES6,Sur,2,pmar,0.0
2443,2004-03-14,parliament,ES6,Sur,2,pnc,0.0
2444,2004-03-14,parliament,ES6,Sur,2,pnca,0.0
2445,2004-03-14,parliament,ES6,Sur,2,pnt,4169.0
2446,2004-03-14,parliament,ES6,Sur,2,posi,0.0
2447,2004-03-14,parliament,ES6,Sur,2,pp,21613757.0
2448,2004-03-14,parliament,ES6,Sur,2,ppcr,9812.0
2449,2004-03-14,parliament,ES6,Sur,2,prepal,0.0
2450,2004-03-14,parliament,ES6,Sur,2,prf,0.0
2451,2004-03-14,parliament,ES6,Sur,2,prgu,0.0
2452,2004-03-14,parliament,ES6,Sur,2,psa,265397.0
2453,2004-03-14,parliament,ES6,Sur,2,psda,6413.0
2454,2004-03-14,parliament,ES6,Sur,2,psicv,0.0
2455,2004-03-14,parliament,ES6,Sur,2,psmeneuever,0.0
2456,2004-03-14,parliament,ES6,Sur,2,psoe,29191173.0
2457,2004-03-14,parliament,ES6,Sur,2,pspc,8877.0
2458,2004-03-14,parliament,ES6,Sur,2,ptpre,23265.0
2459,2004-03-14,parliament,ES6,Sur,2,tcpnc,0.0
2460,2004-03-14,parliament,ES6,Sur,2,td,0.0
2461,2004-03-14,parliament,ES6,Sur,2,ucl,0.0
2462,2004-03-14,parliament,ES6,Sur,2,ucm,0.0
2463,2004-03-14,parliament,ES6,Sur,2,ud_ca,0.0
2464,2004-03-14,parliament,ES6,Sur,2,um,0.0
2465,2004-03-14,parliament,ES6,Sur,2,un,3498.0
2466,2004-03-14,parliament,ES6,Sur,2,upb,0.0
2467,2004-03-14,parliament,ES6,Sur,2,upl,0.0
2468,2004-03-14,parliament,ES6,Sur,2,upsa,0.0
2469,2004-03-14,parliament,ES6,Sur,2,verdes,0.0
2470,2004-03-14,parliament,ES6,Sur,2,zu,0.0
2471,2004-03-14,parliament,ES7,Canarias,0,eligible_voters,13121442.0
2472,2004-03-14,parliament,ES7,Canarias,1,issued_ballots,8752284.0
2473,2004-03-14,parliament,ES7,Canarias,2,a,0.0
2474,2004-03-14,parliament,ES7,Canarias,2,aa,0.0
2475,2004-03-14,parliament,ES7,Canarias,2,adn,0.0
2476,2004-03-14,parliament,ES7,Canarias,2,aiz,0.0
2477,2004-03-14,parliament,ES7,Canarias,2,amaga,4212.0
2478,2004-03-14,parliament,ES7,Canarias,2,apca,24435.0
2479,2004-03-14,parliament,ES7,Canarias,2,aralarzutik,0.0
2480,2004-03-14,parliament,ES7,Canarias,2,asi,0.0
2481,2004-03-14,parliament,ES7,Canarias,2,aun,0.0
2482,2004-03-14,parliament,ES7,Canarias,2,autonomo,0.0
2483,2004-03-14,parliament,ES7,Canarias,2,axgc,8613.0
2484,2004-03-14,parliament,ES7,Canarias,2,blocev,0.0
2485,2004-03-14,parliament,ES7,Canarias,2,bng,0.0
2486,2004-03-14,parliament,ES7,Canarias,2,cc,2116989.0
2487,2004-03-14,parliament,ES7,Canarias,2,ccse,0.0
2488,2004-03-14,parliament,ES7,Canarias,2,cdn,0.0
2489,2004-03-14,parliament,ES7,Canarias,2,cds,13005.0
2490,2004-03-14,parliament,ES7,Canarias,2,cenb,0.0
2491,2004-03-14,parliament,ES7,Canarias,2,cg,0.0
2492,2004-03-14,parliament,ES7,Canarias,2,cha,0.0
2493,2004-03-14,parliament,ES7,Canarias,2,ci,0.0
2494,2004-03-14,parliament,ES7,Canarias,2,ciu,0.0
2495,2004-03-14,parliament,ES7,Canarias,2,cnc,0.0
2496,2004-03-14,parliament,ES7,Canarias,2,dn,4653.0
2497,2004-03-14,parliament,ES7,Canarias,2,ea,0.0
2498,2004-03-14,parliament,ES7,Canarias,2,eajpnv,0.0
2499,2004-03-14,parliament,ES7,Canarias,2,ei,0.0
2500,2004-03-14,parliament,ES7,Canarias,2,erc,0.0
2501,2004-03-14,parliament,ES7,Canarias,2,espana,0.0
2502,2004-03-14,parliament,ES7,Canarias,2,eu,0.0
2503,2004-03-14,parliament,ES7,Canarias,2,evae,0.0
2504,2004-03-14,parliament,ES7,Canarias,2,evav,0.0
2505,2004-03-14,parliament,ES7,Canarias,2,fa,4104.0
2506,2004-03-14,parliament,ES7,Canarias,2,fde,0.0
2507,2004-03-14,parliament,ES7,Canarias,2,fe,3186.0
2508,2004-03-14,parliament,ES7,Canarias,2,fe_de_las_jons,4392.0
2509,2004-03-14,parliament,ES7,Canarias,2,fpg,0.0
2510,2004-03-14,parliament,ES7,Canarias,2,gphae,0.0
2511,2004-03-14,parliament,ES7,Canarias,2,gve,0.0
2512,2004-03-14,parliament,ES7,Canarias,2,ias,0.0
2513,2004-03-14,parliament,ES7,Canarias,2,ides,0.0
2514,2004-03-14,parliament,ES7,Canarias,2,ir,5778.0
2515,2004-03-14,parliament,ES7,Canarias,2,irv,0.0
2516,2004-03-14,parliament,ES7,Canarias,2,iu,167508.0
2517,2004-03-14,parliament,ES7,Canarias,2,lg,3402.0
2518,2004-03-14,parliament,ES7,Canarias,2,li_litci,0.0
2519,2004-03-14,parliament,ES7,Canarias,2,lv,0.0
2520,2004-03-14,parliament,ES7,Canarias,2,lvcm,0.0
2521,2004-03-14,parliament,ES7,Canarias,2,lve,0.0
2522,2004-03-14,parliament,ES7,Canarias,2,lvgv,99297.0
2523,2004-03-14,parliament,ES7,Canarias,2,lvrm,0.0
2524,2004-03-14,parliament,ES7,Canarias,2,msr,2349.0
2525,2004-03-14,parliament,ES7,Canarias,2,n,0.0
2526,2004-03-14,parliament,ES7,Canarias,2,nabai,0.0
2527,2004-03-14,parliament,ES7,Canarias,2,otradem,0.0
2528,2004-03-14,parliament,ES7,Canarias,2,pa,0.0
2529,2004-03-14,parliament,ES7,Canarias,2,pade,0.0
2530,2004-03-14,parliament,ES7,Canarias,2,pae,0.0
2531,2004-03-14,parliament,ES7,Canarias,2,par,0.0
2532,2004-03-14,parliament,ES7,Canarias,2,pas,0.0
2533,2004-03-14,parliament,ES7,Canarias,2,pc,0.0
2534,2004-03-14,parliament,ES7,Canarias,2,pcannabis,0.0
2535,2004-03-14,parliament,ES7,Canarias,2,pcpe,14328.0
2536,2004-03-14,parliament,ES7,Canarias,2,pdn,0.0
2537,2004-03-14,parliament,ES7,Canarias,2,pfyv,0.0
2538,2004-03-14,parliament,ES7,Canarias,2,ph,8055.0
2539,2004-03-14,parliament,ES7,Canarias,2,pkd,0.0
2540,2004-03-14,parliament,ES7,Canarias,2,pmar,0.0
2541,2004-03-14,parliament,ES7,Canarias,2,pnc,36828.0
2542,2004-03-14,parliament,ES7,Canarias,2,pnca,0.0
2543,2004-03-14,parliament,ES7,Canarias,2,pnt,0.0
2544,2004-03-14,parliament,ES7,Canarias,2,posi,5238.0
2545,2004-03-14,parliament,ES7,Canarias,2,pp,3084048.0
2546,2004-03-14,parliament,ES7,Canarias,2,ppcr,0.0
2547,2004-03-14,parliament,ES7,Canarias,2,prepal,0.0
2548,2004-03-14,parliament,ES7,Canarias,2,prf,0.0
2549,2004-03-14,parliament,ES7,Canarias,2,prgu,0.0
2550,2004-03-14,parliament,ES7,Canarias,2,psa,0.0
2551,2004-03-14,parliament,ES7,Canarias,2,psda,0.0
2552,2004-03-14,parliament,ES7,Canarias,2,psicv,0.0
2553,2004-03-14,parliament,ES7,Canarias,2,psmeneuever,0.0
2554,2004-03-14,parliament,ES7,Canarias,2,psoe,2997756.0
2555,2004-03-14,parliament,ES7,Canarias,2,pspc,0.0
2556,2004-03-14,parliament,ES7,Canarias,2,ptpre,0.0
2557,2004-03-14,parliament,ES7,Canarias,2,tcpnc,0.0
2558,2004-03-14,parliament,ES7,Canarias,2,td,0.0
2559,2004-03-14,parliament,ES7,Canarias,2,ucl,0.0
2560,2004-03-14,parliament,ES7,Canarias,2,ucm,0.0
2561,2004-03-14,parliament,ES7,Canarias,2,ud_ca,0.0
2562,2004-03-14,parliament,ES7,Canarias,2,um,0.0
2563,2004-03-14,parliament,ES7,Canarias,2,un,0.0
2564,2004-03-14,parliament,ES7,Canarias,2,upb,0.0
2565,2004-03-14,parliament,ES7,Canarias,2,upl,0.0
2566,2004-03-14,parliament,ES7,Canarias,2,upsa,0.0
2567,2004-03-14,parliament,ES7,Canarias,2,verdes,0.0
2568,2004-03-14,parliament,ES7,Canarias,2,zu,0.0
2569,2004-06-13,european,ES1,Noroeste,0,eligible_voters,24440016.0
2570,2004-06-13,european,ES1,Noroeste,1,issued_ballots,11079888.0
2571,2004-06-13,european,ES1,Noroeste,2,ce,23112.0
2572,2004-06-13,european,ES1,Noroeste,2,edp,18498.0
2573,2004-06-13,european,ES1,Noroeste,2,galeusca,855054.0
2574,2004-06-13,european,ES1,Noroeste,2,iuicveuia,310506.0
2575,2004-06-13,european,ES1,Noroeste,2,other,148380.0
2576,2004-06-13,european,ES1,Noroeste,2,pp,5249136.0
2577,2004-06-13,european,ES1,Noroeste,2,psoe,4356156.0
2578,2004-06-13,european,ES2,Noreste,0,eligible_voters,28212048.0
2579,2004-06-13,european,ES2,Noreste,1,issued_ballots,13038048.0
2580,2004-06-13,european,ES2,Noreste,2,ce,130216.0
2581,2004-06-13,european,ES2,Noreste,2,edp,754736.0
2582,2004-06-13,european,ES2,Noreste,2,galeusca,2030528.0
2583,2004-06-13,european,ES2,Noreste,2,iuicveuia,442816.0
2584,2004-06-13,european,ES2,Noreste,2,other,336136.0
2585,2004-06-13,european,ES2,Noreste,2,pp,3969232.0
2586,2004-06-13,european,ES2,Noreste,2,psoe,4362424.0
2587,2004-06-13,european,ES3,Comunidad de Madrid,0,eligible_voters,4471616.0
2588,2004-06-13,european,ES3,Comunidad de Madrid,1,issued_ballots,2202062.0
2589,2004-06-13,european,ES3,Comunidad de Madrid,2,ce,1353.0
2590,2004-06-13,european,ES3,Comunidad de Madrid,2,edp,1976.0
2591,2004-06-13,european,ES3,Comunidad de Madrid,2,galeusca,2102.0
2592,2004-06-13,european,ES3,Comunidad de Madrid,2,iuicveuia,112780.0
2593,2004-06-13,european,ES3,Comunidad de Madrid,2,other,33474.0
2594,2004-06-13,european,ES3,Comunidad de Madrid,2,pp,1088712.0
2595,2004-06-13,european,ES3,Comunidad de Madrid,2,psoe,941954.0
2596,2004-06-13,european,ES4,Centro (ES),0,eligible_voters,72439424.0
2597,2004-06-13,european,ES4,Centro (ES),1,issued_ballots,37293264.0
2598,2004-06-13,european,ES4,Centro (ES),2,ce,38432.0
2599,2004-06-13,european,ES4,Centro (ES),2,edp,14512.0
2600,2004-06-13,european,ES4,Centro (ES),2,galeusca,12880.0
2601,2004-06-13,european,ES4,Centro (ES),2,iuicveuia,933904.0
2602,2004-06-13,european,ES4,Centro (ES),2,other,566048.0
2603,2004-06-13,european,ES4,Centro (ES),2,pp,18631344.0
2604,2004-06-13,european,ES4,Centro (ES),2,psoe,16708944.0
2605,2004-06-13,european,ES5,Este,0,eligible_voters,104506391.0
2606,2004-06-13,european,ES5,Este,1,issued_ballots,45501511.0
2607,2004-06-13,european,ES5,Este,2,ce,206547.0
2608,2004-06-13,european,ES5,Este,2,edp,3002538.0
2609,2004-06-13,european,ES5,Este,2,galeusca,4379364.0
2610,2004-06-13,european,ES5,Este,2,iuicveuia,2379201.0
2611,2004-06-13,european,ES5,Este,2,other,915838.0
2612,2004-06-13,european,ES5,Este,2,pp,15044029.0
2613,2004-06-13,european,ES5,Este,2,psoe,19206022.0
2614,2004-06-13,european,ES6,Sur,0,eligible_voters,78473131.0
2615,2004-06-13,european,ES6,Sur,1,issued_ballots,32818786.0
2616,2004-06-13,european,ES6,Sur,2,ce,703461.0
2617,2004-06-13,european,ES6,Sur,2,edp,73722.0
2618,2004-06-13,european,ES6,Sur,2,galeusca,9053.0
2619,2004-06-13,european,ES6,Sur,2,iuicveuia,1526030.0
2620,2004-06-13,european,ES6,Sur,2,other,368775.0
2621,2004-06-13,european,ES6,Sur,2,pp,13059332.0
2622,2004-06-13,european,ES6,Sur,2,psoe,16844850.0
2623,2004-06-13,european,ES7,Canarias,0,eligible_voters,13253580.0
2624,2004-06-13,european,ES7,Canarias,1,issued_ballots,4834521.0
2625,2004-06-13,european,ES7,Canarias,2,ce,815571.0
2626,2004-06-13,european,ES7,Canarias,2,edp,6669.0
2627,2004-06-13,european,ES7,Canarias,2,galeusca,5733.0
2628,2004-06-13,european,ES7,Canarias,2,iuicveuia,88767.0
2629,2004-06-13,european,ES7,Canarias,2,other,96210.0
2630,2004-06-13,european,ES7,Canarias,2,pp,1927440.0
2631,2004-06-13,european,ES7,Canarias,2,psoe,1855512.0
2632,2008-03-09,parliament,ES1,Noroeste,0,eligible_voters,24654330.0
2633,2008-03-09,parliament,ES1,Noroeste,1,issued_ballots,17596524.0
2634,2008-03-09,parliament,ES1,Noroeste,2,aa,7794.0
2635,2008-03-09,parliament,ES1,Noroeste,2,aba,0.0
2636,2008-03-09,parliament,ES1,Noroeste,2,abla,2922.0
2637,2008-03-09,parliament,ES1,Noroeste,2,aes,3372.0
2638,2008-03-09,parliament,ES1,Noroeste,2,agruci,0.0
2639,2008-03-09,parliament,ES1,Noroeste,2,amd,4578.0
2640,2008-03-09,parliament,ES1,Noroeste,2,anc,0.0
2641,2008-03-09,parliament,ES1,Noroeste,2,aralar,0.0
2642,2008-03-09,parliament,ES1,Noroeste,2,aun,750.0
2643,2008-03-09,parliament,ES1,Noroeste,2,ave,864.0
2644,2008-03-09,parliament,ES1,Noroeste,2,axb,0.0
2645,2008-03-09,parliament,ES1,Noroeste,2,blocidpvevee,0.0
2646,2008-03-09,parliament,ES1,Noroeste,2,bng,1275258.0
2647,2008-03-09,parliament,ES1,Noroeste,2,ca,0.0
2648,2008-03-09,parliament,ES1,Noroeste,2,ccpnc,0.0
2649,2008-03-09,parliament,ES1,Noroeste,2,cdas,1296.0
2650,2008-03-09,parliament,ES1,Noroeste,2,cdes,0.0
2651,2008-03-09,parliament,ES1,Noroeste,2,cdl,1086.0
2652,2008-03-09,parliament,ES1,Noroeste,2,cds,0.0
2653,2008-03-09,parliament,ES1,Noroeste,2,cenb,5484.0
2654,2008-03-09,parliament,ES1,Noroeste,2,centristas_pctr,0.0
2655,2008-03-09,parliament,ES1,Noroeste,2,cha,0.0
2656,2008-03-09,parliament,ES1,Noroeste,2,ciu,0.0
2657,2008-03-09,parliament,ES1,Noroeste,2,cs,11952.0
2658,2008-03-09,parliament,ES1,Noroeste,2,ctc,0.0
2659,2008-03-09,parliament,ES1,Noroeste,2,cva,0.0
2660,2008-03-09,parliament,ES1,Noroeste,2,dn,7716.0
2661,2008-03-09,parliament,ES1,Noroeste,2,e,0.0
2662,2008-03-09,parliament,ES1,Noroeste,2,ea,0.0
2663,2008-03-09,parliament,ES1,Noroeste,2,eajpnv,0.0
2664,2008-03-09,parliament,ES1,Noroeste,2,ei,0.0
2665,2008-03-09,parliament,ES1,Noroeste,2,esquerra,0.0
2666,2008-03-09,parliament,ES1,Noroeste,2,evae,0.0
2667,2008-03-09,parliament,ES1,Noroeste,2,evav,0.0
2668,2008-03-09,parliament,ES1,Noroeste,2,evlv,0.0
2669,2008-03-09,parliament,ES1,Noroeste,2,extremadura_unida,0.0
2670,2008-03-09,parliament,ES1,Noroeste,2,fa,1212.0
2671,2008-03-09,parliament,ES1,Noroeste,2,fe_de_las_jons,9240.0
2672,2008-03-09,parliament,ES1,Noroeste,2,frente,1134.0
2673,2008-03-09,parliament,ES1,Noroeste,2,icbur,0.0
2674,2008-03-09,parliament,ES1,Noroeste,2,imc,0.0
2675,2008-03-09,parliament,ES1,Noroeste,2,ir,3174.0
2676,2008-03-09,parliament,ES1,Noroeste,2,irv,0.0
2677,2008-03-09,parliament,ES1,Noroeste,2,iu,501834.0
2678,2008-03-09,parliament,ES1,Noroeste,2,ixc,0.0
2679,2008-03-09,parliament,ES1,Noroeste,2,lilitci,0.0
2680,2008-03-09,parliament,ES1,Noroeste,2,lve,29172.0
2681,2008-03-09,parliament,ES1,Noroeste,2,lvgv,17616.0
2682,2008-03-09,parliament,ES1,Noroeste,2,mfe,408.0
2683,2008-03-09,parliament,ES1,Noroeste,2,mupc,0.0
2684,2008-03-09,parliament,ES1,Noroeste,2,n_som,0.0
2685,2008-03-09,parliament,ES1,Noroeste,2,nabai,0.0
2686,2008-03-09,parliament,ES1,Noroeste,2,ncccn,0.0
2687,2008-03-09,parliament,ES1,Noroeste,2,onv,0.0
2688,2008-03-09,parliament,ES1,Noroeste,2,pacma,28560.0
2689,2008-03-09,parliament,ES1,Noroeste,2,paie,0.0
2690,2008-03-09,parliament,ES1,Noroeste,2,par,0.0
2691,2008-03-09,parliament,ES1,Noroeste,2,partido_riojano,0.0
2692,2008-03-09,parliament,ES1,Noroeste,2,pbub,0.0
2693,2008-03-09,parliament,ES1,Noroeste,2,pc,342.0
2694,2008-03-09,parliament,ES1,Noroeste,2,pcpe,11700.0
2695,2008-03-09,parliament,ES1,Noroeste,2,pcua,0.0
2696,2008-03-09,parliament,ES1,Noroeste,2,pdeal,0.0
2697,2008-03-09,parliament,ES1,Noroeste,2,pdlpea,0.0
2698,2008-03-09,parliament,ES1,Noroeste,2,pfyv,7296.0
2699,2008-03-09,parliament,ES1,Noroeste,2,ph,8118.0
2700,2008-03-09,parliament,ES1,Noroeste,2,phache,0.0
2701,2008-03-09,parliament,ES1,Noroeste,2,piib,0.0
2702,2008-03-09,parliament,ES1,Noroeste,2,plci,0.0
2703,2008-03-09,parliament,ES1,Noroeste,2,pleve,0.0
2704,2008-03-09,parliament,ES1,Noroeste,2,plrv,0.0
2705,2008-03-09,parliament,ES1,Noroeste,2,pnf_nofumadores,0.0
2706,2008-03-09,parliament,ES1,Noroeste,2,posi,1572.0
2707,2008-03-09,parliament,ES1,Noroeste,2,pp,7704222.0
2708,2008-03-09,parliament,ES1,Noroeste,2,ppcr,0.0
2709,2008-03-09,parliament,ES1,Noroeste,2,prepal,0.0
2710,2008-03-09,parliament,ES1,Noroeste,2,prgu,0.0
2711,2008-03-09,parliament,ES1,Noroeste,2,psd,22908.0
2712,2008-03-09,parliament,ES1,Noroeste,2,psoe,7429488.0
2713,2008-03-09,parliament,ES1,Noroeste,2,puede,702.0
2714,2008-03-09,parliament,ES1,Noroeste,2,pumj,17826.0
2715,2008-03-09,parliament,ES1,Noroeste,2,pxcat,0.0
2716,2008-03-09,parliament,ES1,Noroeste,2,rc,0.0
2717,2008-03-09,parliament,ES1,Noroeste,2,rcnnok,0.0
2718,2008-03-09,parliament,ES1,Noroeste,2,sain,4536.0
2719,2008-03-09,parliament,ES1,Noroeste,2,tc,0.0
2720,2008-03-09,parliament,ES1,Noroeste,2,td,0.0
2721,2008-03-09,parliament,ES1,Noroeste,2,ucl,0.0
2722,2008-03-09,parliament,ES1,Noroeste,2,ucpic,0.0
2723,2008-03-09,parliament,ES1,Noroeste,2,ud_ca,0.0
2724,2008-03-09,parliament,ES1,Noroeste,2,uleg,0.0
2725,2008-03-09,parliament,ES1,Noroeste,2,unida,5088.0
2726,2008-03-09,parliament,ES1,Noroeste,2,unidad_del_pueblo,0.0
2727,2008-03-09,parliament,ES1,Noroeste,2,unitat_per_les_illes,0.0
2728,2008-03-09,parliament,ES1,Noroeste,2,upl,0.0
2729,2008-03-09,parliament,ES1,Noroeste,2,upyd,148134.0
2730,2008-03-09,parliament,ES1,Noroeste,2,urcl,0.0
2731,2008-03-09,parliament,ES1,Noroeste,2,verdes,0.0
2732,2008-03-09,parliament,ES2,Noreste,0,eligible_voters,28083408.0
2733,2008-03-09,parliament,ES2,Noreste,1,issued_ballots,19544760.0
2734,2008-03-09,parliament,ES2,Noreste,2,aa,0.0
2735,2008-03-09,parliament,ES2,Noreste,2,aba,0.0
2736,2008-03-09,parliament,ES2,Noreste,2,abla,0.0
2737,2008-03-09,parliament,ES2,Noreste,2,aes,3792.0
2738,2008-03-09,parliament,ES2,Noreste,2,agruci,0.0
2739,2008-03-09,parliament,ES2,Noreste,2,amd,9656.0
2740,2008-03-09,parliament,ES2,Noreste,2,anc,0.0
2741,2008-03-09,parliament,ES2,Noreste,2,aralar,239912.0
2742,2008-03-09,parliament,ES2,Noreste,2,aun,2856.0
2743,2008-03-09,parliament,ES2,Noreste,2,ave,0.0
2744,2008-03-09,parliament,ES2,Noreste,2,axb,0.0
2745,2008-03-09,parliament,ES2,Noreste,2,blocidpvevee,0.0
2746,2008-03-09,parliament,ES2,Noreste,2,bng,0.0
2747,2008-03-09,parliament,ES2,Noreste,2,ca,0.0
2748,2008-03-09,parliament,ES2,Noreste,2,ccpnc,0.0
2749,2008-03-09,parliament,ES2,Noreste,2,cdas,0.0
2750,2008-03-09,parliament,ES2,Noreste,2,cdes,0.0
2751,2008-03-09,parliament,ES2,Noreste,2,cdl,0.0
2752,2008-03-09,parliament,ES2,Noreste,2,cds,0.0
2753,2008-03-09,parliament,ES2,Noreste,2,cenb,4360.0
2754,2008-03-09,parliament,ES2,Noreste,2,centristas_pctr,80.0
2755,2008-03-09,parliament,ES2,Noreste,2,cha,305616.0
2756,2008-03-09,parliament,ES2,Noreste,2,ciu,0.0
2757,2008-03-09,parliament,ES2,Noreste,2,cs,16712.0
2758,2008-03-09,parliament,ES2,Noreste,2,ctc,0.0
2759,2008-03-09,parliament,ES2,Noreste,2,cva,0.0
2760,2008-03-09,parliament,ES2,Noreste,2,dn,8216.0
2761,2008-03-09,parliament,ES2,Noreste,2,e,1736.0
2762,2008-03-09,parliament,ES2,Noreste,2,ea,402968.0
2763,2008-03-09,parliament,ES2,Noreste,2,eajpnv,2449024.0
2764,2008-03-09,parliament,ES2,Noreste,2,ei,0.0
2765,2008-03-09,parliament,ES2,Noreste,2,esquerra,0.0
2766,2008-03-09,parliament,ES2,Noreste,2,evae,0.0
2767,2008-03-09,parliament,ES2,Noreste,2,evav,0.0
2768,2008-03-09,parliament,ES2,Noreste,2,evlv,0.0
2769,2008-03-09,parliament,ES2,Noreste,2,extremadura_unida,0.0
2770,2008-03-09,parliament,ES2,Noreste,2,fa,2232.0
2771,2008-03-09,parliament,ES2,Noreste,2,fe_de_las_jons,7208.0
2772,2008-03-09,parliament,ES2,Noreste,2,frente,904.0
2773,2008-03-09,parliament,ES2,Noreste,2,icbur,0.0
2774,2008-03-09,parliament,ES2,Noreste,2,imc,0.0
2775,2008-03-09,parliament,ES2,Noreste,2,ir,0.0
2776,2008-03-09,parliament,ES2,Noreste,2,irv,0.0
2777,2008-03-09,parliament,ES2,Noreste,2,iu,695712.0
2778,2008-03-09,parliament,ES2,Noreste,2,ixc,0.0
2779,2008-03-09,parliament,ES2,Noreste,2,lilitci,0.0
2780,2008-03-09,parliament,ES2,Noreste,2,lve,0.0
2781,2008-03-09,parliament,ES2,Noreste,2,lvgv,29928.0
2782,2008-03-09,parliament,ES2,Noreste,2,mfe,0.0
2783,2008-03-09,parliament,ES2,Noreste,2,mupc,0.0
2784,2008-03-09,parliament,ES2,Noreste,2,n_som,0.0
2785,2008-03-09,parliament,ES2,Noreste,2,nabai,499184.0
2786,2008-03-09,parliament,ES2,Noreste,2,ncccn,0.0
2787,2008-03-09,parliament,ES2,Noreste,2,onv,0.0
2788,2008-03-09,parliament,ES2,Noreste,2,pacma,47976.0
2789,2008-03-09,parliament,ES2,Noreste,2,paie,0.0
2790,2008-03-09,parliament,ES2,Noreste,2,par,320432.0
2791,2008-03-09,parliament,ES2,Noreste,2,partido_riojano,22696.0
2792,2008-03-09,parliament,ES2,Noreste,2,pbub,0.0
2793,2008-03-09,parliament,ES2,Noreste,2,pc,6392.0
2794,2008-03-09,parliament,ES2,Noreste,2,pcpe,13840.0
2795,2008-03-09,parliament,ES2,Noreste,2,pcua,3800.0
2796,2008-03-09,parliament,ES2,Noreste,2,pdeal,0.0
2797,2008-03-09,parliament,ES2,Noreste,2,pdlpea,0.0
2798,2008-03-09,parliament,ES2,Noreste,2,pfyv,13216.0
2799,2008-03-09,parliament,ES2,Noreste,2,ph,9232.0
2800,2008-03-09,parliament,ES2,Noreste,2,phache,0.0
2801,2008-03-09,parliament,ES2,Noreste,2,piib,0.0
2802,2008-03-09,parliament,ES2,Noreste,2,plci,0.0
2803,2008-03-09,parliament,ES2,Noreste,2,pleve,0.0
2804,2008-03-09,parliament,ES2,Noreste,2,plrv,0.0
2805,2008-03-09,parliament,ES2,Noreste,2,pnf_nofumadores,0.0
2806,2008-03-09,parliament,ES2,Noreste,2,posi,10600.0
2807,2008-03-09,parliament,ES2,Noreste,2,pp,5755800.0
2808,2008-03-09,parliament,ES2,Noreste,2,ppcr,0.0
2809,2008-03-09,parliament,ES2,Noreste,2,prepal,0.0
2810,2008-03-09,parliament,ES2,Noreste,2,prgu,0.0
2811,2008-03-09,parliament,ES2,Noreste,2,psd,8696.0
2812,2008-03-09,parliament,ES2,Noreste,2,psoe,7893536.0
2813,2008-03-09,parliament,ES2,Noreste,2,puede,0.0
2814,2008-03-09,parliament,ES2,Noreste,2,pumj,32384.0
2815,2008-03-09,parliament,ES2,Noreste,2,pxcat,0.0
2816,2008-03-09,parliament,ES2,Noreste,2,rc,0.0
2817,2008-03-09,parliament,ES2,Noreste,2,rcnnok,18304.0
2818,2008-03-09,parliament,ES2,Noreste,2,sain,2880.0
2819,2008-03-09,parliament,ES2,Noreste,2,tc,0.0
2820,2008-03-09,parliament,ES2,Noreste,2,td,0.0
2821,2008-03-09,parliament,ES2,Noreste,2,ucl,352.0
2822,2008-03-09,parliament,ES2,Noreste,2,ucpic,0.0
2823,2008-03-09,parliament,ES2,Noreste,2,ud_ca,0.0
2824,2008-03-09,parliament,ES2,Noreste,2,uleg,0.0
2825,2008-03-09,parliament,ES2,Noreste,2,unida,0.0
2826,2008-03-09,parliament,ES2,Noreste,2,unidad_del_pueblo,0.0
2827,2008-03-09,parliament,ES2,Noreste,2,unitat_per_les_illes,0.0
2828,2008-03-09,parliament,ES2,Noreste,2,upl,0.0
2829,2008-03-09,parliament,ES2,Noreste,2,upyd,195016.0
2830,2008-03-09,parliament,ES2,Noreste,2,urcl,0.0
2831,2008-03-09,parliament,ES2,Noreste,2,verdes,58296.0
2832,2008-03-09,parliament,ES3,Comunidad de Madrid,0,eligible_voters,4490040.0
2833,2008-03-09,parliament,ES3,Comunidad de Madrid,1,issued_ballots,3550858.0
2834,2008-03-09,parliament,ES3,Comunidad de Madrid,2,aa,0.0
2835,2008-03-09,parliament,ES3,Comunidad de Madrid,2,aba,0.0
2836,2008-03-09,parliament,ES3,Comunidad de Madrid,2,abla,1876.0
2837,2008-03-09,parliament,ES3,Comunidad de Madrid,2,aes,2082.0
2838,2008-03-09,parliament,ES3,Comunidad de Madrid,2,agruci,0.0
2839,2008-03-09,parliament,ES3,Comunidad de Madrid,2,amd,0.0
2840,2008-03-09,parliament,ES3,Comunidad de Madrid,2,anc,0.0
2841,2008-03-09,parliament,ES3,Comunidad de Madrid,2,aralar,0.0
2842,2008-03-09,parliament,ES3,Comunidad de Madrid,2,aun,406.0
2843,2008-03-09,parliament,ES3,Comunidad de Madrid,2,ave,0.0
2844,2008-03-09,parliament,ES3,Comunidad de Madrid,2,axb,0.0
2845,2008-03-09,parliament,ES3,Comunidad de Madrid,2,blocidpvevee,0.0
2846,2008-03-09,parliament,ES3,Comunidad de Madrid,2,bng,0.0
2847,2008-03-09,parliament,ES3,Comunidad de Madrid,2,ca,0.0
2848,2008-03-09,parliament,ES3,Comunidad de Madrid,2,ccpnc,0.0
2849,2008-03-09,parliament,ES3,Comunidad de Madrid,2,cdas,0.0
2850,2008-03-09,parliament,ES3,Comunidad de Madrid,2,cdes,828.0
2851,2008-03-09,parliament,ES3,Comunidad de Madrid,2,cdl,0.0
2852,2008-03-09,parliament,ES3,Comunidad de Madrid,2,cds,1248.0
2853,2008-03-09,parliament,ES3,Comunidad de Madrid,2,cenb,2687.0
2854,2008-03-09,parliament,ES3,Comunidad de Madrid,2,centristas_pctr,0.0
2855,2008-03-09,parliament,ES3,Comunidad de Madrid,2,cha,0.0
2856,2008-03-09,parliament,ES3,Comunidad de Madrid,2,ciu,0.0
2857,2008-03-09,parliament,ES3,Comunidad de Madrid,2,cs,3996.0
2858,2008-03-09,parliament,ES3,Comunidad de Madrid,2,ctc,0.0
2859,2008-03-09,parliament,ES3,Comunidad de Madrid,2,cva,0.0
2860,2008-03-09,parliament,ES3,Comunidad de Madrid,2,dn,3087.0
2861,2008-03-09,parliament,ES3,Comunidad de Madrid,2,e,764.0
2862,2008-03-09,parliament,ES3,Comunidad de Madrid,2,ea,0.0
2863,2008-03-09,parliament,ES3,Comunidad de Madrid,2,eajpnv,0.0
2864,2008-03-09,parliament,ES3,Comunidad de Madrid,2,ei,0.0
2865,2008-03-09,parliament,ES3,Comunidad de Madrid,2,esquerra,0.0
2866,2008-03-09,parliament,ES3,Comunidad de Madrid,2,evae,0.0
2867,2008-03-09,parliament,ES3,Comunidad de Madrid,2,evav,0.0
2868,2008-03-09,parliament,ES3,Comunidad de Madrid,2,evlv,0.0
2869,2008-03-09,parliament,ES3,Comunidad de Madrid,2,extremadura_unida,0.0
2870,2008-03-09,parliament,ES3,Comunidad de Madrid,2,fa,776.0
2871,2008-03-09,parliament,ES3,Comunidad de Madrid,2,fe_de_las_jons,3250.0
2872,2008-03-09,parliament,ES3,Comunidad de Madrid,2,frente,552.0
2873,2008-03-09,parliament,ES3,Comunidad de Madrid,2,icbur,0.0
2874,2008-03-09,parliament,ES3,Comunidad de Madrid,2,imc,0.0
2875,2008-03-09,parliament,ES3,Comunidad de Madrid,2,ir,0.0
2876,2008-03-09,parliament,ES3,Comunidad de Madrid,2,irv,0.0
2877,2008-03-09,parliament,ES3,Comunidad de Madrid,2,iu,164595.0
2878,2008-03-09,parliament,ES3,Comunidad de Madrid,2,ixc,0.0
2879,2008-03-09,parliament,ES3,Comunidad de Madrid,2,lilitci,183.0
2880,2008-03-09,parliament,ES3,Comunidad de Madrid,2,lve,9925.0
2881,2008-03-09,parliament,ES3,Comunidad de Madrid,2,lvgv,10875.0
2882,2008-03-09,parliament,ES3,Comunidad de Madrid,2,mfe,0.0
2883,2008-03-09,parliament,ES3,Comunidad de Madrid,2,mupc,0.0
2884,2008-03-09,parliament,ES3,Comunidad de Madrid,2,n_som,0.0
2885,2008-03-09,parliament,ES3,Comunidad de Madrid,2,nabai,0.0
2886,2008-03-09,parliament,ES3,Comunidad de Madrid,2,ncccn,0.0
2887,2008-03-09,parliament,ES3,Comunidad de Madrid,2,onv,0.0
2888,2008-03-09,parliament,ES3,Comunidad de Madrid,2,pacma,4755.0
2889,2008-03-09,parliament,ES3,Comunidad de Madrid,2,paie,174.0
2890,2008-03-09,parliament,ES3,Comunidad de Madrid,2,par,0.0
2891,2008-03-09,parliament,ES3,Comunidad de Madrid,2,partido_riojano,0.0
2892,2008-03-09,parliament,ES3,Comunidad de Madrid,2,pbub,0.0
2893,2008-03-09,parliament,ES3,Comunidad de Madrid,2,pc,291.0
2894,2008-03-09,parliament,ES3,Comunidad de Madrid,2,pcpe,2130.0
2895,2008-03-09,parliament,ES3,Comunidad de Madrid,2,pcua,0.0
2896,2008-03-09,parliament,ES3,Comunidad de Madrid,2,pdeal,0.0
2897,2008-03-09,parliament,ES3,Comunidad de Madrid,2,pdlpea,0.0
2898,2008-03-09,parliament,ES3,Comunidad de Madrid,2,pfyv,998.0
2899,2008-03-09,parliament,ES3,Comunidad de Madrid,2,ph,901.0
2900,2008-03-09,parliament,ES3,Comunidad de Madrid,2,phache,0.0
2901,2008-03-09,parliament,ES3,Comunidad de Madrid,2,piib,0.0
2902,2008-03-09,parliament,ES3,Comunidad de Madrid,2,plci,212.0
2903,2008-03-09,parliament,ES3,Comunidad de Madrid,2,pleve,786.0
2904,2008-03-09,parliament,ES3,Comunidad de Madrid,2,plrv,0.0
2905,2008-03-09,parliament,ES3,Comunidad de Madrid,2,pnf_nofumadores,1616.0
2906,2008-03-09,parliament,ES3,Comunidad de Madrid,2,posi,1340.0
2907,2008-03-09,parliament,ES3,Comunidad de Madrid,2,pp,1737688.0
2908,2008-03-09,parliament,ES3,Comunidad de Madrid,2,ppcr,0.0
2909,2008-03-09,parliament,ES3,Comunidad de Madrid,2,prepal,250.0
2910,2008-03-09,parliament,ES3,Comunidad de Madrid,2,prgu,0.0
2911,2008-03-09,parliament,ES3,Comunidad de Madrid,2,psd,1350.0
2912,2008-03-09,parliament,ES3,Comunidad de Madrid,2,psoe,1401785.0
2913,2008-03-09,parliament,ES3,Comunidad de Madrid,2,puede,214.0
2914,2008-03-09,parliament,ES3,Comunidad de Madrid,2,pumj,2516.0
2915,2008-03-09,parliament,ES3,Comunidad de Madrid,2,pxcat,0.0
2916,2008-03-09,parliament,ES3,Comunidad de Madrid,2,rc,0.0
2917,2008-03-09,parliament,ES3,Comunidad de Madrid,2,rcnnok,0.0
2918,2008-03-09,parliament,ES3,Comunidad de Madrid,2,sain,434.0
2919,2008-03-09,parliament,ES3,Comunidad de Madrid,2,tc,611.0
2920,2008-03-09,parliament,ES3,Comunidad de Madrid,2,td,0.0
2921,2008-03-09,parliament,ES3,Comunidad de Madrid,2,ucl,0.0
2922,2008-03-09,parliament,ES3,Comunidad de Madrid,2,ucpic,0.0
2923,2008-03-09,parliament,ES3,Comunidad de Madrid,2,ud_ca,0.0
2924,2008-03-09,parliament,ES3,Comunidad de Madrid,2,uleg,1566.0
2925,2008-03-09,parliament,ES3,Comunidad de Madrid,2,unida,0.0
2926,2008-03-09,parliament,ES3,Comunidad de Madrid,2,unidad_del_pueblo,0.0
2927,2008-03-09,parliament,ES3,Comunidad de Madrid,2,unitat_per_les_illes,0.0
2928,2008-03-09,parliament,ES3,Comunidad de Madrid,2,upl,0.0
2929,2008-03-09,parliament,ES3,Comunidad de Madrid,2,upyd,132095.0
2930,2008-03-09,parliament,ES3,Comunidad de Madrid,2,urcl,0.0
2931,2008-03-09,parliament,ES3,Comunidad de Madrid,2,verdes,0.0
2932,2008-03-09,parliament,ES4,Centro (ES),0,eligible_voters,73415520.0
2933,2008-03-09,parliament,ES4,Centro (ES),1,issued_ballots,57714944.0
2934,2008-03-09,parliament,ES4,Centro (ES),2,aa,0.0
2935,2008-03-09,parliament,ES4,Centro (ES),2,aba,0.0
2936,2008-03-09,parliament,ES4,Centro (ES),2,abla,1552.0
2937,2008-03-09,parliament,ES4,Centro (ES),2,aes,14336.0
2938,2008-03-09,parliament,ES4,Centro (ES),2,agruci,1264.0
2939,2008-03-09,parliament,ES4,Centro (ES),2,amd,3808.0
2940,2008-03-09,parliament,ES4,Centro (ES),2,anc,0.0
2941,2008-03-09,parliament,ES4,Centro (ES),2,aralar,0.0
2942,2008-03-09,parliament,ES4,Centro (ES),2,aun,4592.0
2943,2008-03-09,parliament,ES4,Centro (ES),2,ave,0.0
2944,2008-03-09,parliament,ES4,Centro (ES),2,axb,1968.0
2945,2008-03-09,parliament,ES4,Centro (ES),2,blocidpvevee,0.0
2946,2008-03-09,parliament,ES4,Centro (ES),2,bng,0.0
2947,2008-03-09,parliament,ES4,Centro (ES),2,ca,0.0
2948,2008-03-09,parliament,ES4,Centro (ES),2,ccpnc,0.0
2949,2008-03-09,parliament,ES4,Centro (ES),2,cdas,0.0
2950,2008-03-09,parliament,ES4,Centro (ES),2,cdes,3504.0
2951,2008-03-09,parliament,ES4,Centro (ES),2,cdl,0.0
2952,2008-03-09,parliament,ES4,Centro (ES),2,cds,0.0
2953,2008-03-09,parliament,ES4,Centro (ES),2,cenb,41440.0
2954,2008-03-09,parliament,ES4,Centro (ES),2,centristas_pctr,2800.0
2955,2008-03-09,parliament,ES4,Centro (ES),2,cha,0.0
2956,2008-03-09,parliament,ES4,Centro (ES),2,ciu,0.0
2957,2008-03-09,parliament,ES4,Centro (ES),2,cs,50240.0
2958,2008-03-09,parliament,ES4,Centro (ES),2,ctc,1152.0
2959,2008-03-09,parliament,ES4,Centro (ES),2,cva,0.0
2960,2008-03-09,parliament,ES4,Centro (ES),2,dn,34064.0
2961,2008-03-09,parliament,ES4,Centro (ES),2,e,8416.0
2962,2008-03-09,parliament,ES4,Centro (ES),2,ea,0.0
2963,2008-03-09,parliament,ES4,Centro (ES),2,eajpnv,0.0
2964,2008-03-09,parliament,ES4,Centro (ES),2,ei,0.0
2965,2008-03-09,parliament,ES4,Centro (ES),2,esquerra,0.0
2966,2008-03-09,parliament,ES4,Centro (ES),2,evae,0.0
2967,2008-03-09,parliament,ES4,Centro (ES),2,evav,0.0
2968,2008-03-09,parliament,ES4,Centro (ES),2,evlv,0.0
2969,2008-03-09,parliament,ES4,Centro (ES),2,extremadura_unida,37536.0
2970,2008-03-09,parliament,ES4,Centro (ES),2,fa,12256.0
2971,2008-03-09,parliament,ES4,Centro (ES),2,fe_de_las_jons,33696.0
2972,2008-03-09,parliament,ES4,Centro (ES),2,frente,2720.0
2973,2008-03-09,parliament,ES4,Centro (ES),2,icbur,1744.0
2974,2008-03-09,parliament,ES4,Centro (ES),2,imc,3232.0
2975,2008-03-09,parliament,ES4,Centro (ES),2,ir,0.0
2976,2008-03-09,parliament,ES4,Centro (ES),2,irv,0.0
2977,2008-03-09,parliament,ES4,Centro (ES),2,iu,1567920.0
2978,2008-03-09,parliament,ES4,Centro (ES),2,ixc,1600.0
2979,2008-03-09,parliament,ES4,Centro (ES),2,lilitci,0.0
2980,2008-03-09,parliament,ES4,Centro (ES),2,lve,90112.0
2981,2008-03-09,parliament,ES4,Centro (ES),2,lvgv,37952.0
2982,2008-03-09,parliament,ES4,Centro (ES),2,mfe,0.0
2983,2008-03-09,parliament,ES4,Centro (ES),2,mupc,0.0
2984,2008-03-09,parliament,ES4,Centro (ES),2,n_som,0.0
2985,2008-03-09,parliament,ES4,Centro (ES),2,nabai,0.0
2986,2008-03-09,parliament,ES4,Centro (ES),2,ncccn,0.0
2987,2008-03-09,parliament,ES4,Centro (ES),2,onv,0.0
2988,2008-03-09,parliament,ES4,Centro (ES),2,pacma,70208.0
2989,2008-03-09,parliament,ES4,Centro (ES),2,paie,0.0
2990,2008-03-09,parliament,ES4,Centro (ES),2,par,0.0
2991,2008-03-09,parliament,ES4,Centro (ES),2,partido_riojano,0.0
2992,2008-03-09,parliament,ES4,Centro (ES),2,pbub,6160.0
2993,2008-03-09,parliament,ES4,Centro (ES),2,pc,5008.0
2994,2008-03-09,parliament,ES4,Centro (ES),2,pcpe,41280.0
2995,2008-03-09,parliament,ES4,Centro (ES),2,pcua,0.0
2996,2008-03-09,parliament,ES4,Centro (ES),2,pdeal,0.0
2997,2008-03-09,parliament,ES4,Centro (ES),2,pdlpea,0.0
2998,2008-03-09,parliament,ES4,Centro (ES),2,pfyv,11136.0
2999,2008-03-09,parliament,ES4,Centro (ES),2,ph,20672.0
3000,2008-03-09,parliament,ES4,Centro (ES),2,phache,0.0
3001,2008-03-09,parliament,ES4,Centro (ES),2,piib,0.0
3002,2008-03-09,parliament,ES4,Centro (ES),2,plci,0.0
3003,2008-03-09,parliament,ES4,Centro (ES),2,pleve,0.0
3004,2008-03-09,parliament,ES4,Centro (ES),2,plrv,0.0
3005,2008-03-09,parliament,ES4,Centro (ES),2,pnf_nofumadores,0.0
3006,2008-03-09,parliament,ES4,Centro (ES),2,posi,0.0
3007,2008-03-09,parliament,ES4,Centro (ES),2,pp,27612304.0
3008,2008-03-09,parliament,ES4,Centro (ES),2,ppcr,0.0
3009,2008-03-09,parliament,ES4,Centro (ES),2,prepal,16448.0
3010,2008-03-09,parliament,ES4,Centro (ES),2,prgu,2432.0
3011,2008-03-09,parliament,ES4,Centro (ES),2,psd,56000.0
3012,2008-03-09,parliament,ES4,Centro (ES),2,psoe,25910672.0
3013,2008-03-09,parliament,ES4,Centro (ES),2,puede,1328.0
3014,2008-03-09,parliament,ES4,Centro (ES),2,pumj,56368.0
3015,2008-03-09,parliament,ES4,Centro (ES),2,pxcat,0.0
3016,2008-03-09,parliament,ES4,Centro (ES),2,rc,0.0
3017,2008-03-09,parliament,ES4,Centro (ES),2,rcnnok,0.0
3018,2008-03-09,parliament,ES4,Centro (ES),2,sain,6736.0
3019,2008-03-09,parliament,ES4,Centro (ES),2,tc,66960.0
3020,2008-03-09,parliament,ES4,Centro (ES),2,td,0.0
3021,2008-03-09,parliament,ES4,Centro (ES),2,ucl,1280.0
3022,2008-03-09,parliament,ES4,Centro (ES),2,ucpic,0.0
3023,2008-03-09,parliament,ES4,Centro (ES),2,ud_ca,3168.0
3024,2008-03-09,parliament,ES4,Centro (ES),2,uleg,0.0
3025,2008-03-09,parliament,ES4,Centro (ES),2,unida,0.0
3026,2008-03-09,parliament,ES4,Centro (ES),2,unidad_del_pueblo,0.0
3027,2008-03-09,parliament,ES4,Centro (ES),2,unitat_per_les_illes,0.0
3028,2008-03-09,parliament,ES4,Centro (ES),2,upl,72144.0
3029,2008-03-09,parliament,ES4,Centro (ES),2,upyd,705600.0
3030,2008-03-09,parliament,ES4,Centro (ES),2,urcl,6768.0
3031,2008-03-09,parliament,ES4,Centro (ES),2,verdes,66768.0
3032,2008-03-09,parliament,ES5,Este,0,eligible_voters,104898860.0
3033,2008-03-09,parliament,ES5,Este,1,issued_ballots,76824462.0
3034,2008-03-09,parliament,ES5,Este,2,aa,0.0
3035,2008-03-09,parliament,ES5,Este,2,aba,1595.0
3036,2008-03-09,parliament,ES5,Este,2,abla,0.0
3037,2008-03-09,parliament,ES5,Este,2,aes,13530.0
3038,2008-03-09,parliament,ES5,Este,2,agruci,0.0
3039,2008-03-09,parliament,ES5,Este,2,amd,13915.0
3040,2008-03-09,parliament,ES5,Este,2,anc,0.0
3041,2008-03-09,parliament,ES5,Este,2,aralar,0.0
3042,2008-03-09,parliament,ES5,Este,2,aun,10604.0
3043,2008-03-09,parliament,ES5,Este,2,ave,0.0
3044,2008-03-09,parliament,ES5,Este,2,axb,0.0
3045,2008-03-09,parliament,ES5,Este,2,blocidpvevee,327360.0
3046,2008-03-09,parliament,ES5,Este,2,bng,0.0
3047,2008-03-09,parliament,ES5,Este,2,ca,0.0
3048,2008-03-09,parliament,ES5,Este,2,ccpnc,0.0
3049,2008-03-09,parliament,ES5,Este,2,cdas,0.0
3050,2008-03-09,parliament,ES5,Este,2,cdes,0.0
3051,2008-03-09,parliament,ES5,Este,2,cdl,3817.0
3052,2008-03-09,parliament,ES5,Este,2,cds,0.0
3053,2008-03-09,parliament,ES5,Este,2,cenb,64295.0
3054,2008-03-09,parliament,ES5,Este,2,centristas_pctr,2200.0
3055,2008-03-09,parliament,ES5,Este,2,cha,0.0
3056,2008-03-09,parliament,ES5,Este,2,ciu,8573675.0
3057,2008-03-09,parliament,ES5,Este,2,cs,334301.0
3058,2008-03-09,parliament,ES5,Este,2,ctc,770.0
3059,2008-03-09,parliament,ES5,Este,2,cva,59664.0
3060,2008-03-09,parliament,ES5,Este,2,dn,30492.0
3061,2008-03-09,parliament,ES5,Este,2,e,50633.0
3062,2008-03-09,parliament,ES5,Este,2,ea,0.0
3063,2008-03-09,parliament,ES5,Este,2,eajpnv,0.0
3064,2008-03-09,parliament,ES5,Este,2,ei,55385.0
3065,2008-03-09,parliament,ES5,Este,2,esquerra,3279529.0
3066,2008-03-09,parliament,ES5,Este,2,evae,138171.0
3067,2008-03-09,parliament,ES5,Este,2,evav,22308.0
3068,2008-03-09,parliament,ES5,Este,2,evlv,86064.0
3069,2008-03-09,parliament,ES5,Este,2,extremadura_unida,0.0
3070,2008-03-09,parliament,ES5,Este,2,fa,15268.0
3071,2008-03-09,parliament,ES5,Este,2,fe_de_las_jons,39138.0
3072,2008-03-09,parliament,ES5,Este,2,frente,627.0
3073,2008-03-09,parliament,ES5,Este,2,icbur,0.0
3074,2008-03-09,parliament,ES5,Este,2,imc,0.0
3075,2008-03-09,parliament,ES5,Este,2,ir,26070.0
3076,2008-03-09,parliament,ES5,Este,2,irv,4939.0
3077,2008-03-09,parliament,ES5,Este,2,iu,2983090.0
3078,2008-03-09,parliament,ES5,Este,2,ixc,0.0
3079,2008-03-09,parliament,ES5,Este,2,lilitci,5929.0
3080,2008-03-09,parliament,ES5,Este,2,lve,0.0
3081,2008-03-09,parliament,ES5,Este,2,lvgv,86911.0
3082,2008-03-09,parliament,ES5,Este,2,mfe,0.0
3083,2008-03-09,parliament,ES5,Este,2,mupc,0.0
3084,2008-03-09,parliament,ES5,Este,2,n_som,1155.0
3085,2008-03-09,parliament,ES5,Este,2,nabai,0.0
3086,2008-03-09,parliament,ES5,Este,2,ncccn,0.0
3087,2008-03-09,parliament,ES5,Este,2,onv,16390.0
3088,2008-03-09,parliament,ES5,Este,2,pacma,176792.0
3089,2008-03-09,parliament,ES5,Este,2,paie,0.0
3090,2008-03-09,parliament,ES5,Este,2,par,0.0
3091,2008-03-09,parliament,ES5,Este,2,partido_riojano,0.0
3092,2008-03-09,parliament,ES5,Este,2,pbub,0.0
3093,2008-03-09,parliament,ES5,Este,2,pc,5456.0
3094,2008-03-09,parliament,ES5,Este,2,pcpe,69300.0
3095,2008-03-09,parliament,ES5,Este,2,pcua,0.0
3096,2008-03-09,parliament,ES5,Este,2,pdeal,0.0
3097,2008-03-09,parliament,ES5,Este,2,pdlpea,33550.0
3098,2008-03-09,parliament,ES5,Este,2,pfyv,31262.0
3099,2008-03-09,parliament,ES5,Este,2,ph,21153.0
3100,2008-03-09,parliament,ES5,Este,2,phache,0.0
3101,2008-03-09,parliament,ES5,Este,2,piib,3960.0
3102,2008-03-09,parliament,ES5,Este,2,plci,7436.0
3103,2008-03-09,parliament,ES5,Este,2,pleve,0.0
3104,2008-03-09,parliament,ES5,Este,2,plrv,7095.0
3105,2008-03-09,parliament,ES5,Este,2,pnf_nofumadores,0.0
3106,2008-03-09,parliament,ES5,Este,2,posi,37411.0
3107,2008-03-09,parliament,ES5,Este,2,pp,24579632.0
3108,2008-03-09,parliament,ES5,Este,2,ppcr,0.0
3109,2008-03-09,parliament,ES5,Este,2,prepal,0.0
3110,2008-03-09,parliament,ES5,Este,2,prgu,0.0
3111,2008-03-09,parliament,ES5,Este,2,psd,47839.0
3112,2008-03-09,parliament,ES5,Este,2,psoe,33261536.0
3113,2008-03-09,parliament,ES5,Este,2,puede,0.0
3114,2008-03-09,parliament,ES5,Este,2,pumj,50435.0
3115,2008-03-09,parliament,ES5,Este,2,pxcat,21109.0
3116,2008-03-09,parliament,ES5,Este,2,rc,74206.0
3117,2008-03-09,parliament,ES5,Este,2,rcnnok,47586.0
3118,2008-03-09,parliament,ES5,Este,2,sain,3223.0
3119,2008-03-09,parliament,ES5,Este,2,tc,0.0
3120,2008-03-09,parliament,ES5,Este,2,td,1749.0
3121,2008-03-09,parliament,ES5,Este,2,ucl,0.0
3122,2008-03-09,parliament,ES5,Este,2,ucpic,0.0
3123,2008-03-09,parliament,ES5,Este,2,ud_ca,0.0
3124,2008-03-09,parliament,ES5,Este,2,uleg,0.0
3125,2008-03-09,parliament,ES5,Este,2,unida,0.0
3126,2008-03-09,parliament,ES5,Este,2,unidad_del_pueblo,0.0
3127,2008-03-09,parliament,ES5,Este,2,unitat_per_les_illes,279994.0
3128,2008-03-09,parliament,ES5,Este,2,upl,0.0
3129,2008-03-09,parliament,ES5,Este,2,upyd,315183.0
3130,2008-03-09,parliament,ES5,Este,2,urcl,0.0
3131,2008-03-09,parliament,ES5,Este,2,verdes,80564.0
3132,2008-03-09,parliament,ES6,Sur,0,eligible_voters,80440250.0
3133,2008-03-09,parliament,ES6,Sur,1,issued_ballots,59149321.0
3134,2008-03-09,parliament,ES6,Sur,2,aa,0.0
3135,2008-03-09,parliament,ES6,Sur,2,aba,0.0
3136,2008-03-09,parliament,ES6,Sur,2,abla,0.0
3137,2008-03-09,parliament,ES6,Sur,2,aes,18788.0
3138,2008-03-09,parliament,ES6,Sur,2,agruci,0.0
3139,2008-03-09,parliament,ES6,Sur,2,amd,3916.0
3140,2008-03-09,parliament,ES6,Sur,2,anc,0.0
3141,2008-03-09,parliament,ES6,Sur,2,aralar,0.0
3142,2008-03-09,parliament,ES6,Sur,2,aun,6578.0
3143,2008-03-09,parliament,ES6,Sur,2,ave,0.0
3144,2008-03-09,parliament,ES6,Sur,2,axb,0.0
3145,2008-03-09,parliament,ES6,Sur,2,blocidpvevee,0.0
3146,2008-03-09,parliament,ES6,Sur,2,bng,0.0
3147,2008-03-09,parliament,ES6,Sur,2,ca,755469.0
3148,2008-03-09,parliament,ES6,Sur,2,ccpnc,0.0
3149,2008-03-09,parliament,ES6,Sur,2,cdas,0.0
3150,2008-03-09,parliament,ES6,Sur,2,cdes,0.0
3151,2008-03-09,parliament,ES6,Sur,2,cdl,8437.0
3152,2008-03-09,parliament,ES6,Sur,2,cds,1254.0
3153,2008-03-09,parliament,ES6,Sur,2,cenb,10307.0
3154,2008-03-09,parliament,ES6,Sur,2,centristas_pctr,1364.0
3155,2008-03-09,parliament,ES6,Sur,2,cha,0.0
3156,2008-03-09,parliament,ES6,Sur,2,ciu,0.0
3157,2008-03-09,parliament,ES6,Sur,2,cs,47872.0
3158,2008-03-09,parliament,ES6,Sur,2,ctc,836.0
3159,2008-03-09,parliament,ES6,Sur,2,cva,0.0
3160,2008-03-09,parliament,ES6,Sur,2,dn,23287.0
3161,2008-03-09,parliament,ES6,Sur,2,e,8756.0
3162,2008-03-09,parliament,ES6,Sur,2,ea,0.0
3163,2008-03-09,parliament,ES6,Sur,2,eajpnv,0.0
3164,2008-03-09,parliament,ES6,Sur,2,ei,0.0
3165,2008-03-09,parliament,ES6,Sur,2,esquerra,0.0
3166,2008-03-09,parliament,ES6,Sur,2,evae,0.0
3167,2008-03-09,parliament,ES6,Sur,2,evav,0.0
3168,2008-03-09,parliament,ES6,Sur,2,evlv,0.0
3169,2008-03-09,parliament,ES6,Sur,2,extremadura_unida,0.0
3170,2008-03-09,parliament,ES6,Sur,2,fa,10483.0
3171,2008-03-09,parliament,ES6,Sur,2,fe_de_las_jons,26059.0
3172,2008-03-09,parliament,ES6,Sur,2,frente,4103.0
3173,2008-03-09,parliament,ES6,Sur,2,icbur,0.0
3174,2008-03-09,parliament,ES6,Sur,2,imc,0.0
3175,2008-03-09,parliament,ES6,Sur,2,ir,0.0
3176,2008-03-09,parliament,ES6,Sur,2,irv,0.0
3177,2008-03-09,parliament,ES6,Sur,2,iu,2784001.0
3178,2008-03-09,parliament,ES6,Sur,2,ixc,0.0
3179,2008-03-09,parliament,ES6,Sur,2,lilitci,0.0
3180,2008-03-09,parliament,ES6,Sur,2,lve,0.0
3181,2008-03-09,parliament,ES6,Sur,2,lvgv,3267.0
3182,2008-03-09,parliament,ES6,Sur,2,mfe,0.0
3183,2008-03-09,parliament,ES6,Sur,2,mupc,0.0
3184,2008-03-09,parliament,ES6,Sur,2,n_som,0.0
3185,2008-03-09,parliament,ES6,Sur,2,nabai,0.0
3186,2008-03-09,parliament,ES6,Sur,2,ncccn,0.0
3187,2008-03-09,parliament,ES6,Sur,2,onv,0.0
3188,2008-03-09,parliament,ES6,Sur,2,pacma,90112.0
3189,2008-03-09,parliament,ES6,Sur,2,paie,0.0
3190,2008-03-09,parliament,ES6,Sur,2,par,0.0
3191,2008-03-09,parliament,ES6,Sur,2,partido_riojano,0.0
3192,2008-03-09,parliament,ES6,Sur,2,pbub,0.0
3193,2008-03-09,parliament,ES6,Sur,2,pc,0.0
3194,2008-03-09,parliament,ES6,Sur,2,pcpe,43802.0
3195,2008-03-09,parliament,ES6,Sur,2,pcua,0.0
3196,2008-03-09,parliament,ES6,Sur,2,pdeal,92961.0
3197,2008-03-09,parliament,ES6,Sur,2,pdlpea,0.0
3198,2008-03-09,parliament,ES6,Sur,2,pfyv,23408.0
3199,2008-03-09,parliament,ES6,Sur,2,ph,19789.0
3200,2008-03-09,parliament,ES6,Sur,2,phache,0.0
3201,2008-03-09,parliament,ES6,Sur,2,piib,0.0
3202,2008-03-09,parliament,ES6,Sur,2,plci,0.0
3203,2008-03-09,parliament,ES6,Sur,2,pleve,0.0
3204,2008-03-09,parliament,ES6,Sur,2,plrv,0.0
3205,2008-03-09,parliament,ES6,Sur,2,pnf_nofumadores,0.0
3206,2008-03-09,parliament,ES6,Sur,2,posi,11638.0
3207,2008-03-09,parliament,ES6,Sur,2,pp,24496571.0
3208,2008-03-09,parliament,ES6,Sur,2,ppcr,3300.0
3209,2008-03-09,parliament,ES6,Sur,2,prepal,0.0
3210,2008-03-09,parliament,ES6,Sur,2,prgu,0.0
3211,2008-03-09,parliament,ES6,Sur,2,psd,56815.0
3212,2008-03-09,parliament,ES6,Sur,2,psoe,28866585.0
3213,2008-03-09,parliament,ES6,Sur,2,puede,0.0
3214,2008-03-09,parliament,ES6,Sur,2,pumj,53042.0
3215,2008-03-09,parliament,ES6,Sur,2,pxcat,0.0
3216,2008-03-09,parliament,ES6,Sur,2,rc,0.0
3217,2008-03-09,parliament,ES6,Sur,2,rcnnok,12705.0
3218,2008-03-09,parliament,ES6,Sur,2,sain,15246.0
3219,2008-03-09,parliament,ES6,Sur,2,tc,0.0
3220,2008-03-09,parliament,ES6,Sur,2,td,0.0
3221,2008-03-09,parliament,ES6,Sur,2,ucl,0.0
3222,2008-03-09,parliament,ES6,Sur,2,ucpic,0.0
3223,2008-03-09,parliament,ES6,Sur,2,ud_ca,0.0
3224,2008-03-09,parliament,ES6,Sur,2,uleg,0.0
3225,2008-03-09,parliament,ES6,Sur,2,unida,0.0
3226,2008-03-09,parliament,ES6,Sur,2,unidad_del_pueblo,0.0
3227,2008-03-09,parliament,ES6,Sur,2,unitat_per_les_illes,0.0
3228,2008-03-09,parliament,ES6,Sur,2,upl,0.0
3229,2008-03-09,parliament,ES6,Sur,2,upyd,534468.0
3230,2008-03-09,parliament,ES6,Sur,2,urcl,0.0
3231,2008-03-09,parliament,ES6,Sur,2,verdes,195690.0
3232,2008-03-09,parliament,ES7,Canarias,0,eligible_voters,13735602.0
3233,2008-03-09,parliament,ES7,Canarias,1,issued_ballots,9047655.0
3234,2008-03-09,parliament,ES7,Canarias,2,aa,0.0
3235,2008-03-09,parliament,ES7,Canarias,2,aba,0.0
3236,2008-03-09,parliament,ES7,Canarias,2,abla,0.0
3237,2008-03-09,parliament,ES7,Canarias,2,aes,3132.0
3238,2008-03-09,parliament,ES7,Canarias,2,agruci,0.0
3239,2008-03-09,parliament,ES7,Canarias,2,amd,0.0
3240,2008-03-09,parliament,ES7,Canarias,2,anc,9153.0
3241,2008-03-09,parliament,ES7,Canarias,2,aralar,0.0
3242,2008-03-09,parliament,ES7,Canarias,2,aun,0.0
3243,2008-03-09,parliament,ES7,Canarias,2,ave,0.0
3244,2008-03-09,parliament,ES7,Canarias,2,axb,0.0
3245,2008-03-09,parliament,ES7,Canarias,2,blocidpvevee,0.0
3246,2008-03-09,parliament,ES7,Canarias,2,bng,0.0
3247,2008-03-09,parliament,ES7,Canarias,2,ca,0.0
3248,2008-03-09,parliament,ES7,Canarias,2,ccpnc,1571661.0
3249,2008-03-09,parliament,ES7,Canarias,2,cdas,0.0
3250,2008-03-09,parliament,ES7,Canarias,2,cdes,0.0
3251,2008-03-09,parliament,ES7,Canarias,2,cdl,1872.0
3252,2008-03-09,parliament,ES7,Canarias,2,cds,0.0
3253,2008-03-09,parliament,ES7,Canarias,2,cenb,6075.0
3254,2008-03-09,parliament,ES7,Canarias,2,centristas_pctr,0.0
3255,2008-03-09,parliament,ES7,Canarias,2,cha,0.0
3256,2008-03-09,parliament,ES7,Canarias,2,ciu,0.0
3257,2008-03-09,parliament,ES7,Canarias,2,cs,3177.0
3258,2008-03-09,parliament,ES7,Canarias,2,ctc,0.0
3259,2008-03-09,parliament,ES7,Canarias,2,cva,0.0
3260,2008-03-09,parliament,ES7,Canarias,2,dn,3762.0
3261,2008-03-09,parliament,ES7,Canarias,2,e,0.0
3262,2008-03-09,parliament,ES7,Canarias,2,ea,0.0
3263,2008-03-09,parliament,ES7,Canarias,2,eajpnv,0.0
3264,2008-03-09,parliament,ES7,Canarias,2,ei,0.0
3265,2008-03-09,parliament,ES7,Canarias,2,esquerra,0.0
3266,2008-03-09,parliament,ES7,Canarias,2,evae,0.0
3267,2008-03-09,parliament,ES7,Canarias,2,evav,0.0
3268,2008-03-09,parliament,ES7,Canarias,2,evlv,0.0
3269,2008-03-09,parliament,ES7,Canarias,2,extremadura_unida,0.0
3270,2008-03-09,parliament,ES7,Canarias,2,fa,2187.0
3271,2008-03-09,parliament,ES7,Canarias,2,fe_de_las_jons,2691.0
3272,2008-03-09,parliament,ES7,Canarias,2,frente,765.0
3273,2008-03-09,parliament,ES7,Canarias,2,icbur,0.0
3274,2008-03-09,parliament,ES7,Canarias,2,imc,0.0
3275,2008-03-09,parliament,ES7,Canarias,2,ir,0.0
3276,2008-03-09,parliament,ES7,Canarias,2,irv,0.0
3277,2008-03-09,parliament,ES7,Canarias,2,iu,112248.0
3278,2008-03-09,parliament,ES7,Canarias,2,ixc,0.0
3279,2008-03-09,parliament,ES7,Canarias,2,lilitci,0.0
3280,2008-03-09,parliament,ES7,Canarias,2,lve,0.0
3281,2008-03-09,parliament,ES7,Canarias,2,lvgv,24462.0
3282,2008-03-09,parliament,ES7,Canarias,2,mfe,0.0
3283,2008-03-09,parliament,ES7,Canarias,2,mupc,4473.0
3284,2008-03-09,parliament,ES7,Canarias,2,n_som,0.0
3285,2008-03-09,parliament,ES7,Canarias,2,nabai,0.0
3286,2008-03-09,parliament,ES7,Canarias,2,ncccn,342216.0
3287,2008-03-09,parliament,ES7,Canarias,2,onv,0.0
3288,2008-03-09,parliament,ES7,Canarias,2,pacma,5679.0
3289,2008-03-09,parliament,ES7,Canarias,2,paie,0.0
3290,2008-03-09,parliament,ES7,Canarias,2,par,0.0
3291,2008-03-09,parliament,ES7,Canarias,2,partido_riojano,0.0
3292,2008-03-09,parliament,ES7,Canarias,2,pbub,0.0
3293,2008-03-09,parliament,ES7,Canarias,2,pc,0.0
3294,2008-03-09,parliament,ES7,Canarias,2,pcpe,12222.0
3295,2008-03-09,parliament,ES7,Canarias,2,pcua,0.0
3296,2008-03-09,parliament,ES7,Canarias,2,pdeal,0.0
3297,2008-03-09,parliament,ES7,Canarias,2,pdlpea,0.0
3298,2008-03-09,parliament,ES7,Canarias,2,pfyv,3150.0
3299,2008-03-09,parliament,ES7,Canarias,2,ph,5706.0
3300,2008-03-09,parliament,ES7,Canarias,2,phache,0.0
3301,2008-03-09,parliament,ES7,Canarias,2,piib,0.0
3302,2008-03-09,parliament,ES7,Canarias,2,plci,0.0
3303,2008-03-09,parliament,ES7,Canarias,2,pleve,0.0
3304,2008-03-09,parliament,ES7,Canarias,2,plrv,0.0
3305,2008-03-09,parliament,ES7,Canarias,2,pnf_nofumadores,0.0
3306,2008-03-09,parliament,ES7,Canarias,2,posi,0.0
3307,2008-03-09,parliament,ES7,Canarias,2,pp,3146112.0
3308,2008-03-09,parliament,ES7,Canarias,2,ppcr,0.0
3309,2008-03-09,parliament,ES7,Canarias,2,prepal,0.0
3310,2008-03-09,parliament,ES7,Canarias,2,prgu,0.0
3311,2008-03-09,parliament,ES7,Canarias,2,psd,7713.0
3312,2008-03-09,parliament,ES7,Canarias,2,psoe,3556638.0
3313,2008-03-09,parliament,ES7,Canarias,2,puede,0.0
3314,2008-03-09,parliament,ES7,Canarias,2,pumj,7677.0
3315,2008-03-09,parliament,ES7,Canarias,2,pxcat,0.0
3316,2008-03-09,parliament,ES7,Canarias,2,rc,0.0
3317,2008-03-09,parliament,ES7,Canarias,2,rcnnok,0.0
3318,2008-03-09,parliament,ES7,Canarias,2,sain,2115.0
3319,2008-03-09,parliament,ES7,Canarias,2,tc,0.0
3320,2008-03-09,parliament,ES7,Canarias,2,td,0.0
3321,2008-03-09,parliament,ES7,Canarias,2,ucl,0.0
3322,2008-03-09,parliament,ES7,Canarias,2,ucpic,4176.0
3323,2008-03-09,parliament,ES7,Canarias,2,ud_ca,0.0
3324,2008-03-09,parliament,ES7,Canarias,2,uleg,0.0
3325,2008-03-09,parliament,ES7,Canarias,2,unida,0.0
3326,2008-03-09,parliament,ES7,Canarias,2,unidad_del_pueblo,6291.0
3327,2008-03-09,parliament,ES7,Canarias,2,unitat_per_les_illes,0.0
3328,2008-03-09,parliament,ES7,Canarias,2,upl,0.0
3329,2008-03-09,parliament,ES7,Canarias,2,upyd,32193.0
3330,2008-03-09,parliament,ES7,Canarias,2,urcl,0.0
3331,2008-03-09,parliament,ES7,Canarias,2,verdes,44613.0
3332,2009-06-07,european,ES1,Noroeste,0,eligible_voters,24765204.0
3333,2009-06-07,european,ES1,Noroeste,1,issued_ballots,11000118.0
3334,2009-06-07,european,ES1,Noroeste,2,cpe,4578.0
3335,2009-06-07,european,ES1,Noroeste,2,edpv,630660.0
3336,2009-06-07,european,ES1,Noroeste,2,ii,28830.0
3337,2009-06-07,european,ES1,Noroeste,2,iuicveuiaba,265386.0
3338,2009-06-07,european,ES1,Noroeste,2,other,205572.0
3339,2009-06-07,european,ES1,Noroeste,2,pp,5267682.0
3340,2009-06-07,european,ES1,Noroeste,2,psoe,4150986.0
3341,2009-06-07,european,ES1,Noroeste,2,upyd,239220.0
3342,2009-06-07,european,ES2,Noreste,0,eligible_voters,28138744.0
3343,2009-06-07,european,ES2,Noreste,1,issued_ballots,12258832.0
3344,2009-06-07,european,ES2,Noreste,2,cpe,1701712.0
3345,2009-06-07,european,ES2,Noreste,2,edpv,551616.0
3346,2009-06-07,european,ES2,Noreste,2,ii,1129328.0
3347,2009-06-07,european,ES2,Noreste,2,iuicveuiaba,310624.0
3348,2009-06-07,european,ES2,Noreste,2,other,286808.0
3349,2009-06-07,european,ES2,Noreste,2,pp,3606720.0
3350,2009-06-07,european,ES2,Noreste,2,psoe,4178752.0
3351,2009-06-07,european,ES2,Noreste,2,upyd,270512.0
3352,2009-06-07,european,ES3,Comunidad de Madrid,0,eligible_voters,4564634.0
3353,2009-06-07,european,ES3,Comunidad de Madrid,1,issued_ballots,2300863.0
3354,2009-06-07,european,ES3,Comunidad de Madrid,2,cpe,1147.0
3355,2009-06-07,european,ES3,Comunidad de Madrid,2,edpv,7391.0
3356,2009-06-07,european,ES3,Comunidad de Madrid,2,ii,4031.0
3357,2009-06-07,european,ES3,Comunidad de Madrid,2,iuicveuiaba,103987.0
3358,2009-06-07,european,ES3,Comunidad de Madrid,2,other,62188.0
3359,2009-06-07,european,ES3,Comunidad de Madrid,2,pp,1112670.0
3360,2009-06-07,european,ES3,Comunidad de Madrid,2,psoe,815699.0
3361,2009-06-07,european,ES3,Comunidad de Madrid,2,upyd,156839.0
3362,2009-06-07,european,ES4,Centro (ES),0,eligible_voters,73776624.0
3363,2009-06-07,european,ES4,Centro (ES),1,issued_ballots,37885888.0
3364,2009-06-07,european,ES4,Centro (ES),2,cpe,9280.0
3365,2009-06-07,european,ES4,Centro (ES),2,edpv,78224.0
3366,2009-06-07,european,ES4,Centro (ES),2,ii,42528.0
3367,2009-06-07,european,ES4,Centro (ES),2,iuicveuiaba,978560.0
3368,2009-06-07,european,ES4,Centro (ES),2,other,712128.0
3369,2009-06-07,european,ES4,Centro (ES),2,pp,18853312.0
3370,2009-06-07,european,ES4,Centro (ES),2,psoe,15333456.0
3371,2009-06-07,european,ES4,Centro (ES),2,upyd,1112800.0
3372,2009-06-07,european,ES5,Este,0,eligible_voters,106601121.0
3373,2009-06-07,european,ES5,Este,1,issued_ballots,45542310.0
3374,2009-06-07,european,ES5,Este,2,cpe,5170957.0
3375,2009-06-07,european,ES5,Este,2,edpv,2185381.0
3376,2009-06-07,european,ES5,Este,2,ii,241560.0
3377,2009-06-07,european,ES5,Este,2,iuicveuiaba,1971783.0
3378,2009-06-07,european,ES5,Este,2,lvgve,216667.0
3379,2009-06-07,european,ES5,Este,2,other,1176901.0
3380,2009-06-07,european,ES5,Este,2,pp,15967017.0
3381,2009-06-07,european,ES5,Este,2,psoe,16683766.0
3382,2009-06-07,european,ES5,Este,2,upyd,695090.0
3383,2009-06-07,european,ES6,Sur,0,eligible_voters,81626600.0
3384,2009-06-07,european,ES6,Sur,1,issued_ballots,34632598.0
3385,2009-06-07,european,ES6,Sur,2,cpe,293238.0
3386,2009-06-07,european,ES6,Sur,2,edpv,76274.0
3387,2009-06-07,european,ES6,Sur,2,ii,26290.0
3388,2009-06-07,european,ES6,Sur,2,iuicveuiaba,1662320.0
3389,2009-06-07,european,ES6,Sur,2,other,688655.0
3390,2009-06-07,european,ES6,Sur,2,pp,14861297.0
3391,2009-06-07,european,ES6,Sur,2,psoe,15596845.0
3392,2009-06-07,european,ES6,Sur,2,upyd,894817.0
3393,2009-06-07,european,ES7,Canarias,0,eligible_voters,14043654.0
3394,2009-06-07,european,ES7,Canarias,1,issued_ballots,5508729.0
3395,2009-06-07,european,ES7,Canarias,2,cpe,866673.0
3396,2009-06-07,european,ES7,Canarias,2,edpv,26919.0
3397,2009-06-07,european,ES7,Canarias,2,ii,9999.0
3398,2009-06-07,european,ES7,Canarias,2,iuicveuiaba,87021.0
3399,2009-06-07,european,ES7,Canarias,2,other,141831.0
3400,2009-06-07,european,ES7,Canarias,2,pp,2230821.0
3401,2009-06-07,european,ES7,Canarias,2,psoe,1970712.0
3402,2009-06-07,european,ES7,Canarias,2,upyd,65304.0
3403,2011-11-20,parliament,ES1,Noroeste,0,eligible_voters,25046064.0
3404,2011-11-20,parliament,ES1,Noroeste,1,issued_ballots,16000554.0
3405,2011-11-20,parliament,ES1,Noroeste,2,acima,0.0
3406,2011-11-20,parliament,ES1,Noroeste,2,amaiur,0.0
3407,2011-11-20,parliament,ES1,Noroeste,2,anc,0.0
3408,2011-11-20,parliament,ES1,Noroeste,2,andecha,6522.0
3409,2011-11-20,parliament,ES1,Noroeste,2,anticapitalistas,2124.0
3410,2011-11-20,parliament,ES1,Noroeste,2,basta_ya,2280.0
3411,2011-11-20,parliament,ES1,Noroeste,2,bng,1104222.0
3412,2011-11-20,parliament,ES1,Noroeste,2,caballas,0.0
3413,2011-11-20,parliament,ES1,Noroeste,2,ccd,0.0
3414,2011-11-20,parliament,ES1,Noroeste,2,ccncpnc,0.0
3415,2011-11-20,parliament,ES1,Noroeste,2,cdl,0.0
3416,2011-11-20,parliament,ES1,Noroeste,2,cex,0.0
3417,2011-11-20,parliament,ES1,Noroeste,2,ciu,0.0
3418,2011-11-20,parliament,ES1,Noroeste,2,compromisq,0.0
3419,2011-11-20,parliament,ES1,Noroeste,2,cxxi,8658.0
3420,2011-11-20,parliament,ES1,Noroeste,2,cyd,0.0
3421,2011-11-20,parliament,ES1,Noroeste,2,dec,0.0
3422,2011-11-20,parliament,ES1,Noroeste,2,dn,0.0
3423,2011-11-20,parliament,ES1,Noroeste,2,dne,0.0
3424,2011-11-20,parliament,ES1,Noroeste,2,eajpnv,0.0
3425,2011-11-20,parliament,ES1,Noroeste,2,eb,15192.0
3426,2011-11-20,parliament,ES1,Noroeste,2,equo,99444.0
3427,2011-11-20,parliament,ES1,Noroeste,2,espana,0.0
3428,2011-11-20,parliament,ES1,Noroeste,2,esquerra,0.0
3429,2011-11-20,parliament,ES1,Noroeste,2,fac,556968.0
3430,2011-11-20,parliament,ES1,Noroeste,2,fe_de_las_jons,0.0
3431,2011-11-20,parliament,ES1,Noroeste,2,gbai,0.0
3432,2011-11-20,parliament,ES1,Noroeste,2,hartosorg,5202.0
3433,2011-11-20,parliament,ES1,Noroeste,2,hd,0.0
3434,2011-11-20,parliament,ES1,Noroeste,2,internet,0.0
3435,2011-11-20,parliament,ES1,Noroeste,2,iulv,984684.0
3436,2011-11-20,parliament,ES1,Noroeste,2,lvgv,0.0
3437,2011-11-20,parliament,ES1,Noroeste,2,mas,0.0
3438,2011-11-20,parliament,ES1,Noroeste,2,pa,0.0
3439,2011-11-20,parliament,ES1,Noroeste,2,pacma,64386.0
3440,2011-11-20,parliament,ES1,Noroeste,2,pcas,0.0
3441,2011-11-20,parliament,ES1,Noroeste,2,pcpe,20190.0
3442,2011-11-20,parliament,ES1,Noroeste,2,pdyc,1824.0
3443,2011-11-20,parliament,ES1,Noroeste,2,pfyv,0.0
3444,2011-11-20,parliament,ES1,Noroeste,2,ph,7518.0
3445,2011-11-20,parliament,ES1,Noroeste,2,pirata,0.0
3446,2011-11-20,parliament,ES1,Noroeste,2,piratacat,0.0
3447,2011-11-20,parliament,ES1,Noroeste,2,plib,0.0
3448,2011-11-20,parliament,ES1,Noroeste,2,posi,0.0
3449,2011-11-20,parliament,ES1,Noroeste,2,pp,7630302.0
3450,2011-11-20,parliament,ES1,Noroeste,2,prao,0.0
3451,2011-11-20,parliament,ES1,Noroeste,2,prc,264060.0
3452,2011-11-20,parliament,ES1,Noroeste,2,prde,0.0
3453,2011-11-20,parliament,ES1,Noroeste,2,prepal,0.0
3454,2011-11-20,parliament,ES1,Noroeste,2,prer,0.0
3455,2011-11-20,parliament,ES1,Noroeste,2,psoe,4390698.0
3456,2011-11-20,parliament,ES1,Noroeste,2,pumj,13668.0
3457,2011-11-20,parliament,ES1,Noroeste,2,pxc,0.0
3458,2011-11-20,parliament,ES1,Noroeste,2,rps,1662.0
3459,2011-11-20,parliament,ES1,Noroeste,2,sain,8610.0
3460,2011-11-20,parliament,ES1,Noroeste,2,sxt,0.0
3461,2011-11-20,parliament,ES1,Noroeste,2,uce,9324.0
3462,2011-11-20,parliament,ES1,Noroeste,2,ucit,0.0
3463,2011-11-20,parliament,ES1,Noroeste,2,unidad_del_pueblo,0.0
3464,2011-11-20,parliament,ES1,Noroeste,2,upyd,343824.0
3465,2011-11-20,parliament,ES1,Noroeste,2,urcl,0.0
3466,2011-11-20,parliament,ES1,Noroeste,2,uxv,0.0
3467,2011-11-20,parliament,ES2,Noreste,0,eligible_voters,28200552.0
3468,2011-11-20,parliament,ES2,Noreste,1,issued_ballots,19455384.0
3469,2011-11-20,parliament,ES2,Noreste,2,acima,0.0
3470,2011-11-20,parliament,ES2,Noreste,2,amaiur,2675984.0
3471,2011-11-20,parliament,ES2,Noreste,2,anc,0.0
3472,2011-11-20,parliament,ES2,Noreste,2,andecha,0.0
3473,2011-11-20,parliament,ES2,Noreste,2,anticapitalistas,0.0
3474,2011-11-20,parliament,ES2,Noreste,2,basta_ya,0.0
3475,2011-11-20,parliament,ES2,Noreste,2,bng,0.0
3476,2011-11-20,parliament,ES2,Noreste,2,caballas,0.0
3477,2011-11-20,parliament,ES2,Noreste,2,ccd,0.0
3478,2011-11-20,parliament,ES2,Noreste,2,ccncpnc,0.0
3479,2011-11-20,parliament,ES2,Noreste,2,cdl,0.0
3480,2011-11-20,parliament,ES2,Noreste,2,cex,0.0
3481,2011-11-20,parliament,ES2,Noreste,2,ciu,0.0
3482,2011-11-20,parliament,ES2,Noreste,2,compromisq,0.0
3483,2011-11-20,parliament,ES2,Noreste,2,cxxi,0.0
3484,2011-11-20,parliament,ES2,Noreste,2,cyd,0.0
3485,2011-11-20,parliament,ES2,Noreste,2,dec,4064.0
3486,2011-11-20,parliament,ES2,Noreste,2,dn,0.0
3487,2011-11-20,parliament,ES2,Noreste,2,dne,0.0
3488,2011-11-20,parliament,ES2,Noreste,2,eajpnv,2594536.0
3489,2011-11-20,parliament,ES2,Noreste,2,eb,47936.0
3490,2011-11-20,parliament,ES2,Noreste,2,equo,207696.0
3491,2011-11-20,parliament,ES2,Noreste,2,espana,0.0
3492,2011-11-20,parliament,ES2,Noreste,2,esquerra,0.0
3493,2011-11-20,parliament,ES2,Noreste,2,fac,0.0
3494,2011-11-20,parliament,ES2,Noreste,2,fe_de_las_jons,0.0
3495,2011-11-20,parliament,ES2,Noreste,2,gbai,339320.0
3496,2011-11-20,parliament,ES2,Noreste,2,hartosorg,0.0
3497,2011-11-20,parliament,ES2,Noreste,2,hd,0.0
3498,2011-11-20,parliament,ES2,Noreste,2,internet,0.0
3499,2011-11-20,parliament,ES2,Noreste,2,iulv,1159256.0
3500,2011-11-20,parliament,ES2,Noreste,2,lvgv,0.0
3501,2011-11-20,parliament,ES2,Noreste,2,mas,0.0
3502,2011-11-20,parliament,ES2,Noreste,2,pa,0.0
3503,2011-11-20,parliament,ES2,Noreste,2,pacma,85032.0
3504,2011-11-20,parliament,ES2,Noreste,2,pcas,0.0
3505,2011-11-20,parliament,ES2,Noreste,2,pcpe,14312.0
3506,2011-11-20,parliament,ES2,Noreste,2,pdyc,0.0
3507,2011-11-20,parliament,ES2,Noreste,2,pfyv,0.0
3508,2011-11-20,parliament,ES2,Noreste,2,ph,3704.0
3509,2011-11-20,parliament,ES2,Noreste,2,pirata,19400.0
3510,2011-11-20,parliament,ES2,Noreste,2,piratacat,0.0
3511,2011-11-20,parliament,ES2,Noreste,2,plib,3280.0
3512,2011-11-20,parliament,ES2,Noreste,2,posi,0.0
3513,2011-11-20,parliament,ES2,Noreste,2,pp,6175512.0
3514,2011-11-20,parliament,ES2,Noreste,2,prao,0.0
3515,2011-11-20,parliament,ES2,Noreste,2,prc,0.0
3516,2011-11-20,parliament,ES2,Noreste,2,prde,0.0
3517,2011-11-20,parliament,ES2,Noreste,2,prepal,0.0
3518,2011-11-20,parliament,ES2,Noreste,2,prer,0.0
3519,2011-11-20,parliament,ES2,Noreste,2,psoe,4850280.0
3520,2011-11-20,parliament,ES2,Noreste,2,pumj,55528.0
3521,2011-11-20,parliament,ES2,Noreste,2,pxc,0.0
3522,2011-11-20,parliament,ES2,Noreste,2,rps,0.0
3523,2011-11-20,parliament,ES2,Noreste,2,sain,8488.0
3524,2011-11-20,parliament,ES2,Noreste,2,sxt,1352.0
3525,2011-11-20,parliament,ES2,Noreste,2,uce,18048.0
3526,2011-11-20,parliament,ES2,Noreste,2,ucit,0.0
3527,2011-11-20,parliament,ES2,Noreste,2,unidad_del_pueblo,0.0
3528,2011-11-20,parliament,ES2,Noreste,2,upyd,636080.0
3529,2011-11-20,parliament,ES2,Noreste,2,urcl,0.0
3530,2011-11-20,parliament,ES2,Noreste,2,uxv,0.0
3531,2011-11-20,parliament,ES3,Comunidad de Madrid,0,eligible_voters,4653779.0
3532,2011-11-20,parliament,ES3,Comunidad de Madrid,1,issued_ballots,3409331.0
3533,2011-11-20,parliament,ES3,Comunidad de Madrid,2,acima,0.0
3534,2011-11-20,parliament,ES3,Comunidad de Madrid,2,amaiur,0.0
3535,2011-11-20,parliament,ES3,Comunidad de Madrid,2,anc,0.0
3536,2011-11-20,parliament,ES3,Comunidad de Madrid,2,andecha,0.0
3537,2011-11-20,parliament,ES3,Comunidad de Madrid,2,anticapitalistas,4268.0
3538,2011-11-20,parliament,ES3,Comunidad de Madrid,2,basta_ya,0.0
3539,2011-11-20,parliament,ES3,Comunidad de Madrid,2,bng,0.0
3540,2011-11-20,parliament,ES3,Comunidad de Madrid,2,caballas,0.0
3541,2011-11-20,parliament,ES3,Comunidad de Madrid,2,ccd,0.0
3542,2011-11-20,parliament,ES3,Comunidad de Madrid,2,ccncpnc,0.0
3543,2011-11-20,parliament,ES3,Comunidad de Madrid,2,cdl,0.0
3544,2011-11-20,parliament,ES3,Comunidad de Madrid,2,cex,0.0
3545,2011-11-20,parliament,ES3,Comunidad de Madrid,2,ciu,0.0
3546,2011-11-20,parliament,ES3,Comunidad de Madrid,2,compromisq,0.0
3547,2011-11-20,parliament,ES3,Comunidad de Madrid,2,cxxi,0.0
3548,2011-11-20,parliament,ES3,Comunidad de Madrid,2,cyd,0.0
3549,2011-11-20,parliament,ES3,Comunidad de Madrid,2,dec,0.0
3550,2011-11-20,parliament,ES3,Comunidad de Madrid,2,dn,0.0
3551,2011-11-20,parliament,ES3,Comunidad de Madrid,2,dne,0.0
3552,2011-11-20,parliament,ES3,Comunidad de Madrid,2,eajpnv,0.0
3553,2011-11-20,parliament,ES3,Comunidad de Madrid,2,eb,12877.0
3554,2011-11-20,parliament,ES3,Comunidad de Madrid,2,equo,65169.0
3555,2011-11-20,parliament,ES3,Comunidad de Madrid,2,espana,0.0
3556,2011-11-20,parliament,ES3,Comunidad de Madrid,2,esquerra,0.0
3557,2011-11-20,parliament,ES3,Comunidad de Madrid,2,fac,6645.0
3558,2011-11-20,parliament,ES3,Comunidad de Madrid,2,fe_de_las_jons,0.0
3559,2011-11-20,parliament,ES3,Comunidad de Madrid,2,gbai,0.0
3560,2011-11-20,parliament,ES3,Comunidad de Madrid,2,hartosorg,0.0
3561,2011-11-20,parliament,ES3,Comunidad de Madrid,2,hd,0.0
3562,2011-11-20,parliament,ES3,Comunidad de Madrid,2,internet,0.0
3563,2011-11-20,parliament,ES3,Comunidad de Madrid,2,iulv,271209.0
3564,2011-11-20,parliament,ES3,Comunidad de Madrid,2,lvgv,0.0
3565,2011-11-20,parliament,ES3,Comunidad de Madrid,2,mas,0.0
3566,2011-11-20,parliament,ES3,Comunidad de Madrid,2,pa,0.0
3567,2011-11-20,parliament,ES3,Comunidad de Madrid,2,pacma,13136.0
3568,2011-11-20,parliament,ES3,Comunidad de Madrid,2,pcas,0.0
3569,2011-11-20,parliament,ES3,Comunidad de Madrid,2,pcpe,3815.0
3570,2011-11-20,parliament,ES3,Comunidad de Madrid,2,pdyc,0.0
3571,2011-11-20,parliament,ES3,Comunidad de Madrid,2,pfyv,0.0
3572,2011-11-20,parliament,ES3,Comunidad de Madrid,2,ph,2706.0
3573,2011-11-20,parliament,ES3,Comunidad de Madrid,2,pirata,0.0
3574,2011-11-20,parliament,ES3,Comunidad de Madrid,2,piratacat,0.0
3575,2011-11-20,parliament,ES3,Comunidad de Madrid,2,plib,1655.0
3576,2011-11-20,parliament,ES3,Comunidad de Madrid,2,posi,1723.0
3577,2011-11-20,parliament,ES3,Comunidad de Madrid,2,pp,1719709.0
3578,2011-11-20,parliament,ES3,Comunidad de Madrid,2,prao,0.0
3579,2011-11-20,parliament,ES3,Comunidad de Madrid,2,prc,0.0
3580,2011-11-20,parliament,ES3,Comunidad de Madrid,2,prde,0.0
3581,2011-11-20,parliament,ES3,Comunidad de Madrid,2,prepal,0.0
3582,2011-11-20,parliament,ES3,Comunidad de Madrid,2,prer,0.0
3583,2011-11-20,parliament,ES3,Comunidad de Madrid,2,psoe,878724.0
3584,2011-11-20,parliament,ES3,Comunidad de Madrid,2,pumj,5314.0
3585,2011-11-20,parliament,ES3,Comunidad de Madrid,2,pxc,0.0
3586,2011-11-20,parliament,ES3,Comunidad de Madrid,2,rps,2183.0
3587,2011-11-20,parliament,ES3,Comunidad de Madrid,2,sain,1350.0
3588,2011-11-20,parliament,ES3,Comunidad de Madrid,2,sxt,0.0
3589,2011-11-20,parliament,ES3,Comunidad de Madrid,2,uce,875.0
3590,2011-11-20,parliament,ES3,Comunidad de Madrid,2,ucit,0.0
3591,2011-11-20,parliament,ES3,Comunidad de Madrid,2,unidad_del_pueblo,0.0
3592,2011-11-20,parliament,ES3,Comunidad de Madrid,2,upyd,347354.0
3593,2011-11-20,parliament,ES3,Comunidad de Madrid,2,urcl,0.0
3594,2011-11-20,parliament,ES3,Comunidad de Madrid,2,uxv,0.0
3595,2011-11-20,parliament,ES4,Centro (ES),0,eligible_voters,74366720.0
3596,2011-11-20,parliament,ES4,Centro (ES),1,issued_ballots,54521824.0
3597,2011-11-20,parliament,ES4,Centro (ES),2,acima,0.0
3598,2011-11-20,parliament,ES4,Centro (ES),2,amaiur,0.0
3599,2011-11-20,parliament,ES4,Centro (ES),2,anc,0.0
3600,2011-11-20,parliament,ES4,Centro (ES),2,andecha,0.0
3601,2011-11-20,parliament,ES4,Centro (ES),2,anticapitalistas,14416.0
3602,2011-11-20,parliament,ES4,Centro (ES),2,basta_ya,0.0
3603,2011-11-20,parliament,ES4,Centro (ES),2,bng,0.0
3604,2011-11-20,parliament,ES4,Centro (ES),2,caballas,0.0
3605,2011-11-20,parliament,ES4,Centro (ES),2,ccd,17184.0
3606,2011-11-20,parliament,ES4,Centro (ES),2,ccncpnc,0.0
3607,2011-11-20,parliament,ES4,Centro (ES),2,cdl,2848.0
3608,2011-11-20,parliament,ES4,Centro (ES),2,cex,17440.0
3609,2011-11-20,parliament,ES4,Centro (ES),2,ciu,0.0
3610,2011-11-20,parliament,ES4,Centro (ES),2,compromisq,0.0
3611,2011-11-20,parliament,ES4,Centro (ES),2,cxxi,0.0
3612,2011-11-20,parliament,ES4,Centro (ES),2,cyd,3072.0
3613,2011-11-20,parliament,ES4,Centro (ES),2,dec,0.0
3614,2011-11-20,parliament,ES4,Centro (ES),2,dn,17248.0
3615,2011-11-20,parliament,ES4,Centro (ES),2,dne,0.0
3616,2011-11-20,parliament,ES4,Centro (ES),2,eajpnv,0.0
3617,2011-11-20,parliament,ES4,Centro (ES),2,eb,67376.0
3618,2011-11-20,parliament,ES4,Centro (ES),2,equo,344144.0
3619,2011-11-20,parliament,ES4,Centro (ES),2,espana,0.0
3620,2011-11-20,parliament,ES4,Centro (ES),2,esquerra,0.0
3621,2011-11-20,parliament,ES4,Centro (ES),2,fac,0.0
3622,2011-11-20,parliament,ES4,Centro (ES),2,fe_de_las_jons,19776.0
3623,2011-11-20,parliament,ES4,Centro (ES),2,gbai,0.0
3624,2011-11-20,parliament,ES4,Centro (ES),2,hartosorg,15408.0
3625,2011-11-20,parliament,ES4,Centro (ES),2,hd,3296.0
3626,2011-11-20,parliament,ES4,Centro (ES),2,internet,0.0
3627,2011-11-20,parliament,ES4,Centro (ES),2,iulv,3062352.0
3628,2011-11-20,parliament,ES4,Centro (ES),2,lvgv,0.0
3629,2011-11-20,parliament,ES4,Centro (ES),2,mas,0.0
3630,2011-11-20,parliament,ES4,Centro (ES),2,pa,0.0
3631,2011-11-20,parliament,ES4,Centro (ES),2,pacma,189584.0
3632,2011-11-20,parliament,ES4,Centro (ES),2,pcas,38896.0
3633,2011-11-20,parliament,ES4,Centro (ES),2,pcpe,37120.0
3634,2011-11-20,parliament,ES4,Centro (ES),2,pdyc,0.0
3635,2011-11-20,parliament,ES4,Centro (ES),2,pfyv,1328.0
3636,2011-11-20,parliament,ES4,Centro (ES),2,ph,0.0
3637,2011-11-20,parliament,ES4,Centro (ES),2,pirata,0.0
3638,2011-11-20,parliament,ES4,Centro (ES),2,piratacat,0.0
3639,2011-11-20,parliament,ES4,Centro (ES),2,plib,0.0
3640,2011-11-20,parliament,ES4,Centro (ES),2,posi,0.0
3641,2011-11-20,parliament,ES4,Centro (ES),2,pp,29390288.0
3642,2011-11-20,parliament,ES4,Centro (ES),2,prao,0.0
3643,2011-11-20,parliament,ES4,Centro (ES),2,prc,0.0
3644,2011-11-20,parliament,ES4,Centro (ES),2,prde,0.0
3645,2011-11-20,parliament,ES4,Centro (ES),2,prepal,32928.0
3646,2011-11-20,parliament,ES4,Centro (ES),2,prer,0.0
3647,2011-11-20,parliament,ES4,Centro (ES),2,psoe,16748336.0
3648,2011-11-20,parliament,ES4,Centro (ES),2,pumj,86912.0
3649,2011-11-20,parliament,ES4,Centro (ES),2,pxc,0.0
3650,2011-11-20,parliament,ES4,Centro (ES),2,rps,3200.0
3651,2011-11-20,parliament,ES4,Centro (ES),2,sain,14192.0
3652,2011-11-20,parliament,ES4,Centro (ES),2,sxt,0.0
3653,2011-11-20,parliament,ES4,Centro (ES),2,uce,23952.0
3654,2011-11-20,parliament,ES4,Centro (ES),2,ucit,12560.0
3655,2011-11-20,parliament,ES4,Centro (ES),2,unidad_del_pueblo,0.0
3656,2011-11-20,parliament,ES4,Centro (ES),2,upyd,2789344.0
3657,2011-11-20,parliament,ES4,Centro (ES),2,urcl,11344.0
3658,2011-11-20,parliament,ES4,Centro (ES),2,uxv,0.0
3659,2011-11-20,parliament,ES5,Este,0,eligible_voters,106533999.0
3660,2011-11-20,parliament,ES5,Este,1,issued_ballots,72609768.0
3661,2011-11-20,parliament,ES5,Este,2,acima,0.0
3662,2011-11-20,parliament,ES5,Este,2,amaiur,0.0
3663,2011-11-20,parliament,ES5,Este,2,anc,0.0
3664,2011-11-20,parliament,ES5,Este,2,andecha,0.0
3665,2011-11-20,parliament,ES5,Este,2,anticapitalistas,152636.0
3666,2011-11-20,parliament,ES5,Este,2,basta_ya,0.0
3667,2011-11-20,parliament,ES5,Este,2,bng,0.0
3668,2011-11-20,parliament,ES5,Este,2,caballas,0.0
3669,2011-11-20,parliament,ES5,Este,2,ccd,0.0
3670,2011-11-20,parliament,ES5,Este,2,ccncpnc,0.0
3671,2011-11-20,parliament,ES5,Este,2,cdl,16973.0
3672,2011-11-20,parliament,ES5,Este,2,cex,0.0
3673,2011-11-20,parliament,ES5,Este,2,ciu,11172601.0
3674,2011-11-20,parliament,ES5,Este,2,compromisq,1378366.0
3675,2011-11-20,parliament,ES5,Este,2,cxxi,0.0
3676,2011-11-20,parliament,ES5,Este,2,cyd,0.0
3677,2011-11-20,parliament,ES5,Este,2,dec,0.0
3678,2011-11-20,parliament,ES5,Este,2,dn,0.0
3679,2011-11-20,parliament,ES5,Este,2,dne,0.0
3680,2011-11-20,parliament,ES5,Este,2,eajpnv,0.0
3681,2011-11-20,parliament,ES5,Este,2,eb,650342.0
3682,2011-11-20,parliament,ES5,Este,2,equo,345587.0
3683,2011-11-20,parliament,ES5,Este,2,espana,101926.0
3684,2011-11-20,parliament,ES5,Este,2,esquerra,2826835.0
3685,2011-11-20,parliament,ES5,Este,2,fac,0.0
3686,2011-11-20,parliament,ES5,Este,2,fe_de_las_jons,0.0
3687,2011-11-20,parliament,ES5,Este,2,gbai,0.0
3688,2011-11-20,parliament,ES5,Este,2,hartosorg,11759.0
3689,2011-11-20,parliament,ES5,Este,2,hd,0.0
3690,2011-11-20,parliament,ES5,Este,2,internet,0.0
3691,2011-11-20,parliament,ES5,Este,2,iulv,5187666.0
3692,2011-11-20,parliament,ES5,Este,2,lvgv,0.0
3693,2011-11-20,parliament,ES5,Este,2,mas,0.0
3694,2011-11-20,parliament,ES5,Este,2,pa,0.0
3695,2011-11-20,parliament,ES5,Este,2,pacma,439725.0
3696,2011-11-20,parliament,ES5,Este,2,pcas,0.0
3697,2011-11-20,parliament,ES5,Este,2,pcpe,65714.0
3698,2011-11-20,parliament,ES5,Este,2,pdyc,0.0
3699,2011-11-20,parliament,ES5,Este,2,pfyv,8206.0
3700,2011-11-20,parliament,ES5,Este,2,ph,33033.0
3701,2011-11-20,parliament,ES5,Este,2,pirata,11011.0
3702,2011-11-20,parliament,ES5,Este,2,piratacat,240636.0
3703,2011-11-20,parliament,ES5,Este,2,plib,0.0
3704,2011-11-20,parliament,ES5,Este,2,posi,3124.0
3705,2011-11-20,parliament,ES5,Este,2,pp,25563241.0
3706,2011-11-20,parliament,ES5,Este,2,prao,0.0
3707,2011-11-20,parliament,ES5,Este,2,prc,0.0
3708,2011-11-20,parliament,ES5,Este,2,prde,0.0
3709,2011-11-20,parliament,ES5,Este,2,prepal,0.0
3710,2011-11-20,parliament,ES5,Este,2,prer,4609.0
3711,2011-11-20,parliament,ES5,Este,2,psoe,19211863.0
3712,2011-11-20,parliament,ES5,Este,2,pumj,16049.0
3713,2011-11-20,parliament,ES5,Este,2,pxc,659439.0
3714,2011-11-20,parliament,ES5,Este,2,rps,22396.0
3715,2011-11-20,parliament,ES5,Este,2,sain,0.0
3716,2011-11-20,parliament,ES5,Este,2,sxt,0.0
3717,2011-11-20,parliament,ES5,Este,2,uce,69674.0
3718,2011-11-20,parliament,ES5,Este,2,ucit,0.0
3719,2011-11-20,parliament,ES5,Este,2,unidad_del_pueblo,0.0
3720,2011-11-20,parliament,ES5,Este,2,upyd,2246629.0
3721,2011-11-20,parliament,ES5,Este,2,urcl,0.0
3722,2011-11-20,parliament,ES5,Este,2,uxv,24310.0
3723,2011-11-20,parliament,ES6,Sur,0,eligible_voters,82567925.0
3724,2011-11-20,parliament,ES6,Sur,1,issued_ballots,57243098.0
3725,2011-11-20,parliament,ES6,Sur,2,acima,10626.0
3726,2011-11-20,parliament,ES6,Sur,2,amaiur,0.0
3727,2011-11-20,parliament,ES6,Sur,2,anc,0.0
3728,2011-11-20,parliament,ES6,Sur,2,andecha,0.0
3729,2011-11-20,parliament,ES6,Sur,2,anticapitalistas,31790.0
3730,2011-11-20,parliament,ES6,Sur,2,basta_ya,0.0
3731,2011-11-20,parliament,ES6,Sur,2,bng,0.0
3732,2011-11-20,parliament,ES6,Sur,2,caballas,18832.0
3733,2011-11-20,parliament,ES6,Sur,2,ccd,0.0
3734,2011-11-20,parliament,ES6,Sur,2,ccncpnc,0.0
3735,2011-11-20,parliament,ES6,Sur,2,cdl,12397.0
3736,2011-11-20,parliament,ES6,Sur,2,cex,0.0
3737,2011-11-20,parliament,ES6,Sur,2,ciu,0.0
3738,2011-11-20,parliament,ES6,Sur,2,compromisq,0.0
3739,2011-11-20,parliament,ES6,Sur,2,cxxi,0.0
3740,2011-11-20,parliament,ES6,Sur,2,cyd,5808.0
3741,2011-11-20,parliament,ES6,Sur,2,dec,2970.0
3742,2011-11-20,parliament,ES6,Sur,2,dn,8679.0
3743,2011-11-20,parliament,ES6,Sur,2,dne,0.0
3744,2011-11-20,parliament,ES6,Sur,2,eajpnv,0.0
3745,2011-11-20,parliament,ES6,Sur,2,eb,142329.0
3746,2011-11-20,parliament,ES6,Sur,2,equo,445830.0
3747,2011-11-20,parliament,ES6,Sur,2,espana,0.0
3748,2011-11-20,parliament,ES6,Sur,2,esquerra,0.0
3749,2011-11-20,parliament,ES6,Sur,2,fac,0.0
3750,2011-11-20,parliament,ES6,Sur,2,fe_de_las_jons,18282.0
3751,2011-11-20,parliament,ES6,Sur,2,gbai,0.0
3752,2011-11-20,parliament,ES6,Sur,2,hartosorg,10131.0
3753,2011-11-20,parliament,ES6,Sur,2,hd,0.0
3754,2011-11-20,parliament,ES6,Sur,2,internet,6633.0
3755,2011-11-20,parliament,ES6,Sur,2,iulv,4429524.0
3756,2011-11-20,parliament,ES6,Sur,2,lvgv,3223.0
3757,2011-11-20,parliament,ES6,Sur,2,mas,8701.0
3758,2011-11-20,parliament,ES6,Sur,2,pa,846989.0
3759,2011-11-20,parliament,ES6,Sur,2,pacma,120098.0
3760,2011-11-20,parliament,ES6,Sur,2,pcas,0.0
3761,2011-11-20,parliament,ES6,Sur,2,pcpe,73546.0
3762,2011-11-20,parliament,ES6,Sur,2,pdyc,0.0
3763,2011-11-20,parliament,ES6,Sur,2,pfyv,0.0
3764,2011-11-20,parliament,ES6,Sur,2,ph,18216.0
3765,2011-11-20,parliament,ES6,Sur,2,pirata,0.0
3766,2011-11-20,parliament,ES6,Sur,2,piratacat,0.0
3767,2011-11-20,parliament,ES6,Sur,2,plib,0.0
3768,2011-11-20,parliament,ES6,Sur,2,posi,0.0
3769,2011-11-20,parliament,ES6,Sur,2,pp,27458849.0
3770,2011-11-20,parliament,ES6,Sur,2,prao,19624.0
3771,2011-11-20,parliament,ES6,Sur,2,prc,0.0
3772,2011-11-20,parliament,ES6,Sur,2,prde,7458.0
3773,2011-11-20,parliament,ES6,Sur,2,prepal,0.0
3774,2011-11-20,parliament,ES6,Sur,2,prer,0.0
3775,2011-11-20,parliament,ES6,Sur,2,psoe,19385619.0
3776,2011-11-20,parliament,ES6,Sur,2,pumj,34254.0
3777,2011-11-20,parliament,ES6,Sur,2,pxc,0.0
3778,2011-11-20,parliament,ES6,Sur,2,rps,8074.0
3779,2011-11-20,parliament,ES6,Sur,2,sain,19954.0
3780,2011-11-20,parliament,ES6,Sur,2,sxt,0.0
3781,2011-11-20,parliament,ES6,Sur,2,uce,26114.0
3782,2011-11-20,parliament,ES6,Sur,2,ucit,0.0
3783,2011-11-20,parliament,ES6,Sur,2,unidad_del_pueblo,0.0
3784,2011-11-20,parliament,ES6,Sur,2,upyd,2815560.0
3785,2011-11-20,parliament,ES6,Sur,2,urcl,0.0
3786,2011-11-20,parliament,ES6,Sur,2,uxv,0.0
3787,2011-11-20,parliament,ES7,Canarias,0,eligible_voters,14285655.0
3788,2011-11-20,parliament,ES7,Canarias,1,issued_ballots,8514072.0
3789,2011-11-20,parliament,ES7,Canarias,2,acima,0.0
3790,2011-11-20,parliament,ES7,Canarias,2,amaiur,0.0
3791,2011-11-20,parliament,ES7,Canarias,2,anc,28620.0
3792,2011-11-20,parliament,ES7,Canarias,2,andecha,0.0
3793,2011-11-20,parliament,ES7,Canarias,2,anticapitalistas,0.0
3794,2011-11-20,parliament,ES7,Canarias,2,basta_ya,0.0
3795,2011-11-20,parliament,ES7,Canarias,2,bng,0.0
3796,2011-11-20,parliament,ES7,Canarias,2,caballas,0.0
3797,2011-11-20,parliament,ES7,Canarias,2,ccd,0.0
3798,2011-11-20,parliament,ES7,Canarias,2,ccncpnc,1294929.0
3799,2011-11-20,parliament,ES7,Canarias,2,cdl,0.0
3800,2011-11-20,parliament,ES7,Canarias,2,cex,0.0
3801,2011-11-20,parliament,ES7,Canarias,2,ciu,0.0
3802,2011-11-20,parliament,ES7,Canarias,2,compromisq,0.0
3803,2011-11-20,parliament,ES7,Canarias,2,cxxi,0.0
3804,2011-11-20,parliament,ES7,Canarias,2,cyd,0.0
3805,2011-11-20,parliament,ES7,Canarias,2,dec,0.0
3806,2011-11-20,parliament,ES7,Canarias,2,dn,0.0
3807,2011-11-20,parliament,ES7,Canarias,2,dne,0.0
3808,2011-11-20,parliament,ES7,Canarias,2,eajpnv,0.0
3809,2011-11-20,parliament,ES7,Canarias,2,eb,0.0
3810,2011-11-20,parliament,ES7,Canarias,2,equo,140283.0
3811,2011-11-20,parliament,ES7,Canarias,2,espana,0.0
3812,2011-11-20,parliament,ES7,Canarias,2,esquerra,0.0
3813,2011-11-20,parliament,ES7,Canarias,2,fac,0.0
3814,2011-11-20,parliament,ES7,Canarias,2,fe_de_las_jons,0.0
3815,2011-11-20,parliament,ES7,Canarias,2,gbai,0.0
3816,2011-11-20,parliament,ES7,Canarias,2,hartosorg,0.0
3817,2011-11-20,parliament,ES7,Canarias,2,hd,0.0
3818,2011-11-20,parliament,ES7,Canarias,2,internet,0.0
3819,2011-11-20,parliament,ES7,Canarias,2,iulv,361107.0
3820,2011-11-20,parliament,ES7,Canarias,2,lvgv,0.0
3821,2011-11-20,parliament,ES7,Canarias,2,mas,0.0
3822,2011-11-20,parliament,ES7,Canarias,2,pa,0.0
3823,2011-11-20,parliament,ES7,Canarias,2,pacma,44154.0
3824,2011-11-20,parliament,ES7,Canarias,2,pcas,0.0
3825,2011-11-20,parliament,ES7,Canarias,2,pcpe,20745.0
3826,2011-11-20,parliament,ES7,Canarias,2,pdyc,0.0
3827,2011-11-20,parliament,ES7,Canarias,2,pfyv,0.0
3828,2011-11-20,parliament,ES7,Canarias,2,ph,9459.0
3829,2011-11-20,parliament,ES7,Canarias,2,pirata,0.0
3830,2011-11-20,parliament,ES7,Canarias,2,piratacat,0.0
3831,2011-11-20,parliament,ES7,Canarias,2,plib,0.0
3832,2011-11-20,parliament,ES7,Canarias,2,posi,0.0
3833,2011-11-20,parliament,ES7,Canarias,2,pp,4015062.0
3834,2011-11-20,parliament,ES7,Canarias,2,prao,0.0
3835,2011-11-20,parliament,ES7,Canarias,2,prc,0.0
3836,2011-11-20,parliament,ES7,Canarias,2,prde,0.0
3837,2011-11-20,parliament,ES7,Canarias,2,prepal,0.0
3838,2011-11-20,parliament,ES7,Canarias,2,prer,0.0
3839,2011-11-20,parliament,ES7,Canarias,2,psoe,2079774.0
3840,2011-11-20,parliament,ES7,Canarias,2,pumj,24048.0
3841,2011-11-20,parliament,ES7,Canarias,2,pxc,0.0
3842,2011-11-20,parliament,ES7,Canarias,2,rps,0.0
3843,2011-11-20,parliament,ES7,Canarias,2,sain,2844.0
3844,2011-11-20,parliament,ES7,Canarias,2,sxt,0.0
3845,2011-11-20,parliament,ES7,Canarias,2,uce,8811.0
3846,2011-11-20,parliament,ES7,Canarias,2,ucit,0.0
3847,2011-11-20,parliament,ES7,Canarias,2,unidad_del_pueblo,10242.0
3848,2011-11-20,parliament,ES7,Canarias,2,upyd,220716.0
3849,2011-11-20,parliament,ES7,Canarias,2,urcl,0.0
3850,2011-11-20,parliament,ES7,Canarias,2,uxv,0.0
3851,2014-05-25,european,ES1,Noroeste,0,eligible_voters,25188618.0
3852,2014-05-25,european,ES1,Noroeste,1,issued_ballots,9920970.0
3853,2014-05-25,european,ES1,Noroeste,2,acnvbarpraorepounio,3612.0
3854,2014-05-25,european,ES1,Noroeste,2,alter,7584.0
3855,2014-05-25,european,ES1,Noroeste,2,ceu,61890.0
3856,2014-05-25,european,ES1,Noroeste,2,cilus,12162.0
3857,2014-05-25,european,ES1,Noroeste,2,cs,194220.0
3858,2014-05-25,european,ES1,Noroeste,2,discapacitados_y_enfermedades_raras,18258.0
3859,2014-05-25,european,ES1,Noroeste,2,dn,7356.0
3860,2014-05-25,european,ES1,Noroeste,2,eb,89304.0
3861,2014-05-25,european,ES1,Noroeste,2,epdd,7878.0
3862,2014-05-25,european,ES1,Noroeste,2,extremadura_unida,2508.0
3863,2014-05-25,european,ES1,Noroeste,2,fac,107280.0
3864,2014-05-25,european,ES1,Noroeste,2,fe_de_las_jons,10488.0
3865,2014-05-25,european,ES1,Noroeste,2,ifem,14910.0
3866,2014-05-25,european,ES1,Noroeste,2,impulsosocial,8388.0
3867,2014-05-25,european,ES1,Noroeste,2,ipexprexcrex,2010.0
3868,2014-05-25,european,ES1,Noroeste,2,la_izquierda_plural,1052238.0
3869,2014-05-25,european,ES1,Noroeste,2,lem,6846.0
3870,2014-05-25,european,ES1,Noroeste,2,lpd,493542.0
3871,2014-05-25,european,ES1,Noroeste,2,mcr,3360.0
3872,2014-05-25,european,ES1,Noroeste,2,movimiento_red,68370.0
3873,2014-05-25,european,ES1,Noroeste,2,msr,5256.0
3874,2014-05-25,european,ES1,Noroeste,2,pacma,104094.0
3875,2014-05-25,european,ES1,Noroeste,2,partido_andalucista,1872.0
3876,2014-05-25,european,ES1,Noroeste,2,partido_x,47364.0
3877,2014-05-25,european,ES1,Noroeste,2,pcpe,21828.0
3878,2014-05-25,european,ES1,Noroeste,2,ph,10716.0
3879,2014-05-25,european,ES1,Noroeste,2,piratas,25374.0
3880,2014-05-25,european,ES1,Noroeste,2,plib,6132.0
3881,2014-05-25,european,ES1,Noroeste,2,podemos,940536.0
3882,2014-05-25,european,ES1,Noroeste,2,pp,3153498.0
3883,2014-05-25,european,ES1,Noroeste,2,prepal,3348.0
3884,2014-05-25,european,ES1,Noroeste,2,primavera_europea,80946.0
3885,2014-05-25,european,ES1,Noroeste,2,psoe,2240670.0
3886,2014-05-25,european,ES1,Noroeste,2,pt,14994.0
3887,2014-05-25,european,ES1,Noroeste,2,recortes_cero,21090.0
3888,2014-05-25,european,ES1,Noroeste,2,rrue,6906.0
3889,2014-05-25,european,ES1,Noroeste,2,sain,6036.0
3890,2014-05-25,european,ES1,Noroeste,2,upyd,455256.0
3891,2014-05-25,european,ES1,Noroeste,2,vox,100092.0
3892,2014-05-25,european,ES2,Noreste,0,eligible_voters,28434376.0
3893,2014-05-25,european,ES2,Noreste,1,issued_ballots,12616344.0
3894,2014-05-25,european,ES2,Noreste,2,acnvbarpraorepounio,7120.0
3895,2014-05-25,european,ES2,Noreste,2,alter,5904.0
3896,2014-05-25,european,ES2,Noreste,2,ceu,1719960.0
3897,2014-05-25,european,ES2,Noreste,2,cilus,12192.0
3898,2014-05-25,european,ES2,Noreste,2,cs,209400.0
3899,2014-05-25,european,ES2,Noreste,2,discapacitados_y_enfermedades_raras,29464.0
3900,2014-05-25,european,ES2,Noreste,2,dn,7896.0
3901,2014-05-25,european,ES2,Noreste,2,eb,151136.0
3902,2014-05-25,european,ES2,Noreste,2,epdd,13864.0
3903,2014-05-25,european,ES2,Noreste,2,extremadura_unida,4720.0
3904,2014-05-25,european,ES2,Noreste,2,fac,12480.0
3905,2014-05-25,european,ES2,Noreste,2,fe_de_las_jons,11360.0
3906,2014-05-25,european,ES2,Noreste,2,ifem,17832.0
3907,2014-05-25,european,ES2,Noreste,2,impulsosocial,15808.0
3908,2014-05-25,european,ES2,Noreste,2,ipexprexcrex,2448.0
3909,2014-05-25,european,ES2,Noreste,2,la_izquierda_plural,924288.0
3910,2014-05-25,european,ES2,Noreste,2,lem,7968.0
3911,2014-05-25,european,ES2,Noreste,2,lpd,1786208.0
3912,2014-05-25,european,ES2,Noreste,2,mcr,2864.0
3913,2014-05-25,european,ES2,Noreste,2,movimiento_red,77400.0
3914,2014-05-25,european,ES2,Noreste,2,msr,7712.0
3915,2014-05-25,european,ES2,Noreste,2,pacma,119744.0
3916,2014-05-25,european,ES2,Noreste,2,partido_andalucista,2088.0
3917,2014-05-25,european,ES2,Noreste,2,partido_x,80008.0
3918,2014-05-25,european,ES2,Noreste,2,pcpe,20040.0
3919,2014-05-25,european,ES2,Noreste,2,ph,10256.0
3920,2014-05-25,european,ES2,Noreste,2,piratas,29400.0
3921,2014-05-25,european,ES2,Noreste,2,plib,6688.0
3922,2014-05-25,european,ES2,Noreste,2,podemos,1003808.0
3923,2014-05-25,european,ES2,Noreste,2,pp,2438232.0
3924,2014-05-25,european,ES2,Noreste,2,prepal,4200.0
3925,2014-05-25,european,ES2,Noreste,2,primavera_europea,299512.0
3926,2014-05-25,european,ES2,Noreste,2,psoe,2206512.0
3927,2014-05-25,european,ES2,Noreste,2,pt,9144.0
3928,2014-05-25,european,ES2,Noreste,2,recortes_cero,31584.0
3929,2014-05-25,european,ES2,Noreste,2,rrue,6864.0
3930,2014-05-25,european,ES2,Noreste,2,sain,8160.0
3931,2014-05-25,european,ES2,Noreste,2,upyd,677352.0
3932,2014-05-25,european,ES2,Noreste,2,vox,160336.0
3933,2014-05-25,european,ES3,Comunidad de Madrid,0,eligible_voters,4850462.0
3934,2014-05-25,european,ES3,Comunidad de Madrid,1,issued_ballots,2253241.0
3935,2014-05-25,european,ES3,Comunidad de Madrid,2,acnvbarpraorepounio,543.0
3936,2014-05-25,european,ES3,Comunidad de Madrid,2,alter,829.0
3937,2014-05-25,european,ES3,Comunidad de Madrid,2,ceu,1531.0
3938,2014-05-25,european,ES3,Comunidad de Madrid,2,cilus,2178.0
3939,2014-05-25,european,ES3,Comunidad de Madrid,2,cs,106807.0
3940,2014-05-25,european,ES3,Comunidad de Madrid,2,discapacitados_y_enfermedades_raras,5150.0
3941,2014-05-25,european,ES3,Comunidad de Madrid,2,dn,2423.0
3942,2014-05-25,european,ES3,Comunidad de Madrid,2,eb,13225.0
3943,2014-05-25,european,ES3,Comunidad de Madrid,2,epdd,1291.0
3944,2014-05-25,european,ES3,Comunidad de Madrid,2,extremadura_unida,2049.0
3945,2014-05-25,european,ES3,Comunidad de Madrid,2,fac,2118.0
3946,2014-05-25,european,ES3,Comunidad de Madrid,2,fe_de_las_jons,4225.0
3947,2014-05-25,european,ES3,Comunidad de Madrid,2,ifem,2928.0
3948,2014-05-25,european,ES3,Comunidad de Madrid,2,impulsosocial,4155.0
3949,2014-05-25,european,ES3,Comunidad de Madrid,2,ipexprexcrex,979.0
3950,2014-05-25,european,ES3,Comunidad de Madrid,2,la_izquierda_plural,234667.0
3951,2014-05-25,european,ES3,Comunidad de Madrid,2,lem,4288.0
3952,2014-05-25,european,ES3,Comunidad de Madrid,2,lpd,2570.0
3953,2014-05-25,european,ES3,Comunidad de Madrid,2,mcr,874.0
3954,2014-05-25,european,ES3,Comunidad de Madrid,2,movimiento_red,17161.0
3955,2014-05-25,european,ES3,Comunidad de Madrid,2,msr,1537.0
3956,2014-05-25,european,ES3,Comunidad de Madrid,2,pacma,28247.0
3957,2014-05-25,european,ES3,Comunidad de Madrid,2,partido_andalucista,598.0
3958,2014-05-25,european,ES3,Comunidad de Madrid,2,partido_x,16569.0
3959,2014-05-25,european,ES3,Comunidad de Madrid,2,pcpe,3468.0
3960,2014-05-25,european,ES3,Comunidad de Madrid,2,ph,2185.0
3961,2014-05-25,european,ES3,Comunidad de Madrid,2,piratas,5113.0
3962,2014-05-25,european,ES3,Comunidad de Madrid,2,plib,1625.0
3963,2014-05-25,european,ES3,Comunidad de Madrid,2,podemos,252529.0
3964,2014-05-25,european,ES3,Comunidad de Madrid,2,pp,665244.0
3965,2014-05-25,european,ES3,Comunidad de Madrid,2,prepal,838.0
3966,2014-05-25,european,ES3,Comunidad de Madrid,2,primavera_europea,44477.0
3967,2014-05-25,european,ES3,Comunidad de Madrid,2,psoe,420594.0
3968,2014-05-25,european,ES3,Comunidad de Madrid,2,pt,921.0
3969,2014-05-25,european,ES3,Comunidad de Madrid,2,recortes_cero,3653.0
3970,2014-05-25,european,ES3,Comunidad de Madrid,2,rrue,870.0
3971,2014-05-25,european,ES3,Comunidad de Madrid,2,sain,906.0
3972,2014-05-25,european,ES3,Comunidad de Madrid,2,upyd,235114.0
3973,2014-05-25,european,ES3,Comunidad de Madrid,2,vox,81405.0
3974,2014-05-25,european,ES4,Centro (ES),0,eligible_voters,74364880.0
3975,2014-05-25,european,ES4,Centro (ES),1,issued_ballots,34018384.0
3976,2014-05-25,european,ES4,Centro (ES),2,acnvbarpraorepounio,10096.0
3977,2014-05-25,european,ES4,Centro (ES),2,alter,15088.0
3978,2014-05-25,european,ES4,Centro (ES),2,ceu,22816.0
3979,2014-05-25,european,ES4,Centro (ES),2,cilus,34928.0
3980,2014-05-25,european,ES4,Centro (ES),2,cs,727696.0
3981,2014-05-25,european,ES4,Centro (ES),2,discapacitados_y_enfermedades_raras,57136.0
3982,2014-05-25,european,ES4,Centro (ES),2,dn,38544.0
3983,2014-05-25,european,ES4,Centro (ES),2,eb,167616.0
3984,2014-05-25,european,ES4,Centro (ES),2,epdd,12000.0
3985,2014-05-25,european,ES4,Centro (ES),2,extremadura_unida,46976.0
3986,2014-05-25,european,ES4,Centro (ES),2,fac,51072.0
3987,2014-05-25,european,ES4,Centro (ES),2,fe_de_las_jons,55792.0
3988,2014-05-25,european,ES4,Centro (ES),2,ifem,43936.0
3989,2014-05-25,european,ES4,Centro (ES),2,impulsosocial,31584.0
3990,2014-05-25,european,ES4,Centro (ES),2,ipexprexcrex,40432.0
3991,2014-05-25,european,ES4,Centro (ES),2,la_izquierda_plural,2667584.0
3992,2014-05-25,european,ES4,Centro (ES),2,lem,38448.0
3993,2014-05-25,european,ES4,Centro (ES),2,lpd,33856.0
3994,2014-05-25,european,ES4,Centro (ES),2,mcr,8320.0
3995,2014-05-25,european,ES4,Centro (ES),2,movimiento_red,179216.0
3996,2014-05-25,european,ES4,Centro (ES),2,msr,18928.0
3997,2014-05-25,european,ES4,Centro (ES),2,pacma,259152.0
3998,2014-05-25,european,ES4,Centro (ES),2,partido_andalucista,6912.0
3999,2014-05-25,european,ES4,Centro (ES),2,partido_x,148240.0
4000,2014-05-25,european,ES4,Centro (ES),2,pcpe,48416.0
4001,2014-05-25,european,ES4,Centro (ES),2,ph,27712.0
4002,2014-05-25,european,ES4,Centro (ES),2,piratas,47632.0
4003,2014-05-25,european,ES4,Centro (ES),2,plib,16784.0
4004,2014-05-25,european,ES4,Centro (ES),2,podemos,2286432.0
4005,2014-05-25,european,ES4,Centro (ES),2,pp,12338448.0
4006,2014-05-25,european,ES4,Centro (ES),2,prepal,40528.0
4007,2014-05-25,european,ES4,Centro (ES),2,primavera_europea,267808.0
4008,2014-05-25,european,ES4,Centro (ES),2,psoe,9325216.0
4009,2014-05-25,european,ES4,Centro (ES),2,pt,13792.0
4010,2014-05-25,european,ES4,Centro (ES),2,recortes_cero,44448.0
4011,2014-05-25,european,ES4,Centro (ES),2,rrue,17072.0
4012,2014-05-25,european,ES4,Centro (ES),2,sain,17760.0
4013,2014-05-25,european,ES4,Centro (ES),2,upyd,2451056.0
4014,2014-05-25,european,ES4,Centro (ES),2,vox,613216.0
4015,2014-05-25,european,ES5,Este,0,eligible_voters,109235665.0
4016,2014-05-25,european,ES5,Este,1,issued_ballots,50704357.0
4017,2014-05-25,european,ES5,Este,2,acnvbarpraorepounio,75273.0
4018,2014-05-25,european,ES5,Este,2,alter,28457.0
4019,2014-05-25,european,ES5,Este,2,ceu,6079700.0
4020,2014-05-25,european,ES5,Este,2,cilus,67870.0
4021,2014-05-25,european,ES5,Este,2,cs,2372656.0
4022,2014-05-25,european,ES5,Este,2,discapacitados_y_enfermedades_raras,104731.0
4023,2014-05-25,european,ES5,Este,2,dn,36762.0
4024,2014-05-25,european,ES5,Este,2,eb,383691.0
4025,2014-05-25,european,ES5,Este,2,epdd,6855464.0
4026,2014-05-25,european,ES5,Este,2,extremadura_unida,21549.0
4027,2014-05-25,european,ES5,Este,2,fac,44121.0
4028,2014-05-25,european,ES5,Este,2,fe_de_las_jons,67452.0
4029,2014-05-25,european,ES5,Este,2,ifem,81125.0
4030,2014-05-25,european,ES5,Este,2,impulsosocial,49632.0
4031,2014-05-25,european,ES5,Este,2,ipexprexcrex,11759.0
4032,2014-05-25,european,ES5,Este,2,la_izquierda_plural,5160892.0
4033,2014-05-25,european,ES5,Este,2,lem,56133.0
4034,2014-05-25,european,ES5,Este,2,lpd,112783.0
4035,2014-05-25,european,ES5,Este,2,mcr,14366.0
4036,2014-05-25,european,ES5,Este,2,movimiento_red,344333.0
4037,2014-05-25,european,ES5,Este,2,msr,26708.0
4038,2014-05-25,european,ES5,Este,2,pacma,652971.0
4039,2014-05-25,european,ES5,Este,2,partido_andalucista,22814.0
4040,2014-05-25,european,ES5,Este,2,partido_x,341770.0
4041,2014-05-25,european,ES5,Este,2,pcpe,104973.0
4042,2014-05-25,european,ES5,Este,2,ph,46684.0
4043,2014-05-25,european,ES5,Este,2,piratas,185449.0
4044,2014-05-25,european,ES5,Este,2,plib,30327.0
4045,2014-05-25,european,ES5,Este,2,podemos,3184302.0
4046,2014-05-25,european,ES5,Este,2,pp,9146577.0
4047,2014-05-25,european,ES5,Este,2,prepal,12793.0
4048,2014-05-25,european,ES5,Este,2,primavera_europea,1686938.0
4049,2014-05-25,european,ES5,Este,2,psoe,8781003.0
4050,2014-05-25,european,ES5,Este,2,pt,32439.0
4051,2014-05-25,european,ES5,Este,2,recortes_cero,103950.0
4052,2014-05-25,european,ES5,Este,2,rrue,25916.0
4053,2014-05-25,european,ES5,Este,2,sain,11319.0
4054,2014-05-25,european,ES5,Este,2,upyd,2203201.0
4055,2014-05-25,european,ES5,Este,2,vox,462550.0
4056,2014-05-25,european,ES6,Sur,0,eligible_voters,84289799.0
4057,2014-05-25,european,ES6,Sur,1,issued_ballots,35142206.0
4058,2014-05-25,european,ES6,Sur,2,acnvbarpraorepounio,17072.0
4059,2014-05-25,european,ES6,Sur,2,alter,18051.0
4060,2014-05-25,european,ES6,Sur,2,ceu,15433.0
4061,2014-05-25,european,ES6,Sur,2,cilus,35002.0
4062,2014-05-25,european,ES6,Sur,2,cs,688325.0
4063,2014-05-25,european,ES6,Sur,2,discapacitados_y_enfermedades_raras,68684.0
4064,2014-05-25,european,ES6,Sur,2,dn,24024.0
4065,2014-05-25,european,ES6,Sur,2,eb,203357.0
4066,2014-05-25,european,ES6,Sur,2,epdd,12078.0
4067,2014-05-25,european,ES6,Sur,2,extremadura_unida,7238.0
4068,2014-05-25,european,ES6,Sur,2,fac,35937.0
4069,2014-05-25,european,ES6,Sur,2,fe_de_las_jons,44792.0
4070,2014-05-25,european,ES6,Sur,2,ifem,41899.0
4071,2014-05-25,european,ES6,Sur,2,impulsosocial,35365.0
4072,2014-05-25,european,ES6,Sur,2,ipexprexcrex,6226.0
4073,2014-05-25,european,ES6,Sur,2,la_izquierda_plural,3894880.0
4074,2014-05-25,european,ES6,Sur,2,lem,28545.0
4075,2014-05-25,european,ES6,Sur,2,lpd,28248.0
4076,2014-05-25,european,ES6,Sur,2,mcr,11198.0
4077,2014-05-25,european,ES6,Sur,2,movimiento_red,217580.0
4078,2014-05-25,european,ES6,Sur,2,msr,17402.0
4079,2014-05-25,european,ES6,Sur,2,pacma,338558.0
4080,2014-05-25,european,ES6,Sur,2,partido_andalucista,502073.0
4081,2014-05-25,european,ES6,Sur,2,partido_x,232177.0
4082,2014-05-25,european,ES6,Sur,2,pcpe,58256.0
4083,2014-05-25,european,ES6,Sur,2,ph,27005.0
4084,2014-05-25,european,ES6,Sur,2,piratas,51909.0
4085,2014-05-25,european,ES6,Sur,2,plib,20020.0
4086,2014-05-25,european,ES6,Sur,2,podemos,2462867.0
4087,2014-05-25,european,ES6,Sur,2,pp,9527947.0
4088,2014-05-25,european,ES6,Sur,2,prepal,7942.0
4089,2014-05-25,european,ES6,Sur,2,primavera_europea,341781.0
4090,2014-05-25,european,ES6,Sur,2,psoe,11399300.0
4091,2014-05-25,european,ES6,Sur,2,pt,11737.0
4092,2014-05-25,european,ES6,Sur,2,recortes_cero,63316.0
4093,2014-05-25,european,ES6,Sur,2,rrue,17347.0
4094,2014-05-25,european,ES6,Sur,2,sain,15774.0
4095,2014-05-25,european,ES6,Sur,2,upyd,2569666.0
4096,2014-05-25,european,ES6,Sur,2,vox,478885.0
4097,2014-05-25,european,ES7,Canarias,0,eligible_voters,15031737.0
4098,2014-05-25,european,ES7,Canarias,1,issued_ballots,5255820.0
4099,2014-05-25,european,ES7,Canarias,2,acnvbarpraorepounio,3969.0
4100,2014-05-25,european,ES7,Canarias,2,alter,5319.0
4101,2014-05-25,european,ES7,Canarias,2,ceu,626409.0
4102,2014-05-25,european,ES7,Canarias,2,cilus,9207.0
4103,2014-05-25,european,ES7,Canarias,2,cs,72378.0
4104,2014-05-25,european,ES7,Canarias,2,discapacitados_y_enfermedades_raras,14589.0
4105,2014-05-25,european,ES7,Canarias,2,dn,4572.0
4106,2014-05-25,european,ES7,Canarias,2,eb,43533.0
4107,2014-05-25,european,ES7,Canarias,2,epdd,5967.0
4108,2014-05-25,european,ES7,Canarias,2,extremadura_unida,1899.0
4109,2014-05-25,european,ES7,Canarias,2,fac,8406.0
4110,2014-05-25,european,ES7,Canarias,2,fe_de_las_jons,5427.0
4111,2014-05-25,european,ES7,Canarias,2,ifem,14112.0
4112,2014-05-25,european,ES7,Canarias,2,impulsosocial,5841.0
4113,2014-05-25,european,ES7,Canarias,2,ipexprexcrex,1665.0
4114,2014-05-25,european,ES7,Canarias,2,la_izquierda_plural,537804.0
4115,2014-05-25,european,ES7,Canarias,2,lem,4581.0
4116,2014-05-25,european,ES7,Canarias,2,lpd,30816.0
4117,2014-05-25,european,ES7,Canarias,2,mcr,3096.0
4118,2014-05-25,european,ES7,Canarias,2,movimiento_red,46359.0
4119,2014-05-25,european,ES7,Canarias,2,msr,3051.0
4120,2014-05-25,european,ES7,Canarias,2,pacma,95391.0
4121,2014-05-25,european,ES7,Canarias,2,partido_andalucista,1827.0
4122,2014-05-25,european,ES7,Canarias,2,partido_x,41895.0
4123,2014-05-25,european,ES7,Canarias,2,pcpe,16632.0
4124,2014-05-25,european,ES7,Canarias,2,ph,10908.0
4125,2014-05-25,european,ES7,Canarias,2,piratas,10062.0
4126,2014-05-25,european,ES7,Canarias,2,plib,5049.0
4127,2014-05-25,european,ES7,Canarias,2,podemos,565155.0
4128,2014-05-25,european,ES7,Canarias,2,pp,1205064.0
4129,2014-05-25,european,ES7,Canarias,2,prepal,3780.0
4130,2014-05-25,european,ES7,Canarias,2,primavera_europea,51228.0
4131,2014-05-25,european,ES7,Canarias,2,psoe,1142820.0
4132,2014-05-25,european,ES7,Canarias,2,pt,4491.0
4133,2014-05-25,european,ES7,Canarias,2,recortes_cero,15543.0
4134,2014-05-25,european,ES7,Canarias,2,rrue,3870.0
4135,2014-05-25,european,ES7,Canarias,2,sain,3816.0
4136,2014-05-25,european,ES7,Canarias,2,upyd,355365.0
4137,2014-05-25,european,ES7,Canarias,2,vox,43137.0
4138,2015-12-20,parliament,ES1,Noroeste,0,eligible_voters,25138260.0
4139,2015-12-20,parliament,ES1,Noroeste,1,issued_ballots,15882756.0
4140,2015-12-20,parliament,ES1,Noroeste,2,aju,0.0
4141,2015-12-20,parliament,ES1,Noroeste,2,arapv,0.0
4142,2015-12-20,parliament,ES1,Noroeste,2,avant,0.0
4143,2015-12-20,parliament,ES1,Noroeste,2,canarias_de,0.0
4144,2015-12-20,parliament,ES1,Noroeste,2,ccapnc,0.0
4145,2015-12-20,parliament,ES1,Noroeste,2,ccd,0.0
4146,2015-12-20,parliament,ES1,Noroeste,2,centro_mode,0.0
4147,2015-12-20,parliament,ES1,Noroeste,2,cilus,0.0
4148,2015-12-20,parliament,ES1,Noroeste,2,cra,0.0
4149,2015-12-20,parliament,ES1,Noroeste,2,cs,1720122.0
4150,2015-12-20,parliament,ES1,Noroeste,2,dl,0.0
4151,2015-12-20,parliament,ES1,Noroeste,2,dn,0.0
4152,2015-12-20,parliament,ES1,Noroeste,2,eajpnv,0.0
4153,2015-12-20,parliament,ES1,Noroeste,2,eb,11214.0
4154,2015-12-20,parliament,ES1,Noroeste,2,eh_bildu,0.0
4155,2015-12-20,parliament,ES1,Noroeste,2,el_pi,0.0
4156,2015-12-20,parliament,ES1,Noroeste,2,en_comu,0.0
4157,2015-12-20,parliament,ES1,Noroeste,2,en_positiu,0.0
4158,2015-12-20,parliament,ES1,Noroeste,2,erccatsi,0.0
4159,2015-12-20,parliament,ES1,Noroeste,2,euex,0.0
4160,2015-12-20,parliament,ES1,Noroeste,2,fdee,0.0
4161,2015-12-20,parliament,ES1,Noroeste,2,fe_de_las_j,0.0
4162,2015-12-20,parliament,ES1,Noroeste,2,gbai,0.0
4163,2015-12-20,parliament,ES1,Noroeste,2,ifem,0.0
4164,2015-12-20,parliament,ES1,Noroeste,2,independien,0.0
4165,2015-12-20,parliament,ES1,Noroeste,2,iuupec,408426.0
4166,2015-12-20,parliament,ES1,Noroeste,2,jspc,0.0
4167,2015-12-20,parliament,ES1,Noroeste,2,ln,0.0
4168,2015-12-20,parliament,ES1,Noroeste,2,mas,0.0
4169,2015-12-20,parliament,ES1,Noroeste,2,mes,0.0
4170,2015-12-20,parliament,ES1,Noroeste,2,mlgxsi,0.0
4171,2015-12-20,parliament,ES1,Noroeste,2,nos,425178.0
4172,2015-12-20,parliament,ES1,Noroeste,2,oe,0.0
4173,2015-12-20,parliament,ES1,Noroeste,2,pacma,126126.0
4174,2015-12-20,parliament,ES1,Noroeste,2,pcoe,0.0
4175,2015-12-20,parliament,ES1,Noroeste,2,pcpe,29676.0
4176,2015-12-20,parliament,ES1,Noroeste,2,pfyv,0.0
4177,2015-12-20,parliament,ES1,Noroeste,2,ph,3768.0
4178,2015-12-20,parliament,ES1,Noroeste,2,pld,0.0
4179,2015-12-20,parliament,ES1,Noroeste,2,plib,0.0
4180,2015-12-20,parliament,ES1,Noroeste,2,podemos,1173318.0
4181,2015-12-20,parliament,ES1,Noroeste,2,podemoscom,0.0
4182,2015-12-20,parliament,ES1,Noroeste,2,podemosen,2464188.0
4183,2015-12-20,parliament,ES1,Noroeste,2,pp,5558442.0
4184,2015-12-20,parliament,ES1,Noroeste,2,prepal,0.0
4185,2015-12-20,parliament,ES1,Noroeste,2,psoe,3442758.0
4186,2015-12-20,parliament,ES1,Noroeste,2,pt,18156.0
4187,2015-12-20,parliament,ES1,Noroeste,2,pumj,0.0
4188,2015-12-20,parliament,ES1,Noroeste,2,recortes_ce,32376.0
4189,2015-12-20,parliament,ES1,Noroeste,2,sain,3612.0
4190,2015-12-20,parliament,ES1,Noroeste,2,soluciona,0.0
4191,2015-12-20,parliament,ES1,Noroeste,2,somval,0.0
4192,2015-12-20,parliament,ES1,Noroeste,2,uniocat,0.0
4193,2015-12-20,parliament,ES1,Noroeste,2,upyd,91116.0
4194,2015-12-20,parliament,ES1,Noroeste,2,vox,23172.0
4195,2015-12-20,parliament,ES1,Noroeste,2,x_la_izquie,5238.0
4196,2015-12-20,parliament,ES2,Noreste,0,eligible_voters,28427128.0
4197,2015-12-20,parliament,ES2,Noreste,1,issued_ballots,20053088.0
4198,2015-12-20,parliament,ES2,Noreste,2,aju,0.0
4199,2015-12-20,parliament,ES2,Noreste,2,arapv,0.0
4200,2015-12-20,parliament,ES2,Noreste,2,avant,0.0
4201,2015-12-20,parliament,ES2,Noreste,2,canarias_de,0.0
4202,2015-12-20,parliament,ES2,Noreste,2,ccapnc,0.0
4203,2015-12-20,parliament,ES2,Noreste,2,ccd,0.0
4204,2015-12-20,parliament,ES2,Noreste,2,centro_mode,0.0
4205,2015-12-20,parliament,ES2,Noreste,2,cilus,0.0
4206,2015-12-20,parliament,ES2,Noreste,2,cra,0.0
4207,2015-12-20,parliament,ES2,Noreste,2,cs,1827160.0
4208,2015-12-20,parliament,ES2,Noreste,2,dl,0.0
4209,2015-12-20,parliament,ES2,Noreste,2,dn,0.0
4210,2015-12-20,parliament,ES2,Noreste,2,eajpnv,2418528.0
4211,2015-12-20,parliament,ES2,Noreste,2,eb,45712.0
4212,2015-12-20,parliament,ES2,Noreste,2,eh_bildu,1753000.0
4213,2015-12-20,parliament,ES2,Noreste,2,el_pi,0.0
4214,2015-12-20,parliament,ES2,Noreste,2,en_comu,0.0
4215,2015-12-20,parliament,ES2,Noreste,2,en_positiu,0.0
4216,2015-12-20,parliament,ES2,Noreste,2,erccatsi,0.0
4217,2015-12-20,parliament,ES2,Noreste,2,euex,0.0
4218,2015-12-20,parliament,ES2,Noreste,2,fdee,0.0
4219,2015-12-20,parliament,ES2,Noreste,2,fe_de_las_j,0.0
4220,2015-12-20,parliament,ES2,Noreste,2,gbai,245136.0
4221,2015-12-20,parliament,ES2,Noreste,2,ifem,0.0
4222,2015-12-20,parliament,ES2,Noreste,2,independien,5408.0
4223,2015-12-20,parliament,ES2,Noreste,2,iuupec,825216.0
4224,2015-12-20,parliament,ES2,Noreste,2,jspc,3248.0
4225,2015-12-20,parliament,ES2,Noreste,2,ln,8208.0
4226,2015-12-20,parliament,ES2,Noreste,2,mas,0.0
4227,2015-12-20,parliament,ES2,Noreste,2,mes,0.0
4228,2015-12-20,parliament,ES2,Noreste,2,mlgxsi,0.0
4229,2015-12-20,parliament,ES2,Noreste,2,nos,0.0
4230,2015-12-20,parliament,ES2,Noreste,2,oe,880.0
4231,2015-12-20,parliament,ES2,Noreste,2,pacma,133976.0
4232,2015-12-20,parliament,ES2,Noreste,2,pcoe,0.0
4233,2015-12-20,parliament,ES2,Noreste,2,pcpe,16136.0
4234,2015-12-20,parliament,ES2,Noreste,2,pfyv,0.0
4235,2015-12-20,parliament,ES2,Noreste,2,ph,0.0
4236,2015-12-20,parliament,ES2,Noreste,2,pld,0.0
4237,2015-12-20,parliament,ES2,Noreste,2,plib,0.0
4238,2015-12-20,parliament,ES2,Noreste,2,podemos,4507176.0
4239,2015-12-20,parliament,ES2,Noreste,2,podemoscom,0.0
4240,2015-12-20,parliament,ES2,Noreste,2,podemosen,0.0
4241,2015-12-20,parliament,ES2,Noreste,2,pp,4336024.0
4242,2015-12-20,parliament,ES2,Noreste,2,prepal,0.0
4243,2015-12-20,parliament,ES2,Noreste,2,psoe,3422992.0
4244,2015-12-20,parliament,ES2,Noreste,2,pt,0.0
4245,2015-12-20,parliament,ES2,Noreste,2,pumj,3832.0
4246,2015-12-20,parliament,ES2,Noreste,2,recortes_ce,41792.0
4247,2015-12-20,parliament,ES2,Noreste,2,sain,7304.0
4248,2015-12-20,parliament,ES2,Noreste,2,soluciona,0.0
4249,2015-12-20,parliament,ES2,Noreste,2,somval,0.0
4250,2015-12-20,parliament,ES2,Noreste,2,uniocat,0.0
4251,2015-12-20,parliament,ES2,Noreste,2,upyd,101672.0
4252,2015-12-20,parliament,ES2,Noreste,2,vox,14792.0
4253,2015-12-20,parliament,ES2,Noreste,2,x_la_izquie,11576.0
4254,2015-12-20,parliament,ES3,Comunidad de Madrid,0,eligible_voters,4913893.0
4255,2015-12-20,parliament,ES3,Comunidad de Madrid,1,issued_ballots,3642127.0
4256,2015-12-20,parliament,ES3,Comunidad de Madrid,2,aju,0.0
4257,2015-12-20,parliament,ES3,Comunidad de Madrid,2,arapv,0.0
4258,2015-12-20,parliament,ES3,Comunidad de Madrid,2,avant,0.0
4259,2015-12-20,parliament,ES3,Comunidad de Madrid,2,canarias_de,0.0
4260,2015-12-20,parliament,ES3,Comunidad de Madrid,2,ccapnc,0.0
4261,2015-12-20,parliament,ES3,Comunidad de Madrid,2,ccd,0.0
4262,2015-12-20,parliament,ES3,Comunidad de Madrid,2,centro_mode,0.0
4263,2015-12-20,parliament,ES3,Comunidad de Madrid,2,cilus,0.0
4264,2015-12-20,parliament,ES3,Comunidad de Madrid,2,cra,0.0
4265,2015-12-20,parliament,ES3,Comunidad de Madrid,2,cs,681167.0
4266,2015-12-20,parliament,ES3,Comunidad de Madrid,2,dl,0.0
4267,2015-12-20,parliament,ES3,Comunidad de Madrid,2,dn,0.0
4268,2015-12-20,parliament,ES3,Comunidad de Madrid,2,eajpnv,0.0
4269,2015-12-20,parliament,ES3,Comunidad de Madrid,2,eb,0.0
4270,2015-12-20,parliament,ES3,Comunidad de Madrid,2,eh_bildu,0.0
4271,2015-12-20,parliament,ES3,Comunidad de Madrid,2,el_pi,0.0
4272,2015-12-20,parliament,ES3,Comunidad de Madrid,2,en_comu,0.0
4273,2015-12-20,parliament,ES3,Comunidad de Madrid,2,en_positiu,0.0
4274,2015-12-20,parliament,ES3,Comunidad de Madrid,2,erccatsi,0.0
4275,2015-12-20,parliament,ES3,Comunidad de Madrid,2,euex,0.0
4276,2015-12-20,parliament,ES3,Comunidad de Madrid,2,fdee,0.0
4277,2015-12-20,parliament,ES3,Comunidad de Madrid,2,fe_de_las_j,4579.0
4278,2015-12-20,parliament,ES3,Comunidad de Madrid,2,gbai,0.0
4279,2015-12-20,parliament,ES3,Comunidad de Madrid,2,ifem,0.0
4280,2015-12-20,parliament,ES3,Comunidad de Madrid,2,independien,0.0
4281,2015-12-20,parliament,ES3,Comunidad de Madrid,2,iuupec,190193.0
4282,2015-12-20,parliament,ES3,Comunidad de Madrid,2,jspc,0.0
4283,2015-12-20,parliament,ES3,Comunidad de Madrid,2,ln,0.0
4284,2015-12-20,parliament,ES3,Comunidad de Madrid,2,mas,0.0
4285,2015-12-20,parliament,ES3,Comunidad de Madrid,2,mes,0.0
4286,2015-12-20,parliament,ES3,Comunidad de Madrid,2,mlgxsi,0.0
4287,2015-12-20,parliament,ES3,Comunidad de Madrid,2,nos,0.0
4288,2015-12-20,parliament,ES3,Comunidad de Madrid,2,oe,0.0
4289,2015-12-20,parliament,ES3,Comunidad de Madrid,2,pacma,28322.0
4290,2015-12-20,parliament,ES3,Comunidad de Madrid,2,pcoe,0.0
4291,2015-12-20,parliament,ES3,Comunidad de Madrid,2,pcpe,1742.0
4292,2015-12-20,parliament,ES3,Comunidad de Madrid,2,pfyv,0.0
4293,2015-12-20,parliament,ES3,Comunidad de Madrid,2,ph,1779.0
4294,2015-12-20,parliament,ES3,Comunidad de Madrid,2,pld,0.0
4295,2015-12-20,parliament,ES3,Comunidad de Madrid,2,plib,1075.0
4296,2015-12-20,parliament,ES3,Comunidad de Madrid,2,podemos,756257.0
4297,2015-12-20,parliament,ES3,Comunidad de Madrid,2,podemoscom,0.0
4298,2015-12-20,parliament,ES3,Comunidad de Madrid,2,podemosen,0.0
4299,2015-12-20,parliament,ES3,Comunidad de Madrid,2,pp,1210219.0
4300,2015-12-20,parliament,ES3,Comunidad de Madrid,2,prepal,0.0
4301,2015-12-20,parliament,ES3,Comunidad de Madrid,2,psoe,645645.0
4302,2015-12-20,parliament,ES3,Comunidad de Madrid,2,pt,0.0
4303,2015-12-20,parliament,ES3,Comunidad de Madrid,2,pumj,2870.0
4304,2015-12-20,parliament,ES3,Comunidad de Madrid,2,recortes_ce,4037.0
4305,2015-12-20,parliament,ES3,Comunidad de Madrid,2,sain,1137.0
4306,2015-12-20,parliament,ES3,Comunidad de Madrid,2,soluciona,0.0
4307,2015-12-20,parliament,ES3,Comunidad de Madrid,2,somval,0.0
4308,2015-12-20,parliament,ES3,Comunidad de Madrid,2,uniocat,0.0
4309,2015-12-20,parliament,ES3,Comunidad de Madrid,2,upyd,43508.0
4310,2015-12-20,parliament,ES3,Comunidad de Madrid,2,vox,22643.0
4311,2015-12-20,parliament,ES3,Comunidad de Madrid,2,x_la_izquie,4994.0
4312,2015-12-20,parliament,ES4,Centro (ES),0,eligible_voters,74024416.0
4313,2015-12-20,parliament,ES4,Centro (ES),1,issued_ballots,53877120.0
4314,2015-12-20,parliament,ES4,Centro (ES),2,aju,0.0
4315,2015-12-20,parliament,ES4,Centro (ES),2,arapv,0.0
4316,2015-12-20,parliament,ES4,Centro (ES),2,avant,0.0
4317,2015-12-20,parliament,ES4,Centro (ES),2,canarias_de,0.0
4318,2015-12-20,parliament,ES4,Centro (ES),2,ccapnc,0.0
4319,2015-12-20,parliament,ES4,Centro (ES),2,ccd,25264.0
4320,2015-12-20,parliament,ES4,Centro (ES),2,centro_mode,0.0
4321,2015-12-20,parliament,ES4,Centro (ES),2,cilus,0.0
4322,2015-12-20,parliament,ES4,Centro (ES),2,cra,16512.0
4323,2015-12-20,parliament,ES4,Centro (ES),2,cs,7469088.0
4324,2015-12-20,parliament,ES4,Centro (ES),2,dl,0.0
4325,2015-12-20,parliament,ES4,Centro (ES),2,dn,14032.0
4326,2015-12-20,parliament,ES4,Centro (ES),2,eajpnv,0.0
4327,2015-12-20,parliament,ES4,Centro (ES),2,eb,2912.0
4328,2015-12-20,parliament,ES4,Centro (ES),2,eh_bildu,0.0
4329,2015-12-20,parliament,ES4,Centro (ES),2,el_pi,0.0
4330,2015-12-20,parliament,ES4,Centro (ES),2,en_comu,0.0
4331,2015-12-20,parliament,ES4,Centro (ES),2,en_positiu,0.0
4332,2015-12-20,parliament,ES4,Centro (ES),2,erccatsi,0.0
4333,2015-12-20,parliament,ES4,Centro (ES),2,euex,32336.0
4334,2015-12-20,parliament,ES4,Centro (ES),2,fdee,0.0
4335,2015-12-20,parliament,ES4,Centro (ES),2,fe_de_las_j,17440.0
4336,2015-12-20,parliament,ES4,Centro (ES),2,gbai,0.0
4337,2015-12-20,parliament,ES4,Centro (ES),2,ifem,5456.0
4338,2015-12-20,parliament,ES4,Centro (ES),2,independien,0.0
4339,2015-12-20,parliament,ES4,Centro (ES),2,iuupec,2086272.0
4340,2015-12-20,parliament,ES4,Centro (ES),2,jspc,0.0
4341,2015-12-20,parliament,ES4,Centro (ES),2,ln,0.0
4342,2015-12-20,parliament,ES4,Centro (ES),2,mas,0.0
4343,2015-12-20,parliament,ES4,Centro (ES),2,mes,0.0
4344,2015-12-20,parliament,ES4,Centro (ES),2,mlgxsi,0.0
4345,2015-12-20,parliament,ES4,Centro (ES),2,nos,0.0
4346,2015-12-20,parliament,ES4,Centro (ES),2,oe,0.0
4347,2015-12-20,parliament,ES4,Centro (ES),2,pacma,323152.0
4348,2015-12-20,parliament,ES4,Centro (ES),2,pcoe,0.0
4349,2015-12-20,parliament,ES4,Centro (ES),2,pcpe,46176.0
4350,2015-12-20,parliament,ES4,Centro (ES),2,pfyv,0.0
4351,2015-12-20,parliament,ES4,Centro (ES),2,ph,0.0
4352,2015-12-20,parliament,ES4,Centro (ES),2,pld,3280.0
4353,2015-12-20,parliament,ES4,Centro (ES),2,plib,0.0
4354,2015-12-20,parliament,ES4,Centro (ES),2,podemos,7510416.0
4355,2015-12-20,parliament,ES4,Centro (ES),2,podemoscom,0.0
4356,2015-12-20,parliament,ES4,Centro (ES),2,podemosen,0.0
4357,2015-12-20,parliament,ES4,Centro (ES),2,pp,20195792.0
4358,2015-12-20,parliament,ES4,Centro (ES),2,prepal,22704.0
4359,2015-12-20,parliament,ES4,Centro (ES),2,psoe,14470144.0
4360,2015-12-20,parliament,ES4,Centro (ES),2,pt,0.0
4361,2015-12-20,parliament,ES4,Centro (ES),2,pumj,0.0
4362,2015-12-20,parliament,ES4,Centro (ES),2,recortes_ce,81968.0
4363,2015-12-20,parliament,ES4,Centro (ES),2,sain,14720.0
4364,2015-12-20,parliament,ES4,Centro (ES),2,soluciona,0.0
4365,2015-12-20,parliament,ES4,Centro (ES),2,somval,0.0
4366,2015-12-20,parliament,ES4,Centro (ES),2,uniocat,0.0
4367,2015-12-20,parliament,ES4,Centro (ES),2,upyd,350048.0
4368,2015-12-20,parliament,ES4,Centro (ES),2,vox,130864.0
4369,2015-12-20,parliament,ES4,Centro (ES),2,x_la_izquie,0.0
4370,2015-12-20,parliament,ES5,Este,0,eligible_voters,108934309.0
4371,2015-12-20,parliament,ES5,Este,1,issued_ballots,76764732.0
4372,2015-12-20,parliament,ES5,Este,2,aju,0.0
4373,2015-12-20,parliament,ES5,Este,2,arapv,27390.0
4374,2015-12-20,parliament,ES5,Este,2,avant,11033.0
4375,2015-12-20,parliament,ES5,Este,2,canarias_de,0.0
4376,2015-12-20,parliament,ES5,Este,2,ccapnc,0.0
4377,2015-12-20,parliament,ES5,Este,2,ccd,101728.0
4378,2015-12-20,parliament,ES5,Este,2,centro_mode,36058.0
4379,2015-12-20,parliament,ES5,Este,2,cilus,0.0
4380,2015-12-20,parliament,ES5,Este,2,cra,0.0
4381,2015-12-20,parliament,ES5,Este,2,cs,10857484.0
4382,2015-12-20,parliament,ES5,Este,2,dl,6239783.0
4383,2015-12-20,parliament,ES5,Este,2,dn,5181.0
4384,2015-12-20,parliament,ES5,Este,2,eajpnv,0.0
4385,2015-12-20,parliament,ES5,Este,2,eb,6875.0
4386,2015-12-20,parliament,ES5,Este,2,eh_bildu,0.0
4387,2015-12-20,parliament,ES5,Este,2,el_pi,142010.0
4388,2015-12-20,parliament,ES5,Este,2,en_comu,10228680.0
4389,2015-12-20,parliament,ES5,Este,2,en_positiu,14036.0
4390,2015-12-20,parliament,ES5,Este,2,erccatsi,6619602.0
4391,2015-12-20,parliament,ES5,Este,2,euex,0.0
4392,2015-12-20,parliament,ES5,Este,2,fdee,5016.0
4393,2015-12-20,parliament,ES5,Este,2,fe_de_las_j,0.0
4394,2015-12-20,parliament,ES5,Este,2,gbai,0.0
4395,2015-12-20,parliament,ES5,Este,2,ifem,13893.0
4396,2015-12-20,parliament,ES5,Este,2,independien,0.0
4397,2015-12-20,parliament,ES5,Este,2,iuupec,1357554.0
4398,2015-12-20,parliament,ES5,Este,2,jspc,0.0
4399,2015-12-20,parliament,ES5,Este,2,ln,0.0
4400,2015-12-20,parliament,ES5,Este,2,mas,0.0
4401,2015-12-20,parliament,ES5,Este,2,mes,372647.0
4402,2015-12-20,parliament,ES5,Este,2,mlgxsi,0.0
4403,2015-12-20,parliament,ES5,Este,2,nos,0.0
4404,2015-12-20,parliament,ES5,Este,2,oe,0.0
4405,2015-12-20,parliament,ES5,Este,2,pacma,814572.0
4406,2015-12-20,parliament,ES5,Este,2,pcoe,0.0
4407,2015-12-20,parliament,ES5,Este,2,pcpe,47751.0
4408,2015-12-20,parliament,ES5,Este,2,pfyv,7854.0
4409,2015-12-20,parliament,ES5,Este,2,ph,0.0
4410,2015-12-20,parliament,ES5,Este,2,pld,0.0
4411,2015-12-20,parliament,ES5,Este,2,plib,4565.0
4412,2015-12-20,parliament,ES5,Este,2,podemos,1227908.0
4413,2015-12-20,parliament,ES5,Este,2,podemoscom,7409039.0
4414,2015-12-20,parliament,ES5,Este,2,podemosen,0.0
4415,2015-12-20,parliament,ES5,Este,2,pp,15368584.0
4416,2015-12-20,parliament,ES5,Este,2,prepal,0.0
4417,2015-12-20,parliament,ES5,Este,2,psoe,13314378.0
4418,2015-12-20,parliament,ES5,Este,2,pt,0.0
4419,2015-12-20,parliament,ES5,Este,2,pumj,0.0
4420,2015-12-20,parliament,ES5,Este,2,recortes_ce,210089.0
4421,2015-12-20,parliament,ES5,Este,2,sain,0.0
4422,2015-12-20,parliament,ES5,Este,2,soluciona,0.0
4423,2015-12-20,parliament,ES5,Este,2,somval,67133.0
4424,2015-12-20,parliament,ES5,Este,2,uniocat,719268.0
4425,2015-12-20,parliament,ES5,Este,2,upyd,309463.0
4426,2015-12-20,parliament,ES5,Este,2,vox,85228.0
4427,2015-12-20,parliament,ES5,Este,2,x_la_izquie,0.0
4428,2015-12-20,parliament,ES6,Sur,0,eligible_voters,84219278.0
4429,2015-12-20,parliament,ES6,Sur,1,issued_ballots,58187580.0
4430,2015-12-20,parliament,ES6,Sur,2,aju,7821.0
4431,2015-12-20,parliament,ES6,Sur,2,arapv,0.0
4432,2015-12-20,parliament,ES6,Sur,2,avant,0.0
4433,2015-12-20,parliament,ES6,Sur,2,canarias_de,0.0
4434,2015-12-20,parliament,ES6,Sur,2,ccapnc,0.0
4435,2015-12-20,parliament,ES6,Sur,2,ccd,0.0
4436,2015-12-20,parliament,ES6,Sur,2,centro_mode,0.0
4437,2015-12-20,parliament,ES6,Sur,2,cilus,13079.0
4438,2015-12-20,parliament,ES6,Sur,2,cra,0.0
4439,2015-12-20,parliament,ES6,Sur,2,cs,8258525.0
4440,2015-12-20,parliament,ES6,Sur,2,dl,0.0
4441,2015-12-20,parliament,ES6,Sur,2,dn,3916.0
4442,2015-12-20,parliament,ES6,Sur,2,eajpnv,0.0
4443,2015-12-20,parliament,ES6,Sur,2,eb,18634.0
4444,2015-12-20,parliament,ES6,Sur,2,eh_bildu,0.0
4445,2015-12-20,parliament,ES6,Sur,2,el_pi,0.0
4446,2015-12-20,parliament,ES6,Sur,2,en_comu,0.0
4447,2015-12-20,parliament,ES6,Sur,2,en_positiu,0.0
4448,2015-12-20,parliament,ES6,Sur,2,erccatsi,0.0
4449,2015-12-20,parliament,ES6,Sur,2,euex,0.0
4450,2015-12-20,parliament,ES6,Sur,2,fdee,0.0
4451,2015-12-20,parliament,ES6,Sur,2,fe_de_las_j,20086.0
4452,2015-12-20,parliament,ES6,Sur,2,gbai,0.0
4453,2015-12-20,parliament,ES6,Sur,2,ifem,0.0
4454,2015-12-20,parliament,ES6,Sur,2,independien,0.0
4455,2015-12-20,parliament,ES6,Sur,2,iuupec,3086413.0
4456,2015-12-20,parliament,ES6,Sur,2,jspc,0.0
4457,2015-12-20,parliament,ES6,Sur,2,ln,0.0
4458,2015-12-20,parliament,ES6,Sur,2,mas,3443.0
4459,2015-12-20,parliament,ES6,Sur,2,mes,0.0
4460,2015-12-20,parliament,ES6,Sur,2,mlgxsi,10274.0
4461,2015-12-20,parliament,ES6,Sur,2,nos,0.0
4462,2015-12-20,parliament,ES6,Sur,2,oe,0.0
4463,2015-12-20,parliament,ES6,Sur,2,pacma,529562.0
4464,2015-12-20,parliament,ES6,Sur,2,pcoe,20999.0
4465,2015-12-20,parliament,ES6,Sur,2,pcpe,70609.0
4466,2015-12-20,parliament,ES6,Sur,2,pfyv,0.0
4467,2015-12-20,parliament,ES6,Sur,2,ph,0.0
4468,2015-12-20,parliament,ES6,Sur,2,pld,0.0
4469,2015-12-20,parliament,ES6,Sur,2,plib,15004.0
4470,2015-12-20,parliament,ES6,Sur,2,podemos,9579119.0
4471,2015-12-20,parliament,ES6,Sur,2,podemoscom,0.0
4472,2015-12-20,parliament,ES6,Sur,2,podemosen,0.0
4473,2015-12-20,parliament,ES6,Sur,2,pp,17769180.0
4474,2015-12-20,parliament,ES6,Sur,2,prepal,0.0
4475,2015-12-20,parliament,ES6,Sur,2,psoe,17212888.0
4476,2015-12-20,parliament,ES6,Sur,2,pt,0.0
4477,2015-12-20,parliament,ES6,Sur,2,pumj,6831.0
4478,2015-12-20,parliament,ES6,Sur,2,recortes_ce,78496.0
4479,2015-12-20,parliament,ES6,Sur,2,sain,5808.0
4480,2015-12-20,parliament,ES6,Sur,2,soluciona,4499.0
4481,2015-12-20,parliament,ES6,Sur,2,somval,0.0
4482,2015-12-20,parliament,ES6,Sur,2,uniocat,0.0
4483,2015-12-20,parliament,ES6,Sur,2,upyd,319638.0
4484,2015-12-20,parliament,ES6,Sur,2,vox,135157.0
4485,2015-12-20,parliament,ES6,Sur,2,x_la_izquie,0.0
4486,2015-12-20,parliament,ES7,Canarias,0,eligible_voters,15020199.0
4487,2015-12-20,parliament,ES7,Canarias,1,issued_ballots,9062379.0
4488,2015-12-20,parliament,ES7,Canarias,2,aju,0.0
4489,2015-12-20,parliament,ES7,Canarias,2,arapv,0.0
4490,2015-12-20,parliament,ES7,Canarias,2,avant,0.0
4491,2015-12-20,parliament,ES7,Canarias,2,canarias_de,25947.0
4492,2015-12-20,parliament,ES7,Canarias,2,ccapnc,737253.0
4493,2015-12-20,parliament,ES7,Canarias,2,ccd,0.0
4494,2015-12-20,parliament,ES7,Canarias,2,centro_mode,0.0
4495,2015-12-20,parliament,ES7,Canarias,2,cilus,0.0
4496,2015-12-20,parliament,ES7,Canarias,2,cra,0.0
4497,2015-12-20,parliament,ES7,Canarias,2,cs,1022778.0
4498,2015-12-20,parliament,ES7,Canarias,2,dl,0.0
4499,2015-12-20,parliament,ES7,Canarias,2,dn,0.0
4500,2015-12-20,parliament,ES7,Canarias,2,eajpnv,0.0
4501,2015-12-20,parliament,ES7,Canarias,2,eb,0.0
4502,2015-12-20,parliament,ES7,Canarias,2,eh_bildu,0.0
4503,2015-12-20,parliament,ES7,Canarias,2,el_pi,0.0
4504,2015-12-20,parliament,ES7,Canarias,2,en_comu,0.0
4505,2015-12-20,parliament,ES7,Canarias,2,en_positiu,0.0
4506,2015-12-20,parliament,ES7,Canarias,2,erccatsi,0.0
4507,2015-12-20,parliament,ES7,Canarias,2,euex,0.0
4508,2015-12-20,parliament,ES7,Canarias,2,fdee,0.0
4509,2015-12-20,parliament,ES7,Canarias,2,fe_de_las_j,0.0
4510,2015-12-20,parliament,ES7,Canarias,2,gbai,0.0
4511,2015-12-20,parliament,ES7,Canarias,2,ifem,0.0
4512,2015-12-20,parliament,ES7,Canarias,2,independien,0.0
4513,2015-12-20,parliament,ES7,Canarias,2,iuupec,278802.0
4514,2015-12-20,parliament,ES7,Canarias,2,jspc,0.0
4515,2015-12-20,parliament,ES7,Canarias,2,ln,0.0
4516,2015-12-20,parliament,ES7,Canarias,2,mas,0.0
4517,2015-12-20,parliament,ES7,Canarias,2,mes,0.0
4518,2015-12-20,parliament,ES7,Canarias,2,mlgxsi,0.0
4519,2015-12-20,parliament,ES7,Canarias,2,nos,0.0
4520,2015-12-20,parliament,ES7,Canarias,2,oe,0.0
4521,2015-12-20,parliament,ES7,Canarias,2,pacma,106992.0
4522,2015-12-20,parliament,ES7,Canarias,2,pcoe,0.0
4523,2015-12-20,parliament,ES7,Canarias,2,pcpe,15408.0
4524,2015-12-20,parliament,ES7,Canarias,2,pfyv,0.0
4525,2015-12-20,parliament,ES7,Canarias,2,ph,3951.0
4526,2015-12-20,parliament,ES7,Canarias,2,pld,0.0
4527,2015-12-20,parliament,ES7,Canarias,2,plib,0.0
4528,2015-12-20,parliament,ES7,Canarias,2,podemos,2083671.0
4529,2015-12-20,parliament,ES7,Canarias,2,podemoscom,0.0
4530,2015-12-20,parliament,ES7,Canarias,2,podemosen,0.0
4531,2015-12-20,parliament,ES7,Canarias,2,pp,2552175.0
4532,2015-12-20,parliament,ES7,Canarias,2,prepal,0.0
4533,2015-12-20,parliament,ES7,Canarias,2,psoe,1965717.0
4534,2015-12-20,parliament,ES7,Canarias,2,pt,0.0
4535,2015-12-20,parliament,ES7,Canarias,2,pumj,5544.0
4536,2015-12-20,parliament,ES7,Canarias,2,recortes_ce,23940.0
4537,2015-12-20,parliament,ES7,Canarias,2,sain,2700.0
4538,2015-12-20,parliament,ES7,Canarias,2,soluciona,0.0
4539,2015-12-20,parliament,ES7,Canarias,2,somval,0.0
4540,2015-12-20,parliament,ES7,Canarias,2,uniocat,0.0
4541,2015-12-20,parliament,ES7,Canarias,2,upyd,42129.0
4542,2015-12-20,parliament,ES7,Canarias,2,vox,13914.0
4543,2015-12-20,parliament,ES7,Canarias,2,x_la_izquie,0.0
4544,2016-06-26,parliament,ES1,Noroeste,0,eligible_voters,25096650.0
4545,2016-06-26,parliament,ES1,Noroeste,1,issued_ballots,15176832.0
4546,2016-06-26,parliament,ES1,Noroeste,2,alcd,0.0
4547,2016-06-26,parliament,ES1,Noroeste,2,and,0.0
4548,2016-06-26,parliament,ES1,Noroeste,2,bngnos,271512.0
4549,2016-06-26,parliament,ES1,Noroeste,2,ccapnc,0.0
4550,2016-06-26,parliament,ES1,Noroeste,2,ccd,0.0
4551,2016-06-26,parliament,ES1,Noroeste,2,ccdci,0.0
4552,2016-06-26,parliament,ES1,Noroeste,2,cdc,0.0
4553,2016-06-26,parliament,ES1,Noroeste,2,centro_moderado,0.0
4554,2016-06-26,parliament,ES1,Noroeste,2,cilus,0.0
4555,2016-06-26,parliament,ES1,Noroeste,2,cs,1552272.0
4556,2016-06-26,parliament,ES1,Noroeste,2,eajpnv,0.0
4557,2016-06-26,parliament,ES1,Noroeste,2,eb,23388.0
4558,2016-06-26,parliament,ES1,Noroeste,2,ecp,0.0
4559,2016-06-26,parliament,ES1,Noroeste,2,eh_bildu,0.0
4560,2016-06-26,parliament,ES1,Noroeste,2,entaban,0.0
4561,2016-06-26,parliament,ES1,Noroeste,2,erccatsi,0.0
4562,2016-06-26,parliament,ES1,Noroeste,2,fe,0.0
4563,2016-06-26,parliament,ES1,Noroeste,2,fe_de_las_jons,0.0
4564,2016-06-26,parliament,ES1,Noroeste,2,fme,0.0
4565,2016-06-26,parliament,ES1,Noroeste,2,gbai,0.0
4566,2016-06-26,parliament,ES1,Noroeste,2,hrtsln,0.0
4567,2016-06-26,parliament,ES1,Noroeste,2,imc,0.0
4568,2016-06-26,parliament,ES1,Noroeste,2,independientesfia,0.0
4569,2016-06-26,parliament,ES1,Noroeste,2,izar,0.0
4570,2016-06-26,parliament,ES1,Noroeste,2,jxc,0.0
4571,2016-06-26,parliament,ES1,Noroeste,2,ln,0.0
4572,2016-06-26,parliament,ES1,Noroeste,2,mas,0.0
4573,2016-06-26,parliament,ES1,Noroeste,2,pacma,160386.0
4574,2016-06-26,parliament,ES1,Noroeste,2,pcoe,0.0
4575,2016-06-26,parliament,ES1,Noroeste,2,pcpe,21246.0
4576,2016-06-26,parliament,ES1,Noroeste,2,pfyv,0.0
4577,2016-06-26,parliament,ES1,Noroeste,2,ph,2484.0
4578,2016-06-26,parliament,ES1,Noroeste,2,plib,882.0
4579,2016-06-26,parliament,ES1,Noroeste,2,podemoscompromiseupv,0.0
4580,2016-06-26,parliament,ES1,Noroeste,2,podemosen_mareaanovaeu,2085252.0
4581,2016-06-26,parliament,ES1,Noroeste,2,podemosiuequo,1210140.0
4582,2016-06-26,parliament,ES1,Noroeste,2,pp,6004290.0
4583,2016-06-26,parliament,ES1,Noroeste,2,prepal,0.0
4584,2016-06-26,parliament,ES1,Noroeste,2,psoe,3452046.0
4585,2016-06-26,parliament,ES1,Noroeste,2,puede,2016.0
4586,2016-06-26,parliament,ES1,Noroeste,2,pxc,0.0
4587,2016-06-26,parliament,ES1,Noroeste,2,recortes_cerogrupo_verde,32658.0
4588,2016-06-26,parliament,ES1,Noroeste,2,repo,0.0
4589,2016-06-26,parliament,ES1,Noroeste,2,sain,3288.0
4590,2016-06-26,parliament,ES1,Noroeste,2,si,0.0
4591,2016-06-26,parliament,ES1,Noroeste,2,somval,0.0
4592,2016-06-26,parliament,ES1,Noroeste,2,udt,0.0
4593,2016-06-26,parliament,ES1,Noroeste,2,unidad_del_pueblo,0.0
4594,2016-06-26,parliament,ES1,Noroeste,2,upl,0.0
4595,2016-06-26,parliament,ES1,Noroeste,2,upyd,20502.0
4596,2016-06-26,parliament,ES1,Noroeste,2,vox,19086.0
4597,2016-06-26,parliament,ES2,Noreste,0,eligible_voters,28404440.0
4598,2016-06-26,parliament,ES2,Noreste,1,issued_ballots,19095728.0
4599,2016-06-26,parliament,ES2,Noreste,2,alcd,0.0
4600,2016-06-26,parliament,ES2,Noreste,2,and,0.0
4601,2016-06-26,parliament,ES2,Noreste,2,bngnos,0.0
4602,2016-06-26,parliament,ES2,Noreste,2,ccapnc,0.0
4603,2016-06-26,parliament,ES2,Noreste,2,ccd,0.0
4604,2016-06-26,parliament,ES2,Noreste,2,ccdci,0.0
4605,2016-06-26,parliament,ES2,Noreste,2,cdc,0.0
4606,2016-06-26,parliament,ES2,Noreste,2,centro_moderado,0.0
4607,2016-06-26,parliament,ES2,Noreste,2,cilus,0.0
4608,2016-06-26,parliament,ES2,Noreste,2,cs,1597312.0
4609,2016-06-26,parliament,ES2,Noreste,2,eajpnv,2296112.0
4610,2016-06-26,parliament,ES2,Noreste,2,eb,40752.0
4611,2016-06-26,parliament,ES2,Noreste,2,ecp,0.0
4612,2016-06-26,parliament,ES2,Noreste,2,eh_bildu,1477704.0
4613,2016-06-26,parliament,ES2,Noreste,2,entaban,3016.0
4614,2016-06-26,parliament,ES2,Noreste,2,erccatsi,0.0
4615,2016-06-26,parliament,ES2,Noreste,2,fe,0.0
4616,2016-06-26,parliament,ES2,Noreste,2,fe_de_las_jons,1280.0
4617,2016-06-26,parliament,ES2,Noreste,2,fme,0.0
4618,2016-06-26,parliament,ES2,Noreste,2,gbai,114744.0
4619,2016-06-26,parliament,ES2,Noreste,2,hrtsln,640.0
4620,2016-06-26,parliament,ES2,Noreste,2,imc,0.0
4621,2016-06-26,parliament,ES2,Noreste,2,independientesfia,4400.0
4622,2016-06-26,parliament,ES2,Noreste,2,izar,0.0
4623,2016-06-26,parliament,ES2,Noreste,2,jxc,0.0
4624,2016-06-26,parliament,ES2,Noreste,2,ln,4976.0
4625,2016-06-26,parliament,ES2,Noreste,2,mas,5784.0
4626,2016-06-26,parliament,ES2,Noreste,2,pacma,158024.0
4627,2016-06-26,parliament,ES2,Noreste,2,pcoe,0.0
4628,2016-06-26,parliament,ES2,Noreste,2,pcpe,17568.0
4629,2016-06-26,parliament,ES2,Noreste,2,pfyv,0.0
4630,2016-06-26,parliament,ES2,Noreste,2,ph,0.0
4631,2016-06-26,parliament,ES2,Noreste,2,plib,1656.0
4632,2016-06-26,parliament,ES2,Noreste,2,podemoscompromiseupv,0.0
4633,2016-06-26,parliament,ES2,Noreste,2,podemosen_mareaanovaeu,0.0
4634,2016-06-26,parliament,ES2,Noreste,2,podemosiuequo,4789368.0
4635,2016-06-26,parliament,ES2,Noreste,2,pp,4653544.0
4636,2016-06-26,parliament,ES2,Noreste,2,prepal,0.0
4637,2016-06-26,parliament,ES2,Noreste,2,psoe,3515184.0
4638,2016-06-26,parliament,ES2,Noreste,2,puede,0.0
4639,2016-06-26,parliament,ES2,Noreste,2,pxc,0.0
4640,2016-06-26,parliament,ES2,Noreste,2,recortes_cerogrupo_verde,46608.0
4641,2016-06-26,parliament,ES2,Noreste,2,repo,0.0
4642,2016-06-26,parliament,ES2,Noreste,2,sain,4312.0
4643,2016-06-26,parliament,ES2,Noreste,2,si,0.0
4644,2016-06-26,parliament,ES2,Noreste,2,somval,0.0
4645,2016-06-26,parliament,ES2,Noreste,2,udt,384.0
4646,2016-06-26,parliament,ES2,Noreste,2,unidad_del_pueblo,0.0
4647,2016-06-26,parliament,ES2,Noreste,2,upl,0.0
4648,2016-06-26,parliament,ES2,Noreste,2,upyd,33536.0
4649,2016-06-26,parliament,ES2,Noreste,2,vox,26608.0
4650,2016-06-26,parliament,ES3,Comunidad de Madrid,0,eligible_voters,4927932.0
4651,2016-06-26,parliament,ES3,Comunidad de Madrid,1,issued_ballots,3489376.0
4652,2016-06-26,parliament,ES3,Comunidad de Madrid,2,alcd,0.0
4653,2016-06-26,parliament,ES3,Comunidad de Madrid,2,and,0.0
4654,2016-06-26,parliament,ES3,Comunidad de Madrid,2,bngnos,0.0
4655,2016-06-26,parliament,ES3,Comunidad de Madrid,2,ccapnc,0.0
4656,2016-06-26,parliament,ES3,Comunidad de Madrid,2,ccd,0.0
4657,2016-06-26,parliament,ES3,Comunidad de Madrid,2,ccdci,0.0
4658,2016-06-26,parliament,ES3,Comunidad de Madrid,2,cdc,0.0
4659,2016-06-26,parliament,ES3,Comunidad de Madrid,2,centro_moderado,0.0
4660,2016-06-26,parliament,ES3,Comunidad de Madrid,2,cilus,0.0
4661,2016-06-26,parliament,ES3,Comunidad de Madrid,2,cs,616503.0
4662,2016-06-26,parliament,ES3,Comunidad de Madrid,2,eajpnv,0.0
4663,2016-06-26,parliament,ES3,Comunidad de Madrid,2,eb,0.0
4664,2016-06-26,parliament,ES3,Comunidad de Madrid,2,ecp,0.0
4665,2016-06-26,parliament,ES3,Comunidad de Madrid,2,eh_bildu,0.0
4666,2016-06-26,parliament,ES3,Comunidad de Madrid,2,entaban,0.0
4667,2016-06-26,parliament,ES3,Comunidad de Madrid,2,erccatsi,0.0
4668,2016-06-26,parliament,ES3,Comunidad de Madrid,2,fe,0.0
4669,2016-06-26,parliament,ES3,Comunidad de Madrid,2,fe_de_las_jons,3946.0
4670,2016-06-26,parliament,ES3,Comunidad de Madrid,2,fme,0.0
4671,2016-06-26,parliament,ES3,Comunidad de Madrid,2,gbai,0.0
4672,2016-06-26,parliament,ES3,Comunidad de Madrid,2,hrtsln,0.0
4673,2016-06-26,parliament,ES3,Comunidad de Madrid,2,imc,0.0
4674,2016-06-26,parliament,ES3,Comunidad de Madrid,2,independientesfia,0.0
4675,2016-06-26,parliament,ES3,Comunidad de Madrid,2,izar,0.0
4676,2016-06-26,parliament,ES3,Comunidad de Madrid,2,jxc,0.0
4677,2016-06-26,parliament,ES3,Comunidad de Madrid,2,ln,0.0
4678,2016-06-26,parliament,ES3,Comunidad de Madrid,2,mas,0.0
4679,2016-06-26,parliament,ES3,Comunidad de Madrid,2,pacma,39117.0
4680,2016-06-26,parliament,ES3,Comunidad de Madrid,2,pcoe,0.0
4681,2016-06-26,parliament,ES3,Comunidad de Madrid,2,pcpe,3110.0
4682,2016-06-26,parliament,ES3,Comunidad de Madrid,2,pfyv,0.0
4683,2016-06-26,parliament,ES3,Comunidad de Madrid,2,ph,2148.0
4684,2016-06-26,parliament,ES3,Comunidad de Madrid,2,plib,1111.0
4685,2016-06-26,parliament,ES3,Comunidad de Madrid,2,podemoscompromiseupv,0.0
4686,2016-06-26,parliament,ES3,Comunidad de Madrid,2,podemosen_mareaanovaeu,0.0
4687,2016-06-26,parliament,ES3,Comunidad de Madrid,2,podemosiuequo,737885.0
4688,2016-06-26,parliament,ES3,Comunidad de Madrid,2,pp,1325665.0
4689,2016-06-26,parliament,ES3,Comunidad de Madrid,2,prepal,0.0
4690,2016-06-26,parliament,ES3,Comunidad de Madrid,2,psoe,678340.0
4691,2016-06-26,parliament,ES3,Comunidad de Madrid,2,puede,0.0
4692,2016-06-26,parliament,ES3,Comunidad de Madrid,2,pxc,0.0
4693,2016-06-26,parliament,ES3,Comunidad de Madrid,2,recortes_cerogrupo_verde,7377.0
4694,2016-06-26,parliament,ES3,Comunidad de Madrid,2,repo,0.0
4695,2016-06-26,parliament,ES3,Comunidad de Madrid,2,sain,994.0
4696,2016-06-26,parliament,ES3,Comunidad de Madrid,2,si,0.0
4697,2016-06-26,parliament,ES3,Comunidad de Madrid,2,somval,0.0
4698,2016-06-26,parliament,ES3,Comunidad de Madrid,2,udt,0.0
4699,2016-06-26,parliament,ES3,Comunidad de Madrid,2,unidad_del_pueblo,0.0
4700,2016-06-26,parliament,ES3,Comunidad de Madrid,2,upl,0.0
4701,2016-06-26,parliament,ES3,Comunidad de Madrid,2,upyd,14659.0
4702,2016-06-26,parliament,ES3,Comunidad de Madrid,2,vox,16803.0
4703,2016-06-26,parliament,ES4,Centro (ES),0,eligible_voters,73800192.0
4704,2016-06-26,parliament,ES4,Centro (ES),1,issued_ballots,51495072.0
4705,2016-06-26,parliament,ES4,Centro (ES),2,alcd,3424.0
4706,2016-06-26,parliament,ES4,Centro (ES),2,and,0.0
4707,2016-06-26,parliament,ES4,Centro (ES),2,bngnos,0.0
4708,2016-06-26,parliament,ES4,Centro (ES),2,ccapnc,0.0
4709,2016-06-26,parliament,ES4,Centro (ES),2,ccd,0.0
4710,2016-06-26,parliament,ES4,Centro (ES),2,ccdci,42752.0
4711,2016-06-26,parliament,ES4,Centro (ES),2,cdc,0.0
4712,2016-06-26,parliament,ES4,Centro (ES),2,centro_moderado,0.0
4713,2016-06-26,parliament,ES4,Centro (ES),2,cilus,0.0
4714,2016-06-26,parliament,ES4,Centro (ES),2,cs,6650144.0
4715,2016-06-26,parliament,ES4,Centro (ES),2,eajpnv,0.0
4716,2016-06-26,parliament,ES4,Centro (ES),2,eb,0.0
4717,2016-06-26,parliament,ES4,Centro (ES),2,ecp,0.0
4718,2016-06-26,parliament,ES4,Centro (ES),2,eh_bildu,0.0
4719,2016-06-26,parliament,ES4,Centro (ES),2,entaban,0.0
4720,2016-06-26,parliament,ES4,Centro (ES),2,erccatsi,0.0
4721,2016-06-26,parliament,ES4,Centro (ES),2,fe,4064.0
4722,2016-06-26,parliament,ES4,Centro (ES),2,fe_de_las_jons,30112.0
4723,2016-06-26,parliament,ES4,Centro (ES),2,fme,0.0
4724,2016-06-26,parliament,ES4,Centro (ES),2,gbai,0.0
4725,2016-06-26,parliament,ES4,Centro (ES),2,hrtsln,0.0
4726,2016-06-26,parliament,ES4,Centro (ES),2,imc,5696.0
4727,2016-06-26,parliament,ES4,Centro (ES),2,independientesfia,0.0
4728,2016-06-26,parliament,ES4,Centro (ES),2,izar,0.0
4729,2016-06-26,parliament,ES4,Centro (ES),2,jxc,0.0
4730,2016-06-26,parliament,ES4,Centro (ES),2,ln,0.0
4731,2016-06-26,parliament,ES4,Centro (ES),2,mas,0.0
4732,2016-06-26,parliament,ES4,Centro (ES),2,pacma,394000.0
4733,2016-06-26,parliament,ES4,Centro (ES),2,pcoe,2016.0
4734,2016-06-26,parliament,ES4,Centro (ES),2,pcpe,35568.0
4735,2016-06-26,parliament,ES4,Centro (ES),2,pfyv,0.0
4736,2016-06-26,parliament,ES4,Centro (ES),2,ph,0.0
4737,2016-06-26,parliament,ES4,Centro (ES),2,plib,2336.0
4738,2016-06-26,parliament,ES4,Centro (ES),2,podemoscompromiseupv,0.0
4739,2016-06-26,parliament,ES4,Centro (ES),2,podemosen_mareaanovaeu,0.0
4740,2016-06-26,parliament,ES4,Centro (ES),2,podemosiuequo,7533104.0
4741,2016-06-26,parliament,ES4,Centro (ES),2,pp,21824416.0
4742,2016-06-26,parliament,ES4,Centro (ES),2,prepal,10688.0
4743,2016-06-26,parliament,ES4,Centro (ES),2,psoe,13635696.0
4744,2016-06-26,parliament,ES4,Centro (ES),2,puede,0.0
4745,2016-06-26,parliament,ES4,Centro (ES),2,pxc,0.0
4746,2016-06-26,parliament,ES4,Centro (ES),2,recortes_cerogrupo_verde,85376.0
4747,2016-06-26,parliament,ES4,Centro (ES),2,repo,0.0
4748,2016-06-26,parliament,ES4,Centro (ES),2,sain,9312.0
4749,2016-06-26,parliament,ES4,Centro (ES),2,si,0.0
4750,2016-06-26,parliament,ES4,Centro (ES),2,somval,0.0
4751,2016-06-26,parliament,ES4,Centro (ES),2,udt,0.0
4752,2016-06-26,parliament,ES4,Centro (ES),2,unidad_del_pueblo,0.0
4753,2016-06-26,parliament,ES4,Centro (ES),2,upl,36720.0
4754,2016-06-26,parliament,ES4,Centro (ES),2,upyd,127776.0
4755,2016-06-26,parliament,ES4,Centro (ES),2,vox,89520.0
4756,2016-06-26,parliament,ES5,Este,0,eligible_voters,108995194.0
4757,2016-06-26,parliament,ES5,Este,1,issued_ballots,72458870.0
4758,2016-06-26,parliament,ES5,Este,2,alcd,0.0
4759,2016-06-26,parliament,ES5,Este,2,and,0.0
4760,2016-06-26,parliament,ES5,Este,2,bngnos,0.0
4761,2016-06-26,parliament,ES5,Este,2,ccapnc,0.0
4762,2016-06-26,parliament,ES5,Este,2,ccd,69003.0
4763,2016-06-26,parliament,ES5,Este,2,ccdci,0.0
4764,2016-06-26,parliament,ES5,Este,2,cdc,5318368.0
4765,2016-06-26,parliament,ES5,Este,2,centro_moderado,33121.0
4766,2016-06-26,parliament,ES5,Este,2,cilus,0.0
4767,2016-06-26,parliament,ES5,Este,2,cs,9199564.0
4768,2016-06-26,parliament,ES5,Este,2,eajpnv,0.0
4769,2016-06-26,parliament,ES5,Este,2,eb,0.0
4770,2016-06-26,parliament,ES5,Este,2,ecp,9384122.0
4771,2016-06-26,parliament,ES5,Este,2,eh_bildu,0.0
4772,2016-06-26,parliament,ES5,Este,2,entaban,0.0
4773,2016-06-26,parliament,ES5,Este,2,erccatsi,6954574.0
4774,2016-06-26,parliament,ES5,Este,2,fe,0.0
4775,2016-06-26,parliament,ES5,Este,2,fe_de_las_jons,21351.0
4776,2016-06-26,parliament,ES5,Este,2,fme,0.0
4777,2016-06-26,parliament,ES5,Este,2,gbai,0.0
4778,2016-06-26,parliament,ES5,Este,2,hrtsln,0.0
4779,2016-06-26,parliament,ES5,Este,2,imc,0.0
4780,2016-06-26,parliament,ES5,Este,2,independientesfia,0.0
4781,2016-06-26,parliament,ES5,Este,2,izar,0.0
4782,2016-06-26,parliament,ES5,Este,2,jxc,0.0
4783,2016-06-26,parliament,ES5,Este,2,ln,0.0
4784,2016-06-26,parliament,ES5,Este,2,mas,0.0
4785,2016-06-26,parliament,ES5,Este,2,pacma,1097514.0
4786,2016-06-26,parliament,ES5,Este,2,pcoe,0.0
4787,2016-06-26,parliament,ES5,Este,2,pcpe,86889.0
4788,2016-06-26,parliament,ES5,Este,2,pfyv,9306.0
4789,2016-06-26,parliament,ES5,Este,2,ph,0.0
4790,2016-06-26,parliament,ES5,Este,2,plib,10912.0
4791,2016-06-26,parliament,ES5,Este,2,podemoscompromiseupv,7257481.0
4792,2016-06-26,parliament,ES5,Este,2,podemosen_mareaanovaeu,0.0
4793,2016-06-26,parliament,ES5,Este,2,podemosiuequo,1298902.0
4794,2016-06-26,parliament,ES5,Este,2,pp,17014932.0
4795,2016-06-26,parliament,ES5,Este,2,prepal,0.0
4796,2016-06-26,parliament,ES5,Este,2,psoe,13117621.0
4797,2016-06-26,parliament,ES5,Este,2,puede,0.0
4798,2016-06-26,parliament,ES5,Este,2,pxc,7964.0
4799,2016-06-26,parliament,ES5,Este,2,recortes_cerogrupo_verde,177892.0
4800,2016-06-26,parliament,ES5,Este,2,repo,6270.0
4801,2016-06-26,parliament,ES5,Este,2,sain,0.0
4802,2016-06-26,parliament,ES5,Este,2,si,81598.0
4803,2016-06-26,parliament,ES5,Este,2,somval,73117.0
4804,2016-06-26,parliament,ES5,Este,2,udt,0.0
4805,2016-06-26,parliament,ES5,Este,2,unidad_del_pueblo,0.0
4806,2016-06-26,parliament,ES5,Este,2,upl,0.0
4807,2016-06-26,parliament,ES5,Este,2,upyd,74602.0
4808,2016-06-26,parliament,ES5,Este,2,vox,69223.0
4809,2016-06-26,parliament,ES6,Sur,0,eligible_voters,84284156.0
4810,2016-06-26,parliament,ES6,Sur,1,issued_ballots,55846461.0
4811,2016-06-26,parliament,ES6,Sur,2,alcd,0.0
4812,2016-06-26,parliament,ES6,Sur,2,and,18997.0
4813,2016-06-26,parliament,ES6,Sur,2,bngnos,0.0
4814,2016-06-26,parliament,ES6,Sur,2,ccapnc,0.0
4815,2016-06-26,parliament,ES6,Sur,2,ccd,0.0
4816,2016-06-26,parliament,ES6,Sur,2,ccdci,0.0
4817,2016-06-26,parliament,ES6,Sur,2,cdc,0.0
4818,2016-06-26,parliament,ES6,Sur,2,centro_moderado,0.0
4819,2016-06-26,parliament,ES6,Sur,2,cilus,9130.0
4820,2016-06-26,parliament,ES6,Sur,2,cs,7666835.0
4821,2016-06-26,parliament,ES6,Sur,2,eajpnv,0.0
4822,2016-06-26,parliament,ES6,Sur,2,eb,22330.0
4823,2016-06-26,parliament,ES6,Sur,2,ecp,0.0
4824,2016-06-26,parliament,ES6,Sur,2,eh_bildu,0.0
4825,2016-06-26,parliament,ES6,Sur,2,entaban,0.0
4826,2016-06-26,parliament,ES6,Sur,2,erccatsi,0.0
4827,2016-06-26,parliament,ES6,Sur,2,fe,0.0
4828,2016-06-26,parliament,ES6,Sur,2,fe_de_las_jons,21780.0
4829,2016-06-26,parliament,ES6,Sur,2,fme,2200.0
4830,2016-06-26,parliament,ES6,Sur,2,gbai,0.0
4831,2016-06-26,parliament,ES6,Sur,2,hrtsln,0.0
4832,2016-06-26,parliament,ES6,Sur,2,imc,0.0
4833,2016-06-26,parliament,ES6,Sur,2,independientesfia,0.0
4834,2016-06-26,parliament,ES6,Sur,2,izar,7557.0
4835,2016-06-26,parliament,ES6,Sur,2,jxc,0.0
4836,2016-06-26,parliament,ES6,Sur,2,ln,0.0
4837,2016-06-26,parliament,ES6,Sur,2,mas,0.0
4838,2016-06-26,parliament,ES6,Sur,2,pacma,679019.0
4839,2016-06-26,parliament,ES6,Sur,2,pcoe,18656.0
4840,2016-06-26,parliament,ES6,Sur,2,pcpe,67199.0
4841,2016-06-26,parliament,ES6,Sur,2,pfyv,0.0
4842,2016-06-26,parliament,ES6,Sur,2,ph,0.0
4843,2016-06-26,parliament,ES6,Sur,2,plib,4323.0
4844,2016-06-26,parliament,ES6,Sur,2,podemoscompromiseupv,0.0
4845,2016-06-26,parliament,ES6,Sur,2,podemosen_mareaanovaeu,0.0
4846,2016-06-26,parliament,ES6,Sur,2,podemosiuequo,9916962.0
4847,2016-06-26,parliament,ES6,Sur,2,pp,19677680.0
4848,2016-06-26,parliament,ES6,Sur,2,prepal,0.0
4849,2016-06-26,parliament,ES6,Sur,2,psoe,16341094.0
4850,2016-06-26,parliament,ES6,Sur,2,puede,0.0
4851,2016-06-26,parliament,ES6,Sur,2,pxc,0.0
4852,2016-06-26,parliament,ES6,Sur,2,recortes_cerogrupo_verde,96624.0
4853,2016-06-26,parliament,ES6,Sur,2,repo,0.0
4854,2016-06-26,parliament,ES6,Sur,2,sain,2585.0
4855,2016-06-26,parliament,ES6,Sur,2,si,0.0
4856,2016-06-26,parliament,ES6,Sur,2,somval,0.0
4857,2016-06-26,parliament,ES6,Sur,2,udt,0.0
4858,2016-06-26,parliament,ES6,Sur,2,unidad_del_pueblo,0.0
4859,2016-06-26,parliament,ES6,Sur,2,upl,0.0
4860,2016-06-26,parliament,ES6,Sur,2,upyd,134563.0
4861,2016-06-26,parliament,ES6,Sur,2,vox,122122.0
4862,2016-06-26,parliament,ES7,Canarias,0,eligible_voters,15086601.0
4863,2016-06-26,parliament,ES7,Canarias,1,issued_ballots,8917938.0
4864,2016-06-26,parliament,ES7,Canarias,2,alcd,0.0
4865,2016-06-26,parliament,ES7,Canarias,2,and,0.0
4866,2016-06-26,parliament,ES7,Canarias,2,bngnos,0.0
4867,2016-06-26,parliament,ES7,Canarias,2,ccapnc,704277.0
4868,2016-06-26,parliament,ES7,Canarias,2,ccd,0.0
4869,2016-06-26,parliament,ES7,Canarias,2,ccdci,0.0
4870,2016-06-26,parliament,ES7,Canarias,2,cdc,0.0
4871,2016-06-26,parliament,ES7,Canarias,2,centro_moderado,0.0
4872,2016-06-26,parliament,ES7,Canarias,2,cilus,0.0
4873,2016-06-26,parliament,ES7,Canarias,2,cs,1059732.0
4874,2016-06-26,parliament,ES7,Canarias,2,eajpnv,0.0
4875,2016-06-26,parliament,ES7,Canarias,2,eb,5823.0
4876,2016-06-26,parliament,ES7,Canarias,2,ecp,0.0
4877,2016-06-26,parliament,ES7,Canarias,2,eh_bildu,0.0
4878,2016-06-26,parliament,ES7,Canarias,2,entaban,0.0
4879,2016-06-26,parliament,ES7,Canarias,2,erccatsi,0.0
4880,2016-06-26,parliament,ES7,Canarias,2,fe,0.0
4881,2016-06-26,parliament,ES7,Canarias,2,fe_de_las_jons,0.0
4882,2016-06-26,parliament,ES7,Canarias,2,fme,0.0
4883,2016-06-26,parliament,ES7,Canarias,2,gbai,0.0
4884,2016-06-26,parliament,ES7,Canarias,2,hrtsln,0.0
4885,2016-06-26,parliament,ES7,Canarias,2,imc,0.0
4886,2016-06-26,parliament,ES7,Canarias,2,independientesfia,0.0
4887,2016-06-26,parliament,ES7,Canarias,2,izar,0.0
4888,2016-06-26,parliament,ES7,Canarias,2,jxc,10710.0
4889,2016-06-26,parliament,ES7,Canarias,2,ln,0.0
4890,2016-06-26,parliament,ES7,Canarias,2,mas,0.0
4891,2016-06-26,parliament,ES7,Canarias,2,pacma,134757.0
4892,2016-06-26,parliament,ES7,Canarias,2,pcoe,0.0
4893,2016-06-26,parliament,ES7,Canarias,2,pcpe,13941.0
4894,2016-06-26,parliament,ES7,Canarias,2,pfyv,0.0
4895,2016-06-26,parliament,ES7,Canarias,2,ph,4050.0
4896,2016-06-26,parliament,ES7,Canarias,2,plib,0.0
4897,2016-06-26,parliament,ES7,Canarias,2,podemoscompromiseupv,0.0
4898,2016-06-26,parliament,ES7,Canarias,2,podemosen_mareaanovaeu,0.0
4899,2016-06-26,parliament,ES7,Canarias,2,podemosiuequo,1785906.0
4900,2016-06-26,parliament,ES7,Canarias,2,pp,3001005.0
4901,2016-06-26,parliament,ES7,Canarias,2,prepal,0.0
4902,2016-06-26,parliament,ES7,Canarias,2,psoe,1984239.0
4903,2016-06-26,parliament,ES7,Canarias,2,puede,0.0
4904,2016-06-26,parliament,ES7,Canarias,2,pxc,0.0
4905,2016-06-26,parliament,ES7,Canarias,2,recortes_cerogrupo_verde,26721.0
4906,2016-06-26,parliament,ES7,Canarias,2,repo,0.0
4907,2016-06-26,parliament,ES7,Canarias,2,sain,1908.0
4908,2016-06-26,parliament,ES7,Canarias,2,si,0.0
4909,2016-06-26,parliament,ES7,Canarias,2,somval,0.0
4910,2016-06-26,parliament,ES7,Canarias,2,udt,0.0
4911,2016-06-26,parliament,ES7,Canarias,2,unidad_del_pueblo,6174.0
4912,2016-06-26,parliament,ES7,Canarias,2,upl,0.0
4913,2016-06-26,parliament,ES7,Canarias,2,upyd,8802.0
4914,2016-06-26,parliament,ES7,Canarias,2,vox,7938.0
4915,2019-04-28,parliament,ES1,Noroeste,0,eligible_voters,25050150.0
4916,2019-04-28,parliament,ES1,Noroeste,1,issued_ballots,15998280.0
4917,2019-04-28,parliament,ES1,Noroeste,2,ahora_canarias,0.0
4918,2019-04-28,parliament,ES1,Noroeste,2,andecha_astur,5592.0
4919,2019-04-28,parliament,ES1,Noroeste,2,aramesesquerra,0.0
4920,2019-04-28,parliament,ES1,Noroeste,2,avant_adelante_los_verdes,0.0
4921,2019-04-28,parliament,ES1,Noroeste,2,axsi,0.0
4922,2019-04-28,parliament,ES1,Noroeste,2,bng,566598.0
4923,2019-04-28,parliament,ES1,Noroeste,2,c,438.0
4924,2019-04-28,parliament,ES1,Noroeste,2,ccapnc,0.0
4925,2019-04-28,parliament,ES1,Noroeste,2,centrados,0.0
4926,2019-04-28,parliament,ES1,Noroeste,2,cexcrexprex,0.0
4927,2019-04-28,parliament,ES1,Noroeste,2,cilulinares,0.0
4928,2019-04-28,parliament,ES1,Noroeste,2,cnv,0.0
4929,2019-04-28,parliament,ES1,Noroeste,2,compromis,0.0
4930,2019-04-28,parliament,ES1,Noroeste,2,cpm,0.0
4931,2019-04-28,parliament,ES1,Noroeste,2,cs,2058564.0
4932,2019-04-28,parliament,ES1,Noroeste,2,cxg,16560.0
4933,2019-04-28,parliament,ES1,Noroeste,2,dp,0.0
4934,2019-04-28,parliament,ES1,Noroeste,2,dpl,0.0
4935,2019-04-28,parliament,ES1,Noroeste,2,eajpnv,0.0
4936,2019-04-28,parliament,ES1,Noroeste,2,eb,7878.0
4937,2019-04-28,parliament,ES1,Noroeste,2,ecpguanyem_el_canvi,0.0
4938,2019-04-28,parliament,ES1,Noroeste,2,eh_bildu,0.0
4939,2019-04-28,parliament,ES1,Noroeste,2,el_pi,0.0
4940,2019-04-28,parliament,ES1,Noroeste,2,en_marea,107394.0
4941,2019-04-28,parliament,ES1,Noroeste,2,ercsobiranistes,0.0
4942,2019-04-28,parliament,ES1,Noroeste,2,erpv,0.0
4943,2019-04-28,parliament,ES1,Noroeste,2,f,0.0
4944,2019-04-28,parliament,ES1,Noroeste,2,fe_de_las_jons,0.0
4945,2019-04-28,parliament,ES1,Noroeste,2,fia,0.0
4946,2019-04-28,parliament,ES1,Noroeste,2,front_republica,0.0
4947,2019-04-28,parliament,ES1,Noroeste,2,gbai,0.0
4948,2019-04-28,parliament,ES1,Noroeste,2,izar,0.0
4949,2019-04-28,parliament,ES1,Noroeste,2,izqp,0.0
4950,2019-04-28,parliament,ES1,Noroeste,2,jf,0.0
4951,2019-04-28,parliament,ES1,Noroeste,2,jxcatjunts,0.0
4952,2019-04-28,parliament,ES1,Noroeste,2,mas,0.0
4953,2019-04-28,parliament,ES1,Noroeste,2,na,0.0
4954,2019-04-28,parliament,ES1,Noroeste,2,nca,0.0
4955,2019-04-28,parliament,ES1,Noroeste,2,pacma,161592.0
4956,2019-04-28,parliament,ES1,Noroeste,2,pact,27324.0
4957,2019-04-28,parliament,ES1,Noroeste,2,pcoe,10884.0
4958,2019-04-28,parliament,ES1,Noroeste,2,pcpa,0.0
4959,2019-04-28,parliament,ES1,Noroeste,2,pcpc,0.0
4960,2019-04-28,parliament,ES1,Noroeste,2,pcpe,1716.0
4961,2019-04-28,parliament,ES1,Noroeste,2,pcte,19602.0
4962,2019-04-28,parliament,ES1,Noroeste,2,pdsjeudec,0.0
4963,2019-04-28,parliament,ES1,Noroeste,2,ph,2880.0
4964,2019-04-28,parliament,ES1,Noroeste,2,plib,1122.0
4965,2019-04-28,parliament,ES1,Noroeste,2,podemoseumareas_en_comunequo,1428366.0
4966,2019-04-28,parliament,ES1,Noroeste,2,podemosiuequo,865260.0
4967,2019-04-28,parliament,ES1,Noroeste,2,pp,3848292.0
4968,2019-04-28,parliament,ES1,Noroeste,2,ppso,0.0
4969,2019-04-28,parliament,ES1,Noroeste,2,pr,0.0
4970,2019-04-28,parliament,ES1,Noroeste,2,prc,313596.0
4971,2019-04-28,parliament,ES1,Noroeste,2,prepal,0.0
4972,2019-04-28,parliament,ES1,Noroeste,2,psoe,4957890.0
4973,2019-04-28,parliament,ES1,Noroeste,2,pumj,7584.0
4974,2019-04-28,parliament,ES1,Noroeste,2,pyln,0.0
4975,2019-04-28,parliament,ES1,Noroeste,2,recortes_cerogv,25866.0
4976,2019-04-28,parliament,ES1,Noroeste,2,risa,0.0
4977,2019-04-28,parliament,ES1,Noroeste,2,solidaria,0.0
4978,2019-04-28,parliament,ES1,Noroeste,2,somos_region,0.0
4979,2019-04-28,parliament,ES1,Noroeste,2,udt,0.0
4980,2019-04-28,parliament,ES1,Noroeste,2,uigsomcuides,0.0
4981,2019-04-28,parliament,ES1,Noroeste,2,union_regionalista,0.0
4982,2019-04-28,parliament,ES1,Noroeste,2,vou,2010.0
4983,2019-04-28,parliament,ES1,Noroeste,2,vox,1195224.0
4984,2019-04-28,parliament,ES2,Noreste,0,eligible_voters,28564136.0
4985,2019-04-28,parliament,ES2,Noreste,1,issued_ballots,20844352.0
4986,2019-04-28,parliament,ES2,Noreste,2,ahora_canarias,0.0
4987,2019-04-28,parliament,ES2,Noreste,2,andecha_astur,0.0
4988,2019-04-28,parliament,ES2,Noreste,2,aramesesquerra,0.0
4989,2019-04-28,parliament,ES2,Noreste,2,avant_adelante_los_verdes,0.0
4990,2019-04-28,parliament,ES2,Noreste,2,axsi,0.0
4991,2019-04-28,parliament,ES2,Noreste,2,bng,0.0
4992,2019-04-28,parliament,ES2,Noreste,2,c,0.0
4993,2019-04-28,parliament,ES2,Noreste,2,ccapnc,0.0
4994,2019-04-28,parliament,ES2,Noreste,2,centrados,0.0
4995,2019-04-28,parliament,ES2,Noreste,2,cexcrexprex,0.0
4996,2019-04-28,parliament,ES2,Noreste,2,cilulinares,0.0
4997,2019-04-28,parliament,ES2,Noreste,2,cnv,0.0
4998,2019-04-28,parliament,ES2,Noreste,2,compromis,0.0
4999,2019-04-28,parliament,ES2,Noreste,2,cpm,0.0
5000,2019-04-28,parliament,ES2,Noreste,2,cs,1824984.0
5001,2019-04-28,parliament,ES2,Noreste,2,cxg,0.0
5002,2019-04-28,parliament,ES2,Noreste,2,dp,0.0
5003,2019-04-28,parliament,ES2,Noreste,2,dpl,0.0
5004,2019-04-28,parliament,ES2,Noreste,2,eajpnv,3167072.0
5005,2019-04-28,parliament,ES2,Noreste,2,eb,35480.0
5006,2019-04-28,parliament,ES2,Noreste,2,ecpguanyem_el_canvi,0.0
5007,2019-04-28,parliament,ES2,Noreste,2,eh_bildu,2077176.0
5008,2019-04-28,parliament,ES2,Noreste,2,el_pi,0.0
5009,2019-04-28,parliament,ES2,Noreste,2,en_marea,0.0
5010,2019-04-28,parliament,ES2,Noreste,2,ercsobiranistes,0.0
5011,2019-04-28,parliament,ES2,Noreste,2,erpv,0.0
5012,2019-04-28,parliament,ES2,Noreste,2,f,0.0
5013,2019-04-28,parliament,ES2,Noreste,2,fe_de_las_jons,0.0
5014,2019-04-28,parliament,ES2,Noreste,2,fia,6280.0
5015,2019-04-28,parliament,ES2,Noreste,2,front_republica,0.0
5016,2019-04-28,parliament,ES2,Noreste,2,gbai,178472.0
5017,2019-04-28,parliament,ES2,Noreste,2,izar,0.0
5018,2019-04-28,parliament,ES2,Noreste,2,izqp,0.0
5019,2019-04-28,parliament,ES2,Noreste,2,jf,0.0
5020,2019-04-28,parliament,ES2,Noreste,2,jxcatjunts,0.0
5021,2019-04-28,parliament,ES2,Noreste,2,mas,376.0
5022,2019-04-28,parliament,ES2,Noreste,2,na,860952.0
5023,2019-04-28,parliament,ES2,Noreste,2,nca,0.0
5024,2019-04-28,parliament,ES2,Noreste,2,pacma,183040.0
5025,2019-04-28,parliament,ES2,Noreste,2,pact,0.0
5026,2019-04-28,parliament,ES2,Noreste,2,pcoe,0.0
5027,2019-04-28,parliament,ES2,Noreste,2,pcpa,0.0
5028,2019-04-28,parliament,ES2,Noreste,2,pcpc,0.0
5029,2019-04-28,parliament,ES2,Noreste,2,pcpe,6120.0
5030,2019-04-28,parliament,ES2,Noreste,2,pcte,13920.0
5031,2019-04-28,parliament,ES2,Noreste,2,pdsjeudec,0.0
5032,2019-04-28,parliament,ES2,Noreste,2,ph,0.0
5033,2019-04-28,parliament,ES2,Noreste,2,plib,0.0
5034,2019-04-28,parliament,ES2,Noreste,2,podemoseumareas_en_comunequo,0.0
5035,2019-04-28,parliament,ES2,Noreste,2,podemosiuequo,3337272.0
5036,2019-04-28,parliament,ES2,Noreste,2,pp,2289840.0
5037,2019-04-28,parliament,ES2,Noreste,2,ppso,0.0
5038,2019-04-28,parliament,ES2,Noreste,2,pr,16784.0
5039,2019-04-28,parliament,ES2,Noreste,2,prc,0.0
5040,2019-04-28,parliament,ES2,Noreste,2,prepal,0.0
5041,2019-04-28,parliament,ES2,Noreste,2,psoe,5171096.0
5042,2019-04-28,parliament,ES2,Noreste,2,pumj,32048.0
5043,2019-04-28,parliament,ES2,Noreste,2,pyln,6680.0
5044,2019-04-28,parliament,ES2,Noreste,2,recortes_cerogv,45608.0
5045,2019-04-28,parliament,ES2,Noreste,2,risa,0.0
5046,2019-04-28,parliament,ES2,Noreste,2,solidaria,4224.0
5047,2019-04-28,parliament,ES2,Noreste,2,somos_region,0.0
5048,2019-04-28,parliament,ES2,Noreste,2,udt,224.0
5049,2019-04-28,parliament,ES2,Noreste,2,uigsomcuides,0.0
5050,2019-04-28,parliament,ES2,Noreste,2,union_regionalista,0.0
5051,2019-04-28,parliament,ES2,Noreste,2,vou,0.0
5052,2019-04-28,parliament,ES2,Noreste,2,vox,1237152.0
5053,2019-04-28,parliament,ES3,Comunidad de Madrid,0,eligible_voters,5054955.0
5054,2019-04-28,parliament,ES3,Comunidad de Madrid,1,issued_ballots,3814359.0
5055,2019-04-28,parliament,ES3,Comunidad de Madrid,2,ahora_canarias,0.0
5056,2019-04-28,parliament,ES3,Comunidad de Madrid,2,andecha_astur,0.0
5057,2019-04-28,parliament,ES3,Comunidad de Madrid,2,aramesesquerra,0.0
5058,2019-04-28,parliament,ES3,Comunidad de Madrid,2,avant_adelante_los_verdes,0.0
5059,2019-04-28,parliament,ES3,Comunidad de Madrid,2,axsi,0.0
5060,2019-04-28,parliament,ES3,Comunidad de Madrid,2,bng,0.0
5061,2019-04-28,parliament,ES3,Comunidad de Madrid,2,c,0.0
5062,2019-04-28,parliament,ES3,Comunidad de Madrid,2,ccapnc,0.0
5063,2019-04-28,parliament,ES3,Comunidad de Madrid,2,centrados,0.0
5064,2019-04-28,parliament,ES3,Comunidad de Madrid,2,cexcrexprex,0.0
5065,2019-04-28,parliament,ES3,Comunidad de Madrid,2,cilulinares,0.0
5066,2019-04-28,parliament,ES3,Comunidad de Madrid,2,cnv,0.0
5067,2019-04-28,parliament,ES3,Comunidad de Madrid,2,compromis,0.0
5068,2019-04-28,parliament,ES3,Comunidad de Madrid,2,cpm,0.0
5069,2019-04-28,parliament,ES3,Comunidad de Madrid,2,cs,792203.0
5070,2019-04-28,parliament,ES3,Comunidad de Madrid,2,cxg,0.0
5071,2019-04-28,parliament,ES3,Comunidad de Madrid,2,dp,0.0
5072,2019-04-28,parliament,ES3,Comunidad de Madrid,2,dpl,0.0
5073,2019-04-28,parliament,ES3,Comunidad de Madrid,2,eajpnv,0.0
5074,2019-04-28,parliament,ES3,Comunidad de Madrid,2,eb,0.0
5075,2019-04-28,parliament,ES3,Comunidad de Madrid,2,ecpguanyem_el_canvi,0.0
5076,2019-04-28,parliament,ES3,Comunidad de Madrid,2,eh_bildu,0.0
5077,2019-04-28,parliament,ES3,Comunidad de Madrid,2,el_pi,0.0
5078,2019-04-28,parliament,ES3,Comunidad de Madrid,2,en_marea,0.0
5079,2019-04-28,parliament,ES3,Comunidad de Madrid,2,ercsobiranistes,0.0
5080,2019-04-28,parliament,ES3,Comunidad de Madrid,2,erpv,0.0
5081,2019-04-28,parliament,ES3,Comunidad de Madrid,2,f,0.0
5082,2019-04-28,parliament,ES3,Comunidad de Madrid,2,fe_de_las_jons,0.0
5083,2019-04-28,parliament,ES3,Comunidad de Madrid,2,fia,0.0
5084,2019-04-28,parliament,ES3,Comunidad de Madrid,2,front_republica,0.0
5085,2019-04-28,parliament,ES3,Comunidad de Madrid,2,gbai,0.0
5086,2019-04-28,parliament,ES3,Comunidad de Madrid,2,izar,0.0
5087,2019-04-28,parliament,ES3,Comunidad de Madrid,2,izqp,0.0
5088,2019-04-28,parliament,ES3,Comunidad de Madrid,2,jf,0.0
5089,2019-04-28,parliament,ES3,Comunidad de Madrid,2,jxcatjunts,0.0
5090,2019-04-28,parliament,ES3,Comunidad de Madrid,2,mas,0.0
5091,2019-04-28,parliament,ES3,Comunidad de Madrid,2,na,0.0
5092,2019-04-28,parliament,ES3,Comunidad de Madrid,2,nca,0.0
5093,2019-04-28,parliament,ES3,Comunidad de Madrid,2,pacma,50909.0
5094,2019-04-28,parliament,ES3,Comunidad de Madrid,2,pact,19208.0
5095,2019-04-28,parliament,ES3,Comunidad de Madrid,2,pcoe,0.0
5096,2019-04-28,parliament,ES3,Comunidad de Madrid,2,pcpa,0.0
5097,2019-04-28,parliament,ES3,Comunidad de Madrid,2,pcpc,0.0
5098,2019-04-28,parliament,ES3,Comunidad de Madrid,2,pcpe,2038.0
5099,2019-04-28,parliament,ES3,Comunidad de Madrid,2,pcte,2329.0
5100,2019-04-28,parliament,ES3,Comunidad de Madrid,2,pdsjeudec,0.0
5101,2019-04-28,parliament,ES3,Comunidad de Madrid,2,ph,3456.0
5102,2019-04-28,parliament,ES3,Comunidad de Madrid,2,plib,0.0
5103,2019-04-28,parliament,ES3,Comunidad de Madrid,2,podemoseumareas_en_comunequo,0.0
5104,2019-04-28,parliament,ES3,Comunidad de Madrid,2,podemosiuequo,613911.0
5105,2019-04-28,parliament,ES3,Comunidad de Madrid,2,pp,705119.0
5106,2019-04-28,parliament,ES3,Comunidad de Madrid,2,ppso,0.0
5107,2019-04-28,parliament,ES3,Comunidad de Madrid,2,pr,0.0
5108,2019-04-28,parliament,ES3,Comunidad de Madrid,2,prc,0.0
5109,2019-04-28,parliament,ES3,Comunidad de Madrid,2,prepal,0.0
5110,2019-04-28,parliament,ES3,Comunidad de Madrid,2,psoe,1031534.0
5111,2019-04-28,parliament,ES3,Comunidad de Madrid,2,pumj,5221.0
5112,2019-04-28,parliament,ES3,Comunidad de Madrid,2,pyln,0.0
5113,2019-04-28,parliament,ES3,Comunidad de Madrid,2,recortes_cerogv,7512.0
5114,2019-04-28,parliament,ES3,Comunidad de Madrid,2,risa,0.0
5115,2019-04-28,parliament,ES3,Comunidad de Madrid,2,solidaria,0.0
5116,2019-04-28,parliament,ES3,Comunidad de Madrid,2,somos_region,0.0
5117,2019-04-28,parliament,ES3,Comunidad de Madrid,2,udt,0.0
5118,2019-04-28,parliament,ES3,Comunidad de Madrid,2,uigsomcuides,0.0
5119,2019-04-28,parliament,ES3,Comunidad de Madrid,2,union_regionalista,0.0
5120,2019-04-28,parliament,ES3,Comunidad de Madrid,2,vou,0.0
5121,2019-04-28,parliament,ES3,Comunidad de Madrid,2,vox,524176.0
5122,2019-04-28,parliament,ES4,Centro (ES),0,eligible_voters,73427616.0
5123,2019-04-28,parliament,ES4,Centro (ES),1,issued_ballots,54625744.0
5124,2019-04-28,parliament,ES4,Centro (ES),2,ahora_canarias,0.0
5125,2019-04-28,parliament,ES4,Centro (ES),2,andecha_astur,0.0
5126,2019-04-28,parliament,ES4,Centro (ES),2,aramesesquerra,0.0
5127,2019-04-28,parliament,ES4,Centro (ES),2,avant_adelante_los_verdes,0.0
5128,2019-04-28,parliament,ES4,Centro (ES),2,axsi,0.0
5129,2019-04-28,parliament,ES4,Centro (ES),2,bng,0.0
5130,2019-04-28,parliament,ES4,Centro (ES),2,c,0.0
5131,2019-04-28,parliament,ES4,Centro (ES),2,ccapnc,0.0
5132,2019-04-28,parliament,ES4,Centro (ES),2,centrados,7344.0
5133,2019-04-28,parliament,ES4,Centro (ES),2,cexcrexprex,34400.0
5134,2019-04-28,parliament,ES4,Centro (ES),2,cilulinares,0.0
5135,2019-04-28,parliament,ES4,Centro (ES),2,cnv,0.0
5136,2019-04-28,parliament,ES4,Centro (ES),2,compromis,0.0
5137,2019-04-28,parliament,ES4,Centro (ES),2,cpm,0.0
5138,2019-04-28,parliament,ES4,Centro (ES),2,cs,9808528.0
5139,2019-04-28,parliament,ES4,Centro (ES),2,cxg,0.0
5140,2019-04-28,parliament,ES4,Centro (ES),2,dp,4928.0
5141,2019-04-28,parliament,ES4,Centro (ES),2,dpl,0.0
5142,2019-04-28,parliament,ES4,Centro (ES),2,eajpnv,0.0
5143,2019-04-28,parliament,ES4,Centro (ES),2,eb,0.0
5144,2019-04-28,parliament,ES4,Centro (ES),2,ecpguanyem_el_canvi,0.0
5145,2019-04-28,parliament,ES4,Centro (ES),2,eh_bildu,0.0
5146,2019-04-28,parliament,ES4,Centro (ES),2,el_pi,0.0
5147,2019-04-28,parliament,ES4,Centro (ES),2,en_marea,0.0
5148,2019-04-28,parliament,ES4,Centro (ES),2,ercsobiranistes,0.0
5149,2019-04-28,parliament,ES4,Centro (ES),2,erpv,0.0
5150,2019-04-28,parliament,ES4,Centro (ES),2,f,0.0
5151,2019-04-28,parliament,ES4,Centro (ES),2,fe_de_las_jons,6784.0
5152,2019-04-28,parliament,ES4,Centro (ES),2,fia,0.0
5153,2019-04-28,parliament,ES4,Centro (ES),2,front_republica,0.0
5154,2019-04-28,parliament,ES4,Centro (ES),2,gbai,0.0
5155,2019-04-28,parliament,ES4,Centro (ES),2,izar,0.0
5156,2019-04-28,parliament,ES4,Centro (ES),2,izqp,0.0
5157,2019-04-28,parliament,ES4,Centro (ES),2,jf,0.0
5158,2019-04-28,parliament,ES4,Centro (ES),2,jxcatjunts,0.0
5159,2019-04-28,parliament,ES4,Centro (ES),2,mas,0.0
5160,2019-04-28,parliament,ES4,Centro (ES),2,na,0.0
5161,2019-04-28,parliament,ES4,Centro (ES),2,nca,0.0
5162,2019-04-28,parliament,ES4,Centro (ES),2,pacma,433104.0
5163,2019-04-28,parliament,ES4,Centro (ES),2,pact,33776.0
5164,2019-04-28,parliament,ES4,Centro (ES),2,pcoe,8144.0
5165,2019-04-28,parliament,ES4,Centro (ES),2,pcpa,0.0
5166,2019-04-28,parliament,ES4,Centro (ES),2,pcpc,0.0
5167,2019-04-28,parliament,ES4,Centro (ES),2,pcpe,8592.0
5168,2019-04-28,parliament,ES4,Centro (ES),2,pcte,32880.0
5169,2019-04-28,parliament,ES4,Centro (ES),2,pdsjeudec,4432.0
5170,2019-04-28,parliament,ES4,Centro (ES),2,ph,0.0
5171,2019-04-28,parliament,ES4,Centro (ES),2,plib,896.0
5172,2019-04-28,parliament,ES4,Centro (ES),2,podemoseumareas_en_comunequo,0.0
5173,2019-04-28,parliament,ES4,Centro (ES),2,podemosiuequo,5469216.0
5174,2019-04-28,parliament,ES4,Centro (ES),2,pp,12887424.0
5175,2019-04-28,parliament,ES4,Centro (ES),2,ppso,42608.0
5176,2019-04-28,parliament,ES4,Centro (ES),2,pr,0.0
5177,2019-04-28,parliament,ES4,Centro (ES),2,prc,0.0
5178,2019-04-28,parliament,ES4,Centro (ES),2,prepal,35040.0
5179,2019-04-28,parliament,ES4,Centro (ES),2,psoe,17407680.0
5180,2019-04-28,parliament,ES4,Centro (ES),2,pumj,65536.0
5181,2019-04-28,parliament,ES4,Centro (ES),2,pyln,0.0
5182,2019-04-28,parliament,ES4,Centro (ES),2,recortes_cerogv,89328.0
5183,2019-04-28,parliament,ES4,Centro (ES),2,risa,0.0
5184,2019-04-28,parliament,ES4,Centro (ES),2,solidaria,0.0
5185,2019-04-28,parliament,ES4,Centro (ES),2,somos_region,0.0
5186,2019-04-28,parliament,ES4,Centro (ES),2,udt,0.0
5187,2019-04-28,parliament,ES4,Centro (ES),2,uigsomcuides,0.0
5188,2019-04-28,parliament,ES4,Centro (ES),2,union_regionalista,7840.0
5189,2019-04-28,parliament,ES4,Centro (ES),2,vou,0.0
5190,2019-04-28,parliament,ES4,Centro (ES),2,vox,7025904.0
5191,2019-04-28,parliament,ES5,Este,0,eligible_voters,110517704.0
5192,2019-04-28,parliament,ES5,Este,1,issued_ballots,81488572.0
5193,2019-04-28,parliament,ES5,Este,2,ahora_canarias,0.0
5194,2019-04-28,parliament,ES5,Este,2,andecha_astur,0.0
5195,2019-04-28,parliament,ES5,Este,2,aramesesquerra,277101.0
5196,2019-04-28,parliament,ES5,Este,2,avant_adelante_los_verdes,80652.0
5197,2019-04-28,parliament,ES5,Este,2,axsi,0.0
5198,2019-04-28,parliament,ES5,Este,2,bng,0.0
5199,2019-04-28,parliament,ES5,Este,2,c,0.0
5200,2019-04-28,parliament,ES5,Este,2,ccapnc,0.0
5201,2019-04-28,parliament,ES5,Este,2,centrados,0.0
5202,2019-04-28,parliament,ES5,Este,2,cexcrexprex,0.0
5203,2019-04-28,parliament,ES5,Este,2,cilulinares,0.0
5204,2019-04-28,parliament,ES5,Este,2,cnv,27951.0
5205,2019-04-28,parliament,ES5,Este,2,compromis,1912031.0
5206,2019-04-28,parliament,ES5,Este,2,cpm,0.0
5207,2019-04-28,parliament,ES5,Este,2,cs,11580602.0
5208,2019-04-28,parliament,ES5,Este,2,cxg,0.0
5209,2019-04-28,parliament,ES5,Este,2,dp,0.0
5210,2019-04-28,parliament,ES5,Este,2,dpl,0.0
5211,2019-04-28,parliament,ES5,Este,2,eajpnv,0.0
5212,2019-04-28,parliament,ES5,Este,2,eb,0.0
5213,2019-04-28,parliament,ES5,Este,2,ecpguanyem_el_canvi,6772315.0
5214,2019-04-28,parliament,ES5,Este,2,eh_bildu,0.0
5215,2019-04-28,parliament,ES5,Este,2,el_pi,128612.0
5216,2019-04-28,parliament,ES5,Este,2,en_marea,0.0
5217,2019-04-28,parliament,ES5,Este,2,ercsobiranistes,11224312.0
5218,2019-04-28,parliament,ES5,Este,2,erpv,46596.0
5219,2019-04-28,parliament,ES5,Este,2,f,0.0
5220,2019-04-28,parliament,ES5,Este,2,fe_de_las_jons,2442.0
5221,2019-04-28,parliament,ES5,Este,2,fia,0.0
5222,2019-04-28,parliament,ES5,Este,2,front_republica,1251877.0
5223,2019-04-28,parliament,ES5,Este,2,gbai,0.0
5224,2019-04-28,parliament,ES5,Este,2,izar,0.0
5225,2019-04-28,parliament,ES5,Este,2,izqp,30701.0
5226,2019-04-28,parliament,ES5,Este,2,jf,0.0
5227,2019-04-28,parliament,ES5,Este,2,jxcatjunts,5508657.0
5228,2019-04-28,parliament,ES5,Este,2,mas,0.0
5229,2019-04-28,parliament,ES5,Este,2,na,0.0
5230,2019-04-28,parliament,ES5,Este,2,nca,0.0
5231,2019-04-28,parliament,ES5,Este,2,pacma,1210495.0
5232,2019-04-28,parliament,ES5,Este,2,pact,8756.0
5233,2019-04-28,parliament,ES5,Este,2,pcoe,0.0
5234,2019-04-28,parliament,ES5,Este,2,pcpa,0.0
5235,2019-04-28,parliament,ES5,Este,2,pcpc,37103.0
5236,2019-04-28,parliament,ES5,Este,2,pcpe,35376.0
5237,2019-04-28,parliament,ES5,Este,2,pcte,25883.0
5238,2019-04-28,parliament,ES5,Este,2,pdsjeudec,0.0
5239,2019-04-28,parliament,ES5,Este,2,ph,0.0
5240,2019-04-28,parliament,ES5,Este,2,plib,10703.0
5241,2019-04-28,parliament,ES5,Este,2,podemoseumareas_en_comunequo,0.0
5242,2019-04-28,parliament,ES5,Este,2,podemosiuequo,5228025.0
5243,2019-04-28,parliament,ES5,Este,2,pp,8655603.0
5244,2019-04-28,parliament,ES5,Este,2,ppso,0.0
5245,2019-04-28,parliament,ES5,Este,2,pr,0.0
5246,2019-04-28,parliament,ES5,Este,2,prc,0.0
5247,2019-04-28,parliament,ES5,Este,2,prepal,0.0
5248,2019-04-28,parliament,ES5,Este,2,psoe,20299851.0
5249,2019-04-28,parliament,ES5,Este,2,pumj,15455.0
5250,2019-04-28,parliament,ES5,Este,2,pyln,0.0
5251,2019-04-28,parliament,ES5,Este,2,recortes_cerogv,133287.0
5252,2019-04-28,parliament,ES5,Este,2,risa,0.0
5253,2019-04-28,parliament,ES5,Este,2,solidaria,0.0
5254,2019-04-28,parliament,ES5,Este,2,somos_region,0.0
5255,2019-04-28,parliament,ES5,Este,2,udt,0.0
5256,2019-04-28,parliament,ES5,Este,2,uigsomcuides,49203.0
5257,2019-04-28,parliament,ES5,Este,2,union_regionalista,0.0
5258,2019-04-28,parliament,ES5,Este,2,vou,0.0
5259,2019-04-28,parliament,ES5,Este,2,vox,5833091.0
5260,2019-04-28,parliament,ES6,Sur,0,eligible_voters,85162154.0
5261,2019-04-28,parliament,ES6,Sur,1,issued_ballots,60448553.0
5262,2019-04-28,parliament,ES6,Sur,2,ahora_canarias,0.0
5263,2019-04-28,parliament,ES6,Sur,2,andecha_astur,0.0
5264,2019-04-28,parliament,ES6,Sur,2,aramesesquerra,0.0
5265,2019-04-28,parliament,ES6,Sur,2,avant_adelante_los_verdes,0.0
5266,2019-04-28,parliament,ES6,Sur,2,axsi,125477.0
5267,2019-04-28,parliament,ES6,Sur,2,bng,0.0
5268,2019-04-28,parliament,ES6,Sur,2,c,0.0
5269,2019-04-28,parliament,ES6,Sur,2,ccapnc,0.0
5270,2019-04-28,parliament,ES6,Sur,2,centrados,0.0
5271,2019-04-28,parliament,ES6,Sur,2,cexcrexprex,0.0
5272,2019-04-28,parliament,ES6,Sur,2,cilulinares,11891.0
5273,2019-04-28,parliament,ES6,Sur,2,cnv,0.0
5274,2019-04-28,parliament,ES6,Sur,2,compromis,0.0
5275,2019-04-28,parliament,ES6,Sur,2,cpm,75427.0
5276,2019-04-28,parliament,ES6,Sur,2,cs,10678228.0
5277,2019-04-28,parliament,ES6,Sur,2,cxg,0.0
5278,2019-04-28,parliament,ES6,Sur,2,dp,0.0
5279,2019-04-28,parliament,ES6,Sur,2,dpl,5544.0
5280,2019-04-28,parliament,ES6,Sur,2,eajpnv,0.0
5281,2019-04-28,parliament,ES6,Sur,2,eb,14564.0
5282,2019-04-28,parliament,ES6,Sur,2,ecpguanyem_el_canvi,0.0
5283,2019-04-28,parliament,ES6,Sur,2,eh_bildu,0.0
5284,2019-04-28,parliament,ES6,Sur,2,el_pi,0.0
5285,2019-04-28,parliament,ES6,Sur,2,en_marea,0.0
5286,2019-04-28,parliament,ES6,Sur,2,ercsobiranistes,0.0
5287,2019-04-28,parliament,ES6,Sur,2,erpv,0.0
5288,2019-04-28,parliament,ES6,Sur,2,f,0.0
5289,2019-04-28,parliament,ES6,Sur,2,fe_de_las_jons,0.0
5290,2019-04-28,parliament,ES6,Sur,2,fia,0.0
5291,2019-04-28,parliament,ES6,Sur,2,front_republica,0.0
5292,2019-04-28,parliament,ES6,Sur,2,gbai,0.0
5293,2019-04-28,parliament,ES6,Sur,2,izar,2827.0
5294,2019-04-28,parliament,ES6,Sur,2,izqp,7832.0
5295,2019-04-28,parliament,ES6,Sur,2,jf,9636.0
5296,2019-04-28,parliament,ES6,Sur,2,jxcatjunts,0.0
5297,2019-04-28,parliament,ES6,Sur,2,mas,0.0
5298,2019-04-28,parliament,ES6,Sur,2,na,0.0
5299,2019-04-28,parliament,ES6,Sur,2,nca,0.0
5300,2019-04-28,parliament,ES6,Sur,2,pacma,799018.0
5301,2019-04-28,parliament,ES6,Sur,2,pact,39237.0
5302,2019-04-28,parliament,ES6,Sur,2,pcoe,74877.0
5303,2019-04-28,parliament,ES6,Sur,2,pcpa,51667.0
5304,2019-04-28,parliament,ES6,Sur,2,pcpc,0.0
5305,2019-04-28,parliament,ES6,Sur,2,pcpe,7293.0
5306,2019-04-28,parliament,ES6,Sur,2,pcte,25058.0
5307,2019-04-28,parliament,ES6,Sur,2,pdsjeudec,0.0
5308,2019-04-28,parliament,ES6,Sur,2,ph,0.0
5309,2019-04-28,parliament,ES6,Sur,2,plib,0.0
5310,2019-04-28,parliament,ES6,Sur,2,podemoseumareas_en_comunequo,0.0
5311,2019-04-28,parliament,ES6,Sur,2,podemosiuequo,8119397.0
5312,2019-04-28,parliament,ES6,Sur,2,pp,10821591.0
5313,2019-04-28,parliament,ES6,Sur,2,ppso,0.0
5314,2019-04-28,parliament,ES6,Sur,2,pr,0.0
5315,2019-04-28,parliament,ES6,Sur,2,prc,0.0
5316,2019-04-28,parliament,ES6,Sur,2,prepal,0.0
5317,2019-04-28,parliament,ES6,Sur,2,psoe,19580121.0
5318,2019-04-28,parliament,ES6,Sur,2,pumj,48972.0
5319,2019-04-28,parliament,ES6,Sur,2,pyln,0.0
5320,2019-04-28,parliament,ES6,Sur,2,recortes_cerogv,104368.0
5321,2019-04-28,parliament,ES6,Sur,2,risa,2090.0
5322,2019-04-28,parliament,ES6,Sur,2,solidaria,0.0
5323,2019-04-28,parliament,ES6,Sur,2,somos_region,54736.0
5324,2019-04-28,parliament,ES6,Sur,2,udt,0.0
5325,2019-04-28,parliament,ES6,Sur,2,uigsomcuides,0.0
5326,2019-04-28,parliament,ES6,Sur,2,union_regionalista,0.0
5327,2019-04-28,parliament,ES6,Sur,2,vou,0.0
5328,2019-04-28,parliament,ES6,Sur,2,vox,8481594.0
5329,2019-04-28,parliament,ES7,Canarias,0,eligible_voters,15480738.0
5330,2019-04-28,parliament,ES7,Canarias,1,issued_ballots,9669357.0
5331,2019-04-28,parliament,ES7,Canarias,2,ahora_canarias,27333.0
5332,2019-04-28,parliament,ES7,Canarias,2,andecha_astur,0.0
5333,2019-04-28,parliament,ES7,Canarias,2,aramesesquerra,0.0
5334,2019-04-28,parliament,ES7,Canarias,2,avant_adelante_los_verdes,0.0
5335,2019-04-28,parliament,ES7,Canarias,2,axsi,0.0
5336,2019-04-28,parliament,ES7,Canarias,2,bng,0.0
5337,2019-04-28,parliament,ES7,Canarias,2,c,0.0
5338,2019-04-28,parliament,ES7,Canarias,2,ccapnc,1238976.0
5339,2019-04-28,parliament,ES7,Canarias,2,centrados,0.0
5340,2019-04-28,parliament,ES7,Canarias,2,cexcrexprex,0.0
5341,2019-04-28,parliament,ES7,Canarias,2,cilulinares,0.0
5342,2019-04-28,parliament,ES7,Canarias,2,cnv,0.0
5343,2019-04-28,parliament,ES7,Canarias,2,compromis,0.0
5344,2019-04-28,parliament,ES7,Canarias,2,cpm,0.0
5345,2019-04-28,parliament,ES7,Canarias,2,cs,1401138.0
5346,2019-04-28,parliament,ES7,Canarias,2,cxg,0.0
5347,2019-04-28,parliament,ES7,Canarias,2,dp,0.0
5348,2019-04-28,parliament,ES7,Canarias,2,dpl,0.0
5349,2019-04-28,parliament,ES7,Canarias,2,eajpnv,0.0
5350,2019-04-28,parliament,ES7,Canarias,2,eb,0.0
5351,2019-04-28,parliament,ES7,Canarias,2,ecpguanyem_el_canvi,0.0
5352,2019-04-28,parliament,ES7,Canarias,2,eh_bildu,0.0
5353,2019-04-28,parliament,ES7,Canarias,2,el_pi,0.0
5354,2019-04-28,parliament,ES7,Canarias,2,en_marea,0.0
5355,2019-04-28,parliament,ES7,Canarias,2,ercsobiranistes,0.0
5356,2019-04-28,parliament,ES7,Canarias,2,erpv,0.0
5357,2019-04-28,parliament,ES7,Canarias,2,f,5139.0
5358,2019-04-28,parliament,ES7,Canarias,2,fe_de_las_jons,0.0
5359,2019-04-28,parliament,ES7,Canarias,2,fia,0.0
5360,2019-04-28,parliament,ES7,Canarias,2,front_republica,0.0
5361,2019-04-28,parliament,ES7,Canarias,2,gbai,0.0
5362,2019-04-28,parliament,ES7,Canarias,2,izar,0.0
5363,2019-04-28,parliament,ES7,Canarias,2,izqp,0.0
5364,2019-04-28,parliament,ES7,Canarias,2,jf,0.0
5365,2019-04-28,parliament,ES7,Canarias,2,jxcatjunts,0.0
5366,2019-04-28,parliament,ES7,Canarias,2,mas,0.0
5367,2019-04-28,parliament,ES7,Canarias,2,na,0.0
5368,2019-04-28,parliament,ES7,Canarias,2,nca,326025.0
5369,2019-04-28,parliament,ES7,Canarias,2,pacma,160434.0
5370,2019-04-28,parliament,ES7,Canarias,2,pact,0.0
5371,2019-04-28,parliament,ES7,Canarias,2,pcoe,0.0
5372,2019-04-28,parliament,ES7,Canarias,2,pcpa,0.0
5373,2019-04-28,parliament,ES7,Canarias,2,pcpc,0.0
5374,2019-04-28,parliament,ES7,Canarias,2,pcpe,13374.0
5375,2019-04-28,parliament,ES7,Canarias,2,pcte,0.0
5376,2019-04-28,parliament,ES7,Canarias,2,pdsjeudec,0.0
5377,2019-04-28,parliament,ES7,Canarias,2,ph,5031.0
5378,2019-04-28,parliament,ES7,Canarias,2,plib,0.0
5379,2019-04-28,parliament,ES7,Canarias,2,podemoseumareas_en_comunequo,0.0
5380,2019-04-28,parliament,ES7,Canarias,2,podemosiuequo,1502199.0
5381,2019-04-28,parliament,ES7,Canarias,2,pp,1483236.0
5382,2019-04-28,parliament,ES7,Canarias,2,ppso,0.0
5383,2019-04-28,parliament,ES7,Canarias,2,pr,0.0
5384,2019-04-28,parliament,ES7,Canarias,2,prc,0.0
5385,2019-04-28,parliament,ES7,Canarias,2,prepal,0.0
5386,2019-04-28,parliament,ES7,Canarias,2,psoe,2659266.0
5387,2019-04-28,parliament,ES7,Canarias,2,pumj,12771.0
5388,2019-04-28,parliament,ES7,Canarias,2,pyln,0.0
5389,2019-04-28,parliament,ES7,Canarias,2,recortes_cerogv,23859.0
5390,2019-04-28,parliament,ES7,Canarias,2,risa,0.0
5391,2019-04-28,parliament,ES7,Canarias,2,solidaria,0.0
5392,2019-04-28,parliament,ES7,Canarias,2,somos_region,0.0
5393,2019-04-28,parliament,ES7,Canarias,2,udt,0.0
5394,2019-04-28,parliament,ES7,Canarias,2,uigsomcuides,0.0
5395,2019-04-28,parliament,ES7,Canarias,2,union_regionalista,0.0
5396,2019-04-28,parliament,ES7,Canarias,2,vou,0.0
5397,2019-04-28,parliament,ES7,Canarias,2,vox,626526.0
5398,2019-05-26,european,ES1,Noroeste,0,eligible_voters,25093248.0
5399,2019-05-26,european,ES1,Noroeste,1,issued_ballots,13914102.0
5400,2019-05-26,european,ES1,Noroeste,2,adn,5886.0
5401,2019-05-26,european,ES1,Noroeste,2,ahora_republicas,1047726.0
5402,2019-05-26,european,ES1,Noroeste,2,alter,7494.0
5403,2019-05-26,european,ES1,Noroeste,2,axsi,3258.0
5404,2019-05-26,european,ES1,Noroeste,2,ceus,45576.0
5405,2019-05-26,european,ES1,Noroeste,2,cexcrexprex,3282.0
5406,2019-05-26,european,ES1,Noroeste,2,contigo,5790.0
5407,2019-05-26,european,ES1,Noroeste,2,cpe,96684.0
5408,2019-05-26,european,ES1,Noroeste,2,cs,1272858.0
5409,2019-05-26,european,ES1,Noroeste,2,cvec,37980.0
5410,2019-05-26,european,ES1,Noroeste,2,cxe,7698.0
5411,2019-05-26,european,ES1,Noroeste,2,fac,41160.0
5412,2019-05-26,european,ES1,Noroeste,2,ifem,18636.0
5413,2019-05-26,european,ES1,Noroeste,2,igre,5892.0
5414,2019-05-26,european,ES1,Noroeste,2,izqp,9684.0
5415,2019-05-26,european,ES1,Noroeste,2,junts,16818.0
5416,2019-05-26,european,ES1,Noroeste,2,mcr,6132.0
5417,2019-05-26,european,ES1,Noroeste,2,miel,4590.0
5418,2019-05-26,european,ES1,Noroeste,2,pacma,170880.0
5419,2019-05-26,european,ES1,Noroeste,2,pact,20862.0
5420,2019-05-26,european,ES1,Noroeste,2,pcpepcpcpcpa,21180.0
5421,2019-05-26,european,ES1,Noroeste,2,pcte,17454.0
5422,2019-05-26,european,ES1,Noroeste,2,ph,6234.0
5423,2019-05-26,european,ES1,Noroeste,2,piratescatep,10848.0
5424,2019-05-26,european,ES1,Noroeste,2,podemosiu,1333398.0
5425,2019-05-26,european,ES1,Noroeste,2,pp,3710802.0
5426,2019-05-26,european,ES1,Noroeste,2,psoe,4982376.0
5427,2019-05-26,european,ES1,Noroeste,2,pumj,11454.0
5428,2019-05-26,european,ES1,Noroeste,2,recortes_cerolvgve,37896.0
5429,2019-05-26,european,ES1,Noroeste,2,sain,4866.0
5430,2019-05-26,european,ES1,Noroeste,2,volt,19842.0
5431,2019-05-26,european,ES1,Noroeste,2,vox,589116.0
5432,2019-05-26,european,ES2,Noreste,0,eligible_voters,28681176.0
5433,2019-05-26,european,ES2,Noreste,1,issued_ballots,18404848.0
5434,2019-05-26,european,ES2,Noreste,2,adn,6984.0
5435,2019-05-26,european,ES2,Noreste,2,ahora_republicas,2427816.0
5436,2019-05-26,european,ES2,Noreste,2,alter,14224.0
5437,2019-05-26,european,ES2,Noreste,2,axsi,3208.0
5438,2019-05-26,european,ES2,Noreste,2,ceus,3265840.0
5439,2019-05-26,european,ES2,Noreste,2,cexcrexprex,5712.0
5440,2019-05-26,european,ES2,Noreste,2,contigo,7824.0
5441,2019-05-26,european,ES2,Noreste,2,cpe,116496.0
5442,2019-05-26,european,ES2,Noreste,2,cs,1532976.0
5443,2019-05-26,european,ES2,Noreste,2,cvec,62152.0
5444,2019-05-26,european,ES2,Noreste,2,cxe,14456.0
5445,2019-05-26,european,ES2,Noreste,2,fac,5776.0
5446,2019-05-26,european,ES2,Noreste,2,ifem,29176.0
5447,2019-05-26,european,ES2,Noreste,2,igre,5528.0
5448,2019-05-26,european,ES2,Noreste,2,izqp,10648.0
5449,2019-05-26,european,ES2,Noreste,2,junts,61696.0
5450,2019-05-26,european,ES2,Noreste,2,mcr,4288.0
5451,2019-05-26,european,ES2,Noreste,2,miel,4040.0
5452,2019-05-26,european,ES2,Noreste,2,pacma,167600.0
5453,2019-05-26,european,ES2,Noreste,2,pact,10816.0
5454,2019-05-26,european,ES2,Noreste,2,pcpepcpcpcpa,22320.0
5455,2019-05-26,european,ES2,Noreste,2,pcte,15296.0
5456,2019-05-26,european,ES2,Noreste,2,ph,5832.0
5457,2019-05-26,european,ES2,Noreste,2,piratescatep,12736.0
5458,2019-05-26,european,ES2,Noreste,2,podemosiu,1967456.0
5459,2019-05-26,european,ES2,Noreste,2,pp,2638512.0
5460,2019-05-26,european,ES2,Noreste,2,psoe,4861056.0
5461,2019-05-26,european,ES2,Noreste,2,pumj,18120.0
5462,2019-05-26,european,ES2,Noreste,2,recortes_cerolvgve,40600.0
5463,2019-05-26,european,ES2,Noreste,2,sain,6408.0
5464,2019-05-26,european,ES2,Noreste,2,volt,18504.0
5465,2019-05-26,european,ES2,Noreste,2,vox,710408.0
5466,2019-05-26,european,ES3,Comunidad de Madrid,0,eligible_voters,5104221.0
5467,2019-05-26,european,ES3,Comunidad de Madrid,1,issued_ballots,3245284.0
5468,2019-05-26,european,ES3,Comunidad de Madrid,2,adn,3047.0
5469,2019-05-26,european,ES3,Comunidad de Madrid,2,ahora_republicas,5601.0
5470,2019-05-26,european,ES3,Comunidad de Madrid,2,alter,940.0
5471,2019-05-26,european,ES3,Comunidad de Madrid,2,axsi,781.0
5472,2019-05-26,european,ES3,Comunidad de Madrid,2,ceus,2462.0
5473,2019-05-26,european,ES3,Comunidad de Madrid,2,cexcrexprex,2229.0
5474,2019-05-26,european,ES3,Comunidad de Madrid,2,contigo,859.0
5475,2019-05-26,european,ES3,Comunidad de Madrid,2,cpe,4445.0
5476,2019-05-26,european,ES3,Comunidad de Madrid,2,cs,589877.0
5477,2019-05-26,european,ES3,Comunidad de Madrid,2,cvec,9573.0
5478,2019-05-26,european,ES3,Comunidad de Madrid,2,cxe,1930.0
5479,2019-05-26,european,ES3,Comunidad de Madrid,2,fac,1146.0
5480,2019-05-26,european,ES3,Comunidad de Madrid,2,ifem,4203.0
5481,2019-05-26,european,ES3,Comunidad de Madrid,2,igre,1061.0
5482,2019-05-26,european,ES3,Comunidad de Madrid,2,izqp,1726.0
5483,2019-05-26,european,ES3,Comunidad de Madrid,2,junts,2801.0
5484,2019-05-26,european,ES3,Comunidad de Madrid,2,mcr,898.0
5485,2019-05-26,european,ES3,Comunidad de Madrid,2,miel,1384.0
5486,2019-05-26,european,ES3,Comunidad de Madrid,2,pacma,50415.0
5487,2019-05-26,european,ES3,Comunidad de Madrid,2,pact,7388.0
5488,2019-05-26,european,ES3,Comunidad de Madrid,2,pcpepcpcpcpa,2831.0
5489,2019-05-26,european,ES3,Comunidad de Madrid,2,pcte,2778.0
5490,2019-05-26,european,ES3,Comunidad de Madrid,2,ph,1426.0
5491,2019-05-26,european,ES3,Comunidad de Madrid,2,piratescatep,2259.0
5492,2019-05-26,european,ES3,Comunidad de Madrid,2,podemosiu,413228.0
5493,2019-05-26,european,ES3,Comunidad de Madrid,2,pp,715871.0
5494,2019-05-26,european,ES3,Comunidad de Madrid,2,psoe,1043827.0
5495,2019-05-26,european,ES3,Comunidad de Madrid,2,pumj,4839.0
5496,2019-05-26,european,ES3,Comunidad de Madrid,2,recortes_cerolvgve,6351.0
5497,2019-05-26,european,ES3,Comunidad de Madrid,2,sain,672.0
5498,2019-05-26,european,ES3,Comunidad de Madrid,2,volt,6747.0
5499,2019-05-26,european,ES3,Comunidad de Madrid,2,vox,319443.0
5500,2019-05-26,european,ES4,Centro (ES),0,eligible_voters,73649152.0
5501,2019-05-26,european,ES4,Centro (ES),1,issued_ballots,49073136.0
5502,2019-05-26,european,ES4,Centro (ES),2,adn,28944.0
5503,2019-05-26,european,ES4,Centro (ES),2,ahora_republicas,43488.0
5504,2019-05-26,european,ES4,Centro (ES),2,alter,23664.0
5505,2019-05-26,european,ES4,Centro (ES),2,axsi,8400.0
5506,2019-05-26,european,ES4,Centro (ES),2,ceus,43856.0
5507,2019-05-26,european,ES4,Centro (ES),2,cexcrexprex,73680.0
5508,2019-05-26,european,ES4,Centro (ES),2,contigo,28400.0
5509,2019-05-26,european,ES4,Centro (ES),2,cpe,32496.0
5510,2019-05-26,european,ES4,Centro (ES),2,cs,6445776.0
5511,2019-05-26,european,ES4,Centro (ES),2,cvec,107728.0
5512,2019-05-26,european,ES4,Centro (ES),2,cxe,55584.0
5513,2019-05-26,european,ES4,Centro (ES),2,fac,20736.0
5514,2019-05-26,european,ES4,Centro (ES),2,ifem,60768.0
5515,2019-05-26,european,ES4,Centro (ES),2,igre,21504.0
5516,2019-05-26,european,ES4,Centro (ES),2,izqp,23888.0
5517,2019-05-26,european,ES4,Centro (ES),2,junts,28016.0
5518,2019-05-26,european,ES4,Centro (ES),2,mcr,18928.0
5519,2019-05-26,european,ES4,Centro (ES),2,miel,9744.0
5520,2019-05-26,european,ES4,Centro (ES),2,pacma,432320.0
5521,2019-05-26,european,ES4,Centro (ES),2,pact,51456.0
5522,2019-05-26,european,ES4,Centro (ES),2,pcpepcpcpcpa,55872.0
5523,2019-05-26,european,ES4,Centro (ES),2,pcte,44864.0
5524,2019-05-26,european,ES4,Centro (ES),2,ph,14576.0
5525,2019-05-26,european,ES4,Centro (ES),2,piratescatep,27296.0
5526,2019-05-26,european,ES4,Centro (ES),2,podemosiu,3702336.0
5527,2019-05-26,european,ES4,Centro (ES),2,pp,13758464.0
5528,2019-05-26,european,ES4,Centro (ES),2,psoe,18985792.0
5529,2019-05-26,european,ES4,Centro (ES),2,pumj,44608.0
5530,2019-05-26,european,ES4,Centro (ES),2,recortes_cerolvgve,90384.0
5531,2019-05-26,european,ES4,Centro (ES),2,sain,15248.0
5532,2019-05-26,european,ES4,Centro (ES),2,volt,63792.0
5533,2019-05-26,european,ES4,Centro (ES),2,vox,3510240.0
5534,2019-05-26,european,ES5,Este,0,eligible_voters,112163150.0
5535,2019-05-26,european,ES5,Este,1,issued_ballots,68137300.0
5536,2019-05-26,european,ES5,Este,2,adn,26609.0
5537,2019-05-26,european,ES5,Este,2,ahora_republicas,8358801.0
5538,2019-05-26,european,ES5,Este,2,alter,29634.0
5539,2019-05-26,european,ES5,Este,2,axsi,20383.0
5540,2019-05-26,european,ES5,Este,2,ceus,241615.0
5541,2019-05-26,european,ES5,Este,2,cexcrexprex,23419.0
5542,2019-05-26,european,ES5,Este,2,contigo,54604.0
5543,2019-05-26,european,ES5,Este,2,cpe,2307899.0
5544,2019-05-26,european,ES5,Este,2,cs,7422030.0
5545,2019-05-26,european,ES5,Este,2,cvec,228349.0
5546,2019-05-26,european,ES5,Este,2,cxe,38907.0
5547,2019-05-26,european,ES5,Este,2,fac,19019.0
5548,2019-05-26,european,ES5,Este,2,ifem,87164.0
5549,2019-05-26,european,ES5,Este,2,igre,21780.0
5550,2019-05-26,european,ES5,Este,2,izqp,33605.0
5551,2019-05-26,european,ES5,Este,2,junts,10986998.0
5552,2019-05-26,european,ES5,Este,2,mcr,21450.0
5553,2019-05-26,european,ES5,Este,2,miel,21824.0
5554,2019-05-26,european,ES5,Este,2,pacma,981783.0
5555,2019-05-26,european,ES5,Este,2,pact,49291.0
5556,2019-05-26,european,ES5,Este,2,pcpepcpcpcpa,84194.0
5557,2019-05-26,european,ES5,Este,2,pcte,46497.0
5558,2019-05-26,european,ES5,Este,2,ph,18843.0
5559,2019-05-26,european,ES5,Este,2,piratescatep,71544.0
5560,2019-05-26,european,ES5,Este,2,podemosiu,6120851.0
5561,2019-05-26,european,ES5,Este,2,pp,8665646.0
5562,2019-05-26,european,ES5,Este,2,psoe,18060713.0
5563,2019-05-26,european,ES5,Este,2,pumj,47960.0
5564,2019-05-26,european,ES5,Este,2,recortes_cerolvgve,150480.0
5565,2019-05-26,european,ES5,Este,2,sain,10362.0
5566,2019-05-26,european,ES5,Este,2,volt,76505.0
5567,2019-05-26,european,ES5,Este,2,vox,2943699.0
5568,2019-05-26,european,ES6,Sur,0,eligible_voters,85991070.0
5569,2019-05-26,european,ES6,Sur,1,issued_ballots,50472972.0
5570,2019-05-26,european,ES6,Sur,2,adn,23837.0
5571,2019-05-26,european,ES6,Sur,2,ahora_republicas,37081.0
5572,2019-05-26,european,ES6,Sur,2,alter,23914.0
5573,2019-05-26,european,ES6,Sur,2,axsi,215897.0
5574,2019-05-26,european,ES6,Sur,2,ceus,40964.0
5575,2019-05-26,european,ES6,Sur,2,cexcrexprex,14058.0
5576,2019-05-26,european,ES6,Sur,2,contigo,22627.0
5577,2019-05-26,european,ES6,Sur,2,cpe,123585.0
5578,2019-05-26,european,ES6,Sur,2,cs,6518237.0
5579,2019-05-26,european,ES6,Sur,2,cvec,121198.0
5580,2019-05-26,european,ES6,Sur,2,cxe,34991.0
5581,2019-05-26,european,ES6,Sur,2,fac,19866.0
5582,2019-05-26,european,ES6,Sur,2,ifem,57035.0
5583,2019-05-26,european,ES6,Sur,2,igre,27115.0
5584,2019-05-26,european,ES6,Sur,2,izqp,36036.0
5585,2019-05-26,european,ES6,Sur,2,junts,30052.0
5586,2019-05-26,european,ES6,Sur,2,mcr,24354.0
5587,2019-05-26,european,ES6,Sur,2,miel,11033.0
5588,2019-05-26,european,ES6,Sur,2,pacma,710336.0
5589,2019-05-26,european,ES6,Sur,2,pact,54384.0
5590,2019-05-26,european,ES6,Sur,2,pcpepcpcpcpa,77154.0
5591,2019-05-26,european,ES6,Sur,2,pcte,42592.0
5592,2019-05-26,european,ES6,Sur,2,ph,18216.0
5593,2019-05-26,european,ES6,Sur,2,piratescatep,25817.0
5594,2019-05-26,european,ES6,Sur,2,podemosiu,5459278.0
5595,2019-05-26,european,ES6,Sur,2,pp,11719730.0
5596,2019-05-26,european,ES6,Sur,2,psoe,19496466.0
5597,2019-05-26,european,ES6,Sur,2,pumj,48037.0
5598,2019-05-26,european,ES6,Sur,2,recortes_cerolvgve,106953.0
5599,2019-05-26,european,ES6,Sur,2,sain,12012.0
5600,2019-05-26,european,ES6,Sur,2,volt,87659.0
5601,2019-05-26,european,ES6,Sur,2,vox,4076292.0
5602,2019-05-26,european,ES7,Canarias,0,eligible_voters,15841980.0
5603,2019-05-26,european,ES7,Canarias,1,issued_ballots,8147286.0
5604,2019-05-26,european,ES7,Canarias,2,adn,3627.0
5605,2019-05-26,european,ES7,Canarias,2,ahora_republicas,22140.0
5606,2019-05-26,european,ES7,Canarias,2,alter,6858.0
5607,2019-05-26,european,ES7,Canarias,2,axsi,2385.0
5608,2019-05-26,european,ES7,Canarias,2,ceus,1677348.0
5609,2019-05-26,european,ES7,Canarias,2,cexcrexprex,3528.0
5610,2019-05-26,european,ES7,Canarias,2,contigo,7488.0
5611,2019-05-26,european,ES7,Canarias,2,cpe,344655.0
5612,2019-05-26,european,ES7,Canarias,2,cs,612225.0
5613,2019-05-26,european,ES7,Canarias,2,cvec,29898.0
5614,2019-05-26,european,ES7,Canarias,2,cxe,3627.0
5615,2019-05-26,european,ES7,Canarias,2,fac,5544.0
5616,2019-05-26,european,ES7,Canarias,2,ifem,12717.0
5617,2019-05-26,european,ES7,Canarias,2,igre,4977.0
5618,2019-05-26,european,ES7,Canarias,2,izqp,3996.0
5619,2019-05-26,european,ES7,Canarias,2,junts,16362.0
5620,2019-05-26,european,ES7,Canarias,2,mcr,5391.0
5621,2019-05-26,european,ES7,Canarias,2,miel,5031.0
5622,2019-05-26,european,ES7,Canarias,2,pacma,133668.0
5623,2019-05-26,european,ES7,Canarias,2,pact,6030.0
5624,2019-05-26,european,ES7,Canarias,2,pcpepcpcpcpa,10773.0
5625,2019-05-26,european,ES7,Canarias,2,pcte,5202.0
5626,2019-05-26,european,ES7,Canarias,2,ph,4257.0
5627,2019-05-26,european,ES7,Canarias,2,piratescatep,4851.0
5628,2019-05-26,european,ES7,Canarias,2,podemosiu,839961.0
5629,2019-05-26,european,ES7,Canarias,2,pp,1277397.0
5630,2019-05-26,european,ES7,Canarias,2,psoe,2583297.0
5631,2019-05-26,european,ES7,Canarias,2,pumj,9504.0
5632,2019-05-26,european,ES7,Canarias,2,recortes_cerolvgve,28872.0
5633,2019-05-26,european,ES7,Canarias,2,sain,2448.0
5634,2019-05-26,european,ES7,Canarias,2,volt,10386.0
5635,2019-05-26,european,ES7,Canarias,2,vox,267147.0
5636,2019-11-10,parliament,ES1,Noroeste,0,eligible_voters,25037724.0
5637,2019-11-10,parliament,ES1,Noroeste,1,issued_ballots,14414508.0
5638,2019-11-10,parliament,ES1,Noroeste,2,ahora_canarias,0.0
5639,2019-11-10,parliament,ES1,Noroeste,2,andecha,5322.0
5640,2019-11-10,parliament,ES1,Noroeste,2,aunacv,0.0
5641,2019-11-10,parliament,ES1,Noroeste,2,avant_adelante_los_verdes,0.0
5642,2019-11-10,parliament,ES1,Noroeste,2,axsi,0.0
5643,2019-11-10,parliament,ES1,Noroeste,2,bng,722736.0
5644,2019-11-10,parliament,ES1,Noroeste,2,c,432.0
5645,2019-11-10,parliament,ES1,Noroeste,2,canda,0.0
5646,2019-11-10,parliament,ES1,Noroeste,2,ccapncnc,0.0
5647,2019-11-10,parliament,ES1,Noroeste,2,centrados,0.0
5648,2019-11-10,parliament,ES1,Noroeste,2,cha,0.0
5649,2019-11-10,parliament,ES1,Noroeste,2,contigo,0.0
5650,2019-11-10,parliament,ES1,Noroeste,2,cpm,0.0
5651,2019-11-10,parliament,ES1,Noroeste,2,cs,705864.0
5652,2019-11-10,parliament,ES1,Noroeste,2,cuppr,0.0
5653,2019-11-10,parliament,ES1,Noroeste,2,dpl,0.0
5654,2019-11-10,parliament,ES1,Noroeste,2,eajpnv,0.0
5655,2019-11-10,parliament,ES1,Noroeste,2,eb,5706.0
5656,2019-11-10,parliament,ES1,Noroeste,2,ecpguanyem_el_canvi,0.0
5657,2019-11-10,parliament,ES1,Noroeste,2,eh_bildu,0.0
5658,2019-11-10,parliament,ES1,Noroeste,2,ercsobiranistes,0.0
5659,2019-11-10,parliament,ES1,Noroeste,2,erpv,0.0
5660,2019-11-10,parliament,ES1,Noroeste,2,extremadura_unida,0.0
5661,2019-11-10,parliament,ES1,Noroeste,2,fe_de_las_jons,0.0
5662,2019-11-10,parliament,ES1,Noroeste,2,fia,0.0
5663,2019-11-10,parliament,ES1,Noroeste,2,gbai,0.0
5664,2019-11-10,parliament,ES1,Noroeste,2,ifem,0.0
5665,2019-11-10,parliament,ES1,Noroeste,2,izar,0.0
5666,2019-11-10,parliament,ES1,Noroeste,2,izqp,0.0
5667,2019-11-10,parliament,ES1,Noroeste,2,jxcatjunts,0.0
5668,2019-11-10,parliament,ES1,Noroeste,2,m_paischaequo,0.0
5669,2019-11-10,parliament,ES1,Noroeste,2,mas,0.0
5670,2019-11-10,parliament,ES1,Noroeste,2,mas_pais,0.0
5671,2019-11-10,parliament,ES1,Noroeste,2,mas_paisequo,213348.0
5672,2019-11-10,parliament,ES1,Noroeste,2,mdyc,0.0
5673,2019-11-10,parliament,ES1,Noroeste,2,mes_compromis,0.0
5674,2019-11-10,parliament,ES1,Noroeste,2,mesesquerra,0.0
5675,2019-11-10,parliament,ES1,Noroeste,2,na,0.0
5676,2019-11-10,parliament,ES1,Noroeste,2,pacma,106458.0
5677,2019-11-10,parliament,ES1,Noroeste,2,pcoe,11202.0
5678,2019-11-10,parliament,ES1,Noroeste,2,pcpe,5328.0
5679,2019-11-10,parliament,ES1,Noroeste,2,pcte,14088.0
5680,2019-11-10,parliament,ES1,Noroeste,2,pdsje,0.0
5681,2019-11-10,parliament,ES1,Noroeste,2,ph,2196.0
5682,2019-11-10,parliament,ES1,Noroeste,2,plib,756.0
5683,2019-11-10,parliament,ES1,Noroeste,2,podemoseu,1129386.0
5684,2019-11-10,parliament,ES1,Noroeste,2,podemosiu,706062.0
5685,2019-11-10,parliament,ES1,Noroeste,2,pp,4138356.0
5686,2019-11-10,parliament,ES1,Noroeste,2,ppso,0.0
5687,2019-11-10,parliament,ES1,Noroeste,2,prc,412980.0
5688,2019-11-10,parliament,ES1,Noroeste,2,prepal,0.0
5689,2019-11-10,parliament,ES1,Noroeste,2,psoe,4363590.0
5690,2019-11-10,parliament,ES1,Noroeste,2,pumj,13536.0
5691,2019-11-10,parliament,ES1,Noroeste,2,pyln,0.0
5692,2019-11-10,parliament,ES1,Noroeste,2,recortes_cerogv,18822.0
5693,2019-11-10,parliament,ES1,Noroeste,2,risa,0.0
5694,2019-11-10,parliament,ES1,Noroeste,2,solidaria,0.0
5695,2019-11-10,parliament,ES1,Noroeste,2,somos_region,0.0
5696,2019-11-10,parliament,ES1,Noroeste,2,teruel_existe,0.0
5697,2019-11-10,parliament,ES1,Noroeste,2,udt,0.0
5698,2019-11-10,parliament,ES1,Noroeste,2,uigsomcuides,0.0
5699,2019-11-10,parliament,ES1,Noroeste,2,unidos_siacpsdef,0.0
5700,2019-11-10,parliament,ES1,Noroeste,2,union_regionalista,0.0
5701,2019-11-10,parliament,ES1,Noroeste,2,upl,0.0
5702,2019-11-10,parliament,ES1,Noroeste,2,verdes,0.0
5703,2019-11-10,parliament,ES1,Noroeste,2,vox,1523976.0
5704,2019-11-10,parliament,ES1,Noroeste,2,xav,0.0
5705,2019-11-10,parliament,ES2,Noreste,0,eligible_voters,28602840.0
5706,2019-11-10,parliament,ES2,Noreste,1,issued_ballots,19226864.0
5707,2019-11-10,parliament,ES2,Noreste,2,ahora_canarias,0.0
5708,2019-11-10,parliament,ES2,Noreste,2,andecha,0.0
5709,2019-11-10,parliament,ES2,Noreste,2,aunacv,104.0
5710,2019-11-10,parliament,ES2,Noreste,2,avant_adelante_los_verdes,0.0
5711,2019-11-10,parliament,ES2,Noreste,2,axsi,0.0
5712,2019-11-10,parliament,ES2,Noreste,2,bng,0.0
5713,2019-11-10,parliament,ES2,Noreste,2,c,0.0
5714,2019-11-10,parliament,ES2,Noreste,2,canda,0.0
5715,2019-11-10,parliament,ES2,Noreste,2,ccapncnc,0.0
5716,2019-11-10,parliament,ES2,Noreste,2,centrados,0.0
5717,2019-11-10,parliament,ES2,Noreste,2,cha,16000.0
5718,2019-11-10,parliament,ES2,Noreste,2,contigo,0.0
5719,2019-11-10,parliament,ES2,Noreste,2,cpm,0.0
5720,2019-11-10,parliament,ES2,Noreste,2,cs,679432.0
5721,2019-11-10,parliament,ES2,Noreste,2,cuppr,0.0
5722,2019-11-10,parliament,ES2,Noreste,2,dpl,0.0
5723,2019-11-10,parliament,ES2,Noreste,2,eajpnv,3032016.0
5724,2019-11-10,parliament,ES2,Noreste,2,eb,26624.0
5725,2019-11-10,parliament,ES2,Noreste,2,ecpguanyem_el_canvi,0.0
5726,2019-11-10,parliament,ES2,Noreste,2,eh_bildu,2220968.0
5727,2019-11-10,parliament,ES2,Noreste,2,ercsobiranistes,0.0
5728,2019-11-10,parliament,ES2,Noreste,2,erpv,0.0
5729,2019-11-10,parliament,ES2,Noreste,2,extremadura_unida,0.0
5730,2019-11-10,parliament,ES2,Noreste,2,fe_de_las_jons,0.0
5731,2019-11-10,parliament,ES2,Noreste,2,fia,3688.0
5732,2019-11-10,parliament,ES2,Noreste,2,gbai,101672.0
5733,2019-11-10,parliament,ES2,Noreste,2,ifem,0.0
5734,2019-11-10,parliament,ES2,Noreste,2,izar,0.0
5735,2019-11-10,parliament,ES2,Noreste,2,izqp,0.0
5736,2019-11-10,parliament,ES2,Noreste,2,jxcatjunts,0.0
5737,2019-11-10,parliament,ES2,Noreste,2,m_paischaequo,185568.0
5738,2019-11-10,parliament,ES2,Noreste,2,mas,8544.0
5739,2019-11-10,parliament,ES2,Noreste,2,mas_pais,0.0
5740,2019-11-10,parliament,ES2,Noreste,2,mas_paisequo,68336.0
5741,2019-11-10,parliament,ES2,Noreste,2,mdyc,0.0
5742,2019-11-10,parliament,ES2,Noreste,2,mes_compromis,0.0
5743,2019-11-10,parliament,ES2,Noreste,2,mesesquerra,0.0
5744,2019-11-10,parliament,ES2,Noreste,2,na,792624.0
5745,2019-11-10,parliament,ES2,Noreste,2,pacma,119328.0
5746,2019-11-10,parliament,ES2,Noreste,2,pcoe,768.0
5747,2019-11-10,parliament,ES2,Noreste,2,pcpe,3808.0
5748,2019-11-10,parliament,ES2,Noreste,2,pcte,17008.0
5749,2019-11-10,parliament,ES2,Noreste,2,pdsje,0.0
5750,2019-11-10,parliament,ES2,Noreste,2,ph,0.0
5751,2019-11-10,parliament,ES2,Noreste,2,plib,0.0
5752,2019-11-10,parliament,ES2,Noreste,2,podemoseu,0.0
5753,2019-11-10,parliament,ES2,Noreste,2,podemosiu,2642696.0
5754,2019-11-10,parliament,ES2,Noreste,2,pp,2627432.0
5755,2019-11-10,parliament,ES2,Noreste,2,ppso,0.0
5756,2019-11-10,parliament,ES2,Noreste,2,prc,0.0
5757,2019-11-10,parliament,ES2,Noreste,2,prepal,0.0
5758,2019-11-10,parliament,ES2,Noreste,2,psoe,4671808.0
5759,2019-11-10,parliament,ES2,Noreste,2,pumj,24952.0
5760,2019-11-10,parliament,ES2,Noreste,2,pyln,5040.0
5761,2019-11-10,parliament,ES2,Noreste,2,recortes_cerogv,32024.0
5762,2019-11-10,parliament,ES2,Noreste,2,risa,0.0
5763,2019-11-10,parliament,ES2,Noreste,2,solidaria,2160.0
5764,2019-11-10,parliament,ES2,Noreste,2,somos_region,0.0
5765,2019-11-10,parliament,ES2,Noreste,2,teruel_existe,158088.0
5766,2019-11-10,parliament,ES2,Noreste,2,udt,208.0
5767,2019-11-10,parliament,ES2,Noreste,2,uigsomcuides,0.0
5768,2019-11-10,parliament,ES2,Noreste,2,unidos_siacpsdef,0.0
5769,2019-11-10,parliament,ES2,Noreste,2,union_regionalista,0.0
5770,2019-11-10,parliament,ES2,Noreste,2,upl,0.0
5771,2019-11-10,parliament,ES2,Noreste,2,verdes,0.0
5772,2019-11-10,parliament,ES2,Noreste,2,vox,1490104.0
5773,2019-11-10,parliament,ES2,Noreste,2,xav,0.0
5774,2019-11-10,parliament,ES3,Comunidad de Madrid,0,eligible_voters,5088093.0
5775,2019-11-10,parliament,ES3,Comunidad de Madrid,1,issued_ballots,3591464.0
5776,2019-11-10,parliament,ES3,Comunidad de Madrid,2,ahora_canarias,0.0
5777,2019-11-10,parliament,ES3,Comunidad de Madrid,2,andecha,0.0
5778,2019-11-10,parliament,ES3,Comunidad de Madrid,2,aunacv,0.0
5779,2019-11-10,parliament,ES3,Comunidad de Madrid,2,avant_adelante_los_verdes,0.0
5780,2019-11-10,parliament,ES3,Comunidad de Madrid,2,axsi,0.0
5781,2019-11-10,parliament,ES3,Comunidad de Madrid,2,bng,0.0
5782,2019-11-10,parliament,ES3,Comunidad de Madrid,2,c,0.0
5783,2019-11-10,parliament,ES3,Comunidad de Madrid,2,canda,0.0
5784,2019-11-10,parliament,ES3,Comunidad de Madrid,2,ccapncnc,0.0
5785,2019-11-10,parliament,ES3,Comunidad de Madrid,2,centrados,0.0
5786,2019-11-10,parliament,ES3,Comunidad de Madrid,2,cha,0.0
5787,2019-11-10,parliament,ES3,Comunidad de Madrid,2,contigo,0.0
5788,2019-11-10,parliament,ES3,Comunidad de Madrid,2,cpm,0.0
5789,2019-11-10,parliament,ES3,Comunidad de Madrid,2,cs,323076.0
5790,2019-11-10,parliament,ES3,Comunidad de Madrid,2,cuppr,0.0
5791,2019-11-10,parliament,ES3,Comunidad de Madrid,2,dpl,0.0
5792,2019-11-10,parliament,ES3,Comunidad de Madrid,2,eajpnv,0.0
5793,2019-11-10,parliament,ES3,Comunidad de Madrid,2,eb,0.0
5794,2019-11-10,parliament,ES3,Comunidad de Madrid,2,ecpguanyem_el_canvi,0.0
5795,2019-11-10,parliament,ES3,Comunidad de Madrid,2,eh_bildu,0.0
5796,2019-11-10,parliament,ES3,Comunidad de Madrid,2,ercsobiranistes,0.0
5797,2019-11-10,parliament,ES3,Comunidad de Madrid,2,erpv,0.0
5798,2019-11-10,parliament,ES3,Comunidad de Madrid,2,extremadura_unida,0.0
5799,2019-11-10,parliament,ES3,Comunidad de Madrid,2,fe_de_las_jons,0.0
5800,2019-11-10,parliament,ES3,Comunidad de Madrid,2,fia,0.0
5801,2019-11-10,parliament,ES3,Comunidad de Madrid,2,gbai,0.0
5802,2019-11-10,parliament,ES3,Comunidad de Madrid,2,ifem,0.0
5803,2019-11-10,parliament,ES3,Comunidad de Madrid,2,izar,0.0
5804,2019-11-10,parliament,ES3,Comunidad de Madrid,2,izqp,0.0
5805,2019-11-10,parliament,ES3,Comunidad de Madrid,2,jxcatjunts,0.0
5806,2019-11-10,parliament,ES3,Comunidad de Madrid,2,m_paischaequo,0.0
5807,2019-11-10,parliament,ES3,Comunidad de Madrid,2,mas,0.0
5808,2019-11-10,parliament,ES3,Comunidad de Madrid,2,mas_pais,0.0
5809,2019-11-10,parliament,ES3,Comunidad de Madrid,2,mas_paisequo,201389.0
5810,2019-11-10,parliament,ES3,Comunidad de Madrid,2,mdyc,0.0
5811,2019-11-10,parliament,ES3,Comunidad de Madrid,2,mes_compromis,0.0
5812,2019-11-10,parliament,ES3,Comunidad de Madrid,2,mesesquerra,0.0
5813,2019-11-10,parliament,ES3,Comunidad de Madrid,2,na,0.0
5814,2019-11-10,parliament,ES3,Comunidad de Madrid,2,pacma,31983.0
5815,2019-11-10,parliament,ES3,Comunidad de Madrid,2,pcoe,0.0
5816,2019-11-10,parliament,ES3,Comunidad de Madrid,2,pcpe,2099.0
5817,2019-11-10,parliament,ES3,Comunidad de Madrid,2,pcte,1895.0
5818,2019-11-10,parliament,ES3,Comunidad de Madrid,2,pdsje,0.0
5819,2019-11-10,parliament,ES3,Comunidad de Madrid,2,ph,2508.0
5820,2019-11-10,parliament,ES3,Comunidad de Madrid,2,plib,0.0
5821,2019-11-10,parliament,ES3,Comunidad de Madrid,2,podemoseu,0.0
5822,2019-11-10,parliament,ES3,Comunidad de Madrid,2,podemosiu,463629.0
5823,2019-11-10,parliament,ES3,Comunidad de Madrid,2,pp,887474.0
5824,2019-11-10,parliament,ES3,Comunidad de Madrid,2,ppso,0.0
5825,2019-11-10,parliament,ES3,Comunidad de Madrid,2,prc,0.0
5826,2019-11-10,parliament,ES3,Comunidad de Madrid,2,prepal,0.0
5827,2019-11-10,parliament,ES3,Comunidad de Madrid,2,psoe,957401.0
5828,2019-11-10,parliament,ES3,Comunidad de Madrid,2,pumj,4305.0
5829,2019-11-10,parliament,ES3,Comunidad de Madrid,2,pyln,0.0
5830,2019-11-10,parliament,ES3,Comunidad de Madrid,2,recortes_cerogv,5129.0
5831,2019-11-10,parliament,ES3,Comunidad de Madrid,2,risa,0.0
5832,2019-11-10,parliament,ES3,Comunidad de Madrid,2,solidaria,0.0
5833,2019-11-10,parliament,ES3,Comunidad de Madrid,2,somos_region,0.0
5834,2019-11-10,parliament,ES3,Comunidad de Madrid,2,teruel_existe,0.0
5835,2019-11-10,parliament,ES3,Comunidad de Madrid,2,udt,0.0
5836,2019-11-10,parliament,ES3,Comunidad de Madrid,2,uigsomcuides,0.0
5837,2019-11-10,parliament,ES3,Comunidad de Madrid,2,unidos_siacpsdef,0.0
5838,2019-11-10,parliament,ES3,Comunidad de Madrid,2,union_regionalista,0.0
5839,2019-11-10,parliament,ES3,Comunidad de Madrid,2,upl,0.0
5840,2019-11-10,parliament,ES3,Comunidad de Madrid,2,verdes,0.0
5841,2019-11-10,parliament,ES3,Comunidad de Madrid,2,vox,653476.0
5842,2019-11-10,parliament,ES3,Comunidad de Madrid,2,xav,0.0
5843,2019-11-10,parliament,ES4,Centro (ES),0,eligible_voters,73354592.0
5844,2019-11-10,parliament,ES4,Centro (ES),1,issued_ballots,49817584.0
5845,2019-11-10,parliament,ES4,Centro (ES),2,ahora_canarias,0.0
5846,2019-11-10,parliament,ES4,Centro (ES),2,andecha,0.0
5847,2019-11-10,parliament,ES4,Centro (ES),2,aunacv,0.0
5848,2019-11-10,parliament,ES4,Centro (ES),2,avant_adelante_los_verdes,0.0
5849,2019-11-10,parliament,ES4,Centro (ES),2,axsi,0.0
5850,2019-11-10,parliament,ES4,Centro (ES),2,bng,0.0
5851,2019-11-10,parliament,ES4,Centro (ES),2,c,0.0
5852,2019-11-10,parliament,ES4,Centro (ES),2,canda,0.0
5853,2019-11-10,parliament,ES4,Centro (ES),2,ccapncnc,0.0
5854,2019-11-10,parliament,ES4,Centro (ES),2,centrados,3744.0
5855,2019-11-10,parliament,ES4,Centro (ES),2,cha,0.0
5856,2019-11-10,parliament,ES4,Centro (ES),2,contigo,3664.0
5857,2019-11-10,parliament,ES4,Centro (ES),2,cpm,0.0
5858,2019-11-10,parliament,ES4,Centro (ES),2,cs,3594736.0
5859,2019-11-10,parliament,ES4,Centro (ES),2,cuppr,0.0
5860,2019-11-10,parliament,ES4,Centro (ES),2,dpl,0.0
5861,2019-11-10,parliament,ES4,Centro (ES),2,eajpnv,0.0
5862,2019-11-10,parliament,ES4,Centro (ES),2,eb,0.0
5863,2019-11-10,parliament,ES4,Centro (ES),2,ecpguanyem_el_canvi,0.0
5864,2019-11-10,parliament,ES4,Centro (ES),2,eh_bildu,0.0
5865,2019-11-10,parliament,ES4,Centro (ES),2,ercsobiranistes,0.0
5866,2019-11-10,parliament,ES4,Centro (ES),2,erpv,0.0
5867,2019-11-10,parliament,ES4,Centro (ES),2,extremadura_unida,21552.0
5868,2019-11-10,parliament,ES4,Centro (ES),2,fe_de_las_jons,7664.0
5869,2019-11-10,parliament,ES4,Centro (ES),2,fia,0.0
5870,2019-11-10,parliament,ES4,Centro (ES),2,gbai,0.0
5871,2019-11-10,parliament,ES4,Centro (ES),2,ifem,0.0
5872,2019-11-10,parliament,ES4,Centro (ES),2,izar,0.0
5873,2019-11-10,parliament,ES4,Centro (ES),2,izqp,0.0
5874,2019-11-10,parliament,ES4,Centro (ES),2,jxcatjunts,0.0
5875,2019-11-10,parliament,ES4,Centro (ES),2,m_paischaequo,0.0
5876,2019-11-10,parliament,ES4,Centro (ES),2,mas,0.0
5877,2019-11-10,parliament,ES4,Centro (ES),2,mas_pais,0.0
5878,2019-11-10,parliament,ES4,Centro (ES),2,mas_paisequo,0.0
5879,2019-11-10,parliament,ES4,Centro (ES),2,mdyc,0.0
5880,2019-11-10,parliament,ES4,Centro (ES),2,mes_compromis,0.0
5881,2019-11-10,parliament,ES4,Centro (ES),2,mesesquerra,0.0
5882,2019-11-10,parliament,ES4,Centro (ES),2,na,0.0
5883,2019-11-10,parliament,ES4,Centro (ES),2,pacma,315056.0
5884,2019-11-10,parliament,ES4,Centro (ES),2,pcoe,5888.0
5885,2019-11-10,parliament,ES4,Centro (ES),2,pcpe,13632.0
5886,2019-11-10,parliament,ES4,Centro (ES),2,pcte,36528.0
5887,2019-11-10,parliament,ES4,Centro (ES),2,pdsje,8736.0
5888,2019-11-10,parliament,ES4,Centro (ES),2,ph,0.0
5889,2019-11-10,parliament,ES4,Centro (ES),2,plib,1872.0
5890,2019-11-10,parliament,ES4,Centro (ES),2,podemoseu,0.0
5891,2019-11-10,parliament,ES4,Centro (ES),2,podemosiu,4544592.0
5892,2019-11-10,parliament,ES4,Centro (ES),2,pp,14167584.0
5893,2019-11-10,parliament,ES4,Centro (ES),2,ppso,23456.0
5894,2019-11-10,parliament,ES4,Centro (ES),2,prc,0.0
5895,2019-11-10,parliament,ES4,Centro (ES),2,prepal,15056.0
5896,2019-11-10,parliament,ES4,Centro (ES),2,psoe,16347952.0
5897,2019-11-10,parliament,ES4,Centro (ES),2,pumj,89984.0
5898,2019-11-10,parliament,ES4,Centro (ES),2,pyln,0.0
5899,2019-11-10,parliament,ES4,Centro (ES),2,recortes_cerogv,82432.0
5900,2019-11-10,parliament,ES4,Centro (ES),2,risa,0.0
5901,2019-11-10,parliament,ES4,Centro (ES),2,solidaria,0.0
5902,2019-11-10,parliament,ES4,Centro (ES),2,somos_region,0.0
5903,2019-11-10,parliament,ES4,Centro (ES),2,teruel_existe,0.0
5904,2019-11-10,parliament,ES4,Centro (ES),2,udt,0.0
5905,2019-11-10,parliament,ES4,Centro (ES),2,uigsomcuides,0.0
5906,2019-11-10,parliament,ES4,Centro (ES),2,unidos_siacpsdef,0.0
5907,2019-11-10,parliament,ES4,Centro (ES),2,union_regionalista,8480.0
5908,2019-11-10,parliament,ES4,Centro (ES),2,upl,163888.0
5909,2019-11-10,parliament,ES4,Centro (ES),2,verdes,0.0
5910,2019-11-10,parliament,ES4,Centro (ES),2,vox,9100192.0
5911,2019-11-10,parliament,ES4,Centro (ES),2,xav,86656.0
5912,2019-11-10,parliament,ES5,Este,0,eligible_voters,110992398.0
5913,2019-11-10,parliament,ES5,Este,1,issued_ballots,76070643.0
5914,2019-11-10,parliament,ES5,Este,2,ahora_canarias,0.0
5915,2019-11-10,parliament,ES5,Este,2,andecha,0.0
5916,2019-11-10,parliament,ES5,Este,2,aunacv,6292.0
5917,2019-11-10,parliament,ES5,Este,2,avant_adelante_los_verdes,59576.0
5918,2019-11-10,parliament,ES5,Este,2,axsi,0.0
5919,2019-11-10,parliament,ES5,Este,2,bng,0.0
5920,2019-11-10,parliament,ES5,Este,2,c,0.0
5921,2019-11-10,parliament,ES5,Este,2,canda,0.0
5922,2019-11-10,parliament,ES5,Este,2,ccapncnc,0.0
5923,2019-11-10,parliament,ES5,Este,2,centrados,0.0
5924,2019-11-10,parliament,ES5,Este,2,cha,0.0
5925,2019-11-10,parliament,ES5,Este,2,contigo,9625.0
5926,2019-11-10,parliament,ES5,Este,2,cpm,0.0
5927,2019-11-10,parliament,ES5,Este,2,cs,4924161.0
5928,2019-11-10,parliament,ES5,Este,2,cuppr,2716681.0
5929,2019-11-10,parliament,ES5,Este,2,dpl,0.0
5930,2019-11-10,parliament,ES5,Este,2,eajpnv,0.0
5931,2019-11-10,parliament,ES5,Este,2,eb,0.0
5932,2019-11-10,parliament,ES5,Este,2,ecpguanyem_el_canvi,6040903.0
5933,2019-11-10,parliament,ES5,Este,2,eh_bildu,0.0
5934,2019-11-10,parliament,ES5,Este,2,ercsobiranistes,9623449.0
5935,2019-11-10,parliament,ES5,Este,2,erpv,64625.0
5936,2019-11-10,parliament,ES5,Este,2,extremadura_unida,0.0
5937,2019-11-10,parliament,ES5,Este,2,fe_de_las_jons,1507.0
5938,2019-11-10,parliament,ES5,Este,2,fia,0.0
5939,2019-11-10,parliament,ES5,Este,2,gbai,0.0
5940,2019-11-10,parliament,ES5,Este,2,ifem,33055.0
5941,2019-11-10,parliament,ES5,Este,2,izar,0.0
5942,2019-11-10,parliament,ES5,Este,2,izqp,20801.0
5943,2019-11-10,parliament,ES5,Este,2,jxcatjunts,5832475.0
5944,2019-11-10,parliament,ES5,Este,2,m_paischaequo,0.0
5945,2019-11-10,parliament,ES5,Este,2,mas,0.0
5946,2019-11-10,parliament,ES5,Este,2,mas_pais,577258.0
5947,2019-11-10,parliament,ES5,Este,2,mas_paisequo,0.0
5948,2019-11-10,parliament,ES5,Este,2,mdyc,0.0
5949,2019-11-10,parliament,ES5,Este,2,mes_compromis,1939157.0
5950,2019-11-10,parliament,ES5,Este,2,mesesquerra,201245.0
5951,2019-11-10,parliament,ES5,Este,2,na,0.0
5952,2019-11-10,parliament,ES5,Este,2,pacma,858957.0
5953,2019-11-10,parliament,ES5,Este,2,pcoe,4169.0
5954,2019-11-10,parliament,ES5,Este,2,pcpe,48312.0
5955,2019-11-10,parliament,ES5,Este,2,pcte,24420.0
5956,2019-11-10,parliament,ES5,Este,2,pdsje,0.0
5957,2019-11-10,parliament,ES5,Este,2,ph,0.0
5958,2019-11-10,parliament,ES5,Este,2,plib,10208.0
5959,2019-11-10,parliament,ES5,Este,2,podemoseu,0.0
5960,2019-11-10,parliament,ES5,Este,2,podemosiu,4640031.0
5961,2019-11-10,parliament,ES5,Este,2,pp,10734361.0
5962,2019-11-10,parliament,ES5,Este,2,ppso,0.0
5963,2019-11-10,parliament,ES5,Este,2,prc,0.0
5964,2019-11-10,parliament,ES5,Este,2,prepal,0.0
5965,2019-11-10,parliament,ES5,Este,2,psoe,17714312.0
5966,2019-11-10,parliament,ES5,Este,2,pumj,58696.0
5967,2019-11-10,parliament,ES5,Este,2,pyln,0.0
5968,2019-11-10,parliament,ES5,Este,2,recortes_cerogv,105127.0
5969,2019-11-10,parliament,ES5,Este,2,risa,0.0
5970,2019-11-10,parliament,ES5,Este,2,solidaria,0.0
5971,2019-11-10,parliament,ES5,Este,2,somos_region,0.0
5972,2019-11-10,parliament,ES5,Este,2,teruel_existe,0.0
5973,2019-11-10,parliament,ES5,Este,2,udt,0.0
5974,2019-11-10,parliament,ES5,Este,2,uigsomcuides,25729.0
5975,2019-11-10,parliament,ES5,Este,2,unidos_siacpsdef,11737.0
5976,2019-11-10,parliament,ES5,Este,2,union_regionalista,0.0
5977,2019-11-10,parliament,ES5,Este,2,upl,0.0
5978,2019-11-10,parliament,ES5,Este,2,verdes,0.0
5979,2019-11-10,parliament,ES5,Este,2,vox,8682234.0
5980,2019-11-10,parliament,ES5,Este,2,xav,0.0
5981,2019-11-10,parliament,ES6,Sur,0,eligible_voters,85395541.0
5982,2019-11-10,parliament,ES6,Sur,1,issued_ballots,56363857.0
5983,2019-11-10,parliament,ES6,Sur,2,ahora_canarias,0.0
5984,2019-11-10,parliament,ES6,Sur,2,andecha,0.0
5985,2019-11-10,parliament,ES6,Sur,2,aunacv,0.0
5986,2019-11-10,parliament,ES6,Sur,2,avant_adelante_los_verdes,0.0
5987,2019-11-10,parliament,ES6,Sur,2,axsi,154506.0
5988,2019-11-10,parliament,ES6,Sur,2,bng,0.0
5989,2019-11-10,parliament,ES6,Sur,2,c,0.0
5990,2019-11-10,parliament,ES6,Sur,2,canda,5720.0
5991,2019-11-10,parliament,ES6,Sur,2,ccapncnc,0.0
5992,2019-11-10,parliament,ES6,Sur,2,centrados,0.0
5993,2019-11-10,parliament,ES6,Sur,2,cha,0.0
5994,2019-11-10,parliament,ES6,Sur,2,contigo,3487.0
5995,2019-11-10,parliament,ES6,Sur,2,cpm,98505.0
5996,2019-11-10,parliament,ES6,Sur,2,cs,4414850.0
5997,2019-11-10,parliament,ES6,Sur,2,cuppr,0.0
5998,2019-11-10,parliament,ES6,Sur,2,dpl,2354.0
5999,2019-11-10,parliament,ES6,Sur,2,eajpnv,0.0
6000,2019-11-10,parliament,ES6,Sur,2,eb,14003.0
6001,2019-11-10,parliament,ES6,Sur,2,ecpguanyem_el_canvi,0.0
6002,2019-11-10,parliament,ES6,Sur,2,eh_bildu,0.0
6003,2019-11-10,parliament,ES6,Sur,2,ercsobiranistes,0.0
6004,2019-11-10,parliament,ES6,Sur,2,erpv,0.0
6005,2019-11-10,parliament,ES6,Sur,2,extremadura_unida,0.0
6006,2019-11-10,parliament,ES6,Sur,2,fe_de_las_jons,0.0
6007,2019-11-10,parliament,ES6,Sur,2,fia,0.0
6008,2019-11-10,parliament,ES6,Sur,2,gbai,0.0
6009,2019-11-10,parliament,ES6,Sur,2,ifem,0.0
6010,2019-11-10,parliament,ES6,Sur,2,izar,1243.0
6011,2019-11-10,parliament,ES6,Sur,2,izqp,4774.0
6012,2019-11-10,parliament,ES6,Sur,2,jxcatjunts,0.0
6013,2019-11-10,parliament,ES6,Sur,2,m_paischaequo,0.0
6014,2019-11-10,parliament,ES6,Sur,2,mas,0.0
6015,2019-11-10,parliament,ES6,Sur,2,mas_pais,0.0
6016,2019-11-10,parliament,ES6,Sur,2,mas_paisequo,768724.0
6017,2019-11-10,parliament,ES6,Sur,2,mdyc,9009.0
6018,2019-11-10,parliament,ES6,Sur,2,mes_compromis,0.0
6019,2019-11-10,parliament,ES6,Sur,2,mesesquerra,0.0
6020,2019-11-10,parliament,ES6,Sur,2,na,0.0
6021,2019-11-10,parliament,ES6,Sur,2,pacma,599390.0
6022,2019-11-10,parliament,ES6,Sur,2,pcoe,77165.0
6023,2019-11-10,parliament,ES6,Sur,2,pcpe,43219.0
6024,2019-11-10,parliament,ES6,Sur,2,pcte,23727.0
6025,2019-11-10,parliament,ES6,Sur,2,pdsje,0.0
6026,2019-11-10,parliament,ES6,Sur,2,ph,0.0
6027,2019-11-10,parliament,ES6,Sur,2,plib,0.0
6028,2019-11-10,parliament,ES6,Sur,2,podemoseu,0.0
6029,2019-11-10,parliament,ES6,Sur,2,podemosiu,6877178.0
6030,2019-11-10,parliament,ES6,Sur,2,pp,11916047.0
6031,2019-11-10,parliament,ES6,Sur,2,ppso,0.0
6032,2019-11-10,parliament,ES6,Sur,2,prc,0.0
6033,2019-11-10,parliament,ES6,Sur,2,prepal,0.0
6034,2019-11-10,parliament,ES6,Sur,2,psoe,17796042.0
6035,2019-11-10,parliament,ES6,Sur,2,pumj,63371.0
6036,2019-11-10,parliament,ES6,Sur,2,pyln,0.0
6037,2019-11-10,parliament,ES6,Sur,2,recortes_cerogv,77770.0
6038,2019-11-10,parliament,ES6,Sur,2,risa,2739.0
6039,2019-11-10,parliament,ES6,Sur,2,solidaria,0.0
6040,2019-11-10,parliament,ES6,Sur,2,somos_region,25608.0
6041,2019-11-10,parliament,ES6,Sur,2,teruel_existe,0.0
6042,2019-11-10,parliament,ES6,Sur,2,udt,0.0
6043,2019-11-10,parliament,ES6,Sur,2,uigsomcuides,0.0
6044,2019-11-10,parliament,ES6,Sur,2,unidos_siacpsdef,0.0
6045,2019-11-10,parliament,ES6,Sur,2,union_regionalista,0.0
6046,2019-11-10,parliament,ES6,Sur,2,upl,0.0
6047,2019-11-10,parliament,ES6,Sur,2,verdes,1111.0
6048,2019-11-10,parliament,ES6,Sur,2,vox,11959002.0
6049,2019-11-10,parliament,ES6,Sur,2,xav,0.0
6050,2019-11-10,parliament,ES7,Canarias,0,eligible_voters,15541794.0
6051,2019-11-10,parliament,ES7,Canarias,1,issued_ballots,8616384.0
6052,2019-11-10,parliament,ES7,Canarias,2,ahora_canarias,18288.0
6053,2019-11-10,parliament,ES7,Canarias,2,andecha,0.0
6054,2019-11-10,parliament,ES7,Canarias,2,aunacv,0.0
6055,2019-11-10,parliament,ES7,Canarias,2,avant_adelante_los_verdes,0.0
6056,2019-11-10,parliament,ES7,Canarias,2,axsi,0.0
6057,2019-11-10,parliament,ES7,Canarias,2,bng,0.0
6058,2019-11-10,parliament,ES7,Canarias,2,c,0.0
6059,2019-11-10,parliament,ES7,Canarias,2,canda,0.0
6060,2019-11-10,parliament,ES7,Canarias,2,ccapncnc,1118601.0
6061,2019-11-10,parliament,ES7,Canarias,2,centrados,0.0
6062,2019-11-10,parliament,ES7,Canarias,2,cha,0.0
6063,2019-11-10,parliament,ES7,Canarias,2,contigo,5346.0
6064,2019-11-10,parliament,ES7,Canarias,2,cpm,0.0
6065,2019-11-10,parliament,ES7,Canarias,2,cs,458973.0
6066,2019-11-10,parliament,ES7,Canarias,2,cuppr,0.0
6067,2019-11-10,parliament,ES7,Canarias,2,dpl,0.0
6068,2019-11-10,parliament,ES7,Canarias,2,eajpnv,0.0
6069,2019-11-10,parliament,ES7,Canarias,2,eb,3762.0
6070,2019-11-10,parliament,ES7,Canarias,2,ecpguanyem_el_canvi,0.0
6071,2019-11-10,parliament,ES7,Canarias,2,eh_bildu,0.0
6072,2019-11-10,parliament,ES7,Canarias,2,ercsobiranistes,0.0
6073,2019-11-10,parliament,ES7,Canarias,2,erpv,0.0
6074,2019-11-10,parliament,ES7,Canarias,2,extremadura_unida,0.0
6075,2019-11-10,parliament,ES7,Canarias,2,fe_de_las_jons,0.0
6076,2019-11-10,parliament,ES7,Canarias,2,fia,0.0
6077,2019-11-10,parliament,ES7,Canarias,2,gbai,0.0
6078,2019-11-10,parliament,ES7,Canarias,2,ifem,0.0
6079,2019-11-10,parliament,ES7,Canarias,2,izar,0.0
6080,2019-11-10,parliament,ES7,Canarias,2,izqp,0.0
6081,2019-11-10,parliament,ES7,Canarias,2,jxcatjunts,0.0
6082,2019-11-10,parliament,ES7,Canarias,2,m_paischaequo,0.0
6083,2019-11-10,parliament,ES7,Canarias,2,mas,0.0
6084,2019-11-10,parliament,ES7,Canarias,2,mas_pais,0.0
6085,2019-11-10,parliament,ES7,Canarias,2,mas_paisequo,134748.0
6086,2019-11-10,parliament,ES7,Canarias,2,mdyc,0.0
6087,2019-11-10,parliament,ES7,Canarias,2,mes_compromis,0.0
6088,2019-11-10,parliament,ES7,Canarias,2,mesesquerra,0.0
6089,2019-11-10,parliament,ES7,Canarias,2,na,0.0
6090,2019-11-10,parliament,ES7,Canarias,2,pacma,107514.0
6091,2019-11-10,parliament,ES7,Canarias,2,pcoe,0.0
6092,2019-11-10,parliament,ES7,Canarias,2,pcpe,10728.0
6093,2019-11-10,parliament,ES7,Canarias,2,pcte,0.0
6094,2019-11-10,parliament,ES7,Canarias,2,pdsje,6417.0
6095,2019-11-10,parliament,ES7,Canarias,2,ph,2484.0
6096,2019-11-10,parliament,ES7,Canarias,2,plib,0.0
6097,2019-11-10,parliament,ES7,Canarias,2,podemoseu,0.0
6098,2019-11-10,parliament,ES7,Canarias,2,podemosiu,1253349.0
6099,2019-11-10,parliament,ES7,Canarias,2,pp,1771281.0
6100,2019-11-10,parliament,ES7,Canarias,2,ppso,0.0
6101,2019-11-10,parliament,ES7,Canarias,2,prc,0.0
6102,2019-11-10,parliament,ES7,Canarias,2,prepal,0.0
6103,2019-11-10,parliament,ES7,Canarias,2,psoe,2462364.0
6104,2019-11-10,parliament,ES7,Canarias,2,pumj,7839.0
6105,2019-11-10,parliament,ES7,Canarias,2,pyln,0.0
6106,2019-11-10,parliament,ES7,Canarias,2,recortes_cerogv,8946.0
6107,2019-11-10,parliament,ES7,Canarias,2,risa,0.0
6108,2019-11-10,parliament,ES7,Canarias,2,solidaria,0.0
6109,2019-11-10,parliament,ES7,Canarias,2,somos_region,0.0
6110,2019-11-10,parliament,ES7,Canarias,2,teruel_existe,0.0
6111,2019-11-10,parliament,ES7,Canarias,2,udt,0.0
6112,2019-11-10,parliament,ES7,Canarias,2,uigsomcuides,0.0
6113,2019-11-10,parliament,ES7,Canarias,2,unidos_siacpsdef,0.0
6114,2019-11-10,parliament,ES7,Canarias,2,union_regionalista,0.0
6115,2019-11-10,parliament,ES7,Canarias,2,upl,0.0
6116,2019-11-10,parliament,ES7,Canarias,2,verdes,28674.0
6117,2019-11-10,parliament,ES7,Canarias,2,vox,1062054.0
6118,2019-11-10,parliament,ES7,Canarias,2,xav,0.0
6119,2023-07-23,parliament,ES1,Noroeste,0,eligible_voters,24932808.0
6120,2023-07-23,parliament,ES1,Noroeste,1,issued_ballots,15656484.0
6121,2023-07-23,parliament,ES1,Noroeste,2,adelante_andalucia,0.0
6122,2023-07-23,parliament,ES1,Noroeste,2,ahora_canariaspcpc,0.0
6123,2023-07-23,parliament,ES1,Noroeste,2,alm,0.0
6124,2023-07-23,parliament,ES1,Noroeste,2,asturias_existe_ev,13884.0
6125,2023-07-23,parliament,ES1,Noroeste,2,bng,923970.0
6126,2023-07-23,parliament,ES1,Noroeste,2,bqex,0.0
6127,2023-07-23,parliament,ES1,Noroeste,2,cca,0.0
6128,2023-07-23,parliament,ES1,Noroeste,2,ccd,918.0
6129,2023-07-23,parliament,ES1,Noroeste,2,cj,0.0
6130,2023-07-23,parliament,ES1,Noroeste,2,cpm,0.0
6131,2023-07-23,parliament,ES1,Noroeste,2,cuppr,0.0
6132,2023-07-23,parliament,ES1,Noroeste,2,e,0.0
6133,2023-07-23,parliament,ES1,Noroeste,2,eajpnv,0.0
6134,2023-07-23,parliament,ES1,Noroeste,2,eh_bildu,0.0
6135,2023-07-23,parliament,ES1,Noroeste,2,erc,0.0
6136,2023-07-23,parliament,ES1,Noroeste,2,escanos_en_blanco,0.0
6137,2023-07-23,parliament,ES1,Noroeste,2,espana_vaciada,0.0
6138,2023-07-23,parliament,ES1,Noroeste,2,evb,0.0
6139,2023-07-23,parliament,ES1,Noroeste,2,evc,0.0
6140,2023-07-23,parliament,ES1,Noroeste,2,evpcastc,0.0
6141,2023-07-23,parliament,ES1,Noroeste,2,existe,0.0
6142,2023-07-23,parliament,ES1,Noroeste,2,fe_de_las_jons,0.0
6143,2023-07-23,parliament,ES1,Noroeste,2,fia,0.0
6144,2023-07-23,parliament,ES1,Noroeste,2,fo,25656.0
6145,2023-07-23,parliament,ES1,Noroeste,2,fuerza_civica,0.0
6146,2023-07-23,parliament,ES1,Noroeste,2,gbai,0.0
6147,2023-07-23,parliament,ES1,Noroeste,2,gitv,0.0
6148,2023-07-23,parliament,ES1,Noroeste,2,jm,0.0
6149,2023-07-23,parliament,ES1,Noroeste,2,jxcat__junts,0.0
6150,2023-07-23,parliament,ES1,Noroeste,2,jxg,0.0
6151,2023-07-23,parliament,ES1,Noroeste,2,lb,0.0
6152,2023-07-23,parliament,ES1,Noroeste,2,ncbc,0.0
6153,2023-07-23,parliament,ES1,Noroeste,2,pacma,76200.0
6154,2023-07-23,parliament,ES1,Noroeste,2,par,0.0
6155,2023-07-23,parliament,ES1,Noroeste,2,partido_autonomos,0.0
6156,2023-07-23,parliament,ES1,Noroeste,2,pcte,17388.0
6157,2023-07-23,parliament,ES1,Noroeste,2,pdecateciu,0.0
6158,2023-07-23,parliament,ES1,Noroeste,2,ph,0.0
6159,2023-07-23,parliament,ES1,Noroeste,2,por_mi_region,0.0
6160,2023-07-23,parliament,ES1,Noroeste,2,pp,6438138.0
6161,2023-07-23,parliament,ES1,Noroeste,2,prepal,0.0
6162,2023-07-23,parliament,ES1,Noroeste,2,psoe,4850862.0
6163,2023-07-23,parliament,ES1,Noroeste,2,puede,1614.0
6164,2023-07-23,parliament,ES1,Noroeste,2,pumj,6396.0
6165,2023-07-23,parliament,ES1,Noroeste,2,rds,0.0
6166,2023-07-23,parliament,ES1,Noroeste,2,recortes_cero,14346.0
6167,2023-07-23,parliament,ES1,Noroeste,2,somos_cc,0.0
6168,2023-07-23,parliament,ES1,Noroeste,2,sumar,1782204.0
6169,2023-07-23,parliament,ES1,Noroeste,2,sy,0.0
6170,2023-07-23,parliament,ES1,Noroeste,2,udca,0.0
6171,2023-07-23,parliament,ES1,Noroeste,2,unidos_si,0.0
6172,2023-07-23,parliament,ES1,Noroeste,2,upl,0.0
6173,2023-07-23,parliament,ES1,Noroeste,2,upn,0.0
6174,2023-07-23,parliament,ES1,Noroeste,2,vb,0.0
6175,2023-07-23,parliament,ES1,Noroeste,2,vox,1220916.0
6176,2023-07-23,parliament,ES1,Noroeste,2,vp,0.0
6177,2023-07-23,parliament,ES1,Noroeste,2,xav,0.0
6178,2023-07-23,parliament,ES1,Noroeste,2,xh,0.0
6179,2023-07-23,parliament,ES1,Noroeste,2,zsi,0.0
6180,2023-07-23,parliament,ES2,Noreste,0,eligible_voters,28647056.0
6181,2023-07-23,parliament,ES2,Noreste,1,issued_ballots,19260848.0
6182,2023-07-23,parliament,ES2,Noreste,2,adelante_andalucia,0.0
6183,2023-07-23,parliament,ES2,Noreste,2,ahora_canariaspcpc,0.0
6184,2023-07-23,parliament,ES2,Noreste,2,alm,0.0
6185,2023-07-23,parliament,ES2,Noreste,2,asturias_existe_ev,0.0
6186,2023-07-23,parliament,ES2,Noreste,2,bng,0.0
6187,2023-07-23,parliament,ES2,Noreste,2,bqex,0.0
6188,2023-07-23,parliament,ES2,Noreste,2,cca,0.0
6189,2023-07-23,parliament,ES2,Noreste,2,ccd,0.0
6190,2023-07-23,parliament,ES2,Noreste,2,cj,0.0
6191,2023-07-23,parliament,ES2,Noreste,2,cpm,0.0
6192,2023-07-23,parliament,ES2,Noreste,2,cuppr,0.0
6193,2023-07-23,parliament,ES2,Noreste,2,e,2288.0
6194,2023-07-23,parliament,ES2,Noreste,2,eajpnv,2218312.0
6195,2023-07-23,parliament,ES2,Noreste,2,eh_bildu,2681032.0
6196,2023-07-23,parliament,ES2,Noreste,2,erc,0.0
6197,2023-07-23,parliament,ES2,Noreste,2,escanos_en_blanco,39328.0
6198,2023-07-23,parliament,ES2,Noreste,2,espana_vaciada,0.0
6199,2023-07-23,parliament,ES2,Noreste,2,evb,0.0
6200,2023-07-23,parliament,ES2,Noreste,2,evc,0.0
6201,2023-07-23,parliament,ES2,Noreste,2,evpcastc,0.0
6202,2023-07-23,parliament,ES2,Noreste,2,existe,163520.0
6203,2023-07-23,parliament,ES2,Noreste,2,fe_de_las_jons,2176.0
6204,2023-07-23,parliament,ES2,Noreste,2,fia,4048.0
6205,2023-07-23,parliament,ES2,Noreste,2,fo,33320.0
6206,2023-07-23,parliament,ES2,Noreste,2,fuerza_civica,0.0
6207,2023-07-23,parliament,ES2,Noreste,2,gbai,79504.0
6208,2023-07-23,parliament,ES2,Noreste,2,gitv,0.0
6209,2023-07-23,parliament,ES2,Noreste,2,jm,0.0
6210,2023-07-23,parliament,ES2,Noreste,2,jxcat__junts,0.0
6211,2023-07-23,parliament,ES2,Noreste,2,jxg,0.0
6212,2023-07-23,parliament,ES2,Noreste,2,lb,0.0
6213,2023-07-23,parliament,ES2,Noreste,2,ncbc,0.0
6214,2023-07-23,parliament,ES2,Noreste,2,pacma,83368.0
6215,2023-07-23,parliament,ES2,Noreste,2,par,33384.0
6216,2023-07-23,parliament,ES2,Noreste,2,partido_autonomos,0.0
6217,2023-07-23,parliament,ES2,Noreste,2,pcte,18680.0
6218,2023-07-23,parliament,ES2,Noreste,2,pdecateciu,0.0
6219,2023-07-23,parliament,ES2,Noreste,2,ph,0.0
6220,2023-07-23,parliament,ES2,Noreste,2,por_mi_region,0.0
6221,2023-07-23,parliament,ES2,Noreste,2,pp,4235680.0
6222,2023-07-23,parliament,ES2,Noreste,2,prepal,0.0
6223,2023-07-23,parliament,ES2,Noreste,2,psoe,5361584.0
6224,2023-07-23,parliament,ES2,Noreste,2,puede,0.0
6225,2023-07-23,parliament,ES2,Noreste,2,pumj,22896.0
6226,2023-07-23,parliament,ES2,Noreste,2,rds,0.0
6227,2023-07-23,parliament,ES2,Noreste,2,recortes_cero,15576.0
6228,2023-07-23,parliament,ES2,Noreste,2,somos_cc,0.0
6229,2023-07-23,parliament,ES2,Noreste,2,sumar,2171608.0
6230,2023-07-23,parliament,ES2,Noreste,2,sy,0.0
6231,2023-07-23,parliament,ES2,Noreste,2,udca,0.0
6232,2023-07-23,parliament,ES2,Noreste,2,unidos_si,0.0
6233,2023-07-23,parliament,ES2,Noreste,2,upl,0.0
6234,2023-07-23,parliament,ES2,Noreste,2,upn,417504.0
6235,2023-07-23,parliament,ES2,Noreste,2,vb,0.0
6236,2023-07-23,parliament,ES2,Noreste,2,vox,1372232.0
6237,2023-07-23,parliament,ES2,Noreste,2,vp,0.0
6238,2023-07-23,parliament,ES2,Noreste,2,xav,0.0
6239,2023-07-23,parliament,ES2,Noreste,2,xh,0.0
6240,2023-07-23,parliament,ES2,Noreste,2,zsi,0.0
6241,2023-07-23,parliament,ES3,Comunidad de Madrid,0,eligible_voters,5224561.0
6242,2023-07-23,parliament,ES3,Comunidad de Madrid,1,issued_ballots,3639500.0
6243,2023-07-23,parliament,ES3,Comunidad de Madrid,2,adelante_andalucia,0.0
6244,2023-07-23,parliament,ES3,Comunidad de Madrid,2,ahora_canariaspcpc,0.0
6245,2023-07-23,parliament,ES3,Comunidad de Madrid,2,alm,0.0
6246,2023-07-23,parliament,ES3,Comunidad de Madrid,2,asturias_existe_ev,0.0
6247,2023-07-23,parliament,ES3,Comunidad de Madrid,2,bng,0.0
6248,2023-07-23,parliament,ES3,Comunidad de Madrid,2,bqex,0.0
6249,2023-07-23,parliament,ES3,Comunidad de Madrid,2,cca,0.0
6250,2023-07-23,parliament,ES3,Comunidad de Madrid,2,ccd,0.0
6251,2023-07-23,parliament,ES3,Comunidad de Madrid,2,cj,0.0
6252,2023-07-23,parliament,ES3,Comunidad de Madrid,2,cpm,0.0
6253,2023-07-23,parliament,ES3,Comunidad de Madrid,2,cuppr,0.0
6254,2023-07-23,parliament,ES3,Comunidad de Madrid,2,e,0.0
6255,2023-07-23,parliament,ES3,Comunidad de Madrid,2,eajpnv,0.0
6256,2023-07-23,parliament,ES3,Comunidad de Madrid,2,eh_bildu,0.0
6257,2023-07-23,parliament,ES3,Comunidad de Madrid,2,erc,0.0
6258,2023-07-23,parliament,ES3,Comunidad de Madrid,2,escanos_en_blanco,0.0
6259,2023-07-23,parliament,ES3,Comunidad de Madrid,2,espana_vaciada,0.0
6260,2023-07-23,parliament,ES3,Comunidad de Madrid,2,evb,0.0
6261,2023-07-23,parliament,ES3,Comunidad de Madrid,2,evc,0.0
6262,2023-07-23,parliament,ES3,Comunidad de Madrid,2,evpcastc,0.0
6263,2023-07-23,parliament,ES3,Comunidad de Madrid,2,existe,0.0
6264,2023-07-23,parliament,ES3,Comunidad de Madrid,2,fe_de_las_jons,1751.0
6265,2023-07-23,parliament,ES3,Comunidad de Madrid,2,fia,0.0
6266,2023-07-23,parliament,ES3,Comunidad de Madrid,2,fo,7652.0
6267,2023-07-23,parliament,ES3,Comunidad de Madrid,2,fuerza_civica,0.0
6268,2023-07-23,parliament,ES3,Comunidad de Madrid,2,gbai,0.0
6269,2023-07-23,parliament,ES3,Comunidad de Madrid,2,gitv,0.0
6270,2023-07-23,parliament,ES3,Comunidad de Madrid,2,jm,0.0
6271,2023-07-23,parliament,ES3,Comunidad de Madrid,2,jxcat__junts,0.0
6272,2023-07-23,parliament,ES3,Comunidad de Madrid,2,jxg,0.0
6273,2023-07-23,parliament,ES3,Comunidad de Madrid,2,lb,0.0
6274,2023-07-23,parliament,ES3,Comunidad de Madrid,2,ncbc,0.0
6275,2023-07-23,parliament,ES3,Comunidad de Madrid,2,pacma,21742.0
6276,2023-07-23,parliament,ES3,Comunidad de Madrid,2,par,0.0
6277,2023-07-23,parliament,ES3,Comunidad de Madrid,2,partido_autonomos,0.0
6278,2023-07-23,parliament,ES3,Comunidad de Madrid,2,pcte,3407.0
6279,2023-07-23,parliament,ES3,Comunidad de Madrid,2,pdecateciu,0.0
6280,2023-07-23,parliament,ES3,Comunidad de Madrid,2,ph,2902.0
6281,2023-07-23,parliament,ES3,Comunidad de Madrid,2,por_mi_region,0.0
6282,2023-07-23,parliament,ES3,Comunidad de Madrid,2,pp,1463183.0
6283,2023-07-23,parliament,ES3,Comunidad de Madrid,2,prepal,0.0
6284,2023-07-23,parliament,ES3,Comunidad de Madrid,2,psoe,1004599.0
6285,2023-07-23,parliament,ES3,Comunidad de Madrid,2,puede,0.0
6286,2023-07-23,parliament,ES3,Comunidad de Madrid,2,pumj,6749.0
6287,2023-07-23,parliament,ES3,Comunidad de Madrid,2,rds,0.0
6288,2023-07-23,parliament,ES3,Comunidad de Madrid,2,recortes_cero,3784.0
6289,2023-07-23,parliament,ES3,Comunidad de Madrid,2,somos_cc,0.0
6290,2023-07-23,parliament,ES3,Comunidad de Madrid,2,sumar,557780.0
6291,2023-07-23,parliament,ES3,Comunidad de Madrid,2,sy,0.0
6292,2023-07-23,parliament,ES3,Comunidad de Madrid,2,udca,0.0
6293,2023-07-23,parliament,ES3,Comunidad de Madrid,2,unidos_si,0.0
6294,2023-07-23,parliament,ES3,Comunidad de Madrid,2,upl,0.0
6295,2023-07-23,parliament,ES3,Comunidad de Madrid,2,upn,0.0
6296,2023-07-23,parliament,ES3,Comunidad de Madrid,2,vb,0.0
6297,2023-07-23,parliament,ES3,Comunidad de Madrid,2,vox,506164.0
6298,2023-07-23,parliament,ES3,Comunidad de Madrid,2,vp,0.0
6299,2023-07-23,parliament,ES3,Comunidad de Madrid,2,xav,0.0
6300,2023-07-23,parliament,ES3,Comunidad de Madrid,2,xh,0.0
6301,2023-07-23,parliament,ES3,Comunidad de Madrid,2,zsi,0.0
6302,2023-07-23,parliament,ES4,Centro (ES),0,eligible_voters,73050496.0
6303,2023-07-23,parliament,ES4,Centro (ES),1,issued_ballots,51937904.0
6304,2023-07-23,parliament,ES4,Centro (ES),2,adelante_andalucia,0.0
6305,2023-07-23,parliament,ES4,Centro (ES),2,ahora_canariaspcpc,0.0
6306,2023-07-23,parliament,ES4,Centro (ES),2,alm,0.0
6307,2023-07-23,parliament,ES4,Centro (ES),2,asturias_existe_ev,0.0
6308,2023-07-23,parliament,ES4,Centro (ES),2,bng,0.0
6309,2023-07-23,parliament,ES4,Centro (ES),2,bqex,92912.0
6310,2023-07-23,parliament,ES4,Centro (ES),2,cca,0.0
6311,2023-07-23,parliament,ES4,Centro (ES),2,ccd,0.0
6312,2023-07-23,parliament,ES4,Centro (ES),2,cj,4400.0
6313,2023-07-23,parliament,ES4,Centro (ES),2,cpm,0.0
6314,2023-07-23,parliament,ES4,Centro (ES),2,cuppr,0.0
6315,2023-07-23,parliament,ES4,Centro (ES),2,e,3168.0
6316,2023-07-23,parliament,ES4,Centro (ES),2,eajpnv,0.0
6317,2023-07-23,parliament,ES4,Centro (ES),2,eh_bildu,0.0
6318,2023-07-23,parliament,ES4,Centro (ES),2,erc,0.0
6319,2023-07-23,parliament,ES4,Centro (ES),2,escanos_en_blanco,12016.0
6320,2023-07-23,parliament,ES4,Centro (ES),2,espana_vaciada,50528.0
6321,2023-07-23,parliament,ES4,Centro (ES),2,evb,0.0
6322,2023-07-23,parliament,ES4,Centro (ES),2,evc,0.0
6323,2023-07-23,parliament,ES4,Centro (ES),2,evpcastc,18944.0
6324,2023-07-23,parliament,ES4,Centro (ES),2,existe,0.0
6325,2023-07-23,parliament,ES4,Centro (ES),2,fe_de_las_jons,11376.0
6326,2023-07-23,parliament,ES4,Centro (ES),2,fia,0.0
6327,2023-07-23,parliament,ES4,Centro (ES),2,fo,90208.0
6328,2023-07-23,parliament,ES4,Centro (ES),2,fuerza_civica,1840.0
6329,2023-07-23,parliament,ES4,Centro (ES),2,gbai,0.0
6330,2023-07-23,parliament,ES4,Centro (ES),2,gitv,5856.0
6331,2023-07-23,parliament,ES4,Centro (ES),2,jm,0.0
6332,2023-07-23,parliament,ES4,Centro (ES),2,jxcat__junts,0.0
6333,2023-07-23,parliament,ES4,Centro (ES),2,jxg,0.0
6334,2023-07-23,parliament,ES4,Centro (ES),2,lb,0.0
6335,2023-07-23,parliament,ES4,Centro (ES),2,ncbc,0.0
6336,2023-07-23,parliament,ES4,Centro (ES),2,pacma,209552.0
6337,2023-07-23,parliament,ES4,Centro (ES),2,par,0.0
6338,2023-07-23,parliament,ES4,Centro (ES),2,partido_autonomos,0.0
6339,2023-07-23,parliament,ES4,Centro (ES),2,pcte,32336.0
6340,2023-07-23,parliament,ES4,Centro (ES),2,pdecateciu,0.0
6341,2023-07-23,parliament,ES4,Centro (ES),2,ph,0.0
6342,2023-07-23,parliament,ES4,Centro (ES),2,por_mi_region,0.0
6343,2023-07-23,parliament,ES4,Centro (ES),2,pp,20450832.0
6344,2023-07-23,parliament,ES4,Centro (ES),2,prepal,15424.0
6345,2023-07-23,parliament,ES4,Centro (ES),2,psoe,17591296.0
6346,2023-07-23,parliament,ES4,Centro (ES),2,puede,0.0
6347,2023-07-23,parliament,ES4,Centro (ES),2,pumj,60512.0
6348,2023-07-23,parliament,ES4,Centro (ES),2,rds,0.0
6349,2023-07-23,parliament,ES4,Centro (ES),2,recortes_cero,30400.0
6350,2023-07-23,parliament,ES4,Centro (ES),2,somos_cc,15408.0
6351,2023-07-23,parliament,ES4,Centro (ES),2,sumar,3651456.0
6352,2023-07-23,parliament,ES4,Centro (ES),2,sy,155152.0
6353,2023-07-23,parliament,ES4,Centro (ES),2,udca,7408.0
6354,2023-07-23,parliament,ES4,Centro (ES),2,unidos_si,0.0
6355,2023-07-23,parliament,ES4,Centro (ES),2,upl,371216.0
6356,2023-07-23,parliament,ES4,Centro (ES),2,upn,0.0
6357,2023-07-23,parliament,ES4,Centro (ES),2,vb,28384.0
6358,2023-07-23,parliament,ES4,Centro (ES),2,vox,7782496.0
6359,2023-07-23,parliament,ES4,Centro (ES),2,vp,30672.0
6360,2023-07-23,parliament,ES4,Centro (ES),2,xav,117792.0
6361,2023-07-23,parliament,ES4,Centro (ES),2,xh,0.0
6362,2023-07-23,parliament,ES4,Centro (ES),2,zsi,29488.0
6363,2023-07-23,parliament,ES5,Este,0,eligible_voters,112959220.0
6364,2023-07-23,parliament,ES5,Este,1,issued_ballots,74305847.0
6365,2023-07-23,parliament,ES5,Este,2,adelante_andalucia,0.0
6366,2023-07-23,parliament,ES5,Este,2,ahora_canariaspcpc,0.0
6367,2023-07-23,parliament,ES5,Este,2,alm,0.0
6368,2023-07-23,parliament,ES5,Este,2,asturias_existe_ev,0.0
6369,2023-07-23,parliament,ES5,Este,2,bng,0.0
6370,2023-07-23,parliament,ES5,Este,2,bqex,0.0
6371,2023-07-23,parliament,ES5,Este,2,cca,0.0
6372,2023-07-23,parliament,ES5,Este,2,ccd,0.0
6373,2023-07-23,parliament,ES5,Este,2,cj,22913.0
6374,2023-07-23,parliament,ES5,Este,2,cpm,0.0
6375,2023-07-23,parliament,ES5,Este,2,cuppr,1096084.0
6376,2023-07-23,parliament,ES5,Este,2,e,0.0
6377,2023-07-23,parliament,ES5,Este,2,eajpnv,0.0
6378,2023-07-23,parliament,ES5,Este,2,eh_bildu,0.0
6379,2023-07-23,parliament,ES5,Este,2,erc,5126220.0
6380,2023-07-23,parliament,ES5,Este,2,escanos_en_blanco,5082.0
6381,2023-07-23,parliament,ES5,Este,2,espana_vaciada,0.0
6382,2023-07-23,parliament,ES5,Este,2,evb,15862.0
6383,2023-07-23,parliament,ES5,Este,2,evc,2915.0
6384,2023-07-23,parliament,ES5,Este,2,evpcastc,0.0
6385,2023-07-23,parliament,ES5,Este,2,existe,0.0
6386,2023-07-23,parliament,ES5,Este,2,fe_de_las_jons,9812.0
6387,2023-07-23,parliament,ES5,Este,2,fia,0.0
6388,2023-07-23,parliament,ES5,Este,2,fo,153219.0
6389,2023-07-23,parliament,ES5,Este,2,fuerza_civica,0.0
6390,2023-07-23,parliament,ES5,Este,2,gbai,0.0
6391,2023-07-23,parliament,ES5,Este,2,gitv,0.0
6392,2023-07-23,parliament,ES5,Este,2,jm,0.0
6393,2023-07-23,parliament,ES5,Este,2,jxcat__junts,4349719.0
6394,2023-07-23,parliament,ES5,Este,2,jxg,0.0
6395,2023-07-23,parliament,ES5,Este,2,lb,0.0
6396,2023-07-23,parliament,ES5,Este,2,ncbc,0.0
6397,2023-07-23,parliament,ES5,Este,2,pacma,676357.0
6398,2023-07-23,parliament,ES5,Este,2,par,0.0
6399,2023-07-23,parliament,ES5,Este,2,partido_autonomos,15906.0
6400,2023-07-23,parliament,ES5,Este,2,pcte,50534.0
6401,2023-07-23,parliament,ES5,Este,2,pdecateciu,352176.0
6402,2023-07-23,parliament,ES5,Este,2,ph,0.0
6403,2023-07-23,parliament,ES5,Este,2,por_mi_region,0.0
6404,2023-07-23,parliament,ES5,Este,2,pp,17324857.0
6405,2023-07-23,parliament,ES5,Este,2,prepal,0.0
6406,2023-07-23,parliament,ES5,Este,2,psoe,24450151.0
6407,2023-07-23,parliament,ES5,Este,2,puede,0.0
6408,2023-07-23,parliament,ES5,Este,2,pumj,19558.0
6409,2023-07-23,parliament,ES5,Este,2,rds,0.0
6410,2023-07-23,parliament,ES5,Este,2,recortes_cero,86526.0
6411,2023-07-23,parliament,ES5,Este,2,somos_cc,0.0
6412,2023-07-23,parliament,ES5,Este,2,sumar,10823087.0
6413,2023-07-23,parliament,ES5,Este,2,sy,0.0
6414,2023-07-23,parliament,ES5,Este,2,udca,0.0
6415,2023-07-23,parliament,ES5,Este,2,unidos_si,2783.0
6416,2023-07-23,parliament,ES5,Este,2,upl,0.0
6417,2023-07-23,parliament,ES5,Este,2,upn,0.0
6418,2023-07-23,parliament,ES5,Este,2,vb,0.0
6419,2023-07-23,parliament,ES5,Este,2,vox,8418630.0
6420,2023-07-23,parliament,ES5,Este,2,vp,0.0
6421,2023-07-23,parliament,ES5,Este,2,xav,0.0
6422,2023-07-23,parliament,ES5,Este,2,xh,0.0
6423,2023-07-23,parliament,ES5,Este,2,zsi,0.0
6424,2023-07-23,parliament,ES6,Sur,0,eligible_voters,86831492.0
6425,2023-07-23,parliament,ES6,Sur,1,issued_ballots,57849462.0
6426,2023-07-23,parliament,ES6,Sur,2,adelante_andalucia,101101.0
6427,2023-07-23,parliament,ES6,Sur,2,ahora_canariaspcpc,0.0
6428,2023-07-23,parliament,ES6,Sur,2,alm,9614.0
6429,2023-07-23,parliament,ES6,Sur,2,asturias_existe_ev,0.0
6430,2023-07-23,parliament,ES6,Sur,2,bng,0.0
6431,2023-07-23,parliament,ES6,Sur,2,bqex,0.0
6432,2023-07-23,parliament,ES6,Sur,2,cca,0.0
6433,2023-07-23,parliament,ES6,Sur,2,ccd,0.0
6434,2023-07-23,parliament,ES6,Sur,2,cj,35882.0
6435,2023-07-23,parliament,ES6,Sur,2,cpm,14278.0
6436,2023-07-23,parliament,ES6,Sur,2,cuppr,0.0
6437,2023-07-23,parliament,ES6,Sur,2,e,0.0
6438,2023-07-23,parliament,ES6,Sur,2,eajpnv,0.0
6439,2023-07-23,parliament,ES6,Sur,2,eh_bildu,0.0
6440,2023-07-23,parliament,ES6,Sur,2,erc,0.0
6441,2023-07-23,parliament,ES6,Sur,2,escanos_en_blanco,25509.0
6442,2023-07-23,parliament,ES6,Sur,2,espana_vaciada,0.0
6443,2023-07-23,parliament,ES6,Sur,2,evb,0.0
6444,2023-07-23,parliament,ES6,Sur,2,evc,0.0
6445,2023-07-23,parliament,ES6,Sur,2,evpcastc,0.0
6446,2023-07-23,parliament,ES6,Sur,2,existe,0.0
6447,2023-07-23,parliament,ES6,Sur,2,fe_de_las_jons,11627.0
6448,2023-07-23,parliament,ES6,Sur,2,fia,0.0
6449,2023-07-23,parliament,ES6,Sur,2,fo,91960.0
6450,2023-07-23,parliament,ES6,Sur,2,fuerza_civica,0.0
6451,2023-07-23,parliament,ES6,Sur,2,gbai,0.0
6452,2023-07-23,parliament,ES6,Sur,2,gitv,0.0
6453,2023-07-23,parliament,ES6,Sur,2,jm,91223.0
6454,2023-07-23,parliament,ES6,Sur,2,jxcat__junts,0.0
6455,2023-07-23,parliament,ES6,Sur,2,jxg,13398.0
6456,2023-07-23,parliament,ES6,Sur,2,lb,2893.0
6457,2023-07-23,parliament,ES6,Sur,2,ncbc,0.0
6458,2023-07-23,parliament,ES6,Sur,2,pacma,440803.0
6459,2023-07-23,parliament,ES6,Sur,2,par,0.0
6460,2023-07-23,parliament,ES6,Sur,2,partido_autonomos,0.0
6461,2023-07-23,parliament,ES6,Sur,2,pcte,32593.0
6462,2023-07-23,parliament,ES6,Sur,2,pdecateciu,0.0
6463,2023-07-23,parliament,ES6,Sur,2,ph,0.0
6464,2023-07-23,parliament,ES6,Sur,2,por_mi_region,18678.0
6465,2023-07-23,parliament,ES6,Sur,2,pp,21234180.0
6466,2023-07-23,parliament,ES6,Sur,2,prepal,0.0
6467,2023-07-23,parliament,ES6,Sur,2,psoe,18424846.0
6468,2023-07-23,parliament,ES6,Sur,2,puede,0.0
6469,2023-07-23,parliament,ES6,Sur,2,pumj,71390.0
6470,2023-07-23,parliament,ES6,Sur,2,rds,1815.0
6471,2023-07-23,parliament,ES6,Sur,2,recortes_cero,48081.0
6472,2023-07-23,parliament,ES6,Sur,2,somos_cc,0.0
6473,2023-07-23,parliament,ES6,Sur,2,sumar,6584567.0
6474,2023-07-23,parliament,ES6,Sur,2,sy,0.0
6475,2023-07-23,parliament,ES6,Sur,2,udca,0.0
6476,2023-07-23,parliament,ES6,Sur,2,unidos_si,0.0
6477,2023-07-23,parliament,ES6,Sur,2,upl,0.0
6478,2023-07-23,parliament,ES6,Sur,2,upn,0.0
6479,2023-07-23,parliament,ES6,Sur,2,vb,0.0
6480,2023-07-23,parliament,ES6,Sur,2,vox,9314162.0
6481,2023-07-23,parliament,ES6,Sur,2,vp,0.0
6482,2023-07-23,parliament,ES6,Sur,2,xav,0.0
6483,2023-07-23,parliament,ES6,Sur,2,xh,21241.0
6484,2023-07-23,parliament,ES6,Sur,2,zsi,0.0
6485,2023-07-23,parliament,ES7,Canarias,0,eligible_voters,16020891.0
6486,2023-07-23,parliament,ES7,Canarias,1,issued_ballots,9321201.0
6487,2023-07-23,parliament,ES7,Canarias,2,adelante_andalucia,0.0
6488,2023-07-23,parliament,ES7,Canarias,2,ahora_canariaspcpc,15066.0
6489,2023-07-23,parliament,ES7,Canarias,2,alm,0.0
6490,2023-07-23,parliament,ES7,Canarias,2,asturias_existe_ev,0.0
6491,2023-07-23,parliament,ES7,Canarias,2,bng,0.0
6492,2023-07-23,parliament,ES7,Canarias,2,bqex,0.0
6493,2023-07-23,parliament,ES7,Canarias,2,cca,1047267.0
6494,2023-07-23,parliament,ES7,Canarias,2,ccd,0.0
6495,2023-07-23,parliament,ES7,Canarias,2,cj,0.0
6496,2023-07-23,parliament,ES7,Canarias,2,cpm,0.0
6497,2023-07-23,parliament,ES7,Canarias,2,cuppr,0.0
6498,2023-07-23,parliament,ES7,Canarias,2,e,0.0
6499,2023-07-23,parliament,ES7,Canarias,2,eajpnv,0.0
6500,2023-07-23,parliament,ES7,Canarias,2,eh_bildu,0.0
6501,2023-07-23,parliament,ES7,Canarias,2,erc,0.0
6502,2023-07-23,parliament,ES7,Canarias,2,escanos_en_blanco,0.0
6503,2023-07-23,parliament,ES7,Canarias,2,espana_vaciada,0.0
6504,2023-07-23,parliament,ES7,Canarias,2,evb,0.0
6505,2023-07-23,parliament,ES7,Canarias,2,evc,0.0
6506,2023-07-23,parliament,ES7,Canarias,2,evpcastc,0.0
6507,2023-07-23,parliament,ES7,Canarias,2,existe,0.0
6508,2023-07-23,parliament,ES7,Canarias,2,fe_de_las_jons,0.0
6509,2023-07-23,parliament,ES7,Canarias,2,fia,0.0
6510,2023-07-23,parliament,ES7,Canarias,2,fo,20286.0
6511,2023-07-23,parliament,ES7,Canarias,2,fuerza_civica,0.0
6512,2023-07-23,parliament,ES7,Canarias,2,gbai,0.0
6513,2023-07-23,parliament,ES7,Canarias,2,gitv,0.0
6514,2023-07-23,parliament,ES7,Canarias,2,jm,0.0
6515,2023-07-23,parliament,ES7,Canarias,2,jxcat__junts,0.0
6516,2023-07-23,parliament,ES7,Canarias,2,jxg,0.0
6517,2023-07-23,parliament,ES7,Canarias,2,lb,0.0
6518,2023-07-23,parliament,ES7,Canarias,2,ncbc,410355.0
6519,2023-07-23,parliament,ES7,Canarias,2,pacma,87453.0
6520,2023-07-23,parliament,ES7,Canarias,2,par,0.0
6521,2023-07-23,parliament,ES7,Canarias,2,partido_autonomos,0.0
6522,2023-07-23,parliament,ES7,Canarias,2,pcte,0.0
6523,2023-07-23,parliament,ES7,Canarias,2,pdecateciu,0.0
6524,2023-07-23,parliament,ES7,Canarias,2,ph,0.0
6525,2023-07-23,parliament,ES7,Canarias,2,por_mi_region,0.0
6526,2023-07-23,parliament,ES7,Canarias,2,pp,2804643.0
6527,2023-07-23,parliament,ES7,Canarias,2,prepal,0.0
6528,2023-07-23,parliament,ES7,Canarias,2,psoe,3071349.0
6529,2023-07-23,parliament,ES7,Canarias,2,puede,0.0
6530,2023-07-23,parliament,ES7,Canarias,2,pumj,5067.0
6531,2023-07-23,parliament,ES7,Canarias,2,rds,0.0
6532,2023-07-23,parliament,ES7,Canarias,2,recortes_cero,10458.0
6533,2023-07-23,parliament,ES7,Canarias,2,somos_cc,0.0
6534,2023-07-23,parliament,ES7,Canarias,2,sumar,972009.0
6535,2023-07-23,parliament,ES7,Canarias,2,sy,0.0
6536,2023-07-23,parliament,ES7,Canarias,2,udca,0.0
6537,2023-07-23,parliament,ES7,Canarias,2,unidos_si,0.0
6538,2023-07-23,parliament,ES7,Canarias,2,upl,0.0
6539,2023-07-23,parliament,ES7,Canarias,2,upn,0.0
6540,2023-07-23,parliament,ES7,Canarias,2,vb,0.0
6541,2023-07-23,parliament,ES7,Canarias,2,vox,696087.0
6542,2023-07-23,parliament,ES7,Canarias,2,vp,0.0
6543,2023-07-23,parliament,ES7,Canarias,2,xav,0.0
6544,2023-07-23,parliament,ES7,Canarias,2,xh,0.0
6545,2023-07-23,parliament,ES7,Canarias,2,zsi,0.0
6546,2024-06-09,european,ES1,Noroeste,0,eligible_voters,25053966.0
6547,2024-06-09,european,ES1,Noroeste,1,issued_ballots,10949700.0
6548,2024-06-09,european,ES1,Noroeste,2,agrupacion_de_electores_se_acabo_la_fiesta,308970.0
6549,2024-06-09,european,ES1,Noroeste,2,ahora_republicas_erceh_bildubngara_mes,1100040.0
6550,2024-06-09,european,ES1,Noroeste,2,andalucistas,1032.0
6551,2024-06-09,european,ES1,Noroeste,2,ceus,4896.0
6552,2024-06-09,european,ES1,Noroeste,2,cree_en_europa,4248.0
6553,2024-06-09,european,ES1,Noroeste,2,crt,2520.0
6554,2024-06-09,european,ES1,Noroeste,2,cs,50034.0
6555,2024-06-09,european,ES1,Noroeste,2,escanos_en_blanco,10668.0
6556,2024-06-09,european,ES1,Noroeste,2,existe,6876.0
6557,2024-06-09,european,ES1,Noroeste,2,extremenos,792.0
6558,2024-06-09,european,ES1,Noroeste,2,f,2766.0
6559,2024-06-09,european,ES1,Noroeste,2,fe_de_las_jons,4608.0
6560,2024-06-09,european,ES1,Noroeste,2,fo,35610.0
6561,2024-06-09,european,ES1,Noroeste,2,glg,13962.0
6562,2024-06-09,european,ES1,Noroeste,2,ie,12174.0
6563,2024-06-09,european,ES1,Noroeste,2,izqesp,19758.0
6564,2024-06-09,european,ES1,Noroeste,2,juex,1068.0
6565,2024-06-09,european,ES1,Noroeste,2,junts_ue,2514.0
6566,2024-06-09,european,ES1,Noroeste,2,pacma,58998.0
6567,2024-06-09,european,ES1,Noroeste,2,pcpepcpc,6720.0
6568,2024-06-09,european,ES1,Noroeste,2,pcte,10860.0
6569,2024-06-09,european,ES1,Noroeste,2,pfac,15084.0
6570,2024-06-09,european,ES1,Noroeste,2,ph,3306.0
6571,2024-06-09,european,ES1,Noroeste,2,piratas__rebeldes,5844.0
6572,2024-06-09,european,ES1,Noroeste,2,pmr,2250.0
6573,2024-06-09,european,ES1,Noroeste,2,podemos,273090.0
6574,2024-06-09,european,ES1,Noroeste,2,pp,4555302.0
6575,2024-06-09,european,ES1,Noroeste,2,prepal,1836.0
6576,2024-06-09,european,ES1,Noroeste,2,psoe,3200946.0
6577,2024-06-09,european,ES1,Noroeste,2,recortes_cero,4092.0
6578,2024-06-09,european,ES1,Noroeste,2,sae,6138.0
6579,2024-06-09,european,ES1,Noroeste,2,sumar,342456.0
6580,2024-06-09,european,ES1,Noroeste,2,volt,9504.0
6581,2024-06-09,european,ES1,Noroeste,2,vox,706704.0
6582,2024-06-09,european,ES2,Noreste,0,eligible_voters,28876448.0
6583,2024-06-09,european,ES2,Noreste,1,issued_ballots,14340064.0
6584,2024-06-09,european,ES2,Noreste,2,agrupacion_de_electores_se_acabo_la_fiesta,434056.0
6585,2024-06-09,european,ES2,Noreste,2,ahora_republicas_erceh_bildubngara_mes,2243864.0
6586,2024-06-09,european,ES2,Noreste,2,andalucistas,2408.0
6587,2024-06-09,european,ES2,Noreste,2,ceus,1637776.0
6588,2024-06-09,european,ES2,Noreste,2,cree_en_europa,6352.0
6589,2024-06-09,european,ES2,Noreste,2,crt,4872.0
6590,2024-06-09,european,ES2,Noreste,2,cs,64128.0
6591,2024-06-09,european,ES2,Noreste,2,escanos_en_blanco,26680.0
6592,2024-06-09,european,ES2,Noreste,2,existe,134696.0
6593,2024-06-09,european,ES2,Noreste,2,extremenos,1424.0
6594,2024-06-09,european,ES2,Noreste,2,f,3856.0
6595,2024-06-09,european,ES2,Noreste,2,fe_de_las_jons,5736.0
6596,2024-06-09,european,ES2,Noreste,2,fo,58672.0
6597,2024-06-09,european,ES2,Noreste,2,glg,2216.0
6598,2024-06-09,european,ES2,Noreste,2,ie,29360.0
6599,2024-06-09,european,ES2,Noreste,2,izqesp,24712.0
6600,2024-06-09,european,ES2,Noreste,2,juex,1752.0
6601,2024-06-09,european,ES2,Noreste,2,junts_ue,6424.0
6602,2024-06-09,european,ES2,Noreste,2,pacma,78528.0
6603,2024-06-09,european,ES2,Noreste,2,pcpepcpc,7456.0
6604,2024-06-09,european,ES2,Noreste,2,pcte,11872.0
6605,2024-06-09,european,ES2,Noreste,2,pfac,27504.0
6606,2024-06-09,european,ES2,Noreste,2,ph,4968.0
6607,2024-06-09,european,ES2,Noreste,2,piratas__rebeldes,9352.0
6608,2024-06-09,european,ES2,Noreste,2,pmr,3120.0
6609,2024-06-09,european,ES2,Noreste,2,podemos,443608.0
6610,2024-06-09,european,ES2,Noreste,2,pp,3391984.0
6611,2024-06-09,european,ES2,Noreste,2,prepal,2504.0
6612,2024-06-09,european,ES2,Noreste,2,psoe,4014664.0
6613,2024-06-09,european,ES2,Noreste,2,recortes_cero,7296.0
6614,2024-06-09,european,ES2,Noreste,2,sae,7760.0
6615,2024-06-09,european,ES2,Noreste,2,sumar,556784.0
6616,2024-06-09,european,ES2,Noreste,2,volt,10576.0
6617,2024-06-09,european,ES2,Noreste,2,vox,896976.0
6618,2024-06-09,european,ES3,Comunidad de Madrid,0,eligible_voters,5367223.0
6619,2024-06-09,european,ES3,Comunidad de Madrid,1,issued_ballots,2819853.0
6620,2024-06-09,european,ES3,Comunidad de Madrid,2,agrupacion_de_electores_se_acabo_la_fiesta,141801.0
6621,2024-06-09,european,ES3,Comunidad de Madrid,2,ahora_republicas_erceh_bildubngara_mes,7563.0
6622,2024-06-09,european,ES3,Comunidad de Madrid,2,andalucistas,798.0
6623,2024-06-09,european,ES3,Comunidad de Madrid,2,ceus,1553.0
6624,2024-06-09,european,ES3,Comunidad de Madrid,2,cree_en_europa,2357.0
6625,2024-06-09,european,ES3,Comunidad de Madrid,2,crt,861.0
6626,2024-06-09,european,ES3,Comunidad de Madrid,2,cs,31086.0
6627,2024-06-09,european,ES3,Comunidad de Madrid,2,escanos_en_blanco,3058.0
6628,2024-06-09,european,ES3,Comunidad de Madrid,2,existe,4171.0
6629,2024-06-09,european,ES3,Comunidad de Madrid,2,extremenos,703.0
6630,2024-06-09,european,ES3,Comunidad de Madrid,2,f,1048.0
6631,2024-06-09,european,ES3,Comunidad de Madrid,2,fe_de_las_jons,2280.0
6632,2024-06-09,european,ES3,Comunidad de Madrid,2,fo,13588.0
6633,2024-06-09,european,ES3,Comunidad de Madrid,2,glg,699.0
6634,2024-06-09,european,ES3,Comunidad de Madrid,2,ie,3505.0
6635,2024-06-09,european,ES3,Comunidad de Madrid,2,izqesp,8447.0
6636,2024-06-09,european,ES3,Comunidad de Madrid,2,juex,1117.0
6637,2024-06-09,european,ES3,Comunidad de Madrid,2,junts_ue,1176.0
6638,2024-06-09,european,ES3,Comunidad de Madrid,2,pacma,20285.0
6639,2024-06-09,european,ES3,Comunidad de Madrid,2,pcpepcpc,988.0
6640,2024-06-09,european,ES3,Comunidad de Madrid,2,pcte,2421.0
6641,2024-06-09,european,ES3,Comunidad de Madrid,2,pfac,4809.0
6642,2024-06-09,european,ES3,Comunidad de Madrid,2,ph,1343.0
6643,2024-06-09,european,ES3,Comunidad de Madrid,2,piratas__rebeldes,1767.0
6644,2024-06-09,european,ES3,Comunidad de Madrid,2,pmr,494.0
6645,2024-06-09,european,ES3,Comunidad de Madrid,2,podemos,125786.0
6646,2024-06-09,european,ES3,Comunidad de Madrid,2,pp,1142691.0
6647,2024-06-09,european,ES3,Comunidad de Madrid,2,prepal,997.0
6648,2024-06-09,european,ES3,Comunidad de Madrid,2,psoe,789993.0
6649,2024-06-09,european,ES3,Comunidad de Madrid,2,recortes_cero,906.0
6650,2024-06-09,european,ES3,Comunidad de Madrid,2,sae,800.0
6651,2024-06-09,european,ES3,Comunidad de Madrid,2,sumar,163250.0
6652,2024-06-09,european,ES3,Comunidad de Madrid,2,volt,3474.0
6653,2024-06-09,european,ES3,Comunidad de Madrid,2,vox,300803.0
6654,2024-06-09,european,ES4,Centro (ES),0,eligible_voters,73414352.0
6655,2024-06-09,european,ES4,Centro (ES),1,issued_ballots,36858304.0
6656,2024-06-09,european,ES4,Centro (ES),2,agrupacion_de_electores_se_acabo_la_fiesta,1549984.0
6657,2024-06-09,european,ES4,Centro (ES),2,ahora_republicas_erceh_bildubngara_mes,56768.0
6658,2024-06-09,european,ES4,Centro (ES),2,andalucistas,5568.0
6659,2024-06-09,european,ES4,Centro (ES),2,ceus,11408.0
6660,2024-06-09,european,ES4,Centro (ES),2,cree_en_europa,18288.0
6661,2024-06-09,european,ES4,Centro (ES),2,crt,7584.0
6662,2024-06-09,european,ES4,Centro (ES),2,cs,252848.0
6663,2024-06-09,european,ES4,Centro (ES),2,escanos_en_blanco,29296.0
6664,2024-06-09,european,ES4,Centro (ES),2,existe,133088.0
6665,2024-06-09,european,ES4,Centro (ES),2,extremenos,25024.0
6666,2024-06-09,european,ES4,Centro (ES),2,f,13888.0
6667,2024-06-09,european,ES4,Centro (ES),2,fe_de_las_jons,27664.0
6668,2024-06-09,european,ES4,Centro (ES),2,fo,130976.0
6669,2024-06-09,european,ES4,Centro (ES),2,glg,6544.0
6670,2024-06-09,european,ES4,Centro (ES),2,ie,34720.0
6671,2024-06-09,european,ES4,Centro (ES),2,izqesp,71136.0
6672,2024-06-09,european,ES4,Centro (ES),2,juex,35360.0
6673,2024-06-09,european,ES4,Centro (ES),2,junts_ue,11024.0
6674,2024-06-09,european,ES4,Centro (ES),2,pacma,177936.0
6675,2024-06-09,european,ES4,Centro (ES),2,pcpepcpc,18560.0
6676,2024-06-09,european,ES4,Centro (ES),2,pcte,31472.0
6677,2024-06-09,european,ES4,Centro (ES),2,pfac,44608.0
6678,2024-06-09,european,ES4,Centro (ES),2,ph,11248.0
6679,2024-06-09,european,ES4,Centro (ES),2,piratas__rebeldes,17664.0
6680,2024-06-09,european,ES4,Centro (ES),2,pmr,7664.0
6681,2024-06-09,european,ES4,Centro (ES),2,podemos,836816.0
6682,2024-06-09,european,ES4,Centro (ES),2,pp,15637008.0
6683,2024-06-09,european,ES4,Centro (ES),2,prepal,52448.0
6684,2024-06-09,european,ES4,Centro (ES),2,psoe,11676960.0
6685,2024-06-09,european,ES4,Centro (ES),2,recortes_cero,10880.0
6686,2024-06-09,european,ES4,Centro (ES),2,sae,34560.0
6687,2024-06-09,european,ES4,Centro (ES),2,sumar,1053680.0
6688,2024-06-09,european,ES4,Centro (ES),2,volt,42672.0
6689,2024-06-09,european,ES4,Centro (ES),2,vox,4120560.0
6690,2024-06-09,european,ES5,Este,0,eligible_voters,115228487.0
6691,2024-06-09,european,ES5,Este,1,issued_ballots,51914819.0
6692,2024-06-09,european,ES5,Este,2,agrupacion_de_electores_se_acabo_la_fiesta,2180739.0
6693,2024-06-09,european,ES5,Este,2,ahora_republicas_erceh_bildubngara_mes,4184994.0
6694,2024-06-09,european,ES5,Este,2,andalucistas,18293.0
6695,2024-06-09,european,ES5,Este,2,ceus,67529.0
6696,2024-06-09,european,ES5,Este,2,cree_en_europa,23188.0
6697,2024-06-09,european,ES5,Este,2,crt,19393.0
6698,2024-06-09,european,ES5,Este,2,cs,332717.0
6699,2024-06-09,european,ES5,Este,2,escanos_en_blanco,61094.0
6700,2024-06-09,european,ES5,Este,2,existe,55715.0
6701,2024-06-09,european,ES5,Este,2,extremenos,5621.0
6702,2024-06-09,european,ES5,Este,2,f,14608.0
6703,2024-06-09,european,ES5,Este,2,fe_de_las_jons,23100.0
6704,2024-06-09,european,ES5,Este,2,fo,197703.0
6705,2024-06-09,european,ES5,Este,2,glg,14300.0
6706,2024-06-09,european,ES5,Este,2,ie,101695.0
6707,2024-06-09,european,ES5,Este,2,izqesp,65340.0
6708,2024-06-09,european,ES5,Este,2,juex,14146.0
6709,2024-06-09,european,ES5,Este,2,junts_ue,4813127.0
6710,2024-06-09,european,ES5,Este,2,pacma,550407.0
6711,2024-06-09,european,ES5,Este,2,pcpepcpc,45188.0
6712,2024-06-09,european,ES5,Este,2,pcte,44847.0
6713,2024-06-09,european,ES5,Este,2,pfac,112475.0
6714,2024-06-09,european,ES5,Este,2,ph,18425.0
6715,2024-06-09,european,ES5,Este,2,piratas__rebeldes,82841.0
6716,2024-06-09,european,ES5,Este,2,pmr,41019.0
6717,2024-06-09,european,ES5,Este,2,podemos,1984224.0
6718,2024-06-09,european,ES5,Este,2,pp,12674915.0
6719,2024-06-09,european,ES5,Este,2,prepal,10483.0
6720,2024-06-09,european,ES5,Este,2,psoe,15922720.0
6721,2024-06-09,european,ES5,Este,2,recortes_cero,27027.0
6722,2024-06-09,european,ES5,Este,2,sae,21692.0
6723,2024-06-09,european,ES5,Este,2,sumar,2951773.0
6724,2024-06-09,european,ES5,Este,2,volt,66066.0
6725,2024-06-09,european,ES5,Este,2,vox,4525829.0
6726,2024-06-09,european,ES6,Sur,0,eligible_voters,87914915.0
6727,2024-06-09,european,ES6,Sur,1,issued_ballots,38569674.0
6728,2024-06-09,european,ES6,Sur,2,agrupacion_de_electores_se_acabo_la_fiesta,2396416.0
6729,2024-06-09,european,ES6,Sur,2,ahora_republicas_erceh_bildubngara_mes,38302.0
6730,2024-06-09,european,ES6,Sur,2,andalucistas,214643.0
6731,2024-06-09,european,ES6,Sur,2,ceus,10307.0
6732,2024-06-09,european,ES6,Sur,2,cree_en_europa,20416.0
6733,2024-06-09,european,ES6,Sur,2,crt,9042.0
6734,2024-06-09,european,ES6,Sur,2,cs,285626.0
6735,2024-06-09,european,ES6,Sur,2,escanos_en_blanco,38335.0
6736,2024-06-09,european,ES6,Sur,2,existe,48455.0
6737,2024-06-09,european,ES6,Sur,2,extremenos,3828.0
6738,2024-06-09,european,ES6,Sur,2,f,13827.0
6739,2024-06-09,european,ES6,Sur,2,fe_de_las_jons,20306.0
6740,2024-06-09,european,ES6,Sur,2,fo,120065.0
6741,2024-06-09,european,ES6,Sur,2,glg,5533.0
6742,2024-06-09,european,ES6,Sur,2,ie,52239.0
6743,2024-06-09,european,ES6,Sur,2,izqesp,72512.0
6744,2024-06-09,european,ES6,Sur,2,juex,5390.0
6745,2024-06-09,european,ES6,Sur,2,junts_ue,12738.0
6746,2024-06-09,european,ES6,Sur,2,pacma,296384.0
6747,2024-06-09,european,ES6,Sur,2,pcpepcpc,25905.0
6748,2024-06-09,european,ES6,Sur,2,pcte,34243.0
6749,2024-06-09,european,ES6,Sur,2,pfac,47520.0
6750,2024-06-09,european,ES6,Sur,2,ph,14740.0
6751,2024-06-09,european,ES6,Sur,2,piratas__rebeldes,16951.0
6752,2024-06-09,european,ES6,Sur,2,pmr,9889.0
6753,2024-06-09,european,ES6,Sur,2,podemos,1047255.0
6754,2024-06-09,european,ES6,Sur,2,pp,14761076.0
6755,2024-06-09,european,ES6,Sur,2,prepal,4928.0
6756,2024-06-09,european,ES6,Sur,2,psoe,11892144.0
6757,2024-06-09,european,ES6,Sur,2,recortes_cero,17226.0
6758,2024-06-09,european,ES6,Sur,2,sae,23804.0
6759,2024-06-09,european,ES6,Sur,2,sumar,1832776.0
6760,2024-06-09,european,ES6,Sur,2,volt,65285.0
6761,2024-06-09,european,ES6,Sur,2,vox,4476802.0
6762,2024-06-09,european,ES7,Canarias,0,eligible_voters,16576803.0
6763,2024-06-09,european,ES7,Canarias,1,issued_ballots,6166701.0
6764,2024-06-09,european,ES7,Canarias,2,agrupacion_de_electores_se_acabo_la_fiesta,387117.0
6765,2024-06-09,european,ES7,Canarias,2,ahora_republicas_erceh_bildubngara_mes,16110.0
6766,2024-06-09,european,ES7,Canarias,2,andalucistas,1530.0
6767,2024-06-09,european,ES7,Canarias,2,ceus,630072.0
6768,2024-06-09,european,ES7,Canarias,2,cree_en_europa,2790.0
6769,2024-06-09,european,ES7,Canarias,2,crt,1944.0
6770,2024-06-09,european,ES7,Canarias,2,cs,25515.0
6771,2024-06-09,european,ES7,Canarias,2,escanos_en_blanco,4905.0
6772,2024-06-09,european,ES7,Canarias,2,existe,3150.0
6773,2024-06-09,european,ES7,Canarias,2,extremenos,657.0
6774,2024-06-09,european,ES7,Canarias,2,f,2043.0
6775,2024-06-09,european,ES7,Canarias,2,fe_de_las_jons,2133.0
6776,2024-06-09,european,ES7,Canarias,2,fo,18972.0
6777,2024-06-09,european,ES7,Canarias,2,glg,1836.0
6778,2024-06-09,european,ES7,Canarias,2,ie,11187.0
6779,2024-06-09,european,ES7,Canarias,2,izqesp,8631.0
6780,2024-06-09,european,ES7,Canarias,2,juex,999.0
6781,2024-06-09,european,ES7,Canarias,2,junts_ue,3042.0
6782,2024-06-09,european,ES7,Canarias,2,pacma,68895.0
6783,2024-06-09,european,ES7,Canarias,2,pcpepcpc,4626.0
6784,2024-06-09,european,ES7,Canarias,2,pcte,3681.0
6785,2024-06-09,european,ES7,Canarias,2,pfac,10278.0
6786,2024-06-09,european,ES7,Canarias,2,ph,2853.0
6787,2024-06-09,european,ES7,Canarias,2,piratas__rebeldes,3582.0
6788,2024-06-09,european,ES7,Canarias,2,pmr,1575.0
6789,2024-06-09,european,ES7,Canarias,2,podemos,210285.0
6790,2024-06-09,european,ES7,Canarias,2,pp,1793043.0
6791,2024-06-09,european,ES7,Canarias,2,prepal,1449.0
6792,2024-06-09,european,ES7,Canarias,2,psoe,1866159.0
6793,2024-06-09,european,ES7,Canarias,2,recortes_cero,3735.0
6794,2024-06-09,european,ES7,Canarias,2,sae,1998.0
6795,2024-06-09,european,ES7,Canarias,2,sumar,245493.0
6796,2024-06-09,european,ES7,Canarias,2,volt,9288.0
6797,2024-06-09,european,ES7,Canarias,2,vox,734310.0
