{
"type": "FeatureCollection",
"name": "spain_nuts_2",
"crs": { "type": "name", "properties": { "name": "urn:ogc:def:crs:OGC:1.3:CRS84" } },
"features": [
{ "type": "Feature", "properties": { "index": 1466, "nuts_2_code": "ES52", "nuts_2_name": "Comunitat Valenciana " }, "geometry": { "type": "MultiPolygon", "coordinates": [ [ [ [ 0.691009784377243, 39.901093847234058 ], [ 0.689202336035024, 39.897628019056143 ], [ 0.683287050551399, 39.898420208353954 ], [ 0.686244693293212, 39.90178701286964 ], [ 0.691009784377243, 39.901093847234058 ] ] ], [ [ [ 0.170464661818372, 40.732892609933636 ], [ 0.182788173242592, 40.728337521471239 ], [ 0.191168161011056, 40.730218971053532 ], [ 0.19856226786559, 40.724772669631093 ], [ 0.217458318716048, 40.730417018377985 ], [ 0.224523798599265, 40.732496515284737 ], [ 0.226166933455829, 40.723683409346606 ], [ 0.227481441341077, 40.716058587355192 ], [ 0.239640639279635, 40.701502109007954 ], [ 0.254264539503041, 40.704076724225828 ], [ 0.262315900300194, 40.705463055496999 ], [ 0.290577819833061, 40.68823293826965 ], [ 0.290742133318716, 40.683083707833887 ], [ 0.285484101777719, 40.677637406411449 ], [ 0.268395499269474, 40.659813147210748 ], [ 0.266752364412916, 40.644761550552374 ], [ 0.271188828525631, 40.638622083494354 ], [ 0.284005280406816, 40.626937291351666 ], [ 0.291563700746998, 40.623768534160433 ], [ 0.295342910917093, 40.624461699796015 ], [ 0.297807613201932, 40.624956818107144 ], [ 0.303722898685557, 40.621391966267005 ], [ 0.31111700554009, 40.616935901466825 ], [ 0.329848742904893, 40.611093505395488 ], [ 0.337242849759427, 40.609014008488735 ], [ 0.354660079238982, 40.607429629893119 ], [ 0.392452180939912, 40.604161849039656 ], [ 0.402968244021906, 40.601191139172869 ], [ 0.404282751907161, 40.598319452968312 ], [ 0.406418827220691, 40.594061435492591 ], [ 0.417592144245312, 40.587822944772341 ], [ 0.420221160015814, 40.585446376878913 ], [ 0.424328997157218, 40.583861998283297 ], [ 0.433201925382654, 40.580792264754287 ], [ 0.441417599665463, 40.57792057854973 ], [ 0.438295643437996, 40.572276229802839 ], [ 0.434187806296585, 40.564849455135878 ], [ 0.437967016466679, 40.54702519593517 ], [ 0.476909312567201, 40.532468717587932 ], [ 0.515194354725097, 40.522962446014219 ], [ 0.504678291643103, 40.503157713568996 ], [ 0.484632046393045, 40.476124253781258 ], [ 0.465900309028235, 40.459092183878361 ], [ 0.453412484118367, 40.442654255948824 ], [ 0.449797587433928, 40.439188427770908 ], [ 0.445854063778178, 40.435623575930762 ], [ 0.443553674978993, 40.431266534792812 ], [ 0.435995254638804, 40.417304198418925 ], [ 0.422685862300654, 40.40472819331621 ], [ 0.417263517274002, 40.399578962880447 ], [ 0.405432946306753, 40.370168935199288 ], [ 0.404282751907161, 40.36343532616791 ], [ 0.404282751907161, 40.362643136870098 ], [ 0.407240394648973, 40.357394882772113 ], [ 0.401653736136659, 40.357097811785437 ], [ 0.400010601280094, 40.356998788123207 ], [ 0.393273748368195, 40.351750534025221 ], [ 0.386701208941943, 40.341452073153704 ], [ 0.385879641513661, 40.340164765544763 ], [ 0.382429058314884, 40.337590150326889 ], [ 0.367147904148858, 40.326004381846424 ], [ 0.354495765753327, 40.312042045472545 ], [ 0.354495765753327, 40.311744974485862 ], [ 0.349073420726675, 40.298178732760881 ], [ 0.337242849759427, 40.292831455000673 ], [ 0.33198481821843, 40.28213689948025 ], [ 0.322290322564712, 40.274314030164383 ], [ 0.311445632511401, 40.268372610430816 ], [ 0.304051525656874, 40.260153646466044 ], [ 0.2941927165175, 40.256291723639222 ], [ 0.291563700746998, 40.255202463354735 ], [ 0.278418621894502, 40.243220600225371 ], [ 0.272667649896533, 40.229555334838167 ], [ 0.264451975613724, 40.209849626055167 ], [ 0.25574336087395, 40.203314064348241 ], [ 0.248513567505071, 40.201630662090395 ], [ 0.230110457111579, 40.19757069193912 ], [ 0.201191283636085, 40.180736669360677 ], [ 0.185910129470059, 40.164793859742268 ], [ 0.160934479650315, 40.123897087242874 ], [ 0.151732924453569, 40.10409235479765 ], [ 0.147460773826509, 40.094586083223938 ], [ 0.147296460340847, 40.090030994761534 ], [ 0.147132146855192, 40.083396409392385 ], [ 0.141874115314195, 40.082109101783445 ], [ 0.136287456801881, 40.080623746850051 ], [ 0.129221976918664, 40.071513569925244 ], [ 0.123963945377668, 40.06458191356942 ], [ 0.105560834984175, 40.056759044253553 ], [ 0.090115367332487, 40.055768807631289 ], [ 0.08847223247593, 40.055768807631289 ], [ 0.082228320020988, 40.055669783969066 ], [ 0.051830325174592, 40.037350406457229 ], [ 0.039178186779068, 40.015367153443023 ], [ 0.036713484494221, 40.009920852020585 ], [ 0.020775076385569, 39.975856712214792 ], [ 0.011737834674477, 39.967637748250027 ], [ 0.00861587844701, 39.96466703838324 ], [ 0.00615117616217, 39.955754908782886 ], [ 0.002536279477731, 39.942881832693487 ], [ -0.005515081319423, 39.91723470417692 ], [ -0.009951545432138, 39.91099621345667 ], [ -0.068775773297062, 39.865148257845973 ], [ -0.073212237409784, 39.863068760939221 ], [ -0.079291836379063, 39.860098051072434 ], [ -0.096216125401646, 39.841580626236151 ], [ -0.123327850534928, 39.808902817701522 ], [ -0.152082710524759, 39.770184565771103 ], [ -0.157505055551418, 39.763946075050853 ], [ -0.158983876922321, 39.761470483495202 ], [ -0.163748968006352, 39.755430040099405 ], [ -0.16539210286291, 39.754043708828242 ], [ -0.166377983776847, 39.752360306570395 ], [ -0.169828566975632, 39.748894478392479 ], [ -0.172128955774816, 39.746022792187922 ], [ -0.188395990854779, 39.721960042266971 ], [ -0.191846574053564, 39.713741078302199 ], [ -0.194475589824059, 39.708492824204214 ], [ -0.196611665137596, 39.702848475457323 ], [ -0.20137675622162, 39.685321287243298 ], [ -0.20137675622162, 39.685123239918845 ], [ -0.20351283153515, 39.671755045518317 ], [ -0.210578311418374, 39.65521809392655 ], [ -0.216164969930681, 39.654029809979839 ], [ -0.216657910387653, 39.653831762655386 ], [ -0.216986537358963, 39.653138597019804 ], [ -0.220601434043402, 39.646206940663973 ], [ -0.231117497125396, 39.639671378957047 ], [ -0.239004544436895, 39.634720195845745 ], [ -0.258886476201297, 39.614915463400514 ], [ -0.267923717912389, 39.598279488146524 ], [ -0.269238225797636, 39.594813659968608 ], [ -0.280411542822257, 39.566195821585254 ], [ -0.286326828305882, 39.559957330865004 ], [ -0.289448784533349, 39.556689550011541 ], [ -0.295528383502628, 39.549460822669033 ], [ -0.299307593672722, 39.545103781531083 ], [ -0.301443668986252, 39.542628189975431 ], [ -0.308016208412504, 39.534904344321795 ], [ -0.310645224182998, 39.530448279521615 ], [ -0.312288359039563, 39.527873664303733 ], [ -0.313931493896128, 39.525001978099176 ], [ -0.318039331037532, 39.517476179769993 ], [ -0.31902521195147, 39.514505469903206 ], [ -0.320996973779344, 39.50796990819628 ], [ -0.322640108635902, 39.497176329013634 ], [ -0.323461676064184, 39.484600323910911 ], [ -0.322475795150247, 39.472024318808195 ], [ -0.321654227721965, 39.46063659765219 ], [ -0.325269124406404, 39.46053757398996 ], [ -0.330362842461746, 39.460339526665507 ], [ -0.326419318805996, 39.454893225243069 ], [ -0.325926378349031, 39.454101035945264 ], [ -0.325597751377714, 39.447268403251655 ], [ -0.328884021090836, 39.444792811696004 ], [ -0.332498917775276, 39.441921125491447 ], [ -0.334963620060122, 39.435583611108974 ], [ -0.332827544746586, 39.430236333348759 ], [ -0.333977739146185, 39.425186126575227 ], [ -0.326583632291651, 39.392706365365058 ], [ -0.303579744299782, 39.332202907744886 ], [ -0.274167630367323, 39.278928177467222 ], [ -0.244591202949202, 39.225455399865105 ], [ -0.233746512895898, 39.209512590246696 ], [ -0.231446124096706, 39.206145785731003 ], [ -0.217808104787245, 39.185944958636874 ], [ -0.22010849358643, 39.181389870174471 ], [ -0.231446124096706, 39.179310373267725 ], [ -0.236046901695083, 39.178419160307683 ], [ -0.24097630626477, 39.165447060556062 ], [ -0.237690036551648, 39.143760878528539 ], [ -0.237197096094675, 39.140196026688393 ], [ -0.227173973469647, 39.117420584376383 ], [ -0.22191594192865, 39.105735792233702 ], [ -0.199404994393745, 39.058501505351828 ], [ -0.181166197485908, 39.030774879928515 ], [ -0.160134071321913, 39.005028727749718 ], [ -0.152904277953041, 38.996116598149364 ], [ -0.151096829610822, 38.992452722646995 ], [ -0.146824678983762, 38.983441569384418 ], [ -0.135979988930451, 38.970964587943925 ], [ -0.134172540588231, 38.969677280334984 ], [ -0.132858032702984, 38.968191925401591 ], [ -0.127600001161987, 38.962745623979153 ], [ -0.121684715678363, 38.956804204245586 ], [ -0.120205894307453, 38.955714943961098 ], [ -0.118891386422206, 38.954031541703252 ], [ -0.107718069397585, 38.943535033507281 ], [ -0.068940086782717, 38.909569917363719 ], [ -0.037556211022384, 38.886398380402795 ], [ -0.029669163710885, 38.880258913344775 ], [ -0.015045263487487, 38.872138973042233 ], [ 0.014038223473662, 38.864118056401914 ], [ 0.021103703356886, 38.864910245699726 ], [ 0.036056230551594, 38.859959062588416 ], [ 0.043286023920473, 38.860256133575099 ], [ 0.04640798014794, 38.86144441752181 ], [ 0.050515817289345, 38.863226843441879 ], [ 0.054130713973777, 38.863226843441879 ], [ 0.078284796365246, 38.85659225807273 ], [ 0.093401637045616, 38.854512761165985 ], [ 0.098823982072268, 38.850848885663616 ], [ 0.10211025178539, 38.848571341432411 ], [ 0.106546715898112, 38.8473830574857 ], [ 0.108518477725987, 38.846788915512342 ], [ 0.109011418182952, 38.846293797201213 ], [ 0.116241211551824, 38.837975809574218 ], [ 0.122813750978075, 38.834311934071849 ], [ 0.129386290404327, 38.832430484489549 ], [ 0.133987068002696, 38.834609005058525 ], [ 0.137109024230163, 38.833915839422943 ], [ 0.147296460340847, 38.831440247867292 ], [ 0.150911357025286, 38.828271490676052 ], [ 0.154526253709726, 38.82757832504047 ], [ 0.158469777365475, 38.823617378551425 ], [ 0.161263106621625, 38.820844716009091 ], [ 0.166849765133939, 38.817774982480081 ], [ 0.171614856217971, 38.815398414586653 ], [ 0.194783057695496, 38.803713622443972 ], [ 0.187881891297934, 38.79866341567044 ], [ 0.184595621584812, 38.796088800452559 ], [ 0.185745815984404, 38.783710842674289 ], [ 0.205792061234462, 38.763410991917929 ], [ 0.215486556888173, 38.761826613322313 ], [ 0.22189478282877, 38.760836376700055 ], [ 0.225016739056237, 38.748557442584008 ], [ 0.232082218939453, 38.739150194672526 ], [ 0.228631635740669, 38.73271365662783 ], [ 0.217129691744738, 38.729742946761043 ], [ 0.208585390490619, 38.730436112396625 ], [ 0.20283441849265, 38.73093123070776 ], [ 0.179501903529463, 38.716770847009421 ], [ 0.167671332562222, 38.710136261640272 ], [ 0.159455658279413, 38.699243658795396 ], [ 0.157812523422848, 38.697956351186455 ], [ 0.155840761594973, 38.698055374848678 ], [ 0.155019194166691, 38.692212978777334 ], [ 0.154197626738409, 38.686370582705997 ], [ 0.153047432338816, 38.684786204110374 ], [ 0.149925476111349, 38.68042916297243 ], [ 0.147132146855192, 38.684786204110374 ], [ 0.146803519883882, 38.68528132242151 ], [ 0.1459819524556, 38.68646960636822 ], [ 0.135301575887944, 38.687063748341579 ], [ 0.12659296114817, 38.684786204110374 ], [ 0.123799631892012, 38.684093038474792 ], [ 0.116076898066169, 38.675676027185574 ], [ 0.115091017152231, 38.674685790563309 ], [ 0.113119255324357, 38.674685790563309 ], [ 0.108354164240332, 38.674685790563309 ], [ 0.096852220244394, 38.671318986047623 ], [ 0.085021649277145, 38.659535170242712 ], [ 0.075820094080399, 38.64517673921992 ], [ 0.075984407566054, 38.642800171326492 ], [ 0.076148721051709, 38.634977302010626 ], [ 0.065304030998405, 38.638245082864088 ], [ 0.056102475801652, 38.641116769068653 ], [ 0.038849559807751, 38.636759727930702 ], [ 0.032605647352817, 38.631907568481616 ], [ 0.027840556268785, 38.628144669317024 ], [ 0.021596643813851, 38.62982807157487 ], [ 0.010259013303575, 38.63279878144165 ], [ 0.005822549190853, 38.629431976925964 ], [ -0.002886065548921, 38.630719284534905 ], [ -0.015373890458797, 38.62665931438363 ], [ -0.029340536739575, 38.617945232107729 ], [ -0.055466380958912, 38.591208843306674 ], [ -0.064010682213031, 38.577048459608335 ], [ -0.062860487813438, 38.571404110861444 ], [ -0.055959321415877, 38.56684902239904 ], [ -0.050044035932252, 38.562888075909996 ], [ -0.057438142786786, 38.558729082096498 ], [ -0.060395785528598, 38.556946656176429 ], [ -0.062860487813438, 38.553876922647419 ], [ -0.068282832840097, 38.54724233727827 ], [ -0.074855372266342, 38.539419467962404 ], [ -0.097202006315584, 38.524664942290705 ], [ -0.106403561512337, 38.527239557508587 ], [ -0.109032577282832, 38.530309291037597 ], [ -0.111661593053334, 38.533478048228837 ], [ -0.141895274414075, 38.536448758095617 ], [ -0.154383099323944, 38.533478048228837 ], [ -0.161284265721505, 38.526150297224099 ], [ -0.163748968006352, 38.523377634681765 ], [ -0.165720729834227, 38.523179587357319 ], [ -0.167692491662102, 38.523080563695089 ], [ -0.170157193946942, 38.520406924814985 ], [ -0.174265031088346, 38.516049883677034 ], [ -0.18165913794288, 38.515455741703676 ], [ -0.198747740451125, 38.513970386770282 ], [ -0.22043712055774, 38.508623109010074 ], [ -0.233253572438926, 38.501889499978695 ], [ -0.238182977008613, 38.499314884760814 ], [ -0.258722162715642, 38.495254914609546 ], [ -0.268416658369354, 38.493274441365024 ], [ -0.301443668986252, 38.481886720209019 ], [ -0.325104810920749, 38.467033170875098 ], [ -0.344000861771214, 38.45534837873241 ], [ -0.344493802228179, 38.455051307745734 ], [ -0.373905916160638, 38.442574326305241 ], [ -0.381300023015172, 38.436038764598315 ], [ -0.388694129869698, 38.427819800633543 ], [ -0.389680010783636, 38.424155925131174 ], [ -0.391816086097165, 38.415540866517503 ], [ -0.396745490666852, 38.412966251299622 ], [ -0.401674895236539, 38.410391636081741 ], [ -0.408411748148445, 38.382070868685069 ], [ -0.408904688605411, 38.359988592008634 ], [ -0.408083121177128, 38.358503237075247 ], [ -0.404303911007041, 38.352759864666126 ], [ -0.42944387431244, 38.353354006639485 ], [ -0.431415636140315, 38.35553252720846 ], [ -0.433223084482535, 38.35731495312853 ], [ -0.436016413738685, 38.360186639333087 ], [ -0.445546595906748, 38.362068088915386 ], [ -0.484817518978581, 38.341570190834574 ], [ -0.485639086406863, 38.339787764914504 ], [ -0.487939475206048, 38.334341463492066 ], [ -0.492868879775735, 38.33582681842546 ], [ -0.495990836003202, 38.336718031385494 ], [ -0.504535137257328, 38.333351226869802 ], [ -0.516365708224569, 38.310773831882244 ], [ -0.519651977937698, 38.297009542832811 ], [ -0.519323350966381, 38.274828242494159 ], [ -0.516530021710231, 38.258984456537974 ], [ -0.51028610925529, 38.224227151096599 ], [ -0.50782140697045, 38.209472625424901 ], [ -0.510450422740952, 38.201649756109035 ], [ -0.517680216109824, 38.19461907609098 ], [ -0.537069207417254, 38.188677656357413 ], [ -0.546106449128345, 38.189469845655225 ], [ -0.56286642466528, 38.191054224250841 ], [ -0.594907554368241, 38.187786443397378 ], [ -0.612324783847797, 38.175309461956886 ], [ -0.617911442360111, 38.166793427005437 ], [ -0.619554577216668, 38.164218811787556 ], [ -0.625962803157265, 38.154514492889398 ], [ -0.630563580755634, 38.148573073155823 ], [ -0.634178477440074, 38.142433606097804 ], [ -0.636971806696231, 38.135898044390878 ], [ -0.638450628067133, 38.128372246061694 ], [ -0.650116885548726, 38.055787901649936 ], [ -0.649952572063071, 38.029447607497779 ], [ -0.652088647376601, 38.011821395621524 ], [ -0.650281199034382, 38.007365330821351 ], [ -0.647816496749542, 38.001919029398913 ], [ -0.651102766462664, 37.998948319532126 ], [ -0.652910214804884, 37.997165893612056 ], [ -0.654389036175786, 37.991323497540719 ], [ -0.655703544061033, 37.985679148793828 ], [ -0.666219607143034, 37.976866042855697 ], [ -0.678543118567248, 37.973697285664464 ], [ -0.680843507366433, 37.97409338031337 ], [ -0.687251733307029, 37.975380687922311 ], [ -0.695303094104183, 37.970627552135454 ], [ -0.703025827930027, 37.956566192099338 ], [ -0.703518768386992, 37.951515985325806 ], [ -0.70483327627224, 37.941019477129835 ], [ -0.708776799927989, 37.940920453467612 ], [ -0.711077188727181, 37.940821429805382 ], [ -0.718142668610398, 37.934880010071815 ], [ -0.721921878780485, 37.921808886657963 ], [ -0.72110031135221, 37.916560632559978 ], [ -0.720278743923927, 37.912302615084258 ], [ -0.725865402436234, 37.912797733395387 ], [ -0.729973239577639, 37.913094804382062 ], [ -0.740982243116605, 37.907945573946307 ], [ -0.750183798313358, 37.89764711307479 ], [ -0.751991246655571, 37.88833888882553 ], [ -0.753963008483446, 37.87605995470949 ], [ -0.754620262426073, 37.87120779526041 ], [ -0.755770456825665, 37.869623416664787 ], [ -0.761192801852324, 37.861899571011151 ], [ -0.762178682766262, 37.84704602167723 ], [ -0.771380237963008, 37.844174335472673 ], [ -0.784361003329849, 37.845758714068289 ], [ -0.790111975327811, 37.849620636895111 ], [ -0.804407248579906, 37.859126908468816 ], [ -0.822153105030772, 37.862691760308962 ], [ -0.828397017485713, 37.863979067917903 ], [ -0.841377782852554, 37.872198031882668 ], [ -0.847457381821833, 37.877545309642883 ], [ -0.85123659199192, 37.881704303456381 ], [ -0.854194234733733, 37.884278918674255 ], [ -0.857151877475545, 37.885170131634297 ], [ -0.900037697231816, 37.923096194266904 ], [ -0.921069823395811, 37.944188234321075 ], [ -0.922220017795404, 37.946465778552273 ], [ -0.934379215733962, 37.968845126215385 ], [ -0.934379215733962, 37.969043173539838 ], [ -0.935036469676589, 37.969934386499872 ], [ -0.957711730697149, 37.997165893612056 ], [ -0.959026238582396, 37.999047343194356 ], [ -0.961983881324208, 38.0048897392657 ], [ -0.965927404979958, 38.012712608581559 ], [ -0.988931292971827, 38.04004313935598 ], [ -0.998625788625539, 38.051430860511985 ], [ -1.010292046107132, 38.059550800814527 ], [ -1.022615557531346, 38.076582870717424 ], [ -1.030173977871534, 38.09797198175827 ], [ -1.030502604842845, 38.111538223483251 ], [ -1.030502604842845, 38.115796240958971 ], [ -1.031652799242437, 38.119757187448023 ], [ -1.033624561070312, 38.126886891128301 ], [ -1.036746517297779, 38.137680470310954 ], [ -1.028037902558005, 38.146691623573531 ], [ -1.00881322473623, 38.16689245066766 ], [ -1.00486970108048, 38.172140704765646 ], [ -0.98860266600051, 38.200164401175648 ], [ -0.978086602918516, 38.236902179861545 ], [ -0.968556420750453, 38.257994219915709 ], [ -0.967734853322177, 38.275224337143058 ], [ -0.970856809549645, 38.287998389570234 ], [ -0.984166201887795, 38.307109956379875 ], [ -0.988931292971827, 38.320577174442633 ], [ -1.027052021644067, 38.338005338994435 ], [ -1.058600210890056, 38.345531137323619 ], [ -1.074867245970019, 38.345927231972524 ], [ -1.084397428138082, 38.3462243029592 ], [ -1.08784801133686, 38.368108532311183 ], [ -1.087683697851205, 38.403658027050362 ], [ -1.086204876480302, 38.418511576384283 ], [ -1.085218995566365, 38.427423705984637 ], [ -1.080782531453643, 38.431681723460365 ], [ -1.085547622537675, 38.43386024402934 ], [ -1.094091923791801, 38.437920214180608 ], [ -1.082754293281518, 38.441386042358523 ], [ -1.080618217967988, 38.441980184331882 ], [ -1.058600210890056, 38.456239591692444 ], [ -1.034939068955566, 38.474558969204281 ], [ -1.013742629305909, 38.497037340529616 ], [ -1.019657914789533, 38.51030651126792 ], [ -1.025244573301848, 38.522981540032866 ], [ -1.020972422674788, 38.529616125402015 ], [ -1.016043018105101, 38.537240947393428 ], [ -1.002076371824323, 38.573681655092649 ], [ -1.011770867478042, 38.605666297991689 ], [ -1.015878704619446, 38.633491947077239 ], [ -1.02212261707438, 38.639235319486353 ], [ -1.023601438445283, 38.640621650757517 ], [ -1.026887708158412, 38.655475200091438 ], [ -1.014892823705509, 38.657257626011507 ], [ -1.010784986564104, 38.656564460375925 ], [ -1.008977538221885, 38.658247862633772 ], [ -0.999611669539476, 38.656564460375925 ], [ -0.991560308742322, 38.655079105442532 ], [ -0.970199555607017, 38.655772271078121 ], [ -0.962476821781173, 38.656960555024831 ], [ -0.959847806010679, 38.659040051931584 ], [ -0.939801560760621, 38.672210199007658 ], [ -0.934872156190934, 38.67607212183448 ], [ -0.932407453906087, 38.677557476767866 ], [ -0.930271378592558, 38.679537950012389 ], [ -0.925670600994188, 38.684786204110374 ], [ -0.915811791854814, 38.695975877941933 ], [ -0.919262375053592, 38.699243658795396 ], [ -0.926656481908125, 38.706472386137904 ], [ -0.929121184192965, 38.715186468413805 ], [ -0.938815679846684, 38.728158568165426 ], [ -0.945716846244245, 38.737466792414686 ], [ -0.961326627381581, 38.774798713073942 ], [ -0.949988996871305, 38.776086020682875 ], [ -0.92895687070731, 38.783809866336519 ], [ -0.92895687070731, 38.786780576203299 ], [ -0.929121184192965, 38.787077647189982 ], [ -0.933721961791342, 38.794009303545813 ], [ -0.932736080877405, 38.811239420773155 ], [ -0.931257259506495, 38.812625752044326 ], [ -0.927806676307718, 38.815695485573336 ], [ -0.924849033565906, 38.823320307564749 ], [ -0.93109294602084, 38.829756845609445 ], [ -0.932243140420432, 38.841639685076586 ], [ -0.934050588762652, 38.848472317770188 ], [ -0.934214902248307, 38.849066459743547 ], [ -0.935693723619217, 38.855899092437149 ], [ -0.933064707848715, 38.859860038926193 ], [ -0.93076431904953, 38.863622938090785 ], [ -0.931914513449122, 38.866395600633119 ], [ -0.93257176739175, 38.867880955566513 ], [ -0.931585886477812, 38.871346783744428 ], [ -0.931914513449122, 38.879664771371424 ], [ -0.928628243736, 38.883625717860468 ], [ -0.927478049336401, 38.884913025469409 ], [ -0.924520406594596, 38.891745658163011 ], [ -0.931914513449122, 38.895112462678696 ], [ -0.933557648305687, 38.896003675638731 ], [ -0.940787441674559, 38.8996675511411 ], [ -0.946538413672521, 38.908381633417001 ], [ -0.95048193732827, 38.911451366946011 ], [ -0.951796445213525, 38.916204502732867 ], [ -0.953439580070082, 38.91947228358633 ], [ -0.956397222811894, 38.920165449221912 ], [ -0.955904282354929, 38.923235182750922 ], [ -0.958533298125424, 38.928186365862231 ], [ -0.957711730697149, 38.932147312351276 ], [ -0.957547417211487, 38.933137548973534 ], [ -0.959354865553706, 38.944624293791769 ], [ -0.967899166807833, 38.943336986182828 ], [ -0.971514063492265, 38.942841867871699 ], [ -0.977265035490234, 38.942742844209469 ], [ -0.983016007488203, 38.945515506751804 ], [ -0.987781098572235, 38.947694027320779 ], [ -0.991724622227984, 38.947297932671873 ], [ -0.999283042568166, 38.949476453240848 ], [ -1.003555193195226, 38.948288169294138 ], [ -1.00700577639401, 38.946109648725162 ], [ -1.008648911250567, 38.943733080831734 ], [ -1.00914185170754, 38.943039915196152 ], [ -1.013414002334599, 38.939177992369331 ], [ -1.015878704619446, 38.938187755747073 ], [ -1.02639476770144, 38.935712164191415 ], [ -1.034117501527284, 38.934523880244704 ], [ -1.036253576840814, 38.934325832920251 ], [ -1.038882592611316, 38.935316069542509 ], [ -1.042497489295748, 38.936801424475902 ], [ -1.053835119806024, 38.934622903906927 ], [ -1.054163746777341, 38.934523880244704 ], [ -1.054985314205624, 38.934523880244704 ], [ -1.05991471877531, 38.934721927569157 ], [ -1.069937841400339, 38.933929738271345 ], [ -1.070595095342959, 38.933830714609122 ], [ -1.075688813398301, 38.932840477986858 ], [ -1.091134281049989, 38.931454146715694 ], [ -1.09803544744755, 38.929869768120078 ], [ -1.105922494759042, 38.928582460511137 ], [ -1.12317541075295, 38.929374649808942 ], [ -1.129090696236574, 38.929473673471172 ], [ -1.13829225143332, 38.927592223888873 ], [ -1.146672239201784, 38.929374649808942 ], [ -1.153573405599346, 38.941455536600536 ], [ -1.161460452910845, 38.955219825649969 ], [ -1.188407864558464, 38.980866954166537 ], [ -1.20188157038227, 38.993641006593705 ], [ -1.217819978490922, 39.014138904674518 ], [ -1.224228204431512, 39.022258844977067 ], [ -1.232772505685638, 39.027011980763916 ], [ -1.260212857790222, 39.042261624746743 ], [ -1.266785397216474, 39.051074730684867 ], [ -1.265142262359909, 39.052461061956038 ], [ -1.265799516302536, 39.054738606187236 ], [ -1.263663440989006, 39.068304847912216 ], [ -1.265635202816881, 39.075434551592501 ], [ -1.258405409448002, 39.081772065974974 ], [ -1.255776393677507, 39.084049610206172 ], [ -1.255776393677507, 39.09573440234886 ], [ -1.255612080191852, 39.106131886882608 ], [ -1.248217973337319, 39.109894786047199 ], [ -1.240495239511482, 39.113756708874014 ], [ -1.239016418140572, 39.117420584376383 ], [ -1.232279565228666, 39.133660464981475 ], [ -1.230472116886453, 39.138314577106101 ], [ -1.229321922486854, 39.142671618244052 ], [ -1.228993295515544, 39.143760878528539 ], [ -1.227021533687669, 39.151682771506628 ], [ -1.219956053804452, 39.156138836306802 ], [ -1.210425871636396, 39.162278303364829 ], [ -1.206318034494991, 39.166833391827225 ], [ -1.202867451296207, 39.170200196342918 ], [ -1.197116479298238, 39.176735758049844 ], [ -1.194323150042088, 39.185449840325745 ], [ -1.189393745472401, 39.200798507970795 ], [ -1.187914924101491, 39.202481910228641 ], [ -1.185778848787962, 39.204165312486481 ], [ -1.184792967874024, 39.205947738406557 ], [ -1.18249257907484, 39.209512590246696 ], [ -1.18068513073262, 39.21228525278903 ], [ -1.177891801476463, 39.224960281553976 ], [ -1.17641298010556, 39.230307559314184 ], [ -1.175755726162933, 39.238427499616726 ], [ -1.17641298010556, 39.243180635403583 ], [ -1.176905920562525, 39.246646463581499 ], [ -1.176577293591215, 39.258034184737504 ], [ -1.176084353134243, 39.265559983066687 ], [ -1.174112591306368, 39.28001743775171 ], [ -1.170004754164964, 39.289226638338739 ], [ -1.165239663080939, 39.299525099210257 ], [ -1.162774960796092, 39.304773353308242 ], [ -1.163925155195685, 39.308833323459517 ], [ -1.177398861019498, 39.314180601219725 ], [ -1.186600416216244, 39.314576695868631 ], [ -1.197773733240865, 39.31507181417976 ], [ -1.203360391753179, 39.32121128123778 ], [ -1.207303915408929, 39.325469298713507 ], [ -1.212233319978608, 39.321607375886686 ], [ -1.215355276206083, 39.319131784331034 ], [ -1.223242323517574, 39.316458145450923 ], [ -1.242959941796322, 39.322003470535591 ], [ -1.243124255281977, 39.322300541522267 ], [ -1.246903465452071, 39.326756606322448 ], [ -1.250518362136511, 39.32428101476679 ], [ -1.251504243050448, 39.323587849131208 ], [ -1.25906266339063, 39.326558558997995 ], [ -1.275494011956255, 39.333094120704921 ], [ -1.277958714241095, 39.33170778943375 ], [ -1.282723805325126, 39.328935126891423 ], [ -1.29110379309359, 39.33349021535382 ], [ -1.298826526919434, 39.330717552811493 ], [ -1.300305348290337, 39.336956043531735 ], [ -1.305399066345679, 39.339134564100711 ], [ -1.312628859714557, 39.342402344954174 ], [ -1.318379831712519, 39.340421871709651 ], [ -1.321994728396959, 39.339134564100711 ], [ -1.327910013880583, 39.339926753398522 ], [ -1.330867656622395, 39.340322848047428 ], [ -1.331853537536333, 39.339827729736292 ], [ -1.33349667239289, 39.338738469451805 ], [ -1.331524910565015, 39.336064830571701 ], [ -1.335468434220765, 39.334579475638307 ], [ -1.342040973647016, 39.339332611425164 ], [ -1.342533914103981, 39.339629682411847 ], [ -1.347463318673668, 39.340124800722975 ], [ -1.352885663700327, 39.340718942696334 ], [ -1.359129576155262, 39.346660362429901 ], [ -1.361922905411419, 39.349433024972228 ], [ -1.36915269878029, 39.356067610341384 ], [ -1.374575043806942, 39.355473468368025 ], [ -1.385091106888943, 39.354285184421315 ], [ -1.382297777632786, 39.35943441485707 ], [ -1.382297777632786, 39.359731485843753 ], [ -1.383612285518034, 39.366267047550672 ], [ -1.393635408143062, 39.366168023888449 ], [ -1.405958919567283, 39.365969976563996 ], [ -1.407437740938185, 39.368940686430783 ], [ -1.400536574540624, 39.37002994671527 ], [ -1.398893439684066, 39.370327017701946 ], [ -1.397085991341847, 39.37478308250212 ], [ -1.401029514997596, 39.375971366448837 ], [ -1.406123233052938, 39.373198703906503 ], [ -1.407437740938185, 39.372505538270921 ], [ -1.408916562309095, 39.37478308250212 ], [ -1.411709891565245, 39.3792391473023 ], [ -1.421404387218963, 39.381516691533498 ], [ -1.424033402989465, 39.379932312937882 ], [ -1.422554581618556, 39.372010419959793 ], [ -1.421897327675936, 39.368544591781877 ], [ -1.423704776018148, 39.364781692617285 ], [ -1.42994868847309, 39.364880716279508 ], [ -1.429455748016117, 39.367455331497389 ], [ -1.42814124013087, 39.373198703906503 ], [ -1.431920450300964, 39.376565508422196 ], [ -1.432577704243585, 39.372604561933152 ], [ -1.439314557155491, 39.371317254324211 ], [ -1.442272199897303, 39.366366071212902 ], [ -1.444572588696488, 39.36260317204831 ], [ -1.454431397835862, 39.361216840777139 ], [ -1.449501993266175, 39.367752402484065 ], [ -1.449501993266175, 39.372505538270921 ], [ -1.44966630675183, 39.376862579408872 ], [ -1.450980814637084, 39.377258674057778 ], [ -1.462482758633016, 39.380229383924558 ], [ -1.465440401374828, 39.383398141115798 ], [ -1.456896100120701, 39.385873732671449 ], [ -1.455252965264144, 39.392112223391699 ], [ -1.453774143893234, 39.398251690449719 ], [ -1.460346683319486, 39.399439974396429 ], [ -1.463632953032608, 39.395578051569615 ], [ -1.467412163202702, 39.391320034093887 ], [ -1.472177254286734, 39.391320034093887 ], [ -1.474641956571574, 39.396568288191872 ], [ -1.472834508229354, 39.398449737774172 ], [ -1.46839804411664, 39.402905802574345 ], [ -1.471355686858452, 39.406272607090038 ], [ -1.475134897028546, 39.407361867374526 ], [ -1.478256853256013, 39.405381394130004 ], [ -1.483679198282665, 39.401816542289858 ], [ -1.487951348909725, 39.404094086521063 ], [ -1.486308214053167, 39.415976925988197 ], [ -1.485486646624885, 39.421225180086182 ], [ -1.491073305137199, 39.419046659517207 ], [ -1.498467411991726, 39.41617497331265 ], [ -1.505204264903632, 39.417660328246043 ], [ -1.500274860333946, 39.425186126575227 ], [ -1.497810158049099, 39.428750978415373 ], [ -1.501589368219193, 39.429147073064271 ], [ -1.505532891874942, 39.42974121503763 ], [ -1.510790923415939, 39.434296303500034 ], [ -1.514570133586034, 39.429444144050954 ], [ -1.519499538155721, 39.431226569971024 ], [ -1.520485419069658, 39.434395327162257 ], [ -1.516541895413908, 39.437960179002403 ], [ -1.52344306181147, 39.443109409438158 ], [ -1.520978359526623, 39.446773284940527 ], [ -1.519828165127031, 39.448753758185049 ], [ -1.52163561346925, 39.449545947482861 ], [ -1.52804383940984, 39.452219586362965 ], [ -1.526236391067627, 39.456972722149821 ], [ -1.521799926954905, 39.457566864123173 ], [ -1.514077193129062, 39.458557100745438 ], [ -1.511941117815532, 39.472717484443777 ], [ -1.505368578389287, 39.478559880515121 ], [ -1.510297982958974, 39.482520827004166 ], [ -1.511612490844222, 39.483511063626423 ], [ -1.508819161588065, 39.485788607857629 ], [ -1.50619014581757, 39.487967128426604 ], [ -1.507340340217162, 39.488957365048861 ], [ -1.510462296444629, 39.49133393294229 ], [ -1.510462296444629, 39.494898784782428 ], [ -1.505532891874942, 39.493215382524589 ], [ -1.503725443532723, 39.49262124055123 ], [ -1.501260741247883, 39.495294879431334 ], [ -1.500274860333946, 39.501038251840455 ], [ -1.50290387610444, 39.504405056356141 ], [ -1.507176026731507, 39.509752334116349 ], [ -1.502739562618785, 39.514406446240983 ], [ -1.505697205360597, 39.520644936961226 ], [ -1.502410935647475, 39.533418989388402 ], [ -1.502082308676158, 39.534409226010659 ], [ -1.50224662216182, 39.534904344321795 ], [ -1.505204264903632, 39.540350645744233 ], [ -1.503561130047068, 39.546094018153347 ], [ -1.520814046040968, 39.548866680695681 ], [ -1.503561130047068, 39.552926650846949 ], [ -1.501917995190503, 39.557382715647122 ], [ -1.501425054733538, 39.55847197593161 ], [ -1.501917995190503, 39.559165141567199 ], [ -1.50438269747535, 39.563918277354048 ], [ -1.496167023192541, 39.566294845247477 ], [ -1.484172138739638, 39.568968484127588 ], [ -1.48351488479701, 39.569166531452034 ], [ -1.476778031885104, 39.569166531452034 ], [ -1.470041178973204, 39.571840170332145 ], [ -1.46198981817605, 39.576593306118994 ], [ -1.459032175434238, 39.581742536554756 ], [ -1.456238846178081, 39.585505435719348 ], [ -1.452952576464952, 39.591545879115145 ], [ -1.44966630675183, 39.600557032377722 ], [ -1.44572278309608, 39.611251587898145 ], [ -1.440957692012056, 39.619074457214012 ], [ -1.436521227899334, 39.628778776112171 ], [ -1.417953804020186, 39.654921022939874 ], [ -1.403987157739408, 39.666011673109203 ], [ -1.398564812712749, 39.668982382975983 ], [ -1.384926793403288, 39.678785725536372 ], [ -1.368495444837663, 39.689678328381248 ], [ -1.358308008726979, 39.685816405554434 ], [ -1.342698227589644, 39.681558388078706 ], [ -1.330539029651078, 39.675517944682909 ], [ -1.325773938567053, 39.673141376789481 ], [ -1.318872772169492, 39.67195309284277 ], [ -1.312793173200212, 39.670467737909377 ], [ -1.307863768630526, 39.670863832558283 ], [ -1.291925360521873, 39.672547234816129 ], [ -1.279601849097659, 39.677894512576337 ], [ -1.27204342875747, 39.686014452878879 ], [ -1.262020306132442, 39.698887528968278 ], [ -1.265306575845564, 39.704333830390716 ], [ -1.271221861329188, 39.714137172951105 ], [ -1.271221861329188, 39.730079982569514 ], [ -1.275001071499283, 39.737308709912021 ], [ -1.262020306132442, 39.75642027672167 ], [ -1.249203854251256, 39.772264062677849 ], [ -1.240166612540165, 39.778898648047004 ], [ -1.233429759628265, 39.783948854820537 ], [ -1.216176843634358, 39.808011604741488 ], [ -1.212890573921236, 39.823261248724314 ], [ -1.210754498607706, 39.833262638609156 ], [ -1.210918812093361, 39.838213821720458 ], [ -1.206810974951956, 39.846036691036325 ], [ -1.203524705238834, 39.851978110769892 ], [ -1.201060002953987, 39.856434175570072 ], [ -1.200238435525705, 39.869901393632823 ], [ -1.19760941975521, 39.873070150824063 ], [ -1.199909808554395, 39.875545742379714 ], [ -1.199909808554395, 39.881784233099964 ], [ -1.20007412204005, 39.886735416211266 ], [ -1.198759614154802, 39.896340711447202 ], [ -1.196623538841273, 39.913570828674551 ], [ -1.200402749011367, 39.921294674328195 ], [ -1.201060002953987, 39.922780029261581 ], [ -1.207961169351549, 39.928325354346249 ], [ -1.206975288437611, 39.945159376924693 ], [ -1.202045883867925, 39.949714465387096 ], [ -1.171647889021528, 39.958824642311896 ], [ -1.154394973027628, 39.963874849085435 ], [ -1.142400088574725, 39.971895765725748 ], [ -1.131391085035759, 39.970014316143455 ], [ -1.129419323207884, 39.967439700925574 ], [ -1.125475799552135, 39.962686565138718 ], [ -1.121039335439413, 39.966548487965539 ], [ -1.114302482527513, 39.972390884036884 ], [ -1.109373077957827, 39.970212363467908 ], [ -1.103622105959857, 39.974272333619176 ], [ -1.098857014875826, 39.971697718401295 ], [ -1.092941729392201, 39.968727008534515 ], [ -1.08751938436555, 39.970410410792354 ], [ -1.084890368595048, 39.974965499254758 ], [ -1.08390448768111, 39.976747925174827 ], [ -1.060407659232276, 39.980312777014973 ], [ -1.055478254662589, 39.979619611379391 ], [ -1.025737513758813, 39.975064522916988 ], [ -1.005691268508755, 39.980906918988332 ], [ -1.004541074109163, 39.981203989975008 ], [ -0.990903054799702, 39.981501060961683 ], [ -0.978250916404171, 39.976549877850381 ], [ -0.976279154576297, 39.975757688552569 ], [ -0.949496056414333, 39.966845558952215 ], [ -0.931585886477812, 39.956943192729604 ], [ -0.923863152651968, 39.962092423165359 ], [ -0.920412569453184, 39.964369967396564 ], [ -0.905788669229786, 39.94189159607123 ], [ -0.902995339973629, 39.931197040550806 ], [ -0.903652593916256, 39.927632188710668 ], [ -0.905460042258468, 39.927137070399532 ], [ -0.908581998485943, 39.92644390476395 ], [ -0.913182776084312, 39.919017130096989 ], [ -0.908253371514625, 39.89881630300286 ], [ -0.907431804086343, 39.898123137367278 ], [ -0.901023578145754, 39.892379764958157 ], [ -0.907596117572005, 39.885448108602326 ], [ -0.908581998485943, 39.882774469722222 ], [ -0.911868268199065, 39.87277307983738 ], [ -0.908910625457253, 39.867227754752719 ], [ -0.894943979176475, 39.856830270218971 ], [ -0.887549872321948, 39.852473229081028 ], [ -0.864217357358761, 39.847522045969718 ], [ -0.856330310047269, 39.852671276405474 ], [ -0.828397017485713, 39.87099065391731 ], [ -0.797670395668, 39.881091067464382 ], [ -0.797506082182345, 39.883269588033357 ], [ -0.807364891321718, 39.894162190878227 ], [ -0.816566446518465, 39.899806539625118 ], [ -0.831190346741863, 39.908817692887695 ], [ -0.839241707539017, 39.925057573492786 ], [ -0.83825582662508, 39.928028283359566 ], [ -0.836777005254177, 39.93258337182197 ], [ -0.841377782852554, 39.940604288462289 ], [ -0.845485619993958, 39.947932039467027 ], [ -0.844171112108704, 39.954071506525047 ], [ -0.840720528909927, 39.956547098080698 ], [ -0.836612691768522, 39.959517807947485 ], [ -0.838420140110742, 39.964568014721017 ], [ -0.840391901938617, 39.969222126845644 ], [ -0.835298183883275, 39.978629374757126 ], [ -0.821660164573807, 39.981600084623913 ], [ -0.815416252118872, 39.982986415895077 ], [ -0.809829593606558, 39.98625419674854 ], [ -0.802435486752032, 39.990512214224267 ], [ -0.798656276581937, 39.990512214224267 ], [ -0.789126094413874, 39.990710261548713 ], [ -0.777459836932287, 39.999325320162392 ], [ -0.767929654764224, 40.010118899345038 ], [ -0.764150444594137, 40.03071582108808 ], [ -0.762342996251917, 40.041311352946273 ], [ -0.757249278196575, 40.043489873515249 ], [ -0.753470068026481, 40.045470346759771 ], [ -0.750841052255979, 40.042697684217437 ], [ -0.747061842085891, 40.038637714066169 ], [ -0.731616374434203, 40.042004518581855 ], [ -0.716170906782523, 40.040321116324016 ], [ -0.713541891012021, 40.042697684217437 ], [ -0.705819157186177, 40.045272299435318 ], [ -0.702861514444365, 40.046361559719806 ], [ -0.692838391819336, 40.04606448873313 ], [ -0.67969331296684, 40.045668394084224 ], [ -0.66424784531516, 40.051114695506662 ], [ -0.649952572063071, 40.062997534973796 ], [ -0.645844734921667, 40.066463363151712 ], [ -0.629413386356042, 40.074583303454254 ], [ -0.624483981786355, 40.07497939810316 ], [ -0.622840846929797, 40.071612593587474 ], [ -0.621362025558888, 40.068641883720687 ], [ -0.613474978247389, 40.069632120342952 ], [ -0.618897323274048, 40.083396409392385 ], [ -0.621197712073233, 40.087753450530336 ], [ -0.621197712073233, 40.087753450530336 ], [ -0.62251221995848, 40.089238805463729 ], [ -0.62464829527201, 40.094784130548391 ], [ -0.62859181892776, 40.102111881553121 ], [ -0.627770251499484, 40.10409235479765 ], [ -0.609202827620329, 40.125679513162943 ], [ -0.594250300425614, 40.132809216843228 ], [ -0.593593046482987, 40.132809216843228 ], [ -0.585541685685833, 40.132611169518775 ], [ -0.580119340659181, 40.137265281643401 ], [ -0.579297773230898, 40.144791079972592 ], [ -0.578969146259588, 40.146474482230438 ], [ -0.578311892316961, 40.147365695190473 ], [ -0.569767591062842, 40.158456345359795 ], [ -0.572067979862027, 40.166279214675662 ], [ -0.573546801232929, 40.171032350462518 ], [ -0.572067979862027, 40.181528858658488 ], [ -0.56500249997881, 40.187569302054285 ], [ -0.563687992093563, 40.188658562338773 ], [ -0.561223289808716, 40.19459998207234 ], [ -0.560894662837406, 40.197372644614674 ], [ -0.557772706609938, 40.200838472792583 ], [ -0.558594274038221, 40.206680868863927 ], [ -0.559087214495186, 40.210146697041843 ], [ -0.557608393124283, 40.212721312259724 ], [ -0.547913897470565, 40.244309860509858 ], [ -0.542984492900878, 40.250449327567885 ], [ -0.531646862390602, 40.241537197967531 ], [ -0.527703338734852, 40.238566488100744 ], [ -0.510614736226607, 40.231832879069366 ], [ -0.503384942857735, 40.232922139353853 ], [ -0.501577494515516, 40.233219210340536 ], [ -0.497305343888449, 40.231040689771561 ], [ -0.494512014632299, 40.22965435850039 ], [ -0.489582610062612, 40.231436784420467 ], [ -0.471015186183458, 40.238467464438521 ], [ -0.463621079328931, 40.235298707247281 ], [ -0.462470884929338, 40.234803588936153 ], [ -0.451790508361682, 40.235595778233964 ], [ -0.431415636140315, 40.24381474219873 ], [ -0.388201189412733, 40.261440954074985 ], [ -0.384257665756984, 40.265104829577353 ], [ -0.383271784843046, 40.277581811017846 ], [ -0.388365502898388, 40.28332518342696 ], [ -0.399045879466037, 40.295307046556324 ], [ -0.393623534439385, 40.298376780085334 ], [ -0.390830205183228, 40.299862135018728 ], [ -0.390665891697573, 40.30174358460102 ], [ -0.390008637754946, 40.305605507427842 ], [ -0.380642769072544, 40.308477193632399 ], [ -0.377027872388112, 40.307585980672364 ], [ -0.369962392504888, 40.305902578414518 ], [ -0.365361614906519, 40.312537163783674 ], [ -0.363389853078644, 40.315507873650454 ], [ -0.359610642908549, 40.315111779001555 ], [ -0.354516924853208, 40.314418613365966 ], [ -0.349258893312211, 40.320855151410669 ], [ -0.349258893312211, 40.322934648317414 ], [ -0.348930266340894, 40.327192665793142 ], [ -0.344986742685151, 40.327093642130912 ], [ -0.342357726914649, 40.327093642130912 ], [ -0.341536159486367, 40.330559470308827 ], [ -0.339400084172837, 40.339174528922506 ], [ -0.325104810920749, 40.346997398238372 ], [ -0.323133049092874, 40.34808665852286 ], [ -0.323133049092874, 40.34808665852286 ], [ -0.314424434353093, 40.35719683544766 ], [ -0.295528383502628, 40.363732397154585 ], [ -0.280247229336602, 40.368881627590348 ], [ -0.283369185564069, 40.382150798328652 ], [ -0.288791530590728, 40.388983431022254 ], [ -0.292899367732133, 40.391954140889034 ], [ -0.30062210155797, 40.397598489635925 ], [ -0.304236998242409, 40.402252601760559 ], [ -0.314260120867438, 40.415125677849957 ], [ -0.325104810920749, 40.421067097583524 ], [ -0.331348723375683, 40.42443390209921 ], [ -0.346958504513026, 40.443248397922176 ], [ -0.344822429199489, 40.443446445246629 ], [ -0.343179294342931, 40.443545468908859 ], [ -0.33660675491668, 40.453348811469247 ], [ -0.333813425660523, 40.457309757958292 ], [ -0.325104810920749, 40.460082420500619 ], [ -0.308016208412504, 40.465429698260834 ], [ -0.295035443045663, 40.466122863896416 ], [ -0.290598978932941, 40.470875999683273 ], [ -0.273346062939041, 40.474440851523411 ], [ -0.271538614596821, 40.478500821674686 ], [ -0.27728958659479, 40.482956886474859 ], [ -0.279754288879637, 40.484937359719382 ], [ -0.278275467508728, 40.489195377195109 ], [ -0.275975078709543, 40.495730938902035 ], [ -0.28156173722185, 40.504445021177929 ], [ -0.287641336191129, 40.50880206231588 ], [ -0.291256232875568, 40.508306944004751 ], [ -0.29848602624444, 40.507316707382493 ], [ -0.301772295957562, 40.517714191916234 ], [ -0.297335831844848, 40.531478480965667 ], [ -0.29388524864607, 40.538707208308175 ], [ -0.291256232875568, 40.54405448606839 ], [ -0.291091919389913, 40.552174426370932 ], [ -0.292077800303851, 40.55445197060213 ], [ -0.296185637445255, 40.564552384149202 ], [ -0.295364070016973, 40.566235786407042 ], [ -0.299307593672722, 40.57603912896743 ], [ -0.29421387561738, 40.583961021945527 ], [ -0.29388524864607, 40.593764364505908 ], [ -0.293227994703443, 40.611093505395488 ], [ -0.299143280187067, 40.612875931315557 ], [ -0.313109926467845, 40.610499363422129 ], [ -0.321161287264999, 40.604755991013015 ], [ -0.322640108635902, 40.603567707066297 ], [ -0.325104810920749, 40.604260872701879 ], [ -0.334306366117495, 40.607132558906443 ], [ -0.340057338115464, 40.606736464257537 ], [ -0.343179294342931, 40.606538416933084 ], [ -0.344000861771214, 40.608023771866478 ], [ -0.346136937084744, 40.611687647368839 ], [ -0.359446329422894, 40.615153475546755 ], [ -0.365690241877829, 40.614559333573403 ], [ -0.370455332961861, 40.614163238924498 ], [ -0.377685126330732, 40.619807587671389 ], [ -0.37899963421598, 40.626442173040537 ], [ -0.37686355890245, 40.633076758409686 ], [ -0.371441213875798, 40.650108828312582 ], [ -0.376041991474175, 40.655357082410568 ], [ -0.381464336500827, 40.661595573130818 ], [ -0.37899963421598, 40.666150661593221 ], [ -0.373741602674983, 40.667536992864385 ], [ -0.371605527361453, 40.668131134837743 ], [ -0.37012670599055, 40.670705750055625 ], [ -0.368976511590951, 40.672488175975694 ], [ -0.355831432738455, 40.677340335424773 ], [ -0.330034215490436, 40.679914950642655 ], [ -0.322968735607219, 40.67724131176255 ], [ -0.322147168178937, 40.675161814855798 ], [ -0.317053450123595, 40.664269212010922 ], [ -0.306866014012911, 40.659516076224065 ], [ -0.302265236414534, 40.664566282997605 ], [ -0.293556621674753, 40.673973530909088 ], [ -0.288134276648101, 40.673181341611276 ], [ -0.27696095962348, 40.680707139940459 ], [ -0.260858238029172, 40.68506418107841 ], [ -0.250342174947171, 40.690609506163078 ], [ -0.243769635520927, 40.691005600811984 ], [ -0.237197096094675, 40.691500719123113 ], [ -0.237525723065986, 40.697937257167808 ], [ -0.233582199410236, 40.708532789026009 ], [ -0.234896707295491, 40.710810333257207 ], [ -0.23916885792255, 40.718039060599715 ], [ -0.231939064553679, 40.728733616120138 ], [ -0.224709271184807, 40.75240027139219 ], [ -0.220272807072085, 40.754776839285618 ], [ -0.212714386731903, 40.758836809436886 ], [ -0.209592430504436, 40.767451868050564 ], [ -0.209428117018774, 40.767847962699463 ], [ -0.207620668676562, 40.769729412281762 ], [ -0.195461470737996, 40.782305417384485 ], [ -0.195625784223658, 40.782602488371161 ], [ -0.197104605594561, 40.78448393795346 ], [ -0.16292740057807, 40.788246837118052 ], [ -0.144524290184577, 40.785474174575718 ], [ -0.145181544127198, 40.779730802166604 ], [ -0.14600311155548, 40.773690358770807 ], [ -0.132036465274702, 40.757351454503493 ], [ -0.101967097399616, 40.742695952494024 ], [ -0.06548950358394, 40.727842403160103 ], [ -0.053658932616692, 40.727842403160103 ], [ -0.043635809991663, 40.726159000902264 ], [ -0.031805239024415, 40.723188291035477 ], [ -0.024246818684233, 40.727446308511198 ], [ -0.017838592743637, 40.731011160351343 ], [ 0.016502925758509, 40.727248261186752 ], [ 0.017488806672446, 40.722396101737665 ], [ 0.017817433643756, 40.721009770466502 ], [ 0.018803314557694, 40.72031660483092 ], [ 0.02800486975444, 40.713781043123994 ], [ 0.026033107926565, 40.708730836350462 ], [ 0.024554286555663, 40.704769889861417 ], [ 0.026690361869193, 40.694768499976576 ], [ 0.035398976608974, 40.693679239692088 ], [ 0.036713484494221, 40.693481192367635 ], [ 0.036877797979876, 40.693382168705405 ], [ 0.042300143006536, 40.691005600811984 ], [ 0.057909924143871, 40.702987463941341 ], [ 0.072698137852932, 40.714276161435123 ], [ 0.115091017152231, 40.72774337949788 ], [ 0.116569838523141, 40.725069740617776 ], [ 0.121006302635855, 40.722495125399895 ], [ 0.123799631892012, 40.720811723142049 ], [ 0.141381174857223, 40.718237107924168 ], [ 0.162248987535563, 40.722891220048801 ], [ 0.170464661818372, 40.732892609933636 ] ] ], [ [ [ 0.231589278482481, 38.753409602033095 ], [ 0.226824187398456, 38.75241936541083 ], [ 0.227810068312394, 38.757469572184363 ], [ 0.231589278482481, 38.758063714157721 ], [ 0.231589278482481, 38.753409602033095 ] ] ], [ [ [ -0.12661412024805, 38.502186570965371 ], [ -0.12907882253289, 38.500305121383079 ], [ -0.134829794530859, 38.501691452654242 ], [ -0.130886270875109, 38.505157280832158 ], [ -0.12661412024805, 38.502186570965371 ] ] ], [ [ [ -0.466578722070743, 38.163525646151975 ], [ -0.471015186183458, 38.162040291218581 ], [ -0.475944590753144, 38.164416859112009 ], [ -0.470357932240837, 38.166397332356532 ], [ -0.466578722070743, 38.163525646151975 ] ] ], [ [ [ -0.477752039095364, 38.16570416672095 ], [ -0.480873995322831, 38.163327598827522 ], [ -0.485310459435546, 38.166595379680984 ], [ -0.479559487437584, 38.168575852925507 ], [ -0.477752039095364, 38.16570416672095 ] ] ], [ [ [ -1.165075349595277, 40.010118899345038 ], [ -1.173948277820713, 40.010217923007268 ], [ -1.1788776823904, 40.00784135511384 ], [ -1.191694134271586, 40.001503840731367 ], [ -1.207139601923267, 40.001800911718043 ], [ -1.248382286822974, 39.99546339733557 ], [ -1.261855992646787, 39.997740941566775 ], [ -1.267771278130411, 40.000513604109102 ], [ -1.275822638927565, 40.004078455949248 ], [ -1.286338702009559, 40.008237449762746 ], [ -1.308028082116181, 40.010514993993944 ], [ -1.337933136505612, 40.016654461051964 ], [ -1.344012735474891, 40.015367153443023 ], [ -1.358965262669606, 40.012396443576243 ], [ -1.364387607696258, 40.01219839625179 ], [ -1.376875432606134, 40.016555437389741 ], [ -1.379340134890974, 40.021704667825496 ], [ -1.381311896718849, 40.027150969247934 ], [ -1.381969150661476, 40.031706057710338 ], [ -1.383119345061068, 40.038934785052845 ], [ -1.385748360831563, 40.042004518581855 ], [ -1.390513451915595, 40.049530316911046 ], [ -1.393635408143062, 40.053095168751184 ], [ -1.394128348600034, 40.055075641995707 ], [ -1.396264423913564, 40.057551233551358 ], [ -1.397578931798812, 40.059828777782563 ], [ -1.398400499227094, 40.063294605960479 ], [ -1.400700888026279, 40.067057505125071 ], [ -1.40908087579475, 40.07686084768546 ], [ -1.412038518536562, 40.080227652201145 ], [ -1.412695772479182, 40.082703243756804 ], [ -1.413517339907465, 40.086070048272489 ], [ -1.415324788249684, 40.088545639828141 ], [ -1.419103998419779, 40.093694870263903 ], [ -1.414503220821402, 40.096764603792913 ], [ -1.40760205442384, 40.101418715917539 ], [ -1.40973812973737, 40.10409235479765 ], [ -1.418775371448461, 40.107954277624465 ], [ -1.442600826868613, 40.118252738495983 ], [ -1.453281203436269, 40.127858033731918 ], [ -1.456567473149391, 40.13478969008775 ], [ -1.448844739323548, 40.145385221945951 ], [ -1.445558469610425, 40.143602796025874 ], [ -1.440793378526394, 40.142612559403617 ], [ -1.436521227899334, 40.140533062496864 ], [ -1.431756136815302, 40.139245754887924 ], [ -1.429784374987427, 40.139344778550154 ], [ -1.427648299673898, 40.140731109821317 ], [ -1.422883208589873, 40.142216464754711 ], [ -1.422390268132901, 40.142315488416941 ], [ -1.411709891565245, 40.140830133483547 ], [ -1.411709891565245, 40.140830133483547 ], [ -1.404480098196373, 40.139146731225701 ], [ -1.400536574540624, 40.136572116007819 ], [ -1.397085991341847, 40.135284808398879 ], [ -1.393471094657407, 40.134393595438844 ], [ -1.391170705858222, 40.134492619101074 ], [ -1.389198944030348, 40.135383832061109 ], [ -1.387720122659438, 40.136770163332272 ], [ -1.385912674317225, 40.137661376292307 ], [ -1.384926793403288, 40.138255518265666 ], [ -1.365209175124541, 40.138453565590119 ], [ -1.363894667239293, 40.134987737412203 ], [ -1.362251532382729, 40.130828743598705 ], [ -1.355678992956477, 40.129739483314218 ], [ -1.344998616388828, 40.136275045021144 ], [ -1.335797061192082, 40.142018417430258 ], [ -1.332675104964615, 40.142909630390292 ], [ -1.319365712626457, 40.14706862420379 ], [ -1.317393950798582, 40.162615339173293 ], [ -1.320022966569084, 40.167962616933508 ], [ -1.322323355368269, 40.172418681733681 ], [ -1.322980609310896, 40.184895663174174 ], [ -1.316408069884645, 40.199749212508095 ], [ -1.300305348290337, 40.20697793985061 ], [ -1.298169272976807, 40.211731075637459 ], [ -1.293568495378437, 40.20697793985061 ], [ -1.29504731674934, 40.200640425468137 ], [ -1.295868884177622, 40.197471668276897 ], [ -1.287488896409151, 40.182816166267429 ], [ -1.284202626696029, 40.172319658071459 ], [ -1.281080670468562, 40.170042113840253 ], [ -1.277137146812812, 40.167269451297926 ], [ -1.276644206355847, 40.164595812417822 ], [ -1.27598695241322, 40.162120220862164 ], [ -1.25298306442135, 40.14399889067478 ], [ -1.249861108193883, 40.145385221945951 ], [ -1.246739151966416, 40.146573505892661 ], [ -1.244274449681569, 40.145979363919302 ], [ -1.246410524995106, 40.140434038834641 ], [ -1.248546600308636, 40.135185784736656 ], [ -1.246410524995106, 40.127560962745243 ], [ -1.250682675622166, 40.123005874282839 ], [ -1.244931703624196, 40.116173241589237 ], [ -1.201388629925304, 40.110825963829022 ], [ -1.163103587767402, 40.113796673695809 ], [ -1.149794195429251, 40.114786910318067 ], [ -1.135663235662818, 40.10409235479765 ], [ -1.134841668234536, 40.102309928877574 ], [ -1.132705592921006, 40.097952887739623 ], [ -1.125804426523445, 40.096071438157331 ], [ -1.111180526300046, 40.092209515330509 ], [ -1.106086808244704, 40.088347592503688 ], [ -1.082589979795863, 40.071315522600791 ], [ -1.072566857170834, 40.059927801444786 ], [ -1.071909603228207, 40.053689310724543 ], [ -1.084561741623737, 40.036657240821647 ], [ -1.133527160349288, 40.016159342740835 ], [ -1.145686358287847, 40.016456413727511 ], [ -1.165075349595277, 40.010118899345038 ] ] ] ] } },
{ "type": "Feature", "properties": { "index": 1467, "nuts_2_code": "ES24", "nuts_2_name": "Aragón" }, "geometry": { "type": "Polygon", "coordinates": [ [ [ -0.724550894550987, 42.920127261184632 ], [ -0.735395584604298, 42.912601462855434 ], [ -0.731287747462893, 42.897054747885932 ], [ -0.72356501363705, 42.889826020543424 ], [ -0.697932109874685, 42.879527559671914 ], [ -0.688566241192277, 42.881508032916429 ], [ -0.678707432052903, 42.883587529823174 ], [ -0.667041174571317, 42.874180281911691 ], [ -0.66276902394425, 42.870714453733783 ], [ -0.661454516059003, 42.864475963013533 ], [ -0.655539230575378, 42.858732590604419 ], [ -0.637793374124513, 42.853781407493116 ], [ -0.636150239267948, 42.85328628918198 ], [ -0.632699656069164, 42.850117531990747 ], [ -0.619225950245358, 42.837838597874708 ], [ -0.610681648991239, 42.834471793359015 ], [ -0.60312322865105, 42.831501083492228 ], [ -0.599015391509646, 42.814865108238237 ], [ -0.599179704995301, 42.813082682318168 ], [ -0.599836958937928, 42.802982268771103 ], [ -0.593100106026021, 42.802388126797752 ], [ -0.585705999171495, 42.804665671028943 ], [ -0.576011503517776, 42.80783442822019 ], [ -0.567960142720622, 42.805259813002309 ], [ -0.565495440435775, 42.798427180308707 ], [ -0.56746720226365, 42.794466233819648 ], [ -0.570260531519807, 42.788920908734994 ], [ -0.567795829234967, 42.780701944770215 ], [ -0.559744468437813, 42.781791205054702 ], [ -0.551035853698032, 42.777632211241212 ], [ -0.54594213564269, 42.787831648450506 ], [ -0.543641746843505, 42.792386736912903 ], [ -0.536083326503316, 42.792188689588457 ], [ -0.530168041019692, 42.792089665926227 ], [ -0.523102561136476, 42.798724251295383 ], [ -0.523595501593448, 42.802487150459967 ], [ -0.52474569599304, 42.811498303722544 ], [ -0.510121795769635, 42.824965521785302 ], [ -0.501248867544199, 42.827837207989859 ], [ -0.496483776460174, 42.819618244025094 ], [ -0.496483776460174, 42.819420196700648 ], [ -0.493197506747045, 42.818429960078376 ], [ -0.484324578521615, 42.815657297536049 ], [ -0.483667324578988, 42.814964131900467 ], [ -0.478573606523646, 42.809616854140259 ], [ -0.452940702761275, 42.803675434406685 ], [ -0.444560714992811, 42.796941825375313 ], [ -0.439631310423124, 42.797040849037529 ], [ -0.431415636140315, 42.799912535242086 ], [ -0.427472112484566, 42.80139789017548 ], [ -0.41104076391894, 42.807141262584594 ], [ -0.400031760379974, 42.802289103135521 ], [ -0.394116474896357, 42.79961546425541 ], [ -0.385079233185266, 42.800902771864358 ], [ -0.380478455586889, 42.808725641180217 ], [ -0.366183182334801, 42.815360226549373 ], [ -0.361418091250769, 42.821004575296257 ], [ -0.348437325883928, 42.836353242941314 ], [ -0.336113814459715, 42.837541526888032 ], [ -0.33414205263184, 42.837046408576896 ], [ -0.324776183949432, 42.835065935332366 ], [ -0.3132742399535, 42.849325342692936 ], [ -0.304894252185036, 42.841205402390386 ], [ -0.283862126021042, 42.837046408576896 ], [ -0.2787684079657, 42.836056171954638 ], [ -0.277946840537417, 42.834570817021245 ], [ -0.274167630367323, 42.828332326300995 ], [ -0.256257460430795, 42.82011336233623 ], [ -0.247548845691014, 42.820410433322905 ], [ -0.246234337805767, 42.821400669945163 ], [ -0.243769635520927, 42.823480166851908 ], [ -0.23884023095124, 42.817835818105024 ], [ -0.238511603979923, 42.815855344860495 ], [ -0.23736140958033, 42.80763638089573 ], [ -0.213864581131496, 42.796941825375313 ], [ -0.210085370961401, 42.796644754388623 ], [ -0.199733621365063, 42.795852565090826 ], [ -0.193489708910121, 42.791693571277321 ], [ -0.187410109940842, 42.78753457746383 ], [ -0.177879927772786, 42.785257033232625 ], [ -0.169335626518659, 42.790802358317293 ], [ -0.159641130864948, 42.797139872699759 ], [ -0.155040353266571, 42.792683807899579 ], [ -0.154711726295261, 42.786445317179343 ], [ -0.154547412809606, 42.782187299703608 ], [ -0.147481932926389, 42.773869312076613 ], [ -0.149289381268602, 42.770007389249798 ], [ -0.138937631672263, 42.766343513747429 ], [ -0.138280377729636, 42.766046442760754 ], [ -0.123820790991893, 42.75208410638686 ], [ -0.116755311108676, 42.738418840999657 ], [ -0.11001845819677, 42.734358870848382 ], [ -0.110347085168087, 42.730001829710432 ], [ -0.110840025625052, 42.726436977870293 ], [ -0.107060815454957, 42.721782865745666 ], [ -0.085535748833998, 42.719109226865555 ], [ -0.068118519354435, 42.71693070629658 ], [ -0.064339309184348, 42.71108831022525 ], [ -0.063189114784755, 42.704255677531634 ], [ -0.061545979928191, 42.694650382295706 ], [ -0.01044448588911, 42.684748016073087 ], [ 0.001386085078138, 42.685936300019804 ], [ 0.011902148160132, 42.692768932713406 ], [ 0.013873909988007, 42.696036713566869 ], [ 0.016995866215474, 42.701284967664861 ], [ 0.02521154049829, 42.702077156962659 ], [ 0.032112706895852, 42.700195707380374 ], [ 0.046572293633595, 42.696333784553545 ], [ 0.057909924143871, 42.698017186811398 ], [ 0.069576181625465, 42.703562511896052 ], [ 0.074998526652116, 42.710098073602978 ], [ 0.078777736822211, 42.714752185727605 ], [ 0.090443994303804, 42.716534611647688 ], [ 0.094716144930864, 42.714950233052065 ], [ 0.105889461955485, 42.710593191914114 ], [ 0.114105136238294, 42.71089026290079 ], [ 0.131686679203511, 42.715247304038741 ], [ 0.133165500574414, 42.717425824607716 ], [ 0.136616083773198, 42.722476031381248 ], [ 0.147789400797819, 42.722971149692384 ], [ 0.160441539193343, 42.723565291665736 ], [ 0.163727808906472, 42.728912569425944 ], [ 0.164385062849092, 42.72930866407485 ], [ 0.176872887758968, 42.736438367755142 ], [ 0.206120688205772, 42.72940768773708 ], [ 0.210885779289804, 42.726734048856969 ], [ 0.225345366027547, 42.718218013905528 ], [ 0.249828075390326, 42.716633635309904 ], [ 0.259851198015355, 42.715940469674322 ], [ 0.267738245326846, 42.70049277836705 ], [ 0.266423737441599, 42.697423044838033 ], [ 0.264944916070696, 42.693264051024542 ], [ 0.295014283945783, 42.673360294917089 ], [ 0.307009168398686, 42.67999488028623 ], [ 0.313746021310585, 42.683757779450829 ], [ 0.31752523148068, 42.684450945086411 ], [ 0.321633068622084, 42.685243134384223 ], [ 0.324097770906931, 42.696531831878005 ], [ 0.325740905763489, 42.704354701193864 ], [ 0.337242849759427, 42.709305884305181 ], [ 0.33872167113033, 42.709701978954072 ], [ 0.345622837527891, 42.711484404874156 ], [ 0.35170243649717, 42.71693070629658 ], [ 0.360082424265642, 42.724357480963548 ], [ 0.374870637974695, 42.714851209389835 ], [ 0.375199264946012, 42.714653162065389 ], [ 0.375527891917322, 42.714554138403159 ], [ 0.385222387571041, 42.711781475860832 ], [ 0.392945121396878, 42.713266830794225 ], [ 0.395409823681725, 42.70494884316723 ], [ 0.397217272023944, 42.699106447095886 ], [ 0.423671743214591, 42.690590412144431 ], [ 0.436323881610122, 42.689699199184403 ], [ 0.452262289718774, 42.693858192997894 ], [ 0.462449725829458, 42.693462098348988 ], [ 0.477730879995484, 42.700096683718144 ], [ 0.495969676903321, 42.69247186172673 ], [ 0.515522981696414, 42.691580648766688 ], [ 0.521766894151348, 42.697918163149168 ], [ 0.526203358264063, 42.702572275273795 ], [ 0.529653941462847, 42.702473251611565 ], [ 0.559394682366616, 42.697918163149168 ], [ 0.578619360188398, 42.695046476944611 ], [ 0.588806796299082, 42.695937689904639 ], [ 0.591107185098267, 42.699799612731468 ], [ 0.593900514354424, 42.704156653869418 ], [ 0.596858157096236, 42.705443961478352 ], [ 0.604416577436417, 42.702176180624889 ], [ 0.618711850688513, 42.695937689904639 ], [ 0.660118849073875, 42.690986506793337 ], [ 0.661926297416095, 42.68633239466871 ], [ 0.669813344727586, 42.680787069584042 ], [ 0.673099614440716, 42.678608549015067 ], [ 0.675235689754246, 42.675241744499388 ], [ 0.680493721295242, 42.667022780534609 ], [ 0.687230574207149, 42.662764763058888 ], [ 0.694953308032993, 42.657813579947586 ], [ 0.696760756375205, 42.649297544996131 ], [ 0.696760756375205, 42.649198521333901 ], [ 0.696760756375205, 42.649099497671685 ], [ 0.702183101401864, 42.641573699342487 ], [ 0.701361533973582, 42.63899908412462 ], [ 0.698568204717425, 42.629492812550907 ], [ 0.707934073399827, 42.621372872248358 ], [ 0.728473259106856, 42.615431452514798 ], [ 0.738825008703195, 42.614342192230311 ], [ 0.767579868693034, 42.611272458701293 ], [ 0.760514388809817, 42.590774560620481 ], [ 0.757556746068005, 42.570771780850805 ], [ 0.745726175100756, 42.551165095730028 ], [ 0.742439905387634, 42.545718794307589 ], [ 0.742932845844599, 42.543738321063067 ], [ 0.744575980701164, 42.537499830342817 ], [ 0.738003441274913, 42.5377969013295 ], [ 0.733731290647853, 42.538093972316176 ], [ 0.722393660137577, 42.524626754253426 ], [ 0.721572092709295, 42.514031222395225 ], [ 0.727980318649884, 42.511951725488473 ], [ 0.730609334420386, 42.511060512528438 ], [ 0.7361959929327, 42.505515187443777 ], [ 0.71532818025436, 42.489374330500915 ], [ 0.710234462199018, 42.491057732758762 ], [ 0.701197220487927, 42.493929418963319 ], [ 0.697910950774798, 42.488087022891975 ], [ 0.691338411348553, 42.485017289362965 ], [ 0.694624681061676, 42.476303207087064 ], [ 0.703990549744084, 42.465212556917741 ], [ 0.706948192485896, 42.461746728739826 ], [ 0.706783879000234, 42.459271137184167 ], [ 0.706455252028924, 42.449467794623779 ], [ 0.711056029627301, 42.436396671209934 ], [ 0.71927170391011, 42.428969896542974 ], [ 0.72173640619495, 42.427979659920709 ], [ 0.726337183793326, 42.426296257662862 ], [ 0.734552858076135, 42.416195844115798 ], [ 0.734552858076135, 42.409264187759966 ], [ 0.731595215334323, 42.407580785502127 ], [ 0.727158751221609, 42.405105193946468 ], [ 0.735703052475728, 42.398965726888449 ], [ 0.737674814303602, 42.397381348292832 ], [ 0.745233234643791, 42.385102414176792 ], [ 0.743097159330262, 42.379755136416577 ], [ 0.735374425504418, 42.376091260914208 ], [ 0.733566977162198, 42.372229338087394 ], [ 0.733402663676543, 42.371734219776265 ], [ 0.724201108479797, 42.369060580896154 ], [ 0.724201108479797, 42.365693776380468 ], [ 0.746383429043384, 42.35707871776679 ], [ 0.747533623442976, 42.35707871776679 ], [ 0.760678702295472, 42.35707871776679 ], [ 0.767908495664344, 42.352127534655487 ], [ 0.767086928236061, 42.348859753802024 ], [ 0.763307718065974, 42.347770493517537 ], [ 0.757556746068005, 42.347176351544178 ], [ 0.756077924697095, 42.347077327881955 ], [ 0.741289710988042, 42.336184725037079 ], [ 0.744083040244199, 42.327074548112272 ], [ 0.751312833613071, 42.32628235881446 ], [ 0.759199880924569, 42.325391145854425 ], [ 0.763472031551629, 42.322321412325415 ], [ 0.756735178639723, 42.314300495685103 ], [ 0.756242238182757, 42.313706353711744 ], [ 0.75591361121144, 42.312617093427257 ], [ 0.75525635726882, 42.308557123275982 ], [ 0.75377753589791, 42.307467862991494 ], [ 0.745233234643791, 42.300635230297893 ], [ 0.743097159330262, 42.285781680963971 ], [ 0.73866069521754, 42.281424639826021 ], [ 0.739153635674512, 42.272116415576761 ], [ 0.739317949160167, 42.270234965994469 ], [ 0.735374425504418, 42.251816564820409 ], [ 0.727816005164229, 42.2449839321268 ], [ 0.725844243336354, 42.243102482544508 ], [ 0.725186989393734, 42.239537630704362 ], [ 0.724858362422417, 42.237755204784293 ], [ 0.724365421965452, 42.235279613228641 ], [ 0.723215227565859, 42.233695234633025 ], [ 0.71532818025436, 42.223891892072636 ], [ 0.713192104940831, 42.209632484712067 ], [ 0.713192104940831, 42.209533461049844 ], [ 0.713027791455175, 42.209533461049844 ], [ 0.708755640828109, 42.205572514560799 ], [ 0.707934073399827, 42.2036910649785 ], [ 0.708591327342454, 42.198937929191644 ], [ 0.708755640828109, 42.197848668907156 ], [ 0.707276819457206, 42.195571124675958 ], [ 0.702840355344485, 42.189035562969032 ], [ 0.69873251820308, 42.172498611377264 ], [ 0.70267604185883, 42.169725948834937 ], [ 0.712699164483858, 42.162893316141329 ], [ 0.701690160944892, 42.154872399501016 ], [ 0.696103502432585, 42.150911453011972 ], [ 0.69840389123177, 42.126452608442115 ], [ 0.699554085631362, 42.124868229846491 ], [ 0.70234741488752, 42.120214117721865 ], [ 0.699389772145707, 42.106053734023526 ], [ 0.692652919233801, 42.099122077667694 ], [ 0.684601558436647, 42.091002137365152 ], [ 0.680822348266553, 42.077633942964624 ], [ 0.680165094323932, 42.075455422395649 ], [ 0.67720745158212, 42.071296428582151 ], [ 0.670306285184559, 42.061196015035087 ], [ 0.670306285184559, 42.058720423479429 ], [ 0.670470598670214, 42.046243442038936 ], [ 0.66061178953084, 42.04099518794095 ], [ 0.657325519817718, 42.039410809345334 ], [ 0.656996892846408, 42.031488916367245 ], [ 0.652889055705003, 42.02445823634919 ], [ 0.656668265875091, 42.016041225059965 ], [ 0.657325519817718, 42.015645130411059 ], [ 0.662254924387405, 42.01208027857092 ], [ 0.657161206332063, 42.001880841361626 ], [ 0.650260039934501, 41.997622823885905 ], [ 0.646973770221379, 41.995543326979153 ], [ 0.645659262336125, 41.992077498801237 ], [ 0.642044365651692, 41.982175132578625 ], [ 0.642372992623002, 41.986037055405447 ], [ 0.640401230795128, 41.99059214386785 ], [ 0.638593782452908, 41.994553090356895 ], [ 0.635307512739786, 41.992770664436826 ], [ 0.629392227256162, 41.992869688099049 ], [ 0.623805568743855, 41.991780427814561 ], [ 0.62068361251638, 41.98920581259668 ], [ 0.616904402346293, 41.987225339352158 ], [ 0.617233029317603, 41.984749747796506 ], [ 0.617397342803258, 41.983462440187566 ], [ 0.60490951789339, 41.960984068862231 ], [ 0.596200903153608, 41.965638180986858 ], [ 0.590449931155639, 41.968608890853645 ], [ 0.576647598360523, 41.955042649128664 ], [ 0.567281729678115, 41.945635401217181 ], [ 0.562516638594083, 41.932663301465553 ], [ 0.585191899614642, 41.926622858069763 ], [ 0.602937756065515, 41.921869722282906 ], [ 0.604416577436417, 41.918899012416119 ], [ 0.602444815608543, 41.918403894104991 ], [ 0.596200903153608, 41.916819515509374 ], [ 0.595543649210981, 41.916621468184921 ], [ 0.596200903153608, 41.915532207900434 ], [ 0.60096599423764, 41.908501527882379 ], [ 0.598008351495828, 41.898797208984213 ], [ 0.597515411038856, 41.89731185405082 ], [ 0.596693843610581, 41.894638215170716 ], [ 0.596036589667953, 41.892756765588423 ], [ 0.593243260411796, 41.884636825285874 ], [ 0.598501291952793, 41.882260257392453 ], [ 0.607209906692574, 41.878497358227854 ], [ 0.60737422017823, 41.872952033143193 ], [ 0.603759323493797, 41.86968425228973 ], [ 0.592257379497859, 41.866416471436267 ], [ 0.581084062473238, 41.863247714245034 ], [ 0.580919748987583, 41.860574075364923 ], [ 0.5800981815593, 41.850869756466764 ], [ 0.565145654364585, 41.852454135062381 ], [ 0.557422920538741, 41.853246324360192 ], [ 0.552657829454716, 41.848988306884465 ], [ 0.552000575512089, 41.8407693429197 ], [ 0.551343321569462, 41.832550378954927 ], [ 0.548714305798967, 41.828787479790336 ], [ 0.542306079858371, 41.820073397514435 ], [ 0.536226480889091, 41.821162657798922 ], [ 0.533268838147279, 41.821261681461145 ], [ 0.531132762833749, 41.821360705123375 ], [ 0.525217477350125, 41.822548989070086 ], [ 0.519466505352163, 41.820865586812239 ], [ 0.515522981696414, 41.822350941745633 ], [ 0.510593577126727, 41.820568515825563 ], [ 0.507142993927943, 41.817795853283229 ], [ 0.502213589358256, 41.814429048767543 ], [ 0.500241827530381, 41.810666149602952 ], [ 0.499255946616444, 41.807893487060618 ], [ 0.498927319645134, 41.807002274100583 ], [ 0.495312422960694, 41.804427658882702 ], [ 0.491697526276262, 41.804823753531608 ], [ 0.48906851050576, 41.805120824518283 ], [ 0.485453613821328, 41.802051090989274 ], [ 0.483317538507791, 41.801456949015922 ], [ 0.481838717136888, 41.797694049851323 ], [ 0.477566566509829, 41.791653606455533 ], [ 0.473951669825389, 41.787197541655352 ], [ 0.472637161940142, 41.778681506703904 ], [ 0.471979907997515, 41.773631299930372 ], [ 0.46967951919833, 41.765610383290053 ], [ 0.464421487657333, 41.763332839058855 ], [ 0.456041499888862, 41.764224052018889 ], [ 0.448647393034335, 41.764620146667795 ], [ 0.447990139091708, 41.764620146667795 ], [ 0.408719216019875, 41.759074821583134 ], [ 0.398531779909192, 41.755113875094082 ], [ 0.397545898995254, 41.747291005778223 ], [ 0.395245510196069, 41.731843314470943 ], [ 0.388180030312853, 41.736695473920022 ], [ 0.387522776370226, 41.737289615893381 ], [ 0.384729447114069, 41.740260325760161 ], [ 0.381936117857911, 41.735804260959988 ], [ 0.37289887614682, 41.723921421492854 ], [ 0.369283979462388, 41.724614587128436 ], [ 0.368955352491071, 41.718574143732639 ], [ 0.368791039005416, 41.714217102594688 ], [ 0.363861634435729, 41.711345416390131 ], [ 0.360082424265642, 41.709166895821156 ], [ 0.357946348952105, 41.707483493563309 ], [ 0.35137380952586, 41.702532310452007 ], [ 0.342007940843459, 41.69649186705621 ], [ 0.341022059929522, 41.693620180851653 ], [ 0.337242849759427, 41.690550447322643 ], [ 0.33444952050327, 41.688074855766992 ], [ 0.328862861990956, 41.682034412371195 ], [ 0.327055413648743, 41.678172489544373 ], [ 0.326069532734806, 41.674607637704234 ], [ 0.325740905763489, 41.6718349751619 ], [ 0.326233846220461, 41.662229679925964 ], [ 0.33231344518974, 41.659853112032536 ], [ 0.332970699132368, 41.65955604104586 ], [ 0.334942460960242, 41.656189236530174 ], [ 0.33625696884549, 41.654109739623422 ], [ 0.337242849759427, 41.652624384690029 ], [ 0.343651075700016, 41.64410834973858 ], [ 0.349402047697986, 41.636186456760491 ], [ 0.35137380952586, 41.634899149151551 ], [ 0.355481646667265, 41.634305007178192 ], [ 0.358110662437767, 41.631730391960318 ], [ 0.35318125786808, 41.627274327160137 ], [ 0.346608718441829, 41.62133290742657 ], [ 0.349730674669296, 41.599448678074594 ], [ 0.401818049622314, 41.593111163692122 ], [ 0.41496312847481, 41.597468204830072 ], [ 0.42761526687034, 41.60162719864357 ], [ 0.433530552353965, 41.592913116367669 ], [ 0.435666627667494, 41.587565838607453 ], [ 0.435995254638804, 41.584892199727349 ], [ 0.431065850069118, 41.579049803656005 ], [ 0.430737223097807, 41.578752732669329 ], [ 0.431394477040435, 41.56469137263322 ], [ 0.440431718751526, 41.551620249219368 ], [ 0.446182690749488, 41.543401285254596 ], [ 0.435666627667494, 41.534786226640925 ], [ 0.433366238868309, 41.531914540436368 ], [ 0.42794389384165, 41.523893623796049 ], [ 0.426958012927713, 41.522408268862655 ], [ 0.421042727444089, 41.518546346035833 ], [ 0.417756457730967, 41.516862943777994 ], [ 0.4146345015035, 41.511614689680009 ], [ 0.412334112704315, 41.508743003475445 ], [ 0.41069097784775, 41.507653743190957 ], [ 0.40822627556291, 41.502405489092972 ], [ 0.402968244021906, 41.496860164008311 ], [ 0.399189033851819, 41.49250312287036 ], [ 0.397381585509599, 41.490621673288068 ], [ 0.394588256253442, 41.489730460328026 ], [ 0.382264744829229, 41.485769513838981 ], [ 0.366983590663196, 41.485967561163434 ], [ 0.364518888378356, 41.486066584825664 ], [ 0.350880869068888, 41.486957797785699 ], [ 0.348744793755358, 41.487254868772375 ], [ 0.346608718441829, 41.48814608173241 ], [ 0.340036179015584, 41.48200661467439 ], [ 0.343158135243051, 41.463984308149236 ], [ 0.349237734212331, 41.456854604468951 ], [ 0.354331452267672, 41.451012208397607 ], [ 0.348087539812738, 41.440218629214961 ], [ 0.347758912841421, 41.42665238748998 ], [ 0.337242849759427, 41.409125199275948 ], [ 0.335928341874173, 41.407441797018109 ], [ 0.321304441650774, 41.394370673604257 ], [ 0.335271087931552, 41.384963425692774 ], [ 0.337242849759427, 41.383577094421604 ], [ 0.360575364722607, 41.370109876358853 ], [ 0.373884757060758, 41.349810025602494 ], [ 0.366819277177541, 41.342581298259987 ], [ 0.359425170323014, 41.340204730366558 ], [ 0.358767916380387, 41.339412541068747 ], [ 0.349237734212331, 41.329213103859459 ], [ 0.351209496040205, 41.325252157370407 ], [ 0.356960468038167, 41.322776565814756 ], [ 0.368298098548451, 41.31812245369013 ], [ 0.369612606433698, 41.311586891983204 ], [ 0.367312217634513, 41.306932779858577 ], [ 0.365669082777949, 41.30396206999179 ], [ 0.385551014542351, 41.278612012461899 ], [ 0.379307102087417, 41.269204764550416 ], [ 0.377828280716507, 41.255044380852077 ], [ 0.373884757060758, 41.24732053519844 ], [ 0.37503495146035, 41.245637132940594 ], [ 0.381443177400946, 41.236427932353564 ], [ 0.369119665976733, 41.237616216300275 ], [ 0.365176142320983, 41.237913287286958 ], [ 0.365011828835328, 41.236130861366881 ], [ 0.364025947921391, 41.228605063037698 ], [ 0.360739678208262, 41.226030447819817 ], [ 0.346115777984863, 41.229298228673279 ], [ 0.341350686900832, 41.230387488957767 ], [ 0.337242849759427, 41.228902134024374 ], [ 0.332149131704085, 41.224248021899747 ], [ 0.330834623818831, 41.223158761615259 ], [ 0.329848742904893, 41.223455832601935 ], [ 0.322454636050367, 41.225238258522005 ], [ 0.316703664052397, 41.208107164956886 ], [ 0.312595826910993, 41.196125301827522 ], [ 0.310952692054435, 41.193253615622965 ], [ 0.306351914456059, 41.18612391194268 ], [ 0.303722898685557, 41.175132285435581 ], [ 0.301751136857682, 41.166715274146362 ], [ 0.303394271714247, 41.164338706252934 ], [ 0.274146471267443, 41.149386133256783 ], [ 0.26034413847232, 41.149881251567912 ], [ 0.252950031617793, 41.150178322554595 ], [ 0.254593166474351, 41.145623234092191 ], [ 0.255414733902633, 41.143642760847669 ], [ 0.249170821447699, 41.130175542784912 ], [ 0.238161817908733, 41.129977495460459 ], [ 0.235861429109548, 41.130670661096048 ], [ 0.222716350257052, 41.134235512936186 ], [ 0.21975870751524, 41.132056992367211 ], [ 0.201684224093057, 41.126313619958097 ], [ 0.204970493806179, 41.121461460509011 ], [ 0.208421077004957, 41.116411253735478 ], [ 0.203327358949615, 41.105914745539508 ], [ 0.200534029693458, 41.100369420454847 ], [ 0.201848537578712, 41.08511977647202 ], [ 0.208256763519302, 41.084426610836438 ], [ 0.218115572658675, 41.083436374214173 ], [ 0.21827988614433, 41.075217410249408 ], [ 0.220744588429177, 41.071355487422586 ], [ 0.218115572658675, 41.066503327973507 ], [ 0.219265767058268, 41.061552144862198 ], [ 0.22222340980008, 41.06046288457771 ], [ 0.228138695283704, 41.058284364008735 ], [ 0.229946143625924, 41.054719512168596 ], [ 0.223537917685327, 41.050857589341774 ], [ 0.218772826601302, 41.04808492679944 ], [ 0.218115572658675, 41.044718122283754 ], [ 0.221237528886142, 41.04194545974142 ], [ 0.225673992998864, 41.045213240594883 ], [ 0.227810068312394, 41.046797619190507 ], [ 0.233232413339046, 41.046401524541601 ], [ 0.231589278482481, 41.041846436079197 ], [ 0.230439084082889, 41.038677678887957 ], [ 0.234382607738638, 41.034320637750007 ], [ 0.241776714593172, 41.034914779723366 ], [ 0.242433968535792, 41.035706969021177 ], [ 0.246377492191542, 41.04065815213248 ], [ 0.259686884529692, 41.028082147029764 ], [ 0.272503336410878, 41.025111437162977 ], [ 0.27973312977975, 41.019764159402769 ], [ 0.265930796984634, 41.01917001742941 ], [ 0.262973154242822, 41.019070993767187 ], [ 0.259851198015355, 41.015407118264818 ], [ 0.261822959843229, 41.011842266424672 ], [ 0.266259423955944, 41.00996081684238 ], [ 0.273653530810471, 41.006693035988917 ], [ 0.270860201554321, 41.001741852877608 ], [ 0.269381380183411, 40.998870166673051 ], [ 0.277761367951875, 40.989859013410474 ], [ 0.281047637665004, 40.986195137908105 ], [ 0.281211951150659, 40.983917593676907 ], [ 0.281211951150659, 40.974906440414323 ], [ 0.287620177091249, 40.972529872520902 ], [ 0.292549581660936, 40.970747446600825 ], [ 0.285484101777719, 40.965004074191711 ], [ 0.28154057812197, 40.953022211062347 ], [ 0.27513235218138, 40.946981767666557 ], [ 0.272667649896533, 40.944605199773129 ], [ 0.274310784753098, 40.93658428313281 ], [ 0.267738245326846, 40.929751650439208 ], [ 0.261001392414947, 40.927771177194685 ], [ 0.260179824986665, 40.927474106208003 ], [ 0.253771599046075, 40.919651236892136 ], [ 0.25393591253173, 40.916680527025356 ], [ 0.25393591253173, 40.913313722509663 ], [ 0.251964150703856, 40.911729343914047 ], [ 0.249335134933354, 40.909550823345072 ], [ 0.250649642818601, 40.907669373762779 ], [ 0.252292777675166, 40.905094758544898 ], [ 0.249499448419009, 40.895687510633415 ], [ 0.245062984306294, 40.887666593993096 ], [ 0.243748476421047, 40.886874404695284 ], [ 0.239804952765297, 40.884398813139633 ], [ 0.246048865220232, 40.880041772001682 ], [ 0.25393591253173, 40.874397423254791 ], [ 0.253607285560413, 40.870139405779071 ], [ 0.253114345103448, 40.86568334097889 ], [ 0.251964150703856, 40.855979022080732 ], [ 0.26067276544363, 40.838352810204476 ], [ 0.271353142011286, 40.828054349332959 ], [ 0.272174709439568, 40.827262160035147 ], [ 0.278582935380157, 40.821617811288263 ], [ 0.273160590353505, 40.818845148745929 ], [ 0.262808840757167, 40.810131066470028 ], [ 0.257715122701818, 40.800228700247416 ], [ 0.249828075390326, 40.79854529798957 ], [ 0.244077103392357, 40.791811688958191 ], [ 0.23734025048045, 40.788741955429181 ], [ 0.233561040310356, 40.786959529509112 ], [ 0.232739472882081, 40.779433731179921 ], [ 0.232903786367736, 40.779235683855475 ], [ 0.233889667281673, 40.776562044975364 ], [ 0.227481441341077, 40.76656065509053 ], [ 0.220251647972205, 40.766758702414975 ], [ 0.212693227632023, 40.767055773401658 ], [ 0.20316304546396, 40.760421188032502 ], [ 0.190182280097119, 40.751311011107703 ], [ 0.182459546271275, 40.752697342378866 ], [ 0.176708574273313, 40.753786602663354 ], [ 0.175394066388058, 40.744478378414094 ], [ 0.175065439416748, 40.741309621222861 ], [ 0.174079558502811, 40.741408644885084 ], [ 0.166849765133939, 40.742101810520673 ], [ 0.170464661818372, 40.732892609933636 ], [ 0.162248987535563, 40.722891220048801 ], [ 0.141381174857223, 40.718237107924168 ], [ 0.123799631892012, 40.720811723142049 ], [ 0.121006302635855, 40.722495125399895 ], [ 0.116569838523141, 40.725069740617776 ], [ 0.115091017152231, 40.72774337949788 ], [ 0.072698137852932, 40.714276161435123 ], [ 0.057909924143871, 40.702987463941341 ], [ 0.042300143006536, 40.691005600811984 ], [ 0.036877797979876, 40.693382168705405 ], [ 0.036713484494221, 40.693481192367635 ], [ 0.035398976608974, 40.693679239692088 ], [ 0.026690361869193, 40.694768499976576 ], [ 0.024554286555663, 40.704769889861417 ], [ 0.026033107926565, 40.708730836350462 ], [ 0.02800486975444, 40.713781043123994 ], [ 0.018803314557694, 40.72031660483092 ], [ 0.017817433643756, 40.721009770466502 ], [ 0.017488806672446, 40.722396101737665 ], [ 0.016502925758509, 40.727248261186752 ], [ -0.017838592743637, 40.731011160351343 ], [ -0.024246818684233, 40.727446308511198 ], [ -0.031805239024415, 40.723188291035477 ], [ -0.043635809991663, 40.726159000902264 ], [ -0.053658932616692, 40.727842403160103 ], [ -0.06548950358394, 40.727842403160103 ], [ -0.101967097399616, 40.742695952494024 ], [ -0.132036465274702, 40.757351454503493 ], [ -0.14600311155548, 40.773690358770807 ], [ -0.145181544127198, 40.779730802166604 ], [ -0.144524290184577, 40.785474174575718 ], [ -0.16292740057807, 40.788246837118052 ], [ -0.197104605594561, 40.78448393795346 ], [ -0.195625784223658, 40.782602488371161 ], [ -0.195461470737996, 40.782305417384485 ], [ -0.207620668676562, 40.769729412281762 ], [ -0.209428117018774, 40.767847962699463 ], [ -0.209592430504436, 40.767451868050564 ], [ -0.212714386731903, 40.758836809436886 ], [ -0.220272807072085, 40.754776839285618 ], [ -0.224709271184807, 40.75240027139219 ], [ -0.231939064553679, 40.728733616120138 ], [ -0.23916885792255, 40.718039060599715 ], [ -0.234896707295491, 40.710810333257207 ], [ -0.233582199410236, 40.708532789026009 ], [ -0.237525723065986, 40.697937257167808 ], [ -0.237197096094675, 40.691500719123113 ], [ -0.243769635520927, 40.691005600811984 ], [ -0.250342174947171, 40.690609506163078 ], [ -0.260858238029172, 40.68506418107841 ], [ -0.27696095962348, 40.680707139940459 ], [ -0.288134276648101, 40.673181341611276 ], [ -0.293556621674753, 40.673973530909088 ], [ -0.302265236414534, 40.664566282997605 ], [ -0.306866014012911, 40.659516076224065 ], [ -0.317053450123595, 40.664269212010922 ], [ -0.322147168178937, 40.675161814855798 ], [ -0.322968735607219, 40.67724131176255 ], [ -0.330034215490436, 40.679914950642655 ], [ -0.355831432738455, 40.677340335424773 ], [ -0.368976511590951, 40.672488175975694 ], [ -0.37012670599055, 40.670705750055625 ], [ -0.371605527361453, 40.668131134837743 ], [ -0.373741602674983, 40.667536992864385 ], [ -0.37899963421598, 40.666150661593221 ], [ -0.381464336500827, 40.661595573130818 ], [ -0.376041991474175, 40.655357082410568 ], [ -0.371441213875798, 40.650108828312582 ], [ -0.37686355890245, 40.633076758409686 ], [ -0.37899963421598, 40.626442173040537 ], [ -0.377685126330732, 40.619807587671389 ], [ -0.370455332961861, 40.614163238924498 ], [ -0.365690241877829, 40.614559333573403 ], [ -0.359446329422894, 40.615153475546755 ], [ -0.346136937084744, 40.611687647368839 ], [ -0.344000861771214, 40.608023771866478 ], [ -0.343179294342931, 40.606538416933084 ], [ -0.340057338115464, 40.606736464257537 ], [ -0.334306366117495, 40.607132558906443 ], [ -0.325104810920749, 40.604260872701879 ], [ -0.322640108635902, 40.603567707066297 ], [ -0.321161287264999, 40.604755991013015 ], [ -0.313109926467845, 40.610499363422129 ], [ -0.299143280187067, 40.612875931315557 ], [ -0.293227994703443, 40.611093505395488 ], [ -0.29388524864607, 40.593764364505908 ], [ -0.29421387561738, 40.583961021945527 ], [ -0.299307593672722, 40.57603912896743 ], [ -0.295364070016973, 40.566235786407042 ], [ -0.296185637445255, 40.564552384149202 ], [ -0.292077800303851, 40.55445197060213 ], [ -0.291091919389913, 40.552174426370932 ], [ -0.291256232875568, 40.54405448606839 ], [ -0.29388524864607, 40.538707208308175 ], [ -0.297335831844848, 40.531478480965667 ], [ -0.301772295957562, 40.517714191916234 ], [ -0.29848602624444, 40.507316707382493 ], [ -0.291256232875568, 40.508306944004751 ], [ -0.287641336191129, 40.50880206231588 ], [ -0.28156173722185, 40.504445021177929 ], [ -0.275975078709543, 40.495730938902035 ], [ -0.278275467508728, 40.489195377195109 ], [ -0.279754288879637, 40.484937359719382 ], [ -0.27728958659479, 40.482956886474859 ], [ -0.271538614596821, 40.478500821674686 ], [ -0.273346062939041, 40.474440851523411 ], [ -0.290598978932941, 40.470875999683273 ], [ -0.295035443045663, 40.466122863896416 ], [ -0.308016208412504, 40.465429698260834 ], [ -0.325104810920749, 40.460082420500619 ], [ -0.333813425660523, 40.457309757958292 ], [ -0.33660675491668, 40.453348811469247 ], [ -0.343179294342931, 40.443545468908859 ], [ -0.344822429199489, 40.443446445246629 ], [ -0.346958504513026, 40.443248397922176 ], [ -0.331348723375683, 40.42443390209921 ], [ -0.325104810920749, 40.421067097583524 ], [ -0.314260120867438, 40.415125677849957 ], [ -0.304236998242409, 40.402252601760559 ], [ -0.30062210155797, 40.397598489635925 ], [ -0.292899367732133, 40.391954140889034 ], [ -0.288791530590728, 40.388983431022254 ], [ -0.283369185564069, 40.382150798328652 ], [ -0.280247229336602, 40.368881627590348 ], [ -0.295528383502628, 40.363732397154585 ], [ -0.314424434353093, 40.35719683544766 ], [ -0.323133049092874, 40.34808665852286 ], [ -0.323133049092874, 40.34808665852286 ], [ -0.325104810920749, 40.346997398238372 ], [ -0.339400084172837, 40.339174528922506 ], [ -0.341536159486367, 40.330559470308827 ], [ -0.342357726914649, 40.327093642130912 ], [ -0.344986742685151, 40.327093642130912 ], [ -0.348930266340894, 40.327192665793142 ], [ -0.349258893312211, 40.322934648317414 ], [ -0.349258893312211, 40.320855151410669 ], [ -0.354516924853208, 40.314418613365966 ], [ -0.359610642908549, 40.315111779001555 ], [ -0.363389853078644, 40.315507873650454 ], [ -0.365361614906519, 40.312537163783674 ], [ -0.369962392504888, 40.305902578414518 ], [ -0.377027872388112, 40.307585980672364 ], [ -0.380642769072544, 40.308477193632399 ], [ -0.390008637754946, 40.305605507427842 ], [ -0.390665891697573, 40.30174358460102 ], [ -0.390830205183228, 40.299862135018728 ], [ -0.393623534439385, 40.298376780085334 ], [ -0.399045879466037, 40.295307046556324 ], [ -0.388365502898388, 40.28332518342696 ], [ -0.383271784843046, 40.277581811017846 ], [ -0.384257665756984, 40.265104829577353 ], [ -0.388201189412733, 40.261440954074985 ], [ -0.431415636140315, 40.24381474219873 ], [ -0.451790508361682, 40.235595778233964 ], [ -0.462470884929338, 40.234803588936153 ], [ -0.463621079328931, 40.235298707247281 ], [ -0.471015186183458, 40.238467464438521 ], [ -0.489582610062612, 40.231436784420467 ], [ -0.494512014632299, 40.22965435850039 ], [ -0.497305343888449, 40.231040689771561 ], [ -0.501577494515516, 40.233219210340536 ], [ -0.503384942857735, 40.232922139353853 ], [ -0.510614736226607, 40.231832879069366 ], [ -0.527703338734852, 40.238566488100744 ], [ -0.531646862390602, 40.241537197967531 ], [ -0.542984492900878, 40.250449327567885 ], [ -0.547913897470565, 40.244309860509858 ], [ -0.557608393124283, 40.212721312259724 ], [ -0.559087214495186, 40.210146697041843 ], [ -0.558594274038221, 40.206680868863927 ], [ -0.557772706609938, 40.200838472792583 ], [ -0.560894662837406, 40.197372644614674 ], [ -0.561223289808716, 40.19459998207234 ], [ -0.563687992093563, 40.188658562338773 ], [ -0.56500249997881, 40.187569302054285 ], [ -0.572067979862027, 40.181528858658488 ], [ -0.573546801232929, 40.171032350462518 ], [ -0.572067979862027, 40.166279214675662 ], [ -0.569767591062842, 40.158456345359795 ], [ -0.578311892316961, 40.147365695190473 ], [ -0.578969146259588, 40.146474482230438 ], [ -0.579297773230898, 40.144791079972592 ], [ -0.580119340659181, 40.137265281643401 ], [ -0.585541685685833, 40.132611169518775 ], [ -0.593593046482987, 40.132809216843228 ], [ -0.594250300425614, 40.132809216843228 ], [ -0.609202827620329, 40.125679513162943 ], [ -0.627770251499484, 40.10409235479765 ], [ -0.62859181892776, 40.102111881553121 ], [ -0.62464829527201, 40.094784130548391 ], [ -0.62251221995848, 40.089238805463729 ], [ -0.621197712073233, 40.087753450530336 ], [ -0.621197712073233, 40.087753450530336 ], [ -0.618897323274048, 40.083396409392385 ], [ -0.613474978247389, 40.069632120342952 ], [ -0.621362025558888, 40.068641883720687 ], [ -0.622840846929797, 40.071612593587474 ], [ -0.624483981786355, 40.07497939810316 ], [ -0.629413386356042, 40.074583303454254 ], [ -0.645844734921667, 40.066463363151712 ], [ -0.649952572063071, 40.062997534973796 ], [ -0.66424784531516, 40.051114695506662 ], [ -0.67969331296684, 40.045668394084224 ], [ -0.692838391819336, 40.04606448873313 ], [ -0.702861514444365, 40.046361559719806 ], [ -0.705819157186177, 40.045272299435318 ], [ -0.713541891012021, 40.042697684217437 ], [ -0.716170906782523, 40.040321116324016 ], [ -0.731616374434203, 40.042004518581855 ], [ -0.747061842085891, 40.038637714066169 ], [ -0.750841052255979, 40.042697684217437 ], [ -0.753470068026481, 40.045470346759771 ], [ -0.757249278196575, 40.043489873515249 ], [ -0.762342996251917, 40.041311352946273 ], [ -0.764150444594137, 40.03071582108808 ], [ -0.767929654764224, 40.010118899345038 ], [ -0.777459836932287, 39.999325320162392 ], [ -0.789126094413874, 39.990710261548713 ], [ -0.798656276581937, 39.990512214224267 ], [ -0.802435486752032, 39.990512214224267 ], [ -0.809829593606558, 39.98625419674854 ], [ -0.815416252118872, 39.982986415895077 ], [ -0.821660164573807, 39.981600084623913 ], [ -0.835298183883275, 39.978629374757126 ], [ -0.840391901938617, 39.969222126845644 ], [ -0.838420140110742, 39.964568014721017 ], [ -0.836612691768522, 39.959517807947485 ], [ -0.840720528909927, 39.956547098080698 ], [ -0.844171112108704, 39.954071506525047 ], [ -0.845485619993958, 39.947932039467027 ], [ -0.841377782852554, 39.940604288462289 ], [ -0.836777005254177, 39.93258337182197 ], [ -0.83825582662508, 39.928028283359566 ], [ -0.839241707539017, 39.925057573492786 ], [ -0.831190346741863, 39.908817692887695 ], [ -0.816566446518465, 39.899806539625118 ], [ -0.807364891321718, 39.894162190878227 ], [ -0.797506082182345, 39.883269588033357 ], [ -0.797670395668, 39.881091067464382 ], [ -0.828397017485713, 39.87099065391731 ], [ -0.856330310047269, 39.852671276405474 ], [ -0.864217357358761, 39.847522045969718 ], [ -0.887549872321948, 39.852473229081028 ], [ -0.894943979176475, 39.856830270218971 ], [ -0.908910625457253, 39.867227754752719 ], [ -0.911868268199065, 39.87277307983738 ], [ -0.908581998485943, 39.882774469722222 ], [ -0.907596117572005, 39.885448108602326 ], [ -0.901023578145754, 39.892379764958157 ], [ -0.907431804086343, 39.898123137367278 ], [ -0.908253371514625, 39.89881630300286 ], [ -0.913182776084312, 39.919017130096989 ], [ -0.908581998485943, 39.92644390476395 ], [ -0.905460042258468, 39.927137070399532 ], [ -0.903652593916256, 39.927632188710668 ], [ -0.902995339973629, 39.931197040550806 ], [ -0.905788669229786, 39.94189159607123 ], [ -0.920412569453184, 39.964369967396564 ], [ -0.923863152651968, 39.962092423165359 ], [ -0.931585886477812, 39.956943192729604 ], [ -0.949496056414333, 39.966845558952215 ], [ -0.976279154576297, 39.975757688552569 ], [ -0.978250916404171, 39.976549877850381 ], [ -0.990903054799702, 39.981501060961683 ], [ -1.004541074109163, 39.981203989975008 ], [ -1.005691268508755, 39.980906918988332 ], [ -1.025737513758813, 39.975064522916988 ], [ -1.055478254662589, 39.979619611379391 ], [ -1.060407659232276, 39.980312777014973 ], [ -1.08390448768111, 39.976747925174827 ], [ -1.084890368595048, 39.974965499254758 ], [ -1.08751938436555, 39.970410410792354 ], [ -1.092941729392201, 39.968727008534515 ], [ -1.098857014875826, 39.971697718401295 ], [ -1.103622105959857, 39.974272333619176 ], [ -1.109373077957827, 39.970212363467908 ], [ -1.114302482527513, 39.972390884036884 ], [ -1.121039335439413, 39.966548487965539 ], [ -1.125475799552135, 39.962686565138718 ], [ -1.129419323207884, 39.967439700925574 ], [ -1.131391085035759, 39.970014316143455 ], [ -1.142400088574725, 39.971895765725748 ], [ -1.147329493144412, 39.988630764641968 ], [ -1.163267901253064, 39.99982043847352 ], [ -1.165075349595277, 40.010118899345038 ], [ -1.145686358287847, 40.016456413727511 ], [ -1.133527160349288, 40.016159342740835 ], [ -1.084561741623737, 40.036657240821647 ], [ -1.071909603228207, 40.053689310724543 ], [ -1.072566857170834, 40.059927801444786 ], [ -1.082589979795863, 40.071315522600791 ], [ -1.106086808244704, 40.088347592503688 ], [ -1.111180526300046, 40.092209515330509 ], [ -1.125804426523445, 40.096071438157331 ], [ -1.132705592921006, 40.097952887739623 ], [ -1.134841668234536, 40.102309928877574 ], [ -1.135663235662818, 40.10409235479765 ], [ -1.149794195429251, 40.114786910318067 ], [ -1.163103587767402, 40.113796673695809 ], [ -1.201388629925304, 40.110825963829022 ], [ -1.244931703624196, 40.116173241589237 ], [ -1.250682675622166, 40.123005874282839 ], [ -1.246410524995106, 40.127560962745243 ], [ -1.248546600308636, 40.135185784736656 ], [ -1.246410524995106, 40.140434038834641 ], [ -1.244274449681569, 40.145979363919302 ], [ -1.246739151966416, 40.146573505892661 ], [ -1.249861108193883, 40.145385221945951 ], [ -1.25298306442135, 40.14399889067478 ], [ -1.27598695241322, 40.162120220862164 ], [ -1.276644206355847, 40.164595812417822 ], [ -1.277137146812812, 40.167269451297926 ], [ -1.281080670468562, 40.170042113840253 ], [ -1.284202626696029, 40.172319658071459 ], [ -1.287488896409151, 40.182816166267429 ], [ -1.295868884177622, 40.197471668276897 ], [ -1.29504731674934, 40.200640425468137 ], [ -1.293568495378437, 40.20697793985061 ], [ -1.298169272976807, 40.211731075637459 ], [ -1.300305348290337, 40.20697793985061 ], [ -1.316408069884645, 40.199749212508095 ], [ -1.322980609310896, 40.184895663174174 ], [ -1.322323355368269, 40.172418681733681 ], [ -1.320022966569084, 40.167962616933508 ], [ -1.317393950798582, 40.162615339173293 ], [ -1.319365712626457, 40.14706862420379 ], [ -1.332675104964615, 40.142909630390292 ], [ -1.335797061192082, 40.142018417430258 ], [ -1.344998616388828, 40.136275045021144 ], [ -1.355678992956477, 40.129739483314218 ], [ -1.362251532382729, 40.130828743598705 ], [ -1.363894667239293, 40.134987737412203 ], [ -1.365209175124541, 40.138453565590119 ], [ -1.384926793403288, 40.138255518265666 ], [ -1.385912674317225, 40.137661376292307 ], [ -1.387720122659438, 40.136770163332272 ], [ -1.389198944030348, 40.135383832061109 ], [ -1.391170705858222, 40.134492619101074 ], [ -1.393471094657407, 40.134393595438844 ], [ -1.397085991341847, 40.135284808398879 ], [ -1.400536574540624, 40.136572116007819 ], [ -1.404480098196373, 40.139146731225701 ], [ -1.411709891565245, 40.140830133483547 ], [ -1.411709891565245, 40.140830133483547 ], [ -1.422390268132901, 40.142315488416941 ], [ -1.422883208589873, 40.142216464754711 ], [ -1.427648299673898, 40.140731109821317 ], [ -1.429784374987427, 40.139344778550154 ], [ -1.431756136815302, 40.139245754887924 ], [ -1.436521227899334, 40.140533062496864 ], [ -1.440793378526394, 40.142612559403617 ], [ -1.445558469610425, 40.143602796025874 ], [ -1.448844739323548, 40.145385221945951 ], [ -1.442272199897303, 40.15766415606199 ], [ -1.442436513382958, 40.165288978053404 ], [ -1.439150243669836, 40.197075573627991 ], [ -1.456403159663736, 40.191332201218877 ], [ -1.474313329600264, 40.18529175782308 ], [ -1.48959448376629, 40.192817556152271 ], [ -1.510955236901594, 40.203413088010464 ], [ -1.522621494383188, 40.201729685752625 ], [ -1.525579137125, 40.198857999548061 ], [ -1.531494422608624, 40.193015603476724 ], [ -1.540531664319715, 40.190837082907748 ], [ -1.572408480537021, 40.214701785504246 ], [ -1.577995139049328, 40.22054418157559 ], [ -1.592290412301416, 40.235694801896187 ], [ -1.606092745096539, 40.242923529238695 ], [ -1.614308419379348, 40.248666901647809 ], [ -1.638298188285155, 40.265500924226252 ], [ -1.653086401994216, 40.278770094964557 ], [ -1.659823254906122, 40.284711514698124 ], [ -1.667545988731959, 40.295208022894101 ], [ -1.692028698094738, 40.308279146307946 ], [ -1.702544761176732, 40.303724057845542 ], [ -1.708131419689046, 40.295208022894101 ], [ -1.709117300602983, 40.293821691622931 ], [ -1.712074943344795, 40.280057402573497 ], [ -1.718154542314075, 40.277680834680069 ], [ -1.725220022197291, 40.28520663300926 ], [ -1.729163545853041, 40.30174358460102 ], [ -1.719961990656294, 40.3171912759083 ], [ -1.713553764715698, 40.315903968299359 ], [ -1.705173776947234, 40.31422056604152 ], [ -1.698272610549672, 40.316795181259394 ], [ -1.698272610549672, 40.320954175072892 ], [ -1.721112185055887, 40.340956954842575 ], [ -1.722591006426789, 40.341650120478157 ], [ -1.738858041506759, 40.34927494246957 ], [ -1.741979997734227, 40.350661273740734 ], [ -1.764983885726096, 40.378982041137412 ], [ -1.768434468924873, 40.38314103495091 ], [ -1.778293278064247, 40.391459022577905 ], [ -1.788809341146241, 40.392746330186846 ], [ -1.791602670402398, 40.397301418649249 ], [ -1.805733630168831, 40.397994584284831 ], [ -1.800146971656524, 40.41393739390324 ], [ -1.793574432230272, 40.417205174756702 ], [ -1.789630908574523, 40.415818843485539 ], [ -1.785358757947463, 40.414432512214368 ], [ -1.777143083664654, 40.429187037886066 ], [ -1.765641139668716, 40.442555232286594 ], [ -1.758247032814189, 40.451071267238042 ], [ -1.748059596703506, 40.463251177691859 ], [ -1.738858041506759, 40.469489668412102 ], [ -1.735078831336665, 40.472064283629983 ], [ -1.725712962654264, 40.474737922510087 ], [ -1.714211018658325, 40.479887152945849 ], [ -1.709774554545611, 40.481372507879243 ], [ -1.709281614088638, 40.481570555203696 ], [ -1.700408685863202, 40.483154933799312 ], [ -1.692521638551703, 40.486818809301681 ], [ -1.695150654322205, 40.493651441995283 ], [ -1.695150654322205, 40.493750465657506 ], [ -1.695150654322205, 40.494047536644189 ], [ -1.695479281293515, 40.511376677533761 ], [ -1.698436924035327, 40.524843895596518 ], [ -1.701558880262795, 40.539004279294858 ], [ -1.698601237520982, 40.546133982975135 ], [ -1.690385563238173, 40.565839691758143 ], [ -1.691864384609083, 40.572078182478386 ], [ -1.693343205979986, 40.577623507563047 ], [ -1.686934980039396, 40.579603980807576 ], [ -1.685784785639804, 40.579901051794252 ], [ -1.684470277754549, 40.581782501376551 ], [ -1.67806205181396, 40.590991701963581 ], [ -1.674282841643866, 40.592179985910292 ], [ -1.668696183131559, 40.585050282230007 ], [ -1.666395794332367, 40.582079572363227 ], [ -1.659823254906122, 40.581980548700997 ], [ -1.658508747020868, 40.581980548700997 ], [ -1.653743655936843, 40.581980548700997 ], [ -1.643227592854842, 40.580198122780928 ], [ -1.634190351143751, 40.579802028132022 ], [ -1.629753887031036, 40.57603912896743 ], [ -1.609543328295324, 40.567622117678212 ], [ -1.602313534926445, 40.564552384149202 ], [ -1.598698638242013, 40.562076792593544 ], [ -1.587196694246074, 40.569404543598282 ], [ -1.582924543619015, 40.569503567260504 ], [ -1.566657508539052, 40.579703004469799 ], [ -1.555648505000086, 40.586040518852272 ], [ -1.549568906030807, 40.593170222532557 ], [ -1.545461068889402, 40.595249719439302 ], [ -1.553019489229584, 40.602379423119586 ], [ -1.554826937571804, 40.604855014675238 ], [ -1.555319878028776, 40.607231582568666 ], [ -1.557291639856651, 40.608716937502059 ], [ -1.564850060196832, 40.614757380897856 ], [ -1.556963012885333, 40.626739244027213 ], [ -1.555648505000086, 40.628719717271736 ], [ -1.555484191514431, 40.629808977556223 ], [ -1.551540667858681, 40.643375219281211 ], [ -1.54316068009021, 40.653277585503822 ], [ -1.539052842948806, 40.658129744952902 ], [ -1.538395589006186, 40.689322198554137 ], [ -1.54431087448981, 40.69754116251891 ], [ -1.552526548772619, 40.708928883674915 ], [ -1.554169683629176, 40.715563469044064 ], [ -1.555977131971396, 40.716454682004098 ], [ -1.558770461227553, 40.719227344546432 ], [ -1.560249282598456, 40.734476988529259 ], [ -1.560577909569773, 40.736457461773782 ], [ -1.560577909569773, 40.738140864031621 ], [ -1.562056730940675, 40.739725242627244 ], [ -1.555319878028776, 40.750122727160985 ], [ -1.54710420374596, 40.755767075907876 ], [ -1.541681858719308, 40.759728022396921 ], [ -1.540203037348405, 40.763887016210418 ], [ -1.542667739633245, 40.77081867256625 ], [ -1.542667739633245, 40.770917696228473 ], [ -1.542667739633245, 40.771412814539609 ], [ -1.539217156434468, 40.792603878256003 ], [ -1.542339112661935, 40.811220326754515 ], [ -1.54463950146112, 40.816171509865825 ], [ -1.549897533002117, 40.820627574665998 ], [ -1.553348116200901, 40.823499260870555 ], [ -1.553512429686556, 40.823895355519461 ], [ -1.556798699399678, 40.828846538630771 ], [ -1.565343000653804, 40.830331893564157 ], [ -1.571258286137422, 40.831421153848645 ], [ -1.592290412301416, 40.849839555022712 ], [ -1.593604920186671, 40.853305383200627 ], [ -1.602806475383417, 40.859444850258647 ], [ -1.620223704862973, 40.879447630028324 ], [ -1.625317422918314, 40.898262125851289 ], [ -1.619730764406007, 40.904896711220445 ], [ -1.612500971037136, 40.913412746171893 ], [ -1.608228820410069, 40.926879964234651 ], [ -1.617430375606823, 40.943713986813094 ], [ -1.628439379145782, 40.948665169924396 ], [ -1.632054275830221, 40.950645643168919 ], [ -1.634847605086378, 40.952626116413441 ], [ -1.641913084969595, 40.959755820093726 ], [ -1.651278953651996, 40.967083571098463 ], [ -1.654072282908153, 40.968965020680756 ], [ -1.657029925649965, 40.969460138991884 ], [ -1.658837373992185, 40.97302499083203 ], [ -1.65900168747784, 40.973322061818706 ], [ -1.659823254906122, 40.976391795347716 ], [ -1.660973449305715, 40.978372268592238 ], [ -1.666395794332367, 40.981739073107931 ], [ -1.673625587701245, 40.983719546352454 ], [ -1.674775782100838, 40.98401661733913 ], [ -1.675761663014775, 40.98530392494807 ], [ -1.679212246213552, 40.989363895099345 ], [ -1.684963218211522, 40.992433628628355 ], [ -1.687592233982016, 40.993720936237295 ], [ -1.691864384609083, 40.995602385819588 ], [ -1.700080058891892, 41.002335994850966 ], [ -1.708788673631673, 41.007683272611175 ], [ -1.714703959115297, 41.012040313749125 ], [ -1.718976109742357, 41.016001260238177 ], [ -1.724562768254664, 41.021249514336162 ], [ -1.729820799795668, 41.024022176878489 ], [ -1.736229025736257, 41.030161643936509 ], [ -1.738858041506759, 41.031250904220997 ], [ -1.742472938191192, 41.03273625915439 ], [ -1.746745088818251, 41.034419661412237 ], [ -1.747730969732189, 41.036895252967888 ], [ -1.749702731560063, 41.041648388754744 ], [ -1.75249606081622, 41.04382690932372 ], [ -1.758739973271155, 41.048580045110576 ], [ -1.758247032814189, 41.052045873288492 ], [ -1.757754092357217, 41.055115606817502 ], [ -1.761040362070347, 41.056898032737571 ], [ -1.761861929498629, 41.058482411333188 ], [ -1.764162318297814, 41.060660931902163 ], [ -1.764326631783469, 41.060759955564386 ], [ -1.769913290295783, 41.066107233324601 ], [ -1.775992889265062, 41.069077943191388 ], [ -1.777307397150309, 41.06967208516474 ], [ -1.780100726406467, 41.070563298124775 ], [ -1.783551309605244, 41.072543771369297 ], [ -1.786180325375746, 41.073434984329332 ], [ -1.78995953554584, 41.076009599547213 ], [ -1.794724626629865, 41.078782262089547 ], [ -1.797846582857332, 41.08323832688972 ], [ -1.800311285142179, 41.086209036756507 ], [ -1.801132852570461, 41.086902202392089 ], [ -1.803268927883991, 41.089971935921099 ], [ -1.805405003197521, 41.090665101556681 ], [ -1.811977542623772, 41.091754361841168 ], [ -1.814442244908612, 41.093041669450109 ], [ -1.817399887650424, 41.095121166356861 ], [ -1.825122621476268, 41.095319213681314 ], [ -1.826437129361516, 41.095418237343537 ], [ -1.869487262603442, 41.108291313432936 ], [ -1.873430786259192, 41.114727851477639 ], [ -1.877867250371906, 41.122154626144599 ], [ -1.887233119054315, 41.129383353487107 ], [ -1.890519388767437, 41.133047228989469 ], [ -1.899063690021556, 41.135324773220674 ], [ -1.90711505081871, 41.134928678571768 ], [ -1.921574637556461, 41.134334536598409 ], [ -1.932419327609772, 41.138592554074137 ], [ -1.936034224294204, 41.144632997469927 ], [ -1.939156180521671, 41.147306636350038 ], [ -1.938498926579051, 41.149683204243466 ], [ -1.938498926579051, 41.150079298892365 ], [ -1.939156180521671, 41.152455866785793 ], [ -1.945564406462267, 41.158694357506043 ], [ -1.94671460086186, 41.159882641452754 ], [ -1.947536168290142, 41.161070925399471 ], [ -1.947700481775797, 41.161467020048377 ], [ -1.948357735718425, 41.166814297808585 ], [ -1.950658124517609, 41.168893794715338 ], [ -1.953944394230732, 41.169785007675372 ], [ -1.959038112286073, 41.172458646555476 ], [ -1.962160068513541, 41.171369386270989 ], [ -1.966267905654945, 41.169586960350919 ], [ -1.969718488853729, 41.169091842039784 ], [ -1.982863567706225, 41.165031871888516 ], [ -1.986807091361975, 41.161962138359506 ], [ -1.987792972275912, 41.161169949061694 ], [ -1.992065122902972, 41.159981665114984 ], [ -2.008496471468597, 41.156416813274838 ], [ -2.009975292839499, 41.156515836937068 ], [ -2.015726264837468, 41.156911931585974 ], [ -2.029528597632584, 41.156317789612615 ], [ -2.038401525858021, 41.155129505665904 ], [ -2.047603081054774, 41.152653914110246 ], [ -2.051710918196179, 41.146811518038902 ], [ -2.077343821958543, 41.163150422306217 ], [ -2.07865832984379, 41.167012345133038 ], [ -2.079972837729045, 41.170973291622083 ], [ -2.091474781724976, 41.172854741204382 ], [ -2.106755935891009, 41.175231309097811 ], [ -2.146191172448496, 41.18444050968484 ], [ -2.147669993819399, 41.202165745223319 ], [ -2.148984501704653, 41.218801720477309 ], [ -2.149806069132929, 41.220782193721831 ], [ -2.150627636561211, 41.225436305846458 ], [ -2.152928025360403, 41.23365526981123 ], [ -2.154899787188278, 41.240388878842609 ], [ -2.155721354616553, 41.249994174078545 ], [ -2.15637860855918, 41.258609232692216 ], [ -2.157857429930083, 41.262372131856814 ], [ -2.158678997358365, 41.264847723412466 ], [ -2.15884331084402, 41.26563991271027 ], [ -2.163444088442397, 41.283167100924302 ], [ -2.168866433469049, 41.285840739804406 ], [ -2.17363152455308, 41.288118284035605 ], [ -2.17297427061046, 41.295842129689248 ], [ -2.170180941354303, 41.29960502885384 ], [ -2.169030746954711, 41.301090383787233 ], [ -2.168866433469049, 41.30386304632956 ], [ -2.168044866040773, 41.306536685209672 ], [ -2.168537806497739, 41.307823992818612 ], [ -2.169030746954711, 41.308616182116417 ], [ -2.168209179526428, 41.309903489725357 ], [ -2.167223298612491, 41.311685915645427 ], [ -2.167551925583801, 41.313666388889949 ], [ -2.167551925583801, 41.314062483538855 ], [ -2.168866433469049, 41.316538075094506 ], [ -2.170509568325613, 41.318815619325711 ], [ -2.169030746954711, 41.322578518490303 ], [ -2.165087223298961, 41.326737512303801 ], [ -2.157364489473117, 41.334857452606343 ], [ -2.160815072671895, 41.348819788980229 ], [ -2.162458207528459, 41.354761208713796 ], [ -2.153749592788678, 41.356048516322737 ], [ -2.149313128675963, 41.356642658296096 ], [ -2.125159046284502, 41.370704018332205 ], [ -2.117271998973003, 41.381992715825987 ], [ -2.119901014743505, 41.388033159221784 ], [ -2.12072258217178, 41.390013632466307 ], [ -2.119572387772187, 41.390310703452982 ], [ -2.119408074286532, 41.390310703452982 ], [ -2.119572387772187, 41.390706798101888 ], [ -2.120229641714815, 41.393974578955351 ], [ -2.118915133829567, 41.396054075862104 ], [ -2.118093566401285, 41.397044312484361 ], [ -2.11612180457341, 41.408630080964819 ], [ -2.116286118059065, 41.41605685563178 ], [ -2.116286118059065, 41.425959221854392 ], [ -2.110699459546751, 41.435366469765881 ], [ -2.103798293149197, 41.439327416254926 ], [ -2.103305352692225, 41.439624487241602 ], [ -2.103141039206569, 41.440119605552731 ], [ -2.101497904350005, 41.445763954299622 ], [ -2.047110140597802, 41.434376233143617 ], [ -2.035608196601871, 41.425068008894357 ], [ -2.034622315687933, 41.406154489409168 ], [ -2.038565839343683, 41.401302329960089 ], [ -2.043166616942052, 41.395360910226515 ], [ -2.04201642254246, 41.390013632466307 ], [ -2.034129375230961, 41.386349756963938 ], [ -2.032321926888741, 41.386745851612844 ], [ -2.031993299917431, 41.386844875275067 ], [ -2.031171732489149, 41.385953662315032 ], [ -2.029199970661274, 41.384171236394963 ], [ -2.02509213351987, 41.383775141746057 ], [ -2.009810979353844, 41.386151709639485 ], [ -2.001595305071035, 41.393182389657539 ], [ -2.001595305071035, 41.393380436981992 ], [ -1.999787856728815, 41.393776531630898 ], [ -1.987792972275912, 41.396351146848779 ], [ -1.986807091361975, 41.397143336146591 ], [ -1.981384746335316, 41.401797448271218 ], [ -1.970211429310694, 41.401599400946765 ], [ -1.969061234911102, 41.401500377284535 ], [ -1.966760846111917, 41.402490613906799 ], [ -1.952794199831139, 41.408333009978143 ], [ -1.946221660404888, 41.407936915329238 ], [ -1.937841672636424, 41.407441797018109 ], [ -1.938991867036016, 41.416254902956233 ], [ -1.939156180521671, 41.416948068591815 ], [ -1.938991867036016, 41.417146115916267 ], [ -1.936527164751176, 41.419918778458602 ], [ -1.94457852554833, 41.421998275365347 ], [ -1.953615767259421, 41.424275819596552 ], [ -1.950986751488919, 41.428929931721179 ], [ -1.94885067617539, 41.432494783561317 ], [ -1.952465572859829, 41.459627267011285 ], [ -1.970047115825039, 41.481412472701031 ], [ -1.973497699023824, 41.483392945945553 ], [ -1.980070238450068, 41.486858774123469 ], [ -1.975469460851698, 41.515575636169054 ], [ -1.978098476622193, 41.526666286338383 ], [ -1.970540056282012, 41.540430575387816 ], [ -1.967253786568882, 41.5460749241347 ], [ -1.97037574279635, 41.548649539352581 ], [ -1.968568294454137, 41.551224154570463 ], [ -1.971361623710287, 41.555680219370636 ], [ -1.973497699023824, 41.557957763601841 ], [ -1.976783968736946, 41.557363621628483 ], [ -1.977276909193911, 41.557759716277388 ], [ -1.978427103593511, 41.558650929237423 ], [ -1.981877686792288, 41.562017733753109 ], [ -1.981384746335316, 41.563206017699827 ], [ -1.980727492392695, 41.56469137263322 ], [ -1.983192194677535, 41.567563058837777 ], [ -1.985492583476727, 41.568850366446718 ], [ -1.985821210448037, 41.569246461095616 ], [ -1.988943166675504, 41.572811312935762 ], [ -1.993708257759536, 41.577069330411483 ], [ -1.995022765644784, 41.581723442536116 ], [ -1.991900809417317, 41.590338501149787 ], [ -1.992886690331254, 41.595190660598867 ], [ -1.993379630788219, 41.600141843710176 ], [ -1.98450670256279, 41.607073500066008 ], [ -1.979741611478758, 41.604795955834803 ], [ -1.977112595708256, 41.603508648225862 ], [ -1.969554175368074, 41.604102790199221 ], [ -1.959202425771728, 41.604894979497033 ], [ -1.946057346919233, 41.602518411603604 ], [ -1.923053458927363, 41.598359417790107 ], [ -1.914837784644554, 41.610638351906147 ], [ -1.907936618246993, 41.621134860102117 ], [ -1.904157408076898, 41.623610451657768 ], [ -1.900871138363776, 41.625887995888974 ], [ -1.899228003507218, 41.629452847729112 ], [ -1.897913495621964, 41.632423557595899 ], [ -1.890519388767437, 41.635988409436038 ], [ -1.887233119054315, 41.637473764369432 ], [ -1.878360190828879, 41.638761071978372 ], [ -1.873266472773537, 41.639454237613954 ], [ -1.866036679404658, 41.649752698485472 ], [ -1.858313945578821, 41.661041395979254 ], [ -1.835802998043917, 41.660744324992571 ], [ -1.813127737023365, 41.660546277668118 ], [ -1.810827348224173, 41.66262577457487 ], [ -1.806226570625803, 41.664210153170487 ], [ -1.808034018968023, 41.676984205597662 ], [ -1.80901989988196, 41.684708051251299 ], [ -1.812634796566392, 41.686094382522462 ], [ -1.802447360455709, 41.695996748745081 ], [ -1.795546194058147, 41.697878198327373 ], [ -1.788152087203621, 41.699957695234126 ], [ -1.786837579318366, 41.707384469901086 ], [ -1.785194444461808, 41.716791717812569 ], [ -1.781908174748686, 41.719465356692673 ], [ -1.775335635322435, 41.724812634452888 ], [ -1.788809341146241, 41.733328669404337 ], [ -1.79456031314421, 41.732932574755431 ], [ -1.798832463771269, 41.732635503768755 ], [ -1.807869705482361, 41.736299379271117 ], [ -1.805897943654486, 41.743330059289171 ], [ -1.803597554855301, 41.751549023253943 ], [ -1.816742633707797, 41.76244162609882 ], [ -1.821179097820519, 41.766105501601189 ], [ -1.821507724791829, 41.76669964357454 ], [ -1.825286934961923, 41.773532276268149 ], [ -1.825944188904543, 41.778681506703904 ], [ -1.843854358841071, 41.786801447006454 ], [ -1.85174140615257, 41.790465322508815 ], [ -1.844018672326726, 41.805516919167189 ], [ -1.834159863187359, 41.815419285389808 ], [ -1.828573204675045, 41.817795853283229 ], [ -1.827094383304143, 41.818489018918818 ], [ -1.819535962963954, 41.828787479790336 ], [ -1.819207335992644, 41.857009223524784 ], [ -1.822986546162738, 41.863841856218386 ], [ -1.827094383304143, 41.86354478523171 ], [ -1.832188101359485, 41.863346737907257 ], [ -1.834981430615635, 41.86651549509849 ], [ -1.839910835185322, 41.875229577374391 ], [ -1.839910835185322, 41.877507121605596 ], [ -1.839746521699666, 41.884537801623651 ], [ -1.839417894728356, 41.889290937410507 ], [ -1.843854358841071, 41.894638215170716 ], [ -1.850755525238633, 41.902956202797711 ], [ -1.856999437693567, 41.910482001126901 ], [ -1.856999437693567, 41.918403894104991 ], [ -1.856506497236602, 41.966430370284669 ], [ -1.864064917576783, 41.977025902142863 ], [ -1.845168866726326, 41.987225339352158 ], [ -1.850426898267322, 41.997226729236999 ], [ -1.8471406285542, 42.008020308419646 ], [ -1.834159863187359, 41.995840397965836 ], [ -1.825286934961923, 41.995642350641383 ], [ -1.820357530392236, 41.996236492614734 ], [ -1.810663034738518, 41.997523800223675 ], [ -1.805240689711866, 41.9953452796547 ], [ -1.798668150285614, 41.992572617112373 ], [ -1.790452476002805, 41.990097025556715 ], [ -1.774514067894152, 41.993463830072407 ], [ -1.766627020582654, 41.995147232330247 ], [ -1.760218794642064, 41.988710694285551 ], [ -1.739679608935035, 41.968311819866969 ], [ -1.727684724482131, 41.961677234497813 ], [ -1.714868272600953, 41.95722116969764 ], [ -1.704187896033297, 41.955834838426469 ], [ -1.686277726096769, 41.953458270533048 ], [ -1.681348321527082, 41.959795784915521 ], [ -1.676090289986085, 41.966430370284669 ], [ -1.66113776279137, 41.961380163511137 ], [ -1.658180120049558, 41.960389926888872 ], [ -1.65719423913562, 41.961677234497813 ], [ -1.654072282908153, 41.965341110000182 ], [ -1.642898965883532, 41.958904571955479 ], [ -1.614308419379348, 41.949992442355132 ], [ -1.606421372067857, 41.939693981483614 ], [ -1.59754844384242, 41.928504307652055 ], [ -1.580131214362858, 41.920978509322872 ], [ -1.572244167051359, 41.918403894104991 ], [ -1.55942771517018, 41.91414587662927 ], [ -1.523278748325815, 41.909887859153542 ], [ -1.505697205360597, 41.916720491847144 ], [ -1.504875637932315, 41.918403894104991 ], [ -1.50471132444666, 41.918601941429444 ], [ -1.501753681704848, 41.924246290176335 ], [ -1.495181142278604, 41.924345313838558 ], [ -1.491730559079819, 41.924246290176335 ], [ -1.491401932108509, 41.924246290176335 ], [ -1.486636841024477, 41.924048242851882 ], [ -1.482529003883073, 41.924642384825241 ], [ -1.477599599313386, 41.924939455811916 ], [ -1.472998821715009, 41.924444337500788 ], [ -1.465769028346138, 41.921968745945129 ], [ -1.460510996805141, 41.918799988753896 ], [ -1.459689429376859, 41.918403894104991 ], [ -1.457060413606364, 41.916918539171597 ], [ -1.453281203436269, 41.915730255224886 ], [ -1.450980814637084, 41.916027326211562 ], [ -1.44539415612477, 41.915631231562656 ], [ -1.443586707782551, 41.915928302549339 ], [ -1.440793378526394, 41.916423420860468 ], [ -1.438328676241554, 41.915928302549339 ], [ -1.436521227899334, 41.914640994940399 ], [ -1.436356914413679, 41.914442947615946 ], [ -1.434220839100149, 41.914244900291493 ], [ -1.432249077272274, 41.91404685296704 ], [ -1.421733014190274, 41.913056616344782 ], [ -1.417789490534524, 41.913848805642587 ], [ -1.415817728706649, 41.916918539171597 ], [ -1.413517339907465, 41.918403894104991 ], [ -1.40940950276606, 41.921077532985095 ], [ -1.408094994880813, 41.923553124540753 ], [ -1.401851082425878, 41.935832058656793 ], [ -1.38821306311641, 41.941278360079231 ], [ -1.383447972032378, 41.943258833323753 ], [ -1.380161702319256, 41.950388537004031 ], [ -1.380490329290566, 41.950883655315167 ], [ -1.38607698780288, 41.957023122373187 ], [ -1.379997388833601, 41.959597737591068 ], [ -1.374246416835632, 41.963162589431207 ], [ -1.364551921181913, 41.984848771458729 ], [ -1.338261763476922, 42.018912911264522 ], [ -1.328074327366238, 42.026240662269259 ], [ -1.304741812403059, 42.042975661185473 ], [ -1.306549260745271, 42.045352229078901 ], [ -1.307206514687898, 42.046441489363389 ], [ -1.306220633773961, 42.048421962607911 ], [ -1.304248871946086, 42.052779003745862 ], [ -1.310985724857993, 42.063671606590738 ], [ -1.31197160577193, 42.065355008848584 ], [ -1.31197160577193, 42.066840363781978 ], [ -1.31164297880062, 42.071692523231057 ], [ -1.331689224050677, 42.072484712528862 ], [ -1.351406842329418, 42.073177878164451 ], [ -1.364880548153231, 42.093279681596357 ], [ -1.366359369524133, 42.10080547992554 ], [ -1.367509563923726, 42.106845923321337 ], [ -1.380490329290566, 42.115064887286103 ], [ -1.398729126198404, 42.126848703091014 ], [ -1.395114229513972, 42.141306157776036 ], [ -1.393306781171752, 42.149129027091895 ], [ -1.394785602542655, 42.152396807945358 ], [ -1.397578931798812, 42.157942133030026 ], [ -1.394292662085689, 42.173488847999529 ], [ -1.392320900257815, 42.182004882950977 ], [ -1.396264423913564, 42.191115059875784 ], [ -1.400372261054969, 42.193788698755888 ], [ -1.413353026421809, 42.202205710045106 ], [ -1.414996161278374, 42.205473490898569 ], [ -1.415653415220994, 42.208642248089809 ], [ -1.416967923106249, 42.210226626685426 ], [ -1.417460863563214, 42.212306123592178 ], [ -1.416967923106249, 42.219237779948003 ], [ -1.416310669163622, 42.222010442490337 ], [ -1.409573816251715, 42.231615737726273 ], [ -1.405958919567283, 42.236963015486488 ], [ -1.404151471225063, 42.239537630704362 ], [ -1.400372261054969, 42.245380026775706 ], [ -1.399386380141031, 42.256074582296129 ], [ -1.399386380141031, 42.256470676945035 ], [ -1.397743245284467, 42.259936505122951 ], [ -1.390513451915595, 42.276077362065813 ], [ -1.393635408143062, 42.28320706574609 ], [ -1.397743245284467, 42.292614313657573 ], [ -1.388377376602065, 42.300041088324534 ], [ -1.383612285518034, 42.303704963826902 ], [ -1.381640523690159, 42.306477626369237 ], [ -1.375067984263914, 42.315686826956266 ], [ -1.358800949183951, 42.333511086156975 ], [ -1.3522284097577, 42.339452505890542 ], [ -1.345491556845793, 42.34173005012174 ], [ -1.343191168046609, 42.342522239419552 ], [ -1.329060208280175, 42.35539531550895 ], [ -1.336125688163392, 42.371239101465129 ], [ -1.342533914103981, 42.371239101465129 ], [ -1.35189978278639, 42.371140077802906 ], [ -1.358472322212634, 42.376685402887567 ], [ -1.357157814327387, 42.381438538674423 ], [ -1.349106453530233, 42.396985253643926 ], [ -1.343026854560954, 42.408670045786614 ], [ -1.342205287132671, 42.416690962426927 ], [ -1.341548033190044, 42.423919689769434 ], [ -1.315750815942025, 42.448576581663744 ], [ -1.305892006802651, 42.451943386179437 ], [ -1.291761047036218, 42.456597498304063 ], [ -1.282066551382499, 42.464717438606606 ], [ -1.27352225012838, 42.481551461185049 ], [ -1.275494011956255, 42.494424537274448 ], [ -1.280916356982907, 42.496900128830106 ], [ -1.286174388523904, 42.49947474404798 ], [ -1.287324582923496, 42.504921045470418 ], [ -1.287981836866123, 42.507990778999428 ], [ -1.290939479607935, 42.509575157595052 ], [ -1.293404181892775, 42.510961488866215 ], [ -1.264649321902944, 42.556017255179107 ], [ -1.242795628310667, 42.548095362201018 ], [ -1.227843101115951, 42.542649060778579 ], [ -1.219463113347487, 42.547897314876565 ], [ -1.218148605462233, 42.548689504174376 ], [ -1.215683903177393, 42.549184622485505 ], [ -1.200895689468332, 42.552452403338968 ], [ -1.202703137810552, 42.560374296317057 ], [ -1.204017645695799, 42.565919621401726 ], [ -1.201060002953987, 42.577208318895501 ], [ -1.18035650376131, 42.588893111038189 ], [ -1.162939274281747, 42.598795477260801 ], [ -1.171319262050218, 42.60364763670988 ], [ -1.175262785705968, 42.605925180941085 ], [ -1.179534936333027, 42.609391009119001 ], [ -1.175755726162933, 42.615629499839244 ], [ -1.168197305822751, 42.61612461815038 ], [ -1.163103587767402, 42.613351955608039 ], [ -1.15768124274075, 42.610480269403489 ], [ -1.156038107884186, 42.622363108870616 ], [ -1.152423211199753, 42.647515119076061 ], [ -1.103293478988547, 42.646029764142668 ], [ -1.093434669849174, 42.64513855118264 ], [ -1.058600210890056, 42.641870770329177 ], [ -1.040197100496563, 42.647911213724967 ], [ -1.036746517297779, 42.651575089227336 ], [ -1.038061025183033, 42.652961420498499 ], [ -1.038718279125654, 42.655337988391921 ], [ -1.039375533068281, 42.657714556285356 ], [ -1.039211219582626, 42.659794053192101 ], [ -1.039539846553936, 42.664151094330052 ], [ -1.036746517297779, 42.668904230116908 ], [ -1.032474366670719, 42.675538815486064 ], [ -1.035103382441221, 42.679202690988433 ], [ -1.036746517297779, 42.681579258881854 ], [ -1.037896711697378, 42.687322631290968 ], [ -1.039211219582626, 42.691580648766688 ], [ -1.033460247584657, 42.692867956375636 ], [ -1.032967307127691, 42.693066003700082 ], [ -1.029023783471942, 42.694848429620151 ], [ -1.029188096957597, 42.695145500606841 ], [ -1.030009664385879, 42.696531831878005 ], [ -1.026559081187095, 42.700096683718144 ], [ -1.018507720389941, 42.701879109638213 ], [ -1.000761863939076, 42.700096683718144 ], [ -0.994682264969789, 42.700888873015955 ], [ -0.970528182578327, 42.704057630207188 ], [ -0.964612897094703, 42.707523458385097 ], [ -0.958040357668459, 42.711385381211926 ], [ -0.955082714926647, 42.711682452198602 ], [ -0.948510175500395, 42.712276594171954 ], [ -0.943252143959398, 42.720792629123409 ], [ -0.935200783162244, 42.733566681550585 ], [ -0.929778438135592, 42.736339344092912 ], [ -0.926163541451153, 42.738121770012981 ], [ -0.924684720080251, 42.740993456217538 ], [ -0.923041585223686, 42.743964166084325 ], [ -0.901023578145754, 42.742676858475377 ], [ -0.899216129803534, 42.760699165000545 ], [ -0.891986336434663, 42.762481590920615 ], [ -0.873418912555515, 42.759213810067152 ], [ -0.865696178729671, 42.763273780218427 ], [ -0.862902849473514, 42.768918128965311 ], [ -0.857809131418172, 42.771096649534286 ], [ -0.848278949250108, 42.786247269854883 ], [ -0.850415024563645, 42.791990642263997 ], [ -0.859945206731702, 42.800011558904316 ], [ -0.852058159420203, 42.808230522869081 ], [ -0.85485148867636, 42.823480166851908 ], [ -0.856330310047269, 42.846255609163933 ], [ -0.847786008793143, 42.848533153395124 ], [ -0.830861719770553, 42.865367175973574 ], [ -0.820509970174214, 42.867644720204765 ], [ -0.815251938633217, 42.876655873467357 ], [ -0.815087625147555, 42.887548476312233 ], [ -0.820838597145524, 42.893390872383563 ], [ -0.817388013946747, 42.901609836348342 ], [ -0.802106859780714, 42.907650279744132 ], [ -0.782553554987629, 42.921414568793566 ], [ -0.752812814083853, 42.924088207673677 ], [ -0.741146556602267, 42.918938977237914 ], [ -0.724550894550987, 42.920127261184632 ] ], [ [ -1.129419323207884, 42.446695132081452 ], [ -1.059093151347028, 42.434416197965412 ], [ -1.051863357978149, 42.440159570374526 ], [ -1.054328060262996, 42.448774628988197 ], [ -1.064351182888025, 42.453923859423959 ], [ -1.069937841400339, 42.466004746215546 ], [ -1.086697816937267, 42.474223710180318 ], [ -1.08505468208071, 42.483333887105118 ], [ -1.095899372134014, 42.485809478660777 ], [ -1.102143284588955, 42.482739745131767 ], [ -1.125311486066479, 42.455805309006251 ], [ -1.129419323207884, 42.446695132081452 ] ], [ [ -1.145522044802192, 42.436792765858833 ], [ -1.14502910434522, 42.441842972632372 ], [ -1.153080465142374, 42.44095175967233 ], [ -1.162117706853465, 42.433326937680924 ], [ -1.168032992337089, 42.430653298800813 ], [ -1.181835325132212, 42.42431578441834 ], [ -1.18282120604615, 42.423919689769434 ], [ -1.182656892560495, 42.423424571458305 ], [ -1.18101375770393, 42.417285104400285 ], [ -1.183314146503122, 42.410353448044454 ], [ -1.185943162273617, 42.402134484079689 ], [ -1.162117706853465, 42.40896711677329 ], [ -1.160310258511252, 42.409462235084419 ], [ -1.159653004568625, 42.409660282408872 ], [ -1.154394973027628, 42.415007560169087 ], [ -1.153409092113691, 42.422038240187142 ], [ -1.152258897714098, 42.428969896542974 ], [ -1.148644001029659, 42.433128890356471 ], [ -1.145522044802192, 42.436792765858833 ] ] ] } },
{ "type": "Feature", "properties": { "index": 1473, "nuts_2_code": "ES30", "nuts_2_name": "Comunidad de Madrid" }, "geometry": { "type": "MultiPolygon", "coordinates": [ [ [ [ -3.067825513494164, 40.158060250710896 ], [ -3.076041187776973, 40.156772943101956 ], [ -3.079491770975757, 40.159248534657607 ], [ -3.084421175545437, 40.162813386497746 ], [ -3.088693326172503, 40.162714362835523 ], [ -3.096580373484002, 40.154594422532981 ], [ -3.094772925141783, 40.151029570692835 ], [ -3.094608611656128, 40.150633476043936 ], [ -3.095101552113093, 40.148851050123859 ], [ -3.09641605999834, 40.144196937999233 ], [ -3.083763921602817, 40.137760399954537 ], [ -3.077848636119192, 40.13478969008775 ], [ -3.066511005608916, 40.120926377376094 ], [ -3.061910228010539, 40.115282028629203 ], [ -3.059609839211355, 40.114093744682485 ], [ -3.057145136926508, 40.112905460735774 ], [ -3.053037299785103, 40.099339219010794 ], [ -3.06223885498185, 40.089337829125952 ], [ -3.095265865598748, 40.068542860058464 ], [ -3.118105440104962, 40.06141315637818 ], [ -3.140780701125522, 40.063195582298249 ], [ -3.144559911295609, 40.064383866244967 ], [ -3.149489315865296, 40.065968244840583 ], [ -3.156226168777202, 40.064779960893873 ], [ -3.158033617119422, 40.06448288990719 ], [ -3.161484200318199, 40.064878984556096 ], [ -3.162470081232136, 40.080722770512281 ], [ -3.164441843060011, 40.082901291081249 ], [ -3.166249291402231, 40.084980787988002 ], [ -3.167070858830513, 40.085772977285814 ], [ -3.167070858830513, 40.090229042085987 ], [ -3.177915548883824, 40.091417326032698 ], [ -3.179887310711699, 40.089040758139276 ], [ -3.178572802826444, 40.087060284894754 ], [ -3.177915548883824, 40.086070048272489 ], [ -3.181694759053919, 40.084782740663549 ], [ -3.188431611965818, 40.082505196432351 ], [ -3.189910433336728, 40.078643273605529 ], [ -3.19138925470763, 40.075375492752066 ], [ -3.211271186472032, 40.06151218004041 ], [ -3.240683300404491, 40.053887358048996 ], [ -3.246269958916805, 40.05527368932016 ], [ -3.253828379256987, 40.057155138902459 ], [ -3.256786021998799, 40.053293216075637 ], [ -3.258264843369709, 40.051609813817791 ], [ -3.259907978226273, 40.052798097764509 ], [ -3.264673069310298, 40.056164902280194 ], [ -3.273053057078769, 40.05032250620885 ], [ -3.276503640277546, 40.047846914653199 ], [ -3.286198135931265, 40.052302979453373 ], [ -3.291456167472262, 40.05210493212892 ], [ -3.302300857525573, 40.053788334386766 ], [ -3.30903771043748, 40.063690700609385 ], [ -3.311995353179285, 40.067849694422883 ], [ -3.32629062643138, 40.078247178956623 ], [ -3.344858050310528, 40.080029604876692 ], [ -3.376899180013488, 40.074187208805355 ], [ -3.378706628355708, 40.066463363151712 ], [ -3.376734866527833, 40.059234635809204 ], [ -3.375091731671269, 40.053293216075637 ], [ -3.381499957611865, 40.051114695506662 ], [ -3.392016020693859, 40.047450820004293 ], [ -3.393001901607796, 40.041410376608503 ], [ -3.394152096007389, 40.035468956874929 ], [ -3.404175218632417, 40.035171885888253 ], [ -3.408283055773822, 40.039033808715075 ], [ -3.410747758058669, 40.041410376608503 ], [ -3.42372852342551, 40.0459654650709 ], [ -3.427343420109942, 40.042103542244085 ], [ -3.429972435880444, 40.039231856039528 ], [ -3.445582217017787, 40.037845524768358 ], [ -3.446568097931724, 40.042598660555214 ], [ -3.447718292331317, 40.047549843666523 ], [ -3.454290831757561, 40.049332269586593 ], [ -3.457905728442, 40.04725277267984 ], [ -3.467600224095719, 40.041806471257402 ], [ -3.473022569122371, 40.042103542244085 ], [ -3.47450139049328, 40.045470346759771 ], [ -3.487482155860114, 40.042004518581855 ], [ -3.490768425573243, 40.045272299435318 ], [ -3.492904500886773, 40.047450820004293 ], [ -3.505720952767959, 40.046460583382036 ], [ -3.511307611280266, 40.043093778866343 ], [ -3.51508682145036, 40.043291826190796 ], [ -3.517058583278235, 40.036459193497194 ], [ -3.521823674362267, 40.026061708963447 ], [ -3.52149504739095, 40.025269519665642 ], [ -3.519523285563075, 40.021011502189914 ], [ -3.550414220866443, 40.017545674011998 ], [ -3.550414220866443, 40.017545674011998 ], [ -3.589192203481311, 40.012693514562919 ], [ -3.59099965182353, 40.009326710047233 ], [ -3.595107488964935, 40.001998959042496 ], [ -3.615646674671957, 39.993879018739953 ], [ -3.630599201866673, 39.990017095913132 ], [ -3.636678800835952, 39.988333693655292 ], [ -3.63339253112283, 39.978035232783768 ], [ -3.630434888381018, 39.968627984872285 ], [ -3.640458011006046, 39.967142629938898 ], [ -3.665926601282756, 39.96347875443653 ], [ -3.676935604821722, 39.960607068231973 ], [ -3.683508144247973, 39.956250027094022 ], [ -3.696653223100469, 39.947535944818121 ], [ -3.704704583897623, 39.950902749333807 ], [ -3.71144143680953, 39.953774435538364 ], [ -3.742496685598553, 39.940802335786742 ], [ -3.743975506969456, 39.937930649582185 ], [ -3.748411971082177, 39.929711685617413 ], [ -3.757284899307614, 39.920898579679289 ], [ -3.778152711985946, 39.910897189794447 ], [ -3.8046071831766, 39.888121747482437 ], [ -3.804278556205283, 39.884754942966744 ], [ -3.811836976545472, 39.885745179589009 ], [ -3.814958932772939, 39.885745179589009 ], [ -3.821038531742218, 39.890201244389182 ], [ -3.834512237566031, 39.899806539625118 ], [ -3.854065542359116, 39.902282131180776 ], [ -3.86211690315627, 39.903272367803034 ], [ -3.875426295494421, 39.910699142469994 ], [ -3.870332577439079, 39.915848372905756 ], [ -3.868360815611204, 39.917729822488049 ], [ -3.870661204410396, 39.921591745314871 ], [ -3.874440414580484, 39.92773121237289 ], [ -3.867374934697267, 39.931989229848618 ], [ -3.84092046350662, 39.941297454097871 ], [ -3.838455761221773, 39.937138460284373 ], [ -3.835991058936933, 39.932979466470876 ], [ -3.832869102709466, 39.932385324497517 ], [ -3.829911459967654, 39.937831625919955 ], [ -3.826296563283215, 39.944268163964658 ], [ -3.8218600991705, 39.946743755520309 ], [ -3.80641463151882, 39.953279317227235 ], [ -3.801320913463471, 39.949120323413737 ], [ -3.798034643750348, 39.946545708195856 ], [ -3.785218191869163, 39.945654495235821 ], [ -3.784560937926543, 39.950110560036002 ], [ -3.783575057012605, 39.955358814133987 ], [ -3.764514692676485, 39.965360204018822 ], [ -3.760078228563764, 39.958428547662997 ], [ -3.764843319647795, 39.955061743147304 ], [ -3.7689511567892, 39.952091033280524 ], [ -3.763035871305576, 39.948625205102609 ], [ -3.752848435194892, 39.954368577511723 ], [ -3.754491570051457, 39.961399257529777 ], [ -3.755477450965394, 39.966350440641087 ], [ -3.749069225024797, 39.964171920072111 ], [ -3.742825312569863, 39.962092423165359 ], [ -3.730008860688677, 39.964369967396564 ], [ -3.7265582774899, 39.970212363467908 ], [ -3.734938265258364, 39.970113339805678 ], [ -3.738060221485831, 39.970014316143455 ], [ -3.744632760912083, 39.979421564054938 ], [ -3.740689237256333, 39.981005942650555 ], [ -3.738717475428459, 39.980213753352743 ], [ -3.734938265258364, 39.978530351094903 ], [ -3.732473562973524, 39.985362983788505 ], [ -3.721793186405868, 39.987343457033028 ], [ -3.722614753834151, 39.996354610295604 ], [ -3.722779067319806, 39.997344846917869 ], [ -3.715713587436589, 40.003484313975889 ], [ -3.70963398846731, 40.01219839625179 ], [ -3.699939492813591, 40.019229076269845 ], [ -3.688601862303315, 40.021506620501043 ], [ -3.684329711676256, 40.018535910634263 ], [ -3.680879128477471, 40.016159342740835 ], [ -3.672992081165972, 40.023090999096667 ], [ -3.667734049624976, 40.027844134883516 ], [ -3.664447779911853, 40.035567980537159 ], [ -3.659025434885201, 40.036459193497194 ], [ -3.655903478657727, 40.034973838563801 ], [ -3.650974074088047, 40.032597270670372 ], [ -3.647030550432298, 40.040519163648462 ], [ -3.636678800835952, 40.04299475520412 ], [ -3.638814876149482, 40.046856678030935 ], [ -3.639143503120799, 40.047648867328746 ], [ -3.637664681749889, 40.050817624519986 ], [ -3.627970186096178, 40.054382476360125 ], [ -3.620904706212961, 40.056957091578006 ], [ -3.622876468040829, 40.06141315637818 ], [ -3.623205095012146, 40.062007298351539 ], [ -3.623040781526491, 40.062304369338214 ], [ -3.617782749985487, 40.06893895470737 ], [ -3.624190975926084, 40.074286232467578 ], [ -3.628134499581833, 40.077752060645494 ], [ -3.620411765755989, 40.080128628538922 ], [ -3.609895702673995, 40.083396409392385 ], [ -3.604801984618646, 40.093199751952774 ], [ -3.608745508274396, 40.093199751952774 ], [ -3.613346285872773, 40.093100728290544 ], [ -3.615646674671957, 40.095873390832878 ], [ -3.610881583587933, 40.103795283810967 ], [ -3.607595313874803, 40.10894451424673 ], [ -3.616632555585895, 40.112113271437963 ], [ -3.625505483811331, 40.115282028629203 ], [ -3.660832883227414, 40.129145341340859 ], [ -3.664940720368818, 40.138255518265666 ], [ -3.66724110916801, 40.143305725039198 ], [ -3.675949723907785, 40.138156494603436 ], [ -3.685644219561503, 40.132512145856552 ], [ -3.712920258180432, 40.141721346443582 ], [ -3.713577512123059, 40.142216464754711 ], [ -3.718178289721436, 40.146375458568208 ], [ -3.720150051549304, 40.14716764786602 ], [ -3.722286126862841, 40.147761789839372 ], [ -3.729844547203022, 40.143899867012557 ], [ -3.735595519200992, 40.139146731225701 ], [ -3.736417086629274, 40.138453565590119 ], [ -3.739703356342396, 40.135185784736656 ], [ -3.742168058627236, 40.134096524452168 ], [ -3.748904911539142, 40.132809216843228 ], [ -3.771415859074047, 40.139740873199059 ], [ -3.777495458043326, 40.14716764786602 ], [ -3.779302906385539, 40.152811996612911 ], [ -3.781110354727758, 40.159149510995384 ], [ -3.799842092092568, 40.175389391600469 ], [ -3.806086004547502, 40.177171817520538 ], [ -3.806578945004475, 40.177171817520538 ], [ -3.810029528203252, 40.171032350462518 ], [ -3.810851095631534, 40.169745042853577 ], [ -3.813973051859001, 40.170042113840253 ], [ -3.818409515971716, 40.170438208489159 ], [ -3.82366754751272, 40.167566522284602 ], [ -3.833362043166431, 40.162021197199941 ], [ -3.840756150020965, 40.162615339173293 ], [ -3.851765153559931, 40.169348948204672 ], [ -3.852586720988214, 40.17489427328934 ], [ -3.853408288416489, 40.179350338089513 ], [ -3.876247862922703, 40.191233177556647 ], [ -3.8815058944637, 40.189351727974355 ], [ -3.883149029320265, 40.188757586000996 ], [ -3.911903889310103, 40.190341964596612 ], [ -3.918312115250693, 40.195095100383469 ], [ -3.926034849076537, 40.200838472792583 ], [ -3.93868698747206, 40.203215040686011 ], [ -3.944273645984374, 40.196481431654632 ], [ -3.949367364039716, 40.19024294093439 ], [ -3.950681871924964, 40.195293147707922 ], [ -3.951010498896281, 40.196481431654632 ], [ -3.951174812381936, 40.196580455316862 ], [ -3.956104216951623, 40.198659952223608 ], [ -3.954625395580713, 40.205492584917216 ], [ -3.952817947238501, 40.212820335921947 ], [ -3.966784593519272, 40.211929122961912 ], [ -3.991924556824678, 40.210542791690749 ], [ -4.009013159332923, 40.22054418157559 ], [ -4.025280194412886, 40.23579382555841 ], [ -4.026266075326824, 40.243616694874277 ], [ -4.025773134869851, 40.244705955158764 ], [ -4.023801373041977, 40.248963972634492 ], [ -4.025773134869851, 40.249558114607851 ], [ -4.032017047324793, 40.249558114607851 ], [ -4.041711542978504, 40.249657138270074 ], [ -4.051898979089188, 40.251538587852373 ], [ -4.056828383658875, 40.253915155745794 ], [ -4.062415042171189, 40.257678054910393 ], [ -4.066029938855621, 40.261440954074985 ], [ -4.068001700683496, 40.262629238021695 ], [ -4.072766791767528, 40.265401900564029 ], [ -4.075231494052375, 40.265203853239576 ], [ -4.080325212107716, 40.266887255497423 ], [ -4.085418930163058, 40.256291723639222 ], [ -4.085583243648713, 40.255994652652547 ], [ -4.086897751533961, 40.254212226732477 ], [ -4.09511342581677, 40.247676665025551 ], [ -4.100042830386457, 40.246191310092158 ], [ -4.100371457357774, 40.246092286429935 ], [ -4.100700084329084, 40.245795215443252 ], [ -4.102178905699986, 40.243418647549824 ], [ -4.104150667527861, 40.241834268954207 ], [ -4.111051833925423, 40.244210836847635 ], [ -4.113680849695925, 40.243715718536507 ], [ -4.120582016093486, 40.243616694874277 ], [ -4.123375345349643, 40.245399120794346 ], [ -4.124361226263581, 40.245993262767705 ], [ -4.127318869005393, 40.245993262767705 ], [ -4.132248273575073, 40.248369830661133 ], [ -4.137999245573042, 40.246488381078834 ], [ -4.143585904085356, 40.244804978820994 ], [ -4.149665503054635, 40.249062996296715 ], [ -4.146872173798478, 40.258272196883745 ], [ -4.144900411970603, 40.264708734928448 ], [ -4.15163726488251, 40.267085302821876 ], [ -4.165439597677633, 40.271937462270955 ], [ -4.168725867390755, 40.279859355249044 ], [ -4.172340764075187, 40.288078319213817 ], [ -4.19222269583959, 40.296396306840812 ], [ -4.203560326349873, 40.286295893293747 ], [ -4.204217580292493, 40.279958378911275 ], [ -4.20520346120643, 40.269560894377527 ], [ -4.210461492747427, 40.268768705079715 ], [ -4.215062270345804, 40.270749178324245 ], [ -4.218184226573271, 40.272135509595408 ], [ -4.222127750229021, 40.27104624931092 ], [ -4.22607127388477, 40.269857965364203 ], [ -4.227057154798707, 40.271145272973143 ], [ -4.231329305425767, 40.276591574395582 ], [ -4.24907516187664, 40.272234533257631 ], [ -4.261891613757825, 40.25005323291898 ], [ -4.270271601526289, 40.235694801896187 ], [ -4.285881382663632, 40.227673885255868 ], [ -4.294261370432096, 40.219652968615556 ], [ -4.306256254885, 40.222623678482336 ], [ -4.306749195341965, 40.224307080740182 ], [ -4.308885270655502, 40.233516281327212 ], [ -4.31890839328053, 40.228961192864809 ], [ -4.321866036022342, 40.227673885255868 ], [ -4.327288381048994, 40.232129950056049 ], [ -4.335175428360493, 40.238665511762974 ], [ -4.341419340815428, 40.239853795709685 ], [ -4.344212670071585, 40.238665511762974 ], [ -4.348320507212989, 40.236685038518452 ], [ -4.347005999327742, 40.24510204980767 ], [ -4.345855804928142, 40.253023942785759 ], [ -4.349635015098237, 40.260054622803821 ], [ -4.357850689381046, 40.275601337773324 ], [ -4.356536181495798, 40.300654324316532 ], [ -4.356207554524488, 40.308576217294629 ], [ -4.379868696458978, 40.318280536192788 ], [ -4.379047129030702, 40.314913731677102 ], [ -4.385783981942602, 40.30184260826325 ], [ -4.383647906629072, 40.298475803747557 ], [ -4.383647906629072, 40.2974855671253 ], [ -4.384633787543009, 40.288870508511621 ], [ -4.392520834854508, 40.285503703995936 ], [ -4.398929060795098, 40.282731041453602 ], [ -4.411088258733663, 40.272531604244314 ], [ -4.427848234270591, 40.258272196883745 ], [ -4.430805877012403, 40.258668291532651 ], [ -4.434913714153808, 40.259262433506009 ], [ -4.434749400668153, 40.253122966447989 ], [ -4.434749400668153, 40.243616694874277 ], [ -4.437707043409965, 40.237873322465163 ], [ -4.449537614377213, 40.233219210340536 ], [ -4.456110153803458, 40.232625068367177 ], [ -4.474020323739985, 40.230842642447108 ], [ -4.49718852521751, 40.221633441860078 ], [ -4.497352838703172, 40.221534418197848 ], [ -4.506554393899918, 40.218662731993291 ], [ -4.514770068182727, 40.21618714043764 ], [ -4.515755949096665, 40.211830099299689 ], [ -4.517070456981912, 40.206086726890568 ], [ -4.521178294123317, 40.202125780401524 ], [ -4.536623761775004, 40.199650188845872 ], [ -4.550754721541438, 40.201630662090395 ], [ -4.57342998256199, 40.206680868863927 ], [ -4.573594296047652, 40.211929122961912 ], [ -4.573594296047652, 40.213216430570853 ], [ -4.579016641074304, 40.217177377059897 ], [ -4.566035875707463, 40.218662731993291 ], [ -4.560777844166466, 40.224505128064635 ], [ -4.559956276738184, 40.233813352313888 ], [ -4.564064113879589, 40.237972346127385 ], [ -4.566857443135746, 40.240943055994173 ], [ -4.569486458906248, 40.257281960261487 ], [ -4.562913919479996, 40.261639001399438 ], [ -4.556012753082435, 40.266095066199611 ], [ -4.55584843959678, 40.269263823390851 ], [ -4.555355499139807, 40.276888645382265 ], [ -4.538924150574189, 40.287583200902688 ], [ -4.530215535834408, 40.293227549649572 ], [ -4.536295134803687, 40.313428376743708 ], [ -4.540567285430754, 40.327093642130912 ], [ -4.544346495600841, 40.330163375659929 ], [ -4.546153943943061, 40.34184816780261 ], [ -4.541717479830346, 40.340956954842575 ], [ -4.538924150574189, 40.340461836531446 ], [ -4.53498062691844, 40.341551096815934 ], [ -4.533501805547537, 40.342244262451516 ], [ -4.529558281891788, 40.344125712033808 ], [ -4.526600639149976, 40.344818877669397 ], [ -4.526272012178659, 40.340164765544763 ], [ -4.526107698693004, 40.338184292300241 ], [ -4.505404199500326, 40.316201039286042 ], [ -4.498503033102764, 40.316002991961589 ], [ -4.491930493676513, 40.318973701828369 ], [ -4.487986970020764, 40.320756127748439 ], [ -4.472377188883428, 40.32026100943731 ], [ -4.471719934940801, 40.32026100943731 ], [ -4.455945840317803, 40.319864914788404 ], [ -4.453645451518618, 40.333035061864486 ], [ -4.457424661688712, 40.33699600835353 ], [ -4.460710931401835, 40.340461836531446 ], [ -4.452495257119025, 40.344620830344944 ], [ -4.439843118723495, 40.350958344727417 ], [ -4.440993313123087, 40.365712870399108 ], [ -4.442472134493997, 40.386111744817697 ], [ -4.421440008330002, 40.406213548249603 ], [ -4.400900822622972, 40.41086766037423 ], [ -4.371817335661824, 40.407698903182997 ], [ -4.367216558063454, 40.407203784871861 ], [ -4.364423228807297, 40.408293045156348 ], [ -4.356700494981453, 40.411362778685358 ], [ -4.343062475671992, 40.409976447414195 ], [ -4.331560531676054, 40.408689139805254 ], [ -4.320880155108405, 40.410273518400871 ], [ -4.325480932706775, 40.414630559538821 ], [ -4.323837797850217, 40.41829443504119 ], [ -4.324823678764155, 40.422849523503594 ], [ -4.332053472133026, 40.424037807450304 ], [ -4.332875039561308, 40.424136831112534 ], [ -4.338790325044926, 40.428592895912708 ], [ -4.338954638530588, 40.431860676766171 ], [ -4.339118952016243, 40.438297214810873 ], [ -4.329095829391214, 40.448001533709032 ], [ -4.326795440592022, 40.448991770331297 ], [ -4.320222901165778, 40.451962480198077 ], [ -4.322194662993653, 40.455428308375993 ], [ -4.325152305735465, 40.460082420500619 ], [ -4.319729960708806, 40.459191207540584 ], [ -4.318415452823558, 40.461666799096243 ], [ -4.316772317966993, 40.464736532625253 ], [ -4.319072706766185, 40.469984786723238 ], [ -4.324002111335872, 40.48107543689256 ], [ -4.323016230421935, 40.502464547933407 ], [ -4.326631127106367, 40.50880206231588 ], [ -4.323016230421935, 40.515139576698353 ], [ -4.321866036022342, 40.517120049942875 ], [ -4.320715841622743, 40.53038922068118 ], [ -4.324495051792837, 40.532765788574608 ], [ -4.326959754077684, 40.534251143508001 ], [ -4.323837797850217, 40.547718361570759 ], [ -4.309542524598122, 40.557224633144465 ], [ -4.299190775001783, 40.56069046132238 ], [ -4.289167652376754, 40.564156289500296 ], [ -4.278980216266071, 40.602082352132904 ], [ -4.282430799464848, 40.604260872701879 ], [ -4.289496279348064, 40.608320842853153 ], [ -4.290482160262002, 40.627828504311701 ], [ -4.282266485979193, 40.630799214178488 ], [ -4.272243363354164, 40.628818740933966 ], [ -4.26632807787054, 40.615054451884532 ], [ -4.262713181186108, 40.606340369608631 ], [ -4.244474384278263, 40.602478446781809 ], [ -4.214076389431867, 40.605548180310819 ], [ -4.161003133564911, 40.623372439511527 ], [ -4.167411359505508, 40.627630456987248 ], [ -4.171683510132567, 40.630502143191812 ], [ -4.16889018087641, 40.643276195618981 ], [ -4.167739986476818, 40.647831284081384 ], [ -4.17069762921863, 40.662387762428629 ], [ -4.172998018017815, 40.674666696544669 ], [ -4.170533315732975, 40.681202258251595 ], [ -4.160345879622284, 40.689817316865266 ], [ -4.145721979398886, 40.695263618287704 ], [ -4.139478066943951, 40.709820096634949 ], [ -4.137013364659104, 40.715563469044064 ], [ -4.127318869005393, 40.724079503995512 ], [ -4.125511420663173, 40.724475598644418 ], [ -4.123703972320953, 40.731110184013566 ], [ -4.112202028325015, 40.742299857845119 ], [ -4.102014592214331, 40.745864709685264 ], [ -4.096756560673334, 40.747647135605334 ], [ -4.096427933702024, 40.752499295054413 ], [ -4.095277739302432, 40.765273347481589 ], [ -4.081639719992964, 40.776264973988688 ], [ -4.076546001937622, 40.788147813455822 ], [ -4.069973462511371, 40.793891185864943 ], [ -4.059457399429377, 40.79230680726932 ], [ -4.053377800460098, 40.79062340501148 ], [ -4.046805261033846, 40.790128286700345 ], [ -4.045326439662944, 40.788840979091411 ], [ -4.043190364349414, 40.785672221900171 ], [ -4.042040169949814, 40.783790772317872 ], [ -4.039411154179319, 40.784087843304555 ], [ -4.036124884466197, 40.783493701331196 ], [ -4.032181360810448, 40.781513228086673 ], [ -4.021172357271482, 40.781117133437768 ], [ -4.01492844481654, 40.782998583020067 ], [ -4.01427119087392, 40.783394677668973 ], [ -4.012299429046045, 40.784285890629008 ], [ -4.007534337962014, 40.787850742469146 ], [ -4.002769246877982, 40.788642931766958 ], [ -3.991431616367706, 40.785870269224624 ], [ -3.989624168025486, 40.785474174575718 ], [ -3.984037509513179, 40.785870269224624 ], [ -3.979436731914802, 40.78448393795346 ], [ -3.9779579105439, 40.787355624158018 ], [ -3.97861516448652, 40.79369313854049 ], [ -3.979272418429147, 40.798941392638476 ], [ -3.973192819459868, 40.806269143643206 ], [ -3.964812831691397, 40.816270533528048 ], [ -3.963498323806149, 40.828054349332959 ], [ -3.963498323806149, 40.828648491306318 ], [ -3.964812831691397, 40.837857691893348 ], [ -3.950024617982343, 40.859939968569776 ], [ -3.946902661754876, 40.86449505703218 ], [ -3.9423018841565, 40.886874404695284 ], [ -3.948052856154469, 40.891330469495465 ], [ -3.951174812381936, 40.893806061051116 ], [ -3.946409721297904, 40.9009357647314 ], [ -3.944766586441339, 40.903312332624829 ], [ -3.937043852615503, 40.916779550687579 ], [ -3.937372479586813, 40.921730733798888 ], [ -3.937865420043785, 40.927177035221327 ], [ -3.933264642445408, 40.927078011559097 ], [ -3.929649745760969, 40.926978987896874 ], [ -3.927185043476129, 40.927573129870233 ], [ -3.921598384963815, 40.929949697763661 ], [ -3.919790936621602, 40.93787159074175 ], [ -3.908617619596974, 40.951041737817825 ], [ -3.90418115548426, 40.956488039240263 ], [ -3.902866647599012, 40.956785110226939 ], [ -3.902209393656385, 40.956884133889169 ], [ -3.89843018348629, 40.958765583471461 ], [ -3.896129794687106, 40.963419695596095 ], [ -3.894979600287513, 40.96549919250284 ], [ -3.890214509203481, 40.968766973356303 ], [ -3.886763926004704, 40.971143541249731 ], [ -3.88331334280592, 40.971143541249731 ], [ -3.880684327035425, 40.972727919845347 ], [ -3.880027073092798, 40.974411322103194 ], [ -3.871154144867361, 40.972430848858671 ], [ -3.869018069553832, 40.971935730547543 ], [ -3.865896113326365, 40.974015227454288 ], [ -3.858994946928803, 40.978570315916691 ], [ -3.844371046705398, 40.982333215081283 ], [ -3.839113015164401, 40.983917593676907 ], [ -3.835005178022996, 40.98411564100136 ], [ -3.829089892539372, 40.986690256219234 ], [ -3.825639309340595, 40.986195137908105 ], [ -3.820216964313936, 40.985501972272523 ], [ -3.792447985238041, 40.994711172859553 ], [ -3.780453100785138, 41.001543805553155 ], [ -3.77108723210273, 41.012238361073578 ], [ -3.769937037703137, 41.013624692344749 ], [ -3.76714370844698, 41.015902236575947 ], [ -3.76681508147567, 41.018872946442734 ], [ -3.765829200561733, 41.020754396025026 ], [ -3.758928034164171, 41.026992886745276 ], [ -3.755313137479739, 41.027884099705311 ], [ -3.753177062166202, 41.031646998869903 ], [ -3.74808334411086, 41.036598181981212 ], [ -3.739703356342396, 41.049273210746158 ], [ -3.740031983313706, 41.05115466032845 ], [ -3.740360610285023, 41.053630251884108 ], [ -3.730337487659995, 41.061354097537745 ], [ -3.725408083090308, 41.062443357822232 ], [ -3.721300245948903, 41.065017973040113 ], [ -3.715877900922244, 41.071553534747039 ], [ -3.706019091782871, 41.076801788845025 ], [ -3.700925373727529, 41.080069569698487 ], [ -3.695338715215222, 41.082644184916369 ], [ -3.687451667903723, 41.084921729147567 ], [ -3.684001084704938, 41.084921729147567 ], [ -3.682029322877064, 41.084624658160891 ], [ -3.679400307106569, 41.084228563511985 ], [ -3.675949723907785, 41.086605131405413 ], [ -3.651795641516323, 41.107598147797354 ], [ -3.647687804374918, 41.115619064437674 ], [ -3.644894475118761, 41.121263413184558 ], [ -3.640293697520391, 41.123144862766857 ], [ -3.634214098551112, 41.125620454322508 ], [ -3.633556844608485, 41.129977495460459 ], [ -3.632899590665858, 41.134829654909545 ], [ -3.621890587126892, 41.14176131126537 ], [ -3.619918825299024, 41.14314764253654 ], [ -3.617289809528522, 41.145425186767739 ], [ -3.613510599358428, 41.148990038607877 ], [ -3.600529833991587, 41.154436340030315 ], [ -3.592314159708778, 41.154832434679221 ], [ -3.583605544968997, 41.160674830750565 ], [ -3.569638898688218, 41.159684594128301 ], [ -3.554522058007848, 41.164932848226286 ], [ -3.539569530813132, 41.165031871888516 ], [ -3.53661188807132, 41.160575807088335 ], [ -3.537433455499603, 41.15532755299035 ], [ -3.53841933641354, 41.153842198056964 ], [ -3.540884038698387, 41.149584180581236 ], [ -3.53661188807132, 41.14799980198562 ], [ -3.533161304872543, 41.146712494376679 ], [ -3.532175423958606, 41.145623234092191 ], [ -3.526588765446292, 41.139681814358624 ], [ -3.51722289676389, 41.137701341114102 ], [ -3.509500162938046, 41.136017938856256 ], [ -3.494054695286366, 41.113440543868698 ], [ -3.491918619972836, 41.105518650890602 ], [ -3.489125290716679, 41.095715308330213 ], [ -3.482881378261744, 41.093536787761245 ], [ -3.478116287177713, 41.094527024383503 ], [ -3.474994330950246, 41.095220190019084 ], [ -3.467928851067029, 41.091457290854493 ], [ -3.449690054159191, 41.081455900969651 ], [ -3.440488498962445, 41.082842232240822 ], [ -3.432272824679629, 41.084129539849755 ], [ -3.428000674052569, 41.082446137591916 ], [ -3.425207344796412, 41.07412814996492 ], [ -3.426521852681667, 41.066206256986824 ], [ -3.434901840450131, 41.050164423706192 ], [ -3.43884536410588, 41.042638625377002 ], [ -3.433423019079228, 41.04194545974142 ], [ -3.430958316794381, 41.041648388754744 ], [ -3.429643808909134, 41.040163033821351 ], [ -3.427836360566914, 41.036004040007853 ], [ -3.425864598739039, 41.03154797520768 ], [ -3.413048146857854, 41.018476851793828 ], [ -3.409597563659077, 41.016892473198212 ], [ -3.407461488345547, 41.015803212913724 ], [ -3.405654040003327, 41.013327621358066 ], [ -3.402039143318888, 41.010753006140192 ], [ -3.40072463543364, 41.009069603882345 ], [ -3.397274052234856, 41.00679205965114 ], [ -3.396945425263546, 41.004613539082165 ], [ -3.394316409493051, 41.000256497944214 ], [ -3.410090504116042, 40.99144339200609 ], [ -3.416991670513603, 40.987680492841498 ], [ -3.416991670513603, 40.982630286067966 ], [ -3.417155983999258, 40.974510345765424 ], [ -3.421428134626325, 40.967281618422909 ], [ -3.435394780907103, 40.945694460057616 ], [ -3.437202229249316, 40.933613573266022 ], [ -3.447225351874344, 40.924008278030087 ], [ -3.451168875530094, 40.912818604198534 ], [ -3.446075157474752, 40.9100459416562 ], [ -3.445746530503442, 40.906877184464967 ], [ -3.455933966614126, 40.907273279113873 ], [ -3.458727295870283, 40.907273279113873 ], [ -3.459384549812903, 40.899450409798007 ], [ -3.452976323872313, 40.897073841904579 ], [ -3.442624574275975, 40.893310942739987 ], [ -3.440817125933755, 40.89043925653543 ], [ -3.443774768675567, 40.886280262721932 ], [ -3.44098143941941, 40.880437866650588 ], [ -3.44131006639072, 40.876080825512638 ], [ -3.448704173245254, 40.875585707201509 ], [ -3.451333189015749, 40.874298399592568 ], [ -3.470886493808841, 40.864891151681086 ], [ -3.471379434265806, 40.861623370827623 ], [ -3.469243358952276, 40.859345826596417 ], [ -3.466778656667437, 40.856771211378543 ], [ -3.470064926380559, 40.852018075591687 ], [ -3.471379434265806, 40.851721004605004 ], [ -3.474830017464591, 40.850928815307199 ], [ -3.472693942151061, 40.84726493980483 ], [ -3.470557866837531, 40.843502040640239 ], [ -3.474830017464591, 40.840234259786776 ], [ -3.478280600663368, 40.837461597244442 ], [ -3.47729471974943, 40.831817248497551 ], [ -3.47663746580681, 40.828054349332959 ], [ -3.48337431871871, 40.814488107607978 ], [ -3.490604112087588, 40.807952545901053 ], [ -3.492411560429801, 40.798644321651793 ], [ -3.49783390545646, 40.798050179678441 ], [ -3.50210605608352, 40.797555061367305 ], [ -3.503256250483112, 40.79547556446056 ], [ -3.502270369569175, 40.793495091216037 ], [ -3.50243468305483, 40.791316570647062 ], [ -3.504077817911394, 40.78923707374031 ], [ -3.509171535966736, 40.79052438134925 ], [ -3.511471924765921, 40.788444884442505 ], [ -3.50243468305483, 40.788048789793599 ], [ -3.497998218942115, 40.788741955429181 ], [ -3.468586105009656, 40.783295654006743 ], [ -3.460534744212502, 40.781810299073349 ], [ -3.449525740673536, 40.770719648904027 ], [ -3.446732411417379, 40.76339189789929 ], [ -3.444103395646877, 40.759034856761339 ], [ -3.444432022618194, 40.749528585187633 ], [ -3.448211232788282, 40.74309204714293 ], [ -3.451168875530094, 40.738041840369398 ], [ -3.450182994616156, 40.734873083178158 ], [ -3.448539859759599, 40.732892609933636 ], [ -3.446075157474752, 40.734179917542576 ], [ -3.444267709132532, 40.735962343462646 ], [ -3.444267709132532, 40.735962343462646 ], [ -3.441803006847692, 40.737645745720492 ], [ -3.439831245019818, 40.736457461773782 ], [ -3.438352423648908, 40.734972106840388 ], [ -3.434901840450131, 40.731011160351343 ], [ -3.437202229249316, 40.72338633835993 ], [ -3.444432022618194, 40.716751752990774 ], [ -3.459220236327248, 40.702987463941341 ], [ -3.462999446497342, 40.693778263354311 ], [ -3.468421791523994, 40.689916340527496 ], [ -3.456098280099781, 40.687341725309615 ], [ -3.45544102615716, 40.687143677985162 ], [ -3.452647696901003, 40.684767110091734 ], [ -3.4406528124481, 40.674864743869122 ], [ -3.427672047081259, 40.673082317949053 ], [ -3.427014793138632, 40.67417157823354 ], [ -3.423564209939855, 40.681598352900501 ], [ -3.415348535657046, 40.672983294286823 ], [ -3.414855595200073, 40.672389152313464 ], [ -3.405818353488982, 40.670507702731172 ], [ -3.401874829833233, 40.684073944456152 ], [ -3.399738754519703, 40.691401695460883 ], [ -3.396945425263546, 40.691500719123113 ], [ -3.393166215093451, 40.692391932083147 ], [ -3.389715631894674, 40.688034890945197 ], [ -3.389222691437702, 40.687539772634068 ], [ -3.386757989152862, 40.685955394038444 ], [ -3.38560779475327, 40.684073944456152 ], [ -3.383964659896705, 40.683578826145023 ], [ -3.383143092468423, 40.68328175515834 ], [ -3.373941537271676, 40.678429595709261 ], [ -3.363261160704027, 40.654663916774986 ], [ -3.364247041617965, 40.652683443530464 ], [ -3.365232922531902, 40.650801993948171 ], [ -3.363918414646648, 40.64694007112135 ], [ -3.34715843910972, 40.642186935334493 ], [ -3.345186677281845, 40.638027941520996 ], [ -3.339928645740841, 40.636839657574285 ], [ -3.332534538886314, 40.639513296454389 ], [ -3.32415455111785, 40.642583029983399 ], [ -3.316267503806351, 40.655159035086115 ], [ -3.314624368949787, 40.649712733663684 ], [ -3.32234710277563, 40.640602556738877 ], [ -3.324318864603505, 40.630007024880676 ], [ -3.326947880374, 40.628620693609513 ], [ -3.334999241171154, 40.624461699796015 ], [ -3.326947880374, 40.616737854142379 ], [ -3.321525535347348, 40.611687647368839 ], [ -3.326783566888345, 40.607726700879795 ], [ -3.329576896144502, 40.605647203973049 ], [ -3.330727090544094, 40.600894068186193 ], [ -3.328262388259255, 40.595051672114849 ], [ -3.313309861064539, 40.58227761968768 ], [ -3.301643603582946, 40.5778215548875 ], [ -3.287019703359547, 40.572276229802839 ], [ -3.28422637410339, 40.563265076540262 ], [ -3.287348330330857, 40.558511940753405 ], [ -3.284062060617735, 40.549698834815281 ], [ -3.29063460004398, 40.543163273108355 ], [ -3.296056945070639, 40.53781599534814 ], [ -3.289813032615697, 40.53177555195235 ], [ -3.262701307482423, 40.539598421268209 ], [ -3.249720542115583, 40.543361320432808 ], [ -3.233289193549965, 40.533260906885737 ], [ -3.232303312636027, 40.539697444930439 ], [ -3.222608816982309, 40.526230226867682 ], [ -3.199933555961756, 40.514446411062771 ], [ -3.198947675047819, 40.504742092164612 ], [ -3.201248063847004, 40.498800672431045 ], [ -3.19533277836338, 40.478599845336909 ], [ -3.198947675047819, 40.467410171505357 ], [ -3.199604928990439, 40.465033603611928 ], [ -3.198454734590847, 40.442258161299918 ], [ -3.172986144314137, 40.437009907201933 ], [ -3.164113216088701, 40.438198191148643 ], [ -3.15540460134892, 40.439386475095361 ], [ -3.148996375408331, 40.426810469992638 ], [ -3.142095209010769, 40.413145204605428 ], [ -3.13815168535502, 40.410471565725324 ], [ -3.130428951529176, 40.405124287965116 ], [ -3.135522669584518, 40.390963904266776 ], [ -3.139630506725929, 40.388389289048895 ], [ -3.142423835982079, 40.386606863128826 ], [ -3.141766582039459, 40.384230295235398 ], [ -3.139466193240267, 40.375714260283949 ], [ -3.147353240551766, 40.373733787039427 ], [ -3.149982256322268, 40.373040621403845 ], [ -3.152118331635798, 40.366802130683595 ], [ -3.148503434951358, 40.360563639963353 ], [ -3.148010494494393, 40.3603655926389 ], [ -3.143245403410361, 40.358088048407694 ], [ -3.142259522496424, 40.350760297402964 ], [ -3.14866774843702, 40.346304232602783 ], [ -3.154254406949327, 40.342640357100422 ], [ -3.153761466492362, 40.340461836531446 ], [ -3.15261127209277, 40.33382725116229 ], [ -3.171507322943228, 40.319666867463951 ], [ -3.179887310711699, 40.313329353081478 ], [ -3.181530445568256, 40.304219176156678 ], [ -3.181037505111291, 40.303327963196644 ], [ -3.180051624197354, 40.302040655587703 ], [ -3.181037505111291, 40.289860745133886 ], [ -3.186459850137943, 40.278274976653428 ], [ -3.184816715281386, 40.269362847053074 ], [ -3.192046508650257, 40.260153646466044 ], [ -3.192375135621567, 40.259955599141591 ], [ -3.196975913219944, 40.25748000758594 ], [ -3.194675524420752, 40.255004416030282 ], [ -3.194511210935097, 40.252132729825725 ], [ -3.194511210935097, 40.251835658839049 ], [ -3.194346897449442, 40.247973736012227 ], [ -3.182516326482194, 40.242428410927566 ], [ -3.173314771285447, 40.234110423300571 ], [ -3.170357128543635, 40.241834268954207 ], [ -3.169206934144043, 40.244804978820994 ], [ -3.152775585578425, 40.263817521968413 ], [ -3.143245403410361, 40.266788231835193 ], [ -3.126814054844743, 40.279166189613463 ], [ -3.112518781592655, 40.285404680333713 ], [ -3.109396825365181, 40.28520663300926 ], [ -3.097073313940967, 40.270848201986468 ], [ -3.09822350834056, 40.262431190697242 ], [ -3.098387821826215, 40.260351693790497 ], [ -3.095594492570065, 40.256885865612581 ], [ -3.087378818287249, 40.24698349938997 ], [ -3.088200385715531, 40.24074500866972 ], [ -3.088693326172503, 40.237378204154034 ], [ -3.083599608117161, 40.230941666109331 ], [ -3.079984711432722, 40.226089506660252 ], [ -3.080149024918377, 40.206779892526157 ], [ -3.084585489031099, 40.203215040686011 ], [ -3.088036072229876, 40.200244330819231 ], [ -3.085242742973719, 40.197768739263573 ], [ -3.085242742973719, 40.197768739263573 ], [ -3.085078429488064, 40.192916579814494 ], [ -3.084749802516754, 40.186381018107568 ], [ -3.07702706869091, 40.166576285662345 ], [ -3.067825513494164, 40.158060250710896 ] ], [ [ -3.366054489960177, 40.630799214178488 ], [ -3.363918414646648, 40.632680663760787 ], [ -3.363918414646648, 40.633373829396369 ], [ -3.364247041617965, 40.637037704898738 ], [ -3.36441135510362, 40.637829894196543 ], [ -3.367533311331087, 40.638027941520996 ], [ -3.372955656357739, 40.638225988845448 ], [ -3.373777223786021, 40.635156255316438 ], [ -3.380185449726611, 40.63277968742301 ], [ -3.38199289806883, 40.630403119529582 ], [ -3.371641148472492, 40.625749007404956 ], [ -3.366054489960177, 40.630799214178488 ] ] ], [ [ [ -3.200919436875694, 40.060125848769239 ], [ -3.204862960531443, 40.058244399186947 ], [ -3.20831354373022, 40.06141315637818 ], [ -3.203219825674879, 40.063492653284932 ], [ -3.200919436875694, 40.060125848769239 ] ] ], [ [ [ -4.319401333737495, 40.647633236756931 ], [ -4.32318054390759, 40.65733755565509 ], [ -4.314636242653464, 40.667239921877709 ], [ -4.288181771462817, 40.680608116278236 ], [ -4.274050811696384, 40.677043264438097 ], [ -4.254661820388954, 40.661892644117493 ], [ -4.256633582216828, 40.652089301557105 ], [ -4.28686726357757, 40.652683443530464 ], [ -4.319401333737495, 40.647633236756931 ] ] ] ] } },
{ "type": "Feature", "properties": { "index": 1474, "nuts_2_code": "ES11", "nuts_2_name": "Galicia" }, "geometry": { "type": "MultiPolygon", "coordinates": [ [ [ [ -7.699658360656997, 43.735092001305759 ], [ -7.685856027861874, 43.730338865518902 ], [ -7.67533996477988, 43.734695906656853 ], [ -7.674847024322908, 43.739350018781479 ], [ -7.674518397351598, 43.742815846959402 ], [ -7.671232127638476, 43.747073864435123 ], [ -7.651678822845383, 43.74380608358166 ], [ -7.647406672218324, 43.750737739937492 ], [ -7.637383549593295, 43.752223094870885 ], [ -7.631303950624016, 43.747668006408489 ], [ -7.630975323652706, 43.743310965270538 ], [ -7.633275712451891, 43.740241231741521 ], [ -7.634425906851483, 43.738755876808128 ], [ -7.630811010167044, 43.734497859332407 ], [ -7.627196113482611, 43.720535522958514 ], [ -7.613558094173143, 43.715683363509442 ], [ -7.613558094173143, 43.715683363509442 ], [ -7.607149868232554, 43.716871647456159 ], [ -7.610764764916986, 43.709048778140286 ], [ -7.612736526744861, 43.704592713340105 ], [ -7.610107510974366, 43.699542506566573 ], [ -7.608793003089112, 43.70063176685106 ], [ -7.606821241261244, 43.702315169108914 ], [ -7.604520852462052, 43.70063176685106 ], [ -7.606328300804272, 43.694294252468595 ], [ -7.607314181718209, 43.693403039508553 ], [ -7.611586332345269, 43.689145022032832 ], [ -7.613393780687488, 43.687560643437209 ], [ -7.613393780687488, 43.680133868770255 ], [ -7.609285943546084, 43.674291472698911 ], [ -7.600084388349337, 43.673202212414424 ], [ -7.594826356808341, 43.676172922281211 ], [ -7.594169102865713, 43.685184075543788 ], [ -7.58250284538412, 43.689145022032832 ], [ -7.579545202642308, 43.693898157819689 ], [ -7.580859710527562, 43.698057151633179 ], [ -7.58463892069765, 43.709048778140286 ], [ -7.572972663216063, 43.711227298709261 ], [ -7.565907183332847, 43.710831204060355 ], [ -7.561142092248815, 43.710534133073679 ], [ -7.552433477509034, 43.716772623793929 ], [ -7.552597790994689, 43.722020877891907 ], [ -7.552597790994689, 43.729744723545551 ], [ -7.543396235797942, 43.731824220452296 ], [ -7.533373113172914, 43.729942770869997 ], [ -7.524828811918795, 43.735092001305759 ], [ -7.515298629750731, 43.726278895367642 ], [ -7.512998240951546, 43.724100374798667 ], [ -7.501824923926925, 43.723506232825301 ], [ -7.495581011471991, 43.7253876824076 ], [ -7.490815920387959, 43.726873037340994 ], [ -7.470441048166592, 43.723605256487531 ], [ -7.47027673468093, 43.71934723901181 ], [ -7.474384571822334, 43.715485316184981 ], [ -7.479149662906366, 43.711227298709261 ], [ -7.472084183023149, 43.704889784326795 ], [ -7.457953223256716, 43.701225908824426 ], [ -7.442179128633718, 43.697165938673152 ], [ -7.436756783607066, 43.70063176685106 ], [ -7.435935216178784, 43.694591323455271 ], [ -7.42788385538163, 43.693799134157459 ], [ -7.409316431502482, 43.689145022032832 ], [ -7.395021158250387, 43.680331916094701 ], [ -7.375960793914267, 43.675083661996723 ], [ -7.367745119631458, 43.675479756645629 ], [ -7.357886310492084, 43.670330526209867 ], [ -7.356078862149865, 43.663398869854035 ], [ -7.353942786836335, 43.655675024200391 ], [ -7.343262410268686, 43.642306829799864 ], [ -7.340633394498184, 43.639633190919767 ], [ -7.336032616899807, 43.636959552039656 ], [ -7.33291066067234, 43.628740588074891 ], [ -7.323544791989939, 43.626165972857009 ], [ -7.318615387420252, 43.622601121016871 ], [ -7.310728340108753, 43.616659701283297 ], [ -7.307935010852596, 43.610916328874183 ], [ -7.307770697366941, 43.610421210563047 ], [ -7.306291875996038, 43.607252453371814 ], [ -7.302676979311599, 43.605073932802838 ], [ -7.298076201713229, 43.602202246598281 ], [ -7.294625618514445, 43.596755945175843 ], [ -7.29413267805748, 43.596062779540262 ], [ -7.295775812914037, 43.59338914066015 ], [ -7.282959361032859, 43.590814525442269 ], [ -7.282137793604576, 43.590616478117823 ], [ -7.247139021159803, 43.575465857797226 ], [ -7.253547247100393, 43.568138106792489 ], [ -7.261598607897547, 43.558829882543236 ], [ -7.253711560586048, 43.556156243663125 ], [ -7.261598607897547, 43.550709942240687 ], [ -7.254697441499985, 43.54793727969836 ], [ -7.244017064932336, 43.55229432083631 ], [ -7.243852751446681, 43.56001816648994 ], [ -7.243524124475364, 43.565662515236838 ], [ -7.2351441367069, 43.568039083130259 ], [ -7.210497113858466, 43.563186923681187 ], [ -7.202610066546967, 43.561701568747793 ], [ -7.200145364262127, 43.561701568747793 ], [ -7.17796304369854, 43.561998639734469 ], [ -7.173362266100163, 43.557839645920964 ], [ -7.172376385186226, 43.556849409298707 ], [ -7.163667770446452, 43.554868936054191 ], [ -7.120946264175835, 43.554373817743055 ], [ -7.119631756290588, 43.555760149014219 ], [ -7.114209411263928, 43.561701568747793 ], [ -7.094163166013871, 43.556156243663125 ], [ -7.090383955843784, 43.555166007040867 ], [ -7.085783178245407, 43.556255267325355 ], [ -7.083482789446222, 43.556849409298707 ], [ -7.082003968075313, 43.556354290987585 ], [ -7.074774174706441, 43.55397772309415 ], [ -7.06392948465313, 43.556651361974261 ], [ -7.057849885683851, 43.558037693245424 ], [ -7.042897358489135, 43.554868936054191 ], [ -7.031888354950169, 43.544471451520437 ], [ -7.032545608892796, 43.534272014311156 ], [ -7.035996192091574, 43.528528641902028 ], [ -7.045855001230947, 43.512090713972498 ], [ -7.044376179860045, 43.496246928016305 ], [ -7.048484017001449, 43.486740656442606 ], [ -7.048155390030132, 43.48208654431798 ], [ -7.047826763058822, 43.478224621491151 ], [ -7.056699691284258, 43.472085154433131 ], [ -7.060971841911318, 43.472877343730943 ], [ -7.062614976767883, 43.473273438379849 ], [ -7.08085377367572, 43.461687669899391 ], [ -7.090712582815094, 43.453765776921301 ], [ -7.091205523272059, 43.449210688458891 ], [ -7.091698463729031, 43.44485364732094 ], [ -7.095641987384781, 43.442873174076425 ], [ -7.099421197554875, 43.440892700831895 ], [ -7.098928257097903, 43.437921990965108 ], [ -7.098435316640938, 43.433663973489388 ], [ -7.10237884029668, 43.432970807853806 ], [ -7.104843542581527, 43.4325747132049 ], [ -7.10385766166759, 43.430990334609291 ], [ -7.10237884029668, 43.428910837702531 ], [ -7.104021975153245, 43.42663329347134 ], [ -7.127847430573397, 43.424553796564581 ], [ -7.141485449882857, 43.429405956013667 ], [ -7.143457211710732, 43.430099121649249 ], [ -7.169747369415731, 43.430099121649249 ], [ -7.175334027928038, 43.413760217381935 ], [ -7.17369089307148, 43.411086578501838 ], [ -7.169583055930069, 43.404650040457128 ], [ -7.175005400956728, 43.400590070305853 ], [ -7.180756372954697, 43.396233029167917 ], [ -7.175662654899355, 43.383260929416281 ], [ -7.165968159245637, 43.380191195887278 ], [ -7.162846203018169, 43.37920095926502 ], [ -7.160874441190295, 43.377220486020491 ], [ -7.158738365876765, 43.375140989113746 ], [ -7.154137588278388, 43.377022438696045 ], [ -7.140006628511955, 43.382765811105159 ], [ -7.134255656513986, 43.377319509682721 ], [ -7.128176057544707, 43.371477113611377 ], [ -7.130805073315209, 43.362763031335476 ], [ -7.128997624972989, 43.355237233006292 ], [ -7.131298013772174, 43.349394836934948 ], [ -7.132119581200456, 43.347315340028203 ], [ -7.130805073315209, 43.33166960139647 ], [ -7.123903906917647, 43.329194009840819 ], [ -7.116345486577458, 43.326421347298478 ], [ -7.115195292177866, 43.324737945040638 ], [ -7.105993736981119, 43.312062916275693 ], [ -7.099092570583558, 43.30265566836421 ], [ -7.086604745673689, 43.300279100470775 ], [ -7.07871769836219, 43.30077421878191 ], [ -7.074774174706441, 43.303546881324237 ], [ -7.070994964536347, 43.306220520204349 ], [ -7.059821647511725, 43.305329307244307 ], [ -7.06425811162444, 43.299883005821869 ], [ -7.064422425110102, 43.299585934835193 ], [ -7.071323591507657, 43.269482741518445 ], [ -7.06360085768182, 43.24700437019311 ], [ -7.045033433802665, 43.23056644226358 ], [ -7.033367176321079, 43.227100614085657 ], [ -7.021043664896858, 43.214524608982941 ], [ -7.016935827755454, 43.220466028716515 ], [ -7.016114260327171, 43.221456265338773 ], [ -7.010363288329209, 43.222347478298801 ], [ -7.006091137702143, 43.215613869267429 ], [ -7.001490360103773, 43.208187094600476 ], [ -6.993110372335302, 43.208484165587151 ], [ -6.98588057896643, 43.202641769515807 ], [ -6.978322158626248, 43.203136887826929 ], [ -6.971585305714342, 43.203532982475835 ], [ -6.965998647202028, 43.194224758226582 ], [ -6.965341393259408, 43.187590172857426 ], [ -6.96895628994384, 43.183629226368382 ], [ -6.975364515884436, 43.17679659367478 ], [ -6.980129606968468, 43.166201061816579 ], [ -6.973392754056562, 43.150654346847077 ], [ -6.963533944917188, 43.146495353033586 ], [ -6.961562183089313, 43.145604140073544 ], [ -6.960576302175376, 43.143128548517893 ], [ -6.957782972919219, 43.136493963148737 ], [ -6.940858683896629, 43.132632040321923 ], [ -6.938065354640479, 43.136394939486522 ], [ -6.935600652355632, 43.1397617440022 ], [ -6.929028112929387, 43.140355885975566 ], [ -6.920648125160916, 43.141049051611148 ], [ -6.909146181164985, 43.148574849940331 ], [ -6.907010105851455, 43.150159228535955 ], [ -6.901259133853486, 43.154615293336121 ], [ -6.892879146085022, 43.156397719256191 ], [ -6.884992098773523, 43.158180145176274 ], [ -6.885813666201798, 43.163032304625347 ], [ -6.886142293173116, 43.166102038154364 ], [ -6.879405440261209, 43.171845410563478 ], [ -6.878583872832927, 43.172538576199059 ], [ -6.878255245861617, 43.173330765496871 ], [ -6.873983095234557, 43.186500912572939 ], [ -6.86938231763618, 43.18917455145305 ], [ -6.868560750207898, 43.184817510315099 ], [ -6.868067809750933, 43.181549729461636 ], [ -6.863467032152556, 43.181153634812731 ], [ -6.850814893757033, 43.169468842670042 ], [ -6.845721175701691, 43.167983487736663 ], [ -6.838984322789784, 43.166102038154364 ], [ -6.836848247476254, 43.16016061842079 ], [ -6.835862366562317, 43.156892837567327 ], [ -6.832247469877878, 43.152931891078282 ], [ -6.823210228166786, 43.142732453868987 ], [ -6.827975319250818, 43.123818934383792 ], [ -6.840956084617659, 43.115302899432351 ], [ -6.863467032152556, 43.101934705031823 ], [ -6.872011333406682, 43.092131362471434 ], [ -6.888278368486645, 43.090943078524717 ], [ -6.894357967455925, 43.090546983875811 ], [ -6.899123058539956, 43.086784084711226 ], [ -6.90750304630842, 43.080347546666516 ], [ -6.915061466648609, 43.074406126932956 ], [ -6.920319498189606, 43.079159262719813 ], [ -6.922291260017481, 43.080842664977652 ], [ -6.933793204013412, 43.082129972586586 ], [ -6.938065354640479, 43.086586037386766 ], [ -6.940037116468353, 43.082922161884397 ], [ -6.942008878296228, 43.079357310044259 ], [ -6.946773969380253, 43.077277813137513 ], [ -6.951046120007319, 43.075495387217444 ], [ -6.951210433492975, 43.072722724675103 ], [ -6.95137474697863, 43.069157872834964 ], [ -6.955975524576999, 43.06767251790157 ], [ -6.956304151548316, 43.067474470577125 ], [ -6.956468465033971, 43.067177399590449 ], [ -6.957290032462254, 43.063216453101404 ], [ -6.960904929146686, 43.062424263803592 ], [ -6.96616296068769, 43.061335003519105 ], [ -6.96468413931678, 43.054898465474409 ], [ -6.963533944917188, 43.050145329687552 ], [ -6.966491587659, 43.035291780353631 ], [ -6.973885694513527, 43.032123023162399 ], [ -6.977993531654931, 43.035687875002537 ], [ -6.981772741825026, 43.03885663219377 ], [ -6.984073130624211, 43.035390804015847 ], [ -6.986866459880368, 43.031132786540127 ], [ -6.988509594736932, 43.030241573580099 ], [ -6.995410761134494, 43.0264786744155 ], [ -6.995246447648839, 43.019348970735223 ], [ -6.990974297021772, 43.01608118988176 ], [ -6.98735940033734, 43.013407551001649 ], [ -6.980293920454123, 43.002712995481232 ], [ -6.96682021463031, 42.993998913205331 ], [ -6.959426107775784, 42.997068646734334 ], [ -6.961562183089313, 43.01608118988176 ], [ -6.961726496574968, 43.017863615801829 ], [ -6.962548064003251, 43.025983556104364 ], [ -6.956961405490937, 43.033212283446872 ], [ -6.952360627892567, 43.034202520069144 ], [ -6.946609655894598, 43.030439620904545 ], [ -6.944144953609758, 43.024003082859849 ], [ -6.941022997382291, 43.01608118988176 ], [ -6.939051235554416, 43.011229030432673 ], [ -6.910460689050232, 42.990731132351868 ], [ -6.894029340484614, 42.988354564458433 ], [ -6.89271483259936, 42.988552611782893 ], [ -6.880062694203836, 42.990136990378502 ], [ -6.863467032152556, 42.981918026413737 ], [ -6.836848247476254, 42.957855276492779 ], [ -6.83487648564838, 42.942704656172182 ], [ -6.83734118793322, 42.936070070803041 ], [ -6.839312949761094, 42.932703266287348 ], [ -6.841777652045941, 42.928148177824937 ], [ -6.835698053076662, 42.916265338357803 ], [ -6.824196109080724, 42.91497803074887 ], [ -6.839148636275439, 42.906461995797414 ], [ -6.831754529420913, 42.895668416614768 ], [ -6.828468259707783, 42.890816257165696 ], [ -6.826332184394253, 42.878834394036332 ], [ -6.816637688740542, 42.870417382747107 ], [ -6.822060033767194, 42.868535933164807 ], [ -6.83306903730616, 42.872595903316082 ], [ -6.835040799134035, 42.875269542196179 ], [ -6.83734118793322, 42.878438299387426 ], [ -6.833726291248787, 42.882003151227565 ], [ -6.857880373640249, 42.876259778818451 ], [ -6.863467032152556, 42.875170518533963 ], [ -6.8711897659784, 42.8737841872628 ], [ -6.863467032152556, 42.857148212008795 ], [ -6.859523508496807, 42.848434129732908 ], [ -6.85426547695581, 42.842195639012658 ], [ -6.853115282556217, 42.838729810834735 ], [ -6.851143520728343, 42.837343479563572 ], [ -6.848185877986531, 42.833382533074527 ], [ -6.847692937529558, 42.833283509412297 ], [ -6.845721175701691, 42.832887414763391 ], [ -6.843092159931189, 42.832788391101175 ], [ -6.841284711588969, 42.832293272790039 ], [ -6.843256473416844, 42.828332326300995 ], [ -6.841449025074624, 42.823579190514138 ], [ -6.850486266785715, 42.818528983740606 ], [ -6.851143520728343, 42.81823191275393 ], [ -6.851636461185308, 42.816746557820537 ], [ -6.85426547695581, 42.810607090762517 ], [ -6.856894492726312, 42.809022712166893 ], [ -6.863467032152556, 42.805061765677848 ], [ -6.867081928836996, 42.802883245108873 ], [ -6.865274480494776, 42.796644754388623 ], [ -6.864452913066494, 42.794070139170756 ], [ -6.867246242322651, 42.787930672112736 ], [ -6.879734067232519, 42.781890228716932 ], [ -6.892221892142395, 42.775849785321142 ], [ -6.896329729283799, 42.770205436574244 ], [ -6.900273252939549, 42.764858158814036 ], [ -6.904216776595298, 42.759510881053828 ], [ -6.909146181164985, 42.756540171187041 ], [ -6.937736727669161, 42.740894432555308 ], [ -6.946938282865908, 42.742181740164256 ], [ -6.950553179550347, 42.747429994262234 ], [ -6.954825330177407, 42.753767508644714 ], [ -6.960247675204066, 42.75396555596916 ], [ -6.966491587659, 42.748717301871181 ], [ -6.966984528115965, 42.741488574528674 ], [ -6.971913932685652, 42.737230557052939 ], [ -6.971092365257377, 42.734754965497288 ], [ -6.969120603429502, 42.72930866407485 ], [ -6.972899813599589, 42.724951622936899 ], [ -6.9837445036529, 42.718614108554434 ], [ -6.98801665427996, 42.723862362652412 ], [ -6.990152729593497, 42.726536001532523 ], [ -7.013156617585359, 42.721980913070126 ], [ -7.044047552888728, 42.694551358633476 ], [ -7.035338938148954, 42.685045087059763 ], [ -7.031395414493204, 42.67573686281051 ], [ -7.024658561581298, 42.670587632374747 ], [ -7.016607200784144, 42.664250117992282 ], [ -7.013813871527987, 42.657813579947586 ], [ -7.018086022155046, 42.654248728107433 ], [ -7.020386410954238, 42.652268254862918 ], [ -7.016771514269799, 42.65127801824066 ], [ -7.010198974843554, 42.649396568658361 ], [ -7.00428368935993, 42.642861006951435 ], [ -7.020879351411203, 42.643554172587017 ], [ -7.022029545810796, 42.643653196249247 ], [ -7.0445404933457, 42.63434497199998 ], [ -7.047826763058822, 42.625531866061863 ], [ -7.04634794168792, 42.604142755021016 ], [ -7.04914127094407, 42.59760719331409 ], [ -7.04273304500348, 42.589784323998224 ], [ -7.041747164089543, 42.589586276673771 ], [ -7.034353057235016, 42.587506779767018 ], [ -7.035338938148954, 42.582654620317939 ], [ -7.044047552888728, 42.575623940299884 ], [ -7.055713810370321, 42.566216692388402 ], [ -7.057028318255568, 42.558789917721441 ], [ -7.062779290253538, 42.55324459263678 ], [ -7.069680456651099, 42.538688114289535 ], [ -7.062943603739193, 42.536806664707235 ], [ -7.061629095853945, 42.53650959372056 ], [ -7.060314587968698, 42.528983795391369 ], [ -7.070994964536347, 42.511258559852891 ], [ -7.077074563505626, 42.507990778999428 ], [ -7.073788293792504, 42.506703471390487 ], [ -7.068037321794534, 42.50690151871494 ], [ -7.062450663282227, 42.507099566039393 ], [ -7.059821647511725, 42.506604447728265 ], [ -7.056042437341631, 42.507891755337205 ], [ -7.051934600200227, 42.508683944635017 ], [ -7.045690687745292, 42.507792731674975 ], [ -7.032709922378451, 42.504326903497066 ], [ -7.031559727978859, 42.502445453914767 ], [ -7.028766398722702, 42.497890365452363 ], [ -7.020715037925548, 42.501158146305826 ], [ -7.019564843525956, 42.501554240954732 ], [ -7.004448002845585, 42.50393080884816 ], [ -7.000997419646801, 42.50571323476823 ], [ -6.996889582505396, 42.49957376771021 ], [ -6.991138610507434, 42.497494270803458 ], [ -6.981279801368061, 42.493929418963319 ], [ -6.973557067542217, 42.494028442625542 ], [ -6.96895628994384, 42.504425927159289 ], [ -6.965998647202028, 42.511258559852891 ], [ -6.960904929146686, 42.516803884937559 ], [ -6.934943398413004, 42.519180452830987 ], [ -6.925906156701913, 42.51927947649321 ], [ -6.921469692589199, 42.514823411693037 ], [ -6.914897153162947, 42.507990778999428 ], [ -6.909146181164985, 42.508089802661658 ], [ -6.887949741515335, 42.501752288279185 ], [ -6.880227007689491, 42.499375720385757 ], [ -6.86691761535134, 42.493533324314413 ], [ -6.863467032152556, 42.492047969381019 ], [ -6.853608223013183, 42.487591904580846 ], [ -6.841777652045941, 42.489374330500915 ], [ -6.841449025074624, 42.489671401487591 ], [ -6.837176874447565, 42.494325513612225 ], [ -6.833561977763125, 42.492840158678831 ], [ -6.823867482109414, 42.490859685434309 ], [ -6.824196109080724, 42.486799715283034 ], [ -6.824196109080724, 42.485413384011871 ], [ -6.821238466338912, 42.482145603158408 ], [ -6.809407895371663, 42.469173503406786 ], [ -6.811379657199538, 42.461152586766467 ], [ -6.81647337525488, 42.456795545628516 ], [ -6.822224347252849, 42.451745338854984 ], [ -6.821074152853257, 42.432930843032018 ], [ -6.820088271939319, 42.431841582747531 ], [ -6.815980434797915, 42.42748454160958 ], [ -6.819595331482347, 42.426494304987315 ], [ -6.823538855138096, 42.425504068365058 ], [ -6.822060033767194, 42.42134507455156 ], [ -6.828468259707783, 42.416294867778028 ], [ -6.829454140621721, 42.4120368503023 ], [ -6.829947081078693, 42.410056377057778 ], [ -6.83126158896394, 42.409858329733325 ], [ -6.838984322789784, 42.408372974799931 ], [ -6.842434905988561, 42.40461007563534 ], [ -6.833561977763125, 42.396094040683892 ], [ -6.824524736052034, 42.39223211785707 ], [ -6.820416898910629, 42.386389721785733 ], [ -6.803492609888039, 42.385696556150144 ], [ -6.802835355945419, 42.385597532487921 ], [ -6.77408049595558, 42.378764899794319 ], [ -6.768493837443266, 42.369753746531735 ], [ -6.766029135158426, 42.365891823704921 ], [ -6.76142835756005, 42.36648596567828 ], [ -6.757977774361272, 42.366882060327178 ], [ -6.734809572883748, 42.358564072700183 ], [ -6.737109961682933, 42.34608709125969 ], [ -6.7402319179104, 42.329550139667923 ], [ -6.738588783053842, 42.326579429801143 ], [ -6.733988005455465, 42.317964371187465 ], [ -6.73990329093909, 42.308062004964853 ], [ -6.742203679738275, 42.304200082138031 ], [ -6.742203679738275, 42.300338159311217 ], [ -6.742203679738275, 42.298159638742241 ], [ -6.747790338250589, 42.291921148021991 ], [ -6.764550313787524, 42.272512510225667 ], [ -6.766522075615399, 42.263303309638637 ], [ -6.767507956529336, 42.257559937229523 ], [ -6.784267932066264, 42.253598990740478 ], [ -6.787554201779393, 42.25419313271383 ], [ -6.791497725435136, 42.252113635807085 ], [ -6.794291054691293, 42.249539020589204 ], [ -6.79494830863392, 42.244389790153448 ], [ -6.802506728974102, 42.236963015486488 ], [ -6.79741301091876, 42.22834795687281 ], [ -6.790183217549888, 42.215771951770087 ], [ -6.796098503033512, 42.210424674009879 ], [ -6.800206340174917, 42.214979762472282 ], [ -6.803492609888039, 42.218643637974651 ], [ -6.828632573193438, 42.225773341654929 ], [ -6.855744298326719, 42.226664554614963 ], [ -6.863467032152556, 42.2233967737615 ], [ -6.887128174087053, 42.213791478525565 ], [ -6.891728951685423, 42.208048106116451 ], [ -6.89057875728583, 42.204681301600765 ], [ -6.889592876371893, 42.201215473422849 ], [ -6.900766193396514, 42.190025799591297 ], [ -6.906024224937518, 42.189431657617938 ], [ -6.915554407105574, 42.18824337367122 ], [ -6.943816326638441, 42.171904469403913 ], [ -6.941022997382291, 42.16853766488822 ], [ -6.941515937839256, 42.163586481776917 ], [ -6.941680251324911, 42.161804055856841 ], [ -6.945459461495005, 42.145366127927304 ], [ -6.944637894066723, 42.142395418060524 ], [ -6.956304151548316, 42.129522341971125 ], [ -6.976843337255339, 42.124967253508721 ], [ -6.987852340794305, 42.122491661953063 ], [ -6.988838221708242, 42.115560005597239 ], [ -6.990645670050462, 42.101102550912216 ], [ -6.998697030847616, 42.098329888369889 ], [ -7.001490360103773, 42.097339651747625 ], [ -7.002311927532055, 42.091992373987416 ], [ -7.003297808445993, 42.085159741293808 ], [ -7.010691915300519, 42.083872433684874 ], [ -7.021372291868175, 42.082090007764798 ], [ -7.034024430263699, 42.071593499568827 ], [ -7.030409533579267, 42.063770630252968 ], [ -7.011020542271829, 42.052382909096956 ], [ -6.994424880220556, 42.051590719799151 ], [ -6.986702146394713, 42.052977051070314 ], [ -6.974707261941809, 42.05515557163929 ], [ -6.974050007999182, 42.047827820634559 ], [ -6.973228440570907, 42.040401045967599 ], [ -6.965998647202028, 42.032479152989502 ], [ -6.961069242632348, 42.027230898891517 ], [ -6.963862571888498, 42.023666047051378 ], [ -6.98341587668159, 41.998117942197034 ], [ -6.990481356564807, 41.988908741610004 ], [ -6.98588057896643, 41.971480577058202 ], [ -6.998861344333271, 41.962568447457848 ], [ -7.00247624101771, 41.958013358995444 ], [ -7.008720153472645, 41.950091466017355 ], [ -7.030245220093612, 41.950883655315167 ], [ -7.034353057235016, 41.95098267897739 ], [ -7.044047552888728, 41.954646554479758 ], [ -7.052263227171537, 41.950190489679585 ], [ -7.054234988999411, 41.94920025305732 ], [ -7.075267115163406, 41.951378773626296 ], [ -7.08052514670441, 41.96029090322665 ], [ -7.088083567044592, 41.973659097627177 ], [ -7.115359605663521, 41.983660487512019 ], [ -7.141814076854175, 41.990295072881167 ], [ -7.150851318565266, 41.986334126392123 ], [ -7.153644647821423, 41.982670250889754 ], [ -7.157588171477173, 41.977322973129546 ], [ -7.170404623358351, 41.979006375387385 ], [ -7.17615559535632, 41.979798564685197 ], [ -7.184699896610447, 41.972470813680467 ], [ -7.185685777524384, 41.95850847730658 ], [ -7.182728134782572, 41.951972915599654 ], [ -7.185850091010039, 41.940783241768095 ], [ -7.181413626897317, 41.932366230478877 ], [ -7.175662654899355, 41.921374603971778 ], [ -7.175991281870665, 41.918403894104991 ], [ -7.182070880839944, 41.913254663669228 ], [ -7.18256382129691, 41.912066379722518 ], [ -7.186014404495694, 41.896024546441886 ], [ -7.19554458666375, 41.882260257392453 ], [ -7.200473991233437, 41.879784665836794 ], [ -7.210168486887156, 41.879586618512342 ], [ -7.222491998311369, 41.872952033143193 ], [ -7.231857866993778, 41.867901826369661 ], [ -7.239909227790932, 41.867604755382978 ], [ -7.251575485272518, 41.867109637071849 ], [ -7.276715448577917, 41.856316057889202 ], [ -7.285752690289009, 41.852454135062381 ], [ -7.290353467887385, 41.852157064075705 ], [ -7.300376590512414, 41.851562922102346 ], [ -7.308920891766533, 41.846512715328814 ], [ -7.313357355879255, 41.84383907644871 ], [ -7.326009494274778, 41.844235171097608 ], [ -7.357393370035119, 41.842056650528633 ], [ -7.361336893690869, 41.848592212235559 ], [ -7.363801595975708, 41.852751206049057 ], [ -7.389105872766763, 41.841858603204187 ], [ -7.394035277336449, 41.832154284306021 ], [ -7.396171352649979, 41.827896266830301 ], [ -7.417860732756601, 41.811458338900756 ], [ -7.427226601439003, 41.807497392411712 ], [ -7.428376795838602, 41.811755409887439 ], [ -7.426240720525065, 41.815023190740902 ], [ -7.425090526125473, 41.816706592998742 ], [ -7.42936267675254, 41.823143131043444 ], [ -7.4257477800681, 41.828094314154754 ], [ -7.426733660982038, 41.832946473603833 ], [ -7.438892858920596, 41.838689846012947 ], [ -7.445465398346848, 41.841759579541957 ], [ -7.448587354574315, 41.85116682745344 ], [ -7.44727284668906, 41.854434608306903 ], [ -7.446286965775123, 41.856811176200331 ], [ -7.452859505201374, 41.865129163827326 ], [ -7.464690076168623, 41.863841856218386 ], [ -7.483586127019088, 41.861861382973863 ], [ -7.489172785531395, 41.867901826369661 ], [ -7.491966114787552, 41.87087253623644 ], [ -7.502646491355208, 41.869288157640824 ], [ -7.512340987008919, 41.862653572271675 ], [ -7.508890403810142, 41.855622892253621 ], [ -7.506425701525295, 41.850473661817858 ], [ -7.5210496017487, 41.84195762686641 ], [ -7.541424473970068, 41.837105467417331 ], [ -7.573136976701718, 41.830668929372628 ], [ -7.59942713440671, 41.83264940261715 ], [ -7.611750645830924, 41.829480645425917 ], [ -7.614872602058398, 41.833540615577192 ], [ -7.612079272802241, 41.845522478706549 ], [ -7.601070269263275, 41.860772122689376 ], [ -7.601070269263275, 41.867010613409626 ], [ -7.59942713440671, 41.868099873694113 ], [ -7.593840475894403, 41.871367654547576 ], [ -7.58463892069765, 41.877012003294467 ], [ -7.586117742068559, 41.880972949783512 ], [ -7.59942713440671, 41.8801807604857 ], [ -7.602549090634177, 41.879982713161247 ], [ -7.606821241261244, 41.879685642174572 ], [ -7.607971435660836, 41.8801807604857 ], [ -7.617172990857583, 41.884537801623651 ], [ -7.625224351654737, 41.881071973445735 ], [ -7.627031799996956, 41.8801807604857 ], [ -7.63902668444986, 41.880081736823477 ], [ -7.654965092558513, 41.882062210068 ], [ -7.662359199413039, 41.887805582477114 ], [ -7.669096052324946, 41.892954812912876 ], [ -7.674518397351598, 41.893747002210681 ], [ -7.678626234493002, 41.89434114418404 ], [ -7.684048579519661, 41.898401114335307 ], [ -7.693743075173373, 41.905629841677822 ], [ -7.704094824769719, 41.907808362246797 ], [ -7.704752078712339, 41.907610314922344 ], [ -7.713625006937775, 41.904441557731104 ], [ -7.714939514823023, 41.903847415757745 ], [ -7.722333621677556, 41.900777682228735 ], [ -7.725948518361989, 41.89859916165976 ], [ -7.744187315269834, 41.893747002210681 ], [ -7.751417108638705, 41.897014783064144 ], [ -7.754539064866172, 41.898500137997537 ], [ -7.763411993091609, 41.898896232646443 ], [ -7.77064178646048, 41.893449931224005 ], [ -7.775078250573195, 41.890083126708312 ], [ -7.802518602677786, 41.882161233730223 ], [ -7.81270603878847, 41.881864162743547 ], [ -7.835052672837712, 41.881270020770188 ], [ -7.843761287577493, 41.881071973445735 ], [ -7.843104033634866, 41.873645198778775 ], [ -7.842775406663556, 41.869387181303054 ], [ -7.845568735919713, 41.864535021853968 ], [ -7.855920485516052, 41.862356501284992 ], [ -7.862328711456641, 41.860970170013829 ], [ -7.864957727227143, 41.858890673107084 ], [ -7.874652222880862, 41.850770732804534 ], [ -7.89141219841779, 41.858989696769306 ], [ -7.88894749613295, 41.866713542422943 ], [ -7.884346718534573, 41.881369044432411 ], [ -7.88681142081942, 41.903847415757745 ], [ -7.886975734305075, 41.906223983651174 ], [ -7.886482793848103, 41.909491764504637 ], [ -7.884839658991545, 41.918403894104991 ], [ -7.884018091563263, 41.922265816931812 ], [ -7.88861886916164, 41.926820905394216 ], [ -7.905707471669885, 41.927415047367568 ], [ -7.908993741383007, 41.921176556647325 ], [ -7.909158054868662, 41.918403894104991 ], [ -7.9101439357826, 41.905827889002268 ], [ -7.9101439357826, 41.905728865340045 ], [ -7.922138820235503, 41.879487594850119 ], [ -7.946292902626965, 41.871268630885346 ], [ -7.962724251192583, 41.87394226976545 ], [ -7.971432865932364, 41.875328601036621 ], [ -7.980798734614766, 41.872357891169834 ], [ -7.987864214497989, 41.867901826369661 ], [ -7.990000289811519, 41.859979933391571 ], [ -8.000023412436548, 41.850275614493405 ], [ -8.007253205805419, 41.839184964324076 ], [ -8.013332804774699, 41.830074787399276 ], [ -8.021384165571853, 41.830074787399276 ], [ -8.036501006252223, 41.830074787399276 ], [ -8.045045307506349, 41.824034344003479 ], [ -8.051782160418249, 41.820568515825563 ], [ -8.058190386358845, 41.816805616660972 ], [ -8.095489547602803, 41.809378841994011 ], [ -8.106827178113079, 41.812250528198568 ], [ -8.129009498676666, 41.809081771007335 ], [ -8.152506327125508, 41.817498782296553 ], [ -8.164994152035376, 41.818290971594365 ], [ -8.161872195807909, 41.858395554795948 ], [ -8.166308659920624, 41.863742832556163 ], [ -8.167130227348906, 41.866416471436267 ], [ -8.168280421748499, 41.870377417925312 ], [ -8.170252183576373, 41.877210050618913 ], [ -8.188819607455528, 41.87592274300998 ], [ -8.197199595223992, 41.875328601036621 ], [ -8.199664297508839, 41.875625672023297 ], [ -8.198678416594902, 41.880477831472376 ], [ -8.203772134650244, 41.8911723869928 ], [ -8.213630943789617, 41.900678658566513 ], [ -8.216424273045767, 41.912759545358099 ], [ -8.2133023168183, 41.918403894104991 ], [ -8.210180360590833, 41.923652148202976 ], [ -8.197199595223992, 41.940288123456966 ], [ -8.188819607455528, 41.946229543190533 ], [ -8.176331782545653, 41.95533972011534 ], [ -8.175345901631722, 41.960587974213325 ], [ -8.169430616148098, 41.964350873377917 ], [ -8.164994152035376, 41.972074719031561 ], [ -8.163515330664474, 41.977917115102905 ], [ -8.162200822779219, 41.982670250889754 ], [ -8.152670640611163, 41.985442913432088 ], [ -8.141333010100887, 41.988710694285551 ], [ -8.137882426902102, 41.992671640774596 ], [ -8.126544796391826, 42.005346669539541 ], [ -8.114549911938923, 42.005148622215088 ], [ -8.104033848856922, 42.009208592366363 ], [ -8.09433935320321, 42.012872467868732 ], [ -8.088259754233931, 42.015050988437707 ], [ -8.085137798006464, 42.019606076900104 ], [ -8.084644857549492, 42.023666047051378 ], [ -8.083166036178589, 42.036143028491871 ], [ -8.086945246348677, 42.05337314571922 ], [ -8.096639742002395, 42.070900333933245 ], [ -8.104526789313894, 42.074564209435614 ], [ -8.107155805084389, 42.076346635355684 ], [ -8.118493435594672, 42.082090007764798 ], [ -8.124901661535262, 42.082486102413704 ], [ -8.135746351588573, 42.077534919302401 ], [ -8.137718113416447, 42.076643706342367 ], [ -8.139854188729977, 42.077039800991265 ], [ -8.151191819240253, 42.079119297898018 ], [ -8.159407493523069, 42.07486128042229 ], [ -8.17485296117475, 42.067038411106431 ], [ -8.183890202885841, 42.069414978999852 ], [ -8.186354905170681, 42.073871043800033 ], [ -8.186190591685026, 42.091398232014058 ], [ -8.186190591685026, 42.097636722734308 ], [ -8.189805488369466, 42.115560005597239 ], [ -8.192927444596933, 42.126353584779885 ], [ -8.18964117488381, 42.137147163962538 ], [ -8.199007043566212, 42.15437728118988 ], [ -8.204265075107209, 42.144672962291722 ], [ -8.224804260814238, 42.133285241135717 ], [ -8.23597757783886, 42.136751069313632 ], [ -8.243535998179048, 42.139127637207061 ], [ -8.256516763545882, 42.134176454095751 ], [ -8.256516763545882, 42.132295004513452 ], [ -8.256352450060227, 42.12724479773992 ], [ -8.257666957945482, 42.122986780264199 ], [ -8.265882632228291, 42.12120435434413 ], [ -8.273276739082817, 42.12239263829084 ], [ -8.274919873939382, 42.122590685615293 ], [ -8.28888652022016, 42.11308441404158 ], [ -8.290201028105407, 42.112193201081546 ], [ -8.301538658615684, 42.105261544725721 ], [ -8.302195912558311, 42.105261544725721 ], [ -8.318462947638274, 42.103578142467875 ], [ -8.32519980055018, 42.095854296814231 ], [ -8.328157443291992, 42.089714829756211 ], [ -8.329964891634212, 42.085951930591619 ], [ -8.339002133345303, 42.084565599320456 ], [ -8.346889180656802, 42.087437285525013 ], [ -8.354611914482639, 42.090209948067347 ], [ -8.369893068648672, 42.089021664120629 ], [ -8.376301294589261, 42.082090007764798 ], [ -8.380080504759356, 42.078129061275753 ], [ -8.38418834190076, 42.077138824653495 ], [ -8.388624806013475, 42.076049564369008 ], [ -8.390267940870039, 42.077237848315718 ], [ -8.391582448755287, 42.078129061275753 ], [ -8.4039059601795, 42.080208558182505 ], [ -8.418036919945941, 42.074366162111161 ], [ -8.421487503144718, 42.072880807177768 ], [ -8.428224356056624, 42.072286665204416 ], [ -8.430196117884499, 42.072583736191092 ], [ -8.432003566226712, 42.07357397281335 ], [ -8.432825133654994, 42.075554446057879 ], [ -8.433975328054586, 42.076841753666812 ], [ -8.434303955025904, 42.077435895640171 ], [ -8.437261597767716, 42.079119297898018 ], [ -8.440547867480838, 42.081990984102575 ], [ -8.453857259818989, 42.082882197062609 ], [ -8.496578766089605, 42.079812463533599 ], [ -8.526319506993381, 42.077435895640171 ], [ -8.526648133964692, 42.070999357595475 ], [ -8.526976760936002, 42.063572582928515 ], [ -8.547023006186059, 42.054462406003708 ], [ -8.555238680468868, 42.052878027408092 ], [ -8.578242568460738, 42.052580956421409 ], [ -8.578406881946393, 42.052580956421409 ], [ -8.590730393370613, 42.054858500652614 ], [ -8.594345290055045, 42.05515557163929 ], [ -8.598288813710795, 42.054759476990384 ], [ -8.603711158737454, 42.054066311354802 ], [ -8.606175861022294, 42.053571193043673 ], [ -8.632466018727285, 42.048818057256817 ], [ -8.6380526772396, 42.043767850483285 ], [ -8.644953843637161, 42.037529359763035 ], [ -8.647582859407656, 42.035845957505195 ], [ -8.651855010034723, 42.033766460598443 ], [ -8.656455787633092, 42.031488916367245 ], [ -8.657934609004002, 42.023666047051378 ], [ -8.658098922489657, 42.022972881415797 ], [ -8.658263235975312, 42.021784597469079 ], [ -8.662206759631061, 42.003564243619472 ], [ -8.681924377909809, 41.990097025556715 ], [ -8.718401971725484, 41.977521020453999 ], [ -8.730068229207077, 41.973461050302724 ], [ -8.743541935030883, 41.965638180986858 ], [ -8.747321145200978, 41.959795784915521 ], [ -8.747649772172288, 41.948408063759508 ], [ -8.747649772172288, 41.943852975297112 ], [ -8.754715252055504, 41.93553498767011 ], [ -8.757179954340351, 41.933455490763365 ], [ -8.759973283596509, 41.931970135829971 ], [ -8.762437985881348, 41.931078922869936 ], [ -8.76753170393669, 41.929197473287637 ], [ -8.773446989420314, 41.925929692434174 ], [ -8.787085008729782, 41.917611704807179 ], [ -8.802037535924491, 41.912066379722518 ], [ -8.806966940494178, 41.910382977464671 ], [ -8.811239091121244, 41.908897622531285 ], [ -8.818468884490116, 41.906521054637857 ], [ -8.825698677858988, 41.903451321108847 ], [ -8.830463768943019, 41.900678658566513 ], [ -8.833750038656142, 41.896222593766332 ], [ -8.842294339910268, 41.884537801623651 ], [ -8.8631621525886, 41.872060820183158 ], [ -8.873678215670601, 41.871466678209799 ], [ -8.8815652629821, 41.881170997107965 ], [ -8.880086441611191, 41.893945049535134 ], [ -8.880086441611191, 41.893945049535134 ], [ -8.875485664012821, 41.899886469268701 ], [ -8.879593501154226, 41.903154250122164 ], [ -8.878278993268978, 41.910085906477995 ], [ -8.88189388995341, 41.915730255224886 ], [ -8.88370133829563, 41.918403894104991 ], [ -8.886001727094815, 41.941575431065907 ], [ -8.885180159666533, 41.954448507155305 ], [ -8.884687219209567, 41.961281139848907 ], [ -8.886330354066132, 41.971084482409296 ], [ -8.887316234980069, 41.978016138765128 ], [ -8.883865651781285, 41.994850161343571 ], [ -8.88222251692472, 41.996929658250323 ], [ -8.878114679783316, 42.001781817699403 ], [ -8.88189388995341, 42.007228119121841 ], [ -8.886823294523097, 42.014555870126571 ], [ -8.885344473152195, 42.023666047051378 ], [ -8.884522905723912, 42.028914301149364 ], [ -8.883044084353003, 42.038222525398623 ], [ -8.88616604058047, 42.041985424563215 ], [ -8.886987608008752, 42.042975661185473 ], [ -8.886658981037442, 42.045748323727807 ], [ -8.886001727094815, 42.050006341203535 ], [ -8.887480548465724, 42.052878027408092 ], [ -8.894874655320251, 42.067038411106431 ], [ -8.892245639549749, 42.084763646644909 ], [ -8.895038968805906, 42.098825006681018 ], [ -8.898818178976001, 42.103578142467875 ], [ -8.896189163205499, 42.111995153757093 ], [ -8.88222251692472, 42.112292224743776 ], [ -8.877786052812006, 42.112391248405999 ], [ -8.869899005500507, 42.116748289543949 ], [ -8.860861763789416, 42.121798496317481 ], [ -8.852974716477917, 42.122986780264199 ], [ -8.850510014193077, 42.127145774077697 ], [ -8.846895117508637, 42.125561395482073 ], [ -8.846566490537327, 42.121006307019677 ], [ -8.846566490537327, 42.11932290476183 ], [ -8.833585725170487, 42.113480508690486 ], [ -8.827013185744235, 42.114668792637204 ], [ -8.82438416997374, 42.119124857437377 ], [ -8.826027304830298, 42.122491661953063 ], [ -8.818961824947081, 42.131502815215647 ], [ -8.820440646317991, 42.14091006312713 ], [ -8.829970828486047, 42.147643672158509 ], [ -8.836214740940989, 42.148138790469638 ], [ -8.846566490537327, 42.149030003429672 ], [ -8.849524133279139, 42.153684115554299 ], [ -8.847552371451265, 42.156555801758856 ], [ -8.839993951111076, 42.157645062043343 ], [ -8.836050427455326, 42.155862636123274 ], [ -8.831613963342612, 42.153585091892076 ], [ -8.826027304830298, 42.154575328514333 ], [ -8.820769273289301, 42.158239204016702 ], [ -8.818140257518806, 42.165269884034757 ], [ -8.812882225977802, 42.18091562266649 ], [ -8.813375166434774, 42.181905859288747 ], [ -8.815182614776994, 42.186361924088928 ], [ -8.813210852949119, 42.189827752266844 ], [ -8.806309686551558, 42.191511154524683 ], [ -8.800230087582278, 42.192897485795854 ], [ -8.781498350217468, 42.202898875680695 ], [ -8.776897572619092, 42.211018815983238 ], [ -8.777061886104754, 42.216267070081223 ], [ -8.777226199590409, 42.218940708961327 ], [ -8.77180385456375, 42.223990915734859 ], [ -8.753236430684602, 42.225773341654929 ], [ -8.740748605774726, 42.226961625601646 ], [ -8.735326260748074, 42.232011832375179 ], [ -8.735326260748074, 42.233200116321889 ], [ -8.734997633776764, 42.236963015486488 ], [ -8.727603526922231, 42.242211269584473 ], [ -8.721195300981641, 42.242310293246696 ], [ -8.711336491842268, 42.242508340571149 ], [ -8.705914146815616, 42.252311683131538 ], [ -8.701970623159866, 42.259639434136268 ], [ -8.696219651161897, 42.258649197514011 ], [ -8.690468679163928, 42.257559937229523 ], [ -8.676994973340122, 42.264392569923125 ], [ -8.669272239514278, 42.276275409390259 ], [ -8.667136164200748, 42.279444166581499 ], [ -8.648568740321593, 42.289049461817434 ], [ -8.642653454837976, 42.287861177870724 ], [ -8.632466018727285, 42.285781680963971 ], [ -8.616363297132978, 42.287267035897365 ], [ -8.616034670161667, 42.301031324946798 ], [ -8.617349178046915, 42.30350691650245 ], [ -8.620635447760044, 42.310141501871605 ], [ -8.615870356676012, 42.326480406138913 ], [ -8.61472016227642, 42.329847210654606 ], [ -8.611926833020263, 42.345591972948561 ], [ -8.617349178046915, 42.349354872113153 ], [ -8.625564852329724, 42.34618611492192 ], [ -8.629015435528508, 42.350246085073188 ], [ -8.632466018727285, 42.349750966762059 ], [ -8.642324827866659, 42.339155434903859 ], [ -8.640353066038784, 42.33380815714365 ], [ -8.637888363753945, 42.32766869008563 ], [ -8.649883248206848, 42.322420435987645 ], [ -8.654484025805218, 42.320439962743123 ], [ -8.659577743860559, 42.314993661320685 ], [ -8.660070684317532, 42.309448336236017 ], [ -8.658756176432284, 42.306972744680365 ], [ -8.653662458376942, 42.297961591417788 ], [ -8.658920489917939, 42.291426029710863 ], [ -8.664671461915901, 42.29112895872418 ], [ -8.676009092426185, 42.290534816750828 ], [ -8.682253004881119, 42.285979728288424 ], [ -8.690468679163928, 42.279840261230405 ], [ -8.698848666932399, 42.281127568839345 ], [ -8.700491801788957, 42.281424639826021 ], [ -8.704106698473396, 42.279741237568174 ], [ -8.711665118813578, 42.276176385728036 ], [ -8.714787075041045, 42.282216829123833 ], [ -8.717744717782857, 42.287762154208494 ], [ -8.730725483149698, 42.28637582293733 ], [ -8.735490574233729, 42.278651977283687 ], [ -8.739105470918169, 42.27271055755012 ], [ -8.758658775711254, 42.262214049354149 ], [ -8.765888569080126, 42.259837481460721 ], [ -8.76966777925022, 42.26043162343408 ], [ -8.781826977188778, 42.262412096678602 ], [ -8.78872814358634, 42.254094109051607 ], [ -8.793164607699062, 42.248647807629169 ], [ -8.804009297752366, 42.251618517495956 ], [ -8.805159492151965, 42.252509730455991 ], [ -8.812882225977802, 42.257857008216199 ], [ -8.82438416997374, 42.253598990740478 ], [ -8.828492007115145, 42.252113635807085 ], [ -8.832271217285239, 42.254094109051607 ], [ -8.838843756711483, 42.257559937229523 ], [ -8.852810402992262, 42.26043162343408 ], [ -8.857904121047603, 42.258550173851781 ], [ -8.859711569389823, 42.255678487647224 ], [ -8.863983720016883, 42.248449760304716 ], [ -8.872199394299692, 42.251420470171503 ], [ -8.8643123469882, 42.267363279789912 ], [ -8.857082553619321, 42.30667567369369 ], [ -8.853467656934889, 42.305784460733655 ], [ -8.848373938879547, 42.297070378457754 ], [ -8.846237863566017, 42.293604550279838 ], [ -8.824219856488085, 42.276473456714712 ], [ -8.819454765404053, 42.27894904827037 ], [ -8.821919467688893, 42.298159638742241 ], [ -8.818961824947081, 42.302615703542415 ], [ -8.819126138432743, 42.312914164413932 ], [ -8.82619161831596, 42.324202861907715 ], [ -8.827341812715552, 42.332619873196933 ], [ -8.829477888029082, 42.333412062494745 ], [ -8.833750038656142, 42.334996441090361 ], [ -8.836707681397954, 42.338561292930507 ], [ -8.835557486998361, 42.340838837161705 ], [ -8.826355931801615, 42.341036884486158 ], [ -8.819783392375363, 42.337769103632695 ], [ -8.800723028039243, 42.338561292930507 ], [ -8.798586952725714, 42.332025731223581 ], [ -8.798586952725714, 42.331926707561351 ], [ -8.789549711014622, 42.327371619098948 ], [ -8.773446989420314, 42.331530612912445 ], [ -8.752907803713285, 42.343809547028492 ], [ -8.746828204744006, 42.361039664255841 ], [ -8.745185069887448, 42.365990847367144 ], [ -8.738448216975542, 42.373318598371881 ], [ -8.734504693319792, 42.374803953305275 ], [ -8.730561169664043, 42.376289308238661 ], [ -8.727932153893548, 42.380448302052159 ], [ -8.725467451608701, 42.384409248541211 ], [ -8.715444328983672, 42.391241881234812 ], [ -8.70854316258611, 42.395995017021669 ], [ -8.697369845561489, 42.393915520114916 ], [ -8.69276906796312, 42.399064750550679 ], [ -8.690468679163928, 42.402233507741911 ], [ -8.666314596772466, 42.42005776694262 ], [ -8.656620101118747, 42.424117737093887 ], [ -8.654319712319563, 42.431841582747531 ], [ -8.660234997803187, 42.424909926391699 ], [ -8.680774183510216, 42.421048003564877 ], [ -8.680938496995871, 42.421147027227107 ], [ -8.684553393680304, 42.424117737093887 ], [ -8.684882020651621, 42.425008950053922 ], [ -8.690468679163928, 42.439664452063397 ], [ -8.703285131045114, 42.433029866694241 ], [ -8.707064341215208, 42.428276730907385 ], [ -8.707557281672173, 42.427781612596256 ], [ -8.713472567155797, 42.422137263849365 ], [ -8.719059225668111, 42.421840192862689 ], [ -8.720702360524669, 42.421741169200459 ], [ -8.740912919260388, 42.413027086924565 ], [ -8.746663891258351, 42.406788596204315 ], [ -8.74995016097148, 42.403223744364176 ], [ -8.755043879026822, 42.402332531404141 ], [ -8.758001521768634, 42.401738389430783 ], [ -8.758658775711254, 42.400253034497389 ], [ -8.760466224053474, 42.396292088008344 ], [ -8.769832092735875, 42.393717472790463 ], [ -8.774597183819907, 42.388568242354708 ], [ -8.781005409760503, 42.394212591101592 ], [ -8.781826977188778, 42.395103804061634 ], [ -8.800230087582278, 42.400154010835166 ], [ -8.813539479920429, 42.400352058159619 ], [ -8.822083781174548, 42.397282324630602 ], [ -8.825205737402023, 42.391538952221488 ], [ -8.827341812715552, 42.387875076719119 ], [ -8.832764157742204, 42.388370195030255 ], [ -8.839008070197139, 42.384805343190109 ], [ -8.849524133279139, 42.396391111670567 ], [ -8.858232748018921, 42.398173537590644 ], [ -8.861847644703353, 42.406689572542092 ], [ -8.862011958189008, 42.407382738177674 ], [ -8.870720572928789, 42.413621228897917 ], [ -8.871870767328382, 42.4139182998846 ], [ -8.880086441611191, 42.415502678480216 ], [ -8.875978604469786, 42.425900163013964 ], [ -8.875157037041504, 42.427781612596256 ], [ -8.872528021271009, 42.438773239103355 ], [ -8.87942918766857, 42.450755102232719 ], [ -8.888466429379662, 42.457092616615192 ], [ -8.911798944342841, 42.461449657753143 ], [ -8.914756587084653, 42.459667231833073 ], [ -8.926751471537557, 42.452339480828343 ], [ -8.933652637935118, 42.454518001397318 ], [ -8.941046744789645, 42.463331107335442 ], [ -8.937596161590868, 42.469767645380138 ], [ -8.938089102047833, 42.475610041451482 ], [ -8.934802832334711, 42.477689538358234 ], [ -8.92149343999656, 42.477392467371551 ], [ -8.906212285830527, 42.476996372722645 ], [ -8.886494667551787, 42.486502644296358 ], [ -8.885673100123505, 42.489473354163145 ], [ -8.88616604058047, 42.489770425149821 ], [ -8.890273877721874, 42.492543087692155 ], [ -8.888630742865317, 42.495018679247806 ], [ -8.874664096584539, 42.499276696723527 ], [ -8.872528021271009, 42.4965040341812 ], [ -8.865298227902137, 42.496801105167876 ], [ -8.861683331217698, 42.493929418963319 ], [ -8.859218628932858, 42.492047969381019 ], [ -8.857904121047603, 42.47362956820696 ], [ -8.872035080814037, 42.461449657753143 ], [ -8.86891312458657, 42.447982439690392 ], [ -8.858232748018921, 42.451547291530531 ], [ -8.852317462535296, 42.45639945097961 ], [ -8.848209625393892, 42.459865279157526 ], [ -8.844266101738143, 42.457290663939645 ], [ -8.842294339910268, 42.455904332668482 ], [ -8.83112102288564, 42.458577971548586 ], [ -8.823398289059803, 42.453032646463924 ], [ -8.820440646317991, 42.453032646463924 ], [ -8.819783392375363, 42.458776018873039 ], [ -8.822741035117176, 42.467688148473393 ], [ -8.826027304830298, 42.468975456082333 ], [ -8.829477888029082, 42.470361787353497 ], [ -8.827341812715552, 42.476105159762611 ], [ -8.83079239591433, 42.484324123727383 ], [ -8.82471279694505, 42.49333527698996 ], [ -8.819619078889708, 42.492741135016608 ], [ -8.814689674320022, 42.492047969381019 ], [ -8.804009297752366, 42.500068886021339 ], [ -8.806145373065903, 42.501653264616955 ], [ -8.814689674320022, 42.502445453914767 ], [ -8.816825749633551, 42.50254447757699 ], [ -8.818140257518806, 42.50997125224395 ], [ -8.817483003576179, 42.512545867461832 ], [ -8.814689674320022, 42.524329683266743 ], [ -8.820276332832336, 42.522844328333349 ], [ -8.827341812715552, 42.520863855088827 ], [ -8.827013185744235, 42.530766221311445 ], [ -8.827506126201207, 42.54086663485851 ], [ -8.837693562311891, 42.553046545312327 ], [ -8.830956709399985, 42.561958674912674 ], [ -8.830628082428674, 42.56235476956158 ], [ -8.830628082428674, 42.563047935197162 ], [ -8.830299455457364, 42.57463370367762 ], [ -8.824877110430705, 42.578000508193313 ], [ -8.808610075350742, 42.576713200584372 ], [ -8.808445761865087, 42.576713200584372 ], [ -8.80778850792246, 42.577307342557731 ], [ -8.801215968496216, 42.582357549331263 ], [ -8.800065774096623, 42.58206047834458 ], [ -8.797108131354811, 42.581367312708998 ], [ -8.789221084043312, 42.588794087375959 ], [ -8.783634425530998, 42.594240388798397 ], [ -8.780019528846566, 42.59453745978508 ], [ -8.770982287135475, 42.595329649082885 ], [ -8.767038763479725, 42.602558376425392 ], [ -8.773118362449004, 42.610084174754583 ], [ -8.774432870334252, 42.611569529687969 ], [ -8.777390513076064, 42.614639263216986 ], [ -8.774268556848597, 42.620580682950546 ], [ -8.760137597082164, 42.635929350595603 ], [ -8.752250549770665, 42.64058346272023 ], [ -8.747485458686633, 42.643455148924787 ], [ -8.741898800174326, 42.649495592320591 ], [ -8.739598411375134, 42.658803816569844 ], [ -8.739269784403824, 42.659496982205425 ], [ -8.739105470918169, 42.659893076854331 ], [ -8.725631765094356, 42.677321241406133 ], [ -8.727767840407886, 42.684351921424181 ], [ -8.725631765094356, 42.687619702277644 ], [ -8.726781959493948, 42.68821384425101 ], [ -8.731054110121015, 42.684946063397547 ], [ -8.730561169664043, 42.683163637477477 ], [ -8.730068229207077, 42.680688045921826 ], [ -8.728753721321823, 42.675538815486064 ], [ -8.734176066348482, 42.671181774348113 ], [ -8.744199188973511, 42.662863786721118 ], [ -8.748964280057542, 42.651476065565106 ], [ -8.757015640854696, 42.647713166400521 ], [ -8.763588180280941, 42.650188757956172 ], [ -8.769174838793255, 42.652268254862918 ], [ -8.775418751248189, 42.645930740480438 ], [ -8.779362274903939, 42.641969793991393 ], [ -8.795957936955212, 42.637315681866767 ], [ -8.820440646317991, 42.645831716818222 ], [ -8.817483003576179, 42.655734083040826 ], [ -8.815182614776994, 42.662962810383334 ], [ -8.82898494757211, 42.667616922507975 ], [ -8.84130845899633, 42.68643141833094 ], [ -8.842622966881578, 42.666626685885703 ], [ -8.842787280367233, 42.664646212641188 ], [ -8.844266101738143, 42.664448165316728 ], [ -8.851495895107014, 42.663259881370024 ], [ -8.859218628932858, 42.646227811467128 ], [ -8.856260986191046, 42.641771746666947 ], [ -8.849524133279139, 42.640088344409108 ], [ -8.846237863566017, 42.639197131449066 ], [ -8.839665324139766, 42.6328596170666 ], [ -8.842787280367233, 42.629690859875353 ], [ -8.850345700707422, 42.62830452860419 ], [ -8.856753926648011, 42.627215268319702 ], [ -8.857739807561948, 42.617510949421543 ], [ -8.858725688475886, 42.608202725172283 ], [ -8.8631621525886, 42.607410535874479 ], [ -8.885180159666533, 42.616619736461502 ], [ -8.88370133829563, 42.623947487466239 ], [ -8.8815652629821, 42.625531866061863 ], [ -8.875649977498476, 42.629789883537583 ], [ -8.879264874182908, 42.636424468906739 ], [ -8.899804059889938, 42.641375652018041 ], [ -8.906540912801844, 42.631770356782113 ], [ -8.931845189592899, 42.611569529687969 ], [ -8.936774594162586, 42.607806630523378 ], [ -8.936445967191275, 42.60364763670988 ], [ -8.931680876107244, 42.597805240638543 ], [ -8.930530681707651, 42.597409145989637 ], [ -8.92149343999656, 42.595032578096209 ], [ -8.920671872568278, 42.587704827091471 ], [ -8.938910669476115, 42.583545833277974 ], [ -8.941046744789645, 42.583050714966845 ], [ -8.950905553929019, 42.584833140886914 ], [ -8.957313779869608, 42.58087219439787 ], [ -8.962571811410612, 42.572455183108644 ], [ -8.964379259752825, 42.569583496904087 ], [ -8.970130231750794, 42.568890331268506 ], [ -8.981303548775415, 42.567603023659565 ], [ -8.989519223058224, 42.563245982521615 ], [ -8.990340790486506, 42.556611397152466 ], [ -8.986890207287729, 42.550372906432216 ], [ -8.984096878031572, 42.545619770645366 ], [ -8.987876088201666, 42.538192995978406 ], [ -9.021724666246847, 42.517893145222047 ], [ -9.032076415843186, 42.520269713115475 ], [ -9.040949344068622, 42.518685334519851 ], [ -9.040292090125995, 42.53462814413826 ], [ -9.036019939498935, 42.539282256262894 ], [ -9.032076415843186, 42.543738321063067 ], [ -9.030926221443593, 42.549877788121087 ], [ -9.041770911496904, 42.566612787037307 ], [ -9.058366573548177, 42.576812224246595 ], [ -9.066253620859676, 42.57473272733985 ], [ -9.070854398458053, 42.573544443393132 ], [ -9.077591251369952, 42.568197165632924 ], [ -9.090079076279828, 42.574138585366491 ], [ -9.089421822337201, 42.577307342557731 ], [ -9.081863401997019, 42.579386839464476 ], [ -9.079398699712172, 42.58215950200681 ], [ -9.077591251369952, 42.584139975251333 ], [ -9.077755564855607, 42.584932164549144 ], [ -9.078084191826925, 42.596815004016278 ], [ -9.068718323144516, 42.598894500923031 ], [ -9.064939112974429, 42.599785713883065 ], [ -9.059681081433425, 42.611569529687969 ], [ -9.059845394919087, 42.612856837296917 ], [ -9.060666962347362, 42.617708996745989 ], [ -9.058366573548177, 42.618798257030477 ], [ -9.053765795949808, 42.622462132532846 ], [ -9.047028943037901, 42.627710386630838 ], [ -9.039306209212057, 42.639791273422418 ], [ -9.037663074355493, 42.648604379360549 ], [ -9.03979914966903, 42.651971183876242 ], [ -9.041935224982559, 42.655437012054151 ], [ -9.041277971039932, 42.668805206454678 ], [ -9.031912102357531, 42.676529052108322 ], [ -9.031090534929248, 42.677123194081673 ], [ -9.030761907957938, 42.679895856624015 ], [ -9.028461519158746, 42.701483014989307 ], [ -9.022053293218157, 42.708711742331815 ], [ -9.015152126820595, 42.710494168251884 ], [ -9.010551349222219, 42.711781475860832 ], [ -9.009236841336971, 42.716732658972134 ], [ -9.006772139052131, 42.725941859559171 ], [ -8.998556464769315, 42.727922332803686 ], [ -8.996584702941441, 42.728417451114822 ], [ -8.994284314142256, 42.732477421266097 ], [ -8.989190596086914, 42.741290527204214 ], [ -8.9768670846627, 42.743568071435419 ], [ -8.973909441920888, 42.742775882137607 ], [ -8.968980037351201, 42.741488574528674 ], [ -8.956985152898298, 42.746835852288882 ], [ -8.952384375299921, 42.75208410638686 ], [ -8.951727121357301, 42.756540171187041 ], [ -8.951398494385984, 42.758223573444894 ], [ -8.943675760560147, 42.764858158814036 ], [ -8.94088243130399, 42.767135703045241 ], [ -8.939567923418743, 42.773968335738843 ], [ -8.932831070506836, 42.777236116592306 ], [ -8.927901665937149, 42.783870701961462 ], [ -8.912620511771124, 42.791099429303969 ], [ -8.901940135203468, 42.786049222530437 ], [ -8.891259758635812, 42.780899992094675 ], [ -8.892081326064094, 42.788326766761628 ], [ -8.89848955200469, 42.791495523952875 ], [ -8.898982492461656, 42.791594547615091 ], [ -8.89848955200469, 42.792386736912903 ], [ -8.896189163205499, 42.795852565090826 ], [ -8.897339357605098, 42.799120345944289 ], [ -8.899475432918628, 42.804467623704497 ], [ -8.896517790176816, 42.812686587669262 ], [ -8.895696222748533, 42.814964131900467 ], [ -8.886658981037442, 42.813478776967074 ], [ -8.878771933725943, 42.817043628807212 ], [ -8.875814290984131, 42.828332326300995 ], [ -8.87942918766857, 42.825856734745344 ], [ -8.881400949496445, 42.818628007402836 ], [ -8.886658981037442, 42.816944605144982 ], [ -8.898982492461656, 42.827045018692061 ], [ -8.905062091430935, 42.81823191275393 ], [ -8.907691107201437, 42.80783442822019 ], [ -8.909334242057994, 42.80169496116217 ], [ -8.921164813025243, 42.797436943686435 ], [ -8.925601277137964, 42.800209606228776 ], [ -8.933816951420773, 42.805160789340079 ], [ -8.943675760560147, 42.79961546425541 ], [ -8.947619284215897, 42.791495523952875 ], [ -8.951069867414674, 42.784068749285908 ], [ -8.957971033812235, 42.780899992094675 ], [ -8.964543573238487, 42.779612684485727 ], [ -8.966186708095044, 42.784563867597043 ], [ -8.967008275523327, 42.787039459152695 ], [ -8.974402382377853, 42.790109192681697 ], [ -8.978510219519258, 42.784761914921489 ], [ -8.98294668363198, 42.779216589836835 ], [ -9.013344678478376, 42.784167772948138 ], [ -9.01465918636363, 42.78733653013937 ], [ -9.015645067277568, 42.789614074370576 ], [ -9.012687424535756, 42.795951588753042 ], [ -9.019095650476345, 42.800110582566546 ], [ -9.029118773101374, 42.797734014673111 ], [ -9.040785030582967, 42.788128719437182 ], [ -9.058366573548177, 42.786346293517113 ], [ -9.063295978117864, 42.786544340841559 ], [ -9.064939112974429, 42.784563867597043 ], [ -9.058366573548177, 42.77674099828117 ], [ -9.052944228521525, 42.772879075454355 ], [ -9.049165018351431, 42.770205436574244 ], [ -9.053765795949808, 42.764858158814036 ], [ -9.058366573548177, 42.759510881053828 ], [ -9.07184027937199, 42.757332360484853 ], [ -9.07644105697036, 42.756540171187041 ], [ -9.07824850531258, 42.75406457963139 ], [ -9.079727326683482, 42.75228215371132 ], [ -9.077262624398642, 42.740795408893092 ], [ -9.086135552624079, 42.738418840999657 ], [ -9.098294750562637, 42.752678248360226 ], [ -9.09977357193354, 42.754460674280296 ], [ -9.101252393304449, 42.754460674280296 ], [ -9.114397472156945, 42.754559697942526 ], [ -9.113740218214318, 42.760996235987221 ], [ -9.118176682327039, 42.764858158814036 ], [ -9.125242162210256, 42.771294696858732 ], [ -9.125735102667221, 42.77674099828117 ], [ -9.134772344378312, 42.790406263668388 ], [ -9.150053498544345, 42.79981351157987 ], [ -9.14808173671647, 42.802982268771103 ], [ -9.128035491466413, 42.80763638089573 ], [ -9.11275433730038, 42.811201232735868 ], [ -9.105853170902819, 42.823282119527462 ], [ -9.106346111359791, 42.833283509412297 ], [ -9.110125321529885, 42.840512236754805 ], [ -9.120641384611879, 42.846948774799515 ], [ -9.125406475695911, 42.845661467190567 ], [ -9.129514312837316, 42.844473183243849 ], [ -9.137729987120125, 42.850612650301869 ], [ -9.149724871573028, 42.8719027376805 ], [ -9.146602915345561, 42.882597293200917 ], [ -9.141016256833254, 42.884775813769892 ], [ -9.140030375919316, 42.885171908418798 ], [ -9.140523316376282, 42.888241641947815 ], [ -9.141837824261529, 42.89448013266805 ], [ -9.139866062433654, 42.895767440276998 ], [ -9.125406475695911, 42.905471759175157 ], [ -9.137565673634469, 42.910422942286459 ], [ -9.143480959118094, 42.911017084259825 ], [ -9.160405248140684, 42.912601462855434 ], [ -9.170099743794403, 42.929435485433885 ], [ -9.170099743794403, 42.929732556420561 ], [ -9.174371894421462, 42.943496845469994 ], [ -9.183244822646898, 42.945873413363429 ], [ -9.189160108130523, 42.953894330003735 ], [ -9.190967556472735, 42.951121667461408 ], [ -9.192117750872328, 42.945972437025645 ], [ -9.185545211446083, 42.933198384598484 ], [ -9.184559330532146, 42.931316935016184 ], [ -9.184066390075174, 42.916364362020033 ], [ -9.208549099437953, 42.917552645966751 ], [ -9.208549099437953, 42.924880396971488 ], [ -9.208549099437953, 42.92735598852714 ], [ -9.214300071435922, 42.929831580082791 ], [ -9.215943206292479, 42.933792526571835 ], [ -9.220872610862166, 42.942803679834412 ], [ -9.232045927886787, 42.939238827994274 ], [ -9.234017689714662, 42.93151498234063 ], [ -9.235167884114254, 42.927851106838261 ], [ -9.244205125825346, 42.926068680918192 ], [ -9.25192785965119, 42.924682349647028 ], [ -9.261950982276218, 42.918740929913454 ], [ -9.262115295761873, 42.910422942286459 ], [ -9.262279609247528, 42.89626255858812 ], [ -9.26885214867378, 42.882993387849822 ], [ -9.273945866729122, 42.882498269538686 ], [ -9.280682719641028, 42.892598683085765 ], [ -9.277232136442244, 42.907452232419686 ], [ -9.276574882499624, 42.910422942286459 ], [ -9.281175660097993, 42.916562409344479 ], [ -9.282490167983248, 42.918344835264563 ], [ -9.292677604093932, 42.920820426820214 ], [ -9.296128187292709, 42.924979420633704 ], [ -9.288898393923837, 42.940526135603207 ], [ -9.282983108440213, 42.945279271390064 ], [ -9.282161541011931, 42.955181637612682 ], [ -9.276903509470934, 42.959043560439497 ], [ -9.268687835188125, 42.964885956510841 ], [ -9.260472160905316, 42.975877583017947 ], [ -9.262279609247528, 42.982116073738197 ], [ -9.260143533933999, 43.000039356601121 ], [ -9.257185891192186, 43.002514948156772 ], [ -9.264251371075403, 43.010931959445998 ], [ -9.272302731872557, 43.011823172406039 ], [ -9.277396449927906, 43.012318290717161 ], [ -9.278382330841843, 43.01608118988176 ], [ -9.278875271298809, 43.017962639464059 ], [ -9.284954870268088, 43.039351750504906 ], [ -9.2879125130099, 43.044104886291748 ], [ -9.297278381692301, 43.048362903767483 ], [ -9.297935635634929, 43.055690654772206 ], [ -9.292513290608277, 43.0571760097056 ], [ -9.286433691638997, 43.047768761794117 ], [ -9.286269378153335, 43.047669738131901 ], [ -9.277560763413561, 43.044699028265114 ], [ -9.271974104901247, 43.045194146576236 ], [ -9.268194894731153, 43.050343377011998 ], [ -9.262443922733191, 43.049353140389741 ], [ -9.249627470852005, 43.071831511715075 ], [ -9.251106292222907, 43.076683671164162 ], [ -9.254063934964719, 43.086784084711226 ], [ -9.255214129364312, 43.090646007538041 ], [ -9.247820022509785, 43.092131362471434 ], [ -9.244533752796663, 43.086784084711226 ], [ -9.244533752796663, 43.086784084711226 ], [ -9.242561990968788, 43.086784084711226 ], [ -9.234674943657289, 43.091141125849177 ], [ -9.222022805261759, 43.088962605280202 ], [ -9.222515745718731, 43.0984688768539 ], [ -9.222515745718731, 43.09856790051613 ], [ -9.220051043433884, 43.102924941654081 ], [ -9.222022805261759, 43.109559527023237 ], [ -9.219229476005609, 43.112530236890024 ], [ -9.212328309608047, 43.102429823342945 ], [ -9.20805615898098, 43.102528847005175 ], [ -9.199018917269889, 43.102825917991851 ], [ -9.197047155442014, 43.099063018827266 ], [ -9.193103631786265, 43.091339173173623 ], [ -9.18620246538871, 43.091042102186947 ], [ -9.182751882189926, 43.093418670080368 ], [ -9.182587568704271, 43.102231776018499 ], [ -9.182587568704271, 43.102429823342945 ], [ -9.182258941732961, 43.102528847005175 ], [ -9.166977787566928, 43.105598580534192 ], [ -9.158269172827154, 43.12748280988616 ], [ -9.165663279681681, 43.133127158633059 ], [ -9.168127981966528, 43.144514879789057 ], [ -9.176343656249337, 43.135107631877574 ], [ -9.184559330532146, 43.125700383966091 ], [ -9.192775004814955, 43.125205265654969 ], [ -9.202962440925639, 43.131740827361895 ], [ -9.205098516239168, 43.14184124090896 ], [ -9.20805615898098, 43.14600023472245 ], [ -9.211835369151075, 43.151446536144888 ], [ -9.211506742179765, 43.158081121514044 ], [ -9.20805615898098, 43.157387955878463 ], [ -9.201154992583426, 43.156100648269515 ], [ -9.199840484698171, 43.156793813905097 ], [ -9.186366778874365, 43.162933280963117 ], [ -9.182258941732961, 43.170261031967854 ], [ -9.173386013507525, 43.186302865248493 ], [ -9.158762113284119, 43.184817510315099 ], [ -9.157447605398872, 43.184619462990653 ], [ -9.15054643900131, 43.189867717088632 ], [ -9.148246050202125, 43.191452095684255 ], [ -9.136579792720532, 43.192046237657607 ], [ -9.128857058894688, 43.196007184146652 ], [ -9.117519428384412, 43.19343256892877 ], [ -9.112261396843415, 43.18927357511528 ], [ -9.10996100804423, 43.18749114919521 ], [ -9.09550142130648, 43.188778456804144 ], [ -9.080384580626109, 43.181252658474961 ], [ -9.077591251369952, 43.181846800448312 ], [ -9.074962235599457, 43.186104817924033 ], [ -9.066417934345331, 43.185312628626235 ], [ -9.059352454462115, 43.185114581301775 ], [ -9.040620717097305, 43.194422805551042 ], [ -9.035362685556308, 43.200859343595738 ], [ -9.03437680464237, 43.209177331222733 ], [ -9.033883864185405, 43.213039254049548 ], [ -9.027804265216126, 43.214128514334035 ], [ -9.02073878533291, 43.215415821942983 ], [ -9.010879976193536, 43.224823069854466 ], [ -9.011044289679191, 43.226407448450075 ], [ -9.012030170593128, 43.232546915508095 ], [ -9.003978809795974, 43.229873276627998 ], [ -9.002828615396382, 43.223733809569978 ], [ -9.001842734482445, 43.21828750814754 ], [ -8.993955687170946, 43.216703129551917 ], [ -8.990505103972161, 43.219376768432028 ], [ -8.989519223058224, 43.220267981392055 ], [ -8.98146786226107, 43.228288898032375 ], [ -8.970951799179076, 43.22432795154333 ], [ -8.964872200209797, 43.228189874370145 ], [ -8.953863196670831, 43.229576205641322 ], [ -8.949919673015081, 43.228585969019051 ], [ -8.94301850661752, 43.226704519436751 ], [ -8.93907498296177, 43.228288898032375 ], [ -8.937924788562178, 43.232943010157001 ], [ -8.94268987964621, 43.240567832148415 ], [ -8.950905553929019, 43.246608275544205 ], [ -8.953041629242549, 43.263442298122655 ], [ -8.967994156437264, 43.263145227135979 ], [ -8.9768670846627, 43.262947179811519 ], [ -8.988040401687321, 43.275028066603113 ], [ -8.98327531060329, 43.281563628310039 ], [ -8.964050632781515, 43.286910906070247 ], [ -8.956492212441333, 43.293050373128267 ], [ -8.937103221133896, 43.288891379314776 ], [ -8.936281653705613, 43.288396261003641 ], [ -8.928065979422804, 43.283247030567878 ], [ -8.926915785023212, 43.290574781572616 ], [ -8.926587158051902, 43.291961112843779 ], [ -8.924122455767055, 43.292258183830455 ], [ -8.908184047658402, 43.293941586088309 ], [ -8.909662869029312, 43.301764455404168 ], [ -8.906376599316189, 43.306220520204349 ], [ -8.908512674629719, 43.309686348382257 ], [ -8.911798944342841, 43.315528744453601 ], [ -8.909991496000622, 43.320479927564918 ], [ -8.885344473152195, 43.319786761929336 ], [ -8.883537024809975, 43.318499454320389 ], [ -8.875978604469786, 43.31315217656018 ], [ -8.871542140357072, 43.319984809253782 ], [ -8.870556259443134, 43.321470164187176 ], [ -8.867762930186977, 43.320380903902688 ], [ -8.860697450303761, 43.317905312347037 ], [ -8.847880998422575, 43.320380903902688 ], [ -8.84771668493692, 43.324737945040638 ], [ -8.847552371451265, 43.329293033503035 ], [ -8.847223744479955, 43.33771004479226 ], [ -8.837529248826236, 43.344740724810322 ], [ -8.830135141971702, 43.340680754659047 ], [ -8.827999066658172, 43.33166960139647 ], [ -8.827670439686862, 43.330481317449753 ], [ -8.818468884490116, 43.326322323636248 ], [ -8.815018301291332, 43.324737945040638 ], [ -8.812882225977802, 43.324737945040638 ], [ -8.807295567465495, 43.324737945040638 ], [ -8.802694789867118, 43.317509217698131 ], [ -8.799408520153996, 43.312161939937923 ], [ -8.778047767018691, 43.301566408079722 ], [ -8.761287791481756, 43.300972266106356 ], [ -8.744199188973511, 43.293941586088309 ], [ -8.730725483149698, 43.295724012008378 ], [ -8.71182943229924, 43.289782592274804 ], [ -8.690468679163928, 43.295129870035026 ], [ -8.637559736782627, 43.307903922462188 ], [ -8.633123272669913, 43.310181466693393 ], [ -8.632466018727285, 43.310577561342299 ], [ -8.624086030958821, 43.31503362614248 ], [ -8.611269579077636, 43.315330697129156 ], [ -8.610448011649353, 43.315429720791386 ], [ -8.610283698163698, 43.315627768115831 ], [ -8.606340174507949, 43.32097504587604 ], [ -8.602068023880889, 43.318301406995943 ], [ -8.591880587770206, 43.320876022213824 ], [ -8.590237452913641, 43.317212146711455 ], [ -8.589908825942331, 43.316419957413643 ], [ -8.586129615772236, 43.315528744453601 ], [ -8.581364524688205, 43.316915075724765 ], [ -8.579885703317302, 43.317410194035901 ], [ -8.577585314518117, 43.316816052062549 ], [ -8.557210442296743, 43.311369750640111 ], [ -8.545379871329501, 43.312161939937923 ], [ -8.533384986876598, 43.316221910089183 ], [ -8.521390102423695, 43.324737945040638 ], [ -8.517775205739255, 43.32731256025852 ], [ -8.507752083114227, 43.328302796880777 ], [ -8.501343857173637, 43.337313950143354 ], [ -8.497071706546571, 43.345334866783674 ], [ -8.494278377290421, 43.350781168206112 ], [ -8.497400333517888, 43.355336256668508 ], [ -8.493292496376483, 43.359000132170877 ], [ -8.487212897407204, 43.358901108508661 ], [ -8.487705837864169, 43.354544067370711 ], [ -8.487377210892859, 43.35434602004625 ], [ -8.484748195122357, 43.353157736099533 ], [ -8.476039580382576, 43.353454807086223 ], [ -8.468974100499359, 43.357613800899713 ], [ -8.458950977874331, 43.360980605415406 ], [ -8.457307843017773, 43.368011285433454 ], [ -8.457143529532118, 43.36860542740682 ], [ -8.447613347364054, 43.373259539531446 ], [ -8.439726300052556, 43.381181432509536 ], [ -8.42296632451562, 43.377418533344937 ], [ -8.421980443601683, 43.377121462358261 ], [ -8.417051039032003, 43.371576137273607 ], [ -8.408013797320912, 43.369892735015753 ], [ -8.404398900636473, 43.374249776153704 ], [ -8.408671051263532, 43.378309746304978 ], [ -8.410149872634442, 43.379696077576142 ], [ -8.410149872634442, 43.383657024065187 ], [ -8.406699289435657, 43.387320899567555 ], [ -8.396676166810629, 43.388212112527597 ], [ -8.392732643154879, 43.385637497309716 ], [ -8.395033031954071, 43.380290219549508 ], [ -8.388953432984792, 43.369199569380172 ], [ -8.395197345439726, 43.368308356420144 ], [ -8.398976555609821, 43.367813238109008 ], [ -8.403084392751225, 43.362168889362124 ], [ -8.38813186555651, 43.354147972721805 ], [ -8.38418834190076, 43.346919245379297 ], [ -8.38418834190076, 43.343255369876928 ], [ -8.38418834190076, 43.339393447050099 ], [ -8.362170334822828, 43.341869038605765 ], [ -8.349846823398615, 43.346721198054837 ], [ -8.347217807628112, 43.36038646344204 ], [ -8.338837819859648, 43.377220486020491 ], [ -8.342945657001053, 43.381874598145117 ], [ -8.34393153791499, 43.381973621807347 ], [ -8.350504077341235, 43.382468740118483 ], [ -8.347053494142457, 43.396332052830132 ], [ -8.32914332420593, 43.402372496225937 ], [ -8.30581080924275, 43.403065661861518 ], [ -8.298252388902561, 43.397223265790174 ], [ -8.297759448445596, 43.391975011692182 ], [ -8.297266507988624, 43.386627733931974 ], [ -8.287736325820568, 43.383458976740741 ], [ -8.281163786394316, 43.384746284349674 ], [ -8.275248500910692, 43.385835544634162 ], [ -8.266211259199601, 43.383260929416281 ], [ -8.258817152345074, 43.369793711353523 ], [ -8.250437164576603, 43.364743504579991 ], [ -8.251751672461857, 43.357316729913038 ], [ -8.25290186686145, 43.351276286517248 ], [ -8.248794029720045, 43.348206552988231 ], [ -8.244028938636013, 43.348701671299366 ], [ -8.240742668922891, 43.34384951185028 ], [ -8.230062292355235, 43.342265133254656 ], [ -8.225790141728176, 43.337313950143354 ], [ -8.223489752928991, 43.333749098303215 ], [ -8.209851733619523, 43.327609631245195 ], [ -8.208701539219931, 43.331867648720916 ], [ -8.213466630303962, 43.337313950143354 ], [ -8.213138003332645, 43.339591494374559 ], [ -8.211494868476088, 43.340482707334587 ], [ -8.204593702078526, 43.337313950143354 ], [ -8.202621940250651, 43.337313950143354 ], [ -8.21116624150477, 43.349196789610488 ], [ -8.216424273045767, 43.352167499477275 ], [ -8.218560348359304, 43.353355783423993 ], [ -8.216259959560112, 43.355435280330738 ], [ -8.208701539219931, 43.362564984011016 ], [ -8.215602705617492, 43.367219096135656 ], [ -8.217903094416677, 43.368704451069036 ], [ -8.21510976516052, 43.376626344047139 ], [ -8.21478113818921, 43.377616580669397 ], [ -8.214945451674865, 43.378111698980533 ], [ -8.219710542758897, 43.384845308011904 ], [ -8.219381915787579, 43.391578917043276 ], [ -8.206729777392056, 43.407224655675009 ], [ -8.198678416594902, 43.40979927089289 ], [ -8.189312547912493, 43.412869004421907 ], [ -8.174360020717785, 43.412571933435217 ], [ -8.175017274660405, 43.419206518804373 ], [ -8.185369024256744, 43.424058678253459 ], [ -8.195556460367435, 43.426138175160204 ], [ -8.21264506287568, 43.419800660777724 ], [ -8.224639947328583, 43.426930364458016 ], [ -8.236799145267142, 43.429009861364761 ], [ -8.241235609379856, 43.426138175160204 ], [ -8.241399922865511, 43.423563559942323 ], [ -8.241399922865511, 43.419602613453279 ], [ -8.246000700463888, 43.418711400493237 ], [ -8.257009704002854, 43.421385039373348 ], [ -8.266704199656573, 43.427821577418044 ], [ -8.279356338052096, 43.436238588707269 ], [ -8.284942996564411, 43.436238588707269 ], [ -8.295130432675094, 43.436337612369499 ], [ -8.312054721697685, 43.443764387036452 ], [ -8.30646806318537, 43.447725333525497 ], [ -8.309918646384155, 43.453369682272395 ], [ -8.305646495757088, 43.454260895232423 ], [ -8.279684965023414, 43.459410125668185 ], [ -8.27163360422626, 43.463272048495 ], [ -8.26769008057051, 43.456439415801398 ], [ -8.257338330974164, 43.46337107215723 ], [ -8.253887747775387, 43.465648616388435 ], [ -8.249944224119638, 43.463074001170554 ], [ -8.247972462291763, 43.461588646237161 ], [ -8.220532110187179, 43.458815983694834 ], [ -8.204922329049836, 43.459707196654861 ], [ -8.202786253736306, 43.460895480601579 ], [ -8.173702766775158, 43.476343171908852 ], [ -8.170745124033346, 43.48010607107345 ], [ -8.168116108262844, 43.483571899251359 ], [ -8.167458854320223, 43.48614651446924 ], [ -8.164336898092756, 43.497633259287483 ], [ -8.152670640611163, 43.513972163554797 ], [ -8.152506327125508, 43.514071187217013 ], [ -8.155135342896003, 43.513972163554797 ], [ -8.163843957635784, 43.513675092568107 ], [ -8.168444735234161, 43.513477045243661 ], [ -8.167623167805878, 43.510209264390198 ], [ -8.167294540834561, 43.508822933119035 ], [ -8.174195707232123, 43.497237164638577 ], [ -8.187505099570281, 43.491790863216139 ], [ -8.198349789623585, 43.487334798415958 ], [ -8.195556460367435, 43.484265064886955 ], [ -8.19358469853956, 43.48188849699352 ], [ -8.203443507678934, 43.478026574166705 ], [ -8.205908209963773, 43.479115834451193 ], [ -8.213795257275272, 43.482878733615777 ], [ -8.221025050644144, 43.477432432193339 ], [ -8.232691308125737, 43.48020509473568 ], [ -8.241235609379856, 43.478620716140057 ], [ -8.245343446521261, 43.477828526842245 ], [ -8.247972462291763, 43.482779709953562 ], [ -8.247808148806108, 43.483175804602467 ], [ -8.244850506064296, 43.490008437296069 ], [ -8.248465402748728, 43.491889886878354 ], [ -8.255202255660635, 43.488325035038216 ], [ -8.257995584916792, 43.486740656442606 ], [ -8.265882632228291, 43.469411515553034 ], [ -8.274919873939382, 43.466539829348463 ], [ -8.287900639306223, 43.462281811872742 ], [ -8.295952000103377, 43.461390598912715 ], [ -8.315176677925152, 43.469213468228574 ], [ -8.322570784779678, 43.466242758361787 ], [ -8.337687625460049, 43.460202314965997 ], [ -8.344424478371955, 43.463173024832784 ], [ -8.340152327744896, 43.472976367393173 ], [ -8.333251161347334, 43.478125597828921 ], [ -8.326349994949773, 43.483274828264683 ], [ -8.319941769009183, 43.494662549420696 ], [ -8.319777455523528, 43.501396158452067 ], [ -8.32487117357887, 43.505258081278896 ], [ -8.328650383748958, 43.508030743821223 ], [ -8.3270072488924, 43.518725299341639 ], [ -8.315833931867779, 43.526251097670837 ], [ -8.312876289125967, 43.526152074008607 ], [ -8.304003360900531, 43.525954026684147 ], [ -8.297430821474279, 43.534272014311156 ], [ -8.303839047414876, 43.544966569831573 ], [ -8.309425705927183, 43.546253877440506 ], [ -8.311726094726374, 43.546848019413872 ], [ -8.315505304896462, 43.552690415485216 ], [ -8.323228038722306, 43.556057220000895 ], [ -8.320927649923121, 43.56437520762789 ], [ -8.309590019412838, 43.567444941156907 ], [ -8.300388464216091, 43.560810355787751 ], [ -8.294473178732467, 43.556552338312031 ], [ -8.268675961484448, 43.555562101689773 ], [ -8.257831271431137, 43.558829882543236 ], [ -8.223654066414646, 43.577149260055066 ], [ -8.217410153959705, 43.582199466828598 ], [ -8.216259959560112, 43.589725265157782 ], [ -8.192598817625623, 43.603786625193905 ], [ -8.193749012025215, 43.609133902954113 ], [ -8.19391332551087, 43.610421210563047 ], [ -8.185204710771089, 43.619828458474529 ], [ -8.176496096031315, 43.615570440998809 ], [ -8.17271688586122, 43.61368899141651 ], [ -8.152999267582473, 43.616758724945527 ], [ -8.145769474213601, 43.62428452327471 ], [ -8.13706085947382, 43.633493723861747 ], [ -8.122765586221732, 43.641019522190931 ], [ -8.1180004951377, 43.641118545853161 ], [ -8.113564031024985, 43.641217569515376 ], [ -8.102719340971674, 43.648050202208978 ], [ -8.099268757772897, 43.652605290671389 ], [ -8.091874650918363, 43.662309609569547 ], [ -8.088095440748269, 43.660131089000572 ], [ -8.084480544063837, 43.652506267009159 ], [ -8.081522901322025, 43.645871681640003 ], [ -8.067063314584281, 43.643594137408812 ], [ -8.069856643840431, 43.649436533480156 ], [ -8.054739803160061, 43.649238486155696 ], [ -8.052275100875221, 43.652803337995834 ], [ -8.056382938016625, 43.658843781391639 ], [ -8.067720568526902, 43.659635970689436 ], [ -8.073800167496181, 43.660032065338342 ], [ -8.071171151725686, 43.675479756645629 ], [ -8.074128794467498, 43.681322152716973 ], [ -8.066734687612964, 43.683203602299258 ], [ -8.065584493213372, 43.689145022032832 ], [ -8.065091552756407, 43.691323542601808 ], [ -8.06295547744287, 43.703107358406726 ], [ -8.048495890705126, 43.712118511669303 ], [ -8.032557482596474, 43.713306795616006 ], [ -8.025492002713257, 43.709939991100327 ], [ -8.017276328430448, 43.711722417020397 ], [ -8.012839864317726, 43.709642920113637 ], [ -8.001995174264422, 43.704790760664565 ], [ -7.960259548907743, 43.723209161838625 ], [ -7.946950156569592, 43.734497859332407 ], [ -7.94645721611262, 43.738953924132588 ], [ -7.946292902626965, 43.740637326390427 ], [ -7.943170946399498, 43.740637326390427 ], [ -7.930518808003967, 43.740538302728197 ], [ -7.923946268577723, 43.743211941608308 ], [ -7.913265892010067, 43.755985994035484 ], [ -7.904721590755948, 43.766284454906994 ], [ -7.88927612310426, 43.764006910675789 ], [ -7.870873012710767, 43.767571762515942 ], [ -7.865779294655425, 43.7685619991382 ], [ -7.861178517057049, 43.759451822213393 ], [ -7.865779294655425, 43.744103154568336 ], [ -7.869065564368547, 43.732715433412338 ], [ -7.860192636143111, 43.72528865874537 ], [ -7.854934604602114, 43.720733570282974 ], [ -7.851812648374647, 43.712514606318209 ], [ -7.861178517057049, 43.711128275047031 ], [ -7.867258116026328, 43.713603866602696 ], [ -7.870873012710767, 43.715089221536076 ], [ -7.873502028481262, 43.716079458158347 ], [ -7.872187520596015, 43.70687025757131 ], [ -7.877609865622674, 43.696175702050894 ], [ -7.880567508364486, 43.69013525865509 ], [ -7.881224762307106, 43.689838187668414 ], [ -7.883525151106291, 43.689145022032832 ], [ -7.887961615219012, 43.687758690761669 ], [ -7.889933377046887, 43.683203602299258 ], [ -7.879910254421858, 43.681223129054743 ], [ -7.875473790309137, 43.680430939756931 ], [ -7.873830655452579, 43.674489520023357 ], [ -7.878431433050949, 43.674984638334493 ], [ -7.887797301733357, 43.676073898618981 ], [ -7.897327483901414, 43.671419786494354 ], [ -7.896998856930104, 43.668845171276473 ], [ -7.875145163337827, 43.663398869854035 ], [ -7.870873012710767, 43.664389106476293 ], [ -7.846718930319305, 43.670033455223191 ], [ -7.846390303347988, 43.675479756645629 ], [ -7.853455783231205, 43.681817271028095 ], [ -7.859042441743519, 43.686867477801627 ], [ -7.859535382200491, 43.689145022032832 ], [ -7.862000084485331, 43.700433719526615 ], [ -7.850991080946365, 43.703602476717847 ], [ -7.839982077407399, 43.698453246282085 ], [ -7.832587970552872, 43.694987418104176 ], [ -7.818457010786439, 43.695086441766406 ], [ -7.823386415356126, 43.703107358406726 ], [ -7.82749425249753, 43.709840967438097 ], [ -7.824536609755718, 43.713504842940466 ], [ -7.81270603878847, 43.715584339847211 ], [ -7.810734276960595, 43.724397445785343 ], [ -7.800218213878594, 43.724001351136437 ], [ -7.799560959935974, 43.724001351136437 ], [ -7.799232332964657, 43.724298422123113 ], [ -7.790688031710538, 43.734002741021271 ], [ -7.777214325886725, 43.734299812007947 ], [ -7.74944534681083, 43.745291438515054 ], [ -7.73432850613046, 43.747568982746259 ], [ -7.724469696991086, 43.748955314017422 ], [ -7.722004994706239, 43.753807473466509 ], [ -7.721512054249274, 43.754698686426536 ], [ -7.718390098021807, 43.755787946711024 ], [ -7.715761082251305, 43.756778183333282 ], [ -7.715761082251305, 43.757273301644418 ], [ -7.715432455279995, 43.764601052649155 ], [ -7.687827789689749, 43.776087797467383 ], [ -7.685856027861874, 43.789257944543465 ], [ -7.676490159179473, 43.786287234676678 ], [ -7.662523512898694, 43.776285844791843 ], [ -7.665809782611817, 43.771631732667203 ], [ -7.674354083865943, 43.769552235760457 ], [ -7.675175651294225, 43.769354188436012 ], [ -7.67566859175119, 43.765789336595859 ], [ -7.676325845693817, 43.761432295457922 ], [ -7.680433682835222, 43.759748893200069 ], [ -7.685856027861874, 43.757471348968863 ], [ -7.690785432431561, 43.749450432328558 ], [ -7.689963865003278, 43.747568982746259 ], [ -7.687992103175404, 43.742914870621632 ], [ -7.696700717915185, 43.738953924132588 ], [ -7.698836793228715, 43.738062711172546 ], [ -7.699658360656997, 43.735092001305759 ] ] ], [ [ [ -7.487365337189175, 43.729645699883321 ], [ -7.491473174330579, 43.728358392274387 ], [ -7.494266503586736, 43.73340859904792 ], [ -7.488351218103112, 43.732517386087878 ], [ -7.487365337189175, 43.729645699883321 ] ] ], [ [ [ -7.627853367425239, 43.759352798551163 ], [ -7.631632577595326, 43.756481112346606 ], [ -7.63574041473673, 43.759253774888947 ], [ -7.629989442738768, 43.761630342782368 ], [ -7.627853367425239, 43.759352798551163 ] ] ], [ [ [ -7.831930716610245, 43.708454636166934 ], [ -7.835874240265994, 43.706573186584635 ], [ -7.840639331350026, 43.709444872789192 ], [ -7.835381299809022, 43.711128275047031 ], [ -7.831930716610245, 43.708454636166934 ] ] ], [ [ [ -8.231212486754828, 43.47584805359773 ], [ -8.233677189039675, 43.473174414717619 ], [ -8.238606593609362, 43.474659769651012 ], [ -8.237127772238452, 43.4757490299355 ], [ -8.234334442982295, 43.477729503180029 ], [ -8.230062292355235, 43.477036337544433 ], [ -8.231212486754828, 43.47584805359773 ] ] ], [ [ [ -8.704928265901678, 42.411442708328941 ], [ -8.708050222129145, 42.40777883282658 ], [ -8.713801194127107, 42.411541731991171 ], [ -8.709036103043083, 42.414809512844634 ], [ -8.704928265901678, 42.411442708328941 ] ] ], [ [ [ -8.777061886104754, 42.62048165928833 ], [ -8.786756381758465, 42.613252931945823 ], [ -8.7930002942134, 42.616223641812596 ], [ -8.781005409760503, 42.622660179857306 ], [ -8.777061886104754, 42.62048165928833 ] ] ], [ [ [ -8.829477888029082, 43.356425516952996 ], [ -8.828492007115145, 43.355039185681832 ], [ -8.832106903799577, 43.355039185681832 ], [ -8.844923355680763, 43.355138209344062 ], [ -8.849031192822167, 43.358207942873065 ], [ -8.851824522078324, 43.360287439779825 ], [ -8.842787280367233, 43.360980605415406 ], [ -8.832599844256549, 43.361772794713218 ], [ -8.829477888029082, 43.356425516952996 ] ] ], [ [ [ -8.832271217285239, 42.491453827407668 ], [ -8.833914352141797, 42.488186046554205 ], [ -8.839501010654111, 42.489275306838692 ], [ -8.835393173512706, 42.493236253327737 ], [ -8.832271217285239, 42.491453827407668 ] ] ], [ [ [ -8.850017073736105, 42.483036816118442 ], [ -8.851495895107014, 42.482937792456219 ], [ -8.853139029963572, 42.487987999229752 ], [ -8.851167268135697, 42.491156756420985 ], [ -8.845744923109045, 42.49957376771021 ], [ -8.842458653395923, 42.499969862359116 ], [ -8.841472772481985, 42.494127466287772 ], [ -8.845744923109045, 42.483432910767348 ], [ -8.850017073736105, 42.483036816118442 ] ] ], [ [ [ -8.846730804022982, 42.465212556917741 ], [ -8.851495895107014, 42.462340870713177 ], [ -8.853303343449234, 42.466400840864452 ], [ -8.84985276025045, 42.468282290446751 ], [ -8.846730804022982, 42.465212556917741 ] ] ], [ [ [ -8.852317462535296, 42.145069056940628 ], [ -8.857246867104983, 42.144276867642816 ], [ -8.859547255904168, 42.149327074416348 ], [ -8.854289224363171, 42.148039766807408 ], [ -8.852317462535296, 42.145069056940628 ] ] ], [ [ [ -8.858068434533259, 42.466796935513358 ], [ -8.855110791791446, 42.461746728739826 ], [ -8.858561374990231, 42.461944776064279 ], [ -8.860040196361133, 42.463232083673212 ], [ -8.862997839102945, 42.466004746215546 ], [ -8.858232748018921, 42.466796935513358 ], [ -8.858068434533259, 42.466796935513358 ] ] ], [ [ [ -8.877128798869379, 42.57295030141978 ], [ -8.870391945957479, 42.564929384779461 ], [ -8.86250489864598, 42.565325479428367 ], [ -8.856918240133666, 42.56552352675282 ], [ -8.857904121047603, 42.562849887872716 ], [ -8.860697450303761, 42.553838734610132 ], [ -8.860697450303761, 42.553640687285679 ], [ -8.858890001961541, 42.54700610191653 ], [ -8.8643123469882, 42.541856871480768 ], [ -8.865955481844757, 42.540173469222928 ], [ -8.866284108816075, 42.535321309773842 ], [ -8.86677704927304, 42.526112109186812 ], [ -8.871542140357072, 42.525616990875683 ], [ -8.878936247211598, 42.531360363284797 ], [ -8.877128798869379, 42.532449623569285 ], [ -8.873185275213629, 42.53472716780049 ], [ -8.876635858412413, 42.539183232600664 ], [ -8.878443306754633, 42.541559800494092 ], [ -8.875814290984131, 42.548095362201018 ], [ -8.870884886414444, 42.56057234364151 ], [ -8.879100560697253, 42.559582107019253 ], [ -8.881729576467755, 42.55928503603257 ], [ -8.889616623779254, 42.566513763375077 ], [ -8.88797348892269, 42.567503999997342 ], [ -8.881400949496445, 42.571365922824164 ], [ -8.877621739326351, 42.573643467055362 ], [ -8.877128798869379, 42.57295030141978 ] ] ], [ [ [ -8.862176271674663, 42.144078820318363 ], [ -8.86644842230173, 42.144078820318363 ], [ -8.868748811100915, 42.148534885118544 ], [ -8.8631621525886, 42.147841719482955 ], [ -8.862176271674663, 42.144078820318363 ] ] ], [ [ [ -8.892738580006721, 42.196858432284898 ], [ -8.890438191207537, 42.192699438471401 ], [ -8.899968373375593, 42.192798462133624 ], [ -8.908019734172747, 42.192897485795854 ], [ -8.911963257828496, 42.204186183289629 ], [ -8.912456198285469, 42.205473490898569 ], [ -8.908676988115374, 42.206265680196381 ], [ -8.904240524002653, 42.2036910649785 ], [ -8.896189163205499, 42.198937929191644 ], [ -8.892738580006721, 42.196858432284898 ] ] ], [ [ [ -8.897010730633781, 42.543738321063067 ], [ -8.899968373375593, 42.538391043302859 ], [ -8.90456915097397, 42.539480303587347 ], [ -8.90062562731822, 42.543342226414161 ], [ -8.897010730633781, 42.543738321063067 ] ] ], [ [ [ -8.900132686861248, 42.21735633036571 ], [ -8.913770706170716, 42.212108076267725 ], [ -8.916071094969901, 42.215276833458958 ], [ -8.909334242057994, 42.219633874596909 ], [ -8.908019734172747, 42.228149909548357 ], [ -8.906540912801844, 42.236963015486488 ], [ -8.916071094969901, 42.246370263397971 ], [ -8.916071094969901, 42.24815268931804 ], [ -8.915906781484246, 42.249737067913657 ], [ -8.904240524002653, 42.244488813815671 ], [ -8.903911897031342, 42.243993695504543 ], [ -8.899804059889938, 42.236963015486488 ], [ -8.899804059889938, 42.236566920837582 ], [ -8.897832298062063, 42.228149909548357 ], [ -8.90128288126084, 42.223792868410406 ], [ -8.900132686861248, 42.21735633036571 ] ] ], [ [ [ -8.911470317371531, 42.544233439374196 ], [ -8.914099333142026, 42.542748084440802 ], [ -8.919357364683023, 42.545718794307589 ], [ -8.915085214055964, 42.547897314876565 ], [ -8.911470317371531, 42.544233439374196 ] ] ], [ [ [ -8.937431848105213, 42.357375788753473 ], [ -8.94482595495974, 42.355791410157856 ], [ -8.948769478615489, 42.360643569606935 ], [ -8.941046744789645, 42.370545935829547 ], [ -8.944497327988429, 42.378764899794319 ], [ -8.942196939189238, 42.384112177554528 ], [ -8.935788713248648, 42.388766289679161 ], [ -8.935131459306021, 42.389954573625872 ], [ -8.931352249135927, 42.397282324630602 ], [ -8.923136574853118, 42.396193064346122 ], [ -8.931516562621589, 42.373516645696334 ], [ -8.937431848105213, 42.357375788753473 ] ] ], [ [ [ -8.933981264906429, 42.344304665339621 ], [ -8.937267534619551, 42.343413452379586 ], [ -8.939896550390053, 42.348166588166443 ], [ -8.939567923418743, 42.348166588166443 ], [ -8.934802832334711, 42.3491568247887 ], [ -8.932666757021181, 42.344700759988527 ], [ -8.933981264906429, 42.344304665339621 ] ] ], [ [ [ -8.961257303525358, 42.773374193765491 ], [ -8.964707886724142, 42.772086886156544 ], [ -8.968651410379891, 42.775750761658912 ], [ -8.963229065353232, 42.777137092930076 ], [ -8.961257303525358, 42.773374193765491 ] ] ], [ [ [ -9.010551349222219, 42.4643213439577 ], [ -9.012358797564438, 42.463628178322118 ], [ -9.012687424535756, 42.463826225646571 ], [ -9.012687424535756, 42.463826225646571 ], [ -9.01745251561978, 42.467589124811163 ], [ -9.018274083048063, 42.469668621717915 ], [ -9.020574471847247, 42.474619804829224 ], [ -9.019424277447655, 42.478481727656039 ], [ -9.018274083048063, 42.482640721469537 ], [ -9.013180364992721, 42.48412607640293 ], [ -9.012523111050093, 42.483234863442895 ], [ -9.007758019966069, 42.477392467371551 ], [ -9.000363913111535, 42.468381314108974 ], [ -9.001678420996789, 42.467886195797846 ], [ -9.010551349222219, 42.4643213439577 ] ] ], [ [ [ -9.002828615396382, 42.500068886021339 ], [ -9.0020070479681, 42.495315750234482 ], [ -9.005621944652539, 42.495909892207841 ], [ -9.007922333451724, 42.50076205165692 ], [ -9.002828615396382, 42.500068886021339 ] ] ], [ [ [ -9.045714435152647, 42.511060512528438 ], [ -9.049000704865776, 42.506208353079359 ], [ -9.05277991503587, 42.509080039283916 ], [ -9.048507764408804, 42.512050749150703 ], [ -9.045714435152647, 42.511060512528438 ] ] ] ] } },
{ "type": "Feature", "properties": { "index": 1475, "nuts_2_code": "ES41", "nuts_2_name": "Castilla y León" }, "geometry": { "type": "MultiPolygon", "coordinates": [ [ [ [ -4.737907781703854, 43.020933349330832 ], [ -4.72131211965258, 43.018259710450735 ], [ -4.716218401597239, 43.020636278344156 ], [ -4.705538025029583, 43.025587461455473 ], [ -4.685984720236497, 43.026181603428824 ], [ -4.672511014412684, 43.021329443979738 ], [ -4.652300455676972, 43.020834325668616 ], [ -4.64901418596385, 43.019646041721899 ], [ -4.644249094879818, 43.017962639464059 ], [ -4.641127138652351, 43.016774355517342 ], [ -4.638991063338821, 43.017962639464059 ], [ -4.624202849629761, 43.025884532442149 ], [ -4.606456993178888, 43.035390804015847 ], [ -4.597912691924769, 43.030538644566775 ], [ -4.59002564461327, 43.025983556104364 ], [ -4.575894684846837, 43.0264786744155 ], [ -4.573594296047652, 43.02657769807773 ], [ -4.571622534219777, 43.025686485117689 ], [ -4.558970395824247, 43.020141160033035 ], [ -4.535966507832377, 43.036480064300335 ], [ -4.521342607608972, 43.04697657249632 ], [ -4.506718707385573, 43.041827342060557 ], [ -4.496366957789235, 43.038262490220418 ], [ -4.476813652996142, 43.038955655856 ], [ -4.471719934940801, 43.049551187714187 ], [ -4.470898367512518, 43.05123458997204 ], [ -4.462025439287082, 43.061037932532429 ], [ -4.456110153803458, 43.0571760097056 ], [ -4.445429777235809, 43.057076986043384 ], [ -4.440500372666122, 43.053017015892109 ], [ -4.431134503983721, 43.045590241225142 ], [ -4.419468246502127, 43.042322460371679 ], [ -4.404187092336102, 43.037965419233728 ], [ -4.39761455290985, 43.034103496406914 ], [ -4.391534953940571, 43.025092343144337 ], [ -4.386769862856539, 43.017962639464059 ], [ -4.385455354971292, 43.01608118988176 ], [ -4.376911053717166, 43.007961249579211 ], [ -4.373460470518388, 42.996276457436522 ], [ -4.362944407436395, 42.984888736280524 ], [ -4.345691491442487, 42.972114683853349 ], [ -4.2811162915796, 42.96676740609314 ], [ -4.26419200255701, 42.965381074821977 ], [ -4.238394785308984, 42.954191400990425 ], [ -4.238723412280301, 42.945972437025645 ], [ -4.238394785308984, 42.939337851656504 ], [ -4.237080277423736, 42.918740929913454 ], [ -4.2282073491983, 42.91299755750434 ], [ -4.223442258114268, 42.910026847637567 ], [ -4.226564214341742, 42.906660043121875 ], [ -4.229850484054865, 42.903095191281736 ], [ -4.230672051483147, 42.896658653237026 ], [ -4.22426382554255, 42.87992365432082 ], [ -4.224756765999523, 42.858138448631067 ], [ -4.218512853544581, 42.850315579315193 ], [ -4.209804238804807, 42.845265372541661 ], [ -4.199452489208461, 42.845166348879445 ], [ -4.19008662052606, 42.851899957910817 ], [ -4.181378005786279, 42.858138448631067 ], [ -4.172998018017815, 42.858831614266649 ], [ -4.168725867390755, 42.859227708915554 ], [ -4.163139208878441, 42.862891584417923 ], [ -4.1501584435116, 42.871407619369364 ], [ -4.146050606370196, 42.863485726391275 ], [ -4.145886292884541, 42.862990608080139 ], [ -4.139313753458296, 42.860713063848948 ], [ -4.127318869005393, 42.856455046373213 ], [ -4.128140436433668, 42.846255609163933 ], [ -4.136191797230822, 42.840017118443683 ], [ -4.142600023171418, 42.830015728558834 ], [ -4.148186681683725, 42.830213775883294 ], [ -4.153280399739067, 42.833976675047879 ], [ -4.157552550366134, 42.837046408576896 ], [ -4.165768224648943, 42.828827444612131 ], [ -4.178748990015784, 42.826153805732019 ], [ -4.165439597677633, 42.821004575296257 ], [ -4.164289403278033, 42.820608480647351 ], [ -4.161824700993193, 42.815756321198279 ], [ -4.167575672991163, 42.814171942602655 ], [ -4.173326644989125, 42.812488540344816 ], [ -4.182528200185878, 42.81823191275393 ], [ -4.182363886700216, 42.812290493020356 ], [ -4.152787459282102, 42.791891618601781 ], [ -4.125675734148828, 42.793773068184066 ], [ -4.121239270036106, 42.794169162832972 ], [ -4.118774567751267, 42.793773068184066 ], [ -4.101193024786049, 42.791099429303969 ], [ -4.095277739302432, 42.7768400219434 ], [ -4.08837657290487, 42.772482980805449 ], [ -4.085090303191741, 42.770502507560934 ], [ -4.081475406507309, 42.761590377960573 ], [ -4.071945224339245, 42.760699165000545 ], [ -4.062579355656844, 42.762382567258385 ], [ -4.05452799485969, 42.763372803880642 ], [ -4.046148007091226, 42.766838632058565 ], [ -4.049762903775658, 42.774364430387749 ], [ -4.048777022861721, 42.781692181392486 ], [ -4.041711542978504, 42.7893170033839 ], [ -4.041054289035884, 42.78921797972167 ], [ -4.033495868695695, 42.7874355538016 ], [ -4.029880972011256, 42.789416027046116 ], [ -4.032181360810448, 42.79981351157987 ], [ -4.032345674296103, 42.800506677215452 ], [ -4.030866852925193, 42.801298866513264 ], [ -4.01640726618745, 42.808626617517987 ], [ -4.01854334150098, 42.815756321198279 ], [ -4.019693535900572, 42.82011336233623 ], [ -4.011642175103418, 42.829322562923252 ], [ -4.005562576134139, 42.831005965181106 ], [ -4.001290425507079, 42.827639160665413 ], [ -4.000797485050107, 42.817835818105024 ], [ -4.000468858078797, 42.810012948789165 ], [ -3.999975917621832, 42.808824664842447 ], [ -3.99701827488002, 42.80139789017548 ], [ -3.996196707451737, 42.785356056894855 ], [ -3.999647290650515, 42.768918128965311 ], [ -3.99701827488002, 42.768323986991959 ], [ -3.996525334423048, 42.768423010654175 ], [ -3.994553572595173, 42.768522034316405 ], [ -3.990610048939423, 42.77089860220984 ], [ -3.987981033168928, 42.770502507560934 ], [ -3.983708882541862, 42.768323986991959 ], [ -3.981572807228332, 42.768224963329729 ], [ -3.981079866771367, 42.765749371774078 ], [ -3.98042261282874, 42.761788425285033 ], [ -3.978943791457837, 42.758025526120434 ], [ -3.965634399119679, 42.75852064443157 ], [ -3.957583038322525, 42.761788425285033 ], [ -3.956597157408588, 42.762184519933939 ], [ -3.953310887695466, 42.761689401622803 ], [ -3.952489320267183, 42.761491354298343 ], [ -3.946574034783559, 42.761887448947249 ], [ -3.946902661754876, 42.765452300787402 ], [ -3.947066975240531, 42.768323986991959 ], [ -3.931785821074506, 42.773671264752167 ], [ -3.927842297418756, 42.771690791507638 ], [ -3.92357014679169, 42.769512270938662 ], [ -3.911082321881821, 42.769215199951987 ], [ -3.910260754453539, 42.776146856307818 ], [ -3.908946246568291, 42.786049222530437 ], [ -3.900401945314165, 42.790406263668388 ], [ -3.900401945314165, 42.790406263668388 ], [ -3.900401945314165, 42.790505287330603 ], [ -3.894322346344886, 42.803477387082239 ], [ -3.879862759607143, 42.795555494104136 ], [ -3.863760038012835, 42.786841411828249 ], [ -3.853736915387806, 42.787930672112736 ], [ -3.829418519510682, 42.798922298619829 ], [ -3.82366754751272, 42.799912535242086 ], [ -3.816273440658186, 42.813280729642628 ], [ -3.818573829457378, 42.824074308825274 ], [ -3.819231083399998, 42.826945995029831 ], [ -3.818080889000406, 42.833283509412297 ], [ -3.817587948543441, 42.836155195616854 ], [ -3.820874218256563, 42.839819071119223 ], [ -3.834183610594714, 42.854177502142022 ], [ -3.830075773453309, 42.860911111173394 ], [ -3.825310682369278, 42.868535933164807 ], [ -3.838455761221773, 42.879032441360778 ], [ -3.86178827618496, 42.887251405325543 ], [ -3.871811398809989, 42.875764660507315 ], [ -3.871318458353016, 42.870318359084877 ], [ -3.870496890924734, 42.858831614266649 ], [ -3.874440414580484, 42.853583360168656 ], [ -3.882491775377638, 42.852890194533074 ], [ -3.912232516281414, 42.862990608080139 ], [ -3.904838409426887, 42.871209572044918 ], [ -3.900073318342855, 42.876556849805127 ], [ -3.894650973316203, 42.889033831245612 ], [ -3.897937243029325, 42.897648889859298 ], [ -3.900894885771137, 42.905966877486293 ], [ -3.890214509203481, 42.903491285930642 ], [ -3.886435299033387, 42.9026000729706 ], [ -3.86244553012758, 42.902005930997248 ], [ -3.858994946928803, 42.906660043121875 ], [ -3.851436526588614, 42.916958503993385 ], [ -3.843878106248432, 42.917453622304521 ], [ -3.838948701678746, 42.917849716953427 ], [ -3.832704789223811, 42.921810663442471 ], [ -3.832376162252494, 42.930227674731697 ], [ -3.840756150020965, 42.940625159265437 ], [ -3.849957705217712, 42.945972437025645 ], [ -3.866553367268985, 42.954191400990425 ], [ -3.870989831381706, 42.950329478163596 ], [ -3.872468652752609, 42.949042170554662 ], [ -3.878055311264923, 42.947853886607945 ], [ -3.8815058944637, 42.948150957594621 ], [ -3.887421179947324, 42.948745099567986 ], [ -3.886928239490359, 42.945972437025645 ], [ -3.889228628289544, 42.936862260100838 ], [ -3.891857644060046, 42.925771609931516 ], [ -3.89810155651498, 42.925078444295934 ], [ -3.910260754453539, 42.923494065700311 ], [ -3.923077206334725, 42.91487900708664 ], [ -3.925377595133909, 42.908541492704174 ], [ -3.926527789533502, 42.905273711850711 ], [ -3.933100328959753, 42.90061959972607 ], [ -3.937043852615503, 42.905372735512927 ], [ -3.936879539129848, 42.905471759175157 ], [ -3.933757582902381, 42.911215131584271 ], [ -3.945423840383967, 42.909432705664202 ], [ -3.96169087546393, 42.910720013273149 ], [ -3.973192819459868, 42.911611226233177 ], [ -3.987488092711956, 42.926068680918192 ], [ -3.989788481511141, 42.93339643192293 ], [ -3.983380255570552, 42.945972437025645 ], [ -3.981244180257022, 42.952012880421449 ], [ -3.980258299343085, 42.953993353665965 ], [ -3.978122224029555, 42.96042989171066 ], [ -3.974178700373805, 42.968252761026534 ], [ -3.972864192488558, 42.970233234271049 ], [ -3.972535565517241, 42.972213707515579 ], [ -3.971713998088958, 42.974590275409 ], [ -3.969742236261084, 42.976471724991299 ], [ -3.966455966547962, 42.983700452333807 ], [ -3.960869308035655, 42.992414534609708 ], [ -3.956104216951623, 42.997959859694376 ], [ -3.945095213412657, 43.006475894645817 ], [ -3.921269757992505, 43.013011456352743 ], [ -3.909932127482229, 43.01608118988176 ], [ -3.908453306111319, 43.017962639464059 ], [ -3.90237370714204, 43.025884532442149 ], [ -3.891036076631764, 43.040242963464934 ], [ -3.878219624750578, 43.042520507696139 ], [ -3.86178827618496, 43.042718555020585 ], [ -3.859323573900113, 43.041926365722773 ], [ -3.851107899617304, 43.039054679518216 ], [ -3.849793391732057, 43.04489707558956 ], [ -3.848971824303774, 43.047966809118577 ], [ -3.845685554590652, 43.050244353349768 ], [ -3.836483999393906, 43.056383820407802 ], [ -3.834019297109059, 43.061335003519105 ], [ -3.839113015164401, 43.066088139305961 ], [ -3.849793391732057, 43.075990505528566 ], [ -3.8470000624759, 43.084308493155561 ], [ -3.834676551051686, 43.082228996248816 ], [ -3.825146368883622, 43.080545593990976 ], [ -3.820216964313936, 43.082526067235491 ], [ -3.811015409117189, 43.086090919075644 ], [ -3.802142480891753, 43.082823138222182 ], [ -3.789983282953195, 43.078367073422001 ], [ -3.760571169020736, 43.083417280195533 ], [ -3.757942153250234, 43.086784084711226 ], [ -3.758763720678516, 43.090646007538041 ], [ -3.759092347649826, 43.09262648078257 ], [ -3.755970391422359, 43.098963995165036 ], [ -3.74808334411086, 43.102231776018499 ], [ -3.737895908000176, 43.104410296587474 ], [ -3.719328484121029, 43.108371243076519 ], [ -3.714727706522652, 43.112926331538915 ], [ -3.714234766065687, 43.113520473512281 ], [ -3.708155167096407, 43.115599970419026 ], [ -3.705033210868933, 43.116788254365744 ], [ -3.703883016469341, 43.120254082543653 ], [ -3.702732822069748, 43.12332381607267 ], [ -3.697146163557441, 43.127185738899485 ], [ -3.685315592590193, 43.135305679202034 ], [ -3.682029322877064, 43.143128548517893 ], [ -3.677099918307384, 43.154516269673906 ], [ -3.669212870995885, 43.157387955878463 ], [ -3.660339942770449, 43.168478606047785 ], [ -3.656067792143389, 43.170261031967854 ], [ -3.65458897077248, 43.170954197603436 ], [ -3.654753284258135, 43.171746386901248 ], [ -3.655574851686417, 43.17669757001255 ], [ -3.646701923460981, 43.179074137905985 ], [ -3.613181972387117, 43.169567866332272 ], [ -3.607102373417838, 43.162438162651995 ], [ -3.605623552046929, 43.158180145176274 ], [ -3.602830222790772, 43.150555323184861 ], [ -3.596914937307155, 43.151842630793794 ], [ -3.586398874225154, 43.154120175025 ], [ -3.574568303257905, 43.153030914740512 ], [ -3.543513054468882, 43.14778266064252 ], [ -3.512950746136831, 43.137385176108779 ], [ -3.508842908995426, 43.136097868499846 ], [ -3.489946858144961, 43.13382032426864 ], [ -3.482224124319117, 43.134513489904222 ], [ -3.461684938612095, 43.136196892162062 ], [ -3.452647696901003, 43.13391934793087 ], [ -3.445089276560815, 43.132136922010787 ], [ -3.41764892445623, 43.133325205957505 ], [ -3.387743870066799, 43.140950027948918 ], [ -3.368847819216334, 43.150951417833767 ], [ -3.350444708822842, 43.15421919868723 ], [ -3.344693736824873, 43.161645973354183 ], [ -3.341243153626095, 43.16639910914104 ], [ -3.333356106314596, 43.166102038154364 ], [ -3.332370225400659, 43.166102038154364 ], [ -3.310516531808382, 43.172340528874599 ], [ -3.302793797982538, 43.177984877621498 ], [ -3.296549885527604, 43.182539966083894 ], [ -3.278804029076731, 43.189867717088632 ], [ -3.278146775134111, 43.194323781888812 ], [ -3.258429156855364, 43.19531401851107 ], [ -3.256128768056179, 43.1954130421733 ], [ -3.255800141084862, 43.195710113159976 ], [ -3.253335438800022, 43.198779846688993 ], [ -3.240026046461871, 43.187590172857426 ], [ -3.235589582349149, 43.182143871434988 ], [ -3.23312488006431, 43.179074137905985 ], [ -3.223266070924936, 43.172736623523505 ], [ -3.216200591041719, 43.173924907470223 ], [ -3.2143931426995, 43.174221978456899 ], [ -3.208477857215875, 43.178479995932634 ], [ -3.199933555961756, 43.171944434225708 ], [ -3.199276302019129, 43.171350292252342 ], [ -3.186952790594916, 43.169567866332272 ], [ -3.183666520881786, 43.171944434225708 ], [ -3.179065743283417, 43.175212215079171 ], [ -3.175615160084632, 43.175410262403616 ], [ -3.17413633871373, 43.177291711985916 ], [ -3.171507322943228, 43.177192688323686 ], [ -3.168056739744451, 43.178479995932634 ], [ -3.164770470031328, 43.177687806634822 ], [ -3.162963021689109, 43.17689561733701 ], [ -3.160991259861234, 43.177885853959268 ], [ -3.158033617119422, 43.177984877621498 ], [ -3.156226168777202, 43.177192688323686 ], [ -3.154254406949327, 43.17689561733701 ], [ -3.150475196779233, 43.174420025781359 ], [ -3.148339121465703, 43.174023931132453 ], [ -3.142259522496424, 43.166696180127715 ], [ -3.141766582039459, 43.161150855043047 ], [ -3.149982256322268, 43.16035866574525 ], [ -3.162305767746481, 43.153228962064958 ], [ -3.165920664430921, 43.147584613318074 ], [ -3.164113216088701, 43.144118785140151 ], [ -3.162963021689109, 43.14174221724673 ], [ -3.170685755514953, 43.132334969335247 ], [ -3.181201818596946, 43.119461893245841 ], [ -3.171014382486263, 43.110450739983264 ], [ -3.153761466492362, 43.105004438560826 ], [ -3.15261127209277, 43.105400533209732 ], [ -3.141437955068142, 43.109559527023237 ], [ -3.134043848213615, 43.097181569244967 ], [ -3.144395597809954, 43.086784084711226 ], [ -3.147024613580456, 43.084110445831115 ], [ -3.157047736205485, 43.07410905594628 ], [ -3.150310883293578, 43.070940298755033 ], [ -3.141109328096832, 43.066781304941543 ], [ -3.146531673123484, 43.035192756691401 ], [ -3.146531673123484, 43.034994709366956 ], [ -3.146531673123484, 43.034796662042496 ], [ -3.143409716896016, 43.028657194984476 ], [ -3.154583033920638, 43.028558171322246 ], [ -3.168878307172733, 43.028558171322246 ], [ -3.177915548883824, 43.021923585953104 ], [ -3.171343009457573, 43.017962639464059 ], [ -3.16986418808667, 43.01608118988176 ], [ -3.145710105695208, 43.007268083943629 ], [ -3.137001490955427, 43.007466131268089 ], [ -3.125992487416461, 43.007664178592535 ], [ -3.089186266629468, 43.001524711534515 ], [ -3.076369814748283, 43.007763202254765 ], [ -3.062403168467512, 43.003406161116814 ], [ -3.059116898754382, 42.997266694058794 ], [ -3.043014177160074, 42.984096546982713 ], [ -3.037591832133423, 42.982413144724873 ], [ -3.042849863674419, 42.971124447231091 ], [ -3.025925574651829, 42.962608412279636 ], [ -3.022639304938707, 42.961024033684026 ], [ -3.021817737510425, 42.96052891537289 ], [ -3.021817737510425, 42.96052891537289 ], [ -3.020996170082142, 42.956567968883846 ], [ -3.011794614885396, 42.952706046057031 ], [ -3.006865210315709, 42.952507998732571 ], [ -2.996020520262398, 42.952309951408125 ], [ -2.981396620039, 42.939832969967625 ], [ -2.985175830209094, 42.936268118127487 ], [ -2.987804845979589, 42.935376905167459 ], [ -2.991748369635339, 42.935178857842999 ], [ -2.992076996606649, 42.935178857842999 ], [ -2.992734250549276, 42.934287644882971 ], [ -2.997499341633308, 42.927752083176046 ], [ -3.00045698437512, 42.927752083176046 ], [ -3.001442865289057, 42.927752083176046 ], [ -3.004400508030869, 42.927752083176046 ], [ -3.013437749741961, 42.920028237522402 ], [ -3.014587944141553, 42.915770220046682 ], [ -3.016231078998111, 42.910521965948689 ], [ -3.025925574651829, 42.907848327068592 ], [ -3.033155368020701, 42.905867853824063 ], [ -3.059116898754382, 42.901906907335018 ], [ -3.068811394408101, 42.902897143957276 ], [ -3.070290215779004, 42.903095191281736 ], [ -3.076041187776973, 42.901906907335018 ], [ -3.089514893600786, 42.898936197468231 ], [ -3.093129790285218, 42.901510812686112 ], [ -3.104631734281156, 42.910125871299783 ], [ -3.111204273707401, 42.906263948472969 ], [ -3.117612499647997, 42.905867853824063 ], [ -3.125828173930806, 42.905372735512927 ], [ -3.13174345941443, 42.910819036935365 ], [ -3.13387953472796, 42.912700486517664 ], [ -3.13815168535502, 42.914185841451058 ], [ -3.148174807980048, 42.917651669628967 ], [ -3.148339121465703, 42.922404805415823 ], [ -3.14866774843702, 42.93171302966509 ], [ -3.151296764207515, 42.936169094465257 ], [ -3.180708878139981, 42.944090987443346 ], [ -3.208477857215875, 42.945081224065618 ], [ -3.212421380871625, 42.945180247727833 ], [ -3.214886083156472, 42.945972437025645 ], [ -3.223266070924936, 42.948745099567986 ], [ -3.234110760978247, 42.943397821807764 ], [ -3.235918209320467, 42.934980810518553 ], [ -3.245448391488523, 42.923989184011447 ], [ -3.248077407259025, 42.916265338357803 ], [ -3.249556228629928, 42.912205368206529 ], [ -3.261386799597176, 42.907551256081902 ], [ -3.275846386334919, 42.901807883672788 ], [ -3.276503640277546, 42.895173298303646 ], [ -3.276996580734519, 42.887746523636679 ], [ -3.280118536961986, 42.886855310676637 ], [ -3.286855389873885, 42.885072884756568 ], [ -3.282583239246826, 42.875467589520639 ], [ -3.26910953342302, 42.864079868364627 ], [ -3.253664065771332, 42.852791170870844 ], [ -3.236739776748742, 42.837838597874708 ], [ -3.22770253503765, 42.831996201803364 ], [ -3.225895086695438, 42.830114752221064 ], [ -3.217022158470002, 42.826450876718695 ], [ -3.205520214474063, 42.827342089678737 ], [ -3.2143931426995, 42.833679604061203 ], [ -3.220801368640096, 42.838432739848059 ], [ -3.210285305558095, 42.844176112257173 ], [ -3.190896314250665, 42.868337885840361 ], [ -3.183502207396131, 42.863881821040181 ], [ -3.173479084771103, 42.857841377644391 ], [ -3.164113216088701, 42.856851141022119 ], [ -3.15113245072186, 42.861010134835624 ], [ -3.138808939297647, 42.871209572044918 ], [ -3.13848031232633, 42.872298832329406 ], [ -3.136672863984117, 42.87784415741406 ], [ -3.124349352559896, 42.891113328152372 ], [ -3.11662661873406, 42.889528949556748 ], [ -3.114161916449213, 42.885171908418798 ], [ -3.112354468106993, 42.882102174889795 ], [ -3.111039960221746, 42.881409009254199 ], [ -3.105946242166404, 42.878933417698548 ], [ -3.114490543420523, 42.85962380356446 ], [ -3.123363471645959, 42.849622413679612 ], [ -3.124020725588586, 42.849622413679612 ], [ -3.127964249244336, 42.849523390017396 ], [ -3.13174345941443, 42.839125905483641 ], [ -3.13174345941443, 42.838927858159195 ], [ -3.13174345941443, 42.838927858159195 ], [ -3.141109328096832, 42.834768864345691 ], [ -3.148010494494393, 42.821994811918515 ], [ -3.149325002379641, 42.814766084576007 ], [ -3.149653629350958, 42.812587564007032 ], [ -3.152775585578425, 42.810012948789165 ], [ -3.159183811519014, 42.804566647366727 ], [ -3.13174345941443, 42.790307240006157 ], [ -3.130100324557866, 42.790109192681697 ], [ -3.123363471645959, 42.7893170033839 ], [ -3.131414832443113, 42.777236116592306 ], [ -3.142916776439051, 42.760005999364964 ], [ -3.131250518957458, 42.757629431471528 ], [ -3.115805051305777, 42.759807952040504 ], [ -3.11334034902093, 42.760798188662761 ], [ -3.099209389254497, 42.766838632058565 ], [ -3.089186266629468, 42.761194283311667 ], [ -3.084256862059782, 42.75852064443157 ], [ -3.083106667660189, 42.761392330636127 ], [ -3.080806278861004, 42.766739608396335 ], [ -3.068811394408101, 42.761590377960573 ], [ -3.067003946065881, 42.760897212324991 ], [ -3.060924347096602, 42.761788425285033 ], [ -3.060431406639637, 42.761887448947249 ], [ -3.05763807738348, 42.762877685569521 ], [ -3.047943581729761, 42.764065969516224 ], [ -3.048600835672389, 42.756936265835947 ], [ -3.049093776129354, 42.751192893426833 ], [ -3.04071378836089, 42.738517864661887 ], [ -3.032991054535046, 42.737230557052939 ], [ -3.025925574651829, 42.738616888324117 ], [ -3.024775380252237, 42.738814935648563 ], [ -3.017216959912048, 42.740300290581956 ], [ -3.016231078998111, 42.737428604377399 ], [ -3.015080884598518, 42.7336657052128 ], [ -3.008672658657929, 42.732576444928313 ], [ -3.006372269858744, 42.732180350279407 ], [ -3.007193837287019, 42.731190113657149 ], [ -3.009822853057521, 42.727823309141456 ], [ -3.007522464258336, 42.723961386314642 ], [ -2.995363266319778, 42.720594581798949 ], [ -2.989776607807464, 42.719010203203339 ], [ -2.988133472950899, 42.714059020092023 ], [ -2.986326024608687, 42.708909789656275 ], [ -2.981232306553345, 42.704552748518324 ], [ -2.974659767127093, 42.707424434722881 ], [ -2.972852318784874, 42.708216624020693 ], [ -2.947055101536854, 42.709701978954072 ], [ -2.931281006913856, 42.707820529371787 ], [ -2.929802185542947, 42.704057630207188 ], [ -2.928487677657699, 42.70059180202928 ], [ -2.913535150462984, 42.696333784553545 ], [ -2.90548378966583, 42.693957216660124 ], [ -2.902361833438363, 42.684351921424181 ], [ -2.895132040069491, 42.679301714650649 ], [ -2.896610861440394, 42.676826123094997 ], [ -2.898582623268268, 42.668904230116908 ], [ -2.899404190696551, 42.666230591236797 ], [ -2.895296353555146, 42.653852633458541 ], [ -2.870649330706712, 42.639593226097972 ], [ -2.858983073225126, 42.63870201313793 ], [ -2.857997192311188, 42.638404942151254 ], [ -2.864569731737433, 42.633453759039952 ], [ -2.877550497104274, 42.629690859875353 ], [ -2.88247990167396, 42.624838700426281 ], [ -2.88215127470265, 42.620679706612776 ], [ -2.892667337784644, 42.621570919572818 ], [ -2.891681456870707, 42.626026984372984 ], [ -2.893160278241616, 42.62662112634635 ], [ -2.895296353555146, 42.627314291981932 ], [ -2.90367634132361, 42.625927960710769 ], [ -2.904004968294927, 42.622957250843982 ], [ -2.904497908751893, 42.620085564639425 ], [ -2.908770059378952, 42.62048165928833 ], [ -2.910906134692482, 42.619689469990519 ], [ -2.913206523491674, 42.619986540977195 ], [ -2.915999852747831, 42.619491422666059 ], [ -2.9206006303462, 42.6203826356261 ], [ -2.92421552703064, 42.621669943235034 ], [ -2.930295125999919, 42.629690859875353 ], [ -2.933417082227386, 42.633948877351088 ], [ -2.94508333970898, 42.638602989475714 ], [ -2.969894676043062, 42.64078151004469 ], [ -2.973673886213156, 42.63880103680016 ], [ -2.977946036840216, 42.636523492568955 ], [ -2.984025635809495, 42.636028374257833 ], [ -2.987147592036962, 42.63880103680016 ], [ -2.990598175235746, 42.641870770329177 ], [ -3.004729135002179, 42.644247338222598 ], [ -3.014423630655898, 42.639494202435742 ], [ -3.014752257627208, 42.63870201313793 ], [ -3.01803852734033, 42.632166451431004 ], [ -3.022310677967397, 42.633849853688858 ], [ -3.025925574651829, 42.636424468906739 ], [ -3.034962816362921, 42.638602989475714 ], [ -3.040878101846545, 42.639989320746878 ], [ -3.050736910985918, 42.640187368071324 ], [ -3.058459644811762, 42.639692249760202 ], [ -3.065032184238007, 42.639692249760202 ], [ -3.069304334865066, 42.63870201313793 ], [ -3.077684322633537, 42.639395178773512 ], [ -3.084256862059782, 42.64068248638246 ], [ -3.082120786746252, 42.631473285795423 ], [ -3.083928235088472, 42.628106481279744 ], [ -3.078177263090502, 42.623650416479563 ], [ -3.077520009147882, 42.623452369155103 ], [ -3.070454529264666, 42.62028361196387 ], [ -3.061088660582257, 42.602162281776494 ], [ -3.064867870752352, 42.594735507109533 ], [ -3.05977415269701, 42.589190182024865 ], [ -3.068318453951129, 42.588596040051506 ], [ -3.068482767436791, 42.588596040051506 ], [ -3.086228623887656, 42.58215950200681 ], [ -3.083928235088472, 42.576119058611013 ], [ -3.083106667660189, 42.574138585366491 ], [ -3.088364699201186, 42.567107905348436 ], [ -3.10035958365409, 42.56067136730374 ], [ -3.106603496109031, 42.553343616299003 ], [ -3.118762694047589, 42.548392433187693 ], [ -3.134372475184925, 42.542054918805221 ], [ -3.126156800902116, 42.533835954840455 ], [ -3.109068198393871, 42.529478913702505 ], [ -3.104960361252466, 42.532053528920386 ], [ -3.10003095668278, 42.535321309773842 ], [ -3.089350580115124, 42.537598854005047 ], [ -3.084256862059782, 42.535321309773842 ], [ -3.082942354174534, 42.532152552582609 ], [ -3.072919231549506, 42.528290629755787 ], [ -3.076041187776973, 42.520170689453245 ], [ -3.074398052920415, 42.512347820137379 ], [ -3.078341576576157, 42.501257169968056 ], [ -3.085899996916346, 42.495513797558935 ], [ -3.093787044227845, 42.489572377825368 ], [ -3.090500774514723, 42.477887585682687 ], [ -3.082778040688879, 42.475907112438158 ], [ -3.076205501262628, 42.475808088775935 ], [ -3.072919231549506, 42.475808088775935 ], [ -3.064210616809724, 42.470955929326855 ], [ -3.061088660582257, 42.461944776064279 ], [ -3.055337688584288, 42.455805309006251 ], [ -3.050243970528946, 42.451547291530531 ], [ -3.045971819901887, 42.445110753485828 ], [ -3.051887105385511, 42.437981049805551 ], [ -3.062567481953167, 42.425306021040605 ], [ -3.057802390869135, 42.415898773129122 ], [ -3.063389049381449, 42.402530578728594 ], [ -3.058788271783072, 42.389459455314743 ], [ -3.053201613270758, 42.373417622034104 ], [ -3.05763807738348, 42.370050817518418 ], [ -3.060267093153975, 42.370743983154 ], [ -3.061910228010539, 42.372031290762941 ], [ -3.064374930295386, 42.373318598371881 ], [ -3.07521962034869, 42.39054871559923 ], [ -3.082613727203224, 42.397381348292832 ], [ -3.080149024918377, 42.402431555066364 ], [ -3.079984711432722, 42.402629602390817 ], [ -3.078998830518785, 42.40589738324428 ], [ -3.078177263090502, 42.415700725804669 ], [ -3.090336461029061, 42.422335311173818 ], [ -3.100523897139752, 42.415898773129122 ], [ -3.098059194854905, 42.408372974799931 ], [ -3.09641605999834, 42.403619839013082 ], [ -3.098716448797532, 42.398173537590644 ], [ -3.104467420795494, 42.385399485163468 ], [ -3.094937238627438, 42.385003390514562 ], [ -3.084585489031099, 42.384508272203433 ], [ -3.070783156235976, 42.369456675545059 ], [ -3.063881989838414, 42.362425995527005 ], [ -3.065196497723662, 42.355989457482302 ], [ -3.084421175545437, 42.35410800790001 ], [ -3.107425063537306, 42.351830463668804 ], [ -3.109561138850843, 42.34618611492192 ], [ -3.109725452336498, 42.338363245606054 ], [ -3.105124674738121, 42.334006204468103 ], [ -3.096744686969657, 42.32628235881446 ], [ -3.103152912910247, 42.320043868094217 ], [ -3.103974480338529, 42.319152655134182 ], [ -3.106110555652059, 42.312716117089479 ], [ -3.099866643197124, 42.296971354795524 ], [ -3.09641605999834, 42.288257272519623 ], [ -3.095594492570065, 42.279147095594823 ], [ -3.089679207086441, 42.273007628536803 ], [ -3.095430179084403, 42.264788664572031 ], [ -3.096744686969657, 42.262808191327508 ], [ -3.09427998468481, 42.256965795256164 ], [ -3.089679207086441, 42.246370263397971 ], [ -3.098059194854905, 42.236963015486488 ], [ -3.099702329711469, 42.235180589566411 ], [ -3.102495658967626, 42.232209879699631 ], [ -3.102002718510654, 42.230823548428461 ], [ -3.099702329711469, 42.224486034045988 ], [ -3.101509778053689, 42.217158283041258 ], [ -3.11334034902093, 42.209533461049844 ], [ -3.128457189701301, 42.199928165813908 ], [ -3.126485427873426, 42.194580888053693 ], [ -3.11695524570537, 42.188540444657903 ], [ -3.115640737820122, 42.187649231697868 ], [ -3.11547642433446, 42.186262900426698 ], [ -3.114983483877495, 42.178737102097514 ], [ -3.107753690508623, 42.17467713194624 ], [ -3.102824285938937, 42.171904469403913 ], [ -3.090500774514723, 42.159526511625643 ], [ -3.090172147543406, 42.148138790469638 ], [ -3.090007834057751, 42.14704953018515 ], [ -3.083763921602817, 42.13348328846017 ], [ -3.0766984417196, 42.135067667055786 ], [ -3.073740798977788, 42.135859856353598 ], [ -3.066182378637599, 42.133285241135717 ], [ -3.059116898754382, 42.127145774077697 ], [ -3.052544359328138, 42.118728762788471 ], [ -3.049258089615009, 42.112787343054904 ], [ -3.045478879444921, 42.105855686699073 ], [ -3.034469875905955, 42.085951930591619 ], [ -3.025925574651829, 42.088130451160595 ], [ -3.022967931910017, 42.088922640458406 ], [ -3.004893448487834, 42.083773410022644 ], [ -2.992405623577966, 42.086942167213884 ], [ -2.991912683120994, 42.087140214538337 ], [ -2.990105234778774, 42.086744119889431 ], [ -2.976795842440623, 42.083971457347097 ], [ -2.969401735586096, 42.084763646644909 ], [ -2.95872135901844, 42.085852906929397 ], [ -2.938839427254038, 42.089219711445082 ], [ -2.932266887827794, 42.086942167213884 ], [ -2.915671225776514, 42.039509833007557 ], [ -2.913699463948639, 42.022873857753567 ], [ -2.891188516413742, 42.01703146168223 ], [ -2.890366948985459, 42.014951964775477 ], [ -2.888723814128895, 42.010594923637527 ], [ -2.878536378018211, 42.011387112935338 ], [ -2.861776402481276, 42.02010119521124 ], [ -2.858161505796843, 42.025547496633678 ], [ -2.855861116997659, 42.028914301149364 ], [ -2.84468779997303, 42.034459626234025 ], [ -2.824477241237318, 42.040401045967599 ], [ -2.818397642268039, 42.038618620047522 ], [ -2.813139610727042, 42.037034241451906 ], [ -2.809689027528265, 42.040599093292045 ], [ -2.804759622958578, 42.045451252741131 ], [ -2.803280801587668, 42.045748323727807 ], [ -2.798022770046671, 42.046837584012295 ], [ -2.795558067761824, 42.065949150821943 ], [ -2.798844337474954, 42.072583736191092 ], [ -2.802459234159386, 42.079911487195822 ], [ -2.798187083532326, 42.085258764956038 ], [ -2.79145023062042, 42.09347772892081 ], [ -2.79145023062042, 42.101894740210028 ], [ -2.791614544106075, 42.10872737290363 ], [ -2.786685139536395, 42.112688319392682 ], [ -2.772225552798645, 42.12427408787314 ], [ -2.765817326858055, 42.124670182522038 ], [ -2.760559295317059, 42.12239263829084 ], [ -2.752014994062932, 42.118629739126249 ], [ -2.746921276007591, 42.122689709277516 ], [ -2.745771081607998, 42.123580922237551 ], [ -2.738376974753464, 42.124769206184268 ], [ -2.729011106071063, 42.122689709277516 ], [ -2.707486039450103, 42.105459592050167 ], [ -2.709293487792316, 42.099122077667694 ], [ -2.709950741734943, 42.096745509774273 ], [ -2.709293487792316, 42.093873823569709 ], [ -2.708143293392723, 42.088427522147271 ], [ -2.733776197155095, 42.060304802075052 ], [ -2.738705601724782, 42.049808293879082 ], [ -2.750207545720713, 42.039410809345334 ], [ -2.757601652575246, 42.032578176651732 ], [ -2.748400097378493, 42.011486136597561 ], [ -2.744620887208406, 42.009208592366363 ], [ -2.73147580835591, 42.013169538855408 ], [ -2.724081701501376, 42.015348059424383 ], [ -2.704857023679601, 42.014456846464348 ], [ -2.697134289853757, 42.009109568704133 ], [ -2.686618226771763, 42.001781817699403 ], [ -2.673637461404923, 41.998018918534811 ], [ -2.668872370320891, 42.000593533752685 ], [ -2.659835128609799, 42.005346669539541 ], [ -2.65622023192536, 42.005445693201771 ], [ -2.653591216154865, 42.004950574890636 ], [ -2.649976319470426, 42.003762290943925 ], [ -2.645539855357711, 42.004158385592831 ], [ -2.642582212615899, 42.003861314606148 ], [ -2.631408895591278, 42.005346669539541 ], [ -2.626643804507246, 42.006534953486259 ], [ -2.625493610107654, 42.005643740526217 ], [ -2.624507729193716, 42.004950574890636 ], [ -2.621057145994932, 42.004851551228413 ], [ -2.620728519023622, 42.004851551228413 ], [ -2.615141860511315, 42.005742764188447 ], [ -2.610376769427283, 42.003168148970566 ], [ -2.609719515484656, 42.00287107798389 ], [ -2.607419126685471, 42.002375959672754 ], [ -2.602325408630129, 42.001979865023856 ], [ -2.601832468173157, 42.001880841361626 ], [ -2.59657443663216, 42.001880841361626 ], [ -2.59410973434732, 42.000593533752685 ], [ -2.593288166919038, 42.000197439103786 ], [ -2.586879940978442, 41.99851403684594 ], [ -2.57997877458088, 41.996236492614734 ], [ -2.574720743039883, 42.006931048135158 ], [ -2.565026247386172, 42.015249035762153 ], [ -2.551881168533669, 42.039212762020881 ], [ -2.550402347162766, 42.045154181754448 ], [ -2.548923525791857, 42.051095601488022 ], [ -2.54152941893733, 42.053076074732544 ], [ -2.532327863740583, 42.055551666288196 ], [ -2.514910634261028, 42.0688208370265 ], [ -2.515567888203648, 42.075158351408973 ], [ -2.516882396088903, 42.076841753666812 ], [ -2.521976114144245, 42.083674386360421 ], [ -2.51819690397415, 42.090804090040699 ], [ -2.514746320775366, 42.114569768974974 ], [ -2.508502408320432, 42.115460981935009 ], [ -2.496178896896218, 42.111301988121511 ], [ -2.483526758500687, 42.107242017970243 ], [ -2.471038933590819, 42.113975627001615 ], [ -2.458551108680943, 42.116055123908367 ], [ -2.446720537713702, 42.129324294646672 ], [ -2.440312311773106, 42.136453998326949 ], [ -2.401370015672583, 42.139523731855959 ], [ -2.401370015672583, 42.139523731855959 ], [ -2.397262178531179, 42.136949116638085 ], [ -2.391018266076244, 42.140414944815994 ], [ -2.387896309848777, 42.142098347073841 ], [ -2.33219403821132, 42.145960269900662 ], [ -2.314941122217419, 42.14388077299391 ], [ -2.283392932971431, 42.131403791553417 ], [ -2.279942349772647, 42.123481898575328 ], [ -2.280106663258302, 42.119818023072959 ], [ -2.280599603715274, 42.108232254592501 ], [ -2.269590600176308, 42.088526545809501 ], [ -2.258581596637342, 42.088031427498372 ], [ -2.251187489782815, 42.092883586947451 ], [ -2.237220843502037, 42.101894740210028 ], [ -2.225061645563471, 42.099023054005471 ], [ -2.223089883735604, 42.098527935694342 ], [ -2.216681657795007, 42.101102550912216 ], [ -2.208465983512198, 42.104172284441233 ], [ -2.195485218145357, 42.10258790584561 ], [ -2.175603286380955, 42.104766426414585 ], [ -2.148162934276371, 42.104469355427909 ], [ -2.128445315997624, 42.097339651747625 ], [ -2.127295121598031, 42.081990984102575 ], [ -2.13485354193822, 42.075257375071196 ], [ -2.1397829465079, 42.07357397281335 ], [ -2.16065075918624, 42.066543292795295 ], [ -2.158350370387055, 42.055749713612649 ], [ -2.149641755647274, 42.04277761386102 ], [ -2.129102569940251, 42.026735780580388 ], [ -2.125651986741467, 42.025250425646995 ], [ -2.11792925291563, 42.021685573806856 ], [ -2.1157931776021, 42.014852941113254 ], [ -2.114642983202501, 42.011288089273108 ], [ -2.113164161831598, 42.009307616028586 ], [ -2.107577503319284, 42.00277205432166 ], [ -2.108234757261911, 42.001088652063821 ], [ -2.110206519089786, 41.998315989521487 ], [ -2.112178280917661, 41.997028681912546 ], [ -2.118750820343905, 41.995543326979153 ], [ -2.123187284456627, 41.994553090356895 ], [ -2.115135923659473, 41.966034275635764 ], [ -2.114642983202501, 41.962469423795625 ], [ -2.108892011204539, 41.957716288008768 ], [ -2.097883007665573, 41.956230933075375 ], [ -2.080958718642982, 41.9540524125064 ], [ -2.077343821958543, 41.951675844612971 ], [ -2.076193627558951, 41.950883655315167 ], [ -2.075043433159358, 41.951180726301843 ], [ -2.065677564476957, 41.953656317857494 ], [ -2.051217977739206, 41.950883655315167 ], [ -2.045795632712554, 41.949497324043996 ], [ -2.040044660714585, 41.943258833323753 ], [ -2.036429764030146, 41.939396910496932 ], [ -2.034786629173588, 41.943951998959335 ], [ -2.033965061745306, 41.946526614177216 ], [ -2.026899581862089, 41.952170962924107 ], [ -2.019176848036246, 41.94613051952831 ], [ -2.012768622095656, 41.941278360079231 ], [ -2.008825098439907, 41.940288123456966 ], [ -2.002252559013655, 41.938604721199127 ], [ -2.000280797185781, 41.935435964007887 ], [ -1.996337273530031, 41.928999425963191 ], [ -1.982042000277943, 41.919295107065025 ], [ -1.963803203370105, 41.919988272700607 ], [ -1.959695366228701, 41.923058006229617 ], [ -1.954273021202042, 41.926820905394216 ], [ -1.946878914347515, 41.926226763420857 ], [ -1.940306374921271, 41.925731645109728 ], [ -1.92765423652574, 41.931078922869936 ], [ -1.921903264527771, 41.933554514425587 ], [ -1.919602875728586, 41.933158419776689 ], [ -1.915166411615864, 41.932267206816654 ], [ -1.913194649787989, 41.936030105981246 ], [ -1.911387201445777, 41.939594957821384 ], [ -1.905964856419118, 41.943159809661523 ], [ -1.906622110361745, 41.945536377554951 ], [ -1.891505269681375, 41.947714898123927 ], [ -1.890683702253092, 41.947813921786157 ], [ -1.887233119054315, 41.949002205732867 ], [ -1.877538623400596, 41.952468033910783 ], [ -1.866693933347285, 41.959201642942162 ], [ -1.856506497236602, 41.966430370284669 ], [ -1.856999437693567, 41.918403894104991 ], [ -1.856999437693567, 41.910482001126901 ], [ -1.850755525238633, 41.902956202797711 ], [ -1.843854358841071, 41.894638215170716 ], [ -1.839417894728356, 41.889290937410507 ], [ -1.839746521699666, 41.884537801623651 ], [ -1.839910835185322, 41.877507121605596 ], [ -1.839910835185322, 41.875229577374391 ], [ -1.834981430615635, 41.86651549509849 ], [ -1.832188101359485, 41.863346737907257 ], [ -1.827094383304143, 41.86354478523171 ], [ -1.822986546162738, 41.863841856218386 ], [ -1.819207335992644, 41.857009223524784 ], [ -1.819535962963954, 41.828787479790336 ], [ -1.827094383304143, 41.818489018918818 ], [ -1.828573204675045, 41.817795853283229 ], [ -1.834159863187359, 41.815419285389808 ], [ -1.844018672326726, 41.805516919167189 ], [ -1.85174140615257, 41.790465322508815 ], [ -1.843854358841071, 41.786801447006454 ], [ -1.825944188904543, 41.778681506703904 ], [ -1.825286934961923, 41.773532276268149 ], [ -1.821507724791829, 41.76669964357454 ], [ -1.821179097820519, 41.766105501601189 ], [ -1.816742633707797, 41.76244162609882 ], [ -1.803597554855301, 41.751549023253943 ], [ -1.805897943654486, 41.743330059289171 ], [ -1.807869705482361, 41.736299379271117 ], [ -1.798832463771269, 41.732635503768755 ], [ -1.79456031314421, 41.732932574755431 ], [ -1.788809341146241, 41.733328669404337 ], [ -1.775335635322435, 41.724812634452888 ], [ -1.781908174748686, 41.719465356692673 ], [ -1.785194444461808, 41.716791717812569 ], [ -1.786837579318366, 41.707384469901086 ], [ -1.788152087203621, 41.699957695234126 ], [ -1.795546194058147, 41.697878198327373 ], [ -1.802447360455709, 41.695996748745081 ], [ -1.812634796566392, 41.686094382522462 ], [ -1.80901989988196, 41.684708051251299 ], [ -1.808034018968023, 41.676984205597662 ], [ -1.806226570625803, 41.664210153170487 ], [ -1.810827348224173, 41.66262577457487 ], [ -1.813127737023365, 41.660546277668118 ], [ -1.835802998043917, 41.660744324992571 ], [ -1.858313945578821, 41.661041395979254 ], [ -1.866036679404658, 41.649752698485472 ], [ -1.873266472773537, 41.639454237613954 ], [ -1.878360190828879, 41.638761071978372 ], [ -1.887233119054315, 41.637473764369432 ], [ -1.890519388767437, 41.635988409436038 ], [ -1.897913495621964, 41.632423557595899 ], [ -1.899228003507218, 41.629452847729112 ], [ -1.900871138363776, 41.625887995888974 ], [ -1.904157408076898, 41.623610451657768 ], [ -1.907936618246993, 41.621134860102117 ], [ -1.914837784644554, 41.610638351906147 ], [ -1.923053458927363, 41.598359417790107 ], [ -1.946057346919233, 41.602518411603604 ], [ -1.959202425771728, 41.604894979497033 ], [ -1.969554175368074, 41.604102790199221 ], [ -1.977112595708256, 41.603508648225862 ], [ -1.979741611478758, 41.604795955834803 ], [ -1.98450670256279, 41.607073500066008 ], [ -1.993379630788219, 41.600141843710176 ], [ -1.992886690331254, 41.595190660598867 ], [ -1.991900809417317, 41.590338501149787 ], [ -1.995022765644784, 41.581723442536116 ], [ -1.993708257759536, 41.577069330411483 ], [ -1.988943166675504, 41.572811312935762 ], [ -1.985821210448037, 41.569246461095616 ], [ -1.985492583476727, 41.568850366446718 ], [ -1.983192194677535, 41.567563058837777 ], [ -1.980727492392695, 41.56469137263322 ], [ -1.981384746335316, 41.563206017699827 ], [ -1.981877686792288, 41.562017733753109 ], [ -1.978427103593511, 41.558650929237423 ], [ -1.977276909193911, 41.557759716277388 ], [ -1.976783968736946, 41.557363621628483 ], [ -1.973497699023824, 41.557957763601841 ], [ -1.971361623710287, 41.555680219370636 ], [ -1.968568294454137, 41.551224154570463 ], [ -1.97037574279635, 41.548649539352581 ], [ -1.967253786568882, 41.5460749241347 ], [ -1.970540056282012, 41.540430575387816 ], [ -1.978098476622193, 41.526666286338383 ], [ -1.975469460851698, 41.515575636169054 ], [ -1.980070238450068, 41.486858774123469 ], [ -1.973497699023824, 41.483392945945553 ], [ -1.970047115825039, 41.481412472701031 ], [ -1.952465572859829, 41.459627267011285 ], [ -1.94885067617539, 41.432494783561317 ], [ -1.950986751488919, 41.428929931721179 ], [ -1.953615767259421, 41.424275819596552 ], [ -1.94457852554833, 41.421998275365347 ], [ -1.936527164751176, 41.419918778458602 ], [ -1.938991867036016, 41.417146115916267 ], [ -1.939156180521671, 41.416948068591815 ], [ -1.938991867036016, 41.416254902956233 ], [ -1.937841672636424, 41.407441797018109 ], [ -1.946221660404888, 41.407936915329238 ], [ -1.952794199831139, 41.408333009978143 ], [ -1.966760846111917, 41.402490613906799 ], [ -1.969061234911102, 41.401500377284535 ], [ -1.970211429310694, 41.401599400946765 ], [ -1.981384746335316, 41.401797448271218 ], [ -1.986807091361975, 41.397143336146591 ], [ -1.987792972275912, 41.396351146848779 ], [ -1.999787856728815, 41.393776531630898 ], [ -2.001595305071035, 41.393380436981992 ], [ -2.001595305071035, 41.393182389657539 ], [ -2.009810979353844, 41.386151709639485 ], [ -2.02509213351987, 41.383775141746057 ], [ -2.029199970661274, 41.384171236394963 ], [ -2.031171732489149, 41.385953662315032 ], [ -2.031993299917431, 41.386844875275067 ], [ -2.032321926888741, 41.386745851612844 ], [ -2.034129375230961, 41.386349756963938 ], [ -2.04201642254246, 41.390013632466307 ], [ -2.043166616942052, 41.395360910226515 ], [ -2.038565839343683, 41.401302329960089 ], [ -2.034622315687933, 41.406154489409168 ], [ -2.035608196601871, 41.425068008894357 ], [ -2.047110140597802, 41.434376233143617 ], [ -2.101497904350005, 41.445763954299622 ], [ -2.103141039206569, 41.440119605552731 ], [ -2.103305352692225, 41.439624487241602 ], [ -2.103798293149197, 41.439327416254926 ], [ -2.110699459546751, 41.435366469765881 ], [ -2.116286118059065, 41.425959221854392 ], [ -2.116286118059065, 41.41605685563178 ], [ -2.11612180457341, 41.408630080964819 ], [ -2.118093566401285, 41.397044312484361 ], [ -2.118915133829567, 41.396054075862104 ], [ -2.120229641714815, 41.393974578955351 ], [ -2.119572387772187, 41.390706798101888 ], [ -2.119408074286532, 41.390310703452982 ], [ -2.119572387772187, 41.390310703452982 ], [ -2.12072258217178, 41.390013632466307 ], [ -2.119901014743505, 41.388033159221784 ], [ -2.117271998973003, 41.381992715825987 ], [ -2.125159046284502, 41.370704018332205 ], [ -2.149313128675963, 41.356642658296096 ], [ -2.153749592788678, 41.356048516322737 ], [ -2.162458207528459, 41.354761208713796 ], [ -2.160815072671895, 41.348819788980229 ], [ -2.157364489473117, 41.334857452606343 ], [ -2.165087223298961, 41.326737512303801 ], [ -2.169030746954711, 41.322578518490303 ], [ -2.170509568325613, 41.318815619325711 ], [ -2.168866433469049, 41.316538075094506 ], [ -2.167551925583801, 41.314062483538855 ], [ -2.167551925583801, 41.313666388889949 ], [ -2.167223298612491, 41.311685915645427 ], [ -2.168209179526428, 41.309903489725357 ], [ -2.169030746954711, 41.308616182116417 ], [ -2.168537806497739, 41.307823992818612 ], [ -2.168044866040773, 41.306536685209672 ], [ -2.168866433469049, 41.30386304632956 ], [ -2.169030746954711, 41.301090383787233 ], [ -2.170180941354303, 41.29960502885384 ], [ -2.17297427061046, 41.295842129689248 ], [ -2.17363152455308, 41.288118284035605 ], [ -2.168866433469049, 41.285840739804406 ], [ -2.163444088442397, 41.283167100924302 ], [ -2.15884331084402, 41.26563991271027 ], [ -2.158678997358365, 41.264847723412466 ], [ -2.157857429930083, 41.262372131856814 ], [ -2.15637860855918, 41.258609232692216 ], [ -2.155721354616553, 41.249994174078545 ], [ -2.154899787188278, 41.240388878842609 ], [ -2.152928025360403, 41.23365526981123 ], [ -2.150627636561211, 41.225436305846458 ], [ -2.149806069132929, 41.220782193721831 ], [ -2.148984501704653, 41.218801720477309 ], [ -2.147669993819399, 41.202165745223319 ], [ -2.146191172448496, 41.18444050968484 ], [ -2.106755935891009, 41.175231309097811 ], [ -2.091474781724976, 41.172854741204382 ], [ -2.079972837729045, 41.170973291622083 ], [ -2.07865832984379, 41.167012345133038 ], [ -2.077343821958543, 41.163150422306217 ], [ -2.051710918196179, 41.146811518038902 ], [ -2.050560723796579, 41.129383353487107 ], [ -2.050560723796579, 41.125917525309191 ], [ -2.057626203679803, 41.120966342197882 ], [ -2.059105025050705, 41.119778058251171 ], [ -2.062719921735145, 41.113143472882015 ], [ -2.06074815990727, 41.10670693483732 ], [ -2.060419532935953, 41.105221579903926 ], [ -2.061241100364235, 41.104726461592797 ], [ -2.063705802649082, 41.10353817764608 ], [ -2.065677564476957, 41.095814331992443 ], [ -2.060255219450298, 41.08937779394774 ], [ -2.060090905964643, 41.089080722961064 ], [ -2.057461890194141, 41.084723681823114 ], [ -2.048096021511739, 41.078386167440641 ], [ -2.056476009280203, 41.06967208516474 ], [ -2.073071671331483, 41.073534007991562 ], [ -2.081123032128637, 41.085614894783149 ], [ -2.081287345614292, 41.086010989432054 ], [ -2.084573615327415, 41.087496344365448 ], [ -2.110699459546751, 41.098487970872547 ], [ -2.116614745030375, 41.10363720130831 ], [ -2.131895899196408, 41.11710441937106 ], [ -2.136332363309123, 41.115421017113221 ], [ -2.14126176787881, 41.107301076810678 ], [ -2.144055097134967, 41.102845012010498 ], [ -2.159171937815337, 41.097893828899188 ], [ -2.166566044669864, 41.095517261005767 ], [ -2.169030746954711, 41.092843622125656 ], [ -2.176589167294892, 41.084327587174208 ], [ -2.19877148785848, 41.089080722961064 ], [ -2.23229143893235, 41.096309450303572 ], [ -2.243464755956971, 41.085911965769832 ], [ -2.263511001207029, 41.067493564595765 ], [ -2.266468643948841, 41.068186730231346 ], [ -2.276327453088214, 41.065414067689019 ], [ -2.279942349772647, 41.065513091351242 ], [ -2.284050186914051, 41.065017973040113 ], [ -2.285364694799306, 41.066107233324601 ], [ -2.291115666797268, 41.070860369111458 ], [ -2.293580369082115, 41.071256463760363 ], [ -2.295223503938672, 41.06967208516474 ], [ -2.298181146680484, 41.068681848542482 ], [ -2.302288983821896, 41.065414067689019 ], [ -2.311161912047325, 41.062542381484462 ], [ -2.311326225532987, 41.062443357822232 ], [ -2.315598376160047, 41.061651168524428 ], [ -2.318720332387514, 41.059868742604351 ], [ -2.323485423471546, 41.056501938088665 ], [ -2.330715216840417, 41.065909186000148 ], [ -2.3315367842687, 41.066899422622413 ], [ -2.333015605639602, 41.067196493609089 ], [ -2.333837173067884, 41.067394540933542 ], [ -2.335315994438787, 41.068483801218029 ], [ -2.339259518094536, 41.071553534747039 ], [ -2.349282640719565, 41.077395930818383 ], [ -2.352240283461377, 41.081059806320745 ], [ -2.355362239688844, 41.086506107743183 ], [ -2.360455957744193, 41.084030516187532 ], [ -2.372615155682752, 41.079178356738453 ], [ -2.377708873738094, 41.078188120116188 ], [ -2.381323770422526, 41.076999836169477 ], [ -2.383131218764746, 41.07412814996492 ], [ -2.384445726649993, 41.073137913342656 ], [ -2.396111984131586, 41.064720902053438 ], [ -2.397919432473806, 41.064225783742302 ], [ -2.402191583100866, 41.061651168524428 ], [ -2.41024294389802, 41.06056190823994 ], [ -2.414350781039424, 41.060958002888839 ], [ -2.415993915895989, 41.059373624293222 ], [ -2.418951558637801, 41.057690222035376 ], [ -2.428810367777174, 41.065711138675695 ], [ -2.429138994748484, 41.066503327973507 ], [ -2.430782129605049, 41.071751582071492 ], [ -2.439490744344823, 41.071751582071492 ], [ -2.443105641029263, 41.076504717858349 ], [ -2.456250719881758, 41.077296907156153 ], [ -2.469395798734254, 41.078089096453965 ], [ -2.469724425705564, 41.089278770285517 ], [ -2.469724425705564, 41.089773888596646 ], [ -2.480240488787565, 41.113440543868698 ], [ -2.485005579871597, 41.117500514019966 ], [ -2.497164777810156, 41.118490750642231 ], [ -2.508173781349122, 41.119282939940035 ], [ -2.510638483633961, 41.127006785593679 ], [ -2.511788678033554, 41.130868708420493 ], [ -2.517046709574558, 41.137602317451872 ], [ -2.516882396088903, 41.146415423390003 ], [ -2.536107073910678, 41.1615660437106 ], [ -2.543172553793895, 41.151366606501306 ], [ -2.54366549425086, 41.150376369879048 ], [ -2.580143088066542, 41.140672050980882 ], [ -2.595424242232568, 41.15235684312357 ], [ -2.585401119607539, 41.162160185683959 ], [ -2.582279163380072, 41.165229919212969 ], [ -2.57932152063826, 41.179390302911308 ], [ -2.602325408630129, 41.188203408849432 ], [ -2.604954424400624, 41.18741121955162 ], [ -2.619414011138375, 41.183252225738123 ], [ -2.622043026908869, 41.188104385187202 ], [ -2.61990695159534, 41.195234088867487 ], [ -2.606926186228499, 41.193748733934093 ], [ -2.606104618800217, 41.19364971027187 ], [ -2.603311289544067, 41.193946781258546 ], [ -2.60051796028791, 41.195036041543034 ], [ -2.593123853433383, 41.200977461276601 ], [ -2.589837583720254, 41.207215951996851 ], [ -2.589508956748944, 41.209493496228049 ], [ -2.587372881435414, 41.21394956102823 ], [ -2.587044254464097, 41.21692027089501 ], [ -2.588358762349351, 41.223158761615259 ], [ -2.589508956748944, 41.224545092886423 ], [ -2.592302286005101, 41.2244460692242 ], [ -2.599367765888317, 41.222960714290807 ], [ -2.608240694113753, 41.221673406681866 ], [ -2.61349872565475, 41.220386099072925 ], [ -2.616949308853528, 41.219395862450668 ], [ -2.618592443710092, 41.220386099072925 ], [ -2.623850475251089, 41.223752903588618 ], [ -2.625986550564619, 41.220485122735155 ], [ -2.629272820277748, 41.21523686863717 ], [ -2.636338300160965, 41.223851927250841 ], [ -2.636009673189648, 41.226723613455398 ], [ -2.635845359703993, 41.232070891215614 ], [ -2.647347303699931, 41.240091807855926 ], [ -2.654741410554458, 41.239200594895891 ], [ -2.668872370320891, 41.237616216300275 ], [ -2.695326841511537, 41.245637132940594 ], [ -2.709950741734943, 41.253162931269777 ], [ -2.712908384476755, 41.261877013545678 ], [ -2.717509162075132, 41.274849113297307 ], [ -2.730654240927628, 41.27187840343052 ], [ -2.760887922288369, 41.274056923999495 ], [ -2.775347509026112, 41.258708256354446 ], [ -2.775347509026112, 41.25821313804331 ], [ -2.775511822511767, 41.250093197740767 ], [ -2.777976524796614, 41.25207367098529 ], [ -2.782577302394984, 41.253757073243136 ], [ -2.786685139536395, 41.253955120567589 ], [ -2.794079246390922, 41.254351215216495 ], [ -2.797201202618389, 41.255341451838753 ], [ -2.803609428558978, 41.25652973578547 ], [ -2.810674908442202, 41.255737546487659 ], [ -2.819547836667631, 41.257321925083275 ], [ -2.822176852438133, 41.256628759447693 ], [ -2.821848225466823, 41.258411185367763 ], [ -2.829406645807005, 41.262174084532361 ], [ -2.830228213235287, 41.26266920284349 ], [ -2.833843109919727, 41.263956510452431 ], [ -2.839265454946378, 41.266036007359176 ], [ -2.841401530259908, 41.266135031021406 ], [ -2.855203863055031, 41.270492072159357 ], [ -2.858983073225126, 41.272868640052785 ], [ -2.866870120536625, 41.274453018648401 ], [ -2.864241104766123, 41.286830976426664 ], [ -2.864241104766123, 41.286930000088894 ], [ -2.864241104766123, 41.286930000088894 ], [ -2.872456779048932, 41.299704052516063 ], [ -2.86982776327843, 41.305942543236313 ], [ -2.866870120536625, 41.313072246916597 ], [ -2.874264227391151, 41.320399997921328 ], [ -2.882644215159615, 41.321786329192498 ], [ -2.888395187157585, 41.325252157370407 ], [ -2.897925369325648, 41.324856062721508 ], [ -2.902854773895328, 41.325945323005996 ], [ -2.906633984065422, 41.327628725263835 ], [ -2.911727702120764, 41.321489258205816 ], [ -2.940318248624948, 41.31317127057882 ], [ -2.94146844302454, 41.306734732534125 ], [ -2.942454323938478, 41.30079331280055 ], [ -2.950177057764321, 41.292673372498008 ], [ -2.953463327477444, 41.291980206862426 ], [ -2.961186061303287, 41.292376301511332 ], [ -2.962500569188535, 41.292574348835785 ], [ -2.966115465872974, 41.293267514471367 ], [ -2.967429973758222, 41.291881183200204 ], [ -2.969730362557407, 41.292277277849102 ], [ -2.976302901983658, 41.291386064889068 ], [ -2.988133472950899, 41.288811449671194 ], [ -2.988790726893527, 41.288217307697835 ], [ -2.989940921293119, 41.287425118400023 ], [ -2.994870325862806, 41.286632929102218 ], [ -2.997335028147653, 41.286731952764441 ], [ -2.997499341633308, 41.286830976426664 ], [ -2.99832090906159, 41.286632929102218 ], [ -3.004236194545214, 41.285147574168825 ], [ -3.006043642887427, 41.284454408533243 ], [ -3.007851091229647, 41.285048550506595 ], [ -3.018860094768613, 41.288415355022288 ], [ -3.025925574651829, 41.286335858115535 ], [ -3.058952585268727, 41.276433491892924 ], [ -3.059609839211355, 41.276235444568471 ], [ -3.061910228010539, 41.273462782026137 ], [ -3.081627846289287, 41.280196391057515 ], [ -3.091158028457343, 41.283464171910978 ], [ -3.093294103770873, 41.282374911626491 ], [ -3.09789488136925, 41.27989932007084 ], [ -3.100195270168435, 41.280097367395292 ], [ -3.105124674738121, 41.284751479519919 ], [ -3.108739571422561, 41.287920236711152 ], [ -3.121227396332429, 41.289504615306775 ], [ -3.125006606502524, 41.290890946577939 ], [ -3.128292876215646, 41.289108520657869 ], [ -3.130100324557866, 41.288118284035605 ], [ -3.137823058383709, 41.290890946577939 ], [ -3.141273641582487, 41.292178254186879 ], [ -3.144066970838644, 41.292079230524656 ], [ -3.148503434951358, 41.291980206862426 ], [ -3.151625391178833, 41.292772396160238 ], [ -3.157869303633767, 41.293663609120273 ], [ -3.164934783516983, 41.295347011378112 ], [ -3.17052144202929, 41.297228460960412 ], [ -3.178572802826444, 41.299803076178293 ], [ -3.188595925451473, 41.30396206999179 ], [ -3.192210822135912, 41.30267476238285 ], [ -3.199769242476101, 41.304457188302919 ], [ -3.203055512189223, 41.303367928018432 ], [ -3.203712766131844, 41.303169880693979 ], [ -3.207327662816283, 41.304259140978466 ], [ -3.216036277556064, 41.298713815893805 ], [ -3.220801368640096, 41.298020650258223 ], [ -3.227538221551995, 41.297129437298189 ], [ -3.236904090234404, 41.289801686293451 ], [ -3.239368792519244, 41.286038787128859 ], [ -3.239204479033589, 41.283068077262072 ], [ -3.239040165547934, 41.278612012461899 ], [ -3.254649946685269, 41.258807280016669 ], [ -3.273217370564424, 41.260688729598968 ], [ -3.274860505420982, 41.270195001172674 ], [ -3.275846386334919, 41.27504716062176 ], [ -3.287184016845202, 41.265837960034723 ], [ -3.28816989775914, 41.264154557776884 ], [ -3.291784794443572, 41.257916067056634 ], [ -3.300986349640318, 41.258807280016669 ], [ -3.32448317808916, 41.260985800585644 ], [ -3.32875532871622, 41.25831216170554 ], [ -3.336642376027719, 41.253559025918683 ], [ -3.357838815677368, 41.257817043394411 ], [ -3.368519192245024, 41.259995563963386 ], [ -3.397274052234856, 41.257718019732181 ], [ -3.410419131087359, 41.261976037207909 ], [ -3.415184222171384, 41.273165711039461 ], [ -3.415512849142701, 41.271383285119391 ], [ -3.414526968228763, 41.265936983696953 ], [ -3.410583444573014, 41.259995563963386 ], [ -3.400067381491013, 41.253955120567589 ], [ -3.398752873605766, 41.242765446736037 ], [ -3.405654040003327, 41.234249411784589 ], [ -3.403682278175452, 41.221871454006319 ], [ -3.40253208377586, 41.213652490041547 ], [ -3.4222497020546, 41.214444679339358 ], [ -3.442624574275975, 41.21523686863717 ], [ -3.453797891300596, 41.202165745223319 ], [ -3.45544102615716, 41.199294059018762 ], [ -3.459220236327248, 41.192461426325153 ], [ -3.468914731980966, 41.184242462360388 ], [ -3.474172763521963, 41.1831532020759 ], [ -3.49996998076999, 41.177904947977915 ], [ -3.506378206710579, 41.169487936688689 ], [ -3.506706833681896, 41.169289889364237 ], [ -3.51722289676389, 41.162853351319541 ], [ -3.522480928304887, 41.164437729915157 ], [ -3.528396213788511, 41.166022108510774 ], [ -3.539569530813132, 41.165031871888516 ], [ -3.554522058007848, 41.164932848226286 ], [ -3.569638898688218, 41.159684594128301 ], [ -3.583605544968997, 41.160674830750565 ], [ -3.592314159708778, 41.154832434679221 ], [ -3.600529833991587, 41.154436340030315 ], [ -3.613510599358428, 41.148990038607877 ], [ -3.617289809528522, 41.145425186767739 ], [ -3.619918825299024, 41.14314764253654 ], [ -3.621890587126892, 41.14176131126537 ], [ -3.632899590665858, 41.134829654909545 ], [ -3.633556844608485, 41.129977495460459 ], [ -3.634214098551112, 41.125620454322508 ], [ -3.640293697520391, 41.123144862766857 ], [ -3.644894475118761, 41.121263413184558 ], [ -3.647687804374918, 41.115619064437674 ], [ -3.651795641516323, 41.107598147797354 ], [ -3.675949723907785, 41.086605131405413 ], [ -3.679400307106569, 41.084228563511985 ], [ -3.682029322877064, 41.084624658160891 ], [ -3.684001084704938, 41.084921729147567 ], [ -3.687451667903723, 41.084921729147567 ], [ -3.695338715215222, 41.082644184916369 ], [ -3.700925373727529, 41.080069569698487 ], [ -3.706019091782871, 41.076801788845025 ], [ -3.715877900922244, 41.071553534747039 ], [ -3.721300245948903, 41.065017973040113 ], [ -3.725408083090308, 41.062443357822232 ], [ -3.730337487659995, 41.061354097537745 ], [ -3.740360610285023, 41.053630251884108 ], [ -3.740031983313706, 41.05115466032845 ], [ -3.739703356342396, 41.049273210746158 ], [ -3.74808334411086, 41.036598181981212 ], [ -3.753177062166202, 41.031646998869903 ], [ -3.755313137479739, 41.027884099705311 ], [ -3.758928034164171, 41.026992886745276 ], [ -3.765829200561733, 41.020754396025026 ], [ -3.76681508147567, 41.018872946442734 ], [ -3.76714370844698, 41.015902236575947 ], [ -3.769937037703137, 41.013624692344749 ], [ -3.77108723210273, 41.012238361073578 ], [ -3.780453100785138, 41.001543805553155 ], [ -3.792447985238041, 40.994711172859553 ], [ -3.820216964313936, 40.985501972272523 ], [ -3.825639309340595, 40.986195137908105 ], [ -3.829089892539372, 40.986690256219234 ], [ -3.835005178022996, 40.98411564100136 ], [ -3.839113015164401, 40.983917593676907 ], [ -3.844371046705398, 40.982333215081283 ], [ -3.858994946928803, 40.978570315916691 ], [ -3.865896113326365, 40.974015227454288 ], [ -3.869018069553832, 40.971935730547543 ], [ -3.871154144867361, 40.972430848858671 ], [ -3.880027073092798, 40.974411322103194 ], [ -3.880684327035425, 40.972727919845347 ], [ -3.88331334280592, 40.971143541249731 ], [ -3.886763926004704, 40.971143541249731 ], [ -3.890214509203481, 40.968766973356303 ], [ -3.894979600287513, 40.96549919250284 ], [ -3.896129794687106, 40.963419695596095 ], [ -3.89843018348629, 40.958765583471461 ], [ -3.902209393656385, 40.956884133889169 ], [ -3.902866647599012, 40.956785110226939 ], [ -3.90418115548426, 40.956488039240263 ], [ -3.908617619596974, 40.951041737817825 ], [ -3.919790936621602, 40.93787159074175 ], [ -3.921598384963815, 40.929949697763661 ], [ -3.927185043476129, 40.927573129870233 ], [ -3.929649745760969, 40.926978987896874 ], [ -3.933264642445408, 40.927078011559097 ], [ -3.937865420043785, 40.927177035221327 ], [ -3.937372479586813, 40.921730733798888 ], [ -3.937043852615503, 40.916779550687579 ], [ -3.944766586441339, 40.903312332624829 ], [ -3.946409721297904, 40.9009357647314 ], [ -3.951174812381936, 40.893806061051116 ], [ -3.948052856154469, 40.891330469495465 ], [ -3.9423018841565, 40.886874404695284 ], [ -3.946902661754876, 40.86449505703218 ], [ -3.950024617982343, 40.859939968569776 ], [ -3.964812831691397, 40.837857691893348 ], [ -3.963498323806149, 40.828648491306318 ], [ -3.963498323806149, 40.828054349332959 ], [ -3.964812831691397, 40.816270533528048 ], [ -3.973192819459868, 40.806269143643206 ], [ -3.979272418429147, 40.798941392638476 ], [ -3.97861516448652, 40.79369313854049 ], [ -3.9779579105439, 40.787355624158018 ], [ -3.979436731914802, 40.78448393795346 ], [ -3.984037509513179, 40.785870269224624 ], [ -3.989624168025486, 40.785474174575718 ], [ -3.991431616367706, 40.785870269224624 ], [ -4.002769246877982, 40.788642931766958 ], [ -4.007534337962014, 40.787850742469146 ], [ -4.012299429046045, 40.784285890629008 ], [ -4.01427119087392, 40.783394677668973 ], [ -4.01492844481654, 40.782998583020067 ], [ -4.021172357271482, 40.781117133437768 ], [ -4.032181360810448, 40.781513228086673 ], [ -4.036124884466197, 40.783493701331196 ], [ -4.039411154179319, 40.784087843304555 ], [ -4.042040169949814, 40.783790772317872 ], [ -4.043190364349414, 40.785672221900171 ], [ -4.045326439662944, 40.788840979091411 ], [ -4.046805261033846, 40.790128286700345 ], [ -4.053377800460098, 40.79062340501148 ], [ -4.059457399429377, 40.79230680726932 ], [ -4.069973462511371, 40.793891185864943 ], [ -4.076546001937622, 40.788147813455822 ], [ -4.081639719992964, 40.776264973988688 ], [ -4.095277739302432, 40.765273347481589 ], [ -4.096427933702024, 40.752499295054413 ], [ -4.096756560673334, 40.747647135605334 ], [ -4.102014592214331, 40.745864709685264 ], [ -4.112202028325015, 40.742299857845119 ], [ -4.123703972320953, 40.731110184013566 ], [ -4.125511420663173, 40.724475598644418 ], [ -4.127318869005393, 40.724079503995512 ], [ -4.137013364659104, 40.715563469044064 ], [ -4.139478066943951, 40.709820096634949 ], [ -4.145721979398886, 40.695263618287704 ], [ -4.160345879622284, 40.689817316865266 ], [ -4.170533315732975, 40.681202258251595 ], [ -4.172998018017815, 40.674666696544669 ], [ -4.17069762921863, 40.662387762428629 ], [ -4.167739986476818, 40.647831284081384 ], [ -4.16889018087641, 40.643276195618981 ], [ -4.171683510132567, 40.630502143191812 ], [ -4.167411359505508, 40.627630456987248 ], [ -4.161003133564911, 40.623372439511527 ], [ -4.214076389431867, 40.605548180310819 ], [ -4.244474384278263, 40.602478446781809 ], [ -4.262713181186108, 40.606340369608631 ], [ -4.26632807787054, 40.615054451884532 ], [ -4.272243363354164, 40.628818740933966 ], [ -4.282266485979193, 40.630799214178488 ], [ -4.290482160262002, 40.627828504311701 ], [ -4.289496279348064, 40.608320842853153 ], [ -4.282430799464848, 40.604260872701879 ], [ -4.278980216266071, 40.602082352132904 ], [ -4.289167652376754, 40.564156289500296 ], [ -4.299190775001783, 40.56069046132238 ], [ -4.309542524598122, 40.557224633144465 ], [ -4.323837797850217, 40.547718361570759 ], [ -4.326959754077684, 40.534251143508001 ], [ -4.324495051792837, 40.532765788574608 ], [ -4.320715841622743, 40.53038922068118 ], [ -4.321866036022342, 40.517120049942875 ], [ -4.323016230421935, 40.515139576698353 ], [ -4.326631127106367, 40.50880206231588 ], [ -4.323016230421935, 40.502464547933407 ], [ -4.324002111335872, 40.48107543689256 ], [ -4.319072706766185, 40.469984786723238 ], [ -4.316772317966993, 40.464736532625253 ], [ -4.318415452823558, 40.461666799096243 ], [ -4.319729960708806, 40.459191207540584 ], [ -4.325152305735465, 40.460082420500619 ], [ -4.322194662993653, 40.455428308375993 ], [ -4.320222901165778, 40.451962480198077 ], [ -4.326795440592022, 40.448991770331297 ], [ -4.329095829391214, 40.448001533709032 ], [ -4.339118952016243, 40.438297214810873 ], [ -4.338954638530588, 40.431860676766171 ], [ -4.338790325044926, 40.428592895912708 ], [ -4.332875039561308, 40.424136831112534 ], [ -4.332053472133026, 40.424037807450304 ], [ -4.324823678764155, 40.422849523503594 ], [ -4.323837797850217, 40.41829443504119 ], [ -4.325480932706775, 40.414630559538821 ], [ -4.320880155108405, 40.410273518400871 ], [ -4.331560531676054, 40.408689139805254 ], [ -4.343062475671992, 40.409976447414195 ], [ -4.356700494981453, 40.411362778685358 ], [ -4.364423228807297, 40.408293045156348 ], [ -4.367216558063454, 40.407203784871861 ], [ -4.371817335661824, 40.407698903182997 ], [ -4.400900822622972, 40.41086766037423 ], [ -4.421440008330002, 40.406213548249603 ], [ -4.442472134493997, 40.386111744817697 ], [ -4.440993313123087, 40.365712870399108 ], [ -4.439843118723495, 40.350958344727417 ], [ -4.452495257119025, 40.344620830344944 ], [ -4.460710931401835, 40.340461836531446 ], [ -4.457424661688712, 40.33699600835353 ], [ -4.453645451518618, 40.333035061864486 ], [ -4.455945840317803, 40.319864914788404 ], [ -4.471719934940801, 40.32026100943731 ], [ -4.472377188883428, 40.32026100943731 ], [ -4.487986970020764, 40.320756127748439 ], [ -4.491930493676513, 40.318973701828369 ], [ -4.498503033102764, 40.316002991961589 ], [ -4.505404199500326, 40.316201039286042 ], [ -4.526107698693004, 40.338184292300241 ], [ -4.526272012178659, 40.340164765544763 ], [ -4.526600639149976, 40.344818877669397 ], [ -4.529558281891788, 40.344125712033808 ], [ -4.533501805547537, 40.342244262451516 ], [ -4.53498062691844, 40.341551096815934 ], [ -4.538924150574189, 40.340461836531446 ], [ -4.541717479830346, 40.340956954842575 ], [ -4.546153943943061, 40.34184816780261 ], [ -4.544346495600841, 40.330163375659929 ], [ -4.540567285430754, 40.327093642130912 ], [ -4.536295134803687, 40.313428376743708 ], [ -4.530215535834408, 40.293227549649572 ], [ -4.538924150574189, 40.287583200902688 ], [ -4.555355499139807, 40.276888645382265 ], [ -4.55584843959678, 40.269263823390851 ], [ -4.556012753082435, 40.266095066199611 ], [ -4.562913919479996, 40.261639001399438 ], [ -4.569486458906248, 40.257281960261487 ], [ -4.566857443135746, 40.240943055994173 ], [ -4.564064113879589, 40.237972346127385 ], [ -4.559956276738184, 40.233813352313888 ], [ -4.560777844166466, 40.224505128064635 ], [ -4.566035875707463, 40.218662731993291 ], [ -4.579016641074304, 40.217177377059897 ], [ -4.616808742775234, 40.200046283494778 ], [ -4.625024417058043, 40.201036520117036 ], [ -4.629789508142075, 40.201630662090395 ], [ -4.632254210426915, 40.200640425468137 ], [ -4.640469884709724, 40.19757069193912 ], [ -4.653450650076564, 40.198164833912479 ], [ -4.672346700927029, 40.208661342108449 ], [ -4.673989835783594, 40.209552555068484 ], [ -4.673989835783594, 40.209453531406261 ], [ -4.679905121267218, 40.207076963512833 ], [ -4.686149033722153, 40.211731075637459 ], [ -4.689106676463965, 40.227772908918098 ], [ -4.688778049492647, 40.229258263851492 ], [ -4.687627855093055, 40.235694801896187 ], [ -4.691078438291839, 40.239358677398556 ], [ -4.692557259662742, 40.240943055994173 ], [ -4.69173569223446, 40.242428410927566 ], [ -4.68713491463609, 40.249558114607851 ], [ -4.694200394519306, 40.254113203070247 ], [ -4.70192312834515, 40.258965362519334 ], [ -4.70192312834515, 40.262926309008378 ], [ -4.696829410289801, 40.265897018875158 ], [ -4.695186275433244, 40.266788231835193 ], [ -4.698143918175056, 40.282235923142473 ], [ -4.711946250970179, 40.280552520884626 ], [ -4.713753699312392, 40.276096456084453 ], [ -4.727556032107515, 40.273521840866572 ], [ -4.7298564209067, 40.271739414946502 ], [ -4.731006615306299, 40.27094722564869 ], [ -4.731992496220236, 40.271244296635373 ], [ -4.74283718627354, 40.274611101151059 ], [ -4.751545801013322, 40.266293113524064 ], [ -4.753517562841196, 40.264510687603995 ], [ -4.762226177580978, 40.261341930412755 ], [ -4.775206942947818, 40.26659018451074 ], [ -4.787859081343342, 40.271739414946502 ], [ -4.804290429908967, 40.275106219462188 ], [ -4.810862969335211, 40.259856575479368 ], [ -4.811027282820866, 40.259361457168232 ], [ -4.811520223277839, 40.259064386181556 ], [ -4.817271195275808, 40.254509297719153 ], [ -4.812999044648741, 40.245003026145447 ], [ -4.808562580536027, 40.23579382555841 ], [ -4.814642179505306, 40.233021163016083 ], [ -4.81875001664671, 40.231040689771561 ], [ -4.821543345902867, 40.225000246375764 ], [ -4.823186480759432, 40.221534418197848 ], [ -4.83534567869799, 40.212523264935271 ], [ -4.845368801323019, 40.21004767337962 ], [ -4.849312324978769, 40.209057436757355 ], [ -4.859664074575107, 40.203512111672694 ], [ -4.863936225202167, 40.204304300970499 ], [ -4.871987585999321, 40.200244330819231 ], [ -4.876588363597698, 40.193609745450075 ], [ -4.878560125425572, 40.190936106569971 ], [ -4.886940113194036, 40.188163444027637 ], [ -4.896634608847755, 40.185093710498627 ], [ -4.90074244598916, 40.18222202429407 ], [ -4.902549894331379, 40.180142527387325 ], [ -4.904193029187937, 40.17925131442729 ], [ -4.913723211356, 40.173606965680399 ], [ -4.918652615925687, 40.171626492435877 ], [ -4.918816929411342, 40.171527468773647 ], [ -4.924732214894966, 40.170042113840253 ], [ -4.923089080038402, 40.167665545946832 ], [ -4.923746333981029, 40.164991907066721 ], [ -4.921445945181837, 40.161030960577676 ], [ -4.918159675468715, 40.155287588168562 ], [ -4.918159675468715, 40.152712972950681 ], [ -4.921117318210527, 40.147266671528243 ], [ -4.922431826095774, 40.141622322781352 ], [ -4.925553782323249, 40.138255518265666 ], [ -4.925553782323249, 40.136076997696691 ], [ -4.934098083577368, 40.134690666425527 ], [ -4.93672709934787, 40.133898477127715 ], [ -4.942313757860177, 40.13360140614104 ], [ -4.945928654544616, 40.132710193181005 ], [ -4.947407475915519, 40.132908240505451 ], [ -4.948721983800773, 40.133106287829904 ], [ -4.95825216596883, 40.131125814585381 ], [ -4.956609031112272, 40.126867797109661 ], [ -4.954637269284397, 40.12112442470054 ], [ -4.990457609157446, 40.115480075953656 ], [ -5.004917195895196, 40.11023182185567 ], [ -5.01329718366366, 40.111123034815705 ], [ -5.010339540921848, 40.117163478211495 ], [ -5.008039152122663, 40.121718566673898 ], [ -5.007381898180036, 40.13053167261203 ], [ -5.016583453376782, 40.146474482230438 ], [ -5.018883842175974, 40.158159274373119 ], [ -5.029399905257968, 40.157862203386443 ], [ -5.034329309827655, 40.155386611830785 ], [ -5.042052043653499, 40.151623712666193 ], [ -5.057004570848214, 40.149247144772765 ], [ -5.062098288903556, 40.149445192097218 ], [ -5.0686708283298, 40.149742263083901 ], [ -5.072450038499895, 40.144791079972592 ], [ -5.078365323983519, 40.136869186994502 ], [ -5.084773549924108, 40.13478969008775 ], [ -5.08740256569461, 40.125976584149626 ], [ -5.096439807405702, 40.126768773447431 ], [ -5.100054704090141, 40.127065844434114 ], [ -5.104984108659828, 40.120431259064958 ], [ -5.10679155700204, 40.117955667509307 ], [ -5.126837802252098, 40.102904070850933 ], [ -5.130452698936537, 40.101319692255316 ], [ -5.138832686705001, 40.097655816752948 ], [ -5.140640135047221, 40.094784130548391 ], [ -5.142283269903785, 40.092110491668286 ], [ -5.150498944186594, 40.092209515330509 ], [ -5.155264035270626, 40.092308538992739 ], [ -5.166930292752212, 40.087951497854789 ], [ -5.167094606237868, 40.087951497854789 ], [ -5.172845578235837, 40.085178835312455 ], [ -5.177446355834213, 40.086466142921395 ], [ -5.181882819946928, 40.087753450530336 ], [ -5.188455359373179, 40.086169071934712 ], [ -5.201271811254365, 40.083297385730155 ], [ -5.210801993422422, 40.092110491668286 ], [ -5.211459247365049, 40.096368509144007 ], [ -5.212773755250296, 40.106369899028849 ], [ -5.249415662551634, 40.108746466922277 ], [ -5.293451676707491, 40.109637679882312 ], [ -5.308075576930896, 40.107954277624465 ], [ -5.31579831075674, 40.10706306466443 ], [ -5.3200704613838, 40.107954277624465 ], [ -5.323356731096922, 40.11013279819344 ], [ -5.327300254752672, 40.11191522411351 ], [ -5.328779076123581, 40.11320253172245 ], [ -5.329436330066201, 40.113796673695809 ], [ -5.336008869492453, 40.115876170602554 ], [ -5.337652004349017, 40.123699039918421 ], [ -5.342910035890014, 40.127560962745243 ], [ -5.344881797717889, 40.128947294016406 ], [ -5.35605511474251, 40.149841286746124 ], [ -5.357205309142103, 40.151920783652869 ], [ -5.357533936113413, 40.152316878301775 ], [ -5.367557058738441, 40.163308504808882 ], [ -5.366406864338849, 40.170240161164706 ], [ -5.364928042967946, 40.17925131442729 ], [ -5.367228431767131, 40.198164833912479 ], [ -5.364928042967946, 40.202719922374882 ], [ -5.368049999195414, 40.212721312259724 ], [ -5.369528820566316, 40.217078353397675 ], [ -5.365256669939257, 40.221237347211172 ], [ -5.359341384455632, 40.227178766944739 ], [ -5.343238662861324, 40.264114592955089 ], [ -5.354904920342918, 40.263718498306183 ], [ -5.359012757484322, 40.261341930412755 ], [ -5.364599415996629, 40.258074149559292 ], [ -5.378894689248725, 40.257579031248163 ], [ -5.394997410843033, 40.250548351230108 ], [ -5.409949938037748, 40.25441027405693 ], [ -5.412250326836933, 40.255103439692512 ], [ -5.429831869802143, 40.252330777150178 ], [ -5.430324810259116, 40.248963972634492 ], [ -5.433446766486583, 40.245399120794346 ], [ -5.433939706943555, 40.244904002483217 ], [ -5.434268333914865, 40.242824505576472 ], [ -5.436075782257085, 40.23896258274965 ], [ -5.439854992427172, 40.233714328651665 ], [ -5.450535368994828, 40.227871932580321 ], [ -5.452342817337048, 40.227178766944739 ], [ -5.453985952193612, 40.22668364863361 ], [ -5.455136146593205, 40.226386577646927 ], [ -5.468116911960045, 40.224208057077952 ], [ -5.469267106359638, 40.221930512846754 ], [ -5.469924360302258, 40.215692022126504 ], [ -5.469760046816603, 40.212820335921947 ], [ -5.469924360302258, 40.212226193948595 ], [ -5.470910241216195, 40.207869152810645 ], [ -5.475182391843262, 40.207473058161739 ], [ -5.478797288527694, 40.207076963512833 ], [ -5.483069439154761, 40.205789655903892 ], [ -5.486520022353538, 40.205096490268311 ], [ -5.488163157210103, 40.204799419281635 ], [ -5.491449426923225, 40.203314064348241 ], [ -5.497036085435539, 40.200046283494778 ], [ -5.505416073204003, 40.201531638428172 ], [ -5.508045088974498, 40.201927733077071 ], [ -5.511495672173282, 40.200343354481454 ], [ -5.518725465542154, 40.196877526303538 ], [ -5.521025854341339, 40.196184360667957 ], [ -5.531048976966368, 40.194798029396793 ], [ -5.547316012046338, 40.19757069193912 ], [ -5.568348138210332, 40.205492584917216 ], [ -5.598417506085418, 40.216880306073222 ], [ -5.604661418540353, 40.21618714043764 ], [ -5.610083763567005, 40.215493974802058 ], [ -5.617806497392849, 40.222722702144566 ], [ -5.615999049050629, 40.228565098215903 ], [ -5.614520227679726, 40.233219210340536 ], [ -5.62290021544819, 40.245894239105482 ], [ -5.639002937042498, 40.248864948972262 ], [ -5.650504881038437, 40.250944445879014 ], [ -5.659049182292556, 40.258668291532651 ], [ -5.658391928349928, 40.265599947888482 ], [ -5.658063301378618, 40.270551130999792 ], [ -5.692733446852081, 40.292138289365084 ], [ -5.698977359307015, 40.289761721471663 ], [ -5.699963240220953, 40.28946465048498 ], [ -5.737591028436221, 40.294118762609614 ], [ -5.744492194833782, 40.288870508511621 ], [ -5.765031380540812, 40.280849591871309 ], [ -5.776697638022398, 40.282433970466926 ], [ -5.793128986588023, 40.286791011604876 ], [ -5.801508974356487, 40.2974855671253 ], [ -5.79625094281549, 40.299763111356498 ], [ -5.793128986588023, 40.301149442627668 ], [ -5.782612923506022, 40.314319589703743 ], [ -5.797565450700738, 40.353334912620845 ], [ -5.819090517321705, 40.349770060780699 ], [ -5.84045127045701, 40.333332132851162 ], [ -5.847188123368916, 40.328083878753176 ], [ -5.849981452625066, 40.329965328335476 ], [ -5.852774781881223, 40.331747754255545 ], [ -5.849981452625066, 40.338283315962471 ], [ -5.87610729684441, 40.326697547482013 ], [ -5.884322971127219, 40.326598523819783 ], [ -5.892210018438718, 40.320161985775087 ], [ -5.893195899352655, 40.315012755339325 ], [ -5.894839034209213, 40.307685004334594 ], [ -5.914063712030988, 40.285998822307064 ], [ -5.917185668258462, 40.277779858342299 ], [ -5.920964878428549, 40.280948615533532 ], [ -5.937889167451139, 40.281146662857985 ], [ -5.941668377621234, 40.284414443711448 ], [ -5.953827575559792, 40.287583200902688 ], [ -5.965000892584413, 40.291544147391733 ], [ -5.968451475783198, 40.28956367414721 ], [ -5.980774987207411, 40.297584590787523 ], [ -6.003285934742308, 40.304516247143354 ], [ -6.016431013594804, 40.316597133934941 ], [ -6.017252581023087, 40.319171749152822 ], [ -6.019552969822278, 40.322637577330738 ], [ -6.018402775422679, 40.331945801579998 ], [ -6.018238461937024, 40.333530180175615 ], [ -6.016431013594804, 40.336797961029077 ], [ -6.016102386623494, 40.340362812869216 ], [ -6.026618449705495, 40.340857931180352 ], [ -6.053072920896142, 40.342145238789286 ], [ -6.105817549791787, 40.356800740798754 ], [ -6.092015216996664, 40.36155387658561 ], [ -6.083142288771228, 40.36462361011462 ], [ -6.084456796656475, 40.375912307608402 ], [ -6.08462111014213, 40.377199615217343 ], [ -6.083306602256883, 40.378189851839601 ], [ -6.074597987517102, 40.385220531857662 ], [ -6.078212884201541, 40.388290265386672 ], [ -6.081170526943353, 40.390963904266776 ], [ -6.075419554945384, 40.393538519484657 ], [ -6.067532507633885, 40.397103371324796 ], [ -6.075255241459729, 40.403440885707269 ], [ -6.082156407857291, 40.403440885707269 ], [ -6.101545399164721, 40.414234464889915 ], [ -6.113704597103279, 40.415422748836633 ], [ -6.117976747730346, 40.415917867147762 ], [ -6.118962628644283, 40.417601269405608 ], [ -6.120112823043875, 40.419383695325678 ], [ -6.122248898357405, 40.419977837299037 ], [ -6.12849281081234, 40.421859286881329 ], [ -6.123070465785688, 40.430474345495007 ], [ -6.116169299388126, 40.441664019326559 ], [ -6.129971632183249, 40.437901120161968 ], [ -6.135558290695556, 40.436415765228574 ], [ -6.145910040291902, 40.436415765228574 ], [ -6.151003758347244, 40.442357184962141 ], [ -6.154782968517331, 40.446813249762322 ], [ -6.155275908974303, 40.454834166402634 ], [ -6.174993527253051, 40.461171680785107 ], [ -6.182387634107577, 40.463548248678535 ], [ -6.193068010675233, 40.475233040821223 ], [ -6.19865466918754, 40.481471531541466 ], [ -6.237761278773718, 40.486026620003869 ], [ -6.250906357626214, 40.474440851523411 ], [ -6.254849881281963, 40.470875999683273 ], [ -6.256985956595493, 40.470875999683273 ], [ -6.264873003906992, 40.470875999683273 ], [ -6.268487900591431, 40.46760821882981 ], [ -6.270131035447989, 40.463449225016312 ], [ -6.271116916361926, 40.460973633460654 ], [ -6.275389066988993, 40.458597065567233 ], [ -6.279332590644742, 40.458200970918327 ], [ -6.287219637956241, 40.457408781620515 ], [ -6.290670221155018, 40.45532928471377 ], [ -6.29609256618167, 40.452061503860307 ], [ -6.315481557489107, 40.449486888642426 ], [ -6.335856429710475, 40.446714226100092 ], [ -6.343743477021974, 40.44285230327327 ], [ -6.347194060220751, 40.43681185987748 ], [ -6.348179941134688, 40.435029433957411 ], [ -6.357381496331442, 40.428394848588255 ], [ -6.365597170614251, 40.422453428854688 ], [ -6.365268543642934, 40.417997364054514 ], [ -6.364611289700314, 40.417502245743378 ], [ -6.361489333472846, 40.415422748836633 ], [ -6.361982273929812, 40.407104761209638 ], [ -6.373648531411405, 40.401163341476071 ], [ -6.393037522718835, 40.399182868231549 ], [ -6.400103002602052, 40.400668223164935 ], [ -6.406182601571331, 40.401955530773876 ], [ -6.412919454483237, 40.400371152178259 ], [ -6.418670426481206, 40.398885797244866 ], [ -6.439538239159539, 40.381160561706388 ], [ -6.438880985216919, 40.377100591555113 ], [ -6.438388044759947, 40.372842574079392 ], [ -6.440359806587821, 40.372941597741615 ], [ -6.444960584186198, 40.371456242808229 ], [ -6.447096659499728, 40.371060148159323 ], [ -6.450218615727195, 40.370961124497093 ], [ -6.450875869669822, 40.370961124497093 ], [ -6.455312333782537, 40.371159171821546 ], [ -6.463199381094036, 40.372842574079392 ], [ -6.46763584520675, 40.372347455768264 ], [ -6.471415055376845, 40.370664053510417 ], [ -6.474701325089974, 40.370168935199288 ], [ -6.477823281317441, 40.368485532941442 ], [ -6.485874642114595, 40.363336302505679 ], [ -6.48817503091378, 40.363138255181234 ], [ -6.493433062454777, 40.362048994896746 ], [ -6.516436950446646, 40.354325149243103 ], [ -6.518080085303211, 40.353136865296392 ], [ -6.523338116844208, 40.352047605011904 ], [ -6.526788700042985, 40.350958344727417 ], [ -6.53056791021308, 40.349472989794023 ], [ -6.534182806897519, 40.347690563873954 ], [ -6.536318882211049, 40.347294469225048 ], [ -6.538619271010234, 40.345313995980526 ], [ -6.54354867557992, 40.342244262451516 ], [ -6.548149453178297, 40.338481363286924 ], [ -6.553078857747984, 40.335114558771231 ], [ -6.560472964602511, 40.329074115375441 ], [ -6.560308651116856, 40.326301452833107 ], [ -6.560637278088166, 40.325212192548619 ], [ -6.561294532030793, 40.32342976662855 ], [ -6.562937666887358, 40.319072725490599 ], [ -6.563101980373013, 40.316795181259394 ], [ -6.56474511522957, 40.314616660690419 ], [ -6.560472964602511, 40.309764501241339 ], [ -6.556858067918071, 40.305902578414518 ], [ -6.558994143231608, 40.296099235854136 ], [ -6.556200813975451, 40.290850981756151 ], [ -6.558336889288981, 40.290256839782792 ], [ -6.56441648825826, 40.285701751320389 ], [ -6.568524325399665, 40.283127136102507 ], [ -6.571153341170167, 40.279463260600139 ], [ -6.574768237854599, 40.277680834680069 ], [ -6.579533328938631, 40.276393527071129 ], [ -6.580683523338223, 40.27589840876 ], [ -6.58314822562307, 40.274809148475512 ], [ -6.584791360479628, 40.273125746217666 ], [ -6.587091749278819, 40.270749178324245 ], [ -6.592514094305471, 40.270848201986468 ], [ -6.596786244932531, 40.271541367622049 ], [ -6.597443498875158, 40.271739414946502 ], [ -6.598100752817786, 40.271442343959826 ], [ -6.60680936755756, 40.268273586768586 ], [ -6.614860728354714, 40.266095066199611 ], [ -6.625212477951059, 40.26659018451074 ], [ -6.632770898291241, 40.264807758590671 ], [ -6.634578346633461, 40.264708734928448 ], [ -6.636221481490026, 40.26659018451074 ], [ -6.637371675889618, 40.267283350146329 ], [ -6.640000691660113, 40.268966752404168 ], [ -6.64312264788758, 40.26787749211968 ], [ -6.671877507877419, 40.263322403657284 ], [ -6.673520642733983, 40.261539977737208 ], [ -6.677792793361043, 40.258074149559292 ], [ -6.677792793361043, 40.25441027405693 ], [ -6.677792793361043, 40.251043469541237 ], [ -6.68272219793073, 40.248765925310039 ], [ -6.687651602500416, 40.24698349938997 ], [ -6.688473169928699, 40.246686428403287 ], [ -6.688966110385664, 40.245894239105482 ], [ -6.689787677813946, 40.244804978820994 ], [ -6.690116304785256, 40.242725481914242 ], [ -6.702439816209477, 40.250746398554561 ], [ -6.706219026379564, 40.256885865612581 ], [ -6.712134311863188, 40.26659018451074 ], [ -6.71837822431813, 40.268768705079715 ], [ -6.720678613117315, 40.267382373808552 ], [ -6.752226802363303, 40.249459090945621 ], [ -6.753705623734213, 40.245003026145447 ], [ -6.755677385562088, 40.23896258274965 ], [ -6.765700508187116, 40.241933292616437 ], [ -6.778188333096985, 40.245597168118799 ], [ -6.781638916295769, 40.249162019958945 ], [ -6.800370653660572, 40.249657138270074 ], [ -6.800863594117544, 40.2452010734699 ], [ -6.801027907603199, 40.242923529238695 ], [ -6.805135744744604, 40.241834268954207 ], [ -6.819595331482347, 40.244507907834311 ], [ -6.823703168623759, 40.247379594038875 ], [ -6.824524736052034, 40.247973736012227 ], [ -6.830111394564348, 40.247973736012227 ], [ -6.83487648564838, 40.248072759674457 ], [ -6.83766981490453, 40.25134054052792 ], [ -6.840627457646342, 40.254905392368059 ], [ -6.842434905988561, 40.254806368705836 ], [ -6.846871370101283, 40.254509297719153 ], [ -6.863467032152556, 40.269263823390851 ], [ -6.865110167009121, 40.270650154662015 ], [ -6.861166643353371, 40.299664087694275 ], [ -6.840298830675032, 40.31422056604152 ], [ -6.819923958453664, 40.323825861277456 ], [ -6.806614566115513, 40.325311216210842 ], [ -6.800699280631889, 40.326004381846424 ], [ -6.791004784978171, 40.33392627482452 ], [ -6.791990665892108, 40.343432546398226 ], [ -6.793305173777355, 40.35541440952759 ], [ -6.786239693894139, 40.361751923910063 ], [ -6.781967543267079, 40.365613846736885 ], [ -6.800534967146227, 40.378982041137412 ], [ -6.802671042459764, 40.380368372408576 ], [ -6.808914954914698, 40.384527366222073 ], [ -6.810065149314291, 40.387300028764408 ], [ -6.811215343713883, 40.389874643982289 ], [ -6.81614474828357, 40.392944377511299 ], [ -6.823374541652441, 40.397301418649249 ], [ -6.835369426105345, 40.409382305440836 ], [ -6.845063921759063, 40.436316741566351 ], [ -6.848185877986531, 40.455428308375993 ], [ -6.83339766427747, 40.47681741941684 ], [ -6.829454140621721, 40.479689105621397 ], [ -6.827482378793846, 40.480580318581431 ], [ -6.822717287709821, 40.483848099434894 ], [ -6.821731406795884, 40.486224667328322 ], [ -6.819923958453664, 40.488205140572845 ], [ -6.81400867297004, 40.501969429622278 ], [ -6.803985550345011, 40.507811825693622 ], [ -6.795934189547857, 40.512366914156026 ], [ -6.797577324404422, 40.522764398689766 ], [ -6.801356534574509, 40.527517534476623 ], [ -6.802999669431074, 40.529795078707828 ], [ -6.804971431258949, 40.540093539579345 ], [ -6.804807117773294, 40.540489634228244 ], [ -6.801685161545826, 40.549698834815281 ], [ -6.805792998687231, 40.554253923277678 ], [ -6.819923958453664, 40.558809011740081 ], [ -6.844570981302091, 40.5668299283804 ], [ -6.843585100388154, 40.570691851207222 ], [ -6.841449025074624, 40.57475182135849 ], [ -6.840956084617659, 40.576435223616336 ], [ -6.837834128390192, 40.579802028132022 ], [ -6.837012560961909, 40.582970785323262 ], [ -6.836683933990599, 40.585644424203366 ], [ -6.83766981490453, 40.589407323367958 ], [ -6.836026680047972, 40.595942885074884 ], [ -6.821402779824567, 40.610103268773223 ], [ -6.820745525881946, 40.610697410746582 ], [ -6.813022792056103, 40.622382202889263 ], [ -6.811379657199538, 40.625649983742726 ], [ -6.807929074000761, 40.629610930231777 ], [ -6.805957312172886, 40.633472853058592 ], [ -6.804314177316321, 40.638325012507671 ], [ -6.799056145775324, 40.654564893112763 ], [ -6.793962427719983, 40.661694596793041 ], [ -6.798891832289669, 40.664566282997605 ], [ -6.803656923373701, 40.667239921877709 ], [ -6.804642804287639, 40.672983294286823 ], [ -6.803656923373701, 40.678429595709261 ], [ -6.803163982916729, 40.6819944475494 ], [ -6.812694165084793, 40.707047434092615 ], [ -6.81220122462782, 40.718930273559749 ], [ -6.820581212396284, 40.726852166537846 ], [ -6.823867482109414, 40.730119947391309 ], [ -6.829289827136066, 40.740715479249502 ], [ -6.830768648506975, 40.752796366041089 ], [ -6.828632573193438, 40.758737785774663 ], [ -6.828303946222128, 40.759529975072468 ], [ -6.828139632736473, 40.760718259019185 ], [ -6.825510616965971, 40.783493701331196 ], [ -6.821731406795884, 40.790920475998156 ], [ -6.819923958453664, 40.794584351500525 ], [ -6.817294942683162, 40.805377930683171 ], [ -6.819759644968009, 40.813794941972397 ], [ -6.822552974224159, 40.823103166221649 ], [ -6.824360422566379, 40.843799111626915 ], [ -6.810229462799946, 40.844690324586949 ], [ -6.802178102002792, 40.845185442898078 ], [ -6.802013788517137, 40.861029228854264 ], [ -6.807436133543789, 40.876674967485997 ], [ -6.810065149314291, 40.882022245246205 ], [ -6.814994553883977, 40.881725174259529 ], [ -6.819595331482347, 40.881527126935076 ], [ -6.838162755361502, 40.889647067237618 ], [ -6.849664699357433, 40.903213308962599 ], [ -6.849664699357433, 40.911729343914047 ], [ -6.849500385871778, 40.923909254367864 ], [ -6.857387433183277, 40.942426679204154 ], [ -6.858044687125904, 40.943119844839735 ], [ -6.861330956839026, 40.95015052485779 ], [ -6.863467032152556, 40.952130998102312 ], [ -6.870696825521428, 40.958765583471461 ], [ -6.882034456031711, 40.967875760396268 ], [ -6.886306606658771, 40.971242564911961 ], [ -6.888935622429273, 40.974510345765424 ], [ -6.908488927222358, 40.998276024699692 ], [ -6.917854795904759, 41.002335994850966 ], [ -6.921141065617888, 41.00372232612213 ], [ -6.930671247785945, 41.017090520522665 ], [ -6.929849680357663, 41.029369454638704 ], [ -6.914239899220327, 41.038578655225734 ], [ -6.905695597966201, 41.036202087332306 ], [ -6.877105051462024, 41.028280194354217 ], [ -6.863467032152556, 41.027587028718635 ], [ -6.853115282556217, 41.026992886745276 ], [ -6.832904723820505, 41.029072383652021 ], [ -6.827975319250818, 41.031052856896544 ], [ -6.822388660738504, 41.031845046194356 ], [ -6.814665926912667, 41.035211850710041 ], [ -6.81252985159913, 41.03590501634563 ], [ -6.808422014457726, 41.036499158318982 ], [ -6.808093387486416, 41.040955223119163 ], [ -6.807929074000761, 41.044619098621531 ], [ -6.801027907603199, 41.049372234408381 ], [ -6.791990665892108, 41.055709748790854 ], [ -6.774737749898208, 41.073930102640468 ], [ -6.770629912756803, 41.085515871120926 ], [ -6.75469150464815, 41.102646964686045 ], [ -6.761099730588739, 41.111955188935305 ], [ -6.769808345328521, 41.124432170375798 ], [ -6.767836583500646, 41.133542347300605 ], [ -6.757320520418645, 41.138889625060813 ], [ -6.749269159621491, 41.142949595212087 ], [ -6.741382112309992, 41.150772464527954 ], [ -6.729387227857089, 41.162754327657311 ], [ -6.720678613117315, 41.167408439781944 ], [ -6.715584895061973, 41.170181102324271 ], [ -6.709998236549659, 41.173052788528835 ], [ -6.69931785998201, 41.18305417841367 ], [ -6.696853157697163, 41.18929266913392 ], [ -6.69751041163979, 41.191372166040665 ], [ -6.698003352096755, 41.192659473649606 ], [ -6.696031590268881, 41.194144828582999 ], [ -6.689623364328291, 41.19860089338318 ], [ -6.689787677813946, 41.205235478752329 ], [ -6.690609245242229, 41.208701306930244 ], [ -6.680093182160228, 41.218405625828403 ], [ -6.662840266166327, 41.229991394308861 ], [ -6.652981457026954, 41.236427932353564 ], [ -6.651009695199079, 41.240685949829285 ], [ -6.647887738971612, 41.24722151153621 ], [ -6.64098657257405, 41.245637132940594 ], [ -6.630141882520746, 41.243062517722713 ], [ -6.609109756356752, 41.249301008442963 ], [ -6.608945442871089, 41.249301008442963 ], [ -6.608781129385434, 41.249301008442963 ], [ -6.599250947217378, 41.244943967305012 ], [ -6.594321542647691, 41.250984410700802 ], [ -6.591199586420224, 41.254648286203171 ], [ -6.587091749278819, 41.25207367098529 ], [ -6.586105868364882, 41.247023464211757 ], [ -6.58561292790791, 41.243854707020525 ], [ -6.58134077728085, 41.239497665882574 ], [ -6.576411372711163, 41.238804500246992 ], [ -6.571317654655822, 41.239101571233668 ], [ -6.567374131000072, 41.242666423073807 ], [ -6.553078857747984, 41.245736156602817 ], [ -6.548971020606579, 41.252964883945324 ], [ -6.546013377864767, 41.258114114381087 ], [ -6.519065966217148, 41.275245207946206 ], [ -6.514300875133117, 41.26880866990151 ], [ -6.511343232391305, 41.264847723412466 ], [ -6.501155796280621, 41.265144794399141 ], [ -6.480452297087936, 41.274552042310624 ], [ -6.480287983602281, 41.277522752177411 ], [ -6.484067193772376, 41.280493462044191 ], [ -6.490968360169937, 41.285939763466629 ], [ -6.479795043145316, 41.294356774755855 ], [ -6.469771920520287, 41.300496241813875 ], [ -6.461063305780506, 41.299208934204934 ], [ -6.455805274239509, 41.298416744907129 ], [ -6.439538239159539, 41.304556211965149 ], [ -6.436416282932072, 41.314260530863308 ], [ -6.435101775046824, 41.318419524676806 ], [ -6.43280138624764, 41.319607808623523 ], [ -6.420313561337764, 41.326341417654895 ], [ -6.424585711964831, 41.331985766401786 ], [ -6.426228846821388, 41.333966239646308 ], [ -6.419984934366454, 41.343670558544474 ], [ -6.412919454483237, 41.348720765318006 ], [ -6.399774375630741, 41.351097333211435 ], [ -6.387122237235211, 41.35327585378041 ], [ -6.377756368552809, 41.361395794082952 ], [ -6.386300669806928, 41.363970409300833 ], [ -6.387450864206521, 41.364267480287509 ], [ -6.393037522718835, 41.370208900021076 ], [ -6.39139438786227, 41.383775141746057 ], [ -6.373648531411405, 41.390508750777435 ], [ -6.366911678499498, 41.392786295008641 ], [ -6.364118349243341, 41.387736088235101 ], [ -6.361325019987184, 41.383081976110475 ], [ -6.351959151304783, 41.378526887648071 ], [ -6.328626636341603, 41.386151709639485 ], [ -6.326654874513729, 41.386844875275067 ], [ -6.326490561028074, 41.386844875275067 ], [ -6.318274886745264, 41.386151709639485 ], [ -6.316467438403045, 41.390706798101888 ], [ -6.31909645417354, 41.398727714742208 ], [ -6.324518799200199, 41.401599400946765 ], [ -6.331255652112098, 41.405164252786903 ], [ -6.333227413939973, 41.409422270262631 ], [ -6.327969382398976, 41.415165642671745 ], [ -6.319753708116167, 41.417047092254045 ], [ -6.310387839433766, 41.41912658916079 ], [ -6.296914133609953, 41.433088925534676 ], [ -6.296914133609953, 41.438535226957114 ], [ -6.302829419093577, 41.444773717677364 ], [ -6.305951375321044, 41.448041498530827 ], [ -6.299050208923482, 41.454775107562199 ], [ -6.286562384013614, 41.466756970691563 ], [ -6.285905130070987, 41.473391556060719 ], [ -6.285412189614021, 41.478045668185345 ], [ -6.269145154534058, 41.48636365581234 ], [ -6.266187511792246, 41.486462679474563 ], [ -6.262408301622152, 41.486462679474563 ], [ -6.264051436478709, 41.490027531314709 ], [ -6.266680452249211, 41.495374809074917 ], [ -6.260272226308622, 41.49735528231944 ], [ -6.252056552025806, 41.499830873875098 ], [ -6.254192627339343, 41.508643979813222 ], [ -6.25517850825328, 41.513001020951172 ], [ -6.249263222769656, 41.515971730817959 ], [ -6.24071892151553, 41.520526819280356 ], [ -6.21919385489457, 41.541222764685621 ], [ -6.216729152609723, 41.549342704988163 ], [ -6.215743271695786, 41.553006580490532 ], [ -6.209006418783886, 41.562116757415339 ], [ -6.196025653417045, 41.570632792366787 ], [ -6.189288800505139, 41.575088857166961 ], [ -6.202762506328945, 41.595685778910003 ], [ -6.226259334777787, 41.604003766536998 ], [ -6.234967949517561, 41.607073500066008 ], [ -6.24104754848684, 41.615292464030773 ], [ -6.254849881281963, 41.634007936191516 ], [ -6.288698459327144, 41.656585331179073 ], [ -6.302993732579232, 41.662922845561546 ], [ -6.309237645034166, 41.664210153170487 ], [ -6.315317244003452, 41.665497460779427 ], [ -6.315481557489107, 41.665497460779427 ], [ -6.319589394630512, 41.666883792050591 ], [ -6.322547037372324, 41.666982815712821 ], [ -6.357874436788407, 41.677083229259885 ], [ -6.373648531411405, 41.674013495730875 ], [ -6.378249309009774, 41.674409590379781 ], [ -6.405853974600021, 41.680648081100031 ], [ -6.412919454483237, 41.680251986451125 ], [ -6.419491993909482, 41.679954915464442 ], [ -6.425900219850078, 41.679558820815544 ], [ -6.432308445790667, 41.681737341384512 ], [ -6.439866866130856, 41.68421293294017 ], [ -6.451368810126787, 41.681638317722289 ], [ -6.455969587725164, 41.672132046148583 ], [ -6.458434290010004, 41.667279886699497 ], [ -6.467142904749785, 41.666388673739462 ], [ -6.46944329354897, 41.666091602752786 ], [ -6.4715793688625, 41.665200389792751 ], [ -6.48850365788509, 41.657674591463561 ], [ -6.500169915366683, 41.657476544139108 ], [ -6.512164799819587, 41.661239443303707 ], [ -6.514958129075744, 41.66450722415717 ], [ -6.518244398788866, 41.666784768388368 ], [ -6.519065966217148, 41.66886426529512 ], [ -6.525802819129048, 41.672924235446388 ], [ -6.527610267471267, 41.67500373235314 ], [ -6.534675747354484, 41.676489087286527 ], [ -6.536976136153676, 41.677776394895467 ], [ -6.541905540723363, 41.680450033775578 ], [ -6.548313766663952, 41.685599264211334 ], [ -6.553407484719294, 41.693521157189423 ], [ -6.553243171233639, 41.700947931856383 ], [ -6.546177691350422, 41.699858671571896 ], [ -6.545520437407795, 41.699858671571896 ], [ -6.543055735122955, 41.702136215803101 ], [ -6.548971020606579, 41.712236629350166 ], [ -6.553900425176259, 41.720653640639391 ], [ -6.553407484719294, 41.721346806274973 ], [ -6.550449841977482, 41.725010681777341 ], [ -6.555543560032824, 41.726297989386282 ], [ -6.557351008375043, 41.730060888550874 ], [ -6.556858067918071, 41.737388639555604 ], [ -6.56260903991604, 41.74095349139575 ], [ -6.568195698428354, 41.744320295911436 ], [ -6.564909428715225, 41.750756833956132 ], [ -6.561458845516448, 41.753034378187337 ], [ -6.556036500489796, 41.756500206365253 ], [ -6.554886306090197, 41.767590856534582 ], [ -6.544698869979513, 41.78392976080189 ], [ -6.545520437407795, 41.789277038562105 ], [ -6.546013377864767, 41.793931150686731 ], [ -6.537633390096296, 41.81294369383415 ], [ -6.533196925983582, 41.817201711309878 ], [ -6.529582029299142, 41.82046949216334 ], [ -6.530239283241769, 41.826212864572454 ], [ -6.531389477641362, 41.835620112483937 ], [ -6.524652624729455, 41.851067803791217 ], [ -6.523338116844208, 41.854137537320227 ], [ -6.523502430329863, 41.855622892253621 ], [ -6.5244883112438, 41.860673099027153 ], [ -6.521694981987643, 41.863742832556163 ], [ -6.517751458331894, 41.868198897356336 ], [ -6.517094204389274, 41.873348127792099 ], [ -6.54929964757789, 41.879487594850119 ], [ -6.571153341170167, 41.883646588663616 ], [ -6.56441648825826, 41.89255871826397 ], [ -6.560637278088166, 41.897608925037503 ], [ -6.556858067918071, 41.911373214086936 ], [ -6.552914544262329, 41.918403894104991 ], [ -6.546013377864767, 41.93068282822103 ], [ -6.545849064379105, 41.935931082319016 ], [ -6.549135334092234, 41.944546140932694 ], [ -6.552585917291012, 41.946229543190533 ], [ -6.556365127461106, 41.948705134746191 ], [ -6.561294532030793, 41.952666081235236 ], [ -6.573782356940661, 41.960686997875555 ], [ -6.577561567110756, 41.961677234497813 ], [ -6.577561567110756, 41.961677234497813 ], [ -6.580026269395603, 41.96336063675566 ], [ -6.58314822562307, 41.965341110000182 ], [ -6.588406257164067, 41.96771767789361 ], [ -6.591528213391534, 41.962370400133395 ], [ -6.598758006760406, 41.949497324043996 ], [ -6.611574458641591, 41.947120756150575 ], [ -6.618804252010463, 41.941080312754778 ], [ -6.627184239778934, 41.941377383741454 ], [ -6.637535989375273, 41.941872502052583 ], [ -6.67697122593276, 41.936327176967922 ], [ -6.696853157697163, 41.933554514425587 ], [ -6.706219026379564, 41.935237916683434 ], [ -6.720678613117315, 41.938010579225768 ], [ -6.749926413564118, 41.943555904310429 ], [ -6.766029135158426, 41.972668861004912 ], [ -6.767015016072364, 41.976827854818417 ], [ -6.768658150928928, 41.983858534836472 ], [ -6.780817348867487, 41.988017528649969 ], [ -6.796920070461795, 41.989898978232262 ], [ -6.802506728974102, 41.99059214386785 ], [ -6.805628685201576, 41.990889214854526 ], [ -6.811543970685193, 41.992572617112373 ], [ -6.811051030228228, 41.984947795120959 ], [ -6.810229462799946, 41.970193269449261 ], [ -6.811543970685193, 41.967420606906927 ], [ -6.821074152853257, 41.947219779812798 ], [ -6.83093296199263, 41.944150046283788 ], [ -6.845392548730374, 41.942664691350394 ], [ -6.855744298326719, 41.944051022621558 ], [ -6.863467032152556, 41.945041259243823 ], [ -6.871847019921027, 41.94613051952831 ], [ -6.87579054357677, 41.944546140932694 ], [ -6.885320725744833, 41.940387147119196 ], [ -6.930342620814635, 41.945833448541634 ], [ -6.933793204013412, 41.946229543190533 ], [ -6.935764965841287, 41.946031495866087 ], [ -6.943652013152786, 41.9449422355816 ], [ -6.953182195320849, 41.960488950551103 ], [ -6.958275913376191, 41.968905961840321 ], [ -6.977336277712311, 41.973659097627177 ], [ -6.98588057896643, 41.971480577058202 ], [ -6.990481356564807, 41.988908741610004 ], [ -6.98341587668159, 41.998117942197034 ], [ -6.963862571888498, 42.023666047051378 ], [ -6.961069242632348, 42.027230898891517 ], [ -6.965998647202028, 42.032479152989502 ], [ -6.973228440570907, 42.040401045967599 ], [ -6.974050007999182, 42.047827820634559 ], [ -6.974707261941809, 42.05515557163929 ], [ -6.986702146394713, 42.052977051070314 ], [ -6.994424880220556, 42.051590719799151 ], [ -7.011020542271829, 42.052382909096956 ], [ -7.030409533579267, 42.063770630252968 ], [ -7.034024430263699, 42.071593499568827 ], [ -7.021372291868175, 42.082090007764798 ], [ -7.010691915300519, 42.083872433684874 ], [ -7.003297808445993, 42.085159741293808 ], [ -7.002311927532055, 42.091992373987416 ], [ -7.001490360103773, 42.097339651747625 ], [ -6.998697030847616, 42.098329888369889 ], [ -6.990645670050462, 42.101102550912216 ], [ -6.988838221708242, 42.115560005597239 ], [ -6.987852340794305, 42.122491661953063 ], [ -6.976843337255339, 42.124967253508721 ], [ -6.956304151548316, 42.129522341971125 ], [ -6.944637894066723, 42.142395418060524 ], [ -6.945459461495005, 42.145366127927304 ], [ -6.941680251324911, 42.161804055856841 ], [ -6.941515937839256, 42.163586481776917 ], [ -6.941022997382291, 42.16853766488822 ], [ -6.943816326638441, 42.171904469403913 ], [ -6.915554407105574, 42.18824337367122 ], [ -6.906024224937518, 42.189431657617938 ], [ -6.900766193396514, 42.190025799591297 ], [ -6.889592876371893, 42.201215473422849 ], [ -6.89057875728583, 42.204681301600765 ], [ -6.891728951685423, 42.208048106116451 ], [ -6.887128174087053, 42.213791478525565 ], [ -6.863467032152556, 42.2233967737615 ], [ -6.855744298326719, 42.226664554614963 ], [ -6.828632573193438, 42.225773341654929 ], [ -6.803492609888039, 42.218643637974651 ], [ -6.800206340174917, 42.214979762472282 ], [ -6.796098503033512, 42.210424674009879 ], [ -6.790183217549888, 42.215771951770087 ], [ -6.79741301091876, 42.22834795687281 ], [ -6.802506728974102, 42.236963015486488 ], [ -6.79494830863392, 42.244389790153448 ], [ -6.794291054691293, 42.249539020589204 ], [ -6.791497725435136, 42.252113635807085 ], [ -6.787554201779393, 42.25419313271383 ], [ -6.784267932066264, 42.253598990740478 ], [ -6.767507956529336, 42.257559937229523 ], [ -6.766522075615399, 42.263303309638637 ], [ -6.764550313787524, 42.272512510225667 ], [ -6.747790338250589, 42.291921148021991 ], [ -6.742203679738275, 42.298159638742241 ], [ -6.742203679738275, 42.300338159311217 ], [ -6.742203679738275, 42.304200082138031 ], [ -6.73990329093909, 42.308062004964853 ], [ -6.733988005455465, 42.317964371187465 ], [ -6.738588783053842, 42.326579429801143 ], [ -6.7402319179104, 42.329550139667923 ], [ -6.737109961682933, 42.34608709125969 ], [ -6.734809572883748, 42.358564072700183 ], [ -6.757977774361272, 42.366882060327178 ], [ -6.76142835756005, 42.36648596567828 ], [ -6.766029135158426, 42.365891823704921 ], [ -6.768493837443266, 42.369753746531735 ], [ -6.77408049595558, 42.378764899794319 ], [ -6.802835355945419, 42.385597532487921 ], [ -6.803492609888039, 42.385696556150144 ], [ -6.820416898910629, 42.386389721785733 ], [ -6.824524736052034, 42.39223211785707 ], [ -6.833561977763125, 42.396094040683892 ], [ -6.842434905988561, 42.40461007563534 ], [ -6.838984322789784, 42.408372974799931 ], [ -6.83126158896394, 42.409858329733325 ], [ -6.829947081078693, 42.410056377057778 ], [ -6.829454140621721, 42.4120368503023 ], [ -6.828468259707783, 42.416294867778028 ], [ -6.822060033767194, 42.42134507455156 ], [ -6.823538855138096, 42.425504068365058 ], [ -6.819595331482347, 42.426494304987315 ], [ -6.815980434797915, 42.42748454160958 ], [ -6.820088271939319, 42.431841582747531 ], [ -6.821074152853257, 42.432930843032018 ], [ -6.822224347252849, 42.451745338854984 ], [ -6.81647337525488, 42.456795545628516 ], [ -6.811379657199538, 42.461152586766467 ], [ -6.809407895371663, 42.469173503406786 ], [ -6.821238466338912, 42.482145603158408 ], [ -6.824196109080724, 42.485413384011871 ], [ -6.824196109080724, 42.486799715283034 ], [ -6.823867482109414, 42.490859685434309 ], [ -6.833561977763125, 42.492840158678831 ], [ -6.837176874447565, 42.494325513612225 ], [ -6.841449025074624, 42.489671401487591 ], [ -6.841777652045941, 42.489374330500915 ], [ -6.853608223013183, 42.487591904580846 ], [ -6.863467032152556, 42.492047969381019 ], [ -6.86691761535134, 42.493533324314413 ], [ -6.880227007689491, 42.499375720385757 ], [ -6.887949741515335, 42.501752288279185 ], [ -6.909146181164985, 42.508089802661658 ], [ -6.914897153162947, 42.507990778999428 ], [ -6.921469692589199, 42.514823411693037 ], [ -6.925906156701913, 42.51927947649321 ], [ -6.934943398413004, 42.519180452830987 ], [ -6.960904929146686, 42.516803884937559 ], [ -6.965998647202028, 42.511258559852891 ], [ -6.96895628994384, 42.504425927159289 ], [ -6.973557067542217, 42.494028442625542 ], [ -6.981279801368061, 42.493929418963319 ], [ -6.991138610507434, 42.497494270803458 ], [ -6.996889582505396, 42.49957376771021 ], [ -7.000997419646801, 42.50571323476823 ], [ -7.004448002845585, 42.50393080884816 ], [ -7.019564843525956, 42.501554240954732 ], [ -7.020715037925548, 42.501158146305826 ], [ -7.028766398722702, 42.497890365452363 ], [ -7.031559727978859, 42.502445453914767 ], [ -7.032709922378451, 42.504326903497066 ], [ -7.045690687745292, 42.507792731674975 ], [ -7.051934600200227, 42.508683944635017 ], [ -7.056042437341631, 42.507891755337205 ], [ -7.059821647511725, 42.506604447728265 ], [ -7.062450663282227, 42.507099566039393 ], [ -7.068037321794534, 42.50690151871494 ], [ -7.073788293792504, 42.506703471390487 ], [ -7.077074563505626, 42.507990778999428 ], [ -7.070994964536347, 42.511258559852891 ], [ -7.060314587968698, 42.528983795391369 ], [ -7.061629095853945, 42.53650959372056 ], [ -7.062943603739193, 42.536806664707235 ], [ -7.069680456651099, 42.538688114289535 ], [ -7.062779290253538, 42.55324459263678 ], [ -7.057028318255568, 42.558789917721441 ], [ -7.055713810370321, 42.566216692388402 ], [ -7.044047552888728, 42.575623940299884 ], [ -7.035338938148954, 42.582654620317939 ], [ -7.034353057235016, 42.587506779767018 ], [ -7.041747164089543, 42.589586276673771 ], [ -7.04273304500348, 42.589784323998224 ], [ -7.04914127094407, 42.59760719331409 ], [ -7.04634794168792, 42.604142755021016 ], [ -7.047826763058822, 42.625531866061863 ], [ -7.0445404933457, 42.63434497199998 ], [ -7.022029545810796, 42.643653196249247 ], [ -7.020879351411203, 42.643554172587017 ], [ -7.00428368935993, 42.642861006951435 ], [ -7.010198974843554, 42.649396568658361 ], [ -7.016771514269799, 42.65127801824066 ], [ -7.020386410954238, 42.652268254862918 ], [ -7.018086022155046, 42.654248728107433 ], [ -7.013813871527987, 42.657813579947586 ], [ -7.016607200784144, 42.664250117992282 ], [ -7.024658561581298, 42.670587632374747 ], [ -7.031395414493204, 42.67573686281051 ], [ -7.035338938148954, 42.685045087059763 ], [ -7.044047552888728, 42.694551358633476 ], [ -7.013156617585359, 42.721980913070126 ], [ -6.990152729593497, 42.726536001532523 ], [ -6.98801665427996, 42.723862362652412 ], [ -6.9837445036529, 42.718614108554434 ], [ -6.972899813599589, 42.724951622936899 ], [ -6.969120603429502, 42.72930866407485 ], [ -6.971092365257377, 42.734754965497288 ], [ -6.971913932685652, 42.737230557052939 ], [ -6.966984528115965, 42.741488574528674 ], [ -6.966491587659, 42.748717301871181 ], [ -6.960247675204066, 42.75396555596916 ], [ -6.954825330177407, 42.753767508644714 ], [ -6.950553179550347, 42.747429994262234 ], [ -6.946938282865908, 42.742181740164256 ], [ -6.937736727669161, 42.740894432555308 ], [ -6.909146181164985, 42.756540171187041 ], [ -6.904216776595298, 42.759510881053828 ], [ -6.900273252939549, 42.764858158814036 ], [ -6.896329729283799, 42.770205436574244 ], [ -6.892221892142395, 42.775849785321142 ], [ -6.879734067232519, 42.781890228716932 ], [ -6.867246242322651, 42.787930672112736 ], [ -6.864452913066494, 42.794070139170756 ], [ -6.865274480494776, 42.796644754388623 ], [ -6.867081928836996, 42.802883245108873 ], [ -6.863467032152556, 42.805061765677848 ], [ -6.856894492726312, 42.809022712166893 ], [ -6.85426547695581, 42.810607090762517 ], [ -6.851636461185308, 42.816746557820537 ], [ -6.851143520728343, 42.81823191275393 ], [ -6.850486266785715, 42.818528983740606 ], [ -6.841449025074624, 42.823579190514138 ], [ -6.843256473416844, 42.828332326300995 ], [ -6.841284711588969, 42.832293272790039 ], [ -6.843092159931189, 42.832788391101175 ], [ -6.845721175701691, 42.832887414763391 ], [ -6.847692937529558, 42.833283509412297 ], [ -6.848185877986531, 42.833382533074527 ], [ -6.851143520728343, 42.837343479563572 ], [ -6.853115282556217, 42.838729810834735 ], [ -6.85426547695581, 42.842195639012658 ], [ -6.859523508496807, 42.848434129732908 ], [ -6.863467032152556, 42.857148212008795 ], [ -6.8711897659784, 42.8737841872628 ], [ -6.863467032152556, 42.875170518533963 ], [ -6.857880373640249, 42.876259778818451 ], [ -6.833726291248787, 42.882003151227565 ], [ -6.83734118793322, 42.878438299387426 ], [ -6.835040799134035, 42.875269542196179 ], [ -6.83306903730616, 42.872595903316082 ], [ -6.822060033767194, 42.868535933164807 ], [ -6.816637688740542, 42.870417382747107 ], [ -6.826332184394253, 42.878834394036332 ], [ -6.828468259707783, 42.890816257165696 ], [ -6.831754529420913, 42.895668416614768 ], [ -6.839148636275439, 42.906461995797414 ], [ -6.824196109080724, 42.91497803074887 ], [ -6.773587555498615, 42.899827410428273 ], [ -6.768165210471956, 42.892895754072441 ], [ -6.769315404871548, 42.890618209841236 ], [ -6.772930301555988, 42.883488506160958 ], [ -6.756663266476025, 42.882993387849822 ], [ -6.747626024764934, 42.894876227316956 ], [ -6.736945648197278, 42.903491285930642 ], [ -6.720678613117315, 42.916364362020033 ], [ -6.714599014148035, 42.915770220046682 ], [ -6.711312744434906, 42.915374125397776 ], [ -6.698003352096755, 42.919533119211266 ], [ -6.689459050842636, 42.922206758091377 ], [ -6.638686183774865, 42.92537551528261 ], [ -6.635728541033053, 42.923989184011447 ], [ -6.627677180235899, 42.920127261184632 ], [ -6.620447386867028, 42.922107734429147 ], [ -6.613710533955121, 42.923989184011447 ], [ -6.610095637270689, 42.920820426820214 ], [ -6.605166232701002, 42.916364362020033 ], [ -6.586434495336192, 42.917849716953427 ], [ -6.580519209852568, 42.918344835264563 ], [ -6.574110983911979, 42.916364362020033 ], [ -6.569017265856637, 42.914680959762194 ], [ -6.542727108151638, 42.912700486517664 ], [ -6.537962017067613, 42.918047764277873 ], [ -6.534675747354484, 42.921711639780241 ], [ -6.519723220159769, 42.925771609931516 ], [ -6.511836172848277, 42.927455012189355 ], [ -6.50970009753474, 42.927851106838261 ], [ -6.500334228852338, 42.924385278660353 ], [ -6.49063973319862, 42.920820426820214 ], [ -6.488667971370745, 42.924088207673677 ], [ -6.485381701657623, 42.929039390784979 ], [ -6.478973475717034, 42.933000337274024 ], [ -6.460734678809196, 42.934881786856323 ], [ -6.449232734813258, 42.936070070803041 ], [ -6.447425286471038, 42.937060307425298 ], [ -6.444960584186198, 42.93765444939865 ], [ -6.441674314473076, 42.939535898980949 ], [ -6.43313001321895, 42.93973394630541 ], [ -6.439373925673884, 42.946665602661227 ], [ -6.441017060530449, 42.948349004919081 ], [ -6.438716671731264, 42.954686519301546 ], [ -6.435430402018135, 42.964390838199705 ], [ -6.458434290010004, 42.966470335106465 ], [ -6.473058190233409, 42.967658619053168 ], [ -6.473222503719064, 42.975877583017947 ], [ -6.477823281317441, 42.982908263035995 ], [ -6.476673086917842, 42.990335037702962 ], [ -6.471415055376845, 42.990731132351868 ], [ -6.46730721823544, 42.988354564458433 ], [ -6.461227619266161, 42.984789712618294 ], [ -6.450711556184167, 42.982908263035995 ], [ -6.437895104302982, 42.990929179676314 ], [ -6.437237850360354, 42.99142429798745 ], [ -6.435759028989452, 42.991127227000774 ], [ -6.422942577108266, 42.989146753756245 ], [ -6.40979749825577, 42.998752048992188 ], [ -6.41012612522708, 43.00994172282374 ], [ -6.410290438712735, 43.015685095232854 ], [ -6.407004168999613, 43.01608118988176 ], [ -6.402567704886899, 43.016774355517342 ], [ -6.394516344089745, 43.017962639464059 ], [ -6.391230074376615, 43.027567934699988 ], [ -6.39320183620449, 43.031429857526803 ], [ -6.396323792431957, 43.037272253598147 ], [ -6.389751253005713, 43.040441010789394 ], [ -6.385807729349963, 43.04063905811384 ], [ -6.374798725810997, 43.041431247411651 ], [ -6.364118349243341, 43.053710181527691 ], [ -6.359024631187999, 43.059552577599035 ], [ -6.347851314163378, 43.050442400674228 ], [ -6.332405846511698, 43.044600004602884 ], [ -6.327969382398976, 43.036777135287025 ], [ -6.325668993599791, 43.03281618879798 ], [ -6.29757138755258, 43.027865005686664 ], [ -6.289355713269771, 43.032123023162399 ], [ -6.284754935671394, 43.03449959105582 ], [ -6.270459662419306, 43.023706011873173 ], [ -6.25977928585165, 43.015487047908394 ], [ -6.244991072142589, 43.01419974029946 ], [ -6.237432651802408, 43.013605598326109 ], [ -6.234803636031906, 43.012615361703837 ], [ -6.227573842663034, 43.00984269916151 ], [ -6.228231096605661, 43.01608118988176 ], [ -6.228395410091316, 43.017962639464059 ], [ -6.228395410091316, 43.018061663126275 ], [ -6.228559723576971, 43.021230420317522 ], [ -6.217550720038005, 43.045293170238466 ], [ -6.209499359240851, 43.044500980940654 ], [ -6.196025653417045, 43.043114649669491 ], [ -6.191753502789979, 43.045788288549602 ], [ -6.186495471248982, 43.049155093065281 ], [ -6.167599420398517, 43.041827342060557 ], [ -6.165627658570642, 43.039054679518216 ], [ -6.16234138885752, 43.034202520069144 ], [ -6.155440222459958, 43.033905449082468 ], [ -6.150346504404617, 43.033707401758008 ], [ -6.143773964978365, 43.028063053011124 ], [ -6.136215544638183, 43.021626514966414 ], [ -6.120441450015186, 43.024300153846525 ], [ -6.115512045445499, 43.027567934699988 ], [ -6.114033224074596, 43.02845914766003 ], [ -6.102202653107348, 43.030538644566775 ], [ -6.097437562023316, 43.031429857526803 ], [ -6.090700709111417, 43.037965419233728 ], [ -6.093494038367567, 43.04677852517186 ], [ -6.094315605795849, 43.049353140389741 ], [ -6.090865022597072, 43.057869175341182 ], [ -6.091193649568382, 43.065791068319285 ], [ -6.08462111014213, 43.069851038470546 ], [ -6.081334840429008, 43.07589148186635 ], [ -6.075255241459729, 43.071732488052845 ], [ -6.06736819414823, 43.066286186630407 ], [ -6.058823892894111, 43.066979352265989 ], [ -6.052251353467859, 43.067375446914895 ], [ -6.030561973361245, 43.058661364638994 ], [ -6.019388656336616, 43.054205299838827 ], [ -6.004271815656246, 43.058067222665642 ], [ -5.996713395316064, 43.058463317314548 ], [ -5.994741633488189, 43.060443790559063 ], [ -5.988333407547593, 43.066880328603773 ], [ -5.974531074752477, 43.064503760710338 ], [ -5.972559312924602, 43.059552577599035 ], [ -5.963522071213511, 43.054205299838827 ], [ -5.963522071213511, 43.048659974754159 ], [ -5.966151086984006, 43.044302933616208 ], [ -5.968780102754508, 43.040341987127164 ], [ -5.959907174529071, 43.028954265971151 ], [ -5.955799337387667, 43.017962639464059 ], [ -5.951527186760607, 43.01608118988176 ], [ -5.948240917047478, 43.014694858610596 ], [ -5.922443699799459, 43.003901279427936 ], [ -5.91455665248796, 42.996474504760982 ], [ -5.9102845018609, 42.992513558271938 ], [ -5.906998232147771, 42.992414534609708 ], [ -5.891717077981745, 42.991919416298572 ], [ -5.889416689182561, 42.982908263035995 ], [ -5.888430808268623, 42.97914536387141 ], [ -5.882351209299344, 42.979640482182532 ], [ -5.864933979819781, 42.98082876612925 ], [ -5.848831258225474, 42.96845080835098 ], [ -5.844394794112759, 42.965084003835301 ], [ -5.83650774680126, 42.965876193133099 ], [ -5.823198354463109, 42.967262524404276 ], [ -5.811860723952826, 42.964489861861935 ], [ -5.803973676641334, 42.962608412279636 ], [ -5.763552559169902, 42.971619565542227 ], [ -5.763716872655557, 42.977065866964651 ], [ -5.764374126598184, 42.987760422485081 ], [ -5.750900420774379, 43.006376870983601 ], [ -5.747121210604284, 43.01608118988176 ], [ -5.746299643176002, 43.017962639464059 ], [ -5.737591028436221, 43.022517727926456 ], [ -5.736605147522283, 43.023012846237592 ], [ -5.736276520550973, 43.024894295819877 ], [ -5.734797699180071, 43.032023999500169 ], [ -5.727896532782509, 43.041530271073881 ], [ -5.688461296225015, 43.056878938718924 ], [ -5.661349571091741, 43.047471690807441 ], [ -5.650504881038437, 43.043708791642857 ], [ -5.643110774183903, 43.037767371909283 ], [ -5.629472754874442, 43.034004472744684 ], [ -5.612219838880534, 43.034895685704726 ], [ -5.603675537626415, 43.035390804015847 ], [ -5.577385379921424, 43.032420094149074 ], [ -5.56999127306689, 43.024003082859849 ], [ -5.568512451695987, 43.022418704264226 ], [ -5.541729353534024, 43.018754828761857 ], [ -5.534992500622117, 43.02212163327755 ], [ -5.52726976679628, 43.025884532442149 ], [ -5.509523910345408, 43.0283601239978 ], [ -5.499007847263407, 43.023606988210943 ], [ -5.49374981572241, 43.021329443979738 ], [ -5.482247871726479, 43.039747845153798 ], [ -5.481919244755161, 43.042520507696139 ], [ -5.480276109898604, 43.052422873918744 ], [ -5.477154153671137, 43.054700418149949 ], [ -5.470252987273575, 43.052422873918744 ], [ -5.465980836646516, 43.050937518985364 ], [ -5.460394178134202, 43.052125802932068 ], [ -5.446263218367768, 43.055096512798855 ], [ -5.418658552777522, 43.050838495323134 ], [ -5.398776621013127, 43.047867785456347 ], [ -5.390396633244656, 43.049254116727511 ], [ -5.385302915189314, 43.075594410879674 ], [ -5.383166839875784, 43.086784084711226 ], [ -5.365749610396229, 43.093814764729274 ], [ -5.345374738174854, 43.093220622755922 ], [ -5.34093827406214, 43.088467486969066 ], [ -5.339295139205575, 43.086784084711226 ], [ -5.338309258291638, 43.083318256533303 ], [ -5.324671238982177, 43.07995145201761 ], [ -5.309883025273116, 43.083318256533303 ], [ -5.284250121510745, 43.078466097084231 ], [ -5.277184641627528, 43.082129972586586 ], [ -5.267983086430782, 43.086784084711226 ], [ -5.266011324602907, 43.087378226684578 ], [ -5.247772527695069, 43.088665534293511 ], [ -5.24021410735488, 43.086982132035672 ], [ -5.239392539926605, 43.086784084711226 ], [ -5.235777643242166, 43.085892871751184 ], [ -5.218031786791293, 43.084308493155561 ], [ -5.210966306908077, 43.086784084711226 ], [ -5.208994545080202, 43.089358699929107 ], [ -5.206858469766672, 43.09242843345811 ], [ -5.204722394453142, 43.091042102186947 ], [ -5.20390082702486, 43.090546983875811 ], [ -5.201271811254365, 43.090150889226905 ], [ -5.194042017885486, 43.095102072338221 ], [ -5.187633791944897, 43.099459113476172 ], [ -5.178596550233806, 43.100944468409566 ], [ -5.168902054580087, 43.102528847005175 ], [ -5.164794217438683, 43.106192722507544 ], [ -5.160850693782933, 43.109856598009912 ], [ -5.14852718235872, 43.114015591823403 ], [ -5.145240912645598, 43.110252692658818 ], [ -5.138504059733691, 43.102627870667405 ], [ -5.105312735631138, 43.102132752356269 ], [ -5.096768434377012, 43.107281982792031 ], [ -5.098740196204886, 43.116293136054608 ], [ -5.092167656778642, 43.130255472428502 ], [ -5.092331970264297, 43.13372130060641 ], [ -5.092660597235607, 43.143524643166799 ], [ -5.082801788096234, 43.156199671931745 ], [ -5.079022577926146, 43.161150855043047 ], [ -5.075900621698679, 43.167884464074433 ], [ -5.076229248669989, 43.171845410563478 ], [ -5.076557875641299, 43.177588782972592 ], [ -5.069328082272428, 43.176301475363658 ], [ -5.060948094503964, 43.174717096768035 ], [ -5.056183003419932, 43.179074137905985 ], [ -5.053718301135085, 43.181450705799406 ], [ -5.040901849253906, 43.184124344679518 ], [ -5.021512857946469, 43.18303508439503 ], [ -5.003931314981259, 43.176103428039198 ], [ -5.002781120581666, 43.175014167754711 ], [ -4.997687402526324, 43.170261031967854 ], [ -4.996701521612387, 43.17669757001255 ], [ -4.995387013727132, 43.185807746937357 ], [ -4.981256053960699, 43.199076917675669 ], [ -4.974683514534455, 43.20145348556909 ], [ -4.970739990878705, 43.202938840502483 ], [ -4.969918423450423, 43.203929077124741 ], [ -4.963838824481144, 43.211355851791708 ], [ -4.95365138837046, 43.214326561658496 ], [ -4.942642384831494, 43.224724046192236 ], [ -4.926868290208496, 43.226407448450075 ], [ -4.920953004724872, 43.227001590423441 ], [ -4.91438046529862, 43.232943010157001 ], [ -4.908958120271969, 43.237894193268318 ], [ -4.893512652620288, 43.237597122281628 ], [ -4.870344451142763, 43.227001590423441 ], [ -4.861471522917327, 43.217891413498634 ], [ -4.860649955489045, 43.211751946440614 ], [ -4.859828388060762, 43.205513455720364 ], [ -4.849805265435734, 43.194026710902136 ], [ -4.849312324978769, 43.193828663577676 ], [ -4.840768023724642, 43.190065764413092 ], [ -4.841096650695953, 43.180757540163825 ], [ -4.850791146349671, 43.173231741834641 ], [ -4.844382920409082, 43.169567866332272 ], [ -4.840275083267677, 43.167092274776621 ], [ -4.835509992183646, 43.156892837567327 ], [ -4.838631948411113, 43.148277778953656 ], [ -4.840275083267677, 43.147089495006938 ], [ -4.843397039495144, 43.144910974437963 ], [ -4.843397039495144, 43.134216418917546 ], [ -4.843397039495144, 43.133523253281965 ], [ -4.843561352980799, 43.133325205957505 ], [ -4.850298205892706, 43.126096478614997 ], [ -4.84421860692342, 43.121442366490371 ], [ -4.837153127040203, 43.115698994081257 ], [ -4.836002932640611, 43.110549763645494 ], [ -4.835674305669301, 43.109064408712101 ], [ -4.833209603384461, 43.102627870667405 ], [ -4.828444512300429, 43.100845444747335 ], [ -4.821214718931557, 43.098270829529454 ], [ -4.819242957103683, 43.096290356284925 ], [ -4.81628531436187, 43.093121599093692 ], [ -4.796732009568778, 43.086883108373442 ], [ -4.796403382597468, 43.086784084711226 ], [ -4.792788485913029, 43.085595800764509 ], [ -4.766826955179347, 43.074703197919632 ], [ -4.76584107426541, 43.063909618736986 ], [ -4.76518382032279, 43.056086749421112 ], [ -4.756310892097353, 43.055690654772206 ], [ -4.74398738067314, 43.055195536461085 ], [ -4.734621511990731, 43.047075596158535 ], [ -4.739057976103453, 43.036480064300335 ], [ -4.74250855930223, 43.02816207667334 ], [ -4.737907781703854, 43.020933349330832 ] ], [ [ -4.319401333737495, 40.647633236756931 ], [ -4.28686726357757, 40.652683443530464 ], [ -4.256633582216828, 40.652089301557105 ], [ -4.254661820388954, 40.661892644117493 ], [ -4.274050811696384, 40.677043264438097 ], [ -4.288181771462817, 40.680608116278236 ], [ -4.314636242653464, 40.667239921877709 ], [ -4.32318054390759, 40.65733755565509 ], [ -4.319401333737495, 40.647633236756931 ] ] ], [ [ [ -2.832364288548817, 42.792584784237363 ], [ -2.826120376093883, 42.785455080557071 ], [ -2.810839221927857, 42.791297476628415 ], [ -2.786685139536395, 42.792386736912903 ], [ -2.779126719196206, 42.792683807899579 ], [ -2.746428335550618, 42.792584784237363 ], [ -2.740348736581339, 42.793079902548484 ], [ -2.73180443532722, 42.793773068184066 ], [ -2.725067582415313, 42.790703334655063 ], [ -2.710772309163225, 42.784068749285908 ], [ -2.701735067452134, 42.783870701961462 ], [ -2.700913500023852, 42.783870701961462 ], [ -2.699927619109914, 42.783375583650326 ], [ -2.69154763134145, 42.779117566174605 ], [ -2.685632345857826, 42.779216589836835 ], [ -2.679881373859857, 42.779315613499051 ], [ -2.673308834433612, 42.775651737996682 ], [ -2.669200997292201, 42.773374193765491 ], [ -2.664107279236859, 42.772978099116585 ], [ -2.655398664497085, 42.772482980805449 ], [ -2.648661811585178, 42.768522034316405 ], [ -2.643403780044181, 42.765452300787402 ], [ -2.625986550564619, 42.767630821356377 ], [ -2.602325408630129, 42.77060153122315 ], [ -2.601832468173157, 42.766640584734105 ], [ -2.601668154687502, 42.765749371774078 ], [ -2.597396004060442, 42.762184519933939 ], [ -2.592630912976411, 42.75842162076934 ], [ -2.592137972519446, 42.757134313160407 ], [ -2.589673270234599, 42.750994846102373 ], [ -2.575870937439475, 42.754757745266971 ], [ -2.571270159841106, 42.757629431471528 ], [ -2.563547426015262, 42.762580614582831 ], [ -2.559110961902547, 42.761986472609479 ], [ -2.55878233493123, 42.756738218511501 ], [ -2.563547426015262, 42.747033899613328 ], [ -2.563547426015262, 42.739310053959699 ], [ -2.573570548640291, 42.724456504625778 ], [ -2.589344643263289, 42.711880499523048 ], [ -2.597396004060442, 42.713464878118671 ], [ -2.600353646802255, 42.713959996429807 ], [ -2.607419126685471, 42.706434198100609 ], [ -2.608240694113753, 42.696729879202451 ], [ -2.59838188497438, 42.691679672428918 ], [ -2.593781107376003, 42.689402128197713 ], [ -2.5817862229231, 42.677519288730579 ], [ -2.579814461095225, 42.67563783914828 ], [ -2.576363877896448, 42.668508135468002 ], [ -2.549252152763174, 42.669300324765814 ], [ -2.542843926822577, 42.678608549015067 ], [ -2.537092954824615, 42.686926536642062 ], [ -2.523126308543837, 42.683856803113059 ], [ -2.522961995058182, 42.665636449263445 ], [ -2.518032590488495, 42.655040917405245 ], [ -2.517703963517178, 42.647515119076061 ], [ -2.538243149224208, 42.63870201313793 ], [ -2.549580779734484, 42.638602989475714 ], [ -2.549252152763174, 42.642365888640299 ], [ -2.548923525791857, 42.645534645831546 ], [ -2.554017243847206, 42.649297544996131 ], [ -2.559932529330823, 42.647119024427155 ], [ -2.565190560871827, 42.645237574844856 ], [ -2.572748981212008, 42.647614142738291 ], [ -2.584250925207947, 42.6510799709162 ], [ -2.602489722115784, 42.648604379360549 ], [ -2.612512844740813, 42.647218048089385 ], [ -2.618756757195747, 42.648604379360549 ], [ -2.638145748503177, 42.649693639645037 ], [ -2.650962200384363, 42.660883313476589 ], [ -2.651783767812645, 42.663061834045564 ], [ -2.654248470097492, 42.669399348428044 ], [ -2.658520620724552, 42.671874939983695 ], [ -2.663285711808584, 42.669102277441354 ], [ -2.666736295007361, 42.667121804196839 ], [ -2.67495196929017, 42.668904230116908 ], [ -2.701242126995162, 42.674449555201576 ], [ -2.71340132493372, 42.669894466739166 ], [ -2.71455151933332, 42.667913993494651 ], [ -2.71734484858947, 42.662665739396658 ], [ -2.737719720810844, 42.663061834045564 ], [ -2.740677363552656, 42.664151094330052 ], [ -2.746428335550618, 42.665042307290094 ], [ -2.748893037835465, 42.665933520250121 ], [ -2.75332950194818, 42.665339378276769 ], [ -2.757601652575246, 42.665933520250121 ], [ -2.760559295317059, 42.665636449263445 ], [ -2.767953402171585, 42.666032543912351 ], [ -2.772882806741272, 42.670389585050302 ], [ -2.771239671884707, 42.677024170419458 ], [ -2.7723898662843, 42.678707572677297 ], [ -2.784220437251548, 42.697819139486938 ], [ -2.786685139536395, 42.698017186811398 ], [ -2.79112160364911, 42.698215234135844 ], [ -2.796708262161424, 42.69851230512252 ], [ -2.807881579186045, 42.704453724856094 ], [ -2.812153729813105, 42.7067312690873 ], [ -2.815932939983199, 42.707424434722881 ], [ -2.824312927751663, 42.709008813318491 ], [ -2.826120376093883, 42.712276594171954 ], [ -2.829735272778322, 42.718614108554434 ], [ -2.838443887518096, 42.721485794758991 ], [ -2.842387411173846, 42.722872126030154 ], [ -2.852903474255847, 42.726635025194753 ], [ -2.853889355169784, 42.728615498439268 ], [ -2.852574847284529, 42.72950671139931 ], [ -2.849124264085752, 42.731685231968285 ], [ -2.854710922598059, 42.736141296768452 ], [ -2.868841882364499, 42.74010224325751 ], [ -2.861940715966938, 42.745845615666624 ], [ -2.854546609112404, 42.74772706524891 ], [ -2.852739160770184, 42.759114786404922 ], [ -2.852739160770184, 42.764957182476266 ], [ -2.852574847284529, 42.769512270938662 ], [ -2.847152502257877, 42.776344903632264 ], [ -2.84468779997303, 42.777236116592306 ], [ -2.840744276317281, 42.778523424201239 ], [ -2.838115260546786, 42.787138482814925 ], [ -2.835486244776284, 42.796248659739732 ], [ -2.832364288548817, 42.792584784237363 ] ] ], [ [ [ -2.934895903598289, 42.59443843612285 ], [ -2.936210411483543, 42.594141365136174 ], [ -2.941304129538885, 42.596517933029602 ], [ -2.94327589136676, 42.600181808531964 ], [ -2.945247653194635, 42.603845684034333 ], [ -2.937031978911826, 42.611272458701293 ], [ -2.934731590112634, 42.613153908283593 ], [ -2.929802185542947, 42.611173435039063 ], [ -2.929637872057292, 42.608301748834513 ], [ -2.929637872057292, 42.606222251927761 ], [ -2.923065332631047, 42.601073021492006 ], [ -2.922572392174075, 42.600775950505323 ], [ -2.927666110229417, 42.596121838380697 ], [ -2.932595514799104, 42.594933554433979 ], [ -2.934895903598289, 42.59443843612285 ] ] ], [ [ [ -2.994377385405841, 42.603845684034333 ], [ -2.999471103461183, 42.600874974167553 ], [ -2.997827968604618, 42.604538849669915 ], [ -2.993720131463213, 42.614639263216986 ], [ -2.985175830209094, 42.61414414490585 ], [ -2.982875441409902, 42.610777340390165 ], [ -2.994377385405841, 42.603845684034333 ] ] ], [ [ [ -3.910096440967884, 42.891806493787954 ], [ -3.905002722912542, 42.886162145041055 ], [ -3.908617619596974, 42.885468979405474 ], [ -3.915190159023226, 42.889033831245612 ], [ -3.919133682678975, 42.887053358001097 ], [ -3.923405833306035, 42.889231878570072 ], [ -3.91929799616463, 42.891509422801278 ], [ -3.915683099480191, 42.889231878570072 ], [ -3.910096440967884, 42.891806493787954 ] ] ], [ [ [ -4.095934993245052, 42.795951588753042 ], [ -4.101521651757366, 42.793773068184066 ], [ -4.106779683298363, 42.79971448791764 ], [ -4.109408699068865, 42.803081292433333 ], [ -4.105793802384426, 42.808428570193541 ], [ -4.109408699068865, 42.813280729642628 ], [ -4.10990163952583, 42.81367682429152 ], [ -4.113187909238952, 42.816251439509401 ], [ -4.112202028325015, 42.818429960078376 ], [ -4.112530655296332, 42.822291882905205 ], [ -4.10924438558321, 42.825064545447532 ], [ -4.107272623755335, 42.827738184327643 ], [ -4.103000473128269, 42.825460640096438 ], [ -4.095934993245052, 42.823084072203002 ], [ -4.091827156103648, 42.821004575296257 ], [ -4.088869513361836, 42.818528983740606 ], [ -4.088869513361836, 42.813181705980398 ], [ -4.089362453818808, 42.809121735829123 ], [ -4.087719318962243, 42.805556883988984 ], [ -4.088869513361836, 42.803081292433333 ], [ -4.089526767304463, 42.800308629890992 ], [ -4.091498529132338, 42.798031085659801 ], [ -4.093634604445867, 42.797040849037529 ], [ -4.095934993245052, 42.795951588753042 ] ] ] ] } },
{ "type": "Feature", "properties": { "index": 1476, "nuts_2_code": "ES53", "nuts_2_name": "Illes Balears" }, "geometry": { "type": "MultiPolygon", "coordinates": [ [ [ [ 4.093942072317304, 40.061809251027086 ], [ 4.103472254485354, 40.046460583382036 ], [ 4.107251464655448, 40.047054725355387 ], [ 4.111359301796853, 40.053194192413407 ], [ 4.112180869225142, 40.054382476360125 ], [ 4.122532618821481, 40.055669783969066 ], [ 4.127297709905505, 40.06141315637818 ], [ 4.131898487503889, 40.061314132715957 ], [ 4.12614751550592, 40.04725277267984 ], [ 4.121382424421881, 40.035865051523835 ], [ 4.126969082934195, 40.027051945585711 ], [ 4.139949848301043, 40.036558217159417 ], [ 4.141592983157594, 40.048342032964328 ], [ 4.139621221329719, 40.054877594671254 ], [ 4.137485146016189, 40.063195582298249 ], [ 4.138799653901444, 40.066760434138395 ], [ 4.154409435038787, 40.067156528787294 ], [ 4.16886902177653, 40.060819014404821 ], [ 4.164761184635125, 40.053689310724543 ], [ 4.16426824417816, 40.05032250620885 ], [ 4.162460795835941, 40.036558217159417 ], [ 4.170347843147439, 40.034478720252672 ], [ 4.16985490269046, 40.027349016572387 ], [ 4.181356846686398, 40.023090999096667 ], [ 4.183821548971238, 40.025863661638994 ], [ 4.189079580512242, 40.032003128697013 ], [ 4.193680358110612, 40.031607034048115 ], [ 4.194666239024556, 40.024774401354506 ], [ 4.200745837993836, 40.018436886972033 ], [ 4.200581524508181, 40.015367153443023 ], [ 4.199759957079891, 40.002296030029171 ], [ 4.206168183020495, 39.993383900428825 ], [ 4.203539167249986, 40.004177479611471 ], [ 4.207482690905735, 40.008435497087198 ], [ 4.222106591129148, 39.998929225513486 ], [ 4.235251669981636, 39.999523367486844 ], [ 4.247739494891505, 40.000117509460196 ], [ 4.262034768143593, 39.99684972860674 ], [ 4.257926931002189, 39.990809285210943 ], [ 4.261213200715318, 39.979916682366067 ], [ 4.260884573744008, 39.978134256445998 ], [ 4.258255557973513, 39.96466703838324 ], [ 4.277151608823971, 39.947337897493668 ], [ 4.276987295338316, 39.933177513795329 ], [ 4.28816061236293, 39.912877663038969 ], [ 4.305084901385527, 39.895548522149397 ], [ 4.306070782299457, 39.89445926186491 ], [ 4.312971948697026, 39.88208130408664 ], [ 4.32020174206589, 39.876734026326432 ], [ 4.310507246412186, 39.873862340121867 ], [ 4.309192738526932, 39.873466245472969 ], [ 4.309028425041276, 39.879605712530989 ], [ 4.302455885615032, 39.880001807179895 ], [ 4.298512361959283, 39.882873493384452 ], [ 4.289968060705149, 39.889211007766924 ], [ 4.28076650550841, 39.890399291713635 ], [ 4.274522593053476, 39.891191481011447 ], [ 4.274851220024786, 39.88831979480689 ], [ 4.275015533510441, 39.887725652833531 ], [ 4.275344160481751, 39.884358848317838 ], [ 4.27830180322357, 39.885547132264556 ], [ 4.2792876841375, 39.885844203251231 ], [ 4.292925703446969, 39.881487162113281 ], [ 4.293418643903934, 39.880992043802152 ], [ 4.305906468813802, 39.866831660103813 ], [ 4.306892349727747, 39.857721483179013 ], [ 4.307056663213402, 39.856632222894525 ], [ 4.307713917156022, 39.849403495552011 ], [ 4.302127258643708, 39.842471839196186 ], [ 4.300977064244123, 39.841184531587245 ], [ 4.299991183330178, 39.840194294964981 ], [ 4.299991183330178, 39.839897223978305 ], [ 4.302127258643708, 39.833559709595832 ], [ 4.294240211332209, 39.821973941115374 ], [ 4.287010417963344, 39.815339355746225 ], [ 4.272879458196911, 39.809298912350428 ], [ 4.253654780375129, 39.813953024475055 ], [ 4.247082240948885, 39.815537403070671 ], [ 4.24511047912101, 39.816032521381807 ], [ 4.236894804838201, 39.815339355746225 ], [ 4.220134829301273, 39.826529029577777 ], [ 4.212412095475429, 39.82841047916007 ], [ 4.20731837742008, 39.826430005915547 ], [ 4.202553286336055, 39.833658733258055 ], [ 4.195159179481522, 39.832965567622473 ], [ 4.156381196866661, 39.855146867961132 ], [ 4.098378536430019, 39.878813523233177 ], [ 4.086547965462771, 39.885844203251231 ], [ 4.082604441807021, 39.889904173402506 ], [ 4.075867588895122, 39.897033877082791 ], [ 4.054999776216775, 39.907332337954308 ], [ 4.039061368108122, 39.914462041634586 ], [ 4.021972765599884, 39.921294674328195 ], [ 4.014085718288385, 39.920898579679289 ], [ 4.011128075546566, 39.920700532354836 ], [ 3.994532413495293, 39.925750739128368 ], [ 3.994532413495293, 39.925849762790591 ], [ 3.988288501040358, 39.931098016888576 ], [ 3.982208902071079, 39.929315590968507 ], [ 3.962984224249297, 39.932484348159747 ], [ 3.957233252251328, 39.938623815217767 ], [ 3.947374443111968, 39.934068726755363 ], [ 3.93718700700127, 39.936445294648792 ], [ 3.931928975460281, 39.932385324497517 ], [ 3.914840372952028, 39.92961266195519 ], [ 3.912375670667188, 39.927137070399532 ], [ 3.910403908839314, 39.925255620817239 ], [ 3.898573337872065, 39.922780029261581 ], [ 3.896601576044191, 39.924463431519428 ], [ 3.893643933302386, 39.927137070399532 ], [ 3.887564334333106, 39.923572218559393 ], [ 3.887235707361796, 39.92337417123494 ], [ 3.875569449880203, 39.922185887288229 ], [ 3.85535889114449, 39.921789792639323 ], [ 3.843692633662897, 39.924958549830556 ], [ 3.826275404183335, 39.92337417123494 ], [ 3.82331776144153, 39.924265384194975 ], [ 3.821017372642345, 39.929216567306284 ], [ 3.82298913447022, 39.938029673244408 ], [ 3.826275404183335, 39.953378340889458 ], [ 3.833340884066558, 39.961498281192007 ], [ 3.830218927839084, 39.97090552910349 ], [ 3.833012257095248, 39.978629374757126 ], [ 3.828575792982519, 39.993383900428825 ], [ 3.826275404183335, 39.994968279024441 ], [ 3.82430364235546, 39.996255586633382 ], [ 3.809844055617717, 39.997641917904545 ], [ 3.797849171164813, 39.998731178189033 ], [ 3.792426826138154, 40.01388179850963 ], [ 3.791605258709879, 40.016258366403058 ], [ 3.792591139623809, 40.018832981620939 ], [ 3.792755453109464, 40.019328099932068 ], [ 3.795055841908663, 40.020417360216555 ], [ 3.809844055617717, 40.027745111221293 ], [ 3.808858174703772, 40.029725584465815 ], [ 3.807215039847222, 40.032498247008149 ], [ 3.813787579273466, 40.035766027861612 ], [ 3.822331880527585, 40.050124458884397 ], [ 3.826275404183335, 40.052302979453373 ], [ 3.836462840294018, 40.051213719168885 ], [ 3.842213812291988, 40.05210493212892 ], [ 3.844514201091172, 40.052402003115603 ], [ 3.867189462111739, 40.055867831293519 ], [ 3.876719644279788, 40.05349126340009 ], [ 3.885428259019577, 40.057947328200264 ], [ 3.89775177044379, 40.058838541160299 ], [ 3.903995682898724, 40.054184429035672 ], [ 3.909746654896693, 40.049827387897722 ], [ 3.919441150550412, 40.047054725355387 ], [ 3.922070166320907, 40.049431293248816 ], [ 3.921577225863942, 40.054679547346801 ], [ 3.921412912378287, 40.056362949604647 ], [ 3.934229364259465, 40.061710227364856 ], [ 3.94326660597055, 40.057353186226912 ], [ 3.960026581507492, 40.060323896093692 ], [ 3.967256374876357, 40.055966854955741 ], [ 3.970049704132521, 40.054283452697895 ], [ 3.984180663898954, 40.052302979453373 ], [ 3.992396338181763, 40.056660020591323 ], [ 3.995518294409237, 40.0584424465114 ], [ 4.008499059776071, 40.059135612146981 ], [ 4.01244258343182, 40.057254162564682 ], [ 4.015564539659294, 40.055768807631289 ], [ 4.018522182401099, 40.057452209889135 ], [ 4.030517066854003, 40.064383866244967 ], [ 4.041526070392962, 40.058145375524717 ], [ 4.050070371647095, 40.053293216075637 ], [ 4.058121732444249, 40.057749280875811 ], [ 4.071924065239372, 40.059135612146981 ], [ 4.088191100319335, 40.077058895009912 ], [ 4.08835541380499, 40.077256942334365 ], [ 4.086712278948426, 40.086565166583618 ], [ 4.092134623975085, 40.087654426868106 ], [ 4.095585207173855, 40.082406172770121 ], [ 4.094435012774269, 40.068641883720687 ], [ 4.093942072317304, 40.061809251027086 ] ] ], [ [ [ 4.295719032703119, 39.800584830074527 ], [ 4.291118255104749, 39.798604356830005 ], [ 4.2860245370494, 39.801674090359015 ], [ 4.292761389961314, 39.803258468954631 ], [ 4.295719032703119, 39.800584830074527 ] ] ], [ [ [ 4.28208101339365, 39.958428547662997 ], [ 4.276822981852661, 39.956151003431792 ], [ 4.273701025625186, 39.962983636125394 ], [ 4.272879458196911, 39.964468991058787 ], [ 4.277315922309626, 39.966350440641087 ], [ 4.28257395385063, 39.95862659498745 ], [ 4.28208101339365, 39.958428547662997 ] ] ], [ [ [ 4.213069349418049, 40.020021265567657 ], [ 4.209947393190575, 40.017347626687545 ], [ 4.20551092907786, 40.020021265567657 ], [ 4.2091258257623, 40.022694904447761 ], [ 4.213069349418049, 40.020021265567657 ] ] ], [ [ [ 4.078167977694307, 40.091120255046022 ], [ 4.074881707981177, 40.090130018423764 ], [ 4.070938184325428, 40.092407562654962 ], [ 4.075703275409467, 40.095477296183972 ], [ 4.078167977694307, 40.091120255046022 ] ] ], [ [ [ 3.177072822355655, 39.953477364551688 ], [ 3.180852032525749, 39.952487127929423 ], [ 3.181344972982728, 39.952586151591653 ], [ 3.184795556181498, 39.953378340889458 ], [ 3.212728848743055, 39.960012926258614 ], [ 3.211414340857814, 39.954665648498398 ], [ 3.202048472175406, 39.944763282275787 ], [ 3.184795556181498, 39.939812099164477 ], [ 3.182002226925349, 39.939019909866673 ], [ 3.157026577105597, 39.924958549830556 ], [ 3.145853260080983, 39.921591745314871 ], [ 3.144867379167039, 39.922482958274905 ], [ 3.140595228539979, 39.926344881101727 ], [ 3.13270818122848, 39.926146833777274 ], [ 3.126628582259201, 39.917432751501373 ], [ 3.118412907976392, 39.913669852336781 ], [ 3.111183114607528, 39.910402071483318 ], [ 3.109539979750963, 39.904064557100845 ], [ 3.100667051525519, 39.907827456265437 ], [ 3.098366662726335, 39.908817692887695 ], [ 3.085550210845156, 39.908124527252113 ], [ 3.079963552332842, 39.900697752585153 ], [ 3.078649044447587, 39.891983670309251 ], [ 3.086700405244741, 39.870891630255088 ], [ 3.098366662726335, 39.860890240370246 ], [ 3.108061158380053, 39.858513672476818 ], [ 3.128271717115766, 39.866930683766043 ], [ 3.130407792429295, 39.867821896726078 ], [ 3.13205092728586, 39.867722873063848 ], [ 3.145688946595328, 39.866534589117137 ], [ 3.160805787275692, 39.873466245472969 ], [ 3.184795556181498, 39.884457871980068 ], [ 3.193832797892597, 39.892775859607063 ], [ 3.203198666574991, 39.888913936780241 ], [ 3.189067706808558, 39.881091067464382 ], [ 3.185124183152809, 39.87099065391731 ], [ 3.184959869667153, 39.870792606592858 ], [ 3.184959869667153, 39.870693582930635 ], [ 3.188081825894628, 39.862870713614768 ], [ 3.196133186691782, 39.862078524316956 ], [ 3.193997111378252, 39.856632222894525 ], [ 3.184795556181498, 39.847323998645265 ], [ 3.179537524640509, 39.84197672088505 ], [ 3.171814790814665, 39.837916750733783 ], [ 3.145031692652694, 39.83454994621809 ], [ 3.144867379167039, 39.83464896988032 ], [ 3.135501510484644, 39.840590389613887 ], [ 3.12745014968749, 39.839501129329399 ], [ 3.119727415861647, 39.830688023391275 ], [ 3.116769773119827, 39.815636426732901 ], [ 3.125314074373961, 39.793950244705378 ], [ 3.144867379167039, 39.773848441273472 ], [ 3.177894389783944, 39.756123205734987 ], [ 3.184795556181498, 39.75325151953043 ], [ 3.236554304163207, 39.732159479476266 ], [ 3.252164085300549, 39.729881935245061 ], [ 3.259886819126393, 39.73473409469414 ], [ 3.267773866437892, 39.734338000045241 ], [ 3.28486246894613, 39.740477467103261 ], [ 3.305730281624477, 39.753053472205977 ], [ 3.308359297394972, 39.75453882713937 ], [ 3.313453015450307, 39.755826134748311 ], [ 3.32725534824543, 39.759093915601774 ], [ 3.334978082071274, 39.768798234499933 ], [ 3.334649455099964, 39.770580660420009 ], [ 3.333499260700364, 39.776225009166893 ], [ 3.335471022528239, 39.783354712847178 ], [ 3.345165518181958, 39.78840491962071 ], [ 3.369319600573419, 39.775234772544636 ], [ 3.370798421944329, 39.773947464935695 ], [ 3.378028215313208, 39.766718737593187 ], [ 3.394130936907516, 39.764441193361982 ], [ 3.40349680558991, 39.763153885753049 ], [ 3.409412091073534, 39.758202702641739 ], [ 3.417299138385033, 39.751667140934813 ], [ 3.420749721583817, 39.751667140934813 ], [ 3.427157947524407, 39.750775927974779 ], [ 3.43422342740763, 39.744735484578982 ], [ 3.44342498260437, 39.744438413592306 ], [ 3.456734374942528, 39.743943295281177 ], [ 3.460842212083932, 39.739289183156544 ], [ 3.454598299628998, 39.731169242854001 ], [ 3.452626537801123, 39.72859462763612 ], [ 3.453612418715053, 39.722257113253647 ], [ 3.462156719969187, 39.720870781982484 ], [ 3.475794739278641, 39.718692261413509 ], [ 3.475630425792986, 39.712156699706583 ], [ 3.465114362710992, 39.71017622646206 ], [ 3.462649660426152, 39.709780131813154 ], [ 3.457063001913838, 39.704927972364075 ], [ 3.454598299628998, 39.690074423030154 ], [ 3.456405747971218, 39.687994926123402 ], [ 3.456734374942528, 39.687697855136726 ], [ 3.453612418715053, 39.675418921020686 ], [ 3.455912807514238, 39.671656021856094 ], [ 3.455584180542928, 39.657594661819978 ], [ 3.452626537801123, 39.655119070264327 ], [ 3.44375360957568, 39.655416141251003 ], [ 3.440795966833875, 39.655515164913233 ], [ 3.43915283197731, 39.647692295597366 ], [ 3.43635950272116, 39.634423124859062 ], [ 3.428143828438351, 39.632541675276769 ], [ 3.418449332784633, 39.634918243170191 ], [ 3.409412091073534, 39.637195787401396 ], [ 3.40349680558991, 39.635314337819096 ], [ 3.393145055993571, 39.619767622849594 ], [ 3.391994861593986, 39.616697889320584 ], [ 3.385586635653382, 39.600061914066593 ], [ 3.387229770509947, 39.588179074599452 ], [ 3.390023099766111, 39.587188837977195 ], [ 3.40168935724769, 39.582732773177021 ], [ 3.40283955164729, 39.579861086972457 ], [ 3.396924266163666, 39.576197211470095 ], [ 3.387065457024292, 39.575702093158959 ], [ 3.378028215313208, 39.575206974847831 ], [ 3.373263124229169, 39.566988010883058 ], [ 3.373591751200479, 39.565205584962989 ], [ 3.373756064686148, 39.564017301016278 ], [ 3.374577632114423, 39.559660259878328 ], [ 3.3675121522312, 39.551441295913556 ], [ 3.352559625036491, 39.545301828855536 ], [ 3.343193756354083, 39.541439906028714 ], [ 3.337278470870459, 39.537776030526352 ], [ 3.336621216927838, 39.533418989388402 ], [ 3.32594084036019, 39.527081475005929 ], [ 3.301129504026093, 39.503810914382782 ], [ 3.294721278085504, 39.49262124055123 ], [ 3.278454243005541, 39.454200059607487 ], [ 3.276975421634631, 39.439148462949113 ], [ 3.276975421634631, 39.438851391962437 ], [ 3.275167973292412, 39.425186126575227 ], [ 3.274017778892826, 39.416472044299326 ], [ 3.270731509179697, 39.415085713028162 ], [ 3.268102493409202, 39.42043299078837 ], [ 3.266130731581327, 39.424294913615192 ], [ 3.262187207925578, 39.424591984601875 ], [ 3.259886819126393, 39.416571067961556 ], [ 3.264651910210418, 39.415580831339291 ], [ 3.266952299009603, 39.415184736690385 ], [ 3.255286041528009, 39.400925329329823 ], [ 3.245591545874305, 39.3792391473023 ], [ 3.239347633419356, 39.376961603071095 ], [ 3.239347633419356, 39.372208467284246 ], [ 3.232939407478767, 39.369237757417459 ], [ 3.233925288392712, 39.364880716279508 ], [ 3.228502943366053, 39.358840272883711 ], [ 3.217165312855769, 39.358444178234812 ], [ 3.216015118456184, 39.359335391194847 ], [ 3.213386102685689, 39.361315864439369 ], [ 3.212728848743055, 39.357255894288095 ], [ 3.212400221771745, 39.354483231745768 ], [ 3.206649249773776, 39.35329494779905 ], [ 3.191368095607757, 39.350027166945587 ], [ 3.188739079837248, 39.341610155656369 ], [ 3.186931631495028, 39.336163854233931 ], [ 3.184795556181498, 39.334975570287213 ], [ 3.170664596415065, 39.326756606322448 ], [ 3.159819906361761, 39.326360511673542 ], [ 3.142074049910889, 39.325766369700183 ], [ 3.138130526255139, 39.318240571371 ], [ 3.137801899283829, 39.317448382073188 ], [ 3.13303680819979, 39.316260098126477 ], [ 3.118084281005082, 39.312497198961879 ], [ 3.111676055064493, 39.306357731903859 ], [ 3.104610575181269, 39.299525099210257 ], [ 3.072733758963963, 39.26892678758238 ], [ 3.062217695881969, 39.265163888417788 ], [ 3.050715751886031, 39.265460959404464 ], [ 3.043814585488477, 39.272689686746972 ], [ 3.042171450631912, 39.278730130142769 ], [ 3.029190685265078, 39.284473502551883 ], [ 3.029354998750733, 39.289523709325415 ], [ 3.029354998750733, 39.289721756649868 ], [ 3.029190685265078, 39.289721756649868 ], [ 3.024425594181039, 39.288731520027611 ], [ 3.01883893566874, 39.294970010747853 ], [ 3.01883893566874, 39.296851460330153 ], [ 3.01883893566874, 39.299525099210257 ], [ 3.01883893566874, 39.303783116685977 ], [ 3.012266396242481, 39.310813796704039 ], [ 3.001750333160487, 39.317151311086512 ], [ 2.999942884818267, 39.316260098126477 ], [ 2.995013480248588, 39.313982553895272 ], [ 2.986962119451434, 39.3163591217887 ], [ 2.98449741716658, 39.323092730820079 ], [ 2.988276627336674, 39.32556832237573 ], [ 2.988605254307984, 39.327944890269158 ], [ 2.989755448707584, 39.33784725649177 ], [ 2.97529586196984, 39.351908616527886 ], [ 2.957878632490278, 39.362108053737174 ], [ 2.951634720035344, 39.360622698803788 ], [ 2.930766907357011, 39.364088526981703 ], [ 2.916964574561888, 39.359830509505976 ], [ 2.916635947590578, 39.359632462181523 ], [ 2.914828499248358, 39.356859799639189 ], [ 2.911870856506539, 39.352898853150144 ], [ 2.896754015826176, 39.359731485843753 ], [ 2.883773250459328, 39.36567290557732 ], [ 2.873914441319954, 39.363197314021662 ], [ 2.864384259151905, 39.363989503319473 ], [ 2.844666640873157, 39.36557388191509 ], [ 2.834479204762474, 39.360226604154882 ], [ 2.827249411393595, 39.35646370499029 ], [ 2.817061975282911, 39.359038320208164 ], [ 2.806710225686572, 39.366465094875124 ], [ 2.790443190606609, 39.36260317204831 ], [ 2.785185159065605, 39.367752402484065 ], [ 2.769904004899573, 39.383992283089157 ], [ 2.762016957588074, 39.38844834788933 ], [ 2.751336581020425, 39.394389767622897 ], [ 2.740984831424086, 39.408253080334561 ], [ 2.739506010053177, 39.41617497331265 ], [ 2.742299339309341, 39.424691008264098 ], [ 2.742463652794996, 39.425186126575227 ], [ 2.746735803422055, 39.438752368300207 ], [ 2.742463652794996, 39.450239113118442 ], [ 2.733919351540862, 39.461131715963319 ], [ 2.733097784112587, 39.462121952585576 ], [ 2.722910348001903, 39.474995028674975 ], [ 2.732769157141277, 39.482817897990842 ], [ 2.733097784112587, 39.483015945315294 ], [ 2.734740918969152, 39.484303252924235 ], [ 2.737698561710957, 39.492225145902324 ], [ 2.75117226753477, 39.503810914382782 ], [ 2.745092668565491, 39.514703517227659 ], [ 2.733097784112587, 39.525794167396988 ], [ 2.731783276227333, 39.527081475005929 ], [ 2.720774272688374, 39.534112155023983 ], [ 2.710751150063345, 39.534112155023983 ], [ 2.686597067671883, 39.553421769158078 ], [ 2.649955160370553, 39.565205584962989 ], [ 2.641410859116419, 39.567681176518647 ], [ 2.631059109520081, 39.566195821585254 ], [ 2.629580288149171, 39.565205584962989 ], [ 2.626951272378676, 39.557085644660447 ], [ 2.623336375694237, 39.545895970828894 ], [ 2.610519923813058, 39.550054964642392 ], [ 2.605097578786399, 39.551837390562461 ], [ 2.597374844960555, 39.548272538722323 ], [ 2.59260975387653, 39.542529166313201 ], [ 2.586201527935941, 39.534805320659565 ], [ 2.567305477085469, 39.531834610792785 ], [ 2.561554505087514, 39.530943397832743 ], [ 2.540851005894822, 39.520942007947909 ], [ 2.541343946351788, 39.51113866538752 ], [ 2.535921601325143, 39.503909938045012 ], [ 2.534442779954233, 39.489254436035544 ], [ 2.523433776415274, 39.474499910363846 ], [ 2.52277652247264, 39.472618460781547 ], [ 2.51850437184558, 39.46063659765219 ], [ 2.504702039050457, 39.462319999910029 ], [ 2.492378527626244, 39.470538963874802 ], [ 2.481698151058595, 39.472420413457101 ], [ 2.476933059974556, 39.488165175751057 ], [ 2.476768746488901, 39.488858341386639 ], [ 2.476604433003246, 39.488957365048861 ], [ 2.466745623863872, 39.493512453511265 ], [ 2.460666024894593, 39.502226535787166 ], [ 2.462309159751157, 39.510445499751938 ], [ 2.465924056435597, 39.512822067645359 ], [ 2.466745623863872, 39.513317185956495 ], [ 2.472825222833151, 39.51717910878331 ], [ 2.466745623863872, 39.523021504854654 ], [ 2.455900933810568, 39.533418989388402 ], [ 2.44686369209947, 39.535003367984018 ], [ 2.432568418847382, 39.528665853601545 ], [ 2.421723728794078, 39.523912717814689 ], [ 2.419916280451858, 39.530745350508298 ], [ 2.419423339994893, 39.532527776428367 ], [ 2.414986875882164, 39.53579555728183 ], [ 2.408907276912885, 39.53262680009059 ], [ 2.393297495775556, 39.524704907112501 ], [ 2.382617119207893, 39.532329729103914 ], [ 2.371608115668934, 39.534211178686206 ], [ 2.377030460695593, 39.544014521246595 ], [ 2.377359087666903, 39.544707686882177 ], [ 2.375715952810339, 39.545994994491117 ], [ 2.351726183904532, 39.565205584962989 ], [ 2.347782660248782, 39.58936735854617 ], [ 2.355669707560281, 39.602339458297791 ], [ 2.363721068357435, 39.609271114653623 ], [ 2.384588881035768, 39.616004723685002 ], [ 2.386724956349298, 39.616697889320584 ], [ 2.399048467773511, 39.620658835809628 ], [ 2.419587653480548, 39.633036793587898 ], [ 2.436511942503131, 39.643335254459416 ], [ 2.452778977583094, 39.64917765053076 ], [ 2.461487592322882, 39.652346407721993 ], [ 2.466745623863872, 39.657000519846626 ], [ 2.466745623863872, 39.657099543508849 ], [ 2.482026778029905, 39.67076480889606 ], [ 2.487449123056564, 39.671556998193864 ], [ 2.497800872652903, 39.684133003296587 ], [ 2.516203983046395, 39.691163683314642 ], [ 2.527212986585354, 39.7008680022128 ], [ 2.540522378923512, 39.700570931226125 ], [ 2.55563921960389, 39.700273860239449 ], [ 2.586858781878561, 39.717603001129021 ], [ 2.593267007819151, 39.725029775795981 ], [ 2.600168174216719, 39.733050692436301 ], [ 2.615449328382738, 39.743646224294494 ], [ 2.63467400620452, 39.764342169699759 ], [ 2.639110470317235, 39.762361696455237 ], [ 2.641082232145109, 39.761470483495202 ], [ 2.661950044823456, 39.772264062677849 ], [ 2.667208076364446, 39.7853351860917 ], [ 2.670165719106265, 39.792860984420891 ], [ 2.680517468702604, 39.798109238518876 ], [ 2.682324917044824, 39.796524859923252 ], [ 2.685282559786629, 39.793851221043148 ], [ 2.694155488012072, 39.791969771460856 ], [ 2.694977055440347, 39.796029741612124 ], [ 2.690047650870667, 39.796920954572158 ], [ 2.694648428469037, 39.803258468954631 ], [ 2.699084892581752, 39.809397936012651 ], [ 2.705164491551031, 39.809695006999334 ], [ 2.713544479319495, 39.817022758004065 ], [ 2.727511125600273, 39.823459296048767 ], [ 2.732604843655622, 39.82662805324 ], [ 2.740656204452776, 39.830588999729045 ], [ 2.743942474165891, 39.830192905080146 ], [ 2.751007954049115, 39.829400715782334 ], [ 2.762016957588074, 39.833361662271379 ], [ 2.766453421700803, 39.840887460600563 ], [ 2.773354588098357, 39.842174768209503 ], [ 2.774340469012301, 39.846729856671907 ], [ 2.775162036440577, 39.851482992458763 ], [ 2.779434187067636, 39.854948820636679 ], [ 2.792743579405794, 39.855840033596714 ], [ 2.797180043518509, 39.854156631338867 ], [ 2.800959253688603, 39.852770300067704 ], [ 2.802438075059513, 39.855443938947808 ], [ 2.805395717801318, 39.860890240370246 ], [ 2.815747467397657, 39.858711719801271 ], [ 2.820019618024716, 39.857820506841236 ], [ 2.836615280076003, 39.863761926574803 ], [ 2.836943907047313, 39.863959973899256 ], [ 2.837108220532969, 39.863860950237033 ], [ 2.843352132987903, 39.862672666290315 ], [ 2.846967029672342, 39.866336541792684 ], [ 2.854689763498186, 39.87415941110855 ], [ 2.864384259151905, 39.876436955339749 ], [ 2.871614052520769, 39.877724262948689 ], [ 2.874078754805609, 39.878219381259818 ], [ 2.876543457090463, 39.879902783517664 ], [ 2.895932448397886, 39.894558285527133 ], [ 2.912363796963504, 39.896439735109432 ], [ 2.914828499248358, 39.896637782433885 ], [ 2.924687308387732, 39.900202634274024 ], [ 2.935203371469726, 39.904460651749751 ], [ 2.93996846255375, 39.909114763874378 ], [ 2.949334331236159, 39.918323964461408 ], [ 2.963300977516937, 39.912184497403388 ], [ 2.967408814658341, 39.910303047821088 ], [ 2.984004476709615, 39.909708905847737 ], [ 2.991727210535458, 39.915452278256851 ], [ 3.002407587103107, 39.923572218559393 ], [ 3.029026371779423, 39.93387067943091 ], [ 3.040364002289692, 39.930107780266319 ], [ 3.05827417222622, 39.932187277173064 ], [ 3.0576169182836, 39.928721448995155 ], [ 3.056466723884, 39.922978076586034 ], [ 3.061560441939349, 39.921096627003742 ], [ 3.079634925361532, 39.925156597155009 ], [ 3.085385897359501, 39.928523401670702 ], [ 3.09639490089846, 39.935058963377628 ], [ 3.100831365011175, 39.930206803928542 ], [ 3.104446261695614, 39.930602898577447 ], [ 3.121699177689521, 39.93258337182197 ], [ 3.130079165457985, 39.940604288462289 ], [ 3.135008570027665, 39.945258400586916 ], [ 3.156369323162977, 39.957141240054057 ], [ 3.175594000984759, 39.960805115556418 ], [ 3.178058703269599, 39.958725618649673 ], [ 3.177237135841324, 39.954071506525047 ], [ 3.177072822355655, 39.953477364551688 ] ] ], [ [ [ 3.012923650185115, 39.302891903725943 ], [ 3.012266396242481, 39.301901667103685 ], [ 3.007172678187146, 39.304872376970465 ], [ 3.009473066986331, 39.306456755566089 ], [ 3.010951888357241, 39.307546015850576 ], [ 3.014402471556011, 39.305070424294918 ], [ 3.012923650185115, 39.302891903725943 ] ] ], [ [ [ 2.9795680125969, 39.166338273516097 ], [ 2.97529586196984, 39.165645107880515 ], [ 2.972173905742366, 39.169209959720654 ], [ 2.977267623797715, 39.170398243667371 ], [ 2.9795680125969, 39.166338273516097 ] ] ], [ [ [ 2.97496723499853, 39.195253182886134 ], [ 2.968723322543596, 39.194758064574998 ], [ 2.970202143914491, 39.19861998740182 ], [ 2.974802921512875, 39.199016082050726 ], [ 2.97496723499853, 39.195253182886134 ] ] ], [ [ [ 2.973159786656311, 39.156732978280161 ], [ 2.969544889971871, 39.150098392911012 ], [ 2.963793917973902, 39.147919872342037 ], [ 2.958864513404222, 39.146137446421967 ], [ 2.958864513404222, 39.143760878528539 ], [ 2.958700199918567, 39.141087239648435 ], [ 2.958042945975933, 39.136334103861579 ], [ 2.949662958207469, 39.126728808625643 ], [ 2.94604806152303, 39.127421974261225 ], [ 2.930438280385687, 39.130491707790235 ], [ 2.913842618334414, 39.143760878528539 ], [ 2.918443395932783, 39.151682771506628 ], [ 2.920250844275003, 39.154851528697868 ], [ 2.923701427473787, 39.152078866155534 ], [ 2.932081415242251, 39.145444280786378 ], [ 2.933067296156196, 39.152871055453346 ], [ 2.933395923127506, 39.154950552360091 ], [ 2.93963983558244, 39.153465197426698 ], [ 2.948019823350904, 39.151385700519953 ], [ 2.948184136836559, 39.156732978280161 ], [ 2.948184136836559, 39.160891972093658 ], [ 2.951470406549689, 39.164258776609351 ], [ 2.955413930205438, 39.163565610973762 ], [ 2.956399811119368, 39.16346658731154 ], [ 2.966258620258742, 39.161882208715923 ], [ 2.970530770885802, 39.158713451524683 ], [ 2.971352338314091, 39.158119309551331 ], [ 2.973159786656311, 39.156732978280161 ] ] ], [ [ [ 2.964779798887847, 39.175646497765356 ], [ 2.964779798887847, 39.175547474103126 ], [ 2.960507648260773, 39.176240639738708 ], [ 2.958207259461588, 39.178518183969913 ], [ 2.954920989748473, 39.182281083134505 ], [ 2.963136664031282, 39.190103952450372 ], [ 2.972338219228021, 39.187232266245815 ], [ 2.964779798887847, 39.175646497765356 ] ] ], [ [ [ 2.926659070215607, 39.129204400181294 ], [ 2.923701427473787, 39.127124903274549 ], [ 2.918114768961473, 39.129402447505747 ], [ 2.923372800502477, 39.131878039061398 ], [ 2.926659070215607, 39.129204400181294 ] ] ], [ [ [ 2.321656816029446, 39.578078661052388 ], [ 2.302760765178974, 39.574612832874472 ], [ 2.309826245062197, 39.581247418243628 ], [ 2.319849367687226, 39.590852713479563 ], [ 2.327407788027415, 39.593427328697445 ], [ 2.337266597166789, 39.59679413321313 ], [ 2.335952089281534, 39.592932210386309 ], [ 2.335787775795879, 39.592635139399633 ], [ 2.334637581396279, 39.58936735854617 ], [ 2.332337192597095, 39.587386885301648 ], [ 2.324943085742575, 39.581049370919175 ], [ 2.321656816029446, 39.578078661052388 ] ] ], [ [ [ 1.648793092267269, 39.034042660781971 ], [ 1.64238486632668, 39.033250471484166 ], [ 1.635812326900435, 39.038597749244374 ], [ 1.645178195582844, 39.039885056853315 ], [ 1.648793092267269, 39.034042660781971 ] ] ], [ [ [ 1.539688937791553, 39.115341087469638 ], [ 1.540510505219828, 39.108508454776029 ], [ 1.540839132191152, 39.106428957869284 ], [ 1.55727048075677, 39.094348071077697 ], [ 1.566800662924834, 39.09563537868663 ], [ 1.575673591150263, 39.096922686295571 ], [ 1.580110055262978, 39.09761585193116 ], [ 1.592926507144171, 39.095932449673313 ], [ 1.599827673541725, 39.091872479522038 ], [ 1.601635121883945, 39.088406651344123 ], [ 1.59999198702738, 39.081970113299427 ], [ 1.604757078111405, 39.077415024837023 ], [ 1.60032061399869, 39.074741385956919 ], [ 1.594241015029411, 39.074741385956919 ], [ 1.592597880172846, 39.074741385956919 ], [ 1.589475923945386, 39.069295084534481 ], [ 1.588325729545787, 39.063452688463137 ], [ 1.591447685773261, 39.056422008445082 ], [ 1.600977867941324, 39.048698162791446 ], [ 1.607057466910604, 39.04384600334236 ], [ 1.607221780396259, 39.040479198826674 ], [ 1.607550407367569, 39.039389938542186 ], [ 1.608700601767154, 39.035726063039817 ], [ 1.610179423138064, 39.035726063039817 ], [ 1.619380978334817, 39.035726063039817 ], [ 1.618066470449563, 39.026120767803882 ], [ 1.610179423138064, 39.027903193723951 ], [ 1.606235899482314, 39.028794406683986 ], [ 1.59539120942901, 39.022060797652614 ], [ 1.594076701543756, 39.016020354256817 ], [ 1.585696713775292, 39.014733046647876 ], [ 1.579124174349047, 39.000275591962861 ], [ 1.579124174349047, 38.997403905758304 ], [ 1.578959860863392, 38.99027420207802 ], [ 1.571401440523204, 38.99156150968696 ], [ 1.566800662924834, 38.992353698984772 ], [ 1.563185766240395, 38.992947840958124 ], [ 1.552012449215766, 38.991660533349183 ], [ 1.544782655846902, 38.98413473502 ], [ 1.539195997334588, 38.98532301896671 ], [ 1.532623457908329, 38.981362072477665 ], [ 1.531144636537434, 38.966607546805974 ], [ 1.529994442137834, 38.956012014947774 ], [ 1.525393664539465, 38.953635447054346 ], [ 1.52342190271159, 38.952645210432088 ], [ 1.524572097111175, 38.951952044796506 ], [ 1.527529739852994, 38.950070595214207 ], [ 1.527365426367339, 38.946010625062932 ], [ 1.520464259969771, 38.946109648725162 ], [ 1.510769764316066, 38.946208672387385 ], [ 1.506661927174662, 38.93789068476039 ], [ 1.504690165346787, 38.933929738271345 ], [ 1.492695280893884, 38.929671720795625 ], [ 1.491052146037319, 38.928978555160036 ], [ 1.489409011180754, 38.927691247551103 ], [ 1.473306289586446, 38.913728911177216 ], [ 1.465912182731913, 38.913728911177216 ], [ 1.465254928789292, 38.913728911177216 ], [ 1.461475718619198, 38.917491810341808 ], [ 1.454903179192954, 38.916699621043996 ], [ 1.452109849936789, 38.910659177648206 ], [ 1.437650263199046, 38.914917195123927 ], [ 1.435514187885516, 38.911748437932694 ], [ 1.438143203656011, 38.90897577539036 ], [ 1.438636144112991, 38.908381633417001 ], [ 1.437485949713391, 38.903331426643469 ], [ 1.428284394516638, 38.903925568616827 ], [ 1.422533422518683, 38.904222639603503 ], [ 1.409881284123145, 38.890953468865199 ], [ 1.403473058182556, 38.877189179815765 ], [ 1.40511619303912, 38.872931162340045 ], [ 1.40659501441003, 38.868673144864317 ], [ 1.402322863782956, 38.848175246783512 ], [ 1.405280506524775, 38.832727555476232 ], [ 1.396243264813677, 38.836985572951953 ], [ 1.385562888246028, 38.841936756063262 ], [ 1.381455051104624, 38.837183620276406 ], [ 1.379318975791094, 38.834807052382978 ], [ 1.37126761499394, 38.832826579138455 ], [ 1.368967226194755, 38.842728945361074 ], [ 1.366831150881225, 38.851244980312522 ], [ 1.358944103569726, 38.862137583157391 ], [ 1.345141770774603, 38.870257523459941 ], [ 1.335447275120885, 38.868475097539864 ], [ 1.330517870551205, 38.86758388457983 ], [ 1.323945331124946, 38.861840512170716 ], [ 1.313100641071642, 38.867880955566513 ], [ 1.303077518446614, 38.862434654144074 ], [ 1.299626935247829, 38.864316103726367 ], [ 1.303734772389234, 38.868772168526547 ], [ 1.299298308276519, 38.873327256988951 ], [ 1.297326546448645, 38.875604801220149 ], [ 1.281716765311302, 38.877189179815765 ], [ 1.278923436055152, 38.878377463762483 ], [ 1.274486971942437, 38.877981369113577 ], [ 1.272515210114562, 38.879268676722518 ], [ 1.266106984173973, 38.877189179815765 ], [ 1.259205817776405, 38.867187789930931 ], [ 1.253454845778435, 38.858968825966159 ], [ 1.248525441208756, 38.856493234410507 ], [ 1.242774469210786, 38.865405364010854 ], [ 1.240309766925947, 38.869267286837676 ], [ 1.235216048870598, 38.870554594446617 ], [ 1.226343120645168, 38.872832138677815 ], [ 1.223878418360329, 38.877189179815765 ], [ 1.224371358817294, 38.887091546038384 ], [ 1.224371358817294, 38.888576900971771 ], [ 1.222563910475074, 38.889666161256258 ], [ 1.2194419542476, 38.891547610838558 ], [ 1.213690982249631, 38.902341190021204 ], [ 1.219934894704579, 38.911847461594917 ], [ 1.222070970018109, 38.921749827817528 ], [ 1.225357239731224, 38.924720537684316 ], [ 1.231436838700503, 38.930364886431207 ], [ 1.235380362356253, 38.938880921382655 ], [ 1.224699985788604, 38.949773524227531 ], [ 1.222399596989419, 38.950763760849789 ], [ 1.218620386819325, 38.952348139445405 ], [ 1.21549843059185, 38.958487606503432 ], [ 1.216812938477105, 38.959378819463467 ], [ 1.224042731845984, 38.964131955250316 ], [ 1.227329001559099, 38.96878606737495 ], [ 1.229793703843939, 38.972449942877311 ], [ 1.233572914014033, 38.969182162023856 ], [ 1.233737227499688, 38.968984114699403 ], [ 1.234394481442322, 38.969281185686079 ], [ 1.241295647839877, 38.972350919215089 ], [ 1.241131334354222, 38.969677280334984 ], [ 1.241131334354222, 38.968588020050497 ], [ 1.244088977096041, 38.96700364145488 ], [ 1.260684639147314, 38.96997435132166 ], [ 1.264463849317409, 38.967894854414915 ], [ 1.277444614684242, 38.971954824566183 ], [ 1.282702646225246, 38.973638226824029 ], [ 1.287632050794926, 38.972548966539541 ], [ 1.302091637532683, 38.969479233010532 ], [ 1.306856728616708, 38.974232368797388 ], [ 1.306528101645398, 38.977599173313074 ], [ 1.296504979020369, 38.980074764868725 ], [ 1.294861844163805, 38.985719113615616 ], [ 1.292068514907655, 38.987798610522368 ], [ 1.285660288967051, 38.992452722646995 ], [ 1.283852840624832, 38.997601953082757 ], [ 1.289275185651491, 39.002355088869606 ], [ 1.297326546448645, 39.009583816212114 ], [ 1.29436890370684, 39.012257455092225 ], [ 1.29321870930724, 39.018892040461374 ], [ 1.29173988793633, 39.028101241048404 ], [ 1.307842609530638, 39.040479198826674 ], [ 1.321480628840106, 39.046222571235788 ], [ 1.323616704153636, 39.047113784195822 ], [ 1.324109644610601, 39.04820304448031 ], [ 1.32673866038111, 39.052758132942714 ], [ 1.330846497522515, 39.053154227591619 ], [ 1.341362560604509, 39.054144464213877 ], [ 1.344484516831983, 39.063155617476461 ], [ 1.344813143803293, 39.064244877760949 ], [ 1.346456278659858, 39.064541948747625 ], [ 1.352207250657813, 39.065631209032112 ], [ 1.352864504600447, 39.066324374667694 ], [ 1.359437044026691, 39.07414724398356 ], [ 1.362887627225476, 39.073652125672432 ], [ 1.365188016024661, 39.067413634952182 ], [ 1.365845269967281, 39.065433161707659 ], [ 1.37093898802263, 39.063848783112043 ], [ 1.379647602762404, 39.066126327343241 ], [ 1.381783678075934, 39.068898989885575 ], [ 1.389013471444812, 39.078504285121511 ], [ 1.396243264813677, 39.079395498081546 ], [ 1.40511619303912, 39.076325764552536 ], [ 1.405609133496085, 39.076127717228083 ], [ 1.413989121264549, 39.077712095823699 ], [ 1.415139315664149, 39.079593545405999 ], [ 1.420890287662118, 39.089000793317481 ], [ 1.424833811317868, 39.091179313886457 ], [ 1.434528306971586, 39.085832036126249 ], [ 1.439950651998231, 39.082861326259462 ], [ 1.44964514765195, 39.08949591162861 ], [ 1.450466715080225, 39.090981266562004 ], [ 1.452931417365079, 39.09573440234886 ], [ 1.468541198502422, 39.100091443486811 ], [ 1.474292170500377, 39.104052389975855 ], [ 1.48283647175451, 39.102269964055786 ], [ 1.489244697695099, 39.109300644073841 ], [ 1.492859594379539, 39.104745555611437 ], [ 1.495981550606999, 39.10058656179794 ], [ 1.502718403518912, 39.10068558546017 ], [ 1.507483494602937, 39.103953366313633 ], [ 1.507812121574247, 39.109597715060517 ], [ 1.508140748545557, 39.112568424927304 ], [ 1.512905839629596, 39.11118209365614 ], [ 1.514548974486146, 39.110686975345004 ], [ 1.515534855400091, 39.112073306616175 ], [ 1.518163871170586, 39.115935229442989 ], [ 1.532787771393998, 39.117816679025289 ], [ 1.539688937791553, 39.115341087469638 ] ] ], [ [ [ 1.470348646844627, 38.723702503365253 ], [ 1.478071380670471, 38.711225521924753 ], [ 1.478071380670471, 38.711225521924753 ], [ 1.479550202041381, 38.701719250351047 ], [ 1.494009788779124, 38.690232505532812 ], [ 1.503211343975877, 38.684786204110374 ], [ 1.510934077801721, 38.680231115647977 ], [ 1.52835130728127, 38.67409164858995 ], [ 1.536238354592768, 38.678151618741225 ], [ 1.549054806473961, 38.684786204110374 ], [ 1.555627345900206, 38.688153008626067 ], [ 1.566800662924834, 38.690529576519495 ], [ 1.579945741777323, 38.678349666065678 ], [ 1.582410444062162, 38.665674637300732 ], [ 1.572387321437134, 38.654088868820274 ], [ 1.566800662924834, 38.651712300926846 ], [ 1.52867993425258, 38.653098632198009 ], [ 1.513070153115251, 38.663496116731757 ], [ 1.507976435059902, 38.666862921247443 ], [ 1.47889294809876, 38.680825257621329 ], [ 1.464433361361003, 38.684687180448151 ], [ 1.456382000563849, 38.684786204110374 ], [ 1.448823580223674, 38.684786204110374 ], [ 1.438636144112991, 38.680528186634653 ], [ 1.433542426057642, 38.672606293656564 ], [ 1.429927529373202, 38.667259015896349 ], [ 1.418589898862933, 38.660921501513876 ], [ 1.405609133496085, 38.648642567397836 ], [ 1.394764443442781, 38.642305053015363 ], [ 1.388027590530868, 38.641611887379781 ], [ 1.384248380360773, 38.646761117815537 ], [ 1.386384455674317, 38.664486353354022 ], [ 1.386548769159972, 38.66676389758522 ], [ 1.385562888246028, 38.67112093872317 ], [ 1.382440932018568, 38.684786204110374 ], [ 1.381619364590279, 38.688153008626067 ], [ 1.383426812932498, 38.690727623843948 ], [ 1.389013471444812, 38.698352445835361 ], [ 1.380962110647658, 38.719147414902849 ], [ 1.387041709616938, 38.724494692663058 ], [ 1.395914637842367, 38.732416585641154 ], [ 1.401172669383371, 38.728059544503203 ], [ 1.40725226835265, 38.723009337729664 ], [ 1.416618137035059, 38.723306408716347 ], [ 1.416125196578079, 38.728356615489879 ], [ 1.415467942635459, 38.733505845925642 ], [ 1.422862049489993, 38.736179484805746 ], [ 1.426805573145742, 38.737565816076909 ], [ 1.431242037258457, 38.745784780041681 ], [ 1.436007128342482, 38.754597885979805 ], [ 1.439622025026921, 38.747765253286204 ], [ 1.447673385824075, 38.73271365662783 ], [ 1.459175329820013, 38.724494692663058 ], [ 1.464597674846672, 38.724098598014152 ], [ 1.470348646844627, 38.723702503365253 ] ] ], [ [ [ 1.479221575070071, 38.793415161572455 ], [ 1.479221575070071, 38.793316137910224 ], [ 1.479057261584416, 38.793316137910224 ], [ 1.477085499756541, 38.793613208896907 ], [ 1.471498841244227, 38.800742912577185 ], [ 1.475770991871286, 38.802228267510579 ], [ 1.479714515527036, 38.800346817928286 ], [ 1.479221575070071, 38.793415161572455 ] ] ], [ [ [ 1.457860821934759, 38.902935331994563 ], [ 1.456710627535173, 38.902143142696758 ], [ 1.452767103879424, 38.904717757914632 ], [ 1.453917298279009, 38.905608970874667 ], [ 1.457039254506483, 38.907787491443642 ], [ 1.459996897248288, 38.90412361594128 ], [ 1.457860821934759, 38.902935331994563 ] ] ], [ [ [ 1.436007128342482, 38.769352411651504 ], [ 1.433378112571987, 38.766876820095845 ], [ 1.430091842858857, 38.770045577287085 ], [ 1.433871053028952, 38.773214334478318 ], [ 1.435021247428551, 38.771530932220479 ], [ 1.436335755313792, 38.769748506300402 ], [ 1.436007128342482, 38.769352411651504 ] ] ], [ [ [ 1.424340870860888, 38.795296611154747 ], [ 1.431570664229767, 38.779452825198568 ], [ 1.419904406748174, 38.781037203794185 ], [ 1.415960883092424, 38.785196197607682 ], [ 1.417111077492024, 38.789850309732309 ], [ 1.418425585377278, 38.794801492843618 ], [ 1.423683616918268, 38.796484895101464 ], [ 1.424340870860888, 38.795296611154747 ] ] ], [ [ [ 1.41218167292233, 38.818963266426799 ], [ 1.412838926864964, 38.81401208331549 ], [ 1.409224030180525, 38.81401208331549 ], [ 1.40725226835265, 38.818270100791217 ], [ 1.41218167292233, 38.818963266426799 ] ] ], [ [ [ 1.219934894704579, 38.968092901739368 ], [ 1.21730587893407, 38.966112428494839 ], [ 1.2138552957353, 38.967993878077138 ], [ 1.213526668763976, 38.968191925401591 ], [ 1.215005490134885, 38.972449942877311 ], [ 1.219606267733255, 38.968389972726044 ], [ 1.219934894704579, 38.968092901739368 ] ] ], [ [ [ 1.21730587893407, 38.97789624429975 ], [ 1.21237647436439, 38.975915771055227 ], [ 1.203996486595926, 38.983243522059965 ], [ 1.207940010251676, 38.991165415038054 ], [ 1.2127051013357, 38.993641006593705 ], [ 1.212212160878735, 38.984827900655581 ], [ 1.21730587893407, 38.97789624429975 ] ] ], [ [ [ 1.212540787850045, 38.868178026553188 ], [ 1.210569026022171, 38.86580145865976 ], [ 1.208432950708641, 38.866395600633119 ], [ 1.204653740538546, 38.867484860917607 ], [ 1.207940010251676, 38.870059476135488 ], [ 1.208925891165606, 38.87075264177107 ], [ 1.212540787850045, 38.868178026553188 ] ] ], [ [ [ 1.204653740538546, 38.868079002890966 ], [ 1.199395708997542, 38.863622938090785 ], [ 1.189865526829493, 38.866098529646443 ], [ 1.197916887626647, 38.87075264177107 ], [ 1.204653740538546, 38.868079002890966 ] ] ], [ [ [ 1.201531784311072, 38.95769541720562 ], [ 1.197588260655323, 38.956012014947774 ], [ 1.192823169571298, 38.958289559178979 ], [ 1.197916887626647, 38.960567103410177 ], [ 1.201531784311072, 38.95769541720562 ] ] ], [ [ [ 1.169490654608111, 38.97185580090396 ], [ 1.167025952323272, 38.969875327659437 ], [ 1.162260861239247, 38.971558729917277 ], [ 1.163575369124487, 38.975420652744099 ], [ 1.169490654608111, 38.97185580090396 ] ] ] ] } },
{ "type": "Feature", "properties": { "index": 1477, "nuts_2_code": "ES12", "nuts_2_name": "Principado de Asturias" }, "geometry": { "type": "MultiPolygon", "coordinates": [ [ [ [ -4.51230536589788, 43.3931632956389 ], [ -4.511812425440915, 43.379894124900602 ], [ -4.523642996408164, 43.366922025148966 ], [ -4.525450444750383, 43.366922025148966 ], [ -4.534323372975813, 43.367219096135656 ], [ -4.531530043719663, 43.359792321468689 ], [ -4.537281015717625, 43.355732351317414 ], [ -4.535144940404095, 43.351672381166154 ], [ -4.539417091031162, 43.34394853551251 ], [ -4.536623761775004, 43.342364156916886 ], [ -4.531858670690973, 43.340878801983493 ], [ -4.522985742465536, 43.338007115778936 ], [ -4.522328488522909, 43.335729571547745 ], [ -4.522985742465536, 43.33335300365431 ], [ -4.527093579606941, 43.327510607582965 ], [ -4.520192413209379, 43.314538507831344 ], [ -4.519042218809787, 43.309884395706717 ], [ -4.518713591838477, 43.298595698212935 ], [ -4.518549278352822, 43.293941586088309 ], [ -4.521506921094634, 43.280375344363321 ], [ -4.537281015717625, 43.270274930816257 ], [ -4.547304138342653, 43.268987623207323 ], [ -4.552397856397995, 43.276513421536507 ], [ -4.553383737311933, 43.281563628310039 ], [ -4.554205304740215, 43.286910906070247 ], [ -4.567843324049683, 43.290772828897076 ], [ -4.578523700617339, 43.290475757910386 ], [ -4.580331148959552, 43.29037673424817 ], [ -4.582795851244398, 43.291267947208198 ], [ -4.603663663922738, 43.298595698212935 ], [ -4.623216968715823, 43.287406024381383 ], [ -4.633240091340852, 43.2779987764699 ], [ -4.633240091340852, 43.27354271166972 ], [ -4.633240091340852, 43.26730422094947 ], [ -4.648028305049912, 43.267997386585051 ], [ -4.659530249045844, 43.264333511082697 ], [ -4.66659572892906, 43.26571984235386 ], [ -4.676290224582779, 43.26760129193616 ], [ -4.692557259662742, 43.265026676718279 ], [ -4.706030965486555, 43.266908126300564 ], [ -4.713096445369771, 43.260669635580328 ], [ -4.731006615306299, 43.257302831064635 ], [ -4.722790941023483, 43.24096392679732 ], [ -4.722626627537828, 43.240567832148415 ], [ -4.721969373595208, 43.229774252965768 ], [ -4.725419956793985, 43.226902566761211 ], [ -4.729692107421045, 43.223535762245518 ], [ -4.729034853478424, 43.218485555471986 ], [ -4.728706226507107, 43.215910940254105 ], [ -4.731499555763264, 43.212445112076196 ], [ -4.735936019875979, 43.207097834315988 ], [ -4.736264646847296, 43.201255438244644 ], [ -4.736428960332951, 43.196898397106693 ], [ -4.733471317591139, 43.194224758226582 ], [ -4.735607392904669, 43.188778456804144 ], [ -4.743823067187478, 43.184619462990653 ], [ -4.754010503298169, 43.184322392003963 ], [ -4.760418729238758, 43.186302865248493 ], [ -4.777835958718313, 43.191452095684255 ], [ -4.792788485913029, 43.184520439328423 ], [ -4.815628060419243, 43.182738013408354 ], [ -4.815956687390553, 43.182440942421678 ], [ -4.82302216727377, 43.178579019594849 ], [ -4.841096650695953, 43.180757540163825 ], [ -4.840768023724642, 43.190065764413092 ], [ -4.849312324978769, 43.193828663577676 ], [ -4.849805265435734, 43.194026710902136 ], [ -4.859828388060762, 43.205513455720364 ], [ -4.860649955489045, 43.211751946440614 ], [ -4.861471522917327, 43.217891413498634 ], [ -4.870344451142763, 43.227001590423441 ], [ -4.893512652620288, 43.237597122281628 ], [ -4.908958120271969, 43.237894193268318 ], [ -4.91438046529862, 43.232943010157001 ], [ -4.920953004724872, 43.227001590423441 ], [ -4.926868290208496, 43.226407448450075 ], [ -4.942642384831494, 43.224724046192236 ], [ -4.95365138837046, 43.214326561658496 ], [ -4.963838824481144, 43.211355851791708 ], [ -4.969918423450423, 43.203929077124741 ], [ -4.970739990878705, 43.202938840502483 ], [ -4.974683514534455, 43.20145348556909 ], [ -4.981256053960699, 43.199076917675669 ], [ -4.995387013727132, 43.185807746937357 ], [ -4.996701521612387, 43.17669757001255 ], [ -4.997687402526324, 43.170261031967854 ], [ -5.002781120581666, 43.175014167754711 ], [ -5.003931314981259, 43.176103428039198 ], [ -5.021512857946469, 43.18303508439503 ], [ -5.040901849253906, 43.184124344679518 ], [ -5.053718301135085, 43.181450705799406 ], [ -5.056183003419932, 43.179074137905985 ], [ -5.060948094503964, 43.174717096768035 ], [ -5.069328082272428, 43.176301475363658 ], [ -5.076557875641299, 43.177588782972592 ], [ -5.076229248669989, 43.171845410563478 ], [ -5.075900621698679, 43.167884464074433 ], [ -5.079022577926146, 43.161150855043047 ], [ -5.082801788096234, 43.156199671931745 ], [ -5.092660597235607, 43.143524643166799 ], [ -5.092331970264297, 43.13372130060641 ], [ -5.092167656778642, 43.130255472428502 ], [ -5.098740196204886, 43.116293136054608 ], [ -5.096768434377012, 43.107281982792031 ], [ -5.105312735631138, 43.102132752356269 ], [ -5.138504059733691, 43.102627870667405 ], [ -5.145240912645598, 43.110252692658818 ], [ -5.14852718235872, 43.114015591823403 ], [ -5.160850693782933, 43.109856598009912 ], [ -5.164794217438683, 43.106192722507544 ], [ -5.168902054580087, 43.102528847005175 ], [ -5.178596550233806, 43.100944468409566 ], [ -5.187633791944897, 43.099459113476172 ], [ -5.194042017885486, 43.095102072338221 ], [ -5.201271811254365, 43.090150889226905 ], [ -5.20390082702486, 43.090546983875811 ], [ -5.204722394453142, 43.091042102186947 ], [ -5.206858469766672, 43.09242843345811 ], [ -5.208994545080202, 43.089358699929107 ], [ -5.210966306908077, 43.086784084711226 ], [ -5.218031786791293, 43.084308493155561 ], [ -5.235777643242166, 43.085892871751184 ], [ -5.239392539926605, 43.086784084711226 ], [ -5.24021410735488, 43.086982132035672 ], [ -5.247772527695069, 43.088665534293511 ], [ -5.266011324602907, 43.087378226684578 ], [ -5.267983086430782, 43.086784084711226 ], [ -5.277184641627528, 43.082129972586586 ], [ -5.284250121510745, 43.078466097084231 ], [ -5.309883025273116, 43.083318256533303 ], [ -5.324671238982177, 43.07995145201761 ], [ -5.338309258291638, 43.083318256533303 ], [ -5.339295139205575, 43.086784084711226 ], [ -5.34093827406214, 43.088467486969066 ], [ -5.345374738174854, 43.093220622755922 ], [ -5.365749610396229, 43.093814764729274 ], [ -5.383166839875784, 43.086784084711226 ], [ -5.385302915189314, 43.075594410879674 ], [ -5.390396633244656, 43.049254116727511 ], [ -5.398776621013127, 43.047867785456347 ], [ -5.418658552777522, 43.050838495323134 ], [ -5.446263218367768, 43.055096512798855 ], [ -5.460394178134202, 43.052125802932068 ], [ -5.465980836646516, 43.050937518985364 ], [ -5.470252987273575, 43.052422873918744 ], [ -5.477154153671137, 43.054700418149949 ], [ -5.480276109898604, 43.052422873918744 ], [ -5.481919244755161, 43.042520507696139 ], [ -5.482247871726479, 43.039747845153798 ], [ -5.49374981572241, 43.021329443979738 ], [ -5.499007847263407, 43.023606988210943 ], [ -5.509523910345408, 43.0283601239978 ], [ -5.52726976679628, 43.025884532442149 ], [ -5.534992500622117, 43.02212163327755 ], [ -5.541729353534024, 43.018754828761857 ], [ -5.568512451695987, 43.022418704264226 ], [ -5.56999127306689, 43.024003082859849 ], [ -5.577385379921424, 43.032420094149074 ], [ -5.603675537626415, 43.035390804015847 ], [ -5.612219838880534, 43.034895685704726 ], [ -5.629472754874442, 43.034004472744684 ], [ -5.643110774183903, 43.037767371909283 ], [ -5.650504881038437, 43.043708791642857 ], [ -5.661349571091741, 43.047471690807441 ], [ -5.688461296225015, 43.056878938718924 ], [ -5.727896532782509, 43.041530271073881 ], [ -5.734797699180071, 43.032023999500169 ], [ -5.736276520550973, 43.024894295819877 ], [ -5.736605147522283, 43.023012846237592 ], [ -5.737591028436221, 43.022517727926456 ], [ -5.746299643176002, 43.017962639464059 ], [ -5.747121210604284, 43.01608118988176 ], [ -5.750900420774379, 43.006376870983601 ], [ -5.764374126598184, 42.987760422485081 ], [ -5.763716872655557, 42.977065866964651 ], [ -5.763552559169902, 42.971619565542227 ], [ -5.803973676641334, 42.962608412279636 ], [ -5.811860723952826, 42.964489861861935 ], [ -5.823198354463109, 42.967262524404276 ], [ -5.83650774680126, 42.965876193133099 ], [ -5.844394794112759, 42.965084003835301 ], [ -5.848831258225474, 42.96845080835098 ], [ -5.864933979819781, 42.98082876612925 ], [ -5.882351209299344, 42.979640482182532 ], [ -5.888430808268623, 42.97914536387141 ], [ -5.889416689182561, 42.982908263035995 ], [ -5.891717077981745, 42.991919416298572 ], [ -5.906998232147771, 42.992414534609708 ], [ -5.9102845018609, 42.992513558271938 ], [ -5.91455665248796, 42.996474504760982 ], [ -5.922443699799459, 43.003901279427936 ], [ -5.948240917047478, 43.014694858610596 ], [ -5.951527186760607, 43.01608118988176 ], [ -5.955799337387667, 43.017962639464059 ], [ -5.959907174529071, 43.028954265971151 ], [ -5.968780102754508, 43.040341987127164 ], [ -5.966151086984006, 43.044302933616208 ], [ -5.963522071213511, 43.048659974754159 ], [ -5.963522071213511, 43.054205299838827 ], [ -5.972559312924602, 43.059552577599035 ], [ -5.974531074752477, 43.064503760710338 ], [ -5.988333407547593, 43.066880328603773 ], [ -5.994741633488189, 43.060443790559063 ], [ -5.996713395316064, 43.058463317314548 ], [ -6.004271815656246, 43.058067222665642 ], [ -6.019388656336616, 43.054205299838827 ], [ -6.030561973361245, 43.058661364638994 ], [ -6.052251353467859, 43.067375446914895 ], [ -6.058823892894111, 43.066979352265989 ], [ -6.06736819414823, 43.066286186630407 ], [ -6.075255241459729, 43.071732488052845 ], [ -6.081334840429008, 43.07589148186635 ], [ -6.08462111014213, 43.069851038470546 ], [ -6.091193649568382, 43.065791068319285 ], [ -6.090865022597072, 43.057869175341182 ], [ -6.094315605795849, 43.049353140389741 ], [ -6.093494038367567, 43.04677852517186 ], [ -6.090700709111417, 43.037965419233728 ], [ -6.097437562023316, 43.031429857526803 ], [ -6.102202653107348, 43.030538644566775 ], [ -6.114033224074596, 43.02845914766003 ], [ -6.115512045445499, 43.027567934699988 ], [ -6.120441450015186, 43.024300153846525 ], [ -6.136215544638183, 43.021626514966414 ], [ -6.143773964978365, 43.028063053011124 ], [ -6.150346504404617, 43.033707401758008 ], [ -6.155440222459958, 43.033905449082468 ], [ -6.16234138885752, 43.034202520069144 ], [ -6.165627658570642, 43.039054679518216 ], [ -6.167599420398517, 43.041827342060557 ], [ -6.186495471248982, 43.049155093065281 ], [ -6.191753502789979, 43.045788288549602 ], [ -6.196025653417045, 43.043114649669491 ], [ -6.209499359240851, 43.044500980940654 ], [ -6.217550720038005, 43.045293170238466 ], [ -6.228559723576971, 43.021230420317522 ], [ -6.228395410091316, 43.018061663126275 ], [ -6.228395410091316, 43.017962639464059 ], [ -6.228231096605661, 43.01608118988176 ], [ -6.227573842663034, 43.00984269916151 ], [ -6.234803636031906, 43.012615361703837 ], [ -6.237432651802408, 43.013605598326109 ], [ -6.244991072142589, 43.01419974029946 ], [ -6.25977928585165, 43.015487047908394 ], [ -6.270459662419306, 43.023706011873173 ], [ -6.284754935671394, 43.03449959105582 ], [ -6.289355713269771, 43.032123023162399 ], [ -6.29757138755258, 43.027865005686664 ], [ -6.325668993599791, 43.03281618879798 ], [ -6.327969382398976, 43.036777135287025 ], [ -6.332405846511698, 43.044600004602884 ], [ -6.347851314163378, 43.050442400674228 ], [ -6.359024631187999, 43.059552577599035 ], [ -6.364118349243341, 43.053710181527691 ], [ -6.374798725810997, 43.041431247411651 ], [ -6.385807729349963, 43.04063905811384 ], [ -6.389751253005713, 43.040441010789394 ], [ -6.396323792431957, 43.037272253598147 ], [ -6.39320183620449, 43.031429857526803 ], [ -6.391230074376615, 43.027567934699988 ], [ -6.394516344089745, 43.017962639464059 ], [ -6.402567704886899, 43.016774355517342 ], [ -6.407004168999613, 43.01608118988176 ], [ -6.410290438712735, 43.015685095232854 ], [ -6.41012612522708, 43.00994172282374 ], [ -6.40979749825577, 42.998752048992188 ], [ -6.422942577108266, 42.989146753756245 ], [ -6.435759028989452, 42.991127227000774 ], [ -6.437237850360354, 42.99142429798745 ], [ -6.437895104302982, 42.990929179676314 ], [ -6.450711556184167, 42.982908263035995 ], [ -6.461227619266161, 42.984789712618294 ], [ -6.46730721823544, 42.988354564458433 ], [ -6.471415055376845, 42.990731132351868 ], [ -6.476673086917842, 42.990335037702962 ], [ -6.477823281317441, 42.982908263035995 ], [ -6.473222503719064, 42.975877583017947 ], [ -6.473058190233409, 42.967658619053168 ], [ -6.458434290010004, 42.966470335106465 ], [ -6.435430402018135, 42.964390838199705 ], [ -6.438716671731264, 42.954686519301546 ], [ -6.441017060530449, 42.948349004919081 ], [ -6.439373925673884, 42.946665602661227 ], [ -6.43313001321895, 42.93973394630541 ], [ -6.441674314473076, 42.939535898980949 ], [ -6.444960584186198, 42.93765444939865 ], [ -6.447425286471038, 42.937060307425298 ], [ -6.449232734813258, 42.936070070803041 ], [ -6.460734678809196, 42.934881786856323 ], [ -6.478973475717034, 42.933000337274024 ], [ -6.485381701657623, 42.929039390784979 ], [ -6.488667971370745, 42.924088207673677 ], [ -6.49063973319862, 42.920820426820214 ], [ -6.500334228852338, 42.924385278660353 ], [ -6.50970009753474, 42.927851106838261 ], [ -6.511836172848277, 42.927455012189355 ], [ -6.519723220159769, 42.925771609931516 ], [ -6.534675747354484, 42.921711639780241 ], [ -6.537962017067613, 42.918047764277873 ], [ -6.542727108151638, 42.912700486517664 ], [ -6.569017265856637, 42.914680959762194 ], [ -6.574110983911979, 42.916364362020033 ], [ -6.580519209852568, 42.918344835264563 ], [ -6.586434495336192, 42.917849716953427 ], [ -6.605166232701002, 42.916364362020033 ], [ -6.610095637270689, 42.920820426820214 ], [ -6.613710533955121, 42.923989184011447 ], [ -6.620447386867028, 42.922107734429147 ], [ -6.627677180235899, 42.920127261184632 ], [ -6.635728541033053, 42.923989184011447 ], [ -6.638686183774865, 42.92537551528261 ], [ -6.689459050842636, 42.922206758091377 ], [ -6.698003352096755, 42.919533119211266 ], [ -6.711312744434906, 42.915374125397776 ], [ -6.714599014148035, 42.915770220046682 ], [ -6.720678613117315, 42.916364362020033 ], [ -6.736945648197278, 42.903491285930642 ], [ -6.747626024764934, 42.894876227316956 ], [ -6.756663266476025, 42.882993387849822 ], [ -6.772930301555988, 42.883488506160958 ], [ -6.769315404871548, 42.890618209841236 ], [ -6.768165210471956, 42.892895754072441 ], [ -6.773587555498615, 42.899827410428273 ], [ -6.824196109080724, 42.91497803074887 ], [ -6.835698053076662, 42.916265338357803 ], [ -6.841777652045941, 42.928148177824937 ], [ -6.839312949761094, 42.932703266287348 ], [ -6.83734118793322, 42.936070070803041 ], [ -6.83487648564838, 42.942704656172182 ], [ -6.836848247476254, 42.957855276492779 ], [ -6.863467032152556, 42.981918026413737 ], [ -6.880062694203836, 42.990136990378502 ], [ -6.89271483259936, 42.988552611782893 ], [ -6.894029340484614, 42.988354564458433 ], [ -6.910460689050232, 42.990731132351868 ], [ -6.939051235554416, 43.011229030432673 ], [ -6.941022997382291, 43.01608118988176 ], [ -6.944144953609758, 43.024003082859849 ], [ -6.946609655894598, 43.030439620904545 ], [ -6.952360627892567, 43.034202520069144 ], [ -6.956961405490937, 43.033212283446872 ], [ -6.962548064003251, 43.025983556104364 ], [ -6.961726496574968, 43.017863615801829 ], [ -6.961562183089313, 43.01608118988176 ], [ -6.959426107775784, 42.997068646734334 ], [ -6.96682021463031, 42.993998913205331 ], [ -6.980293920454123, 43.002712995481232 ], [ -6.98735940033734, 43.013407551001649 ], [ -6.990974297021772, 43.01608118988176 ], [ -6.995246447648839, 43.019348970735223 ], [ -6.995410761134494, 43.0264786744155 ], [ -6.988509594736932, 43.030241573580099 ], [ -6.986866459880368, 43.031132786540127 ], [ -6.984073130624211, 43.035390804015847 ], [ -6.981772741825026, 43.03885663219377 ], [ -6.977993531654931, 43.035687875002537 ], [ -6.973885694513527, 43.032123023162399 ], [ -6.966491587659, 43.035291780353631 ], [ -6.963533944917188, 43.050145329687552 ], [ -6.96468413931678, 43.054898465474409 ], [ -6.96616296068769, 43.061335003519105 ], [ -6.960904929146686, 43.062424263803592 ], [ -6.957290032462254, 43.063216453101404 ], [ -6.956468465033971, 43.067177399590449 ], [ -6.956304151548316, 43.067474470577125 ], [ -6.955975524576999, 43.06767251790157 ], [ -6.95137474697863, 43.069157872834964 ], [ -6.951210433492975, 43.072722724675103 ], [ -6.951046120007319, 43.075495387217444 ], [ -6.946773969380253, 43.077277813137513 ], [ -6.942008878296228, 43.079357310044259 ], [ -6.940037116468353, 43.082922161884397 ], [ -6.938065354640479, 43.086586037386766 ], [ -6.933793204013412, 43.082129972586586 ], [ -6.922291260017481, 43.080842664977652 ], [ -6.920319498189606, 43.079159262719813 ], [ -6.915061466648609, 43.074406126932956 ], [ -6.90750304630842, 43.080347546666516 ], [ -6.899123058539956, 43.086784084711226 ], [ -6.894357967455925, 43.090546983875811 ], [ -6.888278368486645, 43.090943078524717 ], [ -6.872011333406682, 43.092131362471434 ], [ -6.863467032152556, 43.101934705031823 ], [ -6.840956084617659, 43.115302899432351 ], [ -6.827975319250818, 43.123818934383792 ], [ -6.823210228166786, 43.142732453868987 ], [ -6.832247469877878, 43.152931891078282 ], [ -6.835862366562317, 43.156892837567327 ], [ -6.836848247476254, 43.16016061842079 ], [ -6.838984322789784, 43.166102038154364 ], [ -6.845721175701691, 43.167983487736663 ], [ -6.850814893757033, 43.169468842670042 ], [ -6.863467032152556, 43.181153634812731 ], [ -6.868067809750933, 43.181549729461636 ], [ -6.868560750207898, 43.184817510315099 ], [ -6.86938231763618, 43.18917455145305 ], [ -6.873983095234557, 43.186500912572939 ], [ -6.878255245861617, 43.173330765496871 ], [ -6.878583872832927, 43.172538576199059 ], [ -6.879405440261209, 43.171845410563478 ], [ -6.886142293173116, 43.166102038154364 ], [ -6.885813666201798, 43.163032304625347 ], [ -6.884992098773523, 43.158180145176274 ], [ -6.892879146085022, 43.156397719256191 ], [ -6.901259133853486, 43.154615293336121 ], [ -6.907010105851455, 43.150159228535955 ], [ -6.909146181164985, 43.148574849940331 ], [ -6.920648125160916, 43.141049051611148 ], [ -6.929028112929387, 43.140355885975566 ], [ -6.935600652355632, 43.1397617440022 ], [ -6.938065354640479, 43.136394939486522 ], [ -6.940858683896629, 43.132632040321923 ], [ -6.957782972919219, 43.136493963148737 ], [ -6.960576302175376, 43.143128548517893 ], [ -6.961562183089313, 43.145604140073544 ], [ -6.963533944917188, 43.146495353033586 ], [ -6.973392754056562, 43.150654346847077 ], [ -6.980129606968468, 43.166201061816579 ], [ -6.975364515884436, 43.17679659367478 ], [ -6.96895628994384, 43.183629226368382 ], [ -6.965341393259408, 43.187590172857426 ], [ -6.965998647202028, 43.194224758226582 ], [ -6.971585305714342, 43.203532982475835 ], [ -6.978322158626248, 43.203136887826929 ], [ -6.98588057896643, 43.202641769515807 ], [ -6.993110372335302, 43.208484165587151 ], [ -7.001490360103773, 43.208187094600476 ], [ -7.006091137702143, 43.215613869267429 ], [ -7.010363288329209, 43.222347478298801 ], [ -7.016114260327171, 43.221456265338773 ], [ -7.016935827755454, 43.220466028716515 ], [ -7.021043664896858, 43.214524608982941 ], [ -7.033367176321079, 43.227100614085657 ], [ -7.045033433802665, 43.23056644226358 ], [ -7.06360085768182, 43.24700437019311 ], [ -7.071323591507657, 43.269482741518445 ], [ -7.064422425110102, 43.299585934835193 ], [ -7.06425811162444, 43.299883005821869 ], [ -7.059821647511725, 43.305329307244307 ], [ -7.070994964536347, 43.306220520204349 ], [ -7.074774174706441, 43.303546881324237 ], [ -7.07871769836219, 43.30077421878191 ], [ -7.086604745673689, 43.300279100470775 ], [ -7.099092570583558, 43.30265566836421 ], [ -7.105993736981119, 43.312062916275693 ], [ -7.115195292177866, 43.324737945040638 ], [ -7.116345486577458, 43.326421347298478 ], [ -7.123903906917647, 43.329194009840819 ], [ -7.130805073315209, 43.33166960139647 ], [ -7.132119581200456, 43.347315340028203 ], [ -7.131298013772174, 43.349394836934948 ], [ -7.128997624972989, 43.355237233006292 ], [ -7.130805073315209, 43.362763031335476 ], [ -7.128176057544707, 43.371477113611377 ], [ -7.134255656513986, 43.377319509682721 ], [ -7.140006628511955, 43.382765811105159 ], [ -7.154137588278388, 43.377022438696045 ], [ -7.158738365876765, 43.375140989113746 ], [ -7.160874441190295, 43.377220486020491 ], [ -7.162846203018169, 43.37920095926502 ], [ -7.165968159245637, 43.380191195887278 ], [ -7.175662654899355, 43.383260929416281 ], [ -7.180756372954697, 43.396233029167917 ], [ -7.175005400956728, 43.400590070305853 ], [ -7.169583055930069, 43.404650040457128 ], [ -7.17369089307148, 43.411086578501838 ], [ -7.175334027928038, 43.413760217381935 ], [ -7.169747369415731, 43.430099121649249 ], [ -7.143457211710732, 43.430099121649249 ], [ -7.141485449882857, 43.429405956013667 ], [ -7.127847430573397, 43.424553796564581 ], [ -7.104021975153245, 43.42663329347134 ], [ -7.10237884029668, 43.428910837702531 ], [ -7.10385766166759, 43.430990334609291 ], [ -7.104843542581527, 43.4325747132049 ], [ -7.10237884029668, 43.432970807853806 ], [ -7.098435316640938, 43.433663973489388 ], [ -7.098928257097903, 43.437921990965108 ], [ -7.099421197554875, 43.440892700831895 ], [ -7.095641987384781, 43.442873174076425 ], [ -7.091698463729031, 43.44485364732094 ], [ -7.091205523272059, 43.449210688458891 ], [ -7.090712582815094, 43.453765776921301 ], [ -7.08085377367572, 43.461687669899391 ], [ -7.062614976767883, 43.473273438379849 ], [ -7.060971841911318, 43.472877343730943 ], [ -7.056699691284258, 43.472085154433131 ], [ -7.047826763058822, 43.478224621491151 ], [ -7.048155390030132, 43.48208654431798 ], [ -7.048484017001449, 43.486740656442606 ], [ -7.044376179860045, 43.496246928016305 ], [ -7.045855001230947, 43.512090713972498 ], [ -7.035996192091574, 43.528528641902028 ], [ -7.032545608892796, 43.534272014311156 ], [ -7.031888354950169, 43.544471451520437 ], [ -7.022029545810796, 43.549323610969523 ], [ -7.02367268066736, 43.551997249849634 ], [ -7.025973069466545, 43.555661125351989 ], [ -7.02120797838252, 43.559126953529912 ], [ -7.010691915300519, 43.557047456623167 ], [ -6.996889582505396, 43.554274794080825 ], [ -6.957947286404874, 43.562493758045605 ], [ -6.9492386716651, 43.568039083130259 ], [ -6.94775985029419, 43.570415651023694 ], [ -6.94529514800935, 43.574475621174969 ], [ -6.940037116468353, 43.572099053281534 ], [ -6.934943398413004, 43.569821509050328 ], [ -6.930999874757262, 43.571504911308182 ], [ -6.92623478367323, 43.573584408214927 ], [ -6.917033228476484, 43.572396124268209 ], [ -6.914404212705982, 43.57051467468591 ], [ -6.909146181164985, 43.566751775521325 ], [ -6.901752074310451, 43.569722485388112 ], [ -6.900601879910859, 43.570217603699234 ], [ -6.891071697742802, 43.569425414401422 ], [ -6.890085816828865, 43.568930296090301 ], [ -6.877269364947679, 43.563384971005632 ], [ -6.868232123236588, 43.567543964819137 ], [ -6.867903496265278, 43.567742012143583 ], [ -6.863467032152556, 43.567642988481353 ], [ -6.855251357869747, 43.567246893832447 ], [ -6.85459410392712, 43.566751775521325 ], [ -6.850979207242688, 43.563583018330093 ], [ -6.839312949761094, 43.565761538899068 ], [ -6.83339766427747, 43.566850799183555 ], [ -6.821731406795884, 43.562889852694511 ], [ -6.819266704511037, 43.56031523747663 ], [ -6.81433729994135, 43.555562101689773 ], [ -6.806778879601168, 43.556156243663125 ], [ -6.805464371715914, 43.556255267325355 ], [ -6.802013788517137, 43.556453314649801 ], [ -6.785253812980201, 43.556651361974261 ], [ -6.781803229781424, 43.559126953529912 ], [ -6.781803229781424, 43.563384971005632 ], [ -6.781638916295769, 43.56467227861458 ], [ -6.766029135158426, 43.568336154116935 ], [ -6.763071492416614, 43.565365444250162 ], [ -6.760278163160457, 43.562493758045605 ], [ -6.75502013161946, 43.563880089316768 ], [ -6.748118965221899, 43.565563491574608 ], [ -6.73382369196981, 43.563384971005632 ], [ -6.728401346943159, 43.559126953529912 ], [ -6.724786450258719, 43.556255267325355 ], [ -6.72051429963166, 43.55823574056987 ], [ -6.710655490492286, 43.562592781707821 ], [ -6.700468054381602, 43.563285947343402 ], [ -6.694059828441006, 43.561800592410023 ], [ -6.693895514955351, 43.561701568747793 ], [ -6.682557884445075, 43.559027929867682 ], [ -6.664483401022892, 43.565662515236838 ], [ -6.662840266166327, 43.566256657210189 ], [ -6.625705418408025, 43.571306863983722 ], [ -6.620283073381373, 43.566157633547974 ], [ -6.616668176696933, 43.562691805370051 ], [ -6.610588577727654, 43.561404497761117 ], [ -6.609438383328062, 43.561800592410023 ], [ -6.603523097844437, 43.564177160303444 ], [ -6.60286584390181, 43.559126953529912 ], [ -6.6025372169305, 43.557146480285382 ], [ -6.595636050532939, 43.553680652107474 ], [ -6.589063511106694, 43.554868936054191 ], [ -6.575589805282881, 43.557245503947613 ], [ -6.560801591573821, 43.555760149014219 ], [ -6.553736111690604, 43.55219529717408 ], [ -6.543712989065575, 43.553581628445244 ], [ -6.539112211467206, 43.549026539982847 ], [ -6.536483195696704, 43.546550948427196 ], [ -6.530239283241769, 43.548531421671711 ], [ -6.524981251700773, 43.550115800267335 ], [ -6.520544787588051, 43.549125563645077 ], [ -6.514300875133117, 43.547640208711684 ], [ -6.511836172848277, 43.548333374347266 ], [ -6.505263633422025, 43.550115800267335 ], [ -6.499841288395373, 43.551502131538498 ], [ -6.496555018682244, 43.550610918578457 ], [ -6.491625614112557, 43.549224587307293 ], [ -6.485546015143278, 43.551304084214038 ], [ -6.481931118458846, 43.552591391822986 ], [ -6.478644848745716, 43.551700178862944 ], [ -6.474208384633002, 43.550610918578457 ], [ -6.474372698118657, 43.556156243663125 ], [ -6.474372698118657, 43.561305474098887 ], [ -6.469936234005942, 43.569821509050328 ], [ -6.461391932751816, 43.568534201441395 ], [ -6.459091543952631, 43.565266420587932 ], [ -6.458762916981321, 43.564870325939026 ], [ -6.455969587725164, 43.564177160303444 ], [ -6.44578215161448, 43.561602545085563 ], [ -6.437730790817326, 43.557443551272073 ], [ -6.4291864895632, 43.552888462809662 ], [ -6.422121009679984, 43.553581628445244 ], [ -6.420806501794736, 43.554472841405286 ], [ -6.415712783739394, 43.557938669583194 ], [ -6.389751253005713, 43.55853281155656 ], [ -6.372826963983123, 43.555562101689773 ], [ -6.369212067298683, 43.55229432083631 ], [ -6.368883440327373, 43.551997249849634 ], [ -6.353602286161347, 43.551205060551823 ], [ -6.344565044450256, 43.55407674675638 ], [ -6.340621520794507, 43.556354290987585 ], [ -6.333720354396945, 43.5602162138144 ], [ -6.321396842972732, 43.561503521423333 ], [ -6.304472553950141, 43.563384971005632 ], [ -6.297078447095608, 43.568039083130259 ], [ -6.294613744810768, 43.569623461725882 ], [ -6.290177280698046, 43.569920532712558 ], [ -6.284919249157049, 43.570217603699234 ], [ -6.279003963673425, 43.572891242579345 ], [ -6.268652214077086, 43.577644378366202 ], [ -6.261422420708215, 43.577644378366202 ], [ -6.256657329624183, 43.577644378366202 ], [ -6.246798520484809, 43.584278963735343 ], [ -6.245812639570872, 43.587645768251036 ], [ -6.244005191228652, 43.594181329957962 ], [ -6.237432651802408, 43.591507691077865 ], [ -6.228066783120006, 43.587744791913266 ], [ -6.224451886435567, 43.584278963735343 ], [ -6.21952248186588, 43.579525827948501 ], [ -6.215414644724476, 43.580119969921853 ], [ -6.208677791812569, 43.581011182881895 ], [ -6.203748387242882, 43.574772692161645 ], [ -6.202433879357635, 43.572990266241575 ], [ -6.20079074450107, 43.573386360890481 ], [ -6.196518593874011, 43.574277573850509 ], [ -6.192903697189571, 43.579426804286271 ], [ -6.190110367933421, 43.578733638650689 ], [ -6.191260562333014, 43.568930296090301 ], [ -6.191424875818669, 43.567543964819137 ], [ -6.186495471248982, 43.563583018330093 ], [ -6.180744499251013, 43.565266420587932 ], [ -6.169242555255082, 43.568534201441395 ], [ -6.154290028060366, 43.567642988481353 ], [ -6.137365739037776, 43.564276183965674 ], [ -6.132107707496779, 43.559225977192142 ], [ -6.131779080525469, 43.558829882543236 ], [ -6.130628886125869, 43.559027929867682 ], [ -6.12422066018528, 43.559919142827724 ], [ -6.122906152300033, 43.558037693245424 ], [ -6.121263017443468, 43.555661125351989 ], [ -6.108117938590972, 43.556651361974261 ], [ -6.103517160992595, 43.559523048178818 ], [ -6.102859907049975, 43.559820119165494 ], [ -6.102366966593003, 43.559721095503264 ], [ -6.094151292310194, 43.558136716907654 ], [ -6.084949737113448, 43.562889852694511 ], [ -6.082156407857291, 43.56437520762789 ], [ -6.076569749344976, 43.56447423129012 ], [ -6.076569749344976, 43.56447423129012 ], [ -6.064739178377735, 43.565761538899068 ], [ -6.053401547867452, 43.571009792997046 ], [ -6.037956080215771, 43.577743402028432 ], [ -6.037134512787489, 43.579822898935177 ], [ -6.035820004902241, 43.583189703450856 ], [ -6.029083151990335, 43.585566271344291 ], [ -6.019717283307934, 43.586358460642103 ], [ -6.014952192223902, 43.58111020654411 ], [ -6.000328292000496, 43.578634614988459 ], [ -5.998356530172622, 43.576258047095038 ], [ -5.996713395316064, 43.574277573850509 ], [ -5.991291050289405, 43.576654141743944 ], [ -5.985375764805788, 43.579129733299595 ], [ -5.970916178068038, 43.579129733299595 ], [ -5.958592666643824, 43.579228756961811 ], [ -5.947747976590513, 43.584179940073128 ], [ -5.944297393391736, 43.588239910224402 ], [ -5.940189556250324, 43.592993046011244 ], [ -5.937560540479829, 43.592596951362353 ], [ -5.932302508938832, 43.591804762064541 ], [ -5.929509179682675, 43.588636004873294 ], [ -5.930166433625295, 43.591804762064541 ], [ -5.936246032594582, 43.59338914066015 ], [ -5.939039361850732, 43.594181329957962 ], [ -5.944461706877391, 43.59517156658022 ], [ -5.945118960820011, 43.597746181798101 ], [ -5.934767211223672, 43.600419820678212 ], [ -5.926880163912173, 43.599429584055954 ], [ -5.925894282998236, 43.599231536731494 ], [ -5.914720965973615, 43.606757335060678 ], [ -5.913735085059677, 43.610421210563047 ], [ -5.912091950203113, 43.616263606634391 ], [ -5.91307783111705, 43.617451890581108 ], [ -5.915542533401897, 43.620323576785665 ], [ -5.913570771574022, 43.623591357639128 ], [ -5.905519410776868, 43.623492333976898 ], [ -5.905190783805558, 43.623492333976898 ], [ -5.905190783805558, 43.623492333976898 ], [ -5.900590006207182, 43.626562067505915 ], [ -5.892210018438718, 43.625076712572522 ], [ -5.882351209299344, 43.623393310314682 ], [ -5.864933979819781, 43.634781031470681 ], [ -5.860004575250095, 43.635672244430722 ], [ -5.858032813422227, 43.639633190919767 ], [ -5.858525753879192, 43.642405853462094 ], [ -5.859018694336164, 43.645475586991111 ], [ -5.860168888735757, 43.651417006724671 ], [ -5.850967333539003, 43.658150615756057 ], [ -5.842423032284884, 43.657358426458245 ], [ -5.833714417545103, 43.645970705302233 ], [ -5.830921088288946, 43.642405853462094 ], [ -5.828949326461078, 43.639633190919767 ], [ -5.825827370233604, 43.639633190919767 ], [ -5.824512862348357, 43.640722451204255 ], [ -5.822705414006137, 43.642405853462094 ], [ -5.821062279149579, 43.643891208395488 ], [ -5.818597576864732, 43.642405853462094 ], [ -5.81531130715161, 43.640425380217579 ], [ -5.811532096981516, 43.641712687826512 ], [ -5.810710529553234, 43.639633190919767 ], [ -5.809888962124958, 43.63666248105298 ], [ -5.808738767725359, 43.633097629212841 ], [ -5.802166228299114, 43.634582984146235 ], [ -5.797401137215083, 43.635573220768492 ], [ -5.794936434930243, 43.632602510901705 ], [ -5.792964673102368, 43.630126919346054 ], [ -5.787542328075709, 43.629433753710472 ], [ -5.782448610020367, 43.628839611737106 ], [ -5.782777236991677, 43.623294286652452 ], [ -5.787213701104399, 43.61814505621669 ], [ -5.790499970817521, 43.614184109727645 ], [ -5.784091744876932, 43.611510470847534 ], [ -5.781627042592085, 43.610421210563047 ], [ -5.769632158139181, 43.605569051113974 ], [ -5.770946666024436, 43.600617868002658 ], [ -5.766674515397369, 43.597647158135885 ], [ -5.762238051284655, 43.594379377282422 ], [ -5.758787468085877, 43.588437957548848 ], [ -5.756815706258003, 43.584675058384249 ], [ -5.748107091518222, 43.583882869086452 ], [ -5.746792583632974, 43.583783845424222 ], [ -5.746299643176002, 43.583387750775316 ], [ -5.735454953122691, 43.574277573850509 ], [ -5.712779692102139, 43.569623461725882 ], [ -5.708671854960734, 43.572594171592669 ], [ -5.708343227989417, 43.572594171592669 ], [ -5.698484418850043, 43.572990266241575 ], [ -5.699305986278326, 43.567543964819137 ], [ -5.700456180677918, 43.559820119165494 ], [ -5.696184030050858, 43.551898226187404 ], [ -5.690597371538551, 43.552987486471892 ], [ -5.690433058052889, 43.552987486471892 ], [ -5.690433058052889, 43.552789439147432 ], [ -5.693390700794701, 43.54605583011606 ], [ -5.691583252452489, 43.543679262222639 ], [ -5.671865634173741, 43.542986096587043 ], [ -5.664142900347898, 43.547343137724994 ], [ -5.66315701943396, 43.54793727969836 ], [ -5.662335452005678, 43.547640208711684 ], [ -5.650340567552774, 43.543085120249273 ], [ -5.638509996585533, 43.550709942240687 ], [ -5.62684373910394, 43.551304084214038 ], [ -5.621421394077288, 43.554472841405286 ], [ -5.618628064821131, 43.556156243663125 ], [ -5.615341795108002, 43.554373817743055 ], [ -5.607619061282165, 43.550016776605105 ], [ -5.591516339687857, 43.54793727969836 ], [ -5.54879483341724, 43.550016776605105 ], [ -5.530720349995057, 43.546451924764966 ], [ -5.524147810568813, 43.549323610969523 ], [ -5.516753703714279, 43.552393344498526 ], [ -5.508702342917125, 43.549521658293969 ], [ -5.498514906806442, 43.550115800267335 ], [ -5.494407069665037, 43.547640208711684 ], [ -5.49128511343757, 43.545758759129384 ], [ -5.484548260525663, 43.5477392323739 ], [ -5.46795259847439, 43.552492368160756 ], [ -5.438869111513242, 43.551898226187404 ], [ -5.430982064201743, 43.551799202525174 ], [ -5.422109135976307, 43.553482604783014 ], [ -5.409949938037748, 43.555859172676449 ], [ -5.399105247984437, 43.55229432083631 ], [ -5.3981193670705, 43.547046066738318 ], [ -5.397462113127872, 43.543976333209315 ], [ -5.383002526390129, 43.535856392906766 ], [ -5.377908808334787, 43.537440771502389 ], [ -5.371829209365508, 43.539223197422459 ], [ -5.368707253138041, 43.537935889813511 ], [ -5.366242550853194, 43.536846629529023 ], [ -5.356876682170792, 43.532786659377763 ], [ -5.345539051660509, 43.535262250933414 ], [ -5.329272016580546, 43.534272014311156 ], [ -5.311854787100991, 43.533974943324466 ], [ -5.309883025273116, 43.534172990648926 ], [ -5.296409319449303, 43.536054440231226 ], [ -5.267325832488154, 43.519814559626127 ], [ -5.267161519002499, 43.514962400177055 ], [ -5.267161519002499, 43.507337578185641 ], [ -5.249087035580317, 43.500802016478715 ], [ -5.241857242211445, 43.493474265473978 ], [ -5.230190984729852, 43.48792894038931 ], [ -5.22509726667451, 43.485552372495889 ], [ -5.22444001273189, 43.483769946575819 ], [ -5.22296119136098, 43.479610952762314 ], [ -5.214909830563826, 43.473669533028755 ], [ -5.196671033655988, 43.476640242895542 ], [ -5.191248688629337, 43.477531455855569 ], [ -5.188126732401862, 43.477432432193339 ], [ -5.168409114123122, 43.476244148246636 ], [ -5.147541301444782, 43.477828526842245 ], [ -5.131274266364819, 43.48198752065575 ], [ -5.122894278596348, 43.484166041224725 ], [ -5.119443695397571, 43.481096307695708 ], [ -5.114514290827884, 43.476937313882217 ], [ -5.097918628776604, 43.47584805359773 ], [ -5.083787669010171, 43.474956840637688 ], [ -5.077872383526547, 43.470896870486413 ], [ -5.070971217128992, 43.466242758361787 ], [ -5.065384558616678, 43.467827136957411 ], [ -5.061933975417901, 43.468817373579668 ], [ -5.056018689934277, 43.465549592726205 ], [ -5.051582225821555, 43.463074001170554 ], [ -5.037122639083812, 43.460895480601579 ], [ -4.981091740475044, 43.459509149330415 ], [ -4.976162335905357, 43.460994504263809 ], [ -4.973533320134855, 43.461885717223836 ], [ -4.961374122196297, 43.460895480601579 ], [ -4.937877293747462, 43.459212078343739 ], [ -4.933276516149085, 43.460796456939349 ], [ -4.928347111579399, 43.462479859197202 ], [ -4.927361230665461, 43.460400362290443 ], [ -4.926539663237186, 43.458815983694834 ], [ -4.913887524841655, 43.453765776921301 ], [ -4.882175022110005, 43.44663607324101 ], [ -4.872644839941948, 43.441684890129707 ], [ -4.851284086806643, 43.441783913791937 ], [ -4.849476638464424, 43.442873174076425 ], [ -4.843725666466455, 43.44663607324101 ], [ -4.83781038098283, 43.440199535196314 ], [ -4.835017051726673, 43.437129801667311 ], [ -4.813820612077023, 43.434753233773876 ], [ -4.792788485913029, 43.432376665880454 ], [ -4.768141463064602, 43.429405956013667 ], [ -4.754339130269479, 43.424751843889041 ], [ -4.745630515529697, 43.419305542466603 ], [ -4.738400722160826, 43.414849477666422 ], [ -4.729527793935389, 43.415740690626464 ], [ -4.72377682193742, 43.416235808937586 ], [ -4.715068207197646, 43.412472909773001 ], [ -4.71079605657058, 43.410591460190702 ], [ -4.700937247431213, 43.410294389204026 ], [ -4.677769045953681, 43.409601223568444 ], [ -4.671360820013092, 43.407620750323915 ], [ -4.656408292818377, 43.402966638199288 ], [ -4.62633892494329, 43.398213502412432 ], [ -4.582631537758743, 43.399599833683595 ], [ -4.581481343359144, 43.399599833683595 ], [ -4.581317029873489, 43.399401786359149 ], [ -4.577702133189057, 43.394846697896739 ], [ -4.562256665537369, 43.39118282239437 ], [ -4.557162947482027, 43.397223265790174 ], [ -4.556670007025062, 43.397916431425756 ], [ -4.54944021365619, 43.397025218465714 ], [ -4.545332376514779, 43.400292999319177 ], [ -4.53711670223197, 43.400491046643637 ], [ -4.51230536589788, 43.3931632956389 ] ] ], [ [ [ -4.805276310822904, 43.439011251249596 ], [ -4.806919445679462, 43.436634683356175 ], [ -4.812177477220466, 43.437030778005081 ], [ -4.809384147964309, 43.441684890129707 ], [ -4.805276310822904, 43.439011251249596 ] ] ], [ [ [ -6.031219227303865, 43.588041862899942 ], [ -6.033355302617394, 43.58724967360213 ], [ -6.036970199301834, 43.588140886562172 ], [ -6.032040794732147, 43.593191093335705 ], [ -6.030397659875582, 43.589923312482242 ], [ -6.031219227303865, 43.588041862899942 ] ] ] ] } },
{ "type": "Feature", "properties": { "index": 1478, "nuts_2_code": "ES13", "nuts_2_name": "Cantabria" }, "geometry": { "type": "MultiPolygon", "coordinates": [ [ [ [ -3.15326852603539, 43.353256759761763 ], [ -3.151296764207515, 43.347216316365973 ], [ -3.153925779978017, 43.338106139441166 ], [ -3.149982256322268, 43.318796525307064 ], [ -3.15080382375055, 43.312062916275693 ], [ -3.15146107769317, 43.307210756826606 ], [ -3.158690871062049, 43.301368360755262 ], [ -3.179394370254727, 43.299387887510747 ], [ -3.193032389564195, 43.298100579901799 ], [ -3.206670408873656, 43.287307000719153 ], [ -3.207163349330628, 43.286910906070247 ], [ -3.209463738129813, 43.283445077892338 ], [ -3.213078634814252, 43.285128480150178 ], [ -3.214557456185155, 43.285821645785759 ], [ -3.218336666355249, 43.286910906070247 ], [ -3.226716654123713, 43.286514811421341 ], [ -3.227866848523313, 43.286514811421341 ], [ -3.229017042922905, 43.286811882408031 ], [ -3.264344442338988, 43.295030846372796 ], [ -3.281104417875923, 43.292060136506009 ], [ -3.289155778673077, 43.290673805234846 ], [ -3.291456167472262, 43.293149396790497 ], [ -3.297535766441541, 43.299486911172977 ], [ -3.313967115007159, 43.295426941021702 ], [ -3.321689848833003, 43.293545491439403 ], [ -3.327605134316627, 43.296813272292866 ], [ -3.332698852371969, 43.299783982159653 ], [ -3.343050601968308, 43.294238657074985 ], [ -3.341078840140433, 43.286910906070247 ], [ -3.340257272712158, 43.284435314514596 ], [ -3.338614137855593, 43.27809780013213 ], [ -3.359317637048278, 43.272453451385232 ], [ -3.36441135510362, 43.273146617020814 ], [ -3.369998013615927, 43.273839782656395 ], [ -3.382814465497113, 43.269779812505135 ], [ -3.388565437495082, 43.264234487420467 ], [ -3.394152096007389, 43.25334188457559 ], [ -3.397274052234856, 43.2473014411798 ], [ -3.403682278175452, 43.247796559490922 ], [ -3.409268936687759, 43.248192654139828 ], [ -3.411405012001296, 43.245618038921947 ], [ -3.415348535657046, 43.241062950459551 ], [ -3.438681050620225, 43.237696145943858 ], [ -3.450182994616156, 43.236111767348234 ], [ -3.444432022618194, 43.221951383649909 ], [ -3.44098143941941, 43.217099224200823 ], [ -3.433915959536193, 43.206899786991528 ], [ -3.435394780907103, 43.197987657391181 ], [ -3.435230467421441, 43.196601326120017 ], [ -3.432930078622256, 43.170261031967854 ], [ -3.423071269482882, 43.152931891078282 ], [ -3.422085388568945, 43.151050441495983 ], [ -3.41764892445623, 43.133325205957505 ], [ -3.445089276560815, 43.132136922010787 ], [ -3.452647696901003, 43.13391934793087 ], [ -3.461684938612095, 43.136196892162062 ], [ -3.482224124319117, 43.134513489904222 ], [ -3.489946858144961, 43.13382032426864 ], [ -3.508842908995426, 43.136097868499846 ], [ -3.512950746136831, 43.137385176108779 ], [ -3.543513054468882, 43.14778266064252 ], [ -3.574568303257905, 43.153030914740512 ], [ -3.586398874225154, 43.154120175025 ], [ -3.596914937307155, 43.151842630793794 ], [ -3.602830222790772, 43.150555323184861 ], [ -3.605623552046929, 43.158180145176274 ], [ -3.607102373417838, 43.162438162651995 ], [ -3.613181972387117, 43.169567866332272 ], [ -3.646701923460981, 43.179074137905985 ], [ -3.655574851686417, 43.17669757001255 ], [ -3.654753284258135, 43.171746386901248 ], [ -3.65458897077248, 43.170954197603436 ], [ -3.656067792143389, 43.170261031967854 ], [ -3.660339942770449, 43.168478606047785 ], [ -3.669212870995885, 43.157387955878463 ], [ -3.677099918307384, 43.154516269673906 ], [ -3.682029322877064, 43.143128548517893 ], [ -3.685315592590193, 43.135305679202034 ], [ -3.697146163557441, 43.127185738899485 ], [ -3.702732822069748, 43.12332381607267 ], [ -3.703883016469341, 43.120254082543653 ], [ -3.705033210868933, 43.116788254365744 ], [ -3.708155167096407, 43.115599970419026 ], [ -3.714234766065687, 43.113520473512281 ], [ -3.714727706522652, 43.112926331538915 ], [ -3.719328484121029, 43.108371243076519 ], [ -3.737895908000176, 43.104410296587474 ], [ -3.74808334411086, 43.102231776018499 ], [ -3.755970391422359, 43.098963995165036 ], [ -3.759092347649826, 43.09262648078257 ], [ -3.758763720678516, 43.090646007538041 ], [ -3.757942153250234, 43.086784084711226 ], [ -3.760571169020736, 43.083417280195533 ], [ -3.789983282953195, 43.078367073422001 ], [ -3.802142480891753, 43.082823138222182 ], [ -3.811015409117189, 43.086090919075644 ], [ -3.820216964313936, 43.082526067235491 ], [ -3.825146368883622, 43.080545593990976 ], [ -3.834676551051686, 43.082228996248816 ], [ -3.8470000624759, 43.084308493155561 ], [ -3.849793391732057, 43.075990505528566 ], [ -3.839113015164401, 43.066088139305961 ], [ -3.834019297109059, 43.061335003519105 ], [ -3.836483999393906, 43.056383820407802 ], [ -3.845685554590652, 43.050244353349768 ], [ -3.848971824303774, 43.047966809118577 ], [ -3.849793391732057, 43.04489707558956 ], [ -3.851107899617304, 43.039054679518216 ], [ -3.859323573900113, 43.041926365722773 ], [ -3.86178827618496, 43.042718555020585 ], [ -3.878219624750578, 43.042520507696139 ], [ -3.891036076631764, 43.040242963464934 ], [ -3.90237370714204, 43.025884532442149 ], [ -3.908453306111319, 43.017962639464059 ], [ -3.909932127482229, 43.01608118988176 ], [ -3.921269757992505, 43.013011456352743 ], [ -3.945095213412657, 43.006475894645817 ], [ -3.956104216951623, 42.997959859694376 ], [ -3.960869308035655, 42.992414534609708 ], [ -3.966455966547962, 42.983700452333807 ], [ -3.969742236261084, 42.976471724991299 ], [ -3.971713998088958, 42.974590275409 ], [ -3.972535565517241, 42.972213707515579 ], [ -3.972864192488558, 42.970233234271049 ], [ -3.974178700373805, 42.968252761026534 ], [ -3.978122224029555, 42.96042989171066 ], [ -3.980258299343085, 42.953993353665965 ], [ -3.981244180257022, 42.952012880421449 ], [ -3.983380255570552, 42.945972437025645 ], [ -3.989788481511141, 42.93339643192293 ], [ -3.987488092711956, 42.926068680918192 ], [ -3.973192819459868, 42.911611226233177 ], [ -3.96169087546393, 42.910720013273149 ], [ -3.945423840383967, 42.909432705664202 ], [ -3.933757582902381, 42.911215131584271 ], [ -3.936879539129848, 42.905471759175157 ], [ -3.937043852615503, 42.905372735512927 ], [ -3.933100328959753, 42.90061959972607 ], [ -3.926527789533502, 42.905273711850711 ], [ -3.925377595133909, 42.908541492704174 ], [ -3.923077206334725, 42.91487900708664 ], [ -3.910260754453539, 42.923494065700311 ], [ -3.89810155651498, 42.925078444295934 ], [ -3.891857644060046, 42.925771609931516 ], [ -3.889228628289544, 42.936862260100838 ], [ -3.886928239490359, 42.945972437025645 ], [ -3.887421179947324, 42.948745099567986 ], [ -3.8815058944637, 42.948150957594621 ], [ -3.878055311264923, 42.947853886607945 ], [ -3.872468652752609, 42.949042170554662 ], [ -3.870989831381706, 42.950329478163596 ], [ -3.866553367268985, 42.954191400990425 ], [ -3.849957705217712, 42.945972437025645 ], [ -3.840756150020965, 42.940625159265437 ], [ -3.832376162252494, 42.930227674731697 ], [ -3.832704789223811, 42.921810663442471 ], [ -3.838948701678746, 42.917849716953427 ], [ -3.843878106248432, 42.917453622304521 ], [ -3.851436526588614, 42.916958503993385 ], [ -3.858994946928803, 42.906660043121875 ], [ -3.86244553012758, 42.902005930997248 ], [ -3.886435299033387, 42.9026000729706 ], [ -3.890214509203481, 42.903491285930642 ], [ -3.900894885771137, 42.905966877486293 ], [ -3.897937243029325, 42.897648889859298 ], [ -3.894650973316203, 42.889033831245612 ], [ -3.900073318342855, 42.876556849805127 ], [ -3.904838409426887, 42.871209572044918 ], [ -3.912232516281414, 42.862990608080139 ], [ -3.882491775377638, 42.852890194533074 ], [ -3.874440414580484, 42.853583360168656 ], [ -3.870496890924734, 42.858831614266649 ], [ -3.871318458353016, 42.870318359084877 ], [ -3.871811398809989, 42.875764660507315 ], [ -3.86178827618496, 42.887251405325543 ], [ -3.838455761221773, 42.879032441360778 ], [ -3.825310682369278, 42.868535933164807 ], [ -3.830075773453309, 42.860911111173394 ], [ -3.834183610594714, 42.854177502142022 ], [ -3.820874218256563, 42.839819071119223 ], [ -3.817587948543441, 42.836155195616854 ], [ -3.818080889000406, 42.833283509412297 ], [ -3.819231083399998, 42.826945995029831 ], [ -3.818573829457378, 42.824074308825274 ], [ -3.816273440658186, 42.813280729642628 ], [ -3.82366754751272, 42.799912535242086 ], [ -3.829418519510682, 42.798922298619829 ], [ -3.853736915387806, 42.787930672112736 ], [ -3.863760038012835, 42.786841411828249 ], [ -3.879862759607143, 42.795555494104136 ], [ -3.894322346344886, 42.803477387082239 ], [ -3.900401945314165, 42.790505287330603 ], [ -3.900401945314165, 42.790406263668388 ], [ -3.900401945314165, 42.790406263668388 ], [ -3.908946246568291, 42.786049222530437 ], [ -3.910260754453539, 42.776146856307818 ], [ -3.911082321881821, 42.769215199951987 ], [ -3.92357014679169, 42.769512270938662 ], [ -3.927842297418756, 42.771690791507638 ], [ -3.931785821074506, 42.773671264752167 ], [ -3.947066975240531, 42.768323986991959 ], [ -3.946902661754876, 42.765452300787402 ], [ -3.946574034783559, 42.761887448947249 ], [ -3.952489320267183, 42.761491354298343 ], [ -3.953310887695466, 42.761689401622803 ], [ -3.956597157408588, 42.762184519933939 ], [ -3.957583038322525, 42.761788425285033 ], [ -3.965634399119679, 42.75852064443157 ], [ -3.978943791457837, 42.758025526120434 ], [ -3.98042261282874, 42.761788425285033 ], [ -3.981079866771367, 42.765749371774078 ], [ -3.981572807228332, 42.768224963329729 ], [ -3.983708882541862, 42.768323986991959 ], [ -3.987981033168928, 42.770502507560934 ], [ -3.990610048939423, 42.77089860220984 ], [ -3.994553572595173, 42.768522034316405 ], [ -3.996525334423048, 42.768423010654175 ], [ -3.99701827488002, 42.768323986991959 ], [ -3.999647290650515, 42.768918128965311 ], [ -3.996196707451737, 42.785356056894855 ], [ -3.99701827488002, 42.80139789017548 ], [ -3.999975917621832, 42.808824664842447 ], [ -4.000468858078797, 42.810012948789165 ], [ -4.000797485050107, 42.817835818105024 ], [ -4.001290425507079, 42.827639160665413 ], [ -4.005562576134139, 42.831005965181106 ], [ -4.011642175103418, 42.829322562923252 ], [ -4.019693535900572, 42.82011336233623 ], [ -4.01854334150098, 42.815756321198279 ], [ -4.01640726618745, 42.808626617517987 ], [ -4.030866852925193, 42.801298866513264 ], [ -4.032345674296103, 42.800506677215452 ], [ -4.032181360810448, 42.79981351157987 ], [ -4.029880972011256, 42.789416027046116 ], [ -4.033495868695695, 42.7874355538016 ], [ -4.041054289035884, 42.78921797972167 ], [ -4.041711542978504, 42.7893170033839 ], [ -4.048777022861721, 42.781692181392486 ], [ -4.049762903775658, 42.774364430387749 ], [ -4.046148007091226, 42.766838632058565 ], [ -4.05452799485969, 42.763372803880642 ], [ -4.062579355656844, 42.762382567258385 ], [ -4.071945224339245, 42.760699165000545 ], [ -4.081475406507309, 42.761590377960573 ], [ -4.085090303191741, 42.770502507560934 ], [ -4.08837657290487, 42.772482980805449 ], [ -4.095277739302432, 42.7768400219434 ], [ -4.101193024786049, 42.791099429303969 ], [ -4.118774567751267, 42.793773068184066 ], [ -4.121239270036106, 42.794169162832972 ], [ -4.125675734148828, 42.793773068184066 ], [ -4.152787459282102, 42.791891618601781 ], [ -4.182363886700216, 42.812290493020356 ], [ -4.182528200185878, 42.81823191275393 ], [ -4.173326644989125, 42.812488540344816 ], [ -4.167575672991163, 42.814171942602655 ], [ -4.161824700993193, 42.815756321198279 ], [ -4.164289403278033, 42.820608480647351 ], [ -4.165439597677633, 42.821004575296257 ], [ -4.178748990015784, 42.826153805732019 ], [ -4.165768224648943, 42.828827444612131 ], [ -4.157552550366134, 42.837046408576896 ], [ -4.153280399739067, 42.833976675047879 ], [ -4.148186681683725, 42.830213775883294 ], [ -4.142600023171418, 42.830015728558834 ], [ -4.136191797230822, 42.840017118443683 ], [ -4.128140436433668, 42.846255609163933 ], [ -4.127318869005393, 42.856455046373213 ], [ -4.139313753458296, 42.860713063848948 ], [ -4.145886292884541, 42.862990608080139 ], [ -4.146050606370196, 42.863485726391275 ], [ -4.1501584435116, 42.871407619369364 ], [ -4.163139208878441, 42.862891584417923 ], [ -4.168725867390755, 42.859227708915554 ], [ -4.172998018017815, 42.858831614266649 ], [ -4.181378005786279, 42.858138448631067 ], [ -4.19008662052606, 42.851899957910817 ], [ -4.199452489208461, 42.845166348879445 ], [ -4.209804238804807, 42.845265372541661 ], [ -4.218512853544581, 42.850315579315193 ], [ -4.224756765999523, 42.858138448631067 ], [ -4.22426382554255, 42.87992365432082 ], [ -4.230672051483147, 42.896658653237026 ], [ -4.229850484054865, 42.903095191281736 ], [ -4.226564214341742, 42.906660043121875 ], [ -4.223442258114268, 42.910026847637567 ], [ -4.2282073491983, 42.91299755750434 ], [ -4.237080277423736, 42.918740929913454 ], [ -4.238394785308984, 42.939337851656504 ], [ -4.238723412280301, 42.945972437025645 ], [ -4.238394785308984, 42.954191400990425 ], [ -4.26419200255701, 42.965381074821977 ], [ -4.2811162915796, 42.96676740609314 ], [ -4.345691491442487, 42.972114683853349 ], [ -4.362944407436395, 42.984888736280524 ], [ -4.373460470518388, 42.996276457436522 ], [ -4.376911053717166, 43.007961249579211 ], [ -4.385455354971292, 43.01608118988176 ], [ -4.386769862856539, 43.017962639464059 ], [ -4.391534953940571, 43.025092343144337 ], [ -4.39761455290985, 43.034103496406914 ], [ -4.404187092336102, 43.037965419233728 ], [ -4.419468246502127, 43.042322460371679 ], [ -4.431134503983721, 43.045590241225142 ], [ -4.440500372666122, 43.053017015892109 ], [ -4.445429777235809, 43.057076986043384 ], [ -4.456110153803458, 43.0571760097056 ], [ -4.462025439287082, 43.061037932532429 ], [ -4.470898367512518, 43.05123458997204 ], [ -4.471719934940801, 43.049551187714187 ], [ -4.476813652996142, 43.038955655856 ], [ -4.496366957789235, 43.038262490220418 ], [ -4.506718707385573, 43.041827342060557 ], [ -4.521342607608972, 43.04697657249632 ], [ -4.535966507832377, 43.036480064300335 ], [ -4.558970395824247, 43.020141160033035 ], [ -4.571622534219777, 43.025686485117689 ], [ -4.573594296047652, 43.02657769807773 ], [ -4.575894684846837, 43.0264786744155 ], [ -4.59002564461327, 43.025983556104364 ], [ -4.597912691924769, 43.030538644566775 ], [ -4.606456993178888, 43.035390804015847 ], [ -4.624202849629761, 43.025884532442149 ], [ -4.638991063338821, 43.017962639464059 ], [ -4.641127138652351, 43.016774355517342 ], [ -4.644249094879818, 43.017962639464059 ], [ -4.64901418596385, 43.019646041721899 ], [ -4.652300455676972, 43.020834325668616 ], [ -4.672511014412684, 43.021329443979738 ], [ -4.685984720236497, 43.026181603428824 ], [ -4.705538025029583, 43.025587461455473 ], [ -4.716218401597239, 43.020636278344156 ], [ -4.72131211965258, 43.018259710450735 ], [ -4.737907781703854, 43.020933349330832 ], [ -4.74250855930223, 43.02816207667334 ], [ -4.739057976103453, 43.036480064300335 ], [ -4.734621511990731, 43.047075596158535 ], [ -4.74398738067314, 43.055195536461085 ], [ -4.756310892097353, 43.055690654772206 ], [ -4.76518382032279, 43.056086749421112 ], [ -4.76584107426541, 43.063909618736986 ], [ -4.766826955179347, 43.074703197919632 ], [ -4.792788485913029, 43.085595800764509 ], [ -4.796403382597468, 43.086784084711226 ], [ -4.796732009568778, 43.086883108373442 ], [ -4.81628531436187, 43.093121599093692 ], [ -4.819242957103683, 43.096290356284925 ], [ -4.821214718931557, 43.098270829529454 ], [ -4.828444512300429, 43.100845444747335 ], [ -4.833209603384461, 43.102627870667405 ], [ -4.835674305669301, 43.109064408712101 ], [ -4.836002932640611, 43.110549763645494 ], [ -4.837153127040203, 43.115698994081257 ], [ -4.84421860692342, 43.121442366490371 ], [ -4.850298205892706, 43.126096478614997 ], [ -4.843561352980799, 43.133325205957505 ], [ -4.843397039495144, 43.133523253281965 ], [ -4.843397039495144, 43.134216418917546 ], [ -4.843397039495144, 43.144910974437963 ], [ -4.840275083267677, 43.147089495006938 ], [ -4.838631948411113, 43.148277778953656 ], [ -4.835509992183646, 43.156892837567327 ], [ -4.840275083267677, 43.167092274776621 ], [ -4.844382920409082, 43.169567866332272 ], [ -4.850791146349671, 43.173231741834641 ], [ -4.841096650695953, 43.180757540163825 ], [ -4.82302216727377, 43.178579019594849 ], [ -4.815956687390553, 43.182440942421678 ], [ -4.815628060419243, 43.182738013408354 ], [ -4.792788485913029, 43.184520439328423 ], [ -4.777835958718313, 43.191452095684255 ], [ -4.760418729238758, 43.186302865248493 ], [ -4.754010503298169, 43.184322392003963 ], [ -4.743823067187478, 43.184619462990653 ], [ -4.735607392904669, 43.188778456804144 ], [ -4.733471317591139, 43.194224758226582 ], [ -4.736428960332951, 43.196898397106693 ], [ -4.736264646847296, 43.201255438244644 ], [ -4.735936019875979, 43.207097834315988 ], [ -4.731499555763264, 43.212445112076196 ], [ -4.728706226507107, 43.215910940254105 ], [ -4.729034853478424, 43.218485555471986 ], [ -4.729692107421045, 43.223535762245518 ], [ -4.725419956793985, 43.226902566761211 ], [ -4.721969373595208, 43.229774252965768 ], [ -4.722626627537828, 43.240567832148415 ], [ -4.722790941023483, 43.24096392679732 ], [ -4.731006615306299, 43.257302831064635 ], [ -4.713096445369771, 43.260669635580328 ], [ -4.706030965486555, 43.266908126300564 ], [ -4.692557259662742, 43.265026676718279 ], [ -4.676290224582779, 43.26760129193616 ], [ -4.66659572892906, 43.26571984235386 ], [ -4.659530249045844, 43.264333511082697 ], [ -4.648028305049912, 43.267997386585051 ], [ -4.633240091340852, 43.26730422094947 ], [ -4.633240091340852, 43.27354271166972 ], [ -4.633240091340852, 43.2779987764699 ], [ -4.623216968715823, 43.287406024381383 ], [ -4.603663663922738, 43.298595698212935 ], [ -4.582795851244398, 43.291267947208198 ], [ -4.580331148959552, 43.29037673424817 ], [ -4.578523700617339, 43.290475757910386 ], [ -4.567843324049683, 43.290772828897076 ], [ -4.554205304740215, 43.286910906070247 ], [ -4.553383737311933, 43.281563628310039 ], [ -4.552397856397995, 43.276513421536507 ], [ -4.547304138342653, 43.268987623207323 ], [ -4.537281015717625, 43.270274930816257 ], [ -4.521506921094634, 43.280375344363321 ], [ -4.518549278352822, 43.293941586088309 ], [ -4.518713591838477, 43.298595698212935 ], [ -4.519042218809787, 43.309884395706717 ], [ -4.520192413209379, 43.314538507831344 ], [ -4.527093579606941, 43.327510607582965 ], [ -4.522985742465536, 43.33335300365431 ], [ -4.522328488522909, 43.335729571547745 ], [ -4.522985742465536, 43.338007115778936 ], [ -4.531858670690973, 43.340878801983493 ], [ -4.536623761775004, 43.342364156916886 ], [ -4.539417091031162, 43.34394853551251 ], [ -4.535144940404095, 43.351672381166154 ], [ -4.537281015717625, 43.355732351317414 ], [ -4.531530043719663, 43.359792321468689 ], [ -4.534323372975813, 43.367219096135656 ], [ -4.525450444750383, 43.366922025148966 ], [ -4.523642996408164, 43.366922025148966 ], [ -4.511812425440915, 43.379894124900602 ], [ -4.51230536589788, 43.3931632956389 ], [ -4.494230882475698, 43.397124242127944 ], [ -4.486672462135516, 43.393460366625575 ], [ -4.475827772082205, 43.394351579585617 ], [ -4.474348950711303, 43.392965248314454 ], [ -4.471226994483835, 43.390192585772112 ], [ -4.459889363973552, 43.392866224652224 ], [ -4.443293701922279, 43.396629123816808 ], [ -4.431134503983721, 43.39326231930113 ], [ -4.429162742155846, 43.396629123816808 ], [ -4.415031782389406, 43.397916431425756 ], [ -4.382333398743825, 43.392272082678858 ], [ -4.375432232346263, 43.39118282239437 ], [ -4.359329510751955, 43.398510573399108 ], [ -4.343719729614612, 43.405640277079399 ], [ -4.339283265501898, 43.404055898483776 ], [ -4.33829738458796, 43.398510573399108 ], [ -4.33796875761665, 43.396332052830132 ], [ -4.333203666532619, 43.392074035354412 ], [ -4.320058587680123, 43.389400396474301 ], [ -4.295575878317344, 43.392074035354412 ], [ -4.292453922089877, 43.392371106341088 ], [ -4.292453922089877, 43.392371106341088 ], [ -4.280951978093945, 43.38712285224311 ], [ -4.26419200255701, 43.393856461274481 ], [ -4.254168879931981, 43.395836934519011 ], [ -4.231986559368394, 43.400292999319177 ], [ -4.228043035712645, 43.398312526074662 ], [ -4.222292063714676, 43.395539863532321 ], [ -4.21128306017571, 43.399797881008055 ], [ -4.209311298347835, 43.400689093968083 ], [ -4.206189342120368, 43.400292999319177 ], [ -4.200274056636744, 43.399599833683595 ], [ -4.192387009325245, 43.401580306928125 ], [ -4.181213692300624, 43.404451993132682 ], [ -4.177105855159219, 43.402966638199288 ], [ -4.173819585446097, 43.401778354252571 ], [ -4.154759221109977, 43.409205128919538 ], [ -4.14802236819807, 43.411878767799635 ], [ -4.147036487284133, 43.412076815124095 ], [ -4.132412587060735, 43.413760217381935 ], [ -4.097906755072927, 43.42643524614688 ], [ -4.093963231417177, 43.430891310947061 ], [ -4.092813037017585, 43.432376665880454 ], [ -4.083447168335184, 43.436634683356175 ], [ -4.080818152564682, 43.434753233773876 ], [ -4.075560121023685, 43.431188381933737 ], [ -4.056171129716255, 43.433762997151618 ], [ -4.048612709376066, 43.438120038289568 ], [ -4.047626828462128, 43.44069465350745 ], [ -4.046640947548191, 43.443467316049777 ], [ -4.043354677835069, 43.441684890129707 ], [ -4.043190364349414, 43.441486842805261 ], [ -4.042040169949814, 43.436634683356175 ], [ -4.035303317037915, 43.435248352085011 ], [ -4.032017047324793, 43.439704416885192 ], [ -4.021665297728447, 43.445348765632076 ], [ -4.017228833615732, 43.447725333525497 ], [ -4.0124637425317, 43.445348765632076 ], [ -4.001126112021424, 43.439803440547408 ], [ -3.989624168025486, 43.443962434360913 ], [ -3.986666525283674, 43.445150718307616 ], [ -3.985023390427116, 43.443764387036452 ], [ -3.982065747685304, 43.441189771818571 ], [ -3.95889754620778, 43.454359918894653 ], [ -3.951832066324563, 43.461390598912715 ], [ -3.944437959470029, 43.468619326255222 ], [ -3.937208166101158, 43.468718349917438 ], [ -3.932936015474098, 43.468817373579668 ], [ -3.928663864847032, 43.470302728513062 ], [ -3.916340353422818, 43.474461722326566 ], [ -3.894486659830541, 43.476739266557757 ], [ -3.893993719373576, 43.476442195571082 ], [ -3.889557255260854, 43.47406562767766 ], [ -3.881670207949362, 43.474758793313242 ], [ -3.875590608980083, 43.477828526842245 ], [ -3.862609843613242, 43.477234384868893 ], [ -3.846671435504589, 43.48198752065575 ], [ -3.836648312879561, 43.48208654431798 ], [ -3.82580362282625, 43.488721129687121 ], [ -3.82399617448403, 43.489711366309393 ], [ -3.811508349574162, 43.493375241811748 ], [ -3.78554681884048, 43.48812698771377 ], [ -3.784232310955225, 43.479908023749005 ], [ -3.78373937049826, 43.476739266557757 ], [ -3.78160329518473, 43.474659769651012 ], [ -3.775523696215451, 43.468322255268546 ], [ -3.7873542671827, 43.464757403428393 ], [ -3.799677778606913, 43.460895480601579 ], [ -3.815451873229911, 43.450200925081162 ], [ -3.824982055397967, 43.448121428174403 ], [ -3.830404400424619, 43.441387819143031 ], [ -3.830404400424619, 43.434951281098336 ], [ -3.831061654367247, 43.431881547569319 ], [ -3.825639309340595, 43.431089358271507 ], [ -3.819724023856971, 43.430198145311479 ], [ -3.806907571975785, 43.423959654591229 ], [ -3.814794619287284, 43.418216282182115 ], [ -3.822024412656155, 43.412769980759677 ], [ -3.814465992315974, 43.402075425239246 ], [ -3.811508349574162, 43.407125632012779 ], [ -3.806250318033157, 43.416235808937586 ], [ -3.798198957236004, 43.414750454004192 ], [ -3.790804850381477, 43.417523116546533 ], [ -3.780288787299476, 43.421484063035578 ], [ -3.785382505354825, 43.426732317133556 ], [ -3.789326029010567, 43.430792287284831 ], [ -3.783246430041288, 43.43267373686713 ], [ -3.779138592899884, 43.433961044476064 ], [ -3.775195069244134, 43.440100511534084 ], [ -3.770265664674447, 43.447824357187727 ], [ -3.756134704908014, 43.4469331442277 ], [ -3.755477450965394, 43.441981961116383 ], [ -3.757942153250234, 43.438516132938474 ], [ -3.761392736449018, 43.433862020813848 ], [ -3.755641764451049, 43.430495216298155 ], [ -3.74808334411086, 43.431386429258183 ], [ -3.742496685598553, 43.432178618555994 ], [ -3.748576284567832, 43.437525896316217 ], [ -3.74775471713955, 43.449507759445567 ], [ -3.749397851996115, 43.451884327339002 ], [ -3.753012748680547, 43.456736486788088 ], [ -3.745454328340365, 43.458419889045928 ], [ -3.731323368573932, 43.461588646237161 ], [ -3.720314365034966, 43.472283201757591 ], [ -3.717192408807499, 43.475253911624364 ], [ -3.704540270411968, 43.478521692477827 ], [ -3.703718702983686, 43.478422668815611 ], [ -3.685479906075848, 43.477432432193339 ], [ -3.655081911229452, 43.49248402885172 ], [ -3.653274462887232, 43.493375241811748 ], [ -3.643251340262204, 43.498128377598604 ], [ -3.636678800835952, 43.498227401260834 ], [ -3.6128533454158, 43.49862349590974 ], [ -3.603980417190371, 43.507931720158993 ], [ -3.603980417190371, 43.508030743821223 ], [ -3.594285921536652, 43.513179974256985 ], [ -3.582948291026376, 43.512486808621404 ], [ -3.582126723598094, 43.511199501012456 ], [ -3.578511826913655, 43.506446365225599 ], [ -3.557972641206632, 43.507733672834547 ], [ -3.548606772524224, 43.508327814807899 ], [ -3.541705606126669, 43.502089324087649 ], [ -3.542034233097979, 43.498029353936388 ], [ -3.542527173554944, 43.493177194487302 ], [ -3.530696602587703, 43.490998673918327 ], [ -3.525109944075389, 43.492186957865044 ], [ -3.51689426979258, 43.493969383785114 ], [ -3.514100940536423, 43.491988910540584 ], [ -3.513936627050768, 43.487532845740418 ], [ -3.513772313565113, 43.481096307695708 ], [ -3.509500162938046, 43.477333408531123 ], [ -3.49635508408555, 43.471788083446455 ], [ -3.475487271407211, 43.468817373579668 ], [ -3.471872374722778, 43.468421278930762 ], [ -3.435066153935786, 43.464163261455042 ], [ -3.426521852681667, 43.455152108192465 ], [ -3.426850479652977, 43.443764387036452 ], [ -3.437366542734971, 43.437723943640663 ], [ -3.459055922841593, 43.439308322236286 ], [ -3.460699057698157, 43.44079367716968 ], [ -3.464971208325217, 43.444655599996494 ], [ -3.465464148782182, 43.435644446733917 ], [ -3.4830456917474, 43.432277642218224 ], [ -3.491425679515864, 43.423167465293417 ], [ -3.482224124319117, 43.430891310947061 ], [ -3.462013565583405, 43.431485452920413 ], [ -3.462670819526032, 43.4037588274971 ], [ -3.460206117241185, 43.403362732848194 ], [ -3.455605339642815, 43.425048914875717 ], [ -3.454455145243223, 43.429901074324803 ], [ -3.450840248558784, 43.435050304760551 ], [ -3.440324185476783, 43.425345985862393 ], [ -3.428657927995197, 43.414552406679746 ], [ -3.419292059312788, 43.413661193719705 ], [ -3.416663043542293, 43.415344595977558 ], [ -3.412555206400889, 43.418018234857655 ], [ -3.406968547888575, 43.415641666964234 ], [ -3.38527916778196, 43.415344595977558 ], [ -3.382157211554485, 43.415344595977558 ], [ -3.38199289806883, 43.415344595977558 ], [ -3.372791342872084, 43.416532879924262 ], [ -3.370326640587244, 43.415344595977558 ], [ -3.363261160704027, 43.411977791461865 ], [ -3.347980006537995, 43.415344595977558 ], [ -3.3453509907675, 43.41593873795091 ], [ -3.34140746711175, 43.415344595977558 ], [ -3.336149435570753, 43.414552406679746 ], [ -3.334506300714189, 43.414750454004192 ], [ -3.327933761287937, 43.415146548653098 ], [ -3.326454939917035, 43.410393412866242 ], [ -3.325140432031787, 43.406234419052751 ], [ -3.319060833062501, 43.403164685523734 ], [ -3.313638488035849, 43.404055898483776 ], [ -3.312488293636257, 43.405541253417169 ], [ -3.3096949643801, 43.408809034270632 ], [ -3.302300857525573, 43.409007081595078 ], [ -3.286526762902575, 43.403857851159316 ], [ -3.256293081541834, 43.402768590874828 ], [ -3.240026046461871, 43.398510573399108 ], [ -3.222937443953626, 43.393658413950035 ], [ -3.223759011381901, 43.39118282239437 ], [ -3.225237832752811, 43.386330662945298 ], [ -3.216529218013029, 43.385637497309716 ], [ -3.213735888756872, 43.377121462358261 ], [ -3.200919436875694, 43.373358563193676 ], [ -3.197797480648227, 43.372467350233634 ], [ -3.196154345791662, 43.369595664029077 ], [ -3.19352533002116, 43.365040575566681 ], [ -3.190403373793693, 43.365040575566681 ], [ -3.185638282709661, 43.365040575566681 ], [ -3.182680639967849, 43.361277676402082 ], [ -3.180708878139981, 43.358604037521971 ], [ -3.171343009457573, 43.357910871886389 ], [ -3.162963021689109, 43.351969452152829 ], [ -3.15326852603539, 43.353256759761763 ] ], [ [ -3.910096440967884, 42.891806493787954 ], [ -3.915683099480191, 42.889231878570072 ], [ -3.91929799616463, 42.891509422801278 ], [ -3.923405833306035, 42.889231878570072 ], [ -3.919133682678975, 42.887053358001097 ], [ -3.915190159023226, 42.889033831245612 ], [ -3.908617619596974, 42.885468979405474 ], [ -3.905002722912542, 42.886162145041055 ], [ -3.910096440967884, 42.891806493787954 ] ], [ [ -4.095934993245052, 42.795951588753042 ], [ -4.093634604445867, 42.797040849037529 ], [ -4.091498529132338, 42.798031085659801 ], [ -4.089526767304463, 42.800308629890992 ], [ -4.088869513361836, 42.803081292433333 ], [ -4.087719318962243, 42.805556883988984 ], [ -4.089362453818808, 42.809121735829123 ], [ -4.088869513361836, 42.813181705980398 ], [ -4.088869513361836, 42.818528983740606 ], [ -4.091827156103648, 42.821004575296257 ], [ -4.095934993245052, 42.823084072203002 ], [ -4.103000473128269, 42.825460640096438 ], [ -4.107272623755335, 42.827738184327643 ], [ -4.10924438558321, 42.825064545447532 ], [ -4.112530655296332, 42.822291882905205 ], [ -4.112202028325015, 42.818429960078376 ], [ -4.113187909238952, 42.816251439509401 ], [ -4.10990163952583, 42.81367682429152 ], [ -4.109408699068865, 42.813280729642628 ], [ -4.105793802384426, 42.808428570193541 ], [ -4.109408699068865, 42.803081292433333 ], [ -4.106779683298363, 42.79971448791764 ], [ -4.101521651757366, 42.793773068184066 ], [ -4.095934993245052, 42.795951588753042 ] ] ], [ [ [ -3.279625596505014, 43.19967105964902 ], [ -3.284883628046011, 43.197195468093369 ], [ -3.296549885527604, 43.206899786991528 ], [ -3.295235377642356, 43.210761709818343 ], [ -3.293099302328827, 43.217099224200823 ], [ -3.297042825984576, 43.224724046192236 ], [ -3.293263615814482, 43.240567832148415 ], [ -3.301314976611636, 43.24878679611318 ], [ -3.304436932839103, 43.252054576966643 ], [ -3.304601246324758, 43.258590138673569 ], [ -3.283733433646418, 43.261560848540356 ], [ -3.279296969533704, 43.262154990513721 ], [ -3.277982461648456, 43.262749132487073 ], [ -3.2673020850808, 43.266809102638348 ], [ -3.249227601658617, 43.259679398958056 ], [ -3.253499752285677, 43.244429754975243 ], [ -3.264344442338988, 43.235319578050436 ], [ -3.26976678736564, 43.230764489588026 ], [ -3.268616592966048, 43.227001590423441 ], [ -3.267466398566455, 43.223139667596612 ], [ -3.268780906451703, 43.220763099703191 ], [ -3.270588354793922, 43.217495318849728 ], [ -3.26910953342302, 43.212841206725102 ], [ -3.266644831138173, 43.20581052670704 ], [ -3.274203251478362, 43.202245674866901 ], [ -3.279625596505014, 43.19967105964902 ] ] ], [ [ [ -3.727872785375148, 43.471094917810873 ], [ -3.729844547203022, 43.469114444566344 ], [ -3.731980622516552, 43.470302728513062 ], [ -3.731487682059587, 43.474263675002106 ], [ -3.728858666289085, 43.476640242895542 ], [ -3.727215531432527, 43.474461722326566 ], [ -3.727872785375148, 43.471094917810873 ] ] ] ] } },
{ "type": "Feature", "properties": { "index": 1479, "nuts_2_code": "ES61", "nuts_2_name": "Andalucía" }, "geometry": { "type": "MultiPolygon", "coordinates": [ [ [ [ -4.268957093641042, 38.347214539581465 ], [ -4.271586109411537, 38.362860278213198 ], [ -4.272407676839819, 38.364543680471037 ], [ -4.277994335352133, 38.378010898533795 ], [ -4.276186887009914, 38.389794714338706 ], [ -4.265342196956603, 38.398904891263513 ], [ -4.255812014788546, 38.401380482819164 ], [ -4.222456377200331, 38.397122465343436 ], [ -4.169876061790347, 38.384744507565173 ], [ -4.157552550366134, 38.381971845022839 ], [ -4.155087848081287, 38.382863057982874 ], [ -4.144900411970603, 38.386427909823013 ], [ -4.132248273575073, 38.381476726711711 ], [ -4.127318869005393, 38.379595277129411 ], [ -4.118774567751267, 38.380684537413899 ], [ -4.10957301255452, 38.381872821360616 ], [ -4.097413814615962, 38.379496253467188 ], [ -4.084925989706086, 38.376921638249307 ], [ -4.077038942394587, 38.378208945858248 ], [ -4.068658954626123, 38.379595277129411 ], [ -4.046640947548191, 38.377515780222666 ], [ -4.03333155521004, 38.375733354302596 ], [ -4.025773134869851, 38.374644094018109 ], [ -4.005398262648484, 38.368207555973406 ], [ -3.991595929853361, 38.369890958231252 ], [ -3.964484204720087, 38.366227082728884 ], [ -3.913218397195351, 38.369296816257894 ], [ -3.908781933082636, 38.370089005555705 ], [ -3.873290220180891, 38.376921638249307 ], [ -3.865731799840709, 38.374842141342555 ], [ -3.859816514357085, 38.373356786409168 ], [ -3.854229855844771, 38.375139212329238 ], [ -3.849793391732057, 38.378109922196018 ], [ -3.845356927619335, 38.381773797698386 ], [ -3.838127134250463, 38.385833767849661 ], [ -3.833854983623404, 38.390289832649835 ], [ -3.830568713910282, 38.392963471529939 ], [ -3.831883221795529, 38.397122465343436 ], [ -3.832540475738156, 38.399697080561317 ], [ -3.831061654367247, 38.404351192685951 ], [ -3.830075773453309, 38.412867227637399 ], [ -3.82432480145534, 38.416333055815308 ], [ -3.782589176098668, 38.425146161753439 ], [ -3.76467900616214, 38.424056901468951 ], [ -3.748247657596522, 38.417422316099795 ], [ -3.739703356342396, 38.41405551158411 ], [ -3.735102578744019, 38.418016458073154 ], [ -3.72869435280343, 38.423561783157815 ], [ -3.719492797606684, 38.42029400230436 ], [ -3.700103806299246, 38.413164298624075 ], [ -3.676935604821722, 38.409302375797253 ], [ -3.651631328030668, 38.405044358321533 ], [ -3.629613320952735, 38.397122465343436 ], [ -3.622054900612554, 38.394349802801109 ], [ -3.598229445192402, 38.398508796614607 ], [ -3.585905933768188, 38.407123855228278 ], [ -3.585905933768188, 38.425344209077892 ], [ -3.585905933768188, 38.434949504313828 ], [ -3.582783977540714, 38.450298171958877 ], [ -3.567831450346006, 38.451783526892271 ], [ -3.543348740983227, 38.445743083496474 ], [ -3.53628326110001, 38.440395805736266 ], [ -3.532832677901233, 38.433068054731528 ], [ -3.533161304872543, 38.425839327389021 ], [ -3.533654245329515, 38.417224268775342 ], [ -3.527246019388919, 38.40920335213503 ], [ -3.484524513118309, 38.403658027050362 ], [ -3.472036688208433, 38.398409772952377 ], [ -3.453140637357969, 38.400192198872446 ], [ -3.440159871991128, 38.404945334659303 ], [ -3.433587332564883, 38.407420926214961 ], [ -3.431779884222664, 38.407420926214961 ], [ -3.425207344796412, 38.407420926214961 ], [ -3.420606567198043, 38.41217406200181 ], [ -3.410583444573014, 38.422967641184464 ], [ -3.403025024232825, 38.424651043442303 ], [ -3.390044258865984, 38.432275865433716 ], [ -3.377556433956116, 38.439702640100677 ], [ -3.379692509269645, 38.448218675052125 ], [ -3.380349763212273, 38.450595242945553 ], [ -3.375091731671269, 38.475252134839863 ], [ -3.335327868142471, 38.480500388937848 ], [ -3.326454939917035, 38.482183791195695 ], [ -3.321689848833003, 38.480401365275625 ], [ -3.320211027462101, 38.479906246964489 ], [ -3.316103190320696, 38.479708199640044 ], [ -3.313309861064539, 38.479609175977814 ], [ -3.310352218322727, 38.480500388937848 ], [ -3.307065948609605, 38.480005270626719 ], [ -3.305258500267385, 38.479312104991138 ], [ -3.301643603582946, 38.475549205826539 ], [ -3.297864393412851, 38.471687282999724 ], [ -3.289648719130042, 38.468815596795167 ], [ -3.287348330330857, 38.468023407497355 ], [ -3.28603382244561, 38.466736099888415 ], [ -3.279625596505014, 38.460794680154848 ], [ -3.267137771595145, 38.459210301559231 ], [ -3.232138999150372, 38.454754236759051 ], [ -3.219486860754841, 38.452971810838982 ], [ -3.209628051615468, 38.452773763514529 ], [ -3.200590809904376, 38.451486455905588 ], [ -3.194675524420752, 38.451090361256689 ], [ -3.19138925470763, 38.450199148296647 ], [ -3.180051624197354, 38.449902077309972 ], [ -3.15754067666245, 38.442376278980788 ], [ -3.155240287863265, 38.441485066020753 ], [ -3.149982256322268, 38.440098734749583 ], [ -3.138315998840675, 38.438613379816189 ], [ -3.130264638043521, 38.438811427140642 ], [ -3.119748574961527, 38.447525509416543 ], [ -3.101838405024999, 38.457427875639162 ], [ -3.065525124694979, 38.477628702733291 ], [ -3.025925574651829, 38.436434859247214 ], [ -3.007851091229647, 38.417521339762025 ], [ -3.007193837287019, 38.416432079477538 ], [ -3.002428746202995, 38.408312139174996 ], [ -2.992898564034931, 38.427324682322414 ], [ -2.993884444948868, 38.440989947709618 ], [ -2.994377385405841, 38.448119651389902 ], [ -2.985833084151714, 38.451783526892271 ], [ -2.975645648041031, 38.456239591692444 ], [ -2.968744481643469, 38.46455757931944 ], [ -2.963815077073782, 38.47069704637746 ], [ -2.956585283704911, 38.469409738768519 ], [ -2.955106462334008, 38.469211691444066 ], [ -2.952148819592196, 38.470003880741878 ], [ -2.938675113768383, 38.474162874555375 ], [ -2.914028090919956, 38.468617549470714 ], [ -2.906798297551077, 38.469706809755202 ], [ -2.889874008528487, 38.458319088599197 ], [ -2.881494020760023, 38.452674739852306 ], [ -2.883465782587898, 38.456140568030222 ], [ -2.883794409559208, 38.456734710003573 ], [ -2.879357945446493, 38.458121041274744 ], [ -2.878700691503866, 38.463171248048276 ], [ -2.856354057454624, 38.474261898217605 ], [ -2.853067787741502, 38.474955063853187 ], [ -2.851424652884937, 38.479510152315591 ], [ -2.841237216774253, 38.478717963017779 ], [ -2.841237216774253, 38.478717963017779 ], [ -2.841072903288598, 38.478717963017779 ], [ -2.837950947061131, 38.483471098804635 ], [ -2.835814871747601, 38.481688672884566 ], [ -2.831542721120535, 38.47812382104442 ], [ -2.83137840763488, 38.484164264440217 ], [ -2.831214094149225, 38.486243761346962 ], [ -2.808210206157355, 38.497235387854069 ], [ -2.806074130843825, 38.502285594627601 ], [ -2.801309039759794, 38.500602192369755 ], [ -2.799994531874546, 38.503770949560995 ], [ -2.796543948675762, 38.503275831249859 ], [ -2.793093365476985, 38.50287973660096 ], [ -2.792929051991329, 38.505355328156611 ], [ -2.792600425020012, 38.507533848725586 ], [ -2.78717807999336, 38.510603582254596 ], [ -2.786685139536395, 38.513475268459153 ], [ -2.782741615880646, 38.510801629579049 ], [ -2.780605540567116, 38.509316274645656 ], [ -2.778798092224896, 38.510702605916819 ], [ -2.778962405710551, 38.512881126485794 ], [ -2.779126719196206, 38.515455741703676 ], [ -2.772554179769955, 38.520307901152755 ], [ -2.771075358399052, 38.521397161437243 ], [ -2.771239671884707, 38.521892279748378 ], [ -2.772718493255617, 38.528229794130851 ], [ -2.762038116687961, 38.532784882593255 ], [ -2.75267224800556, 38.526249320886329 ], [ -2.739855796124374, 38.522387398059507 ], [ -2.728025225157126, 38.511890889863537 ], [ -2.697462916825074, 38.500206097720849 ], [ -2.67314452094795, 38.496839293205163 ], [ -2.648990438556488, 38.505355328156611 ], [ -2.643896720501147, 38.50713775407668 ], [ -2.604297170458004, 38.512881126485794 ], [ -2.591809345548128, 38.510108463943467 ], [ -2.578171326238667, 38.501790476316472 ], [ -2.566669382242729, 38.49050177882269 ], [ -2.569627024984541, 38.488620329240391 ], [ -2.573570548640291, 38.486144737684739 ], [ -2.576199564410793, 38.478519915693326 ], [ -2.570119965441513, 38.46455757931944 ], [ -2.567326636185356, 38.45841811226142 ], [ -2.570448592412824, 38.444653823211986 ], [ -2.571927413783726, 38.437920214180608 ], [ -2.576035250925138, 38.434256338678239 ], [ -2.577021131839068, 38.425245185415662 ], [ -2.571434473326761, 38.414550629895238 ], [ -2.566176441785764, 38.412966251299622 ], [ -2.561247037216077, 38.411579920028458 ], [ -2.557303513560328, 38.407717997201637 ], [ -2.553195676418923, 38.403856074374815 ], [ -2.548266271849236, 38.404450216348174 ], [ -2.535285506482396, 38.40603459494379 ], [ -2.522961995058182, 38.40474728733485 ], [ -2.512117305004871, 38.400093175210223 ], [ -2.508173781349122, 38.400489269859129 ], [ -2.500779674494588, 38.399201962250189 ], [ -2.497000464324501, 38.399697080561317 ], [ -2.491906746269159, 38.398805867601283 ], [ -2.48434832592897, 38.397617583654572 ], [ -2.481554996672813, 38.393062495192169 ], [ -2.487470282156437, 38.380684537413899 ], [ -2.491742432783496, 38.371673384151322 ], [ -2.4864844012425, 38.355730574532913 ], [ -2.483362445015032, 38.351967675368321 ], [ -2.479254607873628, 38.347214539581465 ], [ -2.48040480227322, 38.327409807136235 ], [ -2.481719310158468, 38.323349836984967 ], [ -2.484184012443315, 38.315923062318006 ], [ -2.485005579871597, 38.301564631295214 ], [ -2.481554996672813, 38.29572223522387 ], [ -2.452635823197319, 38.288493507881363 ], [ -2.443105641029263, 38.286215963650164 ], [ -2.436533101603011, 38.270570225018432 ], [ -2.437026042059983, 38.261063953444726 ], [ -2.443105641029263, 38.252547918493278 ], [ -2.443434268000573, 38.252052800182142 ], [ -2.443434268000573, 38.25135963454656 ], [ -2.441626819658353, 38.232149044074689 ], [ -2.450171120912479, 38.222246677852077 ], [ -2.453621704111256, 38.218285731363032 ], [ -2.452964450168636, 38.211552122331653 ], [ -2.449842493941169, 38.208482388802643 ], [ -2.44589897028542, 38.204521442313599 ], [ -2.446884851199357, 38.18540987550395 ], [ -2.460851497480135, 38.174616296321304 ], [ -2.46282325930801, 38.174220201672398 ], [ -2.468409917820317, 38.172833870401234 ], [ -2.468902858277289, 38.167981710952148 ], [ -2.469067171762944, 38.16560514305872 ], [ -2.474818143760913, 38.156593989796143 ], [ -2.486813028213817, 38.146889670897984 ], [ -2.497986345238438, 38.133026358186321 ], [ -2.507352213920839, 38.1287683407106 ], [ -2.511624364547899, 38.126886891128301 ], [ -2.514089066832746, 38.122034731679221 ], [ -2.520825919744645, 38.108369466292011 ], [ -2.551223914591048, 38.084108669046607 ], [ -2.53906471665249, 38.075889705081842 ], [ -2.521647487172928, 38.070047309010498 ], [ -2.504558884664682, 38.067967812103745 ], [ -2.481719310158468, 38.0552927833388 ], [ -2.471203247076474, 38.055688877987706 ], [ -2.462658945822348, 38.050836718538626 ], [ -2.432589577947262, 38.04301384922276 ], [ -2.422402141836578, 38.033903672297953 ], [ -2.395126103217649, 38.031329057080079 ], [ -2.374422604024964, 38.023704235088665 ], [ -2.357826941973691, 38.022813022128631 ], [ -2.341231279922411, 38.025882755657641 ], [ -2.3315367842687, 38.019545241275168 ], [ -2.322992483014573, 38.0139999161905 ], [ -2.318227391930542, 38.01231651393266 ], [ -2.312147792961262, 38.010237017025908 ], [ -2.309354463705112, 38.008850685754744 ], [ -2.303603491707143, 38.004295597292341 ], [ -2.300317221994021, 38.003503407994529 ], [ -2.298509773651801, 38.002117076723366 ], [ -2.298838400623112, 37.997561988260962 ], [ -2.298838400623112, 37.997165893612056 ], [ -2.29620938485261, 37.98756059837612 ], [ -2.279778036286991, 37.963299801130717 ], [ -2.272383929432465, 37.958348618019414 ], [ -2.259238850579969, 37.949634535743513 ], [ -2.25414513252462, 37.941712642765417 ], [ -2.252666311153718, 37.939237051209766 ], [ -2.239521232301222, 37.92973077963606 ], [ -2.207808729569571, 37.916263561573302 ], [ -2.186776603405576, 37.904875840417297 ], [ -2.180368377464987, 37.898043207723688 ], [ -2.172645643639143, 37.889725220096693 ], [ -2.156871549016145, 37.892497882639027 ], [ -2.153420965817368, 37.894676403208003 ], [ -2.148820188218991, 37.89754808941256 ], [ -2.124994732798847, 37.899825633643765 ], [ -2.110206519089786, 37.88962619643447 ], [ -2.109549265147159, 37.887348652203272 ], [ -2.107741816804939, 37.881803327118604 ], [ -2.099361829036475, 37.877941404291782 ], [ -2.091803408696293, 37.878436522602918 ], [ -2.054997187909301, 37.88041699584744 ], [ -2.04628857316952, 37.874970694425002 ], [ -2.031007419003494, 37.87110877159818 ], [ -2.022298804263713, 37.868930251029205 ], [ -2.015069010894841, 37.873485339491609 ], [ -2.005867455698095, 37.8791296882385 ], [ -2.002252559013655, 37.8772482386562 ], [ -2.000445110671436, 37.876258002033943 ], [ -1.996665900501348, 37.878238475278465 ], [ -1.994694138673474, 37.879228711900723 ], [ -1.974154952966444, 37.868435132718076 ], [ -1.977441222679573, 37.860810310726663 ], [ -1.987792972275912, 37.853086465073027 ], [ -1.988778853189849, 37.852492323099668 ], [ -1.995187079130439, 37.841104601943663 ], [ -1.998801975814878, 37.824270579365219 ], [ -1.998144721872251, 37.821695964147338 ], [ -1.997158840958313, 37.81753697033384 ], [ -2.005867455698095, 37.785057209123664 ], [ -2.008332157982935, 37.77614507952331 ], [ -2.000280797185781, 37.74416043662427 ], [ -1.996501587015693, 37.728613721654767 ], [ -2.000116483700126, 37.725345940801304 ], [ -2.007346277068997, 37.718711355432148 ], [ -2.011782741181719, 37.701283190880353 ], [ -2.011125487239092, 37.673556565457034 ], [ -1.992722376845599, 37.643255324815833 ], [ -1.991243555474689, 37.643255324815833 ], [ -1.985985523933692, 37.642958253829157 ], [ -1.978262790107848, 37.623351568708379 ], [ -1.977112595708256, 37.62028183517937 ], [ -1.964624770798387, 37.605329262183218 ], [ -1.964460457312732, 37.605230238520996 ], [ -1.956080469544261, 37.600675150058592 ], [ -1.953944394230732, 37.592258138769367 ], [ -1.952794199831139, 37.587306955658065 ], [ -1.916316606015464, 37.544825804563047 ], [ -1.91072994750315, 37.537894148207222 ], [ -1.89134095619572, 37.514920658570752 ], [ -1.867679814261223, 37.486698914836303 ], [ -1.859299826492759, 37.480262376791607 ], [ -1.84993395781035, 37.46372542519984 ], [ -1.848455136439448, 37.460952762657506 ], [ -1.845168866726326, 37.454813295599486 ], [ -1.808855586396298, 37.433424184558639 ], [ -1.810663034738518, 37.444514834727968 ], [ -1.811648915652455, 37.451545514746023 ], [ -1.796203448000774, 37.452238680381605 ], [ -1.788645027660586, 37.449763088825954 ], [ -1.779772099435149, 37.44699042628362 ], [ -1.753810568701475, 37.444316787403515 ], [ -1.738858041506759, 37.442831432470122 ], [ -1.73705059316454, 37.442633385145669 ], [ -1.712403570316106, 37.426096433553909 ], [ -1.705009463461579, 37.421046226780376 ], [ -1.700408685863202, 37.418669658886948 ], [ -1.669846377531151, 37.402627825606309 ], [ -1.665902853875401, 37.40084539968624 ], [ -1.659823254906122, 37.396389334886067 ], [ -1.640762890570002, 37.38242699851218 ], [ -1.629918200516691, 37.375198271169673 ], [ -1.643720533311814, 37.371732442991757 ], [ -1.646842489539281, 37.366385165231542 ], [ -1.653086401994216, 37.355393538724442 ], [ -1.659823254906122, 37.356878893657836 ], [ -1.663438151590555, 37.35767108295564 ], [ -1.664424032504492, 37.357869130280093 ], [ -1.673461274215583, 37.355294515062219 ], [ -1.691042817180801, 37.335291735292536 ], [ -1.701887507234112, 37.314595789887271 ], [ -1.706159657861171, 37.306376825922506 ], [ -1.717168661400137, 37.297167625335469 ], [ -1.738858041506759, 37.279046295148092 ], [ -1.758904286756817, 37.262311296231871 ], [ -1.763998004812159, 37.254884521564911 ], [ -1.774678381379807, 37.239535853919861 ], [ -1.787987773717965, 37.233297363199611 ], [ -1.796203448000774, 37.229336416710566 ], [ -1.804090495312273, 37.218839908514596 ], [ -1.815921066279515, 37.188538667873395 ], [ -1.823479486619703, 37.169526124725977 ], [ -1.823315173134048, 37.151701865525268 ], [ -1.823315173134048, 37.151008699889687 ], [ -1.831366533931202, 37.123876216439726 ], [ -1.836788878957854, 37.117241631070577 ], [ -1.844840239755008, 37.107240241185735 ], [ -1.849769644324695, 37.091297431567327 ], [ -1.849769644324695, 37.080800923371356 ], [ -1.84993395781035, 37.068720036579769 ], [ -1.852562973580852, 37.064957137415171 ], [ -1.861107274834978, 37.053173321610259 ], [ -1.862257469234571, 37.048519209485633 ], [ -1.863079036662846, 37.045548499618846 ], [ -1.866036679404658, 37.041488529467578 ], [ -1.866693933347285, 37.041191458480903 ], [ -1.867679814261223, 37.040696340169767 ], [ -1.877045682943624, 37.033368589165036 ], [ -1.878031563857562, 37.021881844346801 ], [ -1.878688817800189, 37.013860927706482 ], [ -1.886575865111688, 37.007424389661786 ], [ -1.88772605951128, 37.006533176701751 ], [ -1.88805468648259, 37.004948798106135 ], [ -1.88986213482481, 36.996531786816909 ], [ -1.895777420308434, 36.991778651030053 ], [ -1.900213884421156, 36.988213799189914 ], [ -1.899556630478529, 36.977915338318397 ], [ -1.897749182136309, 36.950881878530659 ], [ -1.905307602476498, 36.937018565819002 ], [ -1.916480919501119, 36.934741021587797 ], [ -1.924203653326956, 36.937612707792354 ], [ -1.925189534240893, 36.93800880244126 ], [ -1.932912268066737, 36.938404897090166 ], [ -1.944414212062675, 36.93375078496554 ], [ -1.953122826802449, 36.924343537054057 ], [ -1.962488695484858, 36.908400727435648 ], [ -1.967418100054545, 36.899686645159747 ], [ -1.974319266452099, 36.900280787133099 ], [ -1.983192194677535, 36.900973952768688 ], [ -1.991572182446006, 36.890477444572717 ], [ -1.994694138673474, 36.886318450759212 ], [ -1.995351392616094, 36.886021379772536 ], [ -2.002088245528, 36.882357504270168 ], [ -2.002088245528, 36.87819851045667 ], [ -2.001923932042345, 36.869880522829675 ], [ -2.002581185984972, 36.86780102592293 ], [ -2.004881574784157, 36.860572298580422 ], [ -2.002909812956283, 36.858096707024764 ], [ -1.996830213987003, 36.849976766722222 ], [ -2.000280797185781, 36.845916796570947 ], [ -2.000609424157098, 36.83997537683738 ], [ -2.008003531011624, 36.834826146401625 ], [ -2.014247443466559, 36.834826146401625 ], [ -2.024106252605932, 36.834826146401625 ], [ -2.042509362999425, 36.819180407769892 ], [ -2.059105025050705, 36.810169254507315 ], [ -2.062391294763827, 36.802841503502577 ], [ -2.063048548706455, 36.78759185951975 ], [ -2.063705802649082, 36.776303162025975 ], [ -2.086216750183979, 36.764420322558834 ], [ -2.098375948122538, 36.762934967625448 ], [ -2.105770054977071, 36.762043754665406 ], [ -2.108070443776256, 36.755508192958487 ], [ -2.109713578632814, 36.750953104496084 ], [ -2.112999848345943, 36.74946774956269 ], [ -2.120886895657442, 36.745902897722551 ], [ -2.120229641714815, 36.740555619962336 ], [ -2.120229641714815, 36.740456596300113 ], [ -2.1157931776021, 36.737782957420002 ], [ -2.124337478856219, 36.732435679659794 ], [ -2.136168049823468, 36.729464969793007 ], [ -2.149806069132929, 36.730356182753042 ], [ -2.153256652331713, 36.730653253739725 ], [ -2.155064100673933, 36.72966301711746 ], [ -2.156214295073525, 36.729068875144108 ], [ -2.167880552555111, 36.722929408086081 ], [ -2.17790367518014, 36.723919644708346 ], [ -2.183983274149426, 36.721444053152695 ], [ -2.193184829346173, 36.722137218788276 ], [ -2.200743249686354, 36.729068875144108 ], [ -2.202222071057264, 36.730455206415272 ], [ -2.21569577688107, 36.745407779411416 ], [ -2.259567477551279, 36.794028397564453 ], [ -2.29193723422555, 36.819675526081021 ], [ -2.319870526787106, 36.83383590977936 ], [ -2.3315367842687, 36.835717359361659 ], [ -2.367028497170438, 36.841460731770773 ], [ -2.404984912357023, 36.825517922152365 ], [ -2.418129991209518, 36.816506768889788 ], [ -2.425688411549707, 36.811258514791803 ], [ -2.429960562176767, 36.811159491129573 ], [ -2.435547220689074, 36.815615555929753 ], [ -2.445241716342792, 36.822349164961132 ], [ -2.454114644568229, 36.828587655681375 ], [ -2.472682068447376, 36.836410524997241 ], [ -2.486648714728155, 36.831063247237026 ], [ -2.502915749808125, 36.824824756516783 ], [ -2.515074947746683, 36.82462670919233 ], [ -2.525098070371712, 36.824527685530107 ], [ -2.530520415398364, 36.821259904676644 ], [ -2.533806685111486, 36.819180407769892 ], [ -2.543172553793895, 36.81838821847208 ], [ -2.553688616875888, 36.817497005512045 ], [ -2.562068604644359, 36.816110674240882 ], [ -2.568641144070604, 36.81106046746735 ], [ -2.59871051194569, 36.776204138363745 ], [ -2.60051796028791, 36.770559789616854 ], [ -2.606104618800217, 36.753131625065059 ], [ -2.620235578566657, 36.726989378237356 ], [ -2.646361422785994, 36.702629557329722 ], [ -2.657206112839297, 36.69767837421842 ], [ -2.671337072605738, 36.695301806324991 ], [ -2.701406440480824, 36.682923848546722 ], [ -2.709622114763633, 36.683716037844533 ], [ -2.722767193616129, 36.685102369115697 ], [ -2.739034228696092, 36.683022872208952 ], [ -2.757601652575246, 36.680646304315523 ], [ -2.77206123931299, 36.681636540937781 ], [ -2.786356512565078, 36.691835978147076 ], [ -2.786685139536395, 36.692034025471528 ], [ -2.799172964446264, 36.700946155071883 ], [ -2.81051059495654, 36.704907101560927 ], [ -2.83170703460619, 36.704114912263115 ], [ -2.836800752661539, 36.701144202396335 ], [ -2.84649524831525, 36.695598877311667 ], [ -2.857832878825533, 36.699361776476266 ], [ -2.86949913630712, 36.710947544956724 ], [ -2.885108917444462, 36.726791330912903 ], [ -2.907126924522395, 36.743031211517987 ], [ -2.920764943831855, 36.750457986184948 ], [ -2.931609633885166, 36.750755057171631 ], [ -2.948040982450784, 36.748477512940426 ], [ -2.96447233101641, 36.742635116869089 ], [ -2.976138588498003, 36.738476123055591 ], [ -2.98205387398162, 36.740357572637883 ], [ -2.992241310092311, 36.743625353491346 ], [ -3.011630301399741, 36.74332828250467 ], [ -3.025925574651829, 36.745902897722551 ], [ -3.033483994992018, 36.747190205331485 ], [ -3.063060422410132, 36.746199968709227 ], [ -3.072097664121223, 36.745902897722551 ], [ -3.128621503186963, 36.750854080833854 ], [ -3.145710105695208, 36.745308755749193 ], [ -3.16772811277314, 36.745407779411416 ], [ -3.170028501572325, 36.74639801603368 ], [ -3.175122219627667, 36.748477512940426 ], [ -3.199933555961756, 36.750061891536049 ], [ -3.202233944760941, 36.749269702238237 ], [ -3.21225706738597, 36.745704850398099 ], [ -3.228031162008968, 36.750854080833854 ], [ -3.233289193549965, 36.750061891536049 ], [ -3.243312316174993, 36.752933577740606 ], [ -3.249063288172962, 36.754616979998445 ], [ -3.261551113082831, 36.75134919914499 ], [ -3.272560116621797, 36.748477512940426 ], [ -3.304929873296068, 36.737881981082232 ], [ -3.319060833062501, 36.741545856584601 ], [ -3.319225146548163, 36.741545856584601 ], [ -3.338449824369938, 36.738377099393361 ], [ -3.350280395337187, 36.729464969793007 ], [ -3.359974890990898, 36.719859674557071 ], [ -3.36506860904624, 36.714611420459086 ], [ -3.371969775443802, 36.713621183836828 ], [ -3.386757989152862, 36.711442663267853 ], [ -3.395302290406988, 36.706392456494321 ], [ -3.411240698515634, 36.703025651978628 ], [ -3.414691281714418, 36.699955918449618 ], [ -3.420935194169353, 36.69450961702718 ], [ -3.464806894839562, 36.69460864068941 ], [ -3.48090961643387, 36.697480326893967 ], [ -3.497505278485143, 36.708769024387749 ], [ -3.500627234712617, 36.710947544956724 ], [ -3.514100940536423, 36.720750887517106 ], [ -3.525767198018016, 36.724018668370569 ], [ -3.537926395956575, 36.721543076814918 ], [ -3.541048352184042, 36.719958698219301 ], [ -3.550414220866443, 36.715007515107992 ], [ -3.567009882917723, 36.719067485259266 ], [ -3.581140842684157, 36.724414763019475 ], [ -3.593628667594025, 36.736099555162163 ], [ -3.601844341876841, 36.743922424478029 ], [ -3.6128533454158, 36.743427306166893 ], [ -3.637664681749889, 36.742338045882406 ], [ -3.649330939231483, 36.744219495464705 ], [ -3.659847002313477, 36.745803874060321 ], [ -3.670034438424167, 36.73718881544665 ], [ -3.678085799221321, 36.730455206415272 ], [ -3.695174401729567, 36.729167898806331 ], [ -3.701418314184501, 36.731940561348665 ], [ -3.704047329954996, 36.733128845295376 ], [ -3.718178289721436, 36.732435679659794 ], [ -3.725572396575963, 36.728870827819655 ], [ -3.728858666289085, 36.724216715695022 ], [ -3.731980622516552, 36.719760650894848 ], [ -3.735924146172302, 36.721840147801593 ], [ -3.736581400114929, 36.72481085766838 ], [ -3.737567281028866, 36.729464969793007 ], [ -3.748247657596522, 36.736891744459967 ], [ -3.756627645364986, 36.737485886433326 ], [ -3.762049990391638, 36.733029821633153 ], [ -3.766650767990015, 36.729266922468554 ], [ -3.777495458043326, 36.737881981082232 ], [ -3.792612298723697, 36.745902897722551 ], [ -3.835662431965623, 36.753527719713965 ], [ -3.86211690315627, 36.751547246469435 ], [ -3.871482771838672, 36.746794110682586 ], [ -3.88117726749239, 36.741842927571277 ], [ -3.893500778916604, 36.7419419512335 ], [ -3.910753694910511, 36.742139998557953 ], [ -3.943945019013064, 36.73104934838863 ], [ -3.957254411351215, 36.72659328358845 ], [ -3.966127339576651, 36.729266922468554 ], [ -4.000961798535769, 36.739862454326754 ], [ -4.041711542978504, 36.744120471802475 ], [ -4.059621712915032, 36.747586299980391 ], [ -4.078024823308525, 36.747388252655938 ], [ -4.095934993245052, 36.733227868957606 ], [ -4.103164786613924, 36.727583520210715 ], [ -4.127318869005393, 36.72362257372167 ], [ -4.179077616987094, 36.715007515107992 ], [ -4.232150872854049, 36.712432899890111 ], [ -4.250225356276232, 36.710254379321135 ], [ -4.28473118826404, 36.714017278485734 ], [ -4.314636242653464, 36.712828994539016 ], [ -4.340269146415835, 36.712828994539016 ], [ -4.366230677149517, 36.717582130325873 ], [ -4.391042013483606, 36.722137218788276 ], [ -4.404351405821757, 36.719364556245942 ], [ -4.406323167649632, 36.718077248637002 ], [ -4.413224334047193, 36.713819231161281 ], [ -4.414045901475468, 36.715205562432445 ], [ -4.415196095875068, 36.71738408300142 ], [ -4.432120384897658, 36.703025651978628 ], [ -4.435242341125125, 36.69767837421842 ], [ -4.4544670189469, 36.664901542021568 ], [ -4.47352738328302, 36.647869472118671 ], [ -4.476485026024832, 36.645195833238567 ], [ -4.491601866705203, 36.624202816846619 ], [ -4.509512036641731, 36.599347877627864 ], [ -4.51164811195526, 36.594990836489913 ], [ -4.522985742465536, 36.59172305563645 ], [ -4.524628877322101, 36.591227937325314 ], [ -4.531365730234, 36.586375777876235 ], [ -4.540567285430754, 36.579840216169309 ], [ -4.546482570914378, 36.579840216169309 ], [ -4.559463336281219, 36.579642168844856 ], [ -4.589861331127615, 36.571324181217861 ], [ -4.61089345729161, 36.554589182301648 ], [ -4.623381282201478, 36.53062545604292 ], [ -4.629296567685103, 36.519138711224684 ], [ -4.639484003795786, 36.507156848095327 ], [ -4.650493007334752, 36.50596856414861 ], [ -4.675797284125814, 36.503393948930729 ], [ -4.682369823552058, 36.498937884130555 ], [ -4.694200394519306, 36.491015991152466 ], [ -4.731992496220236, 36.486460902690062 ], [ -4.758446967410883, 36.486064808041156 ], [ -4.844711547380392, 36.504285161890763 ], [ -4.859664074575107, 36.507354895419773 ], [ -4.910272628157216, 36.505572469499704 ], [ -4.937548666776152, 36.498343742157196 ], [ -4.946257281515926, 36.492105251436953 ], [ -4.95578746368399, 36.485074571418892 ], [ -4.968110975108203, 36.480519482956495 ], [ -4.978298411218887, 36.476657560129674 ], [ -4.99456544629885, 36.466359099258156 ], [ -5.005574449837816, 36.459625490226777 ], [ -5.012639929721033, 36.460021584875683 ], [ -5.032193234514125, 36.461209868822394 ], [ -5.049774777479335, 36.454080165142116 ], [ -5.058976332676089, 36.450416289639747 ], [ -5.074586113813425, 36.450218242315295 ], [ -5.081980220667958, 36.450119218653064 ], [ -5.088552760094203, 36.446455343150703 ], [ -5.097754315290949, 36.44130611271494 ], [ -5.118950754940599, 36.429621320572259 ], [ -5.138668373219346, 36.426749634367695 ], [ -5.161015007268588, 36.414272652927203 ], [ -5.171202443379279, 36.414470700251655 ], [ -5.176131847948959, 36.414569723913885 ], [ -5.202586319139613, 36.389318690046217 ], [ -5.206201215824045, 36.385951885530531 ], [ -5.207351410223644, 36.384961648908266 ], [ -5.22115374301876, 36.373474904090031 ], [ -5.225425893645827, 36.363275466880744 ], [ -5.246622333295477, 36.312872422807636 ], [ -5.252373305293446, 36.31128804421202 ], [ -5.267490145973817, 36.30069251235382 ], [ -5.270776415686939, 36.295444258255834 ], [ -5.270940729172594, 36.291681359091243 ], [ -5.273898371914406, 36.290196004157849 ], [ -5.275705820256626, 36.28346239512647 ], [ -5.280799538311967, 36.277025857081775 ], [ -5.283428554082462, 36.27128248467266 ], [ -5.286550510309937, 36.264845946627958 ], [ -5.296573632934965, 36.245932427142769 ], [ -5.308075576930896, 36.239693936422519 ], [ -5.310704592701398, 36.238307605151356 ], [ -5.31760575909896, 36.227811096955385 ], [ -5.328943389609236, 36.197608879976407 ], [ -5.338966512234265, 36.153345302961327 ], [ -5.339295139205575, 36.152057995352386 ], [ -5.344060230289607, 36.152652137325738 ], [ -5.351618650629788, 36.152553113663515 ], [ -5.351454337144133, 36.153345302961327 ], [ -5.358848443998667, 36.163148645521716 ], [ -5.370679014965916, 36.169288112579736 ], [ -5.375608419535595, 36.169486159904189 ], [ -5.380866451076599, 36.169684207228634 ], [ -5.380537824105282, 36.172753940757651 ], [ -5.380209197133972, 36.175427579637756 ], [ -5.385795855646286, 36.179883644437929 ], [ -5.413893461693497, 36.179982668100159 ], [ -5.430982064201743, 36.172654917095421 ], [ -5.444291456539894, 36.155523823530302 ], [ -5.446098904882113, 36.140868321520834 ], [ -5.443469889111611, 36.134728854462807 ], [ -5.439526365455862, 36.134629830800584 ], [ -5.438540484541925, 36.134629830800584 ], [ -5.439033424998897, 36.133243499529421 ], [ -5.440512246369799, 36.12759915078253 ], [ -5.43656872271405, 36.126707937822495 ], [ -5.433611079972238, 36.126113795849136 ], [ -5.437061663171022, 36.12274699133345 ], [ -5.440347932884144, 36.119479210479987 ], [ -5.437883230599304, 36.115419240328713 ], [ -5.433282453000928, 36.107794418337299 ], [ -5.439526365455862, 36.101555927617056 ], [ -5.440676559855454, 36.100466667332569 ], [ -5.442319694712019, 36.090267230123274 ], [ -5.435747155285767, 36.086702378283135 ], [ -5.428681675402551, 36.082741431794084 ], [ -5.427695794488614, 36.075512704451576 ], [ -5.455464773564515, 36.054321640735182 ], [ -5.466309463617826, 36.050855812557266 ], [ -5.476661213214165, 36.052539214815113 ], [ -5.485041200982636, 36.053826522424053 ], [ -5.495064323607664, 36.050261670583915 ], [ -5.500158041663006, 36.047389984379357 ], [ -5.517410957656907, 36.037586641818969 ], [ -5.537950143363929, 36.031843269409848 ], [ -5.572784602323047, 36.015900459791439 ], [ -5.607290434310848, 36.008275637800025 ], [ -5.628486873960505, 36.032239364058753 ], [ -5.636373921271996, 36.04125051732133 ], [ -5.653298210294587, 36.053331404112924 ], [ -5.665128781261835, 36.056401137641934 ], [ -5.669400931888894, 36.057490397926422 ], [ -5.68008130845655, 36.062540604699954 ], [ -5.689775804110269, 36.067095693162358 ], [ -5.70308519644842, 36.061946462726596 ], [ -5.710314989817292, 36.059173800184269 ], [ -5.722967128212822, 36.060560131455432 ], [ -5.750243166831751, 36.071353710638078 ], [ -5.768974904196561, 36.082840455456314 ], [ -5.77686195150806, 36.087692614905393 ], [ -5.782612923506022, 36.08749456758094 ], [ -5.786556447161772, 36.083533621091895 ], [ -5.789842716874901, 36.080265840238432 ], [ -5.796908196758118, 36.078582437980586 ], [ -5.820733652178262, 36.101654951279279 ], [ -5.825005802805329, 36.10294225888822 ], [ -5.835850492858633, 36.11829092653327 ], [ -5.841930091827912, 36.126806961484718 ], [ -5.879722193528842, 36.161465243263869 ], [ -5.915213906430587, 36.184636780224785 ], [ -5.93000212013964, 36.186419206144855 ], [ -5.934274270766707, 36.183052401629169 ], [ -5.946433468705266, 36.185924087833726 ], [ -5.972559312924602, 36.178794384153441 ], [ -5.977817344465599, 36.177408052882278 ], [ -5.987347526633656, 36.17928950246457 ], [ -6.020867477707526, 36.186122135158179 ], [ -6.026454136219833, 36.184141661913657 ], [ -6.033519616103057, 36.181666070357998 ], [ -6.054551742267051, 36.205530772954504 ], [ -6.079198765115478, 36.243159764600435 ], [ -6.082977975285573, 36.250883610254071 ], [ -6.083306602256883, 36.252864083498594 ], [ -6.08462111014213, 36.256131864352056 ], [ -6.085114050599103, 36.257221124636544 ], [ -6.08856463379788, 36.264845946627958 ], [ -6.102038339621693, 36.283165324139794 ], [ -6.112883029675004, 36.292473548389054 ], [ -6.12849281081234, 36.294850116282483 ], [ -6.143116711035745, 36.297028636851451 ], [ -6.151989639261181, 36.30821831068301 ], [ -6.162177075371865, 36.330003516372756 ], [ -6.163984523714085, 36.334558604835159 ], [ -6.169078241769427, 36.347827775573464 ], [ -6.181566066679295, 36.367533484356464 ], [ -6.2029268198146, 36.381891915379256 ], [ -6.211306807583071, 36.387437240463917 ], [ -6.218043660494978, 36.392784518224133 ], [ -6.218536600951943, 36.397636677673212 ], [ -6.219029541408915, 36.402488837122291 ], [ -6.225437767349504, 36.417936528429571 ], [ -6.235132263003223, 36.43704809523922 ], [ -6.239897354087248, 36.44130611271494 ], [ -6.242690683343405, 36.443781704270592 ], [ -6.246962833970464, 36.448336792732995 ], [ -6.250413417169248, 36.452000668235364 ], [ -6.256328702652873, 36.469230785462713 ], [ -6.249920476712276, 36.467448359542644 ], [ -6.23611814391716, 36.463586436715822 ], [ -6.226752275234752, 36.466557146582609 ], [ -6.213442882896601, 36.469923951098295 ], [ -6.213114255925291, 36.473587826600664 ], [ -6.212292688497008, 36.480519482956495 ], [ -6.202433879357635, 36.484084334796634 ], [ -6.194218205074826, 36.487154068325644 ], [ -6.192739383703916, 36.493788653694793 ], [ -6.191589189304324, 36.498739836806102 ], [ -6.180251558794048, 36.507949037393132 ], [ -6.176800975595263, 36.509335368664303 ], [ -6.172857451939514, 36.511018770922142 ], [ -6.172528824968204, 36.517455308966845 ], [ -6.174829213767389, 36.521713326442566 ], [ -6.183702141992825, 36.524783059971575 ], [ -6.198490355701885, 36.526367438567192 ], [ -6.198161728730575, 36.523396728700412 ], [ -6.19799741524492, 36.521614302780343 ], [ -6.208020537869949, 36.510127557962107 ], [ -6.21952248186588, 36.509533415988749 ], [ -6.227738156148689, 36.50606758781084 ], [ -6.228559723576971, 36.505671493161934 ], [ -6.232010306775749, 36.504285161890763 ], [ -6.246469893513499, 36.510226581624337 ], [ -6.249263222769656, 36.513989480788929 ], [ -6.248441655341374, 36.515078741073417 ], [ -6.247291460941781, 36.516960190655709 ], [ -6.250906357626214, 36.519039687562461 ], [ -6.256328702652873, 36.522406492078147 ], [ -6.254685567796308, 36.528644982798397 ], [ -6.245976953056527, 36.52755572251391 ], [ -6.234475009060596, 36.526070367580516 ], [ -6.233489128146658, 36.529041077447303 ], [ -6.224287572949912, 36.56082767302189 ], [ -6.226752275234752, 36.575186104044683 ], [ -6.231024425861811, 36.580335334480445 ], [ -6.237432651802408, 36.579147050533727 ], [ -6.235625203460188, 36.583306044347225 ], [ -6.24071892151553, 36.585286517591747 ], [ -6.254028313853681, 36.580632405467121 ], [ -6.258300464480747, 36.579147050533727 ], [ -6.265858884820929, 36.580533381804891 ], [ -6.269473781505368, 36.586870896187364 ], [ -6.275882007445958, 36.598159593681146 ], [ -6.287383951441896, 36.610537551459416 ], [ -6.299050208923482, 36.61756823147747 ], [ -6.304472553950141, 36.616974089504112 ], [ -6.310552152919421, 36.61628092386853 ], [ -6.312852541718605, 36.618459444437505 ], [ -6.3166317518887, 36.622321367264327 ], [ -6.327969382398976, 36.624400864171072 ], [ -6.33355604091129, 36.622222343602097 ], [ -6.334870548796538, 36.621727225290968 ], [ -6.337335251081385, 36.622915509237686 ], [ -6.343086223079347, 36.625787195442243 ], [ -6.354259540103968, 36.622123319939874 ], [ -6.355902674960532, 36.619746752046446 ], [ -6.358860317702344, 36.615785805557401 ], [ -6.387779491177838, 36.628856928971253 ], [ -6.394352030604082, 36.634501277718144 ], [ -6.394023403632772, 36.640739768438387 ], [ -6.393694776661462, 36.644403643940755 ], [ -6.399281435173769, 36.658663051301318 ], [ -6.405361034143048, 36.663416187088174 ], [ -6.412919454483237, 36.67609121585312 ], [ -6.421299442251701, 36.689954528564776 ], [ -6.422613950136956, 36.69143988349817 ], [ -6.42885786259189, 36.70193639169414 ], [ -6.439209612188229, 36.719661627232618 ], [ -6.442002941444386, 36.737287839108873 ], [ -6.429843743505828, 36.747388252655938 ], [ -6.428036295163608, 36.746794110682586 ], [ -6.422613950136956, 36.744714613775834 ], [ -6.414891216311112, 36.750953104496084 ], [ -6.412919454483237, 36.754121861687317 ], [ -6.410947692655363, 36.75748866620301 ], [ -6.409140244313143, 36.76045937606979 ], [ -6.405361034143048, 36.761053518043148 ], [ -6.396816732888929, 36.762538872976542 ], [ -6.344400730964601, 36.793038160942189 ], [ -6.345550925364194, 36.79878153335131 ], [ -6.371841083069185, 36.795513752497847 ], [ -6.39320183620449, 36.804227834773748 ], [ -6.398952808202459, 36.81096144380512 ], [ -6.411769260083645, 36.837103690632823 ], [ -6.412919454483237, 36.839678305850704 ], [ -6.422613950136956, 36.859384014633704 ], [ -6.442660195387013, 36.897805195577448 ], [ -6.457448409096067, 36.91820406999603 ], [ -6.510685978448677, 36.96880516139359 ], [ -6.593664288705064, 37.021188678711219 ], [ -6.720678613117315, 37.085455035495983 ], [ -6.729880168314061, 37.090010123958386 ], [ -6.795769876062202, 37.121202577559622 ], [ -6.837998441875847, 37.135957103231313 ], [ -6.863467032152556, 37.144968256493897 ], [ -6.866260361408713, 37.145958493116154 ], [ -6.884170531345241, 37.155761835676543 ], [ -6.89271483259936, 37.16041594780117 ], [ -6.899944625968239, 37.158039379907741 ], [ -6.902080701281768, 37.157247190609937 ], [ -6.910625002535888, 37.153979409756474 ], [ -6.916868914990822, 37.157643285258843 ], [ -6.921469692589199, 37.160316924138947 ], [ -6.934121830984729, 37.164079823303538 ], [ -6.940530056925319, 37.165961272885838 ], [ -6.944144953609758, 37.164673965276897 ], [ -6.951210433492975, 37.170516361348241 ], [ -6.951210433492975, 37.170516361348241 ], [ -7.022029545810796, 37.201312720300571 ], [ -7.051934600200227, 37.208442423980848 ], [ -7.054563615970729, 37.207056092709685 ], [ -7.055713810370321, 37.206461950736326 ], [ -7.070994964536347, 37.206560974398556 ], [ -7.154301901764043, 37.207353163696361 ], [ -7.23087198607984, 37.203788311856222 ], [ -7.284766809375071, 37.200619554664982 ], [ -7.327324002160033, 37.192895709011346 ], [ -7.332746347186685, 37.189627928157883 ], [ -7.333732228100622, 37.188043549562266 ], [ -7.335868303414152, 37.184478697722128 ], [ -7.364458849918336, 37.172001716281628 ], [ -7.380561571512644, 37.171803668957182 ], [ -7.386476856996268, 37.173883165863927 ], [ -7.393870963850794, 37.176655828406261 ], [ -7.401922324647948, 37.174873402486192 ], [ -7.406851729217635, 37.182003106166469 ], [ -7.408001923617228, 37.184775768708803 ], [ -7.409480744988137, 37.19556934789145 ], [ -7.412438387729949, 37.207650234683044 ], [ -7.413424268643887, 37.210422897225371 ], [ -7.413259955158225, 37.219037955839049 ], [ -7.413259955158225, 37.223394996976999 ], [ -7.418517986699229, 37.236070025741945 ], [ -7.424104645211536, 37.240823161528802 ], [ -7.432977573436972, 37.248447983520208 ], [ -7.431498752066069, 37.259439610027314 ], [ -7.42755522841032, 37.266371266383139 ], [ -7.422625823840633, 37.274689254010141 ], [ -7.42755522841032, 37.281422863041513 ], [ -7.433799140865254, 37.289839874330738 ], [ -7.442014815148063, 37.31518993186063 ], [ -7.440535993777161, 37.326973747665541 ], [ -7.440371680291506, 37.328459102598934 ], [ -7.440535993777161, 37.329053244572286 ], [ -7.443657950004628, 37.344698983204019 ], [ -7.439714426348878, 37.354502325764408 ], [ -7.438235604977969, 37.358364248591229 ], [ -7.437414037549694, 37.370247088058363 ], [ -7.438892858920596, 37.379456288645393 ], [ -7.441193247719781, 37.391735222761433 ], [ -7.450066175945217, 37.402627825606309 ], [ -7.456967342342779, 37.40708389040649 ], [ -7.461239492969838, 37.409955576611047 ], [ -7.454174013086622, 37.414609688735673 ], [ -7.447437160174722, 37.419164777198077 ], [ -7.451380683830472, 37.42371986566048 ], [ -7.457295969314089, 37.430849569340765 ], [ -7.457460282799751, 37.447782615581431 ], [ -7.457460282799751, 37.4514464910838 ], [ -7.459103417656308, 37.454021106301681 ], [ -7.468633599824372, 37.469567821271184 ], [ -7.466661837996497, 37.484124299618422 ], [ -7.46600458405387, 37.490065719351996 ], [ -7.472248496508804, 37.493036429218776 ], [ -7.484900634904335, 37.498977848952343 ], [ -7.491801801301897, 37.516009918855239 ], [ -7.494430817072391, 37.522248409575489 ], [ -7.501167669984298, 37.522644504224395 ], [ -7.506754328496612, 37.523040598873301 ], [ -7.512669613980236, 37.526209356064534 ], [ -7.512998240951546, 37.528387876633509 ], [ -7.512669613980236, 37.537894148207222 ], [ -7.513326867922856, 37.539775597789514 ], [ -7.514805689293766, 37.54205314202072 ], [ -7.517434705064261, 37.544429709914148 ], [ -7.518091959006888, 37.54512287554973 ], [ -7.519899407349108, 37.547301396118705 ], [ -7.523021363576575, 37.553440863176725 ], [ -7.517927645521233, 37.559481306572515 ], [ -7.516777451121641, 37.559382282910292 ], [ -7.507575895924894, 37.558392046288027 ], [ -7.507904522896204, 37.565422726306089 ], [ -7.512012360037609, 37.566412962928347 ], [ -7.513984121865484, 37.566908081239475 ], [ -7.514805689293766, 37.569977814768485 ], [ -7.50560413409702, 37.575820210839829 ], [ -7.501496296955608, 37.578394826057711 ], [ -7.50198923741258, 37.581068464937815 ], [ -7.50198923741258, 37.581365535924498 ], [ -7.501331983469953, 37.583742103817926 ], [ -7.500510416041678, 37.585920624386894 ], [ -7.497224146328548, 37.593446422716084 ], [ -7.499853162099051, 37.598496629489617 ], [ -7.502810804840863, 37.604339025560961 ], [ -7.497881400271176, 37.604537072885414 ], [ -7.488844158560084, 37.60493316753432 ], [ -7.481285738219896, 37.618301361934847 ], [ -7.481285738219896, 37.623054497721697 ], [ -7.481285738219896, 37.624044734343961 ], [ -7.480299857305958, 37.624143758006184 ], [ -7.471426929080529, 37.625431065615125 ], [ -7.47027673468093, 37.635135384513291 ], [ -7.464525762682968, 37.641472898895763 ], [ -7.464525762682968, 37.641571922557986 ], [ -7.46633321102518, 37.648701626238271 ], [ -7.458774790684998, 37.648107484264912 ], [ -7.454502640057939, 37.647810413278236 ], [ -7.452530878230064, 37.658108874149754 ], [ -7.453352445658339, 37.659000087109789 ], [ -7.455981461428841, 37.661871773314346 ], [ -7.451873624287437, 37.663258104585516 ], [ -7.446451279260785, 37.664941506843356 ], [ -7.448915981545625, 37.671378044888058 ], [ -7.451544997316127, 37.678111653919437 ], [ -7.44447951743291, 37.688212067466502 ], [ -7.44661559274644, 37.698708575662472 ], [ -7.439221485891906, 37.701184167218123 ], [ -7.437906978006659, 37.713265054009717 ], [ -7.427226601439003, 37.732574668143812 ], [ -7.428048168867285, 37.74109070309526 ], [ -7.423447391268915, 37.743368247326458 ], [ -7.419668181098821, 37.745150673246528 ], [ -7.420161121555786, 37.752181353264589 ], [ -7.420818375498413, 37.758518867647062 ], [ -7.416710538357009, 37.75960812793155 ], [ -7.413917209100852, 37.760400317229355 ], [ -7.41095956635904, 37.763172979771689 ], [ -7.407508983160263, 37.766539784287374 ], [ -7.405865848303698, 37.766341736962929 ], [ -7.396171352649979, 37.765252476678441 ], [ -7.363637282490053, 37.792781054777308 ], [ -7.355914548664209, 37.799217592822004 ], [ -7.335868303414152, 37.81001117200465 ], [ -7.323873418961249, 37.816546733711576 ], [ -7.321080089705099, 37.821993035134014 ], [ -7.320258522276816, 37.82367643739186 ], [ -7.319272641362879, 37.824369603027442 ], [ -7.316479312106722, 37.826350076271964 ], [ -7.314343236793192, 37.82862762050317 ], [ -7.312042847994007, 37.833479779952249 ], [ -7.309742459194815, 37.836549513481259 ], [ -7.307935010852596, 37.83773779742797 ], [ -7.305470308567756, 37.838728034050234 ], [ -7.303334233254226, 37.839520223348046 ], [ -7.300540903998069, 37.842986051525955 ], [ -7.298240515198884, 37.852096228450762 ], [ -7.297090320799292, 37.856453269588712 ], [ -7.29084640834435, 37.861899571011151 ], [ -7.286574257717291, 37.865563446513519 ], [ -7.280494658748012, 37.877050191331747 ], [ -7.281316226176294, 37.889032054461111 ], [ -7.281809166633259, 37.897052971101431 ], [ -7.278194269948827, 37.898439302372594 ], [ -7.274579373264388, 37.899825633643765 ], [ -7.261598607897547, 37.923096194266904 ], [ -7.255683322413923, 37.924086430889169 ], [ -7.257162143784832, 37.932206371191711 ], [ -7.249439409958988, 37.955377908152627 ], [ -7.250918231329898, 37.964587108739657 ], [ -7.255190381956957, 37.969736339175419 ], [ -7.262584488811484, 37.978846516100219 ], [ -7.246974707674148, 37.990333260918455 ], [ -7.240730795219207, 37.991818615851848 ], [ -7.23333668836468, 37.990531308242907 ], [ -7.225778268024499, 37.989144976971744 ], [ -7.208196725059281, 37.997066869949833 ], [ -7.204746141860504, 38.000532698127749 ], [ -7.202774380032629, 38.002810242358947 ], [ -7.187000285409631, 38.003107313345623 ], [ -7.183714015696509, 37.99865124854545 ], [ -7.183221075239537, 37.997958082909868 ], [ -7.172869325643198, 37.994096160083046 ], [ -7.155616409649298, 37.994690302056405 ], [ -7.152165826450513, 37.997462964598739 ], [ -7.146414854452544, 38.002117076723366 ], [ -7.13589879137055, 38.001225863763331 ], [ -7.131790954229146, 38.000829769114425 ], [ -7.12291802600371, 38.005384857576828 ], [ -7.128340371030362, 38.011227253648173 ], [ -7.128340371030362, 38.013405774217148 ], [ -7.128340371030362, 38.018852075639586 ], [ -7.131626640743491, 38.021228643533007 ], [ -7.126368609202487, 38.024199353399794 ], [ -7.127025863145114, 38.029942725808908 ], [ -7.117331367491396, 38.031824175391208 ], [ -7.117167054005741, 38.031923199053431 ], [ -7.117002740520086, 38.032121246377883 ], [ -7.107636871837684, 38.040538257667109 ], [ -7.098599630126593, 38.043211896547213 ], [ -7.093341598585589, 38.040736304991562 ], [ -7.068365948765852, 38.032517341026789 ], [ -7.062286349796565, 38.022912045790854 ], [ -7.05965733402607, 38.018555004652903 ], [ -7.0445404933457, 38.015782342110576 ], [ -7.034188743749354, 38.020139383248519 ], [ -7.024494248095642, 38.024199353399794 ], [ -7.015621319870206, 38.023308140439759 ], [ -7.005598197245178, 38.022218880155272 ], [ -7.000504479189836, 38.033408553986824 ], [ -7.000504479189836, 38.038656808084809 ], [ -7.000504479189836, 38.046875772049582 ], [ -6.993767626277929, 38.054896688689901 ], [ -6.990152729593497, 38.059154706165621 ], [ -6.989988416107835, 38.071136569294985 ], [ -6.989988416107835, 38.091832514700251 ], [ -6.98916684867956, 38.094407129918125 ], [ -6.98982410262218, 38.096387603162654 ], [ -6.988838221708242, 38.098071005420493 ], [ -6.987523713822995, 38.103913401491837 ], [ -6.984566071081183, 38.104210472478513 ], [ -6.978486472111904, 38.104705590789649 ], [ -6.971913932685652, 38.110746034185439 ], [ -6.967477468572937, 38.126886891128301 ], [ -6.967148841601627, 38.128471269723917 ], [ -6.965998647202028, 38.132432216212969 ], [ -6.963533944917188, 38.133323429173004 ], [ -6.958933167318811, 38.135105855093073 ], [ -6.959919048232749, 38.138472659608759 ], [ -6.960576302175376, 38.140948251164417 ], [ -6.960083361718411, 38.142730677084487 ], [ -6.958275913376191, 38.149167215129182 ], [ -6.953510822292159, 38.152831090631551 ], [ -6.962712377488906, 38.156098871485014 ], [ -6.965505706745063, 38.157089108107272 ], [ -6.968463349486875, 38.165407095734274 ], [ -6.957290032462254, 38.18243916563717 ], [ -6.947266909837225, 38.19036105861526 ], [ -6.937243787212196, 38.198381975255579 ], [ -6.931657128699882, 38.208383365140413 ], [ -6.924920275787976, 38.205313631611403 ], [ -6.922291260017481, 38.20085756681123 ], [ -6.91144656996417, 38.200956590473453 ], [ -6.902245014767423, 38.201154637797906 ], [ -6.863467032152556, 38.183924520570557 ], [ -6.859030568039842, 38.181944047326034 ], [ -6.849171758900468, 38.177587006188084 ], [ -6.822552974224159, 38.174121178010168 ], [ -6.806614566115513, 38.176695793228049 ], [ -6.795112622119575, 38.178577242810348 ], [ -6.7931408602917, 38.16570416672095 ], [ -6.79527693560523, 38.161446149245222 ], [ -6.798727518804014, 38.154514492889398 ], [ -6.79922045926098, 38.150652570062576 ], [ -6.799877713203607, 38.144612126666779 ], [ -6.803328296402384, 38.140750203839964 ], [ -6.808914954914698, 38.134709760444167 ], [ -6.812694165084793, 38.126886891128301 ], [ -6.815980434797915, 38.120153282096922 ], [ -6.807764760515106, 38.111934318132157 ], [ -6.800370653660572, 38.113914791376679 ], [ -6.790018904064233, 38.109656773900952 ], [ -6.77835264658264, 38.111142128834345 ], [ -6.771451480185078, 38.11203334179438 ], [ -6.772108734127706, 38.107775324318659 ], [ -6.772437361099016, 38.104507543465196 ], [ -6.768658150928928, 38.104804614451872 ], [ -6.765536194701461, 38.105002661776325 ], [ -6.766357762129736, 38.102725117545127 ], [ -6.767343643043674, 38.099556360353887 ], [ -6.758142087846927, 38.093812987944773 ], [ -6.732837811055873, 38.090842278077986 ], [ -6.731030362713653, 38.094704200904808 ], [ -6.729387227857089, 38.098665147393852 ], [ -6.720678613117315, 38.099853431340563 ], [ -6.715256268090656, 38.09480322456703 ], [ -6.711477057920568, 38.095001271891483 ], [ -6.694224141926661, 38.095298342878166 ], [ -6.688966110385664, 38.098962218380528 ], [ -6.682229257473757, 38.096882721473783 ], [ -6.672534761820046, 38.095001271891483 ], [ -6.6621830122237, 38.093020798646961 ], [ -6.655610472797456, 38.095100295553713 ], [ -6.652652830055644, 38.095991508513748 ], [ -6.651995576113016, 38.095100295553713 ], [ -6.648709306399894, 38.090842278077986 ], [ -6.644108528801517, 38.095100295553713 ], [ -6.642958334401925, 38.096090532175971 ], [ -6.637371675889618, 38.096288579500424 ], [ -6.622583462180557, 38.097179792460459 ], [ -6.58134077728085, 38.053015239107602 ], [ -6.58347685259438, 38.043310920209443 ], [ -6.587256062764475, 38.026872992279898 ], [ -6.581833717737815, 38.021228643533007 ], [ -6.569674519799257, 38.022713998466401 ], [ -6.567374131000072, 38.024991542697606 ], [ -6.565566682657852, 38.026674944955445 ], [ -6.546506318321732, 38.027863228902163 ], [ -6.518408712274521, 38.021228643533007 ], [ -6.496226391710934, 38.019050122964032 ], [ -6.492940121997812, 38.013603821541601 ], [ -6.49063973319862, 38.009642875052549 ], [ -6.478809162231379, 38.008157520119163 ], [ -6.465828396864538, 38.012415537594883 ], [ -6.471743682348162, 38.016475507746158 ], [ -6.471907995833817, 38.016970626057287 ], [ -6.473551130690375, 38.021228643533007 ], [ -6.465171142921911, 38.034794885257995 ], [ -6.457941349553039, 38.038854855409262 ], [ -6.445617838128825, 38.045885535427317 ], [ -6.449397048298913, 38.05232207347202 ], [ -6.451368810126787, 38.055688877987706 ], [ -6.443317449329633, 38.059253729827851 ], [ -6.412919454483237, 38.058065445881134 ], [ -6.407825736427895, 38.055985948974389 ], [ -6.389586939520058, 38.048559174307428 ], [ -6.378906562952402, 38.048757221631874 ], [ -6.369047753813028, 38.048955268956327 ], [ -6.361489333472846, 38.037270476813646 ], [ -6.360010512101937, 38.02766518157771 ], [ -6.359024631187999, 38.021228643533007 ], [ -6.359188944673654, 38.016673555070611 ], [ -6.346701119763786, 38.002909266021177 ], [ -6.338321131995322, 38.000433674465519 ], [ -6.328133695884631, 37.997462964598739 ], [ -6.309237645034166, 37.985184030482692 ], [ -6.304636867435796, 37.980628942020296 ], [ -6.302336478636612, 37.978351397789091 ], [ -6.29362786389683, 37.97706409018015 ], [ -6.252385178997123, 37.97102364678436 ], [ -6.243183623800377, 37.961616398872877 ], [ -6.24252636985775, 37.961121280561741 ], [ -6.233324814661003, 37.957952523370508 ], [ -6.217879347009315, 37.959536901966125 ], [ -6.202105252386325, 37.961121280561741 ], [ -6.195368399474418, 37.95557595547708 ], [ -6.195204085988763, 37.95250622194807 ], [ -6.195039772503108, 37.94933746475683 ], [ -6.180251558794048, 37.941118500792065 ], [ -6.166942166455897, 37.955377908152627 ], [ -6.153139833660774, 37.95864568900609 ], [ -6.148539056062397, 37.965082227050786 ], [ -6.136215544638183, 37.972211930731071 ], [ -6.115183418474189, 37.981619178642553 ], [ -6.10943244647622, 37.982213320615912 ], [ -6.077062689801949, 37.985184030482692 ], [ -6.055373309695327, 37.994591278394182 ], [ -6.05011527815433, 37.99686882262538 ], [ -6.047321948898173, 37.996472727976474 ], [ -6.039434901586674, 37.995284444029764 ], [ -6.037956080215771, 37.995779562340893 ], [ -6.03138354078952, 37.997760035585415 ], [ -6.022017672107118, 37.993502018109695 ], [ -6.018074148451369, 37.991719592189618 ], [ -6.00591495051281, 37.992115686838524 ], [ -6.003614561713626, 37.993303970785242 ], [ -5.99260555817466, 37.999047343194356 ], [ -5.960235801500382, 37.999443437843262 ], [ -5.958921293615134, 37.998552224883227 ], [ -5.953827575559792, 37.995383467691987 ], [ -5.938710734879422, 38.021228643533007 ], [ -5.936574659565892, 38.02449642438647 ], [ -5.933452703338425, 38.031923199053431 ], [ -5.935588778651955, 38.037864618787005 ], [ -5.936410346080237, 38.040538257667109 ], [ -5.934438584252362, 38.045885535427317 ], [ -5.928194671797421, 38.049945505578592 ], [ -5.926715850426518, 38.050044529240814 ], [ -5.919978997514612, 38.05053964755195 ], [ -5.908641367004336, 38.0677697647793 ], [ -5.911927636717458, 38.078662367624169 ], [ -5.922772326770769, 38.085296952993325 ], [ -5.927701731340456, 38.088366686522335 ], [ -5.926058596483891, 38.104507543465196 ], [ -5.911927636717458, 38.12262887365258 ], [ -5.902726081520711, 38.126886891128301 ], [ -5.894839034209213, 38.13055076663067 ], [ -5.885801792498121, 38.132432216212969 ], [ -5.880215133985814, 38.13362050015968 ], [ -5.877750431700967, 38.146988694560207 ], [ -5.87610729684441, 38.156693013458373 ], [ -5.868548876504221, 38.158772510365118 ], [ -5.8573755594796, 38.161842243894128 ], [ -5.853924976280815, 38.167882687289925 ], [ -5.851624587481631, 38.171942657441193 ], [ -5.83798656817217, 38.174517272659074 ], [ -5.835521865887323, 38.173725083361269 ], [ -5.825498743262294, 38.170754373494482 ], [ -5.818597576864732, 38.175804580268014 ], [ -5.816297188065548, 38.177388958863631 ], [ -5.814161112752018, 38.176299698579143 ], [ -5.810546216067578, 38.174814343645757 ], [ -5.804959557555271, 38.177487982525861 ], [ -5.804630930583954, 38.177686029850314 ], [ -5.804302303612644, 38.177487982525861 ], [ -5.79871564510033, 38.175408485619108 ], [ -5.792143105674086, 38.178973337459254 ], [ -5.779983907735527, 38.185607922828403 ], [ -5.763223932198592, 38.182538189299393 ], [ -5.757637273686278, 38.181448929014906 ], [ -5.749421599403469, 38.187093277761797 ], [ -5.745971016204692, 38.189469845655225 ], [ -5.741370238606315, 38.193628839468722 ], [ -5.727896532782509, 38.196797596659955 ], [ -5.720173798956665, 38.191747389886423 ], [ -5.712615378616483, 38.186796206775114 ], [ -5.702592255991455, 38.186202064801762 ], [ -5.695691089593893, 38.185706946490626 ], [ -5.696348343536513, 38.18422159155724 ], [ -5.697498537936106, 38.180557716054871 ], [ -5.692569133366426, 38.180359668730418 ], [ -5.688296982739359, 38.180161621405965 ], [ -5.688461296225015, 38.169863160534447 ], [ -5.68435345908361, 38.157089108107272 ], [ -5.694212268222984, 38.168278781938831 ], [ -5.694869522165611, 38.169070971236636 ], [ -5.7012777481062, 38.168179758276601 ], [ -5.704071077362357, 38.16382271713865 ], [ -5.7012777481062, 38.159663723325153 ], [ -5.696841283993486, 38.152732066969328 ], [ -5.697991478393078, 38.148276002169148 ], [ -5.715080080901323, 38.135600973404202 ], [ -5.720502425927975, 38.135997068053108 ], [ -5.729046727182102, 38.136690233688689 ], [ -5.735126326151381, 38.134511713119714 ], [ -5.740220044206723, 38.126886891128301 ], [ -5.736769461007945, 38.117380619554595 ], [ -5.734469072208753, 38.110746034185439 ], [ -5.734797699180071, 38.098863194718305 ], [ -5.734962012665726, 38.086287189615582 ], [ -5.732990250837851, 38.087574497224523 ], [ -5.725596143983317, 38.086188165953359 ], [ -5.7196808584997, 38.085098905668872 ], [ -5.716065961815261, 38.083217456086572 ], [ -5.714258513473041, 38.082821361437666 ], [ -5.712122438159511, 38.082326243126538 ], [ -5.710479303302947, 38.081137959179827 ], [ -5.691911879423799, 38.085197929331095 ], [ -5.670879753259804, 38.10094269162505 ], [ -5.668415050974957, 38.105497780087454 ], [ -5.666278975661427, 38.109458726576499 ], [ -5.645739789954405, 38.126886891128301 ], [ -5.633087651558874, 38.137779493973177 ], [ -5.58477948677595, 38.13173905057738 ], [ -5.58477948677595, 38.140651180177734 ], [ -5.576563812493141, 38.148969167804729 ], [ -5.57179872140911, 38.149167215129182 ], [ -5.558653642556614, 38.149662333440311 ], [ -5.55093090873077, 38.158871534027348 ], [ -5.549616400845522, 38.160455912622965 ], [ -5.546823071589365, 38.16075298360964 ], [ -5.538936024277866, 38.161743220231905 ], [ -5.536799948964337, 38.168080734614378 ], [ -5.539921905191804, 38.171051444481158 ], [ -5.540907786105741, 38.175309461956886 ], [ -5.542879547933616, 38.183924520570557 ], [ -5.539921905191804, 38.187687419735155 ], [ -5.537785829878274, 38.190460082277482 ], [ -5.537785829878274, 38.195807360037698 ], [ -5.537785829878274, 38.200164401175648 ], [ -5.531048976966368, 38.203036087380205 ], [ -5.521025854341339, 38.207294104855926 ], [ -5.523490556626186, 38.217196471078545 ], [ -5.524147810568813, 38.219969133620872 ], [ -5.524147810568813, 38.22244472517653 ], [ -5.523983497083151, 38.247695759044191 ], [ -5.5279270207389, 38.253637178777765 ], [ -5.52940584210981, 38.255914723008964 ], [ -5.528584274681528, 38.258885432875751 ], [ -5.527105453310625, 38.264034663311506 ], [ -5.532199171365967, 38.268886822760585 ], [ -5.536307008507372, 38.272748745587407 ], [ -5.537292889421309, 38.276808715738682 ], [ -5.537621516392619, 38.278393094334298 ], [ -5.538607397306556, 38.278888212645427 ], [ -5.543208174904933, 38.281264780538855 ], [ -5.54419405581887, 38.287602294921328 ], [ -5.545179936732808, 38.293840785641578 ], [ -5.551423849187742, 38.302059749606343 ], [ -5.551095222216425, 38.309387500611081 ], [ -5.554710118900864, 38.316121109642459 ], [ -5.56818382472467, 38.325231286567259 ], [ -5.574592050665267, 38.329489304042987 ], [ -5.568019511239015, 38.349987202123799 ], [ -5.56752657078205, 38.360285662995317 ], [ -5.564568928040238, 38.362959301875421 ], [ -5.560625404384488, 38.366623177377789 ], [ -5.563418733640646, 38.367613414000047 ], [ -5.56539049546852, 38.368207555973406 ], [ -5.56571912243983, 38.371673384151322 ], [ -5.565883435925485, 38.375733354302596 ], [ -5.570648527009517, 38.377812851209342 ], [ -5.581000276605856, 38.382268916009515 ], [ -5.58477948677595, 38.386923028134149 ], [ -5.583793605862013, 38.400984388170258 ], [ -5.572784602323047, 38.42336373583337 ], [ -5.56933401912427, 38.431582699798135 ], [ -5.55273835707299, 38.445148941523115 ], [ -5.523161929654876, 38.459012254234779 ], [ -5.522504675712248, 38.459408348883684 ], [ -5.521025854341339, 38.460101514519266 ], [ -5.514453314915094, 38.463567342697182 ], [ -5.510509791259345, 38.461091751141524 ], [ -5.504923132747031, 38.457724946625838 ], [ -5.496214518007257, 38.459408348883684 ], [ -5.493585502236755, 38.462676129737147 ], [ -5.490956486466253, 38.465646839603927 ], [ -5.488984724638378, 38.465151721292798 ], [ -5.485369827953946, 38.464260508332764 ], [ -5.481590617783851, 38.475945300475445 ], [ -5.479125915499012, 38.483570122466858 ], [ -5.471896122130133, 38.485748643035834 ], [ -5.465159269218233, 38.487828139942586 ], [ -5.462530253447731, 38.490996897133819 ], [ -5.456450654478452, 38.498522695463009 ], [ -5.450535368994828, 38.498225624476326 ], [ -5.445770277910796, 38.503968996885447 ], [ -5.437883230599304, 38.504860209845482 ], [ -5.435089901343147, 38.505157280832158 ], [ -5.433118139515273, 38.507632872387809 ], [ -5.427860107974276, 38.513871363108059 ], [ -5.422437762947617, 38.513574292121383 ], [ -5.419480120205804, 38.51337624479693 ], [ -5.418165612320557, 38.516049883677034 ], [ -5.416358163978337, 38.51951571185495 ], [ -5.414222088664808, 38.520010830166079 ], [ -5.41110013243734, 38.520803019463891 ], [ -5.412086013351278, 38.522882516370636 ], [ -5.415207969578745, 38.529715149064238 ], [ -5.404856219982406, 38.535953639784488 ], [ -5.405349160439371, 38.54417260374926 ], [ -5.397626426613527, 38.546054053331552 ], [ -5.395654664785653, 38.545063816709295 ], [ -5.384645661246687, 38.539221420637951 ], [ -5.384809974732349, 38.543974556424807 ], [ -5.391546827644248, 38.550807189118409 ], [ -5.392204081586875, 38.551500354753991 ], [ -5.389410752330718, 38.553678875322966 ], [ -5.384645661246687, 38.557342750825335 ], [ -5.385631542160624, 38.558828105758728 ], [ -5.388589184902436, 38.563284170558902 ], [ -5.379223316220035, 38.567542188034629 ], [ -5.375608419535595, 38.569126566630246 ], [ -5.369693134051978, 38.579425027501763 ], [ -5.369693134051978, 38.580316240461798 ], [ -5.369857447537633, 38.584277186950843 ], [ -5.357698249599075, 38.58536644723533 ], [ -5.343731603318297, 38.581306477084063 ], [ -5.33485867509286, 38.578632838203951 ], [ -5.309225771330489, 38.578236743555053 ], [ -5.306925382531304, 38.582989879341902 ], [ -5.308075576930896, 38.586950825830954 ], [ -5.310047338758771, 38.592991269226744 ], [ -5.293287363221836, 38.609132126169605 ], [ -5.289672466537404, 38.610221386454093 ], [ -5.278170522541465, 38.613885261956462 ], [ -5.268640340373409, 38.621708131272328 ], [ -5.257302709863126, 38.625272983112467 ], [ -5.253359186207383, 38.631709521157163 ], [ -5.246458019809822, 38.633789018063915 ], [ -5.246129392838505, 38.638047035539635 ], [ -5.246129392838505, 38.638047035539635 ], [ -5.246129392838505, 38.638047035539635 ], [ -5.239063912955288, 38.638344106526318 ], [ -5.224604326217545, 38.648939638384512 ], [ -5.22230393741836, 38.653197655860239 ], [ -5.221975310447043, 38.653791797833598 ], [ -5.221646683475733, 38.653593750509145 ], [ -5.214745517078171, 38.650722064304581 ], [ -5.210144739479794, 38.660921501513876 ], [ -5.20784435068061, 38.666070731949638 ], [ -5.204065140510515, 38.662901974758398 ], [ -5.199628676397801, 38.658941028269354 ], [ -5.197163974112954, 38.663298069407304 ], [ -5.196013779713361, 38.665377566314056 ], [ -5.191741629086302, 38.66359514039398 ], [ -5.185497716631367, 38.660822477851653 ], [ -5.181225566004308, 38.665278542651826 ], [ -5.183197327832183, 38.667853157869708 ], [ -5.185333403145712, 38.670427773087589 ], [ -5.18451183571743, 38.673596530278822 ], [ -5.175474594006339, 38.675676027185574 ], [ -5.168080487151805, 38.677359429443413 ], [ -5.170873816407962, 38.684786204110374 ], [ -5.174488713092401, 38.693698333710728 ], [ -5.18451183571743, 38.719741556876201 ], [ -5.172845578235837, 38.71736498898278 ], [ -5.171202443379279, 38.716176705036062 ], [ -5.166437352295247, 38.712611853195924 ], [ -5.157400110584156, 38.714988421089352 ], [ -5.152799332985779, 38.716176705036062 ], [ -5.140147194590256, 38.713899160804864 ], [ -5.118950754940599, 38.715780610387156 ], [ -5.104819795174166, 38.710334308964718 ], [ -5.098740196204886, 38.707957741071297 ], [ -5.067684947415863, 38.718355225605038 ], [ -5.063412796788803, 38.722613243080765 ], [ -5.061605348446584, 38.724395669000835 ], [ -5.046981448223185, 38.729148804787691 ], [ -5.024963441145253, 38.725881023934228 ], [ -5.008367779093973, 38.715285492076028 ], [ -5.000973672239446, 38.703501676271117 ], [ -5.001137985725101, 38.701620226688824 ], [ -5.001137985725101, 38.697857327524225 ], [ -5.004588568923879, 38.695183688644121 ], [ -5.001466612696412, 38.695084664981898 ], [ -4.999166223897227, 38.694193452021864 ], [ -4.994401132813195, 38.693104191737376 ], [ -4.987007025958668, 38.69142078947953 ], [ -4.983720756245546, 38.690529576519495 ], [ -4.969425482993451, 38.68656863003045 ], [ -4.961209808710642, 38.684786204110374 ], [ -4.955130209741363, 38.68349889650144 ], [ -4.940834936489274, 38.681617446919141 ], [ -4.933276516149085, 38.681419399594688 ], [ -4.923746333981029, 38.682013541568047 ], [ -4.922267512610119, 38.682904754528082 ], [ -4.921774572153154, 38.683597920163663 ], [ -4.920624377753562, 38.684786204110374 ], [ -4.910436941642878, 38.686667653692673 ], [ -4.877081304054663, 38.686172535381544 ], [ -4.874945228741133, 38.684786204110374 ], [ -4.868865629771854, 38.681023304945782 ], [ -4.870508764628418, 38.674784814225539 ], [ -4.867058181429634, 38.659733217567165 ], [ -4.867386808400951, 38.656069342064797 ], [ -4.867879748857916, 38.64824647274893 ], [ -4.864593479144794, 38.639631414135259 ], [ -4.867058181429634, 38.630125142561546 ], [ -4.859664074575107, 38.61447940392982 ], [ -4.836331559611928, 38.607943842222895 ], [ -4.820064524531958, 38.596358073742437 ], [ -4.79722495002575, 38.596556121066889 ], [ -4.788844962257279, 38.596655144729112 ], [ -4.762719118037943, 38.586257660195365 ], [ -4.741029737931328, 38.577642601581694 ], [ -4.738565035646481, 38.577444554257241 ], [ -4.735771706390324, 38.575662128337171 ], [ -4.733471317591139, 38.574671891714907 ], [ -4.716547028568549, 38.572493371145931 ], [ -4.707016846400492, 38.571305087199221 ], [ -4.701594501373833, 38.561402720976609 ], [ -4.702416068802115, 38.559620295056533 ], [ -4.70438783062999, 38.554768135607453 ], [ -4.699622739545958, 38.551104260105085 ], [ -4.679247867324591, 38.546945266291587 ], [ -4.673989835783594, 38.547341360940493 ], [ -4.667252982871688, 38.547836479251622 ], [ -4.653614963562219, 38.538924349651275 ], [ -4.633075777855197, 38.525457131588517 ], [ -4.628967940713792, 38.524268847641807 ], [ -4.622559714773196, 38.52258544538396 ], [ -4.620752266430983, 38.51634695466371 ], [ -4.618287564146137, 38.508028967036715 ], [ -4.60727856060717, 38.494462725311735 ], [ -4.5921617199268, 38.486639855995868 ], [ -4.585917807471866, 38.490996897133819 ], [ -4.582631537758743, 38.493175417702794 ], [ -4.577044879246429, 38.492977370378341 ], [ -4.574087236504617, 38.490600802484913 ], [ -4.571786847705432, 38.488620329240391 ], [ -4.56882920496362, 38.489412518538202 ], [ -4.566693129650091, 38.490105684173784 ], [ -4.564392740850899, 38.487233997969227 ], [ -4.556834320510717, 38.477034560759932 ], [ -4.548290019256591, 38.479114057666685 ], [ -4.541717479830346, 38.480599412600078 ], [ -4.536952388746315, 38.473370685257571 ], [ -4.534816313432785, 38.470300951728554 ], [ -4.526107698693004, 38.46465660298167 ], [ -4.516577516524947, 38.463072224386046 ], [ -4.510990858012633, 38.462280035088241 ], [ -4.507375961328201, 38.45653666267912 ], [ -4.503596751158106, 38.450595242945553 ], [ -4.498338719617109, 38.443564562927499 ], [ -4.491930493676513, 38.440791900385165 ], [ -4.487001089106826, 38.437227048545026 ], [ -4.471226994483835, 38.425641280064568 ], [ -4.465968962942831, 38.417224268775342 ], [ -4.461861125801427, 38.410787730730647 ], [ -4.449373300891558, 38.400588293521352 ], [ -4.445594090721464, 38.401083411832488 ], [ -4.435242341125125, 38.402271695779199 ], [ -4.429327055641501, 38.396528323370084 ], [ -4.416839230731625, 38.394052731814426 ], [ -4.411416885704973, 38.388903501378671 ], [ -4.406487481135287, 38.383952318267362 ], [ -4.400079255194697, 38.384843531227396 ], [ -4.390220446055324, 38.386130838836337 ], [ -4.336654249731396, 38.366326106391107 ], [ -4.331889158647371, 38.361870041590933 ], [ -4.320880155108405, 38.36177101792871 ], [ -4.307570762770247, 38.352264746354997 ], [ -4.296890386202598, 38.349789154799346 ], [ -4.290975100718974, 38.346125279296977 ], [ -4.28686726357757, 38.343649687741326 ], [ -4.28078766460829, 38.346620397608106 ], [ -4.275365319581631, 38.349195012825987 ], [ -4.268957093641042, 38.347214539581465 ] ] ], [ [ [ -3.032498114078081, 35.938463955930601 ], [ -3.035948697276858, 35.936087388037173 ], [ -3.040056534418262, 35.939256145228406 ], [ -3.034962816362921, 35.941335642135158 ], [ -3.032498114078081, 35.938463955930601 ] ] ], [ [ [ -5.605811612939945, 36.004611762297664 ], [ -5.609426509624384, 35.999858626510807 ], [ -5.614027287222754, 36.002730312715364 ], [ -5.609426509624384, 36.00619614089328 ], [ -5.605811612939945, 36.004611762297664 ] ] ], [ [ [ -6.260107912822967, 36.496264245250451 ], [ -6.265530257849619, 36.486757973676738 ], [ -6.290834534640673, 36.524188917998224 ], [ -6.305951375321044, 36.529338148433979 ], [ -6.310059212462448, 36.533596165909707 ], [ -6.304472553950141, 36.537854183385427 ], [ -6.288862772812799, 36.540230751278855 ], [ -6.290341594183708, 36.53369518957193 ], [ -6.279661217616052, 36.529239124771756 ], [ -6.269145154534058, 36.510721699935466 ], [ -6.261258107222559, 36.503790043579635 ], [ -6.260107912822967, 36.496264245250451 ] ] ], [ [ [ -6.270459662419306, 36.532209834638536 ], [ -6.274403186075055, 36.531219598016278 ], [ -6.278018082759488, 36.535180544505323 ], [ -6.273581618646773, 36.536269804789811 ], [ -6.270459662419306, 36.532209834638536 ] ] ], [ [ [ -6.470100547491597, 36.737485886433326 ], [ -6.468950353092005, 36.733029821633153 ], [ -6.473715444176037, 36.734317129242093 ], [ -6.476180146460877, 36.737981004744455 ], [ -6.470100547491597, 36.737485886433326 ] ] ] ] } },
{ "type": "Feature", "properties": { "index": 1480, "nuts_2_code": "ES62", "nuts_2_name": "Región de Murcia" }, "geometry": { "type": "MultiPolygon", "coordinates": [ [ [ [ -1.026887708158412, 38.655475200091438 ], [ -1.023601438445283, 38.640621650757517 ], [ -1.02212261707438, 38.639235319486353 ], [ -1.015878704619446, 38.633491947077239 ], [ -1.011770867478042, 38.605666297991689 ], [ -1.002076371824323, 38.573681655092649 ], [ -1.016043018105101, 38.537240947393428 ], [ -1.020972422674788, 38.529616125402015 ], [ -1.025244573301848, 38.522981540032866 ], [ -1.019657914789533, 38.51030651126792 ], [ -1.013742629305909, 38.497037340529616 ], [ -1.034939068955566, 38.474558969204281 ], [ -1.058600210890056, 38.456239591692444 ], [ -1.080618217967988, 38.441980184331882 ], [ -1.082754293281518, 38.441386042358523 ], [ -1.094091923791801, 38.437920214180608 ], [ -1.085547622537675, 38.43386024402934 ], [ -1.080782531453643, 38.431681723460365 ], [ -1.085218995566365, 38.427423705984637 ], [ -1.086204876480302, 38.418511576384283 ], [ -1.087683697851205, 38.403658027050362 ], [ -1.08784801133686, 38.368108532311183 ], [ -1.084397428138082, 38.3462243029592 ], [ -1.074867245970019, 38.345927231972524 ], [ -1.058600210890056, 38.345531137323619 ], [ -1.027052021644067, 38.338005338994435 ], [ -0.988931292971827, 38.320577174442633 ], [ -0.984166201887795, 38.307109956379875 ], [ -0.970856809549645, 38.287998389570234 ], [ -0.967734853322177, 38.275224337143058 ], [ -0.968556420750453, 38.257994219915709 ], [ -0.978086602918516, 38.236902179861545 ], [ -0.98860266600051, 38.200164401175648 ], [ -1.00486970108048, 38.172140704765646 ], [ -1.00881322473623, 38.16689245066766 ], [ -1.028037902558005, 38.146691623573531 ], [ -1.036746517297779, 38.137680470310954 ], [ -1.033624561070312, 38.126886891128301 ], [ -1.031652799242437, 38.119757187448023 ], [ -1.030502604842845, 38.115796240958971 ], [ -1.030502604842845, 38.111538223483251 ], [ -1.030173977871534, 38.09797198175827 ], [ -1.022615557531346, 38.076582870717424 ], [ -1.010292046107132, 38.059550800814527 ], [ -0.998625788625539, 38.051430860511985 ], [ -0.988931292971827, 38.04004313935598 ], [ -0.965927404979958, 38.012712608581559 ], [ -0.961983881324208, 38.0048897392657 ], [ -0.959026238582396, 37.999047343194356 ], [ -0.957711730697149, 37.997165893612056 ], [ -0.935036469676589, 37.969934386499872 ], [ -0.934379215733962, 37.969043173539838 ], [ -0.934379215733962, 37.968845126215385 ], [ -0.922220017795404, 37.946465778552273 ], [ -0.921069823395811, 37.944188234321075 ], [ -0.900037697231816, 37.923096194266904 ], [ -0.857151877475545, 37.885170131634297 ], [ -0.854194234733733, 37.884278918674255 ], [ -0.85123659199192, 37.881704303456381 ], [ -0.847457381821833, 37.877545309642883 ], [ -0.841377782852554, 37.872198031882668 ], [ -0.828397017485713, 37.863979067917903 ], [ -0.822153105030772, 37.862691760308962 ], [ -0.804407248579906, 37.859126908468816 ], [ -0.790111975327811, 37.849620636895111 ], [ -0.784361003329849, 37.845758714068289 ], [ -0.771380237963008, 37.844174335472673 ], [ -0.762178682766262, 37.84704602167723 ], [ -0.756592024253948, 37.824765697676348 ], [ -0.75741359168223, 37.815061378778189 ], [ -0.749033603913759, 37.790899605195008 ], [ -0.751333992712951, 37.789711321248291 ], [ -0.75593477031132, 37.791790818155043 ], [ -0.758070845624857, 37.793177149426207 ], [ -0.761850055794945, 37.794563480697377 ], [ -0.762507309737572, 37.800603924093167 ], [ -0.770065730077754, 37.811001408626915 ], [ -0.775816702075723, 37.818824277942781 ], [ -0.782553554987629, 37.819220372591687 ], [ -0.789947661842156, 37.813972118493702 ], [ -0.796355887782752, 37.81011019566688 ], [ -0.802764113723342, 37.798821498173098 ], [ -0.801778232809404, 37.786938658705964 ], [ -0.801449605838094, 37.78119528629685 ], [ -0.817716640918057, 37.765153453016211 ], [ -0.828397017485713, 37.755449134118052 ], [ -0.834805243426302, 37.753963779184659 ], [ -0.839077394053362, 37.752973542562394 ], [ -0.845156993022641, 37.748220406775545 ], [ -0.852058159420203, 37.73059419489929 ], [ -0.859945206731702, 37.721484017974483 ], [ -0.856165996561607, 37.712373841049676 ], [ -0.840720528909927, 37.697322244391309 ], [ -0.822974672459054, 37.673358518132581 ], [ -0.805228816008189, 37.659297158096464 ], [ -0.779595912245817, 37.648701626238271 ], [ -0.774009253733503, 37.648206507927142 ], [ -0.773351999790883, 37.648107484264912 ], [ -0.75593477031132, 37.641868993544669 ], [ -0.754784575911728, 37.64117582790908 ], [ -0.74048930265964, 37.632857840282085 ], [ -0.731780687919859, 37.633253934930991 ], [ -0.725372461979269, 37.637214881420036 ], [ -0.724386581065332, 37.643453372140286 ], [ -0.722579132723112, 37.654544022309615 ], [ -0.724550894550987, 37.658207897811977 ], [ -0.725208148493614, 37.659594229083147 ], [ -0.733095195805113, 37.663951270221098 ], [ -0.732766568833796, 37.668308311359048 ], [ -0.735231271118643, 37.677418488283848 ], [ -0.74048930265964, 37.697223220729079 ], [ -0.739832048717012, 37.699005646649148 ], [ -0.729480299120674, 37.675735086026009 ], [ -0.726522656378862, 37.669100500656853 ], [ -0.724222267579677, 37.665733696141167 ], [ -0.705819157186177, 37.638898283677882 ], [ -0.697439169417713, 37.631867603659828 ], [ -0.720935997866547, 37.607012664441065 ], [ -0.739010481288737, 37.603150741614243 ], [ -0.781567674073692, 37.594238612013896 ], [ -0.809008026178276, 37.581266512262268 ], [ -0.819524089260277, 37.576315329150965 ], [ -0.840227588452954, 37.577602636759899 ], [ -0.842199350280829, 37.577899707746582 ], [ -0.841870723309519, 37.580672370288909 ], [ -0.841706409823864, 37.581959677897849 ], [ -0.841542096338209, 37.585326482413542 ], [ -0.851072278506265, 37.587108908333612 ], [ -0.853865607762422, 37.583048938182337 ], [ -0.855344429133332, 37.580870417613362 ], [ -0.862081282045231, 37.580078228315557 ], [ -0.865860492215326, 37.579682133666651 ], [ -0.868489507985828, 37.577800684084352 ], [ -0.870954210270668, 37.576117281826512 ], [ -0.872597345127232, 37.576315329150965 ], [ -0.876705182268637, 37.576810447462094 ], [ -0.878676944096512, 37.57413680858199 ], [ -0.881634586838324, 37.570076838430715 ], [ -0.903981220887566, 37.563937371372695 ], [ -0.919426688539247, 37.556015478394606 ], [ -0.953439580070082, 37.559481306572515 ], [ -0.958533298125424, 37.562749087425978 ], [ -0.954754087955337, 37.566115891941671 ], [ -0.949496056414333, 37.57096805139075 ], [ -0.964448583609048, 37.575127045204248 ], [ -0.973814452291457, 37.577701660422129 ], [ -0.977100722004579, 37.58334600916902 ], [ -0.976279154576297, 37.586118671711347 ], [ -0.973814452291457, 37.595327872298384 ], [ -0.98975286040011, 37.598199558502941 ], [ -0.989588546914447, 37.591564973133785 ], [ -0.989259919943137, 37.584039174804602 ], [ -1.003390879709571, 37.585128435089089 ], [ -1.0055269550231, 37.585227458751312 ], [ -1.007498716850975, 37.58324698550679 ], [ -1.015878704619446, 37.574730950555342 ], [ -1.032474366670719, 37.578196778733258 ], [ -1.050877477064219, 37.581959677897849 ], [ -1.06484412334499, 37.580375299302233 ], [ -1.06484412334499, 37.580375299302233 ], [ -1.065008436830652, 37.580375299302233 ], [ -1.073881365056081, 37.582850890857884 ], [ -1.093434669849174, 37.571859264350785 ], [ -1.110030331900454, 37.567700270537287 ], [ -1.120053454525483, 37.561263732492591 ], [ -1.125804426523445, 37.551757460918878 ], [ -1.120053454525483, 37.546608230483116 ], [ -1.111509153271356, 37.538686337505027 ], [ -1.111673466757011, 37.535715627638247 ], [ -1.115288363441451, 37.534923438340435 ], [ -1.126297366980417, 37.538686337505027 ], [ -1.129090696236574, 37.539577550465062 ], [ -1.13615617611979, 37.54017169243842 ], [ -1.165239663080939, 37.542548260331849 ], [ -1.172305142964156, 37.549182845700997 ], [ -1.171483575535873, 37.554926218110118 ], [ -1.170990635078901, 37.559085211923616 ], [ -1.17920630936171, 37.565521749968312 ], [ -1.200238435525705, 37.572750477310819 ], [ -1.225214085345449, 37.574334855906436 ], [ -1.245917584538134, 37.575424116190923 ], [ -1.256105020648818, 37.567403199550611 ], [ -1.256269334134473, 37.566908081239475 ], [ -1.258076782476692, 37.559580330234745 ], [ -1.264977948874254, 37.559382282910292 ], [ -1.267606964644756, 37.554530123461213 ], [ -1.271057547843533, 37.555421336421247 ], [ -1.270564607386568, 37.559580330234745 ], [ -1.286831642466531, 37.557104738679094 ], [ -1.295704570691967, 37.559184235585839 ], [ -1.308356709087491, 37.562154945452626 ], [ -1.327088446452301, 37.561263732492591 ], [ -1.354200171585575, 37.549975034998809 ], [ -1.372603281979067, 37.533041988758136 ], [ -1.388706003573375, 37.525021072117823 ], [ -1.396264423913564, 37.517495273788633 ], [ -1.399550693626686, 37.512544090677331 ], [ -1.402836963339816, 37.507691931228244 ], [ -1.409902443223032, 37.506998765592662 ], [ -1.415653415220994, 37.506503647281534 ], [ -1.450816501151422, 37.4927393582321 ], [ -1.465440401374828, 37.479965305804924 ], [ -1.468562357602295, 37.473726815084682 ], [ -1.482200376911763, 37.445802142336909 ], [ -1.4831862578257, 37.436493918087649 ], [ -1.482857630854383, 37.436196847100973 ], [ -1.478421166741668, 37.431443711314117 ], [ -1.481543122969136, 37.42678959918949 ], [ -1.493702320907694, 37.422630605375993 ], [ -1.499781919876973, 37.427680812149525 ], [ -1.503725443532723, 37.430948593002988 ], [ -1.517856403299156, 37.431146640327441 ], [ -1.52525051015369, 37.426393504540584 ], [ -1.544803814946775, 37.413916523100092 ], [ -1.54496812843243, 37.407579008717619 ], [ -1.549568906030807, 37.408074127028748 ], [ -1.549240279059497, 37.411638978868893 ], [ -1.556141445457051, 37.411539955206663 ], [ -1.56222104442633, 37.405400488148643 ], [ -1.567150448996017, 37.406192677446455 ], [ -1.572737107508331, 37.40708389040649 ], [ -1.580459841334175, 37.401340517997369 ], [ -1.593276293215354, 37.400548328699564 ], [ -1.629918200516691, 37.375198271169673 ], [ -1.640762890570002, 37.38242699851218 ], [ -1.659823254906122, 37.396389334886067 ], [ -1.665902853875401, 37.40084539968624 ], [ -1.669846377531151, 37.402627825606309 ], [ -1.700408685863202, 37.418669658886948 ], [ -1.705009463461579, 37.421046226780376 ], [ -1.712403570316106, 37.426096433553909 ], [ -1.73705059316454, 37.442633385145669 ], [ -1.738858041506759, 37.442831432470122 ], [ -1.753810568701475, 37.444316787403515 ], [ -1.779772099435149, 37.44699042628362 ], [ -1.788645027660586, 37.449763088825954 ], [ -1.796203448000774, 37.452238680381605 ], [ -1.811648915652455, 37.451545514746023 ], [ -1.810663034738518, 37.444514834727968 ], [ -1.808855586396298, 37.433424184558639 ], [ -1.845168866726326, 37.454813295599486 ], [ -1.848455136439448, 37.460952762657506 ], [ -1.84993395781035, 37.46372542519984 ], [ -1.859299826492759, 37.480262376791607 ], [ -1.867679814261223, 37.486698914836303 ], [ -1.89134095619572, 37.514920658570752 ], [ -1.91072994750315, 37.537894148207222 ], [ -1.916316606015464, 37.544825804563047 ], [ -1.952794199831139, 37.587306955658065 ], [ -1.953944394230732, 37.592258138769367 ], [ -1.956080469544261, 37.600675150058592 ], [ -1.964460457312732, 37.605230238520996 ], [ -1.964624770798387, 37.605329262183218 ], [ -1.977112595708256, 37.62028183517937 ], [ -1.978262790107848, 37.623351568708379 ], [ -1.985985523933692, 37.642958253829157 ], [ -1.991243555474689, 37.643255324815833 ], [ -1.992722376845599, 37.643255324815833 ], [ -2.011125487239092, 37.673556565457034 ], [ -2.011782741181719, 37.701283190880353 ], [ -2.007346277068997, 37.718711355432148 ], [ -2.000116483700126, 37.725345940801304 ], [ -1.996501587015693, 37.728613721654767 ], [ -2.000280797185781, 37.74416043662427 ], [ -2.008332157982935, 37.77614507952331 ], [ -2.005867455698095, 37.785057209123664 ], [ -1.997158840958313, 37.81753697033384 ], [ -1.998144721872251, 37.821695964147338 ], [ -1.998801975814878, 37.824270579365219 ], [ -1.995187079130439, 37.841104601943663 ], [ -1.988778853189849, 37.852492323099668 ], [ -1.987792972275912, 37.853086465073027 ], [ -1.977441222679573, 37.860810310726663 ], [ -1.974154952966444, 37.868435132718076 ], [ -1.994694138673474, 37.879228711900723 ], [ -1.996665900501348, 37.878238475278465 ], [ -2.000445110671436, 37.876258002033943 ], [ -2.002252559013655, 37.8772482386562 ], [ -2.005867455698095, 37.8791296882385 ], [ -2.015069010894841, 37.873485339491609 ], [ -2.022298804263713, 37.868930251029205 ], [ -2.031007419003494, 37.87110877159818 ], [ -2.04628857316952, 37.874970694425002 ], [ -2.054997187909301, 37.88041699584744 ], [ -2.091803408696293, 37.878436522602918 ], [ -2.099361829036475, 37.877941404291782 ], [ -2.107741816804939, 37.881803327118604 ], [ -2.109549265147159, 37.887348652203272 ], [ -2.110206519089786, 37.88962619643447 ], [ -2.124994732798847, 37.899825633643765 ], [ -2.148820188218991, 37.89754808941256 ], [ -2.153420965817368, 37.894676403208003 ], [ -2.156871549016145, 37.892497882639027 ], [ -2.172645643639143, 37.889725220096693 ], [ -2.180368377464987, 37.898043207723688 ], [ -2.186776603405576, 37.904875840417297 ], [ -2.207808729569571, 37.916263561573302 ], [ -2.239521232301222, 37.92973077963606 ], [ -2.252666311153718, 37.939237051209766 ], [ -2.25414513252462, 37.941712642765417 ], [ -2.259238850579969, 37.949634535743513 ], [ -2.272383929432465, 37.958348618019414 ], [ -2.279778036286991, 37.963299801130717 ], [ -2.29620938485261, 37.98756059837612 ], [ -2.298838400623112, 37.997165893612056 ], [ -2.298838400623112, 37.997561988260962 ], [ -2.298509773651801, 38.002117076723366 ], [ -2.300317221994021, 38.003503407994529 ], [ -2.303603491707143, 38.004295597292341 ], [ -2.309354463705112, 38.008850685754744 ], [ -2.312147792961262, 38.010237017025908 ], [ -2.318227391930542, 38.01231651393266 ], [ -2.322992483014573, 38.0139999161905 ], [ -2.3315367842687, 38.019545241275168 ], [ -2.341231279922411, 38.025882755657641 ], [ -2.343695982207258, 38.030338820457814 ], [ -2.342217160836348, 38.037171453151416 ], [ -2.3315367842687, 38.061135179410144 ], [ -2.328743455012543, 38.067274646468164 ], [ -2.312147792961262, 38.079751627908657 ], [ -2.304917999592391, 38.082821361437666 ], [ -2.294730563481707, 38.087178402575617 ], [ -2.266304330463186, 38.109161655589823 ], [ -2.25315925161069, 38.126886891128301 ], [ -2.251187489782815, 38.134412689457491 ], [ -2.24954435492625, 38.140453132853281 ], [ -2.242643188528689, 38.148870144142506 ], [ -2.229991050133158, 38.164317835449786 ], [ -2.219474987051164, 38.188182538046284 ], [ -2.21323107459623, 38.202045850757941 ], [ -2.170509568325613, 38.225910553354446 ], [ -2.15457116021696, 38.229376381532354 ], [ -2.113821415774225, 38.238486558457161 ], [ -2.084244988356104, 38.265222947258223 ], [ -2.079644210757728, 38.274828242494159 ], [ -2.07586500058764, 38.282948182796702 ], [ -2.064855997048674, 38.296316377197229 ], [ -2.048917588940022, 38.305822648770935 ], [ -2.032650553860059, 38.299980252699598 ], [ -2.021805863806748, 38.300178300024051 ], [ -2.006689023126377, 38.289087649854721 ], [ -2.000280797185781, 38.284433537730095 ], [ -1.98269925422057, 38.281660875187761 ], [ -1.90826524521831, 38.298098803117298 ], [ -1.893148404537932, 38.303248033553061 ], [ -1.874580980658784, 38.31423966006016 ], [ -1.867679814261223, 38.318398653873658 ], [ -1.852070033123887, 38.33097465897638 ], [ -1.8287375181607, 38.334935605465425 ], [ -1.823150859648393, 38.33582681842546 ], [ -1.820193216906581, 38.339391670265599 ], [ -1.810334407767208, 38.350977438746057 ], [ -1.795710507543802, 38.353849124950614 ], [ -1.788480714174931, 38.355235456221784 ], [ -1.787987773717965, 38.357711047777435 ], [ -1.791766983888053, 38.360978828630898 ], [ -1.795710507543802, 38.364345633146584 ], [ -1.795053253601182, 38.368999745271218 ], [ -1.788316400689276, 38.3678114613245 ], [ -1.771720738637995, 38.36484075145772 ], [ -1.770570544238403, 38.371970455137998 ], [ -1.769420349838811, 38.378803087831606 ], [ -1.7585756597855, 38.374743117680332 ], [ -1.754796449615412, 38.373356786409168 ], [ -1.752660374301875, 38.376030425289272 ], [ -1.750359985502691, 38.379100158818282 ], [ -1.744937640476039, 38.38018941910277 ], [ -1.738858041506759, 38.37711968557376 ], [ -1.736721966193222, 38.375931401627042 ], [ -1.736393339221912, 38.375337259653691 ], [ -1.733928636937073, 38.37088119485351 ], [ -1.720290617627604, 38.368108532311183 ], [ -1.716675720943165, 38.363652467511002 ], [ -1.713225137744388, 38.370089005555705 ], [ -1.712567883801761, 38.371178265840193 ], [ -1.701558880262795, 38.373851904720297 ], [ -1.682662829412337, 38.359889568346411 ], [ -1.683977337297584, 38.356027645519589 ], [ -1.684634591240211, 38.353849124950614 ], [ -1.684305964268894, 38.352957911990579 ], [ -1.682827142897992, 38.349195012825987 ], [ -1.685784785639804, 38.348204776203723 ], [ -1.691207130666456, 38.346422350283653 ], [ -1.691535757637766, 38.338401433643341 ], [ -1.683484396840612, 38.326815665162883 ], [ -1.676911857414368, 38.32344886064719 ], [ -1.674447155129521, 38.322260576700479 ], [ -1.673296960729928, 38.319685961482598 ], [ -1.669846377531151, 38.311863092166732 ], [ -1.659823254906122, 38.31116992653115 ], [ -1.629753887031036, 38.309189453286628 ], [ -1.612829598008446, 38.311863092166732 ], [ -1.60182059446948, 38.313645518086801 ], [ -1.590154336987887, 38.312259186815638 ], [ -1.589990023502232, 38.311566021180056 ], [ -1.589497083045266, 38.309981642584432 ], [ -1.556798699399678, 38.326221523189524 ], [ -1.545296755403747, 38.337906315332205 ], [ -1.538724215977496, 38.344639924363584 ], [ -1.518349343756128, 38.354047172275067 ], [ -1.506354459303225, 38.359592497359735 ], [ -1.493538007422039, 38.368900721608988 ], [ -1.488115662395387, 38.372861668098032 ], [ -1.485158019653575, 38.37395092838252 ], [ -1.478585480227324, 38.376426519938178 ], [ -1.477928226284696, 38.385536696862978 ], [ -1.475463523999856, 38.398409772952377 ], [ -1.474806270057229, 38.409005304810577 ], [ -1.477599599313386, 38.421284238926617 ], [ -1.476613718399449, 38.436335835584991 ], [ -1.476449404913794, 38.447129414767637 ], [ -1.478914107198634, 38.463864413683858 ], [ -1.479899988112571, 38.466835123550645 ], [ -1.479899988112571, 38.479807223302267 ], [ -1.481543122969136, 38.489313494875979 ], [ -1.48351488479701, 38.493373465027247 ], [ -1.48712978148145, 38.505058257169935 ], [ -1.488444289366697, 38.514762576068094 ], [ -1.492223499536792, 38.52119911411279 ], [ -1.498631725477381, 38.532091716957666 ], [ -1.497152904106478, 38.53803313669124 ], [ -1.492387813022447, 38.551302307429538 ], [ -1.490908991651537, 38.555857395891941 ], [ -1.487622721938415, 38.563284170558902 ], [ -1.467247849717047, 38.575563104674941 ], [ -1.465769028346138, 38.5761572466483 ], [ -1.451966695551022, 38.581504524408516 ], [ -1.447694544923955, 38.615568664214308 ], [ -1.443258080811241, 38.636957775255148 ], [ -1.445229842639115, 38.642404076677586 ], [ -1.447694544923955, 38.649533780357871 ], [ -1.421240073733308, 38.677062358456737 ], [ -1.410559697165652, 38.684786204110374 ], [ -1.404315784710718, 38.689341292572777 ], [ -1.366687996495443, 38.703996794582245 ], [ -1.362580159354039, 38.699243658795396 ], [ -1.359951143583544, 38.696371972590832 ], [ -1.349599393987198, 38.684786204110374 ], [ -1.343026854560954, 38.677359429443413 ], [ -1.329224521765831, 38.6822115888925 ], [ -1.328238640851893, 38.684786204110374 ], [ -1.312628859714557, 38.694886617657446 ], [ -1.283873999724719, 38.707660670084614 ], [ -1.265470889331226, 38.727168331543162 ], [ -1.263663440989006, 38.728950757463238 ], [ -1.250682675622166, 38.737466792414686 ], [ -1.183642773474432, 38.755093004290934 ], [ -1.177234547533843, 38.752815460059736 ], [ -1.17674160707687, 38.752617412735283 ], [ -1.175920039648588, 38.75241936541083 ], [ -1.157188302283785, 38.747963300610657 ], [ -1.139113818861603, 38.743309188486023 ], [ -1.11956051406851, 38.737763863401362 ], [ -1.116767184812353, 38.732416585641154 ], [ -1.116438557841043, 38.721920077445176 ], [ -1.116274244355388, 38.714889397427122 ], [ -1.115616990412761, 38.711423569249206 ], [ -1.110851899328729, 38.707759693746844 ], [ -1.1008287767037, 38.701323155702141 ], [ -1.097871133961888, 38.699243658795396 ], [ -1.077003321283556, 38.684786204110374 ], [ -1.044304937637968, 38.662208809122816 ], [ -1.026887708158412, 38.655475200091438 ] ] ], [ [ [ -0.70483327627224, 37.728217627005861 ], [ -0.706805038100114, 37.724949846152398 ], [ -0.710912875241519, 37.726435201085792 ], [ -0.708941113413651, 37.730990289548195 ], [ -0.70483327627224, 37.728217627005861 ] ] ], [ [ [ -0.725701088950579, 37.746834075504374 ], [ -0.728330104721081, 37.745348720570981 ], [ -0.730137553063301, 37.746437980855468 ], [ -0.731287747462893, 37.747032122828827 ], [ -0.728494418206736, 37.751884282277906 ], [ -0.728165791235426, 37.752676471575718 ], [ -0.727837164264109, 37.751884282277906 ], [ -0.727672850778454, 37.751785258615683 ], [ -0.725701088950579, 37.746834075504374 ] ] ], [ [ [ -0.735559898089953, 37.738615111539609 ], [ -0.73621715203258, 37.736931709281762 ], [ -0.7380246003748, 37.738219016890703 ], [ -0.742296751001859, 37.74099167943303 ], [ -0.739832048717012, 37.745843838882116 ], [ -0.741803810544887, 37.748715525086673 ], [ -0.743939885858417, 37.752082329602359 ], [ -0.739667735231357, 37.753072566224624 ], [ -0.737203032946518, 37.751389163966778 ], [ -0.732602255348141, 37.748121383113315 ], [ -0.735559898089953, 37.738615111539609 ] ] ], [ [ [ -0.733916763233388, 37.661178607678764 ], [ -0.736381465518235, 37.657613755838625 ], [ -0.741310870087922, 37.661277631340987 ], [ -0.736052838546925, 37.663060057261063 ], [ -0.733916763233388, 37.661178607678764 ] ] ], [ [ [ -0.744432826315389, 37.779511884039003 ], [ -0.744597139801044, 37.766242713300699 ], [ -0.755770456825665, 37.775154842901053 ], [ -0.759056726538788, 37.781888451932431 ], [ -0.760371234424042, 37.784760138136988 ], [ -0.75593477031132, 37.783274783203595 ], [ -0.744432826315389, 37.779511884039003 ] ] ], [ [ [ -0.765300638993729, 37.692073990293316 ], [ -0.771215924477353, 37.690093517048794 ], [ -0.777295523446632, 37.696332007769044 ], [ -0.771544551448663, 37.703065616800423 ], [ -0.765464952479384, 37.697124197066856 ], [ -0.765300638993729, 37.692073990293316 ] ] ], [ [ [ -0.79520569338316, 37.700391977920319 ], [ -0.798984903553247, 37.698411504675789 ], [ -0.803914308122934, 37.700689048906995 ], [ -0.798327649610627, 37.703164640462646 ], [ -0.79520569338316, 37.700391977920319 ] ] ] ] } },
{ "type": "Feature", "properties": { "index": 1481, "nuts_2_code": "ES63", "nuts_2_name": "Ciudad de Ceuta" }, "geometry": { "type": "MultiPolygon", "coordinates": [ [ [ [ -5.348661007887983, 35.907568573316041 ], [ -5.336501809949418, 35.895388662862231 ], [ -5.329929270523174, 35.898062301742335 ], [ -5.325821433381769, 35.899646680337952 ], [ -5.315141056814113, 35.890041385102016 ], [ -5.304789307217774, 35.892913071306573 ], [ -5.302324604932927, 35.893606236942155 ], [ -5.30068147007637, 35.896279875822266 ], [ -5.297888140820213, 35.90083496428467 ], [ -5.291479914879623, 35.90380567415145 ], [ -5.287372077738212, 35.905786147395972 ], [ -5.279649343912375, 35.900240822311311 ], [ -5.279977970883685, 35.894992568213326 ], [ -5.305775188131712, 35.884991178328484 ], [ -5.319413207441173, 35.886278485937424 ], [ -5.327957508695299, 35.879346829581593 ], [ -5.33699475040639, 35.8774653799993 ], [ -5.338966512234265, 35.877069285350395 ], [ -5.344224543775262, 35.871127865616828 ], [ -5.350139829258886, 35.87439564647029 ], [ -5.3557264877712, 35.873603457172479 ], [ -5.371664895879846, 35.882812657759509 ], [ -5.37758018136347, 35.905687123733749 ], [ -5.382016645476192, 35.912618780089581 ], [ -5.378073121820442, 35.916381679254172 ], [ -5.366242550853194, 35.916975821227524 ], [ -5.360162951883915, 35.913708040374068 ], [ -5.348661007887983, 35.907568573316041 ] ] ], [ [ [ -5.41685110443531, 35.911826590791769 ], [ -5.41964443369146, 35.910836354169504 ], [ -5.421451882033679, 35.912618780089581 ], [ -5.419973060662777, 35.915886560943044 ], [ -5.416522477463992, 35.916975821227524 ], [ -5.41685110443531, 35.911826590791769 ] ] ] ] } },
{ "type": "Feature", "properties": { "index": 1482, "nuts_2_code": "ES64", "nuts_2_name": "Ciudad de Melilla" }, "geometry": { "type": "MultiPolygon", "coordinates": [ [ [ [ -2.426181352006672, 35.183507555118503 ], [ -2.42749585989192, 35.179645632291688 ], [ -2.431768010518987, 35.180734892576176 ], [ -2.432918204918579, 35.184200720754092 ], [ -2.426181352006672, 35.183507555118503 ] ] ], [ [ [ -2.438669176916548, 35.178061253696065 ], [ -2.440147998287451, 35.176872969749354 ], [ -2.4440915219432, 35.178655395669423 ], [ -2.441298192687043, 35.183210484131827 ], [ -2.439983684801796, 35.183210484131827 ], [ -2.438669176916548, 35.178061253696065 ] ] ], [ [ [ -2.923722586573668, 35.291938465256131 ], [ -2.928323364172044, 35.289363850038249 ], [ -2.931445320399511, 35.292532607229489 ], [ -2.927008856286797, 35.294414056811782 ], [ -2.923722586573668, 35.291938465256131 ] ] ], [ [ [ -2.929637872057292, 35.271737638161994 ], [ -2.949355490336039, 35.266291336739556 ], [ -2.967594287243877, 35.282828288331324 ], [ -2.966772719815594, 35.286195092847016 ], [ -2.966279779358629, 35.288076542429309 ], [ -2.967758600729532, 35.289660921024925 ], [ -2.969894676043062, 35.291740417931678 ], [ -2.966937033301249, 35.302633020776554 ], [ -2.96020018038935, 35.31520902587927 ], [ -2.952477446563506, 35.319863138003903 ], [ -2.946069220622917, 35.314317812919235 ], [ -2.94541196668029, 35.307485180225633 ], [ -2.932266887827794, 35.293522843851747 ], [ -2.935881784512226, 35.291344323282772 ], [ -2.936539038454853, 35.286294116509239 ], [ -2.937031978911826, 35.283125359318007 ], [ -2.929637872057292, 35.271737638161994 ] ] ] ] } },
{ "type": "Feature", "properties": { "index": 1483, "nuts_2_code": "ES42", "nuts_2_name": "Castilla-La Mancha" }, "geometry": { "type": "MultiPolygon", "coordinates": [ [ [ [ -2.051710918196179, 41.146811518038902 ], [ -2.047603081054774, 41.152653914110246 ], [ -2.038401525858021, 41.155129505665904 ], [ -2.029528597632584, 41.156317789612615 ], [ -2.015726264837468, 41.156911931585974 ], [ -2.009975292839499, 41.156515836937068 ], [ -2.008496471468597, 41.156416813274838 ], [ -1.992065122902972, 41.159981665114984 ], [ -1.987792972275912, 41.161169949061694 ], [ -1.986807091361975, 41.161962138359506 ], [ -1.982863567706225, 41.165031871888516 ], [ -1.969718488853729, 41.169091842039784 ], [ -1.966267905654945, 41.169586960350919 ], [ -1.962160068513541, 41.171369386270989 ], [ -1.959038112286073, 41.172458646555476 ], [ -1.953944394230732, 41.169785007675372 ], [ -1.950658124517609, 41.168893794715338 ], [ -1.948357735718425, 41.166814297808585 ], [ -1.947700481775797, 41.161467020048377 ], [ -1.947536168290142, 41.161070925399471 ], [ -1.94671460086186, 41.159882641452754 ], [ -1.945564406462267, 41.158694357506043 ], [ -1.939156180521671, 41.152455866785793 ], [ -1.938498926579051, 41.150079298892365 ], [ -1.938498926579051, 41.149683204243466 ], [ -1.939156180521671, 41.147306636350038 ], [ -1.936034224294204, 41.144632997469927 ], [ -1.932419327609772, 41.138592554074137 ], [ -1.921574637556461, 41.134334536598409 ], [ -1.90711505081871, 41.134928678571768 ], [ -1.899063690021556, 41.135324773220674 ], [ -1.890519388767437, 41.133047228989469 ], [ -1.887233119054315, 41.129383353487107 ], [ -1.877867250371906, 41.122154626144599 ], [ -1.873430786259192, 41.114727851477639 ], [ -1.869487262603442, 41.108291313432936 ], [ -1.826437129361516, 41.095418237343537 ], [ -1.825122621476268, 41.095319213681314 ], [ -1.817399887650424, 41.095121166356861 ], [ -1.814442244908612, 41.093041669450109 ], [ -1.811977542623772, 41.091754361841168 ], [ -1.805405003197521, 41.090665101556681 ], [ -1.803268927883991, 41.089971935921099 ], [ -1.801132852570461, 41.086902202392089 ], [ -1.800311285142179, 41.086209036756507 ], [ -1.797846582857332, 41.08323832688972 ], [ -1.794724626629865, 41.078782262089547 ], [ -1.78995953554584, 41.076009599547213 ], [ -1.786180325375746, 41.073434984329332 ], [ -1.783551309605244, 41.072543771369297 ], [ -1.780100726406467, 41.070563298124775 ], [ -1.777307397150309, 41.06967208516474 ], [ -1.775992889265062, 41.069077943191388 ], [ -1.769913290295783, 41.066107233324601 ], [ -1.764326631783469, 41.060759955564386 ], [ -1.764162318297814, 41.060660931902163 ], [ -1.761861929498629, 41.058482411333188 ], [ -1.761040362070347, 41.056898032737571 ], [ -1.757754092357217, 41.055115606817502 ], [ -1.758247032814189, 41.052045873288492 ], [ -1.758739973271155, 41.048580045110576 ], [ -1.75249606081622, 41.04382690932372 ], [ -1.749702731560063, 41.041648388754744 ], [ -1.747730969732189, 41.036895252967888 ], [ -1.746745088818251, 41.034419661412237 ], [ -1.742472938191192, 41.03273625915439 ], [ -1.738858041506759, 41.031250904220997 ], [ -1.736229025736257, 41.030161643936509 ], [ -1.729820799795668, 41.024022176878489 ], [ -1.724562768254664, 41.021249514336162 ], [ -1.718976109742357, 41.016001260238177 ], [ -1.714703959115297, 41.012040313749125 ], [ -1.708788673631673, 41.007683272611175 ], [ -1.700080058891892, 41.002335994850966 ], [ -1.691864384609083, 40.995602385819588 ], [ -1.687592233982016, 40.993720936237295 ], [ -1.684963218211522, 40.992433628628355 ], [ -1.679212246213552, 40.989363895099345 ], [ -1.675761663014775, 40.98530392494807 ], [ -1.674775782100838, 40.98401661733913 ], [ -1.673625587701245, 40.983719546352454 ], [ -1.666395794332367, 40.981739073107931 ], [ -1.660973449305715, 40.978372268592238 ], [ -1.659823254906122, 40.976391795347716 ], [ -1.65900168747784, 40.973322061818706 ], [ -1.658837373992185, 40.97302499083203 ], [ -1.657029925649965, 40.969460138991884 ], [ -1.654072282908153, 40.968965020680756 ], [ -1.651278953651996, 40.967083571098463 ], [ -1.641913084969595, 40.959755820093726 ], [ -1.634847605086378, 40.952626116413441 ], [ -1.632054275830221, 40.950645643168919 ], [ -1.628439379145782, 40.948665169924396 ], [ -1.617430375606823, 40.943713986813094 ], [ -1.608228820410069, 40.926879964234651 ], [ -1.612500971037136, 40.913412746171893 ], [ -1.619730764406007, 40.904896711220445 ], [ -1.625317422918314, 40.898262125851289 ], [ -1.620223704862973, 40.879447630028324 ], [ -1.602806475383417, 40.859444850258647 ], [ -1.593604920186671, 40.853305383200627 ], [ -1.592290412301416, 40.849839555022712 ], [ -1.571258286137422, 40.831421153848645 ], [ -1.565343000653804, 40.830331893564157 ], [ -1.556798699399678, 40.828846538630771 ], [ -1.553512429686556, 40.823895355519461 ], [ -1.553348116200901, 40.823499260870555 ], [ -1.549897533002117, 40.820627574665998 ], [ -1.54463950146112, 40.816171509865825 ], [ -1.542339112661935, 40.811220326754515 ], [ -1.539217156434468, 40.792603878256003 ], [ -1.542667739633245, 40.771412814539609 ], [ -1.542667739633245, 40.770917696228473 ], [ -1.542667739633245, 40.77081867256625 ], [ -1.540203037348405, 40.763887016210418 ], [ -1.541681858719308, 40.759728022396921 ], [ -1.54710420374596, 40.755767075907876 ], [ -1.555319878028776, 40.750122727160985 ], [ -1.562056730940675, 40.739725242627244 ], [ -1.560577909569773, 40.738140864031621 ], [ -1.560577909569773, 40.736457461773782 ], [ -1.560249282598456, 40.734476988529259 ], [ -1.558770461227553, 40.719227344546432 ], [ -1.555977131971396, 40.716454682004098 ], [ -1.554169683629176, 40.715563469044064 ], [ -1.552526548772619, 40.708928883674915 ], [ -1.54431087448981, 40.69754116251891 ], [ -1.538395589006186, 40.689322198554137 ], [ -1.539052842948806, 40.658129744952902 ], [ -1.54316068009021, 40.653277585503822 ], [ -1.551540667858681, 40.643375219281211 ], [ -1.555484191514431, 40.629808977556223 ], [ -1.555648505000086, 40.628719717271736 ], [ -1.556963012885333, 40.626739244027213 ], [ -1.564850060196832, 40.614757380897856 ], [ -1.557291639856651, 40.608716937502059 ], [ -1.555319878028776, 40.607231582568666 ], [ -1.554826937571804, 40.604855014675238 ], [ -1.553019489229584, 40.602379423119586 ], [ -1.545461068889402, 40.595249719439302 ], [ -1.549568906030807, 40.593170222532557 ], [ -1.555648505000086, 40.586040518852272 ], [ -1.566657508539052, 40.579703004469799 ], [ -1.582924543619015, 40.569503567260504 ], [ -1.587196694246074, 40.569404543598282 ], [ -1.598698638242013, 40.562076792593544 ], [ -1.602313534926445, 40.564552384149202 ], [ -1.609543328295324, 40.567622117678212 ], [ -1.629753887031036, 40.57603912896743 ], [ -1.634190351143751, 40.579802028132022 ], [ -1.643227592854842, 40.580198122780928 ], [ -1.653743655936843, 40.581980548700997 ], [ -1.658508747020868, 40.581980548700997 ], [ -1.659823254906122, 40.581980548700997 ], [ -1.666395794332367, 40.582079572363227 ], [ -1.668696183131559, 40.585050282230007 ], [ -1.674282841643866, 40.592179985910292 ], [ -1.67806205181396, 40.590991701963581 ], [ -1.684470277754549, 40.581782501376551 ], [ -1.685784785639804, 40.579901051794252 ], [ -1.686934980039396, 40.579603980807576 ], [ -1.693343205979986, 40.577623507563047 ], [ -1.691864384609083, 40.572078182478386 ], [ -1.690385563238173, 40.565839691758143 ], [ -1.698601237520982, 40.546133982975135 ], [ -1.701558880262795, 40.539004279294858 ], [ -1.698436924035327, 40.524843895596518 ], [ -1.695479281293515, 40.511376677533761 ], [ -1.695150654322205, 40.494047536644189 ], [ -1.695150654322205, 40.493750465657506 ], [ -1.695150654322205, 40.493651441995283 ], [ -1.692521638551703, 40.486818809301681 ], [ -1.700408685863202, 40.483154933799312 ], [ -1.709281614088638, 40.481570555203696 ], [ -1.709774554545611, 40.481372507879243 ], [ -1.714211018658325, 40.479887152945849 ], [ -1.725712962654264, 40.474737922510087 ], [ -1.735078831336665, 40.472064283629983 ], [ -1.738858041506759, 40.469489668412102 ], [ -1.748059596703506, 40.463251177691859 ], [ -1.758247032814189, 40.451071267238042 ], [ -1.765641139668716, 40.442555232286594 ], [ -1.777143083664654, 40.429187037886066 ], [ -1.785358757947463, 40.414432512214368 ], [ -1.789630908574523, 40.415818843485539 ], [ -1.793574432230272, 40.417205174756702 ], [ -1.800146971656524, 40.41393739390324 ], [ -1.805733630168831, 40.397994584284831 ], [ -1.791602670402398, 40.397301418649249 ], [ -1.788809341146241, 40.392746330186846 ], [ -1.778293278064247, 40.391459022577905 ], [ -1.768434468924873, 40.38314103495091 ], [ -1.764983885726096, 40.378982041137412 ], [ -1.741979997734227, 40.350661273740734 ], [ -1.738858041506759, 40.34927494246957 ], [ -1.722591006426789, 40.341650120478157 ], [ -1.721112185055887, 40.340956954842575 ], [ -1.698272610549672, 40.320954175072892 ], [ -1.698272610549672, 40.316795181259394 ], [ -1.705173776947234, 40.31422056604152 ], [ -1.713553764715698, 40.315903968299359 ], [ -1.719961990656294, 40.3171912759083 ], [ -1.729163545853041, 40.30174358460102 ], [ -1.725220022197291, 40.28520663300926 ], [ -1.718154542314075, 40.277680834680069 ], [ -1.712074943344795, 40.280057402573497 ], [ -1.709117300602983, 40.293821691622931 ], [ -1.708131419689046, 40.295208022894101 ], [ -1.702544761176732, 40.303724057845542 ], [ -1.692028698094738, 40.308279146307946 ], [ -1.667545988731959, 40.295208022894101 ], [ -1.659823254906122, 40.284711514698124 ], [ -1.653086401994216, 40.278770094964557 ], [ -1.638298188285155, 40.265500924226252 ], [ -1.614308419379348, 40.248666901647809 ], [ -1.606092745096539, 40.242923529238695 ], [ -1.592290412301416, 40.235694801896187 ], [ -1.577995139049328, 40.22054418157559 ], [ -1.572408480537021, 40.214701785504246 ], [ -1.540531664319715, 40.190837082907748 ], [ -1.531494422608624, 40.193015603476724 ], [ -1.525579137125, 40.198857999548061 ], [ -1.522621494383188, 40.201729685752625 ], [ -1.510955236901594, 40.203413088010464 ], [ -1.48959448376629, 40.192817556152271 ], [ -1.474313329600264, 40.18529175782308 ], [ -1.456403159663736, 40.191332201218877 ], [ -1.439150243669836, 40.197075573627991 ], [ -1.442436513382958, 40.165288978053404 ], [ -1.442272199897303, 40.15766415606199 ], [ -1.448844739323548, 40.145385221945951 ], [ -1.456567473149391, 40.13478969008775 ], [ -1.453281203436269, 40.127858033731918 ], [ -1.442600826868613, 40.118252738495983 ], [ -1.418775371448461, 40.107954277624465 ], [ -1.40973812973737, 40.10409235479765 ], [ -1.40760205442384, 40.101418715917539 ], [ -1.414503220821402, 40.096764603792913 ], [ -1.419103998419779, 40.093694870263903 ], [ -1.415324788249684, 40.088545639828141 ], [ -1.413517339907465, 40.086070048272489 ], [ -1.412695772479182, 40.082703243756804 ], [ -1.412038518536562, 40.080227652201145 ], [ -1.40908087579475, 40.07686084768546 ], [ -1.400700888026279, 40.067057505125071 ], [ -1.398400499227094, 40.063294605960479 ], [ -1.397578931798812, 40.059828777782563 ], [ -1.396264423913564, 40.057551233551358 ], [ -1.394128348600034, 40.055075641995707 ], [ -1.393635408143062, 40.053095168751184 ], [ -1.390513451915595, 40.049530316911046 ], [ -1.385748360831563, 40.042004518581855 ], [ -1.383119345061068, 40.038934785052845 ], [ -1.381969150661476, 40.031706057710338 ], [ -1.381311896718849, 40.027150969247934 ], [ -1.379340134890974, 40.021704667825496 ], [ -1.376875432606134, 40.016555437389741 ], [ -1.364387607696258, 40.01219839625179 ], [ -1.358965262669606, 40.012396443576243 ], [ -1.344012735474891, 40.015367153443023 ], [ -1.337933136505612, 40.016654461051964 ], [ -1.308028082116181, 40.010514993993944 ], [ -1.286338702009559, 40.008237449762746 ], [ -1.275822638927565, 40.004078455949248 ], [ -1.267771278130411, 40.000513604109102 ], [ -1.261855992646787, 39.997740941566775 ], [ -1.248382286822974, 39.99546339733557 ], [ -1.207139601923267, 40.001800911718043 ], [ -1.191694134271586, 40.001503840731367 ], [ -1.1788776823904, 40.00784135511384 ], [ -1.173948277820713, 40.010217923007268 ], [ -1.165075349595277, 40.010118899345038 ], [ -1.163267901253064, 39.99982043847352 ], [ -1.147329493144412, 39.988630764641968 ], [ -1.142400088574725, 39.971895765725748 ], [ -1.154394973027628, 39.963874849085435 ], [ -1.171647889021528, 39.958824642311896 ], [ -1.202045883867925, 39.949714465387096 ], [ -1.206975288437611, 39.945159376924693 ], [ -1.207961169351549, 39.928325354346249 ], [ -1.201060002953987, 39.922780029261581 ], [ -1.200402749011367, 39.921294674328195 ], [ -1.196623538841273, 39.913570828674551 ], [ -1.198759614154802, 39.896340711447202 ], [ -1.20007412204005, 39.886735416211266 ], [ -1.199909808554395, 39.881784233099964 ], [ -1.199909808554395, 39.875545742379714 ], [ -1.19760941975521, 39.873070150824063 ], [ -1.200238435525705, 39.869901393632823 ], [ -1.201060002953987, 39.856434175570072 ], [ -1.203524705238834, 39.851978110769892 ], [ -1.206810974951956, 39.846036691036325 ], [ -1.210918812093361, 39.838213821720458 ], [ -1.210754498607706, 39.833262638609156 ], [ -1.212890573921236, 39.823261248724314 ], [ -1.216176843634358, 39.808011604741488 ], [ -1.233429759628265, 39.783948854820537 ], [ -1.240166612540165, 39.778898648047004 ], [ -1.249203854251256, 39.772264062677849 ], [ -1.262020306132442, 39.75642027672167 ], [ -1.275001071499283, 39.737308709912021 ], [ -1.271221861329188, 39.730079982569514 ], [ -1.271221861329188, 39.714137172951105 ], [ -1.265306575845564, 39.704333830390716 ], [ -1.262020306132442, 39.698887528968278 ], [ -1.27204342875747, 39.686014452878879 ], [ -1.279601849097659, 39.677894512576337 ], [ -1.291925360521873, 39.672547234816129 ], [ -1.307863768630526, 39.670863832558283 ], [ -1.312793173200212, 39.670467737909377 ], [ -1.318872772169492, 39.67195309284277 ], [ -1.325773938567053, 39.673141376789481 ], [ -1.330539029651078, 39.675517944682909 ], [ -1.342698227589644, 39.681558388078706 ], [ -1.358308008726979, 39.685816405554434 ], [ -1.368495444837663, 39.689678328381248 ], [ -1.384926793403288, 39.678785725536372 ], [ -1.398564812712749, 39.668982382975983 ], [ -1.403987157739408, 39.666011673109203 ], [ -1.417953804020186, 39.654921022939874 ], [ -1.436521227899334, 39.628778776112171 ], [ -1.440957692012056, 39.619074457214012 ], [ -1.44572278309608, 39.611251587898145 ], [ -1.44966630675183, 39.600557032377722 ], [ -1.452952576464952, 39.591545879115145 ], [ -1.456238846178081, 39.585505435719348 ], [ -1.459032175434238, 39.581742536554756 ], [ -1.46198981817605, 39.576593306118994 ], [ -1.470041178973204, 39.571840170332145 ], [ -1.476778031885104, 39.569166531452034 ], [ -1.48351488479701, 39.569166531452034 ], [ -1.484172138739638, 39.568968484127588 ], [ -1.496167023192541, 39.566294845247477 ], [ -1.50438269747535, 39.563918277354048 ], [ -1.501917995190503, 39.559165141567199 ], [ -1.501425054733538, 39.55847197593161 ], [ -1.501917995190503, 39.557382715647122 ], [ -1.503561130047068, 39.552926650846949 ], [ -1.520814046040968, 39.548866680695681 ], [ -1.503561130047068, 39.546094018153347 ], [ -1.505204264903632, 39.540350645744233 ], [ -1.50224662216182, 39.534904344321795 ], [ -1.502082308676158, 39.534409226010659 ], [ -1.502410935647475, 39.533418989388402 ], [ -1.505697205360597, 39.520644936961226 ], [ -1.502739562618785, 39.514406446240983 ], [ -1.507176026731507, 39.509752334116349 ], [ -1.50290387610444, 39.504405056356141 ], [ -1.500274860333946, 39.501038251840455 ], [ -1.501260741247883, 39.495294879431334 ], [ -1.503725443532723, 39.49262124055123 ], [ -1.505532891874942, 39.493215382524589 ], [ -1.510462296444629, 39.494898784782428 ], [ -1.510462296444629, 39.49133393294229 ], [ -1.507340340217162, 39.488957365048861 ], [ -1.50619014581757, 39.487967128426604 ], [ -1.508819161588065, 39.485788607857629 ], [ -1.511612490844222, 39.483511063626423 ], [ -1.510297982958974, 39.482520827004166 ], [ -1.505368578389287, 39.478559880515121 ], [ -1.511941117815532, 39.472717484443777 ], [ -1.514077193129062, 39.458557100745438 ], [ -1.521799926954905, 39.457566864123173 ], [ -1.526236391067627, 39.456972722149821 ], [ -1.52804383940984, 39.452219586362965 ], [ -1.52163561346925, 39.449545947482861 ], [ -1.519828165127031, 39.448753758185049 ], [ -1.520978359526623, 39.446773284940527 ], [ -1.52344306181147, 39.443109409438158 ], [ -1.516541895413908, 39.437960179002403 ], [ -1.520485419069658, 39.434395327162257 ], [ -1.519499538155721, 39.431226569971024 ], [ -1.514570133586034, 39.429444144050954 ], [ -1.510790923415939, 39.434296303500034 ], [ -1.505532891874942, 39.42974121503763 ], [ -1.501589368219193, 39.429147073064271 ], [ -1.497810158049099, 39.428750978415373 ], [ -1.500274860333946, 39.425186126575227 ], [ -1.505204264903632, 39.417660328246043 ], [ -1.498467411991726, 39.41617497331265 ], [ -1.491073305137199, 39.419046659517207 ], [ -1.485486646624885, 39.421225180086182 ], [ -1.486308214053167, 39.415976925988197 ], [ -1.487951348909725, 39.404094086521063 ], [ -1.483679198282665, 39.401816542289858 ], [ -1.478256853256013, 39.405381394130004 ], [ -1.475134897028546, 39.407361867374526 ], [ -1.471355686858452, 39.406272607090038 ], [ -1.46839804411664, 39.402905802574345 ], [ -1.472834508229354, 39.398449737774172 ], [ -1.474641956571574, 39.396568288191872 ], [ -1.472177254286734, 39.391320034093887 ], [ -1.467412163202702, 39.391320034093887 ], [ -1.463632953032608, 39.395578051569615 ], [ -1.460346683319486, 39.399439974396429 ], [ -1.453774143893234, 39.398251690449719 ], [ -1.455252965264144, 39.392112223391699 ], [ -1.456896100120701, 39.385873732671449 ], [ -1.465440401374828, 39.383398141115798 ], [ -1.462482758633016, 39.380229383924558 ], [ -1.450980814637084, 39.377258674057778 ], [ -1.44966630675183, 39.376862579408872 ], [ -1.449501993266175, 39.372505538270921 ], [ -1.449501993266175, 39.367752402484065 ], [ -1.454431397835862, 39.361216840777139 ], [ -1.444572588696488, 39.36260317204831 ], [ -1.442272199897303, 39.366366071212902 ], [ -1.439314557155491, 39.371317254324211 ], [ -1.432577704243585, 39.372604561933152 ], [ -1.431920450300964, 39.376565508422196 ], [ -1.42814124013087, 39.373198703906503 ], [ -1.429455748016117, 39.367455331497389 ], [ -1.42994868847309, 39.364880716279508 ], [ -1.423704776018148, 39.364781692617285 ], [ -1.421897327675936, 39.368544591781877 ], [ -1.422554581618556, 39.372010419959793 ], [ -1.424033402989465, 39.379932312937882 ], [ -1.421404387218963, 39.381516691533498 ], [ -1.411709891565245, 39.3792391473023 ], [ -1.408916562309095, 39.37478308250212 ], [ -1.407437740938185, 39.372505538270921 ], [ -1.406123233052938, 39.373198703906503 ], [ -1.401029514997596, 39.375971366448837 ], [ -1.397085991341847, 39.37478308250212 ], [ -1.398893439684066, 39.370327017701946 ], [ -1.400536574540624, 39.37002994671527 ], [ -1.407437740938185, 39.368940686430783 ], [ -1.405958919567283, 39.365969976563996 ], [ -1.393635408143062, 39.366168023888449 ], [ -1.383612285518034, 39.366267047550672 ], [ -1.382297777632786, 39.359731485843753 ], [ -1.382297777632786, 39.35943441485707 ], [ -1.385091106888943, 39.354285184421315 ], [ -1.374575043806942, 39.355473468368025 ], [ -1.36915269878029, 39.356067610341384 ], [ -1.361922905411419, 39.349433024972228 ], [ -1.359129576155262, 39.346660362429901 ], [ -1.352885663700327, 39.340718942696334 ], [ -1.347463318673668, 39.340124800722975 ], [ -1.342533914103981, 39.339629682411847 ], [ -1.342040973647016, 39.339332611425164 ], [ -1.335468434220765, 39.334579475638307 ], [ -1.331524910565015, 39.336064830571701 ], [ -1.33349667239289, 39.338738469451805 ], [ -1.331853537536333, 39.339827729736292 ], [ -1.330867656622395, 39.340322848047428 ], [ -1.327910013880583, 39.339926753398522 ], [ -1.321994728396959, 39.339134564100711 ], [ -1.318379831712519, 39.340421871709651 ], [ -1.312628859714557, 39.342402344954174 ], [ -1.305399066345679, 39.339134564100711 ], [ -1.300305348290337, 39.336956043531735 ], [ -1.298826526919434, 39.330717552811493 ], [ -1.29110379309359, 39.33349021535382 ], [ -1.282723805325126, 39.328935126891423 ], [ -1.277958714241095, 39.33170778943375 ], [ -1.275494011956255, 39.333094120704921 ], [ -1.25906266339063, 39.326558558997995 ], [ -1.251504243050448, 39.323587849131208 ], [ -1.250518362136511, 39.32428101476679 ], [ -1.246903465452071, 39.326756606322448 ], [ -1.243124255281977, 39.322300541522267 ], [ -1.242959941796322, 39.322003470535591 ], [ -1.223242323517574, 39.316458145450923 ], [ -1.215355276206083, 39.319131784331034 ], [ -1.212233319978608, 39.321607375886686 ], [ -1.207303915408929, 39.325469298713507 ], [ -1.203360391753179, 39.32121128123778 ], [ -1.197773733240865, 39.31507181417976 ], [ -1.186600416216244, 39.314576695868631 ], [ -1.177398861019498, 39.314180601219725 ], [ -1.163925155195685, 39.308833323459517 ], [ -1.162774960796092, 39.304773353308242 ], [ -1.165239663080939, 39.299525099210257 ], [ -1.170004754164964, 39.289226638338739 ], [ -1.174112591306368, 39.28001743775171 ], [ -1.176084353134243, 39.265559983066687 ], [ -1.176577293591215, 39.258034184737504 ], [ -1.176905920562525, 39.246646463581499 ], [ -1.17641298010556, 39.243180635403583 ], [ -1.175755726162933, 39.238427499616726 ], [ -1.17641298010556, 39.230307559314184 ], [ -1.177891801476463, 39.224960281553976 ], [ -1.18068513073262, 39.21228525278903 ], [ -1.18249257907484, 39.209512590246696 ], [ -1.184792967874024, 39.205947738406557 ], [ -1.185778848787962, 39.204165312486481 ], [ -1.187914924101491, 39.202481910228641 ], [ -1.189393745472401, 39.200798507970795 ], [ -1.194323150042088, 39.185449840325745 ], [ -1.197116479298238, 39.176735758049844 ], [ -1.202867451296207, 39.170200196342918 ], [ -1.206318034494991, 39.166833391827225 ], [ -1.210425871636396, 39.162278303364829 ], [ -1.219956053804452, 39.156138836306802 ], [ -1.227021533687669, 39.151682771506628 ], [ -1.228993295515544, 39.143760878528539 ], [ -1.229321922486854, 39.142671618244052 ], [ -1.230472116886453, 39.138314577106101 ], [ -1.232279565228666, 39.133660464981475 ], [ -1.239016418140572, 39.117420584376383 ], [ -1.240495239511482, 39.113756708874014 ], [ -1.248217973337319, 39.109894786047199 ], [ -1.255612080191852, 39.106131886882608 ], [ -1.255776393677507, 39.09573440234886 ], [ -1.255776393677507, 39.084049610206172 ], [ -1.258405409448002, 39.081772065974974 ], [ -1.265635202816881, 39.075434551592501 ], [ -1.263663440989006, 39.068304847912216 ], [ -1.265799516302536, 39.054738606187236 ], [ -1.265142262359909, 39.052461061956038 ], [ -1.266785397216474, 39.051074730684867 ], [ -1.260212857790222, 39.042261624746743 ], [ -1.232772505685638, 39.027011980763916 ], [ -1.224228204431512, 39.022258844977067 ], [ -1.217819978490922, 39.014138904674518 ], [ -1.20188157038227, 38.993641006593705 ], [ -1.188407864558464, 38.980866954166537 ], [ -1.161460452910845, 38.955219825649969 ], [ -1.153573405599346, 38.941455536600536 ], [ -1.146672239201784, 38.929374649808942 ], [ -1.13829225143332, 38.927592223888873 ], [ -1.129090696236574, 38.929473673471172 ], [ -1.12317541075295, 38.929374649808942 ], [ -1.105922494759042, 38.928582460511137 ], [ -1.09803544744755, 38.929869768120078 ], [ -1.091134281049989, 38.931454146715694 ], [ -1.075688813398301, 38.932840477986858 ], [ -1.070595095342959, 38.933830714609122 ], [ -1.069937841400339, 38.933929738271345 ], [ -1.05991471877531, 38.934721927569157 ], [ -1.054985314205624, 38.934523880244704 ], [ -1.054163746777341, 38.934523880244704 ], [ -1.053835119806024, 38.934622903906927 ], [ -1.042497489295748, 38.936801424475902 ], [ -1.038882592611316, 38.935316069542509 ], [ -1.036253576840814, 38.934325832920251 ], [ -1.034117501527284, 38.934523880244704 ], [ -1.02639476770144, 38.935712164191415 ], [ -1.015878704619446, 38.938187755747073 ], [ -1.013414002334599, 38.939177992369331 ], [ -1.00914185170754, 38.943039915196152 ], [ -1.008648911250567, 38.943733080831734 ], [ -1.00700577639401, 38.946109648725162 ], [ -1.003555193195226, 38.948288169294138 ], [ -0.999283042568166, 38.949476453240848 ], [ -0.991724622227984, 38.947297932671873 ], [ -0.987781098572235, 38.947694027320779 ], [ -0.983016007488203, 38.945515506751804 ], [ -0.977265035490234, 38.942742844209469 ], [ -0.971514063492265, 38.942841867871699 ], [ -0.967899166807833, 38.943336986182828 ], [ -0.959354865553706, 38.944624293791769 ], [ -0.957547417211487, 38.933137548973534 ], [ -0.957711730697149, 38.932147312351276 ], [ -0.958533298125424, 38.928186365862231 ], [ -0.955904282354929, 38.923235182750922 ], [ -0.956397222811894, 38.920165449221912 ], [ -0.953439580070082, 38.91947228358633 ], [ -0.951796445213525, 38.916204502732867 ], [ -0.95048193732827, 38.911451366946011 ], [ -0.946538413672521, 38.908381633417001 ], [ -0.940787441674559, 38.8996675511411 ], [ -0.933557648305687, 38.896003675638731 ], [ -0.931914513449122, 38.895112462678696 ], [ -0.924520406594596, 38.891745658163011 ], [ -0.927478049336401, 38.884913025469409 ], [ -0.928628243736, 38.883625717860468 ], [ -0.931914513449122, 38.879664771371424 ], [ -0.931585886477812, 38.871346783744428 ], [ -0.93257176739175, 38.867880955566513 ], [ -0.931914513449122, 38.866395600633119 ], [ -0.93076431904953, 38.863622938090785 ], [ -0.933064707848715, 38.859860038926193 ], [ -0.935693723619217, 38.855899092437149 ], [ -0.934214902248307, 38.849066459743547 ], [ -0.934050588762652, 38.848472317770188 ], [ -0.932243140420432, 38.841639685076586 ], [ -0.93109294602084, 38.829756845609445 ], [ -0.924849033565906, 38.823320307564749 ], [ -0.927806676307718, 38.815695485573336 ], [ -0.931257259506495, 38.812625752044326 ], [ -0.932736080877405, 38.811239420773155 ], [ -0.933721961791342, 38.794009303545813 ], [ -0.929121184192965, 38.787077647189982 ], [ -0.92895687070731, 38.786780576203299 ], [ -0.92895687070731, 38.783809866336519 ], [ -0.949988996871305, 38.776086020682875 ], [ -0.961326627381581, 38.774798713073942 ], [ -0.945716846244245, 38.737466792414686 ], [ -0.938815679846684, 38.728158568165426 ], [ -0.929121184192965, 38.715186468413805 ], [ -0.926656481908125, 38.706472386137904 ], [ -0.919262375053592, 38.699243658795396 ], [ -0.915811791854814, 38.695975877941933 ], [ -0.925670600994188, 38.684786204110374 ], [ -0.930271378592558, 38.679537950012389 ], [ -0.932407453906087, 38.677557476767866 ], [ -0.934872156190934, 38.67607212183448 ], [ -0.939801560760621, 38.672210199007658 ], [ -0.959847806010679, 38.659040051931584 ], [ -0.962476821781173, 38.656960555024831 ], [ -0.970199555607017, 38.655772271078121 ], [ -0.991560308742322, 38.655079105442532 ], [ -0.999611669539476, 38.656564460375925 ], [ -1.008977538221885, 38.658247862633772 ], [ -1.010784986564104, 38.656564460375925 ], [ -1.014892823705509, 38.657257626011507 ], [ -1.026887708158412, 38.655475200091438 ], [ -1.044304937637968, 38.662208809122816 ], [ -1.077003321283556, 38.684786204110374 ], [ -1.097871133961888, 38.699243658795396 ], [ -1.1008287767037, 38.701323155702141 ], [ -1.110851899328729, 38.707759693746844 ], [ -1.115616990412761, 38.711423569249206 ], [ -1.116274244355388, 38.714889397427122 ], [ -1.116438557841043, 38.721920077445176 ], [ -1.116767184812353, 38.732416585641154 ], [ -1.11956051406851, 38.737763863401362 ], [ -1.139113818861603, 38.743309188486023 ], [ -1.157188302283785, 38.747963300610657 ], [ -1.175920039648588, 38.75241936541083 ], [ -1.17674160707687, 38.752617412735283 ], [ -1.177234547533843, 38.752815460059736 ], [ -1.183642773474432, 38.755093004290934 ], [ -1.250682675622166, 38.737466792414686 ], [ -1.263663440989006, 38.728950757463238 ], [ -1.265470889331226, 38.727168331543162 ], [ -1.283873999724719, 38.707660670084614 ], [ -1.312628859714557, 38.694886617657446 ], [ -1.328238640851893, 38.684786204110374 ], [ -1.329224521765831, 38.6822115888925 ], [ -1.343026854560954, 38.677359429443413 ], [ -1.349599393987198, 38.684786204110374 ], [ -1.359951143583544, 38.696371972590832 ], [ -1.362580159354039, 38.699243658795396 ], [ -1.366687996495443, 38.703996794582245 ], [ -1.404315784710718, 38.689341292572777 ], [ -1.410559697165652, 38.684786204110374 ], [ -1.421240073733308, 38.677062358456737 ], [ -1.447694544923955, 38.649533780357871 ], [ -1.445229842639115, 38.642404076677586 ], [ -1.443258080811241, 38.636957775255148 ], [ -1.447694544923955, 38.615568664214308 ], [ -1.451966695551022, 38.581504524408516 ], [ -1.465769028346138, 38.5761572466483 ], [ -1.467247849717047, 38.575563104674941 ], [ -1.487622721938415, 38.563284170558902 ], [ -1.490908991651537, 38.555857395891941 ], [ -1.492387813022447, 38.551302307429538 ], [ -1.497152904106478, 38.53803313669124 ], [ -1.498631725477381, 38.532091716957666 ], [ -1.492223499536792, 38.52119911411279 ], [ -1.488444289366697, 38.514762576068094 ], [ -1.48712978148145, 38.505058257169935 ], [ -1.48351488479701, 38.493373465027247 ], [ -1.481543122969136, 38.489313494875979 ], [ -1.479899988112571, 38.479807223302267 ], [ -1.479899988112571, 38.466835123550645 ], [ -1.478914107198634, 38.463864413683858 ], [ -1.476449404913794, 38.447129414767637 ], [ -1.476613718399449, 38.436335835584991 ], [ -1.477599599313386, 38.421284238926617 ], [ -1.474806270057229, 38.409005304810577 ], [ -1.475463523999856, 38.398409772952377 ], [ -1.477928226284696, 38.385536696862978 ], [ -1.478585480227324, 38.376426519938178 ], [ -1.485158019653575, 38.37395092838252 ], [ -1.488115662395387, 38.372861668098032 ], [ -1.493538007422039, 38.368900721608988 ], [ -1.506354459303225, 38.359592497359735 ], [ -1.518349343756128, 38.354047172275067 ], [ -1.538724215977496, 38.344639924363584 ], [ -1.545296755403747, 38.337906315332205 ], [ -1.556798699399678, 38.326221523189524 ], [ -1.589497083045266, 38.309981642584432 ], [ -1.589990023502232, 38.311566021180056 ], [ -1.590154336987887, 38.312259186815638 ], [ -1.60182059446948, 38.313645518086801 ], [ -1.612829598008446, 38.311863092166732 ], [ -1.629753887031036, 38.309189453286628 ], [ -1.659823254906122, 38.31116992653115 ], [ -1.669846377531151, 38.311863092166732 ], [ -1.673296960729928, 38.319685961482598 ], [ -1.674447155129521, 38.322260576700479 ], [ -1.676911857414368, 38.32344886064719 ], [ -1.683484396840612, 38.326815665162883 ], [ -1.691535757637766, 38.338401433643341 ], [ -1.691207130666456, 38.346422350283653 ], [ -1.685784785639804, 38.348204776203723 ], [ -1.682827142897992, 38.349195012825987 ], [ -1.684305964268894, 38.352957911990579 ], [ -1.684634591240211, 38.353849124950614 ], [ -1.683977337297584, 38.356027645519589 ], [ -1.682662829412337, 38.359889568346411 ], [ -1.701558880262795, 38.373851904720297 ], [ -1.712567883801761, 38.371178265840193 ], [ -1.713225137744388, 38.370089005555705 ], [ -1.716675720943165, 38.363652467511002 ], [ -1.720290617627604, 38.368108532311183 ], [ -1.733928636937073, 38.37088119485351 ], [ -1.736393339221912, 38.375337259653691 ], [ -1.736721966193222, 38.375931401627042 ], [ -1.738858041506759, 38.37711968557376 ], [ -1.744937640476039, 38.38018941910277 ], [ -1.750359985502691, 38.379100158818282 ], [ -1.752660374301875, 38.376030425289272 ], [ -1.754796449615412, 38.373356786409168 ], [ -1.7585756597855, 38.374743117680332 ], [ -1.769420349838811, 38.378803087831606 ], [ -1.770570544238403, 38.371970455137998 ], [ -1.771720738637995, 38.36484075145772 ], [ -1.788316400689276, 38.3678114613245 ], [ -1.795053253601182, 38.368999745271218 ], [ -1.795710507543802, 38.364345633146584 ], [ -1.791766983888053, 38.360978828630898 ], [ -1.787987773717965, 38.357711047777435 ], [ -1.788480714174931, 38.355235456221784 ], [ -1.795710507543802, 38.353849124950614 ], [ -1.810334407767208, 38.350977438746057 ], [ -1.820193216906581, 38.339391670265599 ], [ -1.823150859648393, 38.33582681842546 ], [ -1.8287375181607, 38.334935605465425 ], [ -1.852070033123887, 38.33097465897638 ], [ -1.867679814261223, 38.318398653873658 ], [ -1.874580980658784, 38.31423966006016 ], [ -1.893148404537932, 38.303248033553061 ], [ -1.90826524521831, 38.298098803117298 ], [ -1.98269925422057, 38.281660875187761 ], [ -2.000280797185781, 38.284433537730095 ], [ -2.006689023126377, 38.289087649854721 ], [ -2.021805863806748, 38.300178300024051 ], [ -2.032650553860059, 38.299980252699598 ], [ -2.048917588940022, 38.305822648770935 ], [ -2.064855997048674, 38.296316377197229 ], [ -2.07586500058764, 38.282948182796702 ], [ -2.079644210757728, 38.274828242494159 ], [ -2.084244988356104, 38.265222947258223 ], [ -2.113821415774225, 38.238486558457161 ], [ -2.15457116021696, 38.229376381532354 ], [ -2.170509568325613, 38.225910553354446 ], [ -2.21323107459623, 38.202045850757941 ], [ -2.219474987051164, 38.188182538046284 ], [ -2.229991050133158, 38.164317835449786 ], [ -2.242643188528689, 38.148870144142506 ], [ -2.24954435492625, 38.140453132853281 ], [ -2.251187489782815, 38.134412689457491 ], [ -2.25315925161069, 38.126886891128301 ], [ -2.266304330463186, 38.109161655589823 ], [ -2.294730563481707, 38.087178402575617 ], [ -2.304917999592391, 38.082821361437666 ], [ -2.312147792961262, 38.079751627908657 ], [ -2.328743455012543, 38.067274646468164 ], [ -2.3315367842687, 38.061135179410144 ], [ -2.342217160836348, 38.037171453151416 ], [ -2.343695982207258, 38.030338820457814 ], [ -2.341231279922411, 38.025882755657641 ], [ -2.357826941973691, 38.022813022128631 ], [ -2.374422604024964, 38.023704235088665 ], [ -2.395126103217649, 38.031329057080079 ], [ -2.422402141836578, 38.033903672297953 ], [ -2.432589577947262, 38.04301384922276 ], [ -2.462658945822348, 38.050836718538626 ], [ -2.471203247076474, 38.055688877987706 ], [ -2.481719310158468, 38.0552927833388 ], [ -2.504558884664682, 38.067967812103745 ], [ -2.521647487172928, 38.070047309010498 ], [ -2.53906471665249, 38.075889705081842 ], [ -2.551223914591048, 38.084108669046607 ], [ -2.520825919744645, 38.108369466292011 ], [ -2.514089066832746, 38.122034731679221 ], [ -2.511624364547899, 38.126886891128301 ], [ -2.507352213920839, 38.1287683407106 ], [ -2.497986345238438, 38.133026358186321 ], [ -2.486813028213817, 38.146889670897984 ], [ -2.474818143760913, 38.156593989796143 ], [ -2.469067171762944, 38.16560514305872 ], [ -2.468902858277289, 38.167981710952148 ], [ -2.468409917820317, 38.172833870401234 ], [ -2.46282325930801, 38.174220201672398 ], [ -2.460851497480135, 38.174616296321304 ], [ -2.446884851199357, 38.18540987550395 ], [ -2.44589897028542, 38.204521442313599 ], [ -2.449842493941169, 38.208482388802643 ], [ -2.452964450168636, 38.211552122331653 ], [ -2.453621704111256, 38.218285731363032 ], [ -2.450171120912479, 38.222246677852077 ], [ -2.441626819658353, 38.232149044074689 ], [ -2.443434268000573, 38.25135963454656 ], [ -2.443434268000573, 38.252052800182142 ], [ -2.443105641029263, 38.252547918493278 ], [ -2.437026042059983, 38.261063953444726 ], [ -2.436533101603011, 38.270570225018432 ], [ -2.443105641029263, 38.286215963650164 ], [ -2.452635823197319, 38.288493507881363 ], [ -2.481554996672813, 38.29572223522387 ], [ -2.485005579871597, 38.301564631295214 ], [ -2.484184012443315, 38.315923062318006 ], [ -2.481719310158468, 38.323349836984967 ], [ -2.48040480227322, 38.327409807136235 ], [ -2.479254607873628, 38.347214539581465 ], [ -2.483362445015032, 38.351967675368321 ], [ -2.4864844012425, 38.355730574532913 ], [ -2.491742432783496, 38.371673384151322 ], [ -2.487470282156437, 38.380684537413899 ], [ -2.481554996672813, 38.393062495192169 ], [ -2.48434832592897, 38.397617583654572 ], [ -2.491906746269159, 38.398805867601283 ], [ -2.497000464324501, 38.399697080561317 ], [ -2.500779674494588, 38.399201962250189 ], [ -2.508173781349122, 38.400489269859129 ], [ -2.512117305004871, 38.400093175210223 ], [ -2.522961995058182, 38.40474728733485 ], [ -2.535285506482396, 38.40603459494379 ], [ -2.548266271849236, 38.404450216348174 ], [ -2.553195676418923, 38.403856074374815 ], [ -2.557303513560328, 38.407717997201637 ], [ -2.561247037216077, 38.411579920028458 ], [ -2.566176441785764, 38.412966251299622 ], [ -2.571434473326761, 38.414550629895238 ], [ -2.577021131839068, 38.425245185415662 ], [ -2.576035250925138, 38.434256338678239 ], [ -2.571927413783726, 38.437920214180608 ], [ -2.570448592412824, 38.444653823211986 ], [ -2.567326636185356, 38.45841811226142 ], [ -2.570119965441513, 38.46455757931944 ], [ -2.576199564410793, 38.478519915693326 ], [ -2.573570548640291, 38.486144737684739 ], [ -2.569627024984541, 38.488620329240391 ], [ -2.566669382242729, 38.49050177882269 ], [ -2.578171326238667, 38.501790476316472 ], [ -2.591809345548128, 38.510108463943467 ], [ -2.604297170458004, 38.512881126485794 ], [ -2.643896720501147, 38.50713775407668 ], [ -2.648990438556488, 38.505355328156611 ], [ -2.67314452094795, 38.496839293205163 ], [ -2.697462916825074, 38.500206097720849 ], [ -2.728025225157126, 38.511890889863537 ], [ -2.739855796124374, 38.522387398059507 ], [ -2.75267224800556, 38.526249320886329 ], [ -2.762038116687961, 38.532784882593255 ], [ -2.772718493255617, 38.528229794130851 ], [ -2.771239671884707, 38.521892279748378 ], [ -2.771075358399052, 38.521397161437243 ], [ -2.772554179769955, 38.520307901152755 ], [ -2.779126719196206, 38.515455741703676 ], [ -2.778962405710551, 38.512881126485794 ], [ -2.778798092224896, 38.510702605916819 ], [ -2.780605540567116, 38.509316274645656 ], [ -2.782741615880646, 38.510801629579049 ], [ -2.786685139536395, 38.513475268459153 ], [ -2.78717807999336, 38.510603582254596 ], [ -2.792600425020012, 38.507533848725586 ], [ -2.792929051991329, 38.505355328156611 ], [ -2.793093365476985, 38.50287973660096 ], [ -2.796543948675762, 38.503275831249859 ], [ -2.799994531874546, 38.503770949560995 ], [ -2.801309039759794, 38.500602192369755 ], [ -2.806074130843825, 38.502285594627601 ], [ -2.808210206157355, 38.497235387854069 ], [ -2.831214094149225, 38.486243761346962 ], [ -2.83137840763488, 38.484164264440217 ], [ -2.831542721120535, 38.47812382104442 ], [ -2.835814871747601, 38.481688672884566 ], [ -2.837950947061131, 38.483471098804635 ], [ -2.841072903288598, 38.478717963017779 ], [ -2.841237216774253, 38.478717963017779 ], [ -2.841237216774253, 38.478717963017779 ], [ -2.851424652884937, 38.479510152315591 ], [ -2.853067787741502, 38.474955063853187 ], [ -2.856354057454624, 38.474261898217605 ], [ -2.878700691503866, 38.463171248048276 ], [ -2.879357945446493, 38.458121041274744 ], [ -2.883794409559208, 38.456734710003573 ], [ -2.883465782587898, 38.456140568030222 ], [ -2.881494020760023, 38.452674739852306 ], [ -2.889874008528487, 38.458319088599197 ], [ -2.906798297551077, 38.469706809755202 ], [ -2.914028090919956, 38.468617549470714 ], [ -2.938675113768383, 38.474162874555375 ], [ -2.952148819592196, 38.470003880741878 ], [ -2.955106462334008, 38.469211691444066 ], [ -2.956585283704911, 38.469409738768519 ], [ -2.963815077073782, 38.47069704637746 ], [ -2.968744481643469, 38.46455757931944 ], [ -2.975645648041031, 38.456239591692444 ], [ -2.985833084151714, 38.451783526892271 ], [ -2.994377385405841, 38.448119651389902 ], [ -2.993884444948868, 38.440989947709618 ], [ -2.992898564034931, 38.427324682322414 ], [ -3.002428746202995, 38.408312139174996 ], [ -3.007193837287019, 38.416432079477538 ], [ -3.007851091229647, 38.417521339762025 ], [ -3.025925574651829, 38.436434859247214 ], [ -3.065525124694979, 38.477628702733291 ], [ -3.101838405024999, 38.457427875639162 ], [ -3.119748574961527, 38.447525509416543 ], [ -3.130264638043521, 38.438811427140642 ], [ -3.138315998840675, 38.438613379816189 ], [ -3.149982256322268, 38.440098734749583 ], [ -3.155240287863265, 38.441485066020753 ], [ -3.15754067666245, 38.442376278980788 ], [ -3.180051624197354, 38.449902077309972 ], [ -3.19138925470763, 38.450199148296647 ], [ -3.194675524420752, 38.451090361256689 ], [ -3.200590809904376, 38.451486455905588 ], [ -3.209628051615468, 38.452773763514529 ], [ -3.219486860754841, 38.452971810838982 ], [ -3.232138999150372, 38.454754236759051 ], [ -3.267137771595145, 38.459210301559231 ], [ -3.279625596505014, 38.460794680154848 ], [ -3.28603382244561, 38.466736099888415 ], [ -3.287348330330857, 38.468023407497355 ], [ -3.289648719130042, 38.468815596795167 ], [ -3.297864393412851, 38.471687282999724 ], [ -3.301643603582946, 38.475549205826539 ], [ -3.305258500267385, 38.479312104991138 ], [ -3.307065948609605, 38.480005270626719 ], [ -3.310352218322727, 38.480500388937848 ], [ -3.313309861064539, 38.479609175977814 ], [ -3.316103190320696, 38.479708199640044 ], [ -3.320211027462101, 38.479906246964489 ], [ -3.321689848833003, 38.480401365275625 ], [ -3.326454939917035, 38.482183791195695 ], [ -3.335327868142471, 38.480500388937848 ], [ -3.375091731671269, 38.475252134839863 ], [ -3.380349763212273, 38.450595242945553 ], [ -3.379692509269645, 38.448218675052125 ], [ -3.377556433956116, 38.439702640100677 ], [ -3.390044258865984, 38.432275865433716 ], [ -3.403025024232825, 38.424651043442303 ], [ -3.410583444573014, 38.422967641184464 ], [ -3.420606567198043, 38.41217406200181 ], [ -3.425207344796412, 38.407420926214961 ], [ -3.431779884222664, 38.407420926214961 ], [ -3.433587332564883, 38.407420926214961 ], [ -3.440159871991128, 38.404945334659303 ], [ -3.453140637357969, 38.400192198872446 ], [ -3.472036688208433, 38.398409772952377 ], [ -3.484524513118309, 38.403658027050362 ], [ -3.527246019388919, 38.40920335213503 ], [ -3.533654245329515, 38.417224268775342 ], [ -3.533161304872543, 38.425839327389021 ], [ -3.532832677901233, 38.433068054731528 ], [ -3.53628326110001, 38.440395805736266 ], [ -3.543348740983227, 38.445743083496474 ], [ -3.567831450346006, 38.451783526892271 ], [ -3.582783977540714, 38.450298171958877 ], [ -3.585905933768188, 38.434949504313828 ], [ -3.585905933768188, 38.425344209077892 ], [ -3.585905933768188, 38.407123855228278 ], [ -3.598229445192402, 38.398508796614607 ], [ -3.622054900612554, 38.394349802801109 ], [ -3.629613320952735, 38.397122465343436 ], [ -3.651631328030668, 38.405044358321533 ], [ -3.676935604821722, 38.409302375797253 ], [ -3.700103806299246, 38.413164298624075 ], [ -3.719492797606684, 38.42029400230436 ], [ -3.72869435280343, 38.423561783157815 ], [ -3.735102578744019, 38.418016458073154 ], [ -3.739703356342396, 38.41405551158411 ], [ -3.748247657596522, 38.417422316099795 ], [ -3.76467900616214, 38.424056901468951 ], [ -3.782589176098668, 38.425146161753439 ], [ -3.82432480145534, 38.416333055815308 ], [ -3.830075773453309, 38.412867227637399 ], [ -3.831061654367247, 38.404351192685951 ], [ -3.832540475738156, 38.399697080561317 ], [ -3.831883221795529, 38.397122465343436 ], [ -3.830568713910282, 38.392963471529939 ], [ -3.833854983623404, 38.390289832649835 ], [ -3.838127134250463, 38.385833767849661 ], [ -3.845356927619335, 38.381773797698386 ], [ -3.849793391732057, 38.378109922196018 ], [ -3.854229855844771, 38.375139212329238 ], [ -3.859816514357085, 38.373356786409168 ], [ -3.865731799840709, 38.374842141342555 ], [ -3.873290220180891, 38.376921638249307 ], [ -3.908781933082636, 38.370089005555705 ], [ -3.913218397195351, 38.369296816257894 ], [ -3.964484204720087, 38.366227082728884 ], [ -3.991595929853361, 38.369890958231252 ], [ -4.005398262648484, 38.368207555973406 ], [ -4.025773134869851, 38.374644094018109 ], [ -4.03333155521004, 38.375733354302596 ], [ -4.046640947548191, 38.377515780222666 ], [ -4.068658954626123, 38.379595277129411 ], [ -4.077038942394587, 38.378208945858248 ], [ -4.084925989706086, 38.376921638249307 ], [ -4.097413814615962, 38.379496253467188 ], [ -4.10957301255452, 38.381872821360616 ], [ -4.118774567751267, 38.380684537413899 ], [ -4.127318869005393, 38.379595277129411 ], [ -4.132248273575073, 38.381476726711711 ], [ -4.144900411970603, 38.386427909823013 ], [ -4.155087848081287, 38.382863057982874 ], [ -4.157552550366134, 38.381971845022839 ], [ -4.169876061790347, 38.384744507565173 ], [ -4.222456377200331, 38.397122465343436 ], [ -4.255812014788546, 38.401380482819164 ], [ -4.265342196956603, 38.398904891263513 ], [ -4.276186887009914, 38.389794714338706 ], [ -4.277994335352133, 38.378010898533795 ], [ -4.272407676839819, 38.364543680471037 ], [ -4.271586109411537, 38.362860278213198 ], [ -4.268957093641042, 38.347214539581465 ], [ -4.275365319581631, 38.349195012825987 ], [ -4.28078766460829, 38.346620397608106 ], [ -4.28686726357757, 38.343649687741326 ], [ -4.290975100718974, 38.346125279296977 ], [ -4.296890386202598, 38.349789154799346 ], [ -4.307570762770247, 38.352264746354997 ], [ -4.320880155108405, 38.36177101792871 ], [ -4.331889158647371, 38.361870041590933 ], [ -4.336654249731396, 38.366326106391107 ], [ -4.390220446055324, 38.386130838836337 ], [ -4.400079255194697, 38.384843531227396 ], [ -4.406487481135287, 38.383952318267362 ], [ -4.411416885704973, 38.388903501378671 ], [ -4.416839230731625, 38.394052731814426 ], [ -4.429327055641501, 38.396528323370084 ], [ -4.435242341125125, 38.402271695779199 ], [ -4.445594090721464, 38.401083411832488 ], [ -4.449373300891558, 38.400588293521352 ], [ -4.461861125801427, 38.410787730730647 ], [ -4.465968962942831, 38.417224268775342 ], [ -4.471226994483835, 38.425641280064568 ], [ -4.487001089106826, 38.437227048545026 ], [ -4.491930493676513, 38.440791900385165 ], [ -4.498338719617109, 38.443564562927499 ], [ -4.503596751158106, 38.450595242945553 ], [ -4.507375961328201, 38.45653666267912 ], [ -4.510990858012633, 38.462280035088241 ], [ -4.516577516524947, 38.463072224386046 ], [ -4.526107698693004, 38.46465660298167 ], [ -4.534816313432785, 38.470300951728554 ], [ -4.536952388746315, 38.473370685257571 ], [ -4.541717479830346, 38.480599412600078 ], [ -4.548290019256591, 38.479114057666685 ], [ -4.556834320510717, 38.477034560759932 ], [ -4.564392740850899, 38.487233997969227 ], [ -4.566693129650091, 38.490105684173784 ], [ -4.56882920496362, 38.489412518538202 ], [ -4.571786847705432, 38.488620329240391 ], [ -4.574087236504617, 38.490600802484913 ], [ -4.577044879246429, 38.492977370378341 ], [ -4.582631537758743, 38.493175417702794 ], [ -4.585917807471866, 38.490996897133819 ], [ -4.5921617199268, 38.486639855995868 ], [ -4.60727856060717, 38.494462725311735 ], [ -4.618287564146137, 38.508028967036715 ], [ -4.620752266430983, 38.51634695466371 ], [ -4.622559714773196, 38.52258544538396 ], [ -4.628967940713792, 38.524268847641807 ], [ -4.633075777855197, 38.525457131588517 ], [ -4.653614963562219, 38.538924349651275 ], [ -4.667252982871688, 38.547836479251622 ], [ -4.673989835783594, 38.547341360940493 ], [ -4.679247867324591, 38.546945266291587 ], [ -4.699622739545958, 38.551104260105085 ], [ -4.70438783062999, 38.554768135607453 ], [ -4.702416068802115, 38.559620295056533 ], [ -4.701594501373833, 38.561402720976609 ], [ -4.707016846400492, 38.571305087199221 ], [ -4.716547028568549, 38.572493371145931 ], [ -4.733471317591139, 38.574671891714907 ], [ -4.735771706390324, 38.575662128337171 ], [ -4.738565035646481, 38.577444554257241 ], [ -4.741029737931328, 38.577642601581694 ], [ -4.762719118037943, 38.586257660195365 ], [ -4.788844962257279, 38.596655144729112 ], [ -4.79722495002575, 38.596556121066889 ], [ -4.820064524531958, 38.596358073742437 ], [ -4.836331559611928, 38.607943842222895 ], [ -4.859664074575107, 38.61447940392982 ], [ -4.867058181429634, 38.630125142561546 ], [ -4.864593479144794, 38.639631414135259 ], [ -4.867879748857916, 38.64824647274893 ], [ -4.867386808400951, 38.656069342064797 ], [ -4.867058181429634, 38.659733217567165 ], [ -4.870508764628418, 38.674784814225539 ], [ -4.868865629771854, 38.681023304945782 ], [ -4.874945228741133, 38.684786204110374 ], [ -4.877081304054663, 38.686172535381544 ], [ -4.910436941642878, 38.686667653692673 ], [ -4.920624377753562, 38.684786204110374 ], [ -4.921774572153154, 38.683597920163663 ], [ -4.922267512610119, 38.682904754528082 ], [ -4.923746333981029, 38.682013541568047 ], [ -4.933276516149085, 38.681419399594688 ], [ -4.940834936489274, 38.681617446919141 ], [ -4.955130209741363, 38.68349889650144 ], [ -4.961209808710642, 38.684786204110374 ], [ -4.969425482993451, 38.68656863003045 ], [ -4.983720756245546, 38.690529576519495 ], [ -4.987007025958668, 38.69142078947953 ], [ -4.994401132813195, 38.693104191737376 ], [ -4.999166223897227, 38.694193452021864 ], [ -5.001466612696412, 38.695084664981898 ], [ -5.004588568923879, 38.695183688644121 ], [ -5.001137985725101, 38.697857327524225 ], [ -5.001137985725101, 38.701620226688824 ], [ -5.000973672239446, 38.703501676271117 ], [ -5.008367779093973, 38.715285492076028 ], [ -5.024963441145253, 38.725881023934228 ], [ -5.046981448223185, 38.729148804787691 ], [ -5.037286952569467, 38.733307798601189 ], [ -5.034000682856345, 38.733703893250087 ], [ -5.01477600503457, 38.735486319170164 ], [ -5.003274061038631, 38.733703893250087 ], [ -4.991936430528355, 38.738952147348073 ], [ -4.97304037967789, 38.761430518673407 ], [ -4.968275288593858, 38.776086020682875 ], [ -4.961374122196297, 38.789058120434504 ], [ -4.957266285054892, 38.810843326124257 ], [ -4.95365138837046, 38.830053916596128 ], [ -4.948886297286428, 38.840154330143193 ], [ -4.944614146659369, 38.847185010161247 ], [ -4.943792579231086, 38.851046932988069 ], [ -4.943463952259769, 38.854413737503755 ], [ -4.93459102403434, 38.864910245699726 ], [ -4.928018484608089, 38.869960452473258 ], [ -4.924239274437994, 38.87689210882909 ], [ -4.922267512610119, 38.878476487424706 ], [ -4.918816929411342, 38.880655007993681 ], [ -4.915037719241248, 38.887487640687283 ], [ -4.883489529995259, 38.887190569700607 ], [ -4.866565240972669, 38.886992522376154 ], [ -4.853584475605828, 38.882932552224887 ], [ -4.849312324978769, 38.882140362927075 ], [ -4.846847622693922, 38.884615954482726 ], [ -4.841589591152925, 38.917986928652937 ], [ -4.831895095499206, 38.936207282502551 ], [ -4.834688424755363, 38.939673110680459 ], [ -4.842904099038172, 38.940762370964947 ], [ -4.843068412523827, 38.945119412102898 ], [ -4.859499761089452, 38.946802814360744 ], [ -4.878231498454255, 38.948684263943044 ], [ -4.890390696392821, 38.952942281418764 ], [ -4.894169906562908, 38.959972961436819 ], [ -4.903864402216627, 38.962844647641376 ], [ -4.91832398895437, 38.957101275232262 ], [ -4.929004365522026, 38.96878606737495 ], [ -4.932126321749493, 38.972846037526217 ], [ -4.933769456606058, 38.975618700068551 ], [ -4.936891412833525, 38.98532301896671 ], [ -4.936069845405243, 38.99027420207802 ], [ -4.93705572631918, 38.996809763784945 ], [ -4.944285519688052, 39.006811153669787 ], [ -4.945271400601989, 39.008791626914309 ], [ -4.947571789401181, 39.016317425243493 ], [ -4.948557670315118, 39.022258844977067 ], [ -4.949872178200366, 39.02671490977724 ], [ -4.951679626542585, 39.031468045564097 ], [ -4.960388241282359, 39.048004997155857 ], [ -4.961867062653269, 39.052362038293808 ], [ -4.962524316595889, 39.058798576338511 ], [ -4.959566673854084, 39.057709316054023 ], [ -4.954472955798735, 39.057709316054023 ], [ -4.948721983800773, 39.056322984782852 ], [ -4.941492190431894, 39.056521032107305 ], [ -4.913394584384683, 39.047806949831404 ], [ -4.896963235819065, 39.039687009528862 ], [ -4.885132664851817, 39.033745589795295 ], [ -4.861471522917327, 39.032458282186354 ], [ -4.847669190122204, 39.045826476586882 ], [ -4.833866857327081, 39.046321594898018 ], [ -4.825815496529927, 39.062561475503102 ], [ -4.837646067497175, 39.071473605103456 ], [ -4.848326444064831, 39.074642362294689 ], [ -4.858842507146825, 39.077811119485929 ], [ -4.874123661312851, 39.099497301513452 ], [ -4.870344451142763, 39.112469401265081 ], [ -4.863771911716512, 39.118311797336418 ], [ -4.85654211834764, 39.124946382705573 ], [ -4.85719937229026, 39.132472181034757 ], [ -4.857363685775923, 39.134848748928185 ], [ -4.853420162120173, 39.151583747844406 ], [ -4.844711547380392, 39.161288066742564 ], [ -4.837153127040203, 39.163664634635992 ], [ -4.832388035956178, 39.165149989569386 ], [ -4.832223722470523, 39.168219723098396 ], [ -4.831402155042241, 39.176141616076485 ], [ -4.821871972874177, 39.180993775525565 ], [ -4.806590818708152, 39.198322916415144 ], [ -4.773728121576909, 39.189806881463696 ], [ -4.74004385701739, 39.193965875277193 ], [ -4.713918012798054, 39.187331289908037 ], [ -4.711781937484517, 39.18634105328578 ], [ -4.677769045953681, 39.170299220005141 ], [ -4.64901418596385, 39.164951942244933 ], [ -4.64901418596385, 39.170695314654047 ], [ -4.661830637845036, 39.178518183969913 ], [ -4.663309459215938, 39.184261556379028 ], [ -4.682041196580748, 39.193272709641604 ], [ -4.689763930406585, 39.203868241499805 ], [ -4.698308231660711, 39.206937975028815 ], [ -4.705045084572617, 39.209512590246696 ], [ -4.707016846400492, 39.210205755882278 ], [ -4.706030965486555, 39.214958891669134 ], [ -4.707509786857457, 39.220009098442667 ], [ -4.714410953255019, 39.243873801039165 ], [ -4.720654865709953, 39.246646463581499 ], [ -4.731663869248919, 39.251795694017254 ], [ -4.731335242277609, 39.255162498532947 ], [ -4.740536797474356, 39.281799863671779 ], [ -4.759925788781786, 39.320320068277745 ], [ -4.735278765933359, 39.326459535335765 ], [ -4.731006615306299, 39.326855629984671 ], [ -4.70800272731443, 39.32863805590474 ], [ -4.708988608228367, 39.348739859336646 ], [ -4.708988608228367, 39.350027166945587 ], [ -4.70405920365868, 39.364088526981703 ], [ -4.695186275433244, 39.373297727568733 ], [ -4.693378827091024, 39.381813762520181 ], [ -4.687956482064372, 39.386368850982585 ], [ -4.686970601150435, 39.38726006394262 ], [ -4.686970601150435, 39.388844442538236 ], [ -4.686970601150435, 39.392805389027281 ], [ -4.683684331437306, 39.396865359178555 ], [ -4.673168268355312, 39.409738435267954 ], [ -4.669717685156527, 39.422710535019576 ], [ -4.684505898865588, 39.440237723233601 ], [ -4.684834525836905, 39.440633817882507 ], [ -4.686970601150435, 39.449743994807314 ], [ -4.691407065263149, 39.450635207767348 ], [ -4.707838413828767, 39.439346510273566 ], [ -4.712439191427144, 39.436177753082333 ], [ -4.755489324669071, 39.415778878663744 ], [ -4.774549689005191, 39.39775657213859 ], [ -4.790981037570809, 39.397558524814137 ], [ -4.806755132193807, 39.397261453827454 ], [ -4.822529226816805, 39.392805389027281 ], [ -4.828608825786084, 39.389339560849365 ], [ -4.844875860866047, 39.380229383924558 ], [ -4.851941340749264, 39.379932312937882 ], [ -4.859664074575107, 39.379734265613429 ], [ -4.866072300515697, 39.374188940528768 ], [ -4.871823272513666, 39.369336781079689 ], [ -4.90107107296047, 39.375179177151026 ], [ -4.920953004724872, 39.386962992955937 ], [ -4.931633381292528, 39.38844834788933 ], [ -4.933440829634741, 39.392409294378375 ], [ -4.933605143120403, 39.392805389027281 ], [ -4.935741218433932, 39.395479027907385 ], [ -4.940834936489274, 39.395181956920709 ], [ -4.952501193970861, 39.395082933258479 ], [ -4.955623150198335, 39.39775657213859 ], [ -4.957266285054892, 39.399836069045335 ], [ -4.961374122196297, 39.402410684263216 ], [ -4.964496078423764, 39.404886275818868 ], [ -4.970082736936078, 39.407757962023425 ], [ -4.972383125735263, 39.408946245970142 ], [ -4.974354887563138, 39.410827695552442 ], [ -4.978298411218887, 39.414788642041486 ], [ -4.985199577616449, 39.419541777828336 ], [ -4.987664279901296, 39.420631038112823 ], [ -4.98963604172917, 39.421423227410635 ], [ -4.9917721170427, 39.423304676992935 ], [ -4.995387013727132, 39.424790031926321 ], [ -4.998180342983289, 39.42667148150862 ], [ -5.000645045268129, 39.430038286024306 ], [ -5.000973672239446, 39.430335357010989 ], [ -5.002123866639039, 39.431127546308794 ], [ -5.00869640606529, 39.434989469135616 ], [ -5.010175227436193, 39.436573847731232 ], [ -5.01116110835013, 39.437960179002403 ], [ -5.01296855669235, 39.440435770558054 ], [ -5.018226588233347, 39.445783048318269 ], [ -5.018719528690319, 39.446080119304945 ], [ -5.020855604003849, 39.447466450576108 ], [ -5.024634814173936, 39.450932278754024 ], [ -5.026113635544846, 39.452813728336324 ], [ -5.026606576001811, 39.454497130594163 ], [ -5.026770889487473, 39.454992248905299 ], [ -5.028578337829686, 39.456873698487591 ], [ -5.030057159200595, 39.459250266381019 ], [ -5.03202892102847, 39.46063659765219 ], [ -5.033014801942407, 39.462914141883388 ], [ -5.038437146969059, 39.468459466968049 ], [ -5.039423027882997, 39.470439940212572 ], [ -5.058483392219117, 39.488759317724409 ], [ -5.068177887872835, 39.487571033777698 ], [ -5.073107292442522, 39.486976891804339 ], [ -5.084116295981488, 39.491234909280067 ], [ -5.0938107916352, 39.499948991555968 ], [ -5.103669600774573, 39.508762097494092 ], [ -5.117471933569696, 39.517872274418899 ], [ -5.123551532538976, 39.521932244570166 ], [ -5.126837802252098, 39.525992214721441 ], [ -5.14606248007388, 39.54936179900681 ], [ -5.187633791944897, 39.581049370919175 ], [ -5.20209337868264, 39.592040997426274 ], [ -5.20537964839577, 39.598972653782106 ], [ -5.188126732401862, 39.61402425044048 ], [ -5.1823757604039, 39.619074457214012 ], [ -5.172681264750182, 39.635413361481326 ], [ -5.16331539606778, 39.641651852201569 ], [ -5.162000888182526, 39.646206940663973 ], [ -5.161836574696871, 39.651752265748641 ], [ -5.161836574696871, 39.654425904628745 ], [ -5.158714618469403, 39.656307354211037 ], [ -5.153620900414062, 39.659377087740047 ], [ -5.14885580933003, 39.668190193678178 ], [ -5.151484825100532, 39.670467737909377 ], [ -5.155592662241936, 39.674230637073968 ], [ -5.153127959957096, 39.690272470354607 ], [ -5.147212674473472, 39.704531877715169 ], [ -5.141461702475503, 39.710968415759872 ], [ -5.137846805791064, 39.71502838591114 ], [ -5.140147194590256, 39.719979569022449 ], [ -5.141461702475503, 39.721960042266971 ], [ -5.145240912645598, 39.726614154391598 ], [ -5.155099721784971, 39.735922378640858 ], [ -5.156578543155874, 39.738992112169868 ], [ -5.162658142125153, 39.740576490765484 ], [ -5.163151082582125, 39.74097258541439 ], [ -5.16545147138131, 39.742358916685554 ], [ -5.170709502922307, 39.746814981485734 ], [ -5.173831459149774, 39.750874951637002 ], [ -5.174488713092401, 39.755231992774952 ], [ -5.172024010807554, 39.755628087423858 ], [ -5.166765979266557, 39.755826134748311 ], [ -5.164465590467373, 39.755925158410534 ], [ -5.162329515153843, 39.75760856066838 ], [ -5.158550304983748, 39.759688057575133 ], [ -5.163151082582125, 39.774244535922371 ], [ -5.165944411838275, 39.78236447622492 ], [ -5.16610872532393, 39.786523470038418 ], [ -5.166930292752212, 39.799891664438945 ], [ -5.168080487151805, 39.799990688101168 ], [ -5.16972362200837, 39.799099475141134 ], [ -5.172024010807554, 39.798406309505552 ], [ -5.173831459149774, 39.798406309505552 ], [ -5.178596550233806, 39.799198498803364 ], [ -5.181225566004308, 39.798802404154458 ], [ -5.206201215824045, 39.797812167532193 ], [ -5.20784435068061, 39.796524859923252 ], [ -5.209323172051519, 39.794049268367601 ], [ -5.209487485537174, 39.793653173718695 ], [ -5.211130620393732, 39.791771724136403 ], [ -5.213266695707269, 39.790781487514138 ], [ -5.214745517078171, 39.789989298216327 ], [ -5.242514496154072, 39.768006045202128 ], [ -5.243664690553665, 39.765431429984247 ], [ -5.245472138895884, 39.760975365184073 ], [ -5.254345067121314, 39.752558353894848 ], [ -5.266997205516844, 39.752756401219301 ], [ -5.285236002424682, 39.758202702641739 ], [ -5.293123049736181, 39.760480246872937 ], [ -5.29920264870546, 39.76067829419739 ], [ -5.308732830873524, 39.760876341521843 ], [ -5.315633997271085, 39.770877731406685 ], [ -5.314812429842803, 39.774541606909054 ], [ -5.312183414072301, 39.786424446376188 ], [ -5.314155175900176, 39.787909801309581 ], [ -5.315141056814113, 39.788701990607393 ], [ -5.310540279215743, 39.830489976066822 ], [ -5.291644228365278, 39.849601542876464 ], [ -5.284743061967717, 39.856731246556748 ], [ -5.28408580802509, 39.863959973899256 ], [ -5.287536391223874, 39.86366290291258 ], [ -5.289343839566087, 39.864653139534838 ], [ -5.294930498078401, 39.874555505757456 ], [ -5.305610874646057, 39.878813523233177 ], [ -5.308897144359179, 39.880100830842117 ], [ -5.310047338758771, 39.881586185775511 ], [ -5.316291251213705, 39.889904173402506 ], [ -5.340116706633857, 39.890696362700318 ], [ -5.353097472000698, 39.889111984104694 ], [ -5.360655892340887, 39.8895080787536 ], [ -5.368707253138041, 39.888616865793566 ], [ -5.378401748791752, 39.884952990291197 ], [ -5.382838212904474, 39.88336861169558 ], [ -5.384645661246687, 39.883071540708904 ], [ -5.393354275986468, 39.879209617882083 ], [ -5.396804859185252, 39.879110594219853 ], [ -5.406170727867654, 39.877724262948689 ], [ -5.401077009812312, 39.885745179589009 ], [ -5.394340156900405, 39.919611272070348 ], [ -5.370843328451571, 39.971499671076842 ], [ -5.365092356453601, 39.983877628855112 ], [ -5.364763729482291, 39.98625419674854 ], [ -5.365256669939257, 39.987739551681933 ], [ -5.365585296910567, 39.989026859290874 ], [ -5.365749610396229, 39.992789758455466 ], [ -5.365420983424912, 39.994770231699988 ], [ -5.364270789025319, 40.002395053691401 ], [ -5.362463340683099, 40.012000348927337 ], [ -5.364106475539664, 40.026160732625677 ], [ -5.364435102510974, 40.030418750101397 ], [ -5.365420983424912, 40.036459193497194 ], [ -5.371829209365508, 40.054283452697895 ], [ -5.373636657707721, 40.059333659471434 ], [ -5.371336268908536, 40.068245789071781 ], [ -5.367885685709759, 40.08111886516118 ], [ -5.368542939652379, 40.091912444343833 ], [ -5.369035880109351, 40.100131408308599 ], [ -5.365092356453601, 40.104587473108779 ], [ -5.359505697941287, 40.108449395935594 ], [ -5.336008869492453, 40.115876170602554 ], [ -5.329436330066201, 40.113796673695809 ], [ -5.328779076123581, 40.11320253172245 ], [ -5.327300254752672, 40.11191522411351 ], [ -5.323356731096922, 40.11013279819344 ], [ -5.3200704613838, 40.107954277624465 ], [ -5.31579831075674, 40.10706306466443 ], [ -5.308075576930896, 40.107954277624465 ], [ -5.293451676707491, 40.109637679882312 ], [ -5.249415662551634, 40.108746466922277 ], [ -5.212773755250296, 40.106369899028849 ], [ -5.211459247365049, 40.096368509144007 ], [ -5.210801993422422, 40.092110491668286 ], [ -5.201271811254365, 40.083297385730155 ], [ -5.188455359373179, 40.086169071934712 ], [ -5.181882819946928, 40.087753450530336 ], [ -5.177446355834213, 40.086466142921395 ], [ -5.172845578235837, 40.085178835312455 ], [ -5.167094606237868, 40.087951497854789 ], [ -5.166930292752212, 40.087951497854789 ], [ -5.155264035270626, 40.092308538992739 ], [ -5.150498944186594, 40.092209515330509 ], [ -5.142283269903785, 40.092110491668286 ], [ -5.140640135047221, 40.094784130548391 ], [ -5.138832686705001, 40.097655816752948 ], [ -5.130452698936537, 40.101319692255316 ], [ -5.126837802252098, 40.102904070850933 ], [ -5.10679155700204, 40.117955667509307 ], [ -5.104984108659828, 40.120431259064958 ], [ -5.100054704090141, 40.127065844434114 ], [ -5.096439807405702, 40.126768773447431 ], [ -5.08740256569461, 40.125976584149626 ], [ -5.084773549924108, 40.13478969008775 ], [ -5.078365323983519, 40.136869186994502 ], [ -5.072450038499895, 40.144791079972592 ], [ -5.0686708283298, 40.149742263083901 ], [ -5.062098288903556, 40.149445192097218 ], [ -5.057004570848214, 40.149247144772765 ], [ -5.042052043653499, 40.151623712666193 ], [ -5.034329309827655, 40.155386611830785 ], [ -5.029399905257968, 40.157862203386443 ], [ -5.018883842175974, 40.158159274373119 ], [ -5.016583453376782, 40.146474482230438 ], [ -5.007381898180036, 40.13053167261203 ], [ -5.008039152122663, 40.121718566673898 ], [ -5.010339540921848, 40.117163478211495 ], [ -5.01329718366366, 40.111123034815705 ], [ -5.004917195895196, 40.11023182185567 ], [ -4.990457609157446, 40.115480075953656 ], [ -4.954637269284397, 40.12112442470054 ], [ -4.956609031112272, 40.126867797109661 ], [ -4.95825216596883, 40.131125814585381 ], [ -4.948721983800773, 40.133106287829904 ], [ -4.947407475915519, 40.132908240505451 ], [ -4.945928654544616, 40.132710193181005 ], [ -4.942313757860177, 40.13360140614104 ], [ -4.93672709934787, 40.133898477127715 ], [ -4.934098083577368, 40.134690666425527 ], [ -4.925553782323249, 40.136076997696691 ], [ -4.925553782323249, 40.138255518265666 ], [ -4.922431826095774, 40.141622322781352 ], [ -4.921117318210527, 40.147266671528243 ], [ -4.918159675468715, 40.152712972950681 ], [ -4.918159675468715, 40.155287588168562 ], [ -4.921445945181837, 40.161030960577676 ], [ -4.923746333981029, 40.164991907066721 ], [ -4.923089080038402, 40.167665545946832 ], [ -4.924732214894966, 40.170042113840253 ], [ -4.918816929411342, 40.171527468773647 ], [ -4.918652615925687, 40.171626492435877 ], [ -4.913723211356, 40.173606965680399 ], [ -4.904193029187937, 40.17925131442729 ], [ -4.902549894331379, 40.180142527387325 ], [ -4.90074244598916, 40.18222202429407 ], [ -4.896634608847755, 40.185093710498627 ], [ -4.886940113194036, 40.188163444027637 ], [ -4.878560125425572, 40.190936106569971 ], [ -4.876588363597698, 40.193609745450075 ], [ -4.871987585999321, 40.200244330819231 ], [ -4.863936225202167, 40.204304300970499 ], [ -4.859664074575107, 40.203512111672694 ], [ -4.849312324978769, 40.209057436757355 ], [ -4.845368801323019, 40.21004767337962 ], [ -4.83534567869799, 40.212523264935271 ], [ -4.823186480759432, 40.221534418197848 ], [ -4.821543345902867, 40.225000246375764 ], [ -4.81875001664671, 40.231040689771561 ], [ -4.814642179505306, 40.233021163016083 ], [ -4.808562580536027, 40.23579382555841 ], [ -4.812999044648741, 40.245003026145447 ], [ -4.817271195275808, 40.254509297719153 ], [ -4.811520223277839, 40.259064386181556 ], [ -4.811027282820866, 40.259361457168232 ], [ -4.810862969335211, 40.259856575479368 ], [ -4.804290429908967, 40.275106219462188 ], [ -4.787859081343342, 40.271739414946502 ], [ -4.775206942947818, 40.26659018451074 ], [ -4.762226177580978, 40.261341930412755 ], [ -4.753517562841196, 40.264510687603995 ], [ -4.751545801013322, 40.266293113524064 ], [ -4.74283718627354, 40.274611101151059 ], [ -4.731992496220236, 40.271244296635373 ], [ -4.731006615306299, 40.27094722564869 ], [ -4.7298564209067, 40.271739414946502 ], [ -4.727556032107515, 40.273521840866572 ], [ -4.713753699312392, 40.276096456084453 ], [ -4.711946250970179, 40.280552520884626 ], [ -4.698143918175056, 40.282235923142473 ], [ -4.695186275433244, 40.266788231835193 ], [ -4.696829410289801, 40.265897018875158 ], [ -4.70192312834515, 40.262926309008378 ], [ -4.70192312834515, 40.258965362519334 ], [ -4.694200394519306, 40.254113203070247 ], [ -4.68713491463609, 40.249558114607851 ], [ -4.69173569223446, 40.242428410927566 ], [ -4.692557259662742, 40.240943055994173 ], [ -4.691078438291839, 40.239358677398556 ], [ -4.687627855093055, 40.235694801896187 ], [ -4.688778049492647, 40.229258263851492 ], [ -4.689106676463965, 40.227772908918098 ], [ -4.686149033722153, 40.211731075637459 ], [ -4.679905121267218, 40.207076963512833 ], [ -4.673989835783594, 40.209453531406261 ], [ -4.673989835783594, 40.209552555068484 ], [ -4.672346700927029, 40.208661342108449 ], [ -4.653450650076564, 40.198164833912479 ], [ -4.640469884709724, 40.19757069193912 ], [ -4.632254210426915, 40.200640425468137 ], [ -4.629789508142075, 40.201630662090395 ], [ -4.625024417058043, 40.201036520117036 ], [ -4.616808742775234, 40.200046283494778 ], [ -4.579016641074304, 40.217177377059897 ], [ -4.573594296047652, 40.213216430570853 ], [ -4.573594296047652, 40.211929122961912 ], [ -4.57342998256199, 40.206680868863927 ], [ -4.550754721541438, 40.201630662090395 ], [ -4.536623761775004, 40.199650188845872 ], [ -4.521178294123317, 40.202125780401524 ], [ -4.517070456981912, 40.206086726890568 ], [ -4.515755949096665, 40.211830099299689 ], [ -4.514770068182727, 40.21618714043764 ], [ -4.506554393899918, 40.218662731993291 ], [ -4.497352838703172, 40.221534418197848 ], [ -4.49718852521751, 40.221633441860078 ], [ -4.474020323739985, 40.230842642447108 ], [ -4.456110153803458, 40.232625068367177 ], [ -4.449537614377213, 40.233219210340536 ], [ -4.437707043409965, 40.237873322465163 ], [ -4.434749400668153, 40.243616694874277 ], [ -4.434749400668153, 40.253122966447989 ], [ -4.434913714153808, 40.259262433506009 ], [ -4.430805877012403, 40.258668291532651 ], [ -4.427848234270591, 40.258272196883745 ], [ -4.411088258733663, 40.272531604244314 ], [ -4.398929060795098, 40.282731041453602 ], [ -4.392520834854508, 40.285503703995936 ], [ -4.384633787543009, 40.288870508511621 ], [ -4.383647906629072, 40.2974855671253 ], [ -4.383647906629072, 40.298475803747557 ], [ -4.385783981942602, 40.30184260826325 ], [ -4.379047129030702, 40.314913731677102 ], [ -4.379868696458978, 40.318280536192788 ], [ -4.356207554524488, 40.308576217294629 ], [ -4.356536181495798, 40.300654324316532 ], [ -4.357850689381046, 40.275601337773324 ], [ -4.349635015098237, 40.260054622803821 ], [ -4.345855804928142, 40.253023942785759 ], [ -4.347005999327742, 40.24510204980767 ], [ -4.348320507212989, 40.236685038518452 ], [ -4.344212670071585, 40.238665511762974 ], [ -4.341419340815428, 40.239853795709685 ], [ -4.335175428360493, 40.238665511762974 ], [ -4.327288381048994, 40.232129950056049 ], [ -4.321866036022342, 40.227673885255868 ], [ -4.31890839328053, 40.228961192864809 ], [ -4.308885270655502, 40.233516281327212 ], [ -4.306749195341965, 40.224307080740182 ], [ -4.306256254885, 40.222623678482336 ], [ -4.294261370432096, 40.219652968615556 ], [ -4.285881382663632, 40.227673885255868 ], [ -4.270271601526289, 40.235694801896187 ], [ -4.261891613757825, 40.25005323291898 ], [ -4.24907516187664, 40.272234533257631 ], [ -4.231329305425767, 40.276591574395582 ], [ -4.227057154798707, 40.271145272973143 ], [ -4.22607127388477, 40.269857965364203 ], [ -4.222127750229021, 40.27104624931092 ], [ -4.218184226573271, 40.272135509595408 ], [ -4.215062270345804, 40.270749178324245 ], [ -4.210461492747427, 40.268768705079715 ], [ -4.20520346120643, 40.269560894377527 ], [ -4.204217580292493, 40.279958378911275 ], [ -4.203560326349873, 40.286295893293747 ], [ -4.19222269583959, 40.296396306840812 ], [ -4.172340764075187, 40.288078319213817 ], [ -4.168725867390755, 40.279859355249044 ], [ -4.165439597677633, 40.271937462270955 ], [ -4.15163726488251, 40.267085302821876 ], [ -4.144900411970603, 40.264708734928448 ], [ -4.146872173798478, 40.258272196883745 ], [ -4.149665503054635, 40.249062996296715 ], [ -4.143585904085356, 40.244804978820994 ], [ -4.137999245573042, 40.246488381078834 ], [ -4.132248273575073, 40.248369830661133 ], [ -4.127318869005393, 40.245993262767705 ], [ -4.124361226263581, 40.245993262767705 ], [ -4.123375345349643, 40.245399120794346 ], [ -4.120582016093486, 40.243616694874277 ], [ -4.113680849695925, 40.243715718536507 ], [ -4.111051833925423, 40.244210836847635 ], [ -4.104150667527861, 40.241834268954207 ], [ -4.102178905699986, 40.243418647549824 ], [ -4.100700084329084, 40.245795215443252 ], [ -4.100371457357774, 40.246092286429935 ], [ -4.100042830386457, 40.246191310092158 ], [ -4.09511342581677, 40.247676665025551 ], [ -4.086897751533961, 40.254212226732477 ], [ -4.085583243648713, 40.255994652652547 ], [ -4.085418930163058, 40.256291723639222 ], [ -4.080325212107716, 40.266887255497423 ], [ -4.075231494052375, 40.265203853239576 ], [ -4.072766791767528, 40.265401900564029 ], [ -4.068001700683496, 40.262629238021695 ], [ -4.066029938855621, 40.261440954074985 ], [ -4.062415042171189, 40.257678054910393 ], [ -4.056828383658875, 40.253915155745794 ], [ -4.051898979089188, 40.251538587852373 ], [ -4.041711542978504, 40.249657138270074 ], [ -4.032017047324793, 40.249558114607851 ], [ -4.025773134869851, 40.249558114607851 ], [ -4.023801373041977, 40.248963972634492 ], [ -4.025773134869851, 40.244705955158764 ], [ -4.026266075326824, 40.243616694874277 ], [ -4.025280194412886, 40.23579382555841 ], [ -4.009013159332923, 40.22054418157559 ], [ -3.991924556824678, 40.210542791690749 ], [ -3.966784593519272, 40.211929122961912 ], [ -3.952817947238501, 40.212820335921947 ], [ -3.954625395580713, 40.205492584917216 ], [ -3.956104216951623, 40.198659952223608 ], [ -3.951174812381936, 40.196580455316862 ], [ -3.951010498896281, 40.196481431654632 ], [ -3.950681871924964, 40.195293147707922 ], [ -3.949367364039716, 40.19024294093439 ], [ -3.944273645984374, 40.196481431654632 ], [ -3.93868698747206, 40.203215040686011 ], [ -3.926034849076537, 40.200838472792583 ], [ -3.918312115250693, 40.195095100383469 ], [ -3.911903889310103, 40.190341964596612 ], [ -3.883149029320265, 40.188757586000996 ], [ -3.8815058944637, 40.189351727974355 ], [ -3.876247862922703, 40.191233177556647 ], [ -3.853408288416489, 40.179350338089513 ], [ -3.852586720988214, 40.17489427328934 ], [ -3.851765153559931, 40.169348948204672 ], [ -3.840756150020965, 40.162615339173293 ], [ -3.833362043166431, 40.162021197199941 ], [ -3.82366754751272, 40.167566522284602 ], [ -3.818409515971716, 40.170438208489159 ], [ -3.813973051859001, 40.170042113840253 ], [ -3.810851095631534, 40.169745042853577 ], [ -3.810029528203252, 40.171032350462518 ], [ -3.806578945004475, 40.177171817520538 ], [ -3.806086004547502, 40.177171817520538 ], [ -3.799842092092568, 40.175389391600469 ], [ -3.781110354727758, 40.159149510995384 ], [ -3.779302906385539, 40.152811996612911 ], [ -3.777495458043326, 40.14716764786602 ], [ -3.771415859074047, 40.139740873199059 ], [ -3.748904911539142, 40.132809216843228 ], [ -3.742168058627236, 40.134096524452168 ], [ -3.739703356342396, 40.135185784736656 ], [ -3.736417086629274, 40.138453565590119 ], [ -3.735595519200992, 40.139146731225701 ], [ -3.729844547203022, 40.143899867012557 ], [ -3.722286126862841, 40.147761789839372 ], [ -3.720150051549304, 40.14716764786602 ], [ -3.718178289721436, 40.146375458568208 ], [ -3.713577512123059, 40.142216464754711 ], [ -3.712920258180432, 40.141721346443582 ], [ -3.685644219561503, 40.132512145856552 ], [ -3.675949723907785, 40.138156494603436 ], [ -3.66724110916801, 40.143305725039198 ], [ -3.664940720368818, 40.138255518265666 ], [ -3.660832883227414, 40.129145341340859 ], [ -3.625505483811331, 40.115282028629203 ], [ -3.616632555585895, 40.112113271437963 ], [ -3.607595313874803, 40.10894451424673 ], [ -3.610881583587933, 40.103795283810967 ], [ -3.615646674671957, 40.095873390832878 ], [ -3.613346285872773, 40.093100728290544 ], [ -3.608745508274396, 40.093199751952774 ], [ -3.604801984618646, 40.093199751952774 ], [ -3.609895702673995, 40.083396409392385 ], [ -3.620411765755989, 40.080128628538922 ], [ -3.628134499581833, 40.077752060645494 ], [ -3.624190975926084, 40.074286232467578 ], [ -3.617782749985487, 40.06893895470737 ], [ -3.623040781526491, 40.062304369338214 ], [ -3.623205095012146, 40.062007298351539 ], [ -3.622876468040829, 40.06141315637818 ], [ -3.620904706212961, 40.056957091578006 ], [ -3.627970186096178, 40.054382476360125 ], [ -3.637664681749889, 40.050817624519986 ], [ -3.639143503120799, 40.047648867328746 ], [ -3.638814876149482, 40.046856678030935 ], [ -3.636678800835952, 40.04299475520412 ], [ -3.647030550432298, 40.040519163648462 ], [ -3.650974074088047, 40.032597270670372 ], [ -3.655903478657727, 40.034973838563801 ], [ -3.659025434885201, 40.036459193497194 ], [ -3.664447779911853, 40.035567980537159 ], [ -3.667734049624976, 40.027844134883516 ], [ -3.672992081165972, 40.023090999096667 ], [ -3.680879128477471, 40.016159342740835 ], [ -3.684329711676256, 40.018535910634263 ], [ -3.688601862303315, 40.021506620501043 ], [ -3.699939492813591, 40.019229076269845 ], [ -3.70963398846731, 40.01219839625179 ], [ -3.715713587436589, 40.003484313975889 ], [ -3.722779067319806, 39.997344846917869 ], [ -3.722614753834151, 39.996354610295604 ], [ -3.721793186405868, 39.987343457033028 ], [ -3.732473562973524, 39.985362983788505 ], [ -3.734938265258364, 39.978530351094903 ], [ -3.738717475428459, 39.980213753352743 ], [ -3.740689237256333, 39.981005942650555 ], [ -3.744632760912083, 39.979421564054938 ], [ -3.738060221485831, 39.970014316143455 ], [ -3.734938265258364, 39.970113339805678 ], [ -3.7265582774899, 39.970212363467908 ], [ -3.730008860688677, 39.964369967396564 ], [ -3.742825312569863, 39.962092423165359 ], [ -3.749069225024797, 39.964171920072111 ], [ -3.755477450965394, 39.966350440641087 ], [ -3.754491570051457, 39.961399257529777 ], [ -3.752848435194892, 39.954368577511723 ], [ -3.763035871305576, 39.948625205102609 ], [ -3.7689511567892, 39.952091033280524 ], [ -3.764843319647795, 39.955061743147304 ], [ -3.760078228563764, 39.958428547662997 ], [ -3.764514692676485, 39.965360204018822 ], [ -3.783575057012605, 39.955358814133987 ], [ -3.784560937926543, 39.950110560036002 ], [ -3.785218191869163, 39.945654495235821 ], [ -3.798034643750348, 39.946545708195856 ], [ -3.801320913463471, 39.949120323413737 ], [ -3.80641463151882, 39.953279317227235 ], [ -3.8218600991705, 39.946743755520309 ], [ -3.826296563283215, 39.944268163964658 ], [ -3.829911459967654, 39.937831625919955 ], [ -3.832869102709466, 39.932385324497517 ], [ -3.835991058936933, 39.932979466470876 ], [ -3.838455761221773, 39.937138460284373 ], [ -3.84092046350662, 39.941297454097871 ], [ -3.867374934697267, 39.931989229848618 ], [ -3.874440414580484, 39.92773121237289 ], [ -3.870661204410396, 39.921591745314871 ], [ -3.868360815611204, 39.917729822488049 ], [ -3.870332577439079, 39.915848372905756 ], [ -3.875426295494421, 39.910699142469994 ], [ -3.86211690315627, 39.903272367803034 ], [ -3.854065542359116, 39.902282131180776 ], [ -3.834512237566031, 39.899806539625118 ], [ -3.821038531742218, 39.890201244389182 ], [ -3.814958932772939, 39.885745179589009 ], [ -3.811836976545472, 39.885745179589009 ], [ -3.804278556205283, 39.884754942966744 ], [ -3.8046071831766, 39.888121747482437 ], [ -3.778152711985946, 39.910897189794447 ], [ -3.757284899307614, 39.920898579679289 ], [ -3.748411971082177, 39.929711685617413 ], [ -3.743975506969456, 39.937930649582185 ], [ -3.742496685598553, 39.940802335786742 ], [ -3.71144143680953, 39.953774435538364 ], [ -3.704704583897623, 39.950902749333807 ], [ -3.696653223100469, 39.947535944818121 ], [ -3.683508144247973, 39.956250027094022 ], [ -3.676935604821722, 39.960607068231973 ], [ -3.665926601282756, 39.96347875443653 ], [ -3.640458011006046, 39.967142629938898 ], [ -3.630434888381018, 39.968627984872285 ], [ -3.63339253112283, 39.978035232783768 ], [ -3.636678800835952, 39.988333693655292 ], [ -3.630599201866673, 39.990017095913132 ], [ -3.615646674671957, 39.993879018739953 ], [ -3.595107488964935, 40.001998959042496 ], [ -3.59099965182353, 40.009326710047233 ], [ -3.589192203481311, 40.012693514562919 ], [ -3.550414220866443, 40.017545674011998 ], [ -3.550414220866443, 40.017545674011998 ], [ -3.519523285563075, 40.021011502189914 ], [ -3.52149504739095, 40.025269519665642 ], [ -3.521823674362267, 40.026061708963447 ], [ -3.517058583278235, 40.036459193497194 ], [ -3.51508682145036, 40.043291826190796 ], [ -3.511307611280266, 40.043093778866343 ], [ -3.505720952767959, 40.046460583382036 ], [ -3.492904500886773, 40.047450820004293 ], [ -3.490768425573243, 40.045272299435318 ], [ -3.487482155860114, 40.042004518581855 ], [ -3.47450139049328, 40.045470346759771 ], [ -3.473022569122371, 40.042103542244085 ], [ -3.467600224095719, 40.041806471257402 ], [ -3.457905728442, 40.04725277267984 ], [ -3.454290831757561, 40.049332269586593 ], [ -3.447718292331317, 40.047549843666523 ], [ -3.446568097931724, 40.042598660555214 ], [ -3.445582217017787, 40.037845524768358 ], [ -3.429972435880444, 40.039231856039528 ], [ -3.427343420109942, 40.042103542244085 ], [ -3.42372852342551, 40.0459654650709 ], [ -3.410747758058669, 40.041410376608503 ], [ -3.408283055773822, 40.039033808715075 ], [ -3.404175218632417, 40.035171885888253 ], [ -3.394152096007389, 40.035468956874929 ], [ -3.393001901607796, 40.041410376608503 ], [ -3.392016020693859, 40.047450820004293 ], [ -3.381499957611865, 40.051114695506662 ], [ -3.375091731671269, 40.053293216075637 ], [ -3.376734866527833, 40.059234635809204 ], [ -3.378706628355708, 40.066463363151712 ], [ -3.376899180013488, 40.074187208805355 ], [ -3.344858050310528, 40.080029604876692 ], [ -3.32629062643138, 40.078247178956623 ], [ -3.311995353179285, 40.067849694422883 ], [ -3.30903771043748, 40.063690700609385 ], [ -3.302300857525573, 40.053788334386766 ], [ -3.291456167472262, 40.05210493212892 ], [ -3.286198135931265, 40.052302979453373 ], [ -3.276503640277546, 40.047846914653199 ], [ -3.273053057078769, 40.05032250620885 ], [ -3.264673069310298, 40.056164902280194 ], [ -3.259907978226273, 40.052798097764509 ], [ -3.258264843369709, 40.051609813817791 ], [ -3.256786021998799, 40.053293216075637 ], [ -3.253828379256987, 40.057155138902459 ], [ -3.246269958916805, 40.05527368932016 ], [ -3.240683300404491, 40.053887358048996 ], [ -3.211271186472032, 40.06151218004041 ], [ -3.19138925470763, 40.075375492752066 ], [ -3.189910433336728, 40.078643273605529 ], [ -3.188431611965818, 40.082505196432351 ], [ -3.181694759053919, 40.084782740663549 ], [ -3.177915548883824, 40.086070048272489 ], [ -3.178572802826444, 40.087060284894754 ], [ -3.179887310711699, 40.089040758139276 ], [ -3.177915548883824, 40.091417326032698 ], [ -3.167070858830513, 40.090229042085987 ], [ -3.167070858830513, 40.085772977285814 ], [ -3.166249291402231, 40.084980787988002 ], [ -3.164441843060011, 40.082901291081249 ], [ -3.162470081232136, 40.080722770512281 ], [ -3.161484200318199, 40.064878984556096 ], [ -3.158033617119422, 40.06448288990719 ], [ -3.156226168777202, 40.064779960893873 ], [ -3.149489315865296, 40.065968244840583 ], [ -3.144559911295609, 40.064383866244967 ], [ -3.140780701125522, 40.063195582298249 ], [ -3.118105440104962, 40.06141315637818 ], [ -3.095265865598748, 40.068542860058464 ], [ -3.06223885498185, 40.089337829125952 ], [ -3.053037299785103, 40.099339219010794 ], [ -3.057145136926508, 40.112905460735774 ], [ -3.059609839211355, 40.114093744682485 ], [ -3.061910228010539, 40.115282028629203 ], [ -3.066511005608916, 40.120926377376094 ], [ -3.077848636119192, 40.13478969008775 ], [ -3.083763921602817, 40.137760399954537 ], [ -3.09641605999834, 40.144196937999233 ], [ -3.095101552113093, 40.148851050123859 ], [ -3.094608611656128, 40.150633476043936 ], [ -3.094772925141783, 40.151029570692835 ], [ -3.096580373484002, 40.154594422532981 ], [ -3.088693326172503, 40.162714362835523 ], [ -3.084421175545437, 40.162813386497746 ], [ -3.079491770975757, 40.159248534657607 ], [ -3.076041187776973, 40.156772943101956 ], [ -3.067825513494164, 40.158060250710896 ], [ -3.07702706869091, 40.166576285662345 ], [ -3.084749802516754, 40.186381018107568 ], [ -3.085078429488064, 40.192916579814494 ], [ -3.085242742973719, 40.197768739263573 ], [ -3.085242742973719, 40.197768739263573 ], [ -3.088036072229876, 40.200244330819231 ], [ -3.084585489031099, 40.203215040686011 ], [ -3.080149024918377, 40.206779892526157 ], [ -3.079984711432722, 40.226089506660252 ], [ -3.083599608117161, 40.230941666109331 ], [ -3.088693326172503, 40.237378204154034 ], [ -3.088200385715531, 40.24074500866972 ], [ -3.087378818287249, 40.24698349938997 ], [ -3.095594492570065, 40.256885865612581 ], [ -3.098387821826215, 40.260351693790497 ], [ -3.09822350834056, 40.262431190697242 ], [ -3.097073313940967, 40.270848201986468 ], [ -3.109396825365181, 40.28520663300926 ], [ -3.112518781592655, 40.285404680333713 ], [ -3.126814054844743, 40.279166189613463 ], [ -3.143245403410361, 40.266788231835193 ], [ -3.152775585578425, 40.263817521968413 ], [ -3.169206934144043, 40.244804978820994 ], [ -3.170357128543635, 40.241834268954207 ], [ -3.173314771285447, 40.234110423300571 ], [ -3.182516326482194, 40.242428410927566 ], [ -3.194346897449442, 40.247973736012227 ], [ -3.194511210935097, 40.251835658839049 ], [ -3.194511210935097, 40.252132729825725 ], [ -3.194675524420752, 40.255004416030282 ], [ -3.196975913219944, 40.25748000758594 ], [ -3.192375135621567, 40.259955599141591 ], [ -3.192046508650257, 40.260153646466044 ], [ -3.184816715281386, 40.269362847053074 ], [ -3.186459850137943, 40.278274976653428 ], [ -3.181037505111291, 40.289860745133886 ], [ -3.180051624197354, 40.302040655587703 ], [ -3.181037505111291, 40.303327963196644 ], [ -3.181530445568256, 40.304219176156678 ], [ -3.179887310711699, 40.313329353081478 ], [ -3.171507322943228, 40.319666867463951 ], [ -3.15261127209277, 40.33382725116229 ], [ -3.153761466492362, 40.340461836531446 ], [ -3.154254406949327, 40.342640357100422 ], [ -3.14866774843702, 40.346304232602783 ], [ -3.142259522496424, 40.350760297402964 ], [ -3.143245403410361, 40.358088048407694 ], [ -3.148010494494393, 40.3603655926389 ], [ -3.148503434951358, 40.360563639963353 ], [ -3.152118331635798, 40.366802130683595 ], [ -3.149982256322268, 40.373040621403845 ], [ -3.147353240551766, 40.373733787039427 ], [ -3.139466193240267, 40.375714260283949 ], [ -3.141766582039459, 40.384230295235398 ], [ -3.142423835982079, 40.386606863128826 ], [ -3.139630506725929, 40.388389289048895 ], [ -3.135522669584518, 40.390963904266776 ], [ -3.130428951529176, 40.405124287965116 ], [ -3.13815168535502, 40.410471565725324 ], [ -3.142095209010769, 40.413145204605428 ], [ -3.148996375408331, 40.426810469992638 ], [ -3.15540460134892, 40.439386475095361 ], [ -3.164113216088701, 40.438198191148643 ], [ -3.172986144314137, 40.437009907201933 ], [ -3.198454734590847, 40.442258161299918 ], [ -3.199604928990439, 40.465033603611928 ], [ -3.198947675047819, 40.467410171505357 ], [ -3.19533277836338, 40.478599845336909 ], [ -3.201248063847004, 40.498800672431045 ], [ -3.198947675047819, 40.504742092164612 ], [ -3.199933555961756, 40.514446411062771 ], [ -3.222608816982309, 40.526230226867682 ], [ -3.232303312636027, 40.539697444930439 ], [ -3.233289193549965, 40.533260906885737 ], [ -3.249720542115583, 40.543361320432808 ], [ -3.262701307482423, 40.539598421268209 ], [ -3.289813032615697, 40.53177555195235 ], [ -3.296056945070639, 40.53781599534814 ], [ -3.29063460004398, 40.543163273108355 ], [ -3.284062060617735, 40.549698834815281 ], [ -3.287348330330857, 40.558511940753405 ], [ -3.28422637410339, 40.563265076540262 ], [ -3.287019703359547, 40.572276229802839 ], [ -3.301643603582946, 40.5778215548875 ], [ -3.313309861064539, 40.58227761968768 ], [ -3.328262388259255, 40.595051672114849 ], [ -3.330727090544094, 40.600894068186193 ], [ -3.329576896144502, 40.605647203973049 ], [ -3.326783566888345, 40.607726700879795 ], [ -3.321525535347348, 40.611687647368839 ], [ -3.326947880374, 40.616737854142379 ], [ -3.334999241171154, 40.624461699796015 ], [ -3.326947880374, 40.628620693609513 ], [ -3.324318864603505, 40.630007024880676 ], [ -3.32234710277563, 40.640602556738877 ], [ -3.314624368949787, 40.649712733663684 ], [ -3.316267503806351, 40.655159035086115 ], [ -3.32415455111785, 40.642583029983399 ], [ -3.332534538886314, 40.639513296454389 ], [ -3.339928645740841, 40.636839657574285 ], [ -3.345186677281845, 40.638027941520996 ], [ -3.34715843910972, 40.642186935334493 ], [ -3.363918414646648, 40.64694007112135 ], [ -3.365232922531902, 40.650801993948171 ], [ -3.364247041617965, 40.652683443530464 ], [ -3.363261160704027, 40.654663916774986 ], [ -3.373941537271676, 40.678429595709261 ], [ -3.383143092468423, 40.68328175515834 ], [ -3.383964659896705, 40.683578826145023 ], [ -3.38560779475327, 40.684073944456152 ], [ -3.386757989152862, 40.685955394038444 ], [ -3.389222691437702, 40.687539772634068 ], [ -3.389715631894674, 40.688034890945197 ], [ -3.393166215093451, 40.692391932083147 ], [ -3.396945425263546, 40.691500719123113 ], [ -3.399738754519703, 40.691401695460883 ], [ -3.401874829833233, 40.684073944456152 ], [ -3.405818353488982, 40.670507702731172 ], [ -3.414855595200073, 40.672389152313464 ], [ -3.415348535657046, 40.672983294286823 ], [ -3.423564209939855, 40.681598352900501 ], [ -3.427014793138632, 40.67417157823354 ], [ -3.427672047081259, 40.673082317949053 ], [ -3.4406528124481, 40.674864743869122 ], [ -3.452647696901003, 40.684767110091734 ], [ -3.45544102615716, 40.687143677985162 ], [ -3.456098280099781, 40.687341725309615 ], [ -3.468421791523994, 40.689916340527496 ], [ -3.462999446497342, 40.693778263354311 ], [ -3.459220236327248, 40.702987463941341 ], [ -3.444432022618194, 40.716751752990774 ], [ -3.437202229249316, 40.72338633835993 ], [ -3.434901840450131, 40.731011160351343 ], [ -3.438352423648908, 40.734972106840388 ], [ -3.439831245019818, 40.736457461773782 ], [ -3.441803006847692, 40.737645745720492 ], [ -3.444267709132532, 40.735962343462646 ], [ -3.444267709132532, 40.735962343462646 ], [ -3.446075157474752, 40.734179917542576 ], [ -3.448539859759599, 40.732892609933636 ], [ -3.450182994616156, 40.734873083178158 ], [ -3.451168875530094, 40.738041840369398 ], [ -3.448211232788282, 40.74309204714293 ], [ -3.444432022618194, 40.749528585187633 ], [ -3.444103395646877, 40.759034856761339 ], [ -3.446732411417379, 40.76339189789929 ], [ -3.449525740673536, 40.770719648904027 ], [ -3.460534744212502, 40.781810299073349 ], [ -3.468586105009656, 40.783295654006743 ], [ -3.497998218942115, 40.788741955429181 ], [ -3.50243468305483, 40.788048789793599 ], [ -3.511471924765921, 40.788444884442505 ], [ -3.509171535966736, 40.79052438134925 ], [ -3.504077817911394, 40.78923707374031 ], [ -3.50243468305483, 40.791316570647062 ], [ -3.502270369569175, 40.793495091216037 ], [ -3.503256250483112, 40.79547556446056 ], [ -3.50210605608352, 40.797555061367305 ], [ -3.49783390545646, 40.798050179678441 ], [ -3.492411560429801, 40.798644321651793 ], [ -3.490604112087588, 40.807952545901053 ], [ -3.48337431871871, 40.814488107607978 ], [ -3.47663746580681, 40.828054349332959 ], [ -3.47729471974943, 40.831817248497551 ], [ -3.478280600663368, 40.837461597244442 ], [ -3.474830017464591, 40.840234259786776 ], [ -3.470557866837531, 40.843502040640239 ], [ -3.472693942151061, 40.84726493980483 ], [ -3.474830017464591, 40.850928815307199 ], [ -3.471379434265806, 40.851721004605004 ], [ -3.470064926380559, 40.852018075591687 ], [ -3.466778656667437, 40.856771211378543 ], [ -3.469243358952276, 40.859345826596417 ], [ -3.471379434265806, 40.861623370827623 ], [ -3.470886493808841, 40.864891151681086 ], [ -3.451333189015749, 40.874298399592568 ], [ -3.448704173245254, 40.875585707201509 ], [ -3.44131006639072, 40.876080825512638 ], [ -3.44098143941941, 40.880437866650588 ], [ -3.443774768675567, 40.886280262721932 ], [ -3.440817125933755, 40.89043925653543 ], [ -3.442624574275975, 40.893310942739987 ], [ -3.452976323872313, 40.897073841904579 ], [ -3.459384549812903, 40.899450409798007 ], [ -3.458727295870283, 40.907273279113873 ], [ -3.455933966614126, 40.907273279113873 ], [ -3.445746530503442, 40.906877184464967 ], [ -3.446075157474752, 40.9100459416562 ], [ -3.451168875530094, 40.912818604198534 ], [ -3.447225351874344, 40.924008278030087 ], [ -3.437202229249316, 40.933613573266022 ], [ -3.435394780907103, 40.945694460057616 ], [ -3.421428134626325, 40.967281618422909 ], [ -3.417155983999258, 40.974510345765424 ], [ -3.416991670513603, 40.982630286067966 ], [ -3.416991670513603, 40.987680492841498 ], [ -3.410090504116042, 40.99144339200609 ], [ -3.394316409493051, 41.000256497944214 ], [ -3.396945425263546, 41.004613539082165 ], [ -3.397274052234856, 41.00679205965114 ], [ -3.40072463543364, 41.009069603882345 ], [ -3.402039143318888, 41.010753006140192 ], [ -3.405654040003327, 41.013327621358066 ], [ -3.407461488345547, 41.015803212913724 ], [ -3.409597563659077, 41.016892473198212 ], [ -3.413048146857854, 41.018476851793828 ], [ -3.425864598739039, 41.03154797520768 ], [ -3.427836360566914, 41.036004040007853 ], [ -3.429643808909134, 41.040163033821351 ], [ -3.430958316794381, 41.041648388754744 ], [ -3.433423019079228, 41.04194545974142 ], [ -3.43884536410588, 41.042638625377002 ], [ -3.434901840450131, 41.050164423706192 ], [ -3.426521852681667, 41.066206256986824 ], [ -3.425207344796412, 41.07412814996492 ], [ -3.428000674052569, 41.082446137591916 ], [ -3.432272824679629, 41.084129539849755 ], [ -3.440488498962445, 41.082842232240822 ], [ -3.449690054159191, 41.081455900969651 ], [ -3.467928851067029, 41.091457290854493 ], [ -3.474994330950246, 41.095220190019084 ], [ -3.478116287177713, 41.094527024383503 ], [ -3.482881378261744, 41.093536787761245 ], [ -3.489125290716679, 41.095715308330213 ], [ -3.491918619972836, 41.105518650890602 ], [ -3.494054695286366, 41.113440543868698 ], [ -3.509500162938046, 41.136017938856256 ], [ -3.51722289676389, 41.137701341114102 ], [ -3.526588765446292, 41.139681814358624 ], [ -3.532175423958606, 41.145623234092191 ], [ -3.533161304872543, 41.146712494376679 ], [ -3.53661188807132, 41.14799980198562 ], [ -3.540884038698387, 41.149584180581236 ], [ -3.53841933641354, 41.153842198056964 ], [ -3.537433455499603, 41.15532755299035 ], [ -3.53661188807132, 41.160575807088335 ], [ -3.539569530813132, 41.165031871888516 ], [ -3.528396213788511, 41.166022108510774 ], [ -3.522480928304887, 41.164437729915157 ], [ -3.51722289676389, 41.162853351319541 ], [ -3.506706833681896, 41.169289889364237 ], [ -3.506378206710579, 41.169487936688689 ], [ -3.49996998076999, 41.177904947977915 ], [ -3.474172763521963, 41.1831532020759 ], [ -3.468914731980966, 41.184242462360388 ], [ -3.459220236327248, 41.192461426325153 ], [ -3.45544102615716, 41.199294059018762 ], [ -3.453797891300596, 41.202165745223319 ], [ -3.442624574275975, 41.21523686863717 ], [ -3.4222497020546, 41.214444679339358 ], [ -3.40253208377586, 41.213652490041547 ], [ -3.403682278175452, 41.221871454006319 ], [ -3.405654040003327, 41.234249411784589 ], [ -3.398752873605766, 41.242765446736037 ], [ -3.400067381491013, 41.253955120567589 ], [ -3.410583444573014, 41.259995563963386 ], [ -3.414526968228763, 41.265936983696953 ], [ -3.415512849142701, 41.271383285119391 ], [ -3.415184222171384, 41.273165711039461 ], [ -3.410419131087359, 41.261976037207909 ], [ -3.397274052234856, 41.257718019732181 ], [ -3.368519192245024, 41.259995563963386 ], [ -3.357838815677368, 41.257817043394411 ], [ -3.336642376027719, 41.253559025918683 ], [ -3.32875532871622, 41.25831216170554 ], [ -3.32448317808916, 41.260985800585644 ], [ -3.300986349640318, 41.258807280016669 ], [ -3.291784794443572, 41.257916067056634 ], [ -3.28816989775914, 41.264154557776884 ], [ -3.287184016845202, 41.265837960034723 ], [ -3.275846386334919, 41.27504716062176 ], [ -3.274860505420982, 41.270195001172674 ], [ -3.273217370564424, 41.260688729598968 ], [ -3.254649946685269, 41.258807280016669 ], [ -3.239040165547934, 41.278612012461899 ], [ -3.239204479033589, 41.283068077262072 ], [ -3.239368792519244, 41.286038787128859 ], [ -3.236904090234404, 41.289801686293451 ], [ -3.227538221551995, 41.297129437298189 ], [ -3.220801368640096, 41.298020650258223 ], [ -3.216036277556064, 41.298713815893805 ], [ -3.207327662816283, 41.304259140978466 ], [ -3.203712766131844, 41.303169880693979 ], [ -3.203055512189223, 41.303367928018432 ], [ -3.199769242476101, 41.304457188302919 ], [ -3.192210822135912, 41.30267476238285 ], [ -3.188595925451473, 41.30396206999179 ], [ -3.178572802826444, 41.299803076178293 ], [ -3.17052144202929, 41.297228460960412 ], [ -3.164934783516983, 41.295347011378112 ], [ -3.157869303633767, 41.293663609120273 ], [ -3.151625391178833, 41.292772396160238 ], [ -3.148503434951358, 41.291980206862426 ], [ -3.144066970838644, 41.292079230524656 ], [ -3.141273641582487, 41.292178254186879 ], [ -3.137823058383709, 41.290890946577939 ], [ -3.130100324557866, 41.288118284035605 ], [ -3.128292876215646, 41.289108520657869 ], [ -3.125006606502524, 41.290890946577939 ], [ -3.121227396332429, 41.289504615306775 ], [ -3.108739571422561, 41.287920236711152 ], [ -3.105124674738121, 41.284751479519919 ], [ -3.100195270168435, 41.280097367395292 ], [ -3.09789488136925, 41.27989932007084 ], [ -3.093294103770873, 41.282374911626491 ], [ -3.091158028457343, 41.283464171910978 ], [ -3.081627846289287, 41.280196391057515 ], [ -3.061910228010539, 41.273462782026137 ], [ -3.059609839211355, 41.276235444568471 ], [ -3.058952585268727, 41.276433491892924 ], [ -3.025925574651829, 41.286335858115535 ], [ -3.018860094768613, 41.288415355022288 ], [ -3.007851091229647, 41.285048550506595 ], [ -3.006043642887427, 41.284454408533243 ], [ -3.004236194545214, 41.285147574168825 ], [ -2.99832090906159, 41.286632929102218 ], [ -2.997499341633308, 41.286830976426664 ], [ -2.997335028147653, 41.286731952764441 ], [ -2.994870325862806, 41.286632929102218 ], [ -2.989940921293119, 41.287425118400023 ], [ -2.988790726893527, 41.288217307697835 ], [ -2.988133472950899, 41.288811449671194 ], [ -2.976302901983658, 41.291386064889068 ], [ -2.969730362557407, 41.292277277849102 ], [ -2.967429973758222, 41.291881183200204 ], [ -2.966115465872974, 41.293267514471367 ], [ -2.962500569188535, 41.292574348835785 ], [ -2.961186061303287, 41.292376301511332 ], [ -2.953463327477444, 41.291980206862426 ], [ -2.950177057764321, 41.292673372498008 ], [ -2.942454323938478, 41.30079331280055 ], [ -2.94146844302454, 41.306734732534125 ], [ -2.940318248624948, 41.31317127057882 ], [ -2.911727702120764, 41.321489258205816 ], [ -2.906633984065422, 41.327628725263835 ], [ -2.902854773895328, 41.325945323005996 ], [ -2.897925369325648, 41.324856062721508 ], [ -2.888395187157585, 41.325252157370407 ], [ -2.882644215159615, 41.321786329192498 ], [ -2.874264227391151, 41.320399997921328 ], [ -2.866870120536625, 41.313072246916597 ], [ -2.86982776327843, 41.305942543236313 ], [ -2.872456779048932, 41.299704052516063 ], [ -2.864241104766123, 41.286930000088894 ], [ -2.864241104766123, 41.286930000088894 ], [ -2.864241104766123, 41.286830976426664 ], [ -2.866870120536625, 41.274453018648401 ], [ -2.858983073225126, 41.272868640052785 ], [ -2.855203863055031, 41.270492072159357 ], [ -2.841401530259908, 41.266135031021406 ], [ -2.839265454946378, 41.266036007359176 ], [ -2.833843109919727, 41.263956510452431 ], [ -2.830228213235287, 41.26266920284349 ], [ -2.829406645807005, 41.262174084532361 ], [ -2.821848225466823, 41.258411185367763 ], [ -2.822176852438133, 41.256628759447693 ], [ -2.819547836667631, 41.257321925083275 ], [ -2.810674908442202, 41.255737546487659 ], [ -2.803609428558978, 41.25652973578547 ], [ -2.797201202618389, 41.255341451838753 ], [ -2.794079246390922, 41.254351215216495 ], [ -2.786685139536395, 41.253955120567589 ], [ -2.782577302394984, 41.253757073243136 ], [ -2.777976524796614, 41.25207367098529 ], [ -2.775511822511767, 41.250093197740767 ], [ -2.775347509026112, 41.25821313804331 ], [ -2.775347509026112, 41.258708256354446 ], [ -2.760887922288369, 41.274056923999495 ], [ -2.730654240927628, 41.27187840343052 ], [ -2.717509162075132, 41.274849113297307 ], [ -2.712908384476755, 41.261877013545678 ], [ -2.709950741734943, 41.253162931269777 ], [ -2.695326841511537, 41.245637132940594 ], [ -2.668872370320891, 41.237616216300275 ], [ -2.654741410554458, 41.239200594895891 ], [ -2.647347303699931, 41.240091807855926 ], [ -2.635845359703993, 41.232070891215614 ], [ -2.636009673189648, 41.226723613455398 ], [ -2.636338300160965, 41.223851927250841 ], [ -2.629272820277748, 41.21523686863717 ], [ -2.625986550564619, 41.220485122735155 ], [ -2.623850475251089, 41.223752903588618 ], [ -2.618592443710092, 41.220386099072925 ], [ -2.616949308853528, 41.219395862450668 ], [ -2.61349872565475, 41.220386099072925 ], [ -2.608240694113753, 41.221673406681866 ], [ -2.599367765888317, 41.222960714290807 ], [ -2.592302286005101, 41.2244460692242 ], [ -2.589508956748944, 41.224545092886423 ], [ -2.588358762349351, 41.223158761615259 ], [ -2.587044254464097, 41.21692027089501 ], [ -2.587372881435414, 41.21394956102823 ], [ -2.589508956748944, 41.209493496228049 ], [ -2.589837583720254, 41.207215951996851 ], [ -2.593123853433383, 41.200977461276601 ], [ -2.60051796028791, 41.195036041543034 ], [ -2.603311289544067, 41.193946781258546 ], [ -2.606104618800217, 41.19364971027187 ], [ -2.606926186228499, 41.193748733934093 ], [ -2.61990695159534, 41.195234088867487 ], [ -2.622043026908869, 41.188104385187202 ], [ -2.619414011138375, 41.183252225738123 ], [ -2.604954424400624, 41.18741121955162 ], [ -2.602325408630129, 41.188203408849432 ], [ -2.57932152063826, 41.179390302911308 ], [ -2.582279163380072, 41.165229919212969 ], [ -2.585401119607539, 41.162160185683959 ], [ -2.595424242232568, 41.15235684312357 ], [ -2.580143088066542, 41.140672050980882 ], [ -2.54366549425086, 41.150376369879048 ], [ -2.543172553793895, 41.151366606501306 ], [ -2.536107073910678, 41.1615660437106 ], [ -2.516882396088903, 41.146415423390003 ], [ -2.517046709574558, 41.137602317451872 ], [ -2.511788678033554, 41.130868708420493 ], [ -2.510638483633961, 41.127006785593679 ], [ -2.508173781349122, 41.119282939940035 ], [ -2.497164777810156, 41.118490750642231 ], [ -2.485005579871597, 41.117500514019966 ], [ -2.480240488787565, 41.113440543868698 ], [ -2.469724425705564, 41.089773888596646 ], [ -2.469724425705564, 41.089278770285517 ], [ -2.469395798734254, 41.078089096453965 ], [ -2.456250719881758, 41.077296907156153 ], [ -2.443105641029263, 41.076504717858349 ], [ -2.439490744344823, 41.071751582071492 ], [ -2.430782129605049, 41.071751582071492 ], [ -2.429138994748484, 41.066503327973507 ], [ -2.428810367777174, 41.065711138675695 ], [ -2.418951558637801, 41.057690222035376 ], [ -2.415993915895989, 41.059373624293222 ], [ -2.414350781039424, 41.060958002888839 ], [ -2.41024294389802, 41.06056190823994 ], [ -2.402191583100866, 41.061651168524428 ], [ -2.397919432473806, 41.064225783742302 ], [ -2.396111984131586, 41.064720902053438 ], [ -2.384445726649993, 41.073137913342656 ], [ -2.383131218764746, 41.07412814996492 ], [ -2.381323770422526, 41.076999836169477 ], [ -2.377708873738094, 41.078188120116188 ], [ -2.372615155682752, 41.079178356738453 ], [ -2.360455957744193, 41.084030516187532 ], [ -2.355362239688844, 41.086506107743183 ], [ -2.352240283461377, 41.081059806320745 ], [ -2.349282640719565, 41.077395930818383 ], [ -2.339259518094536, 41.071553534747039 ], [ -2.335315994438787, 41.068483801218029 ], [ -2.333837173067884, 41.067394540933542 ], [ -2.333015605639602, 41.067196493609089 ], [ -2.3315367842687, 41.066899422622413 ], [ -2.330715216840417, 41.065909186000148 ], [ -2.323485423471546, 41.056501938088665 ], [ -2.318720332387514, 41.059868742604351 ], [ -2.315598376160047, 41.061651168524428 ], [ -2.311326225532987, 41.062443357822232 ], [ -2.311161912047325, 41.062542381484462 ], [ -2.302288983821896, 41.065414067689019 ], [ -2.298181146680484, 41.068681848542482 ], [ -2.295223503938672, 41.06967208516474 ], [ -2.293580369082115, 41.071256463760363 ], [ -2.291115666797268, 41.070860369111458 ], [ -2.285364694799306, 41.066107233324601 ], [ -2.284050186914051, 41.065017973040113 ], [ -2.279942349772647, 41.065513091351242 ], [ -2.276327453088214, 41.065414067689019 ], [ -2.266468643948841, 41.068186730231346 ], [ -2.263511001207029, 41.067493564595765 ], [ -2.243464755956971, 41.085911965769832 ], [ -2.23229143893235, 41.096309450303572 ], [ -2.19877148785848, 41.089080722961064 ], [ -2.176589167294892, 41.084327587174208 ], [ -2.169030746954711, 41.092843622125656 ], [ -2.166566044669864, 41.095517261005767 ], [ -2.159171937815337, 41.097893828899188 ], [ -2.144055097134967, 41.102845012010498 ], [ -2.14126176787881, 41.107301076810678 ], [ -2.136332363309123, 41.115421017113221 ], [ -2.131895899196408, 41.11710441937106 ], [ -2.116614745030375, 41.10363720130831 ], [ -2.110699459546751, 41.098487970872547 ], [ -2.084573615327415, 41.087496344365448 ], [ -2.081287345614292, 41.086010989432054 ], [ -2.081123032128637, 41.085614894783149 ], [ -2.073071671331483, 41.073534007991562 ], [ -2.056476009280203, 41.06967208516474 ], [ -2.048096021511739, 41.078386167440641 ], [ -2.057461890194141, 41.084723681823114 ], [ -2.060090905964643, 41.089080722961064 ], [ -2.060255219450298, 41.08937779394774 ], [ -2.065677564476957, 41.095814331992443 ], [ -2.063705802649082, 41.10353817764608 ], [ -2.061241100364235, 41.104726461592797 ], [ -2.060419532935953, 41.105221579903926 ], [ -2.06074815990727, 41.10670693483732 ], [ -2.062719921735145, 41.113143472882015 ], [ -2.059105025050705, 41.119778058251171 ], [ -2.057626203679803, 41.120966342197882 ], [ -2.050560723796579, 41.125917525309191 ], [ -2.050560723796579, 41.129383353487107 ], [ -2.051710918196179, 41.146811518038902 ] ], [ [ -3.200919436875694, 40.060125848769239 ], [ -3.203219825674879, 40.063492653284932 ], [ -3.20831354373022, 40.06141315637818 ], [ -3.204862960531443, 40.058244399186947 ], [ -3.200919436875694, 40.060125848769239 ] ] ], [ [ [ -3.366054489960177, 40.630799214178488 ], [ -3.371641148472492, 40.625749007404956 ], [ -3.38199289806883, 40.630403119529582 ], [ -3.380185449726611, 40.63277968742301 ], [ -3.373777223786021, 40.635156255316438 ], [ -3.372955656357739, 40.638225988845448 ], [ -3.367533311331087, 40.638027941520996 ], [ -3.36441135510362, 40.637829894196543 ], [ -3.364247041617965, 40.637037704898738 ], [ -3.363918414646648, 40.633373829396369 ], [ -3.363918414646648, 40.632680663760787 ], [ -3.366054489960177, 40.630799214178488 ] ] ] ] } },
{ "type": "Feature", "properties": { "index": 1484, "nuts_2_code": "ES21", "nuts_2_name": "País Vasco" }, "geometry": { "type": "MultiPolygon", "coordinates": [ [ [ [ -2.412871959668522, 43.32107406953827 ], [ -2.407285301156207, 43.322460400809433 ], [ -2.393482968361084, 43.318697501644849 ], [ -2.379023381623341, 43.30869611176 ], [ -2.358319882430656, 43.303744928648698 ], [ -2.355690866660161, 43.299585934835193 ], [ -2.348625386776945, 43.299387887510747 ], [ -2.343860295692913, 43.30265566836421 ], [ -2.3315367842687, 43.298991792861841 ], [ -2.325128558328103, 43.297110343279542 ], [ -2.285036067827988, 43.294733775386121 ], [ -2.263018060750056, 43.299883005821869 ], [ -2.261539239379154, 43.30087324244414 ], [ -2.258088656180369, 43.303348833999792 ], [ -2.25381650555331, 43.30245762103975 ], [ -2.247408279612721, 43.301170313430816 ], [ -2.245600831270501, 43.30245762103975 ], [ -2.239028291844249, 43.305428330906537 ], [ -2.229333796190538, 43.309884395706717 ], [ -2.208630296997853, 43.305329307244307 ], [ -2.202715011514229, 43.307606851475512 ], [ -2.201236190143327, 43.301863479066398 ], [ -2.193677769803138, 43.298001556239583 ], [ -2.1926918888892, 43.296615224968406 ], [ -2.189569932661733, 43.292159160168239 ], [ -2.184147587635081, 43.293446467777173 ], [ -2.182997393235489, 43.293743538763849 ], [ -2.180697004436297, 43.292159160168239 ], [ -2.174617405467018, 43.288000166354735 ], [ -2.168373493012083, 43.288891379314776 ], [ -2.14126176787881, 43.293050373128267 ], [ -2.134360601481248, 43.289881615937034 ], [ -2.129924137368533, 43.287802119030289 ], [ -2.123844538399254, 43.291664041857103 ], [ -2.110042205604131, 43.300576171457465 ], [ -2.082930480470857, 43.307903922462188 ], [ -2.012111368153029, 43.323153566445015 ], [ -2.009318038896872, 43.321668211511621 ], [ -2.000445110671436, 43.317014099386995 ], [ -1.993051003816909, 43.316618004738089 ], [ -1.988285912732877, 43.319984809253782 ], [ -1.989600420618132, 43.325134039689544 ], [ -1.975469460851698, 43.326916465609614 ], [ -1.974812206909071, 43.327807678569641 ], [ -1.970211429310694, 43.33345202731654 ], [ -1.962653008970513, 43.336719808170002 ], [ -1.9491793031467, 43.333055932667634 ], [ -1.937677359150769, 43.334937382249933 ], [ -1.936527164751176, 43.334640311263257 ], [ -1.931104819724517, 43.332956909005404 ], [ -1.925353847726555, 43.332065696045376 ], [ -1.925189534240893, 43.335630547885515 ], [ -1.921574637556461, 43.336917855494448 ], [ -1.887233119054315, 43.348503623974906 ], [ -1.880167639171098, 43.353949925397345 ], [ -1.876552742486659, 43.359693297806459 ], [ -1.871130397460007, 43.368011285433454 ], [ -1.857163751179229, 43.375041965451516 ], [ -1.851248465695605, 43.375636107424867 ], [ -1.844347299298043, 43.376230249398233 ], [ -1.837939073357447, 43.379498030251696 ], [ -1.8287375181607, 43.383954095051863 ], [ -1.814113617937302, 43.386330662945298 ], [ -1.804747749254894, 43.387816017878691 ], [ -1.799325404228242, 43.390588680421018 ], [ -1.79209561085937, 43.394351579585617 ], [ -1.789466595088868, 43.389994538447667 ], [ -1.7942316861729, 43.384647260687444 ], [ -1.797353642400367, 43.381082408847305 ], [ -1.797682269371677, 43.376725367709355 ], [ -1.789795222060178, 43.365436670215587 ], [ -1.789466595088868, 43.365238622891127 ], [ -1.781908174748686, 43.3605845107665 ], [ -1.787166206289683, 43.355435280330738 ], [ -1.789302281603213, 43.353256759761763 ], [ -1.786016011890091, 43.350583120881666 ], [ -1.772213679094968, 43.342859275228022 ], [ -1.770570544238403, 43.343057322552468 ], [ -1.762026242984284, 43.34404755917474 ], [ -1.760547421613374, 43.344245606499186 ], [ -1.75397488218713, 43.340284660010141 ], [ -1.750359985502691, 43.33325397999208 ], [ -1.750195672017036, 43.332956909005404 ], [ -1.749045477617443, 43.332560814356498 ], [ -1.739186668478069, 43.329392057165265 ], [ -1.740172549392007, 43.319588714604876 ], [ -1.740665489848972, 43.315627768115831 ], [ -1.738529414535442, 43.312062916275693 ], [ -1.728834918881731, 43.296120106657284 ], [ -1.730642367223943, 43.294238657074985 ], [ -1.737872160592822, 43.294238657074985 ], [ -1.738858041506759, 43.294139633412755 ], [ -1.741487057277254, 43.294139633412755 ], [ -1.748388223674816, 43.291961112843779 ], [ -1.764326631783469, 43.286910906070247 ], [ -1.768105841953563, 43.287703095368059 ], [ -1.77303524652325, 43.288891379314776 ], [ -1.783222682633934, 43.286811882408031 ], [ -1.783715623090899, 43.284435314514596 ], [ -1.783715623090899, 43.284435314514596 ], [ -1.784372877033526, 43.28394019620346 ], [ -1.793410118744617, 43.275523184914249 ], [ -1.79456031314421, 43.25512431049566 ], [ -1.795053253601182, 43.246905346530895 ], [ -1.807869705482361, 43.239775642850603 ], [ -1.810991661709835, 43.239280524539481 ], [ -1.820028903420926, 43.237795169606088 ], [ -1.823972427076669, 43.231754726210283 ], [ -1.825779875418888, 43.228883040005726 ], [ -1.841225343070576, 43.224525998867776 ], [ -1.841718283527541, 43.224625022530006 ], [ -1.851248465695605, 43.226407448450075 ], [ -1.853220227523479, 43.220565052378731 ], [ -1.854370421923072, 43.217297271525268 ], [ -1.861764528777599, 43.213336325036224 ], [ -1.865708052433348, 43.21818848448531 ], [ -1.866365306375975, 43.221654312663219 ], [ -1.867844127746878, 43.229180110992417 ], [ -1.87293784580222, 43.228189874370145 ], [ -1.875895488544032, 43.231061560574702 ], [ -1.879017444771499, 43.227001590423441 ], [ -1.876717055972314, 43.221654312663219 ], [ -1.876059802029687, 43.21997091040538 ], [ -1.879510385228471, 43.217198247863053 ], [ -1.875731175058377, 43.21393046700959 ], [ -1.879346071742816, 43.211553899116154 ], [ -1.881810774027656, 43.20590955036927 ], [ -1.885097043740778, 43.208187094600476 ], [ -1.885097043740778, 43.212643159400642 ], [ -1.891505269681375, 43.209276354884963 ], [ -1.900049570935494, 43.210860733480573 ], [ -1.902842900191651, 43.214227537996265 ], [ -1.909908380074867, 43.222941620272167 ], [ -1.910894260988805, 43.227199637747887 ], [ -1.914673471158899, 43.222743572947707 ], [ -1.911880141902742, 43.204820290084783 ], [ -1.911715828417087, 43.203632006138065 ], [ -1.912208768874052, 43.202839816840253 ], [ -1.921574637556461, 43.186203841586263 ], [ -1.920917383613833, 43.172538576199059 ], [ -1.919274248757276, 43.170459079292314 ], [ -1.916809546472429, 43.169171771683367 ], [ -1.918288367843338, 43.159665500109654 ], [ -1.919602875728586, 43.150159228535955 ], [ -1.913194649787989, 43.146495353033586 ], [ -1.902842900191651, 43.140751980624472 ], [ -1.903171527162961, 43.13550372652648 ], [ -1.916316606015464, 43.127680857210621 ], [ -1.921574637556461, 43.119065798596949 ], [ -1.923217772413018, 43.116392159716838 ], [ -1.938170299607734, 43.108470266738749 ], [ -1.939813434464298, 43.107083935467585 ], [ -1.947207541318825, 43.100845444747335 ], [ -1.947207541318825, 43.10054837376066 ], [ -1.947536168290142, 43.097478640231643 ], [ -1.956244783029916, 43.095498166987127 ], [ -1.973333385538162, 43.091537220498083 ], [ -1.971854564167259, 43.08807139232016 ], [ -1.971690250681604, 43.087378226684578 ], [ -1.973169072052507, 43.084605564142251 ], [ -1.978755730564821, 43.081634854275464 ], [ -1.983685135134508, 43.080446570328746 ], [ -1.988450226218539, 43.078367073422001 ], [ -1.989764734103787, 43.079456333706489 ], [ -1.990421988046407, 43.079258286382029 ], [ -2.009810979353844, 43.073415890310699 ], [ -2.012439995124339, 43.073019795661793 ], [ -2.015561951351813, 43.067375446914895 ], [ -2.016054891808778, 43.066286186630407 ], [ -2.017040772722716, 43.066187162968177 ], [ -2.022791744720685, 43.065196926345919 ], [ -2.020491355921493, 43.059552577599035 ], [ -2.01868390757928, 43.055096512798855 ], [ -2.020162728950183, 43.047867785456347 ], [ -2.032486240374396, 43.032023999500169 ], [ -2.035279569630553, 43.031330833864587 ], [ -2.041359168599833, 43.029647431606733 ], [ -2.04053760117155, 43.021527491304198 ], [ -2.038565839343683, 43.017962639464059 ], [ -2.037415644944083, 43.01608118988176 ], [ -2.033965061745306, 43.00984269916151 ], [ -2.032157613403086, 43.006673941970277 ], [ -2.032321926888741, 43.000336427587797 ], [ -2.032321926888741, 43.000039356601121 ], [ -2.032157613403086, 43.000039356601121 ], [ -2.028378403232992, 42.998752048992188 ], [ -2.038730152829338, 42.981422908102601 ], [ -2.052532485624454, 42.976273677666853 ], [ -2.073893238759766, 42.975877583017947 ], [ -2.083094793956512, 42.975778559355717 ], [ -2.095253991895071, 42.972312731177809 ], [ -2.098540261608193, 42.964093767213029 ], [ -2.104455547091817, 42.949141194216892 ], [ -2.117436312458658, 42.942110514198831 ], [ -2.133374720567311, 42.940922230252113 ], [ -2.138961379079625, 42.941318324901019 ], [ -2.151449203989493, 42.942209537861061 ], [ -2.161143699643212, 42.939139804332044 ], [ -2.173960151524398, 42.935178857842999 ], [ -2.180039750493677, 42.935673976154135 ], [ -2.184640528092046, 42.940427111940991 ], [ -2.193020515860518, 42.948844123230202 ], [ -2.210273431854418, 42.949834359852474 ], [ -2.210930685797038, 42.945279271390064 ], [ -2.216188717338042, 42.941912466874371 ], [ -2.216188717338042, 42.940526135603207 ], [ -2.216188717338042, 42.939436875318719 ], [ -2.215531463395415, 42.936862260100838 ], [ -2.220296554479447, 42.933099360936254 ], [ -2.222104002821666, 42.933594479247375 ], [ -2.225390272534788, 42.933198384598484 ], [ -2.226540466934381, 42.933000337274024 ], [ -2.232127125446695, 42.93171302966509 ], [ -2.23442751424588, 42.928148177824937 ], [ -2.235577708645472, 42.926563799229328 ], [ -2.237878097444657, 42.921414568793566 ], [ -2.236727903045065, 42.916562409344479 ], [ -2.237056530016375, 42.911116107922055 ], [ -2.237713783959002, 42.895965487601444 ], [ -2.240014172758187, 42.895173298303646 ], [ -2.248065533555341, 42.897252795210392 ], [ -2.248394160526658, 42.897351818872608 ], [ -2.250858862811498, 42.895668416614768 ], [ -2.25168043023978, 42.892301612099075 ], [ -2.249380041440595, 42.890618209841236 ], [ -2.241657307614751, 42.885072884756568 ], [ -2.240178486243849, 42.864773034000208 ], [ -2.235906335616782, 42.850909721288559 ], [ -2.232784379389315, 42.843780017608267 ], [ -2.235906335616782, 42.834471793359015 ], [ -2.241657307614751, 42.830114752221064 ], [ -2.252994938125028, 42.820608480647351 ], [ -2.253980819038965, 42.82011336233623 ], [ -2.256281207838157, 42.818727031065066 ], [ -2.267783151834088, 42.813379753304844 ], [ -2.27041216760459, 42.808923688504677 ], [ -2.270247854118935, 42.802685197784427 ], [ -2.269426286690653, 42.799021322282059 ], [ -2.26893334623368, 42.797238896361989 ], [ -2.268769032748025, 42.794664281144108 ], [ -2.271890988975493, 42.792089665926227 ], [ -2.273862750803367, 42.791099429303969 ], [ -2.27501294520296, 42.790109192681697 ], [ -2.281092544172239, 42.785058985908165 ], [ -2.278792155373054, 42.783474607312556 ], [ -2.278134901430427, 42.781791205054702 ], [ -2.275341572174277, 42.778919518850145 ], [ -2.275670199145587, 42.776245879970048 ], [ -2.273698437317712, 42.77070055488538 ], [ -2.273369810346402, 42.768522034316405 ], [ -2.270905108061555, 42.763867922191778 ], [ -2.263346687721373, 42.749905585817885 ], [ -2.273534123832057, 42.74178564551535 ], [ -2.285529008284961, 42.742478811150932 ], [ -2.3063968209633, 42.73574520211956 ], [ -2.31066897159036, 42.737230557052939 ], [ -2.316912884045294, 42.739310053959699 ], [ -2.316912884045294, 42.73574520211956 ], [ -2.318556018901859, 42.733170586901679 ], [ -2.318391705416204, 42.730100853372662 ], [ -2.319706213301451, 42.728714522101498 ], [ -2.323649736957201, 42.720792629123409 ], [ -2.318884645873169, 42.717920942918852 ], [ -2.317734451473576, 42.71722777728327 ], [ -2.313297987360855, 42.708513695007369 ], [ -2.31280504690389, 42.689204080873267 ], [ -2.313790927817827, 42.687124583966522 ], [ -2.315762689645702, 42.682668519166342 ], [ -2.30919015021945, 42.672469081957047 ], [ -2.302453297307551, 42.676430028446092 ], [ -2.302288983821896, 42.676529052108322 ], [ -2.293580369082115, 42.676529052108322 ], [ -2.288650964512428, 42.657615532623126 ], [ -2.29341605559646, 42.650782899929524 ], [ -2.3063968209633, 42.652070207538472 ], [ -2.308039955819858, 42.652268254862918 ], [ -2.323321109985883, 42.647812190062737 ], [ -2.3315367842687, 42.645732693155992 ], [ -2.335480307924449, 42.642761983289205 ], [ -2.34731087889169, 42.634047901013304 ], [ -2.3660426162565, 42.637018610880091 ], [ -2.381981024365153, 42.634245948337764 ], [ -2.373108096139717, 42.642464912302529 ], [ -2.380337889508588, 42.647317071751615 ], [ -2.379516322080313, 42.649099497671685 ], [ -2.378366127680714, 42.651971183876242 ], [ -2.394633162760684, 42.660586242489913 ], [ -2.417308423781236, 42.661279408125495 ], [ -2.428153113834547, 42.658605769245383 ], [ -2.429960562176767, 42.654248728107433 ], [ -2.433246831889889, 42.653852633458541 ], [ -2.440640938744416, 42.650683876267294 ], [ -2.44261270057229, 42.650386805280618 ], [ -2.4440915219432, 42.649396568658361 ], [ -2.450171120912479, 42.647218048089385 ], [ -2.451649942283382, 42.64503952752041 ], [ -2.453128763654291, 42.641771746666947 ], [ -2.454936211996511, 42.639593226097972 ], [ -2.454771898510856, 42.636721539893415 ], [ -2.454607585025194, 42.634840090311116 ], [ -2.464466394164567, 42.627314291981932 ], [ -2.468738544791627, 42.627215268319702 ], [ -2.471038933590819, 42.627215268319702 ], [ -2.472517754961721, 42.624739676764051 ], [ -2.472682068447376, 42.624541629439591 ], [ -2.473503635875659, 42.624145534790699 ], [ -2.474325203303941, 42.623650416479563 ], [ -2.474489516789596, 42.623452369155103 ], [ -2.478104413474036, 42.618798257030477 ], [ -2.478925980902318, 42.61592657082592 ], [ -2.481226369701503, 42.614441215892526 ], [ -2.483033818043722, 42.612163671661335 ], [ -2.488620476556029, 42.613847073919175 ], [ -2.490756551869559, 42.614540239554756 ], [ -2.500122420551968, 42.616421689137056 ], [ -2.499300853123685, 42.611569529687969 ], [ -2.490592238383904, 42.585328259198043 ], [ -2.483855385472005, 42.588397992727053 ], [ -2.482376564101095, 42.589091158362642 ], [ -2.46348051325063, 42.587407756104795 ], [ -2.457729541252668, 42.576119058611013 ], [ -2.453293077139946, 42.567107905348436 ], [ -2.443269954514918, 42.575623940299884 ], [ -2.430289189148077, 42.595131601758432 ], [ -2.423716649721833, 42.605033967981051 ], [ -2.418622931666491, 42.607113464887796 ], [ -2.416979796809926, 42.604142755021016 ], [ -2.412050392240239, 42.600280832194194 ], [ -2.406463733727925, 42.598498406274125 ], [ -2.401205702186928, 42.598300358949672 ], [ -2.399398253844709, 42.597805240638543 ], [ -2.396769238074214, 42.599092548247476 ], [ -2.397426492016834, 42.595428672745115 ], [ -2.398412372930771, 42.59443843612285 ], [ -2.399233940359053, 42.593547223162815 ], [ -2.399398253844709, 42.591071631607164 ], [ -2.400055507787336, 42.589091158362642 ], [ -2.398248059445116, 42.586120448495855 ], [ -2.398083745959461, 42.58522923553582 ], [ -2.390196698647962, 42.551462166716703 ], [ -2.396276297617241, 42.546312936280948 ], [ -2.400219821272991, 42.543144179089708 ], [ -2.395454730188959, 42.526211132849042 ], [ -2.392990027904119, 42.517695097897594 ], [ -2.411228824811957, 42.513932198733002 ], [ -2.422073514865268, 42.511654654501797 ], [ -2.423059395779205, 42.498484507425722 ], [ -2.42075900698002, 42.489275306838692 ], [ -2.437190355545638, 42.489473354163145 ], [ -2.438011922973921, 42.489869448812044 ], [ -2.450664061369444, 42.49640501051897 ], [ -2.471203247076474, 42.492543087692155 ], [ -2.472846381933039, 42.490958709096532 ], [ -2.477447159531408, 42.486601667958581 ], [ -2.516225142146276, 42.491453827407668 ], [ -2.517868277002833, 42.498583531087945 ], [ -2.514582007289711, 42.502346430252544 ], [ -2.505380452092965, 42.512743914786284 ], [ -2.508666721806087, 42.518784358182081 ], [ -2.513760439861429, 42.51799216888427 ], [ -2.52033297928768, 42.507297613363846 ], [ -2.536600014367643, 42.495315750234482 ], [ -2.537092954824615, 42.490067496136497 ], [ -2.53692864133896, 42.489968472474274 ], [ -2.530849042369674, 42.485116313025195 ], [ -2.537421581795925, 42.483135839780672 ], [ -2.545637256078734, 42.483829005416254 ], [ -2.548759212306202, 42.483928029078477 ], [ -2.55598900567508, 42.485017289362965 ], [ -2.557139200074673, 42.485809478660777 ], [ -2.568969771041914, 42.49343430065219 ], [ -2.578007012753005, 42.483729981754024 ], [ -2.590001897205909, 42.482640721469537 ], [ -2.591316405091163, 42.482541697807314 ], [ -2.588030135378034, 42.47481785215367 ], [ -2.595588555718223, 42.472936402571378 ], [ -2.601339527716192, 42.478283680331586 ], [ -2.60084658725922, 42.484522171051836 ], [ -2.597724631031753, 42.488384093878658 ], [ -2.593616793890348, 42.493137229665507 ], [ -2.605447364857596, 42.501554240954732 ], [ -2.608733634570719, 42.498781578412398 ], [ -2.612184217769503, 42.496008915870071 ], [ -2.627958312392494, 42.495216726572259 ], [ -2.629601447249058, 42.49333527698996 ], [ -2.633873597876118, 42.488384093878658 ], [ -2.644553974443774, 42.483432910767348 ], [ -2.648826125070833, 42.485314360349648 ], [ -2.65375552964052, 42.495810868545618 ], [ -2.65408415661183, 42.49640501051897 ], [ -2.656877485867987, 42.503336666874802 ], [ -2.668379429863926, 42.509872228581727 ], [ -2.675444909747142, 42.510466370555086 ], [ -2.677745298546327, 42.510664417879539 ], [ -2.677745298546327, 42.512050749150703 ], [ -2.679059806431574, 42.524923825240101 ], [ -2.690397436941858, 42.520368736777698 ], [ -2.694998214540227, 42.518487287195398 ], [ -2.699763305624259, 42.516902908599782 ], [ -2.705514277622228, 42.516704861275329 ], [ -2.699270365167287, 42.5272013694713 ], [ -2.698777424710322, 42.52848867708024 ], [ -2.691383317855795, 42.542748084440802 ], [ -2.681688822202076, 42.595428672745115 ], [ -2.685632345857826, 42.594933554433979 ], [ -2.688589988599638, 42.596220862042919 ], [ -2.695984095454165, 42.59760719331409 ], [ -2.700256246081224, 42.598399382611895 ], [ -2.704199769736974, 42.599686690220835 ], [ -2.706335845050504, 42.599785713883065 ], [ -2.715701713732912, 42.604934944318821 ], [ -2.721452685730881, 42.608004677847831 ], [ -2.730818554413283, 42.616817783785962 ], [ -2.746428335550618, 42.623353345492887 ], [ -2.756780085146964, 42.619392399003843 ], [ -2.765817326858055, 42.620184588301655 ], [ -2.772882806741272, 42.607311512212249 ], [ -2.77206123931299, 42.596121838380697 ], [ -2.771896925827335, 42.595230625420662 ], [ -2.778962405710551, 42.581565360033451 ], [ -2.786685139536395, 42.578396602842218 ], [ -2.797529829589699, 42.573841514379815 ], [ -2.803609428558978, 42.564533290130555 ], [ -2.808210206157355, 42.567702047321795 ], [ -2.813961178155324, 42.567900094646248 ], [ -2.816097253468854, 42.567999118308471 ], [ -2.816261566954509, 42.56681083436176 ], [ -2.817904701811074, 42.557403586450278 ], [ -2.825134495179945, 42.554927994894619 ], [ -2.82743488397913, 42.562156722237127 ], [ -2.837129379632849, 42.570672757188575 ], [ -2.839922708889006, 42.580377076086741 ], [ -2.83137840763488, 42.585427282860273 ], [ -2.820205090610258, 42.591863820904969 ], [ -2.818561955753694, 42.598201335287442 ], [ -2.823655673809036, 42.601469116140905 ], [ -2.822012538952478, 42.603548613047657 ], [ -2.819383523181976, 42.609093938132318 ], [ -2.818726269239356, 42.612658789972457 ], [ -2.819876463638948, 42.614441215892526 ], [ -2.824312927751663, 42.612757813634687 ], [ -2.826284689579538, 42.612460742648011 ], [ -2.828092137921757, 42.611866600674645 ], [ -2.830721153692252, 42.610777340390165 ], [ -2.834336050376692, 42.609192961794548 ], [ -2.837129379632849, 42.608697843483412 ], [ -2.841730157231218, 42.608598819821189 ], [ -2.846823875286567, 42.617907044070449 ], [ -2.844523486487375, 42.624739676764051 ], [ -2.843044665116473, 42.628898670577541 ], [ -2.857997192311188, 42.638404942151254 ], [ -2.858983073225126, 42.63870201313793 ], [ -2.870649330706712, 42.639593226097972 ], [ -2.895296353555146, 42.653852633458541 ], [ -2.899404190696551, 42.666230591236797 ], [ -2.898582623268268, 42.668904230116908 ], [ -2.896610861440394, 42.676826123094997 ], [ -2.895132040069491, 42.679301714650649 ], [ -2.902361833438363, 42.684351921424181 ], [ -2.90548378966583, 42.693957216660124 ], [ -2.913535150462984, 42.696333784553545 ], [ -2.928487677657699, 42.70059180202928 ], [ -2.929802185542947, 42.704057630207188 ], [ -2.931281006913856, 42.707820529371787 ], [ -2.947055101536854, 42.709701978954072 ], [ -2.972852318784874, 42.708216624020693 ], [ -2.974659767127093, 42.707424434722881 ], [ -2.981232306553345, 42.704552748518324 ], [ -2.986326024608687, 42.708909789656275 ], [ -2.988133472950899, 42.714059020092023 ], [ -2.989776607807464, 42.719010203203339 ], [ -2.995363266319778, 42.720594581798949 ], [ -3.007522464258336, 42.723961386314642 ], [ -3.009822853057521, 42.727823309141456 ], [ -3.007193837287019, 42.731190113657149 ], [ -3.006372269858744, 42.732180350279407 ], [ -3.008672658657929, 42.732576444928313 ], [ -3.015080884598518, 42.7336657052128 ], [ -3.016231078998111, 42.737428604377399 ], [ -3.017216959912048, 42.740300290581956 ], [ -3.024775380252237, 42.738814935648563 ], [ -3.025925574651829, 42.738616888324117 ], [ -3.032991054535046, 42.737230557052939 ], [ -3.04071378836089, 42.738517864661887 ], [ -3.049093776129354, 42.751192893426833 ], [ -3.048600835672389, 42.756936265835947 ], [ -3.047943581729761, 42.764065969516224 ], [ -3.05763807738348, 42.762877685569521 ], [ -3.060431406639637, 42.761887448947249 ], [ -3.060924347096602, 42.761788425285033 ], [ -3.067003946065881, 42.760897212324991 ], [ -3.068811394408101, 42.761590377960573 ], [ -3.080806278861004, 42.766739608396335 ], [ -3.083106667660189, 42.761392330636127 ], [ -3.084256862059782, 42.75852064443157 ], [ -3.089186266629468, 42.761194283311667 ], [ -3.099209389254497, 42.766838632058565 ], [ -3.11334034902093, 42.760798188662761 ], [ -3.115805051305777, 42.759807952040504 ], [ -3.131250518957458, 42.757629431471528 ], [ -3.142916776439051, 42.760005999364964 ], [ -3.131414832443113, 42.777236116592306 ], [ -3.123363471645959, 42.7893170033839 ], [ -3.130100324557866, 42.790109192681697 ], [ -3.13174345941443, 42.790307240006157 ], [ -3.159183811519014, 42.804566647366727 ], [ -3.152775585578425, 42.810012948789165 ], [ -3.149653629350958, 42.812587564007032 ], [ -3.149325002379641, 42.814766084576007 ], [ -3.148010494494393, 42.821994811918515 ], [ -3.141109328096832, 42.834768864345691 ], [ -3.13174345941443, 42.838927858159195 ], [ -3.13174345941443, 42.838927858159195 ], [ -3.13174345941443, 42.839125905483641 ], [ -3.127964249244336, 42.849523390017396 ], [ -3.124020725588586, 42.849622413679612 ], [ -3.123363471645959, 42.849622413679612 ], [ -3.114490543420523, 42.85962380356446 ], [ -3.105946242166404, 42.878933417698548 ], [ -3.111039960221746, 42.881409009254199 ], [ -3.112354468106993, 42.882102174889795 ], [ -3.114161916449213, 42.885171908418798 ], [ -3.11662661873406, 42.889528949556748 ], [ -3.124349352559896, 42.891113328152372 ], [ -3.136672863984117, 42.87784415741406 ], [ -3.13848031232633, 42.872298832329406 ], [ -3.138808939297647, 42.871209572044918 ], [ -3.15113245072186, 42.861010134835624 ], [ -3.164113216088701, 42.856851141022119 ], [ -3.173479084771103, 42.857841377644391 ], [ -3.183502207396131, 42.863881821040181 ], [ -3.190896314250665, 42.868337885840361 ], [ -3.210285305558095, 42.844176112257173 ], [ -3.220801368640096, 42.838432739848059 ], [ -3.2143931426995, 42.833679604061203 ], [ -3.205520214474063, 42.827342089678737 ], [ -3.217022158470002, 42.826450876718695 ], [ -3.225895086695438, 42.830114752221064 ], [ -3.22770253503765, 42.831996201803364 ], [ -3.236739776748742, 42.837838597874708 ], [ -3.253664065771332, 42.852791170870844 ], [ -3.26910953342302, 42.864079868364627 ], [ -3.282583239246826, 42.875467589520639 ], [ -3.286855389873885, 42.885072884756568 ], [ -3.280118536961986, 42.886855310676637 ], [ -3.276996580734519, 42.887746523636679 ], [ -3.276503640277546, 42.895173298303646 ], [ -3.275846386334919, 42.901807883672788 ], [ -3.261386799597176, 42.907551256081902 ], [ -3.249556228629928, 42.912205368206529 ], [ -3.248077407259025, 42.916265338357803 ], [ -3.245448391488523, 42.923989184011447 ], [ -3.235918209320467, 42.934980810518553 ], [ -3.234110760978247, 42.943397821807764 ], [ -3.223266070924936, 42.948745099567986 ], [ -3.214886083156472, 42.945972437025645 ], [ -3.212421380871625, 42.945180247727833 ], [ -3.208477857215875, 42.945081224065618 ], [ -3.180708878139981, 42.944090987443346 ], [ -3.151296764207515, 42.936169094465257 ], [ -3.14866774843702, 42.93171302966509 ], [ -3.148339121465703, 42.922404805415823 ], [ -3.148174807980048, 42.917651669628967 ], [ -3.13815168535502, 42.914185841451058 ], [ -3.13387953472796, 42.912700486517664 ], [ -3.13174345941443, 42.910819036935365 ], [ -3.125828173930806, 42.905372735512927 ], [ -3.117612499647997, 42.905867853824063 ], [ -3.111204273707401, 42.906263948472969 ], [ -3.104631734281156, 42.910125871299783 ], [ -3.093129790285218, 42.901510812686112 ], [ -3.089514893600786, 42.898936197468231 ], [ -3.076041187776973, 42.901906907335018 ], [ -3.070290215779004, 42.903095191281736 ], [ -3.068811394408101, 42.902897143957276 ], [ -3.059116898754382, 42.901906907335018 ], [ -3.033155368020701, 42.905867853824063 ], [ -3.025925574651829, 42.907848327068592 ], [ -3.016231078998111, 42.910521965948689 ], [ -3.014587944141553, 42.915770220046682 ], [ -3.013437749741961, 42.920028237522402 ], [ -3.004400508030869, 42.927752083176046 ], [ -3.001442865289057, 42.927752083176046 ], [ -3.00045698437512, 42.927752083176046 ], [ -2.997499341633308, 42.927752083176046 ], [ -2.992734250549276, 42.934287644882971 ], [ -2.992076996606649, 42.935178857842999 ], [ -2.991748369635339, 42.935178857842999 ], [ -2.987804845979589, 42.935376905167459 ], [ -2.985175830209094, 42.936268118127487 ], [ -2.981396620039, 42.939832969967625 ], [ -2.996020520262398, 42.952309951408125 ], [ -3.006865210315709, 42.952507998732571 ], [ -3.011794614885396, 42.952706046057031 ], [ -3.020996170082142, 42.956567968883846 ], [ -3.021817737510425, 42.96052891537289 ], [ -3.021817737510425, 42.96052891537289 ], [ -3.022639304938707, 42.961024033684026 ], [ -3.025925574651829, 42.962608412279636 ], [ -3.042849863674419, 42.971124447231091 ], [ -3.037591832133423, 42.982413144724873 ], [ -3.043014177160074, 42.984096546982713 ], [ -3.059116898754382, 42.997266694058794 ], [ -3.062403168467512, 43.003406161116814 ], [ -3.076369814748283, 43.007763202254765 ], [ -3.089186266629468, 43.001524711534515 ], [ -3.125992487416461, 43.007664178592535 ], [ -3.137001490955427, 43.007466131268089 ], [ -3.145710105695208, 43.007268083943629 ], [ -3.16986418808667, 43.01608118988176 ], [ -3.171343009457573, 43.017962639464059 ], [ -3.177915548883824, 43.021923585953104 ], [ -3.168878307172733, 43.028558171322246 ], [ -3.154583033920638, 43.028558171322246 ], [ -3.143409716896016, 43.028657194984476 ], [ -3.146531673123484, 43.034796662042496 ], [ -3.146531673123484, 43.034994709366956 ], [ -3.146531673123484, 43.035192756691401 ], [ -3.141109328096832, 43.066781304941543 ], [ -3.150310883293578, 43.070940298755033 ], [ -3.157047736205485, 43.07410905594628 ], [ -3.147024613580456, 43.084110445831115 ], [ -3.144395597809954, 43.086784084711226 ], [ -3.134043848213615, 43.097181569244967 ], [ -3.141437955068142, 43.109559527023237 ], [ -3.15261127209277, 43.105400533209732 ], [ -3.153761466492362, 43.105004438560826 ], [ -3.171014382486263, 43.110450739983264 ], [ -3.181201818596946, 43.119461893245841 ], [ -3.170685755514953, 43.132334969335247 ], [ -3.162963021689109, 43.14174221724673 ], [ -3.164113216088701, 43.144118785140151 ], [ -3.165920664430921, 43.147584613318074 ], [ -3.162305767746481, 43.153228962064958 ], [ -3.149982256322268, 43.16035866574525 ], [ -3.141766582039459, 43.161150855043047 ], [ -3.142259522496424, 43.166696180127715 ], [ -3.148339121465703, 43.174023931132453 ], [ -3.150475196779233, 43.174420025781359 ], [ -3.154254406949327, 43.17689561733701 ], [ -3.156226168777202, 43.177192688323686 ], [ -3.158033617119422, 43.177984877621498 ], [ -3.160991259861234, 43.177885853959268 ], [ -3.162963021689109, 43.17689561733701 ], [ -3.164770470031328, 43.177687806634822 ], [ -3.168056739744451, 43.178479995932634 ], [ -3.171507322943228, 43.177192688323686 ], [ -3.17413633871373, 43.177291711985916 ], [ -3.175615160084632, 43.175410262403616 ], [ -3.179065743283417, 43.175212215079171 ], [ -3.183666520881786, 43.171944434225708 ], [ -3.186952790594916, 43.169567866332272 ], [ -3.199276302019129, 43.171350292252342 ], [ -3.199933555961756, 43.171944434225708 ], [ -3.208477857215875, 43.178479995932634 ], [ -3.2143931426995, 43.174221978456899 ], [ -3.216200591041719, 43.173924907470223 ], [ -3.223266070924936, 43.172736623523505 ], [ -3.23312488006431, 43.179074137905985 ], [ -3.235589582349149, 43.182143871434988 ], [ -3.240026046461871, 43.187590172857426 ], [ -3.253335438800022, 43.198779846688993 ], [ -3.255800141084862, 43.195710113159976 ], [ -3.256128768056179, 43.1954130421733 ], [ -3.258429156855364, 43.19531401851107 ], [ -3.278146775134111, 43.194323781888812 ], [ -3.278804029076731, 43.189867717088632 ], [ -3.296549885527604, 43.182539966083894 ], [ -3.302793797982538, 43.177984877621498 ], [ -3.310516531808382, 43.172340528874599 ], [ -3.332370225400659, 43.166102038154364 ], [ -3.333356106314596, 43.166102038154364 ], [ -3.341243153626095, 43.16639910914104 ], [ -3.344693736824873, 43.161645973354183 ], [ -3.350444708822842, 43.15421919868723 ], [ -3.368847819216334, 43.150951417833767 ], [ -3.387743870066799, 43.140950027948918 ], [ -3.41764892445623, 43.133325205957505 ], [ -3.422085388568945, 43.151050441495983 ], [ -3.423071269482882, 43.152931891078282 ], [ -3.432930078622256, 43.170261031967854 ], [ -3.435230467421441, 43.196601326120017 ], [ -3.435394780907103, 43.197987657391181 ], [ -3.433915959536193, 43.206899786991528 ], [ -3.44098143941941, 43.217099224200823 ], [ -3.444432022618194, 43.221951383649909 ], [ -3.450182994616156, 43.236111767348234 ], [ -3.438681050620225, 43.237696145943858 ], [ -3.415348535657046, 43.241062950459551 ], [ -3.411405012001296, 43.245618038921947 ], [ -3.409268936687759, 43.248192654139828 ], [ -3.403682278175452, 43.247796559490922 ], [ -3.397274052234856, 43.2473014411798 ], [ -3.394152096007389, 43.25334188457559 ], [ -3.388565437495082, 43.264234487420467 ], [ -3.382814465497113, 43.269779812505135 ], [ -3.369998013615927, 43.273839782656395 ], [ -3.36441135510362, 43.273146617020814 ], [ -3.359317637048278, 43.272453451385232 ], [ -3.338614137855593, 43.27809780013213 ], [ -3.340257272712158, 43.284435314514596 ], [ -3.341078840140433, 43.286910906070247 ], [ -3.343050601968308, 43.294238657074985 ], [ -3.332698852371969, 43.299783982159653 ], [ -3.327605134316627, 43.296813272292866 ], [ -3.321689848833003, 43.293545491439403 ], [ -3.313967115007159, 43.295426941021702 ], [ -3.297535766441541, 43.299486911172977 ], [ -3.291456167472262, 43.293149396790497 ], [ -3.289155778673077, 43.290673805234846 ], [ -3.281104417875923, 43.292060136506009 ], [ -3.264344442338988, 43.295030846372796 ], [ -3.229017042922905, 43.286811882408031 ], [ -3.227866848523313, 43.286514811421341 ], [ -3.226716654123713, 43.286514811421341 ], [ -3.218336666355249, 43.286910906070247 ], [ -3.214557456185155, 43.285821645785759 ], [ -3.213078634814252, 43.285128480150178 ], [ -3.209463738129813, 43.283445077892338 ], [ -3.207163349330628, 43.286910906070247 ], [ -3.206670408873656, 43.287307000719153 ], [ -3.193032389564195, 43.298100579901799 ], [ -3.179394370254727, 43.299387887510747 ], [ -3.158690871062049, 43.301368360755262 ], [ -3.15146107769317, 43.307210756826606 ], [ -3.15080382375055, 43.312062916275693 ], [ -3.149982256322268, 43.318796525307064 ], [ -3.153925779978017, 43.338106139441166 ], [ -3.151296764207515, 43.347216316365973 ], [ -3.15326852603539, 43.353256759761763 ], [ -3.143409716896016, 43.351375310179463 ], [ -3.134701102156242, 43.352662617788411 ], [ -3.127964249244336, 43.353751878072899 ], [ -3.124349352559896, 43.352464570463951 ], [ -3.117612499647997, 43.3499889789083 ], [ -3.11547642433446, 43.353850901735115 ], [ -3.111532900678718, 43.361475723726528 ], [ -3.105617615195094, 43.364545457255545 ], [ -3.094608611656128, 43.362961078659922 ], [ -3.085078429488064, 43.356920635264132 ], [ -3.069797275322038, 43.347018269041513 ], [ -3.048600835672389, 43.339393447050099 ], [ -3.047614954758451, 43.339492470712329 ], [ -3.036113010762513, 43.340086612685681 ], [ -3.034962816362921, 43.334046169289891 ], [ -3.030690665735861, 43.33157057773424 ], [ -3.025925574651829, 43.328896938854129 ], [ -3.02198205099608, 43.326718418285154 ], [ -3.017545586883365, 43.323054542782785 ], [ -3.011137360942769, 43.335828595209961 ], [ -3.013766376713271, 43.347216316365973 ], [ -3.020338916139522, 43.352464570463951 ], [ -3.02132479705346, 43.353256759761763 ], [ -3.021160483567797, 43.353949925397345 ], [ -3.020667543110832, 43.358604037521971 ], [ -3.025925574651829, 43.363258149646612 ], [ -3.026911455565767, 43.364149362606639 ], [ -3.03709889167645, 43.37296246854477 ], [ -3.030526352250206, 43.378408769967209 ], [ -3.025925574651829, 43.379498030251696 ], [ -3.022803618424362, 43.380191195887278 ], [ -3.006207956373082, 43.384152142376323 ], [ -2.985340143694749, 43.395539863532321 ], [ -2.974002513184466, 43.405046135106033 ], [ -2.973673886213156, 43.405541253417169 ], [ -2.969566049071751, 43.413166075408583 ], [ -2.960364493875005, 43.414750454004192 ], [ -2.957242537647538, 43.41405728836861 ], [ -2.949519803821694, 43.412175838786325 ], [ -2.945576280165945, 43.412670957097447 ], [ -2.950998625192597, 43.418711400493237 ], [ -2.951327252163914, 43.42049382641332 ], [ -2.952806073534816, 43.428514743053626 ], [ -2.944919026223317, 43.434852257436106 ], [ -2.922243765202765, 43.437426872653987 ], [ -2.908112805436332, 43.438318085614014 ], [ -2.900390071610488, 43.433762997151618 ], [ -2.878372064532556, 43.435644446733917 ], [ -2.865062672194405, 43.43267373686713 ], [ -2.854053668655439, 43.430297168973695 ], [ -2.84435917300172, 43.432079594893779 ], [ -2.837458006604159, 43.4325747132049 ], [ -2.82283410638076, 43.433564949827158 ], [ -2.814125491640979, 43.43247568954267 ], [ -2.805745503872515, 43.431287405595967 ], [ -2.799501591417574, 43.435842494058363 ], [ -2.786685139536395, 43.445447789294306 ], [ -2.784549064222858, 43.447032167889915 ], [ -2.783070242851956, 43.445447789294306 ], [ -2.763352624573209, 43.449309712121121 ], [ -2.762531057144926, 43.449507759445567 ], [ -2.761873803202306, 43.449903854094472 ], [ -2.751850680577277, 43.455944297490277 ], [ -2.747578529950218, 43.451983351001232 ], [ -2.74659264903628, 43.444457552672034 ], [ -2.746428335550618, 43.443368292387547 ], [ -2.735912272468624, 43.42831669572918 ], [ -2.729832673499345, 43.427029388120246 ], [ -2.722602880130474, 43.425544033186853 ], [ -2.719973864359972, 43.421682110360024 ], [ -2.717837789046442, 43.418711400493237 ], [ -2.713894265390692, 43.417721163870979 ], [ -2.711922503562818, 43.417325069222073 ], [ -2.702063694423444, 43.415740690626464 ], [ -2.698120170767695, 43.40989829455512 ], [ -2.695162528025882, 43.405343206092709 ], [ -2.688261361628321, 43.404749064119358 ], [ -2.680538627802484, 43.40970024723066 ], [ -2.67675941763239, 43.412076815124095 ], [ -2.668215116378263, 43.411086578501838 ], [ -2.660656696038082, 43.410195365541796 ], [ -2.654905724040113, 43.412571933435217 ], [ -2.654741410554458, 43.412670957097447 ], [ -2.646525736271649, 43.415542643302004 ], [ -2.638803002445805, 43.413166075408583 ], [ -2.637981435017522, 43.408610986946172 ], [ -2.636995554103585, 43.404055898483776 ], [ -2.631080268619961, 43.398807644385784 ], [ -2.619085384167057, 43.392371106341088 ], [ -2.611691277312531, 43.391975011692182 ], [ -2.607747753656781, 43.392767200989994 ], [ -2.602161095144474, 43.393856461274481 ], [ -2.595424242232568, 43.391578917043276 ], [ -2.58145759595179, 43.38682578125642 ], [ -2.568476830584949, 43.389103325487625 ], [ -2.561575664187387, 43.390291609434342 ], [ -2.55631763264639, 43.382666787442929 ], [ -2.550402347162766, 43.374051728829258 ], [ -2.535285506482396, 43.375339036438191 ], [ -2.513596126375774, 43.377121462358261 ], [ -2.508173781349122, 43.375735131087097 ], [ -2.501929868894187, 43.36672397782452 ], [ -2.499958107066313, 43.363852291619963 ], [ -2.498314972209748, 43.364248386268869 ], [ -2.495850269924908, 43.364842528242221 ], [ -2.487963222613409, 43.363258149646612 ], [ -2.483362445015032, 43.357019658926362 ], [ -2.470710306619502, 43.349691907921624 ], [ -2.466109529021132, 43.342265133254656 ], [ -2.463973453707602, 43.338700281414518 ], [ -2.449185239998542, 43.334640311263257 ], [ -2.442777014057953, 43.332857885343174 ], [ -2.438011922973921, 43.333947145627661 ], [ -2.423880963207488, 43.330184246463077 ], [ -2.420430380008703, 43.324044779405057 ], [ -2.412871959668522, 43.32107406953827 ] ], [ [ -2.832364288548817, 42.792584784237363 ], [ -2.835486244776284, 42.796248659739732 ], [ -2.838115260546786, 42.787138482814925 ], [ -2.840744276317281, 42.778523424201239 ], [ -2.84468779997303, 42.777236116592306 ], [ -2.847152502257877, 42.776344903632264 ], [ -2.852574847284529, 42.769512270938662 ], [ -2.852739160770184, 42.764957182476266 ], [ -2.852739160770184, 42.759114786404922 ], [ -2.854546609112404, 42.74772706524891 ], [ -2.861940715966938, 42.745845615666624 ], [ -2.868841882364499, 42.74010224325751 ], [ -2.854710922598059, 42.736141296768452 ], [ -2.849124264085752, 42.731685231968285 ], [ -2.852574847284529, 42.72950671139931 ], [ -2.853889355169784, 42.728615498439268 ], [ -2.852903474255847, 42.726635025194753 ], [ -2.842387411173846, 42.722872126030154 ], [ -2.838443887518096, 42.721485794758991 ], [ -2.829735272778322, 42.718614108554434 ], [ -2.826120376093883, 42.712276594171954 ], [ -2.824312927751663, 42.709008813318491 ], [ -2.815932939983199, 42.707424434722881 ], [ -2.812153729813105, 42.7067312690873 ], [ -2.807881579186045, 42.704453724856094 ], [ -2.796708262161424, 42.69851230512252 ], [ -2.79112160364911, 42.698215234135844 ], [ -2.786685139536395, 42.698017186811398 ], [ -2.784220437251548, 42.697819139486938 ], [ -2.7723898662843, 42.678707572677297 ], [ -2.771239671884707, 42.677024170419458 ], [ -2.772882806741272, 42.670389585050302 ], [ -2.767953402171585, 42.666032543912351 ], [ -2.760559295317059, 42.665636449263445 ], [ -2.757601652575246, 42.665933520250121 ], [ -2.75332950194818, 42.665339378276769 ], [ -2.748893037835465, 42.665933520250121 ], [ -2.746428335550618, 42.665042307290094 ], [ -2.740677363552656, 42.664151094330052 ], [ -2.737719720810844, 42.663061834045564 ], [ -2.71734484858947, 42.662665739396658 ], [ -2.71455151933332, 42.667913993494651 ], [ -2.71340132493372, 42.669894466739166 ], [ -2.701242126995162, 42.674449555201576 ], [ -2.67495196929017, 42.668904230116908 ], [ -2.666736295007361, 42.667121804196839 ], [ -2.663285711808584, 42.669102277441354 ], [ -2.658520620724552, 42.671874939983695 ], [ -2.654248470097492, 42.669399348428044 ], [ -2.651783767812645, 42.663061834045564 ], [ -2.650962200384363, 42.660883313476589 ], [ -2.638145748503177, 42.649693639645037 ], [ -2.618756757195747, 42.648604379360549 ], [ -2.612512844740813, 42.647218048089385 ], [ -2.602489722115784, 42.648604379360549 ], [ -2.584250925207947, 42.6510799709162 ], [ -2.572748981212008, 42.647614142738291 ], [ -2.565190560871827, 42.645237574844856 ], [ -2.559932529330823, 42.647119024427155 ], [ -2.554017243847206, 42.649297544996131 ], [ -2.548923525791857, 42.645534645831546 ], [ -2.549252152763174, 42.642365888640299 ], [ -2.549580779734484, 42.638602989475714 ], [ -2.538243149224208, 42.63870201313793 ], [ -2.517703963517178, 42.647515119076061 ], [ -2.518032590488495, 42.655040917405245 ], [ -2.522961995058182, 42.665636449263445 ], [ -2.523126308543837, 42.683856803113059 ], [ -2.537092954824615, 42.686926536642062 ], [ -2.542843926822577, 42.678608549015067 ], [ -2.549252152763174, 42.669300324765814 ], [ -2.576363877896448, 42.668508135468002 ], [ -2.579814461095225, 42.67563783914828 ], [ -2.5817862229231, 42.677519288730579 ], [ -2.593781107376003, 42.689402128197713 ], [ -2.59838188497438, 42.691679672428918 ], [ -2.608240694113753, 42.696729879202451 ], [ -2.607419126685471, 42.706434198100609 ], [ -2.600353646802255, 42.713959996429807 ], [ -2.597396004060442, 42.713464878118671 ], [ -2.589344643263289, 42.711880499523048 ], [ -2.573570548640291, 42.724456504625778 ], [ -2.563547426015262, 42.739310053959699 ], [ -2.563547426015262, 42.747033899613328 ], [ -2.55878233493123, 42.756738218511501 ], [ -2.559110961902547, 42.761986472609479 ], [ -2.563547426015262, 42.762580614582831 ], [ -2.571270159841106, 42.757629431471528 ], [ -2.575870937439475, 42.754757745266971 ], [ -2.589673270234599, 42.750994846102373 ], [ -2.592137972519446, 42.757134313160407 ], [ -2.592630912976411, 42.75842162076934 ], [ -2.597396004060442, 42.762184519933939 ], [ -2.601668154687502, 42.765749371774078 ], [ -2.601832468173157, 42.766640584734105 ], [ -2.602325408630129, 42.77060153122315 ], [ -2.625986550564619, 42.767630821356377 ], [ -2.643403780044181, 42.765452300787402 ], [ -2.648661811585178, 42.768522034316405 ], [ -2.655398664497085, 42.772482980805449 ], [ -2.664107279236859, 42.772978099116585 ], [ -2.669200997292201, 42.773374193765491 ], [ -2.673308834433612, 42.775651737996682 ], [ -2.679881373859857, 42.779315613499051 ], [ -2.685632345857826, 42.779216589836835 ], [ -2.69154763134145, 42.779117566174605 ], [ -2.699927619109914, 42.783375583650326 ], [ -2.700913500023852, 42.783870701961462 ], [ -2.701735067452134, 42.783870701961462 ], [ -2.710772309163225, 42.784068749285908 ], [ -2.725067582415313, 42.790703334655063 ], [ -2.73180443532722, 42.793773068184066 ], [ -2.740348736581339, 42.793079902548484 ], [ -2.746428335550618, 42.792584784237363 ], [ -2.779126719196206, 42.792683807899579 ], [ -2.786685139536395, 42.792386736912903 ], [ -2.810839221927857, 42.791297476628415 ], [ -2.826120376093883, 42.785455080557071 ], [ -2.832364288548817, 42.792584784237363 ] ], [ [ -3.279625596505014, 43.19967105964902 ], [ -3.274203251478362, 43.202245674866901 ], [ -3.266644831138173, 43.20581052670704 ], [ -3.26910953342302, 43.212841206725102 ], [ -3.270588354793922, 43.217495318849728 ], [ -3.268780906451703, 43.220763099703191 ], [ -3.267466398566455, 43.223139667596612 ], [ -3.268616592966048, 43.227001590423441 ], [ -3.26976678736564, 43.230764489588026 ], [ -3.264344442338988, 43.235319578050436 ], [ -3.253499752285677, 43.244429754975243 ], [ -3.249227601658617, 43.259679398958056 ], [ -3.2673020850808, 43.266809102638348 ], [ -3.277982461648456, 43.262749132487073 ], [ -3.279296969533704, 43.262154990513721 ], [ -3.283733433646418, 43.261560848540356 ], [ -3.304601246324758, 43.258590138673569 ], [ -3.304436932839103, 43.252054576966643 ], [ -3.301314976611636, 43.24878679611318 ], [ -3.293263615814482, 43.240567832148415 ], [ -3.297042825984576, 43.224724046192236 ], [ -3.293099302328827, 43.217099224200823 ], [ -3.295235377642356, 43.210761709818343 ], [ -3.296549885527604, 43.206899786991528 ], [ -3.284883628046011, 43.197195468093369 ], [ -3.279625596505014, 43.19967105964902 ] ] ], [ [ [ -2.680374314316829, 43.422771370644512 ], [ -2.683003330087324, 43.422474299657836 ], [ -2.687111167228728, 43.426039151497974 ], [ -2.681031568259449, 43.427623530093598 ], [ -2.680374314316829, 43.422771370644512 ] ] ], [ [ [ -3.032169487106763, 43.345532914108119 ], [ -3.035291443334238, 43.341770014943535 ], [ -3.04038516138958, 43.343156346214698 ], [ -3.035784383791203, 43.346523150730391 ], [ -3.032169487106763, 43.345532914108119 ] ] ] ] } },
{ "type": "Feature", "properties": { "index": 1485, "nuts_2_code": "ES70", "nuts_2_name": "Canarias" }, "geometry": { "type": "MultiPolygon", "coordinates": [ [ [ [ -13.463775437476755, 29.127220373367763 ], [ -13.462625243077163, 29.115040462913946 ], [ -13.453423687880417, 29.103454694433488 ], [ -13.449315850739012, 29.098404487659955 ], [ -13.44849428331073, 29.089591381721824 ], [ -13.451944866509514, 29.081273394094829 ], [ -13.458846032907076, 29.067905199694302 ], [ -13.46541857233332, 29.055527241916032 ], [ -13.46508994536201, 29.052754579373705 ], [ -13.464268377933728, 29.046119994004549 ], [ -13.465582885818975, 29.043743426111128 ], [ -13.46722602067554, 29.040772716244341 ], [ -13.468869155532104, 29.034138130875192 ], [ -13.466404453247257, 29.028790853114977 ], [ -13.464432691419383, 29.024334788314803 ], [ -13.466568766732912, 29.017799226607877 ], [ -13.474455814044411, 29.014432422092185 ], [ -13.475441694958349, 29.013937303781056 ], [ -13.475770321929659, 29.012848043496568 ], [ -13.477577770271878, 29.005223221505155 ], [ -13.487107952439942, 28.998489612473776 ], [ -13.487765206382562, 28.993142334713568 ], [ -13.495816567179716, 28.992251121753533 ], [ -13.495816567179716, 28.992251121753533 ], [ -13.515862812429773, 28.981160471584204 ], [ -13.51832751471462, 28.977199525095159 ], [ -13.518984768657248, 28.976110264810671 ], [ -13.521449470942088, 28.975021004526184 ], [ -13.538538073450333, 28.968188371832582 ], [ -13.541002775735173, 28.962048904774562 ], [ -13.542152970134772, 28.959177218569998 ], [ -13.557762751272108, 28.956404556027671 ], [ -13.584217222462762, 28.951750443903038 ], [ -13.597526614800913, 28.948383639387352 ], [ -13.604920721655439, 28.942343195991555 ], [ -13.605249348626757, 28.942046125004879 ], [ -13.614779530794813, 28.93234180610672 ], [ -13.631539506331748, 28.926994528346505 ], [ -13.632854014216996, 28.926697457359829 ], [ -13.635647343473153, 28.924716984115307 ], [ -13.642877136842024, 28.91986482466622 ], [ -13.659144171921987, 28.920458966639579 ], [ -13.676725714887205, 28.921152132275161 ], [ -13.701044110764322, 28.917686304097245 ], [ -13.719940161614787, 28.911645860701455 ], [ -13.739657779893534, 28.903624944061136 ], [ -13.746887573262406, 28.883919235278135 ], [ -13.750009529489873, 28.875700271313363 ], [ -13.753624426174312, 28.872828585108806 ], [ -13.757732263315717, 28.869560804255343 ], [ -13.771041655653868, 28.856885775490397 ], [ -13.77219185005346, 28.854905302245875 ], [ -13.775971060223554, 28.847676574903367 ], [ -13.787144377248175, 28.839853705587501 ], [ -13.789773393018677, 28.84658731461888 ], [ -13.791745154846552, 28.851241426743506 ], [ -13.801111023528954, 28.858569177748244 ], [ -13.808998070840452, 28.856489680841491 ], [ -13.811134146153982, 28.855994562530363 ], [ -13.812612967524885, 28.856588704503721 ], [ -13.827072554262635, 28.862629147899511 ], [ -13.839067438715539, 28.857281870139303 ], [ -13.839724692658159, 28.856885775490397 ], [ -13.840710573572096, 28.857281870139303 ], [ -13.853034084996317, 28.861836958601707 ], [ -13.86568622339184, 28.857876012112662 ], [ -13.872258762818092, 28.85579651520591 ], [ -13.876859540416461, 28.861143792966125 ], [ -13.875216405559904, 28.869560804255343 ], [ -13.875380719045559, 28.870055922566472 ], [ -13.880638750586556, 28.887484087118274 ], [ -13.873080330246374, 28.893920625162977 ], [ -13.858949370479941, 28.89708938235421 ], [ -13.84843330739794, 28.913923404932653 ], [ -13.830358823975757, 28.928578906942121 ], [ -13.832001958832322, 28.948185592062899 ], [ -13.833809407174535, 28.968188371832582 ], [ -13.830687450947067, 28.97541709917509 ], [ -13.830030197004447, 28.977001477770706 ], [ -13.830523137461412, 28.979279022001904 ], [ -13.833152153231914, 28.991656979780174 ], [ -13.82904431609051, 29.007995884047489 ], [ -13.828880002604855, 29.008094907709712 ], [ -13.828551375633538, 29.009778309967558 ], [ -13.815241983295387, 29.032652775941798 ], [ -13.812777281010547, 29.034237154537415 ], [ -13.807519249469543, 29.037504935390878 ], [ -13.803740039299456, 29.040772716244341 ], [ -13.781722032221523, 29.059785259391759 ], [ -13.778764389479711, 29.062458898271863 ], [ -13.775806746737899, 29.063251087569675 ], [ -13.762990294856714, 29.067113010396497 ], [ -13.757239322858744, 29.074143690414552 ], [ -13.753953053145622, 29.078302684228049 ], [ -13.722897804356599, 29.084541174948292 ], [ -13.714846443559445, 29.082659725366 ], [ -13.707123709733601, 29.0807782757837 ], [ -13.703180186077851, 29.086620671855044 ], [ -13.701372737735632, 29.089195287072926 ], [ -13.698579408479482, 29.08998747637073 ], [ -13.686420210540923, 29.09315623356197 ], [ -13.680011984600327, 29.102761528797906 ], [ -13.65815829100805, 29.112960966007194 ], [ -13.661280247235517, 29.117020936158468 ], [ -13.662101814663799, 29.118011172780733 ], [ -13.659801425864615, 29.122071142932 ], [ -13.652078692038771, 29.122665284905359 ], [ -13.643205763813334, 29.123655521527617 ], [ -13.641398315471122, 29.12088285898529 ], [ -13.639262240157585, 29.117417030807374 ], [ -13.633346954673968, 29.116624841509562 ], [ -13.626938728733371, 29.121873095607548 ], [ -13.620366189307127, 29.127517444354439 ], [ -13.604099154227157, 29.135241290008075 ], [ -13.597197987829603, 29.135736408319211 ], [ -13.584381535948417, 29.13316179310133 ], [ -13.568443127839764, 29.121675048283095 ], [ -13.563185096298767, 29.11781312545628 ], [ -13.556941183843826, 29.116426794185109 ], [ -13.541167089220835, 29.123160403216488 ], [ -13.530486712653179, 29.135736408319211 ], [ -13.52407848671259, 29.146331940177404 ], [ -13.523585546255617, 29.150292886666449 ], [ -13.521449470942088, 29.16821616952938 ], [ -13.512576542716651, 29.181683387592138 ], [ -13.50534674934778, 29.201191049050685 ], [ -13.50140322569203, 29.205449066526413 ], [ -13.497624015521936, 29.209310989353234 ], [ -13.496473821122343, 29.214163148802314 ], [ -13.495652253694061, 29.217728000642452 ], [ -13.471333857816944, 29.235948354492066 ], [ -13.4636111239911, 29.226937201229482 ], [ -13.452766433937789, 29.224857704322737 ], [ -13.427133530175425, 29.208716847379876 ], [ -13.42483314137624, 29.204953948215284 ], [ -13.424175887433613, 29.203963711593019 ], [ -13.419739423320898, 29.196635960588289 ], [ -13.420725304234836, 29.183564837174437 ], [ -13.42877666503199, 29.156729424711152 ], [ -13.436006458400861, 29.152372383573201 ], [ -13.446193894511545, 29.146232916515181 ], [ -13.463775437476755, 29.127220373367763 ] ] ], [ [ [ -13.490394222153064, 29.243969271132379 ], [ -13.50567537631909, 29.225550869958319 ], [ -13.513891050601899, 29.225748917282772 ], [ -13.522106724884715, 29.219510426562522 ], [ -13.529336518253587, 29.220203592198104 ], [ -13.534758863280238, 29.217232882331324 ], [ -13.544617672419612, 29.221094805158145 ], [ -13.548396882589707, 29.225946964607225 ], [ -13.544617672419612, 29.232482526314151 ], [ -13.527364756425712, 29.242681963523438 ], [ -13.526378875511774, 29.250405809177082 ], [ -13.521778097913398, 29.257337465532906 ], [ -13.522106724884715, 29.268824210351141 ], [ -13.511426348317059, 29.290312345054211 ], [ -13.505511062833435, 29.289619179418629 ], [ -13.494502059294469, 29.280112907844924 ], [ -13.481849920898938, 29.278726576573753 ], [ -13.474291500558756, 29.271497849231245 ], [ -13.473469933130474, 29.264071074564285 ], [ -13.485300504097722, 29.257832583844042 ], [ -13.490394222153064, 29.243969271132379 ] ] ], [ [ [ -13.515369871972808, 29.384483847831277 ], [ -13.522435351856025, 29.383394587546789 ], [ -13.529336518253587, 29.386266273751346 ], [ -13.529665145224897, 29.387355534035834 ], [ -13.530979653110144, 29.390920385875972 ], [ -13.530979653110144, 29.396267663636188 ], [ -13.530979653110144, 29.398842278854062 ], [ -13.523092605798652, 29.41052707099675 ], [ -13.519806336085523, 29.411616331281238 ], [ -13.510111840431811, 29.41478508847247 ], [ -13.506825570718682, 29.415874348756958 ], [ -13.496802448093653, 29.412012425930143 ], [ -13.493023237923566, 29.407655384792193 ], [ -13.489736968210437, 29.403991509289824 ], [ -13.492530297466594, 29.399040326178515 ], [ -13.494830686265779, 29.394881332365017 ], [ -13.497624015521936, 29.393395977431624 ], [ -13.502060479634657, 29.390920385875972 ], [ -13.506661257233027, 29.38587017910244 ], [ -13.515369871972808, 29.384483847831277 ] ] ], [ [ [ -13.532622787966709, 29.291203558014246 ], [ -13.541002775735173, 29.288926013783048 ], [ -13.53952395436427, 29.303977610441422 ], [ -13.530651026138834, 29.305561989037038 ], [ -13.532622787966709, 29.291203558014246 ] ] ], [ [ [ -13.818199626037199, 28.73746323884567 ], [ -13.818692566494164, 28.736869096872319 ], [ -13.821157268779011, 28.737760309832353 ], [ -13.82904431609051, 28.74053297237468 ], [ -13.832494899289287, 28.746474392108254 ], [ -13.835616855516754, 28.75162362254401 ], [ -13.818363939522854, 28.762615249051109 ], [ -13.816720804666289, 28.763605485673374 ], [ -13.812941594496202, 28.763407438348921 ], [ -13.812284340553575, 28.75905039721097 ], [ -13.811627086610947, 28.755386521708601 ], [ -13.811462773125292, 28.754495308748567 ], [ -13.813763161924477, 28.742909540268109 ], [ -13.818199626037199, 28.73746323884567 ] ] ], [ [ [ -13.8883614844124, 28.755782616357507 ], [ -13.873408957217684, 28.745583179148213 ], [ -13.866507790820123, 28.744196847877049 ], [ -13.86502896944922, 28.738156404481252 ], [ -13.863714461563966, 28.732710103058821 ], [ -13.84810468042663, 28.726867706987477 ], [ -13.843339589342598, 28.725085281067408 ], [ -13.832494899289287, 28.696071348035147 ], [ -13.832494899289287, 28.693793803803942 ], [ -13.832823526260604, 28.669533006558538 ], [ -13.824114911520823, 28.596453543835651 ], [ -13.823786284549506, 28.593680881293317 ], [ -13.825429419406071, 28.588432627195331 ], [ -13.82937294306182, 28.576252716741514 ], [ -13.828880002604855, 28.569023989399007 ], [ -13.828715689119193, 28.564567924598833 ], [ -13.826086673348698, 28.553675321753957 ], [ -13.833316466717569, 28.545258310464732 ], [ -13.837588617344629, 28.540307127353429 ], [ -13.835945482488071, 28.530404761130811 ], [ -13.835288228545444, 28.526245767317313 ], [ -13.837424303858974, 28.522185797166046 ], [ -13.842846648885633, 28.512382454605657 ], [ -13.842846648885633, 28.511788312632298 ], [ -13.843668216313908, 28.504460561627567 ], [ -13.851226636654097, 28.500895709787422 ], [ -13.859770937908216, 28.496934763298377 ], [ -13.86716504476275, 28.480991953679968 ], [ -13.862235640193063, 28.470495445483998 ], [ -13.857141922137721, 28.459503818976899 ], [ -13.857306235623376, 28.445343435278559 ], [ -13.857306235623376, 28.445244411616329 ], [ -13.862071326707408, 28.438906897233856 ], [ -13.862071326707408, 28.433262548486972 ], [ -13.853034084996317, 28.423162134939901 ], [ -13.850733696197125, 28.420488496059797 ], [ -13.849090561340567, 28.410784177161638 ], [ -13.850076442254505, 28.407120301659269 ], [ -13.85024075574016, 28.406427136023687 ], [ -13.853527025453282, 28.393752107258742 ], [ -13.856484668195094, 28.393256988947606 ], [ -13.859277997451251, 28.39295991796093 ], [ -13.876202286473841, 28.35295435842157 ], [ -13.876530913445151, 28.352162169123758 ], [ -13.879488556186963, 28.339091045709907 ], [ -13.886718349555835, 28.326118945958285 ], [ -13.889675992297647, 28.32522773299825 ], [ -13.894441083381679, 28.323742378064857 ], [ -13.894276769896024, 28.315622437762315 ], [ -13.894276769896024, 28.31463220114005 ], [ -13.896412845209554, 28.311364420286587 ], [ -13.902492444178833, 28.302056196037334 ], [ -13.899863428408331, 28.295124539681503 ], [ -13.898055980066118, 28.289975309245747 ], [ -13.898548920523083, 28.283142676552139 ], [ -13.902328130693178, 28.275715901885178 ], [ -13.905121459949335, 28.27472566526292 ], [ -13.90988655103336, 28.273141286667297 ], [ -13.913008507260827, 28.26413013340472 ], [ -13.915144582574364, 28.257891642684477 ], [ -13.9228673164002, 28.24749415815073 ], [ -13.935848081767041, 28.234621082061331 ], [ -13.9480072797056, 28.228580638665534 ], [ -13.957701775359318, 28.228580638665534 ], [ -13.985306440949564, 28.228382591341088 ], [ -13.997958579345088, 28.218381201456246 ], [ -14.010117777283646, 28.208874929882533 ], [ -14.013732673968086, 28.209568095518115 ], [ -14.02030521339433, 28.210855403127056 ], [ -14.039694204701767, 28.203725699446778 ], [ -14.04265184744358, 28.202636439162291 ], [ -14.044952236242764, 28.202438391837838 ], [ -14.073871409718258, 28.200754989579991 ], [ -14.111170570962216, 28.18907019743731 ], [ -14.119057618273715, 28.191347741668508 ], [ -14.127437606042179, 28.188773126450627 ], [ -14.142883073693866, 28.182633659392607 ], [ -14.151920315404958, 28.182336588405931 ], [ -14.158328541345547, 28.176890286983493 ], [ -14.164736767286144, 28.175305908387877 ], [ -14.167530096542293, 28.174513719090065 ], [ -14.168023036999266, 28.174513719090065 ], [ -14.198421031845662, 28.1735234824678 ], [ -14.208937094927663, 28.16619573146307 ], [ -14.221589233323186, 28.163522092582966 ], [ -14.236377447032247, 28.144905644084446 ], [ -14.274005235247515, 28.097869404527032 ], [ -14.302267154780388, 28.072816417983816 ], [ -14.321984773059128, 28.0496448810229 ], [ -14.332007895684157, 28.044396626924915 ], [ -14.367992549042867, 28.053605827511944 ], [ -14.379001552581833, 28.052219496240781 ], [ -14.409563860913892, 28.058656034285477 ], [ -14.443412438959065, 28.070142779103712 ], [ -14.452449680670156, 28.073212512632722 ], [ -14.47676807654728, 28.07747053010845 ], [ -14.491063349799369, 28.07440079657944 ], [ -14.50010059151046, 28.07251934699714 ], [ -14.509302146707206, 28.066974021912479 ], [ -14.504208428651864, 28.075093962215021 ], [ -14.501579412881362, 28.079550027015195 ], [ -14.493035111627243, 28.08479828111318 ], [ -14.493528052084208, 28.095591860295833 ], [ -14.495664127397745, 28.098067451851485 ], [ -14.49829314316824, 28.101236209042717 ], [ -14.491391976770679, 28.109653220331943 ], [ -14.486298258715337, 28.105494226518445 ], [ -14.481204540659995, 28.101137185380495 ], [ -14.474960628205061, 28.104008871585052 ], [ -14.462637116780847, 28.101929374678306 ], [ -14.459022220096408, 28.103414729611693 ], [ -14.456228890840251, 28.10460301355841 ], [ -14.453435561584094, 28.103018634962794 ], [ -14.450477918842282, 28.101236209042717 ], [ -14.44259087153079, 28.101236209042717 ], [ -14.372757640126899, 28.117079994998903 ], [ -14.312454590891072, 28.145994904368933 ], [ -14.306210678436138, 28.151639253115825 ], [ -14.299145198552921, 28.157976767498297 ], [ -14.29010795684183, 28.164116234556317 ], [ -14.247386450571213, 28.193625285899707 ], [ -14.241306851601934, 28.201547178877803 ], [ -14.224875503036309, 28.213430018344937 ], [ -14.21485238041128, 28.228481615003311 ], [ -14.213702186011687, 28.24254297503942 ], [ -14.213209245554722, 28.247098063501824 ], [ -14.21058022978422, 28.254821909155467 ], [ -14.209101408413318, 28.259079926631188 ], [ -14.209758662355938, 28.26413013340472 ], [ -14.21271630509775, 28.288588977974577 ], [ -14.207786900528063, 28.302155219699557 ], [ -14.208937094927663, 28.312255633246629 ], [ -14.202857495958384, 28.328792584838389 ], [ -14.196777896989097, 28.332951578651887 ], [ -14.178867727052577, 28.345626607416833 ], [ -14.175088516882482, 28.352162169123758 ], [ -14.171144993226733, 28.361668440697471 ], [ -14.162436378486952, 28.371075688608954 ], [ -14.162436378486952, 28.378601486938138 ], [ -14.162272065001297, 28.389593113445244 ], [ -14.157835600888582, 28.393851130920964 ], [ -14.156521093003327, 28.395237462192128 ], [ -14.15553521208939, 28.401773023899054 ], [ -14.155042271632425, 28.405436899401423 ], [ -14.157835600888582, 28.410982224486091 ], [ -14.150112867062738, 28.422270921979866 ], [ -14.150441494034048, 28.429994767633509 ], [ -14.145676402950023, 28.43860982624718 ], [ -14.126944665585214, 28.454255564878913 ], [ -14.100983134851532, 28.475743699581983 ], [ -14.089809817826911, 28.494855266391632 ], [ -14.085701980685506, 28.503767395991979 ], [ -14.069434945605536, 28.539911032704524 ], [ -14.064669854521512, 28.543971002855791 ], [ -14.065327108464132, 28.552189966820563 ], [ -14.059411822980508, 28.556051889647385 ], [ -14.056454180238703, 28.564765971923286 ], [ -14.045445176699737, 28.57664881139042 ], [ -14.044459295785799, 28.577540024350455 ], [ -14.034271859675108, 28.595562330875616 ], [ -14.035914994531673, 28.607247123018297 ], [ -14.037393815902583, 28.617644607552045 ], [ -14.030164022533704, 28.632399133223736 ], [ -14.009789150312336, 28.673989071358719 ], [ -14.011760912140211, 28.67963342010561 ], [ -14.017676197623835, 28.696467442684053 ], [ -14.015375808824651, 28.71468779653366 ], [ -14.011760912140211, 28.713697559911395 ], [ -14.006995821056179, 28.712311228640232 ], [ -13.999766027687308, 28.720431168942774 ], [ -13.997629952373778, 28.722708713173979 ], [ -13.993686428718028, 28.723797973458467 ], [ -13.987606829748749, 28.725481375716306 ], [ -13.978898215008968, 28.732016937423232 ], [ -13.978733901523313, 28.732214984747685 ], [ -13.976926453181093, 28.732512055734368 ], [ -13.957537461873663, 28.735977883912277 ], [ -13.952772370789631, 28.738651522792388 ], [ -13.94373512907854, 28.743899776890373 ], [ -13.938970037994508, 28.742216374632527 ], [ -13.937819843594916, 28.741820279983621 ], [ -13.936505335709668, 28.742810516605886 ], [ -13.926975153541605, 28.750336314935069 ], [ -13.914651642117391, 28.748355841690547 ], [ -13.909064983605084, 28.747464628730512 ], [ -13.893455202467742, 28.753802143112985 ], [ -13.8883614844124, 28.755782616357507 ] ] ], [ [ [ -15.428800412439344, 28.129061858128267 ], [ -15.420091797699563, 28.117872184296715 ], [ -15.414998079644221, 28.111138575265336 ], [ -15.411711809931099, 28.100444019744913 ], [ -15.415326706615538, 28.080342216313007 ], [ -15.418777289814315, 28.061725767814494 ], [ -15.417462781929068, 28.059349199921066 ], [ -15.414012198730283, 28.05271461455191 ], [ -15.414012198730283, 28.052417543565234 ], [ -15.414669452672911, 28.04667417115612 ], [ -15.402838881705662, 28.037861065217989 ], [ -15.395444774851136, 28.032315740133328 ], [ -15.387886354510947, 28.026869438710889 ], [ -15.369647557603109, 27.994092606514037 ], [ -15.378027545371573, 27.979239057180116 ], [ -15.381806755541668, 27.972505448148738 ], [ -15.380985188113385, 27.965474768130683 ], [ -15.380656561142075, 27.963197223899478 ], [ -15.379177739771173, 27.94992805316118 ], [ -15.370962065488357, 27.94250127849422 ], [ -15.35995306194939, 27.932400864947148 ], [ -15.36323933166252, 27.930618439027079 ], [ -15.372933827316231, 27.934084267204994 ], [ -15.373591081258859, 27.934282314529447 ], [ -15.382464009484295, 27.929430155080368 ], [ -15.383614203883887, 27.921409238440049 ], [ -15.386407533140044, 27.902297671630407 ], [ -15.391008310738414, 27.893484565692276 ], [ -15.393144386051951, 27.888929477229873 ], [ -15.390022429824477, 27.88090856058956 ], [ -15.388872235424884, 27.880116371291749 ], [ -15.381971069027323, 27.875066164518216 ], [ -15.386078906168734, 27.868629626473513 ], [ -15.386078906168734, 27.857737023628644 ], [ -15.396923596222038, 27.855360455735216 ], [ -15.397580850164665, 27.855162408410763 ], [ -15.398402417592948, 27.854370219112951 ], [ -15.404482016562227, 27.848329775717161 ], [ -15.408261226732321, 27.847636610081572 ], [ -15.409575734617569, 27.847438562757119 ], [ -15.414505139187256, 27.844962971201468 ], [ -15.421406305584817, 27.831792824125394 ], [ -15.421406305584817, 27.830010398205324 ], [ -15.421241992099162, 27.815156848871403 ], [ -15.428143158496717, 27.805155458986562 ], [ -15.441452550834875, 27.800006228550799 ], [ -15.454761943173025, 27.797926731644054 ], [ -15.489760715617798, 27.792381406559386 ], [ -15.502905794470294, 27.784261466256844 ], [ -15.507835199039981, 27.781191732727834 ], [ -15.516708127265417, 27.780300519767799 ], [ -15.521637531835104, 27.779904425118893 ], [ -15.524102234119944, 27.778121999198824 ], [ -15.534289670230628, 27.770794248194093 ], [ -15.555321796394622, 27.762872355215997 ], [ -15.562387276277839, 27.760297739998116 ], [ -15.566495113419244, 27.754653391251232 ], [ -15.566988053876216, 27.75197975237112 ], [ -15.569452756161056, 27.739106676281722 ], [ -15.578654311357809, 27.734650611481548 ], [ -15.600015064493114, 27.73534377711713 ], [ -15.60921661968986, 27.741384220512927 ], [ -15.619568369286199, 27.748216853206529 ], [ -15.6300844323682, 27.745543214326425 ], [ -15.657031844015819, 27.756336793509071 ], [ -15.667547907097813, 27.755247533224583 ], [ -15.670176922868315, 27.752672918006709 ], [ -15.673134565610127, 27.749801231802145 ], [ -15.679707105036371, 27.755643627873489 ], [ -15.682829061263838, 27.76009969267367 ], [ -15.690387481604027, 27.770794248194093 ], [ -15.698274528915526, 27.771388390167445 ], [ -15.699589036800774, 27.771487413829675 ], [ -15.703203933485213, 27.774953242007591 ], [ -15.713391369595897, 27.784954631892425 ], [ -15.717334893251646, 27.785449750203561 ], [ -15.720785476450423, 27.78584584485246 ], [ -15.724564686620518, 27.790598980639317 ], [ -15.729165464218894, 27.796738447697336 ], [ -15.735573690159484, 27.798817944604089 ], [ -15.739681527300888, 27.800105252213029 ], [ -15.746418380212795, 27.806739837582178 ], [ -15.753976800552977, 27.814265635911369 ], [ -15.759399145579636, 27.816345132818114 ], [ -15.771886970489504, 27.82099924494274 ], [ -15.787989692083812, 27.835654746952216 ], [ -15.795055171967029, 27.850508296286137 ], [ -15.799163009108433, 27.858925307575355 ], [ -15.817401806016278, 27.892197258083335 ], [ -15.82463159938515, 27.901604505994818 ], [ -15.833340214124931, 27.912794179826378 ], [ -15.831368452297056, 27.925766279577999 ], [ -15.828246496069582, 27.945769059347683 ], [ -15.833340214124931, 27.967950359686334 ], [ -15.834161781553206, 27.971317164202027 ], [ -15.831368452297056, 27.976664441962235 ], [ -15.821181016186365, 27.996667221731919 ], [ -15.818059059958898, 28.004985209358914 ], [ -15.819044940872836, 28.007757871901241 ], [ -15.821345329672027, 28.013699291634815 ], [ -15.810829266590027, 28.015382693892654 ], [ -15.797026933794903, 28.01766023812386 ], [ -15.78223872008585, 28.024195799830785 ], [ -15.772544224432131, 28.032216716471098 ], [ -15.771722657003849, 28.033900118728944 ], [ -15.76564305803457, 28.045485887209402 ], [ -15.752333665696419, 28.049149762711771 ], [ -15.745925439755823, 28.050833164969617 ], [ -15.738202705929986, 28.055289229769791 ], [ -15.733930555302919, 28.06321112274788 ], [ -15.721771357364361, 28.070142779103712 ], [ -15.713391369595897, 28.080342216313007 ], [ -15.707640397597928, 28.092819197753499 ], [ -15.71059804033974, 28.100642067069366 ], [ -15.711912548224987, 28.104305942571727 ], [ -15.70879059199752, 28.107177628776292 ], [ -15.70665451668399, 28.109059078358584 ], [ -15.70484706834177, 28.117674136972262 ], [ -15.705504322284398, 28.118466326270067 ], [ -15.7081333380549, 28.121437036136854 ], [ -15.702382366056931, 28.129953071088302 ], [ -15.699917663772084, 28.133517922928441 ], [ -15.701889425599958, 28.140053484635366 ], [ -15.702875306513896, 28.143123218164376 ], [ -15.702218052571276, 28.144113454786641 ], [ -15.697124334515934, 28.151045111142466 ], [ -15.703039619999558, 28.155699223267099 ], [ -15.70665451668399, 28.158669933133879 ], [ -15.70846196502621, 28.165007447516352 ], [ -15.697288648001589, 28.164017210894094 ], [ -15.683979255663438, 28.170057654289892 ], [ -15.679871418522033, 28.162531855960701 ], [ -15.672641625153155, 28.160353335391726 ], [ -15.667219280126503, 28.158768956796109 ], [ -15.663768696927718, 28.160551382716179 ], [ -15.654895768702289, 28.164809400191899 ], [ -15.648323229276038, 28.164611352867453 ], [ -15.648323229276038, 28.164611352867453 ], [ -15.648323229276038, 28.164611352867453 ], [ -15.636656971794444, 28.170750819925473 ], [ -15.6300844323682, 28.16748303907201 ], [ -15.624497773855886, 28.161046501027307 ], [ -15.612995829859955, 28.147876353951233 ], [ -15.600343691464424, 28.144905644084446 ], [ -15.593606838552518, 28.146192951693386 ], [ -15.588677433982838, 28.147084164653421 ], [ -15.587362926097583, 28.146688070004522 ], [ -15.577339803472555, 28.143915407462188 ], [ -15.559593947021689, 28.146688070004522 ], [ -15.544312792855656, 28.147183188315651 ], [ -15.534946924173255, 28.151342182129149 ], [ -15.527552817318728, 28.154609962982612 ], [ -15.518844202578947, 28.148767566911268 ], [ -15.517365381208037, 28.14777733028901 ], [ -15.514900678923198, 28.147183188315651 ], [ -15.492554044873955, 28.142232005204342 ], [ -15.484831311048112, 28.13539937251074 ], [ -15.484666997562456, 28.135201325186287 ], [ -15.484338370591146, 28.135201325186287 ], [ -15.478587398593177, 28.135795467159646 ], [ -15.472343486138243, 28.130547213061661 ], [ -15.467414081568556, 28.12619017192371 ], [ -15.445396074490624, 28.131735497008371 ], [ -15.432086682152466, 28.145994904368933 ], [ -15.433401190037721, 28.156392388902681 ], [ -15.434715697922968, 28.157580672849392 ], [ -15.440795296892247, 28.16302697427183 ], [ -15.439152162035683, 28.168572299356498 ], [ -15.421406305584817, 28.180158067836956 ], [ -15.405467897476164, 28.174711766414518 ], [ -15.405303583990509, 28.163225021596283 ], [ -15.411383182959788, 28.15084706381802 ], [ -15.417134154957751, 28.147084164653421 ], [ -15.418448662843005, 28.146886117328968 ], [ -15.427157277582779, 28.145697833382258 ], [ -15.427978845011062, 28.137280822093032 ], [ -15.427978845011062, 28.136983751106357 ], [ -15.428800412439344, 28.129061858128267 ] ] ], [ [ [ -16.127625666935195, 28.571202509967982 ], [ -16.120724500537634, 28.556447984296291 ], [ -16.126639786021258, 28.547337807371484 ], [ -16.127297039963885, 28.546149523424766 ], [ -16.128940174820443, 28.537831535797771 ], [ -16.129104488306105, 28.536940322837737 ], [ -16.126804099506913, 28.532781329024239 ], [ -16.1317335040766, 28.533474494659821 ], [ -16.135019773789722, 28.533969612970957 ], [ -16.137977416531534, 28.530602808455264 ], [ -16.145535836871723, 28.521888726179363 ], [ -16.154901705554124, 28.522680915477174 ], [ -16.154901705554124, 28.522680915477174 ], [ -16.166732276521373, 28.51871996898813 ], [ -16.175112264289837, 28.513273667565691 ], [ -16.178891474459931, 28.51069905234781 ], [ -16.181356176744778, 28.510302957698904 ], [ -16.185956954343148, 28.509609792063323 ], [ -16.18858597011365, 28.506837129520989 ], [ -16.196801644396459, 28.498915236542899 ], [ -16.2270353257572, 28.488913846658058 ], [ -16.236401194439608, 28.485844113129048 ], [ -16.244945495693727, 28.47435736831082 ], [ -16.247410197978567, 28.464256954763748 ], [ -16.249381959806442, 28.456037990798983 ], [ -16.255625872261383, 28.453463375581102 ], [ -16.268442324142562, 28.448413168807569 ], [ -16.277315252367998, 28.437817636949369 ], [ -16.28027289510981, 28.43435180877146 ], [ -16.290624644706156, 28.427222105091175 ], [ -16.307713247214402, 28.409892964201603 ], [ -16.320858326066897, 28.401773023899054 ], [ -16.327430865493142, 28.401475952912378 ], [ -16.331867329605863, 28.401178881925702 ], [ -16.33745398811817, 28.396326722476616 ], [ -16.359636308681758, 28.378997581587043 ], [ -16.369330804335476, 28.352162169123758 ], [ -16.366373161593664, 28.339685187683266 ], [ -16.366208848108009, 28.338892998385454 ], [ -16.362922578394887, 28.33017891610956 ], [ -16.359964935653075, 28.318593147629102 ], [ -16.36259395142357, 28.304729834917438 ], [ -16.368180609935884, 28.29938255715723 ], [ -16.376231970733038, 28.291460664179134 ], [ -16.383133137130599, 28.284826078809985 ], [ -16.387733914728969, 28.265714512000336 ], [ -16.388226855185941, 28.263833062418044 ], [ -16.394799394612185, 28.253633625208749 ], [ -16.407451533007716, 28.233927916425749 ], [ -16.408601727407309, 28.229966969936704 ], [ -16.409916235292563, 28.224916763163172 ], [ -16.418131909575372, 28.213529042007167 ], [ -16.424047195058996, 28.205409101704618 ], [ -16.423554254602024, 28.196695019428716 ], [ -16.423389941116369, 28.193625285899707 ], [ -16.424211508544651, 28.191941883641867 ], [ -16.428155032200401, 28.184317061650454 ], [ -16.427169151286463, 28.172533245845543 ], [ -16.427004837800808, 28.16926546499208 ], [ -16.427990718714746, 28.167284991747557 ], [ -16.432920123284426, 28.158075791160528 ], [ -16.430126794028276, 28.153223631711441 ], [ -16.427497778257774, 28.148569519586815 ], [ -16.43456325814099, 28.144410525773317 ], [ -16.441464424538552, 28.140449579284272 ], [ -16.450994606706615, 28.128170645168233 ], [ -16.462496550702546, 28.120248752190136 ], [ -16.463153804645174, 28.115297569078834 ], [ -16.463482431616484, 28.113119048509859 ], [ -16.467425955272233, 28.110940527940883 ], [ -16.471040851956673, 28.108960054696361 ], [ -16.478106331839889, 28.100047925096007 ], [ -16.480899661096039, 28.096582096918091 ], [ -16.483364363380886, 28.094601623673569 ], [ -16.489772589321475, 28.089749464224489 ], [ -16.490758470235413, 28.087075825344385 ], [ -16.49322317252026, 28.079550027015195 ], [ -16.500288652403476, 28.077272482783997 ], [ -16.503574922116599, 28.076183222499509 ], [ -16.505875310915783, 28.071529110374875 ], [ -16.508175699714975, 28.067271092899155 ], [ -16.514090985198592, 28.06321112274788 ], [ -16.520663524624844, 28.058755057947707 ], [ -16.523292540395346, 28.053704851174174 ], [ -16.524278421309283, 28.052120472578558 ], [ -16.525921556165841, 28.05103121229407 ], [ -16.540874083360556, 28.04172298804481 ], [ -16.540874083360556, 28.035880591973466 ], [ -16.540709769874901, 28.03112745618661 ], [ -16.544981920501961, 28.026671391386436 ], [ -16.549418384614683, 28.025681154764179 ], [ -16.553361908270432, 28.0280577226576 ], [ -16.558455626325774, 28.03112745618661 ], [ -16.597562235911951, 28.027760651670924 ], [ -16.624673961045225, 28.018056332772765 ], [ -16.630424933043187, 28.012015889376968 ], [ -16.632232381385407, 28.010134439794669 ], [ -16.636175905041156, 28.009441274159087 ], [ -16.638476293840341, 28.008946155847958 ], [ -16.639955115211251, 28.007658848239018 ], [ -16.64422726583831, 28.003994972736649 ], [ -16.649649610864969, 28.005183256683367 ], [ -16.663451943660085, 28.00845103753683 ], [ -16.677089962969553, 28.000826215545416 ], [ -16.68169074056793, 27.998251600327535 ], [ -16.70288718021758, 28.005480327670043 ], [ -16.70715933084464, 28.010728581768028 ], [ -16.706173449930702, 28.022611421235162 ], [ -16.705844822959392, 28.027760651670924 ], [ -16.712417362385636, 28.046377100169437 ], [ -16.72375499289592, 28.050338046658482 ], [ -16.736242817805788, 28.054695087796432 ], [ -16.734599682949224, 28.060834554854452 ], [ -16.733285175063976, 28.066181832614667 ], [ -16.738378893119318, 28.087372896331061 ], [ -16.747744761801719, 28.09410650536244 ], [ -16.75793219791241, 28.101236209042717 ], [ -16.76006827322594, 28.105098131869539 ], [ -16.76253297551078, 28.109653220331943 ], [ -16.767791007051777, 28.112029788225371 ], [ -16.773377665564091, 28.114604403443252 ], [ -16.801968212068275, 28.156491412564904 ], [ -16.803775660410487, 28.16005626440505 ], [ -16.805418795267052, 28.163522092582966 ], [ -16.804925854810079, 28.169958630627661 ], [ -16.812484275150268, 28.178969783890238 ], [ -16.818235247148237, 28.181346351783667 ], [ -16.819878382004795, 28.182138541081478 ], [ -16.827601115830639, 28.195506735482006 ], [ -16.830887385543761, 28.200953036904444 ], [ -16.834009341771228, 28.204913983393489 ], [ -16.83630973057042, 28.207785669598046 ], [ -16.840088940740515, 28.226897236407694 ], [ -16.845018345310194, 28.239275194185957 ], [ -16.840417567711825, 28.251950222950903 ], [ -16.83844580588395, 28.257297500711118 ], [ -16.841074821654452, 28.263238920444685 ], [ -16.844854031824539, 28.26541744101366 ], [ -16.849454809422916, 28.267992056231542 ], [ -16.852576765650383, 28.273141286667297 ], [ -16.859477932047945, 28.275517854560725 ], [ -16.861778320847129, 28.284033889512173 ], [ -16.862764201761067, 28.287895812338995 ], [ -16.871801443472158, 28.298689391521641 ], [ -16.878045355927092, 28.302155219699557 ], [ -16.879688490783657, 28.302947408997369 ], [ -16.879852804269312, 28.304135692944079 ], [ -16.881824566097187, 28.313146846206664 ], [ -16.89349082357878, 28.321563857495882 ], [ -16.89809160117715, 28.331961342029629 ], [ -16.910908053058336, 28.338496903736555 ], [ -16.920602548712054, 28.343349063185634 ], [ -16.923395877968211, 28.352162169123758 ], [ -16.91501589019974, 28.361470393373018 ], [ -16.903678259689464, 28.364936221550934 ], [ -16.895462585406655, 28.364243055915352 ], [ -16.89381945055009, 28.364144032253122 ], [ -16.861614007361474, 28.376224919044709 ], [ -16.858656364619662, 28.379690747222625 ], [ -16.856520289306133, 28.381275125818249 ], [ -16.848961868965944, 28.387216545551816 ], [ -16.829737191144169, 28.392365775987571 ], [ -16.816427798806018, 28.382265362440506 ], [ -16.810348199836739, 28.37761125031588 ], [ -16.805583108752707, 28.37761125031588 ], [ -16.797696061441208, 28.37761125031588 ], [ -16.795231359156368, 28.376125895382486 ], [ -16.793095283842838, 28.374838587773546 ], [ -16.772720411621464, 28.374937611435776 ], [ -16.763354542939062, 28.374937611435776 ], [ -16.76072552716856, 28.374244445800187 ], [ -16.751031031514849, 28.371669830582313 ], [ -16.745115746031225, 28.375927848058033 ], [ -16.738707520090628, 28.380383912858207 ], [ -16.732792234607011, 28.381473173142695 ], [ -16.731313413236101, 28.380185865533761 ], [ -16.727698516551662, 28.377017108342521 ], [ -16.72227617152501, 28.383057551738318 ], [ -16.718661274840571, 28.387018498227363 ], [ -16.713238929813919, 28.385830214280645 ], [ -16.703873061131517, 28.383849741036123 ], [ -16.696150327305673, 28.387711663862945 ], [ -16.694835819420426, 28.391672610351989 ], [ -16.694014251992144, 28.393950154583194 ], [ -16.690563668793359, 28.393058941623153 ], [ -16.68415544285277, 28.391276515703083 ], [ -16.677747216912181, 28.393157965285383 ], [ -16.675775455084306, 28.397614030085556 ], [ -16.674625260684714, 28.400188645303437 ], [ -16.660494300918273, 28.400188645303437 ], [ -16.658029598633433, 28.398901337694497 ], [ -16.652442940121119, 28.395732580503264 ], [ -16.64422726583831, 28.398010124734462 ], [ -16.643734325381345, 28.398109148396692 ], [ -16.643241384924373, 28.397911101072239 ], [ -16.636011591555501, 28.394940391205452 ], [ -16.624345334073908, 28.39612867515217 ], [ -16.603148894424258, 28.394742343880999 ], [ -16.602163013510321, 28.395633556841034 ], [ -16.597562235911951, 28.399693526992309 ], [ -16.593947339227512, 28.399297432343403 ], [ -16.588196367229543, 28.398703290370044 ], [ -16.570779137749987, 28.40830858560598 ], [ -16.561248955581924, 28.413853910690648 ], [ -16.553690535241742, 28.418408999153051 ], [ -16.543174472159741, 28.418111928166368 ], [ -16.523292540395346, 28.41761680985524 ], [ -16.503246295145289, 28.425142608184423 ], [ -16.501274533317414, 28.428806483686792 ], [ -16.495852188290755, 28.439005920896086 ], [ -16.487636514007946, 28.437718613287146 ], [ -16.483528676866541, 28.439501039207215 ], [ -16.47482006212676, 28.443263938371807 ], [ -16.471369478927983, 28.448314145145339 ], [ -16.471533792413638, 28.449205358105381 ], [ -16.473341240755857, 28.454354588541136 ], [ -16.465454193444359, 28.459107724327993 ], [ -16.461017729331644, 28.459404795314668 ], [ -16.45789577310417, 28.459503818976899 ], [ -16.456416951733267, 28.463860860114849 ], [ -16.455595384304985, 28.466039380683824 ], [ -16.45543107081933, 28.469208137875057 ], [ -16.450994606706615, 28.473169084364102 ], [ -16.443271872880771, 28.480298788044387 ], [ -16.433906004198363, 28.485448018480142 ], [ -16.430619734485241, 28.487329468062441 ], [ -16.427662091743429, 28.495845503013889 ], [ -16.420432298374557, 28.517630708703642 ], [ -16.410902116206501, 28.527434051264031 ], [ -16.384611958501502, 28.545951476100313 ], [ -16.37918961347485, 28.546050499762543 ], [ -16.376231970733038, 28.546149523424766 ], [ -16.365222967194072, 28.546347570749219 ], [ -16.345012408458359, 28.555952865985155 ], [ -16.344519468001387, 28.556150913309608 ], [ -16.344190841030077, 28.556249936971838 ], [ -16.335482226290296, 28.557240173594096 ], [ -16.334167718405048, 28.563181593327663 ], [ -16.332360270062829, 28.571697628279111 ], [ -16.326116357607894, 28.577341977026002 ], [ -16.320036758638615, 28.577639048012685 ], [ -16.317079115896803, 28.574371267159222 ], [ -16.314778727097618, 28.571697628279111 ], [ -16.307384620243084, 28.573282006874734 ], [ -16.299168945960275, 28.569816178696819 ], [ -16.290624644706156, 28.5705093443324 ], [ -16.288652882878282, 28.572192746590247 ], [ -16.284873672708187, 28.575658574768156 ], [ -16.274521923111848, 28.57229177025247 ], [ -16.271071339913064, 28.576153693079291 ], [ -16.256776066660976, 28.5705093443324 ], [ -16.242973733865853, 28.571202509967982 ], [ -16.230485908955984, 28.567538634465613 ], [ -16.223913369529733, 28.565657184883321 ], [ -16.192858120740709, 28.573876148848086 ], [ -16.180370295830841, 28.580114639568336 ], [ -16.172318935033687, 28.584174609719604 ], [ -16.157859348295936, 28.588036532546425 ], [ -16.136498595160631, 28.582293160137311 ], [ -16.134362519847102, 28.576549787728197 ], [ -16.133540952418819, 28.574569314483668 ], [ -16.132883698476192, 28.574173219834769 ], [ -16.127625666935195, 28.571202509967982 ] ] ], [ [ [ -16.157695034810281, 28.594473070591128 ], [ -16.158516602238564, 28.589521887479819 ], [ -16.163610320293905, 28.59199747903547 ], [ -16.160816991037748, 28.595364283551163 ], [ -16.157695034810281, 28.594473070591128 ] ] ], [ [ [ -16.759739646254623, 28.380383912858207 ], [ -16.761218467625532, 28.376621013693615 ], [ -16.766147872195219, 28.37879953426259 ], [ -16.762861602482097, 28.382661457089412 ], [ -16.759739646254623, 28.380383912858207 ] ] ], [ [ [ -17.250708341395374, 28.205013007055719 ], [ -17.242492667112565, 28.201943273526702 ], [ -17.239863651342063, 28.202636439162291 ], [ -17.234769933286721, 28.204022770433454 ], [ -17.232140917516226, 28.201745226202256 ], [ -17.232140917516226, 28.201547178877803 ], [ -17.231319350087944, 28.201547178877803 ], [ -17.211108791352231, 28.201448155215573 ], [ -17.20700095421082, 28.198576469011016 ], [ -17.206672327239509, 28.19818037436211 ], [ -17.206015073296882, 28.198378421686563 ], [ -17.200757041755885, 28.199962800282179 ], [ -17.194513129300951, 28.197586232388758 ], [ -17.191555486559139, 28.194120404210842 ], [ -17.185640201075515, 28.187287771517234 ], [ -17.184325693190267, 28.181445375445897 ], [ -17.176931586335733, 28.177880523605751 ], [ -17.168058658110304, 28.179464902201374 ], [ -17.167730031138987, 28.179464902201374 ], [ -17.167730031138987, 28.179167831214691 ], [ -17.164115134454555, 28.172632269507766 ], [ -17.156392400628711, 28.171741056547731 ], [ -17.156392400628711, 28.168572299356498 ], [ -17.148176726345902, 28.162432832298478 ], [ -17.138482230692183, 28.159858217080597 ], [ -17.129280675495437, 28.15520410495597 ], [ -17.121722255155248, 28.151441205791372 ], [ -17.111699132530219, 28.142033957879889 ], [ -17.112027759501537, 28.136092538146322 ], [ -17.112192072987192, 28.132923780955082 ], [ -17.108248549331442, 28.130448189399431 ], [ -17.103976398704383, 28.127774550519327 ], [ -17.103976398704383, 28.114307332456569 ], [ -17.103976398704383, 28.104107895247282 ], [ -17.102333263847818, 28.101335232704947 ], [ -17.099539934591661, 28.096186002269185 ], [ -17.112027759501537, 28.086382659708796 ], [ -17.121722255155248, 28.07251934699714 ], [ -17.128952048524127, 28.071826181361558 ], [ -17.138317917206528, 28.065884761627991 ], [ -17.143904575718842, 28.060735531192229 ], [ -17.145383397089745, 28.054695087796432 ], [ -17.153599071372554, 28.05281363821414 ], [ -17.168058658110304, 28.040732751422546 ], [ -17.169208852509897, 28.035781568311243 ], [ -17.174959824507866, 28.037266923244637 ], [ -17.177753153764016, 28.038059112542442 ], [ -17.182353931362393, 28.033801095066721 ], [ -17.186790395475107, 28.029741124915446 ], [ -17.192541367473076, 28.028948935617635 ], [ -17.194841756272261, 28.028651864630959 ], [ -17.197635085528418, 28.026572367724214 ], [ -17.201085668727202, 28.023997752506332 ], [ -17.205357819354262, 28.02498798912859 ], [ -17.214230747579698, 28.026869438710889 ], [ -17.229511901745724, 28.026176273075308 ], [ -17.24019227831338, 28.022512397572939 ], [ -17.245778936825687, 28.020531924328417 ], [ -17.251365595338001, 28.023799705181879 ], [ -17.255144805508088, 28.025978225750855 ], [ -17.262538912362622, 28.026176273075308 ], [ -17.271247527102403, 28.026374320399761 ], [ -17.272726348473306, 28.030038195902122 ], [ -17.275026737272491, 28.035979615635696 ], [ -17.285871427325802, 28.038158136204672 ], [ -17.289650637495896, 28.038950325502476 ], [ -17.290472204924178, 28.041029822409229 ], [ -17.292279653266398, 28.045584910871632 ], [ -17.296716117379113, 28.047466360453924 ], [ -17.307067866975451, 28.051427306942969 ], [ -17.311175704116856, 28.052912661876363 ], [ -17.31922706491401, 28.059844318232194 ], [ -17.319720005370982, 28.063508193734563 ], [ -17.321363140227547, 28.075886151512826 ], [ -17.330893322395603, 28.082124642233076 ], [ -17.336972921364882, 28.085293399424309 ], [ -17.339273310164067, 28.086382659708796 ], [ -17.347981924903848, 28.099057688473742 ], [ -17.348310551875159, 28.099651830447101 ], [ -17.348310551875159, 28.100642067069366 ], [ -17.347817611418193, 28.11866437359452 ], [ -17.346503103532946, 28.121338012474624 ], [ -17.342066639420224, 28.131339402359465 ], [ -17.344859968676381, 28.142232005204342 ], [ -17.346010163075974, 28.147480259302327 ], [ -17.342230952905879, 28.154808010307065 ], [ -17.340916445020632, 28.156590436227134 ], [ -17.33549409999398, 28.163918187231864 ], [ -17.336315667422255, 28.168572299356498 ], [ -17.336315667422255, 28.168572299356498 ], [ -17.33582272696529, 28.175008837401194 ], [ -17.329907441481666, 28.182534635730384 ], [ -17.322349021141477, 28.192238954628543 ], [ -17.322184707655822, 28.193526262237484 ], [ -17.321527453713202, 28.198774516335469 ], [ -17.316926676114825, 28.20441886508236 ], [ -17.310189823202919, 28.204121794095677 ], [ -17.307067866975451, 28.203923746771231 ], [ -17.282420844127024, 28.21184563974932 ], [ -17.28044908229915, 28.21362806566939 ], [ -17.276341245157745, 28.217489988496212 ], [ -17.263360479790904, 28.218084130469563 ], [ -17.255144805508088, 28.209568095518115 ], [ -17.250708341395374, 28.205013007055719 ] ] ], [ [ [ -17.904018760364458, 28.848270716876726 ], [ -17.89399563773943, 28.842032226156476 ], [ -17.885779963456613, 28.842527344467605 ], [ -17.882000753286526, 28.839160539951919 ], [ -17.87164900369018, 28.836684948396268 ], [ -17.857353730438092, 28.833219120218352 ], [ -17.848152175241346, 28.835199593462875 ], [ -17.833856901989257, 28.837873232342979 ], [ -17.808716938683858, 28.842725391792058 ], [ -17.800336950915387, 28.842923439116511 ], [ -17.788835006919456, 28.843121486440964 ], [ -17.778811884294427, 28.839061516289689 ], [ -17.770596210011618, 28.818959712857783 ], [ -17.760737400872245, 28.805690542119486 ], [ -17.758108385101742, 28.788757495878812 ], [ -17.753507607503366, 28.782717052483015 ], [ -17.750385651275899, 28.772517615273728 ], [ -17.742662917450062, 28.762021107077757 ], [ -17.734940183624218, 28.757366994953124 ], [ -17.729353525111904, 28.744691966188178 ], [ -17.724588434027879, 28.741028090685816 ], [ -17.734447243167246, 28.719143861333833 ], [ -17.752193099618118, 28.705181524959947 ], [ -17.758437012073053, 28.697259631981858 ], [ -17.760408773900927, 28.686664100123664 ], [ -17.770267583040301, 28.676068568265464 ], [ -17.766324059384552, 28.664482799785006 ], [ -17.757615444644777, 28.650718510735572 ], [ -17.753343294017711, 28.630814754628119 ], [ -17.750385651275899, 28.620912388405507 ], [ -17.75547936933124, 28.611901235142923 ], [ -17.754986428874275, 28.592492597346606 ], [ -17.760408773900927, 28.581302923515047 ], [ -17.7609017143579, 28.569816178696819 ], [ -17.787027558577236, 28.542485647922405 ], [ -17.796722054230955, 28.518125827014771 ], [ -17.800336950915387, 28.514065856863496 ], [ -17.817589866909287, 28.494558195404949 ], [ -17.827448676048661, 28.471386658444032 ], [ -17.83319964804663, 28.457820416719052 ], [ -17.841908262786411, 28.453463375581102 ], [ -17.855546282095872, 28.459404795314668 ], [ -17.867869793520093, 28.472079824079614 ], [ -17.869512928376651, 28.484160710871208 ], [ -17.87164900369018, 28.489408964969194 ], [ -17.877071348716839, 28.502083993734139 ], [ -17.87559252734593, 28.515353164472437 ], [ -17.87559252734593, 28.515452188134667 ], [ -17.880357618429962, 28.538821772420036 ], [ -17.889559173626708, 28.551892895833888 ], [ -17.900403863680019, 28.571202509967982 ], [ -17.905826208706671, 28.574470290821445 ], [ -17.910919926762013, 28.585758988315227 ], [ -17.918642660587857, 28.592195526359923 ], [ -17.920943049387041, 28.593581857631094 ], [ -17.924886573042791, 28.595859401862292 ], [ -17.925050886528453, 28.600414490324695 ], [ -17.925215200014108, 28.614574874023035 ], [ -17.946575953149413, 28.650718510735572 ], [ -17.950190849833852, 28.652500936655642 ], [ -17.950519476805162, 28.652897031304548 ], [ -17.963335928686348, 28.667453509651793 ], [ -17.965472003999878, 28.68389143758133 ], [ -17.965636317485533, 28.684683626879142 ], [ -17.975330813139252, 28.711320992017974 ], [ -17.980260217708938, 28.717559482738217 ], [ -17.981903352565496, 28.72706575431193 ], [ -17.992583729133152, 28.739839806739099 ], [ -17.992912356104462, 28.740235901388004 ], [ -18.006221748442613, 28.755782616357507 ], [ -18.00687900238524, 28.775587348802738 ], [ -18.003428419186463, 28.785885809674255 ], [ -17.994719804446682, 28.795392081247968 ], [ -17.988475891991747, 28.79608524688355 ], [ -17.984368054850343, 28.799650098723689 ], [ -17.980095904223276, 28.803214950563827 ], [ -17.979110023309339, 28.806977849728426 ], [ -17.978124142395401, 28.810740748893018 ], [ -17.975988067081872, 28.81133489086637 ], [ -17.975330813139252, 28.811532938190823 ], [ -17.973194737825722, 28.815196813693191 ], [ -17.966786511885125, 28.826287463862521 ], [ -17.964486123085941, 28.827277700484778 ], [ -17.956763389260097, 28.830545481338241 ], [ -17.953312806061319, 28.834011309516157 ], [ -17.947726147549005, 28.839556634600825 ], [ -17.940003413723161, 28.842032226156476 ], [ -17.93030891806945, 28.845002936023263 ], [ -17.925872453956728, 28.850548261107924 ], [ -17.921928930300979, 28.855400420557004 ], [ -17.913877569503825, 28.857479917463756 ], [ -17.906319149163643, 28.854509207596969 ], [ -17.904347387335768, 28.848864858850078 ], [ -17.904018760364458, 28.848270716876726 ] ] ], [ [ [ -17.90730503007758, 27.842883474294723 ], [ -17.895145832139022, 27.831891847787617 ], [ -17.892681129854175, 27.822682647200587 ], [ -17.883808201628739, 27.812186139004616 ], [ -17.884958396028338, 27.801986701795322 ], [ -17.903361506421831, 27.78465756090575 ], [ -17.913220315561205, 27.770893271856316 ], [ -17.91190580767595, 27.765050875784972 ], [ -17.925050886528453, 27.744156883055261 ], [ -17.928337156241575, 27.731877948939214 ], [ -17.933595187782572, 27.728511144423528 ], [ -17.948054774520315, 27.728709191747981 ], [ -17.956927702745752, 27.720193156796533 ], [ -17.960378285944536, 27.692169460386538 ], [ -17.965636317485533, 27.686822182626322 ], [ -17.971715916454812, 27.67246375160353 ], [ -17.971551602969157, 27.648103930695903 ], [ -17.977959828909746, 27.641073250677849 ], [ -17.989133145934368, 27.638498635459968 ], [ -17.999320582045058, 27.646321504775834 ], [ -18.011315466497962, 27.65097561690046 ], [ -18.03021151734842, 27.679494431621592 ], [ -18.050750703055449, 27.692664578697666 ], [ -18.122555696287215, 27.704349370840347 ], [ -18.145723897764739, 27.704052299853672 ], [ -18.158376036160263, 27.712865405791796 ], [ -18.160019171016827, 27.725144339907843 ], [ -18.152625064162294, 27.732175019925897 ], [ -18.151803496734018, 27.746335403624236 ], [ -18.154268199018858, 27.752375847020026 ], [ -18.151146242791391, 27.759604574362534 ], [ -18.130442743598707, 27.770893271856316 ], [ -18.122555696287215, 27.7693088932607 ], [ -18.118283545660148, 27.762674307891544 ], [ -18.107438855606837, 27.757822148442465 ], [ -18.080820070930535, 27.753366083642291 ], [ -18.068989499963287, 27.753663154628967 ], [ -18.037605624202953, 27.762377236904868 ], [ -18.020188394723391, 27.774854218345361 ], [ -18.012465660897554, 27.784261466256844 ], [ -17.997677447188494, 27.791589217261581 ], [ -17.990283340333967, 27.798520873617406 ], [ -17.987161384106493, 27.810205665760094 ], [ -17.993240983075779, 27.822187528889458 ], [ -17.973523364797032, 27.827336759325213 ], [ -17.958242210631006, 27.841101048374647 ], [ -17.94723320709204, 27.841002024712424 ], [ -17.936059890067419, 27.848131728392708 ], [ -17.922586184243606, 27.849121965014966 ], [ -17.90730503007758, 27.842883474294723 ] ] ] ] } },
{ "type": "Feature", "properties": { "index": 1486, "nuts_2_code": "ES43", "nuts_2_name": "Extremadura" }, "geometry": { "type": "Polygon", "coordinates": [ [ [ -5.737591028436221, 40.294118762609614 ], [ -5.699963240220953, 40.28946465048498 ], [ -5.698977359307015, 40.289761721471663 ], [ -5.692733446852081, 40.292138289365084 ], [ -5.658063301378618, 40.270551130999792 ], [ -5.658391928349928, 40.265599947888482 ], [ -5.659049182292556, 40.258668291532651 ], [ -5.650504881038437, 40.250944445879014 ], [ -5.639002937042498, 40.248864948972262 ], [ -5.62290021544819, 40.245894239105482 ], [ -5.614520227679726, 40.233219210340536 ], [ -5.615999049050629, 40.228565098215903 ], [ -5.617806497392849, 40.222722702144566 ], [ -5.610083763567005, 40.215493974802058 ], [ -5.604661418540353, 40.21618714043764 ], [ -5.598417506085418, 40.216880306073222 ], [ -5.568348138210332, 40.205492584917216 ], [ -5.547316012046338, 40.19757069193912 ], [ -5.531048976966368, 40.194798029396793 ], [ -5.521025854341339, 40.196184360667957 ], [ -5.518725465542154, 40.196877526303538 ], [ -5.511495672173282, 40.200343354481454 ], [ -5.508045088974498, 40.201927733077071 ], [ -5.505416073204003, 40.201531638428172 ], [ -5.497036085435539, 40.200046283494778 ], [ -5.491449426923225, 40.203314064348241 ], [ -5.488163157210103, 40.204799419281635 ], [ -5.486520022353538, 40.205096490268311 ], [ -5.483069439154761, 40.205789655903892 ], [ -5.478797288527694, 40.207076963512833 ], [ -5.475182391843262, 40.207473058161739 ], [ -5.470910241216195, 40.207869152810645 ], [ -5.469924360302258, 40.212226193948595 ], [ -5.469760046816603, 40.212820335921947 ], [ -5.469924360302258, 40.215692022126504 ], [ -5.469267106359638, 40.221930512846754 ], [ -5.468116911960045, 40.224208057077952 ], [ -5.455136146593205, 40.226386577646927 ], [ -5.453985952193612, 40.22668364863361 ], [ -5.452342817337048, 40.227178766944739 ], [ -5.450535368994828, 40.227871932580321 ], [ -5.439854992427172, 40.233714328651665 ], [ -5.436075782257085, 40.23896258274965 ], [ -5.434268333914865, 40.242824505576472 ], [ -5.433939706943555, 40.244904002483217 ], [ -5.433446766486583, 40.245399120794346 ], [ -5.430324810259116, 40.248963972634492 ], [ -5.429831869802143, 40.252330777150178 ], [ -5.412250326836933, 40.255103439692512 ], [ -5.409949938037748, 40.25441027405693 ], [ -5.394997410843033, 40.250548351230108 ], [ -5.378894689248725, 40.257579031248163 ], [ -5.364599415996629, 40.258074149559292 ], [ -5.359012757484322, 40.261341930412755 ], [ -5.354904920342918, 40.263718498306183 ], [ -5.343238662861324, 40.264114592955089 ], [ -5.359341384455632, 40.227178766944739 ], [ -5.365256669939257, 40.221237347211172 ], [ -5.369528820566316, 40.217078353397675 ], [ -5.368049999195414, 40.212721312259724 ], [ -5.364928042967946, 40.202719922374882 ], [ -5.367228431767131, 40.198164833912479 ], [ -5.364928042967946, 40.17925131442729 ], [ -5.366406864338849, 40.170240161164706 ], [ -5.367557058738441, 40.163308504808882 ], [ -5.357533936113413, 40.152316878301775 ], [ -5.357205309142103, 40.151920783652869 ], [ -5.35605511474251, 40.149841286746124 ], [ -5.344881797717889, 40.128947294016406 ], [ -5.342910035890014, 40.127560962745243 ], [ -5.337652004349017, 40.123699039918421 ], [ -5.336008869492453, 40.115876170602554 ], [ -5.359505697941287, 40.108449395935594 ], [ -5.365092356453601, 40.104587473108779 ], [ -5.369035880109351, 40.100131408308599 ], [ -5.368542939652379, 40.091912444343833 ], [ -5.367885685709759, 40.08111886516118 ], [ -5.371336268908536, 40.068245789071781 ], [ -5.373636657707721, 40.059333659471434 ], [ -5.371829209365508, 40.054283452697895 ], [ -5.365420983424912, 40.036459193497194 ], [ -5.364435102510974, 40.030418750101397 ], [ -5.364106475539664, 40.026160732625677 ], [ -5.362463340683099, 40.012000348927337 ], [ -5.364270789025319, 40.002395053691401 ], [ -5.365420983424912, 39.994770231699988 ], [ -5.365749610396229, 39.992789758455466 ], [ -5.365585296910567, 39.989026859290874 ], [ -5.365256669939257, 39.987739551681933 ], [ -5.364763729482291, 39.98625419674854 ], [ -5.365092356453601, 39.983877628855112 ], [ -5.370843328451571, 39.971499671076842 ], [ -5.394340156900405, 39.919611272070348 ], [ -5.401077009812312, 39.885745179589009 ], [ -5.406170727867654, 39.877724262948689 ], [ -5.396804859185252, 39.879110594219853 ], [ -5.393354275986468, 39.879209617882083 ], [ -5.384645661246687, 39.883071540708904 ], [ -5.382838212904474, 39.88336861169558 ], [ -5.378401748791752, 39.884952990291197 ], [ -5.368707253138041, 39.888616865793566 ], [ -5.360655892340887, 39.8895080787536 ], [ -5.353097472000698, 39.889111984104694 ], [ -5.340116706633857, 39.890696362700318 ], [ -5.316291251213705, 39.889904173402506 ], [ -5.310047338758771, 39.881586185775511 ], [ -5.308897144359179, 39.880100830842117 ], [ -5.305610874646057, 39.878813523233177 ], [ -5.294930498078401, 39.874555505757456 ], [ -5.289343839566087, 39.864653139534838 ], [ -5.287536391223874, 39.86366290291258 ], [ -5.28408580802509, 39.863959973899256 ], [ -5.284743061967717, 39.856731246556748 ], [ -5.291644228365278, 39.849601542876464 ], [ -5.310540279215743, 39.830489976066822 ], [ -5.315141056814113, 39.788701990607393 ], [ -5.314155175900176, 39.787909801309581 ], [ -5.312183414072301, 39.786424446376188 ], [ -5.314812429842803, 39.774541606909054 ], [ -5.315633997271085, 39.770877731406685 ], [ -5.308732830873524, 39.760876341521843 ], [ -5.29920264870546, 39.76067829419739 ], [ -5.293123049736181, 39.760480246872937 ], [ -5.285236002424682, 39.758202702641739 ], [ -5.266997205516844, 39.752756401219301 ], [ -5.254345067121314, 39.752558353894848 ], [ -5.245472138895884, 39.760975365184073 ], [ -5.243664690553665, 39.765431429984247 ], [ -5.242514496154072, 39.768006045202128 ], [ -5.214745517078171, 39.789989298216327 ], [ -5.213266695707269, 39.790781487514138 ], [ -5.211130620393732, 39.791771724136403 ], [ -5.209487485537174, 39.793653173718695 ], [ -5.209323172051519, 39.794049268367601 ], [ -5.20784435068061, 39.796524859923252 ], [ -5.206201215824045, 39.797812167532193 ], [ -5.181225566004308, 39.798802404154458 ], [ -5.178596550233806, 39.799198498803364 ], [ -5.173831459149774, 39.798406309505552 ], [ -5.172024010807554, 39.798406309505552 ], [ -5.16972362200837, 39.799099475141134 ], [ -5.168080487151805, 39.799990688101168 ], [ -5.166930292752212, 39.799891664438945 ], [ -5.16610872532393, 39.786523470038418 ], [ -5.165944411838275, 39.78236447622492 ], [ -5.163151082582125, 39.774244535922371 ], [ -5.158550304983748, 39.759688057575133 ], [ -5.162329515153843, 39.75760856066838 ], [ -5.164465590467373, 39.755925158410534 ], [ -5.166765979266557, 39.755826134748311 ], [ -5.172024010807554, 39.755628087423858 ], [ -5.174488713092401, 39.755231992774952 ], [ -5.173831459149774, 39.750874951637002 ], [ -5.170709502922307, 39.746814981485734 ], [ -5.16545147138131, 39.742358916685554 ], [ -5.163151082582125, 39.74097258541439 ], [ -5.162658142125153, 39.740576490765484 ], [ -5.156578543155874, 39.738992112169868 ], [ -5.155099721784971, 39.735922378640858 ], [ -5.145240912645598, 39.726614154391598 ], [ -5.141461702475503, 39.721960042266971 ], [ -5.140147194590256, 39.719979569022449 ], [ -5.137846805791064, 39.71502838591114 ], [ -5.141461702475503, 39.710968415759872 ], [ -5.147212674473472, 39.704531877715169 ], [ -5.153127959957096, 39.690272470354607 ], [ -5.155592662241936, 39.674230637073968 ], [ -5.151484825100532, 39.670467737909377 ], [ -5.14885580933003, 39.668190193678178 ], [ -5.153620900414062, 39.659377087740047 ], [ -5.158714618469403, 39.656307354211037 ], [ -5.161836574696871, 39.654425904628745 ], [ -5.161836574696871, 39.651752265748641 ], [ -5.162000888182526, 39.646206940663973 ], [ -5.16331539606778, 39.641651852201569 ], [ -5.172681264750182, 39.635413361481326 ], [ -5.1823757604039, 39.619074457214012 ], [ -5.188126732401862, 39.61402425044048 ], [ -5.20537964839577, 39.598972653782106 ], [ -5.20209337868264, 39.592040997426274 ], [ -5.187633791944897, 39.581049370919175 ], [ -5.14606248007388, 39.54936179900681 ], [ -5.126837802252098, 39.525992214721441 ], [ -5.123551532538976, 39.521932244570166 ], [ -5.117471933569696, 39.517872274418899 ], [ -5.103669600774573, 39.508762097494092 ], [ -5.0938107916352, 39.499948991555968 ], [ -5.084116295981488, 39.491234909280067 ], [ -5.073107292442522, 39.486976891804339 ], [ -5.068177887872835, 39.487571033777698 ], [ -5.058483392219117, 39.488759317724409 ], [ -5.039423027882997, 39.470439940212572 ], [ -5.038437146969059, 39.468459466968049 ], [ -5.033014801942407, 39.462914141883388 ], [ -5.03202892102847, 39.46063659765219 ], [ -5.030057159200595, 39.459250266381019 ], [ -5.028578337829686, 39.456873698487591 ], [ -5.026770889487473, 39.454992248905299 ], [ -5.026606576001811, 39.454497130594163 ], [ -5.026113635544846, 39.452813728336324 ], [ -5.024634814173936, 39.450932278754024 ], [ -5.020855604003849, 39.447466450576108 ], [ -5.018719528690319, 39.446080119304945 ], [ -5.018226588233347, 39.445783048318269 ], [ -5.01296855669235, 39.440435770558054 ], [ -5.01116110835013, 39.437960179002403 ], [ -5.010175227436193, 39.436573847731232 ], [ -5.00869640606529, 39.434989469135616 ], [ -5.002123866639039, 39.431127546308794 ], [ -5.000973672239446, 39.430335357010989 ], [ -5.000645045268129, 39.430038286024306 ], [ -4.998180342983289, 39.42667148150862 ], [ -4.995387013727132, 39.424790031926321 ], [ -4.9917721170427, 39.423304676992935 ], [ -4.98963604172917, 39.421423227410635 ], [ -4.987664279901296, 39.420631038112823 ], [ -4.985199577616449, 39.419541777828336 ], [ -4.978298411218887, 39.414788642041486 ], [ -4.974354887563138, 39.410827695552442 ], [ -4.972383125735263, 39.408946245970142 ], [ -4.970082736936078, 39.407757962023425 ], [ -4.964496078423764, 39.404886275818868 ], [ -4.961374122196297, 39.402410684263216 ], [ -4.957266285054892, 39.399836069045335 ], [ -4.955623150198335, 39.39775657213859 ], [ -4.952501193970861, 39.395082933258479 ], [ -4.940834936489274, 39.395181956920709 ], [ -4.935741218433932, 39.395479027907385 ], [ -4.933605143120403, 39.392805389027281 ], [ -4.933440829634741, 39.392409294378375 ], [ -4.931633381292528, 39.38844834788933 ], [ -4.920953004724872, 39.386962992955937 ], [ -4.90107107296047, 39.375179177151026 ], [ -4.871823272513666, 39.369336781079689 ], [ -4.866072300515697, 39.374188940528768 ], [ -4.859664074575107, 39.379734265613429 ], [ -4.851941340749264, 39.379932312937882 ], [ -4.844875860866047, 39.380229383924558 ], [ -4.828608825786084, 39.389339560849365 ], [ -4.822529226816805, 39.392805389027281 ], [ -4.806755132193807, 39.397261453827454 ], [ -4.790981037570809, 39.397558524814137 ], [ -4.774549689005191, 39.39775657213859 ], [ -4.755489324669071, 39.415778878663744 ], [ -4.712439191427144, 39.436177753082333 ], [ -4.707838413828767, 39.439346510273566 ], [ -4.691407065263149, 39.450635207767348 ], [ -4.686970601150435, 39.449743994807314 ], [ -4.684834525836905, 39.440633817882507 ], [ -4.684505898865588, 39.440237723233601 ], [ -4.669717685156527, 39.422710535019576 ], [ -4.673168268355312, 39.409738435267954 ], [ -4.683684331437306, 39.396865359178555 ], [ -4.686970601150435, 39.392805389027281 ], [ -4.686970601150435, 39.388844442538236 ], [ -4.686970601150435, 39.38726006394262 ], [ -4.687956482064372, 39.386368850982585 ], [ -4.693378827091024, 39.381813762520181 ], [ -4.695186275433244, 39.373297727568733 ], [ -4.70405920365868, 39.364088526981703 ], [ -4.708988608228367, 39.350027166945587 ], [ -4.708988608228367, 39.348739859336646 ], [ -4.70800272731443, 39.32863805590474 ], [ -4.731006615306299, 39.326855629984671 ], [ -4.735278765933359, 39.326459535335765 ], [ -4.759925788781786, 39.320320068277745 ], [ -4.740536797474356, 39.281799863671779 ], [ -4.731335242277609, 39.255162498532947 ], [ -4.731663869248919, 39.251795694017254 ], [ -4.720654865709953, 39.246646463581499 ], [ -4.714410953255019, 39.243873801039165 ], [ -4.707509786857457, 39.220009098442667 ], [ -4.706030965486555, 39.214958891669134 ], [ -4.707016846400492, 39.210205755882278 ], [ -4.705045084572617, 39.209512590246696 ], [ -4.698308231660711, 39.206937975028815 ], [ -4.689763930406585, 39.203868241499805 ], [ -4.682041196580748, 39.193272709641604 ], [ -4.663309459215938, 39.184261556379028 ], [ -4.661830637845036, 39.178518183969913 ], [ -4.64901418596385, 39.170695314654047 ], [ -4.64901418596385, 39.164951942244933 ], [ -4.677769045953681, 39.170299220005141 ], [ -4.711781937484517, 39.18634105328578 ], [ -4.713918012798054, 39.187331289908037 ], [ -4.74004385701739, 39.193965875277193 ], [ -4.773728121576909, 39.189806881463696 ], [ -4.806590818708152, 39.198322916415144 ], [ -4.821871972874177, 39.180993775525565 ], [ -4.831402155042241, 39.176141616076485 ], [ -4.832223722470523, 39.168219723098396 ], [ -4.832388035956178, 39.165149989569386 ], [ -4.837153127040203, 39.163664634635992 ], [ -4.844711547380392, 39.161288066742564 ], [ -4.853420162120173, 39.151583747844406 ], [ -4.857363685775923, 39.134848748928185 ], [ -4.85719937229026, 39.132472181034757 ], [ -4.85654211834764, 39.124946382705573 ], [ -4.863771911716512, 39.118311797336418 ], [ -4.870344451142763, 39.112469401265081 ], [ -4.874123661312851, 39.099497301513452 ], [ -4.858842507146825, 39.077811119485929 ], [ -4.848326444064831, 39.074642362294689 ], [ -4.837646067497175, 39.071473605103456 ], [ -4.825815496529927, 39.062561475503102 ], [ -4.833866857327081, 39.046321594898018 ], [ -4.847669190122204, 39.045826476586882 ], [ -4.861471522917327, 39.032458282186354 ], [ -4.885132664851817, 39.033745589795295 ], [ -4.896963235819065, 39.039687009528862 ], [ -4.913394584384683, 39.047806949831404 ], [ -4.941492190431894, 39.056521032107305 ], [ -4.948721983800773, 39.056322984782852 ], [ -4.954472955798735, 39.057709316054023 ], [ -4.959566673854084, 39.057709316054023 ], [ -4.962524316595889, 39.058798576338511 ], [ -4.961867062653269, 39.052362038293808 ], [ -4.960388241282359, 39.048004997155857 ], [ -4.951679626542585, 39.031468045564097 ], [ -4.949872178200366, 39.02671490977724 ], [ -4.948557670315118, 39.022258844977067 ], [ -4.947571789401181, 39.016317425243493 ], [ -4.945271400601989, 39.008791626914309 ], [ -4.944285519688052, 39.006811153669787 ], [ -4.93705572631918, 38.996809763784945 ], [ -4.936069845405243, 38.99027420207802 ], [ -4.936891412833525, 38.98532301896671 ], [ -4.933769456606058, 38.975618700068551 ], [ -4.932126321749493, 38.972846037526217 ], [ -4.929004365522026, 38.96878606737495 ], [ -4.91832398895437, 38.957101275232262 ], [ -4.903864402216627, 38.962844647641376 ], [ -4.894169906562908, 38.959972961436819 ], [ -4.890390696392821, 38.952942281418764 ], [ -4.878231498454255, 38.948684263943044 ], [ -4.859499761089452, 38.946802814360744 ], [ -4.843068412523827, 38.945119412102898 ], [ -4.842904099038172, 38.940762370964947 ], [ -4.834688424755363, 38.939673110680459 ], [ -4.831895095499206, 38.936207282502551 ], [ -4.841589591152925, 38.917986928652937 ], [ -4.846847622693922, 38.884615954482726 ], [ -4.849312324978769, 38.882140362927075 ], [ -4.853584475605828, 38.882932552224887 ], [ -4.866565240972669, 38.886992522376154 ], [ -4.883489529995259, 38.887190569700607 ], [ -4.915037719241248, 38.887487640687283 ], [ -4.918816929411342, 38.880655007993681 ], [ -4.922267512610119, 38.878476487424706 ], [ -4.924239274437994, 38.87689210882909 ], [ -4.928018484608089, 38.869960452473258 ], [ -4.93459102403434, 38.864910245699726 ], [ -4.943463952259769, 38.854413737503755 ], [ -4.943792579231086, 38.851046932988069 ], [ -4.944614146659369, 38.847185010161247 ], [ -4.948886297286428, 38.840154330143193 ], [ -4.95365138837046, 38.830053916596128 ], [ -4.957266285054892, 38.810843326124257 ], [ -4.961374122196297, 38.789058120434504 ], [ -4.968275288593858, 38.776086020682875 ], [ -4.97304037967789, 38.761430518673407 ], [ -4.991936430528355, 38.738952147348073 ], [ -5.003274061038631, 38.733703893250087 ], [ -5.01477600503457, 38.735486319170164 ], [ -5.034000682856345, 38.733703893250087 ], [ -5.037286952569467, 38.733307798601189 ], [ -5.046981448223185, 38.729148804787691 ], [ -5.061605348446584, 38.724395669000835 ], [ -5.063412796788803, 38.722613243080765 ], [ -5.067684947415863, 38.718355225605038 ], [ -5.098740196204886, 38.707957741071297 ], [ -5.104819795174166, 38.710334308964718 ], [ -5.118950754940599, 38.715780610387156 ], [ -5.140147194590256, 38.713899160804864 ], [ -5.152799332985779, 38.716176705036062 ], [ -5.157400110584156, 38.714988421089352 ], [ -5.166437352295247, 38.712611853195924 ], [ -5.171202443379279, 38.716176705036062 ], [ -5.172845578235837, 38.71736498898278 ], [ -5.18451183571743, 38.719741556876201 ], [ -5.174488713092401, 38.693698333710728 ], [ -5.170873816407962, 38.684786204110374 ], [ -5.168080487151805, 38.677359429443413 ], [ -5.175474594006339, 38.675676027185574 ], [ -5.18451183571743, 38.673596530278822 ], [ -5.185333403145712, 38.670427773087589 ], [ -5.183197327832183, 38.667853157869708 ], [ -5.181225566004308, 38.665278542651826 ], [ -5.185497716631367, 38.660822477851653 ], [ -5.191741629086302, 38.66359514039398 ], [ -5.196013779713361, 38.665377566314056 ], [ -5.197163974112954, 38.663298069407304 ], [ -5.199628676397801, 38.658941028269354 ], [ -5.204065140510515, 38.662901974758398 ], [ -5.20784435068061, 38.666070731949638 ], [ -5.210144739479794, 38.660921501513876 ], [ -5.214745517078171, 38.650722064304581 ], [ -5.221646683475733, 38.653593750509145 ], [ -5.221975310447043, 38.653791797833598 ], [ -5.22230393741836, 38.653197655860239 ], [ -5.224604326217545, 38.648939638384512 ], [ -5.239063912955288, 38.638344106526318 ], [ -5.246129392838505, 38.638047035539635 ], [ -5.246129392838505, 38.638047035539635 ], [ -5.246129392838505, 38.638047035539635 ], [ -5.246458019809822, 38.633789018063915 ], [ -5.253359186207383, 38.631709521157163 ], [ -5.257302709863126, 38.625272983112467 ], [ -5.268640340373409, 38.621708131272328 ], [ -5.278170522541465, 38.613885261956462 ], [ -5.289672466537404, 38.610221386454093 ], [ -5.293287363221836, 38.609132126169605 ], [ -5.310047338758771, 38.592991269226744 ], [ -5.308075576930896, 38.586950825830954 ], [ -5.306925382531304, 38.582989879341902 ], [ -5.309225771330489, 38.578236743555053 ], [ -5.33485867509286, 38.578632838203951 ], [ -5.343731603318297, 38.581306477084063 ], [ -5.357698249599075, 38.58536644723533 ], [ -5.369857447537633, 38.584277186950843 ], [ -5.369693134051978, 38.580316240461798 ], [ -5.369693134051978, 38.579425027501763 ], [ -5.375608419535595, 38.569126566630246 ], [ -5.379223316220035, 38.567542188034629 ], [ -5.388589184902436, 38.563284170558902 ], [ -5.385631542160624, 38.558828105758728 ], [ -5.384645661246687, 38.557342750825335 ], [ -5.389410752330718, 38.553678875322966 ], [ -5.392204081586875, 38.551500354753991 ], [ -5.391546827644248, 38.550807189118409 ], [ -5.384809974732349, 38.543974556424807 ], [ -5.384645661246687, 38.539221420637951 ], [ -5.395654664785653, 38.545063816709295 ], [ -5.397626426613527, 38.546054053331552 ], [ -5.405349160439371, 38.54417260374926 ], [ -5.404856219982406, 38.535953639784488 ], [ -5.415207969578745, 38.529715149064238 ], [ -5.412086013351278, 38.522882516370636 ], [ -5.41110013243734, 38.520803019463891 ], [ -5.414222088664808, 38.520010830166079 ], [ -5.416358163978337, 38.51951571185495 ], [ -5.418165612320557, 38.516049883677034 ], [ -5.419480120205804, 38.51337624479693 ], [ -5.422437762947617, 38.513574292121383 ], [ -5.427860107974276, 38.513871363108059 ], [ -5.433118139515273, 38.507632872387809 ], [ -5.435089901343147, 38.505157280832158 ], [ -5.437883230599304, 38.504860209845482 ], [ -5.445770277910796, 38.503968996885447 ], [ -5.450535368994828, 38.498225624476326 ], [ -5.456450654478452, 38.498522695463009 ], [ -5.462530253447731, 38.490996897133819 ], [ -5.465159269218233, 38.487828139942586 ], [ -5.471896122130133, 38.485748643035834 ], [ -5.479125915499012, 38.483570122466858 ], [ -5.481590617783851, 38.475945300475445 ], [ -5.485369827953946, 38.464260508332764 ], [ -5.488984724638378, 38.465151721292798 ], [ -5.490956486466253, 38.465646839603927 ], [ -5.493585502236755, 38.462676129737147 ], [ -5.496214518007257, 38.459408348883684 ], [ -5.504923132747031, 38.457724946625838 ], [ -5.510509791259345, 38.461091751141524 ], [ -5.514453314915094, 38.463567342697182 ], [ -5.521025854341339, 38.460101514519266 ], [ -5.522504675712248, 38.459408348883684 ], [ -5.523161929654876, 38.459012254234779 ], [ -5.55273835707299, 38.445148941523115 ], [ -5.56933401912427, 38.431582699798135 ], [ -5.572784602323047, 38.42336373583337 ], [ -5.583793605862013, 38.400984388170258 ], [ -5.58477948677595, 38.386923028134149 ], [ -5.581000276605856, 38.382268916009515 ], [ -5.570648527009517, 38.377812851209342 ], [ -5.565883435925485, 38.375733354302596 ], [ -5.56571912243983, 38.371673384151322 ], [ -5.56539049546852, 38.368207555973406 ], [ -5.563418733640646, 38.367613414000047 ], [ -5.560625404384488, 38.366623177377789 ], [ -5.564568928040238, 38.362959301875421 ], [ -5.56752657078205, 38.360285662995317 ], [ -5.568019511239015, 38.349987202123799 ], [ -5.574592050665267, 38.329489304042987 ], [ -5.56818382472467, 38.325231286567259 ], [ -5.554710118900864, 38.316121109642459 ], [ -5.551095222216425, 38.309387500611081 ], [ -5.551423849187742, 38.302059749606343 ], [ -5.545179936732808, 38.293840785641578 ], [ -5.54419405581887, 38.287602294921328 ], [ -5.543208174904933, 38.281264780538855 ], [ -5.538607397306556, 38.278888212645427 ], [ -5.537621516392619, 38.278393094334298 ], [ -5.537292889421309, 38.276808715738682 ], [ -5.536307008507372, 38.272748745587407 ], [ -5.532199171365967, 38.268886822760585 ], [ -5.527105453310625, 38.264034663311506 ], [ -5.528584274681528, 38.258885432875751 ], [ -5.52940584210981, 38.255914723008964 ], [ -5.5279270207389, 38.253637178777765 ], [ -5.523983497083151, 38.247695759044191 ], [ -5.524147810568813, 38.22244472517653 ], [ -5.524147810568813, 38.219969133620872 ], [ -5.523490556626186, 38.217196471078545 ], [ -5.521025854341339, 38.207294104855926 ], [ -5.531048976966368, 38.203036087380205 ], [ -5.537785829878274, 38.200164401175648 ], [ -5.537785829878274, 38.195807360037698 ], [ -5.537785829878274, 38.190460082277482 ], [ -5.539921905191804, 38.187687419735155 ], [ -5.542879547933616, 38.183924520570557 ], [ -5.540907786105741, 38.175309461956886 ], [ -5.539921905191804, 38.171051444481158 ], [ -5.536799948964337, 38.168080734614378 ], [ -5.538936024277866, 38.161743220231905 ], [ -5.546823071589365, 38.16075298360964 ], [ -5.549616400845522, 38.160455912622965 ], [ -5.55093090873077, 38.158871534027348 ], [ -5.558653642556614, 38.149662333440311 ], [ -5.57179872140911, 38.149167215129182 ], [ -5.576563812493141, 38.148969167804729 ], [ -5.58477948677595, 38.140651180177734 ], [ -5.58477948677595, 38.13173905057738 ], [ -5.633087651558874, 38.137779493973177 ], [ -5.645739789954405, 38.126886891128301 ], [ -5.666278975661427, 38.109458726576499 ], [ -5.668415050974957, 38.105497780087454 ], [ -5.670879753259804, 38.10094269162505 ], [ -5.691911879423799, 38.085197929331095 ], [ -5.710479303302947, 38.081137959179827 ], [ -5.712122438159511, 38.082326243126538 ], [ -5.714258513473041, 38.082821361437666 ], [ -5.716065961815261, 38.083217456086572 ], [ -5.7196808584997, 38.085098905668872 ], [ -5.725596143983317, 38.086188165953359 ], [ -5.732990250837851, 38.087574497224523 ], [ -5.734962012665726, 38.086287189615582 ], [ -5.734797699180071, 38.098863194718305 ], [ -5.734469072208753, 38.110746034185439 ], [ -5.736769461007945, 38.117380619554595 ], [ -5.740220044206723, 38.126886891128301 ], [ -5.735126326151381, 38.134511713119714 ], [ -5.729046727182102, 38.136690233688689 ], [ -5.720502425927975, 38.135997068053108 ], [ -5.715080080901323, 38.135600973404202 ], [ -5.697991478393078, 38.148276002169148 ], [ -5.696841283993486, 38.152732066969328 ], [ -5.7012777481062, 38.159663723325153 ], [ -5.704071077362357, 38.16382271713865 ], [ -5.7012777481062, 38.168179758276601 ], [ -5.694869522165611, 38.169070971236636 ], [ -5.694212268222984, 38.168278781938831 ], [ -5.68435345908361, 38.157089108107272 ], [ -5.688461296225015, 38.169863160534447 ], [ -5.688296982739359, 38.180161621405965 ], [ -5.692569133366426, 38.180359668730418 ], [ -5.697498537936106, 38.180557716054871 ], [ -5.696348343536513, 38.18422159155724 ], [ -5.695691089593893, 38.185706946490626 ], [ -5.702592255991455, 38.186202064801762 ], [ -5.712615378616483, 38.186796206775114 ], [ -5.720173798956665, 38.191747389886423 ], [ -5.727896532782509, 38.196797596659955 ], [ -5.741370238606315, 38.193628839468722 ], [ -5.745971016204692, 38.189469845655225 ], [ -5.749421599403469, 38.187093277761797 ], [ -5.757637273686278, 38.181448929014906 ], [ -5.763223932198592, 38.182538189299393 ], [ -5.779983907735527, 38.185607922828403 ], [ -5.792143105674086, 38.178973337459254 ], [ -5.79871564510033, 38.175408485619108 ], [ -5.804302303612644, 38.177487982525861 ], [ -5.804630930583954, 38.177686029850314 ], [ -5.804959557555271, 38.177487982525861 ], [ -5.810546216067578, 38.174814343645757 ], [ -5.814161112752018, 38.176299698579143 ], [ -5.816297188065548, 38.177388958863631 ], [ -5.818597576864732, 38.175804580268014 ], [ -5.825498743262294, 38.170754373494482 ], [ -5.835521865887323, 38.173725083361269 ], [ -5.83798656817217, 38.174517272659074 ], [ -5.851624587481631, 38.171942657441193 ], [ -5.853924976280815, 38.167882687289925 ], [ -5.8573755594796, 38.161842243894128 ], [ -5.868548876504221, 38.158772510365118 ], [ -5.87610729684441, 38.156693013458373 ], [ -5.877750431700967, 38.146988694560207 ], [ -5.880215133985814, 38.13362050015968 ], [ -5.885801792498121, 38.132432216212969 ], [ -5.894839034209213, 38.13055076663067 ], [ -5.902726081520711, 38.126886891128301 ], [ -5.911927636717458, 38.12262887365258 ], [ -5.926058596483891, 38.104507543465196 ], [ -5.927701731340456, 38.088366686522335 ], [ -5.922772326770769, 38.085296952993325 ], [ -5.911927636717458, 38.078662367624169 ], [ -5.908641367004336, 38.0677697647793 ], [ -5.919978997514612, 38.05053964755195 ], [ -5.926715850426518, 38.050044529240814 ], [ -5.928194671797421, 38.049945505578592 ], [ -5.934438584252362, 38.045885535427317 ], [ -5.936410346080237, 38.040538257667109 ], [ -5.935588778651955, 38.037864618787005 ], [ -5.933452703338425, 38.031923199053431 ], [ -5.936574659565892, 38.02449642438647 ], [ -5.938710734879422, 38.021228643533007 ], [ -5.953827575559792, 37.995383467691987 ], [ -5.958921293615134, 37.998552224883227 ], [ -5.960235801500382, 37.999443437843262 ], [ -5.99260555817466, 37.999047343194356 ], [ -6.003614561713626, 37.993303970785242 ], [ -6.00591495051281, 37.992115686838524 ], [ -6.018074148451369, 37.991719592189618 ], [ -6.022017672107118, 37.993502018109695 ], [ -6.03138354078952, 37.997760035585415 ], [ -6.037956080215771, 37.995779562340893 ], [ -6.039434901586674, 37.995284444029764 ], [ -6.047321948898173, 37.996472727976474 ], [ -6.05011527815433, 37.99686882262538 ], [ -6.055373309695327, 37.994591278394182 ], [ -6.077062689801949, 37.985184030482692 ], [ -6.10943244647622, 37.982213320615912 ], [ -6.115183418474189, 37.981619178642553 ], [ -6.136215544638183, 37.972211930731071 ], [ -6.148539056062397, 37.965082227050786 ], [ -6.153139833660774, 37.95864568900609 ], [ -6.166942166455897, 37.955377908152627 ], [ -6.180251558794048, 37.941118500792065 ], [ -6.195039772503108, 37.94933746475683 ], [ -6.195204085988763, 37.95250622194807 ], [ -6.195368399474418, 37.95557595547708 ], [ -6.202105252386325, 37.961121280561741 ], [ -6.217879347009315, 37.959536901966125 ], [ -6.233324814661003, 37.957952523370508 ], [ -6.24252636985775, 37.961121280561741 ], [ -6.243183623800377, 37.961616398872877 ], [ -6.252385178997123, 37.97102364678436 ], [ -6.29362786389683, 37.97706409018015 ], [ -6.302336478636612, 37.978351397789091 ], [ -6.304636867435796, 37.980628942020296 ], [ -6.309237645034166, 37.985184030482692 ], [ -6.328133695884631, 37.997462964598739 ], [ -6.338321131995322, 38.000433674465519 ], [ -6.346701119763786, 38.002909266021177 ], [ -6.359188944673654, 38.016673555070611 ], [ -6.359024631187999, 38.021228643533007 ], [ -6.360010512101937, 38.02766518157771 ], [ -6.361489333472846, 38.037270476813646 ], [ -6.369047753813028, 38.048955268956327 ], [ -6.378906562952402, 38.048757221631874 ], [ -6.389586939520058, 38.048559174307428 ], [ -6.407825736427895, 38.055985948974389 ], [ -6.412919454483237, 38.058065445881134 ], [ -6.443317449329633, 38.059253729827851 ], [ -6.451368810126787, 38.055688877987706 ], [ -6.449397048298913, 38.05232207347202 ], [ -6.445617838128825, 38.045885535427317 ], [ -6.457941349553039, 38.038854855409262 ], [ -6.465171142921911, 38.034794885257995 ], [ -6.473551130690375, 38.021228643533007 ], [ -6.471907995833817, 38.016970626057287 ], [ -6.471743682348162, 38.016475507746158 ], [ -6.465828396864538, 38.012415537594883 ], [ -6.478809162231379, 38.008157520119163 ], [ -6.49063973319862, 38.009642875052549 ], [ -6.492940121997812, 38.013603821541601 ], [ -6.496226391710934, 38.019050122964032 ], [ -6.518408712274521, 38.021228643533007 ], [ -6.546506318321732, 38.027863228902163 ], [ -6.565566682657852, 38.026674944955445 ], [ -6.567374131000072, 38.024991542697606 ], [ -6.569674519799257, 38.022713998466401 ], [ -6.581833717737815, 38.021228643533007 ], [ -6.587256062764475, 38.026872992279898 ], [ -6.58347685259438, 38.043310920209443 ], [ -6.58134077728085, 38.053015239107602 ], [ -6.622583462180557, 38.097179792460459 ], [ -6.637371675889618, 38.096288579500424 ], [ -6.642958334401925, 38.096090532175971 ], [ -6.644108528801517, 38.095100295553713 ], [ -6.648709306399894, 38.090842278077986 ], [ -6.651995576113016, 38.095100295553713 ], [ -6.652652830055644, 38.095991508513748 ], [ -6.655610472797456, 38.095100295553713 ], [ -6.6621830122237, 38.093020798646961 ], [ -6.672534761820046, 38.095001271891483 ], [ -6.682229257473757, 38.096882721473783 ], [ -6.688966110385664, 38.098962218380528 ], [ -6.694224141926661, 38.095298342878166 ], [ -6.711477057920568, 38.095001271891483 ], [ -6.715256268090656, 38.09480322456703 ], [ -6.720678613117315, 38.099853431340563 ], [ -6.729387227857089, 38.098665147393852 ], [ -6.731030362713653, 38.094704200904808 ], [ -6.732837811055873, 38.090842278077986 ], [ -6.758142087846927, 38.093812987944773 ], [ -6.767343643043674, 38.099556360353887 ], [ -6.766357762129736, 38.102725117545127 ], [ -6.765536194701461, 38.105002661776325 ], [ -6.768658150928928, 38.104804614451872 ], [ -6.772437361099016, 38.104507543465196 ], [ -6.772108734127706, 38.107775324318659 ], [ -6.771451480185078, 38.11203334179438 ], [ -6.77835264658264, 38.111142128834345 ], [ -6.790018904064233, 38.109656773900952 ], [ -6.800370653660572, 38.113914791376679 ], [ -6.807764760515106, 38.111934318132157 ], [ -6.815980434797915, 38.120153282096922 ], [ -6.812694165084793, 38.126886891128301 ], [ -6.808914954914698, 38.134709760444167 ], [ -6.803328296402384, 38.140750203839964 ], [ -6.799877713203607, 38.144612126666779 ], [ -6.79922045926098, 38.150652570062576 ], [ -6.798727518804014, 38.154514492889398 ], [ -6.79527693560523, 38.161446149245222 ], [ -6.7931408602917, 38.16570416672095 ], [ -6.795112622119575, 38.178577242810348 ], [ -6.806614566115513, 38.176695793228049 ], [ -6.822552974224159, 38.174121178010168 ], [ -6.849171758900468, 38.177587006188084 ], [ -6.859030568039842, 38.181944047326034 ], [ -6.863467032152556, 38.183924520570557 ], [ -6.902245014767423, 38.201154637797906 ], [ -6.91144656996417, 38.200956590473453 ], [ -6.922291260017481, 38.20085756681123 ], [ -6.924920275787976, 38.205313631611403 ], [ -6.931657128699882, 38.208383365140413 ], [ -6.937572414183506, 38.208383365140413 ], [ -6.937736727669161, 38.213730642900629 ], [ -6.937901041154817, 38.219672062634196 ], [ -6.942666132238848, 38.216107210794057 ], [ -6.947266909837225, 38.212542358953911 ], [ -6.948252790751162, 38.214918926847339 ], [ -6.9492386716651, 38.217295494740767 ], [ -6.956468465033971, 38.216503305442956 ], [ -6.961069242632348, 38.212344311629458 ], [ -6.971420992228687, 38.203432182029111 ], [ -6.978486472111904, 38.207492152180379 ], [ -6.979800979997151, 38.208680436127096 ], [ -6.981772741825026, 38.210561885709389 ], [ -6.990481356564807, 38.206501915558121 ], [ -6.996068015077114, 38.20392730034024 ], [ -7.002640554503365, 38.204125347664693 ], [ -7.010363288329209, 38.204224371326916 ], [ -7.010363288329209, 38.199372211877836 ], [ -7.010527601814864, 38.197391738633314 ], [ -7.013649558042331, 38.196797596659955 ], [ -7.015621319870206, 38.196401502011049 ], [ -7.017100141241109, 38.193925910455398 ], [ -7.019071903068983, 38.190460082277482 ], [ -7.028437771751392, 38.183231354934975 ], [ -7.034353057235016, 38.185013780855044 ], [ -7.039939715747323, 38.186697183112891 ], [ -7.045690687745292, 38.185112804517274 ], [ -7.046512255173575, 38.18412256789501 ], [ -7.049634211401042, 38.180458692392641 ], [ -7.058507139626478, 38.178874313797024 ], [ -7.057356945226886, 38.183231354934975 ], [ -7.056864004769913, 38.185013780855044 ], [ -7.065079679052722, 38.186301088463985 ], [ -7.067051440880597, 38.181646976339358 ], [ -7.06820163528019, 38.178577242810348 ], [ -7.08479729733147, 38.170358278845576 ], [ -7.088905134472874, 38.176893840552502 ], [ -7.089562388415501, 38.177785053512537 ], [ -7.091041209786404, 38.178181148161443 ], [ -7.09777806269831, 38.179765526757059 ], [ -7.107965498808994, 38.188083514384054 ], [ -7.118481561890995, 38.214225761211758 ], [ -7.128176057544707, 38.224821293069958 ], [ -7.141814076854175, 38.239773866066102 ], [ -7.14411446565336, 38.253835226102211 ], [ -7.145593287024269, 38.262549308378112 ], [ -7.159066992848075, 38.279482354618786 ], [ -7.159888560276357, 38.279581378281009 ], [ -7.168597175016139, 38.280076496592145 ], [ -7.168432861530476, 38.284532561392318 ], [ -7.183056761753882, 38.296811495508358 ], [ -7.194230078778503, 38.315229896682418 ], [ -7.203103007003939, 38.329786375029663 ], [ -7.230379045622868, 38.354641314248425 ], [ -7.260612726983609, 38.384150365591815 ], [ -7.268335460809453, 38.391775187583228 ], [ -7.274250746293077, 38.40474728733485 ], [ -7.280987599204984, 38.419204742019872 ], [ -7.286409944231636, 38.423660806820045 ], [ -7.293475424114853, 38.42772077697132 ], [ -7.297254634284947, 38.426631516686832 ], [ -7.299062082627167, 38.426136398375697 ], [ -7.304648741139474, 38.430196368526971 ], [ -7.317958133477624, 38.439801663762907 ], [ -7.322723224561656, 38.438712403478419 ], [ -7.335703989928497, 38.435840717273862 ], [ -7.330610271873155, 38.443663586589729 ], [ -7.323709105475594, 38.446436249132056 ], [ -7.31598637164975, 38.449505982661066 ], [ -7.314014609821882, 38.457229828314709 ], [ -7.3131930423936, 38.460299561843719 ], [ -7.309742459194815, 38.462081987763789 ], [ -7.302512665825944, 38.465448792279474 ], [ -7.297747574741912, 38.473469708919794 ], [ -7.29626875337101, 38.479213081328908 ], [ -7.300047963541104, 38.482678909506824 ], [ -7.306784816453003, 38.481787696546789 ], [ -7.310564026623098, 38.478618939355556 ], [ -7.314671863764502, 38.47515311117764 ], [ -7.321737343647719, 38.47812382104442 ], [ -7.311221280565725, 38.516247931001487 ], [ -7.308756578280878, 38.519218640868267 ], [ -7.302512665825944, 38.527140533846364 ], [ -7.303005606282916, 38.538330207677916 ], [ -7.303169919768571, 38.543479438113678 ], [ -7.297090320799292, 38.550411094469503 ], [ -7.296104439885355, 38.551698402078443 ], [ -7.289531900459103, 38.559224200407634 ], [ -7.288381706059511, 38.562888075909996 ], [ -7.285424063317699, 38.573681655092649 ], [ -7.279837404805384, 38.575563104674941 ], [ -7.273922119321767, 38.577543577919464 ], [ -7.261762921383202, 38.595367837120172 ], [ -7.260612726983609, 38.597348310364694 ], [ -7.260448413497954, 38.604180943058296 ], [ -7.260284100012299, 38.604279966720526 ], [ -7.259462532584017, 38.606458487289501 ], [ -7.255354695442612, 38.611607717725256 ], [ -7.244838632360619, 38.624777864801338 ], [ -7.249768036930298, 38.62854076396593 ], [ -7.255847635899585, 38.628639787628153 ], [ -7.264227623668049, 38.628738811290383 ], [ -7.269157028237736, 38.637056798917378 ], [ -7.265870758524613, 38.684786204110374 ], [ -7.264720564125014, 38.700431942742107 ], [ -7.259298219098362, 38.709047001355785 ], [ -7.253711560586048, 38.717761083631679 ], [ -7.253382933614738, 38.720137651525107 ], [ -7.252561366186455, 38.728257591827649 ], [ -7.240237854762242, 38.735585342832387 ], [ -7.234979823221245, 38.736377532130199 ], [ -7.225613954538836, 38.737664839739139 ], [ -7.203103007003939, 38.751033034139667 ], [ -7.191765376493663, 38.767966080380333 ], [ -7.175334027928038, 38.774303594762806 ], [ -7.168432861530476, 38.776878209980687 ], [ -7.158081111934138, 38.784602055634323 ], [ -7.155287782677981, 38.791038593679026 ], [ -7.153973274792733, 38.794306374532489 ], [ -7.128833311487334, 38.813516965004361 ], [ -7.113223530349991, 38.8170818168445 ], [ -7.106979617895057, 38.816784745857824 ], [ -7.095149046927808, 38.815992556560012 ], [ -7.090055328872467, 38.818666195440116 ], [ -7.075760055620378, 38.841441637752133 ], [ -7.067873008308879, 38.854116666517079 ], [ -7.054563615970729, 38.859265896952834 ], [ -7.04092559666126, 38.86461317471305 ], [ -7.034024430263699, 38.877585274464671 ], [ -7.035174624663291, 38.882239386589298 ], [ -7.036982073005511, 38.883328646873785 ], [ -7.039446775290358, 38.884814001807179 ], [ -7.04026834271864, 38.891151516189652 ], [ -7.04092559666126, 38.896300746625414 ], [ -7.043390298946107, 38.898776338181065 ], [ -7.050948719286289, 38.906104089185803 ], [ -7.044704806831355, 38.910857224972652 ], [ -7.0272875773518, 38.924126395710957 ], [ -7.018743276097673, 38.942346749560571 ], [ -6.98522332502381, 38.978688433597561 ], [ -6.964026885374153, 39.012356478754448 ], [ -6.952689254863877, 39.023447128923777 ], [ -6.956468465033971, 39.027606122737275 ], [ -6.966491587659, 39.038597749244374 ], [ -6.965505706745063, 39.042459672071196 ], [ -6.965177079773753, 39.0451333109513 ], [ -6.961890810060623, 39.053154227591619 ], [ -6.960411988689721, 39.056818103093988 ], [ -6.981937055310681, 39.088406651344123 ], [ -6.996232328562776, 39.099200230526776 ], [ -7.029587966150984, 39.116133276767442 ], [ -7.051934600200227, 39.117915702687512 ], [ -7.098106689669621, 39.105636768571472 ], [ -7.100900018925778, 39.103260200678044 ], [ -7.105829423495464, 39.099398277851229 ], [ -7.143950152167704, 39.109300644073841 ], [ -7.148057989309109, 39.119103986634229 ], [ -7.148715243251736, 39.122569814812145 ], [ -7.145921913995579, 39.12781806891013 ], [ -7.137377612741453, 39.143661854866309 ], [ -7.139349374569328, 39.150692534884371 ], [ -7.134255656513986, 39.159505640822495 ], [ -7.133434089085704, 39.167724604787267 ], [ -7.137541926227115, 39.171982622262988 ], [ -7.171226190786633, 39.180597680876659 ], [ -7.195873213635068, 39.185350816663515 ], [ -7.207703784602316, 39.18752933723249 ], [ -7.222327684825714, 39.193866851614963 ], [ -7.231364926536806, 39.203175075864223 ], [ -7.241388049161834, 39.208621377286661 ], [ -7.241059422190524, 39.212879394762382 ], [ -7.240730795219207, 39.218622767171503 ], [ -7.242045303104462, 39.22139542971383 ], [ -7.245002945846274, 39.227930991420756 ], [ -7.243359810989709, 39.235060695101041 ], [ -7.242209616590117, 39.240804067510155 ], [ -7.244674318874956, 39.246250368932593 ], [ -7.247467648131114, 39.252686906977289 ], [ -7.241223735676179, 39.26456974644443 ], [ -7.231529240022461, 39.278433059156086 ], [ -7.266199385495923, 39.300812406819198 ], [ -7.271293103551265, 39.310813796704039 ], [ -7.27178604400823, 39.311705009664074 ], [ -7.29199660274395, 39.328142937593611 ], [ -7.293968364571825, 39.329232197878099 ], [ -7.308756578280878, 39.337649209167317 ], [ -7.308263637823913, 39.343095510589755 ], [ -7.306784816453003, 39.355671515692478 ], [ -7.311878534508345, 39.369039710093006 ], [ -7.318286760448942, 39.376268437435513 ], [ -7.322887538047311, 39.381417667871276 ], [ -7.314671863764502, 39.392805389027281 ], [ -7.312864415422283, 39.399439974396429 ], [ -7.310235399651788, 39.400331187356464 ], [ -7.308263637823913, 39.401024352992053 ], [ -7.302184038854634, 39.415283760352615 ], [ -7.303827173711191, 39.41924470684166 ], [ -7.308427951309568, 39.430533404335442 ], [ -7.305305995082101, 39.44508988268268 ], [ -7.301198157940696, 39.449743994807314 ], [ -7.295611499428382, 39.456081509189787 ], [ -7.305141681596446, 39.463904378505653 ], [ -7.323216165018628, 39.475193075999428 ], [ -7.343426723754341, 39.479352069812926 ], [ -7.348191814838373, 39.487372986453245 ], [ -7.359036504891677, 39.484006181937559 ], [ -7.361829834147834, 39.483114968977517 ], [ -7.379904317570016, 39.493116358862359 ], [ -7.379740004084361, 39.49747340000031 ], [ -7.389270186252425, 39.503216772409431 ], [ -7.388777245795453, 39.517674227094446 ], [ -7.388612932309798, 39.521239078934585 ], [ -7.3912419480803, 39.529953161210486 ], [ -7.399950562820074, 39.533319965726172 ], [ -7.409316431502482, 39.532527776428367 ], [ -7.416217597900037, 39.531933634455008 ], [ -7.42936267675254, 39.534607273335112 ], [ -7.444315203947248, 39.547579373086741 ], [ -7.450723429887844, 39.55857099959384 ], [ -7.452695191715719, 39.561838780447303 ], [ -7.46600458405387, 39.575107951185608 ], [ -7.4853935753613, 39.584020080785955 ], [ -7.488022591131802, 39.585109341070442 ], [ -7.498374340728141, 39.589169311221717 ], [ -7.49952453512774, 39.594516588981932 ], [ -7.500510416041678, 39.598477535470977 ], [ -7.507082955467922, 39.606498452111289 ], [ -7.512012360037609, 39.619866646511824 ], [ -7.520063720834763, 39.626897326529878 ], [ -7.52712920071798, 39.633135817250121 ], [ -7.526636260261014, 39.637294811063619 ], [ -7.526143319804042, 39.641552828539346 ], [ -7.530579783916757, 39.656208330548814 ], [ -7.536002128943416, 39.6614565846468 ], [ -7.542903295340977, 39.66274389225574 ], [ -7.545039370654507, 39.663536081553545 ], [ -7.542738981855322, 39.665516554798074 ], [ -7.539617025627855, 39.666902886069238 ], [ -7.536002128943416, 39.667794099029273 ], [ -7.531237037859384, 39.667893122691495 ], [ -7.528772335574544, 39.667298980718144 ], [ -7.5210496017487, 39.667100933393691 ], [ -7.515955883693358, 39.666704838744785 ], [ -7.512012360037609, 39.666506791420332 ], [ -7.453188132172684, 39.663139986904646 ], [ -7.439385799377568, 39.657495638157755 ], [ -7.4257477800681, 39.651950313073087 ], [ -7.400772130248356, 39.647098153624007 ], [ -7.396828606592607, 39.647791319259589 ], [ -7.375796480428612, 39.651356171099735 ], [ -7.341290648440811, 39.643236230797193 ], [ -7.333896541586277, 39.641552828539346 ], [ -7.325187926846503, 39.644820609392809 ], [ -7.317958133477624, 39.647593271935143 ], [ -7.291339348801323, 39.657891732806661 ], [ -7.290024840916075, 39.659773182388953 ], [ -7.287067198174263, 39.6614565846468 ], [ -7.275565254178325, 39.663635105215775 ], [ -7.272278984465203, 39.663635105215775 ], [ -7.268664087780763, 39.664625341838033 ], [ -7.264227623668049, 39.665912649446973 ], [ -7.256997830299177, 39.666011673109203 ], [ -7.245824513274556, 39.667001909731461 ], [ -7.227421402881056, 39.662941939580193 ], [ -7.217233966770372, 39.660763419011218 ], [ -7.207703784602316, 39.660763419011218 ], [ -7.192422630436283, 39.660763419011218 ], [ -7.188972047237506, 39.660367324362312 ], [ -7.187328912380941, 39.6595751350645 ], [ -7.184371269639129, 39.659377087740047 ], [ -7.178948924612477, 39.65838685111779 ], [ -7.17648422232763, 39.657891732806661 ], [ -7.170568936844006, 39.65660442519772 ], [ -7.167939921073511, 39.656010283224362 ], [ -7.163010516503824, 39.655713212237686 ], [ -7.161531695132915, 39.655614188575456 ], [ -7.16103875467595, 39.655515164913233 ], [ -7.152658766907486, 39.653336644344257 ], [ -7.150522691593949, 39.653039573357574 ], [ -7.146743481423862, 39.653039573357574 ], [ -7.136227418341861, 39.658188803793337 ], [ -7.124396847374612, 39.663932176202451 ], [ -7.090548269329439, 39.663536081553545 ], [ -7.075924369106033, 39.660367324362312 ], [ -7.064751052081412, 39.657990756468884 ], [ -7.015292692898896, 39.672844305802805 ], [ -7.00822721301568, 39.685222263581075 ], [ -7.003462121931648, 39.699976789252766 ], [ -6.999354284790243, 39.712552794355489 ], [ -6.993931939763584, 39.720177616346902 ], [ -6.989002535193897, 39.726812201716051 ], [ -6.990152729593497, 39.730179006231744 ], [ -6.991795864450054, 39.734932142018593 ], [ -6.988509594736932, 39.75325151953043 ], [ -6.984566071081183, 39.766223619282059 ], [ -6.980622547425433, 39.770382613095556 ], [ -6.977336277712311, 39.773848441273472 ], [ -6.980458233939778, 39.779789861007039 ], [ -6.988673908222587, 39.795138528652089 ], [ -6.982265682281998, 39.818112018288552 ], [ -6.968463349486875, 39.825835863942196 ], [ -6.959097480804473, 39.824944650982154 ], [ -6.958111599890536, 39.824845627319931 ], [ -6.94989592560772, 39.827816337186718 ], [ -6.947595536808535, 39.830688023391275 ], [ -6.945130834523695, 39.833856780582508 ], [ -6.940201429954008, 39.836134324813713 ], [ -6.936586533269569, 39.837817727071553 ], [ -6.936586533269569, 39.839897223978305 ], [ -6.936586533269569, 39.842867933845092 ], [ -6.933300263556447, 39.849502519214241 ], [ -6.92623478367323, 39.856830270218971 ], [ -6.918840676818697, 39.858018554165689 ], [ -6.916375974533857, 39.858513672476818 ], [ -6.904381090080953, 39.872079914201798 ], [ -6.903395209167016, 39.885547132264556 ], [ -6.906188538423173, 39.891488551998123 ], [ -6.900930506882176, 39.900202634274024 ], [ -6.901094820367831, 39.910402071483318 ], [ -6.905366970994891, 39.916244467554655 ], [ -6.907667359794075, 39.919314201083672 ], [ -6.901752074310451, 39.930008756604089 ], [ -6.896658356255109, 39.932187277173064 ], [ -6.893865026998959, 39.933375561119782 ], [ -6.885649352716143, 39.942188667057906 ], [ -6.886306606658771, 39.947833015804797 ], [ -6.887949741515335, 39.962191446827589 ], [ -6.880884261632119, 39.971895765725748 ], [ -6.884827785287868, 39.980312777014973 ], [ -6.874147408720212, 39.995958515646699 ], [ -6.874640349177177, 40.006455023842669 ], [ -6.87086113900709, 40.007643307789387 ], [ -6.866588988380023, 40.008930615398327 ], [ -6.865931734437403, 40.01388179850963 ], [ -6.871354079464055, 40.016159342740835 ], [ -6.875954857062432, 40.018139815985357 ], [ -6.878748186318582, 40.028933395168004 ], [ -6.882034456031711, 40.041608423932949 ], [ -6.889428562886238, 40.047153749017617 ], [ -6.895672475341172, 40.051807861142244 ], [ -6.89452228094158, 40.055867831293519 ], [ -6.893372086541987, 40.05963073045811 ], [ -6.906024224937518, 40.063195582298249 ], [ -6.916047347562547, 40.065968244840583 ], [ -6.917526168933449, 40.071810640911927 ], [ -6.920483811675261, 40.083594456716838 ], [ -6.932971636585137, 40.099438242673017 ], [ -6.935272025384322, 40.10280504718871 ], [ -6.940201429954008, 40.10409235479765 ], [ -6.942830445724503, 40.104785520433232 ], [ -6.942830445724503, 40.107756230300012 ], [ -6.942666132238848, 40.112608389749091 ], [ -6.953675135777814, 40.113400579046903 ], [ -6.954825330177407, 40.112905460735774 ], [ -6.960740615661031, 40.110330845517893 ], [ -6.964191198859815, 40.114291792006938 ], [ -6.966327274173345, 40.114786910318067 ], [ -6.986209205937747, 40.118648833144888 ], [ -6.986866459880368, 40.11815371483376 ], [ -6.993110372335302, 40.113400579046903 ], [ -6.994260566734901, 40.118450785820436 ], [ -7.010691915300519, 40.126768773447431 ], [ -7.009541720900927, 40.13053167261203 ], [ -7.009541720900927, 40.130927767260928 ], [ -7.010856228786174, 40.132116051207646 ], [ -7.012335050157084, 40.133403358816587 ], [ -7.014799752441924, 40.141919393768035 ], [ -7.018743276097673, 40.145286198283721 ], [ -7.015292692898896, 40.149346168434995 ], [ -7.013649558042331, 40.151425665341741 ], [ -7.013978185013642, 40.15934755831983 ], [ -7.019236216554646, 40.168061640595731 ], [ -7.016278573812833, 40.17786498315612 ], [ -7.02400130763867, 40.183113237254105 ], [ -7.028273458265737, 40.185885899796439 ], [ -7.025973069466545, 40.192322437841135 ], [ -7.022358172782113, 40.195392171370152 ], [ -7.019400530040301, 40.197867762925803 ], [ -7.013813871527987, 40.217573471708803 ], [ -7.011184855757492, 40.226782672295833 ], [ -6.997711149933679, 40.235496754571734 ], [ -6.980951174396743, 40.240051843034138 ], [ -6.976021769827057, 40.240249890358591 ], [ -6.974378634970499, 40.239160630074103 ], [ -6.970928051771715, 40.236883085842898 ], [ -6.964191198859815, 40.238269417114068 ], [ -6.955318270634379, 40.248567877985586 ], [ -6.95137474697863, 40.25748000758594 ], [ -6.923441454417073, 40.258074149559292 ], [ -6.910625002535888, 40.255004416030282 ], [ -6.893043459570677, 40.259955599141591 ], [ -6.880719948146456, 40.259361457168232 ], [ -6.870368198550118, 40.26352045098173 ], [ -6.865110167009121, 40.270650154662015 ], [ -6.863467032152556, 40.269263823390851 ], [ -6.846871370101283, 40.254509297719153 ], [ -6.842434905988561, 40.254806368705836 ], [ -6.840627457646342, 40.254905392368059 ], [ -6.83766981490453, 40.25134054052792 ], [ -6.83487648564838, 40.248072759674457 ], [ -6.830111394564348, 40.247973736012227 ], [ -6.824524736052034, 40.247973736012227 ], [ -6.823703168623759, 40.247379594038875 ], [ -6.819595331482347, 40.244507907834311 ], [ -6.805135744744604, 40.241834268954207 ], [ -6.801027907603199, 40.242923529238695 ], [ -6.800863594117544, 40.2452010734699 ], [ -6.800370653660572, 40.249657138270074 ], [ -6.781638916295769, 40.249162019958945 ], [ -6.778188333096985, 40.245597168118799 ], [ -6.765700508187116, 40.241933292616437 ], [ -6.755677385562088, 40.23896258274965 ], [ -6.753705623734213, 40.245003026145447 ], [ -6.752226802363303, 40.249459090945621 ], [ -6.720678613117315, 40.267382373808552 ], [ -6.71837822431813, 40.268768705079715 ], [ -6.712134311863188, 40.26659018451074 ], [ -6.706219026379564, 40.256885865612581 ], [ -6.702439816209477, 40.250746398554561 ], [ -6.690116304785256, 40.242725481914242 ], [ -6.689787677813946, 40.244804978820994 ], [ -6.688966110385664, 40.245894239105482 ], [ -6.688473169928699, 40.246686428403287 ], [ -6.687651602500416, 40.24698349938997 ], [ -6.68272219793073, 40.248765925310039 ], [ -6.677792793361043, 40.251043469541237 ], [ -6.677792793361043, 40.25441027405693 ], [ -6.677792793361043, 40.258074149559292 ], [ -6.673520642733983, 40.261539977737208 ], [ -6.671877507877419, 40.263322403657284 ], [ -6.64312264788758, 40.26787749211968 ], [ -6.640000691660113, 40.268966752404168 ], [ -6.637371675889618, 40.267283350146329 ], [ -6.636221481490026, 40.26659018451074 ], [ -6.634578346633461, 40.264708734928448 ], [ -6.632770898291241, 40.264807758590671 ], [ -6.625212477951059, 40.26659018451074 ], [ -6.614860728354714, 40.266095066199611 ], [ -6.60680936755756, 40.268273586768586 ], [ -6.598100752817786, 40.271442343959826 ], [ -6.597443498875158, 40.271739414946502 ], [ -6.596786244932531, 40.271541367622049 ], [ -6.592514094305471, 40.270848201986468 ], [ -6.587091749278819, 40.270749178324245 ], [ -6.584791360479628, 40.273125746217666 ], [ -6.58314822562307, 40.274809148475512 ], [ -6.580683523338223, 40.27589840876 ], [ -6.579533328938631, 40.276393527071129 ], [ -6.574768237854599, 40.277680834680069 ], [ -6.571153341170167, 40.279463260600139 ], [ -6.568524325399665, 40.283127136102507 ], [ -6.56441648825826, 40.285701751320389 ], [ -6.558336889288981, 40.290256839782792 ], [ -6.556200813975451, 40.290850981756151 ], [ -6.558994143231608, 40.296099235854136 ], [ -6.556858067918071, 40.305902578414518 ], [ -6.560472964602511, 40.309764501241339 ], [ -6.56474511522957, 40.314616660690419 ], [ -6.563101980373013, 40.316795181259394 ], [ -6.562937666887358, 40.319072725490599 ], [ -6.561294532030793, 40.32342976662855 ], [ -6.560637278088166, 40.325212192548619 ], [ -6.560308651116856, 40.326301452833107 ], [ -6.560472964602511, 40.329074115375441 ], [ -6.553078857747984, 40.335114558771231 ], [ -6.548149453178297, 40.338481363286924 ], [ -6.54354867557992, 40.342244262451516 ], [ -6.538619271010234, 40.345313995980526 ], [ -6.536318882211049, 40.347294469225048 ], [ -6.534182806897519, 40.347690563873954 ], [ -6.53056791021308, 40.349472989794023 ], [ -6.526788700042985, 40.350958344727417 ], [ -6.523338116844208, 40.352047605011904 ], [ -6.518080085303211, 40.353136865296392 ], [ -6.516436950446646, 40.354325149243103 ], [ -6.493433062454777, 40.362048994896746 ], [ -6.48817503091378, 40.363138255181234 ], [ -6.485874642114595, 40.363336302505679 ], [ -6.477823281317441, 40.368485532941442 ], [ -6.474701325089974, 40.370168935199288 ], [ -6.471415055376845, 40.370664053510417 ], [ -6.46763584520675, 40.372347455768264 ], [ -6.463199381094036, 40.372842574079392 ], [ -6.455312333782537, 40.371159171821546 ], [ -6.450875869669822, 40.370961124497093 ], [ -6.450218615727195, 40.370961124497093 ], [ -6.447096659499728, 40.371060148159323 ], [ -6.444960584186198, 40.371456242808229 ], [ -6.440359806587821, 40.372941597741615 ], [ -6.438388044759947, 40.372842574079392 ], [ -6.438880985216919, 40.377100591555113 ], [ -6.439538239159539, 40.381160561706388 ], [ -6.418670426481206, 40.398885797244866 ], [ -6.412919454483237, 40.400371152178259 ], [ -6.406182601571331, 40.401955530773876 ], [ -6.400103002602052, 40.400668223164935 ], [ -6.393037522718835, 40.399182868231549 ], [ -6.373648531411405, 40.401163341476071 ], [ -6.361982273929812, 40.407104761209638 ], [ -6.361489333472846, 40.415422748836633 ], [ -6.364611289700314, 40.417502245743378 ], [ -6.365268543642934, 40.417997364054514 ], [ -6.365597170614251, 40.422453428854688 ], [ -6.357381496331442, 40.428394848588255 ], [ -6.348179941134688, 40.435029433957411 ], [ -6.347194060220751, 40.43681185987748 ], [ -6.343743477021974, 40.44285230327327 ], [ -6.335856429710475, 40.446714226100092 ], [ -6.315481557489107, 40.449486888642426 ], [ -6.29609256618167, 40.452061503860307 ], [ -6.290670221155018, 40.45532928471377 ], [ -6.287219637956241, 40.457408781620515 ], [ -6.279332590644742, 40.458200970918327 ], [ -6.275389066988993, 40.458597065567233 ], [ -6.271116916361926, 40.460973633460654 ], [ -6.270131035447989, 40.463449225016312 ], [ -6.268487900591431, 40.46760821882981 ], [ -6.264873003906992, 40.470875999683273 ], [ -6.256985956595493, 40.470875999683273 ], [ -6.254849881281963, 40.470875999683273 ], [ -6.250906357626214, 40.474440851523411 ], [ -6.237761278773718, 40.486026620003869 ], [ -6.19865466918754, 40.481471531541466 ], [ -6.193068010675233, 40.475233040821223 ], [ -6.182387634107577, 40.463548248678535 ], [ -6.174993527253051, 40.461171680785107 ], [ -6.155275908974303, 40.454834166402634 ], [ -6.154782968517331, 40.446813249762322 ], [ -6.151003758347244, 40.442357184962141 ], [ -6.145910040291902, 40.436415765228574 ], [ -6.135558290695556, 40.436415765228574 ], [ -6.129971632183249, 40.437901120161968 ], [ -6.116169299388126, 40.441664019326559 ], [ -6.123070465785688, 40.430474345495007 ], [ -6.12849281081234, 40.421859286881329 ], [ -6.122248898357405, 40.419977837299037 ], [ -6.120112823043875, 40.419383695325678 ], [ -6.118962628644283, 40.417601269405608 ], [ -6.117976747730346, 40.415917867147762 ], [ -6.113704597103279, 40.415422748836633 ], [ -6.101545399164721, 40.414234464889915 ], [ -6.082156407857291, 40.403440885707269 ], [ -6.075255241459729, 40.403440885707269 ], [ -6.067532507633885, 40.397103371324796 ], [ -6.075419554945384, 40.393538519484657 ], [ -6.081170526943353, 40.390963904266776 ], [ -6.078212884201541, 40.388290265386672 ], [ -6.074597987517102, 40.385220531857662 ], [ -6.083306602256883, 40.378189851839601 ], [ -6.08462111014213, 40.377199615217343 ], [ -6.084456796656475, 40.375912307608402 ], [ -6.083142288771228, 40.36462361011462 ], [ -6.092015216996664, 40.36155387658561 ], [ -6.105817549791787, 40.356800740798754 ], [ -6.053072920896142, 40.342145238789286 ], [ -6.026618449705495, 40.340857931180352 ], [ -6.016102386623494, 40.340362812869216 ], [ -6.016431013594804, 40.336797961029077 ], [ -6.018238461937024, 40.333530180175615 ], [ -6.018402775422679, 40.331945801579998 ], [ -6.019552969822278, 40.322637577330738 ], [ -6.017252581023087, 40.319171749152822 ], [ -6.016431013594804, 40.316597133934941 ], [ -6.003285934742308, 40.304516247143354 ], [ -5.980774987207411, 40.297584590787523 ], [ -5.968451475783198, 40.28956367414721 ], [ -5.965000892584413, 40.291544147391733 ], [ -5.953827575559792, 40.287583200902688 ], [ -5.941668377621234, 40.284414443711448 ], [ -5.937889167451139, 40.281146662857985 ], [ -5.920964878428549, 40.280948615533532 ], [ -5.917185668258462, 40.277779858342299 ], [ -5.914063712030988, 40.285998822307064 ], [ -5.894839034209213, 40.307685004334594 ], [ -5.893195899352655, 40.315012755339325 ], [ -5.892210018438718, 40.320161985775087 ], [ -5.884322971127219, 40.326598523819783 ], [ -5.87610729684441, 40.326697547482013 ], [ -5.849981452625066, 40.338283315962471 ], [ -5.852774781881223, 40.331747754255545 ], [ -5.849981452625066, 40.329965328335476 ], [ -5.847188123368916, 40.328083878753176 ], [ -5.84045127045701, 40.333332132851162 ], [ -5.819090517321705, 40.349770060780699 ], [ -5.797565450700738, 40.353334912620845 ], [ -5.782612923506022, 40.314319589703743 ], [ -5.793128986588023, 40.301149442627668 ], [ -5.79625094281549, 40.299763111356498 ], [ -5.801508974356487, 40.2974855671253 ], [ -5.793128986588023, 40.286791011604876 ], [ -5.776697638022398, 40.282433970466926 ], [ -5.765031380540812, 40.280849591871309 ], [ -5.744492194833782, 40.288870508511621 ], [ -5.737591028436221, 40.294118762609614 ] ] ] } },
{ "type": "Feature", "properties": { "index": 1487, "nuts_2_code": "ES22", "nuts_2_name": "Comunidad Foral de Navarra" }, "geometry": { "type": "MultiPolygon", "coordinates": [ [ [ [ -0.724550894550987, 42.920127261184632 ], [ -0.741146556602267, 42.918938977237914 ], [ -0.752812814083853, 42.924088207673677 ], [ -0.782553554987629, 42.921414568793566 ], [ -0.802106859780714, 42.907650279744132 ], [ -0.817388013946747, 42.901609836348342 ], [ -0.820838597145524, 42.893390872383563 ], [ -0.815087625147555, 42.887548476312233 ], [ -0.815251938633217, 42.876655873467357 ], [ -0.820509970174214, 42.867644720204765 ], [ -0.830861719770553, 42.865367175973574 ], [ -0.847786008793143, 42.848533153395124 ], [ -0.856330310047269, 42.846255609163933 ], [ -0.85485148867636, 42.823480166851908 ], [ -0.852058159420203, 42.808230522869081 ], [ -0.859945206731702, 42.800011558904316 ], [ -0.850415024563645, 42.791990642263997 ], [ -0.848278949250108, 42.786247269854883 ], [ -0.857809131418172, 42.771096649534286 ], [ -0.862902849473514, 42.768918128965311 ], [ -0.865696178729671, 42.763273780218427 ], [ -0.873418912555515, 42.759213810067152 ], [ -0.891986336434663, 42.762481590920615 ], [ -0.899216129803534, 42.760699165000545 ], [ -0.901023578145754, 42.742676858475377 ], [ -0.923041585223686, 42.743964166084325 ], [ -0.924684720080251, 42.740993456217538 ], [ -0.926163541451153, 42.738121770012981 ], [ -0.929778438135592, 42.736339344092912 ], [ -0.935200783162244, 42.733566681550585 ], [ -0.943252143959398, 42.720792629123409 ], [ -0.948510175500395, 42.712276594171954 ], [ -0.955082714926647, 42.711682452198602 ], [ -0.958040357668459, 42.711385381211926 ], [ -0.964612897094703, 42.707523458385097 ], [ -0.970528182578327, 42.704057630207188 ], [ -0.994682264969789, 42.700888873015955 ], [ -1.000761863939076, 42.700096683718144 ], [ -1.018507720389941, 42.701879109638213 ], [ -1.026559081187095, 42.700096683718144 ], [ -1.030009664385879, 42.696531831878005 ], [ -1.029188096957597, 42.695145500606841 ], [ -1.029023783471942, 42.694848429620151 ], [ -1.032967307127691, 42.693066003700082 ], [ -1.033460247584657, 42.692867956375636 ], [ -1.039211219582626, 42.691580648766688 ], [ -1.037896711697378, 42.687322631290968 ], [ -1.036746517297779, 42.681579258881854 ], [ -1.035103382441221, 42.679202690988433 ], [ -1.032474366670719, 42.675538815486064 ], [ -1.036746517297779, 42.668904230116908 ], [ -1.039539846553936, 42.664151094330052 ], [ -1.039211219582626, 42.659794053192101 ], [ -1.039375533068281, 42.657714556285356 ], [ -1.038718279125654, 42.655337988391921 ], [ -1.038061025183033, 42.652961420498499 ], [ -1.036746517297779, 42.651575089227336 ], [ -1.040197100496563, 42.647911213724967 ], [ -1.058600210890056, 42.641870770329177 ], [ -1.093434669849174, 42.64513855118264 ], [ -1.103293478988547, 42.646029764142668 ], [ -1.152423211199753, 42.647515119076061 ], [ -1.156038107884186, 42.622363108870616 ], [ -1.15768124274075, 42.610480269403489 ], [ -1.163103587767402, 42.613351955608039 ], [ -1.168197305822751, 42.61612461815038 ], [ -1.175755726162933, 42.615629499839244 ], [ -1.179534936333027, 42.609391009119001 ], [ -1.175262785705968, 42.605925180941085 ], [ -1.171319262050218, 42.60364763670988 ], [ -1.162939274281747, 42.598795477260801 ], [ -1.18035650376131, 42.588893111038189 ], [ -1.201060002953987, 42.577208318895501 ], [ -1.204017645695799, 42.565919621401726 ], [ -1.202703137810552, 42.560374296317057 ], [ -1.200895689468332, 42.552452403338968 ], [ -1.215683903177393, 42.549184622485505 ], [ -1.218148605462233, 42.548689504174376 ], [ -1.219463113347487, 42.547897314876565 ], [ -1.227843101115951, 42.542649060778579 ], [ -1.242795628310667, 42.548095362201018 ], [ -1.264649321902944, 42.556017255179107 ], [ -1.293404181892775, 42.510961488866215 ], [ -1.290939479607935, 42.509575157595052 ], [ -1.287981836866123, 42.507990778999428 ], [ -1.287324582923496, 42.504921045470418 ], [ -1.286174388523904, 42.49947474404798 ], [ -1.280916356982907, 42.496900128830106 ], [ -1.275494011956255, 42.494424537274448 ], [ -1.27352225012838, 42.481551461185049 ], [ -1.282066551382499, 42.464717438606606 ], [ -1.291761047036218, 42.456597498304063 ], [ -1.305892006802651, 42.451943386179437 ], [ -1.315750815942025, 42.448576581663744 ], [ -1.341548033190044, 42.423919689769434 ], [ -1.342205287132671, 42.416690962426927 ], [ -1.343026854560954, 42.408670045786614 ], [ -1.349106453530233, 42.396985253643926 ], [ -1.357157814327387, 42.381438538674423 ], [ -1.358472322212634, 42.376685402887567 ], [ -1.35189978278639, 42.371140077802906 ], [ -1.342533914103981, 42.371239101465129 ], [ -1.336125688163392, 42.371239101465129 ], [ -1.329060208280175, 42.35539531550895 ], [ -1.343191168046609, 42.342522239419552 ], [ -1.345491556845793, 42.34173005012174 ], [ -1.3522284097577, 42.339452505890542 ], [ -1.358800949183951, 42.333511086156975 ], [ -1.375067984263914, 42.315686826956266 ], [ -1.381640523690159, 42.306477626369237 ], [ -1.383612285518034, 42.303704963826902 ], [ -1.388377376602065, 42.300041088324534 ], [ -1.397743245284467, 42.292614313657573 ], [ -1.393635408143062, 42.28320706574609 ], [ -1.390513451915595, 42.276077362065813 ], [ -1.397743245284467, 42.259936505122951 ], [ -1.399386380141031, 42.256470676945035 ], [ -1.399386380141031, 42.256074582296129 ], [ -1.400372261054969, 42.245380026775706 ], [ -1.404151471225063, 42.239537630704362 ], [ -1.405958919567283, 42.236963015486488 ], [ -1.409573816251715, 42.231615737726273 ], [ -1.416310669163622, 42.222010442490337 ], [ -1.416967923106249, 42.219237779948003 ], [ -1.417460863563214, 42.212306123592178 ], [ -1.416967923106249, 42.210226626685426 ], [ -1.415653415220994, 42.208642248089809 ], [ -1.414996161278374, 42.205473490898569 ], [ -1.413353026421809, 42.202205710045106 ], [ -1.400372261054969, 42.193788698755888 ], [ -1.396264423913564, 42.191115059875784 ], [ -1.392320900257815, 42.182004882950977 ], [ -1.394292662085689, 42.173488847999529 ], [ -1.397578931798812, 42.157942133030026 ], [ -1.394785602542655, 42.152396807945358 ], [ -1.393306781171752, 42.149129027091895 ], [ -1.395114229513972, 42.141306157776036 ], [ -1.398729126198404, 42.126848703091014 ], [ -1.380490329290566, 42.115064887286103 ], [ -1.367509563923726, 42.106845923321337 ], [ -1.366359369524133, 42.10080547992554 ], [ -1.364880548153231, 42.093279681596357 ], [ -1.351406842329418, 42.073177878164451 ], [ -1.331689224050677, 42.072484712528862 ], [ -1.31164297880062, 42.071692523231057 ], [ -1.31197160577193, 42.066840363781978 ], [ -1.31197160577193, 42.065355008848584 ], [ -1.310985724857993, 42.063671606590738 ], [ -1.304248871946086, 42.052779003745862 ], [ -1.306220633773961, 42.048421962607911 ], [ -1.307206514687898, 42.046441489363389 ], [ -1.306549260745271, 42.045352229078901 ], [ -1.304741812403059, 42.042975661185473 ], [ -1.328074327366238, 42.026240662269259 ], [ -1.338261763476922, 42.018912911264522 ], [ -1.364551921181913, 41.984848771458729 ], [ -1.374246416835632, 41.963162589431207 ], [ -1.379997388833601, 41.959597737591068 ], [ -1.38607698780288, 41.957023122373187 ], [ -1.380490329290566, 41.950883655315167 ], [ -1.380161702319256, 41.950388537004031 ], [ -1.383447972032378, 41.943258833323753 ], [ -1.38821306311641, 41.941278360079231 ], [ -1.401851082425878, 41.935832058656793 ], [ -1.408094994880813, 41.923553124540753 ], [ -1.40940950276606, 41.921077532985095 ], [ -1.413517339907465, 41.918403894104991 ], [ -1.415817728706649, 41.916918539171597 ], [ -1.417789490534524, 41.913848805642587 ], [ -1.421733014190274, 41.913056616344782 ], [ -1.432249077272274, 41.91404685296704 ], [ -1.434220839100149, 41.914244900291493 ], [ -1.436356914413679, 41.914442947615946 ], [ -1.436521227899334, 41.914640994940399 ], [ -1.438328676241554, 41.915928302549339 ], [ -1.440793378526394, 41.916423420860468 ], [ -1.443586707782551, 41.915928302549339 ], [ -1.44539415612477, 41.915631231562656 ], [ -1.450980814637084, 41.916027326211562 ], [ -1.453281203436269, 41.915730255224886 ], [ -1.457060413606364, 41.916918539171597 ], [ -1.459689429376859, 41.918403894104991 ], [ -1.460510996805141, 41.918799988753896 ], [ -1.465769028346138, 41.921968745945129 ], [ -1.472998821715009, 41.924444337500788 ], [ -1.477599599313386, 41.924939455811916 ], [ -1.482529003883073, 41.924642384825241 ], [ -1.486636841024477, 41.924048242851882 ], [ -1.491401932108509, 41.924246290176335 ], [ -1.491730559079819, 41.924246290176335 ], [ -1.495181142278604, 41.924345313838558 ], [ -1.501753681704848, 41.924246290176335 ], [ -1.50471132444666, 41.918601941429444 ], [ -1.504875637932315, 41.918403894104991 ], [ -1.505697205360597, 41.916720491847144 ], [ -1.523278748325815, 41.909887859153542 ], [ -1.55942771517018, 41.91414587662927 ], [ -1.572244167051359, 41.918403894104991 ], [ -1.580131214362858, 41.920978509322872 ], [ -1.59754844384242, 41.928504307652055 ], [ -1.606421372067857, 41.939693981483614 ], [ -1.614308419379348, 41.949992442355132 ], [ -1.642898965883532, 41.958904571955479 ], [ -1.654072282908153, 41.965341110000182 ], [ -1.65719423913562, 41.961677234497813 ], [ -1.658180120049558, 41.960389926888872 ], [ -1.66113776279137, 41.961380163511137 ], [ -1.676090289986085, 41.966430370284669 ], [ -1.681348321527082, 41.959795784915521 ], [ -1.686277726096769, 41.953458270533048 ], [ -1.704187896033297, 41.955834838426469 ], [ -1.714868272600953, 41.95722116969764 ], [ -1.727684724482131, 41.961677234497813 ], [ -1.739679608935035, 41.968311819866969 ], [ -1.760218794642064, 41.988710694285551 ], [ -1.766627020582654, 41.995147232330247 ], [ -1.774514067894152, 41.993463830072407 ], [ -1.790452476002805, 41.990097025556715 ], [ -1.798668150285614, 41.992572617112373 ], [ -1.805240689711866, 41.9953452796547 ], [ -1.810663034738518, 41.997523800223675 ], [ -1.820357530392236, 41.996236492614734 ], [ -1.825286934961923, 41.995642350641383 ], [ -1.834159863187359, 41.995840397965836 ], [ -1.8471406285542, 42.008020308419646 ], [ -1.856342183750947, 42.003663267281695 ], [ -1.864886485005066, 42.014060751815443 ], [ -1.87293784580222, 42.01396172815322 ], [ -1.887233119054315, 42.02742894621597 ], [ -1.896270360765406, 42.027131875229294 ], [ -1.901528392306403, 42.030399656082757 ], [ -1.904157408076898, 42.053670216705896 ], [ -1.909251126132247, 42.059116518128334 ], [ -1.897256241679344, 42.079515392546924 ], [ -1.886575865111688, 42.088724593133954 ], [ -1.842704164441479, 42.126452608442115 ], [ -1.840239462156639, 42.132889146486811 ], [ -1.836131625015234, 42.143286631020558 ], [ -1.823479486619703, 42.152000713296459 ], [ -1.796203448000774, 42.142890536371652 ], [ -1.782894055662624, 42.138434471571472 ], [ -1.7758285757794, 42.142494441722747 ], [ -1.763669377840841, 42.149723169065254 ], [ -1.738858041506759, 42.148831956105219 ], [ -1.726205903111229, 42.141999323411618 ], [ -1.725220022197291, 42.140513968478224 ], [ -1.719961990656294, 42.13338426479794 ], [ -1.704187896033297, 42.1408110394649 ], [ -1.681019694555772, 42.151604618647553 ], [ -1.688578114895954, 42.156159707109957 ], [ -1.69465771386524, 42.159823582612319 ], [ -1.700408685863202, 42.172399587715041 ], [ -1.695643594779177, 42.18081659900426 ], [ -1.691042817180801, 42.182995119573235 ], [ -1.679047932727897, 42.18834239733345 ], [ -1.681512635012737, 42.192402367484718 ], [ -1.690549876723829, 42.192402367484718 ], [ -1.703202015119359, 42.192303343822495 ], [ -1.704187896033297, 42.195868195662634 ], [ -1.705666717404206, 42.201611568071755 ], [ -1.707309852260764, 42.208246153440903 ], [ -1.725712962654264, 42.21418757317447 ], [ -1.731956875109198, 42.213593431201119 ], [ -1.738858041506759, 42.21290026556553 ], [ -1.742308624705537, 42.212603194578854 ], [ -1.758904286756817, 42.218346566987968 ], [ -1.765148199211751, 42.22042606389472 ], [ -1.766134080125688, 42.219633874596909 ], [ -1.771392111666685, 42.214682691485599 ], [ -1.779279158978184, 42.221911418828114 ], [ -1.781743861263024, 42.224188963059312 ], [ -1.789466595088868, 42.223693844748183 ], [ -1.799325404228242, 42.223099702774824 ], [ -1.816906947193452, 42.229536240819527 ], [ -1.819864589935264, 42.236963015486488 ], [ -1.819864589935264, 42.239537630704362 ], [ -1.819864589935264, 42.239735678028815 ], [ -1.818221455078707, 42.246073192411288 ], [ -1.821836351763139, 42.248548783966946 ], [ -1.827423010275453, 42.245974168749065 ], [ -1.829887712560293, 42.244785884802347 ], [ -1.836953192443509, 42.249340973264751 ], [ -1.843361418384106, 42.253301919753795 ], [ -1.850426898267322, 42.258550173851781 ], [ -1.854370421923072, 42.252905825104889 ], [ -1.856342183750947, 42.250133162562562 ], [ -1.87260921883091, 42.252905825104889 ], [ -1.875238234601412, 42.259540410474045 ], [ -1.870308830031725, 42.265580853869842 ], [ -1.868008441232533, 42.268452540074399 ], [ -1.867186873804258, 42.276473456714712 ], [ -1.871623337916972, 42.288851414492981 ], [ -1.879346071742816, 42.287762154208494 ], [ -1.881317833570691, 42.287465083221818 ], [ -1.891176642710064, 42.289841651115246 ], [ -1.913030336302334, 42.300140111986764 ], [ -1.909744066589212, 42.305190318760296 ], [ -1.907772304761338, 42.308260052289306 ], [ -1.916316606015464, 42.314498543009549 ], [ -1.918288367843338, 42.315983897942942 ], [ -1.918288367843338, 42.317469252876336 ], [ -1.918452681328993, 42.326975524450049 ], [ -1.925682474697865, 42.324797003881073 ], [ -1.931762073667144, 42.323014577960997 ], [ -1.936855791722486, 42.328460879383435 ], [ -1.942606763720455, 42.334501322779232 ], [ -1.955916156058606, 42.334699370103685 ], [ -1.965117711255353, 42.334798393765908 ], [ -1.96791104051151, 42.337769103632695 ], [ -1.966925159597572, 42.340343718850576 ], [ -1.96577496519798, 42.343215405055133 ], [ -1.970047115825039, 42.347572446193084 ], [ -1.970540056282012, 42.352028510993257 ], [ -1.978262790107848, 42.35093925070877 ], [ -1.98269925422057, 42.356187504806755 ], [ -1.995022765644784, 42.362822090175911 ], [ -2.004388634327185, 42.361732829891423 ], [ -2.006196082669405, 42.36143575890474 ], [ -2.006853336612032, 42.362128924540329 ], [ -2.012768622095656, 42.368070344273896 ], [ -2.019505475007556, 42.368466438922802 ], [ -2.029035657175619, 42.362624042851458 ], [ -2.032814867345714, 42.362723066513681 ], [ -2.038237212372366, 42.360643569606935 ], [ -2.041030541628523, 42.359851380309124 ], [ -2.045631319226899, 42.358960167349089 ], [ -2.048260334997394, 42.355593362833403 ], [ -2.051053664253551, 42.351929487331034 ], [ -2.069785401618361, 42.34311638139291 ], [ -2.089995960354074, 42.346978304219725 ], [ -2.088845765954481, 42.357474812415695 ], [ -2.085395182755697, 42.36143575890474 ], [ -2.079644210757728, 42.367773273287213 ], [ -2.086874004126607, 42.372130314425164 ], [ -2.092789289610231, 42.375794189927532 ], [ -2.092132035667603, 42.377477592185379 ], [ -2.089174392925791, 42.384112177554528 ], [ -2.106262995434037, 42.391935046870394 ], [ -2.108399070747566, 42.392925283492659 ], [ -2.114642983202501, 42.399163774212902 ], [ -2.111849653946351, 42.404412028310887 ], [ -2.106098681948382, 42.414908536506857 ], [ -2.111192400003723, 42.419562648631491 ], [ -2.133046093596001, 42.421147027227107 ], [ -2.146848426391117, 42.41698803341361 ], [ -2.15391390627434, 42.417582175386961 ], [ -2.158678997358365, 42.411442708328941 ], [ -2.159829191757957, 42.409957353395555 ], [ -2.167058985126836, 42.408075903813256 ], [ -2.176917794266203, 42.40896711677329 ], [ -2.17938249655105, 42.411244661004488 ], [ -2.186447976434266, 42.41827534102255 ], [ -2.197292666487577, 42.419067530320355 ], [ -2.206658535169979, 42.416096820453575 ], [ -2.210930685797038, 42.414809512844634 ], [ -2.215202836424105, 42.416195844115798 ], [ -2.214545582481477, 42.420750932578201 ], [ -2.214216955510167, 42.422335311173818 ], [ -2.21750322522329, 42.422929453147177 ], [ -2.23294869287497, 42.425999186676187 ], [ -2.235577708645472, 42.429465014854102 ], [ -2.237878097444657, 42.437386907832192 ], [ -2.238699664872939, 42.440357617698979 ], [ -2.257924342694714, 42.447784392365939 ], [ -2.266961584405806, 42.447091226730358 ], [ -2.275177258688615, 42.446497084756999 ], [ -2.278627841887399, 42.45342874111283 ], [ -2.279613722801336, 42.455409214357353 ], [ -2.282078425086176, 42.457389687601875 ], [ -2.286843516170208, 42.461053563104237 ], [ -2.287172143141518, 42.463232083673212 ], [ -2.2879937105698, 42.467292053824487 ], [ -2.295223503938672, 42.466796935513358 ], [ -2.295223503938672, 42.464222320295477 ], [ -2.295223503938672, 42.460558444793108 ], [ -2.299167027594422, 42.458478947886363 ], [ -2.323156796500228, 42.465311580579964 ], [ -2.3315367842687, 42.467688148473393 ], [ -2.335480307924449, 42.464123296633254 ], [ -2.33433011352485, 42.459964302819749 ], [ -2.332522665182637, 42.454220930410635 ], [ -2.344188922664223, 42.451547291530531 ], [ -2.34731087889169, 42.456003356330704 ], [ -2.354047731803597, 42.466004746215546 ], [ -2.362920660029033, 42.463034036348766 ], [ -2.365385362313873, 42.462241847050954 ], [ -2.370643393854877, 42.46442036761993 ], [ -2.372615155682752, 42.46749010114894 ], [ -2.375572798424564, 42.471946165949113 ], [ -2.38263827830778, 42.471946165949113 ], [ -2.399891194301681, 42.472144213273566 ], [ -2.411557451783267, 42.485116313025195 ], [ -2.415500975439016, 42.489473354163145 ], [ -2.42075900698002, 42.489275306838692 ], [ -2.423059395779205, 42.498484507425722 ], [ -2.422073514865268, 42.511654654501797 ], [ -2.411228824811957, 42.513932198733002 ], [ -2.392990027904119, 42.517695097897594 ], [ -2.395454730188959, 42.526211132849042 ], [ -2.400219821272991, 42.543144179089708 ], [ -2.396276297617241, 42.546312936280948 ], [ -2.390196698647962, 42.551462166716703 ], [ -2.398083745959461, 42.58522923553582 ], [ -2.398248059445116, 42.586120448495855 ], [ -2.400055507787336, 42.589091158362642 ], [ -2.399398253844709, 42.591071631607164 ], [ -2.399233940359053, 42.593547223162815 ], [ -2.398412372930771, 42.59443843612285 ], [ -2.397426492016834, 42.595428672745115 ], [ -2.396769238074214, 42.599092548247476 ], [ -2.399398253844709, 42.597805240638543 ], [ -2.401205702186928, 42.598300358949672 ], [ -2.406463733727925, 42.598498406274125 ], [ -2.412050392240239, 42.600280832194194 ], [ -2.416979796809926, 42.604142755021016 ], [ -2.418622931666491, 42.607113464887796 ], [ -2.423716649721833, 42.605033967981051 ], [ -2.430289189148077, 42.595131601758432 ], [ -2.443269954514918, 42.575623940299884 ], [ -2.453293077139946, 42.567107905348436 ], [ -2.457729541252668, 42.576119058611013 ], [ -2.46348051325063, 42.587407756104795 ], [ -2.482376564101095, 42.589091158362642 ], [ -2.483855385472005, 42.588397992727053 ], [ -2.490592238383904, 42.585328259198043 ], [ -2.499300853123685, 42.611569529687969 ], [ -2.500122420551968, 42.616421689137056 ], [ -2.490756551869559, 42.614540239554756 ], [ -2.488620476556029, 42.613847073919175 ], [ -2.483033818043722, 42.612163671661335 ], [ -2.481226369701503, 42.614441215892526 ], [ -2.478925980902318, 42.61592657082592 ], [ -2.478104413474036, 42.618798257030477 ], [ -2.474489516789596, 42.623452369155103 ], [ -2.474325203303941, 42.623650416479563 ], [ -2.473503635875659, 42.624145534790699 ], [ -2.472682068447376, 42.624541629439591 ], [ -2.472517754961721, 42.624739676764051 ], [ -2.471038933590819, 42.627215268319702 ], [ -2.468738544791627, 42.627215268319702 ], [ -2.464466394164567, 42.627314291981932 ], [ -2.454607585025194, 42.634840090311116 ], [ -2.454771898510856, 42.636721539893415 ], [ -2.454936211996511, 42.639593226097972 ], [ -2.453128763654291, 42.641771746666947 ], [ -2.451649942283382, 42.64503952752041 ], [ -2.450171120912479, 42.647218048089385 ], [ -2.4440915219432, 42.649396568658361 ], [ -2.44261270057229, 42.650386805280618 ], [ -2.440640938744416, 42.650683876267294 ], [ -2.433246831889889, 42.653852633458541 ], [ -2.429960562176767, 42.654248728107433 ], [ -2.428153113834547, 42.658605769245383 ], [ -2.417308423781236, 42.661279408125495 ], [ -2.394633162760684, 42.660586242489913 ], [ -2.378366127680714, 42.651971183876242 ], [ -2.379516322080313, 42.649099497671685 ], [ -2.380337889508588, 42.647317071751615 ], [ -2.373108096139717, 42.642464912302529 ], [ -2.381981024365153, 42.634245948337764 ], [ -2.3660426162565, 42.637018610880091 ], [ -2.34731087889169, 42.634047901013304 ], [ -2.335480307924449, 42.642761983289205 ], [ -2.3315367842687, 42.645732693155992 ], [ -2.323321109985883, 42.647812190062737 ], [ -2.308039955819858, 42.652268254862918 ], [ -2.3063968209633, 42.652070207538472 ], [ -2.29341605559646, 42.650782899929524 ], [ -2.288650964512428, 42.657615532623126 ], [ -2.293580369082115, 42.676529052108322 ], [ -2.302288983821896, 42.676529052108322 ], [ -2.302453297307551, 42.676430028446092 ], [ -2.30919015021945, 42.672469081957047 ], [ -2.315762689645702, 42.682668519166342 ], [ -2.313790927817827, 42.687124583966522 ], [ -2.31280504690389, 42.689204080873267 ], [ -2.313297987360855, 42.708513695007369 ], [ -2.317734451473576, 42.71722777728327 ], [ -2.318884645873169, 42.717920942918852 ], [ -2.323649736957201, 42.720792629123409 ], [ -2.319706213301451, 42.728714522101498 ], [ -2.318391705416204, 42.730100853372662 ], [ -2.318556018901859, 42.733170586901679 ], [ -2.316912884045294, 42.73574520211956 ], [ -2.316912884045294, 42.739310053959699 ], [ -2.31066897159036, 42.737230557052939 ], [ -2.3063968209633, 42.73574520211956 ], [ -2.285529008284961, 42.742478811150932 ], [ -2.273534123832057, 42.74178564551535 ], [ -2.263346687721373, 42.749905585817885 ], [ -2.270905108061555, 42.763867922191778 ], [ -2.273369810346402, 42.768522034316405 ], [ -2.273698437317712, 42.77070055488538 ], [ -2.275670199145587, 42.776245879970048 ], [ -2.275341572174277, 42.778919518850145 ], [ -2.278134901430427, 42.781791205054702 ], [ -2.278792155373054, 42.783474607312556 ], [ -2.281092544172239, 42.785058985908165 ], [ -2.27501294520296, 42.790109192681697 ], [ -2.273862750803367, 42.791099429303969 ], [ -2.271890988975493, 42.792089665926227 ], [ -2.268769032748025, 42.794664281144108 ], [ -2.26893334623368, 42.797238896361989 ], [ -2.269426286690653, 42.799021322282059 ], [ -2.270247854118935, 42.802685197784427 ], [ -2.27041216760459, 42.808923688504677 ], [ -2.267783151834088, 42.813379753304844 ], [ -2.256281207838157, 42.818727031065066 ], [ -2.253980819038965, 42.82011336233623 ], [ -2.252994938125028, 42.820608480647351 ], [ -2.241657307614751, 42.830114752221064 ], [ -2.235906335616782, 42.834471793359015 ], [ -2.232784379389315, 42.843780017608267 ], [ -2.235906335616782, 42.850909721288559 ], [ -2.240178486243849, 42.864773034000208 ], [ -2.241657307614751, 42.885072884756568 ], [ -2.249380041440595, 42.890618209841236 ], [ -2.25168043023978, 42.892301612099075 ], [ -2.250858862811498, 42.895668416614768 ], [ -2.248394160526658, 42.897351818872608 ], [ -2.248065533555341, 42.897252795210392 ], [ -2.240014172758187, 42.895173298303646 ], [ -2.237713783959002, 42.895965487601444 ], [ -2.237056530016375, 42.911116107922055 ], [ -2.236727903045065, 42.916562409344479 ], [ -2.237878097444657, 42.921414568793566 ], [ -2.235577708645472, 42.926563799229328 ], [ -2.23442751424588, 42.928148177824937 ], [ -2.232127125446695, 42.93171302966509 ], [ -2.226540466934381, 42.933000337274024 ], [ -2.225390272534788, 42.933198384598484 ], [ -2.222104002821666, 42.933594479247375 ], [ -2.220296554479447, 42.933099360936254 ], [ -2.215531463395415, 42.936862260100838 ], [ -2.216188717338042, 42.939436875318719 ], [ -2.216188717338042, 42.940526135603207 ], [ -2.216188717338042, 42.941912466874371 ], [ -2.210930685797038, 42.945279271390064 ], [ -2.210273431854418, 42.949834359852474 ], [ -2.193020515860518, 42.948844123230202 ], [ -2.184640528092046, 42.940427111940991 ], [ -2.180039750493677, 42.935673976154135 ], [ -2.173960151524398, 42.935178857842999 ], [ -2.161143699643212, 42.939139804332044 ], [ -2.151449203989493, 42.942209537861061 ], [ -2.138961379079625, 42.941318324901019 ], [ -2.133374720567311, 42.940922230252113 ], [ -2.117436312458658, 42.942110514198831 ], [ -2.104455547091817, 42.949141194216892 ], [ -2.098540261608193, 42.964093767213029 ], [ -2.095253991895071, 42.972312731177809 ], [ -2.083094793956512, 42.975778559355717 ], [ -2.073893238759766, 42.975877583017947 ], [ -2.052532485624454, 42.976273677666853 ], [ -2.038730152829338, 42.981422908102601 ], [ -2.028378403232992, 42.998752048992188 ], [ -2.032157613403086, 43.000039356601121 ], [ -2.032321926888741, 43.000039356601121 ], [ -2.032321926888741, 43.000336427587797 ], [ -2.032157613403086, 43.006673941970277 ], [ -2.033965061745306, 43.00984269916151 ], [ -2.037415644944083, 43.01608118988176 ], [ -2.038565839343683, 43.017962639464059 ], [ -2.04053760117155, 43.021527491304198 ], [ -2.041359168599833, 43.029647431606733 ], [ -2.035279569630553, 43.031330833864587 ], [ -2.032486240374396, 43.032023999500169 ], [ -2.020162728950183, 43.047867785456347 ], [ -2.01868390757928, 43.055096512798855 ], [ -2.020491355921493, 43.059552577599035 ], [ -2.022791744720685, 43.065196926345919 ], [ -2.017040772722716, 43.066187162968177 ], [ -2.016054891808778, 43.066286186630407 ], [ -2.015561951351813, 43.067375446914895 ], [ -2.012439995124339, 43.073019795661793 ], [ -2.009810979353844, 43.073415890310699 ], [ -1.990421988046407, 43.079258286382029 ], [ -1.989764734103787, 43.079456333706489 ], [ -1.988450226218539, 43.078367073422001 ], [ -1.983685135134508, 43.080446570328746 ], [ -1.978755730564821, 43.081634854275464 ], [ -1.973169072052507, 43.084605564142251 ], [ -1.971690250681604, 43.087378226684578 ], [ -1.971854564167259, 43.08807139232016 ], [ -1.973333385538162, 43.091537220498083 ], [ -1.956244783029916, 43.095498166987127 ], [ -1.947536168290142, 43.097478640231643 ], [ -1.947207541318825, 43.10054837376066 ], [ -1.947207541318825, 43.100845444747335 ], [ -1.939813434464298, 43.107083935467585 ], [ -1.938170299607734, 43.108470266738749 ], [ -1.923217772413018, 43.116392159716838 ], [ -1.921574637556461, 43.119065798596949 ], [ -1.916316606015464, 43.127680857210621 ], [ -1.903171527162961, 43.13550372652648 ], [ -1.902842900191651, 43.140751980624472 ], [ -1.913194649787989, 43.146495353033586 ], [ -1.919602875728586, 43.150159228535955 ], [ -1.918288367843338, 43.159665500109654 ], [ -1.916809546472429, 43.169171771683367 ], [ -1.919274248757276, 43.170459079292314 ], [ -1.920917383613833, 43.172538576199059 ], [ -1.921574637556461, 43.186203841586263 ], [ -1.912208768874052, 43.202839816840253 ], [ -1.911715828417087, 43.203632006138065 ], [ -1.911880141902742, 43.204820290084783 ], [ -1.914673471158899, 43.222743572947707 ], [ -1.910894260988805, 43.227199637747887 ], [ -1.909908380074867, 43.222941620272167 ], [ -1.902842900191651, 43.214227537996265 ], [ -1.900049570935494, 43.210860733480573 ], [ -1.891505269681375, 43.209276354884963 ], [ -1.885097043740778, 43.212643159400642 ], [ -1.885097043740778, 43.208187094600476 ], [ -1.881810774027656, 43.20590955036927 ], [ -1.879346071742816, 43.211553899116154 ], [ -1.875731175058377, 43.21393046700959 ], [ -1.879510385228471, 43.217198247863053 ], [ -1.876059802029687, 43.21997091040538 ], [ -1.876717055972314, 43.221654312663219 ], [ -1.879017444771499, 43.227001590423441 ], [ -1.875895488544032, 43.231061560574702 ], [ -1.87293784580222, 43.228189874370145 ], [ -1.867844127746878, 43.229180110992417 ], [ -1.866365306375975, 43.221654312663219 ], [ -1.865708052433348, 43.21818848448531 ], [ -1.861764528777599, 43.213336325036224 ], [ -1.854370421923072, 43.217297271525268 ], [ -1.853220227523479, 43.220565052378731 ], [ -1.851248465695605, 43.226407448450075 ], [ -1.841718283527541, 43.224625022530006 ], [ -1.841225343070576, 43.224525998867776 ], [ -1.825779875418888, 43.228883040005726 ], [ -1.823972427076669, 43.231754726210283 ], [ -1.820028903420926, 43.237795169606088 ], [ -1.810991661709835, 43.239280524539481 ], [ -1.807869705482361, 43.239775642850603 ], [ -1.795053253601182, 43.246905346530895 ], [ -1.79456031314421, 43.25512431049566 ], [ -1.793410118744617, 43.275523184914249 ], [ -1.784372877033526, 43.28394019620346 ], [ -1.783715623090899, 43.284435314514596 ], [ -1.783715623090899, 43.284435314514596 ], [ -1.783222682633934, 43.286811882408031 ], [ -1.77303524652325, 43.288891379314776 ], [ -1.768105841953563, 43.287703095368059 ], [ -1.764326631783469, 43.286910906070247 ], [ -1.748388223674816, 43.291961112843779 ], [ -1.741487057277254, 43.294139633412755 ], [ -1.738858041506759, 43.294139633412755 ], [ -1.737872160592822, 43.294238657074985 ], [ -1.730642367223943, 43.294238657074985 ], [ -1.728834918881731, 43.296120106657284 ], [ -1.713553764715698, 43.300972266106356 ], [ -1.703859269061986, 43.30879513542223 ], [ -1.694822027350895, 43.311666821626787 ], [ -1.682662829412337, 43.309785372044487 ], [ -1.667381675246304, 43.314439484169114 ], [ -1.652757775022906, 43.309686348382257 ], [ -1.645199354682717, 43.307309780488836 ], [ -1.642734652397877, 43.307606851475512 ], [ -1.635504859029005, 43.308399040773324 ], [ -1.626138990346597, 43.306517591191025 ], [ -1.622359780176502, 43.301071289768586 ], [ -1.628439379145782, 43.288198213679195 ], [ -1.629425260059719, 43.285920669447989 ], [ -1.625481736403977, 43.270671025465163 ], [ -1.61841625652076, 43.258986233322474 ], [ -1.608393133895731, 43.252747742602239 ], [ -1.596398249442828, 43.254233097535618 ], [ -1.595248055043228, 43.254431144860078 ], [ -1.594755114586263, 43.254332121197848 ], [ -1.574708869336206, 43.250470198371033 ], [ -1.568793583852582, 43.256708689091283 ], [ -1.557455953342306, 43.278691942105482 ], [ -1.5600849691128, 43.283346054230108 ], [ -1.562878298368958, 43.288792355652546 ], [ -1.535602259750029, 43.294238657074985 ], [ -1.529358347295094, 43.292852325803821 ], [ -1.515063074042999, 43.293941586088309 ], [ -1.506025832331908, 43.293248420452727 ], [ -1.491401932108509, 43.281266557323363 ], [ -1.483679198282665, 43.282454841270081 ], [ -1.473163135200672, 43.276117326887601 ], [ -1.46872667108795, 43.27354271166972 ], [ -1.445887096581735, 43.269284694193999 ], [ -1.427483986188243, 43.267205197287254 ], [ -1.419268311905434, 43.270770049127393 ], [ -1.413188712936154, 43.273344664345274 ], [ -1.392978154200442, 43.261659872202586 ], [ -1.384762479917626, 43.253539931900036 ], [ -1.378518567462692, 43.235220554388206 ], [ -1.378847194434009, 43.228784016343511 ], [ -1.382297777632786, 43.223931856894424 ], [ -1.383776599003696, 43.221753336325449 ], [ -1.382955031575413, 43.218881650120892 ], [ -1.381640523690159, 43.215118750956293 ], [ -1.385912674317225, 43.193927687239906 ], [ -1.382626404604096, 43.188877480466374 ], [ -1.389527571001658, 43.185114581301775 ], [ -1.401358141968906, 43.178579019594849 ], [ -1.402836963339816, 43.158774287149626 ], [ -1.403001276825471, 43.157090884891787 ], [ -1.403987157739408, 43.156694790242881 ], [ -1.407437740938185, 43.155407482633933 ], [ -1.414996161278374, 43.149069968251467 ], [ -1.411052637622625, 43.142831477531217 ], [ -1.411052637622625, 43.142732453868987 ], [ -1.415324788249684, 43.128473046508432 ], [ -1.426826732245615, 43.120749200854789 ], [ -1.428962807559152, 43.116392159716838 ], [ -1.436356914413679, 43.113619497174511 ], [ -1.441943572925993, 43.111639023929982 ], [ -1.442436513382958, 43.108569290400979 ], [ -1.442765140354268, 43.107182959129801 ], [ -1.446051410067398, 43.105598580534192 ], [ -1.4647831474322, 43.096983521920507 ], [ -1.472012940801079, 43.090150889226905 ], [ -1.471848627315417, 43.081238759626558 ], [ -1.456074532692426, 43.063117429439174 ], [ -1.447037290981335, 43.053017015892109 ], [ -1.438821616698519, 43.045887312211832 ], [ -1.365866429067168, 43.030736691891221 ], [ -1.360115457069199, 43.029548407944517 ], [ -1.358472322212634, 43.029053289633381 ], [ -1.35370723112861, 43.027964029348894 ], [ -1.343519795017919, 43.053710181527691 ], [ -1.344177048960546, 43.071435417066169 ], [ -1.340726465761769, 43.080347546666516 ], [ -1.341876660161361, 43.083120209208857 ], [ -1.345491556845793, 43.092032338809204 ], [ -1.332182164507643, 43.107678077440937 ], [ -1.318544145198175, 43.112728284214469 ], [ -1.270071666929596, 43.118273609299138 ], [ -1.293897122349748, 43.097775711218318 ], [ -1.297347705548525, 43.094805001351531 ], [ -1.308192395601836, 43.071237369741723 ], [ -1.285188507609966, 43.061037932532429 ], [ -1.270728920872223, 43.054700418149949 ], [ -1.266949710702129, 43.049353140389741 ], [ -1.263663440989006, 43.044203909953978 ], [ -1.247889346366009, 43.042916602345045 ], [ -1.237701910255325, 43.049452164051971 ], [ -1.229157609001199, 43.055096512798855 ], [ -1.212561946949926, 43.051333613634256 ], [ -1.210097244665079, 43.048758998416389 ], [ -1.208289796322859, 43.04667950150963 ], [ -1.18249257907484, 43.033113259784656 ], [ -1.176084353134243, 43.035984945989213 ], [ -1.173619650849403, 43.037074206273701 ], [ -1.145850671773502, 43.024597224833201 ], [ -1.144043223431282, 43.017170450166248 ], [ -1.143714596459972, 43.01608118988176 ], [ -1.141414207660787, 43.007565154930305 ], [ -1.134184414291916, 43.009050509863698 ], [ -1.126133053494762, 43.014892905935042 ], [ -1.124325605152542, 43.01608118988176 ], [ -1.114631109498823, 43.022913822575362 ], [ -1.102800538531575, 43.01608118988176 ], [ -1.098199760933205, 43.013407551001649 ], [ -1.0835758607098, 43.010634888459322 ], [ -1.084726055109392, 43.005782729010235 ], [ -1.08538330905202, 43.003010066467908 ], [ -1.072895484142144, 42.998752048992188 ], [ -1.04545513203756, 42.995682315463171 ], [ -1.010127732621477, 42.991622345311896 ], [ -1.006184208965728, 42.986572138538364 ], [ -0.998297161654229, 42.976273677666853 ], [ -0.981865813088611, 42.970332257933279 ], [ -0.980879932174673, 42.969936163284373 ], [ -0.978908170346799, 42.968351784688764 ], [ -0.970856809549645, 42.961717199319608 ], [ -0.935036469676589, 42.952904093381477 ], [ -0.922877271738031, 42.955478708599358 ], [ -0.917126299740062, 42.959835749737309 ], [ -0.91170395471341, 42.963994743550813 ], [ -0.902995339973629, 42.960925010021796 ], [ -0.897408681461314, 42.958944536777267 ], [ -0.897408681461314, 42.955874803248264 ], [ -0.877855376668229, 42.955181637612682 ], [ -0.862409909016549, 42.950824596474732 ], [ -0.836612691768522, 42.954092377328195 ], [ -0.811472728463123, 42.951616785772543 ], [ -0.803585681151624, 42.955280661274912 ], [ -0.783868062872877, 42.964489861861935 ], [ -0.766943773850286, 42.96854983201321 ], [ -0.753634381512136, 42.967262524404276 ], [ -0.743775572372762, 42.953201164368153 ], [ -0.740653616145295, 42.948646075905756 ], [ -0.737860286889138, 42.947556815621269 ], [ -0.732273628376831, 42.945279271390064 ], [ -0.732109314891176, 42.938743709683138 ], [ -0.732109314891176, 42.938644686020922 ], [ -0.732437941862486, 42.928841343460533 ], [ -0.724550894550987, 42.920127261184632 ] ] ], [ [ [ -1.129419323207884, 42.446695132081452 ], [ -1.125311486066479, 42.455805309006251 ], [ -1.102143284588955, 42.482739745131767 ], [ -1.095899372134014, 42.485809478660777 ], [ -1.08505468208071, 42.483333887105118 ], [ -1.086697816937267, 42.474223710180318 ], [ -1.069937841400339, 42.466004746215546 ], [ -1.064351182888025, 42.453923859423959 ], [ -1.054328060262996, 42.448774628988197 ], [ -1.051863357978149, 42.440159570374526 ], [ -1.059093151347028, 42.434416197965412 ], [ -1.129419323207884, 42.446695132081452 ] ] ], [ [ [ -1.145522044802192, 42.436792765858833 ], [ -1.148644001029659, 42.433128890356471 ], [ -1.152258897714098, 42.428969896542974 ], [ -1.153409092113691, 42.422038240187142 ], [ -1.154394973027628, 42.415007560169087 ], [ -1.159653004568625, 42.409660282408872 ], [ -1.160310258511252, 42.409462235084419 ], [ -1.162117706853465, 42.40896711677329 ], [ -1.185943162273617, 42.402134484079689 ], [ -1.183314146503122, 42.410353448044454 ], [ -1.18101375770393, 42.417285104400285 ], [ -1.182656892560495, 42.423424571458305 ], [ -1.18282120604615, 42.423919689769434 ], [ -1.181835325132212, 42.42431578441834 ], [ -1.168032992337089, 42.430653298800813 ], [ -1.162117706853465, 42.433326937680924 ], [ -1.153080465142374, 42.44095175967233 ], [ -1.14502910434522, 42.441842972632372 ], [ -1.145522044802192, 42.436792765858833 ] ] ] ] } },
{ "type": "Feature", "properties": { "index": 1488, "nuts_2_code": "ES23", "nuts_2_name": "La Rioja" }, "geometry": { "type": "Polygon", "coordinates": [ [ [ -2.857997192311188, 42.638404942151254 ], [ -2.843044665116473, 42.628898670577541 ], [ -2.844523486487375, 42.624739676764051 ], [ -2.846823875286567, 42.617907044070449 ], [ -2.841730157231218, 42.608598819821189 ], [ -2.837129379632849, 42.608697843483412 ], [ -2.834336050376692, 42.609192961794548 ], [ -2.830721153692252, 42.610777340390165 ], [ -2.828092137921757, 42.611866600674645 ], [ -2.826284689579538, 42.612460742648011 ], [ -2.824312927751663, 42.612757813634687 ], [ -2.819876463638948, 42.614441215892526 ], [ -2.818726269239356, 42.612658789972457 ], [ -2.819383523181976, 42.609093938132318 ], [ -2.822012538952478, 42.603548613047657 ], [ -2.823655673809036, 42.601469116140905 ], [ -2.818561955753694, 42.598201335287442 ], [ -2.820205090610258, 42.591863820904969 ], [ -2.83137840763488, 42.585427282860273 ], [ -2.839922708889006, 42.580377076086741 ], [ -2.837129379632849, 42.570672757188575 ], [ -2.82743488397913, 42.562156722237127 ], [ -2.825134495179945, 42.554927994894619 ], [ -2.817904701811074, 42.557403586450278 ], [ -2.816261566954509, 42.56681083436176 ], [ -2.816097253468854, 42.567999118308471 ], [ -2.813961178155324, 42.567900094646248 ], [ -2.808210206157355, 42.567702047321795 ], [ -2.803609428558978, 42.564533290130555 ], [ -2.797529829589699, 42.573841514379815 ], [ -2.786685139536395, 42.578396602842218 ], [ -2.778962405710551, 42.581565360033451 ], [ -2.771896925827335, 42.595230625420662 ], [ -2.77206123931299, 42.596121838380697 ], [ -2.772882806741272, 42.607311512212249 ], [ -2.765817326858055, 42.620184588301655 ], [ -2.756780085146964, 42.619392399003843 ], [ -2.746428335550618, 42.623353345492887 ], [ -2.730818554413283, 42.616817783785962 ], [ -2.721452685730881, 42.608004677847831 ], [ -2.715701713732912, 42.604934944318821 ], [ -2.706335845050504, 42.599785713883065 ], [ -2.704199769736974, 42.599686690220835 ], [ -2.700256246081224, 42.598399382611895 ], [ -2.695984095454165, 42.59760719331409 ], [ -2.688589988599638, 42.596220862042919 ], [ -2.685632345857826, 42.594933554433979 ], [ -2.681688822202076, 42.595428672745115 ], [ -2.691383317855795, 42.542748084440802 ], [ -2.698777424710322, 42.52848867708024 ], [ -2.699270365167287, 42.5272013694713 ], [ -2.705514277622228, 42.516704861275329 ], [ -2.699763305624259, 42.516902908599782 ], [ -2.694998214540227, 42.518487287195398 ], [ -2.690397436941858, 42.520368736777698 ], [ -2.679059806431574, 42.524923825240101 ], [ -2.677745298546327, 42.512050749150703 ], [ -2.677745298546327, 42.510664417879539 ], [ -2.675444909747142, 42.510466370555086 ], [ -2.668379429863926, 42.509872228581727 ], [ -2.656877485867987, 42.503336666874802 ], [ -2.65408415661183, 42.49640501051897 ], [ -2.65375552964052, 42.495810868545618 ], [ -2.648826125070833, 42.485314360349648 ], [ -2.644553974443774, 42.483432910767348 ], [ -2.633873597876118, 42.488384093878658 ], [ -2.629601447249058, 42.49333527698996 ], [ -2.627958312392494, 42.495216726572259 ], [ -2.612184217769503, 42.496008915870071 ], [ -2.608733634570719, 42.498781578412398 ], [ -2.605447364857596, 42.501554240954732 ], [ -2.593616793890348, 42.493137229665507 ], [ -2.597724631031753, 42.488384093878658 ], [ -2.60084658725922, 42.484522171051836 ], [ -2.601339527716192, 42.478283680331586 ], [ -2.595588555718223, 42.472936402571378 ], [ -2.588030135378034, 42.47481785215367 ], [ -2.591316405091163, 42.482541697807314 ], [ -2.590001897205909, 42.482640721469537 ], [ -2.578007012753005, 42.483729981754024 ], [ -2.568969771041914, 42.49343430065219 ], [ -2.557139200074673, 42.485809478660777 ], [ -2.55598900567508, 42.485017289362965 ], [ -2.548759212306202, 42.483928029078477 ], [ -2.545637256078734, 42.483829005416254 ], [ -2.537421581795925, 42.483135839780672 ], [ -2.530849042369674, 42.485116313025195 ], [ -2.53692864133896, 42.489968472474274 ], [ -2.537092954824615, 42.490067496136497 ], [ -2.536600014367643, 42.495315750234482 ], [ -2.52033297928768, 42.507297613363846 ], [ -2.513760439861429, 42.51799216888427 ], [ -2.508666721806087, 42.518784358182081 ], [ -2.505380452092965, 42.512743914786284 ], [ -2.514582007289711, 42.502346430252544 ], [ -2.517868277002833, 42.498583531087945 ], [ -2.516225142146276, 42.491453827407668 ], [ -2.477447159531408, 42.486601667958581 ], [ -2.472846381933039, 42.490958709096532 ], [ -2.471203247076474, 42.492543087692155 ], [ -2.450664061369444, 42.49640501051897 ], [ -2.438011922973921, 42.489869448812044 ], [ -2.437190355545638, 42.489473354163145 ], [ -2.42075900698002, 42.489275306838692 ], [ -2.415500975439016, 42.489473354163145 ], [ -2.411557451783267, 42.485116313025195 ], [ -2.399891194301681, 42.472144213273566 ], [ -2.38263827830778, 42.471946165949113 ], [ -2.375572798424564, 42.471946165949113 ], [ -2.372615155682752, 42.46749010114894 ], [ -2.370643393854877, 42.46442036761993 ], [ -2.365385362313873, 42.462241847050954 ], [ -2.362920660029033, 42.463034036348766 ], [ -2.354047731803597, 42.466004746215546 ], [ -2.34731087889169, 42.456003356330704 ], [ -2.344188922664223, 42.451547291530531 ], [ -2.332522665182637, 42.454220930410635 ], [ -2.33433011352485, 42.459964302819749 ], [ -2.335480307924449, 42.464123296633254 ], [ -2.3315367842687, 42.467688148473393 ], [ -2.323156796500228, 42.465311580579964 ], [ -2.299167027594422, 42.458478947886363 ], [ -2.295223503938672, 42.460558444793108 ], [ -2.295223503938672, 42.464222320295477 ], [ -2.295223503938672, 42.466796935513358 ], [ -2.2879937105698, 42.467292053824487 ], [ -2.287172143141518, 42.463232083673212 ], [ -2.286843516170208, 42.461053563104237 ], [ -2.282078425086176, 42.457389687601875 ], [ -2.279613722801336, 42.455409214357353 ], [ -2.278627841887399, 42.45342874111283 ], [ -2.275177258688615, 42.446497084756999 ], [ -2.266961584405806, 42.447091226730358 ], [ -2.257924342694714, 42.447784392365939 ], [ -2.238699664872939, 42.440357617698979 ], [ -2.237878097444657, 42.437386907832192 ], [ -2.235577708645472, 42.429465014854102 ], [ -2.23294869287497, 42.425999186676187 ], [ -2.21750322522329, 42.422929453147177 ], [ -2.214216955510167, 42.422335311173818 ], [ -2.214545582481477, 42.420750932578201 ], [ -2.215202836424105, 42.416195844115798 ], [ -2.210930685797038, 42.414809512844634 ], [ -2.206658535169979, 42.416096820453575 ], [ -2.197292666487577, 42.419067530320355 ], [ -2.186447976434266, 42.41827534102255 ], [ -2.17938249655105, 42.411244661004488 ], [ -2.176917794266203, 42.40896711677329 ], [ -2.167058985126836, 42.408075903813256 ], [ -2.159829191757957, 42.409957353395555 ], [ -2.158678997358365, 42.411442708328941 ], [ -2.15391390627434, 42.417582175386961 ], [ -2.146848426391117, 42.41698803341361 ], [ -2.133046093596001, 42.421147027227107 ], [ -2.111192400003723, 42.419562648631491 ], [ -2.106098681948382, 42.414908536506857 ], [ -2.111849653946351, 42.404412028310887 ], [ -2.114642983202501, 42.399163774212902 ], [ -2.108399070747566, 42.392925283492659 ], [ -2.106262995434037, 42.391935046870394 ], [ -2.089174392925791, 42.384112177554528 ], [ -2.092132035667603, 42.377477592185379 ], [ -2.092789289610231, 42.375794189927532 ], [ -2.086874004126607, 42.372130314425164 ], [ -2.079644210757728, 42.367773273287213 ], [ -2.085395182755697, 42.36143575890474 ], [ -2.088845765954481, 42.357474812415695 ], [ -2.089995960354074, 42.346978304219725 ], [ -2.069785401618361, 42.34311638139291 ], [ -2.051053664253551, 42.351929487331034 ], [ -2.048260334997394, 42.355593362833403 ], [ -2.045631319226899, 42.358960167349089 ], [ -2.041030541628523, 42.359851380309124 ], [ -2.038237212372366, 42.360643569606935 ], [ -2.032814867345714, 42.362723066513681 ], [ -2.029035657175619, 42.362624042851458 ], [ -2.019505475007556, 42.368466438922802 ], [ -2.012768622095656, 42.368070344273896 ], [ -2.006853336612032, 42.362128924540329 ], [ -2.006196082669405, 42.36143575890474 ], [ -2.004388634327185, 42.361732829891423 ], [ -1.995022765644784, 42.362822090175911 ], [ -1.98269925422057, 42.356187504806755 ], [ -1.978262790107848, 42.35093925070877 ], [ -1.970540056282012, 42.352028510993257 ], [ -1.970047115825039, 42.347572446193084 ], [ -1.96577496519798, 42.343215405055133 ], [ -1.966925159597572, 42.340343718850576 ], [ -1.96791104051151, 42.337769103632695 ], [ -1.965117711255353, 42.334798393765908 ], [ -1.955916156058606, 42.334699370103685 ], [ -1.942606763720455, 42.334501322779232 ], [ -1.936855791722486, 42.328460879383435 ], [ -1.931762073667144, 42.323014577960997 ], [ -1.925682474697865, 42.324797003881073 ], [ -1.918452681328993, 42.326975524450049 ], [ -1.918288367843338, 42.317469252876336 ], [ -1.918288367843338, 42.315983897942942 ], [ -1.916316606015464, 42.314498543009549 ], [ -1.907772304761338, 42.308260052289306 ], [ -1.909744066589212, 42.305190318760296 ], [ -1.913030336302334, 42.300140111986764 ], [ -1.891176642710064, 42.289841651115246 ], [ -1.881317833570691, 42.287465083221818 ], [ -1.879346071742816, 42.287762154208494 ], [ -1.871623337916972, 42.288851414492981 ], [ -1.867186873804258, 42.276473456714712 ], [ -1.868008441232533, 42.268452540074399 ], [ -1.870308830031725, 42.265580853869842 ], [ -1.875238234601412, 42.259540410474045 ], [ -1.87260921883091, 42.252905825104889 ], [ -1.856342183750947, 42.250133162562562 ], [ -1.854370421923072, 42.252905825104889 ], [ -1.850426898267322, 42.258550173851781 ], [ -1.843361418384106, 42.253301919753795 ], [ -1.836953192443509, 42.249340973264751 ], [ -1.829887712560293, 42.244785884802347 ], [ -1.827423010275453, 42.245974168749065 ], [ -1.821836351763139, 42.248548783966946 ], [ -1.818221455078707, 42.246073192411288 ], [ -1.819864589935264, 42.239735678028815 ], [ -1.819864589935264, 42.239537630704362 ], [ -1.819864589935264, 42.236963015486488 ], [ -1.816906947193452, 42.229536240819527 ], [ -1.799325404228242, 42.223099702774824 ], [ -1.789466595088868, 42.223693844748183 ], [ -1.781743861263024, 42.224188963059312 ], [ -1.779279158978184, 42.221911418828114 ], [ -1.771392111666685, 42.214682691485599 ], [ -1.766134080125688, 42.219633874596909 ], [ -1.765148199211751, 42.22042606389472 ], [ -1.758904286756817, 42.218346566987968 ], [ -1.742308624705537, 42.212603194578854 ], [ -1.738858041506759, 42.21290026556553 ], [ -1.731956875109198, 42.213593431201119 ], [ -1.725712962654264, 42.21418757317447 ], [ -1.707309852260764, 42.208246153440903 ], [ -1.705666717404206, 42.201611568071755 ], [ -1.704187896033297, 42.195868195662634 ], [ -1.703202015119359, 42.192303343822495 ], [ -1.690549876723829, 42.192402367484718 ], [ -1.681512635012737, 42.192402367484718 ], [ -1.679047932727897, 42.18834239733345 ], [ -1.691042817180801, 42.182995119573235 ], [ -1.695643594779177, 42.18081659900426 ], [ -1.700408685863202, 42.172399587715041 ], [ -1.69465771386524, 42.159823582612319 ], [ -1.688578114895954, 42.156159707109957 ], [ -1.681019694555772, 42.151604618647553 ], [ -1.704187896033297, 42.1408110394649 ], [ -1.719961990656294, 42.13338426479794 ], [ -1.725220022197291, 42.140513968478224 ], [ -1.726205903111229, 42.141999323411618 ], [ -1.738858041506759, 42.148831956105219 ], [ -1.763669377840841, 42.149723169065254 ], [ -1.7758285757794, 42.142494441722747 ], [ -1.782894055662624, 42.138434471571472 ], [ -1.796203448000774, 42.142890536371652 ], [ -1.823479486619703, 42.152000713296459 ], [ -1.836131625015234, 42.143286631020558 ], [ -1.840239462156639, 42.132889146486811 ], [ -1.842704164441479, 42.126452608442115 ], [ -1.886575865111688, 42.088724593133954 ], [ -1.897256241679344, 42.079515392546924 ], [ -1.909251126132247, 42.059116518128334 ], [ -1.904157408076898, 42.053670216705896 ], [ -1.901528392306403, 42.030399656082757 ], [ -1.896270360765406, 42.027131875229294 ], [ -1.887233119054315, 42.02742894621597 ], [ -1.87293784580222, 42.01396172815322 ], [ -1.864886485005066, 42.014060751815443 ], [ -1.856342183750947, 42.003663267281695 ], [ -1.8471406285542, 42.008020308419646 ], [ -1.850426898267322, 41.997226729236999 ], [ -1.845168866726326, 41.987225339352158 ], [ -1.864064917576783, 41.977025902142863 ], [ -1.856506497236602, 41.966430370284669 ], [ -1.866693933347285, 41.959201642942162 ], [ -1.877538623400596, 41.952468033910783 ], [ -1.887233119054315, 41.949002205732867 ], [ -1.890683702253092, 41.947813921786157 ], [ -1.891505269681375, 41.947714898123927 ], [ -1.906622110361745, 41.945536377554951 ], [ -1.905964856419118, 41.943159809661523 ], [ -1.911387201445777, 41.939594957821384 ], [ -1.913194649787989, 41.936030105981246 ], [ -1.915166411615864, 41.932267206816654 ], [ -1.919602875728586, 41.933158419776689 ], [ -1.921903264527771, 41.933554514425587 ], [ -1.92765423652574, 41.931078922869936 ], [ -1.940306374921271, 41.925731645109728 ], [ -1.946878914347515, 41.926226763420857 ], [ -1.954273021202042, 41.926820905394216 ], [ -1.959695366228701, 41.923058006229617 ], [ -1.963803203370105, 41.919988272700607 ], [ -1.982042000277943, 41.919295107065025 ], [ -1.996337273530031, 41.928999425963191 ], [ -2.000280797185781, 41.935435964007887 ], [ -2.002252559013655, 41.938604721199127 ], [ -2.008825098439907, 41.940288123456966 ], [ -2.012768622095656, 41.941278360079231 ], [ -2.019176848036246, 41.94613051952831 ], [ -2.026899581862089, 41.952170962924107 ], [ -2.033965061745306, 41.946526614177216 ], [ -2.034786629173588, 41.943951998959335 ], [ -2.036429764030146, 41.939396910496932 ], [ -2.040044660714585, 41.943258833323753 ], [ -2.045795632712554, 41.949497324043996 ], [ -2.051217977739206, 41.950883655315167 ], [ -2.065677564476957, 41.953656317857494 ], [ -2.075043433159358, 41.951180726301843 ], [ -2.076193627558951, 41.950883655315167 ], [ -2.077343821958543, 41.951675844612971 ], [ -2.080958718642982, 41.9540524125064 ], [ -2.097883007665573, 41.956230933075375 ], [ -2.108892011204539, 41.957716288008768 ], [ -2.114642983202501, 41.962469423795625 ], [ -2.115135923659473, 41.966034275635764 ], [ -2.123187284456627, 41.994553090356895 ], [ -2.118750820343905, 41.995543326979153 ], [ -2.112178280917661, 41.997028681912546 ], [ -2.110206519089786, 41.998315989521487 ], [ -2.108234757261911, 42.001088652063821 ], [ -2.107577503319284, 42.00277205432166 ], [ -2.113164161831598, 42.009307616028586 ], [ -2.114642983202501, 42.011288089273108 ], [ -2.1157931776021, 42.014852941113254 ], [ -2.11792925291563, 42.021685573806856 ], [ -2.125651986741467, 42.025250425646995 ], [ -2.129102569940251, 42.026735780580388 ], [ -2.149641755647274, 42.04277761386102 ], [ -2.158350370387055, 42.055749713612649 ], [ -2.16065075918624, 42.066543292795295 ], [ -2.1397829465079, 42.07357397281335 ], [ -2.13485354193822, 42.075257375071196 ], [ -2.127295121598031, 42.081990984102575 ], [ -2.128445315997624, 42.097339651747625 ], [ -2.148162934276371, 42.104469355427909 ], [ -2.175603286380955, 42.104766426414585 ], [ -2.195485218145357, 42.10258790584561 ], [ -2.208465983512198, 42.104172284441233 ], [ -2.216681657795007, 42.101102550912216 ], [ -2.223089883735604, 42.098527935694342 ], [ -2.225061645563471, 42.099023054005471 ], [ -2.237220843502037, 42.101894740210028 ], [ -2.251187489782815, 42.092883586947451 ], [ -2.258581596637342, 42.088031427498372 ], [ -2.269590600176308, 42.088526545809501 ], [ -2.280599603715274, 42.108232254592501 ], [ -2.280106663258302, 42.119818023072959 ], [ -2.279942349772647, 42.123481898575328 ], [ -2.283392932971431, 42.131403791553417 ], [ -2.314941122217419, 42.14388077299391 ], [ -2.33219403821132, 42.145960269900662 ], [ -2.387896309848777, 42.142098347073841 ], [ -2.391018266076244, 42.140414944815994 ], [ -2.397262178531179, 42.136949116638085 ], [ -2.401370015672583, 42.139523731855959 ], [ -2.401370015672583, 42.139523731855959 ], [ -2.440312311773106, 42.136453998326949 ], [ -2.446720537713702, 42.129324294646672 ], [ -2.458551108680943, 42.116055123908367 ], [ -2.471038933590819, 42.113975627001615 ], [ -2.483526758500687, 42.107242017970243 ], [ -2.496178896896218, 42.111301988121511 ], [ -2.508502408320432, 42.115460981935009 ], [ -2.514746320775366, 42.114569768974974 ], [ -2.51819690397415, 42.090804090040699 ], [ -2.521976114144245, 42.083674386360421 ], [ -2.516882396088903, 42.076841753666812 ], [ -2.515567888203648, 42.075158351408973 ], [ -2.514910634261028, 42.0688208370265 ], [ -2.532327863740583, 42.055551666288196 ], [ -2.54152941893733, 42.053076074732544 ], [ -2.548923525791857, 42.051095601488022 ], [ -2.550402347162766, 42.045154181754448 ], [ -2.551881168533669, 42.039212762020881 ], [ -2.565026247386172, 42.015249035762153 ], [ -2.574720743039883, 42.006931048135158 ], [ -2.57997877458088, 41.996236492614734 ], [ -2.586879940978442, 41.99851403684594 ], [ -2.593288166919038, 42.000197439103786 ], [ -2.59410973434732, 42.000593533752685 ], [ -2.59657443663216, 42.001880841361626 ], [ -2.601832468173157, 42.001880841361626 ], [ -2.602325408630129, 42.001979865023856 ], [ -2.607419126685471, 42.002375959672754 ], [ -2.609719515484656, 42.00287107798389 ], [ -2.610376769427283, 42.003168148970566 ], [ -2.615141860511315, 42.005742764188447 ], [ -2.620728519023622, 42.004851551228413 ], [ -2.621057145994932, 42.004851551228413 ], [ -2.624507729193716, 42.004950574890636 ], [ -2.625493610107654, 42.005643740526217 ], [ -2.626643804507246, 42.006534953486259 ], [ -2.631408895591278, 42.005346669539541 ], [ -2.642582212615899, 42.003861314606148 ], [ -2.645539855357711, 42.004158385592831 ], [ -2.649976319470426, 42.003762290943925 ], [ -2.653591216154865, 42.004950574890636 ], [ -2.65622023192536, 42.005445693201771 ], [ -2.659835128609799, 42.005346669539541 ], [ -2.668872370320891, 42.000593533752685 ], [ -2.673637461404923, 41.998018918534811 ], [ -2.686618226771763, 42.001781817699403 ], [ -2.697134289853757, 42.009109568704133 ], [ -2.704857023679601, 42.014456846464348 ], [ -2.724081701501376, 42.015348059424383 ], [ -2.73147580835591, 42.013169538855408 ], [ -2.744620887208406, 42.009208592366363 ], [ -2.748400097378493, 42.011486136597561 ], [ -2.757601652575246, 42.032578176651732 ], [ -2.750207545720713, 42.039410809345334 ], [ -2.738705601724782, 42.049808293879082 ], [ -2.733776197155095, 42.060304802075052 ], [ -2.708143293392723, 42.088427522147271 ], [ -2.709293487792316, 42.093873823569709 ], [ -2.709950741734943, 42.096745509774273 ], [ -2.709293487792316, 42.099122077667694 ], [ -2.707486039450103, 42.105459592050167 ], [ -2.729011106071063, 42.122689709277516 ], [ -2.738376974753464, 42.124769206184268 ], [ -2.745771081607998, 42.123580922237551 ], [ -2.746921276007591, 42.122689709277516 ], [ -2.752014994062932, 42.118629739126249 ], [ -2.760559295317059, 42.12239263829084 ], [ -2.765817326858055, 42.124670182522038 ], [ -2.772225552798645, 42.12427408787314 ], [ -2.786685139536395, 42.112688319392682 ], [ -2.791614544106075, 42.10872737290363 ], [ -2.79145023062042, 42.101894740210028 ], [ -2.79145023062042, 42.09347772892081 ], [ -2.798187083532326, 42.085258764956038 ], [ -2.802459234159386, 42.079911487195822 ], [ -2.798844337474954, 42.072583736191092 ], [ -2.795558067761824, 42.065949150821943 ], [ -2.798022770046671, 42.046837584012295 ], [ -2.803280801587668, 42.045748323727807 ], [ -2.804759622958578, 42.045451252741131 ], [ -2.809689027528265, 42.040599093292045 ], [ -2.813139610727042, 42.037034241451906 ], [ -2.818397642268039, 42.038618620047522 ], [ -2.824477241237318, 42.040401045967599 ], [ -2.84468779997303, 42.034459626234025 ], [ -2.855861116997659, 42.028914301149364 ], [ -2.858161505796843, 42.025547496633678 ], [ -2.861776402481276, 42.02010119521124 ], [ -2.878536378018211, 42.011387112935338 ], [ -2.888723814128895, 42.010594923637527 ], [ -2.890366948985459, 42.014951964775477 ], [ -2.891188516413742, 42.01703146168223 ], [ -2.913699463948639, 42.022873857753567 ], [ -2.915671225776514, 42.039509833007557 ], [ -2.932266887827794, 42.086942167213884 ], [ -2.938839427254038, 42.089219711445082 ], [ -2.95872135901844, 42.085852906929397 ], [ -2.969401735586096, 42.084763646644909 ], [ -2.976795842440623, 42.083971457347097 ], [ -2.990105234778774, 42.086744119889431 ], [ -2.991912683120994, 42.087140214538337 ], [ -2.992405623577966, 42.086942167213884 ], [ -3.004893448487834, 42.083773410022644 ], [ -3.022967931910017, 42.088922640458406 ], [ -3.025925574651829, 42.088130451160595 ], [ -3.034469875905955, 42.085951930591619 ], [ -3.045478879444921, 42.105855686699073 ], [ -3.049258089615009, 42.112787343054904 ], [ -3.052544359328138, 42.118728762788471 ], [ -3.059116898754382, 42.127145774077697 ], [ -3.066182378637599, 42.133285241135717 ], [ -3.073740798977788, 42.135859856353598 ], [ -3.0766984417196, 42.135067667055786 ], [ -3.083763921602817, 42.13348328846017 ], [ -3.090007834057751, 42.14704953018515 ], [ -3.090172147543406, 42.148138790469638 ], [ -3.090500774514723, 42.159526511625643 ], [ -3.102824285938937, 42.171904469403913 ], [ -3.107753690508623, 42.17467713194624 ], [ -3.114983483877495, 42.178737102097514 ], [ -3.11547642433446, 42.186262900426698 ], [ -3.115640737820122, 42.187649231697868 ], [ -3.11695524570537, 42.188540444657903 ], [ -3.126485427873426, 42.194580888053693 ], [ -3.128457189701301, 42.199928165813908 ], [ -3.11334034902093, 42.209533461049844 ], [ -3.101509778053689, 42.217158283041258 ], [ -3.099702329711469, 42.224486034045988 ], [ -3.102002718510654, 42.230823548428461 ], [ -3.102495658967626, 42.232209879699631 ], [ -3.099702329711469, 42.235180589566411 ], [ -3.098059194854905, 42.236963015486488 ], [ -3.089679207086441, 42.246370263397971 ], [ -3.09427998468481, 42.256965795256164 ], [ -3.096744686969657, 42.262808191327508 ], [ -3.095430179084403, 42.264788664572031 ], [ -3.089679207086441, 42.273007628536803 ], [ -3.095594492570065, 42.279147095594823 ], [ -3.09641605999834, 42.288257272519623 ], [ -3.099866643197124, 42.296971354795524 ], [ -3.106110555652059, 42.312716117089479 ], [ -3.103974480338529, 42.319152655134182 ], [ -3.103152912910247, 42.320043868094217 ], [ -3.096744686969657, 42.32628235881446 ], [ -3.105124674738121, 42.334006204468103 ], [ -3.109725452336498, 42.338363245606054 ], [ -3.109561138850843, 42.34618611492192 ], [ -3.107425063537306, 42.351830463668804 ], [ -3.084421175545437, 42.35410800790001 ], [ -3.065196497723662, 42.355989457482302 ], [ -3.063881989838414, 42.362425995527005 ], [ -3.070783156235976, 42.369456675545059 ], [ -3.084585489031099, 42.384508272203433 ], [ -3.094937238627438, 42.385003390514562 ], [ -3.104467420795494, 42.385399485163468 ], [ -3.098716448797532, 42.398173537590644 ], [ -3.09641605999834, 42.403619839013082 ], [ -3.098059194854905, 42.408372974799931 ], [ -3.100523897139752, 42.415898773129122 ], [ -3.090336461029061, 42.422335311173818 ], [ -3.078177263090502, 42.415700725804669 ], [ -3.078998830518785, 42.40589738324428 ], [ -3.079984711432722, 42.402629602390817 ], [ -3.080149024918377, 42.402431555066364 ], [ -3.082613727203224, 42.397381348292832 ], [ -3.07521962034869, 42.39054871559923 ], [ -3.064374930295386, 42.373318598371881 ], [ -3.061910228010539, 42.372031290762941 ], [ -3.060267093153975, 42.370743983154 ], [ -3.05763807738348, 42.370050817518418 ], [ -3.053201613270758, 42.373417622034104 ], [ -3.058788271783072, 42.389459455314743 ], [ -3.063389049381449, 42.402530578728594 ], [ -3.057802390869135, 42.415898773129122 ], [ -3.062567481953167, 42.425306021040605 ], [ -3.051887105385511, 42.437981049805551 ], [ -3.045971819901887, 42.445110753485828 ], [ -3.050243970528946, 42.451547291530531 ], [ -3.055337688584288, 42.455805309006251 ], [ -3.061088660582257, 42.461944776064279 ], [ -3.064210616809724, 42.470955929326855 ], [ -3.072919231549506, 42.475808088775935 ], [ -3.076205501262628, 42.475808088775935 ], [ -3.082778040688879, 42.475907112438158 ], [ -3.090500774514723, 42.477887585682687 ], [ -3.093787044227845, 42.489572377825368 ], [ -3.085899996916346, 42.495513797558935 ], [ -3.078341576576157, 42.501257169968056 ], [ -3.074398052920415, 42.512347820137379 ], [ -3.076041187776973, 42.520170689453245 ], [ -3.072919231549506, 42.528290629755787 ], [ -3.082942354174534, 42.532152552582609 ], [ -3.084256862059782, 42.535321309773842 ], [ -3.089350580115124, 42.537598854005047 ], [ -3.10003095668278, 42.535321309773842 ], [ -3.104960361252466, 42.532053528920386 ], [ -3.109068198393871, 42.529478913702505 ], [ -3.126156800902116, 42.533835954840455 ], [ -3.134372475184925, 42.542054918805221 ], [ -3.118762694047589, 42.548392433187693 ], [ -3.106603496109031, 42.553343616299003 ], [ -3.10035958365409, 42.56067136730374 ], [ -3.088364699201186, 42.567107905348436 ], [ -3.083106667660189, 42.574138585366491 ], [ -3.083928235088472, 42.576119058611013 ], [ -3.086228623887656, 42.58215950200681 ], [ -3.068482767436791, 42.588596040051506 ], [ -3.068318453951129, 42.588596040051506 ], [ -3.05977415269701, 42.589190182024865 ], [ -3.064867870752352, 42.594735507109533 ], [ -3.061088660582257, 42.602162281776494 ], [ -3.070454529264666, 42.62028361196387 ], [ -3.077520009147882, 42.623452369155103 ], [ -3.078177263090502, 42.623650416479563 ], [ -3.083928235088472, 42.628106481279744 ], [ -3.082120786746252, 42.631473285795423 ], [ -3.084256862059782, 42.64068248638246 ], [ -3.077684322633537, 42.639395178773512 ], [ -3.069304334865066, 42.63870201313793 ], [ -3.065032184238007, 42.639692249760202 ], [ -3.058459644811762, 42.639692249760202 ], [ -3.050736910985918, 42.640187368071324 ], [ -3.040878101846545, 42.639989320746878 ], [ -3.034962816362921, 42.638602989475714 ], [ -3.025925574651829, 42.636424468906739 ], [ -3.022310677967397, 42.633849853688858 ], [ -3.01803852734033, 42.632166451431004 ], [ -3.014752257627208, 42.63870201313793 ], [ -3.014423630655898, 42.639494202435742 ], [ -3.004729135002179, 42.644247338222598 ], [ -2.990598175235746, 42.641870770329177 ], [ -2.987147592036962, 42.63880103680016 ], [ -2.984025635809495, 42.636028374257833 ], [ -2.977946036840216, 42.636523492568955 ], [ -2.973673886213156, 42.63880103680016 ], [ -2.969894676043062, 42.64078151004469 ], [ -2.94508333970898, 42.638602989475714 ], [ -2.933417082227386, 42.633948877351088 ], [ -2.930295125999919, 42.629690859875353 ], [ -2.92421552703064, 42.621669943235034 ], [ -2.9206006303462, 42.6203826356261 ], [ -2.915999852747831, 42.619491422666059 ], [ -2.913206523491674, 42.619986540977195 ], [ -2.910906134692482, 42.619689469990519 ], [ -2.908770059378952, 42.62048165928833 ], [ -2.904497908751893, 42.620085564639425 ], [ -2.904004968294927, 42.622957250843982 ], [ -2.90367634132361, 42.625927960710769 ], [ -2.895296353555146, 42.627314291981932 ], [ -2.893160278241616, 42.62662112634635 ], [ -2.891681456870707, 42.626026984372984 ], [ -2.892667337784644, 42.621570919572818 ], [ -2.88215127470265, 42.620679706612776 ], [ -2.88247990167396, 42.624838700426281 ], [ -2.877550497104274, 42.629690859875353 ], [ -2.864569731737433, 42.633453759039952 ], [ -2.857997192311188, 42.638404942151254 ] ], [ [ -2.934895903598289, 42.59443843612285 ], [ -2.932595514799104, 42.594933554433979 ], [ -2.927666110229417, 42.596121838380697 ], [ -2.922572392174075, 42.600775950505323 ], [ -2.923065332631047, 42.601073021492006 ], [ -2.929637872057292, 42.606222251927761 ], [ -2.929637872057292, 42.608301748834513 ], [ -2.929802185542947, 42.611173435039063 ], [ -2.934731590112634, 42.613153908283593 ], [ -2.937031978911826, 42.611272458701293 ], [ -2.945247653194635, 42.603845684034333 ], [ -2.94327589136676, 42.600181808531964 ], [ -2.941304129538885, 42.596517933029602 ], [ -2.936210411483543, 42.594141365136174 ], [ -2.934895903598289, 42.59443843612285 ] ], [ [ -2.994377385405841, 42.603845684034333 ], [ -2.982875441409902, 42.610777340390165 ], [ -2.985175830209094, 42.61414414490585 ], [ -2.993720131463213, 42.614639263216986 ], [ -2.997827968604618, 42.604538849669915 ], [ -2.999471103461183, 42.600874974167553 ], [ -2.994377385405841, 42.603845684034333 ] ] ] } },
{ "type": "Feature", "properties": { "index": 1489, "nuts_2_code": "ES51", "nuts_2_name": "Cataluña" }, "geometry": { "type": "MultiPolygon", "coordinates": [ [ [ [ 0.858280912775257, 42.825757711083114 ], [ 0.863703257801916, 42.819717267687324 ], [ 0.877341277111384, 42.814270966264885 ], [ 0.881777741224099, 42.813478776967074 ], [ 0.885228324422883, 42.812884634993722 ], [ 0.893115371734382, 42.8075373572335 ], [ 0.9083965259004, 42.797238896361989 ], [ 0.927128263265217, 42.789515050708346 ], [ 0.932879235263172, 42.790109192681697 ], [ 0.940109028632051, 42.796842801713083 ], [ 0.942080790459926, 42.797734014673111 ], [ 0.959826646910798, 42.805655907651214 ], [ 0.975929368505106, 42.795852565090826 ], [ 0.978558384275601, 42.792683807899579 ], [ 0.982994848388316, 42.78733653013937 ], [ 0.994168165412944, 42.78723750647714 ], [ 0.997783062097383, 42.788326766761628 ], [ 1.005505795923227, 42.790802358317293 ], [ 1.016843426433496, 42.787633601126046 ], [ 1.018979501747026, 42.786940435490465 ], [ 1.036725358197899, 42.786841411828249 ], [ 1.039025746997083, 42.786742388166019 ], [ 1.039190060482738, 42.786742388166019 ], [ 1.046912794308582, 42.781197063081351 ], [ 1.072052757613989, 42.78297948900142 ], [ 1.075010400355794, 42.785257033232625 ], [ 1.078789610525888, 42.788326766761628 ], [ 1.083719015095582, 42.78297948900142 ], [ 1.087991165722642, 42.778325376876793 ], [ 1.097192720919381, 42.774958572361101 ], [ 1.107873097487044, 42.771096649534286 ], [ 1.109516232343594, 42.767630821356377 ], [ 1.110502113257539, 42.765848395436294 ], [ 1.115102890855908, 42.764363040502914 ], [ 1.118717787540348, 42.763174756556197 ], [ 1.128576596679721, 42.754658721604741 ], [ 1.131698552907196, 42.750796798777927 ], [ 1.130712671993251, 42.740201266919726 ], [ 1.13399894170638, 42.73574520211956 ], [ 1.13399894170638, 42.733467657888355 ], [ 1.13399894170638, 42.728318427452592 ], [ 1.170805162493366, 42.708117600358463 ], [ 1.184278868317179, 42.714356091078713 ], [ 1.187072197573329, 42.715643398687646 ], [ 1.194301990942208, 42.71693070629658 ], [ 1.21631999802014, 42.720594581798949 ], [ 1.222563910475074, 42.723961386314642 ], [ 1.229300763386973, 42.72762526181701 ], [ 1.247210933323501, 42.722178960394572 ], [ 1.250332889550975, 42.719010203203339 ], [ 1.254276413206725, 42.714950233052065 ], [ 1.262492087489534, 42.716435587985458 ], [ 1.271036388743653, 42.718019966581068 ], [ 1.274322658456782, 42.716732658972134 ], [ 1.279416376512117, 42.714752185727605 ], [ 1.286974796852306, 42.71693070629658 ], [ 1.294533217192495, 42.719208250527785 ], [ 1.310635938786803, 42.717920942918852 ], [ 1.325752779467166, 42.724060409976872 ], [ 1.33528296163523, 42.724159433639102 ], [ 1.339062171805324, 42.719010203203339 ], [ 1.357300968713162, 42.719406297852245 ], [ 1.354014699000032, 42.712672688820859 ], [ 1.352700191114792, 42.709999049940762 ], [ 1.352207250657813, 42.701879109638213 ], [ 1.36847428573779, 42.695739642580193 ], [ 1.387041709616938, 42.688609938899916 ], [ 1.389013471444812, 42.684847039735317 ], [ 1.387863277045213, 42.674845649850482 ], [ 1.387206023102593, 42.668805206454678 ], [ 1.393778562528837, 42.667814969832421 ], [ 1.397722086184586, 42.667220827859069 ], [ 1.401172669383371, 42.662764763058888 ], [ 1.404130312125176, 42.658803816569844 ], [ 1.410374224580124, 42.656130177689732 ], [ 1.413003240350619, 42.655040917405245 ], [ 1.417768331434644, 42.636622516231185 ], [ 1.420561660690808, 42.625432842399633 ], [ 1.427134200117052, 42.620580682950546 ], [ 1.429105961944927, 42.619095328017167 ], [ 1.429598902401892, 42.617808020408219 ], [ 1.434692620457241, 42.605628109954402 ], [ 1.44257966776874, 42.60364763670988 ], [ 1.440607905940865, 42.595329649082885 ], [ 1.436171441828137, 42.591566749918293 ], [ 1.426969886631397, 42.583644856940204 ], [ 1.431406350744112, 42.576416129597696 ], [ 1.436828695770771, 42.574039561704268 ], [ 1.44257966776874, 42.57166299381084 ], [ 1.44389417565398, 42.567603023659565 ], [ 1.436993009256426, 42.56364207717052 ], [ 1.423847930403923, 42.55621530250356 ], [ 1.413824807778894, 42.535519357098295 ], [ 1.432885172115022, 42.541262729507416 ], [ 1.438471830627336, 42.542946131765255 ], [ 1.448659266738019, 42.540470540209604 ], [ 1.467226690617167, 42.511654654501797 ], [ 1.44471574308227, 42.496107939532294 ], [ 1.434363993485917, 42.494226489949995 ], [ 1.426148319203108, 42.492741135016608 ], [ 1.419904406748174, 42.484027052740707 ], [ 1.427955767545328, 42.482541697807314 ], [ 1.433049485600677, 42.481551461185049 ], [ 1.439786338512576, 42.476105159762611 ], [ 1.440443592455196, 42.469173503406786 ], [ 1.44077221942652, 42.464519391282153 ], [ 1.44323692171136, 42.46253891803763 ], [ 1.446194564453165, 42.460063326481979 ], [ 1.444880056567925, 42.458478947886363 ], [ 1.441593786854796, 42.454319954072865 ], [ 1.446194564453165, 42.446299037432546 ], [ 1.444387116110946, 42.442239067281271 ], [ 1.44964514765195, 42.438278120792226 ], [ 1.517013676771001, 42.429068920205196 ], [ 1.551848135730111, 42.43352498500537 ], [ 1.553984211043641, 42.444318564188023 ], [ 1.553984211043641, 42.444516611512476 ], [ 1.554312838014951, 42.444714658836929 ], [ 1.55907792909899, 42.44907169997488 ], [ 1.558584988642011, 42.450458031246043 ], [ 1.55727048075677, 42.454815072383994 ], [ 1.56154263138383, 42.458379924224133 ], [ 1.566800662924834, 42.458379924224133 ], [ 1.574523396750664, 42.453725812099506 ], [ 1.580931622691267, 42.449962912934915 ], [ 1.583889265433072, 42.455904332668482 ], [ 1.586518281203567, 42.461053563104237 ], [ 1.597034344285575, 42.466004746215546 ], [ 1.604921391597074, 42.46560865156664 ], [ 1.628418220045901, 42.4643213439577 ], [ 1.657008766550078, 42.468876432420103 ], [ 1.661445230662807, 42.474025662855865 ], [ 1.662266798091082, 42.484522171051836 ], [ 1.662759738548047, 42.493236253327737 ], [ 1.669496591459961, 42.502940572225896 ], [ 1.67623344437186, 42.498088412776816 ], [ 1.680341281513265, 42.495018679247806 ], [ 1.704002423447761, 42.49026554346095 ], [ 1.711725157273605, 42.492840158678831 ], [ 1.725856117040038, 42.504425927159289 ], [ 1.730949835095373, 42.492444064029925 ], [ 1.745573735318786, 42.495018679247806 ], [ 1.757239992800365, 42.489968472474274 ], [ 1.762990964798334, 42.487492880918623 ], [ 1.790759943874235, 42.485710454998546 ], [ 1.793881900101709, 42.486601667958581 ], [ 1.804726590155013, 42.489572377825368 ], [ 1.814585399294387, 42.484621194714059 ], [ 1.816228534150952, 42.483829005416254 ], [ 1.818035982493171, 42.484324123727383 ], [ 1.822965387062851, 42.485710454998546 ], [ 1.832824196202225, 42.482937792456219 ], [ 1.843340259284219, 42.477194420047098 ], [ 1.845804961569073, 42.472540307922472 ], [ 1.847941036882602, 42.468381314108974 ], [ 1.855170830251467, 42.464024272971024 ], [ 1.861907683163381, 42.464717438606606 ], [ 1.867822968647005, 42.465212556917741 ], [ 1.880639420528183, 42.459271137184167 ], [ 1.883268436298678, 42.454418977735088 ], [ 1.885404511612208, 42.450160960259367 ], [ 1.893291558923707, 42.447883416028162 ], [ 1.900192725321276, 42.449863889272685 ], [ 1.903643308520046, 42.448576581663744 ], [ 1.906272324290555, 42.448576581663744 ], [ 1.909065653546705, 42.44719025039258 ], [ 1.920238970571333, 42.447487321379256 ], [ 1.924511121198393, 42.449863889272685 ], [ 1.933712676395132, 42.454815072383994 ], [ 1.942914231591885, 42.444417587850246 ], [ 1.942256977649265, 42.439565428401167 ], [ 1.941271096735321, 42.430851346125266 ], [ 1.952115786788639, 42.426197234000639 ], [ 1.958031072272263, 42.423622618782758 ], [ 1.956716564387008, 42.417285104400285 ], [ 1.955402056501754, 42.411640755653394 ], [ 1.960660088042758, 42.403322768026399 ], [ 1.960495774557103, 42.392925283492659 ], [ 1.965096552155472, 42.382428775296681 ], [ 1.985964364833819, 42.362128924540329 ], [ 2.011597268596176, 42.352622652966616 ], [ 2.015212165280616, 42.347374398868631 ], [ 2.02079882379293, 42.353018747615522 ], [ 2.023427839563425, 42.355791410157856 ], [ 2.042323890413897, 42.357375788753473 ], [ 2.05776935806557, 42.358762120024636 ], [ 2.067628167204944, 42.362624042851458 ], [ 2.074036393145533, 42.365099634407109 ], [ 2.076336781944732, 42.364406468771527 ], [ 2.084552456227541, 42.361831853553646 ], [ 2.086524218055416, 42.365396705393792 ], [ 2.086852845026726, 42.368466438922802 ], [ 2.087181471998036, 42.370050817518418 ], [ 2.088660293368946, 42.371239101465129 ], [ 2.089317547311566, 42.37391274034524 ], [ 2.09704028113741, 42.376487355563114 ], [ 2.114950451073938, 42.382725846283364 ], [ 2.114786137588283, 42.390746762923683 ], [ 2.114786137588283, 42.394608685750498 ], [ 2.120865736557562, 42.397579395617285 ], [ 2.124809260213311, 42.408372974799931 ], [ 2.13302493449612, 42.414512441857951 ], [ 2.156850389916272, 42.423424571458305 ], [ 2.16868096088352, 42.424117737093887 ], [ 2.179854277908134, 42.418968506658132 ], [ 2.180182904879445, 42.418869482995902 ], [ 2.201543658014756, 42.41698803341361 ], [ 2.219946768408249, 42.423919689769434 ], [ 2.225040486463598, 42.425900163013964 ], [ 2.226683621320163, 42.425900163013964 ], [ 2.233091847260752, 42.425900163013964 ], [ 2.246236926113241, 42.429564038516325 ], [ 2.24952319582637, 42.432435724720882 ], [ 2.257081616166559, 42.438674215441132 ], [ 2.270719635476013, 42.432633772045335 ], [ 2.29158744815436, 42.423424571458305 ], [ 2.298159987580604, 42.425504068365058 ], [ 2.308347423691288, 42.428771849218521 ], [ 2.318699173287627, 42.425107973716152 ], [ 2.319849367687226, 42.42134507455156 ], [ 2.323957204828631, 42.418770459333679 ], [ 2.32675053408478, 42.41698803341361 ], [ 2.331844252140129, 42.416690962426927 ], [ 2.344167763564343, 42.415997796791345 ], [ 2.344989330992632, 42.413324157911241 ], [ 2.346139525392218, 42.409264187759966 ], [ 2.357805782873811, 42.403817886337528 ], [ 2.385410448464057, 42.400550105484065 ], [ 2.404963753257135, 42.393222354479335 ], [ 2.421230788337112, 42.393420401803787 ], [ 2.431911164904761, 42.39351942546601 ], [ 2.434704494160911, 42.389558478976966 ], [ 2.434704494160911, 42.384508272203433 ], [ 2.435033121132221, 42.376091260914208 ], [ 2.44407036284332, 42.370545935829547 ], [ 2.452778977583094, 42.369258628220607 ], [ 2.453600545011383, 42.369159604558384 ], [ 2.454257798954004, 42.367971320611666 ], [ 2.456886814724498, 42.363416232149262 ], [ 2.461487592322882, 42.361831853553646 ], [ 2.465266802492977, 42.360643569606935 ], [ 2.469210326148712, 42.35539531550895 ], [ 2.474632671175371, 42.348166588166443 ], [ 2.482684031972525, 42.340442742512799 ], [ 2.493528722025843, 42.34182907378397 ], [ 2.500758515394708, 42.342720286744004 ], [ 2.514725161675486, 42.337571056308242 ], [ 2.526227105671424, 42.333412062494745 ], [ 2.542165513780077, 42.333907180805873 ], [ 2.552681576862071, 42.344205641677391 ], [ 2.553338830804691, 42.346978304219725 ], [ 2.554653338689945, 42.353018747615522 ], [ 2.561883132058824, 42.35707871776679 ], [ 2.587351722335526, 42.356880670442344 ], [ 2.597703471931879, 42.352721676628839 ], [ 2.613477566554863, 42.346285138584143 ], [ 2.660306909966891, 42.342324192095099 ], [ 2.672301794419795, 42.341234931810611 ], [ 2.6752594371616, 42.344106618015168 ], [ 2.675095123675945, 42.355791410157856 ], [ 2.669179838192321, 42.3601484512958 ], [ 2.661785731337787, 42.365594752718238 ], [ 2.660306909966891, 42.373615669358557 ], [ 2.659321029052947, 42.379755136416577 ], [ 2.655213191911542, 42.385795579812374 ], [ 2.660306909966891, 42.386686792772409 ], [ 2.664250433622641, 42.387280934745768 ], [ 2.669508465163631, 42.388172147705802 ], [ 2.671480226991505, 42.395202827723857 ], [ 2.67394492927636, 42.40461007563534 ], [ 2.685118246300974, 42.406095430568733 ], [ 2.693169607098127, 42.407085667190991 ], [ 2.703521356694466, 42.412432944951206 ], [ 2.723896228915834, 42.422830429484947 ], [ 2.727346812114618, 42.422830429484947 ], [ 2.733097784112587, 42.423424571458305 ], [ 2.752158148448714, 42.425702115689511 ], [ 2.759223628331924, 42.420651908915971 ], [ 2.771218512784827, 42.41213587396453 ], [ 2.793072206377104, 42.418077293698097 ], [ 2.798987491860728, 42.419364601307038 ], [ 2.803916896430408, 42.429465014854102 ], [ 2.804574150373043, 42.430653298800813 ], [ 2.817883542711186, 42.439862499387843 ], [ 2.818540796653821, 42.439862499387843 ], [ 2.827578038364905, 42.440258594036749 ], [ 2.83201450247762, 42.449467794623779 ], [ 2.834643518248129, 42.454617025059541 ], [ 2.839408609332153, 42.458577971548586 ], [ 2.844502327387502, 42.457983829575227 ], [ 2.848774478014562, 42.457290663939645 ], [ 2.86060504898181, 42.455607261681806 ], [ 2.862905437780995, 42.460756492117561 ], [ 2.864384259151905, 42.463826225646571 ], [ 2.871121112063804, 42.466499864526675 ], [ 2.878022278461358, 42.463628178322118 ], [ 2.886566579715492, 42.460162350144202 ], [ 2.919922217303693, 42.456894569290739 ], [ 2.923865740959442, 42.458974066197491 ], [ 2.928466518557812, 42.467094006500034 ], [ 2.932902982670541, 42.474619804829224 ], [ 2.947198255922629, 42.481848532171732 ], [ 2.959193140375532, 42.472441284260249 ], [ 2.966915874201376, 42.466301817202222 ], [ 2.98055389351083, 42.467688148473393 ], [ 2.981211147453465, 42.468183266784521 ], [ 2.987783686879709, 42.47362956820696 ], [ 3.000600138760888, 42.472540307922472 ], [ 3.005858170301892, 42.470262763691274 ], [ 3.012923650185115, 42.467193030162264 ], [ 3.025082848123674, 42.47184714228689 ], [ 3.032641268463848, 42.47481785215367 ], [ 3.040199688804037, 42.473530544544737 ], [ 3.042828704574532, 42.467589124811163 ], [ 3.045622033830696, 42.461449657753143 ], [ 3.05695966434098, 42.447091226730358 ], [ 3.086043151302121, 42.425801139351734 ], [ 3.102803126839049, 42.426494304987315 ], [ 3.108882725808328, 42.43352498500537 ], [ 3.109868606722273, 42.434614245289858 ], [ 3.120877610261232, 42.438179097130003 ], [ 3.123342312546086, 42.436792765858833 ], [ 3.126135641802236, 42.435307410925446 ], [ 3.144703065681384, 42.43352498500537 ], [ 3.173950866128195, 42.435208387263216 ], [ 3.173457925671229, 42.4336240086676 ], [ 3.163106176074876, 42.428573801894068 ], [ 3.168692834587191, 42.424117737093887 ], [ 3.169021461558501, 42.42005776694262 ], [ 3.169350088529825, 42.417483151724738 ], [ 3.16951440201548, 42.415403654817986 ], [ 3.168692834587191, 42.414809512844634 ], [ 3.157026577105597, 42.406689572542092 ], [ 3.163927743503166, 42.400054987172936 ], [ 3.153740307392482, 42.393123330817104 ], [ 3.162448922132256, 42.390350668274777 ], [ 3.165735191845386, 42.389360431652513 ], [ 3.161134414247002, 42.384805343190109 ], [ 3.156533636648632, 42.380250254727713 ], [ 3.158834025447817, 42.374506882318592 ], [ 3.165899505331041, 42.369654722869512 ], [ 3.164256370474476, 42.360742593269158 ], [ 3.174936747042125, 42.354702149873368 ], [ 3.178715957212219, 42.353414842264428 ], [ 3.184795556181498, 42.351236321695453 ], [ 3.187588885437663, 42.350246085073188 ], [ 3.186767318009373, 42.345790020273014 ], [ 3.186274377552408, 42.343512476041809 ], [ 3.196297500177437, 42.33568960672595 ], [ 3.203034353089336, 42.337670079970472 ], [ 3.203855920517626, 42.343908570690715 ], [ 3.204184547488936, 42.346384162246366 ], [ 3.230474705193927, 42.351038274371 ], [ 3.237375871591496, 42.348760730139794 ], [ 3.238690379476736, 42.344502712664074 ], [ 3.241155081761576, 42.33677886701043 ], [ 3.249042129073075, 42.331134518263546 ], [ 3.253642906671459, 42.334699370103685 ], [ 3.261529953982958, 42.334996441090361 ], [ 3.262351521411233, 42.336283748699302 ], [ 3.265473477638707, 42.340442742512799 ], [ 3.278289929519886, 42.336085701374849 ], [ 3.281083258776036, 42.332025731223581 ], [ 3.306551849052752, 42.326480406138913 ], [ 3.309345178308902, 42.322321412325415 ], [ 3.32051849533353, 42.322123365000962 ], [ 3.321175749276151, 42.318459489498601 ], [ 3.302608325397003, 42.309547359898247 ], [ 3.298500488255598, 42.304695200449167 ], [ 3.295707158999448, 42.305190318760296 ], [ 3.290120500487134, 42.305982508058101 ], [ 3.292092262315009, 42.300338159311217 ], [ 3.28782011168795, 42.292713337319803 ], [ 3.290449127458444, 42.292713337319803 ], [ 3.296364412942069, 42.292614313657573 ], [ 3.296200099456414, 42.284098278706125 ], [ 3.2894632465445, 42.283108042083867 ], [ 3.287655798202294, 42.284098278706125 ], [ 3.280590318319071, 42.28805922519517 ], [ 3.276811108148976, 42.286573870261783 ], [ 3.278947183462506, 42.277265646012523 ], [ 3.2838765880322, 42.272116415576761 ], [ 3.28699854425966, 42.268749611061075 ], [ 3.280426004833416, 42.25419313271383 ], [ 3.265309164153038, 42.252113635807085 ], [ 3.261365640497289, 42.251519493833726 ], [ 3.254628787585389, 42.253202896091572 ], [ 3.255778981984989, 42.246469287060194 ], [ 3.256271922441954, 42.246271239735741 ], [ 3.264323283239108, 42.243003458882278 ], [ 3.263994656267798, 42.239141536055456 ], [ 3.251506831357929, 42.240923961975533 ], [ 3.24756330770218, 42.243993695504543 ], [ 3.2414837087329, 42.248845854953622 ], [ 3.232775093993112, 42.249539020589204 ], [ 3.228174316394743, 42.241022985637755 ], [ 3.227188435480798, 42.239240559717686 ], [ 3.218315507255369, 42.234091329281924 ], [ 3.201062591261461, 42.24369662451786 ], [ 3.197776321548346, 42.245578074100159 ], [ 3.196297500177437, 42.245677097762382 ], [ 3.185288496638478, 42.246667334384647 ], [ 3.182823794353624, 42.251321446509273 ], [ 3.179537524640509, 42.25736188990507 ], [ 3.172143417785975, 42.263006238651961 ], [ 3.162777549103566, 42.263402333300867 ], [ 3.150454037679353, 42.258649197514011 ], [ 3.139116407169084, 42.250925351860367 ], [ 3.128600344087076, 42.239537630704362 ], [ 3.124985447402636, 42.235576684215317 ], [ 3.117262713576807, 42.22210946615256 ], [ 3.112661935978423, 42.205572514560799 ], [ 3.111676055064493, 42.203889112302953 ], [ 3.112168995521458, 42.173092753350623 ], [ 3.115126638263277, 42.156654825421086 ], [ 3.117098400091152, 42.145960269900662 ], [ 3.125642701345271, 42.128136010699954 ], [ 3.13698033185554, 42.125264324495397 ], [ 3.139116407169084, 42.115758052921692 ], [ 3.149632470251078, 42.118530715464018 ], [ 3.152261486021573, 42.119124857437377 ], [ 3.175758314470414, 42.111004917134835 ], [ 3.173950866128195, 42.108232254592501 ], [ 3.16951440201548, 42.108232254592501 ], [ 3.173457925671229, 42.103578142467875 ], [ 3.183481048296258, 42.102785953170063 ], [ 3.184795556181498, 42.100607432601088 ], [ 3.198762202462277, 42.078822226911335 ], [ 3.199419456404911, 42.077732966626847 ], [ 3.200076710347531, 42.077138824653495 ], [ 3.21009983297256, 42.068226695053141 ], [ 3.211250027372145, 42.055353618963743 ], [ 3.205170428402866, 42.053670216705896 ], [ 3.201226904747116, 42.052580956421409 ], [ 3.197776321548346, 42.046045394714483 ], [ 3.195147305777837, 42.028914301149364 ], [ 3.196954754120057, 42.008317379406328 ], [ 3.204677487945901, 41.988017528649969 ], [ 3.207142190230741, 41.981580990605266 ], [ 3.211578654343469, 41.973659097627177 ], [ 3.221108836511519, 41.97385714495163 ], [ 3.221601776968498, 41.97385714495163 ], [ 3.230639018679582, 41.96771767789361 ], [ 3.232117840050492, 41.950091466017355 ], [ 3.228502943366053, 41.947813921786157 ], [ 3.218808447712334, 41.94177347839036 ], [ 3.216508058913149, 41.937515460914639 ], [ 3.219301388169299, 41.934247680061176 ], [ 3.218151193769714, 41.927514071029798 ], [ 3.216508058913149, 41.921572651296231 ], [ 3.215686491484874, 41.918700965091666 ], [ 3.21502923754224, 41.918304870442768 ], [ 3.20894963857296, 41.915334160575981 ], [ 3.20944257902994, 41.906025936326721 ], [ 3.209606892515595, 41.903055226459941 ], [ 3.206813563259431, 41.898797208984213 ], [ 3.204184547488936, 41.894638215170716 ], [ 3.202870039603681, 41.892657741926193 ], [ 3.200733964290151, 41.892756765588423 ], [ 3.194982992292182, 41.893053836575099 ], [ 3.190546528179468, 41.888696795437149 ], [ 3.184795556181498, 41.887508511490438 ], [ 3.178880270697874, 41.875130553712168 ], [ 3.178058703269599, 41.870575465249765 ], [ 3.177401449326979, 41.867901826369661 ], [ 3.167049699730626, 41.862059430298316 ], [ 3.165570878359731, 41.861960406636094 ], [ 3.153083053449848, 41.861663335649411 ], [ 3.144703065681384, 41.857504341835913 ], [ 3.144374438710074, 41.850374638155635 ], [ 3.144374438710074, 41.850275614493405 ], [ 3.143881498253108, 41.850077567168952 ], [ 3.134679943056355, 41.847304904626625 ], [ 3.13270818122848, 41.844730289408744 ], [ 3.13057210591495, 41.84195762686641 ], [ 3.127943090144456, 41.844334194759838 ], [ 3.125478387859616, 41.846611738991037 ], [ 3.117919967519427, 41.848295141248883 ], [ 3.099845484097244, 41.842947863488675 ], [ 3.085385897359501, 41.828787479790336 ], [ 3.081113746732441, 41.824529462314608 ], [ 3.071583564564378, 41.818588042581041 ], [ 3.064518084681154, 41.799971594082528 ], [ 3.064353771195499, 41.799674523095845 ], [ 3.05728829131229, 41.789475085886558 ], [ 3.054166335084815, 41.790366298846592 ], [ 3.053837708113505, 41.790465322508815 ], [ 3.046936541715951, 41.788682896588746 ], [ 3.046772228230282, 41.78709851799313 ], [ 3.046607914744627, 41.782543429530726 ], [ 3.042993018060201, 41.77917662501504 ], [ 3.032641268463848, 41.780364908961751 ], [ 3.029847939207698, 41.77293813429479 ], [ 3.012923650185115, 41.772145944996979 ], [ 3.011937769271171, 41.772145944996979 ], [ 3.009637380471986, 41.770660590063592 ], [ 2.995670734191208, 41.762342602436597 ], [ 2.987455059908399, 41.760857247503203 ], [ 2.983182909281339, 41.760065058205392 ], [ 2.971516651799746, 41.75313340184956 ], [ 2.965272739344812, 41.745805650844829 ], [ 2.953770795348873, 41.732239409119849 ], [ 2.938161014211531, 41.722039971910554 ], [ 2.935696311926691, 41.720356569652708 ], [ 2.935367684955381, 41.719564380354903 ], [ 2.934053177070126, 41.715702457528081 ], [ 2.914828499248358, 41.708968848496703 ], [ 2.912856737420483, 41.708374706523344 ], [ 2.907270078908169, 41.709166895821156 ], [ 2.90332655525242, 41.709761037794514 ], [ 2.900204599024946, 41.707384469901086 ], [ 2.896918329311831, 41.704908878345435 ], [ 2.866356020979779, 41.698670387625185 ], [ 2.865370140065835, 41.698769411287408 ], [ 2.864384259151905, 41.698769411287408 ], [ 2.854032509555552, 41.69956160058522 ], [ 2.816897661797256, 41.686490477171368 ], [ 2.811311003284942, 41.681638317722289 ], [ 2.802438075059513, 41.674013495730875 ], [ 2.797180043518509, 41.673023259108618 ], [ 2.79175769849185, 41.67193399882413 ], [ 2.778448306153706, 41.648762461863214 ], [ 2.762016957588074, 41.645791751996427 ], [ 2.747885997821641, 41.643118113116323 ], [ 2.733097784112587, 41.637176693382749 ], [ 2.728004066057252, 41.635097196476003 ], [ 2.703028416237501, 41.624699711942256 ], [ 2.670822973048885, 41.614797345719644 ], [ 2.6396034107742, 41.604795955834803 ], [ 2.59540308313268, 41.59053654847424 ], [ 2.572234881655163, 41.583307821131733 ], [ 2.532142391155048, 41.570038650393428 ], [ 2.52244789550133, 41.565879656579931 ], [ 2.508809876191862, 41.56033433149527 ], [ 2.487449123056564, 41.55112513090824 ], [ 2.467567191292162, 41.545381758499119 ], [ 2.448999767413, 41.534786226640925 ], [ 2.448342513470379, 41.534192084667566 ], [ 2.4422629145011, 41.529339925218487 ], [ 2.424352744564573, 41.519140488009192 ], [ 2.402827677943606, 41.506168388257571 ], [ 2.376044579781649, 41.494186525128207 ], [ 2.346796779334838, 41.484878300878947 ], [ 2.342360315222123, 41.483789040594459 ], [ 2.296516852724039, 41.472302295776231 ], [ 2.270391008504703, 41.460815550957996 ], [ 2.253631032967775, 41.448635640504179 ], [ 2.241307521543561, 41.43150454693906 ], [ 2.237199684402157, 41.425860198192169 ], [ 2.227176561777128, 41.412591027453864 ], [ 2.201215031043446, 41.389617537817401 ], [ 2.190698967961453, 41.375259106794608 ], [ 2.185769563391759, 41.37783372201249 ], [ 2.185112309449138, 41.378130792999166 ], [ 2.181333099279044, 41.376843485390232 ], [ 2.179032710479859, 41.370902065656658 ], [ 2.17508918682411, 41.360999699434046 ], [ 2.159808032658077, 41.349512954615811 ], [ 2.152249612317888, 41.343769582206697 ], [ 2.151428044889613, 41.337729138810907 ], [ 2.152906866260523, 41.337432067824224 ], [ 2.156850389916272, 41.336540854864189 ], [ 2.150770790946993, 41.321489258205816 ], [ 2.13943316043671, 41.306932779858577 ], [ 2.120208482614927, 41.292574348835785 ], [ 2.074693647088168, 41.277225681190735 ], [ 2.069599929032819, 41.276334468230694 ], [ 2.065985032348379, 41.275146184283983 ], [ 2.063684643549195, 41.27494813695953 ], [ 2.046267414069646, 41.27069011948381 ], [ 2.031807827331889, 41.267719409617023 ], [ 2.020305883335965, 41.265936983696953 ], [ 2.009625506768302, 41.265045770736918 ], [ 2.002888653856402, 41.264748699750236 ], [ 1.98481417043422, 41.264154557776884 ], [ 1.982185154663725, 41.264253581439107 ], [ 1.959509893643158, 41.264550652425783 ], [ 1.944393052962795, 41.263758463127978 ], [ 1.922046418913553, 41.259896540301156 ], [ 1.909887220974994, 41.254648286203171 ], [ 1.899699784864296, 41.25039026872745 ], [ 1.889348035267957, 41.247617606185116 ], [ 1.870287670931845, 41.242666423073807 ], [ 1.861907683163381, 41.238210358273633 ], [ 1.855663770708446, 41.234942577420171 ], [ 1.834138704087479, 41.235239648406846 ], [ 1.814092458837422, 41.235536719393529 ], [ 1.799139931642699, 41.231278701917802 ], [ 1.799139931642699, 41.231179678255579 ], [ 1.786652106732831, 41.223950950913071 ], [ 1.7567470523434, 41.219395862450668 ], [ 1.75181764777372, 41.218603673152856 ], [ 1.697594197507172, 41.207612046645757 ], [ 1.683463237740739, 41.201769650574413 ], [ 1.672618547687421, 41.198303822396497 ], [ 1.645342509068499, 41.195630183516393 ], [ 1.616916276049963, 41.190679000405083 ], [ 1.578795547377723, 41.187015124902715 ], [ 1.567293603381799, 41.185925864618234 ], [ 1.527529739852994, 41.180776634182472 ], [ 1.495652923635689, 41.173250835853281 ], [ 1.459503956791323, 41.16334846963067 ], [ 1.440443592455196, 41.15532755299035 ], [ 1.40758089532396, 41.140870098305335 ], [ 1.403308744696901, 41.137701341114102 ], [ 1.397886399670242, 41.133443323638375 ], [ 1.389999352358743, 41.13265113434057 ], [ 1.377511527448874, 41.133047228989469 ], [ 1.373568003793125, 41.133146252651699 ], [ 1.371103301508285, 41.13255211067834 ], [ 1.342019814547129, 41.126016548971414 ], [ 1.320330434440521, 41.129185306162654 ], [ 1.317044164727392, 41.12958140081156 ], [ 1.299298308276519, 41.127798974891483 ], [ 1.294533217192495, 41.125521430660285 ], [ 1.269064626915778, 41.112945425557562 ], [ 1.261341893089934, 41.113836638517597 ], [ 1.250004262579665, 41.108984479068518 ], [ 1.222728223960729, 41.105716698215055 ], [ 1.217798819391035, 41.105122556241703 ], [ 1.197752574140978, 41.092843622125656 ], [ 1.183292987403235, 41.076207646871666 ], [ 1.182635733460614, 41.074326197289373 ], [ 1.179678090718795, 41.066107233324601 ], [ 1.18033534466143, 41.062938476133361 ], [ 1.172119670378621, 41.055907796115306 ], [ 1.164232623067122, 41.055610725128631 ], [ 1.160453412897027, 41.060759955564386 ], [ 1.158481651069152, 41.063334570782267 ], [ 1.148951468901089, 41.065810162337925 ], [ 1.142707556446155, 41.072147676720398 ], [ 1.117731906626418, 41.073831078978237 ], [ 1.112802502056724, 41.072345724044844 ], [ 1.083883328581237, 41.063928712755626 ], [ 1.071231190185699, 41.065909186000148 ], [ 1.064001396816835, 41.065315044026789 ], [ 1.050034750536057, 41.063928712755626 ], [ 1.035739477283968, 41.057492174710923 ], [ 1.023415965859755, 41.052045873288492 ], [ 1.004026974552318, 41.043628861999267 ], [ 0.998933256496969, 41.042737649039232 ], [ 0.98825287992932, 41.040955223119163 ], [ 0.965413305423112, 41.027388981394182 ], [ 0.943888238802145, 41.008574485571216 ], [ 0.939780401660741, 41.004910610068848 ], [ 0.931893354349242, 40.99144339200609 ], [ 0.915790632754934, 40.986195137908105 ], [ 0.914311811384025, 40.985799043259199 ], [ 0.898209089789717, 40.974510345765424 ], [ 0.885556951394193, 40.962330435311607 ], [ 0.876191082711784, 40.95331928204903 ], [ 0.870440110713815, 40.950447595844466 ], [ 0.863538944316261, 40.946981767666557 ], [ 0.861074242031421, 40.941535466244119 ], [ 0.857787972318292, 40.93470283355051 ], [ 0.838234667525199, 40.917571739985391 ], [ 0.828211544900171, 40.90885765770949 ], [ 0.823610767301801, 40.902223072340341 ], [ 0.817202541361205, 40.893112895415534 ], [ 0.807836672678803, 40.885686120748574 ], [ 0.800935506281242, 40.880239819326135 ], [ 0.797813550053775, 40.875090588890373 ], [ 0.793212772455405, 40.867762837885643 ], [ 0.786968860000464, 40.864891151681086 ], [ 0.769880257492218, 40.857068282365219 ], [ 0.764786539436876, 40.851721004605004 ], [ 0.762157523666382, 40.847363963467053 ], [ 0.751970087555691, 40.84607665585812 ], [ 0.744904607672474, 40.837560620906672 ], [ 0.743097159330262, 40.831223106524199 ], [ 0.741454024473697, 40.824786568479496 ], [ 0.73652461990401, 40.823994379181684 ], [ 0.731102274877358, 40.818548077759253 ], [ 0.723050914080204, 40.815775415216919 ], [ 0.707934073399827, 40.810428137456704 ], [ 0.7005399665453, 40.803496481100879 ], [ 0.708427013856799, 40.788345860780275 ], [ 0.720257584824047, 40.778542518219886 ], [ 0.729294826535138, 40.770620625241797 ], [ 0.74079677053107, 40.766065536779394 ], [ 0.769715944006563, 40.763589945223742 ], [ 0.781217888002502, 40.768541128335052 ], [ 0.782368082402094, 40.771808909188515 ], [ 0.77283790023403, 40.778542518219886 ], [ 0.763800658522939, 40.781414204424451 ], [ 0.740303830074104, 40.788741955429181 ], [ 0.743261472815917, 40.791613641633738 ], [ 0.755092043783165, 40.792801925580456 ], [ 0.770373197949191, 40.790425357687027 ], [ 0.781382201488157, 40.78319663034452 ], [ 0.811287255877588, 40.752796366041089 ], [ 0.827061350500578, 40.736754532760457 ], [ 0.863703257801916, 40.721504888777631 ], [ 0.86928991631423, 40.727545332173428 ], [ 0.87421932088391, 40.732991633595866 ], [ 0.886542832308123, 40.719425391870885 ], [ 0.877012650140074, 40.702294298305759 ], [ 0.868796975857251, 40.693580216029858 ], [ 0.831990755070265, 40.671497939353429 ], [ 0.798470803996402, 40.662288738766399 ], [ 0.790912383656213, 40.660209241859654 ], [ 0.790912383656213, 40.658426815939578 ], [ 0.790912383656213, 40.657931697628449 ], [ 0.784011217258652, 40.654861964099439 ], [ 0.767579868693034, 40.647435189432478 ], [ 0.761993210180719, 40.643573266605657 ], [ 0.750162639213478, 40.635057231654208 ], [ 0.742604218873289, 40.628818740933966 ], [ 0.742604218873289, 40.632383592774104 ], [ 0.746054802072074, 40.636146491938696 ], [ 0.741782651445007, 40.636938681236508 ], [ 0.727323064707264, 40.639711343778842 ], [ 0.708262700371144, 40.636344539263149 ], [ 0.70267604185883, 40.638225988845448 ], [ 0.684272931465337, 40.635750397289797 ], [ 0.663569432272652, 40.62664022036499 ], [ 0.663240805301342, 40.62654119670276 ], [ 0.628242032856569, 40.621887084578134 ], [ 0.627420465428287, 40.621887084578134 ], [ 0.603266383036825, 40.621986108240364 ], [ 0.580426808530611, 40.60386477805298 ], [ 0.538691183173938, 40.567325046691529 ], [ 0.532447270718997, 40.553857828628779 ], [ 0.52291708855094, 40.542569131134996 ], [ 0.515194354725097, 40.522962446014219 ], [ 0.476909312567201, 40.532468717587932 ], [ 0.437967016466679, 40.54702519593517 ], [ 0.434187806296585, 40.564849455135878 ], [ 0.438295643437996, 40.572276229802839 ], [ 0.441417599665463, 40.57792057854973 ], [ 0.433201925382654, 40.580792264754287 ], [ 0.424328997157218, 40.583861998283297 ], [ 0.420221160015814, 40.585446376878913 ], [ 0.417592144245312, 40.587822944772341 ], [ 0.406418827220691, 40.594061435492591 ], [ 0.404282751907161, 40.598319452968312 ], [ 0.402968244021906, 40.601191139172869 ], [ 0.392452180939912, 40.604161849039656 ], [ 0.354660079238982, 40.607429629893119 ], [ 0.337242849759427, 40.609014008488735 ], [ 0.329848742904893, 40.611093505395488 ], [ 0.31111700554009, 40.616935901466825 ], [ 0.303722898685557, 40.621391966267005 ], [ 0.297807613201932, 40.624956818107144 ], [ 0.295342910917093, 40.624461699796015 ], [ 0.291563700746998, 40.623768534160433 ], [ 0.284005280406816, 40.626937291351666 ], [ 0.271188828525631, 40.638622083494354 ], [ 0.266752364412916, 40.644761550552374 ], [ 0.268395499269474, 40.659813147210748 ], [ 0.285484101777719, 40.677637406411449 ], [ 0.290742133318716, 40.683083707833887 ], [ 0.290577819833061, 40.68823293826965 ], [ 0.262315900300194, 40.705463055496999 ], [ 0.254264539503041, 40.704076724225828 ], [ 0.239640639279635, 40.701502109007954 ], [ 0.227481441341077, 40.716058587355192 ], [ 0.226166933455829, 40.723683409346606 ], [ 0.224523798599265, 40.732496515284737 ], [ 0.217458318716048, 40.730417018377985 ], [ 0.19856226786559, 40.724772669631093 ], [ 0.191168161011056, 40.730218971053532 ], [ 0.182788173242592, 40.728337521471239 ], [ 0.170464661818372, 40.732892609933636 ], [ 0.166849765133939, 40.742101810520673 ], [ 0.174079558502811, 40.741408644885084 ], [ 0.175065439416748, 40.741309621222861 ], [ 0.175394066388058, 40.744478378414094 ], [ 0.176708574273313, 40.753786602663354 ], [ 0.182459546271275, 40.752697342378866 ], [ 0.190182280097119, 40.751311011107703 ], [ 0.20316304546396, 40.760421188032502 ], [ 0.212693227632023, 40.767055773401658 ], [ 0.220251647972205, 40.766758702414975 ], [ 0.227481441341077, 40.76656065509053 ], [ 0.233889667281673, 40.776562044975364 ], [ 0.232903786367736, 40.779235683855475 ], [ 0.232739472882081, 40.779433731179921 ], [ 0.233561040310356, 40.786959529509112 ], [ 0.23734025048045, 40.788741955429181 ], [ 0.244077103392357, 40.791811688958191 ], [ 0.249828075390326, 40.79854529798957 ], [ 0.257715122701818, 40.800228700247416 ], [ 0.262808840757167, 40.810131066470028 ], [ 0.273160590353505, 40.818845148745929 ], [ 0.278582935380157, 40.821617811288263 ], [ 0.272174709439568, 40.827262160035147 ], [ 0.271353142011286, 40.828054349332959 ], [ 0.26067276544363, 40.838352810204476 ], [ 0.251964150703856, 40.855979022080732 ], [ 0.253114345103448, 40.86568334097889 ], [ 0.253607285560413, 40.870139405779071 ], [ 0.25393591253173, 40.874397423254791 ], [ 0.246048865220232, 40.880041772001682 ], [ 0.239804952765297, 40.884398813139633 ], [ 0.243748476421047, 40.886874404695284 ], [ 0.245062984306294, 40.887666593993096 ], [ 0.249499448419009, 40.895687510633415 ], [ 0.252292777675166, 40.905094758544898 ], [ 0.250649642818601, 40.907669373762779 ], [ 0.249335134933354, 40.909550823345072 ], [ 0.251964150703856, 40.911729343914047 ], [ 0.25393591253173, 40.913313722509663 ], [ 0.25393591253173, 40.916680527025356 ], [ 0.253771599046075, 40.919651236892136 ], [ 0.260179824986665, 40.927474106208003 ], [ 0.261001392414947, 40.927771177194685 ], [ 0.267738245326846, 40.929751650439208 ], [ 0.274310784753098, 40.93658428313281 ], [ 0.272667649896533, 40.944605199773129 ], [ 0.27513235218138, 40.946981767666557 ], [ 0.28154057812197, 40.953022211062347 ], [ 0.285484101777719, 40.965004074191711 ], [ 0.292549581660936, 40.970747446600825 ], [ 0.287620177091249, 40.972529872520902 ], [ 0.281211951150659, 40.974906440414323 ], [ 0.281211951150659, 40.983917593676907 ], [ 0.281047637665004, 40.986195137908105 ], [ 0.277761367951875, 40.989859013410474 ], [ 0.269381380183411, 40.998870166673051 ], [ 0.270860201554321, 41.001741852877608 ], [ 0.273653530810471, 41.006693035988917 ], [ 0.266259423955944, 41.00996081684238 ], [ 0.261822959843229, 41.011842266424672 ], [ 0.259851198015355, 41.015407118264818 ], [ 0.262973154242822, 41.019070993767187 ], [ 0.265930796984634, 41.01917001742941 ], [ 0.27973312977975, 41.019764159402769 ], [ 0.272503336410878, 41.025111437162977 ], [ 0.259686884529692, 41.028082147029764 ], [ 0.246377492191542, 41.04065815213248 ], [ 0.242433968535792, 41.035706969021177 ], [ 0.241776714593172, 41.034914779723366 ], [ 0.234382607738638, 41.034320637750007 ], [ 0.230439084082889, 41.038677678887957 ], [ 0.231589278482481, 41.041846436079197 ], [ 0.233232413339046, 41.046401524541601 ], [ 0.227810068312394, 41.046797619190507 ], [ 0.225673992998864, 41.045213240594883 ], [ 0.221237528886142, 41.04194545974142 ], [ 0.218115572658675, 41.044718122283754 ], [ 0.218772826601302, 41.04808492679944 ], [ 0.223537917685327, 41.050857589341774 ], [ 0.229946143625924, 41.054719512168596 ], [ 0.228138695283704, 41.058284364008735 ], [ 0.22222340980008, 41.06046288457771 ], [ 0.219265767058268, 41.061552144862198 ], [ 0.218115572658675, 41.066503327973507 ], [ 0.220744588429177, 41.071355487422586 ], [ 0.21827988614433, 41.075217410249408 ], [ 0.218115572658675, 41.083436374214173 ], [ 0.208256763519302, 41.084426610836438 ], [ 0.201848537578712, 41.08511977647202 ], [ 0.200534029693458, 41.100369420454847 ], [ 0.203327358949615, 41.105914745539508 ], [ 0.208421077004957, 41.116411253735478 ], [ 0.204970493806179, 41.121461460509011 ], [ 0.201684224093057, 41.126313619958097 ], [ 0.21975870751524, 41.132056992367211 ], [ 0.222716350257052, 41.134235512936186 ], [ 0.235861429109548, 41.130670661096048 ], [ 0.238161817908733, 41.129977495460459 ], [ 0.249170821447699, 41.130175542784912 ], [ 0.255414733902633, 41.143642760847669 ], [ 0.254593166474351, 41.145623234092191 ], [ 0.252950031617793, 41.150178322554595 ], [ 0.26034413847232, 41.149881251567912 ], [ 0.274146471267443, 41.149386133256783 ], [ 0.303394271714247, 41.164338706252934 ], [ 0.301751136857682, 41.166715274146362 ], [ 0.303722898685557, 41.175132285435581 ], [ 0.306351914456059, 41.18612391194268 ], [ 0.310952692054435, 41.193253615622965 ], [ 0.312595826910993, 41.196125301827522 ], [ 0.316703664052397, 41.208107164956886 ], [ 0.322454636050367, 41.225238258522005 ], [ 0.329848742904893, 41.223455832601935 ], [ 0.330834623818831, 41.223158761615259 ], [ 0.332149131704085, 41.224248021899747 ], [ 0.337242849759427, 41.228902134024374 ], [ 0.341350686900832, 41.230387488957767 ], [ 0.346115777984863, 41.229298228673279 ], [ 0.360739678208262, 41.226030447819817 ], [ 0.364025947921391, 41.228605063037698 ], [ 0.365011828835328, 41.236130861366881 ], [ 0.365176142320983, 41.237913287286958 ], [ 0.369119665976733, 41.237616216300275 ], [ 0.381443177400946, 41.236427932353564 ], [ 0.37503495146035, 41.245637132940594 ], [ 0.373884757060758, 41.24732053519844 ], [ 0.377828280716507, 41.255044380852077 ], [ 0.379307102087417, 41.269204764550416 ], [ 0.385551014542351, 41.278612012461899 ], [ 0.365669082777949, 41.30396206999179 ], [ 0.367312217634513, 41.306932779858577 ], [ 0.369612606433698, 41.311586891983204 ], [ 0.368298098548451, 41.31812245369013 ], [ 0.356960468038167, 41.322776565814756 ], [ 0.351209496040205, 41.325252157370407 ], [ 0.349237734212331, 41.329213103859459 ], [ 0.358767916380387, 41.339412541068747 ], [ 0.359425170323014, 41.340204730366558 ], [ 0.366819277177541, 41.342581298259987 ], [ 0.373884757060758, 41.349810025602494 ], [ 0.360575364722607, 41.370109876358853 ], [ 0.337242849759427, 41.383577094421604 ], [ 0.335271087931552, 41.384963425692774 ], [ 0.321304441650774, 41.394370673604257 ], [ 0.335928341874173, 41.407441797018109 ], [ 0.337242849759427, 41.409125199275948 ], [ 0.347758912841421, 41.42665238748998 ], [ 0.348087539812738, 41.440218629214961 ], [ 0.354331452267672, 41.451012208397607 ], [ 0.349237734212331, 41.456854604468951 ], [ 0.343158135243051, 41.463984308149236 ], [ 0.340036179015584, 41.48200661467439 ], [ 0.346608718441829, 41.48814608173241 ], [ 0.348744793755358, 41.487254868772375 ], [ 0.350880869068888, 41.486957797785699 ], [ 0.364518888378356, 41.486066584825664 ], [ 0.366983590663196, 41.485967561163434 ], [ 0.382264744829229, 41.485769513838981 ], [ 0.394588256253442, 41.489730460328026 ], [ 0.397381585509599, 41.490621673288068 ], [ 0.399189033851819, 41.49250312287036 ], [ 0.402968244021906, 41.496860164008311 ], [ 0.40822627556291, 41.502405489092972 ], [ 0.41069097784775, 41.507653743190957 ], [ 0.412334112704315, 41.508743003475445 ], [ 0.4146345015035, 41.511614689680009 ], [ 0.417756457730967, 41.516862943777994 ], [ 0.421042727444089, 41.518546346035833 ], [ 0.426958012927713, 41.522408268862655 ], [ 0.42794389384165, 41.523893623796049 ], [ 0.433366238868309, 41.531914540436368 ], [ 0.435666627667494, 41.534786226640925 ], [ 0.446182690749488, 41.543401285254596 ], [ 0.440431718751526, 41.551620249219368 ], [ 0.431394477040435, 41.56469137263322 ], [ 0.430737223097807, 41.578752732669329 ], [ 0.431065850069118, 41.579049803656005 ], [ 0.435995254638804, 41.584892199727349 ], [ 0.435666627667494, 41.587565838607453 ], [ 0.433530552353965, 41.592913116367669 ], [ 0.42761526687034, 41.60162719864357 ], [ 0.41496312847481, 41.597468204830072 ], [ 0.401818049622314, 41.593111163692122 ], [ 0.349730674669296, 41.599448678074594 ], [ 0.346608718441829, 41.62133290742657 ], [ 0.35318125786808, 41.627274327160137 ], [ 0.358110662437767, 41.631730391960318 ], [ 0.355481646667265, 41.634305007178192 ], [ 0.35137380952586, 41.634899149151551 ], [ 0.349402047697986, 41.636186456760491 ], [ 0.343651075700016, 41.64410834973858 ], [ 0.337242849759427, 41.652624384690029 ], [ 0.33625696884549, 41.654109739623422 ], [ 0.334942460960242, 41.656189236530174 ], [ 0.332970699132368, 41.65955604104586 ], [ 0.33231344518974, 41.659853112032536 ], [ 0.326233846220461, 41.662229679925964 ], [ 0.325740905763489, 41.6718349751619 ], [ 0.326069532734806, 41.674607637704234 ], [ 0.327055413648743, 41.678172489544373 ], [ 0.328862861990956, 41.682034412371195 ], [ 0.33444952050327, 41.688074855766992 ], [ 0.337242849759427, 41.690550447322643 ], [ 0.341022059929522, 41.693620180851653 ], [ 0.342007940843459, 41.69649186705621 ], [ 0.35137380952586, 41.702532310452007 ], [ 0.357946348952105, 41.707483493563309 ], [ 0.360082424265642, 41.709166895821156 ], [ 0.363861634435729, 41.711345416390131 ], [ 0.368791039005416, 41.714217102594688 ], [ 0.368955352491071, 41.718574143732639 ], [ 0.369283979462388, 41.724614587128436 ], [ 0.37289887614682, 41.723921421492854 ], [ 0.381936117857911, 41.735804260959988 ], [ 0.384729447114069, 41.740260325760161 ], [ 0.387522776370226, 41.737289615893381 ], [ 0.388180030312853, 41.736695473920022 ], [ 0.395245510196069, 41.731843314470943 ], [ 0.397545898995254, 41.747291005778223 ], [ 0.398531779909192, 41.755113875094082 ], [ 0.408719216019875, 41.759074821583134 ], [ 0.447990139091708, 41.764620146667795 ], [ 0.448647393034335, 41.764620146667795 ], [ 0.456041499888862, 41.764224052018889 ], [ 0.464421487657333, 41.763332839058855 ], [ 0.46967951919833, 41.765610383290053 ], [ 0.471979907997515, 41.773631299930372 ], [ 0.472637161940142, 41.778681506703904 ], [ 0.473951669825389, 41.787197541655352 ], [ 0.477566566509829, 41.791653606455533 ], [ 0.481838717136888, 41.797694049851323 ], [ 0.483317538507791, 41.801456949015922 ], [ 0.485453613821328, 41.802051090989274 ], [ 0.48906851050576, 41.805120824518283 ], [ 0.491697526276262, 41.804823753531608 ], [ 0.495312422960694, 41.804427658882702 ], [ 0.498927319645134, 41.807002274100583 ], [ 0.499255946616444, 41.807893487060618 ], [ 0.500241827530381, 41.810666149602952 ], [ 0.502213589358256, 41.814429048767543 ], [ 0.507142993927943, 41.817795853283229 ], [ 0.510593577126727, 41.820568515825563 ], [ 0.515522981696414, 41.822350941745633 ], [ 0.519466505352163, 41.820865586812239 ], [ 0.525217477350125, 41.822548989070086 ], [ 0.531132762833749, 41.821360705123375 ], [ 0.533268838147279, 41.821261681461145 ], [ 0.536226480889091, 41.821162657798922 ], [ 0.542306079858371, 41.820073397514435 ], [ 0.548714305798967, 41.828787479790336 ], [ 0.551343321569462, 41.832550378954927 ], [ 0.552000575512089, 41.8407693429197 ], [ 0.552657829454716, 41.848988306884465 ], [ 0.557422920538741, 41.853246324360192 ], [ 0.565145654364585, 41.852454135062381 ], [ 0.5800981815593, 41.850869756466764 ], [ 0.580919748987583, 41.860574075364923 ], [ 0.581084062473238, 41.863247714245034 ], [ 0.592257379497859, 41.866416471436267 ], [ 0.603759323493797, 41.86968425228973 ], [ 0.60737422017823, 41.872952033143193 ], [ 0.607209906692574, 41.878497358227854 ], [ 0.598501291952793, 41.882260257392453 ], [ 0.593243260411796, 41.884636825285874 ], [ 0.596036589667953, 41.892756765588423 ], [ 0.596693843610581, 41.894638215170716 ], [ 0.597515411038856, 41.89731185405082 ], [ 0.598008351495828, 41.898797208984213 ], [ 0.60096599423764, 41.908501527882379 ], [ 0.596200903153608, 41.915532207900434 ], [ 0.595543649210981, 41.916621468184921 ], [ 0.596200903153608, 41.916819515509374 ], [ 0.602444815608543, 41.918403894104991 ], [ 0.604416577436417, 41.918899012416119 ], [ 0.602937756065515, 41.921869722282906 ], [ 0.585191899614642, 41.926622858069763 ], [ 0.562516638594083, 41.932663301465553 ], [ 0.567281729678115, 41.945635401217181 ], [ 0.576647598360523, 41.955042649128664 ], [ 0.590449931155639, 41.968608890853645 ], [ 0.596200903153608, 41.965638180986858 ], [ 0.60490951789339, 41.960984068862231 ], [ 0.617397342803258, 41.983462440187566 ], [ 0.617233029317603, 41.984749747796506 ], [ 0.616904402346293, 41.987225339352158 ], [ 0.62068361251638, 41.98920581259668 ], [ 0.623805568743855, 41.991780427814561 ], [ 0.629392227256162, 41.992869688099049 ], [ 0.635307512739786, 41.992770664436826 ], [ 0.638593782452908, 41.994553090356895 ], [ 0.640401230795128, 41.99059214386785 ], [ 0.642372992623002, 41.986037055405447 ], [ 0.642044365651692, 41.982175132578625 ], [ 0.645659262336125, 41.992077498801237 ], [ 0.646973770221379, 41.995543326979153 ], [ 0.650260039934501, 41.997622823885905 ], [ 0.657161206332063, 42.001880841361626 ], [ 0.662254924387405, 42.01208027857092 ], [ 0.657325519817718, 42.015645130411059 ], [ 0.656668265875091, 42.016041225059965 ], [ 0.652889055705003, 42.02445823634919 ], [ 0.656996892846408, 42.031488916367245 ], [ 0.657325519817718, 42.039410809345334 ], [ 0.66061178953084, 42.04099518794095 ], [ 0.670470598670214, 42.046243442038936 ], [ 0.670306285184559, 42.058720423479429 ], [ 0.670306285184559, 42.061196015035087 ], [ 0.67720745158212, 42.071296428582151 ], [ 0.680165094323932, 42.075455422395649 ], [ 0.680822348266553, 42.077633942964624 ], [ 0.684601558436647, 42.091002137365152 ], [ 0.692652919233801, 42.099122077667694 ], [ 0.699389772145707, 42.106053734023526 ], [ 0.70234741488752, 42.120214117721865 ], [ 0.699554085631362, 42.124868229846491 ], [ 0.69840389123177, 42.126452608442115 ], [ 0.696103502432585, 42.150911453011972 ], [ 0.701690160944892, 42.154872399501016 ], [ 0.712699164483858, 42.162893316141329 ], [ 0.70267604185883, 42.169725948834937 ], [ 0.69873251820308, 42.172498611377264 ], [ 0.702840355344485, 42.189035562969032 ], [ 0.707276819457206, 42.195571124675958 ], [ 0.708755640828109, 42.197848668907156 ], [ 0.708591327342454, 42.198937929191644 ], [ 0.707934073399827, 42.2036910649785 ], [ 0.708755640828109, 42.205572514560799 ], [ 0.713027791455175, 42.209533461049844 ], [ 0.713192104940831, 42.209533461049844 ], [ 0.713192104940831, 42.209632484712067 ], [ 0.71532818025436, 42.223891892072636 ], [ 0.723215227565859, 42.233695234633025 ], [ 0.724365421965452, 42.235279613228641 ], [ 0.724858362422417, 42.237755204784293 ], [ 0.725186989393734, 42.239537630704362 ], [ 0.725844243336354, 42.243102482544508 ], [ 0.727816005164229, 42.2449839321268 ], [ 0.735374425504418, 42.251816564820409 ], [ 0.739317949160167, 42.270234965994469 ], [ 0.739153635674512, 42.272116415576761 ], [ 0.73866069521754, 42.281424639826021 ], [ 0.743097159330262, 42.285781680963971 ], [ 0.745233234643791, 42.300635230297893 ], [ 0.75377753589791, 42.307467862991494 ], [ 0.75525635726882, 42.308557123275982 ], [ 0.75591361121144, 42.312617093427257 ], [ 0.756242238182757, 42.313706353711744 ], [ 0.756735178639723, 42.314300495685103 ], [ 0.763472031551629, 42.322321412325415 ], [ 0.759199880924569, 42.325391145854425 ], [ 0.751312833613071, 42.32628235881446 ], [ 0.744083040244199, 42.327074548112272 ], [ 0.741289710988042, 42.336184725037079 ], [ 0.756077924697095, 42.347077327881955 ], [ 0.757556746068005, 42.347176351544178 ], [ 0.763307718065974, 42.347770493517537 ], [ 0.767086928236061, 42.348859753802024 ], [ 0.767908495664344, 42.352127534655487 ], [ 0.760678702295472, 42.35707871776679 ], [ 0.747533623442976, 42.35707871776679 ], [ 0.746383429043384, 42.35707871776679 ], [ 0.724201108479797, 42.365693776380468 ], [ 0.724201108479797, 42.369060580896154 ], [ 0.733402663676543, 42.371734219776265 ], [ 0.733566977162198, 42.372229338087394 ], [ 0.735374425504418, 42.376091260914208 ], [ 0.743097159330262, 42.379755136416577 ], [ 0.745233234643791, 42.385102414176792 ], [ 0.737674814303602, 42.397381348292832 ], [ 0.735703052475728, 42.398965726888449 ], [ 0.727158751221609, 42.405105193946468 ], [ 0.731595215334323, 42.407580785502127 ], [ 0.734552858076135, 42.409264187759966 ], [ 0.734552858076135, 42.416195844115798 ], [ 0.726337183793326, 42.426296257662862 ], [ 0.72173640619495, 42.427979659920709 ], [ 0.71927170391011, 42.428969896542974 ], [ 0.711056029627301, 42.436396671209934 ], [ 0.706455252028924, 42.449467794623779 ], [ 0.706783879000234, 42.459271137184167 ], [ 0.706948192485896, 42.461746728739826 ], [ 0.703990549744084, 42.465212556917741 ], [ 0.694624681061676, 42.476303207087064 ], [ 0.691338411348553, 42.485017289362965 ], [ 0.697910950774798, 42.488087022891975 ], [ 0.701197220487927, 42.493929418963319 ], [ 0.710234462199018, 42.491057732758762 ], [ 0.71532818025436, 42.489374330500915 ], [ 0.7361959929327, 42.505515187443777 ], [ 0.730609334420386, 42.511060512528438 ], [ 0.727980318649884, 42.511951725488473 ], [ 0.721572092709295, 42.514031222395225 ], [ 0.722393660137577, 42.524626754253426 ], [ 0.733731290647853, 42.538093972316176 ], [ 0.738003441274913, 42.5377969013295 ], [ 0.744575980701164, 42.537499830342817 ], [ 0.742932845844599, 42.543738321063067 ], [ 0.742439905387634, 42.545718794307589 ], [ 0.745726175100756, 42.551165095730028 ], [ 0.757556746068005, 42.570771780850805 ], [ 0.760514388809817, 42.590774560620481 ], [ 0.767579868693034, 42.611272458701293 ], [ 0.738825008703195, 42.614342192230311 ], [ 0.728473259106856, 42.615431452514798 ], [ 0.707934073399827, 42.621372872248358 ], [ 0.698568204717425, 42.629492812550907 ], [ 0.701361533973582, 42.63899908412462 ], [ 0.702183101401864, 42.641573699342487 ], [ 0.696760756375205, 42.649099497671685 ], [ 0.696760756375205, 42.649198521333901 ], [ 0.696760756375205, 42.649297544996131 ], [ 0.694953308032993, 42.657813579947586 ], [ 0.687230574207149, 42.662764763058888 ], [ 0.680493721295242, 42.667022780534609 ], [ 0.675235689754246, 42.675241744499388 ], [ 0.673099614440716, 42.678608549015067 ], [ 0.669813344727586, 42.680787069584042 ], [ 0.661926297416095, 42.68633239466871 ], [ 0.660118849073875, 42.690986506793337 ], [ 0.676385884153838, 42.690986506793337 ], [ 0.67507137626859, 42.696729879202451 ], [ 0.674414122325963, 42.699403518082562 ], [ 0.676550197639493, 42.702077156962659 ], [ 0.681643915694835, 42.708117600358463 ], [ 0.67720745158212, 42.713860972767577 ], [ 0.674085495354653, 42.717821919256622 ], [ 0.67507137626859, 42.718713132216664 ], [ 0.680165094323932, 42.72326822067906 ], [ 0.670141971698904, 42.731091089994919 ], [ 0.667348642442747, 42.738220793675211 ], [ 0.663405118786997, 42.749707538493439 ], [ 0.652231801762376, 42.751886059062414 ], [ 0.642537306108657, 42.753767508644714 ], [ 0.651903174791066, 42.765848395436294 ], [ 0.65847571421731, 42.770007389249798 ], [ 0.665869821071844, 42.774562477712195 ], [ 0.656503952389436, 42.778325376876793 ], [ 0.645002008393504, 42.78297948900142 ], [ 0.651081607362784, 42.787039459152695 ], [ 0.652231801762376, 42.787732624788276 ], [ 0.653546309647624, 42.789515050708346 ], [ 0.66028316255953, 42.798229132984247 ], [ 0.663240805301342, 42.799318393268734 ], [ 0.670141971698904, 42.801893008486616 ], [ 0.666527075014464, 42.811102209073653 ], [ 0.664883940157907, 42.815162179224913 ], [ 0.665705507586182, 42.816350463171631 ], [ 0.669320404270621, 42.821598717269623 ], [ 0.667512955928402, 42.825955758407574 ], [ 0.663405118786997, 42.8306098705322 ], [ 0.659297281645593, 42.835263982656826 ], [ 0.662254924387405, 42.84090833140371 ], [ 0.669649031241931, 42.844374159581633 ], [ 0.677700392039085, 42.848137058746218 ], [ 0.67786470552474, 42.851503863261911 ], [ 0.67786470552474, 42.85516773876428 ], [ 0.691502724834208, 42.855563833413186 ], [ 0.692817232719456, 42.855563833413186 ], [ 0.694131740604711, 42.856058951724307 ], [ 0.708427013856799, 42.86120818216007 ], [ 0.732745409733916, 42.854474573128698 ], [ 0.733895604133508, 42.852098005235263 ], [ 0.735538738990073, 42.848731200719584 ], [ 0.779410439660282, 42.836155195616854 ], [ 0.782532395887749, 42.83674933759022 ], [ 0.801428446738214, 42.840413213092589 ], [ 0.829033112328453, 42.830015728558834 ], [ 0.83182644158461, 42.828926468274346 ], [ 0.858280912775257, 42.825757711083114 ] ] ], [ [ [ 3.226202554566868, 42.048124891621235 ], [ 3.223409225310718, 42.045055158092225 ], [ 3.218315507255369, 42.048025867959005 ], [ 3.223902165767683, 42.050105364865757 ], [ 3.226202554566868, 42.048124891621235 ] ] ], [ [ [ 1.981363587235435, 42.447784392365939 ], [ 1.98087064677847, 42.447784392365939 ], [ 1.973147912952626, 42.449863889272685 ], [ 1.960002834100138, 42.45342874111283 ], [ 1.958852639700538, 42.455805309006251 ], [ 1.957209504843973, 42.458875042535261 ], [ 1.960331461071448, 42.470361787353497 ], [ 1.961153028499723, 42.473728591869182 ], [ 1.962138909413667, 42.477194420047098 ], [ 1.962960476841943, 42.477689538358234 ], [ 1.976434182665756, 42.485908502322999 ], [ 1.977255750094031, 42.487393857256393 ], [ 1.98054201980716, 42.494820631923353 ], [ 1.989579261518244, 42.493533324314413 ], [ 1.998287876258033, 42.485017289362965 ], [ 1.992701217745719, 42.483333887105118 ], [ 1.992043963803098, 42.482145603158408 ], [ 1.986621618776439, 42.473134449895831 ], [ 1.993029844717029, 42.462340870713177 ], [ 2.002395713399437, 42.458478947886363 ], [ 2.002888653856402, 42.45828090056191 ], [ 2.012911776481431, 42.453131670126147 ], [ 2.013076089967086, 42.449863889272685 ], [ 2.009296879796992, 42.448081463352615 ], [ 1.981363587235435, 42.447784392365939 ] ] ], [ [ [ 1.248032500751791, 41.105617674552832 ], [ 1.244746231038661, 41.101062586090428 ], [ 1.239981139954637, 41.10175575172601 ], [ 1.244746231038661, 41.106112792863961 ], [ 1.248032500751791, 41.105617674552832 ] ] ], [ [ [ 0.709412894770736, 40.588516110407923 ], [ 0.693967427119055, 40.572078182478386 ], [ 0.668334523356684, 40.561581674282415 ], [ 0.653874936618941, 40.555838301873301 ], [ 0.651574547819749, 40.555541230886618 ], [ 0.63941534988119, 40.554154899615455 ], [ 0.635471826225441, 40.553659781304326 ], [ 0.619697731602443, 40.555343183562165 ], [ 0.616411461889321, 40.555640254548848 ], [ 0.60556677183601, 40.561383626957962 ], [ 0.602609129094198, 40.562968005553579 ], [ 0.601130307723295, 40.565245549784784 ], [ 0.594886395268361, 40.573662561074002 ], [ 0.610660489891352, 40.578019602211953 ], [ 0.611646370805289, 40.578811791509764 ], [ 0.618383223717196, 40.584258092932203 ], [ 0.630213794684444, 40.583465903634391 ], [ 0.636622020625033, 40.583069808985485 ], [ 0.663405118786997, 40.591585843936933 ], [ 0.672442360498088, 40.591684867599163 ], [ 0.712699164483858, 40.591981938585839 ], [ 0.709412894770736, 40.588516110407923 ] ] ] ] } }
]
}
