,election_date,election_type,harmonised_code,harmonised_name,type,name,votes
0,2004_06_12,european,ITC11,torino,0,eligible_voters,1856323
1,2004_06_12,european,ITC11,torino,1,issued_ballots,1366553
2,2004_06_12,european,ITC11,torino,2,ap_udeur,4930
3,2004_06_12,european,ITC11,torino,2,verdi,8121
4,2004_06_12,european,ITC11,torino,2,ala,3993
5,2004_06_12,european,ITC11,torino,2,an,118431
6,2004_06_12,european,ITC11,torino,2,as,14427
7,2004_06_12,european,ITC11,torino,2,ci,40865
8,2004_06_12,european,ITC11,torino,2,idv_occhetto,37027
9,2004_06_12,european,ITC11,torino,2,verdi2,34163
10,2004_06_12,european,ITC11,torino,2,ft,7195
11,2004_06_12,european,ITC11,torino,2,fi,232309
12,2004_06_12,european,ITC11,torino,2,lega,77976
13,2004_06_12,european,ITC11,torino,2,lc,11274
14,2004_06_12,european,ITC11,torino,2,bonino,40025
15,2004_06_12,european,ITC11,torino,2,mis,1502
16,2004_06_12,european,ITC11,torino,2,ne,11305
17,2004_06_12,european,ITC11,torino,2,pss,3589
18,2004_06_12,european,ITC11,torino,2,pn,1031
19,2004_06_12,european,ITC11,torino,2,pp,18814
20,2004_06_12,european,ITC11,torino,2,pri,4078
21,2004_06_12,european,ITC11,torino,2,rc,96594
22,2004_06_12,european,ITC11,torino,2,su,21900
23,2004_06_12,european,ITC11,torino,2,udc,59402
24,2004_06_12,european,ITC11,torino,2,ulivo,412542
25,2004_06_12,european,ITC11,torino,2,uv,1579
26,2004_06_12,european,ITC12,vercelli,0,eligible_voters,152443
27,2004_06_12,european,ITC12,vercelli,1,issued_ballots,118198
28,2004_06_12,european,ITC12,vercelli,2,ap_udeur,226
29,2004_06_12,european,ITC12,vercelli,2,verdi,601
30,2004_06_12,european,ITC12,vercelli,2,ala,430
31,2004_06_12,european,ITC12,vercelli,2,an,9726
32,2004_06_12,european,ITC12,vercelli,2,as,938
33,2004_06_12,european,ITC12,vercelli,2,ci,2589
34,2004_06_12,european,ITC12,vercelli,2,idv_occhetto,1633
35,2004_06_12,european,ITC12,vercelli,2,verdi2,3346
36,2004_06_12,european,ITC12,vercelli,2,ft,876
37,2004_06_12,european,ITC12,vercelli,2,fi,28562
38,2004_06_12,european,ITC12,vercelli,2,lega,7970
39,2004_06_12,european,ITC12,vercelli,2,lc,797
40,2004_06_12,european,ITC12,vercelli,2,bonino,2971
41,2004_06_12,european,ITC12,vercelli,2,mis,163
42,2004_06_12,european,ITC12,vercelli,2,ne,956
43,2004_06_12,european,ITC12,vercelli,2,pss,218
44,2004_06_12,european,ITC12,vercelli,2,pn,62
45,2004_06_12,european,ITC12,vercelli,2,pp,1610
46,2004_06_12,european,ITC12,vercelli,2,pri,7499
47,2004_06_12,european,ITC12,vercelli,2,rc,5822
48,2004_06_12,european,ITC12,vercelli,2,su,1680
49,2004_06_12,european,ITC12,vercelli,2,udc,3412
50,2004_06_12,european,ITC12,vercelli,2,ulivo,25043
51,2004_06_12,european,ITC12,vercelli,2,uv,124
52,2004_06_12,european,ITC13,biella,0,eligible_voters,161601
53,2004_06_12,european,ITC13,biella,1,issued_ballots,127679
54,2004_06_12,european,ITC13,biella,2,ap_udeur,169
55,2004_06_12,european,ITC13,biella,2,verdi,562
56,2004_06_12,european,ITC13,biella,2,ala,651
57,2004_06_12,european,ITC13,biella,2,an,9377
58,2004_06_12,european,ITC13,biella,2,as,934
59,2004_06_12,european,ITC13,biella,2,ci,2958
60,2004_06_12,european,ITC13,biella,2,idv_occhetto,1513
61,2004_06_12,european,ITC13,biella,2,verdi2,2092
62,2004_06_12,european,ITC13,biella,2,ft,773
63,2004_06_12,european,ITC13,biella,2,fi,30303
64,2004_06_12,european,ITC13,biella,2,lega,11173
65,2004_06_12,european,ITC13,biella,2,lc,817
66,2004_06_12,european,ITC13,biella,2,bonino,4072
67,2004_06_12,european,ITC13,biella,2,mis,182
68,2004_06_12,european,ITC13,biella,2,ne,1126
69,2004_06_12,european,ITC13,biella,2,pss,370
70,2004_06_12,european,ITC13,biella,2,pn,75
71,2004_06_12,european,ITC13,biella,2,pp,1572
72,2004_06_12,european,ITC13,biella,2,pri,1308
73,2004_06_12,european,ITC13,biella,2,rc,6350
74,2004_06_12,european,ITC13,biella,2,su,1540
75,2004_06_12,european,ITC13,biella,2,udc,3088
76,2004_06_12,european,ITC13,biella,2,ulivo,33222
77,2004_06_12,european,ITC13,biella,2,uv,252
78,2004_06_12,european,ITC14,verbanocusioossola,0,eligible_voters,142921
79,2004_06_12,european,ITC14,verbanocusioossola,1,issued_ballots,106077
80,2004_06_12,european,ITC14,verbanocusioossola,2,ap_udeur,158
81,2004_06_12,european,ITC14,verbanocusioossola,2,verdi,483
82,2004_06_12,european,ITC14,verbanocusioossola,2,ala,526
83,2004_06_12,european,ITC14,verbanocusioossola,2,an,8512
84,2004_06_12,european,ITC14,verbanocusioossola,2,as,725
85,2004_06_12,european,ITC14,verbanocusioossola,2,ci,2521
86,2004_06_12,european,ITC14,verbanocusioossola,2,idv_occhetto,1590
87,2004_06_12,european,ITC14,verbanocusioossola,2,verdi2,2063
88,2004_06_12,european,ITC14,verbanocusioossola,2,ft,957
89,2004_06_12,european,ITC14,verbanocusioossola,2,fi,25652
90,2004_06_12,european,ITC14,verbanocusioossola,2,lega,11489
91,2004_06_12,european,ITC14,verbanocusioossola,2,lc,563
92,2004_06_12,european,ITC14,verbanocusioossola,2,bonino,2521
93,2004_06_12,european,ITC14,verbanocusioossola,2,mis,190
94,2004_06_12,european,ITC14,verbanocusioossola,2,ne,727
95,2004_06_12,european,ITC14,verbanocusioossola,2,pss,156
96,2004_06_12,european,ITC14,verbanocusioossola,2,pn,39
97,2004_06_12,european,ITC14,verbanocusioossola,2,pp,1103
98,2004_06_12,european,ITC14,verbanocusioossola,2,pri,369
99,2004_06_12,european,ITC14,verbanocusioossola,2,rc,5754
100,2004_06_12,european,ITC14,verbanocusioossola,2,su,3559
101,2004_06_12,european,ITC14,verbanocusioossola,2,udc,2897
102,2004_06_12,european,ITC14,verbanocusioossola,2,ulivo,21989
103,2004_06_12,european,ITC14,verbanocusioossola,2,uv,105
104,2004_06_12,european,ITC15,novara,0,eligible_voters,294076
105,2004_06_12,european,ITC15,novara,1,issued_ballots,223708
106,2004_06_12,european,ITC15,novara,2,ap_udeur,242
107,2004_06_12,european,ITC15,novara,2,verdi,1359
108,2004_06_12,european,ITC15,novara,2,ala,1174
109,2004_06_12,european,ITC15,novara,2,an,19920
110,2004_06_12,european,ITC15,novara,2,as,1838
111,2004_06_12,european,ITC15,novara,2,ci,5076
112,2004_06_12,european,ITC15,novara,2,idv_occhetto,3719
113,2004_06_12,european,ITC15,novara,2,verdi2,4749
114,2004_06_12,european,ITC15,novara,2,ft,1103
115,2004_06_12,european,ITC15,novara,2,fi,54020
116,2004_06_12,european,ITC15,novara,2,lega,18018
117,2004_06_12,european,ITC15,novara,2,lc,1671
118,2004_06_12,european,ITC15,novara,2,bonino,5993
119,2004_06_12,european,ITC15,novara,2,mis,328
120,2004_06_12,european,ITC15,novara,2,ne,2003
121,2004_06_12,european,ITC15,novara,2,pss,741
122,2004_06_12,european,ITC15,novara,2,pn,171
123,2004_06_12,european,ITC15,novara,2,pp,2928
124,2004_06_12,european,ITC15,novara,2,pri,2591
125,2004_06_12,european,ITC15,novara,2,rc,12276
126,2004_06_12,european,ITC15,novara,2,su,3525
127,2004_06_12,european,ITC15,novara,2,udc,7691
128,2004_06_12,european,ITC15,novara,2,ulivo,51947
129,2004_06_12,european,ITC15,novara,2,uv,164
130,2004_06_12,european,ITC16,cuneo,0,eligible_voters,456296
131,2004_06_12,european,ITC16,cuneo,1,issued_ballots,362694
132,2004_06_12,european,ITC16,cuneo,2,ap_udeur,790
133,2004_06_12,european,ITC16,cuneo,2,verdi,1707
134,2004_06_12,european,ITC16,cuneo,2,ala,2472
135,2004_06_12,european,ITC16,cuneo,2,an,20481
136,2004_06_12,european,ITC16,cuneo,2,as,2584
137,2004_06_12,european,ITC16,cuneo,2,ci,4651
138,2004_06_12,european,ITC16,cuneo,2,idv_occhetto,7165
139,2004_06_12,european,ITC16,cuneo,2,verdi2,6038
140,2004_06_12,european,ITC16,cuneo,2,ft,1315
141,2004_06_12,european,ITC16,cuneo,2,fi,77600
142,2004_06_12,european,ITC16,cuneo,2,lega,43113
143,2004_06_12,european,ITC16,cuneo,2,lc,2163
144,2004_06_12,european,ITC16,cuneo,2,bonino,12144
145,2004_06_12,european,ITC16,cuneo,2,mis,446
146,2004_06_12,european,ITC16,cuneo,2,ne,3108
147,2004_06_12,european,ITC16,cuneo,2,pss,1251
148,2004_06_12,european,ITC16,cuneo,2,pn,225
149,2004_06_12,european,ITC16,cuneo,2,pp,5206
150,2004_06_12,european,ITC16,cuneo,2,pri,1176
151,2004_06_12,european,ITC16,cuneo,2,rc,11775
152,2004_06_12,european,ITC16,cuneo,2,su,3214
153,2004_06_12,european,ITC16,cuneo,2,udc,29545
154,2004_06_12,european,ITC16,cuneo,2,ulivo,73351
155,2004_06_12,european,ITC16,cuneo,2,uv,1051
156,2004_06_12,european,ITC17,asti,0,eligible_voters,179996
157,2004_06_12,european,ITC17,asti,1,issued_ballots,136831
158,2004_06_12,european,ITC17,asti,2,ap_udeur,396
159,2004_06_12,european,ITC17,asti,2,verdi,633
160,2004_06_12,european,ITC17,asti,2,ala,558
161,2004_06_12,european,ITC17,asti,2,an,10623
162,2004_06_12,european,ITC17,asti,2,as,1140
163,2004_06_12,european,ITC17,asti,2,ci,4305
164,2004_06_12,european,ITC17,asti,2,idv_occhetto,2379
165,2004_06_12,european,ITC17,asti,2,verdi2,2505
166,2004_06_12,european,ITC17,asti,2,ft,816
167,2004_06_12,european,ITC17,asti,2,fi,31384
168,2004_06_12,european,ITC17,asti,2,lega,11395
169,2004_06_12,european,ITC17,asti,2,lc,1117
170,2004_06_12,european,ITC17,asti,2,bonino,3303
171,2004_06_12,european,ITC17,asti,2,mis,169
172,2004_06_12,european,ITC17,asti,2,ne,1194
173,2004_06_12,european,ITC17,asti,2,pss,404
174,2004_06_12,european,ITC17,asti,2,pn,93
175,2004_06_12,european,ITC17,asti,2,pp,2218
176,2004_06_12,european,ITC17,asti,2,pri,550
177,2004_06_12,european,ITC17,asti,2,rc,7050
178,2004_06_12,european,ITC17,asti,2,su,1654
179,2004_06_12,european,ITC17,asti,2,udc,8059
180,2004_06_12,european,ITC17,asti,2,ulivo,27999
181,2004_06_12,european,ITC17,asti,2,uv,127
182,2004_06_12,european,ITC18,alessandria,0,eligible_voters,373532
183,2004_06_12,european,ITC18,alessandria,1,issued_ballots,280917
184,2004_06_12,european,ITC18,alessandria,2,ap_udeur,850
185,2004_06_12,european,ITC18,alessandria,2,verdi,1147
186,2004_06_12,european,ITC18,alessandria,2,ala,1037
187,2004_06_12,european,ITC18,alessandria,2,an,20919
188,2004_06_12,european,ITC18,alessandria,2,as,2409
189,2004_06_12,european,ITC18,alessandria,2,ci,8723
190,2004_06_12,european,ITC18,alessandria,2,idv_occhetto,4399
191,2004_06_12,european,ITC18,alessandria,2,verdi2,4651
192,2004_06_12,european,ITC18,alessandria,2,ft,1740
193,2004_06_12,european,ITC18,alessandria,2,fi,66190
194,2004_06_12,european,ITC18,alessandria,2,lega,19715
195,2004_06_12,european,ITC18,alessandria,2,lc,1839
196,2004_06_12,european,ITC18,alessandria,2,bonino,6438
197,2004_06_12,european,ITC18,alessandria,2,mis,347
198,2004_06_12,european,ITC18,alessandria,2,ne,2106
199,2004_06_12,european,ITC18,alessandria,2,pss,1109
200,2004_06_12,european,ITC18,alessandria,2,pn,99
201,2004_06_12,european,ITC18,alessandria,2,pp,4312
202,2004_06_12,european,ITC18,alessandria,2,pri,1114
203,2004_06_12,european,ITC18,alessandria,2,rc,16989
204,2004_06_12,european,ITC18,alessandria,2,su,7022
205,2004_06_12,european,ITC18,alessandria,2,udc,9266
206,2004_06_12,european,ITC18,alessandria,2,ulivo,71378
207,2004_06_12,european,ITC18,alessandria,2,uv,215
208,2004_06_12,european,ITC20,valle daosta,0,eligible_voters,101980
209,2004_06_12,european,ITC20,valle daosta,1,issued_ballots,63156
210,2004_06_12,european,ITC20,valle daosta,2,ap_udeur,246
211,2004_06_12,european,ITC20,valle daosta,2,verdi,580
212,2004_06_12,european,ITC20,valle daosta,2,ala,426
213,2004_06_12,european,ITC20,valle daosta,2,an,5754
214,2004_06_12,european,ITC20,valle daosta,2,as,1666
215,2004_06_12,european,ITC20,valle daosta,2,ci,1720
216,2004_06_12,european,ITC20,valle daosta,2,idv_occhetto,1600
217,2004_06_12,european,ITC20,valle daosta,2,verdi2,4340
218,2004_06_12,european,ITC20,valle daosta,2,ft,296
219,2004_06_12,european,ITC20,valle daosta,2,fi,19000
220,2004_06_12,european,ITC20,valle daosta,2,lega,3332
221,2004_06_12,european,ITC20,valle daosta,2,lc,1184
222,2004_06_12,european,ITC20,valle daosta,2,bonino,2846
223,2004_06_12,european,ITC20,valle daosta,2,mis,352
224,2004_06_12,european,ITC20,valle daosta,2,ne,756
225,2004_06_12,european,ITC20,valle daosta,2,pss,186
226,2004_06_12,european,ITC20,valle daosta,2,pn,78
227,2004_06_12,european,ITC20,valle daosta,2,pp,1246
228,2004_06_12,european,ITC20,valle daosta,2,pri,366
229,2004_06_12,european,ITC20,valle daosta,2,rc,4732
230,2004_06_12,european,ITC20,valle daosta,2,su,1778
231,2004_06_12,european,ITC20,valle daosta,2,udc,2628
232,2004_06_12,european,ITC20,valle daosta,2,ulivo,15294
233,2004_06_12,european,ITC20,valle daosta,2,uv,42248
234,2004_06_12,european,ITC31,imperia,0,eligible_voters,183163
235,2004_06_12,european,ITC31,imperia,1,issued_ballots,132181
236,2004_06_12,european,ITC31,imperia,2,ap_udeur,734
237,2004_06_12,european,ITC31,imperia,2,verdi,624
238,2004_06_12,european,ITC31,imperia,2,ala,406
239,2004_06_12,european,ITC31,imperia,2,an,12378
240,2004_06_12,european,ITC31,imperia,2,as,1607
241,2004_06_12,european,ITC31,imperia,2,ci,2256
242,2004_06_12,european,ITC31,imperia,2,idv_occhetto,2769
243,2004_06_12,european,ITC31,imperia,2,verdi2,3069
244,2004_06_12,european,ITC31,imperia,2,ft,1054
245,2004_06_12,european,ITC31,imperia,2,fi,36684
246,2004_06_12,european,ITC31,imperia,2,lega,7776
247,2004_06_12,european,ITC31,imperia,2,lc,841
248,2004_06_12,european,ITC31,imperia,2,bonino,3509
249,2004_06_12,european,ITC31,imperia,2,mis,230
250,2004_06_12,european,ITC31,imperia,2,ne,862
251,2004_06_12,european,ITC31,imperia,2,pss,231
252,2004_06_12,european,ITC31,imperia,2,pn,85
253,2004_06_12,european,ITC31,imperia,2,pp,1614
254,2004_06_12,european,ITC31,imperia,2,pri,460
255,2004_06_12,european,ITC31,imperia,2,rc,5844
256,2004_06_12,european,ITC31,imperia,2,su,1334
257,2004_06_12,european,ITC31,imperia,2,udc,8300
258,2004_06_12,european,ITC31,imperia,2,ulivo,28244
259,2004_06_12,european,ITC31,imperia,2,uv,106
260,2004_06_12,european,ITC32,savona,0,eligible_voters,244041
261,2004_06_12,european,ITC32,savona,1,issued_ballots,189856
262,2004_06_12,european,ITC32,savona,2,ap_udeur,1707
263,2004_06_12,european,ITC32,savona,2,verdi,874
264,2004_06_12,european,ITC32,savona,2,ala,596
265,2004_06_12,european,ITC32,savona,2,an,14046
266,2004_06_12,european,ITC32,savona,2,as,1848
267,2004_06_12,european,ITC32,savona,2,ci,4216
268,2004_06_12,european,ITC32,savona,2,idv_occhetto,3451
269,2004_06_12,european,ITC32,savona,2,verdi2,3349
270,2004_06_12,european,ITC32,savona,2,ft,1223
271,2004_06_12,european,ITC32,savona,2,fi,44056
272,2004_06_12,european,ITC32,savona,2,lega,9173
273,2004_06_12,european,ITC32,savona,2,lc,1223
274,2004_06_12,european,ITC32,savona,2,bonino,4941
275,2004_06_12,european,ITC32,savona,2,mis,273
276,2004_06_12,european,ITC32,savona,2,ne,1122
277,2004_06_12,european,ITC32,savona,2,pss,878
278,2004_06_12,european,ITC32,savona,2,pn,149
279,2004_06_12,european,ITC32,savona,2,pp,2645
280,2004_06_12,european,ITC32,savona,2,pri,673
281,2004_06_12,european,ITC32,savona,2,rc,10572
282,2004_06_12,european,ITC32,savona,2,su,3019
283,2004_06_12,european,ITC32,savona,2,udc,6605
284,2004_06_12,european,ITC32,savona,2,ulivo,56019
285,2004_06_12,european,ITC32,savona,2,uv,178
286,2004_06_12,european,ITC33,genova,0,eligible_voters,773444
287,2004_06_12,european,ITC33,genova,1,issued_ballots,543294
288,2004_06_12,european,ITC33,genova,2,ap_udeur,1252
289,2004_06_12,european,ITC33,genova,2,verdi,1563
290,2004_06_12,european,ITC33,genova,2,ala,806
291,2004_06_12,european,ITC33,genova,2,an,43758
292,2004_06_12,european,ITC33,genova,2,as,5195
293,2004_06_12,european,ITC33,genova,2,ci,11400
294,2004_06_12,european,ITC33,genova,2,idv_occhetto,11115
295,2004_06_12,european,ITC33,genova,2,verdi2,9594
296,2004_06_12,european,ITC33,genova,2,ft,1387
297,2004_06_12,european,ITC33,genova,2,fi,103020
298,2004_06_12,european,ITC33,genova,2,lega,18846
299,2004_06_12,european,ITC33,genova,2,lc,3536
300,2004_06_12,european,ITC33,genova,2,bonino,11824
301,2004_06_12,european,ITC33,genova,2,mis,539
302,2004_06_12,european,ITC33,genova,2,ne,2428
303,2004_06_12,european,ITC33,genova,2,pss,1382
304,2004_06_12,european,ITC33,genova,2,pn,292
305,2004_06_12,european,ITC33,genova,2,pp,7330
306,2004_06_12,european,ITC33,genova,2,pri,1430
307,2004_06_12,european,ITC33,genova,2,rc,32819
308,2004_06_12,european,ITC33,genova,2,su,5278
309,2004_06_12,european,ITC33,genova,2,udc,16161
310,2004_06_12,european,ITC33,genova,2,ulivo,228155
311,2004_06_12,european,ITC33,genova,2,uv,288
312,2004_06_12,european,ITC34,la spezia,0,eligible_voters,191586
313,2004_06_12,european,ITC34,la spezia,1,issued_ballots,141518
314,2004_06_12,european,ITC34,la spezia,2,ap_udeur,267
315,2004_06_12,european,ITC34,la spezia,2,verdi,410
316,2004_06_12,european,ITC34,la spezia,2,ala,199
317,2004_06_12,european,ITC34,la spezia,2,an,14192
318,2004_06_12,european,ITC34,la spezia,2,as,1251
319,2004_06_12,european,ITC34,la spezia,2,ci,3871
320,2004_06_12,european,ITC34,la spezia,2,idv_occhetto,2478
321,2004_06_12,european,ITC34,la spezia,2,verdi2,2111
322,2004_06_12,european,ITC34,la spezia,2,ft,502
323,2004_06_12,european,ITC34,la spezia,2,fi,27218
324,2004_06_12,european,ITC34,la spezia,2,lega,3341
325,2004_06_12,european,ITC34,la spezia,2,lc,1001
326,2004_06_12,european,ITC34,la spezia,2,bonino,2600
327,2004_06_12,european,ITC34,la spezia,2,mis,207
328,2004_06_12,european,ITC34,la spezia,2,ne,706
329,2004_06_12,european,ITC34,la spezia,2,pss,199
330,2004_06_12,european,ITC34,la spezia,2,pn,77
331,2004_06_12,european,ITC34,la spezia,2,pp,1143
332,2004_06_12,european,ITC34,la spezia,2,pri,347
333,2004_06_12,european,ITC34,la spezia,2,rc,9857
334,2004_06_12,european,ITC34,la spezia,2,su,1942
335,2004_06_12,european,ITC34,la spezia,2,udc,3380
336,2004_06_12,european,ITC34,la spezia,2,ulivo,56740
337,2004_06_12,european,ITC34,la spezia,2,uv,84
338,2004_06_12,european,ITC41,varese,0,eligible_voters,693676
339,2004_06_12,european,ITC41,varese,1,issued_ballots,506645
340,2004_06_12,european,ITC41,varese,2,ap_udeur,826
341,2004_06_12,european,ITC41,varese,2,verdi,2113
342,2004_06_12,european,ITC41,varese,2,ala,5317
343,2004_06_12,european,ITC41,varese,2,an,35396
344,2004_06_12,european,ITC41,varese,2,as,5523
345,2004_06_12,european,ITC41,varese,2,ci,7498
346,2004_06_12,european,ITC41,varese,2,idv_occhetto,7249
347,2004_06_12,european,ITC41,varese,2,verdi2,9924
348,2004_06_12,european,ITC41,varese,2,ft,2498
349,2004_06_12,european,ITC41,varese,2,fi,120800
350,2004_06_12,european,ITC41,varese,2,lega,85612
351,2004_06_12,european,ITC41,varese,2,lc,4579
352,2004_06_12,european,ITC41,varese,2,bonino,12261
353,2004_06_12,european,ITC41,varese,2,mis,706
354,2004_06_12,european,ITC41,varese,2,ne,4386
355,2004_06_12,european,ITC41,varese,2,pss,2434
356,2004_06_12,european,ITC41,varese,2,pn,721
357,2004_06_12,european,ITC41,varese,2,pp,8090
358,2004_06_12,european,ITC41,varese,2,pri,1791
359,2004_06_12,european,ITC41,varese,2,rc,22633
360,2004_06_12,european,ITC41,varese,2,su,4963
361,2004_06_12,european,ITC41,varese,2,udc,16919
362,2004_06_12,european,ITC41,varese,2,ulivo,113352
363,2004_06_12,european,ITC41,varese,2,uv,400
364,2004_06_12,european,ITC42,como,0,eligible_voters,464428
365,2004_06_12,european,ITC42,como,1,issued_ballots,348696
366,2004_06_12,european,ITC42,como,2,ap_udeur,662
367,2004_06_12,european,ITC42,como,2,verdi,1369
368,2004_06_12,european,ITC42,como,2,ala,4246
369,2004_06_12,european,ITC42,como,2,an,26981
370,2004_06_12,european,ITC42,como,2,as,3564
371,2004_06_12,european,ITC42,como,2,ci,4265
372,2004_06_12,european,ITC42,como,2,idv_occhetto,4687
373,2004_06_12,european,ITC42,como,2,verdi2,6342
374,2004_06_12,european,ITC42,como,2,ft,1981
375,2004_06_12,european,ITC42,como,2,fi,90121
376,2004_06_12,european,ITC42,como,2,lega,57881
377,2004_06_12,european,ITC42,como,2,lc,2648
378,2004_06_12,european,ITC42,como,2,bonino,8690
379,2004_06_12,european,ITC42,como,2,mis,592
380,2004_06_12,european,ITC42,como,2,ne,2882
381,2004_06_12,european,ITC42,como,2,pss,769
382,2004_06_12,european,ITC42,como,2,pn,185
383,2004_06_12,european,ITC42,como,2,pp,5600
384,2004_06_12,european,ITC42,como,2,pri,1102
385,2004_06_12,european,ITC42,como,2,rc,13709
386,2004_06_12,european,ITC42,como,2,su,2471
387,2004_06_12,european,ITC42,como,2,udc,12407
388,2004_06_12,european,ITC42,como,2,ulivo,73353
389,2004_06_12,european,ITC42,como,2,uv,256
390,2004_06_12,european,ITC43,lecco,0,eligible_voters,261226
391,2004_06_12,european,ITC43,lecco,1,issued_ballots,206363
392,2004_06_12,european,ITC43,lecco,2,ap_udeur,1274
393,2004_06_12,european,ITC43,lecco,2,verdi,986
394,2004_06_12,european,ITC43,lecco,2,ala,3169
395,2004_06_12,european,ITC43,lecco,2,an,10815
396,2004_06_12,european,ITC43,lecco,2,as,1157
397,2004_06_12,european,ITC43,lecco,2,ci,2716
398,2004_06_12,european,ITC43,lecco,2,idv_occhetto,3249
399,2004_06_12,european,ITC43,lecco,2,verdi2,5742
400,2004_06_12,european,ITC43,lecco,2,ft,831
401,2004_06_12,european,ITC43,lecco,2,fi,45817
402,2004_06_12,european,ITC43,lecco,2,lega,35317
403,2004_06_12,european,ITC43,lecco,2,lc,1198
404,2004_06_12,european,ITC43,lecco,2,bonino,4521
405,2004_06_12,european,ITC43,lecco,2,mis,264
406,2004_06_12,european,ITC43,lecco,2,ne,1720
407,2004_06_12,european,ITC43,lecco,2,pss,384
408,2004_06_12,european,ITC43,lecco,2,pn,78
409,2004_06_12,european,ITC43,lecco,2,pp,2828
410,2004_06_12,european,ITC43,lecco,2,pri,580
411,2004_06_12,european,ITC43,lecco,2,rc,9300
412,2004_06_12,european,ITC43,lecco,2,su,2315
413,2004_06_12,european,ITC43,lecco,2,udc,7623
414,2004_06_12,european,ITC43,lecco,2,ulivo,48722
415,2004_06_12,european,ITC43,lecco,2,uv,165
416,2004_06_12,european,ITC44,sondrio,0,eligible_voters,156747
417,2004_06_12,european,ITC44,sondrio,1,issued_ballots,114093
418,2004_06_12,european,ITC44,sondrio,2,ap_udeur,323
419,2004_06_12,european,ITC44,sondrio,2,verdi,360
420,2004_06_12,european,ITC44,sondrio,2,ala,1783
421,2004_06_12,european,ITC44,sondrio,2,an,6073
422,2004_06_12,european,ITC44,sondrio,2,as,1092
423,2004_06_12,european,ITC44,sondrio,2,ci,1228
424,2004_06_12,european,ITC44,sondrio,2,idv_occhetto,1093
425,2004_06_12,european,ITC44,sondrio,2,verdi2,1419
426,2004_06_12,european,ITC44,sondrio,2,ft,374
427,2004_06_12,european,ITC44,sondrio,2,fi,28512
428,2004_06_12,european,ITC44,sondrio,2,lega,22137
429,2004_06_12,european,ITC44,sondrio,2,lc,492
430,2004_06_12,european,ITC44,sondrio,2,bonino,3608
431,2004_06_12,european,ITC44,sondrio,2,mis,106
432,2004_06_12,european,ITC44,sondrio,2,ne,635
433,2004_06_12,european,ITC44,sondrio,2,pss,427
434,2004_06_12,european,ITC44,sondrio,2,pn,290
435,2004_06_12,european,ITC44,sondrio,2,pp,1144
436,2004_06_12,european,ITC44,sondrio,2,pri,297
437,2004_06_12,european,ITC44,sondrio,2,rc,3810
438,2004_06_12,european,ITC44,sondrio,2,su,1041
439,2004_06_12,european,ITC44,sondrio,2,udc,3804
440,2004_06_12,european,ITC44,sondrio,2,ulivo,19857
441,2004_06_12,european,ITC44,sondrio,2,uv,131
442,2004_06_12,european,ITC46,bergamo,0,eligible_voters,703451
443,2004_06_12,european,ITC46,bergamo,1,issued_ballots,558516
444,2004_06_12,european,ITC46,bergamo,2,ap_udeur,889
445,2004_06_12,european,ITC46,bergamo,2,verdi,2389
446,2004_06_12,european,ITC46,bergamo,2,ala,10920
447,2004_06_12,european,ITC46,bergamo,2,an,31186
448,2004_06_12,european,ITC46,bergamo,2,as,4139
449,2004_06_12,european,ITC46,bergamo,2,ci,6736
450,2004_06_12,european,ITC46,bergamo,2,idv_occhetto,8215
451,2004_06_12,european,ITC46,bergamo,2,verdi2,9333
452,2004_06_12,european,ITC46,bergamo,2,ft,1982
453,2004_06_12,european,ITC46,bergamo,2,fi,119907
454,2004_06_12,european,ITC46,bergamo,2,lega,118421
455,2004_06_12,european,ITC46,bergamo,2,lc,2804
456,2004_06_12,european,ITC46,bergamo,2,bonino,11609
457,2004_06_12,european,ITC46,bergamo,2,mis,924
458,2004_06_12,european,ITC46,bergamo,2,ne,3577
459,2004_06_12,european,ITC46,bergamo,2,pss,969
460,2004_06_12,european,ITC46,bergamo,2,pn,347
461,2004_06_12,european,ITC46,bergamo,2,pp,14627
462,2004_06_12,european,ITC46,bergamo,2,pri,1626
463,2004_06_12,european,ITC46,bergamo,2,rc,22218
464,2004_06_12,european,ITC46,bergamo,2,su,4442
465,2004_06_12,european,ITC46,bergamo,2,udc,20560
466,2004_06_12,european,ITC46,bergamo,2,ulivo,111513
467,2004_06_12,european,ITC46,bergamo,2,uv,430
468,2004_06_12,european,ITC47,brescia,0,eligible_voters,909247
469,2004_06_12,european,ITC47,brescia,1,issued_ballots,740759
470,2004_06_12,european,ITC47,brescia,2,ap_udeur,3681
471,2004_06_12,european,ITC47,brescia,2,verdi,3017
472,2004_06_12,european,ITC47,brescia,2,ala,12420
473,2004_06_12,european,ITC47,brescia,2,an,43564
474,2004_06_12,european,ITC47,brescia,2,as,7441
475,2004_06_12,european,ITC47,brescia,2,ci,10895
476,2004_06_12,european,ITC47,brescia,2,idv_occhetto,8666
477,2004_06_12,european,ITC47,brescia,2,verdi2,12124
478,2004_06_12,european,ITC47,brescia,2,ft,2876
479,2004_06_12,european,ITC47,brescia,2,fi,161968
480,2004_06_12,european,ITC47,brescia,2,lega,131024
481,2004_06_12,european,ITC47,brescia,2,lc,3700
482,2004_06_12,european,ITC47,brescia,2,bonino,15151
483,2004_06_12,european,ITC47,brescia,2,mis,943
484,2004_06_12,european,ITC47,brescia,2,ne,5020
485,2004_06_12,european,ITC47,brescia,2,pss,2322
486,2004_06_12,european,ITC47,brescia,2,pn,296
487,2004_06_12,european,ITC47,brescia,2,pp,13436
488,2004_06_12,european,ITC47,brescia,2,pri,2411
489,2004_06_12,european,ITC47,brescia,2,rc,30936
490,2004_06_12,european,ITC47,brescia,2,su,11351
491,2004_06_12,european,ITC47,brescia,2,svp,1
492,2004_06_12,european,ITC47,brescia,2,udc,38161
493,2004_06_12,european,ITC47,brescia,2,ulivo,165382
494,2004_06_12,european,ITC47,brescia,2,uv,546
495,2004_06_12,european,ITC48,pavia,0,eligible_voters,430564
496,2004_06_12,european,ITC48,pavia,1,issued_ballots,332424
497,2004_06_12,european,ITC48,pavia,2,ap_udeur,1246
498,2004_06_12,european,ITC48,pavia,2,verdi,1011
499,2004_06_12,european,ITC48,pavia,2,ala,2638
500,2004_06_12,european,ITC48,pavia,2,an,25465
501,2004_06_12,european,ITC48,pavia,2,as,3271
502,2004_06_12,european,ITC48,pavia,2,ci,6254
503,2004_06_12,european,ITC48,pavia,2,idv_occhetto,5578
504,2004_06_12,european,ITC48,pavia,2,verdi2,4799
505,2004_06_12,european,ITC48,pavia,2,ft,1945
506,2004_06_12,european,ITC48,pavia,2,fi,86015
507,2004_06_12,european,ITC48,pavia,2,lega,30592
508,2004_06_12,european,ITC48,pavia,2,lc,2654
509,2004_06_12,european,ITC48,pavia,2,bonino,8466
510,2004_06_12,european,ITC48,pavia,2,mis,547
511,2004_06_12,european,ITC48,pavia,2,ne,3636
512,2004_06_12,european,ITC48,pavia,2,pss,780
513,2004_06_12,european,ITC48,pavia,2,pn,336
514,2004_06_12,european,ITC48,pavia,2,pp,8391
515,2004_06_12,european,ITC48,pavia,2,pri,1604
516,2004_06_12,european,ITC48,pavia,2,rc,17257
517,2004_06_12,european,ITC48,pavia,2,su,3291
518,2004_06_12,european,ITC48,pavia,2,udc,8186
519,2004_06_12,european,ITC48,pavia,2,ulivo,84538
520,2004_06_12,european,ITC48,pavia,2,uv,257
521,2004_06_12,european,ITC49,lodi,0,eligible_voters,166718
522,2004_06_12,european,ITC49,lodi,1,issued_ballots,134905
523,2004_06_12,european,ITC49,lodi,2,ap_udeur,242
524,2004_06_12,european,ITC49,lodi,2,verdi,572
525,2004_06_12,european,ITC49,lodi,2,ala,1416
526,2004_06_12,european,ITC49,lodi,2,an,8244
527,2004_06_12,european,ITC49,lodi,2,as,2054
528,2004_06_12,european,ITC49,lodi,2,ci,2592
529,2004_06_12,european,ITC49,lodi,2,idv_occhetto,1965
530,2004_06_12,european,ITC49,lodi,2,verdi2,2226
531,2004_06_12,european,ITC49,lodi,2,ft,501
532,2004_06_12,european,ITC49,lodi,2,fi,33058
533,2004_06_12,european,ITC49,lodi,2,lega,14415
534,2004_06_12,european,ITC49,lodi,2,lc,859
535,2004_06_12,european,ITC49,lodi,2,bonino,2791
536,2004_06_12,european,ITC49,lodi,2,mis,193
537,2004_06_12,european,ITC49,lodi,2,ne,1177
538,2004_06_12,european,ITC49,lodi,2,pss,333
539,2004_06_12,european,ITC49,lodi,2,pn,75
540,2004_06_12,european,ITC49,lodi,2,pp,2811
541,2004_06_12,european,ITC49,lodi,2,pri,581
542,2004_06_12,european,ITC49,lodi,2,rc,8310
543,2004_06_12,european,ITC49,lodi,2,su,1754
544,2004_06_12,european,ITC49,lodi,2,udc,4662
545,2004_06_12,european,ITC49,lodi,2,ulivo,33893
546,2004_06_12,european,ITC49,lodi,2,uv,67
547,2004_06_12,european,ITC4A,cremona,0,eligible_voters,282732
548,2004_06_12,european,ITC4A,cremona,1,issued_ballots,229242
549,2004_06_12,european,ITC4A,cremona,2,ap_udeur,380
550,2004_06_12,european,ITC4A,cremona,2,verdi,1013
551,2004_06_12,european,ITC4A,cremona,2,ala,3046
552,2004_06_12,european,ITC4A,cremona,2,an,13868
553,2004_06_12,european,ITC4A,cremona,2,as,1657
554,2004_06_12,european,ITC4A,cremona,2,ci,5086
555,2004_06_12,european,ITC4A,cremona,2,idv_occhetto,2791
556,2004_06_12,european,ITC4A,cremona,2,verdi2,4204
557,2004_06_12,european,ITC4A,cremona,2,ft,1135
558,2004_06_12,european,ITC4A,cremona,2,fi,54295
559,2004_06_12,european,ITC4A,cremona,2,lega,26141
560,2004_06_12,european,ITC4A,cremona,2,lc,1308
561,2004_06_12,european,ITC4A,cremona,2,bonino,4659
562,2004_06_12,european,ITC4A,cremona,2,mis,354
563,2004_06_12,european,ITC4A,cremona,2,ne,1773
564,2004_06_12,european,ITC4A,cremona,2,pss,497
565,2004_06_12,european,ITC4A,cremona,2,pn,129
566,2004_06_12,european,ITC4A,cremona,2,pp,5755
567,2004_06_12,european,ITC4A,cremona,2,pri,792
568,2004_06_12,european,ITC4A,cremona,2,rc,13959
569,2004_06_12,european,ITC4A,cremona,2,su,3676
570,2004_06_12,european,ITC4A,cremona,2,udc,8348
571,2004_06_12,european,ITC4A,cremona,2,ulivo,55832
572,2004_06_12,european,ITC4A,cremona,2,uv,169
573,2004_06_12,european,ITC4B,mantova,0,eligible_voters,318227
574,2004_06_12,european,ITC4B,mantova,1,issued_ballots,246627
575,2004_06_12,european,ITC4B,mantova,2,ap_udeur,533
576,2004_06_12,european,ITC4B,mantova,2,verdi,975
577,2004_06_12,european,ITC4B,mantova,2,ala,1789
578,2004_06_12,european,ITC4B,mantova,2,an,16220
579,2004_06_12,european,ITC4B,mantova,2,as,2854
580,2004_06_12,european,ITC4B,mantova,2,ci,5613
581,2004_06_12,european,ITC4B,mantova,2,idv_occhetto,3582
582,2004_06_12,european,ITC4B,mantova,2,verdi2,5287
583,2004_06_12,european,ITC4B,mantova,2,ft,1205
584,2004_06_12,european,ITC4B,mantova,2,fi,48401
585,2004_06_12,european,ITC4B,mantova,2,lega,23350
586,2004_06_12,european,ITC4B,mantova,2,lc,1755
587,2004_06_12,european,ITC4B,mantova,2,bonino,4681
588,2004_06_12,european,ITC4B,mantova,2,mis,415
589,2004_06_12,european,ITC4B,mantova,2,ne,1551
590,2004_06_12,european,ITC4B,mantova,2,pss,398
591,2004_06_12,european,ITC4B,mantova,2,pn,140
592,2004_06_12,european,ITC4B,mantova,2,pp,3464
593,2004_06_12,european,ITC4B,mantova,2,pri,698
594,2004_06_12,european,ITC4B,mantova,2,rc,12393
595,2004_06_12,european,ITC4B,mantova,2,su,4354
596,2004_06_12,european,ITC4B,mantova,2,udc,10719
597,2004_06_12,european,ITC4B,mantova,2,ulivo,81870
598,2004_06_12,european,ITC4B,mantova,2,uv,214
599,2004_06_12,european,ITC4C,milano,0,eligible_voters,3079374
600,2004_06_12,european,ITC4C,milano,1,issued_ballots,2279847
601,2004_06_12,european,ITC4C,milano,2,ap_udeur,5530
602,2004_06_12,european,ITC4C,milano,2,verdi,12051
603,2004_06_12,european,ITC4C,milano,2,ala,17193
604,2004_06_12,european,ITC4C,milano,2,an,167358
605,2004_06_12,european,ITC4C,milano,2,as,21065
606,2004_06_12,european,ITC4C,milano,2,ci,46997
607,2004_06_12,european,ITC4C,milano,2,idv_occhetto,42320
608,2004_06_12,european,ITC4C,milano,2,verdi2,58449
609,2004_06_12,european,ITC4C,milano,2,ft,8082
610,2004_06_12,european,ITC4C,milano,2,fi,588626
611,2004_06_12,european,ITC4C,milano,2,lega,186566
612,2004_06_12,european,ITC4C,milano,2,lc,18351
613,2004_06_12,european,ITC4C,milano,2,bonino,70726
614,2004_06_12,european,ITC4C,milano,2,mis,2598
615,2004_06_12,european,ITC4C,milano,2,ne,15023
616,2004_06_12,european,ITC4C,milano,2,pss,5815
617,2004_06_12,european,ITC4C,milano,2,pn,1011
618,2004_06_12,european,ITC4C,milano,2,pp,37331
619,2004_06_12,european,ITC4C,milano,2,pri,8367
620,2004_06_12,european,ITC4C,milano,2,rc,146393
621,2004_06_12,european,ITC4C,milano,2,su,30193
622,2004_06_12,european,ITC4C,milano,2,udc,63280
623,2004_06_12,european,ITC4C,milano,2,ulivo,614806
624,2004_06_12,european,ITC4C,milano,2,uv,1149
625,2004_06_12,european,ITC4D,monza e della brianza,0,eligible_voters,642977
626,2004_06_12,european,ITC4D,monza e della brianza,1,issued_ballots,496773
627,2004_06_12,european,ITC4D,monza e della brianza,2,ap_udeur,1195
628,2004_06_12,european,ITC4D,monza e della brianza,2,verdi,2474
629,2004_06_12,european,ITC4D,monza e della brianza,2,ala,5271
630,2004_06_12,european,ITC4D,monza e della brianza,2,an,32788
631,2004_06_12,european,ITC4D,monza e della brianza,2,as,3993
632,2004_06_12,european,ITC4D,monza e della brianza,2,ci,9330
633,2004_06_12,european,ITC4D,monza e della brianza,2,idv_occhetto,7542
634,2004_06_12,european,ITC4D,monza e della brianza,2,verdi2,10407
635,2004_06_12,european,ITC4D,monza e della brianza,2,ft,1795
636,2004_06_12,european,ITC4D,monza e della brianza,2,fi,130200
637,2004_06_12,european,ITC4D,monza e della brianza,2,lega,60354
638,2004_06_12,european,ITC4D,monza e della brianza,2,lc,4062
639,2004_06_12,european,ITC4D,monza e della brianza,2,bonino,12766
640,2004_06_12,european,ITC4D,monza e della brianza,2,mis,577
641,2004_06_12,european,ITC4D,monza e della brianza,2,ne,3827
642,2004_06_12,european,ITC4D,monza e della brianza,2,pss,1040
643,2004_06_12,european,ITC4D,monza e della brianza,2,pn,197
644,2004_06_12,european,ITC4D,monza e della brianza,2,pp,8471
645,2004_06_12,european,ITC4D,monza e della brianza,2,pri,1915
646,2004_06_12,european,ITC4D,monza e della brianza,2,rc,25755
647,2004_06_12,european,ITC4D,monza e della brianza,2,su,5896
648,2004_06_12,european,ITC4D,monza e della brianza,2,udc,17143
649,2004_06_12,european,ITC4D,monza e della brianza,2,ulivo,123065
650,2004_06_12,european,ITC4D,monza e della brianza,2,uv,348
651,2004_06_12,european,ITF11,laquila,0,eligible_voters,268929
652,2004_06_12,european,ITF11,laquila,1,issued_ballots,201557
653,2004_06_12,european,ITF11,laquila,2,ap_udeur,3014
654,2004_06_12,european,ITF11,laquila,2,verdi,625
655,2004_06_12,european,ITF11,laquila,2,ala,230
656,2004_06_12,european,ITF11,laquila,2,an,29085
657,2004_06_12,european,ITF11,laquila,2,as,3277
658,2004_06_12,european,ITF11,laquila,2,ci,3230
659,2004_06_12,european,ITF11,laquila,2,idv_occhetto,4855
660,2004_06_12,european,ITF11,laquila,2,verdi2,2010
661,2004_06_12,european,ITF11,laquila,2,ft,1997
662,2004_06_12,european,ITF11,laquila,2,fi,37195
663,2004_06_12,european,ITF11,laquila,2,lega,492
664,2004_06_12,european,ITF11,laquila,2,bonino,3493
665,2004_06_12,european,ITF11,laquila,2,mis,1161
666,2004_06_12,european,ITF11,laquila,2,pss,849
667,2004_06_12,european,ITF11,laquila,2,pn,178
668,2004_06_12,european,ITF11,laquila,2,pp,1368
669,2004_06_12,european,ITF11,laquila,2,pri,1184
670,2004_06_12,european,ITF11,laquila,2,rc,10205
671,2004_06_12,european,ITF11,laquila,2,su,5007
672,2004_06_12,european,ITF11,laquila,2,udc,18698
673,2004_06_12,european,ITF11,laquila,2,ulivo,47517
674,2004_06_12,european,ITF12,teramo,0,eligible_voters,256150
675,2004_06_12,european,ITF12,teramo,1,issued_ballots,199885
676,2004_06_12,european,ITF12,teramo,2,ap_udeur,1719
677,2004_06_12,european,ITF12,teramo,2,verdi,811
678,2004_06_12,european,ITF12,teramo,2,ala,304
679,2004_06_12,european,ITF12,teramo,2,an,24150
680,2004_06_12,european,ITF12,teramo,2,as,2930
681,2004_06_12,european,ITF12,teramo,2,ci,5787
682,2004_06_12,european,ITF12,teramo,2,idv_occhetto,5429
683,2004_06_12,european,ITF12,teramo,2,verdi2,3816
684,2004_06_12,european,ITF12,teramo,2,ft,2099
685,2004_06_12,european,ITF12,teramo,2,fi,36954
686,2004_06_12,european,ITF12,teramo,2,lega,476
687,2004_06_12,european,ITF12,teramo,2,bonino,4437
688,2004_06_12,european,ITF12,teramo,2,mis,987
689,2004_06_12,european,ITF12,teramo,2,pss,892
690,2004_06_12,european,ITF12,teramo,2,pn,153
691,2004_06_12,european,ITF12,teramo,2,pp,1411
692,2004_06_12,european,ITF12,teramo,2,pri,849
693,2004_06_12,european,ITF12,teramo,2,rc,14117
694,2004_06_12,european,ITF12,teramo,2,su,4480
695,2004_06_12,european,ITF12,teramo,2,udc,10008
696,2004_06_12,european,ITF12,teramo,2,ulivo,50954
697,2004_06_12,european,ITF13,pescara,0,eligible_voters,269332
698,2004_06_12,european,ITF13,pescara,1,issued_ballots,197822
699,2004_06_12,european,ITF13,pescara,2,ap_udeur,1693
700,2004_06_12,european,ITF13,pescara,2,verdi,896
701,2004_06_12,european,ITF13,pescara,2,ala,202
702,2004_06_12,european,ITF13,pescara,2,an,25099
703,2004_06_12,european,ITF13,pescara,2,as,3358
704,2004_06_12,european,ITF13,pescara,2,ci,4746
705,2004_06_12,european,ITF13,pescara,2,idv_occhetto,7841
706,2004_06_12,european,ITF13,pescara,2,verdi2,3651
707,2004_06_12,european,ITF13,pescara,2,ft,1836
708,2004_06_12,european,ITF13,pescara,2,fi,35488
709,2004_06_12,european,ITF13,pescara,2,lega,430
710,2004_06_12,european,ITF13,pescara,2,bonino,4258
711,2004_06_12,european,ITF13,pescara,2,mis,489
712,2004_06_12,european,ITF13,pescara,2,pss,496
713,2004_06_12,european,ITF13,pescara,2,pn,1052
714,2004_06_12,european,ITF13,pescara,2,pp,1497
715,2004_06_12,european,ITF13,pescara,2,pri,650
716,2004_06_12,european,ITF13,pescara,2,rc,13355
717,2004_06_12,european,ITF13,pescara,2,su,4481
718,2004_06_12,european,ITF13,pescara,2,udc,11740
719,2004_06_12,european,ITF13,pescara,2,ulivo,52138
720,2004_06_12,european,ITF14,chieti,0,eligible_voters,327984
721,2004_06_12,european,ITF14,chieti,1,issued_ballots,225236
722,2004_06_12,european,ITF14,chieti,2,ap_udeur,1289
723,2004_06_12,european,ITF14,chieti,2,verdi,886
724,2004_06_12,european,ITF14,chieti,2,ala,264
725,2004_06_12,european,ITF14,chieti,2,an,27741
726,2004_06_12,european,ITF14,chieti,2,as,3188
727,2004_06_12,european,ITF14,chieti,2,ci,3395
728,2004_06_12,european,ITF14,chieti,2,idv_occhetto,8917
729,2004_06_12,european,ITF14,chieti,2,verdi2,3241
730,2004_06_12,european,ITF14,chieti,2,ft,2616
731,2004_06_12,european,ITF14,chieti,2,fi,33075
732,2004_06_12,european,ITF14,chieti,2,lega,469
733,2004_06_12,european,ITF14,chieti,2,bonino,3384
734,2004_06_12,european,ITF14,chieti,2,mis,750
735,2004_06_12,european,ITF14,chieti,2,pss,1358
736,2004_06_12,european,ITF14,chieti,2,pn,242
737,2004_06_12,european,ITF14,chieti,2,pp,1562
738,2004_06_12,european,ITF14,chieti,2,pri,600
739,2004_06_12,european,ITF14,chieti,2,rc,12553
740,2004_06_12,european,ITF14,chieti,2,su,4302
741,2004_06_12,european,ITF14,chieti,2,udc,19623
742,2004_06_12,european,ITF14,chieti,2,ulivo,53755
743,2004_06_12,european,ITF21,isernia,0,eligible_voters,87620
744,2004_06_12,european,ITF21,isernia,1,issued_ballots,62304
745,2004_06_12,european,ITF21,isernia,2,ap_udeur,741
746,2004_06_12,european,ITF21,isernia,2,verdi,156
747,2004_06_12,european,ITF21,isernia,2,ala,94
748,2004_06_12,european,ITF21,isernia,2,an,6575
749,2004_06_12,european,ITF21,isernia,2,as,744
750,2004_06_12,european,ITF21,isernia,2,ci,715
751,2004_06_12,european,ITF21,isernia,2,idv_occhetto,2078
752,2004_06_12,european,ITF21,isernia,2,verdi2,578
753,2004_06_12,european,ITF21,isernia,2,ft,610
754,2004_06_12,european,ITF21,isernia,2,fi,10489
755,2004_06_12,european,ITF21,isernia,2,lega,188
756,2004_06_12,european,ITF21,isernia,2,bonino,629
757,2004_06_12,european,ITF21,isernia,2,mis,194
758,2004_06_12,european,ITF21,isernia,2,pss,130
759,2004_06_12,european,ITF21,isernia,2,pn,319
760,2004_06_12,european,ITF21,isernia,2,pp,368
761,2004_06_12,european,ITF21,isernia,2,pri,152
762,2004_06_12,european,ITF21,isernia,2,rc,2195
763,2004_06_12,european,ITF21,isernia,2,su,928
764,2004_06_12,european,ITF21,isernia,2,udc,12864
765,2004_06_12,european,ITF21,isernia,2,ulivo,9991
766,2004_06_12,european,ITF22,campobasso,0,eligible_voters,220902
767,2004_06_12,european,ITF22,campobasso,1,issued_ballots,147856
768,2004_06_12,european,ITF22,campobasso,2,ap_udeur,3828
769,2004_06_12,european,ITF22,campobasso,2,verdi,466
770,2004_06_12,european,ITF22,campobasso,2,ala,171
771,2004_06_12,european,ITF22,campobasso,2,an,20731
772,2004_06_12,european,ITF22,campobasso,2,as,1750
773,2004_06_12,european,ITF22,campobasso,2,ci,2115
774,2004_06_12,european,ITF22,campobasso,2,idv_occhetto,11838
775,2004_06_12,european,ITF22,campobasso,2,verdi2,2080
776,2004_06_12,european,ITF22,campobasso,2,ft,1396
777,2004_06_12,european,ITF22,campobasso,2,fi,21841
778,2004_06_12,european,ITF22,campobasso,2,lega,675
779,2004_06_12,european,ITF22,campobasso,2,bonino,1635
780,2004_06_12,european,ITF22,campobasso,2,mis,444
781,2004_06_12,european,ITF22,campobasso,2,pss,385
782,2004_06_12,european,ITF22,campobasso,2,pn,453
783,2004_06_12,european,ITF22,campobasso,2,pp,1032
784,2004_06_12,european,ITF22,campobasso,2,pri,432
785,2004_06_12,european,ITF22,campobasso,2,rc,7648
786,2004_06_12,european,ITF22,campobasso,2,su,2545
787,2004_06_12,european,ITF22,campobasso,2,udc,13983
788,2004_06_12,european,ITF22,campobasso,2,ulivo,32882
789,2004_06_12,european,ITF31,caserta,0,eligible_voters,698442
790,2004_06_12,european,ITF31,caserta,1,issued_ballots,464796
791,2004_06_12,european,ITF31,caserta,2,ap_udeur,24138
792,2004_06_12,european,ITF31,caserta,2,verdi,1592
793,2004_06_12,european,ITF31,caserta,2,ala,438
794,2004_06_12,european,ITF31,caserta,2,an,58277
795,2004_06_12,european,ITF31,caserta,2,as,5136
796,2004_06_12,european,ITF31,caserta,2,ci,6583
797,2004_06_12,european,ITF31,caserta,2,idv_occhetto,8824
798,2004_06_12,european,ITF31,caserta,2,verdi2,7367
799,2004_06_12,european,ITF31,caserta,2,ft,4762
800,2004_06_12,european,ITF31,caserta,2,fi,83964
801,2004_06_12,european,ITF31,caserta,2,lega,3492
802,2004_06_12,european,ITF31,caserta,2,bonino,4083
803,2004_06_12,european,ITF31,caserta,2,mis,1809
804,2004_06_12,european,ITF31,caserta,2,pss,2246
805,2004_06_12,european,ITF31,caserta,2,pn,1828
806,2004_06_12,european,ITF31,caserta,2,pp,3914
807,2004_06_12,european,ITF31,caserta,2,pri,5141
808,2004_06_12,european,ITF31,caserta,2,rc,18024
809,2004_06_12,european,ITF31,caserta,2,su,6162
810,2004_06_12,european,ITF31,caserta,2,udc,50839
811,2004_06_12,european,ITF31,caserta,2,ulivo,120709
812,2004_06_12,european,ITF32,benevento,0,eligible_voters,273984
813,2004_06_12,european,ITF32,benevento,1,issued_ballots,178260
814,2004_06_12,european,ITF32,benevento,2,ap_udeur,25453
815,2004_06_12,european,ITF32,benevento,2,verdi,481
816,2004_06_12,european,ITF32,benevento,2,ala,247
817,2004_06_12,european,ITF32,benevento,2,an,21240
818,2004_06_12,european,ITF32,benevento,2,as,1786
819,2004_06_12,european,ITF32,benevento,2,ci,2757
820,2004_06_12,european,ITF32,benevento,2,idv_occhetto,2971
821,2004_06_12,european,ITF32,benevento,2,verdi2,1717
822,2004_06_12,european,ITF32,benevento,2,ft,1565
823,2004_06_12,european,ITF32,benevento,2,fi,27251
824,2004_06_12,european,ITF32,benevento,2,lega,557
825,2004_06_12,european,ITF32,benevento,2,bonino,1379
826,2004_06_12,european,ITF32,benevento,2,mis,729
827,2004_06_12,european,ITF32,benevento,2,pss,911
828,2004_06_12,european,ITF32,benevento,2,pn,297
829,2004_06_12,european,ITF32,benevento,2,pp,1674
830,2004_06_12,european,ITF32,benevento,2,pri,1201
831,2004_06_12,european,ITF32,benevento,2,rc,5718
832,2004_06_12,european,ITF32,benevento,2,su,1779
833,2004_06_12,european,ITF32,benevento,2,udc,15128
834,2004_06_12,european,ITF32,benevento,2,ulivo,41799
835,2004_06_12,european,ITF33,napoli,0,eligible_voters,2462600
836,2004_06_12,european,ITF33,napoli,1,issued_ballots,1601340
837,2004_06_12,european,ITF33,napoli,2,ap_udeur,59467
838,2004_06_12,european,ITF33,napoli,2,verdi,10795
839,2004_06_12,european,ITF33,napoli,2,ala,1641
840,2004_06_12,european,ITF33,napoli,2,an,175615
841,2004_06_12,european,ITF33,napoli,2,as,17895
842,2004_06_12,european,ITF33,napoli,2,ci,31269
843,2004_06_12,european,ITF33,napoli,2,idv_occhetto,32549
844,2004_06_12,european,ITF33,napoli,2,verdi2,59706
845,2004_06_12,european,ITF33,napoli,2,ft,12808
846,2004_06_12,european,ITF33,napoli,2,fi,266404
847,2004_06_12,european,ITF33,napoli,2,lega,3457
848,2004_06_12,european,ITF33,napoli,2,bonino,18555
849,2004_06_12,european,ITF33,napoli,2,mis,3755
850,2004_06_12,european,ITF33,napoli,2,pss,6313
851,2004_06_12,european,ITF33,napoli,2,pn,8272
852,2004_06_12,european,ITF33,napoli,2,pp,14916
853,2004_06_12,european,ITF33,napoli,2,pri,12540
854,2004_06_12,european,ITF33,napoli,2,rc,105954
855,2004_06_12,european,ITF33,napoli,2,su,43447
856,2004_06_12,european,ITF33,napoli,2,udc,80557
857,2004_06_12,european,ITF33,napoli,2,ulivo,468394
858,2004_06_12,european,ITF34,avellino,0,eligible_voters,412012
859,2004_06_12,european,ITF34,avellino,1,issued_ballots,294631
860,2004_06_12,european,ITF34,avellino,2,ap_udeur,13558
861,2004_06_12,european,ITF34,avellino,2,verdi,1766
862,2004_06_12,european,ITF34,avellino,2,ala,468
863,2004_06_12,european,ITF34,avellino,2,an,31153
864,2004_06_12,european,ITF34,avellino,2,as,2651
865,2004_06_12,european,ITF34,avellino,2,ci,4162
866,2004_06_12,european,ITF34,avellino,2,idv_occhetto,4169
867,2004_06_12,european,ITF34,avellino,2,verdi2,5755
868,2004_06_12,european,ITF34,avellino,2,ft,3506
869,2004_06_12,european,ITF34,avellino,2,fi,46352
870,2004_06_12,european,ITF34,avellino,2,lega,1281
871,2004_06_12,european,ITF34,avellino,2,bonino,3567
872,2004_06_12,european,ITF34,avellino,2,mis,1014
873,2004_06_12,european,ITF34,avellino,2,pss,1827
874,2004_06_12,european,ITF34,avellino,2,pn,588
875,2004_06_12,european,ITF34,avellino,2,pp,1862
876,2004_06_12,european,ITF34,avellino,2,pri,1627
877,2004_06_12,european,ITF34,avellino,2,rc,14181
878,2004_06_12,european,ITF34,avellino,2,su,9318
879,2004_06_12,european,ITF34,avellino,2,udc,19801
880,2004_06_12,european,ITF34,avellino,2,ulivo,77118
881,2004_06_12,european,ITF35,salerno,0,eligible_voters,910867
882,2004_06_12,european,ITF35,salerno,1,issued_ballots,698622
883,2004_06_12,european,ITF35,salerno,2,ap_udeur,29944
884,2004_06_12,european,ITF35,salerno,2,verdi,3669
885,2004_06_12,european,ITF35,salerno,2,ala,1044
886,2004_06_12,european,ITF35,salerno,2,an,88659
887,2004_06_12,european,ITF35,salerno,2,as,6338
888,2004_06_12,european,ITF35,salerno,2,ci,8318
889,2004_06_12,european,ITF35,salerno,2,idv_occhetto,10480
890,2004_06_12,european,ITF35,salerno,2,verdi2,15166
891,2004_06_12,european,ITF35,salerno,2,ft,7802
892,2004_06_12,european,ITF35,salerno,2,fi,131519
893,2004_06_12,european,ITF35,salerno,2,lega,2694
894,2004_06_12,european,ITF35,salerno,2,bonino,8034
895,2004_06_12,european,ITF35,salerno,2,mis,2015
896,2004_06_12,european,ITF35,salerno,2,pss,3140
897,2004_06_12,european,ITF35,salerno,2,pn,4429
898,2004_06_12,european,ITF35,salerno,2,pp,4480
899,2004_06_12,european,ITF35,salerno,2,pri,5717
900,2004_06_12,european,ITF35,salerno,2,rc,26953
901,2004_06_12,european,ITF35,salerno,2,su,15438
902,2004_06_12,european,ITF35,salerno,2,udc,31676
903,2004_06_12,european,ITF35,salerno,2,ulivo,182398
904,2004_06_12,european,ITF43,taranto,0,eligible_voters,484721
905,2004_06_12,european,ITF43,taranto,1,issued_ballots,349002
906,2004_06_12,european,ITF43,taranto,2,ap_udeur,10063
907,2004_06_12,european,ITF43,taranto,2,verdi,1163
908,2004_06_12,european,ITF43,taranto,2,ala,494
909,2004_06_12,european,ITF43,taranto,2,an,40059
910,2004_06_12,european,ITF43,taranto,2,as,4323
911,2004_06_12,european,ITF43,taranto,2,ci,7170
912,2004_06_12,european,ITF43,taranto,2,idv_occhetto,6067
913,2004_06_12,european,ITF43,taranto,2,verdi2,4620
914,2004_06_12,european,ITF43,taranto,2,ft,3643
915,2004_06_12,european,ITF43,taranto,2,fi,72447
916,2004_06_12,european,ITF43,taranto,2,lega,408
917,2004_06_12,european,ITF43,taranto,2,bonino,4677
918,2004_06_12,european,ITF43,taranto,2,mis,982
919,2004_06_12,european,ITF43,taranto,2,pss,869
920,2004_06_12,european,ITF43,taranto,2,pn,415
921,2004_06_12,european,ITF43,taranto,2,pp,2754
922,2004_06_12,european,ITF43,taranto,2,pri,2010
923,2004_06_12,european,ITF43,taranto,2,rc,17294
924,2004_06_12,european,ITF43,taranto,2,su,9541
925,2004_06_12,european,ITF43,taranto,2,udc,28778
926,2004_06_12,european,ITF43,taranto,2,ulivo,86559
927,2004_06_12,european,ITF44,brindisi,0,eligible_voters,331958
928,2004_06_12,european,ITF44,brindisi,1,issued_ballots,253132
929,2004_06_12,european,ITF44,brindisi,2,ap_udeur,2767
930,2004_06_12,european,ITF44,brindisi,2,verdi,761
931,2004_06_12,european,ITF44,brindisi,2,ala,169
932,2004_06_12,european,ITF44,brindisi,2,an,33053
933,2004_06_12,european,ITF44,brindisi,2,as,1936
934,2004_06_12,european,ITF44,brindisi,2,ci,3309
935,2004_06_12,european,ITF44,brindisi,2,idv_occhetto,5321
936,2004_06_12,european,ITF44,brindisi,2,verdi2,3585
937,2004_06_12,european,ITF44,brindisi,2,ft,5175
938,2004_06_12,european,ITF44,brindisi,2,fi,44427
939,2004_06_12,european,ITF44,brindisi,2,lega,318
940,2004_06_12,european,ITF44,brindisi,2,bonino,3279
941,2004_06_12,european,ITF44,brindisi,2,mis,645
942,2004_06_12,european,ITF44,brindisi,2,pss,1481
943,2004_06_12,european,ITF44,brindisi,2,pn,323
944,2004_06_12,european,ITF44,brindisi,2,pp,1392
945,2004_06_12,european,ITF44,brindisi,2,pri,5845
946,2004_06_12,european,ITF44,brindisi,2,rc,14734
947,2004_06_12,european,ITF44,brindisi,2,su,7171
948,2004_06_12,european,ITF44,brindisi,2,udc,16934
949,2004_06_12,european,ITF44,brindisi,2,ulivo,57060
950,2004_06_12,european,ITF45,lecce,0,eligible_voters,633500
951,2004_06_12,european,ITF45,lecce,1,issued_ballots,486241
952,2004_06_12,european,ITF45,lecce,2,ap_udeur,14400
953,2004_06_12,european,ITF45,lecce,2,verdi,1971
954,2004_06_12,european,ITF45,lecce,2,ala,550
955,2004_06_12,european,ITF45,lecce,2,an,83106
956,2004_06_12,european,ITF45,lecce,2,as,4154
957,2004_06_12,european,ITF45,lecce,2,ci,6159
958,2004_06_12,european,ITF45,lecce,2,idv_occhetto,7880
959,2004_06_12,european,ITF45,lecce,2,verdi2,12154
960,2004_06_12,european,ITF45,lecce,2,ft,6414
961,2004_06_12,european,ITF45,lecce,2,fi,71154
962,2004_06_12,european,ITF45,lecce,2,lega,592
963,2004_06_12,european,ITF45,lecce,2,bonino,6314
964,2004_06_12,european,ITF45,lecce,2,mis,1833
965,2004_06_12,european,ITF45,lecce,2,pss,957
966,2004_06_12,european,ITF45,lecce,2,pn,2282
967,2004_06_12,european,ITF45,lecce,2,pp,3848
968,2004_06_12,european,ITF45,lecce,2,pri,2397
969,2004_06_12,european,ITF45,lecce,2,rc,16577
970,2004_06_12,european,ITF45,lecce,2,su,14622
971,2004_06_12,european,ITF45,lecce,2,udc,25260
972,2004_06_12,european,ITF45,lecce,2,ulivo,118839
973,2004_06_12,european,ITF46,foggia,0,eligible_voters,543845
974,2004_06_12,european,ITF46,foggia,1,issued_ballots,359284
975,2004_06_12,european,ITF46,foggia,2,ap_udeur,6781
976,2004_06_12,european,ITF46,foggia,2,verdi,931
977,2004_06_12,european,ITF46,foggia,2,ala,256
978,2004_06_12,european,ITF46,foggia,2,an,50148
979,2004_06_12,european,ITF46,foggia,2,as,3373
980,2004_06_12,european,ITF46,foggia,2,ci,5064
981,2004_06_12,european,ITF46,foggia,2,idv_occhetto,12079
982,2004_06_12,european,ITF46,foggia,2,verdi2,4498
983,2004_06_12,european,ITF46,foggia,2,ft,2963
984,2004_06_12,european,ITF46,foggia,2,fi,55773
985,2004_06_12,european,ITF46,foggia,2,lega,695
986,2004_06_12,european,ITF46,foggia,2,bonino,4766
987,2004_06_12,european,ITF46,foggia,2,mis,1205
988,2004_06_12,european,ITF46,foggia,2,pss,2858
989,2004_06_12,european,ITF46,foggia,2,pn,1703
990,2004_06_12,european,ITF46,foggia,2,pp,2666
991,2004_06_12,european,ITF46,foggia,2,pri,1354
992,2004_06_12,european,ITF46,foggia,2,rc,20086
993,2004_06_12,european,ITF46,foggia,2,su,7983
994,2004_06_12,european,ITF46,foggia,2,udc,26518
995,2004_06_12,european,ITF46,foggia,2,ulivo,99651
996,2004_06_12,european,ITF47,bari,0,eligible_voters,1313576
997,2004_06_12,european,ITF47,bari,1,issued_ballots,931203
998,2004_06_12,european,ITF47,bari,2,ap_udeur,17045
999,2004_06_12,european,ITF47,bari,2,verdi,3699
1000,2004_06_12,european,ITF47,bari,2,ala,625
1001,2004_06_12,european,ITF47,bari,2,an,116919
1002,2004_06_12,european,ITF47,bari,2,as,12040
1003,2004_06_12,european,ITF47,bari,2,ci,15686
1004,2004_06_12,european,ITF47,bari,2,idv_occhetto,26005
1005,2004_06_12,european,ITF47,bari,2,verdi2,24051
1006,2004_06_12,european,ITF47,bari,2,ft,6556
1007,2004_06_12,european,ITF47,bari,2,fi,170542
1008,2004_06_12,european,ITF47,bari,2,lega,1252
1009,2004_06_12,european,ITF47,bari,2,bonino,14991
1010,2004_06_12,european,ITF47,bari,2,mis,2974
1011,2004_06_12,european,ITF47,bari,2,pss,4123
1012,2004_06_12,european,ITF47,bari,2,pn,2172
1013,2004_06_12,european,ITF47,bari,2,pp,7350
1014,2004_06_12,european,ITF47,bari,2,pri,9253
1015,2004_06_12,european,ITF47,bari,2,rc,53054
1016,2004_06_12,european,ITF47,bari,2,su,22812
1017,2004_06_12,european,ITF47,bari,2,udc,67829
1018,2004_06_12,european,ITF47,bari,2,ulivo,221170
1019,2004_06_12,european,ITF48,barlettaandriatrani,0,eligible_voters,304294
1020,2004_06_12,european,ITF48,barlettaandriatrani,1,issued_ballots,200708
1021,2004_06_12,european,ITF48,barlettaandriatrani,2,ap_udeur,5514
1022,2004_06_12,european,ITF48,barlettaandriatrani,2,verdi,912
1023,2004_06_12,european,ITF48,barlettaandriatrani,2,ala,141
1024,2004_06_12,european,ITF48,barlettaandriatrani,2,an,24511
1025,2004_06_12,european,ITF48,barlettaandriatrani,2,as,3499
1026,2004_06_12,european,ITF48,barlettaandriatrani,2,ci,5592
1027,2004_06_12,european,ITF48,barlettaandriatrani,2,idv_occhetto,5979
1028,2004_06_12,european,ITF48,barlettaandriatrani,2,verdi2,5783
1029,2004_06_12,european,ITF48,barlettaandriatrani,2,ft,1464
1030,2004_06_12,european,ITF48,barlettaandriatrani,2,fi,38426
1031,2004_06_12,european,ITF48,barlettaandriatrani,2,lega,472
1032,2004_06_12,european,ITF48,barlettaandriatrani,2,bonino,2356
1033,2004_06_12,european,ITF48,barlettaandriatrani,2,mis,550
1034,2004_06_12,european,ITF48,barlettaandriatrani,2,pss,585
1035,2004_06_12,european,ITF48,barlettaandriatrani,2,pn,488
1036,2004_06_12,european,ITF48,barlettaandriatrani,2,pp,1391
1037,2004_06_12,european,ITF48,barlettaandriatrani,2,pri,1884
1038,2004_06_12,european,ITF48,barlettaandriatrani,2,rc,13486
1039,2004_06_12,european,ITF48,barlettaandriatrani,2,su,4856
1040,2004_06_12,european,ITF48,barlettaandriatrani,2,udc,11392
1041,2004_06_12,european,ITF48,barlettaandriatrani,2,ulivo,46928
1042,2004_06_12,european,ITF51,potenza,0,eligible_voters,316009
1043,2004_06_12,european,ITF51,potenza,1,issued_ballots,235710
1044,2004_06_12,european,ITF51,potenza,2,ap_udeur,8092
1045,2004_06_12,european,ITF51,potenza,2,verdi,1094
1046,2004_06_12,european,ITF51,potenza,2,ala,470
1047,2004_06_12,european,ITF51,potenza,2,an,21548
1048,2004_06_12,european,ITF51,potenza,2,as,1746
1049,2004_06_12,european,ITF51,potenza,2,ci,5057
1050,2004_06_12,european,ITF51,potenza,2,idv_occhetto,6468
1051,2004_06_12,european,ITF51,potenza,2,verdi2,7674
1052,2004_06_12,european,ITF51,potenza,2,ft,1808
1053,2004_06_12,european,ITF51,potenza,2,fi,29087
1054,2004_06_12,european,ITF51,potenza,2,lega,799
1055,2004_06_12,european,ITF51,potenza,2,bonino,2656
1056,2004_06_12,european,ITF51,potenza,2,mis,520
1057,2004_06_12,european,ITF51,potenza,2,pss,2607
1058,2004_06_12,european,ITF51,potenza,2,pn,725
1059,2004_06_12,european,ITF51,potenza,2,pp,1405
1060,2004_06_12,european,ITF51,potenza,2,pri,1592
1061,2004_06_12,european,ITF51,potenza,2,rc,10073
1062,2004_06_12,european,ITF51,potenza,2,su,6344
1063,2004_06_12,european,ITF51,potenza,2,udc,8283
1064,2004_06_12,european,ITF51,potenza,2,ulivo,63755
1065,2004_06_12,european,ITF52,matera,0,eligible_voters,169319
1066,2004_06_12,european,ITF52,matera,1,issued_ballots,127361
1067,2004_06_12,european,ITF52,matera,2,ap_udeur,3798
1068,2004_06_12,european,ITF52,matera,2,verdi,625
1069,2004_06_12,european,ITF52,matera,2,ala,356
1070,2004_06_12,european,ITF52,matera,2,an,16991
1071,2004_06_12,european,ITF52,matera,2,as,1586
1072,2004_06_12,european,ITF52,matera,2,ci,1753
1073,2004_06_12,european,ITF52,matera,2,idv_occhetto,4289
1074,2004_06_12,european,ITF52,matera,2,verdi2,3782
1075,2004_06_12,european,ITF52,matera,2,ft,1760
1076,2004_06_12,european,ITF52,matera,2,fi,14590
1077,2004_06_12,european,ITF52,matera,2,lega,347
1078,2004_06_12,european,ITF52,matera,2,bonino,1775
1079,2004_06_12,european,ITF52,matera,2,mis,241
1080,2004_06_12,european,ITF52,matera,2,pss,278
1081,2004_06_12,european,ITF52,matera,2,pn,183
1082,2004_06_12,european,ITF52,matera,2,pp,741
1083,2004_06_12,european,ITF52,matera,2,pri,490
1084,2004_06_12,european,ITF52,matera,2,rc,7520
1085,2004_06_12,european,ITF52,matera,2,su,3308
1086,2004_06_12,european,ITF52,matera,2,udc,7259
1087,2004_06_12,european,ITF52,matera,2,ulivo,33338
1088,2004_06_12,european,ITF61,cosenza,0,eligible_voters,676176
1089,2004_06_12,european,ITF61,cosenza,1,issued_ballots,459713
1090,2004_06_12,european,ITF61,cosenza,2,ap_udeur,10630
1091,2004_06_12,european,ITF61,cosenza,2,verdi,1989
1092,2004_06_12,european,ITF61,cosenza,2,ala,630
1093,2004_06_12,european,ITF61,cosenza,2,an,52709
1094,2004_06_12,european,ITF61,cosenza,2,as,4879
1095,2004_06_12,european,ITF61,cosenza,2,ci,11083
1096,2004_06_12,european,ITF61,cosenza,2,idv_occhetto,11609
1097,2004_06_12,european,ITF61,cosenza,2,verdi2,13522
1098,2004_06_12,european,ITF61,cosenza,2,ft,5332
1099,2004_06_12,european,ITF61,cosenza,2,fi,57500
1100,2004_06_12,european,ITF61,cosenza,2,lega,942
1101,2004_06_12,european,ITF61,cosenza,2,bonino,4054
1102,2004_06_12,european,ITF61,cosenza,2,mis,1090
1103,2004_06_12,european,ITF61,cosenza,2,pss,2902
1104,2004_06_12,european,ITF61,cosenza,2,pn,852
1105,2004_06_12,european,ITF61,cosenza,2,pp,3536
1106,2004_06_12,european,ITF61,cosenza,2,pri,14723
1107,2004_06_12,european,ITF61,cosenza,2,rc,27005
1108,2004_06_12,european,ITF61,cosenza,2,su,29217
1109,2004_06_12,european,ITF61,cosenza,2,udc,31950
1110,2004_06_12,european,ITF61,cosenza,2,ulivo,99611
1111,2004_06_12,european,ITF62,crotone,0,eligible_voters,139507
1112,2004_06_12,european,ITF62,crotone,1,issued_ballots,99245
1113,2004_06_12,european,ITF62,crotone,2,ap_udeur,5317
1114,2004_06_12,european,ITF62,crotone,2,verdi,439
1115,2004_06_12,european,ITF62,crotone,2,ala,131
1116,2004_06_12,european,ITF62,crotone,2,an,13342
1117,2004_06_12,european,ITF62,crotone,2,as,687
1118,2004_06_12,european,ITF62,crotone,2,ci,1941
1119,2004_06_12,european,ITF62,crotone,2,idv_occhetto,2700
1120,2004_06_12,european,ITF62,crotone,2,verdi2,2245
1121,2004_06_12,european,ITF62,crotone,2,ft,838
1122,2004_06_12,european,ITF62,crotone,2,fi,8690
1123,2004_06_12,european,ITF62,crotone,2,lega,225
1124,2004_06_12,european,ITF62,crotone,2,bonino,747
1125,2004_06_12,european,ITF62,crotone,2,mis,271
1126,2004_06_12,european,ITF62,crotone,2,pss,362
1127,2004_06_12,european,ITF62,crotone,2,pn,529
1128,2004_06_12,european,ITF62,crotone,2,pp,513
1129,2004_06_12,european,ITF62,crotone,2,pri,909
1130,2004_06_12,european,ITF62,crotone,2,rc,4940
1131,2004_06_12,european,ITF62,crotone,2,su,4667
1132,2004_06_12,european,ITF62,crotone,2,udc,9163
1133,2004_06_12,european,ITF62,crotone,2,ulivo,25626
1134,2004_06_12,european,ITF63,catanzaro,0,eligible_voters,111523
1135,2004_06_12,european,ITF63,catanzaro,1,issued_ballots,77032
1136,2004_06_12,european,ITF63,catanzaro,2,ap_udeur,1863
1137,2004_06_12,european,ITF63,catanzaro,2,verdi,195
1138,2004_06_12,european,ITF63,catanzaro,2,ala,104
1139,2004_06_12,european,ITF63,catanzaro,2,an,9012
1140,2004_06_12,european,ITF63,catanzaro,2,as,961
1141,2004_06_12,european,ITF63,catanzaro,2,ci,1163
1142,2004_06_12,european,ITF63,catanzaro,2,idv_occhetto,1180
1143,2004_06_12,european,ITF63,catanzaro,2,verdi2,858
1144,2004_06_12,european,ITF63,catanzaro,2,ft,739
1145,2004_06_12,european,ITF63,catanzaro,2,fi,7763
1146,2004_06_12,european,ITF63,catanzaro,2,lega,155
1147,2004_06_12,european,ITF63,catanzaro,2,bonino,595
1148,2004_06_12,european,ITF63,catanzaro,2,mis,272
1149,2004_06_12,european,ITF63,catanzaro,2,pss,185
1150,2004_06_12,european,ITF63,catanzaro,2,pn,230
1151,2004_06_12,european,ITF63,catanzaro,2,pp,350
1152,2004_06_12,european,ITF63,catanzaro,2,pri,848
1153,2004_06_12,european,ITF63,catanzaro,2,rc,4093
1154,2004_06_12,european,ITF63,catanzaro,2,su,3986
1155,2004_06_12,european,ITF63,catanzaro,2,udc,7614
1156,2004_06_12,european,ITF63,catanzaro,2,ulivo,17973
1157,2004_06_12,european,ITF64,vibo valentia,0,eligible_voters,158297
1158,2004_06_12,european,ITF64,vibo valentia,1,issued_ballots,108346
1159,2004_06_12,european,ITF64,vibo valentia,2,ap_udeur,5956
1160,2004_06_12,european,ITF64,vibo valentia,2,verdi,579
1161,2004_06_12,european,ITF64,vibo valentia,2,ala,256
1162,2004_06_12,european,ITF64,vibo valentia,2,an,14988
1163,2004_06_12,european,ITF64,vibo valentia,2,as,1535
1164,2004_06_12,european,ITF64,vibo valentia,2,ci,1399
1165,2004_06_12,european,ITF64,vibo valentia,2,idv_occhetto,1679
1166,2004_06_12,european,ITF64,vibo valentia,2,verdi2,3997
1167,2004_06_12,european,ITF64,vibo valentia,2,ft,1129
1168,2004_06_12,european,ITF64,vibo valentia,2,fi,9672
1169,2004_06_12,european,ITF64,vibo valentia,2,lega,418
1170,2004_06_12,european,ITF64,vibo valentia,2,bonino,803
1171,2004_06_12,european,ITF64,vibo valentia,2,mis,450
1172,2004_06_12,european,ITF64,vibo valentia,2,pss,982
1173,2004_06_12,european,ITF64,vibo valentia,2,pn,1242
1174,2004_06_12,european,ITF64,vibo valentia,2,pp,732
1175,2004_06_12,european,ITF64,vibo valentia,2,pri,1792
1176,2004_06_12,european,ITF64,vibo valentia,2,rc,4346
1177,2004_06_12,european,ITF64,vibo valentia,2,su,4610
1178,2004_06_12,european,ITF64,vibo valentia,2,udc,9526
1179,2004_06_12,european,ITF64,vibo valentia,2,ulivo,24011
1180,2004_06_12,european,ITF65,reggio calabria,0,eligible_voters,300167
1181,2004_06_12,european,ITF65,reggio calabria,1,issued_ballots,173933
1182,2004_06_12,european,ITF65,reggio calabria,2,ap_udeur,4589
1183,2004_06_12,european,ITF65,reggio calabria,2,verdi,354
1184,2004_06_12,european,ITF65,reggio calabria,2,ala,122
1185,2004_06_12,european,ITF65,reggio calabria,2,an,32495
1186,2004_06_12,european,ITF65,reggio calabria,2,as,1701
1187,2004_06_12,european,ITF65,reggio calabria,2,ci,4773
1188,2004_06_12,european,ITF65,reggio calabria,2,idv_occhetto,1954
1189,2004_06_12,european,ITF65,reggio calabria,2,verdi2,2887
1190,2004_06_12,european,ITF65,reggio calabria,2,ft,1596
1191,2004_06_12,european,ITF65,reggio calabria,2,fi,18641
1192,2004_06_12,european,ITF65,reggio calabria,2,lega,331
1193,2004_06_12,european,ITF65,reggio calabria,2,bonino,1108
1194,2004_06_12,european,ITF65,reggio calabria,2,mis,353
1195,2004_06_12,european,ITF65,reggio calabria,2,pss,1809
1196,2004_06_12,european,ITF65,reggio calabria,2,pn,720
1197,2004_06_12,european,ITF65,reggio calabria,2,pp,689
1198,2004_06_12,european,ITF65,reggio calabria,2,pri,9360
1199,2004_06_12,european,ITF65,reggio calabria,2,rc,6603
1200,2004_06_12,european,ITF65,reggio calabria,2,su,12365
1201,2004_06_12,european,ITF65,reggio calabria,2,udc,11007
1202,2004_06_12,european,ITF65,reggio calabria,2,ulivo,45463
1203,2004_06_12,european,ITG11,trapani,0,eligible_voters,380671
1204,2004_06_12,european,ITG11,trapani,1,issued_ballots,220374
1205,2004_06_12,european,ITG11,trapani,2,ap_udeur,4332
1206,2004_06_12,european,ITG11,trapani,2,verdi,486
1207,2004_06_12,european,ITG11,trapani,2,ala,163
1208,2004_06_12,european,ITG11,trapani,2,an,18570
1209,2004_06_12,european,ITG11,trapani,2,as,2338
1210,2004_06_12,european,ITG11,trapani,2,ci,2458
1211,2004_06_12,european,ITG11,trapani,2,idv_occhetto,2585
1212,2004_06_12,european,ITG11,trapani,2,verdi2,3540
1213,2004_06_12,european,ITG11,trapani,2,ft,1036
1214,2004_06_12,european,ITG11,trapani,2,fi,47246
1215,2004_06_12,european,ITG11,trapani,2,lega,334
1216,2004_06_12,european,ITG11,trapani,2,lc,1670
1217,2004_06_12,european,ITG11,trapani,2,bonino,2992
1218,2004_06_12,european,ITG11,trapani,2,pss,401
1219,2004_06_12,european,ITG11,trapani,2,pn,1644
1220,2004_06_12,european,ITG11,trapani,2,pp,1247
1221,2004_06_12,european,ITG11,trapani,2,pri,4003
1222,2004_06_12,european,ITG11,trapani,2,rc,6012
1223,2004_06_12,european,ITG11,trapani,2,su,3982
1224,2004_06_12,european,ITG11,trapani,2,udc,24897
1225,2004_06_12,european,ITG11,trapani,2,ulivo,55242
1226,2004_06_12,european,ITG12,palermo,0,eligible_voters,1039730
1227,2004_06_12,european,ITG12,palermo,1,issued_ballots,601237
1228,2004_06_12,european,ITG12,palermo,2,ap_udeur,12415
1229,2004_06_12,european,ITG12,palermo,2,verdi,1954
1230,2004_06_12,european,ITG12,palermo,2,ala,479
1231,2004_06_12,european,ITG12,palermo,2,an,74554
1232,2004_06_12,european,ITG12,palermo,2,as,6475
1233,2004_06_12,european,ITG12,palermo,2,ci,7410
1234,2004_06_12,european,ITG12,palermo,2,idv_occhetto,10106
1235,2004_06_12,european,ITG12,palermo,2,verdi2,12752
1236,2004_06_12,european,ITG12,palermo,2,ft,2975
1237,2004_06_12,european,ITG12,palermo,2,fi,122858
1238,2004_06_12,european,ITG12,palermo,2,lega,1240
1239,2004_06_12,european,ITG12,palermo,2,lc,6612
1240,2004_06_12,european,ITG12,palermo,2,bonino,10148
1241,2004_06_12,european,ITG12,palermo,2,pss,1298
1242,2004_06_12,european,ITG12,palermo,2,pn,6878
1243,2004_06_12,european,ITG12,palermo,2,pp,4772
1244,2004_06_12,european,ITG12,palermo,2,pri,3944
1245,2004_06_12,european,ITG12,palermo,2,rc,24193
1246,2004_06_12,european,ITG12,palermo,2,su,6648
1247,2004_06_12,european,ITG12,palermo,2,udc,67808
1248,2004_06_12,european,ITG12,palermo,2,ulivo,152683
1249,2004_06_12,european,ITG13,messina,0,eligible_voters,571900
1250,2004_06_12,european,ITG13,messina,1,issued_ballots,344389
1251,2004_06_12,european,ITG13,messina,2,ap_udeur,4142
1252,2004_06_12,european,ITG13,messina,2,verdi,1103
1253,2004_06_12,european,ITG13,messina,2,ala,188
1254,2004_06_12,european,ITG13,messina,2,an,53550
1255,2004_06_12,european,ITG13,messina,2,as,5181
1256,2004_06_12,european,ITG13,messina,2,ci,3891
1257,2004_06_12,european,ITG13,messina,2,idv_occhetto,4603
1258,2004_06_12,european,ITG13,messina,2,verdi2,5584
1259,2004_06_12,european,ITG13,messina,2,ft,1955
1260,2004_06_12,european,ITG13,messina,2,fi,60800
1261,2004_06_12,european,ITG13,messina,2,lega,374
1262,2004_06_12,european,ITG13,messina,2,lc,2827
1263,2004_06_12,european,ITG13,messina,2,bonino,3861
1264,2004_06_12,european,ITG13,messina,2,pss,649
1265,2004_06_12,european,ITG13,messina,2,pn,5057
1266,2004_06_12,european,ITG13,messina,2,pp,1804
1267,2004_06_12,european,ITG13,messina,2,pri,6426
1268,2004_06_12,european,ITG13,messina,2,rc,9966
1269,2004_06_12,european,ITG13,messina,2,su,6509
1270,2004_06_12,european,ITG13,messina,2,udc,49632
1271,2004_06_12,european,ITG13,messina,2,ulivo,79246
1272,2004_06_12,european,ITG14,agrigento,0,eligible_voters,383234
1273,2004_06_12,european,ITG14,agrigento,1,issued_ballots,223598
1274,2004_06_12,european,ITG14,agrigento,2,ap_udeur,16223
1275,2004_06_12,european,ITG14,agrigento,2,verdi,388
1276,2004_06_12,european,ITG14,agrigento,2,ala,202
1277,2004_06_12,european,ITG14,agrigento,2,an,13726
1278,2004_06_12,european,ITG14,agrigento,2,as,1793
1279,2004_06_12,european,ITG14,agrigento,2,ci,2350
1280,2004_06_12,european,ITG14,agrigento,2,idv_occhetto,3301
1281,2004_06_12,european,ITG14,agrigento,2,verdi2,6194
1282,2004_06_12,european,ITG14,agrigento,2,ft,777
1283,2004_06_12,european,ITG14,agrigento,2,fi,37864
1284,2004_06_12,european,ITG14,agrigento,2,lega,646
1285,2004_06_12,european,ITG14,agrigento,2,lc,1469
1286,2004_06_12,european,ITG14,agrigento,2,bonino,1978
1287,2004_06_12,european,ITG14,agrigento,2,pss,307
1288,2004_06_12,european,ITG14,agrigento,2,pn,922
1289,2004_06_12,european,ITG14,agrigento,2,pp,889
1290,2004_06_12,european,ITG14,agrigento,2,pri,1427
1291,2004_06_12,european,ITG14,agrigento,2,rc,5636
1292,2004_06_12,european,ITG14,agrigento,2,su,8700
1293,2004_06_12,european,ITG14,agrigento,2,udc,37460
1294,2004_06_12,european,ITG14,agrigento,2,ulivo,53946
1295,2004_06_12,european,ITG15,caltanissetta,0,eligible_voters,231798
1296,2004_06_12,european,ITG15,caltanissetta,1,issued_ballots,141540
1297,2004_06_12,european,ITG15,caltanissetta,2,ap_udeur,6718
1298,2004_06_12,european,ITG15,caltanissetta,2,verdi,258
1299,2004_06_12,european,ITG15,caltanissetta,2,ala,214
1300,2004_06_12,european,ITG15,caltanissetta,2,an,12285
1301,2004_06_12,european,ITG15,caltanissetta,2,as,833
1302,2004_06_12,european,ITG15,caltanissetta,2,ci,7938
1303,2004_06_12,european,ITG15,caltanissetta,2,idv_occhetto,4703
1304,2004_06_12,european,ITG15,caltanissetta,2,verdi2,1406
1305,2004_06_12,european,ITG15,caltanissetta,2,ft,582
1306,2004_06_12,european,ITG15,caltanissetta,2,fi,26181
1307,2004_06_12,european,ITG15,caltanissetta,2,lega,1557
1308,2004_06_12,european,ITG15,caltanissetta,2,lc,1065
1309,2004_06_12,european,ITG15,caltanissetta,2,bonino,1265
1310,2004_06_12,european,ITG15,caltanissetta,2,pss,252
1311,2004_06_12,european,ITG15,caltanissetta,2,pn,1298
1312,2004_06_12,european,ITG15,caltanissetta,2,pp,757
1313,2004_06_12,european,ITG15,caltanissetta,2,pri,455
1314,2004_06_12,european,ITG15,caltanissetta,2,rc,5493
1315,2004_06_12,european,ITG15,caltanissetta,2,su,2973
1316,2004_06_12,european,ITG15,caltanissetta,2,udc,13173
1317,2004_06_12,european,ITG15,caltanissetta,2,ulivo,33031
1318,2004_06_12,european,ITG17,catania,0,eligible_voters,871953
1319,2004_06_12,european,ITG17,catania,1,issued_ballots,555521
1320,2004_06_12,european,ITG17,catania,2,ap_udeur,5944
1321,2004_06_12,european,ITG17,catania,2,verdi,1130
1322,2004_06_12,european,ITG17,catania,2,ala,671
1323,2004_06_12,european,ITG17,catania,2,an,104800
1324,2004_06_12,european,ITG17,catania,2,as,7295
1325,2004_06_12,european,ITG17,catania,2,ci,7088
1326,2004_06_12,european,ITG17,catania,2,idv_occhetto,9248
1327,2004_06_12,european,ITG17,catania,2,verdi2,5440
1328,2004_06_12,european,ITG17,catania,2,ft,5212
1329,2004_06_12,european,ITG17,catania,2,fi,103754
1330,2004_06_12,european,ITG17,catania,2,lega,654
1331,2004_06_12,european,ITG17,catania,2,lc,6712
1332,2004_06_12,european,ITG17,catania,2,bonino,7175
1333,2004_06_12,european,ITG17,catania,2,pss,1445
1334,2004_06_12,european,ITG17,catania,2,pn,2336
1335,2004_06_12,european,ITG17,catania,2,pp,2906
1336,2004_06_12,european,ITG17,catania,2,pri,2206
1337,2004_06_12,european,ITG17,catania,2,rc,16437
1338,2004_06_12,european,ITG17,catania,2,su,6948
1339,2004_06_12,european,ITG17,catania,2,udc,65563
1340,2004_06_12,european,ITG17,catania,2,ulivo,130383
1341,2004_06_12,european,ITG18,ragusa,0,eligible_voters,244466
1342,2004_06_12,european,ITG18,ragusa,1,issued_ballots,154207
1343,2004_06_12,european,ITG18,ragusa,2,ap_udeur,703
1344,2004_06_12,european,ITG18,ragusa,2,verdi,156
1345,2004_06_12,european,ITG18,ragusa,2,ala,70
1346,2004_06_12,european,ITG18,ragusa,2,an,9341
1347,2004_06_12,european,ITG18,ragusa,2,as,1174
1348,2004_06_12,european,ITG18,ragusa,2,ci,1954
1349,2004_06_12,european,ITG18,ragusa,2,idv_occhetto,1762
1350,2004_06_12,european,ITG18,ragusa,2,verdi2,1162
1351,2004_06_12,european,ITG18,ragusa,2,ft,417
1352,2004_06_12,european,ITG18,ragusa,2,fi,28480
1353,2004_06_12,european,ITG18,ragusa,2,lega,130
1354,2004_06_12,european,ITG18,ragusa,2,lc,980
1355,2004_06_12,european,ITG18,ragusa,2,bonino,1544
1356,2004_06_12,european,ITG18,ragusa,2,pss,167
1357,2004_06_12,european,ITG18,ragusa,2,pn,377
1358,2004_06_12,european,ITG18,ragusa,2,pp,561
1359,2004_06_12,european,ITG18,ragusa,2,pri,1581
1360,2004_06_12,european,ITG18,ragusa,2,rc,3763
1361,2004_06_12,european,ITG18,ragusa,2,su,820
1362,2004_06_12,european,ITG18,ragusa,2,udc,22218
1363,2004_06_12,european,ITG18,ragusa,2,ulivo,47203
1364,2004_06_12,european,ITG19,siracusa,0,eligible_voters,341869
1365,2004_06_12,european,ITG19,siracusa,1,issued_ballots,212667
1366,2004_06_12,european,ITG19,siracusa,2,ap_udeur,7939
1367,2004_06_12,european,ITG19,siracusa,2,verdi,432
1368,2004_06_12,european,ITG19,siracusa,2,ala,123
1369,2004_06_12,european,ITG19,siracusa,2,an,27224
1370,2004_06_12,european,ITG19,siracusa,2,as,2792
1371,2004_06_12,european,ITG19,siracusa,2,ci,3507
1372,2004_06_12,european,ITG19,siracusa,2,idv_occhetto,4641
1373,2004_06_12,european,ITG19,siracusa,2,verdi2,1941
1374,2004_06_12,european,ITG19,siracusa,2,ft,1058
1375,2004_06_12,european,ITG19,siracusa,2,fi,29512
1376,2004_06_12,european,ITG19,siracusa,2,lega,185
1377,2004_06_12,european,ITG19,siracusa,2,lc,1883
1378,2004_06_12,european,ITG19,siracusa,2,bonino,2219
1379,2004_06_12,european,ITG19,siracusa,2,pss,1202
1380,2004_06_12,european,ITG19,siracusa,2,pn,4909
1381,2004_06_12,european,ITG19,siracusa,2,pp,1181
1382,2004_06_12,european,ITG19,siracusa,2,pri,918
1383,2004_06_12,european,ITG19,siracusa,2,rc,6823
1384,2004_06_12,european,ITG19,siracusa,2,su,2094
1385,2004_06_12,european,ITG19,siracusa,2,udc,21516
1386,2004_06_12,european,ITG19,siracusa,2,ulivo,63081
1387,2004_06_12,european,ITG2D,sassari,0,eligible_voters,398604
1388,2004_06_12,european,ITG2D,sassari,1,issued_ballots,300112
1389,2004_06_12,european,ITG2D,sassari,2,ap_udeur,6177
1390,2004_06_12,european,ITG2D,sassari,2,verdi,958
1391,2004_06_12,european,ITG2D,sassari,2,ala,4160
1392,2004_06_12,european,ITG2D,sassari,2,an,28221
1393,2004_06_12,european,ITG2D,sassari,2,as,2598
1394,2004_06_12,european,ITG2D,sassari,2,ci,9899
1395,2004_06_12,european,ITG2D,sassari,2,idv_occhetto,7481
1396,2004_06_12,european,ITG2D,sassari,2,verdi2,4280
1397,2004_06_12,european,ITG2D,sassari,2,ft,1170
1398,2004_06_12,european,ITG2D,sassari,2,fi,58195
1399,2004_06_12,european,ITG2D,sassari,2,lega,412
1400,2004_06_12,european,ITG2D,sassari,2,lc,2324
1401,2004_06_12,european,ITG2D,sassari,2,bonino,6441
1402,2004_06_12,european,ITG2D,sassari,2,pss,28047
1403,2004_06_12,european,ITG2D,sassari,2,pn,273
1404,2004_06_12,european,ITG2D,sassari,2,pp,2724
1405,2004_06_12,european,ITG2D,sassari,2,pri,1153
1406,2004_06_12,european,ITG2D,sassari,2,rc,15212
1407,2004_06_12,european,ITG2D,sassari,2,su,6338
1408,2004_06_12,european,ITG2D,sassari,2,udc,12991
1409,2004_06_12,european,ITG2D,sassari,2,ulivo,59952
1410,2004_06_12,european,ITG2E,nuoro,0,eligible_voters,203951
1411,2004_06_12,european,ITG2E,nuoro,1,issued_ballots,154275
1412,2004_06_12,european,ITG2E,nuoro,2,ap_udeur,732
1413,2004_06_12,european,ITG2E,nuoro,2,verdi,555
1414,2004_06_12,european,ITG2E,nuoro,2,ala,3949
1415,2004_06_12,european,ITG2E,nuoro,2,an,13661
1416,2004_06_12,european,ITG2E,nuoro,2,as,1106
1417,2004_06_12,european,ITG2E,nuoro,2,ci,6108
1418,2004_06_12,european,ITG2E,nuoro,2,idv_occhetto,3745
1419,2004_06_12,european,ITG2E,nuoro,2,verdi2,2238
1420,2004_06_12,european,ITG2E,nuoro,2,ft,522
1421,2004_06_12,european,ITG2E,nuoro,2,fi,24215
1422,2004_06_12,european,ITG2E,nuoro,2,lega,234
1423,2004_06_12,european,ITG2E,nuoro,2,lc,821
1424,2004_06_12,european,ITG2E,nuoro,2,bonino,2188
1425,2004_06_12,european,ITG2E,nuoro,2,pss,7769
1426,2004_06_12,european,ITG2E,nuoro,2,pn,157
1427,2004_06_12,european,ITG2E,nuoro,2,pp,1331
1428,2004_06_12,european,ITG2E,nuoro,2,pri,567
1429,2004_06_12,european,ITG2E,nuoro,2,rc,11258
1430,2004_06_12,european,ITG2E,nuoro,2,su,4287
1431,2004_06_12,european,ITG2E,nuoro,2,udc,7776
1432,2004_06_12,european,ITG2E,nuoro,2,ulivo,36577
1433,2004_06_12,european,ITG2F,cagliari,0,eligible_voters,350860
1434,2004_06_12,european,ITG2F,cagliari,1,issued_ballots,255719
1435,2004_06_12,european,ITG2F,cagliari,2,ap_udeur,932
1436,2004_06_12,european,ITG2F,cagliari,2,verdi,965
1437,2004_06_12,european,ITG2F,cagliari,2,ala,1410
1438,2004_06_12,european,ITG2F,cagliari,2,an,38574
1439,2004_06_12,european,ITG2F,cagliari,2,as,2315
1440,2004_06_12,european,ITG2F,cagliari,2,ci,10182
1441,2004_06_12,european,ITG2F,cagliari,2,idv_occhetto,7173
1442,2004_06_12,european,ITG2F,cagliari,2,verdi2,5799
1443,2004_06_12,european,ITG2F,cagliari,2,ft,911
1444,2004_06_12,european,ITG2F,cagliari,2,fi,53853
1445,2004_06_12,european,ITG2F,cagliari,2,lega,200
1446,2004_06_12,european,ITG2F,cagliari,2,lc,1864
1447,2004_06_12,european,ITG2F,cagliari,2,bonino,8538
1448,2004_06_12,european,ITG2F,cagliari,2,pss,13706
1449,2004_06_12,european,ITG2F,cagliari,2,pn,259
1450,2004_06_12,european,ITG2F,cagliari,2,pp,1813
1451,2004_06_12,european,ITG2F,cagliari,2,pri,1231
1452,2004_06_12,european,ITG2F,cagliari,2,rc,16474
1453,2004_06_12,european,ITG2F,cagliari,2,su,4113
1454,2004_06_12,european,ITG2F,cagliari,2,udc,11144
1455,2004_06_12,european,ITG2F,cagliari,2,ulivo,47390
1456,2004_06_12,european,ITG2G,oristano,0,eligible_voters,142436
1457,2004_06_12,european,ITG2G,oristano,1,issued_ballots,105426
1458,2004_06_12,european,ITG2G,oristano,2,ap_udeur,742
1459,2004_06_12,european,ITG2G,oristano,2,verdi,309
1460,2004_06_12,european,ITG2G,oristano,2,ala,1566
1461,2004_06_12,european,ITG2G,oristano,2,an,12619
1462,2004_06_12,european,ITG2G,oristano,2,as,1022
1463,2004_06_12,european,ITG2G,oristano,2,ci,2921
1464,2004_06_12,european,ITG2G,oristano,2,idv_occhetto,1916
1465,2004_06_12,european,ITG2G,oristano,2,verdi2,1366
1466,2004_06_12,european,ITG2G,oristano,2,ft,489
1467,2004_06_12,european,ITG2G,oristano,2,fi,21352
1468,2004_06_12,european,ITG2G,oristano,2,lega,171
1469,2004_06_12,european,ITG2G,oristano,2,lc,759
1470,2004_06_12,european,ITG2G,oristano,2,bonino,1887
1471,2004_06_12,european,ITG2G,oristano,2,pss,7685
1472,2004_06_12,european,ITG2G,oristano,2,pn,105
1473,2004_06_12,european,ITG2G,oristano,2,pp,1077
1474,2004_06_12,european,ITG2G,oristano,2,pri,574
1475,2004_06_12,european,ITG2G,oristano,2,rc,5592
1476,2004_06_12,european,ITG2G,oristano,2,su,2067
1477,2004_06_12,european,ITG2G,oristano,2,udc,5270
1478,2004_06_12,european,ITG2G,oristano,2,ulivo,19465
1479,2004_06_12,european,ITG2H,sud sardegna,0,eligible_voters,309207
1480,2004_06_12,european,ITG2H,sud sardegna,1,issued_ballots,230785
1481,2004_06_12,european,ITG2H,sud sardegna,2,ap_udeur,1537
1482,2004_06_12,european,ITG2H,sud sardegna,2,verdi,1389
1483,2004_06_12,european,ITG2H,sud sardegna,2,ala,3908
1484,2004_06_12,european,ITG2H,sud sardegna,2,an,40731
1485,2004_06_12,european,ITG2H,sud sardegna,2,as,3298
1486,2004_06_12,european,ITG2H,sud sardegna,2,ci,17389
1487,2004_06_12,european,ITG2H,sud sardegna,2,idv_occhetto,7985
1488,2004_06_12,european,ITG2H,sud sardegna,2,verdi2,5641
1489,2004_06_12,european,ITG2H,sud sardegna,2,ft,1714
1490,2004_06_12,european,ITG2H,sud sardegna,2,fi,77542
1491,2004_06_12,european,ITG2H,sud sardegna,2,lega,567
1492,2004_06_12,european,ITG2H,sud sardegna,2,lc,2870
1493,2004_06_12,european,ITG2H,sud sardegna,2,bonino,7302
1494,2004_06_12,european,ITG2H,sud sardegna,2,pss,18631
1495,2004_06_12,european,ITG2H,sud sardegna,2,pn,857
1496,2004_06_12,european,ITG2H,sud sardegna,2,pp,3758
1497,2004_06_12,european,ITG2H,sud sardegna,2,pri,2141
1498,2004_06_12,european,ITG2H,sud sardegna,2,rc,35413
1499,2004_06_12,european,ITG2H,sud sardegna,2,su,10845
1500,2004_06_12,european,ITG2H,sud sardegna,2,udc,42754
1501,2004_06_12,european,ITG2H,sud sardegna,2,ulivo,94988
1502,2004_06_12,european,ITH10,bolzano,0,eligible_voters,357650
1503,2004_06_12,european,ITH10,bolzano,1,issued_ballots,257120
1504,2004_06_12,european,ITH10,bolzano,2,ap_udeur,278
1505,2004_06_12,european,ITH10,bolzano,2,verdi,2446
1506,2004_06_12,european,ITH10,bolzano,2,ala,15123
1507,2004_06_12,european,ITH10,bolzano,2,an,17470
1508,2004_06_12,european,ITH10,bolzano,2,as,932
1509,2004_06_12,european,ITH10,bolzano,2,ci,1112
1510,2004_06_12,european,ITH10,bolzano,2,idv_occhetto,1449
1511,2004_06_12,european,ITH10,bolzano,2,verdi2,31455
1512,2004_06_12,european,ITH10,bolzano,2,ft,480
1513,2004_06_12,european,ITH10,bolzano,2,fi,16807
1514,2004_06_12,european,ITH10,bolzano,2,lega,1840
1515,2004_06_12,european,ITH10,bolzano,2,bonino,2727
1516,2004_06_12,european,ITH10,bolzano,2,mis,198
1517,2004_06_12,european,ITH10,bolzano,2,pss,109
1518,2004_06_12,european,ITH10,bolzano,2,pn,43
1519,2004_06_12,european,ITH10,bolzano,2,pp,873
1520,2004_06_12,european,ITH10,bolzano,2,pri,394
1521,2004_06_12,european,ITH10,bolzano,2,rc,2516
1522,2004_06_12,european,ITH10,bolzano,2,su,413
1523,2004_06_12,european,ITH10,bolzano,2,svp,112285
1524,2004_06_12,european,ITH10,bolzano,2,udc,1058
1525,2004_06_12,european,ITH10,bolzano,2,ulivo,32297
1526,2004_06_12,european,ITH20,trento,0,eligible_voters,400643
1527,2004_06_12,european,ITH20,trento,1,issued_ballots,265297
1528,2004_06_12,european,ITH20,trento,2,ap_udeur,365
1529,2004_06_12,european,ITH20,trento,2,verdi,1118
1530,2004_06_12,european,ITH20,trento,2,ala,1343
1531,2004_06_12,european,ITH20,trento,2,an,16160
1532,2004_06_12,european,ITH20,trento,2,as,2103
1533,2004_06_12,european,ITH20,trento,2,ci,2600
1534,2004_06_12,european,ITH20,trento,2,idv_occhetto,5470
1535,2004_06_12,european,ITH20,trento,2,verdi2,8788
1536,2004_06_12,european,ITH20,trento,2,ft,618
1537,2004_06_12,european,ITH20,trento,2,fi,57627
1538,2004_06_12,european,ITH20,trento,2,lega,15916
1539,2004_06_12,european,ITH20,trento,2,lc,8
1540,2004_06_12,european,ITH20,trento,2,bonino,6143
1541,2004_06_12,european,ITH20,trento,2,mis,246
1542,2004_06_12,european,ITH20,trento,2,ne,11
1543,2004_06_12,european,ITH20,trento,2,pss,368
1544,2004_06_12,european,ITH20,trento,2,pn,200
1545,2004_06_12,european,ITH20,trento,2,pp,3141
1546,2004_06_12,european,ITH20,trento,2,pri,2168
1547,2004_06_12,european,ITH20,trento,2,rc,8921
1548,2004_06_12,european,ITH20,trento,2,su,1312
1549,2004_06_12,european,ITH20,trento,2,svp,9505
1550,2004_06_12,european,ITH20,trento,2,udc,11535
1551,2004_06_12,european,ITH20,trento,2,ulivo,93907
1552,2004_06_12,european,ITH20,trento,2,uv,0
1553,2004_06_12,european,ITH31,verona,0,eligible_voters,687907
1554,2004_06_12,european,ITH31,verona,1,issued_ballots,530801
1555,2004_06_12,european,ITH31,verona,2,ap_udeur,4671
1556,2004_06_12,european,ITH31,verona,2,verdi,3247
1557,2004_06_12,european,ITH31,verona,2,ala,3346
1558,2004_06_12,european,ITH31,verona,2,an,55089
1559,2004_06_12,european,ITH31,verona,2,as,9908
1560,2004_06_12,european,ITH31,verona,2,ci,5364
1561,2004_06_12,european,ITH31,verona,2,idv_occhetto,9935
1562,2004_06_12,european,ITH31,verona,2,verdi2,12142
1563,2004_06_12,european,ITH31,verona,2,ft,2253
1564,2004_06_12,european,ITH31,verona,2,fi,126883
1565,2004_06_12,european,ITH31,verona,2,lega,72026
1566,2004_06_12,european,ITH31,verona,2,bonino,13059
1567,2004_06_12,european,ITH31,verona,2,mis,667
1568,2004_06_12,european,ITH31,verona,2,pss,1341
1569,2004_06_12,european,ITH31,verona,2,pn,351
1570,2004_06_12,european,ITH31,verona,2,pp,5308
1571,2004_06_12,european,ITH31,verona,2,pri,2030
1572,2004_06_12,european,ITH31,verona,2,rc,16026
1573,2004_06_12,european,ITH31,verona,2,su,6099
1574,2004_06_12,european,ITH31,verona,2,svp,1398
1575,2004_06_12,european,ITH31,verona,2,udc,27747
1576,2004_06_12,european,ITH31,verona,2,ulivo,116497
1577,2004_06_12,european,ITH32,vicenza,0,eligible_voters,657548
1578,2004_06_12,european,ITH32,vicenza,1,issued_ballots,514899
1579,2004_06_12,european,ITH32,vicenza,2,ap_udeur,2973
1580,2004_06_12,european,ITH32,vicenza,2,verdi,2336
1581,2004_06_12,european,ITH32,vicenza,2,ala,3732
1582,2004_06_12,european,ITH32,vicenza,2,an,48264
1583,2004_06_12,european,ITH32,vicenza,2,as,5483
1584,2004_06_12,european,ITH32,vicenza,2,ci,5466
1585,2004_06_12,european,ITH32,vicenza,2,idv_occhetto,8862
1586,2004_06_12,european,ITH32,vicenza,2,verdi2,13115
1587,2004_06_12,european,ITH32,vicenza,2,ft,2059
1588,2004_06_12,european,ITH32,vicenza,2,fi,124901
1589,2004_06_12,european,ITH32,vicenza,2,lega,84636
1590,2004_06_12,european,ITH32,vicenza,2,bonino,13056
1591,2004_06_12,european,ITH32,vicenza,2,mis,664
1592,2004_06_12,european,ITH32,vicenza,2,pss,1988
1593,2004_06_12,european,ITH32,vicenza,2,pn,389
1594,2004_06_12,european,ITH32,vicenza,2,pp,5972
1595,2004_06_12,european,ITH32,vicenza,2,pri,1732
1596,2004_06_12,european,ITH32,vicenza,2,rc,13700
1597,2004_06_12,european,ITH32,vicenza,2,su,3152
1598,2004_06_12,european,ITH32,vicenza,2,svp,1072
1599,2004_06_12,european,ITH32,vicenza,2,udc,20207
1600,2004_06_12,european,ITH32,vicenza,2,ulivo,121407
1601,2004_06_12,european,ITH33,belluno,0,eligible_voters,191918
1602,2004_06_12,european,ITH33,belluno,1,issued_ballots,129895
1603,2004_06_12,european,ITH33,belluno,2,ap_udeur,176
1604,2004_06_12,european,ITH33,belluno,2,verdi,582
1605,2004_06_12,european,ITH33,belluno,2,ala,1301
1606,2004_06_12,european,ITH33,belluno,2,an,8970
1607,2004_06_12,european,ITH33,belluno,2,as,1176
1608,2004_06_12,european,ITH33,belluno,2,ci,2313
1609,2004_06_12,european,ITH33,belluno,2,idv_occhetto,2569
1610,2004_06_12,european,ITH33,belluno,2,verdi2,2594
1611,2004_06_12,european,ITH33,belluno,2,ft,716
1612,2004_06_12,european,ITH33,belluno,2,fi,26869
1613,2004_06_12,european,ITH33,belluno,2,lega,18704
1614,2004_06_12,european,ITH33,belluno,2,bonino,3767
1615,2004_06_12,european,ITH33,belluno,2,mis,170
1616,2004_06_12,european,ITH33,belluno,2,pss,695
1617,2004_06_12,european,ITH33,belluno,2,pn,128
1618,2004_06_12,european,ITH33,belluno,2,pp,1831
1619,2004_06_12,european,ITH33,belluno,2,pri,615
1620,2004_06_12,european,ITH33,belluno,2,rc,5109
1621,2004_06_12,european,ITH33,belluno,2,su,2747
1622,2004_06_12,european,ITH33,belluno,2,svp,859
1623,2004_06_12,european,ITH33,belluno,2,udc,5061
1624,2004_06_12,european,ITH33,belluno,2,ulivo,31782
1625,2004_06_12,european,ITH34,treviso,0,eligible_voters,699257
1626,2004_06_12,european,ITH34,treviso,1,issued_ballots,504659
1627,2004_06_12,european,ITH34,treviso,2,ap_udeur,629
1628,2004_06_12,european,ITH34,treviso,2,verdi,2337
1629,2004_06_12,european,ITH34,treviso,2,ala,3531
1630,2004_06_12,european,ITH34,treviso,2,an,34530
1631,2004_06_12,european,ITH34,treviso,2,as,5932
1632,2004_06_12,european,ITH34,treviso,2,ci,5296
1633,2004_06_12,european,ITH34,treviso,2,idv_occhetto,10270
1634,2004_06_12,european,ITH34,treviso,2,verdi2,11599
1635,2004_06_12,european,ITH34,treviso,2,ft,1839
1636,2004_06_12,european,ITH34,treviso,2,fi,109874
1637,2004_06_12,european,ITH34,treviso,2,lega,111401
1638,2004_06_12,european,ITH34,treviso,2,bonino,13308
1639,2004_06_12,european,ITH34,treviso,2,mis,609
1640,2004_06_12,european,ITH34,treviso,2,pss,1296
1641,2004_06_12,european,ITH34,treviso,2,pn,546
1642,2004_06_12,european,ITH34,treviso,2,pp,6195
1643,2004_06_12,european,ITH34,treviso,2,pri,2244
1644,2004_06_12,european,ITH34,treviso,2,rc,13241
1645,2004_06_12,european,ITH34,treviso,2,su,3659
1646,2004_06_12,european,ITH34,treviso,2,svp,834
1647,2004_06_12,european,ITH34,treviso,2,udc,17168
1648,2004_06_12,european,ITH34,treviso,2,ulivo,121340
1649,2004_06_12,european,ITH35,venezia,0,eligible_voters,694689
1650,2004_06_12,european,ITH35,venezia,1,issued_ballots,515923
1651,2004_06_12,european,ITH35,venezia,2,ap_udeur,883
1652,2004_06_12,european,ITH35,venezia,2,verdi,3664
1653,2004_06_12,european,ITH35,venezia,2,ala,2263
1654,2004_06_12,european,ITH35,venezia,2,an,35381
1655,2004_06_12,european,ITH35,venezia,2,as,4433
1656,2004_06_12,european,ITH35,venezia,2,ci,11896
1657,2004_06_12,european,ITH35,venezia,2,idv_occhetto,12664
1658,2004_06_12,european,ITH35,venezia,2,verdi2,18373
1659,2004_06_12,european,ITH35,venezia,2,ft,2539
1660,2004_06_12,european,ITH35,venezia,2,fi,113694
1661,2004_06_12,european,ITH35,venezia,2,lega,39868
1662,2004_06_12,european,ITH35,venezia,2,bonino,13390
1663,2004_06_12,european,ITH35,venezia,2,mis,575
1664,2004_06_12,european,ITH35,venezia,2,pss,1032
1665,2004_06_12,european,ITH35,venezia,2,pn,448
1666,2004_06_12,european,ITH35,venezia,2,pp,7597
1667,2004_06_12,european,ITH35,venezia,2,pri,2537
1668,2004_06_12,european,ITH35,venezia,2,rc,31323
1669,2004_06_12,european,ITH35,venezia,2,su,11144
1670,2004_06_12,european,ITH35,venezia,2,svp,1478
1671,2004_06_12,european,ITH35,venezia,2,udc,19100
1672,2004_06_12,european,ITH35,venezia,2,ulivo,147539
1673,2004_06_12,european,ITH36,padova,0,eligible_voters,718907
1674,2004_06_12,european,ITH36,padova,1,issued_ballots,583558
1675,2004_06_12,european,ITH36,padova,2,ap_udeur,1370
1676,2004_06_12,european,ITH36,padova,2,verdi,3208
1677,2004_06_12,european,ITH36,padova,2,ala,2739
1678,2004_06_12,european,ITH36,padova,2,an,47610
1679,2004_06_12,european,ITH36,padova,2,as,6035
1680,2004_06_12,european,ITH36,padova,2,ci,8439
1681,2004_06_12,european,ITH36,padova,2,idv_occhetto,11525
1682,2004_06_12,european,ITH36,padova,2,verdi2,16665
1683,2004_06_12,european,ITH36,padova,2,ft,2485
1684,2004_06_12,european,ITH36,padova,2,fi,141331
1685,2004_06_12,european,ITH36,padova,2,lega,53480
1686,2004_06_12,european,ITH36,padova,2,bonino,17085
1687,2004_06_12,european,ITH36,padova,2,mis,648
1688,2004_06_12,european,ITH36,padova,2,pss,1815
1689,2004_06_12,european,ITH36,padova,2,pn,401
1690,2004_06_12,european,ITH36,padova,2,pp,6192
1691,2004_06_12,european,ITH36,padova,2,pri,3116
1692,2004_06_12,european,ITH36,padova,2,rc,17948
1693,2004_06_12,european,ITH36,padova,2,su,6936
1694,2004_06_12,european,ITH36,padova,2,svp,1937
1695,2004_06_12,european,ITH36,padova,2,udc,41888
1696,2004_06_12,european,ITH36,padova,2,ulivo,149926
1697,2004_06_12,european,ITH37,rovigo,0,eligible_voters,180002
1698,2004_06_12,european,ITH37,rovigo,1,issued_ballots,144568
1699,2004_06_12,european,ITH37,rovigo,2,ap_udeur,497
1700,2004_06_12,european,ITH37,rovigo,2,verdi,863
1701,2004_06_12,european,ITH37,rovigo,2,ala,571
1702,2004_06_12,european,ITH37,rovigo,2,an,14866
1703,2004_06_12,european,ITH37,rovigo,2,as,1450
1704,2004_06_12,european,ITH37,rovigo,2,ci,3708
1705,2004_06_12,european,ITH37,rovigo,2,idv_occhetto,1997
1706,2004_06_12,european,ITH37,rovigo,2,verdi2,2882
1707,2004_06_12,european,ITH37,rovigo,2,ft,999
1708,2004_06_12,european,ITH37,rovigo,2,fi,29520
1709,2004_06_12,european,ITH37,rovigo,2,lega,7837
1710,2004_06_12,european,ITH37,rovigo,2,bonino,2970
1711,2004_06_12,european,ITH37,rovigo,2,mis,222
1712,2004_06_12,european,ITH37,rovigo,2,pss,321
1713,2004_06_12,european,ITH37,rovigo,2,pn,180
1714,2004_06_12,european,ITH37,rovigo,2,pp,1333
1715,2004_06_12,european,ITH37,rovigo,2,pri,1092
1716,2004_06_12,european,ITH37,rovigo,2,rc,9602
1717,2004_06_12,european,ITH37,rovigo,2,su,4624
1718,2004_06_12,european,ITH37,rovigo,2,svp,446
1719,2004_06_12,european,ITH37,rovigo,2,udc,6842
1720,2004_06_12,european,ITH37,rovigo,2,ulivo,39299
1721,2004_06_12,european,ITH41,pordenone,0,eligible_voters,253952
1722,2004_06_12,european,ITH41,pordenone,1,issued_ballots,181711
1723,2004_06_12,european,ITH41,pordenone,2,ap_udeur,267
1724,2004_06_12,european,ITH41,pordenone,2,verdi,859
1725,2004_06_12,european,ITH41,pordenone,2,ala,1052
1726,2004_06_12,european,ITH41,pordenone,2,an,15944
1727,2004_06_12,european,ITH41,pordenone,2,as,1829
1728,2004_06_12,european,ITH41,pordenone,2,ci,2607
1729,2004_06_12,european,ITH41,pordenone,2,idv_occhetto,3420
1730,2004_06_12,european,ITH41,pordenone,2,verdi2,3031
1731,2004_06_12,european,ITH41,pordenone,2,ft,875
1732,2004_06_12,european,ITH41,pordenone,2,fi,46256
1733,2004_06_12,european,ITH41,pordenone,2,lega,21160
1734,2004_06_12,european,ITH41,pordenone,2,bonino,5525
1735,2004_06_12,european,ITH41,pordenone,2,mis,254
1736,2004_06_12,european,ITH41,pordenone,2,pss,321
1737,2004_06_12,european,ITH41,pordenone,2,pn,146
1738,2004_06_12,european,ITH41,pordenone,2,pp,3193
1739,2004_06_12,european,ITH41,pordenone,2,pri,872
1740,2004_06_12,european,ITH41,pordenone,2,rc,7231
1741,2004_06_12,european,ITH41,pordenone,2,su,2974
1742,2004_06_12,european,ITH41,pordenone,2,svp,658
1743,2004_06_12,european,ITH41,pordenone,2,udc,6523
1744,2004_06_12,european,ITH41,pordenone,2,ulivo,43322
1745,2004_06_12,european,ITH42,udine,0,eligible_voters,466585
1746,2004_06_12,european,ITH42,udine,1,issued_ballots,336104
1747,2004_06_12,european,ITH42,udine,2,ap_udeur,1707
1748,2004_06_12,european,ITH42,udine,2,verdi,1364
1749,2004_06_12,european,ITH42,udine,2,ala,2089
1750,2004_06_12,european,ITH42,udine,2,an,38374
1751,2004_06_12,european,ITH42,udine,2,as,4352
1752,2004_06_12,european,ITH42,udine,2,ci,5137
1753,2004_06_12,european,ITH42,udine,2,idv_occhetto,5262
1754,2004_06_12,european,ITH42,udine,2,verdi2,5996
1755,2004_06_12,european,ITH42,udine,2,ft,2279
1756,2004_06_12,european,ITH42,udine,2,fi,71487
1757,2004_06_12,european,ITH42,udine,2,lega,31587
1758,2004_06_12,european,ITH42,udine,2,bonino,10080
1759,2004_06_12,european,ITH42,udine,2,mis,659
1760,2004_06_12,european,ITH42,udine,2,pss,800
1761,2004_06_12,european,ITH42,udine,2,pn,533
1762,2004_06_12,european,ITH42,udine,2,pp,5921
1763,2004_06_12,european,ITH42,udine,2,pri,1918
1764,2004_06_12,european,ITH42,udine,2,rc,13848
1765,2004_06_12,european,ITH42,udine,2,su,3948
1766,2004_06_12,european,ITH42,udine,2,svp,896
1767,2004_06_12,european,ITH42,udine,2,udc,13113
1768,2004_06_12,european,ITH42,udine,2,ulivo,92022
1769,2004_06_12,european,ITH43,gorizia,0,eligible_voters,120784
1770,2004_06_12,european,ITH43,gorizia,1,issued_ballots,88572
1771,2004_06_12,european,ITH43,gorizia,2,ap_udeur,162
1772,2004_06_12,european,ITH43,gorizia,2,verdi,482
1773,2004_06_12,european,ITH43,gorizia,2,ala,297
1774,2004_06_12,european,ITH43,gorizia,2,an,8539
1775,2004_06_12,european,ITH43,gorizia,2,as,1079
1776,2004_06_12,european,ITH43,gorizia,2,ci,2251
1777,2004_06_12,european,ITH43,gorizia,2,idv_occhetto,1550
1778,2004_06_12,european,ITH43,gorizia,2,verdi2,2240
1779,2004_06_12,european,ITH43,gorizia,2,ft,461
1780,2004_06_12,european,ITH43,gorizia,2,fi,15897
1781,2004_06_12,european,ITH43,gorizia,2,lega,3770
1782,2004_06_12,european,ITH43,gorizia,2,bonino,2508
1783,2004_06_12,european,ITH43,gorizia,2,mis,119
1784,2004_06_12,european,ITH43,gorizia,2,pss,155
1785,2004_06_12,european,ITH43,gorizia,2,pn,105
1786,2004_06_12,european,ITH43,gorizia,2,pp,2196
1787,2004_06_12,european,ITH43,gorizia,2,pri,503
1788,2004_06_12,european,ITH43,gorizia,2,rc,5706
1789,2004_06_12,european,ITH43,gorizia,2,su,852
1790,2004_06_12,european,ITH43,gorizia,2,svp,1244
1791,2004_06_12,european,ITH43,gorizia,2,udc,2358
1792,2004_06_12,european,ITH43,gorizia,2,ulivo,31800
1793,2004_06_12,european,ITH44,trieste,0,eligible_voters,213874
1794,2004_06_12,european,ITH44,trieste,1,issued_ballots,130255
1795,2004_06_12,european,ITH44,trieste,2,ap_udeur,194
1796,2004_06_12,european,ITH44,trieste,2,verdi,463
1797,2004_06_12,european,ITH44,trieste,2,ala,295
1798,2004_06_12,european,ITH44,trieste,2,an,19625
1799,2004_06_12,european,ITH44,trieste,2,as,2342
1800,2004_06_12,european,ITH44,trieste,2,ci,3312
1801,2004_06_12,european,ITH44,trieste,2,idv_occhetto,2199
1802,2004_06_12,european,ITH44,trieste,2,verdi2,3264
1803,2004_06_12,european,ITH44,trieste,2,ft,639
1804,2004_06_12,european,ITH44,trieste,2,fi,27645
1805,2004_06_12,european,ITH44,trieste,2,lega,2383
1806,2004_06_12,european,ITH44,trieste,2,bonino,4269
1807,2004_06_12,european,ITH44,trieste,2,mis,218
1808,2004_06_12,european,ITH44,trieste,2,pss,200
1809,2004_06_12,european,ITH44,trieste,2,pn,92
1810,2004_06_12,european,ITH44,trieste,2,pp,1997
1811,2004_06_12,european,ITH44,trieste,2,pri,699
1812,2004_06_12,european,ITH44,trieste,2,rc,8586
1813,2004_06_12,european,ITH44,trieste,2,su,1410
1814,2004_06_12,european,ITH44,trieste,2,svp,2069
1815,2004_06_12,european,ITH44,trieste,2,udc,2303
1816,2004_06_12,european,ITH44,trieste,2,ulivo,41387
1817,2004_06_12,european,ITH51,piacenza,0,eligible_voters,227277
1818,2004_06_12,european,ITH51,piacenza,1,issued_ballots,178521
1819,2004_06_12,european,ITH51,piacenza,2,ap_udeur,158
1820,2004_06_12,european,ITH51,piacenza,2,verdi,734
1821,2004_06_12,european,ITH51,piacenza,2,ala,1536
1822,2004_06_12,european,ITH51,piacenza,2,an,15883
1823,2004_06_12,european,ITH51,piacenza,2,as,2689
1824,2004_06_12,european,ITH51,piacenza,2,ci,4419
1825,2004_06_12,european,ITH51,piacenza,2,idv_occhetto,3742
1826,2004_06_12,european,ITH51,piacenza,2,verdi2,2573
1827,2004_06_12,european,ITH51,piacenza,2,ft,996
1828,2004_06_12,european,ITH51,piacenza,2,fi,43614
1829,2004_06_12,european,ITH51,piacenza,2,lega,12756
1830,2004_06_12,european,ITH51,piacenza,2,bonino,4839
1831,2004_06_12,european,ITH51,piacenza,2,mis,286
1832,2004_06_12,european,ITH51,piacenza,2,pss,495
1833,2004_06_12,european,ITH51,piacenza,2,pn,202
1834,2004_06_12,european,ITH51,piacenza,2,pp,4233
1835,2004_06_12,european,ITH51,piacenza,2,pri,1191
1836,2004_06_12,european,ITH51,piacenza,2,rc,11031
1837,2004_06_12,european,ITH51,piacenza,2,su,2061
1838,2004_06_12,european,ITH51,piacenza,2,svp,511
1839,2004_06_12,european,ITH51,piacenza,2,udc,4942
1840,2004_06_12,european,ITH51,piacenza,2,ulivo,45783
1841,2004_06_12,european,ITH52,parma,0,eligible_voters,341715
1842,2004_06_12,european,ITH52,parma,1,issued_ballots,266801
1843,2004_06_12,european,ITH52,parma,2,ap_udeur,524
1844,2004_06_12,european,ITH52,parma,2,verdi,984
1845,2004_06_12,european,ITH52,parma,2,ala,1044
1846,2004_06_12,european,ITH52,parma,2,an,18821
1847,2004_06_12,european,ITH52,parma,2,as,2536
1848,2004_06_12,european,ITH52,parma,2,ci,7652
1849,2004_06_12,european,ITH52,parma,2,idv_occhetto,4689
1850,2004_06_12,european,ITH52,parma,2,verdi2,5808
1851,2004_06_12,european,ITH52,parma,2,ft,1265
1852,2004_06_12,european,ITH52,parma,2,fi,58459
1853,2004_06_12,european,ITH52,parma,2,lega,15378
1854,2004_06_12,european,ITH52,parma,2,bonino,6344
1855,2004_06_12,european,ITH52,parma,2,mis,284
1856,2004_06_12,european,ITH52,parma,2,pss,715
1857,2004_06_12,european,ITH52,parma,2,pn,145
1858,2004_06_12,european,ITH52,parma,2,pp,2268
1859,2004_06_12,european,ITH52,parma,2,pri,1328
1860,2004_06_12,european,ITH52,parma,2,rc,18112
1861,2004_06_12,european,ITH52,parma,2,su,4442
1862,2004_06_12,european,ITH52,parma,2,svp,787
1863,2004_06_12,european,ITH52,parma,2,udc,7038
1864,2004_06_12,european,ITH52,parma,2,ulivo,92142
1865,2004_06_12,european,ITH53,reggio nellemilia,0,eligible_voters,381833
1866,2004_06_12,european,ITH53,reggio nellemilia,1,issued_ballots,313877
1867,2004_06_12,european,ITH53,reggio nellemilia,2,ap_udeur,762
1868,2004_06_12,european,ITH53,reggio nellemilia,2,verdi,2892
1869,2004_06_12,european,ITH53,reggio nellemilia,2,ala,1536
1870,2004_06_12,european,ITH53,reggio nellemilia,2,an,33487
1871,2004_06_12,european,ITH53,reggio nellemilia,2,as,3595
1872,2004_06_12,european,ITH53,reggio nellemilia,2,ci,16691
1873,2004_06_12,european,ITH53,reggio nellemilia,2,idv_occhetto,10202
1874,2004_06_12,european,ITH53,reggio nellemilia,2,verdi2,14702
1875,2004_06_12,european,ITH53,reggio nellemilia,2,ft,1629
1876,2004_06_12,european,ITH53,reggio nellemilia,2,fi,96689
1877,2004_06_12,european,ITH53,reggio nellemilia,2,lega,24054
1878,2004_06_12,european,ITH53,reggio nellemilia,2,bonino,11882
1879,2004_06_12,european,ITH53,reggio nellemilia,2,mis,576
1880,2004_06_12,european,ITH53,reggio nellemilia,2,pss,691
1881,2004_06_12,european,ITH53,reggio nellemilia,2,pn,492
1882,2004_06_12,european,ITH53,reggio nellemilia,2,pp,3813
1883,2004_06_12,european,ITH53,reggio nellemilia,2,pri,2158
1884,2004_06_12,european,ITH53,reggio nellemilia,2,rc,40701
1885,2004_06_12,european,ITH53,reggio nellemilia,2,su,10050
1886,2004_06_12,european,ITH53,reggio nellemilia,2,svp,1056
1887,2004_06_12,european,ITH53,reggio nellemilia,2,udc,17621
1888,2004_06_12,european,ITH53,reggio nellemilia,2,ulivo,298080
1889,2004_06_12,european,ITH54,modena,0,eligible_voters,526496
1890,2004_06_12,european,ITH54,modena,1,issued_ballots,427840
1891,2004_06_12,european,ITH54,modena,2,ap_udeur,310
1892,2004_06_12,european,ITH54,modena,2,verdi,2036
1893,2004_06_12,european,ITH54,modena,2,ala,1258
1894,2004_06_12,european,ITH54,modena,2,an,27472
1895,2004_06_12,european,ITH54,modena,2,as,3108
1896,2004_06_12,european,ITH54,modena,2,ci,13734
1897,2004_06_12,european,ITH54,modena,2,idv_occhetto,8299
1898,2004_06_12,european,ITH54,modena,2,verdi2,10622
1899,2004_06_12,european,ITH54,modena,2,ft,1461
1900,2004_06_12,european,ITH54,modena,2,fi,74872
1901,2004_06_12,european,ITH54,modena,2,lega,16898
1902,2004_06_12,european,ITH54,modena,2,bonino,8908
1903,2004_06_12,european,ITH54,modena,2,mis,430
1904,2004_06_12,european,ITH54,modena,2,pss,643
1905,2004_06_12,european,ITH54,modena,2,pn,318
1906,2004_06_12,european,ITH54,modena,2,pp,3525
1907,2004_06_12,european,ITH54,modena,2,pri,1512
1908,2004_06_12,european,ITH54,modena,2,rc,24521
1909,2004_06_12,european,ITH54,modena,2,su,7149
1910,2004_06_12,european,ITH54,modena,2,svp,1027
1911,2004_06_12,european,ITH54,modena,2,udc,15638
1912,2004_06_12,european,ITH54,modena,2,ulivo,181846
1913,2004_06_12,european,ITH56,ferrara,0,eligible_voters,53615
1914,2004_06_12,european,ITH56,ferrara,1,issued_ballots,45230
1915,2004_06_12,european,ITH56,ferrara,2,ap_udeur,102
1916,2004_06_12,european,ITH56,ferrara,2,verdi,192
1917,2004_06_12,european,ITH56,ferrara,2,ala,119
1918,2004_06_12,european,ITH56,ferrara,2,an,4350
1919,2004_06_12,european,ITH56,ferrara,2,as,390
1920,2004_06_12,european,ITH56,ferrara,2,ci,1548
1921,2004_06_12,european,ITH56,ferrara,2,idv_occhetto,585
1922,2004_06_12,european,ITH56,ferrara,2,verdi2,844
1923,2004_06_12,european,ITH56,ferrara,2,ft,216
1924,2004_06_12,european,ITH56,ferrara,2,fi,8168
1925,2004_06_12,european,ITH56,ferrara,2,lega,1232
1926,2004_06_12,european,ITH56,ferrara,2,bonino,860
1927,2004_06_12,european,ITH56,ferrara,2,mis,54
1928,2004_06_12,european,ITH56,ferrara,2,pss,50
1929,2004_06_12,european,ITH56,ferrara,2,pn,25
1930,2004_06_12,european,ITH56,ferrara,2,pp,322
1931,2004_06_12,european,ITH56,ferrara,2,pri,285
1932,2004_06_12,european,ITH56,ferrara,2,rc,2474
1933,2004_06_12,european,ITH56,ferrara,2,su,960
1934,2004_06_12,european,ITH56,ferrara,2,svp,52
1935,2004_06_12,european,ITH56,ferrara,2,udc,1030
1936,2004_06_12,european,ITH56,ferrara,2,ulivo,15899
1937,2004_06_12,european,ITH57,ravenna,0,eligible_voters,180268
1938,2004_06_12,european,ITH57,ravenna,1,issued_ballots,145022
1939,2004_06_12,european,ITH57,ravenna,2,ap_udeur,170
1940,2004_06_12,european,ITH57,ravenna,2,verdi,579
1941,2004_06_12,european,ITH57,ravenna,2,ala,220
1942,2004_06_12,european,ITH57,ravenna,2,an,9385
1943,2004_06_12,european,ITH57,ravenna,2,as,1243
1944,2004_06_12,european,ITH57,ravenna,2,ci,3362
1945,2004_06_12,european,ITH57,ravenna,2,idv_occhetto,2381
1946,2004_06_12,european,ITH57,ravenna,2,verdi2,3228
1947,2004_06_12,european,ITH57,ravenna,2,ft,372
1948,2004_06_12,european,ITH57,ravenna,2,fi,23913
1949,2004_06_12,european,ITH57,ravenna,2,lega,2661
1950,2004_06_12,european,ITH57,ravenna,2,bonino,3040
1951,2004_06_12,european,ITH57,ravenna,2,mis,132
1952,2004_06_12,european,ITH57,ravenna,2,pss,190
1953,2004_06_12,european,ITH57,ravenna,2,pn,84
1954,2004_06_12,european,ITH57,ravenna,2,pp,1102
1955,2004_06_12,european,ITH57,ravenna,2,pri,3876
1956,2004_06_12,european,ITH57,ravenna,2,rc,8414
1957,2004_06_12,european,ITH57,ravenna,2,su,1149
1958,2004_06_12,european,ITH57,ravenna,2,svp,186
1959,2004_06_12,european,ITH57,ravenna,2,udc,3449
1960,2004_06_12,european,ITH57,ravenna,2,ulivo,68322
1961,2004_06_12,european,ITH58,forlicesena,0,eligible_voters,306254
1962,2004_06_12,european,ITH58,forlicesena,1,issued_ballots,252871
1963,2004_06_12,european,ITH58,forlicesena,2,ap_udeur,335
1964,2004_06_12,european,ITH58,forlicesena,2,verdi,1292
1965,2004_06_12,european,ITH58,forlicesena,2,ala,536
1966,2004_06_12,european,ITH58,forlicesena,2,an,21041
1967,2004_06_12,european,ITH58,forlicesena,2,as,2253
1968,2004_06_12,european,ITH58,forlicesena,2,ci,8325
1969,2004_06_12,european,ITH58,forlicesena,2,idv_occhetto,4107
1970,2004_06_12,european,ITH58,forlicesena,2,verdi2,6727
1971,2004_06_12,european,ITH58,forlicesena,2,ft,1390
1972,2004_06_12,european,ITH58,forlicesena,2,fi,48277
1973,2004_06_12,european,ITH58,forlicesena,2,lega,4938
1974,2004_06_12,european,ITH58,forlicesena,2,bonino,5606
1975,2004_06_12,european,ITH58,forlicesena,2,mis,272
1976,2004_06_12,european,ITH58,forlicesena,2,pss,298
1977,2004_06_12,european,ITH58,forlicesena,2,pn,175
1978,2004_06_12,european,ITH58,forlicesena,2,pp,1647
1979,2004_06_12,european,ITH58,forlicesena,2,pri,6277
1980,2004_06_12,european,ITH58,forlicesena,2,rc,16221
1981,2004_06_12,european,ITH58,forlicesena,2,su,4097
1982,2004_06_12,european,ITH58,forlicesena,2,svp,623
1983,2004_06_12,european,ITH58,forlicesena,2,udc,7306
1984,2004_06_12,european,ITH58,forlicesena,2,ulivo,96102
1985,2004_06_12,european,ITH59,rimini,0,eligible_voters,252464
1986,2004_06_12,european,ITH59,rimini,1,issued_ballots,198177
1987,2004_06_12,european,ITH59,rimini,2,ap_udeur,372
1988,2004_06_12,european,ITH59,rimini,2,verdi,1113
1989,2004_06_12,european,ITH59,rimini,2,ala,547
1990,2004_06_12,european,ITH59,rimini,2,an,18314
1991,2004_06_12,european,ITH59,rimini,2,as,1682
1992,2004_06_12,european,ITH59,rimini,2,ci,7220
1993,2004_06_12,european,ITH59,rimini,2,idv_occhetto,4651
1994,2004_06_12,european,ITH59,rimini,2,verdi2,6168
1995,2004_06_12,european,ITH59,rimini,2,ft,1273
1996,2004_06_12,european,ITH59,rimini,2,fi,43041
1997,2004_06_12,european,ITH59,rimini,2,lega,3614
1998,2004_06_12,european,ITH59,rimini,2,lc,67
1999,2004_06_12,european,ITH59,rimini,2,bonino,4739
2000,2004_06_12,european,ITH59,rimini,2,mis,209
2001,2004_06_12,european,ITH59,rimini,2,pss,283
2002,2004_06_12,european,ITH59,rimini,2,pn,134
2003,2004_06_12,european,ITH59,rimini,2,pp,1469
2004,2004_06_12,european,ITH59,rimini,2,pri,1745
2005,2004_06_12,european,ITH59,rimini,2,rc,12680
2006,2004_06_12,european,ITH59,rimini,2,su,3821
2007,2004_06_12,european,ITH59,rimini,2,svp,354
2008,2004_06_12,european,ITH59,rimini,2,udc,4861
2009,2004_06_12,european,ITH59,rimini,2,ulivo,68655
2010,2004_06_12,european,ITI11,massacarrara,0,eligible_voters,178514
2011,2004_06_12,european,ITI11,massacarrara,1,issued_ballots,124839
2012,2004_06_12,european,ITI11,massacarrara,2,ap_udeur,539
2013,2004_06_12,european,ITI11,massacarrara,2,verdi,314
2014,2004_06_12,european,ITI11,massacarrara,2,ala,175
2015,2004_06_12,european,ITI11,massacarrara,2,an,9705
2016,2004_06_12,european,ITI11,massacarrara,2,as,1001
2017,2004_06_12,european,ITI11,massacarrara,2,ci,2940
2018,2004_06_12,european,ITI11,massacarrara,2,idv_occhetto,1809
2019,2004_06_12,european,ITI11,massacarrara,2,verdi2,1566
2020,2004_06_12,european,ITI11,massacarrara,2,ft,651
2021,2004_06_12,european,ITI11,massacarrara,2,fi,26909
2022,2004_06_12,european,ITI11,massacarrara,2,lega,1467
2023,2004_06_12,european,ITI11,massacarrara,2,lc,735
2024,2004_06_12,european,ITI11,massacarrara,2,bonino,1847
2025,2004_06_12,european,ITI11,massacarrara,2,pss,161
2026,2004_06_12,european,ITI11,massacarrara,2,pn,361
2027,2004_06_12,european,ITI11,massacarrara,2,pp,929
2028,2004_06_12,european,ITI11,massacarrara,2,pri,2134
2029,2004_06_12,european,ITI11,massacarrara,2,rc,12088
2030,2004_06_12,european,ITI11,massacarrara,2,su,5902
2031,2004_06_12,european,ITI11,massacarrara,2,udc,2534
2032,2004_06_12,european,ITI11,massacarrara,2,ulivo,42871
2033,2004_06_12,european,ITI12,lucca,0,eligible_voters,332247
2034,2004_06_12,european,ITI12,lucca,1,issued_ballots,234789
2035,2004_06_12,european,ITI12,lucca,2,ap_udeur,349
2036,2004_06_12,european,ITI12,lucca,2,verdi,788
2037,2004_06_12,european,ITI12,lucca,2,ala,414
2038,2004_06_12,european,ITI12,lucca,2,an,29267
2039,2004_06_12,european,ITI12,lucca,2,as,2697
2040,2004_06_12,european,ITI12,lucca,2,ci,5698
2041,2004_06_12,european,ITI12,lucca,2,idv_occhetto,3308
2042,2004_06_12,european,ITI12,lucca,2,verdi2,3831
2043,2004_06_12,european,ITI12,lucca,2,ft,1881
2044,2004_06_12,european,ITI12,lucca,2,fi,50319
2045,2004_06_12,european,ITI12,lucca,2,lega,2722
2046,2004_06_12,european,ITI12,lucca,2,lc,1520
2047,2004_06_12,european,ITI12,lucca,2,bonino,4688
2048,2004_06_12,european,ITI12,lucca,2,pss,394
2049,2004_06_12,european,ITI12,lucca,2,pn,132
2050,2004_06_12,european,ITI12,lucca,2,pp,2285
2051,2004_06_12,european,ITI12,lucca,2,pri,579
2052,2004_06_12,european,ITI12,lucca,2,rc,16187
2053,2004_06_12,european,ITI12,lucca,2,su,2135
2054,2004_06_12,european,ITI12,lucca,2,udc,11667
2055,2004_06_12,european,ITI12,lucca,2,ulivo,77814
2056,2004_06_12,european,ITI13,pistoia,0,eligible_voters,231914
2057,2004_06_12,european,ITI13,pistoia,1,issued_ballots,180589
2058,2004_06_12,european,ITI13,pistoia,2,ap_udeur,237
2059,2004_06_12,european,ITI13,pistoia,2,verdi,730
2060,2004_06_12,european,ITI13,pistoia,2,ala,319
2061,2004_06_12,european,ITI13,pistoia,2,an,19516
2062,2004_06_12,european,ITI13,pistoia,2,as,1617
2063,2004_06_12,european,ITI13,pistoia,2,ci,7380
2064,2004_06_12,european,ITI13,pistoia,2,idv_occhetto,3257
2065,2004_06_12,european,ITI13,pistoia,2,verdi2,3251
2066,2004_06_12,european,ITI13,pistoia,2,ft,1292
2067,2004_06_12,european,ITI13,pistoia,2,fi,32382
2068,2004_06_12,european,ITI13,pistoia,2,lega,2212
2069,2004_06_12,european,ITI13,pistoia,2,lc,1365
2070,2004_06_12,european,ITI13,pistoia,2,bonino,3405
2071,2004_06_12,european,ITI13,pistoia,2,pss,284
2072,2004_06_12,european,ITI13,pistoia,2,pn,76
2073,2004_06_12,european,ITI13,pistoia,2,pp,1555
2074,2004_06_12,european,ITI13,pistoia,2,pri,448
2075,2004_06_12,european,ITI13,pistoia,2,rc,15472
2076,2004_06_12,european,ITI13,pistoia,2,su,3219
2077,2004_06_12,european,ITI13,pistoia,2,udc,5227
2078,2004_06_12,european,ITI13,pistoia,2,ulivo,64214
2079,2004_06_12,european,ITI14,firenze,0,eligible_voters,32747
2080,2004_06_12,european,ITI14,firenze,1,issued_ballots,27096
2081,2004_06_12,european,ITI14,firenze,2,ap_udeur,19
2082,2004_06_12,european,ITI14,firenze,2,verdi,111
2083,2004_06_12,european,ITI14,firenze,2,ala,22
2084,2004_06_12,european,ITI14,firenze,2,an,1785
2085,2004_06_12,european,ITI14,firenze,2,as,135
2086,2004_06_12,european,ITI14,firenze,2,ci,1068
2087,2004_06_12,european,ITI14,firenze,2,idv_occhetto,359
2088,2004_06_12,european,ITI14,firenze,2,verdi2,533
2089,2004_06_12,european,ITI14,firenze,2,ft,80
2090,2004_06_12,european,ITI14,firenze,2,fi,3470
2091,2004_06_12,european,ITI14,firenze,2,lega,138
2092,2004_06_12,european,ITI14,firenze,2,lc,125
2093,2004_06_12,european,ITI14,firenze,2,bonino,572
2094,2004_06_12,european,ITI14,firenze,2,pss,30
2095,2004_06_12,european,ITI14,firenze,2,pn,6
2096,2004_06_12,european,ITI14,firenze,2,pp,113
2097,2004_06_12,european,ITI14,firenze,2,pri,66
2098,2004_06_12,european,ITI14,firenze,2,rc,2274
2099,2004_06_12,european,ITI14,firenze,2,su,521
2100,2004_06_12,european,ITI14,firenze,2,udc,844
2101,2004_06_12,european,ITI14,firenze,2,ulivo,12643
2102,2004_06_12,european,ITI15,prato,0,eligible_voters,188287
2103,2004_06_12,european,ITI15,prato,1,issued_ballots,146599
2104,2004_06_12,european,ITI15,prato,2,ap_udeur,296
2105,2004_06_12,european,ITI15,prato,2,verdi,527
2106,2004_06_12,european,ITI15,prato,2,ala,253
2107,2004_06_12,european,ITI15,prato,2,an,16911
2108,2004_06_12,european,ITI15,prato,2,as,1366
2109,2004_06_12,european,ITI15,prato,2,ci,5226
2110,2004_06_12,european,ITI15,prato,2,idv_occhetto,2389
2111,2004_06_12,european,ITI15,prato,2,verdi2,2672
2112,2004_06_12,european,ITI15,prato,2,ft,930
2113,2004_06_12,european,ITI15,prato,2,fi,25194
2114,2004_06_12,european,ITI15,prato,2,lega,1451
2115,2004_06_12,european,ITI15,prato,2,lc,1125
2116,2004_06_12,european,ITI15,prato,2,bonino,2821
2117,2004_06_12,european,ITI15,prato,2,pss,273
2118,2004_06_12,european,ITI15,prato,2,pn,57
2119,2004_06_12,european,ITI15,prato,2,pp,1015
2120,2004_06_12,european,ITI15,prato,2,pri,332
2121,2004_06_12,european,ITI15,prato,2,rc,10917
2122,2004_06_12,european,ITI15,prato,2,su,3095
2123,2004_06_12,european,ITI15,prato,2,udc,4189
2124,2004_06_12,european,ITI15,prato,2,ulivo,56351
2125,2004_06_12,european,ITI16,livorno,0,eligible_voters,286090
2126,2004_06_12,european,ITI16,livorno,1,issued_ballots,222488
2127,2004_06_12,european,ITI16,livorno,2,ap_udeur,158
2128,2004_06_12,european,ITI16,livorno,2,verdi,1286
2129,2004_06_12,european,ITI16,livorno,2,ala,182
2130,2004_06_12,european,ITI16,livorno,2,an,21509
2131,2004_06_12,european,ITI16,livorno,2,as,1598
2132,2004_06_12,european,ITI16,livorno,2,ci,7765
2133,2004_06_12,european,ITI16,livorno,2,idv_occhetto,4813
2134,2004_06_12,european,ITI16,livorno,2,verdi2,4977
2135,2004_06_12,european,ITI16,livorno,2,ft,1159
2136,2004_06_12,european,ITI16,livorno,2,fi,31214
2137,2004_06_12,european,ITI16,livorno,2,lega,1112
2138,2004_06_12,european,ITI16,livorno,2,lc,1176
2139,2004_06_12,european,ITI16,livorno,2,bonino,4629
2140,2004_06_12,european,ITI16,livorno,2,pss,613
2141,2004_06_12,european,ITI16,livorno,2,pn,96
2142,2004_06_12,european,ITI16,livorno,2,pp,1829
2143,2004_06_12,european,ITI16,livorno,2,pri,445
2144,2004_06_12,european,ITI16,livorno,2,rc,23666
2145,2004_06_12,european,ITI16,livorno,2,su,4860
2146,2004_06_12,european,ITI16,livorno,2,udc,3870
2147,2004_06_12,european,ITI16,livorno,2,ulivo,92885
2148,2004_06_12,european,ITI17,pisa,0,eligible_voters,329342
2149,2004_06_12,european,ITI17,pisa,1,issued_ballots,258487
2150,2004_06_12,european,ITI17,pisa,2,ap_udeur,269
2151,2004_06_12,european,ITI17,pisa,2,verdi,1204
2152,2004_06_12,european,ITI17,pisa,2,ala,292
2153,2004_06_12,european,ITI17,pisa,2,an,28264
2154,2004_06_12,european,ITI17,pisa,2,as,2501
2155,2004_06_12,european,ITI17,pisa,2,ci,10078
2156,2004_06_12,european,ITI17,pisa,2,idv_occhetto,4298
2157,2004_06_12,european,ITI17,pisa,2,verdi2,4243
2158,2004_06_12,european,ITI17,pisa,2,ft,1465
2159,2004_06_12,european,ITI17,pisa,2,fi,39452
2160,2004_06_12,european,ITI17,pisa,2,lega,1754
2161,2004_06_12,european,ITI17,pisa,2,lc,1660
2162,2004_06_12,european,ITI17,pisa,2,bonino,4256
2163,2004_06_12,european,ITI17,pisa,2,pss,417
2164,2004_06_12,european,ITI17,pisa,2,pn,112
2165,2004_06_12,european,ITI17,pisa,2,pp,2043
2166,2004_06_12,european,ITI17,pisa,2,pri,758
2167,2004_06_12,european,ITI17,pisa,2,rc,24645
2168,2004_06_12,european,ITI17,pisa,2,su,6793
2169,2004_06_12,european,ITI17,pisa,2,udc,7220
2170,2004_06_12,european,ITI17,pisa,2,ulivo,101123
2171,2004_06_12,european,ITI18,arezzo,0,eligible_voters,270932
2172,2004_06_12,european,ITI18,arezzo,1,issued_ballots,220364
2173,2004_06_12,european,ITI18,arezzo,2,ap_udeur,428
2174,2004_06_12,european,ITI18,arezzo,2,verdi,901
2175,2004_06_12,european,ITI18,arezzo,2,ala,331
2176,2004_06_12,european,ITI18,arezzo,2,an,23188
2177,2004_06_12,european,ITI18,arezzo,2,as,2300
2178,2004_06_12,european,ITI18,arezzo,2,ci,8252
2179,2004_06_12,european,ITI18,arezzo,2,idv_occhetto,2594
2180,2004_06_12,european,ITI18,arezzo,2,verdi2,3401
2181,2004_06_12,european,ITI18,arezzo,2,ft,1311
2182,2004_06_12,european,ITI18,arezzo,2,fi,42272
2183,2004_06_12,european,ITI18,arezzo,2,lega,2261
2184,2004_06_12,european,ITI18,arezzo,2,lc,1150
2185,2004_06_12,european,ITI18,arezzo,2,bonino,4269
2186,2004_06_12,european,ITI18,arezzo,2,pss,341
2187,2004_06_12,european,ITI18,arezzo,2,pn,107
2188,2004_06_12,european,ITI18,arezzo,2,pp,1395
2189,2004_06_12,european,ITI18,arezzo,2,pri,695
2190,2004_06_12,european,ITI18,arezzo,2,rc,18162
2191,2004_06_12,european,ITI18,arezzo,2,su,5801
2192,2004_06_12,european,ITI18,arezzo,2,udc,7705
2193,2004_06_12,european,ITI18,arezzo,2,ulivo,78397
2194,2004_06_12,european,ITI19,siena,0,eligible_voters,214281
2195,2004_06_12,european,ITI19,siena,1,issued_ballots,173564
2196,2004_06_12,european,ITI19,siena,2,ap_udeur,169
2197,2004_06_12,european,ITI19,siena,2,verdi,653
2198,2004_06_12,european,ITI19,siena,2,ala,231
2199,2004_06_12,european,ITI19,siena,2,an,14954
2200,2004_06_12,european,ITI19,siena,2,as,1249
2201,2004_06_12,european,ITI19,siena,2,ci,6107
2202,2004_06_12,european,ITI19,siena,2,idv_occhetto,2054
2203,2004_06_12,european,ITI19,siena,2,verdi2,3121
2204,2004_06_12,european,ITI19,siena,2,ft,955
2205,2004_06_12,european,ITI19,siena,2,fi,24360
2206,2004_06_12,european,ITI19,siena,2,lega,1176
2207,2004_06_12,european,ITI19,siena,2,lc,1242
2208,2004_06_12,european,ITI19,siena,2,bonino,3068
2209,2004_06_12,european,ITI19,siena,2,pss,360
2210,2004_06_12,european,ITI19,siena,2,pn,62
2211,2004_06_12,european,ITI19,siena,2,pp,866
2212,2004_06_12,european,ITI19,siena,2,pri,413
2213,2004_06_12,european,ITI19,siena,2,rc,14750
2214,2004_06_12,european,ITI19,siena,2,su,5104
2215,2004_06_12,european,ITI19,siena,2,udc,4227
2216,2004_06_12,european,ITI19,siena,2,ulivo,78194
2217,2004_06_12,european,ITI1A,grosseto,0,eligible_voters,183754
2218,2004_06_12,european,ITI1A,grosseto,1,issued_ballots,146419
2219,2004_06_12,european,ITI1A,grosseto,2,ap_udeur,212
2220,2004_06_12,european,ITI1A,grosseto,2,verdi,437
2221,2004_06_12,european,ITI1A,grosseto,2,ala,179
2222,2004_06_12,european,ITI1A,grosseto,2,an,20830
2223,2004_06_12,european,ITI1A,grosseto,2,as,1422
2224,2004_06_12,european,ITI1A,grosseto,2,ci,4399
2225,2004_06_12,european,ITI1A,grosseto,2,idv_occhetto,2093
2226,2004_06_12,european,ITI1A,grosseto,2,verdi2,2198
2227,2004_06_12,european,ITI1A,grosseto,2,ft,1279
2228,2004_06_12,european,ITI1A,grosseto,2,fi,25914
2229,2004_06_12,european,ITI1A,grosseto,2,lega,678
2230,2004_06_12,european,ITI1A,grosseto,2,lc,776
2231,2004_06_12,european,ITI1A,grosseto,2,bonino,2936
2232,2004_06_12,european,ITI1A,grosseto,2,pss,252
2233,2004_06_12,european,ITI1A,grosseto,2,pn,64
2234,2004_06_12,european,ITI1A,grosseto,2,pp,1226
2235,2004_06_12,european,ITI1A,grosseto,2,pri,1238
2236,2004_06_12,european,ITI1A,grosseto,2,rc,11082
2237,2004_06_12,european,ITI1A,grosseto,2,su,4005
2238,2004_06_12,european,ITI1A,grosseto,2,udc,5484
2239,2004_06_12,european,ITI1A,grosseto,2,ulivo,48583
2240,2004_06_12,european,ITI21,perugia,0,eligible_voters,512483
2241,2004_06_12,european,ITI21,perugia,1,issued_ballots,414032
2242,2004_06_12,european,ITI21,perugia,2,ap_udeur,1202
2243,2004_06_12,european,ITI21,perugia,2,verdi,1435
2244,2004_06_12,european,ITI21,perugia,2,ala,617
2245,2004_06_12,european,ITI21,perugia,2,an,51391
2246,2004_06_12,european,ITI21,perugia,2,as,4927
2247,2004_06_12,european,ITI21,perugia,2,ci,17855
2248,2004_06_12,european,ITI21,perugia,2,idv_occhetto,6298
2249,2004_06_12,european,ITI21,perugia,2,verdi2,6348
2250,2004_06_12,european,ITI21,perugia,2,ft,4329
2251,2004_06_12,european,ITI21,perugia,2,fi,67323
2252,2004_06_12,european,ITI21,perugia,2,lega,2510
2253,2004_06_12,european,ITI21,perugia,2,lc,2312
2254,2004_06_12,european,ITI21,perugia,2,bonino,6582
2255,2004_06_12,european,ITI21,perugia,2,pss,526
2256,2004_06_12,european,ITI21,perugia,2,pn,170
2257,2004_06_12,european,ITI21,perugia,2,pp,2363
2258,2004_06_12,european,ITI21,perugia,2,pri,1226
2259,2004_06_12,european,ITI21,perugia,2,rc,35792
2260,2004_06_12,european,ITI21,perugia,2,su,11860
2261,2004_06_12,european,ITI21,perugia,2,udc,16817
2262,2004_06_12,european,ITI21,perugia,2,ulivo,137079
2263,2004_06_12,european,ITI22,terni,0,eligible_voters,190988
2264,2004_06_12,european,ITI22,terni,1,issued_ballots,152387
2265,2004_06_12,european,ITI22,terni,2,ap_udeur,419
2266,2004_06_12,european,ITI22,terni,2,verdi,544
2267,2004_06_12,european,ITI22,terni,2,ala,148
2268,2004_06_12,european,ITI22,terni,2,an,18710
2269,2004_06_12,european,ITI22,terni,2,as,1486
2270,2004_06_12,european,ITI22,terni,2,ci,6662
2271,2004_06_12,european,ITI22,terni,2,idv_occhetto,2101
2272,2004_06_12,european,ITI22,terni,2,verdi2,1829
2273,2004_06_12,european,ITI22,terni,2,ft,1594
2274,2004_06_12,european,ITI22,terni,2,fi,24229
2275,2004_06_12,european,ITI22,terni,2,lega,614
2276,2004_06_12,european,ITI22,terni,2,lc,962
2277,2004_06_12,european,ITI22,terni,2,bonino,3213
2278,2004_06_12,european,ITI22,terni,2,pss,273
2279,2004_06_12,european,ITI22,terni,2,pn,88
2280,2004_06_12,european,ITI22,terni,2,pp,929
2281,2004_06_12,european,ITI22,terni,2,pri,667
2282,2004_06_12,european,ITI22,terni,2,rc,14317
2283,2004_06_12,european,ITI22,terni,2,su,4585
2284,2004_06_12,european,ITI22,terni,2,udc,6034
2285,2004_06_12,european,ITI22,terni,2,ulivo,48444
2286,2004_06_12,european,ITI31,pesaro e urbino,0,eligible_voters,301223
2287,2004_06_12,european,ITI31,pesaro e urbino,1,issued_ballots,245434
2288,2004_06_12,european,ITI31,pesaro e urbino,2,ap_udeur,1112
2289,2004_06_12,european,ITI31,pesaro e urbino,2,verdi,1513
2290,2004_06_12,european,ITI31,pesaro e urbino,2,ala,509
2291,2004_06_12,european,ITI31,pesaro e urbino,2,an,24014
2292,2004_06_12,european,ITI31,pesaro e urbino,2,as,1823
2293,2004_06_12,european,ITI31,pesaro e urbino,2,ci,8830
2294,2004_06_12,european,ITI31,pesaro e urbino,2,idv_occhetto,4511
2295,2004_06_12,european,ITI31,pesaro e urbino,2,verdi2,5628
2296,2004_06_12,european,ITI31,pesaro e urbino,2,ft,2484
2297,2004_06_12,european,ITI31,pesaro e urbino,2,fi,44540
2298,2004_06_12,european,ITI31,pesaro e urbino,2,lega,2798
2299,2004_06_12,european,ITI31,pesaro e urbino,2,lc,1454
2300,2004_06_12,european,ITI31,pesaro e urbino,2,bonino,4797
2301,2004_06_12,european,ITI31,pesaro e urbino,2,pss,329
2302,2004_06_12,european,ITI31,pesaro e urbino,2,pn,334
2303,2004_06_12,european,ITI31,pesaro e urbino,2,pp,2000
2304,2004_06_12,european,ITI31,pesaro e urbino,2,pri,1085
2305,2004_06_12,european,ITI31,pesaro e urbino,2,rc,16007
2306,2004_06_12,european,ITI31,pesaro e urbino,2,su,7284
2307,2004_06_12,european,ITI31,pesaro e urbino,2,udc,10283
2308,2004_06_12,european,ITI31,pesaro e urbino,2,ulivo,82646
2309,2004_06_12,european,ITI32,ancona,0,eligible_voters,354656
2310,2004_06_12,european,ITI32,ancona,1,issued_ballots,267171
2311,2004_06_12,european,ITI32,ancona,2,ap_udeur,1461
2312,2004_06_12,european,ITI32,ancona,2,verdi,1352
2313,2004_06_12,european,ITI32,ancona,2,ala,345
2314,2004_06_12,european,ITI32,ancona,2,an,27927
2315,2004_06_12,european,ITI32,ancona,2,as,3293
2316,2004_06_12,european,ITI32,ancona,2,ci,7842
2317,2004_06_12,european,ITI32,ancona,2,idv_occhetto,4624
2318,2004_06_12,european,ITI32,ancona,2,verdi2,7449
2319,2004_06_12,european,ITI32,ancona,2,ft,2118
2320,2004_06_12,european,ITI32,ancona,2,fi,41897
2321,2004_06_12,european,ITI32,ancona,2,lega,1919
2322,2004_06_12,european,ITI32,ancona,2,lc,2481
2323,2004_06_12,european,ITI32,ancona,2,bonino,5072
2324,2004_06_12,european,ITI32,ancona,2,pss,567
2325,2004_06_12,european,ITI32,ancona,2,pn,157
2326,2004_06_12,european,ITI32,ancona,2,pp,2193
2327,2004_06_12,european,ITI32,ancona,2,pri,1247
2328,2004_06_12,european,ITI32,ancona,2,rc,18120
2329,2004_06_12,european,ITI32,ancona,2,su,3817
2330,2004_06_12,european,ITI32,ancona,2,udc,10236
2331,2004_06_12,european,ITI32,ancona,2,ulivo,107766
2332,2004_06_12,european,ITI33,macerata,0,eligible_voters,260706
2333,2004_06_12,european,ITI33,macerata,1,issued_ballots,200567
2334,2004_06_12,european,ITI33,macerata,2,ap_udeur,1140
2335,2004_06_12,european,ITI33,macerata,2,verdi,1046
2336,2004_06_12,european,ITI33,macerata,2,ala,311
2337,2004_06_12,european,ITI33,macerata,2,an,27311
2338,2004_06_12,european,ITI33,macerata,2,as,2872
2339,2004_06_12,european,ITI33,macerata,2,ci,6012
2340,2004_06_12,european,ITI33,macerata,2,idv_occhetto,3709
2341,2004_06_12,european,ITI33,macerata,2,verdi2,3711
2342,2004_06_12,european,ITI33,macerata,2,ft,2148
2343,2004_06_12,european,ITI33,macerata,2,fi,34518
2344,2004_06_12,european,ITI33,macerata,2,lega,1555
2345,2004_06_12,european,ITI33,macerata,2,lc,1661
2346,2004_06_12,european,ITI33,macerata,2,bonino,3001
2347,2004_06_12,european,ITI33,macerata,2,pss,435
2348,2004_06_12,european,ITI33,macerata,2,pn,133
2349,2004_06_12,european,ITI33,macerata,2,pp,1847
2350,2004_06_12,european,ITI33,macerata,2,pri,704
2351,2004_06_12,european,ITI33,macerata,2,rc,10652
2352,2004_06_12,european,ITI33,macerata,2,su,3733
2353,2004_06_12,european,ITI33,macerata,2,udc,15044
2354,2004_06_12,european,ITI33,macerata,2,ulivo,54794
2355,2004_06_12,european,ITI34,ascoli piceno,0,eligible_voters,175186
2356,2004_06_12,european,ITI34,ascoli piceno,1,issued_ballots,137203
2357,2004_06_12,european,ITI34,ascoli piceno,2,ap_udeur,1051
2358,2004_06_12,european,ITI34,ascoli piceno,2,verdi,582
2359,2004_06_12,european,ITI34,ascoli piceno,2,ala,154
2360,2004_06_12,european,ITI34,ascoli piceno,2,an,18091
2361,2004_06_12,european,ITI34,ascoli piceno,2,as,2632
2362,2004_06_12,european,ITI34,ascoli piceno,2,ci,4190
2363,2004_06_12,european,ITI34,ascoli piceno,2,idv_occhetto,2680
2364,2004_06_12,european,ITI34,ascoli piceno,2,verdi2,2346
2365,2004_06_12,european,ITI34,ascoli piceno,2,ft,1294
2366,2004_06_12,european,ITI34,ascoli piceno,2,fi,25243
2367,2004_06_12,european,ITI34,ascoli piceno,2,lega,763
2368,2004_06_12,european,ITI34,ascoli piceno,2,lc,889
2369,2004_06_12,european,ITI34,ascoli piceno,2,bonino,2361
2370,2004_06_12,european,ITI34,ascoli piceno,2,pss,192
2371,2004_06_12,european,ITI34,ascoli piceno,2,pn,75
2372,2004_06_12,european,ITI34,ascoli piceno,2,pp,841
2373,2004_06_12,european,ITI34,ascoli piceno,2,pri,531
2374,2004_06_12,european,ITI34,ascoli piceno,2,rc,11090
2375,2004_06_12,european,ITI34,ascoli piceno,2,su,2285
2376,2004_06_12,european,ITI34,ascoli piceno,2,udc,7834
2377,2004_06_12,european,ITI34,ascoli piceno,2,ulivo,36559
2378,2004_06_12,european,ITI35,fermo,0,eligible_voters,142862
2379,2004_06_12,european,ITI35,fermo,1,issued_ballots,110513
2380,2004_06_12,european,ITI35,fermo,2,ap_udeur,762
2381,2004_06_12,european,ITI35,fermo,2,verdi,1208
2382,2004_06_12,european,ITI35,fermo,2,ala,406
2383,2004_06_12,european,ITI35,fermo,2,an,28542
2384,2004_06_12,european,ITI35,fermo,2,as,2716
2385,2004_06_12,european,ITI35,fermo,2,ci,7518
2386,2004_06_12,european,ITI35,fermo,2,idv_occhetto,4520
2387,2004_06_12,european,ITI35,fermo,2,verdi2,4562
2388,2004_06_12,european,ITI35,fermo,2,ft,2424
2389,2004_06_12,european,ITI35,fermo,2,fi,42774
2390,2004_06_12,european,ITI35,fermo,2,lega,2254
2391,2004_06_12,european,ITI35,fermo,2,lc,1528
2392,2004_06_12,european,ITI35,fermo,2,bonino,3552
2393,2004_06_12,european,ITI35,fermo,2,pss,418
2394,2004_06_12,european,ITI35,fermo,2,pn,114
2395,2004_06_12,european,ITI35,fermo,2,pp,1602
2396,2004_06_12,european,ITI35,fermo,2,pri,1038
2397,2004_06_12,european,ITI35,fermo,2,rc,15252
2398,2004_06_12,european,ITI35,fermo,2,su,4262
2399,2004_06_12,european,ITI35,fermo,2,udc,10662
2400,2004_06_12,european,ITI35,fermo,2,ulivo,60468
2401,2004_06_12,european,ITI41,viterbo,0,eligible_voters,248305
2402,2004_06_12,european,ITI41,viterbo,1,issued_ballots,199769
2403,2004_06_12,european,ITI41,viterbo,2,ap_udeur,2345
2404,2004_06_12,european,ITI41,viterbo,2,verdi,576
2405,2004_06_12,european,ITI41,viterbo,2,ala,186
2406,2004_06_12,european,ITI41,viterbo,2,an,37339
2407,2004_06_12,european,ITI41,viterbo,2,as,4159
2408,2004_06_12,european,ITI41,viterbo,2,ci,4548
2409,2004_06_12,european,ITI41,viterbo,2,idv_occhetto,3087
2410,2004_06_12,european,ITI41,viterbo,2,verdi2,2377
2411,2004_06_12,european,ITI41,viterbo,2,ft,2662
2412,2004_06_12,european,ITI41,viterbo,2,fi,38037
2413,2004_06_12,european,ITI41,viterbo,2,lega,667
2414,2004_06_12,european,ITI41,viterbo,2,lc,1773
2415,2004_06_12,european,ITI41,viterbo,2,bonino,3746
2416,2004_06_12,european,ITI41,viterbo,2,pss,451
2417,2004_06_12,european,ITI41,viterbo,2,pn,147
2418,2004_06_12,european,ITI41,viterbo,2,pp,1495
2419,2004_06_12,european,ITI41,viterbo,2,pri,947
2420,2004_06_12,european,ITI41,viterbo,2,rc,12879
2421,2004_06_12,european,ITI41,viterbo,2,su,2789
2422,2004_06_12,european,ITI41,viterbo,2,udc,10924
2423,2004_06_12,european,ITI41,viterbo,2,ulivo,53051
2424,2004_06_12,european,ITI42,rieti,0,eligible_voters,127364
2425,2004_06_12,european,ITI42,rieti,1,issued_ballots,106679
2426,2004_06_12,european,ITI42,rieti,2,ap_udeur,910
2427,2004_06_12,european,ITI42,rieti,2,verdi,468
2428,2004_06_12,european,ITI42,rieti,2,ala,142
2429,2004_06_12,european,ITI42,rieti,2,an,20171
2430,2004_06_12,european,ITI42,rieti,2,as,2072
2431,2004_06_12,european,ITI42,rieti,2,ci,3177
2432,2004_06_12,european,ITI42,rieti,2,idv_occhetto,1535
2433,2004_06_12,european,ITI42,rieti,2,verdi2,1603
2434,2004_06_12,european,ITI42,rieti,2,ft,1156
2435,2004_06_12,european,ITI42,rieti,2,fi,16437
2436,2004_06_12,european,ITI42,rieti,2,lega,379
2437,2004_06_12,european,ITI42,rieti,2,lc,563
2438,2004_06_12,european,ITI42,rieti,2,bonino,1558
2439,2004_06_12,european,ITI42,rieti,2,pss,344
2440,2004_06_12,european,ITI42,rieti,2,pn,415
2441,2004_06_12,european,ITI42,rieti,2,pp,726
2442,2004_06_12,european,ITI42,rieti,2,pri,1737
2443,2004_06_12,european,ITI42,rieti,2,rc,7390
2444,2004_06_12,european,ITI42,rieti,2,su,2186
2445,2004_06_12,european,ITI42,rieti,2,udc,6343
2446,2004_06_12,european,ITI42,rieti,2,ulivo,25184
2447,2004_06_12,european,ITI43,roma,0,eligible_voters,3304411
2448,2004_06_12,european,ITI43,roma,1,issued_ballots,2289508
2449,2004_06_12,european,ITI43,roma,2,ap_udeur,13096
2450,2004_06_12,european,ITI43,roma,2,verdi,9213
2451,2004_06_12,european,ITI43,roma,2,ala,1032
2452,2004_06_12,european,ITI43,roma,2,an,402853
2453,2004_06_12,european,ITI43,roma,2,as,45369
2454,2004_06_12,european,ITI43,roma,2,ci,59923
2455,2004_06_12,european,ITI43,roma,2,idv_occhetto,50507
2456,2004_06_12,european,ITI43,roma,2,verdi2,53397
2457,2004_06_12,european,ITI43,roma,2,ft,18898
2458,2004_06_12,european,ITI43,roma,2,fi,345822
2459,2004_06_12,european,ITI43,roma,2,lega,4585
2460,2004_06_12,european,ITI43,roma,2,lc,26963
2461,2004_06_12,european,ITI43,roma,2,bonino,59819
2462,2004_06_12,european,ITI43,roma,2,pss,7838
2463,2004_06_12,european,ITI43,roma,2,pn,2435
2464,2004_06_12,european,ITI43,roma,2,pp,18288
2465,2004_06_12,european,ITI43,roma,2,pri,7240
2466,2004_06_12,european,ITI43,roma,2,rc,165003
2467,2004_06_12,european,ITI43,roma,2,su,24847
2468,2004_06_12,european,ITI43,roma,2,udc,116998
2469,2004_06_12,european,ITI43,roma,2,ulivo,760148
2470,2004_06_12,european,ITI44,latina,0,eligible_voters,446464
2471,2004_06_12,european,ITI44,latina,1,issued_ballots,329626
2472,2004_06_12,european,ITI44,latina,2,ap_udeur,1300
2473,2004_06_12,european,ITI44,latina,2,verdi,1566
2474,2004_06_12,european,ITI44,latina,2,ala,296
2475,2004_06_12,european,ITI44,latina,2,an,54015
2476,2004_06_12,european,ITI44,latina,2,as,9533
2477,2004_06_12,european,ITI44,latina,2,ci,5761
2478,2004_06_12,european,ITI44,latina,2,idv_occhetto,4657
2479,2004_06_12,european,ITI44,latina,2,verdi2,5669
2480,2004_06_12,european,ITI44,latina,2,ft,3911
2481,2004_06_12,european,ITI44,latina,2,fi,82804
2482,2004_06_12,european,ITI44,latina,2,lega,683
2483,2004_06_12,european,ITI44,latina,2,lc,2991
2484,2004_06_12,european,ITI44,latina,2,bonino,5138
2485,2004_06_12,european,ITI44,latina,2,pss,882
2486,2004_06_12,european,ITI44,latina,2,pn,2345
2487,2004_06_12,european,ITI44,latina,2,pp,2162
2488,2004_06_12,european,ITI44,latina,2,pri,1587
2489,2004_06_12,european,ITI44,latina,2,rc,13971
2490,2004_06_12,european,ITI44,latina,2,su,5879
2491,2004_06_12,european,ITI44,latina,2,udc,28517
2492,2004_06_12,european,ITI44,latina,2,ulivo,61104
2493,2004_06_12,european,ITI45,frosinone,0,eligible_voters,426815
2494,2004_06_12,european,ITI45,frosinone,1,issued_ballots,333420
2495,2004_06_12,european,ITI45,frosinone,2,ap_udeur,6086
2496,2004_06_12,european,ITI45,frosinone,2,verdi,1090
2497,2004_06_12,european,ITI45,frosinone,2,ala,401
2498,2004_06_12,european,ITI45,frosinone,2,an,47060
2499,2004_06_12,european,ITI45,frosinone,2,as,4530
2500,2004_06_12,european,ITI45,frosinone,2,ci,9965
2501,2004_06_12,european,ITI45,frosinone,2,idv_occhetto,4738
2502,2004_06_12,european,ITI45,frosinone,2,verdi2,3929
2503,2004_06_12,european,ITI45,frosinone,2,ft,3895
2504,2004_06_12,european,ITI45,frosinone,2,fi,50674
2505,2004_06_12,european,ITI45,frosinone,2,lega,960
2506,2004_06_12,european,ITI45,frosinone,2,lc,2443
2507,2004_06_12,european,ITI45,frosinone,2,bonino,3855
2508,2004_06_12,european,ITI45,frosinone,2,pss,795
2509,2004_06_12,european,ITI45,frosinone,2,pn,707
2510,2004_06_12,european,ITI45,frosinone,2,pp,1999
2511,2004_06_12,european,ITI45,frosinone,2,pri,874
2512,2004_06_12,european,ITI45,frosinone,2,rc,17335
2513,2004_06_12,european,ITI45,frosinone,2,su,6011
2514,2004_06_12,european,ITI45,frosinone,2,udc,52712
2515,2004_06_12,european,ITI45,frosinone,2,ulivo,66268
