,election_date,election_type,harmonised_code,harmonised_name,type,name,votes
0,2006_04_09,camera,ITC11,torino,0,eligible_voters,1810564
1,2006_04_09,camera,ITC11,torino,1,issued_ballots,1535723
2,2006_04_09,camera,ITC11,torino,2,an,181117
3,2006_04_09,camera,ITC11,torino,2,asm,9341
4,2006_04_09,camera,ITC11,torino,2,amb,4167
5,2006_04_09,camera,ITC11,torino,2,ci,49245
6,2006_04_09,camera,ITC11,torino,2,dcnpsi,6156
7,2006_04_09,camera,ITC11,torino,2,idv,41710
8,2006_04_09,camera,ITC11,torino,2,verdi,42096
9,2006_04_09,camera,ITC11,torino,2,ft,7647
10,2006_04_09,camera,ITC11,torino,2,fi,301386
11,2006_04_09,camera,ITC11,torino,2,is,4166
12,2006_04_09,camera,ITC11,torino,2,ulivo,520753
13,2006_04_09,camera,ITC11,torino,2,rnp,43413
14,2006_04_09,camera,ITC11,torino,2,lega,64172
15,2006_04_09,camera,ITC11,torino,2,ne,5269
16,2006_04_09,camera,ITC11,torino,2,pp,19317
17,2006_04_09,camera,ITC11,torino,2,rc,100134
18,2006_04_09,camera,ITC11,torino,2,udeur,7713
19,2006_04_09,camera,ITC11,torino,2,udc,86907
20,2006_04_09,camera,ITC12,vercelli,0,eligible_voters,147636
21,2006_04_09,camera,ITC12,vercelli,1,issued_ballots,125342
22,2006_04_09,camera,ITC12,vercelli,2,an,13882
23,2006_04_09,camera,ITC12,vercelli,2,asm,794
24,2006_04_09,camera,ITC12,vercelli,2,ci,3163
25,2006_04_09,camera,ITC12,vercelli,2,dcnpsi,678
26,2006_04_09,camera,ITC12,vercelli,2,idv,2233
27,2006_04_09,camera,ITC12,vercelli,2,verdi,2466
28,2006_04_09,camera,ITC12,vercelli,2,ft,1024
29,2006_04_09,camera,ITC12,vercelli,2,fi,34724
30,2006_04_09,camera,ITC12,vercelli,2,ulivo,33828
31,2006_04_09,camera,ITC12,vercelli,2,rnp,3108
32,2006_04_09,camera,ITC12,vercelli,2,lega,9622
33,2006_04_09,camera,ITC12,vercelli,2,ne,543
34,2006_04_09,camera,ITC12,vercelli,2,pp,1990
35,2006_04_09,camera,ITC12,vercelli,2,rc,6298
36,2006_04_09,camera,ITC12,vercelli,2,udeur,530
37,2006_04_09,camera,ITC12,vercelli,2,udc,5830
38,2006_04_09,camera,ITC13,biella,0,eligible_voters,150454
39,2006_04_09,camera,ITC13,biella,1,issued_ballots,129447
40,2006_04_09,camera,ITC13,biella,2,an,13893
41,2006_04_09,camera,ITC13,biella,2,asm,653
42,2006_04_09,camera,ITC13,biella,2,ci,3295
43,2006_04_09,camera,ITC13,biella,2,dcnpsi,496
44,2006_04_09,camera,ITC13,biella,2,idv,2455
45,2006_04_09,camera,ITC13,biella,2,verdi,2360
46,2006_04_09,camera,ITC13,biella,2,ft,718
47,2006_04_09,camera,ITC13,biella,2,fi,32002
48,2006_04_09,camera,ITC13,biella,2,ulivo,35191
49,2006_04_09,camera,ITC13,biella,2,rnp,3283
50,2006_04_09,camera,ITC13,biella,2,lega,10052
51,2006_04_09,camera,ITC13,biella,2,ne,510
52,2006_04_09,camera,ITC13,biella,2,pp,1600
53,2006_04_09,camera,ITC13,biella,2,rc,6102
54,2006_04_09,camera,ITC13,biella,2,udeur,521
55,2006_04_09,camera,ITC13,biella,2,udc,6695
56,2006_04_09,camera,ITC14,verbanocusioossola,0,eligible_voters,133626
57,2006_04_09,camera,ITC14,verbanocusioossola,1,issued_ballots,112027
58,2006_04_09,camera,ITC14,verbanocusioossola,2,an,13390
59,2006_04_09,camera,ITC14,verbanocusioossola,2,asm,575
60,2006_04_09,camera,ITC14,verbanocusioossola,2,ci,2886
61,2006_04_09,camera,ITC14,verbanocusioossola,2,dcnpsi,742
62,2006_04_09,camera,ITC14,verbanocusioossola,2,idv,2304
63,2006_04_09,camera,ITC14,verbanocusioossola,2,verdi,2180
64,2006_04_09,camera,ITC14,verbanocusioossola,2,ft,700
65,2006_04_09,camera,ITC14,verbanocusioossola,2,fi,31569
66,2006_04_09,camera,ITC14,verbanocusioossola,2,ulivo,28776
67,2006_04_09,camera,ITC14,verbanocusioossola,2,rnp,2698
68,2006_04_09,camera,ITC14,verbanocusioossola,2,lega,10272
69,2006_04_09,camera,ITC14,verbanocusioossola,2,ne,340
70,2006_04_09,camera,ITC14,verbanocusioossola,2,pp,1084
71,2006_04_09,camera,ITC14,verbanocusioossola,2,rc,6197
72,2006_04_09,camera,ITC14,verbanocusioossola,2,udeur,302
73,2006_04_09,camera,ITC14,verbanocusioossola,2,udc,4700
74,2006_04_09,camera,ITC15,novara,0,eligible_voters,285791
75,2006_04_09,camera,ITC15,novara,1,issued_ballots,245986
76,2006_04_09,camera,ITC15,novara,2,an,28897
77,2006_04_09,camera,ITC15,novara,2,asm,1445
78,2006_04_09,camera,ITC15,novara,2,ci,6081
79,2006_04_09,camera,ITC15,novara,2,dcnpsi,1047
80,2006_04_09,camera,ITC15,novara,2,idv,5386
81,2006_04_09,camera,ITC15,novara,2,verdi,5248
82,2006_04_09,camera,ITC15,novara,2,ft,1489
83,2006_04_09,camera,ITC15,novara,2,fi,67015
84,2006_04_09,camera,ITC15,novara,2,ulivo,64787
85,2006_04_09,camera,ITC15,novara,2,rnp,5607
86,2006_04_09,camera,ITC15,novara,2,lega,20120
87,2006_04_09,camera,ITC15,novara,2,ne,940
88,2006_04_09,camera,ITC15,novara,2,pp,3823
89,2006_04_09,camera,ITC15,novara,2,rc,13405
90,2006_04_09,camera,ITC15,novara,2,udeur,1180
91,2006_04_09,camera,ITC15,novara,2,udc,11718
92,2006_04_09,camera,ITC16,cuneo,0,eligible_voters,454414
93,2006_04_09,camera,ITC16,cuneo,1,issued_ballots,388075
94,2006_04_09,camera,ITC16,cuneo,2,an,40816
95,2006_04_09,camera,ITC16,cuneo,2,asm,1991
96,2006_04_09,camera,ITC16,cuneo,2,ci,6078
97,2006_04_09,camera,ITC16,cuneo,2,dcnpsi,2003
98,2006_04_09,camera,ITC16,cuneo,2,idv,10567
99,2006_04_09,camera,ITC16,cuneo,2,verdi,7445
100,2006_04_09,camera,ITC16,cuneo,2,ft,1862
101,2006_04_09,camera,ITC16,cuneo,2,fi,93901
102,2006_04_09,camera,ITC16,cuneo,2,ulivo,95661
103,2006_04_09,camera,ITC16,cuneo,2,rnp,8813
104,2006_04_09,camera,ITC16,cuneo,2,lega,39653
105,2006_04_09,camera,ITC16,cuneo,2,ne,1924
106,2006_04_09,camera,ITC16,cuneo,2,pp,4735
107,2006_04_09,camera,ITC16,cuneo,2,rc,14980
108,2006_04_09,camera,ITC16,cuneo,2,udeur,4644
109,2006_04_09,camera,ITC16,cuneo,2,udc,37776
110,2006_04_09,camera,ITC17,asti,0,eligible_voters,172656
111,2006_04_09,camera,ITC17,asti,1,issued_ballots,143444
112,2006_04_09,camera,ITC17,asti,2,an,16920
113,2006_04_09,camera,ITC17,asti,2,asm,988
114,2006_04_09,camera,ITC17,asti,2,ci,3755
115,2006_04_09,camera,ITC17,asti,2,dcnpsi,844
116,2006_04_09,camera,ITC17,asti,2,idv,3361
117,2006_04_09,camera,ITC17,asti,2,verdi,2779
118,2006_04_09,camera,ITC17,asti,2,ft,770
119,2006_04_09,camera,ITC17,asti,2,fi,36957
120,2006_04_09,camera,ITC17,asti,2,ulivo,38530
121,2006_04_09,camera,ITC17,asti,2,rnp,3023
122,2006_04_09,camera,ITC17,asti,2,lega,10237
123,2006_04_09,camera,ITC17,asti,2,ne,714
124,2006_04_09,camera,ITC17,asti,2,pp,1781
125,2006_04_09,camera,ITC17,asti,2,rc,6919
126,2006_04_09,camera,ITC17,asti,2,udeur,570
127,2006_04_09,camera,ITC17,asti,2,udc,10075
128,2006_04_09,camera,ITC18,alessandria,0,eligible_voters,356605
129,2006_04_09,camera,ITC18,alessandria,1,issued_ballots,299847
130,2006_04_09,camera,ITC18,alessandria,2,an,32354
131,2006_04_09,camera,ITC18,alessandria,2,asm,1713
132,2006_04_09,camera,ITC18,alessandria,2,ci,8788
133,2006_04_09,camera,ITC18,alessandria,2,dcnpsi,1559
134,2006_04_09,camera,ITC18,alessandria,2,idv,5711
135,2006_04_09,camera,ITC18,alessandria,2,verdi,5168
136,2006_04_09,camera,ITC18,alessandria,2,ft,1789
137,2006_04_09,camera,ITC18,alessandria,2,fi,79214
138,2006_04_09,camera,ITC18,alessandria,2,ulivo,88971
139,2006_04_09,camera,ITC18,alessandria,2,rnp,8815
140,2006_04_09,camera,ITC18,alessandria,2,lega,18664
141,2006_04_09,camera,ITC18,alessandria,2,ne,1194
142,2006_04_09,camera,ITC18,alessandria,2,pp,3558
143,2006_04_09,camera,ITC18,alessandria,2,rc,16892
144,2006_04_09,camera,ITC18,alessandria,2,udeur,1167
145,2006_04_09,camera,ITC18,alessandria,2,udc,15077
146,2006_04_09,camera,ITC31,imperia,0,eligible_voters,176492
147,2006_04_09,camera,ITC31,imperia,1,issued_ballots,143405
148,2006_04_09,camera,ITC31,imperia,2,an,18589
149,2006_04_09,camera,ITC31,imperia,2,asm,1172
150,2006_04_09,camera,ITC31,imperia,2,ci,3666
151,2006_04_09,camera,ITC31,imperia,2,dcnpsi,968
152,2006_04_09,camera,ITC31,imperia,2,idv,3342
153,2006_04_09,camera,ITC31,imperia,2,verdi,3172
154,2006_04_09,camera,ITC31,imperia,2,ft,829
155,2006_04_09,camera,ITC31,imperia,2,fi,47489
156,2006_04_09,camera,ITC31,imperia,2,ulivo,30241
157,2006_04_09,camera,ITC31,imperia,2,rnp,3697
158,2006_04_09,camera,ITC31,imperia,2,lega,7377
159,2006_04_09,camera,ITC31,imperia,2,ne,411
160,2006_04_09,camera,ITC31,imperia,2,pp,1785
161,2006_04_09,camera,ITC31,imperia,2,rc,7149
162,2006_04_09,camera,ITC31,imperia,2,udeur,525
163,2006_04_09,camera,ITC31,imperia,2,udc,9003
164,2006_04_09,camera,ITC32,savona,0,eligible_voters,206025
165,2006_04_09,camera,ITC32,savona,1,issued_ballots,175677
166,2006_04_09,camera,ITC32,savona,2,an,19296
167,2006_04_09,camera,ITC32,savona,2,asm,896
168,2006_04_09,camera,ITC32,savona,2,ci,4627
169,2006_04_09,camera,ITC32,savona,2,dcnpsi,668
170,2006_04_09,camera,ITC32,savona,2,idv,3730
171,2006_04_09,camera,ITC32,savona,2,verdi,3407
172,2006_04_09,camera,ITC32,savona,2,ft,960
173,2006_04_09,camera,ITC32,savona,2,fi,40848
174,2006_04_09,camera,ITC32,savona,2,ulivo,50783
175,2006_04_09,camera,ITC32,savona,2,rnp,4254
176,2006_04_09,camera,ITC32,savona,2,lega,7444
177,2006_04_09,camera,ITC32,savona,2,ne,394
178,2006_04_09,camera,ITC32,savona,2,pp,2512
179,2006_04_09,camera,ITC32,savona,2,rc,9524
180,2006_04_09,camera,ITC32,savona,2,udeur,993
181,2006_04_09,camera,ITC32,savona,2,udc,9564
182,2006_04_09,camera,ITC33,genova,0,eligible_voters,718450
183,2006_04_09,camera,ITC33,genova,1,issued_ballots,595098
184,2006_04_09,camera,ITC33,genova,2,an,61865
185,2006_04_09,camera,ITC33,genova,2,asm,3272
186,2006_04_09,camera,ITC33,genova,2,ci,17796
187,2006_04_09,camera,ITC33,genova,2,dcnpsi,2456
188,2006_04_09,camera,ITC33,genova,2,idv,13698
189,2006_04_09,camera,ITC33,genova,2,verdi,11638
190,2006_04_09,camera,ITC33,genova,2,ft,2240
191,2006_04_09,camera,ITC33,genova,2,fi,119784
192,2006_04_09,camera,ITC33,genova,2,ulivo,217917
193,2006_04_09,camera,ITC33,genova,2,rnp,15236
194,2006_04_09,camera,ITC33,genova,2,lega,18984
195,2006_04_09,camera,ITC33,genova,2,ne,979
196,2006_04_09,camera,ITC33,genova,2,pp,10056
197,2006_04_09,camera,ITC33,genova,2,rc,40463
198,2006_04_09,camera,ITC33,genova,2,udeur,2936
199,2006_04_09,camera,ITC33,genova,2,udc,34222
200,2006_04_09,camera,ITC34,la spezia,0,eligible_voters,185338
201,2006_04_09,camera,ITC34,la spezia,1,issued_ballots,158336
202,2006_04_09,camera,ITC34,la spezia,2,an,18150
203,2006_04_09,camera,ITC34,la spezia,2,asm,747
204,2006_04_09,camera,ITC34,la spezia,2,ci,4983
205,2006_04_09,camera,ITC34,la spezia,2,dcnpsi,954
206,2006_04_09,camera,ITC34,la spezia,2,idv,2905
207,2006_04_09,camera,ITC34,la spezia,2,verdi,2627
208,2006_04_09,camera,ITC34,la spezia,2,ft,821
209,2006_04_09,camera,ITC34,la spezia,2,fi,33210
210,2006_04_09,camera,ITC34,la spezia,2,ulivo,58650
211,2006_04_09,camera,ITC34,la spezia,2,rnp,4181
212,2006_04_09,camera,ITC34,la spezia,2,lega,3691
213,2006_04_09,camera,ITC34,la spezia,2,ne,217
214,2006_04_09,camera,ITC34,la spezia,2,pp,1434
215,2006_04_09,camera,ITC34,la spezia,2,rc,12452
216,2006_04_09,camera,ITC34,la spezia,2,udeur,557
217,2006_04_09,camera,ITC34,la spezia,2,udc,9096
218,2006_04_09,camera,ITC41,varese,0,eligible_voters,677410
219,2006_04_09,camera,ITC41,varese,1,issued_ballots,584700
220,2006_04_09,camera,ITC41,varese,2,ala,7568
221,2006_04_09,camera,ITC41,varese,2,an,57547
222,2006_04_09,camera,ITC41,varese,2,asm,4025
223,2006_04_09,camera,ITC41,varese,2,ci,9461
224,2006_04_09,camera,ITC41,varese,2,dcnpsi,2554
225,2006_04_09,camera,ITC41,varese,2,idv,11230
226,2006_04_09,camera,ITC41,varese,2,verdi,12117
227,2006_04_09,camera,ITC41,varese,2,ft,3706
228,2006_04_09,camera,ITC41,varese,2,fi,158107
229,2006_04_09,camera,ITC41,varese,2,ulivo,132448
230,2006_04_09,camera,ITC41,varese,2,rnp,11192
231,2006_04_09,camera,ITC41,varese,2,lega,83344
232,2006_04_09,camera,ITC41,varese,2,ne,1606
233,2006_04_09,camera,ITC41,varese,2,pp,8494
234,2006_04_09,camera,ITC41,varese,2,rc,28672
235,2006_04_09,camera,ITC41,varese,2,sos,538
236,2006_04_09,camera,ITC41,varese,2,udeur,2203
237,2006_04_09,camera,ITC41,varese,2,udc,33221
238,2006_04_09,camera,ITC42,como,0,eligible_voters,451086
239,2006_04_09,camera,ITC42,como,1,issued_ballots,393901
240,2006_04_09,camera,ITC42,como,2,ala,5806
241,2006_04_09,camera,ITC42,como,2,an,41255
242,2006_04_09,camera,ITC42,como,2,asm,2434
243,2006_04_09,camera,ITC42,como,2,ci,5136
244,2006_04_09,camera,ITC42,como,2,dcnpsi,1681
245,2006_04_09,camera,ITC42,como,2,idv,6954
246,2006_04_09,camera,ITC42,como,2,verdi,7501
247,2006_04_09,camera,ITC42,como,2,ft,2795
248,2006_04_09,camera,ITC42,como,2,fi,114657
249,2006_04_09,camera,ITC42,como,2,ulivo,82222
250,2006_04_09,camera,ITC42,como,2,rnp,7205
251,2006_04_09,camera,ITC42,como,2,lega,56323
252,2006_04_09,camera,ITC42,como,2,ne,1041
253,2006_04_09,camera,ITC42,como,2,pp,6321
254,2006_04_09,camera,ITC42,como,2,rc,17142
255,2006_04_09,camera,ITC42,como,2,sos,352
256,2006_04_09,camera,ITC42,como,2,udeur,1156
257,2006_04_09,camera,ITC42,como,2,udc,23668
258,2006_04_09,camera,ITC43,lecco,0,eligible_voters,258003
259,2006_04_09,camera,ITC43,lecco,1,issued_ballots,228753
260,2006_04_09,camera,ITC43,lecco,2,ala,3796
261,2006_04_09,camera,ITC43,lecco,2,an,18915
262,2006_04_09,camera,ITC43,lecco,2,asm,1057
263,2006_04_09,camera,ITC43,lecco,2,ci,2921
264,2006_04_09,camera,ITC43,lecco,2,dcnpsi,1151
265,2006_04_09,camera,ITC43,lecco,2,idv,3764
266,2006_04_09,camera,ITC43,lecco,2,verdi,4637
267,2006_04_09,camera,ITC43,lecco,2,ft,1129
268,2006_04_09,camera,ITC43,lecco,2,fi,58038
269,2006_04_09,camera,ITC43,lecco,2,ulivo,61976
270,2006_04_09,camera,ITC43,lecco,2,rnp,3906
271,2006_04_09,camera,ITC43,lecco,2,lega,31491
272,2006_04_09,camera,ITC43,lecco,2,ne,542
273,2006_04_09,camera,ITC43,lecco,2,pp,3368
274,2006_04_09,camera,ITC43,lecco,2,rc,10427
275,2006_04_09,camera,ITC43,lecco,2,sos,166
276,2006_04_09,camera,ITC43,lecco,2,udeur,635
277,2006_04_09,camera,ITC43,lecco,2,udc,14342
278,2006_04_09,camera,ITC44,sondrio,0,eligible_voters,145756
279,2006_04_09,camera,ITC44,sondrio,1,issued_ballots,124581
280,2006_04_09,camera,ITC44,sondrio,2,ala,2245
281,2006_04_09,camera,ITC44,sondrio,2,an,9770
282,2006_04_09,camera,ITC44,sondrio,2,asm,573
283,2006_04_09,camera,ITC44,sondrio,2,ci,1199
284,2006_04_09,camera,ITC44,sondrio,2,dcnpsi,2105
285,2006_04_09,camera,ITC44,sondrio,2,idv,1575
286,2006_04_09,camera,ITC44,sondrio,2,verdi,1608
287,2006_04_09,camera,ITC44,sondrio,2,ft,427
288,2006_04_09,camera,ITC44,sondrio,2,fi,34736
289,2006_04_09,camera,ITC44,sondrio,2,ulivo,26449
290,2006_04_09,camera,ITC44,sondrio,2,rnp,2377
291,2006_04_09,camera,ITC44,sondrio,2,lega,23485
292,2006_04_09,camera,ITC44,sondrio,2,ne,227
293,2006_04_09,camera,ITC44,sondrio,2,pp,1174
294,2006_04_09,camera,ITC44,sondrio,2,rc,4394
295,2006_04_09,camera,ITC44,sondrio,2,sos,68
296,2006_04_09,camera,ITC44,sondrio,2,udeur,334
297,2006_04_09,camera,ITC44,sondrio,2,udc,7742
298,2006_04_09,camera,ITC46,bergamo,0,eligible_voters,798736
299,2006_04_09,camera,ITC46,bergamo,1,issued_ballots,714876
300,2006_04_09,camera,ITC46,bergamo,2,ala,14311
301,2006_04_09,camera,ITC46,bergamo,2,an,60739
302,2006_04_09,camera,ITC46,bergamo,2,asm,3279
303,2006_04_09,camera,ITC46,bergamo,2,ci,8552
304,2006_04_09,camera,ITC46,bergamo,2,dcnpsi,3214
305,2006_04_09,camera,ITC46,bergamo,2,idv,12831
306,2006_04_09,camera,ITC46,bergamo,2,verdi,11867
307,2006_04_09,camera,ITC46,bergamo,2,ft,3614
308,2006_04_09,camera,ITC46,bergamo,2,fi,183460
309,2006_04_09,camera,ITC46,bergamo,2,ulivo,158023
310,2006_04_09,camera,ITC46,bergamo,2,rnp,11784
311,2006_04_09,camera,ITC46,bergamo,2,lega,128707
312,2006_04_09,camera,ITC46,bergamo,2,ne,2003
313,2006_04_09,camera,ITC46,bergamo,2,pp,15640
314,2006_04_09,camera,ITC46,bergamo,2,rc,31460
315,2006_04_09,camera,ITC46,bergamo,2,sos,490
316,2006_04_09,camera,ITC46,bergamo,2,udeur,1665
317,2006_04_09,camera,ITC46,bergamo,2,udc,44716
318,2006_04_09,camera,ITC47,brescia,0,eligible_voters,899898
319,2006_04_09,camera,ITC47,brescia,1,issued_ballots,805594
320,2006_04_09,camera,ITC47,brescia,2,ala,10880
321,2006_04_09,camera,ITC47,brescia,2,an,75558
322,2006_04_09,camera,ITC47,brescia,2,asm,4417
323,2006_04_09,camera,ITC47,brescia,2,ci,11908
324,2006_04_09,camera,ITC47,brescia,2,dcnpsi,4035
325,2006_04_09,camera,ITC47,brescia,2,idv,14974
326,2006_04_09,camera,ITC47,brescia,2,df,0
327,2006_04_09,camera,ITC47,brescia,2,verdi,11844
328,2006_04_09,camera,ITC47,brescia,2,ft,4288
329,2006_04_09,camera,ITC47,brescia,2,fi,198996
330,2006_04_09,camera,ITC47,brescia,2,ulivo,195078
331,2006_04_09,camera,ITC47,brescia,2,rnp,15761
332,2006_04_09,camera,ITC47,brescia,2,lega,123846
333,2006_04_09,camera,ITC47,brescia,2,ne,2134
334,2006_04_09,camera,ITC47,brescia,2,pp,14280
335,2006_04_09,camera,ITC47,brescia,2,rc,37548
336,2006_04_09,camera,ITC47,brescia,2,sos,737
337,2006_04_09,camera,ITC47,brescia,2,svp,4
338,2006_04_09,camera,ITC47,brescia,2,udeur,2506
339,2006_04_09,camera,ITC47,brescia,2,udc,57448
340,2006_04_09,camera,ITC48,pavia,0,eligible_voters,424494
341,2006_04_09,camera,ITC48,pavia,1,issued_ballots,366051
342,2006_04_09,camera,ITC48,pavia,2,an,39913
343,2006_04_09,camera,ITC48,pavia,2,asm,2544
344,2006_04_09,camera,ITC48,pavia,2,ci,8427
345,2006_04_09,camera,ITC48,pavia,2,dcnpsi,1957
346,2006_04_09,camera,ITC48,pavia,2,idv,6637
347,2006_04_09,camera,ITC48,pavia,2,verdi,6050
348,2006_04_09,camera,ITC48,pavia,2,ft,2642
349,2006_04_09,camera,ITC48,pavia,2,fi,103496
350,2006_04_09,camera,ITC48,pavia,2,ulivo,98403
351,2006_04_09,camera,ITC48,pavia,2,rnp,8285
352,2006_04_09,camera,ITC48,pavia,2,lega,31210
353,2006_04_09,camera,ITC48,pavia,2,pp,7451
354,2006_04_09,camera,ITC48,pavia,2,rc,19436
355,2006_04_09,camera,ITC48,pavia,2,udeur,2642
356,2006_04_09,camera,ITC48,pavia,2,udc,16072
357,2006_04_09,camera,ITC49,lodi,0,eligible_voters,167495
358,2006_04_09,camera,ITC49,lodi,1,issued_ballots,147377
359,2006_04_09,camera,ITC49,lodi,2,an,14172
360,2006_04_09,camera,ITC49,lodi,2,asm,1249
361,2006_04_09,camera,ITC49,lodi,2,ci,3267
362,2006_04_09,camera,ITC49,lodi,2,dcnpsi,750
363,2006_04_09,camera,ITC49,lodi,2,idv,2517
364,2006_04_09,camera,ITC49,lodi,2,verdi,2480
365,2006_04_09,camera,ITC49,lodi,2,ft,802
366,2006_04_09,camera,ITC49,lodi,2,fi,38764
367,2006_04_09,camera,ITC49,lodi,2,ulivo,40680
368,2006_04_09,camera,ITC49,lodi,2,rnp,2726
369,2006_04_09,camera,ITC49,lodi,2,lega,14530
370,2006_04_09,camera,ITC49,lodi,2,pp,3424
371,2006_04_09,camera,ITC49,lodi,2,rc,8661
372,2006_04_09,camera,ITC49,lodi,2,udeur,470
373,2006_04_09,camera,ITC49,lodi,2,udc,8649
374,2006_04_09,camera,ITC4A,cremona,0,eligible_voters,278670
375,2006_04_09,camera,ITC4A,cremona,1,issued_ballots,247567
376,2006_04_09,camera,ITC4A,cremona,2,an,21643
377,2006_04_09,camera,ITC4A,cremona,2,asm,1409
378,2006_04_09,camera,ITC4A,cremona,2,ci,5359
379,2006_04_09,camera,ITC4A,cremona,2,dcnpsi,1825
380,2006_04_09,camera,ITC4A,cremona,2,idv,3820
381,2006_04_09,camera,ITC4A,cremona,2,verdi,4004
382,2006_04_09,camera,ITC4A,cremona,2,ft,1450
383,2006_04_09,camera,ITC4A,cremona,2,fi,63745
384,2006_04_09,camera,ITC4A,cremona,2,ulivo,67896
385,2006_04_09,camera,ITC4A,cremona,2,rnp,4728
386,2006_04_09,camera,ITC4A,cremona,2,lega,27914
387,2006_04_09,camera,ITC4A,cremona,2,pp,6402
388,2006_04_09,camera,ITC4A,cremona,2,rc,13663
389,2006_04_09,camera,ITC4A,cremona,2,udeur,815
390,2006_04_09,camera,ITC4A,cremona,2,udc,15301
391,2006_04_09,camera,ITC4B,mantova,0,eligible_voters,311006
392,2006_04_09,camera,ITC4B,mantova,1,issued_ballots,272245
393,2006_04_09,camera,ITC4B,mantova,2,an,27375
394,2006_04_09,camera,ITC4B,mantova,2,asm,1685
395,2006_04_09,camera,ITC4B,mantova,2,ci,6682
396,2006_04_09,camera,ITC4B,mantova,2,dcnpsi,1496
397,2006_04_09,camera,ITC4B,mantova,2,idv,4680
398,2006_04_09,camera,ITC4B,mantova,2,verdi,4643
399,2006_04_09,camera,ITC4B,mantova,2,ft,1711
400,2006_04_09,camera,ITC4B,mantova,2,fi,54511
401,2006_04_09,camera,ITC4B,mantova,2,ulivo,96052
402,2006_04_09,camera,ITC4B,mantova,2,rnp,6288
403,2006_04_09,camera,ITC4B,mantova,2,lega,24803
404,2006_04_09,camera,ITC4B,mantova,2,pp,3445
405,2006_04_09,camera,ITC4B,mantova,2,rc,12778
406,2006_04_09,camera,ITC4B,mantova,2,udeur,962
407,2006_04_09,camera,ITC4B,mantova,2,udc,17930
408,2006_04_09,camera,ITC4C,milano,0,eligible_voters,2415633
409,2006_04_09,camera,ITC4C,milano,1,issued_ballots,2085122
410,2006_04_09,camera,ITC4C,milano,2,an,227712
411,2006_04_09,camera,ITC4C,milano,2,asm,14853
412,2006_04_09,camera,ITC4C,milano,2,ci,40823
413,2006_04_09,camera,ITC4C,milano,2,dcnpsi,10187
414,2006_04_09,camera,ITC4C,milano,2,idv,45647
415,2006_04_09,camera,ITC4C,milano,2,verdi,51726
416,2006_04_09,camera,ITC4C,milano,2,ft,10244
417,2006_04_09,camera,ITC4C,milano,2,fi,560362
418,2006_04_09,camera,ITC4C,milano,2,ulivo,596058
419,2006_04_09,camera,ITC4C,milano,2,rnp,60775
420,2006_04_09,camera,ITC4C,milano,2,lega,139430
421,2006_04_09,camera,ITC4C,milano,2,ne,4565
422,2006_04_09,camera,ITC4C,milano,2,pp,31193
423,2006_04_09,camera,ITC4C,milano,2,rc,139163
424,2006_04_09,camera,ITC4C,milano,2,udeur,6133
425,2006_04_09,camera,ITC4C,milano,2,udc,104991
426,2006_04_09,camera,ITC4D,monza e della brianza,0,eligible_voters,643115
427,2006_04_09,camera,ITC4D,monza e della brianza,1,issued_ballots,569256
428,2006_04_09,camera,ITC4D,monza e della brianza,2,an,107660
429,2006_04_09,camera,ITC4D,monza e della brianza,2,asm,6585
430,2006_04_09,camera,ITC4D,monza e della brianza,2,ci,17233
431,2006_04_09,camera,ITC4D,monza e della brianza,2,dcnpsi,7111
432,2006_04_09,camera,ITC4D,monza e della brianza,2,idv,20994
433,2006_04_09,camera,ITC4D,monza e della brianza,2,verdi,22403
434,2006_04_09,camera,ITC4D,monza e della brianza,2,ft,5057
435,2006_04_09,camera,ITC4D,monza e della brianza,2,fi,313975
436,2006_04_09,camera,ITC4D,monza e della brianza,2,ulivo,289633
437,2006_04_09,camera,ITC4D,monza e della brianza,2,rnp,23853
438,2006_04_09,camera,ITC4D,monza e della brianza,2,lega,121927
439,2006_04_09,camera,ITC4D,monza e della brianza,2,ne,2934
440,2006_04_09,camera,ITC4D,monza e della brianza,2,pp,16469
441,2006_04_09,camera,ITC4D,monza e della brianza,2,rc,57526
442,2006_04_09,camera,ITC4D,monza e della brianza,2,udeur,3817
443,2006_04_09,camera,ITC4D,monza e della brianza,2,udc,65160
444,2006_04_09,camera,ITF11,laquila,0,eligible_voters,238761
445,2006_04_09,camera,ITF11,laquila,1,issued_ballots,197502
446,2006_04_09,camera,ITF11,laquila,2,an,27417
447,2006_04_09,camera,ITF11,laquila,2,asm,2523
448,2006_04_09,camera,ITF11,laquila,2,ci,4458
449,2006_04_09,camera,ITF11,laquila,2,dcnpsi,1386
450,2006_04_09,camera,ITF11,laquila,2,dn,223
451,2006_04_09,camera,ITF11,laquila,2,idv,6169
452,2006_04_09,camera,ITF11,laquila,2,verdi,1971
453,2006_04_09,camera,ITF11,laquila,2,ft,1325
454,2006_04_09,camera,ITF11,laquila,2,fi,44509
455,2006_04_09,camera,ITF11,laquila,2,ulivo,54151
456,2006_04_09,camera,ITF11,laquila,2,rnp,7197
457,2006_04_09,camera,ITF11,laquila,2,lega,2176
458,2006_04_09,camera,ITF11,laquila,2,pp,973
459,2006_04_09,camera,ITF11,laquila,2,rc,10834
460,2006_04_09,camera,ITF11,laquila,2,udeur,6448
461,2006_04_09,camera,ITF11,laquila,2,udc,14740
462,2006_04_09,camera,ITF12,teramo,0,eligible_voters,241538
463,2006_04_09,camera,ITF12,teramo,1,issued_ballots,204070
464,2006_04_09,camera,ITF12,teramo,2,an,27360
465,2006_04_09,camera,ITF12,teramo,2,asm,1322
466,2006_04_09,camera,ITF12,teramo,2,ci,6300
467,2006_04_09,camera,ITF12,teramo,2,dcnpsi,1597
468,2006_04_09,camera,ITF12,teramo,2,dn,280
469,2006_04_09,camera,ITF12,teramo,2,idv,5879
470,2006_04_09,camera,ITF12,teramo,2,verdi,2790
471,2006_04_09,camera,ITF12,teramo,2,ft,1560
472,2006_04_09,camera,ITF12,teramo,2,fi,43114
473,2006_04_09,camera,ITF12,teramo,2,ulivo,67000
474,2006_04_09,camera,ITF12,teramo,2,rnp,6441
475,2006_04_09,camera,ITF12,teramo,2,lega,857
476,2006_04_09,camera,ITF12,teramo,2,pp,1088
477,2006_04_09,camera,ITF12,teramo,2,rc,13485
478,2006_04_09,camera,ITF12,teramo,2,udeur,5858
479,2006_04_09,camera,ITF12,teramo,2,udc,12115
480,2006_04_09,camera,ITF13,pescara,0,eligible_voters,253705
481,2006_04_09,camera,ITF13,pescara,1,issued_ballots,212621
482,2006_04_09,camera,ITF13,pescara,2,an,30966
483,2006_04_09,camera,ITF13,pescara,2,asm,1461
484,2006_04_09,camera,ITF13,pescara,2,ci,5207
485,2006_04_09,camera,ITF13,pescara,2,dcnpsi,1305
486,2006_04_09,camera,ITF13,pescara,2,dn,256
487,2006_04_09,camera,ITF13,pescara,2,idv,9378
488,2006_04_09,camera,ITF13,pescara,2,verdi,2946
489,2006_04_09,camera,ITF13,pescara,2,ft,1540
490,2006_04_09,camera,ITF13,pescara,2,fi,47824
491,2006_04_09,camera,ITF13,pescara,2,ulivo,70158
492,2006_04_09,camera,ITF13,pescara,2,rnp,4484
493,2006_04_09,camera,ITF13,pescara,2,lega,542
494,2006_04_09,camera,ITF13,pescara,2,pp,1209
495,2006_04_09,camera,ITF13,pescara,2,rc,14208
496,2006_04_09,camera,ITF13,pescara,2,udeur,2350
497,2006_04_09,camera,ITF13,pescara,2,udc,12387
498,2006_04_09,camera,ITF14,chieti,0,eligible_voters,323730
499,2006_04_09,camera,ITF14,chieti,1,issued_ballots,271185
500,2006_04_09,camera,ITF14,chieti,2,an,35295
501,2006_04_09,camera,ITF14,chieti,2,asm,2241
502,2006_04_09,camera,ITF14,chieti,2,ci,5367
503,2006_04_09,camera,ITF14,chieti,2,dcnpsi,3824
504,2006_04_09,camera,ITF14,chieti,2,dn,312
505,2006_04_09,camera,ITF14,chieti,2,idv,13698
506,2006_04_09,camera,ITF14,chieti,2,verdi,5586
507,2006_04_09,camera,ITF14,chieti,2,ft,2369
508,2006_04_09,camera,ITF14,chieti,2,fi,58357
509,2006_04_09,camera,ITF14,chieti,2,ulivo,84793
510,2006_04_09,camera,ITF14,chieti,2,rnp,6738
511,2006_04_09,camera,ITF14,chieti,2,lega,794
512,2006_04_09,camera,ITF14,chieti,2,pp,1714
513,2006_04_09,camera,ITF14,chieti,2,rc,16698
514,2006_04_09,camera,ITF14,chieti,2,udeur,4639
515,2006_04_09,camera,ITF14,chieti,2,udc,18708
516,2006_04_09,camera,ITF21,isernia,0,eligible_voters,67754
517,2006_04_09,camera,ITF21,isernia,1,issued_ballots,55338
518,2006_04_09,camera,ITF21,isernia,2,an,6239
519,2006_04_09,camera,ITF21,isernia,2,asm,457
520,2006_04_09,camera,ITF21,isernia,2,ci,645
521,2006_04_09,camera,ITF21,isernia,2,dcnpsi,799
522,2006_04_09,camera,ITF21,isernia,2,idv,3527
523,2006_04_09,camera,ITF21,isernia,2,verdi,471
524,2006_04_09,camera,ITF21,isernia,2,ft,326
525,2006_04_09,camera,ITF21,isernia,2,fi,14149
526,2006_04_09,camera,ITF21,isernia,2,ulivo,12561
527,2006_04_09,camera,ITF21,isernia,2,rnp,984
528,2006_04_09,camera,ITF21,isernia,2,lega,114
529,2006_04_09,camera,ITF21,isernia,2,pp,243
530,2006_04_09,camera,ITF21,isernia,2,rc,2216
531,2006_04_09,camera,ITF21,isernia,2,udeur,2525
532,2006_04_09,camera,ITF21,isernia,2,udc,6205
533,2006_04_09,camera,ITF22,campobasso,0,eligible_voters,190306
534,2006_04_09,camera,ITF22,campobasso,1,issued_ballots,157412
535,2006_04_09,camera,ITF22,campobasso,2,an,16228
536,2006_04_09,camera,ITF22,campobasso,2,asm,1205
537,2006_04_09,camera,ITF22,campobasso,2,ci,3215
538,2006_04_09,camera,ITF22,campobasso,2,dcnpsi,3405
539,2006_04_09,camera,ITF22,campobasso,2,idv,13133
540,2006_04_09,camera,ITF22,campobasso,2,verdi,1950
541,2006_04_09,camera,ITF22,campobasso,2,ft,753
542,2006_04_09,camera,ITF22,campobasso,2,fi,39046
543,2006_04_09,camera,ITF22,campobasso,2,ulivo,48118
544,2006_04_09,camera,ITF22,campobasso,2,rnp,2556
545,2006_04_09,camera,ITF22,campobasso,2,lega,249
546,2006_04_09,camera,ITF22,campobasso,2,pp,856
547,2006_04_09,camera,ITF22,campobasso,2,rc,7732
548,2006_04_09,camera,ITF22,campobasso,2,udeur,3352
549,2006_04_09,camera,ITF22,campobasso,2,udc,9470
550,2006_04_09,camera,ITF31,caserta,0,eligible_voters,683300
551,2006_04_09,camera,ITF31,caserta,1,issued_ballots,542455
552,2006_04_09,camera,ITF31,caserta,2,an,68508
553,2006_04_09,camera,ITF31,caserta,2,asm,6042
554,2006_04_09,camera,ITF31,caserta,2,amb,1036
555,2006_04_09,camera,ITF31,caserta,2,ci,11008
556,2006_04_09,camera,ITF31,caserta,2,dcnpsi,11095
557,2006_04_09,camera,ITF31,caserta,2,idv,15402
558,2006_04_09,camera,ITF31,caserta,2,verdi,11282
559,2006_04_09,camera,ITF31,caserta,2,ft,3244
560,2006_04_09,camera,ITF31,caserta,2,fi,144312
561,2006_04_09,camera,ITF31,caserta,2,is,2302
562,2006_04_09,camera,ITF31,caserta,2,ulivo,132573
563,2006_04_09,camera,ITF31,caserta,2,rnp,17790
564,2006_04_09,camera,ITF31,caserta,2,lega,756
565,2006_04_09,camera,ITF31,caserta,2,ne,1212
566,2006_04_09,camera,ITF31,caserta,2,pp,2606
567,2006_04_09,camera,ITF31,caserta,2,pu,1597
568,2006_04_09,camera,ITF31,caserta,2,rc,25708
569,2006_04_09,camera,ITF31,caserta,2,sol,717
570,2006_04_09,camera,ITF31,caserta,2,tp,2732
571,2006_04_09,camera,ITF31,caserta,2,udeur,24428
572,2006_04_09,camera,ITF31,caserta,2,udc,36260
573,2006_04_09,camera,ITF32,benevento,0,eligible_voters,233303
574,2006_04_09,camera,ITF32,benevento,1,issued_ballots,194383
575,2006_04_09,camera,ITF32,benevento,2,an,24215
576,2006_04_09,camera,ITF32,benevento,2,asm,1115
577,2006_04_09,camera,ITF32,benevento,2,amb,210
578,2006_04_09,camera,ITF32,benevento,2,ci,3151
579,2006_04_09,camera,ITF32,benevento,2,dcnpsi,1235
580,2006_04_09,camera,ITF32,benevento,2,idv,3433
581,2006_04_09,camera,ITF32,benevento,2,verdi,1865
582,2006_04_09,camera,ITF32,benevento,2,ft,1187
583,2006_04_09,camera,ITF32,benevento,2,fi,45829
584,2006_04_09,camera,ITF32,benevento,2,is,196
585,2006_04_09,camera,ITF32,benevento,2,ulivo,48509
586,2006_04_09,camera,ITF32,benevento,2,rnp,3452
587,2006_04_09,camera,ITF32,benevento,2,lega,408
588,2006_04_09,camera,ITF32,benevento,2,ne,320
589,2006_04_09,camera,ITF32,benevento,2,pp,815
590,2006_04_09,camera,ITF32,benevento,2,pu,729
591,2006_04_09,camera,ITF32,benevento,2,rc,6952
592,2006_04_09,camera,ITF32,benevento,2,sol,109
593,2006_04_09,camera,ITF32,benevento,2,tp,523
594,2006_04_09,camera,ITF32,benevento,2,udeur,29715
595,2006_04_09,camera,ITF32,benevento,2,udc,12153
596,2006_04_09,camera,ITF33,napoli,0,eligible_voters,2421310
597,2006_04_09,camera,ITF33,napoli,1,issued_ballots,1856219
598,2006_04_09,camera,ITF33,napoli,2,an,222802
599,2006_04_09,camera,ITF33,napoli,2,asm,8788
600,2006_04_09,camera,ITF33,napoli,2,amb,2260
601,2006_04_09,camera,ITF33,napoli,2,ci,41452
602,2006_04_09,camera,ITF33,napoli,2,dcnpsi,26876
603,2006_04_09,camera,ITF33,napoli,2,idv,53539
604,2006_04_09,camera,ITF33,napoli,2,verdi,59550
605,2006_04_09,camera,ITF33,napoli,2,ft,8491
606,2006_04_09,camera,ITF33,napoli,2,fi,492594
607,2006_04_09,camera,ITF33,napoli,2,is,9040
608,2006_04_09,camera,ITF33,napoli,2,ulivo,530611
609,2006_04_09,camera,ITF33,napoli,2,rnp,46296
610,2006_04_09,camera,ITF33,napoli,2,lega,2358
611,2006_04_09,camera,ITF33,napoli,2,ls,847
612,2006_04_09,camera,ITF33,napoli,2,lc,4780
613,2006_04_09,camera,ITF33,napoli,2,ne,3273
614,2006_04_09,camera,ITF33,napoli,2,pli,1864
615,2006_04_09,camera,ITF33,napoli,2,pp,10685
616,2006_04_09,camera,ITF33,napoli,2,pu,4355
617,2006_04_09,camera,ITF33,napoli,2,rc,129929
618,2006_04_09,camera,ITF33,napoli,2,tp,5019
619,2006_04_09,camera,ITF33,napoli,2,udeur,62134
620,2006_04_09,camera,ITF33,napoli,2,udc,81409
621,2006_04_09,camera,ITF34,avellino,0,eligible_voters,350808
622,2006_04_09,camera,ITF34,avellino,1,issued_ballots,284523
623,2006_04_09,camera,ITF34,avellino,2,an,30474
624,2006_04_09,camera,ITF34,avellino,2,asm,1527
625,2006_04_09,camera,ITF34,avellino,2,amb,305
626,2006_04_09,camera,ITF34,avellino,2,ci,5765
627,2006_04_09,camera,ITF34,avellino,2,dcnpsi,4044
628,2006_04_09,camera,ITF34,avellino,2,idv,4877
629,2006_04_09,camera,ITF34,avellino,2,verdi,11114
630,2006_04_09,camera,ITF34,avellino,2,ft,2107
631,2006_04_09,camera,ITF34,avellino,2,fi,57030
632,2006_04_09,camera,ITF34,avellino,2,is,1737
633,2006_04_09,camera,ITF34,avellino,2,ulivo,96857
634,2006_04_09,camera,ITF34,avellino,2,rnp,8162
635,2006_04_09,camera,ITF34,avellino,2,lega,684
636,2006_04_09,camera,ITF34,avellino,2,ne,434
637,2006_04_09,camera,ITF34,avellino,2,pp,959
638,2006_04_09,camera,ITF34,avellino,2,pu,683
639,2006_04_09,camera,ITF34,avellino,2,rc,15179
640,2006_04_09,camera,ITF34,avellino,2,sol,171
641,2006_04_09,camera,ITF34,avellino,2,tp,287
642,2006_04_09,camera,ITF34,avellino,2,udeur,16819
643,2006_04_09,camera,ITF34,avellino,2,udc,14284
644,2006_04_09,camera,ITF35,salerno,0,eligible_voters,831363
645,2006_04_09,camera,ITF35,salerno,1,issued_ballots,682522
646,2006_04_09,camera,ITF35,salerno,2,an,80020
647,2006_04_09,camera,ITF35,salerno,2,asm,6747
648,2006_04_09,camera,ITF35,salerno,2,amb,739
649,2006_04_09,camera,ITF35,salerno,2,ci,11022
650,2006_04_09,camera,ITF35,salerno,2,dcnpsi,8559
651,2006_04_09,camera,ITF35,salerno,2,idv,11748
652,2006_04_09,camera,ITF35,salerno,2,verdi,14242
653,2006_04_09,camera,ITF35,salerno,2,ft,4504
654,2006_04_09,camera,ITF35,salerno,2,fi,176382
655,2006_04_09,camera,ITF35,salerno,2,is,793
656,2006_04_09,camera,ITF35,salerno,2,ulivo,158582
657,2006_04_09,camera,ITF35,salerno,2,rnp,16687
658,2006_04_09,camera,ITF35,salerno,2,lega,1162
659,2006_04_09,camera,ITF35,salerno,2,ne,1119
660,2006_04_09,camera,ITF35,salerno,2,pp,2202
661,2006_04_09,camera,ITF35,salerno,2,pu,1750
662,2006_04_09,camera,ITF35,salerno,2,rc,28593
663,2006_04_09,camera,ITF35,salerno,2,sol,430
664,2006_04_09,camera,ITF35,salerno,2,tp,908
665,2006_04_09,camera,ITF35,salerno,2,udeur,32858
666,2006_04_09,camera,ITF35,salerno,2,udc,34698
667,2006_04_09,camera,ITF43,taranto,0,eligible_voters,480599
668,2006_04_09,camera,ITF43,taranto,1,issued_ballots,382234
669,2006_04_09,camera,ITF43,taranto,2,an,45793
670,2006_04_09,camera,ITF43,taranto,2,asm,1752
671,2006_04_09,camera,ITF43,taranto,2,ci,9858
672,2006_04_09,camera,ITF43,taranto,2,dcnpsi,2954
673,2006_04_09,camera,ITF43,taranto,2,idv,7582
674,2006_04_09,camera,ITF43,taranto,2,dc,342
675,2006_04_09,camera,ITF43,taranto,2,verdi,4627
676,2006_04_09,camera,ITF43,taranto,2,ft,2428
677,2006_04_09,camera,ITF43,taranto,2,fi,102236
678,2006_04_09,camera,ITF43,taranto,2,is,2904
679,2006_04_09,camera,ITF43,taranto,2,ulivo,113745
680,2006_04_09,camera,ITF43,taranto,2,rnp,11169
681,2006_04_09,camera,ITF43,taranto,2,lega,2846
682,2006_04_09,camera,ITF43,taranto,2,ne,905
683,2006_04_09,camera,ITF43,taranto,2,pli,423
684,2006_04_09,camera,ITF43,taranto,2,pp,2020
685,2006_04_09,camera,ITF43,taranto,2,rc,22037
686,2006_04_09,camera,ITF43,taranto,2,sos,318
687,2006_04_09,camera,ITF43,taranto,2,sol,240
688,2006_04_09,camera,ITF43,taranto,2,udeur,5393
689,2006_04_09,camera,ITF43,taranto,2,udc,27949
690,2006_04_09,camera,ITF44,brindisi,0,eligible_voters,325885
691,2006_04_09,camera,ITF44,brindisi,1,issued_ballots,260849
692,2006_04_09,camera,ITF44,brindisi,2,an,31823
693,2006_04_09,camera,ITF44,brindisi,2,asm,974
694,2006_04_09,camera,ITF44,brindisi,2,ci,4323
695,2006_04_09,camera,ITF44,brindisi,2,dcnpsi,2619
696,2006_04_09,camera,ITF44,brindisi,2,idv,6364
697,2006_04_09,camera,ITF44,brindisi,2,dc,291
698,2006_04_09,camera,ITF44,brindisi,2,verdi,2803
699,2006_04_09,camera,ITF44,brindisi,2,ft,2170
700,2006_04_09,camera,ITF44,brindisi,2,fi,65112
701,2006_04_09,camera,ITF44,brindisi,2,is,4601
702,2006_04_09,camera,ITF44,brindisi,2,ulivo,78096
703,2006_04_09,camera,ITF44,brindisi,2,rnp,6846
704,2006_04_09,camera,ITF44,brindisi,2,lega,2803
705,2006_04_09,camera,ITF44,brindisi,2,ne,532
706,2006_04_09,camera,ITF44,brindisi,2,pli,615
707,2006_04_09,camera,ITF44,brindisi,2,pp,1101
708,2006_04_09,camera,ITF44,brindisi,2,rc,15323
709,2006_04_09,camera,ITF44,brindisi,2,sos,202
710,2006_04_09,camera,ITF44,brindisi,2,sol,113
711,2006_04_09,camera,ITF44,brindisi,2,udeur,1633
712,2006_04_09,camera,ITF44,brindisi,2,udc,21422
713,2006_04_09,camera,ITF45,lecce,0,eligible_voters,654067
714,2006_04_09,camera,ITF45,lecce,1,issued_ballots,534474
715,2006_04_09,camera,ITF45,lecce,2,an,73989
716,2006_04_09,camera,ITF45,lecce,2,asm,3525
717,2006_04_09,camera,ITF45,lecce,2,ci,7814
718,2006_04_09,camera,ITF45,lecce,2,dcnpsi,4790
719,2006_04_09,camera,ITF45,lecce,2,idv,10182
720,2006_04_09,camera,ITF45,lecce,2,dc,411
721,2006_04_09,camera,ITF45,lecce,2,verdi,8359
722,2006_04_09,camera,ITF45,lecce,2,ft,3958
723,2006_04_09,camera,ITF45,lecce,2,fi,127055
724,2006_04_09,camera,ITF45,lecce,2,is,8174
725,2006_04_09,camera,ITF45,lecce,2,ulivo,157576
726,2006_04_09,camera,ITF45,lecce,2,rnp,15712
727,2006_04_09,camera,ITF45,lecce,2,lega,1309
728,2006_04_09,camera,ITF45,lecce,2,ne,1076
729,2006_04_09,camera,ITF45,lecce,2,pli,867
730,2006_04_09,camera,ITF45,lecce,2,pp,3505
731,2006_04_09,camera,ITF45,lecce,2,rc,26195
732,2006_04_09,camera,ITF45,lecce,2,sos,336
733,2006_04_09,camera,ITF45,lecce,2,sol,228
734,2006_04_09,camera,ITF45,lecce,2,udeur,11809
735,2006_04_09,camera,ITF45,lecce,2,udc,42329
736,2006_04_09,camera,ITF46,foggia,0,eligible_voters,503712
737,2006_04_09,camera,ITF46,foggia,1,issued_ballots,387988
738,2006_04_09,camera,ITF46,foggia,2,an,46394
739,2006_04_09,camera,ITF46,foggia,2,asm,2340
740,2006_04_09,camera,ITF46,foggia,2,ci,7299
741,2006_04_09,camera,ITF46,foggia,2,dcnpsi,5166
742,2006_04_09,camera,ITF46,foggia,2,idv,11006
743,2006_04_09,camera,ITF46,foggia,2,dc,335
744,2006_04_09,camera,ITF46,foggia,2,verdi,4387
745,2006_04_09,camera,ITF46,foggia,2,ft,2149
746,2006_04_09,camera,ITF46,foggia,2,fi,90991
747,2006_04_09,camera,ITF46,foggia,2,is,3412
748,2006_04_09,camera,ITF46,foggia,2,ulivo,113104
749,2006_04_09,camera,ITF46,foggia,2,rnp,18650
750,2006_04_09,camera,ITF46,foggia,2,lega,3392
751,2006_04_09,camera,ITF46,foggia,2,ne,883
752,2006_04_09,camera,ITF46,foggia,2,pli,420
753,2006_04_09,camera,ITF46,foggia,2,pp,1641
754,2006_04_09,camera,ITF46,foggia,2,rc,22451
755,2006_04_09,camera,ITF46,foggia,2,sos,241
756,2006_04_09,camera,ITF46,foggia,2,sol,458
757,2006_04_09,camera,ITF46,foggia,2,udeur,8785
758,2006_04_09,camera,ITF46,foggia,2,udc,30642
759,2006_04_09,camera,ITF47,bari,0,eligible_voters,1003829
760,2006_04_09,camera,ITF47,bari,1,issued_ballots,793826
761,2006_04_09,camera,ITF47,bari,2,an,103822
762,2006_04_09,camera,ITF47,bari,2,asm,4670
763,2006_04_09,camera,ITF47,bari,2,ci,12181
764,2006_04_09,camera,ITF47,bari,2,dcnpsi,4804
765,2006_04_09,camera,ITF47,bari,2,idv,24550
766,2006_04_09,camera,ITF47,bari,2,dc,658
767,2006_04_09,camera,ITF47,bari,2,verdi,16631
768,2006_04_09,camera,ITF47,bari,2,ft,4087
769,2006_04_09,camera,ITF47,bari,2,fi,222903
770,2006_04_09,camera,ITF47,bari,2,is,16866
771,2006_04_09,camera,ITF47,bari,2,ulivo,208772
772,2006_04_09,camera,ITF47,bari,2,rnp,19992
773,2006_04_09,camera,ITF47,bari,2,lega,5008
774,2006_04_09,camera,ITF47,bari,2,ne,1552
775,2006_04_09,camera,ITF47,bari,2,pli,1430
776,2006_04_09,camera,ITF47,bari,2,pp,4343
777,2006_04_09,camera,ITF47,bari,2,rc,43835
778,2006_04_09,camera,ITF47,bari,2,sos,800
779,2006_04_09,camera,ITF47,bari,2,sol,553
780,2006_04_09,camera,ITF47,bari,2,udeur,14301
781,2006_04_09,camera,ITF47,bari,2,udc,57837
782,2006_04_09,camera,ITF48,barlettaandriatrani,0,eligible_voters,302492
783,2006_04_09,camera,ITF48,barlettaandriatrani,1,issued_ballots,236284
784,2006_04_09,camera,ITF48,barlettaandriatrani,2,an,27155
785,2006_04_09,camera,ITF48,barlettaandriatrani,2,asm,944
786,2006_04_09,camera,ITF48,barlettaandriatrani,2,ci,9966
787,2006_04_09,camera,ITF48,barlettaandriatrani,2,dcnpsi,2481
788,2006_04_09,camera,ITF48,barlettaandriatrani,2,idv,6685
789,2006_04_09,camera,ITF48,barlettaandriatrani,2,dc,410
790,2006_04_09,camera,ITF48,barlettaandriatrani,2,verdi,5043
791,2006_04_09,camera,ITF48,barlettaandriatrani,2,ft,1256
792,2006_04_09,camera,ITF48,barlettaandriatrani,2,fi,73243
793,2006_04_09,camera,ITF48,barlettaandriatrani,2,is,3022
794,2006_04_09,camera,ITF48,barlettaandriatrani,2,ulivo,56315
795,2006_04_09,camera,ITF48,barlettaandriatrani,2,rnp,5415
796,2006_04_09,camera,ITF48,barlettaandriatrani,2,lega,1282
797,2006_04_09,camera,ITF48,barlettaandriatrani,2,ne,440
798,2006_04_09,camera,ITF48,barlettaandriatrani,2,pli,705
799,2006_04_09,camera,ITF48,barlettaandriatrani,2,pp,1193
800,2006_04_09,camera,ITF48,barlettaandriatrani,2,rc,13158
801,2006_04_09,camera,ITF48,barlettaandriatrani,2,sos,188
802,2006_04_09,camera,ITF48,barlettaandriatrani,2,sol,149
803,2006_04_09,camera,ITF48,barlettaandriatrani,2,udeur,4492
804,2006_04_09,camera,ITF48,barlettaandriatrani,2,udc,15040
805,2006_04_09,camera,ITF51,potenza,0,eligible_voters,315775
806,2006_04_09,camera,ITF51,potenza,1,issued_ballots,253244
807,2006_04_09,camera,ITF51,potenza,2,an,23026
808,2006_04_09,camera,ITF51,potenza,2,asm,992
809,2006_04_09,camera,ITF51,potenza,2,ci,6463
810,2006_04_09,camera,ITF51,potenza,2,dcnpsi,1897
811,2006_04_09,camera,ITF51,potenza,2,idv,6887
812,2006_04_09,camera,ITF51,potenza,2,verdi,8754
813,2006_04_09,camera,ITF51,potenza,2,ft,1502
814,2006_04_09,camera,ITF51,potenza,2,fi,47049
815,2006_04_09,camera,ITF51,potenza,2,is,4372
816,2006_04_09,camera,ITF51,potenza,2,ulivo,84987
817,2006_04_09,camera,ITF51,potenza,2,rnp,8435
818,2006_04_09,camera,ITF51,potenza,2,lega,849
819,2006_04_09,camera,ITF51,potenza,2,pp,934
820,2006_04_09,camera,ITF51,potenza,2,pu,597
821,2006_04_09,camera,ITF51,potenza,2,rc,13775
822,2006_04_09,camera,ITF51,potenza,2,tp,1179
823,2006_04_09,camera,ITF51,potenza,2,udeur,10110
824,2006_04_09,camera,ITF51,potenza,2,udc,13982
825,2006_04_09,camera,ITF52,matera,0,eligible_voters,164058
826,2006_04_09,camera,ITF52,matera,1,issued_ballots,132242
827,2006_04_09,camera,ITF52,matera,2,an,15368
828,2006_04_09,camera,ITF52,matera,2,asm,680
829,2006_04_09,camera,ITF52,matera,2,ci,2505
830,2006_04_09,camera,ITF52,matera,2,dcnpsi,612
831,2006_04_09,camera,ITF52,matera,2,idv,3413
832,2006_04_09,camera,ITF52,matera,2,verdi,4279
833,2006_04_09,camera,ITF52,matera,2,ft,866
834,2006_04_09,camera,ITF52,matera,2,fi,24551
835,2006_04_09,camera,ITF52,matera,2,is,177
836,2006_04_09,camera,ITF52,matera,2,ulivo,42327
837,2006_04_09,camera,ITF52,matera,2,rnp,5352
838,2006_04_09,camera,ITF52,matera,2,lega,2510
839,2006_04_09,camera,ITF52,matera,2,pp,526
840,2006_04_09,camera,ITF52,matera,2,pu,284
841,2006_04_09,camera,ITF52,matera,2,rc,6520
842,2006_04_09,camera,ITF52,matera,2,tp,310
843,2006_04_09,camera,ITF52,matera,2,udeur,7390
844,2006_04_09,camera,ITF52,matera,2,udc,7448
845,2006_04_09,camera,ITF61,cosenza,0,eligible_voters,591479
846,2006_04_09,camera,ITF61,cosenza,1,issued_ballots,445212
847,2006_04_09,camera,ITF61,cosenza,2,an,46385
848,2006_04_09,camera,ITF61,cosenza,2,asm,2463
849,2006_04_09,camera,ITF61,cosenza,2,ci,15811
850,2006_04_09,camera,ITF61,cosenza,2,dcnpsi,3688
851,2006_04_09,camera,ITF61,cosenza,2,idv,9767
852,2006_04_09,camera,ITF61,cosenza,2,verdi,11659
853,2006_04_09,camera,ITF61,cosenza,2,ft,3006
854,2006_04_09,camera,ITF61,cosenza,2,fi,84949
855,2006_04_09,camera,ITF61,cosenza,2,is,5573
856,2006_04_09,camera,ITF61,cosenza,2,ulivo,111890
857,2006_04_09,camera,ITF61,cosenza,2,rnp,29451
858,2006_04_09,camera,ITF61,cosenza,2,lega,4905
859,2006_04_09,camera,ITF61,cosenza,2,lc,19578
860,2006_04_09,camera,ITF61,cosenza,2,pp,1667
861,2006_04_09,camera,ITF61,cosenza,2,pis,1582
862,2006_04_09,camera,ITF61,cosenza,2,rc,26799
863,2006_04_09,camera,ITF61,cosenza,2,udeur,17939
864,2006_04_09,camera,ITF61,cosenza,2,udc,27019
865,2006_04_09,camera,ITF62,crotone,0,eligible_voters,133165
866,2006_04_09,camera,ITF62,crotone,1,issued_ballots,91457
867,2006_04_09,camera,ITF62,crotone,2,an,8740
868,2006_04_09,camera,ITF62,crotone,2,asm,436
869,2006_04_09,camera,ITF62,crotone,2,ci,4279
870,2006_04_09,camera,ITF62,crotone,2,dcnpsi,646
871,2006_04_09,camera,ITF62,crotone,2,idv,2638
872,2006_04_09,camera,ITF62,crotone,2,verdi,1394
873,2006_04_09,camera,ITF62,crotone,2,ft,447
874,2006_04_09,camera,ITF62,crotone,2,fi,14699
875,2006_04_09,camera,ITF62,crotone,2,is,1092
876,2006_04_09,camera,ITF62,crotone,2,ulivo,29394
877,2006_04_09,camera,ITF62,crotone,2,rnp,2665
878,2006_04_09,camera,ITF62,crotone,2,lega,127
879,2006_04_09,camera,ITF62,crotone,2,lc,3603
880,2006_04_09,camera,ITF62,crotone,2,pp,362
881,2006_04_09,camera,ITF62,crotone,2,pis,847
882,2006_04_09,camera,ITF62,crotone,2,rc,5945
883,2006_04_09,camera,ITF62,crotone,2,udeur,4207
884,2006_04_09,camera,ITF62,crotone,2,udc,6005
885,2006_04_09,camera,ITF63,catanzaro,0,eligible_voters,293092
886,2006_04_09,camera,ITF63,catanzaro,1,issued_ballots,222015
887,2006_04_09,camera,ITF63,catanzaro,2,an,21933
888,2006_04_09,camera,ITF63,catanzaro,2,asm,2070
889,2006_04_09,camera,ITF63,catanzaro,2,ci,5045
890,2006_04_09,camera,ITF63,catanzaro,2,dcnpsi,1778
891,2006_04_09,camera,ITF63,catanzaro,2,idv,5134
892,2006_04_09,camera,ITF63,catanzaro,2,verdi,3220
893,2006_04_09,camera,ITF63,catanzaro,2,ft,1837
894,2006_04_09,camera,ITF63,catanzaro,2,fi,46563
895,2006_04_09,camera,ITF63,catanzaro,2,is,5120
896,2006_04_09,camera,ITF63,catanzaro,2,ulivo,57183
897,2006_04_09,camera,ITF63,catanzaro,2,rnp,4023
898,2006_04_09,camera,ITF63,catanzaro,2,lega,892
899,2006_04_09,camera,ITF63,catanzaro,2,lc,13999
900,2006_04_09,camera,ITF63,catanzaro,2,pp,1033
901,2006_04_09,camera,ITF63,catanzaro,2,pis,1022
902,2006_04_09,camera,ITF63,catanzaro,2,rc,13060
903,2006_04_09,camera,ITF63,catanzaro,2,udeur,9797
904,2006_04_09,camera,ITF63,catanzaro,2,udc,18885
905,2006_04_09,camera,ITF64,vibo valentia,0,eligible_voters,133055
906,2006_04_09,camera,ITF64,vibo valentia,1,issued_ballots,101115
907,2006_04_09,camera,ITF64,vibo valentia,2,an,9618
908,2006_04_09,camera,ITF64,vibo valentia,2,asm,846
909,2006_04_09,camera,ITF64,vibo valentia,2,ci,2703
910,2006_04_09,camera,ITF64,vibo valentia,2,dcnpsi,1002
911,2006_04_09,camera,ITF64,vibo valentia,2,idv,1367
912,2006_04_09,camera,ITF64,vibo valentia,2,verdi,2835
913,2006_04_09,camera,ITF64,vibo valentia,2,ft,739
914,2006_04_09,camera,ITF64,vibo valentia,2,fi,17149
915,2006_04_09,camera,ITF64,vibo valentia,2,is,2735
916,2006_04_09,camera,ITF64,vibo valentia,2,ulivo,25268
917,2006_04_09,camera,ITF64,vibo valentia,2,rnp,3120
918,2006_04_09,camera,ITF64,vibo valentia,2,lega,339
919,2006_04_09,camera,ITF64,vibo valentia,2,lc,9399
920,2006_04_09,camera,ITF64,vibo valentia,2,pp,408
921,2006_04_09,camera,ITF64,vibo valentia,2,pis,294
922,2006_04_09,camera,ITF64,vibo valentia,2,rc,4707
923,2006_04_09,camera,ITF64,vibo valentia,2,udeur,6350
924,2006_04_09,camera,ITF64,vibo valentia,2,udc,7263
925,2006_04_09,camera,ITF65,reggio calabria,0,eligible_voters,424156
926,2006_04_09,camera,ITF65,reggio calabria,1,issued_ballots,315855
927,2006_04_09,camera,ITF65,reggio calabria,2,an,34552
928,2006_04_09,camera,ITF65,reggio calabria,2,asm,3338
929,2006_04_09,camera,ITF65,reggio calabria,2,ci,9465
930,2006_04_09,camera,ITF65,reggio calabria,2,dcnpsi,3447
931,2006_04_09,camera,ITF65,reggio calabria,2,idv,5666
932,2006_04_09,camera,ITF65,reggio calabria,2,verdi,4200
933,2006_04_09,camera,ITF65,reggio calabria,2,ft,1994
934,2006_04_09,camera,ITF65,reggio calabria,2,fi,62330
935,2006_04_09,camera,ITF65,reggio calabria,2,is,10291
936,2006_04_09,camera,ITF65,reggio calabria,2,ulivo,70587
937,2006_04_09,camera,ITF65,reggio calabria,2,rnp,8995
938,2006_04_09,camera,ITF65,reggio calabria,2,lega,2842
939,2006_04_09,camera,ITF65,reggio calabria,2,lc,11054
940,2006_04_09,camera,ITF65,reggio calabria,2,pp,1344
941,2006_04_09,camera,ITF65,reggio calabria,2,pis,1215
942,2006_04_09,camera,ITF65,reggio calabria,2,rc,16368
943,2006_04_09,camera,ITF65,reggio calabria,2,udeur,12737
944,2006_04_09,camera,ITF65,reggio calabria,2,udc,24737
945,2006_04_09,camera,ITG11,trapani,0,eligible_voters,350067
946,2006_04_09,camera,ITG11,trapani,1,issued_ballots,263786
947,2006_04_09,camera,ITG11,trapani,2,an,22444
948,2006_04_09,camera,ITG11,trapani,2,asm,1163
949,2006_04_09,camera,ITG11,trapani,2,ci,3847
950,2006_04_09,camera,ITG11,trapani,2,dcnpsi,7576
951,2006_04_09,camera,ITG11,trapani,2,idv,7611
952,2006_04_09,camera,ITG11,trapani,2,verdi,5536
953,2006_04_09,camera,ITG11,trapani,2,ft,1338
954,2006_04_09,camera,ITG11,trapani,2,fi,74991
955,2006_04_09,camera,ITG11,trapani,2,is,730
956,2006_04_09,camera,ITG11,trapani,2,ulivo,61602
957,2006_04_09,camera,ITG11,trapani,2,rnp,6207
958,2006_04_09,camera,ITG11,trapani,2,lega,4305
959,2006_04_09,camera,ITG11,trapani,2,lc,604
960,2006_04_09,camera,ITG11,trapani,2,mds,830
961,2006_04_09,camera,ITG11,trapani,2,ne,692
962,2006_04_09,camera,ITG11,trapani,2,pli,328
963,2006_04_09,camera,ITG11,trapani,2,pp,1108
964,2006_04_09,camera,ITG11,trapani,2,pu,663
965,2006_04_09,camera,ITG11,trapani,2,rc,8153
966,2006_04_09,camera,ITG11,trapani,2,tp,275
967,2006_04_09,camera,ITG11,trapani,2,udeur,14628
968,2006_04_09,camera,ITG11,trapani,2,udc,23498
969,2006_04_09,camera,ITG12,palermo,0,eligible_voters,1005843
970,2006_04_09,camera,ITG12,palermo,1,issued_ballots,742086
971,2006_04_09,camera,ITG12,palermo,2,an,75744
972,2006_04_09,camera,ITG12,palermo,2,asm,3737
973,2006_04_09,camera,ITG12,palermo,2,ci,9915
974,2006_04_09,camera,ITG12,palermo,2,dcnpsi,6934
975,2006_04_09,camera,ITG12,palermo,2,idv,46980
976,2006_04_09,camera,ITG12,palermo,2,verdi,13305
977,2006_04_09,camera,ITG12,palermo,2,ft,3094
978,2006_04_09,camera,ITG12,palermo,2,fi,226686
979,2006_04_09,camera,ITG12,palermo,2,is,2994
980,2006_04_09,camera,ITG12,palermo,2,ulivo,155363
981,2006_04_09,camera,ITG12,palermo,2,rnp,13726
982,2006_04_09,camera,ITG12,palermo,2,lega,12385
983,2006_04_09,camera,ITG12,palermo,2,lc,2093
984,2006_04_09,camera,ITG12,palermo,2,mds,3202
985,2006_04_09,camera,ITG12,palermo,2,ne,2893
986,2006_04_09,camera,ITG12,palermo,2,pli,1289
987,2006_04_09,camera,ITG12,palermo,2,pp,3586
988,2006_04_09,camera,ITG12,palermo,2,pu,2201
989,2006_04_09,camera,ITG12,palermo,2,rc,32279
990,2006_04_09,camera,ITG12,palermo,2,tp,323
991,2006_04_09,camera,ITG12,palermo,2,udeur,9269
992,2006_04_09,camera,ITG12,palermo,2,udc,81224
993,2006_04_09,camera,ITG13,messina,0,eligible_voters,533983
994,2006_04_09,camera,ITG13,messina,1,issued_ballots,405672
995,2006_04_09,camera,ITG13,messina,2,an,51953
996,2006_04_09,camera,ITG13,messina,2,asm,3331
997,2006_04_09,camera,ITG13,messina,2,amb,1003
998,2006_04_09,camera,ITG13,messina,2,ci,5887
999,2006_04_09,camera,ITG13,messina,2,dcnpsi,2824
1000,2006_04_09,camera,ITG13,messina,2,idv,8754
1001,2006_04_09,camera,ITG13,messina,2,verdi,5750
1002,2006_04_09,camera,ITG13,messina,2,ft,1971
1003,2006_04_09,camera,ITG13,messina,2,fi,114285
1004,2006_04_09,camera,ITG13,messina,2,irs,21
1005,2006_04_09,camera,ITG13,messina,2,ulivo,93363
1006,2006_04_09,camera,ITG13,messina,2,rnp,9227
1007,2006_04_09,camera,ITG13,messina,2,lega,18141
1008,2006_04_09,camera,ITG13,messina,2,ne,962
1009,2006_04_09,camera,ITG13,messina,2,pli,528
1010,2006_04_09,camera,ITG13,messina,2,pp,1953
1011,2006_04_09,camera,ITG13,messina,2,pu,1070
1012,2006_04_09,camera,ITG13,messina,2,rc,16207
1013,2006_04_09,camera,ITG13,messina,2,sn,23
1014,2006_04_09,camera,ITG13,messina,2,udeur,4520
1015,2006_04_09,camera,ITG13,messina,2,udc,44023
1016,2006_04_09,camera,ITG14,agrigento,0,eligible_voters,363047
1017,2006_04_09,camera,ITG14,agrigento,1,issued_ballots,263417
1018,2006_04_09,camera,ITG14,agrigento,2,an,19976
1019,2006_04_09,camera,ITG14,agrigento,2,asm,1281
1020,2006_04_09,camera,ITG14,agrigento,2,ci,4241
1021,2006_04_09,camera,ITG14,agrigento,2,dcnpsi,5162
1022,2006_04_09,camera,ITG14,agrigento,2,idv,5267
1023,2006_04_09,camera,ITG14,agrigento,2,verdi,5131
1024,2006_04_09,camera,ITG14,agrigento,2,ft,1512
1025,2006_04_09,camera,ITG14,agrigento,2,fi,58367
1026,2006_04_09,camera,ITG14,agrigento,2,is,7237
1027,2006_04_09,camera,ITG14,agrigento,2,ulivo,66914
1028,2006_04_09,camera,ITG14,agrigento,2,rnp,7619
1029,2006_04_09,camera,ITG14,agrigento,2,lega,8903
1030,2006_04_09,camera,ITG14,agrigento,2,lc,540
1031,2006_04_09,camera,ITG14,agrigento,2,mds,545
1032,2006_04_09,camera,ITG14,agrigento,2,ne,676
1033,2006_04_09,camera,ITG14,agrigento,2,pli,286
1034,2006_04_09,camera,ITG14,agrigento,2,pp,875
1035,2006_04_09,camera,ITG14,agrigento,2,pu,571
1036,2006_04_09,camera,ITG14,agrigento,2,rc,8045
1037,2006_04_09,camera,ITG14,agrigento,2,tp,124
1038,2006_04_09,camera,ITG14,agrigento,2,udeur,11519
1039,2006_04_09,camera,ITG14,agrigento,2,udc,33131
1040,2006_04_09,camera,ITG15,caltanissetta,0,eligible_voters,220245
1041,2006_04_09,camera,ITG15,caltanissetta,1,issued_ballots,162373
1042,2006_04_09,camera,ITG15,caltanissetta,2,an,12940
1043,2006_04_09,camera,ITG15,caltanissetta,2,asm,549
1044,2006_04_09,camera,ITG15,caltanissetta,2,ci,11613
1045,2006_04_09,camera,ITG15,caltanissetta,2,dcnpsi,2788
1046,2006_04_09,camera,ITG15,caltanissetta,2,idv,2916
1047,2006_04_09,camera,ITG15,caltanissetta,2,verdi,1297
1048,2006_04_09,camera,ITG15,caltanissetta,2,ft,936
1049,2006_04_09,camera,ITG15,caltanissetta,2,fi,42860
1050,2006_04_09,camera,ITG15,caltanissetta,2,is,511
1051,2006_04_09,camera,ITG15,caltanissetta,2,ulivo,43021
1052,2006_04_09,camera,ITG15,caltanissetta,2,rnp,3845
1053,2006_04_09,camera,ITG15,caltanissetta,2,lega,2975
1054,2006_04_09,camera,ITG15,caltanissetta,2,lc,541
1055,2006_04_09,camera,ITG15,caltanissetta,2,mds,599
1056,2006_04_09,camera,ITG15,caltanissetta,2,ne,359
1057,2006_04_09,camera,ITG15,caltanissetta,2,pli,1628
1058,2006_04_09,camera,ITG15,caltanissetta,2,pp,540
1059,2006_04_09,camera,ITG15,caltanissetta,2,pu,332
1060,2006_04_09,camera,ITG15,caltanissetta,2,rc,6360
1061,2006_04_09,camera,ITG15,caltanissetta,2,tp,169
1062,2006_04_09,camera,ITG15,caltanissetta,2,udeur,4232
1063,2006_04_09,camera,ITG15,caltanissetta,2,udc,13571
1064,2006_04_09,camera,ITG16,enna,0,eligible_voters,142311
1065,2006_04_09,camera,ITG16,enna,1,issued_ballots,107765
1066,2006_04_09,camera,ITG16,enna,2,an,8975
1067,2006_04_09,camera,ITG16,enna,2,asm,443
1068,2006_04_09,camera,ITG16,enna,2,amb,229
1069,2006_04_09,camera,ITG16,enna,2,ci,2642
1070,2006_04_09,camera,ITG16,enna,2,dcnpsi,538
1071,2006_04_09,camera,ITG16,enna,2,idv,1701
1072,2006_04_09,camera,ITG16,enna,2,verdi,1044
1073,2006_04_09,camera,ITG16,enna,2,ft,681
1074,2006_04_09,camera,ITG16,enna,2,fi,19570
1075,2006_04_09,camera,ITG16,enna,2,ulivo,35752
1076,2006_04_09,camera,ITG16,enna,2,rnp,2993
1077,2006_04_09,camera,ITG16,enna,2,lega,7256
1078,2006_04_09,camera,ITG16,enna,2,ne,215
1079,2006_04_09,camera,ITG16,enna,2,pli,117
1080,2006_04_09,camera,ITG16,enna,2,pp,407
1081,2006_04_09,camera,ITG16,enna,2,pu,214
1082,2006_04_09,camera,ITG16,enna,2,rc,4403
1083,2006_04_09,camera,ITG16,enna,2,udeur,2965
1084,2006_04_09,camera,ITG16,enna,2,udc,5898
1085,2006_04_09,camera,ITG17,catania,0,eligible_voters,866802
1086,2006_04_09,camera,ITG17,catania,1,issued_ballots,660860
1087,2006_04_09,camera,ITG17,catania,2,an,79040
1088,2006_04_09,camera,ITG17,catania,2,asm,5486
1089,2006_04_09,camera,ITG17,catania,2,amb,1529
1090,2006_04_09,camera,ITG17,catania,2,ci,12621
1091,2006_04_09,camera,ITG17,catania,2,dcnpsi,8447
1092,2006_04_09,camera,ITG17,catania,2,idv,13422
1093,2006_04_09,camera,ITG17,catania,2,verdi,7382
1094,2006_04_09,camera,ITG17,catania,2,ft,3653
1095,2006_04_09,camera,ITG17,catania,2,fi,197384
1096,2006_04_09,camera,ITG17,catania,2,ulivo,147952
1097,2006_04_09,camera,ITG17,catania,2,rnp,12137
1098,2006_04_09,camera,ITG17,catania,2,lega,64437
1099,2006_04_09,camera,ITG17,catania,2,ne,2064
1100,2006_04_09,camera,ITG17,catania,2,pli,1338
1101,2006_04_09,camera,ITG17,catania,2,pp,2914
1102,2006_04_09,camera,ITG17,catania,2,pu,1474
1103,2006_04_09,camera,ITG17,catania,2,rc,26005
1104,2006_04_09,camera,ITG17,catania,2,udeur,4290
1105,2006_04_09,camera,ITG17,catania,2,udc,40165
1106,2006_04_09,camera,ITG18,ragusa,0,eligible_voters,238650
1107,2006_04_09,camera,ITG18,ragusa,1,issued_ballots,187806
1108,2006_04_09,camera,ITG18,ragusa,2,an,18734
1109,2006_04_09,camera,ITG18,ragusa,2,asm,813
1110,2006_04_09,camera,ITG18,ragusa,2,amb,351
1111,2006_04_09,camera,ITG18,ragusa,2,ci,4882
1112,2006_04_09,camera,ITG18,ragusa,2,dcnpsi,684
1113,2006_04_09,camera,ITG18,ragusa,2,idv,5211
1114,2006_04_09,camera,ITG18,ragusa,2,verdi,2250
1115,2006_04_09,camera,ITG18,ragusa,2,ft,680
1116,2006_04_09,camera,ITG18,ragusa,2,fi,48790
1117,2006_04_09,camera,ITG18,ragusa,2,ulivo,55475
1118,2006_04_09,camera,ITG18,ragusa,2,rnp,3641
1119,2006_04_09,camera,ITG18,ragusa,2,lega,2734
1120,2006_04_09,camera,ITG18,ragusa,2,ne,512
1121,2006_04_09,camera,ITG18,ragusa,2,pli,191
1122,2006_04_09,camera,ITG18,ragusa,2,pp,723
1123,2006_04_09,camera,ITG18,ragusa,2,pu,394
1124,2006_04_09,camera,ITG18,ragusa,2,rc,6920
1125,2006_04_09,camera,ITG18,ragusa,2,udeur,1144
1126,2006_04_09,camera,ITG18,ragusa,2,udc,24408
1127,2006_04_09,camera,ITG19,siracusa,0,eligible_voters,322417
1128,2006_04_09,camera,ITG19,siracusa,1,issued_ballots,238374
1129,2006_04_09,camera,ITG19,siracusa,2,an,25364
1130,2006_04_09,camera,ITG19,siracusa,2,asm,1831
1131,2006_04_09,camera,ITG19,siracusa,2,amb,593
1132,2006_04_09,camera,ITG19,siracusa,2,ci,5238
1133,2006_04_09,camera,ITG19,siracusa,2,dcnpsi,1647
1134,2006_04_09,camera,ITG19,siracusa,2,idv,8183
1135,2006_04_09,camera,ITG19,siracusa,2,verdi,4177
1136,2006_04_09,camera,ITG19,siracusa,2,ft,1053
1137,2006_04_09,camera,ITG19,siracusa,2,fi,55366
1138,2006_04_09,camera,ITG19,siracusa,2,ulivo,69350
1139,2006_04_09,camera,ITG19,siracusa,2,rnp,6463
1140,2006_04_09,camera,ITG19,siracusa,2,lega,7089
1141,2006_04_09,camera,ITG19,siracusa,2,ne,546
1142,2006_04_09,camera,ITG19,siracusa,2,pli,243
1143,2006_04_09,camera,ITG19,siracusa,2,pp,1079
1144,2006_04_09,camera,ITG19,siracusa,2,pu,541
1145,2006_04_09,camera,ITG19,siracusa,2,rc,10613
1146,2006_04_09,camera,ITG19,siracusa,2,udeur,8636
1147,2006_04_09,camera,ITG19,siracusa,2,udc,21182
1148,2006_04_09,camera,ITG2D,sassari,0,eligible_voters,389924
1149,2006_04_09,camera,ITG2D,sassari,1,issued_ballots,307453
1150,2006_04_09,camera,ITG2D,sassari,2,an,49598
1151,2006_04_09,camera,ITG2D,sassari,2,asm,2382
1152,2006_04_09,camera,ITG2D,sassari,2,ci,11464
1153,2006_04_09,camera,ITG2D,sassari,2,dcnpsi,1906
1154,2006_04_09,camera,ITG2D,sassari,2,idv,8118
1155,2006_04_09,camera,ITG2D,sassari,2,verdi,3209
1156,2006_04_09,camera,ITG2D,sassari,2,ft,1618
1157,2006_04_09,camera,ITG2D,sassari,2,fi,96016
1158,2006_04_09,camera,ITG2D,sassari,2,irs,4587
1159,2006_04_09,camera,ITG2D,sassari,2,ulivo,121639
1160,2006_04_09,camera,ITG2D,sassari,2,rnp,8323
1161,2006_04_09,camera,ITG2D,sassari,2,lega,2216
1162,2006_04_09,camera,ITG2D,sassari,2,pp,2047
1163,2006_04_09,camera,ITG2D,sassari,2,rc,20016
1164,2006_04_09,camera,ITG2D,sassari,2,sn,4227
1165,2006_04_09,camera,ITG2D,sassari,2,udeur,15087
1166,2006_04_09,camera,ITG2D,sassari,2,udc,26894
1167,2006_04_09,camera,ITG2E,nuoro,0,eligible_voters,182432
1168,2006_04_09,camera,ITG2E,nuoro,1,issued_ballots,141001
1169,2006_04_09,camera,ITG2E,nuoro,2,an,18742
1170,2006_04_09,camera,ITG2E,nuoro,2,asm,720
1171,2006_04_09,camera,ITG2E,nuoro,2,ci,6457
1172,2006_04_09,camera,ITG2E,nuoro,2,dcnpsi,2374
1173,2006_04_09,camera,ITG2E,nuoro,2,idv,4448
1174,2006_04_09,camera,ITG2E,nuoro,2,verdi,1976
1175,2006_04_09,camera,ITG2E,nuoro,2,ft,675
1176,2006_04_09,camera,ITG2E,nuoro,2,fi,26894
1177,2006_04_09,camera,ITG2E,nuoro,2,irs,1535
1178,2006_04_09,camera,ITG2E,nuoro,2,ulivo,65617
1179,2006_04_09,camera,ITG2E,nuoro,2,rnp,5250
1180,2006_04_09,camera,ITG2E,nuoro,2,lega,377
1181,2006_04_09,camera,ITG2E,nuoro,2,pp,1267
1182,2006_04_09,camera,ITG2E,nuoro,2,rc,14087
1183,2006_04_09,camera,ITG2E,nuoro,2,sn,2228
1184,2006_04_09,camera,ITG2E,nuoro,2,udeur,5476
1185,2006_04_09,camera,ITG2E,nuoro,2,udc,13486
1186,2006_04_09,camera,ITG2F,cagliari,0,eligible_voters,352710
1187,2006_04_09,camera,ITG2F,cagliari,1,issued_ballots,276050
1188,2006_04_09,camera,ITG2F,cagliari,2,an,40017
1189,2006_04_09,camera,ITG2F,cagliari,2,asm,2677
1190,2006_04_09,camera,ITG2F,cagliari,2,ci,8541
1191,2006_04_09,camera,ITG2F,cagliari,2,dcnpsi,1314
1192,2006_04_09,camera,ITG2F,cagliari,2,idv,6610
1193,2006_04_09,camera,ITG2F,cagliari,2,verdi,4716
1194,2006_04_09,camera,ITG2F,cagliari,2,ft,1227
1195,2006_04_09,camera,ITG2F,cagliari,2,fi,68299
1196,2006_04_09,camera,ITG2F,cagliari,2,irs,2100
1197,2006_04_09,camera,ITG2F,cagliari,2,ulivo,82406
1198,2006_04_09,camera,ITG2F,cagliari,2,rnp,8450
1199,2006_04_09,camera,ITG2F,cagliari,2,lega,478
1200,2006_04_09,camera,ITG2F,cagliari,2,pp,1523
1201,2006_04_09,camera,ITG2F,cagliari,2,rc,17483
1202,2006_04_09,camera,ITG2F,cagliari,2,sn,2079
1203,2006_04_09,camera,ITG2F,cagliari,2,udeur,2814
1204,2006_04_09,camera,ITG2F,cagliari,2,udc,19978
1205,2006_04_09,camera,ITG2G,oristano,0,eligible_voters,141260
1206,2006_04_09,camera,ITG2G,oristano,1,issued_ballots,109310
1207,2006_04_09,camera,ITG2G,oristano,2,an,16073
1208,2006_04_09,camera,ITG2G,oristano,2,asm,567
1209,2006_04_09,camera,ITG2G,oristano,2,ci,2297
1210,2006_04_09,camera,ITG2G,oristano,2,dcnpsi,576
1211,2006_04_09,camera,ITG2G,oristano,2,idv,2404
1212,2006_04_09,camera,ITG2G,oristano,2,verdi,1070
1213,2006_04_09,camera,ITG2G,oristano,2,ft,529
1214,2006_04_09,camera,ITG2G,oristano,2,fi,26288
1215,2006_04_09,camera,ITG2G,oristano,2,irs,1614
1216,2006_04_09,camera,ITG2G,oristano,2,ulivo,33009
1217,2006_04_09,camera,ITG2G,oristano,2,rnp,2966
1218,2006_04_09,camera,ITG2G,oristano,2,lega,1204
1219,2006_04_09,camera,ITG2G,oristano,2,pp,771
1220,2006_04_09,camera,ITG2G,oristano,2,rc,5651
1221,2006_04_09,camera,ITG2G,oristano,2,sn,1238
1222,2006_04_09,camera,ITG2G,oristano,2,udeur,1055
1223,2006_04_09,camera,ITG2G,oristano,2,udc,7445
1224,2006_04_09,camera,ITG2H,sud sardegna,0,eligible_voters,308422
1225,2006_04_09,camera,ITG2H,sud sardegna,1,issued_ballots,237271
1226,2006_04_09,camera,ITG2H,sud sardegna,2,an,50093
1227,2006_04_09,camera,ITG2H,sud sardegna,2,asm,4346
1228,2006_04_09,camera,ITG2H,sud sardegna,2,ci,15998
1229,2006_04_09,camera,ITG2H,sud sardegna,2,dcnpsi,2943
1230,2006_04_09,camera,ITG2H,sud sardegna,2,idv,9309
1231,2006_04_09,camera,ITG2H,sud sardegna,2,verdi,4738
1232,2006_04_09,camera,ITG2H,sud sardegna,2,ft,2457
1233,2006_04_09,camera,ITG2H,sud sardegna,2,fi,96130
1234,2006_04_09,camera,ITG2H,sud sardegna,2,irs,4943
1235,2006_04_09,camera,ITG2H,sud sardegna,2,ulivo,162251
1236,2006_04_09,camera,ITG2H,sud sardegna,2,rnp,10583
1237,2006_04_09,camera,ITG2H,sud sardegna,2,lega,1023
1238,2006_04_09,camera,ITG2H,sud sardegna,2,pp,3085
1239,2006_04_09,camera,ITG2H,sud sardegna,2,rc,35894
1240,2006_04_09,camera,ITG2H,sud sardegna,2,sn,4077
1241,2006_04_09,camera,ITG2H,sud sardegna,2,udeur,5271
1242,2006_04_09,camera,ITG2H,sud sardegna,2,udc,41142
1243,2006_04_09,camera,ITH10,bolzano,0,eligible_voters,365358
1244,2006_04_09,camera,ITH10,bolzano,1,issued_ballots,321595
1245,2006_04_09,camera,ITH10,bolzano,2,an,21332
1246,2006_04_09,camera,ITH10,bolzano,2,asm,698
1247,2006_04_09,camera,ITH10,bolzano,2,ci,2138
1248,2006_04_09,camera,ITH10,bolzano,2,dcnpsi,506
1249,2006_04_09,camera,ITH10,bolzano,2,idv,3315
1250,2006_04_09,camera,ITH10,bolzano,2,df,16638
1251,2006_04_09,camera,ITH10,bolzano,2,verdi,16754
1252,2006_04_09,camera,ITH10,bolzano,2,ft,1453
1253,2006_04_09,camera,ITH10,bolzano,2,fi,30214
1254,2006_04_09,camera,ITH10,bolzano,2,ulivo,33461
1255,2006_04_09,camera,ITH10,bolzano,2,rnp,3910
1256,2006_04_09,camera,ITH10,bolzano,2,lega,2799
1257,2006_04_09,camera,ITH10,bolzano,2,pp,1381
1258,2006_04_09,camera,ITH10,bolzano,2,rc,4711
1259,2006_04_09,camera,ITH10,bolzano,2,svp,165968
1260,2006_04_09,camera,ITH10,bolzano,2,udeur,315
1261,2006_04_09,camera,ITH10,bolzano,2,udc,5324
1262,2006_04_09,camera,ITH20,trento,0,eligible_voters,389809
1263,2006_04_09,camera,ITH20,trento,1,issued_ballots,340861
1264,2006_04_09,camera,ITH20,trento,2,an,30897
1265,2006_04_09,camera,ITH20,trento,2,asm,1700
1266,2006_04_09,camera,ITH20,trento,2,ci,4817
1267,2006_04_09,camera,ITH20,trento,2,dcnpsi,1193
1268,2006_04_09,camera,ITH20,trento,2,idv,8934
1269,2006_04_09,camera,ITH20,trento,2,df,529
1270,2006_04_09,camera,ITH20,trento,2,verdi,8384
1271,2006_04_09,camera,ITH20,trento,2,ft,2271
1272,2006_04_09,camera,ITH20,trento,2,fi,76630
1273,2006_04_09,camera,ITH20,trento,2,ulivo,99349
1274,2006_04_09,camera,ITH20,trento,2,rnp,7468
1275,2006_04_09,camera,ITH20,trento,2,lega,26000
1276,2006_04_09,camera,ITH20,trento,2,ne,9
1277,2006_04_09,camera,ITH20,trento,2,pp,4012
1278,2006_04_09,camera,ITH20,trento,2,rc,14883
1279,2006_04_09,camera,ITH20,trento,2,svp,16735
1280,2006_04_09,camera,ITH20,trento,2,udeur,1203
1281,2006_04_09,camera,ITH20,trento,2,udc,25878
1282,2006_04_09,camera,ITH31,verona,0,eligible_voters,664147
1283,2006_04_09,camera,ITH31,verona,1,issued_ballots,585054
1284,2006_04_09,camera,ITH31,verona,2,an,70626
1285,2006_04_09,camera,ITH31,verona,2,asm,5356
1286,2006_04_09,camera,ITH31,verona,2,amb,819
1287,2006_04_09,camera,ITH31,verona,2,ci,6583
1288,2006_04_09,camera,ITH31,verona,2,dcnpsi,2078
1289,2006_04_09,camera,ITH31,verona,2,idv,11807
1290,2006_04_09,camera,ITH31,verona,2,verdi,8749
1291,2006_04_09,camera,ITH31,verona,2,ft,3402
1292,2006_04_09,camera,ITH31,verona,2,fi,143880
1293,2006_04_09,camera,ITH31,verona,2,is,1183
1294,2006_04_09,camera,ITH31,verona,2,ulivo,131917
1295,2006_04_09,camera,ITH31,verona,2,rnp,11730
1296,2006_04_09,camera,ITH31,verona,2,lega,79738
1297,2006_04_09,camera,ITH31,verona,2,lfv,4667
1298,2006_04_09,camera,ITH31,verona,2,mtv,1002
1299,2006_04_09,camera,ITH31,verona,2,ne,636
1300,2006_04_09,camera,ITH31,verona,2,pp,3534
1301,2006_04_09,camera,ITH31,verona,2,pu,1782
1302,2006_04_09,camera,ITH31,verona,2,pn,5888
1303,2006_04_09,camera,ITH31,verona,2,rc,18802
1304,2006_04_09,camera,ITH31,verona,2,sos,383
1305,2006_04_09,camera,ITH31,verona,2,sol,1034
1306,2006_04_09,camera,ITH31,verona,2,udeur,3503
1307,2006_04_09,camera,ITH31,verona,2,udc,48416
1308,2006_04_09,camera,ITH32,vicenza,0,eligible_voters,634440
1309,2006_04_09,camera,ITH32,vicenza,1,issued_ballots,565877
1310,2006_04_09,camera,ITH32,vicenza,2,an,60468
1311,2006_04_09,camera,ITH32,vicenza,2,asm,2689
1312,2006_04_09,camera,ITH32,vicenza,2,amb,776
1313,2006_04_09,camera,ITH32,vicenza,2,ci,5992
1314,2006_04_09,camera,ITH32,vicenza,2,dcnpsi,1920
1315,2006_04_09,camera,ITH32,vicenza,2,idv,11003
1316,2006_04_09,camera,ITH32,vicenza,2,verdi,9117
1317,2006_04_09,camera,ITH32,vicenza,2,ft,2751
1318,2006_04_09,camera,ITH32,vicenza,2,fi,127350
1319,2006_04_09,camera,ITH32,vicenza,2,is,684
1320,2006_04_09,camera,ITH32,vicenza,2,ulivo,133274
1321,2006_04_09,camera,ITH32,vicenza,2,rnp,9835
1322,2006_04_09,camera,ITH32,vicenza,2,lega,79843
1323,2006_04_09,camera,ITH32,vicenza,2,lfv,5897
1324,2006_04_09,camera,ITH32,vicenza,2,mtv,1604
1325,2006_04_09,camera,ITH32,vicenza,2,ne,572
1326,2006_04_09,camera,ITH32,vicenza,2,pp,3462
1327,2006_04_09,camera,ITH32,vicenza,2,pu,1497
1328,2006_04_09,camera,ITH32,vicenza,2,pn,14782
1329,2006_04_09,camera,ITH32,vicenza,2,rc,16078
1330,2006_04_09,camera,ITH32,vicenza,2,sos,330
1331,2006_04_09,camera,ITH32,vicenza,2,sol,521
1332,2006_04_09,camera,ITH32,vicenza,2,udeur,4186
1333,2006_04_09,camera,ITH32,vicenza,2,udc,44811
1334,2006_04_09,camera,ITH33,belluno,0,eligible_voters,172853
1335,2006_04_09,camera,ITH33,belluno,1,issued_ballots,142419
1336,2006_04_09,camera,ITH33,belluno,2,an,14173
1337,2006_04_09,camera,ITH33,belluno,2,asm,647
1338,2006_04_09,camera,ITH33,belluno,2,ci,2070
1339,2006_04_09,camera,ITH33,belluno,2,dcnpsi,2140
1340,2006_04_09,camera,ITH33,belluno,2,idv,2942
1341,2006_04_09,camera,ITH33,belluno,2,verdi,2415
1342,2006_04_09,camera,ITH33,belluno,2,ft,736
1343,2006_04_09,camera,ITH33,belluno,2,fi,30286
1344,2006_04_09,camera,ITH33,belluno,2,is,428
1345,2006_04_09,camera,ITH33,belluno,2,ulivo,36807
1346,2006_04_09,camera,ITH33,belluno,2,rnp,3846
1347,2006_04_09,camera,ITH33,belluno,2,lega,16523
1348,2006_04_09,camera,ITH33,belluno,2,lfv,1210
1349,2006_04_09,camera,ITH33,belluno,2,ne,170
1350,2006_04_09,camera,ITH33,belluno,2,pp,1039
1351,2006_04_09,camera,ITH33,belluno,2,pu,532
1352,2006_04_09,camera,ITH33,belluno,2,pn,5304
1353,2006_04_09,camera,ITH33,belluno,2,rc,6739
1354,2006_04_09,camera,ITH33,belluno,2,sos,105
1355,2006_04_09,camera,ITH33,belluno,2,udeur,790
1356,2006_04_09,camera,ITH33,belluno,2,udc,9761
1357,2006_04_09,camera,ITH34,treviso,0,eligible_voters,648302
1358,2006_04_09,camera,ITH34,treviso,1,issued_ballots,565951
1359,2006_04_09,camera,ITH34,treviso,2,an,57152
1360,2006_04_09,camera,ITH34,treviso,2,asm,2832
1361,2006_04_09,camera,ITH34,treviso,2,ci,6064
1362,2006_04_09,camera,ITH34,treviso,2,dcnpsi,2638
1363,2006_04_09,camera,ITH34,treviso,2,idv,12938
1364,2006_04_09,camera,ITH34,treviso,2,verdi,10278
1365,2006_04_09,camera,ITH34,treviso,2,ft,2659
1366,2006_04_09,camera,ITH34,treviso,2,fi,139783
1367,2006_04_09,camera,ITH34,treviso,2,is,950
1368,2006_04_09,camera,ITH34,treviso,2,ulivo,131026
1369,2006_04_09,camera,ITH34,treviso,2,rnp,11363
1370,2006_04_09,camera,ITH34,treviso,2,lega,78528
1371,2006_04_09,camera,ITH34,treviso,2,lfv,3421
1372,2006_04_09,camera,ITH34,treviso,2,ne,594
1373,2006_04_09,camera,ITH34,treviso,2,pp,3362
1374,2006_04_09,camera,ITH34,treviso,2,pu,1785
1375,2006_04_09,camera,ITH34,treviso,2,pn,31754
1376,2006_04_09,camera,ITH34,treviso,2,rc,18099
1377,2006_04_09,camera,ITH34,treviso,2,sos,539
1378,2006_04_09,camera,ITH34,treviso,2,udeur,1721
1379,2006_04_09,camera,ITH34,treviso,2,udc,37168
1380,2006_04_09,camera,ITH35,venezia,0,eligible_voters,676195
1381,2006_04_09,camera,ITH35,venezia,1,issued_ballots,583464
1382,2006_04_09,camera,ITH35,venezia,2,an,57957
1383,2006_04_09,camera,ITH35,venezia,2,asm,2604
1384,2006_04_09,camera,ITH35,venezia,2,ci,10882
1385,2006_04_09,camera,ITH35,venezia,2,dcnpsi,3689
1386,2006_04_09,camera,ITH35,venezia,2,idv,13739
1387,2006_04_09,camera,ITH35,venezia,2,verdi,14305
1388,2006_04_09,camera,ITH35,venezia,2,ft,2849
1389,2006_04_09,camera,ITH35,venezia,2,fi,139354
1390,2006_04_09,camera,ITH35,venezia,2,is,1046
1391,2006_04_09,camera,ITH35,venezia,2,ulivo,179001
1392,2006_04_09,camera,ITH35,venezia,2,rnp,14328
1393,2006_04_09,camera,ITH35,venezia,2,lega,36065
1394,2006_04_09,camera,ITH35,venezia,2,lfv,2453
1395,2006_04_09,camera,ITH35,venezia,2,ne,747
1396,2006_04_09,camera,ITH35,venezia,2,pp,4278
1397,2006_04_09,camera,ITH35,venezia,2,pu,2072
1398,2006_04_09,camera,ITH35,venezia,2,pn,11929
1399,2006_04_09,camera,ITH35,venezia,2,rc,33613
1400,2006_04_09,camera,ITH35,venezia,2,sos,556
1401,2006_04_09,camera,ITH35,venezia,2,udeur,1738
1402,2006_04_09,camera,ITH35,venezia,2,udc,36227
1403,2006_04_09,camera,ITH36,padova,0,eligible_voters,704737
1404,2006_04_09,camera,ITH36,padova,1,issued_ballots,628996
1405,2006_04_09,camera,ITH36,padova,2,an,74451
1406,2006_04_09,camera,ITH36,padova,2,asm,3430
1407,2006_04_09,camera,ITH36,padova,2,amb,957
1408,2006_04_09,camera,ITH36,padova,2,ci,9186
1409,2006_04_09,camera,ITH36,padova,2,dcnpsi,2356
1410,2006_04_09,camera,ITH36,padova,2,idv,14333
1411,2006_04_09,camera,ITH36,padova,2,verdi,11527
1412,2006_04_09,camera,ITH36,padova,2,ft,2929
1413,2006_04_09,camera,ITH36,padova,2,fi,152153
1414,2006_04_09,camera,ITH36,padova,2,is,734
1415,2006_04_09,camera,ITH36,padova,2,ulivo,174371
1416,2006_04_09,camera,ITH36,padova,2,rnp,12652
1417,2006_04_09,camera,ITH36,padova,2,lega,47487
1418,2006_04_09,camera,ITH36,padova,2,lfv,3556
1419,2006_04_09,camera,ITH36,padova,2,mtv,1502
1420,2006_04_09,camera,ITH36,padova,2,ne,758
1421,2006_04_09,camera,ITH36,padova,2,pp,4169
1422,2006_04_09,camera,ITH36,padova,2,pu,1919
1423,2006_04_09,camera,ITH36,padova,2,pn,15294
1424,2006_04_09,camera,ITH36,padova,2,rc,20835
1425,2006_04_09,camera,ITH36,padova,2,sos,438
1426,2006_04_09,camera,ITH36,padova,2,sol,966
1427,2006_04_09,camera,ITH36,padova,2,udeur,2091
1428,2006_04_09,camera,ITH36,padova,2,udc,56028
1429,2006_04_09,camera,ITH37,rovigo,0,eligible_voters,180038
1430,2006_04_09,camera,ITH37,rovigo,1,issued_ballots,157057
1431,2006_04_09,camera,ITH37,rovigo,2,an,17615
1432,2006_04_09,camera,ITH37,rovigo,2,asm,940
1433,2006_04_09,camera,ITH37,rovigo,2,amb,265
1434,2006_04_09,camera,ITH37,rovigo,2,ci,3174
1435,2006_04_09,camera,ITH37,rovigo,2,dcnpsi,871
1436,2006_04_09,camera,ITH37,rovigo,2,idv,2169
1437,2006_04_09,camera,ITH37,rovigo,2,verdi,2174
1438,2006_04_09,camera,ITH37,rovigo,2,ft,836
1439,2006_04_09,camera,ITH37,rovigo,2,fi,30195
1440,2006_04_09,camera,ITH37,rovigo,2,is,1035
1441,2006_04_09,camera,ITH37,rovigo,2,ulivo,46078
1442,2006_04_09,camera,ITH37,rovigo,2,rnp,3433
1443,2006_04_09,camera,ITH37,rovigo,2,lega,7229
1444,2006_04_09,camera,ITH37,rovigo,2,lfv,535
1445,2006_04_09,camera,ITH37,rovigo,2,mtv,243
1446,2006_04_09,camera,ITH37,rovigo,2,ne,230
1447,2006_04_09,camera,ITH37,rovigo,2,pp,895
1448,2006_04_09,camera,ITH37,rovigo,2,pu,399
1449,2006_04_09,camera,ITH37,rovigo,2,pn,1086
1450,2006_04_09,camera,ITH37,rovigo,2,rc,7439
1451,2006_04_09,camera,ITH37,rovigo,2,sos,110
1452,2006_04_09,camera,ITH37,rovigo,2,sol,92
1453,2006_04_09,camera,ITH37,rovigo,2,udeur,490
1454,2006_04_09,camera,ITH37,rovigo,2,udc,9333
1455,2006_04_09,camera,ITH41,pordenone,0,eligible_voters,206868
1456,2006_04_09,camera,ITH41,pordenone,1,issued_ballots,177638
1457,2006_04_09,camera,ITH41,pordenone,2,an,22585
1458,2006_04_09,camera,ITH41,pordenone,2,asm,1022
1459,2006_04_09,camera,ITH41,pordenone,2,ci,2563
1460,2006_04_09,camera,ITH41,pordenone,2,idv,4539
1461,2006_04_09,camera,ITH41,pordenone,2,verdi,2432
1462,2006_04_09,camera,ITH41,pordenone,2,ft,910
1463,2006_04_09,camera,ITH41,pordenone,2,fi,45051
1464,2006_04_09,camera,ITH41,pordenone,2,ulivo,44791
1465,2006_04_09,camera,ITH41,pordenone,2,rnp,4064
1466,2006_04_09,camera,ITH41,pordenone,2,lega,18708
1467,2006_04_09,camera,ITH41,pordenone,2,pp,2596
1468,2006_04_09,camera,ITH41,pordenone,2,pn,1283
1469,2006_04_09,camera,ITH41,pordenone,2,rc,6509
1470,2006_04_09,camera,ITH41,pordenone,2,udeur,573
1471,2006_04_09,camera,ITH41,pordenone,2,udc,12590
1472,2006_04_09,camera,ITH42,udine,0,eligible_voters,435544
1473,2006_04_09,camera,ITH42,udine,1,issued_ballots,369172
1474,2006_04_09,camera,ITH42,udine,2,an,57540
1475,2006_04_09,camera,ITH42,udine,2,asm,3042
1476,2006_04_09,camera,ITH42,udine,2,ci,6288
1477,2006_04_09,camera,ITH42,udine,2,dcnpsi,32
1478,2006_04_09,camera,ITH42,udine,2,idv,8269
1479,2006_04_09,camera,ITH42,udine,2,verdi,5667
1480,2006_04_09,camera,ITH42,udine,2,ft,2540
1481,2006_04_09,camera,ITH42,udine,2,fi,80595
1482,2006_04_09,camera,ITH42,udine,2,is,0
1483,2006_04_09,camera,ITH42,udine,2,ulivo,99092
1484,2006_04_09,camera,ITH42,udine,2,rnp,9661
1485,2006_04_09,camera,ITH42,udine,2,lega,29675
1486,2006_04_09,camera,ITH42,udine,2,lfv,2
1487,2006_04_09,camera,ITH42,udine,2,ne,0
1488,2006_04_09,camera,ITH42,udine,2,pp,5529
1489,2006_04_09,camera,ITH42,udine,2,pu,3
1490,2006_04_09,camera,ITH42,udine,2,pn,2449
1491,2006_04_09,camera,ITH42,udine,2,rc,15869
1492,2006_04_09,camera,ITH42,udine,2,sos,0
1493,2006_04_09,camera,ITH42,udine,2,udeur,2203
1494,2006_04_09,camera,ITH42,udine,2,udc,29101
1495,2006_04_09,camera,ITH43,gorizia,0,eligible_voters,32675
1496,2006_04_09,camera,ITH43,gorizia,1,issued_ballots,28716
1497,2006_04_09,camera,ITH43,gorizia,2,an,2603
1498,2006_04_09,camera,ITH43,gorizia,2,asm,137
1499,2006_04_09,camera,ITH43,gorizia,2,ci,721
1500,2006_04_09,camera,ITH43,gorizia,2,idv,577
1501,2006_04_09,camera,ITH43,gorizia,2,verdi,558
1502,2006_04_09,camera,ITH43,gorizia,2,ft,138
1503,2006_04_09,camera,ITH43,gorizia,2,fi,4132
1504,2006_04_09,camera,ITH43,gorizia,2,ulivo,9524
1505,2006_04_09,camera,ITH43,gorizia,2,rnp,666
1506,2006_04_09,camera,ITH43,gorizia,2,lega,1031
1507,2006_04_09,camera,ITH43,gorizia,2,pp,477
1508,2006_04_09,camera,ITH43,gorizia,2,pn,140
1509,2006_04_09,camera,ITH43,gorizia,2,rc,1935
1510,2006_04_09,camera,ITH43,gorizia,2,udeur,71
1511,2006_04_09,camera,ITH43,gorizia,2,udc,1317
1512,2006_04_09,camera,ITH44,trieste,0,eligible_voters,199135
1513,2006_04_09,camera,ITH44,trieste,1,issued_ballots,162239
1514,2006_04_09,camera,ITH44,trieste,2,an,29265
1515,2006_04_09,camera,ITH44,trieste,2,asm,1403
1516,2006_04_09,camera,ITH44,trieste,2,ci,3930
1517,2006_04_09,camera,ITH44,trieste,2,idv,3499
1518,2006_04_09,camera,ITH44,trieste,2,verdi,3638
1519,2006_04_09,camera,ITH44,trieste,2,ft,884
1520,2006_04_09,camera,ITH44,trieste,2,fi,38421
1521,2006_04_09,camera,ITH44,trieste,2,ulivo,47235
1522,2006_04_09,camera,ITH44,trieste,2,rnp,4865
1523,2006_04_09,camera,ITH44,trieste,2,lega,3373
1524,2006_04_09,camera,ITH44,trieste,2,pp,2319
1525,2006_04_09,camera,ITH44,trieste,2,pn,717
1526,2006_04_09,camera,ITH44,trieste,2,rc,10401
1527,2006_04_09,camera,ITH44,trieste,2,udeur,613
1528,2006_04_09,camera,ITH44,trieste,2,udc,7667
1529,2006_04_09,camera,ITH51,piacenza,0,eligible_voters,220257
1530,2006_04_09,camera,ITH51,piacenza,1,issued_ballots,193195
1531,2006_04_09,camera,ITH51,piacenza,2,an,25054
1532,2006_04_09,camera,ITH51,piacenza,2,asm,1757
1533,2006_04_09,camera,ITH51,piacenza,2,ci,4525
1534,2006_04_09,camera,ITH51,piacenza,2,dcnpsi,942
1535,2006_04_09,camera,ITH51,piacenza,2,idv,4127
1536,2006_04_09,camera,ITH51,piacenza,2,verdi,3120
1537,2006_04_09,camera,ITH51,piacenza,2,ft,1284
1538,2006_04_09,camera,ITH51,piacenza,2,fi,46035
1539,2006_04_09,camera,ITH51,piacenza,2,ulivo,54727
1540,2006_04_09,camera,ITH51,piacenza,2,rnp,4061
1541,2006_04_09,camera,ITH51,piacenza,2,lega,14141
1542,2006_04_09,camera,ITH51,piacenza,2,ne,371
1543,2006_04_09,camera,ITH51,piacenza,2,pp,3530
1544,2006_04_09,camera,ITH51,piacenza,2,rc,11714
1545,2006_04_09,camera,ITH51,piacenza,2,udeur,1170
1546,2006_04_09,camera,ITH51,piacenza,2,udc,11302
1547,2006_04_09,camera,ITH52,parma,0,eligible_voters,332837
1548,2006_04_09,camera,ITH52,parma,1,issued_ballots,290200
1549,2006_04_09,camera,ITH52,parma,2,an,28348
1550,2006_04_09,camera,ITH52,parma,2,asm,1452
1551,2006_04_09,camera,ITH52,parma,2,ci,7506
1552,2006_04_09,camera,ITH52,parma,2,dcnpsi,1396
1553,2006_04_09,camera,ITH52,parma,2,idv,5447
1554,2006_04_09,camera,ITH52,parma,2,verdi,5726
1555,2006_04_09,camera,ITH52,parma,2,ft,1481
1556,2006_04_09,camera,ITH52,parma,2,fi,59214
1557,2006_04_09,camera,ITH52,parma,2,ulivo,104741
1558,2006_04_09,camera,ITH52,parma,2,rnp,7007
1559,2006_04_09,camera,ITH52,parma,2,lega,19149
1560,2006_04_09,camera,ITH52,parma,2,ne,437
1561,2006_04_09,camera,ITH52,parma,2,pp,2367
1562,2006_04_09,camera,ITH52,parma,2,rc,19391
1563,2006_04_09,camera,ITH52,parma,2,udeur,1189
1564,2006_04_09,camera,ITH52,parma,2,udc,18608
1565,2006_04_09,camera,ITH53,reggio nellemilia,0,eligible_voters,378947
1566,2006_04_09,camera,ITH53,reggio nellemilia,1,issued_ballots,341104
1567,2006_04_09,camera,ITH53,reggio nellemilia,2,an,40869
1568,2006_04_09,camera,ITH53,reggio nellemilia,2,asm,2078
1569,2006_04_09,camera,ITH53,reggio nellemilia,2,ci,14616
1570,2006_04_09,camera,ITH53,reggio nellemilia,2,dcnpsi,3289
1571,2006_04_09,camera,ITH53,reggio nellemilia,2,idv,8958
1572,2006_04_09,camera,ITH53,reggio nellemilia,2,verdi,10937
1573,2006_04_09,camera,ITH53,reggio nellemilia,2,ft,1587
1574,2006_04_09,camera,ITH53,reggio nellemilia,2,fi,89071
1575,2006_04_09,camera,ITH53,reggio nellemilia,2,ulivo,293821
1576,2006_04_09,camera,ITH53,reggio nellemilia,2,rnp,12097
1577,2006_04_09,camera,ITH53,reggio nellemilia,2,lega,26302
1578,2006_04_09,camera,ITH53,reggio nellemilia,2,ne,942
1579,2006_04_09,camera,ITH53,reggio nellemilia,2,pp,3125
1580,2006_04_09,camera,ITH53,reggio nellemilia,2,rc,32154
1581,2006_04_09,camera,ITH53,reggio nellemilia,2,udeur,1413
1582,2006_04_09,camera,ITH53,reggio nellemilia,2,udc,32050
1583,2006_04_09,camera,ITH54,modena,0,eligible_voters,517478
1584,2006_04_09,camera,ITH54,modena,1,issued_ballots,465934
1585,2006_04_09,camera,ITH54,modena,2,an,39656
1586,2006_04_09,camera,ITH54,modena,2,asm,2090
1587,2006_04_09,camera,ITH54,modena,2,ci,11028
1588,2006_04_09,camera,ITH54,modena,2,dcnpsi,1941
1589,2006_04_09,camera,ITH54,modena,2,idv,7262
1590,2006_04_09,camera,ITH54,modena,2,verdi,8989
1591,2006_04_09,camera,ITH54,modena,2,ft,1617
1592,2006_04_09,camera,ITH54,modena,2,fi,81095
1593,2006_04_09,camera,ITH54,modena,2,ulivo,216520
1594,2006_04_09,camera,ITH54,modena,2,rnp,8665
1595,2006_04_09,camera,ITH54,modena,2,lega,21997
1596,2006_04_09,camera,ITH54,modena,2,ne,737
1597,2006_04_09,camera,ITH54,modena,2,pp,3077
1598,2006_04_09,camera,ITH54,modena,2,rc,21904
1599,2006_04_09,camera,ITH54,modena,2,udeur,1347
1600,2006_04_09,camera,ITH54,modena,2,udc,27274
1601,2006_04_09,camera,ITH55,bologna,0,eligible_voters,768333
1602,2006_04_09,camera,ITH55,bologna,1,issued_ballots,695805
1603,2006_04_09,camera,ITH55,bologna,2,an,72844
1604,2006_04_09,camera,ITH55,bologna,2,asm,4008
1605,2006_04_09,camera,ITH55,bologna,2,ci,14196
1606,2006_04_09,camera,ITH55,bologna,2,dcnpsi,2431
1607,2006_04_09,camera,ITH55,bologna,2,idv,11454
1608,2006_04_09,camera,ITH55,bologna,2,verdi,13866
1609,2006_04_09,camera,ITH55,bologna,2,ft,2507
1610,2006_04_09,camera,ITH55,bologna,2,fi,111919
1611,2006_04_09,camera,ITH55,bologna,2,ulivo,334875
1612,2006_04_09,camera,ITH55,bologna,2,rnp,17404
1613,2006_04_09,camera,ITH55,bologna,2,lega,15954
1614,2006_04_09,camera,ITH55,bologna,2,ne,789
1615,2006_04_09,camera,ITH55,bologna,2,pp,4026
1616,2006_04_09,camera,ITH55,bologna,2,rc,35604
1617,2006_04_09,camera,ITH55,bologna,2,udeur,1751
1618,2006_04_09,camera,ITH55,bologna,2,udc,38665
1619,2006_04_09,camera,ITH56,ferrara,0,eligible_voters,258154
1620,2006_04_09,camera,ITH56,ferrara,1,issued_ballots,231560
1621,2006_04_09,camera,ITH56,ferrara,2,an,26838
1622,2006_04_09,camera,ITH56,ferrara,2,asm,1103
1623,2006_04_09,camera,ITH56,ferrara,2,ci,5884
1624,2006_04_09,camera,ITH56,ferrara,2,dcnpsi,1205
1625,2006_04_09,camera,ITH56,ferrara,2,idv,3148
1626,2006_04_09,camera,ITH56,ferrara,2,verdi,4410
1627,2006_04_09,camera,ITH56,ferrara,2,ft,1109
1628,2006_04_09,camera,ITH56,ferrara,2,fi,46268
1629,2006_04_09,camera,ITH56,ferrara,2,ulivo,88269
1630,2006_04_09,camera,ITH56,ferrara,2,rnp,5682
1631,2006_04_09,camera,ITH56,ferrara,2,lega,6739
1632,2006_04_09,camera,ITH56,ferrara,2,ne,388
1633,2006_04_09,camera,ITH56,ferrara,2,pp,1802
1634,2006_04_09,camera,ITH56,ferrara,2,rc,11565
1635,2006_04_09,camera,ITH56,ferrara,2,udeur,524
1636,2006_04_09,camera,ITH56,ferrara,2,udc,10716
1637,2006_04_09,camera,ITH57,ravenna,0,eligible_voters,299628
1638,2006_04_09,camera,ITH57,ravenna,1,issued_ballots,269521
1639,2006_04_09,camera,ITH57,ravenna,2,an,24149
1640,2006_04_09,camera,ITH57,ravenna,2,asm,1446
1641,2006_04_09,camera,ITH57,ravenna,2,ci,6200
1642,2006_04_09,camera,ITH57,ravenna,2,dcnpsi,1052
1643,2006_04_09,camera,ITH57,ravenna,2,idv,4332
1644,2006_04_09,camera,ITH57,ravenna,2,verdi,5427
1645,2006_04_09,camera,ITH57,ravenna,2,ft,871
1646,2006_04_09,camera,ITH57,ravenna,2,fi,44781
1647,2006_04_09,camera,ITH57,ravenna,2,ulivo,128003
1648,2006_04_09,camera,ITH57,ravenna,2,rnp,5734
1649,2006_04_09,camera,ITH57,ravenna,2,lega,7299
1650,2006_04_09,camera,ITH57,ravenna,2,ne,445
1651,2006_04_09,camera,ITH57,ravenna,2,pp,2001
1652,2006_04_09,camera,ITH57,ravenna,2,rc,16324
1653,2006_04_09,camera,ITH57,ravenna,2,udeur,695
1654,2006_04_09,camera,ITH57,ravenna,2,udc,14543
1655,2006_04_09,camera,ITH58,forlicesena,0,eligible_voters,88702
1656,2006_04_09,camera,ITH58,forlicesena,1,issued_ballots,79343
1657,2006_04_09,camera,ITH58,forlicesena,2,an,7534
1658,2006_04_09,camera,ITH58,forlicesena,2,asm,375
1659,2006_04_09,camera,ITH58,forlicesena,2,ci,1503
1660,2006_04_09,camera,ITH58,forlicesena,2,dcnpsi,323
1661,2006_04_09,camera,ITH58,forlicesena,2,idv,912
1662,2006_04_09,camera,ITH58,forlicesena,2,verdi,1402
1663,2006_04_09,camera,ITH58,forlicesena,2,ft,358
1664,2006_04_09,camera,ITH58,forlicesena,2,fi,13652
1665,2006_04_09,camera,ITH58,forlicesena,2,ulivo,29346
1666,2006_04_09,camera,ITH58,forlicesena,2,rnp,1360
1667,2006_04_09,camera,ITH58,forlicesena,2,lega,2296
1668,2006_04_09,camera,ITH58,forlicesena,2,ne,123
1669,2006_04_09,camera,ITH58,forlicesena,2,pp,375
1670,2006_04_09,camera,ITH58,forlicesena,2,rc,4179
1671,2006_04_09,camera,ITH58,forlicesena,2,udeur,184
1672,2006_04_09,camera,ITH58,forlicesena,2,udc,3892
1673,2006_04_09,camera,ITH59,rimini,0,eligible_voters,246740
1674,2006_04_09,camera,ITH59,rimini,1,issued_ballots,218045
1675,2006_04_09,camera,ITH59,rimini,2,an,26950
1676,2006_04_09,camera,ITH59,rimini,2,asm,1178
1677,2006_04_09,camera,ITH59,rimini,2,amb,27
1678,2006_04_09,camera,ITH59,rimini,2,ci,5382
1679,2006_04_09,camera,ITH59,rimini,2,dcnpsi,1061
1680,2006_04_09,camera,ITH59,rimini,2,idv,4044
1681,2006_04_09,camera,ITH59,rimini,2,verdi,5424
1682,2006_04_09,camera,ITH59,rimini,2,ft,1068
1683,2006_04_09,camera,ITH59,rimini,2,fi,47839
1684,2006_04_09,camera,ITH59,rimini,2,ulivo,84086
1685,2006_04_09,camera,ITH59,rimini,2,rnp,4747
1686,2006_04_09,camera,ITH59,rimini,2,lega,4776
1687,2006_04_09,camera,ITH59,rimini,2,ne,387
1688,2006_04_09,camera,ITH59,rimini,2,pp,1401
1689,2006_04_09,camera,ITH59,rimini,2,rc,11859
1690,2006_04_09,camera,ITH59,rimini,2,udeur,825
1691,2006_04_09,camera,ITH59,rimini,2,udc,12036
1692,2006_04_09,camera,ITI11,massacarrara,0,eligible_voters,167076
1693,2006_04_09,camera,ITI11,massacarrara,1,issued_ballots,140971
1694,2006_04_09,camera,ITI11,massacarrara,2,an,16204
1695,2006_04_09,camera,ITI11,massacarrara,2,asm,791
1696,2006_04_09,camera,ITI11,massacarrara,2,ci,5430
1697,2006_04_09,camera,ITI11,massacarrara,2,dcnpsi,4398
1698,2006_04_09,camera,ITI11,massacarrara,2,idv,3721
1699,2006_04_09,camera,ITI11,massacarrara,2,verdi,2295
1700,2006_04_09,camera,ITI11,massacarrara,2,ft,726
1701,2006_04_09,camera,ITI11,massacarrara,2,fi,27328
1702,2006_04_09,camera,ITI11,massacarrara,2,ulivo,43825
1703,2006_04_09,camera,ITI11,massacarrara,2,rnp,5282
1704,2006_04_09,camera,ITI11,massacarrara,2,lega,2045
1705,2006_04_09,camera,ITI11,massacarrara,2,lc,368
1706,2006_04_09,camera,ITI11,massacarrara,2,pp,848
1707,2006_04_09,camera,ITI11,massacarrara,2,rc,14696
1708,2006_04_09,camera,ITI11,massacarrara,2,udeur,2517
1709,2006_04_09,camera,ITI11,massacarrara,2,udc,6288
1710,2006_04_09,camera,ITI12,lucca,0,eligible_voters,316764
1711,2006_04_09,camera,ITI12,lucca,1,issued_ballots,266528
1712,2006_04_09,camera,ITI12,lucca,2,an,41069
1713,2006_04_09,camera,ITI12,lucca,2,asm,2015
1714,2006_04_09,camera,ITI12,lucca,2,ci,9231
1715,2006_04_09,camera,ITI12,lucca,2,dcnpsi,1359
1716,2006_04_09,camera,ITI12,lucca,2,idv,4008
1717,2006_04_09,camera,ITI12,lucca,2,verdi,4783
1718,2006_04_09,camera,ITI12,lucca,2,ft,1913
1719,2006_04_09,camera,ITI12,lucca,2,fi,58441
1720,2006_04_09,camera,ITI12,lucca,2,ulivo,85515
1721,2006_04_09,camera,ITI12,lucca,2,rnp,5511
1722,2006_04_09,camera,ITI12,lucca,2,lega,3964
1723,2006_04_09,camera,ITI12,lucca,2,lc,788
1724,2006_04_09,camera,ITI12,lucca,2,pp,1962
1725,2006_04_09,camera,ITI12,lucca,2,rc,19583
1726,2006_04_09,camera,ITI12,lucca,2,udeur,850
1727,2006_04_09,camera,ITI12,lucca,2,udc,18437
1728,2006_04_09,camera,ITI13,pistoia,0,eligible_voters,228798
1729,2006_04_09,camera,ITI13,pistoia,1,issued_ballots,199075
1730,2006_04_09,camera,ITI13,pistoia,2,an,26521
1731,2006_04_09,camera,ITI13,pistoia,2,asm,1163
1732,2006_04_09,camera,ITI13,pistoia,2,ci,6635
1733,2006_04_09,camera,ITI13,pistoia,2,dcnpsi,1045
1734,2006_04_09,camera,ITI13,pistoia,2,idv,2927
1735,2006_04_09,camera,ITI13,pistoia,2,verdi,3364
1736,2006_04_09,camera,ITI13,pistoia,2,ft,1235
1737,2006_04_09,camera,ITI13,pistoia,2,fi,37267
1738,2006_04_09,camera,ITI13,pistoia,2,ulivo,78549
1739,2006_04_09,camera,ITI13,pistoia,2,rnp,3790
1740,2006_04_09,camera,ITI13,pistoia,2,lega,2649
1741,2006_04_09,camera,ITI13,pistoia,2,lc,629
1742,2006_04_09,camera,ITI13,pistoia,2,pp,1316
1743,2006_04_09,camera,ITI13,pistoia,2,rc,14839
1744,2006_04_09,camera,ITI13,pistoia,2,udeur,693
1745,2006_04_09,camera,ITI13,pistoia,2,udc,10625
1746,2006_04_09,camera,ITI14,firenze,0,eligible_voters,675931
1747,2006_04_09,camera,ITI14,firenze,1,issued_ballots,600672
1748,2006_04_09,camera,ITI14,firenze,2,an,63969
1749,2006_04_09,camera,ITI14,firenze,2,asm,2238
1750,2006_04_09,camera,ITI14,firenze,2,ci,20549
1751,2006_04_09,camera,ITI14,firenze,2,dcnpsi,2655
1752,2006_04_09,camera,ITI14,firenze,2,idv,8062
1753,2006_04_09,camera,ITI14,firenze,2,verdi,11591
1754,2006_04_09,camera,ITI14,firenze,2,ft,2237
1755,2006_04_09,camera,ITI14,firenze,2,fi,81650
1756,2006_04_09,camera,ITI14,firenze,2,ulivo,283711
1757,2006_04_09,camera,ITI14,firenze,2,rnp,15088
1758,2006_04_09,camera,ITI14,firenze,2,lega,4339
1759,2006_04_09,camera,ITI14,firenze,2,lc,1608
1760,2006_04_09,camera,ITI14,firenze,2,pp,2911
1761,2006_04_09,camera,ITI14,firenze,2,rc,48406
1762,2006_04_09,camera,ITI14,firenze,2,udeur,1936
1763,2006_04_09,camera,ITI14,firenze,2,udc,34768
1764,2006_04_09,camera,ITI15,prato,0,eligible_voters,186542
1765,2006_04_09,camera,ITI15,prato,1,issued_ballots,162875
1766,2006_04_09,camera,ITI15,prato,2,an,21639
1767,2006_04_09,camera,ITI15,prato,2,asm,811
1768,2006_04_09,camera,ITI15,prato,2,ci,4753
1769,2006_04_09,camera,ITI15,prato,2,dcnpsi,833
1770,2006_04_09,camera,ITI15,prato,2,idv,2369
1771,2006_04_09,camera,ITI15,prato,2,verdi,2545
1772,2006_04_09,camera,ITI15,prato,2,ft,809
1773,2006_04_09,camera,ITI15,prato,2,fi,28209
1774,2006_04_09,camera,ITI15,prato,2,ulivo,70081
1775,2006_04_09,camera,ITI15,prato,2,rnp,3270
1776,2006_04_09,camera,ITI15,prato,2,lega,2295
1777,2006_04_09,camera,ITI15,prato,2,lc,504
1778,2006_04_09,camera,ITI15,prato,2,pp,830
1779,2006_04_09,camera,ITI15,prato,2,rc,10261
1780,2006_04_09,camera,ITI15,prato,2,udeur,419
1781,2006_04_09,camera,ITI15,prato,2,udc,9345
1782,2006_04_09,camera,ITI16,livorno,0,eligible_voters,278577
1783,2006_04_09,camera,ITI16,livorno,1,issued_ballots,243124
1784,2006_04_09,camera,ITI16,livorno,2,an,25953
1785,2006_04_09,camera,ITI16,livorno,2,asm,1071
1786,2006_04_09,camera,ITI16,livorno,2,ci,8523
1787,2006_04_09,camera,ITI16,livorno,2,dcnpsi,1119
1788,2006_04_09,camera,ITI16,livorno,2,idv,3731
1789,2006_04_09,camera,ITI16,livorno,2,verdi,4947
1790,2006_04_09,camera,ITI16,livorno,2,ft,1302
1791,2006_04_09,camera,ITI16,livorno,2,fi,36596
1792,2006_04_09,camera,ITI16,livorno,2,ulivo,109974
1793,2006_04_09,camera,ITI16,livorno,2,rnp,4904
1794,2006_04_09,camera,ITI16,livorno,2,lega,1642
1795,2006_04_09,camera,ITI16,livorno,2,lc,611
1796,2006_04_09,camera,ITI16,livorno,2,pp,1310
1797,2006_04_09,camera,ITI16,livorno,2,rc,24845
1798,2006_04_09,camera,ITI16,livorno,2,udeur,695
1799,2006_04_09,camera,ITI16,livorno,2,udc,10894
1800,2006_04_09,camera,ITI17,pisa,0,eligible_voters,324829
1801,2006_04_09,camera,ITI17,pisa,1,issued_ballots,285306
1802,2006_04_09,camera,ITI17,pisa,2,an,35182
1803,2006_04_09,camera,ITI17,pisa,2,asm,1688
1804,2006_04_09,camera,ITI17,pisa,2,ci,10693
1805,2006_04_09,camera,ITI17,pisa,2,dcnpsi,1859
1806,2006_04_09,camera,ITI17,pisa,2,idv,4019
1807,2006_04_09,camera,ITI17,pisa,2,verdi,4948
1808,2006_04_09,camera,ITI17,pisa,2,ft,1475
1809,2006_04_09,camera,ITI17,pisa,2,fi,44624
1810,2006_04_09,camera,ITI17,pisa,2,ulivo,120616
1811,2006_04_09,camera,ITI17,pisa,2,rnp,5987
1812,2006_04_09,camera,ITI17,pisa,2,lega,3094
1813,2006_04_09,camera,ITI17,pisa,2,lc,773
1814,2006_04_09,camera,ITI17,pisa,2,pp,1857
1815,2006_04_09,camera,ITI17,pisa,2,rc,24805
1816,2006_04_09,camera,ITI17,pisa,2,udeur,899
1817,2006_04_09,camera,ITI17,pisa,2,udc,15747
1818,2006_04_09,camera,ITI18,arezzo,0,eligible_voters,267562
1819,2006_04_09,camera,ITI18,arezzo,1,issued_ballots,236410
1820,2006_04_09,camera,ITI18,arezzo,2,an,28557
1821,2006_04_09,camera,ITI18,arezzo,2,asm,1331
1822,2006_04_09,camera,ITI18,arezzo,2,ci,7158
1823,2006_04_09,camera,ITI18,arezzo,2,dcnpsi,1388
1824,2006_04_09,camera,ITI18,arezzo,2,idv,2314
1825,2006_04_09,camera,ITI18,arezzo,2,verdi,3045
1826,2006_04_09,camera,ITI18,arezzo,2,ft,1333
1827,2006_04_09,camera,ITI18,arezzo,2,fi,41492
1828,2006_04_09,camera,ITI18,arezzo,2,ulivo,97460
1829,2006_04_09,camera,ITI18,arezzo,2,rnp,5814
1830,2006_04_09,camera,ITI18,arezzo,2,lega,3670
1831,2006_04_09,camera,ITI18,arezzo,2,lc,604
1832,2006_04_09,camera,ITI18,arezzo,2,pp,1125
1833,2006_04_09,camera,ITI18,arezzo,2,rc,16807
1834,2006_04_09,camera,ITI18,arezzo,2,udeur,604
1835,2006_04_09,camera,ITI18,arezzo,2,udc,17483
1836,2006_04_09,camera,ITI19,siena,0,eligible_voters,211473
1837,2006_04_09,camera,ITI19,siena,1,issued_ballots,188282
1838,2006_04_09,camera,ITI19,siena,2,an,20038
1839,2006_04_09,camera,ITI19,siena,2,asm,765
1840,2006_04_09,camera,ITI19,siena,2,ci,5437
1841,2006_04_09,camera,ITI19,siena,2,dcnpsi,944
1842,2006_04_09,camera,ITI19,siena,2,idv,2083
1843,2006_04_09,camera,ITI19,siena,2,verdi,3051
1844,2006_04_09,camera,ITI19,siena,2,ft,1131
1845,2006_04_09,camera,ITI19,siena,2,fi,25839
1846,2006_04_09,camera,ITI19,siena,2,ulivo,93852
1847,2006_04_09,camera,ITI19,siena,2,rnp,4466
1848,2006_04_09,camera,ITI19,siena,2,lega,1599
1849,2006_04_09,camera,ITI19,siena,2,lc,443
1850,2006_04_09,camera,ITI19,siena,2,pp,818
1851,2006_04_09,camera,ITI19,siena,2,rc,13018
1852,2006_04_09,camera,ITI19,siena,2,udeur,486
1853,2006_04_09,camera,ITI19,siena,2,udc,9741
1854,2006_04_09,camera,ITI1A,grosseto,0,eligible_voters,165332
1855,2006_04_09,camera,ITI1A,grosseto,1,issued_ballots,143343
1856,2006_04_09,camera,ITI1A,grosseto,2,an,22460
1857,2006_04_09,camera,ITI1A,grosseto,2,asm,699
1858,2006_04_09,camera,ITI1A,grosseto,2,ci,4288
1859,2006_04_09,camera,ITI1A,grosseto,2,dcnpsi,1146
1860,2006_04_09,camera,ITI1A,grosseto,2,idv,1584
1861,2006_04_09,camera,ITI1A,grosseto,2,verdi,1696
1862,2006_04_09,camera,ITI1A,grosseto,2,ft,1465
1863,2006_04_09,camera,ITI1A,grosseto,2,fi,24705
1864,2006_04_09,camera,ITI1A,grosseto,2,ulivo,50151
1865,2006_04_09,camera,ITI1A,grosseto,2,rnp,3873
1866,2006_04_09,camera,ITI1A,grosseto,2,lega,911
1867,2006_04_09,camera,ITI1A,grosseto,2,lc,317
1868,2006_04_09,camera,ITI1A,grosseto,2,pp,779
1869,2006_04_09,camera,ITI1A,grosseto,2,rc,9370
1870,2006_04_09,camera,ITI1A,grosseto,2,udeur,527
1871,2006_04_09,camera,ITI1A,grosseto,2,udc,7714
1872,2006_04_09,camera,ITI21,perugia,0,eligible_voters,496433
1873,2006_04_09,camera,ITI21,perugia,1,issued_ballots,433545
1874,2006_04_09,camera,ITI21,perugia,2,an,62912
1875,2006_04_09,camera,ITI21,perugia,2,asm,2492
1876,2006_04_09,camera,ITI21,perugia,2,ci,13467
1877,2006_04_09,camera,ITI21,perugia,2,dcnpsi,2653
1878,2006_04_09,camera,ITI21,perugia,2,idv,5870
1879,2006_04_09,camera,ITI21,perugia,2,verdi,6046
1880,2006_04_09,camera,ITI21,perugia,2,ft,3097
1881,2006_04_09,camera,ITI21,perugia,2,fi,75743
1882,2006_04_09,camera,ITI21,perugia,2,ulivo,166782
1883,2006_04_09,camera,ITI21,perugia,2,rnp,13705
1884,2006_04_09,camera,ITI21,perugia,2,lega,3752
1885,2006_04_09,camera,ITI21,perugia,2,ne,522
1886,2006_04_09,camera,ITI21,perugia,2,pp,1917
1887,2006_04_09,camera,ITI21,perugia,2,rc,31598
1888,2006_04_09,camera,ITI21,perugia,2,udeur,1762
1889,2006_04_09,camera,ITI21,perugia,2,udc,28052
1890,2006_04_09,camera,ITI22,terni,0,eligible_voters,185757
1891,2006_04_09,camera,ITI22,terni,1,issued_ballots,160228
1892,2006_04_09,camera,ITI22,terni,2,an,24843
1893,2006_04_09,camera,ITI22,terni,2,asm,946
1894,2006_04_09,camera,ITI22,terni,2,ci,5545
1895,2006_04_09,camera,ITI22,terni,2,dcnpsi,1257
1896,2006_04_09,camera,ITI22,terni,2,idv,2059
1897,2006_04_09,camera,ITI22,terni,2,verdi,1986
1898,2006_04_09,camera,ITI22,terni,2,ft,1165
1899,2006_04_09,camera,ITI22,terni,2,fi,26920
1900,2006_04_09,camera,ITI22,terni,2,ulivo,59413
1901,2006_04_09,camera,ITI22,terni,2,rnp,4986
1902,2006_04_09,camera,ITI22,terni,2,lega,618
1903,2006_04_09,camera,ITI22,terni,2,ne,190
1904,2006_04_09,camera,ITI22,terni,2,pp,798
1905,2006_04_09,camera,ITI22,terni,2,rc,14375
1906,2006_04_09,camera,ITI22,terni,2,udeur,1303
1907,2006_04_09,camera,ITI22,terni,2,udc,9527
1908,2006_04_09,camera,ITI31,pesaro e urbino,0,eligible_voters,292098
1909,2006_04_09,camera,ITI31,pesaro e urbino,1,issued_ballots,256588
1910,2006_04_09,camera,ITI31,pesaro e urbino,2,an,31468
1911,2006_04_09,camera,ITI31,pesaro e urbino,2,asm,1287
1912,2006_04_09,camera,ITI31,pesaro e urbino,2,amb,520
1913,2006_04_09,camera,ITI31,pesaro e urbino,2,ci,5359
1914,2006_04_09,camera,ITI31,pesaro e urbino,2,dcnpsi,1434
1915,2006_04_09,camera,ITI31,pesaro e urbino,2,idv,4734
1916,2006_04_09,camera,ITI31,pesaro e urbino,2,verdi,4861
1917,2006_04_09,camera,ITI31,pesaro e urbino,2,ft,1613
1918,2006_04_09,camera,ITI31,pesaro e urbino,2,fi,47996
1919,2006_04_09,camera,ITI31,pesaro e urbino,2,ulivo,105836
1920,2006_04_09,camera,ITI31,pesaro e urbino,2,rnp,5777
1921,2006_04_09,camera,ITI31,pesaro e urbino,2,lega,4188
1922,2006_04_09,camera,ITI31,pesaro e urbino,2,ne,399
1923,2006_04_09,camera,ITI31,pesaro e urbino,2,pp,1366
1924,2006_04_09,camera,ITI31,pesaro e urbino,2,rc,14374
1925,2006_04_09,camera,ITI31,pesaro e urbino,2,udeur,1101
1926,2006_04_09,camera,ITI31,pesaro e urbino,2,udc,17379
1927,2006_04_09,camera,ITI32,ancona,0,eligible_voters,372306
1928,2006_04_09,camera,ITI32,ancona,1,issued_ballots,320104
1929,2006_04_09,camera,ITI32,ancona,2,an,41356
1930,2006_04_09,camera,ITI32,ancona,2,asm,1844
1931,2006_04_09,camera,ITI32,ancona,2,amb,673
1932,2006_04_09,camera,ITI32,ancona,2,ci,8267
1933,2006_04_09,camera,ITI32,ancona,2,dcnpsi,1619
1934,2006_04_09,camera,ITI32,ancona,2,idv,6544
1935,2006_04_09,camera,ITI32,ancona,2,verdi,6912
1936,2006_04_09,camera,ITI32,ancona,2,ft,1954
1937,2006_04_09,camera,ITI32,ancona,2,fi,51887
1938,2006_04_09,camera,ITI32,ancona,2,ulivo,132716
1939,2006_04_09,camera,ITI32,ancona,2,rnp,6244
1940,2006_04_09,camera,ITI32,ancona,2,lega,2430
1941,2006_04_09,camera,ITI32,ancona,2,ne,454
1942,2006_04_09,camera,ITI32,ancona,2,pp,2082
1943,2006_04_09,camera,ITI32,ancona,2,rc,23044
1944,2006_04_09,camera,ITI32,ancona,2,udeur,1962
1945,2006_04_09,camera,ITI32,ancona,2,udc,21714
1946,2006_04_09,camera,ITI33,macerata,0,eligible_voters,247666
1947,2006_04_09,camera,ITI33,macerata,1,issued_ballots,212717
1948,2006_04_09,camera,ITI33,macerata,2,an,32884
1949,2006_04_09,camera,ITI33,macerata,2,asm,1362
1950,2006_04_09,camera,ITI33,macerata,2,amb,352
1951,2006_04_09,camera,ITI33,macerata,2,ci,4784
1952,2006_04_09,camera,ITI33,macerata,2,dcnpsi,1346
1953,2006_04_09,camera,ITI33,macerata,2,idv,4153
1954,2006_04_09,camera,ITI33,macerata,2,verdi,3236
1955,2006_04_09,camera,ITI33,macerata,2,ft,1809
1956,2006_04_09,camera,ITI33,macerata,2,fi,41506
1957,2006_04_09,camera,ITI33,macerata,2,ulivo,72313
1958,2006_04_09,camera,ITI33,macerata,2,rnp,3990
1959,2006_04_09,camera,ITI33,macerata,2,lega,2010
1960,2006_04_09,camera,ITI33,macerata,2,ne,289
1961,2006_04_09,camera,ITI33,macerata,2,pp,1326
1962,2006_04_09,camera,ITI33,macerata,2,rc,11805
1963,2006_04_09,camera,ITI33,macerata,2,udeur,1277
1964,2006_04_09,camera,ITI33,macerata,2,udc,21232
1965,2006_04_09,camera,ITI34,ascoli piceno,0,eligible_voters,168443
1966,2006_04_09,camera,ITI34,ascoli piceno,1,issued_ballots,144522
1967,2006_04_09,camera,ITI34,ascoli piceno,2,an,21777
1968,2006_04_09,camera,ITI34,ascoli piceno,2,asm,1226
1969,2006_04_09,camera,ITI34,ascoli piceno,2,amb,213
1970,2006_04_09,camera,ITI34,ascoli piceno,2,ci,3306
1971,2006_04_09,camera,ITI34,ascoli piceno,2,dcnpsi,1085
1972,2006_04_09,camera,ITI34,ascoli piceno,2,idv,2491
1973,2006_04_09,camera,ITI34,ascoli piceno,2,verdi,1971
1974,2006_04_09,camera,ITI34,ascoli piceno,2,ft,1190
1975,2006_04_09,camera,ITI34,ascoli piceno,2,fi,28463
1976,2006_04_09,camera,ITI34,ascoli piceno,2,ulivo,48729
1977,2006_04_09,camera,ITI34,ascoli piceno,2,rnp,2770
1978,2006_04_09,camera,ITI34,ascoli piceno,2,lega,973
1979,2006_04_09,camera,ITI34,ascoli piceno,2,ne,201
1980,2006_04_09,camera,ITI34,ascoli piceno,2,pp,613
1981,2006_04_09,camera,ITI34,ascoli piceno,2,rc,11474
1982,2006_04_09,camera,ITI34,ascoli piceno,2,udeur,1234
1983,2006_04_09,camera,ITI34,ascoli piceno,2,udc,12758
1984,2006_04_09,camera,ITI35,fermo,0,eligible_voters,137270
1985,2006_04_09,camera,ITI35,fermo,1,issued_ballots,118538
1986,2006_04_09,camera,ITI35,fermo,2,an,18977
1987,2006_04_09,camera,ITI35,fermo,2,asm,633
1988,2006_04_09,camera,ITI35,fermo,2,amb,160
1989,2006_04_09,camera,ITI35,fermo,2,ci,3044
1990,2006_04_09,camera,ITI35,fermo,2,dcnpsi,1100
1991,2006_04_09,camera,ITI35,fermo,2,idv,2217
1992,2006_04_09,camera,ITI35,fermo,2,verdi,1740
1993,2006_04_09,camera,ITI35,fermo,2,ft,1197
1994,2006_04_09,camera,ITI35,fermo,2,fi,24839
1995,2006_04_09,camera,ITI35,fermo,2,ulivo,40409
1996,2006_04_09,camera,ITI35,fermo,2,rnp,1706
1997,2006_04_09,camera,ITI35,fermo,2,lega,976
1998,2006_04_09,camera,ITI35,fermo,2,ne,214
1999,2006_04_09,camera,ITI35,fermo,2,pp,668
2000,2006_04_09,camera,ITI35,fermo,2,rc,6715
2001,2006_04_09,camera,ITI35,fermo,2,udeur,1174
2002,2006_04_09,camera,ITI35,fermo,2,udc,8684
2003,2006_04_09,camera,ITI41,viterbo,0,eligible_voters,248626
2004,2006_04_09,camera,ITI41,viterbo,1,issued_ballots,217706
2005,2006_04_09,camera,ITI41,viterbo,2,an,39341
2006,2006_04_09,camera,ITI41,viterbo,2,asm,2914
2007,2006_04_09,camera,ITI41,viterbo,2,ci,5196
2008,2006_04_09,camera,ITI41,viterbo,2,dcnpsi,1418
2009,2006_04_09,camera,ITI41,viterbo,2,idv,2746
2010,2006_04_09,camera,ITI41,viterbo,2,verdi,2674
2011,2006_04_09,camera,ITI41,viterbo,2,ft,2514
2012,2006_04_09,camera,ITI41,viterbo,2,fi,48237
2013,2006_04_09,camera,ITI41,viterbo,2,is,525
2014,2006_04_09,camera,ITI41,viterbo,2,ulivo,65407
2015,2006_04_09,camera,ITI41,viterbo,2,rnp,4600
2016,2006_04_09,camera,ITI41,viterbo,2,lega,993
2017,2006_04_09,camera,ITI41,viterbo,2,pp,1009
2018,2006_04_09,camera,ITI41,viterbo,2,rc,13673
2019,2006_04_09,camera,ITI41,viterbo,2,udeur,3731
2020,2006_04_09,camera,ITI41,viterbo,2,udc,16301
2021,2006_04_09,camera,ITI42,rieti,0,eligible_voters,105880
2022,2006_04_09,camera,ITI42,rieti,1,issued_ballots,90471
2023,2006_04_09,camera,ITI42,rieti,2,an,16697
2024,2006_04_09,camera,ITI42,rieti,2,asm,732
2025,2006_04_09,camera,ITI42,rieti,2,ci,2294
2026,2006_04_09,camera,ITI42,rieti,2,dcnpsi,974
2027,2006_04_09,camera,ITI42,rieti,2,idv,1247
2028,2006_04_09,camera,ITI42,rieti,2,verdi,1199
2029,2006_04_09,camera,ITI42,rieti,2,ft,1047
2030,2006_04_09,camera,ITI42,rieti,2,fi,15948
2031,2006_04_09,camera,ITI42,rieti,2,is,577
2032,2006_04_09,camera,ITI42,rieti,2,ulivo,24430
2033,2006_04_09,camera,ITI42,rieti,2,rnp,2617
2034,2006_04_09,camera,ITI42,rieti,2,lega,172
2035,2006_04_09,camera,ITI42,rieti,2,pp,361
2036,2006_04_09,camera,ITI42,rieti,2,rc,6854
2037,2006_04_09,camera,ITI42,rieti,2,udeur,1669
2038,2006_04_09,camera,ITI42,rieti,2,udc,5221
2039,2006_04_09,camera,ITI43,roma,0,eligible_voters,3054917
2040,2006_04_09,camera,ITI43,roma,1,issued_ballots,2580604
2041,2006_04_09,camera,ITI43,roma,2,an,475068
2042,2006_04_09,camera,ITI43,roma,2,asm,23763
2043,2006_04_09,camera,ITI43,roma,2,ci,64472
2044,2006_04_09,camera,ITI43,roma,2,dcnpsi,14445
2045,2006_04_09,camera,ITI43,roma,2,idv,48845
2046,2006_04_09,camera,ITI43,roma,2,verdi,61501
2047,2006_04_09,camera,ITI43,roma,2,ft,22724
2048,2006_04_09,camera,ITI43,roma,2,fi,472644
2049,2006_04_09,camera,ITI43,roma,2,is,6237
2050,2006_04_09,camera,ITI43,roma,2,ulivo,817041
2051,2006_04_09,camera,ITI43,roma,2,rnp,68025
2052,2006_04_09,camera,ITI43,roma,2,lega,5857
2053,2006_04_09,camera,ITI43,roma,2,pp,15120
2054,2006_04_09,camera,ITI43,roma,2,rc,195533
2055,2006_04_09,camera,ITI43,roma,2,tp,3918
2056,2006_04_09,camera,ITI43,roma,2,udeur,21563
2057,2006_04_09,camera,ITI43,roma,2,udc,157128
2058,2006_04_09,camera,ITI44,latina,0,eligible_voters,431889
2059,2006_04_09,camera,ITI44,latina,1,issued_ballots,367127
2060,2006_04_09,camera,ITI44,latina,2,an,63836
2061,2006_04_09,camera,ITI44,latina,2,asm,4433
2062,2006_04_09,camera,ITI44,latina,2,ci,6323
2063,2006_04_09,camera,ITI44,latina,2,dcnpsi,4075
2064,2006_04_09,camera,ITI44,latina,2,idv,6640
2065,2006_04_09,camera,ITI44,latina,2,verdi,5737
2066,2006_04_09,camera,ITI44,latina,2,ft,3456
2067,2006_04_09,camera,ITI44,latina,2,fi,116744
2068,2006_04_09,camera,ITI44,latina,2,is,1155
2069,2006_04_09,camera,ITI44,latina,2,ulivo,83942
2070,2006_04_09,camera,ITI44,latina,2,rnp,8045
2071,2006_04_09,camera,ITI44,latina,2,lega,621
2072,2006_04_09,camera,ITI44,latina,2,pp,1816
2073,2006_04_09,camera,ITI44,latina,2,rc,15766
2074,2006_04_09,camera,ITI44,latina,2,udeur,5493
2075,2006_04_09,camera,ITI44,latina,2,udc,28143
2076,2006_04_09,camera,ITI45,frosinone,0,eligible_voters,287202
2077,2006_04_09,camera,ITI45,frosinone,1,issued_ballots,245499
2078,2006_04_09,camera,ITI45,frosinone,2,an,34325
2079,2006_04_09,camera,ITI45,frosinone,2,asm,1991
2080,2006_04_09,camera,ITI45,frosinone,2,ci,7335
2081,2006_04_09,camera,ITI45,frosinone,2,dcnpsi,3778
2082,2006_04_09,camera,ITI45,frosinone,2,idv,3613
2083,2006_04_09,camera,ITI45,frosinone,2,verdi,2736
2084,2006_04_09,camera,ITI45,frosinone,2,ft,2289
2085,2006_04_09,camera,ITI45,frosinone,2,fi,56037
2086,2006_04_09,camera,ITI45,frosinone,2,is,526
2087,2006_04_09,camera,ITI45,frosinone,2,ulivo,64145
2088,2006_04_09,camera,ITI45,frosinone,2,rnp,14474
2089,2006_04_09,camera,ITI45,frosinone,2,lega,1133
2090,2006_04_09,camera,ITI45,frosinone,2,pp,1081
2091,2006_04_09,camera,ITI45,frosinone,2,rc,14890
2092,2006_04_09,camera,ITI45,frosinone,2,udeur,4617
2093,2006_04_09,camera,ITI45,frosinone,2,udc,22564
