,election_date,election_type,harmonised_code,harmonised_name,type,name,votes
0,2018_03_04,camera,ITC11,torino,0,eligible_voters,1740495.0
1,2018_03_04,camera,ITC11,torino,1,issued_ballots,1315222.0
2,2018_03_04,camera,ITC11,torino,2,piueuropa,57933.0
3,2018_03_04,camera,ITC11,torino,2,cpi,12358.0
4,2018_03_04,camera,ITC11,torino,2,cpl,5088.0
5,2018_03_04,camera,ITC11,torino,2,fi,149945.0
6,2018_03_04,camera,ITC11,torino,2,fdi,44400.0
7,2018_03_04,camera,ITC11,torino,2,pdf,7921.0
8,2018_03_04,camera,ITC11,torino,2,iei,5537.0
9,2018_03_04,camera,ITC11,torino,2,lega,237424.0
10,2018_03_04,camera,ITC11,torino,2,leu,52900.0
11,2018_03_04,camera,ITC11,torino,2,m5s,341804.0
12,2018_03_04,camera,ITC11,torino,2,nci_udc,7251.0
13,2018_03_04,camera,ITC11,torino,2,pd,273702.0
14,2018_03_04,camera,ITC11,torino,2,pvu,4096.0
15,2018_03_04,camera,ITC11,torino,2,pap,16097.0
16,2018_03_04,camera,ITC11,torino,2,svp_patt,16.0
17,2018_03_04,camera,ITC12,vercelli,0,eligible_voters,136840.0
18,2018_03_04,camera,ITC12,vercelli,1,issued_ballots,101454.0
19,2018_03_04,camera,ITC12,vercelli,2,piueuropa,2532.0
20,2018_03_04,camera,ITC12,vercelli,2,cpi,1334.0
21,2018_03_04,camera,ITC12,vercelli,2,cpl,333.0
22,2018_03_04,camera,ITC12,vercelli,2,fi,15386.0
23,2018_03_04,camera,ITC12,vercelli,2,fdi,4099.0
24,2018_03_04,camera,ITC12,vercelli,2,pdf,412.0
25,2018_03_04,camera,ITC12,vercelli,2,iai,565.0
26,2018_03_04,camera,ITC12,vercelli,2,iei,381.0
27,2018_03_04,camera,ITC12,vercelli,2,lega,25083.0
28,2018_03_04,camera,ITC12,vercelli,2,leu,2306.0
29,2018_03_04,camera,ITC12,vercelli,2,m5s,21766.0
30,2018_03_04,camera,ITC12,vercelli,2,nci_udc,1112.0
31,2018_03_04,camera,ITC12,vercelli,2,pd,16735.0
32,2018_03_04,camera,ITC12,vercelli,2,pvu,453.0
33,2018_03_04,camera,ITC12,vercelli,2,pap,920.0
34,2018_03_04,camera,ITC13,biella,0,eligible_voters,146789.0
35,2018_03_04,camera,ITC13,biella,1,issued_ballots,109487.0
36,2018_03_04,camera,ITC13,biella,2,piueuropa,3584.0
37,2018_03_04,camera,ITC13,biella,2,cpi,884.0
38,2018_03_04,camera,ITC13,biella,2,cpl,383.0
39,2018_03_04,camera,ITC13,biella,2,fi,14909.0
40,2018_03_04,camera,ITC13,biella,2,fdi,5707.0
41,2018_03_04,camera,ITC13,biella,2,pdf,581.0
42,2018_03_04,camera,ITC13,biella,2,iai,654.0
43,2018_03_04,camera,ITC13,biella,2,iei,497.0
44,2018_03_04,camera,ITC13,biella,2,lega,25171.0
45,2018_03_04,camera,ITC13,biella,2,leu,2428.0
46,2018_03_04,camera,ITC13,biella,2,m5s,24233.0
47,2018_03_04,camera,ITC13,biella,2,nci_udc,964.0
48,2018_03_04,camera,ITC13,biella,2,pd,17986.0
49,2018_03_04,camera,ITC13,biella,2,pvu,463.0
50,2018_03_04,camera,ITC13,biella,2,pap,891.0
51,2018_03_04,camera,ITC14,verbanocusioossola,0,eligible_voters,128390.0
52,2018_03_04,camera,ITC14,verbanocusioossola,1,issued_ballots,93788.0
53,2018_03_04,camera,ITC14,verbanocusioossola,2,piueuropa,2477.0
54,2018_03_04,camera,ITC14,verbanocusioossola,2,cpi,785.0
55,2018_03_04,camera,ITC14,verbanocusioossola,2,cpl,272.0
56,2018_03_04,camera,ITC14,verbanocusioossola,2,fi,14651.0
57,2018_03_04,camera,ITC14,verbanocusioossola,2,fdi,4665.0
58,2018_03_04,camera,ITC14,verbanocusioossola,2,pdf,546.0
59,2018_03_04,camera,ITC14,verbanocusioossola,2,iai,574.0
60,2018_03_04,camera,ITC14,verbanocusioossola,2,iei,412.0
61,2018_03_04,camera,ITC14,verbanocusioossola,2,lega,25862.0
62,2018_03_04,camera,ITC14,verbanocusioossola,2,leu,2854.0
63,2018_03_04,camera,ITC14,verbanocusioossola,2,m5s,22806.0
64,2018_03_04,camera,ITC14,verbanocusioossola,2,nci_udc,809.0
65,2018_03_04,camera,ITC14,verbanocusioossola,2,pd,18514.0
66,2018_03_04,camera,ITC14,verbanocusioossola,2,pvu,334.0
67,2018_03_04,camera,ITC14,verbanocusioossola,2,pap,873.0
68,2018_03_04,camera,ITC15,novara,0,eligible_voters,282015.0
69,2018_03_04,camera,ITC15,novara,1,issued_ballots,214033.0
70,2018_03_04,camera,ITC15,novara,2,piueuropa,6279.0
71,2018_03_04,camera,ITC15,novara,2,cpi,2053.0
72,2018_03_04,camera,ITC15,novara,2,cpl,744.0
73,2018_03_04,camera,ITC15,novara,2,fi,31177.0
74,2018_03_04,camera,ITC15,novara,2,fdi,8904.0
75,2018_03_04,camera,ITC15,novara,2,pdf,1397.0
76,2018_03_04,camera,ITC15,novara,2,iai,1253.0
77,2018_03_04,camera,ITC15,novara,2,iei,873.0
78,2018_03_04,camera,ITC15,novara,2,lega,52448.0
79,2018_03_04,camera,ITC15,novara,2,leu,4974.0
80,2018_03_04,camera,ITC15,novara,2,m5s,47091.0
81,2018_03_04,camera,ITC15,novara,2,nci_udc,1233.0
82,2018_03_04,camera,ITC15,novara,2,pd,38659.0
83,2018_03_04,camera,ITC15,novara,2,pvu,638.0
84,2018_03_04,camera,ITC15,novara,2,pap,1365.0
85,2018_03_04,camera,ITC16,cuneo,0,eligible_voters,446055.0
86,2018_03_04,camera,ITC16,cuneo,1,issued_ballots,343062.0
87,2018_03_04,camera,ITC16,cuneo,2,piueuropa,12213.0
88,2018_03_04,camera,ITC16,cuneo,2,cpi,2588.0
89,2018_03_04,camera,ITC16,cuneo,2,cpl,3042.0
90,2018_03_04,camera,ITC16,cuneo,2,fi,44197.0
91,2018_03_04,camera,ITC16,cuneo,2,fdi,15397.0
92,2018_03_04,camera,ITC16,cuneo,2,pdf,2684.0
93,2018_03_04,camera,ITC16,cuneo,2,iai,1736.0
94,2018_03_04,camera,ITC16,cuneo,2,iei,1386.0
95,2018_03_04,camera,ITC16,cuneo,2,lega,88466.0
96,2018_03_04,camera,ITC16,cuneo,2,leu,8286.0
97,2018_03_04,camera,ITC16,cuneo,2,m5s,69400.0
98,2018_03_04,camera,ITC16,cuneo,2,nci_udc,3645.0
99,2018_03_04,camera,ITC16,cuneo,2,pd,54834.0
100,2018_03_04,camera,ITC16,cuneo,2,pvu,1459.0
101,2018_03_04,camera,ITC16,cuneo,2,pap,3058.0
102,2018_03_04,camera,ITC17,asti,0,eligible_voters,163425.0
103,2018_03_04,camera,ITC17,asti,1,issued_ballots,118768.0
104,2018_03_04,camera,ITC17,asti,2,piueuropa,3530.0
105,2018_03_04,camera,ITC17,asti,2,cpi,921.0
106,2018_03_04,camera,ITC17,asti,2,cpl,715.0
107,2018_03_04,camera,ITC17,asti,2,fi,17081.0
108,2018_03_04,camera,ITC17,asti,2,fdi,4769.0
109,2018_03_04,camera,ITC17,asti,2,pdf,767.0
110,2018_03_04,camera,ITC17,asti,2,iai,642.0
111,2018_03_04,camera,ITC17,asti,2,iei,364.0
112,2018_03_04,camera,ITC17,asti,2,lega,31007.0
113,2018_03_04,camera,ITC17,asti,2,leu,3514.0
114,2018_03_04,camera,ITC17,asti,2,m5s,28590.0
115,2018_03_04,camera,ITC17,asti,2,nci_udc,742.0
116,2018_03_04,camera,ITC17,asti,2,pd,20210.0
117,2018_03_04,camera,ITC17,asti,2,pvu,560.0
118,2018_03_04,camera,ITC17,asti,2,pap,1031.0
119,2018_03_04,camera,ITC18,alessandria,0,eligible_voters,330000.0
120,2018_03_04,camera,ITC18,alessandria,1,issued_ballots,240825.0
121,2018_03_04,camera,ITC18,alessandria,2,piueuropa,5997.0
122,2018_03_04,camera,ITC18,alessandria,2,cpi,2464.0
123,2018_03_04,camera,ITC18,alessandria,2,cpl,670.0
124,2018_03_04,camera,ITC18,alessandria,2,fi,34873.0
125,2018_03_04,camera,ITC18,alessandria,2,fdi,9192.0
126,2018_03_04,camera,ITC18,alessandria,2,pdf,765.0
127,2018_03_04,camera,ITC18,alessandria,2,iai,1251.0
128,2018_03_04,camera,ITC18,alessandria,2,iei,1038.0
129,2018_03_04,camera,ITC18,alessandria,2,lega,57910.0
130,2018_03_04,camera,ITC18,alessandria,2,leu,8160.0
131,2018_03_04,camera,ITC18,alessandria,2,m5s,58122.0
132,2018_03_04,camera,ITC18,alessandria,2,nci_udc,2319.0
133,2018_03_04,camera,ITC18,alessandria,2,pd,40811.0
134,2018_03_04,camera,ITC18,alessandria,2,pvu,589.0
135,2018_03_04,camera,ITC18,alessandria,2,pap,2045.0
136,2018_03_04,camera,ITC20,valle daosta,2,cpi,0.0
137,2018_03_04,camera,ITC20,valle daosta,2,fi_fdi_mnva,0.0
138,2018_03_04,camera,ITC20,valle daosta,2,lega,0.0
139,2018_03_04,camera,ITC20,valle daosta,2,m5s,0.0
140,2018_03_04,camera,ITC20,valle daosta,2,pvu,0.0
141,2018_03_04,camera,ITC20,valle daosta,2,pd_uv_uvp_epav,0.0
142,2018_03_04,camera,ITC20,valle daosta,2,pap,0.0
143,2018_03_04,camera,ITC20,valle daosta,2,ptpt,0.0
144,2018_03_04,camera,ITC20,valle daosta,2,rciv,0.0
145,2018_03_04,camera,ITC31,imperia,0,eligible_voters,165368.0
146,2018_03_04,camera,ITC31,imperia,1,issued_ballots,114353.0
147,2018_03_04,camera,ITC31,imperia,2,piueuropa,2856.0
148,2018_03_04,camera,ITC31,imperia,2,10vm,238.0
149,2018_03_04,camera,ITC31,imperia,2,cpi,1356.0
150,2018_03_04,camera,ITC31,imperia,2,cpl,283.0
151,2018_03_04,camera,ITC31,imperia,2,fi,18116.0
152,2018_03_04,camera,ITC31,imperia,2,fdi,5414.0
153,2018_03_04,camera,ITC31,imperia,2,pdf,888.0
154,2018_03_04,camera,ITC31,imperia,2,iei,570.0
155,2018_03_04,camera,ITC31,imperia,2,lega,25216.0
156,2018_03_04,camera,ITC31,imperia,2,leu,2794.0
157,2018_03_04,camera,ITC31,imperia,2,m5s,31676.0
158,2018_03_04,camera,ITC31,imperia,2,nci_udc,615.0
159,2018_03_04,camera,ITC31,imperia,2,pc,414.0
160,2018_03_04,camera,ITC31,imperia,2,pd,15514.0
161,2018_03_04,camera,ITC31,imperia,2,pri_ala,91.0
162,2018_03_04,camera,ITC31,imperia,2,pvu,355.0
163,2018_03_04,camera,ITC31,imperia,2,psr,122.0
164,2018_03_04,camera,ITC31,imperia,2,pap,1611.0
165,2018_03_04,camera,ITC32,savona,0,eligible_voters,220672.0
166,2018_03_04,camera,ITC32,savona,1,issued_ballots,163257.0
167,2018_03_04,camera,ITC32,savona,2,piueuropa,4431.0
168,2018_03_04,camera,ITC32,savona,2,10vm,334.0
169,2018_03_04,camera,ITC32,savona,2,cpi,1542.0
170,2018_03_04,camera,ITC32,savona,2,cpl,433.0
171,2018_03_04,camera,ITC32,savona,2,fi,21425.0
172,2018_03_04,camera,ITC32,savona,2,fdi,5435.0
173,2018_03_04,camera,ITC32,savona,2,pdf,674.0
174,2018_03_04,camera,ITC32,savona,2,iei,755.0
175,2018_03_04,camera,ITC32,savona,2,lega,35496.0
176,2018_03_04,camera,ITC32,savona,2,leu,5030.0
177,2018_03_04,camera,ITC32,savona,2,m5s,43292.0
178,2018_03_04,camera,ITC32,savona,2,nci_udc,1050.0
179,2018_03_04,camera,ITC32,savona,2,pc,880.0
180,2018_03_04,camera,ITC32,savona,2,pd,28561.0
181,2018_03_04,camera,ITC32,savona,2,pri_ala,125.0
182,2018_03_04,camera,ITC32,savona,2,pvu,362.0
183,2018_03_04,camera,ITC32,savona,2,psr,362.0
184,2018_03_04,camera,ITC32,savona,2,pap,1736.0
185,2018_03_04,camera,ITC33,genova,0,eligible_voters,669391.0
186,2018_03_04,camera,ITC33,genova,1,issued_ballots,478782.0
187,2018_03_04,camera,ITC33,genova,2,piueuropa,17281.0
188,2018_03_04,camera,ITC33,genova,2,10vm,911.0
189,2018_03_04,camera,ITC33,genova,2,cpi,3686.0
190,2018_03_04,camera,ITC33,genova,2,cpl,1755.0
191,2018_03_04,camera,ITC33,genova,2,fi,53027.0
192,2018_03_04,camera,ITC33,genova,2,fdi,16406.0
193,2018_03_04,camera,ITC33,genova,2,pdf,1935.0
194,2018_03_04,camera,ITC33,genova,2,iei,2883.0
195,2018_03_04,camera,ITC33,genova,2,lega,82266.0
196,2018_03_04,camera,ITC33,genova,2,leu,22580.0
197,2018_03_04,camera,ITC33,genova,2,m5s,136950.0
198,2018_03_04,camera,ITC33,genova,2,nci_udc,3256.0
199,2018_03_04,camera,ITC33,genova,2,pc,2900.0
200,2018_03_04,camera,ITC33,genova,2,pd,94586.0
201,2018_03_04,camera,ITC33,genova,2,pri_ala,305.0
202,2018_03_04,camera,ITC33,genova,2,pvu,1017.0
203,2018_03_04,camera,ITC33,genova,2,psr,696.0
204,2018_03_04,camera,ITC33,genova,2,pap,6046.0
205,2018_03_04,camera,ITC34,la spezia,0,eligible_voters,174069.0
206,2018_03_04,camera,ITC34,la spezia,1,issued_ballots,128674.0
207,2018_03_04,camera,ITC34,la spezia,2,piueuropa,3495.0
208,2018_03_04,camera,ITC34,la spezia,2,10vm,175.0
209,2018_03_04,camera,ITC34,la spezia,2,cpi,1229.0
210,2018_03_04,camera,ITC34,la spezia,2,cpl,346.0
211,2018_03_04,camera,ITC34,la spezia,2,fi,13702.0
212,2018_03_04,camera,ITC34,la spezia,2,fdi,4467.0
213,2018_03_04,camera,ITC34,la spezia,2,pdf,575.0
214,2018_03_04,camera,ITC34,la spezia,2,iei,854.0
215,2018_03_04,camera,ITC34,la spezia,2,lega,24269.0
216,2018_03_04,camera,ITC34,la spezia,2,leu,5033.0
217,2018_03_04,camera,ITC34,la spezia,2,m5s,35833.0
218,2018_03_04,camera,ITC34,la spezia,2,nci_udc,2744.0
219,2018_03_04,camera,ITC34,la spezia,2,pc,675.0
220,2018_03_04,camera,ITC34,la spezia,2,pd,24903.0
221,2018_03_04,camera,ITC34,la spezia,2,pri_ala,105.0
222,2018_03_04,camera,ITC34,la spezia,2,pvu,148.0
223,2018_03_04,camera,ITC34,la spezia,2,psr,153.0
224,2018_03_04,camera,ITC34,la spezia,2,pap,1844.0
225,2018_03_04,camera,ITC41,varese,0,eligible_voters,686975.0
226,2018_03_04,camera,ITC41,varese,1,issued_ballots,520034.0
227,2018_03_04,camera,ITC41,varese,2,piueuropa,13985.0
228,2018_03_04,camera,ITC41,varese,2,10vm,1051.0
229,2018_03_04,camera,ITC41,varese,2,bnl,339.0
230,2018_03_04,camera,ITC41,varese,2,cpi,5854.0
231,2018_03_04,camera,ITC41,varese,2,cpl,1669.0
232,2018_03_04,camera,ITC41,varese,2,fi,70613.0
233,2018_03_04,camera,ITC41,varese,2,fdi,19088.0
234,2018_03_04,camera,ITC41,varese,2,gn,1894.0
235,2018_03_04,camera,ITC41,varese,2,pdf,3730.0
236,2018_03_04,camera,ITC41,varese,2,iei,1973.0
237,2018_03_04,camera,ITC41,varese,2,lega,148115.0
238,2018_03_04,camera,ITC41,varese,2,leu,11061.0
239,2018_03_04,camera,ITC41,varese,2,m5s,110266.0
240,2018_03_04,camera,ITC41,varese,2,nci_udc,6119.0
241,2018_03_04,camera,ITC41,varese,2,pd,93675.0
242,2018_03_04,camera,ITC41,varese,2,pri_ala,326.0
243,2018_03_04,camera,ITC41,varese,2,pvu,832.0
244,2018_03_04,camera,ITC41,varese,2,psr,1074.0
245,2018_03_04,camera,ITC41,varese,2,pap,2574.0
246,2018_03_04,camera,ITC42,como,0,eligible_voters,463242.0
247,2018_03_04,camera,ITC42,como,1,issued_ballots,353849.0
248,2018_03_04,camera,ITC42,como,2,piueuropa,9604.0
249,2018_03_04,camera,ITC42,como,2,10vm,924.0
250,2018_03_04,camera,ITC42,como,2,bnl,171.0
251,2018_03_04,camera,ITC42,como,2,cpi,3141.0
252,2018_03_04,camera,ITC42,como,2,cpl,1003.0
253,2018_03_04,camera,ITC42,como,2,fi,50247.0
254,2018_03_04,camera,ITC42,como,2,fdi,14861.0
255,2018_03_04,camera,ITC42,como,2,gn,1431.0
256,2018_03_04,camera,ITC42,como,2,pdf,1942.0
257,2018_03_04,camera,ITC42,como,2,iai,2161.0
258,2018_03_04,camera,ITC42,como,2,iei,1242.0
259,2018_03_04,camera,ITC42,como,2,lega,108742.0
260,2018_03_04,camera,ITC42,como,2,leu,7013.0
261,2018_03_04,camera,ITC42,como,2,lp,0.0
262,2018_03_04,camera,ITC42,como,2,m5s,66778.0
263,2018_03_04,camera,ITC42,como,2,nci_udc,3073.0
264,2018_03_04,camera,ITC42,como,2,pc,0.0
265,2018_03_04,camera,ITC42,como,2,pd,62209.0
266,2018_03_04,camera,ITC42,como,2,pri_ala,190.0
267,2018_03_04,camera,ITC42,como,2,pvu,603.0
268,2018_03_04,camera,ITC42,como,2,psr,582.0
269,2018_03_04,camera,ITC42,como,2,pap,1825.0
270,2018_03_04,camera,ITC42,como,2,svp_patt,35.0
271,2018_03_04,camera,ITC43,lecco,0,eligible_voters,260123.0
272,2018_03_04,camera,ITC43,lecco,1,issued_ballots,204982.0
273,2018_03_04,camera,ITC43,lecco,2,piueuropa,5376.0
274,2018_03_04,camera,ITC43,lecco,2,10vm,433.0
275,2018_03_04,camera,ITC43,lecco,2,bnl,115.0
276,2018_03_04,camera,ITC43,lecco,2,cpi,1648.0
277,2018_03_04,camera,ITC43,lecco,2,cpl,941.0
278,2018_03_04,camera,ITC43,lecco,2,fi,24113.0
279,2018_03_04,camera,ITC43,lecco,2,fdi,6839.0
280,2018_03_04,camera,ITC43,lecco,2,gn,368.0
281,2018_03_04,camera,ITC43,lecco,2,pdf,1041.0
282,2018_03_04,camera,ITC43,lecco,2,iai,1109.0
283,2018_03_04,camera,ITC43,lecco,2,iei,692.0
284,2018_03_04,camera,ITC43,lecco,2,lega,60930.0
285,2018_03_04,camera,ITC43,lecco,2,leu,5207.0
286,2018_03_04,camera,ITC43,lecco,2,m5s,35843.0
287,2018_03_04,camera,ITC43,lecco,2,nci_udc,2218.0
288,2018_03_04,camera,ITC43,lecco,2,pd,42125.0
289,2018_03_04,camera,ITC43,lecco,2,pri_ala,137.0
290,2018_03_04,camera,ITC43,lecco,2,pvu,325.0
291,2018_03_04,camera,ITC43,lecco,2,psr,421.0
292,2018_03_04,camera,ITC43,lecco,2,pap,1294.0
293,2018_03_04,camera,ITC44,sondrio,0,eligible_voters,144663.0
294,2018_03_04,camera,ITC44,sondrio,1,issued_ballots,109072.0
295,2018_03_04,camera,ITC44,sondrio,2,piueuropa,2692.0
296,2018_03_04,camera,ITC44,sondrio,2,10vm,157.0
297,2018_03_04,camera,ITC44,sondrio,2,bnl,44.0
298,2018_03_04,camera,ITC44,sondrio,2,cpi,707.0
299,2018_03_04,camera,ITC44,sondrio,2,cpl,272.0
300,2018_03_04,camera,ITC44,sondrio,2,fi,13496.0
301,2018_03_04,camera,ITC44,sondrio,2,fdi,3606.0
302,2018_03_04,camera,ITC44,sondrio,2,gn,273.0
303,2018_03_04,camera,ITC44,sondrio,2,pdf,1175.0
304,2018_03_04,camera,ITC44,sondrio,2,iai,859.0
305,2018_03_04,camera,ITC44,sondrio,2,iei,287.0
306,2018_03_04,camera,ITC44,sondrio,2,lega,41117.0
307,2018_03_04,camera,ITC44,sondrio,2,leu,2360.0
308,2018_03_04,camera,ITC44,sondrio,2,m5s,16283.0
309,2018_03_04,camera,ITC44,sondrio,2,nci_udc,805.0
310,2018_03_04,camera,ITC44,sondrio,2,pd,16533.0
311,2018_03_04,camera,ITC44,sondrio,2,pri_ala,48.0
312,2018_03_04,camera,ITC44,sondrio,2,pvu,195.0
313,2018_03_04,camera,ITC44,sondrio,2,psr,180.0
314,2018_03_04,camera,ITC44,sondrio,2,pap,505.0
315,2018_03_04,camera,ITC46,bergamo,0,eligible_voters,827797.0
316,2018_03_04,camera,ITC46,bergamo,1,issued_ballots,661287.0
317,2018_03_04,camera,ITC46,bergamo,2,piueuropa,15371.0
318,2018_03_04,camera,ITC46,bergamo,2,10vm,125.0
319,2018_03_04,camera,ITC46,bergamo,2,bnl,40.0
320,2018_03_04,camera,ITC46,bergamo,2,cpi,6142.0
321,2018_03_04,camera,ITC46,bergamo,2,cpl,2480.0
322,2018_03_04,camera,ITC46,bergamo,2,fi,80614.0
323,2018_03_04,camera,ITC46,bergamo,2,fdi,25716.0
324,2018_03_04,camera,ITC46,bergamo,2,gn,2030.0
325,2018_03_04,camera,ITC46,bergamo,2,pdf,4448.0
326,2018_03_04,camera,ITC46,bergamo,2,iai,3029.0
327,2018_03_04,camera,ITC46,bergamo,2,iei,2576.0
328,2018_03_04,camera,ITC46,bergamo,2,lega,223770.0
329,2018_03_04,camera,ITC46,bergamo,2,leu,13423.0
330,2018_03_04,camera,ITC46,bergamo,2,m5s,106510.0
331,2018_03_04,camera,ITC46,bergamo,2,nci_udc,5431.0
332,2018_03_04,camera,ITC46,bergamo,2,pc,2.0
333,2018_03_04,camera,ITC46,bergamo,2,pd,126414.0
334,2018_03_04,camera,ITC46,bergamo,2,pri_ala,508.0
335,2018_03_04,camera,ITC46,bergamo,2,pvu,87.0
336,2018_03_04,camera,ITC46,bergamo,2,psr,104.0
337,2018_03_04,camera,ITC46,bergamo,2,pap,5549.0
338,2018_03_04,camera,ITC47,brescia,0,eligible_voters,927200.0
339,2018_03_04,camera,ITC47,brescia,1,issued_ballots,737308.0
340,2018_03_04,camera,ITC47,brescia,2,piueuropa,16442.0
341,2018_03_04,camera,ITC47,brescia,2,10vm,1143.0
342,2018_03_04,camera,ITC47,brescia,2,cpi,8512.0
343,2018_03_04,camera,ITC47,brescia,2,cpl,2675.0
344,2018_03_04,camera,ITC47,brescia,2,fi,89879.0
345,2018_03_04,camera,ITC47,brescia,2,fdi,32594.0
346,2018_03_04,camera,ITC47,brescia,2,gn,2356.0
347,2018_03_04,camera,ITC47,brescia,2,pdf,5613.0
348,2018_03_04,camera,ITC47,brescia,2,iai,4135.0
349,2018_03_04,camera,ITC47,brescia,2,iei,2523.0
350,2018_03_04,camera,ITC47,brescia,2,inc,507.0
351,2018_03_04,camera,ITC47,brescia,2,lega,239780.0
352,2018_03_04,camera,ITC47,brescia,2,leu,17906.0
353,2018_03_04,camera,ITC47,brescia,2,m5s,128646.0
354,2018_03_04,camera,ITC47,brescia,2,nci_udc,6304.0
355,2018_03_04,camera,ITC47,brescia,2,pd,138265.0
356,2018_03_04,camera,ITC47,brescia,2,pri_ala,545.0
357,2018_03_04,camera,ITC47,brescia,2,psr,43.0
358,2018_03_04,camera,ITC47,brescia,2,pap,5928.0
359,2018_03_04,camera,ITC48,pavia,0,eligible_voters,416016.0
360,2018_03_04,camera,ITC48,pavia,1,issued_ballots,307187.0
361,2018_03_04,camera,ITC48,pavia,2,piueuropa,7734.0
362,2018_03_04,camera,ITC48,pavia,2,10vm,608.0
363,2018_03_04,camera,ITC48,pavia,2,cpi,3828.0
364,2018_03_04,camera,ITC48,pavia,2,cpl,797.0
365,2018_03_04,camera,ITC48,pavia,2,fi,51427.0
366,2018_03_04,camera,ITC48,pavia,2,fdi,11966.0
367,2018_03_04,camera,ITC48,pavia,2,pdf,996.0
368,2018_03_04,camera,ITC48,pavia,2,iai,2183.0
369,2018_03_04,camera,ITC48,pavia,2,iei,1194.0
370,2018_03_04,camera,ITC48,pavia,2,lega,80802.0
371,2018_03_04,camera,ITC48,pavia,2,leu,7331.0
372,2018_03_04,camera,ITC48,pavia,2,m5s,63585.0
373,2018_03_04,camera,ITC48,pavia,2,nci_udc,1953.0
374,2018_03_04,camera,ITC48,pavia,2,pd,54467.0
375,2018_03_04,camera,ITC48,pavia,2,pri_ala,275.0
376,2018_03_04,camera,ITC48,pavia,2,psr,748.0
377,2018_03_04,camera,ITC48,pavia,2,pap,2232.0
378,2018_03_04,camera,ITC49,lodi,0,eligible_voters,171118.0
379,2018_03_04,camera,ITC49,lodi,1,issued_ballots,131195.0
380,2018_03_04,camera,ITC49,lodi,2,piueuropa,2570.0
381,2018_03_04,camera,ITC49,lodi,2,10vm,211.0
382,2018_03_04,camera,ITC49,lodi,2,cpi,1132.0
383,2018_03_04,camera,ITC49,lodi,2,cpl,418.0
384,2018_03_04,camera,ITC49,lodi,2,fi,17339.0
385,2018_03_04,camera,ITC49,lodi,2,fdi,4603.0
386,2018_03_04,camera,ITC49,lodi,2,pdf,496.0
387,2018_03_04,camera,ITC49,lodi,2,iai,889.0
388,2018_03_04,camera,ITC49,lodi,2,iei,391.0
389,2018_03_04,camera,ITC49,lodi,2,lega,37559.0
390,2018_03_04,camera,ITC49,lodi,2,leu,3030.0
391,2018_03_04,camera,ITC49,lodi,2,m5s,27879.0
392,2018_03_04,camera,ITC49,lodi,2,nci_udc,793.0
393,2018_03_04,camera,ITC49,lodi,2,pd,24699.0
394,2018_03_04,camera,ITC49,lodi,2,pri_ala,91.0
395,2018_03_04,camera,ITC49,lodi,2,psr,262.0
396,2018_03_04,camera,ITC49,lodi,2,pap,921.0
397,2018_03_04,camera,ITC4A,cremona,0,eligible_voters,266153.0
398,2018_03_04,camera,ITC4A,cremona,1,issued_ballots,206684.0
399,2018_03_04,camera,ITC4A,cremona,2,piueuropa,4281.0
400,2018_03_04,camera,ITC4A,cremona,2,cpi,3026.0
401,2018_03_04,camera,ITC4A,cremona,2,cpl,664.0
402,2018_03_04,camera,ITC4A,cremona,2,fi,28001.0
403,2018_03_04,camera,ITC4A,cremona,2,fdi,8299.0
404,2018_03_04,camera,ITC4A,cremona,2,pdf,1508.0
405,2018_03_04,camera,ITC4A,cremona,2,iei,800.0
406,2018_03_04,camera,ITC4A,cremona,2,lega,62928.0
407,2018_03_04,camera,ITC4A,cremona,2,leu,5069.0
408,2018_03_04,camera,ITC4A,cremona,2,m5s,40562.0
409,2018_03_04,camera,ITC4A,cremona,2,nci_udc,1667.0
410,2018_03_04,camera,ITC4A,cremona,2,pd,40368.0
411,2018_03_04,camera,ITC4A,cremona,2,pri_ala,239.0
412,2018_03_04,camera,ITC4A,cremona,2,psr,695.0
413,2018_03_04,camera,ITC4A,cremona,2,pap,1559.0
414,2018_03_04,camera,ITC4B,mantova,0,eligible_voters,295933.0
415,2018_03_04,camera,ITC4B,mantova,1,issued_ballots,222879.0
416,2018_03_04,camera,ITC4B,mantova,2,piueuropa,4888.0
417,2018_03_04,camera,ITC4B,mantova,2,cpi,3408.0
418,2018_03_04,camera,ITC4B,mantova,2,cpl,921.0
419,2018_03_04,camera,ITC4B,mantova,2,fi,28995.0
420,2018_03_04,camera,ITC4B,mantova,2,fdi,8672.0
421,2018_03_04,camera,ITC4B,mantova,2,pdf,1648.0
422,2018_03_04,camera,ITC4B,mantova,2,iei,1343.0
423,2018_03_04,camera,ITC4B,mantova,2,lega,61732.0
424,2018_03_04,camera,ITC4B,mantova,2,leu,5664.0
425,2018_03_04,camera,ITC4B,mantova,2,m5s,53000.0
426,2018_03_04,camera,ITC4B,mantova,2,nci_udc,1337.0
427,2018_03_04,camera,ITC4B,mantova,2,pd,53363.0
428,2018_03_04,camera,ITC4B,mantova,2,pri_ala,213.0
429,2018_03_04,camera,ITC4B,mantova,2,psr,465.0
430,2018_03_04,camera,ITC4B,mantova,2,pap,1650.0
431,2018_03_04,camera,ITC4C,milano,0,eligible_voters,2353675.0
432,2018_03_04,camera,ITC4C,milano,1,issued_ballots,1773470.0
433,2018_03_04,camera,ITC4C,milano,2,piueuropa,83517.0
434,2018_03_04,camera,ITC4C,milano,2,10vm,4605.0
435,2018_03_04,camera,ITC4C,milano,2,cpi,14235.0
436,2018_03_04,camera,ITC4C,milano,2,cpl,6476.0
437,2018_03_04,camera,ITC4C,milano,2,fi,240602.0
438,2018_03_04,camera,ITC4C,milano,2,fdi,68499.0
439,2018_03_04,camera,ITC4C,milano,2,pdf,6267.0
440,2018_03_04,camera,ITC4C,milano,2,iai,3168.0
441,2018_03_04,camera,ITC4C,milano,2,iei,11062.0
442,2018_03_04,camera,ITC4C,milano,2,lega,353937.0
443,2018_03_04,camera,ITC4C,milano,2,leu,59674.0
444,2018_03_04,camera,ITC4C,milano,2,m5s,386203.0
445,2018_03_04,camera,ITC4C,milano,2,nci_udc,17323.0
446,2018_03_04,camera,ITC4C,milano,2,pd,396811.0
447,2018_03_04,camera,ITC4C,milano,2,pri_ala,1460.0
448,2018_03_04,camera,ITC4C,milano,2,psr,2764.0
449,2018_03_04,camera,ITC4C,milano,2,pap,18623.0
450,2018_03_04,camera,ITC4D,monza e della brianza,0,eligible_voters,665695.0
451,2018_03_04,camera,ITC4D,monza e della brianza,1,issued_ballots,518681.0
452,2018_03_04,camera,ITC4D,monza e della brianza,2,piueuropa,15796.0
453,2018_03_04,camera,ITC4D,monza e della brianza,2,10vm,1258.0
454,2018_03_04,camera,ITC4D,monza e della brianza,2,cpi,3831.0
455,2018_03_04,camera,ITC4D,monza e della brianza,2,cpl,1674.0
456,2018_03_04,camera,ITC4D,monza e della brianza,2,fi,71505.0
457,2018_03_04,camera,ITC4D,monza e della brianza,2,fdi,18525.0
458,2018_03_04,camera,ITC4D,monza e della brianza,2,pdf,2521.0
459,2018_03_04,camera,ITC4D,monza e della brianza,2,iai,2079.0
460,2018_03_04,camera,ITC4D,monza e della brianza,2,iei,2151.0
461,2018_03_04,camera,ITC4D,monza e della brianza,2,lega,131290.0
462,2018_03_04,camera,ITC4D,monza e della brianza,2,leu,13377.0
463,2018_03_04,camera,ITC4D,monza e della brianza,2,m5s,114348.0
464,2018_03_04,camera,ITC4D,monza e della brianza,2,nci_udc,5258.0
465,2018_03_04,camera,ITC4D,monza e della brianza,2,pd,103298.0
466,2018_03_04,camera,ITC4D,monza e della brianza,2,pri_ala,281.0
467,2018_03_04,camera,ITC4D,monza e della brianza,2,psr,1004.0
468,2018_03_04,camera,ITC4D,monza e della brianza,2,pap,3043.0
469,2018_03_04,camera,ITF11,laquila,0,eligible_voters,236409.0
470,2018_03_04,camera,ITF11,laquila,1,issued_ballots,176596.0
471,2018_03_04,camera,ITF11,laquila,2,piueuropa,5110.0
472,2018_03_04,camera,ITF11,laquila,2,10vm,277.0
473,2018_03_04,camera,ITF11,laquila,2,cpi,2042.0
474,2018_03_04,camera,ITF11,laquila,2,cpl,898.0
475,2018_03_04,camera,ITF11,laquila,2,fi,28236.0
476,2018_03_04,camera,ITF11,laquila,2,fdi,9479.0
477,2018_03_04,camera,ITF11,laquila,2,pdf,390.0
478,2018_03_04,camera,ITF11,laquila,2,iai,714.0
479,2018_03_04,camera,ITF11,laquila,2,iei,1288.0
480,2018_03_04,camera,ITF11,laquila,2,lega,28586.0
481,2018_03_04,camera,ITF11,laquila,2,leu,4353.0
482,2018_03_04,camera,ITF11,laquila,2,m5s,55174.0
483,2018_03_04,camera,ITF11,laquila,2,nci_udc,2838.0
484,2018_03_04,camera,ITF11,laquila,2,pc,799.0
485,2018_03_04,camera,ITF11,laquila,2,pd,21686.0
486,2018_03_04,camera,ITF11,laquila,2,pvu,129.0
487,2018_03_04,camera,ITF11,laquila,2,pap,2044.0
488,2018_03_04,camera,ITF12,teramo,0,eligible_voters,242435.0
489,2018_03_04,camera,ITF12,teramo,1,issued_ballots,183535.0
490,2018_03_04,camera,ITF12,teramo,2,piueuropa,2120.0
491,2018_03_04,camera,ITF12,teramo,2,10vm,220.0
492,2018_03_04,camera,ITF12,teramo,2,cpi,1444.0
493,2018_03_04,camera,ITF12,teramo,2,cpl,2116.0
494,2018_03_04,camera,ITF12,teramo,2,fi,21306.0
495,2018_03_04,camera,ITF12,teramo,2,fdi,8273.0
496,2018_03_04,camera,ITF12,teramo,2,pdf,1601.0
497,2018_03_04,camera,ITF12,teramo,2,iai,740.0
498,2018_03_04,camera,ITF12,teramo,2,iei,661.0
499,2018_03_04,camera,ITF12,teramo,2,lega,24215.0
500,2018_03_04,camera,ITF12,teramo,2,leu,4127.0
501,2018_03_04,camera,ITF12,teramo,2,m5s,68990.0
502,2018_03_04,camera,ITF12,teramo,2,nci_udc,5779.0
503,2018_03_04,camera,ITF12,teramo,2,pc,1189.0
504,2018_03_04,camera,ITF12,teramo,2,pd,25133.0
505,2018_03_04,camera,ITF12,teramo,2,pvu,358.0
506,2018_03_04,camera,ITF12,teramo,2,pap,1776.0
507,2018_03_04,camera,ITF13,pescara,0,eligible_voters,250672.0
508,2018_03_04,camera,ITF13,pescara,1,issued_ballots,189302.0
509,2018_03_04,camera,ITF13,pescara,2,piueuropa,3373.0
510,2018_03_04,camera,ITF13,pescara,2,10vm,382.0
511,2018_03_04,camera,ITF13,pescara,2,cpi,1675.0
512,2018_03_04,camera,ITF13,pescara,2,cpl,1672.0
513,2018_03_04,camera,ITF13,pescara,2,fi,25200.0
514,2018_03_04,camera,ITF13,pescara,2,fdi,8938.0
515,2018_03_04,camera,ITF13,pescara,2,pdf,1472.0
516,2018_03_04,camera,ITF13,pescara,2,iai,745.0
517,2018_03_04,camera,ITF13,pescara,2,iei,631.0
518,2018_03_04,camera,ITF13,pescara,2,lega,23966.0
519,2018_03_04,camera,ITF13,pescara,2,leu,4607.0
520,2018_03_04,camera,ITF13,pescara,2,m5s,73044.0
521,2018_03_04,camera,ITF13,pescara,2,nci_udc,1392.0
522,2018_03_04,camera,ITF13,pescara,2,pc,1051.0
523,2018_03_04,camera,ITF13,pescara,2,pd,25306.0
524,2018_03_04,camera,ITF13,pescara,2,pvu,333.0
525,2018_03_04,camera,ITF13,pescara,2,pap,2861.0
526,2018_03_04,camera,ITF14,chieti,0,eligible_voters,311514.0
527,2018_03_04,camera,ITF14,chieti,1,issued_ballots,233855.0
528,2018_03_04,camera,ITF14,chieti,2,piueuropa,3104.0
529,2018_03_04,camera,ITF14,chieti,2,10vm,304.0
530,2018_03_04,camera,ITF14,chieti,2,cpi,2213.0
531,2018_03_04,camera,ITF14,chieti,2,cpl,2243.0
532,2018_03_04,camera,ITF14,chieti,2,fi,32426.0
533,2018_03_04,camera,ITF14,chieti,2,fdi,9867.0
534,2018_03_04,camera,ITF14,chieti,2,pdf,1278.0
535,2018_03_04,camera,ITF14,chieti,2,iai,1471.0
536,2018_03_04,camera,ITF14,chieti,2,iei,768.0
537,2018_03_04,camera,ITF14,chieti,2,lega,25701.0
538,2018_03_04,camera,ITF14,chieti,2,leu,5309.0
539,2018_03_04,camera,ITF14,chieti,2,m5s,90484.0
540,2018_03_04,camera,ITF14,chieti,2,nci_udc,6280.0
541,2018_03_04,camera,ITF14,chieti,2,pc,1283.0
542,2018_03_04,camera,ITF14,chieti,2,pd,30518.0
543,2018_03_04,camera,ITF14,chieti,2,pvu,317.0
544,2018_03_04,camera,ITF14,chieti,2,pap,2428.0
545,2018_03_04,camera,ITF21,isernia,0,eligible_voters,71004.0
546,2018_03_04,camera,ITF21,isernia,1,issued_ballots,49234.0
547,2018_03_04,camera,ITF21,isernia,2,piueuropa,464.0
548,2018_03_04,camera,ITF21,isernia,2,bnl,58.0
549,2018_03_04,camera,ITF21,isernia,2,cpi,455.0
550,2018_03_04,camera,ITF21,isernia,2,cpl,467.0
551,2018_03_04,camera,ITF21,isernia,2,fi,9727.0
552,2018_03_04,camera,ITF21,isernia,2,fdi,1544.0
553,2018_03_04,camera,ITF21,isernia,2,iai,142.0
554,2018_03_04,camera,ITF21,isernia,2,iei,345.0
555,2018_03_04,camera,ITF21,isernia,2,lega,4259.0
556,2018_03_04,camera,ITF21,isernia,2,leu,1556.0
557,2018_03_04,camera,ITF21,isernia,2,m5s,17609.0
558,2018_03_04,camera,ITF21,isernia,2,nci_udc,1103.0
559,2018_03_04,camera,ITF21,isernia,2,pc,188.0
560,2018_03_04,camera,ITF21,isernia,2,pd,5383.0
561,2018_03_04,camera,ITF21,isernia,2,pri_ala,30.0
562,2018_03_04,camera,ITF21,isernia,2,pvu,117.0
563,2018_03_04,camera,ITF21,isernia,2,pap,445.0
564,2018_03_04,camera,ITF22,campobasso,0,eligible_voters,183104.0
565,2018_03_04,camera,ITF22,campobasso,1,issued_ballots,132773.0
566,2018_03_04,camera,ITF22,campobasso,2,piueuropa,1348.0
567,2018_03_04,camera,ITF22,campobasso,2,bnl,173.0
568,2018_03_04,camera,ITF22,campobasso,2,cpi,896.0
569,2018_03_04,camera,ITF22,campobasso,2,cpl,1403.0
570,2018_03_04,camera,ITF22,campobasso,2,fi,16931.0
571,2018_03_04,camera,ITF22,campobasso,2,fdi,3598.0
572,2018_03_04,camera,ITF22,campobasso,2,iai,458.0
573,2018_03_04,camera,ITF22,campobasso,2,iei,413.0
574,2018_03_04,camera,ITF22,campobasso,2,lega,10146.0
575,2018_03_04,camera,ITF22,campobasso,2,leu,4293.0
576,2018_03_04,camera,ITF22,campobasso,2,m5s,56510.0
577,2018_03_04,camera,ITF22,campobasso,2,nci_udc,2122.0
578,2018_03_04,camera,ITF22,campobasso,2,pc,790.0
579,2018_03_04,camera,ITF22,campobasso,2,pd,17580.0
580,2018_03_04,camera,ITF22,campobasso,2,pri_ala,63.0
581,2018_03_04,camera,ITF22,campobasso,2,pvu,571.0
582,2018_03_04,camera,ITF22,campobasso,2,pap,1389.0
583,2018_03_04,camera,ITF31,caserta,0,eligible_voters,714758.0
584,2018_03_04,camera,ITF31,caserta,1,issued_ballots,497700.0
585,2018_03_04,camera,ITF31,caserta,2,piueuropa,6034.0
586,2018_03_04,camera,ITF31,caserta,2,cpi,2182.0
587,2018_03_04,camera,ITF31,caserta,2,cpl,3589.0
588,2018_03_04,camera,ITF31,caserta,2,fi,86976.0
589,2018_03_04,camera,ITF31,caserta,2,fdi,19966.0
590,2018_03_04,camera,ITF31,caserta,2,pdf,2091.0
591,2018_03_04,camera,ITF31,caserta,2,iai,4076.0
592,2018_03_04,camera,ITF31,caserta,2,iei,6158.0
593,2018_03_04,camera,ITF31,caserta,2,lega,26357.0
594,2018_03_04,camera,ITF31,caserta,2,leu,8498.0
595,2018_03_04,camera,ITF31,caserta,2,lp,428.0
596,2018_03_04,camera,ITF31,caserta,2,m5s,232730.0
597,2018_03_04,camera,ITF31,caserta,2,nci_udc,3613.0
598,2018_03_04,camera,ITF31,caserta,2,pc,1136.0
599,2018_03_04,camera,ITF31,caserta,2,pd,48882.0
600,2018_03_04,camera,ITF31,caserta,2,pvu,652.0
601,2018_03_04,camera,ITF31,caserta,2,psr,600.0
602,2018_03_04,camera,ITF31,caserta,2,pap,4606.0
603,2018_03_04,camera,ITF32,benevento,0,eligible_voters,227476.0
604,2018_03_04,camera,ITF32,benevento,1,issued_ballots,166872.0
605,2018_03_04,camera,ITF32,benevento,2,piueuropa,2030.0
606,2018_03_04,camera,ITF32,benevento,2,10vm,579.0
607,2018_03_04,camera,ITF32,benevento,2,cpi,820.0
608,2018_03_04,camera,ITF32,benevento,2,cpl,2637.0
609,2018_03_04,camera,ITF32,benevento,2,fi,31766.0
610,2018_03_04,camera,ITF32,benevento,2,fdi,4650.0
611,2018_03_04,camera,ITF32,benevento,2,pdf,556.0
612,2018_03_04,camera,ITF32,benevento,2,iai,909.0
613,2018_03_04,camera,ITF32,benevento,2,iei,894.0
614,2018_03_04,camera,ITF32,benevento,2,lega,9634.0
615,2018_03_04,camera,ITF32,benevento,2,leu,3556.0
616,2018_03_04,camera,ITF32,benevento,2,lp,134.0
617,2018_03_04,camera,ITF32,benevento,2,m5s,68041.0
618,2018_03_04,camera,ITF32,benevento,2,nci_udc,1295.0
619,2018_03_04,camera,ITF32,benevento,2,pc,501.0
620,2018_03_04,camera,ITF32,benevento,2,pd,23627.0
621,2018_03_04,camera,ITF32,benevento,2,pvu,271.0
622,2018_03_04,camera,ITF32,benevento,2,pap,1947.0
623,2018_03_04,camera,ITF33,napoli,0,eligible_voters,2401003.0
624,2018_03_04,camera,ITF33,napoli,1,issued_ballots,1568793.0
625,2018_03_04,camera,ITF33,napoli,2,piueuropa,17796.0
626,2018_03_04,camera,ITF33,napoli,2,cpi,6585.0
627,2018_03_04,camera,ITF33,napoli,2,cpl,6874.0
628,2018_03_04,camera,ITF33,napoli,2,fi,271853.0
629,2018_03_04,camera,ITF33,napoli,2,fdi,38944.0
630,2018_03_04,camera,ITF33,napoli,2,pdf,7601.0
631,2018_03_04,camera,ITF33,napoli,2,iai,5096.0
632,2018_03_04,camera,ITF33,napoli,2,iei,6130.0
633,2018_03_04,camera,ITF33,napoli,2,lega,43600.0
634,2018_03_04,camera,ITF33,napoli,2,leu,43865.0
635,2018_03_04,camera,ITF33,napoli,2,m5s,801987.0
636,2018_03_04,camera,ITF33,napoli,2,nci_udc,23461.0
637,2018_03_04,camera,ITF33,napoli,2,pd,178241.0
638,2018_03_04,camera,ITF33,napoli,2,pri_ala,2328.0
639,2018_03_04,camera,ITF33,napoli,2,psr,1925.0
640,2018_03_04,camera,ITF33,napoli,2,pap,25921.0
641,2018_03_04,camera,ITF34,avellino,0,eligible_voters,343310.0
642,2018_03_04,camera,ITF34,avellino,1,issued_ballots,250190.0
643,2018_03_04,camera,ITF34,avellino,2,piueuropa,2870.0
644,2018_03_04,camera,ITF34,avellino,2,10vm,253.0
645,2018_03_04,camera,ITF34,avellino,2,cpi,1313.0
646,2018_03_04,camera,ITF34,avellino,2,cpl,7436.0
647,2018_03_04,camera,ITF34,avellino,2,fi,37106.0
648,2018_03_04,camera,ITF34,avellino,2,fdi,9127.0
649,2018_03_04,camera,ITF34,avellino,2,pdf,771.0
650,2018_03_04,camera,ITF34,avellino,2,iai,1119.0
651,2018_03_04,camera,ITF34,avellino,2,iei,3890.0
652,2018_03_04,camera,ITF34,avellino,2,lega,13648.0
653,2018_03_04,camera,ITF34,avellino,2,leu,6692.0
654,2018_03_04,camera,ITF34,avellino,2,lp,219.0
655,2018_03_04,camera,ITF34,avellino,2,m5s,100767.0
656,2018_03_04,camera,ITF34,avellino,2,nci_udc,4712.0
657,2018_03_04,camera,ITF34,avellino,2,pc,857.0
658,2018_03_04,camera,ITF34,avellino,2,pd,35207.0
659,2018_03_04,camera,ITF34,avellino,2,pvu,654.0
660,2018_03_04,camera,ITF34,avellino,2,pap,3732.0
661,2018_03_04,camera,ITF35,salerno,0,eligible_voters,872540.0
662,2018_03_04,camera,ITF35,salerno,1,issued_ballots,624811.0
663,2018_03_04,camera,ITF35,salerno,2,piueuropa,9399.0
664,2018_03_04,camera,ITF35,salerno,2,10vm,539.0
665,2018_03_04,camera,ITF35,salerno,2,cpi,2843.0
666,2018_03_04,camera,ITF35,salerno,2,cpl,6948.0
667,2018_03_04,camera,ITF35,salerno,2,fi,111399.0
668,2018_03_04,camera,ITF35,salerno,2,fdi,30159.0
669,2018_03_04,camera,ITF35,salerno,2,pdf,4044.0
670,2018_03_04,camera,ITF35,salerno,2,iai,3414.0
671,2018_03_04,camera,ITF35,salerno,2,iei,7071.0
672,2018_03_04,camera,ITF35,salerno,2,lega,33603.0
673,2018_03_04,camera,ITF35,salerno,2,leu,18907.0
674,2018_03_04,camera,ITF35,salerno,2,lp,5.0
675,2018_03_04,camera,ITF35,salerno,2,m5s,227985.0
676,2018_03_04,camera,ITF35,salerno,2,nci_udc,16653.0
677,2018_03_04,camera,ITF35,salerno,2,pc,1794.0
678,2018_03_04,camera,ITF35,salerno,2,pd,84342.0
679,2018_03_04,camera,ITF35,salerno,2,pvu,884.0
680,2018_03_04,camera,ITF35,salerno,2,psr,662.0
681,2018_03_04,camera,ITF35,salerno,2,pap,6775.0
682,2018_03_04,camera,ITF43,taranto,0,eligible_voters,472780.0
683,2018_03_04,camera,ITF43,taranto,1,issued_ballots,320425.0
684,2018_03_04,camera,ITF43,taranto,2,piueuropa,3682.0
685,2018_03_04,camera,ITF43,taranto,2,10vm,395.0
686,2018_03_04,camera,ITF43,taranto,2,cpi,1775.0
687,2018_03_04,camera,ITF43,taranto,2,cpl,898.0
688,2018_03_04,camera,ITF43,taranto,2,fi,61377.0
689,2018_03_04,camera,ITF43,taranto,2,fdi,10676.0
690,2018_03_04,camera,ITF43,taranto,2,pdf,1095.0
691,2018_03_04,camera,ITF43,taranto,2,iai,1824.0
692,2018_03_04,camera,ITF43,taranto,2,iei,1299.0
693,2018_03_04,camera,ITF43,taranto,2,lega,17641.0
694,2018_03_04,camera,ITF43,taranto,2,leu,7208.0
695,2018_03_04,camera,ITF43,taranto,2,m5s,133742.0
696,2018_03_04,camera,ITF43,taranto,2,nci_udc,7883.0
697,2018_03_04,camera,ITF43,taranto,2,pc,1020.0
698,2018_03_04,camera,ITF43,taranto,2,pd,38093.0
699,2018_03_04,camera,ITF43,taranto,2,pri_ala,175.0
700,2018_03_04,camera,ITF43,taranto,2,pvu,400.0
701,2018_03_04,camera,ITF43,taranto,2,pap,2591.0
702,2018_03_04,camera,ITF44,brindisi,0,eligible_voters,322712.0
703,2018_03_04,camera,ITF44,brindisi,1,issued_ballots,222196.0
704,2018_03_04,camera,ITF44,brindisi,2,piueuropa,2050.0
705,2018_03_04,camera,ITF44,brindisi,2,10vm,201.0
706,2018_03_04,camera,ITF44,brindisi,2,cpi,1348.0
707,2018_03_04,camera,ITF44,brindisi,2,cpl,700.0
708,2018_03_04,camera,ITF44,brindisi,2,fi,43334.0
709,2018_03_04,camera,ITF44,brindisi,2,fdi,7287.0
710,2018_03_04,camera,ITF44,brindisi,2,pdf,665.0
711,2018_03_04,camera,ITF44,brindisi,2,iai,707.0
712,2018_03_04,camera,ITF44,brindisi,2,iei,727.0
713,2018_03_04,camera,ITF44,brindisi,2,lega,12003.0
714,2018_03_04,camera,ITF44,brindisi,2,leu,5373.0
715,2018_03_04,camera,ITF44,brindisi,2,m5s,94932.0
716,2018_03_04,camera,ITF44,brindisi,2,nci_udc,7852.0
717,2018_03_04,camera,ITF44,brindisi,2,pc,845.0
718,2018_03_04,camera,ITF44,brindisi,2,pd,23899.0
719,2018_03_04,camera,ITF44,brindisi,2,pri_ala,1089.0
720,2018_03_04,camera,ITF44,brindisi,2,pvu,558.0
721,2018_03_04,camera,ITF44,brindisi,2,pap,2053.0
722,2018_03_04,camera,ITF45,lecce,0,eligible_voters,645620.0
723,2018_03_04,camera,ITF45,lecce,1,issued_ballots,453045.0
724,2018_03_04,camera,ITF45,lecce,2,piueuropa,7334.0
725,2018_03_04,camera,ITF45,lecce,2,10vm,508.0
726,2018_03_04,camera,ITF45,lecce,2,cpi,5258.0
727,2018_03_04,camera,ITF45,lecce,2,cpl,1239.0
728,2018_03_04,camera,ITF45,lecce,2,fi,67843.0
729,2018_03_04,camera,ITF45,lecce,2,fdi,19326.0
730,2018_03_04,camera,ITF45,lecce,2,gn,2.0
731,2018_03_04,camera,ITF45,lecce,2,pdf,1725.0
732,2018_03_04,camera,ITF45,lecce,2,iai,1324.0
733,2018_03_04,camera,ITF45,lecce,2,iei,2816.0
734,2018_03_04,camera,ITF45,lecce,2,lega,31306.0
735,2018_03_04,camera,ITF45,lecce,2,leu,17885.0
736,2018_03_04,camera,ITF45,lecce,2,m5s,169200.0
737,2018_03_04,camera,ITF45,lecce,2,nci_udc,26494.0
738,2018_03_04,camera,ITF45,lecce,2,pc,1632.0
739,2018_03_04,camera,ITF45,lecce,2,pd,60968.0
740,2018_03_04,camera,ITF45,lecce,2,pri_ala,274.0
741,2018_03_04,camera,ITF45,lecce,2,pvu,392.0
742,2018_03_04,camera,ITF45,lecce,2,pap,4730.0
743,2018_03_04,camera,ITF46,foggia,0,eligible_voters,491262.0
744,2018_03_04,camera,ITF46,foggia,1,issued_ballots,327631.0
745,2018_03_04,camera,ITF46,foggia,2,piueuropa,2852.0
746,2018_03_04,camera,ITF46,foggia,2,10vm,249.0
747,2018_03_04,camera,ITF46,foggia,2,cpi,1694.0
748,2018_03_04,camera,ITF46,foggia,2,cpl,4482.0
749,2018_03_04,camera,ITF46,foggia,2,fi,59353.0
750,2018_03_04,camera,ITF46,foggia,2,fdi,9038.0
751,2018_03_04,camera,ITF46,foggia,2,pdf,2576.0
752,2018_03_04,camera,ITF46,foggia,2,iai,1565.0
753,2018_03_04,camera,ITF46,foggia,2,iei,1222.0
754,2018_03_04,camera,ITF46,foggia,2,lega,22811.0
755,2018_03_04,camera,ITF46,foggia,2,leu,6989.0
756,2018_03_04,camera,ITF46,foggia,2,m5s,134106.0
757,2018_03_04,camera,ITF46,foggia,2,nci_udc,10525.0
758,2018_03_04,camera,ITF46,foggia,2,pd,41576.0
759,2018_03_04,camera,ITF46,foggia,2,pri_ala,218.0
760,2018_03_04,camera,ITF46,foggia,2,pvu,704.0
761,2018_03_04,camera,ITF46,foggia,2,pap,2855.0
762,2018_03_04,camera,ITF47,bari,0,eligible_voters,1016777.0
763,2018_03_04,camera,ITF47,bari,1,issued_ballots,714480.0
764,2018_03_04,camera,ITF47,bari,2,piueuropa,9915.0
765,2018_03_04,camera,ITF47,bari,2,10vm,1098.0
766,2018_03_04,camera,ITF47,bari,2,cpi,4366.0
767,2018_03_04,camera,ITF47,bari,2,cpl,1935.0
768,2018_03_04,camera,ITF47,bari,2,fi,126333.0
769,2018_03_04,camera,ITF47,bari,2,fdi,25698.0
770,2018_03_04,camera,ITF47,bari,2,pdf,3863.0
771,2018_03_04,camera,ITF47,bari,2,iai,462.0
772,2018_03_04,camera,ITF47,bari,2,iei,4099.0
773,2018_03_04,camera,ITF47,bari,2,lega,37111.0
774,2018_03_04,camera,ITF47,bari,2,leu,27748.0
775,2018_03_04,camera,ITF47,bari,2,m5s,306691.0
776,2018_03_04,camera,ITF47,bari,2,nci_udc,15905.0
777,2018_03_04,camera,ITF47,bari,2,pc,2062.0
778,2018_03_04,camera,ITF47,bari,2,pd,88806.0
779,2018_03_04,camera,ITF47,bari,2,pri_ala,659.0
780,2018_03_04,camera,ITF47,bari,2,pvu,260.0
781,2018_03_04,camera,ITF47,bari,2,pap,6290.0
782,2018_03_04,camera,ITF48,barlettaandriatrani,0,eligible_voters,311877.0
783,2018_03_04,camera,ITF48,barlettaandriatrani,1,issued_ballots,215094.0
784,2018_03_04,camera,ITF48,barlettaandriatrani,2,piueuropa,1850.0
785,2018_03_04,camera,ITF48,barlettaandriatrani,2,10vm,278.0
786,2018_03_04,camera,ITF48,barlettaandriatrani,2,cpi,1039.0
787,2018_03_04,camera,ITF48,barlettaandriatrani,2,cpl,1320.0
788,2018_03_04,camera,ITF48,barlettaandriatrani,2,fi,38399.0
789,2018_03_04,camera,ITF48,barlettaandriatrani,2,fdi,7532.0
790,2018_03_04,camera,ITF48,barlettaandriatrani,2,pdf,1449.0
791,2018_03_04,camera,ITF48,barlettaandriatrani,2,iai,660.0
792,2018_03_04,camera,ITF48,barlettaandriatrani,2,iei,1096.0
793,2018_03_04,camera,ITF48,barlettaandriatrani,2,lega,10350.0
794,2018_03_04,camera,ITF48,barlettaandriatrani,2,leu,4875.0
795,2018_03_04,camera,ITF48,barlettaandriatrani,2,m5s,94119.0
796,2018_03_04,camera,ITF48,barlettaandriatrani,2,nci_udc,5190.0
797,2018_03_04,camera,ITF48,barlettaandriatrani,2,pc,159.0
798,2018_03_04,camera,ITF48,barlettaandriatrani,2,pd,25864.0
799,2018_03_04,camera,ITF48,barlettaandriatrani,2,pri_ala,116.0
800,2018_03_04,camera,ITF48,barlettaandriatrani,2,pvu,571.0
801,2018_03_04,camera,ITF48,barlettaandriatrani,2,pap,1383.0
802,2018_03_04,camera,ITF51,potenza,0,eligible_voters,341512.0
803,2018_03_04,camera,ITF51,potenza,1,issued_ballots,243245.0
804,2018_03_04,camera,ITF51,potenza,2,piueuropa,2735.0
805,2018_03_04,camera,ITF51,potenza,2,10vm,314.0
806,2018_03_04,camera,ITF51,potenza,2,bnl,538.0
807,2018_03_04,camera,ITF51,potenza,2,cpi,1369.0
808,2018_03_04,camera,ITF51,potenza,2,cpl,3315.0
809,2018_03_04,camera,ITF51,potenza,2,fi,28896.0
810,2018_03_04,camera,ITF51,potenza,2,fdi,8390.0
811,2018_03_04,camera,ITF51,potenza,2,pdf,1464.0
812,2018_03_04,camera,ITF51,potenza,2,iai,63.0
813,2018_03_04,camera,ITF51,potenza,2,iei,2773.0
814,2018_03_04,camera,ITF51,potenza,2,lega,14302.0
815,2018_03_04,camera,ITF51,potenza,2,leu,12243.0
816,2018_03_04,camera,ITF51,potenza,2,lp,473.0
817,2018_03_04,camera,ITF51,potenza,2,m5s,100201.0
818,2018_03_04,camera,ITF51,potenza,2,nci_udc,5659.0
819,2018_03_04,camera,ITF51,potenza,2,pc,1127.0
820,2018_03_04,camera,ITF51,potenza,2,pd,36270.0
821,2018_03_04,camera,ITF51,potenza,2,pvu,651.0
822,2018_03_04,camera,ITF51,potenza,2,psr,480.0
823,2018_03_04,camera,ITF51,potenza,2,pap,2895.0
824,2018_03_04,camera,ITF52,matera,0,eligible_voters,158877.0
825,2018_03_04,camera,ITF52,matera,1,issued_ballots,110207.0
826,2018_03_04,camera,ITF52,matera,2,piueuropa,1096.0
827,2018_03_04,camera,ITF52,matera,2,10vm,369.0
828,2018_03_04,camera,ITF52,matera,2,bnl,229.0
829,2018_03_04,camera,ITF52,matera,2,cpi,664.0
830,2018_03_04,camera,ITF52,matera,2,cpl,513.0
831,2018_03_04,camera,ITF52,matera,2,fi,14433.0
832,2018_03_04,camera,ITF52,matera,2,fdi,3759.0
833,2018_03_04,camera,ITF52,matera,2,pdf,601.0
834,2018_03_04,camera,ITF52,matera,2,iei,485.0
835,2018_03_04,camera,ITF52,matera,2,lega,5987.0
836,2018_03_04,camera,ITF52,matera,2,leu,7245.0
837,2018_03_04,camera,ITF52,matera,2,lp,171.0
838,2018_03_04,camera,ITF52,matera,2,m5s,44719.0
839,2018_03_04,camera,ITF52,matera,2,nci_udc,5134.0
840,2018_03_04,camera,ITF52,matera,2,pc,395.0
841,2018_03_04,camera,ITF52,matera,2,pd,14707.0
842,2018_03_04,camera,ITF52,matera,2,pvu,131.0
843,2018_03_04,camera,ITF52,matera,2,psr,135.0
844,2018_03_04,camera,ITF52,matera,2,pap,969.0
845,2018_03_04,camera,ITF61,cosenza,0,eligible_voters,511718.0
846,2018_03_04,camera,ITF61,cosenza,1,issued_ballots,339357.0
847,2018_03_04,camera,ITF61,cosenza,2,piueuropa,3130.0
848,2018_03_04,camera,ITF61,cosenza,2,cpi,1588.0
849,2018_03_04,camera,ITF61,cosenza,2,cpl,2324.0
850,2018_03_04,camera,ITF61,cosenza,2,fi,57128.0
851,2018_03_04,camera,ITF61,cosenza,2,fdi,12967.0
852,2018_03_04,camera,ITF61,cosenza,2,pdf,1647.0
853,2018_03_04,camera,ITF61,cosenza,2,iai,2129.0
854,2018_03_04,camera,ITF61,cosenza,2,iei,3151.0
855,2018_03_04,camera,ITF61,cosenza,2,lega,15632.0
856,2018_03_04,camera,ITF61,cosenza,2,leu,8081.0
857,2018_03_04,camera,ITF61,cosenza,2,lp,305.0
858,2018_03_04,camera,ITF61,cosenza,2,m5s,153429.0
859,2018_03_04,camera,ITF61,cosenza,2,nci_udc,4034.0
860,2018_03_04,camera,ITF61,cosenza,2,pc,1549.0
861,2018_03_04,camera,ITF61,cosenza,2,pd,42231.0
862,2018_03_04,camera,ITF61,cosenza,2,pvu,605.0
863,2018_03_04,camera,ITF61,cosenza,2,psr,575.0
864,2018_03_04,camera,ITF61,cosenza,2,pap,4031.0
865,2018_03_04,camera,ITF62,crotone,0,eligible_voters,132219.0
866,2018_03_04,camera,ITF62,crotone,1,issued_ballots,78834.0
867,2018_03_04,camera,ITF62,crotone,2,piueuropa,427.0
868,2018_03_04,camera,ITF62,crotone,2,cpi,286.0
869,2018_03_04,camera,ITF62,crotone,2,cpl,141.0
870,2018_03_04,camera,ITF62,crotone,2,fi,13656.0
871,2018_03_04,camera,ITF62,crotone,2,fdi,1763.0
872,2018_03_04,camera,ITF62,crotone,2,pdf,214.0
873,2018_03_04,camera,ITF62,crotone,2,iai,491.0
874,2018_03_04,camera,ITF62,crotone,2,iei,138.0
875,2018_03_04,camera,ITF62,crotone,2,lega,3384.0
876,2018_03_04,camera,ITF62,crotone,2,leu,2508.0
877,2018_03_04,camera,ITF62,crotone,2,lp,224.0
878,2018_03_04,camera,ITF62,crotone,2,m5s,37791.0
879,2018_03_04,camera,ITF62,crotone,2,nci_udc,1653.0
880,2018_03_04,camera,ITF62,crotone,2,pc,268.0
881,2018_03_04,camera,ITF62,crotone,2,pd,9025.0
882,2018_03_04,camera,ITF62,crotone,2,pvu,1122.0
883,2018_03_04,camera,ITF62,crotone,2,psr,110.0
884,2018_03_04,camera,ITF62,crotone,2,pap,531.0
885,2018_03_04,camera,ITF63,catanzaro,0,eligible_voters,286634.0
886,2018_03_04,camera,ITF63,catanzaro,1,issued_ballots,185225.0
887,2018_03_04,camera,ITF63,catanzaro,2,piueuropa,1595.0
888,2018_03_04,camera,ITF63,catanzaro,2,cpi,1779.0
889,2018_03_04,camera,ITF63,catanzaro,2,cpl,472.0
890,2018_03_04,camera,ITF63,catanzaro,2,fi,32876.0
891,2018_03_04,camera,ITF63,catanzaro,2,fdi,8173.0
892,2018_03_04,camera,ITF63,catanzaro,2,pdf,882.0
893,2018_03_04,camera,ITF63,catanzaro,2,iai,1280.0
894,2018_03_04,camera,ITF63,catanzaro,2,iei,567.0
895,2018_03_04,camera,ITF63,catanzaro,2,lega,10541.0
896,2018_03_04,camera,ITF63,catanzaro,2,leu,3853.0
897,2018_03_04,camera,ITF63,catanzaro,2,lp,129.0
898,2018_03_04,camera,ITF63,catanzaro,2,m5s,76855.0
899,2018_03_04,camera,ITF63,catanzaro,2,nci_udc,2363.0
900,2018_03_04,camera,ITF63,catanzaro,2,pc,692.0
901,2018_03_04,camera,ITF63,catanzaro,2,pd,27849.0
902,2018_03_04,camera,ITF63,catanzaro,2,pvu,585.0
903,2018_03_04,camera,ITF63,catanzaro,2,psr,215.0
904,2018_03_04,camera,ITF63,catanzaro,2,pap,2120.0
905,2018_03_04,camera,ITF64,vibo valentia,0,eligible_voters,126876.0
906,2018_03_04,camera,ITF64,vibo valentia,1,issued_ballots,83068.0
907,2018_03_04,camera,ITF64,vibo valentia,2,piueuropa,865.0
908,2018_03_04,camera,ITF64,vibo valentia,2,cpi,320.0
909,2018_03_04,camera,ITF64,vibo valentia,2,cpl,2587.0
910,2018_03_04,camera,ITF64,vibo valentia,2,fi,18565.0
911,2018_03_04,camera,ITF64,vibo valentia,2,fdi,3661.0
912,2018_03_04,camera,ITF64,vibo valentia,2,pdf,601.0
913,2018_03_04,camera,ITF64,vibo valentia,2,iai,716.0
914,2018_03_04,camera,ITF64,vibo valentia,2,iei,1465.0
915,2018_03_04,camera,ITF64,vibo valentia,2,lega,4435.0
916,2018_03_04,camera,ITF64,vibo valentia,2,leu,1786.0
917,2018_03_04,camera,ITF64,vibo valentia,2,lp,317.0
918,2018_03_04,camera,ITF64,vibo valentia,2,m5s,23483.0
919,2018_03_04,camera,ITF64,vibo valentia,2,nci_udc,1770.0
920,2018_03_04,camera,ITF64,vibo valentia,2,pc,296.0
921,2018_03_04,camera,ITF64,vibo valentia,2,pd,13879.0
922,2018_03_04,camera,ITF64,vibo valentia,2,pvu,152.0
923,2018_03_04,camera,ITF64,vibo valentia,2,psr,131.0
924,2018_03_04,camera,ITF64,vibo valentia,2,pap,563.0
925,2018_03_04,camera,ITF65,reggio calabria,0,eligible_voters,427004.0
926,2018_03_04,camera,ITF65,reggio calabria,1,issued_ballots,259660.0
927,2018_03_04,camera,ITF65,reggio calabria,2,piueuropa,2639.0
928,2018_03_04,camera,ITF65,reggio calabria,2,cpi,2595.0
929,2018_03_04,camera,ITF65,reggio calabria,2,cpl,1260.0
930,2018_03_04,camera,ITF65,reggio calabria,2,fi,59492.0
931,2018_03_04,camera,ITF65,reggio calabria,2,fdi,12438.0
932,2018_03_04,camera,ITF65,reggio calabria,2,pdf,2251.0
933,2018_03_04,camera,ITF65,reggio calabria,2,iai,1575.0
934,2018_03_04,camera,ITF65,reggio calabria,2,iei,2834.0
935,2018_03_04,camera,ITF65,reggio calabria,2,lega,14844.0
936,2018_03_04,camera,ITF65,reggio calabria,2,leu,8481.0
937,2018_03_04,camera,ITF65,reggio calabria,2,lp,344.0
938,2018_03_04,camera,ITF65,reggio calabria,2,m5s,84597.0
939,2018_03_04,camera,ITF65,reggio calabria,2,nci_udc,6889.0
940,2018_03_04,camera,ITF65,reggio calabria,2,pc,1393.0
941,2018_03_04,camera,ITF65,reggio calabria,2,pd,31793.0
942,2018_03_04,camera,ITF65,reggio calabria,2,pvu,2098.0
943,2018_03_04,camera,ITF65,reggio calabria,2,psr,372.0
944,2018_03_04,camera,ITF65,reggio calabria,2,pap,2185.0
945,2018_03_04,camera,ITG11,trapani,0,eligible_voters,340120.0
946,2018_03_04,camera,ITG11,trapani,1,issued_ballots,214966.0
947,2018_03_04,camera,ITG11,trapani,2,piueuropa,1642.0
948,2018_03_04,camera,ITG11,trapani,2,cpi,787.0
949,2018_03_04,camera,ITG11,trapani,2,cpl,465.0
950,2018_03_04,camera,ITG11,trapani,2,fi,40659.0
951,2018_03_04,camera,ITG11,trapani,2,fdi,5822.0
952,2018_03_04,camera,ITG11,trapani,2,pdf,2117.0
953,2018_03_04,camera,ITG11,trapani,2,iai,872.0
954,2018_03_04,camera,ITG11,trapani,2,iei,1406.0
955,2018_03_04,camera,ITG11,trapani,2,lega,9209.0
956,2018_03_04,camera,ITG11,trapani,2,leu,4030.0
957,2018_03_04,camera,ITG11,trapani,2,lp,162.0
958,2018_03_04,camera,ITG11,trapani,2,m5s,106476.0
959,2018_03_04,camera,ITG11,trapani,2,nci_udc,5163.0
960,2018_03_04,camera,ITG11,trapani,2,pc,309.0
961,2018_03_04,camera,ITG11,trapani,2,pd,23332.0
962,2018_03_04,camera,ITG11,trapani,2,pap,732.0
963,2018_03_04,camera,ITG12,palermo,0,eligible_voters,1006434.0
964,2018_03_04,camera,ITG12,palermo,1,issued_ballots,618886.0
965,2018_03_04,camera,ITG12,palermo,2,piueuropa,9073.0
966,2018_03_04,camera,ITG12,palermo,2,cpi,1868.0
967,2018_03_04,camera,ITG12,palermo,2,cpl,1261.0
968,2018_03_04,camera,ITG12,palermo,2,fi,134438.0
969,2018_03_04,camera,ITG12,palermo,2,fdi,20488.0
970,2018_03_04,camera,ITG12,palermo,2,pdf,7538.0
971,2018_03_04,camera,ITG12,palermo,2,iai,2394.0
972,2018_03_04,camera,ITG12,palermo,2,iei,1961.0
973,2018_03_04,camera,ITG12,palermo,2,lega,29808.0
974,2018_03_04,camera,ITG12,palermo,2,leu,20421.0
975,2018_03_04,camera,ITG12,palermo,2,lp,446.0
976,2018_03_04,camera,ITG12,palermo,2,m5s,263351.0
977,2018_03_04,camera,ITG12,palermo,2,nci_udc,17716.0
978,2018_03_04,camera,ITG12,palermo,2,pc,1465.0
979,2018_03_04,camera,ITG12,palermo,2,pd,60905.0
980,2018_03_04,camera,ITG12,palermo,2,pap,4825.0
981,2018_03_04,camera,ITG13,messina,0,eligible_voters,505655.0
982,2018_03_04,camera,ITG13,messina,1,issued_ballots,329794.0
983,2018_03_04,camera,ITG13,messina,2,piueuropa,3489.0
984,2018_03_04,camera,ITG13,messina,2,auto,37.0
985,2018_03_04,camera,ITG13,messina,2,cpi,2048.0
986,2018_03_04,camera,ITG13,messina,2,cpl,4448.0
987,2018_03_04,camera,ITG13,messina,2,fi,70144.0
988,2018_03_04,camera,ITG13,messina,2,fdi,12461.0
989,2018_03_04,camera,ITG13,messina,2,pdf,2486.0
990,2018_03_04,camera,ITG13,messina,2,iai,1032.0
991,2018_03_04,camera,ITG13,messina,2,iei,1117.0
992,2018_03_04,camera,ITG13,messina,2,lega,18428.0
993,2018_03_04,camera,ITG13,messina,2,leu,8867.0
994,2018_03_04,camera,ITG13,messina,2,lp,238.0
995,2018_03_04,camera,ITG13,messina,2,m5s,133097.0
996,2018_03_04,camera,ITG13,messina,2,nci_udc,3484.0
997,2018_03_04,camera,ITG13,messina,2,pc,946.0
998,2018_03_04,camera,ITG13,messina,2,pd,45311.0
999,2018_03_04,camera,ITG13,messina,2,pvu,28.0
1000,2018_03_04,camera,ITG13,messina,2,pap,2149.0
1001,2018_03_04,camera,ITG14,agrigento,0,eligible_voters,351545.0
1002,2018_03_04,camera,ITG14,agrigento,1,issued_ballots,207885.0
1003,2018_03_04,camera,ITG14,agrigento,2,piueuropa,1313.0
1004,2018_03_04,camera,ITG14,agrigento,2,cpi,834.0
1005,2018_03_04,camera,ITG14,agrigento,2,cpl,2477.0
1006,2018_03_04,camera,ITG14,agrigento,2,fi,33921.0
1007,2018_03_04,camera,ITG14,agrigento,2,fdi,8059.0
1008,2018_03_04,camera,ITG14,agrigento,2,pdf,2343.0
1009,2018_03_04,camera,ITG14,agrigento,2,iai,1161.0
1010,2018_03_04,camera,ITG14,agrigento,2,iei,708.0
1011,2018_03_04,camera,ITG14,agrigento,2,lega,10132.0
1012,2018_03_04,camera,ITG14,agrigento,2,leu,5208.0
1013,2018_03_04,camera,ITG14,agrigento,2,lp,586.0
1014,2018_03_04,camera,ITG14,agrigento,2,m5s,99436.0
1015,2018_03_04,camera,ITG14,agrigento,2,nci_udc,7153.0
1016,2018_03_04,camera,ITG14,agrigento,2,pd,17725.0
1017,2018_03_04,camera,ITG14,agrigento,2,pap,1759.0
1018,2018_03_04,camera,ITG15,caltanissetta,0,eligible_voters,214251.0
1019,2018_03_04,camera,ITG15,caltanissetta,1,issued_ballots,127572.0
1020,2018_03_04,camera,ITG15,caltanissetta,2,piueuropa,1018.0
1021,2018_03_04,camera,ITG15,caltanissetta,2,cpi,450.0
1022,2018_03_04,camera,ITG15,caltanissetta,2,cpl,268.0
1023,2018_03_04,camera,ITG15,caltanissetta,2,fi,26288.0
1024,2018_03_04,camera,ITG15,caltanissetta,2,fdi,5222.0
1025,2018_03_04,camera,ITG15,caltanissetta,2,pdf,1651.0
1026,2018_03_04,camera,ITG15,caltanissetta,2,iai,352.0
1027,2018_03_04,camera,ITG15,caltanissetta,2,iei,1081.0
1028,2018_03_04,camera,ITG15,caltanissetta,2,lega,8642.0
1029,2018_03_04,camera,ITG15,caltanissetta,2,leu,3304.0
1030,2018_03_04,camera,ITG15,caltanissetta,2,lp,5.0
1031,2018_03_04,camera,ITG15,caltanissetta,2,m5s,58262.0
1032,2018_03_04,camera,ITG15,caltanissetta,2,nci_udc,3027.0
1033,2018_03_04,camera,ITG15,caltanissetta,2,pc,30.0
1034,2018_03_04,camera,ITG15,caltanissetta,2,pd,11193.0
1035,2018_03_04,camera,ITG15,caltanissetta,2,pvu,5.0
1036,2018_03_04,camera,ITG15,caltanissetta,2,pap,664.0
1037,2018_03_04,camera,ITG16,enna,0,eligible_voters,136323.0
1038,2018_03_04,camera,ITG16,enna,1,issued_ballots,88392.0
1039,2018_03_04,camera,ITG16,enna,2,piueuropa,926.0
1040,2018_03_04,camera,ITG16,enna,2,cpi,262.0
1041,2018_03_04,camera,ITG16,enna,2,cpl,546.0
1042,2018_03_04,camera,ITG16,enna,2,fi,13862.0
1043,2018_03_04,camera,ITG16,enna,2,fdi,2346.0
1044,2018_03_04,camera,ITG16,enna,2,pdf,373.0
1045,2018_03_04,camera,ITG16,enna,2,iai,502.0
1046,2018_03_04,camera,ITG16,enna,2,iei,711.0
1047,2018_03_04,camera,ITG16,enna,2,lega,3692.0
1048,2018_03_04,camera,ITG16,enna,2,leu,2727.0
1049,2018_03_04,camera,ITG16,enna,2,m5s,39649.0
1050,2018_03_04,camera,ITG16,enna,2,nci_udc,1506.0
1051,2018_03_04,camera,ITG16,enna,2,pc,245.0
1052,2018_03_04,camera,ITG16,enna,2,pd,10503.0
1053,2018_03_04,camera,ITG16,enna,2,pvu,169.0
1054,2018_03_04,camera,ITG16,enna,2,pap,342.0
1055,2018_03_04,camera,ITG17,catania,0,eligible_voters,885071.0
1056,2018_03_04,camera,ITG17,catania,1,issued_ballots,567300.0
1057,2018_03_04,camera,ITG17,catania,2,piueuropa,5375.0
1058,2018_03_04,camera,ITG17,catania,2,10vm,4.0
1059,2018_03_04,camera,ITG17,catania,2,bnl,5.0
1060,2018_03_04,camera,ITG17,catania,2,cpi,3276.0
1061,2018_03_04,camera,ITG17,catania,2,cpl,1910.0
1062,2018_03_04,camera,ITG17,catania,2,fi,113839.0
1063,2018_03_04,camera,ITG17,catania,2,fdi,22097.0
1064,2018_03_04,camera,ITG17,catania,2,pdf,4135.0
1065,2018_03_04,camera,ITG17,catania,2,iai,2112.0
1066,2018_03_04,camera,ITG17,catania,2,iei,1522.0
1067,2018_03_04,camera,ITG17,catania,2,lega,25664.0
1068,2018_03_04,camera,ITG17,catania,2,leu,11892.0
1069,2018_03_04,camera,ITG17,catania,2,lp,652.0
1070,2018_03_04,camera,ITG17,catania,2,m5s,260233.0
1071,2018_03_04,camera,ITG17,catania,2,nci_udc,14939.0
1072,2018_03_04,camera,ITG17,catania,2,pc,1707.0
1073,2018_03_04,camera,ITG17,catania,2,pd,54823.0
1074,2018_03_04,camera,ITG17,catania,2,pri_ala,0.0
1075,2018_03_04,camera,ITG17,catania,2,pvu,736.0
1076,2018_03_04,camera,ITG17,catania,2,psr,4.0
1077,2018_03_04,camera,ITG17,catania,2,pap,4165.0
1078,2018_03_04,camera,ITG18,ragusa,0,eligible_voters,242353.0
1079,2018_03_04,camera,ITG18,ragusa,1,issued_ballots,156844.0
1080,2018_03_04,camera,ITG18,ragusa,2,piueuropa,1680.0
1081,2018_03_04,camera,ITG18,ragusa,2,cpi,809.0
1082,2018_03_04,camera,ITG18,ragusa,2,cpl,683.0
1083,2018_03_04,camera,ITG18,ragusa,2,fi,26567.0
1084,2018_03_04,camera,ITG18,ragusa,2,fdi,5648.0
1085,2018_03_04,camera,ITG18,ragusa,2,pdf,1390.0
1086,2018_03_04,camera,ITG18,ragusa,2,iai,589.0
1087,2018_03_04,camera,ITG18,ragusa,2,iei,551.0
1088,2018_03_04,camera,ITG18,ragusa,2,lega,8491.0
1089,2018_03_04,camera,ITG18,ragusa,2,leu,3821.0
1090,2018_03_04,camera,ITG18,ragusa,2,lp,245.0
1091,2018_03_04,camera,ITG18,ragusa,2,m5s,76731.0
1092,2018_03_04,camera,ITG18,ragusa,2,nci_udc,149.0
1093,2018_03_04,camera,ITG18,ragusa,2,pc,374.0
1094,2018_03_04,camera,ITG18,ragusa,2,pd,17302.0
1095,2018_03_04,camera,ITG18,ragusa,2,pvu,173.0
1096,2018_03_04,camera,ITG18,ragusa,2,pap,781.0
1097,2018_03_04,camera,ITG19,siracusa,0,eligible_voters,320463.0
1098,2018_03_04,camera,ITG19,siracusa,1,issued_ballots,199823.0
1099,2018_03_04,camera,ITG19,siracusa,2,piueuropa,1755.0
1100,2018_03_04,camera,ITG19,siracusa,2,cpi,1071.0
1101,2018_03_04,camera,ITG19,siracusa,2,cpl,378.0
1102,2018_03_04,camera,ITG19,siracusa,2,fi,34159.0
1103,2018_03_04,camera,ITG19,siracusa,2,fdi,4989.0
1104,2018_03_04,camera,ITG19,siracusa,2,pdf,1145.0
1105,2018_03_04,camera,ITG19,siracusa,2,iai,440.0
1106,2018_03_04,camera,ITG19,siracusa,2,iei,642.0
1107,2018_03_04,camera,ITG19,siracusa,2,lega,8564.0
1108,2018_03_04,camera,ITG19,siracusa,2,leu,4585.0
1109,2018_03_04,camera,ITG19,siracusa,2,lp,118.0
1110,2018_03_04,camera,ITG19,siracusa,2,m5s,104057.0
1111,2018_03_04,camera,ITG19,siracusa,2,nci_udc,2166.0
1112,2018_03_04,camera,ITG19,siracusa,2,pc,458.0
1113,2018_03_04,camera,ITG19,siracusa,2,pd,21108.0
1114,2018_03_04,camera,ITG19,siracusa,2,pvu,441.0
1115,2018_03_04,camera,ITG19,siracusa,2,pap,846.0
1116,2018_03_04,camera,ITG2D,sassari,0,eligible_voters,402197.0
1117,2018_03_04,camera,ITG2D,sassari,1,issued_ballots,261747.0
1118,2018_03_04,camera,ITG2D,sassari,2,piueuropa,4144.0
1119,2018_03_04,camera,ITG2D,sassari,2,auto,4326.0
1120,2018_03_04,camera,ITG2D,sassari,2,cpi,2149.0
1121,2018_03_04,camera,ITG2D,sassari,2,cpl,833.0
1122,2018_03_04,camera,ITG2D,sassari,2,fi,39168.0
1123,2018_03_04,camera,ITG2D,sassari,2,fdi,8966.0
1124,2018_03_04,camera,ITG2D,sassari,2,pdf,1337.0
1125,2018_03_04,camera,ITG2D,sassari,2,iai,1.0
1126,2018_03_04,camera,ITG2D,sassari,2,iei,729.0
1127,2018_03_04,camera,ITG2D,sassari,2,lega,27300.0
1128,2018_03_04,camera,ITG2D,sassari,2,leu,6769.0
1129,2018_03_04,camera,ITG2D,sassari,2,m5s,101351.0
1130,2018_03_04,camera,ITG2D,sassari,2,nci_udc,3362.0
1131,2018_03_04,camera,ITG2D,sassari,2,pc,1261.0
1132,2018_03_04,camera,ITG2D,sassari,2,pd,38103.0
1133,2018_03_04,camera,ITG2D,sassari,2,pvu,669.0
1134,2018_03_04,camera,ITG2D,sassari,2,pap,1693.0
1135,2018_03_04,camera,ITG2E,nuoro,0,eligible_voters,174382.0
1136,2018_03_04,camera,ITG2E,nuoro,1,issued_ballots,111911.0
1137,2018_03_04,camera,ITG2E,nuoro,2,piueuropa,1945.0
1138,2018_03_04,camera,ITG2E,nuoro,2,auto,3778.0
1139,2018_03_04,camera,ITG2E,nuoro,2,cpi,832.0
1140,2018_03_04,camera,ITG2E,nuoro,2,cpl,317.0
1141,2018_03_04,camera,ITG2E,nuoro,2,fi,14789.0
1142,2018_03_04,camera,ITG2E,nuoro,2,fdi,3563.0
1143,2018_03_04,camera,ITG2E,nuoro,2,pdf,708.0
1144,2018_03_04,camera,ITG2E,nuoro,2,iei,1038.0
1145,2018_03_04,camera,ITG2E,nuoro,2,lega,8007.0
1146,2018_03_04,camera,ITG2E,nuoro,2,leu,2946.0
1147,2018_03_04,camera,ITG2E,nuoro,2,m5s,46961.0
1148,2018_03_04,camera,ITG2E,nuoro,2,nci_udc,641.0
1149,2018_03_04,camera,ITG2E,nuoro,2,pc,740.0
1150,2018_03_04,camera,ITG2E,nuoro,2,pd,16054.0
1151,2018_03_04,camera,ITG2E,nuoro,2,pvu,381.0
1152,2018_03_04,camera,ITG2E,nuoro,2,pap,1028.0
1153,2018_03_04,camera,ITG2F,cagliari,0,eligible_voters,356581.0
1154,2018_03_04,camera,ITG2F,cagliari,1,issued_ballots,240013.0
1155,2018_03_04,camera,ITG2F,cagliari,2,piueuropa,6403.0
1156,2018_03_04,camera,ITG2F,cagliari,2,auto,3791.0
1157,2018_03_04,camera,ITG2F,cagliari,2,cpi,2208.0
1158,2018_03_04,camera,ITG2F,cagliari,2,cpl,892.0
1159,2018_03_04,camera,ITG2F,cagliari,2,fi,33661.0
1160,2018_03_04,camera,ITG2F,cagliari,2,fdi,9971.0
1161,2018_03_04,camera,ITG2F,cagliari,2,pdf,1941.0
1162,2018_03_04,camera,ITG2F,cagliari,2,iei,1589.0
1163,2018_03_04,camera,ITG2F,cagliari,2,lega,26052.0
1164,2018_03_04,camera,ITG2F,cagliari,2,leu,7519.0
1165,2018_03_04,camera,ITG2F,cagliari,2,m5s,92039.0
1166,2018_03_04,camera,ITG2F,cagliari,2,nci_udc,2859.0
1167,2018_03_04,camera,ITG2F,cagliari,2,pc,1206.0
1168,2018_03_04,camera,ITG2F,cagliari,2,pd,31144.0
1169,2018_03_04,camera,ITG2F,cagliari,2,pvu,527.0
1170,2018_03_04,camera,ITG2F,cagliari,2,pap,2391.0
1171,2018_03_04,camera,ITG2G,oristano,0,eligible_voters,135298.0
1172,2018_03_04,camera,ITG2G,oristano,1,issued_ballots,87258.0
1173,2018_03_04,camera,ITG2G,oristano,2,piueuropa,1119.0
1174,2018_03_04,camera,ITG2G,oristano,2,auto,2990.0
1175,2018_03_04,camera,ITG2G,oristano,2,cpi,628.0
1176,2018_03_04,camera,ITG2G,oristano,2,cpl,289.0
1177,2018_03_04,camera,ITG2G,oristano,2,fi,11930.0
1178,2018_03_04,camera,ITG2G,oristano,2,fdi,3660.0
1179,2018_03_04,camera,ITG2G,oristano,2,pdf,544.0
1180,2018_03_04,camera,ITG2G,oristano,2,iei,312.0
1181,2018_03_04,camera,ITG2G,oristano,2,lega,10148.0
1182,2018_03_04,camera,ITG2G,oristano,2,leu,2025.0
1183,2018_03_04,camera,ITG2G,oristano,2,m5s,33375.0
1184,2018_03_04,camera,ITG2G,oristano,2,nci_udc,661.0
1185,2018_03_04,camera,ITG2G,oristano,2,pc,486.0
1186,2018_03_04,camera,ITG2G,oristano,2,pd,11820.0
1187,2018_03_04,camera,ITG2G,oristano,2,pvu,366.0
1188,2018_03_04,camera,ITG2G,oristano,2,pap,623.0
1189,2018_03_04,camera,ITG2H,sud sardegna,0,eligible_voters,301150.0
1190,2018_03_04,camera,ITG2H,sud sardegna,1,issued_ballots,196388.0
1191,2018_03_04,camera,ITG2H,sud sardegna,2,piueuropa,2592.0
1192,2018_03_04,camera,ITG2H,sud sardegna,2,auto,3352.0
1193,2018_03_04,camera,ITG2H,sud sardegna,2,cpi,1465.0
1194,2018_03_04,camera,ITG2H,sud sardegna,2,cpl,660.0
1195,2018_03_04,camera,ITG2H,sud sardegna,2,fi,25953.0
1196,2018_03_04,camera,ITG2H,sud sardegna,2,fdi,8006.0
1197,2018_03_04,camera,ITG2H,sud sardegna,2,pdf,1077.0
1198,2018_03_04,camera,ITG2H,sud sardegna,2,iei,588.0
1199,2018_03_04,camera,ITG2H,sud sardegna,2,lega,20095.0
1200,2018_03_04,camera,ITG2H,sud sardegna,2,leu,6043.0
1201,2018_03_04,camera,ITG2H,sud sardegna,2,m5s,79178.0
1202,2018_03_04,camera,ITG2H,sud sardegna,2,nci_udc,4792.0
1203,2018_03_04,camera,ITG2H,sud sardegna,2,pc,1393.0
1204,2018_03_04,camera,ITG2H,sud sardegna,2,pd,25703.0
1205,2018_03_04,camera,ITG2H,sud sardegna,2,pvu,1046.0
1206,2018_03_04,camera,ITG2H,sud sardegna,2,pap,1704.0
1207,2018_03_04,camera,ITH10,bolzano,0,eligible_voters,382366.0
1208,2018_03_04,camera,ITH10,bolzano,1,issued_ballots,263708.0
1209,2018_03_04,camera,ITH10,bolzano,2,piueuropa,3251.0
1210,2018_03_04,camera,ITH10,bolzano,2,cpi,4604.0
1211,2018_03_04,camera,ITH10,bolzano,2,cpl,551.0
1212,2018_03_04,camera,ITH10,bolzano,2,fi,12057.0
1213,2018_03_04,camera,ITH10,bolzano,2,fdi,4055.0
1214,2018_03_04,camera,ITH10,bolzano,2,pdf,2005.0
1215,2018_03_04,camera,ITH10,bolzano,2,iei,1361.0
1216,2018_03_04,camera,ITH10,bolzano,2,lega,22637.0
1217,2018_03_04,camera,ITH10,bolzano,2,leu,11142.0
1218,2018_03_04,camera,ITH10,bolzano,2,m5s,31835.0
1219,2018_03_04,camera,ITH10,bolzano,2,nci_udc,741.0
1220,2018_03_04,camera,ITH10,bolzano,2,pd,19746.0
1221,2018_03_04,camera,ITH10,bolzano,2,pvu,2044.0
1222,2018_03_04,camera,ITH10,bolzano,2,pap,1860.0
1223,2018_03_04,camera,ITH10,bolzano,2,svp_patt,111930.0
1224,2018_03_04,camera,ITH20,trento,0,eligible_voters,399757.0
1225,2018_03_04,camera,ITH20,trento,1,issued_ballots,317175.0
1226,2018_03_04,camera,ITH20,trento,2,piueuropa,10545.0
1227,2018_03_04,camera,ITH20,trento,2,10vm,0.0
1228,2018_03_04,camera,ITH20,trento,2,bnl,0.0
1229,2018_03_04,camera,ITH20,trento,2,cpi,2943.0
1230,2018_03_04,camera,ITH20,trento,2,cpl,6371.0
1231,2018_03_04,camera,ITH20,trento,2,fi,26225.0
1232,2018_03_04,camera,ITH20,trento,2,fdi,10437.0
1233,2018_03_04,camera,ITH20,trento,2,gn,0.0
1234,2018_03_04,camera,ITH20,trento,2,pdf,2553.0
1235,2018_03_04,camera,ITH20,trento,2,iai,6.0
1236,2018_03_04,camera,ITH20,trento,2,iei,2090.0
1237,2018_03_04,camera,ITH20,trento,2,lega,82693.0
1238,2018_03_04,camera,ITH20,trento,2,leu,8561.0
1239,2018_03_04,camera,ITH20,trento,2,m5s,70788.0
1240,2018_03_04,camera,ITH20,trento,2,nci_udc,1906.0
1241,2018_03_04,camera,ITH20,trento,2,pd,57889.0
1242,2018_03_04,camera,ITH20,trento,2,pri_ala,0.0
1243,2018_03_04,camera,ITH20,trento,2,pvu,710.0
1244,2018_03_04,camera,ITH20,trento,2,psr,0.0
1245,2018_03_04,camera,ITH20,trento,2,pap,3523.0
1246,2018_03_04,camera,ITH20,trento,2,svp_patt,15695.0
1247,2018_03_04,camera,ITH31,verona,0,eligible_voters,672944.0
1248,2018_03_04,camera,ITH31,verona,1,issued_ballots,527383.0
1249,2018_03_04,camera,ITH31,verona,2,piueuropa,12777.0
1250,2018_03_04,camera,ITH31,verona,2,10vm,2319.0
1251,2018_03_04,camera,ITH31,verona,2,cpi,8309.0
1252,2018_03_04,camera,ITH31,verona,2,cpl,2528.0
1253,2018_03_04,camera,ITH31,verona,2,fi,56236.0
1254,2018_03_04,camera,ITH31,verona,2,fdi,24128.0
1255,2018_03_04,camera,ITH31,verona,2,gn,2140.0
1256,2018_03_04,camera,ITH31,verona,2,pdf,9001.0
1257,2018_03_04,camera,ITH31,verona,2,iai,4130.0
1258,2018_03_04,camera,ITH31,verona,2,iei,2029.0
1259,2018_03_04,camera,ITH31,verona,2,lega,159260.0
1260,2018_03_04,camera,ITH31,verona,2,leu,11384.0
1261,2018_03_04,camera,ITH31,verona,2,m5s,113867.0
1262,2018_03_04,camera,ITH31,verona,2,nci_udc,10894.0
1263,2018_03_04,camera,ITH31,verona,2,pd,74643.0
1264,2018_03_04,camera,ITH31,verona,2,pri_ala,382.0
1265,2018_03_04,camera,ITH31,verona,2,pap,2870.0
1266,2018_03_04,camera,ITH32,vicenza,0,eligible_voters,639721.0
1267,2018_03_04,camera,ITH32,vicenza,1,issued_ballots,514148.0
1268,2018_03_04,camera,ITH32,vicenza,2,piueuropa,13566.0
1269,2018_03_04,camera,ITH32,vicenza,2,10vm,1577.0
1270,2018_03_04,camera,ITH32,vicenza,2,cpi,4791.0
1271,2018_03_04,camera,ITH32,vicenza,2,cpl,1601.0
1272,2018_03_04,camera,ITH32,vicenza,2,fi,50514.0
1273,2018_03_04,camera,ITH32,vicenza,2,fdi,25268.0
1274,2018_03_04,camera,ITH32,vicenza,2,gn,2035.0
1275,2018_03_04,camera,ITH32,vicenza,2,pdf,4162.0
1276,2018_03_04,camera,ITH32,vicenza,2,iai,3083.0
1277,2018_03_04,camera,ITH32,vicenza,2,iei,2050.0
1278,2018_03_04,camera,ITH32,vicenza,2,lega,183102.0
1279,2018_03_04,camera,ITH32,vicenza,2,leu,11078.0
1280,2018_03_04,camera,ITH32,vicenza,2,m5s,115651.0
1281,2018_03_04,camera,ITH32,vicenza,2,nci_udc,5528.0
1282,2018_03_04,camera,ITH32,vicenza,2,pd,79062.0
1283,2018_03_04,camera,ITH32,vicenza,2,pri_ala,448.0
1284,2018_03_04,camera,ITH32,vicenza,2,pvu,2174.0
1285,2018_03_04,camera,ITH32,vicenza,2,pap,3213.0
1286,2018_03_04,camera,ITH33,belluno,0,eligible_voters,153056.0
1287,2018_03_04,camera,ITH33,belluno,1,issued_ballots,113254.0
1288,2018_03_04,camera,ITH33,belluno,2,piueuropa,3258.0
1289,2018_03_04,camera,ITH33,belluno,2,10vm,304.0
1290,2018_03_04,camera,ITH33,belluno,2,cpi,879.0
1291,2018_03_04,camera,ITH33,belluno,2,cpl,464.0
1292,2018_03_04,camera,ITH33,belluno,2,fi,12021.0
1293,2018_03_04,camera,ITH33,belluno,2,fdi,6985.0
1294,2018_03_04,camera,ITH33,belluno,2,gn,462.0
1295,2018_03_04,camera,ITH33,belluno,2,pdf,760.0
1296,2018_03_04,camera,ITH33,belluno,2,iai,751.0
1297,2018_03_04,camera,ITH33,belluno,2,iei,673.0
1298,2018_03_04,camera,ITH33,belluno,2,lega,32188.0
1299,2018_03_04,camera,ITH33,belluno,2,leu,3236.0
1300,2018_03_04,camera,ITH33,belluno,2,m5s,23082.0
1301,2018_03_04,camera,ITH33,belluno,2,nci_udc,699.0
1302,2018_03_04,camera,ITH33,belluno,2,pd,19643.0
1303,2018_03_04,camera,ITH33,belluno,2,pri_ala,106.0
1304,2018_03_04,camera,ITH33,belluno,2,pvu,522.0
1305,2018_03_04,camera,ITH33,belluno,2,pap,1033.0
1306,2018_03_04,camera,ITH34,treviso,0,eligible_voters,659330.0
1307,2018_03_04,camera,ITH34,treviso,1,issued_ballots,522182.0
1308,2018_03_04,camera,ITH34,treviso,2,piueuropa,13508.0
1309,2018_03_04,camera,ITH34,treviso,2,10vm,1942.0
1310,2018_03_04,camera,ITH34,treviso,2,cpi,3642.0
1311,2018_03_04,camera,ITH34,treviso,2,cpl,1536.0
1312,2018_03_04,camera,ITH34,treviso,2,fi,51324.0
1313,2018_03_04,camera,ITH34,treviso,2,fdi,17587.0
1314,2018_03_04,camera,ITH34,treviso,2,gn,1842.0
1315,2018_03_04,camera,ITH34,treviso,2,pdf,5020.0
1316,2018_03_04,camera,ITH34,treviso,2,iai,2460.0
1317,2018_03_04,camera,ITH34,treviso,2,iei,2121.0
1318,2018_03_04,camera,ITH34,treviso,2,lega,184361.0
1319,2018_03_04,camera,ITH34,treviso,2,leu,10370.0
1320,2018_03_04,camera,ITH34,treviso,2,m5s,107620.0
1321,2018_03_04,camera,ITH34,treviso,2,nci_udc,3612.0
1322,2018_03_04,camera,ITH34,treviso,2,pd,80712.0
1323,2018_03_04,camera,ITH34,treviso,2,pri_ala,463.0
1324,2018_03_04,camera,ITH34,treviso,2,pvu,1985.0
1325,2018_03_04,camera,ITH34,treviso,2,pap,2546.0
1326,2018_03_04,camera,ITH35,venezia,0,eligible_voters,657332.0
1327,2018_03_04,camera,ITH35,venezia,1,issued_ballots,505463.0
1328,2018_03_04,camera,ITH35,venezia,2,piueuropa,12822.0
1329,2018_03_04,camera,ITH35,venezia,2,10vm,1213.0
1330,2018_03_04,camera,ITH35,venezia,2,cpi,3305.0
1331,2018_03_04,camera,ITH35,venezia,2,cpl,1993.0
1332,2018_03_04,camera,ITH35,venezia,2,fi,49981.0
1333,2018_03_04,camera,ITH35,venezia,2,fdi,16709.0
1334,2018_03_04,camera,ITH35,venezia,2,gn,1498.0
1335,2018_03_04,camera,ITH35,venezia,2,pdf,3951.0
1336,2018_03_04,camera,ITH35,venezia,2,iai,2480.0
1337,2018_03_04,camera,ITH35,venezia,2,iei,2543.0
1338,2018_03_04,camera,ITH35,venezia,2,lega,133891.0
1339,2018_03_04,camera,ITH35,venezia,2,leu,16108.0
1340,2018_03_04,camera,ITH35,venezia,2,m5s,130347.0
1341,2018_03_04,camera,ITH35,venezia,2,nci_udc,3198.0
1342,2018_03_04,camera,ITH35,venezia,2,pd,87603.0
1343,2018_03_04,camera,ITH35,venezia,2,pri_ala,365.0
1344,2018_03_04,camera,ITH35,venezia,2,pvu,1272.0
1345,2018_03_04,camera,ITH35,venezia,2,pap,3921.0
1346,2018_03_04,camera,ITH36,padova,0,eligible_voters,706946.0
1347,2018_03_04,camera,ITH36,padova,1,issued_ballots,568623.0
1348,2018_03_04,camera,ITH36,padova,2,piueuropa,15773.0
1349,2018_03_04,camera,ITH36,padova,2,10vm,1788.0
1350,2018_03_04,camera,ITH36,padova,2,cpi,4330.0
1351,2018_03_04,camera,ITH36,padova,2,cpl,2209.0
1352,2018_03_04,camera,ITH36,padova,2,fi,61888.0
1353,2018_03_04,camera,ITH36,padova,2,fdi,22714.0
1354,2018_03_04,camera,ITH36,padova,2,gn,1769.0
1355,2018_03_04,camera,ITH36,padova,2,pdf,4427.0
1356,2018_03_04,camera,ITH36,padova,2,iai,3646.0
1357,2018_03_04,camera,ITH36,padova,2,iei,2490.0
1358,2018_03_04,camera,ITH36,padova,2,lega,173912.0
1359,2018_03_04,camera,ITH36,padova,2,leu,15290.0
1360,2018_03_04,camera,ITH36,padova,2,m5s,130961.0
1361,2018_03_04,camera,ITH36,padova,2,nci_udc,5770.0
1362,2018_03_04,camera,ITH36,padova,2,pd,91639.0
1363,2018_03_04,camera,ITH36,padova,2,pri_ala,597.0
1364,2018_03_04,camera,ITH36,padova,2,pvu,1906.0
1365,2018_03_04,camera,ITH36,padova,2,pap,3335.0
1366,2018_03_04,camera,ITH37,rovigo,0,eligible_voters,190553.0
1367,2018_03_04,camera,ITH37,rovigo,1,issued_ballots,145803.0
1368,2018_03_04,camera,ITH37,rovigo,2,piueuropa,2347.0
1369,2018_03_04,camera,ITH37,rovigo,2,10vm,252.0
1370,2018_03_04,camera,ITH37,rovigo,2,cpi,1010.0
1371,2018_03_04,camera,ITH37,rovigo,2,cpl,471.0
1372,2018_03_04,camera,ITH37,rovigo,2,fi,16147.0
1373,2018_03_04,camera,ITH37,rovigo,2,fdi,5595.0
1374,2018_03_04,camera,ITH37,rovigo,2,gn,466.0
1375,2018_03_04,camera,ITH37,rovigo,2,pdf,918.0
1376,2018_03_04,camera,ITH37,rovigo,2,iai,1536.0
1377,2018_03_04,camera,ITH37,rovigo,2,iei,621.0
1378,2018_03_04,camera,ITH37,rovigo,2,lega,42132.0
1379,2018_03_04,camera,ITH37,rovigo,2,leu,3489.0
1380,2018_03_04,camera,ITH37,rovigo,2,m5s,34043.0
1381,2018_03_04,camera,ITH37,rovigo,2,nci_udc,1224.0
1382,2018_03_04,camera,ITH37,rovigo,2,pd,24620.0
1383,2018_03_04,camera,ITH37,rovigo,2,pri_ala,182.0
1384,2018_03_04,camera,ITH37,rovigo,2,pap,988.0
1385,2018_03_04,camera,ITH41,pordenone,0,eligible_voters,236109.0
1386,2018_03_04,camera,ITH41,pordenone,1,issued_ballots,182944.0
1387,2018_03_04,camera,ITH41,pordenone,2,piueuropa,4941.0
1388,2018_03_04,camera,ITH41,pordenone,2,10vm,439.0
1389,2018_03_04,camera,ITH41,pordenone,2,bnl,143.0
1390,2018_03_04,camera,ITH41,pordenone,2,cpi,2100.0
1391,2018_03_04,camera,ITH41,pordenone,2,cpl,544.0
1392,2018_03_04,camera,ITH41,pordenone,2,fi,19453.0
1393,2018_03_04,camera,ITH41,pordenone,2,fdi,10056.0
1394,2018_03_04,camera,ITH41,pordenone,2,pdf,1171.0
1395,2018_03_04,camera,ITH41,pordenone,2,iai,1291.0
1396,2018_03_04,camera,ITH41,pordenone,2,iei,447.0
1397,2018_03_04,camera,ITH41,pordenone,2,lega,48888.0
1398,2018_03_04,camera,ITH41,pordenone,2,leu,3917.0
1399,2018_03_04,camera,ITH41,pordenone,2,lp,169.0
1400,2018_03_04,camera,ITH41,pordenone,2,m5s,37812.0
1401,2018_03_04,camera,ITH41,pordenone,2,nci_udc,1130.0
1402,2018_03_04,camera,ITH41,pordenone,2,pd,29793.0
1403,2018_03_04,camera,ITH41,pordenone,2,pvu,507.0
1404,2018_03_04,camera,ITH41,pordenone,2,ppa,2806.0
1405,2018_03_04,camera,ITH41,pordenone,2,psr,324.0
1406,2018_03_04,camera,ITH41,pordenone,2,pap,967.0
1407,2018_03_04,camera,ITH41,pordenone,2,mir,144.0
1408,2018_03_04,camera,ITH41,pordenone,2,siamo,213.0
1409,2018_03_04,camera,ITH42,udine,0,eligible_voters,421624.0
1410,2018_03_04,camera,ITH42,udine,1,issued_ballots,319181.0
1411,2018_03_04,camera,ITH42,udine,2,piueuropa,9121.0
1412,2018_03_04,camera,ITH42,udine,2,10vm,797.0
1413,2018_03_04,camera,ITH42,udine,2,bnl,242.0
1414,2018_03_04,camera,ITH42,udine,2,cpi,4022.0
1415,2018_03_04,camera,ITH42,udine,2,cpl,1311.0
1416,2018_03_04,camera,ITH42,udine,2,fi,31520.0
1417,2018_03_04,camera,ITH42,udine,2,fdi,15061.0
1418,2018_03_04,camera,ITH42,udine,2,pdf,1823.0
1419,2018_03_04,camera,ITH42,udine,2,iai,2278.0
1420,2018_03_04,camera,ITH42,udine,2,iei,1468.0
1421,2018_03_04,camera,ITH42,udine,2,lega,81398.0
1422,2018_03_04,camera,ITH42,udine,2,leu,8356.0
1423,2018_03_04,camera,ITH42,udine,2,lp,303.0
1424,2018_03_04,camera,ITH42,udine,2,m5s,66978.0
1425,2018_03_04,camera,ITH42,udine,2,nci_udc,4634.0
1426,2018_03_04,camera,ITH42,udine,2,pd,51475.0
1427,2018_03_04,camera,ITH42,udine,2,pvu,1370.0
1428,2018_03_04,camera,ITH42,udine,2,ppa,2837.0
1429,2018_03_04,camera,ITH42,udine,2,psr,665.0
1430,2018_03_04,camera,ITH42,udine,2,pap,1827.0
1431,2018_03_04,camera,ITH42,udine,2,mir,356.0
1432,2018_03_04,camera,ITH42,udine,2,siamo,689.0
1433,2018_03_04,camera,ITH43,gorizia,0,eligible_voters,108571.0
1434,2018_03_04,camera,ITH43,gorizia,1,issued_ballots,82066.0
1435,2018_03_04,camera,ITH43,gorizia,2,piueuropa,2545.0
1436,2018_03_04,camera,ITH43,gorizia,2,10vm,146.0
1437,2018_03_04,camera,ITH43,gorizia,2,bnl,100.0
1438,2018_03_04,camera,ITH43,gorizia,2,cpi,873.0
1439,2018_03_04,camera,ITH43,gorizia,2,cpl,295.0
1440,2018_03_04,camera,ITH43,gorizia,2,fi,7666.0
1441,2018_03_04,camera,ITH43,gorizia,2,fdi,3451.0
1442,2018_03_04,camera,ITH43,gorizia,2,pdf,497.0
1443,2018_03_04,camera,ITH43,gorizia,2,iai,542.0
1444,2018_03_04,camera,ITH43,gorizia,2,iei,412.0
1445,2018_03_04,camera,ITH43,gorizia,2,lega,17601.0
1446,2018_03_04,camera,ITH43,gorizia,2,leu,3184.0
1447,2018_03_04,camera,ITH43,gorizia,2,lp,111.0
1448,2018_03_04,camera,ITH43,gorizia,2,m5s,21980.0
1449,2018_03_04,camera,ITH43,gorizia,2,nci_udc,729.0
1450,2018_03_04,camera,ITH43,gorizia,2,pd,15049.0
1451,2018_03_04,camera,ITH43,gorizia,2,pvu,362.0
1452,2018_03_04,camera,ITH43,gorizia,2,ppa,146.0
1453,2018_03_04,camera,ITH43,gorizia,2,psr,278.0
1454,2018_03_04,camera,ITH43,gorizia,2,pap,833.0
1455,2018_03_04,camera,ITH43,gorizia,2,mir,87.0
1456,2018_03_04,camera,ITH43,gorizia,2,siamo,185.0
1457,2018_03_04,camera,ITH44,trieste,0,eligible_voters,179281.0
1458,2018_03_04,camera,ITH44,trieste,1,issued_ballots,126289.0
1459,2018_03_04,camera,ITH44,trieste,2,piueuropa,4946.0
1460,2018_03_04,camera,ITH44,trieste,2,10vm,252.0
1461,2018_03_04,camera,ITH44,trieste,2,bnl,88.0
1462,2018_03_04,camera,ITH44,trieste,2,cpi,1040.0
1463,2018_03_04,camera,ITH44,trieste,2,cpl,551.0
1464,2018_03_04,camera,ITH44,trieste,2,fi,12530.0
1465,2018_03_04,camera,ITH44,trieste,2,fdi,6810.0
1466,2018_03_04,camera,ITH44,trieste,2,pdf,882.0
1467,2018_03_04,camera,ITH44,trieste,2,iai,1144.0
1468,2018_03_04,camera,ITH44,trieste,2,iei,659.0
1469,2018_03_04,camera,ITH44,trieste,2,lega,24484.0
1470,2018_03_04,camera,ITH44,trieste,2,leu,4393.0
1471,2018_03_04,camera,ITH44,trieste,2,lp,165.0
1472,2018_03_04,camera,ITH44,trieste,2,m5s,29164.0
1473,2018_03_04,camera,ITH44,trieste,2,nci_udc,1022.0
1474,2018_03_04,camera,ITH44,trieste,2,pd,22174.0
1475,2018_03_04,camera,ITH44,trieste,2,pvu,381.0
1476,2018_03_04,camera,ITH44,trieste,2,ppa,93.0
1477,2018_03_04,camera,ITH44,trieste,2,psr,403.0
1478,2018_03_04,camera,ITH44,trieste,2,pap,1681.0
1479,2018_03_04,camera,ITH44,trieste,2,mir,84.0
1480,2018_03_04,camera,ITH44,trieste,2,siamo,209.0
1481,2018_03_04,camera,ITH51,piacenza,0,eligible_voters,211364.0
1482,2018_03_04,camera,ITH51,piacenza,1,issued_ballots,159986.0
1483,2018_03_04,camera,ITH51,piacenza,2,piueuropa,3682.0
1484,2018_03_04,camera,ITH51,piacenza,2,cpi,1816.0
1485,2018_03_04,camera,ITH51,piacenza,2,cpl,817.0
1486,2018_03_04,camera,ITH51,piacenza,2,fi,20405.0
1487,2018_03_04,camera,ITH51,piacenza,2,fdi,8663.0
1488,2018_03_04,camera,ITH51,piacenza,2,pdf,542.0
1489,2018_03_04,camera,ITH51,piacenza,2,iai,1103.0
1490,2018_03_04,camera,ITH51,piacenza,2,iei,630.0
1491,2018_03_04,camera,ITH51,piacenza,2,lega,41502.0
1492,2018_03_04,camera,ITH51,piacenza,2,leu,5055.0
1493,2018_03_04,camera,ITH51,piacenza,2,m5s,33521.0
1494,2018_03_04,camera,ITH51,piacenza,2,nci_udc,987.0
1495,2018_03_04,camera,ITH51,piacenza,2,pc,1047.0
1496,2018_03_04,camera,ITH51,piacenza,2,pd,25333.0
1497,2018_03_04,camera,ITH51,piacenza,2,pri_ala,161.0
1498,2018_03_04,camera,ITH51,piacenza,2,psr,179.0
1499,2018_03_04,camera,ITH51,piacenza,2,pap,1420.0
1500,2018_03_04,camera,ITH52,parma,0,eligible_voters,328689.0
1501,2018_03_04,camera,ITH52,parma,1,issued_ballots,247196.0
1502,2018_03_04,camera,ITH52,parma,2,piueuropa,8436.0
1503,2018_03_04,camera,ITH52,parma,2,cpi,2407.0
1504,2018_03_04,camera,ITH52,parma,2,cpl,1101.0
1505,2018_03_04,camera,ITH52,parma,2,fi,24366.0
1506,2018_03_04,camera,ITH52,parma,2,fdi,9865.0
1507,2018_03_04,camera,ITH52,parma,2,pdf,1006.0
1508,2018_03_04,camera,ITH52,parma,2,iai,883.0
1509,2018_03_04,camera,ITH52,parma,2,iei,1711.0
1510,2018_03_04,camera,ITH52,parma,2,lega,57450.0
1511,2018_03_04,camera,ITH52,parma,2,leu,7767.0
1512,2018_03_04,camera,ITH52,parma,2,m5s,58545.0
1513,2018_03_04,camera,ITH52,parma,2,nci_udc,1213.0
1514,2018_03_04,camera,ITH52,parma,2,pc,2149.0
1515,2018_03_04,camera,ITH52,parma,2,pd,50539.0
1516,2018_03_04,camera,ITH52,parma,2,pri_ala,261.0
1517,2018_03_04,camera,ITH52,parma,2,psr,403.0
1518,2018_03_04,camera,ITH52,parma,2,pap,2947.0
1519,2018_03_04,camera,ITH53,reggio nellemilia,0,eligible_voters,388123.0
1520,2018_03_04,camera,ITH53,reggio nellemilia,1,issued_ballots,306736.0
1521,2018_03_04,camera,ITH53,reggio nellemilia,2,piueuropa,8065.0
1522,2018_03_04,camera,ITH53,reggio nellemilia,2,cpi,1518.0
1523,2018_03_04,camera,ITH53,reggio nellemilia,2,cpl,1432.0
1524,2018_03_04,camera,ITH53,reggio nellemilia,2,fi,25898.0
1525,2018_03_04,camera,ITH53,reggio nellemilia,2,fdi,7962.0
1526,2018_03_04,camera,ITH53,reggio nellemilia,2,pdf,2106.0
1527,2018_03_04,camera,ITH53,reggio nellemilia,2,iai,1056.0
1528,2018_03_04,camera,ITH53,reggio nellemilia,2,iei,2326.0
1529,2018_03_04,camera,ITH53,reggio nellemilia,2,lega,46548.0
1530,2018_03_04,camera,ITH53,reggio nellemilia,2,leu,13137.0
1531,2018_03_04,camera,ITH53,reggio nellemilia,2,m5s,84109.0
1532,2018_03_04,camera,ITH53,reggio nellemilia,2,nci_udc,1512.0
1533,2018_03_04,camera,ITH53,reggio nellemilia,2,pc,2986.0
1534,2018_03_04,camera,ITH53,reggio nellemilia,2,pd,83606.0
1535,2018_03_04,camera,ITH53,reggio nellemilia,2,pri_ala,374.0
1536,2018_03_04,camera,ITH53,reggio nellemilia,2,psr,576.0
1537,2018_03_04,camera,ITH53,reggio nellemilia,2,pap,3335.0
1538,2018_03_04,camera,ITH54,modena,0,eligible_voters,556797.0
1539,2018_03_04,camera,ITH54,modena,1,issued_ballots,442376.0
1540,2018_03_04,camera,ITH54,modena,2,piueuropa,10990.0
1541,2018_03_04,camera,ITH54,modena,2,cpi,2215.0
1542,2018_03_04,camera,ITH54,modena,2,cpl,2416.0
1543,2018_03_04,camera,ITH54,modena,2,fi,38991.0
1544,2018_03_04,camera,ITH54,modena,2,fdi,13049.0
1545,2018_03_04,camera,ITH54,modena,2,pdf,2641.0
1546,2018_03_04,camera,ITH54,modena,2,iai,1858.0
1547,2018_03_04,camera,ITH54,modena,2,iei,2930.0
1548,2018_03_04,camera,ITH54,modena,2,lega,74722.0
1549,2018_03_04,camera,ITH54,modena,2,leu,16554.0
1550,2018_03_04,camera,ITH54,modena,2,m5s,114802.0
1551,2018_03_04,camera,ITH54,modena,2,nci_udc,2351.0
1552,2018_03_04,camera,ITH54,modena,2,pd,115374.0
1553,2018_03_04,camera,ITH54,modena,2,pri_ala,436.0
1554,2018_03_04,camera,ITH54,modena,2,psr,1316.0
1555,2018_03_04,camera,ITH54,modena,2,pap,3667.0
1556,2018_03_04,camera,ITH55,bologna,0,eligible_voters,760153.0
1557,2018_03_04,camera,ITH55,bologna,1,issued_ballots,597851.0
1558,2018_03_04,camera,ITH55,bologna,2,piueuropa,23284.0
1559,2018_03_04,camera,ITH55,bologna,2,cpi,3069.0
1560,2018_03_04,camera,ITH55,bologna,2,cpl,3254.0
1561,2018_03_04,camera,ITH55,bologna,2,fi,52047.0
1562,2018_03_04,camera,ITH55,bologna,2,fdi,18049.0
1563,2018_03_04,camera,ITH55,bologna,2,pdf,3195.0
1564,2018_03_04,camera,ITH55,bologna,2,iai,2180.0
1565,2018_03_04,camera,ITH55,bologna,2,iei,5967.0
1566,2018_03_04,camera,ITH55,bologna,2,lega,89481.0
1567,2018_03_04,camera,ITH55,bologna,2,leu,34212.0
1568,2018_03_04,camera,ITH55,bologna,2,m5s,144575.0
1569,2018_03_04,camera,ITH55,bologna,2,nci_udc,2585.0
1570,2018_03_04,camera,ITH55,bologna,2,pc,4478.0
1571,2018_03_04,camera,ITH55,bologna,2,pd,163812.0
1572,2018_03_04,camera,ITH55,bologna,2,pri_ala,695.0
1573,2018_03_04,camera,ITH55,bologna,2,psr,1051.0
1574,2018_03_04,camera,ITH55,bologna,2,pap,9215.0
1575,2018_03_04,camera,ITH56,ferrara,0,eligible_voters,263875.0
1576,2018_03_04,camera,ITH56,ferrara,1,issued_ballots,206910.0
1577,2018_03_04,camera,ITH56,ferrara,2,piueuropa,8328.0
1578,2018_03_04,camera,ITH56,ferrara,2,cpi,1869.0
1579,2018_03_04,camera,ITH56,ferrara,2,cpl,1426.0
1580,2018_03_04,camera,ITH56,ferrara,2,fi,30183.0
1581,2018_03_04,camera,ITH56,ferrara,2,fdi,9692.0
1582,2018_03_04,camera,ITH56,ferrara,2,pdf,1002.0
1583,2018_03_04,camera,ITH56,ferrara,2,iai,1116.0
1584,2018_03_04,camera,ITH56,ferrara,2,iei,1920.0
1585,2018_03_04,camera,ITH56,ferrara,2,lega,69105.0
1586,2018_03_04,camera,ITH56,ferrara,2,leu,6222.0
1587,2018_03_04,camera,ITH56,ferrara,2,m5s,50031.0
1588,2018_03_04,camera,ITH56,ferrara,2,nci_udc,1186.0
1589,2018_03_04,camera,ITH56,ferrara,2,pd,65964.0
1590,2018_03_04,camera,ITH56,ferrara,2,pri_ala,422.0
1591,2018_03_04,camera,ITH56,ferrara,2,psr,557.0
1592,2018_03_04,camera,ITH56,ferrara,2,pap,2419.0
1593,2018_03_04,camera,ITH57,ravenna,0,eligible_voters,293320.0
1594,2018_03_04,camera,ITH57,ravenna,1,issued_ballots,232365.0
1595,2018_03_04,camera,ITH57,ravenna,2,piueuropa,5966.0
1596,2018_03_04,camera,ITH57,ravenna,2,cpi,1062.0
1597,2018_03_04,camera,ITH57,ravenna,2,cpl,1106.0
1598,2018_03_04,camera,ITH57,ravenna,2,fi,20403.0
1599,2018_03_04,camera,ITH57,ravenna,2,fdi,6557.0
1600,2018_03_04,camera,ITH57,ravenna,2,pdf,1698.0
1601,2018_03_04,camera,ITH57,ravenna,2,iai,1103.0
1602,2018_03_04,camera,ITH57,ravenna,2,iei,1884.0
1603,2018_03_04,camera,ITH57,ravenna,2,lega,40502.0
1604,2018_03_04,camera,ITH57,ravenna,2,leu,9386.0
1605,2018_03_04,camera,ITH57,ravenna,2,m5s,59347.0
1606,2018_03_04,camera,ITH57,ravenna,2,nci_udc,1394.0
1607,2018_03_04,camera,ITH57,ravenna,2,pc,2319.0
1608,2018_03_04,camera,ITH57,ravenna,2,pd,63483.0
1609,2018_03_04,camera,ITH57,ravenna,2,pri_ala,1596.0
1610,2018_03_04,camera,ITH57,ravenna,2,psr,328.0
1611,2018_03_04,camera,ITH57,ravenna,2,pap,1974.0
1612,2018_03_04,camera,ITH58,forlicesena,0,eligible_voters,298023.0
1613,2018_03_04,camera,ITH58,forlicesena,1,issued_ballots,236359.0
1614,2018_03_04,camera,ITH58,forlicesena,2,piueuropa,5683.0
1615,2018_03_04,camera,ITH58,forlicesena,2,cpi,1812.0
1616,2018_03_04,camera,ITH58,forlicesena,2,cpl,951.0
1617,2018_03_04,camera,ITH58,forlicesena,2,fi,21725.0
1618,2018_03_04,camera,ITH58,forlicesena,2,fdi,6825.0
1619,2018_03_04,camera,ITH58,forlicesena,2,pdf,2678.0
1620,2018_03_04,camera,ITH58,forlicesena,2,iai,1013.0
1621,2018_03_04,camera,ITH58,forlicesena,2,iei,1225.0
1622,2018_03_04,camera,ITH58,forlicesena,2,lega,41548.0
1623,2018_03_04,camera,ITH58,forlicesena,2,leu,7674.0
1624,2018_03_04,camera,ITH58,forlicesena,2,m5s,65222.0
1625,2018_03_04,camera,ITH58,forlicesena,2,nci_udc,1553.0
1626,2018_03_04,camera,ITH58,forlicesena,2,pc,1974.0
1627,2018_03_04,camera,ITH58,forlicesena,2,pd,59286.0
1628,2018_03_04,camera,ITH58,forlicesena,2,pri_ala,1634.0
1629,2018_03_04,camera,ITH58,forlicesena,2,psr,412.0
1630,2018_03_04,camera,ITH58,forlicesena,2,pap,1711.0
1631,2018_03_04,camera,ITH59,rimini,0,eligible_voters,250355.0
1632,2018_03_04,camera,ITH59,rimini,1,issued_ballots,194109.0
1633,2018_03_04,camera,ITH59,rimini,2,piueuropa,4514.0
1634,2018_03_04,camera,ITH59,rimini,2,cpi,1001.0
1635,2018_03_04,camera,ITH59,rimini,2,cpl,1216.0
1636,2018_03_04,camera,ITH59,rimini,2,fi,21597.0
1637,2018_03_04,camera,ITH59,rimini,2,fdi,6376.0
1638,2018_03_04,camera,ITH59,rimini,2,pdf,1619.0
1639,2018_03_04,camera,ITH59,rimini,2,iai,1007.0
1640,2018_03_04,camera,ITH59,rimini,2,iei,841.0
1641,2018_03_04,camera,ITH59,rimini,2,lega,36869.0
1642,2018_03_04,camera,ITH59,rimini,2,leu,5859.0
1643,2018_03_04,camera,ITH59,rimini,2,lp,6.0
1644,2018_03_04,camera,ITH59,rimini,2,m5s,58509.0
1645,2018_03_04,camera,ITH59,rimini,2,nci_udc,1826.0
1646,2018_03_04,camera,ITH59,rimini,2,pc,1248.0
1647,2018_03_04,camera,ITH59,rimini,2,pd,41833.0
1648,2018_03_04,camera,ITH59,rimini,2,pri_ala,288.0
1649,2018_03_04,camera,ITH59,rimini,2,pvu,2.0
1650,2018_03_04,camera,ITH59,rimini,2,psr,200.0
1651,2018_03_04,camera,ITH59,rimini,2,pap,1563.0
1652,2018_03_04,camera,ITI11,massacarrara,0,eligible_voters,157223.0
1653,2018_03_04,camera,ITI11,massacarrara,1,issued_ballots,114244.0
1654,2018_03_04,camera,ITI11,massacarrara,2,piueuropa,1923.0
1655,2018_03_04,camera,ITI11,massacarrara,2,cpi,720.0
1656,2018_03_04,camera,ITI11,massacarrara,2,cpl,499.0
1657,2018_03_04,camera,ITI11,massacarrara,2,fi,12411.0
1658,2018_03_04,camera,ITI11,massacarrara,2,fdi,3556.0
1659,2018_03_04,camera,ITI11,massacarrara,2,pdf,367.0
1660,2018_03_04,camera,ITI11,massacarrara,2,iai,379.0
1661,2018_03_04,camera,ITI11,massacarrara,2,iei,2128.0
1662,2018_03_04,camera,ITI11,massacarrara,2,lega,21776.0
1663,2018_03_04,camera,ITI11,massacarrara,2,leu,4084.0
1664,2018_03_04,camera,ITI11,massacarrara,2,m5s,31438.0
1665,2018_03_04,camera,ITI11,massacarrara,2,nci_udc,406.0
1666,2018_03_04,camera,ITI11,massacarrara,2,pc,1051.0
1667,2018_03_04,camera,ITI11,massacarrara,2,pd,20885.0
1668,2018_03_04,camera,ITI11,massacarrara,2,pap,2183.0
1669,2018_03_04,camera,ITI12,lucca,0,eligible_voters,307697.0
1670,2018_03_04,camera,ITI12,lucca,1,issued_ballots,229510.0
1671,2018_03_04,camera,ITI12,lucca,2,piueuropa,5445.0
1672,2018_03_04,camera,ITI12,lucca,2,cpi,3979.0
1673,2018_03_04,camera,ITI12,lucca,2,cpl,976.0
1674,2018_03_04,camera,ITI12,lucca,2,fi,27538.0
1675,2018_03_04,camera,ITI12,lucca,2,fdi,8708.0
1676,2018_03_04,camera,ITI12,lucca,2,pdf,1063.0
1677,2018_03_04,camera,ITI12,lucca,2,iai,750.0
1678,2018_03_04,camera,ITI12,lucca,2,iei,1160.0
1679,2018_03_04,camera,ITI12,lucca,2,lega,46962.0
1680,2018_03_04,camera,ITI12,lucca,2,leu,6775.0
1681,2018_03_04,camera,ITI12,lucca,2,m5s,55290.0
1682,2018_03_04,camera,ITI12,lucca,2,nci_udc,1849.0
1683,2018_03_04,camera,ITI12,lucca,2,pc,1614.0
1684,2018_03_04,camera,ITI12,lucca,2,pd,46237.0
1685,2018_03_04,camera,ITI12,lucca,2,pap,3641.0
1686,2018_03_04,camera,ITI13,pistoia,0,eligible_voters,225082.0
1687,2018_03_04,camera,ITI13,pistoia,1,issued_ballots,173176.0
1688,2018_03_04,camera,ITI13,pistoia,2,piueuropa,3741.0
1689,2018_03_04,camera,ITI13,pistoia,2,cpi,1876.0
1690,2018_03_04,camera,ITI13,pistoia,2,cpl,492.0
1691,2018_03_04,camera,ITI13,pistoia,2,fi,19863.0
1692,2018_03_04,camera,ITI13,pistoia,2,fdi,7910.0
1693,2018_03_04,camera,ITI13,pistoia,2,pdf,718.0
1694,2018_03_04,camera,ITI13,pistoia,2,iai,607.0
1695,2018_03_04,camera,ITI13,pistoia,2,iei,882.0
1696,2018_03_04,camera,ITI13,pistoia,2,lega,31188.0
1697,2018_03_04,camera,ITI13,pistoia,2,leu,5398.0
1698,2018_03_04,camera,ITI13,pistoia,2,m5s,38149.0
1699,2018_03_04,camera,ITI13,pistoia,2,nci_udc,888.0
1700,2018_03_04,camera,ITI13,pistoia,2,pc,1737.0
1701,2018_03_04,camera,ITI13,pistoia,2,pd,46474.0
1702,2018_03_04,camera,ITI13,pistoia,2,psr,19.0
1703,2018_03_04,camera,ITI13,pistoia,2,pap,1866.0
1704,2018_03_04,camera,ITI14,firenze,0,eligible_voters,737514.0
1705,2018_03_04,camera,ITI14,firenze,1,issued_ballots,586378.0
1706,2018_03_04,camera,ITI14,firenze,2,piueuropa,22278.0
1707,2018_03_04,camera,ITI14,firenze,2,cpi,4069.0
1708,2018_03_04,camera,ITI14,firenze,2,cpl,2571.0
1709,2018_03_04,camera,ITI14,firenze,2,fi,45837.0
1710,2018_03_04,camera,ITI14,firenze,2,fdi,23151.0
1711,2018_03_04,camera,ITI14,firenze,2,pdf,2515.0
1712,2018_03_04,camera,ITI14,firenze,2,iai,86.0
1713,2018_03_04,camera,ITI14,firenze,2,iei,4328.0
1714,2018_03_04,camera,ITI14,firenze,2,lega,75254.0
1715,2018_03_04,camera,ITI14,firenze,2,leu,34041.0
1716,2018_03_04,camera,ITI14,firenze,2,m5s,123317.0
1717,2018_03_04,camera,ITI14,firenze,2,nci_udc,3006.0
1718,2018_03_04,camera,ITI14,firenze,2,pc,5559.0
1719,2018_03_04,camera,ITI14,firenze,2,pd,213732.0
1720,2018_03_04,camera,ITI14,firenze,2,psr,1044.0
1721,2018_03_04,camera,ITI14,firenze,2,pap,13766.0
1722,2018_03_04,camera,ITI15,prato,0,eligible_voters,179385.0
1723,2018_03_04,camera,ITI15,prato,1,issued_ballots,139084.0
1724,2018_03_04,camera,ITI15,prato,2,piueuropa,3188.0
1725,2018_03_04,camera,ITI15,prato,2,cpi,1165.0
1726,2018_03_04,camera,ITI15,prato,2,cpl,592.0
1727,2018_03_04,camera,ITI15,prato,2,fi,14641.0
1728,2018_03_04,camera,ITI15,prato,2,fdi,6107.0
1729,2018_03_04,camera,ITI15,prato,2,pdf,837.0
1730,2018_03_04,camera,ITI15,prato,2,iai,503.0
1731,2018_03_04,camera,ITI15,prato,2,iei,569.0
1732,2018_03_04,camera,ITI15,prato,2,lega,23016.0
1733,2018_03_04,camera,ITI15,prato,2,leu,4738.0
1734,2018_03_04,camera,ITI15,prato,2,m5s,31429.0
1735,2018_03_04,camera,ITI15,prato,2,nci_udc,635.0
1736,2018_03_04,camera,ITI15,prato,2,pc,1210.0
1737,2018_03_04,camera,ITI15,prato,2,pd,39465.0
1738,2018_03_04,camera,ITI15,prato,2,pap,1459.0
1739,2018_03_04,camera,ITI16,livorno,0,eligible_voters,264603.0
1740,2018_03_04,camera,ITI16,livorno,1,issued_ballots,201146.0
1741,2018_03_04,camera,ITI16,livorno,2,piueuropa,4307.0
1742,2018_03_04,camera,ITI16,livorno,2,cpi,1374.0
1743,2018_03_04,camera,ITI16,livorno,2,cpl,468.0
1744,2018_03_04,camera,ITI16,livorno,2,fi,16811.0
1745,2018_03_04,camera,ITI16,livorno,2,fdi,6651.0
1746,2018_03_04,camera,ITI16,livorno,2,pdf,549.0
1747,2018_03_04,camera,ITI16,livorno,2,iai,537.0
1748,2018_03_04,camera,ITI16,livorno,2,iei,1040.0
1749,2018_03_04,camera,ITI16,livorno,2,lega,33381.0
1750,2018_03_04,camera,ITI16,livorno,2,leu,9093.0
1751,2018_03_04,camera,ITI16,livorno,2,m5s,52126.0
1752,2018_03_04,camera,ITI16,livorno,2,nci_udc,663.0
1753,2018_03_04,camera,ITI16,livorno,2,pc,2321.0
1754,2018_03_04,camera,ITI16,livorno,2,pd,53372.0
1755,2018_03_04,camera,ITI16,livorno,2,psr,381.0
1756,2018_03_04,camera,ITI16,livorno,2,pap,5977.0
1757,2018_03_04,camera,ITI17,pisa,0,eligible_voters,322820.0
1758,2018_03_04,camera,ITI17,pisa,1,issued_ballots,253269.0
1759,2018_03_04,camera,ITI17,pisa,2,piueuropa,6153.0
1760,2018_03_04,camera,ITI17,pisa,2,cpi,1906.0
1761,2018_03_04,camera,ITI17,pisa,2,cpl,1039.0
1762,2018_03_04,camera,ITI17,pisa,2,fi,22101.0
1763,2018_03_04,camera,ITI17,pisa,2,fdi,9676.0
1764,2018_03_04,camera,ITI17,pisa,2,pdf,1257.0
1765,2018_03_04,camera,ITI17,pisa,2,iai,900.0
1766,2018_03_04,camera,ITI17,pisa,2,iei,1635.0
1767,2018_03_04,camera,ITI17,pisa,2,lega,48163.0
1768,2018_03_04,camera,ITI17,pisa,2,leu,12316.0
1769,2018_03_04,camera,ITI17,pisa,2,m5s,60978.0
1770,2018_03_04,camera,ITI17,pisa,2,nci_udc,1402.0
1771,2018_03_04,camera,ITI17,pisa,2,pc,2592.0
1772,2018_03_04,camera,ITI17,pisa,2,pd,63371.0
1773,2018_03_04,camera,ITI17,pisa,2,psr,416.0
1774,2018_03_04,camera,ITI17,pisa,2,pap,4874.0
1775,2018_03_04,camera,ITI18,arezzo,0,eligible_voters,261874.0
1776,2018_03_04,camera,ITI18,arezzo,1,issued_ballots,205969.0
1777,2018_03_04,camera,ITI18,arezzo,2,piueuropa,6438.0
1778,2018_03_04,camera,ITI18,arezzo,2,cpi,3324.0
1779,2018_03_04,camera,ITI18,arezzo,2,cpl,626.0
1780,2018_03_04,camera,ITI18,arezzo,2,fi,22582.0
1781,2018_03_04,camera,ITI18,arezzo,2,fdi,8822.0
1782,2018_03_04,camera,ITI18,arezzo,2,pdf,1383.0
1783,2018_03_04,camera,ITI18,arezzo,2,iai,984.0
1784,2018_03_04,camera,ITI18,arezzo,2,iei,1033.0
1785,2018_03_04,camera,ITI18,arezzo,2,lega,37756.0
1786,2018_03_04,camera,ITI18,arezzo,2,leu,7457.0
1787,2018_03_04,camera,ITI18,arezzo,2,m5s,47102.0
1788,2018_03_04,camera,ITI18,arezzo,2,nci_udc,1578.0
1789,2018_03_04,camera,ITI18,arezzo,2,pc,2146.0
1790,2018_03_04,camera,ITI18,arezzo,2,pd,67643.0
1791,2018_03_04,camera,ITI18,arezzo,2,psr,606.0
1792,2018_03_04,camera,ITI18,arezzo,2,pap,2633.0
1793,2018_03_04,camera,ITI19,siena,0,eligible_voters,203019.0
1794,2018_03_04,camera,ITI19,siena,1,issued_ballots,160586.0
1795,2018_03_04,camera,ITI19,siena,2,piueuropa,4708.0
1796,2018_03_04,camera,ITI19,siena,2,cpi,1652.0
1797,2018_03_04,camera,ITI19,siena,2,cpl,512.0
1798,2018_03_04,camera,ITI19,siena,2,fi,14306.0
1799,2018_03_04,camera,ITI19,siena,2,fdi,6529.0
1800,2018_03_04,camera,ITI19,siena,2,pdf,825.0
1801,2018_03_04,camera,ITI19,siena,2,iai,557.0
1802,2018_03_04,camera,ITI19,siena,2,iei,1096.0
1803,2018_03_04,camera,ITI19,siena,2,lega,22607.0
1804,2018_03_04,camera,ITI19,siena,2,leu,5981.0
1805,2018_03_04,camera,ITI19,siena,2,m5s,34333.0
1806,2018_03_04,camera,ITI19,siena,2,nci_udc,720.0
1807,2018_03_04,camera,ITI19,siena,2,pc,2072.0
1808,2018_03_04,camera,ITI19,siena,2,pd,51680.0
1809,2018_03_04,camera,ITI19,siena,2,psr,308.0
1810,2018_03_04,camera,ITI19,siena,2,pap,2424.0
1811,2018_03_04,camera,ITI1A,grosseto,0,eligible_voters,172666.0
1812,2018_03_04,camera,ITI1A,grosseto,1,issued_ballots,130086.0
1813,2018_03_04,camera,ITI1A,grosseto,2,piueuropa,3134.0
1814,2018_03_04,camera,ITI1A,grosseto,2,cpi,1747.0
1815,2018_03_04,camera,ITI1A,grosseto,2,cpl,556.0
1816,2018_03_04,camera,ITI1A,grosseto,2,fi,12999.0
1817,2018_03_04,camera,ITI1A,grosseto,2,fdi,6475.0
1818,2018_03_04,camera,ITI1A,grosseto,2,pdf,403.0
1819,2018_03_04,camera,ITI1A,grosseto,2,iai,572.0
1820,2018_03_04,camera,ITI1A,grosseto,2,iei,1243.0
1821,2018_03_04,camera,ITI1A,grosseto,2,lega,25537.0
1822,2018_03_04,camera,ITI1A,grosseto,2,leu,3553.0
1823,2018_03_04,camera,ITI1A,grosseto,2,m5s,31498.0
1824,2018_03_04,camera,ITI1A,grosseto,2,nci_udc,817.0
1825,2018_03_04,camera,ITI1A,grosseto,2,pc,1098.0
1826,2018_03_04,camera,ITI1A,grosseto,2,pd,27520.0
1827,2018_03_04,camera,ITI1A,grosseto,2,psr,256.0
1828,2018_03_04,camera,ITI1A,grosseto,2,pap,1651.0
1829,2018_03_04,camera,ITI21,perugia,0,eligible_voters,496455.0
1830,2018_03_04,camera,ITI21,perugia,1,issued_ballots,390773.0
1831,2018_03_04,camera,ITI21,perugia,2,piueuropa,7052.0
1832,2018_03_04,camera,ITI21,perugia,2,10vm,723.0
1833,2018_03_04,camera,ITI21,perugia,2,cpi,4274.0
1834,2018_03_04,camera,ITI21,perugia,2,cpl,1591.0
1835,2018_03_04,camera,ITI21,perugia,2,fi,40796.0
1836,2018_03_04,camera,ITI21,perugia,2,fdi,17944.0
1837,2018_03_04,camera,ITI21,perugia,2,pdf,2789.0
1838,2018_03_04,camera,ITI21,perugia,2,iai,1782.0
1839,2018_03_04,camera,ITI21,perugia,2,iei,1444.0
1840,2018_03_04,camera,ITI21,perugia,2,lega,76158.0
1841,2018_03_04,camera,ITI21,perugia,2,leu,10308.0
1842,2018_03_04,camera,ITI21,perugia,2,m5s,96964.0
1843,2018_03_04,camera,ITI21,perugia,2,nci_udc,2020.0
1844,2018_03_04,camera,ITI21,perugia,2,pc,3288.0
1845,2018_03_04,camera,ITI21,perugia,2,pd,93009.0
1846,2018_03_04,camera,ITI21,perugia,2,pri_ala,334.0
1847,2018_03_04,camera,ITI21,perugia,2,pvu,677.0
1848,2018_03_04,camera,ITI21,perugia,2,pap,4722.0
1849,2018_03_04,camera,ITI22,terni,0,eligible_voters,175858.0
1850,2018_03_04,camera,ITI22,terni,1,issued_ballots,135205.0
1851,2018_03_04,camera,ITI22,terni,2,piueuropa,2377.0
1852,2018_03_04,camera,ITI22,terni,2,10vm,182.0
1853,2018_03_04,camera,ITI22,terni,2,cpi,1839.0
1854,2018_03_04,camera,ITI22,terni,2,cpl,472.0
1855,2018_03_04,camera,ITI22,terni,2,fi,15186.0
1856,2018_03_04,camera,ITI22,terni,2,fdi,6585.0
1857,2018_03_04,camera,ITI22,terni,2,pdf,780.0
1858,2018_03_04,camera,ITI22,terni,2,iai,522.0
1859,2018_03_04,camera,ITI22,terni,2,iei,384.0
1860,2018_03_04,camera,ITI22,terni,2,lega,24434.0
1861,2018_03_04,camera,ITI22,terni,2,leu,3931.0
1862,2018_03_04,camera,ITI22,terni,2,m5s,36327.0
1863,2018_03_04,camera,ITI22,terni,2,nci_udc,423.0
1864,2018_03_04,camera,ITI22,terni,2,pc,1104.0
1865,2018_03_04,camera,ITI22,terni,2,pd,29257.0
1866,2018_03_04,camera,ITI22,terni,2,pri_ala,363.0
1867,2018_03_04,camera,ITI22,terni,2,pvu,193.0
1868,2018_03_04,camera,ITI22,terni,2,pap,1651.0
1869,2018_03_04,camera,ITI31,pesaro e urbino,0,eligible_voters,271053.0
1870,2018_03_04,camera,ITI31,pesaro e urbino,1,issued_ballots,212931.0
1871,2018_03_04,camera,ITI31,pesaro e urbino,2,piueuropa,4500.0
1872,2018_03_04,camera,ITI31,pesaro e urbino,2,10vm,0.0
1873,2018_03_04,camera,ITI31,pesaro e urbino,2,bnl,0.0
1874,2018_03_04,camera,ITI31,pesaro e urbino,2,cpi,1407.0
1875,2018_03_04,camera,ITI31,pesaro e urbino,2,cpl,527.0
1876,2018_03_04,camera,ITI31,pesaro e urbino,2,fi,20345.0
1877,2018_03_04,camera,ITI31,pesaro e urbino,2,fdi,10150.0
1878,2018_03_04,camera,ITI31,pesaro e urbino,2,gn,1.0
1879,2018_03_04,camera,ITI31,pesaro e urbino,2,pdf,1191.0
1880,2018_03_04,camera,ITI31,pesaro e urbino,2,iai,1.0
1881,2018_03_04,camera,ITI31,pesaro e urbino,2,iei,1728.0
1882,2018_03_04,camera,ITI31,pesaro e urbino,2,lega,35283.0
1883,2018_03_04,camera,ITI31,pesaro e urbino,2,leu,5556.0
1884,2018_03_04,camera,ITI31,pesaro e urbino,2,lp,255.0
1885,2018_03_04,camera,ITI31,pesaro e urbino,2,m5s,73962.0
1886,2018_03_04,camera,ITI31,pesaro e urbino,2,nci_udc,1878.0
1887,2018_03_04,camera,ITI31,pesaro e urbino,2,pc,1733.0
1888,2018_03_04,camera,ITI31,pesaro e urbino,2,pd,47707.0
1889,2018_03_04,camera,ITI31,pesaro e urbino,2,pri_ala,0.0
1890,2018_03_04,camera,ITI31,pesaro e urbino,2,pvu,306.0
1891,2018_03_04,camera,ITI31,pesaro e urbino,2,psr,0.0
1892,2018_03_04,camera,ITI31,pesaro e urbino,2,pap,1513.0
1893,2018_03_04,camera,ITI32,ancona,0,eligible_voters,363933.0
1894,2018_03_04,camera,ITI32,ancona,1,issued_ballots,279165.0
1895,2018_03_04,camera,ITI32,ancona,2,piueuropa,6097.0
1896,2018_03_04,camera,ITI32,ancona,2,cpi,2471.0
1897,2018_03_04,camera,ITI32,ancona,2,cpl,948.0
1898,2018_03_04,camera,ITI32,ancona,2,fi,22904.0
1899,2018_03_04,camera,ITI32,ancona,2,fdi,10879.0
1900,2018_03_04,camera,ITI32,ancona,2,pdf,2279.0
1901,2018_03_04,camera,ITI32,ancona,2,iei,1862.0
1902,2018_03_04,camera,ITI32,ancona,2,lega,42803.0
1903,2018_03_04,camera,ITI32,ancona,2,leu,9782.0
1904,2018_03_04,camera,ITI32,ancona,2,lp,277.0
1905,2018_03_04,camera,ITI32,ancona,2,m5s,91625.0
1906,2018_03_04,camera,ITI32,ancona,2,nci_udc,2091.0
1907,2018_03_04,camera,ITI32,ancona,2,pc,2385.0
1908,2018_03_04,camera,ITI32,ancona,2,pd,60549.0
1909,2018_03_04,camera,ITI32,ancona,2,pvu,90.0
1910,2018_03_04,camera,ITI32,ancona,2,pap,3459.0
1911,2018_03_04,camera,ITI33,macerata,0,eligible_voters,242386.0
1912,2018_03_04,camera,ITI33,macerata,1,issued_ballots,186292.0
1913,2018_03_04,camera,ITI33,macerata,2,piueuropa,2783.0
1914,2018_03_04,camera,ITI33,macerata,2,cpi,1839.0
1915,2018_03_04,camera,ITI33,macerata,2,cpl,776.0
1916,2018_03_04,camera,ITI33,macerata,2,fi,18322.0
1917,2018_03_04,camera,ITI33,macerata,2,fdi,10911.0
1918,2018_03_04,camera,ITI33,macerata,2,pdf,1891.0
1919,2018_03_04,camera,ITI33,macerata,2,iei,690.0
1920,2018_03_04,camera,ITI33,macerata,2,lega,36009.0
1921,2018_03_04,camera,ITI33,macerata,2,leu,4191.0
1922,2018_03_04,camera,ITI33,macerata,2,lp,158.0
1923,2018_03_04,camera,ITI33,macerata,2,m5s,55461.0
1924,2018_03_04,camera,ITI33,macerata,2,nci_udc,2628.0
1925,2018_03_04,camera,ITI33,macerata,2,pc,1492.0
1926,2018_03_04,camera,ITI33,macerata,2,pd,33596.0
1927,2018_03_04,camera,ITI33,macerata,2,pvu,289.0
1928,2018_03_04,camera,ITI33,macerata,2,pap,1581.0
1929,2018_03_04,camera,ITI34,ascoli piceno,0,eligible_voters,166242.0
1930,2018_03_04,camera,ITI34,ascoli piceno,1,issued_ballots,127979.0
1931,2018_03_04,camera,ITI34,ascoli piceno,2,piueuropa,1782.0
1932,2018_03_04,camera,ITI34,ascoli piceno,2,cpi,2556.0
1933,2018_03_04,camera,ITI34,ascoli piceno,2,cpl,442.0
1934,2018_03_04,camera,ITI34,ascoli piceno,2,fi,14112.0
1935,2018_03_04,camera,ITI34,ascoli piceno,2,fdi,5856.0
1936,2018_03_04,camera,ITI34,ascoli piceno,2,pdf,1213.0
1937,2018_03_04,camera,ITI34,ascoli piceno,2,iei,565.0
1938,2018_03_04,camera,ITI34,ascoli piceno,2,lega,18611.0
1939,2018_03_04,camera,ITI34,ascoli piceno,2,leu,2835.0
1940,2018_03_04,camera,ITI34,ascoli piceno,2,lp,75.0
1941,2018_03_04,camera,ITI34,ascoli piceno,2,m5s,44468.0
1942,2018_03_04,camera,ITI34,ascoli piceno,2,nci_udc,975.0
1943,2018_03_04,camera,ITI34,ascoli piceno,2,pc,894.0
1944,2018_03_04,camera,ITI34,ascoli piceno,2,pd,22718.0
1945,2018_03_04,camera,ITI34,ascoli piceno,2,pvu,340.0
1946,2018_03_04,camera,ITI34,ascoli piceno,2,pap,1606.0
1947,2018_03_04,camera,ITI35,fermo,0,eligible_voters,133697.0
1948,2018_03_04,camera,ITI35,fermo,1,issued_ballots,103287.0
1949,2018_03_04,camera,ITI35,fermo,2,piueuropa,1423.0
1950,2018_03_04,camera,ITI35,fermo,2,cpi,1235.0
1951,2018_03_04,camera,ITI35,fermo,2,cpl,588.0
1952,2018_03_04,camera,ITI35,fermo,2,fi,10423.0
1953,2018_03_04,camera,ITI35,fermo,2,fdi,4549.0
1954,2018_03_04,camera,ITI35,fermo,2,pdf,764.0
1955,2018_03_04,camera,ITI35,fermo,2,iei,307.0
1956,2018_03_04,camera,ITI35,fermo,2,lega,17502.0
1957,2018_03_04,camera,ITI35,fermo,2,leu,2405.0
1958,2018_03_04,camera,ITI35,fermo,2,lp,143.0
1959,2018_03_04,camera,ITI35,fermo,2,m5s,35243.0
1960,2018_03_04,camera,ITI35,fermo,2,nci_udc,775.0
1961,2018_03_04,camera,ITI35,fermo,2,pc,844.0
1962,2018_03_04,camera,ITI35,fermo,2,pd,17853.0
1963,2018_03_04,camera,ITI35,fermo,2,pvu,89.0
1964,2018_03_04,camera,ITI35,fermo,2,pap,969.0
1965,2018_03_04,camera,ITI41,viterbo,0,eligible_voters,246285.0
1966,2018_03_04,camera,ITI41,viterbo,1,issued_ballots,187063.0
1967,2018_03_04,camera,ITI41,viterbo,2,piueuropa,2966.0
1968,2018_03_04,camera,ITI41,viterbo,2,cpi,4420.0
1969,2018_03_04,camera,ITI41,viterbo,2,cpl,738.0
1970,2018_03_04,camera,ITI41,viterbo,2,fi,23155.0
1971,2018_03_04,camera,ITI41,viterbo,2,fdi,13761.0
1972,2018_03_04,camera,ITI41,viterbo,2,pdf,871.0
1973,2018_03_04,camera,ITI41,viterbo,2,iai,634.0
1974,2018_03_04,camera,ITI41,viterbo,2,iei,617.0
1975,2018_03_04,camera,ITI41,viterbo,2,lega,32362.0
1976,2018_03_04,camera,ITI41,viterbo,2,leu,4016.0
1977,2018_03_04,camera,ITI41,viterbo,2,lp,143.0
1978,2018_03_04,camera,ITI41,viterbo,2,m5s,56830.0
1979,2018_03_04,camera,ITI41,viterbo,2,nci_udc,1676.0
1980,2018_03_04,camera,ITI41,viterbo,2,pc,1155.0
1981,2018_03_04,camera,ITI41,viterbo,2,pd,28786.0
1982,2018_03_04,camera,ITI41,viterbo,2,psr,189.0
1983,2018_03_04,camera,ITI41,viterbo,2,pap,2056.0
1984,2018_03_04,camera,ITI42,rieti,0,eligible_voters,123203.0
1985,2018_03_04,camera,ITI42,rieti,1,issued_ballots,91700.0
1986,2018_03_04,camera,ITI42,rieti,2,piueuropa,1604.0
1987,2018_03_04,camera,ITI42,rieti,2,cpi,1577.0
1988,2018_03_04,camera,ITI42,rieti,2,cpl,826.0
1989,2018_03_04,camera,ITI42,rieti,2,fi,10152.0
1990,2018_03_04,camera,ITI42,rieti,2,fdi,5993.0
1991,2018_03_04,camera,ITI42,rieti,2,pdf,280.0
1992,2018_03_04,camera,ITI42,rieti,2,iai,262.0
1993,2018_03_04,camera,ITI42,rieti,2,iei,744.0
1994,2018_03_04,camera,ITI42,rieti,2,lega,15251.0
1995,2018_03_04,camera,ITI42,rieti,2,leu,2366.0
1996,2018_03_04,camera,ITI42,rieti,2,lp,48.0
1997,2018_03_04,camera,ITI42,rieti,2,m5s,25762.0
1998,2018_03_04,camera,ITI42,rieti,2,nci_udc,1161.0
1999,2018_03_04,camera,ITI42,rieti,2,pc,588.0
2000,2018_03_04,camera,ITI42,rieti,2,pd,13378.0
2001,2018_03_04,camera,ITI42,rieti,2,psr,107.0
2002,2018_03_04,camera,ITI42,rieti,2,pap,996.0
2003,2018_03_04,camera,ITI43,roma,0,eligible_voters,3183365.0
2004,2018_03_04,camera,ITI43,roma,1,issued_ballots,2291957.0
2005,2018_03_04,camera,ITI43,roma,2,piueuropa,82358.0
2006,2018_03_04,camera,ITI43,roma,2,10vm,3226.0
2007,2018_03_04,camera,ITI43,roma,2,bnl,1103.0
2008,2018_03_04,camera,ITI43,roma,2,cpi,34395.0
2009,2018_03_04,camera,ITI43,roma,2,cpl,8093.0
2010,2018_03_04,camera,ITI43,roma,2,fi,257464.0
2011,2018_03_04,camera,ITI43,roma,2,fdi,192172.0
2012,2018_03_04,camera,ITI43,roma,2,pdf,11488.0
2013,2018_03_04,camera,ITI43,roma,2,iai,7011.0
2014,2018_03_04,camera,ITI43,roma,2,iei,10640.0
2015,2018_03_04,camera,ITI43,roma,2,lega,261915.0
2016,2018_03_04,camera,ITI43,roma,2,leu,85860.0
2017,2018_03_04,camera,ITI43,roma,2,lp,1587.0
2018,2018_03_04,camera,ITI43,roma,2,m5s,687860.0
2019,2018_03_04,camera,ITI43,roma,2,nci_udc,14753.0
2020,2018_03_04,camera,ITI43,roma,2,pc,11630.0
2021,2018_03_04,camera,ITI43,roma,2,pd,434009.0
2022,2018_03_04,camera,ITI43,roma,2,psr,1931.0
2023,2018_03_04,camera,ITI43,roma,2,pap,36781.0
2024,2018_03_04,camera,ITI44,latina,0,eligible_voters,444492.0
2025,2018_03_04,camera,ITI44,latina,1,issued_ballots,323530.0
2026,2018_03_04,camera,ITI44,latina,2,piueuropa,4424.0
2027,2018_03_04,camera,ITI44,latina,2,cpi,4944.0
2028,2018_03_04,camera,ITI44,latina,2,cpl,683.0
2029,2018_03_04,camera,ITI44,latina,2,fi,58447.0
2030,2018_03_04,camera,ITI44,latina,2,fdi,20913.0
2031,2018_03_04,camera,ITI44,latina,2,pdf,1084.0
2032,2018_03_04,camera,ITI44,latina,2,iai,1066.0
2033,2018_03_04,camera,ITI44,latina,2,iei,702.0
2034,2018_03_04,camera,ITI44,latina,2,lega,50417.0
2035,2018_03_04,camera,ITI44,latina,2,leu,8146.0
2036,2018_03_04,camera,ITI44,latina,2,lp,216.0
2037,2018_03_04,camera,ITI44,latina,2,m5s,106358.0
2038,2018_03_04,camera,ITI44,latina,2,nci_udc,3408.0
2039,2018_03_04,camera,ITI44,latina,2,pc,1533.0
2040,2018_03_04,camera,ITI44,latina,2,pd,39059.0
2041,2018_03_04,camera,ITI44,latina,2,psr,222.0
2042,2018_03_04,camera,ITI44,latina,2,pap,2484.0
2043,2018_03_04,camera,ITI45,frosinone,0,eligible_voters,395631.0
2044,2018_03_04,camera,ITI45,frosinone,1,issued_ballots,298822.0
2045,2018_03_04,camera,ITI45,frosinone,2,piueuropa,3304.0
2046,2018_03_04,camera,ITI45,frosinone,2,cpi,3773.0
2047,2018_03_04,camera,ITI45,frosinone,2,cpl,3540.0
2048,2018_03_04,camera,ITI45,frosinone,2,fi,49822.0
2049,2018_03_04,camera,ITI45,frosinone,2,fdi,13409.0
2050,2018_03_04,camera,ITI45,frosinone,2,pdf,878.0
2051,2018_03_04,camera,ITI45,frosinone,2,iai,1151.0
2052,2018_03_04,camera,ITI45,frosinone,2,iei,2139.0
2053,2018_03_04,camera,ITI45,frosinone,2,lega,42863.0
2054,2018_03_04,camera,ITI45,frosinone,2,leu,6605.0
2055,2018_03_04,camera,ITI45,frosinone,2,lp,174.0
2056,2018_03_04,camera,ITI45,frosinone,2,m5s,101378.0
2057,2018_03_04,camera,ITI45,frosinone,2,nci_udc,4261.0
2058,2018_03_04,camera,ITI45,frosinone,2,pc,1333.0
2059,2018_03_04,camera,ITI45,frosinone,2,pd,37899.0
2060,2018_03_04,camera,ITI45,frosinone,2,psr,276.0
2061,2018_03_04,camera,ITI45,frosinone,2,pap,2061.0
