,election_date,election_type,harmonised_code,harmonised_name,type,name,votes
0,2013_02_24,camera,ITC11,torino,0,eligible_voters,1765861.0
1,2013_02_24,camera,ITC11,torino,1,issued_ballots,1384995.0
2,2013_02_24,camera,ITC11,torino,2,cpi,2553.0
3,2013_02_24,camera,ITC11,torino,2,cd,3803.0
4,2013_02_24,camera,ITC11,torino,2,fli,15512.0
5,2013_02_24,camera,ITC11,torino,2,ft,2656.0
6,2013_02_24,camera,ITC11,torino,2,fn,3362.0
7,2013_02_24,camera,ITC11,torino,2,fdi,26754.0
8,2013_02_24,camera,ITC11,torino,2,fel,5342.0
9,2013_02_24,camera,ITC11,torino,2,pdl,236649.0
10,2013_02_24,camera,ITC11,torino,2,ld,4894.0
11,2013_02_24,camera,ITC11,torino,2,lega,43701.0
12,2013_02_24,camera,ITC11,torino,2,mir,1229.0
13,2013_02_24,camera,ITC11,torino,2,m5s,391623.0
14,2013_02_24,camera,ITC11,torino,2,pd,357852.0
15,2013_02_24,camera,ITC11,torino,2,pp,12291.0
16,2013_02_24,camera,ITC11,torino,2,rcv,33971.0
17,2013_02_24,camera,ITC11,torino,2,scelta,139310.0
18,2013_02_24,camera,ITC11,torino,2,sel,49455.0
19,2013_02_24,camera,ITC11,torino,2,udc,13694.0
20,2013_02_24,camera,ITC12,vercelli,0,eligible_voters,140516.0
21,2013_02_24,camera,ITC12,vercelli,1,issued_ballots,104893.0
22,2013_02_24,camera,ITC12,vercelli,2,cd,213.0
23,2013_02_24,camera,ITC12,vercelli,2,fli,1087.0
24,2013_02_24,camera,ITC12,vercelli,2,fn,384.0
25,2013_02_24,camera,ITC12,vercelli,2,fdi,1975.0
26,2013_02_24,camera,ITC12,vercelli,2,fel,300.0
27,2013_02_24,camera,ITC12,vercelli,2,pdl,23725.0
28,2013_02_24,camera,ITC12,vercelli,2,ld,573.0
29,2013_02_24,camera,ITC12,vercelli,2,lega,8758.0
30,2013_02_24,camera,ITC12,vercelli,2,mir,138.0
31,2013_02_24,camera,ITC12,vercelli,2,m5s,23731.0
32,2013_02_24,camera,ITC12,vercelli,2,ppa,165.0
33,2013_02_24,camera,ITC12,vercelli,2,pd,25007.0
34,2013_02_24,camera,ITC12,vercelli,2,rcv,1492.0
35,2013_02_24,camera,ITC12,vercelli,2,scelta,9426.0
36,2013_02_24,camera,ITC12,vercelli,2,sel,2049.0
37,2013_02_24,camera,ITC12,vercelli,2,udc,950.0
38,2013_02_24,camera,ITC13,biella,0,eligible_voters,137541.0
39,2013_02_24,camera,ITC13,biella,1,issued_ballots,102868.0
40,2013_02_24,camera,ITC13,biella,2,cd,197.0
41,2013_02_24,camera,ITC13,biella,2,fli,1771.0
42,2013_02_24,camera,ITC13,biella,2,fn,245.0
43,2013_02_24,camera,ITC13,biella,2,fdi,2763.0
44,2013_02_24,camera,ITC13,biella,2,fel,283.0
45,2013_02_24,camera,ITC13,biella,2,pdl,22236.0
46,2013_02_24,camera,ITC13,biella,2,ld,539.0
47,2013_02_24,camera,ITC13,biella,2,lega,5940.0
48,2013_02_24,camera,ITC13,biella,2,mir,318.0
49,2013_02_24,camera,ITC13,biella,2,m5s,25767.0
50,2013_02_24,camera,ITC13,biella,2,ppa,146.0
51,2013_02_24,camera,ITC13,biella,2,pd,23352.0
52,2013_02_24,camera,ITC13,biella,2,rcv,1289.0
53,2013_02_24,camera,ITC13,biella,2,scelta,10372.0
54,2013_02_24,camera,ITC13,biella,2,sel,2046.0
55,2013_02_24,camera,ITC13,biella,2,udc,865.0
56,2013_02_24,camera,ITC14,verbanocusioossola,0,eligible_voters,130040.0
57,2013_02_24,camera,ITC14,verbanocusioossola,1,issued_ballots,92356.0
58,2013_02_24,camera,ITC14,verbanocusioossola,2,cd,167.0
59,2013_02_24,camera,ITC14,verbanocusioossola,2,fli,1043.0
60,2013_02_24,camera,ITC14,verbanocusioossola,2,fn,325.0
61,2013_02_24,camera,ITC14,verbanocusioossola,2,fdi,3642.0
62,2013_02_24,camera,ITC14,verbanocusioossola,2,fel,229.0
63,2013_02_24,camera,ITC14,verbanocusioossola,2,pdl,19906.0
64,2013_02_24,camera,ITC14,verbanocusioossola,2,ld,349.0
65,2013_02_24,camera,ITC14,verbanocusioossola,2,lega,6567.0
66,2013_02_24,camera,ITC14,verbanocusioossola,2,mir,144.0
67,2013_02_24,camera,ITC14,verbanocusioossola,2,m5s,20157.0
68,2013_02_24,camera,ITC14,verbanocusioossola,2,ppa,121.0
69,2013_02_24,camera,ITC14,verbanocusioossola,2,pd,22831.0
70,2013_02_24,camera,ITC14,verbanocusioossola,2,rcv,1519.0
71,2013_02_24,camera,ITC14,verbanocusioossola,2,scelta,8160.0
72,2013_02_24,camera,ITC14,verbanocusioossola,2,sel,2442.0
73,2013_02_24,camera,ITC14,verbanocusioossola,2,udc,677.0
74,2013_02_24,camera,ITC15,novara,0,eligible_voters,280869.0
75,2013_02_24,camera,ITC15,novara,1,issued_ballots,216134.0
76,2013_02_24,camera,ITC15,novara,2,cd,470.0
77,2013_02_24,camera,ITC15,novara,2,fli,2273.0
78,2013_02_24,camera,ITC15,novara,2,fn,847.0
79,2013_02_24,camera,ITC15,novara,2,fdi,6636.0
80,2013_02_24,camera,ITC15,novara,2,fel,660.0
81,2013_02_24,camera,ITC15,novara,2,pdl,49438.0
82,2013_02_24,camera,ITC15,novara,2,ld,1012.0
83,2013_02_24,camera,ITC15,novara,2,lega,13360.0
84,2013_02_24,camera,ITC15,novara,2,mir,257.0
85,2013_02_24,camera,ITC15,novara,2,m5s,50229.0
86,2013_02_24,camera,ITC15,novara,2,ppa,303.0
87,2013_02_24,camera,ITC15,novara,2,pd,49872.0
88,2013_02_24,camera,ITC15,novara,2,rcv,3184.0
89,2013_02_24,camera,ITC15,novara,2,scelta,21408.0
90,2013_02_24,camera,ITC15,novara,2,sel,4786.0
91,2013_02_24,camera,ITC15,novara,2,udc,2135.0
92,2013_02_24,camera,ITC16,cuneo,0,eligible_voters,448042.0
93,2013_02_24,camera,ITC16,cuneo,1,issued_ballots,351945.0
94,2013_02_24,camera,ITC16,cuneo,2,cd,686.0
95,2013_02_24,camera,ITC16,cuneo,2,fli,4098.0
96,2013_02_24,camera,ITC16,cuneo,2,fn,1434.0
97,2013_02_24,camera,ITC16,cuneo,2,fdi,14938.0
98,2013_02_24,camera,ITC16,cuneo,2,fel,754.0
99,2013_02_24,camera,ITC16,cuneo,2,pdl,65852.0
100,2013_02_24,camera,ITC16,cuneo,2,ld,1360.0
101,2013_02_24,camera,ITC16,cuneo,2,lega,24365.0
102,2013_02_24,camera,ITC16,cuneo,2,mir,693.0
103,2013_02_24,camera,ITC16,cuneo,2,m5s,88694.0
104,2013_02_24,camera,ITC16,cuneo,2,ppa,340.0
105,2013_02_24,camera,ITC16,cuneo,2,pd,68544.0
106,2013_02_24,camera,ITC16,cuneo,2,rcv,4992.0
107,2013_02_24,camera,ITC16,cuneo,2,scelta,44699.0
108,2013_02_24,camera,ITC16,cuneo,2,sel,6478.0
109,2013_02_24,camera,ITC16,cuneo,2,udc,7650.0
110,2013_02_24,camera,ITC17,asti,0,eligible_voters,164451.0
111,2013_02_24,camera,ITC17,asti,1,issued_ballots,123006.0
112,2013_02_24,camera,ITC17,asti,2,cd,427.0
113,2013_02_24,camera,ITC17,asti,2,fli,1305.0
114,2013_02_24,camera,ITC17,asti,2,fn,465.0
115,2013_02_24,camera,ITC17,asti,2,fdi,3237.0
116,2013_02_24,camera,ITC17,asti,2,fel,386.0
117,2013_02_24,camera,ITC17,asti,2,pdl,25971.0
118,2013_02_24,camera,ITC17,asti,2,ld,476.0
119,2013_02_24,camera,ITC17,asti,2,lega,6471.0
120,2013_02_24,camera,ITC17,asti,2,mir,125.0
121,2013_02_24,camera,ITC17,asti,2,m5s,31878.0
122,2013_02_24,camera,ITC17,asti,2,ppa,143.0
123,2013_02_24,camera,ITC17,asti,2,pd,26939.0
124,2013_02_24,camera,ITC17,asti,2,rcv,2512.0
125,2013_02_24,camera,ITC17,asti,2,scelta,13652.0
126,2013_02_24,camera,ITC17,asti,2,sel,2533.0
127,2013_02_24,camera,ITC17,asti,2,udc,1692.0
128,2013_02_24,camera,ITC18,alessandria,0,eligible_voters,337333.0
129,2013_02_24,camera,ITC18,alessandria,1,issued_ballots,255546.0
130,2013_02_24,camera,ITC18,alessandria,2,cd,584.0
131,2013_02_24,camera,ITC18,alessandria,2,fli,2960.0
132,2013_02_24,camera,ITC18,alessandria,2,fn,890.0
133,2013_02_24,camera,ITC18,alessandria,2,fdi,5348.0
134,2013_02_24,camera,ITC18,alessandria,2,fel,530.0
135,2013_02_24,camera,ITC18,alessandria,2,pdl,57628.0
136,2013_02_24,camera,ITC18,alessandria,2,ld,1081.0
137,2013_02_24,camera,ITC18,alessandria,2,lega,11435.0
138,2013_02_24,camera,ITC18,alessandria,2,mir,586.0
139,2013_02_24,camera,ITC18,alessandria,2,m5s,68230.0
140,2013_02_24,camera,ITC18,alessandria,2,ppa,284.0
141,2013_02_24,camera,ITC18,alessandria,2,pd,63369.0
142,2013_02_24,camera,ITC18,alessandria,2,rcv,4267.0
143,2013_02_24,camera,ITC18,alessandria,2,scelta,21014.0
144,2013_02_24,camera,ITC18,alessandria,2,sel,5887.0
145,2013_02_24,camera,ITC18,alessandria,2,udc,2600.0
146,2013_02_24,camera,ITC31,imperia,0,eligible_voters,170809.0
147,2013_02_24,camera,ITC31,imperia,1,issued_ballots,122900.0
148,2013_02_24,camera,ITC31,imperia,2,cd,312.0
149,2013_02_24,camera,ITC31,imperia,2,fli,1452.0
150,2013_02_24,camera,ITC31,imperia,2,fdi,2182.0
151,2013_02_24,camera,ITC31,imperia,2,fel,953.0
152,2013_02_24,camera,ITC31,imperia,2,pdl,28130.0
153,2013_02_24,camera,ITC31,imperia,2,ld,941.0
154,2013_02_24,camera,ITC31,imperia,2,lega,3878.0
155,2013_02_24,camera,ITC31,imperia,2,m5s,40644.0
156,2013_02_24,camera,ITC31,imperia,2,pcl,667.0
157,2013_02_24,camera,ITC31,imperia,2,pd,22403.0
158,2013_02_24,camera,ITC31,imperia,2,rcv,2197.0
159,2013_02_24,camera,ITC31,imperia,2,scelta,9580.0
160,2013_02_24,camera,ITC31,imperia,2,sel,3147.0
161,2013_02_24,camera,ITC31,imperia,2,udc,1881.0
162,2013_02_24,camera,ITC32,savona,0,eligible_voters,228085.0
163,2013_02_24,camera,ITC32,savona,1,issued_ballots,177526.0
164,2013_02_24,camera,ITC32,savona,2,cd,391.0
165,2013_02_24,camera,ITC32,savona,2,fli,2236.0
166,2013_02_24,camera,ITC32,savona,2,fdi,2490.0
167,2013_02_24,camera,ITC32,savona,2,fel,629.0
168,2013_02_24,camera,ITC32,savona,2,pdl,29625.0
169,2013_02_24,camera,ITC32,savona,2,ld,970.0
170,2013_02_24,camera,ITC32,savona,2,lega,3588.0
171,2013_02_24,camera,ITC32,savona,2,m5s,56875.0
172,2013_02_24,camera,ITC32,savona,2,pcl,1156.0
173,2013_02_24,camera,ITC32,savona,2,pd,42798.0
174,2013_02_24,camera,ITC32,savona,2,rcv,3107.0
175,2013_02_24,camera,ITC32,savona,2,scelta,13698.0
176,2013_02_24,camera,ITC32,savona,2,sel,4614.0
177,2013_02_24,camera,ITC32,savona,2,udc,1869.0
178,2013_02_24,camera,ITC33,genova,0,eligible_voters,696474.0
179,2013_02_24,camera,ITC33,genova,1,issued_ballots,522773.0
180,2013_02_24,camera,ITC33,genova,2,cd,1321.0
181,2013_02_24,camera,ITC33,genova,2,fli,5787.0
182,2013_02_24,camera,ITC33,genova,2,fdi,6721.0
183,2013_02_24,camera,ITC33,genova,2,fel,1569.0
184,2013_02_24,camera,ITC33,genova,2,pdl,85344.0
185,2013_02_24,camera,ITC33,genova,2,ld,2473.0
186,2013_02_24,camera,ITC33,genova,2,lega,8855.0
187,2013_02_24,camera,ITC33,genova,2,m5s,163938.0
188,2013_02_24,camera,ITC33,genova,2,pcl,3410.0
189,2013_02_24,camera,ITC33,genova,2,pd,151410.0
190,2013_02_24,camera,ITC33,genova,2,rcv,10688.0
191,2013_02_24,camera,ITC33,genova,2,scelta,46054.0
192,2013_02_24,camera,ITC33,genova,2,sel,17647.0
193,2013_02_24,camera,ITC33,genova,2,udc,5411.0
194,2013_02_24,camera,ITC34,la spezia,0,eligible_voters,171628.0
195,2013_02_24,camera,ITC34,la spezia,1,issued_ballots,128352.0
196,2013_02_24,camera,ITC34,la spezia,2,cd,322.0
197,2013_02_24,camera,ITC34,la spezia,2,fli,984.0
198,2013_02_24,camera,ITC34,la spezia,2,fdi,1929.0
199,2013_02_24,camera,ITC34,la spezia,2,fel,447.0
200,2013_02_24,camera,ITC34,la spezia,2,pdl,20117.0
201,2013_02_24,camera,ITC34,la spezia,2,ld,936.0
202,2013_02_24,camera,ITC34,la spezia,2,lega,1731.0
203,2013_02_24,camera,ITC34,la spezia,2,m5s,36751.0
204,2013_02_24,camera,ITC34,la spezia,2,pcl,634.0
205,2013_02_24,camera,ITC34,la spezia,2,pd,40418.0
206,2013_02_24,camera,ITC34,la spezia,2,rcv,3340.0
207,2013_02_24,camera,ITC34,la spezia,2,scelta,8783.0
208,2013_02_24,camera,ITC34,la spezia,2,sel,3839.0
209,2013_02_24,camera,ITC34,la spezia,2,udc,1314.0
210,2013_02_24,camera,ITC41,varese,0,eligible_voters,673555.0
211,2013_02_24,camera,ITC41,varese,1,issued_ballots,517604.0
212,2013_02_24,camera,ITC41,varese,2,cd,1024.0
213,2013_02_24,camera,ITC41,varese,2,fli,8146.0
214,2013_02_24,camera,ITC41,varese,2,ft,2400.0
215,2013_02_24,camera,ITC41,varese,2,fdi,5967.0
216,2013_02_24,camera,ITC41,varese,2,fel,1291.0
217,2013_02_24,camera,ITC41,varese,2,pdl,104800.0
218,2013_02_24,camera,ITC41,varese,2,iai,1284.0
219,2013_02_24,camera,ITC41,varese,2,ld,2062.0
220,2013_02_24,camera,ITC41,varese,2,lega,80402.0
221,2013_02_24,camera,ITC41,varese,2,mir,679.0
222,2013_02_24,camera,ITC41,varese,2,m5s,100022.0
223,2013_02_24,camera,ITC41,varese,2,pd,112766.0
224,2013_02_24,camera,ITC41,varese,2,rcv,7108.0
225,2013_02_24,camera,ITC41,varese,2,scelta,50953.0
226,2013_02_24,camera,ITC41,varese,2,sel,9385.0
227,2013_02_24,camera,ITC41,varese,2,udc,5829.0
228,2013_02_24,camera,ITC42,como,0,eligible_voters,441419.0
229,2013_02_24,camera,ITC42,como,1,issued_ballots,338875.0
230,2013_02_24,camera,ITC42,como,2,cd,572.0
231,2013_02_24,camera,ITC42,como,2,fli,6365.0
232,2013_02_24,camera,ITC42,como,2,ft,1554.0
233,2013_02_24,camera,ITC42,como,2,fdi,6570.0
234,2013_02_24,camera,ITC42,como,2,fel,818.0
235,2013_02_24,camera,ITC42,como,2,pdl,74572.0
236,2013_02_24,camera,ITC42,como,2,iai,806.0
237,2013_02_24,camera,ITC42,como,2,ld,1191.0
238,2013_02_24,camera,ITC42,como,2,lega,50486.0
239,2013_02_24,camera,ITC42,como,2,mir,630.0
240,2013_02_24,camera,ITC42,como,2,m5s,60888.0
241,2013_02_24,camera,ITC42,como,2,pd,71240.0
242,2013_02_24,camera,ITC42,como,2,rcv,4258.0
243,2013_02_24,camera,ITC42,como,2,scelta,32825.0
244,2013_02_24,camera,ITC42,como,2,sel,5913.0
245,2013_02_24,camera,ITC42,como,2,udc,3209.0
246,2013_02_24,camera,ITC43,lecco,0,eligible_voters,251102.0
247,2013_02_24,camera,ITC43,lecco,1,issued_ballots,200055.0
248,2013_02_24,camera,ITC43,lecco,2,cd,372.0
249,2013_02_24,camera,ITC43,lecco,2,fli,4334.0
250,2013_02_24,camera,ITC43,lecco,2,ft,737.0
251,2013_02_24,camera,ITC43,lecco,2,fdi,2098.0
252,2013_02_24,camera,ITC43,lecco,2,fel,487.0
253,2013_02_24,camera,ITC43,lecco,2,pdl,37327.0
254,2013_02_24,camera,ITC43,lecco,2,iai,371.0
255,2013_02_24,camera,ITC43,lecco,2,ld,596.0
256,2013_02_24,camera,ITC43,lecco,2,lega,28015.0
257,2013_02_24,camera,ITC43,lecco,2,mir,223.0
258,2013_02_24,camera,ITC43,lecco,2,m5s,35992.0
259,2013_02_24,camera,ITC43,lecco,2,pd,49725.0
260,2013_02_24,camera,ITC43,lecco,2,rcv,2809.0
261,2013_02_24,camera,ITC43,lecco,2,scelta,19783.0
262,2013_02_24,camera,ITC43,lecco,2,sel,4152.0
263,2013_02_24,camera,ITC43,lecco,2,udc,2167.0
264,2013_02_24,camera,ITC44,sondrio,0,eligible_voters,145621.0
265,2013_02_24,camera,ITC44,sondrio,1,issued_ballots,111307.0
266,2013_02_24,camera,ITC44,sondrio,2,cd,190.0
267,2013_02_24,camera,ITC44,sondrio,2,fli,1651.0
268,2013_02_24,camera,ITC44,sondrio,2,ft,329.0
269,2013_02_24,camera,ITC44,sondrio,2,fdi,1195.0
270,2013_02_24,camera,ITC44,sondrio,2,fel,220.0
271,2013_02_24,camera,ITC44,sondrio,2,pdl,20454.0
272,2013_02_24,camera,ITC44,sondrio,2,iai,209.0
273,2013_02_24,camera,ITC44,sondrio,2,ld,428.0
274,2013_02_24,camera,ITC44,sondrio,2,lega,23784.0
275,2013_02_24,camera,ITC44,sondrio,2,mir,184.0
276,2013_02_24,camera,ITC44,sondrio,2,m5s,18123.0
277,2013_02_24,camera,ITC44,sondrio,2,pd,21844.0
278,2013_02_24,camera,ITC44,sondrio,2,rcv,1057.0
279,2013_02_24,camera,ITC44,sondrio,2,scelta,11908.0
280,2013_02_24,camera,ITC44,sondrio,2,sel,1666.0
281,2013_02_24,camera,ITC44,sondrio,2,udc,1281.0
282,2013_02_24,camera,ITC46,bergamo,0,eligible_voters,809524.0
283,2013_02_24,camera,ITC46,bergamo,1,issued_ballots,663095.0
284,2013_02_24,camera,ITC46,bergamo,2,cd,1178.0
285,2013_02_24,camera,ITC46,bergamo,2,fli,14246.0
286,2013_02_24,camera,ITC46,bergamo,2,ft,2673.0
287,2013_02_24,camera,ITC46,bergamo,2,fdi,8180.0
288,2013_02_24,camera,ITC46,bergamo,2,fel,1528.0
289,2013_02_24,camera,ITC46,bergamo,2,pdl,125539.0
290,2013_02_24,camera,ITC46,bergamo,2,iai,1480.0
291,2013_02_24,camera,ITC46,bergamo,2,ld,2246.0
292,2013_02_24,camera,ITC46,bergamo,2,lega,125831.0
293,2013_02_24,camera,ITC46,bergamo,2,mir,729.0
294,2013_02_24,camera,ITC46,bergamo,2,m5s,107443.0
295,2013_02_24,camera,ITC46,bergamo,2,pd,143173.0
296,2013_02_24,camera,ITC46,bergamo,2,rcv,8792.0
297,2013_02_24,camera,ITC46,bergamo,2,scelta,68924.0
298,2013_02_24,camera,ITC46,bergamo,2,sel,11546.0
299,2013_02_24,camera,ITC46,bergamo,2,udc,7441.0
300,2013_02_24,camera,ITC47,brescia,0,eligible_voters,904215.0
301,2013_02_24,camera,ITC47,brescia,1,issued_ballots,749240.0
302,2013_02_24,camera,ITC47,brescia,2,cpi,0.0
303,2013_02_24,camera,ITC47,brescia,2,cd,1633.0
304,2013_02_24,camera,ITC47,brescia,2,df,1.0
305,2013_02_24,camera,ITC47,brescia,2,fli,13686.0
306,2013_02_24,camera,ITC47,brescia,2,ft,3249.0
307,2013_02_24,camera,ITC47,brescia,2,fdi,12607.0
308,2013_02_24,camera,ITC47,brescia,2,fel,1968.0
309,2013_02_24,camera,ITC47,brescia,2,pdl,147485.0
310,2013_02_24,camera,ITC47,brescia,2,iai,1656.0
311,2013_02_24,camera,ITC47,brescia,2,ld,2521.0
312,2013_02_24,camera,ITC47,brescia,2,lega,127547.0
313,2013_02_24,camera,ITC47,brescia,2,mir,833.0
314,2013_02_24,camera,ITC47,brescia,2,m5s,133444.0
315,2013_02_24,camera,ITC47,brescia,2,pd,174135.0
316,2013_02_24,camera,ITC47,brescia,2,rcv,9710.0
317,2013_02_24,camera,ITC47,brescia,2,scelta,46963.0
318,2013_02_24,camera,ITC47,brescia,2,sel,13758.0
319,2013_02_24,camera,ITC47,brescia,2,svp,1.0
320,2013_02_24,camera,ITC47,brescia,2,udc,11664.0
321,2013_02_24,camera,ITC48,pavia,0,eligible_voters,421393.0
322,2013_02_24,camera,ITC48,pavia,1,issued_ballots,327184.0
323,2013_02_24,camera,ITC48,pavia,2,cd,1224.0
324,2013_02_24,camera,ITC48,pavia,2,fli,5438.0
325,2013_02_24,camera,ITC48,pavia,2,fn,1855.0
326,2013_02_24,camera,ITC48,pavia,2,fdi,6336.0
327,2013_02_24,camera,ITC48,pavia,2,fel,1093.0
328,2013_02_24,camera,ITC48,pavia,2,gs,306.0
329,2013_02_24,camera,ITC48,pavia,2,pdl,76018.0
330,2013_02_24,camera,ITC48,pavia,2,lega,32409.0
331,2013_02_24,camera,ITC48,pavia,2,m5s,66526.0
332,2013_02_24,camera,ITC48,pavia,2,pd,82217.0
333,2013_02_24,camera,ITC48,pavia,2,rcv,4852.0
334,2013_02_24,camera,ITC48,pavia,2,scelta,25206.0
335,2013_02_24,camera,ITC48,pavia,2,sel,6880.0
336,2013_02_24,camera,ITC48,pavia,2,udc,3228.0
337,2013_02_24,camera,ITC49,lodi,0,eligible_voters,169938.0
338,2013_02_24,camera,ITC49,lodi,1,issued_ballots,136318.0
339,2013_02_24,camera,ITC49,lodi,2,cd,293.0
340,2013_02_24,camera,ITC49,lodi,2,fli,1997.0
341,2013_02_24,camera,ITC49,lodi,2,fn,801.0
342,2013_02_24,camera,ITC49,lodi,2,fdi,2506.0
343,2013_02_24,camera,ITC49,lodi,2,fel,421.0
344,2013_02_24,camera,ITC49,lodi,2,gs,106.0
345,2013_02_24,camera,ITC49,lodi,2,pdl,29885.0
346,2013_02_24,camera,ITC49,lodi,2,lega,14430.0
347,2013_02_24,camera,ITC49,lodi,2,m5s,26598.0
348,2013_02_24,camera,ITC49,lodi,2,pd,35440.0
349,2013_02_24,camera,ITC49,lodi,2,rcv,2354.0
350,2013_02_24,camera,ITC49,lodi,2,scelta,11855.0
351,2013_02_24,camera,ITC49,lodi,2,sel,2691.0
352,2013_02_24,camera,ITC49,lodi,2,udc,1529.0
353,2013_02_24,camera,ITC4A,cremona,0,eligible_voters,268153.0
354,2013_02_24,camera,ITC4A,cremona,1,issued_ballots,217395.0
355,2013_02_24,camera,ITC4A,cremona,2,cd,541.0
356,2013_02_24,camera,ITC4A,cremona,2,fli,3717.0
357,2013_02_24,camera,ITC4A,cremona,2,fn,1125.0
358,2013_02_24,camera,ITC4A,cremona,2,fdi,3473.0
359,2013_02_24,camera,ITC4A,cremona,2,fel,714.0
360,2013_02_24,camera,ITC4A,cremona,2,gs,149.0
361,2013_02_24,camera,ITC4A,cremona,2,pdl,45956.0
362,2013_02_24,camera,ITC4A,cremona,2,lega,26151.0
363,2013_02_24,camera,ITC4A,cremona,2,m5s,40589.0
364,2013_02_24,camera,ITC4A,cremona,2,pd,55073.0
365,2013_02_24,camera,ITC4A,cremona,2,rcv,3721.0
366,2013_02_24,camera,ITC4A,cremona,2,scelta,19551.0
367,2013_02_24,camera,ITC4A,cremona,2,sel,4420.0
368,2013_02_24,camera,ITC4A,cremona,2,udc,3371.0
369,2013_02_24,camera,ITC4B,mantova,0,eligible_voters,274773.0
370,2013_02_24,camera,ITC4B,mantova,1,issued_ballots,220951.0
371,2013_02_24,camera,ITC4B,mantova,2,cd,716.0
372,2013_02_24,camera,ITC4B,mantova,2,fli,3441.0
373,2013_02_24,camera,ITC4B,mantova,2,fn,1073.0
374,2013_02_24,camera,ITC4B,mantova,2,fdi,4438.0
375,2013_02_24,camera,ITC4B,mantova,2,fel,726.0
376,2013_02_24,camera,ITC4B,mantova,2,gs,127.0
377,2013_02_24,camera,ITC4B,mantova,2,pdl,38438.0
378,2013_02_24,camera,ITC4B,mantova,2,lega,22094.0
379,2013_02_24,camera,ITC4B,mantova,2,m5s,49226.0
380,2013_02_24,camera,ITC4B,mantova,2,pd,64061.0
381,2013_02_24,camera,ITC4B,mantova,2,rcv,3123.0
382,2013_02_24,camera,ITC4B,mantova,2,scelta,18872.0
383,2013_02_24,camera,ITC4B,mantova,2,sel,4339.0
384,2013_02_24,camera,ITC4B,mantova,2,udc,3225.0
385,2013_02_24,camera,ITC4C,milano,0,eligible_voters,2336367.0
386,2013_02_24,camera,ITC4C,milano,1,issued_ballots,1844854.0
387,2013_02_24,camera,ITC4C,milano,2,cd,3434.0
388,2013_02_24,camera,ITC4C,milano,2,fli,36918.0
389,2013_02_24,camera,ITC4C,milano,2,fn,6093.0
390,2013_02_24,camera,ITC4C,milano,2,fdi,27175.0
391,2013_02_24,camera,ITC4C,milano,2,fel,4868.0
392,2013_02_24,camera,ITC4C,milano,2,pirati,3472.0
393,2013_02_24,camera,ITC4C,milano,2,pdl,366437.0
394,2013_02_24,camera,ITC4C,milano,2,ip,1300.0
395,2013_02_24,camera,ITC4C,milano,2,iai,3334.0
396,2013_02_24,camera,ITC4C,milano,2,ld,5764.0
397,2013_02_24,camera,ITC4C,milano,2,lega,140186.0
398,2013_02_24,camera,ITC4C,milano,2,mir,2280.0
399,2013_02_24,camera,ITC4C,milano,2,m5s,363965.0
400,2013_02_24,camera,ITC4C,milano,2,pcl,7066.0
401,2013_02_24,camera,ITC4C,milano,2,pd,508306.0
402,2013_02_24,camera,ITC4C,milano,2,ri,1033.0
403,2013_02_24,camera,ITC4C,milano,2,rcv,33768.0
404,2013_02_24,camera,ITC4C,milano,2,scelta,204636.0
405,2013_02_24,camera,ITC4C,milano,2,sel,57950.0
406,2013_02_24,camera,ITC4C,milano,2,udc,15399.0
407,2013_02_24,camera,ITC4D,monza e della brianza,0,eligible_voters,657080.0
408,2013_02_24,camera,ITC4D,monza e della brianza,1,issued_ballots,528400.0
409,2013_02_24,camera,ITC4D,monza e della brianza,2,cd,858.0
410,2013_02_24,camera,ITC4D,monza e della brianza,2,fli,11359.0
411,2013_02_24,camera,ITC4D,monza e della brianza,2,fn,1963.0
412,2013_02_24,camera,ITC4D,monza e della brianza,2,fdi,7301.0
413,2013_02_24,camera,ITC4D,monza e della brianza,2,fel,1148.0
414,2013_02_24,camera,ITC4D,monza e della brianza,2,pirati,1073.0
415,2013_02_24,camera,ITC4D,monza e della brianza,2,pdl,109770.0
416,2013_02_24,camera,ITC4D,monza e della brianza,2,ip,351.0
417,2013_02_24,camera,ITC4D,monza e della brianza,2,iai,863.0
418,2013_02_24,camera,ITC4D,monza e della brianza,2,ld,1415.0
419,2013_02_24,camera,ITC4D,monza e della brianza,2,lega,59795.0
420,2013_02_24,camera,ITC4D,monza e della brianza,2,mir,476.0
421,2013_02_24,camera,ITC4D,monza e della brianza,2,m5s,107217.0
422,2013_02_24,camera,ITC4D,monza e della brianza,2,pcl,1799.0
423,2013_02_24,camera,ITC4D,monza e della brianza,2,pd,129359.0
424,2013_02_24,camera,ITC4D,monza e della brianza,2,ri,246.0
425,2013_02_24,camera,ITC4D,monza e della brianza,2,rcv,6885.0
426,2013_02_24,camera,ITC4D,monza e della brianza,2,scelta,53688.0
427,2013_02_24,camera,ITC4D,monza e della brianza,2,sel,10904.0
428,2013_02_24,camera,ITC4D,monza e della brianza,2,udc,5038.0
429,2013_02_24,camera,ITF11,laquila,0,eligible_voters,244073.0
430,2013_02_24,camera,ITF11,laquila,1,issued_ballots,181848.0
431,2013_02_24,camera,ITF11,laquila,2,cpi,812.0
432,2013_02_24,camera,ITF11,laquila,2,cd,1174.0
433,2013_02_24,camera,ITF11,laquila,2,fli,862.0
434,2013_02_24,camera,ITF11,laquila,2,fn,530.0
435,2013_02_24,camera,ITF11,laquila,2,fdi,4637.0
436,2013_02_24,camera,ITF11,laquila,2,fel,1775.0
437,2013_02_24,camera,ITF11,laquila,2,gs,535.0
438,2013_02_24,camera,ITF11,laquila,2,pdl,47941.0
439,2013_02_24,camera,ITF11,laquila,2,ip,505.0
440,2013_02_24,camera,ITF11,laquila,2,ld,3701.0
441,2013_02_24,camera,ITF11,laquila,2,lega,262.0
442,2013_02_24,camera,ITF11,laquila,2,agl,512.0
443,2013_02_24,camera,ITF11,laquila,2,m5s,44650.0
444,2013_02_24,camera,ITF11,laquila,2,pcl,680.0
445,2013_02_24,camera,ITF11,laquila,2,pd,39652.0
446,2013_02_24,camera,ITF11,laquila,2,rcv,4787.0
447,2013_02_24,camera,ITF11,laquila,2,scelta,10663.0
448,2013_02_24,camera,ITF11,laquila,2,sel,6004.0
449,2013_02_24,camera,ITF11,laquila,2,udc,5066.0
450,2013_02_24,camera,ITF12,teramo,0,eligible_voters,245090.0
451,2013_02_24,camera,ITF12,teramo,1,issued_ballots,190630.0
452,2013_02_24,camera,ITF12,teramo,2,cpi,562.0
453,2013_02_24,camera,ITF12,teramo,2,cd,512.0
454,2013_02_24,camera,ITF12,teramo,2,fli,866.0
455,2013_02_24,camera,ITF12,teramo,2,fn,593.0
456,2013_02_24,camera,ITF12,teramo,2,fdi,13300.0
457,2013_02_24,camera,ITF12,teramo,2,fel,636.0
458,2013_02_24,camera,ITF12,teramo,2,gs,181.0
459,2013_02_24,camera,ITF12,teramo,2,pdl,39298.0
460,2013_02_24,camera,ITF12,teramo,2,ip,573.0
461,2013_02_24,camera,ITF12,teramo,2,ld,1647.0
462,2013_02_24,camera,ITF12,teramo,2,lega,331.0
463,2013_02_24,camera,ITF12,teramo,2,agl,747.0
464,2013_02_24,camera,ITF12,teramo,2,m5s,58966.0
465,2013_02_24,camera,ITF12,teramo,2,pcl,1183.0
466,2013_02_24,camera,ITF12,teramo,2,pd,38898.0
467,2013_02_24,camera,ITF12,teramo,2,rcv,5896.0
468,2013_02_24,camera,ITF12,teramo,2,scelta,11626.0
469,2013_02_24,camera,ITF12,teramo,2,sel,5329.0
470,2013_02_24,camera,ITF12,teramo,2,udc,2678.0
471,2013_02_24,camera,ITF13,pescara,0,eligible_voters,254126.0
472,2013_02_24,camera,ITF13,pescara,1,issued_ballots,192541.0
473,2013_02_24,camera,ITF13,pescara,2,cpi,535.0
474,2013_02_24,camera,ITF13,pescara,2,cd,1140.0
475,2013_02_24,camera,ITF13,pescara,2,fli,1316.0
476,2013_02_24,camera,ITF13,pescara,2,fn,688.0
477,2013_02_24,camera,ITF13,pescara,2,fdi,3805.0
478,2013_02_24,camera,ITF13,pescara,2,fel,1636.0
479,2013_02_24,camera,ITF13,pescara,2,gs,421.0
480,2013_02_24,camera,ITF13,pescara,2,pdl,44294.0
481,2013_02_24,camera,ITF13,pescara,2,ip,577.0
482,2013_02_24,camera,ITF13,pescara,2,ld,1309.0
483,2013_02_24,camera,ITF13,pescara,2,lega,431.0
484,2013_02_24,camera,ITF13,pescara,2,agl,723.0
485,2013_02_24,camera,ITF13,pescara,2,m5s,58969.0
486,2013_02_24,camera,ITF13,pescara,2,pcl,918.0
487,2013_02_24,camera,ITF13,pescara,2,pd,41931.0
488,2013_02_24,camera,ITF13,pescara,2,rcv,7036.0
489,2013_02_24,camera,ITF13,pescara,2,scelta,11936.0
490,2013_02_24,camera,ITF13,pescara,2,sel,5582.0
491,2013_02_24,camera,ITF13,pescara,2,udc,2078.0
492,2013_02_24,camera,ITF14,chieti,0,eligible_voters,319632.0
493,2013_02_24,camera,ITF14,chieti,1,issued_ballots,242171.0
494,2013_02_24,camera,ITF14,chieti,2,cpi,661.0
495,2013_02_24,camera,ITF14,chieti,2,cd,1623.0
496,2013_02_24,camera,ITF14,chieti,2,fli,1396.0
497,2013_02_24,camera,ITF14,chieti,2,fn,1134.0
498,2013_02_24,camera,ITF14,chieti,2,fdi,5905.0
499,2013_02_24,camera,ITF14,chieti,2,fel,1650.0
500,2013_02_24,camera,ITF14,chieti,2,gs,1565.0
501,2013_02_24,camera,ITF14,chieti,2,pdl,53268.0
502,2013_02_24,camera,ITF14,chieti,2,ip,2695.0
503,2013_02_24,camera,ITF14,chieti,2,ld,1535.0
504,2013_02_24,camera,ITF14,chieti,2,lega,379.0
505,2013_02_24,camera,ITF14,chieti,2,agl,787.0
506,2013_02_24,camera,ITF14,chieti,2,m5s,69126.0
507,2013_02_24,camera,ITF14,chieti,2,pcl,1233.0
508,2013_02_24,camera,ITF14,chieti,2,pd,54399.0
509,2013_02_24,camera,ITF14,chieti,2,rcv,7933.0
510,2013_02_24,camera,ITF14,chieti,2,scelta,15389.0
511,2013_02_24,camera,ITF14,chieti,2,sel,6804.0
512,2013_02_24,camera,ITF14,chieti,2,udc,3801.0
513,2013_02_24,camera,ITF21,isernia,0,eligible_voters,73309.0
514,2013_02_24,camera,ITF21,isernia,1,issued_ballots,56253.0
515,2013_02_24,camera,ITF21,isernia,2,cd,487.0
516,2013_02_24,camera,ITF21,isernia,2,fli,395.0
517,2013_02_24,camera,ITF21,isernia,2,fdi,4329.0
518,2013_02_24,camera,ITF21,isernia,2,fel,264.0
519,2013_02_24,camera,ITF21,isernia,2,pdl,11728.0
520,2013_02_24,camera,ITF21,isernia,2,ip,253.0
521,2013_02_24,camera,ITF21,isernia,2,ld,582.0
522,2013_02_24,camera,ITF21,isernia,2,lega,104.0
523,2013_02_24,camera,ITF21,isernia,2,m5s,13129.0
524,2013_02_24,camera,ITF21,isernia,2,pd,11047.0
525,2013_02_24,camera,ITF21,isernia,2,rcv,1578.0
526,2013_02_24,camera,ITF21,isernia,2,scelta,4093.0
527,2013_02_24,camera,ITF21,isernia,2,sel,2367.0
528,2013_02_24,camera,ITF21,isernia,2,udc,892.0
529,2013_02_24,camera,ITF22,campobasso,0,eligible_voters,188699.0
530,2013_02_24,camera,ITF22,campobasso,1,issued_ballots,148459.0
531,2013_02_24,camera,ITF22,campobasso,2,cd,782.0
532,2013_02_24,camera,ITF22,campobasso,2,fli,1392.0
533,2013_02_24,camera,ITF22,campobasso,2,fdi,6839.0
534,2013_02_24,camera,ITF22,campobasso,2,fel,600.0
535,2013_02_24,camera,ITF22,campobasso,2,pdl,27860.0
536,2013_02_24,camera,ITF22,campobasso,2,ip,235.0
537,2013_02_24,camera,ITF22,campobasso,2,ld,1300.0
538,2013_02_24,camera,ITF22,campobasso,2,lega,239.0
539,2013_02_24,camera,ITF22,campobasso,2,m5s,38928.0
540,2013_02_24,camera,ITF22,campobasso,2,pd,31552.0
541,2013_02_24,camera,ITF22,campobasso,2,rcv,4817.0
542,2013_02_24,camera,ITF22,campobasso,2,scelta,11875.0
543,2013_02_24,camera,ITF22,campobasso,2,sel,8061.0
544,2013_02_24,camera,ITF22,campobasso,2,udc,2381.0
545,2013_02_24,camera,ITF31,caserta,0,eligible_voters,709216.0
546,2013_02_24,camera,ITF31,caserta,1,issued_ballots,487113.0
547,2013_02_24,camera,ITF31,caserta,2,cpi,622.0
548,2013_02_24,camera,ITF31,caserta,2,cd,1966.0
549,2013_02_24,camera,ITF31,caserta,2,fli,1439.0
550,2013_02_24,camera,ITF31,caserta,2,fn,1253.0
551,2013_02_24,camera,ITF31,caserta,2,fdi,8055.0
552,2013_02_24,camera,ITF31,caserta,2,fel,6882.0
553,2013_02_24,camera,ITF31,caserta,2,gs,10482.0
554,2013_02_24,camera,ITF31,caserta,2,pdl,149316.0
555,2013_02_24,camera,ITF31,caserta,2,ip,988.0
556,2013_02_24,camera,ITF31,caserta,2,iai,1433.0
557,2013_02_24,camera,ITF31,caserta,2,ld,2921.0
558,2013_02_24,camera,ITF31,caserta,2,lega,1717.0
559,2013_02_24,camera,ITF31,caserta,2,pli,2031.0
560,2013_02_24,camera,ITF31,caserta,2,agl,1921.0
561,2013_02_24,camera,ITF31,caserta,2,mir,1202.0
562,2013_02_24,camera,ITF31,caserta,2,m5s,99887.0
563,2013_02_24,camera,ITF31,caserta,2,pd,90113.0
564,2013_02_24,camera,ITF31,caserta,2,pp,2086.0
565,2013_02_24,camera,ITF31,caserta,2,rmi,698.0
566,2013_02_24,camera,ITF31,caserta,2,rcv,10437.0
567,2013_02_24,camera,ITF31,caserta,2,scelta,27502.0
568,2013_02_24,camera,ITF31,caserta,2,sel,12650.0
569,2013_02_24,camera,ITF31,caserta,2,udc,22929.0
570,2013_02_24,camera,ITF31,caserta,2,vdp,2694.0
571,2013_02_24,camera,ITF32,benevento,0,eligible_voters,233511.0
572,2013_02_24,camera,ITF32,benevento,1,issued_ballots,170591.0
573,2013_02_24,camera,ITF32,benevento,2,cpi,256.0
574,2013_02_24,camera,ITF32,benevento,2,cd,3787.0
575,2013_02_24,camera,ITF32,benevento,2,fli,530.0
576,2013_02_24,camera,ITF32,benevento,2,fn,560.0
577,2013_02_24,camera,ITF32,benevento,2,fdi,3483.0
578,2013_02_24,camera,ITF32,benevento,2,fel,1309.0
579,2013_02_24,camera,ITF32,benevento,2,gs,1374.0
580,2013_02_24,camera,ITF32,benevento,2,pdl,43467.0
581,2013_02_24,camera,ITF32,benevento,2,ip,1212.0
582,2013_02_24,camera,ITF32,benevento,2,iai,696.0
583,2013_02_24,camera,ITF32,benevento,2,ld,1149.0
584,2013_02_24,camera,ITF32,benevento,2,lega,787.0
585,2013_02_24,camera,ITF32,benevento,2,pli,617.0
586,2013_02_24,camera,ITF32,benevento,2,agl,514.0
587,2013_02_24,camera,ITF32,benevento,2,mir,818.0
588,2013_02_24,camera,ITF32,benevento,2,m5s,36002.0
589,2013_02_24,camera,ITF32,benevento,2,pd,37375.0
590,2013_02_24,camera,ITF32,benevento,2,pp,740.0
591,2013_02_24,camera,ITF32,benevento,2,rmi,187.0
592,2013_02_24,camera,ITF32,benevento,2,rcv,3842.0
593,2013_02_24,camera,ITF32,benevento,2,scelta,10006.0
594,2013_02_24,camera,ITF32,benevento,2,sel,5417.0
595,2013_02_24,camera,ITF32,benevento,2,udc,5681.0
596,2013_02_24,camera,ITF32,benevento,2,vdp,635.0
597,2013_02_24,camera,ITF33,napoli,0,eligible_voters,2418415.0
598,2013_02_24,camera,ITF33,napoli,1,issued_ballots,1565441.0
599,2013_02_24,camera,ITF33,napoli,2,cpi,2808.0
600,2013_02_24,camera,ITF33,napoli,2,cd,10084.0
601,2013_02_24,camera,ITF33,napoli,2,fli,3850.0
602,2013_02_24,camera,ITF33,napoli,2,ft,3971.0
603,2013_02_24,camera,ITF33,napoli,2,fn,1794.0
604,2013_02_24,camera,ITF33,napoli,2,fdi,31865.0
605,2013_02_24,camera,ITF33,napoli,2,fel,14831.0
606,2013_02_24,camera,ITF33,napoli,2,gs,22329.0
607,2013_02_24,camera,ITF33,napoli,2,pdl,450025.0
608,2013_02_24,camera,ITF33,napoli,2,ip,3537.0
609,2013_02_24,camera,ITF33,napoli,2,iai,2278.0
610,2013_02_24,camera,ITF33,napoli,2,ld,6260.0
611,2013_02_24,camera,ITF33,napoli,2,lega,3197.0
612,2013_02_24,camera,ITF33,napoli,2,pli,4886.0
613,2013_02_24,camera,ITF33,napoli,2,lie,3243.0
614,2013_02_24,camera,ITF33,napoli,2,agl,6945.0
615,2013_02_24,camera,ITF33,napoli,2,mir,7303.0
616,2013_02_24,camera,ITF33,napoli,2,m5s,349681.0
617,2013_02_24,camera,ITF33,napoli,2,pd,329542.0
618,2013_02_24,camera,ITF33,napoli,2,pp,8080.0
619,2013_02_24,camera,ITF33,napoli,2,rmi,1307.0
620,2013_02_24,camera,ITF33,napoli,2,rcv,44813.0
621,2013_02_24,camera,ITF33,napoli,2,scelta,98207.0
622,2013_02_24,camera,ITF33,napoli,2,sel,52085.0
623,2013_02_24,camera,ITF33,napoli,2,udc,38166.0
624,2013_02_24,camera,ITF33,napoli,2,vdp,6058.0
625,2013_02_24,camera,ITF34,avellino,0,eligible_voters,337252.0
626,2013_02_24,camera,ITF34,avellino,1,issued_ballots,246293.0
627,2013_02_24,camera,ITF34,avellino,2,cpi,402.0
628,2013_02_24,camera,ITF34,avellino,2,cd,536.0
629,2013_02_24,camera,ITF34,avellino,2,fli,1301.0
630,2013_02_24,camera,ITF34,avellino,2,fn,615.0
631,2013_02_24,camera,ITF34,avellino,2,fdi,2307.0
632,2013_02_24,camera,ITF34,avellino,2,fel,1468.0
633,2013_02_24,camera,ITF34,avellino,2,gs,3654.0
634,2013_02_24,camera,ITF34,avellino,2,pdl,48460.0
635,2013_02_24,camera,ITF34,avellino,2,ip,846.0
636,2013_02_24,camera,ITF34,avellino,2,iai,343.0
637,2013_02_24,camera,ITF34,avellino,2,ld,1382.0
638,2013_02_24,camera,ITF34,avellino,2,lega,1570.0
639,2013_02_24,camera,ITF34,avellino,2,pli,979.0
640,2013_02_24,camera,ITF34,avellino,2,agl,722.0
641,2013_02_24,camera,ITF34,avellino,2,mir,4243.0
642,2013_02_24,camera,ITF34,avellino,2,m5s,44962.0
643,2013_02_24,camera,ITF34,avellino,2,pd,57660.0
644,2013_02_24,camera,ITF34,avellino,2,pp,881.0
645,2013_02_24,camera,ITF34,avellino,2,rmi,270.0
646,2013_02_24,camera,ITF34,avellino,2,rcv,5432.0
647,2013_02_24,camera,ITF34,avellino,2,scelta,23608.0
648,2013_02_24,camera,ITF34,avellino,2,sel,9997.0
649,2013_02_24,camera,ITF34,avellino,2,udc,21112.0
650,2013_02_24,camera,ITF34,avellino,2,vdp,894.0
651,2013_02_24,camera,ITF35,salerno,0,eligible_voters,863614.0
652,2013_02_24,camera,ITF35,salerno,1,issued_ballots,625611.0
653,2013_02_24,camera,ITF35,salerno,2,cpi,1117.0
654,2013_02_24,camera,ITF35,salerno,2,cd,4032.0
655,2013_02_24,camera,ITF35,salerno,2,fli,2573.0
656,2013_02_24,camera,ITF35,salerno,2,fn,1390.0
657,2013_02_24,camera,ITF35,salerno,2,fdi,42680.0
658,2013_02_24,camera,ITF35,salerno,2,fel,4987.0
659,2013_02_24,camera,ITF35,salerno,2,gs,3188.0
660,2013_02_24,camera,ITF35,salerno,2,pdl,166618.0
661,2013_02_24,camera,ITF35,salerno,2,ip,665.0
662,2013_02_24,camera,ITF35,salerno,2,iai,1096.0
663,2013_02_24,camera,ITF35,salerno,2,ld,3420.0
664,2013_02_24,camera,ITF35,salerno,2,lega,1223.0
665,2013_02_24,camera,ITF35,salerno,2,pli,2231.0
666,2013_02_24,camera,ITF35,salerno,2,agl,2251.0
667,2013_02_24,camera,ITF35,salerno,2,mir,1995.0
668,2013_02_24,camera,ITF35,salerno,2,m5s,125662.0
669,2013_02_24,camera,ITF35,salerno,2,pd,134109.0
670,2013_02_24,camera,ITF35,salerno,2,pp,2858.0
671,2013_02_24,camera,ITF35,salerno,2,rmi,685.0
672,2013_02_24,camera,ITF35,salerno,2,rcv,12357.0
673,2013_02_24,camera,ITF35,salerno,2,scelta,39303.0
674,2013_02_24,camera,ITF35,salerno,2,sel,18718.0
675,2013_02_24,camera,ITF35,salerno,2,udc,19044.0
676,2013_02_24,camera,ITF35,salerno,2,vdp,2363.0
677,2013_02_24,camera,ITF43,taranto,0,eligible_voters,480788.0
678,2013_02_24,camera,ITF43,taranto,1,issued_ballots,326321.0
679,2013_02_24,camera,ITF43,taranto,2,cpi,431.0
680,2013_02_24,camera,ITF43,taranto,2,cd,3220.0
681,2013_02_24,camera,ITF43,taranto,2,fli,1159.0
682,2013_02_24,camera,ITF43,taranto,2,ft,637.0
683,2013_02_24,camera,ITF43,taranto,2,fn,603.0
684,2013_02_24,camera,ITF43,taranto,2,fdi,3599.0
685,2013_02_24,camera,ITF43,taranto,2,fel,1653.0
686,2013_02_24,camera,ITF43,taranto,2,gs,1150.0
687,2013_02_24,camera,ITF43,taranto,2,pdl,89714.0
688,2013_02_24,camera,ITF43,taranto,2,ip,708.0
689,2013_02_24,camera,ITF43,taranto,2,iai,393.0
690,2013_02_24,camera,ITF43,taranto,2,ld,1636.0
691,2013_02_24,camera,ITF43,taranto,2,lega,169.0
692,2013_02_24,camera,ITF43,taranto,2,agl,1239.0
693,2013_02_24,camera,ITF43,taranto,2,mir,604.0
694,2013_02_24,camera,ITF43,taranto,2,m5s,81191.0
695,2013_02_24,camera,ITF43,taranto,2,pcl,858.0
696,2013_02_24,camera,ITF43,taranto,2,pd,38170.0
697,2013_02_24,camera,ITF43,taranto,2,pac,465.0
698,2013_02_24,camera,ITF43,taranto,2,pp,1256.0
699,2013_02_24,camera,ITF43,taranto,2,ri,211.0
700,2013_02_24,camera,ITF43,taranto,2,rcv,12555.0
701,2013_02_24,camera,ITF43,taranto,2,scelta,23087.0
702,2013_02_24,camera,ITF43,taranto,2,sel,16752.0
703,2013_02_24,camera,ITF43,taranto,2,udc,6532.0
704,2013_02_24,camera,ITF44,brindisi,0,eligible_voters,327621.0
705,2013_02_24,camera,ITF44,brindisi,1,issued_ballots,227870.0
706,2013_02_24,camera,ITF44,brindisi,2,cpi,363.0
707,2013_02_24,camera,ITF44,brindisi,2,cd,864.0
708,2013_02_24,camera,ITF44,brindisi,2,fli,507.0
709,2013_02_24,camera,ITF44,brindisi,2,ft,728.0
710,2013_02_24,camera,ITF44,brindisi,2,fn,322.0
711,2013_02_24,camera,ITF44,brindisi,2,fdi,8550.0
712,2013_02_24,camera,ITF44,brindisi,2,fel,4264.0
713,2013_02_24,camera,ITF44,brindisi,2,gs,1155.0
714,2013_02_24,camera,ITF44,brindisi,2,pdl,63912.0
715,2013_02_24,camera,ITF44,brindisi,2,ip,139.0
716,2013_02_24,camera,ITF44,brindisi,2,iai,218.0
717,2013_02_24,camera,ITF44,brindisi,2,ld,1466.0
718,2013_02_24,camera,ITF44,brindisi,2,lega,122.0
719,2013_02_24,camera,ITF44,brindisi,2,agl,1109.0
720,2013_02_24,camera,ITF44,brindisi,2,mir,2123.0
721,2013_02_24,camera,ITF44,brindisi,2,m5s,48875.0
722,2013_02_24,camera,ITF44,brindisi,2,pcl,561.0
723,2013_02_24,camera,ITF44,brindisi,2,pd,31542.0
724,2013_02_24,camera,ITF44,brindisi,2,pac,252.0
725,2013_02_24,camera,ITF44,brindisi,2,pp,845.0
726,2013_02_24,camera,ITF44,brindisi,2,ri,202.0
727,2013_02_24,camera,ITF44,brindisi,2,rcv,4967.0
728,2013_02_24,camera,ITF44,brindisi,2,scelta,14602.0
729,2013_02_24,camera,ITF44,brindisi,2,sel,17233.0
730,2013_02_24,camera,ITF44,brindisi,2,udc,3572.0
731,2013_02_24,camera,ITF45,lecce,0,eligible_voters,653560.0
732,2013_02_24,camera,ITF45,lecce,1,issued_ballots,459278.0
733,2013_02_24,camera,ITF45,lecce,2,cpi,1507.0
734,2013_02_24,camera,ITF45,lecce,2,cd,5087.0
735,2013_02_24,camera,ITF45,lecce,2,fli,1248.0
736,2013_02_24,camera,ITF45,lecce,2,ft,1219.0
737,2013_02_24,camera,ITF45,lecce,2,fn,1215.0
738,2013_02_24,camera,ITF45,lecce,2,fdi,5093.0
739,2013_02_24,camera,ITF45,lecce,2,fel,1847.0
740,2013_02_24,camera,ITF45,lecce,2,gs,5980.0
741,2013_02_24,camera,ITF45,lecce,2,pdl,121868.0
742,2013_02_24,camera,ITF45,lecce,2,ip,562.0
743,2013_02_24,camera,ITF45,lecce,2,iai,653.0
744,2013_02_24,camera,ITF45,lecce,2,ld,1656.0
745,2013_02_24,camera,ITF45,lecce,2,lega,235.0
746,2013_02_24,camera,ITF45,lecce,2,agl,1824.0
747,2013_02_24,camera,ITF45,lecce,2,mir,5194.0
748,2013_02_24,camera,ITF45,lecce,2,m5s,108109.0
749,2013_02_24,camera,ITF45,lecce,2,pcl,1015.0
750,2013_02_24,camera,ITF45,lecce,2,pd,68594.0
751,2013_02_24,camera,ITF45,lecce,2,pac,735.0
752,2013_02_24,camera,ITF45,lecce,2,pp,1758.0
753,2013_02_24,camera,ITF45,lecce,2,ri,366.0
754,2013_02_24,camera,ITF45,lecce,2,rcv,9139.0
755,2013_02_24,camera,ITF45,lecce,2,scelta,33017.0
756,2013_02_24,camera,ITF45,lecce,2,sel,29893.0
757,2013_02_24,camera,ITF45,lecce,2,udc,11111.0
758,2013_02_24,camera,ITF46,foggia,0,eligible_voters,499232.0
759,2013_02_24,camera,ITF46,foggia,1,issued_ballots,340350.0
760,2013_02_24,camera,ITF46,foggia,2,cpi,448.0
761,2013_02_24,camera,ITF46,foggia,2,cd,3918.0
762,2013_02_24,camera,ITF46,foggia,2,fli,1124.0
763,2013_02_24,camera,ITF46,foggia,2,ft,583.0
764,2013_02_24,camera,ITF46,foggia,2,fn,933.0
765,2013_02_24,camera,ITF46,foggia,2,fdi,3233.0
766,2013_02_24,camera,ITF46,foggia,2,fel,2239.0
767,2013_02_24,camera,ITF46,foggia,2,gs,5222.0
768,2013_02_24,camera,ITF46,foggia,2,pdl,90264.0
769,2013_02_24,camera,ITF46,foggia,2,ip,295.0
770,2013_02_24,camera,ITF46,foggia,2,iai,438.0
771,2013_02_24,camera,ITF46,foggia,2,ld,3163.0
772,2013_02_24,camera,ITF46,foggia,2,lega,355.0
773,2013_02_24,camera,ITF46,foggia,2,agl,1401.0
774,2013_02_24,camera,ITF46,foggia,2,mir,314.0
775,2013_02_24,camera,ITF46,foggia,2,m5s,78904.0
776,2013_02_24,camera,ITF46,foggia,2,pcl,1060.0
777,2013_02_24,camera,ITF46,foggia,2,pd,58591.0
778,2013_02_24,camera,ITF46,foggia,2,pac,754.0
779,2013_02_24,camera,ITF46,foggia,2,pp,1325.0
780,2013_02_24,camera,ITF46,foggia,2,ri,146.0
781,2013_02_24,camera,ITF46,foggia,2,rcv,6896.0
782,2013_02_24,camera,ITF46,foggia,2,scelta,25586.0
783,2013_02_24,camera,ITF46,foggia,2,sel,18236.0
784,2013_02_24,camera,ITF46,foggia,2,udc,10642.0
785,2013_02_24,camera,ITF47,bari,0,eligible_voters,1018535.0
786,2013_02_24,camera,ITF47,bari,1,issued_ballots,730660.0
787,2013_02_24,camera,ITF47,bari,2,cpi,925.0
788,2013_02_24,camera,ITF47,bari,2,cd,16466.0
789,2013_02_24,camera,ITF47,bari,2,fli,3488.0
790,2013_02_24,camera,ITF47,bari,2,ft,1374.0
791,2013_02_24,camera,ITF47,bari,2,fn,1623.0
792,2013_02_24,camera,ITF47,bari,2,fdi,11961.0
793,2013_02_24,camera,ITF47,bari,2,fel,3061.0
794,2013_02_24,camera,ITF47,bari,2,gs,4349.0
795,2013_02_24,camera,ITF47,bari,2,pdl,202605.0
796,2013_02_24,camera,ITF47,bari,2,ip,364.0
797,2013_02_24,camera,ITF47,bari,2,iai,803.0
798,2013_02_24,camera,ITF47,bari,2,ld,2838.0
799,2013_02_24,camera,ITF47,bari,2,lega,476.0
800,2013_02_24,camera,ITF47,bari,2,agl,2470.0
801,2013_02_24,camera,ITF47,bari,2,mir,896.0
802,2013_02_24,camera,ITF47,bari,2,m5s,189395.0
803,2013_02_24,camera,ITF47,bari,2,pcl,1503.0
804,2013_02_24,camera,ITF47,bari,2,pd,117280.0
805,2013_02_24,camera,ITF47,bari,2,pac,438.0
806,2013_02_24,camera,ITF47,bari,2,pp,3102.0
807,2013_02_24,camera,ITF47,bari,2,ri,403.0
808,2013_02_24,camera,ITF47,bari,2,rcv,15603.0
809,2013_02_24,camera,ITF47,bari,2,scelta,57327.0
810,2013_02_24,camera,ITF47,bari,2,sel,50367.0
811,2013_02_24,camera,ITF47,bari,2,udc,11032.0
812,2013_02_24,camera,ITF48,barlettaandriatrani,0,eligible_voters,309592.0
813,2013_02_24,camera,ITF48,barlettaandriatrani,1,issued_ballots,216473.0
814,2013_02_24,camera,ITF48,barlettaandriatrani,2,cpi,284.0
815,2013_02_24,camera,ITF48,barlettaandriatrani,2,cd,2262.0
816,2013_02_24,camera,ITF48,barlettaandriatrani,2,fli,602.0
817,2013_02_24,camera,ITF48,barlettaandriatrani,2,ft,411.0
818,2013_02_24,camera,ITF48,barlettaandriatrani,2,fn,485.0
819,2013_02_24,camera,ITF48,barlettaandriatrani,2,fdi,1933.0
820,2013_02_24,camera,ITF48,barlettaandriatrani,2,fel,723.0
821,2013_02_24,camera,ITF48,barlettaandriatrani,2,gs,985.0
822,2013_02_24,camera,ITF48,barlettaandriatrani,2,pdl,68091.0
823,2013_02_24,camera,ITF48,barlettaandriatrani,2,ip,118.0
824,2013_02_24,camera,ITF48,barlettaandriatrani,2,iai,223.0
825,2013_02_24,camera,ITF48,barlettaandriatrani,2,ld,2992.0
826,2013_02_24,camera,ITF48,barlettaandriatrani,2,lega,98.0
827,2013_02_24,camera,ITF48,barlettaandriatrani,2,agl,844.0
828,2013_02_24,camera,ITF48,barlettaandriatrani,2,mir,190.0
829,2013_02_24,camera,ITF48,barlettaandriatrani,2,m5s,55346.0
830,2013_02_24,camera,ITF48,barlettaandriatrani,2,pcl,718.0
831,2013_02_24,camera,ITF48,barlettaandriatrani,2,pd,32722.0
832,2013_02_24,camera,ITF48,barlettaandriatrani,2,pac,754.0
833,2013_02_24,camera,ITF48,barlettaandriatrani,2,pp,844.0
834,2013_02_24,camera,ITF48,barlettaandriatrani,2,ri,78.0
835,2013_02_24,camera,ITF48,barlettaandriatrani,2,rcv,4590.0
836,2013_02_24,camera,ITF48,barlettaandriatrani,2,scelta,18508.0
837,2013_02_24,camera,ITF48,barlettaandriatrani,2,sel,11580.0
838,2013_02_24,camera,ITF48,barlettaandriatrani,2,udc,2497.0
839,2013_02_24,camera,ITF51,potenza,0,eligible_voters,313599.0
840,2013_02_24,camera,ITF51,potenza,1,issued_ballots,219350.0
841,2013_02_24,camera,ITF51,potenza,2,cd,4834.0
842,2013_02_24,camera,ITF51,potenza,2,fli,1425.0
843,2013_02_24,camera,ITF51,potenza,2,ft,646.0
844,2013_02_24,camera,ITF51,potenza,2,fdi,4946.0
845,2013_02_24,camera,ITF51,potenza,2,fel,1397.0
846,2013_02_24,camera,ITF51,potenza,2,gs,2490.0
847,2013_02_24,camera,ITF51,potenza,2,pdl,37320.0
848,2013_02_24,camera,ITF51,potenza,2,ip,1320.0
849,2013_02_24,camera,ITF51,potenza,2,iai,208.0
850,2013_02_24,camera,ITF51,potenza,2,ld,2014.0
851,2013_02_24,camera,ITF51,potenza,2,lega,302.0
852,2013_02_24,camera,ITF51,potenza,2,agl,972.0
853,2013_02_24,camera,ITF51,potenza,2,mir,553.0
854,2013_02_24,camera,ITF51,potenza,2,m5s,47556.0
855,2013_02_24,camera,ITF51,potenza,2,pcl,1270.0
856,2013_02_24,camera,ITF51,potenza,2,pd,55030.0
857,2013_02_24,camera,ITF51,potenza,2,pu,2657.0
858,2013_02_24,camera,ITF51,potenza,2,rcv,4533.0
859,2013_02_24,camera,ITF51,potenza,2,scelta,17050.0
860,2013_02_24,camera,ITF51,potenza,2,sel,11555.0
861,2013_02_24,camera,ITF51,potenza,2,udc,5768.0
862,2013_02_24,camera,ITF52,matera,0,eligible_voters,162421.0
863,2013_02_24,camera,ITF52,matera,1,issued_ballots,111462.0
864,2013_02_24,camera,ITF52,matera,2,cd,3172.0
865,2013_02_24,camera,ITF52,matera,2,fli,420.0
866,2013_02_24,camera,ITF52,matera,2,ft,555.0
867,2013_02_24,camera,ITF52,matera,2,fdi,2451.0
868,2013_02_24,camera,ITF52,matera,2,fel,995.0
869,2013_02_24,camera,ITF52,matera,2,gs,647.0
870,2013_02_24,camera,ITF52,matera,2,pdl,21854.0
871,2013_02_24,camera,ITF52,matera,2,ip,153.0
872,2013_02_24,camera,ITF52,matera,2,iai,17.0
873,2013_02_24,camera,ITF52,matera,2,ld,1315.0
874,2013_02_24,camera,ITF52,matera,2,lega,79.0
875,2013_02_24,camera,ITF52,matera,2,agl,336.0
876,2013_02_24,camera,ITF52,matera,2,mir,962.0
877,2013_02_24,camera,ITF52,matera,2,m5s,27702.0
878,2013_02_24,camera,ITF52,matera,2,pcl,450.0
879,2013_02_24,camera,ITF52,matera,2,pd,23124.0
880,2013_02_24,camera,ITF52,matera,2,pu,335.0
881,2013_02_24,camera,ITF52,matera,2,rcv,2849.0
882,2013_02_24,camera,ITF52,matera,2,scelta,7387.0
883,2013_02_24,camera,ITF52,matera,2,sel,5156.0
884,2013_02_24,camera,ITF52,matera,2,udc,2328.0
885,2013_02_24,camera,ITF61,cosenza,0,eligible_voters,519345.0
886,2013_02_24,camera,ITF61,cosenza,1,issued_ballots,341162.0
887,2013_02_24,camera,ITF61,cosenza,2,cpi,525.0
888,2013_02_24,camera,ITF61,cosenza,2,cd,4115.0
889,2013_02_24,camera,ITF61,cosenza,2,fli,954.0
890,2013_02_24,camera,ITF61,cosenza,2,ft,792.0
891,2013_02_24,camera,ITF61,cosenza,2,fn,866.0
892,2013_02_24,camera,ITF61,cosenza,2,fdi,2432.0
893,2013_02_24,camera,ITF61,cosenza,2,fel,1727.0
894,2013_02_24,camera,ITF61,cosenza,2,gs,5709.0
895,2013_02_24,camera,ITF61,cosenza,2,pdl,71533.0
896,2013_02_24,camera,ITF61,cosenza,2,ip,377.0
897,2013_02_24,camera,ITF61,cosenza,2,iai,556.0
898,2013_02_24,camera,ITF61,cosenza,2,ld,3197.0
899,2013_02_24,camera,ITF61,cosenza,2,lega,701.0
900,2013_02_24,camera,ITF61,cosenza,2,pli,704.0
901,2013_02_24,camera,ITF61,cosenza,2,agl,981.0
902,2013_02_24,camera,ITF61,cosenza,2,mir,2486.0
903,2013_02_24,camera,ITF61,cosenza,2,m5s,88040.0
904,2013_02_24,camera,ITF61,cosenza,2,pcl,1643.0
905,2013_02_24,camera,ITF61,cosenza,2,pd,70386.0
906,2013_02_24,camera,ITF61,cosenza,2,ri,1252.0
907,2013_02_24,camera,ITF61,cosenza,2,rcv,8746.0
908,2013_02_24,camera,ITF61,cosenza,2,scelta,18261.0
909,2013_02_24,camera,ITF61,cosenza,2,sel,9674.0
910,2013_02_24,camera,ITF61,cosenza,2,udc,14650.0
911,2013_02_24,camera,ITF62,crotone,0,eligible_voters,132808.0
912,2013_02_24,camera,ITF62,crotone,1,issued_ballots,80643.0
913,2013_02_24,camera,ITF62,crotone,2,cpi,104.0
914,2013_02_24,camera,ITF62,crotone,2,cd,1544.0
915,2013_02_24,camera,ITF62,crotone,2,fli,142.0
916,2013_02_24,camera,ITF62,crotone,2,ft,197.0
917,2013_02_24,camera,ITF62,crotone,2,fn,233.0
918,2013_02_24,camera,ITF62,crotone,2,fdi,1651.0
919,2013_02_24,camera,ITF62,crotone,2,fel,1130.0
920,2013_02_24,camera,ITF62,crotone,2,gs,1975.0
921,2013_02_24,camera,ITF62,crotone,2,pdl,16719.0
922,2013_02_24,camera,ITF62,crotone,2,ip,147.0
923,2013_02_24,camera,ITF62,crotone,2,iai,120.0
924,2013_02_24,camera,ITF62,crotone,2,ld,396.0
925,2013_02_24,camera,ITF62,crotone,2,lega,260.0
926,2013_02_24,camera,ITF62,crotone,2,pli,132.0
927,2013_02_24,camera,ITF62,crotone,2,agl,237.0
928,2013_02_24,camera,ITF62,crotone,2,mir,714.0
929,2013_02_24,camera,ITF62,crotone,2,m5s,19977.0
930,2013_02_24,camera,ITF62,crotone,2,pcl,346.0
931,2013_02_24,camera,ITF62,crotone,2,pd,17688.0
932,2013_02_24,camera,ITF62,crotone,2,ri,226.0
933,2013_02_24,camera,ITF62,crotone,2,rcv,3014.0
934,2013_02_24,camera,ITF62,crotone,2,scelta,4183.0
935,2013_02_24,camera,ITF62,crotone,2,sel,1924.0
936,2013_02_24,camera,ITF62,crotone,2,udc,2376.0
937,2013_02_24,camera,ITF63,catanzaro,0,eligible_voters,293399.0
938,2013_02_24,camera,ITF63,catanzaro,1,issued_ballots,191372.0
939,2013_02_24,camera,ITF63,catanzaro,2,cpi,546.0
940,2013_02_24,camera,ITF63,catanzaro,2,cd,4312.0
941,2013_02_24,camera,ITF63,catanzaro,2,fli,678.0
942,2013_02_24,camera,ITF63,catanzaro,2,ft,904.0
943,2013_02_24,camera,ITF63,catanzaro,2,fn,395.0
944,2013_02_24,camera,ITF63,catanzaro,2,fdi,2014.0
945,2013_02_24,camera,ITF63,catanzaro,2,fel,2201.0
946,2013_02_24,camera,ITF63,catanzaro,2,gs,6673.0
947,2013_02_24,camera,ITF63,catanzaro,2,pdl,44205.0
948,2013_02_24,camera,ITF63,catanzaro,2,ip,373.0
949,2013_02_24,camera,ITF63,catanzaro,2,iai,332.0
950,2013_02_24,camera,ITF63,catanzaro,2,ld,1192.0
951,2013_02_24,camera,ITF63,catanzaro,2,lega,316.0
952,2013_02_24,camera,ITF63,catanzaro,2,pli,302.0
953,2013_02_24,camera,ITF63,catanzaro,2,agl,543.0
954,2013_02_24,camera,ITF63,catanzaro,2,mir,433.0
955,2013_02_24,camera,ITF63,catanzaro,2,m5s,42610.0
956,2013_02_24,camera,ITF63,catanzaro,2,pcl,880.0
957,2013_02_24,camera,ITF63,catanzaro,2,pd,40084.0
958,2013_02_24,camera,ITF63,catanzaro,2,ri,1065.0
959,2013_02_24,camera,ITF63,catanzaro,2,rcv,4997.0
960,2013_02_24,camera,ITF63,catanzaro,2,scelta,9196.0
961,2013_02_24,camera,ITF63,catanzaro,2,sel,2500.0
962,2013_02_24,camera,ITF63,catanzaro,2,udc,9085.0
963,2013_02_24,camera,ITF64,vibo valentia,0,eligible_voters,130455.0
964,2013_02_24,camera,ITF64,vibo valentia,1,issued_ballots,83772.0
965,2013_02_24,camera,ITF64,vibo valentia,2,cpi,122.0
966,2013_02_24,camera,ITF64,vibo valentia,2,cd,899.0
967,2013_02_24,camera,ITF64,vibo valentia,2,fli,361.0
968,2013_02_24,camera,ITF64,vibo valentia,2,ft,240.0
969,2013_02_24,camera,ITF64,vibo valentia,2,fn,166.0
970,2013_02_24,camera,ITF64,vibo valentia,2,fdi,1604.0
971,2013_02_24,camera,ITF64,vibo valentia,2,fel,442.0
972,2013_02_24,camera,ITF64,vibo valentia,2,gs,3410.0
973,2013_02_24,camera,ITF64,vibo valentia,2,pdl,17723.0
974,2013_02_24,camera,ITF64,vibo valentia,2,ip,1299.0
975,2013_02_24,camera,ITF64,vibo valentia,2,iai,235.0
976,2013_02_24,camera,ITF64,vibo valentia,2,ld,514.0
977,2013_02_24,camera,ITF64,vibo valentia,2,lega,28.0
978,2013_02_24,camera,ITF64,vibo valentia,2,pli,196.0
979,2013_02_24,camera,ITF64,vibo valentia,2,agl,322.0
980,2013_02_24,camera,ITF64,vibo valentia,2,mir,239.0
981,2013_02_24,camera,ITF64,vibo valentia,2,m5s,13337.0
982,2013_02_24,camera,ITF64,vibo valentia,2,pcl,321.0
983,2013_02_24,camera,ITF64,vibo valentia,2,pd,21109.0
984,2013_02_24,camera,ITF64,vibo valentia,2,ri,359.0
985,2013_02_24,camera,ITF64,vibo valentia,2,rcv,1856.0
986,2013_02_24,camera,ITF64,vibo valentia,2,scelta,4157.0
987,2013_02_24,camera,ITF64,vibo valentia,2,sel,968.0
988,2013_02_24,camera,ITF64,vibo valentia,2,udc,5300.0
989,2013_02_24,camera,ITF65,reggio calabria,0,eligible_voters,432775.0
990,2013_02_24,camera,ITF65,reggio calabria,1,issued_ballots,258876.0
991,2013_02_24,camera,ITF65,reggio calabria,2,cpi,464.0
992,2013_02_24,camera,ITF65,reggio calabria,2,cd,3629.0
993,2013_02_24,camera,ITF65,reggio calabria,2,fli,959.0
994,2013_02_24,camera,ITF65,reggio calabria,2,ft,2079.0
995,2013_02_24,camera,ITF65,reggio calabria,2,fn,625.0
996,2013_02_24,camera,ITF65,reggio calabria,2,fdi,1316.0
997,2013_02_24,camera,ITF65,reggio calabria,2,fel,2527.0
998,2013_02_24,camera,ITF65,reggio calabria,2,gs,9577.0
999,2013_02_24,camera,ITF65,reggio calabria,2,pdl,64576.0
1000,2013_02_24,camera,ITF65,reggio calabria,2,ip,793.0
1001,2013_02_24,camera,ITF65,reggio calabria,2,iai,1244.0
1002,2013_02_24,camera,ITF65,reggio calabria,2,ld,494.0
1003,2013_02_24,camera,ITF65,reggio calabria,2,lega,342.0
1004,2013_02_24,camera,ITF65,reggio calabria,2,pli,562.0
1005,2013_02_24,camera,ITF65,reggio calabria,2,agl,2407.0
1006,2013_02_24,camera,ITF65,reggio calabria,2,mir,1274.0
1007,2013_02_24,camera,ITF65,reggio calabria,2,m5s,54578.0
1008,2013_02_24,camera,ITF65,reggio calabria,2,pcl,1345.0
1009,2013_02_24,camera,ITF65,reggio calabria,2,pd,52601.0
1010,2013_02_24,camera,ITF65,reggio calabria,2,ri,1623.0
1011,2013_02_24,camera,ITF65,reggio calabria,2,rcv,7823.0
1012,2013_02_24,camera,ITF65,reggio calabria,2,scelta,13486.0
1013,2013_02_24,camera,ITF65,reggio calabria,2,sel,1918.0
1014,2013_02_24,camera,ITF65,reggio calabria,2,udc,5719.0
1015,2013_02_24,camera,ITG11,trapani,0,eligible_voters,345087.0
1016,2013_02_24,camera,ITG11,trapani,1,issued_ballots,224867.0
1017,2013_02_24,camera,ITG11,trapani,2,cd,553.0
1018,2013_02_24,camera,ITG11,trapani,2,fli,542.0
1019,2013_02_24,camera,ITG11,trapani,2,fn,433.0
1020,2013_02_24,camera,ITG11,trapani,2,fdi,1880.0
1021,2013_02_24,camera,ITG11,trapani,2,fel,1087.0
1022,2013_02_24,camera,ITG11,trapani,2,gs,831.0
1023,2013_02_24,camera,ITG11,trapani,2,pdl,53477.0
1024,2013_02_24,camera,ITG11,trapani,2,ld,1114.0
1025,2013_02_24,camera,ITG11,trapani,2,lega,283.0
1026,2013_02_24,camera,ITG11,trapani,2,pli,713.0
1027,2013_02_24,camera,ITG11,trapani,2,agl,1132.0
1028,2013_02_24,camera,ITG11,trapani,2,mir,3811.0
1029,2013_02_24,camera,ITG11,trapani,2,m5s,86440.0
1030,2013_02_24,camera,ITG11,trapani,2,pd,34495.0
1031,2013_02_24,camera,ITG11,trapani,2,rcv,6071.0
1032,2013_02_24,camera,ITG11,trapani,2,scelta,10071.0
1033,2013_02_24,camera,ITG11,trapani,2,sel,4634.0
1034,2013_02_24,camera,ITG11,trapani,2,udc,4642.0
1035,2013_02_24,camera,ITG12,palermo,0,eligible_voters,1022704.0
1036,2013_02_24,camera,ITG12,palermo,1,issued_ballots,640235.0
1037,2013_02_24,camera,ITG12,palermo,2,cd,4682.0
1038,2013_02_24,camera,ITG12,palermo,2,fli,2127.0
1039,2013_02_24,camera,ITG12,palermo,2,fn,901.0
1040,2013_02_24,camera,ITG12,palermo,2,fdi,9742.0
1041,2013_02_24,camera,ITG12,palermo,2,fel,3847.0
1042,2013_02_24,camera,ITG12,palermo,2,gs,10445.0
1043,2013_02_24,camera,ITG12,palermo,2,pdl,170374.0
1044,2013_02_24,camera,ITG12,palermo,2,ld,3601.0
1045,2013_02_24,camera,ITG12,palermo,2,lega,1330.0
1046,2013_02_24,camera,ITG12,palermo,2,pli,1922.0
1047,2013_02_24,camera,ITG12,palermo,2,agl,3183.0
1048,2013_02_24,camera,ITG12,palermo,2,mir,3115.0
1049,2013_02_24,camera,ITG12,palermo,2,m5s,194182.0
1050,2013_02_24,camera,ITG12,palermo,2,pd,115001.0
1051,2013_02_24,camera,ITG12,palermo,2,rcv,27439.0
1052,2013_02_24,camera,ITG12,palermo,2,scelta,33231.0
1053,2013_02_24,camera,ITG12,palermo,2,sel,13452.0
1054,2013_02_24,camera,ITG12,palermo,2,udc,14697.0
1055,2013_02_24,camera,ITG13,messina,0,eligible_voters,521090.0
1056,2013_02_24,camera,ITG13,messina,1,issued_ballots,344788.0
1057,2013_02_24,camera,ITG13,messina,2,cd,5338.0
1058,2013_02_24,camera,ITG13,messina,2,fli,1108.0
1059,2013_02_24,camera,ITG13,messina,2,ft,675.0
1060,2013_02_24,camera,ITG13,messina,2,fn,857.0
1061,2013_02_24,camera,ITG13,messina,2,fdi,4377.0
1062,2013_02_24,camera,ITG13,messina,2,fel,3261.0
1063,2013_02_24,camera,ITG13,messina,2,gs,4239.0
1064,2013_02_24,camera,ITG13,messina,2,pdl,90336.0
1065,2013_02_24,camera,ITG13,messina,2,ips,15.0
1066,2013_02_24,camera,ITG13,messina,2,ld,2583.0
1067,2013_02_24,camera,ITG13,messina,2,lega,743.0
1068,2013_02_24,camera,ITG13,messina,2,pli,1594.0
1069,2013_02_24,camera,ITG13,messina,2,agl,1459.0
1070,2013_02_24,camera,ITG13,messina,2,meris,8.0
1071,2013_02_24,camera,ITG13,messina,2,mir,800.0
1072,2013_02_24,camera,ITG13,messina,2,m5s,59600.0
1073,2013_02_24,camera,ITG13,messina,2,mpi,661.0
1074,2013_02_24,camera,ITG13,messina,2,pcl,908.0
1075,2013_02_24,camera,ITG13,messina,2,pd,71395.0
1076,2013_02_24,camera,ITG13,messina,2,pp,11.0
1077,2013_02_24,camera,ITG13,messina,2,pri,222.0
1078,2013_02_24,camera,ITG13,messina,2,psdaz,100.0
1079,2013_02_24,camera,ITG13,messina,2,rcv,9636.0
1080,2013_02_24,camera,ITG13,messina,2,scelta,18133.0
1081,2013_02_24,camera,ITG13,messina,2,sel,8250.0
1082,2013_02_24,camera,ITG13,messina,2,udc,14814.0
1083,2013_02_24,camera,ITG14,agrigento,0,eligible_voters,360349.0
1084,2013_02_24,camera,ITG14,agrigento,1,issued_ballots,222530.0
1085,2013_02_24,camera,ITG14,agrigento,2,cd,797.0
1086,2013_02_24,camera,ITG14,agrigento,2,fli,635.0
1087,2013_02_24,camera,ITG14,agrigento,2,fn,423.0
1088,2013_02_24,camera,ITG14,agrigento,2,fdi,2548.0
1089,2013_02_24,camera,ITG14,agrigento,2,fel,1042.0
1090,2013_02_24,camera,ITG14,agrigento,2,gs,3952.0
1091,2013_02_24,camera,ITG14,agrigento,2,pdl,50607.0
1092,2013_02_24,camera,ITG14,agrigento,2,ld,1238.0
1093,2013_02_24,camera,ITG14,agrigento,2,lega,192.0
1094,2013_02_24,camera,ITG14,agrigento,2,pli,684.0
1095,2013_02_24,camera,ITG14,agrigento,2,agl,1151.0
1096,2013_02_24,camera,ITG14,agrigento,2,mir,606.0
1097,2013_02_24,camera,ITG14,agrigento,2,m5s,75590.0
1098,2013_02_24,camera,ITG14,agrigento,2,pd,44051.0
1099,2013_02_24,camera,ITG14,agrigento,2,rcv,4893.0
1100,2013_02_24,camera,ITG14,agrigento,2,scelta,10311.0
1101,2013_02_24,camera,ITG14,agrigento,2,sel,3909.0
1102,2013_02_24,camera,ITG14,agrigento,2,udc,6047.0
1103,2013_02_24,camera,ITG15,caltanissetta,0,eligible_voters,219175.0
1104,2013_02_24,camera,ITG15,caltanissetta,1,issued_ballots,136198.0
1105,2013_02_24,camera,ITG15,caltanissetta,2,cd,515.0
1106,2013_02_24,camera,ITG15,caltanissetta,2,fli,381.0
1107,2013_02_24,camera,ITG15,caltanissetta,2,fn,252.0
1108,2013_02_24,camera,ITG15,caltanissetta,2,fdi,1110.0
1109,2013_02_24,camera,ITG15,caltanissetta,2,fel,746.0
1110,2013_02_24,camera,ITG15,caltanissetta,2,gs,2012.0
1111,2013_02_24,camera,ITG15,caltanissetta,2,pdl,31705.0
1112,2013_02_24,camera,ITG15,caltanissetta,2,ld,573.0
1113,2013_02_24,camera,ITG15,caltanissetta,2,lega,188.0
1114,2013_02_24,camera,ITG15,caltanissetta,2,pli,378.0
1115,2013_02_24,camera,ITG15,caltanissetta,2,agl,586.0
1116,2013_02_24,camera,ITG15,caltanissetta,2,mir,352.0
1117,2013_02_24,camera,ITG15,caltanissetta,2,m5s,47642.0
1118,2013_02_24,camera,ITG15,caltanissetta,2,pd,24711.0
1119,2013_02_24,camera,ITG15,caltanissetta,2,rcv,3869.0
1120,2013_02_24,camera,ITG15,caltanissetta,2,scelta,6885.0
1121,2013_02_24,camera,ITG15,caltanissetta,2,sel,2095.0
1122,2013_02_24,camera,ITG15,caltanissetta,2,udc,6126.0
1123,2013_02_24,camera,ITG16,enna,0,eligible_voters,141147.0
1124,2013_02_24,camera,ITG16,enna,1,issued_ballots,94667.0
1125,2013_02_24,camera,ITG16,enna,2,cd,689.0
1126,2013_02_24,camera,ITG16,enna,2,fli,439.0
1127,2013_02_24,camera,ITG16,enna,2,ft,187.0
1128,2013_02_24,camera,ITG16,enna,2,fn,373.0
1129,2013_02_24,camera,ITG16,enna,2,fdi,1472.0
1130,2013_02_24,camera,ITG16,enna,2,fel,584.0
1131,2013_02_24,camera,ITG16,enna,2,gs,2729.0
1132,2013_02_24,camera,ITG16,enna,2,pdl,19206.0
1133,2013_02_24,camera,ITG16,enna,2,ld,563.0
1134,2013_02_24,camera,ITG16,enna,2,lega,384.0
1135,2013_02_24,camera,ITG16,enna,2,pli,163.0
1136,2013_02_24,camera,ITG16,enna,2,agl,357.0
1137,2013_02_24,camera,ITG16,enna,2,mir,717.0
1138,2013_02_24,camera,ITG16,enna,2,m5s,23700.0
1139,2013_02_24,camera,ITG16,enna,2,mpi,108.0
1140,2013_02_24,camera,ITG16,enna,2,pcl,273.0
1141,2013_02_24,camera,ITG16,enna,2,pd,19959.0
1142,2013_02_24,camera,ITG16,enna,2,pri,46.0
1143,2013_02_24,camera,ITG16,enna,2,rcv,3482.0
1144,2013_02_24,camera,ITG16,enna,2,scelta,6075.0
1145,2013_02_24,camera,ITG16,enna,2,sel,1748.0
1146,2013_02_24,camera,ITG16,enna,2,udc,2403.0
1147,2013_02_24,camera,ITG17,catania,0,eligible_voters,888390.0
1148,2013_02_24,camera,ITG17,catania,1,issued_ballots,587372.0
1149,2013_02_24,camera,ITG17,catania,2,cd,2986.0
1150,2013_02_24,camera,ITG17,catania,2,fli,2821.0
1151,2013_02_24,camera,ITG17,catania,2,ft,1347.0
1152,2013_02_24,camera,ITG17,catania,2,fn,1374.0
1153,2013_02_24,camera,ITG17,catania,2,fdi,13178.0
1154,2013_02_24,camera,ITG17,catania,2,fel,1901.0
1155,2013_02_24,camera,ITG17,catania,2,gs,12442.0
1156,2013_02_24,camera,ITG17,catania,2,pdl,169051.0
1157,2013_02_24,camera,ITG17,catania,2,ld,5423.0
1158,2013_02_24,camera,ITG17,catania,2,lega,895.0
1159,2013_02_24,camera,ITG17,catania,2,pli,1268.0
1160,2013_02_24,camera,ITG17,catania,2,agl,2694.0
1161,2013_02_24,camera,ITG17,catania,2,mir,1576.0
1162,2013_02_24,camera,ITG17,catania,2,m5s,180609.0
1163,2013_02_24,camera,ITG17,catania,2,mpi,566.0
1164,2013_02_24,camera,ITG17,catania,2,pcl,1249.0
1165,2013_02_24,camera,ITG17,catania,2,pd,85074.0
1166,2013_02_24,camera,ITG17,catania,2,pri,411.0
1167,2013_02_24,camera,ITG17,catania,2,rcv,17293.0
1168,2013_02_24,camera,ITG17,catania,2,scelta,25093.0
1169,2013_02_24,camera,ITG17,catania,2,sel,10002.0
1170,2013_02_24,camera,ITG17,catania,2,udc,16726.0
1171,2013_02_24,camera,ITG18,ragusa,0,eligible_voters,243265.0
1172,2013_02_24,camera,ITG18,ragusa,1,issued_ballots,166443.0
1173,2013_02_24,camera,ITG18,ragusa,2,cd,756.0
1174,2013_02_24,camera,ITG18,ragusa,2,fli,388.0
1175,2013_02_24,camera,ITG18,ragusa,2,ft,250.0
1176,2013_02_24,camera,ITG18,ragusa,2,fn,338.0
1177,2013_02_24,camera,ITG18,ragusa,2,fdi,2750.0
1178,2013_02_24,camera,ITG18,ragusa,2,fel,739.0
1179,2013_02_24,camera,ITG18,ragusa,2,gs,1434.0
1180,2013_02_24,camera,ITG18,ragusa,2,pdl,35304.0
1181,2013_02_24,camera,ITG18,ragusa,2,ld,1123.0
1182,2013_02_24,camera,ITG18,ragusa,2,lega,159.0
1183,2013_02_24,camera,ITG18,ragusa,2,pli,363.0
1184,2013_02_24,camera,ITG18,ragusa,2,agl,617.0
1185,2013_02_24,camera,ITG18,ragusa,2,mir,432.0
1186,2013_02_24,camera,ITG18,ragusa,2,m5s,58227.0
1187,2013_02_24,camera,ITG18,ragusa,2,mpi,153.0
1188,2013_02_24,camera,ITG18,ragusa,2,pcl,482.0
1189,2013_02_24,camera,ITG18,ragusa,2,pd,30480.0
1190,2013_02_24,camera,ITG18,ragusa,2,pri,487.0
1191,2013_02_24,camera,ITG18,ragusa,2,rcv,4702.0
1192,2013_02_24,camera,ITG18,ragusa,2,scelta,9590.0
1193,2013_02_24,camera,ITG18,ragusa,2,sel,3042.0
1194,2013_02_24,camera,ITG18,ragusa,2,udc,2707.0
1195,2013_02_24,camera,ITG19,siracusa,0,eligible_voters,325865.0
1196,2013_02_24,camera,ITG19,siracusa,1,issued_ballots,209478.0
1197,2013_02_24,camera,ITG19,siracusa,2,cd,2673.0
1198,2013_02_24,camera,ITG19,siracusa,2,fli,588.0
1199,2013_02_24,camera,ITG19,siracusa,2,ft,407.0
1200,2013_02_24,camera,ITG19,siracusa,2,fn,289.0
1201,2013_02_24,camera,ITG19,siracusa,2,fdi,1982.0
1202,2013_02_24,camera,ITG19,siracusa,2,fel,1616.0
1203,2013_02_24,camera,ITG19,siracusa,2,gs,4234.0
1204,2013_02_24,camera,ITG19,siracusa,2,pdl,44152.0
1205,2013_02_24,camera,ITG19,siracusa,2,ld,1249.0
1206,2013_02_24,camera,ITG19,siracusa,2,lega,591.0
1207,2013_02_24,camera,ITG19,siracusa,2,pli,466.0
1208,2013_02_24,camera,ITG19,siracusa,2,agl,803.0
1209,2013_02_24,camera,ITG19,siracusa,2,mir,1066.0
1210,2013_02_24,camera,ITG19,siracusa,2,m5s,74664.0
1211,2013_02_24,camera,ITG19,siracusa,2,mpi,392.0
1212,2013_02_24,camera,ITG19,siracusa,2,pcl,579.0
1213,2013_02_24,camera,ITG19,siracusa,2,pd,41740.0
1214,2013_02_24,camera,ITG19,siracusa,2,pri,392.0
1215,2013_02_24,camera,ITG19,siracusa,2,rcv,7049.0
1216,2013_02_24,camera,ITG19,siracusa,2,scelta,9691.0
1217,2013_02_24,camera,ITG19,siracusa,2,sel,4436.0
1218,2013_02_24,camera,ITG19,siracusa,2,udc,2605.0
1219,2013_02_24,camera,ITG2D,sassari,0,eligible_voters,405202.0
1220,2013_02_24,camera,ITG2D,sassari,1,issued_ballots,274829.0
1221,2013_02_24,camera,ITG2D,sassari,2,cd,518.0
1222,2013_02_24,camera,ITG2D,sassari,2,fli,1075.0
1223,2013_02_24,camera,ITG2D,sassari,2,fn,270.0
1224,2013_02_24,camera,ITG2D,sassari,2,fdi,3556.0
1225,2013_02_24,camera,ITG2D,sassari,2,fel,1663.0
1226,2013_02_24,camera,ITG2D,sassari,2,gs,2418.0
1227,2013_02_24,camera,ITG2D,sassari,2,pdl,55055.0
1228,2013_02_24,camera,ITG2D,sassari,2,ips,1990.0
1229,2013_02_24,camera,ITG2D,sassari,2,ld,979.0
1230,2013_02_24,camera,ITG2D,sassari,2,lega,349.0
1231,2013_02_24,camera,ITG2D,sassari,2,pli,700.0
1232,2013_02_24,camera,ITG2D,sassari,2,agl,619.0
1233,2013_02_24,camera,ITG2D,sassari,2,meris,518.0
1234,2013_02_24,camera,ITG2D,sassari,2,mir,460.0
1235,2013_02_24,camera,ITG2D,sassari,2,m5s,78790.0
1236,2013_02_24,camera,ITG2D,sassari,2,pcl,883.0
1237,2013_02_24,camera,ITG2D,sassari,2,pd,69651.0
1238,2013_02_24,camera,ITG2D,sassari,2,pp,1251.0
1239,2013_02_24,camera,ITG2D,sassari,2,psdaz,6720.0
1240,2013_02_24,camera,ITG2D,sassari,2,rcv,3511.0
1241,2013_02_24,camera,ITG2D,sassari,2,scelta,15388.0
1242,2013_02_24,camera,ITG2D,sassari,2,sel,8192.0
1243,2013_02_24,camera,ITG2D,sassari,2,udc,8922.0
1244,2013_02_24,camera,ITG2E,nuoro,0,eligible_voters,179056.0
1245,2013_02_24,camera,ITG2E,nuoro,1,issued_ballots,118341.0
1246,2013_02_24,camera,ITG2E,nuoro,2,cd,2543.0
1247,2013_02_24,camera,ITG2E,nuoro,2,fli,285.0
1248,2013_02_24,camera,ITG2E,nuoro,2,fn,209.0
1249,2013_02_24,camera,ITG2E,nuoro,2,fdi,2127.0
1250,2013_02_24,camera,ITG2E,nuoro,2,fel,675.0
1251,2013_02_24,camera,ITG2E,nuoro,2,gs,358.0
1252,2013_02_24,camera,ITG2E,nuoro,2,pdl,19181.0
1253,2013_02_24,camera,ITG2E,nuoro,2,ips,1162.0
1254,2013_02_24,camera,ITG2E,nuoro,2,ld,640.0
1255,2013_02_24,camera,ITG2E,nuoro,2,lega,130.0
1256,2013_02_24,camera,ITG2E,nuoro,2,pli,329.0
1257,2013_02_24,camera,ITG2E,nuoro,2,agl,289.0
1258,2013_02_24,camera,ITG2E,nuoro,2,meris,332.0
1259,2013_02_24,camera,ITG2E,nuoro,2,mir,136.0
1260,2013_02_24,camera,ITG2E,nuoro,2,m5s,28535.0
1261,2013_02_24,camera,ITG2E,nuoro,2,pcl,420.0
1262,2013_02_24,camera,ITG2E,nuoro,2,pd,34745.0
1263,2013_02_24,camera,ITG2E,nuoro,2,pp,539.0
1264,2013_02_24,camera,ITG2E,nuoro,2,psdaz,3357.0
1265,2013_02_24,camera,ITG2E,nuoro,2,rcv,2847.0
1266,2013_02_24,camera,ITG2E,nuoro,2,scelta,7069.0
1267,2013_02_24,camera,ITG2E,nuoro,2,sel,4744.0
1268,2013_02_24,camera,ITG2E,nuoro,2,udc,2825.0
1269,2013_02_24,camera,ITG2F,cagliari,0,eligible_voters,359408.0
1270,2013_02_24,camera,ITG2F,cagliari,1,issued_ballots,254031.0
1271,2013_02_24,camera,ITG2F,cagliari,2,cd,780.0
1272,2013_02_24,camera,ITG2F,cagliari,2,fli,1598.0
1273,2013_02_24,camera,ITG2F,cagliari,2,fn,393.0
1274,2013_02_24,camera,ITG2F,cagliari,2,fdi,5326.0
1275,2013_02_24,camera,ITG2F,cagliari,2,fel,1530.0
1276,2013_02_24,camera,ITG2F,cagliari,2,gs,364.0
1277,2013_02_24,camera,ITG2F,cagliari,2,pdl,55281.0
1278,2013_02_24,camera,ITG2F,cagliari,2,ips,1642.0
1279,2013_02_24,camera,ITG2F,cagliari,2,ld,780.0
1280,2013_02_24,camera,ITG2F,cagliari,2,lega,187.0
1281,2013_02_24,camera,ITG2F,cagliari,2,pli,728.0
1282,2013_02_24,camera,ITG2F,cagliari,2,agl,619.0
1283,2013_02_24,camera,ITG2F,cagliari,2,meris,803.0
1284,2013_02_24,camera,ITG2F,cagliari,2,mir,322.0
1285,2013_02_24,camera,ITG2F,cagliari,2,m5s,80900.0
1286,2013_02_24,camera,ITG2F,cagliari,2,pcl,725.0
1287,2013_02_24,camera,ITG2F,cagliari,2,pd,56318.0
1288,2013_02_24,camera,ITG2F,cagliari,2,pp,838.0
1289,2013_02_24,camera,ITG2F,cagliari,2,psdaz,2696.0
1290,2013_02_24,camera,ITG2F,cagliari,2,rcv,4263.0
1291,2013_02_24,camera,ITG2F,cagliari,2,scelta,15394.0
1292,2013_02_24,camera,ITG2F,cagliari,2,sel,11202.0
1293,2013_02_24,camera,ITG2F,cagliari,2,udc,3807.0
1294,2013_02_24,camera,ITG2G,oristano,0,eligible_voters,139023.0
1295,2013_02_24,camera,ITG2G,oristano,1,issued_ballots,91775.0
1296,2013_02_24,camera,ITG2G,oristano,2,cd,227.0
1297,2013_02_24,camera,ITG2G,oristano,2,fli,292.0
1298,2013_02_24,camera,ITG2G,oristano,2,fn,136.0
1299,2013_02_24,camera,ITG2G,oristano,2,fdi,1348.0
1300,2013_02_24,camera,ITG2G,oristano,2,fel,515.0
1301,2013_02_24,camera,ITG2G,oristano,2,gs,431.0
1302,2013_02_24,camera,ITG2G,oristano,2,pdl,19751.0
1303,2013_02_24,camera,ITG2G,oristano,2,ips,784.0
1304,2013_02_24,camera,ITG2G,oristano,2,ld,284.0
1305,2013_02_24,camera,ITG2G,oristano,2,lega,451.0
1306,2013_02_24,camera,ITG2G,oristano,2,pli,276.0
1307,2013_02_24,camera,ITG2G,oristano,2,agl,208.0
1308,2013_02_24,camera,ITG2G,oristano,2,meris,660.0
1309,2013_02_24,camera,ITG2G,oristano,2,mir,57.0
1310,2013_02_24,camera,ITG2G,oristano,2,m5s,24641.0
1311,2013_02_24,camera,ITG2G,oristano,2,pcl,300.0
1312,2013_02_24,camera,ITG2G,oristano,2,pd,21507.0
1313,2013_02_24,camera,ITG2G,oristano,2,pp,491.0
1314,2013_02_24,camera,ITG2G,oristano,2,psdaz,1866.0
1315,2013_02_24,camera,ITG2G,oristano,2,rcv,700.0
1316,2013_02_24,camera,ITG2G,oristano,2,scelta,7074.0
1317,2013_02_24,camera,ITG2G,oristano,2,sel,2678.0
1318,2013_02_24,camera,ITG2G,oristano,2,udc,2534.0
1319,2013_02_24,camera,ITG2H,sud sardegna,0,eligible_voters,308826.0
1320,2013_02_24,camera,ITG2H,sud sardegna,1,issued_ballots,211670.0
1321,2013_02_24,camera,ITG2H,sud sardegna,2,cd,595.0
1322,2013_02_24,camera,ITG2H,sud sardegna,2,fli,871.0
1323,2013_02_24,camera,ITG2H,sud sardegna,2,fn,374.0
1324,2013_02_24,camera,ITG2H,sud sardegna,2,fdi,3876.0
1325,2013_02_24,camera,ITG2H,sud sardegna,2,fel,1172.0
1326,2013_02_24,camera,ITG2H,sud sardegna,2,gs,193.0
1327,2013_02_24,camera,ITG2H,sud sardegna,2,pdl,39212.0
1328,2013_02_24,camera,ITG2H,sud sardegna,2,ips,2020.0
1329,2013_02_24,camera,ITG2H,sud sardegna,2,ld,663.0
1330,2013_02_24,camera,ITG2H,sud sardegna,2,lega,210.0
1331,2013_02_24,camera,ITG2H,sud sardegna,2,pli,676.0
1332,2013_02_24,camera,ITG2H,sud sardegna,2,agl,362.0
1333,2013_02_24,camera,ITG2H,sud sardegna,2,meris,3588.0
1334,2013_02_24,camera,ITG2H,sud sardegna,2,mir,540.0
1335,2013_02_24,camera,ITG2H,sud sardegna,2,m5s,61968.0
1336,2013_02_24,camera,ITG2H,sud sardegna,2,pcl,1140.0
1337,2013_02_24,camera,ITG2H,sud sardegna,2,pd,50674.0
1338,2013_02_24,camera,ITG2H,sud sardegna,2,pp,996.0
1339,2013_02_24,camera,ITG2H,sud sardegna,2,psdaz,3946.0
1340,2013_02_24,camera,ITG2H,sud sardegna,2,rcv,6240.0
1341,2013_02_24,camera,ITG2H,sud sardegna,2,scelta,11065.0
1342,2013_02_24,camera,ITG2H,sud sardegna,2,sel,7263.0
1343,2013_02_24,camera,ITG2H,sud sardegna,2,udc,7610.0
1344,2013_02_24,camera,ITH10,bolzano,0,eligible_voters,372368.0
1345,2013_02_24,camera,ITH10,bolzano,1,issued_ballots,305535.0
1346,2013_02_24,camera,ITH10,bolzano,2,cpi,1575.0
1347,2013_02_24,camera,ITH10,bolzano,2,df,46950.0
1348,2013_02_24,camera,ITH10,bolzano,2,fli,1268.0
1349,2013_02_24,camera,ITH10,bolzano,2,pdl,19664.0
1350,2013_02_24,camera,ITH10,bolzano,2,ld,1194.0
1351,2013_02_24,camera,ITH10,bolzano,2,lega,2757.0
1352,2013_02_24,camera,ITH10,bolzano,2,mir,279.0
1353,2013_02_24,camera,ITH10,bolzano,2,m5s,24443.0
1354,2013_02_24,camera,ITH10,bolzano,2,pd,27993.0
1355,2013_02_24,camera,ITH10,bolzano,2,rcv,2756.0
1356,2013_02_24,camera,ITH10,bolzano,2,scelta,19102.0
1357,2013_02_24,camera,ITH10,bolzano,2,sel,15393.0
1358,2013_02_24,camera,ITH10,bolzano,2,svp,129940.0
1359,2013_02_24,camera,ITH10,bolzano,2,udc,1215.0
1360,2013_02_24,camera,ITH20,trento,0,eligible_voters,346489.0
1361,2013_02_24,camera,ITH20,trento,1,issued_ballots,276863.0
1362,2013_02_24,camera,ITH20,trento,2,cpi,906.0
1363,2013_02_24,camera,ITH20,trento,2,cd,2.0
1364,2013_02_24,camera,ITH20,trento,2,df,548.0
1365,2013_02_24,camera,ITH20,trento,2,fli,4483.0
1366,2013_02_24,camera,ITH20,trento,2,fn,2.0
1367,2013_02_24,camera,ITH20,trento,2,fdi,17.0
1368,2013_02_24,camera,ITH20,trento,2,fel,1.0
1369,2013_02_24,camera,ITH20,trento,2,pdl,39897.0
1370,2013_02_24,camera,ITH20,trento,2,ld,1686.0
1371,2013_02_24,camera,ITH20,trento,2,lega,19010.0
1372,2013_02_24,camera,ITH20,trento,2,mir,1172.0
1373,2013_02_24,camera,ITH20,trento,2,m5s,55960.0
1374,2013_02_24,camera,ITH20,trento,2,ppa,0.0
1375,2013_02_24,camera,ITH20,trento,2,pd,64544.0
1376,2013_02_24,camera,ITH20,trento,2,rcv,5411.0
1377,2013_02_24,camera,ITH20,trento,2,scelta,50729.0
1378,2013_02_24,camera,ITH20,trento,2,sel,6728.0
1379,2013_02_24,camera,ITH20,trento,2,svp,12262.0
1380,2013_02_24,camera,ITH20,trento,2,udc,3153.0
1381,2013_02_24,camera,ITH31,verona,0,eligible_voters,662688.0
1382,2013_02_24,camera,ITH31,verona,1,issued_ballots,538576.0
1383,2013_02_24,camera,ITH31,verona,2,cpi,1333.0
1384,2013_02_24,camera,ITH31,verona,2,cd,1393.0
1385,2013_02_24,camera,ITH31,verona,2,fli,11230.0
1386,2013_02_24,camera,ITH31,verona,2,fn,3442.0
1387,2013_02_24,camera,ITH31,verona,2,fdi,7104.0
1388,2013_02_24,camera,ITH31,verona,2,fel,1442.0
1389,2013_02_24,camera,ITH31,verona,2,pdl,103878.0
1390,2013_02_24,camera,ITH31,verona,2,iv,2664.0
1391,2013_02_24,camera,ITH31,verona,2,iai,1909.0
1392,2013_02_24,camera,ITH31,verona,2,ld,1804.0
1393,2013_02_24,camera,ITH31,verona,2,lega,71933.0
1394,2013_02_24,camera,ITH31,verona,2,lvr,4981.0
1395,2013_02_24,camera,ITH31,verona,2,mir,519.0
1396,2013_02_24,camera,ITH31,verona,2,m5s,24711.0
1397,2013_02_24,camera,ITH31,verona,2,pd,89322.0
1398,2013_02_24,camera,ITH31,verona,2,pp,4588.0
1399,2013_02_24,camera,ITH31,verona,2,pn,1248.0
1400,2013_02_24,camera,ITH31,verona,2,ri,322.0
1401,2013_02_24,camera,ITH31,verona,2,rcv,4599.0
1402,2013_02_24,camera,ITH31,verona,2,scelta,52614.0
1403,2013_02_24,camera,ITH31,verona,2,sel,8342.0
1404,2013_02_24,camera,ITH31,verona,2,udc,10191.0
1405,2013_02_24,camera,ITH31,verona,2,vs,1159.0
1406,2013_02_24,camera,ITH32,vicenza,0,eligible_voters,622423.0
1407,2013_02_24,camera,ITH32,vicenza,1,issued_ballots,518255.0
1408,2013_02_24,camera,ITH32,vicenza,2,cpi,668.0
1409,2013_02_24,camera,ITH32,vicenza,2,cd,702.0
1410,2013_02_24,camera,ITH32,vicenza,2,fli,15258.0
1411,2013_02_24,camera,ITH32,vicenza,2,fn,1661.0
1412,2013_02_24,camera,ITH32,vicenza,2,fdi,12073.0
1413,2013_02_24,camera,ITH32,vicenza,2,fel,1315.0
1414,2013_02_24,camera,ITH32,vicenza,2,pdl,86265.0
1415,2013_02_24,camera,ITH32,vicenza,2,iv,5886.0
1416,2013_02_24,camera,ITH32,vicenza,2,iai,1089.0
1417,2013_02_24,camera,ITH32,vicenza,2,ld,1868.0
1418,2013_02_24,camera,ITH32,vicenza,2,lega,61962.0
1419,2013_02_24,camera,ITH32,vicenza,2,lvr,5421.0
1420,2013_02_24,camera,ITH32,vicenza,2,mir,734.0
1421,2013_02_24,camera,ITH32,vicenza,2,m5s,51944.0
1422,2013_02_24,camera,ITH32,vicenza,2,pd,92016.0
1423,2013_02_24,camera,ITH32,vicenza,2,pp,3776.0
1424,2013_02_24,camera,ITH32,vicenza,2,pn,675.0
1425,2013_02_24,camera,ITH32,vicenza,2,ri,199.0
1426,2013_02_24,camera,ITH32,vicenza,2,rcv,4719.0
1427,2013_02_24,camera,ITH32,vicenza,2,scelta,49740.0
1428,2013_02_24,camera,ITH32,vicenza,2,sel,7527.0
1429,2013_02_24,camera,ITH32,vicenza,2,udc,6446.0
1430,2013_02_24,camera,ITH32,vicenza,2,vs,3661.0
1431,2013_02_24,camera,ITH33,belluno,0,eligible_voters,144114.0
1432,2013_02_24,camera,ITH33,belluno,1,issued_ballots,104987.0
1433,2013_02_24,camera,ITH33,belluno,2,cd,242.0
1434,2013_02_24,camera,ITH33,belluno,2,fli,1724.0
1435,2013_02_24,camera,ITH33,belluno,2,fn,353.0
1436,2013_02_24,camera,ITH33,belluno,2,fdi,1226.0
1437,2013_02_24,camera,ITH33,belluno,2,fel,328.0
1438,2013_02_24,camera,ITH33,belluno,2,pdl,15694.0
1439,2013_02_24,camera,ITH33,belluno,2,iv,980.0
1440,2013_02_24,camera,ITH33,belluno,2,ld,398.0
1441,2013_02_24,camera,ITH33,belluno,2,lega,10548.0
1442,2013_02_24,camera,ITH33,belluno,2,mir,142.0
1443,2013_02_24,camera,ITH33,belluno,2,m5s,25029.0
1444,2013_02_24,camera,ITH33,belluno,2,pcl,420.0
1445,2013_02_24,camera,ITH33,belluno,2,pd,24809.0
1446,2013_02_24,camera,ITH33,belluno,2,rcv,1551.0
1447,2013_02_24,camera,ITH33,belluno,2,scelta,13634.0
1448,2013_02_24,camera,ITH33,belluno,2,sel,2065.0
1449,2013_02_24,camera,ITH33,belluno,2,udc,1504.0
1450,2013_02_24,camera,ITH33,belluno,2,vs,360.0
1451,2013_02_24,camera,ITH34,treviso,0,eligible_voters,649923.0
1452,2013_02_24,camera,ITH34,treviso,1,issued_ballots,531988.0
1453,2013_02_24,camera,ITH34,treviso,2,cd,826.0
1454,2013_02_24,camera,ITH34,treviso,2,fli,14455.0
1455,2013_02_24,camera,ITH34,treviso,2,fn,2413.0
1456,2013_02_24,camera,ITH34,treviso,2,fdi,5150.0
1457,2013_02_24,camera,ITH34,treviso,2,fel,1225.0
1458,2013_02_24,camera,ITH34,treviso,2,pdl,92159.0
1459,2013_02_24,camera,ITH34,treviso,2,iv,10412.0
1460,2013_02_24,camera,ITH34,treviso,2,ld,1447.0
1461,2013_02_24,camera,ITH34,treviso,2,lega,68583.0
1462,2013_02_24,camera,ITH34,treviso,2,mir,2326.0
1463,2013_02_24,camera,ITH34,treviso,2,m5s,135699.0
1464,2013_02_24,camera,ITH34,treviso,2,pcl,1453.0
1465,2013_02_24,camera,ITH34,treviso,2,pd,102428.0
1466,2013_02_24,camera,ITH34,treviso,2,rcv,5475.0
1467,2013_02_24,camera,ITH34,treviso,2,scelta,54763.0
1468,2013_02_24,camera,ITH34,treviso,2,sel,7781.0
1469,2013_02_24,camera,ITH34,treviso,2,udc,6494.0
1470,2013_02_24,camera,ITH34,treviso,2,vs,2756.0
1471,2013_02_24,camera,ITH35,venezia,0,eligible_voters,665331.0
1472,2013_02_24,camera,ITH35,venezia,1,issued_ballots,535430.0
1473,2013_02_24,camera,ITH35,venezia,2,cd,1034.0
1474,2013_02_24,camera,ITH35,venezia,2,fli,8299.0
1475,2013_02_24,camera,ITH35,venezia,2,fn,1613.0
1476,2013_02_24,camera,ITH35,venezia,2,fdi,7826.0
1477,2013_02_24,camera,ITH35,venezia,2,fel,1472.0
1478,2013_02_24,camera,ITH35,venezia,2,pdl,93899.0
1479,2013_02_24,camera,ITH35,venezia,2,iv,4353.0
1480,2013_02_24,camera,ITH35,venezia,2,ld,1806.0
1481,2013_02_24,camera,ITH35,venezia,2,lega,34528.0
1482,2013_02_24,camera,ITH35,venezia,2,mir,856.0
1483,2013_02_24,camera,ITH35,venezia,2,m5s,151630.0
1484,2013_02_24,camera,ITH35,venezia,2,pcl,2670.0
1485,2013_02_24,camera,ITH35,venezia,2,pd,132681.0
1486,2013_02_24,camera,ITH35,venezia,2,rcv,9146.0
1487,2013_02_24,camera,ITH35,venezia,2,scelta,47455.0
1488,2013_02_24,camera,ITH35,venezia,2,sel,12934.0
1489,2013_02_24,camera,ITH35,venezia,2,udc,6573.0
1490,2013_02_24,camera,ITH35,venezia,2,vs,1314.0
1491,2013_02_24,camera,ITH36,padova,0,eligible_voters,702751.0
1492,2013_02_24,camera,ITH36,padova,1,issued_ballots,592850.0
1493,2013_02_24,camera,ITH36,padova,2,cpi,882.0
1494,2013_02_24,camera,ITH36,padova,2,cd,988.0
1495,2013_02_24,camera,ITH36,padova,2,fli,13493.0
1496,2013_02_24,camera,ITH36,padova,2,fn,1964.0
1497,2013_02_24,camera,ITH36,padova,2,fdi,7434.0
1498,2013_02_24,camera,ITH36,padova,2,fel,1379.0
1499,2013_02_24,camera,ITH36,padova,2,pdl,116335.0
1500,2013_02_24,camera,ITH36,padova,2,iv,7576.0
1501,2013_02_24,camera,ITH36,padova,2,iai,1748.0
1502,2013_02_24,camera,ITH36,padova,2,ld,1968.0
1503,2013_02_24,camera,ITH36,padova,2,lega,46552.0
1504,2013_02_24,camera,ITH36,padova,2,lvr,4285.0
1505,2013_02_24,camera,ITH36,padova,2,mir,1747.0
1506,2013_02_24,camera,ITH36,padova,2,m5s,62005.0
1507,2013_02_24,camera,ITH36,padova,2,pd,114046.0
1508,2013_02_24,camera,ITH36,padova,2,pp,4415.0
1509,2013_02_24,camera,ITH36,padova,2,pn,686.0
1510,2013_02_24,camera,ITH36,padova,2,ri,285.0
1511,2013_02_24,camera,ITH36,padova,2,rcv,3828.0
1512,2013_02_24,camera,ITH36,padova,2,scelta,55912.0
1513,2013_02_24,camera,ITH36,padova,2,sel,10939.0
1514,2013_02_24,camera,ITH36,padova,2,udc,10197.0
1515,2013_02_24,camera,ITH36,padova,2,vs,1525.0
1516,2013_02_24,camera,ITH37,rovigo,0,eligible_voters,197488.0
1517,2013_02_24,camera,ITH37,rovigo,1,issued_ballots,157838.0
1518,2013_02_24,camera,ITH37,rovigo,2,cpi,228.0
1519,2013_02_24,camera,ITH37,rovigo,2,cd,245.0
1520,2013_02_24,camera,ITH37,rovigo,2,fli,1565.0
1521,2013_02_24,camera,ITH37,rovigo,2,fn,554.0
1522,2013_02_24,camera,ITH37,rovigo,2,fdi,2166.0
1523,2013_02_24,camera,ITH37,rovigo,2,fel,529.0
1524,2013_02_24,camera,ITH37,rovigo,2,pdl,31675.0
1525,2013_02_24,camera,ITH37,rovigo,2,iv,756.0
1526,2013_02_24,camera,ITH37,rovigo,2,iai,417.0
1527,2013_02_24,camera,ITH37,rovigo,2,ld,616.0
1528,2013_02_24,camera,ITH37,rovigo,2,lega,9041.0
1529,2013_02_24,camera,ITH37,rovigo,2,lvr,813.0
1530,2013_02_24,camera,ITH37,rovigo,2,mir,143.0
1531,2013_02_24,camera,ITH37,rovigo,2,m5s,21104.0
1532,2013_02_24,camera,ITH37,rovigo,2,pd,39635.0
1533,2013_02_24,camera,ITH37,rovigo,2,pp,1324.0
1534,2013_02_24,camera,ITH37,rovigo,2,pn,198.0
1535,2013_02_24,camera,ITH37,rovigo,2,ri,120.0
1536,2013_02_24,camera,ITH37,rovigo,2,rcv,2302.0
1537,2013_02_24,camera,ITH37,rovigo,2,scelta,12842.0
1538,2013_02_24,camera,ITH37,rovigo,2,sel,2639.0
1539,2013_02_24,camera,ITH37,rovigo,2,udc,2243.0
1540,2013_02_24,camera,ITH37,rovigo,2,vs,361.0
1541,2013_02_24,camera,ITH41,pordenone,0,eligible_voters,232696.0
1542,2013_02_24,camera,ITH41,pordenone,1,issued_ballots,185852.0
1543,2013_02_24,camera,ITH41,pordenone,2,cd,492.0
1544,2013_02_24,camera,ITH41,pordenone,2,fli,3636.0
1545,2013_02_24,camera,ITH41,pordenone,2,fn,842.0
1546,2013_02_24,camera,ITH41,pordenone,2,fdi,4989.0
1547,2013_02_24,camera,ITH41,pordenone,2,fel,585.0
1548,2013_02_24,camera,ITH41,pordenone,2,gs,109.0
1549,2013_02_24,camera,ITH41,pordenone,2,pdl,36392.0
1550,2013_02_24,camera,ITH41,pordenone,2,ld,801.0
1551,2013_02_24,camera,ITH41,pordenone,2,lega,16406.0
1552,2013_02_24,camera,ITH41,pordenone,2,mir,206.0
1553,2013_02_24,camera,ITH41,pordenone,2,m5s,25803.0
1554,2013_02_24,camera,ITH41,pordenone,2,pd,39794.0
1555,2013_02_24,camera,ITH41,pordenone,2,rcv,2983.0
1556,2013_02_24,camera,ITH41,pordenone,2,scelta,19891.0
1557,2013_02_24,camera,ITH41,pordenone,2,sel,3054.0
1558,2013_02_24,camera,ITH41,pordenone,2,udc,2677.0
1559,2013_02_24,camera,ITH42,udine,0,eligible_voters,417691.0
1560,2013_02_24,camera,ITH42,udine,1,issued_ballots,322779.0
1561,2013_02_24,camera,ITH42,udine,2,cd,1122.0
1562,2013_02_24,camera,ITH42,udine,2,fli,6190.0
1563,2013_02_24,camera,ITH42,udine,2,fn,1880.0
1564,2013_02_24,camera,ITH42,udine,2,fdi,4304.0
1565,2013_02_24,camera,ITH42,udine,2,fel,1432.0
1566,2013_02_24,camera,ITH42,udine,2,gs,124.0
1567,2013_02_24,camera,ITH42,udine,2,pdl,56303.0
1568,2013_02_24,camera,ITH42,udine,2,iv,9.0
1569,2013_02_24,camera,ITH42,udine,2,ld,2382.0
1570,2013_02_24,camera,ITH42,udine,2,lega,23581.0
1571,2013_02_24,camera,ITH42,udine,2,mir,451.0
1572,2013_02_24,camera,ITH42,udine,2,m5s,66961.0
1573,2013_02_24,camera,ITH42,udine,2,pcl,1.0
1574,2013_02_24,camera,ITH42,udine,2,pd,75433.0
1575,2013_02_24,camera,ITH42,udine,2,rcv,5394.0
1576,2013_02_24,camera,ITH42,udine,2,scelta,35384.0
1577,2013_02_24,camera,ITH42,udine,2,sel,6918.0
1578,2013_02_24,camera,ITH42,udine,2,udc,6078.0
1579,2013_02_24,camera,ITH42,udine,2,vs,2.0
1580,2013_02_24,camera,ITH43,gorizia,0,eligible_voters,111574.0
1581,2013_02_24,camera,ITH43,gorizia,1,issued_ballots,87469.0
1582,2013_02_24,camera,ITH43,gorizia,2,cd,268.0
1583,2013_02_24,camera,ITH43,gorizia,2,fli,866.0
1584,2013_02_24,camera,ITH43,gorizia,2,fn,406.0
1585,2013_02_24,camera,ITH43,gorizia,2,fdi,1040.0
1586,2013_02_24,camera,ITH43,gorizia,2,fel,443.0
1587,2013_02_24,camera,ITH43,gorizia,2,gs,36.0
1588,2013_02_24,camera,ITH43,gorizia,2,pdl,13850.0
1589,2013_02_24,camera,ITH43,gorizia,2,ld,474.0
1590,2013_02_24,camera,ITH43,gorizia,2,lega,3869.0
1591,2013_02_24,camera,ITH43,gorizia,2,mir,103.0
1592,2013_02_24,camera,ITH43,gorizia,2,m5s,17680.0
1593,2013_02_24,camera,ITH43,gorizia,2,pd,25790.0
1594,2013_02_24,camera,ITH43,gorizia,2,rcv,2365.0
1595,2013_02_24,camera,ITH43,gorizia,2,scelta,8357.0
1596,2013_02_24,camera,ITH43,gorizia,2,sel,2708.0
1597,2013_02_24,camera,ITH43,gorizia,2,udc,1321.0
1598,2013_02_24,camera,ITH44,trieste,0,eligible_voters,189202.0
1599,2013_02_24,camera,ITH44,trieste,1,issued_ballots,137782.0
1600,2013_02_24,camera,ITH44,trieste,2,cd,418.0
1601,2013_02_24,camera,ITH44,trieste,2,fli,1694.0
1602,2013_02_24,camera,ITH44,trieste,2,fn,898.0
1603,2013_02_24,camera,ITH44,trieste,2,fdi,2251.0
1604,2013_02_24,camera,ITH44,trieste,2,fel,1096.0
1605,2013_02_24,camera,ITH44,trieste,2,gs,46.0
1606,2013_02_24,camera,ITH44,trieste,2,pdl,26189.0
1607,2013_02_24,camera,ITH44,trieste,2,ld,1031.0
1608,2013_02_24,camera,ITH44,trieste,2,lega,3988.0
1609,2013_02_24,camera,ITH44,trieste,2,mir,241.0
1610,2013_02_24,camera,ITH44,trieste,2,pd,34318.0
1611,2013_02_24,camera,ITH44,trieste,2,rcv,4130.0
1612,2013_02_24,camera,ITH44,trieste,2,scelta,13040.0
1613,2013_02_24,camera,ITH44,trieste,2,sel,4830.0
1614,2013_02_24,camera,ITH44,trieste,2,udc,1443.0
1615,2013_02_24,camera,ITH51,piacenza,0,eligible_voters,212268.0
1616,2013_02_24,camera,ITH51,piacenza,1,issued_ballots,167061.0
1617,2013_02_24,camera,ITH51,piacenza,2,cpi,156.0
1618,2013_02_24,camera,ITH51,piacenza,2,cd,317.0
1619,2013_02_24,camera,ITH51,piacenza,2,fli,2867.0
1620,2013_02_24,camera,ITH51,piacenza,2,ft,354.0
1621,2013_02_24,camera,ITH51,piacenza,2,fn,551.0
1622,2013_02_24,camera,ITH51,piacenza,2,fdi,4793.0
1623,2013_02_24,camera,ITH51,piacenza,2,fel,442.0
1624,2013_02_24,camera,ITH51,piacenza,2,gs,63.0
1625,2013_02_24,camera,ITH51,piacenza,2,pdl,37139.0
1626,2013_02_24,camera,ITH51,piacenza,2,ip,73.0
1627,2013_02_24,camera,ITH51,piacenza,2,iai,375.0
1628,2013_02_24,camera,ITH51,piacenza,2,ld,552.0
1629,2013_02_24,camera,ITH51,piacenza,2,lega,7577.0
1630,2013_02_24,camera,ITH51,piacenza,2,agl,404.0
1631,2013_02_24,camera,ITH51,piacenza,2,mir,232.0
1632,2013_02_24,camera,ITH51,piacenza,2,m5s,36831.0
1633,2013_02_24,camera,ITH51,piacenza,2,pcl,855.0
1634,2013_02_24,camera,ITH51,piacenza,2,pd,46695.0
1635,2013_02_24,camera,ITH51,piacenza,2,pri,108.0
1636,2013_02_24,camera,ITH51,piacenza,2,rcv,2732.0
1637,2013_02_24,camera,ITH51,piacenza,2,scelta,13004.0
1638,2013_02_24,camera,ITH51,piacenza,2,sel,3130.0
1639,2013_02_24,camera,ITH51,piacenza,2,udc,1334.0
1640,2013_02_24,camera,ITH52,parma,0,eligible_voters,312233.0
1641,2013_02_24,camera,ITH52,parma,1,issued_ballots,245568.0
1642,2013_02_24,camera,ITH52,parma,2,cpi,468.0
1643,2013_02_24,camera,ITH52,parma,2,cd,124.0
1644,2013_02_24,camera,ITH52,parma,2,fli,3353.0
1645,2013_02_24,camera,ITH52,parma,2,ft,383.0
1646,2013_02_24,camera,ITH52,parma,2,fn,479.0
1647,2013_02_24,camera,ITH52,parma,2,fdi,3055.0
1648,2013_02_24,camera,ITH52,parma,2,fel,553.0
1649,2013_02_24,camera,ITH52,parma,2,gs,120.0
1650,2013_02_24,camera,ITH52,parma,2,pdl,40594.0
1651,2013_02_24,camera,ITH52,parma,2,ip,125.0
1652,2013_02_24,camera,ITH52,parma,2,iai,466.0
1653,2013_02_24,camera,ITH52,parma,2,ld,954.0
1654,2013_02_24,camera,ITH52,parma,2,lega,8248.0
1655,2013_02_24,camera,ITH52,parma,2,agl,693.0
1656,2013_02_24,camera,ITH52,parma,2,mir,467.0
1657,2013_02_24,camera,ITH52,parma,2,m5s,69019.0
1658,2013_02_24,camera,ITH52,parma,2,pcl,1443.0
1659,2013_02_24,camera,ITH52,parma,2,pd,74055.0
1660,2013_02_24,camera,ITH52,parma,2,pri,179.0
1661,2013_02_24,camera,ITH52,parma,2,rcv,4844.0
1662,2013_02_24,camera,ITH52,parma,2,scelta,21235.0
1663,2013_02_24,camera,ITH52,parma,2,sel,5939.0
1664,2013_02_24,camera,ITH52,parma,2,udc,2521.0
1665,2013_02_24,camera,ITH53,reggio nellemilia,0,eligible_voters,380449.0
1666,2013_02_24,camera,ITH53,reggio nellemilia,1,issued_ballots,317922.0
1667,2013_02_24,camera,ITH53,reggio nellemilia,2,cpi,299.0
1668,2013_02_24,camera,ITH53,reggio nellemilia,2,cd,315.0
1669,2013_02_24,camera,ITH53,reggio nellemilia,2,fli,3501.0
1670,2013_02_24,camera,ITH53,reggio nellemilia,2,ft,361.0
1671,2013_02_24,camera,ITH53,reggio nellemilia,2,fn,607.0
1672,2013_02_24,camera,ITH53,reggio nellemilia,2,fdi,2928.0
1673,2013_02_24,camera,ITH53,reggio nellemilia,2,fel,669.0
1674,2013_02_24,camera,ITH53,reggio nellemilia,2,gs,146.0
1675,2013_02_24,camera,ITH53,reggio nellemilia,2,pdl,41684.0
1676,2013_02_24,camera,ITH53,reggio nellemilia,2,ip,126.0
1677,2013_02_24,camera,ITH53,reggio nellemilia,2,iai,825.0
1678,2013_02_24,camera,ITH53,reggio nellemilia,2,ld,719.0
1679,2013_02_24,camera,ITH53,reggio nellemilia,2,lega,7682.0
1680,2013_02_24,camera,ITH53,reggio nellemilia,2,agl,630.0
1681,2013_02_24,camera,ITH53,reggio nellemilia,2,mir,496.0
1682,2013_02_24,camera,ITH53,reggio nellemilia,2,m5s,75522.0
1683,2013_02_24,camera,ITH53,reggio nellemilia,2,pcl,1614.0
1684,2013_02_24,camera,ITH53,reggio nellemilia,2,pd,126978.0
1685,2013_02_24,camera,ITH53,reggio nellemilia,2,pri,172.0
1686,2013_02_24,camera,ITH53,reggio nellemilia,2,rcv,6399.0
1687,2013_02_24,camera,ITH53,reggio nellemilia,2,scelta,25467.0
1688,2013_02_24,camera,ITH53,reggio nellemilia,2,sel,8935.0
1689,2013_02_24,camera,ITH53,reggio nellemilia,2,udc,3563.0
1690,2013_02_24,camera,ITH54,modena,0,eligible_voters,514090.0
1691,2013_02_24,camera,ITH54,modena,1,issued_ballots,426034.0
1692,2013_02_24,camera,ITH54,modena,2,cpi,220.0
1693,2013_02_24,camera,ITH54,modena,2,cd,261.0
1694,2013_02_24,camera,ITH54,modena,2,fli,7203.0
1695,2013_02_24,camera,ITH54,modena,2,ft,628.0
1696,2013_02_24,camera,ITH54,modena,2,fn,1054.0
1697,2013_02_24,camera,ITH54,modena,2,fdi,2414.0
1698,2013_02_24,camera,ITH54,modena,2,fel,956.0
1699,2013_02_24,camera,ITH54,modena,2,gs,317.0
1700,2013_02_24,camera,ITH54,modena,2,pdl,62565.0
1701,2013_02_24,camera,ITH54,modena,2,ip,189.0
1702,2013_02_24,camera,ITH54,modena,2,iai,1325.0
1703,2013_02_24,camera,ITH54,modena,2,ld,1187.0
1704,2013_02_24,camera,ITH54,modena,2,lega,11804.0
1705,2013_02_24,camera,ITH54,modena,2,agl,907.0
1706,2013_02_24,camera,ITH54,modena,2,mir,1901.0
1707,2013_02_24,camera,ITH54,modena,2,m5s,97027.0
1708,2013_02_24,camera,ITH54,modena,2,pcl,2076.0
1709,2013_02_24,camera,ITH54,modena,2,pd,163269.0
1710,2013_02_24,camera,ITH54,modena,2,pri,279.0
1711,2013_02_24,camera,ITH54,modena,2,rcv,6844.0
1712,2013_02_24,camera,ITH54,modena,2,scelta,33554.0
1713,2013_02_24,camera,ITH54,modena,2,sel,10694.0
1714,2013_02_24,camera,ITH54,modena,2,udc,4969.0
1715,2013_02_24,camera,ITH55,bologna,0,eligible_voters,732118.0
1716,2013_02_24,camera,ITH55,bologna,1,issued_ballots,606115.0
1717,2013_02_24,camera,ITH55,bologna,2,cpi,504.0
1718,2013_02_24,camera,ITH55,bologna,2,cd,1368.0
1719,2013_02_24,camera,ITH55,bologna,2,fli,7559.0
1720,2013_02_24,camera,ITH55,bologna,2,ft,858.0
1721,2013_02_24,camera,ITH55,bologna,2,fn,1334.0
1722,2013_02_24,camera,ITH55,bologna,2,fdi,6541.0
1723,2013_02_24,camera,ITH55,bologna,2,fel,1906.0
1724,2013_02_24,camera,ITH55,bologna,2,gs,232.0
1725,2013_02_24,camera,ITH55,bologna,2,pdl,84149.0
1726,2013_02_24,camera,ITH55,bologna,2,ip,197.0
1727,2013_02_24,camera,ITH55,bologna,2,iai,1438.0
1728,2013_02_24,camera,ITH55,bologna,2,ld,1706.0
1729,2013_02_24,camera,ITH55,bologna,2,lega,11852.0
1730,2013_02_24,camera,ITH55,bologna,2,agl,1434.0
1731,2013_02_24,camera,ITH55,bologna,2,mir,1518.0
1732,2013_02_24,camera,ITH55,bologna,2,m5s,132974.0
1733,2013_02_24,camera,ITH55,bologna,2,pcl,2504.0
1734,2013_02_24,camera,ITH55,bologna,2,pd,241651.0
1735,2013_02_24,camera,ITH55,bologna,2,pri,447.0
1736,2013_02_24,camera,ITH55,bologna,2,rcv,12852.0
1737,2013_02_24,camera,ITH55,bologna,2,scelta,47074.0
1738,2013_02_24,camera,ITH55,bologna,2,sel,25441.0
1739,2013_02_24,camera,ITH55,bologna,2,udc,6475.0
1740,2013_02_24,camera,ITH56,ferrara,0,eligible_voters,255525.0
1741,2013_02_24,camera,ITH56,ferrara,1,issued_ballots,210006.0
1742,2013_02_24,camera,ITH56,ferrara,2,cpi,118.0
1743,2013_02_24,camera,ITH56,ferrara,2,cd,355.0
1744,2013_02_24,camera,ITH56,ferrara,2,fli,2519.0
1745,2013_02_24,camera,ITH56,ferrara,2,ft,449.0
1746,2013_02_24,camera,ITH56,ferrara,2,fn,574.0
1747,2013_02_24,camera,ITH56,ferrara,2,fdi,2690.0
1748,2013_02_24,camera,ITH56,ferrara,2,fel,624.0
1749,2013_02_24,camera,ITH56,ferrara,2,gs,47.0
1750,2013_02_24,camera,ITH56,ferrara,2,pdl,40158.0
1751,2013_02_24,camera,ITH56,ferrara,2,ip,97.0
1752,2013_02_24,camera,ITH56,ferrara,2,iai,485.0
1753,2013_02_24,camera,ITH56,ferrara,2,ld,766.0
1754,2013_02_24,camera,ITH56,ferrara,2,lega,5886.0
1755,2013_02_24,camera,ITH56,ferrara,2,agl,577.0
1756,2013_02_24,camera,ITH56,ferrara,2,mir,300.0
1757,2013_02_24,camera,ITH56,ferrara,2,m5s,50333.0
1758,2013_02_24,camera,ITH56,ferrara,2,pcl,1072.0
1759,2013_02_24,camera,ITH56,ferrara,2,pd,69937.0
1760,2013_02_24,camera,ITH56,ferrara,2,pri,203.0
1761,2013_02_24,camera,ITH56,ferrara,2,rcv,3636.0
1762,2013_02_24,camera,ITH56,ferrara,2,scelta,14652.0
1763,2013_02_24,camera,ITH56,ferrara,2,sel,5415.0
1764,2013_02_24,camera,ITH56,ferrara,2,udc,2097.0
1765,2013_02_24,camera,ITH57,ravenna,0,eligible_voters,296681.0
1766,2013_02_24,camera,ITH57,ravenna,1,issued_ballots,247085.0
1767,2013_02_24,camera,ITH57,ravenna,2,cpi,199.0
1768,2013_02_24,camera,ITH57,ravenna,2,cd,527.0
1769,2013_02_24,camera,ITH57,ravenna,2,fli,2673.0
1770,2013_02_24,camera,ITH57,ravenna,2,ft,370.0
1771,2013_02_24,camera,ITH57,ravenna,2,fn,1055.0
1772,2013_02_24,camera,ITH57,ravenna,2,fdi,2230.0
1773,2013_02_24,camera,ITH57,ravenna,2,fel,574.0
1774,2013_02_24,camera,ITH57,ravenna,2,gs,78.0
1775,2013_02_24,camera,ITH57,ravenna,2,pdl,35994.0
1776,2013_02_24,camera,ITH57,ravenna,2,ip,105.0
1777,2013_02_24,camera,ITH57,ravenna,2,iai,651.0
1778,2013_02_24,camera,ITH57,ravenna,2,ld,733.0
1779,2013_02_24,camera,ITH57,ravenna,2,lega,5542.0
1780,2013_02_24,camera,ITH57,ravenna,2,agl,537.0
1781,2013_02_24,camera,ITH57,ravenna,2,mir,344.0
1782,2013_02_24,camera,ITH57,ravenna,2,m5s,56642.0
1783,2013_02_24,camera,ITH57,ravenna,2,pcl,1508.0
1784,2013_02_24,camera,ITH57,ravenna,2,pd,95866.0
1785,2013_02_24,camera,ITH57,ravenna,2,pri,1898.0
1786,2013_02_24,camera,ITH57,ravenna,2,rcv,5147.0
1787,2013_02_24,camera,ITH57,ravenna,2,scelta,18749.0
1788,2013_02_24,camera,ITH57,ravenna,2,sel,6291.0
1789,2013_02_24,camera,ITH57,ravenna,2,udc,3248.0
1790,2013_02_24,camera,ITH58,forlicesena,0,eligible_voters,300022.0
1791,2013_02_24,camera,ITH58,forlicesena,1,issued_ballots,248265.0
1792,2013_02_24,camera,ITH58,forlicesena,2,cpi,235.0
1793,2013_02_24,camera,ITH58,forlicesena,2,cd,90.0
1794,2013_02_24,camera,ITH58,forlicesena,2,fli,2952.0
1795,2013_02_24,camera,ITH58,forlicesena,2,ft,382.0
1796,2013_02_24,camera,ITH58,forlicesena,2,fn,700.0
1797,2013_02_24,camera,ITH58,forlicesena,2,fdi,2547.0
1798,2013_02_24,camera,ITH58,forlicesena,2,fel,682.0
1799,2013_02_24,camera,ITH58,forlicesena,2,gs,66.0
1800,2013_02_24,camera,ITH58,forlicesena,2,pdl,41092.0
1801,2013_02_24,camera,ITH58,forlicesena,2,ip,149.0
1802,2013_02_24,camera,ITH58,forlicesena,2,iai,613.0
1803,2013_02_24,camera,ITH58,forlicesena,2,ld,900.0
1804,2013_02_24,camera,ITH58,forlicesena,2,lega,5425.0
1805,2013_02_24,camera,ITH58,forlicesena,2,agl,564.0
1806,2013_02_24,camera,ITH58,forlicesena,2,mir,448.0
1807,2013_02_24,camera,ITH58,forlicesena,2,m5s,62201.0
1808,2013_02_24,camera,ITH58,forlicesena,2,pcl,1598.0
1809,2013_02_24,camera,ITH58,forlicesena,2,pd,86775.0
1810,2013_02_24,camera,ITH58,forlicesena,2,pri,1955.0
1811,2013_02_24,camera,ITH58,forlicesena,2,rcv,4606.0
1812,2013_02_24,camera,ITH58,forlicesena,2,scelta,18715.0
1813,2013_02_24,camera,ITH58,forlicesena,2,sel,5685.0
1814,2013_02_24,camera,ITH58,forlicesena,2,udc,2850.0
1815,2013_02_24,camera,ITH59,rimini,0,eligible_voters,243554.0
1816,2013_02_24,camera,ITH59,rimini,1,issued_ballots,198058.0
1817,2013_02_24,camera,ITH59,rimini,2,cpi,152.0
1818,2013_02_24,camera,ITH59,rimini,2,cd,352.0
1819,2013_02_24,camera,ITH59,rimini,2,fli,2330.0
1820,2013_02_24,camera,ITH59,rimini,2,ft,245.0
1821,2013_02_24,camera,ITH59,rimini,2,fn,565.0
1822,2013_02_24,camera,ITH59,rimini,2,fdi,2693.0
1823,2013_02_24,camera,ITH59,rimini,2,fel,576.0
1824,2013_02_24,camera,ITH59,rimini,2,gs,70.0
1825,2013_02_24,camera,ITH59,rimini,2,pdl,38508.0
1826,2013_02_24,camera,ITH59,rimini,2,ip,191.0
1827,2013_02_24,camera,ITH59,rimini,2,iai,581.0
1828,2013_02_24,camera,ITH59,rimini,2,ld,912.0
1829,2013_02_24,camera,ITH59,rimini,2,lega,3098.0
1830,2013_02_24,camera,ITH59,rimini,2,agl,520.0
1831,2013_02_24,camera,ITH59,rimini,2,mir,480.0
1832,2013_02_24,camera,ITH59,rimini,2,m5s,59095.0
1833,2013_02_24,camera,ITH59,rimini,2,pcl,1043.0
1834,2013_02_24,camera,ITH59,rimini,2,pd,58302.0
1835,2013_02_24,camera,ITH59,rimini,2,pri,279.0
1836,2013_02_24,camera,ITH59,rimini,2,rcv,3129.0
1837,2013_02_24,camera,ITH59,rimini,2,scelta,14580.0
1838,2013_02_24,camera,ITH59,rimini,2,sel,4145.0
1839,2013_02_24,camera,ITH59,rimini,2,udc,1737.0
1840,2013_02_24,camera,ITI11,massacarrara,0,eligible_voters,162648.0
1841,2013_02_24,camera,ITI11,massacarrara,1,issued_ballots,120156.0
1842,2013_02_24,camera,ITI11,massacarrara,2,cpi,168.0
1843,2013_02_24,camera,ITI11,massacarrara,2,cd,425.0
1844,2013_02_24,camera,ITI11,massacarrara,2,fli,852.0
1845,2013_02_24,camera,ITI11,massacarrara,2,fn,504.0
1846,2013_02_24,camera,ITI11,massacarrara,2,fdi,1587.0
1847,2013_02_24,camera,ITI11,massacarrara,2,fel,317.0
1848,2013_02_24,camera,ITI11,massacarrara,2,pdl,24318.0
1849,2013_02_24,camera,ITI11,massacarrara,2,iai,189.0
1850,2013_02_24,camera,ITI11,massacarrara,2,ld,824.0
1851,2013_02_24,camera,ITI11,massacarrara,2,lega,1112.0
1852,2013_02_24,camera,ITI11,massacarrara,2,agl,296.0
1853,2013_02_24,camera,ITI11,massacarrara,2,mir,97.0
1854,2013_02_24,camera,ITI11,massacarrara,2,m5s,2052.0
1855,2013_02_24,camera,ITI11,massacarrara,2,pcl,323.0
1856,2013_02_24,camera,ITI11,massacarrara,2,pd,34900.0
1857,2013_02_24,camera,ITI11,massacarrara,2,rcv,4001.0
1858,2013_02_24,camera,ITI11,massacarrara,2,scelta,6573.0
1859,2013_02_24,camera,ITI11,massacarrara,2,sel,4577.0
1860,2013_02_24,camera,ITI11,massacarrara,2,udc,1081.0
1861,2013_02_24,camera,ITI12,lucca,0,eligible_voters,312154.0
1862,2013_02_24,camera,ITI12,lucca,1,issued_ballots,234749.0
1863,2013_02_24,camera,ITI12,lucca,2,cpi,535.0
1864,2013_02_24,camera,ITI12,lucca,2,cd,613.0
1865,2013_02_24,camera,ITI12,lucca,2,fli,2420.0
1866,2013_02_24,camera,ITI12,lucca,2,fn,730.0
1867,2013_02_24,camera,ITI12,lucca,2,fdi,3960.0
1868,2013_02_24,camera,ITI12,lucca,2,fel,854.0
1869,2013_02_24,camera,ITI12,lucca,2,pdl,51924.0
1870,2013_02_24,camera,ITI12,lucca,2,iai,333.0
1871,2013_02_24,camera,ITI12,lucca,2,ld,1708.0
1872,2013_02_24,camera,ITI12,lucca,2,lega,2125.0
1873,2013_02_24,camera,ITI12,lucca,2,agl,626.0
1874,2013_02_24,camera,ITI12,lucca,2,mir,200.0
1875,2013_02_24,camera,ITI12,lucca,2,m5s,11283.0
1876,2013_02_24,camera,ITI12,lucca,2,pcl,336.0
1877,2013_02_24,camera,ITI12,lucca,2,pd,62831.0
1878,2013_02_24,camera,ITI12,lucca,2,rcv,6273.0
1879,2013_02_24,camera,ITI12,lucca,2,scelta,16671.0
1880,2013_02_24,camera,ITI12,lucca,2,sel,6779.0
1881,2013_02_24,camera,ITI12,lucca,2,udc,2804.0
1882,2013_02_24,camera,ITI13,pistoia,0,eligible_voters,218019.0
1883,2013_02_24,camera,ITI13,pistoia,1,issued_ballots,171148.0
1884,2013_02_24,camera,ITI13,pistoia,2,cpi,513.0
1885,2013_02_24,camera,ITI13,pistoia,2,cd,420.0
1886,2013_02_24,camera,ITI13,pistoia,2,fli,1844.0
1887,2013_02_24,camera,ITI13,pistoia,2,fn,607.0
1888,2013_02_24,camera,ITI13,pistoia,2,fdi,2546.0
1889,2013_02_24,camera,ITI13,pistoia,2,fel,569.0
1890,2013_02_24,camera,ITI13,pistoia,2,pdl,34712.0
1891,2013_02_24,camera,ITI13,pistoia,2,iai,296.0
1892,2013_02_24,camera,ITI13,pistoia,2,ld,1182.0
1893,2013_02_24,camera,ITI13,pistoia,2,lega,1507.0
1894,2013_02_24,camera,ITI13,pistoia,2,agl,411.0
1895,2013_02_24,camera,ITI13,pistoia,2,mir,214.0
1896,2013_02_24,camera,ITI13,pistoia,2,m5s,5738.0
1897,2013_02_24,camera,ITI13,pistoia,2,pcl,1207.0
1898,2013_02_24,camera,ITI13,pistoia,2,pd,57766.0
1899,2013_02_24,camera,ITI13,pistoia,2,rcv,3687.0
1900,2013_02_24,camera,ITI13,pistoia,2,scelta,10829.0
1901,2013_02_24,camera,ITI13,pistoia,2,sel,4723.0
1902,2013_02_24,camera,ITI13,pistoia,2,udc,47.0
1903,2013_02_24,camera,ITI14,firenze,0,eligible_voters,717013.0
1904,2013_02_24,camera,ITI14,firenze,1,issued_ballots,585079.0
1905,2013_02_24,camera,ITI14,firenze,2,cpi,883.0
1906,2013_02_24,camera,ITI14,firenze,2,cd,1560.0
1907,2013_02_24,camera,ITI14,firenze,2,fli,5626.0
1908,2013_02_24,camera,ITI14,firenze,2,fn,1291.0
1909,2013_02_24,camera,ITI14,firenze,2,fdi,11875.0
1910,2013_02_24,camera,ITI14,firenze,2,fel,2073.0
1911,2013_02_24,camera,ITI14,firenze,2,pdl,78307.0
1912,2013_02_24,camera,ITI14,firenze,2,iai,991.0
1913,2013_02_24,camera,ITI14,firenze,2,ld,2053.0
1914,2013_02_24,camera,ITI14,firenze,2,lega,3570.0
1915,2013_02_24,camera,ITI14,firenze,2,agl,1684.0
1916,2013_02_24,camera,ITI14,firenze,2,mir,484.0
1917,2013_02_24,camera,ITI14,firenze,2,m5s,73870.0
1918,2013_02_24,camera,ITI14,firenze,2,pcl,2704.0
1919,2013_02_24,camera,ITI14,firenze,2,pd,253315.0
1920,2013_02_24,camera,ITI14,firenze,2,rcv,14648.0
1921,2013_02_24,camera,ITI14,firenze,2,scelta,41831.0
1922,2013_02_24,camera,ITI14,firenze,2,sel,27463.0
1923,2013_02_24,camera,ITI14,firenze,2,udc,1149.0
1924,2013_02_24,camera,ITI15,prato,0,eligible_voters,181900.0
1925,2013_02_24,camera,ITI15,prato,1,issued_ballots,143123.0
1926,2013_02_24,camera,ITI15,prato,2,cpi,413.0
1927,2013_02_24,camera,ITI15,prato,2,cd,354.0
1928,2013_02_24,camera,ITI15,prato,2,fli,1960.0
1929,2013_02_24,camera,ITI15,prato,2,fn,386.0
1930,2013_02_24,camera,ITI15,prato,2,fdi,2485.0
1931,2013_02_24,camera,ITI15,prato,2,fel,479.0
1932,2013_02_24,camera,ITI15,prato,2,pdl,26018.0
1933,2013_02_24,camera,ITI15,prato,2,iai,263.0
1934,2013_02_24,camera,ITI15,prato,2,ld,768.0
1935,2013_02_24,camera,ITI15,prato,2,lega,1201.0
1936,2013_02_24,camera,ITI15,prato,2,agl,355.0
1937,2013_02_24,camera,ITI15,prato,2,mir,143.0
1938,2013_02_24,camera,ITI15,prato,2,m5s,32961.0
1939,2013_02_24,camera,ITI15,prato,2,pcl,38.0
1940,2013_02_24,camera,ITI15,prato,2,pd,52030.0
1941,2013_02_24,camera,ITI15,prato,2,rcv,2819.0
1942,2013_02_24,camera,ITI15,prato,2,scelta,10104.0
1943,2013_02_24,camera,ITI15,prato,2,sel,3857.0
1944,2013_02_24,camera,ITI16,livorno,0,eligible_voters,267854.0
1945,2013_02_24,camera,ITI16,livorno,1,issued_ballots,212644.0
1946,2013_02_24,camera,ITI16,livorno,2,cpi,234.0
1947,2013_02_24,camera,ITI16,livorno,2,cd,586.0
1948,2013_02_24,camera,ITI16,livorno,2,fli,1518.0
1949,2013_02_24,camera,ITI16,livorno,2,fn,453.0
1950,2013_02_24,camera,ITI16,livorno,2,fdi,3205.0
1951,2013_02_24,camera,ITI16,livorno,2,fel,653.0
1952,2013_02_24,camera,ITI16,livorno,2,pdl,32147.0
1953,2013_02_24,camera,ITI16,livorno,2,iai,245.0
1954,2013_02_24,camera,ITI16,livorno,2,ld,942.0
1955,2013_02_24,camera,ITI16,livorno,2,lega,1094.0
1956,2013_02_24,camera,ITI16,livorno,2,agl,425.0
1957,2013_02_24,camera,ITI16,livorno,2,mir,213.0
1958,2013_02_24,camera,ITI16,livorno,2,m5s,54034.0
1959,2013_02_24,camera,ITI16,livorno,2,pd,80160.0
1960,2013_02_24,camera,ITI16,livorno,2,rcv,8335.0
1961,2013_02_24,camera,ITI16,livorno,2,scelta,11885.0
1962,2013_02_24,camera,ITI16,livorno,2,sel,8562.0
1963,2013_02_24,camera,ITI16,livorno,2,udc,312.0
1964,2013_02_24,camera,ITI17,pisa,0,eligible_voters,311432.0
1965,2013_02_24,camera,ITI17,pisa,1,issued_ballots,250050.0
1966,2013_02_24,camera,ITI17,pisa,2,cpi,317.0
1967,2013_02_24,camera,ITI17,pisa,2,cd,644.0
1968,2013_02_24,camera,ITI17,pisa,2,fli,2319.0
1969,2013_02_24,camera,ITI17,pisa,2,fn,1164.0
1970,2013_02_24,camera,ITI17,pisa,2,fdi,3700.0
1971,2013_02_24,camera,ITI17,pisa,2,fel,935.0
1972,2013_02_24,camera,ITI17,pisa,2,pdl,41562.0
1973,2013_02_24,camera,ITI17,pisa,2,iai,485.0
1974,2013_02_24,camera,ITI17,pisa,2,ld,1592.0
1975,2013_02_24,camera,ITI17,pisa,2,lega,1658.0
1976,2013_02_24,camera,ITI17,pisa,2,agl,582.0
1977,2013_02_24,camera,ITI17,pisa,2,mir,230.0
1978,2013_02_24,camera,ITI17,pisa,2,m5s,38469.0
1979,2013_02_24,camera,ITI17,pisa,2,pcl,1451.0
1980,2013_02_24,camera,ITI17,pisa,2,pd,89052.0
1981,2013_02_24,camera,ITI17,pisa,2,rcv,7845.0
1982,2013_02_24,camera,ITI17,pisa,2,scelta,11341.0
1983,2013_02_24,camera,ITI17,pisa,2,sel,9880.0
1984,2013_02_24,camera,ITI17,pisa,2,udc,1576.0
1985,2013_02_24,camera,ITI18,arezzo,0,eligible_voters,247431.0
1986,2013_02_24,camera,ITI18,arezzo,1,issued_ballots,198470.0
1987,2013_02_24,camera,ITI18,arezzo,2,cpi,704.0
1988,2013_02_24,camera,ITI18,arezzo,2,cd,415.0
1989,2013_02_24,camera,ITI18,arezzo,2,fli,1655.0
1990,2013_02_24,camera,ITI18,arezzo,2,fn,743.0
1991,2013_02_24,camera,ITI18,arezzo,2,fdi,3319.0
1992,2013_02_24,camera,ITI18,arezzo,2,fel,664.0
1993,2013_02_24,camera,ITI18,arezzo,2,pdl,37933.0
1994,2013_02_24,camera,ITI18,arezzo,2,iai,296.0
1995,2013_02_24,camera,ITI18,arezzo,2,ld,1254.0
1996,2013_02_24,camera,ITI18,arezzo,2,lega,1640.0
1997,2013_02_24,camera,ITI18,arezzo,2,agl,553.0
1998,2013_02_24,camera,ITI18,arezzo,2,mir,383.0
1999,2013_02_24,camera,ITI18,arezzo,2,m5s,31293.0
2000,2013_02_24,camera,ITI18,arezzo,2,pcl,1089.0
2001,2013_02_24,camera,ITI18,arezzo,2,pd,68653.0
2002,2013_02_24,camera,ITI18,arezzo,2,rcv,3450.0
2003,2013_02_24,camera,ITI18,arezzo,2,scelta,13068.0
2004,2013_02_24,camera,ITI18,arezzo,2,sel,5176.0
2005,2013_02_24,camera,ITI18,arezzo,2,udc,603.0
2006,2013_02_24,camera,ITI19,siena,0,eligible_voters,206305.0
2007,2013_02_24,camera,ITI19,siena,1,issued_ballots,167262.0
2008,2013_02_24,camera,ITI19,siena,2,cpi,388.0
2009,2013_02_24,camera,ITI19,siena,2,cd,467.0
2010,2013_02_24,camera,ITI19,siena,2,fli,1678.0
2011,2013_02_24,camera,ITI19,siena,2,fn,413.0
2012,2013_02_24,camera,ITI19,siena,2,fdi,2827.0
2013,2013_02_24,camera,ITI19,siena,2,fel,579.0
2014,2013_02_24,camera,ITI19,siena,2,pdl,24046.0
2015,2013_02_24,camera,ITI19,siena,2,iai,319.0
2016,2013_02_24,camera,ITI19,siena,2,ld,848.0
2017,2013_02_24,camera,ITI19,siena,2,lega,1185.0
2018,2013_02_24,camera,ITI19,siena,2,agl,426.0
2019,2013_02_24,camera,ITI19,siena,2,mir,282.0
2020,2013_02_24,camera,ITI19,siena,2,m5s,10176.0
2021,2013_02_24,camera,ITI19,siena,2,pcl,1017.0
2022,2013_02_24,camera,ITI19,siena,2,pd,66709.0
2023,2013_02_24,camera,ITI19,siena,2,rcv,4141.0
2024,2013_02_24,camera,ITI19,siena,2,scelta,12749.0
2025,2013_02_24,camera,ITI19,siena,2,sel,6871.0
2026,2013_02_24,camera,ITI19,siena,2,udc,223.0
2027,2013_02_24,camera,ITI1A,grosseto,0,eligible_voters,177785.0
2028,2013_02_24,camera,ITI1A,grosseto,1,issued_ballots,136265.0
2029,2013_02_24,camera,ITI1A,grosseto,2,cpi,190.0
2030,2013_02_24,camera,ITI1A,grosseto,2,cd,1263.0
2031,2013_02_24,camera,ITI1A,grosseto,2,fli,921.0
2032,2013_02_24,camera,ITI1A,grosseto,2,fn,403.0
2033,2013_02_24,camera,ITI1A,grosseto,2,fdi,3505.0
2034,2013_02_24,camera,ITI1A,grosseto,2,fel,576.0
2035,2013_02_24,camera,ITI1A,grosseto,2,pdl,26347.0
2036,2013_02_24,camera,ITI1A,grosseto,2,iai,212.0
2037,2013_02_24,camera,ITI1A,grosseto,2,ld,1169.0
2038,2013_02_24,camera,ITI1A,grosseto,2,lega,698.0
2039,2013_02_24,camera,ITI1A,grosseto,2,agl,324.0
2040,2013_02_24,camera,ITI1A,grosseto,2,mir,125.0
2041,2013_02_24,camera,ITI1A,grosseto,2,m5s,20603.0
2042,2013_02_24,camera,ITI1A,grosseto,2,pcl,530.0
2043,2013_02_24,camera,ITI1A,grosseto,2,pd,41095.0
2044,2013_02_24,camera,ITI1A,grosseto,2,rcv,3053.0
2045,2013_02_24,camera,ITI1A,grosseto,2,scelta,7933.0
2046,2013_02_24,camera,ITI1A,grosseto,2,sel,4092.0
2047,2013_02_24,camera,ITI1A,grosseto,2,udc,608.0
2048,2013_02_24,camera,ITI21,perugia,0,eligible_voters,503193.0
2049,2013_02_24,camera,ITI21,perugia,1,issued_ballots,403041.0
2050,2013_02_24,camera,ITI21,perugia,2,cd,1243.0
2051,2013_02_24,camera,ITI21,perugia,2,fli,3328.0
2052,2013_02_24,camera,ITI21,perugia,2,fdi,10314.0
2053,2013_02_24,camera,ITI21,perugia,2,fel,1831.0
2054,2013_02_24,camera,ITI21,perugia,2,gs,208.0
2055,2013_02_24,camera,ITI21,perugia,2,pdl,62096.0
2056,2013_02_24,camera,ITI21,perugia,2,ip,513.0
2057,2013_02_24,camera,ITI21,perugia,2,ld,4059.0
2058,2013_02_24,camera,ITI21,perugia,2,lega,2601.0
2059,2013_02_24,camera,ITI21,perugia,2,mir,870.0
2060,2013_02_24,camera,ITI21,perugia,2,m5s,37133.0
2061,2013_02_24,camera,ITI21,perugia,2,pd,124264.0
2062,2013_02_24,camera,ITI21,perugia,2,rcv,5508.0
2063,2013_02_24,camera,ITI21,perugia,2,scelta,31719.0
2064,2013_02_24,camera,ITI21,perugia,2,sel,12084.0
2065,2013_02_24,camera,ITI21,perugia,2,udc,5404.0
2066,2013_02_24,camera,ITI22,terni,0,eligible_voters,180641.0
2067,2013_02_24,camera,ITI22,terni,1,issued_ballots,140840.0
2068,2013_02_24,camera,ITI22,terni,2,cd,262.0
2069,2013_02_24,camera,ITI22,terni,2,fli,1010.0
2070,2013_02_24,camera,ITI22,terni,2,fdi,4259.0
2071,2013_02_24,camera,ITI22,terni,2,fel,557.0
2072,2013_02_24,camera,ITI22,terni,2,gs,66.0
2073,2013_02_24,camera,ITI22,terni,2,pdl,25321.0
2074,2013_02_24,camera,ITI22,terni,2,ip,274.0
2075,2013_02_24,camera,ITI22,terni,2,ld,1485.0
2076,2013_02_24,camera,ITI22,terni,2,lega,476.0
2077,2013_02_24,camera,ITI22,terni,2,mir,375.0
2078,2013_02_24,camera,ITI22,terni,2,m5s,32237.0
2079,2013_02_24,camera,ITI22,terni,2,pd,44556.0
2080,2013_02_24,camera,ITI22,terni,2,rcv,2887.0
2081,2013_02_24,camera,ITI22,terni,2,scelta,9691.0
2082,2013_02_24,camera,ITI22,terni,2,sel,4788.0
2083,2013_02_24,camera,ITI22,terni,2,udc,1401.0
2084,2013_02_24,camera,ITI31,pesaro e urbino,0,eligible_voters,247664.0
2085,2013_02_24,camera,ITI31,pesaro e urbino,1,issued_ballots,202828.0
2086,2013_02_24,camera,ITI31,pesaro e urbino,2,cpi,219.0
2087,2013_02_24,camera,ITI31,pesaro e urbino,2,cd,584.0
2088,2013_02_24,camera,ITI31,pesaro e urbino,2,fli,1983.0
2089,2013_02_24,camera,ITI31,pesaro e urbino,2,fn,800.0
2090,2013_02_24,camera,ITI31,pesaro e urbino,2,fdi,3045.0
2091,2013_02_24,camera,ITI31,pesaro e urbino,2,fel,637.0
2092,2013_02_24,camera,ITI31,pesaro e urbino,2,pdl,31974.0
2093,2013_02_24,camera,ITI31,pesaro e urbino,2,iai,613.0
2094,2013_02_24,camera,ITI31,pesaro e urbino,2,ld,1034.0
2095,2013_02_24,camera,ITI31,pesaro e urbino,2,lega,2072.0
2096,2013_02_24,camera,ITI31,pesaro e urbino,2,mir,402.0
2097,2013_02_24,camera,ITI31,pesaro e urbino,2,m5s,65375.0
2098,2013_02_24,camera,ITI31,pesaro e urbino,2,pcl,1303.0
2099,2013_02_24,camera,ITI31,pesaro e urbino,2,pd,59532.0
2100,2013_02_24,camera,ITI31,pesaro e urbino,2,rcv,3398.0
2101,2013_02_24,camera,ITI31,pesaro e urbino,2,scelta,16636.0
2102,2013_02_24,camera,ITI31,pesaro e urbino,2,sel,5177.0
2103,2013_02_24,camera,ITI31,pesaro e urbino,2,udc,2717.0
2104,2013_02_24,camera,ITI32,ancona,0,eligible_voters,363084.0
2105,2013_02_24,camera,ITI32,ancona,1,issued_ballots,291412.0
2106,2013_02_24,camera,ITI32,ancona,2,cpi,442.0
2107,2013_02_24,camera,ITI32,ancona,2,cd,1181.0
2108,2013_02_24,camera,ITI32,ancona,2,fli,3145.0
2109,2013_02_24,camera,ITI32,ancona,2,fn,1196.0
2110,2013_02_24,camera,ITI32,ancona,2,fdi,6420.0
2111,2013_02_24,camera,ITI32,ancona,2,fel,1409.0
2112,2013_02_24,camera,ITI32,ancona,2,pdl,41035.0
2113,2013_02_24,camera,ITI32,ancona,2,iai,873.0
2114,2013_02_24,camera,ITI32,ancona,2,ld,1567.0
2115,2013_02_24,camera,ITI32,ancona,2,lega,1611.0
2116,2013_02_24,camera,ITI32,ancona,2,mir,384.0
2117,2013_02_24,camera,ITI32,ancona,2,m5s,89148.0
2118,2013_02_24,camera,ITI32,ancona,2,pcl,1826.0
2119,2013_02_24,camera,ITI32,ancona,2,pd,85632.0
2120,2013_02_24,camera,ITI32,ancona,2,rcv,6829.0
2121,2013_02_24,camera,ITI32,ancona,2,scelta,25635.0
2122,2013_02_24,camera,ITI32,ancona,2,sel,10707.0
2123,2013_02_24,camera,ITI32,ancona,2,udc,5089.0
2124,2013_02_24,camera,ITI33,macerata,0,eligible_voters,244157.0
2125,2013_02_24,camera,ITI33,macerata,1,issued_ballots,192402.0
2126,2013_02_24,camera,ITI33,macerata,2,cpi,412.0
2127,2013_02_24,camera,ITI33,macerata,2,cd,811.0
2128,2013_02_24,camera,ITI33,macerata,2,fli,2200.0
2129,2013_02_24,camera,ITI33,macerata,2,fn,929.0
2130,2013_02_24,camera,ITI33,macerata,2,fdi,4899.0
2131,2013_02_24,camera,ITI33,macerata,2,fel,826.0
2132,2013_02_24,camera,ITI33,macerata,2,pdl,37839.0
2133,2013_02_24,camera,ITI33,macerata,2,iai,898.0
2134,2013_02_24,camera,ITI33,macerata,2,ld,1897.0
2135,2013_02_24,camera,ITI33,macerata,2,lega,1342.0
2136,2013_02_24,camera,ITI33,macerata,2,mir,262.0
2137,2013_02_24,camera,ITI33,macerata,2,m5s,57836.0
2138,2013_02_24,camera,ITI33,macerata,2,pcl,1106.0
2139,2013_02_24,camera,ITI33,macerata,2,pd,45255.0
2140,2013_02_24,camera,ITI33,macerata,2,rcv,3625.0
2141,2013_02_24,camera,ITI33,macerata,2,scelta,16217.0
2142,2013_02_24,camera,ITI33,macerata,2,sel,5261.0
2143,2013_02_24,camera,ITI33,macerata,2,udc,3995.0
2144,2013_02_24,camera,ITI34,ascoli piceno,0,eligible_voters,168847.0
2145,2013_02_24,camera,ITI34,ascoli piceno,1,issued_ballots,132311.0
2146,2013_02_24,camera,ITI34,ascoli piceno,2,cpi,686.0
2147,2013_02_24,camera,ITI34,ascoli piceno,2,cd,523.0
2148,2013_02_24,camera,ITI34,ascoli piceno,2,fli,1067.0
2149,2013_02_24,camera,ITI34,ascoli piceno,2,fn,473.0
2150,2013_02_24,camera,ITI34,ascoli piceno,2,fdi,3246.0
2151,2013_02_24,camera,ITI34,ascoli piceno,2,fel,555.0
2152,2013_02_24,camera,ITI34,ascoli piceno,2,pdl,25527.0
2153,2013_02_24,camera,ITI34,ascoli piceno,2,iai,718.0
2154,2013_02_24,camera,ITI34,ascoli piceno,2,ld,1024.0
2155,2013_02_24,camera,ITI34,ascoli piceno,2,lega,532.0
2156,2013_02_24,camera,ITI34,ascoli piceno,2,mir,223.0
2157,2013_02_24,camera,ITI34,ascoli piceno,2,m5s,41215.0
2158,2013_02_24,camera,ITI34,ascoli piceno,2,pcl,843.0
2159,2013_02_24,camera,ITI34,ascoli piceno,2,pd,32008.0
2160,2013_02_24,camera,ITI34,ascoli piceno,2,rcv,3612.0
2161,2013_02_24,camera,ITI34,ascoli piceno,2,scelta,9602.0
2162,2013_02_24,camera,ITI34,ascoli piceno,2,sel,3688.0
2163,2013_02_24,camera,ITI34,ascoli piceno,2,udc,2816.0
2164,2013_02_24,camera,ITI35,fermo,0,eligible_voters,135997.0
2165,2013_02_24,camera,ITI35,fermo,1,issued_ballots,106402.0
2166,2013_02_24,camera,ITI35,fermo,2,cpi,335.0
2167,2013_02_24,camera,ITI35,fermo,2,cd,399.0
2168,2013_02_24,camera,ITI35,fermo,2,fli,1168.0
2169,2013_02_24,camera,ITI35,fermo,2,fn,345.0
2170,2013_02_24,camera,ITI35,fermo,2,fdi,1952.0
2171,2013_02_24,camera,ITI35,fermo,2,fel,474.0
2172,2013_02_24,camera,ITI35,fermo,2,pdl,20953.0
2173,2013_02_24,camera,ITI35,fermo,2,iai,226.0
2174,2013_02_24,camera,ITI35,fermo,2,ld,848.0
2175,2013_02_24,camera,ITI35,fermo,2,lega,546.0
2176,2013_02_24,camera,ITI35,fermo,2,mir,141.0
2177,2013_02_24,camera,ITI35,fermo,2,m5s,33665.0
2178,2013_02_24,camera,ITI35,fermo,2,pcl,758.0
2179,2013_02_24,camera,ITI35,fermo,2,pd,26055.0
2180,2013_02_24,camera,ITI35,fermo,2,rcv,2461.0
2181,2013_02_24,camera,ITI35,fermo,2,scelta,7900.0
2182,2013_02_24,camera,ITI35,fermo,2,sel,2376.0
2183,2013_02_24,camera,ITI35,fermo,2,udc,1731.0
2184,2013_02_24,camera,ITI41,viterbo,0,eligible_voters,251501.0
2185,2013_02_24,camera,ITI41,viterbo,1,issued_ballots,197738.0
2186,2013_02_24,camera,ITI41,viterbo,2,cpi,1358.0
2187,2013_02_24,camera,ITI41,viterbo,2,cd,369.0
2188,2013_02_24,camera,ITI41,viterbo,2,da,105.0
2189,2013_02_24,camera,ITI41,viterbo,2,fli,936.0
2190,2013_02_24,camera,ITI41,viterbo,2,ft,729.0
2191,2013_02_24,camera,ITI41,viterbo,2,fn,481.0
2192,2013_02_24,camera,ITI41,viterbo,2,fdi,6968.0
2193,2013_02_24,camera,ITI41,viterbo,2,fel,987.0
2194,2013_02_24,camera,ITI41,viterbo,2,pdl,43884.0
2195,2013_02_24,camera,ITI41,viterbo,2,ip,119.0
2196,2013_02_24,camera,ITI41,viterbo,2,ld,4240.0
2197,2013_02_24,camera,ITI41,viterbo,2,lega,754.0
2198,2013_02_24,camera,ITI41,viterbo,2,mir,827.0
2199,2013_02_24,camera,ITI41,viterbo,2,m5s,59655.0
2200,2013_02_24,camera,ITI41,viterbo,2,pcl,918.0
2201,2013_02_24,camera,ITI41,viterbo,2,pd,43876.0
2202,2013_02_24,camera,ITI41,viterbo,2,rcv,4236.0
2203,2013_02_24,camera,ITI41,viterbo,2,scelta,10285.0
2204,2013_02_24,camera,ITI41,viterbo,2,sel,5360.0
2205,2013_02_24,camera,ITI41,viterbo,2,tipi,180.0
2206,2013_02_24,camera,ITI41,viterbo,2,udc,2960.0
2207,2013_02_24,camera,ITI42,rieti,0,eligible_voters,126662.0
2208,2013_02_24,camera,ITI42,rieti,1,issued_ballots,96344.0
2209,2013_02_24,camera,ITI42,rieti,2,cpi,407.0
2210,2013_02_24,camera,ITI42,rieti,2,cd,356.0
2211,2013_02_24,camera,ITI42,rieti,2,da,52.0
2212,2013_02_24,camera,ITI42,rieti,2,fli,369.0
2213,2013_02_24,camera,ITI42,rieti,2,ft,441.0
2214,2013_02_24,camera,ITI42,rieti,2,fn,248.0
2215,2013_02_24,camera,ITI42,rieti,2,fdi,3253.0
2216,2013_02_24,camera,ITI42,rieti,2,fel,407.0
2217,2013_02_24,camera,ITI42,rieti,2,pdl,20215.0
2218,2013_02_24,camera,ITI42,rieti,2,ip,96.0
2219,2013_02_24,camera,ITI42,rieti,2,ld,3069.0
2220,2013_02_24,camera,ITI42,rieti,2,lega,149.0
2221,2013_02_24,camera,ITI42,rieti,2,mir,146.0
2222,2013_02_24,camera,ITI42,rieti,2,m5s,27038.0
2223,2013_02_24,camera,ITI42,rieti,2,pcl,470.0
2224,2013_02_24,camera,ITI42,rieti,2,pd,23014.0
2225,2013_02_24,camera,ITI42,rieti,2,rcv,2089.0
2226,2013_02_24,camera,ITI42,rieti,2,scelta,5159.0
2227,2013_02_24,camera,ITI42,rieti,2,sel,3517.0
2228,2013_02_24,camera,ITI42,rieti,2,tipi,86.0
2229,2013_02_24,camera,ITI42,rieti,2,udc,1103.0
2230,2013_02_24,camera,ITI43,roma,0,eligible_voters,3202373.0
2231,2013_02_24,camera,ITI43,roma,1,issued_ballots,2483915.0
2232,2013_02_24,camera,ITI43,roma,2,cpi,11932.0
2233,2013_02_24,camera,ITI43,roma,2,cd,7198.0
2234,2013_02_24,camera,ITI43,roma,2,fli,20306.0
2235,2013_02_24,camera,ITI43,roma,2,ft,5764.0
2236,2013_02_24,camera,ITI43,roma,2,fn,8266.0
2237,2013_02_24,camera,ITI43,roma,2,fdi,58143.0
2238,2013_02_24,camera,ITI43,roma,2,fel,13169.0
2239,2013_02_24,camera,ITI43,roma,2,gs,1123.0
2240,2013_02_24,camera,ITI43,roma,2,pdl,497757.0
2241,2013_02_24,camera,ITI43,roma,2,ip,1598.0
2242,2013_02_24,camera,ITI43,roma,2,ld,42615.0
2243,2013_02_24,camera,ITI43,roma,2,lega,3046.0
2244,2013_02_24,camera,ITI43,roma,2,pli,4947.0
2245,2013_02_24,camera,ITI43,roma,2,agl,276.0
2246,2013_02_24,camera,ITI43,roma,2,mir,3207.0
2247,2013_02_24,camera,ITI43,roma,2,m5s,687626.0
2248,2013_02_24,camera,ITI43,roma,2,mpi,2083.0
2249,2013_02_24,camera,ITI43,roma,2,pcl,7927.0
2250,2013_02_24,camera,ITI43,roma,2,pd,654638.0
2251,2013_02_24,camera,ITI43,roma,2,rcv,65401.0
2252,2013_02_24,camera,ITI43,roma,2,scelta,170442.0
2253,2013_02_24,camera,ITI43,roma,2,sel,100699.0
2254,2013_02_24,camera,ITI43,roma,2,sdi,529.0
2255,2013_02_24,camera,ITI43,roma,2,udc,31249.0
2256,2013_02_24,camera,ITI43,roma,2,up,1278.0
2257,2013_02_24,camera,ITI44,latina,0,eligible_voters,444958.0
2258,2013_02_24,camera,ITI44,latina,1,issued_ballots,341744.0
2259,2013_02_24,camera,ITI44,latina,2,cpi,1525.0
2260,2013_02_24,camera,ITI44,latina,2,cd,851.0
2261,2013_02_24,camera,ITI44,latina,2,da,190.0
2262,2013_02_24,camera,ITI44,latina,2,fli,1831.0
2263,2013_02_24,camera,ITI44,latina,2,ft,967.0
2264,2013_02_24,camera,ITI44,latina,2,fn,1255.0
2265,2013_02_24,camera,ITI44,latina,2,fdi,13161.0
2266,2013_02_24,camera,ITI44,latina,2,fel,1527.0
2267,2013_02_24,camera,ITI44,latina,2,pdl,103801.0
2268,2013_02_24,camera,ITI44,latina,2,ip,645.0
2269,2013_02_24,camera,ITI44,latina,2,ld,5853.0
2270,2013_02_24,camera,ITI44,latina,2,lega,1002.0
2271,2013_02_24,camera,ITI44,latina,2,mir,617.0
2272,2013_02_24,camera,ITI44,latina,2,m5s,82933.0
2273,2013_02_24,camera,ITI44,latina,2,pcl,1175.0
2274,2013_02_24,camera,ITI44,latina,2,pd,63684.0
2275,2013_02_24,camera,ITI44,latina,2,rcv,5931.0
2276,2013_02_24,camera,ITI44,latina,2,scelta,20529.0
2277,2013_02_24,camera,ITI44,latina,2,sel,8213.0
2278,2013_02_24,camera,ITI44,latina,2,tipi,402.0
2279,2013_02_24,camera,ITI44,latina,2,udc,8547.0
2280,2013_02_24,camera,ITI45,frosinone,0,eligible_voters,404829.0
2281,2013_02_24,camera,ITI45,frosinone,1,issued_ballots,314050.0
2282,2013_02_24,camera,ITI45,frosinone,2,cpi,1027.0
2283,2013_02_24,camera,ITI45,frosinone,2,cd,950.0
2284,2013_02_24,camera,ITI45,frosinone,2,da,209.0
2285,2013_02_24,camera,ITI45,frosinone,2,fli,1323.0
2286,2013_02_24,camera,ITI45,frosinone,2,ft,1468.0
2287,2013_02_24,camera,ITI45,frosinone,2,fn,803.0
2288,2013_02_24,camera,ITI45,frosinone,2,fdi,5514.0
2289,2013_02_24,camera,ITI45,frosinone,2,fel,1517.0
2290,2013_02_24,camera,ITI45,frosinone,2,pdl,90687.0
2291,2013_02_24,camera,ITI45,frosinone,2,ip,339.0
2292,2013_02_24,camera,ITI45,frosinone,2,ld,5847.0
2293,2013_02_24,camera,ITI45,frosinone,2,lega,358.0
2294,2013_02_24,camera,ITI45,frosinone,2,mir,512.0
2295,2013_02_24,camera,ITI45,frosinone,2,m5s,71546.0
2296,2013_02_24,camera,ITI45,frosinone,2,pcl,1403.0
2297,2013_02_24,camera,ITI45,frosinone,2,pd,65572.0
2298,2013_02_24,camera,ITI45,frosinone,2,rcv,7181.0
2299,2013_02_24,camera,ITI45,frosinone,2,scelta,17810.0
2300,2013_02_24,camera,ITI45,frosinone,2,sel,9671.0
2301,2013_02_24,camera,ITI45,frosinone,2,tipi,784.0
2302,2013_02_24,camera,ITI45,frosinone,2,udc,5712.0
