,year,nuts_3_code,nuts_3_name,persons_20_and_older
0,2014,DE111,"Stuttgart, Stadtkreis",500630
1,2014,DE112,Böblingen,295906
2,2014,DE113,Esslingen,411992
3,2014,DE114,Göppingen,200694
4,2014,DE115,Ludwigsburg,418398
5,2014,DE116,Rems-Murr-Kreis,330152
6,2014,DE117,"Heilbronn, Stadtkreis",95258
7,2014,DE118,"Heilbronn, Landkreis",259792
8,2014,DE119,Hohenlohekreis,85966
9,2014,DE11A,Schwäbisch Hall,149193
10,2014,DE11B,Main-Tauber-Kreis,105167
11,2014,DE11C,Heidenheim,102894
12,2014,DE11D,Ostalbkreis,244186
13,2014,DE121,"Baden-Baden, Stadtkreis",44323
14,2014,DE122,"Karlsruhe, Stadtkreis",249459
15,2014,DE123,"Karlsruhe, Landkreis",347089
16,2014,DE124,Rastatt,181175
17,2014,DE125,"Heidelberg, Stadtkreis",127419
18,2014,DE126,"Mannheim, Stadtkreis",245288
19,2014,DE127,Neckar-Odenwald-Kreis,114395
20,2014,DE128,Rhein-Neckar-Kreis,429832
21,2014,DE129,"Pforzheim, Stadtkreis",95168
22,2014,DE12A,Calw,120862
23,2014,DE12B,Enzkreis,154571
24,2014,DE12C,Freudenstadt,91429
25,2014,DE131,"Freiburg im Breisgau, Stadtkreis",180831
26,2014,DE132,Breisgau-Hochschwarzwald,199673
27,2014,DE133,Emmendingen,126591
28,2014,DE134,Ortenaukreis,330399
29,2014,DE135,Rottweil,107662
30,2014,DE136,Schwarzwald-Baar-Kreis,166027
31,2014,DE137,Tuttlingen,105195
32,2014,DE138,Konstanz,221460
33,2014,DE139,Lörrach,177281
34,2014,DE13A,Waldshut,130386
35,2014,DE141,Reutlingen,221464
36,2014,DE142,"Tübingen, Landkreis",173639
37,2014,DE143,Zollernalbkreis,149366
38,2014,DE144,"Ulm, Stadtkreis",97285
39,2014,DE145,Alb-Donau-Kreis,147868
40,2014,DE146,Biberach,148305
41,2014,DE147,Bodenseekreis,167180
42,2014,DE148,Ravensburg,216481
43,2014,DE149,Sigmaringen,100746
44,2014,DE211,"Ingolstadt, Kreisfreie Stadt",105357
45,2014,DE212,"München, Kreisfreie Stadt",1175381
46,2014,DE213,"Rosenheim, Kreisfreie Stadt",49416
47,2014,DE214,Altötting,86526
48,2014,DE215,Berchtesgadener Land,84142
49,2014,DE216,Bad Tölz-Wolfratshausen,97973
50,2014,DE217,Dachau,115156
51,2014,DE218,Ebersberg,104522
52,2014,DE219,Eichstätt,99005
53,2014,DE21A,Erding,102502
54,2014,DE21B,Freising,134246
55,2014,DE21C,Fürstenfeldbruck,167145
56,2014,DE21D,Garmisch-Partenkirchen,70322
57,2014,DE21E,Landsberg am Lech,90587
58,2014,DE21F,Miesbach,77906
59,2014,DE21G,Mühldorf a. Inn,87573
60,2014,DE21H,"München, Landkreis",263224
61,2014,DE21I,Neuburg-Schrobenhausen,73768
62,2014,DE21J,Pfaffenhofen a. d. Ilm,95886
63,2014,DE21K,"Rosenheim, Landkreis",199703
64,2014,DE21L,Starnberg,104278
65,2014,DE21M,Traunstein,137863
66,2014,DE21N,Weilheim-Schongau,104148
67,2014,DE221,"Landshut, Kreisfreie Stadt",54983
68,2014,DE222,"Passau, Kreisfreie Stadt",41754
69,2014,DE223,"Straubing, Kreisfreie Stadt",38152
70,2014,DE224,Deggendorf,93504
71,2014,DE225,Freyung-Grafenau,63261
72,2014,DE226,Kelheim,91693
73,2014,DE227,"Landshut, Landkreis",119637
74,2014,DE228,"Passau, Landkreis",150794
75,2014,DE229,Regen,62578
76,2014,DE22A,Rottal-Inn,94851
77,2014,DE22B,Straubing-Bogen,77877
78,2014,DE22C,Dingolfing-Landau,74882
79,2014,DE231,"Amberg, Kreisfreie Stadt",34565
80,2014,DE232,"Regensburg, Kreisfreie Stadt",117965
81,2014,DE233,"Weiden i. d. Opf, Kreisfreie Stadt",34538
82,2014,DE234,Amberg-Sulzbach,83340
83,2014,DE235,Cham,102030
84,2014,DE236,Neumarkt i. d. OPf.,102150
85,2014,DE237,Neustadt a. d. Waldnaab,77061
86,2014,DE238,"Regensburg, Landkreis",149038
87,2014,DE239,Schwandorf,116346
88,2014,DE23A,Tirschenreuth,60075
89,2014,DE241,"Bamberg, Kreisfreie Stadt",59768
90,2014,DE242,"Bayreuth, Kreisfreie Stadt",60358
91,2014,DE243,"Coburg, Kreisfreie Stadt",34309
92,2014,DE244,"Hof, Kreisfreie Stadt",37171
93,2014,DE245,"Bamberg, Landkreis",115856
94,2014,DE246,"Bayreuth, Landkreis",85036
95,2014,DE247,"Coburg, Landkreis",71291
96,2014,DE248,Forchheim,91394
97,2014,DE249,"Hof, Landkreis",80548
98,2014,DE24A,Kronach,57110
99,2014,DE24B,Kulmbach,60232
100,2014,DE24C,Lichtenfels,54684
101,2014,DE24D,Wunsiedel i. Fichtelgebirge,61862
102,2014,DE251,"Ansbach, Kreisfreie Stadt",32678
103,2014,DE252,"Erlangen, Kreisfreie Stadt",86904
104,2014,DE253,"Fürth, Kreisfreie Stadt",97996
105,2014,DE254,"Nürnberg, Kreisfreie Stadt",414260
106,2014,DE255,"Schwabach, Kreisfreie Stadt",32068
107,2014,DE256,"Ansbach, Landkreis",142892
108,2014,DE257,Erlangen-Höchstadt,105910
109,2014,DE258,"Fürth, Landkreis",93353
110,2014,DE259,Nürnberger Land,134531
111,2014,DE25A,Neustadt a. d. Aisch-Bad Windsheim,78478
112,2014,DE25B,Roth,99290
113,2014,DE25C,Weißenburg-Gunzenhausen,74598
114,2014,DE261,"Aschaffenburg, Kreisfreie Stadt",55896
115,2014,DE262,"Schweinfurt, Kreisfreie Stadt",42942
116,2014,DE263,"Würzburg, Kreisfreie Stadt",107035
117,2014,DE264,"Aschaffenburg, Landkreis",140358
118,2014,DE265,Bad Kissingen,84435
119,2014,DE266,Rhön-Grabfeld,64504
120,2014,DE267,Haßberge,67904
121,2014,DE268,Kitzingen,71318
122,2014,DE269,Miltenberg,102882
123,2014,DE26A,Main-Spessart,103414
124,2014,DE26B,"Schweinfurt, Landkreis",91833
125,2014,DE26C,"Würzburg, Landkreis",128364
126,2014,DE271,"Augsburg, Kreisfreie Stadt",229600
127,2014,DE272,"Kaufbeuren, Kreisfreie Stadt",34163
128,2014,DE273,"Kempten (Allgäu), Kreisfreie Stadt",53700
129,2014,DE274,"Memmingen, Kreisfreie Stadt",34045
130,2014,DE275,Aichach-Friedberg,102112
131,2014,DE276,"Augsburg, Landkreis",192814
132,2014,DE277,Dillingen a.d. Donau,74211
133,2014,DE278,Günzburg,96309
134,2014,DE279,Neu-Ulm,134096
135,2014,DE27A,Lindau (Bodensee),63512
136,2014,DE27B,Ostallgäu,107275
137,2014,DE27C,Unterallgäu,109441
138,2014,DE27D,Donau-Ries,103298
139,2014,DE27E,Oberallgäu,121746
140,2014,DE300,Berlin,2842328
141,2014,DE401,"Brandenburg an der Havel, Kreisfreie Stadt",61310
142,2014,DE402,"Cottbus, Kreisfreie Stadt",85648
143,2014,DE403,"Frankfurt (Oder), Kreisfreie Stadt",49645
144,2014,DE404,"Potsdam, Kreisfreie Stadt",133187
145,2014,DE405,Barnim,145975
146,2014,DE406,Dahme-Spreewald,135231
147,2014,DE407,Elbe-Elster,91265
148,2014,DE408,Havelland,126744
149,2014,DE409,Märkisch-Oderland,158261
150,2014,DE40A,Oberhavel,168073
151,2014,DE40B,Oberspreewald-Lausitz,98242
152,2014,DE40C,Oder-Spree,150114
153,2014,DE40D,Ostprignitz-Ruppin,84191
154,2014,DE40E,Potsdam-Mittelmark,168761
155,2014,DE40F,Prignitz,67163
156,2014,DE40G,Spree-Neiße,102317
157,2014,DE40H,Teltow-Fläming,133925
158,2014,DE40I,Uckermark,103524
159,2014,DE501,"Bremen, Kreisfreie Stadt",454692
160,2014,DE502,"Bremerhaven, Kreisfreie Stadt",88977
161,2014,DE600,Hamburg,1437376
162,2014,DE711,"Darmstadt, Kreisfreie Stadt",123375
163,2014,DE712,"Frankfurt am Main, Kreisfreie Stadt",576997
164,2014,DE713,"Offenbach am Main, Kreisfreie Stadt",95322
165,2014,DE714,"Wiesbaden, Kreisfreie Stadt",221686
166,2014,DE715,Bergstraße,214289
167,2014,DE716,Darmstadt-Dieburg,230574
168,2014,DE717,Groß-Gerau,207006
169,2014,DE718,Hochtaunuskreis,183645
170,2014,DE719,Main-Kinzig-Kreis,328940
171,2014,DE71A,Main-Taunus-Kreis,183300
172,2014,DE71B,Odenwaldkreis,78479
173,2014,DE71C,"Offenbach, Landkreis",274395
174,2014,DE71D,Rheingau-Taunus-Kreis,147389
175,2014,DE71E,Wetteraukreis,238640
176,2014,DE721,"Gießen, Landkreis",208164
177,2014,DE722,Lahn-Dill-Kreis,203495
178,2014,DE723,Limburg-Weilburg,137045
179,2014,DE724,Marburg-Biedenkopf,196465
180,2014,DE725,Vogelsbergkreis,87821
181,2014,DE731,"Kassel, Kreisfreie Stadt",160451
182,2014,DE732,Fulda,173066
183,2014,DE733,Hersfeld-Rotenburg,98247
184,2014,DE734,"Kassel, Landkreis",192018
185,2014,DE735,Schwalm-Eder-Kreis,146962
186,2014,DE736,Waldeck-Frankenberg,127188
187,2014,DE737,Werra-Meißner-Kreis,83310
188,2014,DE803,"Rostock, Kreisfreie Stadt",174351
189,2014,DE804,"Schwerin, Kreisfreie Stadt",77563
190,2014,DE80J,Mecklenburgische Seenplatte,222340
191,2014,DE80K,Landkreis Rostock,176309
192,2014,DE80L,Vorpommern-Rügen,189950
193,2014,DE80M,Nordwestmecklenburg,129709
194,2014,DE80N,Vorpommern-Greifswald,202296
195,2014,DE80O,Ludwigslust-Parchim,178458
196,2014,DE911,"Braunschweig, Kreisfreie Stadt",206699
197,2014,DE912,"Salzgitter, Kreisfreie Stadt",80023
198,2014,DE913,"Wolfsburg, Kreisfreie Stadt",101419
199,2014,DE914,Gifhorn,136128
200,2014,DE916,Goslar,116039
201,2014,DE917,Helmstedt,74740
202,2014,DE918,Northeim,110822
203,2014,DE91A,Peine,104207
204,2014,DE91B,Wolfenbüttel,97849
205,2014,DE91C,Göttingen,266522
206,2014,DE922,Diepholz,169354
207,2014,DE923,Hameln-Pyrmont,121717
208,2014,DE925,Hildesheim,224515
209,2014,DE926,Holzminden,59132
210,2014,DE927,Nienburg (Weser),96521
211,2014,DE928,Schaumburg,127324
212,2014,DE929,Region Hannover,915432
213,2014,DE931,Celle,141411
214,2014,DE932,Cuxhaven,159619
215,2014,DE933,Harburg,194766
216,2014,DE934,Lüchow-Dannenberg,40188
217,2014,DE935,"Lüneburg, Landkreis",141476
218,2014,DE936,Osterholz,89636
219,2014,DE937,Rotenburg (Wümme),128294
220,2014,DE938,Heidekreis,109637
221,2014,DE939,Stade,156912
222,2014,DE93A,Uelzen,75614
223,2014,DE93B,Verden,105812
224,2014,DE941,"Delmenhorst, Kreisfreie Stadt",60283
225,2014,DE942,"Emden, Kreisfreie Stadt",40268
226,2014,DE943,"Oldenburg (Oldenburg), Kreisfreie Stadt",131201
227,2014,DE944,"Osnabrück, Kreisfreie Stadt",129487
228,2014,DE945,"Wilhelmshaven, Kreisfreie Stadt",63701
229,2014,DE946,Ammerland,95099
230,2014,DE947,Aurich,149576
231,2014,DE948,Cloppenburg,121779
232,2014,DE949,Emsland,246802
233,2014,DE94A,Friesland (DE),78763
234,2014,DE94B,Grafschaft Bentheim,105106
235,2014,DE94C,Leer,130862
236,2014,DE94D,"Oldenburg, Landkreis",100312
237,2014,DE94E,"Osnabrück, Landkreis",276657
238,2014,DE94F,Vechta,103040
239,2014,DE94G,Wesermarsch,71645
240,2014,DE94H,Wittmund,45176
241,2014,DEA11,"Düsseldorf, Kreisfreie Stadt",497477
242,2014,DEA12,"Duisburg, Kreisfreie Stadt",395991
243,2014,DEA13,"Essen, Kreisfreie Stadt",472209
244,2014,DEA14,"Krefeld, Kreisfreie Stadt",181570
245,2014,DEA15,"Mönchengladbach, Kreisfreie Stadt",208563
246,2014,DEA16,"Mülheim an der Ruhr, Kreisfreie Stadt",138311
247,2014,DEA17,"Oberhausen, Kreisfreie Stadt",172191
248,2014,DEA18,"Remscheid, Kreisfreie Stadt",88883
249,2014,DEA19,"Solingen, Kreisfreie Stadt",126164
250,2014,DEA1A,"Wuppertal, Kreisfreie Stadt",280589
251,2014,DEA1B,Kleve,243106
252,2014,DEA1C,Mettmann,389697
253,2014,DEA1D,Rhein-Kreis Neuss,356260
254,2014,DEA1E,Viersen,238844
255,2014,DEA1F,Wesel,374890
256,2014,DEA22,"Bonn, Kreisfreie Stadt",252061
257,2014,DEA23,"Köln, Kreisfreie Stadt",853091
258,2014,DEA24,"Leverkusen, Kreisfreie Stadt",130849
259,2014,DEA26,Düren,208418
260,2014,DEA27,Rhein-Erft-Kreis,368617
261,2014,DEA28,Euskirchen,150967
262,2014,DEA29,Heinsberg,199124
263,2014,DEA2A,Oberbergischer Kreis,215458
264,2014,DEA2B,Rheinisch-Bergischer Kreis,224548
265,2014,DEA2C,Rhein-Sieg-Kreis,464881
266,2014,DEA2D,Städteregion Aachen,445342
267,2014,DEA31,"Bottrop, Kreisfreie Stadt",95447
268,2014,DEA32,"Gelsenkirchen, Kreisfreie Stadt",209792
269,2014,DEA33,"Münster, Kreisfreie Stadt",248323
270,2014,DEA34,Borken,284449
271,2014,DEA35,Coesfeld,170394
272,2014,DEA36,Recklinghausen,503412
273,2014,DEA37,Steinfurt,341651
274,2014,DEA38,Warendorf,215955
275,2014,DEA41,"Bielefeld, Kreisfreie Stadt",266481
276,2014,DEA42,Gütersloh,278723
277,2014,DEA43,Herford,200780
278,2014,DEA44,Höxter,114230
279,2014,DEA45,Lippe,275411
280,2014,DEA46,Minden-Lübbecke,247341
281,2014,DEA47,Paderborn,235101
282,2014,DEA51,"Bochum, Kreisfreie Stadt",303320
283,2014,DEA52,"Dortmund, Kreisfreie Stadt",473671
284,2014,DEA53,"Hagen, Kreisfreie Stadt",152287
285,2014,DEA54,"Hamm, Kreisfreie Stadt",140899
286,2014,DEA55,"Herne, Kreisfreie Stadt",126831
287,2014,DEA56,Ennepe-Ruhr-Kreis,267380
288,2014,DEA57,Hochsauerlandkreis,210873
289,2014,DEA58,Märkischer Kreis,336368
290,2014,DEA59,Olpe,107660
291,2014,DEA5A,Siegen-Wittgenstein,224045
292,2014,DEA5B,Soest,236667
293,2014,DEA5C,Unna,319115
294,2014,DEB11,"Koblenz, Kreisfreie Stadt",92509
295,2014,DEB12,Ahrweiler,103483
296,2014,DEB13,Altenkirchen (Westerwald),103839
297,2014,DEB14,Bad Kreuznach,126595
298,2014,DEB15,Birkenfeld,66752
299,2014,DEB17,Mayen-Koblenz,170830
300,2014,DEB18,Neuwied,144568
301,2014,DEB1A,Rhein-Lahn-Kreis,99707
302,2014,DEB1B,Westerwaldkreis,159945
303,2014,DEB1C,Cochem-Zell,51787
304,2014,DEB1D,Rhein-Hunsrück-Kreis,82057
305,2014,DEB21,"Trier, Kreisfreie Stadt",90160
306,2014,DEB22,Bernkastel-Wittlich,90397
307,2014,DEB23,Eifelkreis Bitburg-Prüm,77514
308,2014,DEB24,Vulkaneifel,49518
309,2014,DEB25,Trier-Saarburg,116398
310,2014,DEB31,"Frankenthal (Pfalz), Kreisfreie Stadt",38670
311,2014,DEB32,"Kaiserslautern, Kreisfreie Stadt",81017
312,2014,DEB33,"Landau in der Pfalz, Kreisfreie Stadt",36173
313,2014,DEB34,"Ludwigshafen am Rhein, Kreisfreie Stadt",130189
314,2014,DEB35,"Mainz, Kreisfreie Stadt",170727
315,2014,DEB36,"Neustadt an der Weinstraße, Kreisfreie Stadt",43277
316,2014,DEB37,"Pirmasens, Kreisfreie Stadt",33435
317,2014,DEB38,"Speyer, Kreisfreie Stadt",40495
318,2014,DEB39,"Worms, Kreisfreie Stadt",64927
319,2014,DEB3A,"Zweibrücken, Kreisfreie Stadt",28052
320,2014,DEB3B,Alzey-Worms,100722
321,2014,DEB3C,Bad Dürkheim,107706
322,2014,DEB3D,Donnersbergkreis,60604
323,2014,DEB3E,Germersheim,101233
324,2014,DEB3F,"Kaiserslautern, Landkreis",84189
325,2014,DEB3G,Kusel,58662
326,2014,DEB3H,Südliche Weinstraße,89170
327,2014,DEB3I,Rhein-Pfalz-Kreis,121922
328,2014,DEB3J,Mainz-Bingen,163876
329,2014,DEB3K,Südwestpfalz,80417
330,2014,DEC01,Regionalverband Saarbrücken,273049
331,2014,DEC02,Merzig-Wadern,84813
332,2014,DEC03,Neunkirchen,111954
333,2014,DEC04,Saarlouis,163194
334,2014,DEC05,Saarpfalz-Kreis,120330
335,2014,DEC06,St. Wendel,74076
336,2014,DED21,"Dresden, Kreisfreie Stadt",442297
337,2014,DED2C,Bautzen,259383
338,2014,DED2D,Görlitz,222425
339,2014,DED2E,Meißen,204831
340,2014,DED2F,Sächsische Schweiz-Osterzgebirge,205945
341,2014,DED41,"Chemnitz, Kreisfreie Stadt",206687
342,2014,DED42,Erzgebirgskreis,297071
343,2014,DED43,Mittelsachsen,266993
344,2014,DED44,Vogtlandkreis,200224
345,2014,DED45,Zwickau,278991
346,2014,DED51,"Leipzig, Kreisfreie Stadt",448225
347,2014,DED52,Leipzig,217429
348,2014,DED53,Nordsachsen,167174
349,2014,DEE01,"Dessau-Roßlau, Kreisfreie Stadt",72638
350,2014,DEE02,"Halle (Saale), Kreisfreie Stadt",196050
351,2014,DEE03,"Magdeburg, Kreisfreie Stadt",196738
352,2014,DEE04,Altmarkkreis Salzwedel,72462
353,2014,DEE05,Anhalt-Bitterfeld,143604
354,2014,DEE06,Jerichower Land,78091
355,2014,DEE07,Börde,145971
356,2014,DEE08,Burgenlandkreis,159247
357,2014,DEE09,Harz,189383
358,2014,DEE0A,Mansfeld-Südharz,123545
359,2014,DEE0B,Saalekreis,159615
360,2014,DEE0C,Salzlandkreis,170420
361,2014,DEE0D,Stendal,97736
362,2014,DEE0E,Wittenberg,111433
363,2014,DEF01,"Flensburg, Kreisfreie Stadt",69395
364,2014,DEF02,"Kiel, Kreisfreie Stadt",202154
365,2014,DEF03,"Lübeck, Kreisfreie Stadt",176759
366,2014,DEF04,"Neumünster, Kreisfreie Stadt",62666
367,2014,DEF05,Dithmarschen,107112
368,2014,DEF06,Herzogtum Lauenburg,152220
369,2014,DEF07,Nordfriesland,130903
370,2014,DEF08,Ostholstein,163932
371,2014,DEF09,Pinneberg,243662
372,2014,DEF0A,Plön,102879
373,2014,DEF0B,Rendsburg-Eckernförde,214763
374,2014,DEF0C,Schleswig-Flensburg,156162
375,2014,DEF0D,Segeberg,212515
376,2014,DEF0E,Steinburg,104948
377,2014,DEF0F,Stormarn,188867
378,2014,DEG01,"Erfurt, Kreisfreie Stadt",172237
379,2014,DEG02,"Gera, Kreisfreie Stadt",82133
380,2014,DEG03,"Jena, Kreisfreie Stadt",91044
381,2014,DEG04,"Suhl, Kreisfreie Stadt (NUTS 2021)",31277
382,2014,DEG05,"Weimar, Kreisfreie Stadt",52721
383,2014,DEG06,Eichsfeld,83395
384,2014,DEG07,Nordhausen,72356
385,2014,DEG09,Unstrut-Hainich-Kreis,87250
386,2014,DEG0A,Kyffhäuserkreis,66265
387,2014,DEG0B,Schmalkalden-Meiningen (NUTS 2021),107420
388,2014,DEG0C,Gotha,113851
389,2014,DEG0D,Sömmerda,59656
390,2014,DEG0E,Hildburghausen,55334
391,2014,DEG0F,Ilm-Kreis (NUTS 2021),92970
392,2014,DEG0G,Weimarer Land,68108
393,2014,DEG0H,Sonneberg (NUTS 2021),49348
394,2014,DEG0I,Saalfeld-Rudolstadt (NUTS 2021),94888
395,2014,DEG0J,Saale-Holzland-Kreis,71012
396,2014,DEG0K,Saale-Orla-Kreis,71039
397,2014,DEG0L,Greiz,87601
398,2014,DEG0M,Altenburger Land,80906
399,2014,DEG0N,"Eisenach, Kreisfreie Stadt (NUTS 2021)",35233
400,2014,DEG0P,Wartburgkreis (NUTS 2021),106977
401,2014,DEG0Q,Schmalkalden-Meiningen,107420
402,2014,DEG0R,Wartburgkreis,142210
403,2014,DEG0S,"Suhl, Kreisfreie Stadt",31277
404,2014,DEG0T,Ilm-Kreis,92970
405,2014,DEG0U,Saalfeld-Rudolstadt,94888
406,2014,DEG0V,Sonneberg,49348
407,2014,ES111,A Coruña,952987
408,2014,ES112,Lugo,296629
409,2014,ES113,Ourense,279105
410,2014,ES114,Pontevedra,784434
411,2014,ES120,Asturias,905503
412,2014,ES130,Cantabria,484306
413,2014,ES211,Araba/Álava,261198
414,2014,ES212,Gipuzkoa,574890
415,2014,ES213,Bizkaia,945088
416,2014,ES220,Navarra,506962
417,2014,ES230,La Rioja,254527
418,2014,ES241,Huesca,183398
419,2014,ES242,Teruel,115110
420,2014,ES243,Zaragoza,785435
421,2014,ES300,Madrid,5083150
422,2014,ES411,Ávila,138892
423,2014,ES412,Burgos,302789
424,2014,ES413,León,413109
425,2014,ES414,Palencia,141601
426,2014,ES415,Salamanca,288818
427,2014,ES416,Segovia,129745
428,2014,ES417,Soria,76895
429,2014,ES418,Valladolid,436269
430,2014,ES419,Zamora,160795
431,2014,ES421,Albacete,315302
432,2014,ES422,Ciudad Real,414238
433,2014,ES423,Cuenca,170999
434,2014,ES424,Guadalajara,199718
435,2014,ES425,Toledo,546094
436,2014,ES431,Badajoz,549146
437,2014,ES432,Cáceres,334748
438,2014,ES511,Barcelona,4354541
439,2014,ES512,Girona,586053
440,2014,ES513,Lleida,346516
441,2014,ES514,Tarragona,627738
442,2014,ES521,Alicante/Alacant,1485651
443,2014,ES522,Castellón/Castelló,463222
444,2014,ES523,Valencia/València,2024168
445,2014,ES531,Eivissa y Formentera,123036
446,2014,ES532,Mallorca,686793
447,2014,ES533,Menorca,74149
448,2014,ES611,Almería,534183
449,2014,ES612,Cádiz,969919
450,2014,ES613,Córdoba,631889
451,2014,ES614,Granada,723370
452,2014,ES615,Huelva,409169
453,2014,ES616,Jaén,519827
454,2014,ES617,Málaga,1275086
455,2014,ES618,Sevilla,1500450
456,2014,ES620,Murcia,1126406
457,2014,ES630,Ceuta,61608
458,2014,ES640,Melilla,58681
459,2014,ES703,El Hierro,8700
460,2014,ES704,Fuerteventura,83359
461,2014,ES705,Gran Canaria,682056
462,2014,ES706,La Gomera,17574
463,2014,ES707,La Palma,68443
464,2014,ES708,Lanzarote,109451
465,2014,ES709,Tenerife,720612
466,2014,FR101,Paris,1782824
467,2014,FR102,Seine-et-Marne,991754
468,2014,FR103,Yvelines,1038271
469,2014,FR104,Essonne,920917
470,2014,FR105,Hauts-de-Seine,1194864
471,2014,FR106,Seine-Saint-Denis,1116806
472,2014,FR107,Val-de-Marne,1013033
473,2014,FR108,Val-d'Oise,861713
474,2014,FRB01,Cher,242641
475,2014,FRB02,Eure-et-Loir,323279
476,2014,FRB03,Indre,179211
477,2014,FRB04,Indre-et-Loire,458939
478,2014,FRB05,Loir-et-Cher,255886
479,2014,FRB06,Loiret,500185
480,2014,FRC11,Côte-d’Or,405599
481,2014,FRC12,Nièvre,170851
482,2014,FRC13,Saône-et-Loire,433238
483,2014,FRC14,Yonne,262081
484,2014,FRC21,Doubs,401937
485,2014,FRC22,Jura,199112
486,2014,FRC23,Haute-Saône,181737
487,2014,FRC24,Territoire de Belfort,108425
488,2014,FRD11,Calvados,520652
489,2014,FRD12,Manche,384927
490,2014,FRD13,Orne,221793
491,2014,FRD21,Eure,441024
492,2014,FRD22,Seine-Maritime,943913
493,2014,FRE11,Nord,1903458
494,2014,FRE12,Pas-de-Calais,1083449
495,2014,FRE21,Aisne,402824
496,2014,FRE22,Oise,598912
497,2014,FRE23,Somme,429043
498,2014,FRF11,Bas-Rhin,850463
499,2014,FRF12,Haut-Rhin,577439
500,2014,FRF21,Ardennes,211646
501,2014,FRF22,Aube,232831
502,2014,FRF23,Marne,429667
503,2014,FRF24,Haute-Marne,141208
504,2014,FRF31,Meurthe-et-Moselle,556701
505,2014,FRF32,Meuse,146615
506,2014,FRF33,Moselle,805809
507,2014,FRF34,Vosges,287779
508,2014,FRG01,Loire-Atlantique,998378
509,2014,FRG02,Maine-et-Loire,593591
510,2014,FRG03,Mayenne,228305
511,2014,FRG04,Sarthe,426367
512,2014,FRG05,Vendée,503188
513,2014,FRH01,Côtes-d’Armor,459489
514,2014,FRH02,Finistère,694988
515,2014,FRH03,Ille-et-Vilaine,765038
516,2014,FRH04,Morbihan,568052
517,2014,FRI11,Dordogne,333246
518,2014,FRI12,Gironde,1163447
519,2014,FRI13,Landes,313062
520,2014,FRI14,Lot-et-Garonne,260898
521,2014,FRI15,Pyrénées-Atlantiques,521903
522,2014,FRI21,Corrèze,191962
523,2014,FRI22,Creuse,98148
524,2014,FRI23,Haute-Vienne,294762
525,2014,FRI31,Charente,277886
526,2014,FRI32,Charente-Maritime,501358
527,2014,FRI33,Deux-Sèvres,285849
528,2014,FRI34,Vienne,331642
529,2014,FRJ11,Aude,284576
530,2014,FRJ12,Gard,561012
531,2014,FRJ13,Hérault,850580
532,2014,FRJ14,Lozère,60185
533,2014,FRJ15,Pyrénées-Orientales,360963
534,2014,FRJ21,Ariège,120298
535,2014,FRJ22,Aveyron,220369
536,2014,FRJ23,Haute-Garonne,998982
537,2014,FRJ24,Gers,151057
538,2014,FRJ25,Lot,139093
539,2014,FRJ26,Hautes-Pyrénées,181355
540,2014,FRJ27,Tarn,297783
541,2014,FRJ28,Tarn-et-Garonne,191382
542,2014,FRK11,Allier,270992
543,2014,FRK12,Cantal,118492
544,2014,FRK13,Haute-Loire,174244
545,2014,FRK14,Puy-de-Dôme,499552
546,2014,FRK21,Ain,461643
547,2014,FRK22,Ardèche,249020
548,2014,FRK23,Drôme,376628
549,2014,FRK24,Isère,920282
550,2014,FRK25,Loire,572295
551,2014,FRK26,Rhône,1336250
552,2014,FRK27,Savoie,325782
553,2014,FRK28,Haute-Savoie,586851
554,2014,FRL01,Alpes-de-Haute-Provence,126399
555,2014,FRL02,Hautes-Alpes,108214
556,2014,FRL03,Alpes-Maritimes,853129
557,2014,FRL04,Bouches-du-Rhône,1522017
558,2014,FRL05,Var,816212
559,2014,FRL06,Vaucluse,420302
560,2014,FRM01,Corse-du-Sud,120595
561,2014,FRM02,Haute-Corse,137701
562,2014,FRXXX,Not regionalised/Unknown NUTS 3,0
563,2014,FRY10,Guadeloupe,315900
564,2014,FRY20,Martinique,288959
565,2014,FRY30,Guyane,143723
566,2014,FRY40,La Réunion,572962
567,2014,FRY50,Mayotte,101848
568,2014,HU110,Budapest,1433955
569,2014,HU120,Pest,948980
570,2014,HU211,Fejér,336446
571,2014,HU212,Komárom-Esztergom,241512
572,2014,HU213,Veszprém,282658
573,2014,HU221,Győr-Moson-Sopron,358813
574,2014,HU222,Vas,206106
575,2014,HU223,Zala,229259
576,2014,HU231,Baranya,302352
577,2014,HU232,Somogy,254060
578,2014,HU233,Tolna,183987
579,2014,HU311,Borsod-Abaúj-Zemplén,526275
580,2014,HU312,Heves,242006
581,2014,HU313,Nógrád,158700
582,2014,HU321,Hajdú-Bihar,423098
583,2014,HU322,Jász-Nagykun-Szolnok,304919
584,2014,HU323,Szabolcs-Szatmár-Bereg,428275
585,2014,HU331,Bács-Kiskun,413649
586,2014,HU332,Békés,286332
587,2014,HU333,Csongrád-Csanád,329399
588,2014,HUXXX,Not regionalised/Unknown NUTS 3,0
589,2014,ITC11,Torino,1888218
590,2014,ITC12,Vercelli,148378
591,2014,ITC13,Biella,153152
592,2014,ITC14,Verbano-Cusio-Ossola,134807
593,2014,ITC15,Novara,304265
594,2014,ITC16,Cuneo,483270
595,2014,ITC17,Asti,182283
596,2014,ITC18,Alessandria,366131
597,2014,ITC20,Valle d’Aosta/Vallée d’Aoste,104802
598,2014,ITC31,Imperia,182281
599,2014,ITC32,Savona,238678
600,2014,ITC33,Genova,726640
601,2014,ITC34,La Spezia,187018
602,2014,ITC41,Varese,721588
603,2014,ITC42,Como,485073
604,2014,ITC43,Lecco,273516
605,2014,ITC44,Sondrio,148659
606,2014,ITC46,Bergamo,880244
607,2014,ITC47,Brescia,1005143
608,2014,ITC48,Pavia,453777
609,2014,ITC49,Lodi,184749
610,2014,ITC4A,Cremona,296357
611,2014,ITC4B,Mantova,338017
612,2014,ITC4C,Milano,2588717
613,2014,ITC4D,Monza e della Brianza,694443
614,2014,ITF11,L’Aquila,254887
615,2014,ITF12,Teramo,254815
616,2014,ITF13,Pescara,263512
617,2014,ITF14,Chieti,324167
618,2014,ITF21,Isernia,72921
619,2014,ITF22,Campobasso,186972
620,2014,ITF31,Caserta,712936
621,2014,ITF32,Benevento,230957
622,2014,ITF33,Napoli,2375715
623,2014,ITF34,Avellino,350178
624,2014,ITF35,Salerno,886099
625,2014,ITF43,Taranto,471639
626,2014,ITF44,Brindisi,326247
627,2014,ITF45,Lecce,659868
628,2014,ITF46,Foggia,501025
629,2014,ITF47,Bari,1010464
630,2014,ITF48,Barletta-Andria-Trani,308675
631,2014,ITF51,Potenza,309240
632,2014,ITF52,Matera,163263
633,2014,ITF61,Cosenza,584118
634,2014,ITF62,Crotone,134801
635,2014,ITF63,Catanzaro,292801
636,2014,ITF64,Vibo Valentia,129292
637,2014,ITF65,Reggio Calabria,440416
638,2014,ITG11,Trapani,348886
639,2014,ITG12,Palermo,995972
640,2014,ITG13,Messina,529546
641,2014,ITG14,Agrigento,356592
642,2014,ITG15,Caltanissetta,214735
643,2014,ITG16,Enna,137928
644,2014,ITG17,Catania,865010
645,2014,ITG18,Ragusa,252257
646,2014,ITG19,Siracusa,324805
647,2014,ITG25,Sassari (NUTS 2016),279723
648,2014,ITG26,Nuoro (NUTS 2016),131224
649,2014,ITG27,Cagliari (NUTS 2016),468687
650,2014,ITG28,Oristano (NUTS 2016),138514
651,2014,ITG29,Olbia-Tempio (NUTS 2016),130476
652,2014,ITG2A,Ogliastra (NUTS 2016),47717
653,2014,ITG2B,Medio Campidano (NUTS 2016),84913
654,2014,ITG2C,Carbonia-Iglesias (NUTS 2016),109812
655,2014,ITG2D,Sassari,405956
656,2014,ITG2E,Nuoro,177039
657,2014,ITG2F,Cagliari,356594
658,2014,ITG2G,Oristano,137161
659,2014,ITG2H,Sud Sardegna,304559
660,2014,ITH10,Bolzano-Bozen,403022
661,2014,ITH20,Trento,427936
662,2014,ITH31,Verona,740493
663,2014,ITH32,Vicenza,693348
664,2014,ITH33,Belluno,172523
665,2014,ITH34,Treviso,708967
666,2014,ITH35,Venezia,706085
667,2014,ITH36,Padova,759604
668,2014,ITH37,Rovigo,205426
669,2014,ITH41,Pordenone,255413
670,2014,ITH42,Udine,449574
671,2014,ITH43,Gorizia,117439
672,2014,ITH44,Trieste,197773
673,2014,ITH51,Piacenza,239183
674,2014,ITH52,Parma,365080
675,2014,ITH53,Reggio nell’Emilia,425430
676,2014,ITH54,Modena,567634
677,2014,ITH55,Bologna,828970
678,2014,ITH56,Ferrara,302120
679,2014,ITH57,Ravenna,324612
680,2014,ITH58,Forlì-Cesena,325356
681,2014,ITH59,Rimini,271101
682,2014,ITI11,Massa-Carrara,168794
683,2014,ITI12,Lucca,327498
684,2014,ITI13,Pistoia,241575
685,2014,ITI14,Firenze,829670
686,2014,ITI15,Prato,206122
687,2014,ITI16,Livorno,284837
688,2014,ITI17,Pisa,347812
689,2014,ITI18,Arezzo,287162
690,2014,ITI19,Siena,225151
691,2014,ITI1A,Grosseto,189841
692,2014,ITI21,Perugia,544789
693,2014,ITI22,Terni,192871
694,2014,ITI31,Pesaro e Urbino,296896
695,2014,ITI32,Ancona,392423
696,2014,ITI33,Macerata,264559
697,2014,ITI34,Ascoli Piceno,175419
698,2014,ITI35,Fermo,145377
699,2014,ITI41,Viterbo,264329
700,2014,ITI42,Rieti,131919
701,2014,ITI43,Roma,3413341
702,2014,ITI44,Latina,453889
703,2014,ITI45,Frosinone,406654
704,2014,PL213,Miasto Kraków,619777
705,2014,PL214,Krakowski,540502
706,2014,PL217,Tarnowski,351102
707,2014,PL218,Nowosądecki,392139
708,2014,PL219,Nowotarski,252931
709,2014,PL21A,Oświęcimski,438345
710,2014,PL224,Częstochowski,423389
711,2014,PL225,Bielski,519853
712,2014,PL227,Rybnicki,497595
713,2014,PL228,Bytomski,355001
714,2014,PL229,Gliwicki,385303
715,2014,PL22A,Katowicki,616142
716,2014,PL22B,Sosnowiecki,575242
717,2014,PL22C,Tyski,306286
718,2014,PL411,Pilski,316001
719,2014,PL414,Koniński,510507
720,2014,PL415,Miasto Poznań,451591
721,2014,PL416,Kaliski,521941
722,2014,PL417,Leszczyński,423413
723,2014,PL418,Poznański,470378
724,2014,PL424,Miasto Szczecin,335012
725,2014,PL426,Koszaliński,281617
726,2014,PL427,Szczecinecko-pyrzycki,336487
727,2014,PL428,Szczeciński,398050
728,2014,PL431,Gorzowski,301320
729,2014,PL432,Zielonogórski,496517
730,2014,PL514,Miasto Wrocław,522417
731,2014,PL515,Jeleniogórski,456942
732,2014,PL516,Legnicko-głogowski,355631
733,2014,PL517,Wałbrzyski,542235
734,2014,PL518,Wrocławski,443851
735,2014,PL523,Nyski,298450
736,2014,PL524,Opolski,478004
737,2014,PL613,Bydgosko-toruński,616045
738,2014,PL616,Grudziądzki,300633
739,2014,PL617,Inowrocławski,286202
740,2014,PL618,Świecki,143425
741,2014,PL619,Włocławski,286908
742,2014,PL621,Elbląski,409691
743,2014,PL622,Olsztyński,484431
744,2014,PL623,Ełcki,219765
745,2014,PL633,Trójmiejski,610048
746,2014,PL634,Gdański,405428
747,2014,PL636,Słupski,257298
748,2014,PL637,Chojnicki,167137
749,2014,PL638,Starogardzki,326891
750,2014,PL711,Miasto Łódź,597572
751,2014,PL712,Łódzki,307813
752,2014,PL713,Piotrkowski,465886
753,2014,PL714,Sieradzki,354872
754,2014,PL715,Skierniewicki,292413
755,2014,PL721,Kielecki,617901
756,2014,PL722,Sandomiersko-jędrzejowski,387275
757,2014,PL811,Bialski,237143
758,2014,PL812,Chełmsko-zamojski,504332
759,2014,PL814,Lubelski,566250
760,2014,PL815,Puławski,381135
761,2014,PL821,Krośnieński,371097
762,2014,PL822,Przemyski,304720
763,2014,PL823,Rzeszowski,479938
764,2014,PL824,Tarnobrzeski,471579
765,2014,PL841,Białostocki,403544
766,2014,PL842,Łomżyński,312618
767,2014,PL843,Suwalski,208896
768,2014,PL911,Miasto Warszawa,1418272
769,2014,PL912,Warszawski wschodni,468723
770,2014,PL913,Warszawski zachodni,472377
771,2014,PL921,Radomski,483309
772,2014,PL922,Ciechanowski,267322
773,2014,PL923,Płocki,260893
774,2014,PL924,Ostrołęcki,296126
775,2014,PL925,Siedlecki,325056
776,2014,PL926,Żyrardowski,203961
777,2014,RO111,Bihor,449213
778,2014,RO112,Bistriţa-Năsăud,215250
779,2014,RO113,Cluj,575476
780,2014,RO114,Maramureş,367339
781,2014,RO115,Satu Mare,263453
782,2014,RO116,Sălaj,170143
783,2014,RO121,Alba,268226
784,2014,RO122,Braşov,439330
785,2014,RO123,Covasna,160762
786,2014,RO124,Harghita,240657
787,2014,RO125,Mureş,426668
788,2014,RO126,Sibiu,313271
789,2014,RO211,Bacău,461406
790,2014,RO212,Botoşani,302232
791,2014,RO213,Iaşi,593044
792,2014,RO214,Neamţ,356581
793,2014,RO215,Suceava,470439
794,2014,RO216,Vaslui,288145
795,2014,RO221,Brăila,250855
796,2014,RO222,Buzău,348791
797,2014,RO223,Constanţa,540502
798,2014,RO224,Galaţi,414087
799,2014,RO225,Tulcea,163542
800,2014,RO226,Vrancea,258950
801,2014,RO311,Argeş,484344
802,2014,RO312,Călăraşi,233109
803,2014,RO313,Dâmboviţa,402943
804,2014,RO314,Giurgiu,219341
805,2014,RO315,Ialomiţa,207010
806,2014,RO316,Prahova,605237
807,2014,RO317,Teleorman,297270
808,2014,RO321,Bucureşti,1563265
809,2014,RO322,Ilfov,326461
810,2014,RO411,Dolj,522537
811,2014,RO412,Gorj,263208
812,2014,RO413,Mehedinţi,205976
813,2014,RO414,Olt,337776
814,2014,RO415,Vâlcea,292266
815,2014,RO421,Arad,340119
816,2014,RO422,Caraş-Severin,230598
817,2014,RO423,Hunedoara,329429
818,2014,RO424,Timiş,566025
819,2015,DE111,"Stuttgart, Stadtkreis",507243
820,2015,DE112,Böblingen,299443
821,2015,DE113,Esslingen,416580
822,2015,DE114,Göppingen,202179
823,2015,DE115,Ludwigsburg,422839
824,2015,DE116,Rems-Murr-Kreis,333355
825,2015,DE117,"Heilbronn, Stadtkreis",96654
826,2015,DE118,"Heilbronn, Landkreis",263098
827,2015,DE119,Hohenlohekreis,86933
828,2015,DE11A,Schwäbisch Hall,150571
829,2015,DE11B,Main-Tauber-Kreis,105936
830,2015,DE11C,Heidenheim,103809
831,2015,DE11D,Ostalbkreis,246045
832,2015,DE121,"Baden-Baden, Stadtkreis",44689
833,2015,DE122,"Karlsruhe, Stadtkreis",250432
834,2015,DE123,"Karlsruhe, Landkreis",349306
835,2015,DE124,Rastatt,182653
836,2015,DE125,"Heidelberg, Stadtkreis",129455
837,2015,DE126,"Mannheim, Stadtkreis",247759
838,2015,DE127,Neckar-Odenwald-Kreis,114782
839,2015,DE128,Rhein-Neckar-Kreis,433105
840,2015,DE129,"Pforzheim, Stadtkreis",96362
841,2015,DE12A,Calw,122218
842,2015,DE12B,Enzkreis,155680
843,2015,DE12C,Freudenstadt,92081
844,2015,DE131,"Freiburg im Breisgau, Stadtkreis",182245
845,2015,DE132,Breisgau-Hochschwarzwald,202326
846,2015,DE133,Emmendingen,128124
847,2015,DE134,Ortenaukreis,333381
848,2015,DE135,Rottweil,108508
849,2015,DE136,Schwarzwald-Baar-Kreis,167031
850,2015,DE137,Tuttlingen,106348
851,2015,DE138,Konstanz,223594
852,2015,DE139,Lörrach,178933
853,2015,DE13A,Waldshut,131491
854,2015,DE141,Reutlingen,223678
855,2015,DE142,"Tübingen, Landkreis",175431
856,2015,DE143,Zollernalbkreis,151054
857,2015,DE144,"Ulm, Stadtkreis",98513
858,2015,DE145,Alb-Donau-Kreis,149265
859,2015,DE146,Biberach,149879
860,2015,DE147,Bodenseekreis,169201
861,2015,DE148,Ravensburg,218569
862,2015,DE149,Sigmaringen,101544
863,2015,DE211,"Ingolstadt, Kreisfreie Stadt",106909
864,2015,DE212,"München, Kreisfreie Stadt",1191149
865,2015,DE213,"Rosenheim, Kreisfreie Stadt",49746
866,2015,DE214,Altötting,87064
867,2015,DE215,Berchtesgadener Land,84741
868,2015,DE216,Bad Tölz-Wolfratshausen,99142
869,2015,DE217,Dachau,116840
870,2015,DE218,Ebersberg,106004
871,2015,DE219,Eichstätt,100387
872,2015,DE21A,Erding,104129
873,2015,DE21B,Freising,135615
874,2015,DE21C,Fürstenfeldbruck,168795
875,2015,DE21D,Garmisch-Partenkirchen,70875
876,2015,DE21E,Landsberg am Lech,91745
877,2015,DE21F,Miesbach,78558
878,2015,DE21G,Mühldorf a. Inn,88552
879,2015,DE21H,"München, Landkreis",265136
880,2015,DE21I,Neuburg-Schrobenhausen,74608
881,2015,DE21J,Pfaffenhofen a. d. Ilm,97336
882,2015,DE21K,"Rosenheim, Landkreis",201852
883,2015,DE21L,Starnberg,105349
884,2015,DE21M,Traunstein,139517
885,2015,DE21N,Weilheim-Schongau,105008
886,2015,DE221,"Landshut, Kreisfreie Stadt",56077
887,2015,DE222,"Passau, Kreisfreie Stadt",42214
888,2015,DE223,"Straubing, Kreisfreie Stadt",38600
889,2015,DE224,Deggendorf,94133
890,2015,DE225,Freyung-Grafenau,63635
891,2015,DE226,Kelheim,93004
892,2015,DE227,"Landshut, Landkreis",121026
893,2015,DE228,"Passau, Landkreis",151769
894,2015,DE229,Regen,62770
895,2015,DE22A,Rottal-Inn,95445
896,2015,DE22B,Straubing-Bogen,78545
897,2015,DE22C,Dingolfing-Landau,75785
898,2015,DE231,"Amberg, Kreisfreie Stadt",34545
899,2015,DE232,"Regensburg, Kreisfreie Stadt",119498
900,2015,DE233,"Weiden i. d. Opf, Kreisfreie Stadt",34641
901,2015,DE234,Amberg-Sulzbach,83657
902,2015,DE235,Cham,102552
903,2015,DE236,Neumarkt i. d. OPf.,103319
904,2015,DE237,Neustadt a. d. Waldnaab,77112
905,2015,DE238,"Regensburg, Landkreis",150229
906,2015,DE239,Schwandorf,117056
907,2015,DE23A,Tirschenreuth,60079
908,2015,DE241,"Bamberg, Kreisfreie Stadt",60553
909,2015,DE242,"Bayreuth, Kreisfreie Stadt",60558
910,2015,DE243,"Coburg, Kreisfreie Stadt",34370
911,2015,DE244,"Hof, Kreisfreie Stadt",36955
912,2015,DE245,"Bamberg, Landkreis",116471
913,2015,DE246,"Bayreuth, Landkreis",85174
914,2015,DE247,"Coburg, Landkreis",71359
915,2015,DE248,Forchheim,92009
916,2015,DE249,"Hof, Landkreis",80293
917,2015,DE24A,Kronach,56865
918,2015,DE24B,Kulmbach,60031
919,2015,DE24C,Lichtenfels,54785
920,2015,DE24D,Wunsiedel i. Fichtelgebirge,61698
921,2015,DE251,"Ansbach, Kreisfreie Stadt",32848
922,2015,DE252,"Erlangen, Kreisfreie Stadt",87570
923,2015,DE253,"Fürth, Kreisfreie Stadt",99520
924,2015,DE254,"Nürnberg, Kreisfreie Stadt",415146
925,2015,DE255,"Schwabach, Kreisfreie Stadt",32397
926,2015,DE256,"Ansbach, Landkreis",143795
927,2015,DE257,Erlangen-Höchstadt,106895
928,2015,DE258,"Fürth, Landkreis",93106
929,2015,DE259,Nürnberger Land,135489
930,2015,DE25A,Neustadt a. d. Aisch-Bad Windsheim,78991
931,2015,DE25B,Roth,99912
932,2015,DE25C,Weißenburg-Gunzenhausen,74951
933,2015,DE261,"Aschaffenburg, Kreisfreie Stadt",56227
934,2015,DE262,"Schweinfurt, Kreisfreie Stadt",42773
935,2015,DE263,"Würzburg, Kreisfreie Stadt",106548
936,2015,DE264,"Aschaffenburg, Landkreis",140755
937,2015,DE265,Bad Kissingen,84701
938,2015,DE266,Rhön-Grabfeld,64568
939,2015,DE267,Haßberge,68105
940,2015,DE268,Kitzingen,71896
941,2015,DE269,Miltenberg,103224
942,2015,DE26A,Main-Spessart,103454
943,2015,DE26B,"Schweinfurt, Landkreis",92554
944,2015,DE26C,"Würzburg, Landkreis",129133
945,2015,DE271,"Augsburg, Kreisfreie Stadt",233308
946,2015,DE272,"Kaufbeuren, Kreisfreie Stadt",34338
947,2015,DE273,"Kempten (Allgäu), Kreisfreie Stadt",54208
948,2015,DE274,"Memmingen, Kreisfreie Stadt",34325
949,2015,DE275,Aichach-Friedberg,103007
950,2015,DE276,"Augsburg, Landkreis",194625
951,2015,DE277,Dillingen a.d. Donau,74784
952,2015,DE278,Günzburg,97433
953,2015,DE279,Neu-Ulm,135351
954,2015,DE27A,Lindau (Bodensee),64055
955,2015,DE27B,Ostallgäu,108498
956,2015,DE27C,Unterallgäu,110939
957,2015,DE27D,Donau-Ries,104185
958,2015,DE27E,Oberallgäu,122535
959,2015,DE300,Berlin,2874056
960,2015,DE401,"Brandenburg an der Havel, Kreisfreie Stadt",61052
961,2015,DE402,"Cottbus, Kreisfreie Stadt",85248
962,2015,DE403,"Frankfurt (Oder), Kreisfreie Stadt",49184
963,2015,DE404,"Potsdam, Kreisfreie Stadt",134600
964,2015,DE405,Barnim,146279
965,2015,DE406,Dahme-Spreewald,135696
966,2015,DE407,Elbe-Elster,90050
967,2015,DE408,Havelland,127598
968,2015,DE409,Märkisch-Oderland,158218
969,2015,DE40A,Oberhavel,168993
970,2015,DE40B,Oberspreewald-Lausitz,97066
971,2015,DE40C,Oder-Spree,150062
972,2015,DE40D,Ostprignitz-Ruppin,83818
973,2015,DE40E,Potsdam-Mittelmark,169586
974,2015,DE40F,Prignitz,66622
975,2015,DE40G,Spree-Neiße,101173
976,2015,DE40H,Teltow-Fläming,134315
977,2015,DE40I,Uckermark,102748
978,2015,DE501,"Bremen, Kreisfreie Stadt",456995
979,2015,DE502,"Bremerhaven, Kreisfreie Stadt",89730
980,2015,DE600,Hamburg,1448632
981,2015,DE711,"Darmstadt, Kreisfreie Stadt",124931
982,2015,DE712,"Frankfurt am Main, Kreisfreie Stadt",589505
983,2015,DE713,"Offenbach am Main, Kreisfreie Stadt",96730
984,2015,DE714,"Wiesbaden, Kreisfreie Stadt",222165
985,2015,DE715,Bergstraße,215897
986,2015,DE716,Darmstadt-Dieburg,232948
987,2015,DE717,Groß-Gerau,209582
988,2015,DE718,Hochtaunuskreis,184970
989,2015,DE719,Main-Kinzig-Kreis,331176
990,2015,DE71A,Main-Taunus-Kreis,184764
991,2015,DE71B,Odenwaldkreis,78626
992,2015,DE71C,"Offenbach, Landkreis",277101
993,2015,DE71D,Rheingau-Taunus-Kreis,148274
994,2015,DE71E,Wetteraukreis,240714
995,2015,DE721,"Gießen, Landkreis",212964
996,2015,DE722,Lahn-Dill-Kreis,204189
997,2015,DE723,Limburg-Weilburg,137727
998,2015,DE724,Marburg-Biedenkopf,196859
999,2015,DE725,Vogelsbergkreis,87544
1000,2015,DE731,"Kassel, Kreisfreie Stadt",160934
1001,2015,DE732,Fulda,174498
1002,2015,DE733,Hersfeld-Rotenburg,98113
1003,2015,DE734,"Kassel, Landkreis",192395
1004,2015,DE735,Schwalm-Eder-Kreis,147386
1005,2015,DE736,Waldeck-Frankenberg,127454
1006,2015,DE737,Werra-Meißner-Kreis,83426
1007,2015,DE803,"Rostock, Kreisfreie Stadt",174098
1008,2015,DE804,"Schwerin, Kreisfreie Stadt",77680
1009,2015,DE80J,Mecklenburgische Seenplatte,220870
1010,2015,DE80K,Landkreis Rostock,176653
1011,2015,DE80L,Vorpommern-Rügen,189673
1012,2015,DE80M,Nordwestmecklenburg,129493
1013,2015,DE80N,Vorpommern-Greifswald,201128
1014,2015,DE80O,Ludwigslust-Parchim,178222
1015,2015,DE911,"Braunschweig, Kreisfreie Stadt",207762
1016,2015,DE912,"Salzgitter, Kreisfreie Stadt",80640
1017,2015,DE913,"Wolfsburg, Kreisfreie Stadt",101828
1018,2015,DE914,Gifhorn,137237
1019,2015,DE916,Goslar,115857
1020,2015,DE917,Helmstedt,75257
1021,2015,DE918,Northeim,110384
1022,2015,DE91A,Peine,104796
1023,2015,DE91B,Wolfenbüttel,98098
1024,2015,DE91C,Göttingen,267509
1025,2015,DE922,Diepholz,170639
1026,2015,DE923,Hameln-Pyrmont,121793
1027,2015,DE925,Hildesheim,224965
1028,2015,DE926,Holzminden,58949
1029,2015,DE927,Nienburg (Weser),96603
1030,2015,DE928,Schaumburg,127758
1031,2015,DE929,Region Hannover,922032
1032,2015,DE931,Celle,142129
1033,2015,DE932,Cuxhaven,160120
1034,2015,DE933,Harburg,196923
1035,2015,DE934,Lüchow-Dannenberg,40266
1036,2015,DE935,"Lüneburg, Landkreis",142835
1037,2015,DE936,Osterholz,90256
1038,2015,DE937,Rotenburg (Wümme),129151
1039,2015,DE938,Heidekreis,109809
1040,2015,DE939,Stade,157955
1041,2015,DE93A,Uelzen,75978
1042,2015,DE93B,Verden,106714
1043,2015,DE941,"Delmenhorst, Kreisfreie Stadt",60952
1044,2015,DE942,"Emden, Kreisfreie Stadt",40515
1045,2015,DE943,"Oldenburg (Oldenburg), Kreisfreie Stadt",132412
1046,2015,DE944,"Osnabrück, Kreisfreie Stadt",129977
1047,2015,DE945,"Wilhelmshaven, Kreisfreie Stadt",63618
1048,2015,DE946,Ammerland,96181
1049,2015,DE947,Aurich,150903
1050,2015,DE948,Cloppenburg,123916
1051,2015,DE949,Emsland,249192
1052,2015,DE94A,Friesland (DE),78986
1053,2015,DE94B,Grafschaft Bentheim,105942
1054,2015,DE94C,Leer,132122
1055,2015,DE94D,"Oldenburg, Landkreis",101435
1056,2015,DE94E,"Osnabrück, Landkreis",278191
1057,2015,DE94F,Vechta,105035
1058,2015,DE94G,Wesermarsch,71800
1059,2015,DE94H,Wittmund,45488
1060,2015,DEA11,"Düsseldorf, Kreisfreie Stadt",501417
1061,2015,DEA12,"Duisburg, Kreisfreie Stadt",395785
1062,2015,DEA13,"Essen, Kreisfreie Stadt",475268
1063,2015,DEA14,"Krefeld, Kreisfreie Stadt",181962
1064,2015,DEA15,"Mönchengladbach, Kreisfreie Stadt",209880
1065,2015,DEA16,"Mülheim an der Ruhr, Kreisfreie Stadt",138590
1066,2015,DEA17,"Oberhausen, Kreisfreie Stadt",172523
1067,2015,DEA18,"Remscheid, Kreisfreie Stadt",88903
1068,2015,DEA19,"Solingen, Kreisfreie Stadt",127116
1069,2015,DEA1A,"Wuppertal, Kreisfreie Stadt",282057
1070,2015,DEA1B,Kleve,245805
1071,2015,DEA1C,Mettmann,390463
1072,2015,DEA1D,Rhein-Kreis Neuss,358046
1073,2015,DEA1E,Viersen,239788
1074,2015,DEA1F,Wesel,375938
1075,2015,DEA22,"Bonn, Kreisfreie Stadt",253658
1076,2015,DEA23,"Köln, Kreisfreie Stadt",862754
1077,2015,DEA24,"Leverkusen, Kreisfreie Stadt",131397
1078,2015,DEA26,Düren,209538
1079,2015,DEA27,Rhein-Erft-Kreis,370987
1080,2015,DEA28,Euskirchen,152009
1081,2015,DEA29,Heinsberg,200512
1082,2015,DEA2A,Oberbergischer Kreis,216352
1083,2015,DEA2B,Rheinisch-Bergischer Kreis,225894
1084,2015,DEA2C,Rhein-Sieg-Kreis,468619
1085,2015,DEA2D,Städteregion Aachen,448052
1086,2015,DEA31,"Bottrop, Kreisfreie Stadt",95566
1087,2015,DEA32,"Gelsenkirchen, Kreisfreie Stadt",209590
1088,2015,DEA33,"Münster, Kreisfreie Stadt",249884
1089,2015,DEA34,Borken,286395
1090,2015,DEA35,Coesfeld,171746
1091,2015,DEA36,Recklinghausen,503304
1092,2015,DEA37,Steinfurt,344994
1093,2015,DEA38,Warendorf,217157
1094,2015,DEA41,"Bielefeld, Kreisfreie Stadt",267101
1095,2015,DEA42,Gütersloh,281062
1096,2015,DEA43,Herford,201171
1097,2015,DEA44,Höxter,114645
1098,2015,DEA45,Lippe,275838
1099,2015,DEA46,Minden-Lübbecke,247680
1100,2015,DEA47,Paderborn,237751
1101,2015,DEA51,"Bochum, Kreisfreie Stadt",303294
1102,2015,DEA52,"Dortmund, Kreisfreie Stadt",476722
1103,2015,DEA53,"Hagen, Kreisfreie Stadt",152533
1104,2015,DEA54,"Hamm, Kreisfreie Stadt",141372
1105,2015,DEA55,"Herne, Kreisfreie Stadt",126965
1106,2015,DEA56,Ennepe-Ruhr-Kreis,267679
1107,2015,DEA57,Hochsauerlandkreis,211310
1108,2015,DEA58,Märkischer Kreis,335441
1109,2015,DEA59,Olpe,107896
1110,2015,DEA5A,Siegen-Wittgenstein,225198
1111,2015,DEA5B,Soest,238459
1112,2015,DEA5C,Unna,319750
1113,2015,DEB11,"Koblenz, Kreisfreie Stadt",93259
1114,2015,DEB12,Ahrweiler,104197
1115,2015,DEB13,Altenkirchen (Westerwald),103930
1116,2015,DEB14,Bad Kreuznach,127362
1117,2015,DEB15,Birkenfeld,66774
1118,2015,DEB17,Mayen-Koblenz,171709
1119,2015,DEB18,Neuwied,144858
1120,2015,DEB1A,Rhein-Lahn-Kreis,99784
1121,2015,DEB1B,Westerwaldkreis,160745
1122,2015,DEB1C,Cochem-Zell,50983
1123,2015,DEB1D,Rhein-Hunsrück-Kreis,83203
1124,2015,DEB21,"Trier, Kreisfreie Stadt",90887
1125,2015,DEB22,Bernkastel-Wittlich,90856
1126,2015,DEB23,Eifelkreis Bitburg-Prüm,77946
1127,2015,DEB24,Vulkaneifel,49686
1128,2015,DEB25,Trier-Saarburg,117269
1129,2015,DEB31,"Frankenthal (Pfalz), Kreisfreie Stadt",39028
1130,2015,DEB32,"Kaiserslautern, Kreisfreie Stadt",81230
1131,2015,DEB33,"Landau in der Pfalz, Kreisfreie Stadt",36752
1132,2015,DEB34,"Ludwigshafen am Rhein, Kreisfreie Stadt",131897
1133,2015,DEB35,"Mainz, Kreisfreie Stadt",172927
1134,2015,DEB36,"Neustadt an der Weinstraße, Kreisfreie Stadt",43315
1135,2015,DEB37,"Pirmasens, Kreisfreie Stadt",33387
1136,2015,DEB38,"Speyer, Kreisfreie Stadt",40674
1137,2015,DEB39,"Worms, Kreisfreie Stadt",65583
1138,2015,DEB3A,"Zweibrücken, Kreisfreie Stadt",28048
1139,2015,DEB3B,Alzey-Worms,101524
1140,2015,DEB3C,Bad Dürkheim,108304
1141,2015,DEB3D,Donnersbergkreis,60560
1142,2015,DEB3E,Germersheim,102023
1143,2015,DEB3F,"Kaiserslautern, Landkreis",84491
1144,2015,DEB3G,Kusel,58614
1145,2015,DEB3H,Südliche Weinstraße,89900
1146,2015,DEB3I,Rhein-Pfalz-Kreis,122718
1147,2015,DEB3J,Mainz-Bingen,164802
1148,2015,DEB3K,Südwestpfalz,80483
1149,2015,DEC01,Regionalverband Saarbrücken,272747
1150,2015,DEC02,Merzig-Wadern,84926
1151,2015,DEC03,Neunkirchen,111913
1152,2015,DEC04,Saarlouis,163239
1153,2015,DEC05,Saarpfalz-Kreis,120317
1154,2015,DEC06,St. Wendel,74031
1155,2015,DED21,"Dresden, Kreisfreie Stadt",444499
1156,2015,DED2C,Bautzen,256714
1157,2015,DED2D,Görlitz,219811
1158,2015,DED2E,Meißen,203838
1159,2015,DED2F,Sächsische Schweiz-Osterzgebirge,204845
1160,2015,DED41,"Chemnitz, Kreisfreie Stadt",207143
1161,2015,DED42,Erzgebirgskreis,294240
1162,2015,DED43,Mittelsachsen,264131
1163,2015,DED44,Vogtlandkreis,198090
1164,2015,DED45,Zwickau,276250
1165,2015,DED51,"Leipzig, Kreisfreie Stadt",456844
1166,2015,DED52,Leipzig,216459
1167,2015,DED53,Nordsachsen,166226
1168,2015,DEE01,"Dessau-Roßlau, Kreisfreie Stadt",71943
1169,2015,DEE02,"Halle (Saale), Kreisfreie Stadt",195976
1170,2015,DEE03,"Magdeburg, Kreisfreie Stadt",197042
1171,2015,DEE04,Altmarkkreis Salzwedel,71949
1172,2015,DEE05,Anhalt-Bitterfeld,141694
1173,2015,DEE06,Jerichower Land,77502
1174,2015,DEE07,Börde,145329
1175,2015,DEE08,Burgenlandkreis,157868
1176,2015,DEE09,Harz,187461
1177,2015,DEE0A,Mansfeld-Südharz,122066
1178,2015,DEE0B,Saalekreis,157860
1179,2015,DEE0C,Salzlandkreis,168220
1180,2015,DEE0D,Stendal,96731
1181,2015,DEE0E,Wittenberg,110415
1182,2015,DEF01,"Flensburg, Kreisfreie Stadt",70094
1183,2015,DEF02,"Kiel, Kreisfreie Stadt",203381
1184,2015,DEF03,"Lübeck, Kreisfreie Stadt",178017
1185,2015,DEF04,"Neumünster, Kreisfreie Stadt",63019
1186,2015,DEF05,Dithmarschen,107375
1187,2015,DEF06,Herzogtum Lauenburg,153696
1188,2015,DEF07,Nordfriesland,131597
1189,2015,DEF08,Ostholstein,164772
1190,2015,DEF09,Pinneberg,246346
1191,2015,DEF0A,Plön,103376
1192,2015,DEF0B,Rendsburg-Eckernförde,215720
1193,2015,DEF0C,Schleswig-Flensburg,157120
1194,2015,DEF0D,Segeberg,214336
1195,2015,DEF0E,Steinburg,105460
1196,2015,DEF0F,Stormarn,190753
1197,2015,DEG01,"Erfurt, Kreisfreie Stadt",172464
1198,2015,DEG02,"Gera, Kreisfreie Stadt",81301
1199,2015,DEG03,"Jena, Kreisfreie Stadt",90976
1200,2015,DEG04,"Suhl, Kreisfreie Stadt (NUTS 2021)",31548
1201,2015,DEG05,"Weimar, Kreisfreie Stadt",52529
1202,2015,DEG06,Eichsfeld,82912
1203,2015,DEG07,Nordhausen,71783
1204,2015,DEG09,Unstrut-Hainich-Kreis,86703
1205,2015,DEG0A,Kyffhäuserkreis,65643
1206,2015,DEG0B,Schmalkalden-Meiningen (NUTS 2021),106544
1207,2015,DEG0C,Gotha,113647
1208,2015,DEG0D,Sömmerda,59164
1209,2015,DEG0E,Hildburghausen,54857
1210,2015,DEG0F,Ilm-Kreis (NUTS 2021),92379
1211,2015,DEG0G,Weimarer Land,67754
1212,2015,DEG0H,Sonneberg (NUTS 2021),48797
1213,2015,DEG0I,Saalfeld-Rudolstadt (NUTS 2021),93962
1214,2015,DEG0J,Saale-Holzland-Kreis,70564
1215,2015,DEG0K,Saale-Orla-Kreis,70139
1216,2015,DEG0L,Greiz,86554
1217,2015,DEG0M,Altenburger Land,79849
1218,2015,DEG0N,"Eisenach, Kreisfreie Stadt (NUTS 2021)",35373
1219,2015,DEG0P,Wartburgkreis (NUTS 2021),106021
1220,2015,DEG0Q,Schmalkalden-Meiningen,106544
1221,2015,DEG0R,Wartburgkreis,141394
1222,2015,DEG0S,"Suhl, Kreisfreie Stadt",31548
1223,2015,DEG0T,Ilm-Kreis,92379
1224,2015,DEG0U,Saalfeld-Rudolstadt,93962
1225,2015,DEG0V,Sonneberg,48797
1226,2015,ES111,A Coruña,948262
1227,2015,ES112,Lugo,293926
1228,2015,ES113,Ourense,276314
1229,2015,ES114,Pontevedra,783434
1230,2015,ES120,Asturias,896913
1231,2015,ES130,Cantabria,482012
1232,2015,ES211,Araba/Álava,261135
1233,2015,ES212,Gipuzkoa,574533
1234,2015,ES213,Bizkaia,942075
1235,2015,ES220,Navarra,506439
1236,2015,ES230,La Rioja,253574
1237,2015,ES241,Huesca,182500
1238,2015,ES242,Teruel,113884
1239,2015,ES243,Zaragoza,782726
1240,2015,ES300,Madrid,5079969
1241,2015,ES411,Ávila,137711
1242,2015,ES412,Burgos,300844
1243,2015,ES413,León,409260
1244,2015,ES414,Palencia,140433
1245,2015,ES415,Salamanca,286926
1246,2015,ES416,Segovia,128853
1247,2015,ES417,Soria,76078
1248,2015,ES418,Valladolid,434888
1249,2015,ES419,Zamora,159044
1250,2015,ES421,Albacete,314396
1251,2015,ES422,Ciudad Real,412377
1252,2015,ES423,Cuenca,169182
1253,2015,ES424,Guadalajara,199328
1254,2015,ES425,Toledo,544073
1255,2015,ES431,Badajoz,548461
1256,2015,ES432,Cáceres,333932
1257,2015,ES511,Barcelona,4345848
1258,2015,ES512,Girona,584570
1259,2015,ES513,Lleida,345069
1260,2015,ES514,Tarragona,626248
1261,2015,ES521,Alicante/Alacant,1476817
1262,2015,ES522,Castellón/Castelló,461110
1263,2015,ES523,Valencia/València,2022036
1264,2015,ES531,Eivissa y Formentera,124905
1265,2015,ES532,Mallorca,689298
1266,2015,ES533,Menorca,73331
1267,2015,ES611,Almería,537018
1268,2015,ES612,Cádiz,971711
1269,2015,ES613,Córdoba,631463
1270,2015,ES614,Granada,723222
1271,2015,ES615,Huelva,409855
1272,2015,ES616,Jaén,518725
1273,2015,ES617,Málaga,1284936
1274,2015,ES618,Sevilla,1502361
1275,2015,ES620,Murcia,1128062
1276,2015,ES630,Ceuta,61403
1277,2015,ES640,Melilla,59192
1278,2015,ES703,El Hierro,8711
1279,2015,ES704,Fuerteventura,85059
1280,2015,ES705,Gran Canaria,683808
1281,2015,ES706,La Gomera,17553
1282,2015,ES707,La Palma,67959
1283,2015,ES708,Lanzarote,110894
1284,2015,ES709,Tenerife,722944
1285,2015,FR101,Paris,1772853
1286,2015,FR102,Seine-et-Marne,999166
1287,2015,FR103,Yvelines,1042196
1288,2015,FR104,Essonne,925912
1289,2015,FR105,Hauts-de-Seine,1197349
1290,2015,FR106,Seine-Saint-Denis,1130722
1291,2015,FR107,Val-de-Marne,1018410
1292,2015,FR108,Val-d'Oise,868044
1293,2015,FRB01,Cher,241666
1294,2015,FRB02,Eure-et-Loir,323549
1295,2015,FRB03,Indre,177851
1296,2015,FRB04,Indre-et-Loire,459743
1297,2015,FRB05,Loir-et-Cher,255935
1298,2015,FRB06,Loiret,501953
1299,2015,FRC11,Côte-d’Or,407106
1300,2015,FRC12,Nièvre,169884
1301,2015,FRC13,Saône-et-Loire,433377
1302,2015,FRC14,Yonne,261175
1303,2015,FRC21,Doubs,402198
1304,2015,FRC22,Jura,198917
1305,2015,FRC23,Haute-Saône,181404
1306,2015,FRC24,Territoire de Belfort,108960
1307,2015,FRD11,Calvados,523957
1308,2015,FRD12,Manche,385497
1309,2015,FRD13,Orne,221276
1310,2015,FRD21,Eure,444130
1311,2015,FRD22,Seine-Maritime,943617
1312,2015,FRE11,Nord,1903065
1313,2015,FRE12,Pas-de-Calais,1084804
1314,2015,FRE21,Aisne,401162
1315,2015,FRE22,Oise,601771
1316,2015,FRE23,Somme,429198
1317,2015,FRF11,Bas-Rhin,854121
1318,2015,FRF12,Haut-Rhin,580248
1319,2015,FRF21,Ardennes,210770
1320,2015,FRF22,Aube,233894
1321,2015,FRF23,Marne,430886
1322,2015,FRF24,Haute-Marne,139804
1323,2015,FRF31,Meurthe-et-Moselle,558033
1324,2015,FRF32,Meuse,146042
1325,2015,FRF33,Moselle,806575
1326,2015,FRF34,Vosges,287383
1327,2015,FRG01,Loire-Atlantique,1011573
1328,2015,FRG02,Maine-et-Loire,597851
1329,2015,FRG03,Mayenne,228461
1330,2015,FRG04,Sarthe,426160
1331,2015,FRG05,Vendée,506991
1332,2015,FRH01,Côtes-d’Armor,460452
1333,2015,FRH02,Finistère,696687
1334,2015,FRH03,Ille-et-Vilaine,772146
1335,2015,FRH04,Morbihan,571835
1336,2015,FRI11,Dordogne,332728
1337,2015,FRI12,Gironde,1180968
1338,2015,FRI13,Landes,315813
1339,2015,FRI14,Lot-et-Garonne,260607
1340,2015,FRI15,Pyrénées-Atlantiques,524247
1341,2015,FRI21,Corrèze,192561
1342,2015,FRI22,Creuse,98244
1343,2015,FRI23,Haute-Vienne,294046
1344,2015,FRI31,Charente,277668
1345,2015,FRI32,Charente-Maritime,504475
1346,2015,FRI33,Deux-Sèvres,286455
1347,2015,FRI34,Vienne,331621
1348,2015,FRJ11,Aude,286200
1349,2015,FRJ12,Gard,563310
1350,2015,FRJ13,Hérault,861629
1351,2015,FRJ14,Lozère,60031
1352,2015,FRJ15,Pyrénées-Orientales,365095
1353,2015,FRJ21,Ariège,120251
1354,2015,FRJ22,Aveyron,221135
1355,2015,FRJ23,Haute-Garonne,1011517
1356,2015,FRJ24,Gers,151623
1357,2015,FRJ25,Lot,139414
1358,2015,FRJ26,Hautes-Pyrénées,181477
1359,2015,FRJ27,Tarn,299383
1360,2015,FRJ28,Tarn-et-Garonne,192839
1361,2015,FRK11,Allier,270281
1362,2015,FRK12,Cantal,118472
1363,2015,FRK13,Haute-Loire,174733
1364,2015,FRK14,Puy-de-Dôme,500328
1365,2015,FRK21,Ain,465759
1366,2015,FRK22,Ardèche,250970
1367,2015,FRK23,Drôme,380684
1368,2015,FRK24,Isère,925531
1369,2015,FRK25,Loire,572659
1370,2015,FRK26,Rhône,1350803
1371,2015,FRK27,Savoie,327208
1372,2015,FRK28,Haute-Savoie,595081
1373,2015,FRL01,Alpes-de-Haute-Provence,126799
1374,2015,FRL02,Hautes-Alpes,109352
1375,2015,FRL03,Alpes-Maritimes,851084
1376,2015,FRL04,Bouches-du-Rhône,1532055
1377,2015,FRL05,Var,824884
1378,2015,FRL06,Vaucluse,422704
1379,2015,FRM01,Corse-du-Sud,122111
1380,2015,FRM02,Haute-Corse,137449
1381,2015,FRXXX,Not regionalised/Unknown NUTS 3,0
1382,2015,FRY10,Guadeloupe,316862
1383,2015,FRY20,Martinique,288244
1384,2015,FRY30,Guyane,149054
1385,2015,FRY40,La Réunion,579793
1386,2015,FRY50,Mayotte,107388
1387,2015,HU110,Budapest,1437886
1388,2015,HU120,Pest,953963
1389,2015,HU211,Fejér,336058
1390,2015,HU212,Komárom-Esztergom,241306
1391,2015,HU213,Veszprém,281764
1392,2015,HU221,Győr-Moson-Sopron,360106
1393,2015,HU222,Vas,205792
1394,2015,HU223,Zala,227661
1395,2015,HU231,Baranya,301276
1396,2015,HU232,Somogy,251964
1397,2015,HU233,Tolna,182573
1398,2015,HU311,Borsod-Abaúj-Zemplén,522687
1399,2015,HU312,Heves,240641
1400,2015,HU313,Nógrád,156979
1401,2015,HU321,Hajdú-Bihar,422173
1402,2015,HU322,Jász-Nagykun-Szolnok,302909
1403,2015,HU323,Szabolcs-Szatmár-Bereg,430284
1404,2015,HU331,Bács-Kiskun,412263
1405,2015,HU332,Békés,283659
1406,2015,HU333,Csongrád-Csanád,329160
1407,2015,HUXXX,Not regionalised/Unknown NUTS 3,0
1408,2015,ITC11,Torino,1880695
1409,2015,ITC12,Vercelli,147479
1410,2015,ITC13,Biella,152357
1411,2015,ITC14,Verbano-Cusio-Ossola,134395
1412,2015,ITC15,Novara,303674
1413,2015,ITC16,Cuneo,483032
1414,2015,ITC17,Asti,181260
1415,2015,ITC18,Alessandria,364553
1416,2015,ITC20,Valle d’Aosta/Vallée d’Aoste,104513
1417,2015,ITC31,Imperia,181378
1418,2015,ITC32,Savona,237438
1419,2015,ITC33,Genova,720359
1420,2015,ITC34,La Spezia,186271
1421,2015,ITC41,Varese,722555
1422,2015,ITC42,Como,486332
1423,2015,ITC43,Lecco,273342
1424,2015,ITC44,Sondrio,148399
1425,2015,ITC46,Bergamo,881834
1426,2015,ITC47,Brescia,1006661
1427,2015,ITC48,Pavia,453917
1428,2015,ITC49,Lodi,184813
1429,2015,ITC4A,Cremona,296008
1430,2015,ITC4B,Mantova,337559
1431,2015,ITC4C,Milano,2606564
1432,2015,ITC4D,Monza e della Brianza,696033
1433,2015,ITF11,L’Aquila,254051
1434,2015,ITF12,Teramo,254998
1435,2015,ITF13,Pescara,263434
1436,2015,ITF14,Chieti,323142
1437,2015,ITF21,Isernia,72803
1438,2015,ITF22,Campobasso,186627
1439,2015,ITF31,Caserta,716296
1440,2015,ITF32,Benevento,230453
1441,2015,ITF33,Napoli,2384058
1442,2015,ITF34,Avellino,348814
1443,2015,ITF35,Salerno,887879
1444,2015,ITF43,Taranto,470864
1445,2015,ITF44,Brindisi,325455
1446,2015,ITF45,Lecce,658706
1447,2015,ITF46,Foggia,500233
1448,2015,ITF47,Bari,1010990
1449,2015,ITF48,Barletta-Andria-Trani,309995
1450,2015,ITF51,Potenza,308578
1451,2015,ITF52,Matera,163257
1452,2015,ITF61,Cosenza,583561
1453,2015,ITF62,Crotone,135345
1454,2015,ITF63,Catanzaro,292475
1455,2015,ITF64,Vibo Valentia,128906
1456,2015,ITF65,Reggio Calabria,440367
1457,2015,ITG11,Trapani,349543
1458,2015,ITG12,Palermo,997865
1459,2015,ITG13,Messina,527192
1460,2015,ITG14,Agrigento,356040
1461,2015,ITG15,Caltanissetta,214882
1462,2015,ITG16,Enna,137331
1463,2015,ITG17,Catania,866637
1464,2015,ITG18,Ragusa,252783
1465,2015,ITG19,Siracusa,324429
1466,2015,ITG25,Sassari (NUTS 2016),279782
1467,2015,ITG26,Nuoro (NUTS 2016),131231
1468,2015,ITG27,Cagliari (NUTS 2016),470488
1469,2015,ITG28,Oristano (NUTS 2016),138128
1470,2015,ITG29,Olbia-Tempio (NUTS 2016),131959
1471,2015,ITG2A,Ogliastra (NUTS 2016),47738
1472,2015,ITG2B,Medio Campidano (NUTS 2016),84699
1473,2015,ITG2C,Carbonia-Iglesias (NUTS 2016),109516
1474,2015,ITG2D,Sassari,406793
1475,2015,ITG2E,Nuoro,176711
1476,2015,ITG2F,Cagliari,357145
1477,2015,ITG2G,Oristano,136718
1478,2015,ITG2H,Sud Sardegna,303670
1479,2015,ITH10,Bolzano-Bozen,405536
1480,2015,ITH20,Trento,429688
1481,2015,ITH31,Verona,742342
1482,2015,ITH32,Vicenza,693839
1483,2015,ITH33,Belluno,171547
1484,2015,ITH34,Treviso,709434
1485,2015,ITH35,Venezia,706017
1486,2015,ITH36,Padova,761241
1487,2015,ITH37,Rovigo,204150
1488,2015,ITH41,Pordenone,254698
1489,2015,ITH42,Udine,448319
1490,2015,ITH43,Gorizia,117174
1491,2015,ITH44,Trieste,197288
1492,2015,ITH51,Piacenza,238386
1493,2015,ITH52,Parma,366031
1494,2015,ITH53,Reggio nell’Emilia,424639
1495,2015,ITH54,Modena,568721
1496,2015,ITH55,Bologna,830709
1497,2015,ITH56,Ferrara,301041
1498,2015,ITH57,Ravenna,323832
1499,2015,ITH58,Forlì-Cesena,324653
1500,2015,ITH59,Rimini,271973
1501,2015,ITI11,Massa-Carrara,167755
1502,2015,ITI12,Lucca,326275
1503,2015,ITI13,Pistoia,241575
1504,2015,ITI14,Firenze,830973
1505,2015,ITI15,Prato,205205
1506,2015,ITI16,Livorno,283740
1507,2015,ITI17,Pisa,348058
1508,2015,ITI18,Arezzo,286666
1509,2015,ITI19,Siena,224514
1510,2015,ITI1A,Grosseto,189212
1511,2015,ITI21,Perugia,542673
1512,2015,ITI22,Terni,192209
1513,2015,ITI31,Pesaro e Urbino,296401
1514,2015,ITI32,Ancona,391489
1515,2015,ITI33,Macerata,264357
1516,2015,ITI34,Ascoli Piceno,175168
1517,2015,ITI35,Fermo,145203
1518,2015,ITI41,Viterbo,264043
1519,2015,ITI42,Rieti,131751
1520,2015,ITI43,Roma,3432095
1521,2015,ITI44,Latina,456083
1522,2015,ITI45,Frosinone,405734
1523,2015,PL213,Miasto Kraków,622144
1524,2015,PL214,Krakowski,545442
1525,2015,PL217,Tarnowski,353457
1526,2015,PL218,Nowosądecki,395253
1527,2015,PL219,Nowotarski,254881
1528,2015,PL21A,Oświęcimski,439168
1529,2015,PL224,Częstochowski,423294
1530,2015,PL225,Bielski,521715
1531,2015,PL227,Rybnicki,498398
1532,2015,PL228,Bytomski,354640
1533,2015,PL229,Gliwicki,384507
1534,2015,PL22A,Katowicki,613796
1535,2015,PL22B,Sosnowiecki,572812
1536,2015,PL22C,Tyski,307264
1537,2015,PL411,Pilski,317057
1538,2015,PL414,Koniński,512753
1539,2015,PL415,Miasto Poznań,449800
1540,2015,PL416,Kaliski,523762
1541,2015,PL417,Leszczyński,425570
1542,2015,PL418,Poznański,476694
1543,2015,PL424,Miasto Szczecin,334944
1544,2015,PL426,Koszaliński,282034
1545,2015,PL427,Szczecinecko-pyrzycki,337008
1546,2015,PL428,Szczeciński,400151
1547,2015,PL431,Gorzowski,302109
1548,2015,PL432,Zielonogórski,497586
1549,2015,PL514,Miasto Wrocław,523754
1550,2015,PL515,Jeleniogórski,456629
1551,2015,PL516,Legnicko-głogowski,355976
1552,2015,PL517,Wałbrzyski,540647
1553,2015,PL518,Wrocławski,448276
1554,2015,PL523,Nyski,298606
1555,2015,PL524,Opolski,477709
1556,2015,PL613,Bydgosko-toruński,617964
1557,2015,PL616,Grudziądzki,301656
1558,2015,PL617,Inowrocławski,286888
1559,2015,PL618,Świecki,144018
1560,2015,PL619,Włocławski,286967
1561,2015,PL621,Elbląski,410260
1562,2015,PL622,Olsztyński,485215
1563,2015,PL623,Ełcki,220729
1564,2015,PL633,Trójmiejski,610513
1565,2015,PL634,Gdański,411515
1566,2015,PL636,Słupski,258031
1567,2015,PL637,Chojnicki,167866
1568,2015,PL638,Starogardzki,328145
1569,2015,PL711,Miasto Łódź,592852
1570,2015,PL712,Łódzki,309010
1571,2015,PL713,Piotrkowski,466530
1572,2015,PL714,Sieradzki,355480
1573,2015,PL715,Skierniewicki,292375
1574,2015,PL721,Kielecki,618184
1575,2015,PL722,Sandomiersko-jędrzejowski,387320
1576,2015,PL811,Bialski,237231
1577,2015,PL812,Chełmsko-zamojski,504582
1578,2015,PL814,Lubelski,566858
1579,2015,PL815,Puławski,381111
1580,2015,PL821,Krośnieński,372820
1581,2015,PL822,Przemyski,305822
1582,2015,PL823,Rzeszowski,483631
1583,2015,PL824,Tarnobrzeski,474318
1584,2015,PL841,Białostocki,404752
1585,2015,PL842,Łomżyński,312462
1586,2015,PL843,Suwalski,209632
1587,2015,PL911,Miasto Warszawa,1423394
1588,2015,PL912,Warszawski wschodni,473394
1589,2015,PL913,Warszawski zachodni,476957
1590,2015,PL921,Radomski,483755
1591,2015,PL922,Ciechanowski,267818
1592,2015,PL923,Płocki,261416
1593,2015,PL924,Ostrołęcki,297123
1594,2015,PL925,Siedlecki,325715
1595,2015,PL926,Żyrardowski,204305
1596,2015,RO111,Bihor,448265
1597,2015,RO112,Bistriţa-Năsăud,214973
1598,2015,RO113,Cluj,576175
1599,2015,RO114,Maramureş,366661
1600,2015,RO115,Satu Mare,262671
1601,2015,RO116,Sălaj,169282
1602,2015,RO121,Alba,267179
1603,2015,RO122,Braşov,438179
1604,2015,RO123,Covasna,159865
1605,2015,RO124,Harghita,239924
1606,2015,RO125,Mureş,425716
1607,2015,RO126,Sibiu,312902
1608,2015,RO211,Bacău,459776
1609,2015,RO212,Botoşani,300196
1610,2015,RO213,Iaşi,597290
1611,2015,RO214,Neamţ,354857
1612,2015,RO215,Suceava,470591
1613,2015,RO216,Vaslui,288107
1614,2015,RO221,Brăila,248134
1615,2015,RO222,Buzău,346000
1616,2015,RO223,Constanţa,539020
1617,2015,RO224,Galaţi,412079
1618,2015,RO225,Tulcea,161650
1619,2015,RO226,Vrancea,257570
1620,2015,RO311,Argeş,482355
1621,2015,RO312,Călăraşi,231311
1622,2015,RO313,Dâmboviţa,401583
1623,2015,RO314,Giurgiu,218276
1624,2015,RO315,Ialomiţa,205273
1625,2015,RO316,Prahova,601841
1626,2015,RO317,Teleorman,292880
1627,2015,RO321,Bucureşti,1547204
1628,2015,RO322,Ilfov,336339
1629,2015,RO411,Dolj,519593
1630,2015,RO412,Gorj,262087
1631,2015,RO413,Mehedinţi,203934
1632,2015,RO414,Olt,334969
1633,2015,RO415,Vâlcea,291503
1634,2015,RO421,Arad,339001
1635,2015,RO422,Caraş-Severin,228745
1636,2015,RO423,Hunedoara,326514
1637,2015,RO424,Timiş,567790
1638,2016,DE111,"Stuttgart, Stadtkreis",515793
1639,2016,DE112,Böblingen,304866
1640,2016,DE113,Esslingen,422803
1641,2016,DE114,Göppingen,204241
1642,2016,DE115,Ludwigsburg,428836
1643,2016,DE116,Rems-Murr-Kreis,338070
1644,2016,DE117,"Heilbronn, Stadtkreis",98897
1645,2016,DE118,"Heilbronn, Landkreis",267695
1646,2016,DE119,Hohenlohekreis,88184
1647,2016,DE11A,Schwäbisch Hall,152814
1648,2016,DE11B,Main-Tauber-Kreis,107422
1649,2016,DE11C,Heidenheim,105036
1650,2016,DE11D,Ostalbkreis,249689
1651,2016,DE121,"Baden-Baden, Stadtkreis",45350
1652,2016,DE122,"Karlsruhe, Stadtkreis",255955
1653,2016,DE123,"Karlsruhe, Landkreis",353216
1654,2016,DE124,Rastatt,184887
1655,2016,DE125,"Heidelberg, Stadtkreis",130849
1656,2016,DE126,"Mannheim, Stadtkreis",251682
1657,2016,DE127,Neckar-Odenwald-Kreis,115929
1658,2016,DE128,Rhein-Neckar-Kreis,438593
1659,2016,DE129,"Pforzheim, Stadtkreis",98474
1660,2016,DE12A,Calw,124305
1661,2016,DE12B,Enzkreis,157397
1662,2016,DE12C,Freudenstadt,93157
1663,2016,DE131,"Freiburg im Breisgau, Stadtkreis",184906
1664,2016,DE132,Breisgau-Hochschwarzwald,206230
1665,2016,DE133,Emmendingen,130057
1666,2016,DE134,Ortenaukreis,337058
1667,2016,DE135,Rottweil,109770
1668,2016,DE136,Schwarzwald-Baar-Kreis,169651
1669,2016,DE137,Tuttlingen,108018
1670,2016,DE138,Konstanz,227085
1671,2016,DE139,Lörrach,181480
1672,2016,DE13A,Waldshut,133696
1673,2016,DE141,Reutlingen,227052
1674,2016,DE142,"Tübingen, Landkreis",178152
1675,2016,DE143,Zollernalbkreis,152623
1676,2016,DE144,"Ulm, Stadtkreis",99860
1677,2016,DE145,Alb-Donau-Kreis,151695
1678,2016,DE146,Biberach,152876
1679,2016,DE147,Bodenseekreis,171551
1680,2016,DE148,Ravensburg,221928
1681,2016,DE149,Sigmaringen,103861
1682,2016,DE211,"Ingolstadt, Kreisfreie Stadt",107962
1683,2016,DE212,"München, Kreisfreie Stadt",1203646
1684,2016,DE213,"Rosenheim, Kreisfreie Stadt",50481
1685,2016,DE214,Altötting,87754
1686,2016,DE215,Berchtesgadener Land,85466
1687,2016,DE216,Bad Tölz-Wolfratshausen,100330
1688,2016,DE217,Dachau,119472
1689,2016,DE218,Ebersberg,108186
1690,2016,DE219,Eichstätt,101648
1691,2016,DE21A,Erding,105797
1692,2016,DE21B,Freising,138061
1693,2016,DE21C,Fürstenfeldbruck,171176
1694,2016,DE21D,Garmisch-Partenkirchen,72032
1695,2016,DE21E,Landsberg am Lech,93216
1696,2016,DE21F,Miesbach,79843
1697,2016,DE21G,Mühldorf a. Inn,90149
1698,2016,DE21H,"München, Landkreis",270381
1699,2016,DE21I,Neuburg-Schrobenhausen,75482
1700,2016,DE21J,Pfaffenhofen a. d. Ilm,99477
1701,2016,DE21K,"Rosenheim, Landkreis",205457
1702,2016,DE21L,Starnberg,106520
1703,2016,DE21M,Traunstein,141472
1704,2016,DE21N,Weilheim-Schongau,106364
1705,2016,DE221,"Landshut, Kreisfreie Stadt",57414
1706,2016,DE222,"Passau, Kreisfreie Stadt",42698
1707,2016,DE223,"Straubing, Kreisfreie Stadt",39103
1708,2016,DE224,Deggendorf,94887
1709,2016,DE225,Freyung-Grafenau,63936
1710,2016,DE226,Kelheim,95002
1711,2016,DE227,"Landshut, Landkreis",123231
1712,2016,DE228,"Passau, Landkreis",153678
1713,2016,DE229,Regen,63279
1714,2016,DE22A,Rottal-Inn,96387
1715,2016,DE22B,Straubing-Bogen,79263
1716,2016,DE22C,Dingolfing-Landau,76428
1717,2016,DE231,"Amberg, Kreisfreie Stadt",34730
1718,2016,DE232,"Regensburg, Kreisfreie Stadt",121880
1719,2016,DE233,"Weiden i. d. Opf, Kreisfreie Stadt",34863
1720,2016,DE234,Amberg-Sulzbach,84179
1721,2016,DE235,Cham,103102
1722,2016,DE236,Neumarkt i. d. OPf.,104498
1723,2016,DE237,Neustadt a. d. Waldnaab,77077
1724,2016,DE238,"Regensburg, Landkreis",151988
1725,2016,DE239,Schwandorf,118158
1726,2016,DE23A,Tirschenreuth,60210
1727,2016,DE241,"Bamberg, Kreisfreie Stadt",61593
1728,2016,DE242,"Bayreuth, Kreisfreie Stadt",60970
1729,2016,DE243,"Coburg, Kreisfreie Stadt",34491
1730,2016,DE244,"Hof, Kreisfreie Stadt",37087
1731,2016,DE245,"Bamberg, Landkreis",117242
1732,2016,DE246,"Bayreuth, Landkreis",85060
1733,2016,DE247,"Coburg, Landkreis",71248
1734,2016,DE248,Forchheim,92783
1735,2016,DE249,"Hof, Landkreis",80139
1736,2016,DE24A,Kronach,56756
1737,2016,DE24B,Kulmbach,60046
1738,2016,DE24C,Lichtenfels,54834
1739,2016,DE24D,Wunsiedel i. Fichtelgebirge,61472
1740,2016,DE251,"Ansbach, Kreisfreie Stadt",33681
1741,2016,DE252,"Erlangen, Kreisfreie Stadt",88872
1742,2016,DE253,"Fürth, Kreisfreie Stadt",101506
1743,2016,DE254,"Nürnberg, Kreisfreie Stadt",421170
1744,2016,DE255,"Schwabach, Kreisfreie Stadt",32743
1745,2016,DE256,"Ansbach, Landkreis",145469
1746,2016,DE257,Erlangen-Höchstadt,107724
1747,2016,DE258,"Fürth, Landkreis",93468
1748,2016,DE259,Nürnberger Land,136721
1749,2016,DE25A,Neustadt a. d. Aisch-Bad Windsheim,79696
1750,2016,DE25B,Roth,101016
1751,2016,DE25C,Weißenburg-Gunzenhausen,75566
1752,2016,DE261,"Aschaffenburg, Kreisfreie Stadt",56730
1753,2016,DE262,"Schweinfurt, Kreisfreie Stadt",42923
1754,2016,DE263,"Würzburg, Kreisfreie Stadt",106800
1755,2016,DE264,"Aschaffenburg, Landkreis",141789
1756,2016,DE265,Bad Kissingen,84840
1757,2016,DE266,Rhön-Grabfeld,64618
1758,2016,DE267,Haßberge,68481
1759,2016,DE268,Kitzingen,72537
1760,2016,DE269,Miltenberg,103784
1761,2016,DE26A,Main-Spessart,103662
1762,2016,DE26B,"Schweinfurt, Landkreis",93434
1763,2016,DE26C,"Würzburg, Landkreis",130173
1764,2016,DE271,"Augsburg, Kreisfreie Stadt",237209
1765,2016,DE272,"Kaufbeuren, Kreisfreie Stadt",34845
1766,2016,DE273,"Kempten (Allgäu), Kreisfreie Stadt",55132
1767,2016,DE274,"Memmingen, Kreisfreie Stadt",34762
1768,2016,DE275,Aichach-Friedberg,104170
1769,2016,DE276,"Augsburg, Landkreis",196950
1770,2016,DE277,Dillingen a.d. Donau,75775
1771,2016,DE278,Günzburg,98543
1772,2016,DE279,Neu-Ulm,137274
1773,2016,DE27A,Lindau (Bodensee),64821
1774,2016,DE27B,Ostallgäu,109978
1775,2016,DE27C,Unterallgäu,112346
1776,2016,DE27D,Donau-Ries,105244
1777,2016,DE27E,Oberallgäu,123959
1778,2016,DE300,Berlin,2904073
1779,2016,DE401,"Brandenburg an der Havel, Kreisfreie Stadt",61145
1780,2016,DE402,"Cottbus, Kreisfreie Stadt",84929
1781,2016,DE403,"Frankfurt (Oder), Kreisfreie Stadt",49254
1782,2016,DE404,"Potsdam, Kreisfreie Stadt",136853
1783,2016,DE405,Barnim,147566
1784,2016,DE406,Dahme-Spreewald,137191
1785,2016,DE407,Elbe-Elster,89356
1786,2016,DE408,Havelland,129402
1787,2016,DE409,Märkisch-Oderland,159500
1788,2016,DE40A,Oberhavel,170605
1789,2016,DE40B,Oberspreewald-Lausitz,96200
1790,2016,DE40C,Oder-Spree,152167
1791,2016,DE40D,Ostprignitz-Ruppin,83640
1792,2016,DE40E,Potsdam-Mittelmark,171550
1793,2016,DE40F,Prignitz,66346
1794,2016,DE40G,Spree-Neiße,100254
1795,2016,DE40H,Teltow-Fläming,135487
1796,2016,DE40I,Uckermark,102383
1797,2016,DE501,"Bremen, Kreisfreie Stadt",459421
1798,2016,DE502,"Bremerhaven, Kreisfreie Stadt",91875
1799,2016,DE600,Hamburg,1463498
1800,2016,DE711,"Darmstadt, Kreisfreie Stadt",127431
1801,2016,DE712,"Frankfurt am Main, Kreisfreie Stadt",599902
1802,2016,DE713,"Offenbach am Main, Kreisfreie Stadt",98656
1803,2016,DE714,"Wiesbaden, Kreisfreie Stadt",222070
1804,2016,DE715,Bergstraße,218206
1805,2016,DE716,Darmstadt-Dieburg,236326
1806,2016,DE717,Groß-Gerau,213309
1807,2016,DE718,Hochtaunuskreis,186676
1808,2016,DE719,Main-Kinzig-Kreis,334437
1809,2016,DE71A,Main-Taunus-Kreis,186511
1810,2016,DE71B,Odenwaldkreis,79330
1811,2016,DE71C,"Offenbach, Landkreis",280496
1812,2016,DE71D,Rheingau-Taunus-Kreis,149782
1813,2016,DE71E,Wetteraukreis,244273
1814,2016,DE721,"Gießen, Landkreis",214861
1815,2016,DE722,Lahn-Dill-Kreis,205532
1816,2016,DE723,Limburg-Weilburg,138887
1817,2016,DE724,Marburg-Biedenkopf,199278
1818,2016,DE725,Vogelsbergkreis,88385
1819,2016,DE731,"Kassel, Kreisfreie Stadt",163291
1820,2016,DE732,Fulda,176711
1821,2016,DE733,Hersfeld-Rotenburg,98955
1822,2016,DE734,"Kassel, Landkreis",194200
1823,2016,DE735,Schwalm-Eder-Kreis,148043
1824,2016,DE736,Waldeck-Frankenberg,128352
1825,2016,DE737,Werra-Meißner-Kreis,83818
1826,2016,DE803,"Rostock, Kreisfreie Stadt",174537
1827,2016,DE804,"Schwerin, Kreisfreie Stadt",80167
1828,2016,DE80J,Mecklenburgische Seenplatte,220509
1829,2016,DE80K,Landkreis Rostock,177116
1830,2016,DE80L,Vorpommern-Rügen,189957
1831,2016,DE80M,Nordwestmecklenburg,129833
1832,2016,DE80N,Vorpommern-Greifswald,200731
1833,2016,DE80O,Ludwigslust-Parchim,178498
1834,2016,DE911,"Braunschweig, Kreisfreie Stadt",210248
1835,2016,DE912,"Salzgitter, Kreisfreie Stadt",82043
1836,2016,DE913,"Wolfsburg, Kreisfreie Stadt",102270
1837,2016,DE914,Gifhorn,138763
1838,2016,DE916,Goslar,116436
1839,2016,DE917,Helmstedt,75669
1840,2016,DE918,Northeim,111036
1841,2016,DE91A,Peine,106030
1842,2016,DE91B,Wolfenbüttel,98897
1843,2016,DE91C,Göttingen,271265
1844,2016,DE922,Diepholz,173279
1845,2016,DE923,Hameln-Pyrmont,122129
1846,2016,DE925,Hildesheim,226884
1847,2016,DE926,Holzminden,59234
1848,2016,DE927,Nienburg (Weser),97405
1849,2016,DE928,Schaumburg,128143
1850,2016,DE929,Region Hannover,934078
1851,2016,DE931,Celle,143435
1852,2016,DE932,Cuxhaven,161304
1853,2016,DE933,Harburg,199703
1854,2016,DE934,Lüchow-Dannenberg,41217
1855,2016,DE935,"Lüneburg, Landkreis",144985
1856,2016,DE936,Osterholz,91766
1857,2016,DE937,Rotenburg (Wümme),130452
1858,2016,DE938,Heidekreis,112731
1859,2016,DE939,Stade,160284
1860,2016,DE93A,Uelzen,76531
1861,2016,DE93B,Verden,107873
1862,2016,DE941,"Delmenhorst, Kreisfreie Stadt",62101
1863,2016,DE942,"Emden, Kreisfreie Stadt",41081
1864,2016,DE943,"Oldenburg (Oldenburg), Kreisfreie Stadt",134672
1865,2016,DE944,"Osnabrück, Kreisfreie Stadt",134248
1866,2016,DE945,"Wilhelmshaven, Kreisfreie Stadt",63914
1867,2016,DE946,Ammerland,97295
1868,2016,DE947,Aurich,152141
1869,2016,DE948,Cloppenburg,125882
1870,2016,DE949,Emsland,252551
1871,2016,DE94A,Friesland (DE),79768
1872,2016,DE94B,Grafschaft Bentheim,106964
1873,2016,DE94C,Leer,133773
1874,2016,DE94D,"Oldenburg, Landkreis",102932
1875,2016,DE94E,"Osnabrück, Landkreis",283257
1876,2016,DE94F,Vechta,106503
1877,2016,DE94G,Wesermarsch,72295
1878,2016,DE94H,Wittmund,45994
1879,2016,DEA11,"Düsseldorf, Kreisfreie Stadt",505905
1880,2016,DEA12,"Duisburg, Kreisfreie Stadt",399178
1881,2016,DEA13,"Essen, Kreisfreie Stadt",480774
1882,2016,DEA14,"Krefeld, Kreisfreie Stadt",183698
1883,2016,DEA15,"Mönchengladbach, Kreisfreie Stadt",212119
1884,2016,DEA16,"Mülheim an der Ruhr, Kreisfreie Stadt",139956
1885,2016,DEA17,"Oberhausen, Kreisfreie Stadt",173580
1886,2016,DEA18,"Remscheid, Kreisfreie Stadt",89271
1887,2016,DEA19,"Solingen, Kreisfreie Stadt",128422
1888,2016,DEA1A,"Wuppertal, Kreisfreie Stadt",284806
1889,2016,DEA1B,Kleve,250322
1890,2016,DEA1C,Mettmann,393949
1891,2016,DEA1D,Rhein-Kreis Neuss,363090
1892,2016,DEA1E,Viersen,242078
1893,2016,DEA1F,Wesel,379990
1894,2016,DEA22,"Bonn, Kreisfreie Stadt",256659
1895,2016,DEA23,"Köln, Kreisfreie Stadt",871634
1896,2016,DEA24,"Leverkusen, Kreisfreie Stadt",132441
1897,2016,DEA26,Düren,212361
1898,2016,DEA27,Rhein-Erft-Kreis,376387
1899,2016,DEA28,Euskirchen,154319
1900,2016,DEA29,Heinsberg,203220
1901,2016,DEA2A,Oberbergischer Kreis,218672
1902,2016,DEA2B,Rheinisch-Bergischer Kreis,228597
1903,2016,DEA2C,Rhein-Sieg-Kreis,476485
1904,2016,DEA2D,Städteregion Aachen,452758
1905,2016,DEA31,"Bottrop, Kreisfreie Stadt",96422
1906,2016,DEA32,"Gelsenkirchen, Kreisfreie Stadt",210806
1907,2016,DEA33,"Münster, Kreisfreie Stadt",255919
1908,2016,DEA34,Borken,290279
1909,2016,DEA35,Coesfeld,173771
1910,2016,DEA36,Recklinghausen,506730
1911,2016,DEA37,Steinfurt,350268
1912,2016,DEA38,Warendorf,220313
1913,2016,DEA41,"Bielefeld, Kreisfreie Stadt",268902
1914,2016,DEA42,Gütersloh,286111
1915,2016,DEA43,Herford,203304
1916,2016,DEA44,Höxter,115617
1917,2016,DEA45,Lippe,279716
1918,2016,DEA46,Minden-Lübbecke,250671
1919,2016,DEA47,Paderborn,241662
1920,2016,DEA51,"Bochum, Kreisfreie Stadt",304931
1921,2016,DEA52,"Dortmund, Kreisfreie Stadt",480279
1922,2016,DEA53,"Hagen, Kreisfreie Stadt",153325
1923,2016,DEA54,"Hamm, Kreisfreie Stadt",143381
1924,2016,DEA55,"Herne, Kreisfreie Stadt",127613
1925,2016,DEA56,Ennepe-Ruhr-Kreis,269607
1926,2016,DEA57,Hochsauerlandkreis,213009
1927,2016,DEA58,Märkischer Kreis,337154
1928,2016,DEA59,Olpe,108963
1929,2016,DEA5A,Siegen-Wittgenstein,228528
1930,2016,DEA5B,Soest,243070
1931,2016,DEA5C,Unna,322944
1932,2016,DEB11,"Koblenz, Kreisfreie Stadt",94152
1933,2016,DEB12,Ahrweiler,105201
1934,2016,DEB13,Altenkirchen (Westerwald),104590
1935,2016,DEB14,Bad Kreuznach,128114
1936,2016,DEB15,Birkenfeld,66843
1937,2016,DEB17,Mayen-Koblenz,172837
1938,2016,DEB18,Neuwied,145968
1939,2016,DEB1A,Rhein-Lahn-Kreis,101226
1940,2016,DEB1B,Westerwaldkreis,161682
1941,2016,DEB1C,Cochem-Zell,51310
1942,2016,DEB1D,Rhein-Hunsrück-Kreis,83713
1943,2016,DEB21,"Trier, Kreisfreie Stadt",94675
1944,2016,DEB22,Bernkastel-Wittlich,91429
1945,2016,DEB23,Eifelkreis Bitburg-Prüm,78649
1946,2016,DEB24,Vulkaneifel,49838
1947,2016,DEB25,Trier-Saarburg,119162
1948,2016,DEB31,"Frankenthal (Pfalz), Kreisfreie Stadt",39401
1949,2016,DEB32,"Kaiserslautern, Kreisfreie Stadt",82037
1950,2016,DEB33,"Landau in der Pfalz, Kreisfreie Stadt",37412
1951,2016,DEB34,"Ludwigshafen am Rhein, Kreisfreie Stadt",132062
1952,2016,DEB35,"Mainz, Kreisfreie Stadt",175007
1953,2016,DEB36,"Neustadt an der Weinstraße, Kreisfreie Stadt",43676
1954,2016,DEB37,"Pirmasens, Kreisfreie Stadt",33477
1955,2016,DEB38,"Speyer, Kreisfreie Stadt",41051
1956,2016,DEB39,"Worms, Kreisfreie Stadt",66358
1957,2016,DEB3A,"Zweibrücken, Kreisfreie Stadt",28248
1958,2016,DEB3B,Alzey-Worms,102498
1959,2016,DEB3C,Bad Dürkheim,108887
1960,2016,DEB3D,Donnersbergkreis,60798
1961,2016,DEB3E,Germersheim,102939
1962,2016,DEB3F,"Kaiserslautern, Landkreis",84956
1963,2016,DEB3G,Kusel,58696
1964,2016,DEB3H,Südliche Weinstraße,90699
1965,2016,DEB3I,Rhein-Pfalz-Kreis,123876
1966,2016,DEB3J,Mainz-Bingen,167529
1967,2016,DEB3K,Südwestpfalz,80612
1968,2016,DEC01,Regionalverband Saarbrücken,273573
1969,2016,DEC02,Merzig-Wadern,85677
1970,2016,DEC03,Neunkirchen,112376
1971,2016,DEC04,Saarlouis,163962
1972,2016,DEC05,Saarpfalz-Kreis,120970
1973,2016,DEC06,St. Wendel,74517
1974,2016,DED21,"Dresden, Kreisfreie Stadt",447708
1975,2016,DED2C,Bautzen,255021
1976,2016,DED2D,Görlitz,218541
1977,2016,DED2E,Meißen,203878
1978,2016,DED2F,Sächsische Schweiz-Osterzgebirge,204724
1979,2016,DED41,"Chemnitz, Kreisfreie Stadt",209330
1980,2016,DED42,Erzgebirgskreis,291222
1981,2016,DED43,Mittelsachsen,262506
1982,2016,DED44,Vogtlandkreis,197073
1983,2016,DED45,Zwickau,274179
1984,2016,DED51,"Leipzig, Kreisfreie Stadt",466628
1985,2016,DED52,Leipzig,215697
1986,2016,DED53,Nordsachsen,165731
1987,2016,DEE01,"Dessau-Roßlau, Kreisfreie Stadt",71468
1988,2016,DEE02,"Halle (Saale), Kreisfreie Stadt",197723
1989,2016,DEE03,"Magdeburg, Kreisfreie Stadt",198558
1990,2016,DEE04,Altmarkkreis Salzwedel,71692
1991,2016,DEE05,Anhalt-Bitterfeld,140661
1992,2016,DEE06,Jerichower Land,77297
1993,2016,DEE07,Börde,145076
1994,2016,DEE08,Burgenlandkreis,156910
1995,2016,DEE09,Harz,187125
1996,2016,DEE0A,Mansfeld-Südharz,121037
1997,2016,DEE0B,Saalekreis,156885
1998,2016,DEE0C,Salzlandkreis,167040
1999,2016,DEE0D,Stendal,96582
2000,2016,DEE0E,Wittenberg,109699
2001,2016,DEF01,"Flensburg, Kreisfreie Stadt",71066
2002,2016,DEF02,"Kiel, Kreisfreie Stadt",205389
2003,2016,DEF03,"Lübeck, Kreisfreie Stadt",179218
2004,2016,DEF04,"Neumünster, Kreisfreie Stadt",64077
2005,2016,DEF05,Dithmarschen,107961
2006,2016,DEF06,Herzogtum Lauenburg,155572
2007,2016,DEF07,Nordfriesland,133328
2008,2016,DEF08,Ostholstein,165939
2009,2016,DEF09,Pinneberg,249110
2010,2016,DEF0A,Plön,104551
2011,2016,DEF0B,Rendsburg-Eckernförde,217342
2012,2016,DEF0C,Schleswig-Flensburg,158332
2013,2016,DEF0D,Segeberg,216453
2014,2016,DEF0E,Steinburg,106488
2015,2016,DEF0F,Stormarn,193055
2016,2016,DEG01,"Erfurt, Kreisfreie Stadt",174803
2017,2016,DEG02,"Gera, Kreisfreie Stadt",81515
2018,2016,DEG03,"Jena, Kreisfreie Stadt",91436
2019,2016,DEG04,"Suhl, Kreisfreie Stadt (NUTS 2021)",31447
2020,2016,DEG05,"Weimar, Kreisfreie Stadt",52668
2021,2016,DEG06,Eichsfeld,82921
2022,2016,DEG07,Nordhausen,71528
2023,2016,DEG09,Unstrut-Hainich-Kreis,86927
2024,2016,DEG0A,Kyffhäuserkreis,65321
2025,2016,DEG0B,Schmalkalden-Meiningen (NUTS 2021),105710
2026,2016,DEG0C,Gotha,114015
2027,2016,DEG0D,Sömmerda,58905
2028,2016,DEG0E,Hildburghausen,54460
2029,2016,DEG0F,Ilm-Kreis (NUTS 2021),92457
2030,2016,DEG0G,Weimarer Land,67811
2031,2016,DEG0H,Sonneberg (NUTS 2021),48583
2032,2016,DEG0I,Saalfeld-Rudolstadt (NUTS 2021),93136
2033,2016,DEG0J,Saale-Holzland-Kreis,71155
2034,2016,DEG0K,Saale-Orla-Kreis,69799
2035,2016,DEG0L,Greiz,85982
2036,2016,DEG0M,Altenburger Land,79103
2037,2016,DEG0N,"Eisenach, Kreisfreie Stadt (NUTS 2021)",35627
2038,2016,DEG0P,Wartburgkreis (NUTS 2021),105358
2039,2016,DEG0Q,Schmalkalden-Meiningen,105710
2040,2016,DEG0R,Wartburgkreis,140985
2041,2016,DEG0S,"Suhl, Kreisfreie Stadt",31447
2042,2016,DEG0T,Ilm-Kreis,92457
2043,2016,DEG0U,Saalfeld-Rudolstadt,93136
2044,2016,DEG0V,Sonneberg,48583
2045,2016,ES111,A Coruña,943736
2046,2016,ES112,Lugo,291300
2047,2016,ES113,Ourense,273045
2048,2016,ES114,Pontevedra,781574
2049,2016,ES120,Asturias,888762
2050,2016,ES130,Cantabria,479528
2051,2016,ES211,Araba/Álava,261456
2052,2016,ES212,Gipuzkoa,574766
2053,2016,ES213,Bizkaia,939945
2054,2016,ES220,Navarra,507181
2055,2016,ES230,La Rioja,253121
2056,2016,ES241,Huesca,181450
2057,2016,ES242,Teruel,112654
2058,2016,ES243,Zaragoza,777976
2059,2016,ES300,Madrid,5104357
2060,2016,ES411,Ávila,136353
2061,2016,ES412,Burgos,298295
2062,2016,ES413,León,404487
2063,2016,ES414,Palencia,139279
2064,2016,ES415,Salamanca,284216
2065,2016,ES416,Segovia,127734
2066,2016,ES417,Soria,75285
2067,2016,ES418,Valladolid,432378
2068,2016,ES419,Zamora,156756
2069,2016,ES421,Albacete,313352
2070,2016,ES422,Ciudad Real,408691
2071,2016,ES423,Cuenca,167062
2072,2016,ES424,Guadalajara,198720
2073,2016,ES425,Toledo,542345
2074,2016,ES431,Badajoz,547010
2075,2016,ES432,Cáceres,332322
2076,2016,ES511,Barcelona,4360830
2077,2016,ES512,Girona,585847
2078,2016,ES513,Lleida,343984
2079,2016,ES514,Tarragona,625348
2080,2016,ES521,Alicante/Alacant,1475890
2081,2016,ES522,Castellón/Castelló,459345
2082,2016,ES523,Valencia/València,2019991
2083,2016,ES531,Eivissa y Formentera,126707
2084,2016,ES532,Mallorca,692686
2085,2016,ES533,Menorca,73251
2086,2016,ES611,Almería,542194
2087,2016,ES612,Cádiz,972117
2088,2016,ES613,Córdoba,629376
2089,2016,ES614,Granada,722923
2090,2016,ES615,Huelva,409721
2091,2016,ES616,Jaén,516314
2092,2016,ES617,Málaga,1293050
2093,2016,ES618,Sevilla,1503453
2094,2016,ES620,Murcia,1130666
2095,2016,ES630,Ceuta,61401
2096,2016,ES640,Melilla,59435
2097,2016,ES703,El Hierro,8831
2098,2016,ES704,Fuerteventura,86591
2099,2016,ES705,Gran Canaria,684998
2100,2016,ES706,La Gomera,17667
2101,2016,ES707,La Palma,67656
2102,2016,ES708,Lanzarote,112509
2103,2016,ES709,Tenerife,723835
2104,2016,FR101,Paris,1763864
2105,2016,FR102,Seine-et-Marne,1006339
2106,2016,FR103,Yvelines,1044699
2107,2016,FR104,Essonne,932725
2108,2016,FR105,Hauts-de-Seine,1200591
2109,2016,FR106,Seine-Saint-Denis,1139728
2110,2016,FR107,Val-de-Marne,1023720
2111,2016,FR108,Val-d'Oise,872978
2112,2016,FRB01,Cher,240559
2113,2016,FRB02,Eure-et-Loir,323841
2114,2016,FRB03,Indre,177562
2115,2016,FRB04,Indre-et-Loire,460800
2116,2016,FRB05,Loir-et-Cher,256443
2117,2016,FRB06,Loiret,503053
2118,2016,FRC11,Côte-d’Or,407632
2119,2016,FRC12,Nièvre,167911
2120,2016,FRC13,Saône-et-Loire,433141
2121,2016,FRC14,Yonne,261729
2122,2016,FRC21,Doubs,403173
2123,2016,FRC22,Jura,199876
2124,2016,FRC23,Haute-Saône,181425
2125,2016,FRC24,Territoire de Belfort,108987
2126,2016,FRD11,Calvados,525128
2127,2016,FRD12,Manche,386135
2128,2016,FRD13,Orne,220507
2129,2016,FRD21,Eure,445308
2130,2016,FRD22,Seine-Maritime,942729
2131,2016,FRE11,Nord,1906140
2132,2016,FRE12,Pas-de-Calais,1085133
2133,2016,FRE21,Aisne,399378
2134,2016,FRE22,Oise,603702
2135,2016,FRE23,Somme,430457
2136,2016,FRF11,Bas-Rhin,857810
2137,2016,FRF12,Haut-Rhin,581524
2138,2016,FRF21,Ardennes,209462
2139,2016,FRF22,Aube,233469
2140,2016,FRF23,Marne,430421
2141,2016,FRF24,Haute-Marne,139510
2142,2016,FRF31,Meurthe-et-Moselle,557038
2143,2016,FRF32,Meuse,144876
2144,2016,FRF33,Moselle,807707
2145,2016,FRF34,Vosges,287110
2146,2016,FRG01,Loire-Atlantique,1024673
2147,2016,FRG02,Maine-et-Loire,599157
2148,2016,FRG03,Mayenne,228847
2149,2016,FRG04,Sarthe,426213
2150,2016,FRG05,Vendée,512012
2151,2016,FRH01,Côtes-d’Armor,462052
2152,2016,FRH02,Finistère,698207
2153,2016,FRH03,Ille-et-Vilaine,779332
2154,2016,FRH04,Morbihan,575326
2155,2016,FRI11,Dordogne,333019
2156,2016,FRI12,Gironde,1195206
2157,2016,FRI13,Landes,318146
2158,2016,FRI14,Lot-et-Garonne,260497
2159,2016,FRI15,Pyrénées-Atlantiques,528280
2160,2016,FRI21,Corrèze,192591
2161,2016,FRI22,Creuse,97651
2162,2016,FRI23,Haute-Vienne,293424
2163,2016,FRI31,Charente,277995
2164,2016,FRI32,Charente-Maritime,508037
2165,2016,FRI33,Deux-Sèvres,286244
2166,2016,FRI34,Vienne,332035
2167,2016,FRJ11,Aude,287697
2168,2016,FRJ12,Gard,567130
2169,2016,FRJ13,Hérault,867973
2170,2016,FRJ14,Lozère,60098
2171,2016,FRJ15,Pyrénées-Orientales,368519
2172,2016,FRJ21,Ariège,120754
2173,2016,FRJ22,Aveyron,220776
2174,2016,FRJ23,Haute-Garonne,1017671
2175,2016,FRJ24,Gers,151660
2176,2016,FRJ25,Lot,140094
2177,2016,FRJ26,Hautes-Pyrénées,181735
2178,2016,FRJ27,Tarn,300006
2179,2016,FRJ28,Tarn-et-Garonne,194064
2180,2016,FRK11,Allier,268914
2181,2016,FRK12,Cantal,118095
2182,2016,FRK13,Haute-Loire,175267
2183,2016,FRK14,Puy-de-Dôme,503638
2184,2016,FRK21,Ain,471195
2185,2016,FRK22,Ardèche,252124
2186,2016,FRK23,Drôme,383072
2187,2016,FRK24,Isère,929866
2188,2016,FRK25,Loire,574178
2189,2016,FRK26,Rhône,1363098
2190,2016,FRK27,Savoie,328210
2191,2016,FRK28,Haute-Savoie,601491
2192,2016,FRL01,Alpes-de-Haute-Provence,127432
2193,2016,FRL02,Hautes-Alpes,109687
2194,2016,FRL03,Alpes-Maritimes,852349
2195,2016,FRL04,Bouches-du-Rhône,1534624
2196,2016,FRL05,Var,831323
2197,2016,FRL06,Vaucluse,424474
2198,2016,FRM01,Corse-du-Sud,123542
2199,2016,FRM02,Haute-Corse,139246
2200,2016,FRXXX,Not regionalised/Unknown NUTS 3,0
2201,2016,FRY10,Guadeloupe,316023
2202,2016,FRY20,Martinique,287065
2203,2016,FRY30,Guyane,155927
2204,2016,FRY40,La Réunion,583785
2205,2016,FRY50,Mayotte,111456
2206,2016,HU110,Budapest,1433237
2207,2016,HU120,Pest,961119
2208,2016,HU211,Fejér,336985
2209,2016,HU212,Komárom-Esztergom,241129
2210,2016,HU213,Veszprém,280745
2211,2016,HU221,Győr-Moson-Sopron,361440
2212,2016,HU222,Vas,205564
2213,2016,HU223,Zala,226213
2214,2016,HU231,Baranya,300016
2215,2016,HU232,Somogy,250328
2216,2016,HU233,Tolna,180957
2217,2016,HU311,Borsod-Abaúj-Zemplén,518840
2218,2016,HU312,Heves,239184
2219,2016,HU313,Nógrád,155503
2220,2016,HU321,Hajdú-Bihar,421379
2221,2016,HU322,Jász-Nagykun-Szolnok,300736
2222,2016,HU323,Szabolcs-Szatmár-Bereg,431779
2223,2016,HU331,Bács-Kiskun,411282
2224,2016,HU332,Békés,280649
2225,2016,HU333,Csongrád-Csanád,328550
2226,2016,HUXXX,Not regionalised/Unknown NUTS 3,0
2227,2016,ITC11,Torino,1875118
2228,2016,ITC12,Vercelli,146542
2229,2016,ITC13,Biella,151355
2230,2016,ITC14,Verbano-Cusio-Ossola,133694
2231,2016,ITC15,Novara,302791
2232,2016,ITC16,Cuneo,481830
2233,2016,ITC17,Asti,179807
2234,2016,ITC18,Alessandria,362020
2235,2016,ITC20,Valle d’Aosta/Vallée d’Aoste,103815
2236,2016,ITC31,Imperia,179920
2237,2016,ITC32,Savona,235694
2238,2016,ITC33,Genova,714666
2239,2016,ITC34,La Spezia,185831
2240,2016,ITC41,Varese,721972
2241,2016,ITC42,Como,486473
2242,2016,ITC43,Lecco,272609
2243,2016,ITC44,Sondrio,148264
2244,2016,ITC46,Bergamo,882007
2245,2016,ITC47,Brescia,1006555
2246,2016,ITC48,Pavia,453002
2247,2016,ITC49,Lodi,184322
2248,2016,ITC4A,Cremona,295214
2249,2016,ITC4B,Mantova,335653
2250,2016,ITC4C,Milano,2617281
2251,2016,ITC4D,Monza e della Brianza,697128
2252,2016,ITF11,L’Aquila,252775
2253,2016,ITF12,Teramo,254330
2254,2016,ITF13,Pescara,262689
2255,2016,ITF14,Chieti,321653
2256,2016,ITF21,Isernia,72554
2257,2016,ITF22,Campobasso,186330
2258,2016,ITF31,Caserta,718422
2259,2016,ITF32,Benevento,229751
2260,2016,ITF33,Napoli,2390125
2261,2016,ITF34,Avellino,347083
2262,2016,ITF35,Salerno,887180
2263,2016,ITF43,Taranto,469699
2264,2016,ITF44,Brindisi,323829
2265,2016,ITF45,Lecce,657336
2266,2016,ITF46,Foggia,498300
2267,2016,ITF47,Bari,1010832
2268,2016,ITF48,Barletta-Andria-Trani,310095
2269,2016,ITF51,Potenza,307294
2270,2016,ITF52,Matera,162958
2271,2016,ITF61,Cosenza,581290
2272,2016,ITF62,Crotone,135837
2273,2016,ITF63,Catanzaro,292259
2274,2016,ITF64,Vibo Valentia,128715
2275,2016,ITF65,Reggio Calabria,439213
2276,2016,ITG11,Trapani,349563
2277,2016,ITG12,Palermo,996308
2278,2016,ITG13,Messina,523685
2279,2016,ITG14,Agrigento,354320
2280,2016,ITG15,Caltanissetta,213989
2281,2016,ITG16,Enna,136540
2282,2016,ITG17,Catania,866298
2283,2016,ITG18,Ragusa,253619
2284,2016,ITG19,Siracusa,323334
2285,2016,ITG25,Sassari (NUTS 2016),279959
2286,2016,ITG26,Nuoro (NUTS 2016),130572
2287,2016,ITG27,Cagliari (NUTS 2016),470821
2288,2016,ITG28,Oristano (NUTS 2016),137593
2289,2016,ITG29,Olbia-Tempio (NUTS 2016),132494
2290,2016,ITG2A,Ogliastra (NUTS 2016),47615
2291,2016,ITG2B,Medio Campidano (NUTS 2016),84135
2292,2016,ITG2C,Carbonia-Iglesias (NUTS 2016),109068
2293,2016,ITG2D,Sassari,407632
2294,2016,ITG2E,Nuoro,175826
2295,2016,ITG2F,Cagliari,357137
2296,2016,ITG2G,Oristano,136153
2297,2016,ITG2H,Sud Sardegna,302067
2298,2016,ITH10,Bolzano-Bozen,407673
2299,2016,ITH20,Trento,431356
2300,2016,ITH31,Verona,742853
2301,2016,ITH32,Vicenza,693174
2302,2016,ITH33,Belluno,170669
2303,2016,ITH34,Treviso,708720
2304,2016,ITH35,Venezia,704872
2305,2016,ITH36,Padova,761238
2306,2016,ITH37,Rovigo,202414
2307,2016,ITH41,Pordenone,253799
2308,2016,ITH42,Udine,446435
2309,2016,ITH43,Gorizia,116570
2310,2016,ITH44,Trieste,196596
2311,2016,ITH51,Piacenza,237497
2312,2016,ITH52,Parma,368098
2313,2016,ITH53,Reggio nell’Emilia,424980
2314,2016,ITH54,Modena,568947
2315,2016,ITH55,Bologna,832398
2316,2016,ITH56,Ferrara,298790
2317,2016,ITH57,Ravenna,323404
2318,2016,ITH58,Forlì-Cesena,323577
2319,2016,ITH59,Rimini,272177
2320,2016,ITI11,Massa-Carrara,166187
2321,2016,ITI12,Lucca,323860
2322,2016,ITI13,Pistoia,240951
2323,2016,ITI14,Firenze,830686
2324,2016,ITI15,Prato,205789
2325,2016,ITI16,Livorno,282468
2326,2016,ITI17,Pisa,346892
2327,2016,ITI18,Arezzo,285204
2328,2016,ITI19,Siena,223460
2329,2016,ITI1A,Grosseto,188167
2330,2016,ITI21,Perugia,540657
2331,2016,ITI22,Terni,191305
2332,2016,ITI31,Pesaro e Urbino,295171
2333,2016,ITI32,Ancona,390322
2334,2016,ITI33,Macerata,262973
2335,2016,ITI34,Ascoli Piceno,174582
2336,2016,ITI35,Fermo,144637
2337,2016,ITI41,Viterbo,263012
2338,2016,ITI42,Rieti,131495
2339,2016,ITI43,Roma,3450886
2340,2016,ITI44,Latina,457749
2341,2016,ITI45,Frosinone,404196
2342,2016,PL213,Miasto Kraków,621542
2343,2016,PL214,Krakowski,549729
2344,2016,PL217,Tarnowski,354954
2345,2016,PL218,Nowosądecki,398258
2346,2016,PL219,Nowotarski,256518
2347,2016,PL21A,Oświęcimski,439264
2348,2016,PL224,Częstochowski,422206
2349,2016,PL225,Bielski,522824
2350,2016,PL227,Rybnicki,498127
2351,2016,PL228,Bytomski,353659
2352,2016,PL229,Gliwicki,383325
2353,2016,PL22A,Katowicki,610673
2354,2016,PL22B,Sosnowiecki,569584
2355,2016,PL22C,Tyski,307846
2356,2016,PL411,Pilski,317534
2357,2016,PL414,Koniński,513676
2358,2016,PL415,Miasto Poznań,447020
2359,2016,PL416,Kaliski,524690
2360,2016,PL417,Leszczyński,427096
2361,2016,PL418,Poznański,482636
2362,2016,PL424,Miasto Szczecin,334893
2363,2016,PL426,Koszaliński,282158
2364,2016,PL427,Szczecinecko-pyrzycki,336554
2365,2016,PL428,Szczeciński,401152
2366,2016,PL431,Gorzowski,302230
2367,2016,PL432,Zielonogórski,497864
2368,2016,PL514,Miasto Wrocław,524015
2369,2016,PL515,Jeleniogórski,455700
2370,2016,PL516,Legnicko-głogowski,356126
2371,2016,PL517,Wałbrzyski,538113
2372,2016,PL518,Wrocławski,451653
2373,2016,PL523,Nyski,297927
2374,2016,PL524,Opolski,476812
2375,2016,PL613,Bydgosko-toruński,619012
2376,2016,PL616,Grudziądzki,301730
2377,2016,PL617,Inowrocławski,287265
2378,2016,PL618,Świecki,144521
2379,2016,PL619,Włocławski,286981
2380,2016,PL621,Elbląski,410712
2381,2016,PL622,Olsztyński,485581
2382,2016,PL623,Ełcki,220982
2383,2016,PL633,Trójmiejski,610321
2384,2016,PL634,Gdański,416804
2385,2016,PL636,Słupski,258429
2386,2016,PL637,Chojnicki,168569
2387,2016,PL638,Starogardzki,328710
2388,2016,PL711,Miasto Łódź,588213
2389,2016,PL712,Łódzki,309815
2390,2016,PL713,Piotrkowski,465787
2391,2016,PL714,Sieradzki,355743
2392,2016,PL715,Skierniewicki,291812
2393,2016,PL721,Kielecki,617333
2394,2016,PL722,Sandomiersko-jędrzejowski,386629
2395,2016,PL811,Bialski,237182
2396,2016,PL812,Chełmsko-zamojski,503765
2397,2016,PL814,Lubelski,567686
2398,2016,PL815,Puławski,380375
2399,2016,PL821,Krośnieński,373740
2400,2016,PL822,Przemyski,306379
2401,2016,PL823,Rzeszowski,486298
2402,2016,PL824,Tarnobrzeski,476288
2403,2016,PL841,Białostocki,405246
2404,2016,PL842,Łomżyński,312015
2405,2016,PL843,Suwalski,210076
2406,2016,PL911,Miasto Warszawa,1424759
2407,2016,PL912,Warszawski wschodni,477487
2408,2016,PL913,Warszawski zachodni,481179
2409,2016,PL921,Radomski,483778
2410,2016,PL922,Ciechanowski,268218
2411,2016,PL923,Płocki,261504
2412,2016,PL924,Ostrołęcki,297492
2413,2016,PL925,Siedlecki,326005
2414,2016,PL926,Żyrardowski,204322
2415,2016,RO111,Bihor,445913
2416,2016,RO112,Bistriţa-Năsăud,214287
2417,2016,RO113,Cluj,575373
2418,2016,RO114,Maramureş,365038
2419,2016,RO115,Satu Mare,261174
2420,2016,RO116,Sălaj,167950
2421,2016,RO121,Alba,265234
2422,2016,RO122,Braşov,436369
2423,2016,RO123,Covasna,158881
2424,2016,RO124,Harghita,238711
2425,2016,RO125,Mureş,422949
2426,2016,RO126,Sibiu,312250
2427,2016,RO211,Bacău,456430
2428,2016,RO212,Botoşani,297242
2429,2016,RO213,Iaşi,597325
2430,2016,RO214,Neamţ,351847
2431,2016,RO215,Suceava,469584
2432,2016,RO216,Vaslui,285587
2433,2016,RO221,Brăila,244749
2434,2016,RO222,Buzău,342230
2435,2016,RO223,Constanţa,536306
2436,2016,RO224,Galaţi,408781
2437,2016,RO225,Tulcea,159431
2438,2016,RO226,Vrancea,255455
2439,2016,RO311,Argeş,479239
2440,2016,RO312,Călăraşi,228857
2441,2016,RO313,Dâmboviţa,399053
2442,2016,RO314,Giurgiu,216824
2443,2016,RO315,Ialomiţa,203256
2444,2016,RO316,Prahova,595864
2445,2016,RO317,Teleorman,287998
2446,2016,RO321,Bucureşti,1533594
2447,2016,RO322,Ilfov,345989
2448,2016,RO411,Dolj,514849
2449,2016,RO412,Gorj,260223
2450,2016,RO413,Mehedinţi,201780
2451,2016,RO414,Olt,331117
2452,2016,RO415,Vâlcea,289610
2453,2016,RO421,Arad,336962
2454,2016,RO422,Caraş-Severin,226039
2455,2016,RO423,Hunedoara,322718
2456,2016,RO424,Timiş,567319
2457,2017,DE111,"Stuttgart, Stadtkreis",518679
2458,2017,DE112,Böblingen,308264
2459,2017,DE113,Esslingen,427009
2460,2017,DE114,Göppingen,205551
2461,2017,DE115,Ludwigsburg,431665
2462,2017,DE116,Rems-Murr-Kreis,340423
2463,2017,DE117,"Heilbronn, Stadtkreis",99640
2464,2017,DE118,"Heilbronn, Landkreis",270265
2465,2017,DE119,Hohenlohekreis,88678
2466,2017,DE11A,Schwäbisch Hall,153973
2467,2017,DE11B,Main-Tauber-Kreis,107642
2468,2017,DE11C,Heidenheim,105811
2469,2017,DE11D,Ostalbkreis,249785
2470,2017,DE121,"Baden-Baden, Stadtkreis",45517
2471,2017,DE122,"Karlsruhe, Stadtkreis",258130
2472,2017,DE123,"Karlsruhe, Landkreis",356862
2473,2017,DE124,Rastatt,185996
2474,2017,DE125,"Heidelberg, Stadtkreis",133245
2475,2017,DE126,"Mannheim, Stadtkreis",250742
2476,2017,DE127,Neckar-Odenwald-Kreis,116399
2477,2017,DE128,Rhein-Neckar-Kreis,440768
2478,2017,DE129,"Pforzheim, Stadtkreis",99225
2479,2017,DE12A,Calw,125056
2480,2017,DE12B,Enzkreis,158388
2481,2017,DE12C,Freudenstadt,93520
2482,2017,DE131,"Freiburg im Breisgau, Stadtkreis",185774
2483,2017,DE132,Breisgau-Hochschwarzwald,208774
2484,2017,DE133,Emmendingen,131092
2485,2017,DE134,Ortenaukreis,339816
2486,2017,DE135,Rottweil,110390
2487,2017,DE136,Schwarzwald-Baar-Kreis,170354
2488,2017,DE137,Tuttlingen,109109
2489,2017,DE138,Konstanz,228462
2490,2017,DE139,Lörrach,182242
2491,2017,DE13A,Waldshut,134563
2492,2017,DE141,Reutlingen,228515
2493,2017,DE142,"Tübingen, Landkreis",180113
2494,2017,DE143,Zollernalbkreis,152355
2495,2017,DE144,"Ulm, Stadtkreis",100818
2496,2017,DE145,Alb-Donau-Kreis,152844
2497,2017,DE146,Biberach,154660
2498,2017,DE147,Bodenseekreis,172198
2499,2017,DE148,Ravensburg,224250
2500,2017,DE149,Sigmaringen,103949
2501,2017,DE211,"Ingolstadt, Kreisfreie Stadt",108737
2502,2017,DE212,"München, Kreisfreie Stadt",1213016
2503,2017,DE213,"Rosenheim, Kreisfreie Stadt",51167
2504,2017,DE214,Altötting,88508
2505,2017,DE215,Berchtesgadener Land,86065
2506,2017,DE216,Bad Tölz-Wolfratshausen,100930
2507,2017,DE217,Dachau,120779
2508,2017,DE218,Ebersberg,109498
2509,2017,DE219,Eichstätt,103220
2510,2017,DE21A,Erding,107407
2511,2017,DE21B,Freising,140422
2512,2017,DE21C,Fürstenfeldbruck,173732
2513,2017,DE21D,Garmisch-Partenkirchen,72532
2514,2017,DE21E,Landsberg am Lech,94414
2515,2017,DE21F,Miesbach,80288
2516,2017,DE21G,Mühldorf a. Inn,91123
2517,2017,DE21H,"München, Landkreis",273042
2518,2017,DE21I,Neuburg-Schrobenhausen,76382
2519,2017,DE21J,Pfaffenhofen a. d. Ilm,100383
2520,2017,DE21K,"Rosenheim, Landkreis",207005
2521,2017,DE21L,Starnberg,107228
2522,2017,DE21M,Traunstein,142666
2523,2017,DE21N,Weilheim-Schongau,107370
2524,2017,DE221,"Landshut, Kreisfreie Stadt",57924
2525,2017,DE222,"Passau, Kreisfreie Stadt",43202
2526,2017,DE223,"Straubing, Kreisfreie Stadt",39415
2527,2017,DE224,Deggendorf,95816
2528,2017,DE225,Freyung-Grafenau,64108
2529,2017,DE226,Kelheim,95871
2530,2017,DE227,"Landshut, Landkreis",124171
2531,2017,DE228,"Passau, Landkreis",154516
2532,2017,DE229,Regen,63551
2533,2017,DE22A,Rottal-Inn,97029
2534,2017,DE22B,Straubing-Bogen,79669
2535,2017,DE22C,Dingolfing-Landau,77332
2536,2017,DE231,"Amberg, Kreisfreie Stadt",35046
2537,2017,DE232,"Regensburg, Kreisfreie Stadt",124302
2538,2017,DE233,"Weiden i. d. Opf, Kreisfreie Stadt",35191
2539,2017,DE234,Amberg-Sulzbach,84125
2540,2017,DE235,Cham,103686
2541,2017,DE236,Neumarkt i. d. OPf.,105888
2542,2017,DE237,Neustadt a. d. Waldnaab,76920
2543,2017,DE238,"Regensburg, Landkreis",153022
2544,2017,DE239,Schwandorf,118626
2545,2017,DE23A,Tirschenreuth,60022
2546,2017,DE241,"Bamberg, Kreisfreie Stadt",63265
2547,2017,DE242,"Bayreuth, Kreisfreie Stadt",61659
2548,2017,DE243,"Coburg, Kreisfreie Stadt",34424
2549,2017,DE244,"Hof, Kreisfreie Stadt",37349
2550,2017,DE245,"Bamberg, Landkreis",117667
2551,2017,DE246,"Bayreuth, Landkreis",84922
2552,2017,DE247,"Coburg, Landkreis",71362
2553,2017,DE248,Forchheim,93182
2554,2017,DE249,"Hof, Landkreis",79945
2555,2017,DE24A,Kronach,56588
2556,2017,DE24B,Kulmbach,59762
2557,2017,DE24C,Lichtenfels,54917
2558,2017,DE24D,Wunsiedel i. Fichtelgebirge,61344
2559,2017,DE251,"Ansbach, Kreisfreie Stadt",33892
2560,2017,DE252,"Erlangen, Kreisfreie Stadt",90160
2561,2017,DE253,"Fürth, Kreisfreie Stadt",102460
2562,2017,DE254,"Nürnberg, Kreisfreie Stadt",421346
2563,2017,DE255,"Schwabach, Kreisfreie Stadt",32924
2564,2017,DE256,"Ansbach, Landkreis",146461
2565,2017,DE257,Erlangen-Höchstadt,108066
2566,2017,DE258,"Fürth, Landkreis",94610
2567,2017,DE259,Nürnberger Land,137676
2568,2017,DE25A,Neustadt a. d. Aisch-Bad Windsheim,80163
2569,2017,DE25B,Roth,101648
2570,2017,DE25C,Weißenburg-Gunzenhausen,76181
2571,2017,DE261,"Aschaffenburg, Kreisfreie Stadt",56781
2572,2017,DE262,"Schweinfurt, Kreisfreie Stadt",43384
2573,2017,DE263,"Würzburg, Kreisfreie Stadt",107425
2574,2017,DE264,"Aschaffenburg, Landkreis",141625
2575,2017,DE265,Bad Kissingen,84953
2576,2017,DE266,Rhön-Grabfeld,64845
2577,2017,DE267,Haßberge,68394
2578,2017,DE268,Kitzingen,72850
2579,2017,DE269,Miltenberg,104089
2580,2017,DE26A,Main-Spessart,103861
2581,2017,DE26B,"Schweinfurt, Landkreis",93524
2582,2017,DE26C,"Würzburg, Landkreis",130681
2583,2017,DE271,"Augsburg, Kreisfreie Stadt",239562
2584,2017,DE272,"Kaufbeuren, Kreisfreie Stadt",35101
2585,2017,DE273,"Kempten (Allgäu), Kreisfreie Stadt",55534
2586,2017,DE274,"Memmingen, Kreisfreie Stadt",35097
2587,2017,DE275,Aichach-Friedberg,104753
2588,2017,DE276,"Augsburg, Landkreis",198444
2589,2017,DE277,Dillingen a.d. Donau,75972
2590,2017,DE278,Günzburg,99196
2591,2017,DE279,Neu-Ulm,137909
2592,2017,DE27A,Lindau (Bodensee),65497
2593,2017,DE27B,Ostallgäu,110576
2594,2017,DE27C,Unterallgäu,113110
2595,2017,DE27D,Donau-Ries,106141
2596,2017,DE27E,Oberallgäu,125065
2597,2017,DE300,Berlin,2934841
2598,2017,DE401,"Brandenburg an der Havel, Kreisfreie Stadt",60932
2599,2017,DE402,"Cottbus, Kreisfreie Stadt",84824
2600,2017,DE403,"Frankfurt (Oder), Kreisfreie Stadt",49067
2601,2017,DE404,"Potsdam, Kreisfreie Stadt",139386
2602,2017,DE405,Barnim,148329
2603,2017,DE406,Dahme-Spreewald,137844
2604,2017,DE407,Elbe-Elster,88529
2605,2017,DE408,Havelland,130138
2606,2017,DE409,Märkisch-Oderland,159553
2607,2017,DE40A,Oberhavel,170977
2608,2017,DE40B,Oberspreewald-Lausitz,95272
2609,2017,DE40C,Oder-Spree,149566
2610,2017,DE40D,Ostprignitz-Ruppin,83348
2611,2017,DE40E,Potsdam-Mittelmark,172070
2612,2017,DE40F,Prignitz,66132
2613,2017,DE40G,Spree-Neiße,99129
2614,2017,DE40H,Teltow-Fläming,135836
2615,2017,DE40I,Uckermark,101891
2616,2017,DE501,"Bremen, Kreisfreie Stadt",463873
2617,2017,DE502,"Bremerhaven, Kreisfreie Stadt",91088
2618,2017,DE600,Hamburg,1477326
2619,2017,DE711,"Darmstadt, Kreisfreie Stadt",128672
2620,2017,DE712,"Frankfurt am Main, Kreisfreie Stadt",600494
2621,2017,DE713,"Offenbach am Main, Kreisfreie Stadt",99190
2622,2017,DE714,"Wiesbaden, Kreisfreie Stadt",222817
2623,2017,DE715,Bergstraße,218981
2624,2017,DE716,Darmstadt-Dieburg,237729
2625,2017,DE717,Groß-Gerau,215291
2626,2017,DE718,Hochtaunuskreis,187589
2627,2017,DE719,Main-Kinzig-Kreis,337697
2628,2017,DE71A,Main-Taunus-Kreis,188317
2629,2017,DE71B,Odenwaldkreis,79024
2630,2017,DE71C,"Offenbach, Landkreis",282213
2631,2017,DE71D,Rheingau-Taunus-Kreis,150980
2632,2017,DE71E,Wetteraukreis,245965
2633,2017,DE721,"Gießen, Landkreis",217273
2634,2017,DE722,Lahn-Dill-Kreis,206162
2635,2017,DE723,Limburg-Weilburg,139110
2636,2017,DE724,Marburg-Biedenkopf,198919
2637,2017,DE725,Vogelsbergkreis,88027
2638,2017,DE731,"Kassel, Kreisfreie Stadt",163456
2639,2017,DE732,Fulda,177789
2640,2017,DE733,Hersfeld-Rotenburg,98990
2641,2017,DE734,"Kassel, Landkreis",194736
2642,2017,DE735,Schwalm-Eder-Kreis,148478
2643,2017,DE736,Waldeck-Frankenberg,128526
2644,2017,DE737,Werra-Meißner-Kreis,83941
2645,2017,DE803,"Rostock, Kreisfreie Stadt",174923
2646,2017,DE804,"Schwerin, Kreisfreie Stadt",79177
2647,2017,DE80J,Mecklenburgische Seenplatte,218970
2648,2017,DE80K,Landkreis Rostock,176697
2649,2017,DE80L,Vorpommern-Rügen,189427
2650,2017,DE80M,Nordwestmecklenburg,129790
2651,2017,DE80N,Vorpommern-Greifswald,199197
2652,2017,DE80O,Ludwigslust-Parchim,176982
2653,2017,DE911,"Braunschweig, Kreisfreie Stadt",207636
2654,2017,DE912,"Salzgitter, Kreisfreie Stadt",83483
2655,2017,DE913,"Wolfsburg, Kreisfreie Stadt",101764
2656,2017,DE914,Gifhorn,139203
2657,2017,DE916,Goslar,116109
2658,2017,DE917,Helmstedt,75813
2659,2017,DE918,Northeim,110178
2660,2017,DE91A,Peine,106459
2661,2017,DE91B,Wolfenbüttel,98843
2662,2017,DE91C,Göttingen,269554
2663,2017,DE922,Diepholz,173917
2664,2017,DE923,Hameln-Pyrmont,121841
2665,2017,DE925,Hildesheim,227266
2666,2017,DE926,Holzminden,58999
2667,2017,DE927,Nienburg (Weser),97739
2668,2017,DE928,Schaumburg,128941
2669,2017,DE929,Region Hannover,935777
2670,2017,DE931,Celle,143584
2671,2017,DE932,Cuxhaven,161738
2672,2017,DE933,Harburg,201492
2673,2017,DE934,Lüchow-Dannenberg,40376
2674,2017,DE935,"Lüneburg, Landkreis",145526
2675,2017,DE936,Osterholz,91157
2676,2017,DE937,Rotenburg (Wümme),130829
2677,2017,DE938,Heidekreis,112481
2678,2017,DE939,Stade,161274
2679,2017,DE93A,Uelzen,76509
2680,2017,DE93B,Verden,108732
2681,2017,DE941,"Delmenhorst, Kreisfreie Stadt",62293
2682,2017,DE942,"Emden, Kreisfreie Stadt",40883
2683,2017,DE943,"Oldenburg (Oldenburg), Kreisfreie Stadt",135985
2684,2017,DE944,"Osnabrück, Kreisfreie Stadt",135488
2685,2017,DE945,"Wilhelmshaven, Kreisfreie Stadt",63848
2686,2017,DE946,Ammerland,98221
2687,2017,DE947,Aurich,153170
2688,2017,DE948,Cloppenburg,126865
2689,2017,DE949,Emsland,254112
2690,2017,DE94A,Friesland (DE),80089
2691,2017,DE94B,Grafschaft Bentheim,107451
2692,2017,DE94C,Leer,134498
2693,2017,DE94D,"Oldenburg, Landkreis",103498
2694,2017,DE94E,"Osnabrück, Landkreis",281786
2695,2017,DE94F,Vechta,107943
2696,2017,DE94G,Wesermarsch,72315
2697,2017,DE94H,Wittmund,45934
2698,2017,DEA11,"Düsseldorf, Kreisfreie Stadt",505392
2699,2017,DEA12,"Duisburg, Kreisfreie Stadt",404126
2700,2017,DEA13,"Essen, Kreisfreie Stadt",479478
2701,2017,DEA14,"Krefeld, Kreisfreie Stadt",184616
2702,2017,DEA15,"Mönchengladbach, Kreisfreie Stadt",212603
2703,2017,DEA16,"Mülheim an der Ruhr, Kreisfreie Stadt",140771
2704,2017,DEA17,"Oberhausen, Kreisfreie Stadt",173635
2705,2017,DEA18,"Remscheid, Kreisfreie Stadt",89853
2706,2017,DEA19,"Solingen, Kreisfreie Stadt",128581
2707,2017,DEA1A,"Wuppertal, Kreisfreie Stadt",285276
2708,2017,DEA1B,Kleve,250986
2709,2017,DEA1C,Mettmann,394792
2710,2017,DEA1D,Rhein-Kreis Neuss,361507
2711,2017,DEA1E,Viersen,242931
2712,2017,DEA1F,Wesel,379256
2713,2017,DEA22,"Bonn, Kreisfreie Stadt",258515
2714,2017,DEA23,"Köln, Kreisfreie Stadt",881964
2715,2017,DEA24,"Leverkusen, Kreisfreie Stadt",132028
2716,2017,DEA26,Düren,212050
2717,2017,DEA27,Rhein-Erft-Kreis,375445
2718,2017,DEA28,Euskirchen,154582
2719,2017,DEA29,Heinsberg,203772
2720,2017,DEA2A,Oberbergischer Kreis,218423
2721,2017,DEA2B,Rheinisch-Bergischer Kreis,228993
2722,2017,DEA2C,Rhein-Sieg-Kreis,478062
2723,2017,DEA2D,Städteregion Aachen,451581
2724,2017,DEA31,"Bottrop, Kreisfreie Stadt",96537
2725,2017,DEA32,"Gelsenkirchen, Kreisfreie Stadt",211594
2726,2017,DEA33,"Münster, Kreisfreie Stadt",257111
2727,2017,DEA34,Borken,290852
2728,2017,DEA35,Coesfeld,174710
2729,2017,DEA36,Recklinghausen,505543
2730,2017,DEA37,Steinfurt,351549
2731,2017,DEA38,Warendorf,220797
2732,2017,DEA41,"Bielefeld, Kreisfreie Stadt",268536
2733,2017,DEA42,Gütersloh,287337
2734,2017,DEA43,Herford,202464
2735,2017,DEA44,Höxter,114368
2736,2017,DEA45,Lippe,278508
2737,2017,DEA46,Minden-Lübbecke,249677
2738,2017,DEA47,Paderborn,242652
2739,2017,DEA51,"Bochum, Kreisfreie Stadt",304314
2740,2017,DEA52,"Dortmund, Kreisfreie Stadt",479070
2741,2017,DEA53,"Hagen, Kreisfreie Stadt",152312
2742,2017,DEA54,"Hamm, Kreisfreie Stadt",143493
2743,2017,DEA55,"Herne, Kreisfreie Stadt",128224
2744,2017,DEA56,Ennepe-Ruhr-Kreis,268906
2745,2017,DEA57,Hochsauerlandkreis,212385
2746,2017,DEA58,Märkischer Kreis,335998
2747,2017,DEA59,Olpe,108119
2748,2017,DEA5A,Siegen-Wittgenstein,226618
2749,2017,DEA5B,Soest,242660
2750,2017,DEA5C,Unna,321742
2751,2017,DEB11,"Koblenz, Kreisfreie Stadt",94691
2752,2017,DEB12,Ahrweiler,105818
2753,2017,DEB13,Altenkirchen (Westerwald),104643
2754,2017,DEB14,Bad Kreuznach,128430
2755,2017,DEB15,Birkenfeld,66869
2756,2017,DEB17,Mayen-Koblenz,173414
2757,2017,DEB18,Neuwied,146597
2758,2017,DEB1A,Rhein-Lahn-Kreis,100577
2759,2017,DEB1B,Westerwaldkreis,162159
2760,2017,DEB1C,Cochem-Zell,51010
2761,2017,DEB1D,Rhein-Hunsrück-Kreis,83972
2762,2017,DEB21,"Trier, Kreisfreie Stadt",91761
2763,2017,DEB22,Bernkastel-Wittlich,91571
2764,2017,DEB23,Eifelkreis Bitburg-Prüm,79263
2765,2017,DEB24,Vulkaneifel,49873
2766,2017,DEB25,Trier-Saarburg,119302
2767,2017,DEB31,"Frankenthal (Pfalz), Kreisfreie Stadt",39421
2768,2017,DEB32,"Kaiserslautern, Kreisfreie Stadt",82617
2769,2017,DEB33,"Landau in der Pfalz, Kreisfreie Stadt",37885
2770,2017,DEB34,"Ludwigshafen am Rhein, Kreisfreie Stadt",132918
2771,2017,DEB35,"Mainz, Kreisfreie Stadt",177606
2772,2017,DEB36,"Neustadt an der Weinstraße, Kreisfreie Stadt",43785
2773,2017,DEB37,"Pirmasens, Kreisfreie Stadt",33515
2774,2017,DEB38,"Speyer, Kreisfreie Stadt",41270
2775,2017,DEB39,"Worms, Kreisfreie Stadt",66524
2776,2017,DEB3A,"Zweibrücken, Kreisfreie Stadt",28342
2777,2017,DEB3B,Alzey-Worms,103174
2778,2017,DEB3C,Bad Dürkheim,109405
2779,2017,DEB3D,Donnersbergkreis,60875
2780,2017,DEB3E,Germersheim,103608
2781,2017,DEB3F,"Kaiserslautern, Landkreis",85152
2782,2017,DEB3G,Kusel,58595
2783,2017,DEB3H,Südliche Weinstraße,90979
2784,2017,DEB3I,Rhein-Pfalz-Kreis,124722
2785,2017,DEB3J,Mainz-Bingen,168163
2786,2017,DEB3K,Südwestpfalz,80292
2787,2017,DEC01,Regionalverband Saarbrücken,274536
2788,2017,DEC02,Merzig-Wadern,85704
2789,2017,DEC03,Neunkirchen,112189
2790,2017,DEC04,Saarlouis,163419
2791,2017,DEC05,Saarpfalz-Kreis,120489
2792,2017,DEC06,St. Wendel,74225
2793,2017,DED21,"Dresden, Kreisfreie Stadt",447765
2794,2017,DED2C,Bautzen,252493
2795,2017,DED2D,Görlitz,216366
2796,2017,DED2E,Meißen,201945
2797,2017,DED2F,Sächsische Schweiz-Osterzgebirge,202758
2798,2017,DED41,"Chemnitz, Kreisfreie Stadt",206928
2799,2017,DED42,Erzgebirgskreis,287248
2800,2017,DED43,Mittelsachsen,259899
2801,2017,DED44,Vogtlandkreis,195241
2802,2017,DED45,Zwickau,271122
2803,2017,DED51,"Leipzig, Kreisfreie Stadt",472075
2804,2017,DED52,Leipzig,214703
2805,2017,DED53,Nordsachsen,165249
2806,2017,DEE01,"Dessau-Roßlau, Kreisfreie Stadt",70724
2807,2017,DEE02,"Halle (Saale), Kreisfreie Stadt",197182
2808,2017,DEE03,"Magdeburg, Kreisfreie Stadt",199176
2809,2017,DEE04,Altmarkkreis Salzwedel,70843
2810,2017,DEE05,Anhalt-Bitterfeld,138704
2811,2017,DEE06,Jerichower Land,76621
2812,2017,DEE07,Börde,143990
2813,2017,DEE08,Burgenlandkreis,155540
2814,2017,DEE09,Harz,185600
2815,2017,DEE0A,Mansfeld-Südharz,119173
2816,2017,DEE0B,Saalekreis,155731
2817,2017,DEE0C,Salzlandkreis,164806
2818,2017,DEE0D,Stendal,95595
2819,2017,DEE0E,Wittenberg,108426
2820,2017,DEF01,"Flensburg, Kreisfreie Stadt",72041
2821,2017,DEF02,"Kiel, Kreisfreie Stadt",205750
2822,2017,DEF03,"Lübeck, Kreisfreie Stadt",179368
2823,2017,DEF04,"Neumünster, Kreisfreie Stadt",64552
2824,2017,DEF05,Dithmarschen,108687
2825,2017,DEF06,Herzogtum Lauenburg,156990
2826,2017,DEF07,Nordfriesland,134307
2827,2017,DEF08,Ostholstein,167050
2828,2017,DEF09,Pinneberg,251229
2829,2017,DEF0A,Plön,104968
2830,2017,DEF0B,Rendsburg-Eckernförde,219065
2831,2017,DEF0C,Schleswig-Flensburg,159652
2832,2017,DEF0D,Segeberg,219835
2833,2017,DEF0E,Steinburg,106892
2834,2017,DEF0F,Stormarn,194523
2835,2017,DEG01,"Erfurt, Kreisfreie Stadt",174925
2836,2017,DEG02,"Gera, Kreisfreie Stadt",80442
2837,2017,DEG03,"Jena, Kreisfreie Stadt",91508
2838,2017,DEG04,"Suhl, Kreisfreie Stadt (NUTS 2021)",30667
2839,2017,DEG05,"Weimar, Kreisfreie Stadt",52754
2840,2017,DEG06,Eichsfeld,82356
2841,2017,DEG07,Nordhausen,70964
2842,2017,DEG09,Unstrut-Hainich-Kreis,85876
2843,2017,DEG0A,Kyffhäuserkreis,64540
2844,2017,DEG0B,Schmalkalden-Meiningen (NUTS 2021),104446
2845,2017,DEG0C,Gotha,112662
2846,2017,DEG0D,Sömmerda,58321
2847,2017,DEG0E,Hildburghausen,54054
2848,2017,DEG0F,Ilm-Kreis (NUTS 2021),91698
2849,2017,DEG0G,Weimarer Land,67649
2850,2017,DEG0H,Sonneberg (NUTS 2021),48138
2851,2017,DEG0I,Saalfeld-Rudolstadt (NUTS 2021),91921
2852,2017,DEG0J,Saale-Holzland-Kreis,70044
2853,2017,DEG0K,Saale-Orla-Kreis,68991
2854,2017,DEG0L,Greiz,84586
2855,2017,DEG0M,Altenburger Land,78073
2856,2017,DEG0N,"Eisenach, Kreisfreie Stadt (NUTS 2021)",35609
2857,2017,DEG0P,Wartburgkreis (NUTS 2021),104248
2858,2017,DEG0Q,Schmalkalden-Meiningen,104446
2859,2017,DEG0R,Wartburgkreis,139857
2860,2017,DEG0S,"Suhl, Kreisfreie Stadt",30667
2861,2017,DEG0T,Ilm-Kreis,91698
2862,2017,DEG0U,Saalfeld-Rudolstadt,91921
2863,2017,DEG0V,Sonneberg,48138
2864,2017,ES111,A Coruña,940522
2865,2017,ES112,Lugo,288709
2866,2017,ES113,Ourense,270184
2867,2017,ES114,Pontevedra,780465
2868,2017,ES120,Asturias,882344
2869,2017,ES130,Cantabria,478515
2870,2017,ES211,Araba/Álava,262784
2871,2017,ES212,Gipuzkoa,575960
2872,2017,ES213,Bizkaia,940199
2873,2017,ES220,Navarra,509396
2874,2017,ES230,La Rioja,253278
2875,2017,ES241,Huesca,180953
2876,2017,ES242,Teruel,111781
2877,2017,ES243,Zaragoza,777011
2878,2017,ES300,Madrid,5140282
2879,2017,ES411,Ávila,134962
2880,2017,ES412,Burgos,296445
2881,2017,ES413,León,400382
2882,2017,ES414,Palencia,138402
2883,2017,ES415,Salamanca,282199
2884,2017,ES416,Segovia,126949
2885,2017,ES417,Soria,74611
2886,2017,ES418,Valladolid,430895
2887,2017,ES419,Zamora,154515
2888,2017,ES421,Albacete,312711
2889,2017,ES422,Ciudad Real,406030
2890,2017,ES423,Cuenca,165201
2891,2017,ES424,Guadalajara,199614
2892,2017,ES425,Toledo,541982
2893,2017,ES431,Badajoz,544859
2894,2017,ES432,Cáceres,330341
2895,2017,ES511,Barcelona,4388320
2896,2017,ES512,Girona,589775
2897,2017,ES513,Lleida,343943
2898,2017,ES514,Tarragona,626311
2899,2017,ES521,Alicante/Alacant,1475175
2900,2017,ES522,Castellón/Castelló,459267
2901,2017,ES523,Valencia/València,2025228
2902,2017,ES531,Eivissa y Formentera,128595
2903,2017,ES532,Mallorca,699742
2904,2017,ES533,Menorca,73529
2905,2017,ES611,Almería,546303
2906,2017,ES612,Cádiz,972878
2907,2017,ES613,Córdoba,627930
2908,2017,ES614,Granada,723562
2909,2017,ES615,Huelva,409418
2910,2017,ES616,Jaén,514133
2911,2017,ES617,Málaga,1298519
2912,2017,ES618,Sevilla,1505352
2913,2017,ES620,Murcia,1136523
2914,2017,ES630,Ceuta,61686
2915,2017,ES640,Melilla,59765
2916,2017,ES703,El Hierro,8978
2917,2017,ES704,Fuerteventura,89025
2918,2017,ES705,Gran Canaria,687428
2919,2017,ES706,La Gomera,17790
2920,2017,ES707,La Palma,67813
2921,2017,ES708,Lanzarote,114830
2922,2017,ES709,Tenerife,729684
2923,2017,FR101,Paris,1764774
2924,2017,FR102,Seine-et-Marne,1011971
2925,2017,FR103,Yvelines,1050071
2926,2017,FR104,Essonne,939565
2927,2017,FR105,Hauts-de-Seine,1206598
2928,2017,FR106,Seine-Saint-Denis,1150072
2929,2017,FR107,Val-de-Marne,1028513
2930,2017,FR108,Val-d'Oise,877287
2931,2017,FRB01,Cher,239318
2932,2017,FRB02,Eure-et-Loir,323524
2933,2017,FRB03,Indre,176865
2934,2017,FRB04,Indre-et-Loire,461690
2935,2017,FRB05,Loir-et-Cher,256363
2936,2017,FRB06,Loiret,504969
2937,2017,FRC11,Côte-d’Or,409895
2938,2017,FRC12,Nièvre,166513
2939,2017,FRC13,Saône-et-Loire,432261
2940,2017,FRC14,Yonne,260573
2941,2017,FRC21,Doubs,404245
2942,2017,FRC22,Jura,199896
2943,2017,FRC23,Haute-Saône,181549
2944,2017,FRC24,Territoire de Belfort,108642
2945,2017,FRD11,Calvados,528256
2946,2017,FRD12,Manche,386144
2947,2017,FRD13,Orne,219640
2948,2017,FRD21,Eure,445635
2949,2017,FRD22,Seine-Maritime,943236
2950,2017,FRE11,Nord,1910395
2951,2017,FRE12,Pas-de-Calais,1085730
2952,2017,FRE21,Aisne,399252
2953,2017,FRE22,Oise,605916
2954,2017,FRE23,Somme,430503
2955,2017,FRF11,Bas-Rhin,862138
2956,2017,FRF12,Haut-Rhin,583445
2957,2017,FRF21,Ardennes,208617
2958,2017,FRF22,Aube,234427
2959,2017,FRF23,Marne,429028
2960,2017,FRF24,Haute-Marne,137992
2961,2017,FRF31,Meurthe-et-Moselle,558215
2962,2017,FRF32,Meuse,143729
2963,2017,FRF33,Moselle,807937
2964,2017,FRF34,Vosges,285712
2965,2017,FRG01,Loire-Atlantique,1037809
2966,2017,FRG02,Maine-et-Loire,602468
2967,2017,FRG03,Mayenne,229501
2968,2017,FRG04,Sarthe,425822
2969,2017,FRG05,Vendée,517368
2970,2017,FRH01,Côtes-d’Armor,463303
2971,2017,FRH02,Finistère,701030
2972,2017,FRH03,Ille-et-Vilaine,785361
2973,2017,FRH04,Morbihan,579506
2974,2017,FRI11,Dordogne,333236
2975,2017,FRI12,Gironde,1209925
2976,2017,FRI13,Landes,320297
2977,2017,FRI14,Lot-et-Garonne,261016
2978,2017,FRI15,Pyrénées-Atlantiques,531383
2979,2017,FRI21,Corrèze,192917
2980,2017,FRI22,Creuse,96807
2981,2017,FRI23,Haute-Vienne,293140
2982,2017,FRI31,Charente,278007
2983,2017,FRI32,Charente-Maritime,510260
2984,2017,FRI33,Deux-Sèvres,286985
2985,2017,FRI34,Vienne,333425
2986,2017,FRJ11,Aude,289442
2987,2017,FRJ12,Gard,570678
2988,2017,FRJ13,Hérault,878153
2989,2017,FRJ14,Lozère,60528
2990,2017,FRJ15,Pyrénées-Orientales,370176
2991,2017,FRJ21,Ariège,121185
2992,2017,FRJ22,Aveyron,221652
2993,2017,FRJ23,Haute-Garonne,1030570
2994,2017,FRJ24,Gers,152312
2995,2017,FRJ25,Lot,140842
2996,2017,FRJ26,Hautes-Pyrénées,181951
2997,2017,FRJ27,Tarn,301372
2998,2017,FRJ28,Tarn-et-Garonne,195177
2999,2017,FRK11,Allier,268385
3000,2017,FRK12,Cantal,117399
3001,2017,FRK13,Haute-Loire,175941
3002,2017,FRK14,Puy-de-Dôme,506957
3003,2017,FRK21,Ain,475914
3004,2017,FRK22,Ardèche,253393
3005,2017,FRK23,Drôme,386590
3006,2017,FRK24,Isère,934725
3007,2017,FRK25,Loire,575484
3008,2017,FRK26,Rhône,1368689
3009,2017,FRK27,Savoie,329788
3010,2017,FRK28,Haute-Savoie,606861
3011,2017,FRL01,Alpes-de-Haute-Provence,128906
3012,2017,FRL02,Hautes-Alpes,110297
3013,2017,FRL03,Alpes-Maritimes,852776
3014,2017,FRL04,Bouches-du-Rhône,1540398
3015,2017,FRL05,Var,833658
3016,2017,FRL06,Vaucluse,425041
3017,2017,FRM01,Corse-du-Sud,126078
3018,2017,FRM02,Haute-Corse,141000
3019,2017,FRXXX,Not regionalised/Unknown NUTS 3,0
3020,2017,FRY10,Guadeloupe,315748
3021,2017,FRY20,Martinique,285928
3022,2017,FRY30,Guyane,155434
3023,2017,FRY40,La Réunion,589087
3024,2017,FRY50,Mayotte,115689
3025,2017,HU110,Budapest,1424713
3026,2017,HU120,Pest,970456
3027,2017,HU211,Fejér,335753
3028,2017,HU212,Komárom-Esztergom,240930
3029,2017,HU213,Veszprém,279580
3030,2017,HU221,Győr-Moson-Sopron,362590
3031,2017,HU222,Vas,205070
3032,2017,HU223,Zala,224572
3033,2017,HU231,Baranya,299017
3034,2017,HU232,Somogy,248626
3035,2017,HU233,Tolna,179670
3036,2017,HU311,Borsod-Abaúj-Zemplén,514929
3037,2017,HU312,Heves,237500
3038,2017,HU313,Nógrád,154415
3039,2017,HU321,Hajdú-Bihar,419866
3040,2017,HU322,Jász-Nagykun-Szolnok,298875
3041,2017,HU323,Szabolcs-Szatmár-Bereg,431884
3042,2017,HU331,Bács-Kiskun,408873
3043,2017,HU332,Békés,277527
3044,2017,HU333,Csongrád-Csanád,326304
3045,2017,HUXXX,Not regionalised/Unknown NUTS 3,0
3046,2017,ITC11,Torino,1872132
3047,2017,ITC12,Vercelli,145846
3048,2017,ITC13,Biella,150595
3049,2017,ITC14,Verbano-Cusio-Ossola,133460
3050,2017,ITC15,Novara,302356
3051,2017,ITC16,Cuneo,481307
3052,2017,ITC17,Asti,179184
3053,2017,ITC18,Alessandria,360230
3054,2017,ITC20,Valle d’Aosta/Vallée d’Aoste,103674
3055,2017,ITC31,Imperia,179604
3056,2017,ITC32,Savona,234712
3057,2017,ITC33,Genova,711944
3058,2017,ITC34,La Spezia,185524
3059,2017,ITC41,Varese,722536
3060,2017,ITC42,Como,487538
3061,2017,ITC43,Lecco,273121
3062,2017,ITC44,Sondrio,148231
3063,2017,ITC46,Bergamo,884212
3064,2017,ITC47,Brescia,1007117
3065,2017,ITC48,Pavia,452616
3066,2017,ITC49,Lodi,184291
3067,2017,ITC4A,Cremona,294537
3068,2017,ITC4B,Mantova,335409
3069,2017,ITC4C,Milano,2630120
3070,2017,ITC4D,Monza e della Brianza,699779
3071,2017,ITF11,L’Aquila,251685
3072,2017,ITF12,Teramo,254266
3073,2017,ITF13,Pescara,262290
3074,2017,ITF14,Chieti,320052
3075,2017,ITF21,Isernia,72190
3076,2017,ITF22,Campobasso,185876
3077,2017,ITF31,Caserta,720349
3078,2017,ITF32,Benevento,229370
3079,2017,ITF33,Napoli,2394337
3080,2017,ITF34,Avellino,345994
3081,2017,ITF35,Salerno,887349
3082,2017,ITF43,Taranto,468220
3083,2017,ITF44,Brindisi,322794
3084,2017,ITF45,Lecce,655569
3085,2017,ITF46,Foggia,497016
3086,2017,ITF47,Bari,1010474
3087,2017,ITF48,Barletta-Andria-Trani,310093
3088,2017,ITF51,Potenza,305972
3089,2017,ITF52,Matera,162515
3090,2017,ITF61,Cosenza,579202
3091,2017,ITF62,Crotone,136961
3092,2017,ITF63,Catanzaro,291802
3093,2017,ITF64,Vibo Valentia,128140
3094,2017,ITF65,Reggio Calabria,438213
3095,2017,ITG11,Trapani,348939
3096,2017,ITG12,Palermo,995263
3097,2017,ITG13,Messina,520573
3098,2017,ITG14,Agrigento,352132
3099,2017,ITG15,Caltanissetta,212952
3100,2017,ITG16,Enna,135390
3101,2017,ITG17,Catania,865298
3102,2017,ITG18,Ragusa,254285
3103,2017,ITG19,Siracusa,322010
3104,2017,ITG2D,Sassari,408075
3105,2017,ITG2E,Nuoro,175266
3106,2017,ITG2F,Cagliari,357147
3107,2017,ITG2G,Oristano,135579
3108,2017,ITG2H,Sud Sardegna,300790
3109,2017,ITH10,Bolzano-Bozen,410852
3110,2017,ITH20,Trento,432884
3111,2017,ITH31,Verona,744041
3112,2017,ITH32,Vicenza,693188
3113,2017,ITH33,Belluno,170104
3114,2017,ITH34,Treviso,710662
3115,2017,ITH35,Venezia,705037
3116,2017,ITH36,Padova,761818
3117,2017,ITH37,Rovigo,201013
3118,2017,ITH41,Pordenone,253352
3119,2017,ITH42,Udine,445437
3120,2017,ITH43,Gorizia,116030
3121,2017,ITH44,Trieste,196874
3122,2017,ITH51,Piacenza,237388
3123,2017,ITH52,Parma,369329
3124,2017,ITH53,Reggio nell’Emilia,425439
3125,2017,ITH54,Modena,569486
3126,2017,ITH55,Bologna,836288
3127,2017,ITH56,Ferrara,296419
3128,2017,ITH57,Ravenna,323512
3129,2017,ITH58,Forlì-Cesena,323432
3130,2017,ITH59,Rimini,273629
3131,2017,ITI11,Massa-Carrara,165143
3132,2017,ITI12,Lucca,322940
3133,2017,ITI13,Pistoia,241015
3134,2017,ITI14,Firenze,831516
3135,2017,ITI15,Prato,206546
3136,2017,ITI16,Livorno,281812
3137,2017,ITI17,Pisa,347585
3138,2017,ITI18,Arezzo,284663
3139,2017,ITI19,Siena,222529
3140,2017,ITI1A,Grosseto,187682
3141,2017,ITI21,Perugia,539468
3142,2017,ITI22,Terni,190752
3143,2017,ITI31,Pesaro e Urbino,294896
3144,2017,ITI32,Ancona,388978
3145,2017,ITI33,Macerata,261899
3146,2017,ITI34,Ascoli Piceno,174327
3147,2017,ITI35,Fermo,144284
3148,2017,ITI41,Viterbo,261874
3149,2017,ITI42,Rieti,130880
3150,2017,ITI43,Roma,3469756
3151,2017,ITI44,Latina,458899
3152,2017,ITI45,Frosinone,402341
3153,2017,PL213,Miasto Kraków,622663
3154,2017,PL214,Krakowski,554069
3155,2017,PL217,Tarnowski,356568
3156,2017,PL218,Nowosądecki,400859
3157,2017,PL219,Nowotarski,257644
3158,2017,PL21A,Oświęcimski,439371
3159,2017,PL224,Częstochowski,421210
3160,2017,PL225,Bielski,523651
3161,2017,PL227,Rybnicki,498366
3162,2017,PL228,Bytomski,352979
3163,2017,PL229,Gliwicki,382051
3164,2017,PL22A,Katowicki,608276
3165,2017,PL22B,Sosnowiecki,566710
3166,2017,PL22C,Tyski,308648
3167,2017,PL411,Pilski,318248
3168,2017,PL414,Koniński,514553
3169,2017,PL415,Miasto Poznań,444184
3170,2017,PL416,Kaliski,525604
3171,2017,PL417,Leszczyński,428397
3172,2017,PL418,Poznański,488663
3173,2017,PL424,Miasto Szczecin,332717
3174,2017,PL426,Koszaliński,282379
3175,2017,PL427,Szczecinecko-pyrzycki,337042
3176,2017,PL428,Szczeciński,402953
3177,2017,PL431,Gorzowski,303053
3178,2017,PL432,Zielonogórski,498275
3179,2017,PL514,Miasto Wrocław,525213
3180,2017,PL515,Jeleniogórski,455119
3181,2017,PL516,Legnicko-głogowski,356475
3182,2017,PL517,Wałbrzyski,535956
3183,2017,PL518,Wrocławski,455403
3184,2017,PL523,Nyski,297587
3185,2017,PL524,Opolski,477153
3186,2017,PL613,Bydgosko-toruński,620485
3187,2017,PL616,Grudziądzki,302207
3188,2017,PL617,Inowrocławski,287714
3189,2017,PL618,Świecki,145007
3190,2017,PL619,Włocławski,286960
3191,2017,PL621,Elbląski,410423
3192,2017,PL622,Olsztyński,485945
3193,2017,PL623,Ełcki,221224
3194,2017,PL633,Trójmiejski,609839
3195,2017,PL634,Gdański,422474
3196,2017,PL636,Słupski,258937
3197,2017,PL637,Chojnicki,169344
3198,2017,PL638,Starogardzki,329646
3199,2017,PL711,Miasto Łódź,584118
3200,2017,PL712,Łódzki,310234
3201,2017,PL713,Piotrkowski,465547
3202,2017,PL714,Sieradzki,356125
3203,2017,PL715,Skierniewicki,291286
3204,2017,PL721,Kielecki,617109
3205,2017,PL722,Sandomiersko-jędrzejowski,386194
3206,2017,PL811,Bialski,237379
3207,2017,PL812,Chełmsko-zamojski,503051
3208,2017,PL814,Lubelski,568905
3209,2017,PL815,Puławski,379945
3210,2017,PL821,Krośnieński,374758
3211,2017,PL822,Przemyski,306993
3212,2017,PL823,Rzeszowski,489513
3213,2017,PL824,Tarnobrzeski,478150
3214,2017,PL841,Białostocki,406135
3215,2017,PL842,Łomżyński,311515
3216,2017,PL843,Suwalski,210354
3217,2017,PL911,Miasto Warszawa,1425830
3218,2017,PL912,Warszawski wschodni,481593
3219,2017,PL913,Warszawski zachodni,485449
3220,2017,PL921,Radomski,483660
3221,2017,PL922,Ciechanowski,268745
3222,2017,PL923,Płocki,261578
3223,2017,PL924,Ostrołęcki,297965
3224,2017,PL925,Siedlecki,326463
3225,2017,PL926,Żyrardowski,204595
3226,2017,RO111,Bihor,443813
3227,2017,RO112,Bistriţa-Năsăud,213407
3228,2017,RO113,Cluj,575477
3229,2017,RO114,Maramureş,363220
3230,2017,RO115,Satu Mare,259884
3231,2017,RO116,Sălaj,166930
3232,2017,RO121,Alba,263362
3233,2017,RO122,Braşov,434602
3234,2017,RO123,Covasna,157837
3235,2017,RO124,Harghita,237363
3236,2017,RO125,Mureş,420104
3237,2017,RO126,Sibiu,311527
3238,2017,RO211,Bacău,452484
3239,2017,RO212,Botoşani,294520
3240,2017,RO213,Iaşi,597264
3241,2017,RO214,Neamţ,348562
3242,2017,RO215,Suceava,468317
3243,2017,RO216,Vaslui,282766
3244,2017,RO221,Brăila,241060
3245,2017,RO222,Buzău,338413
3246,2017,RO223,Constanţa,533063
3247,2017,RO224,Galaţi,404798
3248,2017,RO225,Tulcea,157592
3249,2017,RO226,Vrancea,253193
3250,2017,RO311,Argeş,475465
3251,2017,RO312,Călăraşi,226728
3252,2017,RO313,Dâmboviţa,396678
3253,2017,RO314,Giurgiu,217091
3254,2017,RO315,Ialomiţa,201137
3255,2017,RO316,Prahova,589620
3256,2017,RO317,Teleorman,283759
3257,2017,RO321,Bucureşti,1512864
3258,2017,RO322,Ilfov,357877
3259,2017,RO411,Dolj,510224
3260,2017,RO412,Gorj,258311
3261,2017,RO413,Mehedinţi,199758
3262,2017,RO414,Olt,328413
3263,2017,RO415,Vâlcea,288154
3264,2017,RO421,Arad,334971
3265,2017,RO422,Caraş-Severin,223529
3266,2017,RO423,Hunedoara,318152
3267,2017,RO424,Timiş,567234
3268,2018,DE111,"Stuttgart, Stadtkreis",523078
3269,2018,DE112,Böblingen,311404
3270,2018,DE113,Esslingen,430874
3271,2018,DE114,Göppingen,207246
3272,2018,DE115,Ludwigsburg,435593
3273,2018,DE116,Rems-Murr-Kreis,342610
3274,2018,DE117,"Heilbronn, Stadtkreis",100703
3275,2018,DE118,"Heilbronn, Landkreis",273477
3276,2018,DE119,Hohenlohekreis,89339
3277,2018,DE11A,Schwäbisch Hall,155224
3278,2018,DE11B,Main-Tauber-Kreis,107680
3279,2018,DE11C,Heidenheim,106296
3280,2018,DE11D,Ostalbkreis,251018
3281,2018,DE121,"Baden-Baden, Stadtkreis",45860
3282,2018,DE122,"Karlsruhe, Stadtkreis",260118
3283,2018,DE123,"Karlsruhe, Landkreis",359448
3284,2018,DE124,Rastatt,187478
3285,2018,DE125,"Heidelberg, Stadtkreis",133865
3286,2018,DE126,"Mannheim, Stadtkreis",253706
3287,2018,DE127,Neckar-Odenwald-Kreis,116554
3288,2018,DE128,Rhein-Neckar-Kreis,443118
3289,2018,DE129,"Pforzheim, Stadtkreis",99714
3290,2018,DE12A,Calw,126531
3291,2018,DE12B,Enzkreis,159552
3292,2018,DE12C,Freudenstadt,94457
3293,2018,DE131,"Freiburg im Breisgau, Stadtkreis",187638
3294,2018,DE132,Breisgau-Hochschwarzwald,210882
3295,2018,DE133,Emmendingen,132451
3296,2018,DE134,Ortenaukreis,342754
3297,2018,DE135,Rottweil,111235
3298,2018,DE136,Schwarzwald-Baar-Kreis,171484
3299,2018,DE137,Tuttlingen,110205
3300,2018,DE138,Konstanz,230483
3301,2018,DE139,Lörrach,183257
3302,2018,DE13A,Waldshut,135928
3303,2018,DE141,Reutlingen,229898
3304,2018,DE142,"Tübingen, Landkreis",181652
3305,2018,DE143,Zollernalbkreis,153320
3306,2018,DE144,"Ulm, Stadtkreis",102164
3307,2018,DE145,Alb-Donau-Kreis,154386
3308,2018,DE146,Biberach,156572
3309,2018,DE147,Bodenseekreis,173639
3310,2018,DE148,Ravensburg,226162
3311,2018,DE149,Sigmaringen,104231
3312,2018,DE211,"Ingolstadt, Kreisfreie Stadt",109992
3313,2018,DE212,"München, Kreisfreie Stadt",1201972
3314,2018,DE213,"Rosenheim, Kreisfreie Stadt",51440
3315,2018,DE214,Altötting,89358
3316,2018,DE215,Berchtesgadener Land,86658
3317,2018,DE216,Bad Tölz-Wolfratshausen,101893
3318,2018,DE217,Dachau,122553
3319,2018,DE218,Ebersberg,111220
3320,2018,DE219,Eichstätt,104143
3321,2018,DE21A,Erding,108884
3322,2018,DE21B,Freising,142610
3323,2018,DE21C,Fürstenfeldbruck,174903
3324,2018,DE21D,Garmisch-Partenkirchen,72839
3325,2018,DE21E,Landsberg am Lech,95119
3326,2018,DE21F,Miesbach,80772
3327,2018,DE21G,Mühldorf a. Inn,92361
3328,2018,DE21H,"München, Landkreis",276127
3329,2018,DE21I,Neuburg-Schrobenhausen,76914
3330,2018,DE21J,Pfaffenhofen a. d. Ilm,101520
3331,2018,DE21K,"Rosenheim, Landkreis",209171
3332,2018,DE21L,Starnberg,108060
3333,2018,DE21M,Traunstein,143755
3334,2018,DE21N,Weilheim-Schongau,108070
3335,2018,DE221,"Landshut, Kreisfreie Stadt",58793
3336,2018,DE222,"Passau, Kreisfreie Stadt",43801
3337,2018,DE223,"Straubing, Kreisfreie Stadt",39789
3338,2018,DE224,Deggendorf,96961
3339,2018,DE225,Freyung-Grafenau,64551
3340,2018,DE226,Kelheim,96963
3341,2018,DE227,"Landshut, Landkreis",125737
3342,2018,DE228,"Passau, Landkreis",156078
3343,2018,DE229,Regen,63769
3344,2018,DE22A,Rottal-Inn,98013
3345,2018,DE22B,Straubing-Bogen,80410
3346,2018,DE22C,Dingolfing-Landau,78025
3347,2018,DE231,"Amberg, Kreisfreie Stadt",34983
3348,2018,DE232,"Regensburg, Kreisfreie Stadt",126062
3349,2018,DE233,"Weiden i. d. Opf, Kreisfreie Stadt",35256
3350,2018,DE234,Amberg-Sulzbach,84281
3351,2018,DE235,Cham,104317
3352,2018,DE236,Neumarkt i. d. OPf.,106964
3353,2018,DE237,Neustadt a. d. Waldnaab,77151
3354,2018,DE238,"Regensburg, Landkreis",154784
3355,2018,DE239,Schwandorf,119729
3356,2018,DE23A,Tirschenreuth,60080
3357,2018,DE241,"Bamberg, Kreisfreie Stadt",64317
3358,2018,DE242,"Bayreuth, Kreisfreie Stadt",62394
3359,2018,DE243,"Coburg, Kreisfreie Stadt",34534
3360,2018,DE244,"Hof, Kreisfreie Stadt",37719
3361,2018,DE245,"Bamberg, Landkreis",118343
3362,2018,DE246,"Bayreuth, Landkreis",85067
3363,2018,DE247,"Coburg, Landkreis",71537
3364,2018,DE248,Forchheim,93677
3365,2018,DE249,"Hof, Landkreis",79791
3366,2018,DE24A,Kronach,56565
3367,2018,DE24B,Kulmbach,59936
3368,2018,DE24C,Lichtenfels,55050
3369,2018,DE24D,Wunsiedel i. Fichtelgebirge,61360
3370,2018,DE251,"Ansbach, Kreisfreie Stadt",33974
3371,2018,DE252,"Erlangen, Kreisfreie Stadt",90900
3372,2018,DE253,"Fürth, Kreisfreie Stadt",103432
3373,2018,DE254,"Nürnberg, Kreisfreie Stadt",423969
3374,2018,DE255,"Schwabach, Kreisfreie Stadt",32984
3375,2018,DE256,"Ansbach, Landkreis",147655
3376,2018,DE257,Erlangen-Höchstadt,108655
3377,2018,DE258,"Fürth, Landkreis",94966
3378,2018,DE259,Nürnberger Land,138406
3379,2018,DE25A,Neustadt a. d. Aisch-Bad Windsheim,80710
3380,2018,DE25B,Roth,102207
3381,2018,DE25C,Weißenburg-Gunzenhausen,76385
3382,2018,DE261,"Aschaffenburg, Kreisfreie Stadt",57367
3383,2018,DE262,"Schweinfurt, Kreisfreie Stadt",43710
3384,2018,DE263,"Würzburg, Kreisfreie Stadt",107997
3385,2018,DE264,"Aschaffenburg, Landkreis",142081
3386,2018,DE265,Bad Kissingen,85215
3387,2018,DE266,Rhön-Grabfeld,64912
3388,2018,DE267,Haßberge,68604
3389,2018,DE268,Kitzingen,73658
3390,2018,DE269,Miltenberg,104354
3391,2018,DE26A,Main-Spessart,104245
3392,2018,DE26B,"Schweinfurt, Landkreis",93867
3393,2018,DE26C,"Würzburg, Landkreis",131041
3394,2018,DE271,"Augsburg, Kreisfreie Stadt",241977
3395,2018,DE272,"Kaufbeuren, Kreisfreie Stadt",35396
3396,2018,DE273,"Kempten (Allgäu), Kreisfreie Stadt",56206
3397,2018,DE274,"Memmingen, Kreisfreie Stadt",35285
3398,2018,DE275,Aichach-Friedberg,105792
3399,2018,DE276,"Augsburg, Landkreis",200496
3400,2018,DE277,Dillingen a.d. Donau,76648
3401,2018,DE278,Günzburg,100289
3402,2018,DE279,Neu-Ulm,139289
3403,2018,DE27A,Lindau (Bodensee),65846
3404,2018,DE27B,Ostallgäu,111587
3405,2018,DE27C,Unterallgäu,114569
3406,2018,DE27D,Donau-Ries,106940
3407,2018,DE27E,Oberallgäu,125966
3408,2018,DE300,Berlin,2963048
3409,2018,DE401,"Brandenburg an der Havel, Kreisfreie Stadt",60877
3410,2018,DE402,"Cottbus, Kreisfreie Stadt",84879
3411,2018,DE403,"Frankfurt (Oder), Kreisfreie Stadt",48860
3412,2018,DE404,"Potsdam, Kreisfreie Stadt",142034
3413,2018,DE405,Barnim,149189
3414,2018,DE406,Dahme-Spreewald,138414
3415,2018,DE407,Elbe-Elster,87667
3416,2018,DE408,Havelland,130944
3417,2018,DE409,Märkisch-Oderland,160106
3418,2018,DE40A,Oberhavel,171761
3419,2018,DE40B,Oberspreewald-Lausitz,94266
3420,2018,DE40C,Oder-Spree,148928
3421,2018,DE40D,Ostprignitz-Ruppin,83173
3422,2018,DE40E,Potsdam-Mittelmark,172576
3423,2018,DE40F,Prignitz,65496
3424,2018,DE40G,Spree-Neiße,97786
3425,2018,DE40H,Teltow-Fläming,137116
3426,2018,DE40I,Uckermark,101276
3427,2018,DE501,"Bremen, Kreisfreie Stadt",465750
3428,2018,DE502,"Bremerhaven, Kreisfreie Stadt",90954
3429,2018,DE600,Hamburg,1492659
3430,2018,DE711,"Darmstadt, Kreisfreie Stadt",129382
3431,2018,DE712,"Frankfurt am Main, Kreisfreie Stadt",608138
3432,2018,DE713,"Offenbach am Main, Kreisfreie Stadt",100827
3433,2018,DE714,"Wiesbaden, Kreisfreie Stadt",223526
3434,2018,DE715,Bergstraße,219952
3435,2018,DE716,Darmstadt-Dieburg,239131
3436,2018,DE717,Groß-Gerau,217244
3437,2018,DE718,Hochtaunuskreis,188589
3438,2018,DE719,Main-Kinzig-Kreis,339302
3439,2018,DE71A,Main-Taunus-Kreis,189417
3440,2018,DE71B,Odenwaldkreis,79319
3441,2018,DE71C,"Offenbach, Landkreis",283278
3442,2018,DE71D,Rheingau-Taunus-Kreis,151953
3443,2018,DE71E,Wetteraukreis,247477
3444,2018,DE721,"Gießen, Landkreis",218781
3445,2018,DE722,Lahn-Dill-Kreis,206439
3446,2018,DE723,Limburg-Weilburg,139237
3447,2018,DE724,Marburg-Biedenkopf,200333
3448,2018,DE725,Vogelsbergkreis,88039
3449,2018,DE731,"Kassel, Kreisfreie Stadt",164740
3450,2018,DE732,Fulda,178849
3451,2018,DE733,Hersfeld-Rotenburg,99150
3452,2018,DE734,"Kassel, Landkreis",194842
3453,2018,DE735,Schwalm-Eder-Kreis,148340
3454,2018,DE736,Waldeck-Frankenberg,128238
3455,2018,DE737,Werra-Meißner-Kreis,84082
3456,2018,DE803,"Rostock, Kreisfreie Stadt",175249
3457,2018,DE804,"Schwerin, Kreisfreie Stadt",79031
3458,2018,DE80J,Mecklenburgische Seenplatte,217447
3459,2018,DE80K,Landkreis Rostock,176708
3460,2018,DE80L,Vorpommern-Rügen,189053
3461,2018,DE80M,Nordwestmecklenburg,129738
3462,2018,DE80N,Vorpommern-Greifswald,198599
3463,2018,DE80O,Ludwigslust-Parchim,176748
3464,2018,DE911,"Braunschweig, Kreisfreie Stadt",207116
3465,2018,DE912,"Salzgitter, Kreisfreie Stadt",83865
3466,2018,DE913,"Wolfsburg, Kreisfreie Stadt",101519
3467,2018,DE914,Gifhorn,139731
3468,2018,DE916,Goslar,115914
3469,2018,DE917,Helmstedt,75466
3470,2018,DE918,Northeim,109986
3471,2018,DE91A,Peine,106893
3472,2018,DE91B,Wolfenbüttel,98706
3473,2018,DE91C,Göttingen,270547
3474,2018,DE922,Diepholz,174994
3475,2018,DE923,Hameln-Pyrmont,121945
3476,2018,DE925,Hildesheim,227245
3477,2018,DE926,Holzminden,58846
3478,2018,DE927,Nienburg (Weser),98015
3479,2018,DE928,Schaumburg,129269
3480,2018,DE929,Region Hannover,938832
3481,2018,DE931,Celle,143911
3482,2018,DE932,Cuxhaven,161564
3483,2018,DE933,Harburg,202778
3484,2018,DE934,Lüchow-Dannenberg,40004
3485,2018,DE935,"Lüneburg, Landkreis",146893
3486,2018,DE936,Osterholz,91641
3487,2018,DE937,Rotenburg (Wümme),131242
3488,2018,DE938,Heidekreis,112474
3489,2018,DE939,Stade,161608
3490,2018,DE93A,Uelzen,76540
3491,2018,DE93B,Verden,109461
3492,2018,DE941,"Delmenhorst, Kreisfreie Stadt",62426
3493,2018,DE942,"Emden, Kreisfreie Stadt",40944
3494,2018,DE943,"Oldenburg (Oldenburg), Kreisfreie Stadt",137320
3495,2018,DE944,"Osnabrück, Kreisfreie Stadt",135798
3496,2018,DE945,"Wilhelmshaven, Kreisfreie Stadt",63799
3497,2018,DE946,Ammerland,99011
3498,2018,DE947,Aurich,153605
3499,2018,DE948,Cloppenburg,128949
3500,2018,DE949,Emsland,256496
3501,2018,DE94A,Friesland (DE),80498
3502,2018,DE94B,Grafschaft Bentheim,107879
3503,2018,DE94C,Leer,135438
3504,2018,DE94D,"Oldenburg, Landkreis",104138
3505,2018,DE94E,"Osnabrück, Landkreis",283728
3506,2018,DE94F,Vechta,108875
3507,2018,DE94G,Wesermarsch,72404
3508,2018,DE94H,Wittmund,46021
3509,2018,DEA11,"Düsseldorf, Kreisfreie Stadt",508498
3510,2018,DEA12,"Duisburg, Kreisfreie Stadt",402883
3511,2018,DEA13,"Essen, Kreisfreie Stadt",478622
3512,2018,DEA14,"Krefeld, Kreisfreie Stadt",184836
3513,2018,DEA15,"Mönchengladbach, Kreisfreie Stadt",213389
3514,2018,DEA16,"Mülheim an der Ruhr, Kreisfreie Stadt",140883
3515,2018,DEA17,"Oberhausen, Kreisfreie Stadt",173710
3516,2018,DEA18,"Remscheid, Kreisfreie Stadt",89753
3517,2018,DEA19,"Solingen, Kreisfreie Stadt",128693
3518,2018,DEA1A,"Wuppertal, Kreisfreie Stadt",285752
3519,2018,DEA1B,Kleve,252268
3520,2018,DEA1C,Mettmann,395272
3521,2018,DEA1D,Rhein-Kreis Neuss,363145
3522,2018,DEA1E,Viersen,243755
3523,2018,DEA1F,Wesel,378913
3524,2018,DEA22,"Bonn, Kreisfreie Stadt",261520
3525,2018,DEA23,"Köln, Kreisfreie Stadt",885802
3526,2018,DEA24,"Leverkusen, Kreisfreie Stadt",132365
3527,2018,DEA26,Düren,213067
3528,2018,DEA27,Rhein-Erft-Kreis,377277
3529,2018,DEA28,Euskirchen,155604
3530,2018,DEA29,Heinsberg,204643
3531,2018,DEA2A,Oberbergischer Kreis,218734
3532,2018,DEA2B,Rheinisch-Bergischer Kreis,229354
3533,2018,DEA2C,Rhein-Sieg-Kreis,480036
3534,2018,DEA2D,Städteregion Aachen,453630
3535,2018,DEA31,"Bottrop, Kreisfreie Stadt",96598
3536,2018,DEA32,"Gelsenkirchen, Kreisfreie Stadt",209350
3537,2018,DEA33,"Münster, Kreisfreie Stadt",258677
3538,2018,DEA34,Borken,292250
3539,2018,DEA35,Coesfeld,175683
3540,2018,DEA36,Recklinghausen,505009
3541,2018,DEA37,Steinfurt,354176
3542,2018,DEA38,Warendorf,221078
3543,2018,DEA41,"Bielefeld, Kreisfreie Stadt",267797
3544,2018,DEA42,Gütersloh,289008
3545,2018,DEA43,Herford,203148
3546,2018,DEA44,Höxter,114467
3547,2018,DEA45,Lippe,278811
3548,2018,DEA46,Minden-Lübbecke,249582
3549,2018,DEA47,Paderborn,243408
3550,2018,DEA51,"Bochum, Kreisfreie Stadt",304881
3551,2018,DEA52,"Dortmund, Kreisfreie Stadt",479535
3552,2018,DEA53,"Hagen, Kreisfreie Stadt",151611
3553,2018,DEA54,"Hamm, Kreisfreie Stadt",143460
3554,2018,DEA55,"Herne, Kreisfreie Stadt",127825
3555,2018,DEA56,Ennepe-Ruhr-Kreis,268480
3556,2018,DEA57,Hochsauerlandkreis,212264
3557,2018,DEA58,Märkischer Kreis,335216
3558,2018,DEA59,Olpe,108183
3559,2018,DEA5A,Siegen-Wittgenstein,226770
3560,2018,DEA5B,Soest,243182
3561,2018,DEA5C,Unna,321934
3562,2018,DEB11,"Koblenz, Kreisfreie Stadt",94823
3563,2018,DEB12,Ahrweiler,106321
3564,2018,DEB13,Altenkirchen (Westerwald),104771
3565,2018,DEB14,Bad Kreuznach,128593
3566,2018,DEB15,Birkenfeld,66801
3567,2018,DEB17,Mayen-Koblenz,174056
3568,2018,DEB18,Neuwied,146797
3569,2018,DEB1A,Rhein-Lahn-Kreis,100495
3570,2018,DEB1B,Westerwaldkreis,162639
3571,2018,DEB1C,Cochem-Zell,50902
3572,2018,DEB1D,Rhein-Hunsrück-Kreis,84019
3573,2018,DEB21,"Trier, Kreisfreie Stadt",91896
3574,2018,DEB22,Bernkastel-Wittlich,91764
3575,2018,DEB23,Eifelkreis Bitburg-Prüm,79513
3576,2018,DEB24,Vulkaneifel,49974
3577,2018,DEB25,Trier-Saarburg,120092
3578,2018,DEB31,"Frankenthal (Pfalz), Kreisfreie Stadt",39309
3579,2018,DEB32,"Kaiserslautern, Kreisfreie Stadt",82956
3580,2018,DEB33,"Landau in der Pfalz, Kreisfreie Stadt",38199
3581,2018,DEB34,"Ludwigshafen am Rhein, Kreisfreie Stadt",134403
3582,2018,DEB35,"Mainz, Kreisfreie Stadt",178735
3583,2018,DEB36,"Neustadt an der Weinstraße, Kreisfreie Stadt",43821
3584,2018,DEB37,"Pirmasens, Kreisfreie Stadt",33621
3585,2018,DEB38,"Speyer, Kreisfreie Stadt",41636
3586,2018,DEB39,"Worms, Kreisfreie Stadt",66955
3587,2018,DEB3A,"Zweibrücken, Kreisfreie Stadt",28266
3588,2018,DEB3B,Alzey-Worms,103617
3589,2018,DEB3C,Bad Dürkheim,109413
3590,2018,DEB3D,Donnersbergkreis,60917
3591,2018,DEB3E,Germersheim,104001
3592,2018,DEB3F,"Kaiserslautern, Landkreis",85285
3593,2018,DEB3G,Kusel,58605
3594,2018,DEB3H,Südliche Weinstraße,90846
3595,2018,DEB3I,Rhein-Pfalz-Kreis,125189
3596,2018,DEB3J,Mainz-Bingen,168882
3597,2018,DEB3K,Südwestpfalz,80023
3598,2018,DEC01,Regionalverband Saarbrücken,274824
3599,2018,DEC02,Merzig-Wadern,85622
3600,2018,DEC03,Neunkirchen,111573
3601,2018,DEC04,Saarlouis,162841
3602,2018,DEC05,Saarpfalz-Kreis,119843
3603,2018,DEC06,St. Wendel,73818
3604,2018,DED21,"Dresden, Kreisfreie Stadt",448871
3605,2018,DED2C,Bautzen,250112
3606,2018,DED2D,Görlitz,214516
3607,2018,DED2E,Meißen,200628
3608,2018,DED2F,Sächsische Schweiz-Osterzgebirge,201482
3609,2018,DED41,"Chemnitz, Kreisfreie Stadt",206195
3610,2018,DED42,Erzgebirgskreis,283658
3611,2018,DED43,Mittelsachsen,257346
3612,2018,DED44,Vogtlandkreis,193461
3613,2018,DED45,Zwickau,268541
3614,2018,DED51,"Leipzig, Kreisfreie Stadt",479044
3615,2018,DED52,Leipzig,213708
3616,2018,DED53,Nordsachsen,164597
3617,2018,DEE01,"Dessau-Roßlau, Kreisfreie Stadt",70088
3618,2018,DEE02,"Halle (Saale), Kreisfreie Stadt",197225
3619,2018,DEE03,"Magdeburg, Kreisfreie Stadt",198686
3620,2018,DEE04,Altmarkkreis Salzwedel,70086
3621,2018,DEE05,Anhalt-Bitterfeld,136939
3622,2018,DEE06,Jerichower Land,75764
3623,2018,DEE07,Börde,143281
3624,2018,DEE08,Burgenlandkreis,154172
3625,2018,DEE09,Harz,182809
3626,2018,DEE0A,Mansfeld-Südharz,117408
3627,2018,DEE0B,Saalekreis,154778
3628,2018,DEE0C,Salzlandkreis,162957
3629,2018,DEE0D,Stendal,94478
3630,2018,DEE0E,Wittenberg,107602
3631,2018,DEF01,"Flensburg, Kreisfreie Stadt",72807
3632,2018,DEF02,"Kiel, Kreisfreie Stadt",205967
3633,2018,DEF03,"Lübeck, Kreisfreie Stadt",179178
3634,2018,DEF04,"Neumünster, Kreisfreie Stadt",64243
3635,2018,DEF05,Dithmarschen,109022
3636,2018,DEF06,Herzogtum Lauenburg,157803
3637,2018,DEF07,Nordfriesland,135196
3638,2018,DEF08,Ostholstein,167342
3639,2018,DEF09,Pinneberg,252906
3640,2018,DEF0A,Plön,105380
3641,2018,DEF0B,Rendsburg-Eckernförde,220250
3642,2018,DEF0C,Schleswig-Flensburg,160820
3643,2018,DEF0D,Segeberg,221431
3644,2018,DEF0E,Steinburg,106896
3645,2018,DEF0F,Stormarn,195337
3646,2018,DEG01,"Erfurt, Kreisfreie Stadt",175802
3647,2018,DEG02,"Gera, Kreisfreie Stadt",80002
3648,2018,DEG03,"Jena, Kreisfreie Stadt",91777
3649,2018,DEG04,"Suhl, Kreisfreie Stadt (NUTS 2021)",30292
3650,2018,DEG05,"Weimar, Kreisfreie Stadt",52778
3651,2018,DEG06,Eichsfeld,81910
3652,2018,DEG07,Nordhausen,70493
3653,2018,DEG09,Unstrut-Hainich-Kreis,85296
3654,2018,DEG0A,Kyffhäuserkreis,63653
3655,2018,DEG0B,Schmalkalden-Meiningen (NUTS 2021),103662
3656,2018,DEG0C,Gotha,112482
3657,2018,DEG0D,Sömmerda,58110
3658,2018,DEG0E,Hildburghausen,53618
3659,2018,DEG0F,Ilm-Kreis (NUTS 2021),91121
3660,2018,DEG0G,Weimarer Land,67306
3661,2018,DEG0H,Sonneberg (NUTS 2021),47914
3662,2018,DEG0I,Saalfeld-Rudolstadt (NUTS 2021),91038
3663,2018,DEG0J,Saale-Holzland-Kreis,68999
3664,2018,DEG0K,Saale-Orla-Kreis,68147
3665,2018,DEG0L,Greiz,84036
3666,2018,DEG0M,Altenburger Land,77048
3667,2018,DEG0N,"Eisenach, Kreisfreie Stadt (NUTS 2021)",35567
3668,2018,DEG0P,Wartburgkreis (NUTS 2021),103265
3669,2018,DEG0Q,Schmalkalden-Meiningen,103662
3670,2018,DEG0R,Wartburgkreis,138832
3671,2018,DEG0S,"Suhl, Kreisfreie Stadt",30292
3672,2018,DEG0T,Ilm-Kreis,91121
3673,2018,DEG0U,Saalfeld-Rudolstadt,91038
3674,2018,DEG0V,Sonneberg,47914
3675,2018,ES111,A Coruña,939846
3676,2018,ES112,Lugo,286588
3677,2018,ES113,Ourense,268308
3678,2018,ES114,Pontevedra,779144
3679,2018,ES120,Asturias,876520
3680,2018,ES130,Cantabria,478538
3681,2018,ES211,Araba/Álava,264390
3682,2018,ES212,Gipuzkoa,578240
3683,2018,ES213,Bizkaia,941825
3684,2018,ES220,Navarra,512528
3685,2018,ES230,La Rioja,254113
3686,2018,ES241,Huesca,180707
3687,2018,ES242,Teruel,111079
3688,2018,ES243,Zaragoza,776190
3689,2018,ES300,Madrid,5199122
3690,2018,ES411,Ávila,133571
3691,2018,ES412,Burgos,295485
3692,2018,ES413,León,396881
3693,2018,ES414,Palencia,137411
3694,2018,ES415,Salamanca,280643
3695,2018,ES416,Segovia,126406
3696,2018,ES417,Soria,74335
3697,2018,ES418,Valladolid,429185
3698,2018,ES419,Zamora,152455
3699,2018,ES421,Albacete,312109
3700,2018,ES422,Ciudad Real,402421
3701,2018,ES423,Cuenca,164016
3702,2018,ES424,Guadalajara,200482
3703,2018,ES425,Toledo,542173
3704,2018,ES431,Badajoz,542982
3705,2018,ES432,Cáceres,328259
3706,2018,ES511,Barcelona,4429832
3707,2018,ES512,Girona,594567
3708,2018,ES513,Lleida,344434
3709,2018,ES514,Tarragona,628673
3710,2018,ES521,Alicante/Alacant,1476911
3711,2018,ES522,Castellón/Castelló,460368
3712,2018,ES523,Valencia/València,2035715
3713,2018,ES531,Eivissa y Formentera,130510
3714,2018,ES532,Mallorca,707768
3715,2018,ES533,Menorca,74417
3716,2018,ES611,Almería,548168
3717,2018,ES612,Cádiz,974759
3718,2018,ES613,Córdoba,626257
3719,2018,ES614,Granada,725598
3720,2018,ES615,Huelva,411155
3721,2018,ES616,Jaén,511777
3722,2018,ES617,Málaga,1303516
3723,2018,ES618,Sevilla,1508502
3724,2018,ES620,Murcia,1139353
3725,2018,ES630,Ceuta,62045
3726,2018,ES640,Melilla,59940
3727,2018,ES703,El Hierro,9102
3728,2018,ES704,Fuerteventura,91657
3729,2018,ES705,Gran Canaria,690174
3730,2018,ES706,La Gomera,18047
3731,2018,ES707,La Palma,68459
3732,2018,ES708,Lanzarote,117197
3733,2018,ES709,Tenerife,737859
3734,2018,FR101,Paris,1758339
3735,2018,FR102,Seine-et-Marne,1019473
3736,2018,FR103,Yvelines,1052563
3737,2018,FR104,Essonne,940401
3738,2018,FR105,Hauts-de-Seine,1214227
3739,2018,FR106,Seine-Saint-Denis,1155648
3740,2018,FR107,Val-de-Marne,1035174
3741,2018,FR108,Val-d'Oise,881984
3742,2018,FRB01,Cher,239135
3743,2018,FRB02,Eure-et-Loir,322817
3744,2018,FRB03,Indre,175881
3745,2018,FRB04,Indre-et-Loire,463120
3746,2018,FRB05,Loir-et-Cher,255529
3747,2018,FRB06,Loiret,506616
3748,2018,FRC11,Côte-d’Or,409735
3749,2018,FRC12,Nièvre,165430
3750,2018,FRC13,Saône-et-Loire,431661
3751,2018,FRC14,Yonne,260538
3752,2018,FRC21,Doubs,406453
3753,2018,FRC22,Jura,200294
3754,2018,FRC23,Haute-Saône,181395
3755,2018,FRC24,Territoire de Belfort,107324
3756,2018,FRD11,Calvados,529435
3757,2018,FRD12,Manche,386676
3758,2018,FRD13,Orne,219085
3759,2018,FRD21,Eure,445607
3760,2018,FRD22,Seine-Maritime,945283
3761,2018,FRE11,Nord,1913563
3762,2018,FRE12,Pas-de-Calais,1087366
3763,2018,FRE21,Aisne,398913
3764,2018,FRE22,Oise,608810
3765,2018,FRE23,Somme,430556
3766,2018,FRF11,Bas-Rhin,869049
3767,2018,FRF12,Haut-Rhin,585547
3768,2018,FRF21,Ardennes,207794
3769,2018,FRF22,Aube,234162
3770,2018,FRF23,Marne,428585
3771,2018,FRF24,Haute-Marne,137074
3772,2018,FRF31,Meurthe-et-Moselle,558834
3773,2018,FRF32,Meuse,142986
3774,2018,FRF33,Moselle,807782
3775,2018,FRF34,Vosges,285123
3776,2018,FRG01,Loire-Atlantique,1051638
3777,2018,FRG02,Maine-et-Loire,606180
3778,2018,FRG03,Mayenne,230004
3779,2018,FRG04,Sarthe,426671
3780,2018,FRG05,Vendée,522538
3781,2018,FRH01,Côtes-d’Armor,464181
3782,2018,FRH02,Finistère,705532
3783,2018,FRH03,Ille-et-Vilaine,794234
3784,2018,FRH04,Morbihan,584718
3785,2018,FRI11,Dordogne,333269
3786,2018,FRI12,Gironde,1225293
3787,2018,FRI13,Landes,322905
3788,2018,FRI14,Lot-et-Garonne,260552
3789,2018,FRI15,Pyrénées-Atlantiques,534496
3790,2018,FRI21,Corrèze,191531
3791,2018,FRI22,Creuse,96102
3792,2018,FRI23,Haute-Vienne,292671
3793,2018,FRI31,Charente,277871
3794,2018,FRI32,Charente-Maritime,514185
3795,2018,FRI33,Deux-Sèvres,288160
3796,2018,FRI34,Vienne,334552
3797,2018,FRJ11,Aude,291767
3798,2018,FRJ12,Gard,572604
3799,2018,FRJ13,Hérault,891389
3800,2018,FRJ14,Lozère,60680
3801,2018,FRJ15,Pyrénées-Orientales,371917
3802,2018,FRJ21,Ariège,121612
3803,2018,FRJ22,Aveyron,221973
3804,2018,FRJ23,Haute-Garonne,1045863
3805,2018,FRJ24,Gers,152504
3806,2018,FRJ25,Lot,141420
3807,2018,FRJ26,Hautes-Pyrénées,182518
3808,2018,FRJ27,Tarn,302446
3809,2018,FRJ28,Tarn-et-Garonne,196216
3810,2018,FRK11,Allier,267146
3811,2018,FRK12,Cantal,117164
3812,2018,FRK13,Haute-Loire,176196
3813,2018,FRK14,Puy-de-Dôme,510180
3814,2018,FRK21,Ain,480181
3815,2018,FRK22,Ardèche,254287
3816,2018,FRK23,Drôme,389427
3817,2018,FRK24,Isère,938016
3818,2018,FRK25,Loire,576786
3819,2018,FRK26,Rhône,1379213
3820,2018,FRK27,Savoie,332640
3821,2018,FRK28,Haute-Savoie,614467
3822,2018,FRL01,Alpes-de-Haute-Provence,129484
3823,2018,FRL02,Hautes-Alpes,110357
3824,2018,FRL03,Alpes-Maritimes,855185
3825,2018,FRL04,Bouches-du-Rhône,1547678
3826,2018,FRL05,Var,842131
3827,2018,FRL06,Vaucluse,426291
3828,2018,FRM01,Corse-du-Sud,125959
3829,2018,FRM02,Haute-Corse,143575
3830,2018,FRXXX,Not regionalised/Unknown NUTS 3,0
3831,2018,FRY10,Guadeloupe,315084
3832,2018,FRY20,Martinique,284657
3833,2018,FRY30,Guyane,159761
3834,2018,FRY40,La Réunion,592831
3835,2018,FRY50,Mayotte,120063
3836,2018,HU110,Budapest,1420059
3837,2018,HU120,Pest,980229
3838,2018,HU211,Fejér,336118
3839,2018,HU212,Komárom-Esztergom,241101
3840,2018,HU213,Veszprém,278819
3841,2018,HU221,Győr-Moson-Sopron,364731
3842,2018,HU222,Vas,204921
3843,2018,HU223,Zala,222832
3844,2018,HU231,Baranya,297626
3845,2018,HU232,Somogy,246345
3846,2018,HU233,Tolna,177570
3847,2018,HU311,Borsod-Abaúj-Zemplén,510764
3848,2018,HU312,Heves,236567
3849,2018,HU313,Nógrád,152910
3850,2018,HU321,Hajdú-Bihar,418216
3851,2018,HU322,Jász-Nagykun-Szolnok,296942
3852,2018,HU323,Szabolcs-Szatmár-Bereg,429835
3853,2018,HU331,Bács-Kiskun,406632
3854,2018,HU332,Békés,273886
3855,2018,HU333,Csongrád-Csanád,325070
3856,2018,HUXXX,Not regionalised/Unknown NUTS 3,0
3857,2018,ITC11,Torino,1863548
3858,2018,ITC12,Vercelli,144849
3859,2018,ITC13,Biella,149766
3860,2018,ITC14,Verbano-Cusio-Ossola,133135
3861,2018,ITC15,Novara,302197
3862,2018,ITC16,Cuneo,481469
3863,2018,ITC17,Asti,178663
3864,2018,ITC18,Alessandria,358444
3865,2018,ITC20,Valle d’Aosta/Vallée d’Aoste,103455
3866,2018,ITC31,Imperia,178595
3867,2018,ITC32,Savona,233600
3868,2018,ITC33,Genova,707047
3869,2018,ITC34,La Spezia,184904
3870,2018,ITC41,Varese,723617
3871,2018,ITC42,Como,488198
3872,2018,ITC43,Lecco,273465
3873,2018,ITC44,Sondrio,148514
3874,2018,ITC46,Bergamo,887095
3875,2018,ITC47,Brescia,1008921
3876,2018,ITC48,Pavia,451794
3877,2018,ITC49,Lodi,184505
3878,2018,ITC4A,Cremona,294164
3879,2018,ITC4B,Mantova,334887
3880,2018,ITC4C,Milano,2645996
3881,2018,ITC4D,Monza e della Brianza,702575
3882,2018,ITF11,L’Aquila,250484
3883,2018,ITF12,Teramo,253150
3884,2018,ITF13,Pescara,261118
3885,2018,ITF14,Chieti,318386
3886,2018,ITF21,Isernia,71799
3887,2018,ITF22,Campobasso,185176
3888,2018,ITF31,Caserta,722202
3889,2018,ITF32,Benevento,229143
3890,2018,ITF33,Napoli,2398799
3891,2018,ITF34,Avellino,344714
3892,2018,ITF35,Salerno,885777
3893,2018,ITF43,Taranto,466390
3894,2018,ITF44,Brindisi,321191
3895,2018,ITF45,Lecce,652933
3896,2018,ITF46,Foggia,495033
3897,2018,ITF47,Bari,1009510
3898,2018,ITF48,Barletta-Andria-Trani,309670
3899,2018,ITF51,Potenza,304386
3900,2018,ITF52,Matera,162143
3901,2018,ITF61,Cosenza,576595
3902,2018,ITF62,Crotone,136787
3903,2018,ITF63,Catanzaro,290771
3904,2018,ITF64,Vibo Valentia,127691
3905,2018,ITF65,Reggio Calabria,436206
3906,2018,ITG11,Trapani,347548
3907,2018,ITG12,Palermo,991252
3908,2018,ITG13,Messina,515911
3909,2018,ITG14,Agrigento,349118
3910,2018,ITG15,Caltanissetta,211098
3911,2018,ITG16,Enna,134031
3912,2018,ITG17,Catania,862898
3913,2018,ITG18,Ragusa,254161
3914,2018,ITG19,Siracusa,319856
3915,2018,ITG2D,Sassari,407952
3916,2018,ITG2E,Nuoro,174424
3917,2018,ITG2F,Cagliari,357539
3918,2018,ITG2G,Oristano,135224
3919,2018,ITG2H,Sud Sardegna,299181
3920,2018,ITH10,Bolzano-Bozen,414327
3921,2018,ITH20,Trento,435250
3922,2018,ITH31,Verona,746092
3923,2018,ITH32,Vicenza,693956
3924,2018,ITH33,Belluno,169767
3925,2018,ITH34,Treviso,713715
3926,2018,ITH35,Venezia,705583
3927,2018,ITH36,Padova,764009
3928,2018,ITH37,Rovigo,199450
3929,2018,ITH41,Pordenone,253906
3930,2018,ITH42,Udine,444492
3931,2018,ITH43,Gorizia,115789
3932,2018,ITH44,Trieste,197359
3933,2018,ITH51,Piacenza,237614
3934,2018,ITH52,Parma,371281
3935,2018,ITH53,Reggio nell’Emilia,426169
3936,2018,ITH54,Modena,571466
3937,2018,ITH55,Bologna,838491
3938,2018,ITH56,Ferrara,295346
3939,2018,ITH57,Ravenna,323726
3940,2018,ITH58,Forlì-Cesena,324020
3941,2018,ITH59,Rimini,274536
3942,2018,ITI11,Massa-Carrara,164431
3943,2018,ITI12,Lucca,322018
3944,2018,ITI13,Pistoia,241323
3945,2018,ITI14,Firenze,829771
3946,2018,ITI15,Prato,206977
3947,2018,ITI16,Livorno,280842
3948,2018,ITI17,Pisa,347159
3949,2018,ITI18,Arezzo,283974
3950,2018,ITI19,Siena,222324
3951,2018,ITI1A,Grosseto,187030
3952,2018,ITI21,Perugia,537465
3953,2018,ITI22,Terni,189979
3954,2018,ITI31,Pesaro e Urbino,295015
3955,2018,ITI32,Ancona,388263
3956,2018,ITI33,Macerata,260265
3957,2018,ITI34,Ascoli Piceno,173789
3958,2018,ITI35,Fermo,143972
3959,2018,ITI41,Viterbo,261355
3960,2018,ITI42,Rieti,130272
3961,2018,ITI43,Roma,3479364
3962,2018,ITI44,Latina,459919
3963,2018,ITI45,Frosinone,400169
3964,2018,PL213,Miasto Kraków,622696
3965,2018,PL214,Krakowski,558001
3966,2018,PL217,Tarnowski,357555
3967,2018,PL218,Nowosądecki,403141
3968,2018,PL219,Nowotarski,258822
3969,2018,PL21A,Oświęcimski,438927
3970,2018,PL224,Częstochowski,419559
3971,2018,PL225,Bielski,524401
3972,2018,PL227,Rybnicki,498318
3973,2018,PL228,Bytomski,351938
3974,2018,PL229,Gliwicki,380436
3975,2018,PL22A,Katowicki,604975
3976,2018,PL22B,Sosnowiecki,562878
3977,2018,PL22C,Tyski,309099
3978,2018,PL411,Pilski,318436
3979,2018,PL414,Koniński,515270
3980,2018,PL415,Miasto Poznań,441397
3981,2018,PL416,Kaliski,525984
3982,2018,PL417,Leszczyński,429304
3983,2018,PL418,Poznański,494574
3984,2018,PL424,Miasto Szczecin,331388
3985,2018,PL426,Koszaliński,282641
3986,2018,PL427,Szczecinecko-pyrzycki,336258
3987,2018,PL428,Szczeciński,403893
3988,2018,PL431,Gorzowski,303045
3989,2018,PL432,Zielonogórski,498279
3990,2018,PL514,Miasto Wrocław,524749
3991,2018,PL515,Jeleniogórski,453702
3992,2018,PL516,Legnicko-głogowski,355898
3993,2018,PL517,Wałbrzyski,532780
3994,2018,PL518,Wrocławski,459231
3995,2018,PL523,Nyski,297198
3996,2018,PL524,Opolski,476522
3997,2018,PL613,Bydgosko-toruński,621215
3998,2018,PL616,Grudziądzki,302365
3999,2018,PL617,Inowrocławski,287763
4000,2018,PL618,Świecki,145262
4001,2018,PL619,Włocławski,286865
4002,2018,PL621,Elbląski,410135
4003,2018,PL622,Olsztyński,485675
4004,2018,PL623,Ełcki,221620
4005,2018,PL633,Trójmiejski,608673
4006,2018,PL634,Gdański,428080
4007,2018,PL636,Słupski,259239
4008,2018,PL637,Chojnicki,170076
4009,2018,PL638,Starogardzki,330245
4010,2018,PL711,Miasto Łódź,578501
4011,2018,PL712,Łódzki,310795
4012,2018,PL713,Piotrkowski,464486
4013,2018,PL714,Sieradzki,355595
4014,2018,PL715,Skierniewicki,290361
4015,2018,PL721,Kielecki,615973
4016,2018,PL722,Sandomiersko-jędrzejowski,384825
4017,2018,PL811,Bialski,236966
4018,2018,PL812,Chełmsko-zamojski,501504
4019,2018,PL814,Lubelski,568923
4020,2018,PL815,Puławski,378833
4021,2018,PL821,Krośnieński,375155
4022,2018,PL822,Przemyski,307089
4023,2018,PL823,Rzeszowski,492623
4024,2018,PL824,Tarnobrzeski,478708
4025,2018,PL841,Białostocki,406408
4026,2018,PL842,Łomżyński,310447
4027,2018,PL843,Suwalski,210276
4028,2018,PL911,Miasto Warszawa,1427573
4029,2018,PL912,Warszawski wschodni,484859
4030,2018,PL913,Warszawski zachodni,489393
4031,2018,PL921,Radomski,482993
4032,2018,PL922,Ciechanowski,268192
4033,2018,PL923,Płocki,261316
4034,2018,PL924,Ostrołęcki,297980
4035,2018,PL925,Siedlecki,326469
4036,2018,PL926,Żyrardowski,204548
4037,2018,RO111,Bihor,441921
4038,2018,RO112,Bistriţa-Năsăud,212633
4039,2018,RO113,Cluj,575816
4040,2018,RO114,Maramureş,362202
4041,2018,RO115,Satu Mare,258456
4042,2018,RO116,Sălaj,165253
4043,2018,RO121,Alba,261599
4044,2018,RO122,Braşov,433781
4045,2018,RO123,Covasna,156863
4046,2018,RO124,Harghita,236529
4047,2018,RO125,Mureş,418191
4048,2018,RO126,Sibiu,311393
4049,2018,RO211,Bacău,449265
4050,2018,RO212,Botoşani,291534
4051,2018,RO213,Iaşi,597973
4052,2018,RO214,Neamţ,345412
4053,2018,RO215,Suceava,467857
4054,2018,RO216,Vaslui,279806
4055,2018,RO221,Brăila,237253
4056,2018,RO222,Buzău,334084
4057,2018,RO223,Constanţa,530949
4058,2018,RO224,Galaţi,401139
4059,2018,RO225,Tulcea,155362
4060,2018,RO226,Vrancea,250451
4061,2018,RO311,Argeş,472164
4062,2018,RO312,Călăraşi,223112
4063,2018,RO313,Dâmboviţa,393538
4064,2018,RO314,Giurgiu,213223
4065,2018,RO315,Ialomiţa,198607
4066,2018,RO316,Prahova,584050
4067,2018,RO317,Teleorman,277431
4068,2018,RO321,Bucureşti,1508976
4069,2018,RO322,Ilfov,367161
4070,2018,RO411,Dolj,506522
4071,2018,RO412,Gorj,256723
4072,2018,RO413,Mehedinţi,197002
4073,2018,RO414,Olt,323730
4074,2018,RO415,Vâlcea,286321
4075,2018,RO421,Arad,332785
4076,2018,RO422,Caraş-Severin,220720
4077,2018,RO423,Hunedoara,314808
4078,2018,RO424,Timiş,568720
4079,2019,DE111,"Stuttgart, Stadtkreis",525239
4080,2019,DE112,Böblingen,313337
4081,2019,DE113,Esslingen,432557
4082,2019,DE114,Göppingen,208096
4083,2019,DE115,Ludwigsburg,436876
4084,2019,DE116,Rems-Murr-Kreis,343959
4085,2019,DE117,"Heilbronn, Stadtkreis",101389
4086,2019,DE118,"Heilbronn, Landkreis",275368
4087,2019,DE119,Hohenlohekreis,90021
4088,2019,DE11A,Schwäbisch Hall,156615
4089,2019,DE11B,Main-Tauber-Kreis,107849
4090,2019,DE11C,Heidenheim,106754
4091,2019,DE11D,Ostalbkreis,252735
4092,2019,DE121,"Baden-Baden, Stadtkreis",46100
4093,2019,DE122,"Karlsruhe, Stadtkreis",261220
4094,2019,DE123,"Karlsruhe, Landkreis",361072
4095,2019,DE124,Rastatt,188299
4096,2019,DE125,"Heidelberg, Stadtkreis",133711
4097,2019,DE126,"Mannheim, Stadtkreis",255105
4098,2019,DE127,Neckar-Odenwald-Kreis,116782
4099,2019,DE128,Rhein-Neckar-Kreis,443964
4100,2019,DE129,"Pforzheim, Stadtkreis",100403
4101,2019,DE12A,Calw,127483
4102,2019,DE12B,Enzkreis,160281
4103,2019,DE12C,Freudenstadt,94928
4104,2019,DE131,"Freiburg im Breisgau, Stadtkreis",188304
4105,2019,DE132,Breisgau-Hochschwarzwald,211341
4106,2019,DE133,Emmendingen,133142
4107,2019,DE134,Ortenaukreis,345922
4108,2019,DE135,Rottweil,111855
4109,2019,DE136,Schwarzwald-Baar-Kreis,172504
4110,2019,DE137,Tuttlingen,110851
4111,2019,DE138,Konstanz,231805
4112,2019,DE139,Lörrach,183507
4113,2019,DE13A,Waldshut,136457
4114,2019,DE141,Reutlingen,230859
4115,2019,DE142,"Tübingen, Landkreis",183238
4116,2019,DE143,Zollernalbkreis,154041
4117,2019,DE144,"Ulm, Stadtkreis",102845
4118,2019,DE145,Alb-Donau-Kreis,155803
4119,2019,DE146,Biberach,158010
4120,2019,DE147,Bodenseekreis,175198
4121,2019,DE148,Ravensburg,227498
4122,2019,DE149,Sigmaringen,105068
4123,2019,DE211,"Ingolstadt, Kreisfreie Stadt",111344
4124,2019,DE212,"München, Kreisfreie Stadt",1213973
4125,2019,DE213,"Rosenheim, Kreisfreie Stadt",51687
4126,2019,DE214,Altötting,90109
4127,2019,DE215,Berchtesgadener Land,87258
4128,2019,DE216,Bad Tölz-Wolfratshausen,102545
4129,2019,DE217,Dachau,123659
4130,2019,DE218,Ebersberg,112493
4131,2019,DE219,Eichstätt,104736
4132,2019,DE21A,Erding,109857
4133,2019,DE21B,Freising,143812
4134,2019,DE21C,Fürstenfeldbruck,176181
4135,2019,DE21D,Garmisch-Partenkirchen,73190
4136,2019,DE21E,Landsberg am Lech,96195
4137,2019,DE21F,Miesbach,81326
4138,2019,DE21G,Mühldorf a. Inn,93070
4139,2019,DE21H,"München, Landkreis",278353
4140,2019,DE21I,Neuburg-Schrobenhausen,77482
4141,2019,DE21J,Pfaffenhofen a. d. Ilm,102262
4142,2019,DE21K,"Rosenheim, Landkreis",210772
4143,2019,DE21L,Starnberg,108678
4144,2019,DE21M,Traunstein,144617
4145,2019,DE21N,Weilheim-Schongau,109096
4146,2019,DE221,"Landshut, Kreisfreie Stadt",59767
4147,2019,DE222,"Passau, Kreisfreie Stadt",44523
4148,2019,DE223,"Straubing, Kreisfreie Stadt",39907
4149,2019,DE224,Deggendorf,97700
4150,2019,DE225,Freyung-Grafenau,64702
4151,2019,DE226,Kelheim,97931
4152,2019,DE227,"Landshut, Landkreis",127063
4153,2019,DE228,"Passau, Landkreis",157591
4154,2019,DE229,Regen,63966
4155,2019,DE22A,Rottal-Inn,98396
4156,2019,DE22B,Straubing-Bogen,81195
4157,2019,DE22C,Dingolfing-Landau,78291
4158,2019,DE231,"Amberg, Kreisfreie Stadt",34829
4159,2019,DE232,"Regensburg, Kreisfreie Stadt",127654
4160,2019,DE233,"Weiden i. d. Opf, Kreisfreie Stadt",35304
4161,2019,DE234,Amberg-Sulzbach,84470
4162,2019,DE235,Cham,104908
4163,2019,DE236,Neumarkt i. d. OPf.,107871
4164,2019,DE237,Neustadt a. d. Waldnaab,77142
4165,2019,DE238,"Regensburg, Landkreis",156101
4166,2019,DE239,Schwandorf,120453
4167,2019,DE23A,Tirschenreuth,59997
4168,2019,DE241,"Bamberg, Kreisfreie Stadt",64807
4169,2019,DE242,"Bayreuth, Kreisfreie Stadt",63020
4170,2019,DE243,"Coburg, Kreisfreie Stadt",34565
4171,2019,DE244,"Hof, Kreisfreie Stadt",37756
4172,2019,DE245,"Bamberg, Landkreis",118846
4173,2019,DE246,"Bayreuth, Landkreis",85049
4174,2019,DE247,"Coburg, Landkreis",71636
4175,2019,DE248,Forchheim,94139
4176,2019,DE249,"Hof, Landkreis",79566
4177,2019,DE24A,Kronach,56353
4178,2019,DE24B,Kulmbach,59913
4179,2019,DE24C,Lichtenfels,55266
4180,2019,DE24D,Wunsiedel i. Fichtelgebirge,61119
4181,2019,DE251,"Ansbach, Kreisfreie Stadt",34041
4182,2019,DE252,"Erlangen, Kreisfreie Stadt",91900
4183,2019,DE253,"Fürth, Kreisfreie Stadt",104527
4184,2019,DE254,"Nürnberg, Kreisfreie Stadt",426016
4185,2019,DE255,"Schwabach, Kreisfreie Stadt",33030
4186,2019,DE256,"Ansbach, Landkreis",148523
4187,2019,DE257,Erlangen-Höchstadt,109383
4188,2019,DE258,"Fürth, Landkreis",95878
4189,2019,DE259,Nürnberger Land,139031
4190,2019,DE25A,Neustadt a. d. Aisch-Bad Windsheim,81418
4191,2019,DE25B,Roth,102927
4192,2019,DE25C,Weißenburg-Gunzenhausen,76586
4193,2019,DE261,"Aschaffenburg, Kreisfreie Stadt",57931
4194,2019,DE262,"Schweinfurt, Kreisfreie Stadt",44044
4195,2019,DE263,"Würzburg, Kreisfreie Stadt",109124
4196,2019,DE264,"Aschaffenburg, Landkreis",142405
4197,2019,DE265,Bad Kissingen,85295
4198,2019,DE266,Rhön-Grabfeld,64946
4199,2019,DE267,Haßberge,68844
4200,2019,DE268,Kitzingen,74151
4201,2019,DE269,Miltenberg,104788
4202,2019,DE26A,Main-Spessart,104301
4203,2019,DE26B,"Schweinfurt, Landkreis",93969
4204,2019,DE26C,"Würzburg, Landkreis",131533
4205,2019,DE271,"Augsburg, Kreisfreie Stadt",243892
4206,2019,DE272,"Kaufbeuren, Kreisfreie Stadt",35766
4207,2019,DE273,"Kempten (Allgäu), Kreisfreie Stadt",56753
4208,2019,DE274,"Memmingen, Kreisfreie Stadt",35604
4209,2019,DE275,Aichach-Friedberg,106659
4210,2019,DE276,"Augsburg, Landkreis",201867
4211,2019,DE277,Dillingen a.d. Donau,77383
4212,2019,DE278,Günzburg,101327
4213,2019,DE279,Neu-Ulm,140755
4214,2019,DE27A,Lindau (Bodensee),66368
4215,2019,DE27B,Ostallgäu,112577
4216,2019,DE27C,Unterallgäu,116061
4217,2019,DE27D,Donau-Ries,107467
4218,2019,DE27E,Oberallgäu,126723
4219,2019,DE300,Berlin,2985232
4220,2019,DE401,"Brandenburg an der Havel, Kreisfreie Stadt",60912
4221,2019,DE402,"Cottbus, Kreisfreie Stadt",84020
4222,2019,DE403,"Frankfurt (Oder), Kreisfreie Stadt",48519
4223,2019,DE404,"Potsdam, Kreisfreie Stadt",143560
4224,2019,DE405,Barnim,150396
4225,2019,DE406,Dahme-Spreewald,139494
4226,2019,DE407,Elbe-Elster,86794
4227,2019,DE408,Havelland,131950
4228,2019,DE409,Märkisch-Oderland,160580
4229,2019,DE40A,Oberhavel,172686
4230,2019,DE40B,Oberspreewald-Lausitz,93551
4231,2019,DE40C,Oder-Spree,148792
4232,2019,DE40D,Ostprignitz-Ruppin,82806
4233,2019,DE40E,Potsdam-Mittelmark,173790
4234,2019,DE40F,Prignitz,64812
4235,2019,DE40G,Spree-Neiße,96707
4236,2019,DE40H,Teltow-Fläming,137930
4237,2019,DE40I,Uckermark,100497
4238,2019,DE501,"Bremen, Kreisfreie Stadt",466799
4239,2019,DE502,"Bremerhaven, Kreisfreie Stadt",91404
4240,2019,DE600,Hamburg,1500183
4241,2019,DE711,"Darmstadt, Kreisfreie Stadt",130180
4242,2019,DE712,"Frankfurt am Main, Kreisfreie Stadt",612568
4243,2019,DE713,"Offenbach am Main, Kreisfreie Stadt",102334
4244,2019,DE714,"Wiesbaden, Kreisfreie Stadt",223071
4245,2019,DE715,Bergstraße,220623
4246,2019,DE716,Darmstadt-Dieburg,240168
4247,2019,DE717,Groß-Gerau,219800
4248,2019,DE718,Hochtaunuskreis,189203
4249,2019,DE719,Main-Kinzig-Kreis,339975
4250,2019,DE71A,Main-Taunus-Kreis,189886
4251,2019,DE71B,Odenwaldkreis,79472
4252,2019,DE71C,"Offenbach, Landkreis",285159
4253,2019,DE71D,Rheingau-Taunus-Kreis,152626
4254,2019,DE71E,Wetteraukreis,248437
4255,2019,DE721,"Gießen, Landkreis",220416
4256,2019,DE722,Lahn-Dill-Kreis,206286
4257,2019,DE723,Limburg-Weilburg,139576
4258,2019,DE724,Marburg-Biedenkopf,201077
4259,2019,DE725,Vogelsbergkreis,87808
4260,2019,DE731,"Kassel, Kreisfreie Stadt",165278
4261,2019,DE732,Fulda,179828
4262,2019,DE733,Hersfeld-Rotenburg,98993
4263,2019,DE734,"Kassel, Landkreis",194812
4264,2019,DE735,Schwalm-Eder-Kreis,148172
4265,2019,DE736,Waldeck-Frankenberg,128074
4266,2019,DE737,Werra-Meißner-Kreis,84019
4267,2019,DE803,"Rostock, Kreisfreie Stadt",175217
4268,2019,DE804,"Schwerin, Kreisfreie Stadt",78863
4269,2019,DE80J,Mecklenburgische Seenplatte,215981
4270,2019,DE80K,Landkreis Rostock,176726
4271,2019,DE80L,Vorpommern-Rügen,188387
4272,2019,DE80M,Nordwestmecklenburg,129328
4273,2019,DE80N,Vorpommern-Greifswald,197766
4274,2019,DE80O,Ludwigslust-Parchim,176492
4275,2019,DE911,"Braunschweig, Kreisfreie Stadt",207231
4276,2019,DE912,"Salzgitter, Kreisfreie Stadt",83877
4277,2019,DE913,"Wolfsburg, Kreisfreie Stadt",101501
4278,2019,DE914,Gifhorn,140342
4279,2019,DE916,Goslar,115593
4280,2019,DE917,Helmstedt,75100
4281,2019,DE918,Northeim,109911
4282,2019,DE91A,Peine,107243
4283,2019,DE91B,Wolfenbüttel,98562
4284,2019,DE91C,Göttingen,270803
4285,2019,DE922,Diepholz,175767
4286,2019,DE923,Hameln-Pyrmont,122101
4287,2019,DE925,Hildesheim,227483
4288,2019,DE926,Holzminden,58695
4289,2019,DE927,Nienburg (Weser),98202
4290,2019,DE928,Schaumburg,129472
4291,2019,DE929,Region Hannover,943010
4292,2019,DE931,Celle,144181
4293,2019,DE932,Cuxhaven,161838
4294,2019,DE933,Harburg,203938
4295,2019,DE934,Lüchow-Dannenberg,40063
4296,2019,DE935,"Lüneburg, Landkreis",147538
4297,2019,DE936,Osterholz,92124
4298,2019,DE937,Rotenburg (Wümme),131584
4299,2019,DE938,Heidekreis,113109
4300,2019,DE939,Stade,162708
4301,2019,DE93A,Uelzen,76537
4302,2019,DE93B,Verden,109739
4303,2019,DE941,"Delmenhorst, Kreisfreie Stadt",62341
4304,2019,DE942,"Emden, Kreisfreie Stadt",40660
4305,2019,DE943,"Oldenburg (Oldenburg), Kreisfreie Stadt",138490
4306,2019,DE944,"Osnabrück, Kreisfreie Stadt",136089
4307,2019,DE945,"Wilhelmshaven, Kreisfreie Stadt",63698
4308,2019,DE946,Ammerland,99807
4309,2019,DE947,Aurich,153981
4310,2019,DE948,Cloppenburg,130483
4311,2019,DE949,Emsland,258798
4312,2019,DE94A,Friesland (DE),80690
4313,2019,DE94B,Grafschaft Bentheim,108637
4314,2019,DE94C,Leer,136418
4315,2019,DE94D,"Oldenburg, Landkreis",104555
4316,2019,DE94E,"Osnabrück, Landkreis",285272
4317,2019,DE94F,Vechta,109932
4318,2019,DE94G,Wesermarsch,72340
4319,2019,DE94H,Wittmund,46276
4320,2019,DEA11,"Düsseldorf, Kreisfreie Stadt",509547
4321,2019,DEA12,"Duisburg, Kreisfreie Stadt",402671
4322,2019,DEA13,"Essen, Kreisfreie Stadt",477932
4323,2019,DEA14,"Krefeld, Kreisfreie Stadt",184885
4324,2019,DEA15,"Mönchengladbach, Kreisfreie Stadt",212681
4325,2019,DEA16,"Mülheim an der Ruhr, Kreisfreie Stadt",140307
4326,2019,DEA17,"Oberhausen, Kreisfreie Stadt",173081
4327,2019,DEA18,"Remscheid, Kreisfreie Stadt",90013
4328,2019,DEA19,"Solingen, Kreisfreie Stadt",129113
4329,2019,DEA1A,"Wuppertal, Kreisfreie Stadt",285965
4330,2019,DEA1B,Kleve,252522
4331,2019,DEA1C,Mettmann,395378
4332,2019,DEA1D,Rhein-Kreis Neuss,364274
4333,2019,DEA1E,Viersen,244227
4334,2019,DEA1F,Wesel,378339
4335,2019,DEA22,"Bonn, Kreisfreie Stadt",262828
4336,2019,DEA23,"Köln, Kreisfreie Stadt",889783
4337,2019,DEA24,"Leverkusen, Kreisfreie Stadt",132446
4338,2019,DEA26,Düren,213886
4339,2019,DEA27,Rhein-Erft-Kreis,379399
4340,2019,DEA28,Euskirchen,156282
4341,2019,DEA29,Heinsberg,205800
4342,2019,DEA2A,Oberbergischer Kreis,218533
4343,2019,DEA2B,Rheinisch-Bergischer Kreis,229703
4344,2019,DEA2C,Rhein-Sieg-Kreis,481004
4345,2019,DEA2D,Städteregion Aachen,455566
4346,2019,DEA31,"Bottrop, Kreisfreie Stadt",96619
4347,2019,DEA32,"Gelsenkirchen, Kreisfreie Stadt",209080
4348,2019,DEA33,"Münster, Kreisfreie Stadt",259663
4349,2019,DEA34,Borken,293614
4350,2019,DEA35,Coesfeld,176397
4351,2019,DEA36,Recklinghausen,503441
4352,2019,DEA37,Steinfurt,355694
4353,2019,DEA38,Warendorf,221776
4354,2019,DEA41,"Bielefeld, Kreisfreie Stadt",268841
4355,2019,DEA42,Gütersloh,290026
4356,2019,DEA43,Herford,202607
4357,2019,DEA44,Höxter,113982
4358,2019,DEA45,Lippe,278307
4359,2019,DEA46,Minden-Lübbecke,249398
4360,2019,DEA47,Paderborn,245185
4361,2019,DEA51,"Bochum, Kreisfreie Stadt",303920
4362,2019,DEA52,"Dortmund, Kreisfreie Stadt",479494
4363,2019,DEA53,"Hagen, Kreisfreie Stadt",152050
4364,2019,DEA54,"Hamm, Kreisfreie Stadt",143587
4365,2019,DEA55,"Herne, Kreisfreie Stadt",127671
4366,2019,DEA56,Ennepe-Ruhr-Kreis,268091
4367,2019,DEA57,Hochsauerlandkreis,211772
4368,2019,DEA58,Märkischer Kreis,334178
4369,2019,DEA59,Olpe,108456
4370,2019,DEA5A,Siegen-Wittgenstein,227028
4371,2019,DEA5B,Soest,243804
4372,2019,DEA5C,Unna,322559
4373,2019,DEB11,"Koblenz, Kreisfreie Stadt",94937
4374,2019,DEB12,Ahrweiler,107090
4375,2019,DEB13,Altenkirchen (Westerwald),104841
4376,2019,DEB14,Bad Kreuznach,129099
4377,2019,DEB15,Birkenfeld,66659
4378,2019,DEB17,Mayen-Koblenz,174701
4379,2019,DEB18,Neuwied,147226
4380,2019,DEB1A,Rhein-Lahn-Kreis,100410
4381,2019,DEB1B,Westerwaldkreis,163321
4382,2019,DEB1C,Cochem-Zell,50967
4383,2019,DEB1D,Rhein-Hunsrück-Kreis,84118
4384,2019,DEB21,"Trier, Kreisfreie Stadt",92257
4385,2019,DEB22,Bernkastel-Wittlich,91848
4386,2019,DEB23,Eifelkreis Bitburg-Prüm,79843
4387,2019,DEB24,Vulkaneifel,50081
4388,2019,DEB25,Trier-Saarburg,120591
4389,2019,DEB31,"Frankenthal (Pfalz), Kreisfreie Stadt",39353
4390,2019,DEB32,"Kaiserslautern, Kreisfreie Stadt",83036
4391,2019,DEB33,"Landau in der Pfalz, Kreisfreie Stadt",38634
4392,2019,DEB34,"Ludwigshafen am Rhein, Kreisfreie Stadt",136352
4393,2019,DEB35,"Mainz, Kreisfreie Stadt",180701
4394,2019,DEB36,"Neustadt an der Weinstraße, Kreisfreie Stadt",43676
4395,2019,DEB37,"Pirmasens, Kreisfreie Stadt",33437
4396,2019,DEB38,"Speyer, Kreisfreie Stadt",41217
4397,2019,DEB39,"Worms, Kreisfreie Stadt",67122
4398,2019,DEB3A,"Zweibrücken, Kreisfreie Stadt",28165
4399,2019,DEB3B,Alzey-Worms,104232
4400,2019,DEB3C,Bad Dürkheim,109462
4401,2019,DEB3D,Donnersbergkreis,60953
4402,2019,DEB3E,Germersheim,104531
4403,2019,DEB3F,"Kaiserslautern, Landkreis",85360
4404,2019,DEB3G,Kusel,58358
4405,2019,DEB3H,Südliche Weinstraße,90682
4406,2019,DEB3I,Rhein-Pfalz-Kreis,125523
4407,2019,DEB3J,Mainz-Bingen,169833
4408,2019,DEB3K,Südwestpfalz,79810
4409,2019,DEC01,Regionalverband Saarbrücken,274326
4410,2019,DEC02,Merzig-Wadern,85597
4411,2019,DEC03,Neunkirchen,110574
4412,2019,DEC04,Saarlouis,162359
4413,2019,DEC05,Saarpfalz-Kreis,119140
4414,2019,DEC06,St. Wendel,73573
4415,2019,DED21,"Dresden, Kreisfreie Stadt",450389
4416,2019,DED2C,Bautzen,248199
4417,2019,DED2D,Görlitz,212865
4418,2019,DED2E,Meißen,199548
4419,2019,DED2F,Sächsische Schweiz-Osterzgebirge,201040
4420,2019,DED41,"Chemnitz, Kreisfreie Stadt",205891
4421,2019,DED42,Erzgebirgskreis,280841
4422,2019,DED43,Mittelsachsen,255125
4423,2019,DED44,Vogtlandkreis,191655
4424,2019,DED45,Zwickau,265826
4425,2019,DED51,"Leipzig, Kreisfreie Stadt",482625
4426,2019,DED52,Leipzig,212774
4427,2019,DED53,Nordsachsen,163861
4428,2019,DEE01,"Dessau-Roßlau, Kreisfreie Stadt",69256
4429,2019,DEE02,"Halle (Saale), Kreisfreie Stadt",196472
4430,2019,DEE03,"Magdeburg, Kreisfreie Stadt",198197
4431,2019,DEE04,Altmarkkreis Salzwedel,69429
4432,2019,DEE05,Anhalt-Bitterfeld,135358
4433,2019,DEE06,Jerichower Land,75152
4434,2019,DEE07,Börde,142369
4435,2019,DEE08,Burgenlandkreis,152251
4436,2019,DEE09,Harz,181132
4437,2019,DEE0A,Mansfeld-Südharz,115716
4438,2019,DEE0B,Saalekreis,153700
4439,2019,DEE0C,Salzlandkreis,160834
4440,2019,DEE0D,Stendal,93505
4441,2019,DEE0E,Wittenberg,106521
4442,2019,DEF01,"Flensburg, Kreisfreie Stadt",73375
4443,2019,DEF02,"Kiel, Kreisfreie Stadt",205491
4444,2019,DEF03,"Lübeck, Kreisfreie Stadt",180021
4445,2019,DEF04,"Neumünster, Kreisfreie Stadt",64509
4446,2019,DEF05,Dithmarschen,109029
4447,2019,DEF06,Herzogtum Lauenburg,158657
4448,2019,DEF07,Nordfriesland,135606
4449,2019,DEF08,Ostholstein,167498
4450,2019,DEF09,Pinneberg,254205
4451,2019,DEF0A,Plön,105363
4452,2019,DEF0B,Rendsburg-Eckernförde,220536
4453,2019,DEF0C,Schleswig-Flensburg,161540
4454,2019,DEF0D,Segeberg,223222
4455,2019,DEF0E,Steinburg,106997
4456,2019,DEF0F,Stormarn,195881
4457,2019,DEG01,"Erfurt, Kreisfreie Stadt",175849
4458,2019,DEG02,"Gera, Kreisfreie Stadt",79124
4459,2019,DEG03,"Jena, Kreisfreie Stadt",91813
4460,2019,DEG04,"Suhl, Kreisfreie Stadt (NUTS 2021)",30004
4461,2019,DEG05,"Weimar, Kreisfreie Stadt",53176
4462,2019,DEG06,Eichsfeld,81553
4463,2019,DEG07,Nordhausen,69705
4464,2019,DEG09,Unstrut-Hainich-Kreis,84670
4465,2019,DEG0A,Kyffhäuserkreis,62940
4466,2019,DEG0B,Schmalkalden-Meiningen (NUTS 2021),102909
4467,2019,DEG0C,Gotha,112256
4468,2019,DEG0D,Sömmerda,57597
4469,2019,DEG0E,Hildburghausen,53269
4470,2019,DEG0F,Ilm-Kreis (NUTS 2021),90804
4471,2019,DEG0G,Weimarer Land,66986
4472,2019,DEG0H,Sonneberg (NUTS 2021),47699
4473,2019,DEG0I,Saalfeld-Rudolstadt (NUTS 2021),90056
4474,2019,DEG0J,Saale-Holzland-Kreis,68882
4475,2019,DEG0K,Saale-Orla-Kreis,67556
4476,2019,DEG0L,Greiz,82915
4477,2019,DEG0M,Altenburger Land,76346
4478,2019,DEG0N,"Eisenach, Kreisfreie Stadt (NUTS 2021)",35162
4479,2019,DEG0P,Wartburgkreis (NUTS 2021),102380
4480,2019,DEG0Q,Schmalkalden-Meiningen,102909
4481,2019,DEG0R,Wartburgkreis,137542
4482,2019,DEG0S,"Suhl, Kreisfreie Stadt",30004
4483,2019,DEG0T,Ilm-Kreis,90804
4484,2019,DEG0U,Saalfeld-Rudolstadt,90056
4485,2019,DEG0V,Sonneberg,47699
4486,2019,ES111,A Coruña,940013
4487,2019,ES112,Lugo,284573
4488,2019,ES113,Ourense,266909
4489,2019,ES114,Pontevedra,780152
4490,2019,ES120,Asturias,871462
4491,2019,ES130,Cantabria,478899
4492,2019,ES211,Araba/Álava,266250
4493,2019,ES212,Gipuzkoa,581779
4494,2019,ES213,Bizkaia,945455
4495,2019,ES220,Navarra,517687
4496,2019,ES230,La Rioja,255169
4497,2019,ES241,Huesca,180905
4498,2019,ES242,Teruel,110654
4499,2019,ES243,Zaragoza,782358
4500,2019,ES300,Madrid,5276875
4501,2019,ES411,Ávila,133045
4502,2019,ES412,Burgos,295092
4503,2019,ES413,León,393423
4504,2019,ES414,Palencia,136466
4505,2019,ES415,Salamanca,279704
4506,2019,ES416,Segovia,126234
4507,2019,ES417,Soria,74141
4508,2019,ES418,Valladolid,428834
4509,2019,ES419,Zamora,150558
4510,2019,ES421,Albacete,311927
4511,2019,ES422,Ciudad Real,400418
4512,2019,ES423,Cuenca,163230
4513,2019,ES424,Guadalajara,202748
4514,2019,ES425,Toledo,546607
4515,2019,ES431,Badajoz,542093
4516,2019,ES432,Cáceres,327072
4517,2019,ES511,Barcelona,4489005
4518,2019,ES512,Girona,602075
4519,2019,ES513,Lleida,346283
4520,2019,ES514,Tarragona,635189
4521,2019,ES521,Alicante/Alacant,1491215
4522,2019,ES522,Castellón/Castelló,463553
4523,2019,ES523,Valencia/València,2046832
4524,2019,ES531,Eivissa y Formentera,132480
4525,2019,ES532,Mallorca,719076
4526,2019,ES533,Menorca,75758
4527,2019,ES611,Almería,554178
4528,2019,ES612,Cádiz,976242
4529,2019,ES613,Córdoba,625250
4530,2019,ES614,Granada,729113
4531,2019,ES615,Huelva,413410
4532,2019,ES616,Jaén,509556
4533,2019,ES617,Málaga,1313023
4534,2019,ES618,Sevilla,1513632
4535,2019,ES620,Murcia,1150441
4536,2019,ES630,Ceuta,62096
4537,2019,ES640,Melilla,60446
4538,2019,ES703,El Hierro,9239
4539,2019,ES704,Fuerteventura,94887
4540,2019,ES705,Gran Canaria,695993
4541,2019,ES706,La Gomera,18231
4542,2019,ES707,La Palma,68985
4543,2019,ES708,Lanzarote,119531
4544,2019,ES709,Tenerife,748231
4545,2019,FR101,Paris,1754737
4546,2019,FR102,Seine-et-Marne,1027751
4547,2019,FR103,Yvelines,1058141
4548,2019,FR104,Essonne,945333
4549,2019,FR105,Hauts-de-Seine,1216612
4550,2019,FR106,Seine-Saint-Denis,1162647
4551,2019,FR107,Val-de-Marne,1043450
4552,2019,FR108,Val-d'Oise,889637
4553,2019,FRB01,Cher,238286
4554,2019,FRB02,Eure-et-Loir,321841
4555,2019,FRB03,Indre,174792
4556,2019,FRB04,Indre-et-Loire,466932
4557,2019,FRB05,Loir-et-Cher,254701
4558,2019,FRB06,Loiret,508044
4559,2019,FRC11,Côte-d’Or,412805
4560,2019,FRC12,Nièvre,164201
4561,2019,FRC13,Saône-et-Loire,430888
4562,2019,FRC14,Yonne,258925
4563,2019,FRC21,Doubs,409685
4564,2019,FRC22,Jura,199800
4565,2019,FRC23,Haute-Saône,180749
4566,2019,FRC24,Territoire de Belfort,106951
4567,2019,FRD11,Calvados,532314
4568,2019,FRD12,Manche,386167
4569,2019,FRD13,Orne,218007
4570,2019,FRD21,Eure,445022
4571,2019,FRD22,Seine-Maritime,948226
4572,2019,FRE11,Nord,1924731
4573,2019,FRE12,Pas-de-Calais,1089495
4574,2019,FRE21,Aisne,397757
4575,2019,FRE22,Oise,610346
4576,2019,FRE23,Somme,433172
4577,2019,FRF11,Bas-Rhin,878026
4578,2019,FRF12,Haut-Rhin,587512
4579,2019,FRF21,Ardennes,206806
4580,2019,FRF22,Aube,234479
4581,2019,FRF23,Marne,430298
4582,2019,FRF24,Haute-Marne,135874
4583,2019,FRF31,Meurthe-et-Moselle,563100
4584,2019,FRF32,Meuse,142053
4585,2019,FRF33,Moselle,811314
4586,2019,FRF34,Vosges,284152
4587,2019,FRG01,Loire-Atlantique,1066507
4588,2019,FRG02,Maine-et-Loire,611532
4589,2019,FRG03,Mayenne,230104
4590,2019,FRG04,Sarthe,427528
4591,2019,FRG05,Vendée,525953
4592,2019,FRH01,Côtes-d’Armor,465062
4593,2019,FRH02,Finistère,710038
4594,2019,FRH03,Ille-et-Vilaine,805827
4595,2019,FRH04,Morbihan,588807
4596,2019,FRI11,Dordogne,333316
4597,2019,FRI12,Gironde,1247134
4598,2019,FRI13,Landes,325365
4599,2019,FRI14,Lot-et-Garonne,259906
4600,2019,FRI15,Pyrénées-Atlantiques,537582
4601,2019,FRI21,Corrèze,191222
4602,2019,FRI22,Creuse,95267
4603,2019,FRI23,Haute-Vienne,293115
4604,2019,FRI31,Charente,278238
4605,2019,FRI32,Charente-Maritime,518033
4606,2019,FRI33,Deux-Sèvres,287893
4607,2019,FRI34,Vienne,337276
4608,2019,FRJ11,Aude,292852
4609,2019,FRJ12,Gard,575534
4610,2019,FRJ13,Hérault,907137
4611,2019,FRJ14,Lozère,60811
4612,2019,FRJ15,Pyrénées-Orientales,374777
4613,2019,FRJ21,Ariège,121709
4614,2019,FRJ22,Aveyron,222364
4615,2019,FRJ23,Haute-Garonne,1067440
4616,2019,FRJ24,Gers,152413
4617,2019,FRJ25,Lot,141421
4618,2019,FRJ26,Hautes-Pyrénées,182970
4619,2019,FRJ27,Tarn,303635
4620,2019,FRJ28,Tarn-et-Garonne,197057
4621,2019,FRK11,Allier,266488
4622,2019,FRK12,Cantal,117050
4623,2019,FRK13,Haute-Loire,175927
4624,2019,FRK14,Puy-de-Dôme,514570
4625,2019,FRK21,Ain,482803
4626,2019,FRK22,Ardèche,255236
4627,2019,FRK23,Drôme,390882
4628,2019,FRK24,Isère,946727
4629,2019,FRK25,Loire,579221
4630,2019,FRK26,Rhône,1398719
4631,2019,FRK27,Savoie,335035
4632,2019,FRK28,Haute-Savoie,620095
4633,2019,FRL01,Alpes-de-Haute-Provence,129477
4634,2019,FRL02,Hautes-Alpes,110625
4635,2019,FRL03,Alpes-Maritimes,861094
4636,2019,FRL04,Bouches-du-Rhône,1557772
4637,2019,FRL05,Var,849892
4638,2019,FRL06,Vaucluse,427551
4639,2019,FRM01,Corse-du-Sud,126146
4640,2019,FRM02,Haute-Corse,144958
4641,2019,FRXXX,Not regionalised/Unknown NUTS 3,0
4642,2019,FRY10,Guadeloupe,310747
4643,2019,FRY20,Martinique,282363
4644,2019,FRY30,Guyane,163510
4645,2019,FRY40,La Réunion,600263
4646,2019,FRY50,Mayotte,124659
4647,2019,HU110,Budapest,1420173
4648,2019,HU120,Pest,991808
4649,2019,HU211,Fejér,337075
4650,2019,HU212,Komárom-Esztergom,242875
4651,2019,HU213,Veszprém,278941
4652,2019,HU221,Győr-Moson-Sopron,368252
4653,2019,HU222,Vas,204710
4654,2019,HU223,Zala,221059
4655,2019,HU231,Baranya,295450
4656,2019,HU232,Somogy,244532
4657,2019,HU233,Tolna,175923
4658,2019,HU311,Borsod-Abaúj-Zemplén,506697
4659,2019,HU312,Heves,235691
4660,2019,HU313,Nógrád,151586
4661,2019,HU321,Hajdú-Bihar,416057
4662,2019,HU322,Jász-Nagykun-Szolnok,295942
4663,2019,HU323,Szabolcs-Szatmár-Bereg,425971
4664,2019,HU331,Bács-Kiskun,404805
4665,2019,HU332,Békés,270650
4666,2019,HU333,Csongrád-Csanád,324274
4667,2019,ITC11,Torino,1858224
4668,2019,ITC12,Vercelli,143846
4669,2019,ITC13,Biella,148896
4670,2019,ITC14,Verbano-Cusio-Ossola,132834
4671,2019,ITC15,Novara,302033
4672,2019,ITC16,Cuneo,481278
4673,2019,ITC17,Asti,178016
4674,2019,ITC18,Alessandria,356442
4675,2019,ITC20,Valle d’Aosta/Vallée d’Aoste,103258
4676,2019,ITC31,Imperia,177996
4677,2019,ITC32,Savona,232357
4678,2019,ITC33,Genova,703916
4679,2019,ITC34,La Spezia,184629
4680,2019,ITC41,Varese,725034
4681,2019,ITC42,Como,489500
4682,2019,ITC43,Lecco,274134
4683,2019,ITC44,Sondrio,148646
4684,2019,ITC46,Bergamo,890627
4685,2019,ITC47,Brescia,1014238
4686,2019,ITC48,Pavia,452229
4687,2019,ITC49,Lodi,184861
4688,2019,ITC4A,Cremona,294759
4689,2019,ITC4B,Mantova,335585
4690,2019,ITC4C,Milano,2664282
4691,2019,ITC4D,Monza e della Brianza,705409
4692,2019,ITF11,L’Aquila,249297
4693,2019,ITF12,Teramo,253296
4694,2019,ITF13,Pescara,261241
4695,2019,ITF14,Chieti,317010
4696,2019,ITF21,Isernia,71190
4697,2019,ITF22,Campobasso,184372
4698,2019,ITF31,Caserta,724630
4699,2019,ITF32,Benevento,228022
4700,2019,ITF33,Napoli,2399300
4701,2019,ITF34,Avellino,342652
4702,2019,ITF35,Salerno,884515
4703,2019,ITF43,Taranto,464489
4704,2019,ITF44,Brindisi,319879
4705,2019,ITF45,Lecce,650380
4706,2019,ITF46,Foggia,493026
4707,2019,ITF47,Bari,1008073
4708,2019,ITF48,Barletta-Andria-Trani,309457
4709,2019,ITF51,Potenza,302572
4710,2019,ITF52,Matera,161810
4711,2019,ITF61,Cosenza,574736
4712,2019,ITF62,Crotone,136981
4713,2019,ITF63,Catanzaro,289132
4714,2019,ITF64,Vibo Valentia,127128
4715,2019,ITF65,Reggio Calabria,434057
4716,2019,ITG11,Trapani,346280
4717,2019,ITG12,Palermo,987842
4718,2019,ITG13,Messina,512226
4719,2019,ITG14,Agrigento,346951
4720,2019,ITG15,Caltanissetta,208980
4721,2019,ITG16,Enna,133070
4722,2019,ITG17,Catania,861607
4723,2019,ITG18,Ragusa,253788
4724,2019,ITG19,Siracusa,318324
4725,2019,ITG2D,Sassari,408426
4726,2019,ITG2E,Nuoro,173225
4727,2019,ITG2F,Cagliari,357654
4728,2019,ITG2G,Oristano,134227
4729,2019,ITG2H,Sud Sardegna,296983
4730,2019,ITH10,Bolzano-Bozen,417876
4731,2019,ITH20,Trento,437876
4732,2019,ITH31,Verona,750426
4733,2019,ITH32,Vicenza,695596
4734,2019,ITH33,Belluno,169680
4735,2019,ITH34,Treviso,716321
4736,2019,ITH35,Venezia,707530
4737,2019,ITH36,Padova,767162
4738,2019,ITH37,Rovigo,198591
4739,2019,ITH41,Pordenone,254768
4740,2019,ITH42,Udine,444142
4741,2019,ITH43,Gorizia,115828
4742,2019,ITH44,Trieste,197578
4743,2019,ITH51,Piacenza,237756
4744,2019,ITH52,Parma,373104
4745,2019,ITH53,Reggio nell’Emilia,427854
4746,2019,ITH54,Modena,576189
4747,2019,ITH55,Bologna,843280
4748,2019,ITH56,Ferrara,294784
4749,2019,ITH57,Ravenna,323251
4750,2019,ITH58,Forlì-Cesena,325716
4751,2019,ITH59,Rimini,276392
4752,2019,ITI11,Massa-Carrara,163623
4753,2019,ITI12,Lucca,321176
4754,2019,ITI13,Pistoia,242207
4755,2019,ITI14,Firenze,828124
4756,2019,ITI15,Prato,208282
4757,2019,ITI16,Livorno,279799
4758,2019,ITI17,Pisa,346459
4759,2019,ITI18,Arezzo,283604
4760,2019,ITI19,Siena,221840
4761,2019,ITI1A,Grosseto,186715
4762,2019,ITI21,Perugia,537119
4763,2019,ITI22,Terni,189518
4764,2019,ITI31,Pesaro e Urbino,294944
4765,2019,ITI32,Ancona,387997
4766,2019,ITI33,Macerata,259302
4767,2019,ITI34,Ascoli Piceno,173432
4768,2019,ITI35,Fermo,143863
4769,2019,ITI41,Viterbo,260819
4770,2019,ITI42,Rieti,129657
4771,2019,ITI43,Roma,3491960
4772,2019,ITI44,Latina,459974
4773,2019,ITI45,Frosinone,399139
4774,2019,PL213,Miasto Kraków,625209
4775,2019,PL214,Krakowski,561903
4776,2019,PL217,Tarnowski,358162
4777,2019,PL218,Nowosądecki,404891
4778,2019,PL219,Nowotarski,259493
4779,2019,PL21A,Oświęcimski,438060
4780,2019,PL224,Częstochowski,418083
4781,2019,PL225,Bielski,524761
4782,2019,PL227,Rybnicki,497539
4783,2019,PL228,Bytomski,350599
4784,2019,PL229,Gliwicki,378095
4785,2019,PL22A,Katowicki,601548
4786,2019,PL22B,Sosnowiecki,559152
4787,2019,PL22C,Tyski,309501
4788,2019,PL411,Pilski,318290
4789,2019,PL414,Koniński,515303
4790,2019,PL415,Miasto Poznań,438675
4791,2019,PL416,Kaliski,526150
4792,2019,PL417,Leszczyński,430179
4793,2019,PL418,Poznański,501208
4794,2019,PL424,Miasto Szczecin,330116
4795,2019,PL426,Koszaliński,282459
4796,2019,PL427,Szczecinecko-pyrzycki,334923
4797,2019,PL428,Szczeciński,404744
4798,2019,PL431,Gorzowski,303052
4799,2019,PL432,Zielonogórski,498390
4800,2019,PL514,Miasto Wrocław,524712
4801,2019,PL515,Jeleniogórski,451879
4802,2019,PL516,Legnicko-głogowski,354916
4803,2019,PL517,Wałbrzyski,529505
4804,2019,PL518,Wrocławski,462996
4805,2019,PL523,Nyski,296505
4806,2019,PL524,Opolski,475369
4807,2019,PL613,Bydgosko-toruński,621378
4808,2019,PL616,Grudziądzki,301523
4809,2019,PL617,Inowrocławski,287096
4810,2019,PL618,Świecki,145170
4811,2019,PL619,Włocławski,285969
4812,2019,PL621,Elbląski,409206
4813,2019,PL622,Olsztyński,484905
4814,2019,PL623,Ełcki,221420
4815,2019,PL633,Trójmiejski,608838
4816,2019,PL634,Gdański,434076
4817,2019,PL636,Słupski,259120
4818,2019,PL637,Chojnicki,170441
4819,2019,PL638,Starogardzki,330333
4820,2019,PL711,Miasto Łódź,573174
4821,2019,PL712,Łódzki,311140
4822,2019,PL713,Piotrkowski,463117
4823,2019,PL714,Sieradzki,354746
4824,2019,PL715,Skierniewicki,288889
4825,2019,PL721,Kielecki,614018
4826,2019,PL722,Sandomiersko-jędrzejowski,383620
4827,2019,PL811,Bialski,236249
4828,2019,PL812,Chełmsko-zamojski,499068
4829,2019,PL814,Lubelski,568873
4830,2019,PL815,Puławski,377488
4831,2019,PL821,Krośnieński,375253
4832,2019,PL822,Przemyski,306679
4833,2019,PL823,Rzeszowski,495521
4834,2019,PL824,Tarnobrzeski,478674
4835,2019,PL841,Białostocki,406393
4836,2019,PL842,Łomżyński,308743
4837,2019,PL843,Suwalski,209886
4838,2019,PL911,Miasto Warszawa,1432503
4839,2019,PL912,Warszawski wschodni,488633
4840,2019,PL913,Warszawski zachodni,493855
4841,2019,PL921,Radomski,481553
4842,2019,PL922,Ciechanowski,267585
4843,2019,PL923,Płocki,260447
4844,2019,PL924,Ostrołęcki,297597
4845,2019,PL925,Siedlecki,325694
4846,2019,PL926,Żyrardowski,204036
4847,2019,RO111,Bihor,439940
4848,2019,RO112,Bistriţa-Năsăud,211724
4849,2019,RO113,Cluj,576877
4850,2019,RO114,Maramureş,360747
4851,2019,RO115,Satu Mare,257219
4852,2019,RO116,Sălaj,163760
4853,2019,RO121,Alba,259749
4854,2019,RO122,Braşov,433382
4855,2019,RO123,Covasna,155795
4856,2019,RO124,Harghita,235260
4857,2019,RO125,Mureş,415889
4858,2019,RO126,Sibiu,312157
4859,2019,RO211,Bacău,445516
4860,2019,RO212,Botoşani,288474
4861,2019,RO213,Iaşi,599907
4862,2019,RO214,Neamţ,341881
4863,2019,RO215,Suceava,466169
4864,2019,RO216,Vaslui,275859
4865,2019,RO221,Brăila,233770
4866,2019,RO222,Buzău,329642
4867,2019,RO223,Constanţa,529038
4868,2019,RO224,Galaţi,397463
4869,2019,RO225,Tulcea,152954
4870,2019,RO226,Vrancea,247696
4871,2019,RO311,Argeş,468108
4872,2019,RO312,Călăraşi,220586
4873,2019,RO313,Dâmboviţa,390844
4874,2019,RO314,Giurgiu,211177
4875,2019,RO315,Ialomiţa,196579
4876,2019,RO316,Prahova,578284
4877,2019,RO317,Teleorman,272038
4878,2019,RO321,Bucureşti,1502882
4879,2019,RO322,Ilfov,376554
4880,2019,RO411,Dolj,502462
4881,2019,RO412,Gorj,254541
4882,2019,RO413,Mehedinţi,194583
4883,2019,RO414,Olt,319659
4884,2019,RO415,Vâlcea,284787
4885,2019,RO421,Arad,331477
4886,2019,RO422,Caraş-Severin,218312
4887,2019,RO423,Hunedoara,311098
4888,2019,RO424,Timiş,570942
4889,2020,DE111,"Stuttgart, Stadtkreis",526415
4890,2020,DE112,Böblingen,314351
4891,2020,DE113,Esslingen,433804
4892,2020,DE114,Göppingen,208885
4893,2020,DE115,Ludwigsburg,438227
4894,2020,DE116,Rems-Murr-Kreis,344969
4895,2020,DE117,"Heilbronn, Stadtkreis",101862
4896,2020,DE118,"Heilbronn, Landkreis",276541
4897,2020,DE119,Hohenlohekreis,90651
4898,2020,DE11A,Schwäbisch Hall,157410
4899,2020,DE11B,Main-Tauber-Kreis,107945
4900,2020,DE11C,Heidenheim,107071
4901,2020,DE11D,Ostalbkreis,253193
4902,2020,DE121,"Baden-Baden, Stadtkreis",46083
4903,2020,DE122,"Karlsruhe, Stadtkreis",260393
4904,2020,DE123,"Karlsruhe, Landkreis",362013
4905,2020,DE124,Rastatt,188633
4906,2020,DE125,"Heidelberg, Stadtkreis",134180
4907,2020,DE126,"Mannheim, Stadtkreis",256069
4908,2020,DE127,Neckar-Odenwald-Kreis,116925
4909,2020,DE128,Rhein-Neckar-Kreis,444553
4910,2020,DE129,"Pforzheim, Stadtkreis",100573
4911,2020,DE12A,Calw,128276
4912,2020,DE12B,Enzkreis,160971
4913,2020,DE12C,Freudenstadt,95307
4914,2020,DE131,"Freiburg im Breisgau, Stadtkreis",189208
4915,2020,DE132,Breisgau-Hochschwarzwald,212160
4916,2020,DE133,Emmendingen,134105
4917,2020,DE134,Ortenaukreis,347213
4918,2020,DE135,Rottweil,112226
4919,2020,DE136,Schwarzwald-Baar-Kreis,172432
4920,2020,DE137,Tuttlingen,111501
4921,2020,DE138,Konstanz,232504
4922,2020,DE139,Lörrach,183596
4923,2020,DE13A,Waldshut,136725
4924,2020,DE141,Reutlingen,231062
4925,2020,DE142,"Tübingen, Landkreis",184534
4926,2020,DE143,Zollernalbkreis,154361
4927,2020,DE144,"Ulm, Stadtkreis",103396
4928,2020,DE145,Alb-Donau-Kreis,156753
4929,2020,DE146,Biberach,159432
4930,2020,DE147,Bodenseekreis,176510
4931,2020,DE148,Ravensburg,228739
4932,2020,DE149,Sigmaringen,105339
4933,2020,DE211,"Ingolstadt, Kreisfreie Stadt",111620
4934,2020,DE212,"München, Kreisfreie Stadt",1222987
4935,2020,DE213,"Rosenheim, Kreisfreie Stadt",51835
4936,2020,DE214,Altötting,90305
4937,2020,DE215,Berchtesgadener Land,87442
4938,2020,DE216,Bad Tölz-Wolfratshausen,103234
4939,2020,DE217,Dachau,124406
4940,2020,DE218,Ebersberg,113843
4941,2020,DE219,Eichstätt,105041
4942,2020,DE21A,Erding,110367
4943,2020,DE21B,Freising,144705
4944,2020,DE21C,Fürstenfeldbruck,176291
4945,2020,DE21D,Garmisch-Partenkirchen,73237
4946,2020,DE21E,Landsberg am Lech,96478
4947,2020,DE21F,Miesbach,81513
4948,2020,DE21G,Mühldorf a. Inn,93563
4949,2020,DE21H,"München, Landkreis",279808
4950,2020,DE21I,Neuburg-Schrobenhausen,77999
4951,2020,DE21J,Pfaffenhofen a. d. Ilm,102972
4952,2020,DE21K,"Rosenheim, Landkreis",211254
4953,2020,DE21L,Starnberg,109270
4954,2020,DE21M,Traunstein,144922
4955,2020,DE21N,Weilheim-Schongau,109151
4956,2020,DE221,"Landshut, Kreisfreie Stadt",60545
4957,2020,DE222,"Passau, Kreisfreie Stadt",44789
4958,2020,DE223,"Straubing, Kreisfreie Stadt",39886
4959,2020,DE224,Deggendorf,98012
4960,2020,DE225,Freyung-Grafenau,64919
4961,2020,DE226,Kelheim,98644
4962,2020,DE227,"Landshut, Landkreis",128092
4963,2020,DE228,"Passau, Landkreis",158363
4964,2020,DE229,Regen,63806
4965,2020,DE22A,Rottal-Inn,99253
4966,2020,DE22B,Straubing-Bogen,81605
4967,2020,DE22C,Dingolfing-Landau,78593
4968,2020,DE231,"Amberg, Kreisfreie Stadt",35045
4969,2020,DE232,"Regensburg, Kreisfreie Stadt",127923
4970,2020,DE233,"Weiden i. d. Opf, Kreisfreie Stadt",35439
4971,2020,DE234,Amberg-Sulzbach,84455
4972,2020,DE235,Cham,105161
4973,2020,DE236,Neumarkt i. d. OPf.,108719
4974,2020,DE237,Neustadt a. d. Waldnaab,77239
4975,2020,DE238,"Regensburg, Landkreis",156537
4976,2020,DE239,Schwandorf,120982
4977,2020,DE23A,Tirschenreuth,59679
4978,2020,DE241,"Bamberg, Kreisfreie Stadt",64734
4979,2020,DE242,"Bayreuth, Kreisfreie Stadt",63191
4980,2020,DE243,"Coburg, Kreisfreie Stadt",34436
4981,2020,DE244,"Hof, Kreisfreie Stadt",37624
4982,2020,DE245,"Bamberg, Landkreis",119074
4983,2020,DE246,"Bayreuth, Landkreis",85079
4984,2020,DE247,"Coburg, Landkreis",71514
4985,2020,DE248,Forchheim,94328
4986,2020,DE249,"Hof, Landkreis",79260
4987,2020,DE24A,Kronach,56104
4988,2020,DE24B,Kulmbach,59805
4989,2020,DE24C,Lichtenfels,55323
4990,2020,DE24D,Wunsiedel i. Fichtelgebirge,60647
4991,2020,DE251,"Ansbach, Kreisfreie Stadt",33965
4992,2020,DE252,"Erlangen, Kreisfreie Stadt",92546
4993,2020,DE253,"Fürth, Kreisfreie Stadt",105142
4994,2020,DE254,"Nürnberg, Kreisfreie Stadt",425785
4995,2020,DE255,"Schwabach, Kreisfreie Stadt",33189
4996,2020,DE256,"Ansbach, Landkreis",149151
4997,2020,DE257,Erlangen-Höchstadt,110055
4998,2020,DE258,"Fürth, Landkreis",96169
4999,2020,DE259,Nürnberger Land,139315
5000,2020,DE25A,Neustadt a. d. Aisch-Bad Windsheim,81995
5001,2020,DE25B,Roth,102857
5002,2020,DE25C,Weißenburg-Gunzenhausen,76845
5003,2020,DE261,"Aschaffenburg, Kreisfreie Stadt",58390
5004,2020,DE262,"Schweinfurt, Kreisfreie Stadt",43699
5005,2020,DE263,"Würzburg, Kreisfreie Stadt",109197
5006,2020,DE264,"Aschaffenburg, Landkreis",142345
5007,2020,DE265,Bad Kissingen,85384
5008,2020,DE266,Rhön-Grabfeld,64921
5009,2020,DE267,Haßberge,68819
5010,2020,DE268,Kitzingen,74357
5011,2020,DE269,Miltenberg,104870
5012,2020,DE26A,Main-Spessart,104259
5013,2020,DE26B,"Schweinfurt, Landkreis",94200
5014,2020,DE26C,"Würzburg, Landkreis",131882
5015,2020,DE271,"Augsburg, Kreisfreie Stadt",245225
5016,2020,DE272,"Kaufbeuren, Kreisfreie Stadt",36104
5017,2020,DE273,"Kempten (Allgäu), Kreisfreie Stadt",56992
5018,2020,DE274,"Memmingen, Kreisfreie Stadt",35908
5019,2020,DE275,Aichach-Friedberg,107569
5020,2020,DE276,"Augsburg, Landkreis",203400
5021,2020,DE277,Dillingen a.d. Donau,77936
5022,2020,DE278,Günzburg,102448
5023,2020,DE279,Neu-Ulm,141491
5024,2020,DE27A,Lindau (Bodensee),66771
5025,2020,DE27B,Ostallgäu,113387
5026,2020,DE27C,Unterallgäu,117181
5027,2020,DE27D,Donau-Ries,107892
5028,2020,DE27E,Oberallgäu,127319
5029,2020,DE300,Berlin,3001548
5030,2020,DE401,"Brandenburg an der Havel, Kreisfreie Stadt",60763
5031,2020,DE402,"Cottbus, Kreisfreie Stadt",83580
5032,2020,DE403,"Frankfurt (Oder), Kreisfreie Stadt",48404
5033,2020,DE404,"Potsdam, Kreisfreie Stadt",145206
5034,2020,DE405,Barnim,152065
5035,2020,DE406,Dahme-Spreewald,140602
5036,2020,DE407,Elbe-Elster,85935
5037,2020,DE408,Havelland,132631
5038,2020,DE409,Märkisch-Oderland,161308
5039,2020,DE40A,Oberhavel,173912
5040,2020,DE40B,Oberspreewald-Lausitz,92483
5041,2020,DE40C,Oder-Spree,148587
5042,2020,DE40D,Ostprignitz-Ruppin,82572
5043,2020,DE40E,Potsdam-Mittelmark,175192
5044,2020,DE40F,Prignitz,64467
5045,2020,DE40G,Spree-Neiße,95926
5046,2020,DE40H,Teltow-Fläming,139033
5047,2020,DE40I,Uckermark,99893
5048,2020,DE501,"Bremen, Kreisfreie Stadt",464679
5049,2020,DE502,"Bremerhaven, Kreisfreie Stadt",91373
5050,2020,DE600,Hamburg,1502227
5051,2020,DE711,"Darmstadt, Kreisfreie Stadt",130841
5052,2020,DE712,"Frankfurt am Main, Kreisfreie Stadt",621005
5053,2020,DE713,"Offenbach am Main, Kreisfreie Stadt",103494
5054,2020,DE714,"Wiesbaden, Kreisfreie Stadt",223178
5055,2020,DE715,Bergstraße,221067
5056,2020,DE716,Darmstadt-Dieburg,240497
5057,2020,DE717,Groß-Gerau,220639
5058,2020,DE718,Hochtaunuskreis,189428
5059,2020,DE719,Main-Kinzig-Kreis,341230
5060,2020,DE71A,Main-Taunus-Kreis,190564
5061,2020,DE71B,Odenwaldkreis,79472
5062,2020,DE71C,"Offenbach, Landkreis",286392
5063,2020,DE71D,Rheingau-Taunus-Kreis,152766
5064,2020,DE71E,Wetteraukreis,249911
5065,2020,DE721,"Gießen, Landkreis",221912
5066,2020,DE722,Lahn-Dill-Kreis,206142
5067,2020,DE723,Limburg-Weilburg,139649
5068,2020,DE724,Marburg-Biedenkopf,201606
5069,2020,DE725,Vogelsbergkreis,87669
5070,2020,DE731,"Kassel, Kreisfreie Stadt",165707
5071,2020,DE732,Fulda,180454
5072,2020,DE733,Hersfeld-Rotenburg,98813
5073,2020,DE734,"Kassel, Landkreis",194866
5074,2020,DE735,Schwalm-Eder-Kreis,147905
5075,2020,DE736,Waldeck-Frankenberg,127736
5076,2020,DE737,Werra-Meißner-Kreis,83751
5077,2020,DE803,"Rostock, Kreisfreie Stadt",175374
5078,2020,DE804,"Schwerin, Kreisfreie Stadt",78549
5079,2020,DE80J,Mecklenburgische Seenplatte,214787
5080,2020,DE80K,Landkreis Rostock,176907
5081,2020,DE80L,Vorpommern-Rügen,188309
5082,2020,DE80M,Nordwestmecklenburg,129740
5083,2020,DE80N,Vorpommern-Greifswald,196660
5084,2020,DE80O,Ludwigslust-Parchim,175493
5085,2020,DE911,"Braunschweig, Kreisfreie Stadt",208142
5086,2020,DE912,"Salzgitter, Kreisfreie Stadt",83103
5087,2020,DE913,"Wolfsburg, Kreisfreie Stadt",101382
5088,2020,DE914,Gifhorn,140774
5089,2020,DE916,Goslar,115121
5090,2020,DE917,Helmstedt,75064
5091,2020,DE918,Northeim,109657
5092,2020,DE91A,Peine,107992
5093,2020,DE91B,Wolfenbüttel,98398
5094,2020,DE91C,Göttingen,269441
5095,2020,DE922,Diepholz,176194
5096,2020,DE923,Hameln-Pyrmont,121984
5097,2020,DE925,Hildesheim,226716
5098,2020,DE926,Holzminden,58348
5099,2020,DE927,Nienburg (Weser),98238
5100,2020,DE928,Schaumburg,129773
5101,2020,DE929,Region Hannover,942545
5102,2020,DE931,Celle,144314
5103,2020,DE932,Cuxhaven,162042
5104,2020,DE933,Harburg,205271
5105,2020,DE934,Lüchow-Dannenberg,40068
5106,2020,DE935,"Lüneburg, Landkreis",148471
5107,2020,DE936,Osterholz,92453
5108,2020,DE937,Rotenburg (Wümme),132047
5109,2020,DE938,Heidekreis,113782
5110,2020,DE939,Stade,164064
5111,2020,DE93A,Uelzen,76531
5112,2020,DE93B,Verden,110051
5113,2020,DE941,"Delmenhorst, Kreisfreie Stadt",62162
5114,2020,DE942,"Emden, Kreisfreie Stadt",40491
5115,2020,DE943,"Oldenburg (Oldenburg), Kreisfreie Stadt",139323
5116,2020,DE944,"Osnabrück, Kreisfreie Stadt",136663
5117,2020,DE945,"Wilhelmshaven, Kreisfreie Stadt",63501
5118,2020,DE946,Ammerland,100553
5119,2020,DE947,Aurich,154208
5120,2020,DE948,Cloppenburg,131821
5121,2020,DE949,Emsland,260246
5122,2020,DE94A,Friesland (DE),81057
5123,2020,DE94B,Grafschaft Bentheim,109350
5124,2020,DE94C,Leer,137473
5125,2020,DE94D,"Oldenburg, Landkreis",105369
5126,2020,DE94E,"Osnabrück, Landkreis",286031
5127,2020,DE94F,Vechta,110968
5128,2020,DE94G,Wesermarsch,72500
5129,2020,DE94H,Wittmund,46487
5130,2020,DEA11,"Düsseldorf, Kreisfreie Stadt",511357
5131,2020,DEA12,"Duisburg, Kreisfreie Stadt",402458
5132,2020,DEA13,"Essen, Kreisfreie Stadt",476915
5133,2020,DEA14,"Krefeld, Kreisfreie Stadt",184978
5134,2020,DEA15,"Mönchengladbach, Kreisfreie Stadt",212066
5135,2020,DEA16,"Mülheim an der Ruhr, Kreisfreie Stadt",139724
5136,2020,DEA17,"Oberhausen, Kreisfreie Stadt",172791
5137,2020,DEA18,"Remscheid, Kreisfreie Stadt",90236
5138,2020,DEA19,"Solingen, Kreisfreie Stadt",128881
5139,2020,DEA1A,"Wuppertal, Kreisfreie Stadt",286333
5140,2020,DEA1B,Kleve,254049
5141,2020,DEA1C,Mettmann,394951
5142,2020,DEA1D,Rhein-Kreis Neuss,364721
5143,2020,DEA1E,Viersen,244508
5144,2020,DEA1F,Wesel,378277
5145,2020,DEA22,"Bonn, Kreisfreie Stadt",265079
5146,2020,DEA23,"Köln, Kreisfreie Stadt",892408
5147,2020,DEA24,"Leverkusen, Kreisfreie Stadt",132227
5148,2020,DEA26,Düren,214523
5149,2020,DEA27,Rhein-Erft-Kreis,379403
5150,2020,DEA28,Euskirchen,157173
5151,2020,DEA29,Heinsberg,206890
5152,2020,DEA2A,Oberbergischer Kreis,218349
5153,2020,DEA2B,Rheinisch-Bergischer Kreis,229866
5154,2020,DEA2C,Rhein-Sieg-Kreis,482339
5155,2020,DEA2D,Städteregion Aachen,457184
5156,2020,DEA31,"Bottrop, Kreisfreie Stadt",96702
5157,2020,DEA32,"Gelsenkirchen, Kreisfreie Stadt",207639
5158,2020,DEA33,"Münster, Kreisfreie Stadt",260675
5159,2020,DEA34,Borken,294746
5160,2020,DEA35,Coesfeld,177257
5161,2020,DEA36,Recklinghausen,502045
5162,2020,DEA37,Steinfurt,356834
5163,2020,DEA38,Warendorf,222250
5164,2020,DEA41,"Bielefeld, Kreisfreie Stadt",269131
5165,2020,DEA42,Gütersloh,291050
5166,2020,DEA43,Herford,202472
5167,2020,DEA44,Höxter,113663
5168,2020,DEA45,Lippe,277530
5169,2020,DEA46,Minden-Lübbecke,249167
5170,2020,DEA47,Paderborn,246283
5171,2020,DEA51,"Bochum, Kreisfreie Stadt",304423
5172,2020,DEA52,"Dortmund, Kreisfreie Stadt",479814
5173,2020,DEA53,"Hagen, Kreisfreie Stadt",151671
5174,2020,DEA54,"Hamm, Kreisfreie Stadt",144293
5175,2020,DEA55,"Herne, Kreisfreie Stadt",127475
5176,2020,DEA56,Ennepe-Ruhr-Kreis,267780
5177,2020,DEA57,Hochsauerlandkreis,211576
5178,2020,DEA58,Märkischer Kreis,332686
5179,2020,DEA59,Olpe,108122
5180,2020,DEA5A,Siegen-Wittgenstein,225875
5181,2020,DEA5B,Soest,243840
5182,2020,DEA5C,Unna,322385
5183,2020,DEB11,"Koblenz, Kreisfreie Stadt",95024
5184,2020,DEB12,Ahrweiler,107399
5185,2020,DEB13,Altenkirchen (Westerwald),104901
5186,2020,DEB14,Bad Kreuznach,129366
5187,2020,DEB15,Birkenfeld,66527
5188,2020,DEB17,Mayen-Koblenz,174911
5189,2020,DEB18,Neuwied,147812
5190,2020,DEB1A,Rhein-Lahn-Kreis,100417
5191,2020,DEB1B,Westerwaldkreis,163785
5192,2020,DEB1C,Cochem-Zell,50868
5193,2020,DEB1D,Rhein-Hunsrück-Kreis,84392
5194,2020,DEB21,"Trier, Kreisfreie Stadt",92949
5195,2020,DEB22,Bernkastel-Wittlich,92085
5196,2020,DEB23,Eifelkreis Bitburg-Prüm,80253
5197,2020,DEB24,Vulkaneifel,50215
5198,2020,DEB25,Trier-Saarburg,120986
5199,2020,DEB31,"Frankenthal (Pfalz), Kreisfreie Stadt",39501
5200,2020,DEB32,"Kaiserslautern, Kreisfreie Stadt",83125
5201,2020,DEB33,"Landau in der Pfalz, Kreisfreie Stadt",38792
5202,2020,DEB34,"Ludwigshafen am Rhein, Kreisfreie Stadt",137106
5203,2020,DEB35,"Mainz, Kreisfreie Stadt",182053
5204,2020,DEB36,"Neustadt an der Weinstraße, Kreisfreie Stadt",43717
5205,2020,DEB37,"Pirmasens, Kreisfreie Stadt",33323
5206,2020,DEB38,"Speyer, Kreisfreie Stadt",41406
5207,2020,DEB39,"Worms, Kreisfreie Stadt",67319
5208,2020,DEB3A,"Zweibrücken, Kreisfreie Stadt",28159
5209,2020,DEB3B,Alzey-Worms,104648
5210,2020,DEB3C,Bad Dürkheim,109507
5211,2020,DEB3D,Donnersbergkreis,61225
5212,2020,DEB3E,Germersheim,104503
5213,2020,DEB3F,"Kaiserslautern, Landkreis",85079
5214,2020,DEB3G,Kusel,58045
5215,2020,DEB3H,Südliche Weinstraße,90918
5216,2020,DEB3I,Rhein-Pfalz-Kreis,125692
5217,2020,DEB3J,Mainz-Bingen,170304
5218,2020,DEB3K,Südwestpfalz,79597
5219,2020,DEC01,Regionalverband Saarbrücken,273577
5220,2020,DEC02,Merzig-Wadern,85556
5221,2020,DEC03,Neunkirchen,109945
5222,2020,DEC04,Saarlouis,161566
5223,2020,DEC05,Saarpfalz-Kreis,118845
5224,2020,DEC06,St. Wendel,73184
5225,2020,DED21,"Dresden, Kreisfreie Stadt",451332
5226,2020,DED2C,Bautzen,246923
5227,2020,DED2D,Görlitz,210757
5228,2020,DED2E,Meißen,198728
5229,2020,DED2F,Sächsische Schweiz-Osterzgebirge,200493
5230,2020,DED41,"Chemnitz, Kreisfreie Stadt",204703
5231,2020,DED42,Erzgebirgskreis,278164
5232,2020,DED43,Mittelsachsen,252954
5233,2020,DED44,Vogtlandkreis,190017
5234,2020,DED45,Zwickau,263326
5235,2020,DED51,"Leipzig, Kreisfreie Stadt",486638
5236,2020,DED52,Leipzig,212537
5237,2020,DED53,Nordsachsen,163385
5238,2020,DEE01,"Dessau-Roßlau, Kreisfreie Stadt",68264
5239,2020,DEE02,"Halle (Saale), Kreisfreie Stadt",195914
5240,2020,DEE03,"Magdeburg, Kreisfreie Stadt",197105
5241,2020,DEE04,Altmarkkreis Salzwedel,68850
5242,2020,DEE05,Anhalt-Bitterfeld,133936
5243,2020,DEE06,Jerichower Land,74786
5244,2020,DEE07,Börde,141547
5245,2020,DEE08,Burgenlandkreis,150807
5246,2020,DEE09,Harz,179988
5247,2020,DEE0A,Mansfeld-Südharz,114475
5248,2020,DEE0B,Saalekreis,152736
5249,2020,DEE0C,Salzlandkreis,159333
5250,2020,DEE0D,Stendal,92800
5251,2020,DEE0E,Wittenberg,105590
5252,2020,DEF01,"Flensburg, Kreisfreie Stadt",73842
5253,2020,DEF02,"Kiel, Kreisfreie Stadt",205183
5254,2020,DEF03,"Lübeck, Kreisfreie Stadt",179595
5255,2020,DEF04,"Neumünster, Kreisfreie Stadt",65183
5256,2020,DEF05,Dithmarschen,109282
5257,2020,DEF06,Herzogtum Lauenburg,159452
5258,2020,DEF07,Nordfriesland,136384
5259,2020,DEF08,Ostholstein,167701
5260,2020,DEF09,Pinneberg,255626
5261,2020,DEF0A,Plön,105589
5262,2020,DEF0B,Rendsburg-Eckernförde,221979
5263,2020,DEF0C,Schleswig-Flensburg,162777
5264,2020,DEF0D,Segeberg,224427
5265,2020,DEF0E,Steinburg,107075
5266,2020,DEF0F,Stormarn,196949
5267,2020,DEG01,"Erfurt, Kreisfreie Stadt",175876
5268,2020,DEG02,"Gera, Kreisfreie Stadt",78156
5269,2020,DEG03,"Jena, Kreisfreie Stadt",91746
5270,2020,DEG04,"Suhl, Kreisfreie Stadt (NUTS 2021)",31662
5271,2020,DEG05,"Weimar, Kreisfreie Stadt",53168
5272,2020,DEG06,Eichsfeld,81056
5273,2020,DEG07,Nordhausen,69289
5274,2020,DEG09,Unstrut-Hainich-Kreis,83924
5275,2020,DEG0A,Kyffhäuserkreis,62330
5276,2020,DEG0B,Schmalkalden-Meiningen (NUTS 2021),104775
5277,2020,DEG0C,Gotha,111776
5278,2020,DEG0D,Sömmerda,57283
5279,2020,DEG0E,Hildburghausen,52852
5280,2020,DEG0F,Ilm-Kreis (NUTS 2021),88609
5281,2020,DEG0G,Weimarer Land,66977
5282,2020,DEG0H,Sonneberg (NUTS 2021),49012
5283,2020,DEG0I,Saalfeld-Rudolstadt (NUTS 2021),87205
5284,2020,DEG0J,Saale-Holzland-Kreis,68717
5285,2020,DEG0K,Saale-Orla-Kreis,67133
5286,2020,DEG0L,Greiz,82158
5287,2020,DEG0M,Altenburger Land,75666
5288,2020,DEG0N,"Eisenach, Kreisfreie Stadt (NUTS 2021)",34984
5289,2020,DEG0P,Wartburgkreis (NUTS 2021),98899
5290,2020,DEG0Q,Schmalkalden-Meiningen,104775
5291,2020,DEG0R,Wartburgkreis,133883
5292,2020,DEG0S,"Suhl, Kreisfreie Stadt",31662
5293,2020,DEG0T,Ilm-Kreis,88609
5294,2020,DEG0U,Saalfeld-Rudolstadt,87205
5295,2020,DEG0V,Sonneberg,49012
5296,2020,ES111,A Coruña,941803
5297,2020,ES112,Lugo,283186
5298,2020,ES113,Ourense,265929
5299,2020,ES114,Pontevedra,784077
5300,2020,ES120,Asturias,869113
5301,2020,ES130,Cantabria,480231
5302,2020,ES211,Araba/Álava,268601
5303,2020,ES212,Gipuzkoa,586642
5304,2020,ES213,Bizkaia,952411
5305,2020,ES220,Navarra,523860
5306,2020,ES230,La Rioja,257477
5307,2020,ES241,Huesca,182370
5308,2020,ES242,Teruel,110630
5309,2020,ES243,Zaragoza,789588
5310,2020,ES300,Madrid,5371611
5311,2020,ES411,Ávila,132808
5312,2020,ES412,Burgos,295583
5313,2020,ES413,León,390754
5314,2020,ES414,Palencia,135972
5315,2020,ES415,Salamanca,279029
5316,2020,ES416,Segovia,126354
5317,2020,ES417,Soria,74393
5318,2020,ES418,Valladolid,429490
5319,2020,ES419,Zamora,148931
5320,2020,ES421,Albacete,312750
5321,2020,ES422,Ciudad Real,400597
5322,2020,ES423,Cuenca,163408
5323,2020,ES424,Guadalajara,205915
5324,2020,ES425,Toledo,553447
5325,2020,ES431,Badajoz,542167
5326,2020,ES432,Cáceres,326437
5327,2020,ES511,Barcelona,4551969
5328,2020,ES512,Girona,611716
5329,2020,ES513,Lleida,350110
5330,2020,ES514,Tarragona,645455
5331,2020,ES521,Alicante/Alacant,1510643
5332,2020,ES522,Castellón/Castelló,467881
5333,2020,ES523,Valencia/València,2075307
5334,2020,ES531,Eivissa y Formentera,134742
5335,2020,ES532,Mallorca,732489
5336,2020,ES533,Menorca,77246
5337,2020,ES611,Almería,563052
5338,2020,ES612,Cádiz,982522
5339,2020,ES613,Córdoba,626700
5340,2020,ES614,Granada,734886
5341,2020,ES615,Huelva,416905
5342,2020,ES616,Jaén,509058
5343,2020,ES617,Málaga,1334452
5344,2020,ES618,Sevilla,1522799
5345,2020,ES620,Murcia,1166300
5346,2020,ES630,Ceuta,61958
5347,2020,ES640,Melilla,60768
5348,2020,ES703,El Hierro,9400
5349,2020,ES704,Fuerteventura,97868
5350,2020,ES705,Gran Canaria,701293
5351,2020,ES706,La Gomera,18504
5352,2020,ES707,La Palma,69830
5353,2020,ES708,Lanzarote,122958
5354,2020,ES709,Tenerife,761004
5355,2020,FR101,Paris,1740626
5356,2020,FR102,Seine-et-Marne,1037205
5357,2020,FR103,Yvelines,1062664
5358,2020,FR104,Essonne,952194
5359,2020,FR105,Hauts-de-Seine,1224112
5360,2020,FR106,Seine-Saint-Denis,1174096
5361,2020,FR107,Val-de-Marne,1048359
5362,2020,FR108,Val-d'Oise,894870
5363,2020,FRB01,Cher,237185
5364,2020,FRB02,Eure-et-Loir,322625
5365,2020,FRB03,Indre,174947
5366,2020,FRB04,Indre-et-Loire,469886
5367,2020,FRB05,Loir-et-Cher,254990
5368,2020,FRB06,Loiret,510770
5369,2020,FRC11,Côte-d’Or,413687
5370,2020,FRC12,Nièvre,163421
5371,2020,FRC13,Saône-et-Loire,431699
5372,2020,FRC14,Yonne,258366
5373,2020,FRC21,Doubs,410960
5374,2020,FRC22,Jura,200336
5375,2020,FRC23,Haute-Saône,180375
5376,2020,FRC24,Territoire de Belfort,106390
5377,2020,FRD11,Calvados,533685
5378,2020,FRD12,Manche,386850
5379,2020,FRD13,Orne,217351
5380,2020,FRD21,Eure,446217
5381,2020,FRD22,Seine-Maritime,949467
5382,2020,FRE11,Nord,1926717
5383,2020,FRE12,Pas-de-Calais,1089833
5384,2020,FRE21,Aisne,398119
5385,2020,FRE22,Oise,610459
5386,2020,FRE23,Somme,431476
5387,2020,FRF11,Bas-Rhin,886074
5388,2020,FRF12,Haut-Rhin,589919
5389,2020,FRF21,Ardennes,206499
5390,2020,FRF22,Aube,235127
5391,2020,FRF23,Marne,430280
5392,2020,FRF24,Haute-Marne,135508
5393,2020,FRF31,Meurthe-et-Moselle,562144
5394,2020,FRF32,Meuse,141967
5395,2020,FRF33,Moselle,814411
5396,2020,FRF34,Vosges,283485
5397,2020,FRG01,Loire-Atlantique,1082428
5398,2020,FRG02,Maine-et-Loire,613033
5399,2020,FRG03,Mayenne,230099
5400,2020,FRG04,Sarthe,429348
5401,2020,FRG05,Vendée,533161
5402,2020,FRH01,Côtes-d’Armor,468624
5403,2020,FRH02,Finistère,713244
5404,2020,FRH03,Ille-et-Vilaine,815134
5405,2020,FRH04,Morbihan,594042
5406,2020,FRI11,Dordogne,334270
5407,2020,FRI12,Gironde,1259223
5408,2020,FRI13,Landes,330021
5409,2020,FRI14,Lot-et-Garonne,260024
5410,2020,FRI15,Pyrénées-Atlantiques,542011
5411,2020,FRI21,Corrèze,191475
5412,2020,FRI22,Creuse,94918
5413,2020,FRI23,Haute-Vienne,293360
5414,2020,FRI31,Charente,277989
5415,2020,FRI32,Charente-Maritime,522684
5416,2020,FRI33,Deux-Sèvres,288272
5417,2020,FRI34,Vienne,337739
5418,2020,FRJ11,Aude,295187
5419,2020,FRJ12,Gard,579457
5420,2020,FRJ13,Hérault,918558
5421,2020,FRJ14,Lozère,60607
5422,2020,FRJ15,Pyrénées-Orientales,377631
5423,2020,FRJ21,Ariège,122112
5424,2020,FRJ22,Aveyron,223024
5425,2020,FRJ23,Haute-Garonne,1081415
5426,2020,FRJ24,Gers,152962
5427,2020,FRJ25,Lot,141616
5428,2020,FRJ26,Hautes-Pyrénées,183708
5429,2020,FRJ27,Tarn,305490
5430,2020,FRJ28,Tarn-et-Garonne,198708
5431,2020,FRK11,Allier,266989
5432,2020,FRK12,Cantal,116890
5433,2020,FRK13,Haute-Loire,176577
5434,2020,FRK14,Puy-de-Dôme,512938
5435,2020,FRK21,Ain,487636
5436,2020,FRK22,Ardèche,257083
5437,2020,FRK23,Drôme,393336
5438,2020,FRK24,Isère,953296
5439,2020,FRK25,Loire,581757
5440,2020,FRK26,Rhône,1407653
5441,2020,FRK27,Savoie,338016
5442,2020,FRK28,Haute-Savoie,628526
5443,2020,FRL01,Alpes-de-Haute-Provence,130747
5444,2020,FRL02,Hautes-Alpes,110923
5445,2020,FRL03,Alpes-Maritimes,865545
5446,2020,FRL04,Bouches-du-Rhône,1567212
5447,2020,FRL05,Var,859946
5448,2020,FRL06,Vaucluse,429524
5449,2020,FRM01,Corse-du-Sud,128209
5450,2020,FRM02,Haute-Corse,146568
5451,2020,FRXXX,Not regionalised/Unknown NUTS 3,0
5452,2020,FRY10,Guadeloupe,311859
5453,2020,FRY20,Martinique,281631
5454,2020,FRY30,Guyane,166146
5455,2020,FRY40,La Réunion,605282
5456,2020,FRY50,Mayotte,129329
5457,2020,HU110,Budapest,1416406
5458,2020,HU120,Pest,1004838
5459,2020,HU211,Fejér,337608
5460,2020,HU212,Komárom-Esztergom,244537
5461,2020,HU213,Veszprém,278777
5462,2020,HU221,Győr-Moson-Sopron,371954
5463,2020,HU222,Vas,204760
5464,2020,HU223,Zala,219972
5465,2020,HU231,Baranya,294596
5466,2020,HU232,Somogy,243417
5467,2020,HU233,Tolna,174262
5468,2020,HU311,Borsod-Abaúj-Zemplén,502700
5469,2020,HU312,Heves,234539
5470,2020,HU313,Nógrád,150374
5471,2020,HU321,Hajdú-Bihar,414739
5472,2020,HU322,Jász-Nagykun-Szolnok,293052
5473,2020,HU323,Szabolcs-Szatmár-Bereg,423076
5474,2020,HU331,Bács-Kiskun,403220
5475,2020,HU332,Békés,267482
5476,2020,HU333,Csongrád-Csanád,323657
5477,2020,HUXXX,Not regionalised/Unknown NUTS 3,0
5478,2020,ITC11,Torino,1855354
5479,2020,ITC12,Vercelli,143117
5480,2020,ITC13,Biella,148246
5481,2020,ITC14,Verbano-Cusio-Ossola,132316
5482,2020,ITC15,Novara,301920
5483,2020,ITC16,Cuneo,481379
5484,2020,ITC17,Asti,177181
5485,2020,ITC18,Alessandria,354534
5486,2020,ITC20,Valle d’Aosta/Vallée d’Aoste,103069
5487,2020,ITC31,Imperia,177787
5488,2020,ITC32,Savona,231111
5489,2020,ITC33,Genova,700643
5490,2020,ITC34,La Spezia,184217
5491,2020,ITC41,Varese,726192
5492,2020,ITC42,Como,490647
5493,2020,ITC43,Lecco,274375
5494,2020,ITC44,Sondrio,148719
5495,2020,ITC46,Bergamo,894067
5496,2020,ITC47,Brescia,1018097
5497,2020,ITC48,Pavia,451602
5498,2020,ITC49,Lodi,185537
5499,2020,ITC4A,Cremona,294982
5500,2020,ITC4B,Mantova,335434
5501,2020,ITC4C,Milano,2681975
5502,2020,ITC4D,Monza e della Brianza,708880
5503,2020,ITF11,L’Aquila,247614
5504,2020,ITF12,Teramo,252622
5505,2020,ITF13,Pescara,260873
5506,2020,ITF14,Chieti,316184
5507,2020,ITF21,Isernia,70501
5508,2020,ITF22,Campobasso,182996
5509,2020,ITF31,Caserta,726079
5510,2020,ITF32,Benevento,225958
5511,2020,ITF33,Napoli,2397635
5512,2020,ITF34,Avellino,340586
5513,2020,ITF35,Salerno,882324
5514,2020,ITF43,Taranto,462579
5515,2020,ITF44,Brindisi,318986
5516,2020,ITF45,Lecce,648677
5517,2020,ITF46,Foggia,491523
5518,2020,ITF47,Bari,1007296
5519,2020,ITF48,Barletta-Andria-Trani,309613
5520,2020,ITF51,Potenza,300096
5521,2020,ITF52,Matera,161132
5522,2020,ITF61,Cosenza,571455
5523,2020,ITF62,Crotone,134876
5524,2020,ITF63,Catanzaro,287594
5525,2020,ITF64,Vibo Valentia,126295
5526,2020,ITF65,Reggio Calabria,430759
5527,2020,ITG11,Trapani,345279
5528,2020,ITG12,Palermo,983427
5529,2020,ITG13,Messina,509502
5530,2020,ITG14,Agrigento,344958
5531,2020,ITG15,Caltanissetta,207121
5532,2020,ITG16,Enna,131955
5533,2020,ITG17,Catania,860166
5534,2020,ITG18,Ragusa,254497
5535,2020,ITG19,Siracusa,317484
5536,2020,ITG2D,Sassari,407694
5537,2020,ITG2E,Nuoro,172151
5538,2020,ITG2F,Cagliari,357637
5539,2020,ITG2G,Oristano,133216
5540,2020,ITG2H,Sud Sardegna,294788
5541,2020,ITH10,Bolzano-Bozen,420351
5542,2020,ITH20,Trento,440439
5543,2020,ITH31,Verona,753848
5544,2020,ITH32,Vicenza,696868
5545,2020,ITH33,Belluno,169214
5546,2020,ITH34,Treviso,717998
5547,2020,ITH35,Venezia,707097
5548,2020,ITH36,Padova,769307
5549,2020,ITH37,Rovigo,197440
5550,2020,ITH41,Pordenone,255208
5551,2020,ITH42,Udine,442718
5552,2020,ITH43,Gorizia,115566
5553,2020,ITH44,Trieste,196939
5554,2020,ITH51,Piacenza,237996
5555,2020,ITH52,Parma,375253
5556,2020,ITH53,Reggio nell’Emilia,428826
5557,2020,ITH54,Modena,577687
5558,2020,ITH55,Bologna,848017
5559,2020,ITH56,Ferrara,294058
5560,2020,ITH57,Ravenna,322677
5561,2020,ITH58,Forlì-Cesena,326129
5562,2020,ITH59,Rimini,277360
5563,2020,ITI11,Massa-Carrara,162972
5564,2020,ITI12,Lucca,320840
5565,2020,ITI13,Pistoia,242759
5566,2020,ITI14,Firenze,826667
5567,2020,ITI15,Prato,208917
5568,2020,ITI16,Livorno,279322
5569,2020,ITI17,Pisa,346731
5570,2020,ITI18,Arezzo,283131
5571,2020,ITI19,Siena,221278
5572,2020,ITI1A,Grosseto,186384
5573,2020,ITI21,Perugia,536345
5574,2020,ITI22,Terni,188757
5575,2020,ITI31,Pesaro e Urbino,294359
5576,2020,ITI32,Ancona,387459
5577,2020,ITI33,Macerata,258020
5578,2020,ITI34,Ascoli Piceno,172908
5579,2020,ITI35,Fermo,143496
5580,2020,ITI41,Viterbo,259712
5581,2020,ITI42,Rieti,129050
5582,2020,ITI43,Roma,3489561
5583,2020,ITI44,Latina,460523
5584,2020,ITI45,Frosinone,397182
5585,2020,PL213,Miasto Kraków,630027
5586,2020,PL214,Krakowski,565607
5587,2020,PL217,Tarnowski,358025
5588,2020,PL218,Nowosądecki,405901
5589,2020,PL219,Nowotarski,260004
5590,2020,PL21A,Oświęcimski,436633
5591,2020,PL224,Częstochowski,416538
5592,2020,PL225,Bielski,524940
5593,2020,PL227,Rybnicki,496380
5594,2020,PL228,Bytomski,349180
5595,2020,PL229,Gliwicki,376107
5596,2020,PL22A,Katowicki,598006
5597,2020,PL22B,Sosnowiecki,555087
5598,2020,PL22C,Tyski,309783
5599,2020,PL411,Pilski,317767
5600,2020,PL414,Koniński,515015
5601,2020,PL415,Miasto Poznań,436530
5602,2020,PL416,Kaliski,525707
5603,2020,PL417,Leszczyński,430589
5604,2020,PL418,Poznański,508117
5605,2020,PL424,Miasto Szczecin,329499
5606,2020,PL426,Koszaliński,282167
5607,2020,PL427,Szczecinecko-pyrzycki,333126
5608,2020,PL428,Szczeciński,405142
5609,2020,PL431,Gorzowski,302723
5610,2020,PL432,Zielonogórski,497630
5611,2020,PL514,Miasto Wrocław,525022
5612,2020,PL515,Jeleniogórski,449551
5613,2020,PL516,Legnicko-głogowski,354003
5614,2020,PL517,Wałbrzyski,525667
5615,2020,PL518,Wrocławski,467140
5616,2020,PL523,Nyski,295258
5617,2020,PL524,Opolski,473506
5618,2020,PL613,Bydgosko-toruński,621816
5619,2020,PL616,Grudziądzki,300641
5620,2020,PL617,Inowrocławski,286278
5621,2020,PL618,Świecki,145076
5622,2020,PL619,Włocławski,284780
5623,2020,PL621,Elbląski,407668
5624,2020,PL622,Olsztyński,483938
5625,2020,PL623,Ełcki,220888
5626,2020,PL633,Trójmiejski,610356
5627,2020,PL634,Gdański,440033
5628,2020,PL636,Słupski,258965
5629,2020,PL637,Chojnicki,170631
5630,2020,PL638,Starogardzki,330135
5631,2020,PL711,Miasto Łódź,568433
5632,2020,PL712,Łódzki,311329
5633,2020,PL713,Piotrkowski,461380
5634,2020,PL714,Sieradzki,353586
5635,2020,PL715,Skierniewicki,287472
5636,2020,PL721,Kielecki,611143
5637,2020,PL722,Sandomiersko-jędrzejowski,381394
5638,2020,PL811,Bialski,235189
5639,2020,PL812,Chełmsko-zamojski,496009
5640,2020,PL814,Lubelski,569282
5641,2020,PL815,Puławski,375816
5642,2020,PL821,Krośnieński,374757
5643,2020,PL822,Przemyski,306055
5644,2020,PL823,Rzeszowski,498201
5645,2020,PL824,Tarnobrzeski,477904
5646,2020,PL841,Białostocki,406542
5647,2020,PL842,Łomżyński,306860
5648,2020,PL843,Suwalski,209406
5649,2020,PL911,Miasto Warszawa,1437296
5650,2020,PL912,Warszawski wschodni,493228
5651,2020,PL913,Warszawski zachodni,499242
5652,2020,PL921,Radomski,479444
5653,2020,PL922,Ciechanowski,266722
5654,2020,PL923,Płocki,259678
5655,2020,PL924,Ostrołęcki,297064
5656,2020,PL925,Siedlecki,324908
5657,2020,PL926,Żyrardowski,203566
5658,2020,RO111,Bihor,439247
5659,2020,RO112,Bistriţa-Năsăud,211054
5660,2020,RO113,Cluj,577589
5661,2020,RO114,Maramureş,359896
5662,2020,RO115,Satu Mare,256193
5663,2020,RO116,Sălaj,162534
5664,2020,RO121,Alba,259035
5665,2020,RO122,Braşov,433355
5666,2020,RO123,Covasna,155431
5667,2020,RO124,Harghita,234599
5668,2020,RO125,Mureş,414643
5669,2020,RO126,Sibiu,312355
5670,2020,RO211,Bacău,443477
5671,2020,RO212,Botoşani,287375
5672,2020,RO213,Iaşi,598710
5673,2020,RO214,Neamţ,339832
5674,2020,RO215,Suceava,465587
5675,2020,RO216,Vaslui,274704
5676,2020,RO221,Brăila,231111
5677,2020,RO222,Buzău,326578
5678,2020,RO223,Constanţa,528047
5679,2020,RO224,Galaţi,394740
5680,2020,RO225,Tulcea,151600
5681,2020,RO226,Vrancea,245983
5682,2020,RO311,Argeş,464811
5683,2020,RO312,Călăraşi,218116
5684,2020,RO313,Dâmboviţa,388671
5685,2020,RO314,Giurgiu,209770
5686,2020,RO315,Ialomiţa,195707
5687,2020,RO316,Prahova,574140
5688,2020,RO317,Teleorman,268270
5689,2020,RO321,Bucureşti,1496033
5690,2020,RO322,Ilfov,378705
5691,2020,RO411,Dolj,499066
5692,2020,RO412,Gorj,252983
5693,2020,RO413,Mehedinţi,193592
5694,2020,RO414,Olt,316909
5695,2020,RO415,Vâlcea,284528
5696,2020,RO421,Arad,330616
5697,2020,RO422,Caraş-Severin,217371
5698,2020,RO423,Hunedoara,308359
5699,2020,RO424,Timiş,570563
5700,2021,DE111,"Stuttgart, Stadtkreis",521927
5701,2021,DE112,Böblingen,314408
5702,2021,DE113,Esslingen,432639
5703,2021,DE114,Göppingen,209562
5704,2021,DE115,Ludwigsburg,438151
5705,2021,DE116,Rems-Murr-Kreis,344981
5706,2021,DE117,"Heilbronn, Stadtkreis",101653
5707,2021,DE118,"Heilbronn, Landkreis",277928
5708,2021,DE119,Hohenlohekreis,90813
5709,2021,DE11A,Schwäbisch Hall,158295
5710,2021,DE11B,Main-Tauber-Kreis,108285
5711,2021,DE11C,Heidenheim,107200
5712,2021,DE11D,Ostalbkreis,253740
5713,2021,DE121,"Baden-Baden, Stadtkreis",46259
5714,2021,DE122,"Karlsruhe, Stadtkreis",258119
5715,2021,DE123,"Karlsruhe, Landkreis",363377
5716,2021,DE124,Rastatt,189286
5717,2021,DE125,"Heidelberg, Stadtkreis",131774
5718,2021,DE126,"Mannheim, Stadtkreis",255189
5719,2021,DE127,Neckar-Odenwald-Kreis,117089
5720,2021,DE128,Rhein-Neckar-Kreis,444813
5721,2021,DE129,"Pforzheim, Stadtkreis",100613
5722,2021,DE12A,Calw,128997
5723,2021,DE12B,Enzkreis,161062
5724,2021,DE12C,Freudenstadt,95517
5725,2021,DE131,"Freiburg im Breisgau, Stadtkreis",189121
5726,2021,DE132,Breisgau-Hochschwarzwald,213411
5727,2021,DE133,Emmendingen,134522
5728,2021,DE134,Ortenaukreis,348687
5729,2021,DE135,Rottweil,112396
5730,2021,DE136,Schwarzwald-Baar-Kreis,172516
5731,2021,DE137,Tuttlingen,112199
5732,2021,DE138,Konstanz,233174
5733,2021,DE139,Lörrach,183793
5734,2021,DE13A,Waldshut,137211
5735,2021,DE141,Reutlingen,231510
5736,2021,DE142,"Tübingen, Landkreis",184606
5737,2021,DE143,Zollernalbkreis,154607
5738,2021,DE144,"Ulm, Stadtkreis",103184
5739,2021,DE145,Alb-Donau-Kreis,157643
5740,2021,DE146,Biberach,160302
5741,2021,DE147,Bodenseekreis,177208
5742,2021,DE148,Ravensburg,229474
5743,2021,DE149,Sigmaringen,105492
5744,2021,DE211,"Ingolstadt, Kreisfreie Stadt",110955
5745,2021,DE212,"München, Kreisfreie Stadt",1225366
5746,2021,DE213,"Rosenheim, Kreisfreie Stadt",51919
5747,2021,DE214,Altötting,90303
5748,2021,DE215,Berchtesgadener Land,87840
5749,2021,DE216,Bad Tölz-Wolfratshausen,103406
5750,2021,DE217,Dachau,124393
5751,2021,DE218,Ebersberg,114193
5752,2021,DE219,Eichstätt,105114
5753,2021,DE21A,Erding,111047
5754,2021,DE21B,Freising,145013
5755,2021,DE21C,Fürstenfeldbruck,175801
5756,2021,DE21D,Garmisch-Partenkirchen,73199
5757,2021,DE21E,Landsberg am Lech,97185
5758,2021,DE21F,Miesbach,81665
5759,2021,DE21G,Mühldorf a. Inn,93986
5760,2021,DE21H,"München, Landkreis",279086
5761,2021,DE21I,Neuburg-Schrobenhausen,78280
5762,2021,DE21J,Pfaffenhofen a. d. Ilm,103683
5763,2021,DE21K,"Rosenheim, Landkreis",211742
5764,2021,DE21L,Starnberg,109365
5765,2021,DE21M,Traunstein,145057
5766,2021,DE21N,Weilheim-Schongau,109626
5767,2021,DE221,"Landshut, Kreisfreie Stadt",60193
5768,2021,DE222,"Passau, Kreisfreie Stadt",44393
5769,2021,DE223,"Straubing, Kreisfreie Stadt",39733
5770,2021,DE224,Deggendorf,98203
5771,2021,DE225,Freyung-Grafenau,64903
5772,2021,DE226,Kelheim,98925
5773,2021,DE227,"Landshut, Landkreis",129050
5774,2021,DE228,"Passau, Landkreis",159124
5775,2021,DE229,Regen,63825
5776,2021,DE22A,Rottal-Inn,99569
5777,2021,DE22B,Straubing-Bogen,82110
5778,2021,DE22C,Dingolfing-Landau,78999
5779,2021,DE231,"Amberg, Kreisfreie Stadt",34881
5780,2021,DE232,"Regensburg, Kreisfreie Stadt",127301
5781,2021,DE233,"Weiden i. d. Opf, Kreisfreie Stadt",35343
5782,2021,DE234,Amberg-Sulzbach,84324
5783,2021,DE235,Cham,105244
5784,2021,DE236,Neumarkt i. d. OPf.,109320
5785,2021,DE237,Neustadt a. d. Waldnaab,77237
5786,2021,DE238,"Regensburg, Landkreis",156576
5787,2021,DE239,Schwandorf,121453
5788,2021,DE23A,Tirschenreuth,59331
5789,2021,DE241,"Bamberg, Kreisfreie Stadt",64194
5790,2021,DE242,"Bayreuth, Kreisfreie Stadt",62644
5791,2021,DE243,"Coburg, Kreisfreie Stadt",34274
5792,2021,DE244,"Hof, Kreisfreie Stadt",37130
5793,2021,DE245,"Bamberg, Landkreis",119302
5794,2021,DE246,"Bayreuth, Landkreis",85148
5795,2021,DE247,"Coburg, Landkreis",71398
5796,2021,DE248,Forchheim,94647
5797,2021,DE249,"Hof, Landkreis",78967
5798,2021,DE24A,Kronach,55903
5799,2021,DE24B,Kulmbach,59754
5800,2021,DE24C,Lichtenfels,55278
5801,2021,DE24D,Wunsiedel i. Fichtelgebirge,60193
5802,2021,DE251,"Ansbach, Kreisfreie Stadt",33867
5803,2021,DE252,"Erlangen, Kreisfreie Stadt",92376
5804,2021,DE253,"Fürth, Kreisfreie Stadt",104990
5805,2021,DE254,"Nürnberg, Kreisfreie Stadt",423416
5806,2021,DE255,"Schwabach, Kreisfreie Stadt",33317
5807,2021,DE256,"Ansbach, Landkreis",149686
5808,2021,DE257,Erlangen-Höchstadt,110589
5809,2021,DE258,"Fürth, Landkreis",96682
5810,2021,DE259,Nürnberger Land,139489
5811,2021,DE25A,Neustadt a. d. Aisch-Bad Windsheim,82143
5812,2021,DE25B,Roth,103158
5813,2021,DE25C,Weißenburg-Gunzenhausen,77102
5814,2021,DE261,"Aschaffenburg, Kreisfreie Stadt",58331
5815,2021,DE262,"Schweinfurt, Kreisfreie Stadt",43572
5816,2021,DE263,"Würzburg, Kreisfreie Stadt",108447
5817,2021,DE264,"Aschaffenburg, Landkreis",142728
5818,2021,DE265,Bad Kissingen,85328
5819,2021,DE266,Rhön-Grabfeld,64864
5820,2021,DE267,Haßberge,68797
5821,2021,DE268,Kitzingen,74709
5822,2021,DE269,Miltenberg,104949
5823,2021,DE26A,Main-Spessart,104000
5824,2021,DE26B,"Schweinfurt, Landkreis",94336
5825,2021,DE26C,"Würzburg, Landkreis",132058
5826,2021,DE271,"Augsburg, Kreisfreie Stadt",244783
5827,2021,DE272,"Kaufbeuren, Kreisfreie Stadt",36315
5828,2021,DE273,"Kempten (Allgäu), Kreisfreie Stadt",56773
5829,2021,DE274,"Memmingen, Kreisfreie Stadt",36060
5830,2021,DE275,Aichach-Friedberg,107890
5831,2021,DE276,"Augsburg, Landkreis",205132
5832,2021,DE277,Dillingen a.d. Donau,78310
5833,2021,DE278,Günzburg,102679
5834,2021,DE279,Neu-Ulm,141855
5835,2021,DE27A,Lindau (Bodensee),66994
5836,2021,DE27B,Ostallgäu,113986
5837,2021,DE27C,Unterallgäu,117924
5838,2021,DE27D,Donau-Ries,108436
5839,2021,DE27E,Oberallgäu,127581
5840,2021,DE300,Berlin,2993788
5841,2021,DE401,"Brandenburg an der Havel, Kreisfreie Stadt",60549
5842,2021,DE402,"Cottbus, Kreisfreie Stadt",82686
5843,2021,DE403,"Frankfurt (Oder), Kreisfreie Stadt",47889
5844,2021,DE404,"Potsdam, Kreisfreie Stadt",146545
5845,2021,DE405,Barnim,153493
5846,2021,DE406,Dahme-Spreewald,142311
5847,2021,DE407,Elbe-Elster,85274
5848,2021,DE408,Havelland,133928
5849,2021,DE409,Märkisch-Oderland,162072
5850,2021,DE40A,Oberhavel,174863
5851,2021,DE40B,Oberspreewald-Lausitz,91566
5852,2021,DE40C,Oder-Spree,148659
5853,2021,DE40D,Ostprignitz-Ruppin,82583
5854,2021,DE40E,Potsdam-Mittelmark,176123
5855,2021,DE40F,Prignitz,64367
5856,2021,DE40G,Spree-Neiße,95159
5857,2021,DE40H,Teltow-Fläming,140075
5858,2021,DE40I,Uckermark,99257
5859,2021,DE501,"Bremen, Kreisfreie Stadt",463601
5860,2021,DE502,"Bremerhaven, Kreisfreie Stadt",91106
5861,2021,DE600,Hamburg,1506060
5862,2021,DE711,"Darmstadt, Kreisfreie Stadt",130450
5863,2021,DE712,"Frankfurt am Main, Kreisfreie Stadt",621497
5864,2021,DE713,"Offenbach am Main, Kreisfreie Stadt",103921
5865,2021,DE714,"Wiesbaden, Kreisfreie Stadt",223290
5866,2021,DE715,Bergstraße,221519
5867,2021,DE716,Darmstadt-Dieburg,240449
5868,2021,DE717,Groß-Gerau,220787
5869,2021,DE718,Hochtaunuskreis,189715
5870,2021,DE719,Main-Kinzig-Kreis,342263
5871,2021,DE71A,Main-Taunus-Kreis,190983
5872,2021,DE71B,Odenwaldkreis,79469
5873,2021,DE71C,"Offenbach, Landkreis",286909
5874,2021,DE71D,Rheingau-Taunus-Kreis,153128
5875,2021,DE71E,Wetteraukreis,251406
5876,2021,DE721,"Gießen, Landkreis",222782
5877,2021,DE722,Lahn-Dill-Kreis,206088
5878,2021,DE723,Limburg-Weilburg,140086
5879,2021,DE724,Marburg-Biedenkopf,200932
5880,2021,DE725,Vogelsbergkreis,87545
5881,2021,DE731,"Kassel, Kreisfreie Stadt",164506
5882,2021,DE732,Fulda,180582
5883,2021,DE733,Hersfeld-Rotenburg,98539
5884,2021,DE734,"Kassel, Landkreis",195017
5885,2021,DE735,Schwalm-Eder-Kreis,148092
5886,2021,DE736,Waldeck-Frankenberg,127920
5887,2021,DE737,Werra-Meißner-Kreis,83351
5888,2021,DE803,"Rostock, Kreisfreie Stadt",175591
5889,2021,DE804,"Schwerin, Kreisfreie Stadt",78542
5890,2021,DE80J,Mecklenburgische Seenplatte,214796
5891,2021,DE80K,Landkreis Rostock,177616
5892,2021,DE80L,Vorpommern-Rügen,189074
5893,2021,DE80M,Nordwestmecklenburg,130158
5894,2021,DE80N,Vorpommern-Greifswald,196876
5895,2021,DE80O,Ludwigslust-Parchim,175467
5896,2021,DE911,"Braunschweig, Kreisfreie Stadt",207604
5897,2021,DE912,"Salzgitter, Kreisfreie Stadt",82574
5898,2021,DE913,"Wolfsburg, Kreisfreie Stadt",100532
5899,2021,DE914,Gifhorn,141287
5900,2021,DE916,Goslar,113951
5901,2021,DE917,Helmstedt,75062
5902,2021,DE918,Northeim,109328
5903,2021,DE91A,Peine,108789
5904,2021,DE91B,Wolfenbüttel,98184
5905,2021,DE91C,Göttingen,267828
5906,2021,DE922,Diepholz,177115
5907,2021,DE923,Hameln-Pyrmont,121870
5908,2021,DE925,Hildesheim,226536
5909,2021,DE926,Holzminden,58232
5910,2021,DE927,Nienburg (Weser),98382
5911,2021,DE928,Schaumburg,130372
5912,2021,DE929,Region Hannover,940942
5913,2021,DE931,Celle,144729
5914,2021,DE932,Cuxhaven,162700
5915,2021,DE933,Harburg,206589
5916,2021,DE934,Lüchow-Dannenberg,40180
5917,2021,DE935,"Lüneburg, Landkreis",148801
5918,2021,DE936,Osterholz,92986
5919,2021,DE937,Rotenburg (Wümme),132829
5920,2021,DE938,Heidekreis,114108
5921,2021,DE939,Stade,164627
5922,2021,DE93A,Uelzen,76659
5923,2021,DE93B,Verden,110471
5924,2021,DE941,"Delmenhorst, Kreisfreie Stadt",62046
5925,2021,DE942,"Emden, Kreisfreie Stadt",40531
5926,2021,DE943,"Oldenburg (Oldenburg), Kreisfreie Stadt",140046
5927,2021,DE944,"Osnabrück, Kreisfreie Stadt",136144
5928,2021,DE945,"Wilhelmshaven, Kreisfreie Stadt",62752
5929,2021,DE946,Ammerland,101347
5930,2021,DE947,Aurich,155042
5931,2021,DE948,Cloppenburg,133465
5932,2021,DE949,Emsland,261987
5933,2021,DE94A,Friesland (DE),81424
5934,2021,DE94B,Grafschaft Bentheim,109981
5935,2021,DE94C,Leer,138138
5936,2021,DE94D,"Oldenburg, Landkreis",106168
5937,2021,DE94E,"Osnabrück, Landkreis",287272
5938,2021,DE94F,Vechta,111722
5939,2021,DE94G,Wesermarsch,72404
5940,2021,DE94H,Wittmund,46950
5941,2021,DEA11,"Düsseldorf, Kreisfreie Stadt",510356
5942,2021,DEA12,"Duisburg, Kreisfreie Stadt",399525
5943,2021,DEA13,"Essen, Kreisfreie Stadt",475859
5944,2021,DEA14,"Krefeld, Kreisfreie Stadt",184500
5945,2021,DEA15,"Mönchengladbach, Kreisfreie Stadt",210814
5946,2021,DEA16,"Mülheim an der Ruhr, Kreisfreie Stadt",139828
5947,2021,DEA17,"Oberhausen, Kreisfreie Stadt",171617
5948,2021,DEA18,"Remscheid, Kreisfreie Stadt",90208
5949,2021,DEA19,"Solingen, Kreisfreie Stadt",128756
5950,2021,DEA1A,"Wuppertal, Kreisfreie Stadt",285936
5951,2021,DEA1B,Kleve,255070
5952,2021,DEA1C,Mettmann,393540
5953,2021,DEA1D,Rhein-Kreis Neuss,364756
5954,2021,DEA1E,Viersen,244674
5955,2021,DEA1F,Wesel,378262
5956,2021,DEA22,"Bonn, Kreisfreie Stadt",266379
5957,2021,DEA23,"Köln, Kreisfreie Stadt",889591
5958,2021,DEA24,"Leverkusen, Kreisfreie Stadt",132216
5959,2021,DEA26,Düren,214977
5960,2021,DEA27,Rhein-Erft-Kreis,378335
5961,2021,DEA28,Euskirchen,157921
5962,2021,DEA29,Heinsberg,207859
5963,2021,DEA2A,Oberbergischer Kreis,218193
5964,2021,DEA2B,Rheinisch-Bergischer Kreis,230024
5965,2021,DEA2C,Rhein-Sieg-Kreis,482431
5966,2021,DEA2D,Städteregion Aachen,457301
5967,2021,DEA31,"Bottrop, Kreisfreie Stadt",96515
5968,2021,DEA32,"Gelsenkirchen, Kreisfreie Stadt",206638
5969,2021,DEA33,"Münster, Kreisfreie Stadt",261970
5970,2021,DEA34,Borken,295436
5971,2021,DEA35,Coesfeld,177603
5972,2021,DEA36,Recklinghausen,501095
5973,2021,DEA37,Steinfurt,357537
5974,2021,DEA38,Warendorf,222092
5975,2021,DEA41,"Bielefeld, Kreisfreie Stadt",268747
5976,2021,DEA42,Gütersloh,291339
5977,2021,DEA43,Herford,202383
5978,2021,DEA44,Höxter,113405
5979,2021,DEA45,Lippe,277018
5980,2021,DEA46,Minden-Lübbecke,249215
5981,2021,DEA47,Paderborn,246826
5982,2021,DEA51,"Bochum, Kreisfreie Stadt",303450
5983,2021,DEA52,"Dortmund, Kreisfreie Stadt",478741
5984,2021,DEA53,"Hagen, Kreisfreie Stadt",151052
5985,2021,DEA54,"Hamm, Kreisfreie Stadt",143685
5986,2021,DEA55,"Herne, Kreisfreie Stadt",127687
5987,2021,DEA56,Ennepe-Ruhr-Kreis,266796
5988,2021,DEA57,Hochsauerlandkreis,211300
5989,2021,DEA58,Märkischer Kreis,331503
5990,2021,DEA59,Olpe,107855
5991,2021,DEA5A,Siegen-Wittgenstein,224446
5992,2021,DEA5B,Soest,243826
5993,2021,DEA5C,Unna,321382
5994,2021,DEB11,"Koblenz, Kreisfreie Stadt",94446
5995,2021,DEB12,Ahrweiler,107712
5996,2021,DEB13,Altenkirchen (Westerwald),105062
5997,2021,DEB14,Bad Kreuznach,129675
5998,2021,DEB15,Birkenfeld,66362
5999,2021,DEB17,Mayen-Koblenz,175138
6000,2021,DEB18,Neuwied,148056
6001,2021,DEB1A,Rhein-Lahn-Kreis,100590
6002,2021,DEB1B,Westerwaldkreis,164523
6003,2021,DEB1C,Cochem-Zell,51092
6004,2021,DEB1D,Rhein-Hunsrück-Kreis,84570
6005,2021,DEB21,"Trier, Kreisfreie Stadt",92334
6006,2021,DEB22,Bernkastel-Wittlich,92244
6007,2021,DEB23,Eifelkreis Bitburg-Prüm,81241
6008,2021,DEB24,Vulkaneifel,50201
6009,2021,DEB25,Trier-Saarburg,121987
6010,2021,DEB31,"Frankenthal (Pfalz), Kreisfreie Stadt",39466
6011,2021,DEB32,"Kaiserslautern, Kreisfreie Stadt",82660
6012,2021,DEB33,"Landau in der Pfalz, Kreisfreie Stadt",38603
6013,2021,DEB34,"Ludwigshafen am Rhein, Kreisfreie Stadt",137067
6014,2021,DEB35,"Mainz, Kreisfreie Stadt",180842
6015,2021,DEB36,"Neustadt an der Weinstraße, Kreisfreie Stadt",43749
6016,2021,DEB37,"Pirmasens, Kreisfreie Stadt",33242
6017,2021,DEB38,"Speyer, Kreisfreie Stadt",41623
6018,2021,DEB39,"Worms, Kreisfreie Stadt",67228
6019,2021,DEB3A,"Zweibrücken, Kreisfreie Stadt",28011
6020,2021,DEB3B,Alzey-Worms,105478
6021,2021,DEB3C,Bad Dürkheim,109858
6022,2021,DEB3D,Donnersbergkreis,61476
6023,2021,DEB3E,Germersheim,104348
6024,2021,DEB3F,"Kaiserslautern, Landkreis",85100
6025,2021,DEB3G,Kusel,57824
6026,2021,DEB3H,Südliche Weinstraße,91185
6027,2021,DEB3I,Rhein-Pfalz-Kreis,125646
6028,2021,DEB3J,Mainz-Bingen,170523
6029,2021,DEB3K,Südwestpfalz,79579
6030,2021,DEC01,Regionalverband Saarbrücken,272229
6031,2021,DEC02,Merzig-Wadern,85903
6032,2021,DEC03,Neunkirchen,109532
6033,2021,DEC04,Saarlouis,161032
6034,2021,DEC05,Saarpfalz-Kreis,118399
6035,2021,DEC06,St. Wendel,72798
6036,2021,DED21,"Dresden, Kreisfreie Stadt",450631
6037,2021,DED2C,Bautzen,245049
6038,2021,DED2D,Görlitz,208674
6039,2021,DED2E,Meißen,197327
6040,2021,DED2F,Sächsische Schweiz-Osterzgebirge,199488
6041,2021,DED41,"Chemnitz, Kreisfreie Stadt",202998
6042,2021,DED42,Erzgebirgskreis,275242
6043,2021,DED43,Mittelsachsen,250355
6044,2021,DED44,Vogtlandkreis,188110
6045,2021,DED45,Zwickau,260518
6046,2021,DED51,"Leipzig, Kreisfreie Stadt",489882
6047,2021,DED52,Leipzig,212275
6048,2021,DED53,Nordsachsen,162828
6049,2021,DEE01,"Dessau-Roßlau, Kreisfreie Stadt",67608
6050,2021,DEE02,"Halle (Saale), Kreisfreie Stadt",195089
6051,2021,DEE03,"Magdeburg, Kreisfreie Stadt",195655
6052,2021,DEE04,Altmarkkreis Salzwedel,68483
6053,2021,DEE05,Anhalt-Bitterfeld,132767
6054,2021,DEE06,Jerichower Land,74444
6055,2021,DEE07,Börde,141003
6056,2021,DEE08,Burgenlandkreis,149440
6057,2021,DEE09,Harz,178088
6058,2021,DEE0A,Mansfeld-Südharz,113424
6059,2021,DEE0B,Saalekreis,151992
6060,2021,DEE0C,Salzlandkreis,157713
6061,2021,DEE0D,Stendal,92132
6062,2021,DEE0E,Wittenberg,104760
6063,2021,DEF01,"Flensburg, Kreisfreie Stadt",73755
6064,2021,DEF02,"Kiel, Kreisfreie Stadt",205298
6065,2021,DEF03,"Lübeck, Kreisfreie Stadt",179301
6066,2021,DEF04,"Neumünster, Kreisfreie Stadt",65153
6067,2021,DEF05,Dithmarschen,109607
6068,2021,DEF06,Herzogtum Lauenburg,160485
6069,2021,DEF07,Nordfriesland,137900
6070,2021,DEF08,Ostholstein,168999
6071,2021,DEF09,Pinneberg,256527
6072,2021,DEF0A,Plön,106183
6073,2021,DEF0B,Rendsburg-Eckernförde,222890
6074,2021,DEF0C,Schleswig-Flensburg,164371
6075,2021,DEF0D,Segeberg,225355
6076,2021,DEF0E,Steinburg,107016
6077,2021,DEF0F,Stormarn,197662
6078,2021,DEG01,"Erfurt, Kreisfreie Stadt",175733
6079,2021,DEG02,"Gera, Kreisfreie Stadt",77347
6080,2021,DEG03,"Jena, Kreisfreie Stadt",91210
6081,2021,DEG04,"Suhl, Kreisfreie Stadt (NUTS 2021)",31393
6082,2021,DEG05,"Weimar, Kreisfreie Stadt",53095
6083,2021,DEG06,Eichsfeld,80524
6084,2021,DEG07,Nordhausen,68547
6085,2021,DEG09,Unstrut-Hainich-Kreis,83354
6086,2021,DEG0A,Kyffhäuserkreis,61711
6087,2021,DEG0B,Schmalkalden-Meiningen (NUTS 2021),104056
6088,2021,DEG0C,Gotha,111421
6089,2021,DEG0D,Sömmerda,56973
6090,2021,DEG0E,Hildburghausen,52369
6091,2021,DEG0F,Ilm-Kreis (NUTS 2021),87923
6092,2021,DEG0G,Weimarer Land,66893
6093,2021,DEG0H,Sonneberg (NUTS 2021),48399
6094,2021,DEG0I,Saalfeld-Rudolstadt (NUTS 2021),86255
6095,2021,DEG0J,Saale-Holzland-Kreis,68562
6096,2021,DEG0K,Saale-Orla-Kreis,66528
6097,2021,DEG0L,Greiz,81375
6098,2021,DEG0M,Altenburger Land,74796
6099,2021,DEG0N,"Eisenach, Kreisfreie Stadt (NUTS 2021)",34801
6100,2021,DEG0P,Wartburgkreis (NUTS 2021),98147
6101,2021,DEG0Q,Schmalkalden-Meiningen,104056
6102,2021,DEG0R,Wartburgkreis,132948
6103,2021,DEG0S,"Suhl, Kreisfreie Stadt",31393
6104,2021,DEG0T,Ilm-Kreis,87923
6105,2021,DEG0U,Saalfeld-Rudolstadt,86255
6106,2021,DEG0V,Sonneberg,48399
6107,2021,ES111,A Coruña,941920
6108,2021,ES112,Lugo,282043
6109,2021,ES113,Ourense,264649
6110,2021,ES114,Pontevedra,785973
6111,2021,ES120,Asturias,865241
6112,2021,ES130,Cantabria,482721
6113,2021,ES211,Araba/Álava,269532
6114,2021,ES212,Gipuzkoa,588906
6115,2021,ES213,Bizkaia,953588
6116,2021,ES220,Navarra,526452
6117,2021,ES230,La Rioja,258305
6118,2021,ES241,Huesca,183563
6119,2021,ES242,Teruel,110854
6120,2021,ES243,Zaragoza,790709
6121,2021,ES300,Madrid,5391549
6122,2021,ES411,Ávila,133129
6123,2021,ES412,Burgos,295198
6124,2021,ES413,León,387540
6125,2021,ES414,Palencia,134958
6126,2021,ES415,Salamanca,276911
6127,2021,ES416,Segovia,126490
6128,2021,ES417,Soria,74060
6129,2021,ES418,Valladolid,428855
6130,2021,ES419,Zamora,147270
6131,2021,ES421,Albacete,312733
6132,2021,ES422,Ciudad Real,399878
6133,2021,ES423,Cuenca,162915
6134,2021,ES424,Guadalajara,208793
6135,2021,ES425,Toledo,558528
6136,2021,ES431,Badajoz,542726
6137,2021,ES432,Cáceres,325396
6138,2021,ES511,Barcelona,4575004
6139,2021,ES512,Girona,620072
6140,2021,ES513,Lleida,351816
6141,2021,ES514,Tarragona,653008
6142,2021,ES521,Alicante/Alacant,1522199
6143,2021,ES522,Castellón/Castelló,471901
6144,2021,ES523,Valencia/València,2088758
6145,2021,ES531,Eivissa y Formentera,135963
6146,2021,ES532,Mallorca,737358
6147,2021,ES533,Menorca,78358
6148,2021,ES611,Almería,569514
6149,2021,ES612,Cádiz,988661
6150,2021,ES613,Córdoba,626170
6151,2021,ES614,Granada,739780
6152,2021,ES615,Huelva,419749
6153,2021,ES616,Jaén,508326
6154,2021,ES617,Málaga,1349953
6155,2021,ES618,Sevilla,1530263
6156,2021,ES620,Murcia,1176623
6157,2021,ES630,Ceuta,61909
6158,2021,ES640,Melilla,61098
6159,2021,ES703,El Hierro,9567
6160,2021,ES704,Fuerteventura,95154
6161,2021,ES705,Gran Canaria,706586
6162,2021,ES706,La Gomera,18706
6163,2021,ES707,La Palma,70282
6164,2021,ES708,Lanzarote,124698
6165,2021,ES709,Tenerife,765987
6166,2021,FR101,Paris,1735891
6167,2021,FR102,Seine-et-Marne,1046573
6168,2021,FR103,Yvelines,1070560
6169,2021,FR104,Essonne,961178
6170,2021,FR105,Hauts-de-Seine,1237254
6171,2021,FR106,Seine-Saint-Denis,1189395
6172,2021,FR107,Val-de-Marne,1057618
6173,2021,FR108,Val-d'Oise,901125
6174,2021,FRB01,Cher,235765
6175,2021,FRB02,Eure-et-Loir,323493
6176,2021,FRB03,Indre,174432
6177,2021,FRB04,Indre-et-Loire,472049
6178,2021,FRB05,Loir-et-Cher,255446
6179,2021,FRB06,Loiret,513198
6180,2021,FRC11,Côte-d’Or,415090
6181,2021,FRC12,Nièvre,163790
6182,2021,FRC13,Saône-et-Loire,432249
6183,2021,FRC14,Yonne,257864
6184,2021,FRC21,Doubs,411954
6185,2021,FRC22,Jura,200421
6186,2021,FRC23,Haute-Saône,181611
6187,2021,FRC24,Territoire de Belfort,106421
6188,2021,FRD11,Calvados,538336
6189,2021,FRD12,Manche,388574
6190,2021,FRD13,Orne,217083
6191,2021,FRD21,Eure,447472
6192,2021,FRD22,Seine-Maritime,952434
6193,2021,FRE11,Nord,1935009
6194,2021,FRE12,Pas-de-Calais,1093665
6195,2021,FRE21,Aisne,397457
6196,2021,FRE22,Oise,611996
6197,2021,FRE23,Somme,431369
6198,2021,FRF11,Bas-Rhin,891472
6199,2021,FRF12,Haut-Rhin,591405
6200,2021,FRF21,Ardennes,206778
6201,2021,FRF22,Aube,235763
6202,2021,FRF23,Marne,431055
6203,2021,FRF24,Haute-Marne,134897
6204,2021,FRF31,Meurthe-et-Moselle,562802
6205,2021,FRF32,Meuse,141859
6206,2021,FRF33,Moselle,816670
6207,2021,FRF34,Vosges,282928
6208,2021,FRG01,Loire-Atlantique,1094781
6209,2021,FRG02,Maine-et-Loire,617559
6210,2021,FRG03,Mayenne,230281
6211,2021,FRG04,Sarthe,429910
6212,2021,FRG05,Vendée,541417
6213,2021,FRH01,Côtes-d’Armor,472288
6214,2021,FRH02,Finistère,719456
6215,2021,FRH03,Ille-et-Vilaine,823800
6216,2021,FRH04,Morbihan,600788
6217,2021,FRI11,Dordogne,335874
6218,2021,FRI12,Gironde,1276515
6219,2021,FRI13,Landes,335119
6220,2021,FRI14,Lot-et-Garonne,260701
6221,2021,FRI15,Pyrénées-Atlantiques,548782
6222,2021,FRI21,Corrèze,192812
6223,2021,FRI22,Creuse,94862
6224,2021,FRI23,Haute-Vienne,293414
6225,2021,FRI31,Charente,277989
6226,2021,FRI32,Charente-Maritime,529878
6227,2021,FRI33,Deux-Sèvres,289886
6228,2021,FRI34,Vienne,337846
6229,2021,FRJ11,Aude,296881
6230,2021,FRJ12,Gard,584444
6231,2021,FRJ13,Hérault,931470
6232,2021,FRJ14,Lozère,60661
6233,2021,FRJ15,Pyrénées-Orientales,382566
6234,2021,FRJ21,Ariège,122827
6235,2021,FRJ22,Aveyron,223666
6236,2021,FRJ23,Haute-Garonne,1096701
6237,2021,FRJ24,Gers,154039
6238,2021,FRJ25,Lot,142307
6239,2021,FRJ26,Hautes-Pyrénées,185358
6240,2021,FRJ27,Tarn,308155
6241,2021,FRJ28,Tarn-et-Garonne,200198
6242,2021,FRK11,Allier,267034
6243,2021,FRK12,Cantal,117180
6244,2021,FRK13,Haute-Loire,177202
6245,2021,FRK14,Puy-de-Dôme,513607
6246,2021,FRK21,Ain,493236
6247,2021,FRK22,Ardèche,259340
6248,2021,FRK23,Drôme,396300
6249,2021,FRK24,Isère,961669
6250,2021,FRK25,Loire,582981
6251,2021,FRK26,Rhône,1418295
6252,2021,FRK27,Savoie,340953
6253,2021,FRK28,Haute-Savoie,636310
6254,2021,FRL01,Alpes-de-Haute-Provence,131683
6255,2021,FRL02,Hautes-Alpes,111852
6256,2021,FRL03,Alpes-Maritimes,872339
6257,2021,FRL04,Bouches-du-Rhône,1580347
6258,2021,FRL05,Var,872386
6259,2021,FRL06,Vaucluse,432508
6260,2021,FRM01,Corse-du-Sud,130091
6261,2021,FRM02,Haute-Corse,147041
6262,2021,FRY10,Guadeloupe,313612
6263,2021,FRY20,Martinique,283081
6264,2021,FRY30,Guyane,168251
6265,2021,FRY40,La Réunion,613172
6266,2021,FRY50,Mayotte,133635
6267,2021,HU110,Budapest,1395090
6268,2021,HU120,Pest,1013387
6269,2021,HU211,Fejér,337190
6270,2021,HU212,Komárom-Esztergom,243470
6271,2021,HU213,Veszprém,278387
6272,2021,HU221,Győr-Moson-Sopron,375399
6273,2021,HU222,Vas,204127
6274,2021,HU223,Zala,218220
6275,2021,HU231,Baranya,292721
6276,2021,HU232,Somogy,244430
6277,2021,HU233,Tolna,172394
6278,2021,HU311,Borsod-Abaúj-Zemplén,499298
6279,2021,HU312,Heves,233501
6280,2021,HU313,Nógrád,149866
6281,2021,HU321,Hajdú-Bihar,414317
6282,2021,HU322,Jász-Nagykun-Szolnok,290274
6283,2021,HU323,Szabolcs-Szatmár-Bereg,420450
6284,2021,HU331,Bács-Kiskun,401094
6285,2021,HU332,Békés,264391
6286,2021,HU333,Csongrád-Csanád,321440
6287,2021,ITC11,Torino,1847346
6288,2021,ITC12,Vercelli,140808
6289,2021,ITC13,Biella,145588
6290,2021,ITC14,Verbano-Cusio-Ossola,131354
6291,2021,ITC15,Novara,300335
6292,2021,ITC16,Cuneo,478408
6293,2021,ITC17,Asti,175023
6294,2021,ITC18,Alessandria,347813
6295,2021,ITC20,Valle d’Aosta/Vallée d’Aoste,102525
6296,2021,ITC31,Imperia,177379
6297,2021,ITC32,Savona,229528
6298,2021,ITC33,Genova,698273
6299,2021,ITC34,La Spezia,182735
6300,2021,ITC41,Varese,723213
6301,2021,ITC42,Como,490242
6302,2021,ITC43,Lecco,273741
6303,2021,ITC44,Sondrio,147591
6304,2021,ITC46,Bergamo,892043
6305,2021,ITC47,Brescia,1020387
6306,2021,ITC48,Pavia,447508
6307,2021,ITC49,Lodi,185424
6308,2021,ITC4A,Cremona,291899
6309,2021,ITC4B,Mantova,334951
6310,2021,ITC4C,Milano,2664048
6311,2021,ITC4D,Monza e della Brianza,709617
6312,2021,ITF11,L’Aquila,244277
6313,2021,ITF12,Teramo,250325
6314,2021,ITF13,Pescara,258738
6315,2021,ITF14,Chieti,313230
6316,2021,ITF21,Isernia,69004
6317,2021,ITF22,Campobasso,179458
6318,2021,ITF31,Caserta,715935
6319,2021,ITF32,Benevento,221409
6320,2021,ITF33,Napoli,2355705
6321,2021,ITF34,Avellino,334360
6322,2021,ITF35,Salerno,869607
6323,2021,ITF43,Taranto,461613
6324,2021,ITF44,Brindisi,316519
6325,2021,ITF45,Lecce,644644
6326,2021,ITF46,Foggia,488568
6327,2021,ITF47,Bari,1008549
6328,2021,ITF48,Barletta-Andria-Trani,307396
6329,2021,ITF51,Potenza,295449
6330,2021,ITF52,Matera,159535
6331,2021,ITF61,Cosenza,558234
6332,2021,ITF62,Crotone,131140
6333,2021,ITF63,Catanzaro,283388
6334,2021,ITF64,Vibo Valentia,124158
6335,2021,ITF65,Reggio Calabria,424381
6336,2021,ITG11,Trapani,343107
6337,2021,ITG12,Palermo,970603
6338,2021,ITG13,Messina,501108
6339,2021,ITG14,Agrigento,339380
6340,2021,ITG15,Caltanissetta,205463
6341,2021,ITG16,Enna,130193
6342,2021,ITG17,Catania,860140
6343,2021,ITG18,Ragusa,253697
6344,2021,ITG19,Siracusa,314598
6345,2021,ITG2D,Sassari,401240
6346,2021,ITG2E,Nuoro,169227
6347,2021,ITG2F,Cagliari,356828
6348,2021,ITG2G,Oristano,131167
6349,2021,ITG2H,Sud Sardegna,289997
6350,2021,ITH10,Bolzano-Bozen,423275
6351,2021,ITH20,Trento,438969
6352,2021,ITH31,Verona,757898
6353,2021,ITH32,Vicenza,698681
6354,2021,ITH33,Belluno,168210
6355,2021,ITH34,Treviso,717686
6356,2021,ITH35,Venezia,703676
6357,2021,ITH36,Padova,770500
6358,2021,ITH37,Rovigo,196928
6359,2021,ITH41,Pordenone,255847
6360,2021,ITH42,Udine,438863
6361,2021,ITH43,Gorizia,116870
6362,2021,ITH44,Trieste,196417
6363,2021,ITH51,Piacenza,235725
6364,2021,ITH52,Parma,370877
6365,2021,ITH53,Reggio nell’Emilia,427773
6366,2021,ITH54,Modena,576219
6367,2021,ITH55,Bologna,844626
6368,2021,ITH56,Ferrara,292093
6369,2021,ITH57,Ravenna,321791
6370,2021,ITH58,Forlì-Cesena,324369
6371,2021,ITH59,Rimini,278062
6372,2021,ITI11,Massa-Carrara,161445
6373,2021,ITI12,Lucca,322162
6374,2021,ITI13,Pistoia,241751
6375,2021,ITI14,Firenze,830400
6376,2021,ITI15,Prato,216988
6377,2021,ITI16,Livorno,276981
6378,2021,ITI17,Pisa,346782
6379,2021,ITI18,Arezzo,281057
6380,2021,ITI19,Siena,220531
6381,2021,ITI1A,Grosseto,184913
6382,2021,ITI21,Perugia,535800
6383,2021,ITI22,Terni,185909
6384,2021,ITI31,Pesaro e Urbino,292068
6385,2021,ITI32,Ancona,385578
6386,2021,ITI33,Macerata,255447
6387,2021,ITI34,Ascoli Piceno,170857
6388,2021,ITI35,Fermo,141966
6389,2021,ITI41,Viterbo,259075
6390,2021,ITI42,Rieti,128236
6391,2021,ITI43,Roma,3472871
6392,2021,ITI44,Latina,463417
6393,2021,ITI45,Frosinone,392917
6394,2021,PL213,Miasto Kraków,653600
6395,2021,PL214,Krakowski,570049
6396,2021,PL217,Tarnowski,338065
6397,2021,PL218,Nowosądecki,386695
6398,2021,PL219,Nowotarski,248047
6399,2021,PL21A,Oświęcimski,419609
6400,2021,PL224,Częstochowski,399059
6401,2021,PL225,Bielski,513405
6402,2021,PL227,Rybnicki,474954
6403,2021,PL228,Bytomski,331565
6404,2021,PL229,Gliwicki,355606
6405,2021,PL22A,Katowicki,571819
6406,2021,PL22B,Sosnowiecki,538312
6407,2021,PL22C,Tyski,304012
6408,2021,PL411,Pilski,305201
6409,2021,PL414,Koniński,496409
6410,2021,PL415,Miasto Poznań,451420
6411,2021,PL416,Kaliski,511883
6412,2021,PL417,Leszczyński,422496
6413,2021,PL418,Poznański,530360
6414,2021,PL424,Miasto Szczecin,325865
6415,2021,PL426,Koszaliński,274306
6416,2021,PL427,Szczecinecko-pyrzycki,312305
6417,2021,PL428,Szczeciński,393314
6418,2021,PL431,Gorzowski,294051
6419,2021,PL432,Zielonogórski,479283
6420,2021,PL514,Miasto Wrocław,558537
6421,2021,PL515,Jeleniogórski,428814
6422,2021,PL516,Legnicko-głogowski,341433
6423,2021,PL517,Wałbrzyski,495457
6424,2021,PL518,Wrocławski,480821
6425,2021,PL523,Nyski,279044
6426,2021,PL524,Opolski,463088
6427,2021,PL613,Bydgosko-toruński,605856
6428,2021,PL616,Grudziądzki,288911
6429,2021,PL617,Inowrocławski,271136
6430,2021,PL618,Świecki,137542
6431,2021,PL619,Włocławski,269805
6432,2021,PL621,Elbląski,386542
6433,2021,PL622,Olsztyński,458617
6434,2021,PL623,Ełcki,207533
6435,2021,PL633,Trójmiejski,617172
6436,2021,PL634,Gdański,455323
6437,2021,PL636,Słupski,249312
6438,2021,PL637,Chojnicki,164951
6439,2021,PL638,Starogardzki,315452
6440,2021,PL711,Miasto Łódź,562144
6441,2021,PL712,Łódzki,310909
6442,2021,PL713,Piotrkowski,441666
6443,2021,PL714,Sieradzki,339920
6444,2021,PL715,Skierniewicki,277925
6445,2021,PL721,Kielecki,576057
6446,2021,PL722,Sandomiersko-jędrzejowski,360644
6447,2021,PL811,Bialski,221381
6448,2021,PL812,Chełmsko-zamojski,460818
6449,2021,PL814,Lubelski,549024
6450,2021,PL815,Puławski,353267
6451,2021,PL821,Krośnieński,351637
6452,2021,PL822,Przemyski,283811
6453,2021,PL823,Rzeszowski,479466
6454,2021,PL824,Tarnobrzeski,446953
6455,2021,PL841,Białostocki,390831
6456,2021,PL842,Łomżyński,288484
6457,2021,PL843,Suwalski,197491
6458,2021,PL911,Miasto Warszawa,1516189
6459,2021,PL912,Warszawski wschodni,515743
6460,2021,PL913,Warszawski zachodni,537363
6461,2021,PL921,Radomski,455375
6462,2021,PL922,Ciechanowski,257739
6463,2021,PL923,Płocki,249136
6464,2021,PL924,Ostrołęcki,284969
6465,2021,PL925,Siedlecki,313567
6466,2021,PL926,Żyrardowski,203047
6467,2021,RO111,Bihor,436635
6468,2021,RO112,Bistriţa-Năsăud,209583
6469,2021,RO113,Cluj,576737
6470,2021,RO114,Maramureş,356796
6471,2021,RO115,Satu Mare,254508
6472,2021,RO116,Sălaj,161784
6473,2021,RO121,Alba,256508
6474,2021,RO122,Braşov,431443
6475,2021,RO123,Covasna,154173
6476,2021,RO124,Harghita,232747
6477,2021,RO125,Mureş,411178
6478,2021,RO126,Sibiu,311136
6479,2021,RO211,Bacău,438583
6480,2021,RO212,Botoşani,284086
6481,2021,RO213,Iaşi,598723
6482,2021,RO214,Neamţ,335468
6483,2021,RO215,Suceava,462373
6484,2021,RO216,Vaslui,271313
6485,2021,RO221,Brăila,226792
6486,2021,RO222,Buzău,322342
6487,2021,RO223,Constanţa,523989
6488,2021,RO224,Galaţi,390135
6489,2021,RO225,Tulcea,149816
6490,2021,RO226,Vrancea,243474
6491,2021,RO311,Argeş,458218
6492,2021,RO312,Călăraşi,216208
6493,2021,RO313,Dâmboviţa,385795
6494,2021,RO314,Giurgiu,208676
6495,2021,RO315,Ialomiţa,193595
6496,2021,RO316,Prahova,566516
6497,2021,RO317,Teleorman,264662
6498,2021,RO321,Bucureşti,1472623
6499,2021,RO322,Ilfov,392713
6500,2021,RO411,Dolj,493993
6501,2021,RO412,Gorj,250307
6502,2021,RO413,Mehedinţi,192143
6503,2021,RO414,Olt,314360
6504,2021,RO415,Vâlcea,283232
6505,2021,RO421,Arad,327948
6506,2021,RO422,Caraş-Severin,214932
6507,2021,RO423,Hunedoara,302730
6508,2021,RO424,Timiş,568801
6509,2022,DE111,"Stuttgart, Stadtkreis",518081
6510,2022,DE112,Böblingen,314016
6511,2022,DE113,Esslingen,432015
6512,2022,DE114,Göppingen,209391
6513,2022,DE115,Ludwigsburg,437218
6514,2022,DE116,Rems-Murr-Kreis,344686
6515,2022,DE117,"Heilbronn, Stadtkreis",100538
6516,2022,DE118,"Heilbronn, Landkreis",278899
6517,2022,DE119,Hohenlohekreis,91157
6518,2022,DE11A,Schwäbisch Hall,159353
6519,2022,DE11B,Main-Tauber-Kreis,108450
6520,2022,DE11C,Heidenheim,107246
6521,2022,DE11D,Ostalbkreis,254042
6522,2022,DE121,"Baden-Baden, Stadtkreis",46258
6523,2022,DE122,"Karlsruhe, Stadtkreis",256206
6524,2022,DE123,"Karlsruhe, Landkreis",364348
6525,2022,DE124,Rastatt,189404
6526,2022,DE125,"Heidelberg, Stadtkreis",131600
6527,2022,DE126,"Mannheim, Stadtkreis",256555
6528,2022,DE127,Neckar-Odenwald-Kreis,117019
6529,2022,DE128,Rhein-Neckar-Kreis,445115
6530,2022,DE129,"Pforzheim, Stadtkreis",99807
6531,2022,DE12A,Calw,129353
6532,2022,DE12B,Enzkreis,161265
6533,2022,DE12C,Freudenstadt,96213
6534,2022,DE131,"Freiburg im Breisgau, Stadtkreis",189701
6535,2022,DE132,Breisgau-Hochschwarzwald,213966
6536,2022,DE133,Emmendingen,135207
6537,2022,DE134,Ortenaukreis,349986
6538,2022,DE135,Rottweil,112534
6539,2022,DE136,Schwarzwald-Baar-Kreis,172564
6540,2022,DE137,Tuttlingen,112606
6541,2022,DE138,Konstanz,234075
6542,2022,DE139,Lörrach,184187
6543,2022,DE13A,Waldshut,137424
6544,2022,DE141,Reutlingen,231685
6545,2022,DE142,"Tübingen, Landkreis",185588
6546,2022,DE143,Zollernalbkreis,155011
6547,2022,DE144,"Ulm, Stadtkreis",103677
6548,2022,DE145,Alb-Donau-Kreis,158634
6549,2022,DE146,Biberach,160931
6550,2022,DE147,Bodenseekreis,177864
6551,2022,DE148,Ravensburg,230299
6552,2022,DE149,Sigmaringen,106053
6553,2022,DE211,"Ingolstadt, Kreisfreie Stadt",111348
6554,2022,DE212,"München, Kreisfreie Stadt",1221387
6555,2022,DE213,"Rosenheim, Kreisfreie Stadt",51739
6556,2022,DE214,Altötting,90546
6557,2022,DE215,Berchtesgadener Land,87779
6558,2022,DE216,Bad Tölz-Wolfratshausen,103292
6559,2022,DE217,Dachau,124547
6560,2022,DE218,Ebersberg,114497
6561,2022,DE219,Eichstätt,105344
6562,2022,DE21A,Erding,111591
6563,2022,DE21B,Freising,145526
6564,2022,DE21C,Fürstenfeldbruck,175568
6565,2022,DE21D,Garmisch-Partenkirchen,73175
6566,2022,DE21E,Landsberg am Lech,97552
6567,2022,DE21F,Miesbach,81439
6568,2022,DE21G,Mühldorf a. Inn,94897
6569,2022,DE21H,"München, Landkreis",278804
6570,2022,DE21I,Neuburg-Schrobenhausen,78698
6571,2022,DE21J,Pfaffenhofen a. d. Ilm,103964
6572,2022,DE21K,"Rosenheim, Landkreis",212959
6573,2022,DE21L,Starnberg,109476
6574,2022,DE21M,Traunstein,145669
6575,2022,DE21N,Weilheim-Schongau,109992
6576,2022,DE221,"Landshut, Kreisfreie Stadt",60151
6577,2022,DE222,"Passau, Kreisfreie Stadt",44833
6578,2022,DE223,"Straubing, Kreisfreie Stadt",39907
6579,2022,DE224,Deggendorf,98983
6580,2022,DE225,Freyung-Grafenau,65138
6581,2022,DE226,Kelheim,99191
6582,2022,DE227,"Landshut, Landkreis",129779
6583,2022,DE228,"Passau, Landkreis",159560
6584,2022,DE229,Regen,63711
6585,2022,DE22A,Rottal-Inn,99885
6586,2022,DE22B,Straubing-Bogen,82546
6587,2022,DE22C,Dingolfing-Landau,79650
6588,2022,DE231,"Amberg, Kreisfreie Stadt",34817
6589,2022,DE232,"Regensburg, Kreisfreie Stadt",128252
6590,2022,DE233,"Weiden i. d. Opf, Kreisfreie Stadt",35327
6591,2022,DE234,Amberg-Sulzbach,84440
6592,2022,DE235,Cham,105522
6593,2022,DE236,Neumarkt i. d. OPf.,109928
6594,2022,DE237,Neustadt a. d. Waldnaab,77162
6595,2022,DE238,"Regensburg, Landkreis",157038
6596,2022,DE239,Schwandorf,122035
6597,2022,DE23A,Tirschenreuth,59265
6598,2022,DE241,"Bamberg, Kreisfreie Stadt",64783
6599,2022,DE242,"Bayreuth, Kreisfreie Stadt",62429
6600,2022,DE243,"Coburg, Kreisfreie Stadt",34265
6601,2022,DE244,"Hof, Kreisfreie Stadt",37115
6602,2022,DE245,"Bamberg, Landkreis",119403
6603,2022,DE246,"Bayreuth, Landkreis",85023
6604,2022,DE247,"Coburg, Landkreis",71427
6605,2022,DE248,Forchheim,94722
6606,2022,DE249,"Hof, Landkreis",78441
6607,2022,DE24A,Kronach,55761
6608,2022,DE24B,Kulmbach,59672
6609,2022,DE24C,Lichtenfels,55264
6610,2022,DE24D,Wunsiedel i. Fichtelgebirge,59764
6611,2022,DE251,"Ansbach, Kreisfreie Stadt",33829
6612,2022,DE252,"Erlangen, Kreisfreie Stadt",93243
6613,2022,DE253,"Fürth, Kreisfreie Stadt",105567
6614,2022,DE254,"Nürnberg, Kreisfreie Stadt",418337
6615,2022,DE255,"Schwabach, Kreisfreie Stadt",33346
6616,2022,DE256,"Ansbach, Landkreis",150308
6617,2022,DE257,Erlangen-Höchstadt,111406
6618,2022,DE258,"Fürth, Landkreis",97140
6619,2022,DE259,Nürnberger Land,139656
6620,2022,DE25A,Neustadt a. d. Aisch-Bad Windsheim,82625
6621,2022,DE25B,Roth,103440
6622,2022,DE25C,Weißenburg-Gunzenhausen,77356
6623,2022,DE261,"Aschaffenburg, Kreisfreie Stadt",58672
6624,2022,DE262,"Schweinfurt, Kreisfreie Stadt",43705
6625,2022,DE263,"Würzburg, Kreisfreie Stadt",108222
6626,2022,DE264,"Aschaffenburg, Landkreis",142856
6627,2022,DE265,Bad Kissingen,85529
6628,2022,DE266,Rhön-Grabfeld,64759
6629,2022,DE267,Haßberge,68735
6630,2022,DE268,Kitzingen,74822
6631,2022,DE269,Miltenberg,104997
6632,2022,DE26A,Main-Spessart,104024
6633,2022,DE26B,"Schweinfurt, Landkreis",94474
6634,2022,DE26C,"Würzburg, Landkreis",132543
6635,2022,DE271,"Augsburg, Kreisfreie Stadt",244745
6636,2022,DE272,"Kaufbeuren, Kreisfreie Stadt",36614
6637,2022,DE273,"Kempten (Allgäu), Kreisfreie Stadt",56840
6638,2022,DE274,"Memmingen, Kreisfreie Stadt",36262
6639,2022,DE275,Aichach-Friedberg,108121
6640,2022,DE276,"Augsburg, Landkreis",206259
6641,2022,DE277,Dillingen a.d. Donau,78791
6642,2022,DE278,Günzburg,103409
6643,2022,DE279,Neu-Ulm,142920
6644,2022,DE27A,Lindau (Bodensee),67254
6645,2022,DE27B,Ostallgäu,114985
6646,2022,DE27C,Unterallgäu,119234
6647,2022,DE27D,Donau-Ries,108895
6648,2022,DE27E,Oberallgäu,128178
6649,2022,DE300,Berlin,2999272
6650,2022,DE401,"Brandenburg an der Havel, Kreisfreie Stadt",60744
6651,2022,DE402,"Cottbus, Kreisfreie Stadt",82171
6652,2022,DE403,"Frankfurt (Oder), Kreisfreie Stadt",47513
6653,2022,DE404,"Potsdam, Kreisfreie Stadt",147213
6654,2022,DE405,Barnim,154215
6655,2022,DE406,Dahme-Spreewald,143973
6656,2022,DE407,Elbe-Elster,84318
6657,2022,DE408,Havelland,134654
6658,2022,DE409,Märkisch-Oderland,162324
6659,2022,DE40A,Oberhavel,175860
6660,2022,DE40B,Oberspreewald-Lausitz,90655
6661,2022,DE40C,Oder-Spree,148295
6662,2022,DE40D,Ostprignitz-Ruppin,82384
6663,2022,DE40E,Potsdam-Mittelmark,177205
6664,2022,DE40F,Prignitz,63789
6665,2022,DE40G,Spree-Neiße,94137
6666,2022,DE40H,Teltow-Fläming,140540
6667,2022,DE40I,Uckermark,98386
6668,2022,DE501,"Bremen, Kreisfreie Stadt",459443
6669,2022,DE502,"Bremerhaven, Kreisfreie Stadt",90529
6670,2022,DE600,Hamburg,1504987
6671,2022,DE711,"Darmstadt, Kreisfreie Stadt",130531
6672,2022,DE712,"Frankfurt am Main, Kreisfreie Stadt",616299
6673,2022,DE713,"Offenbach am Main, Kreisfreie Stadt",104135
6674,2022,DE714,"Wiesbaden, Kreisfreie Stadt",223306
6675,2022,DE715,Bergstraße,221084
6676,2022,DE716,Darmstadt-Dieburg,239412
6677,2022,DE717,Groß-Gerau,220593
6678,2022,DE718,Hochtaunuskreis,189257
6679,2022,DE719,Main-Kinzig-Kreis,342867
6680,2022,DE71A,Main-Taunus-Kreis,190627
6681,2022,DE71B,Odenwaldkreis,79616
6682,2022,DE71C,"Offenbach, Landkreis",287024
6683,2022,DE71D,Rheingau-Taunus-Kreis,152950
6684,2022,DE71E,Wetteraukreis,252274
6685,2022,DE721,"Gießen, Landkreis",223168
6686,2022,DE722,Lahn-Dill-Kreis,205816
6687,2022,DE723,Limburg-Weilburg,140449
6688,2022,DE724,Marburg-Biedenkopf,201000
6689,2022,DE725,Vogelsbergkreis,87582
6690,2022,DE731,"Kassel, Kreisfreie Stadt",163652
6691,2022,DE732,Fulda,180987
6692,2022,DE733,Hersfeld-Rotenburg,98328
6693,2022,DE734,"Kassel, Landkreis",195068
6694,2022,DE735,Schwalm-Eder-Kreis,148072
6695,2022,DE736,Waldeck-Frankenberg,127964
6696,2022,DE737,Werra-Meißner-Kreis,82914
6697,2022,DE803,"Rostock, Kreisfreie Stadt",174790
6698,2022,DE804,"Schwerin, Kreisfreie Stadt",78605
6699,2022,DE80J,Mecklenburgische Seenplatte,214201
6700,2022,DE80K,Landkreis Rostock,177820
6701,2022,DE80L,Vorpommern-Rügen,189517
6702,2022,DE80M,Nordwestmecklenburg,130539
6703,2022,DE80N,Vorpommern-Greifswald,196485
6704,2022,DE80O,Ludwigslust-Parchim,175244
6705,2022,DE911,"Braunschweig, Kreisfreie Stadt",207541
6706,2022,DE912,"Salzgitter, Kreisfreie Stadt",82253
6707,2022,DE913,"Wolfsburg, Kreisfreie Stadt",100365
6708,2022,DE914,Gifhorn,141475
6709,2022,DE916,Goslar,113470
6710,2022,DE917,Helmstedt,74758
6711,2022,DE918,Northeim,109128
6712,2022,DE91A,Peine,109309
6713,2022,DE91B,Wolfenbüttel,98003
6714,2022,DE91C,Göttingen,267276
6715,2022,DE922,Diepholz,177575
6716,2022,DE923,Hameln-Pyrmont,121854
6717,2022,DE925,Hildesheim,225693
6718,2022,DE926,Holzminden,57900
6719,2022,DE927,Nienburg (Weser),98431
6720,2022,DE928,Schaumburg,130013
6721,2022,DE929,Region Hannover,941785
6722,2022,DE931,Celle,145050
6723,2022,DE932,Cuxhaven,163161
6724,2022,DE933,Harburg,207339
6725,2022,DE934,Lüchow-Dannenberg,40143
6726,2022,DE935,"Lüneburg, Landkreis",149668
6727,2022,DE936,Osterholz,93235
6728,2022,DE937,Rotenburg (Wümme),133500
6729,2022,DE938,Heidekreis,115475
6730,2022,DE939,Stade,165418
6731,2022,DE93A,Uelzen,76916
6732,2022,DE93B,Verden,111160
6733,2022,DE941,"Delmenhorst, Kreisfreie Stadt",61942
6734,2022,DE942,"Emden, Kreisfreie Stadt",40269
6735,2022,DE943,"Oldenburg (Oldenburg), Kreisfreie Stadt",140680
6736,2022,DE944,"Osnabrück, Kreisfreie Stadt",136521
6737,2022,DE945,"Wilhelmshaven, Kreisfreie Stadt",62489
6738,2022,DE946,Ammerland,102023
6739,2022,DE947,Aurich,155408
6740,2022,DE948,Cloppenburg,134762
6741,2022,DE949,Emsland,264031
6742,2022,DE94A,Friesland (DE),81549
6743,2022,DE94B,Grafschaft Bentheim,110653
6744,2022,DE94C,Leer,138964
6745,2022,DE94D,"Oldenburg, Landkreis",106699
6746,2022,DE94E,"Osnabrück, Landkreis",288807
6747,2022,DE94F,Vechta,112722
6748,2022,DE94G,Wesermarsch,72389
6749,2022,DE94H,Wittmund,47142
6750,2022,DEA11,"Düsseldorf, Kreisfreie Stadt",509087
6751,2022,DEA12,"Duisburg, Kreisfreie Stadt",397834
6752,2022,DEA13,"Essen, Kreisfreie Stadt",472278
6753,2022,DEA14,"Krefeld, Kreisfreie Stadt",184546
6754,2022,DEA15,"Mönchengladbach, Kreisfreie Stadt",211296
6755,2022,DEA16,"Mülheim an der Ruhr, Kreisfreie Stadt",139417
6756,2022,DEA17,"Oberhausen, Kreisfreie Stadt",170445
6757,2022,DEA18,"Remscheid, Kreisfreie Stadt",90313
6758,2022,DEA19,"Solingen, Kreisfreie Stadt",128469
6759,2022,DEA1A,"Wuppertal, Kreisfreie Stadt",285045
6760,2022,DEA1B,Kleve,255928
6761,2022,DEA1C,Mettmann,392978
6762,2022,DEA1D,Rhein-Kreis Neuss,364379
6763,2022,DEA1E,Viersen,244854
6764,2022,DEA1F,Wesel,378110
6765,2022,DEA22,"Bonn, Kreisfreie Stadt",267747
6766,2022,DEA23,"Köln, Kreisfreie Stadt",879511
6767,2022,DEA24,"Leverkusen, Kreisfreie Stadt",132021
6768,2022,DEA26,Düren,216072
6769,2022,DEA27,Rhein-Erft-Kreis,379557
6770,2022,DEA28,Euskirchen,157869
6771,2022,DEA29,Heinsberg,209164
6772,2022,DEA2A,Oberbergischer Kreis,218052
6773,2022,DEA2B,Rheinisch-Bergischer Kreis,230098
6774,2022,DEA2C,Rhein-Sieg-Kreis,482820
6775,2022,DEA2D,Städteregion Aachen,457106
6776,2022,DEA31,"Bottrop, Kreisfreie Stadt",96286
6777,2022,DEA32,"Gelsenkirchen, Kreisfreie Stadt",206549
6778,2022,DEA33,"Münster, Kreisfreie Stadt",263168
6779,2022,DEA34,Borken,296867
6780,2022,DEA35,Coesfeld,178235
6781,2022,DEA36,Recklinghausen,499408
6782,2022,DEA37,Steinfurt,359217
6783,2022,DEA38,Warendorf,222713
6784,2022,DEA41,"Bielefeld, Kreisfreie Stadt",268812
6785,2022,DEA42,Gütersloh,292324
6786,2022,DEA43,Herford,202108
6787,2022,DEA44,Höxter,113506
6788,2022,DEA45,Lippe,276173
6789,2022,DEA46,Minden-Lübbecke,249769
6790,2022,DEA47,Paderborn,247722
6791,2022,DEA51,"Bochum, Kreisfreie Stadt",302380
6792,2022,DEA52,"Dortmund, Kreisfreie Stadt",476669
6793,2022,DEA53,"Hagen, Kreisfreie Stadt",150713
6794,2022,DEA54,"Hamm, Kreisfreie Stadt",143793
6795,2022,DEA55,"Herne, Kreisfreie Stadt",127237
6796,2022,DEA56,Ennepe-Ruhr-Kreis,265685
6797,2022,DEA57,Hochsauerlandkreis,211028
6798,2022,DEA58,Märkischer Kreis,329963
6799,2022,DEA59,Olpe,107739
6800,2022,DEA5A,Siegen-Wittgenstein,223269
6801,2022,DEA5B,Soest,244611
6802,2022,DEA5C,Unna,320500
6803,2022,DEB11,"Koblenz, Kreisfreie Stadt",94553
6804,2022,DEB12,Ahrweiler,105626
6805,2022,DEB13,Altenkirchen (Westerwald),105051
6806,2022,DEB14,Bad Kreuznach,129990
6807,2022,DEB15,Birkenfeld,66325
6808,2022,DEB17,Mayen-Koblenz,175691
6809,2022,DEB18,Neuwied,148844
6810,2022,DEB1A,Rhein-Lahn-Kreis,100623
6811,2022,DEB1B,Westerwaldkreis,165122
6812,2022,DEB1C,Cochem-Zell,51216
6813,2022,DEB1D,Rhein-Hunsrück-Kreis,84836
6814,2022,DEB21,"Trier, Kreisfreie Stadt",92270
6815,2022,DEB22,Bernkastel-Wittlich,92485
6816,2022,DEB23,Eifelkreis Bitburg-Prüm,81861
6817,2022,DEB24,Vulkaneifel,50500
6818,2022,DEB25,Trier-Saarburg,122514
6819,2022,DEB31,"Frankenthal (Pfalz), Kreisfreie Stadt",39440
6820,2022,DEB32,"Kaiserslautern, Kreisfreie Stadt",82230
6821,2022,DEB33,"Landau in der Pfalz, Kreisfreie Stadt",38833
6822,2022,DEB34,"Ludwigshafen am Rhein, Kreisfreie Stadt",136306
6823,2022,DEB35,"Mainz, Kreisfreie Stadt",180946
6824,2022,DEB36,"Neustadt an der Weinstraße, Kreisfreie Stadt",43818
6825,2022,DEB37,"Pirmasens, Kreisfreie Stadt",33101
6826,2022,DEB38,"Speyer, Kreisfreie Stadt",41466
6827,2022,DEB39,"Worms, Kreisfreie Stadt",67393
6828,2022,DEB3A,"Zweibrücken, Kreisfreie Stadt",28165
6829,2022,DEB3B,Alzey-Worms,105902
6830,2022,DEB3C,Bad Dürkheim,109825
6831,2022,DEB3D,Donnersbergkreis,61398
6832,2022,DEB3E,Germersheim,104532
6833,2022,DEB3F,"Kaiserslautern, Landkreis",85208
6834,2022,DEB3G,Kusel,57649
6835,2022,DEB3H,Südliche Weinstraße,91471
6836,2022,DEB3I,Rhein-Pfalz-Kreis,125627
6837,2022,DEB3J,Mainz-Bingen,171179
6838,2022,DEB3K,Südwestpfalz,79368
6839,2022,DEC01,Regionalverband Saarbrücken,271666
6840,2022,DEC02,Merzig-Wadern,85800
6841,2022,DEC03,Neunkirchen,108950
6842,2022,DEC04,Saarlouis,160860
6843,2022,DEC05,Saarpfalz-Kreis,117628
6844,2022,DEC06,St. Wendel,72437
6845,2022,DED21,"Dresden, Kreisfreie Stadt",449510
6846,2022,DED2C,Bautzen,243131
6847,2022,DED2D,Görlitz,206475
6848,2022,DED2E,Meißen,196212
6849,2022,DED2F,Sächsische Schweiz-Osterzgebirge,198475
6850,2022,DED41,"Chemnitz, Kreisfreie Stadt",201403
6851,2022,DED42,Erzgebirgskreis,272117
6852,2022,DED43,Mittelsachsen,248084
6853,2022,DED44,Vogtlandkreis,185743
6854,2022,DED45,Zwickau,258081
6855,2022,DED51,"Leipzig, Kreisfreie Stadt",493041
6856,2022,DED52,Leipzig,211509
6857,2022,DED53,Nordsachsen,162475
6858,2022,DEE01,"Dessau-Roßlau, Kreisfreie Stadt",66908
6859,2022,DEE02,"Halle (Saale), Kreisfreie Stadt",195085
6860,2022,DEE03,"Magdeburg, Kreisfreie Stadt",195909
6861,2022,DEE04,Altmarkkreis Salzwedel,67855
6862,2022,DEE05,Anhalt-Bitterfeld,131388
6863,2022,DEE06,Jerichower Land,74112
6864,2022,DEE07,Börde,140215
6865,2022,DEE08,Burgenlandkreis,147948
6866,2022,DEE09,Harz,176335
6867,2022,DEE0A,Mansfeld-Südharz,111985
6868,2022,DEE0B,Saalekreis,151055
6869,2022,DEE0C,Salzlandkreis,155733
6870,2022,DEE0D,Stendal,91433
6871,2022,DEE0E,Wittenberg,103828
6872,2022,DEF01,"Flensburg, Kreisfreie Stadt",74764
6873,2022,DEF02,"Kiel, Kreisfreie Stadt",204968
6874,2022,DEF03,"Lübeck, Kreisfreie Stadt",179732
6875,2022,DEF04,"Neumünster, Kreisfreie Stadt",64853
6876,2022,DEF05,Dithmarschen,110341
6877,2022,DEF06,Herzogtum Lauenburg,161810
6878,2022,DEF07,Nordfriesland,138311
6879,2022,DEF08,Ostholstein,169629
6880,2022,DEF09,Pinneberg,257296
6881,2022,DEF0A,Plön,106538
6882,2022,DEF0B,Rendsburg-Eckernförde,224014
6883,2022,DEF0C,Schleswig-Flensburg,165288
6884,2022,DEF0D,Segeberg,227210
6885,2022,DEF0E,Steinburg,107163
6886,2022,DEF0F,Stormarn,197793
6887,2022,DEG01,"Erfurt, Kreisfreie Stadt",175267
6888,2022,DEG02,"Gera, Kreisfreie Stadt",76646
6889,2022,DEG03,"Jena, Kreisfreie Stadt",91104
6890,2022,DEG04,"Suhl, Kreisfreie Stadt (NUTS 2021)",31004
6891,2022,DEG05,"Weimar, Kreisfreie Stadt",53226
6892,2022,DEG06,Eichsfeld,80372
6893,2022,DEG07,Nordhausen,67885
6894,2022,DEG09,Unstrut-Hainich-Kreis,82860
6895,2022,DEG0A,Kyffhäuserkreis,61117
6896,2022,DEG0B,Schmalkalden-Meiningen (NUTS 2021),103188
6897,2022,DEG0C,Gotha,110790
6898,2022,DEG0D,Sömmerda,56580
6899,2022,DEG0E,Hildburghausen,51713
6900,2022,DEG0F,Ilm-Kreis (NUTS 2021),87668
6901,2022,DEG0G,Weimarer Land,66615
6902,2022,DEG0H,Sonneberg (NUTS 2021),47920
6903,2022,DEG0I,Saalfeld-Rudolstadt (NUTS 2021),85192
6904,2022,DEG0J,Saale-Holzland-Kreis,68318
6905,2022,DEG0K,Saale-Orla-Kreis,65895
6906,2022,DEG0L,Greiz,80702
6907,2022,DEG0M,Altenburger Land,74183
6908,2022,DEG0N,"Eisenach, Kreisfreie Stadt (NUTS 2021)",34677
6909,2022,DEG0P,Wartburgkreis (NUTS 2021),97357
6910,2022,DEG0Q,Schmalkalden-Meiningen,103188
6911,2022,DEG0R,Wartburgkreis,132034
6912,2022,DEG0S,"Suhl, Kreisfreie Stadt",31004
6913,2022,DEG0T,Ilm-Kreis,87668
6914,2022,DEG0U,Saalfeld-Rudolstadt,85192
6915,2022,DEG0V,Sonneberg,47920
6916,2022,ES111,A Coruña,941843
6917,2022,ES112,Lugo,280412
6918,2022,ES113,Ourense,263920
6919,2022,ES114,Pontevedra,786921
6920,2022,ES120,Asturias,860225
6921,2022,ES130,Cantabria,484360
6922,2022,ES211,Araba/Álava,270327
6923,2022,ES212,Gipuzkoa,588311
6924,2022,ES213,Bizkaia,951201
6925,2022,ES220,Navarra,529477
6926,2022,ES230,La Rioja,258663
6927,2022,ES241,Huesca,184798
6928,2022,ES242,Teruel,110798
6929,2022,ES243,Zaragoza,787637
6930,2022,ES300,Madrid,5418514
6931,2022,ES411,Ávila,133683
6932,2022,ES412,Burgos,294778
6933,2022,ES413,León,385303
6934,2022,ES414,Palencia,134127
6935,2022,ES415,Salamanca,276105
6936,2022,ES416,Segovia,126918
6937,2022,ES417,Soria,73789
6938,2022,ES418,Valladolid,428451
6939,2022,ES419,Zamora,146379
6940,2022,ES421,Albacete,312865
6941,2022,ES422,Ciudad Real,399118
6942,2022,ES423,Cuenca,163285
6943,2022,ES424,Guadalajara,211319
6944,2022,ES425,Toledo,564097
6945,2022,ES431,Badajoz,541645
6946,2022,ES432,Cáceres,324722
6947,2022,ES511,Barcelona,4581527
6948,2022,ES512,Girona,625733
6949,2022,ES513,Lleida,353527
6950,2022,ES514,Tarragona,659943
6951,2022,ES521,Alicante/Alacant,1543727
6952,2022,ES522,Castellón/Castelló,475710
6953,2022,ES523,Valencia/València,2106213
6954,2022,ES531,Eivissa y Formentera,137103
6955,2022,ES532,Mallorca,739774
6956,2022,ES533,Menorca,78957
6957,2022,ES611,Almería,577788
6958,2022,ES612,Cádiz,993028
6959,2022,ES613,Córdoba,625853
6960,2022,ES614,Granada,742460
6961,2022,ES615,Huelva,424209
6962,2022,ES616,Jaén,506911
6963,2022,ES617,Málaga,1368377
6964,2022,ES618,Sevilla,1534032
6965,2022,ES620,Murcia,1187908
6966,2022,ES630,Ceuta,61519
6967,2022,ES640,Melilla,60640
6968,2022,ES703,El Hierro,9706
6969,2022,ES704,Fuerteventura,95795
6970,2022,ES705,Gran Canaria,712013
6971,2022,ES706,La Gomera,18825
6972,2022,ES707,La Palma,70782
6973,2022,ES708,Lanzarote,125074
6974,2022,ES709,Tenerife,772651
6975,2022,FR101,Paris,1727273
6976,2022,FR102,Seine-et-Marne,1059978
6977,2022,FR103,Yvelines,1083555
6978,2022,FR104,Essonne,970628
6979,2022,FR105,Hauts-de-Seine,1252513
6980,2022,FR106,Seine-Saint-Denis,1207105
6981,2022,FR107,Val-de-Marne,1065660
6982,2022,FR108,Val-d'Oise,914615
6983,2022,FRB01,Cher,236061
6984,2022,FRB02,Eure-et-Loir,325957
6985,2022,FRB03,Indre,174168
6986,2022,FRB04,Indre-et-Loire,475309
6987,2022,FRB05,Loir-et-Cher,257057
6988,2022,FRB06,Loiret,516035
6989,2022,FRC11,Côte-d’Or,417491
6990,2022,FRC12,Nièvre,163570
6991,2022,FRC13,Saône-et-Loire,433421
6992,2022,FRC14,Yonne,259662
6993,2022,FRC21,Doubs,414247
6994,2022,FRC22,Jura,201219
6995,2022,FRC23,Haute-Saône,181877
6996,2022,FRC24,Territoire de Belfort,106961
6997,2022,FRD11,Calvados,543389
6998,2022,FRD12,Manche,390980
6999,2022,FRD13,Orne,217080
7000,2022,FRD21,Eure,451155
7001,2022,FRD22,Seine-Maritime,958307
7002,2022,FRE11,Nord,1947963
7003,2022,FRE12,Pas-de-Calais,1096504
7004,2022,FRE21,Aisne,397337
7005,2022,FRE22,Oise,614536
7006,2022,FRE23,Somme,432360
7007,2022,FRF11,Bas-Rhin,895571
7008,2022,FRF12,Haut-Rhin,594551
7009,2022,FRF21,Ardennes,205602
7010,2022,FRF22,Aube,236563
7011,2022,FRF23,Marne,431659
7012,2022,FRF24,Haute-Marne,134590
7013,2022,FRF31,Meurthe-et-Moselle,562575
7014,2022,FRF32,Meuse,141125
7015,2022,FRF33,Moselle,818898
7016,2022,FRF34,Vosges,282800
7017,2022,FRG01,Loire-Atlantique,1110713
7018,2022,FRG02,Maine-et-Loire,621046
7019,2022,FRG03,Mayenne,231473
7020,2022,FRG04,Sarthe,431525
7021,2022,FRG05,Vendée,549262
7022,2022,FRH01,Côtes-d’Armor,476762
7023,2022,FRH02,Finistère,727052
7024,2022,FRH03,Ille-et-Vilaine,833951
7025,2022,FRH04,Morbihan,609693
7026,2022,FRI11,Dordogne,338785
7027,2022,FRI12,Gironde,1294909
7028,2022,FRI13,Landes,341290
7029,2022,FRI14,Lot-et-Garonne,262294
7030,2022,FRI15,Pyrénées-Atlantiques,556027
7031,2022,FRI21,Corrèze,193980
7032,2022,FRI22,Creuse,94907
7033,2022,FRI23,Haute-Vienne,294522
7034,2022,FRI31,Charente,279954
7035,2022,FRI32,Charente-Maritime,537354
7036,2022,FRI33,Deux-Sèvres,290933
7037,2022,FRI34,Vienne,337824
7038,2022,FRJ11,Aude,299655
7039,2022,FRJ12,Gard,592189
7040,2022,FRJ13,Hérault,944200
7041,2022,FRJ14,Lozère,60691
7042,2022,FRJ15,Pyrénées-Orientales,387518
7043,2022,FRJ21,Ariège,123908
7044,2022,FRJ22,Aveyron,224075
7045,2022,FRJ23,Haute-Garonne,1111418
7046,2022,FRJ24,Gers,154634
7047,2022,FRJ25,Lot,143570
7048,2022,FRJ26,Hautes-Pyrénées,186268
7049,2022,FRJ27,Tarn,311415
7050,2022,FRJ28,Tarn-et-Garonne,201745
7051,2022,FRK11,Allier,267536
7052,2022,FRK12,Cantal,117429
7053,2022,FRK13,Haute-Loire,178414
7054,2022,FRK14,Puy-de-Dôme,517322
7055,2022,FRK21,Ain,500206
7056,2022,FRK22,Ardèche,261438
7057,2022,FRK23,Drôme,398822
7058,2022,FRK24,Isère,972153
7059,2022,FRK25,Loire,586028
7060,2022,FRK26,Rhône,1431682
7061,2022,FRK27,Savoie,344115
7062,2022,FRK28,Haute-Savoie,644039
7063,2022,FRL01,Alpes-de-Haute-Provence,132906
7064,2022,FRL02,Hautes-Alpes,113052
7065,2022,FRL03,Alpes-Maritimes,882492
7066,2022,FRL04,Bouches-du-Rhône,1594802
7067,2022,FRL05,Var,884661
7068,2022,FRL06,Vaucluse,437656
7069,2022,FRM01,Corse-du-Sud,132207
7070,2022,FRM02,Haute-Corse,148527
7071,2022,FRY10,Guadeloupe,315963
7072,2022,FRY20,Martinique,284330
7073,2022,FRY30,Guyane,170296
7074,2022,FRY40,La Réunion,624650
7075,2022,FRY50,Mayotte,138580
7076,2022,HU110,Budapest,1381270
7077,2022,HU120,Pest,1023980
7078,2022,HU211,Fejér,336343
7079,2022,HU212,Komárom-Esztergom,242194
7080,2022,HU213,Veszprém,276495
7081,2022,HU221,Győr-Moson-Sopron,375588
7082,2022,HU222,Vas,203945
7083,2022,HU223,Zala,217638
7084,2022,HU231,Baranya,290686
7085,2022,HU232,Somogy,242525
7086,2022,HU233,Tolna,170460
7087,2022,HU311,Borsod-Abaúj-Zemplén,494068
7088,2022,HU312,Heves,231715
7089,2022,HU313,Nógrád,148017
7090,2022,HU321,Hajdú-Bihar,412292
7091,2022,HU322,Jász-Nagykun-Szolnok,287521
7092,2022,HU323,Szabolcs-Szatmár-Bereg,415409
7093,2022,HU331,Bács-Kiskun,398879
7094,2022,HU332,Békés,261352
7095,2022,HU333,Csongrád-Csanád,319302
7096,2022,ITC11,Torino,1841190
7097,2022,ITC12,Vercelli,140437
7098,2022,ITC13,Biella,145350
7099,2022,ITC14,Verbano-Cusio-Ossola,131105
7100,2022,ITC15,Novara,299870
7101,2022,ITC16,Cuneo,477744
7102,2022,ITC17,Asti,174367
7103,2022,ITC18,Alessandria,346459
7104,2022,ITC20,Valle d’Aosta/Vallée d’Aoste,102166
7105,2022,ITC31,Imperia,177117
7106,2022,ITC32,Savona,228391
7107,2022,ITC33,Genova,693998
7108,2022,ITC34,La Spezia,182212
7109,2022,ITC41,Varese,722086
7110,2022,ITC42,Como,490375
7111,2022,ITC43,Lecco,273644
7112,2022,ITC44,Sondrio,147944
7113,2022,ITC46,Bergamo,894505
7114,2022,ITC47,Brescia,1020282
7115,2022,ITC48,Pavia,446972
7116,2022,ITC49,Lodi,185645
7117,2022,ITC4A,Cremona,291859
7118,2022,ITC4B,Mantova,333933
7119,2022,ITC4C,Milano,2643187
7120,2022,ITC4D,Monza e della Brianza,711261
7121,2022,ITF11,L’Aquila,243095
7122,2022,ITF12,Teramo,249451
7123,2022,ITF13,Pescara,258959
7124,2022,ITF14,Chieti,312624
7125,2022,ITF21,Isernia,68407
7126,2022,ITF22,Campobasso,178755
7127,2022,ITF31,Caserta,721904
7128,2022,ITF32,Benevento,220709
7129,2022,ITF33,Napoli,2369945
7130,2022,ITF34,Avellino,334248
7131,2022,ITF35,Salerno,871215
7132,2022,ITF43,Taranto,461635
7133,2022,ITF44,Brindisi,317097
7134,2022,ITF45,Lecce,646274
7135,2022,ITF46,Foggia,487898
7136,2022,ITF47,Bari,1009168
7137,2022,ITF48,Barletta-Andria-Trani,308397
7138,2022,ITF51,Potenza,294003
7139,2022,ITF52,Matera,159031
7140,2022,ITF61,Cosenza,558190
7141,2022,ITF62,Crotone,131115
7142,2022,ITF63,Catanzaro,283583
7143,2022,ITF64,Vibo Valentia,124166
7144,2022,ITF65,Reggio Calabria,424343
7145,2022,ITG11,Trapani,343234
7146,2022,ITG12,Palermo,973842
7147,2022,ITG13,Messina,501746
7148,2022,ITG14,Agrigento,340334
7149,2022,ITG15,Caltanissetta,204699
7150,2022,ITG16,Enna,129882
7151,2022,ITG17,Catania,865262
7152,2022,ITG18,Ragusa,255282
7153,2022,ITG19,Siracusa,315226
7154,2022,ITG2D,Sassari,402453
7155,2022,ITG2E,Nuoro,168893
7156,2022,ITG2F,Cagliari,358307
7157,2022,ITG2G,Oristano,130871
7158,2022,ITG2H,Sud Sardegna,289856
7159,2022,ITH10,Bolzano-Bozen,420895
7160,2022,ITH20,Trento,438759
7161,2022,ITH31,Verona,755484
7162,2022,ITH32,Vicenza,698139
7163,2022,ITH33,Belluno,167710
7164,2022,ITH34,Treviso,717097
7165,2022,ITH35,Venezia,699183
7166,2022,ITH36,Padova,768759
7167,2022,ITH37,Rovigo,195477
7168,2022,ITH41,Pordenone,255139
7169,2022,ITH42,Udine,437477
7170,2022,ITH43,Gorizia,115924
7171,2022,ITH44,Trieste,194843
7172,2022,ITH51,Piacenza,235583
7173,2022,ITH52,Parma,370085
7174,2022,ITH53,Reggio nell’Emilia,427551
7175,2022,ITH54,Modena,575445
7176,2022,ITH55,Bologna,841435
7177,2022,ITH56,Ferrara,289854
7178,2022,ITH57,Ravenna,321333
7179,2022,ITH58,Forlì-Cesena,323772
7180,2022,ITH59,Rimini,279757
7181,2022,ITI11,Massa-Carrara,160589
7182,2022,ITI12,Lucca,321554
7183,2022,ITI13,Pistoia,241492
7184,2022,ITI14,Firenze,822021
7185,2022,ITI15,Prato,211011
7186,2022,ITI16,Livorno,275947
7187,2022,ITI17,Pisa,346333
7188,2022,ITI18,Arezzo,280091
7189,2022,ITI19,Siena,218397
7190,2022,ITI1A,Grosseto,184393
7191,2022,ITI21,Perugia,532361
7192,2022,ITI22,Terni,184700
7193,2022,ITI31,Pesaro e Urbino,289880
7194,2022,ITI32,Ancona,383830
7195,2022,ITI33,Macerata,253644
7196,2022,ITI34,Ascoli Piceno,170257
7197,2022,ITI35,Fermo,141080
7198,2022,ITI41,Viterbo,259508
7199,2022,ITI42,Rieti,128267
7200,2022,ITI43,Roma,3465333
7201,2022,ITI44,Latina,465541
7202,2022,ITI45,Frosinone,392093
7203,2022,PL213,Miasto Kraków,653488
7204,2022,PL214,Krakowski,572957
7205,2022,PL217,Tarnowski,335992
7206,2022,PL218,Nowosądecki,386471
7207,2022,PL219,Nowotarski,246711
7208,2022,PL21A,Oświęcimski,416529
7209,2022,PL224,Częstochowski,394791
7210,2022,PL225,Bielski,510678
7211,2022,PL227,Rybnicki,470731
7212,2022,PL228,Bytomski,328805
7213,2022,PL229,Gliwicki,351658
7214,2022,PL22A,Katowicki,565391
7215,2022,PL22B,Sosnowiecki,531273
7216,2022,PL22C,Tyski,302922
7217,2022,PL411,Pilski,303350
7218,2022,PL414,Koniński,493926
7219,2022,PL415,Miasto Poznań,449459
7220,2022,PL416,Kaliski,509282
7221,2022,PL417,Leszczyński,420853
7222,2022,PL418,Poznański,535158
7223,2022,PL424,Miasto Szczecin,322516
7224,2022,PL426,Koszaliński,272074
7225,2022,PL427,Szczecinecko-pyrzycki,309356
7226,2022,PL428,Szczeciński,392222
7227,2022,PL431,Gorzowski,291500
7228,2022,PL432,Zielonogórski,475865
7229,2022,PL514,Miasto Wrocław,557588
7230,2022,PL515,Jeleniogórski,424309
7231,2022,PL516,Legnicko-głogowski,339115
7232,2022,PL517,Wałbrzyski,489300
7233,2022,PL518,Wrocławski,483062
7234,2022,PL523,Nyski,276221
7235,2022,PL524,Opolski,459078
7236,2022,PL613,Bydgosko-toruński,602673
7237,2022,PL616,Grudziądzki,286564
7238,2022,PL617,Inowrocławski,268867
7239,2022,PL618,Świecki,136680
7240,2022,PL619,Włocławski,267164
7241,2022,PL621,Elbląski,383447
7242,2022,PL622,Olsztyński,455573
7243,2022,PL623,Ełcki,205930
7244,2022,PL633,Trójmiejski,614227
7245,2022,PL634,Gdański,460150
7246,2022,PL636,Słupski,247863
7247,2022,PL637,Chojnicki,164472
7248,2022,PL638,Starogardzki,314005
7249,2022,PL711,Miasto Łódź,554167
7250,2022,PL712,Łódzki,309651
7251,2022,PL713,Piotrkowski,437641
7252,2022,PL714,Sieradzki,337375
7253,2022,PL715,Skierniewicki,274733
7254,2022,PL721,Kielecki,570433
7255,2022,PL722,Sandomiersko-jędrzejowski,357140
7256,2022,PL811,Bialski,219229
7257,2022,PL812,Chełmsko-zamojski,455202
7258,2022,PL814,Lubelski,546214
7259,2022,PL815,Puławski,349503
7260,2022,PL821,Krośnieński,349122
7261,2022,PL822,Przemyski,281636
7262,2022,PL823,Rzeszowski,479574
7263,2022,PL824,Tarnobrzeski,443624
7264,2022,PL841,Białostocki,389018
7265,2022,PL842,Łomżyński,284986
7266,2022,PL843,Suwalski,195533
7267,2022,PL911,Miasto Warszawa,1514287
7268,2022,PL912,Warszawski wschodni,518903
7269,2022,PL913,Warszawski zachodni,541613
7270,2022,PL921,Radomski,451422
7271,2022,PL922,Ciechanowski,255782
7272,2022,PL923,Płocki,247088
7273,2022,PL924,Ostrołęcki,283002
7274,2022,PL925,Siedlecki,311025
7275,2022,PL926,Żyrardowski,201847
7276,2022,RO111,Bihor,428331
7277,2022,RO112,Bistriţa-Năsăud,224779
7278,2022,RO113,Cluj,545597
7279,2022,RO114,Maramureş,352256
7280,2022,RO115,Satu Mare,254578
7281,2022,RO116,Sălaj,163425
7282,2022,RO121,Alba,259986
7283,2022,RO122,Braşov,424083
7284,2022,RO123,Covasna,153727
7285,2022,RO124,Harghita,225214
7286,2022,RO125,Mureş,401175
7287,2022,RO126,Sibiu,300172
7288,2022,RO211,Bacău,456332
7289,2022,RO212,Botoşani,300112
7290,2022,RO213,Iaşi,559551
7291,2022,RO214,Neamţ,350974
7292,2022,RO215,Suceava,473275
7293,2022,RO216,Vaslui,276865
7294,2022,RO221,Brăila,226620
7295,2022,RO222,Buzău,322127
7296,2022,RO223,Constanţa,510234
7297,2022,RO224,Galaţi,388881
7298,2022,RO225,Tulcea,152286
7299,2022,RO226,Vrancea,259083
7300,2022,RO311,Argeş,455904
7301,2022,RO312,Călăraşi,218518
7302,2022,RO313,Dâmboviţa,377414
7303,2022,RO314,Giurgiu,206773
7304,2022,RO315,Ialomiţa,191227
7305,2022,RO316,Prahova,556506
7306,2022,RO317,Teleorman,263007
7307,2022,RO321,Bucureşti,1383753
7308,2022,RO322,Ilfov,418122
7309,2022,RO411,Dolj,475037
7310,2022,RO412,Gorj,252964
7311,2022,RO413,Mehedinţi,187265
7312,2022,RO414,Olt,310472
7313,2022,RO415,Vâlcea,276170
7314,2022,RO421,Arad,323339
7315,2022,RO422,Caraş-Severin,198176
7316,2022,RO423,Hunedoara,294386
7317,2022,RO424,Timiş,515120
7318,2023,DE111,"Stuttgart, Stadtkreis",502820
7319,2023,DE112,Böblingen,312313
7320,2023,DE113,Esslingen,431025
7321,2023,DE114,Göppingen,207337
7322,2023,DE115,Ludwigsburg,426192
7323,2023,DE116,Rems-Murr-Kreis,352967
7324,2023,DE117,"Heilbronn, Stadtkreis",104010
7325,2023,DE118,"Heilbronn, Landkreis",280869
7326,2023,DE119,Hohenlohekreis,91825
7327,2023,DE11A,Schwäbisch Hall,158481
7328,2023,DE11B,Main-Tauber-Kreis,108191
7329,2023,DE11C,Heidenheim,108574
7330,2023,DE11D,Ostalbkreis,254565
7331,2023,DE121,"Baden-Baden, Stadtkreis",46678
7332,2023,DE122,"Karlsruhe, Stadtkreis",255189
7333,2023,DE123,"Karlsruhe, Landkreis",367480
7334,2023,DE124,Rastatt,187486
7335,2023,DE125,"Heidelberg, Stadtkreis",127183
7336,2023,DE126,"Mannheim, Stadtkreis",258994
7337,2023,DE127,Neckar-Odenwald-Kreis,117752
7338,2023,DE128,Rhein-Neckar-Kreis,449814
7339,2023,DE129,"Pforzheim, Stadtkreis",106206
7340,2023,DE12A,Calw,128612
7341,2023,DE12B,Enzkreis,159603
7342,2023,DE12C,Freudenstadt,97755
7343,2023,DE131,"Freiburg im Breisgau, Stadtkreis",191387
7344,2023,DE132,Breisgau-Hochschwarzwald,216396
7345,2023,DE133,Emmendingen,134730
7346,2023,DE134,Ortenaukreis,354275
7347,2023,DE135,Rottweil,111663
7348,2023,DE136,Schwarzwald-Baar-Kreis,170836
7349,2023,DE137,Tuttlingen,113221
7350,2023,DE138,Konstanz,234898
7351,2023,DE139,Lörrach,187810
7352,2023,DE13A,Waldshut,135722
7353,2023,DE141,Reutlingen,233738
7354,2023,DE142,"Tübingen, Landkreis",185917
7355,2023,DE143,Zollernalbkreis,155978
7356,2023,DE144,"Ulm, Stadtkreis",104107
7357,2023,DE145,Alb-Donau-Kreis,158623
7358,2023,DE146,Biberach,162134
7359,2023,DE147,Bodenseekreis,178039
7360,2023,DE148,Ravensburg,230004
7361,2023,DE149,Sigmaringen,106573
7362,2023,DE211,"Ingolstadt, Kreisfreie Stadt",111231
7363,2023,DE212,"München, Kreisfreie Stadt",1226988
7364,2023,DE213,"Rosenheim, Kreisfreie Stadt",51759
7365,2023,DE214,Altötting,90549
7366,2023,DE215,Berchtesgadener Land,85418
7367,2023,DE216,Bad Tölz-Wolfratshausen,103946
7368,2023,DE217,Dachau,120953
7369,2023,DE218,Ebersberg,112355
7370,2023,DE219,Eichstätt,105312
7371,2023,DE21A,Erding,110845
7372,2023,DE21B,Freising,145858
7373,2023,DE21C,Fürstenfeldbruck,172573
7374,2023,DE21D,Garmisch-Partenkirchen,73886
7375,2023,DE21E,Landsberg am Lech,95850
7376,2023,DE21F,Miesbach,78373
7377,2023,DE21G,Mühldorf a. Inn,96892
7378,2023,DE21H,"München, Landkreis",278977
7379,2023,DE21I,Neuburg-Schrobenhausen,77898
7380,2023,DE21J,Pfaffenhofen a. d. Ilm,102599
7381,2023,DE21K,"Rosenheim, Landkreis",205541
7382,2023,DE21L,Starnberg,110811
7383,2023,DE21M,Traunstein,139020
7384,2023,DE21N,Weilheim-Schongau,109835
7385,2023,DE221,"Landshut, Kreisfreie Stadt",56071
7386,2023,DE222,"Passau, Kreisfreie Stadt",44079
7387,2023,DE223,"Straubing, Kreisfreie Stadt",39141
7388,2023,DE224,Deggendorf,98416
7389,2023,DE225,Freyung-Grafenau,64725
7390,2023,DE226,Kelheim,99544
7391,2023,DE227,"Landshut, Landkreis",127782
7392,2023,DE228,"Passau, Landkreis",158405
7393,2023,DE229,Regen,63743
7394,2023,DE22A,Rottal-Inn,97391
7395,2023,DE22B,Straubing-Bogen,82726
7396,2023,DE22C,Dingolfing-Landau,80756
7397,2023,DE231,"Amberg, Kreisfreie Stadt",34770
7398,2023,DE232,"Regensburg, Kreisfreie Stadt",123190
7399,2023,DE233,"Weiden i. d. Opf, Kreisfreie Stadt",35073
7400,2023,DE234,Amberg-Sulzbach,84742
7401,2023,DE235,Cham,104441
7402,2023,DE236,Neumarkt i. d. OPf.,110341
7403,2023,DE237,Neustadt a. d. Waldnaab,78138
7404,2023,DE238,"Regensburg, Landkreis",153818
7405,2023,DE239,Schwandorf,120595
7406,2023,DE23A,Tirschenreuth,59933
7407,2023,DE241,"Bamberg, Kreisfreie Stadt",61897
7408,2023,DE242,"Bayreuth, Kreisfreie Stadt",61150
7409,2023,DE243,"Coburg, Kreisfreie Stadt",33941
7410,2023,DE244,"Hof, Kreisfreie Stadt",37817
7411,2023,DE245,"Bamberg, Landkreis",118761
7412,2023,DE246,"Bayreuth, Landkreis",84383
7413,2023,DE247,"Coburg, Landkreis",69419
7414,2023,DE248,Forchheim,93423
7415,2023,DE249,"Hof, Landkreis",77306
7416,2023,DE24A,Kronach,54765
7417,2023,DE24B,Kulmbach,59733
7418,2023,DE24C,Lichtenfels,55675
7419,2023,DE24D,Wunsiedel i. Fichtelgebirge,59068
7420,2023,DE251,"Ansbach, Kreisfreie Stadt",32211
7421,2023,DE252,"Erlangen, Kreisfreie Stadt",93525
7422,2023,DE253,"Fürth, Kreisfreie Stadt",107302
7423,2023,DE254,"Nürnberg, Kreisfreie Stadt",429987
7424,2023,DE255,"Schwabach, Kreisfreie Stadt",33080
7425,2023,DE256,"Ansbach, Landkreis",149841
7426,2023,DE257,Erlangen-Höchstadt,109992
7427,2023,DE258,"Fürth, Landkreis",95483
7428,2023,DE259,Nürnberger Land,137300
7429,2023,DE25A,Neustadt a. d. Aisch-Bad Windsheim,81407
7430,2023,DE25B,Roth,103289
7431,2023,DE25C,Weißenburg-Gunzenhausen,76255
7432,2023,DE261,"Aschaffenburg, Kreisfreie Stadt",59153
7433,2023,DE262,"Schweinfurt, Kreisfreie Stadt",43603
7434,2023,DE263,"Würzburg, Kreisfreie Stadt",111616
7435,2023,DE264,"Aschaffenburg, Landkreis",138841
7436,2023,DE265,Bad Kissingen,84876
7437,2023,DE266,Rhön-Grabfeld,64310
7438,2023,DE267,Haßberge,67705
7439,2023,DE268,Kitzingen,73270
7440,2023,DE269,Miltenberg,102850
7441,2023,DE26A,Main-Spessart,103023
7442,2023,DE26B,"Schweinfurt, Landkreis",93138
7443,2023,DE26C,"Würzburg, Landkreis",129371
7444,2023,DE271,"Augsburg, Kreisfreie Stadt",243714
7445,2023,DE272,"Kaufbeuren, Kreisfreie Stadt",36773
7446,2023,DE273,"Kempten (Allgäu), Kreisfreie Stadt",53496
7447,2023,DE274,"Memmingen, Kreisfreie Stadt",35247
7448,2023,DE275,Aichach-Friedberg,107620
7449,2023,DE276,"Augsburg, Landkreis",206876
7450,2023,DE277,Dillingen a.d. Donau,78145
7451,2023,DE278,Günzburg,102966
7452,2023,DE279,Neu-Ulm,145416
7453,2023,DE27A,Lindau (Bodensee),66620
7454,2023,DE27B,Ostallgäu,112130
7455,2023,DE27C,Unterallgäu,115219
7456,2023,DE27D,Donau-Ries,107755
7457,2023,DE27E,Oberallgäu,123973
7458,2023,DE300,Berlin,2965723
7459,2023,DE401,"Brandenburg an der Havel, Kreisfreie Stadt",61470
7460,2023,DE402,"Cottbus, Kreisfreie Stadt",78068
7461,2023,DE403,"Frankfurt (Oder), Kreisfreie Stadt",47116
7462,2023,DE404,"Potsdam, Kreisfreie Stadt",146953
7463,2023,DE405,Barnim,156369
7464,2023,DE406,Dahme-Spreewald,144163
7465,2023,DE407,Elbe-Elster,83479
7466,2023,DE408,Havelland,136667
7467,2023,DE409,Märkisch-Oderland,161086
7468,2023,DE40A,Oberhavel,177184
7469,2023,DE40B,Oberspreewald-Lausitz,91565
7470,2023,DE40C,Oder-Spree,148701
7471,2023,DE40D,Ostprignitz-Ruppin,82639
7472,2023,DE40E,Potsdam-Mittelmark,176965
7473,2023,DE40F,Prignitz,64164
7474,2023,DE40G,Spree-Neiße,93174
7475,2023,DE40H,Teltow-Fläming,142674
7476,2023,DE40I,Uckermark,98772
7477,2023,DE501,"Bremen, Kreisfreie Stadt",467383
7478,2023,DE502,"Bremerhaven, Kreisfreie Stadt",94763
7479,2023,DE600,Hamburg,1485923
7480,2023,DE711,"Darmstadt, Kreisfreie Stadt",132832
7481,2023,DE712,"Frankfurt am Main, Kreisfreie Stadt",606979
7482,2023,DE713,"Offenbach am Main, Kreisfreie Stadt",104550
7483,2023,DE714,"Wiesbaden, Kreisfreie Stadt",229958
7484,2023,DE715,Bergstraße,222242
7485,2023,DE716,Darmstadt-Dieburg,242859
7486,2023,DE717,Groß-Gerau,212178
7487,2023,DE718,Hochtaunuskreis,190847
7488,2023,DE719,Main-Kinzig-Kreis,336698
7489,2023,DE71A,Main-Taunus-Kreis,189664
7490,2023,DE71B,Odenwaldkreis,77594
7491,2023,DE71C,"Offenbach, Landkreis",284362
7492,2023,DE71D,Rheingau-Taunus-Kreis,151531
7493,2023,DE71E,Wetteraukreis,249933
7494,2023,DE721,"Gießen, Landkreis",217336
7495,2023,DE722,Lahn-Dill-Kreis,204985
7496,2023,DE723,Limburg-Weilburg,140802
7497,2023,DE724,Marburg-Biedenkopf,197316
7498,2023,DE725,Vogelsbergkreis,83901
7499,2023,DE731,"Kassel, Kreisfreie Stadt",160318
7500,2023,DE732,Fulda,179034
7501,2023,DE733,Hersfeld-Rotenburg,96481
7502,2023,DE734,"Kassel, Landkreis",188980
7503,2023,DE735,Schwalm-Eder-Kreis,147035
7504,2023,DE736,Waldeck-Frankenberg,126527
7505,2023,DE737,Werra-Meißner-Kreis,81457
7506,2023,DE803,"Rostock, Kreisfreie Stadt",170977
7507,2023,DE804,"Schwerin, Kreisfreie Stadt",80585
7508,2023,DE80J,Mecklenburgische Seenplatte,206229
7509,2023,DE80K,Landkreis Rostock,178145
7510,2023,DE80L,Vorpommern-Rügen,181160
7511,2023,DE80M,Nordwestmecklenburg,128986
7512,2023,DE80N,Vorpommern-Greifswald,188351
7513,2023,DE80O,Ludwigslust-Parchim,172843
7514,2023,DE911,"Braunschweig, Kreisfreie Stadt",211159
7515,2023,DE912,"Salzgitter, Kreisfreie Stadt",83102
7516,2023,DE913,"Wolfsburg, Kreisfreie Stadt",103056
7517,2023,DE914,Gifhorn,139293
7518,2023,DE916,Goslar,108076
7519,2023,DE917,Helmstedt,74353
7520,2023,DE918,Northeim,104720
7521,2023,DE91A,Peine,108985
7522,2023,DE91B,Wolfenbüttel,97069
7523,2023,DE91C,Göttingen,272359
7524,2023,DE922,Diepholz,178031
7525,2023,DE923,Hameln-Pyrmont,123601
7526,2023,DE925,Hildesheim,220217
7527,2023,DE926,Holzminden,54704
7528,2023,DE927,Nienburg (Weser),97808
7529,2023,DE928,Schaumburg,128821
7530,2023,DE929,Region Hannover,924034
7531,2023,DE931,Celle,139130
7532,2023,DE932,Cuxhaven,162737
7533,2023,DE933,Harburg,212497
7534,2023,DE934,Lüchow-Dannenberg,38779
7535,2023,DE935,"Lüneburg, Landkreis",144053
7536,2023,DE936,Osterholz,91998
7537,2023,DE937,Rotenburg (Wümme),133088
7538,2023,DE938,Heidekreis,116285
7539,2023,DE939,Stade,165558
7540,2023,DE93A,Uelzen,75211
7541,2023,DE93B,Verden,110355
7542,2023,DE941,"Delmenhorst, Kreisfreie Stadt",65098
7543,2023,DE942,"Emden, Kreisfreie Stadt",40158
7544,2023,DE943,"Oldenburg (Oldenburg), Kreisfreie Stadt",144056
7545,2023,DE944,"Osnabrück, Kreisfreie Stadt",137204
7546,2023,DE945,"Wilhelmshaven, Kreisfreie Stadt",63224
7547,2023,DE946,Ammerland,101986
7548,2023,DE947,Aurich,154167
7549,2023,DE948,Cloppenburg,136183
7550,2023,DE949,Emsland,263854
7551,2023,DE94A,Friesland (DE),82481
7552,2023,DE94B,Grafschaft Bentheim,114420
7553,2023,DE94C,Leer,136369
7554,2023,DE94D,"Oldenburg, Landkreis",106175
7555,2023,DE94E,"Osnabrück, Landkreis",284647
7556,2023,DE94F,Vechta,113577
7557,2023,DE94G,Wesermarsch,72796
7558,2023,DE94H,Wittmund,45884
7559,2023,DEA11,"Düsseldorf, Kreisfreie Stadt",505662
7560,2023,DEA12,"Duisburg, Kreisfreie Stadt",401694
7561,2023,DEA13,"Essen, Kreisfreie Stadt",465218
7562,2023,DEA14,"Krefeld, Kreisfreie Stadt",187522
7563,2023,DEA15,"Mönchengladbach, Kreisfreie Stadt",216555
7564,2023,DEA16,"Mülheim an der Ruhr, Kreisfreie Stadt",139929
7565,2023,DEA17,"Oberhausen, Kreisfreie Stadt",173109
7566,2023,DEA18,"Remscheid, Kreisfreie Stadt",92167
7567,2023,DEA19,"Solingen, Kreisfreie Stadt",133909
7568,2023,DEA1A,"Wuppertal, Kreisfreie Stadt",288126
7569,2023,DEA1B,Kleve,258281
7570,2023,DEA1C,Mettmann,398418
7571,2023,DEA1D,Rhein-Kreis Neuss,368097
7572,2023,DEA1E,Viersen,242062
7573,2023,DEA1F,Wesel,373988
7574,2023,DEA22,"Bonn, Kreisfreie Stadt",260876
7575,2023,DEA23,"Köln, Kreisfreie Stadt",839069
7576,2023,DEA24,"Leverkusen, Kreisfreie Stadt",134785
7577,2023,DEA26,Düren,224349
7578,2023,DEA27,Rhein-Erft-Kreis,382007
7579,2023,DEA28,Euskirchen,161465
7580,2023,DEA29,Heinsberg,211539
7581,2023,DEA2A,Oberbergischer Kreis,219493
7582,2023,DEA2B,Rheinisch-Bergischer Kreis,230092
7583,2023,DEA2C,Rhein-Sieg-Kreis,486619
7584,2023,DEA2D,Städteregion Aachen,477078
7585,2023,DEA31,"Bottrop, Kreisfreie Stadt",97045
7586,2023,DEA32,"Gelsenkirchen, Kreisfreie Stadt",208987
7587,2023,DEA33,"Münster, Kreisfreie Stadt",251665
7588,2023,DEA34,Borken,299553
7589,2023,DEA35,Coesfeld,181034
7590,2023,DEA36,Recklinghausen,506154
7591,2023,DEA37,Steinfurt,357724
7592,2023,DEA38,Warendorf,225669
7593,2023,DEA41,"Bielefeld, Kreisfreie Stadt",267005
7594,2023,DEA42,Gütersloh,289638
7595,2023,DEA43,Herford,205429
7596,2023,DEA44,Höxter,112818
7597,2023,DEA45,Lippe,278309
7598,2023,DEA46,Minden-Lübbecke,257004
7599,2023,DEA47,Paderborn,251138
7600,2023,DEA51,"Bochum, Kreisfreie Stadt",295644
7601,2023,DEA52,"Dortmund, Kreisfreie Stadt",485773
7602,2023,DEA53,"Hagen, Kreisfreie Stadt",152092
7603,2023,DEA54,"Hamm, Kreisfreie Stadt",144167
7604,2023,DEA55,"Herne, Kreisfreie Stadt",126116
7605,2023,DEA56,Ennepe-Ruhr-Kreis,260113
7606,2023,DEA57,Hochsauerlandkreis,213146
7607,2023,DEA58,Märkischer Kreis,333161
7608,2023,DEA59,Olpe,107147
7609,2023,DEA5A,Siegen-Wittgenstein,223476
7610,2023,DEA5B,Soest,243305
7611,2023,DEA5C,Unna,323456
7612,2023,DEB11,"Koblenz, Kreisfreie Stadt",93930
7613,2023,DEB12,Ahrweiler,105614
7614,2023,DEB13,Altenkirchen (Westerwald),106416
7615,2023,DEB14,Bad Kreuznach,133364
7616,2023,DEB15,Birkenfeld,67645
7617,2023,DEB17,Mayen-Koblenz,175758
7618,2023,DEB18,Neuwied,151288
7619,2023,DEB1A,Rhein-Lahn-Kreis,101902
7620,2023,DEB1B,Westerwaldkreis,167560
7621,2023,DEB1C,Cochem-Zell,50740
7622,2023,DEB1D,Rhein-Hunsrück-Kreis,86086
7623,2023,DEB21,"Trier, Kreisfreie Stadt",85644
7624,2023,DEB22,Bernkastel-Wittlich,92462
7625,2023,DEB23,Eifelkreis Bitburg-Prüm,80335
7626,2023,DEB24,Vulkaneifel,49093
7627,2023,DEB25,Trier-Saarburg,120206
7628,2023,DEB31,"Frankenthal (Pfalz), Kreisfreie Stadt",38789
7629,2023,DEB32,"Kaiserslautern, Kreisfreie Stadt",83290
7630,2023,DEB33,"Landau in der Pfalz, Kreisfreie Stadt",39245
7631,2023,DEB34,"Ludwigshafen am Rhein, Kreisfreie Stadt",137970
7632,2023,DEB35,"Mainz, Kreisfreie Stadt",184005
7633,2023,DEB36,"Neustadt an der Weinstraße, Kreisfreie Stadt",43110
7634,2023,DEB37,"Pirmasens, Kreisfreie Stadt",32455
7635,2023,DEB38,"Speyer, Kreisfreie Stadt",41024
7636,2023,DEB39,"Worms, Kreisfreie Stadt",68514
7637,2023,DEB3A,"Zweibrücken, Kreisfreie Stadt",27268
7638,2023,DEB3B,Alzey-Worms,104482
7639,2023,DEB3C,Bad Dürkheim,110404
7640,2023,DEB3D,Donnersbergkreis,60775
7641,2023,DEB3E,Germersheim,105630
7642,2023,DEB3F,"Kaiserslautern, Landkreis",84956
7643,2023,DEB3G,Kusel,57829
7644,2023,DEB3H,Südliche Weinstraße,92578
7645,2023,DEB3I,Rhein-Pfalz-Kreis,125278
7646,2023,DEB3J,Mainz-Bingen,165598
7647,2023,DEB3K,Südwestpfalz,75378
7648,2023,DEC01,Regionalverband Saarbrücken,273342
7649,2023,DEC02,Merzig-Wadern,90311
7650,2023,DEC03,Neunkirchen,110815
7651,2023,DEC04,Saarlouis,170708
7652,2023,DEC05,Saarpfalz-Kreis,120702
7653,2023,DEC06,St. Wendel,73729
7654,2023,DED21,"Dresden, Kreisfreie Stadt",452807
7655,2023,DED2C,Bautzen,242210
7656,2023,DED2D,Görlitz,204678
7657,2023,DED2E,Meißen,196981
7658,2023,DED2F,Sächsische Schweiz-Osterzgebirge,199292
7659,2023,DED41,"Chemnitz, Kreisfreie Stadt",200230
7660,2023,DED42,Erzgebirgskreis,267922
7661,2023,DED43,Mittelsachsen,246162
7662,2023,DED44,Vogtlandkreis,185459
7663,2023,DED45,Zwickau,258153
7664,2023,DED51,"Leipzig, Kreisfreie Stadt",493482
7665,2023,DED52,Leipzig,212082
7666,2023,DED53,Nordsachsen,164759
7667,2023,DEE01,"Dessau-Roßlau, Kreisfreie Stadt",64416
7668,2023,DEE02,"Halle (Saale), Kreisfreie Stadt",186005
7669,2023,DEE03,"Magdeburg, Kreisfreie Stadt",200124
7670,2023,DEE04,Altmarkkreis Salzwedel,67345
7671,2023,DEE05,Anhalt-Bitterfeld,129894
7672,2023,DEE06,Jerichower Land,74022
7673,2023,DEE07,Börde,139251
7674,2023,DEE08,Burgenlandkreis,146412
7675,2023,DEE09,Harz,176252
7676,2023,DEE0A,Mansfeld-Südharz,111167
7677,2023,DEE0B,Saalekreis,150703
7678,2023,DEE0C,Salzlandkreis,154116
7679,2023,DEE0D,Stendal,89221
7680,2023,DEE0E,Wittenberg,103131
7681,2023,DEF01,"Flensburg, Kreisfreie Stadt",79426
7682,2023,DEF02,"Kiel, Kreisfreie Stadt",207515
7683,2023,DEF03,"Lübeck, Kreisfreie Stadt",179523
7684,2023,DEF04,"Neumünster, Kreisfreie Stadt",64595
7685,2023,DEF05,Dithmarschen,109515
7686,2023,DEF06,Herzogtum Lauenburg,164149
7687,2023,DEF07,Nordfriesland,139088
7688,2023,DEF08,Ostholstein,168731
7689,2023,DEF09,Pinneberg,260407
7690,2023,DEF0A,Plön,107002
7691,2023,DEF0B,Rendsburg-Eckernförde,224638
7692,2023,DEF0C,Schleswig-Flensburg,165261
7693,2023,DEF0D,Segeberg,226372
7694,2023,DEF0E,Steinburg,107767
7695,2023,DEF0F,Stormarn,197393
7696,2023,DEG01,"Erfurt, Kreisfreie Stadt",179706
7697,2023,DEG02,"Gera, Kreisfreie Stadt",78446
7698,2023,DEG03,"Jena, Kreisfreie Stadt",90731
7699,2023,DEG04,"Suhl, Kreisfreie Stadt (NUTS 2021)",31596
7700,2023,DEG05,"Weimar, Kreisfreie Stadt",53451
7701,2023,DEG06,Eichsfeld,80391
7702,2023,DEG07,Nordhausen,67747
7703,2023,DEG09,Unstrut-Hainich-Kreis,82014
7704,2023,DEG0A,Kyffhäuserkreis,61008
7705,2023,DEG0B,Schmalkalden-Meiningen (NUTS 2021),103319
7706,2023,DEG0C,Gotha,113548
7707,2023,DEG0D,Sömmerda,56089
7708,2023,DEG0E,Hildburghausen,50990
7709,2023,DEG0F,Ilm-Kreis (NUTS 2021),88477
7710,2023,DEG0G,Weimarer Land,67125
7711,2023,DEG0H,Sonneberg (NUTS 2021),48053
7712,2023,DEG0I,Saalfeld-Rudolstadt (NUTS 2021),85117
7713,2023,DEG0J,Saale-Holzland-Kreis,68970
7714,2023,DEG0K,Saale-Orla-Kreis,65273
7715,2023,DEG0L,Greiz,79898
7716,2023,DEG0M,Altenburger Land,74205
7717,2023,DEG0N,"Eisenach, Kreisfreie Stadt (NUTS 2021)",35085
7718,2023,DEG0P,Wartburgkreis (NUTS 2021),97160
7719,2023,DEG0Q,Schmalkalden-Meiningen,101703
7720,2023,DEG0R,Wartburgkreis,129952
7721,2023,DEG0S,"Suhl, Kreisfreie Stadt",31171
7722,2023,DEG0T,Ilm-Kreis,88683
7723,2023,DEG0U,Saalfeld-Rudolstadt,85367
7724,2023,DEG0V,Sonneberg,47691
7725,2023,ES111,A Coruña,946184
7726,2023,ES112,Lugo,280118
7727,2023,ES113,Ourense,263939
7728,2023,ES114,Pontevedra,789730
7729,2023,ES120,Asturias,861560
7730,2023,ES130,Cantabria,487568
7731,2023,ES211,Araba/Álava,272715
7732,2023,ES212,Gipuzkoa,592215
7733,2023,ES213,Bizkaia,956312
7734,2023,ES220,Navarra,536353
7735,2023,ES230,La Rioja,261154
7736,2023,ES241,Huesca,186082
7737,2023,ES242,Teruel,111319
7738,2023,ES243,Zaragoza,797092
7739,2023,ES300,Madrid,5537646
7740,2023,ES411,Ávila,134203
7741,2023,ES412,Burgos,296981
7742,2023,ES413,León,384974
7743,2023,ES414,Palencia,133894
7744,2023,ES415,Salamanca,276948
7745,2023,ES416,Segovia,128376
7746,2023,ES417,Soria,74717
7747,2023,ES418,Valladolid,431632
7748,2023,ES419,Zamora,145541
7749,2023,ES421,Albacete,314808
7750,2023,ES422,Ciudad Real,400478
7751,2023,ES423,Cuenca,165029
7752,2023,ES424,Guadalajara,217294
7753,2023,ES425,Toledo,576840
7754,2023,ES431,Badajoz,541379
7755,2023,ES432,Cáceres,324487
7756,2023,ES511,Barcelona,4673163
7757,2023,ES512,Girona,640754
7758,2023,ES513,Lleida,359123
7759,2023,ES514,Tarragona,675672
7760,2023,ES521,Alicante/Alacant,1581222
7761,2023,ES522,Castellón/Castelló,486398
7762,2023,ES523,Valencia/València,2147043
7763,2023,ES531,Eivissa y Formentera,140247
7764,2023,ES532,Mallorca,756570
7765,2023,ES533,Menorca,80928
7766,2023,ES611,Almería,589194
7767,2023,ES612,Cádiz,1000367
7768,2023,ES613,Córdoba,627179
7769,2023,ES614,Granada,750865
7770,2023,ES615,Huelva,427791
7771,2023,ES616,Jaén,505171
7772,2023,ES617,Málaga,1401775
7773,2023,ES618,Sevilla,1547550
7774,2023,ES620,Murcia,1208290
7775,2023,ES630,Ceuta,61942
7776,2023,ES640,Melilla,61606
7777,2023,ES703,El Hierro,9939
7778,2023,ES704,Fuerteventura,99943
7779,2023,ES705,Gran Canaria,718639
7780,2023,ES706,La Gomera,19248
7781,2023,ES707,La Palma,71343
7782,2023,ES708,Lanzarote,128414
7783,2023,ES709,Tenerife,787396
7784,2023,FR101,Paris,1717118
7785,2023,FR102,Seine-et-Marne,1069979
7786,2023,FR103,Yvelines,1091236
7787,2023,FR104,Essonne,977153
7788,2023,FR105,Hauts-de-Seine,1262161
7789,2023,FR106,Seine-Saint-Denis,1219892
7790,2023,FR107,Val-de-Marne,1072415
7791,2023,FR108,Val-d'Oise,921502
7792,2023,FRB01,Cher,235323
7793,2023,FRB02,Eure-et-Loir,326619
7794,2023,FRB03,Indre,173401
7795,2023,FRB04,Indre-et-Loire,477639
7796,2023,FRB05,Loir-et-Cher,257008
7797,2023,FRB06,Loiret,518441
7798,2023,FRC11,Côte-d’Or,418846
7799,2023,FRC12,Nièvre,163032
7800,2023,FRC13,Saône-et-Loire,433252
7801,2023,FRC14,Yonne,259148
7802,2023,FRC21,Doubs,415859
7803,2023,FRC22,Jura,201456
7804,2023,FRC23,Haute-Saône,181995
7805,2023,FRC24,Territoire de Belfort,106597
7806,2023,FRD11,Calvados,546181
7807,2023,FRD12,Manche,391416
7808,2023,FRD13,Orne,216524
7809,2023,FRD21,Eure,452499
7810,2023,FRD22,Seine-Maritime,960369
7811,2023,FRE11,Nord,1954641
7812,2023,FRE12,Pas-de-Calais,1097400
7813,2023,FRE21,Aisne,396595
7814,2023,FRE22,Oise,615968
7815,2023,FRE23,Somme,432222
7816,2023,FRF11,Bas-Rhin,900370
7817,2023,FRF12,Haut-Rhin,596097
7818,2023,FRF21,Ardennes,205037
7819,2023,FRF22,Aube,236899
7820,2023,FRF23,Marne,431524
7821,2023,FRF24,Haute-Marne,134198
7822,2023,FRF31,Meurthe-et-Moselle,562956
7823,2023,FRF32,Meuse,140567
7824,2023,FRF33,Moselle,820379
7825,2023,FRF34,Vosges,281876
7826,2023,FRG01,Loire-Atlantique,1124463
7827,2023,FRG02,Maine-et-Loire,624433
7828,2023,FRG03,Mayenne,231637
7829,2023,FRG04,Sarthe,431890
7830,2023,FRG05,Vendée,555866
7831,2023,FRH01,Côtes-d’Armor,479099
7832,2023,FRH02,Finistère,731155
7833,2023,FRH03,Ille-et-Vilaine,842773
7834,2023,FRH04,Morbihan,615230
7835,2023,FRI11,Dordogne,339418
7836,2023,FRI12,Gironde,1308861
7837,2023,FRI13,Landes,345532
7838,2023,FRI14,Lot-et-Garonne,262361
7839,2023,FRI15,Pyrénées-Atlantiques,561103
7840,2023,FRI21,Corrèze,194004
7841,2023,FRI22,Creuse,94432
7842,2023,FRI23,Haute-Vienne,294733
7843,2023,FRI31,Charente,279843
7844,2023,FRI32,Charente-Maritime,542148
7845,2023,FRI33,Deux-Sèvres,291636
7846,2023,FRI34,Vienne,338220
7847,2023,FRJ11,Aude,300882
7848,2023,FRJ12,Gard,596743
7849,2023,FRJ13,Hérault,955776
7850,2023,FRJ14,Lozère,60755
7851,2023,FRJ15,Pyrénées-Orientales,390724
7852,2023,FRJ21,Ariège,124394
7853,2023,FRJ22,Aveyron,224123
7854,2023,FRJ23,Haute-Garonne,1127044
7855,2023,FRJ24,Gers,154900
7856,2023,FRJ25,Lot,144167
7857,2023,FRJ26,Hautes-Pyrénées,186682
7858,2023,FRJ27,Tarn,313571
7859,2023,FRJ28,Tarn-et-Garonne,202895
7860,2023,FRK11,Allier,267227
7861,2023,FRK12,Cantal,117544
7862,2023,FRK13,Haute-Loire,178774
7863,2023,FRK14,Puy-de-Dôme,518155
7864,2023,FRK21,Ain,505353
7865,2023,FRK22,Ardèche,262866
7866,2023,FRK23,Drôme,400604
7867,2023,FRK24,Isère,979044
7868,2023,FRK25,Loire,588210
7869,2023,FRK26,Rhône,1442537
7870,2023,FRK27,Savoie,346941
7871,2023,FRK28,Haute-Savoie,650805
7872,2023,FRL01,Alpes-de-Haute-Provence,133790
7873,2023,FRL02,Hautes-Alpes,113688
7874,2023,FRL03,Alpes-Maritimes,887897
7875,2023,FRL04,Bouches-du-Rhône,1604161
7876,2023,FRL05,Var,893685
7877,2023,FRL06,Vaucluse,439967
7878,2023,FRM01,Corse-du-Sud,133664
7879,2023,FRM02,Haute-Corse,149639
7880,2023,FRY10,Guadeloupe,317434
7881,2023,FRY20,Martinique,283872
7882,2023,FRY30,Guyane,172632
7883,2023,FRY40,La Réunion,631346
7884,2023,FRY50,Mayotte,143456
7885,2023,HU110,Budapest,1384442
7886,2023,HU120,Pest,1032827
7887,2023,HU211,Fejér,336587
7888,2023,HU212,Komárom-Esztergom,242821
7889,2023,HU213,Veszprém,275191
7890,2023,HU221,Győr-Moson-Sopron,377570
7891,2023,HU222,Vas,204467
7892,2023,HU223,Zala,217158
7893,2023,HU231,Baranya,289742
7894,2023,HU232,Somogy,241165
7895,2023,HU233,Tolna,168849
7896,2023,HU311,Borsod-Abaúj-Zemplén,488723
7897,2023,HU312,Heves,230682
7898,2023,HU313,Nógrád,146592
7899,2023,HU321,Hajdú-Bihar,412189
7900,2023,HU322,Jász-Nagykun-Szolnok,284587
7901,2023,HU323,Szabolcs-Szatmár-Bereg,411389
7902,2023,HU331,Bács-Kiskun,397482
7903,2023,HU332,Békés,257370
7904,2023,HU333,Csongrád-Csanád,318956
7905,2023,ITC11,Torino,1842127
7906,2023,ITC12,Vercelli,140372
7907,2023,ITC13,Biella,144817
7908,2023,ITC14,Verbano-Cusio-Ossola,131137
7909,2023,ITC15,Novara,300882
7910,2023,ITC16,Cuneo,478928
7911,2023,ITC17,Asti,174390
7912,2023,ITC18,Alessandria,346056
7913,2023,ITC20,Valle d’Aosta/Vallée d’Aoste,102154
7914,2023,ITC31,Imperia,177201
7915,2023,ITC32,Savona,228185
7916,2023,ITC33,Genova,694335
7917,2023,ITC34,La Spezia,182152
7918,2023,ITC41,Varese,725345
7919,2023,ITC42,Como,493406
7920,2023,ITC43,Lecco,274828
7921,2023,ITC44,Sondrio,148316
7922,2023,ITC46,Bergamo,900334
7923,2023,ITC47,Brescia,1026392
7924,2023,ITC48,Pavia,448879
7925,2023,ITC49,Lodi,186554
7926,2023,ITC4A,Cremona,292733
7927,2023,ITC4B,Mantova,335656
7928,2023,ITC4C,Milano,2660477
7929,2023,ITC4D,Monza e della Brianza,715619
7930,2023,ITF11,L’Aquila,242351
7931,2023,ITF12,Teramo,249461
7932,2023,ITF13,Pescara,258942
7933,2023,ITF14,Chieti,312123
7934,2023,ITF21,Isernia,67947
7935,2023,ITF22,Campobasso,178424
7936,2023,ITF31,Caserta,724880
7937,2023,ITF32,Benevento,219530
7938,2023,ITF33,Napoli,2372255
7939,2023,ITF34,Avellino,332855
7940,2023,ITF35,Salerno,870354
7941,2023,ITF43,Taranto,460601
7942,2023,ITF44,Brindisi,316373
7943,2023,ITF45,Lecce,644297
7944,2023,ITF46,Foggia,486755
7945,2023,ITF47,Bari,1010698
7946,2023,ITF48,Barletta-Andria-Trani,308924
7947,2023,ITF51,Potenza,292078
7948,2023,ITF52,Matera,159107
7949,2023,ITF61,Cosenza,557465
7950,2023,ITF62,Crotone,130552
7951,2023,ITF63,Catanzaro,282677
7952,2023,ITF64,Vibo Valentia,123770
7953,2023,ITF65,Reggio Calabria,422261
7954,2023,ITG11,Trapani,342009
7955,2023,ITG12,Palermo,971929
7956,2023,ITG13,Messina,500091
7957,2023,ITG14,Agrigento,338792
7958,2023,ITG15,Caltanissetta,203317
7959,2023,ITG16,Enna,128712
7960,2023,ITG17,Catania,864267
7961,2023,ITG18,Ragusa,256982
7962,2023,ITG19,Siracusa,315035
7963,2023,ITG2D,Sassari,402224
7964,2023,ITG2E,Nuoro,167741
7965,2023,ITG2F,Cagliari,358178
7966,2023,ITG2G,Oristano,129999
7967,2023,ITG2H,Sud Sardegna,288120
7968,2023,ITH10,Bolzano-Bozen,422771
7969,2023,ITH20,Trento,441617
7970,2023,ITH31,Verona,758496
7971,2023,ITH32,Vicenza,700707
7972,2023,ITH33,Belluno,167694
7973,2023,ITH34,Treviso,720011
7974,2023,ITH35,Venezia,699821
7975,2023,ITH36,Padova,771594
7976,2023,ITH37,Rovigo,194785
7977,2023,ITH41,Pordenone,256192
7978,2023,ITH42,Udine,437497
7979,2023,ITH43,Gorizia,116101
7980,2023,ITH44,Trieste,194876
7981,2023,ITH51,Piacenza,236478
7982,2023,ITH52,Parma,372728
7983,2023,ITH53,Reggio nell’Emilia,430244
7984,2023,ITH54,Modena,578876
7985,2023,ITH55,Bologna,845790
7986,2023,ITH56,Ferrara,289735
7987,2023,ITH57,Ravenna,322409
7988,2023,ITH58,Forlì-Cesena,324588
7989,2023,ITH59,Rimini,281074
7990,2023,ITI11,Massa-Carrara,160156
7991,2023,ITI12,Lucca,321954
7992,2023,ITI13,Pistoia,242335
7993,2023,ITI14,Firenze,825022
7994,2023,ITI15,Prato,212857
7995,2023,ITI16,Livorno,275805
7996,2023,ITI17,Pisa,347187
7997,2023,ITI18,Arezzo,279940
7998,2023,ITI19,Siena,218164
7999,2023,ITI1A,Grosseto,184378
8000,2023,ITI21,Perugia,532485
8001,2023,ITI22,Terni,184182
8002,2023,ITI31,Pesaro e Urbino,290309
8003,2023,ITI32,Ancona,384843
8004,2023,ITI33,Macerata,253215
8005,2023,ITI34,Ascoli Piceno,169646
8006,2023,ITI35,Fermo,140948
8007,2023,ITI41,Viterbo,259410
8008,2023,ITI42,Rieti,127905
8009,2023,ITI43,Roma,3483261
8010,2023,ITI44,Latina,466199
8011,2023,ITI45,Frosinone,390358
8012,2023,PL213,Miasto Kraków,652026
8013,2023,PL214,Krakowski,575955
8014,2023,PL217,Tarnowski,335137
8015,2023,PL218,Nowosądecki,386868
8016,2023,PL219,Nowotarski,246906
8017,2023,PL21A,Oświęcimski,414335
8018,2023,PL224,Częstochowski,392248
8019,2023,PL225,Bielski,508999
8020,2023,PL227,Rybnicki,468138
8021,2023,PL228,Bytomski,326247
8022,2023,PL229,Gliwicki,348629
8023,2023,PL22A,Katowicki,560017
8024,2023,PL22B,Sosnowiecki,526133
8025,2023,PL22C,Tyski,302387
8026,2023,PL411,Pilski,302337
8027,2023,PL414,Koniński,492531
8028,2023,PL415,Miasto Poznań,445963
8029,2023,PL416,Kaliski,507767
8030,2023,PL417,Leszczyński,420262
8031,2023,PL418,Poznański,539571
8032,2023,PL424,Miasto Szczecin,319669
8033,2023,PL426,Koszaliński,270856
8034,2023,PL427,Szczecinecko-pyrzycki,307292
8035,2023,PL428,Szczeciński,391708
8036,2023,PL431,Gorzowski,290110
8037,2023,PL432,Zielonogórski,473649
8038,2023,PL514,Miasto Wrocław,556471
8039,2023,PL515,Jeleniogórski,421162
8040,2023,PL516,Legnicko-głogowski,337428
8041,2023,PL517,Wałbrzyski,484108
8042,2023,PL518,Wrocławski,485504
8043,2023,PL523,Nyski,273865
8044,2023,PL524,Opolski,456329
8045,2023,PL613,Bydgosko-toruński,599867
8046,2023,PL616,Grudziądzki,285199
8047,2023,PL617,Inowrocławski,267489
8048,2023,PL618,Świecki,136039
8049,2023,PL619,Włocławski,265418
8050,2023,PL621,Elbląski,381476
8051,2023,PL622,Olsztyński,453797
8052,2023,PL623,Ełcki,204856
8053,2023,PL633,Trójmiejski,611353
8054,2023,PL634,Gdański,464868
8055,2023,PL636,Słupski,247067
8056,2023,PL637,Chojnicki,164439
8057,2023,PL638,Starogardzki,312930
8058,2023,PL711,Miasto Łódź,547973
8059,2023,PL712,Łódzki,308889
8060,2023,PL713,Piotrkowski,434988
8061,2023,PL714,Sieradzki,335722
8062,2023,PL715,Skierniewicki,272535
8063,2023,PL721,Kielecki,566291
8064,2023,PL722,Sandomiersko-jędrzejowski,354691
8065,2023,PL811,Bialski,218054
8066,2023,PL812,Chełmsko-zamojski,451146
8067,2023,PL814,Lubelski,544822
8068,2023,PL815,Puławski,346986
8069,2023,PL821,Krośnieński,347677
8070,2023,PL822,Przemyski,280583
8071,2023,PL823,Rzeszowski,480610
8072,2023,PL824,Tarnobrzeski,442435
8073,2023,PL841,Białostocki,388330
8074,2023,PL842,Łomżyński,282592
8075,2023,PL843,Suwalski,194565
8076,2023,PL911,Miasto Warszawa,1512307
8077,2023,PL912,Warszawski wschodni,522393
8078,2023,PL913,Warszawski zachodni,546018
8079,2023,PL921,Radomski,449218
8080,2023,PL922,Ciechanowski,254752
8081,2023,PL923,Płocki,245609
8082,2023,PL924,Ostrołęcki,281749
8083,2023,PL925,Siedlecki,309558
8084,2023,PL926,Żyrardowski,201104
8085,2023,RO111,Bihor,429098
8086,2023,RO112,Bistriţa-Năsăud,225089
8087,2023,RO113,Cluj,549273
8088,2023,RO114,Maramureş,352120
8089,2023,RO115,Satu Mare,254522
8090,2023,RO116,Sălaj,162705
8091,2023,RO121,Alba,259513
8092,2023,RO122,Braşov,426198
8093,2023,RO123,Covasna,153459
8094,2023,RO124,Harghita,225017
8095,2023,RO125,Mureş,400818
8096,2023,RO126,Sibiu,301780
8097,2023,RO211,Bacău,453779
8098,2023,RO212,Botoşani,299075
8099,2023,RO213,Iaşi,564374
8100,2023,RO214,Neamţ,348304
8101,2023,RO215,Suceava,473558
8102,2023,RO216,Vaslui,275266
8103,2023,RO221,Brăila,223580
8104,2023,RO222,Buzău,318939
8105,2023,RO223,Constanţa,509902
8106,2023,RO224,Galaţi,386591
8107,2023,RO225,Tulcea,150958
8108,2023,RO226,Vrancea,258095
8109,2023,RO311,Argeş,454079
8110,2023,RO312,Călăraşi,216986
8111,2023,RO313,Dâmboviţa,376094
8112,2023,RO314,Giurgiu,205373
8113,2023,RO315,Ialomiţa,189728
8114,2023,RO316,Prahova,553263
8115,2023,RO317,Teleorman,258913
8116,2023,RO321,Bucureşti,1377156
8117,2023,RO322,Ilfov,432542
8118,2023,RO411,Dolj,473283
8119,2023,RO412,Gorj,252012
8120,2023,RO413,Mehedinţi,185581
8121,2023,RO414,Olt,307462
8122,2023,RO415,Vâlcea,275988
8123,2023,RO421,Arad,322657
8124,2023,RO422,Caraş-Severin,196763
8125,2023,RO423,Hunedoara,290947
8126,2023,RO424,Timiş,518317
8127,2024,DE111,"Stuttgart, Stadtkreis",504025
8128,2024,DE112,Böblingen,314205
8129,2024,DE113,Esslingen,432858
8130,2024,DE114,Göppingen,208475
8131,2024,DE115,Ludwigsburg,427813
8132,2024,DE116,Rems-Murr-Kreis,354556
8133,2024,DE117,"Heilbronn, Stadtkreis",105287
8134,2024,DE118,"Heilbronn, Landkreis",282200
8135,2024,DE119,Hohenlohekreis,92412
8136,2024,DE11A,Schwäbisch Hall,159965
8137,2024,DE11B,Main-Tauber-Kreis,108827
8138,2024,DE11C,Heidenheim,109053
8139,2024,DE11D,Ostalbkreis,255333
8140,2024,DE121,"Baden-Baden, Stadtkreis",46993
8141,2024,DE122,"Karlsruhe, Stadtkreis",256860
8142,2024,DE123,"Karlsruhe, Landkreis",368944
8143,2024,DE124,Rastatt,187989
8144,2024,DE125,"Heidelberg, Stadtkreis",128106
8145,2024,DE126,"Mannheim, Stadtkreis",260365
8146,2024,DE127,Neckar-Odenwald-Kreis,118150
8147,2024,DE128,Rhein-Neckar-Kreis,450827
8148,2024,DE129,"Pforzheim, Stadtkreis",107207
8149,2024,DE12A,Calw,129339
8150,2024,DE12B,Enzkreis,160230
8151,2024,DE12C,Freudenstadt,98146
8152,2024,DE131,"Freiburg im Breisgau, Stadtkreis",192763
8153,2024,DE132,Breisgau-Hochschwarzwald,218226
8154,2024,DE133,Emmendingen,135918
8155,2024,DE134,Ortenaukreis,356367
8156,2024,DE135,Rottweil,111792
8157,2024,DE136,Schwarzwald-Baar-Kreis,171883
8158,2024,DE137,Tuttlingen,114188
8159,2024,DE138,Konstanz,236379
8160,2024,DE139,Lörrach,189362
8161,2024,DE13A,Waldshut,136718
8162,2024,DE141,Reutlingen,235382
8163,2024,DE142,"Tübingen, Landkreis",187758
8164,2024,DE143,Zollernalbkreis,156346
8165,2024,DE144,"Ulm, Stadtkreis",104953
8166,2024,DE145,Alb-Donau-Kreis,159779
8167,2024,DE146,Biberach,163463
8168,2024,DE147,Bodenseekreis,179190
8169,2024,DE148,Ravensburg,231760
8170,2024,DE149,Sigmaringen,106587
8171,2024,DE211,"Ingolstadt, Kreisfreie Stadt",112169
8172,2024,DE212,"München, Kreisfreie Stadt",1224246
8173,2024,DE213,"Rosenheim, Kreisfreie Stadt",52437
8174,2024,DE214,Altötting,91105
8175,2024,DE215,Berchtesgadener Land,85863
8176,2024,DE216,Bad Tölz-Wolfratshausen,104470
8177,2024,DE217,Dachau,121651
8178,2024,DE218,Ebersberg,113007
8179,2024,DE219,Eichstätt,106096
8180,2024,DE21A,Erding,111500
8181,2024,DE21B,Freising,147623
8182,2024,DE21C,Fürstenfeldbruck,173671
8183,2024,DE21D,Garmisch-Partenkirchen,73801
8184,2024,DE21E,Landsberg am Lech,96861
8185,2024,DE21F,Miesbach,78717
8186,2024,DE21G,Mühldorf a. Inn,97629
8187,2024,DE21H,"München, Landkreis",281423
8188,2024,DE21I,Neuburg-Schrobenhausen,78742
8189,2024,DE21J,Pfaffenhofen a. d. Ilm,103200
8190,2024,DE21K,"Rosenheim, Landkreis",206737
8191,2024,DE21L,Starnberg,111258
8192,2024,DE21M,Traunstein,139751
8193,2024,DE21N,Weilheim-Schongau,110695
8194,2024,DE221,"Landshut, Kreisfreie Stadt",55868
8195,2024,DE222,"Passau, Kreisfreie Stadt",44477
8196,2024,DE223,"Straubing, Kreisfreie Stadt",39521
8197,2024,DE224,Deggendorf,99297
8198,2024,DE225,Freyung-Grafenau,65024
8199,2024,DE226,Kelheim,100349
8200,2024,DE227,"Landshut, Landkreis",128533
8201,2024,DE228,"Passau, Landkreis",159170
8202,2024,DE229,Regen,63669
8203,2024,DE22A,Rottal-Inn,97816
8204,2024,DE22B,Straubing-Bogen,83155
8205,2024,DE22C,Dingolfing-Landau,81792
8206,2024,DE231,"Amberg, Kreisfreie Stadt",34962
8207,2024,DE232,"Regensburg, Kreisfreie Stadt",124869
8208,2024,DE233,"Weiden i. d. Opf, Kreisfreie Stadt",35187
8209,2024,DE234,Amberg-Sulzbach,84949
8210,2024,DE235,Cham,105057
8211,2024,DE236,Neumarkt i. d. OPf.,111318
8212,2024,DE237,Neustadt a. d. Waldnaab,78440
8213,2024,DE238,"Regensburg, Landkreis",155443
8214,2024,DE239,Schwandorf,121158
8215,2024,DE23A,Tirschenreuth,59885
8216,2024,DE241,"Bamberg, Kreisfreie Stadt",62373
8217,2024,DE242,"Bayreuth, Kreisfreie Stadt",61556
8218,2024,DE243,"Coburg, Kreisfreie Stadt",34124
8219,2024,DE244,"Hof, Kreisfreie Stadt",37970
8220,2024,DE245,"Bamberg, Landkreis",119223
8221,2024,DE246,"Bayreuth, Landkreis",84525
8222,2024,DE247,"Coburg, Landkreis",69524
8223,2024,DE248,Forchheim,94001
8224,2024,DE249,"Hof, Landkreis",77016
8225,2024,DE24A,Kronach,54609
8226,2024,DE24B,Kulmbach,59890
8227,2024,DE24C,Lichtenfels,55798
8228,2024,DE24D,Wunsiedel i. Fichtelgebirge,59005
8229,2024,DE251,"Ansbach, Kreisfreie Stadt",32208
8230,2024,DE252,"Erlangen, Kreisfreie Stadt",94614
8231,2024,DE253,"Fürth, Kreisfreie Stadt",107961
8232,2024,DE254,"Nürnberg, Kreisfreie Stadt",431962
8233,2024,DE255,"Schwabach, Kreisfreie Stadt",33138
8234,2024,DE256,"Ansbach, Landkreis",150517
8235,2024,DE257,Erlangen-Höchstadt,110380
8236,2024,DE258,"Fürth, Landkreis",95421
8237,2024,DE259,Nürnberger Land,137373
8238,2024,DE25A,Neustadt a. d. Aisch-Bad Windsheim,81702
8239,2024,DE25B,Roth,103990
8240,2024,DE25C,Weißenburg-Gunzenhausen,76488
8241,2024,DE261,"Aschaffenburg, Kreisfreie Stadt",59535
8242,2024,DE262,"Schweinfurt, Kreisfreie Stadt",43764
8243,2024,DE263,"Würzburg, Kreisfreie Stadt",111989
8244,2024,DE264,"Aschaffenburg, Landkreis",139024
8245,2024,DE265,Bad Kissingen,85085
8246,2024,DE266,Rhön-Grabfeld,64480
8247,2024,DE267,Haßberge,67985
8248,2024,DE268,Kitzingen,73759
8249,2024,DE269,Miltenberg,103256
8250,2024,DE26A,Main-Spessart,103323
8251,2024,DE26B,"Schweinfurt, Landkreis",92634
8252,2024,DE26C,"Würzburg, Landkreis",129831
8253,2024,DE271,"Augsburg, Kreisfreie Stadt",245616
8254,2024,DE272,"Kaufbeuren, Kreisfreie Stadt",37109
8255,2024,DE273,"Kempten (Allgäu), Kreisfreie Stadt",53960
8256,2024,DE274,"Memmingen, Kreisfreie Stadt",35495
8257,2024,DE275,Aichach-Friedberg,108527
8258,2024,DE276,"Augsburg, Landkreis",208611
8259,2024,DE277,Dillingen a.d. Donau,78885
8260,2024,DE278,Günzburg,104013
8261,2024,DE279,Neu-Ulm,147097
8262,2024,DE27A,Lindau (Bodensee),66881
8263,2024,DE27B,Ostallgäu,112873
8264,2024,DE27C,Unterallgäu,116432
8265,2024,DE27D,Donau-Ries,108269
8266,2024,DE27E,Oberallgäu,124360
8267,2024,DE300,Berlin,2989104
8268,2024,DE401,"Brandenburg an der Havel, Kreisfreie Stadt",61778
8269,2024,DE402,"Cottbus, Kreisfreie Stadt",78457
8270,2024,DE403,"Frankfurt (Oder), Kreisfreie Stadt",47598
8271,2024,DE404,"Potsdam, Kreisfreie Stadt",148121
8272,2024,DE405,Barnim,157228
8273,2024,DE406,Dahme-Spreewald,145055
8274,2024,DE407,Elbe-Elster,82717
8275,2024,DE408,Havelland,137755
8276,2024,DE409,Märkisch-Oderland,161647
8277,2024,DE40A,Oberhavel,177643
8278,2024,DE40B,Oberspreewald-Lausitz,90782
8279,2024,DE40C,Oder-Spree,149165
8280,2024,DE40D,Ostprignitz-Ruppin,82733
8281,2024,DE40E,Potsdam-Mittelmark,178148
8282,2024,DE40F,Prignitz,63981
8283,2024,DE40G,Spree-Neiße,92625
8284,2024,DE40H,Teltow-Fläming,144007
8285,2024,DE40I,Uckermark,98695
8286,2024,DE501,"Bremen, Kreisfreie Stadt",472472
8287,2024,DE502,"Bremerhaven, Kreisfreie Stadt",94216
8288,2024,DE600,Hamburg,1500834
8289,2024,DE711,"Darmstadt, Kreisfreie Stadt",134823
8290,2024,DE712,"Frankfurt am Main, Kreisfreie Stadt",609038
8291,2024,DE713,"Offenbach am Main, Kreisfreie Stadt",105474
8292,2024,DE714,"Wiesbaden, Kreisfreie Stadt",231659
8293,2024,DE715,Bergstraße,222844
8294,2024,DE716,Darmstadt-Dieburg,243537
8295,2024,DE717,Groß-Gerau,212902
8296,2024,DE718,Hochtaunuskreis,192550
8297,2024,DE719,Main-Kinzig-Kreis,338323
8298,2024,DE71A,Main-Taunus-Kreis,190206
8299,2024,DE71B,Odenwaldkreis,77319
8300,2024,DE71C,"Offenbach, Landkreis",286002
8301,2024,DE71D,Rheingau-Taunus-Kreis,151628
8302,2024,DE71E,Wetteraukreis,250856
8303,2024,DE721,"Gießen, Landkreis",218551
8304,2024,DE722,Lahn-Dill-Kreis,205789
8305,2024,DE723,Limburg-Weilburg,141306
8306,2024,DE724,Marburg-Biedenkopf,198124
8307,2024,DE725,Vogelsbergkreis,83572
8308,2024,DE731,"Kassel, Kreisfreie Stadt",160619
8309,2024,DE732,Fulda,179953
8310,2024,DE733,Hersfeld-Rotenburg,96148
8311,2024,DE734,"Kassel, Landkreis",188921
8312,2024,DE735,Schwalm-Eder-Kreis,147479
8313,2024,DE736,Waldeck-Frankenberg,126530
8314,2024,DE737,Werra-Meißner-Kreis,81262
8315,2024,DE803,"Rostock, Kreisfreie Stadt",171788
8316,2024,DE804,"Schwerin, Kreisfreie Stadt",80917
8317,2024,DE80J,Mecklenburgische Seenplatte,205796
8318,2024,DE80K,Landkreis Rostock,178646
8319,2024,DE80L,Vorpommern-Rügen,181130
8320,2024,DE80M,Nordwestmecklenburg,129185
8321,2024,DE80N,Vorpommern-Greifswald,188346
8322,2024,DE80O,Ludwigslust-Parchim,172603
8323,2024,DE911,"Braunschweig, Kreisfreie Stadt",211442
8324,2024,DE912,"Salzgitter, Kreisfreie Stadt",83383
8325,2024,DE913,"Wolfsburg, Kreisfreie Stadt",103997
8326,2024,DE914,Gifhorn,139530
8327,2024,DE916,Goslar,107539
8328,2024,DE917,Helmstedt,74009
8329,2024,DE918,Northeim,104450
8330,2024,DE91A,Peine,109168
8331,2024,DE91B,Wolfenbüttel,97044
8332,2024,DE91C,Göttingen,272687
8333,2024,DE922,Diepholz,178794
8334,2024,DE923,Hameln-Pyrmont,123231
8335,2024,DE925,Hildesheim,220203
8336,2024,DE926,Holzminden,54492
8337,2024,DE927,Nienburg (Weser),98121
8338,2024,DE928,Schaumburg,128883
8339,2024,DE929,Region Hannover,927645
8340,2024,DE931,Celle,139376
8341,2024,DE932,Cuxhaven,162991
8342,2024,DE933,Harburg,214154
8343,2024,DE934,Lüchow-Dannenberg,38807
8344,2024,DE935,"Lüneburg, Landkreis",145106
8345,2024,DE936,Osterholz,91876
8346,2024,DE937,Rotenburg (Wümme),133879
8347,2024,DE938,Heidekreis,114857
8348,2024,DE939,Stade,166560
8349,2024,DE93A,Uelzen,75631
8350,2024,DE93B,Verden,110577
8351,2024,DE941,"Delmenhorst, Kreisfreie Stadt",65518
8352,2024,DE942,"Emden, Kreisfreie Stadt",40260
8353,2024,DE943,"Oldenburg (Oldenburg), Kreisfreie Stadt",145513
8354,2024,DE944,"Osnabrück, Kreisfreie Stadt",137193
8355,2024,DE945,"Wilhelmshaven, Kreisfreie Stadt",63149
8356,2024,DE946,Ammerland,102774
8357,2024,DE947,Aurich,154591
8358,2024,DE948,Cloppenburg,136957
8359,2024,DE949,Emsland,266112
8360,2024,DE94A,Friesland (DE),82820
8361,2024,DE94B,Grafschaft Bentheim,114979
8362,2024,DE94C,Leer,135920
8363,2024,DE94D,"Oldenburg, Landkreis",106650
8364,2024,DE94E,"Osnabrück, Landkreis",284729
8365,2024,DE94F,Vechta,114485
8366,2024,DE94G,Wesermarsch,72944
8367,2024,DE94H,Wittmund,46004
8368,2024,DEA11,"Düsseldorf, Kreisfreie Stadt",507861
8369,2024,DEA12,"Duisburg, Kreisfreie Stadt",402191
8370,2024,DEA13,"Essen, Kreisfreie Stadt",465897
8371,2024,DEA14,"Krefeld, Kreisfreie Stadt",187209
8372,2024,DEA15,"Mönchengladbach, Kreisfreie Stadt",216776
8373,2024,DEA16,"Mülheim an der Ruhr, Kreisfreie Stadt",140473
8374,2024,DEA17,"Oberhausen, Kreisfreie Stadt",173088
8375,2024,DEA18,"Remscheid, Kreisfreie Stadt",92392
8376,2024,DEA19,"Solingen, Kreisfreie Stadt",134557
8377,2024,DEA1A,"Wuppertal, Kreisfreie Stadt",287957
8378,2024,DEA1B,Kleve,260153
8379,2024,DEA1C,Mettmann,398262
8380,2024,DEA1D,Rhein-Kreis Neuss,369201
8381,2024,DEA1E,Viersen,243570
8382,2024,DEA1F,Wesel,374609
8383,2024,DEA22,"Bonn, Kreisfreie Stadt",260851
8384,2024,DEA23,"Köln, Kreisfreie Stadt",841652
8385,2024,DEA24,"Leverkusen, Kreisfreie Stadt",135399
8386,2024,DEA26,Düren,225422
8387,2024,DEA27,Rhein-Erft-Kreis,383909
8388,2024,DEA28,Euskirchen,163611
8389,2024,DEA29,Heinsberg,212375
8390,2024,DEA2A,Oberbergischer Kreis,219743
8391,2024,DEA2B,Rheinisch-Bergischer Kreis,230467
8392,2024,DEA2C,Rhein-Sieg-Kreis,488442
8393,2024,DEA2D,Städteregion Aachen,479070
8394,2024,DEA31,"Bottrop, Kreisfreie Stadt",97316
8395,2024,DEA32,"Gelsenkirchen, Kreisfreie Stadt",210350
8396,2024,DEA33,"Münster, Kreisfreie Stadt",253439
8397,2024,DEA34,Borken,301647
8398,2024,DEA35,Coesfeld,182159
8399,2024,DEA36,Recklinghausen,505913
8400,2024,DEA37,Steinfurt,360171
8401,2024,DEA38,Warendorf,226541
8402,2024,DEA41,"Bielefeld, Kreisfreie Stadt",267271
8403,2024,DEA42,Gütersloh,290876
8404,2024,DEA43,Herford,205276
8405,2024,DEA44,Höxter,113013
8406,2024,DEA45,Lippe,277775
8407,2024,DEA46,Minden-Lübbecke,257218
8408,2024,DEA47,Paderborn,252772
8409,2024,DEA51,"Bochum, Kreisfreie Stadt",295800
8410,2024,DEA52,"Dortmund, Kreisfreie Stadt",486533
8411,2024,DEA53,"Hagen, Kreisfreie Stadt",152289
8412,2024,DEA54,"Hamm, Kreisfreie Stadt",144131
8413,2024,DEA55,"Herne, Kreisfreie Stadt",126149
8414,2024,DEA56,Ennepe-Ruhr-Kreis,259452
8415,2024,DEA57,Hochsauerlandkreis,213389
8416,2024,DEA58,Märkischer Kreis,331610
8417,2024,DEA59,Olpe,107123
8418,2024,DEA5A,Siegen-Wittgenstein,222899
8419,2024,DEA5B,Soest,243776
8420,2024,DEA5C,Unna,323683
8421,2024,DEB11,"Koblenz, Kreisfreie Stadt",94002
8422,2024,DEB12,Ahrweiler,106000
8423,2024,DEB13,Altenkirchen (Westerwald),106564
8424,2024,DEB14,Bad Kreuznach,133881
8425,2024,DEB15,Birkenfeld,67729
8426,2024,DEB17,Mayen-Koblenz,176169
8427,2024,DEB18,Neuwied,152003
8428,2024,DEB1A,Rhein-Lahn-Kreis,102119
8429,2024,DEB1B,Westerwaldkreis,167903
8430,2024,DEB1C,Cochem-Zell,50805
8431,2024,DEB1D,Rhein-Hunsrück-Kreis,86577
8432,2024,DEB21,"Trier, Kreisfreie Stadt",86186
8433,2024,DEB22,Bernkastel-Wittlich,92544
8434,2024,DEB23,Eifelkreis Bitburg-Prüm,80971
8435,2024,DEB24,Vulkaneifel,49152
8436,2024,DEB25,Trier-Saarburg,120209
8437,2024,DEB31,"Frankenthal (Pfalz), Kreisfreie Stadt",38829
8438,2024,DEB32,"Kaiserslautern, Kreisfreie Stadt",83455
8439,2024,DEB33,"Landau in der Pfalz, Kreisfreie Stadt",39722
8440,2024,DEB34,"Ludwigshafen am Rhein, Kreisfreie Stadt",139332
8441,2024,DEB35,"Mainz, Kreisfreie Stadt",186139
8442,2024,DEB36,"Neustadt an der Weinstraße, Kreisfreie Stadt",43035
8443,2024,DEB37,"Pirmasens, Kreisfreie Stadt",32531
8444,2024,DEB38,"Speyer, Kreisfreie Stadt",41028
8445,2024,DEB39,"Worms, Kreisfreie Stadt",69270
8446,2024,DEB3A,"Zweibrücken, Kreisfreie Stadt",27287
8447,2024,DEB3B,Alzey-Worms,105157
8448,2024,DEB3C,Bad Dürkheim,110409
8449,2024,DEB3D,Donnersbergkreis,60839
8450,2024,DEB3E,Germersheim,106124
8451,2024,DEB3F,"Kaiserslautern, Landkreis",84914
8452,2024,DEB3G,Kusel,57427
8453,2024,DEB3H,Südliche Weinstraße,92736
8454,2024,DEB3I,Rhein-Pfalz-Kreis,125407
8455,2024,DEB3J,Mainz-Bingen,165847
8456,2024,DEB3K,Südwestpfalz,75248
8457,2024,DEC01,Regionalverband Saarbrücken,274195
8458,2024,DEC02,Merzig-Wadern,90386
8459,2024,DEC03,Neunkirchen,110654
8460,2024,DEC04,Saarlouis,170662
8461,2024,DEC05,Saarpfalz-Kreis,120434
8462,2024,DEC06,St. Wendel,73579
8463,2024,DED21,"Dresden, Kreisfreie Stadt",455711
8464,2024,DED2C,Bautzen,241074
8465,2024,DED2D,Görlitz,203703
8466,2024,DED2E,Meißen,196901
8467,2024,DED2F,Sächsische Schweiz-Osterzgebirge,199301
8468,2024,DED41,"Chemnitz, Kreisfreie Stadt",201459
8469,2024,DED42,Erzgebirgskreis,266148
8470,2024,DED43,Mittelsachsen,245814
8471,2024,DED44,Vogtlandkreis,184884
8472,2024,DED45,Zwickau,257475
8473,2024,DED51,"Leipzig, Kreisfreie Stadt",497589
8474,2024,DED52,Leipzig,212941
8475,2024,DED53,Nordsachsen,164676
8476,2024,DEE01,"Dessau-Roßlau, Kreisfreie Stadt",64177
8477,2024,DEE02,"Halle (Saale), Kreisfreie Stadt",186157
8478,2024,DEE03,"Magdeburg, Kreisfreie Stadt",200580
8479,2024,DEE04,Altmarkkreis Salzwedel,66758
8480,2024,DEE05,Anhalt-Bitterfeld,129176
8481,2024,DEE06,Jerichower Land,73674
8482,2024,DEE07,Börde,138769
8483,2024,DEE08,Burgenlandkreis,146039
8484,2024,DEE09,Harz,174898
8485,2024,DEE0A,Mansfeld-Südharz,110285
8486,2024,DEE0B,Saalekreis,150687
8487,2024,DEE0C,Salzlandkreis,152764
8488,2024,DEE0D,Stendal,88632
8489,2024,DEE0E,Wittenberg,102529
8490,2024,DEF01,"Flensburg, Kreisfreie Stadt",79416
8491,2024,DEF02,"Kiel, Kreisfreie Stadt",209050
8492,2024,DEF03,"Lübeck, Kreisfreie Stadt",180231
8493,2024,DEF04,"Neumünster, Kreisfreie Stadt",64938
8494,2024,DEF05,Dithmarschen,109803
8495,2024,DEF06,Herzogtum Lauenburg,165119
8496,2024,DEF07,Nordfriesland,139989
8497,2024,DEF08,Ostholstein,169353
8498,2024,DEF09,Pinneberg,261932
8499,2024,DEF0A,Plön,107100
8500,2024,DEF0B,Rendsburg-Eckernförde,225558
8501,2024,DEF0C,Schleswig-Flensburg,165450
8502,2024,DEF0D,Segeberg,228431
8503,2024,DEF0E,Steinburg,108303
8504,2024,DEF0F,Stormarn,197759
8505,2024,DEG01,"Erfurt, Kreisfreie Stadt",180524
8506,2024,DEG02,"Gera, Kreisfreie Stadt",79133
8507,2024,DEG03,"Jena, Kreisfreie Stadt",90558
8508,2024,DEG05,"Weimar, Kreisfreie Stadt",53542
8509,2024,DEG06,Eichsfeld,83069
8510,2024,DEG07,Nordhausen,67407
8511,2024,DEG09,Unstrut-Hainich-Kreis,78811
8512,2024,DEG0A,Kyffhäuserkreis,60571
8513,2024,DEG0C,Gotha,113313
8514,2024,DEG0D,Sömmerda,55936
8515,2024,DEG0E,Hildburghausen,50498
8516,2024,DEG0G,Weimarer Land,66971
8517,2024,DEG0J,Saale-Holzland-Kreis,69334
8518,2024,DEG0K,Saale-Orla-Kreis,64796
8519,2024,DEG0L,Greiz,79175
8520,2024,DEG0M,Altenburger Land,73995
8521,2024,DEG0Q,Schmalkalden-Meiningen,101232
8522,2024,DEG0R,Wartburgkreis,129660
8523,2024,DEG0S,"Suhl, Kreisfreie Stadt",31178
8524,2024,DEG0T,Ilm-Kreis,88808
8525,2024,DEG0U,Saalfeld-Rudolstadt,84920
8526,2024,DEG0V,Sonneberg,47409
8527,2024,ES111,A Coruña,951538
8528,2024,ES112,Lugo,280610
8529,2024,ES113,Ourense,263981
8530,2024,ES114,Pontevedra,793061
8531,2024,ES120,Asturias,865453
8532,2024,ES130,Cantabria,491294
8533,2024,ES211,Araba/Álava,275270
8534,2024,ES212,Gipuzkoa,596672
8535,2024,ES213,Bizkaia,964074
8536,2024,ES220,Navarra,543435
8537,2024,ES230,La Rioja,263436
8538,2024,ES241,Huesca,187536
8539,2024,ES242,Teruel,111630
8540,2024,ES243,Zaragoza,806349
8541,2024,ES300,Madrid,5672606
8542,2024,ES411,Ávila,134799
8543,2024,ES412,Burgos,299355
8544,2024,ES413,León,384832
8545,2024,ES414,Palencia,134249
8546,2024,ES415,Salamanca,277840
8547,2024,ES416,Segovia,129804
8548,2024,ES417,Soria,75256
8549,2024,ES418,Valladolid,435748
8550,2024,ES419,Zamora,145164
8551,2024,ES421,Albacete,317006
8552,2024,ES422,Ciudad Real,402150
8553,2024,ES423,Cuenca,165867
8554,2024,ES424,Guadalajara,222328
8555,2024,ES425,Toledo,587685
8556,2024,ES431,Badajoz,542887
8557,2024,ES432,Cáceres,325545
8558,2024,ES511,Barcelona,4757768
8559,2024,ES512,Girona,652896
8560,2024,ES513,Lleida,363614
8561,2024,ES514,Tarragona,688324
8562,2024,ES521,Alicante/Alacant,1614262
8563,2024,ES522,Castellón/Castelló,496560
8564,2024,ES523,Valencia/València,2196992
8565,2024,ES531,Eivissa y Formentera,142526
8566,2024,ES532,Mallorca,774196
8567,2024,ES533,Menorca,83090
8568,2024,ES611,Almería,596060
8569,2024,ES612,Cádiz,1008028
8570,2024,ES613,Córdoba,628537
8571,2024,ES614,Granada,757450
8572,2024,ES615,Huelva,430522
8573,2024,ES616,Jaén,505306
8574,2024,ES617,Málaga,1424498
8575,2024,ES618,Sevilla,1561627
8576,2024,ES620,Murcia,1225475
8577,2024,ES630,Ceuta,62582
8578,2024,ES640,Melilla,62566
8579,2024,ES703,El Hierro,10062
8580,2024,ES704,Fuerteventura,102499
8581,2024,ES705,Gran Canaria,728042
8582,2024,ES706,La Gomera,19437
8583,2024,ES707,La Palma,72427
8584,2024,ES708,Lanzarote,132622
8585,2024,ES709,Tenerife,799022
8586,2024,FR101,Paris,1720331
8587,2024,FR102,Seine-et-Marne,1085836
8588,2024,FR103,Yvelines,1109815
8589,2024,FR104,Essonne,991295
8590,2024,FR105,Hauts-de-Seine,1279092
8591,2024,FR106,Seine-Saint-Denis,1249063
8592,2024,FR107,Val-de-Marne,1085934
8593,2024,FR108,Val-d'Oise,935514
8594,2024,FRB01,Cher,235595
8595,2024,FRB02,Eure-et-Loir,328177
8596,2024,FRB03,Indre,173691
8597,2024,FRB04,Indre-et-Loire,480669
8598,2024,FRB05,Loir-et-Cher,257531
8599,2024,FRB06,Loiret,523622
8600,2024,FRC11,Côte-d’Or,422857
8601,2024,FRC12,Nièvre,162974
8602,2024,FRC13,Saône-et-Loire,435043
8603,2024,FRC14,Yonne,259487
8604,2024,FRC21,Doubs,416130
8605,2024,FRC22,Jura,201944
8606,2024,FRC23,Haute-Saône,181920
8607,2024,FRC24,Territoire de Belfort,107736
8608,2024,FRD11,Calvados,553809
8609,2024,FRD12,Manche,394428
8610,2024,FRD13,Orne,216539
8611,2024,FRD21,Eure,455676
8612,2024,FRD22,Seine-Maritime,964124
8613,2024,FRE11,Nord,1965113
8614,2024,FRE12,Pas-de-Calais,1099556
8615,2024,FRE21,Aisne,396076
8616,2024,FRE22,Oise,617012
8617,2024,FRE23,Somme,434989
8618,2024,FRF11,Bas-Rhin,909660
8619,2024,FRF12,Haut-Rhin,600699
8620,2024,FRF21,Ardennes,204734
8621,2024,FRF22,Aube,236922
8622,2024,FRF23,Marne,432127
8623,2024,FRF24,Haute-Marne,133000
8624,2024,FRF31,Meurthe-et-Moselle,565254
8625,2024,FRF32,Meuse,140953
8626,2024,FRF33,Moselle,822615
8627,2024,FRF34,Vosges,282268
8628,2024,FRG01,Loire-Atlantique,1141015
8629,2024,FRG02,Maine-et-Loire,633096
8630,2024,FRG03,Mayenne,232756
8631,2024,FRG04,Sarthe,433422
8632,2024,FRG05,Vendée,564248
8633,2024,FRH01,Côtes-d’Armor,484240
8634,2024,FRH02,Finistère,741345
8635,2024,FRH03,Ille-et-Vilaine,854940
8636,2024,FRH04,Morbihan,625093
8637,2024,FRI11,Dordogne,341956
8638,2024,FRI12,Gironde,1328211
8639,2024,FRI13,Landes,349944
8640,2024,FRI14,Lot-et-Garonne,265021
8641,2024,FRI15,Pyrénées-Atlantiques,568924
8642,2024,FRI21,Corrèze,195029
8643,2024,FRI22,Creuse,94603
8644,2024,FRI23,Haute-Vienne,296243
8645,2024,FRI31,Charente,282447
8646,2024,FRI32,Charente-Maritime,547429
8647,2024,FRI33,Deux-Sèvres,293105
8648,2024,FRI34,Vienne,340518
8649,2024,FRJ11,Aude,303226
8650,2024,FRJ12,Gard,604696
8651,2024,FRJ13,Hérault,970611
8652,2024,FRJ14,Lozère,61289
8653,2024,FRJ15,Pyrénées-Orientales,396768
8654,2024,FRJ21,Ariège,125686
8655,2024,FRJ22,Aveyron,224369
8656,2024,FRJ23,Haute-Garonne,1143351
8657,2024,FRJ24,Gers,155057
8658,2024,FRJ25,Lot,145161
8659,2024,FRJ26,Hautes-Pyrénées,187044
8660,2024,FRJ27,Tarn,315359
8661,2024,FRJ28,Tarn-et-Garonne,204446
8662,2024,FRK11,Allier,266930
8663,2024,FRK12,Cantal,117664
8664,2024,FRK13,Haute-Loire,180440
8665,2024,FRK14,Puy-de-Dôme,521368
8666,2024,FRK21,Ain,513919
8667,2024,FRK22,Ardèche,265049
8668,2024,FRK23,Drôme,405661
8669,2024,FRK24,Isère,988372
8670,2024,FRK25,Loire,592206
8671,2024,FRK26,Rhône,1455068
8672,2024,FRK27,Savoie,350945
8673,2024,FRK28,Haute-Savoie,662072
8674,2024,FRL01,Alpes-de-Haute-Provence,134793
8675,2024,FRL02,Hautes-Alpes,115536
8676,2024,FRL03,Alpes-Maritimes,905404
8677,2024,FRL04,Bouches-du-Rhône,1627827
8678,2024,FRL05,Var,904078
8679,2024,FRL06,Vaucluse,446186
8680,2024,FRM01,Corse-du-Sud,136245
8681,2024,FRM02,Haute-Corse,152453
8682,2024,FRY10,Guadeloupe,320454
8683,2024,FRY20,Martinique,285499
8684,2024,FRY30,Guyane,176547
8685,2024,FRY40,La Réunion,642605
8686,2024,FRY50,Mayotte,148303
8687,2024,HU110,Budapest,1397369
8688,2024,HU120,Pest,1036668
8689,2024,HU211,Fejér,336487
8690,2024,HU212,Komárom-Esztergom,243154
8691,2024,HU213,Veszprém,273309
8692,2024,HU221,Győr-Moson-Sopron,378906
8693,2024,HU222,Vas,203052
8694,2024,HU223,Zala,215728
8695,2024,HU231,Baranya,288204
8696,2024,HU232,Somogy,239229
8697,2024,HU233,Tolna,167492
8698,2024,HU311,Borsod-Abaúj-Zemplén,483154
8699,2024,HU312,Heves,228745
8700,2024,HU313,Nógrád,145331
8701,2024,HU321,Hajdú-Bihar,412640
8702,2024,HU322,Jász-Nagykun-Szolnok,282147
8703,2024,HU323,Szabolcs-Szatmár-Bereg,408535
8704,2024,HU331,Bács-Kiskun,394663
8705,2024,HU332,Békés,254509
8706,2024,HU333,Csongrád-Csanád,317929
8707,2024,ITC11,Torino,1847560
8708,2024,ITC12,Vercelli,140322
8709,2024,ITC13,Biella,144678
8710,2024,ITC14,Verbano-Cusio-Ossola,131238
8711,2024,ITC15,Novara,302272
8712,2024,ITC16,Cuneo,480544
8713,2024,ITC17,Asti,174164
8714,2024,ITC18,Alessandria,346134
8715,2024,ITC20,Valle d’Aosta/Vallée d’Aoste,102276
8716,2024,ITC31,Imperia,177272
8717,2024,ITC32,Savona,228916
8718,2024,ITC33,Genova,695744
8719,2024,ITC34,La Spezia,182523
8720,2024,ITC41,Varese,727608
8721,2024,ITC42,Como,495417
8722,2024,ITC43,Lecco,275993
8723,2024,ITC44,Sondrio,148737
8724,2024,ITC46,Bergamo,906785
8725,2024,ITC47,Brescia,1032261
8726,2024,ITC48,Pavia,451057
8727,2024,ITC49,Lodi,188015
8728,2024,ITC4A,Cremona,293741
8729,2024,ITC4B,Mantova,336869
8730,2024,ITC4C,Milano,2682896
8731,2024,ITC4D,Monza e della Brianza,720367
8732,2024,ITF11,L’Aquila,241790
8733,2024,ITF12,Teramo,250107
8734,2024,ITF13,Pescara,258934
8735,2024,ITF14,Chieti,311594
8736,2024,ITF21,Isernia,67477
8737,2024,ITF22,Campobasso,178207
8738,2024,ITF31,Caserta,727402
8739,2024,ITF32,Benevento,218522
8740,2024,ITF33,Napoli,2375270
8741,2024,ITF34,Avellino,332080
8742,2024,ITF35,Salerno,870066
8743,2024,ITF43,Taranto,459626
8744,2024,ITF44,Brindisi,315181
8745,2024,ITF45,Lecce,642868
8746,2024,ITF46,Foggia,486264
8747,2024,ITF47,Bari,1010991
8748,2024,ITF48,Barletta-Andria-Trani,308829
8749,2024,ITF51,Potenza,290106
8750,2024,ITF52,Matera,158680
8751,2024,ITF61,Cosenza,556894
8752,2024,ITF62,Crotone,130237
8753,2024,ITF63,Catanzaro,282189
8754,2024,ITF64,Vibo Valentia,123970
8755,2024,ITF65,Reggio Calabria,420095
8756,2024,ITG11,Trapani,341013
8757,2024,ITG12,Palermo,970785
8758,2024,ITG13,Messina,499369
8759,2024,ITG14,Agrigento,337238
8760,2024,ITG15,Caltanissetta,202004
8761,2024,ITG16,Enna,127868
8762,2024,ITG17,Catania,864237
8763,2024,ITG18,Ragusa,258609
8764,2024,ITG19,Siracusa,315209
8765,2024,ITG2D,Sassari,402726
8766,2024,ITG2E,Nuoro,167116
8767,2024,ITG2F,Cagliari,358411
8768,2024,ITG2G,Oristano,129332
8769,2024,ITG2H,Sud Sardegna,286838
8770,2024,ITH10,Bolzano-Bozen,426729
8771,2024,ITH20,Trento,445020
8772,2024,ITH31,Verona,761776
8773,2024,ITH32,Vicenza,703601
8774,2024,ITH33,Belluno,167894
8775,2024,ITH34,Treviso,723162
8776,2024,ITH35,Venezia,701369
8777,2024,ITH36,Padova,775185
8778,2024,ITH37,Rovigo,194539
8779,2024,ITH41,Pordenone,257315
8780,2024,ITH42,Udine,438536
8781,2024,ITH43,Gorizia,116409
8782,2024,ITH44,Trieste,194743
8783,2024,ITH51,Piacenza,237579
8784,2024,ITH52,Parma,375252
8785,2024,ITH53,Reggio nell’Emilia,432985
8786,2024,ITH54,Modena,582120
8787,2024,ITH55,Bologna,850506
8788,2024,ITH56,Ferrara,290266
8789,2024,ITH57,Ravenna,323867
8790,2024,ITH58,Forlì-Cesena,326243
8791,2024,ITH59,Rimini,282649
8792,2024,ITI11,Massa-Carrara,159929
8793,2024,ITI12,Lucca,322345
8794,2024,ITI13,Pistoia,242817
8795,2024,ITI14,Firenze,827721
8796,2024,ITI15,Prato,214343
8797,2024,ITI16,Livorno,276171
8798,2024,ITI17,Pisa,348252
8799,2024,ITI18,Arezzo,279938
8800,2024,ITI19,Siena,218114
8801,2024,ITI1A,Grosseto,184007
8802,2024,ITI21,Perugia,532171
8803,2024,ITI22,Terni,183296
8804,2024,ITI31,Pesaro e Urbino,291395
8805,2024,ITI32,Ancona,385735
8806,2024,ITI33,Macerata,252991
8807,2024,ITI34,Ascoli Piceno,169386
8808,2024,ITI35,Fermo,140713
8809,2024,ITI41,Viterbo,259484
8810,2024,ITI42,Rieti,127691
8811,2024,ITI43,Roma,3492322
8812,2024,ITI44,Latina,467273
8813,2024,ITI45,Frosinone,388340
8814,2024,PL213,Miasto Kraków,652598
8815,2024,PL214,Krakowski,579156
8816,2024,PL217,Tarnowski,334460
8817,2024,PL218,Nowosądecki,387246
8818,2024,PL219,Nowotarski,246877
8819,2024,PL21A,Oświęcimski,412672
8820,2024,PL224,Częstochowski,390178
8821,2024,PL225,Bielski,507807
8822,2024,PL227,Rybnicki,466024
8823,2024,PL228,Bytomski,324315
8824,2024,PL229,Gliwicki,346036
8825,2024,PL22A,Katowicki,555860
8826,2024,PL22B,Sosnowiecki,521524
8827,2024,PL22C,Tyski,301969
8828,2024,PL411,Pilski,301613
8829,2024,PL414,Koniński,491134
8830,2024,PL415,Miasto Poznań,443540
8831,2024,PL416,Kaliski,506133
8832,2024,PL417,Leszczyński,420133
8833,2024,PL418,Poznański,544732
8834,2024,PL424,Miasto Szczecin,317101
8835,2024,PL426,Koszaliński,269687
8836,2024,PL427,Szczecinecko-pyrzycki,305358
8837,2024,PL428,Szczeciński,391407
8838,2024,PL431,Gorzowski,288733
8839,2024,PL432,Zielonogórski,471842
8840,2024,PL514,Miasto Wrocław,555227
8841,2024,PL515,Jeleniogórski,418306
8842,2024,PL516,Legnicko-głogowski,335886
8843,2024,PL517,Wałbrzyski,479510
8844,2024,PL518,Wrocławski,489225
8845,2024,PL523,Nyski,271723
8846,2024,PL524,Opolski,453717
8847,2024,PL613,Bydgosko-toruński,598037
8848,2024,PL616,Grudziądzki,284078
8849,2024,PL617,Inowrocławski,266149
8850,2024,PL618,Świecki,135462
8851,2024,PL619,Włocławski,263638
8852,2024,PL621,Elbląski,379833
8853,2024,PL622,Olsztyński,452039
8854,2024,PL623,Ełcki,203710
8855,2024,PL633,Trójmiejski,610040
8856,2024,PL634,Gdański,470259
8857,2024,PL636,Słupski,246495
8858,2024,PL637,Chojnicki,164247
8859,2024,PL638,Starogardzki,312078
8860,2024,PL711,Miasto Łódź,542123
8861,2024,PL712,Łódzki,308833
8862,2024,PL713,Piotrkowski,432846
8863,2024,PL714,Sieradzki,333958
8864,2024,PL715,Skierniewicki,270736
8865,2024,PL721,Kielecki,562464
8866,2024,PL722,Sandomiersko-jędrzejowski,352227
8867,2024,PL811,Bialski,216680
8868,2024,PL812,Chełmsko-zamojski,447401
8869,2024,PL814,Lubelski,544232
8870,2024,PL815,Puławski,344830
8871,2024,PL821,Krośnieński,346293
8872,2024,PL822,Przemyski,279383
8873,2024,PL823,Rzeszowski,481274
8874,2024,PL824,Tarnobrzeski,441791
8875,2024,PL841,Białostocki,388264
8876,2024,PL842,Łomżyński,280443
8877,2024,PL843,Suwalski,193489
8878,2024,PL911,Miasto Warszawa,1511525
8879,2024,PL912,Warszawski wschodni,526365
8880,2024,PL913,Warszawski zachodni,552364
8881,2024,PL921,Radomski,447145
8882,2024,PL922,Ciechanowski,253540
8883,2024,PL923,Płocki,244217
8884,2024,PL924,Ostrołęcki,280830
8885,2024,PL925,Siedlecki,308460
8886,2024,PL926,Żyrardowski,200757
8887,2024,RO111,Bihor,431547
8888,2024,RO112,Bistriţa-Năsăud,226771
8889,2024,RO113,Cluj,553602
8890,2024,RO114,Maramureş,353805
8891,2024,RO115,Satu Mare,255705
8892,2024,RO116,Sălaj,162980
8893,2024,RO121,Alba,260010
8894,2024,RO122,Braşov,429974
8895,2024,RO123,Covasna,153903
8896,2024,RO124,Harghita,225852
8897,2024,RO125,Mureş,402353
8898,2024,RO126,Sibiu,304163
8899,2024,RO211,Bacău,454494
8900,2024,RO212,Botoşani,300216
8901,2024,RO213,Iaşi,570194
8902,2024,RO214,Neamţ,348363
8903,2024,RO215,Suceava,476657
8904,2024,RO216,Vaslui,275139
8905,2024,RO221,Brăila,222592
8906,2024,RO222,Buzău,318180
8907,2024,RO223,Constanţa,511624
8908,2024,RO224,Galaţi,386508
8909,2024,RO225,Tulcea,150350
8910,2024,RO226,Vrancea,258389
8911,2024,RO311,Argeş,454763
8912,2024,RO312,Călăraşi,217064
8913,2024,RO313,Dâmboviţa,377650
8914,2024,RO314,Giurgiu,206092
8915,2024,RO315,Ialomiţa,189610
8916,2024,RO316,Prahova,553065
8917,2024,RO317,Teleorman,257629
8918,2024,RO321,Bucureşti,1372395
8919,2024,RO322,Ilfov,448547
8920,2024,RO411,Dolj,473297
8921,2024,RO412,Gorj,252438
8922,2024,RO413,Mehedinţi,185516
8923,2024,RO414,Olt,306859
8924,2024,RO415,Vâlcea,277327
8925,2024,RO421,Arad,323632
8926,2024,RO422,Caraş-Severin,196676
8927,2024,RO423,Hunedoara,289402
8928,2024,RO424,Timiş,523002
8929,2025,DE111,"Stuttgart, Stadtkreis",504353
8930,2025,DE112,Böblingen,314672
8931,2025,DE113,Esslingen,433383
8932,2025,DE114,Göppingen,208082
8933,2025,DE115,Ludwigsburg,428237
8934,2025,DE116,Rems-Murr-Kreis,355066
8935,2025,DE117,"Heilbronn, Stadtkreis",105505
8936,2025,DE118,"Heilbronn, Landkreis",282585
8937,2025,DE119,Hohenlohekreis,92770
8938,2025,DE11A,Schwäbisch Hall,160315
8939,2025,DE11B,Main-Tauber-Kreis,108519
8940,2025,DE11C,Heidenheim,109092
8941,2025,DE11D,Ostalbkreis,255389
8942,2025,DE121,"Baden-Baden, Stadtkreis",47329
8943,2025,DE122,"Karlsruhe, Stadtkreis",257632
8944,2025,DE123,"Karlsruhe, Landkreis",369778
8945,2025,DE124,Rastatt,187480
8946,2025,DE125,"Heidelberg, Stadtkreis",128846
8947,2025,DE126,"Mannheim, Stadtkreis",262149
8948,2025,DE127,Neckar-Odenwald-Kreis,117934
8949,2025,DE128,Rhein-Neckar-Kreis,451727
8950,2025,DE129,"Pforzheim, Stadtkreis",107133
8951,2025,DE12A,Calw,129285
8952,2025,DE12B,Enzkreis,160086
8953,2025,DE12C,Freudenstadt,98430
8954,2025,DE131,"Freiburg im Breisgau, Stadtkreis",194354
8955,2025,DE132,Breisgau-Hochschwarzwald,218669
8956,2025,DE133,Emmendingen,136314
8957,2025,DE134,Ortenaukreis,357493
8958,2025,DE135,Rottweil,111746
8959,2025,DE136,Schwarzwald-Baar-Kreis,171881
8960,2025,DE137,Tuttlingen,114337
8961,2025,DE138,Konstanz,236952
8962,2025,DE139,Lörrach,190348
8963,2025,DE13A,Waldshut,136828
8964,2025,DE141,Reutlingen,235499
8965,2025,DE142,"Tübingen, Landkreis",188518
8966,2025,DE143,Zollernalbkreis,156259
8967,2025,DE144,"Ulm, Stadtkreis",105950
8968,2025,DE145,Alb-Donau-Kreis,160347
8969,2025,DE146,Biberach,164060
8970,2025,DE147,Bodenseekreis,178876
8971,2025,DE148,Ravensburg,233166
8972,2025,DE149,Sigmaringen,106326
8973,2025,DE211,"Ingolstadt, Kreisfreie Stadt",113442
8974,2025,DE212,"München, Kreisfreie Stadt",1238734
8975,2025,DE213,"Rosenheim, Kreisfreie Stadt",53184
8976,2025,DE214,Altötting,91634
8977,2025,DE215,Berchtesgadener Land,86073
8978,2025,DE216,Bad Tölz-Wolfratshausen,104818
8979,2025,DE217,Dachau,123048
8980,2025,DE218,Ebersberg,114103
8981,2025,DE219,Eichstätt,106475
8982,2025,DE21A,Erding,112149
8983,2025,DE21B,Freising,148585
8984,2025,DE21C,Fürstenfeldbruck,174825
8985,2025,DE21D,Garmisch-Partenkirchen,73839
8986,2025,DE21E,Landsberg am Lech,97973
8987,2025,DE21F,Miesbach,79092
8988,2025,DE21G,Mühldorf a. Inn,98230
8989,2025,DE21H,"München, Landkreis",283005
8990,2025,DE21I,Neuburg-Schrobenhausen,78957
8991,2025,DE21J,Pfaffenhofen a. d. Ilm,104297
8992,2025,DE21K,"Rosenheim, Landkreis",208235
8993,2025,DE21L,Starnberg,111760
8994,2025,DE21M,Traunstein,142247
8995,2025,DE21N,Weilheim-Schongau,111268
8996,2025,DE221,"Landshut, Kreisfreie Stadt",58541
8997,2025,DE222,"Passau, Kreisfreie Stadt",44552
8998,2025,DE223,"Straubing, Kreisfreie Stadt",40770
8999,2025,DE224,Deggendorf,99933
9000,2025,DE225,Freyung-Grafenau,65119
9001,2025,DE226,Kelheim,100679
9002,2025,DE227,"Landshut, Landkreis",129366
9003,2025,DE228,"Passau, Landkreis",159831
9004,2025,DE229,Regen,63526
9005,2025,DE22A,Rottal-Inn,97773
9006,2025,DE22B,Straubing-Bogen,82824
9007,2025,DE22C,Dingolfing-Landau,81906
9008,2025,DE231,"Amberg, Kreisfreie Stadt",35171
9009,2025,DE232,"Regensburg, Kreisfreie Stadt",126532
9010,2025,DE233,"Weiden i. d. Opf, Kreisfreie Stadt",35161
9011,2025,DE234,Amberg-Sulzbach,84695
9012,2025,DE235,Cham,105343
9013,2025,DE236,Neumarkt i. d. OPf.,111754
9014,2025,DE237,Neustadt a. d. Waldnaab,78130
9015,2025,DE238,"Regensburg, Landkreis",157237
9016,2025,DE239,Schwandorf,121563
9017,2025,DE23A,Tirschenreuth,59610
9018,2025,DE241,"Bamberg, Kreisfreie Stadt",64205
9019,2025,DE242,"Bayreuth, Kreisfreie Stadt",61475
9020,2025,DE243,"Coburg, Kreisfreie Stadt",34269
9021,2025,DE244,"Hof, Kreisfreie Stadt",38167
9022,2025,DE245,"Bamberg, Landkreis",119060
9023,2025,DE246,"Bayreuth, Landkreis",84493
9024,2025,DE247,"Coburg, Landkreis",69432
9025,2025,DE248,Forchheim,93866
9026,2025,DE249,"Hof, Landkreis",76595
9027,2025,DE24A,Kronach,54317
9028,2025,DE24B,Kulmbach,59622
9029,2025,DE24C,Lichtenfels,55444
9030,2025,DE24D,Wunsiedel i. Fichtelgebirge,58552
9031,2025,DE251,"Ansbach, Kreisfreie Stadt",33032
9032,2025,DE252,"Erlangen, Kreisfreie Stadt",95304
9033,2025,DE253,"Fürth, Kreisfreie Stadt",108281
9034,2025,DE254,"Nürnberg, Kreisfreie Stadt",434525
9035,2025,DE255,"Schwabach, Kreisfreie Stadt",33014
9036,2025,DE256,"Ansbach, Landkreis",150665
9037,2025,DE257,Erlangen-Höchstadt,110206
9038,2025,DE258,"Fürth, Landkreis",95465
9039,2025,DE259,Nürnberger Land,137046
9040,2025,DE25A,Neustadt a. d. Aisch-Bad Windsheim,81638
9041,2025,DE25B,Roth,104011
9042,2025,DE25C,Weißenburg-Gunzenhausen,76515
9043,2025,DE261,"Aschaffenburg, Kreisfreie Stadt",59992
9044,2025,DE262,"Schweinfurt, Kreisfreie Stadt",44165
9045,2025,DE263,"Würzburg, Kreisfreie Stadt",113266
9046,2025,DE264,"Aschaffenburg, Landkreis",139223
9047,2025,DE265,Bad Kissingen,84983
9048,2025,DE266,Rhön-Grabfeld,64470
9049,2025,DE267,Haßberge,68088
9050,2025,DE268,Kitzingen,73793
9051,2025,DE269,Miltenberg,103472
9052,2025,DE26A,Main-Spessart,102932
9053,2025,DE26B,"Schweinfurt, Landkreis",92271
9054,2025,DE26C,"Würzburg, Landkreis",130782
9055,2025,DE271,"Augsburg, Kreisfreie Stadt",247541
9056,2025,DE272,"Kaufbeuren, Kreisfreie Stadt",37196
9057,2025,DE273,"Kempten (Allgäu), Kreisfreie Stadt",55290
9058,2025,DE274,"Memmingen, Kreisfreie Stadt",35608
9059,2025,DE275,Aichach-Friedberg,108843
9060,2025,DE276,"Augsburg, Landkreis",209469
9061,2025,DE277,Dillingen a.d. Donau,79268
9062,2025,DE278,Günzburg,104122
9063,2025,DE279,Neu-Ulm,147852
9064,2025,DE27A,Lindau (Bodensee),67026
9065,2025,DE27B,Ostallgäu,113714
9066,2025,DE27C,Unterallgäu,117904
9067,2025,DE27D,Donau-Ries,108742
9068,2025,DE27E,Oberallgäu,126013
9069,2025,DE300,Berlin,3008044
9070,2025,DE401,"Brandenburg an der Havel, Kreisfreie Stadt",61864
9071,2025,DE402,"Cottbus, Kreisfreie Stadt",78924
9072,2025,DE403,"Frankfurt (Oder), Kreisfreie Stadt",47781
9073,2025,DE404,"Potsdam, Kreisfreie Stadt",148884
9074,2025,DE405,Barnim,158375
9075,2025,DE406,Dahme-Spreewald,145892
9076,2025,DE407,Elbe-Elster,82076
9077,2025,DE408,Havelland,138699
9078,2025,DE409,Märkisch-Oderland,161560
9079,2025,DE40A,Oberhavel,178137
9080,2025,DE40B,Oberspreewald-Lausitz,90223
9081,2025,DE40C,Oder-Spree,148671
9082,2025,DE40D,Ostprignitz-Ruppin,82600
9083,2025,DE40E,Potsdam-Mittelmark,179465
9084,2025,DE40F,Prignitz,63562
9085,2025,DE40G,Spree-Neiße,91883
9086,2025,DE40H,Teltow-Fläming,144131
9087,2025,DE40I,Uckermark,98360
9088,2025,DE501,"Bremen, Kreisfreie Stadt",473761
9089,2025,DE502,"Bremerhaven, Kreisfreie Stadt",94421
9090,2025,DE600,Hamburg,1510489
9091,2025,DE711,"Darmstadt, Kreisfreie Stadt",136782
9092,2025,DE712,"Frankfurt am Main, Kreisfreie Stadt",614961
9093,2025,DE713,"Offenbach am Main, Kreisfreie Stadt",106218
9094,2025,DE714,"Wiesbaden, Kreisfreie Stadt",233082
9095,2025,DE715,Bergstraße,222616
9096,2025,DE716,Darmstadt-Dieburg,243341
9097,2025,DE717,Groß-Gerau,213189
9098,2025,DE718,Hochtaunuskreis,193670
9099,2025,DE719,Main-Kinzig-Kreis,339572
9100,2025,DE71A,Main-Taunus-Kreis,190606
9101,2025,DE71B,Odenwaldkreis,76857
9102,2025,DE71C,"Offenbach, Landkreis",287106
9103,2025,DE71D,Rheingau-Taunus-Kreis,151377
9104,2025,DE71E,Wetteraukreis,251681
9105,2025,DE721,"Gießen, Landkreis",218943
9106,2025,DE722,Lahn-Dill-Kreis,205347
9107,2025,DE723,Limburg-Weilburg,140984
9108,2025,DE724,Marburg-Biedenkopf,198012
9109,2025,DE725,Vogelsbergkreis,83251
9110,2025,DE731,"Kassel, Kreisfreie Stadt",160649
9111,2025,DE732,Fulda,179659
9112,2025,DE733,Hersfeld-Rotenburg,95572
9113,2025,DE734,"Kassel, Landkreis",189006
9114,2025,DE735,Schwalm-Eder-Kreis,147353
9115,2025,DE736,Waldeck-Frankenberg,126440
9116,2025,DE737,Werra-Meißner-Kreis,80989
9117,2025,DE803,"Rostock, Kreisfreie Stadt",172485
9118,2025,DE804,"Schwerin, Kreisfreie Stadt",81206
9119,2025,DE80J,Mecklenburgische Seenplatte,204805
9120,2025,DE80K,Landkreis Rostock,178623
9121,2025,DE80L,Vorpommern-Rügen,180464
9122,2025,DE80M,Nordwestmecklenburg,129062
9123,2025,DE80N,Vorpommern-Greifswald,187656
9124,2025,DE80O,Ludwigslust-Parchim,171576
9125,2025,DE911,"Braunschweig, Kreisfreie Stadt",211107
9126,2025,DE912,"Salzgitter, Kreisfreie Stadt",83267
9127,2025,DE913,"Wolfsburg, Kreisfreie Stadt",104015
9128,2025,DE914,Gifhorn,139591
9129,2025,DE916,Goslar,106673
9130,2025,DE917,Helmstedt,73617
9131,2025,DE918,Northeim,103864
9132,2025,DE91A,Peine,109204
9133,2025,DE91B,Wolfenbüttel,96914
9134,2025,DE91C,Göttingen,272182
9135,2025,DE922,Diepholz,178907
9136,2025,DE923,Hameln-Pyrmont,122746
9137,2025,DE925,Hildesheim,219466
9138,2025,DE926,Holzminden,54043
9139,2025,DE927,Nienburg (Weser),98018
9140,2025,DE928,Schaumburg,128727
9141,2025,DE929,Region Hannover,929463
9142,2025,DE931,Celle,139083
9143,2025,DE932,Cuxhaven,162639
9144,2025,DE933,Harburg,214946
9145,2025,DE934,Lüchow-Dannenberg,38626
9146,2025,DE935,"Lüneburg, Landkreis",145175
9147,2025,DE936,Osterholz,91780
9148,2025,DE937,Rotenburg (Wümme),134457
9149,2025,DE938,Heidekreis,114616
9150,2025,DE939,Stade,166730
9151,2025,DE93A,Uelzen,75549
9152,2025,DE93B,Verden,110772
9153,2025,DE941,"Delmenhorst, Kreisfreie Stadt",65240
9154,2025,DE942,"Emden, Kreisfreie Stadt",39892
9155,2025,DE943,"Oldenburg (Oldenburg), Kreisfreie Stadt",146024
9156,2025,DE944,"Osnabrück, Kreisfreie Stadt",137502
9157,2025,DE945,"Wilhelmshaven, Kreisfreie Stadt",62882
9158,2025,DE946,Ammerland,103275
9159,2025,DE947,Aurich,154665
9160,2025,DE948,Cloppenburg,137550
9161,2025,DE949,Emsland,266442
9162,2025,DE94A,Friesland (DE),82819
9163,2025,DE94B,Grafschaft Bentheim,115429
9164,2025,DE94C,Leer,135924
9165,2025,DE94D,"Oldenburg, Landkreis",106736
9166,2025,DE94E,"Osnabrück, Landkreis",283908
9167,2025,DE94F,Vechta,114805
9168,2025,DE94G,Wesermarsch,72742
9169,2025,DE94H,Wittmund,45954
9170,2025,DEA11,"Düsseldorf, Kreisfreie Stadt",510562
9171,2025,DEA12,"Duisburg, Kreisfreie Stadt",401274
9172,2025,DEA13,"Essen, Kreisfreie Stadt",465832
9173,2025,DEA14,"Krefeld, Kreisfreie Stadt",188022
9174,2025,DEA15,"Mönchengladbach, Kreisfreie Stadt",216225
9175,2025,DEA16,"Mülheim an der Ruhr, Kreisfreie Stadt",140642
9176,2025,DEA17,"Oberhausen, Kreisfreie Stadt",173190
9177,2025,DEA18,"Remscheid, Kreisfreie Stadt",92218
9178,2025,DEA19,"Solingen, Kreisfreie Stadt",134238
9179,2025,DEA1A,"Wuppertal, Kreisfreie Stadt",287924
9180,2025,DEA1B,Kleve,262120
9181,2025,DEA1C,Mettmann,398790
9182,2025,DEA1D,Rhein-Kreis Neuss,368746
9183,2025,DEA1E,Viersen,243781
9184,2025,DEA1F,Wesel,374484
9185,2025,DEA22,"Bonn, Kreisfreie Stadt",262807
9186,2025,DEA23,"Köln, Kreisfreie Stadt",842645
9187,2025,DEA24,"Leverkusen, Kreisfreie Stadt",136272
9188,2025,DEA26,Düren,225850
9189,2025,DEA27,Rhein-Erft-Kreis,384686
9190,2025,DEA28,Euskirchen,164330
9191,2025,DEA29,Heinsberg,213389
9192,2025,DEA2A,Oberbergischer Kreis,219666
9193,2025,DEA2B,Rheinisch-Bergischer Kreis,230884
9194,2025,DEA2C,Rhein-Sieg-Kreis,488606
9195,2025,DEA2D,Städteregion Aachen,479531
9196,2025,DEA31,"Bottrop, Kreisfreie Stadt",96935
9197,2025,DEA32,"Gelsenkirchen, Kreisfreie Stadt",210592
9198,2025,DEA33,"Münster, Kreisfreie Stadt",255047
9199,2025,DEA34,Borken,302714
9200,2025,DEA35,Coesfeld,183422
9201,2025,DEA36,Recklinghausen,504200
9202,2025,DEA37,Steinfurt,361634
9203,2025,DEA38,Warendorf,226891
9204,2025,DEA41,"Bielefeld, Kreisfreie Stadt",267507
9205,2025,DEA42,Gütersloh,291141
9206,2025,DEA43,Herford,205230
9207,2025,DEA44,Höxter,113279
9208,2025,DEA45,Lippe,277314
9209,2025,DEA46,Minden-Lübbecke,256778
9210,2025,DEA47,Paderborn,253214
9211,2025,DEA51,"Bochum, Kreisfreie Stadt",297017
9212,2025,DEA52,"Dortmund, Kreisfreie Stadt",487824
9213,2025,DEA53,"Hagen, Kreisfreie Stadt",151735
9214,2025,DEA54,"Hamm, Kreisfreie Stadt",144757
9215,2025,DEA55,"Herne, Kreisfreie Stadt",125719
9216,2025,DEA56,Ennepe-Ruhr-Kreis,258312
9217,2025,DEA57,Hochsauerlandkreis,213169
9218,2025,DEA58,Märkischer Kreis,330988
9219,2025,DEA59,Olpe,107140
9220,2025,DEA5A,Siegen-Wittgenstein,222197
9221,2025,DEA5B,Soest,243972
9222,2025,DEA5C,Unna,321406
9223,2025,DEB11,"Koblenz, Kreisfreie Stadt",94095
9224,2025,DEB12,Ahrweiler,106572
9225,2025,DEB13,Altenkirchen (Westerwald),106384
9226,2025,DEB14,Bad Kreuznach,134087
9227,2025,DEB15,Birkenfeld,67666
9228,2025,DEB17,Mayen-Koblenz,176454
9229,2025,DEB18,Neuwied,152198
9230,2025,DEB1A,Rhein-Lahn-Kreis,102346
9231,2025,DEB1B,Westerwaldkreis,168131
9232,2025,DEB1C,Cochem-Zell,50912
9233,2025,DEB1D,Rhein-Hunsrück-Kreis,86897
9234,2025,DEB21,"Trier, Kreisfreie Stadt",86479
9235,2025,DEB22,Bernkastel-Wittlich,92570
9236,2025,DEB23,Eifelkreis Bitburg-Prüm,80351
9237,2025,DEB24,Vulkaneifel,49008
9238,2025,DEB25,Trier-Saarburg,120346
9239,2025,DEB31,"Frankenthal (Pfalz), Kreisfreie Stadt",38832
9240,2025,DEB32,"Kaiserslautern, Kreisfreie Stadt",83270
9241,2025,DEB33,"Landau in der Pfalz, Kreisfreie Stadt",39636
9242,2025,DEB34,"Ludwigshafen am Rhein, Kreisfreie Stadt",140465
9243,2025,DEB35,"Mainz, Kreisfreie Stadt",186894
9244,2025,DEB36,"Neustadt an der Weinstraße, Kreisfreie Stadt",43168
9245,2025,DEB37,"Pirmasens, Kreisfreie Stadt",32574
9246,2025,DEB38,"Speyer, Kreisfreie Stadt",40772
9247,2025,DEB39,"Worms, Kreisfreie Stadt",69541
9248,2025,DEB3A,"Zweibrücken, Kreisfreie Stadt",27239
9249,2025,DEB3B,Alzey-Worms,105443
9250,2025,DEB3C,Bad Dürkheim,110427
9251,2025,DEB3D,Donnersbergkreis,60783
9252,2025,DEB3E,Germersheim,105728
9253,2025,DEB3F,"Kaiserslautern, Landkreis",84842
9254,2025,DEB3G,Kusel,56972
9255,2025,DEB3H,Südliche Weinstraße,92605
9256,2025,DEB3I,Rhein-Pfalz-Kreis,125506
9257,2025,DEB3J,Mainz-Bingen,165957
9258,2025,DEB3K,Südwestpfalz,74876
9259,2025,DEC01,Regionalverband Saarbrücken,274493
9260,2025,DEC02,Merzig-Wadern,90028
9261,2025,DEC03,Neunkirchen,109997
9262,2025,DEC04,Saarlouis,169816
9263,2025,DEC05,Saarpfalz-Kreis,119906
9264,2025,DEC06,St. Wendel,73431
9265,2025,DED21,"Dresden, Kreisfreie Stadt",458430
9266,2025,DED2C,Bautzen,239581
9267,2025,DED2D,Görlitz,202439
9268,2025,DED2E,Meißen,196277
9269,2025,DED2F,Sächsische Schweiz-Osterzgebirge,198826
9270,2025,DED41,"Chemnitz, Kreisfreie Stadt",201913
9271,2025,DED42,Erzgebirgskreis,263717
9272,2025,DED43,Mittelsachsen,244658
9273,2025,DED44,Vogtlandkreis,183389
9274,2025,DED45,Zwickau,255294
9275,2025,DED51,"Leipzig, Kreisfreie Stadt",501702
9276,2025,DED52,Leipzig,212653
9277,2025,DED53,Nordsachsen,163821
9278,2025,DEE01,"Dessau-Roßlau, Kreisfreie Stadt",63501
9279,2025,DEE02,"Halle (Saale), Kreisfreie Stadt",185688
9280,2025,DEE03,"Magdeburg, Kreisfreie Stadt",202721
9281,2025,DEE04,Altmarkkreis Salzwedel,66141
9282,2025,DEE05,Anhalt-Bitterfeld,128499
9283,2025,DEE06,Jerichower Land,73431
9284,2025,DEE07,Börde,138280
9285,2025,DEE08,Burgenlandkreis,144965
9286,2025,DEE09,Harz,173669
9287,2025,DEE0A,Mansfeld-Südharz,109240
9288,2025,DEE0B,Saalekreis,150567
9289,2025,DEE0C,Salzlandkreis,151538
9290,2025,DEE0D,Stendal,88338
9291,2025,DEE0E,Wittenberg,102049
9292,2025,DEF01,"Flensburg, Kreisfreie Stadt",79286
9293,2025,DEF02,"Kiel, Kreisfreie Stadt",210339
9294,2025,DEF03,"Lübeck, Kreisfreie Stadt",180265
9295,2025,DEF04,"Neumünster, Kreisfreie Stadt",65319
9296,2025,DEF05,Dithmarschen,109945
9297,2025,DEF06,Herzogtum Lauenburg,165710
9298,2025,DEF07,Nordfriesland,140109
9299,2025,DEF08,Ostholstein,169462
9300,2025,DEF09,Pinneberg,263143
9301,2025,DEF0A,Plön,107123
9302,2025,DEF0B,Rendsburg-Eckernförde,225952
9303,2025,DEF0C,Schleswig-Flensburg,166097
9304,2025,DEF0D,Segeberg,229636
9305,2025,DEF0E,Steinburg,108590
9306,2025,DEF0F,Stormarn,198499
9307,2025,DEG01,"Erfurt, Kreisfreie Stadt",180525
9308,2025,DEG02,"Gera, Kreisfreie Stadt",79066
9309,2025,DEG03,"Jena, Kreisfreie Stadt",90618
9310,2025,DEG05,"Weimar, Kreisfreie Stadt",54060
9311,2025,DEG06,Eichsfeld,84082
9312,2025,DEG07,Nordhausen,66915
9313,2025,DEG09,Unstrut-Hainich-Kreis,77495
9314,2025,DEG0A,Kyffhäuserkreis,59989
9315,2025,DEG0C,Gotha,112528
9316,2025,DEG0D,Sömmerda,55727
9317,2025,DEG0E,Hildburghausen,49989
9318,2025,DEG0G,Weimarer Land,66723
9319,2025,DEG0J,Saale-Holzland-Kreis,69040
9320,2025,DEG0K,Saale-Orla-Kreis,64459
9321,2025,DEG0L,Greiz,78608
9322,2025,DEG0M,Altenburger Land,73564
9323,2025,DEG0Q,Schmalkalden-Meiningen,100709
9324,2025,DEG0R,Wartburgkreis,128588
9325,2025,DEG0S,"Suhl, Kreisfreie Stadt",29799
9326,2025,DEG0T,Ilm-Kreis,88704
9327,2025,DEG0U,Saalfeld-Rudolstadt,84223
9328,2025,DEG0V,Sonneberg,46619
9329,2025,ES111,A Coruña,959180
9330,2025,ES112,Lugo,281136
9331,2025,ES113,Ourense,264720
9332,2025,ES114,Pontevedra,795660
9333,2025,ES120,Asturias,871130
9334,2025,ES130,Cantabria,495309
9335,2025,ES211,Araba/Álava,278951
9336,2025,ES212,Gipuzkoa,601801
9337,2025,ES213,Bizkaia,973722
9338,2025,ES220,Navarra,549533
9339,2025,ES230,La Rioja,266459
9340,2025,ES241,Huesca,189081
9341,2025,ES242,Teruel,112376
9342,2025,ES243,Zaragoza,816717
9343,2025,ES300,Madrid,5779110
9344,2025,ES411,Ávila,134856
9345,2025,ES412,Burgos,302293
9346,2025,ES413,León,385502
9347,2025,ES414,Palencia,134781
9348,2025,ES415,Salamanca,279150
9349,2025,ES416,Segovia,131231
9350,2025,ES417,Soria,75397
9351,2025,ES418,Valladolid,439602
9352,2025,ES419,Zamora,144604
9353,2025,ES421,Albacete,319236
9354,2025,ES422,Ciudad Real,404538
9355,2025,ES423,Cuenca,166544
9356,2025,ES424,Guadalajara,227774
9357,2025,ES425,Toledo,598179
9358,2025,ES431,Badajoz,543562
9359,2025,ES432,Cáceres,325871
9360,2025,ES511,Barcelona,4847486
9361,2025,ES512,Girona,663481
9362,2025,ES513,Lleida,369541
9363,2025,ES514,Tarragona,702018
9364,2025,ES521,Alicante/Alacant,1650682
9365,2025,ES522,Castellón/Castelló,507783
9366,2025,ES523,Valencia/València,2247815
9367,2025,ES531,Eivissa y Formentera,145253
9368,2025,ES532,Mallorca,786870
9369,2025,ES533,Menorca,84839
9370,2025,ES611,Almería,604849
9371,2025,ES612,Cádiz,1015604
9372,2025,ES613,Córdoba,629476
9373,2025,ES614,Granada,764766
9374,2025,ES615,Huelva,434460
9375,2025,ES616,Jaén,506065
9376,2025,ES617,Málaga,1443375
9377,2025,ES618,Sevilla,1576010
9378,2025,ES620,Murcia,1244368
9379,2025,ES630,Ceuta,63355
9380,2025,ES640,Melilla,63838
9381,2025,ES703,El Hierro,10179
9382,2025,ES704,Fuerteventura,104931
9383,2025,ES705,Gran Canaria,735391
9384,2025,ES706,La Gomera,19519
9385,2025,ES707,La Palma,73324
9386,2025,ES708,Lanzarote,136124
9387,2025,ES709,Tenerife,807561
9388,2025,FR101,Paris,1712618
9389,2025,FR102,Seine-et-Marne,1097482
9390,2025,FR103,Yvelines,1120120
9391,2025,FR104,Essonne,1001255
9392,2025,FR105,Hauts-de-Seine,1291192
9393,2025,FR106,Seine-Saint-Denis,1266897
9394,2025,FR107,Val-de-Marne,1094797
9395,2025,FR108,Val-d'Oise,945224
9396,2025,FRB01,Cher,235107
9397,2025,FRB02,Eure-et-Loir,328974
9398,2025,FRB03,Indre,173147
9399,2025,FRB04,Indre-et-Loire,483694
9400,2025,FRB05,Loir-et-Cher,257791
9401,2025,FRB06,Loiret,526636
9402,2025,FRC11,Côte-d’Or,425481
9403,2025,FRC12,Nièvre,162831
9404,2025,FRC13,Saône-et-Loire,435424
9405,2025,FRC14,Yonne,259673
9406,2025,FRC21,Doubs,417722
9407,2025,FRC22,Jura,202065
9408,2025,FRC23,Haute-Saône,181918
9409,2025,FRC24,Territoire de Belfort,107798
9410,2025,FRD11,Calvados,557984
9411,2025,FRD12,Manche,395757
9412,2025,FRD13,Orne,215978
9413,2025,FRD21,Eure,457252
9414,2025,FRD22,Seine-Maritime,967223
9415,2025,FRE11,Nord,1974106
9416,2025,FRE12,Pas-de-Calais,1101016
9417,2025,FRE21,Aisne,395453
9418,2025,FRE22,Oise,617678
9419,2025,FRE23,Somme,435155
9420,2025,FRF11,Bas-Rhin,915811
9421,2025,FRF12,Haut-Rhin,602925
9422,2025,FRF21,Ardennes,204208
9423,2025,FRF22,Aube,236711
9424,2025,FRF23,Marne,432287
9425,2025,FRF24,Haute-Marne,132296
9426,2025,FRF31,Meurthe-et-Moselle,566657
9427,2025,FRF32,Meuse,140619
9428,2025,FRF33,Moselle,824317
9429,2025,FRF34,Vosges,281553
9430,2025,FRG01,Loire-Atlantique,1154515
9431,2025,FRG02,Maine-et-Loire,638036
9432,2025,FRG03,Mayenne,233123
9433,2025,FRG04,Sarthe,434253
9434,2025,FRG05,Vendée,570824
9435,2025,FRH01,Côtes-d’Armor,487419
9436,2025,FRH02,Finistère,746598
9437,2025,FRH03,Ille-et-Vilaine,865548
9438,2025,FRH04,Morbihan,631534
9439,2025,FRI11,Dordogne,343677
9440,2025,FRI12,Gironde,1345125
9441,2025,FRI13,Landes,354137
9442,2025,FRI14,Lot-et-Garonne,265900
9443,2025,FRI15,Pyrénées-Atlantiques,574963
9444,2025,FRI21,Corrèze,195666
9445,2025,FRI22,Creuse,94447
9446,2025,FRI23,Haute-Vienne,296862
9447,2025,FRI31,Charente,283146
9448,2025,FRI32,Charente-Maritime,552491
9449,2025,FRI33,Deux-Sèvres,294055
9450,2025,FRI34,Vienne,340874
9451,2025,FRJ11,Aude,304778
9452,2025,FRJ12,Gard,610278
9453,2025,FRJ13,Hérault,983773
9454,2025,FRJ14,Lozère,61438
9455,2025,FRJ15,Pyrénées-Orientales,400996
9456,2025,FRJ21,Ariège,126439
9457,2025,FRJ22,Aveyron,224422
9458,2025,FRJ23,Haute-Garonne,1160611
9459,2025,FRJ24,Gers,155161
9460,2025,FRJ25,Lot,145717
9461,2025,FRJ26,Hautes-Pyrénées,187625
9462,2025,FRJ27,Tarn,317507
9463,2025,FRJ28,Tarn-et-Garonne,205439
9464,2025,FRK11,Allier,266532
9465,2025,FRK12,Cantal,117849
9466,2025,FRK13,Haute-Loire,181065
9467,2025,FRK14,Puy-de-Dôme,523059
9468,2025,FRK21,Ain,519808
9469,2025,FRK22,Ardèche,266511
9470,2025,FRK23,Drôme,408245
9471,2025,FRK24,Isère,996275
9472,2025,FRK25,Loire,594632
9473,2025,FRK26,Rhône,1468620
9474,2025,FRK27,Savoie,354426
9475,2025,FRK28,Haute-Savoie,669758
9476,2025,FRL01,Alpes-de-Haute-Provence,135617
9477,2025,FRL02,Hautes-Alpes,116521
9478,2025,FRL03,Alpes-Maritimes,914938
9479,2025,FRL04,Bouches-du-Rhône,1641827
9480,2025,FRL05,Var,914214
9481,2025,FRL06,Vaucluse,449968
9482,2025,FRM01,Corse-du-Sud,138176
9483,2025,FRM02,Haute-Corse,154060
9484,2025,FRY10,Guadeloupe,321894
9485,2025,FRY20,Martinique,286222
9486,2025,FRY30,Guyane,178894
9487,2025,FRY40,La Réunion,651909
9488,2025,FRY50,Mayotte,152257
9489,2025,HU110,Budapest,1398570
9490,2025,HU120,Pest,1041128
9491,2025,HU211,Fejér,335807
9492,2025,HU212,Komárom-Esztergom,241059
9493,2025,HU213,Veszprém,271159
9494,2025,HU221,Győr-Moson-Sopron,377436
9495,2025,HU222,Vas,200768
9496,2025,HU223,Zala,213665
9497,2025,HU231,Baranya,286919
9498,2025,HU232,Somogy,237628
9499,2025,HU233,Tolna,166112
9500,2025,HU311,Borsod-Abaúj-Zemplén,477426
9501,2025,HU312,Heves,226781
9502,2025,HU313,Nógrád,144002
9503,2025,HU321,Hajdú-Bihar,412985
9504,2025,HU322,Jász-Nagykun-Szolnok,279110
9505,2025,HU323,Szabolcs-Szatmár-Bereg,405473
9506,2025,HU331,Bács-Kiskun,392307
9507,2025,HU332,Békés,251508
9508,2025,HU333,Csongrád-Csanád,317169
9509,2025,ITC11,Torino,1852849
9510,2025,ITC12,Vercelli,140644
9511,2025,ITC13,Biella,144688
9512,2025,ITC14,Verbano-Cusio-Ossola,131277
9513,2025,ITC15,Novara,303570
9514,2025,ITC16,Cuneo,481523
9515,2025,ITC17,Asti,174570
9516,2025,ITC18,Alessandria,347345
9517,2025,ITC20,Valle d’Aosta/Vallée d’Aoste,102400
9518,2025,ITC31,Imperia,177893
9519,2025,ITC32,Savona,228906
9520,2025,ITC33,Genova,697657
9521,2025,ITC34,La Spezia,182774
9522,2025,ITC41,Varese,731886
9523,2025,ITC42,Como,497340
9524,2025,ITC43,Lecco,277270
9525,2025,ITC44,Sondrio,149278
9526,2025,ITC46,Bergamo,913592
9527,2025,ITC47,Brescia,1040049
9528,2025,ITC48,Pavia,454457
9529,2025,ITC49,Lodi,189188
9530,2025,ITC4A,Cremona,295128
9531,2025,ITC4B,Mantova,338349
9532,2025,ITC4C,Milano,2692808
9533,2025,ITC4D,Monza e della Brianza,724864
9534,2025,ITF11,L’Aquila,242228
9535,2025,ITF12,Teramo,251480
9536,2025,ITF13,Pescara,259580
9537,2025,ITF14,Chieti,311739
9538,2025,ITF21,Isernia,67140
9539,2025,ITF22,Campobasso,177913
9540,2025,ITF31,Caserta,731940
9541,2025,ITF32,Benevento,217672
9542,2025,ITF33,Napoli,2381288
9543,2025,ITF34,Avellino,331538
9544,2025,ITF35,Salerno,870602
9545,2025,ITF43,Taranto,458890
9546,2025,ITF44,Brindisi,314670
9547,2025,ITF45,Lecce,642710
9548,2025,ITF46,Foggia,486224
9549,2025,ITF47,Bari,1012707
9550,2025,ITF48,Barletta-Andria-Trani,309538
9551,2025,ITF51,Potenza,288964
9552,2025,ITF52,Matera,158526
9553,2025,ITF61,Cosenza,558009
9554,2025,ITF62,Crotone,130946
9555,2025,ITF63,Catanzaro,282170
9556,2025,ITF64,Vibo Valentia,124391
9557,2025,ITF65,Reggio Calabria,419357
9558,2025,ITG11,Trapani,340636
9559,2025,ITG12,Palermo,973359
9560,2025,ITG13,Messina,499373
9561,2025,ITG14,Agrigento,336260
9562,2025,ITG15,Caltanissetta,201626
9563,2025,ITG16,Enna,127375
9564,2025,ITG17,Catania,865861
9565,2025,ITG18,Ragusa,260722
9566,2025,ITG19,Siracusa,315824
9567,2025,ITG2D,Sassari,402958
9568,2025,ITG2E,Nuoro,166245
9569,2025,ITG2F,Cagliari,358653
9570,2025,ITG2G,Oristano,128711
9571,2025,ITG2H,Sud Sardegna,285797
9572,2025,ITH10,Bolzano-Bozen,429777
9573,2025,ITH20,Trento,447923
9574,2025,ITH31,Verona,765616
9575,2025,ITH32,Vicenza,706790
9576,2025,ITH33,Belluno,168349
9577,2025,ITH34,Treviso,725963
9578,2025,ITH35,Venezia,702808
9579,2025,ITH36,Padova,778468
9580,2025,ITH37,Rovigo,194644
9581,2025,ITH41,Pordenone,258201
9582,2025,ITH42,Udine,438932
9583,2025,ITH43,Gorizia,116744
9584,2025,ITH44,Trieste,194482
9585,2025,ITH51,Piacenza,238873
9586,2025,ITH52,Parma,377406
9587,2025,ITH53,Reggio nell’Emilia,435914
9588,2025,ITH54,Modena,585203
9589,2025,ITH55,Bologna,854675
9590,2025,ITH56,Ferrara,290583
9591,2025,ITH57,Ravenna,324746
9592,2025,ITH58,Forlì-Cesena,327690
9593,2025,ITH59,Rimini,284121
9594,2025,ITI11,Massa-Carrara,160148
9595,2025,ITI12,Lucca,322932
9596,2025,ITI13,Pistoia,243516
9597,2025,ITI14,Firenze,829451
9598,2025,ITI15,Prato,215019
9599,2025,ITI16,Livorno,276547
9600,2025,ITI17,Pisa,349856
9601,2025,ITI18,Arezzo,280644
9602,2025,ITI19,Siena,218161
9603,2025,ITI1A,Grosseto,183759
9604,2025,ITI21,Perugia,532825
9605,2025,ITI22,Terni,183259
9606,2025,ITI31,Pesaro e Urbino,292146
9607,2025,ITI32,Ancona,386789
9608,2025,ITI33,Macerata,252646
9609,2025,ITI34,Ascoli Piceno,169523
9610,2025,ITI35,Fermo,140627
9611,2025,ITI41,Viterbo,259986
9612,2025,ITI42,Rieti,127760
9613,2025,ITI43,Roma,3501837
9614,2025,ITI44,Latina,468808
9615,2025,ITI45,Frosinone,387663
9616,2025,PL213,Miasto Kraków,654994
9617,2025,PL214,Krakowski,582649
9618,2025,PL217,Tarnowski,333807
9619,2025,PL218,Nowosądecki,387502
9620,2025,PL219,Nowotarski,246940
9621,2025,PL21A,Oświęcimski,411255
9622,2025,PL224,Częstochowski,387629
9623,2025,PL225,Bielski,506551
9624,2025,PL227,Rybnicki,464422
9625,2025,PL228,Bytomski,322760
9626,2025,PL229,Gliwicki,343959
9627,2025,PL22A,Katowicki,552532
9628,2025,PL22B,Sosnowiecki,517492
9629,2025,PL22C,Tyski,301816
9630,2025,PL411,Pilski,300752
9631,2025,PL414,Koniński,489703
9632,2025,PL415,Miasto Poznań,441440
9633,2025,PL416,Kaliski,504812
9634,2025,PL417,Leszczyński,420225
9635,2025,PL418,Poznański,550593
9636,2025,PL424,Miasto Szczecin,316062
9637,2025,PL426,Koszaliński,268925
9638,2025,PL427,Szczecinecko-pyrzycki,303164
9639,2025,PL428,Szczeciński,391422
9640,2025,PL431,Gorzowski,287760
9641,2025,PL432,Zielonogórski,470909
9642,2025,PL514,Miasto Wrocław,555852
9643,2025,PL515,Jeleniogórski,415677
9644,2025,PL516,Legnicko-głogowski,334476
9645,2025,PL517,Wałbrzyski,475220
9646,2025,PL518,Wrocławski,493206
9647,2025,PL523,Nyski,269838
9648,2025,PL524,Opolski,451645
9649,2025,PL613,Bydgosko-toruński,597191
9650,2025,PL616,Grudziądzki,283003
9651,2025,PL617,Inowrocławski,264905
9652,2025,PL618,Świecki,134986
9653,2025,PL619,Włocławski,261901
9654,2025,PL621,Elbląski,378167
9655,2025,PL622,Olsztyński,450434
9656,2025,PL623,Ełcki,202668
9657,2025,PL633,Trójmiejski,609688
9658,2025,PL634,Gdański,475413
9659,2025,PL636,Słupski,245904
9660,2025,PL637,Chojnicki,164028
9661,2025,PL638,Starogardzki,311212
9662,2025,PL711,Miasto Łódź,537888
9663,2025,PL712,Łódzki,309294
9664,2025,PL713,Piotrkowski,430924
9665,2025,PL714,Sieradzki,332732
9666,2025,PL715,Skierniewicki,268893
9667,2025,PL721,Kielecki,558557
9668,2025,PL722,Sandomiersko-jędrzejowski,349498
9669,2025,PL811,Bialski,215329
9670,2025,PL812,Chełmsko-zamojski,443927
9671,2025,PL814,Lubelski,544120
9672,2025,PL815,Puławski,342198
9673,2025,PL821,Krośnieński,344820
9674,2025,PL822,Przemyski,277771
9675,2025,PL823,Rzeszowski,482753
9676,2025,PL824,Tarnobrzeski,440051
9677,2025,PL841,Białostocki,388118
9678,2025,PL842,Łomżyński,278162
9679,2025,PL843,Suwalski,192514
9680,2025,PL911,Miasto Warszawa,1517626
9681,2025,PL912,Warszawski wschodni,530182
9682,2025,PL913,Warszawski zachodni,558960
9683,2025,PL921,Radomski,445217
9684,2025,PL922,Ciechanowski,252140
9685,2025,PL923,Płocki,242645
9686,2025,PL924,Ostrołęcki,279702
9687,2025,PL925,Siedlecki,307408
9688,2025,PL926,Żyrardowski,200627
9689,2025,RO111,Bihor,434167
9690,2025,RO112,Bistriţa-Năsăud,228218
9691,2025,RO113,Cluj,558332
9692,2025,RO114,Maramureş,355205
9693,2025,RO115,Satu Mare,257211
9694,2025,RO116,Sălaj,164128
9695,2025,RO121,Alba,261028
9696,2025,RO122,Braşov,434220
9697,2025,RO123,Covasna,154680
9698,2025,RO124,Harghita,226577
9699,2025,RO125,Mureş,404110
9700,2025,RO126,Sibiu,306924
9701,2025,RO211,Bacău,455247
9702,2025,RO212,Botoşani,301334
9703,2025,RO213,Iaşi,575714
9704,2025,RO214,Neamţ,348880
9705,2025,RO215,Suceava,479829
9706,2025,RO216,Vaslui,275099
9707,2025,RO221,Brăila,221354
9708,2025,RO222,Buzău,317511
9709,2025,RO223,Constanţa,513246
9710,2025,RO224,Galaţi,385675
9711,2025,RO225,Tulcea,150045
9712,2025,RO226,Vrancea,259070
9713,2025,RO311,Argeş,454470
9714,2025,RO312,Călăraşi,218022
9715,2025,RO313,Dâmboviţa,380002
9716,2025,RO314,Giurgiu,209287
9717,2025,RO315,Ialomiţa,190255
9718,2025,RO316,Prahova,553425
9719,2025,RO317,Teleorman,257202
9720,2025,RO321,Bucureşti,1365178
9721,2025,RO322,Ilfov,467384
9722,2025,RO411,Dolj,472774
9723,2025,RO412,Gorj,252205
9724,2025,RO413,Mehedinţi,186430
9725,2025,RO414,Olt,308003
9726,2025,RO415,Vâlcea,278836
9727,2025,RO421,Arad,324743
9728,2025,RO422,Caraş-Severin,196863
9729,2025,RO423,Hunedoara,287770
9730,2025,RO424,Timiş,528189
