© Der Bundeswahlleiter, Wiesbaden 2016;;;;;;;;;;;;;;;;;;;;;;;;;;;;;;;;;;;;;;;;;;;;;;;;;;;;;;;;;;;;;;;;;;;;;;;;;;;;;;
;;;;;;;;;;;;;;;;;;;;;;;;;;;;;;;;;;;;;;;;;;;;;;;;;;;;;;;;;;;;;;;;;;;;;;;;;;;;;;
Ergebnisse der Bundestagswahl 1998 nach kreisfreien Städten und Landkreisen;;;;;;;;;;;;;;;;;;;;;;;;;;;;;;;;;;;;;;;;;;;;;;;;;;;;;;;;;;;;;;;;;;;;;;;;;;;;;;
;;;;;;;;;;;;;;;;;;;;;;;;;;;;;;;;;;;;;;;;;;;;;;;;;;;;;;;;;;;;;;;;;;;;;;;;;;;;;;
Land;Statistische Kennziffer;Kreisfreie Stadt bzw. Stadtkreis, Landkreis bzw. Kreis;Wahlberechtigte;Wähler;Ungültige;Gültige;SPD;CDU;CSU;GRÜNE;FDP;PDS;Deutschland;APPD;APD;BP;BüSo;BfB;CHANCE 2000;CM;DPD;GRAUE;REP;FAMILIE;DIE FRAUEN;HP;MLPD;Die Tierschutzpartei;NPD;NATURGESETZ;FORUM;ödp;PBC;AB 2000;PASS;DKP;DSU;ZENTRUM;DMP;FP Deutschland;FSU;STATT Partei;Einzelbewerber;Ungültige;Gültige;SPD;CDU;CSU;GRÜNE;FDP;PDS;Deutsch-land;APPD;APD;BP;BüSo;BfB;CHANCE 2000;CM;DPD;DVU;GRAUE;REP;FAMILIE;DIE FRAUEN;HP;Pro DM;MLPD;Die Tier-schutzpartei;NPD;NATUR-GESETZ;FORUM;ödp;PBC;AB 2000;Nicht-wähler;PASS;PSG
;;;;;Erststimmen;Erststimmen;Erststimmen;Erststimmen;Erststimmen;Erststimmen;Erststimmen;Erststimmen;Erststimmen;Erststimmen;Erststimmen;Erststimmen;Erststimmen;Erststimmen;Erststimmen;Erststimmen;Erststimmen;Erststimmen;Erststimmen;Erststimmen;Erststimmen;Erststimmen;Erststimmen;Erststimmen;Erststimmen;Erststimmen;Erststimmen;Erststimmen;Erststimmen;Erststimmen;Erststimmen;Erststimmen;Erststimmen;Erststimmen;Erststimmen;Erststimmen;Erststimmen;Erststimmen;Erststimmen;Zweitstimmen;Zweitstimmen;Zweitstimmen;Zweitstimmen;Zweitstimmen;Zweitstimmen;Zweitstimmen;Zweitstimmen;Zweitstimmen;Zweitstimmen;Zweitstimmen;Zweitstimmen;Zweitstimmen;Zweitstimmen;Zweitstimmen;Zweitstimmen;Zweitstimmen;Zweitstimmen;Zweitstimmen;Zweitstimmen;Zweitstimmen;Zweitstimmen;Zweitstimmen;Zweitstimmen;Zweitstimmen;Zweitstimmen;Zweitstimmen;Zweitstimmen;Zweitstimmen;Zweitstimmen;Zweitstimmen;Zweitstimmen;Zweitstimmen;Zweitstimmen;Zweitstimmen
SH;01001;Flensburg, Stadt;65755;50560;673;49887;27639;17854;0;2000;861;636;0;0;0;0;0;0;0;0;0;245;530;0;0;0;0;0;0;0;0;0;122;0;0;0;0;0;0;0;0;0;0;698;49862;25490;14538;0;3815;3182;912;0;0;0;0;0;99;0;0;0;694;206;193;0;67;0;562;0;0;46;0;0;58;0;0;0;0;0
SH;01002;Kiel, Landeshauptstadt;181661;144804;1925;142879;78512;46022;0;8572;5064;2440;0;0;0;0;0;0;0;0;0;628;1484;0;0;0;0;0;0;0;0;0;0;0;0;0;0;0;0;0;157;0;0;1870;142934;70313;40038;0;14674;9821;3440;0;0;0;0;0;207;0;0;0;1471;476;703;0;222;0;1227;0;0;213;0;0;129;0;0;0;0;0
SH;01003;Lübeck, Hansestadt;166635;130874;2142;128732;66083;47966;0;6172;3616;1757;0;0;0;0;0;0;0;0;0;0;1581;0;0;0;0;0;620;334;0;235;0;0;0;0;0;0;0;0;0;0;368;2347;128527;61813;41885;0;9593;8100;2349;0;0;0;0;0;137;0;0;0;1598;323;916;0;127;0;1129;0;0;375;0;0;182;0;0;0;0;0
SH;01004;Neumünster, Stadt;62826;48504;995;47509;26323;16918;0;1604;1163;0;0;0;0;0;0;176;0;0;0;0;660;0;0;0;0;0;0;0;0;0;0;0;0;0;0;0;0;0;0;665;0;835;47669;24888;15116;0;2327;2786;764;0;0;0;0;0;84;0;0;0;845;112;190;0;53;0;358;0;0;111;0;0;35;0;0;0;0;0
SH;01051;Dithmarschen;106240;86075;1768;84307;39674;38800;0;2202;2436;944;0;0;0;0;0;0;0;0;0;251;0;0;0;0;0;0;0;0;0;0;0;0;0;0;0;0;0;0;0;0;0;1599;84476;37320;34015;0;3443;5955;902;0;0;0;0;0;91;0;0;0;1224;226;174;0;85;0;850;0;0;124;0;0;67;0;0;0;0;0
SH;01053;Herzogtum Lauenburg;136156;114782;1354;113428;53912;48074;0;3926;3039;1267;0;0;0;0;0;427;0;0;0;478;1263;0;0;0;0;0;610;0;0;0;0;0;0;0;0;0;0;0;40;392;0;1531;113251;49387;41780;0;6969;8736;1655;0;0;0;0;0;348;0;0;0;1742;392;776;0;77;0;940;0;0;369;0;0;80;0;0;0;0;0
SH;01054;Nordfriesland;125446;101810;1773;100037;46545;44883;0;4119;2883;1056;0;0;0;0;0;0;0;0;0;551;0;0;0;0;0;0;0;0;0;0;0;0;0;0;0;0;0;0;0;0;0;1655;100155;43672;38384;0;6073;8041;1152;0;0;0;0;0;140;0;0;0;847;303;165;0;159;0;944;0;0;181;0;0;94;0;0;0;0;0
SH;01055;Ostholstein;156827;129497;2673;126824;60687;57684;0;4370;3341;0;0;0;0;0;0;0;0;0;0;0;0;0;0;0;0;0;0;0;0;0;0;0;0;0;0;0;0;0;0;0;742;1819;127678;57238;48599;0;6446;9515;1500;0;0;0;0;0;250;0;0;0;1877;293;373;0;141;0;1149;0;0;186;0;0;111;0;0;0;0;0
SH;01056;Pinneberg;219335;185688;2972;182716;87477;76822;0;8635;6136;2195;0;0;0;0;0;0;0;0;0;0;0;0;0;0;0;0;0;0;0;0;0;0;0;323;0;0;0;0;244;884;0;1917;183771;82539;65095;0;12138;15198;2709;0;0;0;0;0;402;0;0;0;2813;551;520;0;169;0;1224;0;0;264;0;0;149;0;0;0;0;0
SH;01057;Plön;98946;84864;1310;83554;40726;35609;0;3408;2261;0;0;0;0;0;0;504;0;0;0;0;792;0;0;0;0;0;0;0;0;0;0;0;0;0;0;0;0;0;0;254;0;1005;83859;37831;30948;0;5286;6019;1170;0;0;0;0;0;326;0;0;0;850;178;369;0;80;0;641;0;0;99;0;0;62;0;0;0;0;0
SH;01058;Rendsburg-Eckernförde;206958;173074;2250;170824;83317;72379;0;5731;4822;1629;0;0;0;0;0;1195;0;0;0;793;0;0;0;0;0;0;0;0;0;0;0;0;0;0;0;0;0;0;0;0;958;2210;170864;76020;62640;0;10717;13976;2187;0;0;0;0;0;562;0;0;0;1663;532;386;0;154;0;1621;0;0;250;0;0;156;0;0;0;0;0
SH;01059;Schleswig-Flensburg;148231;122924;1690;121234;58181;54662;0;3526;2233;1114;0;0;0;0;0;0;0;0;0;442;890;0;0;0;0;0;0;0;0;0;186;0;0;0;0;0;0;0;0;0;0;1668;121256;55255;45975;0;7046;8068;1357;0;0;0;0;0;136;0;0;0;1041;335;421;0;135;0;1254;0;0;110;0;0;123;0;0;0;0;0
SH;01060;Segeberg;187643;155892;1904;153988;71209;68640;0;5316;4650;1840;0;0;0;0;0;0;0;0;0;547;1449;0;0;0;0;0;0;0;0;337;0;0;0;0;0;0;0;0;0;0;0;1858;154034;66903;57822;0;8872;13226;2334;0;0;0;0;0;296;0;0;0;1938;425;718;0;164;0;951;0;0;208;0;0;177;0;0;0;0;0
SH;01061;Steinburg;104312;86301;1408;84893;41532;37260;0;3027;2029;1045;0;0;0;0;0;0;0;0;0;0;0;0;0;0;0;0;0;0;0;0;0;0;0;0;0;0;0;0;0;0;0;1286;85015;38790;31224;0;4772;6477;1013;0;0;0;0;0;105;0;0;0;1214;177;192;0;63;0;761;0;0;158;0;0;69;0;0;0;0;0
SH;01062;Stormarn;169021;144949;1594;143355;67840;61666;0;5642;4110;1276;0;0;0;0;0;397;0;0;0;548;1137;0;0;0;0;0;270;0;0;188;0;0;0;0;0;0;0;0;51;161;69;1545;143404;61448;52457;0;10116;12511;2026;0;0;0;0;0;433;0;0;0;2096;448;632;0;109;0;757;0;0;176;0;0;195;0;0;0;0;0
HH;02000;Hamburg, Freie und Hansestadt;1213821;984644;14358;970286;490630;338473;0;75723;25070;7057;0;960;0;0;252;3033;0;0;0;8530;15946;0;0;0;266;801;613;2255;0;0;0;0;0;574;0;0;0;0;103;0;0;11283;973361;445276;291756;0;104658;62835;22603;0;1629;0;0;0;2920;937;0;0;20601;5423;5562;0;0;0;3328;0;3401;1052;1380;0;0;0;0;0;0;0
NI;03101;Braunschweig, Stadt;192242;159441;1669;157772;88024;53260;0;7157;4132;1640;192;0;0;0;117;0;0;0;0;0;2636;0;0;0;0;0;0;424;0;190;0;0;0;0;0;0;0;0;0;0;0;1193;158248;79313;48033;0;12954;10638;2028;0;155;0;0;0;165;0;58;0;864;233;1649;0;0;0;1100;0;466;172;154;0;80;163;0;0;0;23
NI;03102;Salzgitter, Stadt;84138;69185;894;68291;41654;22275;0;1397;1155;562;0;0;0;0;0;0;0;0;0;0;1172;0;0;0;0;0;0;0;0;0;0;0;0;0;0;0;0;0;0;0;76;743;68442;39748;20947;0;2080;2725;622;0;71;0;0;0;46;0;25;0;487;85;831;0;0;0;418;0;165;78;36;0;12;58;0;0;0;8
NI;03103;Wolfsburg, Stadt;91842;76461;995;75466;39542;29864;0;2811;1440;577;0;0;0;0;0;0;0;0;0;0;783;0;0;0;0;0;449;0;0;0;0;0;0;0;0;0;0;0;0;0;0;748;75713;38784;26643;0;3272;3792;541;0;68;0;0;0;162;0;23;0;622;159;567;0;0;0;451;0;186;306;30;0;12;83;0;0;0;12
NI;03151;Gifhorn;123558;105095;1060;104035;50226;44636;0;3777;2270;697;0;0;0;0;0;296;0;0;0;0;1409;0;0;0;0;0;0;0;0;0;617;0;0;0;0;0;0;0;0;0;107;964;104131;50232;38365;0;4655;6362;723;0;98;0;0;0;150;0;28;0;867;146;859;0;0;0;674;0;255;174;39;0;37;452;0;0;0;15
NI;03152;Göttingen;200220;168799;1625;167174;80582;66070;0;12481;3029;2333;0;0;0;0;0;0;0;0;0;694;1722;0;0;0;0;0;0;0;0;0;0;0;0;0;0;0;0;0;0;0;263;1254;167545;79269;51802;0;17678;11033;2891;0;229;0;0;0;171;0;55;0;798;406;1087;0;0;0;1150;0;429;236;86;0;65;144;0;0;0;16
NI;03153;Goslar;123789;103198;1152;102046;52899;38568;0;3339;3060;1285;0;0;0;0;0;0;0;0;0;0;1232;0;0;0;0;0;0;0;0;0;231;0;0;0;0;0;0;0;0;0;1432;888;102310;52244;34687;0;4287;6433;1182;0;104;0;0;0;55;0;18;0;784;128;771;0;0;0;883;0;294;162;43;0;21;189;0;0;0;25
NI;03154;Helmstedt;78842;66031;712;65319;34665;25378;0;2240;1115;759;0;0;0;0;0;0;0;0;0;0;549;0;0;0;0;0;613;0;0;0;0;0;0;0;0;0;0;0;0;0;0;506;65525;34206;22065;0;2700;3516;626;0;78;0;0;0;56;0;20;0;415;80;445;0;0;0;665;0;202;337;35;0;9;63;0;0;0;7
NI;03155;Northeim;119476;102430;1114;101316;57146;34546;0;3097;3500;873;0;0;0;0;0;0;0;0;0;0;1969;0;0;0;0;0;0;0;0;0;0;0;0;0;0;0;0;0;0;0;185;882;101548;55534;30996;0;4465;6204;919;0;120;0;0;0;73;0;28;0;388;115;1483;0;0;0;692;0;258;118;40;0;17;83;0;0;0;15
NI;03156;Osterode am Harz;69353;58008;750;57258;32403;20043;0;1572;1396;590;0;0;0;0;0;0;0;0;0;0;1024;0;0;0;0;0;0;0;0;0;20;0;0;0;0;0;0;0;0;0;210;551;57457;31106;18252;0;2199;3049;644;0;75;0;0;0;43;0;16;0;420;82;701;0;0;0;522;0;175;91;18;0;9;44;0;0;0;11
NI;03157;Peine;99298;85351;889;84462;50442;27130;0;2915;1595;553;0;0;0;0;0;458;0;0;0;0;1059;0;0;0;0;0;0;0;0;0;155;0;0;0;0;0;0;0;0;0;155;711;84640;49458;23874;0;3628;4315;611;0;115;0;0;0;216;0;15;0;499;137;761;0;0;0;592;0;166;88;36;0;16;100;0;0;0;13
NI;03158;Wolfenbüttel;96876;82649;1392;81257;46463;29041;0;2721;1376;543;0;0;0;0;0;0;0;0;0;0;949;0;0;0;0;0;0;0;0;0;0;0;0;0;0;0;0;0;0;0;164;1074;81575;43080;26973;0;4009;4414;673;0;89;0;0;0;87;0;17;0;422;96;742;0;0;0;539;0;206;83;39;0;18;83;0;0;0;5
NI;03201;Hannover, Landeshauptstadt;373241;310777;3167;307610;166294;101320;0;21015;7269;4037;0;0;0;0;63;0;0;0;0;691;4907;0;0;0;103;0;0;293;0;403;665;0;0;145;0;0;0;0;0;0;405;2452;308325;153411;86933;0;32613;20312;4532;0;500;0;0;0;264;0;98;0;2567;836;3046;0;0;0;1327;0;628;257;226;0;176;564;0;0;0;35
NI;03251;Diepholz;160150;132971;1191;131780;63763;50003;0;6488;8603;1257;0;0;0;0;0;0;0;0;0;0;1666;0;0;0;0;0;0;0;0;0;0;0;0;0;0;0;0;0;0;0;0;869;132102;65318;42183;0;7732;11527;1350;0;130;0;0;0;145;0;36;0;759;149;1161;0;0;0;908;0;325;126;77;0;29;130;0;0;0;17
NI;03252;Hameln-Pyrmont;125019;105294;1457;103837;56880;38460;0;4031;2767;1361;0;0;0;0;0;0;0;0;0;0;0;0;0;0;0;0;0;0;0;0;0;0;0;0;0;0;0;0;0;0;338;912;104382;54570;33628;0;5075;6637;965;0;79;0;0;0;100;0;40;0;1025;135;993;0;0;0;389;0;347;183;65;0;30;107;0;0;0;14
NI;03253;Hannover;456720;391721;7262;384459;208446;142829;0;12374;9807;3102;0;0;0;0;0;0;0;0;0;0;6260;0;0;0;0;0;0;345;0;512;784;0;0;0;0;0;0;0;0;0;0;5644;386077;201445;122710;0;20061;25598;3080;0;352;0;0;0;363;0;126;0;2334;694;4955;0;0;0;1874;0;887;382;188;0;236;733;0;0;0;59
NI;03254;Hildesheim;224617;193222;1889;191333;103887;70118;0;7911;3436;1535;0;0;0;0;0;0;0;274;0;548;3130;0;0;0;0;0;0;0;0;349;0;0;0;0;0;145;0;0;0;0;0;1405;191817;101877;61467;0;10212;10320;1662;0;197;0;0;0;120;0;149;0;1035;380;2000;0;0;0;1199;0;463;231;108;0;143;231;0;0;0;23
NI;03255;Holzminden;64816;55440;757;54683;31541;19336;0;1625;1272;816;0;0;0;0;0;0;0;0;0;0;0;0;0;0;0;0;0;0;0;0;0;0;0;0;0;0;0;0;0;0;93;504;54936;30287;16819;0;2278;3265;563;0;39;0;0;0;43;0;12;0;370;59;405;0;0;0;317;0;178;205;41;0;17;30;0;0;0;8
NI;03256;Nienburg (Weser);95765;77924;786;77138;37817;32015;0;2943;1654;554;0;0;0;0;0;701;0;0;0;0;1454;0;0;0;0;0;0;0;0;0;0;0;0;0;0;0;0;0;0;0;0;622;77302;39278;26377;0;3701;4203;585;0;71;0;0;0;377;0;28;0;423;91;1199;0;0;0;563;0;176;90;32;0;16;82;0;0;0;10
NI;03257;Schaumburg;125217;105616;2134;103482;55689;37723;0;4175;2922;889;0;0;0;0;0;352;0;0;0;0;1732;0;0;0;0;0;0;0;0;0;0;0;0;0;0;0;0;0;0;0;0;1613;104003;56090;32592;0;5111;5707;865;0;90;0;0;0;168;0;39;0;665;134;1131;0;0;0;597;0;293;165;59;0;26;253;0;0;0;18
NI;03351;Celle;137006;113843;1033;112810;52478;48887;0;3080;2639;882;0;0;0;0;0;671;0;0;0;0;3677;0;0;0;0;0;0;0;0;0;438;0;0;0;0;0;0;0;58;0;0;806;113037;49130;43885;0;5149;7735;1031;0;113;0;0;0;398;0;23;0;597;168;3070;0;0;0;832;0;260;142;57;0;52;373;0;0;0;22
NI;03352;Cuxhaven;156787;130288;1474;128814;69715;48444;0;5393;2797;0;0;0;0;0;0;714;0;0;0;0;1751;0;0;0;0;0;0;0;0;0;0;0;0;0;0;0;0;0;0;0;0;1011;129277;67193;43593;0;6032;7149;1177;0;135;0;0;0;262;0;30;0;973;198;929;0;0;0;924;0;345;167;51;0;45;66;0;0;0;8
NI;03353;Harburg;174064;151130;1864;149266;69570;62090;0;6637;6025;1728;0;0;0;0;0;953;0;0;0;0;2263;0;0;0;0;0;0;0;0;0;0;0;0;0;0;0;0;0;0;0;0;1016;150114;66129;53867;0;9880;12871;1874;0;188;0;0;0;367;0;44;0;1487;338;1401;0;0;0;640;0;485;177;92;0;64;196;0;0;0;14
NI;03354;Lüchow-Dannenberg;41407;34431;503;33928;15844;13245;0;2896;860;407;0;0;0;0;0;0;0;0;0;110;486;0;0;0;0;0;0;80;0;0;0;0;0;0;0;0;0;0;0;0;0;365;34066;13391;11926;0;4916;1913;545;0;63;0;0;0;38;0;15;0;464;81;298;0;0;0;173;0;83;53;30;0;13;61;0;0;0;3
NI;03355;Lüneburg;123711;102700;1768;100932;50813;37377;0;5661;3584;1468;0;0;0;0;0;0;0;0;0;419;1321;0;0;0;0;0;0;289;0;0;0;0;0;0;0;0;0;0;0;0;0;1322;101378;48159;32916;0;8373;6880;1885;0;203;0;0;0;99;0;31;0;743;250;783;0;0;0;314;0;242;211;102;0;32;143;0;0;0;12
NI;03356;Osterholz;83543;70708;613;70095;38362;23378;0;4067;2033;783;0;0;0;0;79;0;0;0;0;0;1210;0;0;0;0;0;0;0;0;183;0;0;0;0;0;0;0;0;0;0;0;463;70245;36131;20082;0;5653;4811;958;0;65;0;0;0;76;0;29;0;376;111;958;0;0;0;487;0;202;94;53;0;58;93;0;0;0;8
NI;03357;Rotenburg (Wümme);119880;100106;839;99267;46339;44651;0;4191;1906;762;0;0;0;0;107;119;0;0;0;0;1011;0;0;0;0;0;0;0;0;62;119;0;0;0;0;0;0;0;0;0;0;677;99429;45838;38537;0;5626;5820;854;0;155;0;0;0;84;0;24;0;508;82;698;0;0;0;562;0;220;151;59;0;43;158;0;0;0;10
NI;03358;Soltau-Fallingbostel;104923;86836;819;86017;40925;36133;0;3919;1895;675;0;0;0;0;0;335;0;0;0;0;1692;0;0;0;0;0;0;0;0;170;273;0;0;0;0;0;0;0;0;0;0;701;86135;40628;31918;0;4133;4984;797;0;116;0;0;0;167;0;26;0;587;114;1338;0;0;0;590;0;237;144;37;0;84;226;0;0;0;9
NI;03359;Stade;143788;119586;1265;118321;60386;47746;0;4716;2671;1302;0;0;0;0;135;0;0;0;0;0;1365;0;0;0;0;0;0;0;0;0;0;0;0;0;0;0;0;0;0;0;0;854;118732;58861;40581;0;6799;7522;1396;0;123;0;0;0;90;0;30;0;878;249;789;0;0;0;654;0;274;309;46;0;42;77;0;0;0;12
NI;03360;Uelzen;77288;64857;734;64123;33507;24979;0;2392;1362;525;0;0;0;0;0;200;0;0;0;0;856;0;0;0;0;0;0;0;0;0;192;0;0;0;0;0;0;0;110;0;0;525;64332;30421;22834;0;4244;3841;618;0;77;0;0;0;79;0;24;0;433;100;534;0;0;0;596;0;165;129;18;0;25;184;0;0;0;10
NI;03361;Verden;99144;83827;721;83106;43521;29074;0;5308;2966;837;0;0;0;0;62;0;0;0;0;0;1192;0;0;0;0;0;0;0;0;146;0;0;0;0;0;0;0;0;0;0;0;586;83241;41092;25457;0;6706;5960;1037;0;140;0;0;0;86;0;17;0;519;112;859;0;0;0;608;0;275;136;57;0;68;103;0;0;0;9
NI;03401;Delmenhorst, Stadt;58088;47034;525;46509;26886;14827;0;1713;1350;559;0;0;0;0;0;0;0;0;0;380;794;0;0;0;0;0;0;0;0;0;0;0;0;0;0;0;0;0;0;0;0;361;46673;25934;13635;0;2258;2521;492;0;32;0;0;0;17;0;12;0;604;223;363;0;0;0;362;0;107;56;24;0;14;17;0;0;0;2
NI;03402;Emden, Stadt;38947;31284;455;30829;18850;8324;0;2125;633;365;0;0;0;0;0;0;0;0;0;105;354;0;0;0;0;0;0;0;0;0;73;0;0;0;0;0;0;0;0;0;0;341;30943;19904;6904;0;1653;1343;393;0;53;0;0;0;13;0;10;0;142;49;196;0;0;0;124;0;57;39;12;0;8;41;0;0;0;2
NI;03403;Oldenburg (Oldenburg), Stadt;118116;97346;921;96425;49323;30894;0;10569;2740;1841;0;0;0;0;0;0;0;0;0;633;0;0;0;0;0;0;0;0;0;0;0;0;0;0;0;0;0;0;0;0;425;633;96713;46924;26446;0;11792;6898;1979;0;133;0;0;0;103;0;42;0;466;349;340;0;0;0;561;0;301;170;82;0;42;74;0;0;0;11
NI;03404;Osnabrück, Stadt;119936;98846;1043;97803;47836;38607;0;5895;3596;1062;0;0;0;0;0;0;0;0;0;444;0;0;0;0;0;0;0;168;0;195;0;0;0;0;0;0;0;0;0;0;0;881;97965;44121;33116;0;9166;7972;1178;0;113;0;0;0;74;0;35;0;720;212;255;0;0;0;507;0;166;89;59;0;109;64;0;0;0;9
NI;03405;Wilhelmshaven, Stadt;68722;55537;852;54685;29699;18018;0;2128;1425;713;0;0;0;0;0;0;0;0;0;0;2075;0;0;0;0;0;0;0;0;0;0;0;0;0;0;0;0;0;0;0;627;479;55058;30047;16738;0;2340;2705;649;0;85;0;0;0;31;0;3;0;267;90;1446;0;0;0;354;0;160;40;42;0;17;35;0;0;0;9
NI;03451;Ammerland;82593;68314;682;67632;33681;26723;0;3383;2763;653;0;0;0;0;0;0;0;0;0;282;0;0;0;0;0;0;0;0;0;0;0;0;0;0;0;0;0;0;0;0;147;541;67773;33650;21868;0;3810;5898;636;0;76;0;0;0;49;0;14;0;497;145;305;0;0;0;424;0;188;101;46;0;15;41;0;0;0;10
NI;03452;Aurich;142091;117567;2009;115558;68450;34220;0;7086;2736;1154;0;0;0;0;0;0;0;0;0;372;1205;0;0;0;0;0;0;0;0;0;335;0;0;0;0;0;0;0;0;0;0;1359;116208;70690;31088;0;5487;5132;998;0;149;0;0;0;57;0;18;0;495;187;750;0;0;0;539;0;270;103;27;0;24;177;0;0;0;17
NI;03453;Cloppenburg;104594;87140;1564;85576;28101;51545;0;2293;2692;522;0;0;0;0;0;423;0;0;0;0;0;0;0;0;0;0;0;0;0;0;0;0;0;0;0;0;0;0;0;0;0;901;86239;26765;50510;0;2336;4480;429;0;90;0;0;0;99;0;51;0;457;62;315;0;0;0;329;0;131;82;39;0;12;41;0;0;0;11
NI;03454;Emsland;217624;183329;1776;181553;58296;112596;0;4228;4930;1310;0;0;0;0;0;0;0;0;0;0;0;0;0;0;0;0;0;0;0;193;0;0;0;0;0;0;0;0;0;0;0;1380;181949;62387;97310;0;5684;11865;927;0;246;0;0;0;71;0;66;0;812;159;779;0;0;0;950;0;301;190;49;0;74;64;0;0;0;15
NI;03455;Friesland;77602;64282;870;63412;34923;20995;0;2776;2849;603;0;0;0;0;0;0;0;0;0;124;646;0;0;0;0;0;0;0;0;0;0;0;0;0;0;0;0;0;0;0;496;600;63682;34843;18679;0;2981;4649;555;0;64;0;0;0;42;0;15;0;352;94;652;0;0;0;405;0;189;58;41;0;20;37;0;0;0;6
NI;03456;Grafschaft Bentheim;92642;78397;681;77716;38593;34601;0;2033;1678;539;0;0;0;0;0;0;0;0;0;0;0;0;0;0;0;0;0;0;0;272;0;0;0;0;0;0;0;0;0;0;0;490;77907;37067;30780;0;3163;5003;438;0;54;0;0;0;43;0;27;0;229;60;206;0;0;0;409;0;133;82;29;0;103;67;0;0;0;14
NI;03457;Leer;119562;98740;1174;97566;54391;36103;0;4206;1760;1106;0;0;0;0;0;0;0;0;0;0;0;0;0;0;0;0;0;0;0;0;0;0;0;0;0;0;0;0;0;0;0;899;97841;55892;29241;0;4397;4826;848;0;116;0;0;0;38;0;58;0;621;129;418;0;0;0;482;0;222;158;41;0;21;322;0;0;0;11
NI;03458;Oldenburg;89217;74830;798;74032;36735;26850;0;4120;4319;776;0;0;0;0;0;0;0;0;0;429;803;0;0;0;0;0;0;0;0;0;0;0;0;0;0;0;0;0;0;0;0;486;74344;36749;23823;0;4350;6479;776;0;68;0;0;0;41;0;19;0;408;233;466;0;0;0;477;0;211;118;60;0;20;39;0;0;0;7
NI;03459;Osnabrück;256641;219870;2182;217688;99406;100211;0;8820;5243;1516;0;0;0;0;0;0;0;0;0;514;1350;0;0;0;0;0;0;535;0;93;0;0;0;0;0;0;0;0;0;0;0;1766;218104;97262;88536;0;10657;15003;1496;0;227;0;0;0;161;0;38;0;1203;280;982;0;0;0;1129;0;447;192;239;0;101;136;0;0;0;15
NI;03460;Vechta;86600;73122;1023;72099;19848;45993;0;2996;1931;416;0;0;0;0;0;915;0;0;0;0;0;0;0;0;0;0;0;0;0;0;0;0;0;0;0;0;0;0;0;0;0;619;72503;20669;42904;0;2443;4500;316;0;91;0;0;0;230;0;39;0;200;56;556;0;0;0;280;0;117;42;18;0;25;13;0;0;0;4
NI;03461;Wesermarsch;71565;58519;790;57729;34370;17106;0;2393;2484;555;0;0;0;0;0;0;0;0;0;238;583;0;0;0;0;0;0;0;0;0;0;0;0;0;0;0;0;0;0;0;0;519;58000;34071;15365;0;2691;3913;511;0;37;0;0;0;20;0;9;0;268;117;334;0;0;0;418;0;103;77;27;0;16;17;0;0;0;6
NI;03462;Wittmund;43307;34278;406;33872;17441;13300;0;1653;780;215;0;0;0;0;0;0;0;0;0;0;368;0;0;0;0;0;0;0;0;0;0;0;0;0;0;0;0;0;0;0;115;283;33995;17747;12068;0;1370;1780;213;0;30;0;0;0;11;0;6;0;119;52;249;0;0;0;183;0;87;29;26;0;8;15;0;0;0;2
HB;04011;Bremen, Stadt;403347;333762;4185;329577;179822;93593;0;31491;9665;6987;0;0;0;0;0;0;0;0;0;2121;3781;0;0;0;150;0;1409;0;0;0;0;0;0;0;0;0;0;0;0;0;558;3399;330363;162709;83289;0;40708;20239;8457;0;559;0;0;0;622;426;0;0;4704;1677;2467;0;0;0;3021;0;0;882;603;0;0;0;0;0;0;0
HB;04012;Bremerhaven, Stadt;91462;72292;1389;70903;41487;21226;0;3500;1871;1367;0;0;0;0;0;0;0;0;0;0;0;0;0;0;0;0;859;0;0;0;0;0;0;0;0;0;0;0;0;0;593;1154;71138;38830;18826;0;4595;3570;1358;0;59;0;0;0;103;47;0;0;1963;312;254;0;0;0;838;0;0;252;131;0;0;0;0;0;0;0
NW;05111;Düsseldorf, Stadt;414001;337367;3604;333763;157860;129610;0;19326;10284;4016;0;0;0;0;434;0;0;0;0;2716;4868;0;0;0;95;0;0;467;0;0;0;0;0;0;0;0;0;0;0;0;4087;3027;334340;145073;110267;0;28462;30764;5643;169;316;0;0;156;303;294;122;0;3247;1839;3186;581;224;0;1556;66;910;338;241;0;145;167;0;236;0;35
NW;05112;Duisburg, Stadt;366989;298128;3688;294440;186897;74278;0;13430;5192;4096;0;0;0;0;407;0;0;221;0;1712;7604;0;0;0;603;0;0;0;0;0;0;0;0;0;0;0;0;0;0;0;0;3510;294618;176629;66445;0;17858;12587;5010;204;256;0;0;91;164;184;150;0;4786;1185;4865;522;131;0;1513;244;783;423;107;0;70;120;0;164;0;127
NW;05113;Essen, Stadt;460974;377902;4060;373842;213489;116043;0;22410;7789;4930;0;0;0;0;0;0;0;0;0;2416;6419;0;0;0;346;0;0;0;0;0;0;0;0;0;0;0;0;0;0;0;0;3535;374367;203046;100099;0;27680;21945;5821;133;269;0;0;47;170;234;147;0;4028;1545;4148;587;200;0;1819;165;1169;413;116;0;124;237;0;187;0;38
NW;05114;Krefeld, Stadt;168482;135952;1727;134225;61315;60056;0;6181;2552;1131;0;0;0;0;0;0;0;0;0;1137;1543;0;0;0;0;0;0;310;0;0;0;0;0;0;0;0;0;0;0;0;0;1396;134556;61262;47900;0;8664;10235;1523;39;112;0;0;15;65;66;50;0;967;904;1116;232;39;0;630;30;255;156;87;0;36;76;0;85;0;12
NW;05116;Mönchengladbach, Stadt;196587;154300;2204;152096;72516;62536;0;7438;6112;0;0;0;0;0;0;0;0;0;0;931;1984;0;0;0;0;0;0;579;0;0;0;0;0;0;0;0;0;0;0;0;0;1773;152527;64839;56992;0;9888;12760;1700;88;113;0;0;31;84;91;55;0;1315;597;1418;375;96;0;933;17;511;137;177;0;90;87;0;115;0;18
NW;05117;Mülheim an der Ruhr, Stadt;134026;114455;1795;112660;64761;34925;0;6618;4210;0;0;0;0;0;0;0;0;0;0;705;1441;0;0;0;0;0;0;0;0;0;0;0;0;0;0;0;0;0;0;0;0;1337;113118;62570;30404;0;6877;8141;1338;40;77;0;0;13;128;79;33;0;766;428;933;154;52;0;444;36;235;135;34;0;45;89;0;61;0;6
NW;05119;Oberhausen, Stadt;164266;134167;2136;132031;86232;32489;0;7235;2726;0;0;0;0;0;0;0;0;0;0;766;2305;0;0;0;278;0;0;0;0;0;0;0;0;0;0;0;0;0;0;0;0;1388;132779;82400;30520;0;7736;4902;1666;69;122;0;0;10;58;106;45;0;1377;450;1505;202;65;0;675;53;384;204;39;0;79;40;0;62;0;10
NW;05120;Remscheid, Stadt;85582;69945;852;69093;35166;26374;0;2773;2595;0;0;0;0;0;0;0;0;0;0;440;1412;0;0;0;64;0;0;0;0;269;0;0;0;0;0;0;0;0;0;0;0;707;69238;32038;21902;0;4174;6394;984;61;46;0;0;13;41;51;26;0;1191;265;848;182;43;0;473;8;215;54;35;0;77;61;0;51;0;5
NW;05122;Solingen, Stadt;116213;95477;1170;94307;46226;38914;0;3519;3051;0;0;0;0;0;0;0;0;0;0;462;1698;0;0;0;156;0;0;0;0;281;0;0;0;0;0;0;0;0;0;0;0;983;94494;41852;31248;0;6065;9106;1368;62;73;0;0;37;156;60;40;0;1363;350;1208;222;51;0;503;40;299;82;21;0;125;104;0;49;0;10
NW;05124;Wuppertal, Stadt;264550;217795;2680;215115;116422;71816;0;10592;8075;2973;0;0;0;0;0;0;0;0;0;962;3810;0;0;0;0;0;0;0;0;0;0;0;0;0;0;0;0;0;0;0;465;2151;215644;102316;62452;0;18011;18300;3704;132;203;0;0;39;152;197;102;0;2747;607;3026;476;126;0;1303;47;722;282;85;0;82;363;0;160;0;10
NW;05154;Kleve;211060;176895;2601;174294;75176;82477;0;6945;6200;1278;0;0;0;0;0;0;0;0;0;645;1348;0;0;0;0;0;0;0;0;0;225;0;0;0;0;0;0;0;0;0;0;1918;174977;70338;76209;0;9083;13165;1367;52;114;0;0;18;70;112;74;0;907;481;953;296;76;0;685;8;323;142;46;0;205;117;0;113;0;23
NW;05158;Mettmann;372462;317118;3741;313377;145241;136331;0;13550;9173;3290;0;0;0;0;0;0;0;0;0;1725;4067;0;0;0;0;0;0;0;0;0;0;0;0;0;0;0;0;0;0;0;0;2853;314265;140074;108479;0;19132;29863;3896;125;246;0;0;65;263;209;157;0;2961;1251;3207;627;229;0;1424;40;750;411;102;0;159;284;0;289;0;22
NW;05162;Neuss;321548;272640;3008;269632;115707;126978;0;11134;8741;2389;0;0;0;0;0;0;0;0;0;0;3227;0;0;0;0;0;0;0;0;0;0;0;0;0;0;1456;0;0;0;0;0;2526;270114;107730;108696;0;15164;25500;2733;161;213;0;0;39;213;138;114;0;2077;950;2450;727;99;0;1493;15;722;254;136;0;123;107;0;232;0;28
NW;05166;Viersen;216060;180195;2157;178038;79136;79390;0;8892;6567;1503;0;0;0;0;0;0;0;0;0;0;1801;0;0;0;0;0;0;749;0;0;0;0;0;0;0;0;0;0;0;0;0;1798;178397;73392;69216;0;11138;16809;1702;92;166;0;0;25;91;86;63;0;1374;556;1156;453;63;0;934;5;547;102;188;0;51;78;0;97;0;13
NW;05170;Wesel;345865;292991;3327;289664;167070;95145;0;14555;7900;0;0;0;0;0;0;0;0;0;0;1354;3640;0;0;0;0;0;0;0;0;0;0;0;0;0;0;0;0;0;0;0;0;2549;290442;155592;85509;0;17974;17994;3040;265;279;0;0;47;279;150;69;0;2285;912;2649;542;118;0;1283;46;651;296;92;0;74;121;0;152;0;23
NW;05313;Aachen, Stadt;166969;140431;1525;138906;65660;59075;0;7184;3244;1453;0;0;0;0;0;0;0;0;0;524;1171;0;0;0;0;0;0;310;0;0;0;0;0;0;0;0;0;0;0;0;285;1299;139132;54539;48629;0;17432;11987;2417;30;108;0;0;14;48;120;52;0;1004;455;884;169;40;0;373;15;300;98;145;0;73;74;0;105;0;21
NW;05314;Bonn, Stadt;217218;185582;2403;183179;74845;78490;0;13692;11945;0;0;0;0;0;213;747;0;0;0;891;1820;0;0;0;0;0;0;0;0;0;294;0;0;0;0;0;0;0;0;0;242;1950;183632;64933;67096;0;21625;21213;2821;70;190;0;0;82;424;96;63;0;973;627;1278;268;88;0;585;14;456;135;75;0;158;201;0;155;0;6
NW;05315;Köln, Stadt;662124;539319;7138;532181;267154;181368;0;48035;16174;6306;0;0;0;0;0;430;0;0;0;3508;7031;0;0;361;242;0;1212;0;0;250;0;0;0;0;0;0;0;0;0;0;110;4822;534497;238020;157169;0;66570;42281;8630;244;409;0;0;50;390;523;236;0;5370;2556;4901;697;364;0;2125;119;1318;947;216;0;253;393;0;627;0;89
NW;05316;Leverkusen, Stadt;117505;97956;1321;96635;48413;37017;0;5280;2975;1073;0;0;0;0;0;0;0;0;0;549;1328;0;0;0;0;0;0;0;0;0;0;0;0;0;0;0;0;0;0;0;0;988;96968;46155;32285;0;6541;7134;1183;87;83;0;0;48;80;47;42;0;596;362;1186;218;34;0;338;31;264;76;42;0;22;39;0;65;0;10
NW;05354;Aachen;222563;189139;2917;186222;98913;71449;0;6424;3913;1943;0;0;0;0;0;0;0;0;0;1351;2229;0;0;0;0;0;0;0;0;0;0;0;0;0;0;0;0;0;0;0;0;2360;186779;92969;63897;0;9677;11167;2089;130;140;0;0;33;72;104;61;0;1726;797;1633;353;141;0;688;8;574;180;79;0;48;37;0;161;0;15
NW;05358;Düren;192156;162257;2238;160019;75330;69471;0;5827;4901;1415;0;0;0;0;0;0;0;0;0;699;1637;739;0;0;0;0;0;0;0;0;0;0;0;0;0;0;0;0;0;0;0;1785;160472;72777;62386;0;8118;10193;1644;85;106;0;0;23;75;87;58;0;967;451;1320;457;87;0;629;7;455;139;59;0;68;140;0;126;0;15
NW;05362;Erftkreis;324235;275668;3334;272334;141934;106622;0;10809;6846;1512;0;0;0;0;201;0;0;0;0;1378;3032;0;0;0;0;0;0;0;0;0;0;0;0;0;0;0;0;0;0;0;0;2850;272818;129197;94234;0;16267;20692;2671;113;177;0;0;60;173;117;80;0;2398;1064;2290;392;148;0;1103;19;734;301;92;0;101;143;0;212;0;40
NW;05366;Euskirchen;139489;115974;1928;114046;44192;57857;0;5021;4468;0;0;0;0;0;465;0;0;0;0;473;1570;0;0;0;0;0;0;0;0;0;0;0;0;0;0;0;0;0;0;0;0;1632;114342;42366;50182;0;6603;9986;960;49;62;0;0;112;85;72;66;0;632;339;1245;219;77;0;485;9;331;78;45;0;75;113;0;132;0;19
NW;05370;Heinsberg;175607;147902;2910;144992;58308;71352;0;8134;3895;0;0;0;0;0;0;0;0;0;0;604;2174;0;0;0;0;0;0;525;0;0;0;0;0;0;0;0;0;0;0;0;0;2449;145453;57707;64138;0;7555;9375;1112;104;162;0;0;16;72;64;69;0;1046;420;1587;428;35;0;630;8;383;108;180;0;56;86;0;91;0;21
NW;05374;Oberbergischer Kreis;205296;173614;2418;171196;76924;76565;0;7857;6147;0;0;0;0;0;0;0;0;0;0;949;2370;0;0;0;0;0;0;0;0;384;0;0;0;0;0;0;0;0;0;0;0;1898;171716;70643;68410;0;10295;13487;1579;118;123;0;0;31;118;60;108;0;1965;602;1475;380;54;0;849;11;514;143;73;0;191;375;0;104;0;8
NW;05378;Rheinisch-Bergischer Kreis;205879;178337;1762;176575;75473;79840;0;9665;7090;1465;0;0;0;0;0;0;0;0;0;985;2057;0;0;0;0;0;0;0;0;0;0;0;0;0;0;0;0;0;0;0;0;1409;176928;68631;65760;0;14343;19683;1903;78;159;0;0;47;139;97;73;0;1216;742;1551;312;76;0;798;6;492;150;87;0;128;288;0;151;0;18
NW;05382;Rhein-Sieg-Kreis;409762;351986;4131;347855;150050;161914;0;15391;11290;2594;1042;0;0;0;0;0;0;0;0;1402;2684;0;0;0;0;0;889;0;0;287;312;0;0;0;0;0;0;0;0;0;0;3681;348305;132089;139722;0;25479;35442;3777;481;268;0;0;70;374;138;115;0;2064;1086;2374;559;108;0;1321;23;1058;583;144;0;272;456;0;279;0;23
NW;05512;Bottrop, Stadt;91307;77606;876;76730;48671;21390;0;2706;1049;1069;0;0;0;0;0;0;0;0;0;0;1285;0;0;0;0;0;0;0;0;560;0;0;0;0;0;0;0;0;0;0;0;702;76904;46289;19691;0;3930;2990;997;41;65;0;0;8;15;18;25;0;671;128;1053;110;30;0;310;12;170;60;17;0;205;22;0;37;0;10
NW;05513;Gelsenkirchen, Stadt;205594;165134;2730;162404;104430;39436;0;7639;2899;2292;0;0;0;0;0;0;0;0;0;817;4405;0;0;0;486;0;0;0;0;0;0;0;0;0;0;0;0;0;0;0;0;1930;163204;101710;35816;0;8329;5934;2514;78;130;0;0;25;72;86;61;0;2331;525;3006;302;49;0;944;253;541;239;45;0;34;109;0;61;0;10
NW;05515;Münster, Stadt;200200;173696;1286;172410;72145;76231;0;14474;5405;1680;0;0;0;0;0;0;0;0;0;417;849;0;318;0;0;0;0;214;0;355;0;0;0;0;0;0;0;0;0;0;322;1136;172560;62741;60657;0;23488;19249;2537;55;122;0;0;10;83;109;73;0;640;366;650;174;74;0;716;9;244;109;89;0;239;35;0;78;0;13
NW;05554;Borken;250764;213002;2011;210991;85877;106974;0;10081;4595;1049;0;0;0;0;0;0;0;0;0;548;1401;0;0;0;0;0;0;0;0;466;0;0;0;0;0;0;0;0;0;0;0;1901;211101;81196;96636;0;12504;14318;1319;64;148;0;0;13;44;83;135;0;828;338;1067;406;50;0;1023;7;377;138;61;0;174;79;0;82;0;11
NW;05558;Coesfeld;154179;134172;1265;132907;53183;67088;0;5895;3664;0;0;0;0;0;0;0;0;146;0;392;1049;0;0;0;0;0;0;0;0;337;0;0;0;0;0;0;1153;0;0;0;0;1110;133062;49520;59127;0;9086;10665;1055;50;81;0;0;9;45;59;84;0;692;240;695;298;44;0;636;8;265;96;43;0;168;24;0;59;0;13
NW;05562;Recklinghausen;492187;416261;4782;411479;241621;127208;0;19513;8075;5083;0;0;0;0;0;0;0;0;0;1650;6986;0;0;0;58;0;0;0;0;611;0;0;0;0;0;0;0;0;0;0;674;3920;412341;234478;113179;0;22156;19703;5195;242;302;0;0;52;178;171;165;0;4890;1129;4674;804;132;0;2569;72;1015;466;135;0;210;214;0;175;0;35
NW;05566;Steinfurt;313915;269397;3033;266364;129986;114203;0;11021;7590;0;0;0;0;0;0;0;0;100;0;818;2395;0;0;0;0;0;0;0;0;96;0;0;0;0;0;0;155;0;0;0;0;2663;266734;120147;100853;0;16843;19719;1998;98;266;0;0;21;115;86;128;0;1155;438;1682;509;99;0;1349;11;441;333;80;0;115;133;0;86;0;29
NW;05570;Warendorf;200813;174366;2538;171828;72126;80610;0;7541;7727;1368;0;0;0;0;0;0;0;250;0;0;1719;0;487;0;0;0;0;0;0;0;0;0;0;0;0;0;0;0;0;0;0;2165;172201;71426;70015;0;9570;14476;1565;75;102;0;0;17;57;50;157;0;1193;275;1297;327;152;0;688;14;361;109;50;0;94;35;0;90;0;6
NW;05711;Bielefeld, Stadt;235444;200846;2521;198325;99663;73155;0;14016;5104;2572;0;0;0;0;0;0;0;0;0;872;2516;0;0;0;0;0;0;0;0;427;0;0;0;0;0;0;0;0;0;0;0;2244;198602;89269;62396;0;20955;14273;3625;91;170;0;0;21;377;121;108;0;1999;601;1702;373;86;0;1003;21;428;268;84;0;157;330;0;129;0;15
NW;05754;Gütersloh;244701;208402;2928;205474;89614;94117;0;9694;6078;1683;0;0;0;0;0;0;0;273;0;826;2578;0;0;0;0;0;0;0;0;611;0;0;0;0;0;0;0;0;0;0;0;2431;205971;84261;81730;0;13762;16407;2036;144;165;0;0;28;257;87;185;0;1692;578;1906;480;75;0;978;5;437;238;66;0;218;114;0;105;0;17
NW;05758;Herford;191909;163334;3178;160156;85135;61574;0;5792;4378;0;0;0;0;0;0;0;0;0;0;592;2331;0;0;0;0;0;0;0;0;354;0;0;0;0;0;0;0;0;0;0;0;2369;160965;78736;54592;0;8951;10281;1689;125;117;0;0;20;174;107;64;0;1647;346;1601;310;53;0;971;18;366;192;59;0;118;310;0;102;0;16
NW;05762;Höxter;116685;100468;1496;98972;35772;53944;0;3400;2379;718;0;0;0;0;0;233;0;0;0;196;1342;420;0;0;0;0;0;135;0;433;0;0;0;0;0;0;0;0;0;0;0;1365;99103;35263;48067;0;4099;7087;734;62;90;0;0;12;119;34;78;0;890;131;1018;300;30;0;481;5;164;104;45;0;200;41;0;38;0;11
NW;05766;Lippe;273689;233067;3205;229862;118391;86031;0;9266;8532;2135;0;0;0;0;0;1282;0;0;0;261;3030;250;0;0;0;0;0;155;0;529;0;0;0;0;0;0;0;0;0;0;0;2904;230163;111560;75228;0;13948;17684;2423;134;147;0;0;40;689;91;170;0;2300;446;1775;435;89;0;1192;5;445;270;98;0;275;588;0;119;0;12
NW;05770;Minden-Lübbecke;243814;204146;3115;201031;106123;75707;0;7450;6629;0;0;0;0;0;0;617;0;0;0;677;2800;0;0;0;0;0;0;0;0;310;718;0;0;0;0;0;0;0;0;0;0;2605;201541;97455;67992;0;11357;14587;1946;144;169;0;0;29;326;82;91;0;1826;415;1835;296;61;0;1152;12;409;214;54;0;178;792;0;103;0;16
NW;05774;Paderborn;205311;172520;2610;169910;57482;91530;0;9849;6061;0;0;0;0;0;0;831;0;0;0;0;2588;884;0;0;0;0;0;345;0;340;0;0;0;0;0;0;0;0;0;0;0;2069;170451;55505;84916;0;9296;12403;1371;102;139;0;0;16;396;74;155;0;1189;317;2063;558;41;0;769;13;334;152;123;0;175;238;0;96;0;10
NW;05911;Bochum, Stadt;294739;249455;2741;246714;149671;68076;0;16307;4304;3272;0;0;0;0;0;0;0;0;0;0;4225;0;0;0;378;0;0;0;0;203;0;0;0;55;0;0;0;0;0;0;223;2259;247196;144078;58302;0;19782;11496;3597;83;262;0;0;35;129;196;112;0;2087;706;2833;432;118;0;1309;94;722;327;94;0;116;130;0;116;0;40
NW;05913;Dortmund, Stadt;429998;357303;4580;352723;208482;96848;0;21914;8071;6978;0;0;0;0;121;0;0;0;0;1972;7037;0;0;0;239;0;0;1061;0;0;0;0;0;0;0;0;0;0;0;0;0;3589;353714;200583;85677;0;27259;18220;5788;175;292;0;0;87;163;207;124;0;4402;1338;4645;461;128;0;2050;152;737;497;306;0;117;114;0;167;0;25
NW;05914;Hagen, Stadt;150667;122771;1456;121315;67854;39798;0;4343;3238;1377;0;0;0;0;0;1350;0;0;0;0;3266;0;0;0;89;0;0;0;0;0;0;0;0;0;0;0;0;0;0;0;0;1274;121497;63406;35641;0;6668;7498;1508;56;87;0;0;9;400;44;55;0;1333;282;2567;276;39;0;727;48;398;163;59;0;57;105;0;55;0;16
NW;05915;Hamm, Stadt;130190;107933;1677;106256;58405;38214;0;3512;3194;1236;0;0;0;0;0;0;0;0;0;0;1491;0;0;0;0;0;0;0;0;0;0;0;0;0;0;0;0;0;0;204;0;1295;106638;56598;33790;0;4763;5961;1224;110;61;0;0;38;46;41;47;0;1156;186;1096;253;33;0;687;2;253;110;44;0;26;47;0;55;0;11
NW;05916;Herne, Stadt;125842;103808;1168;102640;67086;25316;0;4258;1377;1691;0;0;0;0;0;0;0;0;0;0;2772;0;0;0;140;0;0;0;0;0;0;0;0;0;0;0;0;0;0;0;0;1007;102801;64663;22291;0;5336;3590;1623;62;71;0;0;10;36;57;38;0;861;227;2394;212;29;0;629;58;261;179;39;0;23;58;0;46;0;8
NW;05954;Ennepe-Ruhr-Kreis;267395;228673;2713;225960;130834;70039;0;12649;6231;779;0;0;0;0;0;0;0;0;0;935;3992;0;0;0;52;0;0;0;0;164;0;0;0;120;0;0;0;0;0;0;165;2130;226543;123248;60068;0;15992;15036;2628;122;162;0;0;24;127;126;106;0;1972;585;2845;435;82;0;1223;63;771;275;98;0;103;290;0;133;0;29
NW;05958;Hochsauerlandkreis;210499;179981;2563;177418;73938;91164;0;5395;4139;0;0;0;0;0;0;0;0;0;0;0;2782;0;0;0;0;0;0;0;0;0;0;0;0;0;0;0;0;0;0;0;0;2127;177854;70051;80110;0;7303;11934;1260;78;204;0;0;11;121;90;139;0;1746;320;2031;417;89;0;946;12;445;218;60;0;82;61;0;109;0;17
NW;05962;Märkischer Kreis;325208;269472;3158;266314;135250;104606;0;9384;6843;0;0;0;0;0;0;0;0;0;0;1486;8268;0;0;0;0;0;0;0;0;0;0;0;0;0;0;0;0;0;0;0;477;2963;266509;122806;90583;0;13559;19733;3157;210;203;0;0;36;269;101;218;0;3312;809;6093;811;107;0;2184;21;893;442;147;0;133;493;0;168;0;21
NW;05966;Olpe;100716;85431;1193;84238;30126;47659;0;3065;1825;0;0;0;0;0;0;209;0;0;0;190;856;0;0;0;0;0;0;221;0;87;0;0;0;0;0;0;0;0;0;0;0;936;84495;30199;43328;0;3137;4700;505;59;86;0;0;14;93;27;57;0;519;135;637;193;33;0;349;2;128;82;62;0;43;40;0;61;0;6
NW;05970;Siegen-Wittgenstein;219164;185164;2906;182258;87232;76243;0;7033;4940;0;0;0;0;0;0;1333;0;552;0;500;3585;0;0;0;0;0;0;81;0;524;0;0;0;0;0;0;0;0;0;0;235;2011;183153;85673;63846;0;9520;12395;2070;171;142;0;0;54;790;81;301;0;1323;323;3382;292;69;0;949;8;352;210;61;0;289;733;0;100;0;19
NW;05974;Soest;222469;188036;2199;185837;84473;82515;0;8067;6231;0;0;0;0;0;0;0;0;551;0;859;2583;0;0;0;0;0;0;558;0;0;0;0;0;0;0;0;0;0;0;0;0;2205;185831;80147;71474;0;10380;14519;1759;95;153;0;0;23;77;109;276;0;1835;517;1572;456;100;0;1309;6;413;175;157;0;93;75;0;98;0;13
NW;05978;Unna;311530;266540;3278;263262;153152;82660;0;13840;5741;2850;0;0;0;0;0;0;0;0;0;0;4177;0;0;0;0;0;0;599;0;0;0;0;0;0;0;0;0;0;0;243;0;3057;263483;147240;72773;0;15527;13782;3146;189;191;0;0;47;141;109;122;0;2895;647;3097;529;73;0;1587;31;595;283;180;0;72;109;0;98;0;20
HE;06411;Darmstadt, Stadt;97353;80757;1446;79311;35901;29212;0;8114;2241;1068;0;0;0;0;0;282;0;0;0;367;1125;0;246;0;52;0;316;185;0;0;0;0;0;0;0;0;0;0;0;0;202;1260;79497;31338;23904;0;12479;6744;1556;0;67;0;0;12;222;90;39;0;476;292;1010;0;139;0;272;0;306;238;86;0;61;154;0;0;0;12
HE;06412;Frankfurt am Main, Stadt;381829;308087;4711;303376;124095;119164;0;32704;8969;5112;0;0;0;0;180;903;0;0;0;1506;8992;0;239;0;0;0;0;1099;0;0;0;0;0;136;0;0;0;0;0;0;277;3943;304144;108098;99634;0;43078;26635;7646;0;321;0;0;105;1536;305;140;0;3046;1372;7149;0;348;0;1835;0;1349;476;481;0;243;294;0;0;0;53
HE;06413;Offenbach am Main, Stadt;68630;54299;1083;53216;24545;20566;0;2545;1562;847;0;0;0;0;0;426;0;0;0;0;2231;0;0;0;0;0;249;154;0;91;0;0;0;0;0;0;0;0;0;0;0;827;53472;21034;17911;0;5275;4038;1133;0;53;0;0;14;253;43;29;0;481;139;2091;0;61;0;389;0;205;170;64;0;43;35;0;0;0;11
HE;06414;Wiesbaden, Landeshauptstadt;185832;151643;2389;149254;66021;62967;0;7026;3763;1618;0;0;0;0;175;1203;0;125;0;727;5013;0;0;0;0;0;0;0;0;0;296;0;0;0;0;0;0;0;0;0;320;1974;149669;56877;52923;0;14753;13069;2372;0;135;0;0;118;949;108;104;0;1051;544;4792;0;140;0;637;0;426;129;98;0;90;329;0;0;0;25
HE;06431;Bergstraße;193655;164562;3179;161383;73222;70781;0;6587;3490;1500;0;0;0;0;0;0;0;0;0;1070;4733;0;0;0;0;0;0;0;0;0;0;0;0;0;0;0;0;0;0;0;0;2356;162206;67124;60533;0;10796;11813;1674;0;133;0;0;38;334;112;103;0;1709;693;4497;0;127;0;1120;0;782;219;121;0;97;158;0;0;0;23
HE;06432;Darmstadt-Dieburg;202388;172499;3610;168889;79236;65505;0;10324;5639;1808;0;0;0;0;0;322;0;194;0;763;3206;0;242;0;63;0;1048;236;0;0;0;0;0;0;0;0;0;0;0;0;303;2863;169636;73633;55313;0;15705;13904;2266;0;158;0;0;57;388;141;162;0;1211;509;2855;0;259;0;837;0;706;785;187;0;124;395;0;0;0;41
HE;06433;Groß-Gerau;166121;141110;2533;138577;71428;48778;0;7525;3073;1889;0;0;0;0;238;758;0;0;0;0;4258;0;0;0;0;0;0;630;0;0;0;0;0;0;0;0;0;0;0;0;0;2160;138950;64093;43409;0;11929;9116;2108;0;129;0;0;101;460;93;76;0;1199;372;3687;0;106;0;853;0;567;182;224;0;73;162;0;0;0;11
HE;06434;Hochtaunuskreis;162108;140250;2124;138126;49026;65728;0;8607;8486;1460;0;0;0;0;0;1567;0;0;0;0;2852;0;0;0;0;0;0;0;0;400;0;0;0;0;0;0;0;0;0;0;0;1685;138565;44409;55093;0;12393;18066;1740;0;108;0;0;40;1038;124;57;0;936;275;2443;0;125;0;712;0;459;155;104;0;141;126;0;0;0;21
HE;06435;Main-Kinzig-Kreis;289817;243611;4514;239097;108457;102131;0;10524;5914;3416;0;0;0;0;0;0;0;0;0;0;8465;0;0;0;0;0;0;0;0;0;190;0;0;0;0;0;0;0;0;0;0;4001;239610;97892;84792;0;17375;17615;3670;0;209;0;0;97;612;270;200;0;3697;554;8648;0;326;0;1575;0;988;366;158;0;140;377;0;0;0;49
HE;06436;Main-Taunus-Kreis;157716;137101;2000;135101;48671;65034;0;7979;5230;1156;0;0;0;0;66;3641;0;0;0;0;2900;0;0;0;0;0;0;351;0;73;0;0;0;0;0;0;0;0;0;0;0;1663;135438;44542;54186;0;11548;15157;1545;0;126;0;0;40;2603;86;74;0;831;298;2593;0;96;0;669;0;472;178;170;0;105;101;0;0;0;18
HE;06437;Odenwaldkreis;71232;60538;1566;58972;29543;21990;0;2724;1640;767;0;0;0;0;0;0;0;132;0;264;1560;0;0;0;0;0;275;0;0;0;0;0;0;0;0;0;0;0;0;0;77;1129;59409;27844;19530;0;4050;3718;763;0;61;0;0;10;104;37;43;0;551;165;1517;0;39;0;299;0;253;209;47;0;42;117;0;0;0;10
HE;06438;Offenbach;231478;197406;3541;193865;80224;88776;0;8736;6169;1842;0;0;0;0;0;1132;0;250;0;305;4861;0;0;0;0;0;508;406;0;344;0;0;0;0;0;0;0;0;0;0;312;2907;194499;72114;75804;0;15739;17763;2331;0;162;0;0;52;958;126;180;0;1234;522;4323;0;125;0;1367;0;744;348;225;0;220;128;0;0;0;34
HE;06439;Rheingau-Taunus-Kreis;134103;114677;2066;112611;47460;50264;0;6161;3504;1032;0;0;0;0;0;963;0;0;0;0;2726;0;0;0;0;0;0;0;0;0;258;0;0;0;0;0;0;0;0;0;243;1666;113011;42744;43084;0;9292;10406;1364;0;124;0;0;53;674;90;53;0;959;219;2441;0;117;0;498;0;393;110;77;0;89;206;0;0;0;18
HE;06440;Wetteraukreis;211682;177648;3610;174038;80548;71641;0;7107;4814;1713;0;0;0;0;0;1352;0;0;0;0;3415;0;0;0;0;0;2929;0;0;0;519;0;0;0;0;0;0;0;0;0;0;2955;174693;73043;61160;0;12623;14119;2205;0;182;0;0;65;1045;170;97;0;1526;304;3223;0;205;0;1268;0;664;2190;126;0;93;350;0;0;0;35
HE;06531;Gießen;184034;153632;2653;150979;70294;57817;0;6968;6373;1969;0;0;0;0;0;1622;0;0;0;475;4525;0;0;0;0;0;42;0;0;0;529;0;0;0;0;0;0;0;0;0;365;2057;151575;63029;50122;0;12913;12837;2502;0;146;0;0;28;1103;97;59;0;1477;340;4035;0;132;0;1222;0;554;392;108;0;90;367;0;0;0;22
HE;06532;Lahn-Dill-Kreis;192449;156534;2524;154010;74130;59162;0;5398;4413;1597;0;0;0;0;0;1139;0;0;0;0;4762;0;0;0;0;0;2194;0;0;0;1215;0;0;0;0;0;0;0;0;0;0;2322;154212;67936;53198;0;8243;10396;1885;0;132;0;0;37;887;82;169;0;1677;225;4544;0;96;0;1504;0;444;1645;86;0;93;909;0;0;0;24
HE;06533;Limburg-Weilburg;128317;107285;2305;104980;45434;48879;0;3546;2598;972;0;0;0;0;0;762;0;0;0;0;2476;0;0;0;0;0;0;0;0;86;91;0;0;0;0;0;0;0;0;0;136;1893;105392;42402;44511;0;5243;6569;1085;0;106;0;0;31;393;82;65;0;1117;198;2055;0;95;0;702;0;299;203;59;0;64;89;0;0;0;24
HE;06534;Marburg-Biedenkopf;181430;153443;1871;151572;72356;60011;0;7339;2929;2297;0;0;0;0;269;417;0;410;0;0;4561;0;0;0;0;0;584;399;0;0;0;0;0;0;0;0;0;0;0;0;0;1794;151649;65679;50302;0;13927;9506;2845;0;187;0;0;121;350;123;256;0;1008;209;4532;0;132;0;1001;0;370;442;155;0;140;345;0;0;0;19
HE;06535;Vogelsbergkreis;91406;77061;1662;75399;36241;29706;0;2764;2893;958;0;0;0;0;0;247;0;0;0;73;2225;0;0;0;0;0;0;0;0;0;232;0;0;0;0;0;0;0;0;0;60;1280;75781;33646;24892;0;4203;6696;996;0;73;0;0;17;647;53;42;0;1131;106;2049;0;64;0;558;0;224;115;42;0;42;170;0;0;0;15
HE;06611;Kassel, Stadt;140372;115731;1990;113741;53441;39950;0;12366;2358;1731;0;0;0;0;0;981;0;0;0;474;2015;0;0;0;97;0;0;0;0;0;0;0;0;0;0;0;0;0;0;0;328;1657;114074;50883;33953;0;13845;6998;2511;0;88;0;0;24;838;187;67;0;867;370;1692;0;134;0;781;0;387;116;88;0;60;145;0;0;0;40
HE;06631;Fulda;160839;138284;3107;135177;43307;76686;0;5352;3134;1633;0;0;0;0;0;456;0;0;0;56;4049;0;0;0;0;0;0;0;0;0;504;0;0;0;0;0;0;0;0;0;0;2521;135763;41419;66558;0;7023;8565;1572;0;118;0;0;35;1544;153;178;0;2801;295;3402;0;147;0;913;0;399;155;64;0;96;298;0;0;0;28
HE;06632;Hersfeld-Rotenburg;102716;88455;2338;86117;46206;29905;0;2151;1597;809;0;0;0;0;0;3692;0;0;0;244;1513;0;0;0;0;0;0;0;0;0;0;0;0;0;0;0;0;0;0;0;0;1480;86975;44409;26823;0;4177;4387;889;0;76;0;0;18;2437;37;59;0;1344;154;1051;0;55;0;513;0;213;160;30;0;17;114;0;0;0;12
HE;06633;Kassel;190870;167288;2321;164967;96419;50700;0;7833;3447;1466;0;0;0;0;0;1758;0;0;0;586;2455;0;0;0;9;0;0;154;0;0;0;0;52;0;0;0;0;0;0;0;88;2087;165201;91286;44920;0;10231;9290;1940;0;93;0;0;29;1319;119;59;0;1347;404;1891;0;134;0;1144;0;518;150;106;0;44;146;0;0;0;31
HE;06634;Schwalm-Eder-Kreis;149857;130522;2470;128052;71481;41922;0;4802;3874;1297;0;0;0;0;0;1380;0;0;0;408;2888;0;0;0;0;0;0;0;0;0;0;0;0;0;0;0;0;0;0;0;0;2050;128472;67938;36936;0;6926;8440;1458;0;109;0;0;27;876;98;51;0;1055;289;2418;0;95;0;887;0;370;259;39;0;44;143;0;0;0;14
HE;06635;Waldeck-Frankenberg;129433;108645;1718;106927;50868;42950;0;3564;4108;941;0;0;0;0;0;746;0;0;0;400;3253;0;0;0;0;0;0;0;0;0;0;0;97;0;0;0;0;0;0;0;0;1604;107041;47729;36600;0;5598;9051;1188;0;73;0;0;25;547;77;75;0;905;272;2959;0;83;0;960;0;307;211;46;0;119;198;0;0;0;18
HE;06636;Werra-Meißner-Kreis;91535;78816;1298;77518;43546;24472;0;3313;2045;802;0;0;0;0;0;742;0;0;0;162;2031;0;0;0;0;0;0;226;0;0;0;0;0;0;0;0;0;0;0;0;179;1219;77597;40757;22067;0;4575;5090;972;0;57;0;0;12;459;44;27;0;498;126;1698;0;47;0;674;0;210;83;94;0;34;59;0;0;0;14
RP;07111;Koblenz, Stadt;83678;68413;1209;67204;30032;29810;0;3362;2073;676;0;0;0;0;0;0;0;0;0;0;912;0;0;0;0;0;0;0;0;339;0;0;0;0;0;0;0;0;0;0;0;771;67642;27218;27256;0;5133;4775;796;0;0;0;0;0;86;0;0;0;472;202;551;0;61;0;516;0;256;81;45;0;113;81;0;0;0;0
RP;07131;Ahrweiler;95798;80978;1844;79134;27937;40882;0;3445;4841;0;0;0;0;0;0;0;0;0;0;0;1200;0;0;0;0;0;0;0;0;670;159;0;0;0;0;0;0;0;0;0;0;1068;79910;25976;38688;0;4559;7140;672;0;0;0;0;0;161;0;0;0;452;211;759;0;41;0;480;0;282;115;54;0;235;85;0;0;0;0
RP;07132;Altenkirchen (Westerwald);101523;84740;1314;83426;38156;36889;0;3256;2520;671;0;0;0;0;0;0;0;0;0;0;1252;0;0;0;0;0;0;0;0;212;470;0;0;0;0;0;0;0;0;0;0;960;83780;36013;33831;0;4276;5395;756;0;0;0;0;0;88;0;0;0;514;135;1032;0;55;0;739;0;273;124;59;0;95;395;0;0;0;0
RP;07133;Bad Kreuznach;119204;99702;1682;98020;45104;42329;0;4206;2566;862;0;0;0;0;0;0;0;0;0;0;1934;0;0;0;0;0;0;0;0;0;0;0;0;0;0;0;0;0;0;909;110;1213;98489;44781;35097;0;5900;7210;965;0;0;0;0;0;147;0;0;0;754;228;1662;0;78;0;687;0;461;179;68;0;115;157;0;0;0;0
RP;07134;Birkenfeld;71068;57514;1112;56402;27445;22781;0;1926;1529;604;0;0;0;0;0;0;0;0;0;0;1422;0;0;0;0;0;0;0;0;0;0;0;0;0;0;0;0;0;0;163;532;758;56756;26785;19653;0;2575;3976;580;0;0;0;0;0;67;0;0;0;634;141;1144;0;63;0;587;0;259;107;49;0;44;92;0;0;0;0
RP;07135;Cochem-Zell;51503;44373;1078;43295;13489;25443;0;1893;1830;0;0;0;0;0;0;0;0;0;0;0;640;0;0;0;0;0;0;0;0;0;0;0;0;0;0;0;0;0;0;0;0;789;43584;13392;23413;0;1831;3186;260;0;0;0;0;0;38;0;0;0;212;117;428;0;52;0;312;0;170;49;28;0;28;68;0;0;0;0
RP;07137;Mayen-Koblenz;159390;133480;3106;130374;59224;59406;0;4622;4218;445;0;0;0;0;0;0;0;0;0;0;1757;0;0;0;0;0;0;0;0;423;279;0;0;0;0;0;0;0;0;0;0;1678;131802;55069;56123;0;6789;8448;957;0;0;0;0;0;132;0;0;0;839;269;1162;0;91;0;843;0;411;154;72;0;173;270;0;0;0;0
RP;07138;Neuwied;135849;114373;1880;112493;51052;49688;0;4679;3585;1087;0;0;0;0;0;0;0;0;0;0;1572;0;0;0;0;0;0;0;0;493;337;0;0;0;0;0;0;0;0;0;0;1424;112949;47591;44747;0;6558;8141;1238;0;0;0;0;0;136;0;0;0;936;323;1064;0;96;0;939;0;457;133;80;0;200;310;0;0;0;0
RP;07140;Rhein-Hunsrück-Kreis;79618;66844;1908;64936;26631;29957;0;2509;4363;187;0;0;0;0;0;0;0;0;0;0;1176;0;0;0;0;0;0;0;0;113;0;0;0;0;0;0;0;0;0;0;0;1347;65497;25289;27920;0;3767;5314;579;0;0;0;0;0;78;0;0;0;475;140;834;0;73;0;443;0;248;61;54;0;100;122;0;0;0;0
RP;07141;Rhein-Lahn-Kreis;98685;82894;1566;81328;42117;31615;0;2916;2830;69;0;0;0;0;0;0;0;0;0;0;1758;0;0;0;0;0;0;0;0;23;0;0;0;0;0;0;0;0;0;0;0;1198;81696;37863;28575;0;4634;5881;836;0;0;0;0;0;207;0;0;0;892;167;1187;0;58;0;642;0;367;112;82;0;68;125;0;0;0;0
RP;07143;Westerwaldkreis;148264;125150;2206;122944;54499;58194;0;4391;3350;0;0;0;0;0;0;0;0;0;0;0;2510;0;0;0;0;0;0;0;0;0;0;0;0;0;0;0;0;0;0;0;0;1582;123568;49733;51903;0;6362;8412;1249;0;0;0;0;0;183;0;0;0;1043;335;1853;0;158;0;1056;0;555;208;119;0;98;301;0;0;0;0
RP;07211;Trier, Stadt;75854;59786;1088;58698;26891;24368;0;4360;1585;0;0;0;0;0;0;0;0;86;0;373;852;0;0;0;0;0;0;0;0;183;0;0;0;0;0;0;0;0;0;0;0;958;58828;24583;21945;0;6099;3659;693;0;0;0;0;0;33;0;0;0;222;262;649;0;34;0;261;0;173;34;32;0;89;60;0;0;0;0
RP;07231;Bernkastel-Wittlich;88820;73857;1704;72153;28321;35415;0;3386;3292;0;0;0;0;0;0;0;0;0;0;0;1549;0;0;0;0;0;0;0;0;190;0;0;0;0;0;0;0;0;0;0;0;1337;72520;26385;31927;0;4159;6154;690;0;0;0;0;0;123;0;0;0;410;249;1172;0;66;0;512;0;311;107;62;0;84;109;0;0;0;0
RP;07232;Bitburg-Prüm;74039;61245;1578;59667;22884;30371;0;2631;2592;0;0;0;0;0;0;0;0;0;0;0;716;0;0;0;0;0;0;0;0;473;0;0;0;0;0;0;0;0;0;0;0;1304;59941;21726;27448;0;3095;4997;480;0;0;0;0;0;84;0;0;0;307;260;615;0;42;0;344;0;218;47;37;0;164;77;0;0;0;0
RP;07233;Daun;49507;41682;855;40827;14491;22344;0;1616;1651;0;0;0;0;0;0;0;0;0;0;0;543;0;0;0;0;0;0;0;0;182;0;0;0;0;0;0;0;0;0;0;0;716;40966;13485;20766;0;1994;2894;280;0;0;0;0;0;52;0;0;0;287;151;402;0;44;0;214;0;216;33;36;0;52;60;0;0;0;0
RP;07235;Trier-Saarburg;105415;90736;1675;89061;39967;39951;0;3944;2963;0;0;0;0;0;0;0;0;198;0;451;1312;0;0;0;0;0;0;0;0;275;0;0;0;0;0;0;0;0;0;0;0;1511;89225;38236;36364;0;5356;5453;678;0;0;0;0;0;80;0;0;0;300;375;1049;0;70;0;508;0;383;72;71;0;137;93;0;0;0;0
RP;07311;Frankenthal (Pfalz), Stadt;34396;28570;530;28040;12173;12569;0;1199;643;0;0;0;0;0;0;0;0;0;0;0;1205;0;0;0;0;0;0;251;0;0;0;0;0;0;0;0;0;0;0;0;0;426;28144;11572;11374;0;1375;1669;304;0;0;0;0;0;82;0;0;0;193;62;935;0;37;0;179;0;148;45;82;0;19;68;0;0;0;0
RP;07312;Kaiserslautern, Stadt;74344;57956;1323;56633;27635;21789;0;2506;2455;0;0;0;0;0;0;0;0;0;0;0;2248;0;0;0;0;0;0;0;0;0;0;0;0;0;0;0;0;0;0;0;0;994;56962;24706;19925;0;3922;3815;690;0;0;0;0;0;71;0;0;0;533;195;1655;0;82;0;659;0;323;149;49;0;90;98;0;0;0;0
RP;07313;Landau in der Pfalz, Stadt;30303;24683;400;24283;10240;10635;0;1530;880;0;0;0;0;0;0;0;0;0;0;0;603;0;0;0;0;0;120;0;0;143;132;0;0;0;0;0;0;0;0;0;0;338;24345;9494;8555;0;2507;2038;300;0;0;0;0;0;27;0;0;0;128;62;541;0;41;0;215;0;122;89;24;0;94;108;0;0;0;0
RP;07314;Ludwigshafen am Rhein, Stadt;106853;87290;1249;86041;42531;33595;0;2469;1496;0;0;0;0;0;0;679;0;0;0;543;4170;0;0;0;0;0;0;340;0;218;0;0;0;0;0;0;0;0;0;0;0;1180;86110;39103;29446;0;4378;4710;1124;0;0;0;0;0;550;0;0;0;962;459;3650;0;87;0;621;0;440;172;165;0;103;140;0;0;0;0
RP;07315;Mainz, Stadt;128143;107077;1447;105630;46222;39270;0;6400;7199;1380;0;0;0;0;79;0;0;149;0;0;3454;0;0;0;0;0;0;431;0;720;0;0;0;0;0;0;0;0;0;326;0;1043;106034;39754;37839;0;12199;8842;1765;0;0;0;0;0;181;0;0;0;572;368;2806;0;79;0;538;0;356;86;168;0;386;95;0;0;0;0
RP;07316;Neustadt an der Weinstraße, Stadt;41411;34746;652;34094;13261;16731;0;1488;1062;0;0;0;0;0;0;0;0;0;0;0;996;0;0;0;0;0;0;173;0;383;0;0;0;0;0;0;0;0;0;0;0;533;34213;11607;15092;0;2589;2596;343;0;0;0;0;0;84;0;0;0;210;76;730;0;38;0;300;0;157;56;63;0;185;87;0;0;0;0
RP;07317;Pirmasens, Stadt;37342;28945;786;28159;13398;11051;0;1099;922;0;0;0;0;0;0;0;0;0;0;0;1288;0;0;0;0;0;0;257;0;144;0;0;0;0;0;0;0;0;0;0;0;554;28391;12554;10365;0;1125;1596;317;0;0;0;0;0;132;0;0;0;393;122;1009;0;20;0;305;0;187;84;66;0;54;62;0;0;0;0
RP;07318;Speyer, Stadt;35920;29391;555;28836;12655;12139;0;1346;715;0;0;0;0;0;0;0;0;0;0;0;1461;0;0;0;0;0;0;179;0;341;0;0;0;0;0;0;0;0;0;0;0;400;28991;11045;11211;0;2088;1790;411;0;0;0;0;0;160;0;0;0;143;79;1236;0;55;0;258;0;154;41;77;0;160;83;0;0;0;0
RP;07319;Worms, Stadt;58942;47179;1007;46172;23297;17238;0;2191;1369;0;0;0;0;0;0;0;0;0;0;0;1825;0;0;0;0;0;0;0;0;0;252;0;0;0;0;0;0;0;0;0;0;785;46394;21081;16088;0;2697;2835;629;0;0;0;0;0;98;0;0;0;501;111;1516;0;54;0;257;0;189;90;64;0;45;139;0;0;0;0
RP;07320;Zweibrücken, Stadt;28002;22845;517;22328;11457;7616;0;872;1023;0;0;0;0;0;0;0;0;0;0;0;709;0;0;0;0;0;0;193;0;458;0;0;0;0;0;0;0;0;0;0;0;371;22474;10876;7316;0;1077;1372;240;0;0;0;0;0;114;0;0;0;230;75;445;0;31;0;194;0;128;128;70;0;153;25;0;0;0;0
RP;07331;Alzey-Worms;89865;76858;1447;75411;38617;27167;0;3580;3394;0;0;0;0;0;0;0;0;0;0;0;2343;0;0;0;0;0;0;0;0;0;310;0;0;0;0;0;0;0;0;0;0;1061;75797;34816;25106;0;4641;6157;803;0;0;0;0;0;160;0;0;0;652;128;1868;0;97;0;460;0;387;164;63;0;66;229;0;0;0;0
RP;07332;Bad Dürkheim;102236;87700;1586;86114;37969;37267;0;3847;3279;0;0;0;0;0;0;0;0;0;0;0;2935;0;0;0;0;0;0;552;0;265;0;0;0;0;0;0;0;0;0;0;0;1309;86391;35268;32808;0;5145;7014;807;0;0;0;0;0;187;0;0;0;592;192;2377;0;82;0;699;0;462;179;189;0;178;212;0;0;0;0
RP;07333;Donnersbergkreis;57972;48426;1005;47421;24223;16998;0;2389;1560;0;0;0;0;0;0;0;0;0;0;0;1883;0;0;0;0;0;0;368;0;0;0;0;0;0;0;0;0;0;0;0;0;794;47632;22627;15324;0;2660;3176;508;0;0;0;0;0;79;0;0;0;534;108;1450;0;57;0;420;0;231;204;101;0;55;98;0;0;0;0
RP;07334;Germersheim;86614;74185;1243;72942;29106;33949;0;2764;1878;0;0;0;0;0;0;0;0;0;0;0;3808;0;0;0;0;0;352;0;0;747;338;0;0;0;0;0;0;0;0;0;0;1160;73025;28257;29349;0;4082;4579;562;0;0;0;0;0;106;0;0;0;266;169;3587;0;70;0;571;0;392;259;75;0;469;232;0;0;0;0
RP;07335;Kaiserslautern;82891;69956;1751;68205;32039;28611;0;2241;2386;0;0;0;0;0;0;0;0;0;0;0;2928;0;0;0;0;0;0;0;0;0;0;0;0;0;0;0;0;0;0;0;0;1437;68519;30313;25810;0;3115;3752;589;0;0;0;0;0;105;0;0;0;623;199;2356;0;80;0;682;0;418;152;85;0;84;156;0;0;0;0
RP;07336;Kusel;62266;52185;1319;50866;29781;14860;0;1901;1579;0;0;0;0;0;0;0;0;0;0;0;2745;0;0;0;0;0;0;0;0;0;0;0;0;0;0;0;0;0;0;0;0;1005;51180;28341;13607;0;2358;2505;489;0;0;0;0;0;63;0;0;0;317;96;2360;0;57;0;427;0;257;135;42;0;47;79;0;0;0;0
RP;07337;Südliche Weinstraße;82891;71311;1406;69905;27207;34138;0;3191;2345;0;0;0;0;0;0;0;0;0;0;0;1931;0;0;0;0;0;462;0;0;291;340;0;0;0;0;0;0;0;0;0;0;1344;69967;25954;28474;0;5049;5596;579;0;0;0;0;0;134;0;0;0;400;154;1726;0;66;0;586;0;390;354;82;0;178;245;0;0;0;0
RP;07338;Ludwigshafen;110519;98129;1584;96545;41504;43296;0;3706;2584;0;0;0;0;0;0;399;0;0;0;184;3894;0;0;0;0;0;0;557;0;421;0;0;0;0;0;0;0;0;0;0;0;1329;96800;38417;38622;0;5304;6682;825;0;0;0;0;0;591;0;0;0;614;262;3326;0;95;0;735;0;527;137;215;0;234;214;0;0;0;0
RP;07339;Mainz-Bingen;144201;124621;2054;122567;54439;47475;0;6350;9083;944;0;0;0;0;54;0;0;137;0;0;3037;0;0;0;0;0;0;385;0;292;166;0;0;0;0;0;0;0;0;205;0;1559;123062;50227;44879;0;9657;11072;1515;0;0;0;0;0;240;0;0;0;670;260;2280;0;100;0;762;0;558;175;189;0;240;238;0;0;0;0
RP;07340;Südwestpfalz;82710;71897;2279;69618;30027;29741;0;3054;2768;0;0;0;0;0;0;0;0;0;0;0;2847;0;0;0;0;0;0;700;0;481;0;0;0;0;0;0;0;0;0;0;0;1729;70168;28749;28412;0;2954;4185;574;0;0;0;0;0;258;0;0;0;636;217;2260;0;85;0;605;0;431;217;209;0;207;169;0;0;0;0
BW;08111;Stuttgart, Landeshauptstadt;358554;297259;2853;294406;113739;111147;0;38793;12895;2269;0;0;0;0;0;0;0;155;0;1424;11457;0;0;0;319;0;0;713;0;807;255;0;0;0;0;0;0;0;0;0;433;2646;294613;107749;94828;0;38574;31101;3559;0;207;0;0;52;239;0;205;103;1724;1143;10512;0;216;0;1495;209;938;256;324;0;676;464;0;0;0;39
BW;08115;Böblingen;239572;204171;2767;201404;78502;88536;0;13782;8649;1831;0;0;0;0;0;0;0;0;0;0;8225;0;0;0;157;0;0;551;0;603;0;0;0;0;0;0;0;0;0;0;568;2255;201916;70851;76136;0;18001;20845;1787;0;164;0;0;55;274;0;331;84;1469;501;8208;0;245;0;815;68;570;179;224;0;430;647;0;0;0;32
BW;08116;Esslingen;339560;290386;3963;286423;115357;119298;0;22815;10290;1944;294;0;0;0;0;0;0;0;0;0;13595;0;0;0;123;0;0;1071;0;848;788;0;0;0;0;0;0;0;0;0;0;3115;287271;102775;107111;0;26659;26483;2146;0;231;0;0;58;168;0;181;89;1239;537;13859;0;177;0;1672;107;1260;293;424;0;598;1150;0;0;0;54
BW;08117;Göppingen;176627;147030;2237;144793;61301;61332;0;6864;4516;0;0;0;0;0;0;0;0;0;0;0;7748;0;0;0;0;0;529;561;0;1314;0;0;0;0;0;0;0;0;0;0;628;1936;145094;56651;50642;0;10761;13213;1014;0;108;0;0;24;84;0;122;37;569;224;7504;0;112;0;1421;42;758;413;279;0;593;490;0;0;0;33
BW;08118;Ludwigsburg;331558;282567;3839;278728;106710;117244;0;24145;11755;2420;0;0;0;0;0;0;0;0;112;753;13669;0;0;0;106;0;0;0;0;995;688;0;0;0;0;0;0;131;0;0;0;3343;279224;103910;97187;0;25276;28082;2698;0;280;0;0;94;269;0;274;146;1753;914;13173;0;296;0;1618;81;922;372;221;0;540;1079;0;0;0;39
BW;08119;Rems-Murr-Kreis;279792;234457;3271;231186;89702;96540;0;16500;10852;1726;0;0;0;0;0;0;0;0;0;362;12100;0;0;0;0;0;0;0;0;1231;1833;0;0;0;0;0;0;0;0;0;340;2597;231860;82801;82619;0;20699;23774;1949;0;189;0;0;53;183;0;153;55;1260;631;11961;0;202;0;1497;57;901;301;220;0;829;1478;0;0;0;48
BW;08121;Heilbronn, Stadt;78059;63429;1004;62425;26715;26404;0;2579;1739;510;0;0;0;0;0;0;0;0;0;0;3945;0;0;0;0;0;0;185;0;136;212;0;0;0;0;0;0;0;0;0;0;958;62471;24498;21431;0;4491;5628;637;0;37;0;0;15;72;0;36;15;307;126;4121;0;63;0;296;21;162;85;83;0;109;227;0;0;0;11
BW;08125;Heilbronn;216879;183034;3133;179901;71800;78593;0;8429;6676;1593;0;0;0;0;0;0;0;0;0;0;10505;0;0;0;0;0;0;404;0;1022;879;0;0;0;0;0;0;0;0;0;0;2843;180191;64874;65571;0;13097;17601;1619;0;159;0;0;35;184;0;158;63;872;380;11301;0;209;0;909;39;662;427;253;0;647;1089;0;0;0;42
BW;08126;Hohenlohekreis;76481;63404;1045;62359;21203;25842;0;3304;6015;467;0;0;0;0;0;418;0;0;0;0;3052;0;0;0;0;0;0;251;0;284;367;0;0;0;0;0;0;0;0;0;1156;1020;62384;19732;23216;0;4851;7923;573;0;91;0;0;18;284;0;67;26;495;112;3325;0;73;0;368;6;232;228;153;0;227;355;0;0;0;29
BW;08127;Schwäbisch Hall;132272;107597;1677;105920;39056;36746;0;6464;7490;760;0;0;0;0;0;463;0;0;0;0;6154;0;0;0;0;0;0;221;0;765;1059;0;0;0;0;0;0;0;0;0;6742;1873;105724;36974;35284;0;9464;11207;995;0;101;0;0;15;336;0;76;48;614;161;7219;0;107;0;730;22;310;265;128;0;700;936;0;0;0;32
BW;08128;Main-Tauber-Kreis;102469;85541;2163;83378;28634;42023;0;3608;2819;0;0;0;0;0;0;590;0;0;0;0;3458;0;0;0;0;0;0;0;0;1319;454;0;0;0;0;0;0;0;0;0;473;1490;84051;26480;39058;0;4996;5933;646;0;108;0;0;34;270;0;128;45;388;144;3476;0;94;0;734;11;284;208;57;0;613;325;0;0;0;19
BW;08135;Heidenheim;96396;80127;1588;78539;33191;31653;0;4708;2376;0;0;0;0;0;0;0;0;0;161;0;4799;0;0;0;0;0;0;0;0;837;463;0;0;351;0;0;0;0;0;0;0;1367;78760;32769;27190;0;5147;5591;596;0;77;0;0;9;54;0;46;61;372;140;4664;0;77;0;784;15;218;66;42;0;460;366;0;0;0;16
BW;08136;Ostalbkreis;222975;185059;3952;181107;70010;83203;0;9760;6055;724;0;0;0;0;0;0;0;0;115;287;9181;0;0;0;0;0;0;0;0;962;709;0;0;101;0;0;0;0;0;0;0;3238;181821;67344;72437;0;13062;13100;1287;0;154;0;0;45;126;0;181;55;795;383;9249;0;185;0;1290;45;547;200;149;0;535;611;0;0;0;41
BW;08211;Baden-Baden, Stadt;39342;32268;485;31783;11040;15426;0;1983;2177;0;0;0;0;0;0;0;0;0;0;113;875;0;0;0;0;0;0;0;0;77;92;0;0;0;0;0;0;0;0;0;0;381;31887;10015;13560;0;2887;3487;353;0;28;0;0;9;51;0;25;20;137;86;806;0;20;0;148;1;81;35;18;0;50;70;0;0;0;0
BW;08212;Karlsruhe, Stadt;197500;159238;2152;157086;62592;51392;0;12812;22659;1777;0;0;0;0;0;492;0;0;0;476;3194;0;0;0;130;0;527;0;0;498;537;0;0;0;0;0;0;0;0;0;0;1996;157242;61154;52340;0;17079;16139;2485;0;165;0;0;21;303;0;66;30;710;385;3215;0;109;0;1205;64;506;373;83;0;309;477;0;0;0;24
BW;08215;Karlsruhe;299732;254038;4809;249229;97292;115538;0;12467;9413;1826;0;0;0;0;0;69;0;0;0;1187;8963;0;0;0;8;0;34;0;0;991;1441;0;0;0;0;0;0;0;0;0;0;3979;250059;90822;102507;0;17047;19983;2288;0;217;0;0;60;341;0;265;104;1415;718;8598;0;222;0;2053;56;1085;425;170;0;464;1177;0;0;0;42
BW;08216;Rastatt;161402;132098;2783;129315;48239;64483;0;6636;4271;0;0;0;0;0;0;0;0;0;0;385;4568;0;0;0;0;0;0;0;0;460;273;0;0;0;0;0;0;0;0;0;0;2396;129702;46905;56052;0;8309;9194;1091;0;128;0;0;72;197;0;168;105;693;289;4292;0;162;0;816;5;438;192;72;0;262;243;0;0;0;17
BW;08221;Heidelberg, Stadt;93670;78399;886;77513;34722;29147;0;7034;3278;819;0;0;0;0;0;0;0;0;0;259;1244;0;0;0;0;0;0;0;0;428;181;0;0;0;0;0;252;0;0;0;149;788;77611;26616;25146;0;14160;7366;1289;0;73;0;0;11;83;0;20;17;335;197;1172;0;54;0;377;19;172;81;59;0;183;173;0;0;0;8
BW;08222;Mannheim, Universitätsstadt;200197;160215;2093;158122;76745;60594;0;7869;3323;1815;0;336;0;0;0;655;0;0;0;797;5344;0;0;0;88;0;0;0;0;370;0;0;0;0;0;0;186;0;0;0;0;1999;158216;69534;52170;0;13357;9701;2345;0;216;0;0;42;683;0;102;59;1609;641;4747;0;173;0;1337;53;669;313;88;0;162;184;0;0;0;31
BW;08225;Neckar-Odenwald-Kreis;107256;88868;2339;86529;31708;42829;0;4038;2383;0;0;0;0;0;0;1032;0;0;0;0;3080;0;0;0;0;0;0;0;0;541;330;0;0;0;0;0;0;0;0;0;588;1825;87043;30128;39245;0;4966;5552;720;0;87;0;0;44;474;0;112;35;740;125;2997;0;80;0;621;12;271;127;44;0;332;315;0;0;0;16
BW;08226;Rhein-Neckar-Kreis;375327;323188;5356;317832;138670;136475;0;16401;10896;1387;0;0;0;0;0;0;0;0;0;980;10185;0;0;0;0;0;0;0;0;1493;181;0;0;0;0;0;178;0;0;0;986;4454;318734;123038;120844;0;26242;25720;3153;0;287;0;0;39;521;0;243;97;1938;975;9048;0;341;0;2548;36;1232;638;225;0;680;810;0;0;0;79
BW;08231;Pforzheim, Stadt;78996;62797;1161;61636;25723;26604;0;2576;2493;656;0;0;0;0;0;398;0;0;0;259;2551;0;0;0;0;0;0;0;0;146;230;0;0;0;0;0;0;0;0;0;0;1124;61673;22156;24414;0;3873;5722;701;0;60;0;0;15;251;0;47;43;689;203;2268;0;68;0;472;13;275;55;45;0;76;216;0;0;0;11
BW;08235;Calw;105852;88092;1272;86820;30222;40653;0;4838;4140;671;0;0;0;0;0;0;0;0;0;354;3860;486;0;0;0;0;0;0;0;495;1101;0;0;0;0;0;0;0;0;0;0;1103;86989;27818;35209;0;6383;8848;783;0;77;0;0;20;114;0;126;32;696;288;3925;0;80;0;720;14;379;151;70;0;303;931;0;0;0;22
BW;08236;Enzkreis;133821;113293;1509;111784;50396;43371;0;5034;4664;903;0;0;0;0;0;698;0;0;0;369;5004;0;0;0;0;0;0;0;0;350;995;0;0;0;0;0;0;0;0;0;0;1428;111865;42866;39316;0;8525;10736;1073;0;94;0;0;18;376;0;151;77;1024;324;4688;0;91;0;709;5;468;113;110;0;211;874;0;0;0;16
BW;08237;Freudenstadt;84061;68443;1097;67346;23704;32667;0;2829;2808;462;0;0;0;0;0;0;0;0;0;344;2983;516;0;0;0;0;0;0;0;339;694;0;0;0;0;0;0;0;0;0;0;1124;67319;21677;27932;0;4538;6609;568;0;58;0;0;19;53;0;106;39;543;220;2976;0;63;0;639;13;272;106;54;0;247;570;0;0;0;17
BW;08311;Freiburg im Breisgau, Stadt;136112;112474;1727;110747;48418;36970;0;17722;3154;0;0;0;0;0;0;0;0;0;0;0;2235;0;0;0;0;0;0;307;0;811;252;0;0;0;0;0;0;0;0;0;878;1408;111066;37505;31036;0;26802;8335;2032;0;220;0;0;13;85;0;122;33;482;357;2085;0;97;0;425;34;496;86;146;0;442;218;0;0;0;15
BW;08315;Breisgau-Hochschwarzwald;172992;145118;2579;142539;54492;63482;0;12843;5281;0;0;0;0;0;0;0;0;0;67;421;3620;0;0;0;0;0;0;250;0;910;628;0;0;0;0;0;0;0;0;0;545;2093;143025;48672;54340;0;18696;12123;1268;0;179;0;0;43;100;0;236;66;644;460;3379;0;115;0;709;21;644;127;176;0;484;506;0;0;0;37
BW;08316;Emmendingen;110483;90948;1768;89180;39231;34716;0;7326;3339;0;0;0;0;0;0;0;0;1060;0;0;2539;0;0;0;0;0;0;0;0;458;377;0;0;0;0;0;0;0;0;0;134;1664;89284;35157;31598;0;9965;6385;810;0;110;0;0;13;55;0;880;25;321;145;2269;0;72;0;387;6;440;74;77;0;231;243;0;0;0;21
BW;08317;Ortenaukreis;300527;239575;5593;233982;82427;116834;0;14934;7152;1732;0;0;0;0;0;0;0;765;0;0;7603;0;0;0;0;0;0;592;0;960;285;0;0;0;0;0;0;0;0;0;698;5183;234392;82696;99333;0;19213;16149;2279;0;293;0;0;54;254;0;940;83;1062;446;7251;0;183;0;1418;15;911;267;313;0;530;652;0;0;0;50
BW;08325;Rottweil;101255;83063;1728;81335;29794;37780;0;3633;3565;802;241;0;0;0;0;0;0;377;0;276;2966;0;0;0;0;0;0;0;0;1432;469;0;0;0;0;0;0;0;0;0;0;1551;81512;27532;33854;0;5389;6929;853;0;105;0;0;40;107;0;239;37;707;247;2829;0;116;0;739;11;302;144;84;0;829;389;0;0;0;30
BW;08326;Schwarzwald-Baar-Kreis;147356;121016;2087;118929;43484;53380;0;8323;6354;1288;0;0;0;0;0;0;0;0;0;712;3901;0;0;0;0;0;0;0;0;678;809;0;0;0;0;0;0;0;0;0;0;1796;119220;42397;47904;0;8954;10243;1402;0;121;0;0;21;90;0;174;39;661;488;3662;0;85;0;1070;17;445;247;85;0;359;729;0;0;0;27
BW;08327;Tuttlingen;91634;76496;1694;74802;25218;34860;0;4015;5909;767;177;0;0;0;0;0;0;257;0;346;2586;0;0;0;0;0;0;0;0;367;300;0;0;0;0;0;0;0;0;0;0;1570;74926;24405;32670;0;4763;6711;824;0;94;0;0;42;102;0;175;28;576;249;2533;0;86;0;670;5;250;158;62;0;237;269;0;0;0;17
BW;08335;Konstanz;184648;150402;2759;147643;50015;65241;0;17573;8791;1575;0;0;0;0;0;0;0;0;0;0;3535;0;0;0;0;0;0;0;0;913;0;0;0;0;0;0;0;0;0;0;0;2023;148379;53455;54532;0;15975;14327;1564;0;146;0;0;27;133;0;190;54;1020;412;3229;0;158;0;1168;29;770;186;152;0;488;337;0;0;0;27
BW;08336;Lörrach;152174;122576;2398;120178;56599;44780;0;8528;4289;0;0;0;0;0;0;0;0;0;402;0;3929;0;0;0;0;0;0;0;0;571;1080;0;0;0;0;0;0;0;0;0;0;1811;120765;48850;40781;0;13224;8910;1360;0;124;0;0;28;77;0;125;113;440;332;3593;0;81;0;777;28;490;145;109;0;303;846;0;0;0;29
BW;08337;Waldshut;114587;92021;2069;89952;33816;40722;0;6075;3441;0;0;0;0;0;0;0;0;0;0;496;3305;0;0;0;0;0;0;0;0;1548;549;0;0;0;0;0;0;0;0;0;0;1510;90511;30829;36553;0;8264;7524;816;0;89;0;0;22;89;0;98;31;345;284;3043;0;59;0;720;14;376;113;79;0;649;493;0;0;0;21
BW;08415;Reutlingen;189056;159177;3195;155982;56084;65558;0;11102;12436;1461;0;0;0;0;0;0;0;0;0;0;7014;0;0;0;176;0;0;0;0;680;832;0;0;0;0;0;0;0;0;0;639;2217;156960;53953;59790;0;13296;16082;1417;0;113;0;0;44;199;0;129;45;905;368;7328;0;155;0;1067;67;466;173;138;0;488;703;0;0;0;34
BW;08416;Tübingen;135781;116679;1313;115366;56180;41989;0;6027;3433;937;0;0;0;0;0;300;0;0;0;0;5692;0;0;0;0;0;0;286;0;522;0;0;0;0;0;0;0;0;0;0;0;1129;115550;38276;37163;0;19626;10455;1488;0;100;0;0;16;168;0;90;24;423;164;5316;0;76;0;795;45;282;68;162;0;402;392;0;0;0;19
BW;08417;Zollernalbkreis;137571;112628;2292;110336;41795;50730;0;4339;4529;831;0;0;0;0;0;128;0;0;207;985;6000;0;0;0;180;0;0;83;0;529;0;0;0;0;0;0;0;0;0;0;0;2042;110586;38108;42072;0;6737;12093;874;0;107;0;0;17;183;0;141;118;660;711;5916;0;115;0;1418;105;402;128;103;0;269;297;0;0;0;12
BW;08421;Ulm, Universitätsstadt;76247;63081;866;62215;25617;24834;0;5361;3116;0;0;0;0;0;0;0;0;0;0;0;2203;0;0;0;112;0;0;199;0;264;194;0;0;0;0;0;0;0;0;0;315;652;62429;22869;22025;0;7131;5399;689;0;88;0;0;11;120;0;47;18;324;97;2201;0;63;0;531;38;210;54;115;0;208;182;0;0;0;9
BW;08425;Alb-Donau-Kreis;128656;108949;1796;107153;35060;54174;0;6716;4405;0;0;0;0;0;0;0;0;0;0;0;4735;0;0;0;92;0;0;315;0;717;434;0;0;0;0;0;0;0;0;0;505;1519;107430;34363;46197;0;8058;8872;717;0;108;0;0;32;154;0;184;34;555;181;5010;0;109;0;954;32;407;150;181;0;658;451;0;0;0;23
BW;08426;Biberach;129590;108452;2105;106347;24894;52504;0;13686;3323;0;0;0;0;0;0;0;0;0;0;485;8401;0;0;0;0;0;547;491;0;1480;536;0;0;0;0;0;0;0;0;0;0;2140;106312;26692;49529;0;8983;6984;605;0;115;0;0;34;85;0;283;49;269;342;8811;0;124;0;894;17;407;389;309;0;986;368;0;0;0;37
BW;08435;Bodenseekreis;140062;115542;1835;113707;39535;52375;0;10013;5327;918;0;0;0;0;0;0;0;0;0;0;3344;0;0;0;0;0;0;0;0;1750;445;0;0;0;0;0;0;0;0;0;0;1498;114044;37333;45865;0;11421;10618;966;0;112;0;0;33;122;0;166;31;564;265;3224;0;119;0;1115;20;452;152;108;0;982;347;0;0;0;29
BW;08436;Ravensburg;186848;152952;2753;150199;45345;70042;0;17631;5200;627;0;0;0;0;0;0;0;0;0;360;6979;0;0;0;0;0;255;329;0;2507;924;0;0;0;0;0;0;0;0;0;0;2486;150466;43840;64574;0;15614;10723;1122;0;191;0;0;38;130;0;317;67;604;444;7207;0;129;0;1613;19;633;244;218;0;1979;729;0;0;0;31
BW;08437;Sigmaringen;93004;76465;1840;74625;21084;39885;0;4283;3350;577;0;0;0;0;0;0;0;0;108;436;4134;0;0;0;45;0;0;0;0;723;0;0;0;0;0;0;0;0;0;0;0;1678;74787;21370;34612;0;5012;6127;572;0;71;0;0;21;61;0;130;52;351;300;4212;0;114;0;725;26;249;129;66;0;386;181;0;0;0;20
BY;09161;Ingolstadt, Stadt;80462;59433;714;58719;20997;0;30222;2735;1306;635;0;0;0;0;0;0;0;0;0;202;1736;0;0;0;0;0;0;142;0;581;0;0;0;0;0;0;0;0;0;0;163;552;58881;20953;0;28572;2967;2493;507;0;37;0;214;3;96;27;24;0;423;112;1502;0;49;0;197;5;127;44;48;0;422;59;0;0;0;0
BY;09162;München, Landeshauptstadt;823395;640170;4901;635269;268505;0;271100;40763;22749;5829;0;0;0;0;936;2168;0;380;0;1869;14126;0;221;0;64;0;0;397;0;5126;0;0;0;0;0;0;0;0;0;0;1036;2829;637341;230415;0;247684;71529;46137;8146;0;772;0;2246;270;3322;411;337;0;5009;1883;10654;0;415;0;1649;77;2122;423;591;0;2904;345;0;0;0;0
BY;09163;Rosenheim, Stadt;40266;29501;379;29122;9180;0;14449;1566;1123;0;0;0;0;0;30;539;0;0;0;0;1673;0;0;0;0;0;0;143;0;419;0;0;0;0;0;0;0;0;0;0;0;220;29281;9412;0;13447;1877;1545;168;0;19;0;269;15;402;12;15;0;201;72;1310;0;16;0;63;3;91;36;43;0;236;29;0;0;0;0
BY;09171;Altötting;80273;62375;708;61667;17009;0;37652;1974;1200;0;0;0;0;0;115;275;0;0;0;0;2384;0;0;0;0;0;0;260;0;708;0;0;0;0;0;0;0;0;0;0;90;549;61826;17686;0;34609;2401;2529;243;0;113;0;388;40;146;32;47;0;336;80;1937;0;39;0;340;2;199;50;104;0;476;29;0;0;0;0
BY;09172;Berchtesgadener Land;71607;55577;646;54931;13198;0;33865;4134;927;0;0;0;0;0;65;363;0;0;0;0;1759;0;0;0;0;0;0;0;0;620;0;0;0;0;0;0;0;0;0;0;0;496;55081;14497;0;31037;3049;2477;268;0;53;0;273;20;212;14;75;0;447;85;1583;0;33;0;184;2;160;54;34;0;459;65;0;0;0;0
BY;09173;Bad Tölz-Wolfratshausen;82925;65625;738;64887;16786;0;38774;3078;2780;0;0;0;0;0;0;1227;0;0;0;0;1295;0;0;0;0;0;0;0;0;947;0;0;0;0;0;0;0;0;0;0;0;480;65145;16516;0;36103;4164;3894;297;0;49;0;422;16;987;17;49;0;296;105;1040;0;46;0;288;8;185;49;59;0;532;23;0;0;0;0
BY;09174;Dachau;89371;72034;717;71317;21989;0;40118;3245;1708;363;0;0;0;0;0;624;0;0;0;0;2426;0;0;0;0;0;0;0;0;844;0;0;0;0;0;0;0;0;0;0;0;461;71573;21149;0;37522;4224;3602;446;0;68;0;346;13;417;31;36;0;320;141;2072;0;38;0;255;4;229;55;62;0;494;49;0;0;0;0
BY;09175;Ebersberg;83243;68900;536;68364;21707;0;36803;3986;1970;0;0;0;0;0;64;1370;0;0;0;0;1397;0;0;0;0;0;0;175;0;798;0;0;0;0;0;0;0;0;0;0;94;347;68553;20718;0;33336;5016;4848;479;0;72;0;384;14;855;26;42;0;270;127;1252;0;56;0;221;1;206;45;77;0;469;39;0;0;0;0
BY;09176;Eichstätt;83763;69632;705;68927;22768;0;38163;3573;1177;515;0;0;0;0;0;0;0;0;0;146;1566;0;0;0;0;0;0;156;0;778;0;0;0;0;0;0;0;0;0;0;85;542;69090;23266;0;36713;3038;2116;375;0;40;0;298;6;100;20;42;0;442;76;1396;0;42;0;214;1;137;51;79;0;594;44;0;0;0;0
BY;09177;Erding;79292;62210;606;61604;17803;0;33574;2571;1575;391;0;0;0;0;0;496;0;0;0;227;3333;0;0;0;0;0;0;0;0;1634;0;0;0;0;0;0;0;0;0;0;0;426;61784;17662;0;32074;3205;2965;404;0;52;0;446;8;340;15;48;0;207;141;2787;0;39;0;210;0;214;41;40;0;854;32;0;0;0;0
BY;09178;Freising;101250;80243;668;79575;22039;0;43882;6013;2104;623;0;0;0;0;0;797;0;0;0;674;2182;0;0;0;0;0;0;0;0;1261;0;0;0;0;0;0;0;0;0;0;0;516;79727;23148;0;40513;5729;4456;593;0;87;0;468;14;534;33;33;0;448;295;1708;0;65;0;267;10;341;98;54;0;773;60;0;0;0;0
BY;09179;Fürstenfeldbruck;139843;114803;910;113893;40391;0;57354;6440;3555;630;0;0;0;0;0;1207;0;0;0;0;3028;0;0;0;0;0;0;0;0;1288;0;0;0;0;0;0;0;0;0;0;0;513;114290;37347;0;52799;9175;7693;756;0;117;0;466;20;834;60;59;0;573;236;2461;0;63;0;312;6;419;55;98;0;659;82;0;0;0;0
BY;09180;Garmisch-Partenkirchen;63575;50447;440;50007;9515;0;33331;1899;1139;0;0;0;0;311;0;1295;0;0;0;0;1065;0;0;0;0;0;0;0;0;774;0;0;0;0;0;0;0;0;0;0;678;316;50131;10275;0;30180;2460;3350;209;0;42;0;371;3;765;18;32;0;248;84;979;0;34;0;173;4;183;29;58;0;582;52;0;0;0;0
BY;09181;Landsberg a. Lech;74669;59487;522;58965;16005;0;33545;3744;1273;0;0;0;0;864;0;721;0;0;0;0;1347;0;0;0;0;0;0;0;0;858;0;0;0;0;0;0;0;0;0;0;608;354;59133;16130;0;30753;4572;3409;329;0;49;0;698;8;382;37;43;0;355;96;1128;0;46;0;192;4;180;30;46;0;555;91;0;0;0;0
BY;09182;Miesbach;66180;53024;549;52475;13907;0;31714;2041;2125;0;0;0;0;0;0;744;0;0;0;0;1285;0;0;0;0;0;0;0;0;659;0;0;0;0;0;0;0;0;0;0;0;299;52725;13866;0;28677;2764;3481;256;0;40;0;377;0;686;15;34;0;252;90;1194;0;45;0;266;3;198;42;45;0;365;29;0;0;0;0
BY;09183;Mühldorf a. Inn;79715;60072;704;59368;15429;0;36001;2082;1517;0;0;0;0;0;147;671;0;0;0;0;2236;0;0;0;0;0;0;212;0;612;0;0;0;0;0;0;0;0;0;0;461;483;59589;16261;0;33442;2389;2545;285;0;66;0;514;52;554;19;73;0;386;83;1924;0;43;0;178;1;214;34;86;0;404;36;0;0;0;0
BY;09184;München;205940;171862;1164;170698;61372;0;88239;7280;6227;1068;0;0;0;0;0;1512;0;0;0;0;3071;0;0;0;0;0;0;0;0;1929;0;0;0;0;0;0;0;0;0;0;0;737;171125;54339;0;78053;13506;15520;1328;0;165;0;641;20;1132;81;62;0;1076;325;2502;0;118;0;435;7;489;115;130;0;1007;74;0;0;0;0
BY;09185;Neuburg-Schrobenhausen;65012;50570;619;49951;15330;0;29359;1811;986;343;0;0;0;0;0;0;0;0;0;178;1402;0;0;0;0;0;0;122;0;350;0;0;0;0;0;0;0;0;0;0;70;442;50128;15696;0;27638;1928;1775;227;0;39;0;263;7;81;23;14;0;280;110;1308;0;40;0;202;2;88;51;43;0;265;48;0;0;0;0
BY;09186;Pfaffenhofen a.d. Ilm;79120;62053;531;61522;19069;0;34428;2731;1276;460;0;0;0;0;0;277;0;0;0;376;2080;0;0;0;0;0;0;0;0;825;0;0;0;0;0;0;0;0;0;0;0;440;61613;19747;0;32290;2706;2663;421;0;37;0;257;8;143;20;32;0;289;141;1665;0;33;0;292;1;191;78;55;0;485;59;0;0;0;0
BY;09187;Rosenheim;166366;131533;1373;130160;34089;0;73536;6369;3856;0;0;0;0;0;106;4031;0;0;0;0;5542;0;0;0;0;0;0;534;0;2097;0;0;0;0;0;0;0;0;0;0;0;839;130694;33906;0;69318;7784;7324;631;0;98;0;1236;40;2259;51;100;0;666;279;4439;0;104;0;285;5;452;104;225;0;1272;116;0;0;0;0
BY;09188;Starnberg;89768;75463;539;74924;19777;0;39201;5287;7566;0;0;0;0;0;0;817;0;0;0;0;1370;0;0;0;0;0;0;0;0;906;0;0;0;0;0;0;0;0;0;0;0;271;75192;19864;0;36012;6888;8105;510;0;56;0;315;19;550;31;36;0;393;130;1048;0;59;0;267;2;248;45;66;0;509;39;0;0;0;0
BY;09189;Traunstein;124019;96664;1140;95524;25175;0;56490;6392;1802;0;0;0;0;0;223;923;0;0;0;0;2786;0;0;0;0;0;0;0;0;1733;0;0;0;0;0;0;0;0;0;0;0;833;95831;27115;0;51284;5838;4351;415;0;96;0;1064;61;526;57;103;0;467;148;2421;0;76;0;334;7;324;67;62;0;922;93;0;0;0;0
BY;09190;Weilheim-Schongau;90939;72972;629;72343;20936;0;38374;3069;1325;0;0;0;0;597;0;2320;0;0;0;0;1816;0;0;0;0;0;0;0;0;820;0;0;0;0;0;0;0;0;0;0;3086;541;72431;22773;0;35663;4253;3593;398;0;66;0;635;20;1392;24;48;0;337;113;1706;0;58;0;299;2;230;68;60;0;632;61;0;0;0;0
BY;09261;Landshut, Stadt;44539;33494;504;32990;11049;0;17394;2128;947;0;0;0;0;0;0;0;0;0;0;0;822;0;138;0;0;0;0;0;0;512;0;0;0;0;0;0;0;0;0;0;0;318;33176;10653;0;16502;2274;1636;259;0;20;0;115;8;62;15;20;0;266;78;558;0;36;0;194;3;132;36;17;0;266;26;0;0;0;0
BY;09262;Passau, Stadt;38370;28576;255;28321;8482;0;14235;1700;2004;0;0;0;0;0;0;216;0;0;0;0;1071;0;0;0;0;0;0;0;0;613;0;0;0;0;0;0;0;0;0;0;0;143;28433;9507;0;13428;1683;1811;136;0;15;0;63;3;89;12;22;0;207;37;760;0;13;0;173;1;90;29;23;0;312;19;0;0;0;0
BY;09263;Straubing, Stadt;33369;23574;246;23328;6765;0;14356;585;341;0;0;0;0;0;0;0;0;0;0;0;813;0;0;0;0;0;0;0;0;468;0;0;0;0;0;0;0;0;0;0;0;196;23378;7307;0;12748;712;848;119;0;17;0;84;5;16;5;10;0;183;36;680;0;13;0;129;3;73;53;13;0;307;17;0;0;0;0
BY;09271;Deggendorf;85857;62383;645;61738;20941;0;35116;1677;1007;0;0;0;0;0;0;0;0;0;0;0;2305;0;0;0;0;0;0;0;0;692;0;0;0;0;0;0;0;0;0;0;0;532;61851;19923;0;32962;2003;2186;204;0;32;0;365;7;59;14;32;0;378;67;2230;0;63;0;366;2;171;71;29;0;596;91;0;0;0;0
BY;09272;Freyung-Grafenau;62974;45496;488;45008;16589;0;24853;1056;595;0;0;0;0;0;0;0;0;0;0;0;1452;0;0;0;0;0;0;0;0;463;0;0;0;0;0;0;0;0;0;0;0;352;45144;16732;0;22297;1274;1460;117;0;15;0;802;2;35;13;20;0;159;43;1375;0;24;0;225;5;96;25;19;0;357;49;0;0;0;0
BY;09273;Kelheim;78831;59931;628;59303;20441;0;33124;1922;999;0;0;0;0;0;0;0;0;0;0;0;1913;0;266;0;0;0;0;0;0;638;0;0;0;0;0;0;0;0;0;0;0;464;59467;19906;0;30993;2500;2291;291;0;38;0;198;6;54;26;33;0;448;43;1556;0;87;0;261;4;154;81;31;0;451;15;0;0;0;0
BY;09274;Landshut;102565;79783;893;78890;24050;0;45262;3286;2035;0;0;0;0;0;0;0;0;0;0;0;2449;0;319;0;0;0;0;0;0;1489;0;0;0;0;0;0;0;0;0;0;0;575;79208;23783;0;42786;3576;3503;365;0;63;0;484;9;111;34;48;0;493;121;1966;0;107;0;377;2;298;83;62;0;899;38;0;0;0;0
BY;09275;Passau;140118;103621;1127;102494;32300;0;54866;3991;3700;0;0;0;0;0;0;785;0;0;0;0;4248;0;0;0;0;0;0;0;0;2604;0;0;0;0;0;0;0;0;0;0;0;917;102704;36037;0;50944;3408;4204;319;0;71;0;434;6;342;31;106;0;604;124;3447;0;48;0;650;8;290;108;49;0;1410;64;0;0;0;0
BY;09276;Regen;63404;46086;490;45596;14442;0;26881;1635;469;0;0;0;0;0;0;0;0;0;0;0;1498;0;0;0;0;0;0;0;0;671;0;0;0;0;0;0;0;0;0;0;0;444;45642;15960;0;23687;1323;1430;117;0;53;0;264;4;45;14;20;0;242;69;1436;0;30;0;279;1;119;24;33;0;435;57;0;0;0;0
BY;09277;Rottal-Inn;88513;64414;759;63655;18257;0;38153;2390;1205;0;0;0;0;0;0;0;0;305;0;0;2213;0;0;0;0;0;0;0;0;1132;0;0;0;0;0;0;0;0;0;0;0;631;63783;18158;0;36200;2287;2529;224;0;53;0;397;7;70;9;131;0;347;63;1861;0;27;0;332;2;192;79;33;0;749;33;0;0;0;0
BY;09278;Straubing-Bogen;69882;54831;623;54208;12939;0;36299;1032;810;0;0;0;0;0;0;0;0;0;0;0;1855;0;0;0;0;0;0;0;0;1273;0;0;0;0;0;0;0;0;0;0;0;631;54200;14883;0;31504;1282;2118;189;0;30;0;431;12;61;2;24;0;304;53;1764;0;34;0;257;6;162;109;56;0;882;37;0;0;0;0
BY;09279;Dingolfing-Landau;67001;50231;617;49614;15153;0;29072;1309;892;0;0;0;0;0;0;0;0;143;0;0;1860;0;0;0;0;0;0;0;0;1185;0;0;0;0;0;0;0;0;0;0;0;510;49721;15236;0;27446;1646;1800;177;0;22;0;252;11;57;17;51;0;337;51;1559;0;26;0;203;3;115;73;22;0;595;22;0;0;0;0
BY;09361;Amberg, Stadt;33174;24879;306;24573;9783;0;11359;1493;804;145;0;0;0;0;0;0;0;0;0;0;526;0;0;0;0;0;0;0;0;332;50;0;0;0;0;0;0;0;0;0;81;197;24682;10005;0;11297;1088;937;124;0;20;0;61;4;24;5;13;0;149;46;421;0;18;0;132;2;56;20;18;0;186;56;0;0;0;0
BY;09362;Regensburg, Stadt;94762;71862;826;71036;25570;0;35996;4286;1431;557;0;0;0;0;96;0;0;0;0;0;1610;0;193;0;0;0;0;180;0;1117;0;0;0;0;0;0;0;0;0;0;0;770;71092;23891;0;33930;5950;2997;674;0;64;0;204;33;98;19;47;0;569;99;1215;0;71;0;236;8;178;52;92;0;592;73;0;0;0;0
BY;09363;Weiden i.d. OPf., Stadt;33891;26021;291;25730;13329;0;10674;530;392;267;0;0;0;0;0;0;0;0;0;0;315;0;0;0;0;0;0;0;0;223;0;0;0;0;0;0;0;0;0;0;0;199;25822;11251;0;11488;947;858;248;0;13;0;65;5;66;7;12;0;141;35;280;0;23;0;104;1;85;25;10;0;138;20;0;0;0;0
BY;09371;Amberg-Sulzbach;80852;65304;746;64558;27234;0;30340;2377;1579;447;0;0;0;0;0;0;0;0;0;0;1322;0;0;0;0;0;0;0;0;905;186;0;0;0;0;0;0;0;0;0;168;567;64737;27277;0;29617;2124;2169;373;0;48;0;181;9;57;26;37;0;395;37;1161;0;26;0;298;3;145;65;22;0;530;137;0;0;0;0
BY;09372;Cham;99298;73523;1050;72473;21765;0;45151;1550;941;0;0;0;0;0;0;0;0;0;0;0;1751;0;0;0;0;0;0;891;0;424;0;0;0;0;0;0;0;0;0;0;0;904;72619;24104;0;39685;2067;2175;241;0;57;0;605;10;52;20;52;0;440;88;1511;0;60;0;326;4;242;46;339;0;376;119;0;0;0;0
BY;09373;Neumarkt i.d. OPf.;90842;73658;929;72729;21214;0;43510;2804;1322;450;0;0;0;0;0;0;0;0;0;0;1745;0;0;0;0;0;0;0;0;903;151;0;0;0;0;0;0;0;0;0;630;676;72982;21684;0;41492;2969;2597;342;0;48;0;258;17;64;26;73;0;507;72;1417;0;53;0;361;4;200;103;51;0;509;135;0;0;0;0
BY;09374;Neustadt a.d. Waldnaab;75724;62796;646;62150;29801;0;28800;921;860;316;0;0;0;0;0;0;0;0;0;0;856;0;0;0;0;0;0;0;0;596;0;0;0;0;0;0;0;0;0;0;0;585;62211;26686;0;29245;1517;1923;285;0;38;0;196;7;58;16;39;0;339;48;886;0;33;0;306;2;110;43;28;0;354;52;0;0;0;0
BY;09375;Regensburg;129739;103734;1230;102504;35129;0;55544;3446;1906;523;0;0;0;0;229;0;0;0;0;0;3292;0;237;0;0;0;0;193;0;2005;0;0;0;0;0;0;0;0;0;0;0;983;102751;35761;0;51796;4259;3940;504;0;64;0;445;53;135;21;49;0;672;111;2803;0;91;0;458;7;302;74;94;0;1022;90;0;0;0;0
BY;09376;Schwandorf;110834;86920;1024;85896;39413;0;40006;1925;1445;0;0;0;0;0;0;0;0;0;0;0;1842;0;0;0;0;0;0;280;0;985;0;0;0;0;0;0;0;0;0;0;0;874;86046;37042;0;39635;2435;2295;406;0;83;0;245;7;82;22;46;0;493;74;1558;0;69;0;397;12;258;84;114;0;640;49;0;0;0;0
BY;09377;Tirschenreuth;62462;51330;520;50810;22039;0;25816;804;598;268;0;0;0;0;0;0;0;0;0;0;907;0;0;0;0;0;0;0;0;378;0;0;0;0;0;0;0;0;0;0;0;442;50888;20158;0;25468;1210;1659;213;0;42;0;136;1;40;17;38;0;233;38;918;0;29;0;263;1;110;47;24;0;224;19;0;0;0;0
BY;09461;Bamberg, Stadt;52425;40284;440;39844;12917;0;19735;3840;1567;0;0;0;0;0;0;0;0;0;0;0;1290;0;0;0;0;0;0;0;0;495;0;0;0;0;0;0;0;0;0;0;0;258;40026;12667;0;18287;3708;2312;315;0;36;0;169;2;133;17;19;0;323;76;1063;0;42;0;297;10;137;28;18;0;305;62;0;0;0;0
BY;09462;Bayreuth, Stadt;56651;43617;464;43153;17317;0;20309;2402;1567;0;0;0;0;0;0;0;0;0;0;0;1127;0;0;0;0;0;0;0;0;431;0;0;0;0;0;0;0;0;0;0;0;315;43302;16504;0;17954;3009;2853;341;0;22;0;85;1;131;42;32;0;279;64;996;0;27;0;403;2;154;60;26;0;261;56;0;0;0;0
BY;09463;Coburg, Stadt;33346;25928;339;25589;11635;0;10472;1144;1391;0;0;0;0;0;0;0;0;0;0;0;442;0;105;0;0;0;0;0;0;350;50;0;0;0;0;0;0;0;0;0;0;252;25676;10804;0;10573;1551;1316;238;0;29;0;31;1;51;10;3;0;169;24;293;0;28;0;234;5;49;57;17;0;154;39;0;0;0;0
BY;09464;Hof, Stadt;38602;28875;335;28540;13285;0;12709;669;504;0;0;0;0;0;0;0;0;0;0;0;933;0;0;0;0;0;0;0;0;102;126;0;0;0;0;0;0;0;0;0;212;255;28620;12201;0;11942;1132;1141;288;0;22;0;46;2;85;25;21;0;215;44;773;0;16;0;315;3;106;43;6;0;60;134;0;0;0;0
BY;09471;Bamberg;105615;85835;951;84884;26582;0;48459;3811;2057;0;0;0;0;0;0;0;0;0;0;0;3023;0;0;0;0;0;0;0;0;952;0;0;0;0;0;0;0;0;0;0;0;653;85182;26580;0;45103;3654;3351;442;0;102;0;470;12;181;44;66;0;516;100;2801;0;55;0;504;15;299;96;48;0;600;143;0;0;0;0
BY;09472;Bayreuth;83881;67939;627;67312;25841;0;35602;2038;1475;0;0;0;0;0;0;0;0;0;0;0;1887;0;0;0;0;0;0;0;0;469;0;0;0;0;0;0;0;0;0;0;0;587;67352;26652;0;31219;2537;2755;334;0;32;0;217;11;126;34;35;0;380;56;1717;0;52;0;473;4;172;81;33;0;347;85;0;0;0;0
BY;09473;Coburg;70586;57997;606;57391;28276;0;23320;1830;2060;0;0;0;0;0;0;0;0;0;0;0;1206;0;168;0;0;0;0;0;0;434;97;0;0;0;0;0;0;0;0;0;0;333;57664;27025;0;23411;2101;2130;352;0;53;0;75;3;54;22;18;0;381;38;875;0;64;0;462;12;155;131;19;0;221;62;0;0;0;0
BY;09474;Forchheim;82780;68109;691;67418;21902;0;37997;3027;1613;0;0;0;0;0;0;0;0;0;0;0;2244;0;0;0;0;0;0;0;0;635;0;0;0;0;0;0;0;0;0;0;0;437;67672;21958;0;34561;3493;3070;346;0;47;0;192;13;73;25;56;0;399;91;2111;0;64;0;353;2;241;68;37;0;298;174;0;0;0;0
BY;09475;Hof;86471;70237;559;69678;33733;0;30806;1230;1019;0;0;0;0;0;0;0;0;0;0;0;1862;0;0;0;0;0;0;0;0;254;394;0;0;0;0;0;0;0;0;0;380;514;69723;31569;0;28888;2141;2382;502;0;47;0;147;3;162;55;45;0;390;42;1698;0;53;0;684;6;257;54;25;0;190;383;0;0;0;0
BY;09476;Kronach;60673;50292;747;49545;23484;0;22807;945;877;0;0;0;0;0;0;0;0;0;0;0;956;0;92;0;0;0;0;0;0;184;200;0;0;0;0;0;0;0;0;0;0;525;49767;22377;0;22887;1133;1232;182;0;47;0;47;2;37;14;24;0;262;34;718;0;36;0;335;2;90;37;22;0;108;141;0;0;0;0
BY;09477;Kulmbach;62321;49935;536;49399;24005;0;21184;1461;1099;0;0;0;0;0;0;0;0;0;0;0;1282;0;0;0;0;0;0;0;0;368;0;0;0;0;0;0;0;0;0;0;0;327;49608;22619;0;20654;1790;1716;294;0;49;0;74;4;55;26;25;0;220;29;1096;0;43;0;339;3;151;127;18;0;174;102;0;0;0;0
BY;09478;Lichtenfels;54408;43927;483;43444;17255;0;22780;1403;771;0;0;0;0;0;0;0;0;0;0;0;932;0;0;0;0;0;0;0;0;303;0;0;0;0;0;0;0;0;0;0;0;367;43560;16365;0;21983;1603;1407;172;0;55;0;116;3;54;20;23;0;213;35;841;0;19;0;213;4;101;80;25;0;156;72;0;0;0;0
BY;09479;Wunsiedel i. Fichtelgebirge;69015;55300;559;54741;28755;0;22128;1038;789;0;0;0;0;0;0;0;0;0;0;0;1612;0;0;0;0;0;0;0;0;178;107;0;0;0;0;0;0;0;0;0;134;494;54806;26163;0;21313;1800;1786;384;0;52;0;148;4;131;27;19;0;452;54;1333;0;34;0;501;2;200;129;26;0;142;106;0;0;0;0
BY;09561;Ansbach, Stadt;30001;22975;249;22726;8702;0;10965;1314;526;206;0;0;0;0;0;0;0;0;0;0;441;0;0;0;0;0;0;0;0;469;103;0;0;0;0;0;0;0;0;0;0;152;22823;8975;0;10023;1508;904;172;0;19;0;35;0;27;6;10;0;180;26;362;0;9;0;118;1;52;26;5;0;289;76;0;0;0;0
BY;09562;Erlangen, Stadt;72373;59160;370;58790;26050;0;25451;3450;1651;456;0;0;0;0;0;0;0;0;0;0;911;0;0;0;0;0;0;0;0;573;0;0;0;0;0;0;0;0;0;0;248;255;58905;23314;0;22253;5993;4246;643;0;37;0;76;5;66;38;22;0;420;67;639;0;64;0;238;20;147;57;27;0;420;113;0;0;0;0
BY;09563;Fürth, Stadt;77972;59516;1268;58248;27601;0;24312;2673;1121;0;0;0;0;0;0;0;0;0;0;0;2069;0;0;0;0;0;0;0;0;296;176;0;0;0;0;0;0;0;0;0;0;1077;58439;26491;0;21756;3631;2662;541;0;37;0;76;13;83;31;22;0;466;95;1615;0;47;0;255;16;180;61;30;0;182;149;0;0;0;0
BY;09564;Nürnberg, Stadt;339353;267235;2467;264768;123734;0;112700;10609;4900;2668;0;0;0;0;0;0;0;0;0;0;7049;0;0;0;108;0;0;0;0;1484;385;0;0;0;0;0;0;0;0;0;1131;1897;265338;114896;0;102526;18657;11803;3160;0;181;0;333;37;495;151;101;0;2889;418;5277;0;211;0;1244;69;877;390;169;0;892;562;0;0;0;0
BY;09565;Schwabach, Stadt;28028;22127;175;21952;10266;0;9603;702;473;153;0;0;0;0;0;0;0;0;0;0;509;0;0;0;0;0;0;0;0;122;81;0;0;0;0;0;0;0;0;0;43;124;22003;9331;0;9051;1235;1158;163;0;15;0;33;7;38;6;4;0;189;31;412;0;8;0;102;1;53;26;5;0;67;68;0;0;0;0
BY;09571;Ansbach;133435;106450;1099;105351;37467;0;54142;5095;2852;809;0;0;0;0;0;0;0;0;0;0;2853;0;0;0;0;0;0;0;0;1520;613;0;0;0;0;0;0;0;0;0;0;867;105583;38099;0;49789;5695;4702;661;0;117;0;209;8;130;50;69;0;720;107;2588;0;67;0;542;7;272;209;47;0;998;497;0;0;0;0
BY;09572;Erlangen-Höchstadt;93497;78175;581;77594;31985;0;37294;3475;1975;503;0;0;0;0;0;0;0;0;0;0;1653;0;0;0;0;0;0;0;0;535;0;0;0;0;0;0;0;0;0;0;174;446;77729;30306;0;33485;5084;4666;535;0;54;0;134;7;109;29;44;0;452;90;1359;0;77;0;377;6;235;138;29;0;367;146;0;0;0;0
BY;09573;Fürth;84254;70689;532;70157;31553;0;31431;2829;1450;0;0;0;0;0;0;0;0;0;0;0;2226;0;0;0;0;0;0;0;0;376;292;0;0;0;0;0;0;0;0;0;0;394;70295;30298;0;28114;3846;3725;487;0;39;0;78;6;85;37;31;0;528;105;1737;0;37;0;324;6;234;90;32;0;233;223;0;0;0;0
BY;09574;Nürnberger Land;124880;103778;742;103036;47120;0;45724;4472;2227;0;0;0;0;0;0;0;0;0;0;0;2472;0;0;0;0;0;0;0;0;673;348;0;0;0;0;0;0;0;0;0;0;577;103201;44061;0;41798;6167;5363;653;0;59;0;147;12;155;45;42;0;832;116;1897;0;76;0;518;10;319;145;66;0;418;302;0;0;0;0
BY;09575;Neustadt a.d.Aisch-Bad Windsheim;73815;58507;586;57921;19355;0;31595;3180;1108;0;0;0;0;0;0;0;0;0;0;0;1686;0;0;0;0;0;0;0;0;781;216;0;0;0;0;0;0;0;0;0;0;497;58010;20762;0;27368;2955;2912;314;0;52;0;108;2;75;31;36;0;511;62;1421;0;45;0;307;6;159;98;37;0;553;196;0;0;0;0
BY;09576;Roth;91214;75876;617;75259;29398;0;39080;2490;1743;0;0;0;0;0;0;0;0;0;0;0;1654;0;0;0;0;0;0;0;0;629;265;0;0;0;0;0;0;0;0;0;0;515;75361;28640;0;35549;3802;3294;419;0;64;0;160;7;102;31;32;0;543;109;1266;0;51;0;381;2;257;82;44;0;315;211;0;0;0;0
BY;09577;Weißenburg-Gunzenhausen;71332;56397;571;55826;22404;0;27494;2307;1190;369;0;0;0;0;0;0;0;0;0;0;1237;0;0;0;0;0;0;0;0;567;258;0;0;0;0;0;0;0;0;0;0;415;55982;22496;0;25279;2698;2235;292;0;53;0;99;7;65;12;34;0;537;38;958;0;39;0;267;7;144;57;38;0;435;192;0;0;0;0
BY;09661;Aschaffenburg, Stadt;47871;36301;535;35766;12486;0;17485;3065;901;0;0;0;0;0;0;0;0;92;0;0;1418;0;0;0;0;0;0;0;0;319;0;0;0;0;0;0;0;0;0;0;0;351;35950;12850;0;16218;2501;1831;325;0;28;0;69;5;80;24;53;0;224;59;1152;0;34;0;103;15;109;57;33;0;154;26;0;0;0;0
BY;09662;Schweinfurt, Stadt;40259;31542;339;31203;13018;0;14222;1446;549;0;0;0;0;0;0;0;0;80;0;0;1584;0;0;0;0;0;0;0;0;220;0;0;0;0;0;0;0;0;0;0;84;318;31224;13012;0;12939;1424;1347;247;0;21;0;34;4;33;13;29;0;127;75;1412;0;17;0;156;8;79;37;10;0;156;44;0;0;0;0
BY;09663;Würzburg, Stadt;93661;74306;852;73454;27106;0;32984;5940;2572;610;0;0;0;0;0;0;0;0;0;0;2769;0;332;0;0;0;0;0;0;966;0;0;0;0;0;0;0;0;0;0;175;505;73801;25781;0;30661;7503;4486;605;0;73;0;113;11;81;61;38;0;180;155;2610;0;81;0;378;5;237;29;39;0;569;105;0;0;0;0
BY;09671;Aschaffenburg;127733;105198;1430;103768;34628;0;54282;7994;2256;0;0;0;0;0;0;0;0;293;0;0;3489;0;0;0;0;0;0;0;0;826;0;0;0;0;0;0;0;0;0;0;0;1140;104058;36866;0;49130;6075;5447;714;0;74;0;198;12;143;53;150;0;550;121;3092;0;100;0;302;11;354;107;75;0;432;52;0;0;0;0
BY;09672;Bad Kissingen;84856;69485;718;68767;20152;0;39428;4207;1475;0;0;0;0;0;0;0;0;0;0;0;3041;0;0;0;0;0;0;0;0;464;0;0;0;0;0;0;0;0;0;0;0;604;68881;20294;0;36685;3335;3285;367;0;74;0;130;8;119;36;81;0;284;106;3079;0;41;0;257;4;182;61;37;0;327;89;0;0;0;0
BY;09673;Rhön-Grabfeld;64975;52983;512;52471;14867;0;31910;2227;1305;0;0;0;0;0;0;0;0;0;0;0;1828;0;0;0;0;0;0;0;0;334;0;0;0;0;0;0;0;0;0;0;0;484;52499;14715;0;29240;2578;2480;306;0;46;0;93;10;50;35;49;0;317;63;1713;0;60;0;256;2;129;61;36;0;199;61;0;0;0;0
BY;09674;Haßberge;66874;54867;545;54322;21004;0;27926;1777;1114;0;0;0;0;0;0;0;0;0;0;0;1735;0;0;0;0;0;0;0;0;766;0;0;0;0;0;0;0;0;0;0;0;497;54370;19472;0;26200;2345;2735;241;0;61;0;107;4;50;25;39;0;242;57;1649;0;29;0;275;3;138;82;32;0;501;83;0;0;0;0
BY;09675;Kitzingen;65888;53273;560;52713;18662;0;27377;2293;1256;0;0;0;0;0;0;0;0;192;0;0;2032;0;0;0;0;0;0;0;0;854;0;0;0;0;0;0;0;0;0;0;47;424;52849;18272;0;25251;2649;2712;235;0;45;0;103;4;49;23;76;0;239;66;1883;0;51;0;316;1;174;100;37;0;439;124;0;0;0;0
BY;09676;Miltenberg;92461;76306;1009;75297;29230;0;40452;0;2281;0;0;0;0;0;0;0;0;0;0;0;2105;0;0;0;0;0;0;0;0;1084;145;0;0;0;0;0;0;0;0;0;0;709;75597;26715;0;36460;4094;3753;420;0;70;0;127;10;118;36;35;0;363;91;2080;0;36;0;256;5;196;179;52;0;425;76;0;0;0;0
BY;09677;Main-Spessart;100199;82695;1199;81496;31920;0;43322;0;1723;0;0;0;0;0;0;0;0;0;0;0;2335;0;0;0;0;0;0;0;0;1846;350;0;0;0;0;0;0;0;0;0;0;739;81956;29566;0;39348;4546;3316;349;0;58;0;159;6;82;30;46;0;292;123;2396;0;51;0;411;14;216;88;56;0;624;179;0;0;0;0
BY;09678;Schweinfurt;88240;73913;786;73127;22842;0;39954;4087;1560;0;0;0;0;0;0;0;0;335;0;0;3591;0;0;0;0;0;0;0;0;626;0;0;0;0;0;0;0;0;0;0;132;621;73292;23268;0;37268;4010;3011;327;0;70;0;185;7;106;27;151;0;235;125;3193;0;64;0;416;9;229;66;41;0;392;92;0;0;0;0
BY;09679;Würzburg;118757;101397;1212;100185;37258;0;48250;5660;2642;645;0;0;0;0;0;0;0;0;0;0;3603;0;363;0;0;0;0;0;0;1354;0;0;0;0;0;0;0;0;0;0;410;733;100664;37027;0;45304;6769;4615;540;0;78;0;178;7;96;54;56;0;186;139;3544;0;120;0;510;16;301;50;45;0;884;145;0;0;0;0
BY;09761;Augsburg, Stadt;176614;134551;1167;133384;52284;0;62304;7579;2692;1067;0;0;0;0;0;747;0;0;0;547;4735;0;0;0;0;0;0;0;0;1429;0;0;0;0;0;0;0;0;0;0;0;1212;133339;49446;0;57489;9764;6148;1247;0;106;0;354;11;416;67;93;0;1079;378;4091;0;91;0;834;15;461;118;103;0;898;130;0;0;0;0
BY;09762;Kaufbeuren, Stadt;31192;23691;348;23343;7241;0;12992;1047;649;0;0;0;0;0;0;166;0;0;0;0;953;0;0;0;0;0;0;0;0;295;0;0;0;0;0;0;0;0;0;0;0;191;23500;6869;0;12208;1221;1297;126;0;24;0;126;3;64;13;26;0;261;41;767;0;13;0;131;2;69;51;15;0;154;19;0;0;0;0
BY;09763;Kempten (Allgäu), Stadt;45595;34390;345;34045;10858;0;17588;1926;1432;0;0;0;0;0;0;0;0;0;0;0;1669;0;0;0;0;0;0;0;0;464;108;0;0;0;0;0;0;0;0;0;0;223;34167;11372;0;15708;1979;2052;225;0;21;0;102;3;61;14;50;0;242;61;1478;0;37;0;244;13;129;20;27;0;267;62;0;0;0;0
BY;09764;Memmingen, Stadt;29192;22401;355;22046;7985;0;10946;1094;559;0;0;0;0;0;0;125;0;0;0;0;898;0;0;0;0;0;0;0;0;439;0;0;0;0;0;0;0;0;0;0;0;165;22236;7744;0;10043;1260;1236;120;0;18;0;71;1;61;9;21;0;150;35;741;0;39;0;141;1;63;61;6;0;301;114;0;0;0;0
BY;09771;Aichach-Friedberg;88626;70863;631;70232;19668;0;41664;2793;1454;377;0;0;0;0;0;43;0;0;0;258;3260;0;0;0;0;0;0;0;0;715;0;0;0;0;0;0;0;0;0;0;0;486;70377;20129;0;37120;3793;3552;395;0;40;0;329;8;146;28;78;0;313;118;2996;0;55;0;331;1;226;48;44;0;529;98;0;0;0;0
BY;09772;Augsburg;169490;135613;1291;134322;41750;0;76747;5219;3245;906;0;0;0;0;0;61;0;0;0;668;4265;0;0;0;0;0;0;0;0;1461;0;0;0;0;0;0;0;0;0;0;0;987;134626;42883;0;66854;7414;7444;790;0;80;0;635;14;270;86;104;0;774;375;4074;0;125;0;830;9;489;114;98;0;1040;124;0;0;0;0
BY;09773;Dillingen a.d. Donau;68173;52669;597;52072;14588;0;28926;1926;2385;0;0;0;0;0;0;300;0;0;0;0;3374;0;0;0;0;0;0;0;0;573;0;0;0;0;0;0;0;0;0;0;0;402;52267;15316;0;27315;2201;2611;232;0;32;0;180;2;170;25;44;0;255;63;2917;0;58;0;257;6;134;46;47;0;312;44;0;0;0;0
BY;09774;Günzburg;85849;65688;707;64981;18715;0;37763;1735;1548;0;0;0;0;0;47;501;0;0;0;0;3671;0;0;0;0;0;0;442;0;559;0;0;0;0;0;0;0;0;0;0;0;484;65204;18993;0;34524;2480;3024;330;0;63;0;230;16;319;29;80;0;341;95;3451;0;44;0;333;3;157;40;138;0;417;97;0;0;0;0
BY;09775;Neu-Ulm;112663;89931;956;88975;32278;0;44493;4228;2241;0;0;0;0;0;112;1045;0;0;0;0;3555;0;0;0;0;0;0;416;0;607;0;0;0;0;0;0;0;0;0;0;0;646;89285;31368;0;39767;5418;5523;574;0;87;0;243;53;483;45;90;0;539;118;3220;0;66;0;611;12;283;103;130;0;410;142;0;0;0;0
BY;09776;Lindau (Bodensee);54736;43348;407;42941;13452;0;22644;3288;1454;0;0;0;0;0;0;0;0;0;0;0;1218;0;0;0;0;0;0;0;0;662;223;0;0;0;0;0;0;0;0;0;0;260;43088;13448;0;19975;3339;2936;317;0;67;0;168;12;79;32;80;0;205;76;1052;0;59;0;314;0;193;32;43;0;490;171;0;0;0;0
BY;09777;Ostallgäu;95016;75061;1130;73931;20478;0;42860;3710;2303;0;0;0;0;0;0;603;0;0;0;0;2599;0;0;0;0;0;0;0;0;1378;0;0;0;0;0;0;0;0;0;0;0;471;74590;19667;0;40650;4064;4152;304;0;70;0;945;12;307;37;94;0;484;89;2048;0;65;0;443;3;222;81;62;0;730;61;0;0;0;0
BY;09778;Unterallgäu;97850;76449;1130;75319;18823;0;45613;3002;2061;0;0;0;0;0;22;540;0;0;0;0;3140;0;0;0;0;0;0;100;0;2018;0;0;0;0;0;0;0;0;0;0;0;592;75857;18778;0;42841;3274;3943;355;0;74;0;418;41;268;41;120;0;575;90;2555;0;40;0;533;7;234;122;88;0;1303;157;0;0;0;0
BY;09779;Donau-Ries;95252;76776;955;75821;24158;0;43578;3272;1507;0;0;0;0;0;0;254;0;0;0;0;2270;0;0;0;0;0;0;0;0;782;0;0;0;0;0;0;0;0;0;0;0;577;76199;25072;0;39862;3507;3113;334;0;80;0;212;6;132;36;59;0;402;80;2074;0;61;0;281;8;159;60;36;0;540;85;0;0;0;0
BY;09780;Oberallgäu;108384;86857;908;85949;21189;0;51682;6137;2583;0;0;0;0;0;0;0;0;0;0;0;2927;0;0;0;0;0;0;0;0;1249;182;0;0;0;0;0;0;0;0;0;0;593;86264;22260;0;46785;5447;5213;428;0;86;0;417;13;154;47;143;0;570;114;2547;0;78;0;533;11;367;42;74;0;806;129;0;0;0;0
SL;10041;Stadtverband Saarbrücken;268398;221796;5637;216159;123745;70265;0;8244;5688;1031;0;0;0;0;0;0;0;0;0;1482;3324;1061;0;0;72;0;714;198;0;184;0;0;0;151;0;0;0;0;0;0;0;5512;216284;113771;62395;0;15423;12238;2740;0;261;0;0;0;347;0;204;0;1770;1342;2914;905;153;0;980;0;0;571;0;0;270;0;0;0;0;0
SL;10042;Merzig-Wadern;82223;70580;1597;68983;37429;26324;0;2164;1373;0;0;0;0;0;0;0;0;312;0;583;0;0;0;0;0;0;798;0;0;0;0;0;0;0;0;0;0;0;0;0;0;1313;69267;35193;24212;0;3157;3206;559;0;107;0;0;0;76;0;223;0;630;334;532;232;48;0;346;0;0;338;0;0;74;0;0;0;0;0
SL;10043;Neunkirchen;116711;99102;1967;97135;58023;30784;0;2801;1452;782;0;0;0;0;0;0;0;0;0;530;1526;810;0;0;0;0;147;0;0;46;0;0;0;81;0;0;0;0;0;0;153;1629;97473;56051;28245;0;4384;3669;995;0;81;0;0;0;67;0;73;0;872;405;1199;558;96;0;530;0;0;169;0;0;79;0;0;0;0;0
SL;10044;Saarlouis;162990;139559;2970;136589;76104;49938;0;4370;2412;182;0;0;0;0;0;0;0;229;0;1038;863;373;0;0;0;0;1036;0;0;0;0;0;0;0;0;0;0;0;0;0;44;2339;137220;72430;45688;0;6365;5833;1168;0;207;0;0;0;154;0;249;0;1339;640;1187;493;89;0;698;0;0;540;0;0;140;0;0;0;0;0
SL;10045;Saarpfalz-Kreis;121879;104214;2172;102042;52495;37000;0;3934;2314;906;0;0;0;0;0;0;0;0;0;593;1866;2173;0;0;0;0;401;0;0;292;0;0;0;68;0;0;0;0;0;0;0;1713;102501;50765;33689;0;5822;5314;1084;0;141;0;0;0;124;0;112;0;1010;438;1647;1199;81;0;594;0;0;281;0;0;200;0;0;0;0;0
SL;10046;Sankt Wendel;76306;67735;1547;66188;33047;28566;0;1680;733;516;0;0;0;0;0;0;0;0;0;226;893;422;0;0;0;0;0;0;0;0;0;0;0;0;0;0;0;0;0;0;105;1172;66563;33276;25255;0;2656;2257;541;0;78;0;0;0;56;0;84;0;587;151;761;359;43;0;325;0;0;89;0;0;45;0;0;0;0;0
BE;11100;Berlin-West;1472004;1202746;18548;1184198;536095;396267;0;120603;38324;23939;0;0;0;0;317;6416;0;0;0;14728;36507;0;0;0;180;0;0;2940;0;1938;0;0;3949;0;0;0;0;0;0;0;1995;15416;1187330;470235;350318;0;160832;79243;32475;0;1400;3279;0;298;4205;2518;0;0;20178;12431;26218;0;1507;180;8665;270;5612;2014;1716;0;1190;0;0;0;2411;135
BE;11200;Berlin-Ost;970925;777771;8688;769083;256734;108276;0;34326;9646;301891;0;0;1458;0;321;2722;3206;0;0;6476;32968;0;0;171;106;0;3110;1284;0;373;0;0;5192;0;0;0;0;0;0;0;823;7142;770629;270680;113120;0;61017;16160;230862;0;1186;3480;0;327;1419;2651;0;0;21493;5077;20324;0;1310;255;6905;200;3760;5883;889;0;323;0;0;0;3145;163
BB;12051;Brandenburg an der Havel, Stadt;65802;44707;1098;43609;20707;8172;0;1876;966;9449;0;0;0;0;0;579;0;0;0;455;1180;0;0;0;0;0;0;0;0;0;72;0;0;0;0;0;0;0;0;0;153;1073;43634;20920;7530;0;1690;1131;8737;0;0;0;0;0;286;0;0;0;1032;224;614;0;0;0;839;0;452;160;0;0;19;0;0;0;0;0
BB;12052;Cottbus, Stadt;90667;64151;1139;63012;27850;12880;0;2192;3053;14367;0;0;0;0;0;503;0;0;0;400;1767;0;0;0;0;0;0;0;0;0;0;0;0;0;0;0;0;0;0;0;0;1103;63048;26952;12615;0;2428;1843;14443;0;0;0;0;0;183;0;0;0;1412;222;747;0;0;0;1336;0;425;381;0;0;61;0;0;0;0;0
BB;12053;Frankfurt (Oder), Stadt;59556;40407;793;39614;16710;8731;0;1900;0;10274;0;0;0;0;0;0;0;0;0;359;1511;0;0;0;129;0;0;0;0;0;0;0;0;0;0;0;0;0;0;0;0;679;39728;16931;7958;0;1509;806;8855;0;0;0;0;0;378;0;0;0;714;189;438;0;0;0;736;0;337;839;0;0;38;0;0;0;0;0
BB;12054;Potsdam, Stadt;102650;72091;1366;70725;28217;9789;0;3844;812;25641;0;0;0;0;0;640;0;0;0;0;1651;0;0;0;0;0;0;0;0;131;0;0;0;0;0;0;0;0;0;0;0;1457;70634;31112;9809;0;4318;1354;19689;0;0;0;0;0;206;0;0;0;1186;235;851;0;0;0;815;0;564;429;0;0;66;0;0;0;0;0
BB;12060;Barnim;128692;90690;2150;88540;40663;17837;0;2742;1626;21776;0;0;0;0;0;0;0;0;0;0;3896;0;0;0;0;0;0;0;0;0;0;0;0;0;0;0;0;0;0;0;0;2602;88088;37476;16354;0;3126;2144;20732;0;0;0;0;0;165;0;0;0;2385;322;1997;0;0;0;1740;0;773;798;0;0;76;0;0;0;0;0
BB;12061;Dahme-Spreewald;121565;91319;2485;88834;42930;20199;0;2282;1738;16775;0;0;0;0;0;0;0;0;0;403;3291;0;0;0;5;0;0;0;0;377;0;0;0;0;0;0;0;0;0;0;834;2991;88328;38392;18455;0;3012;2672;17170;0;0;0;0;0;277;0;0;0;3164;356;1460;0;0;0;1695;0;877;603;0;0;195;0;0;0;0;0
BB;12062;Elbe-Elster;107391;79872;2549;77323;34373;23791;0;1654;2190;12341;0;0;0;0;0;0;0;0;0;0;2974;0;0;0;0;0;0;0;0;0;0;0;0;0;0;0;0;0;0;0;0;3521;76351;30012;19913;0;2193;2773;13073;0;0;0;0;0;173;0;0;0;3463;146;1295;0;0;0;2094;0;756;395;0;0;65;0;0;0;0;0
BB;12063;Havelland;109251;78505;2006;76499;38581;16688;0;1856;1753;13586;0;0;0;0;0;194;0;0;0;160;2632;0;0;0;0;0;0;0;0;0;43;0;0;0;0;0;0;0;0;0;1006;2162;76343;35654;15042;0;2567;2413;13672;0;0;0;0;0;201;0;0;0;2185;262;1517;0;0;0;1603;0;722;447;0;0;58;0;0;0;0;0
BB;12064;Märkisch-Oderland;142102;101423;7560;93863;48713;4111;0;3651;8110;23988;0;0;0;0;0;0;0;0;0;0;5290;0;0;0;0;0;0;0;0;0;0;0;0;0;0;0;0;0;0;0;0;3350;98073;41317;20539;0;2991;1981;21378;0;0;0;0;0;206;0;0;0;4208;337;1747;0;0;0;1716;0;905;681;0;0;67;0;0;0;0;0
BB;12065;Oberhavel;144791;103924;2552;101372;51136;22450;0;2918;1833;18369;0;0;0;0;0;164;0;0;0;0;4026;0;0;0;0;0;0;0;0;0;0;0;0;0;0;0;0;0;0;0;476;2833;101091;45797;19741;0;3689;2924;19067;0;0;0;0;0;327;0;0;0;2730;339;2309;0;0;0;2220;0;1125;767;0;0;56;0;0;0;0;0
BB;12066;Oberspreewald-Lausitz;120099;85310;3171;82139;36782;22214;0;2305;1677;15573;0;0;0;0;0;0;0;0;0;0;2972;0;0;0;0;0;0;0;0;0;0;0;0;0;0;0;0;0;0;0;616;3318;81992;32694;20708;0;2457;2045;15640;0;0;0;0;0;114;0;0;0;2686;210;1424;0;0;0;2701;0;741;501;0;0;71;0;0;0;0;0
BB;12067;Oder-Spree;153189;108475;5311;103164;51499;13908;0;4112;5375;22207;0;0;0;0;0;0;0;0;0;572;5335;0;0;0;156;0;0;0;0;0;0;0;0;0;0;0;0;0;0;0;0;3219;105256;46011;22413;0;3288;2412;20673;0;0;0;0;0;244;0;0;0;3240;449;2106;0;0;0;2211;0;1090;1025;0;0;94;0;0;0;0;0
BB;12068;Ostprignitz-Ruppin;89486;62755;1826;60929;34699;12393;0;1668;1389;9026;0;0;0;0;0;1;0;0;0;0;1753;0;0;0;0;0;0;0;0;0;0;0;0;0;0;0;0;0;0;0;0;1821;60934;30323;12190;0;1897;1695;9980;0;0;0;0;0;96;0;0;0;1279;124;736;0;0;0;1268;0;449;845;0;0;52;0;0;0;0;0
BB;12069;Potsdam-Mittelmark;153746;113178;3077;110101;50868;24266;0;4140;2870;23139;0;0;0;0;0;1300;0;0;0;227;2920;0;0;0;0;0;0;0;0;157;96;0;0;0;0;0;0;0;0;0;118;3434;109744;48923;22631;0;4930;3779;20619;0;0;0;0;0;568;0;0;0;2738;325;1504;0;0;0;1944;0;1048;629;0;0;106;0;0;0;0;0
BB;12070;Prignitz;78446;57415;1591;55824;27264;14256;0;1028;1596;10202;0;0;0;0;0;0;0;0;0;0;1478;0;0;0;0;0;0;0;0;0;0;0;0;0;0;0;0;0;0;0;0;1746;55669;25331;13209;0;1367;1719;9900;0;0;0;0;0;64;0;0;0;1471;82;657;0;0;0;1060;0;364;411;0;0;34;0;0;0;0;0
BB;12071;Spree-Neiße;121860;89098;2803;86295;37733;22322;0;2121;3418;15396;0;0;0;0;0;670;0;0;0;833;3720;0;0;0;0;0;0;0;0;0;0;0;0;0;0;0;0;0;0;0;82;2845;86253;34981;20891;0;2352;2898;16235;0;0;0;0;0;317;0;0;0;2380;495;2106;0;0;0;2265;0;736;536;0;0;61;0;0;0;0;0
BB;12072;Teltow-Fläming;121777;87891;2432;85459;43190;17070;0;2559;1824;16507;0;0;0;0;0;0;0;0;0;448;3097;0;0;0;0;0;0;0;0;210;0;0;0;0;0;0;0;0;0;0;554;2798;85093;39318;16443;0;2879;2498;16011;0;0;0;0;0;210;0;0;0;2262;357;1770;0;0;0;1949;0;832;446;0;0;118;0;0;0;0;0
BB;12073;Uckermark;121233;86207;2395;83812;45264;17006;0;1410;1544;15541;0;0;0;0;0;893;0;0;0;0;2154;0;0;0;0;0;0;0;0;0;0;0;0;0;0;0;0;0;0;0;0;2981;83226;38566;16774;0;1902;1999;17128;0;0;0;0;0;282;0;0;0;1567;156;887;0;0;0;1935;0;660;1314;0;0;56;0;0;0;0;0
BB;12999;Briefwahlergebnis Brandenburg;0;129734;2025;127709;55026;26624;0;6227;4570;30566;0;0;0;0;0;348;0;0;0;562;2963;0;0;0;41;0;0;0;0;165;24;0;0;0;0;0;0;0;0;0;593;1248;128486;50034;27228;0;7289;4810;30088;0;0;0;0;0;368;0;0;0;2051;816;1437;0;0;0;2450;0;1280;439;0;0;196;0;0;0;0;0
MV;13001;Greifswald;43861;29921;668;29253;9674;10450;0;692;484;7109;0;0;0;0;0;0;0;0;0;243;459;0;0;0;0;0;0;0;0;50;0;92;0;0;0;0;0;0;0;0;0;739;29182;8609;9970;0;1024;611;6871;0;0;0;0;0;52;18;0;0;800;180;157;0;0;0;572;0;0;224;0;0;27;0;67;0;0;0
MV;13002;Neubrandenburg;60198;43352;903;42449;14689;12006;0;1329;612;12851;0;207;0;0;0;0;0;0;0;0;714;0;0;0;41;0;0;0;0;0;0;0;0;0;0;0;0;0;0;0;0;716;42636;15480;10350;0;1253;745;12310;0;0;0;0;0;55;33;0;0;926;86;298;0;0;0;692;0;0;277;0;0;35;0;96;0;0;0
MV;13003;Rostock;167365;132361;2904;129457;47654;30964;0;3220;1914;43371;0;0;0;0;0;0;0;0;0;474;1551;0;0;0;126;0;0;0;0;183;0;0;0;0;0;0;0;0;0;0;0;2791;129570;51362;27523;0;5235;2555;36994;0;0;0;0;0;124;88;0;0;2136;343;412;0;0;0;1280;0;0;1194;0;0;99;0;225;0;0;0
MV;13004;Schwerin;84596;59978;1157;58821;23360;13406;0;1774;871;17592;0;0;0;0;0;0;0;0;0;224;722;0;0;0;0;0;0;0;0;0;0;872;0;0;0;0;0;0;0;0;0;934;59044;23157;12946;0;2317;1190;16486;0;0;0;0;0;45;29;0;0;1144;190;225;0;0;0;552;0;0;260;0;0;18;0;485;0;0;0
MV;13005;Stralsund;50054;34524;933;33591;10996;11659;0;818;440;7672;0;0;0;0;0;0;0;0;0;0;537;0;0;0;0;0;808;0;0;0;0;661;0;0;0;0;0;0;0;0;0;879;33645;10806;10761;0;1017;554;7448;0;0;0;0;0;37;18;0;0;895;81;359;0;0;0;578;0;0;617;0;0;21;0;453;0;0;0
MV;13006;Wismar;37820;27258;860;26398;12072;7516;0;618;456;5541;0;0;0;0;0;0;0;0;0;0;0;0;0;0;0;0;0;0;0;0;0;195;0;0;0;0;0;0;0;0;0;535;26723;11609;6873;0;688;510;5467;0;0;0;0;0;21;15;0;0;805;60;56;0;0;0;353;0;0;150;0;0;7;0;109;0;0;0
MV;13051;Bad Doberan;86317;65332;1971;63361;25312;19741;0;1843;1148;14646;0;0;0;0;0;0;0;0;0;0;421;0;0;0;0;0;0;0;0;104;0;146;0;0;0;0;0;0;0;0;0;1391;63941;23894;18430;0;1873;1592;14565;0;0;0;0;0;91;51;0;0;1370;111;228;0;0;0;823;0;0;734;0;0;65;0;114;0;0;0
MV;13052;Demmin;75482;55851;2205;53646;17330;21356;0;853;989;11687;0;21;0;0;0;0;0;0;0;66;1158;0;0;0;6;0;0;0;0;79;0;101;0;0;0;0;0;0;0;0;0;1888;53963;16472;19898;0;946;1062;11349;0;0;0;0;0;142;18;0;0;1991;78;439;0;0;0;980;0;0;483;0;0;30;0;75;0;0;0
MV;13053;Güstrow;88778;65482;2517;62965;24862;19902;0;1467;1058;14462;0;0;0;0;0;0;0;0;0;0;821;0;0;0;0;0;0;0;0;71;0;52;0;0;0;0;0;0;0;0;270;1928;63554;23155;18331;0;1576;1627;14687;0;0;0;0;0;213;91;0;0;2001;98;309;0;0;0;881;0;0;428;0;0;41;0;116;0;0;0
MV;13054;Ludwigslust;101076;75380;2328;73052;31114;21201;0;1521;1222;15951;0;0;0;0;0;0;0;0;0;103;930;0;0;0;0;0;0;0;0;0;0;240;0;0;0;0;0;0;0;0;770;1981;73399;29555;20152;0;1936;1653;15915;0;0;0;0;0;117;43;0;0;2041;140;318;0;0;0;777;0;0;528;0;0;34;0;190;0;0;0
MV;13055;Mecklenburg-Strelitz;69063;51547;1960;49587;18666;16945;0;370;1070;11256;0;48;0;0;0;0;0;0;0;0;1209;0;0;0;23;0;0;0;0;0;0;0;0;0;0;0;0;0;0;0;0;1589;49958;17190;15586;0;1295;1070;10970;0;0;0;0;0;84;36;0;0;1727;104;446;0;0;0;798;0;0;569;0;0;17;0;66;0;0;0
MV;13056;Müritz;55214;41827;1454;40373;17378;12360;0;821;674;8468;0;59;0;0;0;0;0;0;0;0;576;0;0;0;37;0;0;0;0;0;0;0;0;0;0;0;0;0;0;0;0;1155;40672;15621;11536;0;1189;869;8820;0;0;0;0;0;79;22;0;0;1395;60;232;0;0;0;593;0;0;192;0;0;16;0;48;0;0;0
MV;13057;Nordvorpommern;93339;68116;2599;65517;22033;24729;0;1212;1127;14386;0;0;0;0;0;0;0;0;0;0;968;0;0;0;0;0;677;0;0;144;0;241;0;0;0;0;0;0;0;0;0;2350;65766;21197;22453;0;1321;1240;14411;0;0;0;0;0;91;52;0;0;1889;153;442;0;0;0;1254;0;0;933;0;0;49;0;281;0;0;0
MV;13058;Nordwestmecklenburg;91410;66809;2172;64637;27224;19868;0;1513;1457;14200;0;0;0;0;0;0;0;0;0;9;115;0;0;0;0;0;0;0;0;0;0;236;0;0;0;0;0;0;0;0;15;1606;65203;26063;17999;0;1809;1398;13750;0;0;0;0;0;72;44;0;0;2261;91;187;0;0;0;942;0;0;396;0;0;32;0;159;0;0;0
MV;13059;Ostvorpommern;90384;66326;2525;63801;19654;25660;0;674;1212;14551;0;0;0;0;0;0;0;0;0;146;1572;0;0;0;0;0;0;0;0;52;0;280;0;0;0;0;0;0;0;0;0;2045;64281;18191;23986;0;1181;1242;13942;0;0;0;0;0;80;30;0;0;2106;164;534;0;0;0;1225;0;0;1378;0;0;34;0;188;0;0;0
MV;13060;Parchim;84364;62668;2122;60546;23409;18932;0;1526;1442;13914;0;0;0;0;0;0;0;0;0;35;903;0;0;0;0;0;0;0;0;0;0;82;0;0;0;0;0;0;0;0;303;1736;60932;21761;17573;0;1783;1814;14151;0;0;0;0;0;114;75;0;0;1790;131;316;0;0;0;932;0;0;361;0;0;26;0;105;0;0;0
MV;13061;Rügen;59975;42109;1706;40403;11913;15147;0;858;859;9876;0;0;0;0;0;0;0;0;0;0;484;0;0;0;0;0;827;0;0;0;0;439;0;0;0;0;0;0;0;0;0;1518;40591;11782;13624;0;908;1052;9504;0;0;0;0;0;99;44;0;0;1649;91;248;0;0;0;800;0;0;528;0;0;19;0;243;0;0;0
MV;13062;Uecker-Randow;68365;49828;2296;47532;15953;17950;0;0;1046;11225;0;0;0;0;0;0;0;0;0;0;1358;0;0;0;0;0;0;0;0;0;0;0;0;0;0;0;0;0;0;0;0;1759;48069;14614;16822;0;833;901;10530;0;0;0;0;0;76;26;0;0;1514;98;636;0;0;0;946;0;0;990;0;0;25;0;58;0;0;0
MV;13999;Briefwahlergebnis Mecklenburg-Vorpommern;0;78848;989;77859;25722;26091;0;2860;1858;19604;0;45;0;0;0;0;0;0;0;120;799;0;0;0;9;0;106;0;0;78;0;460;0;0;0;0;0;0;0;0;107;701;78147;24228;24126;0;3948;2615;19294;0;0;0;0;0;148;99;0;0;1263;282;330;0;0;0;1047;0;0;411;0;0;79;0;277;0;0;0
SN;14161;Chemnitz, Stadt;208546;171263;2622;168641;56224;52179;0;10302;5276;36458;0;0;0;0;0;0;0;0;0;858;6565;0;0;0;0;0;0;0;0;0;226;0;553;0;0;0;0;0;0;0;0;2275;168988;51070;46102;0;8425;6111;41727;0;0;0;0;184;369;570;0;0;3251;811;3959;0;0;0;4171;0;0;1312;0;0;199;727;0;0;0;0
SN;14166;Plauen, Stadt;54550;44589;780;43809;17577;12992;0;1498;1637;7362;0;0;0;0;0;0;0;0;0;0;1468;0;0;0;0;0;1036;0;0;0;239;0;0;0;0;0;0;0;0;0;0;702;43887;14021;12290;0;2136;1916;8701;0;0;0;0;20;87;150;0;0;1074;108;1247;0;0;0;1149;0;0;747;0;0;40;201;0;0;0;0
SN;14167;Zwickau, Stadt;82112;65755;1100;64655;21336;20419;0;2697;1425;15573;0;0;0;0;358;836;0;0;0;0;0;0;0;0;0;0;1592;0;0;0;419;0;0;0;0;0;0;0;0;0;0;973;64782;20546;18409;0;2484;2000;14991;0;0;0;0;142;312;179;0;0;2472;208;607;0;0;0;1331;0;0;626;0;0;61;414;0;0;0;0
SN;14171;Annaberg;73035;64000;1488;62512;17852;28183;0;2334;2241;8191;0;0;0;0;0;1408;0;0;0;0;2303;0;0;0;0;0;0;0;0;0;0;0;0;0;0;0;0;0;0;0;0;1238;62762;16066;24783;0;1992;2324;10172;0;0;0;0;39;538;174;0;0;1563;190;1673;0;0;0;2162;0;0;489;0;0;65;532;0;0;0;0
SN;14173;Chemnitzer Land;126202;107772;2054;105718;39555;38617;0;938;3322;17732;0;0;0;0;0;1314;0;0;0;0;3558;0;0;0;0;0;0;0;0;0;356;0;326;0;0;0;0;0;0;0;0;1767;106005;34224;32695;0;4601;4256;19762;0;0;0;0;80;574;240;0;0;2384;394;2010;0;0;0;3006;0;0;820;0;0;95;864;0;0;0;0
SN;14177;Freiberg;123494;103555;2467;101088;26521;39814;0;3923;3667;19113;0;0;0;0;0;7362;0;0;0;0;0;0;0;0;0;0;0;0;0;0;0;0;0;0;0;0;0;0;0;0;688;1863;101692;26538;34275;0;3833;4094;19128;0;0;0;0;121;3161;324;0;0;3230;289;2528;0;0;0;2244;0;0;1297;0;0;210;420;0;0;0;0
SN;14178;Vogtlandkreis;174139;140042;2736;137306;50076;49130;0;3820;4559;21336;0;0;0;0;0;0;0;0;0;0;4446;0;0;0;0;0;2285;0;0;0;1654;0;0;0;0;0;0;0;0;0;0;2391;137651;43734;44797;0;4820;6082;23622;0;0;0;0;74;321;313;0;0;2590;298;3879;0;0;0;3971;0;0;1507;0;0;120;1523;0;0;0;0
SN;14181;Mittlerer Erzgebirgskreis;76930;62938;1918;61020;18472;24459;0;2098;2033;9302;0;0;0;0;0;3788;0;0;0;0;749;0;0;0;0;0;0;0;0;0;19;0;12;0;0;0;0;0;0;0;88;1580;61358;16780;22297;0;1991;2331;10018;0;0;0;0;39;1575;141;0;0;1707;146;1713;0;0;0;1674;0;0;430;0;0;45;471;0;0;0;0
SN;14182;Mittweida;117150;95609;1959;93650;33472;33744;0;642;4200;15594;0;0;0;0;0;1554;0;0;0;0;4054;0;0;0;0;0;0;0;0;0;163;0;216;0;9;0;0;0;0;0;2;1757;93852;29086;30263;0;2936;3806;17170;0;0;0;0;80;697;212;0;0;2458;330;2717;0;0;0;2869;0;0;721;0;0;87;420;0;0;0;0
SN;14188;Stollberg;77128;64168;1292;62876;23518;22184;0;1690;1577;10833;0;0;0;0;0;859;0;0;0;0;1908;0;0;0;0;0;150;0;0;0;105;0;52;0;0;0;0;0;0;0;0;1019;63149;19440;21289;0;2005;2126;11619;0;0;0;0;56;362;146;0;0;1425;169;1248;0;0;0;1863;0;0;922;0;0;58;421;0;0;0;0
SN;14191;Aue-Schwarzenberg;117575;98210;2170;96040;30559;36214;0;2966;2535;17968;0;0;0;0;0;0;0;0;0;0;2728;0;0;0;0;0;1821;0;0;0;1249;0;0;0;0;0;0;0;0;0;0;1897;96313;27077;33067;0;2941;3156;18706;0;0;0;0;60;242;201;0;0;3303;248;1771;0;0;0;3325;0;0;970;0;0;98;1148;0;0;0;0
SN;14193;Zwickauer Land;116885;97062;1691;95371;31597;34963;0;3047;2604;18162;0;0;0;0;547;1388;0;0;0;0;29;0;0;0;0;0;2200;0;0;0;834;0;0;0;0;0;0;0;0;0;0;1515;95547;28525;31529;0;3194;3551;18709;0;0;0;0;207;567;198;0;0;3141;227;1286;0;0;0;2443;0;0;930;0;0;79;961;0;0;0;0
SN;14262;Dresden, Stadt;363976;299836;4402;295434;78228;111524;0;18366;8298;66331;0;0;0;0;2808;0;0;0;0;0;8685;0;0;0;0;0;0;0;0;0;0;0;0;0;35;0;0;0;0;0;1159;3572;296264;72818;98990;0;22925;10763;65445;0;0;0;0;851;1242;1273;0;0;6133;1907;4179;0;0;0;6507;0;0;2353;0;0;401;477;0;0;0;0
SN;14263;Görlitz, Stadt;49931;38382;719;37663;12995;14854;0;1262;1028;7145;0;0;0;0;0;0;0;0;0;0;0;0;0;0;0;0;0;0;0;0;0;0;0;0;0;0;0;0;0;0;379;521;37861;11245;13278;0;1597;944;7106;0;0;0;0;27;86;124;0;0;967;156;543;0;0;0;1220;0;0;454;0;0;43;71;0;0;0;0
SN;14264;Hoyerswerda, Stadt;44323;41595;766;40829;14867;11869;0;1034;1471;10990;0;0;0;0;0;0;0;0;0;598;0;0;0;0;0;0;0;0;0;0;0;0;0;0;0;0;0;0;0;0;0;561;41034;13464;10421;0;1134;1216;11454;0;0;0;0;30;65;110;0;0;952;216;590;0;0;0;1054;0;0;249;0;0;47;32;0;0;0;0
SN;14272;Bautzen;127253;105646;2447;103199;28249;45229;0;3322;4291;17616;0;0;0;0;0;3652;0;0;0;3;0;0;0;0;0;0;837;0;0;0;0;0;0;0;0;0;0;0;0;0;0;1845;103801;24155;41264;0;3530;3759;18618;0;0;0;0;82;766;366;0;0;4554;381;1502;0;0;0;3095;0;0;1299;0;0;124;306;0;0;0;0
SN;14280;Meißen;126199;102505;1828;100677;27608;42342;0;4485;3333;17483;0;0;0;0;0;0;0;0;0;0;2553;0;0;0;0;0;1564;0;0;0;0;0;0;0;1309;0;0;0;0;0;0;1562;100943;24831;38033;0;5269;4277;18176;0;0;0;0;134;405;360;0;0;2520;510;1947;0;0;0;2680;0;0;1501;0;0;114;186;0;0;0;0
SN;14284;Niederschles. Oberlausitzkreis;86587;66957;1799;65158;19552;26533;0;1848;2376;13866;0;0;0;0;0;7;0;0;0;592;0;0;0;0;0;0;0;0;0;0;0;0;0;0;0;0;0;0;0;0;384;1312;65645;16944;22752;0;1989;1943;13505;0;0;0;0;57;153;244;0;0;2577;309;1602;0;0;0;2131;0;0;1164;0;0;88;187;0;0;0;0
SN;14285;Riesa-Großenhain;99355;80758;1722;79036;22910;29484;0;2784;2116;17171;0;0;0;0;0;0;0;0;0;0;1754;0;0;0;0;0;1958;0;0;0;0;0;0;0;859;0;0;0;0;0;0;1540;79218;22131;26797;0;2831;2589;16530;0;0;0;0;86;248;282;0;0;2006;275;1493;0;0;0;2157;0;0;1580;0;0;94;119;0;0;0;0
SN;14286;Löbau-Zittau;127539;103979;2605;101374;29578;43966;0;3183;4322;16962;0;0;0;0;0;2627;0;0;0;0;0;0;0;0;0;0;0;0;0;0;0;0;0;0;0;0;0;0;0;0;736;1945;102034;23970;39380;0;3495;3492;17854;0;0;0;0;100;615;429;0;0;4059;585;1440;0;0;0;4016;0;0;2148;0;0;130;321;0;0;0;0
SN;14287;Sächsische Schweiz;129876;107644;2321;105323;23194;45911;0;3250;3919;24713;0;0;0;0;0;0;0;0;0;0;182;0;0;0;0;0;4078;0;0;0;0;0;0;0;76;0;0;0;0;0;0;1688;105956;24417;42326;0;4163;3624;19636;0;0;0;0;88;458;358;0;0;2861;410;1372;0;0;0;2878;0;0;3112;0;0;102;151;0;0;0;0
SN;14290;Weißeritzkreis;98725;82411;1689;80722;20552;37086;0;2784;2704;13257;0;0;0;0;0;0;0;0;0;0;3398;0;0;0;0;0;0;0;0;0;0;0;0;0;941;0;0;0;0;0;0;1423;80988;18666;32799;0;3066;2825;13887;0;0;0;0;85;430;296;0;0;3014;308;2343;0;0;0;2097;0;0;903;0;0;99;170;0;0;0;0
SN;14292;Kamenz;130317;104158;2210;101948;29508;41995;0;3383;3758;20434;0;0;0;0;0;0;0;0;0;944;990;0;0;0;0;0;383;0;0;0;0;0;0;0;553;0;0;0;0;0;0;1626;102532;28310;37302;0;3752;3845;18470;0;0;0;0;99;315;421;0;0;3283;550;2047;0;0;0;2578;0;0;1234;0;0;114;212;0;0;0;0
SN;14365;Leipzig, Stadt;344885;265334;3267;262067;98708;68895;0;15002;5009;64551;0;0;0;0;0;0;0;0;0;842;6047;0;0;0;174;0;0;0;1646;0;0;0;0;0;729;0;0;0;0;0;464;2944;262390;96502;62771;0;17193;8536;59078;0;0;0;0;117;564;862;0;0;4509;1133;2542;0;0;0;5713;0;0;2221;0;0;230;419;0;0;0;0
SN;14374;Delitzsch;77299;62724;1293;61431;21475;19834;0;1655;1621;13714;0;0;0;0;0;0;0;0;0;0;2197;0;0;0;0;0;0;0;0;0;0;0;0;0;448;0;0;0;0;0;487;1069;61655;20480;18236;0;1770;2167;13065;0;0;0;0;33;158;176;0;0;1538;210;1308;0;0;0;1577;0;0;822;0;0;49;66;0;0;0;0
SN;14375;Döbeln;64314;52092;1163;50929;15473;21500;0;1450;1598;9007;0;0;0;0;0;0;0;0;0;0;1901;0;0;0;0;0;0;0;0;0;0;0;0;0;0;0;0;0;0;0;0;1148;50944;14966;16884;0;1456;2161;9964;0;0;0;0;31;176;145;0;0;1519;139;1162;0;0;0;1668;0;0;556;0;0;44;73;0;0;0;0
SN;14379;Leipziger Land;200519;164235;2787;161448;60915;55594;0;5310;4300;29923;0;0;0;0;0;0;0;0;0;0;4412;0;0;0;0;0;0;0;0;0;0;0;0;0;994;0;0;0;0;0;0;2387;161848;55341;48082;0;6431;6129;32267;0;0;0;0;105;563;272;0;0;3743;559;2670;0;0;0;3998;0;0;1243;0;0;136;309;0;0;0;0
SN;14383;Muldentalkreis;101670;82176;1577;80599;27167;30901;0;2629;2230;14018;0;0;0;0;0;26;0;0;0;0;3069;0;0;0;0;0;0;0;0;0;0;0;0;0;435;0;0;0;0;0;124;1383;80793;26093;24664;0;2984;3206;15395;0;0;0;0;48;259;234;0;0;1429;260;1632;0;0;0;2297;0;0;1976;0;0;95;221;0;0;0;0
SN;14389;Torgau-Oschatz;81944;65964;1623;64341;21392;22891;0;1934;2356;12349;0;0;0;0;0;0;0;0;0;0;3046;0;0;0;0;0;0;0;0;0;0;0;0;0;232;0;0;0;0;0;141;1491;64473;20889;19424;0;2021;2295;12989;0;0;0;0;31;160;181;0;0;1317;134;2119;0;0;0;1877;0;0;899;0;0;66;71;0;0;0;0
ST;15101;Dessau, Stadt;71576;55799;791;55008;23146;15324;0;2285;1966;10613;0;0;0;0;0;0;0;0;0;539;1133;0;0;0;0;0;0;0;0;0;2;0;0;0;0;0;0;0;0;0;0;664;55135;20552;14284;0;2315;2151;12243;0;0;0;0;0;0;0;0;0;1636;337;370;0;0;0;1067;0;0;110;0;0;0;0;0;0;0;70
ST;15151;Anhalt-Zerbst;63774;48860;1096;47764;18827;15401;0;1268;1356;9491;0;0;0;0;0;0;0;0;0;255;1067;0;0;0;0;0;0;0;0;0;99;0;0;0;0;0;0;0;0;0;0;964;47896;17780;13352;0;1672;2006;9670;0;0;0;0;0;0;0;0;0;1802;203;381;0;0;0;875;0;0;107;0;0;0;0;0;0;0;48
ST;15153;Bernburg;58804;45124;946;44178;18586;13880;0;792;1314;8490;0;0;0;0;0;0;0;0;0;35;848;0;0;0;0;0;0;0;0;0;0;0;0;0;0;0;0;0;0;0;233;806;44318;16646;12458;0;1121;1935;8941;0;0;0;0;0;0;0;0;0;1657;132;349;0;0;0;906;0;0;98;0;0;0;0;0;0;0;75
ST;15154;Bitterfeld;91434;71528;1273;70255;28433;23066;0;1705;1985;12617;0;0;0;0;0;0;0;0;0;586;1859;0;0;0;0;0;0;0;0;0;4;0;0;0;0;0;0;0;0;0;0;1048;70480;25323;21253;0;1966;2690;13669;0;0;0;0;0;0;0;0;0;2946;328;551;0;0;0;1478;0;0;184;0;0;0;0;0;0;0;92
ST;15159;Köthen;57081;43664;1097;42567;18433;13165;0;1167;1359;8443;0;0;0;0;0;0;0;0;0;0;0;0;0;0;0;0;0;0;0;0;0;0;0;0;0;0;0;0;0;0;0;858;42806;16712;11804;0;1281;1694;8319;0;0;0;0;0;0;0;0;0;1505;134;257;0;0;0;907;0;0;126;0;0;0;0;0;0;0;67
ST;15171;Wittenberg;108796;85707;1595;84112;30678;29561;0;1965;2545;16663;0;0;0;0;0;0;0;0;0;636;1866;0;0;0;0;0;0;0;0;0;198;0;0;0;0;0;0;0;0;0;0;1409;84298;31027;24833;0;2590;3648;16265;0;0;0;0;0;0;0;0;0;2988;381;649;0;0;0;1553;0;0;226;0;0;0;0;0;0;0;138
ST;15202;Halle (Saale), Stadt;209813;160634;2774;157860;63978;40248;0;5694;7154;38145;0;0;0;0;0;0;0;0;0;2641;0;0;0;0;0;0;0;0;0;0;0;0;0;0;0;0;0;0;0;0;0;1773;158861;57980;36850;0;8408;8142;37872;0;0;0;0;0;0;0;0;0;4359;1285;605;0;0;0;2675;0;0;389;0;0;0;0;0;0;0;296
ST;15256;Burgenlandkreis;118676;92272;2112;90160;34882;30132;0;2514;3221;18109;0;0;0;0;0;0;0;0;0;0;0;0;0;0;0;0;0;0;0;379;280;0;0;0;0;0;0;0;0;0;643;1622;90650;32463;26810;0;2931;4051;17838;0;0;0;0;0;0;0;0;0;3047;309;776;0;0;0;1765;0;0;506;0;0;0;0;0;0;0;154
ST;15260;Mansfelder Land;91170;70032;1674;68358;28524;21798;0;1442;2054;14373;0;0;0;0;0;0;0;0;0;0;0;0;0;0;0;0;0;0;0;0;0;0;0;0;0;0;0;0;0;0;167;1276;68756;25683;20318;0;1490;2582;14116;0;0;0;0;0;0;0;0;0;2401;195;321;0;0;0;1364;0;0;189;0;0;0;0;0;0;0;97
ST;15261;Merseburg-Querfurt;110901;84660;1872;82788;34882;26168;0;1979;2820;16158;0;0;0;0;0;0;0;0;0;0;0;0;0;0;0;0;0;0;0;0;0;0;0;0;0;0;0;0;0;0;781;1228;83432;31155;23471;0;2372;3956;17019;0;0;0;0;0;0;0;0;0;2690;294;352;0;0;0;1641;0;0;322;0;0;0;0;0;0;0;160
ST;15265;Saalkreis;61961;48967;1214;47753;18380;16301;0;1303;2624;9145;0;0;0;0;0;0;0;0;0;0;0;0;0;0;0;0;0;0;0;0;0;0;0;0;0;0;0;0;0;0;0;904;48063;16919;14248;0;1440;3003;9236;0;0;0;0;0;0;0;0;0;1722;166;283;0;0;0;844;0;0;127;0;0;0;0;0;0;0;75
ST;15266;Sangerhausen;56860;44538;1003;43535;17712;12692;0;1315;2510;8983;0;0;0;0;0;0;0;0;0;0;0;0;0;0;0;0;0;0;0;0;0;0;0;0;0;0;0;0;0;0;323;722;43816;16407;12828;0;1084;2057;8764;0;0;0;0;0;0;0;0;0;1431;123;191;0;0;0;712;0;0;148;0;0;0;0;0;0;0;71
ST;15268;Weißenfels;65318;50247;1214;49033;19229;17111;0;1062;1518;9762;0;0;0;0;0;0;0;0;0;0;0;0;0;0;0;0;0;0;0;31;9;0;0;0;0;0;0;0;0;0;311;909;49338;17286;15166;0;1157;1943;10308;0;0;0;0;0;0;0;0;0;1683;135;372;0;0;0;985;0;0;205;0;0;0;0;0;0;0;98
ST;15303;Magdeburg, Landeshauptstadt;194923;149252;2189;147063;67011;35652;0;4361;2626;32699;0;0;0;0;0;0;0;0;0;1991;1790;0;0;0;0;933;0;0;0;0;0;0;0;0;0;0;0;0;0;0;0;1839;147413;59082;32603;0;6585;4547;35365;0;0;0;0;0;0;0;0;0;3749;1254;697;0;0;0;2964;0;0;396;0;0;0;0;0;0;0;171
ST;15352;Aschersleben-Staßfurt;86197;65119;1407;63712;27936;18639;0;1094;2357;12538;0;0;0;0;0;0;0;0;0;434;547;0;0;0;0;0;0;0;0;0;0;0;0;0;0;0;0;0;0;0;167;1236;63883;25248;17047;0;1709;2577;13403;0;0;0;0;0;0;0;0;0;2061;245;302;0;0;0;1036;0;0;156;0;0;0;0;0;0;0;99
ST;15355;Bördekreis;65218;50081;1196;48885;22202;15123;0;1145;1246;8742;0;0;0;0;0;0;0;0;0;371;0;0;0;0;0;0;0;0;0;0;56;0;0;0;0;0;0;0;0;0;0;946;49135;20045;13610;0;1268;1850;9248;0;0;0;0;0;0;0;0;0;1518;215;203;0;0;0;944;0;0;178;0;0;0;0;0;0;0;56
ST;15357;Halberstadt;65331;49684;973;48711;20737;15953;0;1351;1176;9273;0;0;0;0;0;0;0;0;0;0;0;0;0;0;0;0;0;0;0;0;221;0;0;0;0;0;0;0;0;0;0;712;48972;19100;14579;0;1620;1528;9182;0;0;0;0;0;0;0;0;0;1541;166;209;0;0;0;859;0;0;113;0;0;0;0;0;0;0;75
ST;15358;Jerichower Land;80707;61957;1165;60792;25717;18846;0;1148;1744;11723;0;0;0;0;0;0;0;0;0;395;1219;0;0;0;0;0;0;0;0;0;0;0;0;0;0;0;0;0;0;0;0;1212;60745;23490;16452;0;1828;2552;12280;0;0;0;0;0;0;0;0;0;1979;300;437;0;0;0;1194;0;0;159;0;0;0;0;0;0;0;74
ST;15362;Ohrekreis;92277;70835;1214;69621;30934;22190;0;1408;1601;11766;0;0;0;0;0;0;0;0;0;427;1277;0;0;0;0;0;0;0;0;0;0;0;0;0;0;3;0;0;0;0;15;1304;69531;27025;19870;0;2043;2673;13479;0;0;0;0;0;0;0;0;0;1962;338;480;0;0;0;1382;0;0;211;0;0;0;0;0;0;0;68
ST;15363;Stendal;111771;85645;1808;83837;37736;24042;0;1973;1740;17146;0;0;0;0;0;0;0;0;0;118;209;0;0;0;0;0;0;0;0;0;0;0;0;0;0;358;0;0;0;0;515;1582;84063;33574;21957;0;2672;2748;17310;0;0;0;0;0;0;0;0;0;2827;334;341;0;0;0;1863;0;0;329;0;0;0;0;0;0;0;108
ST;15364;Quedlinburg;65233;50092;860;49232;23852;13871;0;1194;1275;7649;0;0;0;0;0;0;0;0;0;0;917;0;0;0;0;0;0;0;0;0;0;0;0;0;0;0;0;0;0;0;474;787;49305;19653;13580;0;1781;2069;9276;0;0;0;0;0;0;0;0;0;1401;121;269;0;0;0;840;0;0;255;0;0;0;0;0;0;0;60
ST;15367;Schönebeck;63488;47785;892;46893;20191;15768;0;900;893;8401;0;0;0;0;0;0;0;0;0;740;0;0;0;0;0;0;0;0;0;0;0;0;0;0;0;0;0;0;0;0;0;689;47096;18242;13794;0;1341;1501;9089;0;0;0;0;0;0;0;0;0;1589;257;184;0;0;0;905;0;0;134;0;0;0;0;0;0;0;60
ST;15369;Wernigerode;78642;62751;1266;61485;27227;18410;0;1538;1760;12215;0;0;0;0;0;0;0;0;0;0;27;0;0;0;0;0;0;0;0;0;291;0;0;0;0;0;0;0;0;0;17;900;61851;24780;17431;0;1929;2179;11681;0;0;0;0;0;0;0;0;0;1890;206;267;0;0;0;1124;0;0;272;0;0;0;0;0;0;0;92
ST;15370;Altmarkkreis Salzwedel;79834;62388;1270;61118;27195;16933;0;1571;2185;12864;0;0;0;0;0;0;0;0;0;0;0;0;0;0;0;0;0;0;0;0;0;0;0;0;0;114;0;0;0;0;256;1054;61334;24599;15713;0;1935;2346;12820;0;0;0;0;0;0;0;0;0;1795;159;209;0;0;0;1284;0;0;394;0;0;0;0;0;0;0;80
TH;16051;Erfurt, Stadt;163353;131236;1844;129392;46875;35416;0;5936;2437;32020;0;0;0;0;0;193;0;0;0;1229;2936;0;0;0;0;0;0;0;1306;299;0;0;0;0;596;0;0;0;0;0;149;1642;129594;44238;31530;0;7342;3827;33369;0;0;0;0;0;688;0;0;0;2591;830;1845;0;358;0;1990;0;0;0;0;763;223;0;0;0;0;0
TH;16052;Gera, Stadt;93928;74895;1067;73828;24122;19570;0;2416;1620;22550;0;0;0;0;0;0;0;0;0;697;2154;0;0;0;0;0;0;0;699;0;0;0;0;0;0;0;0;0;0;0;0;1048;73847;23571;17847;0;2865;2139;21310;0;0;0;0;0;258;0;0;0;1948;454;1136;0;181;0;1737;0;0;0;0;325;76;0;0;0;0;0
TH;16053;Jena, Stadt;77048;63782;734;63048;24987;13364;0;3652;5320;12824;0;0;0;0;0;763;0;0;0;0;1689;0;0;0;0;0;0;0;297;0;152;0;0;0;0;0;0;0;0;0;0;696;63086;21210;13771;0;4908;3758;15239;0;0;0;0;0;400;0;0;0;1320;168;1014;0;151;0;862;0;0;0;0;214;71;0;0;0;0;0
TH;16054;Suhl, Stadt;40041;32496;548;31948;9971;7676;0;1077;691;11505;0;0;0;0;0;862;0;0;0;0;0;0;0;0;0;0;0;0;0;0;0;0;0;0;166;0;0;0;0;0;0;415;32081;10427;7401;0;1195;804;10077;0;0;0;0;0;203;0;0;0;957;72;198;0;61;0;516;0;0;0;0;132;38;0;0;0;0;0
TH;16055;Weimar, Stadt;48762;39892;750;39142;14471;10339;0;3179;1012;6974;0;0;0;0;0;383;0;0;0;279;1126;0;0;0;0;0;0;0;458;0;0;0;0;0;0;0;0;0;0;0;921;602;39290;12504;10909;0;3202;1419;8232;0;0;0;0;0;175;0;0;0;919;219;700;0;70;0;730;0;0;0;0;171;40;0;0;0;0;0
TH;16056;Eisenach, Stadt;35967;29017;577;28440;11135;8604;0;1414;641;6168;0;0;0;0;0;0;0;0;0;0;0;0;0;0;71;0;0;0;0;248;0;0;0;0;0;0;0;0;0;0;159;430;28587;10592;7784;0;1464;798;6141;0;0;0;0;0;82;0;0;0;608;145;311;0;72;0;447;0;0;0;0;42;101;0;0;0;0;0
TH;16061;Eichsfeld;87165;74066;1228;72838;19655;36645;0;1716;2494;10008;0;0;0;0;0;1370;0;0;0;0;0;0;0;0;0;0;0;0;0;950;0;0;0;0;0;0;0;0;0;0;0;1021;73045;21147;33490;0;2094;2585;8309;0;0;0;0;0;429;0;0;0;2043;131;730;0;147;0;1228;0;0;0;0;111;601;0;0;0;0;0
TH;16062;Nordhausen;79865;65473;1228;64245;26370;18380;0;2160;1225;14014;0;0;0;0;0;1986;0;0;0;0;0;0;0;0;0;0;0;0;0;110;0;0;0;0;0;0;0;0;0;0;0;1025;64448;24700;16707;0;1972;1851;14017;0;0;0;0;0;622;0;0;0;2214;158;668;0;111;0;1206;0;0;0;0;138;84;0;0;0;0;0
TH;16063;Wartburgkreis;116823;96867;1968;94899;37525;31277;0;2743;3060;17789;0;0;0;0;0;0;0;0;0;0;1683;0;0;0;98;0;0;0;0;422;0;0;0;0;0;0;0;0;0;0;302;1641;95226;35287;29018;0;3220;3149;17471;0;0;0;0;0;350;0;0;0;2862;210;1463;0;165;0;1739;0;0;0;0;141;151;0;0;0;0;0
TH;16064;Unstrut-Hainich-Kreis;95427;78952;1701;77251;33676;26219;0;2022;1877;12422;0;0;0;0;0;0;0;0;0;0;658;0;0;0;61;0;0;0;0;168;0;0;0;0;0;0;0;0;0;0;148;1493;77459;27257;24686;0;2408;2769;14439;0;0;0;0;0;266;0;0;0;2413;199;957;0;132;0;1699;0;0;0;0;126;108;0;0;0;0;0
TH;16065;Kyffhäuserkreis;77385;63227;1408;61819;25044;19107;0;1486;1444;12900;0;0;0;0;0;0;0;0;0;0;1838;0;0;0;0;0;0;0;0;0;0;0;0;0;0;0;0;0;0;0;0;1214;62013;23045;17551;0;1788;1785;13235;0;0;0;0;0;157;0;0;0;1529;131;1221;0;106;0;1322;0;0;0;0;82;61;0;0;0;0;0
TH;16066;Schmalkalden-Meiningen;117205;96652;2069;94583;35965;30151;0;3135;2341;19984;0;0;0;0;0;1578;0;0;0;0;970;0;0;0;42;0;0;0;0;148;0;0;0;0;269;0;0;0;0;0;0;1618;95034;33087;29203;0;3453;3008;19582;0;0;0;0;0;522;0;0;0;2811;206;1004;0;180;0;1606;0;0;0;0;231;141;0;0;0;0;0
TH;16067;Gotha;120363;99822;1896;97926;38507;30416;0;2922;2203;20175;0;0;0;0;0;2284;0;0;0;880;224;0;0;0;0;0;0;0;131;0;0;0;0;0;0;0;0;0;0;0;184;1675;98147;33568;27743;0;3612;3313;21405;0;0;0;0;0;826;0;0;0;3305;472;1033;0;276;0;2255;0;0;0;0;240;99;0;0;0;0;0
TH;16068;Sömmerda;65313;53708;1217;52491;19586;17314;0;1982;1555;10107;0;0;0;0;0;154;0;0;0;68;1487;0;0;0;0;0;0;0;139;0;0;0;0;0;0;0;0;0;0;0;99;1167;52541;17538;16082;0;1821;1932;11007;0;0;0;0;0;325;0;0;0;1460;181;858;0;115;0;1047;0;0;0;0;135;40;0;0;0;0;0
TH;16069;Hildburghausen;59333;48871;936;47935;18034;14630;0;1337;1252;10918;0;0;0;0;0;246;0;0;0;0;1284;0;0;0;48;0;0;0;0;151;0;0;0;0;35;0;0;0;0;0;0;750;48121;17230;14016;0;1405;1680;10153;0;0;0;0;0;174;0;0;0;1504;76;863;0;99;0;756;0;0;0;0;84;81;0;0;0;0;0
TH;16070;Ilm-Kreis;98625;82546;1549;80997;29347;27194;0;2236;1753;16649;0;0;0;0;0;2924;0;0;0;435;13;0;0;0;0;0;0;0;11;0;0;0;0;0;326;0;0;0;0;0;109;1326;81220;26972;25051;0;3015;2398;16864;0;0;0;0;0;912;0;0;0;2613;300;882;0;144;0;1699;0;0;0;0;276;94;0;0;0;0;0
TH;16071;Weimarer Land;71950;59978;1397;58581;21329;17868;0;1956;2273;10243;0;0;0;0;0;1100;0;0;0;523;1834;0;0;0;0;0;0;0;611;0;0;0;0;0;0;0;0;0;0;0;844;1224;58754;19512;17845;0;2226;2468;11196;0;0;0;0;0;640;0;0;0;1670;370;1160;0;132;0;1232;0;0;0;0;229;74;0;0;0;0;0
TH;16072;Sonneberg;56691;46304;741;45563;17175;13299;0;1063;1020;11265;0;0;0;0;0;295;0;0;0;0;1137;0;0;0;109;0;0;0;0;112;0;0;0;0;88;0;0;0;0;0;0;562;45742;17017;12862;0;1115;1228;10179;0;0;0;0;0;186;0;0;0;1373;110;654;0;54;0;817;0;0;0;0;88;59;0;0;0;0;0
TH;16073;Saalfeld-Rudolstadt;109626;90371;1680;88691;34838;27016;0;2617;2688;18113;0;0;0;0;0;1207;0;0;0;0;1562;0;0;0;0;0;0;0;489;0;81;0;0;0;80;0;0;0;0;0;0;1337;89034;31483;24453;0;2999;2975;18399;0;0;0;0;0;878;0;0;0;2838;291;2037;0;254;0;1958;0;0;0;0;342;127;0;0;0;0;0
TH;16074;Saale-Holzland-Kreis;74790;61943;1016;60927;22724;17999;0;2132;2822;11894;0;0;0;0;0;723;0;0;0;143;2012;0;0;0;0;0;0;0;349;0;129;0;0;0;0;0;0;0;0;0;0;991;60952;20794;16652;0;2588;2925;12624;0;0;0;0;0;479;0;0;0;1698;226;1292;0;129;0;1283;0;0;0;0;183;79;0;0;0;0;0
TH;16075;Saale-Orla-Kreis;80237;66119;1443;64676;26206;21113;0;1922;2084;13351;0;0;0;0;0;0;0;0;0;0;0;0;0;0;0;0;0;0;0;0;0;0;0;0;0;0;0;0;0;0;0;996;65123;23560;18751;0;2008;2030;12980;0;0;0;0;0;241;0;0;0;1945;187;1563;0;213;0;1408;0;0;0;0;133;104;0;0;0;0;0
TH;16076;Greiz;101920;84152;1513;82639;30518;28168;0;2791;2327;16213;0;0;0;0;0;0;0;0;0;414;2048;0;0;0;0;0;0;0;160;0;0;0;0;0;0;0;0;0;0;0;0;1306;82846;28262;25078;0;3052;3127;15963;0;0;0;0;0;248;0;0;0;2481;315;1646;0;186;0;2159;0;0;0;0;228;101;0;0;0;0;0
TH;16077;Altenburger Land;96206;78410;1350;77060;30898;23208;0;1713;2188;14856;0;0;0;0;0;0;0;0;0;744;3453;0;0;0;0;0;0;0;0;0;0;0;0;0;0;0;0;0;0;0;0;1372;77038;26941;22011;0;2316;2265;16009;0;0;0;0;0;248;0;0;0;2642;428;2023;0;83;0;1887;0;0;0;0;129;56;0;0;0;0;0
;;;;;;;;;;;;;;;;;;;;;;;;;;;;;;;;;;;;;;;;;;;;;;;;;;;;;;;;;;;;;;;;;;;;;;;;;;;;;;
;;;;;;;;;;;;;;;;;;;;;;;;;;;;;;;;;;;;;;;;;;;;;;;;;;;;;;;;;;;;;;;;;;;;;;;;;;;;;;
;;;;;;;;;;;;;;;;;;;;;;;;;;;;;;;;;;;;;;;;;;;;;;;;;;;;;;;;;;;;;;;;;;;;;;;;;;;;;;
;;;;;;;;;;;;;;;;;;;;;;;;;;;;;;;;;;;;;;;;;;;;;;;;;;;;;;;;;;;;;;;;;;;;;;;;;;;;;;
;;;;;;;;;;;;;;;;;;;;;;;;;;;;;;;;;;;;;;;;;;;;;;;;;;;;;;;;;;;;;;;;;;;;;;;;;;;;;;
;;;;;;;;;;;;;;;;;;;;;;;;;;;;;;;;;;;;;;;;;;;;;;;;;;;;;;;;;;;;;;;;;;;;;;;;;;;;;;
;;;;;;;;;;;;;;;;;;;;;;;;;;;;;;;;;;;;;;;;;;;;;;;;;;;;;;;;;;;;;;;;;;;;;;;;;;;;;;
;;;;;;;;;;;;;;;;;;;;;;;;;;;;;;;;;;;;;;;;;;;;;;;;;;;;;;;;;;;;;;;;;;;;;;;;;;;;;;
;;;;;;;;;;;;;;;;;;;;;;;;;;;;;;;;;;;;;;;;;;;;;;;;;;;;;;;;;;;;;;;;;;;;;;;;;;;;;;
;;;;;;;;;;;;;;;;;;;;;;;;;;;;;;;;;;;;;;;;;;;;;;;;;;;;;;;;;;;;;;;;;;;;;;;;;;;;;;
;;;;;;;;;;;;;;;;;;;;;;;;;;;;;;;;;;;;;;;;;;;;;;;;;;;;;;;;;;;;;;;;;;;;;;;;;;;;;;
;;;;;;;;;;;;;;;;;;;;;;;;;;;;;;;;;;;;;;;;;;;;;;;;;;;;;;;;;;;;;;;;;;;;;;;;;;;;;;
;;;;;;;;;;;;;;;;;;;;;;;;;;;;;;;;;;;;;;;;;;;;;;;;;;;;;;;;;;;;;;;;;;;;;;;;;;;;;;
;;;;;;;;;;;;;;;;;;;;;;;;;;;;;;;;;;;;;;;;;;;;;;;;;;;;;;;;;;;;;;;;;;;;;;;;;;;;;;
;;;;;;;;;;;;;;;;;;;;;;;;;;;;;;;;;;;;;;;;;;;;;;;;;;;;;;;;;;;;;;;;;;;;;;;;;;;;;;
;;;;;;;;;;;;;;;;;;;;;;;;;;;;;;;;;;;;;;;;;;;;;;;;;;;;;;;;;;;;;;;;;;;;;;;;;;;;;;
;;;;;;;;;;;;;;;;;;;;;;;;;;;;;;;;;;;;;;;;;;;;;;;;;;;;;;;;;;;;;;;;;;;;;;;;;;;;;;
;;;;;;;;;;;;;;;;;;;;;;;;;;;;;;;;;;;;;;;;;;;;;;;;;;;;;;;;;;;;;;;;;;;;;;;;;;;;;;
;;;;;;;;;;;;;;;;;;;;;;;;;;;;;;;;;;;;;;;;;;;;;;;;;;;;;;;;;;;;;;;;;;;;;;;;;;;;;;
;;;;;;;;;;;;;;;;;;;;;;;;;;;;;;;;;;;;;;;;;;;;;;;;;;;;;;;;;;;;;;;;;;;;;;;;;;;;;;
;;;;;;;;;;;;;;;;;;;;;;;;;;;;;;;;;;;;;;;;;;;;;;;;;;;;;;;;;;;;;;;;;;;;;;;;;;;;;;
;;;;;;;;;;;;;;;;;;;;;;;;;;;;;;;;;;;;;;;;;;;;;;;;;;;;;;;;;;;;;;;;;;;;;;;;;;;;;;
;;;;;;;;;;;;;;;;;;;;;;;;;;;;;;;;;;;;;;;;;;;;;;;;;;;;;;;;;;;;;;;;;;;;;;;;;;;;;;
;;;;;;;;;;;;;;;;;;;;;;;;;;;;;;;;;;;;;;;;;;;;;;;;;;;;;;;;;;;;;;;;;;;;;;;;;;;;;;
;;;;;;;;;;;;;;;;;;;;;;;;;;;;;;;;;;;;;;;;;;;;;;;;;;;;;;;;;;;;;;;;;;;;;;;;;;;;;;
;;;;;;;;;;;;;;;;;;;;;;;;;;;;;;;;;;;;;;;;;;;;;;;;;;;;;;;;;;;;;;;;;;;;;;;;;;;;;;
;;;;;;;;;;;;;;;;;;;;;;;;;;;;;;;;;;;;;;;;;;;;;;;;;;;;;;;;;;;;;;;;;;;;;;;;;;;;;;
;;;;;;;;;;;;;;;;;;;;;;;;;;;;;;;;;;;;;;;;;;;;;;;;;;;;;;;;;;;;;;;;;;;;;;;;;;;;;;
;;;;;;;;;;;;;;;;;;;;;;;;;;;;;;;;;;;;;;;;;;;;;;;;;;;;;;;;;;;;;;;;;;;;;;;;;;;;;;
;;;;;;;;;;;;;;;;;;;;;;;;;;;;;;;;;;;;;;;;;;;;;;;;;;;;;;;;;;;;;;;;;;;;;;;;;;;;;;
;;;;;;;;;;;;;;;;;;;;;;;;;;;;;;;;;;;;;;;;;;;;;;;;;;;;;;;;;;;;;;;;;;;;;;;;;;;;;;
;;;;;;;;;;;;;;;;;;;;;;;;;;;;;;;;;;;;;;;;;;;;;;;;;;;;;;;;;;;;;;;;;;;;;;;;;;;;;;
;;;;;;;;;;;;;;;;;;;;;;;;;;;;;;;;;;;;;;;;;;;;;;;;;;;;;;;;;;;;;;;;;;;;;;;;;;;;;;
;;;;;;;;;;;;;;;;;;;;;;;;;;;;;;;;;;;;;;;;;;;;;;;;;;;;;;;;;;;;;;;;;;;;;;;;;;;;;;
;;;;;;;;;;;;;;;;;;;;;;;;;;;;;;;;;;;;;;;;;;;;;;;;;;;;;;;;;;;;;;;;;;;;;;;;;;;;;;
;;;;;;;;;;;;;;;;;;;;;;;;;;;;;;;;;;;;;;;;;;;;;;;;;;;;;;;;;;;;;;;;;;;;;;;;;;;;;;
;;;;;;;;;;;;;;;;;;;;;;;;;;;;;;;;;;;;;;;;;;;;;;;;;;;;;;;;;;;;;;;;;;;;;;;;;;;;;;
;;;;;;;;;;;;;;;;;;;;;;;;;;;;;;;;;;;;;;;;;;;;;;;;;;;;;;;;;;;;;;;;;;;;;;;;;;;;;;
;;;;;;;;;;;;;;;;;;;;;;;;;;;;;;;;;;;;;;;;;;;;;;;;;;;;;;;;;;;;;;;;;;;;;;;;;;;;;;
;;;;;;;;;;;;;;;;;;;;;;;;;;;;;;;;;;;;;;;;;;;;;;;;;;;;;;;;;;;;;;;;;;;;;;;;;;;;;;
;;;;;;;;;;;;;;;;;;;;;;;;;;;;;;;;;;;;;;;;;;;;;;;;;;;;;;;;;;;;;;;;;;;;;;;;;;;;;;
;;;;;;;;;;;;;;;;;;;;;;;;;;;;;;;;;;;;;;;;;;;;;;;;;;;;;;;;;;;;;;;;;;;;;;;;;;;;;;
;;;;;;;;;;;;;;;;;;;;;;;;;;;;;;;;;;;;;;;;;;;;;;;;;;;;;;;;;;;;;;;;;;;;;;;;;;;;;;
;;;;;;;;;;;;;;;;;;;;;;;;;;;;;;;;;;;;;;;;;;;;;;;;;;;;;;;;;;;;;;;;;;;;;;;;;;;;;;
;;;;;;;;;;;;;;;;;;;;;;;;;;;;;;;;;;;;;;;;;;;;;;;;;;;;;;;;;;;;;;;;;;;;;;;;;;;;;;
;;;;;;;;;;;;;;;;;;;;;;;;;;;;;;;;;;;;;;;;;;;;;;;;;;;;;;;;;;;;;;;;;;;;;;;;;;;;;;
;;;;;;;;;;;;;;;;;;;;;;;;;;;;;;;;;;;;;;;;;;;;;;;;;;;;;;;;;;;;;;;;;;;;;;;;;;;;;;
;;;;;;;;;;;;;;;;;;;;;;;;;;;;;;;;;;;;;;;;;;;;;;;;;;;;;;;;;;;;;;;;;;;;;;;;;;;;;;
;;;;;;;;;;;;;;;;;;;;;;;;;;;;;;;;;;;;;;;;;;;;;;;;;;;;;;;;;;;;;;;;;;;;;;;;;;;;;;
;;;;;;;;;;;;;;;;;;;;;;;;;;;;;;;;;;;;;;;;;;;;;;;;;;;;;;;;;;;;;;;;;;;;;;;;;;;;;;
;;;;;;;;;;;;;;;;;;;;;;;;;;;;;;;;;;;;;;;;;;;;;;;;;;;;;;;;;;;;;;;;;;;;;;;;;;;;;;
;;;;;;;;;;;;;;;;;;;;;;;;;;;;;;;;;;;;;;;;;;;;;;;;;;;;;;;;;;;;;;;;;;;;;;;;;;;;;;
;;;;;;;;;;;;;;;;;;;;;;;;;;;;;;;;;;;;;;;;;;;;;;;;;;;;;;;;;;;;;;;;;;;;;;;;;;;;;;
;;;;;;;;;;;;;;;;;;;;;;;;;;;;;;;;;;;;;;;;;;;;;;;;;;;;;;;;;;;;;;;;;;;;;;;;;;;;;;
;;;;;;;;;;;;;;;;;;;;;;;;;;;;;;;;;;;;;;;;;;;;;;;;;;;;;;;;;;;;;;;;;;;;;;;;;;;;;;
;;;;;;;;;;;;;;;;;;;;;;;;;;;;;;;;;;;;;;;;;;;;;;;;;;;;;;;;;;;;;;;;;;;;;;;;;;;;;;
;;;;;;;;;;;;;;;;;;;;;;;;;;;;;;;;;;;;;;;;;;;;;;;;;;;;;;;;;;;;;;;;;;;;;;;;;;;;;;
;;;;;;;;;;;;;;;;;;;;;;;;;;;;;;;;;;;;;;;;;;;;;;;;;;;;;;;;;;;;;;;;;;;;;;;;;;;;;;
;;;;;;;;;;;;;;;;;;;;;;;;;;;;;;;;;;;;;;;;;;;;;;;;;;;;;;;;;;;;;;;;;;;;;;;;;;;;;;
;;;;;;;;;;;;;;;;;;;;;;;;;;;;;;;;;;;;;;;;;;;;;;;;;;;;;;;;;;;;;;;;;;;;;;;;;;;;;;
;;;;;;;;;;;;;;;;;;;;;;;;;;;;;;;;;;;;;;;;;;;;;;;;;;;;;;;;;;;;;;;;;;;;;;;;;;;;;;
;;;;;;;;;;;;;;;;;;;;;;;;;;;;;;;;;;;;;;;;;;;;;;;;;;;;;;;;;;;;;;;;;;;;;;;;;;;;;;
;;;;;;;;;;;;;;;;;;;;;;;;;;;;;;;;;;;;;;;;;;;;;;;;;;;;;;;;;;;;;;;;;;;;;;;;;;;;;;
;;;;;;;;;;;;;;;;;;;;;;;;;;;;;;;;;;;;;;;;;;;;;;;;;;;;;;;;;;;;;;;;;;;;;;;;;;;;;;
;;;;;;;;;;;;;;;;;;;;;;;;;;;;;;;;;;;;;;;;;;;;;;;;;;;;;;;;;;;;;;;;;;;;;;;;;;;;;;
;;;;;;;;;;;;;;;;;;;;;;;;;;;;;;;;;;;;;;;;;;;;;;;;;;;;;;;;;;;;;;;;;;;;;;;;;;;;;;
;;;;;;;;;;;;;;;;;;;;;;;;;;;;;;;;;;;;;;;;;;;;;;;;;;;;;;;;;;;;;;;;;;;;;;;;;;;;;;
;;;;;;;;;;;;;;;;;;;;;;;;;;;;;;;;;;;;;;;;;;;;;;;;;;;;;;;;;;;;;;;;;;;;;;;;;;;;;;
;;;;;;;;;;;;;;;;;;;;;;;;;;;;;;;;;;;;;;;;;;;;;;;;;;;;;;;;;;;;;;;;;;;;;;;;;;;;;;
;;;;;;;;;;;;;;;;;;;;;;;;;;;;;;;;;;;;;;;;;;;;;;;;;;;;;;;;;;;;;;;;;;;;;;;;;;;;;;
;;;;;;;;;;;;;;;;;;;;;;;;;;;;;;;;;;;;;;;;;;;;;;;;;;;;;;;;;;;;;;;;;;;;;;;;;;;;;;
;;;;;;;;;;;;;;;;;;;;;;;;;;;;;;;;;;;;;;;;;;;;;;;;;;;;;;;;;;;;;;;;;;;;;;;;;;;;;;
;;;;;;;;;;;;;;;;;;;;;;;;;;;;;;;;;;;;;;;;;;;;;;;;;;;;;;;;;;;;;;;;;;;;;;;;;;;;;;
;;;;;;;;;;;;;;;;;;;;;;;;;;;;;;;;;;;;;;;;;;;;;;;;;;;;;;;;;;;;;;;;;;;;;;;;;;;;;;
;;;;;;;;;;;;;;;;;;;;;;;;;;;;;;;;;;;;;;;;;;;;;;;;;;;;;;;;;;;;;;;;;;;;;;;;;;;;;;
;;;;;;;;;;;;;;;;;;;;;;;;;;;;;;;;;;;;;;;;;;;;;;;;;;;;;;;;;;;;;;;;;;;;;;;;;;;;;;
;;;;;;;;;;;;;;;;;;;;;;;;;;;;;;;;;;;;;;;;;;;;;;;;;;;;;;;;;;;;;;;;;;;;;;;;;;;;;;
;;;;;;;;;;;;;;;;;;;;;;;;;;;;;;;;;;;;;;;;;;;;;;;;;;;;;;;;;;;;;;;;;;;;;;;;;;;;;;
;;;;;;;;;;;;;;;;;;;;;;;;;;;;;;;;;;;;;;;;;;;;;;;;;;;;;;;;;;;;;;;;;;;;;;;;;;;;;;
;;;;;;;;;;;;;;;;;;;;;;;;;;;;;;;;;;;;;;;;;;;;;;;;;;;;;;;;;;;;;;;;;;;;;;;;;;;;;;
;;;;;;;;;;;;;;;;;;;;;;;;;;;;;;;;;;;;;;;;;;;;;;;;;;;;;;;;;;;;;;;;;;;;;;;;;;;;;;
;;;;;;;;;;;;;;;;;;;;;;;;;;;;;;;;;;;;;;;;;;;;;;;;;;;;;;;;;;;;;;;;;;;;;;;;;;;;;;
;;;;;;;;;;;;;;;;;;;;;;;;;;;;;;;;;;;;;;;;;;;;;;;;;;;;;;;;;;;;;;;;;;;;;;;;;;;;;;
;;;;;;;;;;;;;;;;;;;;;;;;;;;;;;;;;;;;;;;;;;;;;;;;;;;;;;;;;;;;;;;;;;;;;;;;;;;;;;
;;;;;;;;;;;;;;;;;;;;;;;;;;;;;;;;;;;;;;;;;;;;;;;;;;;;;;;;;;;;;;;;;;;;;;;;;;;;;;
;;;;;;;;;;;;;;;;;;;;;;;;;;;;;;;;;;;;;;;;;;;;;;;;;;;;;;;;;;;;;;;;;;;;;;;;;;;;;;
;;;;;;;;;;;;;;;;;;;;;;;;;;;;;;;;;;;;;;;;;;;;;;;;;;;;;;;;;;;;;;;;;;;;;;;;;;;;;;
;;;;;;;;;;;;;;;;;;;;;;;;;;;;;;;;;;;;;;;;;;;;;;;;;;;;;;;;;;;;;;;;;;;;;;;;;;;;;;
;;;;;;;;;;;;;;;;;;;;;;;;;;;;;;;;;;;;;;;;;;;;;;;;;;;;;;;;;;;;;;;;;;;;;;;;;;;;;;
;;;;;;;;;;;;;;;;;;;;;;;;;;;;;;;;;;;;;;;;;;;;;;;;;;;;;;;;;;;;;;;;;;;;;;;;;;;;;;
;;;;;;;;;;;;;;;;;;;;;;;;;;;;;;;;;;;;;;;;;;;;;;;;;;;;;;;;;;;;;;;;;;;;;;;;;;;;;;
;;;;;;;;;;;;;;;;;;;;;;;;;;;;;;;;;;;;;;;;;;;;;;;;;;;;;;;;;;;;;;;;;;;;;;;;;;;;;;
;;;;;;;;;;;;;;;;;;;;;;;;;;;;;;;;;;;;;;;;;;;;;;;;;;;;;;;;;;;;;;;;;;;;;;;;;;;;;;
;;;;;;;;;;;;;;;;;;;;;;;;;;;;;;;;;;;;;;;;;;;;;;;;;;;;;;;;;;;;;;;;;;;;;;;;;;;;;;
;;;;;;;;;;;;;;;;;;;;;;;;;;;;;;;;;;;;;;;;;;;;;;;;;;;;;;;;;;;;;;;;;;;;;;;;;;;;;;
;;;;;;;;;;;;;;;;;;;;;;;;;;;;;;;;;;;;;;;;;;;;;;;;;;;;;;;;;;;;;;;;;;;;;;;;;;;;;;
;;;;;;;;;;;;;;;;;;;;;;;;;;;;;;;;;;;;;;;;;;;;;;;;;;;;;;;;;;;;;;;;;;;;;;;;;;;;;;
;;;;;;;;;;;;;;;;;;;;;;;;;;;;;;;;;;;;;;;;;;;;;;;;;;;;;;;;;;;;;;;;;;;;;;;;;;;;;;
;;;;;;;;;;;;;;;;;;;;;;;;;;;;;;;;;;;;;;;;;;;;;;;;;;;;;;;;;;;;;;;;;;;;;;;;;;;;;;
;;;;;;;;;;;;;;;;;;;;;;;;;;;;;;;;;;;;;;;;;;;;;;;;;;;;;;;;;;;;;;;;;;;;;;;;;;;;;;
;;;;;;;;;;;;;;;;;;;;;;;;;;;;;;;;;;;;;;;;;;;;;;;;;;;;;;;;;;;;;;;;;;;;;;;;;;;;;;
;;;;;;;;;;;;;;;;;;;;;;;;;;;;;;;;;;;;;;;;;;;;;;;;;;;;;;;;;;;;;;;;;;;;;;;;;;;;;;
;;;;;;;;;;;;;;;;;;;;;;;;;;;;;;;;;;;;;;;;;;;;;;;;;;;;;;;;;;;;;;;;;;;;;;;;;;;;;;
;;;;;;;;;;;;;;;;;;;;;;;;;;;;;;;;;;;;;;;;;;;;;;;;;;;;;;;;;;;;;;;;;;;;;;;;;;;;;;
;;;;;;;;;;;;;;;;;;;;;;;;;;;;;;;;;;;;;;;;;;;;;;;;;;;;;;;;;;;;;;;;;;;;;;;;;;;;;;
;;;;;;;;;;;;;;;;;;;;;;;;;;;;;;;;;;;;;;;;;;;;;;;;;;;;;;;;;;;;;;;;;;;;;;;;;;;;;;
;;;;;;;;;;;;;;;;;;;;;;;;;;;;;;;;;;;;;;;;;;;;;;;;;;;;;;;;;;;;;;;;;;;;;;;;;;;;;;
;;;;;;;;;;;;;;;;;;;;;;;;;;;;;;;;;;;;;;;;;;;;;;;;;;;;;;;;;;;;;;;;;;;;;;;;;;;;;;
;;;;;;;;;;;;;;;;;;;;;;;;;;;;;;;;;;;;;;;;;;;;;;;;;;;;;;;;;;;;;;;;;;;;;;;;;;;;;;
;;;;;;;;;;;;;;;;;;;;;;;;;;;;;;;;;;;;;;;;;;;;;;;;;;;;;;;;;;;;;;;;;;;;;;;;;;;;;;
;;;;;;;;;;;;;;;;;;;;;;;;;;;;;;;;;;;;;;;;;;;;;;;;;;;;;;;;;;;;;;;;;;;;;;;;;;;;;;
;;;;;;;;;;;;;;;;;;;;;;;;;;;;;;;;;;;;;;;;;;;;;;;;;;;;;;;;;;;;;;;;;;;;;;;;;;;;;;
;;;;;;;;;;;;;;;;;;;;;;;;;;;;;;;;;;;;;;;;;;;;;;;;;;;;;;;;;;;;;;;;;;;;;;;;;;;;;;
;;;;;;;;;;;;;;;;;;;;;;;;;;;;;;;;;;;;;;;;;;;;;;;;;;;;;;;;;;;;;;;;;;;;;;;;;;;;;;
;;;;;;;;;;;;;;;;;;;;;;;;;;;;;;;;;;;;;;;;;;;;;;;;;;;;;;;;;;;;;;;;;;;;;;;;;;;;;;
;;;;;;;;;;;;;;;;;;;;;;;;;;;;;;;;;;;;;;;;;;;;;;;;;;;;;;;;;;;;;;;;;;;;;;;;;;;;;;
;;;;;;;;;;;;;;;;;;;;;;;;;;;;;;;;;;;;;;;;;;;;;;;;;;;;;;;;;;;;;;;;;;;;;;;;;;;;;;
;;;;;;;;;;;;;;;;;;;;;;;;;;;;;;;;;;;;;;;;;;;;;;;;;;;;;;;;;;;;;;;;;;;;;;;;;;;;;;
;;;;;;;;;;;;;;;;;;;;;;;;;;;;;;;;;;;;;;;;;;;;;;;;;;;;;;;;;;;;;;;;;;;;;;;;;;;;;;
;;;;;;;;;;;;;;;;;;;;;;;;;;;;;;;;;;;;;;;;;;;;;;;;;;;;;;;;;;;;;;;;;;;;;;;;;;;;;;
;;;;;;;;;;;;;;;;;;;;;;;;;;;;;;;;;;;;;;;;;;;;;;;;;;;;;;;;;;;;;;;;;;;;;;;;;;;;;;
;;;;;;;;;;;;;;;;;;;;;;;;;;;;;;;;;;;;;;;;;;;;;;;;;;;;;;;;;;;;;;;;;;;;;;;;;;;;;;
;;;;;;;;;;;;;;;;;;;;;;;;;;;;;;;;;;;;;;;;;;;;;;;;;;;;;;;;;;;;;;;;;;;;;;;;;;;;;;
;;;;;;;;;;;;;;;;;;;;;;;;;;;;;;;;;;;;;;;;;;;;;;;;;;;;;;;;;;;;;;;;;;;;;;;;;;;;;;
;;;;;;;;;;;;;;;;;;;;;;;;;;;;;;;;;;;;;;;;;;;;;;;;;;;;;;;;;;;;;;;;;;;;;;;;;;;;;;
;;;;;;;;;;;;;;;;;;;;;;;;;;;;;;;;;;;;;;;;;;;;;;;;;;;;;;;;;;;;;;;;;;;;;;;;;;;;;;
;;;;;;;;;;;;;;;;;;;;;;;;;;;;;;;;;;;;;;;;;;;;;;;;;;;;;;;;;;;;;;;;;;;;;;;;;;;;;;
;;;;;;;;;;;;;;;;;;;;;;;;;;;;;;;;;;;;;;;;;;;;;;;;;;;;;;;;;;;;;;;;;;;;;;;;;;;;;;
;;;;;;;;;;;;;;;;;;;;;;;;;;;;;;;;;;;;;;;;;;;;;;;;;;;;;;;;;;;;;;;;;;;;;;;;;;;;;;
;;;;;;;;;;;;;;;;;;;;;;;;;;;;;;;;;;;;;;;;;;;;;;;;;;;;;;;;;;;;;;;;;;;;;;;;;;;;;;
;;;;;;;;;;;;;;;;;;;;;;;;;;;;;;;;;;;;;;;;;;;;;;;;;;;;;;;;;;;;;;;;;;;;;;;;;;;;;;
;;;;;;;;;;;;;;;;;;;;;;;;;;;;;;;;;;;;;;;;;;;;;;;;;;;;;;;;;;;;;;;;;;;;;;;;;;;;;;
;;;;;;;;;;;;;;;;;;;;;;;;;;;;;;;;;;;;;;;;;;;;;;;;;;;;;;;;;;;;;;;;;;;;;;;;;;;;;;
;;;;;;;;;;;;;;;;;;;;;;;;;;;;;;;;;;;;;;;;;;;;;;;;;;;;;;;;;;;;;;;;;;;;;;;;;;;;;;
;;;;;;;;;;;;;;;;;;;;;;;;;;;;;;;;;;;;;;;;;;;;;;;;;;;;;;;;;;;;;;;;;;;;;;;;;;;;;;
;;;;;;;;;;;;;;;;;;;;;;;;;;;;;;;;;;;;;;;;;;;;;;;;;;;;;;;;;;;;;;;;;;;;;;;;;;;;;;
;;;;;;;;;;;;;;;;;;;;;;;;;;;;;;;;;;;;;;;;;;;;;;;;;;;;;;;;;;;;;;;;;;;;;;;;;;;;;;
;;;;;;;;;;;;;;;;;;;;;;;;;;;;;;;;;;;;;;;;;;;;;;;;;;;;;;;;;;;;;;;;;;;;;;;;;;;;;;
;;;;;;;;;;;;;;;;;;;;;;;;;;;;;;;;;;;;;;;;;;;;;;;;;;;;;;;;;;;;;;;;;;;;;;;;;;;;;;
;;;;;;;;;;;;;;;;;;;;;;;;;;;;;;;;;;;;;;;;;;;;;;;;;;;;;;;;;;;;;;;;;;;;;;;;;;;;;;
;;;;;;;;;;;;;;;;;;;;;;;;;;;;;;;;;;;;;;;;;;;;;;;;;;;;;;;;;;;;;;;;;;;;;;;;;;;;;;
;;;;;;;;;;;;;;;;;;;;;;;;;;;;;;;;;;;;;;;;;;;;;;;;;;;;;;;;;;;;;;;;;;;;;;;;;;;;;;
;;;;;;;;;;;;;;;;;;;;;;;;;;;;;;;;;;;;;;;;;;;;;;;;;;;;;;;;;;;;;;;;;;;;;;;;;;;;;;
;;;;;;;;;;;;;;;;;;;;;;;;;;;;;;;;;;;;;;;;;;;;;;;;;;;;;;;;;;;;;;;;;;;;;;;;;;;;;;
;;;;;;;;;;;;;;;;;;;;;;;;;;;;;;;;;;;;;;;;;;;;;;;;;;;;;;;;;;;;;;;;;;;;;;;;;;;;;;
;;;;;;;;;;;;;;;;;;;;;;;;;;;;;;;;;;;;;;;;;;;;;;;;;;;;;;;;;;;;;;;;;;;;;;;;;;;;;;
;;;;;;;;;;;;;;;;;;;;;;;;;;;;;;;;;;;;;;;;;;;;;;;;;;;;;;;;;;;;;;;;;;;;;;;;;;;;;;
;;;;;;;;;;;;;;;;;;;;;;;;;;;;;;;;;;;;;;;;;;;;;;;;;;;;;;;;;;;;;;;;;;;;;;;;;;;;;;
;;;;;;;;;;;;;;;;;;;;;;;;;;;;;;;;;;;;;;;;;;;;;;;;;;;;;;;;;;;;;;;;;;;;;;;;;;;;;;
;;;;;;;;;;;;;;;;;;;;;;;;;;;;;;;;;;;;;;;;;;;;;;;;;;;;;;;;;;;;;;;;;;;;;;;;;;;;;;
;;;;;;;;;;;;;;;;;;;;;;;;;;;;;;;;;;;;;;;;;;;;;;;;;;;;;;;;;;;;;;;;;;;;;;;;;;;;;;
;;;;;;;;;;;;;;;;;;;;;;;;;;;;;;;;;;;;;;;;;;;;;;;;;;;;;;;;;;;;;;;;;;;;;;;;;;;;;;
;;;;;;;;;;;;;;;;;;;;;;;;;;;;;;;;;;;;;;;;;;;;;;;;;;;;;;;;;;;;;;;;;;;;;;;;;;;;;;
;;;;;;;;;;;;;;;;;;;;;;;;;;;;;;;;;;;;;;;;;;;;;;;;;;;;;;;;;;;;;;;;;;;;;;;;;;;;;;
;;;;;;;;;;;;;;;;;;;;;;;;;;;;;;;;;;;;;;;;;;;;;;;;;;;;;;;;;;;;;;;;;;;;;;;;;;;;;;
;;;;;;;;;;;;;;;;;;;;;;;;;;;;;;;;;;;;;;;;;;;;;;;;;;;;;;;;;;;;;;;;;;;;;;;;;;;;;;
;;;;;;;;;;;;;;;;;;;;;;;;;;;;;;;;;;;;;;;;;;;;;;;;;;;;;;;;;;;;;;;;;;;;;;;;;;;;;;
;;;;;;;;;;;;;;;;;;;;;;;;;;;;;;;;;;;;;;;;;;;;;;;;;;;;;;;;;;;;;;;;;;;;;;;;;;;;;;
;;;;;;;;;;;;;;;;;;;;;;;;;;;;;;;;;;;;;;;;;;;;;;;;;;;;;;;;;;;;;;;;;;;;;;;;;;;;;;
;;;;;;;;;;;;;;;;;;;;;;;;;;;;;;;;;;;;;;;;;;;;;;;;;;;;;;;;;;;;;;;;;;;;;;;;;;;;;;
;;;;;;;;;;;;;;;;;;;;;;;;;;;;;;;;;;;;;;;;;;;;;;;;;;;;;;;;;;;;;;;;;;;;;;;;;;;;;;
;;;;;;;;;;;;;;;;;;;;;;;;;;;;;;;;;;;;;;;;;;;;;;;;;;;;;;;;;;;;;;;;;;;;;;;;;;;;;;
;;;;;;;;;;;;;;;;;;;;;;;;;;;;;;;;;;;;;;;;;;;;;;;;;;;;;;;;;;;;;;;;;;;;;;;;;;;;;;
;;;;;;;;;;;;;;;;;;;;;;;;;;;;;;;;;;;;;;;;;;;;;;;;;;;;;;;;;;;;;;;;;;;;;;;;;;;;;;
;;;;;;;;;;;;;;;;;;;;;;;;;;;;;;;;;;;;;;;;;;;;;;;;;;;;;;;;;;;;;;;;;;;;;;;;;;;;;;
;;;;;;;;;;;;;;;;;;;;;;;;;;;;;;;;;;;;;;;;;;;;;;;;;;;;;;;;;;;;;;;;;;;;;;;;;;;;;;
;;;;;;;;;;;;;;;;;;;;;;;;;;;;;;;;;;;;;;;;;;;;;;;;;;;;;;;;;;;;;;;;;;;;;;;;;;;;;;
;;;;;;;;;;;;;;;;;;;;;;;;;;;;;;;;;;;;;;;;;;;;;;;;;;;;;;;;;;;;;;;;;;;;;;;;;;;;;;
;;;;;;;;;;;;;;;;;;;;;;;;;;;;;;;;;;;;;;;;;;;;;;;;;;;;;;;;;;;;;;;;;;;;;;;;;;;;;;
;;;;;;;;;;;;;;;;;;;;;;;;;;;;;;;;;;;;;;;;;;;;;;;;;;;;;;;;;;;;;;;;;;;;;;;;;;;;;;
;;;;;;;;;;;;;;;;;;;;;;;;;;;;;;;;;;;;;;;;;;;;;;;;;;;;;;;;;;;;;;;;;;;;;;;;;;;;;;
;;;;;;;;;;;;;;;;;;;;;;;;;;;;;;;;;;;;;;;;;;;;;;;;;;;;;;;;;;;;;;;;;;;;;;;;;;;;;;
;;;;;;;;;;;;;;;;;;;;;;;;;;;;;;;;;;;;;;;;;;;;;;;;;;;;;;;;;;;;;;;;;;;;;;;;;;;;;;
;;;;;;;;;;;;;;;;;;;;;;;;;;;;;;;;;;;;;;;;;;;;;;;;;;;;;;;;;;;;;;;;;;;;;;;;;;;;;;
