© Der Bundeswahlleiter, Wiesbaden 2016;;;;;;;;;;;;;;;;;;;;;;;;;;;;;;;;;;;;;;;;;;;;;;;;;;;;;;;;;;;;;
;;;;;;;;;;;;;;;;;;;;;;;;;;;;;;;;;;;;;;;;;;;;;;;;;;;;;;;;;;;;;
Ergebnisse der Bundestagswahl 2002 nach kreisfreien Städten und Landkreisen;;;;;;;;;;;;;;;;;;;;;;;;;;;;;;;;;;;;;;;;;;;;;;;;;;;;;;;;;;;;;
;;;;;;;;;;;;;;;;;;;;;;;;;;;;;;;;;;;;;;;;;;;;;;;;;;;;;;;;;;;;;
Land;Statistische Kennziffer;Kreisfreie Stadt bzw. Stadtkreis, Landkreis bzw. Kreis;Wahlberechtigte;Wähler;Ungültige;Gültige;SPD;CDU;CSU;GRÜNE;FDP;PDS;REP;GRAUE;Die Tierschutzpartei;NPD;ödp;PBC;DIE FRAUEN;BP;FAMILIE;CM;BüSo;HP;Die Violetten;AUFBRUCH;ZENTRUM;KPD;PRG;Schill;Deutschland;DKP;DSU;FP Deutschlands;Einzelbewerber;Ungültige;Gültige;SPD;CDU;CSU;GRÜNE;FDP;PDS;REP;GRAUE;Die Tierschutzpartei;NPD;ödp;PBC;DIE FRAUEN;BP;FAMILIE;CM;BüSo;HP;Die Violetten;AUFBRUCH;Zentrum;KPD;PRG;Schill
;;;;;Erststimmen;Erststimmen;Erststimmen;Erststimmen;Erststimmen;Erststimmen;Erststimmen;Erststimmen;Erststimmen;Erststimmen;Erststimmen;Erststimmen;Erststimmen;Erststimmen;Erststimmen;Erststimmen;Erststimmen;Erststimmen;Erststimmen;Erststimmen;Erststimmen;Erststimmen;Erststimmen;Erststimmen;Erststimmen;Erststimmen;Erststimmen;Erststimmen;Erststimmen;Erststimmen;Erststimmen;Zweitstimmen;Zweitstimmen;Zweitstimmen;Zweitstimmen;Zweitstimmen;Zweitstimmen;Zweitstimmen;Zweitstimmen;Zweitstimmen;Zweitstimmen;Zweitstimmen;Zweitstimmen;Zweitstimmen;Zweitstimmen;Zweitstimmen;Zweitstimmen;Zweitstimmen;Zweitstimmen;Zweitstimmen;Zweitstimmen;Zweitstimmen;Zweitstimmen;Zweitstimmen;Zweitstimmen;Zweitstimmen;Zweitstimmen
SH;01001;Flensburg ;65740;49054;503;48551;26309;16418;0;2833;2038;759;0;0;0;0;0;194;0;0;0;0;0;0;0;0;0;0;0;0;0;0;0;0;0;501;48553;23396;14362;0;5556;3424;859;80;153;0;128;0;153;0;0;0;0;0;0;0;0;0;0;0;442
SH;01002;Kiel ;176468;137758;1711;136047;74457;40297;0;9255;8092;2863;0;0;0;834;0;0;0;0;0;0;0;0;0;0;0;0;0;0;0;249;0;0;0;1533;136225;61489;36596;0;20890;10948;3098;234;345;0;509;0;297;0;0;0;0;0;0;0;0;0;0;0;1819
SH;01003;Lübeck ;165375;126336;2079;124257;63630;42439;0;8543;6636;2434;0;0;0;0;0;575;0;0;0;0;0;0;0;0;0;0;0;0;0;0;0;0;0;1702;124634;60039;39012;0;12375;8135;2033;249;259;0;458;0;289;0;0;0;0;0;0;0;0;0;0;0;1785
SH;01004;Neumünster ;61909;46253;778;45475;22379;15991;0;2057;1890;505;0;0;0;0;0;0;0;0;0;0;0;0;0;0;0;0;0;0;0;72;0;0;2581;588;45665;22162;15312;0;3005;3271;585;84;110;0;183;0;181;0;0;0;0;0;0;0;0;0;0;0;772
SH;01051;Dithmarschen ;107594;83694;1131;82563;36628;36801;0;2547;5009;1147;0;259;0;0;0;87;0;0;0;0;0;0;0;0;0;0;0;0;0;0;0;0;85;1078;82616;34465;33700;0;4461;7012;1072;123;242;0;218;0;119;0;0;0;0;0;0;0;0;0;0;0;1204
SH;01053;Herzogtum Lauenburg ;141792;115977;1444;114533;53302;47771;0;4965;6447;1268;0;0;0;744;0;36;0;0;0;0;0;0;0;0;0;0;0;0;0;0;0;0;0;1243;114734;46896;43600;0;10244;9169;1367;216;216;0;438;0;220;0;0;0;0;0;0;0;0;0;0;0;2368
SH;01054;Nordfriesland ;127562;102509;1157;101352;45134;44528;0;4940;4940;1065;0;484;0;0;0;261;0;0;0;0;0;0;0;0;0;0;0;0;0;0;0;0;0;1054;101455;43393;39904;0;7238;8208;1079;93;290;0;232;0;205;0;0;0;0;0;0;0;0;0;0;0;813
SH;01055;Ostholstein ;160770;129463;1746;127717;61889;52625;0;4937;6605;1156;0;0;0;0;0;505;0;0;0;0;0;0;0;0;0;0;0;0;0;0;0;0;0;1281;128182;56418;49310;0;8953;9941;1204;155;239;0;366;0;376;0;0;0;0;0;0;0;0;0;0;0;1220
SH;01056;Pinneberg ;223977;187495;2452;185043;85773;75910;0;10717;9607;1911;0;0;0;0;0;675;0;0;0;0;0;0;0;0;0;0;0;0;0;450;0;0;0;1795;185700;77166;65925;0;18998;15419;2204;241;494;0;399;0;440;0;0;0;0;0;0;0;0;0;0;0;4414
SH;01057;Plön ;102080;85851;1094;84757;40578;34047;0;4528;3939;838;0;0;0;0;0;0;0;0;0;0;0;0;0;0;0;0;0;0;0;116;0;0;711;809;85042;36512;31057;0;8177;6636;1040;112;180;0;219;0;165;0;0;0;0;0;0;0;0;0;0;0;944
SH;01058;Rendsburg-Eckernförde ;212644;174591;2341;172250;82288;69817;0;7603;9093;1781;0;0;0;68;0;545;0;0;0;0;0;0;0;0;0;0;0;0;0;12;0;0;1043;1822;172769;72712;64535;0;16066;14247;1996;194;389;0;417;0;411;0;0;0;0;0;0;0;0;0;0;0;1802
SH;01059;Schleswig-Flensburg ;151938;122802;1132;121670;56536;53948;0;4607;5014;1171;0;0;0;0;0;394;0;0;0;0;0;0;0;0;0;0;0;0;0;0;0;0;0;1114;121688;51538;47638;0;9988;9264;1339;167;315;0;195;0;304;0;0;0;0;0;0;0;0;0;0;0;940
SH;01060;Segeberg ;195800;159163;1716;157447;71460;64961;0;7589;10475;1680;0;1089;0;0;0;0;0;0;0;0;0;0;0;0;0;0;0;0;0;8;0;0;185;1404;157759;63907;59093;0;13902;14356;1918;226;522;0;386;0;226;0;0;0;0;0;0;0;0;0;0;0;3223
SH;01061;Steinburg ;105162;85087;1015;84072;39415;35781;0;3529;4251;978;0;0;0;0;0;0;0;0;0;0;0;0;0;0;0;0;0;0;0;0;0;0;118;1063;84024;35172;31542;0;7081;7133;1061;106;188;0;260;0;191;0;0;0;0;0;0;0;0;0;0;0;1290
SH;01062;Stormarn ;173945;147193;1657;145536;67930;60136;0;7642;7579;1442;0;341;0;411;0;55;0;0;0;0;0;0;0;0;0;0;0;0;0;0;0;0;0;1280;145913;58573;53514;0;15491;12254;1724;162;371;0;293;0;273;0;0;0;0;0;0;0;0;0;0;0;3258
HH;02000;Hamburg ;1221783;972418;11323;961095;496329;311663;0;83956;45522;15298;0;0;0;4159;0;0;0;0;0;0;2210;0;0;0;0;0;0;0;0;810;0;0;1148;8980;963438;404738;270318;0;156010;65574;20253;1201;0;0;1956;0;0;2189;0;0;0;890;0;0;0;0;0;0;40309
NI;03101;Braunschweig ;188217;150095;1560;148535;80358;50549;0;8051;6421;2271;0;0;0;0;0;360;0;0;0;0;213;0;0;0;0;0;0;0;312;0;0;0;0;1196;148899;74055;44360;0;14911;10248;2414;537;204;586;267;58;223;0;0;0;0;76;0;0;0;0;0;0;960
NI;03102;Salzgitter ;81987;63588;874;62714;37230;20702;0;1510;2676;596;0;0;0;0;0;0;0;0;0;0;0;0;0;0;0;0;0;0;0;0;0;0;0;644;62944;35060;19808;0;2518;3247;564;275;80;288;202;14;138;0;0;0;0;7;0;0;0;0;0;0;743
NI;03103;Wolfsburg ;91445;72868;945;71923;38899;26183;0;2637;2423;661;0;243;0;545;169;163;0;0;0;0;0;0;0;0;0;0;0;0;0;0;0;0;0;568;72300;37813;24607;0;3955;3761;582;104;169;203;407;52;129;0;0;0;0;7;0;0;0;0;0;0;511
NI;03151;Gifhorn ;128791;106068;1055;105013;52957;42144;0;3964;4170;846;0;34;0;111;22;765;0;0;0;0;0;0;0;0;0;0;0;0;0;0;0;0;0;846;105222;50778;38491;0;6154;6695;802;282;128;305;332;30;511;0;0;0;0;26;0;0;0;0;0;0;688
NI;03152;Göttingen ;198017;161630;1723;159907;75143;56923;0;16521;6893;2398;0;651;0;1050;328;0;0;0;0;0;0;0;0;0;0;0;0;0;0;0;0;0;0;1376;160254;73092;51745;0;19005;10624;2861;206;323;563;754;92;174;0;0;0;0;26;0;0;0;0;0;0;789
NI;03153;Goslar ;121336;96483;1260;95223;48036;36726;0;4078;4883;1218;0;282;0;0;0;0;0;0;0;0;0;0;0;0;0;0;0;0;0;0;0;0;0;896;95587;47648;33576;0;4751;6659;1099;299;151;370;324;17;150;0;0;0;0;12;0;0;0;0;0;0;531
NI;03154;Helmstedt ;77913;62560;828;61732;32301;23247;0;2078;2241;628;0;104;0;935;82;116;0;0;0;0;0;0;0;0;0;0;0;0;0;0;0;0;0;554;62006;32388;21036;0;2897;3619;606;74;72;263;614;20;93;0;0;0;0;8;0;0;0;0;0;0;316
NI;03155;Northeim ;117963;95635;1134;94501;52023;31017;0;3476;6742;914;0;316;0;0;0;0;0;0;0;0;0;0;0;0;0;0;0;0;0;0;0;0;13;824;94811;50226;30520;0;5058;6251;880;361;127;322;298;25;84;0;0;0;0;14;0;0;0;0;0;0;645
NI;03156;Osterode am Harz ;67891;54019;706;53313;28343;18912;0;2179;2863;618;0;164;0;199;35;0;0;0;0;0;0;0;0;0;0;0;0;0;0;0;0;0;0;558;53461;27873;17800;0;2614;3509;599;174;80;239;189;18;69;0;0;0;0;15;0;0;0;0;0;0;282
NI;03157;Peine ;102258;84212;829;83383;49444;26975;0;2646;3243;761;0;0;0;0;0;314;0;0;0;0;0;0;0;0;0;0;0;0;0;0;0;0;0;594;83618;46876;24863;0;4592;4774;693;280;123;304;182;20;201;0;0;0;0;18;0;0;0;0;0;0;692
NI;03158;Wolfenbüttel ;98869;82003;859;81144;45069;27533;0;3499;4253;790;0;0;0;0;0;0;0;0;0;0;0;0;0;0;0;0;0;0;0;0;0;0;0;552;81451;41501;26360;0;5536;5558;794;217;89;362;218;19;124;0;0;0;0;16;0;0;0;0;0;0;657
NI;03241;Region Hannover ;833540;682682;7114;675568;368313;218924;0;36350;31921;7495;0;1773;0;0;0;0;0;0;0;0;775;0;0;0;0;0;0;9426;0;281;0;0;310;5456;677226;343243;201638;0;63326;44882;8364;2424;1263;2127;1336;278;1321;0;0;0;0;298;0;0;0;0;0;0;6726
NI;03251;Diepholz ;164997;133340;1450;131890;63948;48526;0;9607;9136;0;0;0;0;0;0;673;0;0;0;0;0;0;0;0;0;0;0;0;0;0;0;0;0;871;132469;63591;43045;0;9587;12197;1253;385;162;463;292;44;349;0;0;0;0;25;0;0;0;0;0;0;1076
NI;03252;Hameln-Pyrmont ;124300;100597;1229;99368;50246;35835;0;4642;7108;1214;0;0;0;0;0;0;0;0;0;0;0;0;0;0;0;0;0;0;0;0;0;0;323;860;99737;49923;33573;0;5565;6932;947;342;121;424;275;32;203;0;0;0;0;34;0;0;0;0;0;0;1366
NI;03254;Hildesheim ;225028;186886;1970;184916;98953;64651;0;8828;6718;1598;0;730;0;0;0;0;0;0;0;0;0;0;0;0;0;0;0;3438;0;0;0;0;0;1496;185390;95444;61160;0;12184;10144;1606;526;338;658;387;66;394;0;0;0;0;35;0;0;0;0;0;0;2448
NI;03255;Holzminden ;63355;51798;767;51031;26314;17995;0;2485;3572;579;0;0;0;0;0;0;0;0;0;0;0;0;0;0;0;0;0;0;0;0;0;0;86;503;51295;26985;16685;0;2552;3419;460;109;60;205;260;12;110;0;0;0;0;12;0;0;0;0;0;0;426
NI;03256;Nienburg ;96587;75931;984;74947;38832;29362;0;3276;3389;0;0;0;0;0;0;88;0;0;0;0;0;0;0;0;0;0;0;0;0;0;0;0;0;569;75362;37227;26863;0;4033;4819;636;347;84;301;175;27;110;0;0;0;0;16;0;0;0;0;0;0;724
NI;03257;Schaumburg ;127216;103903;1434;102469;55483;37371;0;5171;4444;0;0;0;0;0;0;0;0;0;0;0;0;0;0;0;0;0;0;0;0;0;0;0;0;758;103145;53429;33759;0;6121;6297;932;398;141;407;284;31;356;0;0;0;0;26;0;0;0;0;0;0;964
NI;03351;Celle ;139133;111056;1181;109875;53129;45846;0;3165;5506;1096;0;0;0;0;0;626;0;0;0;0;0;0;0;0;0;0;0;0;0;0;0;0;507;837;110219;47168;43658;0;6755;8052;1009;1209;152;363;222;43;411;0;0;0;0;19;0;0;0;0;0;0;1158
NI;03352;Cuxhaven ;159871;128334;1371;126963;67219;47095;0;4628;6347;1298;0;0;0;181;0;0;0;0;0;0;195;0;0;0;0;0;0;0;0;0;0;0;0;909;127425;62744;42987;0;8473;8931;1081;251;181;592;345;45;129;0;0;0;0;49;0;0;0;0;0;0;1617
NI;03353;Harburg ;181858;154381;1467;152914;69388;62789;0;8681;8846;1563;0;0;0;988;0;0;0;0;0;0;0;0;0;0;0;0;0;624;0;0;0;0;35;952;153429;62218;56126;0;14639;13411;1517;283;233;716;442;65;312;0;0;0;0;49;0;0;0;0;0;0;3418
NI;03354;Lüchow-Dannenberg ;41362;32540;387;32153;14119;12507;0;2722;1279;429;0;0;0;157;0;0;0;0;0;0;0;0;0;0;0;0;0;323;0;0;0;0;617;383;32157;13489;11332;0;3736;2156;683;71;53;136;104;13;92;0;0;0;0;9;0;0;0;0;0;0;283
NI;03355;Lüneburg ;130212;105652;970;104682;51456;35726;0;7908;4999;1536;0;0;0;563;0;0;0;0;0;0;0;0;0;0;0;0;0;1984;0;0;0;0;510;782;104870;47478;32645;0;12256;7958;1714;164;152;408;375;58;152;0;0;0;0;45;0;0;0;0;0;0;1465
NI;03356;Osterholz ;86554;71112;818;70294;37279;21723;0;4369;5827;914;0;0;0;0;0;0;0;0;0;0;182;0;0;0;0;0;0;0;0;0;0;0;0;520;70592;34796;20778;0;6731;5563;763;267;115;345;212;19;147;0;0;0;0;33;0;0;0;0;0;0;823
NI;03357;Rotenburg ;123665;99786;1027;98759;43571;41403;0;6568;5997;974;0;0;0;0;0;0;0;0;0;0;246;0;0;0;0;0;0;0;0;0;0;0;0;690;99096;43329;38326;0;6769;7514;892;252;111;370;264;22;286;0;0;0;0;62;0;0;0;0;0;0;899
NI;03358;Soltau-Fallingbostel ;107880;86065;1025;85040;40966;34531;0;3608;4123;897;0;0;0;716;0;0;0;0;0;0;0;0;0;0;0;0;0;185;0;0;0;0;14;695;85370;39272;31614;0;5097;5935;795;502;97;343;263;27;243;0;0;0;0;20;0;0;0;0;0;0;1162
NI;03359;Stade ;148160;119153;1356;117797;61753;47980;0;0;5539;1434;0;0;0;1091;0;0;0;0;0;0;0;0;0;0;0;0;0;0;0;0;0;0;0;800;118353;54424;41393;0;9219;8685;1231;162;198;404;523;37;154;0;0;0;0;24;0;0;0;0;0;0;1899
NI;03360;Uelzen ;77506;62792;740;62052;32964;22701;0;2140;2761;601;0;0;0;0;0;159;0;0;0;0;0;0;0;0;0;0;0;0;0;0;0;0;726;632;62160;29247;22168;0;4538;4175;685;158;103;219;163;22;120;0;0;0;0;13;0;0;0;0;0;0;549
NI;03361;Verden ;101392;82508;856;81652;42495;27052;0;4866;6000;1068;0;0;0;0;0;0;0;0;0;0;171;0;0;0;0;0;0;0;0;0;0;0;0;591;81917;39640;25831;0;7417;6230;924;221;139;308;285;26;124;0;0;0;0;36;0;0;0;0;0;0;736
NI;03401;Delmenhorst ;57417;44314;573;43741;24184;13833;0;1897;2644;742;0;441;0;0;0;0;0;0;0;0;0;0;0;0;0;0;0;0;0;0;0;0;0;407;43907;22971;13401;0;2806;2961;506;170;164;156;110;10;30;0;0;0;0;7;0;0;0;0;0;0;615
NI;03402;Emden ;38581;29650;507;29143;18486;6059;0;2149;1956;493;0;0;0;0;0;0;0;0;0;0;0;0;0;0;0;0;0;0;0;0;0;0;0;289;29361;18754;5711;0;1983;1981;362;49;33;78;69;13;113;0;0;0;0;6;0;0;0;0;0;0;209
NI;03403;Oldenburg ;119075;95194;1250;93944;45169;27229;0;12931;6459;1979;0;0;0;0;0;0;0;0;0;0;0;0;0;0;0;0;0;0;0;177;0;0;0;760;94434;45699;23993;0;13601;7465;2011;109;158;329;207;30;108;0;0;0;0;17;0;0;0;0;0;0;707
NI;03404;Osnabrück ;118616;94294;1244;93050;43471;33327;0;7519;7559;1093;0;0;0;0;0;0;0;0;0;0;0;0;0;0;0;0;0;0;0;81;0;0;0;1188;93106;40673;31381;0;10889;7829;1096;126;148;243;158;78;117;0;0;0;0;11;0;0;0;0;0;0;357
NI;03405;Wilhelmshaven ;66299;51064;882;50182;27167;16704;0;2082;3057;846;0;0;0;0;0;0;0;0;0;0;0;0;0;0;0;0;0;0;0;0;0;0;326;512;50552;26373;15631;0;2808;3628;640;334;77;266;102;20;36;0;0;0;0;15;0;0;0;0;0;0;622
NI;03451;Ammerland ;86424;69233;825;68408;31351;26871;0;4557;4957;625;0;0;0;0;0;0;0;0;0;0;0;0;0;0;0;0;0;0;0;47;0;0;0;567;68666;33160;21859;0;4859;6880;575;97;92;210;134;23;50;0;0;0;0;12;0;0;0;0;0;0;715
NI;03452;Aurich ;145765;117202;1825;115377;70257;30751;0;8069;4789;1511;0;0;0;0;0;0;0;0;0;0;0;0;0;0;0;0;0;0;0;0;0;0;0;1151;116051;70975;29207;0;6098;6690;1029;340;139;443;253;23;201;0;0;0;0;14;0;0;0;0;0;0;639
NI;03453;Cloppenburg ;109365;86610;1428;85182;25269;51977;0;2251;5105;580;0;0;0;0;0;0;0;0;0;0;0;0;0;0;0;0;0;0;0;0;0;0;0;872;85738;24991;50135;0;2715;6212;435;136;81;205;103;18;284;0;0;0;0;21;0;0;0;0;0;0;402
NI;03454;Emsland ;225210;183977;1803;182174;55176;109642;0;4955;11244;1157;0;0;0;0;0;0;0;0;0;0;0;0;0;0;0;0;0;0;0;0;0;0;0;1530;182447;59306;100201;0;6742;13068;959;312;177;527;318;37;180;0;0;0;0;29;0;0;0;0;0;0;591
NI;03455;Friesland ;79019;63449;891;62558;35401;17954;0;2774;5468;723;0;0;0;0;0;0;0;0;0;0;0;0;0;0;0;0;0;0;0;0;0;0;238;577;62872;32946;17991;0;4029;5893;587;201;108;314;150;14;43;0;0;0;0;23;0;0;0;0;0;0;573
NI;03456;Grafschaft Bentheim ;94531;77485;720;76765;35144;34653;0;3211;3185;572;0;0;0;0;0;0;0;0;0;0;0;0;0;0;0;0;0;0;0;0;0;0;0;515;76970;34216;31834;0;3876;5430;492;112;66;218;144;47;207;0;0;0;0;12;0;0;0;0;0;0;316
NI;03457;Leer ;123644;97421;1499;95922;51751;34413;0;4369;4387;1002;0;0;0;0;0;0;0;0;0;0;0;0;0;0;0;0;0;0;0;0;0;0;0;1084;96337;53504;28760;0;4968;6075;898;207;116;431;256;28;451;0;0;0;0;17;0;0;0;0;0;0;626
NI;03458;Oldenburg ;93391;76257;820;75437;37027;25059;0;4589;7452;906;0;404;0;0;0;0;0;0;0;0;0;0;0;0;0;0;0;0;0;0;0;0;0;514;75743;35409;24553;0;6030;7465;788;166;174;269;156;32;81;0;0;0;0;18;0;0;0;0;0;0;602
NI;03459;Osnabrück ;263903;217858;2259;215599;93546;96887;0;9658;13735;1755;0;0;0;0;0;0;0;0;0;0;0;0;0;0;0;0;0;0;0;18;0;0;0;1779;216079;89877;91484;0;13423;16785;1458;377;246;742;451;86;336;0;0;0;0;23;0;0;0;0;0;0;791
NI;03460;Vechta ;91024;74542;1009;73533;19436;46758;0;2263;4396;680;0;0;0;0;0;0;0;0;0;0;0;0;0;0;0;0;0;0;0;0;0;0;0;602;73940;19933;44524;0;2701;5539;367;168;77;204;122;21;42;0;0;0;0;10;0;0;0;0;0;0;232
NI;03461;Wesermarsch ;71410;56035;759;55276;32591;14955;0;3303;3664;519;0;244;0;0;0;0;0;0;0;0;0;0;0;0;0;0;0;0;0;0;0;0;0;506;55529;31640;14577;0;3528;4338;496;91;113;184;114;17;25;0;0;0;0;8;0;0;0;0;0;0;398
NI;03462;Wittmund ;44193;34065;477;33588;17642;12370;0;1217;1850;427;0;0;0;0;0;0;0;0;0;0;0;0;0;0;0;0;0;0;0;0;0;0;82;329;33736;17241;11506;0;1599;2506;295;97;40;125;64;8;33;0;0;0;0;5;0;0;0;0;0;0;217
HB;04011;Bremen ;397289;316290;3483;312807;168782;80075;0;34763;14997;6237;0;731;0;800;0;0;0;0;0;0;0;0;0;0;0;0;0;6017;0;0;0;0;405;3435;312855;149320;75983;0;50042;21307;7464;801;1583;0;1372;0;0;0;0;0;0;0;0;0;0;0;0;0;4983
HB;04012;Bremerhaven ;87204;65719;885;64834;37070;17380;0;3875;3076;825;0;440;0;479;0;0;0;0;0;0;0;0;0;0;0;0;0;1689;0;0;0;0;0;950;64769;34048;16791;0;6590;3999;979;139;371;0;429;0;0;0;0;0;0;0;0;0;0;0;0;0;1423
NW;05111;Düsseldorf ;408471;325103;3017;322086;150241;122166;0;19075;22344;4151;0;834;0;0;0;0;0;0;0;0;321;291;0;0;0;0;0;2663;0;0;0;0;0;2744;322359;126135;109582;0;38878;34955;5109;1131;1004;1181;545;74;287;291;0;555;62;133;103;98;0;103;0;0;2133
NW;05112;Duisburg ;357760;273535;4476;269059;161479;71027;0;14476;13196;5478;0;0;0;0;0;0;0;0;0;0;0;0;0;0;0;0;0;3403;0;0;0;0;0;4183;269352;150729;64746;0;21663;18036;4941;1730;768;1230;1079;69;210;239;0;676;120;39;34;63;0;89;0;0;2891
NW;05113;Essen ;449896;350287;4308;345979;190058;108043;0;20629;18619;4908;0;0;0;0;0;0;0;0;0;0;0;0;0;0;0;0;0;2838;0;414;0;0;470;3733;346554;170899;96878;0;35153;28324;5258;2009;876;1743;969;129;337;350;0;865;143;57;44;91;0;116;0;0;2313
NW;05114;Krefeld ;167333;128679;1735;126944;59625;48804;0;7314;8834;1408;0;0;0;0;0;0;0;0;0;0;0;0;0;0;0;0;0;959;0;0;0;0;0;1651;127028;52673;44066;0;12240;13234;1621;326;443;552;231;36;92;110;0;326;59;16;6;36;0;32;0;0;929
NW;05116;Mönchengladbach ;195672;145540;1879;143661;60892;62671;0;7029;10619;1372;0;0;0;0;0;0;0;0;0;0;0;0;0;0;0;0;0;1078;0;0;0;0;0;1634;143906;54674;58708;0;11134;14263;1649;419;313;583;298;50;111;143;0;353;29;18;20;48;0;63;0;0;1030
NW;05117;Mülheim an der Ruhr ;131446;107842;1477;106365;55339;33279;0;6980;8289;1256;0;0;0;0;0;0;0;0;0;0;0;0;0;0;0;0;0;571;0;0;0;0;651;1020;106822;54277;29673;0;9361;9903;1389;258;220;351;285;24;116;91;0;197;38;19;7;19;0;19;0;0;575
NW;05119;Oberhausen ;162896;125812;2004;123808;77514;31122;0;5900;6174;2019;0;0;0;0;0;0;0;0;0;0;0;0;0;0;0;0;0;1079;0;0;0;0;0;1383;124429;71204;29755;0;9436;8485;1900;473;300;524;547;55;71;124;0;259;32;11;13;36;0;40;0;0;1164
NW;05120;Remscheid ;84345;65105;724;64381;30541;23410;0;2824;5900;722;0;310;0;0;0;130;0;0;0;0;0;0;0;0;0;0;0;544;0;0;0;0;0;717;64388;27539;22100;0;4888;7194;875;300;183;299;178;26;99;46;0;160;11;9;4;12;0;15;0;0;450
NW;05122;Solingen ;115071;90601;967;89634;42598;34165;0;3701;6680;970;0;455;0;0;0;369;0;0;0;0;0;0;0;0;0;0;0;696;0;0;0;0;0;922;89679;36479;31029;0;7950;10357;1278;402;262;389;232;70;265;87;0;222;32;14;6;29;0;17;0;0;559
NW;05124;Wuppertal ;258070;201138;2425;198713;97775;68243;0;11836;14340;3464;0;1189;0;0;0;639;0;0;0;0;0;0;0;0;0;0;0;1227;0;0;0;0;0;2346;198792;84420;60654;0;22426;21277;3907;1271;715;894;620;70;508;195;0;461;64;36;24;64;0;61;0;0;1125
NW;05154;Kleve ;219163;175835;2730;173105;72704;79865;0;7022;11163;1508;0;0;0;0;0;0;0;0;0;0;0;0;0;0;0;0;0;843;0;0;0;0;0;1862;173973;64591;77039;0;10970;16502;1339;273;285;586;299;130;127;119;0;373;63;16;25;59;0;49;0;0;1128
NW;05158;Mettmann ;375588;308603;3461;305142;134056;126703;0;15599;22077;3173;0;776;0;0;0;0;0;0;0;0;0;0;0;0;0;0;388;2049;0;0;0;0;321;2482;306121;123292;112341;0;25468;34034;3485;997;842;1068;1142;108;503;289;0;643;122;58;36;81;0;103;0;0;1509
NW;05162;Neuss ;326640;267675;1999;265676;110103;121314;0;11198;17956;2266;0;0;0;0;0;0;0;0;0;0;0;0;0;0;671;0;0;2168;0;0;0;0;0;1837;265838;96348;110651;0;19739;29916;2391;813;568;905;468;95;146;267;0;649;81;43;31;55;0;421;0;0;2251
NW;05166;Viersen ;222874;179695;2037;177658;73053;78408;0;9580;13626;1501;0;0;0;0;0;354;0;0;0;0;0;0;0;0;0;0;0;1136;0;0;0;0;0;1833;177862;66272;72409;0;13864;19617;1605;397;366;764;284;36;187;177;0;474;60;31;21;38;0;64;0;0;1196
NW;05170;Wesel ;355154;289342;3368;285974;154047;94570;0;14244;17709;2941;0;0;0;0;0;0;0;0;0;0;0;0;0;0;0;0;0;2463;0;0;0;0;0;2950;286392;142097;86268;0;22988;24798;2942;843;609;1034;629;83;178;292;0;706;89;32;21;65;0;77;0;0;2641
NW;05313;Aachen ;165242;133045;1643;131402;62237;49901;0;9308;6879;1638;0;0;0;0;0;0;0;0;0;0;0;0;0;0;0;0;0;1127;0;0;0;0;312;1287;131758;47560;44770;0;21933;12789;2143;212;229;367;258;56;70;95;0;182;61;15;13;35;0;36;0;0;934
NW;05314;Bonn ;212477;176518;2162;174356;69164;63425;0;13163;24731;2052;0;806;0;0;0;0;0;0;0;0;0;0;0;0;0;0;0;1015;0;0;0;0;0;1880;174638;56971;63860;0;27278;20198;2773;305;458;634;259;100;272;161;0;257;54;40;22;47;0;53;0;0;896
NW;05315;Köln ;670457;515531;2328;513203;248419;164623;0;55572;30451;8153;0;3722;0;0;0;0;0;0;0;0;0;0;0;0;0;0;0;1758;0;0;0;0;505;1440;514091;214189;149066;0;84702;45992;9785;1984;1704;1402;1119;199;395;374;0;572;142;70;90;108;0;95;0;0;2103
NW;05316;Leverkusen ;117587;93667;1272;92395;44315;34121;0;6018;5932;890;0;712;0;0;0;0;0;0;0;0;0;0;0;0;0;0;0;407;0;0;0;0;0;930;92737;41445;30792;0;8238;9071;1025;311;356;308;280;31;83;67;0;213;30;30;17;18;0;17;0;0;405
NW;05354;Aachen ;225120;181166;2500;178666;87913;67640;0;7009;11040;1430;1592;0;0;616;0;0;0;0;0;0;0;0;0;0;0;0;0;1426;0;0;0;0;0;2151;179015;80222;63027;0;12393;16863;1621;1166;264;666;563;40;73;152;0;405;55;13;28;28;0;36;0;0;1400
NW;05358;Düren ;196789;158285;2106;156179;70999;67622;0;5510;8702;1359;0;1007;0;0;0;0;0;0;0;0;0;0;0;0;0;0;0;980;0;0;0;0;0;1840;156445;64104;62303;0;10499;14095;1404;437;517;679;322;49;157;156;0;329;77;13;19;44;0;38;0;0;1203
NW;05362;Erftkreis ;332422;271272;3884;267388;129819;100883;0;11543;20220;2456;0;1254;0;0;0;0;0;0;0;0;0;0;0;0;0;0;0;1213;0;0;0;0;0;3303;267969;115759;92578;0;22788;28311;2574;810;778;1135;579;78;107;258;0;548;83;30;28;65;0;59;0;0;1401
NW;05366;Euskirchen ;144090;114767;1907;112860;39626;54999;0;5412;11634;1189;0;0;0;0;0;0;0;0;0;0;0;0;0;0;0;0;0;0;0;0;0;0;0;1543;113224;38321;50493;0;8106;12797;1025;394;200;452;215;42;104;119;0;307;63;29;15;40;0;40;0;0;462
NW;05370;Heinsberg ;181929;145496;2409;143087;52790;71954;0;7972;8772;1599;0;0;0;0;0;0;0;0;0;0;0;0;0;0;0;0;0;0;0;0;0;0;0;2107;143389;51527;65188;0;8195;13656;1274;581;273;598;343;37;126;165;0;435;59;23;14;41;0;35;0;0;819
NW;05374;Oberbergischer Kreis ;210055;170173;2019;168154;73038;75983;0;6330;9855;1392;0;0;0;0;401;0;0;0;0;0;0;0;0;0;0;0;0;1155;0;0;0;0;0;1815;168358;64657;70286;0;11951;15696;1644;452;285;671;448;144;519;158;0;369;128;15;18;48;0;56;0;0;813
NW;05378;Rheinisch-Bergischer Kreis ;210429;177441;1569;175872;70481;78770;0;10841;12298;1562;0;0;0;0;376;0;0;0;0;0;415;0;0;0;0;0;0;1129;0;0;0;0;0;1506;175935;63857;66824;0;18709;20866;1895;440;331;636;326;137;354;155;0;333;69;73;12;37;0;30;0;0;851
NW;05382;Rhein-Sieg-Kreis ;424822;352032;3248;348784;141423;155067;0;18949;27068;2611;0;863;0;1869;0;0;0;0;0;0;0;0;0;0;0;0;0;675;259;0;0;0;0;2922;349110;122198;141975;0;33587;40917;3251;622;727;1287;1215;139;534;251;0;652;105;50;43;75;0;105;0;0;1377
NW;05512;Bottrop ;91610;73558;858;72700;44058;20191;0;2525;3024;859;0;0;0;0;883;0;0;0;0;0;72;0;0;0;0;0;0;1088;0;0;0;0;0;805;72753;40444;19709;0;4520;4781;879;492;101;243;171;255;39;55;0;136;12;16;5;15;0;18;0;0;862
NW;05513;Gelsenkirchen ;198882;149110;2218;146892;88540;37816;0;7001;7598;1987;2443;0;0;0;0;0;0;0;0;0;0;0;0;0;0;0;0;1507;0;0;0;0;0;1958;147152;83125;35256;0;10423;10148;2094;1807;346;760;392;35;142;173;0;380;64;20;15;33;0;44;0;0;1895
NW;05515;Münster ;200908;169832;1456;168376;68757;67108;0;16066;13733;1687;0;523;0;0;502;0;0;0;0;0;0;0;0;0;0;0;0;0;0;0;0;0;0;1270;168562;61055;57750;0;26228;19002;2359;197;275;356;231;204;65;115;0;201;36;14;21;42;0;53;0;0;358
NW;05554;Borken ;261126;214878;1927;212951;79041;110231;0;9047;12914;1468;0;0;0;0;0;0;0;0;0;0;0;0;0;0;0;0;0;0;0;0;0;0;250;1757;213121;72289;102029;0;12967;21039;1386;364;268;542;329;84;102;168;0;520;105;14;21;37;0;83;0;0;774
NW;05558;Coesfeld ;162009;136839;1283;135556;50861;66981;0;6946;9802;966;0;0;0;0;0;0;0;0;0;0;0;0;0;0;0;0;0;0;0;0;0;0;0;1075;135764;46448;60735;0;10645;14644;1001;278;172;373;223;121;40;117;0;285;48;14;8;32;0;53;0;0;527
NW;05562;Recklinghausen ;491698;392777;4636;388141;217780;120765;0;18196;20974;5014;0;0;0;0;166;0;0;0;0;0;155;0;0;0;0;0;0;4109;0;0;0;0;982;4139;388638;204511;111433;0;27465;29460;4477;1636;786;1484;1105;130;301;360;0;887;162;66;22;61;0;105;0;0;4187
NW;05566;Steinfurt ;323380;268149;2988;265161;120078;115663;0;11405;15842;2173;0;0;0;0;0;0;0;0;0;0;0;0;0;0;0;0;0;0;0;0;0;0;0;2673;265476;110556;102717;0;19418;26661;2081;508;277;689;540;76;206;223;0;589;60;17;7;34;0;114;0;0;703
NW;05570;Warendorf ;206718;172866;2157;170709;67941;77347;0;7294;15856;1531;0;0;0;0;0;0;0;0;0;0;0;0;0;0;0;0;0;740;0;0;0;0;0;1843;171023;65889;71269;0;11197;18098;1423;480;230;422;296;52;94;127;0;419;74;6;9;27;0;45;0;0;866
NW;05711;Bielefeld ;235551;192682;2618;190064;94896;68420;0;12568;9388;3124;0;0;0;0;0;0;0;0;0;0;0;0;0;0;0;0;0;1668;0;0;0;0;0;2472;190210;79127;60700;0;26691;14981;3471;536;345;708;504;67;617;155;0;374;119;22;13;40;0;35;0;0;1705
NW;05754;Gütersloh ;252941;207209;2656;204553;83222;93830;0;10200;12741;1761;0;0;0;0;543;0;0;0;0;0;0;0;0;0;0;0;0;2025;0;0;0;0;231;2178;205031;76366;85267;0;16893;19756;1790;521;252;560;504;289;390;167;0;462;96;41;15;26;0;40;0;0;1596
NW;05758;Herford ;194733;158530;2802;155728;78093;59206;0;6230;8580;1520;0;0;0;0;0;0;0;0;0;0;189;0;0;0;0;0;285;1625;0;0;0;0;0;2116;156414;70997;55071;0;11324;13342;1550;527;241;503;335;40;391;128;0;299;78;52;17;18;0;16;0;0;1485
NW;05762;Höxter ;117460;97584;1431;96153;31989;52843;0;2854;5695;769;0;0;0;0;523;136;0;0;780;0;0;0;0;0;0;0;0;564;0;0;0;0;0;1128;96456;30456;49990;0;4926;8147;640;311;109;225;213;151;131;53;0;413;48;3;3;6;0;20;0;0;611
NW;05766;Lippe ;276121;228492;3389;225103;110576;82928;0;10247;15468;2052;0;0;0;0;121;1484;0;0;439;0;0;0;0;0;0;0;0;1788;0;0;0;0;0;2940;225552;101304;77034;0;17547;20206;2189;1238;286;775;450;110;1912;153;0;516;104;37;15;36;0;44;0;0;1596
NW;05770;Minden-Lübbecke ;246772;198954;2781;196173;96800;74335;0;6969;12271;1650;0;0;0;0;0;821;0;0;703;0;32;0;0;0;0;0;49;2199;0;0;0;0;344;2742;196212;87637;68854;0;13890;18076;1847;866;238;562;392;88;986;167;0;489;63;26;14;44;0;29;0;0;1944
NW;05774;Paderborn ;213014;172727;2303;170424;53484;91284;0;9451;11419;1232;0;0;0;0;0;0;0;0;1041;0;0;0;0;0;0;0;0;2513;0;0;0;0;0;2057;170670;49709;89150;0;11227;14529;1404;452;172;418;203;81;196;150;0;622;101;6;11;31;0;48;0;0;2160
NW;05911;Bochum ;289275;233251;2885;230366;134225;62986;0;15183;10931;3866;0;0;0;0;0;117;0;0;0;0;0;0;270;0;0;0;813;1975;0;0;0;0;0;2607;230644;123158;57090;0;23827;16139;4086;909;600;1260;725;99;240;214;0;516;86;47;32;87;0;71;0;0;1458
NW;05913;Dortmund ;427443;336666;1338;335328;197431;91359;0;21128;16719;5759;0;0;0;0;0;0;0;0;0;0;0;0;429;0;0;0;0;2503;0;0;0;0;0;892;335774;178300;83933;0;34696;24763;5806;1452;771;1081;1002;104;208;291;0;466;82;47;42;125;0;74;0;0;2531
NW;05914;Hagen ;146415;111832;1356;110476;62136;35784;0;3390;6194;1105;0;566;0;0;0;0;0;0;0;0;0;0;105;0;0;0;0;1196;0;0;0;0;0;1237;110595;54802;34291;0;7870;9057;1353;754;283;444;302;28;135;116;0;204;40;11;9;26;0;24;0;0;846
NW;05915;Hamm ;129828;101330;1496;99834;53307;36066;0;3334;5979;1148;0;0;0;0;0;0;0;0;0;0;0;0;0;0;0;0;0;0;0;0;0;0;0;1249;100081;49863;32734;0;5997;8466;945;447;121;313;229;18;75;96;0;225;35;14;10;8;0;24;0;0;461
NW;05916;Herne ;123025;94869;1401;93468;57042;25033;0;3962;3720;1604;0;0;0;0;0;319;0;0;0;0;0;0;0;0;0;0;258;1530;0;0;0;0;0;1187;93682;54188;22171;0;6245;5769;1519;1120;210;442;299;16;210;108;0;218;27;15;6;26;0;14;0;0;1079
NW;05954;Ennepe-Ruhr-Kreis ;266508;215167;3972;211195;116193;65514;0;12537;13017;2437;0;310;0;0;0;0;0;0;0;0;0;0;36;0;0;0;0;1014;0;137;0;0;0;4634;210533;106283;59004;0;19089;18714;2521;613;439;1136;606;64;399;187;0;437;45;19;23;48;0;26;0;0;880
NW;05958;Hochsauerlandkreis ;211185;173157;1550;171607;63427;92232;0;5093;8339;1371;0;0;0;0;0;0;0;0;1145;0;0;0;0;0;0;0;0;0;0;0;0;0;0;1377;171780;59120;83372;0;8992;15511;1246;612;251;563;309;62;123;112;0;579;117;23;16;43;0;50;0;0;679
NW;05962;Märkischer Kreis ;325182;255049;3539;251510;122784;96710;0;8351;16728;2392;0;0;0;1201;0;0;0;0;0;0;0;0;0;0;0;0;0;3344;0;0;0;0;0;3058;251991;108189;91966;0;15894;24537;2457;1374;446;904;1146;93;697;241;0;566;130;31;29;69;0;64;0;0;3158
NW;05966;Olpe ;102888;84224;1089;83135;27045;48651;0;2676;3864;602;0;0;0;0;0;0;0;0;0;0;0;0;0;0;0;0;0;297;0;0;0;0;0;843;83381;26184;44194;0;4318;6699;506;281;87;218;146;32;56;63;0;184;41;6;7;11;0;31;0;0;317
NW;05970;Siegen-Wittgenstein ;218988;177268;2409;174859;77404;75118;0;7152;10326;1558;0;0;0;0;681;1208;0;0;0;0;0;0;0;0;0;0;0;1412;0;0;0;0;0;1863;175405;73305;66870;0;12274;15569;1775;916;248;635;390;287;1214;107;0;320;112;15;24;26;0;25;0;0;1293
NW;05974;Soest ;228436;184172;2278;181894;78033;80460;0;7405;13594;2402;0;0;0;0;0;0;0;0;0;0;0;0;0;0;0;0;0;0;0;0;0;0;0;2113;182059;70312;73152;0;13136;18903;1824;1581;340;595;301;63;140;182;0;468;180;22;15;37;0;63;0;0;745
NW;05978;Unna ;315197;256054;3033;253021;141798;79385;0;14570;13161;2891;0;0;0;0;0;0;0;0;0;0;0;0;0;0;0;0;0;1216;0;0;0;0;0;2617;253437;133332;72930;0;18448;19698;2714;1041;429;997;807;55;218;267;0;524;120;24;25;44;0;45;0;0;1719
HE;06411;Darmstadt ;97323;77484;1593;75891;37111;25397;0;7750;3408;1046;0;395;784;0;0;0;0;0;0;0;0;0;0;0;0;0;0;0;0;0;0;0;0;1387;76097;28911;22748;0;15443;5800;1557;267;171;386;183;47;122;0;0;0;35;49;0;0;0;0;0;0;378
HE;06412;Frankfurt am Main ;383726;295529;5519;290010;115066;103353;0;43745;14716;5594;0;0;2962;843;0;0;0;0;0;0;272;0;0;0;0;0;0;3459;0;0;0;0;0;4955;290574;99816;96219;0;53778;24463;7190;1817;675;2055;999;216;354;0;0;0;119;166;0;0;0;0;0;0;2707
HE;06413;Offenbach am Main ;68061;50467;1183;49284;22682;19260;0;2801;2881;936;0;0;0;724;0;0;0;0;0;0;0;0;0;0;0;0;0;0;0;0;0;0;0;1020;49447;18659;17962;0;6114;3708;1008;564;120;339;230;30;72;0;0;0;37;18;0;0;0;0;0;0;586
HE;06414;Wiesbaden ;186838;143782;3025;140757;66585;56237;0;7672;7812;1750;0;0;0;0;0;0;0;0;0;0;701;0;0;0;0;0;0;0;0;0;0;0;0;2417;141365;52034;51054;0;19605;12233;2047;1375;266;653;256;102;248;0;0;0;85;171;0;0;0;0;0;0;1236
HE;06431;Bergstraße ;196599;158915;3416;155499;70393;67537;0;6464;6762;1233;0;710;1968;0;0;0;0;0;0;0;0;0;0;0;0;0;0;0;0;0;0;0;432;3121;155794;61830;61007;0;14374;12345;1434;1534;393;1172;368;96;371;0;0;0;119;58;0;0;0;0;0;0;693
HE;06432;Darmstadt-Dieburg ;208098;171041;4042;166999;79523;63510;0;10401;9218;1949;0;610;1429;0;0;0;0;0;0;359;0;0;0;0;0;0;0;0;0;0;0;0;0;3326;167715;69120;57859;0;20178;13800;2096;929;398;1163;626;117;443;0;0;0;159;49;0;0;0;0;0;0;778
HE;06433;Groß-Gerau ;169053;136988;3494;133494;66977;46922;0;9995;7147;2453;0;0;0;0;0;0;0;0;0;0;0;0;0;0;0;0;0;0;0;0;0;0;0;2906;134082;58534;43275;0;15307;10446;1863;1846;307;843;394;106;235;0;0;0;86;71;0;0;0;0;0;0;769
HE;06434;Hochtaunuskreis ;164196;137015;2009;135006;49558;62750;0;7543;12579;1325;1251;0;0;0;0;0;0;0;0;0;0;0;0;0;0;0;0;0;0;0;0;0;0;1713;135302;41178;58107;0;16150;15143;1561;967;196;677;203;121;160;0;0;0;93;62;0;0;0;0;0;0;684
HE;06435;Main-Kinzig-Kreis ;294876;236484;4952;231532;107980;93990;0;10500;12160;2465;3651;0;0;718;0;0;0;0;0;0;0;0;0;0;0;0;0;0;0;0;0;0;68;5001;231483;91665;89246;0;20720;18850;2844;3055;428;1554;691;159;341;0;0;0;188;84;0;0;0;0;0;0;1658
HE;06436;Main-Taunus-Kreis ;162039;136572;2512;134060;48555;65713;0;9781;8496;1515;0;0;0;0;0;0;0;0;0;0;0;0;0;0;0;0;0;0;0;0;0;0;0;2025;134547;43003;57291;0;15582;14007;1401;880;252;672;338;126;140;0;0;0;74;41;0;0;0;0;0;0;740
HE;06437;Odenwaldkreis ;72928;58474;1776;56698;29185;20881;0;2631;2964;796;0;0;0;0;0;0;0;0;0;241;0;0;0;0;0;0;0;0;0;0;0;0;0;1383;57091;25371;20423;0;4799;4100;710;678;85;326;148;36;92;0;0;0;60;21;0;0;0;0;0;0;242
HE;06438;Offenbach ;235926;194171;4211;189960;78654;86545;0;9692;11384;2147;0;0;0;1133;0;0;0;0;0;405;0;0;0;0;0;0;0;0;0;0;0;0;0;3399;190772;66070;79077;0;20948;17326;2200;1187;381;1005;520;173;176;0;0;0;199;80;0;0;0;0;0;0;1430
HE;06439;Rheingau-Taunus-Kreis ;136273;112278;2479;109799;45809;48968;0;7109;6755;1158;0;0;0;0;0;0;0;0;0;0;0;0;0;0;0;0;0;0;0;0;0;0;0;1747;110531;40503;43510;0;12140;10362;1122;791;179;576;260;97;159;0;0;0;39;55;0;0;0;0;0;0;738
HE;06440;Wetteraukreis ;217333;174377;3897;170480;79286;70681;0;7107;8683;1381;0;0;0;2656;0;0;0;0;0;0;0;0;0;0;0;0;0;0;0;0;0;0;686;3968;170409;66357;64350;0;17309;15243;1788;774;311;911;1705;104;376;0;0;0;95;53;0;0;0;0;0;0;1033
HE;06531;Gießen ;187203;149769;3406;146363;67044;55629;0;8529;12586;2430;0;0;0;145;0;0;0;0;0;0;0;0;0;0;0;0;0;0;0;0;0;0;0;3026;146743;59618;52251;0;15284;13327;2275;1006;222;686;621;106;468;0;0;0;102;58;0;0;0;0;0;0;719
HE;06532;Lahn-Dill-Kreis ;193937;148829;3091;145738;67724;60815;0;5682;7804;1335;0;0;0;2378;0;0;0;0;0;0;0;0;0;0;0;0;0;0;0;0;0;0;0;2939;145890;60567;57073;0;10346;10950;1437;1182;165;675;1189;110;1136;0;0;0;168;20;0;0;0;0;0;0;872
HE;06533;Limburg-Weilburg ;130838;103565;2492;101073;41971;48386;0;3616;5685;916;499;0;0;0;0;0;0;0;0;0;0;0;0;0;0;0;0;0;0;0;0;0;0;2072;101493;37468;46491;0;6914;7232;849;695;172;519;332;49;121;0;0;0;59;36;0;0;0;0;0;0;556
HE;06534;Marburg-Biedenkopf ;181936;144891;2647;142244;68027;54834;0;7312;6824;2536;2308;0;0;0;0;0;0;0;0;0;403;0;0;0;0;0;0;0;0;0;0;0;0;2191;142700;60301;50292;0;14955;10068;2660;1669;160;685;308;113;587;0;0;0;162;120;0;0;0;0;0;0;620
HE;06535;Vogelsbergkreis ;91849;72839;1854;70985;32474;29431;0;2792;5161;827;0;0;0;300;0;0;0;0;0;0;0;0;0;0;0;0;0;0;0;0;0;0;0;1666;71173;29895;26888;0;4810;6693;760;774;87;333;298;48;139;0;0;0;54;23;0;0;0;0;0;0;371
HE;06611;Kassel ;138007;105527;1857;103670;47291;33174;0;14449;4765;2106;0;562;0;687;0;0;0;0;0;0;0;0;0;0;0;0;0;0;0;0;0;0;636;1638;103889;46143;30875;0;14987;6782;2324;312;354;500;371;72;156;0;0;0;71;37;0;0;0;0;0;0;905
HE;06631;Fulda ;163908;134188;2774;131414;40902;77201;0;5139;5475;1137;0;0;0;1560;0;0;0;0;0;0;0;0;0;0;0;0;0;0;0;0;0;0;0;2972;131216;37358;70377;0;8630;9492;1127;988;204;577;832;138;211;0;0;0;166;49;0;0;0;0;0;0;1067
HE;06632;Hersfeld-Rotenburg ;101578;81912;1889;80023;43772;29716;0;2063;3308;948;0;0;0;0;0;0;0;0;0;0;0;0;0;0;0;0;0;0;0;0;0;0;216;1635;80277;39582;27353;0;4812;5334;883;484;136;435;397;24;164;0;0;0;56;24;0;0;0;0;0;0;593
HE;06633;Kassel ;192323;159756;3641;156115;87245;47719;0;10707;7736;1763;0;297;0;300;0;0;0;0;0;0;0;0;0;0;0;0;0;0;0;0;0;0;348;3110;156646;82986;45465;0;12384;10560;1600;616;322;682;417;65;193;0;0;0;80;49;0;0;0;0;0;0;1227
HE;06634;Schwalm-Eder-Kreis ;150496;122154;3103;119051;64089;40276;0;6552;6616;1518;0;0;0;0;0;0;0;0;0;0;0;0;0;0;0;0;0;0;0;0;0;0;0;2569;119585;60991;37306;0;8423;8652;1272;774;163;514;479;66;182;0;0;0;76;29;0;0;0;0;0;0;658
HE;06635;Waldeck-Frankenberg ;129871;101354;2499;98855;45876;40377;0;4581;6721;1300;0;0;0;0;0;0;0;0;0;0;0;0;0;0;0;0;0;0;0;0;0;0;0;2015;99339;42362;37601;0;6903;8795;1033;806;157;431;305;75;273;0;0;0;68;17;0;0;0;0;0;0;513
HE;06636;Werra-Meißner-Kreis ;89639;71966;1756;70210;38769;23392;0;3078;3858;819;0;0;0;0;0;0;0;0;0;0;0;0;0;0;0;0;0;0;0;0;0;0;294;1803;70163;35174;21954;0;5137;5216;850;463;127;351;143;28;64;0;0;0;34;14;0;0;0;0;0;0;608
RP;07111;Koblenz ;82159;63643;1153;62490;26904;27380;0;3217;3890;658;0;0;0;0;441;0;0;0;0;0;0;0;0;0;0;0;0;0;0;0;0;0;0;807;62836;24070;25404;0;5823;5508;737;205;0;365;172;132;105;0;0;0;0;0;0;0;0;0;0;0;315
RP;07131;Ahrweiler ;98391;80093;1867;78226;29584;40001;0;0;8641;0;0;0;0;0;0;0;0;0;0;0;0;0;0;0;0;0;0;0;0;0;0;0;0;1118;78975;23294;38374;0;6246;8674;662;332;0;512;206;187;104;0;0;0;0;0;0;0;0;0;0;0;384
RP;07132;Altenkirchen ;103109;82348;1318;81030;36914;35619;0;2307;4744;660;0;0;0;0;0;786;0;0;0;0;0;0;0;0;0;0;0;0;0;0;0;0;0;1154;81194;31195;34510;0;5315;7276;687;404;0;524;198;69;613;0;0;0;0;0;0;0;0;0;0;0;403
RP;07133;Bad Kreuznach ;120556;95843;2328;93515;43953;37917;0;4032;5999;1303;0;0;0;0;0;0;0;0;0;0;0;0;0;0;0;0;0;0;0;0;0;0;311;1598;94245;39503;34513;0;7413;9312;942;622;0;736;401;136;224;0;0;0;0;0;0;0;0;0;0;0;443
RP;07134;Birkenfeld ;70841;53165;2019;51146;24126;20024;0;1565;4235;756;0;0;0;0;0;0;0;0;0;0;0;0;0;0;0;0;0;0;0;0;0;0;440;1648;51517;22170;18585;0;3015;5488;577;703;0;403;205;52;82;0;0;0;0;0;0;0;0;0;0;0;237
RP;07135;Cochem-Zell ;52169;42762;1165;41597;11828;24273;0;1621;3875;0;0;0;0;0;0;0;0;0;0;0;0;0;0;0;0;0;0;0;0;0;0;0;0;721;42041;11960;22840;0;1927;4166;253;169;0;285;141;26;110;0;0;0;0;0;0;0;0;0;0;0;164
RP;07137;Mayen-Koblenz ;163513;129492;3077;126415;56376;58276;0;2142;8918;430;0;0;0;0;273;0;0;0;0;0;0;0;0;0;0;0;0;0;0;0;0;0;0;1898;127594;48192;55564;0;8804;11412;934;511;0;796;317;157;312;0;0;0;0;0;0;0;0;0;0;0;595
RP;07138;Neuwied ;137907;110324;1842;108482;48196;48331;0;3484;6374;1237;0;0;0;0;0;860;0;0;0;0;0;0;0;0;0;0;0;0;0;0;0;0;0;1490;108834;42040;44855;0;8003;9946;1120;466;0;811;294;117;622;0;0;0;0;0;0;0;0;0;0;0;560
RP;07140;Rhein-Hunsrück-Kreis ;81259;65882;1566;64316;24858;28172;0;3362;7924;0;0;0;0;0;0;0;0;0;0;0;0;0;0;0;0;0;0;0;0;0;0;0;0;984;64898;23356;28022;0;4402;6906;611;318;0;474;181;104;219;0;0;0;0;0;0;0;0;0;0;0;305
RP;07141;Rhein-Lahn-Kreis ;99720;80141;1625;78516;35654;30598;0;5137;5707;974;0;0;0;0;183;263;0;0;0;0;0;0;0;0;0;0;0;0;0;0;0;0;0;1103;79038;34268;28633;0;5938;7256;798;549;0;522;264;83;260;0;0;0;0;0;0;0;0;0;0;0;467
RP;07143;Westerwaldkreis ;152235;122815;2411;120404;43504;58560;0;6881;9012;1385;0;0;0;0;0;1062;0;0;0;0;0;0;0;0;0;0;0;0;0;0;0;0;0;1746;121069;43986;54086;0;7540;11015;1078;676;0;862;452;106;634;0;0;0;0;0;0;0;0;0;0;0;634
RP;07211;Trier ;75732;56626;754;55872;24768;21381;0;4717;2967;734;0;0;0;420;0;0;0;0;0;0;0;0;0;0;0;0;0;0;0;0;0;0;885;593;56033;22338;20008;0;7294;4456;731;192;0;359;308;73;128;0;0;0;0;0;0;0;0;0;0;0;146
RP;07231;Bernkastel-Wittlich ;89936;71209;1815;69394;24667;33817;0;3835;7075;0;0;0;0;0;0;0;0;0;0;0;0;0;0;0;0;0;0;0;0;0;0;0;0;1148;70061;23328;31605;0;4934;7820;586;392;0;577;285;75;127;0;0;0;0;0;0;0;0;0;0;0;332
RP;07232;Bitburg-Prüm ;74453;58996;1483;57513;21224;29233;0;3085;3971;0;0;0;0;0;0;0;0;0;0;0;0;0;0;0;0;0;0;0;0;0;0;0;0;975;58021;19689;27062;0;3762;5855;348;243;0;424;216;92;116;0;0;0;0;0;0;0;0;0;0;0;214
RP;07233;Daun ;49992;40363;881;39482;13532;21971;0;1542;2437;0;0;0;0;0;0;0;0;0;0;0;0;0;0;0;0;0;0;0;0;0;0;0;0;576;39787;12013;20737;0;2369;3482;301;190;0;277;95;43;103;0;0;0;0;0;0;0;0;0;0;0;177
RP;07235;Trier-Saarburg ;107761;88599;1935;86664;37463;37539;0;4195;4734;665;0;0;0;654;0;0;0;0;0;0;0;0;0;0;0;0;0;0;0;0;0;0;1414;1520;87079;34901;35174;0;6744;7521;713;358;0;660;436;105;151;0;0;0;0;0;0;0;0;0;0;0;316
RP;07311;Frankenthal ;34366;27133;532;26601;11341;12496;0;955;1220;259;0;0;0;330;0;0;0;0;0;0;0;0;0;0;0;0;0;0;0;0;0;0;0;461;26672;10161;11253;0;1964;2002;263;421;0;177;167;18;81;0;0;0;0;0;0;0;0;0;0;0;165
RP;07312;Kaiserslautern ;72941;53308;1218;52090;24222;20299;0;2982;3635;952;0;0;0;0;0;0;0;0;0;0;0;0;0;0;0;0;0;0;0;0;0;0;0;958;52350;21161;18622;0;5123;4599;663;567;0;579;356;72;163;0;0;0;0;0;0;0;0;0;0;0;445
RP;07313;Landau in der Pfalz ;31234;24544;396;24148;9806;9425;0;2116;1976;391;0;0;0;224;0;210;0;0;0;0;0;0;0;0;0;0;0;0;0;0;0;0;0;337;24207;8982;8899;0;2882;2281;320;163;0;228;135;59;140;0;0;0;0;0;0;0;0;0;0;0;118
RP;07314;Ludwigshafen am Rhein ;103608;79244;1510;77734;39081;29881;0;2875;3605;1137;0;0;0;1155;0;0;0;0;0;0;0;0;0;0;0;0;0;0;0;0;0;0;0;1237;78007;33802;27721;0;5974;5626;1091;1593;0;734;513;91;162;0;0;0;0;0;0;0;0;0;0;0;700
RP;07315;Mainz ;128322;104185;1327;102858;42617;35965;0;9059;10880;1286;1741;0;0;0;1129;0;0;0;0;0;181;0;0;0;0;0;0;0;0;0;0;0;0;1053;103132;37514;35986;0;14995;9837;1629;1357;0;556;151;497;126;0;0;0;0;0;0;0;0;0;0;0;484
RP;07316;Neustadt an der Weinstraße ;41380;33661;781;32880;13424;15546;0;1719;2107;0;0;0;0;0;0;0;0;0;0;0;0;0;0;0;0;0;0;0;0;0;0;0;84;504;33157;11007;14325;0;3452;2919;357;372;0;257;103;63;140;0;0;0;0;0;0;0;0;0;0;0;162
RP;07317;Pirmasens ;35363;25697;1102;24595;10848;10777;0;755;1540;675;0;0;0;0;0;0;0;0;0;0;0;0;0;0;0;0;0;0;0;0;0;0;0;870;24827;9669;10061;0;1283;1926;300;995;0;233;88;49;85;0;0;0;0;0;0;0;0;0;0;0;138
RP;07318;Speyer ;36046;28375;662;27713;12007;11587;0;2000;2004;0;0;0;0;0;0;0;0;0;0;0;0;0;0;0;0;0;0;0;0;0;0;0;115;414;27961;10347;10745;0;2993;2228;401;614;0;235;69;97;66;0;0;0;0;0;0;0;0;0;0;0;166
RP;07319;Worms ;58584;44010;1165;42845;21422;16100;0;2106;3217;0;0;0;0;0;0;0;0;0;0;0;0;0;0;0;0;0;0;0;0;0;0;0;0;825;43185;17817;15988;0;3340;3737;557;612;0;423;205;44;139;0;0;0;0;0;0;0;0;0;0;0;323
RP;07320;Zweibrücken ;28137;21225;556;20669;9901;7622;0;913;1763;470;0;0;0;0;0;0;0;0;0;0;0;0;0;0;0;0;0;0;0;0;0;0;0;411;20814;8904;7150;0;1448;1930;303;273;0;236;167;109;113;0;0;0;0;0;0;0;0;0;0;0;181
RP;07331;Alzey-Worms ;94058;77188;1845;75343;37639;26953;0;4073;6678;0;0;0;0;0;0;0;0;0;0;0;0;0;0;0;0;0;0;0;0;0;0;0;0;1233;75955;31993;26976;0;5786;7673;717;783;0;698;457;81;256;0;0;0;0;0;0;0;0;0;0;0;535
RP;07332;Bad Dürkheim ;104090;85821;1882;83939;38089;35460;0;3873;6223;0;0;0;0;0;0;0;0;0;0;0;0;0;0;0;0;0;0;0;0;0;0;0;294;1327;84494;32289;32083;0;7299;8644;820;1103;0;817;433;113;311;0;0;0;0;0;0;0;0;0;0;0;582
RP;07333;Donnersbergkreis ;59435;46702;1059;45643;22990;16490;0;2045;3389;729;0;0;0;0;0;0;0;0;0;0;0;0;0;0;0;0;0;0;0;0;0;0;0;849;45853;20232;15479;0;3253;4269;519;645;0;499;448;52;138;0;0;0;0;0;0;0;0;0;0;0;319
RP;07334;Germersheim ;89717;73135;1263;71872;29054;32015;0;3318;5147;676;0;0;0;1177;0;485;0;0;0;0;0;0;0;0;0;0;0;0;0;0;0;0;0;1140;71995;26320;30144;0;4948;6445;561;1373;0;616;483;248;288;0;0;0;0;0;0;0;0;0;0;0;569
RP;07335;Kaiserslautern ;83229;67155;1807;65348;29142;28306;0;2573;4374;953;0;0;0;0;0;0;0;0;0;0;0;0;0;0;0;0;0;0;0;0;0;0;0;1299;65856;26533;25995;0;4295;5438;597;849;0;652;491;104;361;0;0;0;0;0;0;0;0;0;0;0;541
RP;07336;Kusel ;61943;48586;1444;47142;25547;15298;0;2469;2955;873;0;0;0;0;0;0;0;0;0;0;0;0;0;0;0;0;0;0;0;0;0;0;0;1124;47462;24107;13925;0;2883;3582;560;984;0;503;337;55;160;0;0;0;0;0;0;0;0;0;0;0;366
RP;07337;Südliche Weinstraße ;84752;70624;1441;69183;27313;30397;0;3669;5626;675;0;0;0;934;0;569;0;0;0;0;0;0;0;0;0;0;0;0;0;0;0;0;0;1346;69278;24661;28651;0;5704;6773;680;601;0;759;518;120;361;0;0;0;0;0;0;0;0;0;0;0;450
RP;07338;Ludwigshafen ;112884;95757;1769;93988;40699;41032;0;4488;6443;577;0;0;0;575;0;0;0;0;0;0;0;0;0;0;0;0;0;0;0;0;0;0;174;1267;94490;35684;38017;0;7563;8742;775;1439;0;885;331;122;237;0;0;0;0;0;0;0;0;0;0;0;695
RP;07339;Mainz-Bingen ;148612;124633;1981;122652;52004;46792;0;8228;13258;785;980;0;0;0;459;0;0;0;0;0;146;0;0;0;0;0;0;0;0;0;0;0;0;1413;123220;47885;45487;0;12196;12933;1300;1050;0;927;322;287;216;0;0;0;0;0;0;0;0;0;0;0;617
RP;07340;Südwestpfalz ;82642;68176;2191;65985;26172;31093;0;2451;5054;1215;0;0;0;0;0;0;0;0;0;0;0;0;0;0;0;0;0;0;0;0;0;0;0;1527;66649;23365;29532;0;3735;6084;608;1326;0;723;376;125;268;0;0;0;0;0;0;0;0;0;0;0;507
BW;08111;Stuttgart ;357253;289509;3197;286312;125311;108743;0;29719;15855;3017;0;1809;0;0;0;1016;0;0;0;0;547;0;0;0;0;0;0;0;0;0;0;0;295;2965;286544;102231;100542;0;46344;24489;4093;2762;843;1453;492;371;680;389;0;0;114;173;0;0;0;0;0;231;1337
BW;08115;Böblingen ;246593;205778;2419;203359;72623;95268;0;18449;11761;1880;0;1102;0;0;0;2276;0;0;0;0;0;0;0;0;0;0;0;0;0;0;0;0;0;2043;203735;67435;85673;0;23287;18133;1668;2085;418;1003;486;243;1751;319;0;0;100;42;0;0;0;0;0;139;953
BW;08116;Esslingen ;348818;292147;3890;288257;113013;130608;0;25504;15570;1049;0;883;0;0;0;1630;0;0;0;0;0;0;0;0;0;0;0;0;0;0;0;0;0;2804;289343;98927;120507;0;33745;23135;2250;4385;504;1480;534;412;1399;448;0;0;184;48;0;0;0;0;0;228;1157
BW;08117;Göppingen ;179165;145541;1904;143637;56972;68948;0;6645;6472;829;2912;0;0;0;0;859;0;0;0;0;0;0;0;0;0;0;0;0;0;0;0;0;0;1727;143814;51212;60611;0;14678;10822;1068;2363;142;750;345;181;669;251;0;0;94;27;0;0;0;0;0;133;468
BW;08118;Ludwigsburg ;342077;286672;3909;282763;120025;125625;0;14299;15703;2702;0;2333;0;0;0;2076;0;0;0;0;0;0;0;0;0;0;0;0;0;0;0;0;0;3075;283597;99861;112909;0;34411;23200;2641;3972;853;1306;562;339;1520;435;0;0;159;70;0;0;0;0;0;284;1075
BW;08119;Rems-Murr-Kreis ;286027;235041;3140;231901;97325;104426;0;11167;14628;1950;0;0;0;0;0;2405;0;0;0;0;0;0;0;0;0;0;0;0;0;0;0;0;0;2379;232662;77616;96998;0;27372;19724;1915;2899;384;980;537;410;1751;363;0;0;127;56;0;0;0;0;0;219;1311
BW;08121;Heilbronn ;77645;60173;990;59183;25017;28005;0;2458;2705;646;0;0;0;0;0;352;0;0;0;0;0;0;0;0;0;0;0;0;0;0;0;0;0;929;59244;22256;24425;0;5077;4612;582;1075;104;216;137;128;162;101;0;0;25;12;0;0;0;0;0;58;274
BW;08125;Heilbronn ;226921;186539;2670;183869;72060;90590;0;7745;9900;1673;0;341;0;0;0;1560;0;0;0;0;0;0;0;0;0;0;0;0;0;0;0;0;0;2311;184228;63158;80661;0;15700;15480;1417;3063;325;789;638;436;1009;379;0;0;128;30;0;0;0;0;0;212;803
BW;08126;Hohenlohekreis ;79196;63598;986;62612;20108;30255;0;3743;7091;660;0;0;0;0;0;755;0;0;0;0;0;0;0;0;0;0;0;0;0;0;0;0;0;866;62732;19222;28837;0;5349;6229;548;745;84;246;353;114;499;119;0;0;44;9;0;0;0;0;0;86;248
BW;08127;Schwäbisch Hall ;138993;107045;1607;105438;38247;49241;0;7432;7847;1201;0;0;0;0;0;1470;0;0;0;0;0;0;0;0;0;0;0;0;0;0;0;0;0;1641;105404;34335;44169;0;11817;9453;950;1491;120;456;459;293;1148;187;0;0;73;15;0;0;0;0;0;96;342
BW;08128;Main-Tauber-Kreis ;104010;84908;1678;83230;27111;45475;0;3792;5219;0;0;0;0;0;895;738;0;0;0;0;0;0;0;0;0;0;0;0;0;0;0;0;0;1258;83650;23470;44014;0;6781;5640;548;1066;72;344;259;421;378;161;0;0;64;19;0;0;0;0;0;96;317
BW;08135;Heidenheim ;96978;78431;1358;77073;32375;35069;0;3573;3408;0;0;0;0;0;796;494;0;0;0;0;0;0;0;0;0;0;0;965;0;393;0;0;0;1219;77212;29707;32741;0;6361;4711;627;1054;77;206;165;317;368;126;0;0;48;11;0;0;0;0;0;76;617
BW;08136;Ostalbkreis ;228049;184528;3152;181376;66364;92703;0;10380;7743;832;0;0;0;0;539;1596;0;0;0;0;0;0;0;0;0;0;0;1069;0;150;0;0;0;2684;181844;60702;86826;0;15627;11145;1134;2165;234;566;477;333;1031;295;0;0;127;23;0;0;0;0;0;166;993
BW;08211;Baden-Baden ;39771;31629;501;31128;10488;14632;0;2691;2795;321;0;0;0;0;0;149;0;0;0;0;0;0;0;0;0;0;0;0;0;0;0;0;52;424;31205;9871;13779;0;3506;2873;337;192;50;157;96;35;81;29;0;0;13;4;0;0;0;0;0;47;135
BW;08212;Karlsruhe ;196039;155007;2550;152457;60969;53487;0;13541;21216;2009;0;0;0;1235;0;0;0;0;0;0;0;0;0;0;0;0;0;0;0;0;0;0;0;2607;152400;56668;53969;0;21976;12823;2373;764;257;607;698;229;512;176;0;0;74;55;0;0;0;0;0;139;1080
BW;08215;Karlsruhe ;310145;255153;5499;249654;95343;121264;0;16271;15758;1018;0;0;0;0;0;0;0;0;0;0;0;0;0;0;0;0;0;0;0;0;0;0;0;3258;251895;86626;113402;0;21187;19627;1924;2064;347;1362;844;227;1316;452;0;0;237;55;0;0;0;0;0;259;1966
BW;08216;Rastatt ;164437;130931;2517;128414;46020;66804;0;7195;6220;1177;0;0;0;0;0;573;0;0;0;0;0;0;0;0;0;0;0;0;0;0;0;0;425;2189;128742;44137;60280;0;10266;9008;929;1387;159;715;381;136;295;205;0;0;79;25;0;0;0;0;0;148;592
BW;08221;Heidelberg ;93086;76177;771;75406;33323;25825;0;9754;4881;834;0;294;0;0;356;0;0;0;0;0;0;0;0;0;0;0;0;0;0;0;0;0;139;697;75480;24804;24322;0;17292;6271;1375;250;131;213;151;136;121;74;0;0;33;17;0;0;0;0;0;36;254
BW;08222;Mannheim ;198538;150891;2475;148416;72040;57209;0;9429;7110;2628;0;0;0;0;0;0;0;0;0;0;0;0;0;0;0;0;0;0;0;0;0;0;0;1975;148916;61488;51258;0;17796;10594;2421;1364;380;819;520;97;359;287;0;0;55;39;0;0;0;0;0;172;1267
BW;08225;Neckar-Odenwald-Kreis ;109646;87964;1998;85966;31050;44734;0;3732;4935;0;0;0;0;0;916;599;0;0;0;0;0;0;0;0;0;0;0;0;0;0;0;0;0;1486;86478;27447;43811;0;5892;5543;624;1071;91;398;255;277;328;180;0;0;74;16;0;0;0;0;0;98;373
BW;08226;Rhein-Neckar-Kreis ;384739;321410;5108;316302;131355;139884;0;21218;18850;3047;0;1561;0;0;293;0;0;0;0;0;0;0;0;0;0;0;0;0;0;0;0;0;94;3866;317544;113759;130336;0;35157;25398;2965;2386;694;1491;1112;366;836;567;0;0;186;50;0;0;0;0;0;297;1944
BW;08231;Pforzheim ;78919;59792;1068;58724;23292;28518;0;2215;3612;648;0;0;0;0;0;439;0;0;0;0;0;0;0;0;0;0;0;0;0;0;0;0;0;1112;58680;19215;27423;0;4768;4655;589;569;117;292;216;45;280;115;0;0;21;16;0;0;0;0;0;56;303
BW;08235;Calw ;108966;87785;1231;86554;28185;41528;0;6738;7206;815;0;0;0;0;0;2082;0;0;0;0;0;0;0;0;0;0;0;0;0;0;0;0;0;1134;86651;25535;40946;0;8183;7000;681;1025;152;477;280;133;1407;182;0;0;74;22;0;0;0;0;0;111;443
BW;08236;Enzkreis ;137451;113954;1490;112464;49028;49269;0;4695;6981;993;0;0;0;0;0;1498;0;0;0;0;0;0;0;0;0;0;0;0;0;0;0;0;0;1374;112580;39869;47156;0;10604;9293;845;1329;166;604;309;128;1174;225;0;0;83;14;0;0;0;0;0;132;649
BW;08237;Freudenstadt ;86632;68778;987;67791;22484;34622;0;3519;4854;619;0;0;0;0;0;1693;0;0;0;0;0;0;0;0;0;0;0;0;0;0;0;0;0;999;67779;19747;33748;0;5589;5180;564;763;80;335;193;100;926;106;0;0;59;17;0;0;0;0;0;93;279
BW;08311;Freiburg im Breisgau ;139874;113176;1500;111676;56684;31686;0;15769;5873;1664;0;0;0;0;0;0;0;0;0;0;0;0;0;0;0;0;0;0;0;0;0;0;0;1083;112093;37487;30513;0;32143;7170;2326;464;182;477;246;185;220;123;0;0;75;12;0;0;0;0;0;86;384
BW;08315;Breisgau-Hochschwarzwald ;178951;147833;2610;145223;58287;62378;0;13480;8954;1417;0;0;0;0;0;707;0;0;0;0;0;0;0;0;0;0;0;0;0;0;0;0;0;1788;146045;48554;57828;0;22649;11583;1303;868;237;745;299;229;597;249;0;0;157;28;0;0;0;0;0;169;550
BW;08316;Emmendingen ;114634;93361;1458;91903;40910;38931;0;7133;4411;0;0;0;0;0;0;0;0;0;0;0;0;0;0;0;0;0;416;0;0;0;0;0;102;1364;91997;34770;34756;0;12346;6504;849;593;102;521;253;119;278;139;0;0;137;13;0;0;0;0;0;159;458
BW;08317;Ortenaukreis ;303619;239421;4623;234798;82064;121667;0;15076;11473;1285;0;0;0;0;0;783;0;0;0;0;0;0;0;0;0;0;2154;0;0;0;0;0;296;4624;234797;77559;107308;0;22335;16352;1829;2347;314;1013;532;234;801;450;0;0;299;49;0;0;0;0;0;1613;1762
BW;08325;Rottweil ;102879;82312;1767;80545;26888;42405;0;3966;6253;1033;0;0;0;0;0;0;0;0;0;0;0;0;0;0;0;0;0;0;0;0;0;0;0;1167;81145;24033;40613;0;6239;6044;648;916;129;397;252;478;550;135;0;0;117;26;0;0;0;0;0;158;410
BW;08326;Schwarzwald-Baar-Kreis ;149776;119401;2478;116923;39466;58039;0;8896;9112;0;0;0;0;0;0;1410;0;0;0;0;0;0;0;0;0;0;0;0;0;0;0;0;0;1831;117570;37529;54667;0;10244;9716;968;1159;216;835;389;159;799;197;0;0;117;28;0;0;0;0;0;134;413
BW;08327;Tuttlingen ;93887;75342;1634;73708;22004;38776;0;3774;8338;816;0;0;0;0;0;0;0;0;0;0;0;0;0;0;0;0;0;0;0;0;0;0;0;1040;74302;21479;38108;0;5264;6145;504;958;110;378;224;121;356;165;0;0;65;26;0;0;0;0;0;121;278
BW;08335;Konstanz ;189541;151117;2815;148302;47581;65446;0;16279;14265;2271;0;0;0;0;0;901;0;0;0;0;0;0;0;0;0;0;0;0;0;0;0;0;1559;1856;149261;50433;59591;0;19036;14253;1643;1070;250;683;324;226;589;265;0;0;117;40;0;0;0;0;0;156;585
BW;08336;Lörrach ;156531;122318;2208;120110;56353;46496;0;8215;5489;1988;0;0;0;0;0;1569;0;0;0;0;0;0;0;0;0;0;0;0;0;0;0;0;0;1651;120667;48576;41903;0;15837;8685;1508;1226;189;579;283;111;1010;166;0;0;87;22;0;0;0;0;0;112;373
BW;08337;Waldshut ;116742;91295;1884;89411;33903;40882;0;6966;5799;953;0;0;0;0;0;908;0;0;0;0;0;0;0;0;0;0;0;0;0;0;0;0;0;1180;90115;30957;39513;0;8980;6766;784;995;132;393;214;225;522;162;0;0;68;17;0;0;0;0;0;86;301
BW;08415;Reutlingen ;192797;157712;3017;154695;53729;69929;0;13633;15688;1716;0;0;0;0;0;0;0;0;0;0;0;0;0;0;0;0;0;0;0;0;0;0;0;1842;155870;51464;68347;0;16892;13071;1343;1805;207;520;341;179;597;262;0;0;137;36;0;0;0;0;0;129;540
BW;08416;Tübingen ;141903;119046;1805;117241;49008;47944;0;13438;5351;1500;0;0;0;0;0;0;0;0;0;0;0;0;0;0;0;0;0;0;0;0;0;0;0;1041;118005;38896;43718;0;21577;8292;1877;1536;129;351;199;247;503;177;0;0;100;20;0;0;0;0;0;92;291
BW;08417;Zollernalbkreis ;139384;110648;2029;108619;35492;57382;0;5391;5918;792;1889;491;0;0;0;1264;0;0;0;0;0;0;0;0;0;0;0;0;0;0;0;0;0;1521;109127;33856;53809;0;7702;8377;726;1971;267;465;344;126;789;159;0;0;101;15;0;0;0;0;0;121;299
BW;08421;Ulm ;77998;63120;1005;62115;25660;26300;0;5798;3046;868;0;0;0;0;0;0;0;0;0;0;0;0;0;0;0;0;0;0;0;0;0;0;443;739;62381;22398;24402;0;8752;4326;818;446;84;284;170;124;125;84;0;0;49;15;0;0;0;0;0;78;226
BW;08425;Alb-Donau-Kreis ;132764;110706;1784;108922;32477;62053;0;7687;4745;944;0;0;0;0;0;0;0;0;0;0;0;0;0;0;0;0;0;0;0;0;0;0;1016;1455;109251;31500;55404;0;10113;7403;708;1423;125;493;312;319;469;179;0;0;133;39;0;0;0;0;0;177;454
BW;08426;Biberach ;134749;110112;2055;108057;27422;63908;0;7393;6881;860;0;0;0;1593;0;0;0;0;0;0;0;0;0;0;0;0;0;0;0;0;0;0;0;1812;108300;25726;60049;0;9883;7150;644;1977;144;473;583;539;258;229;0;0;197;39;0;0;0;0;0;114;295
BW;08435;Bodenseekreis ;144978;119076;1642;117434;36963;58190;0;13098;6313;976;0;0;0;0;1311;583;0;0;0;0;0;0;0;0;0;0;0;0;0;0;0;0;0;1439;117637;35724;53668;0;14149;9599;942;725;174;594;305;539;396;177;0;0;111;21;0;0;0;0;0;128;385
BW;08436;Ravensburg ;192808;156009;2543;153466;44462;82994;0;15051;7246;1279;148;30;0;671;904;681;0;0;0;0;0;0;0;0;0;0;0;0;0;0;0;0;0;2071;153938;40609;78221;0;17735;10103;1110;1537;229;706;427;1409;701;279;0;0;222;34;0;0;0;0;0;156;460
BW;08437;Sigmaringen ;94872;76222;1486;74736;19614;42630;0;4322;5252;562;1594;325;0;0;0;437;0;0;0;0;0;0;0;0;0;0;0;0;0;0;0;0;0;1223;74999;18676;42028;0;5701;5224;558;1157;140;319;208;138;264;134;0;0;105;15;0;0;0;0;0;98;234
BY;09161;Ingolstadt ;84026;63122;957;62165;16115;0;37608;4888;1925;952;0;0;0;0;677;0;0;0;0;0;0;0;0;0;0;0;0;0;0;0;0;0;0;635;62487;17800;0;35728;4452;2615;494;405;44;167;120;273;79;43;67;0;27;8;0;0;31;0;0;0;134
BY;09162;München ;837846;673010;6511;666499;272035;0;295536;53475;33250;6401;0;0;0;0;2458;0;0;0;0;0;1486;163;0;1468;0;0;0;0;0;0;0;0;227;3519;669491;198645;0;298809;107853;41228;8526;2553;1007;2937;1087;1895;397;642;799;0;309;349;0;0;733;0;0;0;1722
BY;09163;Rosenheim ;41119;31189;434;30755;8148;0;17556;2014;1226;175;876;177;0;0;517;0;0;0;0;0;66;0;0;0;0;0;0;0;0;0;0;0;0;199;30990;7374;0;18225;2545;1508;225;529;63;115;25;152;32;28;76;0;16;20;0;0;15;0;0;0;42
BY;09171;Altötting ;82275;66368;1038;65330;14257;0;45837;2608;1817;519;39;0;0;0;0;0;0;0;0;0;87;0;0;0;0;0;0;0;0;0;0;0;166;608;65760;12787;0;45372;3122;2309;358;717;48;182;159;241;39;61;96;0;59;34;0;0;33;0;0;0;143
BY;09172;Berchtesgadener Land ;72637;58729;734;57995;11227;0;40349;3835;1422;267;787;0;0;0;0;0;0;0;0;0;108;0;0;0;0;0;0;0;0;0;0;0;0;481;58248;10838;0;39604;3793;2089;322;534;50;190;89;223;138;56;78;0;59;35;0;0;29;0;0;0;121
BY;09173;Bad Tölz-Wolfratshausen ;86272;72583;968;71615;14630;0;48578;3213;3301;620;0;412;0;0;861;0;0;0;0;0;0;0;0;0;0;0;0;0;0;0;0;0;0;482;72101;12639;0;48806;5774;3081;419;190;120;194;115;318;45;61;118;0;42;10;0;0;52;0;0;0;117
BY;09174;Dachau ;93294;78076;1344;76732;18819;0;48323;4549;3143;738;0;0;0;0;1160;0;0;0;0;0;0;0;0;0;0;0;0;0;0;0;0;0;0;646;77430;17140;0;48261;6191;3568;464;535;86;279;95;292;55;82;102;0;41;18;0;0;65;0;0;0;156
BY;09175;Ebersberg ;87477;75626;750;74876;22668;0;43683;4884;2806;628;0;0;0;0;0;0;0;0;0;0;0;0;0;0;0;0;0;0;0;0;0;0;207;370;75256;17501;0;43871;7753;4111;540;285;76;282;91;242;38;87;118;0;44;21;0;0;42;0;0;0;154
BY;09176;Eichstätt ;88705;75732;904;74828;17587;0;49365;4687;1621;668;0;0;0;0;900;0;0;0;0;0;0;0;0;0;0;0;0;0;0;0;0;0;0;588;75144;18969;0;48004;3855;2313;407;395;42;166;136;400;73;77;92;0;42;10;0;0;36;0;0;0;127
BY;09177;Erding ;85962;71176;1091;70085;15578;0;45818;3793;2981;660;0;0;0;0;1255;0;0;0;0;0;0;0;0;0;0;0;0;0;0;0;0;0;0;409;70767;14014;0;46334;4874;2982;502;808;60;208;67;481;21;76;130;0;37;11;0;0;26;0;0;0;136
BY;09178;Freising ;107844;90205;1204;89001;20519;0;53842;5979;6069;903;0;0;0;0;1689;0;0;0;0;0;0;0;0;0;0;0;0;0;0;0;0;0;0;462;89743;19107;0;55586;7976;4486;668;407;70;277;146;449;69;84;135;0;27;13;0;0;39;0;0;0;204
BY;09179;Fürstenfeldbruck ;145143;123599;1361;122238;35441;0;69774;9511;5272;1023;0;0;0;0;1217;0;0;0;0;0;0;0;0;0;0;0;0;0;0;0;0;0;0;588;123011;30679;0;68126;14176;6593;853;724;133;432;124;372;102;102;162;0;47;18;0;0;138;0;0;0;230
BY;09180;Garmisch-Partenkirchen ;64638;53535;768;52767;9166;0;38032;2788;2029;0;0;0;0;0;0;187;0;565;0;0;0;0;0;0;0;0;0;0;0;0;0;0;0;267;53268;8254;0;38029;2997;2442;262;193;52;179;87;392;59;49;128;0;14;2;0;0;30;0;0;0;99
BY;09181;Landsberg a.Lech ;78963;66322;932;65390;15398;0;38463;7119;2586;0;0;0;0;0;0;450;0;1374;0;0;0;0;0;0;0;0;0;0;0;0;0;0;0;362;65960;14061;0;40301;6357;3291;400;183;52;212;117;262;111;65;299;0;40;14;0;0;54;0;0;0;141
BY;09182;Miesbach ;68787;57850;707;57143;11711;0;39229;2567;2556;369;0;242;0;0;469;0;0;0;0;0;0;0;0;0;0;0;0;0;0;0;0;0;0;362;57488;10989;0;38227;4103;2819;272;191;73;176;90;167;31;55;96;0;25;12;0;0;36;0;0;0;126
BY;09183;Mühldorf a.Inn ;82140;65726;896;64830;13571;0;45475;2883;2081;530;0;0;0;0;0;0;0;0;0;0;0;0;0;0;0;0;0;0;0;0;0;0;290;462;65264;11799;0;45807;3303;2368;351;454;41;223;127;242;55;70;152;0;61;19;0;0;49;0;0;0;143
BY;09184;München ;216615;186677;1578;185099;61923;0;99911;11618;8814;1278;0;0;0;0;1555;0;0;0;0;0;0;0;0;0;0;0;0;0;0;0;0;0;0;853;185824;46596;0;100536;20876;13032;1354;611;214;651;288;574;83;171;216;0;63;39;0;0;136;0;0;0;384
BY;09185;Neuburg-Schrobenhausen ;67390;54604;709;53895;11617;0;37726;2400;1358;461;0;0;0;0;333;0;0;0;0;0;0;0;0;0;0;0;0;0;0;0;0;0;0;415;54189;12133;0;36486;2403;1924;251;291;36;121;102;116;38;44;80;0;18;9;0;0;31;0;0;0;106
BY;09186;Pfaffenhofen a.d.Ilm ;83703;68819;1145;67674;15734;0;43547;3990;2945;536;0;0;0;0;922;0;0;0;0;0;0;0;0;0;0;0;0;0;0;0;0;0;0;412;68407;15649;0;44019;4047;2851;381;350;59;193;122;309;85;68;66;0;35;11;0;0;29;0;0;0;133
BY;09187;Rosenheim ;175450;145852;1799;144053;30575;0;92772;9144;5197;630;2798;573;0;0;2114;0;0;0;0;0;250;0;0;0;0;0;0;0;0;0;0;0;0;785;145067;27219;0;95651;10902;6409;779;1320;193;510;153;845;120;115;381;0;97;84;0;0;83;0;0;0;206
BY;09188;Starnberg ;92843;80966;783;80183;19577;0;44500;5781;8513;542;0;359;0;0;911;0;0;0;0;0;0;0;0;0;0;0;0;0;0;0;0;0;0;396;80570;17258;0;45182;10263;6050;503;166;100;241;110;278;38;55;89;0;29;10;0;0;75;0;0;0;123
BY;09189;Traunstein ;127332;104748;1454;103294;21228;0;70738;6496;2621;591;1260;0;0;0;0;0;0;0;0;0;360;0;0;0;0;0;0;0;0;0;0;0;0;857;103891;20045;0;69255;7501;3826;522;719;93;344;127;439;148;83;388;0;118;73;0;0;57;0;0;0;153
BY;09190;Weilheim-Schongau ;94878;79584;1231;78353;19883;0;48278;5467;3152;0;0;0;0;0;0;444;0;1129;0;0;0;0;0;0;0;0;0;0;0;0;0;0;0;439;79145;18088;0;49151;6103;3402;488;350;77;293;157;283;110;96;260;0;33;15;0;0;73;0;0;0;166
BY;09261;Landshut ;45352;35255;793;34462;8926;0;20433;3166;1937;0;0;0;0;0;0;0;0;0;0;0;0;0;0;0;0;0;0;0;0;0;0;0;0;242;35013;8220;0;21418;2675;1570;295;134;44;149;75;157;21;47;33;0;18;6;0;0;21;0;0;0;130
BY;09262;Passau ;38784;29276;375;28901;6495;0;15808;1585;3909;271;0;0;0;0;833;0;0;0;0;0;0;0;0;0;0;0;0;0;0;0;0;0;0;228;29048;7178;0;17500;2032;1531;173;120;17;68;52;226;15;16;30;0;12;4;0;0;12;0;0;0;62
BY;09263;Straubing ;33715;24745;330;24415;5141;0;17460;1068;746;0;0;0;0;0;0;0;0;0;0;0;0;0;0;0;0;0;0;0;0;0;0;0;0;134;24611;5488;0;16580;919;794;106;161;18;67;167;164;13;19;27;0;7;0;0;0;9;0;0;0;72
BY;09271;Deggendorf ;88723;68731;718;68013;17449;0;46097;1617;1321;0;1529;0;0;0;0;0;0;0;0;0;0;0;0;0;0;0;0;0;0;0;0;0;0;460;68271;13325;0;48006;2523;2214;257;894;46;154;191;242;58;57;81;0;35;5;0;0;22;0;0;0;161
BY;09272;Freyung-Grafenau ;63947;48910;579;48331;10532;0;34085;1722;984;0;1008;0;0;0;0;0;0;0;0;0;0;0;0;0;0;0;0;0;0;0;0;0;0;328;48582;9354;0;34889;1452;1419;157;442;26;106;69;246;65;42;187;0;20;6;0;0;22;0;0;0;80
BY;09273;Kelheim ;82658;66599;1113;65486;16872;0;43059;3081;2474;0;0;0;0;0;0;0;0;0;0;0;0;0;0;0;0;0;0;0;0;0;0;0;0;480;66119;14888;0;43820;3618;2093;295;280;44;192;200;325;45;70;64;0;27;6;0;0;35;0;0;0;117
BY;09274;Landshut ;108670;90368;1395;88973;18216;0;60710;4967;5080;0;0;0;0;0;0;0;0;0;0;0;0;0;0;0;0;0;0;0;0;0;0;0;0;484;89884;16578;0;63068;4437;3260;419;436;73;311;242;478;44;110;128;0;40;9;0;0;43;0;0;0;208
BY;09275;Passau ;144161;112629;1643;110986;21773;0;74848;3813;7790;716;0;0;0;0;2046;0;0;0;0;0;0;0;0;0;0;0;0;0;0;0;0;0;0;848;111781;23372;0;77527;3904;3882;436;610;84;310;258;717;88;94;128;0;55;11;0;0;48;0;0;0;257
BY;09276;Regen ;63888;49176;759;48417;11069;0;34669;1644;1035;0;0;0;0;0;0;0;0;0;0;0;0;0;0;0;0;0;0;0;0;0;0;0;0;411;48765;10040;0;34920;1304;1215;142;326;29;134;116;258;19;42;90;0;21;4;0;0;23;0;0;0;82
BY;09277;Rottal-Inn ;90299;71404;1425;69979;11447;0;51646;4473;2413;0;0;0;0;0;0;0;0;0;0;0;0;0;0;0;0;0;0;0;0;0;0;0;0;568;70836;11848;0;52203;2631;2267;247;300;49;192;179;402;34;58;110;0;54;13;0;0;38;0;0;0;211
BY;09278;Straubing-Bogen ;72812;60720;878;59842;8904;0;46890;2026;2022;0;0;0;0;0;0;0;0;0;0;0;0;0;0;0;0;0;0;0;0;0;0;0;0;432;60288;9816;0;45193;1701;1668;200;408;38;126;230;577;25;57;104;0;17;6;0;0;13;0;0;0;109
BY;09279;Dingolfing-Landau ;68976;54813;1254;53559;10417;0;38580;2605;1957;0;0;0;0;0;0;0;0;0;0;0;0;0;0;0;0;0;0;0;0;0;0;0;0;432;54381;10505;0;38984;1760;1540;233;352;27;159;164;280;18;75;71;0;32;13;0;0;29;0;0;0;139
BY;09361;Amberg ;33700;25647;488;25159;8330;0;13438;1538;1155;204;0;0;0;0;377;0;0;117;0;0;0;0;0;0;0;0;0;0;0;0;0;0;0;307;25340;7711;0;14463;1448;1024;146;102;34;72;66;93;38;20;28;0;14;1;0;0;6;0;0;0;74
BY;09362;Regensburg ;95646;74088;883;73205;22381;0;39378;5590;3135;798;0;0;0;0;1319;0;0;495;0;0;109;0;0;0;0;0;0;0;0;0;0;0;0;527;73561;19562;0;40001;8771;2858;725;211;63;234;196;454;73;71;143;0;34;18;0;0;21;0;0;0;126
BY;09363;Weiden i.d.OPf. ;33613;26109;403;25706;10184;0;13794;908;594;0;0;0;0;0;0;0;0;226;0;0;0;0;0;0;0;0;0;0;0;0;0;0;0;185;25924;8445;0;14631;1298;867;167;88;27;80;50;65;17;32;42;0;18;4;0;0;15;0;0;0;78
BY;09371;Amberg-Sulzbach ;82012;67708;1083;66625;23161;0;36495;2424;2804;520;0;0;0;0;909;0;0;312;0;0;0;0;0;0;0;0;0;0;0;0;0;0;0;705;67003;20331;0;39669;2787;2432;354;327;26;189;136;263;108;73;84;0;29;3;0;0;32;0;0;0;160
BY;09372;Cham ;101149;80653;1254;79399;14867;0;59567;2197;1318;0;0;0;0;0;1450;0;0;0;0;0;0;0;0;0;0;0;0;0;0;0;0;0;0;705;79948;15071;0;58544;2454;1894;242;468;34;219;216;296;72;79;137;0;45;3;0;0;31;0;0;0;143
BY;09373;Neumarkt i.d.OPf. ;94653;80116;1299;78817;17338;0;53165;3800;2581;474;0;0;0;0;759;0;0;700;0;0;0;0;0;0;0;0;0;0;0;0;0;0;0;601;79515;16168;0;55003;3860;2528;362;308;56;237;194;270;75;103;105;0;56;12;0;0;29;0;0;0;149
BY;09374;Neustadt a.d.Waldnaab ;76971;65182;984;64198;23397;0;37725;1403;1124;0;0;0;0;0;0;0;0;549;0;0;0;0;0;0;0;0;0;0;0;0;0;0;0;573;64609;19722;0;39511;2058;1838;254;274;28;162;143;188;29;56;117;0;28;3;0;0;33;0;0;0;165
BY;09375;Regensburg ;135937;113247;1628;111619;28000;0;71240;4454;3813;739;0;0;0;0;2381;0;0;758;0;0;234;0;0;0;0;0;0;0;0;0;0;0;0;1008;112239;27011;0;71561;6584;3868;577;573;74;373;279;689;82;78;207;0;40;38;0;0;26;0;0;0;179
BY;09376;Schwandorf ;113005;91251;1491;89760;30555;0;53596;2156;2194;0;0;0;0;0;1259;0;0;0;0;0;0;0;0;0;0;0;0;0;0;0;0;0;0;990;90261;26247;0;56156;3238;2343;409;459;59;265;219;381;51;93;94;0;38;10;0;0;31;0;0;0;168
BY;09377;Tirschenreuth ;62413;51861;818;51043;16427;0;31900;1172;1012;0;0;0;0;0;0;0;0;532;0;0;0;0;0;0;0;0;0;0;0;0;0;0;0;469;51392;14119;0;32811;1707;1559;172;261;45;144;120;109;26;43;106;0;31;6;0;0;22;0;0;0;111
BY;09461;Bamberg ;52718;40047;583;39464;9885;0;20573;5828;1853;344;871;0;0;0;0;0;0;0;0;0;0;0;0;0;0;0;0;0;0;0;0;0;110;276;39771;10450;0;21328;4460;1914;379;457;66;165;67;122;59;58;58;0;21;8;0;0;20;0;0;0;139
BY;09462;Bayreuth ;57376;44093;596;43497;14414;0;23114;2467;2416;531;555;0;0;0;0;0;0;0;0;0;0;0;0;0;0;0;0;0;0;0;0;0;0;374;43719;13626;0;22432;3737;2519;394;368;39;146;74;80;87;55;16;0;20;4;0;0;27;0;0;0;95
BY;09463;Coburg ;33001;25594;357;25237;10849;0;11425;1205;1536;222;0;0;0;0;0;0;0;0;0;0;0;0;0;0;0;0;0;0;0;0;0;0;0;250;25344;9524;0;11701;1892;1466;237;92;25;76;97;74;49;23;9;0;0;3;0;0;12;0;0;0;64
BY;09464;Hof ;37562;28333;481;27852;10240;0;15234;812;876;307;0;156;0;0;0;227;0;0;0;0;0;0;0;0;0;0;0;0;0;0;0;0;0;343;27990;9096;0;14972;1453;1263;233;349;63;128;49;41;129;44;24;0;3;5;0;0;18;0;0;0;120
BY;09471;Bamberg ;109226;91068;1404;89664;20030;0;59739;5096;3286;240;817;0;0;0;0;390;0;0;0;0;0;0;0;0;0;0;0;0;0;0;0;0;66;620;90448;19582;0;60065;4395;3422;466;980;68;278;289;192;157;97;122;0;56;20;0;0;52;0;0;0;207
BY;09472;Bayreuth ;85490;71444;765;70679;19678;0;45332;1952;2423;429;865;0;0;0;0;0;0;0;0;0;0;0;0;0;0;0;0;0;0;0;0;0;0;519;70925;20015;0;43344;3122;2697;294;527;45;197;148;107;95;91;51;0;17;7;0;0;35;0;0;0;133
BY;09473;Coburg ;71292;59057;638;58419;24679;0;28928;1919;2418;475;0;0;0;0;0;0;0;0;0;0;0;0;0;0;0;0;0;0;0;0;0;0;0;392;58665;21625;0;29840;2818;2664;428;246;46;192;347;114;73;62;37;0;18;7;0;0;29;0;0;0;119
BY;09474;Forchheim ;85328;71659;957;70702;17194;0;44789;4430;2393;407;1402;0;0;0;0;0;0;0;0;0;0;0;0;0;0;0;0;0;0;0;0;0;87;409;71250;17246;0;44222;4630;2869;367;783;58;232;154;124;229;84;50;0;27;9;0;0;59;0;0;0;107
BY;09475;Hof ;85591;70192;758;69434;25824;0;38211;2056;2008;536;0;238;0;0;0;561;0;0;0;0;0;0;0;0;0;0;0;0;0;0;0;0;0;572;69620;23737;0;37792;2956;2726;494;576;76;292;109;91;385;72;46;0;37;6;0;0;35;0;0;0;190
BY;09476;Kronach ;60304;49769;675;49094;23562;0;23590;799;875;268;0;0;0;0;0;0;0;0;0;0;0;0;0;0;0;0;0;0;0;0;0;0;0;524;49245;16804;0;28214;1518;1512;286;226;31;124;149;33;124;55;19;0;14;4;0;0;25;0;0;0;107
BY;09477;Kulmbach ;62595;51032;771;50261;16870;0;29137;2236;1735;0;0;0;0;0;0;283;0;0;0;0;0;0;0;0;0;0;0;0;0;0;0;0;0;343;50689;16977;0;27832;2357;1989;317;313;35;198;235;69;94;61;21;0;15;2;0;0;23;0;0;0;151
BY;09478;Lichtenfels ;55263;45398;756;44642;12652;0;28781;1638;1310;0;0;0;0;0;0;261;0;0;0;0;0;0;0;0;0;0;0;0;0;0;0;0;0;358;45040;11887;0;28562;1782;1514;261;208;31;117;314;58;85;49;39;0;18;2;0;0;30;0;0;0;83
BY;09479;Wunsiedel i.Fichtelgebirge ;67206;53423;679;52744;22250;0;27005;1385;1275;419;0;215;0;0;0;195;0;0;0;0;0;0;0;0;0;0;0;0;0;0;0;0;0;554;52869;19713;0;27316;2263;1881;368;372;79;233;158;64;111;59;55;0;13;8;0;0;23;0;0;0;153
BY;09561;Ansbach ;30524;22952;377;22575;8946;0;10252;1600;790;215;306;0;0;0;334;132;0;0;0;0;0;0;0;0;0;0;0;0;0;0;0;0;0;205;22747;7926;0;10998;1991;926;203;166;25;80;45;159;78;32;12;0;9;2;0;0;20;0;0;0;75
BY;09562;Erlangen ;72933;59616;555;59061;25951;0;25463;3567;2537;530;0;0;0;0;599;210;0;0;0;0;0;0;0;0;0;0;0;0;0;0;0;0;204;332;59284;21019;0;25151;7872;3370;648;191;64;175;131;274;113;57;33;0;21;13;0;0;36;0;0;0;116
BY;09563;Fürth ;79344;60551;720;59831;25581;0;27495;3423;2522;810;0;0;0;0;0;0;0;0;0;0;0;0;0;0;0;0;0;0;0;0;0;0;0;494;60057;23406;0;26594;5069;2716;598;542;72;232;211;89;153;91;30;0;21;17;0;0;28;0;0;0;188
BY;09564;Nürnberg ;337203;263591;3499;260092;110667;0;121006;13131;8627;2935;1842;0;0;0;612;1272;0;0;0;0;0;0;0;0;0;0;0;0;0;0;0;0;0;2231;261360;98232;0;117428;24098;11761;3107;1819;296;953;984;509;592;303;129;0;86;29;0;0;126;0;0;0;908
BY;09565;Schwabach ;28497;22775;284;22491;8651;0;10739;1583;980;183;0;0;0;0;212;143;0;0;0;0;0;0;0;0;0;0;0;0;0;0;0;0;0;153;22622;7800;0;11167;1919;1060;146;108;23;61;55;65;69;21;15;0;2;3;0;0;14;0;0;0;94
BY;09571;Ansbach ;137021;111071;1551;109520;30641;0;64557;6090;4189;605;1708;0;0;0;891;839;0;0;0;0;0;0;0;0;0;0;0;0;0;0;0;0;0;898;110173;30756;0;63731;7306;4607;538;966;93;297;332;465;520;134;74;0;51;12;0;0;51;0;0;0;240
BY;09572;Erlangen-Höchstadt ;97163;82999;846;82153;29954;0;44101;3521;3219;442;0;0;0;0;465;316;0;0;0;0;0;0;0;0;0;0;0;0;0;0;0;0;135;496;82503;26105;0;42795;7252;4244;470;348;62;259;268;201;168;77;39;0;19;11;0;0;40;0;0;0;145
BY;09573;Fürth ;86360;73506;820;72686;27983;0;37330;3665;3063;645;0;0;0;0;0;0;0;0;0;0;0;0;0;0;0;0;0;0;0;0;0;0;0;452;73054;25367;0;36070;5512;3769;466;616;67;259;183;137;214;72;37;0;44;5;0;0;42;0;0;0;194
BY;09574;Nürnberger Land ;126871;107005;1219;105786;39189;0;55987;5299;4319;0;0;0;0;0;0;992;0;0;0;0;0;0;0;0;0;0;0;0;0;0;0;0;0;682;106323;36742;0;52539;8607;5109;752;629;90;387;341;218;414;100;60;0;37;10;0;0;50;0;0;0;238
BY;09575;Neustadt a.d.Aisch-Bad Windsheim ;75916;61566;823;60743;17046;0;38532;2755;1889;521;0;0;0;0;0;0;0;0;0;0;0;0;0;0;0;0;0;0;0;0;0;0;0;510;61056;17060;0;35578;3866;2690;383;355;59;154;226;276;138;54;38;0;36;2;0;0;27;0;0;0;114
BY;09576;Roth ;94020;79907;1047;78860;25648;0;45919;4015;2745;0;0;0;0;0;0;533;0;0;0;0;0;0;0;0;0;0;0;0;0;0;0;0;0;546;79361;23329;0;45056;5224;3462;443;453;80;325;168;147;196;107;49;0;19;10;0;0;54;0;0;0;239
BY;09577;Weißenburg-Gunzenhausen ;72315;58296;802;57494;17499;0;32139;2488;3345;378;622;0;0;0;735;288;0;0;0;0;0;0;0;0;0;0;0;0;0;0;0;0;0;499;57797;17785;0;32728;3438;2162;317;362;40;156;133;270;150;54;56;0;23;11;0;0;32;0;0;0;80
BY;09661;Aschaffenburg ;49319;37589;683;36906;11110;0;18631;4422;1915;488;0;0;0;0;223;0;0;0;0;117;0;0;0;0;0;0;0;0;0;0;0;0;0;414;37175;11429;0;18605;3386;2198;390;449;47;125;119;99;41;64;35;0;32;5;0;0;23;0;0;0;128
BY;09662;Schweinfurt ;39998;30246;651;29595;11404;0;14976;1699;1373;0;0;0;0;0;0;0;0;0;0;143;0;0;0;0;0;0;0;0;0;0;0;0;0;379;29867;10714;0;14395;1925;1478;296;501;49;79;95;94;45;34;18;0;51;1;0;0;24;0;0;0;68
BY;09663;Würzburg ;97154;76730;917;75813;25929;0;34078;7903;4239;713;1784;0;0;0;864;303;0;0;0;0;0;0;0;0;0;0;0;0;0;0;0;0;0;447;76283;23319;0;34779;10654;4489;665;1174;78;256;60;336;141;112;34;0;32;4;0;0;29;0;0;0;121
BY;09671;Aschaffenburg ;130464;109214;1660;107554;28615;0;60680;11568;4795;886;0;0;0;0;672;0;0;0;0;338;0;0;0;0;0;0;0;0;0;0;0;0;0;1116;108098;31513;0;59083;7471;6158;740;1283;122;433;230;245;65;155;94;0;105;19;0;0;51;0;0;0;331
BY;09672;Bad Kissingen ;85661;70550;1105;69445;15350;0;44004;6036;2177;551;0;0;0;0;1327;0;0;0;0;0;0;0;0;0;0;0;0;0;0;0;0;0;0;640;69910;16142;0;44726;3631;3126;378;619;52;186;225;270;114;104;34;0;43;8;0;0;51;0;0;0;201
BY;09673;Rhön-Grabfeld ;65485;54070;821;53249;12405;0;35899;2582;1522;388;0;0;0;0;453;0;0;0;0;0;0;0;0;0;0;0;0;0;0;0;0;0;0;509;53561;11330;0;35364;2874;2398;321;345;54;130;193;145;57;85;17;0;54;8;0;0;45;0;0;0;141
BY;09674;Haßberge ;68287;56771;1002;55769;17306;0;33196;1964;2300;412;0;0;0;0;591;0;0;0;0;0;0;0;0;0;0;0;0;0;0;0;0;0;0;516;56255;14609;0;34623;2727;2428;293;472;47;137;263;274;53;75;44;0;39;7;0;0;34;0;0;0;130
BY;09675;Kitzingen ;67090;54873;890;53983;16670;0;31424;2849;2731;0;0;0;0;0;0;0;0;0;0;309;0;0;0;0;0;0;0;0;0;0;0;0;0;435;54438;15419;0;30722;3477;2839;284;594;43;179;219;238;134;75;36;0;55;6;0;0;30;0;0;0;88
BY;09676;Miltenberg ;94829;78731;1130;77601;23348;0;46270;3177;2701;419;1008;0;0;0;498;180;0;0;0;0;0;0;0;0;0;0;0;0;0;0;0;0;0;722;78009;22862;0;44429;4557;3770;465;670;67;223;199;257;88;87;38;0;48;7;0;0;40;0;0;0;202
BY;09677;Main-Spessart ;101358;84614;1319;83295;24639;0;48689;4628;2231;387;1450;0;0;0;885;386;0;0;0;0;0;0;0;0;0;0;0;0;0;0;0;0;0;676;83938;24458;0;48241;5029;3605;366;818;68;336;101;352;160;98;48;0;39;13;0;0;52;0;0;0;154
BY;09678;Schweinfurt ;89870;76113;1307;74806;19847;0;46018;4571;3869;0;0;0;0;0;0;0;0;0;0;501;0;0;0;0;0;0;0;0;0;0;0;0;0;664;75449;19064;0;45054;4694;3580;407;1093;104;258;238;279;102;118;57;0;101;9;0;0;61;0;0;0;230
BY;09679;Würzburg ;121731;104966;1499;103467;33010;0;54116;7058;4851;625;2406;0;0;0;975;426;0;0;0;0;0;0;0;0;0;0;0;0;0;0;0;0;0;778;104188;30769;0;55405;8901;5227;584;1593;89;408;128;431;190;129;56;0;32;11;0;0;51;0;0;0;184
BY;09761;Augsburg ;177976;137388;2132;135256;41431;0;71404;14569;5061;1312;0;0;0;0;1479;0;0;0;0;0;0;0;0;0;0;0;0;0;0;0;0;0;0;1266;136122;42646;0;70800;12475;5633;1209;845;179;539;282;459;156;174;133;0;89;18;0;0;60;0;0;0;425
BY;09762;Kaufbeuren ;31757;24221;429;23792;5792;0;14451;1367;1294;209;0;0;0;0;0;0;0;0;0;0;67;0;0;0;0;0;0;0;0;0;0;0;612;201;24020;5511;0;14676;1604;1370;164;209;37;86;71;62;41;26;62;0;30;5;0;0;16;0;0;0;50
BY;09763;Kempten ;46011;34917;488;34429;9095;0;20976;2286;2072;0;0;0;0;0;0;0;0;0;0;0;0;0;0;0;0;0;0;0;0;0;0;0;0;250;34667;9243;0;19605;2498;1971;250;451;55;165;40;102;41;48;44;0;54;10;0;0;32;0;0;0;58
BY;09764;Memmingen ;29525;22991;471;22520;6518;0;12973;1515;1010;212;0;0;0;0;0;0;0;0;0;0;70;0;0;0;0;0;0;0;0;0;0;0;222;202;22789;6011;0;13100;1702;1067;178;115;21;68;87;164;100;26;24;0;22;11;0;0;17;0;0;0;76
BY;09771;Aichach-Friedberg ;92483;77735;1005;76730;17228;0;52111;4271;2290;517;211;0;0;0;72;0;0;0;0;0;0;0;0;30;0;0;0;0;0;0;0;0;0;455;77280;16036;0;50507;5296;3140;359;820;52;230;94;285;57;60;108;0;47;13;0;0;50;0;0;0;126
BY;09772;Augsburg ;175961;145451;2033;143418;36186;0;91752;9347;4903;1099;0;0;0;0;131;0;0;0;0;0;0;0;0;0;0;0;0;0;0;0;0;0;0;1018;144433;35396;0;88454;9887;6629;692;1044;132;509;226;383;155;183;185;0;95;31;0;0;86;0;0;0;346
BY;09773;Dillingen a.d.Donau ;70327;56035;788;55247;12238;0;35521;2249;2705;0;1828;0;0;0;486;0;0;0;0;0;0;0;0;220;0;0;0;0;0;0;0;0;0;448;55587;12454;0;36388;2513;2291;225;813;46;177;134;150;31;72;72;0;37;13;0;0;60;0;0;0;111
BY;09774;Günzburg ;88042;69576;1065;68511;15429;0;45190;3564;3338;536;0;0;0;0;0;0;0;0;0;0;454;0;0;0;0;0;0;0;0;0;0;0;0;462;69114;15905;0;44719;3211;2904;349;795;81;193;149;155;135;83;69;0;68;39;0;0;41;0;0;0;218
BY;09775;Neu-Ulm ;116618;93542;1440;92102;28470;0;50706;7111;4093;880;0;0;0;0;0;0;0;0;0;0;842;0;0;0;0;0;0;0;0;0;0;0;0;672;92870;27613;0;50767;6513;4846;655;597;119;322;378;212;138;124;80;0;61;83;0;0;51;0;0;0;311
BY;09776;Lindau ;55854;45211;590;44621;12379;0;26451;3801;1990;0;0;0;0;0;0;0;0;0;0;0;0;0;0;0;0;0;0;0;0;0;0;0;0;285;44926;11818;0;24640;4173;2628;325;306;68;182;75;296;99;67;65;0;62;8;0;0;26;0;0;0;88
BY;09777;Ostallgäu ;98488;81221;1537;79684;16576;0;52203;4720;3980;518;0;0;0;0;0;0;0;0;0;0;259;0;0;0;0;0;0;0;0;0;0;0;1428;560;80661;15326;0;53958;4997;3908;422;370;66;236;162;362;89;99;321;0;98;33;0;0;61;0;0;0;153
BY;09778;Unterallgäu ;101106;82796;1492;81304;15010;0;56812;4384;3393;631;0;0;0;0;0;0;0;0;0;0;496;0;0;0;0;0;0;0;0;0;0;0;578;645;82151;14520;0;57114;4163;3520;410;442;82;237;206;532;248;88;124;0;126;79;0;0;71;0;0;0;189
BY;09779;Donau-Ries ;97496;80843;1236;79607;20531;0;50869;3148;2226;0;1093;0;0;0;563;0;0;0;0;0;0;0;0;1177;0;0;0;0;0;0;0;0;0;628;80215;19983;0;51698;3885;2622;325;490;52;179;145;224;89;73;64;0;47;8;0;0;186;0;0;0;145
BY;09780;Oberallgäu ;111061;92309;1028;91281;17042;0;62877;7037;4325;0;0;0;0;0;0;0;0;0;0;0;0;0;0;0;0;0;0;0;0;0;0;0;0;485;91824;18069;0;59945;6323;4577;459;714;95;382;114;386;88;105;154;0;123;13;0;0;88;0;0;0;189
SL;10041;Stadtverband Saarbrücken ;263391;204492;4199;200293;103791;68912;0;9305;8637;2845;0;1862;0;2294;0;0;0;0;2647;0;0;0;0;0;0;0;0;0;0;0;0;0;0;3756;200736;93344;64014;0;19077;13093;3571;875;1324;0;1626;0;0;0;0;1922;0;0;0;0;0;0;0;0;1890
SL;10042;Merzig-Wadern ;82950;67512;1747;65765;32671;26517;0;2200;3096;653;0;0;0;628;0;0;0;0;0;0;0;0;0;0;0;0;0;0;0;0;0;0;0;1633;65879;29440;24975;0;4409;4358;716;229;318;0;362;0;0;0;0;524;0;0;0;0;0;0;0;0;548
SL;10043;Neunkirchen ;115023;91799;2203;89596;48372;29907;0;2828;4054;1017;0;603;0;923;0;0;0;0;1892;0;0;0;0;0;0;0;0;0;0;0;0;0;0;1939;89860;45263;28808;0;5582;5322;1284;417;520;0;554;0;0;0;0;1217;0;0;0;0;0;0;0;0;893
SL;10044;Saarlouis ;162218;130590;3148;127442;63889;49902;0;4443;5615;1440;0;137;0;1582;0;0;0;0;434;0;0;0;0;0;0;0;0;0;0;0;0;0;0;3037;127553;58059;46393;0;8775;8422;1579;501;566;0;968;0;0;0;0;1048;0;0;0;0;0;0;0;0;1242
SL;10045;Saarpfalz-Kreis ;121211;98961;2439;96522;45411;36636;0;3563;5604;938;0;543;0;1053;0;0;0;0;2774;0;0;0;0;0;0;0;0;0;0;0;0;0;0;2226;96735;41887;34928;0;7447;6798;1224;534;454;0;644;0;0;0;0;1803;0;0;0;0;0;0;0;0;1016
SL;10046;St. Wendel ;76425;63804;1764;62040;28014;28147;0;1755;1779;453;0;311;0;487;0;0;0;0;1094;0;0;0;0;0;0;0;0;0;0;0;0;0;0;1606;62198;27528;25724;0;3312;3117;626;246;242;0;295;0;0;0;0;711;0;0;0;0;0;0;0;0;397
BE;11000;Berlin ;2442795;1896316;28962;1867354;727806;516871;0;205312;98660;270099;3370;18570;0;10893;0;531;2264;0;0;0;3130;931;0;0;0;686;0;2586;0;538;0;0;5107;24183;1872133;685170;484017;0;274008;124004;212642;12768;15910;0;11260;2319;3033;7634;0;0;0;1926;1337;0;0;0;1624;0;34481
BB;12051;Brandenburg an der Havel ;63495;41935;784;41151;17201;8832;0;1692;5278;8148;0;0;0;0;0;0;0;0;0;0;0;0;0;0;0;0;0;0;0;0;0;0;0;611;41324;20546;8900;0;1772;2265;6555;0;234;0;478;0;0;0;0;0;0;0;0;0;0;0;0;0;574
BB;12052;Cottbus ;84894;60509;311;60198;27764;11425;0;2218;5004;13000;0;787;0;0;0;0;0;0;0;0;0;0;0;0;0;0;0;0;0;0;0;0;0;172;60337;31710;11214;0;2316;3043;10572;0;365;0;618;0;0;0;0;0;0;0;0;0;0;0;0;0;499
BB;12053;Frankfurt ;55138;38953;427;38526;16461;8368;0;1508;2034;9059;0;464;0;632;0;0;0;0;0;0;0;0;0;0;0;0;0;0;0;0;0;0;0;358;38595;17880;7930;0;1894;1797;7863;0;256;0;452;0;0;0;0;0;0;0;0;0;0;0;0;0;523
BB;12054;Potsdam ;105654;81640;1460;80180;32928;13625;0;4162;2680;25703;0;0;0;0;0;0;0;0;717;0;0;0;0;0;0;0;0;0;0;0;0;0;365;1236;80404;37078;12421;0;6747;3815;18335;0;380;0;834;0;0;0;0;0;0;0;0;0;0;0;0;0;794
BB;12060;Barnim ;140667;103220;1652;101568;44312;20530;0;2955;5115;24623;0;0;0;0;0;0;0;0;0;0;0;0;0;0;0;0;0;2674;0;0;0;0;1359;1402;101818;44594;20571;0;4879;5560;21184;0;644;0;1474;0;0;0;0;0;0;0;0;0;0;0;0;0;2912
BB;12061;Dahme-Spreewald ;130429;100401;1771;98630;46211;23916;0;3071;5564;19868;0;0;0;0;0;0;0;0;0;0;0;0;0;0;0;0;0;0;0;0;0;0;0;1490;98911;44209;22712;0;4593;6067;17392;0;632;0;1446;0;0;0;0;0;0;0;0;0;0;0;0;0;1860
BB;12062;Elbe-Elster ;105676;78800;1471;77329;35386;22377;0;1398;5951;12217;0;0;0;0;0;0;0;0;0;0;0;0;0;0;0;0;0;0;0;0;0;0;0;1372;77428;35640;20938;0;1979;5109;11244;0;313;0;1214;0;0;0;0;0;0;0;0;0;0;0;0;0;991
BB;12063;Havelland ;120767;88951;1387;87564;41179;23112;0;3447;4669;13549;0;0;0;1586;0;0;0;0;0;0;0;0;0;0;0;0;0;0;0;0;0;0;22;1222;87729;39810;21258;0;4796;5462;12363;0;542;0;1603;0;0;0;0;0;0;0;0;0;0;0;0;0;1895
BB;12064;Märkisch-Oderland ;154289;112741;1715;111026;48594;23720;0;3247;5548;26355;0;0;0;0;0;0;0;0;0;0;0;0;0;0;0;0;0;3562;0;0;0;0;0;1537;111204;49405;23624;0;4611;6196;22390;0;645;0;1596;0;0;0;0;0;0;0;0;0;0;0;0;0;2737
BB;12065;Oberhavel ;158832;118749;1656;117093;51934;27037;0;4218;7306;23355;0;0;0;3243;0;0;0;0;0;0;0;0;0;0;0;0;0;0;0;0;0;0;0;1399;117350;53542;26605;0;6598;7502;17742;0;706;0;2342;0;0;0;0;0;0;0;0;0;0;0;0;0;2313
BB;12066;Oberspreewald-Lausitz ;115241;83083;1674;81409;36051;21469;0;2179;4426;17284;0;0;0;0;0;0;0;0;0;0;0;0;0;0;0;0;0;0;0;0;0;0;0;1443;81640;37842;19997;0;2323;4558;13736;0;343;0;1356;0;0;0;0;0;0;0;0;0;0;0;0;0;1485
BB;12067;Oder-Spree ;158062;116167;1783;114384;50624;25359;0;3987;5664;24393;0;1434;0;2923;0;0;0;0;0;0;0;0;0;0;0;0;0;0;0;0;0;0;0;1553;114614;51813;25567;0;4574;6483;21118;0;895;0;2250;0;0;0;0;0;0;0;0;0;0;0;0;0;1914
BB;12068;Ostprignitz-Ruppin ;90459;64138;1025;63113;29545;13404;0;4732;3281;10478;0;0;0;1422;0;0;0;0;0;0;0;0;0;0;0;0;0;0;0;0;0;0;251;952;63186;31162;14003;0;2418;3667;9897;0;241;0;1107;0;0;0;0;0;0;0;0;0;0;0;0;0;691
BB;12069;Potsdam-Mittelmark ;170056;131824;1876;129948;57677;32784;0;5775;7785;24998;0;0;0;0;0;0;0;0;792;0;0;0;0;0;0;0;0;0;0;0;0;0;137;1734;130090;58558;30059;0;8417;8904;20072;0;651;0;1605;0;0;0;0;0;0;0;0;0;0;0;0;0;1824
BB;12070;Prignitz ;76663;55859;912;54947;27296;13940;0;1141;2341;9104;0;0;0;966;0;0;0;0;0;0;0;0;0;0;0;0;0;0;0;0;0;0;159;806;55053;27409;12835;0;1617;3059;8546;0;157;0;769;0;0;0;0;0;0;0;0;0;0;0;0;0;661
BB;12071;Spree-Neiße ;122401;90265;1567;88698;36842;22857;0;2235;7899;17004;0;1861;0;0;0;0;0;0;0;0;0;0;0;0;0;0;0;0;0;0;0;0;0;1342;88923;40919;22397;0;2301;5337;14141;0;777;0;1582;0;0;0;0;0;0;0;0;0;0;0;0;0;1469
BB;12072;Teltow-Fläming ;130109;96739;1767;94972;45784;22152;0;3136;5140;18011;0;0;0;0;0;0;0;0;680;0;0;0;0;0;0;0;0;0;0;0;0;0;69;1560;95179;45037;21251;0;4578;5718;15013;0;587;0;1315;0;0;0;0;0;0;0;0;0;0;0;0;0;1680
BB;12073;Uckermark ;118193;83983;1361;82622;41694;18262;0;1462;3790;16734;0;0;0;0;0;0;0;0;0;0;0;0;0;0;0;0;0;0;0;0;0;0;680;1262;82721;40717;17586;0;2352;4143;15065;0;343;0;1230;0;0;0;0;0;0;0;0;0;0;0;0;0;1285
MV;13001;Greifswald ;42939;29859;573;29286;11723;9787;0;827;1569;4734;0;0;0;0;0;0;0;0;0;0;0;0;0;0;0;0;0;451;0;0;0;0;195;583;29276;10641;9452;0;1633;1869;4907;45;0;0;344;0;0;0;0;0;0;0;0;0;0;0;0;0;385
MV;13002;Neubrandenburg ;57897;41882;916;40966;16899;10162;0;1010;3199;9037;0;0;0;0;0;0;0;0;0;0;0;0;0;0;0;0;0;659;0;0;0;0;0;722;41160;17272;10332;0;1355;2414;8775;153;0;0;266;0;0;0;0;0;0;0;0;0;0;0;0;0;593
MV;13003;Rostock ;161960;115637;2267;113370;51207;24014;0;10428;4161;21016;0;415;0;0;0;0;0;0;0;0;0;0;0;0;0;0;0;1874;0;0;0;0;255;2081;113556;55109;24444;0;5711;5259;20682;160;0;0;616;0;0;0;0;0;0;0;0;0;0;0;0;0;1575
MV;13004;Schwerin ;79643;57968;978;56990;28106;12921;0;1719;2404;10277;0;290;0;279;0;0;0;0;0;0;0;0;0;0;0;0;0;994;0;0;0;0;0;973;56995;26575;13190;0;3075;2890;9993;72;0;0;262;0;0;0;0;0;0;0;0;0;0;0;0;0;938
MV;13005;Stralsund ;49014;33951;704;33247;12110;13238;0;784;1192;5370;0;0;0;0;0;0;0;0;0;0;0;0;0;0;0;0;0;553;0;0;0;0;0;861;33090;12498;11114;0;1213;1658;5505;127;0;0;322;0;0;0;0;0;0;0;0;0;0;0;0;0;653
MV;13006;Wismar ;36924;26306;812;25494;13941;6404;0;669;993;3487;0;0;0;0;0;0;0;0;0;0;0;0;0;0;0;0;0;0;0;0;0;0;0;567;25739;13531;6022;0;919;1200;3457;33;0;0;129;0;0;0;0;0;0;0;0;0;0;0;0;0;448
MV;13051;Bad Doberan ;95089;70331;1678;68653;30414;20587;0;2189;4019;10285;0;0;0;0;0;0;0;0;0;0;0;0;0;0;0;0;0;1159;0;0;0;0;0;1454;68877;29209;20264;0;2591;4211;10798;154;0;0;501;0;0;0;0;0;0;0;0;0;0;0;0;0;1149
MV;13052;Demmin ;73883;50681;1390;49291;18273;19121;0;731;2405;7558;0;0;0;0;0;0;0;0;0;0;0;0;0;0;0;0;0;902;0;0;0;0;301;1402;49279;17537;18769;0;1074;2713;7620;283;0;0;486;0;0;0;0;0;0;0;0;0;0;0;0;0;797
MV;13053;Güstrow ;88861;61720;1715;60005;26821;19163;0;1519;3023;8696;0;0;0;0;0;0;0;0;0;0;0;0;0;0;0;0;0;783;0;0;0;0;0;1652;60068;24700;18870;0;1918;3421;9622;261;0;0;389;0;0;0;0;0;0;0;0;0;0;0;0;0;887
MV;13054;Ludwigslust ;104799;75875;1632;74243;36649;19897;0;1609;3392;10133;0;235;0;980;0;0;0;0;0;0;0;0;0;0;0;0;0;1348;0;0;0;0;0;1733;74142;34908;20147;0;2426;3924;10336;174;0;0;935;0;0;0;0;0;0;0;0;0;0;0;0;0;1292
MV;13055;Mecklenburg-Strelitz ;70228;50135;1383;48752;18966;15830;0;1196;3068;8885;0;0;0;0;0;0;0;0;0;0;0;0;0;0;0;0;0;807;0;0;0;0;0;1255;48880;19377;15603;0;1397;2920;8122;218;0;0;442;0;0;0;0;0;0;0;0;0;0;0;0;0;801
MV;13056;Müritz ;56216;40214;1302;38912;17358;11636;0;1019;1896;6438;0;0;0;0;0;0;0;0;0;0;0;0;0;0;0;0;0;565;0;0;0;0;0;1265;38949;16931;11579;0;1316;2157;5888;172;0;0;296;0;0;0;0;0;0;0;0;0;0;0;0;0;610
MV;13057;Nordvorpommern ;94682;65428;1875;63553;22701;26803;0;1110;2540;9451;0;0;0;0;0;0;0;0;0;0;0;0;0;0;0;0;0;948;0;0;0;0;0;1968;63460;23132;23723;0;1689;3349;9780;187;0;0;544;0;0;0;0;0;0;0;0;0;0;0;0;0;1056
MV;13058;Nordwestmecklenburg ;95495;66589;1932;64657;29996;20583;0;1879;2883;9316;0;0;0;0;0;0;0;0;0;0;0;0;0;0;0;0;0;0;0;0;0;0;0;1386;65203;29262;19217;0;2405;3403;9070;134;0;0;361;0;0;0;0;0;0;0;0;0;0;0;0;0;1351
MV;13059;Ostvorpommern ;91874;62684;1512;61172;22049;24273;0;816;3035;9513;0;0;0;0;0;0;0;0;0;0;0;0;0;0;0;0;0;1084;0;0;0;0;402;1681;61003;20465;23737;0;1416;3347;9985;190;0;0;920;0;0;0;0;0;0;0;0;0;0;0;0;0;943
MV;13060;Parchim ;86058;61899;1729;60170;27317;18386;0;1823;3184;9460;0;0;0;0;0;0;0;0;0;0;0;0;0;0;0;0;0;0;0;0;0;0;0;1387;60512;26273;17758;0;2046;3764;9046;157;0;0;301;0;0;0;0;0;0;0;0;0;0;0;0;0;1167
MV;13061;Rügen ;59961;38890;987;37903;12045;16028;0;784;1630;6782;0;0;0;0;0;0;0;0;0;0;0;0;0;0;0;0;0;634;0;0;0;0;0;1041;37849;12961;13958;0;1074;2063;6627;115;0;0;270;0;0;0;0;0;0;0;0;0;0;0;0;0;781
MV;13062;Uecker-Randow ;66496;46531;1608;44923;15000;17329;0;692;2395;8854;0;0;0;0;0;0;0;0;0;0;0;0;0;0;0;0;0;653;0;0;0;0;0;1474;45057;15034;16567;0;922;2254;8610;241;0;0;806;0;0;0;0;0;0;0;0;0;0;0;0;0;623
SN;14161;Chemnitz ;211051;157325;2378;154947;54228;45792;0;5865;9342;32425;4504;1282;0;0;0;1509;0;0;0;0;0;0;0;0;0;0;0;0;0;0;0;0;0;2161;155164;55119;41091;0;7856;10903;30574;3271;981;0;1150;0;1013;0;0;0;0;267;0;0;0;0;0;0;2939
SN;14166;Plauen ;58824;43274;733;42541;14425;12927;0;1754;3697;9314;0;0;0;0;0;424;0;0;0;0;0;0;0;0;0;0;0;0;0;0;0;0;0;575;42699;16078;12334;0;1940;3369;6839;863;170;0;303;0;237;0;0;0;0;60;0;0;0;0;0;0;506
SN;14167;Zwickau ;85156;60283;1145;59138;19782;21104;0;2130;2978;11975;0;0;0;0;0;604;0;0;0;0;565;0;0;0;0;0;0;0;0;0;0;0;0;1021;59262;21780;17975;0;2344;3776;10530;387;225;0;691;0;532;0;0;0;0;233;0;0;0;0;0;0;789
SN;14171;Annaberg ;71783;53431;1085;52346;12406;26853;0;1288;2523;6397;0;0;0;2131;0;748;0;0;0;0;0;0;0;0;0;0;0;0;0;0;0;0;0;1084;52347;14934;22105;0;1387;3588;6642;526;196;0;1657;0;750;0;0;0;0;109;0;0;0;0;0;0;453
SN;14173;Chemnitzer Land ;115425;85020;1604;83416;28768;30088;0;2287;5045;12973;0;1288;0;1977;0;990;0;0;0;0;0;0;0;0;0;0;0;0;0;0;0;0;0;1410;83610;29785;27846;0;2920;6039;12513;587;653;0;1389;0;787;0;0;0;0;132;0;0;0;0;0;0;959
SN;14177;Freiberg ;122493;91861;1825;90036;26065;38071;0;2121;5997;14528;0;0;0;2639;0;0;0;0;0;0;615;0;0;0;0;0;0;0;0;0;0;0;0;1482;90379;27312;33829;0;3071;7010;14031;1032;367;0;1880;0;514;0;0;0;0;355;0;0;0;0;0;0;978
SN;14178;Vogtlandkreis ;166411;121913;2267;119646;41016;43858;0;2848;9655;20115;0;0;0;0;0;2154;0;0;0;0;0;0;0;0;0;0;0;0;0;0;0;0;0;1824;120089;42063;42506;0;3746;9037;16925;1664;387;0;831;0;1593;0;0;0;0;158;0;0;0;0;0;0;1179
SN;14181;Mittlerer Erzgebirgskreis ;76481;56870;1592;55278;15094;24899;0;1260;3448;8378;0;0;0;1896;0;0;0;0;0;0;303;0;0;0;0;0;0;0;0;0;0;0;0;1298;55572;15614;22122;0;1726;4052;7977;576;232;0;1315;0;875;0;0;0;0;171;0;0;0;0;0;0;912
SN;14182;Mittweida ;112054;83991;1859;82132;29709;31823;0;2190;4501;11576;0;0;0;2030;0;0;0;0;0;0;0;0;0;0;0;0;0;0;0;0;303;0;0;1814;82177;27158;28780;0;2730;6122;12583;1160;404;0;1216;0;593;0;0;0;0;175;0;0;0;0;0;0;1256
SN;14188;Stollberg ;76952;58005;1225;56780;17171;21627;0;1400;4377;9108;0;497;0;1876;0;724;0;0;0;0;0;0;0;0;0;0;0;0;0;0;0;0;0;1015;56990;18576;20747;0;1642;3927;8515;542;311;0;1495;0;608;0;0;0;0;82;0;0;0;0;0;0;545
SN;14191;Aue-Schwarzenberg ;114254;84193;1638;82555;25192;31849;0;2491;5563;13414;0;0;0;2269;0;1777;0;0;0;0;0;0;0;0;0;0;0;0;0;0;0;0;0;1522;82671;27208;31009;0;2098;5018;12388;977;299;0;1389;0;1426;0;0;0;0;147;0;0;0;0;0;0;712
SN;14193;Zwickauer Land ;110237;81753;1762;79991;24906;33644;0;1957;4338;13587;0;0;0;0;0;953;0;0;0;0;606;0;0;0;0;0;0;0;0;0;0;0;0;1589;80164;26506;28796;0;2661;5489;12605;672;279;0;1021;0;935;0;0;0;0;250;0;0;0;0;0;0;950
SN;14262;Dresden ;388631;291281;4316;286965;87600;99004;0;17619;18415;56469;0;3206;0;0;0;0;0;0;0;0;1238;0;0;0;0;0;0;0;0;0;885;0;2529;3935;287346;91718;88572;0;25251;21233;48759;1947;2358;0;2470;0;826;0;0;0;0;950;0;0;0;0;0;0;3262
SN;14263;Görlitz ;48708;34546;809;33737;9986;12155;0;1455;3295;6360;0;0;0;0;0;0;0;0;0;0;486;0;0;0;0;0;0;0;0;0;0;0;0;675;33871;11028;11278;0;1550;2544;5566;247;236;0;724;0;135;0;0;0;0;196;0;0;0;0;0;0;367
SN;14264;Hoyerswerda ;38923;27695;433;27262;10867;6522;0;579;2133;6591;0;367;0;0;0;0;0;0;0;0;0;0;0;0;0;0;0;0;0;0;0;203;0;390;27305;11335;6332;0;721;1797;5953;290;196;0;378;0;60;0;0;0;0;40;0;0;0;0;0;0;203
SN;14272;Bautzen ;126590;94616;2379;92237;21973;41427;0;3203;7818;14623;0;0;0;3193;0;0;0;0;0;0;0;0;0;0;0;0;0;0;0;0;0;0;0;2099;92517;24060;37447;0;3089;7636;14112;2103;513;0;1603;0;636;0;0;0;0;247;0;0;0;0;0;0;1071
SN;14280;Meißen ;124359;92532;1758;90774;25632;37023;0;3626;7139;14538;0;619;0;1193;0;0;0;0;0;0;335;0;0;0;0;0;0;0;0;0;669;0;0;1770;90762;25964;33910;0;4896;7770;13803;591;673;0;1501;0;249;0;0;0;0;321;0;0;0;0;0;0;1084
SN;14284;Niederschles. Oberlausitzkreis ;83421;60908;1429;59479;17064;23030;0;1773;4550;11421;0;0;0;1364;0;0;0;0;0;0;277;0;0;0;0;0;0;0;0;0;0;0;0;1321;59587;18500;21116;0;1762;4054;10320;724;353;0;1575;0;330;0;0;0;0;184;0;0;0;0;0;0;669
SN;14285;Riesa-Großenhain ;97895;70282;1699;68583;20997;27235;0;1743;4735;12397;0;440;0;0;0;0;0;0;0;0;0;0;0;0;0;0;0;0;0;0;0;1036;0;1441;68841;21933;24565;0;2083;4924;11631;595;488;0;1411;0;154;0;0;0;0;162;0;0;0;0;0;0;895
SN;14286;Löbau-Zittau ;123894;89352;2214;87138;23173;36951;0;2408;8059;15488;0;0;0;0;0;0;0;0;0;0;1059;0;0;0;0;0;0;0;0;0;0;0;0;2013;87339;23509;34710;0;2940;6577;13985;919;746;0;1458;0;534;0;0;0;0;492;0;0;0;0;0;0;1469
SN;14287;Sächsische Schweiz ;119190;86463;1443;85020;20965;39305;0;2773;5211;12601;0;0;0;3305;0;0;0;0;0;0;860;0;0;0;0;0;0;0;0;0;0;0;0;1483;84980;23497;34893;0;3227;6128;12472;458;439;0;2406;0;233;0;0;0;0;428;0;0;0;0;0;0;799
SN;14290;Weißeritzkreis ;101271;75427;1389;74038;20015;34158;0;2254;4460;10535;0;0;0;1873;0;0;0;0;0;0;743;0;0;0;0;0;0;0;0;0;0;0;0;1342;74085;20171;31265;0;2810;5507;10284;1180;389;0;1087;0;250;0;0;0;0;324;0;0;0;0;0;0;818
SN;14292;Kamenz ;125207;93611;2660;90951;28090;37080;0;1962;6381;15507;0;1167;0;0;0;0;0;0;0;0;0;0;0;0;0;0;0;0;0;0;0;764;0;3039;90572;27298;33043;0;3129;7230;14907;1081;731;0;1197;0;480;0;0;0;0;224;0;0;0;0;0;0;1252
SN;14365;Leipzig ;390484;288366;4056;284310;114588;73500;0;14978;17592;61841;0;0;0;0;0;0;0;0;0;0;0;0;0;0;0;0;0;0;0;0;1811;0;0;3259;285107;114641;68214;0;22306;19250;50451;1312;1697;0;2253;0;750;0;0;0;0;527;0;0;0;0;0;0;3706
SN;14374;Delitzsch ;102477;73623;1191;72432;27768;26306;0;1655;4716;11987;0;0;0;0;0;0;0;0;0;0;0;0;0;0;0;0;0;0;0;0;0;0;0;945;72678;26772;23496;0;2482;5346;11949;418;326;0;837;0;125;0;0;0;0;98;0;0;0;0;0;0;829
SN;14375;Döbeln ;62709;44019;946;43073;14967;16802;0;1098;2594;6524;0;0;0;912;0;0;0;0;0;0;0;0;0;0;0;0;0;0;0;0;176;0;0;948;43071;14169;15911;0;1205;3144;6914;361;168;0;637;0;93;0;0;0;0;82;0;0;0;0;0;0;387
SN;14379;Leipziger Land ;124870;92765;1555;91210;37927;30323;0;2231;5465;14659;0;0;0;0;0;605;0;0;0;0;0;0;0;0;0;0;0;0;0;0;0;0;0;1384;91381;35311;28255;0;3317;6545;14549;638;400;0;853;0;310;0;0;0;0;154;0;0;0;0;0;0;1049
SN;14383;Muldentalkreis ;110294;80422;1617;78805;29644;29232;0;1903;5879;11371;0;0;0;0;0;776;0;0;0;0;0;0;0;0;0;0;0;0;0;0;0;0;0;1375;79047;28890;26387;0;2966;5769;11518;444;312;0;1296;0;387;0;0;0;0;137;0;0;0;0;0;0;941
SN;14389;Torgau-Oschatz ;81951;58470;1063;57407;18596;23771;0;1528;3391;10121;0;0;0;0;0;0;0;0;0;0;0;0;0;0;0;0;0;0;0;0;0;0;0;983;57487;20756;19633;0;1675;3975;9034;625;222;0;791;0;94;0;0;0;0;96;0;0;0;0;0;0;586
ST;15101;Dessau ;67350;47214;615;46599;19686;12837;0;3265;3435;7376;0;0;0;0;0;0;0;0;0;0;0;0;0;0;0;0;0;0;0;0;0;0;0;485;46729;21088;12327;0;2019;3309;6991;0;160;451;384;0;0;0;0;0;0;0;0;0;0;0;0;0;0
ST;15151;Anhalt-Zerbst ;62901;43419;788;42631;18580;13595;0;1155;3203;6098;0;0;0;0;0;0;0;0;0;0;0;0;0;0;0;0;0;0;0;0;0;0;0;577;42842;17950;12969;0;1502;3405;6038;0;181;427;370;0;0;0;0;0;0;0;0;0;0;0;0;0;0
ST;15153;Bernburg ;57348;38638;682;37956;17365;11992;0;677;2656;5266;0;0;0;0;0;0;0;0;0;0;0;0;0;0;0;0;0;0;0;0;0;0;0;628;38010;15807;11706;0;1074;3121;5378;0;121;381;422;0;0;0;0;0;0;0;0;0;0;0;0;0;0
ST;15154;Bitterfeld ;87091;59395;1120;58275;26349;18607;0;1023;4060;8236;0;0;0;0;0;0;0;0;0;0;0;0;0;0;0;0;0;0;0;0;0;0;0;1007;58388;24693;17987;0;1582;4354;8089;0;252;779;652;0;0;0;0;0;0;0;0;0;0;0;0;0;0
ST;15159;Köthen ;56376;38150;749;37401;15875;11946;0;965;2559;6056;0;0;0;0;0;0;0;0;0;0;0;0;0;0;0;0;0;0;0;0;0;0;0;605;37545;16073;11293;0;927;2847;5472;0;112;417;404;0;0;0;0;0;0;0;0;0;0;0;0;0;0
ST;15171;Wittenberg ;105815;74824;1204;73620;28032;27622;0;1851;4035;12080;0;0;0;0;0;0;0;0;0;0;0;0;0;0;0;0;0;0;0;0;0;0;0;1012;73812;30641;23407;0;2136;5297;10408;0;286;840;797;0;0;0;0;0;0;0;0;0;0;0;0;0;0
ST;15202;Halle ;196174;137668;1702;135966;53559;35127;0;4209;10646;30570;0;1855;0;0;0;0;0;0;0;0;0;0;0;0;0;0;0;0;0;0;0;0;0;1474;136194;57252;33343;0;8103;10875;23411;0;956;1223;1031;0;0;0;0;0;0;0;0;0;0;0;0;0;0
ST;15256;Burgenlandkreis ;116595;80557;1616;78941;25919;28599;0;2906;5999;13294;0;0;0;1456;0;257;0;0;0;0;0;0;0;0;0;0;0;0;0;0;0;0;511;1160;79397;32020;25386;0;2147;5967;11435;0;311;780;1351;0;0;0;0;0;0;0;0;0;0;0;0;0;0
ST;15260;Mansfelder Land ;88594;60075;1139;58936;23514;18517;0;799;4073;10956;0;0;0;738;0;0;0;0;0;0;0;0;0;0;0;0;0;0;0;0;0;0;339;944;59131;24853;18589;0;1175;4004;9186;0;164;529;631;0;0;0;0;0;0;0;0;0;0;0;0;0;0
ST;15261;Merseburg-Querfurt ;109769;74623;1146;73477;29908;22906;0;1439;5685;11839;0;0;0;988;0;59;0;0;0;0;0;0;0;0;0;0;0;0;0;0;0;0;653;953;73670;30938;22126;0;1811;5929;11027;0;253;710;876;0;0;0;0;0;0;0;0;0;0;0;0;0;0
ST;15265;Saalkreis ;66877;48771;972;47799;18608;16245;0;945;4727;7274;0;0;0;0;0;0;0;0;0;0;0;0;0;0;0;0;0;0;0;0;0;0;0;816;47955;17681;15727;0;1544;4879;6986;0;195;489;454;0;0;0;0;0;0;0;0;0;0;0;0;0;0
ST;15266;Sangerhausen ;55350;39346;683;38663;14861;11949;0;806;4256;5918;0;0;0;638;0;0;0;0;0;0;0;0;0;0;0;0;0;0;0;0;0;0;235;615;38731;16200;11977;0;925;3105;5502;0;121;347;554;0;0;0;0;0;0;0;0;0;0;0;0;0;0
ST;15268;Weißenfels ;64248;43136;758;42378;15817;14006;0;1118;3425;7109;0;0;0;564;0;71;0;0;0;0;0;0;0;0;0;0;0;0;0;0;0;0;268;632;42504;17037;13329;0;963;3188;6822;0;159;443;563;0;0;0;0;0;0;0;0;0;0;0;0;0;0
ST;15303;Magdeburg ;189697;130746;1665;129081;61536;34148;0;3989;7592;20101;0;0;1715;0;0;0;0;0;0;0;0;0;0;0;0;0;0;0;0;0;0;0;0;1475;129271;59905;30719;0;6634;9249;19910;0;597;1280;977;0;0;0;0;0;0;0;0;0;0;0;0;0;0
ST;15352;Aschersleben-Staßfurt ;83280;54389;957;53432;23429;16620;0;856;2851;9676;0;0;0;0;0;0;0;0;0;0;0;0;0;0;0;0;0;0;0;0;0;0;0;871;53518;23848;15782;0;1324;3360;7888;0;168;535;613;0;0;0;0;0;0;0;0;0;0;0;0;0;0
ST;15355;Bördekreis ;64375;43491;726;42765;19829;13669;0;841;2676;5750;0;0;0;0;0;0;0;0;0;0;0;0;0;0;0;0;0;0;0;0;0;0;0;657;42834;19140;12867;0;1141;3262;5479;0;115;459;371;0;0;0;0;0;0;0;0;0;0;0;0;0;0
ST;15357;Halberstadt ;64854;44189;740;43449;19332;13943;0;1273;2746;5688;0;0;0;467;0;0;0;0;0;0;0;0;0;0;0;0;0;0;0;0;0;0;0;629;43560;18669;13402;0;1524;3292;5723;0;144;417;389;0;0;0;0;0;0;0;0;0;0;0;0;0;0
ST;15358;Jerichower Land ;81442;55434;994;54440;24748;17727;0;1138;3604;7223;0;0;0;0;0;0;0;0;0;0;0;0;0;0;0;0;0;0;0;0;0;0;0;842;54592;23999;16167;0;1710;4245;7324;0;212;500;435;0;0;0;0;0;0;0;0;0;0;0;0;0;0
ST;15362;Ohrekreis ;95330;65228;952;64276;29489;21003;0;1385;4754;7645;0;0;0;0;0;0;0;0;0;0;0;0;0;0;0;0;0;0;0;0;0;0;0;766;64462;28510;19701;0;1777;5268;7807;0;228;604;567;0;0;0;0;0;0;0;0;0;0;0;0;0;0
ST;15363;Stendal ;109914;75312;1036;74276;35107;21630;0;1313;3726;10844;0;649;0;0;0;0;0;0;0;0;0;0;0;0;1007;0;0;0;0;0;0;0;0;1136;74176;34332;20582;0;2287;5100;10168;0;387;658;662;0;0;0;0;0;0;0;0;0;0;0;0;0;0
ST;15364;Quedlinburg ;63910;43795;842;42953;18904;11909;0;1809;4235;5615;0;0;0;481;0;0;0;0;0;0;0;0;0;0;0;0;0;0;0;0;0;0;0;641;43154;19670;12072;0;1516;3505;5462;0;125;386;418;0;0;0;0;0;0;0;0;0;0;0;0;0;0
ST;15367;Schönebeck ;62407;40142;828;39314;17964;13703;0;675;2239;4733;0;0;0;0;0;0;0;0;0;0;0;0;0;0;0;0;0;0;0;0;0;0;0;1004;39138;17472;12547;0;1085;2502;4804;0;112;336;280;0;0;0;0;0;0;0;0;0;0;0;0;0;0
ST;15369;Wernigerode ;78705;56604;921;55683;25614;16375;0;1741;3538;7755;0;0;0;660;0;0;0;0;0;0;0;0;0;0;0;0;0;0;0;0;0;0;0;797;55807;25578;15893;0;1919;4060;7031;0;230;517;579;0;0;0;0;0;0;0;0;0;0;0;0;0;0
ST;15370;Altmarkkreis Salzwedel ;80539;55947;838;55109;23347;18141;0;1279;3602;8159;0;436;0;0;0;0;0;0;0;0;0;0;0;0;145;0;0;0;0;0;0;0;0;777;55170;24660;15588;0;1749;4144;7788;0;283;442;516;0;0;0;0;0;0;0;0;0;0;0;0;0;0
TH;16051;Erfurt ;161977;121524;1912;119612;50299;33078;0;5523;5025;24815;0;0;0;0;0;0;0;0;0;0;0;0;0;0;0;0;0;0;0;0;872;0;0;1341;120183;49261;29273;0;8209;6494;22866;700;670;0;648;213;0;0;0;0;0;0;0;0;0;0;0;0;1849
TH;16052;Gera ;90008;66519;1057;65462;23508;15684;0;2012;4096;18629;0;0;0;1533;0;0;0;0;0;0;0;0;0;0;0;0;0;0;0;0;0;0;0;878;65641;25729;15749;0;2523;3608;15083;228;565;0;1308;116;0;0;0;0;0;0;0;0;0;0;0;0;732
TH;16053;Jena ;80414;62286;878;61408;29736;13301;0;3312;4176;10883;0;0;0;0;0;0;0;0;0;0;0;0;0;0;0;0;0;0;0;0;0;0;0;575;61711;25241;13443;0;6020;4133;10892;440;254;0;433;129;0;0;0;0;0;0;0;0;0;0;0;0;726
TH;16054;Suhl ;37995;27785;419;27366;9224;6933;0;705;1216;9288;0;0;0;0;0;0;0;0;0;0;0;0;0;0;0;0;0;0;0;0;0;0;0;332;27453;10852;6532;0;1083;1566;6698;134;91;0;229;51;0;0;0;0;0;0;0;0;0;0;0;0;217
TH;16055;Weimar ;50819;38460;667;37793;16266;9601;0;3005;2615;6306;0;0;0;0;0;0;0;0;0;0;0;0;0;0;0;0;0;0;0;0;0;0;0;468;37992;14820;9511;0;3906;2193;6191;576;176;0;206;82;0;0;0;0;0;0;0;0;0;0;0;0;331
TH;16056;Eisenach ;36279;26529;425;26104;12120;6585;0;1526;1243;4630;0;0;0;0;0;0;0;0;0;0;0;0;0;0;0;0;0;0;0;0;0;0;0;310;26219;11710;6241;0;1445;1392;4402;152;158;0;138;82;0;0;0;0;0;0;0;0;0;0;0;0;499
TH;16061;Eichsfeld ;88975;69460;1077;68383;18630;35452;0;1766;3565;7555;0;0;0;0;1415;0;0;0;0;0;0;0;0;0;0;0;0;0;0;0;0;0;0;933;68527;20979;32785;0;2169;4259;6052;362;174;0;449;576;0;0;0;0;0;0;0;0;0;0;0;0;722
TH;16062;Nordhausen ;79275;58377;950;57427;24873;16478;0;1357;2859;11447;0;0;0;0;413;0;0;0;0;0;0;0;0;0;0;0;0;0;0;0;0;0;0;811;57566;25449;15145;0;2088;3041;10173;343;146;0;424;150;0;0;0;0;0;0;0;0;0;0;0;0;607
TH;16063;Wartburgkreis ;117505;88301;1521;86780;36948;29634;0;2315;4424;13459;0;0;0;0;0;0;0;0;0;0;0;0;0;0;0;0;0;0;0;0;0;0;0;1266;87035;36474;27061;0;2976;4711;12790;696;224;0;730;131;0;0;0;0;0;0;0;0;0;0;0;0;1242
TH;16064;Unstrut-Hainich-Kreis ;95314;70600;1395;69205;29415;22931;0;1800;4123;10936;0;0;0;0;0;0;0;0;0;0;0;0;0;0;0;0;0;0;0;0;0;0;0;1189;69411;27730;21943;0;2471;4239;10761;522;229;0;510;104;0;0;0;0;0;0;0;0;0;0;0;0;902
TH;16065;Kyffhäuserkreis ;76122;54849;1164;53685;23239;15396;0;1331;2697;11022;0;0;0;0;0;0;0;0;0;0;0;0;0;0;0;0;0;0;0;0;0;0;0;944;53905;22957;15006;0;1596;2789;9713;368;181;0;543;82;0;0;0;0;0;0;0;0;0;0;0;0;670
TH;16066;Schmalkalden-Meiningen ;117541;86472;1605;84867;30187;29008;0;2339;3924;19409;0;0;0;0;0;0;0;0;0;0;0;0;0;0;0;0;0;0;0;0;0;0;0;1320;85152;33444;26236;0;3220;4692;14978;586;237;0;595;137;0;0;0;0;0;0;0;0;0;0;0;0;1027
TH;16067;Gotha ;121105;90417;1731;88686;37569;27497;0;2635;5825;15160;0;0;0;0;0;0;0;0;0;0;0;0;0;0;0;0;0;0;0;0;0;0;0;1241;89176;36643;26384;0;3420;5278;13977;713;468;0;696;244;0;0;0;0;0;0;0;0;0;0;0;0;1353
TH;16068;Sömmerda ;65670;48349;928;47421;19451;15079;0;1092;3592;8207;0;0;0;0;0;0;0;0;0;0;0;0;0;0;0;0;0;0;0;0;0;0;0;879;47470;18552;14496;0;1645;3026;7910;444;167;0;437;73;0;0;0;0;0;0;0;0;0;0;0;0;720
TH;16069;Hildburghausen ;60147;45065;752;44313;16320;14026;0;947;2404;10616;0;0;0;0;0;0;0;0;0;0;0;0;0;0;0;0;0;0;0;0;0;0;0;597;44468;17994;13628;0;1224;2391;7890;479;93;0;367;73;0;0;0;0;0;0;0;0;0;0;0;0;329
TH;16070;Ilm-Kreis ;98996;75589;1555;74034;30507;22654;0;2179;4748;13946;0;0;0;0;0;0;0;0;0;0;0;0;0;0;0;0;0;0;0;0;0;0;0;1100;74489;29588;22567;0;2901;4215;12532;511;325;0;607;144;0;0;0;0;0;0;0;0;0;0;0;0;1099
TH;16071;Weimarer Land ;73324;55702;1147;54555;22284;17483;0;1717;4326;8745;0;0;0;0;0;0;0;0;0;0;0;0;0;0;0;0;0;0;0;0;0;0;0;896;54806;21076;16899;0;2273;3771;8480;724;265;0;492;85;0;0;0;0;0;0;0;0;0;0;0;0;741
TH;16072;Sonneberg ;56229;41270;612;40658;15139;13886;0;942;1688;8817;0;0;0;0;0;0;0;0;0;0;0;0;0;0;0;0;0;0;0;0;186;0;0;545;40725;16067;12520;0;1120;1830;8000;369;85;0;436;52;0;0;0;0;0;0;0;0;0;0;0;0;246
TH;16073;Saalfeld-Rudolstadt ;107626;80338;1442;78896;34026;23769;0;1842;4818;13772;0;0;0;0;0;0;0;0;0;0;0;0;0;0;0;0;0;0;0;0;669;0;0;1209;79129;31913;23094;0;2722;4528;13587;820;317;0;1052;136;0;0;0;0;0;0;0;0;0;0;0;0;960
TH;16074;Saale-Holzland-Kreis ;76093;58520;1053;57467;21439;17631;0;1619;3605;12167;0;0;0;1006;0;0;0;0;0;0;0;0;0;0;0;0;0;0;0;0;0;0;0;818;57702;22952;16764;0;2072;3868;9717;475;252;0;657;98;0;0;0;0;0;0;0;0;0;0;0;0;847
TH;16075;Saale-Orla-Kreis ;79540;60149;959;59190;25206;18128;0;1306;3628;10490;0;0;0;0;0;0;0;0;0;0;0;0;0;0;0;0;0;0;0;0;432;0;0;793;59356;23806;17733;0;1976;3470;10099;527;217;0;761;115;0;0;0;0;0;0;0;0;0;0;0;0;652
TH;16076;Greiz ;101063;76833;1431;75402;29155;25278;0;2212;5714;13043;0;0;0;0;0;0;0;0;0;0;0;0;0;0;0;0;0;0;0;0;0;0;0;1118;75715;29279;23355;0;2613;5201;12149;591;371;0;1004;155;0;0;0;0;0;0;0;0;0;0;0;0;997
TH;16077;Altenburger Land ;93361;66947;1423;65524;25809;21532;0;1923;4612;11648;0;0;0;0;0;0;0;0;0;0;0;0;0;0;0;0;0;0;0;0;0;0;0;1079;65868;26210;19797;0;2127;4187;10849;588;324;0;850;106;0;0;0;0;0;0;0;0;0;0;0;0;830
;;;;;;;;;;;;;;;;;;;;;;;;;;;;;;;;;;;;;;;;;;;;;;;;;;;;;;;;;;;;;
;;;;;;;;;;;;;;;;;;;;;;;;;;;;;;;;;;;;;;;;;;;;;;;;;;;;;;;;;;;;;
;;;;;;;;;;;;;;;;;;;;;;;;;;;;;;;;;;;;;;;;;;;;;;;;;;;;;;;;;;;;;
;;;;;;;;;;;;;;;;;;;;;;;;;;;;;;;;;;;;;;;;;;;;;;;;;;;;;;;;;;;;;
;;;;;;;;;;;;;;;;;;;;;;;;;;;;;;;;;;;;;;;;;;;;;;;;;;;;;;;;;;;;;
;;;;;;;;;;;;;;;;;;;;;;;;;;;;;;;;;;;;;;;;;;;;;;;;;;;;;;;;;;;;;
;;;;;;;;;;;;;;;;;;;;;;;;;;;;;;;;;;;;;;;;;;;;;;;;;;;;;;;;;;;;;
;;;;;;;;;;;;;;;;;;;;;;;;;;;;;;;;;;;;;;;;;;;;;;;;;;;;;;;;;;;;;
;;;;;;;;;;;;;;;;;;;;;;;;;;;;;;;;;;;;;;;;;;;;;;;;;;;;;;;;;;;;;
;;;;;;;;;;;;;;;;;;;;;;;;;;;;;;;;;;;;;;;;;;;;;;;;;;;;;;;;;;;;;
;;;;;;;;;;;;;;;;;;;;;;;;;;;;;;;;;;;;;;;;;;;;;;;;;;;;;;;;;;;;;
;;;;;;;;;;;;;;;;;;;;;;;;;;;;;;;;;;;;;;;;;;;;;;;;;;;;;;;;;;;;;
;;;;;;;;;;;;;;;;;;;;;;;;;;;;;;;;;;;;;;;;;;;;;;;;;;;;;;;;;;;;;
;;;;;;;;;;;;;;;;;;;;;;;;;;;;;;;;;;;;;;;;;;;;;;;;;;;;;;;;;;;;;
;;;;;;;;;;;;;;;;;;;;;;;;;;;;;;;;;;;;;;;;;;;;;;;;;;;;;;;;;;;;;
;;;;;;;;;;;;;;;;;;;;;;;;;;;;;;;;;;;;;;;;;;;;;;;;;;;;;;;;;;;;;
;;;;;;;;;;;;;;;;;;;;;;;;;;;;;;;;;;;;;;;;;;;;;;;;;;;;;;;;;;;;;
;;;;;;;;;;;;;;;;;;;;;;;;;;;;;;;;;;;;;;;;;;;;;;;;;;;;;;;;;;;;;
;;;;;;;;;;;;;;;;;;;;;;;;;;;;;;;;;;;;;;;;;;;;;;;;;;;;;;;;;;;;;
;;;;;;;;;;;;;;;;;;;;;;;;;;;;;;;;;;;;;;;;;;;;;;;;;;;;;;;;;;;;;
;;;;;;;;;;;;;;;;;;;;;;;;;;;;;;;;;;;;;;;;;;;;;;;;;;;;;;;;;;;;;
;;;;;;;;;;;;;;;;;;;;;;;;;;;;;;;;;;;;;;;;;;;;;;;;;;;;;;;;;;;;;
;;;;;;;;;;;;;;;;;;;;;;;;;;;;;;;;;;;;;;;;;;;;;;;;;;;;;;;;;;;;;
;;;;;;;;;;;;;;;;;;;;;;;;;;;;;;;;;;;;;;;;;;;;;;;;;;;;;;;;;;;;;
;;;;;;;;;;;;;;;;;;;;;;;;;;;;;;;;;;;;;;;;;;;;;;;;;;;;;;;;;;;;;
;;;;;;;;;;;;;;;;;;;;;;;;;;;;;;;;;;;;;;;;;;;;;;;;;;;;;;;;;;;;;
;;;;;;;;;;;;;;;;;;;;;;;;;;;;;;;;;;;;;;;;;;;;;;;;;;;;;;;;;;;;;
;;;;;;;;;;;;;;;;;;;;;;;;;;;;;;;;;;;;;;;;;;;;;;;;;;;;;;;;;;;;;
;;;;;;;;;;;;;;;;;;;;;;;;;;;;;;;;;;;;;;;;;;;;;;;;;;;;;;;;;;;;;
;;;;;;;;;;;;;;;;;;;;;;;;;;;;;;;;;;;;;;;;;;;;;;;;;;;;;;;;;;;;;
;;;;;;;;;;;;;;;;;;;;;;;;;;;;;;;;;;;;;;;;;;;;;;;;;;;;;;;;;;;;;
;;;;;;;;;;;;;;;;;;;;;;;;;;;;;;;;;;;;;;;;;;;;;;;;;;;;;;;;;;;;;
;;;;;;;;;;;;;;;;;;;;;;;;;;;;;;;;;;;;;;;;;;;;;;;;;;;;;;;;;;;;;
;;;;;;;;;;;;;;;;;;;;;;;;;;;;;;;;;;;;;;;;;;;;;;;;;;;;;;;;;;;;;
;;;;;;;;;;;;;;;;;;;;;;;;;;;;;;;;;;;;;;;;;;;;;;;;;;;;;;;;;;;;;
;;;;;;;;;;;;;;;;;;;;;;;;;;;;;;;;;;;;;;;;;;;;;;;;;;;;;;;;;;;;;
;;;;;;;;;;;;;;;;;;;;;;;;;;;;;;;;;;;;;;;;;;;;;;;;;;;;;;;;;;;;;
;;;;;;;;;;;;;;;;;;;;;;;;;;;;;;;;;;;;;;;;;;;;;;;;;;;;;;;;;;;;;
;;;;;;;;;;;;;;;;;;;;;;;;;;;;;;;;;;;;;;;;;;;;;;;;;;;;;;;;;;;;;
;;;;;;;;;;;;;;;;;;;;;;;;;;;;;;;;;;;;;;;;;;;;;;;;;;;;;;;;;;;;;
;;;;;;;;;;;;;;;;;;;;;;;;;;;;;;;;;;;;;;;;;;;;;;;;;;;;;;;;;;;;;
;;;;;;;;;;;;;;;;;;;;;;;;;;;;;;;;;;;;;;;;;;;;;;;;;;;;;;;;;;;;;
;;;;;;;;;;;;;;;;;;;;;;;;;;;;;;;;;;;;;;;;;;;;;;;;;;;;;;;;;;;;;
;;;;;;;;;;;;;;;;;;;;;;;;;;;;;;;;;;;;;;;;;;;;;;;;;;;;;;;;;;;;;
;;;;;;;;;;;;;;;;;;;;;;;;;;;;;;;;;;;;;;;;;;;;;;;;;;;;;;;;;;;;;
;;;;;;;;;;;;;;;;;;;;;;;;;;;;;;;;;;;;;;;;;;;;;;;;;;;;;;;;;;;;;
;;;;;;;;;;;;;;;;;;;;;;;;;;;;;;;;;;;;;;;;;;;;;;;;;;;;;;;;;;;;;
;;;;;;;;;;;;;;;;;;;;;;;;;;;;;;;;;;;;;;;;;;;;;;;;;;;;;;;;;;;;;
;;;;;;;;;;;;;;;;;;;;;;;;;;;;;;;;;;;;;;;;;;;;;;;;;;;;;;;;;;;;;
;;;;;;;;;;;;;;;;;;;;;;;;;;;;;;;;;;;;;;;;;;;;;;;;;;;;;;;;;;;;;
;;;;;;;;;;;;;;;;;;;;;;;;;;;;;;;;;;;;;;;;;;;;;;;;;;;;;;;;;;;;;
;;;;;;;;;;;;;;;;;;;;;;;;;;;;;;;;;;;;;;;;;;;;;;;;;;;;;;;;;;;;;
;;;;;;;;;;;;;;;;;;;;;;;;;;;;;;;;;;;;;;;;;;;;;;;;;;;;;;;;;;;;;
;;;;;;;;;;;;;;;;;;;;;;;;;;;;;;;;;;;;;;;;;;;;;;;;;;;;;;;;;;;;;
;;;;;;;;;;;;;;;;;;;;;;;;;;;;;;;;;;;;;;;;;;;;;;;;;;;;;;;;;;;;;
;;;;;;;;;;;;;;;;;;;;;;;;;;;;;;;;;;;;;;;;;;;;;;;;;;;;;;;;;;;;;
;;;;;;;;;;;;;;;;;;;;;;;;;;;;;;;;;;;;;;;;;;;;;;;;;;;;;;;;;;;;;
;;;;;;;;;;;;;;;;;;;;;;;;;;;;;;;;;;;;;;;;;;;;;;;;;;;;;;;;;;;;;
;;;;;;;;;;;;;;;;;;;;;;;;;;;;;;;;;;;;;;;;;;;;;;;;;;;;;;;;;;;;;
;;;;;;;;;;;;;;;;;;;;;;;;;;;;;;;;;;;;;;;;;;;;;;;;;;;;;;;;;;;;;
;;;;;;;;;;;;;;;;;;;;;;;;;;;;;;;;;;;;;;;;;;;;;;;;;;;;;;;;;;;;;
;;;;;;;;;;;;;;;;;;;;;;;;;;;;;;;;;;;;;;;;;;;;;;;;;;;;;;;;;;;;;
;;;;;;;;;;;;;;;;;;;;;;;;;;;;;;;;;;;;;;;;;;;;;;;;;;;;;;;;;;;;;
;;;;;;;;;;;;;;;;;;;;;;;;;;;;;;;;;;;;;;;;;;;;;;;;;;;;;;;;;;;;;
;;;;;;;;;;;;;;;;;;;;;;;;;;;;;;;;;;;;;;;;;;;;;;;;;;;;;;;;;;;;;
;;;;;;;;;;;;;;;;;;;;;;;;;;;;;;;;;;;;;;;;;;;;;;;;;;;;;;;;;;;;;
;;;;;;;;;;;;;;;;;;;;;;;;;;;;;;;;;;;;;;;;;;;;;;;;;;;;;;;;;;;;;
;;;;;;;;;;;;;;;;;;;;;;;;;;;;;;;;;;;;;;;;;;;;;;;;;;;;;;;;;;;;;
;;;;;;;;;;;;;;;;;;;;;;;;;;;;;;;;;;;;;;;;;;;;;;;;;;;;;;;;;;;;;
;;;;;;;;;;;;;;;;;;;;;;;;;;;;;;;;;;;;;;;;;;;;;;;;;;;;;;;;;;;;;
;;;;;;;;;;;;;;;;;;;;;;;;;;;;;;;;;;;;;;;;;;;;;;;;;;;;;;;;;;;;;
;;;;;;;;;;;;;;;;;;;;;;;;;;;;;;;;;;;;;;;;;;;;;;;;;;;;;;;;;;;;;
;;;;;;;;;;;;;;;;;;;;;;;;;;;;;;;;;;;;;;;;;;;;;;;;;;;;;;;;;;;;;
;;;;;;;;;;;;;;;;;;;;;;;;;;;;;;;;;;;;;;;;;;;;;;;;;;;;;;;;;;;;;
;;;;;;;;;;;;;;;;;;;;;;;;;;;;;;;;;;;;;;;;;;;;;;;;;;;;;;;;;;;;;
;;;;;;;;;;;;;;;;;;;;;;;;;;;;;;;;;;;;;;;;;;;;;;;;;;;;;;;;;;;;;
;;;;;;;;;;;;;;;;;;;;;;;;;;;;;;;;;;;;;;;;;;;;;;;;;;;;;;;;;;;;;
;;;;;;;;;;;;;;;;;;;;;;;;;;;;;;;;;;;;;;;;;;;;;;;;;;;;;;;;;;;;;
;;;;;;;;;;;;;;;;;;;;;;;;;;;;;;;;;;;;;;;;;;;;;;;;;;;;;;;;;;;;;
;;;;;;;;;;;;;;;;;;;;;;;;;;;;;;;;;;;;;;;;;;;;;;;;;;;;;;;;;;;;;
;;;;;;;;;;;;;;;;;;;;;;;;;;;;;;;;;;;;;;;;;;;;;;;;;;;;;;;;;;;;;
;;;;;;;;;;;;;;;;;;;;;;;;;;;;;;;;;;;;;;;;;;;;;;;;;;;;;;;;;;;;;
;;;;;;;;;;;;;;;;;;;;;;;;;;;;;;;;;;;;;;;;;;;;;;;;;;;;;;;;;;;;;
;;;;;;;;;;;;;;;;;;;;;;;;;;;;;;;;;;;;;;;;;;;;;;;;;;;;;;;;;;;;;
;;;;;;;;;;;;;;;;;;;;;;;;;;;;;;;;;;;;;;;;;;;;;;;;;;;;;;;;;;;;;
;;;;;;;;;;;;;;;;;;;;;;;;;;;;;;;;;;;;;;;;;;;;;;;;;;;;;;;;;;;;;
;;;;;;;;;;;;;;;;;;;;;;;;;;;;;;;;;;;;;;;;;;;;;;;;;;;;;;;;;;;;;
;;;;;;;;;;;;;;;;;;;;;;;;;;;;;;;;;;;;;;;;;;;;;;;;;;;;;;;;;;;;;
;;;;;;;;;;;;;;;;;;;;;;;;;;;;;;;;;;;;;;;;;;;;;;;;;;;;;;;;;;;;;
;;;;;;;;;;;;;;;;;;;;;;;;;;;;;;;;;;;;;;;;;;;;;;;;;;;;;;;;;;;;;
;;;;;;;;;;;;;;;;;;;;;;;;;;;;;;;;;;;;;;;;;;;;;;;;;;;;;;;;;;;;;
;;;;;;;;;;;;;;;;;;;;;;;;;;;;;;;;;;;;;;;;;;;;;;;;;;;;;;;;;;;;;
;;;;;;;;;;;;;;;;;;;;;;;;;;;;;;;;;;;;;;;;;;;;;;;;;;;;;;;;;;;;;
;;;;;;;;;;;;;;;;;;;;;;;;;;;;;;;;;;;;;;;;;;;;;;;;;;;;;;;;;;;;;
;;;;;;;;;;;;;;;;;;;;;;;;;;;;;;;;;;;;;;;;;;;;;;;;;;;;;;;;;;;;;
;;;;;;;;;;;;;;;;;;;;;;;;;;;;;;;;;;;;;;;;;;;;;;;;;;;;;;;;;;;;;
;;;;;;;;;;;;;;;;;;;;;;;;;;;;;;;;;;;;;;;;;;;;;;;;;;;;;;;;;;;;;
;;;;;;;;;;;;;;;;;;;;;;;;;;;;;;;;;;;;;;;;;;;;;;;;;;;;;;;;;;;;;
;;;;;;;;;;;;;;;;;;;;;;;;;;;;;;;;;;;;;;;;;;;;;;;;;;;;;;;;;;;;;
;;;;;;;;;;;;;;;;;;;;;;;;;;;;;;;;;;;;;;;;;;;;;;;;;;;;;;;;;;;;;
;;;;;;;;;;;;;;;;;;;;;;;;;;;;;;;;;;;;;;;;;;;;;;;;;;;;;;;;;;;;;
;;;;;;;;;;;;;;;;;;;;;;;;;;;;;;;;;;;;;;;;;;;;;;;;;;;;;;;;;;;;;
;;;;;;;;;;;;;;;;;;;;;;;;;;;;;;;;;;;;;;;;;;;;;;;;;;;;;;;;;;;;;
;;;;;;;;;;;;;;;;;;;;;;;;;;;;;;;;;;;;;;;;;;;;;;;;;;;;;;;;;;;;;
;;;;;;;;;;;;;;;;;;;;;;;;;;;;;;;;;;;;;;;;;;;;;;;;;;;;;;;;;;;;;
;;;;;;;;;;;;;;;;;;;;;;;;;;;;;;;;;;;;;;;;;;;;;;;;;;;;;;;;;;;;;
;;;;;;;;;;;;;;;;;;;;;;;;;;;;;;;;;;;;;;;;;;;;;;;;;;;;;;;;;;;;;
;;;;;;;;;;;;;;;;;;;;;;;;;;;;;;;;;;;;;;;;;;;;;;;;;;;;;;;;;;;;;
;;;;;;;;;;;;;;;;;;;;;;;;;;;;;;;;;;;;;;;;;;;;;;;;;;;;;;;;;;;;;
;;;;;;;;;;;;;;;;;;;;;;;;;;;;;;;;;;;;;;;;;;;;;;;;;;;;;;;;;;;;;
;;;;;;;;;;;;;;;;;;;;;;;;;;;;;;;;;;;;;;;;;;;;;;;;;;;;;;;;;;;;;
;;;;;;;;;;;;;;;;;;;;;;;;;;;;;;;;;;;;;;;;;;;;;;;;;;;;;;;;;;;;;
;;;;;;;;;;;;;;;;;;;;;;;;;;;;;;;;;;;;;;;;;;;;;;;;;;;;;;;;;;;;;
;;;;;;;;;;;;;;;;;;;;;;;;;;;;;;;;;;;;;;;;;;;;;;;;;;;;;;;;;;;;;
;;;;;;;;;;;;;;;;;;;;;;;;;;;;;;;;;;;;;;;;;;;;;;;;;;;;;;;;;;;;;
;;;;;;;;;;;;;;;;;;;;;;;;;;;;;;;;;;;;;;;;;;;;;;;;;;;;;;;;;;;;;
;;;;;;;;;;;;;;;;;;;;;;;;;;;;;;;;;;;;;;;;;;;;;;;;;;;;;;;;;;;;;
;;;;;;;;;;;;;;;;;;;;;;;;;;;;;;;;;;;;;;;;;;;;;;;;;;;;;;;;;;;;;
;;;;;;;;;;;;;;;;;;;;;;;;;;;;;;;;;;;;;;;;;;;;;;;;;;;;;;;;;;;;;
;;;;;;;;;;;;;;;;;;;;;;;;;;;;;;;;;;;;;;;;;;;;;;;;;;;;;;;;;;;;;
;;;;;;;;;;;;;;;;;;;;;;;;;;;;;;;;;;;;;;;;;;;;;;;;;;;;;;;;;;;;;
;;;;;;;;;;;;;;;;;;;;;;;;;;;;;;;;;;;;;;;;;;;;;;;;;;;;;;;;;;;;;
;;;;;;;;;;;;;;;;;;;;;;;;;;;;;;;;;;;;;;;;;;;;;;;;;;;;;;;;;;;;;
;;;;;;;;;;;;;;;;;;;;;;;;;;;;;;;;;;;;;;;;;;;;;;;;;;;;;;;;;;;;;
;;;;;;;;;;;;;;;;;;;;;;;;;;;;;;;;;;;;;;;;;;;;;;;;;;;;;;;;;;;;;
;;;;;;;;;;;;;;;;;;;;;;;;;;;;;;;;;;;;;;;;;;;;;;;;;;;;;;;;;;;;;
;;;;;;;;;;;;;;;;;;;;;;;;;;;;;;;;;;;;;;;;;;;;;;;;;;;;;;;;;;;;;
;;;;;;;;;;;;;;;;;;;;;;;;;;;;;;;;;;;;;;;;;;;;;;;;;;;;;;;;;;;;;
;;;;;;;;;;;;;;;;;;;;;;;;;;;;;;;;;;;;;;;;;;;;;;;;;;;;;;;;;;;;;
;;;;;;;;;;;;;;;;;;;;;;;;;;;;;;;;;;;;;;;;;;;;;;;;;;;;;;;;;;;;;
;;;;;;;;;;;;;;;;;;;;;;;;;;;;;;;;;;;;;;;;;;;;;;;;;;;;;;;;;;;;;
;;;;;;;;;;;;;;;;;;;;;;;;;;;;;;;;;;;;;;;;;;;;;;;;;;;;;;;;;;;;;
;;;;;;;;;;;;;;;;;;;;;;;;;;;;;;;;;;;;;;;;;;;;;;;;;;;;;;;;;;;;;
;;;;;;;;;;;;;;;;;;;;;;;;;;;;;;;;;;;;;;;;;;;;;;;;;;;;;;;;;;;;;
;;;;;;;;;;;;;;;;;;;;;;;;;;;;;;;;;;;;;;;;;;;;;;;;;;;;;;;;;;;;;
;;;;;;;;;;;;;;;;;;;;;;;;;;;;;;;;;;;;;;;;;;;;;;;;;;;;;;;;;;;;;
;;;;;;;;;;;;;;;;;;;;;;;;;;;;;;;;;;;;;;;;;;;;;;;;;;;;;;;;;;;;;
;;;;;;;;;;;;;;;;;;;;;;;;;;;;;;;;;;;;;;;;;;;;;;;;;;;;;;;;;;;;;
;;;;;;;;;;;;;;;;;;;;;;;;;;;;;;;;;;;;;;;;;;;;;;;;;;;;;;;;;;;;;
;;;;;;;;;;;;;;;;;;;;;;;;;;;;;;;;;;;;;;;;;;;;;;;;;;;;;;;;;;;;;
;;;;;;;;;;;;;;;;;;;;;;;;;;;;;;;;;;;;;;;;;;;;;;;;;;;;;;;;;;;;;
;;;;;;;;;;;;;;;;;;;;;;;;;;;;;;;;;;;;;;;;;;;;;;;;;;;;;;;;;;;;;
;;;;;;;;;;;;;;;;;;;;;;;;;;;;;;;;;;;;;;;;;;;;;;;;;;;;;;;;;;;;;
;;;;;;;;;;;;;;;;;;;;;;;;;;;;;;;;;;;;;;;;;;;;;;;;;;;;;;;;;;;;;
;;;;;;;;;;;;;;;;;;;;;;;;;;;;;;;;;;;;;;;;;;;;;;;;;;;;;;;;;;;;;
;;;;;;;;;;;;;;;;;;;;;;;;;;;;;;;;;;;;;;;;;;;;;;;;;;;;;;;;;;;;;
;;;;;;;;;;;;;;;;;;;;;;;;;;;;;;;;;;;;;;;;;;;;;;;;;;;;;;;;;;;;;
;;;;;;;;;;;;;;;;;;;;;;;;;;;;;;;;;;;;;;;;;;;;;;;;;;;;;;;;;;;;;
;;;;;;;;;;;;;;;;;;;;;;;;;;;;;;;;;;;;;;;;;;;;;;;;;;;;;;;;;;;;;
;;;;;;;;;;;;;;;;;;;;;;;;;;;;;;;;;;;;;;;;;;;;;;;;;;;;;;;;;;;;;
;;;;;;;;;;;;;;;;;;;;;;;;;;;;;;;;;;;;;;;;;;;;;;;;;;;;;;;;;;;;;
;;;;;;;;;;;;;;;;;;;;;;;;;;;;;;;;;;;;;;;;;;;;;;;;;;;;;;;;;;;;;
;;;;;;;;;;;;;;;;;;;;;;;;;;;;;;;;;;;;;;;;;;;;;;;;;;;;;;;;;;;;;
;;;;;;;;;;;;;;;;;;;;;;;;;;;;;;;;;;;;;;;;;;;;;;;;;;;;;;;;;;;;;
;;;;;;;;;;;;;;;;;;;;;;;;;;;;;;;;;;;;;;;;;;;;;;;;;;;;;;;;;;;;;
;;;;;;;;;;;;;;;;;;;;;;;;;;;;;;;;;;;;;;;;;;;;;;;;;;;;;;;;;;;;;
;;;;;;;;;;;;;;;;;;;;;;;;;;;;;;;;;;;;;;;;;;;;;;;;;;;;;;;;;;;;;
;;;;;;;;;;;;;;;;;;;;;;;;;;;;;;;;;;;;;;;;;;;;;;;;;;;;;;;;;;;;;
;;;;;;;;;;;;;;;;;;;;;;;;;;;;;;;;;;;;;;;;;;;;;;;;;;;;;;;;;;;;;
;;;;;;;;;;;;;;;;;;;;;;;;;;;;;;;;;;;;;;;;;;;;;;;;;;;;;;;;;;;;;
;;;;;;;;;;;;;;;;;;;;;;;;;;;;;;;;;;;;;;;;;;;;;;;;;;;;;;;;;;;;;
;;;;;;;;;;;;;;;;;;;;;;;;;;;;;;;;;;;;;;;;;;;;;;;;;;;;;;;;;;;;;
;;;;;;;;;;;;;;;;;;;;;;;;;;;;;;;;;;;;;;;;;;;;;;;;;;;;;;;;;;;;;
;;;;;;;;;;;;;;;;;;;;;;;;;;;;;;;;;;;;;;;;;;;;;;;;;;;;;;;;;;;;;
;;;;;;;;;;;;;;;;;;;;;;;;;;;;;;;;;;;;;;;;;;;;;;;;;;;;;;;;;;;;;
;;;;;;;;;;;;;;;;;;;;;;;;;;;;;;;;;;;;;;;;;;;;;;;;;;;;;;;;;;;;;
;;;;;;;;;;;;;;;;;;;;;;;;;;;;;;;;;;;;;;;;;;;;;;;;;;;;;;;;;;;;;
;;;;;;;;;;;;;;;;;;;;;;;;;;;;;;;;;;;;;;;;;;;;;;;;;;;;;;;;;;;;;
;;;;;;;;;;;;;;;;;;;;;;;;;;;;;;;;;;;;;;;;;;;;;;;;;;;;;;;;;;;;;
;;;;;;;;;;;;;;;;;;;;;;;;;;;;;;;;;;;;;;;;;;;;;;;;;;;;;;;;;;;;;
;;;;;;;;;;;;;;;;;;;;;;;;;;;;;;;;;;;;;;;;;;;;;;;;;;;;;;;;;;;;;
;;;;;;;;;;;;;;;;;;;;;;;;;;;;;;;;;;;;;;;;;;;;;;;;;;;;;;;;;;;;;
;;;;;;;;;;;;;;;;;;;;;;;;;;;;;;;;;;;;;;;;;;;;;;;;;;;;;;;;;;;;;
;;;;;;;;;;;;;;;;;;;;;;;;;;;;;;;;;;;;;;;;;;;;;;;;;;;;;;;;;;;;;
;;;;;;;;;;;;;;;;;;;;;;;;;;;;;;;;;;;;;;;;;;;;;;;;;;;;;;;;;;;;;
;;;;;;;;;;;;;;;;;;;;;;;;;;;;;;;;;;;;;;;;;;;;;;;;;;;;;;;;;;;;;
;;;;;;;;;;;;;;;;;;;;;;;;;;;;;;;;;;;;;;;;;;;;;;;;;;;;;;;;;;;;;
;;;;;;;;;;;;;;;;;;;;;;;;;;;;;;;;;;;;;;;;;;;;;;;;;;;;;;;;;;;;;
;;;;;;;;;;;;;;;;;;;;;;;;;;;;;;;;;;;;;;;;;;;;;;;;;;;;;;;;;;;;;
;;;;;;;;;;;;;;;;;;;;;;;;;;;;;;;;;;;;;;;;;;;;;;;;;;;;;;;;;;;;;
;;;;;;;;;;;;;;;;;;;;;;;;;;;;;;;;;;;;;;;;;;;;;;;;;;;;;;;;;;;;;
;;;;;;;;;;;;;;;;;;;;;;;;;;;;;;;;;;;;;;;;;;;;;;;;;;;;;;;;;;;;;
;;;;;;;;;;;;;;;;;;;;;;;;;;;;;;;;;;;;;;;;;;;;;;;;;;;;;;;;;;;;;
;;;;;;;;;;;;;;;;;;;;;;;;;;;;;;;;;;;;;;;;;;;;;;;;;;;;;;;;;;;;;
;;;;;;;;;;;;;;;;;;;;;;;;;;;;;;;;;;;;;;;;;;;;;;;;;;;;;;;;;;;;;
;;;;;;;;;;;;;;;;;;;;;;;;;;;;;;;;;;;;;;;;;;;;;;;;;;;;;;;;;;;;;
;;;;;;;;;;;;;;;;;;;;;;;;;;;;;;;;;;;;;;;;;;;;;;;;;;;;;;;;;;;;;
;;;;;;;;;;;;;;;;;;;;;;;;;;;;;;;;;;;;;;;;;;;;;;;;;;;;;;;;;;;;;
;;;;;;;;;;;;;;;;;;;;;;;;;;;;;;;;;;;;;;;;;;;;;;;;;;;;;;;;;;;;;
;;;;;;;;;;;;;;;;;;;;;;;;;;;;;;;;;;;;;;;;;;;;;;;;;;;;;;;;;;;;;
;;;;;;;;;;;;;;;;;;;;;;;;;;;;;;;;;;;;;;;;;;;;;;;;;;;;;;;;;;;;;
;;;;;;;;;;;;;;;;;;;;;;;;;;;;;;;;;;;;;;;;;;;;;;;;;;;;;;;;;;;;;
;;;;;;;;;;;;;;;;;;;;;;;;;;;;;;;;;;;;;;;;;;;;;;;;;;;;;;;;;;;;;
;;;;;;;;;;;;;;;;;;;;;;;;;;;;;;;;;;;;;;;;;;;;;;;;;;;;;;;;;;;;;
;;;;;;;;;;;;;;;;;;;;;;;;;;;;;;;;;;;;;;;;;;;;;;;;;;;;;;;;;;;;;
;;;;;;;;;;;;;;;;;;;;;;;;;;;;;;;;;;;;;;;;;;;;;;;;;;;;;;;;;;;;;
;;;;;;;;;;;;;;;;;;;;;;;;;;;;;;;;;;;;;;;;;;;;;;;;;;;;;;;;;;;;;
;;;;;;;;;;;;;;;;;;;;;;;;;;;;;;;;;;;;;;;;;;;;;;;;;;;;;;;;;;;;;
;;;;;;;;;;;;;;;;;;;;;;;;;;;;;;;;;;;;;;;;;;;;;;;;;;;;;;;;;;;;;
;;;;;;;;;;;;;;;;;;;;;;;;;;;;;;;;;;;;;;;;;;;;;;;;;;;;;;;;;;;;;
